step,energy,ewmean,ewvar,pmove,locstd,mcmc_width
0,70288.875,70288.875,0.0,0.99018556,522652.03,0.0512406
1,97969.6,73056.945,6.896003e+07,0.989209,788338.4,0.0512406
2,74207.2,73171.97,6.2183108e+07,0.9825195,649957.5,0.0512406
3,77345.64,73589.336,5.753255e+07,0.9851074,521729.44,0.0512406
4,102278.03,76458.2,1.25853e+08,0.9734863,702482.25,0.0512406
5,74747.06,76287.086,1.1353122e+08,0.9655762,545365.75,0.05244741
6,78789.31,76537.31,1.0274159e+08,0.9713379,581828.56,0.05244741
7,75003.94,76383.98,9.267904e+07,0.96240234,537320.25,0.05244741
8,79157.19,76661.3,8.41033e+07,0.9489258,570733.8,0.05244741
9,76398.89,76635.055,7.569916e+07,0.95273435,569461.94,0.05244741
10,65419.617,75513.51,7.944999e+07,0.9321778,467556.97,0.053593066
11,100941.72,78056.33,1.2969843e+08,0.93681645,824766.6,0.053593066
12,80383.72,78289.07,1.1721609e+08,0.95634764,591093.25,0.053593066
13,68996.62,77359.83,1.13265944e+08,0.9480469,556242.7,0.053593066
14,81621.56,77786.0,1.0357396e+08,0.9425293,576201.75,0.053593066
15,88851.484,78892.55,1.0423661e+08,0.92695314,830862.44,0.05474946
16,68214.44,77824.734,1.0407493e+08,0.90126956,489478.03,0.05474946
17,74841.516,77526.414,9.44684e+07,0.92333984,636900.06,0.05474946
18,75120.83,77285.86,8.5542376e+07,0.90175784,494501.84,0.05474946
19,88145.734,78371.84,8.7602456e+07,0.9105957,744005.3,0.05474946
20,107823.34,81316.99,1.5690738e+08,0.8921387,767670.5,0.055833515
21,87492.59,81934.555,1.4464906e+08,0.89819336,684955.2,0.055833515
22,101789.45,83920.05,1.6566368e+08,0.88486326,769822.6,0.055833515
23,90201.48,84548.19,1.5264838e+08,0.8864746,654015.0,0.055833515
24,87601.64,84853.53,1.3822266e+08,0.8665527,716148.2,0.055833515
25,88885.12,85256.69,1.25863224e+08,0.8599609,679323.56,0.0568475
26,99775.086,86708.53,1.3224745e+08,0.85302734,842860.6,0.0568475
27,76913.39,85729.016,1.2765773e+08,0.851709,545251.3,0.0568475
28,100897.266,87245.84,1.3559878e+08,0.82802737,910046.25,0.0568475
29,89979.36,87519.195,1.227114e+08,0.8688965,654293.75,0.0568475
30,78758.75,86643.15,1.1734734e+08,0.8884766,483505.2,0.057962485
31,100804.03,88059.234,1.2366036e+08,0.842041,717615.25,0.057962485
32,75043.29,86757.64,1.26541656e+08,0.8611816,542648.56,0.057962485
33,57913.734,83873.25,1.8876486e+08,0.85976565,287867.8,0.057962485
34,87491.164,84235.04,1.7106642e+08,0.84472656,566715.9,0.057962485
35,81270.32,83938.57,1.5475083e+08,0.84780276,601046.56,0.058979284
36,92631.18,84807.83,1.4607627e+08,0.84638673,590819.8,0.058979284
37,63549.97,82682.04,1.7213933e+08,0.840625,497048.94,0.058979284
38,55792.445,79993.08,2.199999e+08,0.8305176,312758.1,0.058979284
39,63600.61,78353.83,2.2218408e+08,0.8486816,452128.4,0.058979284
40,65228.676,77041.31,2.1546994e+08,0.81875,512081.25,0.0599268
41,66632.555,76000.44,2.0367374e+08,0.79448247,514595.44,0.0599268
42,85988.59,76999.25,1.9228506e+08,0.829541,561150.5,0.0599268
43,88415.7,78140.9,1.8478672e+08,0.82255864,731934.4,0.0599268
44,94161.414,79742.95,1.8940717e+08,0.77475584,769177.44,0.0599268
45,67073.76,78476.03,1.8491221e+08,0.7729981,542787.3,0.060750403
46,84372.64,79065.695,1.6955029e+08,0.7918457,602741.9,0.060750403
47,99464.59,81105.586,1.900456e+08,0.78881836,740823.3,0.060750403
48,57569.89,78752.016,2.2089464e+08,0.80512697,329555.4,0.060750403
49,85069.18,79383.734,2.0239677e+08,0.7896484,656628.25,0.060750403
50,86403.67,80085.73,1.8659224e+08,0.78227544,621660.0,0.061613895
51,95343.82,81611.54,1.8888586e+08,0.7858887,630898.5,0.061613895
52,81100.83,81560.47,1.7002074e+08,0.773584,683813.4,0.061613895
53,76892.05,81093.625,1.5498014e+08,0.7667969,690672.7,0.061613895
54,78082.64,80792.52,1.4029808e+08,0.7518555,496880.8,0.061613895
55,99774.375,82690.71,1.5869624e+08,0.7506348,830131.0,0.062390886
56,74842.984,81905.94,1.4836942e+08,0.74960935,528488.75,0.062390886
57,70461.81,80761.52,1.453196e+08,0.75947267,521467.84,0.062390886
58,103057.21,82991.09,1.7552643e+08,0.7487305,726223.25,0.062390886
59,75331.805,82225.164,1.632536e+08,0.74140626,605721.75,0.062390886
60,82232.95,82225.945,1.4692824e+08,0.75517577,675247.56,0.06319201
61,64364.105,80439.76,1.6094949e+08,0.7434571,401326.97,0.06319201
62,80712.87,80467.07,1.4486125e+08,0.7256836,559533.4,0.06319201
63,98701.65,82290.53,1.6030011e+08,0.75336915,851504.25,0.06319201
64,63698.008,80431.28,1.7538147e+08,0.75395507,429504.1,0.06319201
65,60347.562,78422.91,1.9414534e+08,0.7339356,427674.03,0.063935496
66,79428.82,78523.5,1.7482187e+08,0.7215332,664139.94,0.063935496
67,61850.746,76856.23,1.8235794e+08,0.72382814,404847.53,0.063935496
68,94950.42,78665.65,1.9358813e+08,0.7087891,678725.9,0.063935496
69,82357.37,79034.82,1.754559e+08,0.7166504,703359.9,0.063935496
70,70103.27,78141.664,1.6508984e+08,0.7133789,587658.44,0.06462128
71,78490.49,78176.55,1.485918e+08,0.7003418,725791.4,0.06462128
72,82719.67,78630.86,1.3559022e+08,0.70942384,696152.25,0.06462128
73,77464.34,78514.21,1.2215367e+08,0.7126465,750179.2,0.06462128
74,94312.83,80094.07,1.3240196e+08,0.7216797,722905.75,0.06462128
75,81439.53,80228.62,1.1932468e+08,0.7161133,610620.25,0.06532334
76,81338.84,80339.64,1.07503144e+08,0.69379884,709519.44,0.06532334
77,112440.445,83549.72,1.8949437e+08,0.6856934,860868.2,0.06532334
78,96813.36,84876.086,1.863781e+08,0.6746582,763204.94,0.06532334
79,66001.195,82988.59,1.9980382e+08,0.67148435,460141.47,0.06532334
80,72688.875,81958.625,1.89371e+08,0.6759766,431637.8,0.065900646
81,110112.95,84774.055,2.4177386e+08,0.6377442,869864.5,0.065900646
82,74197.3,83716.375,2.2766458e+08,0.65004885,590402.94,0.065900646
83,55493.348,80894.07,2.7658662e+08,0.63374025,496287.25,0.065900646
84,58239.74,78628.64,2.9511766e+08,0.6158203,403383.97,0.065900646
85,78504.97,78616.27,2.6560728e+08,0.6448242,582498.0,0.06637958
86,90258.8,79780.52,2.5124589e+08,0.6456543,749290.3,0.06637958
87,91816.96,80984.164,2.3916011e+08,0.654541,749782.6,0.06637958
88,71247.59,80010.51,2.2377616e+08,0.64277345,675469.56,0.06637958
89,79894.22,79998.875,2.0139976e+08,0.6695801,624169.44,0.06637958
90,105334.41,82532.43,2.390298e+08,0.64931643,871229.44,0.06687701
91,65594.64,80838.65,2.4094678e+08,0.64887697,452847.44,0.06687701
92,69986.03,79753.39,2.2745224e+08,0.665918,488457.1,0.06687701
93,61570.074,77935.06,2.3446398e+08,0.6507324,499793.56,0.06687701
94,103511.664,80492.72,2.6989222e+08,0.6430176,795300.2,0.06687701
95,67721.73,79215.62,2.5758184e+08,0.65405273,456274.3,0.06739412
96,67138.516,78007.91,2.4495074e+08,0.65229493,491525.47,0.06739412
97,69897.75,77196.89,2.2637536e+08,0.6342285,496385.4,0.06739412
98,89258.63,78403.06,2.1683152e+08,0.64877933,719938.44,0.06739412
99,93731.31,79935.89,2.1629434e+08,0.69331056,826828.75,0.06739412
100,58691.64,77811.47,2.3528352e+08,0.6793457,341337.47,0.06800119
101,94168.33,79447.16,2.3583438e+08,0.6693848,861027.4,0.06800119
102,93603.25,80862.766,2.302865e+08,0.65581053,762495.0,0.06800119
103,77973.516,80573.84,2.0800915e+08,0.65664065,521601.66,0.06800119
104,75941.0,80110.56,1.8913992e+08,0.6449219,624261.1,0.06800119
105,82035.79,80303.086,1.7055952e+08,0.62060547,582693.44,0.0684125
106,97407.375,82013.516,1.7983368e+08,0.6262695,845336.6,0.0684125
107,50530.36,78865.2,2.5105731e+08,0.61435544,319858.75,0.0684125
108,74441.76,78422.86,2.2771259e+08,0.61801755,706690.9,0.0684125
109,83054.26,78886.0,2.0687182e+08,0.62260747,643182.2,0.0684125
110,86149.81,79612.38,1.9093331e+08,0.60791016,812157.0,0.06878261
111,86755.73,80326.72,1.7643243e+08,0.6053711,767362.4,0.06878261
112,82739.336,80567.984,1.5931306e+08,0.5991211,691701.7,0.06878261
113,52068.703,77718.055,2.1648054e+08,0.6019043,567909.4,0.06878261
114,93789.375,79325.19,2.1807835e+08,0.59882814,662257.5,0.06878261
115,75780.05,78970.67,1.9740163e+08,0.59033203,611397.06,0.06909398
116,80660.445,79139.65,1.7791845e+08,0.58393556,711258.1,0.06909398
117,44398.188,75665.5,2.6875382e+08,0.5827637,293693.97,0.06909398
118,75573.734,75656.32,2.4187918e+08,0.58403325,617859.94,0.06909398
119,56757.305,73766.42,2.4983683e+08,0.5854004,468364.2,0.06909398
120,79653.55,74355.13,2.2797238e+08,0.58808595,678527.4,0.06939896
121,103665.375,77286.16,2.8249325e+08,0.6225098,890143.9,0.06939896
122,64791.5,76036.69,2.682944e+08,0.62836915,615559.3,0.06939896
123,65814.6,75014.48,2.5086914e+08,0.61411136,630079.56,0.06939896
124,80483.67,75561.4,2.284743e+08,0.6237793,646270.8,0.06939896
125,85808.086,76586.07,2.1507638e+08,0.59472656,655981.56,0.06972844
126,84486.45,77376.11,1.9918618e+08,0.6029785,686931.2,0.06972844
127,71599.69,76798.47,1.822706e+08,0.607959,652313.1,0.06972844
128,63977.89,75516.414,1.7883658e+08,0.5822754,473309.38,0.06972844
129,49194.625,72884.234,2.233082e+08,0.57055664,292477.7,0.06972844
130,60489.78,71644.79,2.1480338e+08,0.57416993,482622.2,0.06998751
131,84042.5,72884.56,2.0715632e+08,0.5697754,761604.5,0.06998751
132,88234.81,74419.586,2.0764741e+08,0.5606934,806024.75,0.06998751
133,44237.355,71401.36,2.688697e+08,0.55302733,225211.34,0.06998751
134,65572.66,70818.49,2.4504035e+08,0.5493653,628168.5,0.06998751
135,61398.18,69876.46,2.2852312e+08,0.54741216,399554.3,0.07015363
136,70431.71,69931.984,2.0569854e+08,0.53774416,610091.25,0.07015363
137,60280.97,68966.88,1.9351147e+08,0.5350586,488405.0,0.07015363
138,70580.72,69128.266,1.7439472e+08,0.5300782,665810.5,0.07015363
139,93173.33,71532.77,2.089901e+08,0.51948243,748182.4,0.07015363
140,50103.97,69389.89,2.2941851e+08,0.51357424,391421.03,0.07020126
141,51609.27,67611.83,2.349302e+08,0.517041,342744.8,0.07020126
142,67453.28,67595.98,2.1143944e+08,0.5012207,574530.56,0.07020126
143,60023.11,66838.69,1.9545683e+08,0.4949707,526540.94,0.07020126
144,64856.9,66640.51,1.7626462e+08,0.49179688,567689.5,0.07020126
145,77015.33,67677.99,1.6832549e+08,0.48876953,655003.06,0.07016186
146,70702.91,67980.484,1.5231645e+08,0.48457032,715487.0,0.07016186
147,45745.03,65756.94,1.8158218e+08,0.4841797,257989.06,0.07016186
148,54237.08,64604.953,1.753676e+08,0.47802734,356358.44,0.07016186
149,69554.63,65099.92,1.6003578e+08,0.46884766,660654.75,0.07016186
150,55279.297,64117.86,1.5271221e+08,0.46904296,409358.9,0.07005334
151,52328.758,62938.95,1.4994944e+08,0.47231445,381731.34,0.07005334
152,45039.664,61149.02,1.6378909e+08,0.47138673,252971.56,0.07005334
153,72610.97,62295.215,1.5923405e+08,0.44331056,546236.44,0.07005334
154,63294.957,62395.188,1.4340059e+08,0.4720703,556489.44,0.07005334
155,96030.53,65758.72,2.3088082e+08,0.471875,962051.6,0.0699549
156,94615.37,68644.38,2.827363e+08,0.44887698,911830.06,0.0699549
157,58945.227,67674.47,2.6292928e+08,0.4314453,494025.88,0.0699549
158,89700.31,69877.055,2.8029875e+08,0.4466797,896819.44,0.0699549
159,51178.805,68007.23,2.8373507e+08,0.4368164,389932.28,0.0699549
160,82483.41,69454.84,2.7422192e+08,0.44082034,709021.1,0.069748215
161,61396.93,68649.055,2.5264341e+08,0.4324219,597011.56,0.069748215
162,64580.082,68242.16,2.2886915e+08,0.42714846,569625.2,0.069748215
163,49663.125,66384.25,2.3704848e+08,0.42568362,427885.62,0.069748215
164,61806.71,65926.5,2.1522947e+08,0.4134766,591499.2,0.069748215
165,63107.812,65644.63,1.9442157e+08,0.4102539,618924.5,0.06943594
166,48888.31,63969.0,2.002491e+08,0.3991211,374790.62,0.06943594
167,40006.617,61572.76,2.3190181e+08,0.39702147,277155.66,0.06943594
168,53833.414,60798.83,2.1410238e+08,0.39804688,477679.8,0.06943594
169,54414.145,60160.36,1.9636091e+08,0.3855957,468068.97,0.06943594
170,37120.867,57856.41,2.2449846e+08,0.38144532,317378.6,0.06902555
171,53319.188,57402.688,2.0390139e+08,0.38857424,383968.16,0.06902555
172,61708.62,57833.28,1.8517995e+08,0.37226564,510800.5,0.06902555
173,67751.78,58825.133,1.7551586e+08,0.37885743,661643.6,0.06902555
174,58840.188,58826.637,1.5796429e+08,0.3703125,488891.9,0.06902555
175,49445.85,57888.56,1.5008778e+08,0.3574707,462150.94,0.06853538
176,39278.797,56027.582,1.6624808e+08,0.35004884,353629.28,0.06853538
177,38320.0,54256.824,1.7784352e+08,0.34389648,335934.44,0.06853538
178,37605.125,52591.656,1.8501427e+08,0.348584,235394.78,0.06853538
179,67969.79,54129.47,1.8779667e+08,0.33964846,646470.7,0.06853538
180,64248.125,55141.336,1.7823186e+08,0.34360352,648022.3,0.06800153
181,54461.39,55073.34,1.6045029e+08,0.3541504,503382.34,0.06800153
182,40718.574,53637.863,1.629506e+08,0.34482422,314370.84,0.06800153
183,58430.35,54117.113,1.4872266e+08,0.34711915,471290.8,0.06800153
184,57379.59,54443.36,1.3480832e+08,0.34936523,560231.94,0.06800153
185,46419.793,53641.004,1.2712147e+08,0.34609377,492086.78,0.06748026
186,58843.258,54161.23,1.1684503e+08,0.34458008,534448.94,0.06748026
187,61368.684,54881.977,1.0983579e+08,0.35288087,600164.9,0.06748026
188,67152.66,56109.043,1.1240347e+08,0.3477539,560139.2,0.06748026
189,69112.93,57409.43,1.16382216e+08,0.3520996,655499.25,0.06748026
190,67426.625,58411.15,1.1377498e+08,0.33583987,594609.5,0.06692864
191,50635.344,57633.566,1.0783916e+08,0.32958984,468393.16,0.06692864
192,48609.043,56731.113,1.0438502e+08,0.32890624,445416.28,0.06692864
193,52281.47,56286.15,9.572846e+07,0.3293457,403402.53,0.06692864
194,41362.906,54793.824,1.06198904e+08,0.33706054,277012.75,0.06692864
195,58195.85,55134.027,9.662065e+07,0.3371094,559835.2,0.06638575
196,52110.855,54831.71,8.7781144e+07,0.33168948,555114.94,0.06638575
197,53486.98,54697.24,7.916578e+07,0.34003907,454947.12,0.06638575
198,58418.766,55069.39,7.249567e+07,0.34731445,484144.88,0.06638575
199,42761.387,53838.59,7.887993e+07,0.34404296,406881.84,0.06638575
200,48511.004,53305.832,7.3546424e+07,0.34453124,406963.3,0.06587171
201,76268.95,55602.145,1.13649224e+08,0.34052736,669488.0,0.06587171
202,58942.926,55936.223,1.0328877e+08,0.33320314,645196.94,0.06587171
203,61169.93,56459.594,9.542514e+07,0.34174806,494427.16,0.06587171
204,79642.375,58777.87,1.3425234e+08,0.32739258,799802.3,0.06587171
205,47415.72,57641.656,1.3244597e+08,0.31533206,518120.6,0.06526628
206,54794.465,57356.938,1.1993095e+08,0.31503907,476305.03,0.06526628
207,53139.438,56935.188,1.0953871e+08,0.3076172,523562.9,0.06526628
208,53072.336,56548.902,9.9927784e+07,0.30004883,621269.0,0.06526628
209,42226.96,55116.707,1.08395624e+08,0.29487306,312751.47,0.06526628
210,43702.09,53975.246,1.0928247e+08,0.2998535,419369.97,0.06461639
211,50068.113,53584.53,9.9728136e+07,0.31044924,476785.03,0.06461639
212,52864.016,53512.48,8.980204e+07,0.30371094,517395.94,0.06461639
213,65215.08,54682.742,9.314741e+07,0.30517578,667208.75,0.06461639
214,38002.758,53014.742,1.0887264e+08,0.29765624,339803.06,0.06461639
215,53160.125,53029.28,9.798727e+07,0.30976564,521848.0,0.06400469
216,36831.875,51409.54,1.1180058e+08,0.29902345,262701.62,0.06400469
217,43363.35,50604.92,1.0644722e+08,0.29125977,345373.97,0.06400469
218,49243.66,50468.797,9.596926e+07,0.2828125,480833.7,0.06400469
219,53437.844,50765.703,8.7165704e+07,0.28725588,551652.5,0.06400469
220,34353.176,49124.45,1.0269253e+08,0.28271484,329548.53,0.06331309
221,30726.043,47284.61,1.2288838e+08,0.2729004,184033.25,0.06331309
222,37155.6,46271.707,1.19833256e+08,0.2703125,233805.84,0.06331309
223,43880.133,46032.55,1.0836469e+08,0.26533204,386362.06,0.06331309
224,31637.734,44593.07,1.1617718e+08,0.27333987,294850.56,0.06331309
225,41536.02,44287.367,1.0540056e+08,0.2762207,348814.4,0.06260864
226,50265.797,44885.21,9.807725e+07,0.2806641,459462.3,0.06260864
227,47543.65,45151.055,8.8905576e+07,0.27504885,409069.53,0.06260864
228,34210.6,44057.008,9.078743e+07,0.26425782,237184.27,0.06260864
229,40764.52,43727.758,8.268433e+07,0.26186526,351952.75,0.06260864
230,45698.6,43924.844,7.476547e+07,0.25429687,438331.47,0.061844178
231,35327.93,43065.152,7.394055e+07,0.24746093,290844.12,0.061844178
232,37345.65,42493.203,6.949064e+07,0.25351563,297206.28,0.061844178
233,37375.91,41981.473,6.489838e+07,0.24370117,454004.88,0.061844178
234,28391.156,40622.44,7.503124e+07,0.24047852,218527.92,0.061844178
235,29550.422,39515.24,7.8561176e+07,0.2512207,202089.05,0.061079662
236,35920.824,39155.797,7.186784e+07,0.24189454,242097.12,0.061079662
237,42237.652,39463.984,6.553586e+07,0.24379882,442518.97,0.061079662
238,70514.234,42569.008,1.457529e+08,0.24467774,597016.9,0.061079662
239,48062.17,43118.324,1.3389334e+08,0.23417969,586727.75,0.061079662
240,59406.664,44747.156,1.4438192e+08,0.2331543,685934.9,0.06027013
241,32801.848,43552.625,1.4278586e+08,0.23173828,292218.12,0.06027013
242,56939.77,44891.34,1.4463667e+08,0.23134765,660409.5,0.06027013
243,48206.508,45222.855,1.31162136e+08,0.23837891,579337.75,0.06027013
244,39896.684,44690.24,1.2059905e+08,0.23178712,428147.47,0.06027013
245,44523.402,44673.555,1.0854165e+08,0.22397462,582340.5,0.05944403
246,33317.547,43537.953,1.0929378e+08,0.21914063,299655.72,0.05944403
247,49768.62,44161.02,1.018583e+08,0.22495118,483570.25,0.05944403
248,32787.39,43023.656,1.03314824e+08,0.22241211,296031.94,0.05944403
249,39289.812,42650.273,9.423808e+07,0.21933594,467886.72,0.05944403
250,22905.336,40675.78,1.19901896e+08,0.21904297,159415.16,0.05861481
251,33150.586,39923.26,1.1300827e+08,0.23393555,227038.84,0.05861481
252,32453.742,39176.31,1.0672888e+08,0.22041017,236857.95,0.05861481
253,53117.758,40570.453,1.1354875e+08,0.2223633,722569.06,0.05861481
254,42405.273,40753.934,1.0249686e+08,0.22138673,484076.56,0.05861481
255,31438.92,39822.434,1.00056424e+08,0.21445313,265365.62,0.057783883
256,24980.219,38338.21,1.09877e+08,0.21860352,168483.19,0.057783883
257,45640.594,39068.45,1.0368853e+08,0.21650392,462875.0,0.057783883
258,41716.367,39333.242,9.39507e+07,0.2157715,433347.88,0.057783883
259,44820.426,39881.96,8.726546e+07,0.21904297,497306.3,0.057783883
260,39767.906,39870.555,7.854008e+07,0.20576172,385684.22,0.05694
261,39461.516,39829.652,7.070113e+07,0.21000977,446333.6,0.05694
262,41063.586,39953.047,6.3768044e+07,0.2055664,475884.4,0.05694
263,42154.098,40173.152,5.7827256e+07,0.19609375,463710.75,0.05694
264,35498.098,39705.65,5.401158e+07,0.19873047,439180.97,0.05694
265,28478.484,38582.934,5.9954852e+07,0.19785157,207426.83,0.05608625
266,40252.266,38749.867,5.421017e+07,0.19873047,431405.62,0.05608625
267,50972.5,39972.13,6.2234496e+07,0.19262695,520651.88,0.05608625
268,33741.39,39349.055,5.950503e+07,0.19267578,247574.9,0.05608625
269,34063.03,38820.453,5.606931e+07,0.19458008,317503.22,0.05608625
270,36731.25,38611.53,5.085521e+07,0.18754883,377022.2,0.055216845
271,48116.312,39562.008,5.3900364e+07,0.19970703,438827.94,0.055216845
272,48571.35,40462.94,5.581547e+07,0.19492188,401763.3,0.055216845
273,43143.395,40730.99,5.088056e+07,0.18867189,470622.22,0.055216845
274,38915.117,40549.402,4.6089268e+07,0.1871582,520244.62,0.055216845
275,32450.896,39739.55,4.738306e+07,0.18828125,320497.28,0.05436291
276,28929.18,38658.516,5.3162524e+07,0.18447265,268903.75,0.05436291
277,28026.066,37595.27,5.802068e+07,0.18647462,260779.97,0.05436291
278,45782.918,38414.035,5.8251996e+07,0.18276367,462704.97,0.05436291
279,36337.39,38206.37,5.2814916e+07,0.17988282,324547.66,0.05436291
280,54967.164,39882.45,7.28166e+07,0.18032226,685133.5,0.053500894
281,42204.43,40114.65,6.6020184e+07,0.17749023,527311.3,0.053500894
282,44858.457,40589.03,6.1443504e+07,0.17407227,547029.3,0.053500894
283,43414.83,40871.61,5.6017812e+07,0.16899414,513978.75,0.053500894
284,56766.02,42461.05,7.3152936e+07,0.17182618,728610.06,0.053500894
285,39564.04,42171.35,6.659298e+07,0.16435547,489499.03,0.052610517
286,39875.246,41941.742,6.0408172e+07,0.16542968,410410.84,0.052610517
287,35248.35,41272.402,5.839949e+07,0.16020508,338548.97,0.052610517
288,47283.402,41873.504,5.5811428e+07,0.1631836,485855.88,0.052610517
289,44535.664,42139.72,5.086812e+07,0.1628418,547088.1,0.052610517
290,30183.406,40944.086,5.864711e+07,0.16206056,340903.62,0.051729027
291,32157.438,40065.42,5.9730868e+07,0.1625,273745.2,0.051729027
292,41219.44,40180.824,5.387764e+07,0.16665038,480013.1,0.051729027
293,30224.357,39185.176,5.741169e+07,0.17070313,312475.06,0.051729027
294,21843.383,37450.996,7.873691e+07,0.1709961,131607.66,0.051729027
295,30589.723,36764.867,7.510015e+07,0.16782227,229752.19,0.05087696
296,34491.758,36537.555,6.805517e+07,0.17202148,444582.34,0.05087696
297,31505.89,36034.387,6.352824e+07,0.1663086,312645.34,0.05087696
298,30283.652,35459.312,6.01518e+07,0.15976563,330603.44,0.05087696
299,30265.611,34939.94,5.6564324e+07,0.15898438,401311.12,0.05087696
300,40729.7,35518.918,5.3924804e+07,0.15410157,468757.56,0.050004613
301,24354.531,34402.48,5.9750244e+07,0.16000977,259964.73,0.050004613
302,43468.086,35309.04,6.117189e+07,0.16020508,471061.56,0.050004613
303,46913.305,36469.465,6.7174e+07,0.15507813,512781.7,0.050004613
304,49279.934,37750.51,7.522633e+07,0.14775391,621125.94,0.050004613
305,44286.137,38404.074,7.154799e+07,0.15620118,553802.9,0.04915238
306,31103.16,37673.984,6.91905e+07,0.16040039,401306.47,0.04915238
307,43673.445,38273.93,6.551086e+07,0.1559082,499598.34,0.04915238
308,19571.61,36403.7,9.043969e+07,0.15820312,151667.62,0.04915238
309,29184.406,35681.77,8.608635e+07,0.15019532,280564.22,0.04915238
310,62054.74,38319.066,1.4007574e+08,0.15356445,769335.94,0.048308305
311,22624.938,36749.652,1.4823568e+08,0.14960939,304651.8,0.048308305
312,26310.877,35705.773,1.4321923e+08,0.15214844,321721.75,0.048308305
313,32442.61,35379.457,1.29855656e+08,0.14584962,340718.78,0.048308305
314,27813.574,34622.867,1.2202193e+08,0.14799805,382651.16,0.048308305
315,27351.047,33895.684,1.1457887e+08,0.15146485,278631.12,0.04747374
316,20150.854,32521.201,1.20123816e+08,0.15053712,241920.16,0.04747374
317,28329.795,32102.06,1.0969254e+08,0.15424806,295161.3,0.04747374
318,17316.443,30623.498,1.1839859e+08,0.14814454,136040.34,0.04747374
319,35638.727,31125.021,1.08822456e+08,0.14013672,444832.66,0.04747374
320,21491.361,30161.656,1.0629288e+08,0.13583985,352989.12,0.046617158
321,22455.188,29391.01,1.01008664e+08,0.13666993,356034.75,0.046617158
322,27753.29,29227.238,9.114919e+07,0.13930663,326292.2,0.046617158
323,17655.145,28070.03,9.408647e+07,0.13291016,119053.65,0.046617158
324,20086.594,27271.686,9.0414e+07,0.13168946,230956.42,0.046617158
325,20457.02,26590.219,8.555217e+07,0.12866211,248345.19,0.04575961
326,18457.682,25776.965,8.2949384e+07,0.13046876,119090.86,0.04575961
327,21974.855,25396.754,7.595548e+07,0.1253418,206108.98,0.04575961
328,18610.207,24718.1,7.250508e+07,0.13022462,169769.08,0.04575961
329,37561.492,26002.44,8.010031e+07,0.12392578,601266.94,0.04575961
330,36954.59,27097.654,8.288574e+07,0.1222168,550561.5,0.044903364
331,29336.719,27321.56,7.5048376e+07,0.12783203,466917.44,0.044903364
332,29291.465,27518.55,6.789278e+07,0.1241211,332271.44,0.044903364
333,28130.299,27579.727,6.1137184e+07,0.12104493,348024.62,0.044903364
334,25973.945,27419.148,5.5255532e+07,0.12480469,364374.06,0.044903364
335,21367.016,26813.936,5.302653e+07,0.1194336,364754.25,0.044057
336,12934.413,25425.982,6.5061576e+07,0.13198242,115968.48,0.044057
337,21214.691,25004.854,6.0151564e+07,0.13188477,237251.52,0.044057
338,21452.639,24649.633,5.527205e+07,0.13056642,188375.88,0.044057
339,23214.46,24506.115,4.9930216e+07,0.12504883,354334.66,0.044057
340,29493.506,25004.854,4.717586e+07,0.12607422,448904.0,0.043240946
341,28929.668,25397.336,4.384465e+07,0.12768555,395017.9,0.043240946
342,21119.295,24969.531,4.110733e+07,0.12661132,171912.45,0.043240946
343,29367.684,25409.346,3.8737532e+07,0.12363282,309221.53,0.043240946
344,34774.062,26345.816,4.275659e+07,0.1184082,453932.0,0.043240946
345,27635.766,26474.81,3.863069e+07,0.11645508,401772.72,0.04241961
346,25126.11,26339.941,3.493133e+07,0.12612304,458682.2,0.04241961
347,35036.203,27209.568,3.824444e+07,0.12314454,551031.0,0.04241961
348,27469.562,27235.568,3.442608e+07,0.118945315,403533.9,0.04241961
349,16836.791,26195.691,4.071558e+07,0.117333986,170245.78,0.04241961
350,21984.562,25774.578,3.8240044e+07,0.11376953,313083.1,0.04160828
351,31269.662,26324.086,3.7133676e+07,0.12373047,463030.88,0.04160828
352,35259.117,27217.59,4.0605436e+07,0.12075196,556997.25,0.04160828
353,15700.407,26065.871,4.8482984e+07,0.11777344,139153.9,0.04160828
354,23529.64,25812.248,4.421361e+07,0.11757813,270578.0,0.04160828
355,11013.961,24332.42,5.950128e+07,0.11386719,71342.36,0.04081267
356,24125.488,24311.727,5.355501e+07,0.11381836,305954.44,0.04081267
357,14011.084,23281.662,5.7748796e+07,0.11040039,92278.52,0.04081267
358,15877.525,22541.248,5.6907828e+07,0.11196289,106324.33,0.04081267
359,20865.996,22373.723,5.1469628e+07,0.10625,173693.86,0.04081267
360,19077.777,22044.129,4.7300356e+07,0.10288086,229122.55,0.04001029
361,20141.2,21853.836,4.2896224e+07,0.10966797,217775.19,0.04001029
362,18835.307,21551.982,3.9426636e+07,0.10898438,201223.05,0.04001029
363,18973.852,21294.17,3.608218e+07,0.10576172,233933.3,0.04001029
364,28108.125,21975.566,3.665266e+07,0.10341797,462949.3,0.04001029
365,23863.156,22164.326,3.3308064e+07,0.103320315,334941.03,0.039224543
366,16449.203,21592.814,3.2916894e+07,0.106542975,139119.48,0.039224543
367,24520.719,21885.605,3.039674e+07,0.10527344,301712.72,0.039224543
368,31367.256,22833.77,3.5448216e+07,0.10732422,355559.9,0.039224543
369,28353.488,23385.742,3.464545e+07,0.106298834,389923.16,0.039224543
370,27793.576,23826.525,3.2929512e+07,0.10546875,496145.7,0.03845836
371,17523.562,23196.229,3.3212022e+07,0.1105957,195007.61,0.03845836
372,21266.717,23003.277,3.022589e+07,0.10800782,218265.78,0.03845836
373,25956.604,23298.61,2.7988292e+07,0.10566406,324533.72,0.03845836
374,17238.354,22692.584,2.8494866e+07,0.104199216,163359.31,0.03845836
375,17848.762,22208.201,2.7757014e+07,0.09814453,167690.12,0.037693337
376,15487.474,21536.129,2.9046448e+07,0.10615234,154866.84,0.037693337
377,13049.6455,20687.48,3.2623638e+07,0.10458984,119438.6,0.037693337
378,20266.89,20645.422,2.9377194e+07,0.10317383,341250.12,0.037693337
379,19797.117,20560.592,2.650424e+07,0.10058594,341424.9,0.037693337
380,9225.61,19427.094,3.5417176e+07,0.09853516,73498.15,0.036944255
381,8452.564,18329.64,4.271509e+07,0.1059082,41198.387,0.036944255
382,20915.734,18588.25,3.904549e+07,0.1046875,220623.08,0.036944255
383,14603.937,18189.818,3.6569668e+07,0.10043946,164856.62,0.036944255
384,15229.632,17893.799,3.3701344e+07,0.099414065,177687.97,0.036944255
385,24502.088,18554.627,3.426146e+07,0.09775391,318967.44,0.036208645
386,30296.945,19728.86,4.3244696e+07,0.10541992,409604.56,0.036208645
387,24534.768,20209.45,4.0998932e+07,0.09765625,285922.78,0.036208645
388,17525.383,19941.043,3.7547416e+07,0.095654294,282662.66,0.036208645
389,9562.701,18903.209,4.3486572e+07,0.099169925,64579.168,0.036208645
390,16249.483,18637.836,3.9771716e+07,0.0994629,135578.22,0.03549071
391,30420.164,19816.068,4.8288636e+07,0.10141602,443197.44,0.03549071
392,27864.262,20620.887,4.9289376e+07,0.096142575,421391.2,0.03549071
393,19223.09,20481.107,4.4536284e+07,0.09887695,246932.98,0.03549071
394,21044.2,20537.416,4.011119e+07,0.09970704,193934.19,0.03549071
395,30643.363,21548.012,4.5291788e+07,0.09697266,432415.62,0.03478268
396,21424.164,21535.627,4.0763988e+07,0.0984375,389258.94,0.03478268
397,16894.805,21071.545,3.862594e+07,0.101660155,204020.92,0.03478268
398,14401.277,20404.518,3.8767668e+07,0.095751956,145753.33,0.03478268
399,13341.434,19698.209,3.9380744e+07,0.09370117,153390.9,0.03478268
400,12489.148,18977.303,4.012002e+07,0.09741211,95037.875,0.034089528
401,12637.137,18343.285,3.9725812e+07,0.10102539,118242.36,0.034089528
402,12394.15,17748.371,3.893853e+07,0.09555665,93503.7,0.034089528
403,10277.541,17001.29,4.0067868e+07,0.09321289,74723.016,0.034089528
404,17081.896,17009.35,3.6061664e+07,0.09086914,424617.66,0.034089528
405,9862.784,16294.693,3.7052104e+07,0.091162115,73039.53,0.03339974
406,9950.269,15660.251,3.6969548e+07,0.0984375,73982.664,0.03339974
407,23517.232,16445.95,3.882849e+07,0.09838867,424892.9,0.03339974
408,17178.703,16519.225,3.499396e+07,0.09438477,207506.11,0.03339974
409,12756.088,16142.911,3.2769072e+07,0.09311524,76544.35,0.03339974
410,19793.02,16507.922,3.069126e+07,0.08779297,275996.8,0.03271841
411,26266.148,17483.744,3.6192204e+07,0.09277344,433745.97,0.03271841
412,26595.0,18394.87,4.0044332e+07,0.09487305,448813.75,0.03271841
413,12388.852,17794.268,3.92864e+07,0.09467773,80032.28,0.03271841
414,11317.064,17146.547,3.913363e+07,0.09257813,80822.57,0.03271841
415,13805.903,16812.482,3.622466e+07,0.090625,157035.6,0.03205551
416,12431.99,16374.434,3.4329176e+07,0.093896486,132597.3,0.03205551
417,18333.445,16570.334,3.1241652e+07,0.09379883,282996.0,0.03205551
418,18588.836,16772.184,2.8484178e+07,0.09291992,245302.12,0.03205551
419,17152.941,16810.26,2.5648808e+07,0.092480466,221237.5,0.03205551
420,19873.348,17116.568,2.3928352e+07,0.095751956,264619.25,0.0314141
421,16260.941,17031.006,2.1601406e+07,0.09833985,239168.75,0.0314141
422,17378.756,17065.781,1.945215e+07,0.09331055,170506.36,0.0314141
423,16878.195,17047.023,1.75101e+07,0.094091795,202497.39,0.0314141
424,17229.443,17065.266,1.5762085e+07,0.09433594,270093.44,0.0314141
425,13744.771,16733.217,1.5178188e+07,0.09208985,157238.27,0.030779878
426,8874.357,15947.331,1.921892e+07,0.09633789,55661.44,0.030779878
427,13500.285,15702.627,1.7835952e+07,0.095947266,138689.1,0.030779878
428,14837.604,15616.125,1.61197e+07,0.097802736,173492.86,0.030779878
429,11618.891,15216.401,1.5945739e+07,0.09326172,127782.2,0.030779878
430,15840.258,15278.787,1.4386193e+07,0.09414063,180964.27,0.030161558
431,18149.957,15565.904,1.3689499e+07,0.099804685,198702.1,0.030161558
432,13088.241,15318.138,1.2873042e+07,0.099414065,148118.53,0.030161558
433,8342.302,14620.554,1.5965344e+07,0.095703125,42842.684,0.030161558
434,11063.781,14264.877,1.5507367e+07,0.097558595,95083.625,0.030161558
435,9186.814,13757.07,1.6277434e+07,0.09726563,49562.82,0.029560274
436,15263.42,13907.705,1.4853908e+07,0.098730475,280388.78,0.029560274
437,18593.666,14376.301,1.5344758e+07,0.09580079,296611.12,0.029560274
438,18120.506,14750.722,1.5071998e+07,0.093408205,304770.97,0.029560274
439,8406.971,14116.347,1.7186684e+07,0.09394531,51334.336,0.029560274
440,13131.083,14017.82,1.5555382e+07,0.09125976,174571.7,0.028962282
441,7305.958,13346.634,1.8054262e+07,0.094580084,37434.2,0.028962282
442,8051.1074,12817.081,1.877267e+07,0.09692383,67353.29,0.028962282
443,9037.267,12439.1,1.8181232e+07,0.09799805,100194.33,0.028962282
444,18490.072,13044.197,1.9658394e+07,0.100097656,441023.34,0.028962282
445,18249.953,13564.772,2.0131546e+07,0.09477539,264236.22,0.028381374
446,18469.969,14055.292,2.0283876e+07,0.09785157,265453.4,0.028381374
447,27142.787,15364.041,3.3670916e+07,0.09868164,491686.53,0.028381374
448,21511.605,15978.798,3.370515e+07,0.10039063,446774.53,0.028381374
449,13752.629,15756.181,3.0780662e+07,0.09331055,188013.4,0.028381374
450,31305.36,17311.098,4.9462524e+07,0.09291992,539348.0,0.027809538
451,27043.291,18284.316,5.3040676e+07,0.100292966,450900.56,0.027809538
452,17753.78,18231.262,4.776194e+07,0.09785156,277934.1,0.027809538
453,15796.045,17987.74,4.351947e+07,0.09604493,190755.31,0.027809538
454,18409.373,18029.904,3.9183524e+07,0.096142575,225363.05,0.027809538
455,15340.814,17760.996,3.591598e+07,0.09335938,195567.6,0.027249822
456,17898.287,17774.725,3.2326076e+07,0.09926758,226224.56,0.027249822
457,12359.567,17233.209,3.173262e+07,0.099121094,118355.64,0.027249822
458,18204.588,17330.348,2.864428e+07,0.09453125,294778.5,0.027249822
459,14657.848,17063.098,2.6422654e+07,0.09492187,130944.56,0.027249822
460,12715.109,16628.299,2.5481838e+07,0.093896486,151369.7,0.026702087
461,18341.727,16799.64,2.319788e+07,0.10209961,317517.38,0.026702087
462,18694.547,16989.13,2.120125e+07,0.09433594,319325.44,0.026702087
463,12401.085,16530.326,2.0975638e+07,0.09873047,152806.12,0.026702087
464,16610.508,16538.344,1.8878652e+07,0.10161133,233532.72,0.026702087
465,16471.033,16531.613,1.6991194e+07,0.10253906,248972.34,0.026176674
466,20384.648,16916.916,1.6628203e+07,0.10820313,448830.47,0.026176674
467,7684.697,15993.694,2.2636428e+07,0.107666016,34796.992,0.026176674
468,10438.217,15438.146,2.3150486e+07,0.10600586,96433.82,0.026176674
469,21155.438,16009.876,2.3777304e+07,0.109521486,300471.4,0.026176674
470,12343.865,15643.275,2.260914e+07,0.10634766,131407.44,0.025666483
471,16174.572,15696.405,2.037363e+07,0.11142579,241382.1,0.025666483
472,17695.035,15896.269,1.8695774e+07,0.107226565,389329.84,0.025666483
473,13893.992,15696.041,1.7187016e+07,0.11230469,279840.84,0.025666483
474,7294.6084,14855.897,2.1820882e+07,0.1100586,29022.664,0.025666483
475,22914.887,15661.797,2.548405e+07,0.10571289,408568.44,0.02516544
476,8743.117,14969.929,2.7243776e+07,0.11328125,60142.48,0.02516544
477,13404.834,14813.419,2.4739854e+07,0.107177734,229159.3,0.02516544
478,32545.057,16586.582,5.0562852e+07,0.10869141,515437.16,0.02516544
479,25234.027,17451.326,5.2236616e+07,0.10639648,459371.25,0.02516544
480,15754.254,17281.62,4.7272156e+07,0.107226565,269504.1,0.024676044
481,14520.379,17005.496,4.323114e+07,0.110888675,243990.17,0.024676044
482,11431.492,16448.096,4.170428e+07,0.11000977,99475.18,0.024676044
483,8300.887,15633.375,4.350778e+07,0.110205084,40565.582,0.024676044
484,8324.24,14902.462,4.396511e+07,0.11196289,73226.516,0.024676044
485,8579.783,14270.194,4.3166464e+07,0.11420898,53575.047,0.024204616
486,18096.234,14652.799,4.0167292e+07,0.1203125,302956.8,0.024204616
487,14429.2295,14630.441,3.615506e+07,0.11987305,159918.2,0.024204616
488,8930.722,14060.47,3.5463364e+07,0.11425781,49636.117,0.024204616
489,10493.048,13703.728,3.306241e+07,0.11586914,77876.05,0.024204616
490,14676.697,13801.024,2.984137e+07,0.11606445,160996.84,0.023744397
491,7786.0234,13199.524,3.0113454e+07,0.12485352,36934.438,0.023744397
492,13784.979,13258.07,2.7132956e+07,0.12270509,196833.2,0.023744397
493,14525.77,13384.84,2.4564296e+07,0.12041016,204675.31,0.023744397
494,21587.328,14205.089,2.816314e+07,0.1227539,395068.47,0.023744397
495,19610.145,14745.595,2.7976142e+07,0.11835938,365695.12,0.023295602
496,10018.5625,14272.892,2.7189562e+07,0.12841797,68473.88,0.023295602
497,8921.982,13737.801,2.7047504e+07,0.12158203,68405.77,0.023295602
498,12442.797,13608.301,2.4493686e+07,0.1234375,148427.83,0.023295602
499,10990.568,13346.527,2.2661044e+07,0.12548828,104999.26,0.023295602
500,11935.849,13205.459,2.057404e+07,0.12480469,114005.29,0.022862656
501,19285.746,13813.487,2.1843926e+07,0.13081056,368387.28,0.022862656
502,10326.391,13464.777,2.0753918e+07,0.13041992,99677.92,0.022862656
503,7487.6675,12867.066,2.1893852e+07,0.13203126,41782.906,0.022862656
504,7435.212,12323.881,2.235992e+07,0.12788086,42940.03,0.022862656
505,16850.9,12776.583,2.1968378e+07,0.12539062,275485.1,0.022438416
506,7704.812,12269.406,2.2086598e+07,0.13618165,51662.363,0.022438416
507,15167.626,12559.229,2.0633908e+07,0.13706055,323182.2,0.022438416
508,14296.492,12732.955,1.8842144e+07,0.14252931,317156.22,0.022438416
509,11446.103,12604.27,1.7106968e+07,0.14086914,194487.66,0.022438416
510,11283.784,12472.221,1.5553202e+07,0.14194337,192833.56,0.022040278
511,9082.411,12133.24,1.5032054e+07,0.15014648,75167.84,0.022040278
512,13231.555,12243.071,1.3637414e+07,0.14199218,151380.75,0.022040278
513,10243.361,12043.101,1.2633568e+07,0.14125977,97334.78,0.022040278
514,11987.598,12037.551,1.1370488e+07,0.13471681,102721.31,0.022040278
515,19229.285,12756.725,1.4888332e+07,0.13798828,347994.62,0.021644926
516,29225.262,14403.578,3.7808644e+07,0.14418945,505038.22,0.021644926
517,20519.387,15015.159,3.739406e+07,0.13930663,386483.3,0.021644926
518,18534.057,15367.049,3.4769092e+07,0.13632813,291584.16,0.021644926
519,13401.801,15170.524,3.163978e+07,0.1352539,119138.2,0.021644926
520,10074.623,14660.935,3.081294e+07,0.13833007,98181.516,0.021257026
521,10389.721,14233.813,2.9373538e+07,0.14135742,142416.77,0.021257026
522,7106.1616,13521.048,3.1008492e+07,0.14956054,24700.28,0.021257026
523,20888.41,14257.784,3.2792666e+07,0.14941406,387666.6,0.021257026
524,22930.771,15125.083,3.628326e+07,0.1529297,460589.2,0.021257026
525,13541.953,14966.77,3.2880502e+07,0.14697266,163072.7,0.020885104
526,12859.441,14756.037,2.9992126e+07,0.14936525,235314.56,0.020885104
527,12403.798,14520.813,2.7490884e+07,0.15097657,127652.305,0.020885104
528,19722.238,15040.956,2.7176728e+07,0.14814454,328421.22,0.020885104
529,15887.983,15125.659,2.4523626e+07,0.14458008,272049.7,0.020885104
530,16799.777,15293.071,2.2323504e+07,0.14863282,296884.5,0.020521391
531,17789.338,15542.698,2.0651974e+07,0.15219727,291521.2,0.020521391
532,18458.432,15834.271,1.9351912e+07,0.15444335,367305.97,0.020521391
533,21202.322,16371.076,2.0010156e+07,0.1541504,402129.6,0.020521391
534,15336.75,16267.644,1.8105426e+07,0.15131836,236261.88,0.020521391
535,14992.572,16140.137,1.6441205e+07,0.14775391,166197.6,0.02016313
536,13928.967,15919.02,1.5237118e+07,0.15273437,230516.23,0.02016313
537,15319.832,15859.101,1.3745719e+07,0.1493164,252747.14,0.02016313
538,7089.5293,14982.144,1.9292632e+07,0.1466797,29483.139,0.02016313
539,22047.496,15688.679,2.1856096e+07,0.14868164,388942.12,0.02016313
540,8457.065,14965.518,2.4377148e+07,0.15136719,64290.145,0.019814696
541,8223.936,14291.359,2.6029836e+07,0.15532227,61127.805,0.019814696
542,13100.322,14172.256,2.3554522e+07,0.15961915,179110.95,0.019814696
543,6856.269,13440.657,2.6016198e+07,0.16557617,24425.777,0.019814696
544,7324.6963,12829.062,2.6781026e+07,0.16416016,37765.32,0.019814696
545,11563.06,12702.461,2.4247172e+07,0.16757813,172812.11,0.019488074
546,17352.523,13167.467,2.3768532e+07,0.16533203,360120.53,0.019488074
547,25827.125,14433.433,3.5815704e+07,0.16840822,434730.3,0.019488074
548,9587.113,13948.801,3.4347944e+07,0.16821289,88193.73,0.019488074
549,15183.42,14072.263,3.1050334e+07,0.16235352,266165.47,0.019488074
550,25626.47,15227.684,3.996027e+07,0.16445312,480335.38,0.019163845
551,18989.277,15603.843,3.7237708e+07,0.17133789,426267.4,0.019163845
552,16839.822,15727.44,3.3651424e+07,0.16547851,422387.78,0.019163845
553,12958.67,15450.563,3.0976228e+07,0.16484375,175542.36,0.019163845
554,8843.248,14789.832,3.1807698e+07,0.1647461,67820.65,0.019163845
555,16188.598,14929.709,2.8803016e+07,0.17045899,284295.94,0.018850667
556,15278.465,14964.585,2.5933662e+07,0.1688965,263947.8,0.018850667
557,9711.09,14439.235,2.5824224e+07,0.16572267,87187.23,0.018850667
558,14318.645,14427.176,2.324311e+07,0.17182618,176895.22,0.018850667
559,9489.715,13933.43,2.3112866e+07,0.1763672,64921.492,0.018850667
560,10584.474,13598.534,2.1810974e+07,0.16469726,97026.38,0.01853727
561,7253.7134,12964.052,2.3252984e+07,0.17749023,35526.234,0.01853727
562,7506.6123,12418.308,2.3608212e+07,0.17890626,29808.918,0.01853727
563,8131.363,11989.613,2.2901402e+07,0.17905274,39123.97,0.01853727
564,8730.987,11663.751,2.1566938e+07,0.1753418,70376.43,0.01853727
565,8070.129,11304.389,2.0572514e+07,0.18120117,42558.594,0.018244127
566,13926.984,11566.648,1.9134282e+07,0.18500978,182023.2,0.018244127
567,9907.826,11400.767,1.7468506e+07,0.1817871,115738.16,0.018244127
568,11176.211,11378.311,1.5726193e+07,0.1845215,123024.414,0.018244127
569,11329.952,11373.475,1.4153784e+07,0.17929688,104122.53,0.018244127
570,18740.236,12110.15,1.7622632e+07,0.1841797,290894.72,0.0179583
571,16866.266,12585.762,1.7896226e+07,0.17529297,273339.4,0.0179583
572,12731.543,12600.34,1.6108516e+07,0.17695314,100401.89,0.0179583
573,12689.086,12609.215,1.4498373e+07,0.1805664,138996.33,0.0179583
574,38489.56,15197.249,7.332983e+07,0.17436524,738688.0,0.0179583
575,14807.219,15158.246,6.601054e+07,0.17539063,261295.53,0.017669177
576,11866.025,14829.024,6.038497e+07,0.17788085,134784.53,0.017669177
577,15798.389,14925.961,5.443104e+07,0.17104492,172591.77,0.017669177
578,11137.588,14547.124,5.027959e+07,0.17143555,142825.45,0.017669177
579,11459.438,14238.355,4.610967e+07,0.17856446,112450.4,0.017669177
580,14337.877,14248.308,4.1499596e+07,0.18266602,215508.7,0.017391039
581,19344.3,14757.907,3.968686e+07,0.17802735,357961.38,0.017391039
582,8418.967,14124.014,3.933457e+07,0.18173829,68269.555,0.017391039
583,9234.59,13635.071,3.7552692e+07,0.1845215,99133.18,0.017391039
584,18748.307,14146.395,3.615049e+07,0.1809082,418845.75,0.017391039
585,24646.477,15196.402,4.2458092e+07,0.17416993,530669.8,0.017110005
586,16525.059,15329.268,3.837116e+07,0.17607422,254735.88,0.017110005
587,16368.057,15433.146,3.463116e+07,0.18037109,214589.97,0.017110005
588,15852.919,15475.124,3.1183902e+07,0.17807618,185802.53,0.017110005
589,22663.674,16193.979,3.2716284e+07,0.17753907,379848.53,0.017110005
590,18367.332,16411.314,2.9869766e+07,0.17426759,279262.62,0.016833594
591,19026.742,16672.857,2.749843e+07,0.1810547,434998.1,0.016833594
592,6818.443,15687.416,3.3488438e+07,0.18183595,17589.383,0.016833594
593,8665.055,14985.18,3.4577812e+07,0.1883789,55348.598,0.016833594
594,8084.1533,14295.077,3.5406204e+07,0.18818359,35831.605,0.016833594
595,10925.715,13958.141,3.2887316e+07,0.19130859,127001.15,0.016575767
596,7191.91,13281.518,3.371895e+07,0.19306642,22924.91,0.016575767
597,10981.939,13051.56,3.082298e+07,0.19624023,157000.69,0.016575767
598,21424.96,13888.899,3.405093e+07,0.19423828,376390.53,0.016575767
599,12078.359,13707.846,3.0940858e+07,0.19765624,164525.92,0.016575767
600,12221.431,13559.204,2.804562e+07,0.19545898,127396.56,0.016325284
601,11849.791,13388.263,2.5504046e+07,0.20263672,139936.83,0.016325284
602,15727.264,13622.163,2.3446024e+07,0.20595703,219243.02,0.016325284
603,9890.5,13248.997,2.23547e+07,0.20678711,85325.68,0.016325284
604,12826.561,13206.754,2.013529e+07,0.20307618,146312.67,0.016325284
605,10380.617,12924.141,1.8840594e+07,0.2025879,89981.055,0.016084312
606,11550.227,12786.749,1.7126422e+07,0.20664063,127024.52,0.016084312
607,14895.008,12997.575,1.5813808e+07,0.19936523,169847.72,0.016084312
608,12602.713,12958.089,1.424646e+07,0.20229493,128249.12,0.016084312
609,12056.031,12867.883,1.2895048e+07,0.20063478,100658.35,0.016084312
610,14022.721,12983.366,1.1725571e+07,0.19516602,213622.12,0.015841018
611,11027.947,12787.824,1.0897143e+07,0.20463867,113202.875,0.015841018
612,12743.119,12783.354,9.807608e+06,0.20874023,203465.48,0.015841018
613,21171.672,13622.186,1.5159596e+07,0.20244141,324359.72,0.015841018
614,13896.605,13649.628,1.3650414e+07,0.20253907,209065.84,0.015841018
615,10893.458,13374.011,1.2969055e+07,0.20009767,154353.73,0.015605254
616,12069.992,13243.609,1.1825191e+07,0.20483398,171083.66,0.015605254
617,11217.148,13040.963,1.101226e+07,0.20688477,182407.14,0.015605254
618,7394.589,12476.325,1.2780372e+07,0.20615235,30192.059,0.015605254
619,8078.316,12036.524,1.3243159e+07,0.21220703,50716.336,0.015605254
620,11588.115,11991.684,1.1936939e+07,0.20996094,215696.89,0.015380578
621,9037.865,11696.302,1.1528498e+07,0.20610352,105642.164,0.015380578
622,7603.1504,11286.986,1.1883498e+07,0.21367188,43288.566,0.015380578
623,6431.143,10801.402,1.2817277e+07,0.21806641,14557.028,0.015380578
624,6289.536,10350.216,1.3367674e+07,0.21953125,13313.023,0.015380578
625,7853.4297,10100.537,1.2591961e+07,0.2241211,75568.89,0.015169877
626,6453.3994,9735.823,1.2529909e+07,0.23144531,16801.213,0.015169877
627,8364.906,9598.731,1.1446065e+07,0.2298828,59403.125,0.015169877
628,8451.83,9484.041,1.0419842e+07,0.23330078,89226.3,0.015169877
629,7509.1284,9286.55,9.728883e+06,0.2352539,36491.37,0.015169877
630,10805.847,9438.4795,8.963738e+06,0.23710938,161239.53,0.014971781
631,17142.053,10208.837,1.3408417e+07,0.23520508,364845.9,0.014971781
632,7078.432,9895.797,1.2949524e+07,0.24086913,47514.93,0.014971781
633,6541.2554,9560.343,1.2667337e+07,0.24194336,27468.73,0.014971781
634,6763.118,9280.62,1.2104805e+07,0.23896484,24511.592,0.014971781
635,15041.604,9856.719,1.3881328e+07,0.24155274,402341.9,0.014779556
636,6102.4385,9481.291,1.3761711e+07,0.24921876,18586.582,0.014779556
637,7474.6113,9280.623,1.2747948e+07,0.26420897,37539.223,0.014779556
638,10220.443,9374.605,1.1552646e+07,0.25561523,112210.68,0.014779556
639,8237.589,9260.904,1.0513734e+07,0.25185546,52096.85,0.014779556
640,7494.87,9084.301,9.74306e+06,0.2505371,57593.24,0.014596353
641,9773.274,9153.198,8.811475e+06,0.26191407,83179.05,0.014596353
642,9235.945,9161.473,7.930944e+06,0.2536621,76083.06,0.014596353
643,10807.709,9326.097,7.381758e+06,0.24599609,87828.05,0.014596353
644,17837.492,10177.236,1.3163529e+07,0.24555665,358809.94,0.014596353
645,16209.723,10780.485,1.5122356e+07,0.2416504,229851.05,0.014409018
646,9262.561,10628.693,1.3817489e+07,0.24458008,69404.84,0.014409018
647,10869.318,10652.756,1.2440951e+07,0.24238281,113283.94,0.014409018
648,8144.113,10401.892,1.1763252e+07,0.24169922,43084.883,0.014409018
649,8261.967,10187.899,1.0999062e+07,0.2456543,59004.7,0.014409018
650,13580.053,10527.115,1.0934759e+07,0.25351563,207455.58,0.014232526
651,7702.8936,10244.693,1.0559144e+07,0.25473633,43545.906,0.014232526
652,7759.485,9996.173,1.0059093e+07,0.25126955,35441.152,0.014232526
653,13686.41,10365.196,1.027879e+07,0.25063476,182242.52,0.014232526
654,9980.105,10326.6875,9.264257e+06,0.24492188,118659.25,0.014232526
655,6498.1123,9943.83,9.65705e+06,0.25283203,17540.623,0.01405772
656,12229.44,10172.391,9.161506e+06,0.26137695,206068.75,0.01405772
657,6721.941,9827.346,9.316859e+06,0.25668946,21173.709,0.01405772
658,11382.225,9982.834,8.602761e+06,0.2557129,165441.66,0.01405772
659,10946.471,10079.197,7.8260585e+06,0.24882813,158093.97,0.01405772
660,9552.621,10026.54,7.0684075e+06,0.25874025,81803.76,0.013889161
661,16509.766,10674.862,1.0144466e+07,0.25283203,328054.53,0.013889161
662,15784.798,11185.855,1.1480049e+07,0.2479004,332093.88,0.013889161
663,10621.678,11129.4375,1.0360691e+07,0.24892579,144731.8,0.013889161
664,6936.535,10710.147,1.090686e+07,0.25468752,33470.43,0.013889161
665,9079.99,10547.132,1.0055341e+07,0.25708008,91223.766,0.013721483
666,12007.835,10693.202,9.241835e+06,0.26489258,216692.58,0.013721483
667,6602.9805,10284.18,9.823343e+06,0.26450196,25272.64,0.013721483
668,8520.941,10107.855,9.120819e+06,0.26601565,86563.67,0.013721483
669,10699.387,10167.009,8.240229e+06,0.26865235,100689.484,0.013721483
670,11484.713,10298.779,7.5724765e+06,0.2729004,117824.58,0.013566558
671,18065.822,11075.483,1.2244654e+07,0.27968752,403905.44,0.013566558
672,6405.3477,10608.47,1.2983104e+07,0.27441406,15604.315,0.013566558
673,12871.405,10834.764,1.2145672e+07,0.28339845,158662.2,0.013566558
674,16019.84,11353.271,1.3350756e+07,0.2770508,286139.66,0.013566558
675,16310.223,11848.967,1.4227102e+07,0.28076172,292041.7,0.013418653
676,8501.5,11514.22,1.3812889e+07,0.27734375,59701.57,0.013418653
677,8334.379,11196.235,1.3341625e+07,0.27944338,67490.68,0.013418653
678,7877.039,10864.315,1.2998998e+07,0.28237307,47938.78,0.013418653
679,7448.229,10522.707,1.2749366e+07,0.27617186,37777.582,0.013418653
680,7773.9834,10247.835,1.2154422e+07,0.28212893,50125.91,0.013273273
681,11766.77,10399.729,1.1146624e+07,0.28515625,139228.11,0.013273273
682,11261.676,10485.923,1.0098827e+07,0.28022462,182108.83,0.013273273
683,10605.847,10497.915,9.090238e+06,0.2854492,153301.52,0.013273273
684,8271.668,10275.29,8.62727e+06,0.28120118,58990.902,0.013273273
685,13398.051,10587.566,8.64219e+06,0.28740233,222208.28,0.01313293
686,7145.259,10243.336,8.844424e+06,0.2915039,34436.836,0.01313293
687,7653.422,9984.345,8.563671e+06,0.290918,72309.68,0.01313293
688,11944.387,10180.349,8.053062e+06,0.29418945,223583.05,0.01313293
689,13376.049,10499.919,8.1668805e+06,0.2951172,225275.31,0.01313293
690,12019.837,10651.911,7.558106e+06,0.29169923,267028.84,0.012996858
691,11471.807,10733.9,6.862796e+06,0.2992676,171303.72,0.012996858
692,10393.648,10699.875,6.1869355e+06,0.30141604,96072.43,0.012996858
693,12009.451,10830.833,5.722591e+06,0.29609376,127503.22,0.012996858
694,7708.16,10518.565,6.0279295e+06,0.29624024,57797.582,0.012996858
695,9600.277,10426.736,5.5010295e+06,0.29291993,137695.36,0.012862983
696,7451.918,10129.255,5.7473855e+06,0.30249023,41673.836,0.012862983
697,6472.1323,9763.543,6.376356e+06,0.307959,19614.38,0.012862983
698,10976.402,9884.829,5.871113e+06,0.3013672,162168.44,0.012862983
699,18423.889,10738.735,1.1846399e+07,0.2998047,324667.06,0.012862983
700,17331.398,11398.002,1.4573448e+07,0.29589844,237545.45,0.01273238
701,20441.05,12302.307,2.0476008e+07,0.29936522,373771.9,0.01273238
702,9891.902,12061.267,1.895131e+07,0.29345703,98988.44,0.01273238
703,7852.6074,11640.4,1.8650332e+07,0.2957031,72335.59,0.01273238
704,14103.998,11886.76,1.7331538e+07,0.2984375,291929.34,0.01273238
705,7553.077,11453.392,1.7288656e+07,0.30771485,47758.793,0.012610552
706,10481.451,11356.197,1.5644809e+07,0.3119629,133289.08,0.012610552
707,19165.967,12137.174,1.9569654e+07,0.31142578,341712.06,0.012610552
708,9766.864,11900.143,1.811834e+07,0.30556643,174943.12,0.012610552
709,16358.913,12346.02,1.8095764e+07,0.3136719,356105.53,0.012610552
710,7758.269,11887.244,1.8180458e+07,0.31157225,62500.168,0.012492301
711,8128.143,11511.334,1.7634188e+07,0.32416993,69580.625,0.012492301
712,8081.961,11168.396,1.6929222e+07,0.32158205,64401.57,0.012492301
713,11650.199,11216.577,1.5257192e+07,0.3215332,152008.67,0.012492301
714,7534.8633,10848.406,1.4951424e+07,0.3180176,72546.805,0.012492301
715,5667.4595,10330.312,1.5872079e+07,0.32373047,10191.893,0.012382686
716,6602.373,9957.518,1.5535648e+07,0.33256835,33496.9,0.012382686
717,6760.425,9637.809,1.4902009e+07,0.32905275,49640.387,0.012382686
718,8728.354,9546.863,1.3486248e+07,0.33559573,134417.5,0.012382686
719,5542.06,9146.383,1.3581083e+07,0.32211915,9695.199,0.012382686
720,7437.2017,8975.465,1.2485891e+07,0.33085936,81451.25,0.012278404
721,11306.781,9208.597,1.1726455e+07,0.33208007,187783.52,0.012278404
722,7015.828,8989.32,1.098655e+07,0.33481446,40268.418,0.012278404
723,14831.801,9573.568,1.2960007e+07,0.33652344,391962.94,0.012278404
724,7323.935,9348.605,1.2119482e+07,0.33110353,66806.99,0.012278404
725,7368.8193,9150.627,1.1260293e+07,0.32958984,56839.4,0.01217423
726,16336.235,9869.1875,1.4781231e+07,0.34121096,320155.28,0.01217423
727,16246.539,10506.923,1.6963462e+07,0.33432618,394601.44,0.01217423
728,8501.094,10306.34,1.5629218e+07,0.33652344,93004.164,0.01217423
729,5794.8843,9855.194,1.5898087e+07,0.33754885,19483.98,0.01217423
730,5712.1924,9440.895,1.585308e+07,0.33598632,13472.667,0.012074801
731,7662.1816,9263.023,1.4552515e+07,0.34399414,63510.316,0.012074801
732,6157.5195,8952.473,1.3965237e+07,0.3371094,24325.602,0.012074801
733,6393.213,8696.547,1.3158196e+07,0.3477051,28647.348,0.012074801
734,10680.08,8894.9,1.2196472e+07,0.35039064,117243.8,0.012074801
735,8084.5015,8813.86,1.1035932e+07,0.33818358,72029.54,0.011977499
736,6695.297,8602.004,1.0336286e+07,0.3527344,44589.78,0.011977499
737,5837.241,8325.527,9.990609e+06,0.3487793,19338.78,0.011977499
738,6972.7075,8190.245,9.156259e+06,0.35239258,45463.066,0.011977499
739,9822.489,8353.47,8.480413e+06,0.34956056,147001.05,0.011977499
740,8597.169,8377.84,7.6377165e+06,0.35004884,157503.75,0.01188803
741,5414.1978,8081.4756,7.6644305e+06,0.34746093,14350.27,0.01188803
742,8417.442,8115.0723,6.908146e+06,0.3520996,143366.0,0.01188803
743,6851.058,7988.671,6.361127e+06,0.3555664,47374.246,0.01188803
744,6824.878,7872.2915,5.8469115e+06,0.36274415,36669.348,0.01188803
745,14117.314,8496.794,8.772248e+06,0.3512207,292578.38,0.011799921
746,8424.14,8489.528,7.895498e+06,0.35712892,70812.76,0.011799921
747,11136.215,8754.197,7.7363935e+06,0.35908204,225914.39,0.011799921
748,9925.453,8871.323,7.0862195e+06,0.36274415,123071.8,0.011799921
749,10593.842,9043.575,6.6446335e+06,0.36240235,116799.6,0.011799921
750,6655.2754,8804.745,6.4935275e+06,0.36816406,23518.627,0.011722394
751,16536.191,9577.89,1.1223948e+07,0.36933595,381329.7,0.011722394
752,9173.531,9537.454,1.0116269e+07,0.37006837,76524.44,0.011722394
753,14208.137,10004.522,1.1068017e+07,0.37641603,289545.66,0.011722394
754,9505.787,9954.648,9.983602e+06,0.37431642,129794.734,0.011722394
755,5617.1895,9520.902,1.0678461e+07,0.371875,15502.48,0.011647536
756,8916.875,9460.5,9.643451e+06,0.3708496,136110.33,0.011647536
757,7332.8564,9247.735,9.086524e+06,0.36669922,55531.547,0.011647536
758,6663.336,8989.295,8.778992e+06,0.36757815,47074.08,0.011647536
759,7231.4224,8813.508,8.1792035e+06,0.36704102,51739.16,0.011647536
760,9215.032,8853.66,7.375793e+06,0.35834962,90476.81,0.011565335
761,7557.2075,8724.015,6.7894845e+06,0.3581543,46100.402,0.011565335
762,13602.266,9211.84,8.252296e+06,0.35629883,318597.4,0.011565335
763,5530.199,8843.676,8.646969e+06,0.34897462,14032.423,0.011565335
764,6254.8633,8584.795,8.3854475e+06,0.35161132,31200.223,0.011565335
765,7769.0693,8503.223,7.606789e+06,0.35458985,79274.164,0.011481557
766,10109.723,8663.873,7.0783855e+06,0.3524414,132380.44,0.011481557
767,11515.637,8949.05,7.1024765e+06,0.34882814,160402.19,0.011481557
768,8544.469,8908.592,6.4069605e+06,0.34848633,67699.164,0.011481557
769,8858.02,8903.534,5.7664945e+06,0.35385743,70840.84,0.011481557
770,6923.139,8705.495,5.542822e+06,0.34838867,45319.09,0.011394846
771,5671.8,8402.126,5.8168375e+06,0.351709,16858.553,0.011394846
772,6214.7275,8183.386,5.6657775e+06,0.3555176,35605.387,0.011394846
773,19981.262,9363.174,1.7626286e+07,0.36132812,435868.03,0.011394846
774,8499.318,9276.788,1.5930819e+07,0.354834,145402.33,0.011394846
775,9631.674,9312.276,1.4349071e+07,0.3540039,168460.77,0.011311968
776,7349.1797,9115.967,1.3261001e+07,0.3629883,84009.836,0.011311968
777,5648.6216,8769.232,1.3016924e+07,0.3555176,28209.885,0.011311968
778,11962.089,9088.518,1.2632721e+07,0.36967775,297311.84,0.011311968
779,10231.573,9202.823,1.1487041e+07,0.36069337,168295.62,0.011311968
780,6648.311,8947.372,1.0925634e+07,0.36030275,59197.305,0.011233233
781,14300.072,9482.643,1.2411696e+07,0.3675293,379823.66,0.011233233
782,5712.588,9105.637,1.2449724e+07,0.35981447,21075.58,0.011233233
783,5841.3955,8779.213,1.2163726e+07,0.36582032,30014.727,0.011233233
784,6955.328,8596.824,1.1246744e+07,0.37407228,86304.11,0.011233233
785,9301.8,8667.322,1.0166798e+07,0.37128907,180487.84,0.011161175
786,6527.282,8453.318,9.562297e+06,0.36865234,59400.54,0.011161175
787,6451.11,8253.098,8.966863e+06,0.375,43541.04,0.011161175
788,8197.797,8247.567,8.070452e+06,0.37944335,125544.28,0.011161175
789,5223.242,7945.135,8.086595e+06,0.37558594,11819.316,0.011161175
790,6116.754,7762.297,7.5788035e+06,0.38017577,40633.27,0.011094508
791,5733.786,7559.446,7.19126e+06,0.3824707,20566.467,0.011094508
792,6161.8887,7419.69,6.6479185e+06,0.38618165,48109.496,0.011094508
793,5611.778,7238.899,6.2772955e+06,0.38623047,23516.61,0.011094508
794,7281.7354,7243.1826,5.649731e+06,0.3822754,108795.31,0.011094508
795,4735.3174,6992.396,5.650803e+06,0.38393557,4684.77,0.011030311
796,4775.5166,6770.708,5.5280325e+06,0.39848632,7454.3833,0.011030311
797,4864.7354,6580.111,5.302175e+06,0.39155275,12345.117,0.011030311
798,9192.84,6841.384,5.3863295e+06,0.3864258,160798.98,0.011030311
799,11665.789,7323.824,6.942436e+06,0.39375,315964.22,0.011030311
800,10331.785,7624.62,7.062497e+06,0.39150393,204882.31,0.010970634
801,5616.316,7423.7896,6.719243e+06,0.39262694,25919.154,0.010970634
802,6275.4834,7308.959,6.165993e+06,0.39482424,54039.477,0.010970634
803,4598.731,7037.936,6.2104735e+06,0.3852051,5542.066,0.010970634
804,6590.4634,6993.189,5.6074465e+06,0.39526367,84167.33,0.010970634
805,4730.1196,6766.882,5.5076355e+06,0.3923828,6764.876,0.010911764
806,5108.1533,6601.009,5.204496e+06,0.39941406,12786.889,0.010911764
807,5225.708,6463.4785,4.854277e+06,0.39228517,26975.604,0.010911764
808,5157.828,6332.9136,4.5222745e+06,0.3998047,24842.336,0.010911764
809,5352.6763,6234.8896,4.1565248e+06,0.40278322,35096.04,0.010911764
810,5404.6587,6151.8667,3.8029075e+06,0.3996582,36177.707,0.010857154
811,5516.4785,6088.328,3.4589512e+06,0.40625,31868.168,0.010857154
812,5077.326,5987.228,3.2050472e+06,0.40874022,20847.84,0.010857154
813,5149.5303,5903.458,2.9476988e+06,0.41445315,34558.797,0.010857154
814,7510.6484,6064.1772,2.8854042e+06,0.40756837,128168.23,0.010857154
815,20534.46,7511.2056,2.1441882e+07,0.41015625,519163.97,0.010808489
816,6168.0615,7376.891,1.9460056e+07,0.40927735,71975.914,0.010808489
817,5811.5483,7220.357,1.7734576e+07,0.4068848,56452.465,0.010808489
818,5054.9766,7003.819,1.6383117e+07,0.4093262,20229.346,0.010808489
819,4937.6104,6797.198,1.5129034e+07,0.41240236,16714.516,0.010808489
820,4780.0845,6595.487,1.3982318e+07,0.40834963,10887.417,0.010759074
821,14047.016,7340.6396,1.758136e+07,0.41616213,421377.44,0.010759074
822,4786.9385,7085.2695,1.6410148e+07,0.41484374,13465.368,0.010759074
823,4607.0205,6837.445,1.5321888e+07,0.4164551,10762.63,0.010759074
824,4484.341,6602.1343,1.4288038e+07,0.42167968,8060.955,0.010759074
825,4519.892,6393.91,1.324945e+07,0.4140625,13495.551,0.010712943
826,4258.2534,6180.3447,1.2334997e+07,0.4237305,2654.6938,0.010712943
827,4452.3164,6007.542,1.1370244e+07,0.41689456,8813.703,0.010712943
828,5354.3286,5942.2207,1.0271621e+07,0.41757813,42859.562,0.010712943
829,7851.3657,6133.1353,9.572493e+06,0.4131836,132622.44,0.010712943
830,5795.5244,6099.374,8.625502e+06,0.41333008,60475.36,0.010666619
831,4486.3667,5938.073,7.9971125e+06,0.41269532,9601.275,0.010666619
832,4481.058,5792.3716,7.3884615e+06,0.42338866,7292.905,0.010666619
833,4665.287,5679.663,6.763944e+06,0.42641604,14320.292,0.010666619
834,4260.1543,5537.7124,6.2689e+06,0.43393555,3336.2786,0.010666619
835,4359.7725,5419.9185,5.7668885e+06,0.42958987,6146.0703,0.010629134
836,4532.0566,5331.1323,5.2611465e+06,0.43188477,14396.367,0.010629134
837,4465.7334,5244.5923,4.802434e+06,0.43271485,11706.376,0.010629134
838,4331.759,5153.309,4.3971845e+06,0.4354004,8729.6455,0.010629134
839,4577.491,5095.7275,3.9873068e+06,0.43515626,13711.436,0.010629134
840,5222.911,5108.446,3.5900318e+06,0.4291504,48253.902,0.010591548
841,5332.4766,5130.8486,3.2355455e+06,0.44213867,32231.531,0.010591548
842,4927.5576,5110.5195,2.9157102e+06,0.4376465,27015.514,0.010591548
843,4168.0386,5016.2715,2.7040835e+06,0.43076172,5086.1035,0.010591548
844,5178.728,5032.517,2.4360505e+06,0.4399414,49403.555,0.010591548
845,4285.1777,4957.783,2.2427118e+06,0.44526368,10437.004,0.010562598
846,4218.8867,4883.8936,2.0675776e+06,0.4442383,6305.832,0.010562598
847,8438.975,5239.402,2.998294e+06,0.4392578,115764.2,0.010562598
848,6564.763,5371.938,2.856557e+06,0.43959963,103442.96,0.010562598
849,5679.6255,5402.7065,2.5794218e+06,0.44316405,71140.375,0.010562598
850,9983.378,5860.7734,4.209909e+06,0.4442383,230730.25,0.01053319
851,4020.8232,5676.7783,4.0936052e+06,0.44072264,5001.024,0.01053319
852,4552.7734,5564.378,3.7979495e+06,0.44331056,28619.643,0.01053319
853,4175.072,5425.4473,3.59187e+06,0.45332032,13310.219,0.01053319
854,4170.576,5299.96,3.3744062e+06,0.4447266,8917.228,0.01053319
855,6363.389,5406.3027,3.138745e+06,0.4472168,106232.125,0.010505426
856,4308.909,5296.5635,2.933255e+06,0.45043945,14442.626,0.010505426
857,4594.457,5226.353,2.6842952e+06,0.45634764,23533.193,0.010505426
858,4930.848,5196.8027,2.4237248e+06,0.45781252,27111.959,0.010505426
859,4973.2495,5174.4473,2.18585e+06,0.45996094,25028.727,0.010505426
860,5091.3174,5166.1343,1.9678869e+06,0.46054688,30883.006,0.010484723
861,4362.338,5085.755,1.8292461e+06,0.45839843,10801.814,0.010484723
862,4593.456,5036.525,1.6681338e+06,0.46396485,21175.236,0.010484723
863,6764.2197,5209.2944,1.769964e+06,0.4614746,117282.34,0.010484723
864,4571.167,5145.4814,1.6296161e+06,0.4598633,16561.771,0.010484723
865,5251.499,5156.083,1.4676661e+06,0.45532227,42503.973,0.010461327
866,4767.3833,5117.213,1.3344974e+06,0.46118164,24932.08,0.010461327
867,5571.041,5162.5957,1.219584e+06,0.46826172,51003.668,0.010461327
868,5726.112,5218.9473,1.1262051e+06,0.4551758,69737.38,0.010461327
869,11649.118,5861.9644,4.7348235e+06,0.4562012,340181.8,0.010461327
870,7071.6963,5982.9375,4.3930515e+06,0.46118164,91540.37,0.010441043
871,8434.069,6228.051,4.4944705e+06,0.47573242,152070.38,0.010441043
872,5314.254,6136.671,4.1201755e+06,0.46889648,51567.984,0.010441043
873,4057.6096,5928.7646,4.0971825e+06,0.46801758,5304.476,0.010441043
874,3893.397,5725.228,4.060309e+06,0.47475585,3961.3254,0.010441043
875,5189.0273,5671.608,3.680154e+06,0.4772461,45170.438,0.010429171
876,4284.7676,5532.924,3.4852378e+06,0.4703125,14525.852,0.010429171
877,4181.6553,5397.797,3.3010472e+06,0.47856444,11128.631,0.010429171
878,4201.4053,5278.1577,3.0997642e+06,0.47661132,11829.077,0.010429171
879,3847.6597,5135.108,2.973957e+06,0.4736328,3981.9,0.010429171
880,4765.208,5098.118,2.6888755e+06,0.47207034,26745.49,0.010414615
881,7981.6777,5386.474,3.1683302e+06,0.47563475,182905.23,0.010414615
882,4152.1904,5263.046,2.9886082e+06,0.47402346,11492.866,0.010414615
883,4013.1257,5138.0537,2.8303542e+06,0.479834,8880.23,0.010414615
884,5468.6875,5171.117,2.5571572e+06,0.47460938,65066.84,0.010414615
885,4046.5637,5058.6616,2.4152572e+06,0.4779297,11014.846,0.01040313
886,7872.215,5340.017,2.8861788e+06,0.47514647,180260.2,0.01040313
887,4212.9346,5227.3086,2.7118892e+06,0.4813965,22529.78,0.01040313
888,4556.0547,5160.183,2.4812528e+06,0.48657227,33952.375,0.01040313
889,10360.627,5680.2275,4.6671425e+06,0.4862305,276523.97,0.01040313
890,3662.374,5478.4424,4.5668845e+06,0.48759764,4383.5527,0.010396683
891,3837.325,5314.3306,4.35259e+06,0.4892578,8002.5366,0.010396683
892,3776.0876,5160.5063,4.130288e+06,0.49414062,5485.3228,0.010396683
893,3793.7444,5023.83,3.8853828e+06,0.49550784,6348.865,0.010396683
894,3858.9583,4907.343,3.6189678e+06,0.49160156,8926.563,0.010396683
895,3816.2563,4798.2344,3.3642132e+06,0.4994629,7045.6694,0.010396405
896,3767.3354,4695.1445,3.1234395e+06,0.4940918,7533.862,0.010396405
897,3808.5825,4606.4883,2.8818348e+06,0.50161135,9129.556,0.010396405
898,3647.9639,4510.6357,2.6763405e+06,0.49995118,3303.6628,0.010396405
899,3946.6284,4454.235,2.4373358e+06,0.50634766,14208.672,0.010396405
900,3646.3296,4373.4443,2.252346e+06,0.50175786,4941.88,0.010397318
901,4051.9,4341.29,2.0364165e+06,0.50864255,22680.129,0.010397318
902,5433.4795,4450.509,1.9401338e+06,0.50947267,84541.72,0.010397318
903,3649.0986,4370.3677,1.8039236e+06,0.51308596,4794.79,0.010397318
904,5357.407,4469.072,1.7112135e+06,0.5105469,81118.3,0.010397318
905,5527.2114,4574.8857,1.6408615e+06,0.50957036,90673.07,0.010402297
906,3707.5098,4488.148,1.544486e+06,0.50942385,9645.329,0.010402297
907,4239.073,4463.24,1.3956209e+06,0.5148926,20998.736,0.010402297
908,5206.4863,4537.565,1.3057761e+06,0.50639653,52373.527,0.010402297
909,3949.5876,4478.767,1.206313e+06,0.52001953,15598.787,0.010402297
910,3617.0542,4392.5957,1.152511e+06,0.51342773,5029.766,0.0104092825
911,3606.793,4314.0156,1.0928336e+06,0.51181644,4986.8315,0.0104092825
912,3641.542,4246.768,1.0242501e+06,0.51108396,6061.248,0.0104092825
913,3529.1506,4175.0063,968172.8,0.5132812,5003.1475,0.0104092825
914,4055.4092,4163.047,872642.9,0.52690434,18929.545,0.0104092825
915,3676.732,4114.4155,806663.8,0.5163574,8318.599,0.010417799
916,3442.349,4047.209,766648.0,0.5132812,3694.566,0.010417799
917,3643.1792,4006.806,704674.8,0.5273926,9624.031,0.010417799
918,3638.8594,3970.0112,646391.94,0.52910155,7666.614,0.010417799
919,3671.2244,3940.1326,589787.4,0.5299805,12269.464,0.010417799
920,3612.0535,3907.3247,540495.8,0.52138674,7782.9785,0.010428947
921,3671.5232,3883.7446,491450.44,0.51586914,10691.907,0.010428947
922,3874.2817,3882.7983,442313.47,0.52070314,15735.7,0.010428947
923,5553.587,4049.8772,649320.2,0.521875,93713.31,0.010428947
924,5627.332,4207.6226,808340.9,0.5206055,105946.24,0.010428947
925,3345.9194,4121.452,794334.7,0.5319824,2682.2043,0.0104456395
926,3317.4355,4041.0505,773081.0,0.5276855,2327.8088,0.0104456395
927,3717.9927,4008.7446,705165.9,0.5294922,11559.404,0.0104456395
928,3542.88,3962.1582,654182.0,0.52851564,8793.551,0.0104456395
929,3433.3394,3909.2764,613932.25,0.52783203,5211.0854,0.0104456395
930,4453.9756,3963.7463,579241.8,0.53334963,42267.977,0.010463072
931,4552.2686,4022.5986,552489.9,0.53168947,44402.15,0.010463072
932,3628.3882,3983.1775,511227.03,0.5305176,12287.564,0.010463072
933,3936.5093,3978.5107,460300.3,0.5328125,17564.828,0.010463072
934,3489.0627,3929.566,435830.62,0.54169923,7210.526,0.010463072
935,4301.4844,3966.7578,404696.66,0.5374024,42027.47,0.010482658
936,12813.799,4851.462,7.408539e+06,0.5476074,418638.2,0.010482658
937,3679.621,4734.278,6.791274e+06,0.53164065,15209.968,0.010482658
938,4356.455,4696.4956,6.124994e+06,0.5397461,45499.902,0.010482658
939,3452.5078,4572.0967,5.65177e+06,0.53818357,7608.997,0.010482658
940,3477.3442,4462.6216,5.1944565e+06,0.5444336,9800.439,0.010505972
941,4227.8647,4439.146,4.6799705e+06,0.53334963,45413.5,0.010505972
942,3311.098,4326.3413,4.326498e+06,0.5483887,4435.413,0.010505972
943,3320.7336,4225.781,3.9848602e+06,0.5395996,5302.643,0.010505972
944,3373.5283,4140.5557,3.6517442e+06,0.5439453,8344.663,0.010505972
945,3256.1023,4052.1104,3.356973e+06,0.53808594,4582.903,0.0105260005
946,3187.734,3965.6726,3.088519e+06,0.5449219,3008.2761,0.0105260005
947,4218.611,3990.9663,2.785425e+06,0.551123,37156.547,0.0105260005
948,3478.459,3939.7156,2.5305222e+06,0.54912114,14292.288,0.0105260005
949,3914.4204,3937.186,2.2775275e+06,0.54355466,37899.66,0.0105260005
950,3172.436,3860.711,2.1024105e+06,0.5475586,3558.788,0.010551061
951,3115.1445,3786.1543,1.9421978e+06,0.5470215,1790.3262,0.010551061
952,3113.8237,3718.9211,1.7886605e+06,0.5506836,1374.4473,0.010551061
953,3207.7637,3667.8054,1.6333099e+06,0.54833984,5831.919,0.010551061
954,3571.7488,3658.1997,1.4708094e+06,0.5542481,16621.785,0.010551061
955,3138.1235,3606.1921,1.3480715e+06,0.55063474,2886.6428,0.010577804
956,3087.391,3554.312,1.2374882e+06,0.5491699,2097.0168,0.010577804
957,3075.4136,3506.422,1.1343804e+06,0.55844724,2853.4956,0.010577804
958,3242.2437,3480.0044,1.02722344e+06,0.55981445,12276.913,0.010577804
959,3639.9502,3495.999,926803.5,0.56831056,29250.832,0.010577804
960,2982.6008,3444.6592,857845.1,0.55766606,2268.846,0.010608349
961,3410.5583,3441.249,772165.25,0.56166995,20796.56,0.010608349
962,4231.542,3520.2783,751159.4,0.55693364,46174.59,0.010608349
963,3196.5818,3487.9087,685473.56,0.5632813,8785.391,0.010608349
964,3894.4316,3528.561,631799.6,0.55751956,29230.883,0.010608349
965,3075.5447,3483.2593,587089.8,0.56513673,5333.07,0.010642954
966,4895.7256,3624.5059,707936.3,0.57197267,74950.89,0.010642954
967,3117.562,3573.8115,660271.94,0.56030273,6686.0674,0.010642954
968,2975.0188,3513.9321,626514.44,0.57250977,3793.9443,0.010642954
969,3015.4497,3464.084,586226.6,0.57075197,5262.9424,0.010642954
970,2918.9753,3409.5732,554346.9,0.5706543,3428.0957,0.0106806215
971,2977.6494,3366.3809,515702.4,0.57114255,4676.8506,0.0106806215
972,3143.7488,3344.1177,468593.0,0.57114255,7800.8535,0.0106806215
973,3079.1284,3317.6187,428053.44,0.56865233,7480.5396,0.0106806215
974,3035.0403,3289.3608,392434.62,0.58110356,5228.461,0.0106806215
975,3060.586,3266.4834,357901.56,0.57900393,7310.9927,0.010722894
976,3006.0374,3240.4387,328216.28,0.5793457,5221.001,0.010722894
977,2924.7556,3208.8704,304363.7,0.579541,2860.7876,0.010722894
978,2883.0625,3176.2896,283480.88,0.58032227,2417.5305,0.010722894
979,4963.2666,3354.9873,542528.6,0.58139646,95210.82,0.010722894
980,3012.2798,3320.7166,498846.12,0.5745117,6216.5747,0.010762917
981,2826.6274,3271.3076,470932.66,0.5716797,2576.2021,0.010762917
982,2834.3865,3227.6155,441020.38,0.58383787,2026.3499,0.010762917
983,2729.459,3177.7998,419252.72,0.58432615,1596.5577,0.010762917
984,2721.7366,3132.1934,396046.88,0.5884766,1381.8646,0.010762917
985,2747.5977,3093.734,369754.4,0.5862305,1414.0193,0.0108094225
986,2739.375,3058.298,344080.28,0.5928223,888.46564,0.0108094225
987,2743.2715,3026.7954,318604.0,0.58159184,897.12744,0.0108094225
988,2903.6877,3014.4846,288107.6,0.5895508,8698.355,0.0108094225
989,2810.699,2994.106,263034.38,0.5911621,4068.1812,0.0108094225
990,2755.943,2970.2896,241835.88,0.5975098,2728.3657,0.010862254
991,2717.8774,2945.0483,223386.34,0.592041,1258.4828,0.010862254
992,2721.5312,2922.6965,205544.1,0.587793,2294.7134,0.010862254
993,3167.6855,2947.1953,190391.45,0.59965825,21183.898,0.010862254
994,2810.4045,2933.516,173036.36,0.59404296,6476.159,0.010862254
995,2680.1045,2908.175,161512.3,0.5967773,1118.4685,0.010914943
996,2660.1953,2883.377,150895.52,0.59282225,708.22577,0.010914943
997,2632.8945,2858.3286,141452.69,0.59951174,528.32056,0.010914943
998,2628.0542,2835.3013,132079.78,0.599707,644.9487,0.010914943
999,2601.7263,2811.9438,123781.945,0.5931152,512.5159,0.010914943
1000,2590.3154,2789.781,115824.47,0.60126954,522.43176,0.010970352
1001,2589.666,2769.7695,107846.164,0.6003906,525.5477,0.010970352
1002,2563.5286,2749.1455,100889.73,0.5960938,847.84955,0.010970352
1003,2568.8584,2731.1167,93726.06,0.61386716,1047.9589,0.010970352
1004,2578.3206,2715.8372,86454.65,0.6041504,2495.9148,0.010970352
1005,2568.2954,2701.083,79768.35,0.6100586,1385.8335,0.011030884
1006,2533.3408,2684.3088,74323.88,0.60317385,773.3574,0.011030884
1007,2579.2944,2673.8074,67884.016,0.61152345,2377.2266,0.011030884
1008,2542.9395,2660.7207,62636.99,0.6064942,1273.7435,0.011030884
1009,2587.6611,2653.4148,56853.68,0.6086426,2141.9084,0.011030884
1010,2572.4597,2645.3193,51758.145,0.6116699,1951.0851,0.011092646
1011,2543.397,2635.1272,47517.26,0.6052246,1972.6455,0.011092646
1012,2510.5857,2622.673,44161.49,0.6209961,1138.5006,0.011092646
1013,2468.2263,2607.2285,41892.18,0.61157227,699.8723,0.011092646
1014,2463.0386,2592.8096,39574.13,0.6086426,998.033,0.011092646
1015,2479.707,2581.4993,36768.01,0.61499023,1706.1315,0.011156609
1016,2476.4358,2570.993,34084.66,0.6117188,1423.1357,0.011156609
1017,2506.9893,2564.5925,31044.877,0.61030275,3087.361,0.011156609
1018,2447.9697,2552.9302,29164.467,0.61206055,887.61096,0.011156609
1019,2453.3096,2542.968,27141.203,0.62045896,1538.3126,0.011156609
1020,2495.8403,2538.2554,24626.973,0.6220703,2768.2024,0.0112249125
1021,2879.8901,2572.419,32668.564,0.62553716,18063.932,0.0112249125
1022,2723.0276,2587.4797,31443.172,0.6194824,9748.8545,0.0112249125
1023,2780.9314,2606.825,31666.975,0.6154297,11860.287,0.0112249125
1024,2818.918,2628.0342,32548.787,0.6227539,15403.466,0.0112249125
1025,3859.3142,2751.162,165738.45,0.61098635,54643.715,0.011287376
1026,2484.2559,2724.4714,155576.11,0.61030275,2892.7627,0.011287376
1027,2431.3435,2695.1587,147751.64,0.6138184,2087.1472,0.011287376
1028,2401.8867,2665.8315,140717.23,0.6166992,934.3316,0.011287376
1029,2414.4807,2640.6965,132331.45,0.6129395,2208.759,0.011287376
1030,2379.6763,2614.5945,125230.15,0.62187505,789.98065,0.011356372
1031,2353.7148,2588.5066,118832.37,0.6160644,1109.8584,0.011356372
1032,2371.904,2566.8464,111171.625,0.6274414,1199.2079,0.011356372
1033,2347.9556,2544.9573,104366.65,0.6227539,785.3817,0.011356372
1034,2478.4106,2538.3027,94328.54,0.6195801,6019.2773,0.011356372
1035,2393.373,2523.8098,86786.1,0.62172854,3093.7395,0.011425701
1036,2477.6338,2519.1921,78299.38,0.62260747,6380.4844,0.011425701
1037,2489.0762,2516.1807,70551.07,0.62592775,6781.118,0.011425701
1038,2808.4705,2545.4097,71184.96,0.61264646,21599.387,0.011425701
1039,2359.5718,2526.826,67174.68,0.6230469,2040.6699,0.011425701
1040,2365.4507,2510.6885,62800.984,0.62231445,2361.7686,0.011495794
1041,2359.4976,2495.5693,58578.168,0.62412107,2045.5514,0.011495794
1042,2354.9668,2481.509,54499.566,0.6160644,2068.5857,0.011495794
1043,2320.9111,2465.4492,51370.86,0.61850584,1709.3402,0.011495794
1044,3672.1772,2586.122,177291.1,0.6182617,62561.613,0.011495794
1045,2403.4731,2567.8572,162564.44,0.62060547,6006.459,0.011565324
1046,2271.3281,2538.2043,154221.64,0.62158203,638.9618,0.011565324
1047,2274.0283,2511.7866,145080.47,0.6328125,596.8178,0.011565324
1048,2253.1692,2485.9248,136591.89,0.6397461,576.24646,0.011565324
1049,2263.4258,2463.6748,127388.22,0.62587893,725.7493,0.011565324
1050,2246.482,2441.9556,118894.945,0.6277832,449.88336,0.0116394535
1051,2236.7256,2421.4326,110796.195,0.63750005,346.75015,0.0116394535
1052,2232.4429,2402.5337,102931.11,0.6393555,504.28055,0.0116394535
1053,2232.5525,2385.5356,95238.42,0.6281738,561.9415,0.0116394535
1054,2278.5188,2374.834,86745.31,0.63857424,2472.1172,0.0116394535
1055,2257.8667,2363.1372,79302.1,0.63320315,1617.1904,0.01171723
1056,2233.3545,2350.159,72887.805,0.62900394,1139.5193,0.01171723
1057,2317.773,2346.9204,65693.414,0.62675786,4447.2534,0.01171723
1058,2323.42,2344.5703,59173.773,0.6272949,4575.893,0.01171723
1059,4462.7466,2556.388,457056.75,0.6308594,72138.19,0.01171723
1060,2511.8777,2551.937,411529.38,0.62661135,10303.856,0.011791642
1061,2269.6409,2523.7075,377548.62,0.6265137,2385.5996,0.011791642
1062,2695.997,2540.9365,342465.28,0.62827146,20649.549,0.011791642
1063,2431.0537,2529.9482,309305.44,0.6412598,5351.3843,0.011791642
1064,2345.226,2511.476,281445.88,0.63198245,3816.8005,0.011791642
1065,2247.5806,2485.0864,259568.97,0.6220215,2398.2764,0.0118638035
1066,2222.0083,2458.7786,239840.97,0.63120115,1445.7848,0.0118638035
1067,6221.811,2835.0818,1.4902941e+06,0.6368164,181799.14,0.0118638035
1068,2281.1147,2779.685,1.3688839e+06,0.63427734,3430.047,0.0118638035
1069,2242.7925,2725.9958,1.2579382e+06,0.63920903,3139.5454,0.0118638035
1070,2256.6284,2679.059,1.151972e+06,0.6431153,4401.646,0.011949005
1071,2259.668,2637.1199,1.0526048e+06,0.63510746,4857.0723,0.011949005
1072,2188.2778,2592.2356,965475.56,0.6522461,1736.5222,0.011949005
1073,2168.5046,2549.8625,885087.3,0.6492188,1077.2832,0.011949005
1074,2326.0374,2527.48,801087.3,0.64453125,8139.243,0.011949005
1075,2160.8777,2490.8198,733074.3,0.64287114,797.8581,0.012034669
1076,2184.2085,2460.1587,668227.8,0.64018553,1615.3556,0.012034669
1077,2270.309,2441.1738,604648.9,0.6409668,4249.0947,0.012034669
1078,2237.9966,2420.8562,547899.3,0.63671875,3694.3032,0.012034669
1079,2471.653,2425.9358,493341.62,0.64086914,14688.385,0.012034669
1080,2252.0469,2408.5469,446728.8,0.6597656,4941.8516,0.012131192
1081,2310.474,2398.7395,402921.56,0.6441406,5866.4233,0.012131192
1082,2197.7578,2378.6414,366264.84,0.6555664,3758.0574,0.012131192
1083,2357.3743,2376.5146,329679.06,0.6556641,10942.6,0.012131192
1084,3999.0925,2538.7725,533659.5,0.64882815,85530.08,0.012131192
1085,2106.365,2495.5317,497121.4,0.6401367,2092.7385,0.012216488
1086,2216.94,2467.6726,454394.47,0.65244144,4698.0605,0.012216488
1087,2072.5317,2428.1584,423007.28,0.64453125,767.4119,0.012216488
1088,2088.493,2394.192,391090.1,0.66030276,1213.9176,0.012216488
1089,2064.2324,2361.196,361779.66,0.6582031,874.20074,0.012216488
1090,2132.6914,2338.3457,330300.97,0.66430664,3604.3665,0.012317265
1091,2067.9985,2311.311,303848.75,0.65722656,1181.5159,0.012317265
1092,5464.4937,2626.6294,1.1682942e+06,0.6586426,153873.23,0.012317265
1093,12081.074,3572.074,9.096253e+06,0.6568359,422519.06,0.012317265
1094,3924.7012,3607.3367,8.197819e+06,0.65058595,81578.77,0.012317265
1095,2672.1646,3513.8193,7.456746e+06,0.6495117,29127.459,0.012409687
1096,2341.319,3396.5693,6.834799e+06,0.65317386,14273.322,0.012409687
1097,2257.5225,3282.6646,6.2680875e+06,0.6486328,10212.513,0.012409687
1098,2063.6704,3160.7651,5.7750135e+06,0.6555176,1938.2666,0.012409687
1099,2592.7588,3103.9646,5.2265485e+06,0.6551269,22711.611,0.012409687
1100,2074.564,3001.0244,4.7992635e+06,0.65483403,2601.1409,0.012506135
1101,2051.946,2906.1167,4.4004045e+06,0.6510254,1525.9485,0.012506135
1102,2064.122,2821.9172,4.02417e+06,0.6431153,3042.0938,0.012506135
1103,1983.7483,2738.1003,3.6849805e+06,0.6449707,624.3699,0.012506135
1104,1994.4939,2663.7397,3.3662478e+06,0.6551758,631.4813,0.012506135
1105,1981.8722,2595.553,3.0714678e+06,0.6558106,534.0574,0.012603945
1106,2110.2566,2547.0234,2.785517e+06,0.65839845,6311.874,0.012603945
1107,2018.1562,2494.1367,2.5321382e+06,0.65424806,1992.2781,0.012603945
1108,1978.1946,2442.5425,2.3028822e+06,0.66503906,777.7993,0.012603945
1109,1957.5183,2394.04,2.0937662e+06,0.6660156,489.47284,0.012603945
1110,1951.7587,2349.812,1.9019948e+06,0.66987306,704.508,0.012711451
1111,1942.8424,2309.115,1.7267014e+06,0.667627,489.43738,0.012711451
1112,2168.4788,2295.0513,1.5558112e+06,0.66459966,11013.298,0.012711451
1113,1994.1105,2264.9573,1.408381e+06,0.6537598,2396.7773,0.012711451
1114,2061.6423,2244.6257,1.2712632e+06,0.67441404,4766.8574,0.012711451
1115,1973.8822,2217.5513,1.1507341e+06,0.6655762,2624.3606,0.012817124
1116,6030.1816,2598.8142,2.343914e+06,0.6778809,137538.84,0.012817124
1117,3401.3179,2679.0645,2.1674838e+06,0.6589844,65270.152,0.012817124
1118,2157.2952,2626.8875,1.9752371e+06,0.65356445,13999.828,0.012817124
1119,1871.3268,2551.3313,1.8290919e+06,0.6688965,1135.1063,0.012817124
1120,1940.2366,2490.222,1.6797919e+06,0.67265624,2099.0757,0.01292825
1121,3746.5461,2615.8542,1.6538642e+06,0.6573731,84501.3,0.01292825
1122,1977.6125,2552.03,1.5251395e+06,0.6540039,5590.4766,0.01292825
1123,2285.295,2525.3564,1.3790288e+06,0.67768556,17111.867,0.01292825
1124,1993.1799,2472.1387,1.2666149e+06,0.6586426,6012.2637,0.01292825
1125,1905.7107,2415.4958,1.1688291e+06,0.6808106,1358.4956,0.013045656
1126,2047.053,2378.6516,1.0641636e+06,0.66875,5153.984,0.013045656
1127,8813.905,3022.177,4.6848715e+06,0.6770996,306193.72,0.013045656
1128,1939.3756,2913.897,4.3219055e+06,0.66748047,2930.0356,0.013045656
1129,1937.7357,2816.2808,3.975475e+06,0.68540037,2352.2603,0.013045656
1130,1915.7156,2726.224,3.650919e+06,0.67885745,2307.1077,0.013162847
1131,1891.9199,2642.7937,3.3484728e+06,0.6774414,1617.4629,0.013162847
1132,1882.408,2566.7551,3.0656622e+06,0.68793947,1653.2906,0.013162847
1133,1894.2393,2499.5034,2.799801e+06,0.6846192,1960.0383,0.013162847
1134,1841.6304,2433.716,2.5587725e+06,0.6772461,637.70123,0.013162847
1135,1849.5088,2375.2954,2.333612e+06,0.6868652,868.33405,0.013286406
1136,1827.7766,2320.5435,2.1272308e+06,0.6804199,643.80804,0.013286406
1137,1823.8374,2270.8728,1.9367122e+06,0.6902344,563.28955,0.013286406
1138,1817.2046,2225.5059,1.7615644e+06,0.6775879,1146.3765,0.013286406
1139,1842.264,2187.1816,1.5986265e+06,0.6904297,2205.419,0.013286406
1140,1955.4838,2164.012,1.4435954e+06,0.6922852,7826.292,0.013414764
1141,1946.9714,2142.3079,1.3034754e+06,0.68588865,7722.6484,0.013414764
1142,1809.1064,2108.9878,1.18312e+06,0.67802733,2485.255,0.013414764
1143,1907.5173,2088.8408,1.0684611e+06,0.6963867,6106.3184,0.013414764
1144,1771.7385,2057.1306,970664.8,0.6825684,1093.5671,0.013414764
1145,1795.2678,2030.9443,879769.75,0.70180666,1766.4283,0.013550808
1146,1927.7568,2020.6256,792751.0,0.6966797,5530.651,0.013550808
1147,1818.687,2000.4318,717146.0,0.69189453,1985.15,0.013550808
1148,1892.0945,1989.598,646487.7,0.69521487,4293.013,0.013550808
1149,2123.9978,2003.038,583464.56,0.68837893,16488.938,0.013550808
1150,1802.884,1983.0226,528723.7,0.6876465,2614.0713,0.013678543
1151,1929.364,1977.6567,476110.44,0.6910645,7950.7964,0.013678543
1152,1787.8268,1958.6737,431742.56,0.6729981,2361.536,0.013678543
1153,2167.5703,1979.5634,392495.7,0.6972656,19110.61,0.013678543
1154,1742.1439,1955.8214,358319.25,0.68173826,614.93365,0.013678543
1155,1747.7322,1935.0125,326384.44,0.69145507,449.99725,0.013810116
1156,1734.8989,1915.0011,297350.06,0.69750977,305.389,0.013810116
1157,1730.8193,1896.5829,270668.1,0.69321287,376.8013,0.013810116
1158,1826.1504,1889.5397,244047.73,0.6968262,4300.001,0.013810116
1159,1761.8604,1876.7717,221110.14,0.6870117,1601.3973,0.013810116
1160,1744.5493,1863.5494,200572.58,0.69750977,892.43396,0.013947171
1161,2179.5896,1895.1534,189504.64,0.69492185,20331.547,0.013947171
1162,2154.7952,1921.1177,176621.4,0.68969727,18444.451,0.013947171
1163,1768.1653,1905.8224,161064.75,0.69091797,2164.3374,0.013947171
1164,1749.9252,1890.2327,147145.62,0.6932129,1482.8235,0.013947171
1165,1711.6816,1872.3776,135300.3,0.69321287,615.47205,0.014082564
1166,1723.9187,1857.5317,123753.87,0.703125,1099.0945,0.014082564
1167,2353.3396,1907.1125,133502.77,0.69555664,25280.88,0.014082564
1168,1898.7178,1906.2731,120158.83,0.69082034,8403.026,0.014082564
1169,1747.1478,1890.3606,110421.82,0.6984375,2758.3696,0.014082564
1170,1829.2947,1884.254,99715.25,0.69506836,5864.3022,0.014220587
1171,1709.8254,1866.8112,92482.0,0.6785645,1162.4567,0.014220587
1172,1728.6489,1852.9949,84951.79,0.6994141,1064.121,0.014220587
1173,1925.3953,1860.2349,76928.37,0.68315434,8228.6045,0.014220587
1174,1854.1396,1859.6254,69238.875,0.6882324,6921.5537,0.014220587
1175,1789.3611,1852.5989,62759.32,0.6948731,3943.1658,0.014359824
1176,1747.5742,1842.0964,57476.105,0.6997559,2340.7192,0.014359824
1177,1708.0994,1828.6968,53344.46,0.6856445,1153.9647,0.014359824
1178,1805.4071,1826.3678,48058.832,0.69135743,4560.4233,0.014359824
1179,1922.3252,1835.9635,44081.652,0.68657225,7957.28,0.014359824
1180,1856.6294,1838.03,39711.92,0.6894531,5433.2837,0.0144965
1181,1736.6272,1827.8898,36666.156,0.6879883,1696.1986,0.0144965
1182,1941.7269,1839.2734,34165.84,0.6871582,7824.2563,0.0144965
1183,1708.8213,1826.2283,32280.855,0.68422854,1787.4828,0.0144965
1184,2081.1316,1851.7186,34900.582,0.7029785,14245.939,0.0144965
1185,1683.6158,1834.9083,33953.793,0.68710935,894.63184,0.014632759
1186,1670.5696,1818.4745,32989.062,0.6982422,740.30896,0.014632759
1187,1657.7649,1802.4036,32014.637,0.6981934,1348.7418,0.014632759
1188,1656.719,1787.8351,30723.33,0.70161134,778.7598,0.014632759
1189,1640.7618,1773.1278,29597.744,0.7116699,433.959,0.014632759
1190,1684.3932,1764.2544,27346.613,0.70654297,2181.0938,0.014784658
1191,1637.5082,1751.5798,26057.766,0.7114258,356.74023,0.014784658
1192,1638.9021,1740.312,24594.652,0.7072266,449.08887,0.014784658
1193,1767.9644,1743.0773,22204.004,0.7062012,4538.2266,0.014784658
1194,1685.2,1737.2896,20285.084,0.7105957,2134.9678,0.014784658
1195,1644.6365,1728.0243,19029.188,0.70947266,993.0323,0.014940324
1196,1655.4994,1720.7719,17599.656,0.7023926,1068.6105,0.014940324
1197,1640.7383,1712.7686,16416.174,0.70961916,528.29065,0.014940324
1198,1659.5593,1707.4476,15029.367,0.6930664,1241.5908,0.014940324
1199,2086.47,1745.3499,26455.643,0.70893556,20514.588,0.014940324
1200,1619.3092,1732.7458,25239.84,0.70566404,424.5479,0.015094747
1201,1618.3497,1721.3063,23893.637,0.70961916,407.94012,0.015094747
1202,1626.168,1711.7925,22318.889,0.709375,576.9376,0.015094747
1203,1623.0845,1702.9216,20795.219,0.70766604,456.5011,0.015094747
1204,1631.0347,1695.7329,19180.793,0.7023926,1175.3213,0.015094747
1205,1615.0486,1687.6644,17848.61,0.70908207,798.00574,0.015253378
1206,1612.0303,1680.1011,16578.596,0.7077637,248.2021,0.015253378
1207,1610.4746,1673.1384,15357.042,0.7008301,325.2866,0.015253378
1208,1652.2363,1671.0482,13860.658,0.7066895,1509.7874,0.015253378
1209,1665.4142,1670.4849,12477.448,0.70566404,2072.3098,0.015253378
1210,1714.3687,1674.8733,11403.024,0.6967285,4903.682,0.015404154
1211,1612.3071,1668.6167,10615.028,0.7017578,367.17023,0.015404154
1212,1626.1663,1664.3717,9715.709,0.695459,549.3068,0.015404154
1213,1613.8972,1659.3242,8973.429,0.6904297,617.9688,0.015404154
1214,1634.3999,1656.8318,8131.9956,0.70283204,871.18854,0.015404154
1215,1630.5396,1654.2025,7381.011,0.6893555,616.7663,0.015550687
1216,1626.0054,1651.3828,6714.467,0.69082034,791.572,0.015550687
1217,1634.177,1649.6622,6069.6636,0.6941407,728.82574,0.015550687
1218,1652.4277,1649.9387,5463.3853,0.6852539,1343.285,0.015550687
1219,1657.7948,1650.7244,4922.601,0.679541,1611.2762,0.015550687
1220,1652.5859,1650.9105,4430.653,0.6848633,930.1465,0.015695088
1221,1694.7141,1655.2909,4160.2754,0.6694336,2182.3752,0.015695088
1222,8321.614,2321.9233,4.0033322e+06,0.67714846,302457.44,0.015695088
1223,1682.6006,2257.991,3.6397848e+06,0.6569824,5214.7046,0.015695088
1224,4937.4326,2525.935,3.9219528e+06,0.6845215,144406.02,0.015695088
1225,1823.549,2455.6965,3.5741588e+06,0.68759763,5980.952,0.015842998
1226,1798.8914,2390.016,3.255568e+06,0.66459966,5844.191,0.015842998
1227,1982.5365,2349.268,2.9449548e+06,0.67578125,14691.6875,0.015842998
1228,1815.2512,2295.8665,2.676125e+06,0.6604004,6526.707,0.015842998
1229,3126.3638,2378.9163,2.4705878e+06,0.67470706,50373.582,0.015842998
1230,2039.802,2345.005,2.2338788e+06,0.6670898,13476.049,0.015975917
1231,2872.1826,2397.7227,2.0355034e+06,0.6746582,54987.52,0.015975917
1232,1677.3909,2325.6895,1.878652e+06,0.66381836,2010.0759,0.015975917
1233,1708.398,2263.9602,1.7250811e+06,0.6802246,2119.6135,0.015975917
1234,3847.1252,2422.2766,1.77815e+06,0.67900395,93471.62,0.015975917
1235,1747.5483,2354.8037,1.6413082e+06,0.6548828,4196.628,0.016100118
1236,1716.5486,2290.9783,1.5138406e+06,0.67338866,2030.8381,0.016100118
1237,1678.0574,2229.6863,1.396267e+06,0.6665528,1322.572,0.016100118
1238,1746.517,2181.3694,1.277651e+06,0.6681641,2651.6528,0.016100118
1239,5538.157,2517.048,2.164008e+06,0.6592773,176561.48,0.016100118
1240,1760.7992,2441.423,1.9990792e+06,0.66918945,3922.4197,0.016236896
1241,1736.3821,2370.919,1.8439088e+06,0.66572267,3205.2488,0.016236896
1242,1682.7991,2302.107,1.7021336e+06,0.6647461,1362.643,0.016236896
1243,1698.9812,2241.7944,1.5646588e+06,0.6680664,1506.6777,0.016236896
1244,1805.939,2198.209,1.4252901e+06,0.66508794,3699.3062,0.016236896
1245,1690.9221,2147.4802,1.3059216e+06,0.6467774,1768.8358,0.016356496
1246,1820.5564,2114.7878,1.1849485e+06,0.6534668,5160.154,0.016356496
1247,1832.1655,2086.5256,1.0736424e+06,0.6530762,4598.216,0.016356496
1248,2223.099,2100.183,967956.8,0.64536136,24756.54,0.016356496
1249,3340.6377,2224.2285,1.0096466e+06,0.63750005,60377.066,0.016356496
1250,2021.7072,2203.9763,912373.3,0.61806643,8691.996,0.016453339
1251,1823.6499,2165.9436,834154.3,0.63686526,3193.0764,0.016453339
1252,1797.651,2129.1143,762946.4,0.63486326,2578.3,0.016453339
1253,2321.9382,2148.3967,689998.06,0.6402344,27176.525,0.016453339
1254,1690.7949,2102.6365,639844.2,0.62846684,1352.7416,0.016453339
1255,1987.7297,2091.1458,577048.06,0.6523926,8042.2437,0.01657919
1256,1848.7595,2066.9072,524630.9,0.6414063,6609.195,0.01657919
1257,1804.5248,2040.669,478363.78,0.64438474,5877.929,0.01657919
1258,1660.5599,2002.6581,443530.84,0.6352539,531.3005,0.01657919
1259,1674.6407,1969.8563,408861.3,0.6464844,524.74335,0.01657919
1260,1671.9153,1940.0623,375964.34,0.6536621,574.89026,0.016707063
1261,1702.6006,1916.316,343442.84,0.64868164,1688.3794,0.016707063
1262,1679.8682,1892.6713,314130.22,0.64116216,991.1222,0.016707063
1263,1733.96,1876.8002,284984.22,0.6448242,1975.7865,0.016707063
1264,1832.9064,1872.4108,256659.19,0.6328125,5959.166,0.016707063
1265,1707.4805,1855.9177,233441.45,0.62631834,2128.9373,0.016812913
1266,1689.6555,1839.2915,212585.19,0.6467285,1170.3756,0.016812913
1267,1737.8467,1829.147,192252.86,0.6306641,2072.574,0.016812913
1268,1773.5978,1823.592,173305.3,0.64106447,3687.14,0.016812913
1269,1880.6924,1829.3021,156268.2,0.638916,6885.3545,0.016812913
1270,2095.3486,1855.9067,147011.66,0.6396973,19893.59,0.016930759
1271,1692.207,1839.5367,134722.28,0.6343262,1805.4135,0.016930759
1272,1707.4309,1826.3262,122820.72,0.6413086,1306.4631,0.016930759
1273,1686.5908,1812.3527,112295.98,0.63447267,1156.7141,0.016930759
1274,1704.3026,1801.5476,102117.11,0.6369141,1693.4928,0.016930759
1275,1685.8773,1789.9806,93109.56,0.6303223,1410.7256,0.017041441
1276,1768.946,1787.8772,83838.42,0.63808596,3178.727,0.017041441
1277,2005.6165,1809.6511,79721.516,0.6418946,9330.047,0.017041441
1278,1765.6648,1805.2524,71923.49,0.6242676,3684.7422,0.017041441
1279,2618.1387,1886.541,124201.71,0.64511716,38551.746,0.017041441
1280,2391.541,1937.041,134733.8,0.63212895,26400.213,0.017154397
1281,1952.1599,1938.5529,121280.984,0.60908204,11314.815,0.017154397
1282,1598.8267,1904.5802,119540.13,0.628711,3429.0886,0.017154397
1283,1822.4705,1896.3693,108192.9,0.6365235,5560.4346,0.017154397
1284,3369.5488,2043.6873,292696.84,0.64277345,70195.14,0.017154397
1285,1824.676,2021.7861,267744.1,0.62138677,5464.1216,0.017258827
1286,1742.3733,1993.8448,247996.12,0.63852537,3739.879,0.017258827
1287,1768.2665,1971.287,227776.22,0.63325197,3920.9888,0.017258827
1288,1894.8558,1963.6439,205524.34,0.6288086,8787.031,0.017258827
1289,1859.3503,1953.2146,185950.84,0.63911134,5473.2144,0.017258827
1290,1706.3291,1928.526,172841.48,0.6196778,1908.3845,0.01736241
1291,1738.1821,1909.4916,158818.11,0.6467285,4098.2344,0.01736241
1292,1736.0664,1892.149,145643.16,0.64375,3851.9856,0.01736241
1293,1869.6816,1889.9023,131124.27,0.6452637,10187.492,0.01736241
1294,2116.6567,1912.5778,122639.414,0.62509763,21307.031,0.01736241
1295,1633.3239,1884.6523,117393.914,0.61870116,734.9655,0.017465767
1296,1651.5691,1861.344,110544.02,0.6387695,572.357,0.017465767
1297,1671.5786,1842.3674,102730.59,0.63203126,1230.0513,0.017465767
1298,1873.7556,1845.5062,92546.2,0.62578124,8716.207,0.017465767
1299,1688.136,1829.7692,85520.47,0.6214844,1361.558,0.017465767
1300,1771.1094,1823.9032,77278.1,0.632959,3896.2703,0.017582268
1301,2616.9536,1903.2083,126153.9,0.6395508,38265.535,0.017582268
1302,1876.0312,1900.4906,113604.98,0.6279297,8338.91,0.017582268
1303,1619.8942,1872.4309,109330.57,0.6310059,371.11395,0.017582268
1304,1632.1858,1848.4064,103592.11,0.64165044,411.99405,0.017582268
1305,2324.4941,1896.0151,113632.25,0.6425293,31739.023,0.017708011
1306,2257.8213,1932.1958,114050.35,0.6384766,28571.879,0.017708011
1307,1625.1582,1901.4921,111129.805,0.6308594,647.2936,0.017708011
1308,1676.5193,1878.9948,104571.97,0.6467774,1756.8105,0.017708011
1309,1715.3003,1862.6252,96526.4,0.6437988,3283.4456,0.017708011
1310,1710.554,1847.4181,88955.07,0.63803715,2642.088,0.01783065
1311,1841.3417,1846.8104,80062.89,0.64155275,7030.525,0.01783065
1312,1806.5438,1842.7838,72202.52,0.6355957,4572.1616,0.01783065
1313,1728.9696,1831.4023,66148.1,0.62294924,4078.9248,0.01783065
1314,1842.4443,1832.5066,59544.266,0.6347656,7532.2007,0.01783065
1315,1993.9863,1848.6545,55936.652,0.6328614,15420.863,0.0179495
1316,1769.02,1840.691,50913.734,0.6218262,3631.889,0.0179495
1317,1676.9478,1824.3167,48235.43,0.6365235,2124.3098,0.0179495
1318,4905.081,2132.393,897611.7,0.62353516,149683.73,0.0179495
1319,1658.7756,2085.0312,828038.75,0.6227051,1180.5682,0.0179495
1320,1680.5798,2044.586,759957.2,0.63750005,2430.2576,0.018073328
1321,1670.3337,2007.1609,696567.3,0.63911134,956.6955,0.018073328
1322,2103.5142,2016.7963,627746.1,0.62905276,13806.462,0.018073328
1323,2145.5796,2029.6746,566464.1,0.6367676,14665.799,0.018073328
1324,2091.6946,2035.8766,510163.88,0.62714845,19958.408,0.018073328
1325,3233.2563,2155.6145,588182.1,0.62280273,73960.164,0.018184643
1326,1724.9644,2112.5496,546055.25,0.63120115,2643.479,0.018184643
1327,5295.52,2430.8467,1.4032668e+06,0.63896483,165165.89,0.018184643
1328,1656.7279,2353.4348,1.3168735e+06,0.62890625,1648.918,0.018184643
1329,1694.981,2287.5894,1.2242066e+06,0.6381348,2144.1912,0.018184643
1330,1651.3691,2223.9673,1.1382158e+06,0.6280273,1094.4391,0.018301426
1331,1619.0625,2163.4768,1.057326e+06,0.6335938,451.2115,0.018301426
1332,1687.2886,2115.858,972001.3,0.6413086,2763.0598,0.018301426
1333,1720.0581,2076.2778,888900.3,0.63251954,3024.2876,0.018301426
1334,1783.0732,2046.9574,807747.44,0.62280273,5094.4453,0.018301426
1335,1698.4475,2012.1064,737904.0,0.62587893,2881.1252,0.01841698
1336,1752.3417,1986.13,670186.56,0.62236327,5191.315,0.01841698
1337,2971.2312,2084.6401,690506.06,0.6191406,59742.33,0.01841698
1338,1656.7373,2041.8499,637934.5,0.62094724,2471.3438,0.01841698
1339,1625.2927,2000.1941,589757.8,0.64223635,864.42474,0.01841698
1340,1653.6858,1965.5432,541588.1,0.62890625,1257.6913,0.018536067
1341,1794.0122,1948.3901,490077.38,0.64042974,7268.8438,0.018536067
1342,1643.5962,1917.9108,449430.56,0.6265137,1558.2657,0.018536067
1343,1635.5344,1889.6731,411663.75,0.6300293,1175.0424,0.018536067
1344,3917.754,2092.4812,740677.44,0.6277832,101825.984,0.018536067
1345,1628.3181,2046.065,685999.94,0.61406255,1384.1416,0.018642085
1346,1674.3348,2008.892,629836.44,0.62949216,3219.6777,0.018642085
1347,1926.8326,2000.686,567458.8,0.62753904,9432.055,0.018642085
1348,7054.569,2506.0742,2.8094685e+06,0.62939453,245457.44,0.018642085
1349,1611.251,2416.5918,2.6005852e+06,0.62138677,1260.1193,0.018642085
1350,1928.6606,2367.7986,2.3619538e+06,0.63374025,13649.529,0.01876716
1351,1633.0491,2294.3237,2.1743455e+06,0.6291992,1053.4454,0.01876716
1352,1620.2433,2226.9158,1.9978055e+06,0.6239746,852.82574,0.01876716
1353,1622.2985,2166.454,1.8309255e+06,0.6256348,750.31226,0.01876716
1354,1646.3094,2114.4397,1.6721824e+06,0.6269043,1637.1562,0.01876716
1355,1805.6592,2083.5615,1.5135451e+06,0.6273926,7490.7017,0.01888708
1356,1657.2336,2040.9287,1.3785485e+06,0.6286621,2098.432,0.01888708
1357,1669.6666,2003.8025,1.2530988e+06,0.62666017,1990.6552,0.01888708
1358,1823.4297,1985.7653,1.1307169e+06,0.62065434,9967.714,0.01888708
1359,1592.4016,1946.429,1.0315713e+06,0.614209,569.51337,0.01888708
1360,1609.7245,1912.7585,938617.44,0.62719727,522.6331,0.019007582
1361,3545.892,2076.0718,1.084797e+06,0.626416,81970.15,0.019007582
1362,1716.7881,2040.1434,987934.94,0.61928713,3347.9817,0.019007582
1363,3095.0393,2145.633,989293.94,0.6311035,48667.375,0.019007582
1364,1782.8358,2109.3533,902210.5,0.6196289,5125.4014,0.019007582
1365,1697.8374,2068.2017,827230.5,0.6154785,3338.5588,0.01911765
1366,4737.363,2335.1177,1.3857054e+06,0.62587893,140278.22,0.01911765
1367,1607.225,2262.3284,1.2948192e+06,0.60913086,880.25885,0.01911765
1368,1652.9224,2201.3877,1.1987611e+06,0.6269531,1208.886,0.01911765
1369,1763.4255,2157.5916,1.096148e+06,0.6211426,6272.533,0.01911765
1370,2535.1577,2195.3481,999363.25,0.61528325,37813.633,0.019228166
1371,1634.185,2139.232,927768.25,0.60532224,1416.7874,0.019228166
1372,1637.7036,2089.079,857629.2,0.6168457,1062.7599,0.019228166
1373,1617.4312,2041.9143,791886.94,0.6173828,624.54456,0.019228166
1374,1630.356,2000.7584,727942.44,0.61694336,1092.1578,0.019228166
1375,1618.9136,1962.574,668270.7,0.62719727,840.6852,0.019350844
1376,1610.8335,1927.3999,612578.5,0.62836915,723.96356,0.019350844
1377,1596.8379,1894.3438,561155.06,0.6164551,600.45654,0.019350844
1378,1769.4495,1881.8544,506443.44,0.61699224,7598.0376,0.019350844
1379,1583.5833,1852.0272,463806.0,0.62050784,507.15973,0.019350844
1380,1591.9829,1826.0228,423511.47,0.6279297,706.99603,0.019475019
1381,1615.5643,1804.9769,385146.66,0.6239746,1858.0864,0.019475019
1382,1572.9067,1781.7699,351479.06,0.6303711,261.23074,0.019475019
1383,1618.7163,1765.4646,318723.94,0.6339356,2021.913,0.019475019
1384,1578.3679,1746.7549,290002.0,0.62709963,516.65076,0.019475019
1385,1585.3499,1730.6144,263346.44,0.63364255,532.75757,0.01960559
1386,1597.0068,1717.2537,238618.38,0.6241211,1017.1683,0.01960559
1387,1611.2341,1706.6517,215768.14,0.6195801,1824.8073,0.01960559
1388,1594.072,1695.3938,195332.0,0.6253418,1071.2013,0.01960559
1389,1577.4958,1683.604,177049.8,0.62587893,430.5182,0.01960559
1390,1597.2134,1674.965,160016.52,0.6342285,735.07324,0.019737616
1391,1661.4727,1673.6157,144031.25,0.6263672,3669.073,0.019737616
1392,1915.0679,1697.761,134875.03,0.6265625,12973.036,0.019737616
1393,1724.7611,1700.4609,121453.14,0.6044922,4687.799,0.019737616
1394,2099.8335,1740.3982,123662.68,0.617041,18612.129,0.019737616
1395,1949.7505,1761.3334,115240.96,0.59843755,11003.626,0.019835
1396,3736.177,1958.8177,454717.5,0.606543,82410.64,0.019835
1397,1608.0215,1923.7382,420320.97,0.59047854,1544.297,0.019835
1398,3743.6172,2105.726,676365.25,0.6148926,94107.5,0.019835
1399,1826.1045,2077.764,615765.6,0.6011231,5532.0137,0.019835
1400,4286.799,2298.6675,993374.2,0.60927737,84836.48,0.019943673
1401,1593.254,2228.1262,938821.5,0.5998047,752.47614,0.019943673
1402,1636.828,2168.9963,876406.4,0.6148438,2285.0134,0.019943673
1403,1583.443,2110.441,819624.25,0.5997559,459.1091,0.019943673
1404,3181.6685,2217.5637,840939.4,0.61928713,71460.4,0.019943673
1405,1589.7678,2154.7842,792316.9,0.6074219,454.03876,0.020051079
1406,1604.4255,2099.7483,740345.7,0.61206055,581.8878,0.020051079
1407,1641.8062,2053.954,685185.1,0.60654294,1384.4193,0.020051079
1408,1633.7368,2011.9324,632559.0,0.62138677,890.89764,0.020051079
1409,4097.4116,2220.4802,960733.2,0.6062988,68457.47,0.020051079
1410,1818.2302,2180.2551,879222.3,0.60371095,8113.6943,0.02015533
1411,2153.2466,2177.5542,791365.7,0.6,13440.662,0.02015533
1412,3524.2117,2312.22,875442.9,0.57075197,61654.54,0.02015533
1413,2011.7585,2282.1738,796023.5,0.5876465,17677.725,0.02015533
1414,1677.321,2221.6885,749347.4,0.60869145,1376.6841,0.02015533
1415,1692.7861,2168.7983,699589.0,0.60366213,2661.353,0.020260068
1416,1725.3575,2124.4543,647327.7,0.597998,4915.771,0.020260068
1417,1699.0708,2081.916,598880.5,0.60024416,2922.612,0.020260068
1418,1684.052,2042.1296,553239.06,0.60166013,2677.4639,0.020260068
1419,1621.8247,2000.0991,513814.22,0.59824216,1127.5924,0.020260068
1420,1732.592,1973.3484,468873.2,0.61269534,3660.5007,0.020374551
1421,1702.4895,1946.2625,428588.7,0.61201173,3617.8928,0.020374551
1422,2034.575,1955.0938,386431.72,0.6019043,20398.652,0.020374551
1423,1573.5222,1916.9366,360892.25,0.59233403,672.92926,0.020374551
1424,1664.3737,1891.6803,330543.94,0.6124512,3378.4326,0.020374551
1425,1729.4548,1875.4578,299858.1,0.6010254,6013.2847,0.02047773
1426,1612.75,1849.187,276083.66,0.595752,1563.246,0.02047773
1427,1674.217,1831.6901,251230.58,0.61694336,3093.104,0.02047773
1428,1591.8689,1807.708,231283.8,0.6015625,541.63257,0.02047773
1429,1597.3567,1786.6729,212137.7,0.5993164,798.49316,0.02047773
1430,1602.4834,1768.2539,193977.25,0.61376953,761.7361,0.02059455
1431,1686.5155,1760.0801,175180.81,0.60419923,2984.235,0.02059455
1432,1805.7568,1764.6477,157850.5,0.60625005,8551.363,0.02059455
1433,3097.9204,1897.975,302050.9,0.5788574,65246.39,0.02059455
1434,1543.1931,1862.4968,283174.12,0.5698242,806.49493,0.02059455
1435,1599.5452,1836.2017,261079.61,0.6029297,603.8292,0.020700812
1436,1603.1444,1812.896,239860.06,0.60454106,912.76953,0.020700812
1437,1684.1154,1800.018,217366.64,0.6070312,4539.493,0.020700812
1438,1609.4307,1780.9592,198899.08,0.5914062,860.1237,0.020700812
1439,1615.2244,1764.3857,181481.28,0.60488284,1041.2404,0.020700812
1440,1586.4358,1746.5907,166183.11,0.5925293,515.44385,0.020796807
1441,1605.25,1732.4567,151362.73,0.603125,1818.3063,0.020796807
1442,1800.3938,1739.2504,136641.84,0.6026856,9595.714,0.020796807
1443,1733.3154,1738.6569,122980.82,0.5949219,6301.354,0.020796807
1444,1828.9257,1747.6837,111416.09,0.58549803,11475.845,0.020796807
1445,1828.0945,1755.7249,100856.41,0.59160155,9455.653,0.020892275
1446,1722.8516,1752.4375,90868.016,0.59594727,6509.1704,0.020892275
1447,1566.2356,1733.8173,84901.62,0.59223634,300.82782,0.020892275
1448,1622.4325,1722.6788,77528.05,0.5936035,2110.4915,0.020892275
1449,1663.3021,1716.7412,70092.55,0.5870606,4412.5283,0.020892275
1450,1575.4644,1702.6135,64879.613,0.5889648,582.4266,0.020985415
1451,1575.3967,1689.8918,59848.22,0.601709,384.57013,0.020985415
1452,1741.2251,1695.0251,54100.555,0.6023438,5477.142,0.020985415
1453,1730.9004,1698.6127,48806.332,0.5982422,5030.293,0.020985415
1454,1740.666,1702.818,44084.86,0.5819336,7710.544,0.020985415
1455,1872.4655,1719.7827,42266.598,0.5916016,9869.13,0.02108175
1456,1724.0957,1720.214,38041.61,0.5854981,6664.42,0.02108175
1457,1878.7772,1736.0703,36500.254,0.580127,13035.527,0.02108175
1458,1573.8989,1719.8531,35217.188,0.5773926,1042.8828,0.02108175
1459,1717.2804,1719.5958,31696.062,0.5907715,6291.7783,0.02108175
1460,1606.2273,1708.259,29683.174,0.5878906,1107.3843,0.021174598
1461,1580.1117,1695.4443,28192.812,0.5869629,451.2329,0.021174598
1462,1612.9222,1687.1921,25986.422,0.5987793,1252.3604,0.021174598
1463,6478.038,2166.2766,2.089086e+06,0.595166,218892.39,0.021174598
1464,1825.0535,2132.1543,1.8906562e+06,0.58940434,11285.141,0.021174598
1465,1652.9393,2084.233,1.7222589e+06,0.5911621,2631.8484,0.021271335
1466,2504.79,2126.2886,1.5659511e+06,0.5889648,40787.91,0.021271335
1467,1625.5896,2076.2188,1.431919e+06,0.5876465,1672.1566,0.021271335
1468,1593.0931,2027.9062,1.309734e+06,0.5875,1242.0709,0.021271335
1469,1681.5918,1993.2748,1.1895546e+06,0.59506834,5399.5073,0.021271335
1470,1570.9382,1951.0411,1.0866524e+06,0.59228516,485.53653,0.021369712
1471,1563.875,1912.3245,991477.9,0.5980469,446.1673,0.021369712
1472,1565.9496,1877.687,903127.9,0.60556644,615.7546,0.021369712
1473,1570.3162,1846.95,821318.0,0.5977051,707.51904,0.021369712
1474,1582.427,1820.4977,745483.7,0.601709,1351.7354,0.021369712
1475,1539.8386,1792.4318,678024.56,0.6052246,173.14975,0.02148244
1476,1907.1584,1803.9044,611406.7,0.6052246,16950.236,0.02148244
1477,1551.8586,1778.6998,555983.44,0.59760743,887.09247,0.02148244
1478,1548.3159,1755.6614,505162.0,0.6140137,475.6711,0.02148244
1479,1540.6576,1734.161,458806.2,0.6147461,385.7571,0.02148244
1480,2063.0732,1767.0522,422662.03,0.6129883,19490.977,0.021604145
1481,1748.2288,1765.1699,380427.72,0.6020508,9748.217,0.021604145
1482,1572.9884,1745.9518,345708.97,0.6133789,1218.6887,0.021604145
1483,1548.4014,1726.1968,314650.44,0.6075684,665.85693,0.021604145
1484,2540.1365,1807.5907,342810.2,0.60561526,42410.527,0.021604145
1485,1534.9662,1780.3282,315218.3,0.5993164,1510.1421,0.021711694
1486,1563.0652,1758.6019,287944.75,0.6086914,661.00323,0.021711694
1487,1776.736,1760.4153,259179.86,0.6087402,6768.495,0.021711694
1488,1641.7617,1748.5499,234528.94,0.5993164,3820.2793,0.021711694
1489,1558.621,1729.557,214322.61,0.6065918,927.9101,0.021711694
1490,1801.7571,1736.777,193359.5,0.6053711,11357.681,0.021826385
1491,1664.3599,1729.5353,174495.53,0.5973633,6147.8403,0.021826385
1492,1585.0986,1715.0916,158923.55,0.60131836,2575.4387,0.021826385
1493,1533.8597,1696.9684,145987.23,0.6046387,257.12173,0.021826385
1494,1548.6536,1682.137,133368.27,0.6093262,1036.2473,0.021826385
1495,1581.6095,1672.0842,120940.95,0.61357427,1963.9403,0.02195068
1496,1576.98,1662.5739,109660.89,0.6164551,1224.1233,0.02195068
1497,5050.4463,2001.3611,1.1316861e+06,0.6083008,153191.88,0.02195068
1498,1557.8279,1957.0078,1.0362224e+06,0.5985352,870.7218,0.02195068
1499,1632.7101,1924.578,942065.3,0.61621094,4135.1616,0.02195068
1500,6426.1406,2374.7344,2.6716245e+06,0.61113286,221729.62,0.022072991
1501,1631.3849,2300.3994,2.454193e+06,0.6117676,3620.3577,0.022072991
1502,1544.1316,2224.7727,2.2602482e+06,0.61030275,641.7407,0.022072991
1503,1541.5195,2156.4473,2.0762385e+06,0.6075195,586.42706,0.022072991
1504,1529.8723,2093.7898,1.9039481e+06,0.6100586,315.07864,0.022072991
1505,1528.1111,2037.2219,1.7423526e+06,0.6112305,310.26773,0.022196095
1506,1523.5585,1985.8556,1.5918639e+06,0.6055176,373.5964,0.022196095
1507,1545.5825,1941.8282,1.450123e+06,0.6144043,924.6548,0.022196095
1508,1661.7307,1913.8185,1.3121716e+06,0.6104492,4461.4873,0.022196095
1509,1605.1372,1882.9503,1.18953e+06,0.6074219,3345.3357,0.022196095
1510,1586.0728,1853.2626,1.0785092e+06,0.60532224,3010.8557,0.022313293
1511,1538.2192,1821.7583,979591.0,0.60605466,524.6852,0.022313293
1512,1640.3131,1803.6138,884594.9,0.6196289,4692.315,0.022313293
1513,1509.0725,1774.1597,803943.25,0.5979004,425.53583,0.022313293
1514,1626.0913,1759.3528,725522.1,0.61450195,4698.386,0.022313293
1515,1588.2429,1742.2418,655605.0,0.6058594,2571.623,0.022431709
1516,1535.1218,1721.5298,593905.4,0.59711915,455.18802,0.022431709
1517,1529.929,1702.3698,537818.75,0.60908204,433.40677,0.022431709
1518,1525.613,1684.6941,486848.75,0.6044434,476.55194,0.022431709
1519,1580.7529,1674.2999,439136.2,0.60058594,1680.1332,0.022431709
1520,1612.7129,1668.1412,395563.9,0.60200197,3553.105,0.022546401
1521,1531.7307,1654.5002,357682.22,0.6122559,591.5831,0.022546401
1522,1525.5438,1641.6046,323410.66,0.6081543,335.10092,0.022546401
1523,1553.4984,1632.794,291768.25,0.61567384,1014.83575,0.022546401
1524,1930.5691,1662.5714,270571.72,0.6035645,15987.826,0.022546401
1525,1555.6194,1651.8762,244544.03,0.5966309,1144.8015,0.0226556
1526,1530.5784,1639.7465,221413.8,0.5930176,327.40573,0.0226556
1527,1551.368,1630.9086,199975.38,0.595166,1030.5408,0.0226556
1528,1607.3672,1628.5544,180027.72,0.5914551,3396.6992,0.0226556
1529,1606.7643,1626.3755,162067.67,0.5886719,3303.9014,0.0226556
1530,1552.5284,1618.9907,146351.7,0.60434574,856.22876,0.02277411
1531,1566.7969,1613.7714,131961.7,0.60625005,1535.1857,0.02277411
1532,1601.3516,1612.5294,118779.41,0.60312504,1486.6592,0.02277411
1533,2097.1768,1660.9941,128040.945,0.59306645,19038.99,0.02277411
1534,2063.3745,1701.2322,129808.74,0.57622075,22769.133,0.02277411
1535,1526.844,1683.7933,119564.87,0.58066404,384.4908,0.022866145
1536,1553.1978,1670.7338,109143.35,0.59707034,678.361,0.022866145
1537,1605.1941,1664.1798,98615.61,0.5980469,3060.3613,0.022866145
1538,3072.6992,1805.0317,267307.47,0.59360355,66647.86,0.022866145
1539,1551.335,1779.6621,246369.31,0.58999026,819.24347,0.022866145
1540,1572.7058,1758.9664,225587.16,0.5960938,1518.9716,0.022976272
1541,1639.277,1746.9974,204317.73,0.5850586,3112.147,0.022976272
1542,1632.3079,1735.5284,185069.8,0.5907227,2818.4714,0.022976272
1543,1828.2063,1744.7963,167335.84,0.584375,7673.9756,0.022976272
1544,3443.0098,1914.6177,410155.88,0.5787109,59925.56,0.022976272
1545,1912.7922,1914.4352,369140.6,0.5703125,13367.947,0.023057193
1546,1648.9294,1887.8846,338570.94,0.5660156,3501.5532,0.023057193
1547,1564.469,1855.5431,314127.62,0.57612306,997.177,0.023057193
1548,1571.3862,1827.1274,289981.9,0.58320314,1312.2123,0.023057193
1549,2326.858,1877.1005,283459.47,0.58813477,34216.523,0.023057193
1550,1585.5316,1847.9436,262764.62,0.5891602,1147.2686,0.02316021
1551,1575.5339,1820.7026,243166.78,0.58251953,949.0142,0.02316021
1552,2164.2217,1855.0546,229470.58,0.57670903,23619.154,0.02316021
1553,1556.7097,1825.2201,214534.39,0.567334,769.68677,0.02316021
1554,1566.0524,1799.3033,199126.06,0.5792481,814.13403,0.02316021
1555,1751.8893,1794.5619,179415.78,0.5804688,5676.735,0.023253584
1556,1619.8728,1777.093,164220.66,0.5739258,2813.1868,0.023253584
1557,1895.7627,1788.96,149066.02,0.5865723,12307.851,0.023253584
1558,1605.7871,1770.6427,137179.12,0.5799805,2733.8206,0.023253584
1559,1723.709,1765.9493,123659.46,0.59047854,7381.928,0.023253584
1560,1601.1908,1749.4735,113736.59,0.5770508,2178.0027,0.023343343
1561,1551.5845,1729.6846,105887.336,0.5782715,567.82104,0.023343343
1562,1745.249,1731.241,95320.41,0.5770019,8016.684,0.023343343
1563,1686.0697,1726.7239,85972.01,0.5742676,5113.672,0.023343343
1564,1577.7916,1711.8307,79371.08,0.5756836,1684.6614,0.023343343
1565,1766.1477,1717.2625,71699.5,0.5921875,7255.0674,0.023451189
1566,3318.8914,1877.4253,295398.9,0.581836,74928.27,0.023451189
1567,1572.8168,1846.9645,274209.78,0.57978517,1641.1188,0.023451189
1568,1620.3717,1824.3052,251409.8,0.5800781,2403.1887,0.023451189
1569,1881.5186,1830.0265,226563.42,0.5817871,10896.245,0.023451189
1570,1553.0586,1802.3297,210811.1,0.5746582,2098.4412,0.023538895
1571,1539.1041,1776.0072,195965.88,0.5810059,359.63153,0.023538895
1572,1569.5085,1755.3573,180207.03,0.58232427,1369.4967,0.023538895
1573,1591.631,1738.9846,164598.89,0.569043,2333.6362,0.023538895
1574,1546.1101,1719.6971,151487.05,0.57602537,745.33276,0.023538895
1575,1542.9803,1702.0255,139148.94,0.5745605,1250.4366,0.02362681
1576,1537.8832,1685.6113,127658.88,0.5774902,485.05676,0.02362681
1577,1560.331,1673.0833,116305.555,0.5873535,1201.4093,0.02362681
1578,1546.2627,1660.4012,106122.51,0.5727539,951.40924,0.02362681
1579,1985.5078,1692.9119,105022.74,0.5792481,20692.846,0.02362681
1580,1506.6099,1674.2816,97644.23,0.56049806,584.4906,0.023698384
1581,3658.7778,1872.7312,442320.06,0.58510745,95558.125,0.023698384
1582,1551.2308,1840.5812,407390.66,0.57734376,971.5602,0.023698384
1583,2502.7812,1906.8011,406117.4,0.57973635,36487.14,0.023698384
1584,1567.573,1872.8783,375862.47,0.58515626,1044.7814,0.023698384
1585,1547.791,1840.3696,347787.6,0.5769532,925.9908,0.023789741
1586,1568.3193,1813.1646,319669.84,0.58095706,1348.9095,0.023789741
1587,1617.729,1793.621,291140.4,0.57836914,3751.8037,0.023789741
1588,1592.5146,1773.5104,265666.28,0.5760254,2676.4312,0.023789741
1589,1628.6543,1759.0248,240988.16,0.5732422,4182.9097,0.023789741
1590,1558.4739,1738.9697,220509.19,0.57075197,1021.72424,0.023874052
1591,1526.8663,1717.7594,202507.17,0.5665039,350.82022,0.023874052
1592,1551.8058,1701.1641,184735.11,0.57788086,637.16003,0.023874052
1593,2098.2563,1740.8733,180453.0,0.5734863,18690.266,0.023874052
1594,1608.9996,1727.6859,163972.86,0.5747559,2695.683,0.023874052
1595,1587.7827,1713.6956,149337.14,0.58081055,1924.7174,0.023970708
1596,1529.1578,1695.2418,137468.3,0.5657227,653.6211,0.023970708
1597,1594.8293,1685.2006,124628.91,0.5823731,3198.1904,0.023970708
1598,1520.8137,1668.7618,114598.086,0.5770019,242.55273,0.023970708
1599,1514.3236,1653.318,105284.88,0.5789551,179.59299,0.023970708
1600,1541.4812,1642.1343,95882.07,0.5859375,1150.6167,0.024073927
1601,1662.4075,1644.1616,86330.85,0.570459,6617.022,0.024073927
1602,1528.5282,1632.5983,78901.164,0.57124025,811.8524,0.024073927
1603,1512.0543,1620.5438,72318.82,0.5774902,293.19406,0.024073927
1604,1516.2437,1610.1138,66066.0,0.5824707,318.88916,0.024073927
1605,1507.4048,1599.8429,60408.82,0.58188474,190.34721,0.02417269
1606,1535.7399,1593.4326,54737.76,0.5867188,1520.6967,0.02417269
1607,1641.5033,1598.2397,49471.953,0.58930665,6249.6436,0.02417269
1608,7778.9087,2216.3066,3.4825848e+06,0.58095706,283894.1,0.02417269
1609,1508.4236,2145.5183,3.179425e+06,0.57592773,907.4798,0.02417269
1610,1664.0437,2097.3708,2.882346e+06,0.5813477,5627.081,0.024271213
1611,1547.456,2042.3794,2.621328e+06,0.5764649,1970.7212,0.024271213
1612,1514.8628,1989.6277,2.38424e+06,0.5807129,516.2073,0.024271213
1613,1517.2662,1942.3916,2.1658972e+06,0.58759767,498.0189,0.024271213
1614,1565.3417,1904.6866,1.9621025e+06,0.5850098,2611.7012,0.024271213
1615,2780.766,1992.2946,1.8349685e+06,0.56455076,38399.094,0.024349673
1616,2054.683,1998.5334,1.6518219e+06,0.5587891,25031.395,0.024349673
1617,1739.2375,1972.6039,1.4926906e+06,0.54897463,10728.676,0.024349673
1618,1542.23,1929.5665,1.3600915e+06,0.5621582,1816.8679,0.024349673
1619,1529.2607,1889.5359,1.2385044e+06,0.57070315,818.05225,0.024349673
1620,1578.065,1858.3888,1.1233851e+06,0.5726074,2488.2588,0.024438232
1621,1597.7706,1832.327,1.0171595e+06,0.57670903,3687.6973,0.024438232
1622,4060.9565,2055.19,1.3624545e+06,0.5690918,115000.29,0.024438232
1623,1570.8877,2006.7598,1.2473184e+06,0.5583496,2969.3728,0.024438232
1624,1560.3475,1962.1185,1.140522e+06,0.57822263,1274.4384,0.024438232
1625,1581.0393,1924.0106,1.0395397e+06,0.5729004,2475.1191,0.024527472
1626,1529.0226,1884.5118,949627.1,0.570459,691.1292,0.024527472
1627,1728.0835,1868.869,856866.7,0.57197267,9510.877,0.024527472
1628,1607.6052,1842.7427,777323.3,0.5672363,4077.3337,0.024527472
1629,1550.1208,1813.4805,707297.44,0.57421875,1521.0223,0.024527472
1630,1519.7596,1784.1084,644332.1,0.5673828,578.4212,0.024610246
1631,1525.1819,1758.2157,585932.75,0.5754883,1107.0026,0.024610246
1632,1566.3256,1739.0267,530653.44,0.5775391,2245.0178,0.024610246
1633,1513.4742,1716.4714,482166.72,0.5683594,377.2909,0.024610246
1634,1524.0466,1697.229,437282.47,0.5739258,940.0064,0.024610246
1635,1509.7588,1678.4819,396717.25,0.5674317,306.9713,0.024693357
1636,2224.709,1733.1046,383898.28,0.57592773,32350.254,0.024693357
1637,1539.4342,1713.7375,348884.2,0.56098634,1819.705,0.024693357
1638,1631.4202,1705.5059,314605.62,0.5685547,5766.3135,0.024693357
1639,1692.2106,1704.1763,283160.97,0.56162107,8113.231,0.024693357
1640,1595.906,1693.3492,255899.89,0.57773435,2558.2185,0.02478952
1641,1572.8315,1681.2975,231617.11,0.57285154,2292.6072,0.02478952
1642,1514.4656,1664.6143,210960.34,0.56992185,353.35376,0.02478952
1643,1533.5427,1651.5071,191410.47,0.56777346,774.434,0.02478952
1644,1572.1292,1643.5693,172836.48,0.56381834,1721.5608,0.02478952
1645,1754.999,1654.7123,156670.33,0.5735352,6868.8843,0.02488083
1646,1710.3839,1660.2794,141282.23,0.56171876,5087.0894,0.02488083
1647,4159.8755,1910.239,689472.3,0.5562012,118871.586,0.02488083
1648,1569.5801,1876.1731,630969.44,0.54477537,2172.1987,0.02488083
1649,1533.7749,1841.9332,578423.75,0.56333005,836.69977,0.02488083
1650,1590.8961,1816.8295,526253.1,0.5571289,3244.444,0.024952006
1651,1878.5007,1822.9966,473970.1,0.5673828,16944.56,0.024952006
1652,1532.0133,1793.8982,434193.5,0.5596192,1433.4296,0.024952006
1653,1513.812,1765.8895,397834.47,0.5691407,423.37054,0.024952006
1654,1539.0026,1743.2008,362684.0,0.5720703,1252.8221,0.024952006
1655,1548.9717,1723.7778,329810.84,0.5664551,1802.0896,0.025035053
1656,1548.1304,1706.2131,299606.44,0.56416017,1191.0183,0.025035053
1657,1846.2589,1720.2178,271410.94,0.5604004,13945.737,0.025035053
1658,1953.8167,1743.5776,249181.0,0.5512207,19514.957,0.025035053
1659,1590.785,1728.2983,226364.0,0.55278325,2218.66,0.025035053
1660,1562.9153,1711.76,206189.23,0.548584,2970.135,0.025095943
1661,1543.7643,1694.9604,188110.33,0.56572264,1137.6976,0.025095943
1662,1550.3839,1680.5028,171180.5,0.5558594,1615.9105,0.025095943
1663,1505.5215,1663.0046,156818.11,0.5574219,228.35435,0.025095943
1664,1532.5203,1649.9562,142668.66,0.5635254,805.4452,0.025095943
1665,1552.4274,1640.2032,129257.86,0.5661621,1120.9473,0.0251791
1666,1556.2816,1631.811,116965.92,0.5510254,1444.4712,0.0251791
1667,1548.1724,1623.4471,105898.914,0.56533206,1223.8634,0.0251791
1668,1517.2212,1612.8246,96324.58,0.5453125,445.77734,0.0251791
1669,1512.7444,1602.8165,87593.56,0.5600586,329.61026,0.0251791
1670,1606.4133,1603.1763,78835.375,0.55927736,3750.668,0.025253838
1671,1588.0354,1601.6622,70972.47,0.5586914,3030.0403,0.025253838
1672,1545.5845,1596.0544,64158.242,0.5445312,1475.543,0.025253838
1673,1527.4204,1589.191,58166.37,0.563086,727.51385,0.025253838
1674,1536.2383,1583.8958,52602.09,0.5595703,797.89655,0.025253838
1675,1619.4248,1587.4486,47455.49,0.56166995,3894.2715,0.025331825
1676,1517.6962,1580.4734,43147.824,0.5410645,760.6732,0.025331825
1677,1573.3759,1579.7637,38837.574,0.55024415,3058.7654,0.025331825
1678,1529.5896,1574.7462,35180.383,0.54619145,833.91486,0.025331825
1679,1539.5488,1571.2264,31773.842,0.5620117,833.4886,0.025331825
1680,2520.5444,1666.1582,109704.875,0.54541016,44669.367,0.025389407
1681,1580.2783,1657.5702,99398.17,0.54233396,3529.0764,0.025389407
1682,1788.306,1670.6438,90996.62,0.5536133,12624.897,0.025389407
1683,1502.0466,1653.784,84455.2,0.54589844,311.74677,0.025389407
1684,1535.6798,1641.9736,77265.055,0.5586426,721.62714,0.025389407
1685,1522.498,1630.0261,70823.25,0.56181645,695.95856,0.025468001
1686,1517.9181,1618.8153,64872.062,0.5621582,557.7587,0.025468001
1687,1497.7083,1606.7046,59704.88,0.5574707,180.67546,0.025468001
1688,1498.5872,1595.8928,54786.434,0.56704104,186.34601,0.025468001
1689,1502.6902,1586.5725,50089.594,0.56411135,546.89886,0.025468001
1690,1512.4194,1579.1572,45575.51,0.56464845,607.34216,0.02555046
1691,1670.0623,1588.2477,41761.695,0.5602539,7194.6416,0.02555046
1692,1685.0363,1597.9265,38428.65,0.55844724,8392.118,0.02555046
1693,1500.9897,1588.2328,35431.49,0.54833984,429.91983,0.02555046
1694,1497.3638,1579.1459,32631.486,0.56293947,211.67479,0.02555046
1695,1504.8567,1571.7169,29865.037,0.56718755,619.2355,0.025636436
1696,2402.2373,1654.7689,88957.305,0.56416017,40222.668,0.025636436
1697,1562.8235,1645.5743,80822.43,0.56118166,1844.703,0.025636436
1698,1533.417,1634.3586,73872.32,0.55732423,1449.0597,0.025636436
1699,1518.0736,1622.7301,67702.086,0.5574707,992.848,0.025636436
1700,1501.3148,1610.5886,62258.625,0.5626465,1009.50824,0.025716865
1701,1488.7615,1598.4059,57368.527,0.56704104,301.1586,0.025716865
1702,1491.6484,1587.7301,52657.418,0.57714844,283.8774,0.025716865
1703,1486.6858,1577.6257,48310.57,0.5690918,256.0691,0.025716865
1704,1492.3381,1569.0969,44134.17,0.5666016,415.48215,0.025716865
1705,1694.29,1581.6162,41131.35,0.56640625,9065.717,0.025802394
1706,1563.8632,1579.841,37046.58,0.56220704,3738.5469,0.025802394
1707,1510.7166,1572.9285,33771.953,0.567334,851.89496,0.025802394
1708,1516.0522,1567.2408,30685.9,0.5770508,1090.6267,0.025802394
1709,1494.9752,1560.0143,28087.318,0.56406254,589.5337,0.025802394
1710,1519.9285,1556.0057,25423.205,0.57119143,1737.2827,0.025894402
1711,1545.8198,1554.9872,22890.22,0.5739258,1867.9032,0.025894402
1712,3782.754,1777.7638,467266.16,0.560791,102825.625,0.025894402
1713,4670.869,2067.0742,1.1738449e+06,0.56240237,143245.86,0.025894402
1714,1504.2908,2010.7959,1.0849656e+06,0.56240237,1045.511,0.025894402
1715,1513.8408,1961.1003,998695.75,0.569043,1250.4617,0.025983945
1716,1709.9897,1935.9893,904501.2,0.57246095,7971.062,0.025983945
1717,1582.4355,1900.6339,825301.06,0.56533206,2925.106,0.025983945
1718,1641.087,1874.6792,748833.75,0.5706543,4433.825,0.025983945
1719,1613.822,1848.5935,680074.5,0.56547856,4488.3047,0.025983945
1720,1510.8462,1814.8187,622333.6,0.5739746,759.30664,0.026080234
1721,1491.3026,1782.4672,569519.9,0.56870115,370.2205,0.026080234
1722,1516.6909,1755.8895,518925.2,0.55556643,1093.6835,0.026080234
1723,1491.9,1729.4906,473304.8,0.5619629,351.10394,0.026080234
1724,1509.6089,1707.5024,430325.66,0.55615234,729.46826,0.026080234
1725,1867.9292,1723.5452,389609.4,0.5529785,13346.435,0.026149409
1726,1594.2769,1710.6183,352152.38,0.5402344,3544.1829,0.026149409
1727,1525.5771,1692.1141,320018.75,0.55317384,843.6147,0.026149409
1728,1928.9535,1715.7981,293065.22,0.56210935,19389.293,0.026149409
1729,1843.9875,1728.6171,265237.62,0.56640625,12943.343,0.026149409
1730,1514.6519,1707.2206,242834.17,0.5484375,1089.4705,0.026212813
1731,1516.3527,1688.1338,221829.5,0.56303716,812.61383,0.026212813
1732,1492.9121,1668.6116,203076.58,0.56625974,326.07254,0.026212813
1733,1490.631,1650.8135,185619.84,0.5564941,391.2788,0.026212813
1734,1488.838,1634.616,169419.11,0.56259763,398.2209,0.026212813
1735,1493.6823,1620.5226,154264.81,0.5609375,869.62524,0.026292806
1736,1517.2654,1610.1969,139797.9,0.56396484,1435.1571,0.026292806
1737,1491.1426,1598.2915,127093.766,0.5595703,604.5384,0.026292806
1738,1476.8701,1586.1494,115711.266,0.56220704,168.76332,0.026292806
1739,1488.4419,1576.3787,104999.35,0.55429685,842.9957,0.026292806
1740,1471.5804,1565.8988,95487.85,0.56513673,231.27057,0.026378576
1741,1502.1023,1559.5192,86305.37,0.57241213,1034.5713,0.026378576
1742,1663.3485,1569.9021,78645.08,0.5579102,8703.426,0.026378576
1743,1482.896,1561.2015,71461.875,0.5620117,1010.9111,0.026378576
1744,1491.499,1554.2313,64752.945,0.5678223,535.6535,0.026378576
1745,1477.6819,1546.5764,58805.03,0.5683594,395.52982,0.026468892
1746,1481.2471,1540.0435,53308.64,0.56821287,377.26657,0.026468892
1747,1494.8262,1535.5217,48161.79,0.5637207,1103.806,0.026468892
1748,1773.7124,1559.3408,48451.742,0.5739746,13191.518,0.026468892
1749,1470.6514,1550.4719,44314.492,0.56049806,211.8999,0.026468892
1750,1481.5227,1543.577,40310.902,0.5626953,338.0819,0.026551994
1751,1795.352,1568.7545,41984.973,0.55620116,14441.526,0.026551994
1752,1488.0518,1560.6842,38372.637,0.54677737,671.3679,0.026551994
1753,1515.4634,1556.1621,34719.414,0.56704104,1224.3269,0.026551994
1754,1491.8833,1549.7343,31619.33,0.55874026,1022.51733,0.026551994
1755,2067.045,1601.4653,52542.324,0.5650879,26088.676,0.026638547
1756,1486.0007,1589.9188,48487.977,0.557959,415.70956,0.026638547
1757,1669.4989,1597.8768,44209.15,0.5595215,8565.543,0.026638547
1758,1486.5106,1586.7402,40904.45,0.55498046,802.74927,0.026638547
1759,1533.9357,1581.4597,37064.953,0.5654785,1973.9994,0.026638547
1760,1554.7959,1578.7933,33422.445,0.55146486,2956.919,0.026707182
1761,1485.5583,1569.4698,30862.549,0.558252,410.46066,0.026707182
1762,1514.861,1564.0089,28044.686,0.5614746,1258.3484,0.026707182
1763,1480.9922,1555.7073,25860.477,0.5571289,214.88383,0.026707182
1764,1763.3854,1576.4751,27156.146,0.55400395,12833.635,0.026707182
1765,1486.4062,1567.4683,25170.646,0.56118166,446.8427,0.026789008
1766,1486.9182,1559.4132,23237.527,0.56030273,357.4178,0.026789008
1767,1478.6436,1551.3362,21500.91,0.561377,250.33267,0.026789008
1768,1473.3942,1543.542,19897.564,0.56044924,135.0703,0.026789008
1769,1481.52,1537.3398,18254.012,0.5586426,428.43488,0.026789008
1770,1614.6665,1545.0725,16966.758,0.566211,6127.6943,0.02687784
1771,1658.5769,1556.423,16429.574,0.5571778,8125.24,0.02687784
1772,1648.2126,1565.6019,15544.898,0.5463867,8271.915,0.02687784
1773,1579.1964,1566.9614,14007.042,0.55522466,2804.2092,0.02687784
1774,1615.9324,1571.8585,12822.171,0.5574219,5647.3984,0.02687784
1775,1530.4412,1567.7168,11694.34,0.545752,1899.2881,0.026939396
1776,1493.2924,1560.2744,11023.415,0.5510742,519.0324,0.026939396
1777,1895.0461,1593.7516,20007.562,0.55683595,18305.303,0.026939396
1778,1604.7775,1594.8541,18017.746,0.5458008,3599.0986,0.026939396
1779,1481.2246,1583.4912,17378.02,0.5453125,469.34348,0.026939396
1780,1587.1733,1583.8594,15641.4375,0.5605469,4417.961,0.027021078
1781,1484.6736,1573.9408,14962.696,0.55258787,463.2389,0.027021078
1782,1493.5035,1565.8971,14048.74,0.55156255,888.0155,0.027021078
1783,1485.8923,1557.8966,13219.935,0.5613282,567.02625,0.027021078
1784,1746.6436,1576.7712,15104.229,0.55390626,9817.128,0.027021078
1785,1520.3687,1571.131,13880.118,0.5397461,1688.7661,0.027074829
1786,1546.8333,1568.7012,12545.24,0.55551755,1498.6464,0.027074829
1787,1691.2158,1580.9526,12641.602,0.551709,7233.4155,0.027074829
1788,1495.257,1572.383,12038.379,0.554541,609.7389,0.027074829
1789,1593.2069,1574.4655,10873.567,0.54960936,4297.1577,0.027074829
1790,1475.7443,1564.5934,10663.339,0.5475586,257.39966,0.027139286
1791,1482.6436,1556.3984,10201.424,0.55810547,383.5537,0.027139286
1792,1528.9158,1553.6501,9249.258,0.55185544,2800.9812,0.027139286
1793,1488.4363,1547.1288,8707.089,0.55449224,524.11597,0.027139286
1794,1501.2871,1542.5447,8025.5107,0.55634767,979.4423,0.027139286
1795,1490.2654,1537.3168,7468.941,0.54848635,672.86316,0.02720516
1796,1489.9307,1532.5781,6924.1367,0.5590332,462.95532,0.02720516
1797,1795.5625,1558.8766,12456.193,0.5594727,12482.37,0.02720516
1798,1518.0059,1554.7896,11360.911,0.548584,1003.28705,0.02720516
1799,1728.1558,1572.1262,12929.846,0.55673826,8851.105,0.02720516
1800,1543.0724,1569.2208,11712.832,0.5364258,2585.8904,0.027254755
1801,1655.6752,1577.8662,11214.24,0.55258787,5897.433,0.027254755
1802,1485.616,1568.6412,10858.726,0.5587891,335.62094,0.027254755
1803,1485.0969,1560.2869,10401.021,0.5564941,416.84418,0.027254755
1804,1478.0061,1552.0588,9970.23,0.5524414,269.8678,0.027254755
1805,1474.954,1544.3484,9508.271,0.55073243,210.97316,0.027323972
1806,1477.2976,1537.6433,8962.067,0.5413086,468.77936,0.027323972
1807,1495.0676,1533.3857,8229.002,0.5632813,765.7758,0.027323972
1808,1692.9915,1549.3463,9698.76,0.5540527,9847.947,0.027323972
1809,1486.8016,1543.0918,9080.949,0.5505371,501.80005,0.027323972
1810,1701.8171,1558.9644,10440.29,0.54833984,7153.529,0.027390096
1811,1502.8389,1553.3518,9679.767,0.5380371,1044.074,0.027390096
1812,2480.8384,1646.1005,86132.61,0.5494629,43572.543,0.027390096
1813,1505.3398,1632.0244,79302.56,0.5311035,1348.8983,0.027390096
1814,1536.339,1622.4558,72196.32,0.5476563,1922.7379,0.027390096
1815,1986.8723,1658.8975,76928.63,0.55092776,22419.135,0.027459929
1816,1480.6725,1641.075,72094.54,0.538916,386.21564,0.027459929
1817,1831.2451,1660.0919,68139.91,0.5492188,12973.795,0.027459929
1818,1506.7655,1644.7593,63441.723,0.53950197,1438.6968,0.027459929
1819,1548.3666,1635.12,57933.79,0.5547364,2024.5151,0.027459929
1820,1514.7747,1623.0854,53443.88,0.5474609,936.9968,0.02752517
1821,1531.429,1613.9198,48855.57,0.5492188,1451.7742,0.02752517
1822,1712.432,1623.771,44843.43,0.54360354,9501.26,0.02752517
1823,1598.948,1621.2887,40414.543,0.53808594,3799.2742,0.02752517
1824,1510.1937,1610.1792,37483.88,0.5422363,1410.3579,0.02752517
1825,1481.4437,1597.3057,35227.043,0.5381348,363.00378,0.027577698
1826,1490.6752,1586.6426,32727.645,0.54326177,600.26263,0.027577698
1827,1484.2449,1576.4028,30398.555,0.54418945,529.1447,0.027577698
1828,1643.103,1583.0729,27759.1,0.5523438,4852.6274,0.027577698
1829,1511.3785,1575.9034,25445.797,0.5430176,1140.4316,0.027577698
1830,1521.3784,1570.4509,23168.783,0.5447266,2043.5079,0.027639441
1831,1756.2997,1589.0358,23960.482,0.54003906,12719.3,0.027639441
1832,1479.6045,1578.0927,22642.201,0.54902345,220.75786,0.027639441
1833,1478.8447,1568.1678,21264.494,0.551123,264.4667,0.027639441
1834,1469.7952,1558.3306,20008.99,0.5463379,165.3751,0.027639441
1835,1508.9958,1553.3971,18227.143,0.5437988,2036.138,0.027700035
1836,1657.0369,1563.7611,17371.137,0.5464356,8684.976,0.027700035
1837,1470.0868,1554.3937,16423.762,0.54228514,285.49768,0.027700035
1838,1473.7661,1546.3309,15366.457,0.55522466,329.56274,0.027700035
1839,1510.4956,1542.7474,13945.387,0.5548828,1860.1499,0.027700035
1840,1485.8325,1537.0559,12842.386,0.5464356,586.66815,0.027764423
1841,1552.7195,1538.6223,11580.229,0.5469239,2613.0017,0.027764423
1842,1484.1438,1533.1744,10689.317,0.55078125,551.3743,0.027764423
1843,1468.4685,1526.7039,9997.202,0.55493164,360.1794,0.027764423
1844,1471.8188,1521.2153,9268.595,0.55996096,480.2397,0.027764423
1845,1486.0208,1517.6959,8453.215,0.55400395,1297.5858,0.02783949
1846,1908.8748,1556.8138,21379.773,0.5484375,20091.041,0.02783949
1847,1497.0088,1550.8334,19563.693,0.5461426,1358.1833,0.02783949
1848,1911.1249,1586.8625,29290.22,0.5594238,19721.158,0.02783949
1849,1532.5787,1581.4342,26626.404,0.5516113,2771.6187,0.02783949
1850,2393.7651,1662.6672,83353.1,0.5626465,40381.684,0.02792683
1851,1475.2968,1643.9302,78177.484,0.5481446,621.2318,0.02792683
1852,1698.8262,1649.4198,70630.96,0.55693364,5913.76,0.02792683
1853,1483.0574,1632.7836,66058.75,0.54731447,813.9531,0.02792683
1854,1500.5518,1619.5604,61026.543,0.5546875,1435.7323,0.02792683
1855,1472.4009,1604.8445,56872.92,0.5584961,727.7147,0.028008634
1856,1469.7179,1591.3318,52828.953,0.5564941,582.11615,0.028008634
1857,1475.9309,1579.7917,48744.617,0.556543,676.6981,0.028008634
1858,1514.2148,1573.234,44257.184,0.55034184,2475.982,0.028008634
1859,1487.2849,1564.6392,40496.316,0.54418945,1327.275,0.028008634
1860,1467.8057,1554.9558,37290.59,0.56210935,271.12228,0.028095746
1861,1476.0808,1547.0684,34121.44,0.5548828,352.12836,0.028095746
1862,1475.0428,1539.8658,31176.186,0.5487793,430.01987,0.028095746
1863,1497.4374,1535.623,28220.582,0.5442871,1227.5985,0.028095746
1864,1501.7606,1532.2368,25501.723,0.5462402,1386.2184,0.028095746
1865,1536.984,1532.7115,22953.578,0.54291993,2212.648,0.028156104
1866,3019.7864,1681.4191,219683.45,0.5274414,69185.086,0.028156104
1867,1477.2029,1660.9974,201468.48,0.5224121,485.1932,0.028156104
1868,1494.0967,1644.3074,183828.67,0.53461915,771.10474,0.028156104
1869,1779.3523,1657.8119,167087.14,0.5402832,13090.489,0.028156104
1870,1495.651,1641.5958,152745.08,0.53164065,1377.8326,0.028200688
1871,1526.1128,1630.0475,138670.84,0.5457032,2195.758,0.028200688
1872,1480.1853,1615.0613,126825.05,0.53344727,559.5424,0.028200688
1873,1466.1643,1600.1716,116137.87,0.55019534,194.19618,0.028200688
1874,1470.3894,1587.1934,106039.984,0.5442871,322.66895,0.028200688
1875,1522.1892,1580.693,95816.28,0.53999025,1994.7533,0.028257133
1876,1471.334,1569.7571,87310.99,0.5469239,459.13034,0.028257133
1877,1482.7043,1561.0518,79261.93,0.55107427,1066.9904,0.028257133
1878,1562.8834,1561.2349,71336.04,0.55302733,3325.136,0.028257133
1879,1458.8198,1550.9934,65146.43,0.5415039,255.86072,0.028257133
1880,1486.5187,1544.5459,59005.91,0.5529785,988.24274,0.02833208
1881,1465.7764,1536.669,53663.734,0.54589844,444.23285,0.02833208
1882,1568.5717,1539.8593,48388.96,0.5506836,4130.6313,0.02833208
1883,1485.3477,1534.4081,43817.5,0.5437988,1036.0883,0.02833208
1884,1555.4093,1536.5082,39475.445,0.54248047,3443.813,0.02833208
1885,2901.4556,1673.0029,203205.23,0.5432129,64395.08,0.02839336
1886,1466.9741,1652.4,186705.02,0.53037107,1147.6273,0.02839336
1887,1482.646,1635.4246,170627.98,0.5458496,920.93164,0.02839336
1888,1479.2233,1619.8044,155761.08,0.5446289,635.8063,0.02839336
1889,1565.8384,1614.4078,140447.08,0.5404785,3456.1392,0.02839336
1890,1479.3535,1600.9023,128043.94,0.5367187,660.6522,0.028445534
1891,1475.9955,1588.4116,116643.695,0.5438965,481.80402,0.028445534
1892,1476.6426,1577.2347,106103.63,0.5417969,637.47766,0.028445534
1893,1574.2079,1576.932,95494.086,0.54477537,3771.1702,0.028445534
1894,2155.2056,1634.7594,116040.7,0.53959966,21403.092,0.028445534
1895,2111.9167,1682.4751,124927.76,0.52719724,29301.928,0.028484244
1896,1790.8293,1693.3105,113491.63,0.5262207,13538.734,0.028484244
1897,1454.494,1669.429,107275.47,0.5280762,855.8368,0.028484244
1898,1513.0806,1653.7941,98747.95,0.5353516,1485.3422,0.028484244
1899,2466.7983,1735.0945,148360.98,0.533252,44678.715,0.028484244
1900,1531.0869,1714.6937,137270.6,0.5251465,2857.1614,0.028520083
1901,1513.335,1694.5579,127192.61,0.5331055,1659.7323,0.028520083
1902,1576.7913,1682.7812,115721.555,0.5294922,4667.684,0.028520083
1903,1528.8899,1667.3921,106280.83,0.52919924,1779.257,0.028520083
1904,1571.6224,1657.8152,96478.2,0.525293,4564.568,0.028520083
1905,1477.2068,1639.7544,89766.125,0.51660156,634.06555,0.02854377
1906,1463.9347,1622.1724,83571.64,0.5299805,351.75598,0.02854377
1907,1474.9767,1607.4528,77164.47,0.5410156,274.5818,0.02854377
1908,1474.4249,1594.15,71040.695,0.5343262,280.1359,0.02854377
1909,1483.5765,1583.0927,65037.008,0.53466797,398.3818,0.02854377
1910,1479.1217,1572.6956,59506.2,0.53344727,339.5215,0.028591543
1911,1497.8934,1565.2153,54059.16,0.5375,1115.404,0.028591543
1912,1489.2029,1557.6141,49173.254,0.5258789,1009.54144,0.028591543
1913,1528.6396,1554.7167,44331.484,0.5307617,2272.162,0.028591543
1914,1473.8252,1546.6276,40487.246,0.5269043,469.09296,0.028591543
1915,1489.2776,1540.8926,36734.53,0.5336914,731.4344,0.02863975
1916,1478.5826,1534.6616,33410.504,0.5311035,691.6841,0.02863975
1917,1505.8026,1531.7758,30144.41,0.532666,2066.4524,0.02863975
1918,1470.01,1525.5991,27473.318,0.5330566,631.0303,0.02863975
1919,1454.4639,1518.4856,25181.404,0.5422363,124.31493,0.02863975
1920,1472.4989,1513.887,22853.594,0.5427246,981.91547,0.028700996
1921,1666.2329,1529.1216,22657.07,0.55019534,9706.311,0.028700996
1922,1460.2405,1522.2335,20818.377,0.540918,359.34244,0.028700996
1923,1478.748,1517.885,18906.729,0.5462891,835.8573,0.028700996
1924,1487.2964,1514.8262,17100.266,0.539209,839.03766,0.028700996
1925,1499.592,1513.3027,15411.125,0.5386231,1603.6163,0.028756477
1926,3072.6682,1669.2393,232715.88,0.5422363,59670.28,0.028756477
1927,1484.041,1650.7195,212531.14,0.52871096,941.5258,0.028756477
1928,1610.6184,1646.7094,191422.75,0.5356934,6199.0166,0.028756477
1929,1524.433,1634.4817,173626.11,0.5371094,2392.8818,0.028756477
1930,1489.1488,1619.9484,158164.45,0.5320801,1145.7899,0.028802643
1931,1473.4897,1605.3025,144278.52,0.53652346,396.11282,0.028802643
1932,1460.2007,1590.7924,131745.56,0.53896487,218.32913,0.028802643
1933,1466.887,1578.4019,119952.73,0.5385742,473.66635,0.028802643
1934,1498.2589,1570.3876,108535.51,0.5338379,1297.4109,0.028802643
1935,4642.735,1877.6223,947220.5,0.53291017,144066.98,0.028850079
1936,1700.904,1859.9504,855309.06,0.5277832,9038.887,0.028850079
1937,1465.5377,1820.5092,783778.6,0.5145996,912.73456,0.028850079
1938,1617.7178,1800.23,709101.94,0.53393555,5446.9214,0.028850079
1939,1934.7307,1813.68,639819.9,0.51938474,20187.63,0.028850079
1940,1668.5901,1799.171,577732.5,0.5271485,8506.555,0.028889263
1941,1715.1782,1790.7717,520594.2,0.52192384,10634.703,0.028889263
1942,2691.2202,1880.8165,541507.44,0.5142578,50686.6,0.028889263
1943,1807.477,1873.4825,487840.78,0.5187012,12416.122,0.028889263
1944,1877.2964,1873.8639,439058.0,0.50991213,14745.49,0.028889263
1945,1554.1477,1841.8923,404351.84,0.52001953,2606.7046,0.028918192
1946,1541.0903,1811.8121,372060.03,0.5194336,2380.3977,0.028918192
1947,1533.0625,1783.9371,341847.12,0.5275391,1572.9996,0.028918192
1948,1585.5726,1764.1007,311203.75,0.5258301,3335.3179,0.028918192
1949,1540.4493,1741.7356,284585.16,0.5263184,2159.5444,0.028918192
1950,1533.4634,1720.9083,260030.58,0.52192384,2635.1973,0.02894991
1951,3731.098,1921.9272,597705.1,0.5174316,99222.875,0.02894991
1952,1495.2736,1879.2618,554317.56,0.5245117,1010.0228,0.02894991
1953,1484.1919,1839.7549,512933.0,0.52553713,464.07666,0.02894991
1954,1548.765,1810.6559,469260.44,0.5282227,3057.37,0.02894991
1955,1508.8809,1780.4784,430530.5,0.52519536,1216.1833,0.028986404
1956,1788.0574,1781.2363,387482.62,0.5270508,10568.23,0.028986404
1957,1560.2463,1759.1373,353129.66,0.5129883,3191.1096,0.028986404
1958,1567.4375,1739.9673,321124.06,0.5162109,2388.5012,0.028986404
1959,1504.987,1716.4692,293981.06,0.51376957,765.9728,0.028986404
1960,3048.4773,1849.67,424265.06,0.52197266,70260.8,0.029018268
1961,1538.0665,1818.5096,390577.25,0.50224614,2080.4404,0.029018268
1962,1485.3397,1785.1926,361509.72,0.5183594,488.48874,0.029018268
1963,1471.179,1753.7913,334233.16,0.52333987,171.20555,0.029018268
1964,1472.6133,1725.6735,307925.3,0.52719724,272.1855,0.029018268
1965,1525.8599,1705.6921,280726.1,0.5331055,2531.1318,0.029066343
1966,1476.4141,1682.7643,257384.64,0.52426755,580.2879,0.029066343
1967,1586.947,1673.1826,232472.45,0.53286135,4677.616,0.029066343
1968,1487.904,1654.6548,212314.73,0.53027344,817.8215,0.029066343
1969,1465.5535,1635.7446,194301.6,0.5242188,289.7028,0.029066343
1970,1485.0021,1620.6704,176916.53,0.53168947,721.88104,0.029112436
1971,1502.4908,1608.8524,160481.84,0.53300786,1916.3612,0.029112436
1972,1483.5028,1596.3175,145847.78,0.5269531,758.571,0.029112436
1973,1459.0972,1582.5955,132957.64,0.5447754,266.62393,0.029112436
1974,1470.1958,1571.3555,120798.914,0.5417969,666.8212,0.029112436
1975,1476.6521,1561.8851,109526.21,0.54433596,951.277,0.029177044
1976,1478.5986,1553.5565,99197.88,0.53574216,928.78674,0.029177044
1977,1467.6676,1544.9677,89942.01,0.5408691,594.30725,0.029177044
1978,1595.8093,1550.0518,81180.44,0.53637695,3483.8308,0.029177044
1979,1620.0623,1557.0529,73503.52,0.5419434,5153.2837,0.029177044
1980,1467.7295,1548.1205,66871.25,0.534961,748.63983,0.029228093
1981,1555.5475,1548.8632,60189.086,0.5473633,3623.7305,0.029228093
1982,1629.7688,1556.9537,54759.29,0.53046876,6981.3013,0.029228093
1983,3126.5508,1713.9135,271010.5,0.52563477,72684.0,0.029228093
1984,1468.981,1689.4202,249308.72,0.5228027,676.18024,0.029228093
1985,1567.8091,1677.259,225708.88,0.5385742,2730.3645,0.029284524
1986,1756.7373,1685.2069,203706.48,0.5335938,9303.87,0.029284524
1987,1530.5449,1669.7407,185488.66,0.5131836,1831.4977,0.029284524
1988,1556.1069,1658.3773,168101.92,0.5249512,2155.6223,0.029284524
1989,1486.087,1641.1483,153963.28,0.5252441,839.7101,0.029284524
1990,1483.6116,1625.3947,140800.55,0.52978516,825.13367,0.029328166
1991,1461.4177,1608.997,129140.445,0.5283692,265.2204,0.029328166
1992,1454.2776,1593.525,118380.82,0.52641606,140.64389,0.029328166
1993,1463.4971,1580.5222,108064.39,0.5352051,316.3765,0.029328166
1994,1472.2177,1569.6918,98313.63,0.5319336,712.17847,0.029328166
1995,1473.8433,1560.1069,89309.09,0.5302246,684.6682,0.029372523
1996,1458.1836,1549.9146,81313.13,0.53652346,299.51312,0.029372523
1997,1447.7125,1539.6943,74121.89,0.531543,355.17255,0.029372523
1998,1456.5839,1531.3833,67331.36,0.5311035,274.8666,0.029372523
1999,1458.1442,1524.0593,61080.98,0.528418,320.1115,0.029372523
2000,1508.2249,1522.4758,54995.45,0.53149414,1421.7844,0.029418813
2001,1489.0148,1519.1298,49596.67,0.5187012,1272.1234,0.029418813
2002,1529.0472,1520.1215,44645.855,0.5257813,1849.4059,0.029418813
2003,1468.3179,1514.9412,40422.793,0.5183594,927.7404,0.029418813
2004,1494.2585,1512.8729,36419.01,0.52871096,1348.4775,0.029418813
2005,1460.3164,1507.6173,33025.707,0.52153325,361.35416,0.029450508
2006,1497.787,1506.6343,29731.834,0.5305176,2056.945,0.029450508
2007,1498.7466,1505.8455,26764.248,0.5367676,1646.8822,0.029450508
2008,1691.1125,1524.3722,27176.973,0.5289551,10767.26,0.029450508
2009,3158.2246,1687.7574,264711.9,0.5210449,77175.836,0.029450508
2010,1454.075,1664.3892,243155.39,0.5228516,450.1963,0.029484173
2011,1455.3943,1643.4896,222770.95,0.5362793,173.25963,0.029484173
2012,1457.0472,1624.8453,203622.33,0.52563477,234.62808,0.029484173
2013,1466.1034,1608.9712,185528.0,0.5211914,655.48303,0.029484173
2014,1470.3541,1595.1095,168704.52,0.526709,640.87354,0.029484173
2015,1460.9896,1581.6975,153452.98,0.5289551,484.20782,0.029526887
2016,1468.0742,1570.3352,139269.61,0.5282715,570.79584,0.029526887
2017,1458.1543,1559.1171,126475.25,0.53115237,435.77786,0.029526887
2018,1598.6016,1563.0656,113968.04,0.53457034,6614.4175,0.029526887
2019,1502.2621,1556.9852,102903.97,0.52905273,1760.4889,0.029526887
2020,1462.0337,1547.4901,93424.99,0.53393555,578.68024,0.029577032
2021,1499.1752,1542.6586,84292.58,0.53027344,1807.7854,0.029577032
2022,1469.5559,1535.3483,76344.27,0.53701174,710.5009,0.029577032
2023,1461.4589,1527.9594,69201.21,0.5337403,641.5672,0.029577032
2024,1453.8057,1520.544,62775.977,0.53393555,391.95645,0.029577032
2025,1488.5212,1517.3417,56590.668,0.5404785,1121.2533,0.029636953
2026,1603.5403,1525.9615,51600.316,0.5335938,4517.8413,0.029636953
2027,1445.9767,1517.963,47016.066,0.5283692,271.70535,0.029636953
2028,1500.925,1516.2593,42340.582,0.5335449,2339.1626,0.029636953
2029,4069.8008,1771.6134,624958.2,0.5318848,118366.02,0.029636953
2030,1488.616,1743.3137,569670.25,0.5236328,1033.7399,0.029671993
2031,1487.7212,1717.7545,518582.7,0.52783203,1540.8682,0.029671993
2032,3720.6968,1918.0487,827784.44,0.5283692,100831.586,0.029671993
2033,1633.4587,1889.5897,752295.2,0.5275879,6878.5547,0.029671993
2034,1830.3264,1883.6633,677381.75,0.5187988,12383.386,0.029671993
2035,1782.5015,1873.5471,610564.6,0.50273436,12726.168,0.029676046
2036,1607.7158,1846.964,555868.1,0.52680665,3709.852,0.029676046
2037,1662.1544,1828.483,503355.2,0.5181153,8972.648,0.029676046
2038,1468.1453,1792.4492,464705.56,0.52246094,381.63763,0.029676046
2039,1477.2168,1760.926,427178.44,0.5248047,710.35876,0.029676046
2040,1528.6775,1737.7012,389315.12,0.5284668,2551.9924,0.029718317
2041,1628.4055,1726.7716,351458.72,0.5349121,5747.26,0.029718317
2042,1489.3417,1703.0286,321386.4,0.51669925,1555.488,0.029718317
2043,1537.9927,1686.525,291699.06,0.52333987,2560.925,0.029718317
2044,1616.0934,1679.4818,262975.6,0.5196289,6612.632,0.029718317
2045,1757.0479,1687.2384,237219.52,0.51650393,13084.467,0.029742848
2046,1464.1399,1664.9286,217977.12,0.50522465,555.46564,0.029742848
2047,1470.9808,1645.5338,199564.83,0.51831055,416.2084,0.029742848
2048,1461.7045,1627.1509,182649.73,0.5193359,354.55615,0.029742848
2049,1487.2269,1613.1584,166146.84,0.52211916,1398.746,0.029742848
2050,1473.8657,1599.2291,151278.38,0.5379394,647.185,0.029799322
2051,1450.6436,1584.3706,138137.52,0.5282715,194.5571,0.029799322
2052,1456.3042,1571.564,125799.84,0.5355469,434.14178,0.029799322
2053,1465.8616,1560.9938,114225.42,0.53881836,536.34436,0.029799322
2054,1465.5303,1551.4474,103623.07,0.5318359,716.858,0.029799322
2055,1518.5581,1548.1584,93358.12,0.5330567,2283.342,0.029848613
2056,3842.5378,1777.5964,557798.2,0.5296875,78955.914,0.029848613
2057,1501.3337,1749.9702,508887.28,0.5196289,2032.238,0.029848613
2058,1460.6195,1721.0352,465533.7,0.5361817,500.97302,0.029848613
2059,1462.4241,1695.1741,424999.47,0.5355469,601.45154,0.029848613
2060,1456.1514,1671.2719,387641.38,0.5313965,655.9695,0.029895505
2061,1442.5024,1648.3949,353587.4,0.5313965,216.39072,0.029895505
2062,1444.8564,1628.041,321957.16,0.5334961,205.12857,0.029895505
2063,1445.8186,1609.8187,292749.88,0.53222656,263.00266,0.029895505
2064,1624.5042,1611.2872,263494.28,0.5410645,8182.4517,0.029895505
2065,1452.1866,1595.3772,239423.03,0.5314453,591.0821,0.029942548
2066,1475.0295,1583.3424,216784.25,0.54345703,1363.3314,0.029942548
2067,1462.3708,1571.2452,196422.89,0.5445313,1108.6937,0.029942548
2068,1441.7336,1558.2941,178290.19,0.54116213,213.69429,0.029942548
2069,1805.2999,1582.9946,165952.23,0.53632814,12623.318,0.029942548
2070,1470.4541,1571.7406,150496.89,0.53125,988.93024,0.029989373
2071,1471.04,1561.6705,136359.86,0.53828126,1097.443,0.029989373
2072,4625.971,1868.1006,967818.4,0.5306641,141770.72,0.029989373
2073,1459.1399,1827.2045,886088.9,0.5186523,974.35205,0.029989373
2074,1467.3792,1791.2219,809132.7,0.53564453,734.5092,0.029989373
2075,1787.705,1790.8702,728220.5,0.5278809,11881.113,0.030031206
2076,1545.0131,1766.2845,660838.56,0.5190918,5388.561,0.030031206
2077,1464.6746,1736.1235,602941.9,0.5342773,1009.4979,0.030031206
2078,1708.348,1733.346,542717.06,0.54052734,11876.454,0.030031206
2079,1549.26,1714.9374,491495.22,0.5458496,3689.1323,0.030031206
2080,2493.6597,1792.8096,496922.44,0.53764653,46596.484,0.030087791
2081,1483.1818,1761.8468,455858.44,0.5248535,1425.3085,0.030087791
2082,1651.9475,1750.8569,411359.6,0.5350586,8818.652,0.030087791
2083,1534.6675,1729.238,374430.03,0.5186035,3437.6553,0.030087791
2084,1483.4194,1704.6561,342425.44,0.5317871,1592.614,0.030087791
2085,1450.0723,1679.1978,314016.03,0.52626956,270.68674,0.030127333
2086,1842.6382,1695.5417,285018.56,0.5294922,18281.014,0.030127333
2087,1962.4323,1722.2308,262927.47,0.5240723,18708.91,0.030127333
2088,1448.7183,1694.8796,243367.53,0.52353513,384.71344,0.030127333
2089,1464.6396,1671.8556,223801.72,0.53085935,685.8851,0.030127333
2090,1567.0063,1661.3706,202410.95,0.52856445,5453.8936,0.030170392
2091,1468.7947,1642.113,185507.55,0.5220703,667.7915,0.030170392
2092,1461.9023,1624.0919,169879.62,0.52690434,562.892,0.030170392
2093,1676.7034,1629.353,153140.78,0.5298828,10347.689,0.030170392
2094,1648.0046,1631.2181,137858.0,0.5150879,6623.4463,0.030170392
2095,1469.2909,1615.0254,126432.04,0.52143556,840.4075,0.030202739
2096,1448.9648,1598.4193,116270.68,0.52749026,232.27278,0.030202739
2097,1466.915,1585.2689,106200.01,0.5237305,1215.1696,0.030202739
2098,1453.199,1572.0619,97149.83,0.54057616,359.07623,0.030202739
2099,2227.8354,1637.6393,126138.34,0.53745115,35594.664,0.030202739
2100,2363.712,1710.2466,160970.83,0.5301269,41730.52,0.03024827
2101,1419.3971,1681.1616,152487.16,0.51308596,401.09674,0.03024827
2102,1680.2279,1681.0682,137238.52,0.5324219,10289.792,0.03024827
2103,1467.9208,1659.7535,127603.53,0.53212893,1227.3734,0.03024827
2104,1447.2134,1638.4995,118908.77,0.5439453,238.48737,0.03024827
2105,1470.5345,1621.703,109557.0,0.5336914,1349.9558,0.030299272
2106,1446.3848,1604.1711,101367.58,0.5300293,249.28767,0.030299272
2107,1449.4227,1588.6963,93386.05,0.5335449,346.41934,0.030299272
2108,1445.0984,1574.3365,85903.27,0.53256834,253.29588,0.030299272
2109,1820.0411,1598.907,82746.31,0.5289551,16584.36,0.030299272
2110,1443.6613,1583.3824,76640.79,0.5263672,254.32599,0.030339247
2111,1474.0718,1572.4514,70052.1,0.5263184,1437.2325,0.030339247
2112,1452.949,1560.5012,64332.168,0.5300293,481.36887,0.030339247
2113,1447.4695,1549.198,59048.81,0.5383789,412.96094,0.030339247
2114,1446.9282,1538.9711,54085.246,0.53334963,432.45776,0.030339247
2115,1507.3156,1535.8055,48766.906,0.5365723,2094.6824,0.030394778
2116,1441.4563,1526.3706,44691.375,0.5332031,274.04053,0.030394778
2117,1458.6948,1519.603,40634.438,0.5415039,496.0029,0.030394778
2118,1457.671,1513.4098,36916.195,0.53354496,502.136,0.030394778
2119,1436.3933,1505.7081,33758.41,0.53217775,142.24309,0.030394778
2120,1448.4475,1499.982,30677.66,0.53994143,430.254,0.030455537
2121,1463.2747,1496.3113,27731.164,0.53168947,727.87195,0.030455537
2122,1614.6031,1508.1405,26217.414,0.53808594,6737.0347,0.030455537
2123,2607.1067,1618.0371,132291.08,0.5187988,52125.246,0.030455537
2124,1516.3301,1607.8665,119992.96,0.51767576,3494.362,0.030455537
2125,1471.258,1594.2056,109673.234,0.5194336,1053.7637,0.030485148
2126,1445.5822,1579.3433,100693.91,0.52089846,230.64166,0.030485148
2127,1445.7969,1565.9886,92229.625,0.52314454,184.78036,0.030485148
2128,1450.5164,1554.4414,84206.7,0.5224121,278.30115,0.030485148
2129,4625.172,1861.5144,924430.75,0.52490234,143067.81,0.030485148
2130,1593.7861,1834.7416,838438.7,0.514502,6741.0474,0.030507257
2131,1506.4039,1801.9078,764297.3,0.5113281,3026.1604,0.030507257
2132,1481.3579,1769.8528,697115.3,0.52856445,1366.947,0.030507257
2133,1451.8047,1738.048,636507.7,0.5133789,860.48773,0.030507257
2134,1443.7985,1708.623,580649.3,0.5309082,116.82536,0.030507257
2135,1441.3214,1681.8928,529014.9,0.53222656,98.61898,0.030556453
2136,1440.38,1657.7416,481362.97,0.5229004,125.21064,0.030556453
2137,1452.2429,1637.1917,437027.34,0.5236328,553.5257,0.030556453
2138,1461.7195,1619.6444,396095.75,0.5162109,774.6393,0.030556453
2139,1476.384,1605.3184,358333.28,0.52333987,914.449,0.030556453
2140,1445.5508,1589.3416,324797.25,0.51894534,188.75623,0.03058541
2141,1445.0703,1574.9144,294190.78,0.5230469,185.43129,0.03058541
2142,1451.1571,1562.5387,266150.12,0.51982427,324.65298,0.03058541
2143,1445.3984,1550.8247,240770.08,0.5166992,296.49936,0.03058541
2144,1482.5441,1543.9966,217112.66,0.53037107,1203.5608,0.03058541
2145,1485.304,1538.1273,195711.42,0.5310547,1487.0927,0.030632941
2146,5305.8433,1914.8989,1.4537516e+06,0.5225098,174099.03,0.030632941
2147,1465.9482,1870.0039,1.3265165e+06,0.5145508,1047.3165,0.030632941
2148,1468.5657,1829.8601,1.2083685e+06,0.5344238,682.62964,0.030632941
2149,1458.999,1792.774,1.09991e+06,0.52260745,524.18506,0.030632941
2150,1585.3712,1772.0338,993790.44,0.529541,3753.1824,0.030678218
2151,1530.6687,1747.8973,899654.5,0.52670896,2895.7117,0.030678218
2152,1859.5679,1759.0645,810811.3,0.51914066,14020.191,0.030678218
2153,1623.1685,1745.4749,731392.25,0.51660156,7413.4165,0.030678218
2154,1439.0709,1714.8345,666702.5,0.50253904,440.30603,0.030678218
2155,1484.3225,1691.7833,604814.44,0.5257813,1791.3259,0.030717792
2156,1453.7437,1667.9794,549432.7,0.52475584,526.2251,0.030717792
2157,1444.2251,1645.604,498995.38,0.53105474,176.61455,0.030717792
2158,1444.8643,1625.53,452722.53,0.5350586,210.65045,0.030717792
2159,1446.1251,1607.5896,410347.03,0.5306152,313.873,0.030717792
2160,1448.6144,1591.6921,371586.9,0.5302246,437.06546,0.03076425
2161,1486.6882,1581.1918,335420.53,0.5331543,1089.6782,0.03076425
2162,2451.8704,1668.2596,370105.78,0.52851564,45068.56,0.03076425
2163,3774.3003,1878.8636,732281.75,0.515918,98866.37,0.03076425
2164,1588.3057,1849.8079,666651.7,0.50024414,5903.391,0.03076425
2165,1451.922,1810.0193,614234.7,0.5260254,315.8385,0.030804312
2166,1447.8771,1773.805,564614.44,0.52641606,280.99103,0.030804312
2167,1451.4629,1741.5708,517504.38,0.5253906,525.3988,0.030804312
2168,1451.1678,1712.5305,473343.97,0.522168,400.29895,0.030804312
2169,1453.0115,1686.5786,432071.06,0.5143555,490.95728,0.030804312
2170,1466.1743,1664.5382,393235.97,0.50947267,1012.5364,0.030818908
2171,1695.5856,1667.643,353999.12,0.5229004,9134.959,0.030818908
2172,1469.2644,1647.805,322141.06,0.51982427,1127.6887,0.030818908
2173,1455.0597,1628.5305,293270.5,0.51655275,744.0568,0.030818908
2174,1451.5933,1610.8368,266761.06,0.5212891,433.58337,0.030818908
2175,1476.991,1597.4521,241697.27,0.5199707,1299.3528,0.030849695
2176,1435.7355,1581.2805,219881.25,0.51357424,190.16779,0.030849695
2177,1442.7865,1567.4312,199619.38,0.5240723,440.1503,0.030849695
2178,1525.6271,1563.2507,179814.72,0.52490234,4108.918,0.030849695
2179,1447.4436,1551.67,163040.25,0.5225098,301.79834,0.030849695
2180,1482.0568,1544.7087,147172.36,0.52934575,1629.5193,0.030894993
2181,1555.8827,1545.8262,132466.36,0.52275395,3944.757,0.030894993
2182,1445.8435,1535.8279,120119.414,0.52104497,479.94604,0.030894993
2183,1438.8779,1526.1329,108953.41,0.52133787,195.87527,0.030894993
2184,4431.077,1816.6274,857541.25,0.523584,134939.98,0.030894993
2185,2397.6064,1874.7253,802165.44,0.52060544,43345.676,0.030926839
2186,1458.0139,1833.0542,737577.2,0.51860356,616.0449,0.030926839
2187,1535.7986,1803.3286,671771.94,0.52138674,3063.6504,0.030926839
2188,1564.7766,1779.4734,609716.4,0.5102051,4653.407,0.030926839
2189,1477.2761,1749.2537,556963.8,0.5183594,1151.7003,0.030926839
2190,1491.3583,1723.4641,507253.3,0.525293,2270.2852,0.03096597
2191,1595.0913,1710.6268,458011.16,0.52265626,6993.918,0.03096597
2192,1459.26,1685.4901,417896.72,0.51308596,867.32434,0.03096597
2193,1433.5518,1660.2963,381819.6,0.50996095,262.28903,0.03096597
2194,1445.0747,1638.7742,347806.47,0.515918,480.8638,0.03096597
2195,1470.2701,1621.9238,315581.25,0.5211426,1217.0941,0.030998725
2196,1450.2888,1604.7604,286674.38,0.519873,821.7838,0.030998725
2197,1450.5178,1589.3362,260148.1,0.52719724,880.61456,0.030998725
2198,1442.2703,1574.6296,236079.84,0.5168946,539.85785,0.030998725
2199,1444.9674,1561.6635,213984.97,0.52490234,309.88892,0.030998725
2200,1493.1328,1554.8104,193009.14,0.52802736,2069.0334,0.031042196
2201,1449.6868,1544.2981,174702.81,0.5131836,507.14368,0.031042196
2202,1489.6301,1538.8313,157501.5,0.5240723,2011.7583,0.031042196
2203,1477.2839,1532.6765,142092.28,0.5158203,1929.3806,0.031042196
2204,1472.811,1526.69,128205.6,0.52670896,969.3354,0.031042196
2205,1446.4136,1518.6624,115965.02,0.51650393,391.36273,0.031067822
2206,1687.3726,1535.5333,106930.2,0.53286135,8022.7964,0.031067822
2207,2647.6106,1646.7411,207541.6,0.5140625,53492.527,0.031067822
2208,1864.7361,1668.5405,191064.39,0.51123047,18326.096,0.031067822
2209,2558.674,1757.5538,243268.33,0.49428713,43189.22,0.031067822
2210,1733.4263,1755.1411,218993.89,0.48305666,9575.695,0.031041514
2211,1456.8237,1725.3093,205103.89,0.5066407,983.8313,0.031041514
2212,1444.5886,1697.2373,191685.86,0.51430666,145.19072,0.031041514
2213,1457.6208,1673.2756,177684.72,0.5197754,579.5944,0.031041514
2214,1529.1074,1658.8588,161786.84,0.52729493,2730.087,0.031041514
2215,1449.7395,1637.9468,149543.94,0.52182615,434.27524,0.031075409
2216,1469.0454,1621.0566,137157.03,0.5208008,1395.4768,0.031075409
2217,1539.1575,1612.8667,124045.0,0.52001953,4242.442,0.031075409
2218,1439.7322,1595.5532,114338.3,0.5108887,241.97128,0.031075409
2219,1439.0049,1579.8984,105110.125,0.5263672,234.76921,0.031075409
2220,1443.7339,1566.282,96267.78,0.52089846,389.23416,0.0311079
2221,1436.5171,1553.3055,88156.5,0.52670896,175.1262,0.0311079
2222,1436.5867,1541.6337,80566.945,0.52368164,179.74878,0.0311079
2223,1649.9917,1552.4695,73566.984,0.5269531,8171.7236,0.0311079
2224,1501.5005,1547.3726,66444.086,0.514502,2137.1306,0.0311079
2225,1532.131,1545.8484,59820.586,0.50996095,4333.1777,0.031123396
2226,1451.0325,1536.3668,54647.633,0.5257813,403.1511,0.031123396
2227,1441.5217,1526.8823,49992.473,0.5216309,202.94952,0.031123396
2228,1445.7502,1518.7692,45585.64,0.52993166,418.96396,0.031123396
2229,1452.5408,1512.1464,41421.836,0.5192871,623.21783,0.031123396
2230,1454.7092,1506.4026,37576.562,0.52197266,518.4742,0.03115761
2231,1440.9829,1499.8606,34204.082,0.52353513,247.67633,0.03115761
2232,1453.1448,1495.189,30980.088,0.523584,634.3606,0.03115761
2233,1455.9878,1491.2688,28020.385,0.5217285,967.6136,0.03115761
2234,1464.4971,1488.5917,25282.85,0.51420903,1211.1849,0.03115761
2235,1451.3933,1484.8718,22879.098,0.5196289,726.85333,0.0311882
2236,1441.7917,1480.5638,20758.219,0.51708984,446.69678,0.0311882
2237,1442.6165,1476.769,18811.996,0.51889646,288.8516,0.0311882
2238,1449.1326,1474.0054,16999.535,0.50878906,641.83484,0.0311882
2239,1448.0645,1471.4113,15360.145,0.51523435,429.5501,0.0311882
2240,1445.0083,1468.771,13886.87,0.51953125,339.12756,0.031218672
2241,1440.5557,1465.9495,12569.832,0.5199707,226.44714,0.031218672
2242,1448.511,1464.2056,11340.218,0.5123047,675.3544,0.031218672
2243,1524.735,1470.2585,10535.938,0.51542974,3513.038,0.031218672
2244,1472.9602,1470.5287,9483.001,0.51967776,1630.1919,0.031218672
2245,1433.4556,1466.8214,8658.397,0.5144043,148.40794,0.031241165
2246,1428.838,1463.0231,7922.404,0.51660156,102.09196,0.031241165
2247,1437.396,1460.4603,7189.2705,0.5187012,426.11188,0.031241165
2248,1600.3037,1474.4447,8230.398,0.52504885,6786.3896,0.031241165
2249,1450.0261,1472.0028,7461.0225,0.5155762,939.4536,0.031241165
2250,1434.0729,1468.2098,6844.4014,0.5262207,264.07532,0.03128215
2251,1437.4603,1465.1349,6245.059,0.53095704,335.0608,0.03128215
2252,1431.2318,1461.7446,5724.0005,0.5217285,243.72284,0.03128215
2253,1428.3057,1458.4008,5252.235,0.53164065,159.25728,0.03128215
2254,1428.8159,1455.4423,4805.785,0.5306152,194.26094,0.03128215
2255,1428.4084,1452.7389,4390.981,0.5327637,177.4528,0.03133344
2256,1441.616,1451.6266,3963.0176,0.52246094,471.78198,0.03133344
2257,1451.4539,1451.6094,3566.7183,0.5211426,585.39197,0.03133344
2258,1468.674,1453.3158,3236.2542,0.52192384,1359.9438,0.03133344
2259,1669.8763,1474.9718,7133.491,0.5055664,6554.2197,0.03133344
2260,1479.9993,1475.4746,6422.4165,0.5205567,1518.2609,0.031365663
2261,1508.7913,1478.8063,5880.0747,0.51064456,3646.5764,0.031365663
2262,1471.6914,1478.0947,5296.623,0.5144043,1912.0015,0.031365663
2263,1429.475,1473.2328,4979.71,0.519873,170.1553,0.031365663
2264,1435.5961,1469.4691,4609.226,0.5166992,357.48117,0.031365663
2265,3302.0977,1652.7319,306415.75,0.5254395,83580.24,0.031405583
2266,1466.263,1634.0851,278903.53,0.5068848,1309.5831,0.031405583
2267,1444.2389,1615.1005,254256.9,0.51967776,480.26355,0.031405583
2268,1457.0872,1599.2991,231078.36,0.5202637,1182.9796,0.031405583
2269,1435.5892,1582.9281,210382.61,0.51362306,292.84512,0.031405583
2270,1427.935,1567.4288,191506.39,0.5156738,254.0525,0.031430203
2271,1431.2651,1553.8125,174024.4,0.5234375,206.92343,0.031430203
2272,1898.2507,1588.2563,167299.34,0.52016604,19980.15,0.031430203
2273,1460.3445,1575.4652,152041.94,0.50937504,1095.6118,0.031430203
2274,1623.5201,1580.2708,137045.56,0.51914066,8915.563,0.031430203
2275,1458.7991,1568.1235,124668.984,0.5144532,873.9121,0.031452924
2276,1457.3958,1557.0508,113305.54,0.5118164,1201.0369,0.031452924
2277,1438.8533,1545.2311,103232.336,0.5138672,276.92065,0.031452924
2278,1445.9675,1535.3047,93795.9,0.51362306,612.6653,0.031452924
2279,1443.9584,1526.17,85167.28,0.5169922,463.802,0.031452924
2280,5529.5195,1926.505,1.5190631e+06,0.51660156,185531.02,0.03147905
2281,1421.4253,1875.9971,1.3901162e+06,0.5105957,171.12694,0.03147905
2282,1439.1202,1832.3093,1.2682821e+06,0.5197266,433.4672,0.03147905
2283,1432.5815,1792.3365,1.1558342e+06,0.51894534,201.40092,0.03147905
2284,1634.8511,1776.588,1.04248294e+06,0.5291016,8202.607,0.03147905
2285,1440.7642,1743.0056,948384.6,0.51479495,518.4406,0.031502344
2286,1449.9858,1713.7036,861273.6,0.5159668,833.2713,0.031502344
2287,1736.5001,1715.9833,775193.0,0.51708984,12764.169,0.031502344
2288,1568.8052,1701.2655,699623.2,0.5105957,4013.5032,0.031502344
2289,1833.8213,1714.5211,631242.25,0.49609375,13592.876,0.031502344
2290,1610.6892,1704.138,569088.3,0.5015137,7756.5347,0.031504724
2291,1421.5192,1675.8761,519368.06,0.49604493,145.08723,0.031504724
2292,1444.5759,1652.7461,472246.25,0.51079106,364.70334,0.031504724
2293,1446.7573,1632.1472,428840.44,0.5055664,694.99274,0.031504724
2294,1431.2054,1612.053,389590.34,0.50986326,130.94989,0.031504724
2295,1439.4487,1594.7926,353312.6,0.5140625,474.44052,0.031526886
2296,1449.063,1580.2196,319892.7,0.520459,945.5795,0.031526886
2297,1429.4703,1565.1447,289948.7,0.5168946,182.36041,0.031526886
2298,1424.7852,1551.1086,262726.9,0.51606447,88.54246,0.031526886
2299,1429.1093,1538.9087,237793.75,0.5186035,212.8446,0.031526886
2300,1494.0581,1534.4236,214195.4,0.5191895,2724.9814,0.031557146
2301,1435.3298,1524.5142,193659.62,0.5106934,444.08508,0.031557146
2302,1433.7944,1515.4421,175034.36,0.52304685,393.5958,0.031557146
2303,1459.248,1509.8228,157815.12,0.51586914,994.7068,0.031557146
2304,2865.132,1645.3536,307351.28,0.5120606,63513.51,0.031557146
2305,1664.183,1647.2366,276648.06,0.503711,10975.252,0.031563
2306,1442.1493,1626.7278,252768.73,0.5037109,817.75073,0.031563
2307,1458.0098,1609.856,230053.78,0.52211916,959.42267,0.031563
2308,1428.8137,1591.7517,209998.27,0.52607423,186.5092,0.031563
2309,1456.564,1578.2329,190643.25,0.51889646,954.8936,0.031563
2310,1518.6829,1572.278,171898.08,0.5188965,3258.3008,0.031592835
2311,1632.3799,1578.2881,155033.36,0.50825197,8699.681,0.031592835
2312,1527.0493,1573.1642,139766.31,0.51323247,4384.165,0.031592835
2313,1434.3428,1559.282,127524.1,0.51127934,232.71315,0.031592835
2314,1440.3451,1547.3883,116044.83,0.5158203,340.45325,0.031592835
2315,1426.905,1535.34,105746.805,0.506543,303.39917,0.03160317
2316,1466.4917,1528.4551,95598.73,0.5245606,1442.5732,0.03160317
2317,1432.4341,1518.853,86868.65,0.52504885,195.9014,0.03160317
2318,1439.0326,1510.871,78755.2,0.5169434,639.62213,0.03160317
2319,1817.1682,1541.5007,79323.3,0.51166993,16945.195,0.03160317
2320,1722.8795,1559.6387,74351.81,0.5047852,12959.718,0.031610735
2321,1456.2776,1549.3026,67878.15,0.5115723,1254.2079,0.031610735
2322,1581.5045,1552.5228,61183.656,0.5121582,6564.449,0.031610735
2323,1510.3213,1548.3027,55225.58,0.50283206,2916.866,0.031610735
2324,1430.9193,1536.5645,50943.117,0.5041504,314.29904,0.031610735
2325,1434.9557,1526.4036,46777.996,0.5199219,407.07257,0.03164224
2326,1428.156,1516.5789,42968.926,0.5161133,165.8175,0.03164224
2327,1423.5063,1507.2716,39451.656,0.5191895,134.05923,0.03164224
2328,1428.7014,1499.4146,36062.086,0.5227051,269.7226,0.03164224
2329,1426.2977,1492.1029,32937.02,0.52036136,317.28198,0.03164224
2330,1490.2705,1491.9197,29643.62,0.5144043,3191.423,0.03166504
2331,1425.6482,1485.2925,27074.53,0.51665044,259.36166,0.03166504
2332,1418.7616,1478.6394,24765.45,0.52182615,165.1727,0.03166504
2333,1446.4221,1475.4177,22382.318,0.5299805,902.4178,0.03166504
2334,1428.2012,1470.696,20344.732,0.521875,343.20544,0.03166504
2335,1425.7958,1466.206,18491.701,0.5192871,379.84766,0.03169559
2336,1424.1102,1461.9965,16802.016,0.5259766,207.14789,0.03169559
2337,1488.9844,1464.6953,15187.364,0.5209473,2850.575,0.03169559
2338,2465.7935,1564.8052,103866.41,0.5301269,46533.016,0.03169559
2339,1471.5415,1555.4788,94262.59,0.514209,2193.9797,0.03169559
2340,1443.9142,1544.3223,85956.53,0.5168457,995.673,0.0317223
2341,1431.7473,1533.0648,78501.46,0.519336,316.26517,0.0317223
2342,1501.614,1529.9197,70740.336,0.5245606,3670.6638,0.0317223
2343,1426.1316,1519.5409,64635.777,0.52124023,268.64233,0.0317223
2344,1426.2231,1510.2091,58955.938,0.5143555,291.8132,0.0317223
2345,1545.1583,1513.704,53170.273,0.51948243,5533.439,0.03175322
2346,1518.294,1514.163,47855.14,0.5197754,3438.3281,0.03175322
2347,1462.1094,1508.9576,43313.49,0.5179688,1106.3881,0.03175322
2348,1439.166,1501.9785,39420.516,0.51665044,808.67975,0.03175322
2349,1428.7417,1494.6548,35961.19,0.5129883,627.6294,0.03175322
2350,1422.0203,1487.3914,32839.89,0.52255857,132.91736,0.031789057
2351,1420.357,1480.688,29960.324,0.51650393,128.73988,0.031789057
2352,1420.7166,1474.6908,27287.984,0.5276855,129.7552,0.031789057
2353,1417.7264,1468.9944,24851.23,0.5171387,92.036316,0.031789057
2354,1417.1974,1463.8147,22607.57,0.52177733,103.74092,0.031789057
2355,1421.0212,1459.5354,20511.629,0.53134763,283.3086,0.03183892
2356,1417.8994,1455.3718,18616.486,0.5257813,119.650856,0.03183892
2357,1442.0128,1454.0359,16770.898,0.52202153,880.667,0.03183892
2358,1431.1818,1451.7505,15140.815,0.5205567,656.16626,0.03183892
2359,1422.7617,1448.8516,13702.365,0.5223633,431.09338,0.03183892
2360,1417.385,1445.705,12421.241,0.5280762,204.24043,0.03188365
2361,1419.0652,1443.041,11242.987,0.5217774,337.02216,0.03188365
2362,1413.6667,1440.1036,10196.345,0.5179688,109.44755,0.03188365
2363,1416.1079,1437.7041,9228.531,0.5240723,154.38943,0.03188365
2364,1421.624,1436.0961,8328.948,0.524707,268.70764,0.03188365
2365,1429.9413,1435.4806,7499.4624,0.52304685,576.07947,0.031920407
2366,1432.3059,1435.1631,6750.423,0.519336,520.93604,0.031920407
2367,1423.2687,1433.9736,6088.1133,0.5237793,285.86472,0.031920407
2368,1420.5691,1432.6332,5495.473,0.52783203,186.00763,0.031920407
2369,1430.3899,1432.4088,4946.379,0.5263672,667.6278,0.031920407
2370,1437.9172,1432.9597,4454.4717,0.5199707,1154.8273,0.031952295
2371,1418.1754,1431.4813,4028.696,0.52333987,181.16614,0.031952295
2372,1420.4867,1430.3818,3636.7056,0.5276855,219.9596,0.031952295
2373,1417.4932,1429.093,3287.9856,0.5203125,242.56772,0.031952295
2374,1567.1063,1442.8943,4673.4775,0.5237305,6754.1606,0.031952295
2375,1434.3658,1442.0415,4212.676,0.51166993,821.1776,0.03197094
2376,1483.2993,1446.1672,3944.6067,0.52070314,3195.3276,0.03197094
2377,1426.792,1444.2297,3583.932,0.5278809,588.45105,0.03197094
2378,1476.4509,1447.4519,3318.977,0.51860356,1778.1855,0.03197094
2379,1443.7607,1447.0828,2988.3057,0.5168946,767.80597,0.03197094
2380,1598.3273,1462.2073,4748.2163,0.51953125,6415.26,0.03200218
2381,1454.5752,1461.4441,4278.6367,0.5030273,1581.3457,0.03200218
2382,1512.3928,1466.539,4084.3923,0.5209961,2684.0024,0.03200218
2383,1505.1841,1470.4034,3810.363,0.509668,3080.3286,0.03200218
2384,1406.2382,1463.9869,3799.8733,0.5085938,563.30023,0.03200218
2385,1423.1477,1459.9031,3569.992,0.52211916,698.0558,0.032037593
2386,1420.3242,1455.9452,3353.9766,0.5136719,290.4117,0.032037593
2387,1487.5424,1459.1049,3108.433,0.52905273,2717.845,0.032037593
2388,1434.9353,1456.6879,2850.1648,0.51606447,626.784,0.032037593
2389,1449.7186,1455.991,2569.5195,0.51572263,1146.1935,0.032037593
2390,1421.811,1452.573,2417.7114,0.5174317,178.32138,0.032065533
2391,1463.3245,1453.6482,2186.3435,0.51552737,1644.6859,0.032065533
2392,1621.1855,1470.402,4493.898,0.5108398,7280.8604,0.032065533
2393,1511.516,1474.5134,4196.6406,0.5019531,3754.9812,0.032065533
2394,2682.318,1595.294,135068.27,0.50581056,56069.508,0.032065533
2395,1469.4092,1582.7054,122987.67,0.48354492,1903.5018,0.03203916
2396,1814.5127,1605.8862,115525.016,0.50688475,16365.079,0.03203916
2397,1429.365,1588.2341,106776.89,0.49360353,388.5548,0.03203916
2398,1435.5632,1572.967,98196.96,0.5084473,253.60152,0.03203916
2399,1429.5002,1558.6204,90229.71,0.49482423,384.08096,0.03203916
2400,1426.6165,1545.4199,82774.984,0.50874025,179.62442,0.032053165
2401,1420.5192,1532.9298,75901.51,0.5074219,116.75437,0.032053165
2402,1418.8151,1521.5183,69483.35,0.50942385,163.93407,0.032053165
2403,1417.441,1511.1106,63509.906,0.5133301,152.80486,0.032053165
2404,1416.6436,1501.664,57962.08,0.5230957,150.8197,0.032053165
2405,1413.7114,1492.8687,52862.08,0.51533204,117.10335,0.032077745
2406,1417.3091,1485.3127,48089.703,0.5270996,277.87842,0.032077745
2407,1409.9596,1477.7775,43791.758,0.5308106,74.5518,0.032077745
2408,1408.0605,1470.8058,39850.02,0.5179199,65.99645,0.032077745
2409,1408.654,1464.5906,36212.67,0.5228027,74.35286,0.032077745
2410,1414.5234,1459.5839,32817.008,0.5188965,255.08363,0.03210807
2411,1420.3851,1455.664,29673.594,0.52021486,285.91846,0.03210807
2412,1434.9967,1453.5972,26744.676,0.5206055,1057.6058,0.03210807
2413,1418.7112,1450.1085,24179.74,0.51831055,222.1134,0.03210807
2414,1418.7068,1446.9684,21850.512,0.5209961,214.83853,0.03210807
2415,1427.6335,1445.0349,19699.105,0.516211,448.465,0.032134105
2416,1411.5818,1441.6896,17829.916,0.51777345,108.543365,0.032134105
2417,1411.7866,1438.6992,16127.4,0.5171875,124.274445,0.032134105
2418,1443.7788,1439.2072,14516.982,0.5208008,1392.7855,0.032134105
2419,1418.6436,1437.1508,13103.342,0.5182129,342.52414,0.032134105
2420,1689.1729,1462.353,17509.37,0.51723635,11452.185,0.032161813
2421,1456.6685,1461.7845,15761.339,0.50200194,1602.3202,0.032161813
2422,1413.525,1456.9586,14394.813,0.51518553,103.1269,0.032161813
2423,1412.9569,1452.5585,13129.586,0.5197266,124.78385,0.032161813
2424,1418.8118,1449.1838,11919.122,0.5237793,275.0934,0.032161813
2425,2463.897,1550.6552,103395.055,0.5220703,47598.28,0.03219732
2426,1406.918,1536.2815,94914.984,0.5155762,117.48534,0.03219732
2427,1495.0112,1532.1544,85576.77,0.5229492,3809.4844,0.03219732
2428,1412.2827,1520.1672,78312.32,0.5174316,274.52667,0.03219732
2429,1414.5079,1509.6013,71485.836,0.52070314,249.80733,0.03219732
2430,2875.514,1646.1926,232251.8,0.52368164,66241.76,0.032235462
2431,1414.9294,1623.0663,213840.05,0.5152344,310.2186,0.032235462
2432,1417.2312,1602.4828,196269.17,0.52973634,266.04483,0.032235462
2433,1436.0273,1585.8373,179135.9,0.5150391,887.40186,0.032235462
2434,1585.9675,1585.8503,161222.31,0.51523435,7205.847,0.032235462
2435,1498.8423,1577.1495,145781.42,0.5064453,2368.0005,0.032245856
2436,1459.8547,1565.42,132441.5,0.5079102,1988.4237,0.032245856
2437,1416.7377,1550.5518,121186.92,0.5007324,412.5524,0.032245856
2438,1426.5886,1538.1554,110451.24,0.51762694,339.76654,0.032245856
2439,1433.0745,1527.6473,100399.9,0.50834966,595.1776,0.032245856
2440,2351.1138,1609.994,151388.62,0.51127934,42282.477,0.032264043
2441,1406.4895,1589.6436,139977.03,0.49907228,211.16525,0.032264043
2442,1415.5764,1572.2368,128706.266,0.52265626,209.15932,0.032264043
2443,1582.181,1573.2312,115844.54,0.51362306,7459.122,0.032264043
2444,1485.1926,1564.4274,104957.66,0.5166992,3085.3545,0.032264043
2445,1418.0819,1549.7928,96389.42,0.51293945,317.28342,0.032284927
2446,1445.7903,1539.3926,87723.97,0.5104004,935.3788,0.032284927
2447,1419.6707,1527.4204,80241.57,0.5130371,311.04398,0.032284927
2448,1415.7,1516.2484,73340.74,0.5084961,204.86719,0.032284927
2449,1804.7604,1545.0996,73498.19,0.51533204,15561.832,0.032284927
2450,1438.3599,1534.4257,67173.766,0.5031738,1201.0785,0.032290053
2451,1424.1372,1523.3969,61551.105,0.5067383,669.57733,0.032290053
2452,1407.2217,1511.7793,56610.695,0.5054688,194.78479,0.032290053
2453,1408.5221,1501.4536,51909.207,0.5202637,107.84592,0.032290053
2454,1407.6711,1492.0753,47509.848,0.5263672,93.29443,0.032290053
2455,1406.3757,1483.5054,43419.86,0.521875,105.52616,0.03232539
2456,1404.281,1475.5829,39642.758,0.52255857,81.432106,0.03232539
2457,1405.006,1468.5251,36126.78,0.5265625,96.73703,0.03232539
2458,1409.5988,1462.6326,32826.61,0.52275395,239.34454,0.03232539
2459,1409.9707,1457.3663,29793.543,0.52680665,325.5927,0.03232539
2460,1408.4149,1452.4712,27029.85,0.51738286,205.9228,0.032353494
2461,1406.9958,1447.9237,24512.984,0.5204102,160.77913,0.032353494
2462,1437.1711,1446.8484,22072.092,0.5218262,1269.3729,0.032353494
2463,1493.2412,1451.4877,20058.588,0.51005864,3474.301,0.032353494
2464,1592.0723,1465.5461,19831.49,0.50209963,8518.406,0.032353494
2465,1403.4805,1459.3396,18195.033,0.49775392,370.90872,0.03234986
2466,1400.9675,1453.5024,16682.188,0.51049805,356.15942,0.03234986
2467,1415.2262,1449.6748,15145.825,0.5179199,318.04822,0.03234986
2468,1424.4415,1447.1515,13688.547,0.5184082,609.4782,0.03234986
2469,1409.3918,1443.3755,12448.013,0.5058594,174.46048,0.03234986
2470,1447.4934,1443.7872,11204.737,0.52436525,1754.2897,0.032389294
2471,1415.2769,1440.9362,10157.419,0.51484376,276.6256,0.032389294
2472,1422.5271,1439.0952,9172.178,0.5150391,519.1631,0.032389294
2473,1496.0929,1444.7949,8547.347,0.5212891,3863.112,0.032389294
2474,1410.4598,1441.3615,7798.7124,0.5119141,264.11658,0.032389294
2475,1406.2842,1437.8538,7129.578,0.514502,114.955086,0.032412782
2476,1412.8838,1435.3568,6472.7354,0.5150879,311.18686,0.032412782
2477,1406.388,1432.46,5900.9893,0.5191406,129.88428,0.032412782
2478,1457.0664,1434.9207,5365.3833,0.5159668,1760.0751,0.032412782
2479,1432.2671,1434.6553,4829.4785,0.5166992,1036.3917,0.032412782
2480,1552.8258,1446.4723,5603.3154,0.5161133,4836.31,0.032438908
2481,1417.6534,1443.5905,5117.7314,0.5131836,331.77994,0.032438908
2482,1415.8044,1440.8119,4675.444,0.5055176,345.2372,0.032438908
2483,1470.0908,1443.7397,4285.0522,0.51728517,2242.0789,0.032438908
2484,1408.3376,1440.1996,3969.345,0.5084961,171.7093,0.032438908
2485,1441.8875,1440.3684,3572.6667,0.52211916,1530.067,0.032474805
2486,1406.4309,1436.9746,3319.0579,0.5073242,134.79315,0.032474805
2487,1405.6444,1433.8416,3075.4944,0.5139649,85.86897,0.032474805
2488,1407.4209,1431.1995,2830.7695,0.51401365,105.25417,0.032474805
2489,1404.5691,1428.5364,2611.5186,0.51289064,170.9729,0.032474805
2490,1401.9672,1425.8794,2413.8997,0.52368164,68.85696,0.03251328
2491,1421.331,1425.4246,2174.3716,0.51586914,798.52563,0.03251328
2492,1424.3743,1425.3196,1957.0337,0.5194336,760.7109,0.03251328
2493,1407.976,1423.5852,1788.4025,0.5137695,151.76901,0.03251328
2494,1478.6357,1429.0902,1882.3129,0.5083984,3108.2888,0.03251328
2495,1405.596,1426.7407,1743.7598,0.49936524,447.39548,0.03251225
2496,1649.8562,1449.0522,6049.6304,0.51323247,11057.847,0.03251225
2497,1404.0798,1444.555,5626.694,0.50761724,250.04112,0.03251225
2498,1491.5979,1449.2593,5263.197,0.5206543,2935.041,0.03251225
2499,1631.0603,1467.4393,7711.5225,0.50834966,9083.235,0.03251225
2500,1472.4612,1467.9415,6942.6396,0.5110352,2482.037,0.03253019
2501,1478.6812,1469.0155,6258.7563,0.51035154,2922.421,0.03253019
2502,2767.241,1598.838,157317.92,0.49711913,59218.13,0.03253019
2503,2148.8186,1653.836,168809.2,0.4916016,32940.016,0.03253019
2504,1514.4255,1639.895,153677.45,0.48027343,5611.8223,0.03253019
2505,1524.327,1628.3383,139511.73,0.5008301,5128.9277,0.032531537
2506,1416.4331,1607.1477,129601.9,0.49921876,237.65169,0.032531537
2507,1416.8988,1588.1228,119899.22,0.50341797,502.61072,0.032531537
2508,1410.9478,1570.4053,110734.484,0.5103028,101.12274,0.032531537
2509,1424.5686,1555.8217,101575.19,0.50927734,787.8799,0.032531537
2510,5430.67,1943.3065,1.442718e+06,0.4998047,179513.19,0.03253122
2511,1400.4958,1889.0254,1.3249641e+06,0.4946289,1098.2473,0.03253122
2512,1462.615,1846.3844,1.208832e+06,0.5066895,2484.0078,0.03253122
2513,1413.8226,1803.1282,1.1047886e+06,0.50590825,318.895,0.03253122
2514,1409.4407,1763.7594,1.0082588e+06,0.50468755,193.69136,0.03253122
2515,1413.1951,1728.703,918493.5,0.514502,270.18945,0.032554816
2516,1434.512,1699.2839,834433.44,0.5062012,975.68164,0.032554816
2517,1429.8528,1672.3408,757523.44,0.50375974,556.3441,0.032554816
2518,1417.2544,1646.8322,687627.3,0.5077637,315.10434,0.032554816
2519,1411.9573,1623.3447,623829.5,0.5138184,160.70209,0.032554816
2520,1411.4917,1602.1594,565485.9,0.49975586,231.61374,0.03255442
2521,1414.3457,1583.378,512111.9,0.5119141,293.31097,0.03255442
2522,1419.6145,1567.0017,463314.38,0.5098145,438.5988,0.03255442
2523,1553.9104,1565.6926,416998.34,0.5122559,6263.295,0.03255442
2524,1411.9839,1550.3218,377424.88,0.50029296,332.94504,0.03255442
2525,1588.9639,1554.186,339816.75,0.5129883,7077.052,0.03257557
2526,1446.5387,1543.4213,306877.97,0.5080078,1392.6106,0.03257557
2527,1409.0822,1529.9873,277814.38,0.5085938,222.0952,0.03257557
2528,1400.7651,1517.0651,251535.8,0.5149902,64.95208,0.03257557
2529,1401.022,1505.4607,227594.14,0.5142578,70.85387,0.03257557
2530,1403.9178,1495.3064,205762.7,0.51552737,190.88724,0.03260087
2531,1516.8405,1497.4598,185228.17,0.52719724,3825.9653,0.03260087
2532,1406.7305,1488.387,167446.22,0.51831055,244.1224,0.03260087
2533,1718.1031,1511.3586,155450.84,0.5130371,14219.692,0.03260087
2534,1402.6421,1500.4869,140969.48,0.51547855,341.32587,0.03260087
2535,1406.0752,1491.0458,127674.76,0.51826173,281.51657,0.032630652
2536,6810.583,2022.9995,2.6616802e+06,0.5271485,244659.11,0.032630652
2537,1403.4493,1961.0444,2.430058e+06,0.5206543,391.51212,0.032630652
2538,1409.4984,1905.8899,2.2144302e+06,0.5230957,296.7115,0.032630652
2539,1409.4799,1856.2489,2.0151652e+06,0.52446294,432.2831,0.032630652
2540,1415.6963,1812.1936,1.8311165e+06,0.5233887,711.7595,0.032668833
2541,1411.0449,1772.0787,1.6624876e+06,0.51572263,639.9521,0.032668833
2542,1397.0773,1734.5786,1.5088951e+06,0.5202637,92.2101,0.032668833
2543,1401.4701,1701.2678,1.3679921e+06,0.521875,116.93436,0.032668833
2544,1420.3492,1673.176,1.2382952e+06,0.5227051,745.8181,0.032668833
2545,1412.2255,1647.0809,1.1205942e+06,0.5168457,410.88333,0.032696363
2546,1459.2577,1628.2986,1.01170975e+06,0.5149902,1608.2899,0.032696363
2547,1580.6702,1623.5358,910742.94,0.5047852,8148.0376,0.032696363
2548,1432.3252,1604.4147,822959.1,0.5041504,839.86755,0.032696363
2549,1434.5237,1587.4255,743260.9,0.5004883,965.12115,0.032696363
2550,1425.6101,1571.244,671291.4,0.50043947,1064.3137,0.032697078
2551,1513.8234,1565.502,604458.94,0.50805664,5157.602,0.032697078
2552,1422.4645,1551.1982,545854.44,0.503711,933.543,0.032697078
2553,1413.6233,1537.4408,492972.4,0.5182129,411.82874,0.032697078
2554,1431.2297,1526.8197,444690.44,0.5163574,1251.1602,0.032697078
2555,1404.5137,1514.5891,401567.66,0.51308596,140.86963,0.032718476
2556,1420.4443,1505.1747,362208.56,0.5083496,659.24384,0.032718476
2557,1408.6327,1495.5205,326826.53,0.49731445,479.34567,0.032718476
2558,1460.619,1492.0304,294253.5,0.5152344,2631.4844,0.032718476
2559,1406.3628,1483.4636,265488.66,0.504248,207.44232,0.032718476
2560,1406.7379,1475.791,239469.61,0.5090332,137.33809,0.032733254
2561,1413.6368,1469.5756,215870.33,0.5049317,390.87363,0.032733254
2562,1428.1118,1465.4292,194438.02,0.50825197,1162.6227,0.032733254
2563,1476.349,1466.5212,175004.94,0.50620115,3301.2527,0.032733254
2564,1397.6875,1459.6378,157930.88,0.4949219,435.56818,0.032733254
2565,1407.6906,1454.4431,142380.66,0.51601565,245.06197,0.03275948
2566,1488.4434,1457.8431,128246.63,0.5076172,4038.0176,0.03275948
2567,1437.6611,1455.825,115458.625,0.5032227,1728.7322,0.03275948
2568,1400.7017,1450.3126,104186.234,0.50874025,85.96322,0.03275948
2569,1404.7646,1445.7578,93954.32,0.5072754,286.72943,0.03275948
2570,1400.9253,1441.2745,84739.78,0.5102539,165.08757,0.032776278
2571,1400.292,1437.1763,76416.96,0.5072754,195.4845,0.032776278
2572,1461.4452,1439.6031,68828.27,0.5113281,2959.6335,0.032776278
2573,1417.9895,1437.4418,61987.492,0.51035154,716.6637,0.032776278
2574,1403.5643,1434.0541,55892.035,0.5133789,313.7806,0.032776278
2575,1398.5853,1430.5072,50416.055,0.5119629,283.07642,0.032795887
2576,1412.0054,1428.657,45405.254,0.51665044,300.43643,0.032795887
2577,1433.6064,1429.152,40866.934,0.50625,1377.8551,0.032795887
2578,1400.5471,1426.2915,36853.883,0.5065918,103.70853,0.032795887
2579,1398.1904,1423.4814,33239.566,0.50683594,91.89202,0.032795887
2580,1463.2104,1427.4543,30057.664,0.5114258,2642.9185,0.03281463
2581,1405.186,1425.2275,27096.525,0.49628907,229.90224,0.03281463
2582,1512.843,1433.9891,25077.754,0.50390625,5168.5825,0.03281463
2583,1416.9241,1432.2826,22596.188,0.5018555,703.5369,0.03281463
2584,1401.8705,1429.2413,20419.809,0.5055176,205.21172,0.03281463
2585,1401.1262,1426.4298,18448.969,0.50825197,247.13554,0.032828175
2586,1395.4424,1423.331,16690.49,0.50336915,98.79589,0.032828175
2587,1395.407,1420.5387,15091.618,0.51308596,66.42705,0.032828175
2588,1402.0359,1418.6885,13613.268,0.51240236,314.78442,0.032828175
2589,1401.0852,1416.9281,12279.829,0.503125,290.32605,0.032828175
2590,1398.8062,1415.116,11081.402,0.50742185,147.8605,0.032840356
2591,1624.7845,1436.0828,13929.744,0.5091309,10014.415,0.032840356
2592,1430.093,1435.4838,12539.998,0.5019043,1443.496,0.032840356
2593,1403.9283,1432.3282,11375.614,0.49941406,213.7176,0.032840356
2594,1777.5338,1466.8488,20963.072,0.5046387,17027.33,0.032840356
2595,1392.7012,1459.434,19361.572,0.49687502,152.1837,0.032835227
2596,1398.6841,1453.359,17757.564,0.5097168,172.9931,0.032835227
2597,1394.8256,1447.5056,16290.163,0.50996095,83.80716,0.032835227
2598,1411.6176,1443.9167,14777.0625,0.5155762,721.1097,0.032835227
2599,1396.694,1439.1945,13500.055,0.51430666,245.86806,0.032835227
2600,1393.2407,1434.5991,12340.106,0.51645505,75.90244,0.032862253
2601,1394.2183,1430.561,11252.851,0.51342773,71.98031,0.032862253
2602,1393.4277,1426.8477,10251.665,0.5119629,52.443985,0.032862253
2603,1394.7043,1423.6333,9319.485,0.51357424,95.53089,0.032862253
2604,1415.2878,1422.7987,8393.805,0.5164063,967.9971,0.032862253
2605,1401.7019,1420.689,7594.481,0.5186523,378.2378,0.03289292
2606,1397.8928,1418.4093,6881.8022,0.52373046,314.3707,0.03289292
2607,1396.5065,1416.219,6236.7983,0.51655275,219.26067,0.03289292
2608,1390.134,1413.6105,5674.3564,0.5148926,88.31895,0.03289292
2609,1392.2925,1411.4786,5147.822,0.51899415,114.684875,0.03289292
2610,1389.2881,1409.2595,4677.3574,0.5110352,77.12446,0.032911073
2611,1387.4836,1407.0819,4252.299,0.51425785,54.16338,0.032911073
2612,1389.7711,1405.3508,3854.0386,0.5182129,98.995285,0.032911073
2613,1390.3058,1403.8463,3489.0063,0.5205078,54.89325,0.032911073
2614,1392.609,1402.7225,3151.4705,0.5092285,104.73888,0.032911073
2615,1393.4526,1401.7955,2844.0571,0.5185059,95.86839,0.03294154
2616,1405.4521,1402.1611,2560.8547,0.51889646,582.91003,0.03294154
2617,1407.0494,1402.6499,2306.92,0.5175781,609.68475,0.03294154
2618,1411.7493,1403.5598,2083.6797,0.5138672,799.69293,0.03294154
2619,1401.6562,1403.3695,1875.6377,0.51342773,283.55127,0.03294154
2620,1399.0305,1402.9355,1689.7683,0.5204102,280.03217,0.03297517
2621,1392.2294,1401.865,1531.1075,0.5120605,114.33932,0.03297517
2622,1393.666,1401.045,1384.0468,0.52011716,125.09179,0.03297517
2623,1395.6776,1400.5083,1248.235,0.5216797,203.43262,0.03297517
2624,1430.056,1403.4631,1201.9877,0.51826173,1298.7837,0.03297517
2625,1547.132,1417.8301,2939.4543,0.5055176,6257.4214,0.032984268
2626,1375.5034,1413.5974,2806.7478,0.49072266,319.04175,0.032984268
2627,1398.9563,1412.1333,2545.3657,0.5130371,142.08197,0.032984268
2628,1445.7322,1415.4932,2392.4287,0.51782227,1686.9254,0.032984268
2629,1729.6433,1446.9082,11035.313,0.50693357,14995.203,0.032984268
2630,1404.197,1442.6371,10095.964,0.50874025,259.8202,0.03299869
2631,1421.5547,1440.5288,9126.369,0.51123047,1175.4404,0.03299869
2632,1395.8413,1436.06,8393.46,0.50825197,113.80048,0.03299869
2633,1401.0664,1432.5607,7664.324,0.5095703,229.4807,0.03299869
2634,1395.6622,1428.8708,7020.4263,0.5098145,144.27736,0.03299869
2635,1392.2933,1425.2131,6438.796,0.5119141,83.283806,0.03301835
2636,1393.9541,1422.0873,5882.858,0.5115235,154.89348,0.03301835
2637,1406.4609,1420.5247,5316.549,0.50996095,456.04706,0.03301835
2638,1400.1959,1418.4918,4822.087,0.50639653,340.02557,0.03301835
2639,1409.3682,1417.5795,4347.37,0.51601565,741.3567,0.03301835
2640,1436.416,1419.4631,3944.5664,0.5097656,1421.0619,0.033034477
2641,1415.7522,1419.092,3551.349,0.51079106,817.0999,0.033034477
2642,1396.5938,1416.8422,3241.7695,0.5041504,213.40157,0.033034477
2643,1403.0347,1415.4614,2934.7507,0.51904297,531.39777,0.033034477
2644,1397.644,1413.6797,2669.847,0.50996095,199.2535,0.033034477
2645,1396.6013,1411.9718,2429.1125,0.51606447,230.48126,0.033061024
2646,1395.221,1410.2968,2211.4543,0.5174316,174.46393,0.033061024
2647,1534.0151,1422.6686,3367.87,0.5114258,6046.445,0.033061024
2648,1417.6991,1422.1716,3033.3057,0.50527346,882.18805,0.033061024
2649,1403.1067,1420.2651,2762.6875,0.513916,350.628,0.033061024
2650,1389.5774,1417.1964,2571.175,0.50039065,72.8326,0.033061672
2651,1393.5935,1414.8362,2364.1963,0.5163086,160.8931,0.033061672
2652,1390.0184,1412.3544,2183.2095,0.50947267,70.848076,0.033061672
2653,1392.1565,1410.3346,2001.6044,0.51474607,122.56109,0.033061672
2654,1390.9402,1408.3951,1835.2968,0.51357424,114.72629,0.033061672
2655,1393.6986,1406.9255,1671.2059,0.5144532,186.13948,0.033085573
2656,1394.2937,1405.6624,1518.4459,0.5109863,266.28848,0.033085573
2657,1416.0105,1406.6971,1376.2389,0.5209473,1265.3286,0.033085573
2658,1401.1174,1406.1392,1241.4169,0.5206543,425.8651,0.033085573
2659,1395.3301,1405.0582,1127.7904,0.51230466,335.80878,0.033085573
2660,1413.2148,1405.8739,1020.9991,0.51079106,876.6322,0.033103425
2661,1395.625,1404.849,928.3527,0.5115235,248.97836,0.033103425
2662,1763.3525,1440.6993,12402.748,0.5182129,17038.719,0.033103425
2663,1387.2749,1435.3569,11419.349,0.5166992,157.33253,0.033103425
2664,1388.051,1430.6263,10478.82,0.5192383,116.880646,0.033103425
2665,1392.2314,1426.7869,9563.613,0.5148926,362.51697,0.033128083
2666,1391.5564,1423.2638,8718.958,0.5157715,194.82617,0.033128083
2667,1389.9681,1419.9342,7946.8364,0.51665044,172.4695,0.033128083
2668,1645.1328,1442.4541,11716.449,0.5174316,11770.504,0.033128083
2669,1388.5396,1437.0626,10806.414,0.52104497,231.90927,0.033128083
2670,1388.1125,1432.1676,9941.423,0.53134763,258.0633,0.03318005
2671,1389.0549,1427.8563,9114.563,0.51860356,333.5075,0.03318005
2672,1408.7498,1425.9457,8235.962,0.5225098,1010.57916,0.03318005
2673,1385.3163,1421.8827,7560.933,0.5136719,145.6607,0.03318005
2674,1397.1582,1419.4103,6859.8564,0.5196289,585.8655,0.03318005
2675,1415.7609,1419.0453,6175.0693,0.5124512,1420.7148,0.03320071
2676,1437.9542,1420.9362,5589.7417,0.52104497,2350.3394,0.03320071
2677,1430.356,1421.8782,5038.753,0.50869143,1708.8477,0.03320071
2678,1422.8964,1421.98,4534.9707,0.49897462,1518.5996,0.03320071
2679,1390.5314,1418.8351,4170.485,0.51000977,131.60912,0.03320071
2680,1397.522,1416.7037,3794.3186,0.5114258,354.49118,0.033219684
2681,1533.6909,1428.4025,4646.627,0.5083984,4397.9106,0.033219684
2682,1762.3336,1461.7955,14217.865,0.50043947,14898.095,0.033219684
2683,1415.2793,1457.1439,12990.816,0.48032227,2327.1624,0.033219684
2684,1476.5706,1459.0865,11725.7,0.505957,3355.7773,0.033219684
2685,1395.2008,1452.698,10920.455,0.496875,155.5263,0.033214495
2686,1389.1211,1446.3403,10192.191,0.50390625,125.46774,0.033214495
2687,1388.6195,1440.5682,9472.824,0.50947267,53.167118,0.033214495
2688,1387.8397,1435.2954,8775.768,0.5048828,61.655437,0.033214495
2689,1387.6064,1430.5265,8102.872,0.5084961,63.067104,0.033214495
2690,1387.5641,1426.2302,7458.704,0.5049805,65.0957,0.03322276
2691,1393.8032,1422.9875,6807.469,0.5121582,315.4275,0.03322276
2692,1389.1101,1419.5999,6230.013,0.51103514,141.53545,0.03322276
2693,1385.408,1416.1807,5712.2295,0.5119141,56.805218,0.03322276
2694,1387.5553,1413.3181,5214.754,0.5118164,161.51709,0.03322276
2695,1386.539,1410.6401,4757.8193,0.50942385,114.98379,0.03323842
2696,1814.533,1451.0294,18963.686,0.5121582,19571.55,0.03323842
2697,1379.0066,1443.8271,17534.172,0.509668,48.713577,0.03323842
2698,1383.5,1437.7944,16108.296,0.51816404,76.00055,0.03323842
2699,1382.8335,1432.2983,14769.33,0.51826173,74.571724,0.03323842
2700,1395.9496,1428.6635,13411.308,0.5200684,635.9205,0.033271793
2701,1384.0721,1424.2043,12249.132,0.5200684,102.83761,0.033271793
2702,1388.0927,1420.5931,11141.583,0.52612305,284.10458,0.033271793
2703,1416.8177,1420.2156,10028.708,0.52553713,1073.781,0.033271793
2704,1400.1335,1418.2074,9062.133,0.51396483,398.02133,0.033271793
2705,1421.0747,1418.4941,8156.659,0.51479495,1737.21,0.03329642
2706,5595.93,1836.2378,1.5779285e+06,0.5166992,190412.62,0.03329642
2707,1412.9624,1793.9103,1.4362602e+06,0.5157715,1079.5337,0.03329642
2708,1380.1654,1752.5358,1.3080409e+06,0.51694334,78.07219,0.03329642
2709,1392.3951,1716.5217,1.1889099e+06,0.5151367,444.351,0.03329642
2710,1389.8704,1683.8566,1.079622e+06,0.519336,328.3327,0.033328626
2711,10216.814,2537.1523,7.5246835e+06,0.50498044,399532.84,0.033328626
2712,1472.3286,2430.67,6.8742615e+06,0.48330078,3520.2476,0.033328626
2713,1382.9751,2325.9004,6.285625e+06,0.5122559,149.95108,0.033328626
2714,1386.8982,2232.0002,5.7364175e+06,0.5167969,152.45555,0.033328626
2715,1388.5566,2147.6558,5.226801e+06,0.51723635,135.31119,0.033357363
2716,1388.0669,2071.6968,4.7560485e+06,0.5095215,291.76218,0.033357363
2717,1386.1871,2003.1458,4.322737e+06,0.520459,102.08636,0.033357363
2718,1387.3635,1941.5675,3.9245902e+06,0.51430666,139.64026,0.033357363
2719,1389.6248,1886.3733,3.5595488e+06,0.5125977,206.76466,0.033357363
2720,1414.6545,1839.2014,3.2236202e+06,0.51118165,962.4427,0.03337602
2721,1404.2021,1795.7015,2.9182885e+06,0.5121582,539.04224,0.03337602
2722,1514.2189,1767.5532,2.6335905e+06,0.51123047,4995.4565,0.03337602
2723,1607.167,1751.5146,2.3725465e+06,0.5074219,10215.156,0.03337602
2724,1386.4807,1715.0112,2.1472842e+06,0.50712895,541.2768,0.03337602
2725,1390.2389,1682.5339,1.9420488e+06,0.5110352,271.83194,0.033394437
2726,1399.1489,1654.1954,1.7550715e+06,0.51474607,418.4892,0.033394437
2727,1413.8854,1630.1644,1.5847618e+06,0.5084961,781.25775,0.033394437
2728,1712.1448,1638.3624,1.4268905e+06,0.50473636,14474.741,0.033394437
2729,1384.9243,1613.0186,1.2899822e+06,0.50390625,145.98267,0.033394437
2730,1392.0432,1590.921,1.1653788e+06,0.51723635,172.64789,0.03342323
2731,1385.3911,1570.368,1.0526426e+06,0.5065918,196.28505,0.03342323
2732,1388.8708,1552.2183,950343.06,0.5097168,227.45377,0.03342323
2733,1388.1267,1535.8091,857732.1,0.51826173,212.15616,0.03342323
2734,1383.6644,1520.5946,774042.25,0.52153325,73.11242,0.03342323
2735,1391.8108,1507.7162,698130.7,0.51044923,179.69885,0.033440694
2736,1390.9486,1496.0394,629544.7,0.5113281,272.76755,0.033440694
2737,1387.7092,1485.2064,567646.44,0.5095703,142.22552,0.033440694
2738,1400.9355,1476.7793,511520.94,0.5057129,765.9513,0.033440694
2739,1388.501,1467.9514,461070.22,0.5046387,202.95747,0.033440694
2740,1401.251,1461.2814,415363.6,0.5060547,768.1057,0.033450823
2741,1385.9746,1453.7507,374337.62,0.50375974,115.90421,0.033450823
2742,1559.8499,1464.3606,337916.97,0.5121094,5661.7817,0.033450823
2743,1508.6447,1468.7891,304301.75,0.49814454,4193.144,0.033450823
2744,1542.1697,1476.1271,274356.2,0.4979004,6432.005,0.033450823
2745,1399.6855,1468.4829,247446.47,0.49780273,786.0132,0.03344715
2746,1413.3356,1462.9681,222975.53,0.5046387,1654.0085,0.03344715
2747,1399.4725,1456.6185,201040.83,0.5148926,679.5923,0.03344715
2748,1385.4104,1449.4977,181393.1,0.50815433,117.33061,0.03344715
2749,1392.0966,1443.7576,163550.31,0.51005864,328.82047,0.03344715
2750,1382.8235,1437.6642,147529.44,0.5072266,73.00537,0.03345924
2751,1382.4011,1432.138,133051.36,0.5142578,51.146122,0.03345924
2752,1382.0603,1427.1301,119971.92,0.50883794,72.38612,0.03345924
2753,1380.0479,1422.4219,108174.234,0.5115235,57.7408,0.03345924
2754,1382.158,1418.3955,97502.71,0.5155762,139.34656,0.03345924
2755,1379.7745,1414.5334,87886.68,0.51166993,49.724106,0.033478763
2756,1379.7351,1411.0536,79206.99,0.5151856,65.96502,0.033478763
2757,1402.065,1410.1548,71293.56,0.5114258,912.6508,0.033478763
2758,1381.3105,1407.2704,64239.082,0.51113284,73.03733,0.033478763
2759,1381.0006,1404.6434,57877.28,0.5104004,78.085045,0.033478763
2760,1379.7144,1402.1505,52145.48,0.5121582,76.12861,0.033499125
2761,1383.4983,1400.2853,46962.242,0.51826173,126.88258,0.033499125
2762,1381.5664,1398.4133,42297.55,0.5105957,88.39274,0.033499125
2763,1383.7263,1396.9446,38087.207,0.5133301,144.48817,0.033499125
2764,1413.366,1398.5867,34302.754,0.5161133,1438.0775,0.033499125
2765,1396.1042,1398.3384,30873.033,0.51538086,450.9705,0.0335249
2766,1383.8611,1396.8906,27804.592,0.5052246,174.7269,0.0335249
2767,1381.993,1395.4009,25044.105,0.51831055,419.26093,0.0335249
2768,1390.1792,1394.8787,22542.148,0.5157715,285.04364,0.0335249
2769,1386.0775,1393.9985,20294.904,0.51484376,260.93423,0.0335249
2770,1381.935,1392.7922,18278.512,0.5101563,103.49222,0.03354193
2771,1381.9233,1391.7053,16461.291,0.509082,117.8566,0.03354193
2772,1379.8098,1390.5157,14827.896,0.52749026,96.54705,0.03354193
2773,1378.3243,1389.2966,13358.483,0.5133789,58.23199,0.03354193
2774,1377.258,1388.0928,12035.679,0.5185547,48.944,0.03354193
2775,1378.2046,1387.104,10840.91,0.5150879,61.03153,0.033567242
2776,1380.9944,1386.493,9760.178,0.513916,128.77194,0.033567242
2777,1379.3286,1385.7766,8788.779,0.5239258,58.20772,0.033567242
2778,1383.3577,1385.5347,7910.4277,0.5132812,116.25572,0.033567242
2779,1408.0532,1387.7865,7165.0225,0.5191406,1055.9127,0.033567242
2780,1386.7698,1387.6848,6448.6133,0.5133789,257.46704,0.033589706
2781,1409.9371,1389.91,5848.317,0.5132812,1301.3425,0.033589706
2782,1381.8525,1389.1042,5269.328,0.5222168,223.57127,0.033589706
2783,1406.7823,1390.8721,4770.5215,0.5223144,1029.3895,0.033589706
2784,1382.4897,1390.0338,4299.793,0.50874025,151.85829,0.033589706
2785,1378.4702,1388.8774,3881.848,0.5114746,68.89684,0.03360898
2786,1380.1346,1388.0032,3500.5422,0.50454104,117.80162,0.03360898
2787,1380.9885,1387.3018,3154.9163,0.52075195,90.57755,0.03360898
2788,1391.988,1387.7704,2841.401,0.5118164,459.7954,0.03360898
2789,1403.1025,1389.3036,2578.4175,0.5132813,1051.5255,0.03360898
2790,1379.2804,1388.3013,2329.6174,0.5077637,92.61576,0.03362203
2791,1380.6918,1387.5403,2101.8672,0.5281738,102.102554,0.03362203
2792,1377.5413,1386.5404,1900.6787,0.51665044,56.725227,0.03362203
2793,1380.418,1385.9282,1713.9844,0.5174316,130.18196,0.03362203
2794,1381.4546,1385.4808,1544.3871,0.51293945,101.08256,0.03362203
2795,1379.4731,1384.8801,1393.1967,0.5073731,108.35273,0.033634424
2796,1378.1697,1384.2091,1257.9297,0.50820315,50.528088,0.033634424
2797,1377.2666,1383.5149,1136.4745,0.5102051,55.997944,0.033634424
2798,1377.9592,1382.9594,1025.6049,0.5180176,75.287834,0.033634424
2799,1378.9838,1382.5618,924.46686,0.5209473,84.237076,0.033634424
2800,1377.2023,1382.0259,834.60535,0.51586914,57.447063,0.03366112
2801,1376.152,1381.4385,754.25,0.5188477,51.797417,0.03366112
2802,1376.1122,1380.9059,681.37823,0.52856445,53.409443,0.03366112
2803,1376.3213,1380.4474,615.1321,0.51586914,72.34703,0.03366112
2804,1375.9497,1379.9976,555.43945,0.5237305,62.09794,0.03366112
2805,1374.1553,1379.4133,502.96738,0.5187988,49.929657,0.03369277
2806,1377.8064,1379.2527,452.903,0.5199219,150.61719,0.03369277
2807,1378.247,1379.1521,407.70377,0.52260745,172.90234,0.03369277
2808,1390.8623,1380.3231,379.275,0.52060544,691.4741,0.03369277
2809,1382.0226,1380.493,341.60742,0.51953125,256.0164,0.03369277
2810,1401.7225,1382.616,348.0089,0.5228516,866.03357,0.03373129
2811,1377.2151,1382.0759,315.83328,0.5167969,176.405,0.03373129
2812,1393.8384,1383.2522,296.70193,0.5277832,658.1791,0.03373129
2813,1376.8599,1382.6129,270.7093,0.51372075,145.83107,0.03373129
2814,1379.9678,1382.3484,244.26807,0.5271485,105.965836,0.03373129
2815,1379.5958,1382.0731,220.52315,0.5126465,112.640976,0.033752624
2816,1408.3599,1384.7018,260.6602,0.5133789,1431.9882,0.033752624
2817,1377.8365,1384.0153,238.83598,0.5104004,74.90564,0.033752624
2818,1383.2178,1383.9355,215.00961,0.5131836,274.19574,0.033752624
2819,1386.6512,1384.2072,194.1724,0.51118165,337.00745,0.033752624
2820,1379.1152,1383.698,177.08864,0.50507814,161.3215,0.033761196
2821,1379.0471,1383.2329,161.32654,0.4996582,129.9334,0.033761196
2822,1376.4089,1382.5505,149.38487,0.5097656,77.740944,0.033761196
2823,1376.3602,1381.9315,137.89517,0.5171875,54.5707,0.033761196
2824,1377.6409,1381.5024,125.76253,0.51650393,126.23215,0.033761196
2825,1383.9753,1381.7498,113.73665,0.52011716,331.3357,0.033795174
2826,1379.477,1381.5225,102.82785,0.51831055,230.15123,0.033795174
2827,1376.3118,1381.0013,94.988686,0.5181641,78.234474,0.033795174
2828,1376.239,1380.5251,87.53099,0.52382815,64.39891,0.033795174
2829,1375.0251,1379.9751,81.50039,0.51293945,82.74634,0.033795174
2830,1375.8151,1379.5591,74.90788,0.51875,81.19535,0.03382687
2831,1375.2253,1379.1257,69.10741,0.52260745,88.451546,0.03382687
2832,1377.3081,1378.944,62.494003,0.5277344,172.53333,0.03382687
2833,1386.393,1379.6888,61.23845,0.5148926,551.0778,0.03382687
2834,1376.9463,1379.4146,55.791546,0.5155762,160.25061,0.03382687
2835,1384.2904,1379.9021,52.352047,0.5129883,382.37915,0.033848844
2836,1376.7291,1379.5848,48.022938,0.51552737,105.0226,0.033848844
2837,1381.2117,1379.7476,43.45883,0.51186526,307.1026,0.033848844
2838,1496.7422,1391.447,1271.0098,0.5239258,5158.1978,0.033848844
2839,1439.9822,1396.3005,1355.9183,0.5064453,2823.1667,0.033848844
2840,1374.9192,1394.1624,1261.4711,0.5005371,146.59901,0.033849757
2841,1376.0592,1392.352,1164.8191,0.5114258,73.3664,0.033849757
2842,1375.8464,1390.7015,1072.8563,0.5257813,60.361004,0.033849757
2843,1376.5786,1389.2893,983.5218,0.51220703,97.45975,0.033849757
2844,1412.6931,1391.6296,934.46606,0.517334,1739.1292,0.033849757
2845,1386.4412,1391.1108,843.44226,0.52368164,411.73877,0.03388986
2846,1384.7786,1390.4777,762.7068,0.5144043,281.11084,0.03388986
2847,1471.4081,1398.5707,1275.9121,0.5175781,4108.4956,0.03388986
2848,1388.5114,1397.5647,1157.428,0.5084473,528.69006,0.03388986
2849,1387.0815,1396.5164,1051.5758,0.51542974,225.70015,0.03388986
2850,1379.1937,1394.784,973.4248,0.5102539,134.38715,0.033907235
2851,1381.5508,1393.4607,891.8431,0.5131836,166.36809,0.033907235
2852,1375.3931,1391.6539,832.03827,0.515625,79.31757,0.033907235
2853,1375.169,1390.0054,773.29236,0.5175293,80.84485,0.033907235
2854,1377.0,1388.7048,711.18567,0.5119629,84.49652,0.033907235
2855,1379.4121,1387.7755,647.83905,0.5270508,181.84535,0.033953127
2856,1381.5273,1387.1506,586.5687,0.5146973,225.74763,0.033953127
2857,1399.4569,1388.3812,541.5418,0.5205566,1020.7239,0.033953127
2858,1378.7781,1387.4209,495.68747,0.5184082,122.47405,0.033953127
2859,1395.8088,1388.2596,452.4509,0.51220703,786.75916,0.033953127
2860,1389.9592,1388.4296,407.46576,0.5048828,460.68646,0.03396142
2861,1379.8802,1387.5746,373.29733,0.5011719,221.54822,0.03396142
2862,1382.9861,1387.1157,337.8625,0.51411134,193.25673,0.03396142
2863,1420.6134,1390.4655,405.06476,0.507959,1845.7749,0.03396142
2864,1379.5287,1389.3718,375.32346,0.50576174,175.19318,0.03396142
2865,1459.3574,1396.3704,778.6096,0.51044923,3132.6152,0.033979163
2866,1402.7068,1397.004,704.3621,0.5052246,1029.3741,0.033979163
2867,1388.8948,1396.1931,639.8443,0.50869143,341.62805,0.033979163
2868,1383.6313,1394.9369,590.06165,0.5050293,214.99525,0.033979163
2869,1381.5303,1393.5962,547.2319,0.50996095,145.19992,0.033979163
2870,1386.3408,1392.8706,497.2463,0.5035645,350.0244,0.033985224
2871,1377.1506,1391.2986,469.76224,0.51767576,118.66694,0.033985224
2872,1378.3901,1390.0077,437.78253,0.5131348,64.58124,0.033985224
2873,1379.1522,1388.9221,404.61,0.50385743,64.99282,0.033985224
2874,1381.457,1388.1757,369.16446,0.507959,205.57324,0.033985224
2875,1378.7007,1387.2281,340.32776,0.504834,104.67585,0.03399344
2876,1388.4916,1387.3545,306.43866,0.50693357,272.48022,0.03399344
2877,1378.446,1386.4636,282.93723,0.50405276,201.8596,0.03399344
2878,1380.42,1385.8593,257.93076,0.50791013,158.61278,0.03399344
2879,1382.5704,1385.5304,233.11115,0.5187012,273.342,0.03399344
2880,1376.1643,1384.5938,217.69516,0.5127442,93.591125,0.034015108
2881,1372.8203,1383.4164,208.4009,0.51308596,60.29488,0.034015108
2882,1378.8564,1382.9604,189.43217,0.5182129,123.14941,0.034015108
2883,1384.3616,1383.1006,170.66563,0.51220703,442.19333,0.034015108
2884,1374.5635,1382.2468,160.15846,0.5151367,65.41823,0.034015108
2885,1376.0691,1381.629,147.57741,0.51352537,126.83076,0.034038115
2886,1374.562,1380.9224,137.31451,0.51938474,99.67288,0.034038115
2887,1376.3108,1380.4612,125.497055,0.5169922,110.67029,0.034038115
2888,1376.3999,1380.055,114.43181,0.51054686,99.668304,0.034038115
2889,1392.7937,1381.3289,117.5932,0.5196289,500.97223,0.034038115
2890,1412.5483,1384.4508,193.55292,0.50874025,1560.6338,0.034052994
2891,1394.2003,1385.4258,182.75238,0.50336915,513.54376,0.034052994
2892,1488.5125,1395.7345,1120.8947,0.5012207,4739.718,0.034052994
2893,1386.2434,1394.7854,1016.9124,0.4994629,297.85416,0.034052994
2894,1434.6697,1398.7738,1058.3892,0.5044434,2247.6362,0.034052994
2895,1402.084,1399.1049,953.5364,0.5106934,760.15674,0.03407121
2896,1376.4495,1396.8394,904.3768,0.5003418,146.08578,0.03407121
2897,1379.7952,1395.1349,840.0845,0.51606447,151.38905,0.03407121
2898,1381.9142,1393.8129,771.8068,0.5108887,236.93039,0.03407121
2899,1376.2322,1392.0548,722.4434,0.507959,79.73357,0.03407121
2900,1381.6887,1391.0182,659.8701,0.5097656,207.36974,0.03408785
2901,1406.1055,1392.5269,614.3694,0.5119141,1196.4558,0.03408785
2902,1375.9646,1390.8706,577.6202,0.5038086,174.79395,0.03408785
2903,1384.919,1390.2754,523.04614,0.51308596,343.60287,0.03408785
2904,1686.5332,1419.9011,8369.923,0.51103514,14156.278,0.03408785
2905,1382.8339,1416.1943,7656.589,0.5055664,516.6574,0.03409734
2906,1371.3264,1411.7075,7072.1113,0.51000977,71.22293,0.03409734
2907,1374.3672,1407.9735,6490.387,0.52675784,60.62668,0.03409734
2908,1373.487,1404.5249,5948.3867,0.5152344,51.97837,0.03409734
2909,1376.2377,1401.6962,5425.563,0.5109863,102.488976,0.03409734
2910,1378.5247,1399.379,4931.329,0.51894534,208.85254,0.03412965
2911,1572.3763,1416.6787,7131.7227,0.51601565,8931.776,0.03412965
2912,1374.3223,1412.4431,6580.016,0.5125488,72.81579,0.03412965
2913,1378.3279,1409.0316,6026.7607,0.5151367,124.21254,0.03412965
2914,1415.1383,1409.6423,5427.4404,0.5125977,1757.612,0.03412965
2915,1708.2781,1439.5059,12911.194,0.50771487,15181.433,0.03414282
2916,1371.5044,1432.7057,12036.253,0.5006836,78.82667,0.03414282
2917,1408.2585,1430.261,10886.417,0.51171875,1533.1772,0.03414282
2918,1380.0068,1425.2356,10025.068,0.5083985,186.97522,0.03414282
2919,1448.0515,1427.5172,9069.412,0.5117676,2704.4175,0.03414282
2920,1394.0087,1424.1664,8263.524,0.4994629,679.3949,0.0341419
2921,1380.6306,1419.8127,7607.7544,0.5110352,204.12967,0.0341419
2922,1374.8967,1415.3212,7028.549,0.5097656,114.98223,0.0341419
2923,1384.6548,1412.2545,6410.332,0.5150879,300.7116,0.0341419
2924,1380.376,1409.0667,5860.7603,0.5089356,174.62526,0.0341419
2925,1386.5469,1406.8147,5320.3267,0.51171875,366.07086,0.034161914
2926,1462.0334,1412.3365,5062.714,0.5018066,3818.673,0.034161914
2927,1393.7732,1410.4802,4587.4565,0.49746093,767.7254,0.034161914
2928,1376.9729,1407.1295,4229.7573,0.513916,108.90368,0.034161914
2929,1382.6746,1404.6841,3860.6057,0.51049805,329.53848,0.034161914
2930,1381.8544,1402.4011,3521.4526,0.507959,172.00726,0.03417551
2931,1376.7239,1399.8334,3228.6462,0.5052246,107.65917,0.03417551
2932,1377.4762,1397.5977,2950.7676,0.5164063,190.43254,0.03417551
2933,1382.8771,1396.1256,2675.1934,0.5131836,350.8482,0.03417551
2934,1395.444,1396.0575,2407.7158,0.5171387,1096.8926,0.03417551
2935,1373.1458,1393.7664,2214.1895,0.5137207,82.3526,0.03419896
2936,1373.24,1391.7137,2030.6904,0.5151367,78.20642,0.03419896
2937,1375.3569,1390.0781,1851.7006,0.5211914,128.83463,0.03419896
2938,1504.6971,1401.54,2848.9072,0.51787114,6001.962,0.03419896
2939,1389.3306,1400.3191,2577.4329,0.5108887,785.7084,0.03419896
2940,1469.8525,1407.2725,2754.8306,0.5181153,4155.752,0.03422995
2941,1388.3196,1405.3772,2511.6765,0.5061035,623.3214,0.03422995
2942,1392.5367,1404.0931,2275.348,0.51362306,645.286,0.03422995
2943,1376.4863,1401.3325,2116.4053,0.50219727,119.73281,0.03422995
2944,1469.9368,1408.193,2328.3535,0.5135254,3385.3792,0.03422995
2945,1382.1343,1405.5872,2156.6333,0.49770507,342.6189,0.034226023
2946,1378.6656,1402.895,2006.1991,0.5055664,350.8102,0.034226023
2947,1377.0039,1400.3059,1865.9106,0.51782227,124.40315,0.034226023
2948,1377.1196,1397.9873,1727.7039,0.51235354,212.97852,0.034226023
2949,1378.5116,1396.0398,1589.0707,0.51293945,299.84866,0.034226023
2950,1390.6506,1395.5009,1432.7775,0.51416016,874.73456,0.034250267
2951,1373.9734,1393.3481,1331.2085,0.5222168,114.89645,0.034250267
2952,1376.3323,1391.6466,1224.1462,0.5149414,214.18874,0.034250267
2953,1380.3729,1390.5193,1113.1702,0.51484376,445.32983,0.034250267
2954,2456.6362,1497.131,103296.33,0.50942385,49019.562,0.034250267
2955,1370.9543,1484.5133,94399.54,0.50146484,138.95262,0.034252774
2956,1371.8978,1473.2517,86100.984,0.51767576,104.00384,0.034252774
2957,1370.6826,1462.9948,78437.72,0.51220703,75.073364,0.034252774
2958,1371.2878,1453.8241,71350.86,0.52104497,57.251575,0.034252774
2959,1370.3276,1445.4745,64843.22,0.52387697,57.43044,0.034252774
2960,1370.5885,1437.9858,58863.61,0.52124023,52.048275,0.03428917
2961,1370.8901,1431.2762,53382.414,0.51416016,76.79371,0.03428917
2962,1370.7444,1425.223,48373.94,0.513916,56.962326,0.03428917
2963,1369.909,1419.6917,43811.914,0.5199219,74.27091,0.03428917
2964,1369.7786,1414.7003,39654.94,0.5248047,70.489296,0.03428917
2965,1369.3273,1410.163,35874.73,0.52431643,66.39496,0.034330886
2966,1368.4424,1405.991,32443.912,0.52084965,51.125244,0.034330886
2967,1369.505,1402.3424,29319.33,0.51308596,52.63123,0.034330886
2968,1370.3008,1399.1382,26479.795,0.5197266,61.01646,0.034330886
2969,1372.3516,1396.4595,23896.39,0.5108398,88.40838,0.034330886
2970,1370.5117,1393.8647,21567.346,0.51552737,58.566414,0.034357548
2971,1370.6317,1391.5415,19459.19,0.51430666,73.18386,0.034357548
2972,1374.9628,1389.8837,17538.008,0.5120605,199.40704,0.034357548
2973,1407.0231,1391.5977,15810.645,0.5148926,1614.323,0.034357548
2974,1439.2085,1396.3588,14433.592,0.51171875,2835.6528,0.034357548
2975,1436.0754,1400.3304,13132.199,0.4975586,3267.1943,0.034353353
2976,1458.407,1406.1381,12122.538,0.515918,3115.9822,0.034353353
2977,1493.1289,1414.8372,11591.351,0.50419927,4126.018,0.034353353
2978,1399.71,1413.3245,10452.81,0.5083984,723.28284,0.034353353
2979,3392.3284,1611.2249,361888.62,0.4975586,90947.28,0.034353353
2980,1376.3911,1587.7415,330662.97,0.49262697,288.61493,0.034340695
2981,1380.2786,1566.9951,301470.34,0.51694334,172.54251,0.034340695
2982,1382.0879,1548.5044,274400.47,0.5061035,291.8546,0.034340695
2983,1379.655,1531.6195,249526.31,0.50913084,172.74661,0.034340695
2984,1383.6128,1516.8188,226545.2,0.50449216,402.1738,0.034340695
2985,1384.7107,1503.608,205461.4,0.49936524,494.3244,0.034339603
2986,1378.0674,1491.054,186333.7,0.5005371,242.75914,0.034339603
2987,1403.249,1482.2734,168394.2,0.5096191,1214.2737,0.034339603
2988,1374.9371,1471.5398,152591.67,0.5105957,104.88547,0.034339603
2989,1375.4102,1461.9269,138164.19,0.51005864,124.28286,0.034339603
2990,1382.2858,1453.9628,124918.6,0.50024414,312.59055,0.03434002
2991,1381.1968,1446.6862,112903.28,0.49975586,282.2957,0.03434002
2992,1473.9753,1449.415,101679.97,0.506543,3279.4553,0.03434002
2993,1382.7709,1442.7506,91911.695,0.49794924,341.9092,0.03434002
2994,1385.2075,1436.9963,83018.53,0.4970703,319.20593,0.03434002
2995,1397.0148,1432.9982,74860.54,0.4947754,671.82904,0.03433105
2996,1369.294,1426.6277,67739.72,0.49604493,198.98047,0.03433105
2997,1374.5508,1421.42,61209.83,0.51035154,161.76729,0.03433105
2998,1408.2643,1420.1045,55104.42,0.5090821,1523.6691,0.03433105
2999,1413.761,1419.4701,49597.598,0.5048828,1805.6238,0.03433105
3000,1373.1406,1414.8372,44831.01,0.5086426,56.66326,0.034345884
3001,1373.5836,1410.7118,40501.074,0.5091309,81.15129,0.034345884
3002,1381.2166,1407.7622,36529.26,0.50571287,319.75464,0.034345884
3003,1384.6829,1405.4542,32924.273,0.5067383,542.11127,0.034345884
3004,1377.1506,1402.6239,29703.943,0.49902344,245.03021,0.034345884
3005,1380.5394,1400.4154,26777.443,0.50751954,407.92883,0.034358803
3006,1396.7999,1400.0538,24100.875,0.5061035,1119.8658,0.034358803
3007,1370.8284,1397.1313,21767.658,0.51181644,74.33435,0.034358803
3008,1371.4169,1394.5599,19650.402,0.5102539,89.208374,0.034358803
3009,1370.4357,1392.1475,17737.738,0.5125977,40.751957,0.034358803
3010,1368.8113,1389.8138,16012.976,0.51108396,48.631256,0.034377843
3011,1368.386,1387.671,14453.001,0.51250005,58.906395,0.034377843
3012,1369.5507,1385.859,13037.252,0.5185059,52.142372,0.034377843
3013,1369.6852,1384.2416,11757.069,0.5131348,60.23861,0.034377843
3014,1369.1412,1382.7316,10601.884,0.5150879,50.053555,0.034377843
3015,1426.8866,1387.1471,9717.165,0.52431643,2583.949,0.03441967
3016,1378.3052,1386.263,8752.484,0.51948243,310.34402,0.03441967
3017,1373.4104,1384.9777,7892.1025,0.51894534,241.02693,0.03441967
3018,1369.5103,1383.4309,7124.4233,0.51650393,77.42647,0.03441967
3019,1382.8412,1383.372,6412.012,0.515625,370.40326,0.03441967
3020,1719.7806,1417.0128,15956.184,0.50996095,15883.011,0.03443682
3021,1369.8512,1412.2966,14560.744,0.5056641,151.2659,0.03443682
3022,1370.5615,1408.1232,13261.433,0.5173828,71.74547,0.03443682
3023,1372.3036,1404.5413,12050.764,0.509668,154.55406,0.03443682
3024,1383.9447,1402.4816,10883.867,0.50957036,603.7963,0.03443682
3025,1371.4587,1399.3793,9882.098,0.5145019,99.580574,0.034461796
3026,1377.8586,1397.2272,8935.569,0.511377,297.46164,0.034461796
3027,1374.8768,1394.9922,8086.9707,0.5105469,146.74225,0.034461796
3028,1384.8479,1393.9778,7287.535,0.5060547,537.60474,0.034461796
3029,1371.4806,1391.728,6604.3325,0.5105957,93.88973,0.034461796
3030,1377.278,1390.283,5962.6914,0.5134766,247.07823,0.034485023
3031,1375.1755,1388.7722,5386.963,0.50761724,185.78319,0.034485023
3032,1370.0479,1386.8998,4879.8203,0.51831055,219.99345,0.034485023
3033,1371.2976,1385.3396,4413.7466,0.5191406,158.912,0.034485023
3034,1447.9877,1391.6044,4325.602,0.5192871,3627.3135,0.034485023
3035,1375.6304,1390.007,3916.007,0.513916,238.9628,0.03450902
3036,1376.047,1388.611,3541.9456,0.51767576,292.92294,0.03450902
3037,1374.9426,1387.2441,3204.565,0.5127442,287.20663,0.03450902
3038,1368.4634,1385.3661,2915.853,0.5140625,154.49286,0.03450902
3039,1377.492,1384.5786,2629.848,0.5208496,437.66653,0.03450902
3040,1375.9133,1383.712,2373.6208,0.5151856,319.98526,0.034535237
3041,1371.3828,1382.4791,2149.9395,0.5192871,120.6685,0.034535237
3042,1375.494,1381.7806,1939.3367,0.5124512,269.98758,0.034535237
3043,1408.4666,1384.4492,1809.4954,0.51186526,1767.9373,0.034535237
3044,1410.2557,1387.0299,1688.4836,0.51469725,1336.5369,0.034535237
3045,1372.388,1385.5657,1538.93,0.5054687,187.15524,0.034544684
3046,1372.4243,1384.2516,1400.5796,0.50698245,108.44244,0.034544684
3047,1381.6387,1383.9902,1261.1361,0.5146973,558.584,0.034544684
3048,1374.4293,1383.0342,1143.2495,0.50913084,213.46315,0.034544684
3049,1383.0974,1383.0405,1028.9248,0.5175781,552.3778,0.034544684
3050,1517.5043,1396.4869,2553.277,0.51235354,6393.198,0.03456603
3051,1394.9321,1396.3314,2298.1667,0.5019043,1115.5287,0.03456603
3052,1373.3948,1394.0377,2115.698,0.5133301,136.50719,0.03456603
3053,1372.1033,1391.8442,1947.429,0.51372075,79.30877,0.03456603
3054,1371.7638,1389.8362,1788.9762,0.5171875,81.25782,0.03456603
3055,1564.3174,1407.2843,4350.0107,0.51127934,8832.891,0.034585524
3056,1370.7263,1403.6285,4035.2932,0.5072266,126.78359,0.034585524
3057,1373.0903,1400.5747,3715.696,0.5145996,121.28339,0.034585524
3058,1376.0482,1398.1221,3398.2656,0.50991213,229.48866,0.034585524
3059,1379.0581,1396.2157,3091.1482,0.5163086,258.86166,0.034585524
3060,1377.3401,1394.3281,2814.0994,0.504834,347.1154,0.034593888
3061,1373.2776,1392.223,2572.5706,0.5123047,219.76636,0.034593888
3062,1475.1691,1400.5176,2934.5176,0.51464844,4813.0205,0.034593888
3063,1369.8918,1397.455,2725.48,0.49902344,104.71134,0.034593888
3064,1370.1249,1394.7219,2520.156,0.517627,69.15873,0.034593888
3065,1367.6184,1392.0116,2334.2544,0.5126465,52.519936,0.034615766
3066,1373.7626,1390.1866,2130.8013,0.5151367,209.34839,0.034615766
3067,1372.0636,1388.3744,1947.2811,0.5122559,95.33206,0.034615766
3068,1373.8026,1386.9172,1771.6632,0.51650393,170.0258,0.034615766
3069,1397.2217,1387.9476,1604.0532,0.5169434,890.5047,0.034615766
3070,1403.1984,1389.4727,1464.5806,0.5097168,1176.5981,0.03463259
3071,1392.8115,1389.8065,1319.1257,0.5124512,768.4599,0.03463259
3072,1387.9346,1389.6194,1187.5286,0.5093262,802.0437,0.03463259
3073,1385.1375,1389.1711,1070.5836,0.49975586,868.8202,0.03463259
3074,1377.0092,1387.955,976.83746,0.5103028,381.4309,0.03463259
3075,1380.1863,1387.1781,884.5854,0.5119141,475.68234,0.03465323
3076,1368.6296,1385.3232,827.09094,0.5018066,110.50169,0.03465323
3077,1371.5093,1383.9419,761.55615,0.5030762,84.778755,0.03465323
3078,1371.7974,1382.7274,698.67456,0.5102051,92.68243,0.03465323
3079,1370.2827,1381.4829,642.7454,0.50449216,81.77934,0.03465323
3080,1375.0952,1380.8441,582.1431,0.5025391,208.28012,0.034657627
3081,1381.3776,1380.8975,523.9544,0.50634766,321.41055,0.034657627
3082,1433.1587,1386.1235,717.3702,0.5083496,2906.8523,0.034657627
3083,1370.389,1384.55,667.91486,0.50458986,104.1046,0.034657627
3084,1371.1638,1383.2114,617.25055,0.51235354,79.63231,0.034657627
3085,1377.7644,1382.6667,558.19574,0.50737303,337.82108,0.034670405
3086,1375.081,1381.9082,507.555,0.50957036,207.1081,0.034670405
3087,1370.3488,1380.7522,468.82535,0.507666,68.45386,0.034670405
3088,1369.2051,1379.5975,433.94302,0.5070801,57.31268,0.034670405
3089,1375.1265,1379.1504,392.34787,0.5114258,292.1823,0.034670405
3090,1377.8282,1379.0182,353.2704,0.5108398,419.5165,0.0346892
3091,1373.0762,1378.424,321.12103,0.51176757,267.46417,0.0346892
3092,1369.0394,1377.4855,296.93515,0.5083008,119.48414,0.0346892
3093,1367.3644,1376.4734,276.4609,0.5149902,75.19912,0.0346892
3094,1564.722,1395.2982,3438.1948,0.5162598,8972.847,0.0346892
3095,1379.4009,1393.7085,3117.1204,0.5144043,573.88184,0.034714192
3096,1367.9633,1391.134,2865.0618,0.52138674,90.8925,0.034714192
3097,1365.787,1388.5994,2636.3782,0.51166993,72.64419,0.034714192
3098,1367.427,1386.4822,2413.0845,0.52153325,53.641212,0.034714192
3099,1367.1008,1384.5441,2205.5833,0.5138184,48.402523,0.034714192
3100,1374.2786,1383.5176,1994.5092,0.5168946,140.739,0.03474353
3101,1368.6432,1382.0302,1814.9705,0.501709,76.85362,0.03474353
3102,1373.1626,1381.1434,1640.5504,0.51000977,215.13823,0.03474353
3103,1370.0996,1380.0391,1487.4723,0.516211,135.34978,0.03474353
3104,1369.4023,1378.9753,1348.9076,0.5162598,95.48168,0.03474353
3105,1368.63,1377.9408,1223.6492,0.51362306,59.701187,0.034767203
3106,1367.4802,1376.8948,1111.1323,0.515625,52.96372,0.034767203
3107,1367.5498,1375.9603,1007.8786,0.5156739,45.263012,0.034767203
3108,1371.5493,1375.5193,908.84186,0.509375,267.21866,0.034767203
3109,2522.0679,1490.1742,119129.59,0.51542974,52276.203,0.034767203
3110,1366.494,1477.8062,108593.34,0.5121582,72.81825,0.034788348
3111,1369.2129,1466.9468,98795.33,0.5236328,98.03291,0.034788348
3112,1366.9468,1456.9468,89815.79,0.51655275,45.507423,0.034788348
3113,1373.3967,1448.5918,81462.46,0.51157224,324.4465,0.034788348
3114,1371.4746,1440.8801,73851.445,0.5128418,248.05588,0.034788348
3115,1414.6019,1438.2523,66528.445,0.5129883,2164.4666,0.034810945
3116,1439.0336,1438.3304,59875.656,0.5054687,3168.954,0.034810945
3117,1400.8782,1434.5852,54014.33,0.4989258,1009.4028,0.034810945
3118,1377.0624,1428.8329,48910.69,0.50571287,302.6522,0.034810945
3119,1381.7882,1424.1284,44218.81,0.50507814,319.96024,0.034810945
3120,1371.9551,1418.9111,40041.914,0.50024414,101.37708,0.03481137
3121,1372.73,1414.293,36229.664,0.50146484,136.32394,0.03481137
3122,1371.7097,1410.0347,32769.895,0.5072754,101.359085,0.03481137
3123,1368.687,1405.8999,29646.77,0.50268555,47.732178,0.03481137
3124,1369.3125,1402.2412,26802.568,0.50200194,50.720066,0.03481137
3125,1368.5912,1398.8762,24224.22,0.50756836,46.66313,0.034824543
3126,1368.4487,1395.8335,21885.123,0.50419927,57.300385,0.034824543
3127,1368.373,1393.0874,19764.479,0.5109863,46.420788,0.034824543
3128,1368.8076,1390.6594,17841.086,0.50346684,44.964413,0.034824543
3129,1369.0769,1388.5012,16098.899,0.5109863,61.758484,0.034824543
3130,1370.468,1386.6979,14518.276,0.5133789,86.37069,0.03484785
3131,1369.7742,1385.0055,13092.226,0.5121094,79.12322,0.03484785
3132,1371.4211,1383.6471,11799.61,0.50419927,184.43011,0.03484785
3133,1390.2393,1384.3063,10623.561,0.5100586,990.89667,0.03484785
3134,1415.7219,1387.4479,9650.029,0.5039551,1892.5629,0.03484785
3135,1396.5725,1388.3604,8692.52,0.50703126,847.9588,0.034860108
3136,1503.7004,1399.8944,9020.568,0.5005859,5714.4727,0.034860108
3137,1373.8005,1397.285,8179.7915,0.5107422,173.58797,0.034860108
3138,1375.3875,1395.0952,7404.968,0.506543,315.00247,0.034860108
3139,1379.0992,1393.4956,6687.499,0.5106934,542.7731,0.034860108
3140,1370.0847,1391.1545,6068.075,0.5115723,125.53136,0.03488028
3141,1371.3816,1389.1772,5496.455,0.505957,173.19951,0.03488028
3142,1374.7897,1387.7385,4965.4395,0.5098145,341.53925,0.03488028
3143,1381.7329,1387.138,4472.1416,0.50346684,512.1022,0.03488028
3144,1371.0137,1385.5255,4048.3264,0.5028809,88.0303,0.03488028
3145,1371.2856,1384.1016,3661.7434,0.49921876,95.93397,0.03487892
3146,1373.4694,1383.0383,3305.743,0.5065918,175.5052,0.03487892
3147,1369.448,1381.6793,2991.7913,0.51401365,81.885185,0.03487892
3148,1367.1079,1380.2222,2711.7214,0.5114746,43.14793,0.03487892
3149,1367.2762,1378.9276,2455.633,0.5073242,51.315132,0.03487892
3150,1367.2902,1377.7639,2222.2583,0.5081055,74.940834,0.03489306
3151,1369.531,1376.9407,2006.1327,0.5163086,137.37474,0.03489306
3152,1369.8097,1376.2275,1810.096,0.5174805,109.20828,0.03489306
3153,1402.3092,1378.8357,1690.3091,0.5124512,1526.2207,0.03489306
3154,1372.4136,1378.1935,1524.9901,0.5058594,210.52127,0.03489306
3155,1380.9475,1378.4689,1373.1737,0.50761724,491.20367,0.034906346
3156,1389.0076,1379.5227,1245.852,0.5088867,891.3152,0.034906346
3157,1382.0508,1379.7755,1121.842,0.49985355,552.1316,0.034906346
3158,1436.1196,1385.4099,1295.3772,0.5000977,2915.9194,0.034906346
3159,1367.4155,1383.6105,1194.9812,0.504834,141.17612,0.034906346
3160,1371.1167,1382.3611,1089.5316,0.5136719,100.376816,0.034930218
3161,1367.9587,1380.9209,999.24695,0.50957036,129.58362,0.034930218
3162,1369.3938,1379.7682,911.2809,0.5101074,125.50346,0.034930218
3163,1369.6816,1378.7595,829.3092,0.5145508,187.33786,0.034930218
3164,1368.698,1377.7534,755.4893,0.5174316,100.26697,0.034930218
3165,1369.3439,1376.9125,686.3052,0.51054686,94.1193,0.034948643
3166,1371.4045,1376.3617,620.405,0.500293,253.82686,0.034948643
3167,1391.6025,1377.8857,579.27,0.5131836,1071.2543,0.034948643
3168,1365.2765,1376.6248,535.6524,0.49560547,67.24489,0.034948643
3169,1367.4948,1375.7118,489.58926,0.521875,114.09727,0.034948643
3170,1365.4052,1374.6812,450.19073,0.51171875,64.479645,0.034969132
3171,1395.3276,1376.7458,443.53662,0.52255857,1469.0201,0.034969132
3172,1364.2324,1375.4945,413.2757,0.5167969,55.798153,0.034969132
3173,1364.7842,1374.4235,382.2721,0.51967776,53.78924,0.034969132
3174,1370.9392,1374.0751,345.13748,0.516211,229.0475,0.034969132
3175,1365.159,1373.1835,317.7783,0.51655275,58.66183,0.03499808
3176,1367.4701,1372.6122,288.9383,0.51542974,64.50599,0.03499808
3177,1365.0465,1371.8556,265.196,0.5044434,69.36913,0.03499808
3178,1379.4767,1372.6177,243.9037,0.52260745,569.2957,0.03499808
3179,1384.0697,1373.763,231.31673,0.5090821,566.652,0.03499808
3180,1368.9276,1373.2794,210.28929,0.5126953,78.04679,0.035020303
3181,1369.686,1372.92,190.42247,0.5117676,88.01655,0.035020303
3182,1381.71,1373.7991,178.33385,0.5055176,578.549,0.035020303
3183,1375.422,1373.9614,160.7375,0.5136719,214.82227,0.035020303
3184,1384.0088,1374.9662,153.7492,0.5102539,452.8897,0.035020303
3185,1377.53,1375.2225,138.96588,0.50634766,320.2205,0.035031416
3186,1390.4147,1376.7417,145.84138,0.5072754,957.96094,0.035031416
3187,1388.395,1377.907,143.47923,0.5134766,716.09705,0.035031416
3188,1391.5127,1379.2676,145.79169,0.5053711,1071.1827,0.035031416
3189,1376.196,1378.9604,132.0616,0.517334,295.83752,0.035031416
3190,1393.7456,1380.439,138.52953,0.5119629,1068.5809,0.035052378
3191,1367.4712,1379.1422,139.81125,0.5012696,53.056187,0.035052378
3192,1366.8922,1377.9172,139.33575,0.51064456,38.258125,0.035052378
3193,1366.325,1376.758,137.49648,0.5124512,43.21173,0.035052378
3194,1366.412,1375.7234,133.38052,0.5096191,44.44537,0.035052378
3195,1365.8301,1374.734,128.85146,0.50834966,51.184505,0.035067014
3196,1373.5302,1374.6136,116.09674,0.51816404,392.061,0.035067014
3197,1369.2317,1374.0754,107.093956,0.51616216,147.03363,0.035067014
3198,1366.8694,1373.3549,101.058014,0.5140625,64.48139,0.035067014
3199,1367.3153,1372.7509,94.23506,0.51723635,91.52334,0.035067014
3200,1372.5992,1372.7357,84.81362,0.5083984,268.96045,0.03508174
3201,1365.6394,1372.0261,80.86445,0.5096191,56.12261,0.03508174
3202,1365.4102,1371.3645,76.71739,0.51474607,61.678246,0.03508174
3203,1371.7461,1371.4027,69.05876,0.5152832,361.7346,0.03508174
3204,1363.5864,1370.6211,67.65137,0.51357424,88.65478,0.03508174
3205,1367.7461,1370.3336,61.630135,0.51909184,177.14532,0.035115246
3206,1376.7223,1370.9725,59.14048,0.51660156,599.5234,0.035115246
3207,1371.294,1371.0046,53.23573,0.5174805,266.4123,0.035115246
3208,1364.7329,1370.3774,51.452267,0.51542974,67.64758,0.035115246
3209,1365.9315,1369.9329,48.086,0.50693357,54.80131,0.035115246
3210,1366.904,1369.63,44.10303,0.51645505,71.1482,0.03514415
3211,1365.5093,1369.2179,41.220963,0.50981444,53.182762,0.03514415
3212,1374.3196,1369.728,39.44131,0.509375,470.37152,0.03514415
3213,1368.4467,1369.5999,35.64495,0.5161133,248.56969,0.03514415
3214,1362.9601,1368.9359,36.048244,0.51958007,77.41901,0.03514415
3215,1362.7057,1368.3129,35.936832,0.5174805,42.165733,0.03517488
3216,1362.3131,1367.7129,35.582886,0.51113284,55.887455,0.03517488
3217,1365.871,1367.5287,32.329937,0.5211426,144.31166,0.03517488
3218,1365.1274,1367.2886,29.615881,0.5101563,160.74,0.03517488
3219,1365.1057,1367.0703,27.083132,0.51655275,113.982315,0.03517488
3220,1389.1785,1369.2811,68.36416,0.5154785,1103.2452,0.035202112
3221,1366.1675,1368.9697,62.400276,0.51250005,124.11925,0.035202112
3222,1413.0806,1373.3809,231.2792,0.5132813,1954.8516,0.035202112
3223,1367.4174,1372.7845,211.35197,0.50146484,142.3079,0.035202112
3224,1382.924,1373.7985,199.46944,0.5145996,721.8273,0.035202112
3225,1348.7073,1371.2893,236.18358,0.50874025,883.48676,0.0352175
3226,1368.4882,1371.0092,213.2714,0.5083985,239.756,0.0352175
3227,1368.4602,1370.7543,192.52899,0.5167481,100.531876,0.0352175
3228,1368.7173,1370.5505,173.64952,0.51411134,136.54288,0.0352175
3229,1369.1611,1370.4116,156.4583,0.51108396,91.027794,0.0352175
3230,1366.9053,1370.061,141.91896,0.507959,83.716194,0.035231516
3231,1371.4874,1370.2036,127.91018,0.51401365,118.57257,0.035231516
3232,1387.7017,1371.9534,142.6755,0.50581056,699.3108,0.035231516
3233,1750.5496,1409.813,13028.564,0.49814454,17112.232,0.035231516
3234,1441.2946,1412.9612,11814.906,0.49951172,3354.9993,0.035231516
3235,1400.3787,1411.7029,10647.664,0.4993164,1289.7297,0.035230316
3236,1369.8656,1407.5192,9740.43,0.50927734,79.99706,0.035230316
3237,1366.9075,1403.458,8914.824,0.5047852,64.66707,0.035230316
3238,1365.6912,1399.6813,8151.712,0.5116211,68.2042,0.035230316
3239,1369.8782,1396.7009,7416.4805,0.50468755,238.15561,0.035230316
3240,1394.7383,1396.5046,6675.179,0.50791013,1288.3545,0.035244253
3241,1368.3286,1393.687,6079.111,0.5063965,172.25562,0.035244253
3242,1365.9419,1390.9125,5540.4805,0.5092285,54.486355,0.035244253
3243,1371.814,1389.0027,5019.26,0.5007324,297.01718,0.035244253
3244,1394.625,1389.565,4520.1787,0.51416016,1134.673,0.035244253
3245,1374.1493,1388.0234,4089.5486,0.50336915,192.11119,0.035250194
3246,1381.905,1387.4116,3683.9626,0.49868163,436.77386,0.035250194
3247,1372.5154,1385.922,3335.537,0.49716797,174.40233,0.035250194
3248,1367.5758,1384.0874,3032.2756,0.5085449,86.26064,0.035250194
3249,1370.133,1382.692,2746.5732,0.5081543,148.97157,0.035250194
3250,1373.91,1381.8138,2478.857,0.50561523,222.37605,0.035260096
3251,1466.6487,1390.2974,2878.6968,0.50273436,4438.039,0.035260096
3252,1379.6967,1389.2373,2600.941,0.5060547,424.72852,0.035260096
3253,1373.1592,1387.6295,2364.1123,0.50219727,159.10269,0.035260096
3254,1367.1935,1385.5859,2165.2878,0.4975586,74.59748,0.035260096
3255,1366.0222,1383.6295,1983.2056,0.50092775,57.489613,0.035261735
3256,1369.6176,1382.2283,1802.5552,0.5139649,124.56896,0.035261735
3257,1369.8997,1380.9954,1635.9791,0.50820315,84.709404,0.035261735
3258,1370.6697,1379.9628,1481.9769,0.50576174,127.73537,0.035261735
3259,1368.2021,1378.7867,1346.2273,0.50761724,68.0934,0.035261735
3260,1366.7559,1377.5836,1224.6313,0.5101074,64.96826,0.035279565
3261,1367.5404,1376.5793,1111.2462,0.5085938,61.106228,0.035279565
3262,1366.2434,1375.5458,1009.7364,0.5023926,72.44576,0.035279565
3263,1365.5725,1374.5485,917.71466,0.50742185,63.3451,0.035279565
3264,1364.6991,1373.5635,834.6741,0.50634766,64.24994,0.035279565
3265,1364.8563,1372.6927,758.02997,0.50751954,67.8038,0.03529283
3266,1364.9119,1371.9147,687.6757,0.5130371,57.73046,0.03529283
3267,1366.3538,1371.3586,621.6912,0.5058594,72.452515,0.03529283
3268,1365.6534,1370.7881,562.45154,0.50581056,52.245617,0.03529283
3269,1367.2866,1370.438,507.30978,0.51308596,78.32023,0.03529283
3270,1373.0973,1370.7039,457.21527,0.5174317,234.08168,0.035323605
3271,1374.4316,1371.0767,412.74442,0.50332034,219.01848,0.035323605
3272,1391.54,1373.123,409.15747,0.5051758,1078.1064,0.035323605
3273,1364.5222,1372.263,374.8994,0.48808593,220.90723,0.035323605
3274,2389.8972,1474.0264,93539.56,0.50883794,46212.57,0.035323605
3275,1475.372,1474.1609,84185.766,0.50092775,4994.1445,0.035325248
3276,1366.4152,1463.3864,76812.01,0.50351566,103.84308,0.035325248
3277,1366.5193,1453.6997,69975.3,0.50927734,50.55638,0.035325248
3278,1369.718,1445.3015,63612.527,0.50375974,134.2148,0.035325248
3279,1384.2078,1439.1921,57587.195,0.49414062,653.8134,0.035325248
3280,1366.1233,1431.8853,52308.99,0.50805664,67.170364,0.035339486
3281,1367.2264,1425.4194,47454.36,0.503711,98.10576,0.035339486
3282,1370.6539,1419.9429,42978.855,0.5114746,161.85132,0.035339486
3283,1366.0546,1414.5541,38942.324,0.5000488,88.05196,0.035339486
3284,1375.0579,1410.6045,35188.49,0.50986326,340.04715,0.035339486
3285,1366.5747,1406.2015,31844.115,0.50527346,75.885345,0.035348803
3286,1371.9442,1402.7758,28765.322,0.5012207,212.03247,0.035348803
3287,1371.6873,1399.6669,25975.775,0.5047363,242.40808,0.035348803
3288,1368.7313,1396.5734,23464.328,0.51064456,131.3207,0.035348803
3289,1367.4443,1393.6604,21194.26,0.505957,60.280483,0.035348803
3290,1364.7439,1390.7688,19150.088,0.49995118,53.96168,0.03534872
3291,1366.856,1388.3776,17286.543,0.5027344,69.28891,0.03534872
3292,1364.6738,1386.0072,15608.457,0.5029785,43.620697,0.03534872
3293,1364.8418,1383.8906,14087.929,0.50825197,46.687447,0.03534872
3294,1369.5107,1382.4526,12697.745,0.50581056,177.95335,0.03534872
3295,1366.9257,1380.8999,11449.668,0.50454104,79.21691,0.035356745
3296,1367.8679,1379.5967,10319.986,0.50634766,138.42805,0.035356745
3297,1365.855,1378.2225,9304.982,0.5081055,77.26036,0.035356745
3298,1364.1786,1376.8181,8392.235,0.5120605,39.648346,0.035356745
3299,1365.262,1375.6625,7565.031,0.5120605,77.97155,0.035356745
3300,1364.0833,1374.5045,6820.594,0.5104004,58.192432,0.035375133
3301,1363.8982,1373.4438,6148.659,0.51127934,54.60379,0.035375133
3302,1369.2487,1373.0243,5535.377,0.50834966,184.74197,0.035375133
3303,1363.4364,1372.0656,4990.113,0.5089844,56.15999,0.035375133
3304,1364.4883,1371.3079,4496.269,0.5054199,74.45356,0.035375133
3305,1362.9902,1370.4761,4052.8687,0.5164551,47.537228,0.035404254
3306,1367.1556,1370.144,3648.574,0.51289064,105.85406,0.035404254
3307,1375.0247,1370.6321,3285.8604,0.5126465,315.94116,0.035404254
3308,1368.5701,1370.4259,2957.657,0.5019531,115.55978,0.035404254
3309,1402.5005,1373.6333,2754.4814,0.5023438,1467.5808,0.035404254
3310,1404.577,1376.7277,2565.2095,0.50332034,1715.6735,0.03541013
3311,1365.7115,1375.6261,2319.6104,0.5059082,77.328606,0.03541013
3312,1368.3623,1374.8997,2092.398,0.51118165,164.65678,0.03541013
3313,1367.2278,1374.1324,1888.4553,0.5080078,169.19032,0.03541013
3314,1375.8612,1374.3053,1699.8787,0.5109375,526.6742,0.03541013
3315,1363.1882,1373.1936,1541.0138,0.50996095,109.2535,0.035427768
3316,1362.1575,1372.09,1397.874,0.51323247,89.0265,0.035427768
3317,1384.3784,1373.3188,1271.6771,0.5192383,990.97614,0.035427768
3318,1371.0172,1373.0886,1144.9862,0.50590825,384.93768,0.035427768
3319,1456.0764,1381.3875,1650.3152,0.51279294,4382.8623,0.035427768
3320,1365.6919,1379.8179,1507.4551,0.51000977,115.493,0.035445504
3321,1363.6218,1378.1982,1380.3176,0.5179688,78.74027,0.035445504
3322,1366.8137,1377.0598,1253.9504,0.5109863,191.40146,0.035445504
3323,1394.4128,1378.7952,1155.6569,0.5124512,1387.224,0.035445504
3324,1396.2723,1380.5428,1067.5818,0.5035156,1364.0231,0.035445504
3325,1365.0364,1378.9922,982.4641,0.5163086,136.72392,0.035474416
3326,1364.7379,1377.5668,902.5043,0.5138672,61.184658,0.035474416
3327,1364.783,1376.2883,826.96216,0.5149902,50.167694,0.035474416
3328,1364.1583,1375.0753,757.50824,0.5078125,45.20675,0.035474416
3329,1363.8724,1373.9551,693.0528,0.5044434,49.44538,0.035474416
3330,1364.419,1373.0015,631.93195,0.51186526,70.51316,0.035495467
3331,1367.4401,1372.4453,571.52234,0.509375,186.75879,0.035495467
3332,1362.7582,1371.4766,522.81573,0.51308596,43.53773,0.035495467
3333,1364.4722,1370.7761,474.94968,0.50883794,72.50354,0.035495467
3334,1366.7703,1370.3755,428.89893,0.50937504,115.623436,0.035495467
3335,1365.8569,1369.9236,387.8466,0.50698245,122.844284,0.035507858
3336,1385.1519,1371.4464,369.93295,0.5084473,735.16486,0.035507858
3337,1378.2319,1372.125,337.08356,0.50507814,587.4734,0.035507858
3338,1381.3607,1373.0486,311.05206,0.50756836,597.7452,0.035507858
3339,1366.0985,1372.3535,284.29416,0.4963379,115.38577,0.035507858
3340,1365.4978,1371.668,260.0948,0.5061035,117.58537,0.0355187
3341,1363.2942,1370.8306,240.39612,0.5072266,47.702873,0.0355187
3342,1362.8242,1370.0299,222.12564,0.5077637,75.70201,0.0355187
3343,1366.7761,1369.7046,200.86592,0.50942385,177.62955,0.0355187
3344,1556.9783,1388.432,3337.2083,0.512793,8460.959,0.0355187
3345,1471.5912,1396.7479,3625.8777,0.49785155,5186.3696,0.035514876
3346,1366.7007,1393.7432,3344.5452,0.50878906,157.34663,0.035514876
3347,1365.43,1390.9119,3082.2375,0.5185547,79.567696,0.035514876
3348,1394.6072,1391.2814,2775.2427,0.5061035,1300.3696,0.035514876
3349,1360.345,1388.1877,2583.8538,0.5081055,140.64012,0.035514876
3350,1362.4315,1385.612,2385.1729,0.5179199,83.21166,0.035546713
3351,1367.6194,1383.8127,2175.7917,0.5119141,146.23091,0.035546713
3352,1400.634,1385.4949,1983.6786,0.50615233,1640.6655,0.035546713
3353,1360.8318,1383.0286,1840.0548,0.50576174,102.333824,0.035546713
3354,1364.7933,1381.2051,1685.9763,0.51293945,63.9137,0.035546713
3355,1365.2458,1379.6091,1540.3014,0.51186526,88.51164,0.0355678
3356,1373.2163,1378.9698,1389.9493,0.50771487,235.53117,0.0355678
3357,1363.9225,1377.4651,1271.3325,0.5019531,53.532497,0.0355678
3358,1364.1816,1376.1367,1160.0797,0.51650393,50.747055,0.0355678
3359,1366.4302,1375.166,1052.5513,0.5034668,97.862495,0.0355678
3360,1368.9131,1374.5408,950.81506,0.5024414,255.34373,0.035572145
3361,1362.5237,1373.3391,868.73047,0.50825197,62.23888,0.035572145
3362,1363.4075,1372.346,790.7348,0.5090821,39.07507,0.035572145
3363,1362.54,1371.3654,720.31537,0.50498044,43.651096,0.035572145
3364,1361.6141,1370.3903,656.84155,0.51157224,34.741554,0.035572145
3365,1362.8713,1369.6384,596.2455,0.51035154,53.869003,0.035590563
3366,1362.717,1368.9463,540.93243,0.5106934,49.255672,0.035590563
3367,1367.2239,1368.774,487.1062,0.49814454,227.02054,0.035590563
3368,1363.4226,1368.2389,440.973,0.5029785,68.5591,0.035590563
3369,1366.1786,1368.0328,397.25772,0.51362306,147.04326,0.035590563
3370,1365.5592,1367.7855,358.08264,0.5030273,100.52754,0.03559595
3371,1363.6652,1367.3735,323.8023,0.50761724,58.93723,0.03559595
3372,1364.025,1367.0387,292.43118,0.5131836,75.47241,0.03559595
3373,1370.1271,1367.3475,264.04648,0.50981444,255.48631,0.03559595
3374,1365.1904,1367.1318,238.0606,0.49843752,71.35171,0.03559595
3375,1382.7212,1368.6908,236.12706,0.50473636,729.47723,0.03560438
3376,1367.0424,1368.526,212.75891,0.50581056,123.06147,0.03560438
3377,1363.4617,1368.0195,193.79129,0.49970704,89.26501,0.03560438
3378,1364.4115,1367.6587,175.58377,0.5060059,57.37485,0.03560438
3379,1376.345,1368.5273,164.81602,0.50454104,539.66473,0.03560438
3380,1377.0356,1369.3782,154.84962,0.501416,523.9275,0.035606902
3381,1426.046,1375.0449,428.3767,0.5077637,2730.8525,0.035606902
3382,1366.0061,1374.141,392.89203,0.5096192,104.4122,0.035606902
3383,1363.8252,1373.1094,363.18024,0.51420903,56.98639,0.035606902
3384,1365.5139,1372.3499,332.0544,0.5116211,106.057945,0.035606902
3385,1362.6401,1371.3789,307.33405,0.5081055,49.236317,0.035621334
3386,1362.2559,1370.4666,284.09134,0.50947267,37.78192,0.035621334
3387,1361.2856,1369.5485,263.2682,0.5102539,43.392612,0.035621334
3388,1363.1765,1368.9113,240.59552,0.5121094,102.97198,0.035621334
3389,1361.6046,1368.1805,221.34079,0.5194336,43.393898,0.035621334
3390,1365.9463,1367.9572,199.65598,0.5027832,162.8519,0.035626296
3391,1367.3494,1367.8964,179.72362,0.50947267,163.81656,0.035626296
3392,1366.9763,1367.8043,161.82742,0.49658203,127.97944,0.035626296
3393,1364.4395,1367.4678,146.66368,0.5042481,78.43396,0.035626296
3394,1364.51,1367.172,132.78465,0.5011231,76.335815,0.035626296
3395,1365.1931,1366.9741,119.85863,0.50468755,86.50977,0.035634648
3396,1361.7864,1366.4553,110.29491,0.49858397,56.896637,0.035634648
3397,1368.1711,1366.627,99.53037,0.50947267,157.31836,0.035634648
3398,2516.2295,1481.5872,119032.32,0.50097656,51735.31,0.035634648
3399,1382.9282,1471.7213,108005.11,0.50205076,861.09973,0.035634648
3400,1368.9287,1461.442,98155.56,0.49697268,301.647,0.035629254
3401,1387.3599,1454.0338,88833.945,0.5066406,961.9323,0.035629254
3402,1362.1406,1444.8445,80710.54,0.49604493,75.205086,0.035629254
3403,1398.6025,1440.2203,72831.93,0.5152832,1549.0173,0.035629254
3404,1367.2781,1432.9261,66027.586,0.5036621,160.55968,0.035629254
3405,1364.2495,1426.0585,59849.31,0.50024414,48.069443,0.035629686
3406,1362.6796,1419.7206,54225.895,0.5058594,40.713264,0.035629686
3407,1364.5493,1414.2035,49077.25,0.511377,64.25698,0.035629686
3408,1362.8989,1409.073,44406.418,0.5051758,61.093704,0.035629686
3409,1364.8269,1404.6484,40141.973,0.5096191,104.176735,0.035629686
3410,1363.8533,1400.569,36277.56,0.50639653,68.46087,0.035641078
3411,1393.3154,1399.8436,32654.537,0.51049805,1357.2089,0.035641078
3412,1365.9231,1396.4515,29492.637,0.5001465,154.85121,0.035641078
3413,1388.5377,1395.6602,26549.01,0.50625,1121.442,0.035641078
3414,1362.3341,1392.3275,23994.064,0.49643555,44.59471,0.035641078
3415,1364.0366,1389.4984,21666.691,0.50947267,78.78592,0.035657965
3416,1362.8228,1386.8308,19564.064,0.50834966,51.824806,0.035657965
3417,1362.803,1384.428,17659.62,0.50717777,46.601856,0.035657965
3418,1362.029,1382.1881,15938.812,0.50219727,43.508545,0.035657965
3419,1398.719,1383.8412,14369.524,0.5077637,1635.5574,0.035657965
3420,1362.0044,1381.6575,12975.487,0.50214845,49.858868,0.0356618
3421,1363.0903,1379.8008,11708.965,0.5025879,51.987247,0.0356618
3422,1363.7798,1378.1987,10561.168,0.50327146,113.033455,0.0356618
3423,1364.0142,1376.7803,9523.159,0.5106934,121.14282,0.0356618
3424,1361.0308,1375.2053,8593.167,0.50927734,40.514923,0.0356618
3425,1360.6597,1373.7507,7752.8916,0.50957036,45.5639,0.03567887
3426,1361.1405,1372.4897,6991.914,0.5078125,46.84345,0.03567887
3427,1361.0669,1371.3474,6304.466,0.5150879,51.914642,0.03567887
3428,1361.5222,1370.3649,5682.707,0.5113281,46.529987,0.03567887
3429,1375.6033,1370.8887,5116.906,0.5067383,625.37494,0.03567887
3430,1372.9744,1371.0973,4605.6064,0.50864255,420.7914,0.035694286
3431,1378.5403,1371.8416,4150.0317,0.5079102,491.9661,0.035694286
3432,1364.9932,1371.1567,3739.2495,0.498584,110.85651,0.035694286
3433,1388.1602,1372.857,3391.345,0.5144531,1136.2347,0.035694286
3434,1361.5636,1371.7277,3063.6892,0.49790037,74.808975,0.035694286
3435,1362.5448,1370.8093,2764.9094,0.50869143,56.169018,0.035709806
3436,1360.5604,1369.7844,2497.8718,0.5053711,40.66854,0.035709806
3437,1360.8008,1368.8861,2255.3481,0.51430666,42.277706,0.035709806
3438,1360.1978,1368.0173,2036.6072,0.50615233,45.373447,0.035709806
3439,1360.8538,1367.301,1837.565,0.5159668,71.423805,0.035709806
3440,1360.0701,1366.5779,1658.5142,0.50947267,46.081894,0.035726726
3441,1363.196,1366.2397,1493.692,0.5175781,95.2863,0.035726726
3442,1363.4044,1365.9562,1345.0464,0.51005864,98.15807,0.035726726
3443,1366.4467,1366.0052,1210.5634,0.5097168,123.050186,0.035726726
3444,1362.6642,1365.6711,1090.5116,0.50024414,59.596527,0.035726726
3445,1362.4851,1365.3525,982.374,0.5138184,106.65355,0.035751417
3446,1363.0874,1365.126,884.5983,0.50927734,178.31915,0.035751417
3447,1361.8049,1364.7938,797.1311,0.5100586,95.06725,0.035751417
3448,1365.9255,1364.907,717.5332,0.50683594,197.58913,0.035751417
3449,1361.3906,1364.5553,646.8927,0.5108399,63.011436,0.035751417
3450,1362.4185,1364.3416,582.6144,0.50986326,71.02153,0.03576905
3451,1361.6718,1364.0746,524.99445,0.5061035,56.685104,0.03576905
3452,1363.9241,1364.0596,472.497,0.509668,100.68749,0.03576905
3453,1363.4431,1363.9979,425.2815,0.5084473,101.04153,0.03576905
3454,1366.6163,1364.2598,383.3704,0.50771487,193.00189,0.03576905
3455,1365.8613,1364.4199,345.2642,0.50527346,276.70413,0.03577848
3456,1359.8582,1363.9637,312.61063,0.5148926,49.00321,0.03577848
3457,1362.8904,1363.8564,281.45325,0.50683594,88.43425,0.03577848
3458,1362.7595,1363.7467,253.41621,0.515625,114.76248,0.03577848
3459,1364.8994,1363.8619,228.19417,0.51064456,268.29352,0.03577848
3460,1359.6218,1363.438,206.99281,0.50864255,61.170612,0.035793945
3461,1359.6682,1363.061,187.57254,0.5049316,55.10947,0.035793945
3462,1362.5261,1363.0076,168.84103,0.51308596,92.08174,0.035793945
3463,1365.5845,1363.2653,152.55457,0.5085938,184.18452,0.035793945
3464,1364.9814,1363.4369,137.56418,0.50527346,108.01863,0.035793945
3465,1364.0918,1363.5024,123.84636,0.5011719,67.92034,0.035796046
3466,1363.4318,1363.4954,111.462166,0.5007324,76.45873,0.035796046
3467,1361.6462,1363.3104,100.62368,0.51079106,38.063484,0.035796046
3468,1365.6707,1363.5464,91.06267,0.5029785,162.81444,0.035796046
3469,1364.2764,1363.6194,82.00436,0.50590825,98.91422,0.035796046
3470,1364.6423,1363.7217,73.8981,0.50209963,80.815384,0.035799798
3471,1371.8909,1364.5386,72.5145,0.5025879,447.40625,0.035799798
3472,1362.5195,1364.3367,65.62994,0.5074707,63.787437,0.035799798
3473,1364.5079,1364.3538,59.069576,0.5136719,144.47112,0.035799798
3474,1362.584,1364.1768,53.444508,0.501416,87.62345,0.035799798
3475,1361.8303,1363.9421,48.595573,0.50825197,62.305046,0.03581458
3476,1360.5422,1363.6022,44.776356,0.5104004,40.979656,0.03581458
3477,1361.131,1363.3551,40.84833,0.50522465,38.5071,0.03581458
3478,1364.8105,1363.5006,36.954144,0.5096192,193.93497,0.03581458
3479,1363.3359,1363.4841,33.26117,0.51000977,132.90681,0.03581458
3480,1361.0583,1363.2416,30.464647,0.49760744,46.812973,0.03581029
3481,1362.9153,1363.209,27.427765,0.5083008,68.45024,0.03581029
3482,1362.4861,1363.1367,24.732021,0.5061524,52.226646,0.03581029
3483,1361.5128,1362.9744,22.496155,0.5089356,48.48716,0.03581029
3484,1366.3926,1363.3162,21.298117,0.50336915,255.66338,0.03581029
3485,1364.4095,1363.4255,19.275898,0.5090332,118.78832,0.035826463
3486,1363.8835,1363.4713,17.367188,0.50263673,86.35662,0.035826463
3487,1361.5098,1363.2751,15.976759,0.5042969,61.538464,0.035826463
3488,1360.5144,1362.999,15.065035,0.51044923,43.1656,0.035826463
3489,1359.4377,1362.643,14.699974,0.50268555,71.93119,0.035826463
3490,1361.6946,1362.5481,13.310922,0.51533204,43.696583,0.035853937
3491,1361.459,1362.4392,12.086584,0.5054687,41.401257,0.035853937
3492,1367.8043,1362.9757,13.468524,0.51171875,240.20518,0.035853937
3493,1450.4851,1371.7267,701.3322,0.5030762,3983.698,0.035853937
3494,1365.934,1371.1475,634.219,0.50439453,213.47942,0.035853937
3495,1383.7214,1372.4049,585.0265,0.5105957,798.9005,0.035872936
3496,1366.1985,1371.7843,529.9906,0.49570313,223.71977,0.035872936
3497,1364.2307,1371.0289,482.12665,0.5038086,102.006966,0.035872936
3498,1364.9037,1370.4164,437.29065,0.50913084,150.40463,0.035872936
3499,1503.6592,1383.7407,1991.3893,0.5047363,4405.1577,0.035872936
3500,1843.1953,1429.6862,20791.117,0.49746096,22142.7,0.035868388
3501,1362.7975,1422.9973,19114.674,0.5023438,86.960205,0.035868388
3502,1361.532,1416.8508,17543.225,0.50649416,52.51488,0.035868388
3503,1362.0168,1411.3674,16059.51,0.5011719,43.68947,0.035868388
3504,1363.7871,1406.6094,14657.309,0.49916995,54.945576,0.035868388
3505,1362.7062,1402.219,13365.052,0.4982422,41.713345,0.035865232
3506,1360.8058,1398.0776,12182.9,0.4925293,38.565525,0.035865232
3507,1359.9893,1394.2688,11095.175,0.510791,33.058414,0.035865232
3508,1360.6624,1390.9082,10087.303,0.5133789,43.432262,0.035865232
3509,1359.7722,1387.7946,9165.823,0.5128418,36.694508,0.035865232
3510,1361.5493,1385.17,8311.233,0.5006348,51.845387,0.03586637
3511,1375.4474,1384.1978,7488.6177,0.51235354,507.9194,0.03586637
3512,1360.3959,1381.8176,6790.743,0.5040039,35.238094,0.03586637
3513,1361.0664,1379.7426,6150.424,0.5072266,42.638023,0.03586637
3514,1362.1506,1377.9834,5563.2344,0.50166017,65.18995,0.03586637
3515,1366.9884,1376.8839,5017.791,0.504834,171.8228,0.03587504
3516,1362.8442,1375.48,4533.752,0.50327146,133.64941,0.03587504
3517,1764.1807,1414.3501,17678.316,0.50615233,18237.723,0.03587504
3518,1360.5808,1408.9731,16170.687,0.5116211,59.75887,0.03587504
3519,1360.9319,1404.1691,14761.334,0.5084961,48.86063,0.03587504
3520,1359.6014,1399.7123,13463.965,0.51293945,50.613766,0.035898264
3521,1363.2554,1396.0667,12237.1875,0.5128418,234.2969,0.035898264
3522,1359.3583,1392.3958,11134.743,0.5073731,44.20754,0.035898264
3523,1358.8362,1389.0398,10122.63,0.5114258,35.888603,0.035898264
3524,1360.4331,1386.1791,9184.018,0.5125,68.831245,0.035898264
3525,1360.3076,1383.5919,8325.855,0.50927734,42.37088,0.035914924
3526,1362.904,1381.5232,7531.7886,0.5001465,109.25082,0.035914924
3527,1367.6885,1380.1398,6795.8354,0.50561523,280.1647,0.035914924
3528,1363.7477,1378.5006,6140.435,0.51035154,117.14493,0.035914924
3529,1428.8926,1383.5398,5754.933,0.50874025,2487.2612,0.035914924
3530,1370.4604,1382.2318,5194.836,0.5041016,417.46304,0.035922285
3531,1366.2268,1380.6313,4698.4067,0.50214845,213.16522,0.035922285
3532,1366.8689,1379.2551,4245.6123,0.506543,212.76953,0.035922285
3533,1393.3354,1380.6632,3838.894,0.50698245,1471.8668,0.035922285
3534,1384.6692,1381.0638,3456.4487,0.4961914,737.96716,0.035922285
3535,1362.6948,1379.2269,3141.1716,0.5071777,89.14705,0.03593518
3536,1366.5928,1377.9635,2841.4204,0.5039551,233.01335,0.03593518
3537,1361.9166,1376.3588,2580.4536,0.5061524,48.74999,0.03593518
3538,1361.8856,1374.9115,2341.2607,0.5025879,65.21084,0.03593518
3539,1362.3441,1373.6548,2121.349,0.5041992,82.84106,0.03593518
3540,1361.78,1372.4673,1921.9052,0.49902344,61.872276,0.03593342
3541,1362.6532,1371.4858,1738.383,0.5061524,65.95957,0.03593342
3542,1363.4277,1370.68,1570.3887,0.5078125,91.97559,0.03593342
3543,1382.8049,1371.8926,1426.5809,0.50449216,818.0886,0.03593342
3544,1362.6606,1370.9694,1291.5934,0.49599612,125.90665,0.03593342
3545,1363.1936,1370.1918,1167.8756,0.50771487,75.79059,0.035947286
3546,1366.9907,1369.8717,1052.0103,0.49594727,229.28464,0.035947286
3547,1362.727,1369.1572,951.4034,0.51660156,60.35604,0.035947286
3548,1371.2394,1369.3655,856.6532,0.4993164,442.31885,0.035947286
3549,1368.1199,1369.241,771.1275,0.5015137,345.0497,0.035947286
3550,1368.0139,1369.1183,694.15027,0.5067383,270.09872,0.0359594
3551,1364.8271,1368.6892,626.39246,0.50131834,104.99724,0.0359594
3552,1362.8091,1368.1012,566.865,0.5058594,53.7325,0.0359594
3553,1362.3271,1367.5238,513.1791,0.49594727,75.79573,0.0359594
3554,1364.2986,1367.2013,462.79736,0.5054688,90.56268,0.0359594
3555,1361.697,1366.6509,419.24435,0.5065918,69.12324,0.035971247
3556,1360.0583,1365.9916,381.2314,0.5091797,41.73571,0.035971247
3557,1357.8406,1365.1765,349.08777,0.5060547,37.962185,0.035971247
3558,1357.9255,1364.4514,318.9109,0.5222657,41.396286,0.035971247
3559,1359.2097,1363.9272,289.49255,0.507959,48.317924,0.035971247
3560,1362.0745,1363.742,260.85226,0.51044923,121.90964,0.035990044
3561,1370.7769,1364.4454,239.22113,0.51250005,386.9194,0.035990044
3562,1377.26,1365.7269,230.0782,0.5070801,642.86066,0.035990044
3563,1359.6455,1365.1188,210.39891,0.49936527,68.04942,0.035990044
3564,1360.4618,1364.6531,191.31088,0.51044923,48.378384,0.035990044
3565,1364.1753,1364.6053,172.20033,0.5061524,138.11678,0.036001116
3566,1361.8491,1364.3297,155.664,0.5058594,64.35527,0.036001116
3567,1358.4916,1363.7458,143.16515,0.5010742,44.054047,0.036001116
3568,1360.0746,1363.3787,130.06168,0.5108887,72.41151,0.036001116
3569,1361.0468,1363.1455,117.54491,0.5081543,72.931175,0.036001116
3570,1360.197,1362.8507,106.57283,0.5175293,64.5801,0.03603268
3571,1369.0325,1363.4689,99.35482,0.51645505,459.32996,0.03603268
3572,1364.4685,1363.5688,89.50927,0.5027832,181.98273,0.03603268
3573,1364.8315,1363.6951,80.701836,0.50576174,173.4089,0.03603268
3574,1369.2781,1364.2534,75.43695,0.5074219,259.4917,0.03603268
3575,1367.4845,1364.5765,68.83285,0.5007813,273.1403,0.03603409
3576,1361.3818,1364.2571,62.868114,0.50864255,77.61159,0.03603409
3577,1359.9409,1363.8254,58.257935,0.5053711,138.12413,0.03603409
3578,1360.78,1363.5209,53.266846,0.5066407,51.335716,0.03603409
3579,1362.4883,1363.4176,48.03612,0.50756836,86.436035,0.03603409
3580,1381.3491,1365.2107,72.17105,0.5040039,853.7083,0.03604131
3581,1359.3473,1364.6244,68.048096,0.5046387,58.218018,0.03604131
3582,1358.4303,1364.005,64.6963,0.50913084,48.22706,0.03604131
3583,1360.7727,1363.6818,59.166965,0.5122559,79.750725,0.03604131
3584,1359.6008,1363.2737,54.74913,0.5023926,47.043213,0.03604131
3585,1359.9575,1362.942,50.26394,0.51352537,52.98704,0.036065683
3586,1360.6373,1362.7115,45.715588,0.50566405,68.12724,0.036065683
3587,1359.8597,1362.4264,41.87598,0.50703126,67.40257,0.036065683
3588,1359.6208,1362.1459,38.39678,0.5065918,48.596333,0.036065683
3589,1360.8601,1362.0173,34.705887,0.503711,56.71289,0.036065683
3590,1361.5415,1361.9697,31.255674,0.5084961,65.57854,0.036081012
3591,1362.4492,1362.0177,28.150799,0.51000977,95.949165,0.036081012
3592,1362.3267,1362.0486,25.34431,0.5085449,89.69294,0.036081012
3593,1374.3005,1363.2738,36.319813,0.50156254,558.3592,0.036081012
3594,1363.5403,1363.3004,32.69422,0.49951172,80.93074,0.036081012
3595,1362.5569,1363.2261,29.474552,0.5011231,114.23497,0.036083043
3596,1362.6709,1363.1705,26.554836,0.5080078,72.4301,0.036083043
3597,1363.0215,1363.1556,23.901352,0.50131834,82.95686,0.036083043
3598,1360.4114,1362.8812,22.189003,0.5011719,45.841637,0.036083043
3599,1361.8907,1362.7822,20.058395,0.5081055,69.08443,0.036083043
3600,1360.009,1362.5049,18.744709,0.500293,39.566265,0.036083568
3601,1359.2476,1362.1792,17.825151,0.50815433,43.335423,0.036083568
3602,1358.8188,1361.8431,17.058912,0.50742185,58.044697,0.036083568
3603,1357.8773,1361.4465,16.768517,0.51342773,43.483707,0.036083568
3604,1365.8523,1361.8871,16.83863,0.51542974,314.94946,0.036083568
3605,1359.9161,1361.69,15.504385,0.5098145,72.56534,0.036101274
3606,1359.4967,1361.4706,14.386872,0.5109863,61.490765,0.036101274
3607,1359.2131,1361.2449,13.406831,0.5088379,42.111107,0.036101274
3608,1358.4758,1360.968,12.756231,0.50913084,38.616745,0.036101274
3609,1360.251,1360.8964,11.526881,0.5117676,121.494705,0.036101274
3610,1356.9208,1360.4988,11.796668,0.50878906,47.540497,0.036117144
3611,1360.6163,1360.5105,10.618245,0.5187012,223.08887,0.036117144
3612,1357.1165,1360.1711,10.593178,0.51826173,40.496574,0.036117144
3613,1357.117,1359.8657,10.373392,0.509668,42.204853,0.036117144
3614,1359.5227,1359.8314,9.3466425,0.5128418,85.468056,0.036117144
3615,1359.1035,1359.7587,8.459663,0.51240236,63.670948,0.036139548
3616,1358.8152,1359.6643,7.6938114,0.509375,45.269527,0.036139548
3617,1359.0017,1359.598,6.963943,0.5060059,48.949566,0.036139548
3618,1359.9049,1359.6287,6.276025,0.50405276,59.817066,0.036139548
3619,1359.8956,1359.6554,5.6548367,0.50458986,64.42377,0.036139548
3620,1359.8503,1359.6749,5.0927734,0.5150879,71.1019,0.036166817
3621,1368.4492,1360.5524,11.512434,0.51401365,385.3801,0.036166817
3622,1527.7644,1377.2736,2526.749,0.5096191,5735.9946,0.036166817
3623,1363.6465,1375.9109,2290.7869,0.49746096,192.9782,0.036166817
3624,1461.5208,1384.4719,2721.3228,0.5046387,4277.55,0.036166817
3625,1364.6143,1382.4862,2484.6797,0.50024414,242.32149,0.036167257
3626,1361.5427,1380.3918,2275.6885,0.5073731,48.513935,0.036167257
3627,1360.2374,1378.3765,2084.6777,0.5011719,41.970257,0.036167257
3628,1360.3195,1376.5708,1905.5548,0.5046875,55.796803,0.036167257
3629,1364.0698,1375.3207,1729.064,0.50283206,218.27728,0.036167257
3630,1363.2516,1374.1138,1569.2672,0.51049805,125.99291,0.03618625
3631,1359.5411,1372.6565,1431.453,0.5083984,39.029552,0.03618625
3632,1360.5205,1371.4429,1301.5631,0.5024414,54.192204,0.03618625
3633,1360.8054,1370.3792,1181.5908,0.50693357,59.6951,0.03618625
3634,1363.3849,1369.6797,1067.8345,0.50834966,137.34744,0.03618625
3635,1369.3887,1369.6506,961.0586,0.50541997,376.26846,0.03619606
3636,1360.2,1368.7056,872.9911,0.5005859,50.748875,0.03619606
3637,1360.3542,1367.8705,791.96893,0.50166017,45.392845,0.03619606
3638,1359.8536,1367.0688,718.55634,0.5108398,50.50999,0.03619606
3639,1381.6228,1368.5243,665.7643,0.50405276,941.1903,0.03619606
3640,1369.1722,1368.5891,599.22565,0.50375974,456.8256,0.036202863
3641,1360.0564,1367.7358,545.8557,0.50449216,48.452366,0.036202863
3642,1361.3706,1367.0994,494.9166,0.5001953,65.20263,0.036202863
3643,1364.1592,1366.8053,446.20294,0.50561523,108.263115,0.036202863
3644,1372.1017,1367.335,404.1073,0.50820315,281.59912,0.036202863
3645,1368.187,1367.4202,363.7619,0.5060547,266.48132,0.036213826
3646,1363.4978,1367.028,328.77032,0.509375,89.99435,0.036213826
3647,1363.4966,1366.6748,297.01566,0.5023926,102.46085,0.036213826
3648,1368.5146,1366.8588,267.61874,0.4979004,183.28055,0.036213826
3649,1362.7905,1366.4519,242.34642,0.50205076,70.6356,0.036213826
3650,1373.2316,1367.1299,222.24852,0.50146484,515.65924,0.036216475
3651,1360.0383,1366.4208,204.54977,0.48930666,54.639126,0.036216475
3652,1369.0657,1366.6853,184.7244,0.50375974,352.62366,0.036216475
3653,1361.1202,1366.1288,169.03925,0.49956053,56.852394,0.036216475
3654,1361.6108,1365.677,153.97238,0.49501956,71.11485,0.036216475
3655,1376.0923,1366.7185,148.33817,0.50698245,622.51416,0.036229122
3656,1419.739,1372.0205,386.51004,0.497168,2546.5632,0.036229122
3657,1354.8097,1370.2994,374.51813,0.4794922,250.30069,0.036229122
3658,1364.054,1369.6749,340.57684,0.49804688,124.42286,0.036229122
3659,1361.9901,1368.9065,311.83423,0.5061035,47.017277,0.036229122
3660,1362.2312,1368.239,284.66116,0.50332034,50.012173,0.036235135
3661,1360.8455,1367.4996,261.11487,0.5012207,43.104187,0.036235135
3662,1361.0824,1366.8579,238.70967,0.504248,50.562103,0.036235135
3663,1361.2712,1366.2992,217.64769,0.504834,57.574028,0.036235135
3664,1360.5088,1365.7202,198.9005,0.49711913,61.401386,0.036235135
3665,1360.0999,1365.1582,181.85341,0.49833983,40.729282,0.03623213
3666,1359.491,1364.5914,166.55865,0.50332034,37.998047,0.03623213
3667,1358.8492,1364.0172,152.87033,0.50742185,35.031944,0.03623213
3668,1358.8591,1363.5015,139.97781,0.5041504,40.339622,0.03623213
3669,1364.6191,1363.6133,126.09246,0.5012207,317.57684,0.03623213
3670,1358.9761,1363.1495,115.41854,0.49921876,36.521065,0.03623071
3671,1356.9556,1362.5302,107.32956,0.49990237,36.541798,0.03623071
3672,1357.742,1362.0513,98.66003,0.5104004,29.417883,0.03623071
3673,1357.3942,1361.5856,90.745995,0.5121582,40.26779,0.03623071
3674,1358.7959,1361.3066,82.371796,0.5044434,41.202106,0.03623071
3675,1359.1932,1361.0953,74.5366,0.5024414,38.004684,0.036235135
3676,1358.7456,1360.8604,67.57985,0.5022949,42.669964,0.036235135
3677,1360.5925,1360.8336,60.828316,0.5090332,58.22787,0.036235135
3678,1360.5101,1360.8013,54.7549,0.5000488,50.393124,0.036235135
3679,1360.8811,1360.8092,49.279984,0.5072266,47.652763,0.036235135
3680,1359.1125,1360.6395,44.61106,0.4996582,37.05021,0.03623451
3681,1359.5869,1360.5343,40.249672,0.50991213,39.421547,0.03623451
3682,1358.9054,1360.3715,36.463505,0.50390625,29.690556,0.03623451
3683,1359.3541,1360.2698,32.9103,0.5060059,34.580135,0.03623451
3684,1359.669,1360.2097,29.651758,0.5022949,34.710594,0.03623451
3685,1358.8528,1360.074,26.852297,0.5028809,38.931717,0.03623973
3686,1358.5184,1359.9185,24.384842,0.5081055,40.228245,0.03623973
3687,1360.9004,1360.0166,22.033134,0.5106934,121.277565,0.03623973
3688,1369.052,1360.9202,27.17728,0.5081543,439.00137,0.03623973
3689,1472.5813,1372.0863,1146.5983,0.5063965,5158.941,0.03623973
3690,1364.7769,1371.3553,1036.747,0.5039551,325.57452,0.036246892
3691,1364.6017,1370.6799,937.17725,0.5024414,265.51022,0.036246892
3692,1362.648,1369.8767,849.2657,0.5156739,133.36514,0.036246892
3693,1373.5231,1370.2413,765.5357,0.5013672,627.2416,0.036246892
3694,1363.27,1369.5442,693.356,0.50454104,91.04804,0.036246892
3695,1361.1575,1368.7056,630.3507,0.49975586,97.64276,0.036246452
3696,1363.8748,1368.2225,569.41595,0.50634766,73.13223,0.036246452
3697,1363.3544,1367.7357,514.60724,0.4927246,113.798515,0.036246452
3698,1362.0271,1367.1648,466.07947,0.5012695,130.25648,0.036246452
3699,1596.2253,1390.0708,5141.6577,0.50869143,10577.251,0.036246452
3700,1370.5702,1388.1207,4661.7163,0.49863282,432.8944,0.03624397
3701,1364.8004,1385.7887,4244.4897,0.5053711,127.43108,0.03624397
3702,1368.0232,1384.0122,3848.446,0.4966797,307.62503,0.03624397
3703,1361.2408,1381.7351,3510.2695,0.49995118,57.256714,0.03624397
3704,1359.8964,1379.5513,3202.1663,0.49814454,49.382122,0.03624397
3705,1361.9426,1377.7904,2909.8552,0.5025391,135.84656,0.03624857
3706,1363.3993,1376.3513,2637.509,0.501709,156.32076,0.03624857
3707,1361.0828,1374.8245,2394.7397,0.5023438,89.255424,0.03624857
3708,1359.9877,1373.3408,2175.0774,0.4984375,65.38247,0.03624857
3709,1359.1544,1371.9221,1975.6825,0.50698245,37.421654,0.03624857
3710,1358.5009,1370.58,1794.3259,0.4980957,38.189022,0.03624512
3711,1362.3677,1369.7588,1620.963,0.50913084,196.62573,0.03624512
3712,1365.2917,1369.3121,1460.6626,0.5041504,257.15924,0.03624512
3713,1366.1532,1368.9962,1315.4944,0.51103514,314.88116,0.03624512
3714,1424.197,1374.5164,1458.1865,0.49902344,2982.7893,0.03624512
3715,1369.617,1374.0264,1314.5282,0.50590825,502.41797,0.03625583
3716,1358.574,1372.4811,1204.5653,0.5126953,36.83445,0.03625583
3717,1358.4205,1371.0751,1101.9016,0.5077637,36.03973,0.03625583
3718,1361.5398,1370.1216,999.89435,0.5081543,76.10917,0.03625583
3719,1360.1072,1369.1201,908.93085,0.50986326,55.31785,0.03625583
3720,1377.5293,1369.961,824.40204,0.50263673,849.2848,0.03626061
3721,1358.6174,1368.8267,753.54285,0.4994141,49.801025,0.03626061
3722,1360.47,1367.991,684.47363,0.5102051,45.407658,0.03626061
3723,1359.9902,1367.1909,621.7873,0.5055664,51.07761,0.03626061
3724,1358.7205,1366.3439,566.0659,0.5020508,38.49516,0.03626061
3725,1358.8062,1365.5901,514.5728,0.5011719,48.092907,0.036262736
3726,1359.54,1364.9851,466.40982,0.50834966,69.55421,0.036262736
3727,1358.6879,1364.3553,423.3378,0.5036133,46.324368,0.036262736
3728,1361.4332,1364.0631,381.7725,0.5081543,154.2614,0.036262736
3729,1356.6895,1363.3257,348.4886,0.50590825,38.19979,0.036262736
3730,1358.0317,1362.7963,316.16205,0.5030274,63.138985,0.036268227
3731,1358.1155,1362.3281,286.51773,0.5124512,57.005047,0.036268227
3732,1356.3977,1361.7351,261.03125,0.50927734,36.985493,0.036268227
3733,1357.0095,1361.2626,236.93793,0.51396483,38.90538,0.036268227
3734,1357.8601,1360.9224,214.28604,0.51044923,50.92952,0.036268227
3735,1357.727,1360.6028,193.77632,0.5042969,56.52759,0.03627602
3736,1357.6028,1360.3027,175.20868,0.50263673,50.78117,0.03627602
3737,1357.1259,1359.9851,158.59615,0.5102051,46.596874,0.03627602
3738,1359.4802,1359.9346,142.75948,0.51464844,92.28458,0.03627602
3739,1358.6687,1359.808,128.62775,0.5047363,82.82186,0.03627602
3740,1394.2549,1363.2527,222.55797,0.5024414,1129.9326,0.036280446
3741,1361.6404,1363.0914,200.53612,0.50419927,190.94568,0.036280446
3742,1359.5759,1362.7399,181.59479,0.507666,56.53893,0.036280446
3743,1358.6658,1362.3325,164.92914,0.50693357,55.602818,0.036280446
3744,1359.6504,1362.0643,149.08366,0.5116211,39.552677,0.036280446
3745,1361.2468,1361.9825,134.23544,0.49589843,88.90002,0.03627301
3746,1359.627,1361.747,121.311295,0.50581056,39.796917,0.03627301
3747,1359.1969,1361.492,109.76541,0.49902344,44.83825,0.03627301
3748,1362.7277,1361.6155,98.9263,0.5071777,136.83879,0.03627301
3749,1360.5891,1361.5128,89.12848,0.50268555,69.54938,0.03627301
3750,1358.562,1361.2178,80.99928,0.5046875,51.796955,0.03628151
3751,1360.5201,1361.148,72.94315,0.5047363,79.31711,0.03628151
3752,1359.2147,1360.9546,65.9852,0.5041016,65.60419,0.03628151
3753,1358.206,1360.6797,60.06658,0.51323247,43.601803,0.03628151
3754,1358.7952,1360.4912,54.379547,0.5083984,68.148895,0.03628151
3755,1360.5627,1360.4984,48.94205,0.49926758,83.27031,0.03628018
3756,1361.4678,1360.5953,44.132416,0.5006836,169.43134,0.03628018
3757,1364.4468,1360.9805,41.0542,0.50375974,258.56317,0.03628018
3758,2356.316,1460.514,89199.29,0.49624026,45192.64,0.03628018
3759,1588.0209,1473.2648,81742.58,0.49970704,10481.627,0.03628018
3760,1816.3958,1507.5779,84164.82,0.49638674,20838.297,0.036273625
3761,1355.7212,1492.3922,77823.78,0.49018556,272.82416,0.036273625
3762,1363.6868,1479.5217,71532.26,0.49858397,260.0113,0.036273625
3763,1370.5127,1468.6208,65448.496,0.5007324,410.15515,0.036273625
3764,1401.7776,1461.9365,59305.766,0.49990237,1917.0345,0.036273625
3765,1356.8999,1451.4329,54368.13,0.49628907,65.35267,0.036266897
3766,1361.6066,1442.4502,49657.504,0.5078125,81.08352,0.036266897
3767,1374.5955,1435.6647,45106.137,0.49575195,703.07117,0.036266897
3768,1434.024,1435.5006,40595.766,0.5036621,3371.0293,0.036266897
3769,1370.2273,1428.9733,36919.645,0.48969728,472.39688,0.036266897
3770,1361.1204,1422.188,33642.043,0.50620115,69.15003,0.03627814
3771,1362.9934,1416.2686,30593.197,0.49833986,109.02507,0.03627814
3772,1367.2828,1411.37,27749.842,0.49956053,281.3269,0.03627814
3773,1363.6279,1406.5958,25179.994,0.50590825,87.63243,0.03627814
3774,1361.5084,1402.087,22844.953,0.50595707,77.914276,0.03627814
3775,1362.164,1398.0947,20703.904,0.5109863,96.371574,0.03629807
3776,1367.9915,1395.0844,18715.072,0.49057618,344.7374,0.03629807
3777,1358.8596,1391.4619,16961.664,0.49804688,56.44544,0.03629807
3778,1364.0074,1388.7164,15333.335,0.5046387,145.91316,0.03629807
3779,1377.2678,1387.5715,13811.798,0.50390625,641.14716,0.03629807
3780,1361.0454,1384.919,12493.944,0.50742185,79.43312,0.036311537
3781,1359.8315,1382.4102,11301.193,0.5127442,69.13412,0.036311537
3782,1360.0145,1380.1707,10216.215,0.5060059,75.14055,0.036311537
3783,1359.751,1378.1287,9232.12,0.50815433,67.710266,0.036311537
3784,1358.9114,1376.2069,8342.1455,0.50263673,68.93564,0.036311537
3785,1357.218,1374.308,7540.383,0.504834,42.095047,0.036320318
3786,1359.6963,1372.8468,6805.5596,0.51494145,56.04256,0.036320318
3787,1357.9631,1371.3584,6144.9404,0.50385743,41.078907,0.036320318
3788,1357.9427,1370.0168,5546.6445,0.50620115,54.85849,0.036320318
3789,1358.0583,1368.821,5004.8506,0.51362306,50.242756,0.036320318
3790,1357.2152,1367.6604,4516.4883,0.5023926,36.216705,0.03632467
3791,1359.7751,1366.8718,4070.4353,0.5083008,59.346718,0.03632467
3792,1358.8536,1366.0701,3669.178,0.49975586,47.362743,0.03632467
3793,1359.5205,1365.4152,3306.1208,0.5071777,52.269848,0.03632467
3794,1361.1653,1364.9902,2977.1343,0.5067383,76.43981,0.03632467
3795,1360.5172,1364.543,2681.2214,0.5022949,80.672295,0.03632883
3796,1361.8005,1364.2687,2413.7761,0.5007324,215.45526,0.03632883
3797,1357.6042,1363.6023,2176.3958,0.5088867,51.58573,0.03632883
3798,1360.695,1363.3115,1959.5168,0.507959,178.85051,0.03632883
3799,1356.5535,1362.6357,1767.6755,0.49907225,34.27351,0.03632883
3800,1356.2869,1362.0009,1594.5358,0.50498044,46.27782,0.036337875
3801,1357.0062,1361.5013,1437.3273,0.4983887,41.220264,0.036337875
3802,1357.1886,1361.0701,1295.2686,0.5047363,36.666874,0.036337875
3803,1398.7625,1364.8394,1293.6061,0.5090821,1853.7773,0.036337875
3804,1367.146,1365.0701,1164.7244,0.49609375,478.69504,0.036337875
3805,1383.2717,1366.8903,1078.0688,0.51289064,1052.9197,0.0363613
3806,1381.5133,1368.3525,989.5069,0.49560547,1104.0344,0.0363613
3807,1401.8525,1371.7025,991.5587,0.5078614,1997.3981,0.0363613
3808,1355.258,1370.0581,916.7406,0.49472654,42.64373,0.0363613
3809,1358.2356,1368.8759,837.646,0.50712895,40.130383,0.0363613
3810,1358.8376,1367.8721,762.95026,0.50698245,60.904045,0.036373995
3811,1358.0507,1366.8899,695.3366,0.509668,40.62479,0.036373995
3812,1358.3767,1366.0386,632.3256,0.5042969,72.660515,0.036373995
3813,1358.9355,1365.3282,573.6338,0.50683594,56.312424,0.036373995
3814,1358.34,1364.6294,520.66565,0.5011231,38.130646,0.036373995
3815,1356.9591,1363.8623,473.8941,0.50346684,33.14698,0.036380302
3816,1356.632,1363.1393,431.2097,0.49804688,32.28333,0.036380302
3817,1357.0472,1362.53,391.4289,0.50991213,36.298866,0.036380302
3818,1357.4147,1362.0186,354.64102,0.5092285,34.654427,0.036380302
3819,1359.9746,1361.8142,319.55292,0.50991213,128.77246,0.036380302
3820,1368.1324,1362.446,291.19043,0.5072754,494.2761,0.036393538
3821,1362.9463,1362.4961,262.0939,0.50332034,295.42926,0.036393538
3822,1379.7974,1364.2262,262.82455,0.5084473,1100.2657,0.036393538
3823,1356.1067,1363.4143,242.47548,0.5055664,32.88743,0.036393538
3824,1356.3486,1362.7078,222.72105,0.50717777,34.849808,0.036393538
3825,1356.07,1362.044,204.4144,0.5144532,41.05953,0.03641985
3826,1357.5139,1361.591,185.81987,0.5095215,116.16842,0.03641985
3827,1359.6947,1361.4014,167.5615,0.5054687,237.04858,0.03641985
3828,1356.5413,1360.9154,152.9312,0.51572263,45.186253,0.03641985
3829,1357.2212,1360.546,138.86632,0.50166017,73.27076,0.03641985
3830,1357.5251,1360.2439,125.800995,0.50390625,45.407497,0.03642696
3831,1359.1104,1360.1305,113.33654,0.5105957,93.018234,0.03642696
3832,1358.6473,1359.9822,102.20087,0.504248,48.68158,0.03642696
3833,1358.5283,1359.8368,92.17101,0.5049805,69.47698,0.03642696
3834,1364.6621,1360.3193,85.04944,0.5091309,215.88045,0.03642696
3835,1361.8514,1360.4725,76.75575,0.49179688,245.38983,0.036412027
3836,1367.1956,1361.1448,73.14809,0.50703126,361.66028,0.036412027
3837,1400.2993,1365.0602,203.8103,0.501416,1778.0958,0.036412027
3838,1358.8307,1364.4373,186.92186,0.49780273,104.430115,0.036412027
3839,1383.1362,1366.3071,199.69832,0.50102544,1006.8706,0.036412027
3840,1360.2126,1365.6976,183.07133,0.49780273,97.647606,0.036408026
3841,1358.635,1364.9913,169.25346,0.50283206,54.278168,0.036408026
3842,1360.804,1364.5726,153.90619,0.50092775,155.37097,0.036408026
3843,1358.1715,1363.9325,142.20326,0.5024414,46.65413,0.036408026
3844,1358.9932,1363.4386,130.17867,0.5043457,80.91586,0.036408026
3845,1360.5333,1363.1481,117.92045,0.50087893,101.61994,0.036409624
3846,1359.6481,1362.7981,107.230896,0.5118164,53.33985,0.036409624
3847,1357.481,1362.2664,99.05228,0.49995118,32.04028,0.036409624
3848,1359.113,1361.951,90.04196,0.50834966,54.20278,0.036409624
3849,1361.0352,1361.8595,81.11326,0.5022949,63.16249,0.036409624
3850,1359.6318,1361.6367,73.448555,0.5005371,50.179016,0.036410604
3851,1358.098,1361.2828,67.23071,0.5042481,40.99403,0.036410604
3852,1360.0543,1361.16,60.64347,0.5011231,75.385994,0.036410604
3853,1358.3492,1360.8789,55.290173,0.50375974,49.153954,0.036410604
3854,1356.5836,1360.4493,51.42161,0.5023438,62.80428,0.036410604
3855,1360.9514,1360.4995,46.302135,0.5083008,111.30865,0.036425717
3856,1357.7589,1360.2255,42.347904,0.49907225,46.942913,0.036425717
3857,1358.4658,1360.0496,38.391785,0.5104004,40.804794,0.036425717
3858,1357.952,1359.8398,34.948574,0.50024414,38.55713,0.036425717
3859,1358.6191,1359.7178,31.587828,0.50327146,36.374485,0.036425717
3860,1358.4905,1359.5951,28.564608,0.49995118,47.104687,0.03642563
3861,1359.6382,1359.5994,25.708313,0.5072754,46.934692,0.03642563
3862,1357.8376,1359.4232,23.416811,0.49555665,38.14832,0.03642563
3863,1357.8679,1359.2677,21.292835,0.503125,39.504734,0.03642563
3864,1356.5398,1358.9949,19.833282,0.50581056,40.12683,0.03642563
3865,1357.3914,1358.8345,18.081367,0.5149902,40.290382,0.036452945
3866,1368.1212,1359.7632,24.035152,0.50561523,511.10065,0.036452945
3867,1361.9963,1359.9865,22.080463,0.50263673,244.53014,0.036452945
3868,1358.9202,1359.8799,19.974745,0.5086426,73.291466,0.036452945
3869,1360.5447,1359.9464,18.017046,0.49970704,71.2535,0.036452945
3870,1359.9427,1359.946,16.215343,0.49970704,49.76329,0.036452416
3871,1359.6677,1359.9182,14.60078,0.49643555,44.158455,0.036452416
3872,1359.9203,1359.9185,13.140701,0.50444335,102.77356,0.036452416
3873,1359.6978,1359.8964,11.831015,0.50561523,67.029236,0.036452416
3874,1358.7769,1359.7844,10.76071,0.5015137,62.16757,0.036452416
3875,1357.0957,1359.5155,10.335269,0.5080078,44.23226,0.03646701
3876,1358.4263,1359.4066,9.408521,0.50205076,93.03688,0.03646701
3877,1358.388,1359.3047,8.561062,0.5072266,66.6219,0.03646701
3878,1365.261,1359.9003,10.89793,0.5046387,378.7561,0.03646701
3879,1371.0337,1361.0137,20.963915,0.5118164,609.2472,0.03646701
3880,1459.6342,1370.8757,894.2075,0.50878906,4597.7964,0.03648304
3881,1356.9694,1369.4851,822.1916,0.49658203,98.413475,0.03648304
3882,1359.3237,1368.469,749.26526,0.50449216,75.22676,0.03648304
3883,1374.074,1369.0295,677.16614,0.5083008,645.0881,0.03648304
3884,1371.4158,1369.2682,609.962,0.50512695,552.9113,0.03648304
3885,1371.2042,1369.4618,549.3031,0.49345702,594.19543,0.036471106
3886,1365.7161,1369.0872,495.63556,0.4973633,275.4035,0.036471106
3887,1364.3735,1368.6158,448.07166,0.503125,260.7164,0.036471106
3888,1360.1255,1367.7668,409.75223,0.50351566,103.26417,0.036471106
3889,1359.0498,1366.8951,375.6158,0.50541997,44.78469,0.036471106
3890,1358.1461,1366.0203,344.9433,0.503711,44.531174,0.03647787
3891,1358.333,1365.2516,315.76743,0.5049317,38.467243,0.03647787
3892,1358.3036,1364.5568,288.53537,0.49814454,36.07593,0.03647787
3893,1357.428,1363.8439,264.25558,0.5066894,36.781418,0.03647787
3894,1356.8181,1363.1414,242.27254,0.5101563,30.99429,0.03647787
3895,1356.1692,1362.4441,222.42029,0.5061524,30.75604,0.03648909
3896,1356.7323,1361.8729,203.11446,0.504248,37.79323,0.03648909
3897,1358.3364,1361.5193,183.92862,0.5041504,51.20369,0.03648909
3898,1360.0864,1361.376,165.72054,0.50092775,166.85954,0.03648909
3899,1357.9448,1361.0328,150.20802,0.5092285,65.33047,0.03648909
3900,1358.4225,1360.7719,135.80048,0.50869143,105.521454,0.036504958
3901,1364.7268,1361.1674,123.628174,0.51220703,458.49997,0.036504958
3902,1356.3483,1360.6854,113.355484,0.5027344,67.234665,0.036504958
3903,1364.9246,1361.1094,103.63726,0.5095215,365.8555,0.036504958
3904,1663.478,1391.3462,8321.687,0.51411134,13787.299,0.036504958
3905,1403.1268,1392.5243,7502.008,0.494043,2291.1436,0.036494087
3906,1359.7891,1389.2507,6848.2505,0.5104004,55.664738,0.036494087
3907,1364.2501,1386.7507,6219.6777,0.50341797,150.27997,0.036494087
3908,1365.9691,1384.6726,5636.5786,0.494043,238.74022,0.036494087
3909,1360.0754,1382.2129,5127.3726,0.495166,54.009045,0.036494087
3910,1358.5562,1379.8472,4665.003,0.49228516,65.33153,0.03648001
3911,1357.6995,1377.6324,4242.6494,0.5023438,40.541588,0.03648001
3912,1356.3899,1375.5082,3858.9963,0.5048828,37.850616,0.03648001
3913,1358.8064,1373.838,3498.2021,0.515625,139.32002,0.03648001
3914,1356.1833,1372.0725,3176.4336,0.50439453,35.004314,0.03648001
3915,1357.2974,1370.595,2878.4377,0.5066407,35.86087,0.036492128
3916,1356.3059,1369.166,2608.97,0.50581056,39.79023,0.036492128
3917,1360.2812,1368.2776,2355.1772,0.5018066,206.69263,0.036492128
3918,1365.0892,1367.9587,2120.5745,0.5109863,323.52798,0.036492128
3919,1358.0902,1366.9719,1917.2819,0.49765626,55.57335,0.036492128
3920,1357.2322,1365.9979,1734.0912,0.5133301,44.148388,0.03651646
3921,1356.4585,1365.044,1568.8721,0.50009763,35.114998,0.03651646
3922,1355.5449,1364.094,1420.1057,0.4949219,31.168003,0.03651646
3923,1355.7788,1363.2625,1284.3179,0.5060059,33.958115,0.03651646
3924,1361.3176,1363.068,1156.2264,0.5061035,229.00656,0.03651646
3925,1365.8729,1363.3485,1041.3119,0.5077637,342.05005,0.036530636
3926,1399.1947,1366.9331,1052.8262,0.5005371,1925.7179,0.036530636
3927,1361.4478,1366.3845,950.2515,0.5030273,221.24902,0.036530636
3928,1353.3379,1365.0798,870.5457,0.51118165,125.826065,0.036530636
3929,1356.6094,1364.2328,789.9485,0.50820315,49.34374,0.036530636
3930,1357.2585,1363.5354,715.33124,0.498877,55.29681,0.036528584
3931,1368.2659,1364.0084,645.8121,0.50332034,390.67,0.036528584
3932,1377.459,1365.3535,597.5134,0.4961426,801.9012,0.036528584
3933,1356.2847,1364.4467,545.16406,0.5000489,46.04128,0.036528584
3934,1358.1144,1363.8135,494.25644,0.5101074,65.63415,0.036528584
3935,1375.1118,1364.9434,456.31952,0.5012207,784.6917,0.03653081
3936,1357.0593,1364.1549,416.28177,0.50263673,73.7985,0.03653081
3937,1363.3562,1364.0751,374.711,0.5110352,217.92047,0.03653081
3938,1417.2992,1369.3975,592.1925,0.49907225,2714.677,0.03653081
3939,1358.8306,1368.3408,543.0226,0.49975586,165.78247,0.03653081
3940,1356.1956,1367.1263,501.99597,0.50590825,34.32786,0.036541604
3941,1354.8734,1365.901,465.30844,0.5010254,32.409668,0.036541604
3942,1355.9828,1364.9092,427.63098,0.5151367,32.857643,0.036541604
3943,1355.9316,1364.0115,392.12155,0.52158207,33.419605,0.036541604
3944,1358.4402,1363.4543,355.7029,0.51044923,144.18584,0.036541604
3945,1360.4275,1363.1516,320.95718,0.5125488,243.38779,0.036564544
3946,1356.292,1362.4657,293.09634,0.5036621,52.013634,0.036564544
3947,1358.1062,1362.0298,265.49716,0.51118165,77.167725,0.036564544
3948,1355.9995,1361.4268,242.22021,0.5072754,48.982933,0.036564544
3949,1356.5642,1360.9406,220.12619,0.5055176,40.188,0.036564544
3950,1358.1556,1360.6621,198.81158,0.50693357,51.84887,0.03657722
3951,1359.5552,1360.5514,179.0407,0.49814454,70.8583,0.03657722
3952,1357.6804,1360.2643,161.87845,0.49658203,64.16466,0.03657722
3953,1360.1885,1360.2567,145.69112,0.50683594,103.56663,0.03657722
3954,1360.0332,1360.2344,131.1265,0.5039551,91.690765,0.03657722
3955,1357.9128,1360.0022,118.4989,0.5011719,49.696697,0.036579367
3956,1357.077,1359.7097,107.419106,0.5061035,47.876637,0.036579367
3957,1358.6382,1359.6025,96.780525,0.5003418,156.11555,0.036579367
3958,1355.0918,1359.1515,88.93368,0.5085938,33.736027,0.036579367
3959,1356.3945,1358.8757,80.72438,0.50625,53.303688,0.036579367
3960,1357.2375,1358.7119,72.89347,0.50751954,66.85206,0.036593124
3961,1357.9114,1358.6318,65.6618,0.5006836,115.179535,0.036593124
3962,1359.4131,1358.71,59.150547,0.5076172,148.88023,0.036593124
3963,1363.543,1359.1932,55.337708,0.5080078,231.06302,0.036593124
3964,1362.3231,1359.5062,50.685593,0.5198242,171.62473,0.036593124
3965,1361.9951,1359.7551,46.174545,0.49980468,176.788,0.036592767
3966,1361.8413,1359.9637,41.948784,0.5043457,282.69742,0.036592767
3967,1359.1505,1359.8824,37.813427,0.5084961,182.91954,0.036592767
3968,1356.9438,1359.5886,34.809265,0.50649416,82.97158,0.036592767
3969,1356.835,1359.3132,32.010777,0.5041016,65.04397,0.036592767
3970,1354.322,1358.8141,31.051794,0.50864255,42.648666,0.036608577
3971,1354.5239,1358.385,29.603107,0.5084473,36.033073,0.036608577
3972,1354.2664,1357.9731,28.169493,0.503125,32.072952,0.036608577
3973,1353.0577,1357.4816,27.527052,0.5125488,29.406916,0.036608577
3974,1352.7767,1357.0111,26.766539,0.519336,27.752254,0.036608577
3975,1353.8162,1356.6917,25.008575,0.5079102,29.642075,0.03662306
3976,1354.0077,1356.4232,23.156044,0.5095215,33.44543,0.03662306
3977,1355.9222,1356.3732,20.863026,0.5073731,43.469563,0.03662306
3978,1354.8854,1356.2244,18.97594,0.5091797,31.397768,0.03662306
3979,1354.9391,1356.0958,17.22702,0.50595707,44.441936,0.03662306
3980,1369.838,1357.4701,32.500614,0.5046387,672.55145,0.036631554
3981,1361.617,1357.8848,30.798227,0.5055176,298.78314,0.036631554
3982,1356.98,1357.7943,27.792082,0.5025879,51.98386,0.036631554
3983,1355.7727,1357.5922,25.380693,0.50146484,40.074203,0.036631554
3984,1355.8997,1357.4229,23.100435,0.5110352,41.809593,0.036631554
3985,1356.7957,1357.3601,20.825794,0.50102544,70.06942,0.036633436
3986,1356.614,1357.2855,18.793314,0.5151367,57.501736,0.036633436
3987,1357.3097,1357.288,16.914036,0.507666,73.170166,0.036633436
3988,1357.2422,1357.2834,15.22282,0.5022949,98.81322,0.036633436
3989,1358.7236,1357.4275,13.88721,0.5027344,79.6481,0.036633436
3990,1361.6375,1357.8485,14.093628,0.5022461,221.99928,0.03663755
3991,1369.0465,1358.9683,23.96983,0.5115723,564.7078,0.03663755
3992,1356.636,1358.735,22.062403,0.5102539,43.25777,0.03663755
3993,1359.9622,1358.8577,19.991697,0.5051758,97.28773,0.03663755
3994,1357.2664,1358.6985,18.220432,0.50039065,37.461636,0.03663755
3995,1356.551,1358.4838,16.81343,0.50419927,37.5495,0.036645245
3996,1356.1752,1358.2529,15.6117525,0.5048828,44.254875,0.036645245
3997,1357.0023,1358.1279,14.1913395,0.5060547,51.868477,0.036645245
3998,1356.7151,1357.9867,12.951857,0.5085449,77.652176,0.036645245
3999,1355.413,1357.7294,12.252838,0.5157715,39.363934,0.036645245
4000,1358.3142,1357.7878,11.058337,0.50874025,148.88559,0.036661264
4001,1356.3572,1357.6448,10.136716,0.5051758,42.456528,0.036661264
4002,1355.2898,1357.4093,9.622178,0.49995118,39.081375,0.036661264
4003,1356.2958,1357.298,8.771555,0.5078125,37.93767,0.036661264
4004,1357.9573,1357.3639,7.93352,0.5023926,97.40711,0.036661264
4005,1947.9197,1416.4194,31395.191,0.501709,26767.514,0.036664393
4006,1353.3711,1410.1146,28613.43,0.5023926,56.082394,0.036664393
4007,1356.527,1404.7559,26010.533,0.50341797,43.47916,0.036664393
4008,1355.5212,1399.8324,23627.643,0.50454104,33.797703,0.036664393
4009,1356.3208,1395.4812,21435.271,0.5017578,40.687283,0.036664393
4010,1354.2804,1391.3611,19444.52,0.50991213,35.885838,0.03668257
4011,1355.1123,1387.7362,17618.324,0.5085449,37.498444,0.03668257
4012,1354.2058,1384.3832,15957.678,0.5139649,33.794987,0.03668257
4013,1355.366,1381.4814,14437.689,0.50219727,35.24189,0.03668257
4014,1356.877,1379.021,13048.404,0.5023926,53.409958,0.03668257
4015,1356.0198,1376.7208,11791.179,0.50322264,43.096954,0.036688484
4016,1355.0613,1374.5549,10654.283,0.5018555,35.467533,0.036688484
4017,1355.4497,1372.6444,9621.705,0.5029297,49.916378,0.036688484
4018,1354.3527,1370.8152,8689.647,0.50625,31.926317,0.036688484
4019,1354.7725,1369.2109,7843.846,0.5078125,36.564625,0.036688484
4020,1354.075,1367.6974,7080.08,0.5031738,58.260147,0.03669431
4021,1355.6808,1366.4957,6385.068,0.5136719,61.300735,0.03669431
4022,1370.1656,1366.8627,5747.773,0.50751954,663.1851,0.03669431
4023,1358.8035,1366.0568,5178.8413,0.50507814,146.09402,0.03669431
4024,1365.1582,1365.9669,4661.03,0.5056641,364.24753,0.03669431
4025,1358.3708,1365.2073,4200.1196,0.49082032,68.658226,0.036677472
4026,1358.2551,1364.5121,3784.4573,0.4961426,62.3724,0.036677472
4027,1359.3635,1363.9972,3408.3972,0.50581056,55.77748,0.036677472
4028,1358.4896,1363.4464,3070.2876,0.48950195,45.276924,0.036677472
4029,1359.9669,1363.0985,2764.3484,0.5028809,194.01825,0.036677472
4030,1358.0881,1362.5974,2490.1729,0.5019531,110.26659,0.036681056
4031,1358.5767,1362.1953,2242.6106,0.49926758,79.010765,0.036681056
4032,1356.0631,1361.582,2021.7339,0.5015625,36.57177,0.036681056
4033,1356.1698,1361.0408,1822.1968,0.5121582,47.74797,0.036681056
4034,1356.802,1360.617,1641.5941,0.50756836,57.382095,0.036681056
4035,1386.7341,1363.2286,1538.8243,0.5030273,1424.1849,0.03668661
4036,1354.6879,1362.3745,1391.5068,0.50097656,38.368004,0.03668661
4037,1362.1599,1362.353,1252.3604,0.50869143,275.68628,0.03668661
4038,1355.1367,1361.6313,1131.811,0.506543,40.796234,0.03668661
4039,1355.1652,1360.9847,1022.39294,0.49995118,32.845284,0.03668661
4040,1360.0208,1360.8883,920.2373,0.51171875,259.0667,0.036708117
4041,1356.4624,1360.4457,829.9765,0.5101074,57.985176,0.036708117
4042,1356.4514,1360.0463,748.4147,0.49887696,55.491386,0.036708117
4043,1357.1333,1359.755,674.33685,0.5066894,52.52334,0.036708117
4044,1355.3475,1359.3142,608.6515,0.49804688,31.450037,0.036708117
4045,1355.5277,1358.9355,549.0767,0.5034668,37.96433,0.03671448
4046,1355.0732,1358.5493,495.51163,0.50458986,32.09187,0.03671448
4047,1355.1171,1358.206,447.0207,0.5006348,38.749016,0.03671448
4048,1355.2303,1357.9084,403.11557,0.5050293,37.909878,0.03671448
4049,1356.5884,1357.7765,362.96085,0.5084473,47.623825,0.03671448
4050,1356.1545,1357.6143,326.90152,0.49750978,35.155174,0.036709912
4051,1356.2888,1357.4817,294.36948,0.5024902,47.560112,0.036709912
4052,1357.7363,1357.5072,264.93835,0.50263673,93.1315,0.036709912
4053,1356.3602,1357.3925,238.56291,0.50253904,38.54471,0.036709912
4054,1355.4625,1357.1995,215.04184,0.5000977,36.14527,0.036709912
4055,1356.0796,1357.0875,193.65053,0.49960938,48.762753,0.036709193
4056,1355.4791,1356.9266,174.5183,0.50214845,53.28187,0.036709193
4057,1356.1555,1356.8495,157.11998,0.5031738,85.58453,0.036709193
4058,1354.6638,1356.6309,141.83792,0.50634766,30.499918,0.036709193
4059,1354.0779,1356.3756,128.2407,0.5084961,28.455036,0.036709193
4060,1355.2822,1356.2662,115.52423,0.50458986,32.349857,0.036717623
4061,1354.8264,1356.1223,104.15838,0.50131834,33.18518,0.036717623
4062,1355.5281,1356.0629,93.774315,0.5073731,52.109825,0.036717623
4063,1356.6765,1356.1243,84.43077,0.49980468,67.4655,0.036717623
4064,1363.1809,1356.83,80.469345,0.5092285,264.6526,0.036717623
4065,1356.3146,1356.7784,72.44632,0.4964844,43.519325,0.03671117
4066,1355.999,1356.7004,65.25636,0.50527346,42.3027,0.03671117
4067,1356.2771,1356.6581,58.746853,0.5081543,47.045174,0.03671117
4068,1357.9989,1356.7921,53.033966,0.5096191,132.99864,0.03671117
4069,1394.1492,1360.5278,173.33003,0.50541997,1690.8855,0.03671117
4070,1358.3292,1360.308,156.43207,0.49741212,107.76232,0.036706418
4071,1356.4968,1359.9269,142.0961,0.5074707,58.73605,0.036706418
4072,1356.013,1359.5355,129.26518,0.5005859,75.78999,0.036706418
4073,1354.1538,1358.9973,118.94532,0.5067871,41.77353,0.036706418
4074,1354.7291,1358.5706,108.69036,0.50874025,51.588566,0.036706418
4075,1354.9366,1358.2072,99.0098,0.5024902,39.721634,0.03671099
4076,1356.0815,1357.9946,89.51546,0.5109863,88.59595,0.03671099
4077,1356.1501,1357.8102,80.8701,0.49741215,52.683968,0.03671099
4078,1357.1252,1357.7417,72.82531,0.50161135,65.60836,0.03671099
4079,1368.604,1358.8279,76.16184,0.50175786,432.59564,0.03671099
4080,1356.0602,1358.5511,69.23507,0.49794924,36.736996,0.036707222
4081,1354.5757,1358.1536,63.733948,0.5032227,33.92602,0.036707222
4082,1355.7417,1357.9124,57.88409,0.50390625,83.027565,0.036707222
4083,1355.1476,1357.6359,52.783638,0.5029785,52.99096,0.036707222
4084,1355.8582,1357.4581,47.789696,0.5070801,40.14478,0.036707222
4085,1357.521,1357.4644,43.01108,0.5051758,83.310394,0.036716722
4086,1355.4487,1357.2628,39.07562,0.4934082,39.719463,0.036716722
4087,1355.3518,1357.0718,35.49673,0.50473636,53.684566,0.036716722
4088,1357.9993,1357.1646,32.02448,0.49990237,129.51459,0.036716722
4089,1356.5481,1357.1029,28.856232,0.50541997,41.2489,0.036716722
4090,1356.2993,1357.0226,26.028725,0.5042969,43.09899,0.03672461
4091,1356.7845,1356.9988,23.430952,0.51000977,40.041386,0.03672461
4092,1355.9725,1356.8961,21.182642,0.5043457,57.77106,0.03672461
4093,1354.7737,1356.6838,19.469803,0.5019043,29.726702,0.03672461
4094,1354.3187,1356.4473,18.02626,0.4928711,40.54061,0.03672461
4095,1355.5945,1356.3619,16.289085,0.51254886,38.25207,0.03674766
4096,1354.9082,1356.2166,14.850377,0.5066894,30.069244,0.03674766
4097,1355.9993,1356.1948,13.369589,0.5102051,95.11562,0.03674766
4098,1352.7223,1355.8475,13.117894,0.5015625,32.790936,0.03674766
4099,1353.564,1355.6191,12.275427,0.5055176,46.65103,0.03674766
4100,1355.1755,1355.5748,11.065594,0.5169922,42.09778,0.036778904
4101,1354.7732,1355.4946,10.0168705,0.50034183,50.436237,0.036778904
4102,1356.589,1355.604,9.12297,0.51250005,116.123764,0.036778904
4103,1362.2256,1356.2661,12.156754,0.51064456,401.7432,0.036778904
4104,1364.2513,1357.0647,16.679827,0.50869143,519.94666,0.036778904
4105,1358.9989,1357.258,15.348547,0.5136719,254.86484,0.03680405
4106,1354.1528,1356.9475,14.681511,0.507666,35.37538,0.03680405
4107,1353.72,1356.6248,14.150889,0.51289064,33.711555,0.03680405
4108,1354.871,1356.4493,13.012619,0.510791,59.784756,0.03680405
4109,1353.5685,1356.1613,12.458299,0.51601565,40.85704,0.03680405
4110,1353.2314,1355.8683,11.985009,0.5090332,33.10845,0.036820672
4111,1355.2261,1355.8041,10.823627,0.51118165,51.93777,0.036820672
4112,1352.675,1355.4912,10.622438,0.5018066,37.266365,0.036820672
4113,1353.9398,1355.336,9.776808,0.5060059,42.115547,0.036820672
4114,1356.9011,1355.4926,9.019575,0.50053716,195.46368,0.036820672
4115,1355.875,1355.5308,8.130781,0.5055176,124.19179,0.03683083
4116,1355.2275,1355.5005,7.325978,0.504248,95.653915,0.03683083
4117,1360.1418,1355.9646,8.532178,0.5023926,351.2584,0.03683083
4118,1356.396,1356.0077,7.6957088,0.5093262,157.41957,0.03683083
4119,1353.9783,1355.8047,7.2968063,0.5012207,47.454353,0.03683083
4120,1352.7051,1355.4948,7.431808,0.50996095,28.024406,0.03684918
4121,1352.6436,1355.2096,7.420265,0.5039551,31.007792,0.03684918
4122,1354.0216,1355.0908,6.805257,0.5074707,38.48302,0.03684918
4123,1353.7363,1354.9553,6.2898493,0.49750978,30.36285,0.03684918
4124,1354.2825,1354.8881,5.7016096,0.5043457,34.811806,0.03684918
4125,1364.0692,1355.8062,12.717869,0.49833986,394.15656,0.036846124
4126,1356.7224,1355.8978,11.521639,0.5025879,128.8652,0.036846124
4127,1354.8223,1355.7903,10.47359,0.50649416,54.165054,0.036846124
4128,1353.7695,1355.5883,9.79374,0.49482423,30.501955,0.036846124
4129,1367.4126,1356.7708,21.397718,0.5078614,608.20013,0.036846124
4130,1355.1404,1356.6077,19.497177,0.50590825,41.30528,0.03685701
4131,1355.7881,1356.5258,17.607912,0.50869143,35.71772,0.03685701
4132,1354.5529,1356.3285,16.197432,0.4939453,34.57227,0.03685701
4133,1354.7887,1356.1746,14.791075,0.4942383,30.12771,0.03685701
4134,1355.2917,1356.0863,13.38211,0.5027344,27.60501,0.03685701
4135,1354.6871,1355.9464,12.220089,0.49804688,28.254177,0.036853407
4136,1354.4604,1355.7979,11.196807,0.5043457,31.629206,0.036853407
4137,1354.1365,1355.6317,10.3255415,0.5022949,30.512768,0.036853407
4138,1354.2617,1355.4948,9.461907,0.50219727,35.373833,0.036853407
4139,1355.572,1355.5024,8.516253,0.5012207,72.482346,0.036853407
4140,1354.603,1355.4125,7.737433,0.5067871,55.05414,0.036865912
4141,1354.7847,1355.3497,6.9991627,0.507959,47.29815,0.036865912
4142,1354.3616,1355.251,6.3871274,0.51127934,37.15968,0.036865912
4143,1353.8245,1355.1083,5.931559,0.50507814,33.668137,0.036865912
4144,1357.6627,1355.3638,5.9256697,0.50698245,170.47372,0.036865912
4145,1354.133,1355.2407,5.4694214,0.50341797,39.829147,0.036872216
4146,1355.0835,1355.225,4.924704,0.5051758,45.264545,0.036872216
4147,1354.2183,1355.1243,4.523446,0.5005371,40.518307,0.036872216
4148,1355.4917,1355.161,4.083252,0.5096191,87.99011,0.036872216
4149,1354.3413,1355.0791,3.7353988,0.50078124,36.24398,0.036872216
4150,1355.0503,1355.0762,3.3619335,0.50283206,71.605644,0.036877435
4151,1354.7183,1355.0404,3.037269,0.50346684,37.915627,0.036877435
4152,1356.5083,1355.1873,2.9274666,0.5067871,142.86711,0.036877435
4153,1359.6829,1355.6368,4.453662,0.5106934,225.22343,0.036877435
4154,1356.2992,1355.7031,4.04778,0.5053711,155.23203,0.036877435
4155,1356.5701,1355.7898,3.7106452,0.5115234,133.6019,0.03689869
4156,1354.8376,1355.6946,3.4211733,0.5023926,127.74292,0.03689869
4157,1364.7975,1356.6049,10.536715,0.50986326,520.8358,0.03689869
4158,1355.8112,1356.5255,9.53974,0.5091797,137.52756,0.03689869
4159,1363.4824,1357.2212,12.941638,0.50756836,513.70966,0.03689869
4160,1358.2454,1357.3236,11.741878,0.505957,224.90598,0.03690968
4161,1354.6272,1357.054,11.222046,0.50761724,72.52088,0.03690968
4162,1353.6688,1356.7155,11.131162,0.5056641,37.907696,0.03690968
4163,1353.0667,1356.3506,11.216285,0.50761724,27.295694,0.03690968
4164,1354.2162,1356.1372,10.504665,0.5088867,35.14436,0.03690968
4165,1353.7085,1355.8943,9.985076,0.5066407,44.82133,0.036921944
4166,1354.2273,1355.7275,9.236666,0.50620115,47.334038,0.036921944
4167,1354.6487,1355.6196,8.417752,0.5012696,56.10888,0.036921944
4168,1361.6392,1356.2216,10.837105,0.50874025,324.3518,0.036921944
4169,1369.6135,1357.5608,25.894426,0.49990237,703.79297,0.036921944
4170,1354.3672,1357.2415,24.222902,0.5006836,40.11852,0.0369232
4171,1356.4126,1357.1586,21.862442,0.50214845,107.04818,0.0369232
4172,1369.7783,1358.4205,34.009426,0.49501956,733.06586,0.0369232
4173,1796.3162,1402.2101,17288.34,0.495459,20012.371,0.0369232
4174,1352.9644,1397.2855,15777.768,0.4925293,82.243126,0.0369232
4175,1365.8165,1394.1387,14289.117,0.5066894,490.00153,0.036935553
4176,1367.4502,1391.4698,12924.31,0.5044434,645.10815,0.036935553
4177,1357.1692,1388.0398,11737.767,0.5035156,101.59016,0.036935553
4178,1355.4021,1384.776,10659.859,0.49643552,38.80894,0.036935553
4179,1352.7588,1381.5742,9686.132,0.50087893,33.94168,0.036935553
4180,1355.8423,1379.001,8777.11,0.5107422,94.14245,0.0369554
4181,1371.1726,1378.2181,7904.914,0.50209963,766.7166,0.0369554
4182,1454.2745,1385.8237,7635.0347,0.49174803,4533.2925,0.0369554
4183,1349.5,1382.1914,6990.2783,0.49775392,140.14784,0.0369554
4184,1354.8662,1379.4589,6358.45,0.5066407,39.743942,0.0369554
4185,1354.5438,1376.9674,5778.473,0.50625,36.881523,0.036966953
4186,1356.8588,1374.9565,5237.0176,0.5067383,103.321884,0.036966953
4187,1355.5144,1373.0123,4747.3354,0.5030273,69.4164,0.036966953
4188,1354.4216,1371.1533,4303.707,0.50981444,34.857605,0.036966953
4189,1352.4458,1369.2826,3904.8335,0.50405276,31.19351,0.036966953
4190,1353.8195,1367.7363,3535.8699,0.50996095,37.75247,0.03698537
4191,1353.7832,1366.3411,3199.805,0.5174805,50.956635,0.03698537
4192,1359.1997,1365.627,2884.4143,0.50869143,191.59042,0.03698537
4193,1357.1221,1364.7765,2602.483,0.5019531,144.27454,0.03698537
4194,1356.703,1363.9691,2348.1008,0.50688475,143.59537,0.03698537
4195,1357.5881,1363.331,2116.9553,0.5072754,102.091835,0.03699883
4196,1357.8397,1362.782,1907.9736,0.498584,77.625916,0.03699883
4197,1356.0154,1362.1053,1721.2971,0.49995118,74.527336,0.03699883
4198,1357.4663,1361.6415,1551.1042,0.50268555,166.69434,0.03699883
4199,1357.9138,1361.2687,1397.2444,0.49716797,101.395164,0.03699883
4200,1355.2859,1360.6704,1260.7413,0.49985355,45.438515,0.036998555
4201,1356.2036,1360.2238,1136.4629,0.50263673,48.696606,0.036998555
4202,1355.981,1359.7994,1024.4368,0.49599612,55.98694,0.036998555
4203,1355.7157,1359.3911,923.494,0.50268555,37.950634,0.036998555
4204,1356.5034,1359.1023,831.8951,0.4961914,44.317654,0.036998555
4205,1355.4788,1358.74,749.88727,0.49536133,45.322178,0.036989972
4206,1354.9508,1358.3611,676.19073,0.49873048,34.88376,0.036989972
4207,1354.5322,1357.9781,609.89105,0.5017578,55.8385,0.036989972
4208,1353.206,1357.501,550.9515,0.49804688,31.473791,0.036989972
4209,1352.8602,1357.0369,497.7946,0.49916995,32.08467,0.036989972
4210,1354.3463,1356.7678,448.66663,0.5067383,58.082726,0.037002437
4211,1354.6831,1356.5593,404.1911,0.5013672,67.14318,0.037002437
4212,1353.9285,1356.2963,364.3949,0.50712895,40.36542,0.037002437
4213,1352.6797,1355.9346,329.13257,0.5055664,27.48844,0.037002437
4214,1353.8408,1355.7252,296.61386,0.5120605,31.427742,0.037002437
4215,1353.4335,1355.4961,267.42514,0.50986326,33.527367,0.037020687
4216,1355.7667,1355.5232,240.68921,0.49799806,80.30545,0.037020687
4217,1356.4355,1355.6144,216.69519,0.5019531,97.21136,0.037020687
4218,1355.3567,1355.5886,195.03165,0.50175786,53.54359,0.037020687
4219,1356.6549,1355.6953,175.6308,0.50756836,52.788204,0.037020687
4220,1355.397,1355.6655,158.07571,0.4979004,79.665245,0.0370168
4221,1359.0879,1356.0078,143.32228,0.5084961,200.88031,0.0370168
4222,1354.6562,1355.8727,129.15446,0.5030762,50.094105,0.0370168
4223,1355.315,1355.8169,116.26701,0.50698245,37.03541,0.0370168
4224,1353.6016,1355.5953,105.082,0.49731445,33.240803,0.0370168
4225,1354.7179,1355.5076,94.64309,0.5133301,30.215702,0.037041485
4226,1354.3328,1355.3901,85.30299,0.50053716,52.37945,0.037041485
4227,1353.8818,1355.2393,76.97744,0.5035645,33.698223,0.037041485
4228,1356.8102,1355.3964,69.50179,0.5029785,115.56202,0.037041485
4229,1354.4515,1355.3019,62.631958,0.5001953,45.37799,0.037041485
4230,1357.5212,1355.5238,56.81206,0.5039551,154.2447,0.03704881
4231,1353.2319,1355.2947,51.603596,0.5042481,33.36294,0.03704881
4232,1352.8522,1355.0504,46.98016,0.50097656,33.642483,0.03704881
4233,1373.1746,1356.8628,71.845764,0.5029785,798.3583,0.03704881
4234,1361.5896,1357.3354,66.67203,0.4955078,239.66774,0.03704881
4235,1361.6189,1357.7638,61.656136,0.5055176,201.87094,0.037059028
4236,1383.7051,1360.3579,116.05604,0.4961914,1322.4791,0.037059028
4237,1357.4767,1360.0698,105.19756,0.49819338,184.08032,0.037059028
4238,1354.9036,1359.5532,97.079926,0.5091797,42.18023,0.037059028
4239,1354.8706,1359.085,89.34535,0.49541014,35.39086,0.037059028
4240,1353.322,1358.5087,83.39984,0.51718754,31.271574,0.037090886
4241,1353.4807,1358.0059,77.33508,0.50629884,34.634953,0.037090886
4242,1352.6709,1357.4724,72.16314,0.49677736,31.577578,0.037090886
4243,1354.0804,1357.1332,65.982315,0.5049317,30.345797,0.037090886
4244,1353.8737,1356.8073,60.340282,0.4952637,32.93288,0.037090886
4245,1353.816,1356.5082,55.11151,0.5041504,26.928238,0.03709858
4246,1352.9617,1356.1536,50.732357,0.500586,36.559605,0.03709858
4247,1353.7794,1355.9161,46.16641,0.5083496,36.49546,0.03709858
4248,1353.6675,1355.6913,42.00485,0.50625,38.83786,0.03709858
4249,1352.2781,1355.35,38.85286,0.5031738,37.700798,0.03709858
4250,1352.0837,1355.0233,35.92772,0.5109375,30.39568,0.037118874
4251,1352.6824,1354.7892,32.828148,0.50346684,37.728497,0.037118874
4252,1353.4747,1354.6577,29.700834,0.5119629,50.472958,0.037118874
4253,1354.9567,1354.6876,26.738794,0.5121094,72.642525,0.037118874
4254,1355.2202,1354.7408,24.090445,0.50693357,111.82901,0.037118874
4255,1352.9338,1354.5602,21.975273,0.5078125,38.334347,0.037133377
4256,1355.6744,1354.6716,19.889486,0.50439453,57.726063,0.037133377
4257,1357.0968,1354.9142,18.429869,0.5056641,105.21053,0.037133377
4258,1354.7214,1354.8949,16.590225,0.5035645,81.827255,0.037133377
4259,1354.637,1354.8691,14.93719,0.5046387,39.678394,0.037133377
4260,1359.4412,1355.3263,15.324776,0.50756836,178.49918,0.03714743
4261,10310.51,2250.8447,7.217592e+06,0.50341797,405030.03,0.03714743
4262,1358.8474,2161.645,6.567442e+06,0.4952637,270.262,0.03714743
4263,1359.4872,2081.4292,5.9686085e+06,0.49672854,150.032,0.03714743
4264,1354.5883,2008.7451,5.4192945e+06,0.4951172,40.54252,0.03714743
4265,1355.9999,1943.4706,4.9157115e+06,0.5071777,56.79065,0.037160758
4266,1354.2622,1884.5498,4.455385e+06,0.49990237,50.186115,0.037160758
4267,1356.1436,1831.7092,4.0349758e+06,0.50458986,134.26279,0.037160758
4268,1436.9142,1792.2297,3.6455058e+06,0.49453127,3782.4417,0.037160758
4269,1374.2277,1750.4296,3.2966802e+06,0.48964846,1020.17413,0.037160758
4270,1357.1328,1711.0999,2.9809335e+06,0.5066894,135.5562,0.037173193
4271,1383.4163,1678.3315,2.692504e+06,0.49604493,1371.3247,0.037173193
4272,1352.366,1645.735,2.4328162e+06,0.5003418,32.085026,0.037173193
4273,1357.2739,1616.8889,2.1970235e+06,0.50024414,243.64122,0.037173193
4274,1355.7184,1590.7719,1.98346e+06,0.5019043,109.78783,0.037173193
4275,1486.8743,1580.3821,1.7860855e+06,0.5047363,6059.2354,0.037181996
4276,1376.9053,1560.0344,1.6112031e+06,0.48647463,1233.0026,0.037181996
4277,1353.6025,1539.3912,1.453918e+06,0.50214845,47.96859,0.037181996
4278,1354.2349,1520.8756,1.3116116e+06,0.50649416,39.87493,0.037181996
4279,1356.2815,1504.4163,1.1828886e+06,0.50625,105.0055,0.037181996
4280,1503.7346,1504.3481,1.0645998e+06,0.5006836,6600.529,0.037183262
4281,1353.2698,1489.2404,960194.0,0.4949707,50.067596,0.037183262
4282,1359.0237,1476.2188,865700.6,0.5047852,145.23402,0.037183262
4283,1361.4131,1464.7382,780316.8,0.49448243,291.7222,0.037183262
4284,1356.6204,1453.9264,703337.2,0.49418944,108.10303,0.037183262
4285,1357.7295,1444.3066,633836.3,0.5055176,100.88479,0.03719352
4286,1371.0459,1436.9806,570935.7,0.500586,736.48,0.03719352
4287,1357.4122,1429.0238,514411.9,0.49829102,85.40321,0.03719352
4288,1352.7544,1421.3969,463494.22,0.49262697,36.658123,0.03719352
4289,1356.0305,1414.8602,417529.34,0.504834,67.90874,0.03719352
4290,1353.0989,1408.6841,376119.7,0.5011719,33.352673,0.0371957
4291,1354.0109,1403.2168,338776.72,0.4958496,65.96956,0.0371957
4292,1356.2314,1398.5183,305097.72,0.5011231,114.63492,0.0371957
4293,1360.7761,1394.7441,274716.12,0.49301758,288.5003,0.0371957
4294,1411.0554,1396.3752,247268.44,0.5028809,2409.5264,0.0371957
4295,1355.7449,1392.3123,222690.16,0.49628907,281.1588,0.037188806
4296,1353.2554,1388.4066,200558.42,0.50864255,40.276154,0.037188806
4297,1353.1384,1384.8798,180614.53,0.5077637,31.934515,0.037188806
4298,1353.2695,1381.7188,162643.0,0.5060547,37.47885,0.037188806
4299,1359.6555,1379.5125,146422.5,0.49628907,320.1961,0.037188806
4300,1354.2606,1376.9873,131837.64,0.5084961,50.526466,0.03720461
4301,1354.7048,1374.759,118698.56,0.5001953,59.89164,0.03720461
4302,1362.5454,1373.5377,106842.125,0.49658203,317.12366,0.03720461
4303,1381.2085,1374.3048,96163.2,0.4988281,1026.9344,0.03720461
4304,1359.9451,1372.8689,86565.44,0.4862793,209.96014,0.03720461
4305,1430.6445,1378.6465,78209.31,0.49785155,3336.7012,0.037200607
4306,1349.6726,1375.7491,70463.93,0.48515624,85.03254,0.037200607
4307,1357.4719,1373.9214,63447.6,0.50268555,112.767586,0.037200607
4308,1354.7849,1372.0077,57135.8,0.49560547,56.16358,0.037200607
4309,1354.9229,1370.2992,51448.49,0.49721682,58.612656,0.037200607
4310,1352.8099,1368.5503,46331.164,0.49467772,44.742023,0.03719071
4311,1353.0122,1366.9965,41719.777,0.5053223,28.569407,0.03719071
4312,1354.0464,1365.7014,37562.89,0.49604493,29.714863,0.03719071
4313,1353.817,1364.513,33819.312,0.49174803,29.011623,0.03719071
4314,1353.7615,1363.4377,30447.783,0.49848634,31.305468,0.03719071
4315,1354.5591,1362.5499,27410.1,0.49570316,44.13962,0.03718272
4316,1353.3575,1361.6307,24676.693,0.5049317,32.7812,0.03718272
4317,1353.8346,1360.8511,22214.494,0.50883794,31.598265,0.03718272
4318,1357.818,1360.5477,19993.873,0.49692383,249.66838,0.03718272
4319,1353.6097,1359.8539,17998.818,0.5015137,36.473507,0.03718272
4320,1372.9773,1361.1663,16214.437,0.49980468,881.9843,0.037182357
4321,1355.611,1360.6107,14595.77,0.5028809,60.747368,0.037182357
4322,1353.9244,1359.9421,13140.216,0.49833983,33.7879,0.037182357
4323,1365.882,1360.5361,11829.369,0.5051758,552.3572,0.037182357
4324,1354.7161,1359.9541,10649.48,0.5072754,104.83378,0.037182357
4325,1357.0895,1359.6676,9585.2705,0.5066894,119.273674,0.037194796
4326,1354.4677,1359.1476,8629.177,0.50268555,50.19168,0.037194796
4327,1357.0708,1358.94,7766.6475,0.5018066,122.78573,0.037194796
4328,1355.0265,1358.5486,6991.3613,0.49116212,123.452866,0.037194796
4329,1354.6476,1358.1584,6293.5947,0.5030762,56.536,0.037194796
4330,1352.7324,1357.6158,5666.885,0.49487305,37.80704,0.037185267
4331,1351.9167,1357.0459,5103.1196,0.50751954,31.112045,0.037185267
4332,1353.5026,1356.6915,4593.9375,0.5059082,57.787067,0.037185267
4333,1354.2626,1356.4486,4135.0747,0.5058594,87.38805,0.037185267
4334,1438.0867,1364.6124,4321.3965,0.5104004,3925.6404,0.037185267
4335,1381.9905,1366.3502,3916.4365,0.5068848,1088.622,0.03719807
4336,1360.2897,1365.7441,3528.0986,0.50712895,335.68484,0.03719807
4337,1353.1078,1364.4805,3189.6597,0.5060059,45.43227,0.03719807
4338,1351.3425,1363.1666,2886.228,0.5013672,27.868305,0.03719807
4339,1353.2205,1362.172,2606.5085,0.5070801,49.379517,0.03719807
4340,1352.7284,1361.2277,2353.884,0.49667972,42.49832,0.037191898
4341,1357.5328,1360.8582,2119.7244,0.49277344,124.09793,0.037191898
4342,1355.9766,1360.37,1909.8966,0.49443358,56.53217,0.037191898
4343,1356.1768,1359.9507,1720.4894,0.49482423,77.35138,0.037191898
4344,1355.4935,1359.505,1550.2283,0.49804688,49.555714,0.037191898
4345,1354.9617,1359.0507,1397.0632,0.49785155,39.59944,0.037187897
4346,1354.5553,1358.6011,1259.1757,0.49794924,41.45981,0.037187897
4347,1354.1722,1358.1582,1135.0233,0.51289064,57.920486,0.037187897
4348,1354.0175,1357.7441,1023.0641,0.5036621,32.843887,0.037187897
4349,1354.4877,1357.4185,921.71204,0.50024414,40.866207,0.037187897
4350,1352.7172,1356.9484,831.52997,0.49995118,45.373035,0.03718781
4351,1354.5566,1356.7092,748.8918,0.5091797,60.895607,0.03718781
4352,1353.9216,1356.4304,674.70197,0.5004883,47.310913,0.03718781
4353,1354.4927,1356.2367,607.5697,0.50297856,54.726593,0.03718781
4354,1354.1177,1356.0248,547.21686,0.50439453,46.992973,0.03718781
4355,1353.9536,1355.8176,492.88123,0.4970703,33.44128,0.03718237
4356,1355.6389,1355.7998,443.59598,0.4958496,57.71853,0.03718237
4357,1358.4371,1356.0635,399.86237,0.4958008,173.72734,0.03718237
4358,1355.017,1355.9589,359.9747,0.49951172,62.307922,0.03718237
4359,1353.1051,1355.6735,324.71017,0.49960938,34.613495,0.03718237
4360,1352.9132,1355.3975,292.92487,0.506543,29.13673,0.03719453
4361,1354.1711,1355.2748,263.76773,0.5000489,49.49993,0.03719453
4362,1384.5135,1358.1986,314.33246,0.5047852,1423.2386,0.03719453
4363,1358.8489,1358.2637,282.9373,0.49418944,282.75266,0.03719453
4364,1357.6514,1358.2024,254.6773,0.5051758,243.30928,0.03719453
4365,1352.5098,1357.6332,232.12611,0.5001953,33.63954,0.037194896
4366,1356.3975,1357.5096,209.05092,0.500293,153.43068,0.037194896
4367,1354.3666,1357.1953,189.03491,0.5061524,75.28177,0.037194896
4368,1353.6167,1356.8374,171.28401,0.5010742,39.06489,0.037194896
4369,1355.69,1356.7227,154.27411,0.49785155,96.15426,0.037194896
4370,1357.3279,1356.7832,138.87967,0.504248,154.99223,0.037202798
4371,1429.4961,1364.0544,600.83655,0.49311525,3153.188,0.037202798
4372,1363.7861,1364.0276,540.75934,0.48618165,402.8976,0.037202798
4373,1376.165,1365.2413,499.94196,0.50527346,954.68005,0.037202798
4374,1355.787,1364.2959,457.99237,0.49482423,62.893536,0.037202798
4375,1357.9152,1363.6578,415.85736,0.4963867,96.66074,0.037196074
4376,1358.2983,1363.1218,376.85678,0.49575198,152.47607,0.037196074
4377,1376.8359,1364.4933,356.098,0.495459,995.2113,0.037196074
4378,1353.5789,1363.4019,331.2094,0.4925293,65.07156,0.037196074
4379,1355.0876,1362.5704,304.3098,0.50395507,33.90544,0.037196074
4380,1354.7589,1361.7893,279.3706,0.4982422,45.47854,0.037192803
4381,1356.4912,1361.2595,253.95982,0.50205076,121.98766,0.037192803
4382,1358.4467,1360.9783,229.27594,0.504248,274.49936,0.037192803
4383,1352.6655,1360.147,212.56749,0.4979004,36.839634,0.037192803
4384,1350.5327,1359.1855,199.62979,0.5037109,51.51469,0.037192803
4385,1351.7466,1358.4417,184.64723,0.5078613,39.079243,0.03720743
4386,1351.0902,1357.7065,171.04645,0.50390625,33.520817,0.03720743
4387,1354.4197,1357.3778,154.91412,0.50766605,140.75925,0.03720743
4388,1352.1918,1356.8593,141.84326,0.49541014,36.04166,0.03720743
4389,1362.7635,1357.4497,130.79639,0.5081543,494.0203,0.03720743
4390,1354.09,1357.1138,118.73265,0.5047852,98.41683,0.037216336
4391,1357.5266,1357.155,106.874725,0.5098145,218.8086,0.037216336
4392,1354.523,1356.8918,96.81076,0.49741215,87.248344,0.037216336
4393,1353.7288,1356.5756,88.03014,0.5041504,64.8584,0.037216336
4394,1354.4548,1356.3635,79.6319,0.5083008,114.29437,0.037216336
4395,1361.3014,1356.8573,73.86314,0.5024414,266.0193,0.037220877
4396,1354.8383,1356.6554,66.84371,0.49951172,82.16076,0.037220877
4397,1353.2582,1356.3157,61.198036,0.50175786,44.24405,0.037220877
4398,1355.1567,1356.1998,55.199112,0.49848634,164.5386,0.037220877
4399,1355.8457,1356.1644,49.690483,0.5115235,118.01865,0.037220877
4400,1352.1968,1355.7677,46.138237,0.4988281,31.06238,0.037218697
4401,1352.3678,1355.4277,42.56475,0.5081055,30.063442,0.037218697
4402,1352.6522,1355.1501,39.001587,0.5001953,34.362267,0.037218697
4403,1351.9866,1354.8337,36.002167,0.50102544,36.97901,0.037218697
4404,1352.4934,1354.5997,32.894894,0.4998535,29.182503,0.037218697
4405,1353.0535,1354.4451,29.820587,0.49970704,39.659016,0.037218153
4406,1354.4031,1354.4409,26.838686,0.5024903,86.787186,0.037218153
4407,1352.0391,1354.2007,24.674019,0.5042969,31.09311,0.037218153
4408,1352.9019,1354.0708,22.358442,0.503711,48.819317,0.037218153
4409,1360.221,1354.6858,23.526785,0.5005859,347.3333,0.037218153
4410,1430.1292,1362.2301,533.4271,0.49716797,3472.519,0.037212886
4411,1354.1646,1361.4236,485.93918,0.49672854,123.936295,0.037212886
4412,1353.0627,1360.5875,443.63657,0.51708984,32.210857,0.037212886
4413,1351.117,1359.6405,407.34515,0.50468755,25.717342,0.037212886
4414,1353.2228,1358.9988,370.31747,0.50283206,38.7835,0.037212886
4415,1352.6282,1358.3617,336.93835,0.50703126,30.693619,0.037225973
4416,1351.8641,1357.7119,307.04416,0.49897462,29.875668,0.037225973
4417,1351.7369,1357.1144,279.55276,0.5027832,27.874903,0.037225973
4418,1352.4038,1356.6433,253.59454,0.49975586,29.415632,0.037225973
4419,1352.1558,1356.1946,230.04752,0.50146484,36.991146,0.037225973
4420,1352.3657,1355.8116,208.36218,0.50571287,33.0735,0.037236605
4421,1353.3267,1355.5631,188.08171,0.49916992,39.830853,0.037236605
4422,1353.8293,1355.3898,169.54407,0.5061035,59.79994,0.037236605
4423,1353.7737,1355.2281,152.8247,0.50419927,79.118126,0.037236605
4424,1355.1506,1355.2205,137.54277,0.5019043,94.71733,0.037236605
4425,1456.0404,1365.3025,1038.608,0.5010742,4547.26,0.037238605
4426,1368.2274,1365.595,935.51715,0.49145508,738.7794,0.037238605
4427,1356.6211,1364.6976,849.21313,0.50175786,137.54393,0.037238605
4428,1375.9747,1365.8253,775.73737,0.50209963,1045.2095,0.037238605
4429,1355.6929,1364.812,707.4036,0.49965823,107.694,0.037238605
4430,1352.0952,1363.5403,651.2178,0.50327146,32.433167,0.037244696
4431,1354.1924,1362.6055,593.9605,0.5080078,57.053463,0.037244696
4432,1355.7614,1361.921,538.7802,0.5048828,76.39208,0.037244696
4433,1355.3091,1361.2598,488.83676,0.49926758,77.12467,0.037244696
4434,1355.6162,1360.6954,442.81955,0.50527346,91.67578,0.037244696
4435,1353.6682,1359.9927,402.98193,0.50561523,40.906364,0.037255157
4436,1353.115,1359.3049,366.94095,0.49746096,40.757034,0.037255157
4437,1352.8926,1358.6637,333.94748,0.50566405,41.760612,0.037255157
4438,1350.9503,1357.8923,305.90738,0.49902344,32.869553,0.037255157
4439,1351.7577,1357.2788,278.7037,0.509668,37.005947,0.037255157
4440,1359.5654,1357.5074,251.3039,0.50883794,377.80966,0.03727162
4441,1414.9609,1363.2528,523.2548,0.5143555,2868.7737,0.03727162
4442,1355.8962,1362.5171,475.80005,0.5074707,166.34628,0.03727162
4443,1352.581,1361.5234,437.10526,0.51220703,30.1528,0.03727162
4444,1353.7322,1360.7443,398.85806,0.4964844,44.159954,0.03727162
4445,1354.0073,1360.0706,363.057,0.50458986,59.056324,0.037280176
4446,1355.3943,1359.6029,328.71936,0.50581056,102.64124,0.037280176
4447,1357.7661,1359.4192,296.15106,0.50053716,257.02423,0.037280176
4448,1353.31,1358.8082,269.89487,0.49931642,62.715374,0.037280176
4449,1352.107,1358.1381,246.94688,0.5101563,35.487175,0.037280176
4450,1352.6732,1357.5916,224.94,0.50981444,40.018864,0.037298474
4451,1353.7012,1357.2025,203.80815,0.5041504,55.302456,0.037298474
4452,1357.1233,1357.1946,183.42789,0.5019531,141.37648,0.037298474
4453,1354.7079,1356.9459,165.64162,0.4998047,80.87447,0.037298474
4454,1386.8496,1359.9363,229.5582,0.50742185,1438.9136,0.037298474
4455,1355.3234,1359.475,208.51749,0.49697268,137.19312,0.037292827
4456,1352.1217,1358.7396,192.53209,0.4953125,30.930305,0.037292827
4457,1354.237,1358.2893,175.10345,0.5080078,81.435555,0.037292827
4458,1363.2988,1358.7903,159.85168,0.49736327,529.333,0.037292827
4459,1351.5657,1358.0679,148.56406,0.50693357,46.838966,0.037292827
4460,1364.3622,1358.6973,137.2733,0.50986326,572.3648,0.03731122
4461,1351.3091,1357.9585,128.45863,0.49614257,32.27255,0.03731122
4462,1352.9734,1357.46,117.84938,0.50942385,41.995205,0.03731122
4463,1353.0,1357.0139,107.85465,0.5052246,38.22271,0.03731122
4464,1350.8494,1356.3975,100.48934,0.5029297,26.917862,0.03731122
4465,1352.3174,1355.9895,91.93864,0.5084473,58.706627,0.037326984
4466,1352.429,1355.6334,83.88574,0.5115235,41.21566,0.037326984
4467,1352.2593,1355.296,76.521805,0.49741212,52.028103,0.037326984
4468,1353.7812,1355.1445,69.07613,0.49921876,55.457798,0.037326984
4469,1354.3021,1355.0603,62.23239,0.50263673,65.49466,0.037326984
4470,1352.8987,1354.8441,56.429688,0.49033204,41.190998,0.037308943
4471,1353.1133,1354.671,51.05634,0.49990237,36.071537,0.037308943
4472,1352.9657,1354.5005,46.212437,0.505957,45.17781,0.037308943
4473,1353.9038,1354.4408,41.623234,0.5050293,60.271187,0.037308943
4474,1352.906,1354.2874,37.672913,0.4984375,37.556866,0.037308943
4475,1358.7468,1354.7333,35.695442,0.5070801,258.0416,0.037322152
4476,1501.6611,1369.426,1975.0276,0.5027832,6784.0044,0.037322152
4477,1353.1401,1367.7975,1801.3955,0.503711,67.9779,0.037322152
4478,1355.583,1366.576,1634.6833,0.5055664,102.61671,0.037322152
4479,1355.3057,1365.449,1482.6469,0.49047852,100.82088,0.037322152
4480,1353.6194,1364.266,1346.9767,0.49921876,38.15077,0.037320696
4481,1358.78,1363.7174,1214.9875,0.504248,265.77432,0.037320696
4482,1358.9429,1363.24,1095.5404,0.492334,285.51834,0.037320696
4483,1382.8451,1365.2004,1020.5788,0.4966797,1292.4589,0.037320696
4484,1414.7961,1370.16,1139.897,0.49399415,2730.8958,0.037320696
4485,1374.4775,1370.5918,1027.585,0.49345702,1152.6252,0.037308488
4486,1354.2867,1368.9613,948.75336,0.5031738,62.582165,0.037308488
4487,1352.7085,1367.336,877.6518,0.49843752,31.737854,0.037308488
4488,1352.7,1365.8724,809.166,0.50024414,30.20169,0.037308488
4489,1352.3818,1364.5234,744.6291,0.50878906,28.42748,0.037308488
4490,1351.8179,1363.2529,684.695,0.49931642,33.49672,0.037307218
4491,1352.117,1362.1393,627.3864,0.5046387,35.12711,0.037307218
4492,1351.9297,1361.1183,574.029,0.50625,38.91864,0.037307218
4493,1352.075,1360.214,523.98645,0.49990237,39.626133,0.037307218
4494,1351.4299,1359.3356,478.53214,0.503125,29.859848,0.037307218
4495,1351.448,1358.5469,436.27814,0.5013672,34.66993,0.03730977
4496,1352.8824,1357.9805,395.53806,0.5011719,74.367096,0.03730977
4497,1355.9856,1357.781,356.3424,0.5022461,146.02429,0.03730977
4498,1354.2999,1357.4329,321.79877,0.49448243,100.502945,0.03730977
4499,1351.2588,1356.8154,293.04962,0.49970704,32.01713,0.03730977
4500,1352.113,1356.3452,265.73477,0.50214845,44.795845,0.03731378
4501,1354.0236,1356.113,239.6464,0.5084961,79.92105,0.03731378
4502,1350.8337,1355.5851,218.19014,0.5028809,27.54348,0.03731378
4503,1358.1558,1355.8422,196.96588,0.49731445,213.48247,0.03731378
4504,1351.4487,1355.4028,179.00648,0.5055176,36.16569,0.03731378
4505,1352.8792,1355.1505,161.67905,0.50742185,47.064568,0.03732763
4506,1352.4109,1354.8766,146.18663,0.5012207,35.4204,0.03732763
4507,1354.5259,1354.8416,131.57903,0.50517577,54.524246,0.03732763
4508,1359.4517,1355.3026,120.33389,0.5041992,311.39548,0.03732763
4509,1354.3254,1355.2048,108.386444,0.50043947,96.27822,0.03732763
4510,1385.9766,1358.282,182.76874,0.49814454,1478.3063,0.037324164
4511,1461.9927,1368.6531,1132.5237,0.4958496,4895.298,0.037324164
4512,1351.0337,1366.8911,1047.2112,0.49550784,44.677227,0.037324164
4513,1352.7444,1365.4764,960.5017,0.50024414,33.60271,0.037324164
4514,1354.0791,1364.3367,876.14246,0.5049317,55.640907,0.037324164
4515,1353.6719,1363.2701,798.7646,0.50805664,45.74499,0.037339207
4516,1352.9873,1362.2418,728.4044,0.50043947,36.379696,0.037339207
4517,1353.2505,1361.3427,662.8399,0.49589846,45.506233,0.037339207
4518,1354.7745,1360.6858,600.43854,0.49672854,77.90042,0.037339207
4519,1395.0275,1364.12,646.5362,0.49658203,1586.1914,0.037339207
4520,1350.981,1362.8062,597.4196,0.49125975,122.687805,0.037322894
4521,1352.9832,1361.8239,546.3618,0.50346684,32.146286,0.037322894
4522,1352.8492,1360.9264,498.97458,0.5039551,27.762482,0.037322894
4523,1352.1025,1360.044,456.08453,0.49448243,32.08949,0.037322894
4524,1353.612,1359.4008,414.19928,0.50327146,61.939434,0.037322894
4525,1354.6005,1358.9208,374.8532,0.49516603,106.03203,0.03731387
4526,1353.6223,1358.3909,339.89453,0.4934082,73.88502,0.03731387
4527,1353.5093,1357.9027,308.04977,0.5005859,69.47939,0.03731387
4528,1352.1135,1357.3237,280.2611,0.500586,32.133213,0.03731387
4529,1352.2546,1356.8168,254.5476,0.49936527,45.91193,0.03731387
4530,1351.854,1356.3206,231.30946,0.5042969,43.454178,0.037321888
4531,1354.1047,1356.099,208.62039,0.504248,126.32765,0.037321888
4532,1352.4445,1355.7335,188.96036,0.50166017,56.122677,0.037321888
4533,1385.0416,1358.6643,247.37119,0.49819338,1592.129,0.037321888
4534,1392.227,1362.0206,324.01526,0.5008301,1882.9911,0.037321888
4535,1369.7787,1362.7964,297.03058,0.49936524,877.59576,0.037320703
4536,1354.3904,1361.9558,273.687,0.50253904,86.36174,0.037320703
4537,1353.759,1361.1361,252.36516,0.5019043,54.071583,0.037320703
4538,1355.2385,1360.5464,230.25897,0.51123047,98.538895,0.037320703
4539,1352.8369,1359.7754,212.5823,0.49868166,42.42377,0.037320703
4540,1352.1206,1359.0099,196.59769,0.50634766,32.331276,0.037332546
4541,1351.7252,1358.2814,181.71388,0.5004883,29.837372,0.037332546
4542,1350.8807,1357.5413,168.47174,0.5042969,38.604782,0.037332546
4543,1358.856,1357.6727,151.78012,0.50439453,353.07565,0.037332546
4544,1352.1449,1357.12,139.35223,0.49628907,28.385487,0.037332546
4545,1352.5084,1356.6588,127.331,0.50102544,39.478638,0.037334464
4546,1352.3044,1356.2234,116.304344,0.5010742,44.348644,0.037334464
4547,1352.8997,1355.891,105.66816,0.4996582,50.114983,0.037334464
4548,1359.4167,1356.2435,96.22012,0.50205076,319.2753,0.037334464
4549,1353.4515,1355.9644,87.29968,0.5043457,47.90324,0.037334464
4550,1353.1782,1355.6858,79.26834,0.502002,38.29752,0.0373382
4551,1354.5996,1355.5771,71.447685,0.5089356,66.584,0.0373382
4552,1356.1909,1355.6385,64.33682,0.49902344,111.74528,0.0373382
4553,1354.6965,1355.5443,57.983,0.49936524,112.69074,0.0373382
4554,1351.565,1355.1464,53.609886,0.5039551,32.918285,0.0373382
4555,1351.8967,1354.8214,49.199306,0.50332034,57.634422,0.037344396
4556,1351.522,1354.4915,45.259144,0.5042481,58.959576,0.037344396
4557,1353.6161,1354.4039,40.802193,0.51005864,124.66694,0.037344396
4558,1355.8564,1354.5492,36.911854,0.50756836,214.66666,0.037344396
4559,1352.7722,1354.3715,33.504856,0.4988281,65.721275,0.037344396
4560,1353.2749,1354.2618,30.262589,0.50771487,49.433308,0.037358806
4561,1352.1362,1354.0493,27.64297,0.51049805,46.802273,0.037358806
4562,1353.1704,1353.9614,24.948195,0.50581056,47.122055,0.037358806
4563,1353.2561,1353.8909,22.498148,0.49995118,38.205303,0.037358806
4564,1351.8369,1353.6854,20.62802,0.5019043,31.098045,0.037358806
4565,1352.3267,1353.5496,18.731379,0.5081055,28.812994,0.03737395
4566,1351.9657,1353.3911,17.084017,0.49589843,32.367924,0.03737395
4567,1353.1294,1353.365,15.381779,0.5023438,50.444595,0.03737395
4568,1353.493,1353.3778,13.845076,0.5037598,69.01839,0.03737395
4569,1361.3842,1354.1785,18.229712,0.5032227,431.46774,0.03737395
4570,1352.7645,1354.0371,16.58667,0.5000977,40.506916,0.037374128
4571,1352.0256,1353.8359,15.292146,0.5070801,37.94297,0.037374128
4572,1350.6674,1353.519,14.666521,0.50761724,26.71647,0.037374128
4573,1351.1423,1353.2814,13.708256,0.5148926,27.974798,0.037374128
4574,1352.8684,1353.2401,12.352778,0.50458986,40.345146,0.037374128
4575,1352.6672,1353.1829,11.1470375,0.5035645,40.90558,0.037380792
4576,1351.6621,1353.0308,10.240476,0.4958496,35.777084,0.037380792
4577,1352.2378,1352.9514,9.27302,0.5037598,62.314648,0.037380792
4578,1351.8696,1352.8433,8.451041,0.502002,38.626884,0.037380792
4579,1350.668,1352.6257,8.031808,0.5,28.070091,0.037380792
4580,1350.7197,1352.4352,7.5555844,0.50214845,33.06435,0.037384816
4581,1351.7222,1352.3639,6.845781,0.50439453,47.026802,0.037384816
4582,1354.9518,1352.6227,6.7639484,0.49521488,157.79747,0.037384816
4583,1355.0183,1352.8623,6.604067,0.50214845,136.36555,0.037384816
4584,1352.4414,1352.8202,5.959604,0.5048828,44.745007,0.037384816
4585,1351.585,1352.6967,5.5009646,0.50439453,34.09217,0.037393034
4586,1350.9905,1352.526,5.2128615,0.5085449,30.371265,0.037393034
4587,1351.1237,1352.3857,4.8685665,0.5097656,34.243668,0.037393034
4588,1351.5962,1352.3068,4.4378147,0.5041504,40.912724,0.037393034
4589,1353.5132,1352.4274,4.125024,0.50825197,78.25901,0.037393034
4590,1358.3833,1353.023,6.9051037,0.50991213,215.17935,0.037411574
4591,1357.8748,1353.5082,8.333196,0.5027832,231.99092,0.037411574
4592,1383.5413,1356.5115,88.67861,0.5030273,1365.3906,0.037411574
4593,1357.0956,1356.5698,79.84145,0.4868164,130.36656,0.037411574
4594,1362.8699,1357.1998,75.42947,0.4980957,330.9234,0.037411574
4595,1356.6243,1357.1423,67.91633,0.4963867,156.64365,0.037404813
4596,1358.502,1357.2783,61.29107,0.50625,274.91876,0.037404813
4597,1352.6787,1356.8184,57.066036,0.5036621,37.150024,0.037404813
4598,1352.8379,1356.4203,52.7854,0.49658203,33.286545,0.037404813
4599,1353.6857,1356.1469,48.179893,0.5011231,59.479206,0.037404813
4600,1353.9897,1355.9312,43.78068,0.50791013,54.46818,0.037419613
4601,1352.7515,1355.6132,40.31255,0.49804688,32.313126,0.037419613
4602,1351.9556,1355.2474,37.485313,0.49487305,31.64564,0.037419613
4603,1351.4326,1354.866,35.046535,0.51035154,30.021454,0.037419613
4604,1351.2856,1354.5079,32.695564,0.5098633,35.088554,0.037419613
4605,1351.2136,1354.1785,30.402729,0.50571287,30.974232,0.037430298
4606,1351.7511,1353.9358,27.892746,0.5005859,36.93424,0.037430298
4607,1351.3289,1353.675,25.71512,0.5052246,28.166815,0.037430298
4608,1352.6903,1353.5765,23.230883,0.5003418,67.1689,0.037430298
4609,1352.3008,1353.449,21.054274,0.49658203,42.49809,0.037430298
4610,1352.0417,1353.3082,19.127071,0.501709,37.06506,0.037433494
4611,1353.7316,1353.3506,17.230494,0.49501956,67.77553,0.037433494
4612,1353.2417,1353.3397,15.508512,0.4940918,59.155502,0.037433494
4613,1352.2859,1353.2344,14.0576105,0.4983887,34.768517,0.037433494
4614,1352.0303,1353.114,12.782336,0.5025879,36.034225,0.037433494
4615,1351.6674,1352.9694,11.692455,0.50341797,32.640606,0.037439894
4616,1351.669,1352.8394,10.675407,0.5023926,38.626663,0.037439894
4617,1352.2008,1352.7755,9.644564,0.50024414,45.232407,0.037439894
4618,1351.5071,1352.6487,8.82491,0.5030273,32.2081,0.037439894
4619,1351.0249,1352.4863,8.179718,0.50268555,27.240833,0.037439894
4620,1351.0137,1352.3391,7.55693,0.5060547,30.548069,0.037451234
4621,1350.3127,1352.1365,7.1707916,0.50009763,26.117165,0.037451234
4622,1350.0469,1351.9275,6.8466907,0.503711,30.45951,0.037451234
4623,1350.6968,1351.8044,6.2983403,0.5078614,26.886667,0.037451234
4624,1350.1019,1351.6342,5.929376,0.49741212,26.065495,0.037451234
4625,1351.5781,1351.6285,5.336721,0.50512695,33.396057,0.037460834
4626,1354.6686,1351.9325,5.6348143,0.5030762,137.22531,0.037460834
4627,1351.6415,1351.9034,5.0789547,0.5043457,43.005592,0.037460834
4628,1353.6838,1352.0815,4.856342,0.50346684,112.88401,0.037460834
4629,1352.0829,1352.0817,4.3707075,0.50146484,83.95924,0.037460834
4630,1363.726,1353.2461,16.136684,0.50507814,581.89636,0.037470344
4631,1352.7634,1353.1979,14.5439825,0.5008301,112.13811,0.037470344
4632,1351.0182,1352.9799,13.517177,0.50043947,29.041304,0.037470344
4633,1350.5432,1352.7362,12.69981,0.5047852,28.475824,0.037470344
4634,1351.6595,1352.6285,11.534157,0.5036621,31.912573,0.037470344
4635,1350.1981,1352.3855,10.912366,0.4947754,31.479637,0.037460558
4636,1350.9434,1352.2413,10.008307,0.5090332,26.791105,0.037460558
4637,1351.0219,1352.1194,9.141319,0.5030273,27.873402,0.037460558
4638,1351.676,1352.0751,8.244879,0.49956053,31.394701,0.037460558
4639,1353.3276,1352.2003,7.5615935,0.49721682,59.975803,0.037460558
4640,1352.7418,1352.2545,6.8318243,0.4993164,48.496742,0.037459277
4641,1351.7134,1352.2004,6.1749964,0.49838868,73.2319,0.037459277
4642,1351.2712,1352.1075,5.6352034,0.5074707,28.820885,0.037459277
4643,1351.0168,1351.9985,5.178749,0.4934082,26.327225,0.037459277
4644,1351.2267,1351.9214,4.714492,0.5067383,34.52853,0.037459277
4645,1350.5988,1351.7891,4.4004846,0.5006836,27.186451,0.037460558
4646,1352.2205,1351.8322,3.9771855,0.50405276,42.206963,0.037460558
4647,1351.5792,1351.8069,3.5852244,0.4970703,28.997091,0.037460558
4648,1351.729,1351.7991,3.2272477,0.5081543,30.41345,0.037460558
4649,1352.7491,1351.894,2.9857602,0.50043947,91.18049,0.037460558
4650,1351.755,1351.8801,2.6889238,0.50449216,34.142742,0.03746897
4651,1352.7769,1351.9698,2.4924023,0.50209963,89.937416,0.03746897
4652,1352.5349,1352.0264,2.2718987,0.5071777,59.37353,0.03746897
4653,1350.7876,1351.9025,2.1828184,0.5030762,25.972807,0.03746897
4654,1350.6855,1351.7808,2.0978167,0.5027832,30.642477,0.03746897
4655,1350.2954,1351.6322,2.086599,0.5090332,34.77442,0.037485894
4656,1350.564,1351.5254,1.9806409,0.502002,29.598396,0.037485894
4657,1351.1565,1351.4885,1.7948244,0.49663085,35.42097,0.037485894
4658,1352.3179,1351.5714,1.6772451,0.50341797,68.13178,0.037485894
4659,1351.363,1351.5505,1.5134283,0.5047852,29.257853,0.037485894
4660,1350.9188,1351.4873,1.3980011,0.5084473,27.482363,0.037501734
4661,1350.5587,1351.3944,1.3358059,0.50336915,26.19384,0.037501734
4662,1349.8131,1351.2363,1.4272708,0.50161135,24.4472,0.037501734
4663,1350.9263,1351.2053,1.293196,0.50629884,26.892054,0.037501734
4664,1351.3055,1351.2153,1.1647804,0.49858397,27.246958,0.037501734
4665,1350.833,1351.1771,1.0614578,0.50390625,31.08332,0.037509058
4666,1352.4365,1351.3031,1.0980598,0.50332034,66.513145,0.037509058
4667,1369.6453,1353.1373,31.267399,0.49858397,886.8063,0.037509058
4668,1350.3,1352.8536,28.865171,0.49345702,45.9012,0.037509058
4669,1350.4786,1352.6161,26.48631,0.49970704,47.68684,0.037509058
4670,1351.6196,1352.5165,23.92704,0.5071777,59.657005,0.037522517
4671,1351.9944,1352.4642,21.558868,0.49965823,61.682354,0.037522517
4672,1377.0061,1354.9185,73.61029,0.5022949,1178.289,0.037522517
4673,1367.033,1356.1299,79.45776,0.49721682,776.8428,0.037522517
4674,1351.6887,1355.6858,73.28713,0.50576174,135.94495,0.037522517
4675,1350.339,1355.1511,68.53136,0.50151366,37.3715,0.037525356
4676,1351.1875,1354.7548,63.092148,0.5073731,40.331245,0.037525356
4677,1351.1565,1354.3949,57.94821,0.5006836,29.95483,0.037525356
4678,1351.6464,1354.12,52.83329,0.50043947,33.59769,0.037525356
4679,1351.0245,1353.8104,48.412327,0.50175786,32.422607,0.037525356
4680,1351.2695,1353.5564,44.152145,0.49692383,34.63667,0.037519585
4681,1354.1393,1353.6147,39.767506,0.5006836,177.22392,0.037519585
4682,1350.4597,1353.2992,36.686634,0.5013672,37.512184,0.037519585
4683,1350.2916,1352.9984,33.83206,0.5006348,31.782278,0.037519585
4684,1350.4924,1352.7478,31.01405,0.50205076,29.13342,0.037519585
4685,1350.3599,1352.509,28.425846,0.5034668,31.192907,0.03752609
4686,1351.8146,1352.4396,25.626665,0.5032227,48.158676,0.03752609
4687,1351.522,1352.3478,23.139778,0.50512695,32.40928,0.03752609
4688,1350.1432,1352.1273,21.263218,0.50219727,24.373104,0.03752609
4689,1351.843,1352.0989,19.14417,0.50454104,41.994167,0.03752609
4690,1349.8561,1351.8746,17.682465,0.49155274,32.58112,0.03751024
4691,1352.2078,1351.908,15.924205,0.50561523,55.282417,0.03751024
4692,1350.4641,1351.7635,14.519407,0.5010254,39.404263,0.03751024
4693,1358.3064,1352.4178,16.920261,0.5058594,362.35208,0.03751024
4694,1351.1655,1352.2926,15.369382,0.5042969,39.024185,0.03751024
4695,1350.9958,1352.163,13.983785,0.5097656,26.956848,0.03752856
4696,1350.8713,1352.0338,12.735553,0.49975586,25.580116,0.03752856
4697,1350.906,1351.921,11.576473,0.5019043,25.345888,0.03752856
4698,1351.8081,1351.9097,10.419973,0.5081543,36.136322,0.03752856
4699,1351.5913,1351.8778,9.387098,0.50297856,37.50201,0.03752856
4700,1352.7852,1351.9685,8.522483,0.5066894,92.9075,0.037541114
4701,1355.0132,1352.273,8.50454,0.5022949,170.94905,0.037541114
4702,1350.9277,1352.1384,7.816951,0.49658203,34.06562,0.037541114
4703,1350.8833,1352.013,7.177037,0.5012207,28.727,0.037541114
4704,1351.4788,1351.9595,6.4850144,0.5019531,55.300205,0.037541114
4705,1351.5387,1351.9174,5.8524475,0.5043457,46.916096,0.03754927
4706,1351.4244,1351.868,5.28907,0.4964844,29.680878,0.03754927
4707,1353.1018,1351.9915,4.8971586,0.50541997,86.106064,0.03754927
4708,1350.8286,1351.8751,4.5291405,0.5039551,24.73995,0.03754927
4709,1350.3367,1351.7213,4.2892413,0.4987793,27.082365,0.03754927
4710,1350.0205,1351.5513,4.1206636,0.49863285,25.257973,0.0375467
4711,1350.6672,1351.4629,3.7789338,0.503711,55.682766,0.0375467
4712,1350.8584,1351.4025,3.4339273,0.50742185,28.575844,0.0375467
4713,1350.547,1351.3169,3.1563988,0.50205076,35.891544,0.0375467
4714,1350.9763,1351.2828,2.8511982,0.5064453,39.996212,0.0375467
4715,1375.7982,1353.7344,56.65643,0.5019531,1187.8823,0.03755037
4716,1515.6443,1369.9254,2410.3247,0.49370116,7535.9224,0.03755037
4717,1347.9451,1367.7274,2212.7744,0.4909668,45.23906,0.03755037
4718,1362.6415,1367.2189,1993.825,0.50683594,534.92413,0.03755037
4719,1350.3345,1365.5304,1820.0999,0.49975586,30.73069,0.03755037
4720,1351.1602,1364.0934,1656.6752,0.5036621,29.708975,0.037557248
4721,1349.1865,1362.6027,1511.007,0.50498044,25.115263,0.037557248
4722,1349.91,1361.3334,1374.4054,0.5025879,26.638731,0.037557248
4723,1353.6855,1360.5686,1242.2288,0.50175786,133.42982,0.037557248
4724,1446.8578,1369.1975,1788.1299,0.49213868,3727.1116,0.037557248
4725,1375.8406,1369.8618,1613.2886,0.48535156,899.266,0.037529748
4726,1355.9318,1368.4688,1469.4238,0.49560547,173.80899,0.037529748
4727,1351.7181,1366.7937,1347.7339,0.50131834,49.560844,0.037529748
4728,1351.7678,1365.2911,1233.2804,0.495459,25.222744,0.037529748
4729,1350.7678,1363.8389,1128.9357,0.500293,23.465862,0.037529748
4730,1350.0526,1362.4602,1033.1476,0.49331057,26.172514,0.037517197
4731,1351.0587,1361.3201,941.5322,0.506543,29.923323,0.037517197
4732,1350.7877,1360.2668,857.3627,0.48999023,41.820675,0.037517197
4733,1349.7029,1359.2104,781.67017,0.49536133,25.362581,0.037517197
4734,1349.7598,1358.2654,711.5415,0.50341797,27.186861,0.037517197
4735,1350.5571,1357.4945,645.73486,0.5056641,37.51664,0.037527822
4736,1349.4822,1356.6932,586.93915,0.49990237,28.712036,0.037527822
4737,1353.8215,1356.406,528.9874,0.50131834,239.80592,0.037527822
4738,1350.2654,1355.792,479.48236,0.50629884,57.378387,0.037527822
4739,2179.5933,1438.1721,61509.902,0.5084961,37600.355,0.037527822
4740,1393.4175,1433.6967,55539.18,0.49052733,2136.009,0.03751005
4741,1351.2754,1425.4546,50596.656,0.51157224,105.417694,0.03751005
4742,1350.75,1417.9841,46039.258,0.50297856,41.457935,0.03751005
4743,1355.5577,1411.7415,41786.066,0.50385743,184.07146,0.03751005
4744,1379.0217,1408.4695,37703.812,0.5085938,1286.4163,0.03751005
4745,1354.9912,1403.1217,34190.824,0.50253904,314.7962,0.03751481
4746,1371.1112,1399.9207,30863.963,0.5029785,880.80096,0.03751481
4747,1352.284,1395.157,27981.797,0.49829102,55.169834,0.03751481
4748,1352.8079,1390.9221,25345.027,0.49838868,54.92937,0.03751481
4749,1350.2856,1386.8585,22959.143,0.49936524,30.989904,0.03751481
4750,1350.8331,1383.256,20780.033,0.51079106,28.681572,0.037535056
4751,1350.9612,1380.0265,18795.895,0.5015137,41.514713,0.037535056
4752,1350.1681,1377.0406,16996.541,0.5023926,28.428171,0.037535056
4753,1351.092,1374.4458,15357.487,0.50541997,32.013897,0.037535056
4754,1351.2307,1372.1243,13870.242,0.5089844,65.70983,0.037535056
4755,1352.2192,1370.1338,12518.877,0.51538086,97.73982,0.037563935
4756,1354.4622,1368.5667,11289.093,0.5025879,205.3053,0.037563935
4757,1352.862,1366.9962,10182.38,0.5072266,101.661446,0.037563935
4758,1373.7643,1367.673,9168.265,0.49814454,1046.7703,0.037563935
4759,1352.3943,1366.1451,8272.447,0.50693357,67.08931,0.037563935
4760,1352.1313,1364.7438,7462.877,0.5007324,44.975746,0.037565313
4761,1350.2346,1363.2928,6735.5356,0.49365234,31.372692,0.037565313
4762,1350.5383,1362.0173,6076.6226,0.50771487,29.333458,0.037565313
4763,1349.8518,1360.8008,5482.28,0.5040039,25.63116,0.037565313
4764,1349.8152,1359.7023,4944.913,0.50634766,27.443245,0.037565313
4765,1351.6973,1358.9017,4456.189,0.4994141,59.460472,0.037564214
4766,1351.5413,1358.1656,4015.4458,0.507666,49.004604,0.037564214
4767,1351.6992,1357.519,3617.6643,0.5025879,70.836525,0.037564214
4768,1351.446,1356.9117,3259.2173,0.5037109,38.065475,0.037564214
4769,1352.0354,1356.4241,2935.4355,0.50083005,80.53996,0.037564214
4770,1351.6218,1355.9438,2643.9675,0.50009763,33.669243,0.03756439
4771,1351.1982,1355.4692,2381.5977,0.5000977,54.973183,0.03756439
4772,1352.5593,1355.1782,2144.2,0.4988281,86.66423,0.03756439
4773,1352.1519,1354.8756,1930.6041,0.49345705,78.46947,0.03756439
4774,1351.5175,1354.5398,1738.5586,0.50468755,46.63188,0.03756439
4775,1349.0638,1353.9922,1567.4015,0.49433595,81.88935,0.037553754
4776,1355.1577,1354.1088,1410.7836,0.50390625,101.902885,0.037553754
4777,1351.9185,1353.8898,1270.137,0.4916504,40.02132,0.037553754
4778,1355.7914,1354.08,1143.4486,0.49306643,180.87682,0.037553754
4779,1352.5305,1353.925,1029.3198,0.48740235,38.32789,0.037553754
4780,1351.5992,1353.6925,926.87463,0.49653322,55.825615,0.037547246
4781,1351.835,1353.5067,834.4977,0.49628907,36.26436,0.037547246
4782,1352.5527,1353.4114,751.1298,0.49384767,41.107964,0.037547246
4783,1371.1663,1355.1869,704.388,0.49350587,740.8988,0.037547246
4784,1975.7278,1417.241,35290.336,0.49370116,28090.697,0.037547246
4785,1803.6753,1455.8844,45201.133,0.49169922,20649.184,0.037531663
4786,1517.3325,1462.0292,41020.848,0.4897949,7263.4707,0.037531663
4787,1350.7178,1450.8981,38033.883,0.4873047,79.72308,0.037531663
4788,1352.8931,1441.0975,35094.945,0.4953125,33.91997,0.037531663
4789,1352.4805,1432.2358,32292.217,0.50771487,31.539104,0.037531663
4790,1352.3873,1424.251,29636.816,0.5,44.03998,0.037531663
4791,1351.1414,1416.9401,27154.186,0.49370116,36.32543,0.037531663
4792,1351.1133,1410.3574,24828.752,0.4991211,28.07368,0.037531663
4793,1351.8737,1404.509,22653.707,0.50092775,31.920807,0.037531663
4794,1350.4956,1399.1077,20650.906,0.5040039,23.3233,0.037531663
4795,1350.5847,1394.2554,18797.717,0.5011719,23.298864,0.037533864
4796,1350.0618,1389.836,17093.72,0.5005859,44.617905,0.037533864
4797,1350.4719,1385.8997,15523.806,0.5097168,23.755486,0.037533864
4798,1351.1235,1382.422,14080.269,0.50219727,32.492046,0.037533864
4799,1350.4379,1379.2236,12764.311,0.4980957,26.942032,0.037533864
4800,1349.4893,1376.2502,11567.451,0.50161135,23.205372,0.03753689
4801,1350.081,1373.6333,10472.34,0.5059082,28.472864,0.03753689
4802,1350.1365,1371.2836,9474.795,0.5012207,42.912487,0.03753689
4803,1349.15,1369.0702,8571.405,0.504834,29.434862,0.03753689
4804,1350.8651,1367.2496,7744.093,0.5148926,57.27742,0.03753689
4805,1349.0173,1365.4264,6999.601,0.50825197,27.492506,0.037552383
4806,1349.8486,1363.8687,6321.481,0.50996095,44.19841,0.037552383
4807,1349.3359,1362.4154,5708.341,0.50634766,27.458918,0.037552383
4808,1349.458,1361.1196,5152.617,0.50639653,46.477005,0.037552383
4809,1349.179,1359.9255,4650.1875,0.5085449,23.570694,0.037552383
4810,1349.3689,1358.8699,4195.198,0.50507814,23.84823,0.03756192
4811,1349.0048,1357.8833,3784.437,0.50458986,24.125734,0.03756192
4812,1348.7521,1356.9702,3413.4973,0.50805664,24.640446,0.03756192
4813,1349.5076,1356.224,3077.1597,0.5055176,29.36576,0.03756192
4814,1349.3983,1355.5414,2773.6367,0.50458986,30.469467,0.03756192
4815,1349.5592,1354.9431,2499.4937,0.5054687,34.588352,0.037572194
4816,1359.9058,1355.4393,2251.7607,0.50629884,490.8106,0.037572194
4817,1350.0176,1354.8972,2029.2301,0.50092775,36.16831,0.037572194
4818,1351.9227,1354.5997,1827.1034,0.49873048,63.243813,0.037572194
4819,1354.2141,1354.5612,1644.4064,0.49819338,181.46158,0.037572194
4820,1350.2812,1354.1332,1481.6143,0.496875,30.191942,0.037566327
4821,1349.79,1353.6989,1335.1504,0.49721682,58.443207,0.037566327
4822,1349.3597,1353.2649,1203.3298,0.503711,25.745972,0.037566327
4823,1349.6034,1352.8987,1084.2035,0.50385743,29.04686,0.037566327
4824,1350.3506,1352.6439,976.3675,0.51044923,27.342741,0.037566327
4825,1349.6411,1352.3436,879.54224,0.4934082,36.699966,0.03755395
4826,1350.3734,1352.1466,791.9374,0.50878906,32.930927,0.03755395
4827,1350.0461,1351.9365,713.14075,0.4940918,29.454779,0.03755395
4828,1350.79,1351.8219,641.945,0.51430666,36.148365,0.03755395
4829,1350.1924,1351.6589,577.98944,0.50327146,39.67977,0.03755395
4830,1351.8762,1351.6807,520.1947,0.5023438,132.30882,0.037558354
4831,1350.6482,1351.5774,468.27118,0.49765626,62.21741,0.037558354
4832,1356.8281,1352.1024,423.92535,0.4987793,349.6434,0.037558354
4833,1349.894,1351.8816,381.97174,0.5041016,35.617207,0.037558354
4834,1348.011,1351.4945,345.12292,0.5022461,25.423822,0.037558354
4835,1349.54,1351.2991,310.9544,0.50942385,30.290016,0.037576057
4836,1351.2715,1351.2963,279.859,0.5035156,62.331074,0.037576057
4837,1350.8408,1351.2507,251.89178,0.50214845,38.634827,0.037576057
4838,1350.2325,1351.1489,226.7959,0.51079106,31.361412,0.037576057
4839,1351.243,1351.1583,204.1171,0.5067383,40.839844,0.037576057
4840,1351.087,1351.1512,183.70584,0.49873048,45.50909,0.03757367
4841,1352.6989,1351.306,165.55081,0.5091309,86.9325,0.03757367
4842,1353.0991,1351.4854,149.2851,0.5022461,76.40481,0.03757367
4843,1357.8308,1352.1199,137.98042,0.49951172,308.43982,0.03757367
4844,1503.9814,1367.306,2199.7566,0.48666993,7007.5913,0.03757367
4845,1349.0559,1365.481,2009.7568,0.4994629,29.155315,0.03757266
4846,1350.614,1363.9943,1828.6733,0.5096191,28.289204,0.03757266
4847,1349.7563,1362.5704,1664.0507,0.50761724,29.528324,0.03757266
4848,1350.0461,1361.318,1511.7628,0.5067383,26.851414,0.03757266
4849,1349.5076,1360.137,1373.1403,0.5036133,24.437727,0.03757266
4850,1349.6566,1359.0889,1245.7115,0.50322264,27.366152,0.037578717
4851,1350.3285,1358.2129,1128.0474,0.50175786,41.11835,0.037578717
4852,1350.5344,1357.4451,1020.5489,0.5023438,39.943554,0.037578717
4853,1350.5992,1356.7605,922.7119,0.49887696,47.5724,0.037578717
4854,1353.1984,1356.4043,831.5827,0.50683594,72.753395,0.037578717
4855,1353.3926,1356.1031,749.2407,0.49072266,55.748703,0.037561283
4856,1352.6348,1355.7563,675.3993,0.501416,55.788937,0.037561283
4857,1356.8984,1355.8706,607.97675,0.50336915,216.07088,0.037561283
4858,1358.0125,1356.0848,547.5919,0.49169922,223.89253,0.037561283
4859,1352.5579,1355.7322,493.95227,0.49750978,61.920887,0.037561283
4860,1352.9916,1355.4581,445.23303,0.5018555,100.0565,0.037564766
4861,1357.9668,1355.709,401.27612,0.49897462,361.3861,0.037564766
4862,1350.5105,1355.1891,363.5807,0.50332034,28.63391,0.037564766
4863,1352.7379,1354.944,327.76337,0.49677736,90.550606,0.037564766
4864,1351.0546,1354.555,296.3485,0.50166017,28.760817,0.037564766
4865,1351.5283,1354.2524,267.53815,0.5003418,55.504253,0.037565414
4866,1350.3574,1353.8629,242.14973,0.50629884,24.961132,0.037565414
4867,1350.5526,1353.5319,218.92099,0.4963379,30.25816,0.037565414
4868,1350.3108,1353.2097,197.96266,0.5041992,25.659575,0.037565414
4869,1349.5566,1352.8444,179.36745,0.50146484,28.421743,0.037565414
4870,1349.2433,1352.4843,162.5978,0.5092285,23.41197,0.037582748
4871,1348.8286,1352.1187,147.54074,0.49916992,26.94958,0.037582748
4872,1349.2609,1351.8329,133.52168,0.49741212,22.5884,0.037582748
4873,1350.1427,1351.6638,120.42662,0.49731445,22.583761,0.037582748
4874,1349.2148,1351.419,108.92373,0.5030273,24.294859,0.037582748
4875,1349.8967,1351.2667,98.23989,0.5041016,25.043953,0.037590455
4876,1349.7755,1351.1176,88.616035,0.5073242,23.287241,0.037590455
4877,1350.2395,1351.0298,79.823814,0.5102539,24.605827,0.037590455
4878,1349.4373,1350.8705,72.06969,0.5050293,31.25129,0.037590455
4879,1349.712,1350.7546,64.9835,0.5028809,37.39974,0.037590455
4880,1349.9712,1350.6763,58.540386,0.5103028,36.194,0.037609827
4881,1350.209,1350.6295,52.705997,0.5032715,37.34848,0.037609827
4882,1353.4976,1350.9163,48.175705,0.5049316,187.73393,0.037609827
4883,1350.8577,1350.9104,43.35844,0.5056641,59.688618,0.037609827
4884,1348.7754,1350.6969,39.43284,0.5066894,24.374601,0.037609827
4885,1348.9895,1350.5261,35.751923,0.5084473,37.208416,0.03762572
4886,1363.645,1351.838,47.666218,0.50742185,635.5353,0.03762572
4887,1352.2549,1351.8796,42.915237,0.5022949,89.01071,0.03762572
4888,1359.0089,1352.5925,43.1981,0.50263673,335.44717,0.03762572
4889,1356.4391,1352.9772,40.20993,0.50864255,205.0903,0.03762572
4890,1376.7961,1355.3591,87.24983,0.5024414,1197.2148,0.037630312
4891,1352.1947,1355.0427,79.42607,0.49960938,84.02544,0.037630312
4892,1350.061,1354.5446,73.71701,0.50341797,39.85796,0.037630312
4893,1348.9767,1353.9878,69.135414,0.50224614,28.377792,0.037630312
4894,1349.6486,1353.5538,63.916477,0.5024903,38.346462,0.037630312
4895,1349.8453,1353.183,58.762592,0.50151366,30.104467,0.037633155
4896,1350.437,1352.9084,53.564964,0.503711,43.795315,0.037633155
4897,1349.353,1352.5529,49.34616,0.4982422,28.997417,0.037633155
4898,1348.8787,1352.1854,45.62652,0.50698245,24.155779,0.037633155
4899,1349.0945,1351.8763,41.923717,0.4916504,28.495676,0.037633155
4900,1349.2158,1351.6104,38.368397,0.5060059,27.616241,0.037644465
4901,1349.1813,1351.3674,35.062595,0.50541997,25.337934,0.037644465
4902,1349.3931,1351.17,31.907166,0.50590825,23.536335,0.037644465
4903,1348.5293,1350.906,29.344067,0.49301758,24.025446,0.037644465
4904,1349.6396,1350.7794,26.55399,0.5029297,34.20078,0.037644465
4905,1352.6537,1350.9668,24.214748,0.50581056,72.35777,0.037655406
4906,1351.5096,1351.0211,21.819794,0.50039065,70.83176,0.037655406
4907,1350.5337,1350.9724,19.659197,0.49833986,42.690376,0.037655406
4908,1348.7706,1350.7522,18.129583,0.49433595,27.364492,0.037655406
4909,1349.3611,1350.613,16.490791,0.51113284,27.82475,0.037655406
4910,1349.1819,1350.47,15.026051,0.5060547,26.254112,0.03766681
4911,1350.5977,1350.4828,13.524913,0.50561523,46.12749,0.03766681
4912,1349.2366,1350.3582,12.312196,0.49956053,25.28795,0.03766681
4913,1349.8372,1350.306,11.105405,0.50595707,30.950424,0.03766681
4914,1350.3955,1350.315,9.995585,0.4983887,39.175022,0.03766681
4915,1350.8489,1350.3683,9.021685,0.5055664,29.724434,0.03767729
4916,1352.2202,1350.5535,8.428184,0.5012696,84.37618,0.03767729
4917,1400.5834,1355.5564,232.85461,0.49902344,2272.239,0.03767729
4918,1351.1047,1355.1112,211.3527,0.4935547,88.97975,0.03767729
4919,1352.2571,1354.8258,190.95058,0.49907228,121.04348,0.03767729
4920,1350.6442,1354.4076,173.42926,0.5048828,86.94951,0.03768649
4921,1359.7568,1354.9425,158.66162,0.507959,439.0939,0.03768649
4922,1354.5173,1354.9,142.81172,0.49814454,189.06223,0.03768649
4923,1350.5588,1354.466,130.22667,0.49790043,39.397877,0.03768649
4924,1351.1174,1354.1311,118.21312,0.49956056,29.814682,0.03768649
4925,1351.0435,1353.8224,107.249825,0.48959962,28.690578,0.0376669
4926,1350.6235,1353.5024,97.44578,0.50078124,30.930403,0.0376669
4927,1350.6089,1353.2131,88.454735,0.4961914,37.283974,0.0376669
4928,1350.1089,1352.9027,80.47653,0.49624023,32.504593,0.0376669
4929,1351.5392,1352.7664,72.59621,0.49936524,38.431217,0.0376669
4930,1351.103,1352.6,65.58558,0.49594727,30.831757,0.03765927
4931,1350.7338,1352.4133,59.340466,0.4970215,42.423054,0.03765927
4932,1354.2461,1352.5966,53.70873,0.49980468,194.90988,0.03765927
4933,1351.4292,1352.4799,48.4605,0.5012695,39.11829,0.03765927
4934,1351.7449,1352.4064,43.663067,0.4947754,82.878654,0.03765927
4935,1350.7407,1352.2397,39.546455,0.49628907,37.281876,0.03765228
4936,1352.8864,1352.3044,35.629436,0.503711,140.81236,0.03765228
4937,1350.8516,1352.1592,32.25647,0.5011719,42.792675,0.03765228
4938,1350.9058,1352.0338,29.172216,0.5041016,49.469467,0.03765228
4939,1350.833,1351.9137,26.384768,0.5005371,31.461248,0.03765228
4940,1350.7478,1351.7971,23.868628,0.5032715,36.46426,0.037658438
4941,1350.4152,1351.6589,21.653646,0.49833983,31.410145,0.037658438
4942,1349.631,1351.4562,19.858416,0.49814454,23.985722,0.037658438
4943,1350.1289,1351.3235,18.031122,0.49838868,23.043367,0.037658438
4944,1352.5258,1351.4437,16.358099,0.49907225,113.943855,0.037658438
4945,1349.7725,1351.2766,14.97367,0.50283206,31.39825,0.037663773
4946,1349.6644,1351.1154,13.710225,0.50219727,28.196281,0.037663773
4947,1350.8517,1351.089,12.345459,0.5012695,92.2912,0.037663773
4948,1350.1971,1350.9998,11.182498,0.50219727,75.20337,0.037663773
4949,1349.4973,1350.8495,10.267407,0.49897462,39.48963,0.037663773
4950,1351.134,1350.8779,9.247953,0.5012207,70.4697,0.037666075
4951,1348.6233,1350.6525,8.7806635,0.5048828,30.645464,0.037666075
4952,1349.3218,1350.5194,8.061963,0.50034183,25.153175,0.037666075
4953,1348.1631,1350.2838,7.7554703,0.50024414,26.490814,0.037666075
4954,1348.4045,1350.096,7.297773,0.5137207,25.287567,0.037666075
4955,1349.294,1350.0157,6.625884,0.5020508,26.336681,0.037669934
4956,1350.322,1350.0464,5.971738,0.5013672,33.281002,0.037669934
4957,1350.9008,1350.1318,5.440259,0.504248,35.724545,0.037669934
4958,1351.2839,1350.2471,5.015693,0.50053716,52.581684,0.037669934
4959,1350.077,1350.2301,4.516726,0.5018067,33.47995,0.037669934
4960,1351.4631,1350.3534,4.201886,0.50751954,39.572025,0.0376841
4961,1350.3477,1350.3528,3.7817004,0.49609375,43.425407,0.0376841
4962,1351.3176,1350.4492,3.4873135,0.50825197,54.850613,0.0376841
4963,1349.3247,1350.3368,3.2523894,0.4952637,34.009354,0.0376841
4964,1349.7745,1350.2805,2.9556022,0.5093262,34.507423,0.0376841
4965,1350.9172,1350.3442,2.696529,0.50283206,91.78815,0.03768944
4966,1350.4514,1350.355,2.4279099,0.5066406,36.981075,0.03768944
4967,1348.8611,1350.2056,2.3859742,0.5047363,31.751522,0.03768944
4968,1348.9243,1350.0774,2.295121,0.50341797,28.7915,0.03768944
4969,1350.6268,1350.1323,2.0927782,0.5042481,83.86212,0.03768944
4970,1353.5034,1350.4695,2.906285,0.51166993,184.58224,0.03771143
4971,1349.9197,1350.4146,2.6428623,0.5001953,50.147476,0.03771143
4972,1349.6656,1350.3396,2.4290528,0.51005864,41.40843,0.03771143
4973,1349.1288,1350.2185,2.3180943,0.511377,30.129076,0.03771143
4974,1350.9321,1350.2899,2.132118,0.50756836,40.004093,0.03771143
4975,1350.2448,1350.2854,1.9190898,0.4988281,55.366203,0.037709218
4976,1350.1455,1350.2714,1.728942,0.50024414,31.6344,0.037709218
4977,1350.0237,1350.2466,1.561569,0.5061035,29.08161,0.037709218
4978,1350.9438,1350.3163,1.4491682,0.50791013,33.96491,0.037709218
4979,1351.6141,1350.446,1.455849,0.5011231,48.76137,0.037709218
4980,1350.5104,1350.4525,1.3106366,0.49716797,35.643097,0.037703883
4981,1350.5237,1350.4596,1.1800288,0.4976074,31.668238,0.037703883
4982,1349.2998,1350.3436,1.1830862,0.50166017,29.562704,0.037703883
4983,1349.2822,1350.2375,1.166169,0.50161135,28.253439,0.037703883
4984,1349.4753,1350.1614,1.1018385,0.5022949,30.77553,0.037703883
4985,1350.4491,1350.1902,0.99910504,0.5061035,32.88727,0.03771539
4986,1350.4629,1350.2174,0.90588766,0.5030762,33.410152,0.03771539
4987,1350.22,1350.2177,0.81529945,0.5058594,28.702272,0.03771539
4988,1349.892,1350.185,0.7433158,0.49570313,44.42412,0.03771539
4989,1349.4569,1350.1123,0.7167024,0.50996095,25.828005,0.03771539
4990,1349.7063,1350.0717,0.6598678,0.50039065,61.202644,0.037716124
4991,1349.6558,1350.03,0.6094481,0.5025879,35.079594,0.037716124
4992,1349.9447,1350.0215,0.5491585,0.50224614,29.95376,0.037716124
4993,1349.8279,1350.0021,0.49761605,0.50522465,31.322573,0.037716124
4994,1349.8386,1349.9857,0.45025894,0.49379885,30.412954,0.037716124
4995,1349.1726,1349.9044,0.46473643,0.49741212,25.653893,0.037711244
4996,1348.8654,1349.8005,0.51543134,0.5043457,23.93221,0.037711244
4997,1350.4514,1349.8656,0.5020161,0.4988281,43.266705,0.037711244
4998,1348.8772,1349.7667,0.5397392,0.49721682,26.275095,0.037711244
4999,1349.2778,1349.7178,0.50727665,0.5030273,25.712353,0.037711244
