row_m1,row_m2,row_kx,row_ky,col_m1,col_m2,col_kx,col_ky,gamma_real,gamma_imag
-4,-4,-7.23601254558,-7.23601254558,-4,-4,-7.23601254558,-7.23601254558,0.00212554651348,0
-4,-4,-7.23601254558,-7.23601254558,-4,-3,-7.23601254558,-5.42700940919,0.00182959709214,0.000952574683661
-4,-4,-7.23601254558,-7.23601254558,-4,-2,-7.23601254558,-3.61800627279,-0.000388677513818,-0.00246492790279
-4,-4,-7.23601254558,-7.23601254558,-4,-1,-7.23601254558,-1.8090031364,-0.00236249867342,-0.0029080154551
-4,-4,-7.23601254558,-7.23601254558,-4,0,-7.23601254558,0,0.00471128032352,0.00322832574787
-4,-4,-7.23601254558,-7.23601254558,-4,1,-7.23601254558,1.8090031364,0.00184580837985,-0.00394230549831
-4,-4,-7.23601254558,-7.23601254558,-4,2,-7.23601254558,3.61800627279,-0.00479433190269,-0.0017558830078
-4,-4,-7.23601254558,-7.23601254558,-4,3,-7.23601254558,5.42700940919,-0.000614022925011,-0.000641722363107
-4,-4,-7.23601254558,-7.23601254558,-4,4,-7.23601254558,7.23601254558,-0.00540749943535,0.00360605590665
-4,-4,-7.23601254558,-7.23601254558,-3,-4,-5.42700940919,-7.23601254558,-0.00136472874038,-0.00204573820915
-4,-4,-7.23601254558,-7.23601254558,-3,-3,-5.42700940919,-5.42700940919,-0.00195923927251,0.000410702845131
-4,-4,-7.23601254558,-7.23601254558,-3,-2,-5.42700940919,-3.61800627279,-0.00352632669694,0.000144656078027
-4,-4,-7.23601254558,-7.23601254558,-3,-1,-5.42700940919,-1.8090031364,-0.00194667820649,-0.00348207494273
-4,-4,-7.23601254558,-7.23601254558,-3,0,-5.42700940919,0,-0.00255305249045,-0.00164319992066
-4,-4,-7.23601254558,-7.23601254558,-3,1,-5.42700940919,1.8090031364,-0.000790583147712,0.00220789082544
-4,-4,-7.23601254558,-7.23601254558,-3,2,-5.42700940919,3.61800627279,-0.00536628239183,-0.000649271288922
-4,-4,-7.23601254558,-7.23601254558,-3,3,-5.42700940919,5.42700940919,-0.000539678456037,0.00386201690029
-4,-4,-7.23601254558,-7.23601254558,-3,4,-5.42700940919,7.23601254558,0.00321193872145,0.000305699864689
-4,-4,-7.23601254558,-7.23601254558,-2,-4,-3.61800627279,-7.23601254558,-0.00507893902762,0.00075787858008
-4,-4,-7.23601254558,-7.23601254558,-2,-3,-3.61800627279,-5.42700940919,0.00642385178612,0.00213851137319
-4,-4,-7.23601254558,-7.23601254558,-2,-2,-3.61800627279,-3.61800627279,0.000779140003181,-0.00185219757667
-4,-4,-7.23601254558,-7.23601254558,-2,-1,-3.61800627279,-1.8090031364,-0.0148381395194,0.00559822395995
-4,-4,-7.23601254558,-7.23601254558,-2,0,-3.61800627279,0,0.0124881825581,-0.00253563084727
-4,-4,-7.23601254558,-7.23601254558,-2,1,-3.61800627279,1.8090031364,-9.59501641645e-05,0.00465909772932
-4,-4,-7.23601254558,-7.23601254558,-2,2,-3.61800627279,3.61800627279,-0.00236420449031,0.0081507833753
-4,-4,-7.23601254558,-7.23601254558,-2,3,-3.61800627279,5.42700940919,-0.00070699234033,-0.00661604030352
-4,-4,-7.23601254558,-7.23601254558,-2,4,-3.61800627279,7.23601254558,0.000691256935997,-0.00173971169504
-4,-4,-7.23601254558,-7.23601254558,-1,-4,-1.8090031364,-7.23601254558,0.0014898212835,0.00171937443234
-4,-4,-7.23601254558,-7.23601254558,-1,-3,-1.8090031364,-5.42700940919,-0.0049621404713,-0.0037718700093
-4,-4,-7.23601254558,-7.23601254558,-1,-2,-1.8090031364,-3.61800627279,0.00446220060104,0.00445232129836
-4,-4,-7.23601254558,-7.23601254558,-1,-1,-1.8090031364,-1.8090031364,-0.00402491255008,0.009445405692
-4,-4,-7.23601254558,-7.23601254558,-1,0,-1.8090031364,0,-0.0411968427409,-0.00120673845186
-4,-4,-7.23601254558,-7.23601254558,-1,1,-1.8090031364,1.8090031364,0.0137783800068,0.0218562568831
-4,-4,-7.23601254558,-7.23601254558,-1,2,-1.8090031364,3.61800627279,0.0100861159048,-0.0121817373387
-4,-4,-7.23601254558,-7.23601254558,-1,3,-1.8090031364,5.42700940919,0.00512288350167,-0.00516997907813
-4,-4,-7.23601254558,-7.23601254558,-1,4,-1.8090031364,7.23601254558,0.00183491330855,-0.000890061045469
-4,-4,-7.23601254558,-7.23601254558,0,-4,0,-7.23601254558,0.0065814180095,0.00327854421988
-4,-4,-7.23601254558,-7.23601254558,0,-3,0,-5.42700940919,-0.00132316158626,-0.00187716586537
-4,-4,-7.23601254558,-7.23601254558,0,-2,0,-3.61800627279,-0.0146975398582,-0.000415820373717
-4,-4,-7.23601254558,-7.23601254558,0,-1,0,-1.8090031364,-0.00595687987571,0.00388606678489
-4,-4,-7.23601254558,-7.23601254558,0,0,0,0,-0.00401677888637,0.0365742604556
-4,-4,-7.23601254558,-7.23601254558,0,1,0,1.8090031364,0.00847331672454,-0.0043201976729
-4,-4,-7.23601254558,-7.23601254558,0,2,0,3.61800627279,0.00597389726632,-0.0181118977939
-4,-4,-7.23601254558,-7.23601254558,0,3,0,5.42700940919,0.00669137106717,-0.00152308650505
-4,-4,-7.23601254558,-7.23601254558,0,4,0,7.23601254558,0.002499334919,0.00442189425715
-4,-4,-7.23601254558,-7.23601254558,1,-4,1.8090031364,-7.23601254558,0.00115387101755,-0.00476854737889
-4,-4,-7.23601254558,-7.23601254558,1,-3,1.8090031364,-5.42700940919,-0.00228383873515,0.00109649187732
-4,-4,-7.23601254558,-7.23601254558,1,-2,1.8090031364,-3.61800627279,0.00476014418379,0.00107328035799
-4,-4,-7.23601254558,-7.23601254558,1,-1,1.8090031364,-1.8090031364,0.0275582374569,-0.0217539353668
-4,-4,-7.23601254558,-7.23601254558,1,0,1.8090031364,0,-0.0191997249625,0.0131615762861
-4,-4,-7.23601254558,-7.23601254558,1,1,1.8090031364,1.8090031364,-0.0256358503585,-0.00873107986064
-4,-4,-7.23601254558,-7.23601254558,1,2,1.8090031364,3.61800627279,-0.0019843167999,-0.0077092103969
-4,-4,-7.23601254558,-7.23601254558,1,3,1.8090031364,5.42700940919,-0.000428565524125,0.00150205328234
-4,-4,-7.23601254558,-7.23601254558,1,4,1.8090031364,7.23601254558,-0.000127016812759,-0.00087271230845
-4,-4,-7.23601254558,-7.23601254558,2,-4,3.61800627279,-7.23601254558,0.00147207534603,-0.00248871928534
-4,-4,-7.23601254558,-7.23601254558,2,-3,3.61800627279,-5.42700940919,0.00285774997482,0.00369797640243
-4,-4,-7.23601254558,-7.23601254558,2,-2,3.61800627279,-3.61800627279,0.00175741775965,-0.00047679363963
-4,-4,-7.23601254558,-7.23601254558,2,-1,3.61800627279,-1.8090031364,0.00696119172779,0.00694325141629
-4,-4,-7.23601254558,-7.23601254558,2,0,3.61800627279,0,0.00412668350656,0.000714015949261
-4,-4,-7.23601254558,-7.23601254558,2,1,3.61800627279,1.8090031364,-0.00850775383048,0.0112378995044
-4,-4,-7.23601254558,-7.23601254558,2,2,3.61800627279,3.61800627279,0.00517910184926,-4.12956972987e-05
-4,-4,-7.23601254558,-7.23601254558,2,3,3.61800627279,5.42700940919,-0.00149959322078,-0.00166998200615
-4,-4,-7.23601254558,-7.23601254558,2,4,3.61800627279,7.23601254558,-0.000448470226063,0.00320152152259
-4,-4,-7.23601254558,-7.23601254558,3,-4,5.42700940919,-7.23601254558,0.00564898002329,0.00243157863557
-4,-4,-7.23601254558,-7.23601254558,3,-3,5.42700940919,-5.42700940919,-0.00218719187888,0.00179003228523
-4,-4,-7.23601254558,-7.23601254558,3,-2,5.42700940919,-3.61800627279,0.0021084825304,-0.0045826790749
-4,-4,-7.23601254558,-7.23601254558,3,-1,5.42700940919,-1.8090031364,0.00641302541667,-0.00291055943577
-4,-4,-7.23601254558,-7.23601254558,3,0,5.42700940919,0,-0.0052713855541,0.00196893485816
-4,-4,-7.23601254558,-7.23601254558,3,1,5.42700940919,1.8090031364,-0.00829821238028,0.000806319595196
-4,-4,-7.23601254558,-7.23601254558,3,2,5.42700940919,3.61800627279,-0.000872668482239,-0.00441034816109
-4,-4,-7.23601254558,-7.23601254558,3,3,5.42700940919,5.42700940919,0.00457760996972,-0.000259212554657
-4,-4,-7.23601254558,-7.23601254558,3,4,5.42700940919,7.23601254558,0.00123890392016,-0.00197489186435
-4,-4,-7.23601254558,-7.23601254558,4,-4,7.23601254558,-7.23601254558,-0.00152121903806,-0.00262893978734
-4,-4,-7.23601254558,-7.23601254558,4,-3,7.23601254558,-5.42700940919,-2.85448527069e-05,0.000911879436075
-4,-4,-7.23601254558,-7.23601254558,4,-2,7.23601254558,-3.61800627279,-0.000899499119538,-0.00550343110561
-4,-4,-7.23601254558,-7.23601254558,4,-1,7.23601254558,-1.8090031364,-0.00559168932133,0.00417576642771
-4,-4,-7.23601254558,-7.23601254558,4,0,7.23601254558,0,0.00127021420442,0.000626765468607
-4,-4,-7.23601254558,-7.23601254558,4,1,7.23601254558,1.8090031364,-0.000790315828653,-0.00222346241913
-4,-4,-7.23601254558,-7.23601254558,4,2,7.23601254558,3.61800627279,0.00128577800676,-0.00052495697014
-4,-4,-7.23601254558,-7.23601254558,4,3,7.23601254558,5.42700940919,-0.00184263667027,-3.14908158684e-05
-4,-4,-7.23601254558,-7.23601254558,4,4,7.23601254558,7.23601254558,0.000734216845647,0.00793832143954
-4,-3,-7.23601254558,-5.42700940919,-4,-4,-7.23601254558,-7.23601254558,0.00182959709214,-0.000952574683661
-4,-3,-7.23601254558,-5.42700940919,-4,-3,-7.23601254558,-5.42700940919,0.00598124859658,0
-4,-3,-7.23601254558,-5.42700940919,-4,-2,-7.23601254558,-3.61800627279,0.00479820845018,0.00468108757725
-4,-3,-7.23601254558,-5.42700940919,-4,-1,-7.23601254558,-1.8090031364,0.00224741203141,-0.010198892569
-4,-3,-7.23601254558,-5.42700940919,-4,0,-7.23601254558,0,-0.00439588896967,-0.00243858519232
-4,-3,-7.23601254558,-5.42700940919,-4,1,-7.23601254558,1.8090031364,0.00447183107084,0.000721167893289
-4,-3,-7.23601254558,-5.42700940919,-4,2,-7.23601254558,3.61800627279,1.1291396908e-05,0.000323333207019
-4,-3,-7.23601254558,-5.42700940919,-4,3,-7.23601254558,5.42700940919,0.00305610256405,-0.00134289566909
-4,-3,-7.23601254558,-5.42700940919,-4,4,-7.23601254558,7.23601254558,-0.00221031649883,-0.00424366448886
-4,-3,-7.23601254558,-5.42700940919,-3,-4,-5.42700940919,-7.23601254558,0.00092902361982,0.00123197762892
-4,-3,-7.23601254558,-5.42700940919,-3,-3,-5.42700940919,-5.42700940919,0.00286859322974,0.0021832912254
-4,-3,-7.23601254558,-5.42700940919,-3,-2,-5.42700940919,-3.61800627279,-0.00147976975037,-0.00352958481734
-4,-3,-7.23601254558,-5.42700940919,-3,-1,-5.42700940919,-1.8090031364,-0.00780821052727,-0.00436703900144
-4,-3,-7.23601254558,-5.42700940919,-3,0,-5.42700940919,0,-0.00443621708695,-0.00446873129318
-4,-3,-7.23601254558,-5.42700940919,-3,1,-5.42700940919,1.8090031364,-0.00139440026092,0.000992490233181
-4,-3,-7.23601254558,-5.42700940919,-3,2,-5.42700940919,3.61800627279,0.00276348560371,-0.000771568001502
-4,-3,-7.23601254558,-5.42700940919,-3,3,-5.42700940919,5.42700940919,-0.00673232332279,-0.00410688421274
-4,-3,-7.23601254558,-5.42700940919,-3,4,-5.42700940919,7.23601254558,-0.00389097573069,0.00409998640292
-4,-3,-7.23601254558,-5.42700940919,-2,-4,-3.61800627279,-7.23601254558,-0.00149315708443,-0.00240872007339
-4,-3,-7.23601254558,-5.42700940919,-2,-3,-3.61800627279,-5.42700940919,-0.00925576781858,0.00379125216313
-4,-3,-7.23601254558,-5.42700940919,-2,-2,-3.61800627279,-3.61800627279,-0.00141570536776,-0.00245273468185
-4,-3,-7.23601254558,-5.42700940919,-2,-1,-3.61800627279,-1.8090031364,-0.00164995325388,-0.00552535831388
-4,-3,-7.23601254558,-5.42700940919,-2,0,-3.61800627279,0,-0.0139979919163,0.0121086915719
-4,-3,-7.23601254558,-5.42700940919,-2,1,-3.61800627279,1.8090031364,0.0107589167822,-0.00018928028601
-4,-3,-7.23601254558,-5.42700940919,-2,2,-3.61800627279,3.61800627279,0.000417415342651,0.0035939431652
-4,-3,-7.23601254558,-5.42700940919,-2,3,-3.61800627279,5.42700940919,0.00117416887488,0.00220076704993
-4,-3,-7.23601254558,-5.42700940919,-2,4,-3.61800627279,7.23601254558,-0.00381055478877,0.00348678816002
-4,-3,-7.23601254558,-5.42700940919,-1,-4,-1.8090031364,-7.23601254558,-0.00256098614062,-0.00377578814105
-4,-3,-7.23601254558,-5.42700940919,-1,-3,-1.8090031364,-5.42700940919,0.00561720428265,-0.00498532477782
-4,-3,-7.23601254558,-5.42700940919,-1,-2,-1.8090031364,-3.61800627279,-0.0174427876804,-0.00911386349742
-4,-3,-7.23601254558,-5.42700940919,-1,-1,-1.8090031364,-1.8090031364,0.012748238411,0.00388895515281
-4,-3,-7.23601254558,-5.42700940919,-1,0,-1.8090031364,0,-0.00272614644058,0.0183377117644
-4,-3,-7.23601254558,-5.42700940919,-1,1,-1.8090031364,1.8090031364,-0.036234799641,-0.0051715717384
-4,-3,-7.23601254558,-5.42700940919,-1,2,-1.8090031364,3.61800627279,0.00701368485006,0.00507591462385
-4,-3,-7.23601254558,-5.42700940919,-1,3,-1.8090031364,5.42700940919,0.000221202757785,0.00134320527078
-4,-3,-7.23601254558,-5.42700940919,-1,4,-1.8090031364,7.23601254558,0.00370079050807,0.0006569021817
-4,-3,-7.23601254558,-5.42700940919,0,-4,0,-7.23601254558,-0.00331203256441,-0.000514459319663
-4,-3,-7.23601254558,-5.42700940919,0,-3,0,-5.42700940919,-0.000699754873242,0.00378109109943
-4,-3,-7.23601254558,-5.42700940919,0,-2,0,-3.61800627279,0.00399711980455,0.0011119565318
-4,-3,-7.23601254558,-5.42700940919,0,-1,0,-1.8090031364,-0.0262213169989,0.00123322898128
-4,-3,-7.23601254558,-5.42700940919,0,0,0,0,-0.00971672004719,0.00996917864293
-4,-3,-7.23601254558,-5.42700940919,0,1,0,1.8090031364,-0.00773124283906,0.0215155875284
-4,-3,-7.23601254558,-5.42700940919,0,2,0,3.61800627279,0.00440250461026,0.00850539179265
-4,-3,-7.23601254558,-5.42700940919,0,3,0,5.42700940919,0.00771621593393,-0.0100596834473
-4,-3,-7.23601254558,-5.42700940919,0,4,0,7.23601254558,0.00296565607693,-0.002371071194
-4,-3,-7.23601254558,-5.42700940919,1,-4,1.8090031364,-7.23601254558,0.001491365007,0.00527906409333
-4,-3,-7.23601254558,-5.42700940919,1,-3,1.8090031364,-5.42700940919,0.00186271658727,0.00236407435139
-4,-3,-7.23601254558,-5.42700940919,1,-2,1.8090031364,-3.61800627279,0.00274688516153,0.00373232154603
-4,-3,-7.23601254558,-5.42700940919,1,-1,1.8090031364,-1.8090031364,0.00400752939572,-0.00132457698419
-4,-3,-7.23601254558,-5.42700940919,1,0,1.8090031364,0,0.0272481127053,-0.0228130993371
-4,-3,-7.23601254558,-5.42700940919,1,1,1.8090031364,1.8090031364,-0.0126690707985,0.0128968136531
-4,-3,-7.23601254558,-5.42700940919,1,2,1.8090031364,3.61800627279,-0.0107790213051,-0.00591872672051
-4,-3,-7.23601254558,-5.42700940919,1,3,1.8090031364,5.42700940919,-0.00272300038609,-0.0085047880992
-4,-3,-7.23601254558,-5.42700940919,1,4,1.8090031364,7.23601254558,0.00310753101144,0.00379169890425
-4,-3,-7.23601254558,-5.42700940919,2,-4,3.61800627279,-7.23601254558,0.00156117519171,-0.000614330639315
-4,-3,-7.23601254558,-5.42700940919,2,-3,3.61800627279,-5.42700940919,0.00306917381139,-0.00110657573428
-4,-3,-7.23601254558,-5.42700940919,2,-2,3.61800627279,-3.61800627279,0.00659206032301,0.00440383622006
-4,-3,-7.23601254558,-5.42700940919,2,-1,3.61800627279,-1.8090031364,-0.00468799021685,-0.00243172402839
-4,-3,-7.23601254558,-5.42700940919,2,0,3.61800627279,0,0.00916431765055,0.0125623174579
-4,-3,-7.23601254558,-5.42700940919,2,1,3.61800627279,1.8090031364,0.00318158806059,-0.00304862419956
-4,-3,-7.23601254558,-5.42700940919,2,2,3.61800627279,3.61800627279,-7.95553680869e-05,0.00768099527986
-4,-3,-7.23601254558,-5.42700940919,2,3,3.61800627279,5.42700940919,0.00243160520011,-0.00208550489493
-4,-3,-7.23601254558,-5.42700940919,2,4,3.61800627279,7.23601254558,-0.00233077552553,-0.00334641814786
-4,-3,-7.23601254558,-5.42700940919,3,-4,5.42700940919,-7.23601254558,0.00355491380585,-0.00137318587318
-4,-3,-7.23601254558,-5.42700940919,3,-3,5.42700940919,-5.42700940919,0.00350861778936,-0.000711565152541
-4,-3,-7.23601254558,-5.42700940919,3,-2,5.42700940919,-3.61800627279,-0.00842672780053,0.00236135980514
-4,-3,-7.23601254558,-5.42700940919,3,-1,5.42700940919,-1.8090031364,0.0042936846394,-0.00465181455331
-4,-3,-7.23601254558,-5.42700940919,3,0,5.42700940919,0,0.00322214160293,-0.00563400785849
-4,-3,-7.23601254558,-5.42700940919,3,1,5.42700940919,1.8090031364,0.000991176706323,0.00280038464354
-4,-3,-7.23601254558,-5.42700940919,3,2,5.42700940919,3.61800627279,-0.00844387059376,-0.00222609467612
-4,-3,-7.23601254558,-5.42700940919,3,3,5.42700940919,5.42700940919,-0.00541043343276,-0.00216555981271
-4,-3,-7.23601254558,-5.42700940919,3,4,5.42700940919,7.23601254558,0.00521327349945,-0.000732258428764
-4,-3,-7.23601254558,-5.42700940919,4,-4,7.23601254558,-7.23601254558,0.00058027946134,0.00245490079037
-4,-3,-7.23601254558,-5.42700940919,4,-3,7.23601254558,-5.42700940919,-0.00634265093034,0.00190691659119
-4,-3,-7.23601254558,-5.42700940919,4,-2,7.23601254558,-3.61800627279,0.00164926441293,0.00231068844767
-4,-3,-7.23601254558,-5.42700940919,4,-1,7.23601254558,-1.8090031364,-0.00354440272275,-0.00608173243637
-4,-3,-7.23601254558,-5.42700940919,4,0,7.23601254558,0,-0.00172071421723,0.00413601092593
-4,-3,-7.23601254558,-5.42700940919,4,1,7.23601254558,1.8090031364,-0.000424728675231,-0.00019961436112
-4,-3,-7.23601254558,-5.42700940919,4,2,7.23601254558,3.61800627279,-0.0070401259286,0.00190796978303
-4,-3,-7.23601254558,-5.42700940919,4,3,7.23601254558,5.42700940919,0.00636558112801,-0.0027645950822
-4,-3,-7.23601254558,-5.42700940919,4,4,7.23601254558,7.23601254558,-0.00184263667027,-3.14908158684e-05
-4,-2,-7.23601254558,-3.61800627279,-4,-4,-7.23601254558,-7.23601254558,-0.000388677513818,0.00246492790279
-4,-2,-7.23601254558,-3.61800627279,-4,-3,-7.23601254558,-5.42700940919,0.00479820845018,-0.00468108757725
-4,-2,-7.23601254558,-3.61800627279,-4,-2,-7.23601254558,-3.61800627279,0.0204093120738,0
-4,-2,-7.23601254558,-3.61800627279,-4,-1,-7.23601254558,-1.8090031364,0.00467837537357,0.0055941550202
-4,-2,-7.23601254558,-3.61800627279,-4,0,-7.23601254558,0,0.000459043675887,-0.0109891327287
-4,-2,-7.23601254558,-3.61800627279,-4,1,-7.23601254558,1.8090031364,0.00326616178552,0.000594751164385
-4,-2,-7.23601254558,-3.61800627279,-4,2,-7.23601254558,3.61800627279,0.00222782348781,-0.00514180415175
-4,-2,-7.23601254558,-3.61800627279,-4,3,-7.23601254558,5.42700940919,-0.00333973988738,0.00186533376454
-4,-2,-7.23601254558,-3.61800627279,-4,4,-7.23601254558,7.23601254558,0.00279866128673,0.00139618386569
-4,-2,-7.23601254558,-3.61800627279,-3,-4,-5.42700940919,-7.23601254558,-0.00122558468854,-0.000417869561334
-4,-2,-7.23601254558,-3.61800627279,-3,-3,-5.42700940919,-5.42700940919,-0.00117732537758,0.000792023216919
-4,-2,-7.23601254558,-3.61800627279,-3,-2,-5.42700940919,-3.61800627279,0.00573101546011,0.00379152243174
-4,-2,-7.23601254558,-3.61800627279,-3,-1,-5.42700940919,-1.8090031364,-0.00584852492309,-0.000272965288407
-4,-2,-7.23601254558,-3.61800627279,-3,0,-5.42700940919,0,-0.00107448963093,-0.00826573898924
-4,-2,-7.23601254558,-3.61800627279,-3,1,-5.42700940919,1.8090031364,-0.0085981872998,-0.00667157358531
-4,-2,-7.23601254558,-3.61800627279,-3,2,-5.42700940919,3.61800627279,-0.00124211406825,0.000785147513824
-4,-2,-7.23601254558,-3.61800627279,-3,3,-5.42700940919,5.42700940919,0.00435365132831,-0.00250047585964
-4,-2,-7.23601254558,-3.61800627279,-3,4,-5.42700940919,7.23601254558,-0.00479571859524,-0.00319352669008
-4,-2,-7.23601254558,-3.61800627279,-2,-4,-3.61800627279,-7.23601254558,-0.000949403178685,0.00229222965648
-4,-2,-7.23601254558,-3.61800627279,-2,-3,-3.61800627279,-5.42700940919,-0.00285111618872,-0.00460551554005
-4,-2,-7.23601254558,-3.61800627279,-2,-2,-3.61800627279,-3.61800627279,-0.0127904888417,0.0140502978105
-4,-2,-7.23601254558,-3.61800627279,-2,-1,-3.61800627279,-1.8090031364,-0.00343977465241,-0.00872613954069
-4,-2,-7.23601254558,-3.61800627279,-2,0,-3.61800627279,0,-0.00671739154182,-0.00254169016306
-4,-2,-7.23601254558,-3.61800627279,-2,1,-3.61800627279,1.8090031364,-0.00971476994446,0.0056784836301
-4,-2,-7.23601254558,-3.61800627279,-2,2,-3.61800627279,3.61800627279,0.00840059909907,0.000664278774928
-4,-2,-7.23601254558,-3.61800627279,-2,3,-3.61800627279,5.42700940919,0.000426060310035,0.00200098281198
-4,-2,-7.23601254558,-3.61800627279,-2,4,-3.61800627279,7.23601254558,0.00101507719738,0.000207982531926
-4,-2,-7.23601254558,-3.61800627279,-1,-4,-1.8090031364,-7.23601254558,0.000261515112369,-0.00339090204546
-4,-2,-7.23601254558,-3.61800627279,-1,-3,-1.8090031364,-5.42700940919,0.00202463930473,-0.00450095230057
-4,-2,-7.23601254558,-3.61800627279,-1,-2,-1.8090031364,-3.61800627279,0.00969331262594,-0.00510511381191
-4,-2,-7.23601254558,-3.61800627279,-1,-1,-1.8090031364,-1.8090031364,-0.0256524133625,-0.0215698069974
-4,-2,-7.23601254558,-3.61800627279,-1,0,-1.8090031364,0,0.0153049510569,-0.00320273159186
-4,-2,-7.23601254558,-3.61800627279,-1,1,-1.8090031364,1.8090031364,-0.0082652354565,0.0200457658288
-4,-2,-7.23601254558,-3.61800627279,-1,2,-1.8090031364,3.61800627279,-0.0213893550194,-0.00391083643988
-4,-2,-7.23601254558,-3.61800627279,-1,3,-1.8090031364,5.42700940919,-0.00123721575762,-0.00471166834224
-4,-2,-7.23601254558,-3.61800627279,-1,4,-1.8090031364,7.23601254558,-0.00281409077466,0.00306779621018
-4,-2,-7.23601254558,-3.61800627279,0,-4,0,-7.23601254558,-0.00135721026255,-0.00286144349439
-4,-2,-7.23601254558,-3.61800627279,0,-3,0,-5.42700940919,-0.00997571087741,0.00345827993567
-4,-2,-7.23601254558,-3.61800627279,0,-2,0,-3.61800627279,-0.0127206142953,0.00470677853738
-4,-2,-7.23601254558,-3.61800627279,0,-1,0,-1.8090031364,0.0055439720022,-0.013550042871
-4,-2,-7.23601254558,-3.61800627279,0,0,0,0,-0.0354175135935,0.0140343355996
-4,-2,-7.23601254558,-3.61800627279,0,1,0,1.8090031364,-0.00574642492514,0.00998934742263
-4,-2,-7.23601254558,-3.61800627279,0,2,0,3.61800627279,-0.0100944981992,0.00503481226829
-4,-2,-7.23601254558,-3.61800627279,0,3,0,5.42700940919,0.002350479817,0.00867355656782
-4,-2,-7.23601254558,-3.61800627279,0,4,0,7.23601254558,0.00736080327291,-0.00160976483362
-4,-2,-7.23601254558,-3.61800627279,1,-4,1.8090031364,-7.23601254558,-0.00563227509419,-0.004576912154
-4,-2,-7.23601254558,-3.61800627279,1,-3,1.8090031364,-5.42700940919,-0.000239349628291,0.00433368746449
-4,-2,-7.23601254558,-3.61800627279,1,-2,1.8090031364,-3.61800627279,-0.00839427226147,0.00818254023895
-4,-2,-7.23601254558,-3.61800627279,1,-1,1.8090031364,-1.8090031364,0.00860830661523,0.010310964781
-4,-2,-7.23601254558,-3.61800627279,1,0,1.8090031364,0,0.00744101026845,0.000743777019588
-4,-2,-7.23601254558,-3.61800627279,1,1,1.8090031364,1.8090031364,0.0183952374699,-0.0237848615276
-4,-2,-7.23601254558,-3.61800627279,1,2,1.8090031364,3.61800627279,-0.0038413680504,0.0129441148724
-4,-2,-7.23601254558,-3.61800627279,1,3,1.8090031364,5.42700940919,-0.00639068185715,-0.00525120533453
-4,-2,-7.23601254558,-3.61800627279,1,4,1.8090031364,7.23601254558,0.000893352323239,-0.0052241299174
-4,-2,-7.23601254558,-3.61800627279,2,-4,3.61800627279,-7.23601254558,-5.95506083049e-05,0.00463198634366
-4,-2,-7.23601254558,-3.61800627279,2,-3,3.61800627279,-5.42700940919,0.00306711444583,0.000875887766908
-4,-2,-7.23601254558,-3.61800627279,2,-2,3.61800627279,-3.61800627279,0.0130369700147,-0.000970376065443
-4,-2,-7.23601254558,-3.61800627279,2,-1,3.61800627279,-1.8090031364,0.0103380271241,0.00731947790029
-4,-2,-7.23601254558,-3.61800627279,2,0,3.61800627279,0,-0.0103160884438,0.000539769701362
-4,-2,-7.23601254558,-3.61800627279,2,1,3.61800627279,1.8090031364,0.00766670236832,0.0125939379888
-4,-2,-7.23601254558,-3.61800627279,2,2,3.61800627279,3.61800627279,0.00096866187463,-0.00129838054887
-4,-2,-7.23601254558,-3.61800627279,2,3,3.61800627279,5.42700940919,-0.000943220477922,0.00474373108912
-4,-2,-7.23601254558,-3.61800627279,2,4,3.61800627279,7.23601254558,0.00463171865964,-0.00409170457436
-4,-2,-7.23601254558,-3.61800627279,3,-4,5.42700940919,-7.23601254558,-0.00168008867106,-0.000929296109346
-4,-2,-7.23601254558,-3.61800627279,3,-3,5.42700940919,-5.42700940919,0.00404574837375,-0.00188385778607
-4,-2,-7.23601254558,-3.61800627279,3,-2,5.42700940919,-3.61800627279,0.00159661963096,-0.00148057282758
-4,-2,-7.23601254558,-3.61800627279,3,-1,5.42700940919,-1.8090031364,-0.00988849426098,0.00623135271817
-4,-2,-7.23601254558,-3.61800627279,3,0,5.42700940919,0,-0.000887786786388,-0.00519682273254
-4,-2,-7.23601254558,-3.61800627279,3,1,5.42700940919,1.8090031364,-0.00389114687417,0.00042201631025
-4,-2,-7.23601254558,-3.61800627279,3,2,5.42700940919,3.61800627279,0.00870805081829,-0.000683625392369
-4,-2,-7.23601254558,-3.61800627279,3,3,5.42700940919,5.42700940919,-0.00670549880794,-0.00113403822793
-4,-2,-7.23601254558,-3.61800627279,3,4,5.42700940919,7.23601254558,-0.0033791618958,-0.0021177892628
-4,-2,-7.23601254558,-3.61800627279,4,-4,7.23601254558,-7.23601254558,0.00534282727056,-0.00301911150288
-4,-2,-7.23601254558,-3.61800627279,4,-3,7.23601254558,-5.42700940919,-0.000750097398308,-0.00187100790068
-4,-2,-7.23601254558,-3.61800627279,4,-2,7.23601254558,-3.61800627279,-0.00301837423857,0.00500997052341
-4,-2,-7.23601254558,-3.61800627279,4,-1,7.23601254558,-1.8090031364,0.00386085783695,0.000952505157061
-4,-2,-7.23601254558,-3.61800627279,4,0,7.23601254558,0,-0.00273680862909,0.00126207982461
-4,-2,-7.23601254558,-3.61800627279,4,1,7.23601254558,1.8090031364,0.00233130941815,-0.00348780852783
-4,-2,-7.23601254558,-3.61800627279,4,2,7.23601254558,3.61800627279,0.00274879274828,-0.00442872459414
-4,-2,-7.23601254558,-3.61800627279,4,3,7.23601254558,5.42700940919,-0.0070401259286,0.00190796978303
-4,-2,-7.23601254558,-3.61800627279,4,4,7.23601254558,7.23601254558,0.00128577800676,-0.00052495697014
-4,-1,-7.23601254558,-1.8090031364,-4,-4,-7.23601254558,-7.23601254558,-0.00236249867342,0.0029080154551
-4,-1,-7.23601254558,-1.8090031364,-4,-3,-7.23601254558,-5.42700940919,0.00224741203141,0.010198892569
-4,-1,-7.23601254558,-1.8090031364,-4,-2,-7.23601254558,-3.61800627279,0.00467837537357,-0.0055941550202
-4,-1,-7.23601254558,-1.8090031364,-4,-1,-7.23601254558,-1.8090031364,0.0413392987418,0
-4,-1,-7.23601254558,-1.8090031364,-4,0,-7.23601254558,0,0.000849062733378,-0.00208142540341
-4,-1,-7.23601254558,-1.8090031364,-4,1,-7.23601254558,1.8090031364,-0.00415476359649,-0.00461604396812
-4,-1,-7.23601254558,-1.8090031364,-4,2,-7.23601254558,3.61800627279,0.0066569412039,-0.000284189252465
-4,-1,-7.23601254558,-1.8090031364,-4,3,-7.23601254558,5.42700940919,0.00252877810693,-0.00902178584491
-4,-1,-7.23601254558,-1.8090031364,-4,4,-7.23601254558,7.23601254558,-0.00160544678083,0.00357803803946
-4,-1,-7.23601254558,-1.8090031364,-3,-4,-5.42700940919,-7.23601254558,0.000134736369549,0.00329649900682
-4,-1,-7.23601254558,-1.8090031364,-3,-3,-5.42700940919,-5.42700940919,-0.00029695493071,-0.00311920142168
-4,-1,-7.23601254558,-1.8090031364,-3,-2,-5.42700940919,-3.61800627279,-0.00748982306012,0.00445568545177
-4,-1,-7.23601254558,-1.8090031364,-3,-1,-5.42700940919,-1.8090031364,0.00359483441899,0.000762721552571
-4,-1,-7.23601254558,-1.8090031364,-3,0,-5.42700940919,0,-0.00590704869266,0.00677510084666
-4,-1,-7.23601254558,-1.8090031364,-3,1,-5.42700940919,1.8090031364,0.0040493532597,-0.00585457261267
-4,-1,-7.23601254558,-1.8090031364,-3,2,-5.42700940919,3.61800627279,-0.00924956610483,-0.00612910776653
-4,-1,-7.23601254558,-1.8090031364,-3,3,-5.42700940919,5.42700940919,0.000593216254762,-0.000897691691282
-4,-1,-7.23601254558,-1.8090031364,-3,4,-5.42700940919,7.23601254558,0.00402722408908,0.00143106629444
-4,-1,-7.23601254558,-1.8090031364,-2,-4,-3.61800627279,-7.23601254558,-0.000298513482912,0.00497264769495
-4,-1,-7.23601254558,-1.8090031364,-2,-3,-3.61800627279,-5.42700940919,-0.00507061618247,-0.00249168233118
-4,-1,-7.23601254558,-1.8090031364,-2,-2,-3.61800627279,-3.61800627279,-0.00165508304822,-0.00340728830519
-4,-1,-7.23601254558,-1.8090031364,-2,-1,-3.61800627279,-1.8090031364,-0.0162207006631,0.0183425602964
-4,-1,-7.23601254558,-1.8090031364,-2,0,-3.61800627279,0,-0.00328995765689,-0.00857953070009
-4,-1,-7.23601254558,-1.8090031364,-2,1,-3.61800627279,1.8090031364,-0.00695115884347,0.000140794789451
-4,-1,-7.23601254558,-1.8090031364,-2,2,-3.61800627279,3.61800627279,-0.00629665789242,0.00160694915117
-4,-1,-7.23601254558,-1.8090031364,-2,3,-3.61800627279,5.42700940919,0.00323027776347,0.00186544977664
-4,-1,-7.23601254558,-1.8090031364,-2,4,-3.61800627279,7.23601254558,0.000449966393379,0.000282825614959
-4,-1,-7.23601254558,-1.8090031364,-1,-4,-1.8090031364,-7.23601254558,-0.00296043911197,-0.00303498476225
-4,-1,-7.23601254558,-1.8090031364,-1,-3,-1.8090031364,-5.42700940919,-0.00403562390033,-0.0117924283321
-4,-1,-7.23601254558,-1.8090031364,-1,-2,-1.8090031364,-3.61800627279,0.00919225546183,-0.0103339748181
-4,-1,-7.23601254558,-1.8090031364,-1,-1,-1.8090031364,-1.8090031364,0.0130555021046,0.0090634574918
-4,-1,-7.23601254558,-1.8090031364,-1,0,-1.8090031364,0,-0.0209957991273,-0.0217059986037
-4,-1,-7.23601254558,-1.8090031364,-1,1,-1.8090031364,1.8090031364,0.0108989736277,-0.0146690130937
-4,-1,-7.23601254558,-1.8090031364,-1,2,-1.8090031364,3.61800627279,-0.00425657435005,0.0163478561939
-4,-1,-7.23601254558,-1.8090031364,-1,3,-1.8090031364,5.42700940919,-0.0108651817795,-0.000259961495668
-4,-1,-7.23601254558,-1.8090031364,-1,4,-1.8090031364,7.23601254558,-0.00295820456446,-0.00161390251011
-4,-1,-7.23601254558,-1.8090031364,0,-4,0,-7.23601254558,-0.000595161487772,0.00298887293347
-4,-1,-7.23601254558,-1.8090031364,0,-3,0,-5.42700940919,0.00355322122136,-0.00859094647255
-4,-1,-7.23601254558,-1.8090031364,0,-2,0,-3.61800627279,-0.0137168448032,0.0154661095179
-4,-1,-7.23601254558,-1.8090031364,0,-1,0,-1.8090031364,-0.0126753275463,0.00748268055901
-4,-1,-7.23601254558,-1.8090031364,0,0,0,0,0.00543444453301,-0.0333610256838
-4,-1,-7.23601254558,-1.8090031364,0,1,0,1.8090031364,-0.0330343329956,0.0148612183169
-4,-1,-7.23601254558,-1.8090031364,0,2,0,3.61800627279,0.00526696042445,0.0037259420039
-4,-1,-7.23601254558,-1.8090031364,0,3,0,5.42700940919,-0.00969699329686,0.00394378997425
-4,-1,-7.23601254558,-1.8090031364,0,4,0,7.23601254558,-0.00260064243194,0.00146326080878
-4,-1,-7.23601254558,-1.8090031364,1,-4,1.8090031364,-7.23601254558,0.0057027119146,0.00511992764559
-4,-1,-7.23601254558,-1.8090031364,1,-3,1.8090031364,-5.42700940919,-0.00361475150928,-0.00814029195121
-4,-1,-7.23601254558,-1.8090031364,1,-2,1.8090031364,-3.61800627279,0.000513109929327,0.00387151177447
-4,-1,-7.23601254558,-1.8090031364,1,-1,1.8090031364,-1.8090031364,-0.0255461615968,0.0011816695305
-4,-1,-7.23601254558,-1.8090031364,1,0,1.8090031364,0,0.0182754866661,0.0166442950584
-4,-1,-7.23601254558,-1.8090031364,1,1,1.8090031364,1.8090031364,0.00990885882571,0.00446654870519
-4,-1,-7.23601254558,-1.8090031364,1,2,1.8090031364,3.61800627279,0.0106034798559,-0.0181407361493
-4,-1,-7.23601254558,-1.8090031364,1,3,1.8090031364,5.42700940919,-0.00313727232841,0.00698524977075
-4,-1,-7.23601254558,-1.8090031364,1,4,1.8090031364,7.23601254558,-0.00200107876605,-0.00490038170121
-4,-1,-7.23601254558,-1.8090031364,2,-4,3.61800627279,-7.23601254558,0.00523623632592,0.00413441717509
-4,-1,-7.23601254558,-1.8090031364,2,-3,3.61800627279,-5.42700940919,0.00298692630077,0.00359409350151
-4,-1,-7.23601254558,-1.8090031364,2,-2,3.61800627279,-3.61800627279,0.00380894399468,0.00149171181873
-4,-1,-7.23601254558,-1.8090031364,2,-1,3.61800627279,-1.8090031364,0.0209389709551,-0.00470250855231
-4,-1,-7.23601254558,-1.8090031364,2,0,3.61800627279,0,0.0120425153054,0.0093070846183
-4,-1,-7.23601254558,-1.8090031364,2,1,3.61800627279,1.8090031364,-0.00406181447306,0.00470285787775
-4,-1,-7.23601254558,-1.8090031364,2,2,3.61800627279,3.61800627279,0.0048850377697,0.00907708203734
-4,-1,-7.23601254558,-1.8090031364,2,3,3.61800627279,5.42700940919,7.31255173428e-05,-0.0046488044793
-4,-1,-7.23601254558,-1.8090031364,2,4,3.61800627279,7.23601254558,-0.00108950139841,0.00358908148609
-4,-1,-7.23601254558,-1.8090031364,3,-4,5.42700940919,-7.23601254558,-0.00193735462593,-0.00418371558081
-4,-1,-7.23601254558,-1.8090031364,3,-3,5.42700940919,-5.42700940919,-0.00302790630188,-0.00181865905184
-4,-1,-7.23601254558,-1.8090031364,3,-2,5.42700940919,-3.61800627279,0.000568930221732,-0.00259669079856
-4,-1,-7.23601254558,-1.8090031364,3,-1,5.42700940919,-1.8090031364,-0.0056755284063,0.00717905833597
-4,-1,-7.23601254558,-1.8090031364,3,0,5.42700940919,0,0.000871921428071,0.00727007548935
-4,-1,-7.23601254558,-1.8090031364,3,1,5.42700940919,1.8090031364,-0.00625683836989,-0.0096768470619
-4,-1,-7.23601254558,-1.8090031364,3,2,5.42700940919,3.61800627279,-0.00403685686861,0.00150021939053
-4,-1,-7.23601254558,-1.8090031364,3,3,5.42700940919,5.42700940919,0.00221997922061,0.000608844480888
-4,-1,-7.23601254558,-1.8090031364,3,4,5.42700940919,7.23601254558,-0.00276281371806,-0.000705442120019
-4,-1,-7.23601254558,-1.8090031364,4,-4,7.23601254558,-7.23601254558,-0.00306437796025,0.00334438040742
-4,-1,-7.23601254558,-1.8090031364,4,-3,7.23601254558,-5.42700940919,0.00344493199623,0.000173526293006
-4,-1,-7.23601254558,-1.8090031364,4,-2,7.23601254558,-3.61800627279,-0.00133891231939,-0.000800932873794
-4,-1,-7.23601254558,-1.8090031364,4,-1,7.23601254558,-1.8090031364,0.00461901571761,0.00573632234503
-4,-1,-7.23601254558,-1.8090031364,4,0,7.23601254558,0,0.00343665999781,0.000947045566226
-4,-1,-7.23601254558,-1.8090031364,4,1,7.23601254558,1.8090031364,-0.00550375170631,0.00673995281593
-4,-1,-7.23601254558,-1.8090031364,4,2,7.23601254558,3.61800627279,0.00233130941815,-0.00348780852783
-4,-1,-7.23601254558,-1.8090031364,4,3,7.23601254558,5.42700940919,-0.000424728675231,-0.00019961436112
-4,-1,-7.23601254558,-1.8090031364,4,4,7.23601254558,7.23601254558,-0.000790315828653,-0.00222346241913
-4,0,-7.23601254558,0,-4,-4,-7.23601254558,-7.23601254558,0.00471128032352,-0.00322832574787
-4,0,-7.23601254558,0,-4,-3,-7.23601254558,-5.42700940919,-0.00439588896967,0.00243858519232
-4,0,-7.23601254558,0,-4,-2,-7.23601254558,-3.61800627279,0.000459043675887,0.0109891327287
-4,0,-7.23601254558,0,-4,-1,-7.23601254558,-1.8090031364,0.000849062733378,0.00208142540341
-4,0,-7.23601254558,0,-4,0,-7.23601254558,0,0.0528296171584,0
-4,0,-7.23601254558,0,-4,1,-7.23601254558,1.8090031364,-0.00333301652037,-0.00841831513729
-4,0,-7.23601254558,0,-4,2,-7.23601254558,3.61800627279,-0.00419112394763,-0.00237961810651
-4,0,-7.23601254558,0,-4,3,-7.23601254558,5.42700940919,0.00223685066525,-0.0011008758866
-4,0,-7.23601254558,0,-4,4,-7.23601254558,7.23601254558,0.00472529328298,-0.000911561620735
-4,0,-7.23601254558,0,-3,-4,-5.42700940919,-7.23601254558,-0.00666185244943,-0.000589842649463
-4,0,-7.23601254558,0,-3,-3,-5.42700940919,-5.42700940919,0.00229541740448,0.00454558547979
-4,0,-7.23601254558,0,-3,-2,-5.42700940919,-3.61800627279,-0.000375652778634,-0.000412926712045
-4,0,-7.23601254558,0,-3,-1,-5.42700940919,-1.8090031364,-0.00892595843194,-0.00274829436313
-4,0,-7.23601254558,0,-3,0,-5.42700940919,0,-0.00141338048502,1.43538092298e-06
-4,0,-7.23601254558,0,-3,1,-5.42700940919,1.8090031364,-0.00560921876753,0.00792571479434
-4,0,-7.23601254558,0,-3,2,-5.42700940919,3.61800627279,0.00391475484462,-0.00237282192771
-4,0,-7.23601254558,0,-3,3,-5.42700940919,5.42700940919,-0.00509427778701,-0.00380055178582
-4,0,-7.23601254558,0,-3,4,-5.42700940919,7.23601254558,-0.000854056796307,-0.0015639626067
-4,0,-7.23601254558,0,-2,-4,-3.61800627279,-7.23601254558,0.001836823284,-0.00327805112128
-4,0,-7.23601254558,0,-2,-3,-3.61800627279,-5.42700940919,-4.0607084912e-05,0.00215741872204
-4,0,-7.23601254558,0,-2,-2,-3.61800627279,-3.61800627279,-0.00825519099112,-0.0058022963037
-4,0,-7.23601254558,0,-2,-1,-3.61800627279,-1.8090031364,-0.012315777517,2.5570223267e-05
-4,0,-7.23601254558,0,-2,0,-3.61800627279,0,-0.0152081025411,0.0195857179617
-4,0,-7.23601254558,0,-2,1,-3.61800627279,1.8090031364,-0.00437724734697,-0.00462040145639
-4,0,-7.23601254558,0,-2,2,-3.61800627279,3.61800627279,0.00103167885822,0.00398854485729
-4,0,-7.23601254558,0,-2,3,-3.61800627279,5.42700940919,-0.00696411578067,0.000855271086947
-4,0,-7.23601254558,0,-2,4,-3.61800627279,7.23601254558,0.00283338019357,0.000397896747014
-4,0,-7.23601254558,0,-1,-4,-1.8090031364,-7.23601254558,0.00528792420122,0.00377853760392
-4,0,-7.23601254558,0,-1,-3,-1.8090031364,-5.42700940919,-0.00809186193223,-0.00417723850741
-4,0,-7.23601254558,0,-1,-2,-1.8090031364,-3.61800627279,0.00541734780652,-0.0201820345737
-4,0,-7.23601254558,0,-1,-1,-1.8090031364,-1.8090031364,-0.000905579808248,-0.0206958820302
-4,0,-7.23601254558,0,-1,0,-1.8090031364,0,0.0126168171788,0.0148521242182
-4,0,-7.23601254558,0,-1,1,-1.8090031364,1.8090031364,-0.00849898656365,-0.012941648446
-4,0,-7.23601254558,0,-1,2,-1.8090031364,3.61800627279,0.0081558243804,-0.0107532435622
-4,0,-7.23601254558,0,-1,3,-1.8090031364,5.42700940919,-0.00448837791136,0.00159370661792
-4,0,-7.23601254558,0,-1,4,-1.8090031364,7.23601254558,-0.00845287450478,-0.00235058159388
-4,0,-7.23601254558,0,0,-4,0,-7.23601254558,0.00280888343788,-0.00793583504572
-4,0,-7.23601254558,0,0,-3,0,-5.42700940919,-0.00122628679731,-0.000765455113566
-4,0,-7.23601254558,0,0,-2,0,-3.61800627279,-0.00391699741687,-0.0237824054621
-4,0,-7.23601254558,0,0,-1,0,-1.8090031364,-0.0230045596442,0.0397551203476
-4,0,-7.23601254558,0,0,0,0,0,-0.00556152193884,0.0139771425051
-4,0,-7.23601254558,0,0,1,0,1.8090031364,0.00060822271696,-0.0277568204875
-4,0,-7.23601254558,0,0,2,0,3.61800627279,-0.0216434209049,0.00527347304352
-4,0,-7.23601254558,0,0,3,0,5.42700940919,0.000614897311058,0.00483520571688
-4,0,-7.23601254558,0,0,4,0,7.23601254558,-0.00341278249829,0.00815932928942
-4,0,-7.23601254558,0,1,-4,1.8090031364,-7.23601254558,-0.00207575400787,0.00426405894397
-4,0,-7.23601254558,0,1,-3,1.8090031364,-5.42700940919,0.00314897124035,0.00719005936998
-4,0,-7.23601254558,0,1,-2,1.8090031364,-3.61800627279,-0.00050411277024,-0.0141042922366
-4,0,-7.23601254558,0,1,-1,1.8090031364,-1.8090031364,0.00663469361021,0.00405763802354
-4,0,-7.23601254558,0,1,0,1.8090031364,0,-0.0319263520291,0.00224354076563
-4,0,-7.23601254558,0,1,1,1.8090031364,1.8090031364,0.0165778624066,0.0164722137172
-4,0,-7.23601254558,0,1,2,1.8090031364,3.61800627279,0.00918465936873,-0.000672702661073
-4,0,-7.23601254558,0,1,3,1.8090031364,5.42700940919,0.00949597989528,-0.00847134275402
-4,0,-7.23601254558,0,1,4,1.8090031364,7.23601254558,-0.00601787183586,0.00103326171949
-4,0,-7.23601254558,0,2,-4,3.61800627279,-7.23601254558,0.000833251415826,-0.000867895030636
-4,0,-7.23601254558,0,2,-3,3.61800627279,-5.42700940919,0.00464912298584,0.00693939938946
-4,0,-7.23601254558,0,2,-2,3.61800627279,-3.61800627279,0.00649923352337,0.00580639398554
-4,0,-7.23601254558,0,2,-1,3.61800627279,-1.8090031364,-0.000449749137953,0.00327002967257
-4,0,-7.23601254558,0,2,0,3.61800627279,0,0.0280554139337,-0.0120032985385
-4,0,-7.23601254558,0,2,1,3.61800627279,1.8090031364,0.0116008475157,0.00907101681331
-4,0,-7.23601254558,0,2,2,3.61800627279,3.61800627279,-0.00576076897605,0.00198813325383
-4,0,-7.23601254558,0,2,3,3.61800627279,5.42700940919,0.00297582564682,0.00442274516654
-4,0,-7.23601254558,0,2,4,3.61800627279,7.23601254558,0.00169885572624,-0.00337216781126
-4,0,-7.23601254558,0,3,-4,5.42700940919,-7.23601254558,9.28304293635e-05,0.00200208100794
-4,0,-7.23601254558,0,3,-3,5.42700940919,-5.42700940919,0.000533361739121,-0.00373109256225
-4,0,-7.23601254558,0,3,-2,5.42700940919,-3.61800627279,0.00189837160183,-0.00537901312431
-4,0,-7.23601254558,0,3,-1,5.42700940919,-1.8090031364,-0.00678615863973,-0.0117846423387
-4,0,-7.23601254558,0,3,0,5.42700940919,0,-0.0103952495649,0.0104338639786
-4,0,-7.23601254558,0,3,1,5.42700940919,1.8090031364,0.000714796198713,0.0081657448511
-4,0,-7.23601254558,0,3,2,5.42700940919,3.61800627279,-0.00388167591437,-0.00586331959803
-4,0,-7.23601254558,0,3,3,5.42700940919,5.42700940919,-0.000914966966024,-0.00366692272027
-4,0,-7.23601254558,0,3,4,5.42700940919,7.23601254558,-0.00534976414289,0.00077912461409
-4,0,-7.23601254558,0,4,-4,7.23601254558,-7.23601254558,-0.00486361611301,-0.000849759174839
-4,0,-7.23601254558,0,4,-3,7.23601254558,-5.42700940919,-0.00135362944358,0.0026547431257
-4,0,-7.23601254558,0,4,-2,7.23601254558,-3.61800627279,-0.00614854673163,-0.00294334442285
-4,0,-7.23601254558,0,4,-1,7.23601254558,-1.8090031364,-0.000126257330781,0.00816366357562
-4,0,-7.23601254558,0,4,0,7.23601254558,0,0.00492233601966,0.0057403013291
-4,0,-7.23601254558,0,4,1,7.23601254558,1.8090031364,0.00343665999781,0.000947045566226
-4,0,-7.23601254558,0,4,2,7.23601254558,3.61800627279,-0.00273680862909,0.00126207982461
-4,0,-7.23601254558,0,4,3,7.23601254558,5.42700940919,-0.00172071421723,0.00413601092593
-4,0,-7.23601254558,0,4,4,7.23601254558,7.23601254558,0.00127021420442,0.000626765468607
-4,1,-7.23601254558,1.8090031364,-4,-4,-7.23601254558,-7.23601254558,0.00184580837985,0.00394230549831
-4,1,-7.23601254558,1.8090031364,-4,-3,-7.23601254558,-5.42700940919,0.00447183107084,-0.000721167893289
-4,1,-7.23601254558,1.8090031364,-4,-2,-7.23601254558,-3.61800627279,0.00326616178552,-0.000594751164385
-4,1,-7.23601254558,1.8090031364,-4,-1,-7.23601254558,-1.8090031364,-0.00415476359649,0.00461604396812
-4,1,-7.23601254558,1.8090031364,-4,0,-7.23601254558,0,-0.00333301652037,0.00841831513729
-4,1,-7.23601254558,1.8090031364,-4,1,-7.23601254558,1.8090031364,0.0432543748525,0
-4,1,-7.23601254558,1.8090031364,-4,2,-7.23601254558,3.61800627279,0.00116719067982,-7.45011692227e-05
-4,1,-7.23601254558,1.8090031364,-4,3,-7.23601254558,5.42700940919,-0.00132578873353,-0.00607842570221
-4,1,-7.23601254558,1.8090031364,-4,4,-7.23601254558,7.23601254558,-0.00504570961773,-0.00392053907646
-4,1,-7.23601254558,1.8090031364,-3,-4,-5.42700940919,-7.23601254558,0.00243013839399,-0.00518733625323
-4,1,-7.23601254558,1.8090031364,-3,-3,-5.42700940919,-5.42700940919,-0.00334288599921,-0.00293831014122
-4,1,-7.23601254558,1.8090031364,-3,-2,-5.42700940919,-3.61800627279,-0.000921388761334,0.00189369723796
-4,1,-7.23601254558,1.8090031364,-3,-1,-5.42700940919,-1.8090031364,-0.001106579928,0.00308794534229
-4,1,-7.23601254558,1.8090031364,-3,0,-5.42700940919,0,-0.00317539132085,-0.00275883627098
-4,1,-7.23601254558,1.8090031364,-3,1,-5.42700940919,1.8090031364,-0.00575017781438,0.000188617498327
-4,1,-7.23601254558,1.8090031364,-3,2,-5.42700940919,3.61800627279,0.00049778608272,0.00163462765084
-4,1,-7.23601254558,1.8090031364,-3,3,-5.42700940919,5.42700940919,0.000925504224069,0.00148259363238
-4,1,-7.23601254558,1.8090031364,-3,4,-5.42700940919,7.23601254558,-0.00277493520577,0.00110894488316
-4,1,-7.23601254558,1.8090031364,-2,-4,-3.61800627279,-7.23601254558,-0.00249614606592,-0.00193724625537
-4,1,-7.23601254558,1.8090031364,-2,-3,-3.61800627279,-5.42700940919,0.00770490330608,0.00160843328086
-4,1,-7.23601254558,1.8090031364,-2,-2,-3.61800627279,-3.61800627279,-0.00427960838128,0.00371915718436
-4,1,-7.23601254558,1.8090031364,-2,-1,-3.61800627279,-1.8090031364,-0.0120094891406,-0.0150156698564
-4,1,-7.23601254558,1.8090031364,-2,0,-3.61800627279,0,-0.014361338331,0.000845928302698
-4,1,-7.23601254558,1.8090031364,-2,1,-3.61800627279,1.8090031364,-0.0141259376511,0.0171095791395
-4,1,-7.23601254558,1.8090031364,-2,2,-3.61800627279,3.61800627279,-0.00188321014902,-0.00453246418363
-4,1,-7.23601254558,1.8090031364,-2,3,-3.61800627279,5.42700940919,9.88201136604e-05,0.000399269803079
-4,1,-7.23601254558,1.8090031364,-2,4,-3.61800627279,7.23601254558,-0.00437449086209,-0.000344801833107
-4,1,-7.23601254558,1.8090031364,-1,-4,-1.8090031364,-7.23601254558,-0.00662769408611,-0.00288510032927
-4,1,-7.23601254558,1.8090031364,-1,-3,-1.8090031364,-5.42700940919,0.00207736545429,-0.000685686260103
-4,1,-7.23601254558,1.8090031364,-1,-2,-1.8090031364,-3.61800627279,-0.0229080861424,0.000781707470438
-4,1,-7.23601254558,1.8090031364,-1,-1,-1.8090031364,-1.8090031364,0.00860043928885,-0.0200512600342
-4,1,-7.23601254558,1.8090031364,-1,0,-1.8090031364,0,-0.00877867163884,-0.0282391293656
-4,1,-7.23601254558,1.8090031364,-1,1,-1.8090031364,1.8090031364,0.0143688710276,0.0101276195666
-4,1,-7.23601254558,1.8090031364,-1,2,-1.8090031364,3.61800627279,-0.00698216187808,-0.00843883121321
-4,1,-7.23601254558,1.8090031364,-1,3,-1.8090031364,5.42700940919,0.00276231105415,-0.00213306493835
-4,1,-7.23601254558,1.8090031364,-1,4,-1.8090031364,7.23601254558,0.000983390585331,-0.00401650396183
-4,1,-7.23601254558,1.8090031364,0,-4,0,-7.23601254558,-0.00238092176957,-0.00100485037383
-4,1,-7.23601254558,1.8090031364,0,-3,0,-5.42700940919,0.000964643435775,-0.0101846461717
-4,1,-7.23601254558,1.8090031364,0,-2,0,-3.61800627279,0.0170592363703,-0.00280194517111
-4,1,-7.23601254558,1.8090031364,0,-1,0,-1.8090031364,-0.0184464361928,-0.0321177135482
-4,1,-7.23601254558,1.8090031364,0,0,0,0,-0.0275028493333,0.0529695262745
-4,1,-7.23601254558,1.8090031364,0,1,0,1.8090031364,-7.14239931806e-05,0.0103054590194
-4,1,-7.23601254558,1.8090031364,0,2,0,3.61800627279,0.00695659354566,-0.0118000061073
-4,1,-7.23601254558,1.8090031364,0,3,0,5.42700940919,-0.0109335489509,-0.00175663412526
-4,1,-7.23601254558,1.8090031364,0,4,0,7.23601254558,-0.0061723937077,-0.000641710299727
-4,1,-7.23601254558,1.8090031364,1,-4,1.8090031364,-7.23601254558,0.00027138584586,-0.00646874984247
-4,1,-7.23601254558,1.8090031364,1,-3,1.8090031364,-5.42700940919,-0.00148616752811,0.00997966576224
-4,1,-7.23601254558,1.8090031364,1,-2,1.8090031364,-3.61800627279,0.000248389900862,0.00236702461101
-4,1,-7.23601254558,1.8090031364,1,-1,1.8090031364,-1.8090031364,0.00422563456624,-0.0191308601712
-4,1,-7.23601254558,1.8090031364,1,0,1.8090031364,0,0.00837434673907,0.0048972840197
-4,1,-7.23601254558,1.8090031364,1,1,1.8090031364,1.8090031364,-0.0281365884798,0.00357484382163
-4,1,-7.23601254558,1.8090031364,1,2,1.8090031364,3.61800627279,0.0068341935932,0.00742513180234
-4,1,-7.23601254558,1.8090031364,1,3,1.8090031364,5.42700940919,0.00335632479768,0.00285102492085
-4,1,-7.23601254558,1.8090031364,1,4,1.8090031364,7.23601254558,0.00728757461237,-0.00468407492887
-4,1,-7.23601254558,1.8090031364,2,-4,3.61800627279,-7.23601254558,-0.00115712953822,0.00389187606645
-4,1,-7.23601254558,1.8090031364,2,-3,3.61800627279,-5.42700940919,0.00127657388412,0.00131133481953
-4,1,-7.23601254558,1.8090031364,2,-2,3.61800627279,-3.61800627279,0.0136640227171,0.0071649484839
-4,1,-7.23601254558,1.8090031364,2,-1,3.61800627279,-1.8090031364,0.00652748349094,0.0138602443638
-4,1,-7.23601254558,1.8090031364,2,0,3.61800627279,0,-0.00538618837305,0.00227384772558
-4,1,-7.23601254558,1.8090031364,2,1,3.61800627279,1.8090031364,0.0229879988287,-0.00729164477228
-4,1,-7.23601254558,1.8090031364,2,2,3.61800627279,3.61800627279,0.0109647166293,0.000337870820898
-4,1,-7.23601254558,1.8090031364,2,3,3.61800627279,5.42700940919,-0.00230693137138,-0.00107116388532
-4,1,-7.23601254558,1.8090031364,2,4,3.61800627279,7.23601254558,0.00261263927989,-4.25957260349e-05
-4,1,-7.23601254558,1.8090031364,3,-4,5.42700940919,-7.23601254558,-0.00218407958735,0.0014480251979
-4,1,-7.23601254558,1.8090031364,3,-3,5.42700940919,-5.42700940919,-0.00266205714703,-0.00103989829093
-4,1,-7.23601254558,1.8090031364,3,-2,5.42700940919,-3.61800627279,0.000723528667944,0.00226477015335
-4,1,-7.23601254558,1.8090031364,3,-1,5.42700940919,-1.8090031364,0.00278633594278,-0.00692706014351
-4,1,-7.23601254558,1.8090031364,3,0,5.42700940919,0,-0.00667237312433,-0.0158705102851
-4,1,-7.23601254558,1.8090031364,3,1,5.42700940919,1.8090031364,-0.00426994738712,0.0101607965413
-4,1,-7.23601254558,1.8090031364,3,2,5.42700940919,3.61800627279,-0.0053407177447,0.0048336210101
-4,1,-7.23601254558,1.8090031364,3,3,5.42700940919,5.42700940919,0.00374438064422,-0.000734143870949
-4,1,-7.23601254558,1.8090031364,3,4,5.42700940919,7.23601254558,0.00280802995036,-0.0035896858423
-4,1,-7.23601254558,1.8090031364,4,-4,7.23601254558,-7.23601254558,0.00307296017887,-0.00247324622626
-4,1,-7.23601254558,1.8090031364,4,-3,7.23601254558,-5.42700940919,0.00127708015715,0.00283763754882
-4,1,-7.23601254558,1.8090031364,4,-2,7.23601254558,-3.61800627279,0.00217356520131,-0.0053585094665
-4,1,-7.23601254558,1.8090031364,4,-1,7.23601254558,-1.8090031364,-0.0121851209379,-0.00598661074135
-4,1,-7.23601254558,1.8090031364,4,0,7.23601254558,0,-0.000126257330781,0.00816366357562
-4,1,-7.23601254558,1.8090031364,4,1,7.23601254558,1.8090031364,0.00461901571761,0.00573632234503
-4,1,-7.23601254558,1.8090031364,4,2,7.23601254558,3.61800627279,0.00386085783695,0.000952505157061
-4,1,-7.23601254558,1.8090031364,4,3,7.23601254558,5.42700940919,-0.00354440272275,-0.00608173243637
-4,1,-7.23601254558,1.8090031364,4,4,7.23601254558,7.23601254558,-0.00559168932133,0.00417576642771
-4,2,-7.23601254558,3.61800627279,-4,-4,-7.23601254558,-7.23601254558,-0.00479433190269,0.0017558830078
-4,2,-7.23601254558,3.61800627279,-4,-3,-7.23601254558,-5.42700940919,1.1291396908e-05,-0.000323333207019
-4,2,-7.23601254558,3.61800627279,-4,-2,-7.23601254558,-3.61800627279,0.00222782348781,0.00514180415175
-4,2,-7.23601254558,3.61800627279,-4,-1,-7.23601254558,-1.8090031364,0.0066569412039,0.000284189252465
-4,2,-7.23601254558,3.61800627279,-4,0,-7.23601254558,0,-0.00419112394763,0.00237961810651
-4,2,-7.23601254558,3.61800627279,-4,1,-7.23601254558,1.8090031364,0.00116719067982,7.45011692227e-05
-4,2,-7.23601254558,3.61800627279,-4,2,-7.23601254558,3.61800627279,0.0199630054501,0
-4,2,-7.23601254558,3.61800627279,-4,3,-7.23601254558,5.42700940919,0.00554825180703,0.00558486893952
-4,2,-7.23601254558,3.61800627279,-4,4,-7.23601254558,7.23601254558,0.00128941340025,-0.00319697351976
-4,2,-7.23601254558,3.61800627279,-3,-4,-5.42700940919,-7.23601254558,-0.00243193752352,0.00225553210272
-4,2,-7.23601254558,3.61800627279,-3,-3,-5.42700940919,-5.42700940919,-6.40962524054e-05,-0.00425297172529
-4,2,-7.23601254558,3.61800627279,-3,-2,-5.42700940919,-3.61800627279,0.00660671735879,-0.00554869836912
-4,2,-7.23601254558,3.61800627279,-3,-1,-5.42700940919,-1.8090031364,-0.00465808702387,-0.00055679697562
-4,2,-7.23601254558,3.61800627279,-3,0,-5.42700940919,0,0.00311262946501,0.00115781047742
-4,2,-7.23601254558,3.61800627279,-3,1,-5.42700940919,1.8090031364,-0.00405609729734,0.00136823309953
-4,2,-7.23601254558,3.61800627279,-3,2,-5.42700940919,3.61800627279,0.00193568916287,-0.00259165752205
-4,2,-7.23601254558,3.61800627279,-3,3,-5.42700940919,5.42700940919,0.0032736812154,-0.00180456871802
-4,2,-7.23601254558,3.61800627279,-3,4,-5.42700940919,7.23601254558,-0.00462096478088,0.00123555166359
-4,2,-7.23601254558,3.61800627279,-2,-4,-3.61800627279,-7.23601254558,-0.000262136889925,-0.00216444385684
-4,2,-7.23601254558,3.61800627279,-2,-3,-3.61800627279,-5.42700940919,0.000926828353507,-0.00574010141761
-4,2,-7.23601254558,3.61800627279,-2,-2,-3.61800627279,-3.61800627279,0.00893409114105,0.00288528043896
-4,2,-7.23601254558,3.61800627279,-2,-1,-3.61800627279,-1.8090031364,-0.00353067588278,0.00538122717708
-4,2,-7.23601254558,3.61800627279,-2,0,-3.61800627279,0,-0.0129089601284,-0.0136501018448
-4,2,-7.23601254558,3.61800627279,-2,1,-3.61800627279,1.8090031364,-0.00994960732018,-0.00214620071573
-4,2,-7.23601254558,3.61800627279,-2,2,-3.61800627279,3.61800627279,-0.0113120543567,0.00769041208243
-4,2,-7.23601254558,3.61800627279,-2,3,-3.61800627279,5.42700940919,-0.000587017898304,-0.00365395117582
-4,2,-7.23601254558,3.61800627279,-2,4,-3.61800627279,7.23601254558,-0.00238381087725,-0.00110945529298
-4,2,-7.23601254558,3.61800627279,-1,-4,-1.8090031364,-7.23601254558,-0.00169409835652,-0.00041757385803
-4,2,-7.23601254558,3.61800627279,-1,-3,-1.8090031364,-5.42700940919,-0.00417332250305,-0.00208996806418
-4,2,-7.23601254558,3.61800627279,-1,-2,-1.8090031364,-3.61800627279,0.00422426965715,-0.000724978720995
-4,2,-7.23601254558,3.61800627279,-1,-1,-1.8090031364,-1.8090031364,-0.0382536988686,-0.000344134786831
-4,2,-7.23601254558,3.61800627279,-1,0,-1.8090031364,0,0.00135881393762,-0.0209304968501
-4,2,-7.23601254558,3.61800627279,-1,1,-1.8090031364,1.8090031364,-0.00629179481312,-0.0222067538979
-4,2,-7.23601254558,3.61800627279,-1,2,-1.8090031364,3.61800627279,0.010246141669,0.00193727996512
-4,2,-7.23601254558,3.61800627279,-1,3,-1.8090031364,5.42700940919,-0.00677039285022,-0.00963245224879
-4,2,-7.23601254558,3.61800627279,-1,4,-1.8090031364,7.23601254558,0.000844895550746,-0.0015267123743
-4,2,-7.23601254558,3.61800627279,0,-4,0,-7.23601254558,-0.00527760710833,0.00479422037385
-4,2,-7.23601254558,3.61800627279,0,-3,0,-5.42700940919,-0.00688136851389,-0.00486060620603
-4,2,-7.23601254558,3.61800627279,0,-2,0,-3.61800627279,0.00428448563532,-0.0102123226472
-4,2,-7.23601254558,3.61800627279,0,-1,0,-1.8090031364,0.0197706882298,-0.00483155324821
-4,2,-7.23601254558,3.61800627279,0,0,0,0,-0.015726783925,-0.0336071562842
-4,2,-7.23601254558,3.61800627279,0,1,0,1.8090031364,-0.0243296336749,0.0329230334149
-4,2,-7.23601254558,3.61800627279,0,2,0,3.61800627279,-0.00595407945225,0.00635524404052
-4,2,-7.23601254558,3.61800627279,0,3,0,5.42700940919,0.00877705746161,-0.000825406704846
-4,2,-7.23601254558,3.61800627279,0,4,0,7.23601254558,-0.00305066038079,-0.00377213489566
-4,2,-7.23601254558,3.61800627279,1,-4,1.8090031364,-7.23601254558,-0.000331723191873,0.000300915191079
-4,2,-7.23601254558,3.61800627279,1,-3,1.8090031364,-5.42700940919,0.00231166579043,-0.00487941873071
-4,2,-7.23601254558,3.61800627279,1,-2,1.8090031364,-3.61800627279,-0.000358810825174,0.0120093214916
-4,2,-7.23601254558,3.61800627279,1,-1,1.8090031364,-1.8090031364,-0.00139803171534,0.00608307008449
-4,2,-7.23601254558,3.61800627279,1,0,1.8090031364,0,-0.00166137421458,-0.0232539208049
-4,2,-7.23601254558,3.61800627279,1,1,1.8090031364,1.8090031364,0.00644001165667,0.00757883258189
-4,2,-7.23601254558,3.61800627279,1,2,1.8090031364,3.61800627279,-0.00684523828409,0.00504777506555
-4,2,-7.23601254558,3.61800627279,1,3,1.8090031364,5.42700940919,-0.00137894396603,0.000788014545673
-4,2,-7.23601254558,3.61800627279,1,4,1.8090031364,7.23601254558,-0.00129253875658,0.00117728537462
-4,2,-7.23601254558,3.61800627279,2,-4,3.61800627279,-7.23601254558,-0.000503374050276,0.00337685819415
-4,2,-7.23601254558,3.61800627279,2,-3,3.61800627279,-5.42700940919,0.000338265486482,0.00345875306208
-4,2,-7.23601254558,3.61800627279,2,-2,3.61800627279,-3.61800627279,0.00177006624652,0.00126237598448
-4,2,-7.23601254558,3.61800627279,2,-1,3.61800627279,-1.8090031364,0.0191295333181,0.0125906299457
-4,2,-7.23601254558,3.61800627279,2,0,3.61800627279,0,0.00764110736618,0.0148526445905
-4,2,-7.23601254558,3.61800627279,2,1,3.61800627279,1.8090031364,-0.0023946819343,0.00413484926505
-4,2,-7.23601254558,3.61800627279,2,2,3.61800627279,3.61800627279,0.0138245858314,-0.000585113222125
-4,2,-7.23601254558,3.61800627279,2,3,3.61800627279,5.42700940919,0.00317511402268,-0.00182177166995
-4,2,-7.23601254558,3.61800627279,2,4,3.61800627279,7.23601254558,0.00327013876199,-0.00133119365648
-4,2,-7.23601254558,3.61800627279,3,-4,5.42700940919,-7.23601254558,0.00233856689976,0.00557630792557
-4,2,-7.23601254558,3.61800627279,3,-3,5.42700940919,-5.42700940919,0.000456751334431,0.00120582629965
-4,2,-7.23601254558,3.61800627279,3,-2,5.42700940919,-3.61800627279,-0.0032851488521,-0.00529673009505
-4,2,-7.23601254558,3.61800627279,3,-1,5.42700940919,-1.8090031364,0.00154641264541,0.00197256827406
-4,2,-7.23601254558,3.61800627279,3,0,5.42700940919,0,0.00310505248187,-0.00641195072057
-4,2,-7.23601254558,3.61800627279,3,1,5.42700940919,1.8090031364,-0.0013817915322,-0.00700207369072
-4,2,-7.23601254558,3.61800627279,3,2,5.42700940919,3.61800627279,0.000392790530763,-0.00072687618906
-4,2,-7.23601254558,3.61800627279,3,3,5.42700940919,5.42700940919,-0.00457130528809,0.00182227800434
-4,2,-7.23601254558,3.61800627279,3,4,5.42700940919,7.23601254558,0.00265737695372,-0.0012193378294
-4,2,-7.23601254558,3.61800627279,4,-4,7.23601254558,-7.23601254558,0.00215153146875,-0.00537036593394
-4,2,-7.23601254558,3.61800627279,4,-3,7.23601254558,-5.42700940919,-0.00490655145002,0.00107640267328
-4,2,-7.23601254558,3.61800627279,4,-2,7.23601254558,-3.61800627279,0.0048593716912,0.00555689298782
-4,2,-7.23601254558,3.61800627279,4,-1,7.23601254558,-1.8090031364,0.00217356520131,-0.0053585094665
-4,2,-7.23601254558,3.61800627279,4,0,7.23601254558,0,-0.00614854673163,-0.00294334442285
-4,2,-7.23601254558,3.61800627279,4,1,7.23601254558,1.8090031364,-0.00133891231939,-0.000800932873794
-4,2,-7.23601254558,3.61800627279,4,2,7.23601254558,3.61800627279,-0.00301837423857,0.00500997052341
-4,2,-7.23601254558,3.61800627279,4,3,7.23601254558,5.42700940919,0.00164926441293,0.00231068844767
-4,2,-7.23601254558,3.61800627279,4,4,7.23601254558,7.23601254558,-0.000899499119538,-0.00550343110561
-4,3,-7.23601254558,5.42700940919,-4,-4,-7.23601254558,-7.23601254558,-0.000614022925011,0.000641722363107
-4,3,-7.23601254558,5.42700940919,-4,-3,-7.23601254558,-5.42700940919,0.00305610256405,0.00134289566909
-4,3,-7.23601254558,5.42700940919,-4,-2,-7.23601254558,-3.61800627279,-0.00333973988738,-0.00186533376454
-4,3,-7.23601254558,5.42700940919,-4,-1,-7.23601254558,-1.8090031364,0.00252877810693,0.00902178584491
-4,3,-7.23601254558,5.42700940919,-4,0,-7.23601254558,0,0.00223685066525,0.0011008758866
-4,3,-7.23601254558,5.42700940919,-4,1,-7.23601254558,1.8090031364,-0.00132578873353,0.00607842570221
-4,3,-7.23601254558,5.42700940919,-4,2,-7.23601254558,3.61800627279,0.00554825180703,-0.00558486893952
-4,3,-7.23601254558,5.42700940919,-4,3,-7.23601254558,5.42700940919,-0.00229118548903,0
-4,3,-7.23601254558,5.42700940919,-4,4,-7.23601254558,7.23601254558,0.00520111558607,0.00378333590361
-4,3,-7.23601254558,5.42700940919,-3,-4,-5.42700940919,-7.23601254558,-0.00150188772304,0.000172719525969
-4,3,-7.23601254558,5.42700940919,-3,-3,-5.42700940919,-5.42700940919,-0.00470235526232,-4.8859910453e-05
-4,3,-7.23601254558,5.42700940919,-3,-2,-5.42700940919,-3.61800627279,0.00180237212701,0.000973527107918
-4,3,-7.23601254558,5.42700940919,-3,-1,-5.42700940919,-1.8090031364,0.00570184877186,-0.00401026998665
-4,3,-7.23601254558,5.42700940919,-3,0,-5.42700940919,0,-0.00536622630365,-0.0054606589599
-4,3,-7.23601254558,5.42700940919,-3,1,-5.42700940919,1.8090031364,0.00438885535852,-0.00365461161752
-4,3,-7.23601254558,5.42700940919,-3,2,-5.42700940919,3.61800627279,-0.00733623683068,0.00506864309533
-4,3,-7.23601254558,5.42700940919,-3,3,-5.42700940919,5.42700940919,0.00216435082487,0.000570848810911
-4,3,-7.23601254558,5.42700940919,-3,4,-5.42700940919,7.23601254558,0.00364001898548,-0.00685255023531
-4,3,-7.23601254558,5.42700940919,-2,-4,-3.61800627279,-7.23601254558,0.00205775307883,0.00099080712919
-4,3,-7.23601254558,5.42700940919,-2,-3,-3.61800627279,-5.42700940919,-0.00376085485672,0.00416769508805
-4,3,-7.23601254558,5.42700940919,-2,-2,-3.61800627279,-3.61800627279,0.0037319881014,-0.00937829047591
-4,3,-7.23601254558,5.42700940919,-2,-1,-3.61800627279,-1.8090031364,0.00627314257542,0.00273206652401
-4,3,-7.23601254558,5.42700940919,-2,0,-3.61800627279,0,-0.00639379202291,0.00493776817087
-4,3,-7.23601254558,5.42700940919,-2,1,-3.61800627279,1.8090031364,-0.00739829121232,-0.00359425731395
-4,3,-7.23601254558,5.42700940919,-2,2,-3.61800627279,3.61800627279,-0.00603506256059,-0.000586957954614
-4,3,-7.23601254558,5.42700940919,-2,3,-3.61800627279,5.42700940919,-0.00386452938236,0.00245072196894
-4,3,-7.23601254558,5.42700940919,-2,4,-3.61800627279,7.23601254558,-0.00242583206394,-0.00411987517353
-4,3,-7.23601254558,5.42700940919,-1,-4,-1.8090031364,-7.23601254558,0.00200682254476,-0.00558652113344
-4,3,-7.23601254558,5.42700940919,-1,-3,-1.8090031364,-5.42700940919,-0.00541281931245,0.000223038352188
-4,3,-7.23601254558,5.42700940919,-1,-2,-1.8090031364,-3.61800627279,-0.00730293287036,-0.00949090695489
-4,3,-7.23601254558,5.42700940919,-1,-1,-1.8090031364,-1.8090031364,0.00655585428235,-0.000396072990463
-4,3,-7.23601254558,5.42700940919,-1,0,-1.8090031364,0,-0.0384597729221,-0.00483062823785
-4,3,-7.23601254558,5.42700940919,-1,1,-1.8090031364,1.8090031364,-0.00586521394745,-0.0137747804107
-4,3,-7.23601254558,5.42700940919,-1,2,-1.8090031364,3.61800627279,0.00095442720542,-0.0122041613304
-4,3,-7.23601254558,5.42700940919,-1,3,-1.8090031364,5.42700940919,0.00599703503074,0.000344456636111
-4,3,-7.23601254558,5.42700940919,-1,4,-1.8090031364,7.23601254558,-0.00549952035747,-0.00513678895564
-4,3,-7.23601254558,5.42700940919,0,-4,0,-7.23601254558,-0.00622968628871,-0.00268767219002
-4,3,-7.23601254558,5.42700940919,0,-3,0,-5.42700940919,0.00287812377018,0.00542479578348
-4,3,-7.23601254558,5.42700940919,0,-2,0,-3.61800627279,-0.0114267848077,-0.00967089475391
-4,3,-7.23601254558,5.42700940919,0,-1,0,-1.8090031364,0.00596727402245,-0.0181803633777
-4,3,-7.23601254558,5.42700940919,0,0,0,0,0.0191488471566,-0.0062278660353
-4,3,-7.23601254558,5.42700940919,0,1,0,1.8090031364,0.00204854566026,-0.0119843174426
-4,3,-7.23601254558,5.42700940919,0,2,0,3.61800627279,-0.0187030419653,0.00949776323954
-4,3,-7.23601254558,5.42700940919,0,3,0,5.42700940919,-0.00457310452847,0.00194810316792
-4,3,-7.23601254558,5.42700940919,0,4,0,7.23601254558,0.00140235998982,-0.00103037645657
-4,3,-7.23601254558,5.42700940919,1,-4,1.8090031364,-7.23601254558,-0.00203158423169,-0.00282831367745
-4,3,-7.23601254558,5.42700940919,1,-3,1.8090031364,-5.42700940919,0.000413510600099,-7.61548676823e-05
-4,3,-7.23601254558,5.42700940919,1,-2,1.8090031364,-3.61800627279,0.00386446141489,-0.0076424484044
-4,3,-7.23601254558,5.42700940919,1,-1,1.8090031364,-1.8090031364,-0.00247305423273,0.0169464292198
-4,3,-7.23601254558,5.42700940919,1,0,1.8090031364,0,0.00613853530398,0.00287294930599
-4,3,-7.23601254558,5.42700940919,1,1,1.8090031364,1.8090031364,-0.00480447996159,-0.0209862025289
-4,3,-7.23601254558,5.42700940919,1,2,1.8090031364,3.61800627279,-0.00294252378493,0.00662109171909
-4,3,-7.23601254558,5.42700940919,1,3,1.8090031364,5.42700940919,0.00483414894402,0.00295922103291
-4,3,-7.23601254558,5.42700940919,1,4,1.8090031364,7.23601254558,-0.00246573774673,-0.00148716761139
-4,3,-7.23601254558,5.42700940919,2,-4,3.61800627279,-7.23601254558,-0.00277455590566,-0.000617109198962
-4,3,-7.23601254558,5.42700940919,2,-3,3.61800627279,-5.42700940919,0.000307301778173,0.00321595883507
-4,3,-7.23601254558,5.42700940919,2,-2,3.61800627279,-3.61800627279,0.00200871860066,0.00209145522321
-4,3,-7.23601254558,5.42700940919,2,-1,3.61800627279,-1.8090031364,0.00120739184731,-0.00112012664418
-4,3,-7.23601254558,5.42700940919,2,0,3.61800627279,0,0.0151663679376,0.0171718680328
-4,3,-7.23601254558,5.42700940919,2,1,3.61800627279,1.8090031364,0.008799260584,0.00703054361498
-4,3,-7.23601254558,5.42700940919,2,2,3.61800627279,3.61800627279,0.000880175382756,0.00434623706991
-4,3,-7.23601254558,5.42700940919,2,3,3.61800627279,5.42700940919,0.006370977559,0.00212127491125
-4,3,-7.23601254558,5.42700940919,2,4,3.61800627279,7.23601254558,-0.00026962969778,-0.000684728321626
-4,3,-7.23601254558,5.42700940919,3,-4,5.42700940919,-7.23601254558,-0.00675431188663,-0.00288025282882
-4,3,-7.23601254558,5.42700940919,3,-3,5.42700940919,-5.42700940919,0.000766787998514,0.00575424178726
-4,3,-7.23601254558,5.42700940919,3,-2,5.42700940919,-3.61800627279,0.000477295075023,-0.00297904049736
-4,3,-7.23601254558,5.42700940919,3,-1,5.42700940919,-1.8090031364,-0.00223417510788,-0.00323798567616
-4,3,-7.23601254558,5.42700940919,3,0,5.42700940919,0,0.00131259872197,-0.00147479174116
-4,3,-7.23601254558,5.42700940919,3,1,5.42700940919,1.8090031364,-0.00150973886145,-0.00726153464453
-4,3,-7.23601254558,5.42700940919,3,2,5.42700940919,3.61800627279,0.00372323163263,-0.00143216194838
-4,3,-7.23601254558,5.42700940919,3,3,5.42700940919,5.42700940919,0.00174302212848,0.00171129777752
-4,3,-7.23601254558,5.42700940919,3,4,5.42700940919,7.23601254558,-0.00332046719326,0.00240424904865
-4,3,-7.23601254558,5.42700940919,4,-4,7.23601254558,-7.23601254558,-0.000627633119517,-0.000895171420189
-4,3,-7.23601254558,5.42700940919,4,-3,7.23601254558,-5.42700940919,0.00813699225592,-0.00916322189269
-4,3,-7.23601254558,5.42700940919,4,-2,7.23601254558,-3.61800627279,-0.00490655145002,0.00107640267328
-4,3,-7.23601254558,5.42700940919,4,-1,7.23601254558,-1.8090031364,0.00127708015715,0.00283763754882
-4,3,-7.23601254558,5.42700940919,4,0,7.23601254558,0,-0.00135362944358,0.0026547431257
-4,3,-7.23601254558,5.42700940919,4,1,7.23601254558,1.8090031364,0.00344493199623,0.000173526293006
-4,3,-7.23601254558,5.42700940919,4,2,7.23601254558,3.61800627279,-0.000750097398308,-0.00187100790068
-4,3,-7.23601254558,5.42700940919,4,3,7.23601254558,5.42700940919,-0.00634265093034,0.00190691659119
-4,3,-7.23601254558,5.42700940919,4,4,7.23601254558,7.23601254558,-2.85448527069e-05,0.000911879436075
-4,4,-7.23601254558,7.23601254558,-4,-4,-7.23601254558,-7.23601254558,-0.00540749943535,-0.00360605590665
-4,4,-7.23601254558,7.23601254558,-4,-3,-7.23601254558,-5.42700940919,-0.00221031649883,0.00424366448886
-4,4,-7.23601254558,7.23601254558,-4,-2,-7.23601254558,-3.61800627279,0.00279866128673,-0.00139618386569
-4,4,-7.23601254558,7.23601254558,-4,-1,-7.23601254558,-1.8090031364,-0.00160544678083,-0.00357803803946
-4,4,-7.23601254558,7.23601254558,-4,0,-7.23601254558,0,0.00472529328298,0.000911561620735
-4,4,-7.23601254558,7.23601254558,-4,1,-7.23601254558,1.8090031364,-0.00504570961773,0.00392053907646
-4,4,-7.23601254558,7.23601254558,-4,2,-7.23601254558,3.61800627279,0.00128941340025,0.00319697351976
-4,4,-7.23601254558,7.23601254558,-4,3,-7.23601254558,5.42700940919,0.00520111558607,-0.00378333590361
-4,4,-7.23601254558,7.23601254558,-4,4,-7.23601254558,7.23601254558,-0.00551898423989,0
-4,4,-7.23601254558,7.23601254558,-3,-4,-5.42700940919,-7.23601254558,-0.00185944505945,-0.000489945389106
-4,4,-7.23601254558,7.23601254558,-3,-3,-5.42700940919,-5.42700940919,0.0017742032353,-0.00185337866377
-4,4,-7.23601254558,7.23601254558,-3,-2,-5.42700940919,-3.61800627279,-0.000475553308719,-0.00367180139657
-4,4,-7.23601254558,7.23601254558,-3,-1,-5.42700940919,-1.8090031364,-0.000640994298735,0.000201364197955
-4,4,-7.23601254558,7.23601254558,-3,0,-5.42700940919,0,-0.00341250332484,0.000349631662635
-4,4,-7.23601254558,7.23601254558,-3,1,-5.42700940919,1.8090031364,-0.000244817855603,-0.0010244950403
-4,4,-7.23601254558,7.23601254558,-3,2,-5.42700940919,3.61800627279,0.00309108400496,-0.00186405350023
-4,4,-7.23601254558,7.23601254558,-3,3,-5.42700940919,5.42700940919,-0.00414386471446,0.00408235618872
-4,4,-7.23601254558,7.23601254558,-3,4,-5.42700940919,7.23601254558,-0.00469424790088,0.00223977257529
-4,4,-7.23601254558,7.23601254558,-2,-4,-3.61800627279,-7.23601254558,-0.00380344266951,0.000474193561456
-4,4,-7.23601254558,7.23601254558,-2,-3,-3.61800627279,-5.42700940919,0.00413915569167,0.000922983664397
-4,4,-7.23601254558,7.23601254558,-2,-2,-3.61800627279,-3.61800627279,0.00547094023025,0.00635766696658
-4,4,-7.23601254558,7.23601254558,-2,-1,-3.61800627279,-1.8090031364,0.00301418572733,-0.00546131394999
-4,4,-7.23601254558,7.23601254558,-2,0,-3.61800627279,0,0.00463317076633,0.00102545355868
-4,4,-7.23601254558,7.23601254558,-2,1,-3.61800627279,1.8090031364,-0.00319591470008,0.000864002540066
-4,4,-7.23601254558,7.23601254558,-2,2,-3.61800627279,3.61800627279,-0.00257731765586,0.00189962593158
-4,4,-7.23601254558,7.23601254558,-2,3,-3.61800627279,5.42700940919,-0.0043965272782,0.000485442776933
-4,4,-7.23601254558,7.23601254558,-2,4,-3.61800627279,7.23601254558,-0.00139770373235,-0.000114805007683
-4,4,-7.23601254558,7.23601254558,-1,-4,-1.8090031364,-7.23601254558,0.00774389695712,0.00178153507547
-4,4,-7.23601254558,7.23601254558,-1,-3,-1.8090031364,-5.42700940919,-0.000410518785091,-0.00901079923017
-4,4,-7.23601254558,7.23601254558,-1,-2,-1.8090031364,-3.61800627279,-0.00123604165419,-0.00601186737455
-4,4,-7.23601254558,7.23601254558,-1,-1,-1.8090031364,-1.8090031364,-0.0213700352655,-0.00617913980495
-4,4,-7.23601254558,7.23601254558,-1,0,-1.8090031364,0,0.00341214823271,-0.000921934860517
-4,4,-7.23601254558,7.23601254558,-1,1,-1.8090031364,1.8090031364,-0.0281863040929,-0.00724590105095
-4,4,-7.23601254558,7.23601254558,-1,2,-1.8090031364,3.61800627279,-0.00225659132076,-0.00696839515007
-4,4,-7.23601254558,7.23601254558,-1,3,-1.8090031364,5.42700940919,0.00311528197774,-0.00256538986837
-4,4,-7.23601254558,7.23601254558,-1,4,-1.8090031364,7.23601254558,0.00055795803044,-0.000380908107315
-4,4,-7.23601254558,7.23601254558,0,-4,0,-7.23601254558,-0.00157281103681,-0.000383769022956
-4,4,-7.23601254558,7.23601254558,0,-3,0,-5.42700940919,-0.0129463805264,0.00097074121412
-4,4,-7.23601254558,7.23601254558,0,-2,0,-3.61800627279,-0.0032705799451,0.00606563090185
-4,4,-7.23601254558,7.23601254558,0,-1,0,-1.8090031364,-0.00569146944326,-0.00629106817496
-4,4,-7.23601254558,7.23601254558,0,0,0,0,0.00863978202309,-0.0369517174853
-4,4,-7.23601254558,7.23601254558,0,1,0,1.8090031364,0.0141775918152,-8.80062254029e-05
-4,4,-7.23601254558,7.23601254558,0,2,0,3.61800627279,0.00632070091539,-0.00487242467779
-4,4,-7.23601254558,7.23601254558,0,3,0,5.42700940919,-0.00331291375288,0.00535628539752
-4,4,-7.23601254558,7.23601254558,0,4,0,7.23601254558,-0.00369039389519,0.000542233265289
-4,4,-7.23601254558,7.23601254558,1,-4,1.8090031364,-7.23601254558,0.00515362339505,0.00407022556581
-4,4,-7.23601254558,7.23601254558,1,-3,1.8090031364,-5.42700940919,0.0064726316857,-0.00188682230575
-4,4,-7.23601254558,7.23601254558,1,-2,1.8090031364,-3.61800627279,0.00137812434749,0.00183889156152
-4,4,-7.23601254558,7.23601254558,1,-1,1.8090031364,-1.8090031364,9.52882319587e-05,-0.0265510487112
-4,4,-7.23601254558,7.23601254558,1,0,1.8090031364,0,-0.00858447029879,0.0182766826593
-4,4,-7.23601254558,7.23601254558,1,1,1.8090031364,1.8090031364,0.0194197623143,0.00444832421856
-4,4,-7.23601254558,7.23601254558,1,2,1.8090031364,3.61800627279,-0.00702201350358,-0.0121795865258
-4,4,-7.23601254558,7.23601254558,1,3,1.8090031364,5.42700940919,-0.00300200548719,0.000376053300881
-4,4,-7.23601254558,7.23601254558,1,4,1.8090031364,7.23601254558,0.00213174784287,0.000288200158477
-4,4,-7.23601254558,7.23601254558,2,-4,3.61800627279,-7.23601254558,0.00214206173888,-0.000220568517647
-4,4,-7.23601254558,7.23601254558,2,-3,3.61800627279,-5.42700940919,0.000986492592776,-0.002262845361
-4,4,-7.23601254558,7.23601254558,2,-2,3.61800627279,-3.61800627279,-0.00632414998657,0.0106187157455
-4,4,-7.23601254558,7.23601254558,2,-1,3.61800627279,-1.8090031364,0.00212726338806,0.00018176580556
-4,4,-7.23601254558,7.23601254558,2,0,3.61800627279,0,-0.000402295910348,-0.00504433885923
-4,4,-7.23601254558,7.23601254558,2,1,3.61800627279,1.8090031364,0.0157616792916,0.015460281873
-4,4,-7.23601254558,7.23601254558,2,2,3.61800627279,3.61800627279,-0.000161999806678,0.00452820501554
-4,4,-7.23601254558,7.23601254558,2,3,3.61800627279,5.42700940919,-0.00260461539151,-0.002283138589
-4,4,-7.23601254558,7.23601254558,2,4,3.61800627279,7.23601254558,0.000964905458511,0.00180218771914
-4,4,-7.23601254558,7.23601254558,3,-4,5.42700940919,-7.23601254558,0.00169695853669,0.00247704111094
-4,4,-7.23601254558,7.23601254558,3,-3,5.42700940919,-5.42700940919,-0.006181144111,-0.000630215437934
-4,4,-7.23601254558,7.23601254558,3,-2,5.42700940919,-3.61800627279,-0.0017959533183,0.003036489053
-4,4,-7.23601254558,7.23601254558,3,-1,5.42700940919,-1.8090031364,-0.00150264132059,-0.00351100721105
-4,4,-7.23601254558,7.23601254558,3,0,5.42700940919,0,-0.002206218054,0.00122793256513
-4,4,-7.23601254558,7.23601254558,3,1,5.42700940919,1.8090031364,-0.00182040665739,-0.00504875252348
-4,4,-7.23601254558,7.23601254558,3,2,5.42700940919,3.61800627279,0.000251367697319,-0.00436304431508
-4,4,-7.23601254558,7.23601254558,3,3,5.42700940919,5.42700940919,0.000908155086332,-0.00209708825845
-4,4,-7.23601254558,7.23601254558,3,4,5.42700940919,7.23601254558,0.00318267254162,0.00471035378911
-4,4,-7.23601254558,7.23601254558,4,-4,7.23601254558,-7.23601254558,-0.00661376383742,0.00220817031804
-4,4,-7.23601254558,7.23601254558,4,-3,7.23601254558,-5.42700940919,-0.000627633119517,-0.000895171420189
-4,4,-7.23601254558,7.23601254558,4,-2,7.23601254558,-3.61800627279,0.00215153146875,-0.00537036593394
-4,4,-7.23601254558,7.23601254558,4,-1,7.23601254558,-1.8090031364,0.00307296017887,-0.00247324622626
-4,4,-7.23601254558,7.23601254558,4,0,7.23601254558,0,-0.00486361611301,-0.000849759174839
-4,4,-7.23601254558,7.23601254558,4,1,7.23601254558,1.8090031364,-0.00306437796025,0.00334438040742
-4,4,-7.23601254558,7.23601254558,4,2,7.23601254558,3.61800627279,0.00534282727056,-0.00301911150288
-4,4,-7.23601254558,7.23601254558,4,3,7.23601254558,5.42700940919,0.00058027946134,0.00245490079037
-4,4,-7.23601254558,7.23601254558,4,4,7.23601254558,7.23601254558,-0.00152121903806,-0.00262893978734
-3,-4,-5.42700940919,-7.23601254558,-4,-4,-7.23601254558,-7.23601254558,-0.00136472874038,0.00204573820915
-3,-4,-5.42700940919,-7.23601254558,-4,-3,-7.23601254558,-5.42700940919,0.00092902361982,-0.00123197762892
-3,-4,-5.42700940919,-7.23601254558,-4,-2,-7.23601254558,-3.61800627279,-0.00122558468854,0.000417869561334
-3,-4,-5.42700940919,-7.23601254558,-4,-1,-7.23601254558,-1.8090031364,0.000134736369549,-0.00329649900682
-3,-4,-5.42700940919,-7.23601254558,-4,0,-7.23601254558,0,-0.00666185244943,0.000589842649463
-3,-4,-5.42700940919,-7.23601254558,-4,1,-7.23601254558,1.8090031364,0.00243013839399,0.00518733625323
-3,-4,-5.42700940919,-7.23601254558,-4,2,-7.23601254558,3.61800627279,-0.00243193752352,-0.00225553210272
-3,-4,-5.42700940919,-7.23601254558,-4,3,-7.23601254558,5.42700940919,-0.00150188772304,-0.000172719525969
-3,-4,-5.42700940919,-7.23601254558,-4,4,-7.23601254558,7.23601254558,-0.00185944505945,0.000489945389106
-3,-4,-5.42700940919,-7.23601254558,-3,-4,-5.42700940919,-7.23601254558,0.0132456728081,0
-3,-4,-5.42700940919,-7.23601254558,-3,-3,-5.42700940919,-5.42700940919,0.000560610255302,0.00123768441425
-3,-4,-5.42700940919,-7.23601254558,-3,-2,-5.42700940919,-3.61800627279,-0.00161486182109,-0.00633440102776
-3,-4,-5.42700940919,-7.23601254558,-3,-1,-5.42700940919,-1.8090031364,-0.00281357552432,-0.00370652066452
-3,-4,-5.42700940919,-7.23601254558,-3,0,-5.42700940919,0,0.012785363277,0.00291894885776
-3,-4,-5.42700940919,-7.23601254558,-3,1,-5.42700940919,1.8090031364,-0.00195667527713,-0.00140974228691
-3,-4,-5.42700940919,-7.23601254558,-3,2,-5.42700940919,3.61800627279,-0.00659902443197,-0.00682777660945
-3,-4,-5.42700940919,-7.23601254558,-3,3,-5.42700940919,5.42700940919,-0.000640783719816,-0.000714879977159
-3,-4,-5.42700940919,-7.23601254558,-3,4,-5.42700940919,7.23601254558,-0.00439931958301,0.00391054872872
-3,-4,-5.42700940919,-7.23601254558,-2,-4,-3.61800627279,-7.23601254558,1.23376716876e-05,-0.000994155286876
-3,-4,-5.42700940919,-7.23601254558,-2,-3,-3.61800627279,-5.42700940919,-0.00294546272982,0.00208169557419
-3,-4,-5.42700940919,-7.23601254558,-2,-2,-3.61800627279,-3.61800627279,-0.00365703804314,-0.00577540186091
-3,-4,-5.42700940919,-7.23601254558,-2,-1,-3.61800627279,-1.8090031364,-0.00740280894272,-0.00693417619079
-3,-4,-5.42700940919,-7.23601254558,-2,0,-3.61800627279,0,-0.00174557420295,-0.0031153712682
-3,-4,-5.42700940919,-7.23601254558,-2,1,-3.61800627279,1.8090031364,0.00340883773162,0.00423490918691
-3,-4,-5.42700940919,-7.23601254558,-2,2,-3.61800627279,3.61800627279,-0.0046078067637,-0.00340104151599
-3,-4,-5.42700940919,-7.23601254558,-2,3,-3.61800627279,5.42700940919,0.00188652623698,0.00311188619335
-3,-4,-5.42700940919,-7.23601254558,-2,4,-3.61800627279,7.23601254558,0.00166410805108,0.00216597094261
-3,-4,-5.42700940919,-7.23601254558,-1,-4,-1.8090031364,-7.23601254558,-0.00704155785698,0.00533394195582
-3,-4,-5.42700940919,-7.23601254558,-1,-3,-1.8090031364,-5.42700940919,0.00349807089762,-0.00117492246899
-3,-4,-5.42700940919,-7.23601254558,-1,-2,-1.8090031364,-3.61800627279,0.00432249832584,-0.000431145108098
-3,-4,-5.42700940919,-7.23601254558,-1,-1,-1.8090031364,-1.8090031364,-0.0246606761201,0.0105281148697
-3,-4,-5.42700940919,-7.23601254558,-1,0,-1.8090031364,0,0.025928874376,-0.0051194757012
-3,-4,-5.42700940919,-7.23601254558,-1,1,-1.8090031364,1.8090031364,-0.00416644151859,0.00913146454112
-3,-4,-5.42700940919,-7.23601254558,-1,2,-1.8090031364,3.61800627279,7.16306655681e-05,0.00861661945734
-3,-4,-5.42700940919,-7.23601254558,-1,3,-1.8090031364,5.42700940919,-0.00358186006981,-0.00435243869678
-3,-4,-5.42700940919,-7.23601254558,-1,4,-1.8090031364,7.23601254558,0.00190970249157,-0.00282961481299
-3,-4,-5.42700940919,-7.23601254558,0,-4,0,-7.23601254558,0.00477413100668,0.00192805362173
-3,-4,-5.42700940919,-7.23601254558,0,-3,0,-5.42700940919,-0.00508031911336,-0.00689541987507
-3,-4,-5.42700940919,-7.23601254558,0,-2,0,-3.61800627279,0.0103576832162,0.00340644801409
-3,-4,-5.42700940919,-7.23601254558,0,-1,0,-1.8090031364,-0.00667581761592,0.0109759216191
-3,-4,-5.42700940919,-7.23601254558,0,0,0,0,-0.0547399188455,-0.00883212997546
-3,-4,-5.42700940919,-7.23601254558,0,1,0,1.8090031364,0.0156674151272,0.024105766537
-3,-4,-5.42700940919,-7.23601254558,0,2,0,3.61800627279,0.00699308939966,-0.0135449007434
-3,-4,-5.42700940919,-7.23601254558,0,3,0,5.42700940919,0.00576417177759,-0.00537420250553
-3,-4,-5.42700940919,-7.23601254558,0,4,0,7.23601254558,3.33204330547e-05,-0.00452202305416
-3,-4,-5.42700940919,-7.23601254558,1,-4,1.8090031364,-7.23601254558,0.00403970575577,0.0027083430643
-3,-4,-5.42700940919,-7.23601254558,1,-3,1.8090031364,-5.42700940919,-0.00493250579984,-0.00394664359666
-3,-4,-5.42700940919,-7.23601254558,1,-2,1.8090031364,-3.61800627279,-0.0116114284274,-0.00448105408281
-3,-4,-5.42700940919,-7.23601254558,1,-1,1.8090031364,-1.8090031364,-0.0110962941078,0.00369867361309
-3,-4,-5.42700940919,-7.23601254558,1,0,1.8090031364,0,-0.006854840967,0.0290331690703
-3,-4,-5.42700940919,-7.23601254558,1,1,1.8090031364,1.8090031364,0.0059350882473,-0.00746528681292
-3,-4,-5.42700940919,-7.23601254558,1,2,1.8090031364,3.61800627279,0.00739923567147,-0.0132460465561
-3,-4,-5.42700940919,-7.23601254558,1,3,1.8090031364,5.42700940919,0.00464805464646,-0.000954250029693
-3,-4,-5.42700940919,-7.23601254558,1,4,1.8090031364,7.23601254558,0.00250393596857,0.00401356674399
-3,-4,-5.42700940919,-7.23601254558,2,-4,3.61800627279,-7.23601254558,0.00550683603455,-0.00272224030745
-3,-4,-5.42700940919,-7.23601254558,2,-3,3.61800627279,-5.42700940919,-0.00494095271181,-0.00260165959139
-3,-4,-5.42700940919,-7.23601254558,2,-2,3.61800627279,-3.61800627279,0.00404753988936,-0.000283714021707
-3,-4,-5.42700940919,-7.23601254558,2,-1,3.61800627279,-1.8090031364,0.0179538312306,-0.0155972544589
-3,-4,-5.42700940919,-7.23601254558,2,0,3.61800627279,0,-0.0120605119939,0.00936341225844
-3,-4,-5.42700940919,-7.23601254558,2,1,3.61800627279,1.8090031364,-0.0199126887604,-0.00259467502988
-3,-4,-5.42700940919,-7.23601254558,2,2,3.61800627279,3.61800627279,-0.000815375722162,-0.00698379578448
-3,-4,-5.42700940919,-7.23601254558,2,3,3.61800627279,5.42700940919,-0.00114374866246,0.00289621551545
-3,-4,-5.42700940919,-7.23601254558,2,4,3.61800627279,7.23601254558,-0.000888304019511,0.00140783082288
-3,-4,-5.42700940919,-7.23601254558,3,-4,5.42700940919,-7.23601254558,0.00310555814462,-0.000921053328628
-3,-4,-5.42700940919,-7.23601254558,3,-3,5.42700940919,-5.42700940919,0.00159998309465,0.00182407510388
-3,-4,-5.42700940919,-7.23601254558,3,-2,5.42700940919,-3.61800627279,0.00237482780753,-0.0011764415854
-3,-4,-5.42700940919,-7.23601254558,3,-1,5.42700940919,-1.8090031364,0.00337541978583,0.00335553368099
-3,-4,-5.42700940919,-7.23601254558,3,0,5.42700940919,0,0.0035905262806,-0.00301803920265
-3,-4,-5.42700940919,-7.23601254558,3,1,5.42700940919,1.8090031364,-0.00476774981992,0.00794237298547
-3,-4,-5.42700940919,-7.23601254558,3,2,5.42700940919,3.61800627279,0.00321777154874,-0.00453084617928
-3,-4,-5.42700940919,-7.23601254558,3,3,5.42700940919,5.42700940919,-0.00276808328752,-0.0020523737633
-3,-4,-5.42700940919,-7.23601254558,3,4,5.42700940919,7.23601254558,-0.00034127623692,0.0019277724103
-3,-4,-5.42700940919,-7.23601254558,4,-4,7.23601254558,-7.23601254558,0.00318267254162,0.00471035378911
-3,-4,-5.42700940919,-7.23601254558,4,-3,7.23601254558,-5.42700940919,-0.00332046719326,0.00240424904865
-3,-4,-5.42700940919,-7.23601254558,4,-2,7.23601254558,-3.61800627279,0.00265737695372,-0.0012193378294
-3,-4,-5.42700940919,-7.23601254558,4,-1,7.23601254558,-1.8090031364,0.00280802995036,-0.0035896858423
-3,-4,-5.42700940919,-7.23601254558,4,0,7.23601254558,0,-0.00534976414289,0.00077912461409
-3,-4,-5.42700940919,-7.23601254558,4,1,7.23601254558,1.8090031364,-0.00276281371806,-0.000705442120019
-3,-4,-5.42700940919,-7.23601254558,4,2,7.23601254558,3.61800627279,-0.0033791618958,-0.0021177892628
-3,-4,-5.42700940919,-7.23601254558,4,3,7.23601254558,5.42700940919,0.00521327349945,-0.000732258428764
-3,-4,-5.42700940919,-7.23601254558,4,4,7.23601254558,7.23601254558,0.00123890392016,-0.00197489186435
-3,-3,-5.42700940919,-5.42700940919,-4,-4,-7.23601254558,-7.23601254558,-0.00195923927251,-0.000410702845131
-3,-3,-5.42700940919,-5.42700940919,-4,-3,-7.23601254558,-5.42700940919,0.00286859322974,-0.0021832912254
-3,-3,-5.42700940919,-5.42700940919,-4,-2,-7.23601254558,-3.61800627279,-0.00117732537758,-0.000792023216919
-3,-3,-5.42700940919,-5.42700940919,-4,-1,-7.23601254558,-1.8090031364,-0.00029695493071,0.00311920142168
-3,-3,-5.42700940919,-5.42700940919,-4,0,-7.23601254558,0,0.00229541740448,-0.00454558547979
-3,-3,-5.42700940919,-5.42700940919,-4,1,-7.23601254558,1.8090031364,-0.00334288599921,0.00293831014122
-3,-3,-5.42700940919,-5.42700940919,-4,2,-7.23601254558,3.61800627279,-6.40962524054e-05,0.00425297172529
-3,-3,-5.42700940919,-5.42700940919,-4,3,-7.23601254558,5.42700940919,-0.00470235526232,4.8859910453e-05
-3,-3,-5.42700940919,-5.42700940919,-4,4,-7.23601254558,7.23601254558,0.0017742032353,0.00185337866377
-3,-3,-5.42700940919,-5.42700940919,-3,-4,-5.42700940919,-7.23601254558,0.000560610255302,-0.00123768441425
-3,-3,-5.42700940919,-5.42700940919,-3,-3,-5.42700940919,-5.42700940919,0.0312364937802,0
-3,-3,-5.42700940919,-5.42700940919,-3,-2,-5.42700940919,-3.61800627279,0.00654757961998,0.00598957515378
-3,-3,-5.42700940919,-5.42700940919,-3,-1,-5.42700940919,-1.8090031364,-0.000440609885391,-0.0157691480896
-3,-3,-5.42700940919,-5.42700940919,-3,0,-5.42700940919,0,-0.00441136444287,-0.00524051153233
-3,-3,-5.42700940919,-5.42700940919,-3,1,-5.42700940919,1.8090031364,0.0068657347427,-0.00359984921593
-3,-3,-5.42700940919,-5.42700940919,-3,2,-5.42700940919,3.61800627279,-0.00227773441825,0.00296346791656
-3,-3,-5.42700940919,-5.42700940919,-3,3,-5.42700940919,5.42700940919,0.00071312414194,-0.00648981666147
-3,-3,-5.42700940919,-5.42700940919,-3,4,-5.42700940919,7.23601254558,-0.000759356075768,-0.0084755118909
-3,-3,-5.42700940919,-5.42700940919,-2,-4,-3.61800627279,-7.23601254558,-0.0038675510572,0.00342501566678
-3,-3,-5.42700940919,-5.42700940919,-2,-3,-3.61800627279,-5.42700940919,0.00149547908752,-0.00045504578968
-3,-3,-5.42700940919,-5.42700940919,-2,-2,-3.61800627279,-3.61800627279,-0.00550716440268,0.000556206864443
-3,-3,-5.42700940919,-5.42700940919,-2,-1,-3.61800627279,-1.8090031364,-0.00860205381417,-0.0163529820764
-3,-3,-5.42700940919,-5.42700940919,-2,0,-3.61800627279,0,-0.0153659498675,-0.0075294519807
-3,-3,-5.42700940919,-5.42700940919,-2,1,-3.61800627279,1.8090031364,-0.00214923043695,-0.00248308771936
-3,-3,-5.42700940919,-5.42700940919,-2,2,-3.61800627279,3.61800627279,0.00956110863492,0.00333908108517
-3,-3,-5.42700940919,-5.42700940919,-2,3,-3.61800627279,5.42700940919,-0.00970617637193,-0.00409149403322
-3,-3,-5.42700940919,-5.42700940919,-2,4,-3.61800627279,7.23601254558,-0.000288301843003,0.00232901057668
-3,-3,-5.42700940919,-5.42700940919,-1,-4,-1.8090031364,-7.23601254558,-0.00210113831231,0.00144021646389
-3,-3,-5.42700940919,-5.42700940919,-1,-3,-1.8090031364,-5.42700940919,-0.0150242378876,0.00642871796009
-3,-3,-5.42700940919,-5.42700940919,-1,-2,-1.8090031364,-3.61800627279,-0.0026746361127,-0.00471290769118
-3,-3,-5.42700940919,-5.42700940919,-1,-1,-1.8090031364,-1.8090031364,-0.00358906274606,-0.00689337638874
-3,-3,-5.42700940919,-5.42700940919,-1,0,-1.8090031364,0,-0.0196484870277,0.0209061833212
-3,-3,-5.42700940919,-5.42700940919,-1,1,-1.8090031364,1.8090031364,0.0242415813507,-0.000586370253581
-3,-3,-5.42700940919,-5.42700940919,-1,2,-1.8090031364,3.61800627279,-0.00100268290921,0.00341442549881
-3,-3,-5.42700940919,-5.42700940919,-1,3,-1.8090031364,5.42700940919,0.0018944822048,0.00435268196972
-3,-3,-5.42700940919,-5.42700940919,-1,4,-1.8090031364,7.23601254558,-0.00242393369524,0.00160111537528
-3,-3,-5.42700940919,-5.42700940919,0,-4,0,-7.23601254558,-0.00265009733156,-0.0051025115233
-3,-3,-5.42700940919,-5.42700940919,0,-3,0,-5.42700940919,0.00627893258917,-0.00230326009794
-3,-3,-5.42700940919,-5.42700940919,0,-2,0,-3.61800627279,-0.0175069209999,-0.0133189002045
-3,-3,-5.42700940919,-5.42700940919,0,-1,0,-1.8090031364,0.017941626761,0.00204453992308
-3,-3,-5.42700940919,-5.42700940919,0,0,0,0,-0.00649633172929,0.0268171178485
-3,-3,-5.42700940919,-5.42700940919,0,1,0,1.8090031364,-0.0438858888971,-0.00506139615866
-3,-3,-5.42700940919,-5.42700940919,0,2,0,3.61800627279,0.0093619318008,0.00650590331647
-3,-3,-5.42700940919,-5.42700940919,0,3,0,5.42700940919,0.000182937157208,-0.00162127981777
-3,-3,-5.42700940919,-5.42700940919,0,4,0,7.23601254558,0.00506295556238,-0.00389248220282
-3,-3,-5.42700940919,-5.42700940919,1,-4,1.8090031364,-7.23601254558,-0.00334519820031,0.00144262465822
-3,-3,-5.42700940919,-5.42700940919,1,-3,1.8090031364,-5.42700940919,-0.00344171244366,0.00435890120517
-3,-3,-5.42700940919,-5.42700940919,1,-2,1.8090031364,-3.61800627279,0.00555277408495,-0.000968895109753
-3,-3,-5.42700940919,-5.42700940919,1,-1,1.8090031364,-1.8090031364,-0.0214921102756,-0.00215162473733
-3,-3,-5.42700940919,-5.42700940919,1,0,1.8090031364,0,-0.0101544799588,0.00524477645385
-3,-3,-5.42700940919,-5.42700940919,1,1,1.8090031364,1.8090031364,-0.0105088956765,0.0152494181254
-3,-3,-5.42700940919,-5.42700940919,1,2,1.8090031364,3.61800627279,0.00684014899319,0.0073391150988
-3,-3,-5.42700940919,-5.42700940919,1,3,1.8090031364,5.42700940919,0.00489822112157,-0.00994243558573
-3,-3,-5.42700940919,-5.42700940919,1,4,1.8090031364,7.23601254558,0.00465136757912,-0.00200686963706
-3,-3,-5.42700940919,-5.42700940919,2,-4,3.61800627279,-7.23601254558,0.000987332892774,0.00670821428505
-3,-3,-5.42700940919,-5.42700940919,2,-3,3.61800627279,-5.42700940919,0.00257275078035,0.00235007963378
-3,-3,-5.42700940919,-5.42700940919,2,-2,3.61800627279,-3.61800627279,0.00220853932451,0.000571689510804
-3,-3,-5.42700940919,-5.42700940919,2,-1,3.61800627279,-1.8090031364,0.00470518469475,0.000718036763009
-3,-3,-5.42700940919,-5.42700940919,2,0,3.61800627279,0,0.0191513845882,-0.019828428247
-3,-3,-5.42700940919,-5.42700940919,2,1,3.61800627279,1.8090031364,-0.00809643643824,0.0113276404868
-3,-3,-5.42700940919,-5.42700940919,2,2,3.61800627279,3.61800627279,-0.00814950960941,-0.00735644704721
-3,-3,-5.42700940919,-5.42700940919,2,3,3.61800627279,5.42700940919,0.00174215697391,-0.00570461136096
-3,-3,-5.42700940919,-5.42700940919,2,4,3.61800627279,7.23601254558,0.00256554735043,0.00185441979325
-3,-3,-5.42700940919,-5.42700940919,3,-4,5.42700940919,-7.23601254558,-9.74791483102e-05,-0.00188772522266
-3,-3,-5.42700940919,-5.42700940919,3,-3,5.42700940919,-5.42700940919,0.00349419330133,-0.000337234953566
-3,-3,-5.42700940919,-5.42700940919,3,-2,5.42700940919,-3.61800627279,0.00399061184652,-0.000943073729761
-3,-3,-5.42700940919,-5.42700940919,3,-1,5.42700940919,-1.8090031364,0.000161796165198,-0.00170481374788
-3,-3,-5.42700940919,-5.42700940919,3,0,5.42700940919,0,0.00546672744016,0.00572504926138
-3,-3,-5.42700940919,-5.42700940919,3,1,5.42700940919,1.8090031364,0.00246384734356,-0.00387488908883
-3,-3,-5.42700940919,-5.42700940919,3,2,5.42700940919,3.61800627279,-0.00225406702031,0.00284800190702
-3,-3,-5.42700940919,-5.42700940919,3,3,5.42700940919,5.42700940919,0.00259184607428,-0.00207609941073
-3,-3,-5.42700940919,-5.42700940919,3,4,5.42700940919,7.23601254558,-0.00276808328752,-0.0020523737633
-3,-3,-5.42700940919,-5.42700940919,4,-4,7.23601254558,-7.23601254558,0.000908155086332,-0.00209708825845
-3,-3,-5.42700940919,-5.42700940919,4,-3,7.23601254558,-5.42700940919,0.00174302212848,0.00171129777752
-3,-3,-5.42700940919,-5.42700940919,4,-2,7.23601254558,-3.61800627279,-0.00457130528809,0.00182227800434
-3,-3,-5.42700940919,-5.42700940919,4,-1,7.23601254558,-1.8090031364,0.00374438064422,-0.000734143870949
-3,-3,-5.42700940919,-5.42700940919,4,0,7.23601254558,0,-0.000914966966024,-0.00366692272027
-3,-3,-5.42700940919,-5.42700940919,4,1,7.23601254558,1.8090031364,0.00221997922061,0.000608844480888
-3,-3,-5.42700940919,-5.42700940919,4,2,7.23601254558,3.61800627279,-0.00670549880794,-0.00113403822793
-3,-3,-5.42700940919,-5.42700940919,4,3,7.23601254558,5.42700940919,-0.00541043343276,-0.00216555981271
-3,-3,-5.42700940919,-5.42700940919,4,4,7.23601254558,7.23601254558,0.00457760996972,-0.000259212554657
-3,-2,-5.42700940919,-3.61800627279,-4,-4,-7.23601254558,-7.23601254558,-0.00352632669694,-0.000144656078027
-3,-2,-5.42700940919,-3.61800627279,-4,-3,-7.23601254558,-5.42700940919,-0.00147976975037,0.00352958481734
-3,-2,-5.42700940919,-3.61800627279,-4,-2,-7.23601254558,-3.61800627279,0.00573101546011,-0.00379152243174
-3,-2,-5.42700940919,-3.61800627279,-4,-1,-7.23601254558,-1.8090031364,-0.00748982306012,-0.00445568545177
-3,-2,-5.42700940919,-3.61800627279,-4,0,-7.23601254558,0,-0.000375652778634,0.000412926712045
-3,-2,-5.42700940919,-3.61800627279,-4,1,-7.23601254558,1.8090031364,-0.000921388761334,-0.00189369723796
-3,-2,-5.42700940919,-3.61800627279,-4,2,-7.23601254558,3.61800627279,0.00660671735879,0.00554869836912
-3,-2,-5.42700940919,-3.61800627279,-4,3,-7.23601254558,5.42700940919,0.00180237212701,-0.000973527107918
-3,-2,-5.42700940919,-3.61800627279,-4,4,-7.23601254558,7.23601254558,-0.000475553308719,0.00367180139657
-3,-2,-5.42700940919,-3.61800627279,-3,-4,-5.42700940919,-7.23601254558,-0.00161486182109,0.00633440102776
-3,-2,-5.42700940919,-3.61800627279,-3,-3,-5.42700940919,-5.42700940919,0.00654757961998,-0.00598957515378
-3,-2,-5.42700940919,-3.61800627279,-3,-2,-5.42700940919,-3.61800627279,0.0652778997976,0
-3,-2,-5.42700940919,-3.61800627279,-3,-1,-5.42700940919,-1.8090031364,0.00949741723153,0.00294407912959
-3,-2,-5.42700940919,-3.61800627279,-3,0,-5.42700940919,0,-0.00268074414677,-0.0171012200345
-3,-2,-5.42700940919,-3.61800627279,-3,1,-5.42700940919,1.8090031364,0.00686457446407,-0.00308076168048
-3,-2,-5.42700940919,-3.61800627279,-3,2,-5.42700940919,3.61800627279,0.00580009881662,-0.00891186084388
-3,-2,-5.42700940919,-3.61800627279,-3,3,-5.42700940919,5.42700940919,-0.00442040554572,0.00678622172591
-3,-2,-5.42700940919,-3.61800627279,-3,4,-5.42700940919,7.23601254558,0.000157345728559,-0.00367715958799
-3,-2,-5.42700940919,-3.61800627279,-2,-4,-3.61800627279,-7.23601254558,0.000964050899282,-0.0012285127262
-3,-2,-5.42700940919,-3.61800627279,-2,-3,-3.61800627279,-5.42700940919,-0.00882230555113,0.00288953489098
-3,-2,-5.42700940919,-3.61800627279,-2,-2,-3.61800627279,-3.61800627279,0.00751374735441,0.00410294494245
-3,-2,-5.42700940919,-3.61800627279,-2,-1,-3.61800627279,-1.8090031364,-0.01167793584,0.00614153905594
-3,-2,-5.42700940919,-3.61800627279,-2,0,-3.61800627279,0,-0.0034274317285,-0.0172081386977
-3,-2,-5.42700940919,-3.61800627279,-2,1,-3.61800627279,1.8090031364,-0.0188456078381,-0.0124566263327
-3,-2,-5.42700940919,-3.61800627279,-2,2,-3.61800627279,3.61800627279,-0.000561805771358,-0.000297904855908
-3,-2,-5.42700940919,-3.61800627279,-2,3,-3.61800627279,5.42700940919,0.00667585967574,0.000979514108218
-3,-2,-5.42700940919,-3.61800627279,-2,4,-3.61800627279,7.23601254558,-0.00890162105211,-0.0061649229798
-3,-2,-5.42700940919,-3.61800627279,-1,-4,-1.8090031364,-7.23601254558,0.000386993210025,0.00077351044477
-3,-2,-5.42700940919,-3.61800627279,-1,-3,-1.8090031364,-5.42700940919,-0.00748089122936,-0.00147112475615
-3,-2,-5.42700940919,-3.61800627279,-1,-2,-1.8090031364,-3.61800627279,-0.0186523545049,0.0212252067905
-3,-2,-5.42700940919,-3.61800627279,-1,-1,-1.8090031364,-1.8090031364,-0.0081724866234,-0.00896333780658
-3,-2,-5.42700940919,-3.61800627279,-1,0,-1.8090031364,0,-0.0103189857003,-0.000629168844875
-3,-2,-5.42700940919,-3.61800627279,-1,1,-1.8090031364,1.8090031364,-0.0206686047715,0.0167405506451
-3,-2,-5.42700940919,-3.61800627279,-1,2,-1.8090031364,3.61800627279,0.0219139775155,-0.000863092497701
-3,-2,-5.42700940919,-3.61800627279,-1,3,-1.8090031364,5.42700940919,4.23861978053e-05,0.00415671712023
-3,-2,-5.42700940919,-3.61800627279,-1,4,-1.8090031364,7.23601254558,-0.00111012291763,0.00274751296186
-3,-2,-5.42700940919,-3.61800627279,0,-4,0,-7.23601254558,-0.000202005890974,-0.00793902298162
-3,-2,-5.42700940919,-3.61800627279,0,-3,0,-5.42700940919,-0.00021643430475,-0.00412776454366
-3,-2,-5.42700940919,-3.61800627279,0,-2,0,-3.61800627279,0.00878410660976,-0.00350249025587
-3,-2,-5.42700940919,-3.61800627279,0,-1,0,-1.8090031364,-0.028277490856,-0.026165073188
-3,-2,-5.42700940919,-3.61800627279,0,0,0,0,0.0260852142515,-0.013747473087
-3,-2,-5.42700940919,-3.61800627279,0,1,0,1.8090031364,-0.0104588732208,0.0304268456276
-3,-2,-5.42700940919,-3.61800627279,0,2,0,3.61800627279,-0.0257647516427,-0.0041437359375
-3,-2,-5.42700940919,-3.61800627279,0,3,0,5.42700940919,0.00247525125757,-0.000759745534507
-3,-2,-5.42700940919,-3.61800627279,0,4,0,7.23601254558,-0.000836095517583,-0.00128148814904
-3,-2,-5.42700940919,-3.61800627279,1,-4,1.8090031364,-7.23601254558,-0.000773065842213,-0.00366963817001
-3,-2,-5.42700940919,-3.61800627279,1,-3,1.8090031364,-5.42700940919,-0.0101499741462,0.0027766975823
-3,-2,-5.42700940919,-3.61800627279,1,-2,1.8090031364,-3.61800627279,-0.0114854942376,0.00639476356865
-3,-2,-5.42700940919,-3.61800627279,1,-1,1.8090031364,-1.8090031364,0.00652895430532,-0.0119198047892
-3,-2,-5.42700940919,-3.61800627279,1,0,1.8090031364,0,-0.0285355697485,0.00895414757943
-3,-2,-5.42700940919,-3.61800627279,1,1,1.8090031364,1.8090031364,-0.000962196299703,0.0105097991939
-3,-2,-5.42700940919,-3.61800627279,1,2,1.8090031364,3.61800627279,-0.0125397796682,0.00448366236049
-3,-2,-5.42700940919,-3.61800627279,1,3,1.8090031364,5.42700940919,0.00248153043913,0.0116906780963
-3,-2,-5.42700940919,-3.61800627279,1,4,1.8090031364,7.23601254558,0.00580737472068,-0.00700899922683
-3,-2,-5.42700940919,-3.61800627279,2,-4,3.61800627279,-7.23601254558,-0.00382184126711,-0.00582400737794
-3,-2,-5.42700940919,-3.61800627279,2,-3,3.61800627279,-5.42700940919,0.00132783028577,0.00420678899507
-3,-2,-5.42700940919,-3.61800627279,2,-2,3.61800627279,-3.61800627279,-0.000937437940401,0.00699453973519
-3,-2,-5.42700940919,-3.61800627279,2,-1,3.61800627279,-1.8090031364,0.00852348845056,0.00876756226584
-3,-2,-5.42700940919,-3.61800627279,2,0,3.61800627279,0,0.00781897752044,-0.000805310093579
-3,-2,-5.42700940919,-3.61800627279,2,1,3.61800627279,1.8090031364,0.0140078662095,-0.0198969573557
-3,-2,-5.42700940919,-3.61800627279,2,2,3.61800627279,3.61800627279,-0.00412868601844,0.0105832774184
-3,-2,-5.42700940919,-3.61800627279,2,3,3.61800627279,5.42700940919,-0.00804485660803,-0.00377135169386
-3,-2,-5.42700940919,-3.61800627279,2,4,3.61800627279,7.23601254558,-0.00130697304834,-0.00754841610647
-3,-2,-5.42700940919,-3.61800627279,3,-4,5.42700940919,-7.23601254558,0.00149348135475,0.00453289345382
-3,-2,-5.42700940919,-3.61800627279,3,-3,5.42700940919,-5.42700940919,0.00282185645483,0.00410496246676
-3,-2,-5.42700940919,-3.61800627279,3,-2,5.42700940919,-3.61800627279,0.0114323683508,0.000167058867629
-3,-2,-5.42700940919,-3.61800627279,3,-1,5.42700940919,-1.8090031364,0.00584197786362,0.00225190596012
-3,-2,-5.42700940919,-3.61800627279,3,0,5.42700940919,0,-0.005721233686,0.000405102620037
-3,-2,-5.42700940919,-3.61800627279,3,1,5.42700940919,1.8090031364,0.00487955390997,0.00773109107612
-3,-2,-5.42700940919,-3.61800627279,3,2,5.42700940919,3.61800627279,0.00180943803424,-0.00225531734701
-3,-2,-5.42700940919,-3.61800627279,3,3,5.42700940919,5.42700940919,-0.00225406702031,0.00284800190702
-3,-2,-5.42700940919,-3.61800627279,3,4,5.42700940919,7.23601254558,0.00321777154874,-0.00453084617928
-3,-2,-5.42700940919,-3.61800627279,4,-4,7.23601254558,-7.23601254558,0.000251367697319,-0.00436304431508
-3,-2,-5.42700940919,-3.61800627279,4,-3,7.23601254558,-5.42700940919,0.00372323163263,-0.00143216194838
-3,-2,-5.42700940919,-3.61800627279,4,-2,7.23601254558,-3.61800627279,0.000392790530763,-0.00072687618906
-3,-2,-5.42700940919,-3.61800627279,4,-1,7.23601254558,-1.8090031364,-0.0053407177447,0.0048336210101
-3,-2,-5.42700940919,-3.61800627279,4,0,7.23601254558,0,-0.00388167591437,-0.00586331959803
-3,-2,-5.42700940919,-3.61800627279,4,1,7.23601254558,1.8090031364,-0.00403685686861,0.00150021939053
-3,-2,-5.42700940919,-3.61800627279,4,2,7.23601254558,3.61800627279,0.00870805081829,-0.000683625392369
-3,-2,-5.42700940919,-3.61800627279,4,3,7.23601254558,5.42700940919,-0.00844387059376,-0.00222609467612
-3,-2,-5.42700940919,-3.61800627279,4,4,7.23601254558,7.23601254558,-0.000872668482239,-0.00441034816109
-3,-1,-5.42700940919,-1.8090031364,-4,-4,-7.23601254558,-7.23601254558,-0.00194667820649,0.00348207494273
-3,-1,-5.42700940919,-1.8090031364,-4,-3,-7.23601254558,-5.42700940919,-0.00780821052727,0.00436703900144
-3,-1,-5.42700940919,-1.8090031364,-4,-2,-7.23601254558,-3.61800627279,-0.00584852492309,0.000272965288407
-3,-1,-5.42700940919,-1.8090031364,-4,-1,-7.23601254558,-1.8090031364,0.00359483441899,-0.000762721552571
-3,-1,-5.42700940919,-1.8090031364,-4,0,-7.23601254558,0,-0.00892595843194,0.00274829436313
-3,-1,-5.42700940919,-1.8090031364,-4,1,-7.23601254558,1.8090031364,-0.001106579928,-0.00308794534229
-3,-1,-5.42700940919,-1.8090031364,-4,2,-7.23601254558,3.61800627279,-0.00465808702387,0.00055679697562
-3,-1,-5.42700940919,-1.8090031364,-4,3,-7.23601254558,5.42700940919,0.00570184877186,0.00401026998665
-3,-1,-5.42700940919,-1.8090031364,-4,4,-7.23601254558,7.23601254558,-0.000640994298735,-0.000201364197955
-3,-1,-5.42700940919,-1.8090031364,-3,-4,-5.42700940919,-7.23601254558,-0.00281357552432,0.00370652066452
-3,-1,-5.42700940919,-1.8090031364,-3,-3,-5.42700940919,-5.42700940919,-0.000440609885391,0.0157691480896
-3,-1,-5.42700940919,-1.8090031364,-3,-2,-5.42700940919,-3.61800627279,0.00949741723153,-0.00294407912959
-3,-1,-5.42700940919,-1.8090031364,-3,-1,-5.42700940919,-1.8090031364,0.12394644144,0
-3,-1,-5.42700940919,-1.8090031364,-3,0,-5.42700940919,0,0.0038511883688,-0.00537344790069
-3,-1,-5.42700940919,-1.8090031364,-3,1,-5.42700940919,1.8090031364,-0.00922094680242,-0.0129238694127
-3,-1,-5.42700940919,-1.8090031364,-3,2,-5.42700940919,3.61800627279,0.00951086004231,-0.00547787808443
-3,-1,-5.42700940919,-1.8090031364,-3,3,-5.42700940919,5.42700940919,0.0109647994421,-0.0100188809614
-3,-1,-5.42700940919,-1.8090031364,-3,4,-5.42700940919,7.23601254558,-0.00378546424986,0.00518370627791
-3,-1,-5.42700940919,-1.8090031364,-2,-4,-3.61800627279,-7.23601254558,0.00104812879196,-0.000465873202495
-3,-1,-5.42700940919,-1.8090031364,-2,-3,-3.61800627279,-5.42700940919,0.00037704792289,-0.0065220071318
-3,-1,-5.42700940919,-1.8090031364,-2,-2,-3.61800627279,-3.61800627279,-0.0172826760162,0.00404060883693
-3,-1,-5.42700940919,-1.8090031364,-2,-1,-3.61800627279,-1.8090031364,0.00241057061762,0.00320286530379
-3,-1,-5.42700940919,-1.8090031364,-2,0,-3.61800627279,0,-0.0158262580917,0.0120650988673
-3,-1,-5.42700940919,-1.8090031364,-2,1,-3.61800627279,1.8090031364,0.00625986426366,-0.0146084919619
-3,-1,-5.42700940919,-1.8090031364,-2,2,-3.61800627279,3.61800627279,-0.0183883549191,-0.00912683561264
-3,-1,-5.42700940919,-1.8090031364,-2,3,-3.61800627279,5.42700940919,-0.000217566574102,0.000321014409107
-3,-1,-5.42700940919,-1.8090031364,-2,4,-3.61800627279,7.23601254558,0.00580684282241,0.000784381116039
-3,-1,-5.42700940919,-1.8090031364,-1,-4,-1.8090031364,-7.23601254558,-0.00226263737086,0.00260948512413
-3,-1,-5.42700940919,-1.8090031364,-1,-3,-1.8090031364,-5.42700940919,-0.00353190046207,-0.00164325050377
-3,-1,-5.42700940919,-1.8090031364,-1,-2,-1.8090031364,-3.61800627279,-0.00793895011762,-0.00297631741246
-3,-1,-5.42700940919,-1.8090031364,-1,-1,-1.8090031364,-1.8090031364,-0.0245196694055,0.0360859471946
-3,-1,-5.42700940919,-1.8090031364,-1,0,-1.8090031364,0,-0.00863184130439,-0.0135426404357
-3,-1,-5.42700940919,-1.8090031364,-1,1,-1.8090031364,1.8090031364,-0.00647039646517,0.00257694733961
-3,-1,-5.42700940919,-1.8090031364,-1,2,-1.8090031364,3.61800627279,-0.01740921404,0.00898481606492
-3,-1,-5.42700940919,-1.8090031364,-1,3,-1.8090031364,5.42700940919,0.0138615422436,-0.00105920017012
-3,-1,-5.42700940919,-1.8090031364,-1,4,-1.8090031364,7.23601254558,-0.00309140746081,0.00310917802587
-3,-1,-5.42700940919,-1.8090031364,0,-4,0,-7.23601254558,-0.00982554999329,-0.00522313513897
-3,-1,-5.42700940919,-1.8090031364,0,-3,0,-5.42700940919,0.00202763549355,-0.0196697687106
-3,-1,-5.42700940919,-1.8090031364,0,-2,0,-3.61800627279,0.00497213149371,-0.0145812244475
-3,-1,-5.42700940919,-1.8090031364,0,-1,0,-1.8090031364,0.016427594703,0.00868271295763
-3,-1,-5.42700940919,-1.8090031364,0,0,0,0,-0.0277258521,-0.0279577686026
-3,-1,-5.42700940919,-1.8090031364,0,1,0,1.8090031364,0.014909482853,-0.0212969757204
-3,-1,-5.42700940919,-1.8090031364,0,2,0,3.61800627279,-0.0109686874707,0.0210522949529
-3,-1,-5.42700940919,-1.8090031364,0,3,0,5.42700940919,-0.0161352024012,-0.00160179255706
-3,-1,-5.42700940919,-1.8090031364,0,4,0,7.23601254558,-2.72072919194e-05,0.00438453747733
-3,-1,-5.42700940919,-1.8090031364,1,-4,1.8090031364,-7.23601254558,-0.00063564222129,0.00225797486742
-3,-1,-5.42700940919,-1.8090031364,1,-3,1.8090031364,-5.42700940919,0.00294933701645,-0.00848558810803
-3,-1,-5.42700940919,-1.8090031364,1,-2,1.8090031364,-3.61800627279,-0.0186662728094,0.0191898427256
-3,-1,-5.42700940919,-1.8090031364,1,-1,1.8090031364,-1.8090031364,-0.010814415958,0.00429027250461
-3,-1,-5.42700940919,-1.8090031364,1,0,1.8090031364,0,0.00238123338228,-0.0322364645953
-3,-1,-5.42700940919,-1.8090031364,1,1,1.8090031364,1.8090031364,-0.0349230218204,0.017711948145
-3,-1,-5.42700940919,-1.8090031364,1,2,1.8090031364,3.61800627279,-0.00248468560903,0.00527848026888
-3,-1,-5.42700940919,-1.8090031364,1,3,1.8090031364,5.42700940919,-0.00581085228811,0.00501058142295
-3,-1,-5.42700940919,-1.8090031364,1,4,1.8090031364,7.23601254558,-0.00299983046277,0.0017069888057
-3,-1,-5.42700940919,-1.8090031364,2,-4,3.61800627279,-7.23601254558,0.00546237919937,0.00813522614632
-3,-1,-5.42700940919,-1.8090031364,2,-3,3.61800627279,-5.42700940919,-0.00109573067245,-0.00865658349519
-3,-1,-5.42700940919,-1.8090031364,2,-2,3.61800627279,-3.61800627279,0.00175708546023,0.00460957964556
-3,-1,-5.42700940919,-1.8090031364,2,-1,3.61800627279,-1.8090031364,-0.0200746237467,0.00157888624518
-3,-1,-5.42700940919,-1.8090031364,2,0,3.61800627279,0,0.0145539664557,0.0165292110513
-3,-1,-5.42700940919,-1.8090031364,2,1,3.61800627279,1.8090031364,0.0102010908574,0.00157921496253
-3,-1,-5.42700940919,-1.8090031364,2,2,3.61800627279,3.61800627279,0.010509358289,-0.0172359494488
-3,-1,-5.42700940919,-1.8090031364,2,3,3.61800627279,5.42700940919,-0.00236594745829,0.00725089299929
-3,-1,-5.42700940919,-1.8090031364,2,4,3.61800627279,7.23601254558,-0.0084917687718,0.000700502161988
-3,-1,-5.42700940919,-1.8090031364,3,-4,5.42700940919,-7.23601254558,0.00834370435902,0.0101149785603
-3,-1,-5.42700940919,-1.8090031364,3,-3,5.42700940919,-5.42700940919,0.00378962216824,0.00264323516599
-3,-1,-5.42700940919,-1.8090031364,3,-2,5.42700940919,-3.61800627279,0.000307776553453,0.00137584772394
-3,-1,-5.42700940919,-1.8090031364,3,-1,5.42700940919,-1.8090031364,0.0187057367601,-0.00478103362854
-3,-1,-5.42700940919,-1.8090031364,3,0,5.42700940919,0,0.00997218470991,0.0079117553538
-3,-1,-5.42700940919,-1.8090031364,3,1,5.42700940919,1.8090031364,-0.00552123391094,0.0021177453506
-3,-1,-5.42700940919,-1.8090031364,3,2,5.42700940919,3.61800627279,0.00487955390997,0.00773109107612
-3,-1,-5.42700940919,-1.8090031364,3,3,5.42700940919,5.42700940919,0.00246384734356,-0.00387488908883
-3,-1,-5.42700940919,-1.8090031364,3,4,5.42700940919,7.23601254558,-0.00476774981992,0.00794237298547
-3,-1,-5.42700940919,-1.8090031364,4,-4,7.23601254558,-7.23601254558,-0.00182040665739,-0.00504875252348
-3,-1,-5.42700940919,-1.8090031364,4,-3,7.23601254558,-5.42700940919,-0.00150973886145,-0.00726153464453
-3,-1,-5.42700940919,-1.8090031364,4,-2,7.23601254558,-3.61800627279,-0.0013817915322,-0.00700207369072
-3,-1,-5.42700940919,-1.8090031364,4,-1,7.23601254558,-1.8090031364,-0.00426994738712,0.0101607965413
-3,-1,-5.42700940919,-1.8090031364,4,0,7.23601254558,0,0.000714796198713,0.0081657448511
-3,-1,-5.42700940919,-1.8090031364,4,1,7.23601254558,1.8090031364,-0.00625683836989,-0.0096768470619
-3,-1,-5.42700940919,-1.8090031364,4,2,7.23601254558,3.61800627279,-0.00389114687417,0.00042201631025
-3,-1,-5.42700940919,-1.8090031364,4,3,7.23601254558,5.42700940919,0.000991176706323,0.00280038464354
-3,-1,-5.42700940919,-1.8090031364,4,4,7.23601254558,7.23601254558,-0.00829821238028,0.000806319595196
-3,0,-5.42700940919,0,-4,-4,-7.23601254558,-7.23601254558,-0.00255305249045,0.00164319992066
-3,0,-5.42700940919,0,-4,-3,-7.23601254558,-5.42700940919,-0.00443621708695,0.00446873129318
-3,0,-5.42700940919,0,-4,-2,-7.23601254558,-3.61800627279,-0.00107448963093,0.00826573898924
-3,0,-5.42700940919,0,-4,-1,-7.23601254558,-1.8090031364,-0.00590704869266,-0.00677510084666
-3,0,-5.42700940919,0,-4,0,-7.23601254558,0,-0.00141338048502,-1.43538092298e-06
-3,0,-5.42700940919,0,-4,1,-7.23601254558,1.8090031364,-0.00317539132085,0.00275883627098
-3,0,-5.42700940919,0,-4,2,-7.23601254558,3.61800627279,0.00311262946501,-0.00115781047742
-3,0,-5.42700940919,0,-4,3,-7.23601254558,5.42700940919,-0.00536622630365,0.0054606589599
-3,0,-5.42700940919,0,-4,4,-7.23601254558,7.23601254558,-0.00341250332484,-0.000349631662635
-3,0,-5.42700940919,0,-3,-4,-5.42700940919,-7.23601254558,0.012785363277,-0.00291894885776
-3,0,-5.42700940919,0,-3,-3,-5.42700940919,-5.42700940919,-0.00441136444287,0.00524051153233
-3,0,-5.42700940919,0,-3,-2,-5.42700940919,-3.61800627279,-0.00268074414677,0.0171012200345
-3,0,-5.42700940919,0,-3,-1,-5.42700940919,-1.8090031364,0.0038511883688,0.00537344790069
-3,0,-5.42700940919,0,-3,0,-5.42700940919,0,0.16275399149,0
-3,0,-5.42700940919,0,-3,1,-5.42700940919,1.8090031364,-0.00201472269404,-0.0077043675278
-3,0,-5.42700940919,0,-3,2,-5.42700940919,3.61800627279,-0.00795846580007,-0.00807418715628
-3,0,-5.42700940919,0,-3,3,-5.42700940919,5.42700940919,-0.00142602250934,-0.00453726499268
-3,0,-5.42700940919,0,-3,4,-5.42700940919,7.23601254558,0.0132836018624,-0.00507537053745
-3,0,-5.42700940919,0,-2,-4,-3.61800627279,-7.23601254558,-0.00538186006264,-0.00357512057071
-3,0,-5.42700940919,0,-2,-3,-3.61800627279,-5.42700940919,0.00275127536793,0.00944341072052
-3,0,-5.42700940919,0,-2,-2,-3.61800627279,-3.61800627279,0.000176234034041,-0.00510354136542
-3,0,-5.42700940919,0,-2,-1,-3.61800627279,-1.8090031364,-0.0176033030247,0.00178283395848
-3,0,-5.42700940919,0,-2,0,-3.61800627279,0,0.000849920450536,-0.0015441944937
-3,0,-5.42700940919,0,-2,1,-3.61800627279,1.8090031364,-0.0143460404833,0.0215305463556
-3,0,-5.42700940919,0,-2,2,-3.61800627279,3.61800627279,0.00126773611061,-0.0118916617287
-3,0,-5.42700940919,0,-2,3,-3.61800627279,5.42700940919,-0.0117194883655,-0.00695358699304
-3,0,-5.42700940919,0,-2,4,-3.61800627279,7.23601254558,0.000715071758138,-0.00551866455316
-3,0,-5.42700940919,0,-1,-4,-1.8090031364,-7.23601254558,0.00465910005702,-9.9779872971e-05
-3,0,-5.42700940919,0,-1,-3,-1.8090031364,-5.42700940919,0.000194961255504,0.00999826535932
-3,0,-5.42700940919,0,-1,-2,-1.8090031364,-3.61800627279,-0.0105378053951,-0.00711871577822
-3,0,-5.42700940919,0,-1,-1,-1.8090031364,-1.8090031364,-0.0151540302438,-0.00145364987895
-3,0,-5.42700940919,0,-1,0,-1.8090031364,0,-0.0336644493775,0.0302401812379
-3,0,-5.42700940919,0,-1,1,-1.8090031364,1.8090031364,-0.00604797216092,-0.00725485728381
-3,0,-5.42700940919,0,-1,2,-1.8090031364,3.61800627279,-0.0013262464585,0.00330347628127
-3,0,-5.42700940919,0,-1,3,-1.8090031364,5.42700940919,-0.00964648183362,0.00491317344156
-3,0,-5.42700940919,0,-1,4,-1.8090031364,7.23601254558,0.013150153934,-0.00351920631602
-3,0,-5.42700940919,0,0,-4,0,-7.23601254558,0.00922541450493,0.00284569961048
-3,0,-5.42700940919,0,0,-3,0,-5.42700940919,-0.0184316204335,-0.00428587939993
-3,0,-5.42700940919,0,0,-2,0,-3.61800627279,0.00693090853455,-0.0291676379426
-3,0,-5.42700940919,0,0,-1,0,-1.8090031364,-0.00370879507802,-0.0350395654769
-3,0,-5.42700940919,0,0,0,0,0,0.0236293533955,0.0178364522965
-3,0,-5.42700940919,0,0,1,0,1.8090031364,-0.0116104385131,-0.0212658867231
-3,0,-5.42700940919,0,0,2,0,3.61800627279,0.0129351642609,-0.0156122837492
-3,0,-5.42700940919,0,0,3,0,5.42700940919,-0.00391267251062,0.00624386763468
-3,0,-5.42700940919,0,0,4,0,7.23601254558,-0.0189337716155,-0.00290407846942
-3,0,-5.42700940919,0,1,-4,1.8090031364,-7.23601254558,0.00197001290716,-0.0191176618252
-3,0,-5.42700940919,0,1,-3,1.8090031364,-5.42700940919,0.000886352802565,-0.000825132874565
-3,0,-5.42700940919,0,1,-2,1.8090031364,-3.61800627279,-0.00660978451501,-0.0277958851035
-3,0,-5.42700940919,0,1,-1,1.8090031364,-1.8090031364,-0.0263618562975,0.0432172068162
-3,0,-5.42700940919,0,1,0,1.8090031364,0,-0.00197422847451,0.00874208646918
-3,0,-5.42700940919,0,1,1,1.8090031364,1.8090031364,0.00406911624848,-0.0300338671117
-3,0,-5.42700940919,0,1,2,1.8090031364,3.61800627279,-0.0262623292546,0.00438229174626
-3,0,-5.42700940919,0,1,3,1.8090031364,5.42700940919,-0.00472529401125,0.00401323696967
-3,0,-5.42700940919,0,1,4,1.8090031364,7.23601254558,-0.00570197265359,0.014650362796
-3,0,-5.42700940919,0,2,-4,3.61800627279,-7.23601254558,-0.00367410557097,0.00687644629136
-3,0,-5.42700940919,0,2,-3,3.61800627279,-5.42700940919,0.0070074490017,0.00813528340954
-3,0,-5.42700940919,0,2,-2,3.61800627279,-3.61800627279,0.00363586060344,-0.0132721197542
-3,0,-5.42700940919,0,2,-1,3.61800627279,-1.8090031364,0.00680892584986,0.00736323899966
-3,0,-5.42700940919,0,2,0,3.61800627279,0,-0.0316997407256,-0.000420885104452
-3,0,-5.42700940919,0,2,1,3.61800627279,1.8090031364,0.0140759765253,0.0138323402466
-3,0,-5.42700940919,0,2,2,3.61800627279,3.61800627279,0.00633534516228,-0.00152462448561
-3,0,-5.42700940919,0,2,3,3.61800627279,5.42700940919,0.0095303462308,-0.0143968464523
-3,0,-5.42700940919,0,2,4,3.61800627279,7.23601254558,-0.00657020029715,0.00463489179722
-3,0,-5.42700940919,0,3,-4,5.42700940919,-7.23601254558,-0.00102145170855,-0.00358066506013
-3,0,-5.42700940919,0,3,-3,5.42700940919,-5.42700940919,0.00938487981406,0.0106398397049
-3,0,-5.42700940919,0,3,-2,5.42700940919,-3.61800627279,0.00620695242645,0.00581457320087
-3,0,-5.42700940919,0,3,-1,5.42700940919,-1.8090031364,-0.0020753790214,0.000704679035874
-3,0,-5.42700940919,0,3,0,5.42700940919,0,0.0219407917329,-0.0127921608828
-3,0,-5.42700940919,0,3,1,5.42700940919,1.8090031364,0.00997218470991,0.0079117553538
-3,0,-5.42700940919,0,3,2,5.42700940919,3.61800627279,-0.005721233686,0.000405102620037
-3,0,-5.42700940919,0,3,3,5.42700940919,5.42700940919,0.00546672744016,0.00572504926138
-3,0,-5.42700940919,0,3,4,5.42700940919,7.23601254558,0.0035905262806,-0.00301803920265
-3,0,-5.42700940919,0,4,-4,7.23601254558,-7.23601254558,-0.002206218054,0.00122793256513
-3,0,-5.42700940919,0,4,-3,7.23601254558,-5.42700940919,0.00131259872197,-0.00147479174116
-3,0,-5.42700940919,0,4,-2,7.23601254558,-3.61800627279,0.00310505248187,-0.00641195072057
-3,0,-5.42700940919,0,4,-1,7.23601254558,-1.8090031364,-0.00667237312433,-0.0158705102851
-3,0,-5.42700940919,0,4,0,7.23601254558,0,-0.0103952495649,0.0104338639786
-3,0,-5.42700940919,0,4,1,7.23601254558,1.8090031364,0.000871921428071,0.00727007548935
-3,0,-5.42700940919,0,4,2,7.23601254558,3.61800627279,-0.000887786786388,-0.00519682273254
-3,0,-5.42700940919,0,4,3,7.23601254558,5.42700940919,0.00322214160293,-0.00563400785849
-3,0,-5.42700940919,0,4,4,7.23601254558,7.23601254558,-0.0052713855541,0.00196893485816
-3,1,-5.42700940919,1.8090031364,-4,-4,-7.23601254558,-7.23601254558,-0.000790583147712,-0.00220789082544
-3,1,-5.42700940919,1.8090031364,-4,-3,-7.23601254558,-5.42700940919,-0.00139440026092,-0.000992490233181
-3,1,-5.42700940919,1.8090031364,-4,-2,-7.23601254558,-3.61800627279,-0.0085981872998,0.00667157358531
-3,1,-5.42700940919,1.8090031364,-4,-1,-7.23601254558,-1.8090031364,0.0040493532597,0.00585457261267
-3,1,-5.42700940919,1.8090031364,-4,0,-7.23601254558,0,-0.00560921876753,-0.00792571479434
-3,1,-5.42700940919,1.8090031364,-4,1,-7.23601254558,1.8090031364,-0.00575017781438,-0.000188617498327
-3,1,-5.42700940919,1.8090031364,-4,2,-7.23601254558,3.61800627279,-0.00405609729734,-0.00136823309953
-3,1,-5.42700940919,1.8090031364,-4,3,-7.23601254558,5.42700940919,0.00438885535852,0.00365461161752
-3,1,-5.42700940919,1.8090031364,-4,4,-7.23601254558,7.23601254558,-0.000244817855603,0.0010244950403
-3,1,-5.42700940919,1.8090031364,-3,-4,-5.42700940919,-7.23601254558,-0.00195667527713,0.00140974228691
-3,1,-5.42700940919,1.8090031364,-3,-3,-5.42700940919,-5.42700940919,0.0068657347427,0.00359984921593
-3,1,-5.42700940919,1.8090031364,-3,-2,-5.42700940919,-3.61800627279,0.00686457446407,0.00308076168048
-3,1,-5.42700940919,1.8090031364,-3,-1,-5.42700940919,-1.8090031364,-0.00922094680242,0.0129238694127
-3,1,-5.42700940919,1.8090031364,-3,0,-5.42700940919,0,-0.00201472269404,0.0077043675278
-3,1,-5.42700940919,1.8090031364,-3,1,-5.42700940919,1.8090031364,0.128463955362,0
-3,1,-5.42700940919,1.8090031364,-3,2,-5.42700940919,3.61800627279,0.00595904297012,0.000446390107833
-3,1,-5.42700940919,1.8090031364,-3,3,-5.42700940919,5.42700940919,0.000640961957228,-0.00792781302803
-3,1,-5.42700940919,1.8090031364,-3,4,-5.42700940919,7.23601254558,-0.00572324517568,-0.00698352016195
-3,1,-5.42700940919,1.8090031364,-2,-4,-3.61800627279,-7.23601254558,0.00153145020112,-0.00806886572522
-3,1,-5.42700940919,1.8090031364,-2,-3,-3.61800627279,-5.42700940919,-0.000275366098532,-0.00809227310065
-3,1,-5.42700940919,1.8090031364,-2,-2,-3.61800627279,-3.61800627279,0.000140936145067,0.00289270738772
-3,1,-5.42700940919,1.8090031364,-2,-1,-3.61800627279,-1.8090031364,-0.00107908436945,-0.000285110668842
-3,1,-5.42700940919,1.8090031364,-2,0,-3.61800627279,0,-0.0163862506026,-0.0026396480537
-3,1,-5.42700940919,1.8090031364,-2,1,-3.61800627279,1.8090031364,0.00109110433955,-0.00121107758867
-3,1,-5.42700940919,1.8090031364,-2,2,-3.61800627279,3.61800627279,-0.00881898952227,0.0119512090493
-3,1,-5.42700940919,1.8090031364,-2,3,-3.61800627279,5.42700940919,-0.00275252539184,-0.000629184362966
-3,1,-5.42700940919,1.8090031364,-2,4,-3.61800627279,7.23601254558,-0.00970740426101,-0.00228431952952
-3,1,-5.42700940919,1.8090031364,-1,-4,-1.8090031364,-7.23601254558,-0.00365764826728,-0.00658039186724
-3,1,-5.42700940919,1.8090031364,-1,-3,-1.8090031364,-5.42700940919,0.0120863560557,0.00675716853887
-3,1,-5.42700940919,1.8090031364,-1,-2,-1.8090031364,-3.61800627279,-0.00356265968989,0.0124873527355
-3,1,-5.42700940919,1.8090031364,-1,-1,-1.8090031364,-1.8090031364,-0.0134243881926,-0.0132218125551
-3,1,-5.42700940919,1.8090031364,-1,0,-1.8090031364,0,-0.0187340583512,0.00079890984547
-3,1,-5.42700940919,1.8090031364,-1,1,-1.8090031364,1.8090031364,-0.0273997231334,0.0276953521267
-3,1,-5.42700940919,1.8090031364,-1,2,-1.8090031364,3.61800627279,-0.00238478369893,-0.0071036835955
-3,1,-5.42700940919,1.8090031364,-1,3,-1.8090031364,5.42700940919,-0.000198504351982,0.000119907154615
-3,1,-5.42700940919,1.8090031364,-1,4,-1.8090031364,7.23601254558,-0.00866261422183,-0.0005990940612
-3,1,-5.42700940919,1.8090031364,0,-4,0,-7.23601254558,-0.00972648406002,-0.00652835745488
-3,1,-5.42700940919,1.8090031364,0,-3,0,-5.42700940919,0.00851134066443,0.00191502304248
-3,1,-5.42700940919,1.8090031364,0,-2,0,-3.61800627279,-0.0331864708007,-0.000848938792896
-3,1,-5.42700940919,1.8090031364,0,-1,0,-1.8090031364,0.00808194827687,-0.0316566095776
-3,1,-5.42700940919,1.8090031364,0,0,0,0,-0.0132332158443,-0.051325351133
-3,1,-5.42700940919,1.8090031364,0,1,0,1.8090031364,0.0205381173406,0.0103316735136
-3,1,-5.42700940919,1.8090031364,0,2,0,3.61800627279,-0.0137743738396,-0.0157992069837
-3,1,-5.42700940919,1.8090031364,0,3,0,5.42700940919,0.00813397320282,-0.00608276346994
-3,1,-5.42700940919,1.8090031364,0,4,0,7.23601254558,-0.00120772026824,-0.000673572969251
-3,1,-5.42700940919,1.8090031364,1,-4,1.8090031364,-7.23601254558,-0.00887967389611,-0.00264022693924
-3,1,-5.42700940919,1.8090031364,1,-3,1.8090031364,-5.42700940919,0.00348157414684,-0.0115264746788
-3,1,-5.42700940919,1.8090031364,1,-2,1.8090031364,-3.61800627279,0.0145844788071,-0.00276439853794
-3,1,-5.42700940919,1.8090031364,1,-1,1.8090031364,-1.8090031364,-0.0194331593615,-0.036143965419
-3,1,-5.42700940919,1.8090031364,1,0,1.8090031364,0,-0.0340388190085,0.0419356903736
-3,1,-5.42700940919,1.8090031364,1,1,1.8090031364,1.8090031364,-0.000361893999923,0.00758621627231
-3,1,-5.42700940919,1.8090031364,1,2,1.8090031364,3.61800627279,0.00614998781455,-0.00830935968737
-3,1,-5.42700940919,1.8090031364,1,3,1.8090031364,5.42700940919,-0.0115473320991,-0.0050966536719
-3,1,-5.42700940919,1.8090031364,1,4,1.8090031364,7.23601254558,-0.00771948724221,0.00248702993699
-3,1,-5.42700940919,1.8090031364,2,-4,3.61800627279,-7.23601254558,-0.00226687669339,-0.0085300952809
-3,1,-5.42700940919,1.8090031364,2,-3,3.61800627279,-5.42700940919,-0.000939002774273,0.00992421887297
-3,1,-5.42700940919,1.8090031364,2,-2,3.61800627279,-3.61800627279,-0.00287108029598,0.00605417937596
-3,1,-5.42700940919,1.8090031364,2,-1,3.61800627279,-1.8090031364,0.0080968143433,-0.0153397393191
-3,1,-5.42700940919,1.8090031364,2,0,3.61800627279,0,0.00568564800433,0.00724487597394
-3,1,-5.42700940919,1.8090031364,2,1,3.61800627279,1.8090031364,-0.0233564162736,0.00316104752714
-3,1,-5.42700940919,1.8090031364,2,2,3.61800627279,3.61800627279,0.00672530202197,0.00645126404096
-3,1,-5.42700940919,1.8090031364,2,3,3.61800627279,5.42700940919,0.00332900922881,0.00227531946005
-3,1,-5.42700940919,1.8090031364,2,4,3.61800627279,7.23601254558,0.0117912944209,-0.00605902223987
-3,1,-5.42700940919,1.8090031364,3,-4,5.42700940919,-7.23601254558,0.00225292819177,0.00185696800102
-3,1,-5.42700940919,1.8090031364,3,-3,5.42700940919,-5.42700940919,0.000607417691253,0.00053744022514
-3,1,-5.42700940919,1.8090031364,3,-2,5.42700940919,-3.61800627279,0.0114168598337,0.00666543879952
-3,1,-5.42700940919,1.8090031364,3,-1,5.42700940919,-1.8090031364,0.00850887300054,0.00764161522808
-3,1,-5.42700940919,1.8090031364,3,0,5.42700940919,0,-0.0020753790214,0.000704679035874
-3,1,-5.42700940919,1.8090031364,3,1,5.42700940919,1.8090031364,0.0187057367601,-0.00478103362854
-3,1,-5.42700940919,1.8090031364,3,2,5.42700940919,3.61800627279,0.00584197786362,0.00225190596012
-3,1,-5.42700940919,1.8090031364,3,3,5.42700940919,5.42700940919,0.000161796165198,-0.00170481374788
-3,1,-5.42700940919,1.8090031364,3,4,5.42700940919,7.23601254558,0.00337541978583,0.00335553368099
-3,1,-5.42700940919,1.8090031364,4,-4,7.23601254558,-7.23601254558,-0.00150264132059,-0.00351100721105
-3,1,-5.42700940919,1.8090031364,4,-3,7.23601254558,-5.42700940919,-0.00223417510788,-0.00323798567616
-3,1,-5.42700940919,1.8090031364,4,-2,7.23601254558,-3.61800627279,0.00154641264541,0.00197256827406
-3,1,-5.42700940919,1.8090031364,4,-1,7.23601254558,-1.8090031364,0.00278633594278,-0.00692706014351
-3,1,-5.42700940919,1.8090031364,4,0,7.23601254558,0,-0.00678615863973,-0.0117846423387
-3,1,-5.42700940919,1.8090031364,4,1,7.23601254558,1.8090031364,-0.0056755284063,0.00717905833597
-3,1,-5.42700940919,1.8090031364,4,2,7.23601254558,3.61800627279,-0.00988849426098,0.00623135271817
-3,1,-5.42700940919,1.8090031364,4,3,7.23601254558,5.42700940919,0.0042936846394,-0.00465181455331
-3,1,-5.42700940919,1.8090031364,4,4,7.23601254558,7.23601254558,0.00641302541667,-0.00291055943577
-3,2,-5.42700940919,3.61800627279,-4,-4,-7.23601254558,-7.23601254558,-0.00536628239183,0.000649271288922
-3,2,-5.42700940919,3.61800627279,-4,-3,-7.23601254558,-5.42700940919,0.00276348560371,0.000771568001502
-3,2,-5.42700940919,3.61800627279,-4,-2,-7.23601254558,-3.61800627279,-0.00124211406825,-0.000785147513824
-3,2,-5.42700940919,3.61800627279,-4,-1,-7.23601254558,-1.8090031364,-0.00924956610483,0.00612910776653
-3,2,-5.42700940919,3.61800627279,-4,0,-7.23601254558,0,0.00391475484462,0.00237282192771
-3,2,-5.42700940919,3.61800627279,-4,1,-7.23601254558,1.8090031364,0.00049778608272,-0.00163462765084
-3,2,-5.42700940919,3.61800627279,-4,2,-7.23601254558,3.61800627279,0.00193568916287,0.00259165752205
-3,2,-5.42700940919,3.61800627279,-4,3,-7.23601254558,5.42700940919,-0.00733623683068,-0.00506864309533
-3,2,-5.42700940919,3.61800627279,-4,4,-7.23601254558,7.23601254558,0.00309108400496,0.00186405350023
-3,2,-5.42700940919,3.61800627279,-3,-4,-5.42700940919,-7.23601254558,-0.00659902443197,0.00682777660945
-3,2,-5.42700940919,3.61800627279,-3,-3,-5.42700940919,-5.42700940919,-0.00227773441825,-0.00296346791656
-3,2,-5.42700940919,3.61800627279,-3,-2,-5.42700940919,-3.61800627279,0.00580009881662,0.00891186084388
-3,2,-5.42700940919,3.61800627279,-3,-1,-5.42700940919,-1.8090031364,0.00951086004231,0.00547787808443
-3,2,-5.42700940919,3.61800627279,-3,0,-5.42700940919,0,-0.00795846580007,0.00807418715628
-3,2,-5.42700940919,3.61800627279,-3,1,-5.42700940919,1.8090031364,0.00595904297012,-0.000446390107833
-3,2,-5.42700940919,3.61800627279,-3,2,-5.42700940919,3.61800627279,0.0626282956811,0
-3,2,-5.42700940919,3.61800627279,-3,3,-5.42700940919,5.42700940919,0.0043287834944,0.00594705269518
-3,2,-5.42700940919,3.61800627279,-3,4,-5.42700940919,7.23601254558,0.00208406623528,-0.00906536172503
-3,2,-5.42700940919,3.61800627279,-2,-4,-3.61800627279,-7.23601254558,-9.15314759997e-05,0.00198786617126
-3,2,-5.42700940919,3.61800627279,-2,-3,-3.61800627279,-5.42700940919,-0.000259152270667,-0.00381419811623
-3,2,-5.42700940919,3.61800627279,-2,-2,-3.61800627279,-3.61800627279,0.0076042626328,-0.0105172854567
-3,2,-5.42700940919,3.61800627279,-2,-1,-3.61800627279,-1.8090031364,-0.00441683378165,-0.00323575603386
-3,2,-5.42700940919,3.61800627279,-2,0,-3.61800627279,0,0.000232810622544,-0.00158696081614
-3,2,-5.42700940919,3.61800627279,-2,1,-3.61800627279,1.8090031364,-0.0169270276088,0.000652106548724
-3,2,-5.42700940919,3.61800627279,-2,2,-3.61800627279,3.61800627279,0.0062860290388,-0.00346155899219
-3,2,-5.42700940919,3.61800627279,-2,3,-3.61800627279,5.42700940919,-0.000741004436715,0.000510263009783
-3,2,-5.42700940919,3.61800627279,-2,4,-3.61800627279,7.23601254558,-0.00566232910999,9.45759708921e-05
-3,2,-5.42700940919,3.61800627279,-1,-4,-1.8090031364,-7.23601254558,0.00283196413805,-0.00191889534488
-3,2,-5.42700940919,3.61800627279,-1,-3,-1.8090031364,-5.42700940919,-0.0030328052777,-0.00661352675314
-3,2,-5.42700940919,3.61800627279,-1,-2,-1.8090031364,-3.61800627279,0.00983703309858,0.0101106475439
-3,2,-5.42700940919,3.61800627279,-1,-1,-1.8090031364,-1.8090031364,-0.00216008513376,0.00837737157287
-3,2,-5.42700940919,3.61800627279,-1,0,-1.8090031364,0,-0.0101743176597,-0.0117961415924
-3,2,-5.42700940919,3.61800627279,-1,1,-1.8090031364,1.8090031364,-0.0219777509272,-0.00120968889589
-3,2,-5.42700940919,3.61800627279,-1,2,-1.8090031364,3.61800627279,-0.0177133998093,0.0154679107343
-3,2,-5.42700940919,3.61800627279,-1,3,-1.8090031364,5.42700940919,-0.00118520501046,-0.00442517933425
-3,2,-5.42700940919,3.61800627279,-1,4,-1.8090031364,7.23601254558,-0.00127470548883,0.000337080984776
-3,2,-5.42700940919,3.61800627279,0,-4,0,-7.23601254558,-0.00320076649646,-0.00358716198698
-3,2,-5.42700940919,3.61800627279,0,-3,0,-5.42700940919,-0.00683254657424,-0.00119488282499
-3,2,-5.42700940919,3.61800627279,0,-2,0,-3.61800627279,0.00566971383683,-0.00224688072538
-3,2,-5.42700940919,3.61800627279,0,-1,0,-1.8090031364,-0.0459128690411,-0.00280821263257
-3,2,-5.42700940919,3.61800627279,0,0,0,0,0.00548510604827,-0.0360280259963
-3,2,-5.42700940919,3.61800627279,0,1,0,1.8090031364,-0.00586225283432,-0.0278831127198
-3,2,-5.42700940919,3.61800627279,0,2,0,3.61800627279,0.0111181332043,0.0040013288104
-3,2,-5.42700940919,3.61800627279,0,3,0,5.42700940919,-0.00978434690315,-0.0114130832123
-3,2,-5.42700940919,3.61800627279,0,4,0,7.23601254558,0.0051305984513,-0.0028307474394
-3,2,-5.42700940919,3.61800627279,1,-4,1.8090031364,-7.23601254558,-0.00521480007395,0.00497049324465
-3,2,-5.42700940919,3.61800627279,1,-3,1.8090031364,-5.42700940919,-0.0109053405364,-0.00715760453074
-3,2,-5.42700940919,3.61800627279,1,-2,1.8090031364,-3.61800627279,0.00256198208267,-0.00962545193674
-3,2,-5.42700940919,3.61800627279,1,-1,1.8090031364,-1.8090031364,0.0192957809387,-0.00375252936127
-3,2,-5.42700940919,3.61800627279,1,0,1.8090031364,0,-0.016014579897,-0.0307180411828
-3,2,-5.42700940919,3.61800627279,1,1,1.8090031364,1.8090031364,-0.0270185517637,0.0272862948786
-3,2,-5.42700940919,3.61800627279,1,2,1.8090031364,3.61800627279,-0.00823495824328,0.00597841414694
-3,2,-5.42700940919,3.61800627279,1,3,1.8090031364,5.42700940919,0.00311190049822,0.00183814098092
-3,2,-5.42700940919,3.61800627279,1,4,1.8090031364,7.23601254558,-0.00428550057542,-0.00595162398231
-3,2,-5.42700940919,3.61800627279,2,-4,3.61800627279,-7.23601254558,-0.000178415703799,0.00200139547618
-3,2,-5.42700940919,3.61800627279,2,-3,3.61800627279,-5.42700940919,0.00092613875536,-0.00135767896702
-3,2,-5.42700940919,3.61800627279,2,-2,3.61800627279,-3.61800627279,0.00363089302013,0.00990981524133
-3,2,-5.42700940919,3.61800627279,2,-1,3.61800627279,-1.8090031364,-0.00169995288919,0.00684739261618
-3,2,-5.42700940919,3.61800627279,2,0,3.61800627279,0,0.00157166917711,-0.0127213092864
-3,2,-5.42700940919,3.61800627279,2,1,3.61800627279,1.8090031364,0.00152643951276,0.00707537189569
-3,2,-5.42700940919,3.61800627279,2,2,3.61800627279,3.61800627279,-0.00268206306945,0.00510257061142
-3,2,-5.42700940919,3.61800627279,2,3,3.61800627279,5.42700940919,-0.00101117217491,0.00104425054524
-3,2,-5.42700940919,3.61800627279,2,4,3.61800627279,7.23601254558,0.000117021647957,0.00141562329388
-3,2,-5.42700940919,3.61800627279,3,-4,5.42700940919,-7.23601254558,-0.00268391195601,0.0039555791202
-3,2,-5.42700940919,3.61800627279,3,-3,5.42700940919,-5.42700940919,0.00171901985229,0.00360392510623
-3,2,-5.42700940919,3.61800627279,3,-2,5.42700940919,-3.61800627279,-6.8185527255e-05,-0.000132644222445
-3,2,-5.42700940919,3.61800627279,3,-1,5.42700940919,-1.8090031364,0.0114168598337,0.00666543879952
-3,2,-5.42700940919,3.61800627279,3,0,5.42700940919,0,0.00620695242645,0.00581457320087
-3,2,-5.42700940919,3.61800627279,3,1,5.42700940919,1.8090031364,0.000307776553453,0.00137584772394
-3,2,-5.42700940919,3.61800627279,3,2,5.42700940919,3.61800627279,0.0114323683508,0.000167058867629
-3,2,-5.42700940919,3.61800627279,3,3,5.42700940919,5.42700940919,0.00399061184652,-0.000943073729761
-3,2,-5.42700940919,3.61800627279,3,4,5.42700940919,7.23601254558,0.00237482780753,-0.0011764415854
-3,2,-5.42700940919,3.61800627279,4,-4,7.23601254558,-7.23601254558,-0.0017959533183,0.003036489053
-3,2,-5.42700940919,3.61800627279,4,-3,7.23601254558,-5.42700940919,0.000477295075023,-0.00297904049736
-3,2,-5.42700940919,3.61800627279,4,-2,7.23601254558,-3.61800627279,-0.0032851488521,-0.00529673009505
-3,2,-5.42700940919,3.61800627279,4,-1,7.23601254558,-1.8090031364,0.000723528667944,0.00226477015335
-3,2,-5.42700940919,3.61800627279,4,0,7.23601254558,0,0.00189837160183,-0.00537901312431
-3,2,-5.42700940919,3.61800627279,4,1,7.23601254558,1.8090031364,0.000568930221732,-0.00259669079856
-3,2,-5.42700940919,3.61800627279,4,2,7.23601254558,3.61800627279,0.00159661963096,-0.00148057282758
-3,2,-5.42700940919,3.61800627279,4,3,7.23601254558,5.42700940919,-0.00842672780053,0.00236135980514
-3,2,-5.42700940919,3.61800627279,4,4,7.23601254558,7.23601254558,0.0021084825304,-0.0045826790749
-3,3,-5.42700940919,5.42700940919,-4,-4,-7.23601254558,-7.23601254558,-0.000539678456037,-0.00386201690029
-3,3,-5.42700940919,5.42700940919,-4,-3,-7.23601254558,-5.42700940919,-0.00673232332279,0.00410688421274
-3,3,-5.42700940919,5.42700940919,-4,-2,-7.23601254558,-3.61800627279,0.00435365132831,0.00250047585964
-3,3,-5.42700940919,5.42700940919,-4,-1,-7.23601254558,-1.8090031364,0.000593216254762,0.000897691691282
-3,3,-5.42700940919,5.42700940919,-4,0,-7.23601254558,0,-0.00509427778701,0.00380055178582
-3,3,-5.42700940919,5.42700940919,-4,1,-7.23601254558,1.8090031364,0.000925504224069,-0.00148259363238
-3,3,-5.42700940919,5.42700940919,-4,2,-7.23601254558,3.61800627279,0.0032736812154,0.00180456871802
-3,3,-5.42700940919,5.42700940919,-4,3,-7.23601254558,5.42700940919,0.00216435082487,-0.000570848810911
-3,3,-5.42700940919,5.42700940919,-4,4,-7.23601254558,7.23601254558,-0.00414386471446,-0.00408235618872
-3,3,-5.42700940919,5.42700940919,-3,-4,-5.42700940919,-7.23601254558,-0.000640783719816,0.000714879977159
-3,3,-5.42700940919,5.42700940919,-3,-3,-5.42700940919,-5.42700940919,0.00071312414194,0.00648981666147
-3,3,-5.42700940919,5.42700940919,-3,-2,-5.42700940919,-3.61800627279,-0.00442040554572,-0.00678622172591
-3,3,-5.42700940919,5.42700940919,-3,-1,-5.42700940919,-1.8090031364,0.0109647994421,0.0100188809614
-3,3,-5.42700940919,5.42700940919,-3,0,-5.42700940919,0,-0.00142602250934,0.00453726499268
-3,3,-5.42700940919,5.42700940919,-3,1,-5.42700940919,1.8090031364,0.000640961957228,0.00792781302803
-3,3,-5.42700940919,5.42700940919,-3,2,-5.42700940919,3.61800627279,0.0043287834944,-0.00594705269518
-3,3,-5.42700940919,5.42700940919,-3,3,-5.42700940919,5.42700940919,0.0223116487621,0
-3,3,-5.42700940919,5.42700940919,-3,4,-5.42700940919,7.23601254558,0.0026503198177,0.00435712727499
-3,3,-5.42700940919,5.42700940919,-2,-4,-3.61800627279,-7.23601254558,-0.00302090158444,-0.00373833214077
-3,3,-5.42700940919,5.42700940919,-2,-3,-3.61800627279,-5.42700940919,-0.00173263837923,-0.00129452166397
-3,3,-5.42700940919,5.42700940919,-2,-2,-3.61800627279,-3.61800627279,-0.000730547196319,-0.000430097834563
-3,3,-5.42700940919,5.42700940919,-2,-1,-3.61800627279,-1.8090031364,0.00719055487538,-0.00975456335306
-3,3,-5.42700940919,5.42700940919,-2,0,-3.61800627279,0,-0.00338465286307,-0.00436275988588
-3,3,-5.42700940919,5.42700940919,-2,1,-3.61800627279,1.8090031364,0.00527757385544,-0.00951598140292
-3,3,-5.42700940919,5.42700940919,-2,2,-3.61800627279,3.61800627279,-0.014527130346,0.00621018436177
-3,3,-5.42700940919,5.42700940919,-2,3,-3.61800627279,5.42700940919,0.00262207717846,-0.000381775430362
-3,3,-5.42700940919,5.42700940919,-2,4,-3.61800627279,7.23601254558,0.000570534239026,-0.00251213417288
-3,3,-5.42700940919,5.42700940919,-1,-4,-1.8090031364,-7.23601254558,0.00406087670927,0.00258113581606
-3,3,-5.42700940919,5.42700940919,-1,-3,-1.8090031364,-5.42700940919,0.00438304649856,0.00460064124479
-3,3,-5.42700940919,5.42700940919,-1,-2,-1.8090031364,-3.61800627279,0.00340990795405,-0.012206747693
-3,3,-5.42700940919,5.42700940919,-1,-1,-1.8090031364,-1.8090031364,0.0132743334777,0.00626364855896
-3,3,-5.42700940919,5.42700940919,-1,0,-1.8090031364,0,-0.00141983835365,0.00823258553238
-3,3,-5.42700940919,5.42700940919,-1,1,-1.8090031364,1.8090031364,-0.0107729590782,-0.00383045014915
-3,3,-5.42700940919,5.42700940919,-1,2,-1.8090031364,3.61800627279,-0.0108168153145,-0.0018214392045
-3,3,-5.42700940919,5.42700940919,-1,3,-1.8090031364,5.42700940919,-0.00674081871458,0.0049105493645
-3,3,-5.42700940919,5.42700940919,-1,4,-1.8090031364,7.23601254558,-0.00176584167873,-0.00328121421476
-3,3,-5.42700940919,5.42700940919,0,-4,0,-7.23601254558,0.00152511453858,-0.00894002274247
-3,3,-5.42700940919,5.42700940919,0,-3,0,-5.42700940919,-0.000105081240794,-0.00376884388756
-3,3,-5.42700940919,5.42700940919,0,-2,0,-3.61800627279,-0.0137408902431,-0.00728626016085
-3,3,-5.42700940919,5.42700940919,0,-1,0,-1.8090031364,0.0108280154127,-0.00231305924479
-3,3,-5.42700940919,5.42700940919,0,0,0,0,-0.0565814176038,-0.00757397294109
-3,3,-5.42700940919,5.42700940919,0,1,0,1.8090031364,-0.0043707934651,-0.0199972864657
-3,3,-5.42700940919,5.42700940919,0,2,0,3.61800627279,-0.00388995564122,-0.0138876623169
-3,3,-5.42700940919,5.42700940919,0,3,0,5.42700940919,0.00733277410392,5.61827351324e-06
-3,3,-5.42700940919,5.42700940919,0,4,0,7.23601254558,-0.00538760546849,-0.00604444143273
-3,3,-5.42700940919,5.42700940919,1,-4,1.8090031364,-7.23601254558,-0.00945761905989,-0.00522659979664
-3,3,-5.42700940919,5.42700940919,1,-3,1.8090031364,-5.42700940919,0.00326906513328,0.00435840830578
-3,3,-5.42700940919,5.42700940919,1,-2,1.8090031364,-3.61800627279,-0.0132153674364,-0.00303753610239
-3,3,-5.42700940919,5.42700940919,1,-1,1.8090031364,-1.8090031364,0.0017405868593,-0.0225054946728
-3,3,-5.42700940919,5.42700940919,1,0,1.8090031364,0,0.00998304953158,-0.00507903302234
-3,3,-5.42700940919,5.42700940919,1,1,1.8090031364,1.8090031364,0.00209659859025,-0.0132812307085
-3,3,-5.42700940919,5.42700940919,1,2,1.8090031364,3.61800627279,-0.0185563601561,0.0133395539417
-3,3,-5.42700940919,5.42700940919,1,3,1.8090031364,5.42700940919,-0.0064928023822,0.00108774327171
-3,3,-5.42700940919,5.42700940919,1,4,1.8090031364,7.23601254558,-0.00103829719518,0.000974800456607
-3,3,-5.42700940919,5.42700940919,2,-4,3.61800627279,-7.23601254558,-0.00154091749953,-0.00422020072324
-3,3,-5.42700940919,5.42700940919,2,-3,3.61800627279,-5.42700940919,-0.00363392962428,-0.00342248249617
-3,3,-5.42700940919,5.42700940919,2,-2,3.61800627279,-3.61800627279,0.00115342330895,-0.00231837696518
-3,3,-5.42700940919,5.42700940919,2,-1,3.61800627279,-1.8090031364,-0.000528791104422,0.0104290966991
-3,3,-5.42700940919,5.42700940919,2,0,3.61800627279,0,0.0065911804413,0.00644726978676
-3,3,-5.42700940919,5.42700940919,2,1,3.61800627279,1.8090031364,-0.00231126310515,-0.0172147678005
-3,3,-5.42700940919,5.42700940919,2,2,3.61800627279,3.61800627279,0.00137839848482,0.0090560294169
-3,3,-5.42700940919,5.42700940919,2,3,3.61800627279,5.42700940919,0.00513905165063,0.00307613794745
-3,3,-5.42700940919,5.42700940919,2,4,3.61800627279,7.23601254558,-0.00306839476668,-0.000579707824671
-3,3,-5.42700940919,5.42700940919,3,-4,5.42700940919,-7.23601254558,-0.00128801700409,-0.00367628605191
-3,3,-5.42700940919,5.42700940919,3,-3,5.42700940919,-5.42700940919,0.0011772238182,0.00141475469199
-3,3,-5.42700940919,5.42700940919,3,-2,5.42700940919,-3.61800627279,0.00171901985229,0.00360392510623
-3,3,-5.42700940919,5.42700940919,3,-1,5.42700940919,-1.8090031364,0.000607417691253,0.00053744022514
-3,3,-5.42700940919,5.42700940919,3,0,5.42700940919,0,0.00938487981406,0.0106398397049
-3,3,-5.42700940919,5.42700940919,3,1,5.42700940919,1.8090031364,0.00378962216824,0.00264323516599
-3,3,-5.42700940919,5.42700940919,3,2,5.42700940919,3.61800627279,0.00282185645483,0.00410496246676
-3,3,-5.42700940919,5.42700940919,3,3,5.42700940919,5.42700940919,0.00349419330133,-0.000337234953566
-3,3,-5.42700940919,5.42700940919,3,4,5.42700940919,7.23601254558,0.00159998309465,0.00182407510388
-3,3,-5.42700940919,5.42700940919,4,-4,7.23601254558,-7.23601254558,-0.006181144111,-0.000630215437934
-3,3,-5.42700940919,5.42700940919,4,-3,7.23601254558,-5.42700940919,0.000766787998514,0.00575424178726
-3,3,-5.42700940919,5.42700940919,4,-2,7.23601254558,-3.61800627279,0.000456751334431,0.00120582629965
-3,3,-5.42700940919,5.42700940919,4,-1,7.23601254558,-1.8090031364,-0.00266205714703,-0.00103989829093
-3,3,-5.42700940919,5.42700940919,4,0,7.23601254558,0,0.000533361739121,-0.00373109256225
-3,3,-5.42700940919,5.42700940919,4,1,7.23601254558,1.8090031364,-0.00302790630188,-0.00181865905184
-3,3,-5.42700940919,5.42700940919,4,2,7.23601254558,3.61800627279,0.00404574837375,-0.00188385778607
-3,3,-5.42700940919,5.42700940919,4,3,7.23601254558,5.42700940919,0.00350861778936,-0.000711565152541
-3,3,-5.42700940919,5.42700940919,4,4,7.23601254558,7.23601254558,-0.00218719187888,0.00179003228523
-3,4,-5.42700940919,7.23601254558,-4,-4,-7.23601254558,-7.23601254558,0.00321193872145,-0.000305699864689
-3,4,-5.42700940919,7.23601254558,-4,-3,-7.23601254558,-5.42700940919,-0.00389097573069,-0.00409998640292
-3,4,-5.42700940919,7.23601254558,-4,-2,-7.23601254558,-3.61800627279,-0.00479571859524,0.00319352669008
-3,4,-5.42700940919,7.23601254558,-4,-1,-7.23601254558,-1.8090031364,0.00402722408908,-0.00143106629444
-3,4,-5.42700940919,7.23601254558,-4,0,-7.23601254558,0,-0.000854056796307,0.0015639626067
-3,4,-5.42700940919,7.23601254558,-4,1,-7.23601254558,1.8090031364,-0.00277493520577,-0.00110894488316
-3,4,-5.42700940919,7.23601254558,-4,2,-7.23601254558,3.61800627279,-0.00462096478088,-0.00123555166359
-3,4,-5.42700940919,7.23601254558,-4,3,-7.23601254558,5.42700940919,0.00364001898548,0.00685255023531
-3,4,-5.42700940919,7.23601254558,-4,4,-7.23601254558,7.23601254558,-0.00469424790088,-0.00223977257529
-3,4,-5.42700940919,7.23601254558,-3,-4,-5.42700940919,-7.23601254558,-0.00439931958301,-0.00391054872872
-3,4,-5.42700940919,7.23601254558,-3,-3,-5.42700940919,-5.42700940919,-0.000759356075768,0.0084755118909
-3,4,-5.42700940919,7.23601254558,-3,-2,-5.42700940919,-3.61800627279,0.000157345728559,0.00367715958799
-3,4,-5.42700940919,7.23601254558,-3,-1,-5.42700940919,-1.8090031364,-0.00378546424986,-0.00518370627791
-3,4,-5.42700940919,7.23601254558,-3,0,-5.42700940919,0,0.0132836018624,0.00507537053745
-3,4,-5.42700940919,7.23601254558,-3,1,-5.42700940919,1.8090031364,-0.00572324517568,0.00698352016195
-3,4,-5.42700940919,7.23601254558,-3,2,-5.42700940919,3.61800627279,0.00208406623528,0.00906536172503
-3,4,-5.42700940919,7.23601254558,-3,3,-5.42700940919,5.42700940919,0.0026503198177,-0.00435712727499
-3,4,-5.42700940919,7.23601254558,-3,4,-5.42700940919,7.23601254558,0.00354766015754,0
-3,4,-5.42700940919,7.23601254558,-2,-4,-3.61800627279,-7.23601254558,-0.00114219168712,0.00248300911378
-3,4,-5.42700940919,7.23601254558,-2,-3,-3.61800627279,-5.42700940919,0.00108598243003,-0.00289056579474
-3,4,-5.42700940919,7.23601254558,-2,-2,-3.61800627279,-3.61800627279,0.00303687842489,-0.00294405243474
-3,4,-5.42700940919,7.23601254558,-2,-1,-3.61800627279,-1.8090031364,-0.00337285778282,-0.00265147734356
-3,4,-5.42700940919,7.23601254558,-2,0,-3.61800627279,0,-0.0026628481384,-0.009716962475
-3,4,-5.42700940919,7.23601254558,-2,1,-3.61800627279,1.8090031364,0.000537131029401,0.0020409182726
-3,4,-5.42700940919,7.23601254558,-2,2,-3.61800627279,3.61800627279,0.00438884600551,-0.004880279569
-3,4,-5.42700940919,7.23601254558,-2,3,-3.61800627279,5.42700940919,-0.00542558262871,0.00574802163963
-3,4,-5.42700940919,7.23601254558,-2,4,-3.61800627279,7.23601254558,-0.00190286749448,-0.000692221973402
-3,4,-5.42700940919,7.23601254558,-1,-4,-1.8090031364,-7.23601254558,-0.00646894859381,0.000767809293265
-3,4,-5.42700940919,7.23601254558,-1,-3,-1.8090031364,-5.42700940919,0.00705662360723,0.0049407930367
-3,4,-5.42700940919,7.23601254558,-1,-2,-1.8090031364,-3.61800627279,0.00718660659045,0.0102701758174
-3,4,-5.42700940919,7.23601254558,-1,-1,-1.8090031364,-1.8090031364,0.00510284550226,-0.00988253838286
-3,4,-5.42700940919,7.23601254558,-1,0,-1.8090031364,0,0.00578818854444,0.00263020126764
-3,4,-5.42700940919,7.23601254558,-1,1,-1.8090031364,1.8090031364,0.00497655405449,0.00639537964747
-3,4,-5.42700940919,7.23601254558,-1,2,-1.8090031364,3.61800627279,-0.00447017337238,0.00289581976335
-3,4,-5.42700940919,7.23601254558,-1,3,-1.8090031364,5.42700940919,-0.00420028154096,-0.000615258505544
-3,4,-5.42700940919,7.23601254558,-1,4,-1.8090031364,7.23601254558,-0.00312204649543,-0.00136114044053
-3,4,-5.42700940919,7.23601254558,0,-4,0,-7.23601254558,0.00899977012674,0.00273304156468
-3,4,-5.42700940919,7.23601254558,0,-3,0,-5.42700940919,0.00367079773724,-0.0135559305104
-3,4,-5.42700940919,7.23601254558,0,-2,0,-3.61800627279,0.000800395092528,-0.00834288571837
-3,4,-5.42700940919,7.23601254558,0,-1,0,-1.8090031364,-0.0194167938262,-0.011822444182
-3,4,-5.42700940919,7.23601254558,0,0,0,0,0.0140400794895,0.00177476004728
-3,4,-5.42700940919,7.23601254558,0,1,0,1.8090031364,-0.0347746788586,-0.0155283141485
-3,4,-5.42700940919,7.23601254558,0,2,0,3.61800627279,-0.00443196074817,-0.00571901202441
-3,4,-5.42700940919,7.23601254558,0,3,0,5.42700940919,-0.00180405411544,-0.00843284329339
-3,4,-5.42700940919,7.23601254558,0,4,0,7.23601254558,0.00304737183049,0.00182866562283
-3,4,-5.42700940919,7.23601254558,1,-4,1.8090031364,-7.23601254558,-0.00214706700321,-0.00208657986838
-3,4,-5.42700940919,7.23601254558,1,-3,1.8090031364,-5.42700940919,-0.0126310257067,-0.0036742663048
-3,4,-5.42700940919,7.23601254558,1,-2,1.8090031364,-3.61800627279,-0.000663115055642,0.00590570986721
-3,4,-5.42700940919,7.23601254558,1,-1,1.8090031364,-1.8090031364,-0.00902896994462,-0.00519472734522
-3,4,-5.42700940919,7.23601254558,1,0,1.8090031364,0,0.00507222313081,-0.0313443529214
-3,4,-5.42700940919,7.23601254558,1,1,1.8090031364,1.8090031364,0.00424542470644,-0.00252638883961
-3,4,-5.42700940919,7.23601254558,1,2,1.8090031364,3.61800627279,0.00463205906146,-0.00517378361278
-3,4,-5.42700940919,7.23601254558,1,3,1.8090031364,5.42700940919,-0.00583315867756,0.0026369766579
-3,4,-5.42700940919,7.23601254558,1,4,1.8090031364,7.23601254558,-0.00161790456268,0.00146770742896
-3,4,-5.42700940919,7.23601254558,2,-4,3.61800627279,-7.23601254558,0.00221820818133,0.00472457714313
-3,4,-5.42700940919,7.23601254558,2,-3,3.61800627279,-5.42700940919,0.00240347206534,-0.0029245980191
-3,4,-5.42700940919,7.23601254558,2,-2,3.61800627279,-3.61800627279,-0.00292067234027,-0.000903487266557
-3,4,-5.42700940919,7.23601254558,2,-1,3.61800627279,-1.8090031364,-0.00135599131313,-0.0151464225286
-3,4,-5.42700940919,7.23601254558,2,0,3.61800627279,0,-0.00783381806401,0.0103062984705
-3,4,-5.42700940919,7.23601254558,2,1,3.61800627279,1.8090031364,0.00951508120957,0.00455419535635
-3,4,-5.42700940919,7.23601254558,2,2,3.61800627279,3.61800627279,-0.0041175424364,-0.0111486411352
-3,4,-5.42700940919,7.23601254558,2,3,3.61800627279,5.42700940919,-0.00196917071179,0.00193195907765
-3,4,-5.42700940919,7.23601254558,2,4,3.61800627279,7.23601254558,0.00422381139362,-0.000301238066704
-3,4,-5.42700940919,7.23601254558,3,-4,5.42700940919,-7.23601254558,-0.00284388627211,0.00117715895844
-3,4,-5.42700940919,7.23601254558,3,-3,5.42700940919,-5.42700940919,-0.00128801700409,-0.00367628605191
-3,4,-5.42700940919,7.23601254558,3,-2,5.42700940919,-3.61800627279,-0.00268391195601,0.0039555791202
-3,4,-5.42700940919,7.23601254558,3,-1,5.42700940919,-1.8090031364,0.00225292819177,0.00185696800102
-3,4,-5.42700940919,7.23601254558,3,0,5.42700940919,0,-0.00102145170855,-0.00358066506013
-3,4,-5.42700940919,7.23601254558,3,1,5.42700940919,1.8090031364,0.00834370435902,0.0101149785603
-3,4,-5.42700940919,7.23601254558,3,2,5.42700940919,3.61800627279,0.00149348135475,0.00453289345382
-3,4,-5.42700940919,7.23601254558,3,3,5.42700940919,5.42700940919,-9.74791483102e-05,-0.00188772522266
-3,4,-5.42700940919,7.23601254558,3,4,5.42700940919,7.23601254558,0.00310555814462,-0.000921053328628
-3,4,-5.42700940919,7.23601254558,4,-4,7.23601254558,-7.23601254558,0.00169695853669,0.00247704111094
-3,4,-5.42700940919,7.23601254558,4,-3,7.23601254558,-5.42700940919,-0.00675431188663,-0.00288025282882
-3,4,-5.42700940919,7.23601254558,4,-2,7.23601254558,-3.61800627279,0.00233856689976,0.00557630792557
-3,4,-5.42700940919,7.23601254558,4,-1,7.23601254558,-1.8090031364,-0.00218407958735,0.0014480251979
-3,4,-5.42700940919,7.23601254558,4,0,7.23601254558,0,9.28304293635e-05,0.00200208100794
-3,4,-5.42700940919,7.23601254558,4,1,7.23601254558,1.8090031364,-0.00193735462593,-0.00418371558081
-3,4,-5.42700940919,7.23601254558,4,2,7.23601254558,3.61800627279,-0.00168008867106,-0.000929296109346
-3,4,-5.42700940919,7.23601254558,4,3,7.23601254558,5.42700940919,0.00355491380585,-0.00137318587318
-3,4,-5.42700940919,7.23601254558,4,4,7.23601254558,7.23601254558,0.00564898002329,0.00243157863557
-2,-4,-3.61800627279,-7.23601254558,-4,-4,-7.23601254558,-7.23601254558,-0.00507893902762,-0.00075787858008
-2,-4,-3.61800627279,-7.23601254558,-4,-3,-7.23601254558,-5.42700940919,-0.00149315708443,0.00240872007339
-2,-4,-3.61800627279,-7.23601254558,-4,-2,-7.23601254558,-3.61800627279,-0.000949403178685,-0.00229222965648
-2,-4,-3.61800627279,-7.23601254558,-4,-1,-7.23601254558,-1.8090031364,-0.000298513482912,-0.00497264769495
-2,-4,-3.61800627279,-7.23601254558,-4,0,-7.23601254558,0,0.001836823284,0.00327805112128
-2,-4,-3.61800627279,-7.23601254558,-4,1,-7.23601254558,1.8090031364,-0.00249614606592,0.00193724625537
-2,-4,-3.61800627279,-7.23601254558,-4,2,-7.23601254558,3.61800627279,-0.000262136889925,0.00216444385684
-2,-4,-3.61800627279,-7.23601254558,-4,3,-7.23601254558,5.42700940919,0.00205775307883,-0.00099080712919
-2,-4,-3.61800627279,-7.23601254558,-4,4,-7.23601254558,7.23601254558,-0.00380344266951,-0.000474193561456
-2,-4,-3.61800627279,-7.23601254558,-3,-4,-5.42700940919,-7.23601254558,1.23376716876e-05,0.000994155286876
-2,-4,-3.61800627279,-7.23601254558,-3,-3,-5.42700940919,-5.42700940919,-0.0038675510572,-0.00342501566678
-2,-4,-3.61800627279,-7.23601254558,-3,-2,-5.42700940919,-3.61800627279,0.000964050899282,0.0012285127262
-2,-4,-3.61800627279,-7.23601254558,-3,-1,-5.42700940919,-1.8090031364,0.00104812879196,0.000465873202495
-2,-4,-3.61800627279,-7.23601254558,-3,0,-5.42700940919,0,-0.00538186006264,0.00357512057071
-2,-4,-3.61800627279,-7.23601254558,-3,1,-5.42700940919,1.8090031364,0.00153145020112,0.00806886572522
-2,-4,-3.61800627279,-7.23601254558,-3,2,-5.42700940919,3.61800627279,-9.15314759997e-05,-0.00198786617126
-2,-4,-3.61800627279,-7.23601254558,-3,3,-5.42700940919,5.42700940919,-0.00302090158444,0.00373833214077
-2,-4,-3.61800627279,-7.23601254558,-3,4,-5.42700940919,7.23601254558,-0.00114219168712,-0.00248300911378
-2,-4,-3.61800627279,-7.23601254558,-2,-4,-3.61800627279,-7.23601254558,0.0283822548661,0
-2,-4,-3.61800627279,-7.23601254558,-2,-3,-3.61800627279,-5.42700940919,0.00172523662062,0.00394928948124
-2,-4,-3.61800627279,-7.23601254558,-2,-2,-3.61800627279,-3.61800627279,0.00124201806635,-0.0137676870506
-2,-4,-3.61800627279,-7.23601254558,-2,-1,-3.61800627279,-1.8090031364,-0.0034728913118,-0.0039388651892
-2,-4,-3.61800627279,-7.23601254558,-2,0,-3.61800627279,0,0.0214406765807,-0.00152068021026
-2,-4,-3.61800627279,-7.23601254558,-2,1,-3.61800627279,1.8090031364,-0.00724746315271,0.00382295365689
-2,-4,-3.61800627279,-7.23601254558,-2,2,-3.61800627279,3.61800627279,-0.00621564265123,-0.0169009443845
-2,-4,-3.61800627279,-7.23601254558,-2,3,-3.61800627279,5.42700940919,0.000534246547235,-0.00317141573095
-2,-4,-3.61800627279,-7.23601254558,-2,4,-3.61800627279,7.23601254558,-0.0023483573142,0.00198695192991
-2,-4,-3.61800627279,-7.23601254558,-1,-4,-1.8090031364,-7.23601254558,-0.00108894293857,-0.00198829584626
-2,-4,-3.61800627279,-7.23601254558,-1,-3,-1.8090031364,-5.42700940919,-0.00950882480874,0.00627652544589
-2,-4,-3.61800627279,-7.23601254558,-1,-2,-1.8090031364,-3.61800627279,-0.00433582678403,-0.0081208162352
-2,-4,-3.61800627279,-7.23601254558,-1,-1,-1.8090031364,-1.8090031364,-0.0153528711221,-0.00797290550732
-2,-4,-3.61800627279,-7.23601254558,-1,0,-1.8090031364,0,0.000565301157818,-0.0093576027644
-2,-4,-3.61800627279,-7.23601254558,-1,1,-1.8090031364,1.8090031364,0.00824376554792,0.0105504745206
-2,-4,-3.61800627279,-7.23601254558,-1,2,-1.8090031364,3.61800627279,-0.00977285230696,-0.00776977796077
-2,-4,-3.61800627279,-7.23601254558,-1,3,-1.8090031364,5.42700940919,0.00678699893681,0.00404291363664
-2,-4,-3.61800627279,-7.23601254558,-1,4,-1.8090031364,7.23601254558,0.00086726481925,0.00166697564057
-2,-4,-3.61800627279,-7.23601254558,0,-4,0,-7.23601254558,-0.0083598512178,0.00549181681917
-2,-4,-3.61800627279,-7.23601254558,0,-3,0,-5.42700940919,0.00068726989417,-0.0019806567847
-2,-4,-3.61800627279,-7.23601254558,0,-2,0,-3.61800627279,0.00511158908078,-0.000795185353032
-2,-4,-3.61800627279,-7.23601254558,0,-1,0,-1.8090031364,-0.0280116140044,0.0143392324782
-2,-4,-3.61800627279,-7.23601254558,0,0,0,0,0.040786169525,-0.0139283594581
-2,-4,-3.61800627279,-7.23601254558,0,1,0,1.8090031364,-0.00108622473938,0.0107250766341
-2,-4,-3.61800627279,-7.23601254558,0,2,0,3.61800627279,-0.0033467589372,0.00976042802916
-2,-4,-3.61800627279,-7.23601254558,0,3,0,5.42700940919,-0.00400695272196,-0.00353190858776
-2,-4,-3.61800627279,-7.23601254558,0,4,0,7.23601254558,-0.000425938329078,-0.00494060085638
-2,-4,-3.61800627279,-7.23601254558,1,-4,1.8090031364,-7.23601254558,0.00359197096195,0.00085298904674
-2,-4,-3.61800627279,-7.23601254558,1,-3,1.8090031364,-5.42700940919,-0.00725633002759,-0.00947778593209
-2,-4,-3.61800627279,-7.23601254558,1,-2,1.8090031364,-3.61800627279,0.0119035553653,-0.0037804962232
-2,-4,-3.61800627279,-7.23601254558,1,-1,1.8090031364,-1.8090031364,-0.00389799880088,0.00983948347248
-2,-4,-3.61800627279,-7.23601254558,1,0,1.8090031364,0,-0.0416778037019,-0.00797039897134
-2,-4,-3.61800627279,-7.23601254558,1,1,1.8090031364,1.8090031364,0.0118588479759,0.0199835665628
-2,-4,-3.61800627279,-7.23601254558,1,2,1.8090031364,3.61800627279,0.00169026054711,-0.011602525755
-2,-4,-3.61800627279,-7.23601254558,1,3,1.8090031364,5.42700940919,0.00472332225292,-0.00394489162181
-2,-4,-3.61800627279,-7.23601254558,1,4,1.8090031364,7.23601254558,0.000200407435933,-0.00468786628337
-2,-4,-3.61800627279,-7.23601254558,2,-4,3.61800627279,-7.23601254558,0.00273353526512,0.00183492637943
-2,-4,-3.61800627279,-7.23601254558,2,-3,3.61800627279,-5.42700940919,-0.00266975296013,0.000165863554669
-2,-4,-3.61800627279,-7.23601254558,2,-2,3.61800627279,-3.61800627279,-0.00709052449919,-0.00640018662079
-2,-4,-3.61800627279,-7.23601254558,2,-1,3.61800627279,-1.8090031364,-0.0113824840697,0.00327092468641
-2,-4,-3.61800627279,-7.23601254558,2,0,3.61800627279,0,-0.00473984246478,0.0231726250523
-2,-4,-3.61800627279,-7.23601254558,2,1,3.61800627279,1.8090031364,0.00132821814622,0.00182739072791
-2,-4,-3.61800627279,-7.23601254558,2,2,3.61800627279,3.61800627279,0.00553239804797,-0.0112044401176
-2,-4,-3.61800627279,-7.23601254558,2,3,3.61800627279,5.42700940919,0.0020741882352,-0.00194165030459
-2,-4,-3.61800627279,-7.23601254558,2,4,3.61800627279,7.23601254558,0.000788954783256,0.00694425978339
-2,-4,-3.61800627279,-7.23601254558,3,-4,5.42700940919,-7.23601254558,0.00422381139362,-0.000301238066704
-2,-4,-3.61800627279,-7.23601254558,3,-3,5.42700940919,-5.42700940919,-0.00306839476668,-0.000579707824671
-2,-4,-3.61800627279,-7.23601254558,3,-2,5.42700940919,-3.61800627279,0.000117021647957,0.00141562329388
-2,-4,-3.61800627279,-7.23601254558,3,-1,5.42700940919,-1.8090031364,0.0117912944209,-0.00605902223987
-2,-4,-3.61800627279,-7.23601254558,3,0,5.42700940919,0,-0.00657020029715,0.00463489179722
-2,-4,-3.61800627279,-7.23601254558,3,1,5.42700940919,1.8090031364,-0.0084917687718,0.000700502161988
-2,-4,-3.61800627279,-7.23601254558,3,2,5.42700940919,3.61800627279,-0.00130697304834,-0.00754841610647
-2,-4,-3.61800627279,-7.23601254558,3,3,5.42700940919,5.42700940919,0.00256554735043,0.00185441979325
-2,-4,-3.61800627279,-7.23601254558,3,4,5.42700940919,7.23601254558,-0.000888304019511,0.00140783082288
-2,-4,-3.61800627279,-7.23601254558,4,-4,7.23601254558,-7.23601254558,0.000964905458511,0.00180218771914
-2,-4,-3.61800627279,-7.23601254558,4,-3,7.23601254558,-5.42700940919,-0.00026962969778,-0.000684728321626
-2,-4,-3.61800627279,-7.23601254558,4,-2,7.23601254558,-3.61800627279,0.00327013876199,-0.00133119365648
-2,-4,-3.61800627279,-7.23601254558,4,-1,7.23601254558,-1.8090031364,0.00261263927989,-4.25957260349e-05
-2,-4,-3.61800627279,-7.23601254558,4,0,7.23601254558,0,0.00169885572624,-0.00337216781126
-2,-4,-3.61800627279,-7.23601254558,4,1,7.23601254558,1.8090031364,-0.00108950139841,0.00358908148609
-2,-4,-3.61800627279,-7.23601254558,4,2,7.23601254558,3.61800627279,0.00463171865964,-0.00409170457436
-2,-4,-3.61800627279,-7.23601254558,4,3,7.23601254558,5.42700940919,-0.00233077552553,-0.00334641814786
-2,-4,-3.61800627279,-7.23601254558,4,4,7.23601254558,7.23601254558,-0.000448470226063,0.00320152152259
-2,-3,-3.61800627279,-5.42700940919,-4,-4,-7.23601254558,-7.23601254558,0.00642385178612,-0.00213851137319
-2,-3,-3.61800627279,-5.42700940919,-4,-3,-7.23601254558,-5.42700940919,-0.00925576781858,-0.00379125216313
-2,-3,-3.61800627279,-5.42700940919,-4,-2,-7.23601254558,-3.61800627279,-0.00285111618872,0.00460551554005
-2,-3,-3.61800627279,-5.42700940919,-4,-1,-7.23601254558,-1.8090031364,-0.00507061618247,0.00249168233118
-2,-3,-3.61800627279,-5.42700940919,-4,0,-7.23601254558,0,-4.0607084912e-05,-0.00215741872204
-2,-3,-3.61800627279,-5.42700940919,-4,1,-7.23601254558,1.8090031364,0.00770490330608,-0.00160843328086
-2,-3,-3.61800627279,-5.42700940919,-4,2,-7.23601254558,3.61800627279,0.000926828353507,0.00574010141761
-2,-3,-3.61800627279,-5.42700940919,-4,3,-7.23601254558,5.42700940919,-0.00376085485672,-0.00416769508805
-2,-3,-3.61800627279,-5.42700940919,-4,4,-7.23601254558,7.23601254558,0.00413915569167,-0.000922983664397
-2,-3,-3.61800627279,-5.42700940919,-3,-4,-5.42700940919,-7.23601254558,-0.00294546272982,-0.00208169557419
-2,-3,-3.61800627279,-5.42700940919,-3,-3,-5.42700940919,-5.42700940919,0.00149547908752,0.00045504578968
-2,-3,-3.61800627279,-5.42700940919,-3,-2,-5.42700940919,-3.61800627279,-0.00882230555113,-0.00288953489098
-2,-3,-3.61800627279,-5.42700940919,-3,-1,-5.42700940919,-1.8090031364,0.00037704792289,0.0065220071318
-2,-3,-3.61800627279,-5.42700940919,-3,0,-5.42700940919,0,0.00275127536793,-0.00944341072052
-2,-3,-3.61800627279,-5.42700940919,-3,1,-5.42700940919,1.8090031364,-0.000275366098532,0.00809227310065
-2,-3,-3.61800627279,-5.42700940919,-3,2,-5.42700940919,3.61800627279,-0.000259152270667,0.00381419811623
-2,-3,-3.61800627279,-5.42700940919,-3,3,-5.42700940919,5.42700940919,-0.00173263837923,0.00129452166397
-2,-3,-3.61800627279,-5.42700940919,-3,4,-5.42700940919,7.23601254558,0.00108598243003,0.00289056579474
-2,-3,-3.61800627279,-5.42700940919,-2,-4,-3.61800627279,-7.23601254558,0.00172523662062,-0.00394928948124
-2,-3,-3.61800627279,-5.42700940919,-2,-3,-3.61800627279,-5.42700940919,0.069502945719,0
-2,-3,-3.61800627279,-5.42700940919,-2,-2,-3.61800627279,-3.61800627279,0.0101147598774,0.00394387596591
-2,-3,-3.61800627279,-5.42700940919,-2,-1,-3.61800627279,-1.8090031364,0.000797796776473,-0.0263136738779
-2,-3,-3.61800627279,-5.42700940919,-2,0,-3.61800627279,0,-0.00219367574733,-0.0124601459837
-2,-3,-3.61800627279,-5.42700940919,-2,1,-3.61800627279,1.8090031364,0.0177562973687,-0.00661195393351
-2,-3,-3.61800627279,-5.42700940919,-2,2,-3.61800627279,3.61800627279,-0.0078084043897,0.00723544704433
-2,-3,-3.61800627279,-5.42700940919,-2,3,-3.61800627279,5.42700940919,0.000127907965714,-0.00948474057767
-2,-3,-3.61800627279,-5.42700940919,-2,4,-3.61800627279,7.23601254558,0.00164689459693,-0.00962390591344
-2,-3,-3.61800627279,-5.42700940919,-1,-4,-1.8090031364,-7.23601254558,-0.00195817096248,0.00247084451806
-2,-3,-3.61800627279,-5.42700940919,-1,-3,-1.8090031364,-5.42700940919,0.00029619750146,0.000133661275284
-2,-3,-3.61800627279,-5.42700940919,-1,-2,-1.8090031364,-3.61800627279,-0.0102460522061,0.00505339124987
-2,-3,-3.61800627279,-5.42700940919,-1,-1,-1.8090031364,-1.8090031364,-0.00938777979248,-0.0214522744858
-2,-3,-3.61800627279,-5.42700940919,-1,0,-1.8090031364,0,-0.0272680901417,-0.0114388573459
-2,-3,-3.61800627279,-5.42700940919,-1,1,-1.8090031364,1.8090031364,-0.00131007095155,-0.00103515316579
-2,-3,-3.61800627279,-5.42700940919,-1,2,-1.8090031364,3.61800627279,0.0099576133203,0.00766098903262
-2,-3,-3.61800627279,-5.42700940919,-1,3,-1.8090031364,5.42700940919,-0.011422858863,-0.00769636691856
-2,-3,-3.61800627279,-5.42700940919,-1,4,-1.8090031364,7.23601254558,0.00299289157734,-0.000883050409048
-2,-3,-3.61800627279,-5.42700940919,0,-4,0,-7.23601254558,-0.00378591349641,2.12897421112e-05
-2,-3,-3.61800627279,-5.42700940919,0,-3,0,-5.42700940919,-0.0141804083188,0.014310078544
-2,-3,-3.61800627279,-5.42700940919,0,-2,0,-3.61800627279,-0.0028464431016,-0.00864537057439
-2,-3,-3.61800627279,-5.42700940919,0,-1,0,-1.8090031364,-0.00502443421168,-0.000571453808027
-2,-3,-3.61800627279,-5.42700940919,0,0,0,0,-0.0332995043624,0.0217654720809
-2,-3,-3.61800627279,-5.42700940919,0,1,0,1.8090031364,0.0364833663471,-0.00182672886888
-2,-3,-3.61800627279,-5.42700940919,0,2,0,3.61800627279,-0.00258201714591,0.00129025848827
-2,-3,-3.61800627279,-5.42700940919,0,3,0,5.42700940919,0.00316506123334,0.0045706601172
-2,-3,-3.61800627279,-5.42700940919,0,4,0,7.23601254558,-0.00707368831023,-0.000976308603798
-2,-3,-3.61800627279,-5.42700940919,1,-4,1.8090031364,-7.23601254558,-0.00309148139945,-0.00955416516822
-2,-3,-3.61800627279,-5.42700940919,1,-3,1.8090031364,-5.42700940919,0.00734726356944,0.00142029123835
-2,-3,-3.61800627279,-5.42700940919,1,-2,1.8090031364,-3.61800627279,-0.017558549622,-0.0184395388832
-2,-3,-3.61800627279,-5.42700940919,1,-1,1.8090031364,-1.8090031364,0.0187256136257,-0.00471679265934
-2,-3,-3.61800627279,-5.42700940919,1,0,1.8090031364,0,-0.00973933215494,0.0183620345056
-2,-3,-3.61800627279,-5.42700940919,1,1,1.8090031364,1.8090031364,-0.0405812595272,-0.00379227110528
-2,-3,-3.61800627279,-5.42700940919,1,2,1.8090031364,3.61800627279,0.00949542033111,0.00289346211571
-2,-3,-3.61800627279,-5.42700940919,1,3,1.8090031364,5.42700940919,0.00142125934567,-0.000703592893918
-2,-3,-3.61800627279,-5.42700940919,1,4,1.8090031364,7.23601254558,0.00197498314246,-0.00369875723401
-2,-3,-3.61800627279,-5.42700940919,2,-4,3.61800627279,-7.23601254558,-0.00539476784459,-0.000309837505165
-2,-3,-3.61800627279,-5.42700940919,2,-3,3.61800627279,-5.42700940919,-0.00405218754694,0.00441070649129
-2,-3,-3.61800627279,-5.42700940919,2,-2,3.61800627279,-3.61800627279,0.00231268309382,0.00120501126383
-2,-3,-3.61800627279,-5.42700940919,2,-1,3.61800627279,-1.8090031364,-0.0152676323802,-0.00435804600412
-2,-3,-3.61800627279,-5.42700940919,2,0,3.61800627279,0,-0.0106980414716,0.00176869294903
-2,-3,-3.61800627279,-5.42700940919,2,1,3.61800627279,1.8090031364,-0.0073383251126,0.0102868968093
-2,-3,-3.61800627279,-5.42700940919,2,2,3.61800627279,3.61800627279,0.00196921825208,0.00996084759092
-2,-3,-3.61800627279,-5.42700940919,2,3,3.61800627279,5.42700940919,0.00601335868446,-0.00838171133532
-2,-3,-3.61800627279,-5.42700940919,2,4,3.61800627279,7.23601254558,0.0020741882352,-0.00194165030459
-2,-3,-3.61800627279,-5.42700940919,3,-4,5.42700940919,-7.23601254558,-0.00196917071179,0.00193195907765
-2,-3,-3.61800627279,-5.42700940919,3,-3,5.42700940919,-5.42700940919,0.00513905165063,0.00307613794745
-2,-3,-3.61800627279,-5.42700940919,3,-2,5.42700940919,-3.61800627279,-0.00101117217491,0.00104425054524
-2,-3,-3.61800627279,-5.42700940919,3,-1,5.42700940919,-1.8090031364,0.00332900922881,0.00227531946005
-2,-3,-3.61800627279,-5.42700940919,3,0,5.42700940919,0,0.0095303462308,-0.0143968464523
-2,-3,-3.61800627279,-5.42700940919,3,1,5.42700940919,1.8090031364,-0.00236594745829,0.00725089299929
-2,-3,-3.61800627279,-5.42700940919,3,2,5.42700940919,3.61800627279,-0.00804485660803,-0.00377135169386
-2,-3,-3.61800627279,-5.42700940919,3,3,5.42700940919,5.42700940919,0.00174215697391,-0.00570461136096
-2,-3,-3.61800627279,-5.42700940919,3,4,5.42700940919,7.23601254558,-0.00114374866246,0.00289621551545
-2,-3,-3.61800627279,-5.42700940919,4,-4,7.23601254558,-7.23601254558,-0.00260461539151,-0.002283138589
-2,-3,-3.61800627279,-5.42700940919,4,-3,7.23601254558,-5.42700940919,0.006370977559,0.00212127491125
-2,-3,-3.61800627279,-5.42700940919,4,-2,7.23601254558,-3.61800627279,0.00317511402268,-0.00182177166995
-2,-3,-3.61800627279,-5.42700940919,4,-1,7.23601254558,-1.8090031364,-0.00230693137138,-0.00107116388532
-2,-3,-3.61800627279,-5.42700940919,4,0,7.23601254558,0,0.00297582564682,0.00442274516654
-2,-3,-3.61800627279,-5.42700940919,4,1,7.23601254558,1.8090031364,7.31255173428e-05,-0.0046488044793
-2,-3,-3.61800627279,-5.42700940919,4,2,7.23601254558,3.61800627279,-0.000943220477922,0.00474373108912
-2,-3,-3.61800627279,-5.42700940919,4,3,7.23601254558,5.42700940919,0.00243160520011,-0.00208550489493
-2,-3,-3.61800627279,-5.42700940919,4,4,7.23601254558,7.23601254558,-0.00149959322078,-0.00166998200615
-2,-2,-3.61800627279,-3.61800627279,-4,-4,-7.23601254558,-7.23601254558,0.000779140003181,0.00185219757667
-2,-2,-3.61800627279,-3.61800627279,-4,-3,-7.23601254558,-5.42700940919,-0.00141570536776,0.00245273468185
-2,-2,-3.61800627279,-3.61800627279,-4,-2,-7.23601254558,-3.61800627279,-0.0127904888417,-0.0140502978105
-2,-2,-3.61800627279,-3.61800627279,-4,-1,-7.23601254558,-1.8090031364,-0.00165508304822,0.00340728830519
-2,-2,-3.61800627279,-3.61800627279,-4,0,-7.23601254558,0,-0.00825519099112,0.0058022963037
-2,-2,-3.61800627279,-3.61800627279,-4,1,-7.23601254558,1.8090031364,-0.00427960838128,-0.00371915718436
-2,-2,-3.61800627279,-3.61800627279,-4,2,-7.23601254558,3.61800627279,0.00893409114105,-0.00288528043896
-2,-2,-3.61800627279,-3.61800627279,-4,3,-7.23601254558,5.42700940919,0.0037319881014,0.00937829047591
-2,-2,-3.61800627279,-3.61800627279,-4,4,-7.23601254558,7.23601254558,0.00547094023025,-0.00635766696658
-2,-2,-3.61800627279,-3.61800627279,-3,-4,-5.42700940919,-7.23601254558,-0.00365703804314,0.00577540186091
-2,-2,-3.61800627279,-3.61800627279,-3,-3,-5.42700940919,-5.42700940919,-0.00550716440268,-0.000556206864443
-2,-2,-3.61800627279,-3.61800627279,-3,-2,-5.42700940919,-3.61800627279,0.00751374735441,-0.00410294494245
-2,-2,-3.61800627279,-3.61800627279,-3,-1,-5.42700940919,-1.8090031364,-0.0172826760162,-0.00404060883693
-2,-2,-3.61800627279,-3.61800627279,-3,0,-5.42700940919,0,0.000176234034041,0.00510354136542
-2,-2,-3.61800627279,-3.61800627279,-3,1,-5.42700940919,1.8090031364,0.000140936145067,-0.00289270738772
-2,-2,-3.61800627279,-3.61800627279,-3,2,-5.42700940919,3.61800627279,0.0076042626328,0.0105172854567
-2,-2,-3.61800627279,-3.61800627279,-3,3,-5.42700940919,5.42700940919,-0.000730547196319,0.000430097834563
-2,-2,-3.61800627279,-3.61800627279,-3,4,-5.42700940919,7.23601254558,0.00303687842489,0.00294405243474
-2,-2,-3.61800627279,-3.61800627279,-2,-4,-3.61800627279,-7.23601254558,0.00124201806635,0.0137676870506
-2,-2,-3.61800627279,-3.61800627279,-2,-3,-3.61800627279,-5.42700940919,0.0101147598774,-0.00394387596591
-2,-2,-3.61800627279,-3.61800627279,-2,-2,-3.61800627279,-3.61800627279,0.16742030354,0
-2,-2,-3.61800627279,-3.61800627279,-2,-1,-3.61800627279,-1.8090031364,0.0128765575854,0.000781322139095
-2,-2,-3.61800627279,-3.61800627279,-2,0,-3.61800627279,0,-0.00608649131065,-0.0305226361133
-2,-2,-3.61800627279,-3.61800627279,-2,1,-3.61800627279,1.8090031364,0.00611977848592,-0.00993717966263
-2,-2,-3.61800627279,-3.61800627279,-2,2,-3.61800627279,3.61800627279,0.015557007916,-0.0158721452449
-2,-2,-3.61800627279,-3.61800627279,-2,3,-3.61800627279,5.42700940919,-0.00821898890824,0.0079608549088
-2,-2,-3.61800627279,-3.61800627279,-2,4,-3.61800627279,7.23601254558,-0.00575204418111,-0.0159756582778
-2,-2,-3.61800627279,-3.61800627279,-1,-4,-1.8090031364,-7.23601254558,0.00240903200697,-0.00428251805686
-2,-2,-3.61800627279,-3.61800627279,-1,-3,-1.8090031364,-5.42700940919,-0.0213148684815,0.00791841159316
-2,-2,-3.61800627279,-3.61800627279,-1,-2,-1.8090031364,-3.61800627279,0.0103891377682,-0.00191528348454
-2,-2,-3.61800627279,-3.61800627279,-1,-1,-1.8090031364,-1.8090031364,-0.0240860605232,0.017407433322
-2,-2,-3.61800627279,-3.61800627279,-1,0,-1.8090031364,0,-0.00677384145811,-0.0331248910626
-2,-2,-3.61800627279,-3.61800627279,-1,1,-1.8090031364,1.8090031364,-0.0340214909697,-0.0164066200805
-2,-2,-3.61800627279,-3.61800627279,-1,2,-1.8090031364,3.61800627279,-0.00222570871151,2.91790453919e-05
-2,-2,-3.61800627279,-3.61800627279,-1,3,-1.8090031364,5.42700940919,0.00921957793979,0.00535678814019
-2,-2,-3.61800627279,-3.61800627279,-1,4,-1.8090031364,7.23601254558,-0.0123078007815,-0.00988145880241
-2,-2,-3.61800627279,-3.61800627279,0,-4,0,-7.23601254558,-0.00279215576604,-5.40035102967e-05
-2,-2,-3.61800627279,-3.61800627279,0,-3,0,-5.42700940919,-0.0122763736825,-0.00135801509672
-2,-2,-3.61800627279,-3.61800627279,0,-2,0,-3.61800627279,-0.0241163884454,0.0284159717487
-2,-2,-3.61800627279,-3.61800627279,0,-1,0,-1.8090031364,-0.0108381972879,-0.0106442958825
-2,-2,-3.61800627279,-3.61800627279,0,0,0,0,-0.00992473465615,-0.00637034684411
-2,-2,-3.61800627279,-3.61800627279,0,1,0,1.8090031364,-0.0273050294585,0.0217679065582
-2,-2,-3.61800627279,-3.61800627279,0,2,0,3.61800627279,0.0341619716545,-7.86745844724e-05
-2,-2,-3.61800627279,-3.61800627279,0,3,0,5.42700940919,0.000917821602134,0.00627963718472
-2,-2,-3.61800627279,-3.61800627279,0,4,0,7.23601254558,-0.00162972993454,0.00512138480625
-2,-2,-3.61800627279,-3.61800627279,1,-4,1.8090031364,-7.23601254558,0.00013049528219,-0.012759139983
-2,-2,-3.61800627279,-3.61800627279,1,-3,1.8090031364,-5.42700940919,-0.0011719565578,-0.00880404185653
-2,-2,-3.61800627279,-3.61800627279,1,-2,1.8090031364,-3.61800627279,0.0137952458482,0.000353660978854
-2,-2,-3.61800627279,-3.61800627279,1,-1,1.8090031364,-1.8090031364,-0.0230999124414,-0.024696607901
-2,-2,-3.61800627279,-3.61800627279,1,0,1.8090031364,0,0.0271766751738,-0.0178270796307
-2,-2,-3.61800627279,-3.61800627279,1,1,1.8090031364,1.8090031364,-0.0143866717048,0.0340439087112
-2,-2,-3.61800627279,-3.61800627279,1,2,1.8090031364,3.61800627279,-0.0302209321451,-0.00740608822808
-2,-2,-3.61800627279,-3.61800627279,1,3,1.8090031364,5.42700940919,0.00648731945694,0.00371130118068
-2,-2,-3.61800627279,-3.61800627279,1,4,1.8090031364,7.23601254558,0.00139498675758,-0.00664561176968
-2,-2,-3.61800627279,-3.61800627279,2,-4,3.61800627279,-7.23601254558,0.00414479815087,-0.00632826607569
-2,-2,-3.61800627279,-3.61800627279,2,-3,3.61800627279,-5.42700940919,-0.0120131916637,0.00808948427779
-2,-2,-3.61800627279,-3.61800627279,2,-2,3.61800627279,-3.61800627279,-0.0109619289352,0.00533525914045
-2,-2,-3.61800627279,-3.61800627279,2,-1,3.61800627279,-1.8090031364,0.00772794706649,-0.0100990971244
-2,-2,-3.61800627279,-3.61800627279,2,0,3.61800627279,0,-0.0278327204463,0.00469141397255
-2,-2,-3.61800627279,-3.61800627279,2,1,3.61800627279,1.8090031364,-0.00207207890763,0.00780309536503
-2,-2,-3.61800627279,-3.61800627279,2,2,3.61800627279,3.61800627279,-0.0172469062988,0.00209956725505
-2,-2,-3.61800627279,-3.61800627279,2,3,3.61800627279,5.42700940919,0.00196921825208,0.00996084759092
-2,-2,-3.61800627279,-3.61800627279,2,4,3.61800627279,7.23601254558,0.00553239804797,-0.0112044401176
-2,-2,-3.61800627279,-3.61800627279,3,-4,5.42700940919,-7.23601254558,-0.0041175424364,-0.0111486411352
-2,-2,-3.61800627279,-3.61800627279,3,-3,5.42700940919,-5.42700940919,0.00137839848482,0.0090560294169
-2,-2,-3.61800627279,-3.61800627279,3,-2,5.42700940919,-3.61800627279,-0.00268206306945,0.00510257061142
-2,-2,-3.61800627279,-3.61800627279,3,-1,5.42700940919,-1.8090031364,0.00672530202197,0.00645126404096
-2,-2,-3.61800627279,-3.61800627279,3,0,5.42700940919,0,0.00633534516228,-0.00152462448561
-2,-2,-3.61800627279,-3.61800627279,3,1,5.42700940919,1.8090031364,0.010509358289,-0.0172359494488
-2,-2,-3.61800627279,-3.61800627279,3,2,5.42700940919,3.61800627279,-0.00412868601844,0.0105832774184
-2,-2,-3.61800627279,-3.61800627279,3,3,5.42700940919,5.42700940919,-0.00814950960941,-0.00735644704721
-2,-2,-3.61800627279,-3.61800627279,3,4,5.42700940919,7.23601254558,-0.000815375722162,-0.00698379578448
-2,-2,-3.61800627279,-3.61800627279,4,-4,7.23601254558,-7.23601254558,-0.000161999806678,0.00452820501554
-2,-2,-3.61800627279,-3.61800627279,4,-3,7.23601254558,-5.42700940919,0.000880175382756,0.00434623706991
-2,-2,-3.61800627279,-3.61800627279,4,-2,7.23601254558,-3.61800627279,0.0138245858314,-0.000585113222125
-2,-2,-3.61800627279,-3.61800627279,4,-1,7.23601254558,-1.8090031364,0.0109647166293,0.000337870820898
-2,-2,-3.61800627279,-3.61800627279,4,0,7.23601254558,0,-0.00576076897605,0.00198813325383
-2,-2,-3.61800627279,-3.61800627279,4,1,7.23601254558,1.8090031364,0.0048850377697,0.00907708203734
-2,-2,-3.61800627279,-3.61800627279,4,2,7.23601254558,3.61800627279,0.00096866187463,-0.00129838054887
-2,-2,-3.61800627279,-3.61800627279,4,3,7.23601254558,5.42700940919,-7.95553680869e-05,0.00768099527986
-2,-2,-3.61800627279,-3.61800627279,4,4,7.23601254558,7.23601254558,0.00517910184926,-4.12956972987e-05
-2,-1,-3.61800627279,-1.8090031364,-4,-4,-7.23601254558,-7.23601254558,-0.0148381395194,-0.00559822395995
-2,-1,-3.61800627279,-1.8090031364,-4,-3,-7.23601254558,-5.42700940919,-0.00164995325388,0.00552535831388
-2,-1,-3.61800627279,-1.8090031364,-4,-2,-7.23601254558,-3.61800627279,-0.00343977465241,0.00872613954069
-2,-1,-3.61800627279,-1.8090031364,-4,-1,-7.23601254558,-1.8090031364,-0.0162207006631,-0.0183425602964
-2,-1,-3.61800627279,-1.8090031364,-4,0,-7.23601254558,0,-0.012315777517,-2.5570223267e-05
-2,-1,-3.61800627279,-1.8090031364,-4,1,-7.23601254558,1.8090031364,-0.0120094891406,0.0150156698564
-2,-1,-3.61800627279,-1.8090031364,-4,2,-7.23601254558,3.61800627279,-0.00353067588278,-0.00538122717708
-2,-1,-3.61800627279,-1.8090031364,-4,3,-7.23601254558,5.42700940919,0.00627314257542,-0.00273206652401
-2,-1,-3.61800627279,-1.8090031364,-4,4,-7.23601254558,7.23601254558,0.00301418572733,0.00546131394999
-2,-1,-3.61800627279,-1.8090031364,-3,-4,-5.42700940919,-7.23601254558,-0.00740280894272,0.00693417619079
-2,-1,-3.61800627279,-1.8090031364,-3,-3,-5.42700940919,-5.42700940919,-0.00860205381417,0.0163529820764
-2,-1,-3.61800627279,-1.8090031364,-3,-2,-5.42700940919,-3.61800627279,-0.01167793584,-0.00614153905594
-2,-1,-3.61800627279,-1.8090031364,-3,-1,-5.42700940919,-1.8090031364,0.00241057061762,-0.00320286530379
-2,-1,-3.61800627279,-1.8090031364,-3,0,-5.42700940919,0,-0.0176033030247,-0.00178283395848
-2,-1,-3.61800627279,-1.8090031364,-3,1,-5.42700940919,1.8090031364,-0.00107908436945,0.000285110668842
-2,-1,-3.61800627279,-1.8090031364,-3,2,-5.42700940919,3.61800627279,-0.00441683378165,0.00323575603386
-2,-1,-3.61800627279,-1.8090031364,-3,3,-5.42700940919,5.42700940919,0.00719055487538,0.00975456335306
-2,-1,-3.61800627279,-1.8090031364,-3,4,-5.42700940919,7.23601254558,-0.00337285778282,0.00265147734356
-2,-1,-3.61800627279,-1.8090031364,-2,-4,-3.61800627279,-7.23601254558,-0.0034728913118,0.0039388651892
-2,-1,-3.61800627279,-1.8090031364,-2,-3,-3.61800627279,-5.42700940919,0.000797796776473,0.0263136738779
-2,-1,-3.61800627279,-1.8090031364,-2,-2,-3.61800627279,-3.61800627279,0.0128765575854,-0.000781322139095
-2,-1,-3.61800627279,-1.8090031364,-2,-1,-3.61800627279,-1.8090031364,0.281050277556,0
-2,-1,-3.61800627279,-1.8090031364,-2,0,-3.61800627279,0,0.0109055294151,-0.0113002921678
-2,-1,-3.61800627279,-1.8090031364,-2,1,-3.61800627279,1.8090031364,-0.0123869903027,-0.0246903733956
-2,-1,-3.61800627279,-1.8090031364,-2,2,-3.61800627279,3.61800627279,0.00853524870989,-0.0111622423359
-2,-1,-3.61800627279,-1.8090031364,-2,3,-3.61800627279,5.42700940919,0.0232640869429,-0.0148868370565
-2,-1,-3.61800627279,-1.8090031364,-2,4,-3.61800627279,7.23601254558,-0.00755718301152,0.0057247854726
-2,-1,-3.61800627279,-1.8090031364,-1,-4,-1.8090031364,-7.23601254558,0.00274013902032,-0.00112669475631
-2,-1,-3.61800627279,-1.8090031364,-1,-3,-1.8090031364,-5.42700940919,0.00649389567257,-0.00926869614299
-2,-1,-3.61800627279,-1.8090031364,-1,-2,-1.8090031364,-3.61800627279,-0.0359911716792,0.0067850298582
-2,-1,-3.61800627279,-1.8090031364,-1,-1,-1.8090031364,-1.8090031364,0.0100461163928,-0.000425492707923
-2,-1,-3.61800627279,-1.8090031364,-1,0,-1.8090031364,0,-0.0337884481975,0.0249733973185
-2,-1,-3.61800627279,-1.8090031364,-1,1,-1.8090031364,1.8090031364,0.00565329811219,-0.0322011280408
-2,-1,-3.61800627279,-1.8090031364,-1,2,-1.8090031364,3.61800627279,-0.0352462634769,-0.0144146695913
-2,-1,-3.61800627279,-1.8090031364,-1,3,-1.8090031364,5.42700940919,-0.00328247971006,-0.00203606798132
-2,-1,-3.61800627279,-1.8090031364,-1,4,-1.8090031364,7.23601254558,0.00895764374909,0.00622680553348
-2,-1,-3.61800627279,-1.8090031364,0,-4,0,-7.23601254558,0.000462718322951,0.00825325760385
-2,-1,-3.61800627279,-1.8090031364,0,-3,0,-5.42700940919,-0.00466639993055,-0.000352315704086
-2,-1,-3.61800627279,-1.8090031364,0,-2,0,-3.61800627279,-0.0192014883018,-0.00211667145412
-2,-1,-3.61800627279,-1.8090031364,0,-1,0,-1.8090031364,-0.0350452579844,0.0434981963094
-2,-1,-3.61800627279,-1.8090031364,0,0,0,0,-0.0149393504443,-0.0149810730562
-2,-1,-3.61800627279,-1.8090031364,0,1,0,1.8090031364,-0.00452556582762,-0.000423991720249
-2,-1,-3.61800627279,-1.8090031364,0,2,0,3.61800627279,-0.0236249756053,0.0176187491982
-2,-1,-3.61800627279,-1.8090031364,0,3,0,5.42700940919,0.0318040346626,-0.0024753108541
-2,-1,-3.61800627279,-1.8090031364,0,4,0,7.23601254558,-0.00101548415601,0.00604446888812
-2,-1,-3.61800627279,-1.8090031364,1,-4,1.8090031364,-7.23601254558,-0.0237074539395,-0.00865212923032
-2,-1,-3.61800627279,-1.8090031364,1,-3,1.8090031364,-5.42700940919,0.000138032153591,-0.0237946905991
-2,-1,-3.61800627279,-1.8090031364,1,-2,1.8090031364,-3.61800627279,0.000618605348048,-0.0229778854911
-2,-1,-3.61800627279,-1.8090031364,1,-1,1.8090031364,-1.8090031364,0.0240007657041,0.00622056963746
-2,-1,-3.61800627279,-1.8090031364,1,0,1.8090031364,0,-0.0229132982493,-0.0262961590138
-2,-1,-3.61800627279,-1.8090031364,1,1,1.8090031364,1.8090031364,0.0206283347791,-0.0298269881226
-2,-1,-3.61800627279,-1.8090031364,1,2,1.8090031364,3.61800627279,-0.0136082702659,0.0292129573052
-2,-1,-3.61800627279,-1.8090031364,1,3,1.8090031364,5.42700940919,-0.0266527839933,-0.00337020728382
-2,-1,-3.61800627279,-1.8090031364,1,4,1.8090031364,7.23601254558,0.00356197772136,0.0133310234231
-2,-1,-3.61800627279,-1.8090031364,2,-4,3.61800627279,-7.23601254558,-0.000669759736089,0.000381631150053
-2,-1,-3.61800627279,-1.8090031364,2,-3,3.61800627279,-5.42700940919,0.00104336480512,-0.00884758392858
-2,-1,-3.61800627279,-1.8090031364,2,-2,3.61800627279,-3.61800627279,-0.0248251866221,0.0212450562103
-2,-1,-3.61800627279,-1.8090031364,2,-1,3.61800627279,-1.8090031364,-0.00647114158336,0.00420209109628
-2,-1,-3.61800627279,-1.8090031364,2,0,3.61800627279,0,0.00236312812224,-0.0307086035185
-2,-1,-3.61800627279,-1.8090031364,2,1,3.61800627279,1.8090031364,-0.0347360582604,0.0151233257134
-2,-1,-3.61800627279,-1.8090031364,2,2,3.61800627279,3.61800627279,-0.00207207890763,0.00780309536503
-2,-1,-3.61800627279,-1.8090031364,2,3,3.61800627279,5.42700940919,-0.0073383251126,0.0102868968093
-2,-1,-3.61800627279,-1.8090031364,2,4,3.61800627279,7.23601254558,0.00132821814622,0.00182739072791
-2,-1,-3.61800627279,-1.8090031364,3,-4,5.42700940919,-7.23601254558,0.00951508120957,0.00455419535635
-2,-1,-3.61800627279,-1.8090031364,3,-3,5.42700940919,-5.42700940919,-0.00231126310515,-0.0172147678005
-2,-1,-3.61800627279,-1.8090031364,3,-2,5.42700940919,-3.61800627279,0.00152643951276,0.00707537189569
-2,-1,-3.61800627279,-1.8090031364,3,-1,5.42700940919,-1.8090031364,-0.0233564162736,0.00316104752714
-2,-1,-3.61800627279,-1.8090031364,3,0,5.42700940919,0,0.0140759765253,0.0138323402466
-2,-1,-3.61800627279,-1.8090031364,3,1,5.42700940919,1.8090031364,0.0102010908574,0.00157921496253
-2,-1,-3.61800627279,-1.8090031364,3,2,5.42700940919,3.61800627279,0.0140078662095,-0.0198969573557
-2,-1,-3.61800627279,-1.8090031364,3,3,5.42700940919,5.42700940919,-0.00809643643824,0.0113276404868
-2,-1,-3.61800627279,-1.8090031364,3,4,5.42700940919,7.23601254558,-0.0199126887604,-0.00259467502988
-2,-1,-3.61800627279,-1.8090031364,4,-4,7.23601254558,-7.23601254558,0.0157616792916,0.015460281873
-2,-1,-3.61800627279,-1.8090031364,4,-3,7.23601254558,-5.42700940919,0.008799260584,0.00703054361498
-2,-1,-3.61800627279,-1.8090031364,4,-2,7.23601254558,-3.61800627279,-0.0023946819343,0.00413484926505
-2,-1,-3.61800627279,-1.8090031364,4,-1,7.23601254558,-1.8090031364,0.0229879988287,-0.00729164477228
-2,-1,-3.61800627279,-1.8090031364,4,0,7.23601254558,0,0.0116008475157,0.00907101681331
-2,-1,-3.61800627279,-1.8090031364,4,1,7.23601254558,1.8090031364,-0.00406181447306,0.00470285787775
-2,-1,-3.61800627279,-1.8090031364,4,2,7.23601254558,3.61800627279,0.00766670236832,0.0125939379888
-2,-1,-3.61800627279,-1.8090031364,4,3,7.23601254558,5.42700940919,0.00318158806059,-0.00304862419956
-2,-1,-3.61800627279,-1.8090031364,4,4,7.23601254558,7.23601254558,-0.00850775383048,0.0112378995044
-2,0,-3.61800627279,0,-4,-4,-7.23601254558,-7.23601254558,0.0124881825581,0.00253563084727
-2,0,-3.61800627279,0,-4,-3,-7.23601254558,-5.42700940919,-0.0139979919163,-0.0121086915719
-2,0,-3.61800627279,0,-4,-2,-7.23601254558,-3.61800627279,-0.00671739154182,0.00254169016306
-2,0,-3.61800627279,0,-4,-1,-7.23601254558,-1.8090031364,-0.00328995765689,0.00857953070009
-2,0,-3.61800627279,0,-4,0,-7.23601254558,0,-0.0152081025411,-0.0195857179617
-2,0,-3.61800627279,0,-4,1,-7.23601254558,1.8090031364,-0.014361338331,-0.000845928302698
-2,0,-3.61800627279,0,-4,2,-7.23601254558,3.61800627279,-0.0129089601284,0.0136501018448
-2,0,-3.61800627279,0,-4,3,-7.23601254558,5.42700940919,-0.00639379202291,-0.00493776817087
-2,0,-3.61800627279,0,-4,4,-7.23601254558,7.23601254558,0.00463317076633,-0.00102545355868
-2,0,-3.61800627279,0,-3,-4,-5.42700940919,-7.23601254558,-0.00174557420295,0.0031153712682
-2,0,-3.61800627279,0,-3,-3,-5.42700940919,-5.42700940919,-0.0153659498675,0.0075294519807
-2,0,-3.61800627279,0,-3,-2,-5.42700940919,-3.61800627279,-0.0034274317285,0.0172081386977
-2,0,-3.61800627279,0,-3,-1,-5.42700940919,-1.8090031364,-0.0158262580917,-0.0120650988673
-2,0,-3.61800627279,0,-3,0,-5.42700940919,0,0.000849920450536,0.0015441944937
-2,0,-3.61800627279,0,-3,1,-5.42700940919,1.8090031364,-0.0163862506026,0.0026396480537
-2,0,-3.61800627279,0,-3,2,-5.42700940919,3.61800627279,0.000232810622544,0.00158696081614
-2,0,-3.61800627279,0,-3,3,-5.42700940919,5.42700940919,-0.00338465286307,0.00436275988588
-2,0,-3.61800627279,0,-3,4,-5.42700940919,7.23601254558,-0.0026628481384,0.009716962475
-2,0,-3.61800627279,0,-2,-4,-3.61800627279,-7.23601254558,0.0214406765807,0.00152068021026
-2,0,-3.61800627279,0,-2,-3,-3.61800627279,-5.42700940919,-0.00219367574733,0.0124601459837
-2,0,-3.61800627279,0,-2,-2,-3.61800627279,-3.61800627279,-0.00608649131065,0.0305226361133
-2,0,-3.61800627279,0,-2,-1,-3.61800627279,-1.8090031364,0.0109055294151,0.0113002921678
-2,0,-3.61800627279,0,-2,0,-3.61800627279,0,0.335529986128,0
-2,0,-3.61800627279,0,-2,1,-3.61800627279,1.8090031364,0.00382872805067,-0.0115260865125
-2,0,-3.61800627279,0,-2,2,-3.61800627279,3.61800627279,-0.0132198687277,-0.0227278618901
-2,0,-3.61800627279,0,-2,3,-3.61800627279,5.42700940919,0.00135485732435,-0.0096004625337
-2,0,-3.61800627279,0,-2,4,-3.61800627279,7.23601254558,0.025819430358,-0.00560677540667
-2,0,-3.61800627279,0,-1,-4,-1.8090031364,-7.23601254558,-0.0090097300676,-0.0109800940245
-2,0,-3.61800627279,0,-1,-3,-1.8090031364,-5.42700940919,0.00405216256967,0.00940546345838
-2,0,-3.61800627279,0,-1,-2,-1.8090031364,-3.61800627279,-0.000284833336793,-0.00817099702879
-2,0,-3.61800627279,0,-1,-1,-1.8090031364,-1.8090031364,-0.0276113298729,-0.000693682542076
-2,0,-3.61800627279,0,-1,0,-1.8090031364,0,0.00197655507086,-0.00479494930632
-2,0,-3.61800627279,0,-1,1,-1.8090031364,1.8090031364,-0.0333519938485,0.0305318274455
-2,0,-3.61800627279,0,-1,2,-1.8090031364,3.61800627279,-0.00246374374001,-0.0199482659398
-2,0,-3.61800627279,0,-1,3,-1.8090031364,5.42700940919,-0.0189795822296,-0.00955562524148
-2,0,-3.61800627279,0,-1,4,-1.8090031364,7.23601254558,0.00243488514612,-0.0032236983248
-2,0,-3.61800627279,0,0,-4,0,-7.23601254558,0.00625327072525,0.00453799692034
-2,0,-3.61800627279,0,0,-3,0,-5.42700940919,0.00224206492739,0.0145844867347
-2,0,-3.61800627279,0,0,-2,0,-3.61800627279,-0.00823191079152,-0.00643601039299
-2,0,-3.61800627279,0,0,-1,0,-1.8090031364,-0.0189369975266,-0.00145935024494
-2,0,-3.61800627279,0,0,0,0,0,-0.0524611909387,0.046573071038
-2,0,-3.61800627279,0,0,1,0,1.8090031364,-0.00963495238172,-0.0112713627949
-2,0,-3.61800627279,0,0,2,0,3.61800627279,-0.00322234786382,0.00685704176551
-2,0,-3.61800627279,0,0,3,0,5.42700940919,-0.017798664778,0.0132934710446
-2,0,-3.61800627279,0,0,4,0,7.23601254558,0.0259821874387,-0.00641253252228
-2,0,-3.61800627279,0,1,-4,1.8090031364,-7.23601254558,0.0113574871969,0.000634930233921
-2,0,-3.61800627279,0,1,-3,1.8090031364,-5.42700940919,-0.0298371176122,-0.00763874766288
-2,0,-3.61800627279,0,1,-2,1.8090031364,-3.61800627279,0.00902633791649,-0.0378611430864
-2,0,-3.61800627279,0,1,-1,1.8090031364,-1.8090031364,-0.00460752837495,-0.0409878956468
-2,0,-3.61800627279,0,1,0,1.8090031364,0,0.0220099904656,0.0172234187273
-2,0,-3.61800627279,0,1,1,1.8090031364,1.8090031364,-0.0144495422399,-0.0280365653221
-2,0,-3.61800627279,0,1,2,1.8090031364,3.61800627279,0.0207972622186,-0.0163169909493
-2,0,-3.61800627279,0,1,3,1.8090031364,5.42700940919,-0.00763178783581,0.012388378772
-2,0,-3.61800627279,0,1,4,1.8090031364,7.23601254558,-0.0312069071763,-0.00386669651939
-2,0,-3.61800627279,0,2,-4,3.61800627279,-7.23601254558,0.00341626417231,-0.0277366439351
-2,0,-3.61800627279,0,2,-3,3.61800627279,-5.42700940919,0.00752666396633,-0.00454956838365
-2,0,-3.61800627279,0,2,-2,3.61800627279,-3.61800627279,-0.0126641248059,-0.0283853464655
-2,0,-3.61800627279,0,2,-1,3.61800627279,-1.8090031364,-0.0308813704955,0.0398384665338
-2,0,-3.61800627279,0,2,0,3.61800627279,0,-0.00289749135783,0.00860811602418
-2,0,-3.61800627279,0,2,1,3.61800627279,1.8090031364,0.00236312812224,-0.0307086035185
-2,0,-3.61800627279,0,2,2,3.61800627279,3.61800627279,-0.0278327204463,0.00469141397255
-2,0,-3.61800627279,0,2,3,3.61800627279,5.42700940919,-0.0106980414716,0.00176869294903
-2,0,-3.61800627279,0,2,4,3.61800627279,7.23601254558,-0.00473984246478,0.0231726250523
-2,0,-3.61800627279,0,3,-4,5.42700940919,-7.23601254558,-0.00783381806401,0.0103062984705
-2,0,-3.61800627279,0,3,-3,5.42700940919,-5.42700940919,0.0065911804413,0.00644726978676
-2,0,-3.61800627279,0,3,-2,5.42700940919,-3.61800627279,0.00157166917711,-0.0127213092864
-2,0,-3.61800627279,0,3,-1,5.42700940919,-1.8090031364,0.00568564800433,0.00724487597394
-2,0,-3.61800627279,0,3,0,5.42700940919,0,-0.0316997407256,-0.000420885104452
-2,0,-3.61800627279,0,3,1,5.42700940919,1.8090031364,0.0145539664557,0.0165292110513
-2,0,-3.61800627279,0,3,2,5.42700940919,3.61800627279,0.00781897752044,-0.000805310093579
-2,0,-3.61800627279,0,3,3,5.42700940919,5.42700940919,0.0191513845882,-0.019828428247
-2,0,-3.61800627279,0,3,4,5.42700940919,7.23601254558,-0.0120605119939,0.00936341225844
-2,0,-3.61800627279,0,4,-4,7.23601254558,-7.23601254558,-0.000402295910348,-0.00504433885923
-2,0,-3.61800627279,0,4,-3,7.23601254558,-5.42700940919,0.0151663679376,0.0171718680328
-2,0,-3.61800627279,0,4,-2,7.23601254558,-3.61800627279,0.00764110736618,0.0148526445905
-2,0,-3.61800627279,0,4,-1,7.23601254558,-1.8090031364,-0.00538618837305,0.00227384772558
-2,0,-3.61800627279,0,4,0,7.23601254558,0,0.0280554139337,-0.0120032985385
-2,0,-3.61800627279,0,4,1,7.23601254558,1.8090031364,0.0120425153054,0.0093070846183
-2,0,-3.61800627279,0,4,2,7.23601254558,3.61800627279,-0.0103160884438,0.000539769701362
-2,0,-3.61800627279,0,4,3,7.23601254558,5.42700940919,0.00916431765055,0.0125623174579
-2,0,-3.61800627279,0,4,4,7.23601254558,7.23601254558,0.00412668350656,0.000714015949261
-2,1,-3.61800627279,1.8090031364,-4,-4,-7.23601254558,-7.23601254558,-9.59501641645e-05,-0.00465909772932
-2,1,-3.61800627279,1.8090031364,-4,-3,-7.23601254558,-5.42700940919,0.0107589167822,0.00018928028601
-2,1,-3.61800627279,1.8090031364,-4,-2,-7.23601254558,-3.61800627279,-0.00971476994446,-0.0056784836301
-2,1,-3.61800627279,1.8090031364,-4,-1,-7.23601254558,-1.8090031364,-0.00695115884347,-0.000140794789451
-2,1,-3.61800627279,1.8090031364,-4,0,-7.23601254558,0,-0.00437724734697,0.00462040145639
-2,1,-3.61800627279,1.8090031364,-4,1,-7.23601254558,1.8090031364,-0.0141259376511,-0.0171095791395
-2,1,-3.61800627279,1.8090031364,-4,2,-7.23601254558,3.61800627279,-0.00994960732018,0.00214620071573
-2,1,-3.61800627279,1.8090031364,-4,3,-7.23601254558,5.42700940919,-0.00739829121232,0.00359425731395
-2,1,-3.61800627279,1.8090031364,-4,4,-7.23601254558,7.23601254558,-0.00319591470008,-0.000864002540066
-2,1,-3.61800627279,1.8090031364,-3,-4,-5.42700940919,-7.23601254558,0.00340883773162,-0.00423490918691
-2,1,-3.61800627279,1.8090031364,-3,-3,-5.42700940919,-5.42700940919,-0.00214923043695,0.00248308771936
-2,1,-3.61800627279,1.8090031364,-3,-2,-5.42700940919,-3.61800627279,-0.0188456078381,0.0124566263327
-2,1,-3.61800627279,1.8090031364,-3,-1,-5.42700940919,-1.8090031364,0.00625986426366,0.0146084919619
-2,1,-3.61800627279,1.8090031364,-3,0,-5.42700940919,0,-0.0143460404833,-0.0215305463556
-2,1,-3.61800627279,1.8090031364,-3,1,-5.42700940919,1.8090031364,0.00109110433955,0.00121107758867
-2,1,-3.61800627279,1.8090031364,-3,2,-5.42700940919,3.61800627279,-0.0169270276088,-0.000652106548724
-2,1,-3.61800627279,1.8090031364,-3,3,-5.42700940919,5.42700940919,0.00527757385544,0.00951598140292
-2,1,-3.61800627279,1.8090031364,-3,4,-5.42700940919,7.23601254558,0.000537131029401,-0.0020409182726
-2,1,-3.61800627279,1.8090031364,-2,-4,-3.61800627279,-7.23601254558,-0.00724746315271,-0.00382295365689
-2,1,-3.61800627279,1.8090031364,-2,-3,-3.61800627279,-5.42700940919,0.0177562973687,0.00661195393351
-2,1,-3.61800627279,1.8090031364,-2,-2,-3.61800627279,-3.61800627279,0.00611977848592,0.00993717966263
-2,1,-3.61800627279,1.8090031364,-2,-1,-3.61800627279,-1.8090031364,-0.0123869903027,0.0246903733956
-2,1,-3.61800627279,1.8090031364,-2,0,-3.61800627279,0,0.00382872805067,0.0115260865125
-2,1,-3.61800627279,1.8090031364,-2,1,-3.61800627279,1.8090031364,0.282378568781,0
-2,1,-3.61800627279,1.8090031364,-2,2,-3.61800627279,3.61800627279,0.00781405356372,0.00171628700251
-2,1,-3.61800627279,1.8090031364,-2,3,-3.61800627279,5.42700940919,-0.000324856197749,-0.0170241868525
-2,1,-3.61800627279,1.8090031364,-2,4,-3.61800627279,7.23601254558,-0.00420727502527,-0.0101143188398
-2,1,-3.61800627279,1.8090031364,-1,-4,-1.8090031364,-7.23601254558,0.00251309713386,-0.0104585875614
-2,1,-3.61800627279,1.8090031364,-1,-3,-1.8090031364,-5.42700940919,0.00293223725445,-0.014228658546
-2,1,-3.61800627279,1.8090031364,-1,-2,-1.8090031364,-3.61800627279,0.000526434726977,0.00649173941658
-2,1,-3.61800627279,1.8090031364,-1,-1,-1.8090031364,-1.8090031364,-0.00252032079475,-0.00838581430928
-2,1,-3.61800627279,1.8090031364,-1,0,-1.8090031364,0,-0.029734065758,-0.00168108611578
-2,1,-3.61800627279,1.8090031364,-1,1,-1.8090031364,1.8090031364,0.00927432366667,-0.0058778255552
-2,1,-3.61800627279,1.8090031364,-1,2,-1.8090031364,3.61800627279,-0.0224254970616,0.0226698727272
-2,1,-3.61800627279,1.8090031364,-1,3,-1.8090031364,5.42700940919,-0.00831389769355,-0.0125315222891
-2,1,-3.61800627279,1.8090031364,-1,4,-1.8090031364,7.23601254558,-0.0148209543415,-0.00590905075217
-2,1,-3.61800627279,1.8090031364,0,-4,0,-7.23601254558,-0.00211923645722,-0.0071881146618
-2,1,-3.61800627279,1.8090031364,0,-3,0,-5.42700940919,0.0137606355297,0.012557920401
-2,1,-3.61800627279,1.8090031364,0,-2,0,-3.61800627279,-0.00390904308288,0.0185250590847
-2,1,-3.61800627279,1.8090031364,0,-1,0,-1.8090031364,-0.0127916219272,-0.0113262356621
-2,1,-3.61800627279,1.8090031364,0,0,0,0,-0.0245913659593,0.00306614055311
-2,1,-3.61800627279,1.8090031364,0,1,0,1.8090031364,-0.0388635608205,0.0391335849723
-2,1,-3.61800627279,1.8090031364,0,2,0,3.61800627279,-0.00656479730819,-0.00497618003039
-2,1,-3.61800627279,1.8090031364,0,3,0,5.42700940919,-0.00172986173563,0.00055799698371
-2,1,-3.61800627279,1.8090031364,0,4,0,7.23601254558,-0.0150556435877,0.005986447069
-2,1,-3.61800627279,1.8090031364,1,-4,1.8090031364,-7.23601254558,-0.0176990156137,-0.0063450879105
-2,1,-3.61800627279,1.8090031364,1,-3,1.8090031364,-5.42700940919,0.0106431966993,0.00272029593807
-2,1,-3.61800627279,1.8090031364,1,-2,1.8090031364,-3.61800627279,-0.0421780660177,-0.000500076538993
-2,1,-3.61800627279,1.8090031364,1,-1,1.8090031364,-1.8090031364,0.0163679603813,-0.0372951546497
-2,1,-3.61800627279,1.8090031364,1,0,1.8090031364,0,-0.0120803126585,-0.044738020987
-2,1,-3.61800627279,1.8090031364,1,1,1.8090031364,1.8090031364,0.0219396774058,0.00817161099616
-2,1,-3.61800627279,1.8090031364,1,2,1.8090031364,3.61800627279,-0.0171816601383,-0.0214124401392
-2,1,-3.61800627279,1.8090031364,1,3,1.8090031364,5.42700940919,0.0153452768851,-0.00765595936722
-2,1,-3.61800627279,1.8090031364,1,4,1.8090031364,7.23601254558,-0.00275036461612,0.00606102433345
-2,1,-3.61800627279,1.8090031364,2,-4,3.61800627279,-7.23601254558,-0.0106990329702,-0.00354535425225
-2,1,-3.61800627279,1.8090031364,2,-3,3.61800627279,-5.42700940919,-0.000266399985528,-0.0176989077737
-2,1,-3.61800627279,1.8090031364,2,-2,3.61800627279,-3.61800627279,0.0133497598932,-0.00360802310525
-2,1,-3.61800627279,1.8090031364,2,-1,3.61800627279,-1.8090031364,-0.0197858657975,-0.0400574259708
-2,1,-3.61800627279,1.8090031364,2,0,3.61800627279,0,-0.0308813704955,0.0398384665338
-2,1,-3.61800627279,1.8090031364,2,1,3.61800627279,1.8090031364,-0.00647114158336,0.00420209109628
-2,1,-3.61800627279,1.8090031364,2,2,3.61800627279,3.61800627279,0.00772794706649,-0.0100990971244
-2,1,-3.61800627279,1.8090031364,2,3,3.61800627279,5.42700940919,-0.0152676323802,-0.00435804600412
-2,1,-3.61800627279,1.8090031364,2,4,3.61800627279,7.23601254558,-0.0113824840697,0.00327092468641
-2,1,-3.61800627279,1.8090031364,3,-4,5.42700940919,-7.23601254558,-0.00135599131313,-0.0151464225286
-2,1,-3.61800627279,1.8090031364,3,-3,5.42700940919,-5.42700940919,-0.000528791104422,0.0104290966991
-2,1,-3.61800627279,1.8090031364,3,-2,5.42700940919,-3.61800627279,-0.00169995288919,0.00684739261618
-2,1,-3.61800627279,1.8090031364,3,-1,5.42700940919,-1.8090031364,0.0080968143433,-0.0153397393191
-2,1,-3.61800627279,1.8090031364,3,0,5.42700940919,0,0.00680892584986,0.00736323899966
-2,1,-3.61800627279,1.8090031364,3,1,5.42700940919,1.8090031364,-0.0200746237467,0.00157888624518
-2,1,-3.61800627279,1.8090031364,3,2,5.42700940919,3.61800627279,0.00852348845056,0.00876756226584
-2,1,-3.61800627279,1.8090031364,3,3,5.42700940919,5.42700940919,0.00470518469475,0.000718036763009
-2,1,-3.61800627279,1.8090031364,3,4,5.42700940919,7.23601254558,0.0179538312306,-0.0155972544589
-2,1,-3.61800627279,1.8090031364,4,-4,7.23601254558,-7.23601254558,0.00212726338806,0.00018176580556
-2,1,-3.61800627279,1.8090031364,4,-3,7.23601254558,-5.42700940919,0.00120739184731,-0.00112012664418
-2,1,-3.61800627279,1.8090031364,4,-2,7.23601254558,-3.61800627279,0.0191295333181,0.0125906299457
-2,1,-3.61800627279,1.8090031364,4,-1,7.23601254558,-1.8090031364,0.00652748349094,0.0138602443638
-2,1,-3.61800627279,1.8090031364,4,0,7.23601254558,0,-0.000449749137953,0.00327002967257
-2,1,-3.61800627279,1.8090031364,4,1,7.23601254558,1.8090031364,0.0209389709551,-0.00470250855231
-2,1,-3.61800627279,1.8090031364,4,2,7.23601254558,3.61800627279,0.0103380271241,0.00731947790029
-2,1,-3.61800627279,1.8090031364,4,3,7.23601254558,5.42700940919,-0.00468799021685,-0.00243172402839
-2,1,-3.61800627279,1.8090031364,4,4,7.23601254558,7.23601254558,0.00696119172779,0.00694325141629
-2,2,-3.61800627279,3.61800627279,-4,-4,-7.23601254558,-7.23601254558,-0.00236420449031,-0.0081507833753
-2,2,-3.61800627279,3.61800627279,-4,-3,-7.23601254558,-5.42700940919,0.000417415342651,-0.0035939431652
-2,2,-3.61800627279,3.61800627279,-4,-2,-7.23601254558,-3.61800627279,0.00840059909907,-0.000664278774928
-2,2,-3.61800627279,3.61800627279,-4,-1,-7.23601254558,-1.8090031364,-0.00629665789242,-0.00160694915117
-2,2,-3.61800627279,3.61800627279,-4,0,-7.23601254558,0,0.00103167885822,-0.00398854485729
-2,2,-3.61800627279,3.61800627279,-4,1,-7.23601254558,1.8090031364,-0.00188321014902,0.00453246418363
-2,2,-3.61800627279,3.61800627279,-4,2,-7.23601254558,3.61800627279,-0.0113120543567,-0.00769041208243
-2,2,-3.61800627279,3.61800627279,-4,3,-7.23601254558,5.42700940919,-0.00603506256059,0.000586957954614
-2,2,-3.61800627279,3.61800627279,-4,4,-7.23601254558,7.23601254558,-0.00257731765586,-0.00189962593158
-2,2,-3.61800627279,3.61800627279,-3,-4,-5.42700940919,-7.23601254558,-0.0046078067637,0.00340104151599
-2,2,-3.61800627279,3.61800627279,-3,-3,-5.42700940919,-5.42700940919,0.00956110863492,-0.00333908108517
-2,2,-3.61800627279,3.61800627279,-3,-2,-5.42700940919,-3.61800627279,-0.000561805771358,0.000297904855908
-2,2,-3.61800627279,3.61800627279,-3,-1,-5.42700940919,-1.8090031364,-0.0183883549191,0.00912683561264
-2,2,-3.61800627279,3.61800627279,-3,0,-5.42700940919,0,0.00126773611061,0.0118916617287
-2,2,-3.61800627279,3.61800627279,-3,1,-5.42700940919,1.8090031364,-0.00881898952227,-0.0119512090493
-2,2,-3.61800627279,3.61800627279,-3,2,-5.42700940919,3.61800627279,0.0062860290388,0.00346155899219
-2,2,-3.61800627279,3.61800627279,-3,3,-5.42700940919,5.42700940919,-0.014527130346,-0.00621018436177
-2,2,-3.61800627279,3.61800627279,-3,4,-5.42700940919,7.23601254558,0.00438884600551,0.004880279569
-2,2,-3.61800627279,3.61800627279,-2,-4,-3.61800627279,-7.23601254558,-0.00621564265123,0.0169009443845
-2,2,-3.61800627279,3.61800627279,-2,-3,-3.61800627279,-5.42700940919,-0.0078084043897,-0.00723544704433
-2,2,-3.61800627279,3.61800627279,-2,-2,-3.61800627279,-3.61800627279,0.015557007916,0.0158721452449
-2,2,-3.61800627279,3.61800627279,-2,-1,-3.61800627279,-1.8090031364,0.00853524870989,0.0111622423359
-2,2,-3.61800627279,3.61800627279,-2,0,-3.61800627279,0,-0.0132198687277,0.0227278618901
-2,2,-3.61800627279,3.61800627279,-2,1,-3.61800627279,1.8090031364,0.00781405356372,-0.00171628700251
-2,2,-3.61800627279,3.61800627279,-2,2,-3.61800627279,3.61800627279,0.160818651292,0
-2,2,-3.61800627279,3.61800627279,-2,3,-3.61800627279,5.42700940919,0.00765747723928,0.00472518796805
-2,2,-3.61800627279,3.61800627279,-2,4,-3.61800627279,7.23601254558,0.00408665151291,-0.0129526975955
-2,2,-3.61800627279,3.61800627279,-1,-4,-1.8090031364,-7.23601254558,0.00140755886626,0.0018099906832
-2,2,-3.61800627279,3.61800627279,-1,-3,-1.8090031364,-5.42700940919,-0.00698140666564,-0.00489449885625
-2,2,-3.61800627279,3.61800627279,-1,-2,-1.8090031364,-3.61800627279,0.00622911530384,-0.0174913185625
-2,2,-3.61800627279,3.61800627279,-1,-1,-1.8090031364,-1.8090031364,-0.00479339321515,-0.00155328686302
-2,2,-3.61800627279,3.61800627279,-1,0,-1.8090031364,0,-8.42137516776e-06,-0.00980144118059
-2,2,-3.61800627279,3.61800627279,-1,1,-1.8090031364,1.8090031364,-0.0381032543938,0.00269342657907
-2,2,-3.61800627279,3.61800627279,-1,2,-1.8090031364,3.61800627279,0.00872336368636,-0.00242868867274
-2,2,-3.61800627279,3.61800627279,-1,3,-1.8090031364,5.42700940919,-0.0116173232368,0.00915129674168
-2,2,-3.61800627279,3.61800627279,-1,4,-1.8090031364,7.23601254558,-0.00502141912394,-0.000202715060012
-2,2,-3.61800627279,3.61800627279,0,-4,0,-7.23601254558,0.00686128449218,-0.000454543684293
-2,2,-3.61800627279,3.61800627279,0,-3,0,-5.42700940919,-0.00286998836862,-0.00979140629825
-2,2,-3.61800627279,3.61800627279,0,-2,0,-3.61800627279,0.0136349987461,0.0165395351698
-2,2,-3.61800627279,3.61800627279,0,-1,0,-1.8090031364,-0.00166251631636,0.0199953055819
-2,2,-3.61800627279,3.61800627279,0,0,0,0,-0.0128910434385,-0.0101701808249
-2,2,-3.61800627279,3.61800627279,0,1,0,1.8090031364,-0.0248799682425,-0.00467826421293
-2,2,-3.61800627279,3.61800627279,0,2,0,3.61800627279,-0.0211409545499,0.0265073467533
-2,2,-3.61800627279,3.61800627279,0,3,0,5.42700940919,-0.00302658110843,-0.00051021136966
-2,2,-3.61800627279,3.61800627279,0,4,0,7.23601254558,0.0020147901594,0.000144578551869
-2,2,-3.61800627279,3.61800627279,1,-4,1.8090031364,-7.23601254558,-0.00259966780053,-0.00796044759771
-2,2,-3.61800627279,3.61800627279,1,-3,1.8090031364,-5.42700940919,-0.0115275044125,-0.00324829961683
-2,2,-3.61800627279,3.61800627279,1,-2,1.8090031364,-3.61800627279,0.0109899918823,0.0011192458905
-2,2,-3.61800627279,3.61800627279,1,-1,1.8090031364,-1.8090031364,-0.046824086598,0.000476614601657
-2,2,-3.61800627279,3.61800627279,1,0,1.8090031364,0,0.00540965168234,-0.0357170767231
-2,2,-3.61800627279,3.61800627279,1,1,1.8090031364,1.8090031364,-0.00687123499339,-0.0286426799242
-2,2,-3.61800627279,3.61800627279,1,2,1.8090031364,3.61800627279,0.0137479033695,0.0028120740053
-2,2,-3.61800627279,3.61800627279,1,3,1.8090031364,5.42700940919,-0.014728967054,-0.0144034806472
-2,2,-3.61800627279,3.61800627279,1,4,1.8090031364,7.23601254558,0.0109465339273,-0.00465250562521
-2,2,-3.61800627279,3.61800627279,2,-4,3.61800627279,-7.23601254558,-0.00247121656663,0.00661985367981
-2,2,-3.61800627279,3.61800627279,2,-3,3.61800627279,-5.42700940919,-0.012865237538,-0.00388367075231
-2,2,-3.61800627279,3.61800627279,2,-2,3.61800627279,-3.61800627279,0.00123520291455,-0.00795226490778
-2,2,-3.61800627279,3.61800627279,2,-1,3.61800627279,-1.8090031364,0.0133497598932,-0.00360802310525
-2,2,-3.61800627279,3.61800627279,2,0,3.61800627279,0,-0.0126641248059,-0.0283853464655
-2,2,-3.61800627279,3.61800627279,2,1,3.61800627279,1.8090031364,-0.0248251866221,0.0212450562103
-2,2,-3.61800627279,3.61800627279,2,2,3.61800627279,3.61800627279,-0.0109619289352,0.00533525914045
-2,2,-3.61800627279,3.61800627279,2,3,3.61800627279,5.42700940919,0.00231268309382,0.00120501126383
-2,2,-3.61800627279,3.61800627279,2,4,3.61800627279,7.23601254558,-0.00709052449919,-0.00640018662079
-2,2,-3.61800627279,3.61800627279,3,-4,5.42700940919,-7.23601254558,-0.00292067234027,-0.000903487266557
-2,2,-3.61800627279,3.61800627279,3,-3,5.42700940919,-5.42700940919,0.00115342330895,-0.00231837696518
-2,2,-3.61800627279,3.61800627279,3,-2,5.42700940919,-3.61800627279,0.00363089302013,0.00990981524133
-2,2,-3.61800627279,3.61800627279,3,-1,5.42700940919,-1.8090031364,-0.00287108029598,0.00605417937596
-2,2,-3.61800627279,3.61800627279,3,0,5.42700940919,0,0.00363586060344,-0.0132721197542
-2,2,-3.61800627279,3.61800627279,3,1,5.42700940919,1.8090031364,0.00175708546023,0.00460957964556
-2,2,-3.61800627279,3.61800627279,3,2,5.42700940919,3.61800627279,-0.000937437940401,0.00699453973519
-2,2,-3.61800627279,3.61800627279,3,3,5.42700940919,5.42700940919,0.00220853932451,0.000571689510804
-2,2,-3.61800627279,3.61800627279,3,4,5.42700940919,7.23601254558,0.00404753988936,-0.000283714021707
-2,2,-3.61800627279,3.61800627279,4,-4,7.23601254558,-7.23601254558,-0.00632414998657,0.0106187157455
-2,2,-3.61800627279,3.61800627279,4,-3,7.23601254558,-5.42700940919,0.00200871860066,0.00209145522321
-2,2,-3.61800627279,3.61800627279,4,-2,7.23601254558,-3.61800627279,0.00177006624652,0.00126237598448
-2,2,-3.61800627279,3.61800627279,4,-1,7.23601254558,-1.8090031364,0.0136640227171,0.0071649484839
-2,2,-3.61800627279,3.61800627279,4,0,7.23601254558,0,0.00649923352337,0.00580639398554
-2,2,-3.61800627279,3.61800627279,4,1,7.23601254558,1.8090031364,0.00380894399468,0.00149171181873
-2,2,-3.61800627279,3.61800627279,4,2,7.23601254558,3.61800627279,0.0130369700147,-0.000970376065443
-2,2,-3.61800627279,3.61800627279,4,3,7.23601254558,5.42700940919,0.00659206032301,0.00440383622006
-2,2,-3.61800627279,3.61800627279,4,4,7.23601254558,7.23601254558,0.00175741775965,-0.00047679363963
-2,3,-3.61800627279,5.42700940919,-4,-4,-7.23601254558,-7.23601254558,-0.00070699234033,0.00661604030352
-2,3,-3.61800627279,5.42700940919,-4,-3,-7.23601254558,-5.42700940919,0.00117416887488,-0.00220076704993
-2,3,-3.61800627279,5.42700940919,-4,-2,-7.23601254558,-3.61800627279,0.000426060310035,-0.00200098281198
-2,3,-3.61800627279,5.42700940919,-4,-1,-7.23601254558,-1.8090031364,0.00323027776347,-0.00186544977664
-2,3,-3.61800627279,5.42700940919,-4,0,-7.23601254558,0,-0.00696411578067,-0.000855271086947
-2,3,-3.61800627279,5.42700940919,-4,1,-7.23601254558,1.8090031364,9.88201136604e-05,-0.000399269803079
-2,3,-3.61800627279,5.42700940919,-4,2,-7.23601254558,3.61800627279,-0.000587017898304,0.00365395117582
-2,3,-3.61800627279,5.42700940919,-4,3,-7.23601254558,5.42700940919,-0.00386452938236,-0.00245072196894
-2,3,-3.61800627279,5.42700940919,-4,4,-7.23601254558,7.23601254558,-0.0043965272782,-0.000485442776933
-2,3,-3.61800627279,5.42700940919,-3,-4,-5.42700940919,-7.23601254558,0.00188652623698,-0.00311188619335
-2,3,-3.61800627279,5.42700940919,-3,-3,-5.42700940919,-5.42700940919,-0.00970617637193,0.00409149403322
-2,3,-3.61800627279,5.42700940919,-3,-2,-5.42700940919,-3.61800627279,0.00667585967574,-0.000979514108218
-2,3,-3.61800627279,5.42700940919,-3,-1,-5.42700940919,-1.8090031364,-0.000217566574102,-0.000321014409107
-2,3,-3.61800627279,5.42700940919,-3,0,-5.42700940919,0,-0.0117194883655,0.00695358699304
-2,3,-3.61800627279,5.42700940919,-3,1,-5.42700940919,1.8090031364,-0.00275252539184,0.000629184362966
-2,3,-3.61800627279,5.42700940919,-3,2,-5.42700940919,3.61800627279,-0.000741004436715,-0.000510263009783
-2,3,-3.61800627279,5.42700940919,-3,3,-5.42700940919,5.42700940919,0.00262207717846,0.000381775430362
-2,3,-3.61800627279,5.42700940919,-3,4,-5.42700940919,7.23601254558,-0.00542558262871,-0.00574802163963
-2,3,-3.61800627279,5.42700940919,-2,-4,-3.61800627279,-7.23601254558,0.000534246547235,0.00317141573095
-2,3,-3.61800627279,5.42700940919,-2,-3,-3.61800627279,-5.42700940919,0.000127907965714,0.00948474057767
-2,3,-3.61800627279,5.42700940919,-2,-2,-3.61800627279,-3.61800627279,-0.00821898890824,-0.0079608549088
-2,3,-3.61800627279,5.42700940919,-2,-1,-3.61800627279,-1.8090031364,0.0232640869429,0.0148868370565
-2,3,-3.61800627279,5.42700940919,-2,0,-3.61800627279,0,0.00135485732435,0.0096004625337
-2,3,-3.61800627279,5.42700940919,-2,1,-3.61800627279,1.8090031364,-0.000324856197749,0.0170241868525
-2,3,-3.61800627279,5.42700940919,-2,2,-3.61800627279,3.61800627279,0.00765747723928,-0.00472518796805
-2,3,-3.61800627279,5.42700940919,-2,3,-3.61800627279,5.42700940919,0.0579865575105,0
-2,3,-3.61800627279,5.42700940919,-2,4,-3.61800627279,7.23601254558,0.00412065338911,0.00496313813606
-2,3,-3.61800627279,5.42700940919,-1,-4,-1.8090031364,-7.23601254558,-0.00599330493276,-0.00409468664414
-2,3,-3.61800627279,5.42700940919,-1,-3,-1.8090031364,-5.42700940919,0.00267190808719,-0.00421774163959
-2,3,-3.61800627279,5.42700940919,-1,-2,-1.8090031364,-3.61800627279,-0.00494155985248,2.01075535386e-05
-2,3,-3.61800627279,5.42700940919,-1,-1,-1.8090031364,-1.8090031364,0.00338261308589,-0.018759467847
-2,3,-3.61800627279,5.42700940919,-1,0,-1.8090031364,0,0.00105271902165,-0.00369415842209
-2,3,-3.61800627279,5.42700940919,-1,1,-1.8090031364,1.8090031364,0.00587223636851,-0.0137475085962
-2,3,-3.61800627279,5.42700940919,-1,2,-1.8090031364,3.61800627279,-0.0245782059016,0.00860836280931
-2,3,-3.61800627279,5.42700940919,-1,3,-1.8090031364,5.42700940919,0.000127137556792,-0.00156123978086
-2,3,-3.61800627279,5.42700940919,-1,4,-1.8090031364,7.23601254558,-0.00361688550727,9.8308919078e-06
-2,3,-3.61800627279,5.42700940919,0,-4,0,-7.23601254558,0.00354971658431,0.0045546729889
-2,3,-3.61800627279,5.42700940919,0,-3,0,-5.42700940919,0.00695707110427,0.00199501127606
-2,3,-3.61800627279,5.42700940919,0,-2,0,-3.61800627279,-0.000625605800426,-0.00917201352447
-2,3,-3.61800627279,5.42700940919,0,-1,0,-1.8090031364,0.0124106327783,0.0102796542004
-2,3,-3.61800627279,5.42700940919,0,0,0,0,0.000191913326247,0.0135552258961
-2,3,-3.61800627279,5.42700940919,0,1,0,1.8090031364,-0.0138132654936,-0.00285758850597
-2,3,-3.61800627279,5.42700940919,0,2,0,3.61800627279,-0.0160678853584,-0.00187950094596
-2,3,-3.61800627279,5.42700940919,0,3,0,5.42700940919,-0.01171122588,0.0104784443167
-2,3,-3.61800627279,5.42700940919,0,4,0,7.23601254558,0.00142296303955,-0.00389943519522
-2,3,-3.61800627279,5.42700940919,1,-4,1.8090031364,-7.23601254558,0.00136838239822,-0.00936153983331
-2,3,-3.61800627279,5.42700940919,1,-3,1.8090031364,-5.42700940919,-0.00415250183399,-0.00563981329154
-2,3,-3.61800627279,5.42700940919,1,-2,1.8090031364,-3.61800627279,-0.0127620523156,-0.00258893225965
-2,3,-3.61800627279,5.42700940919,1,-1,1.8090031364,-1.8090031364,0.0117745513073,-0.00123541804375
-2,3,-3.61800627279,5.42700940919,1,0,1.8090031364,0,-0.040764146326,-0.00824991164064
-2,3,-3.61800627279,5.42700940919,1,1,1.8090031364,1.8090031364,-0.0035279411447,-0.0249469335881
-2,3,-3.61800627279,5.42700940919,1,2,1.8090031364,3.61800627279,-0.00296107975746,-0.0144236192356
-2,3,-3.61800627279,5.42700940919,1,3,1.8090031364,5.42700940919,0.00679015596101,0.00120963851468
-2,3,-3.61800627279,5.42700940919,1,4,1.8090031364,7.23601254558,-0.00438127671458,-0.00927770265106
-2,3,-3.61800627279,5.42700940919,2,-4,3.61800627279,-7.23601254558,-0.00967370424618,-0.00496042582704
-2,3,-3.61800627279,5.42700940919,2,-3,3.61800627279,-5.42700940919,0.00168577509559,0.00343113813979
-2,3,-3.61800627279,5.42700940919,2,-2,3.61800627279,-3.61800627279,-0.012865237538,-0.00388367075231
-2,3,-3.61800627279,5.42700940919,2,-1,3.61800627279,-1.8090031364,-0.000266399985528,-0.0176989077737
-2,3,-3.61800627279,5.42700940919,2,0,3.61800627279,0,0.00752666396633,-0.00454956838365
-2,3,-3.61800627279,5.42700940919,2,1,3.61800627279,1.8090031364,0.00104336480512,-0.00884758392858
-2,3,-3.61800627279,5.42700940919,2,2,3.61800627279,3.61800627279,-0.0120131916637,0.00808948427779
-2,3,-3.61800627279,5.42700940919,2,3,3.61800627279,5.42700940919,-0.00405218754694,0.00441070649129
-2,3,-3.61800627279,5.42700940919,2,4,3.61800627279,7.23601254558,-0.00266975296013,0.000165863554669
-2,3,-3.61800627279,5.42700940919,3,-4,5.42700940919,-7.23601254558,0.00240347206534,-0.0029245980191
-2,3,-3.61800627279,5.42700940919,3,-3,5.42700940919,-5.42700940919,-0.00363392962428,-0.00342248249617
-2,3,-3.61800627279,5.42700940919,3,-2,5.42700940919,-3.61800627279,0.00092613875536,-0.00135767896702
-2,3,-3.61800627279,5.42700940919,3,-1,5.42700940919,-1.8090031364,-0.000939002774273,0.00992421887297
-2,3,-3.61800627279,5.42700940919,3,0,5.42700940919,0,0.0070074490017,0.00813528340954
-2,3,-3.61800627279,5.42700940919,3,1,5.42700940919,1.8090031364,-0.00109573067245,-0.00865658349519
-2,3,-3.61800627279,5.42700940919,3,2,5.42700940919,3.61800627279,0.00132783028577,0.00420678899507
-2,3,-3.61800627279,5.42700940919,3,3,5.42700940919,5.42700940919,0.00257275078035,0.00235007963378
-2,3,-3.61800627279,5.42700940919,3,4,5.42700940919,7.23601254558,-0.00494095271181,-0.00260165959139
-2,3,-3.61800627279,5.42700940919,4,-4,7.23601254558,-7.23601254558,0.000986492592776,-0.002262845361
-2,3,-3.61800627279,5.42700940919,4,-3,7.23601254558,-5.42700940919,0.000307301778173,0.00321595883507
-2,3,-3.61800627279,5.42700940919,4,-2,7.23601254558,-3.61800627279,0.000338265486482,0.00345875306208
-2,3,-3.61800627279,5.42700940919,4,-1,7.23601254558,-1.8090031364,0.00127657388412,0.00131133481953
-2,3,-3.61800627279,5.42700940919,4,0,7.23601254558,0,0.00464912298584,0.00693939938946
-2,3,-3.61800627279,5.42700940919,4,1,7.23601254558,1.8090031364,0.00298692630077,0.00359409350151
-2,3,-3.61800627279,5.42700940919,4,2,7.23601254558,3.61800627279,0.00306711444583,0.000875887766908
-2,3,-3.61800627279,5.42700940919,4,3,7.23601254558,5.42700940919,0.00306917381139,-0.00110657573428
-2,3,-3.61800627279,5.42700940919,4,4,7.23601254558,7.23601254558,0.00285774997482,0.00369797640243
-2,4,-3.61800627279,7.23601254558,-4,-4,-7.23601254558,-7.23601254558,0.000691256935997,0.00173971169504
-2,4,-3.61800627279,7.23601254558,-4,-3,-7.23601254558,-5.42700940919,-0.00381055478877,-0.00348678816002
-2,4,-3.61800627279,7.23601254558,-4,-2,-7.23601254558,-3.61800627279,0.00101507719738,-0.000207982531926
-2,4,-3.61800627279,7.23601254558,-4,-1,-7.23601254558,-1.8090031364,0.000449966393379,-0.000282825614959
-2,4,-3.61800627279,7.23601254558,-4,0,-7.23601254558,0,0.00283338019357,-0.000397896747014
-2,4,-3.61800627279,7.23601254558,-4,1,-7.23601254558,1.8090031364,-0.00437449086209,0.000344801833107
-2,4,-3.61800627279,7.23601254558,-4,2,-7.23601254558,3.61800627279,-0.00238381087725,0.00110945529298
-2,4,-3.61800627279,7.23601254558,-4,3,-7.23601254558,5.42700940919,-0.00242583206394,0.00411987517353
-2,4,-3.61800627279,7.23601254558,-4,4,-7.23601254558,7.23601254558,-0.00139770373235,0.000114805007683
-2,4,-3.61800627279,7.23601254558,-3,-4,-5.42700940919,-7.23601254558,0.00166410805108,-0.00216597094261
-2,4,-3.61800627279,7.23601254558,-3,-3,-5.42700940919,-5.42700940919,-0.000288301843003,-0.00232901057668
-2,4,-3.61800627279,7.23601254558,-3,-2,-5.42700940919,-3.61800627279,-0.00890162105211,0.0061649229798
-2,4,-3.61800627279,7.23601254558,-3,-1,-5.42700940919,-1.8090031364,0.00580684282241,-0.000784381116039
-2,4,-3.61800627279,7.23601254558,-3,0,-5.42700940919,0,0.000715071758138,0.00551866455316
-2,4,-3.61800627279,7.23601254558,-3,1,-5.42700940919,1.8090031364,-0.00970740426101,0.00228431952952
-2,4,-3.61800627279,7.23601254558,-3,2,-5.42700940919,3.61800627279,-0.00566232910999,-9.45759708921e-05
-2,4,-3.61800627279,7.23601254558,-3,3,-5.42700940919,5.42700940919,0.000570534239026,0.00251213417288
-2,4,-3.61800627279,7.23601254558,-3,4,-5.42700940919,7.23601254558,-0.00190286749448,0.000692221973402
-2,4,-3.61800627279,7.23601254558,-2,-4,-3.61800627279,-7.23601254558,-0.0023483573142,-0.00198695192991
-2,4,-3.61800627279,7.23601254558,-2,-3,-3.61800627279,-5.42700940919,0.00164689459693,0.00962390591344
-2,4,-3.61800627279,7.23601254558,-2,-2,-3.61800627279,-3.61800627279,-0.00575204418111,0.0159756582778
-2,4,-3.61800627279,7.23601254558,-2,-1,-3.61800627279,-1.8090031364,-0.00755718301152,-0.0057247854726
-2,4,-3.61800627279,7.23601254558,-2,0,-3.61800627279,0,0.025819430358,0.00560677540667
-2,4,-3.61800627279,7.23601254558,-2,1,-3.61800627279,1.8090031364,-0.00420727502527,0.0101143188398
-2,4,-3.61800627279,7.23601254558,-2,2,-3.61800627279,3.61800627279,0.00408665151291,0.0129526975955
-2,4,-3.61800627279,7.23601254558,-2,3,-3.61800627279,5.42700940919,0.00412065338911,-0.00496313813606
-2,4,-3.61800627279,7.23601254558,-2,4,-3.61800627279,7.23601254558,0.0266862867534,0
-2,4,-3.61800627279,7.23601254558,-1,-4,-1.8090031364,-7.23601254558,-0.00292786255138,0.00588306082928
-2,4,-3.61800627279,7.23601254558,-1,-3,-1.8090031364,-5.42700940919,-0.00434916612231,-0.00896903607707
-2,4,-3.61800627279,7.23601254558,-1,-2,-1.8090031364,-3.61800627279,0.00747140065378,-0.00094268096931
-2,4,-3.61800627279,7.23601254558,-1,-1,-1.8090031364,-1.8090031364,-0.00368927951849,-0.00962538178979
-2,4,-3.61800627279,7.23601254558,-1,0,-1.8090031364,0,-0.00445912402191,-0.0213512445978
-2,4,-3.61800627279,7.23601254558,-1,1,-1.8090031364,1.8090031364,0.00609923044557,-0.00165695212012
-2,4,-3.61800627279,7.23601254558,-1,2,-1.8090031364,3.61800627279,0.00564448747883,-0.00499864878303
-2,4,-3.61800627279,7.23601254558,-1,3,-1.8090031364,5.42700940919,-0.00707722500275,0.0053447572327
-2,4,-3.61800627279,7.23601254558,-1,4,-1.8090031364,7.23601254558,-0.000298070022648,-0.0021586904843
-2,4,-3.61800627279,7.23601254558,0,-4,0,-7.23601254558,-0.0083153209797,0.00126479752837
-2,4,-3.61800627279,7.23601254558,0,-3,0,-5.42700940919,0.00593013284138,0.00205557480232
-2,4,-3.61800627279,7.23601254558,0,-2,0,-3.61800627279,0.0166377120108,0.00589812642429
-2,4,-3.61800627279,7.23601254558,0,-1,0,-1.8090031364,0.00201701092452,-0.0117395683183
-2,4,-3.61800627279,7.23601254558,0,0,0,0,0.0138283438655,0.0111925170273
-2,4,-3.61800627279,7.23601254558,0,1,0,1.8090031364,0.00467828841842,0.00412859650857
-2,4,-3.61800627279,7.23601254558,0,2,0,3.61800627279,-0.00453908054343,0.00429656457612
-2,4,-3.61800627279,7.23601254558,0,3,0,5.42700940919,-0.0123569816557,0.00155838808506
-2,4,-3.61800627279,7.23601254558,0,4,0,7.23601254558,-0.00635831108284,0.000296652033839
-2,4,-3.61800627279,7.23601254558,1,-4,1.8090031364,-7.23601254558,0.0114129536388,0.0015133377405
-2,4,-3.61800627279,7.23601254558,1,-3,1.8090031364,-5.42700940919,0.00150131674541,-0.0126950761129
-2,4,-3.61800627279,7.23601254558,1,-2,1.8090031364,-3.61800627279,0.00137357309357,-0.00953572407024
-2,4,-3.61800627279,7.23601254558,1,-1,1.8090031364,-1.8090031364,-0.0237057014322,-0.0098357152884
-2,4,-3.61800627279,7.23601254558,1,0,1.8090031364,0,0.0171625960066,0.0033173810614
-2,4,-3.61800627279,7.23601254558,1,1,1.8090031364,1.8090031364,-0.0354946516739,-0.0153573263739
-2,4,-3.61800627279,7.23601254558,1,2,1.8090031364,3.61800627279,0.000300786654662,-0.010231886378
-2,4,-3.61800627279,7.23601254558,1,3,1.8090031364,5.42700940919,-0.00558058848156,-0.0107608181697
-2,4,-3.61800627279,7.23601254558,1,4,1.8090031364,7.23601254558,0.00408696193652,0.00234777674156
-2,4,-3.61800627279,7.23601254558,2,-4,3.61800627279,-7.23601254558,-0.00333300421255,-0.000942168796905
-2,4,-3.61800627279,7.23601254558,2,-3,3.61800627279,-5.42700940919,-0.00967370424618,-0.00496042582704
-2,4,-3.61800627279,7.23601254558,2,-2,3.61800627279,-3.61800627279,-0.00247121656663,0.00661985367981
-2,4,-3.61800627279,7.23601254558,2,-1,3.61800627279,-1.8090031364,-0.0106990329702,-0.00354535425225
-2,4,-3.61800627279,7.23601254558,2,0,3.61800627279,0,0.00341626417231,-0.0277366439351
-2,4,-3.61800627279,7.23601254558,2,1,3.61800627279,1.8090031364,-0.000669759736089,0.000381631150053
-2,4,-3.61800627279,7.23601254558,2,2,3.61800627279,3.61800627279,0.00414479815087,-0.00632826607569
-2,4,-3.61800627279,7.23601254558,2,3,3.61800627279,5.42700940919,-0.00539476784459,-0.000309837505165
-2,4,-3.61800627279,7.23601254558,2,4,3.61800627279,7.23601254558,0.00273353526512,0.00183492637943
-2,4,-3.61800627279,7.23601254558,3,-4,5.42700940919,-7.23601254558,0.00221820818133,0.00472457714313
-2,4,-3.61800627279,7.23601254558,3,-3,5.42700940919,-5.42700940919,-0.00154091749953,-0.00422020072324
-2,4,-3.61800627279,7.23601254558,3,-2,5.42700940919,-3.61800627279,-0.000178415703799,0.00200139547618
-2,4,-3.61800627279,7.23601254558,3,-1,5.42700940919,-1.8090031364,-0.00226687669339,-0.0085300952809
-2,4,-3.61800627279,7.23601254558,3,0,5.42700940919,0,-0.00367410557097,0.00687644629136
-2,4,-3.61800627279,7.23601254558,3,1,5.42700940919,1.8090031364,0.00546237919937,0.00813522614632
-2,4,-3.61800627279,7.23601254558,3,2,5.42700940919,3.61800627279,-0.00382184126711,-0.00582400737794
-2,4,-3.61800627279,7.23601254558,3,3,5.42700940919,5.42700940919,0.000987332892774,0.00670821428505
-2,4,-3.61800627279,7.23601254558,3,4,5.42700940919,7.23601254558,0.00550683603455,-0.00272224030745
-2,4,-3.61800627279,7.23601254558,4,-4,7.23601254558,-7.23601254558,0.00214206173888,-0.000220568517647
-2,4,-3.61800627279,7.23601254558,4,-3,7.23601254558,-5.42700940919,-0.00277455590566,-0.000617109198962
-2,4,-3.61800627279,7.23601254558,4,-2,7.23601254558,-3.61800627279,-0.000503374050276,0.00337685819415
-2,4,-3.61800627279,7.23601254558,4,-1,7.23601254558,-1.8090031364,-0.00115712953822,0.00389187606645
-2,4,-3.61800627279,7.23601254558,4,0,7.23601254558,0,0.000833251415826,-0.000867895030636
-2,4,-3.61800627279,7.23601254558,4,1,7.23601254558,1.8090031364,0.00523623632592,0.00413441717509
-2,4,-3.61800627279,7.23601254558,4,2,7.23601254558,3.61800627279,-5.95506083049e-05,0.00463198634366
-2,4,-3.61800627279,7.23601254558,4,3,7.23601254558,5.42700940919,0.00156117519171,-0.000614330639315
-2,4,-3.61800627279,7.23601254558,4,4,7.23601254558,7.23601254558,0.00147207534603,-0.00248871928534
-1,-4,-1.8090031364,-7.23601254558,-4,-4,-7.23601254558,-7.23601254558,0.0014898212835,-0.00171937443234
-1,-4,-1.8090031364,-7.23601254558,-4,-3,-7.23601254558,-5.42700940919,-0.00256098614062,0.00377578814105
-1,-4,-1.8090031364,-7.23601254558,-4,-2,-7.23601254558,-3.61800627279,0.000261515112369,0.00339090204546
-1,-4,-1.8090031364,-7.23601254558,-4,-1,-7.23601254558,-1.8090031364,-0.00296043911197,0.00303498476225
-1,-4,-1.8090031364,-7.23601254558,-4,0,-7.23601254558,0,0.00528792420122,-0.00377853760392
-1,-4,-1.8090031364,-7.23601254558,-4,1,-7.23601254558,1.8090031364,-0.00662769408611,0.00288510032927
-1,-4,-1.8090031364,-7.23601254558,-4,2,-7.23601254558,3.61800627279,-0.00169409835652,0.00041757385803
-1,-4,-1.8090031364,-7.23601254558,-4,3,-7.23601254558,5.42700940919,0.00200682254476,0.00558652113344
-1,-4,-1.8090031364,-7.23601254558,-4,4,-7.23601254558,7.23601254558,0.00774389695712,-0.00178153507547
-1,-4,-1.8090031364,-7.23601254558,-3,-4,-5.42700940919,-7.23601254558,-0.00704155785698,-0.00533394195582
-1,-4,-1.8090031364,-7.23601254558,-3,-3,-5.42700940919,-5.42700940919,-0.00210113831231,-0.00144021646389
-1,-4,-1.8090031364,-7.23601254558,-3,-2,-5.42700940919,-3.61800627279,0.000386993210025,-0.00077351044477
-1,-4,-1.8090031364,-7.23601254558,-3,-1,-5.42700940919,-1.8090031364,-0.00226263737086,-0.00260948512413
-1,-4,-1.8090031364,-7.23601254558,-3,0,-5.42700940919,0,0.00465910005702,9.9779872971e-05
-1,-4,-1.8090031364,-7.23601254558,-3,1,-5.42700940919,1.8090031364,-0.00365764826728,0.00658039186724
-1,-4,-1.8090031364,-7.23601254558,-3,2,-5.42700940919,3.61800627279,0.00283196413805,0.00191889534488
-1,-4,-1.8090031364,-7.23601254558,-3,3,-5.42700940919,5.42700940919,0.00406087670927,-0.00258113581606
-1,-4,-1.8090031364,-7.23601254558,-3,4,-5.42700940919,7.23601254558,-0.00646894859381,-0.000767809293265
-1,-4,-1.8090031364,-7.23601254558,-2,-4,-3.61800627279,-7.23601254558,-0.00108894293857,0.00198829584626
-1,-4,-1.8090031364,-7.23601254558,-2,-3,-3.61800627279,-5.42700940919,-0.00195817096248,-0.00247084451806
-1,-4,-1.8090031364,-7.23601254558,-2,-2,-3.61800627279,-3.61800627279,0.00240903200697,0.00428251805686
-1,-4,-1.8090031364,-7.23601254558,-2,-1,-3.61800627279,-1.8090031364,0.00274013902032,0.00112669475631
-1,-4,-1.8090031364,-7.23601254558,-2,0,-3.61800627279,0,-0.0090097300676,0.0109800940245
-1,-4,-1.8090031364,-7.23601254558,-2,1,-3.61800627279,1.8090031364,0.00251309713386,0.0104585875614
-1,-4,-1.8090031364,-7.23601254558,-2,2,-3.61800627279,3.61800627279,0.00140755886626,-0.0018099906832
-1,-4,-1.8090031364,-7.23601254558,-2,3,-3.61800627279,5.42700940919,-0.00599330493276,0.00409468664414
-1,-4,-1.8090031364,-7.23601254558,-2,4,-3.61800627279,7.23601254558,-0.00292786255138,-0.00588306082928
-1,-4,-1.8090031364,-7.23601254558,-1,-4,-1.8090031364,-7.23601254558,0.0464245344922,0
-1,-4,-1.8090031364,-7.23601254558,-1,-3,-1.8090031364,-5.42700940919,0.00225640980125,0.00166199178464
-1,-4,-1.8090031364,-7.23601254558,-1,-2,-1.8090031364,-3.61800627279,0.00148651518146,-0.0172254219007
-1,-4,-1.8090031364,-7.23601254558,-1,-1,-1.8090031364,-1.8090031364,-0.00572874122057,-0.0111998665614
-1,-4,-1.8090031364,-7.23601254558,-1,0,-1.8090031364,0,0.0302568585729,-0.00960670774102
-1,-4,-1.8090031364,-7.23601254558,-1,1,-1.8090031364,1.8090031364,-0.0151991815372,0.00220763820532
-1,-4,-1.8090031364,-7.23601254558,-1,2,-1.8090031364,3.61800627279,-0.0085598457937,-0.0238941917254
-1,-4,-1.8090031364,-7.23601254558,-1,3,-1.8090031364,5.42700940919,0.00166228258512,-0.00444515136771
-1,-4,-1.8090031364,-7.23601254558,-1,4,-1.8090031364,7.23601254558,0.000265489927604,0.00250373217016
-1,-4,-1.8090031364,-7.23601254558,0,-4,0,-7.23601254558,-0.000260385972738,-0.00239891263749
-1,-4,-1.8090031364,-7.23601254558,0,-3,0,-5.42700940919,-0.012950181042,0.00796095476537
-1,-4,-1.8090031364,-7.23601254558,0,-2,0,-3.61800627279,-0.00645908265234,-0.00961124311212
-1,-4,-1.8090031364,-7.23601254558,0,-1,0,-1.8090031364,-0.0220447521135,-0.0119812997907
-1,-4,-1.8090031364,-7.23601254558,0,0,0,0,0.00107108841043,-0.0100948146052
-1,-4,-1.8090031364,-7.23601254558,0,1,0,1.8090031364,0.00923963789947,0.0126279188328
-1,-4,-1.8090031364,-7.23601254558,0,2,0,3.61800627279,-0.0136817323925,-0.0107691958396
-1,-4,-1.8090031364,-7.23601254558,0,3,0,5.42700940919,0.0135427550048,0.00287442149794
-1,-4,-1.8090031364,-7.23601254558,0,4,0,7.23601254558,-0.002438687936,0.00480136228959
-1,-4,-1.8090031364,-7.23601254558,1,-4,1.8090031364,-7.23601254558,-0.00931015116909,0.00170827092158
-1,-4,-1.8090031364,-7.23601254558,1,-3,1.8090031364,-5.42700940919,0.000700045651196,-3.32876027797e-05
-1,-4,-1.8090031364,-7.23601254558,1,-2,1.8090031364,-3.61800627279,0.00209466714811,-0.000915758143775
-1,-4,-1.8090031364,-7.23601254558,1,-1,1.8090031364,-1.8090031364,-0.022735676954,0.0109985303421
-1,-4,-1.8090031364,-7.23601254558,1,0,1.8090031364,0,0.0387076648269,-0.0121742752196
-1,-4,-1.8090031364,-7.23601254558,1,1,1.8090031364,1.8090031364,-0.00146195579527,0.00880159100645
-1,-4,-1.8090031364,-7.23601254558,1,2,1.8090031364,3.61800627279,-0.00427279613945,0.0107629698475
-1,-4,-1.8090031364,-7.23601254558,1,3,1.8090031364,5.42700940919,-0.00554864302069,-0.00148271390351
-1,-4,-1.8090031364,-7.23601254558,1,4,1.8090031364,7.23601254558,0.000999286051426,-0.00298827455302
-1,-4,-1.8090031364,-7.23601254558,2,-4,3.61800627279,-7.23601254558,0.00408696193652,0.00234777674156
-1,-4,-1.8090031364,-7.23601254558,2,-3,3.61800627279,-5.42700940919,-0.00438127671458,-0.00927770265106
-1,-4,-1.8090031364,-7.23601254558,2,-2,3.61800627279,-3.61800627279,0.0109465339273,-0.00465250562521
-1,-4,-1.8090031364,-7.23601254558,2,-1,3.61800627279,-1.8090031364,-0.00275036461612,0.00606102433345
-1,-4,-1.8090031364,-7.23601254558,2,0,3.61800627279,0,-0.0312069071763,-0.00386669651939
-1,-4,-1.8090031364,-7.23601254558,2,1,3.61800627279,1.8090031364,0.00356197772136,0.0133310234231
-1,-4,-1.8090031364,-7.23601254558,2,2,3.61800627279,3.61800627279,0.00139498675758,-0.00664561176968
-1,-4,-1.8090031364,-7.23601254558,2,3,3.61800627279,5.42700940919,0.00197498314246,-0.00369875723401
-1,-4,-1.8090031364,-7.23601254558,2,4,3.61800627279,7.23601254558,0.000200407435933,-0.00468786628337
-1,-4,-1.8090031364,-7.23601254558,3,-4,5.42700940919,-7.23601254558,-0.00161790456268,0.00146770742896
-1,-4,-1.8090031364,-7.23601254558,3,-3,5.42700940919,-5.42700940919,-0.00103829719518,0.000974800456607
-1,-4,-1.8090031364,-7.23601254558,3,-2,5.42700940919,-3.61800627279,-0.00428550057542,-0.00595162398231
-1,-4,-1.8090031364,-7.23601254558,3,-1,5.42700940919,-1.8090031364,-0.00771948724221,0.00248702993699
-1,-4,-1.8090031364,-7.23601254558,3,0,5.42700940919,0,-0.00570197265359,0.014650362796
-1,-4,-1.8090031364,-7.23601254558,3,1,5.42700940919,1.8090031364,-0.00299983046277,0.0017069888057
-1,-4,-1.8090031364,-7.23601254558,3,2,5.42700940919,3.61800627279,0.00580737472068,-0.00700899922683
-1,-4,-1.8090031364,-7.23601254558,3,3,5.42700940919,5.42700940919,0.00465136757912,-0.00200686963706
-1,-4,-1.8090031364,-7.23601254558,3,4,5.42700940919,7.23601254558,0.00250393596857,0.00401356674399
-1,-4,-1.8090031364,-7.23601254558,4,-4,7.23601254558,-7.23601254558,0.00213174784287,0.000288200158477
-1,-4,-1.8090031364,-7.23601254558,4,-3,7.23601254558,-5.42700940919,-0.00246573774673,-0.00148716761139
-1,-4,-1.8090031364,-7.23601254558,4,-2,7.23601254558,-3.61800627279,-0.00129253875658,0.00117728537462
-1,-4,-1.8090031364,-7.23601254558,4,-1,7.23601254558,-1.8090031364,0.00728757461237,-0.00468407492887
-1,-4,-1.8090031364,-7.23601254558,4,0,7.23601254558,0,-0.00601787183586,0.00103326171949
-1,-4,-1.8090031364,-7.23601254558,4,1,7.23601254558,1.8090031364,-0.00200107876605,-0.00490038170121
-1,-4,-1.8090031364,-7.23601254558,4,2,7.23601254558,3.61800627279,0.000893352323239,-0.0052241299174
-1,-4,-1.8090031364,-7.23601254558,4,3,7.23601254558,5.42700940919,0.00310753101144,0.00379169890425
-1,-4,-1.8090031364,-7.23601254558,4,4,7.23601254558,7.23601254558,-0.000127016812759,-0.00087271230845
-1,-3,-1.8090031364,-5.42700940919,-4,-4,-7.23601254558,-7.23601254558,-0.0049621404713,0.0037718700093
-1,-3,-1.8090031364,-5.42700940919,-4,-3,-7.23601254558,-5.42700940919,0.00561720428265,0.00498532477782
-1,-3,-1.8090031364,-5.42700940919,-4,-2,-7.23601254558,-3.61800627279,0.00202463930473,0.00450095230057
-1,-3,-1.8090031364,-5.42700940919,-4,-1,-7.23601254558,-1.8090031364,-0.00403562390033,0.0117924283321
-1,-3,-1.8090031364,-5.42700940919,-4,0,-7.23601254558,0,-0.00809186193223,0.00417723850741
-1,-3,-1.8090031364,-5.42700940919,-4,1,-7.23601254558,1.8090031364,0.00207736545429,0.000685686260103
-1,-3,-1.8090031364,-5.42700940919,-4,2,-7.23601254558,3.61800627279,-0.00417332250305,0.00208996806418
-1,-3,-1.8090031364,-5.42700940919,-4,3,-7.23601254558,5.42700940919,-0.00541281931245,-0.000223038352188
-1,-3,-1.8090031364,-5.42700940919,-4,4,-7.23601254558,7.23601254558,-0.000410518785091,0.00901079923017
-1,-3,-1.8090031364,-5.42700940919,-3,-4,-5.42700940919,-7.23601254558,0.00349807089762,0.00117492246899
-1,-3,-1.8090031364,-5.42700940919,-3,-3,-5.42700940919,-5.42700940919,-0.0150242378876,-0.00642871796009
-1,-3,-1.8090031364,-5.42700940919,-3,-2,-5.42700940919,-3.61800627279,-0.00748089122936,0.00147112475615
-1,-3,-1.8090031364,-5.42700940919,-3,-1,-5.42700940919,-1.8090031364,-0.00353190046207,0.00164325050377
-1,-3,-1.8090031364,-5.42700940919,-3,0,-5.42700940919,0,0.000194961255504,-0.00999826535932
-1,-3,-1.8090031364,-5.42700940919,-3,1,-5.42700940919,1.8090031364,0.0120863560557,-0.00675716853887
-1,-3,-1.8090031364,-5.42700940919,-3,2,-5.42700940919,3.61800627279,-0.0030328052777,0.00661352675314
-1,-3,-1.8090031364,-5.42700940919,-3,3,-5.42700940919,5.42700940919,0.00438304649856,-0.00460064124479
-1,-3,-1.8090031364,-5.42700940919,-3,4,-5.42700940919,7.23601254558,0.00705662360723,-0.0049407930367
-1,-3,-1.8090031364,-5.42700940919,-2,-4,-3.61800627279,-7.23601254558,-0.00950882480874,-0.00627652544589
-1,-3,-1.8090031364,-5.42700940919,-2,-3,-3.61800627279,-5.42700940919,0.00029619750146,-0.000133661275284
-1,-3,-1.8090031364,-5.42700940919,-2,-2,-3.61800627279,-3.61800627279,-0.0213148684815,-0.00791841159316
-1,-3,-1.8090031364,-5.42700940919,-2,-1,-3.61800627279,-1.8090031364,0.00649389567257,0.00926869614299
-1,-3,-1.8090031364,-5.42700940919,-2,0,-3.61800627279,0,0.00405216256967,-0.00940546345838
-1,-3,-1.8090031364,-5.42700940919,-2,1,-3.61800627279,1.8090031364,0.00293223725445,0.014228658546
-1,-3,-1.8090031364,-5.42700940919,-2,2,-3.61800627279,3.61800627279,-0.00698140666564,0.00489449885625
-1,-3,-1.8090031364,-5.42700940919,-2,3,-3.61800627279,5.42700940919,0.00267190808719,0.00421774163959
-1,-3,-1.8090031364,-5.42700940919,-2,4,-3.61800627279,7.23601254558,-0.00434916612231,0.00896903607707
-1,-3,-1.8090031364,-5.42700940919,-1,-4,-1.8090031364,-7.23601254558,0.00225640980125,-0.00166199178464
-1,-3,-1.8090031364,-5.42700940919,-1,-3,-1.8090031364,-5.42700940919,0.120268370753,0
-1,-3,-1.8090031364,-5.42700940919,-1,-2,-1.8090031364,-3.61800627279,0.0146885787127,0.00207151503476
-1,-3,-1.8090031364,-5.42700940919,-1,-1,-1.8090031364,-1.8090031364,0.00493197365768,-0.0343955469552
-1,-3,-1.8090031364,-5.42700940919,-1,0,-1.8090031364,0,-0.0020821364543,-0.0189611013935
-1,-3,-1.8090031364,-5.42700940919,-1,1,-1.8090031364,1.8090031364,0.0284762516493,-0.0146333646683
-1,-3,-1.8090031364,-5.42700940919,-1,2,-1.8090031364,3.61800627279,-0.0185525720379,0.0109380823449
-1,-3,-1.8090031364,-5.42700940919,-1,3,-1.8090031364,5.42700940919,-0.00212568013313,-0.016994339986
-1,-3,-1.8090031364,-5.42700940919,-1,4,-1.8090031364,7.23601254558,0.000109019439341,-0.00784215616445
-1,-3,-1.8090031364,-5.42700940919,0,-4,0,-7.23601254558,-0.00868899712872,0.00282334228918
-1,-3,-1.8090031364,-5.42700940919,0,-3,0,-5.42700940919,0.00259035390571,-7.48572898554e-05
-1,-3,-1.8090031364,-5.42700940919,0,-2,0,-3.61800627279,-0.0205403517087,0.00985241370831
-1,-3,-1.8090031364,-5.42700940919,0,-1,0,-1.8090031364,-0.0106908771103,-0.0248593693284
-1,-3,-1.8090031364,-5.42700940919,0,0,0,0,-0.0419912607283,-0.0131164516996
-1,-3,-1.8090031364,-5.42700940919,0,1,0,1.8090031364,-0.00210354549087,-0.00068755940551
-1,-3,-1.8090031364,-5.42700940919,0,2,0,3.61800627279,0.00928676793862,0.0132970787076
-1,-3,-1.8090031364,-5.42700940919,0,3,0,5.42700940919,-0.0134214709255,-0.0107660462018
-1,-3,-1.8090031364,-5.42700940919,0,4,0,7.23601254558,0.00862163842278,0.00262051577245
-1,-3,-1.8090031364,-5.42700940919,1,-4,1.8090031364,-7.23601254558,-0.0113530822148,0.00102728211372
-1,-3,-1.8090031364,-5.42700940919,1,-3,1.8090031364,-5.42700940919,-0.0129290539105,0.0145685522439
-1,-3,-1.8090031364,-5.42700940919,1,-2,1.8090031364,-3.61800627279,-0.0057863558749,-0.0037412413204
-1,-3,-1.8090031364,-5.42700940919,1,-1,1.8090031364,-1.8090031364,-0.000535304174933,-0.000471294748276
-1,-3,-1.8090031364,-5.42700940919,1,0,1.8090031364,0,-0.0295742970787,0.0162707443761
-1,-3,-1.8090031364,-5.42700940919,1,1,1.8090031364,1.8090031364,0.0402378520851,-0.00685119815718
-1,-3,-1.8090031364,-5.42700940919,1,2,1.8090031364,3.61800627279,-0.00167325994376,0.00533981140568
-1,-3,-1.8090031364,-5.42700940919,1,3,1.8090031364,5.42700940919,0.00176956007211,0.00418972191266
-1,-3,-1.8090031364,-5.42700940919,1,4,1.8090031364,7.23601254558,-0.00554864302069,-0.00148271390351
-1,-3,-1.8090031364,-5.42700940919,2,-4,3.61800627279,-7.23601254558,-0.00558058848156,-0.0107608181697
-1,-3,-1.8090031364,-5.42700940919,2,-3,3.61800627279,-5.42700940919,0.00679015596101,0.00120963851468
-1,-3,-1.8090031364,-5.42700940919,2,-2,3.61800627279,-3.61800627279,-0.014728967054,-0.0144034806472
-1,-3,-1.8090031364,-5.42700940919,2,-1,3.61800627279,-1.8090031364,0.0153452768851,-0.00765595936722
-1,-3,-1.8090031364,-5.42700940919,2,0,3.61800627279,0,-0.00763178783581,0.012388378772
-1,-3,-1.8090031364,-5.42700940919,2,1,3.61800627279,1.8090031364,-0.0266527839933,-0.00337020728382
-1,-3,-1.8090031364,-5.42700940919,2,2,3.61800627279,3.61800627279,0.00648731945694,0.00371130118068
-1,-3,-1.8090031364,-5.42700940919,2,3,3.61800627279,5.42700940919,0.00142125934567,-0.000703592893918
-1,-3,-1.8090031364,-5.42700940919,2,4,3.61800627279,7.23601254558,0.00472332225292,-0.00394489162181
-1,-3,-1.8090031364,-5.42700940919,3,-4,5.42700940919,-7.23601254558,-0.00583315867756,0.0026369766579
-1,-3,-1.8090031364,-5.42700940919,3,-3,5.42700940919,-5.42700940919,-0.0064928023822,0.00108774327171
-1,-3,-1.8090031364,-5.42700940919,3,-2,5.42700940919,-3.61800627279,0.00311190049822,0.00183814098092
-1,-3,-1.8090031364,-5.42700940919,3,-1,5.42700940919,-1.8090031364,-0.0115473320991,-0.0050966536719
-1,-3,-1.8090031364,-5.42700940919,3,0,5.42700940919,0,-0.00472529401125,0.00401323696967
-1,-3,-1.8090031364,-5.42700940919,3,1,5.42700940919,1.8090031364,-0.00581085228811,0.00501058142295
-1,-3,-1.8090031364,-5.42700940919,3,2,5.42700940919,3.61800627279,0.00248153043913,0.0116906780963
-1,-3,-1.8090031364,-5.42700940919,3,3,5.42700940919,5.42700940919,0.00489822112157,-0.00994243558573
-1,-3,-1.8090031364,-5.42700940919,3,4,5.42700940919,7.23601254558,0.00464805464646,-0.000954250029693
-1,-3,-1.8090031364,-5.42700940919,4,-4,7.23601254558,-7.23601254558,-0.00300200548719,0.000376053300881
-1,-3,-1.8090031364,-5.42700940919,4,-3,7.23601254558,-5.42700940919,0.00483414894402,0.00295922103291
-1,-3,-1.8090031364,-5.42700940919,4,-2,7.23601254558,-3.61800627279,-0.00137894396603,0.000788014545673
-1,-3,-1.8090031364,-5.42700940919,4,-1,7.23601254558,-1.8090031364,0.00335632479768,0.00285102492085
-1,-3,-1.8090031364,-5.42700940919,4,0,7.23601254558,0,0.00949597989528,-0.00847134275402
-1,-3,-1.8090031364,-5.42700940919,4,1,7.23601254558,1.8090031364,-0.00313727232841,0.00698524977075
-1,-3,-1.8090031364,-5.42700940919,4,2,7.23601254558,3.61800627279,-0.00639068185715,-0.00525120533453
-1,-3,-1.8090031364,-5.42700940919,4,3,7.23601254558,5.42700940919,-0.00272300038609,-0.0085047880992
-1,-3,-1.8090031364,-5.42700940919,4,4,7.23601254558,7.23601254558,-0.000428565524125,0.00150205328234
-1,-2,-1.8090031364,-3.61800627279,-4,-4,-7.23601254558,-7.23601254558,0.00446220060104,-0.00445232129836
-1,-2,-1.8090031364,-3.61800627279,-4,-3,-7.23601254558,-5.42700940919,-0.0174427876804,0.00911386349742
-1,-2,-1.8090031364,-3.61800627279,-4,-2,-7.23601254558,-3.61800627279,0.00969331262594,0.00510511381191
-1,-2,-1.8090031364,-3.61800627279,-4,-1,-7.23601254558,-1.8090031364,0.00919225546183,0.0103339748181
-1,-2,-1.8090031364,-3.61800627279,-4,0,-7.23601254558,0,0.00541734780652,0.0201820345737
-1,-2,-1.8090031364,-3.61800627279,-4,1,-7.23601254558,1.8090031364,-0.0229080861424,-0.000781707470438
-1,-2,-1.8090031364,-3.61800627279,-4,2,-7.23601254558,3.61800627279,0.00422426965715,0.000724978720995
-1,-2,-1.8090031364,-3.61800627279,-4,3,-7.23601254558,5.42700940919,-0.00730293287036,0.00949090695489
-1,-2,-1.8090031364,-3.61800627279,-4,4,-7.23601254558,7.23601254558,-0.00123604165419,0.00601186737455
-1,-2,-1.8090031364,-3.61800627279,-3,-4,-5.42700940919,-7.23601254558,0.00432249832584,0.000431145108098
-1,-2,-1.8090031364,-3.61800627279,-3,-3,-5.42700940919,-5.42700940919,-0.0026746361127,0.00471290769118
-1,-2,-1.8090031364,-3.61800627279,-3,-2,-5.42700940919,-3.61800627279,-0.0186523545049,-0.0212252067905
-1,-2,-1.8090031364,-3.61800627279,-3,-1,-5.42700940919,-1.8090031364,-0.00793895011762,0.00297631741246
-1,-2,-1.8090031364,-3.61800627279,-3,0,-5.42700940919,0,-0.0105378053951,0.00711871577822
-1,-2,-1.8090031364,-3.61800627279,-3,1,-5.42700940919,1.8090031364,-0.00356265968989,-0.0124873527355
-1,-2,-1.8090031364,-3.61800627279,-3,2,-5.42700940919,3.61800627279,0.00983703309858,-0.0101106475439
-1,-2,-1.8090031364,-3.61800627279,-3,3,-5.42700940919,5.42700940919,0.00340990795405,0.012206747693
-1,-2,-1.8090031364,-3.61800627279,-3,4,-5.42700940919,7.23601254558,0.00718660659045,-0.0102701758174
-1,-2,-1.8090031364,-3.61800627279,-2,-4,-3.61800627279,-7.23601254558,-0.00433582678403,0.0081208162352
-1,-2,-1.8090031364,-3.61800627279,-2,-3,-3.61800627279,-5.42700940919,-0.0102460522061,-0.00505339124987
-1,-2,-1.8090031364,-3.61800627279,-2,-2,-3.61800627279,-3.61800627279,0.0103891377682,0.00191528348454
-1,-2,-1.8090031364,-3.61800627279,-2,-1,-3.61800627279,-1.8090031364,-0.0359911716792,-0.0067850298582
-1,-2,-1.8090031364,-3.61800627279,-2,0,-3.61800627279,0,-0.000284833336793,0.00817099702879
-1,-2,-1.8090031364,-3.61800627279,-2,1,-3.61800627279,1.8090031364,0.000526434726977,-0.00649173941658
-1,-2,-1.8090031364,-3.61800627279,-2,2,-3.61800627279,3.61800627279,0.00622911530384,0.0174913185625
-1,-2,-1.8090031364,-3.61800627279,-2,3,-3.61800627279,5.42700940919,-0.00494155985248,-2.01075535386e-05
-1,-2,-1.8090031364,-3.61800627279,-2,4,-3.61800627279,7.23601254558,0.00747140065378,0.00094268096931
-1,-2,-1.8090031364,-3.61800627279,-1,-4,-1.8090031364,-7.23601254558,0.00148651518146,0.0172254219007
-1,-2,-1.8090031364,-3.61800627279,-1,-3,-1.8090031364,-5.42700940919,0.0146885787127,-0.00207151503476
-1,-2,-1.8090031364,-3.61800627279,-1,-2,-1.8090031364,-3.61800627279,0.269108148686,0
-1,-2,-1.8090031364,-3.61800627279,-1,-1,-1.8090031364,-1.8090031364,0.0153193851339,-0.00566260525699
-1,-2,-1.8090031364,-3.61800627279,-1,0,-1.8090031364,0,-0.01053269116,-0.0493993509167
-1,-2,-1.8090031364,-3.61800627279,-1,1,-1.8090031364,1.8090031364,0.00981020843559,-0.0205626757831
-1,-2,-1.8090031364,-3.61800627279,-1,2,-1.8090031364,3.61800627279,0.0270035645054,-0.0199853146236
-1,-2,-1.8090031364,-3.61800627279,-1,3,-1.8090031364,5.42700940919,-0.0144321723441,0.00890024635902
-1,-2,-1.8090031364,-3.61800627279,-1,4,-1.8090031364,7.23601254558,-0.00897386559924,-0.0231364121624
-1,-2,-1.8090031364,-3.61800627279,0,-4,0,-7.23601254558,0.00149967486637,-0.00861258089227
-1,-2,-1.8090031364,-3.61800627279,0,-3,0,-5.42700940919,-0.0295298502964,0.00743879100874
-1,-2,-1.8090031364,-3.61800627279,0,-2,0,-3.61800627279,0.00651249801704,-0.00755147940581
-1,-2,-1.8090031364,-3.61800627279,0,-1,0,-1.8090031364,-0.0310760090468,0.0264549019127
-1,-2,-1.8090031364,-3.61800627279,0,0,0,0,-0.00982610586033,-0.0463399190487
-1,-2,-1.8090031364,-3.61800627279,0,1,0,1.8090031364,-0.0424154493572,-0.0203812020996
-1,-2,-1.8090031364,-3.61800627279,0,2,0,3.61800627279,-0.00285259986363,0.003205051676
-1,-2,-1.8090031364,-3.61800627279,0,3,0,5.42700940919,0.0102646503668,0.0122966597902
-1,-2,-1.8090031364,-3.61800627279,0,4,0,7.23601254558,-0.0144168565417,-0.00891635615171
-1,-2,-1.8090031364,-3.61800627279,1,-4,1.8090031364,-7.23601254558,-0.00349750289851,-0.000502949638457
-1,-2,-1.8090031364,-3.61800627279,1,-3,1.8090031364,-5.42700940919,-0.0175997067575,-0.00378024961254
-1,-2,-1.8090031364,-3.61800627279,1,-2,1.8090031364,-3.61800627279,-0.0270556857494,0.0322071079208
-1,-2,-1.8090031364,-3.61800627279,1,-1,1.8090031364,-1.8090031364,-0.00867252472453,-0.0104098025057
-1,-2,-1.8090031364,-3.61800627279,1,0,1.8090031364,0,-0.00735476104071,0.00162513378869
-1,-2,-1.8090031364,-3.61800627279,1,1,1.8090031364,1.8090031364,-0.0255644956416,0.0230481402649
-1,-2,-1.8090031364,-3.61800627279,1,2,1.8090031364,3.61800627279,0.0376555371008,0.00311533224123
-1,-2,-1.8090031364,-3.61800627279,1,3,1.8090031364,5.42700940919,-0.00167325994376,0.00533981140568
-1,-2,-1.8090031364,-3.61800627279,1,4,1.8090031364,7.23601254558,-0.00427279613945,0.0107629698475
-1,-2,-1.8090031364,-3.61800627279,2,-4,3.61800627279,-7.23601254558,0.000300786654662,-0.010231886378
-1,-2,-1.8090031364,-3.61800627279,2,-3,3.61800627279,-5.42700940919,-0.00296107975746,-0.0144236192356
-1,-2,-1.8090031364,-3.61800627279,2,-2,3.61800627279,-3.61800627279,0.0137479033695,0.0028120740053
-1,-2,-1.8090031364,-3.61800627279,2,-1,3.61800627279,-1.8090031364,-0.0171816601383,-0.0214124401392
-1,-2,-1.8090031364,-3.61800627279,2,0,3.61800627279,0,0.0207972622186,-0.0163169909493
-1,-2,-1.8090031364,-3.61800627279,2,1,3.61800627279,1.8090031364,-0.0136082702659,0.0292129573052
-1,-2,-1.8090031364,-3.61800627279,2,2,3.61800627279,3.61800627279,-0.0302209321451,-0.00740608822808
-1,-2,-1.8090031364,-3.61800627279,2,3,3.61800627279,5.42700940919,0.00949542033111,0.00289346211571
-1,-2,-1.8090031364,-3.61800627279,2,4,3.61800627279,7.23601254558,0.00169026054711,-0.011602525755
-1,-2,-1.8090031364,-3.61800627279,3,-4,5.42700940919,-7.23601254558,0.00463205906146,-0.00517378361278
-1,-2,-1.8090031364,-3.61800627279,3,-3,5.42700940919,-5.42700940919,-0.0185563601561,0.0133395539417
-1,-2,-1.8090031364,-3.61800627279,3,-2,5.42700940919,-3.61800627279,-0.00823495824328,0.00597841414694
-1,-2,-1.8090031364,-3.61800627279,3,-1,5.42700940919,-1.8090031364,0.00614998781455,-0.00830935968737
-1,-2,-1.8090031364,-3.61800627279,3,0,5.42700940919,0,-0.0262623292546,0.00438229174626
-1,-2,-1.8090031364,-3.61800627279,3,1,5.42700940919,1.8090031364,-0.00248468560903,0.00527848026888
-1,-2,-1.8090031364,-3.61800627279,3,2,5.42700940919,3.61800627279,-0.0125397796682,0.00448366236049
-1,-2,-1.8090031364,-3.61800627279,3,3,5.42700940919,5.42700940919,0.00684014899319,0.0073391150988
-1,-2,-1.8090031364,-3.61800627279,3,4,5.42700940919,7.23601254558,0.00739923567147,-0.0132460465561
-1,-2,-1.8090031364,-3.61800627279,4,-4,7.23601254558,-7.23601254558,-0.00702201350358,-0.0121795865258
-1,-2,-1.8090031364,-3.61800627279,4,-3,7.23601254558,-5.42700940919,-0.00294252378493,0.00662109171909
-1,-2,-1.8090031364,-3.61800627279,4,-2,7.23601254558,-3.61800627279,-0.00684523828409,0.00504777506555
-1,-2,-1.8090031364,-3.61800627279,4,-1,7.23601254558,-1.8090031364,0.0068341935932,0.00742513180234
-1,-2,-1.8090031364,-3.61800627279,4,0,7.23601254558,0,0.00918465936873,-0.000672702661073
-1,-2,-1.8090031364,-3.61800627279,4,1,7.23601254558,1.8090031364,0.0106034798559,-0.0181407361493
-1,-2,-1.8090031364,-3.61800627279,4,2,7.23601254558,3.61800627279,-0.0038413680504,0.0129441148724
-1,-2,-1.8090031364,-3.61800627279,4,3,7.23601254558,5.42700940919,-0.0107790213051,-0.00591872672051
-1,-2,-1.8090031364,-3.61800627279,4,4,7.23601254558,7.23601254558,-0.0019843167999,-0.0077092103969
-1,-1,-1.8090031364,-1.8090031364,-4,-4,-7.23601254558,-7.23601254558,-0.00402491255008,-0.009445405692
-1,-1,-1.8090031364,-1.8090031364,-4,-3,-7.23601254558,-5.42700940919,0.012748238411,-0.00388895515281
-1,-1,-1.8090031364,-1.8090031364,-4,-2,-7.23601254558,-3.61800627279,-0.0256524133625,0.0215698069974
-1,-1,-1.8090031364,-1.8090031364,-4,-1,-7.23601254558,-1.8090031364,0.0130555021046,-0.0090634574918
-1,-1,-1.8090031364,-1.8090031364,-4,0,-7.23601254558,0,-0.000905579808248,0.0206958820302
-1,-1,-1.8090031364,-1.8090031364,-4,1,-7.23601254558,1.8090031364,0.00860043928885,0.0200512600342
-1,-1,-1.8090031364,-1.8090031364,-4,2,-7.23601254558,3.61800627279,-0.0382536988686,0.000344134786831
-1,-1,-1.8090031364,-1.8090031364,-4,3,-7.23601254558,5.42700940919,0.00655585428235,0.000396072990463
-1,-1,-1.8090031364,-1.8090031364,-4,4,-7.23601254558,7.23601254558,-0.0213700352655,0.00617913980495
-1,-1,-1.8090031364,-1.8090031364,-3,-4,-5.42700940919,-7.23601254558,-0.0246606761201,-0.0105281148697
-1,-1,-1.8090031364,-1.8090031364,-3,-3,-5.42700940919,-5.42700940919,-0.00358906274606,0.00689337638874
-1,-1,-1.8090031364,-1.8090031364,-3,-2,-5.42700940919,-3.61800627279,-0.0081724866234,0.00896333780658
-1,-1,-1.8090031364,-1.8090031364,-3,-1,-5.42700940919,-1.8090031364,-0.0245196694055,-0.0360859471946
-1,-1,-1.8090031364,-1.8090031364,-3,0,-5.42700940919,0,-0.0151540302438,0.00145364987895
-1,-1,-1.8090031364,-1.8090031364,-3,1,-5.42700940919,1.8090031364,-0.0134243881926,0.0132218125551
-1,-1,-1.8090031364,-1.8090031364,-3,2,-5.42700940919,3.61800627279,-0.00216008513376,-0.00837737157287
-1,-1,-1.8090031364,-1.8090031364,-3,3,-5.42700940919,5.42700940919,0.0132743334777,-0.00626364855896
-1,-1,-1.8090031364,-1.8090031364,-3,4,-5.42700940919,7.23601254558,0.00510284550226,0.00988253838286
-1,-1,-1.8090031364,-1.8090031364,-2,-4,-3.61800627279,-7.23601254558,-0.0153528711221,0.00797290550732
-1,-1,-1.8090031364,-1.8090031364,-2,-3,-3.61800627279,-5.42700940919,-0.00938777979248,0.0214522744858
-1,-1,-1.8090031364,-1.8090031364,-2,-2,-3.61800627279,-3.61800627279,-0.0240860605232,-0.017407433322
-1,-1,-1.8090031364,-1.8090031364,-2,-1,-3.61800627279,-1.8090031364,0.0100461163928,0.000425492707923
-1,-1,-1.8090031364,-1.8090031364,-2,0,-3.61800627279,0,-0.0276113298729,0.000693682542076
-1,-1,-1.8090031364,-1.8090031364,-2,1,-3.61800627279,1.8090031364,-0.00252032079475,0.00838581430928
-1,-1,-1.8090031364,-1.8090031364,-2,2,-3.61800627279,3.61800627279,-0.00479339321515,0.00155328686302
-1,-1,-1.8090031364,-1.8090031364,-2,3,-3.61800627279,5.42700940919,0.00338261308589,0.018759467847
-1,-1,-1.8090031364,-1.8090031364,-2,4,-3.61800627279,7.23601254558,-0.00368927951849,0.00962538178979
-1,-1,-1.8090031364,-1.8090031364,-1,-4,-1.8090031364,-7.23601254558,-0.00572874122057,0.0111998665614
-1,-1,-1.8090031364,-1.8090031364,-1,-3,-1.8090031364,-5.42700940919,0.00493197365768,0.0343955469552
-1,-1,-1.8090031364,-1.8090031364,-1,-2,-1.8090031364,-3.61800627279,0.0153193851339,0.00566260525699
-1,-1,-1.8090031364,-1.8090031364,-1,-1,-1.8090031364,-1.8090031364,0.451738851597,0
-1,-1,-1.8090031364,-1.8090031364,-1,0,-1.8090031364,0,0.0129241742974,-0.0136737225298
-1,-1,-1.8090031364,-1.8090031364,-1,1,-1.8090031364,1.8090031364,-0.0154166573806,-0.039565685169
-1,-1,-1.8090031364,-1.8090031364,-1,2,-1.8090031364,3.61800627279,0.00883593401686,-0.0202463376426
-1,-1,-1.8090031364,-1.8090031364,-1,3,-1.8090031364,5.42700940919,0.0325030018544,-0.020005156453
-1,-1,-1.8090031364,-1.8090031364,-1,4,-1.8090031364,7.23601254558,-0.0126441039687,0.00525640916825
-1,-1,-1.8090031364,-1.8090031364,0,-4,0,-7.23601254558,0.00609751906361,0.00283079548193
-1,-1,-1.8090031364,-1.8090031364,0,-3,0,-5.42700940919,0.00673825140755,-0.0170596091925
-1,-1,-1.8090031364,-1.8090031364,0,-2,0,-3.61800627279,-0.0432864928009,0.00548842514521
-1,-1,-1.8090031364,-1.8090031364,0,-1,0,-1.8090031364,0.0151025881416,-0.00685315687407
-1,-1,-1.8090031364,-1.8090031364,0,0,0,0,-0.0524955971514,0.0428591628553
-1,-1,-1.8090031364,-1.8090031364,0,1,0,1.8090031364,0.00178368422443,-0.0510420465994
-1,-1,-1.8090031364,-1.8090031364,0,2,0,3.61800627279,-0.0423576952501,-0.0163632503676
-1,-1,-1.8090031364,-1.8090031364,0,3,0,5.42700940919,-0.0043224508843,-0.00150592472172
-1,-1,-1.8090031364,-1.8090031364,0,4,0,7.23601254558,0.0131100220487,0.0109001981951
-1,-1,-1.8090031364,-1.8090031364,1,-4,1.8090031364,-7.23601254558,0.00333750846803,0.00894321620325
-1,-1,-1.8090031364,-1.8090031364,1,-3,1.8090031364,-5.42700940919,-0.0131750721334,0.000680279156763
-1,-1,-1.8090031364,-1.8090031364,1,-2,1.8090031364,-3.61800627279,-0.0209829688533,-0.00146295624036
-1,-1,-1.8090031364,-1.8090031364,1,-1,1.8090031364,-1.8090031364,-0.0396876229962,0.0485615459271
-1,-1,-1.8090031364,-1.8090031364,1,0,1.8090031364,0,-0.0147492111708,-0.0108658135195
-1,-1,-1.8090031364,-1.8090031364,1,1,1.8090031364,1.8090031364,-0.00621385685027,-0.000713364335906
-1,-1,-1.8090031364,-1.8090031364,1,2,1.8090031364,3.61800627279,-0.0255644956416,0.0230481402649
-1,-1,-1.8090031364,-1.8090031364,1,3,1.8090031364,5.42700940919,0.0402378520851,-0.00685119815718
-1,-1,-1.8090031364,-1.8090031364,1,4,1.8090031364,7.23601254558,-0.00146195579527,0.00880159100645
-1,-1,-1.8090031364,-1.8090031364,2,-4,3.61800627279,-7.23601254558,-0.0354946516739,-0.0153573263739
-1,-1,-1.8090031364,-1.8090031364,2,-3,3.61800627279,-5.42700940919,-0.0035279411447,-0.0249469335881
-1,-1,-1.8090031364,-1.8090031364,2,-2,3.61800627279,-3.61800627279,-0.00687123499339,-0.0286426799242
-1,-1,-1.8090031364,-1.8090031364,2,-1,3.61800627279,-1.8090031364,0.0219396774058,0.00817161099616
-1,-1,-1.8090031364,-1.8090031364,2,0,3.61800627279,0,-0.0144495422399,-0.0280365653221
-1,-1,-1.8090031364,-1.8090031364,2,1,3.61800627279,1.8090031364,0.0206283347791,-0.0298269881226
-1,-1,-1.8090031364,-1.8090031364,2,2,3.61800627279,3.61800627279,-0.0143866717048,0.0340439087112
-1,-1,-1.8090031364,-1.8090031364,2,3,3.61800627279,5.42700940919,-0.0405812595272,-0.00379227110528
-1,-1,-1.8090031364,-1.8090031364,2,4,3.61800627279,7.23601254558,0.0118588479759,0.0199835665628
-1,-1,-1.8090031364,-1.8090031364,3,-4,5.42700940919,-7.23601254558,0.00424542470644,-0.00252638883961
-1,-1,-1.8090031364,-1.8090031364,3,-3,5.42700940919,-5.42700940919,0.00209659859025,-0.0132812307085
-1,-1,-1.8090031364,-1.8090031364,3,-2,5.42700940919,-3.61800627279,-0.0270185517637,0.0272862948786
-1,-1,-1.8090031364,-1.8090031364,3,-1,5.42700940919,-1.8090031364,-0.000361893999923,0.00758621627231
-1,-1,-1.8090031364,-1.8090031364,3,0,5.42700940919,0,0.00406911624848,-0.0300338671117
-1,-1,-1.8090031364,-1.8090031364,3,1,5.42700940919,1.8090031364,-0.0349230218204,0.017711948145
-1,-1,-1.8090031364,-1.8090031364,3,2,5.42700940919,3.61800627279,-0.000962196299703,0.0105097991939
-1,-1,-1.8090031364,-1.8090031364,3,3,5.42700940919,5.42700940919,-0.0105088956765,0.0152494181254
-1,-1,-1.8090031364,-1.8090031364,3,4,5.42700940919,7.23601254558,0.0059350882473,-0.00746528681292
-1,-1,-1.8090031364,-1.8090031364,4,-4,7.23601254558,-7.23601254558,0.0194197623143,0.00444832421856
-1,-1,-1.8090031364,-1.8090031364,4,-3,7.23601254558,-5.42700940919,-0.00480447996159,-0.0209862025289
-1,-1,-1.8090031364,-1.8090031364,4,-2,7.23601254558,-3.61800627279,0.00644001165667,0.00757883258189
-1,-1,-1.8090031364,-1.8090031364,4,-1,7.23601254558,-1.8090031364,-0.0281365884798,0.00357484382163
-1,-1,-1.8090031364,-1.8090031364,4,0,7.23601254558,0,0.0165778624066,0.0164722137172
-1,-1,-1.8090031364,-1.8090031364,4,1,7.23601254558,1.8090031364,0.00990885882571,0.00446654870519
-1,-1,-1.8090031364,-1.8090031364,4,2,7.23601254558,3.61800627279,0.0183952374699,-0.0237848615276
-1,-1,-1.8090031364,-1.8090031364,4,3,7.23601254558,5.42700940919,-0.0126690707985,0.0128968136531
-1,-1,-1.8090031364,-1.8090031364,4,4,7.23601254558,7.23601254558,-0.0256358503585,-0.00873107986064
-1,0,-1.8090031364,0,-4,-4,-7.23601254558,-7.23601254558,-0.0411968427409,0.00120673845186
-1,0,-1.8090031364,0,-4,-3,-7.23601254558,-5.42700940919,-0.00272614644058,-0.0183377117644
-1,0,-1.8090031364,0,-4,-2,-7.23601254558,-3.61800627279,0.0153049510569,0.00320273159186
-1,0,-1.8090031364,0,-4,-1,-7.23601254558,-1.8090031364,-0.0209957991273,0.0217059986037
-1,0,-1.8090031364,0,-4,0,-7.23601254558,0,0.0126168171788,-0.0148521242182
-1,0,-1.8090031364,0,-4,1,-7.23601254558,1.8090031364,-0.00877867163884,0.0282391293656
-1,0,-1.8090031364,0,-4,2,-7.23601254558,3.61800627279,0.00135881393762,0.0209304968501
-1,0,-1.8090031364,0,-4,3,-7.23601254558,5.42700940919,-0.0384597729221,0.00483062823785
-1,0,-1.8090031364,0,-4,4,-7.23601254558,7.23601254558,0.00341214823271,0.000921934860517
-1,0,-1.8090031364,0,-3,-4,-5.42700940919,-7.23601254558,0.025928874376,0.0051194757012
-1,0,-1.8090031364,0,-3,-3,-5.42700940919,-5.42700940919,-0.0196484870277,-0.0209061833212
-1,0,-1.8090031364,0,-3,-2,-5.42700940919,-3.61800627279,-0.0103189857003,0.000629168844875
-1,0,-1.8090031364,0,-3,-1,-5.42700940919,-1.8090031364,-0.00863184130439,0.0135426404357
-1,0,-1.8090031364,0,-3,0,-5.42700940919,0,-0.0336644493775,-0.0302401812379
-1,0,-1.8090031364,0,-3,1,-5.42700940919,1.8090031364,-0.0187340583512,-0.00079890984547
-1,0,-1.8090031364,0,-3,2,-5.42700940919,3.61800627279,-0.0101743176597,0.0117961415924
-1,0,-1.8090031364,0,-3,3,-5.42700940919,5.42700940919,-0.00141983835365,-0.00823258553238
-1,0,-1.8090031364,0,-3,4,-5.42700940919,7.23601254558,0.00578818854444,-0.00263020126764
-1,0,-1.8090031364,0,-2,-4,-3.61800627279,-7.23601254558,0.000565301157818,0.0093576027644
-1,0,-1.8090031364,0,-2,-3,-3.61800627279,-5.42700940919,-0.0272680901417,0.0114388573459
-1,0,-1.8090031364,0,-2,-2,-3.61800627279,-3.61800627279,-0.00677384145811,0.0331248910626
-1,0,-1.8090031364,0,-2,-1,-3.61800627279,-1.8090031364,-0.0337884481975,-0.0249733973185
-1,0,-1.8090031364,0,-2,0,-3.61800627279,0,0.00197655507086,0.00479494930632
-1,0,-1.8090031364,0,-2,1,-3.61800627279,1.8090031364,-0.029734065758,0.00168108611578
-1,0,-1.8090031364,0,-2,2,-3.61800627279,3.61800627279,-8.42137516776e-06,0.00980144118059
-1,0,-1.8090031364,0,-2,3,-3.61800627279,5.42700940919,0.00105271902165,0.00369415842209
-1,0,-1.8090031364,0,-2,4,-3.61800627279,7.23601254558,-0.00445912402191,0.0213512445978
-1,0,-1.8090031364,0,-1,-4,-1.8090031364,-7.23601254558,0.0302568585729,0.00960670774102
-1,0,-1.8090031364,0,-1,-3,-1.8090031364,-5.42700940919,-0.0020821364543,0.0189611013935
-1,0,-1.8090031364,0,-1,-2,-1.8090031364,-3.61800627279,-0.01053269116,0.0493993509167
-1,0,-1.8090031364,0,-1,-1,-1.8090031364,-1.8090031364,0.0129241742974,0.0136737225298
-1,0,-1.8090031364,0,-1,0,-1.8090031364,0,0.536444405684,0
-1,0,-1.8090031364,0,-1,1,-1.8090031364,1.8090031364,0.0124471355413,-0.0148808480736
-1,0,-1.8090031364,0,-1,2,-1.8090031364,3.61800627279,-0.0114819086823,-0.0341071897563
-1,0,-1.8090031364,0,-1,3,-1.8090031364,5.42700940919,1.87495671618e-05,-0.0158391966532
-1,0,-1.8090031364,0,-1,4,-1.8090031364,7.23601254558,0.0380279340546,-0.00715976331745
-1,0,-1.8090031364,0,0,-4,0,-7.23601254558,-0.00804517511554,-0.0201609628468
-1,0,-1.8090031364,0,0,-3,0,-5.42700940919,0.00472796502439,0.00368481564487
-1,0,-1.8090031364,0,0,-2,0,-3.61800627279,0.00185447643541,-0.0107078180219
-1,0,-1.8090031364,0,0,-1,0,-1.8090031364,-0.0419140815176,-0.00203202152907
-1,0,-1.8090031364,0,0,0,0,0,0.0144838790321,-0.0142328369703
-1,0,-1.8090031364,0,0,1,0,1.8090031364,-0.0465688647477,0.0363860246979
-1,0,-1.8090031364,0,0,2,0,3.61800627279,-0.00200974540788,-0.0308848866519
-1,0,-1.8090031364,0,0,3,0,5.42700940919,-0.0322629188812,-0.011572112236
-1,0,-1.8090031364,0,0,4,0,7.23601254558,0.00278555808098,-0.00479204335764
-1,0,-1.8090031364,0,1,-4,1.8090031364,-7.23601254558,0.0101270627527,0.00799162294876
-1,0,-1.8090031364,0,1,-3,1.8090031364,-5.42700940919,0.0047008790066,0.0157304422543
-1,0,-1.8090031364,0,1,-2,1.8090031364,-3.61800627279,-0.00876412874833,-0.00324077043123
-1,0,-1.8090031364,0,1,-1,1.8090031364,-1.8090031364,-0.0249190475077,-2.99574332865e-05
-1,0,-1.8090031364,0,1,0,1.8090031364,0,-0.0469132333721,0.0484371477232
-1,0,-1.8090031364,0,1,1,1.8090031364,1.8090031364,-0.0147492111708,-0.0108658135195
-1,0,-1.8090031364,0,1,2,1.8090031364,3.61800627279,-0.00735476104071,0.00162513378869
-1,0,-1.8090031364,0,1,3,1.8090031364,5.42700940919,-0.0295742970787,0.0162707443761
-1,0,-1.8090031364,0,1,4,1.8090031364,7.23601254558,0.0387076648269,-0.0121742752196
-1,0,-1.8090031364,0,2,-4,3.61800627279,-7.23601254558,0.0171625960066,0.0033173810614
-1,0,-1.8090031364,0,2,-3,3.61800627279,-5.42700940919,-0.040764146326,-0.00824991164064
-1,0,-1.8090031364,0,2,-2,3.61800627279,-3.61800627279,0.00540965168234,-0.0357170767231
-1,0,-1.8090031364,0,2,-1,3.61800627279,-1.8090031364,-0.0120803126585,-0.044738020987
-1,0,-1.8090031364,0,2,0,3.61800627279,0,0.0220099904656,0.0172234187273
-1,0,-1.8090031364,0,2,1,3.61800627279,1.8090031364,-0.0229132982493,-0.0262961590138
-1,0,-1.8090031364,0,2,2,3.61800627279,3.61800627279,0.0271766751738,-0.0178270796307
-1,0,-1.8090031364,0,2,3,3.61800627279,5.42700940919,-0.00973933215494,0.0183620345056
-1,0,-1.8090031364,0,2,4,3.61800627279,7.23601254558,-0.0416778037019,-0.00797039897134
-1,0,-1.8090031364,0,3,-4,5.42700940919,-7.23601254558,0.00507222313081,-0.0313443529214
-1,0,-1.8090031364,0,3,-3,5.42700940919,-5.42700940919,0.00998304953158,-0.00507903302234
-1,0,-1.8090031364,0,3,-2,5.42700940919,-3.61800627279,-0.016014579897,-0.0307180411828
-1,0,-1.8090031364,0,3,-1,5.42700940919,-1.8090031364,-0.0340388190085,0.0419356903736
-1,0,-1.8090031364,0,3,0,5.42700940919,0,-0.00197422847451,0.00874208646918
-1,0,-1.8090031364,0,3,1,5.42700940919,1.8090031364,0.00238123338228,-0.0322364645953
-1,0,-1.8090031364,0,3,2,5.42700940919,3.61800627279,-0.0285355697485,0.00895414757943
-1,0,-1.8090031364,0,3,3,5.42700940919,5.42700940919,-0.0101544799588,0.00524477645385
-1,0,-1.8090031364,0,3,4,5.42700940919,7.23601254558,-0.006854840967,0.0290331690703
-1,0,-1.8090031364,0,4,-4,7.23601254558,-7.23601254558,-0.00858447029879,0.0182766826593
-1,0,-1.8090031364,0,4,-3,7.23601254558,-5.42700940919,0.00613853530398,0.00287294930599
-1,0,-1.8090031364,0,4,-2,7.23601254558,-3.61800627279,-0.00166137421458,-0.0232539208049
-1,0,-1.8090031364,0,4,-1,7.23601254558,-1.8090031364,0.00837434673907,0.0048972840197
-1,0,-1.8090031364,0,4,0,7.23601254558,0,-0.0319263520291,0.00224354076563
-1,0,-1.8090031364,0,4,1,7.23601254558,1.8090031364,0.0182754866661,0.0166442950584
-1,0,-1.8090031364,0,4,2,7.23601254558,3.61800627279,0.00744101026845,0.000743777019588
-1,0,-1.8090031364,0,4,3,7.23601254558,5.42700940919,0.0272481127053,-0.0228130993371
-1,0,-1.8090031364,0,4,4,7.23601254558,7.23601254558,-0.0191997249625,0.0131615762861
-1,1,-1.8090031364,1.8090031364,-4,-4,-7.23601254558,-7.23601254558,0.0137783800068,-0.0218562568831
-1,1,-1.8090031364,1.8090031364,-4,-3,-7.23601254558,-5.42700940919,-0.036234799641,0.0051715717384
-1,1,-1.8090031364,1.8090031364,-4,-2,-7.23601254558,-3.61800627279,-0.0082652354565,-0.0200457658288
-1,1,-1.8090031364,1.8090031364,-4,-1,-7.23601254558,-1.8090031364,0.0108989736277,0.0146690130937
-1,1,-1.8090031364,1.8090031364,-4,0,-7.23601254558,0,-0.00849898656365,0.012941648446
-1,1,-1.8090031364,1.8090031364,-4,1,-7.23601254558,1.8090031364,0.0143688710276,-0.0101276195666
-1,1,-1.8090031364,1.8090031364,-4,2,-7.23601254558,3.61800627279,-0.00629179481312,0.0222067538979
-1,1,-1.8090031364,1.8090031364,-4,3,-7.23601254558,5.42700940919,-0.00586521394745,0.0137747804107
-1,1,-1.8090031364,1.8090031364,-4,4,-7.23601254558,7.23601254558,-0.0281863040929,0.00724590105095
-1,1,-1.8090031364,1.8090031364,-3,-4,-5.42700940919,-7.23601254558,-0.00416644151859,-0.00913146454112
-1,1,-1.8090031364,1.8090031364,-3,-3,-5.42700940919,-5.42700940919,0.0242415813507,0.000586370253581
-1,1,-1.8090031364,1.8090031364,-3,-2,-5.42700940919,-3.61800627279,-0.0206686047715,-0.0167405506451
-1,1,-1.8090031364,1.8090031364,-3,-1,-5.42700940919,-1.8090031364,-0.00647039646517,-0.00257694733961
-1,1,-1.8090031364,1.8090031364,-3,0,-5.42700940919,0,-0.00604797216092,0.00725485728381
-1,1,-1.8090031364,1.8090031364,-3,1,-5.42700940919,1.8090031364,-0.0273997231334,-0.0276953521267
-1,1,-1.8090031364,1.8090031364,-3,2,-5.42700940919,3.61800627279,-0.0219777509272,0.00120968889589
-1,1,-1.8090031364,1.8090031364,-3,3,-5.42700940919,5.42700940919,-0.0107729590782,0.00383045014915
-1,1,-1.8090031364,1.8090031364,-3,4,-5.42700940919,7.23601254558,0.00497655405449,-0.00639537964747
-1,1,-1.8090031364,1.8090031364,-2,-4,-3.61800627279,-7.23601254558,0.00824376554792,-0.0105504745206
-1,1,-1.8090031364,1.8090031364,-2,-3,-3.61800627279,-5.42700940919,-0.00131007095155,0.00103515316579
-1,1,-1.8090031364,1.8090031364,-2,-2,-3.61800627279,-3.61800627279,-0.0340214909697,0.0164066200805
-1,1,-1.8090031364,1.8090031364,-2,-1,-3.61800627279,-1.8090031364,0.00565329811219,0.0322011280408
-1,1,-1.8090031364,1.8090031364,-2,0,-3.61800627279,0,-0.0333519938485,-0.0305318274455
-1,1,-1.8090031364,1.8090031364,-2,1,-3.61800627279,1.8090031364,0.00927432366667,0.0058778255552
-1,1,-1.8090031364,1.8090031364,-2,2,-3.61800627279,3.61800627279,-0.0381032543938,-0.00269342657907
-1,1,-1.8090031364,1.8090031364,-2,3,-3.61800627279,5.42700940919,0.00587223636851,0.0137475085962
-1,1,-1.8090031364,1.8090031364,-2,4,-3.61800627279,7.23601254558,0.00609923044557,0.00165695212012
-1,1,-1.8090031364,1.8090031364,-1,-4,-1.8090031364,-7.23601254558,-0.0151991815372,-0.00220763820532
-1,1,-1.8090031364,1.8090031364,-1,-3,-1.8090031364,-5.42700940919,0.0284762516493,0.0146333646683
-1,1,-1.8090031364,1.8090031364,-1,-2,-1.8090031364,-3.61800627279,0.00981020843559,0.0205626757831
-1,1,-1.8090031364,1.8090031364,-1,-1,-1.8090031364,-1.8090031364,-0.0154166573806,0.039565685169
-1,1,-1.8090031364,1.8090031364,-1,0,-1.8090031364,0,0.0124471355413,0.0148808480736
-1,1,-1.8090031364,1.8090031364,-1,1,-1.8090031364,1.8090031364,0.445185012138,0
-1,1,-1.8090031364,1.8090031364,-1,2,-1.8090031364,3.61800627279,0.0148059832313,-0.00104000226426
-1,1,-1.8090031364,1.8090031364,-1,3,-1.8090031364,5.42700940919,0.000102382238365,-0.0308639526307
-1,1,-1.8090031364,1.8090031364,-1,4,-1.8090031364,7.23601254558,-0.00233252649456,-0.0115416958316
-1,1,-1.8090031364,1.8090031364,0,-4,0,-7.23601254558,-0.00448074284604,-0.00857050222077
-1,1,-1.8090031364,1.8090031364,0,-3,0,-5.42700940919,-0.00101716824236,-0.0190224242459
-1,1,-1.8090031364,1.8090031364,0,-2,0,-3.61800627279,0.000600070198574,0.0049815439824
-1,1,-1.8090031364,1.8090031364,0,-1,0,-1.8090031364,-0.00480946629536,-0.0130653691122
-1,1,-1.8090031364,1.8090031364,0,0,0,0,-0.0461233536008,-0.00328143369748
-1,1,-1.8090031364,1.8090031364,0,1,0,1.8090031364,0.00734236160171,-0.00789628997129
-1,1,-1.8090031364,1.8090031364,0,2,0,3.61800627279,-0.034594219162,0.0260978453816
-1,1,-1.8090031364,1.8090031364,0,3,0,5.42700940919,-0.010844940999,-0.0192907559935
-1,1,-1.8090031364,1.8090031364,0,4,0,7.23601254558,-0.018652483722,-0.0063426174519
-1,1,-1.8090031364,1.8090031364,1,-4,1.8090031364,-7.23601254558,-0.00288994088273,-0.0087692109667
-1,1,-1.8090031364,1.8090031364,1,-3,1.8090031364,-5.42700940919,0.0134711604969,0.0159390960269
-1,1,-1.8090031364,1.8090031364,1,-2,1.8090031364,-3.61800627279,-0.00618746183759,0.0249441602195
-1,1,-1.8090031364,1.8090031364,1,-1,1.8090031364,-1.8090031364,-0.00980708800467,-0.0061470652398
-1,1,-1.8090031364,1.8090031364,1,0,1.8090031364,0,-0.0249190475077,-2.99574332865e-05
-1,1,-1.8090031364,1.8090031364,1,1,1.8090031364,1.8090031364,-0.0396876229962,0.0485615459271
-1,1,-1.8090031364,1.8090031364,1,2,1.8090031364,3.61800627279,-0.00867252472453,-0.0104098025057
-1,1,-1.8090031364,1.8090031364,1,3,1.8090031364,5.42700940919,-0.000535304174933,-0.000471294748276
-1,1,-1.8090031364,1.8090031364,1,4,1.8090031364,7.23601254558,-0.022735676954,0.0109985303421
-1,1,-1.8090031364,1.8090031364,2,-4,3.61800627279,-7.23601254558,-0.0237057014322,-0.0098357152884
-1,1,-1.8090031364,1.8090031364,2,-3,3.61800627279,-5.42700940919,0.0117745513073,-0.00123541804375
-1,1,-1.8090031364,1.8090031364,2,-2,3.61800627279,-3.61800627279,-0.046824086598,0.000476614601657
-1,1,-1.8090031364,1.8090031364,2,-1,3.61800627279,-1.8090031364,0.0163679603813,-0.0372951546497
-1,1,-1.8090031364,1.8090031364,2,0,3.61800627279,0,-0.00460752837495,-0.0409878956468
-1,1,-1.8090031364,1.8090031364,2,1,3.61800627279,1.8090031364,0.0240007657041,0.00622056963746
-1,1,-1.8090031364,1.8090031364,2,2,3.61800627279,3.61800627279,-0.0230999124414,-0.024696607901
-1,1,-1.8090031364,1.8090031364,2,3,3.61800627279,5.42700940919,0.0187256136257,-0.00471679265934
-1,1,-1.8090031364,1.8090031364,2,4,3.61800627279,7.23601254558,-0.00389799880088,0.00983948347248
-1,1,-1.8090031364,1.8090031364,3,-4,5.42700940919,-7.23601254558,-0.00902896994462,-0.00519472734522
-1,1,-1.8090031364,1.8090031364,3,-3,5.42700940919,-5.42700940919,0.0017405868593,-0.0225054946728
-1,1,-1.8090031364,1.8090031364,3,-2,5.42700940919,-3.61800627279,0.0192957809387,-0.00375252936127
-1,1,-1.8090031364,1.8090031364,3,-1,5.42700940919,-1.8090031364,-0.0194331593615,-0.036143965419
-1,1,-1.8090031364,1.8090031364,3,0,5.42700940919,0,-0.0263618562975,0.0432172068162
-1,1,-1.8090031364,1.8090031364,3,1,5.42700940919,1.8090031364,-0.010814415958,0.00429027250461
-1,1,-1.8090031364,1.8090031364,3,2,5.42700940919,3.61800627279,0.00652895430532,-0.0119198047892
-1,1,-1.8090031364,1.8090031364,3,3,5.42700940919,5.42700940919,-0.0214921102756,-0.00215162473733
-1,1,-1.8090031364,1.8090031364,3,4,5.42700940919,7.23601254558,-0.0110962941078,0.00369867361309
-1,1,-1.8090031364,1.8090031364,4,-4,7.23601254558,-7.23601254558,9.52882319587e-05,-0.0265510487112
-1,1,-1.8090031364,1.8090031364,4,-3,7.23601254558,-5.42700940919,-0.00247305423273,0.0169464292198
-1,1,-1.8090031364,1.8090031364,4,-2,7.23601254558,-3.61800627279,-0.00139803171534,0.00608307008449
-1,1,-1.8090031364,1.8090031364,4,-1,7.23601254558,-1.8090031364,0.00422563456624,-0.0191308601712
-1,1,-1.8090031364,1.8090031364,4,0,7.23601254558,0,0.00663469361021,0.00405763802354
-1,1,-1.8090031364,1.8090031364,4,1,7.23601254558,1.8090031364,-0.0255461615968,0.0011816695305
-1,1,-1.8090031364,1.8090031364,4,2,7.23601254558,3.61800627279,0.00860830661523,0.010310964781
-1,1,-1.8090031364,1.8090031364,4,3,7.23601254558,5.42700940919,0.00400752939572,-0.00132457698419
-1,1,-1.8090031364,1.8090031364,4,4,7.23601254558,7.23601254558,0.0275582374569,-0.0217539353668
-1,2,-1.8090031364,3.61800627279,-4,-4,-7.23601254558,-7.23601254558,0.0100861159048,0.0121817373387
-1,2,-1.8090031364,3.61800627279,-4,-3,-7.23601254558,-5.42700940919,0.00701368485006,-0.00507591462385
-1,2,-1.8090031364,3.61800627279,-4,-2,-7.23601254558,-3.61800627279,-0.0213893550194,0.00391083643988
-1,2,-1.8090031364,3.61800627279,-4,-1,-7.23601254558,-1.8090031364,-0.00425657435005,-0.0163478561939
-1,2,-1.8090031364,3.61800627279,-4,0,-7.23601254558,0,0.0081558243804,0.0107532435622
-1,2,-1.8090031364,3.61800627279,-4,1,-7.23601254558,1.8090031364,-0.00698216187808,0.00843883121321
-1,2,-1.8090031364,3.61800627279,-4,2,-7.23601254558,3.61800627279,0.010246141669,-0.00193727996512
-1,2,-1.8090031364,3.61800627279,-4,3,-7.23601254558,5.42700940919,0.00095442720542,0.0122041613304
-1,2,-1.8090031364,3.61800627279,-4,4,-7.23601254558,7.23601254558,-0.00225659132076,0.00696839515007
-1,2,-1.8090031364,3.61800627279,-3,-4,-5.42700940919,-7.23601254558,7.16306655681e-05,-0.00861661945734
-1,2,-1.8090031364,3.61800627279,-3,-3,-5.42700940919,-5.42700940919,-0.00100268290921,-0.00341442549881
-1,2,-1.8090031364,3.61800627279,-3,-2,-5.42700940919,-3.61800627279,0.0219139775155,0.000863092497701
-1,2,-1.8090031364,3.61800627279,-3,-1,-5.42700940919,-1.8090031364,-0.01740921404,-0.00898481606492
-1,2,-1.8090031364,3.61800627279,-3,0,-5.42700940919,0,-0.0013262464585,-0.00330347628127
-1,2,-1.8090031364,3.61800627279,-3,1,-5.42700940919,1.8090031364,-0.00238478369893,0.0071036835955
-1,2,-1.8090031364,3.61800627279,-3,2,-5.42700940919,3.61800627279,-0.0177133998093,-0.0154679107343
-1,2,-1.8090031364,3.61800627279,-3,3,-5.42700940919,5.42700940919,-0.0108168153145,0.0018214392045
-1,2,-1.8090031364,3.61800627279,-3,4,-5.42700940919,7.23601254558,-0.00447017337238,-0.00289581976335
-1,2,-1.8090031364,3.61800627279,-2,-4,-3.61800627279,-7.23601254558,-0.00977285230696,0.00776977796077
-1,2,-1.8090031364,3.61800627279,-2,-3,-3.61800627279,-5.42700940919,0.0099576133203,-0.00766098903262
-1,2,-1.8090031364,3.61800627279,-2,-2,-3.61800627279,-3.61800627279,-0.00222570871151,-2.91790453919e-05
-1,2,-1.8090031364,3.61800627279,-2,-1,-3.61800627279,-1.8090031364,-0.0352462634769,0.0144146695913
-1,2,-1.8090031364,3.61800627279,-2,0,-3.61800627279,0,-0.00246374374001,0.0199482659398
-1,2,-1.8090031364,3.61800627279,-2,1,-3.61800627279,1.8090031364,-0.0224254970616,-0.0226698727272
-1,2,-1.8090031364,3.61800627279,-2,2,-3.61800627279,3.61800627279,0.00872336368636,0.00242868867274
-1,2,-1.8090031364,3.61800627279,-2,3,-3.61800627279,5.42700940919,-0.0245782059016,-0.00860836280931
-1,2,-1.8090031364,3.61800627279,-2,4,-3.61800627279,7.23601254558,0.00564448747883,0.00499864878303
-1,2,-1.8090031364,3.61800627279,-1,-4,-1.8090031364,-7.23601254558,-0.0085598457937,0.0238941917254
-1,2,-1.8090031364,3.61800627279,-1,-3,-1.8090031364,-5.42700940919,-0.0185525720379,-0.0109380823449
-1,2,-1.8090031364,3.61800627279,-1,-2,-1.8090031364,-3.61800627279,0.0270035645054,0.0199853146236
-1,2,-1.8090031364,3.61800627279,-1,-1,-1.8090031364,-1.8090031364,0.00883593401686,0.0202463376426
-1,2,-1.8090031364,3.61800627279,-1,0,-1.8090031364,0,-0.0114819086823,0.0341071897563
-1,2,-1.8090031364,3.61800627279,-1,1,-1.8090031364,1.8090031364,0.0148059832313,0.00104000226426
-1,2,-1.8090031364,3.61800627279,-1,2,-1.8090031364,3.61800627279,0.265236770106,0
-1,2,-1.8090031364,3.61800627279,-1,3,-1.8090031364,5.42700940919,0.00964732722313,0.0046396810627
-1,2,-1.8090031364,3.61800627279,-1,4,-1.8090031364,7.23601254558,0.000782217961333,-0.0177621453671
-1,2,-1.8090031364,3.61800627279,0,-4,0,-7.23601254558,0.0071093837039,-0.000767946116293
-1,2,-1.8090031364,3.61800627279,0,-3,0,-5.42700940919,-0.00952842922844,-0.00465217853622
-1,2,-1.8090031364,3.61800627279,0,-2,0,-3.61800627279,0.00763129505002,-0.0221533677079
-1,2,-1.8090031364,3.61800627279,0,-1,0,-1.8090031364,0.000420603424137,0.00293430746166
-1,2,-1.8090031364,3.61800627279,0,0,0,0,0.00647883099602,-0.0178914862173
-1,2,-1.8090031364,3.61800627279,0,1,0,1.8090031364,-0.0438393756111,0.00617942633905
-1,2,-1.8090031364,3.61800627279,0,2,0,3.61800627279,0.00832744828089,-0.00568370378305
-1,2,-1.8090031364,3.61800627279,0,3,0,5.42700940919,-0.0198668072116,0.0151654224119
-1,2,-1.8090031364,3.61800627279,0,4,0,7.23601254558,-0.00795050527047,-0.0063080555599
-1,2,-1.8090031364,3.61800627279,1,-4,1.8090031364,-7.23601254558,0.0147493284556,-0.00107827832731
-1,2,-1.8090031364,3.61800627279,1,-3,1.8090031364,-5.42700940919,-0.00202850968593,-0.00918446032973
-1,2,-1.8090031364,3.61800627279,1,-2,1.8090031364,-3.61800627279,0.0113710373316,0.0223945274372
-1,2,-1.8090031364,3.61800627279,1,-1,1.8090031364,-1.8090031364,-0.00618746183759,0.0249441602195
-1,2,-1.8090031364,3.61800627279,1,0,1.8090031364,0,-0.00876412874833,-0.00324077043123
-1,2,-1.8090031364,3.61800627279,1,1,1.8090031364,1.8090031364,-0.0209829688533,-0.00146295624036
-1,2,-1.8090031364,3.61800627279,1,2,1.8090031364,3.61800627279,-0.0270556857494,0.0322071079208
-1,2,-1.8090031364,3.61800627279,1,3,1.8090031364,5.42700940919,-0.0057863558749,-0.0037412413204
-1,2,-1.8090031364,3.61800627279,1,4,1.8090031364,7.23601254558,0.00209466714811,-0.000915758143775
-1,2,-1.8090031364,3.61800627279,2,-4,3.61800627279,-7.23601254558,0.00137357309357,-0.00953572407024
-1,2,-1.8090031364,3.61800627279,2,-3,3.61800627279,-5.42700940919,-0.0127620523156,-0.00258893225965
-1,2,-1.8090031364,3.61800627279,2,-2,3.61800627279,-3.61800627279,0.0109899918823,0.0011192458905
-1,2,-1.8090031364,3.61800627279,2,-1,3.61800627279,-1.8090031364,-0.0421780660177,-0.000500076538993
-1,2,-1.8090031364,3.61800627279,2,0,3.61800627279,0,0.00902633791649,-0.0378611430864
-1,2,-1.8090031364,3.61800627279,2,1,3.61800627279,1.8090031364,0.000618605348048,-0.0229778854911
-1,2,-1.8090031364,3.61800627279,2,2,3.61800627279,3.61800627279,0.0137952458482,0.000353660978854
-1,2,-1.8090031364,3.61800627279,2,3,3.61800627279,5.42700940919,-0.017558549622,-0.0184395388832
-1,2,-1.8090031364,3.61800627279,2,4,3.61800627279,7.23601254558,0.0119035553653,-0.0037804962232
-1,2,-1.8090031364,3.61800627279,3,-4,5.42700940919,-7.23601254558,-0.000663115055642,0.00590570986721
-1,2,-1.8090031364,3.61800627279,3,-3,5.42700940919,-5.42700940919,-0.0132153674364,-0.00303753610239
-1,2,-1.8090031364,3.61800627279,3,-2,5.42700940919,-3.61800627279,0.00256198208267,-0.00962545193674
-1,2,-1.8090031364,3.61800627279,3,-1,5.42700940919,-1.8090031364,0.0145844788071,-0.00276439853794
-1,2,-1.8090031364,3.61800627279,3,0,5.42700940919,0,-0.00660978451501,-0.0277958851035
-1,2,-1.8090031364,3.61800627279,3,1,5.42700940919,1.8090031364,-0.0186662728094,0.0191898427256
-1,2,-1.8090031364,3.61800627279,3,2,5.42700940919,3.61800627279,-0.0114854942376,0.00639476356865
-1,2,-1.8090031364,3.61800627279,3,3,5.42700940919,5.42700940919,0.00555277408495,-0.000968895109753
-1,2,-1.8090031364,3.61800627279,3,4,5.42700940919,7.23601254558,-0.0116114284274,-0.00448105408281
-1,2,-1.8090031364,3.61800627279,4,-4,7.23601254558,-7.23601254558,0.00137812434749,0.00183889156152
-1,2,-1.8090031364,3.61800627279,4,-3,7.23601254558,-5.42700940919,0.00386446141489,-0.0076424484044
-1,2,-1.8090031364,3.61800627279,4,-2,7.23601254558,-3.61800627279,-0.000358810825174,0.0120093214916
-1,2,-1.8090031364,3.61800627279,4,-1,7.23601254558,-1.8090031364,0.000248389900862,0.00236702461101
-1,2,-1.8090031364,3.61800627279,4,0,7.23601254558,0,-0.00050411277024,-0.0141042922366
-1,2,-1.8090031364,3.61800627279,4,1,7.23601254558,1.8090031364,0.000513109929327,0.00387151177447
-1,2,-1.8090031364,3.61800627279,4,2,7.23601254558,3.61800627279,-0.00839427226147,0.00818254023895
-1,2,-1.8090031364,3.61800627279,4,3,7.23601254558,5.42700940919,0.00274688516153,0.00373232154603
-1,2,-1.8090031364,3.61800627279,4,4,7.23601254558,7.23601254558,0.00476014418379,0.00107328035799
-1,3,-1.8090031364,5.42700940919,-4,-4,-7.23601254558,-7.23601254558,0.00512288350167,0.00516997907813
-1,3,-1.8090031364,5.42700940919,-4,-3,-7.23601254558,-5.42700940919,0.000221202757785,-0.00134320527078
-1,3,-1.8090031364,5.42700940919,-4,-2,-7.23601254558,-3.61800627279,-0.00123721575762,0.00471166834224
-1,3,-1.8090031364,5.42700940919,-4,-1,-7.23601254558,-1.8090031364,-0.0108651817795,0.000259961495668
-1,3,-1.8090031364,5.42700940919,-4,0,-7.23601254558,0,-0.00448837791136,-0.00159370661792
-1,3,-1.8090031364,5.42700940919,-4,1,-7.23601254558,1.8090031364,0.00276231105415,0.00213306493835
-1,3,-1.8090031364,5.42700940919,-4,2,-7.23601254558,3.61800627279,-0.00677039285022,0.00963245224879
-1,3,-1.8090031364,5.42700940919,-4,3,-7.23601254558,5.42700940919,0.00599703503074,-0.000344456636111
-1,3,-1.8090031364,5.42700940919,-4,4,-7.23601254558,7.23601254558,0.00311528197774,0.00256538986837
-1,3,-1.8090031364,5.42700940919,-3,-4,-5.42700940919,-7.23601254558,-0.00358186006981,0.00435243869678
-1,3,-1.8090031364,5.42700940919,-3,-3,-5.42700940919,-5.42700940919,0.0018944822048,-0.00435268196972
-1,3,-1.8090031364,5.42700940919,-3,-2,-5.42700940919,-3.61800627279,4.23861978053e-05,-0.00415671712023
-1,3,-1.8090031364,5.42700940919,-3,-1,-5.42700940919,-1.8090031364,0.0138615422436,0.00105920017012
-1,3,-1.8090031364,5.42700940919,-3,0,-5.42700940919,0,-0.00964648183362,-0.00491317344156
-1,3,-1.8090031364,5.42700940919,-3,1,-5.42700940919,1.8090031364,-0.000198504351982,-0.000119907154615
-1,3,-1.8090031364,5.42700940919,-3,2,-5.42700940919,3.61800627279,-0.00118520501046,0.00442517933425
-1,3,-1.8090031364,5.42700940919,-3,3,-5.42700940919,5.42700940919,-0.00674081871458,-0.0049105493645
-1,3,-1.8090031364,5.42700940919,-3,4,-5.42700940919,7.23601254558,-0.00420028154096,0.000615258505544
-1,3,-1.8090031364,5.42700940919,-2,-4,-3.61800627279,-7.23601254558,0.00678699893681,-0.00404291363664
-1,3,-1.8090031364,5.42700940919,-2,-3,-3.61800627279,-5.42700940919,-0.011422858863,0.00769636691856
-1,3,-1.8090031364,5.42700940919,-2,-2,-3.61800627279,-3.61800627279,0.00921957793979,-0.00535678814019
-1,3,-1.8090031364,5.42700940919,-2,-1,-3.61800627279,-1.8090031364,-0.00328247971006,0.00203606798132
-1,3,-1.8090031364,5.42700940919,-2,0,-3.61800627279,0,-0.0189795822296,0.00955562524148
-1,3,-1.8090031364,5.42700940919,-2,1,-3.61800627279,1.8090031364,-0.00831389769355,0.0125315222891
-1,3,-1.8090031364,5.42700940919,-2,2,-3.61800627279,3.61800627279,-0.0116173232368,-0.00915129674168
-1,3,-1.8090031364,5.42700940919,-2,3,-3.61800627279,5.42700940919,0.000127137556792,0.00156123978086
-1,3,-1.8090031364,5.42700940919,-2,4,-3.61800627279,7.23601254558,-0.00707722500275,-0.0053447572327
-1,3,-1.8090031364,5.42700940919,-1,-4,-1.8090031364,-7.23601254558,0.00166228258512,0.00444515136771
-1,3,-1.8090031364,5.42700940919,-1,-3,-1.8090031364,-5.42700940919,-0.00212568013313,0.016994339986
-1,3,-1.8090031364,5.42700940919,-1,-2,-1.8090031364,-3.61800627279,-0.0144321723441,-0.00890024635902
-1,3,-1.8090031364,5.42700940919,-1,-1,-1.8090031364,-1.8090031364,0.0325030018544,0.020005156453
-1,3,-1.8090031364,5.42700940919,-1,0,-1.8090031364,0,1.87495671618e-05,0.0158391966532
-1,3,-1.8090031364,5.42700940919,-1,1,-1.8090031364,1.8090031364,0.000102382238365,0.0308639526307
-1,3,-1.8090031364,5.42700940919,-1,2,-1.8090031364,3.61800627279,0.00964732722313,-0.0046396810627
-1,3,-1.8090031364,5.42700940919,-1,3,-1.8090031364,5.42700940919,0.10985641161,0
-1,3,-1.8090031364,5.42700940919,-1,4,-1.8090031364,7.23601254558,0.0036084721737,0.00163735176143
-1,3,-1.8090031364,5.42700940919,0,-4,0,-7.23601254558,-0.00753514711097,-0.00697060692021
-1,3,-1.8090031364,5.42700940919,0,-3,0,-5.42700940919,0.00169371220349,-0.00299171691172
-1,3,-1.8090031364,5.42700940919,0,-2,0,-3.61800627279,-0.00833592198202,-0.00154421501993
-1,3,-1.8090031364,5.42700940919,0,-1,0,-1.8090031364,0.00266241312278,-0.0214553823624
-1,3,-1.8090031364,5.42700940919,0,0,0,0,0.0085115508056,0.00306834441205
-1,3,-1.8090031364,5.42700940919,0,1,0,1.8090031364,0.00684680626925,-0.0152941719425
-1,3,-1.8090031364,5.42700940919,0,2,0,3.61800627279,-0.0322480434343,0.00455214427211
-1,3,-1.8090031364,5.42700940919,0,3,0,5.42700940919,0.00385653733789,-0.00167664775766
-1,3,-1.8090031364,5.42700940919,0,4,0,7.23601254558,-0.00950914031815,0.00461840057898
-1,3,-1.8090031364,5.42700940919,1,-4,1.8090031364,-7.23601254558,0.00497053411455,0.00501034410305
-1,3,-1.8090031364,5.42700940919,1,-3,1.8090031364,-5.42700940919,0.00687684260371,0.00462270188703
-1,3,-1.8090031364,5.42700940919,1,-2,1.8090031364,-3.61800627279,-0.00202850968593,-0.00918446032973
-1,3,-1.8090031364,5.42700940919,1,-1,1.8090031364,-1.8090031364,0.0134711604969,0.0159390960269
-1,3,-1.8090031364,5.42700940919,1,0,1.8090031364,0,0.0047008790066,0.0157304422543
-1,3,-1.8090031364,5.42700940919,1,1,1.8090031364,1.8090031364,-0.0131750721334,0.000680279156763
-1,3,-1.8090031364,5.42700940919,1,2,1.8090031364,3.61800627279,-0.0175997067575,-0.00378024961254
-1,3,-1.8090031364,5.42700940919,1,3,1.8090031364,5.42700940919,-0.0129290539105,0.0145685522439
-1,3,-1.8090031364,5.42700940919,1,4,1.8090031364,7.23601254558,0.000700045651196,-3.32876027797e-05
-1,3,-1.8090031364,5.42700940919,2,-4,3.61800627279,-7.23601254558,0.00150131674541,-0.0126950761129
-1,3,-1.8090031364,5.42700940919,2,-3,3.61800627279,-5.42700940919,-0.00415250183399,-0.00563981329154
-1,3,-1.8090031364,5.42700940919,2,-2,3.61800627279,-3.61800627279,-0.0115275044125,-0.00324829961683
-1,3,-1.8090031364,5.42700940919,2,-1,3.61800627279,-1.8090031364,0.0106431966993,0.00272029593807
-1,3,-1.8090031364,5.42700940919,2,0,3.61800627279,0,-0.0298371176122,-0.00763874766288
-1,3,-1.8090031364,5.42700940919,2,1,3.61800627279,1.8090031364,0.000138032153591,-0.0237946905991
-1,3,-1.8090031364,5.42700940919,2,2,3.61800627279,3.61800627279,-0.0011719565578,-0.00880404185653
-1,3,-1.8090031364,5.42700940919,2,3,3.61800627279,5.42700940919,0.00734726356944,0.00142029123835
-1,3,-1.8090031364,5.42700940919,2,4,3.61800627279,7.23601254558,-0.00725633002759,-0.00947778593209
-1,3,-1.8090031364,5.42700940919,3,-4,5.42700940919,-7.23601254558,-0.0126310257067,-0.0036742663048
-1,3,-1.8090031364,5.42700940919,3,-3,5.42700940919,-5.42700940919,0.00326906513328,0.00435840830578
-1,3,-1.8090031364,5.42700940919,3,-2,5.42700940919,-3.61800627279,-0.0109053405364,-0.00715760453074
-1,3,-1.8090031364,5.42700940919,3,-1,5.42700940919,-1.8090031364,0.00348157414684,-0.0115264746788
-1,3,-1.8090031364,5.42700940919,3,0,5.42700940919,0,0.000886352802565,-0.000825132874565
-1,3,-1.8090031364,5.42700940919,3,1,5.42700940919,1.8090031364,0.00294933701645,-0.00848558810803
-1,3,-1.8090031364,5.42700940919,3,2,5.42700940919,3.61800627279,-0.0101499741462,0.0027766975823
-1,3,-1.8090031364,5.42700940919,3,3,5.42700940919,5.42700940919,-0.00344171244366,0.00435890120517
-1,3,-1.8090031364,5.42700940919,3,4,5.42700940919,7.23601254558,-0.00493250579984,-0.00394664359666
-1,3,-1.8090031364,5.42700940919,4,-4,7.23601254558,-7.23601254558,0.0064726316857,-0.00188682230575
-1,3,-1.8090031364,5.42700940919,4,-3,7.23601254558,-5.42700940919,0.000413510600099,-7.61548676823e-05
-1,3,-1.8090031364,5.42700940919,4,-2,7.23601254558,-3.61800627279,0.00231166579043,-0.00487941873071
-1,3,-1.8090031364,5.42700940919,4,-1,7.23601254558,-1.8090031364,-0.00148616752811,0.00997966576224
-1,3,-1.8090031364,5.42700940919,4,0,7.23601254558,0,0.00314897124035,0.00719005936998
-1,3,-1.8090031364,5.42700940919,4,1,7.23601254558,1.8090031364,-0.00361475150928,-0.00814029195121
-1,3,-1.8090031364,5.42700940919,4,2,7.23601254558,3.61800627279,-0.000239349628291,0.00433368746449
-1,3,-1.8090031364,5.42700940919,4,3,7.23601254558,5.42700940919,0.00186271658727,0.00236407435139
-1,3,-1.8090031364,5.42700940919,4,4,7.23601254558,7.23601254558,-0.00228383873515,0.00109649187732
-1,4,-1.8090031364,7.23601254558,-4,-4,-7.23601254558,-7.23601254558,0.00183491330855,0.000890061045469
-1,4,-1.8090031364,7.23601254558,-4,-3,-7.23601254558,-5.42700940919,0.00370079050807,-0.0006569021817
-1,4,-1.8090031364,7.23601254558,-4,-2,-7.23601254558,-3.61800627279,-0.00281409077466,-0.00306779621018
-1,4,-1.8090031364,7.23601254558,-4,-1,-7.23601254558,-1.8090031364,-0.00295820456446,0.00161390251011
-1,4,-1.8090031364,7.23601254558,-4,0,-7.23601254558,0,-0.00845287450478,0.00235058159388
-1,4,-1.8090031364,7.23601254558,-4,1,-7.23601254558,1.8090031364,0.000983390585331,0.00401650396183
-1,4,-1.8090031364,7.23601254558,-4,2,-7.23601254558,3.61800627279,0.000844895550746,0.0015267123743
-1,4,-1.8090031364,7.23601254558,-4,3,-7.23601254558,5.42700940919,-0.00549952035747,0.00513678895564
-1,4,-1.8090031364,7.23601254558,-4,4,-7.23601254558,7.23601254558,0.00055795803044,0.000380908107315
-1,4,-1.8090031364,7.23601254558,-3,-4,-5.42700940919,-7.23601254558,0.00190970249157,0.00282961481299
-1,4,-1.8090031364,7.23601254558,-3,-3,-5.42700940919,-5.42700940919,-0.00242393369524,-0.00160111537528
-1,4,-1.8090031364,7.23601254558,-3,-2,-5.42700940919,-3.61800627279,-0.00111012291763,-0.00274751296186
-1,4,-1.8090031364,7.23601254558,-3,-1,-5.42700940919,-1.8090031364,-0.00309140746081,-0.00310917802587
-1,4,-1.8090031364,7.23601254558,-3,0,-5.42700940919,0,0.013150153934,0.00351920631602
-1,4,-1.8090031364,7.23601254558,-3,1,-5.42700940919,1.8090031364,-0.00866261422183,0.0005990940612
-1,4,-1.8090031364,7.23601254558,-3,2,-5.42700940919,3.61800627279,-0.00127470548883,-0.000337080984776
-1,4,-1.8090031364,7.23601254558,-3,3,-5.42700940919,5.42700940919,-0.00176584167873,0.00328121421476
-1,4,-1.8090031364,7.23601254558,-3,4,-5.42700940919,7.23601254558,-0.00312204649543,0.00136114044053
-1,4,-1.8090031364,7.23601254558,-2,-4,-3.61800627279,-7.23601254558,0.00086726481925,-0.00166697564057
-1,4,-1.8090031364,7.23601254558,-2,-3,-3.61800627279,-5.42700940919,0.00299289157734,0.000883050409048
-1,4,-1.8090031364,7.23601254558,-2,-2,-3.61800627279,-3.61800627279,-0.0123078007815,0.00988145880241
-1,4,-1.8090031364,7.23601254558,-2,-1,-3.61800627279,-1.8090031364,0.00895764374909,-0.00622680553348
-1,4,-1.8090031364,7.23601254558,-2,0,-3.61800627279,0,0.00243488514612,0.0032236983248
-1,4,-1.8090031364,7.23601254558,-2,1,-3.61800627279,1.8090031364,-0.0148209543415,0.00590905075217
-1,4,-1.8090031364,7.23601254558,-2,2,-3.61800627279,3.61800627279,-0.00502141912394,0.000202715060012
-1,4,-1.8090031364,7.23601254558,-2,3,-3.61800627279,5.42700940919,-0.00361688550727,-9.8308919078e-06
-1,4,-1.8090031364,7.23601254558,-2,4,-3.61800627279,7.23601254558,-0.000298070022648,0.0021586904843
-1,4,-1.8090031364,7.23601254558,-1,-4,-1.8090031364,-7.23601254558,0.000265489927604,-0.00250373217016
-1,4,-1.8090031364,7.23601254558,-1,-3,-1.8090031364,-5.42700940919,0.000109019439341,0.00784215616445
-1,4,-1.8090031364,7.23601254558,-1,-2,-1.8090031364,-3.61800627279,-0.00897386559924,0.0231364121624
-1,4,-1.8090031364,7.23601254558,-1,-1,-1.8090031364,-1.8090031364,-0.0126441039687,-0.00525640916825
-1,4,-1.8090031364,7.23601254558,-1,0,-1.8090031364,0,0.0380279340546,0.00715976331745
-1,4,-1.8090031364,7.23601254558,-1,1,-1.8090031364,1.8090031364,-0.00233252649456,0.0115416958316
-1,4,-1.8090031364,7.23601254558,-1,2,-1.8090031364,3.61800627279,0.000782217961333,0.0177621453671
-1,4,-1.8090031364,7.23601254558,-1,3,-1.8090031364,5.42700940919,0.0036084721737,-0.00163735176143
-1,4,-1.8090031364,7.23601254558,-1,4,-1.8090031364,7.23601254558,0.0429864125212,0
-1,4,-1.8090031364,7.23601254558,0,-4,0,-7.23601254558,-0.00244877274191,0.00380176082908
-1,4,-1.8090031364,7.23601254558,0,-3,0,-5.42700940919,-0.00953943704079,-0.00856894992428
-1,4,-1.8090031364,7.23601254558,0,-2,0,-3.61800627279,0.0123375828819,-0.00107935506091
-1,4,-1.8090031364,7.23601254558,0,-1,0,-1.8090031364,-0.00532088173273,-0.00745274633317
-1,4,-1.8090031364,7.23601254558,0,0,0,0,-0.00290899420161,-0.0265120521818
-1,4,-1.8090031364,7.23601254558,0,1,0,1.8090031364,0.00766378378808,0.00017607582586
-1,4,-1.8090031364,7.23601254558,0,2,0,3.61800627279,0.00427302682269,-0.00795819545181
-1,4,-1.8090031364,7.23601254558,0,3,0,5.42700940919,-0.0113959685224,0.00636955901949
-1,4,-1.8090031364,7.23601254558,0,4,0,7.23601254558,-0.00249449979411,-0.00394508253401
-1,4,-1.8090031364,7.23601254558,1,-4,1.8090031364,-7.23601254558,-0.00562403569985,-0.000696600213108
-1,4,-1.8090031364,7.23601254558,1,-3,1.8090031364,-5.42700940919,0.00497053411455,0.00501034410305
-1,4,-1.8090031364,7.23601254558,1,-2,1.8090031364,-3.61800627279,0.0147493284556,-0.00107827832731
-1,4,-1.8090031364,7.23601254558,1,-1,1.8090031364,-1.8090031364,-0.00288994088273,-0.0087692109667
-1,4,-1.8090031364,7.23601254558,1,0,1.8090031364,0,0.0101270627527,0.00799162294876
-1,4,-1.8090031364,7.23601254558,1,1,1.8090031364,1.8090031364,0.00333750846803,0.00894321620325
-1,4,-1.8090031364,7.23601254558,1,2,1.8090031364,3.61800627279,-0.00349750289851,-0.000502949638457
-1,4,-1.8090031364,7.23601254558,1,3,1.8090031364,5.42700940919,-0.0113530822148,0.00102728211372
-1,4,-1.8090031364,7.23601254558,1,4,1.8090031364,7.23601254558,-0.00931015116909,0.00170827092158
-1,4,-1.8090031364,7.23601254558,2,-4,3.61800627279,-7.23601254558,0.0114129536388,0.0015133377405
-1,4,-1.8090031364,7.23601254558,2,-3,3.61800627279,-5.42700940919,0.00136838239822,-0.00936153983331
-1,4,-1.8090031364,7.23601254558,2,-2,3.61800627279,-3.61800627279,-0.00259966780053,-0.00796044759771
-1,4,-1.8090031364,7.23601254558,2,-1,3.61800627279,-1.8090031364,-0.0176990156137,-0.0063450879105
-1,4,-1.8090031364,7.23601254558,2,0,3.61800627279,0,0.0113574871969,0.000634930233921
-1,4,-1.8090031364,7.23601254558,2,1,3.61800627279,1.8090031364,-0.0237074539395,-0.00865212923032
-1,4,-1.8090031364,7.23601254558,2,2,3.61800627279,3.61800627279,0.00013049528219,-0.012759139983
-1,4,-1.8090031364,7.23601254558,2,3,3.61800627279,5.42700940919,-0.00309148139945,-0.00955416516822
-1,4,-1.8090031364,7.23601254558,2,4,3.61800627279,7.23601254558,0.00359197096195,0.00085298904674
-1,4,-1.8090031364,7.23601254558,3,-4,5.42700940919,-7.23601254558,-0.00214706700321,-0.00208657986838
-1,4,-1.8090031364,7.23601254558,3,-3,5.42700940919,-5.42700940919,-0.00945761905989,-0.00522659979664
-1,4,-1.8090031364,7.23601254558,3,-2,5.42700940919,-3.61800627279,-0.00521480007395,0.00497049324465
-1,4,-1.8090031364,7.23601254558,3,-1,5.42700940919,-1.8090031364,-0.00887967389611,-0.00264022693924
-1,4,-1.8090031364,7.23601254558,3,0,5.42700940919,0,0.00197001290716,-0.0191176618252
-1,4,-1.8090031364,7.23601254558,3,1,5.42700940919,1.8090031364,-0.00063564222129,0.00225797486742
-1,4,-1.8090031364,7.23601254558,3,2,5.42700940919,3.61800627279,-0.000773065842213,-0.00366963817001
-1,4,-1.8090031364,7.23601254558,3,3,5.42700940919,5.42700940919,-0.00334519820031,0.00144262465822
-1,4,-1.8090031364,7.23601254558,3,4,5.42700940919,7.23601254558,0.00403970575577,0.0027083430643
-1,4,-1.8090031364,7.23601254558,4,-4,7.23601254558,-7.23601254558,0.00515362339505,0.00407022556581
-1,4,-1.8090031364,7.23601254558,4,-3,7.23601254558,-5.42700940919,-0.00203158423169,-0.00282831367745
-1,4,-1.8090031364,7.23601254558,4,-2,7.23601254558,-3.61800627279,-0.000331723191873,0.000300915191079
-1,4,-1.8090031364,7.23601254558,4,-1,7.23601254558,-1.8090031364,0.00027138584586,-0.00646874984247
-1,4,-1.8090031364,7.23601254558,4,0,7.23601254558,0,-0.00207575400787,0.00426405894397
-1,4,-1.8090031364,7.23601254558,4,1,7.23601254558,1.8090031364,0.0057027119146,0.00511992764559
-1,4,-1.8090031364,7.23601254558,4,2,7.23601254558,3.61800627279,-0.00563227509419,-0.004576912154
-1,4,-1.8090031364,7.23601254558,4,3,7.23601254558,5.42700940919,0.001491365007,0.00527906409333
-1,4,-1.8090031364,7.23601254558,4,4,7.23601254558,7.23601254558,0.00115387101755,-0.00476854737889
0,-4,0,-7.23601254558,-4,-4,-7.23601254558,-7.23601254558,0.0065814180095,-0.00327854421988
0,-4,0,-7.23601254558,-4,-3,-7.23601254558,-5.42700940919,-0.00331203256441,0.000514459319663
0,-4,0,-7.23601254558,-4,-2,-7.23601254558,-3.61800627279,-0.00135721026255,0.00286144349439
0,-4,0,-7.23601254558,-4,-1,-7.23601254558,-1.8090031364,-0.000595161487772,-0.00298887293347
0,-4,0,-7.23601254558,-4,0,-7.23601254558,0,0.00280888343788,0.00793583504572
0,-4,0,-7.23601254558,-4,1,-7.23601254558,1.8090031364,-0.00238092176957,0.00100485037383
0,-4,0,-7.23601254558,-4,2,-7.23601254558,3.61800627279,-0.00527760710833,-0.00479422037385
0,-4,0,-7.23601254558,-4,3,-7.23601254558,5.42700940919,-0.00622968628871,0.00268767219002
0,-4,0,-7.23601254558,-4,4,-7.23601254558,7.23601254558,-0.00157281103681,0.000383769022956
0,-4,0,-7.23601254558,-3,-4,-5.42700940919,-7.23601254558,0.00477413100668,-0.00192805362173
0,-4,0,-7.23601254558,-3,-3,-5.42700940919,-5.42700940919,-0.00265009733156,0.0051025115233
0,-4,0,-7.23601254558,-3,-2,-5.42700940919,-3.61800627279,-0.000202005890974,0.00793902298162
0,-4,0,-7.23601254558,-3,-1,-5.42700940919,-1.8090031364,-0.00982554999329,0.00522313513897
0,-4,0,-7.23601254558,-3,0,-5.42700940919,0,0.00922541450493,-0.00284569961048
0,-4,0,-7.23601254558,-3,1,-5.42700940919,1.8090031364,-0.00972648406002,0.00652835745488
0,-4,0,-7.23601254558,-3,2,-5.42700940919,3.61800627279,-0.00320076649646,0.00358716198698
0,-4,0,-7.23601254558,-3,3,-5.42700940919,5.42700940919,0.00152511453858,0.00894002274247
0,-4,0,-7.23601254558,-3,4,-5.42700940919,7.23601254558,0.00899977012674,-0.00273304156468
0,-4,0,-7.23601254558,-2,-4,-3.61800627279,-7.23601254558,-0.0083598512178,-0.00549181681917
0,-4,0,-7.23601254558,-2,-3,-3.61800627279,-5.42700940919,-0.00378591349641,-2.12897421112e-05
0,-4,0,-7.23601254558,-2,-2,-3.61800627279,-3.61800627279,-0.00279215576604,5.40035102967e-05
0,-4,0,-7.23601254558,-2,-1,-3.61800627279,-1.8090031364,0.000462718322951,-0.00825325760385
0,-4,0,-7.23601254558,-2,0,-3.61800627279,0,0.00625327072525,-0.00453799692034
0,-4,0,-7.23601254558,-2,1,-3.61800627279,1.8090031364,-0.00211923645722,0.0071881146618
0,-4,0,-7.23601254558,-2,2,-3.61800627279,3.61800627279,0.00686128449218,0.000454543684293
0,-4,0,-7.23601254558,-2,3,-3.61800627279,5.42700940919,0.00354971658431,-0.0045546729889
0,-4,0,-7.23601254558,-2,4,-3.61800627279,7.23601254558,-0.0083153209797,-0.00126479752837
0,-4,0,-7.23601254558,-1,-4,-1.8090031364,-7.23601254558,-0.000260385972738,0.00239891263749
0,-4,0,-7.23601254558,-1,-3,-1.8090031364,-5.42700940919,-0.00868899712872,-0.00282334228918
0,-4,0,-7.23601254558,-1,-2,-1.8090031364,-3.61800627279,0.00149967486637,0.00861258089227
0,-4,0,-7.23601254558,-1,-1,-1.8090031364,-1.8090031364,0.00609751906361,-0.00283079548193
0,-4,0,-7.23601254558,-1,0,-1.8090031364,0,-0.00804517511554,0.0201609628468
0,-4,0,-7.23601254558,-1,1,-1.8090031364,1.8090031364,-0.00448074284604,0.00857050222077
0,-4,0,-7.23601254558,-1,2,-1.8090031364,3.61800627279,0.0071093837039,0.000767946116293
0,-4,0,-7.23601254558,-1,3,-1.8090031364,5.42700940919,-0.00753514711097,0.00697060692021
0,-4,0,-7.23601254558,-1,4,-1.8090031364,7.23601254558,-0.00244877274191,-0.00380176082908
0,-4,0,-7.23601254558,0,-4,0,-7.23601254558,0.0521818970395,0
0,-4,0,-7.23601254558,0,-3,0,-5.42700940919,0.000891331268474,0.00181191836847
0,-4,0,-7.23601254558,0,-2,0,-3.61800627279,-0.000536525471696,-0.0231511178256
0,-4,0,-7.23601254558,0,-1,0,-1.8090031364,-0.00204705741763,-0.0137364330406
0,-4,0,-7.23601254558,0,0,0,0,0.0456174749587,-0.013715616217
0,-4,0,-7.23601254558,0,1,0,1.8090031364,-0.0158792809741,0.00285202412298
0,-4,0,-7.23601254558,0,2,0,3.61800627279,-0.0106572877188,-0.0252409779876
0,-4,0,-7.23601254558,0,3,0,5.42700940919,0.00212866323601,-0.00560530053219
0,-4,0,-7.23601254558,0,4,0,7.23601254558,0.000626364610727,0.00516806648914
0,-4,0,-7.23601254558,1,-4,1.8090031364,-7.23601254558,-0.00249449979411,-0.00394508253401
0,-4,0,-7.23601254558,1,-3,1.8090031364,-5.42700940919,-0.00950914031815,0.00461840057898
0,-4,0,-7.23601254558,1,-2,1.8090031364,-3.61800627279,-0.00795050527047,-0.0063080555599
0,-4,0,-7.23601254558,1,-1,1.8090031364,-1.8090031364,-0.018652483722,-0.0063426174519
0,-4,0,-7.23601254558,1,0,1.8090031364,0,0.00278555808098,-0.00479204335764
0,-4,0,-7.23601254558,1,1,1.8090031364,1.8090031364,0.0131100220487,0.0109001981951
0,-4,0,-7.23601254558,1,2,1.8090031364,3.61800627279,-0.0144168565417,-0.00891635615171
0,-4,0,-7.23601254558,1,3,1.8090031364,5.42700940919,0.00862163842278,0.00262051577245
0,-4,0,-7.23601254558,1,4,1.8090031364,7.23601254558,-0.002438687936,0.00480136228959
0,-4,0,-7.23601254558,2,-4,3.61800627279,-7.23601254558,-0.00635831108284,0.000296652033839
0,-4,0,-7.23601254558,2,-3,3.61800627279,-5.42700940919,0.00142296303955,-0.00389943519522
0,-4,0,-7.23601254558,2,-2,3.61800627279,-3.61800627279,0.0020147901594,0.000144578551869
0,-4,0,-7.23601254558,2,-1,3.61800627279,-1.8090031364,-0.0150556435877,0.005986447069
0,-4,0,-7.23601254558,2,0,3.61800627279,0,0.0259821874387,-0.00641253252228
0,-4,0,-7.23601254558,2,1,3.61800627279,1.8090031364,-0.00101548415601,0.00604446888812
0,-4,0,-7.23601254558,2,2,3.61800627279,3.61800627279,-0.00162972993454,0.00512138480625
0,-4,0,-7.23601254558,2,3,3.61800627279,5.42700940919,-0.00707368831023,-0.000976308603798
0,-4,0,-7.23601254558,2,4,3.61800627279,7.23601254558,-0.000425938329078,-0.00494060085638
0,-4,0,-7.23601254558,3,-4,5.42700940919,-7.23601254558,0.00304737183049,0.00182866562283
0,-4,0,-7.23601254558,3,-3,5.42700940919,-5.42700940919,-0.00538760546849,-0.00604444143273
0,-4,0,-7.23601254558,3,-2,5.42700940919,-3.61800627279,0.0051305984513,-0.0028307474394
0,-4,0,-7.23601254558,3,-1,5.42700940919,-1.8090031364,-0.00120772026824,-0.000673572969251
0,-4,0,-7.23601254558,3,0,5.42700940919,0,-0.0189337716155,-0.00290407846942
0,-4,0,-7.23601254558,3,1,5.42700940919,1.8090031364,-2.72072919194e-05,0.00438453747733
0,-4,0,-7.23601254558,3,2,5.42700940919,3.61800627279,-0.000836095517583,-0.00128148814904
0,-4,0,-7.23601254558,3,3,5.42700940919,5.42700940919,0.00506295556238,-0.00389248220282
0,-4,0,-7.23601254558,3,4,5.42700940919,7.23601254558,3.33204330547e-05,-0.00452202305416
0,-4,0,-7.23601254558,4,-4,7.23601254558,-7.23601254558,-0.00369039389519,0.000542233265289
0,-4,0,-7.23601254558,4,-3,7.23601254558,-5.42700940919,0.00140235998982,-0.00103037645657
0,-4,0,-7.23601254558,4,-2,7.23601254558,-3.61800627279,-0.00305066038079,-0.00377213489566
0,-4,0,-7.23601254558,4,-1,7.23601254558,-1.8090031364,-0.0061723937077,-0.000641710299727
0,-4,0,-7.23601254558,4,0,7.23601254558,0,-0.00341278249829,0.00815932928942
0,-4,0,-7.23601254558,4,1,7.23601254558,1.8090031364,-0.00260064243194,0.00146326080878
0,-4,0,-7.23601254558,4,2,7.23601254558,3.61800627279,0.00736080327291,-0.00160976483362
0,-4,0,-7.23601254558,4,3,7.23601254558,5.42700940919,0.00296565607693,-0.002371071194
0,-4,0,-7.23601254558,4,4,7.23601254558,7.23601254558,0.002499334919,0.00442189425715
0,-3,0,-5.42700940919,-4,-4,-7.23601254558,-7.23601254558,-0.00132316158626,0.00187716586537
0,-3,0,-5.42700940919,-4,-3,-7.23601254558,-5.42700940919,-0.000699754873242,-0.00378109109943
0,-3,0,-5.42700940919,-4,-2,-7.23601254558,-3.61800627279,-0.00997571087741,-0.00345827993567
0,-3,0,-5.42700940919,-4,-1,-7.23601254558,-1.8090031364,0.00355322122136,0.00859094647255
0,-3,0,-5.42700940919,-4,0,-7.23601254558,0,-0.00122628679731,0.000765455113566
0,-3,0,-5.42700940919,-4,1,-7.23601254558,1.8090031364,0.000964643435775,0.0101846461717
0,-3,0,-5.42700940919,-4,2,-7.23601254558,3.61800627279,-0.00688136851389,0.00486060620603
0,-3,0,-5.42700940919,-4,3,-7.23601254558,5.42700940919,0.00287812377018,-0.00542479578348
0,-3,0,-5.42700940919,-4,4,-7.23601254558,7.23601254558,-0.0129463805264,-0.00097074121412
0,-3,0,-5.42700940919,-3,-4,-5.42700940919,-7.23601254558,-0.00508031911336,0.00689541987507
0,-3,0,-5.42700940919,-3,-3,-5.42700940919,-5.42700940919,0.00627893258917,0.00230326009794
0,-3,0,-5.42700940919,-3,-2,-5.42700940919,-3.61800627279,-0.00021643430475,0.00412776454366
0,-3,0,-5.42700940919,-3,-1,-5.42700940919,-1.8090031364,0.00202763549355,0.0196697687106
0,-3,0,-5.42700940919,-3,0,-5.42700940919,0,-0.0184316204335,0.00428587939993
0,-3,0,-5.42700940919,-3,1,-5.42700940919,1.8090031364,0.00851134066443,-0.00191502304248
0,-3,0,-5.42700940919,-3,2,-5.42700940919,3.61800627279,-0.00683254657424,0.00119488282499
0,-3,0,-5.42700940919,-3,3,-5.42700940919,5.42700940919,-0.000105081240794,0.00376884388756
0,-3,0,-5.42700940919,-3,4,-5.42700940919,7.23601254558,0.00367079773724,0.0135559305104
0,-3,0,-5.42700940919,-2,-4,-3.61800627279,-7.23601254558,0.00068726989417,0.0019806567847
0,-3,0,-5.42700940919,-2,-3,-3.61800627279,-5.42700940919,-0.0141804083188,-0.014310078544
0,-3,0,-5.42700940919,-2,-2,-3.61800627279,-3.61800627279,-0.0122763736825,0.00135801509672
0,-3,0,-5.42700940919,-2,-1,-3.61800627279,-1.8090031364,-0.00466639993055,0.000352315704086
0,-3,0,-5.42700940919,-2,0,-3.61800627279,0,0.00224206492739,-0.0145844867347
0,-3,0,-5.42700940919,-2,1,-3.61800627279,1.8090031364,0.0137606355297,-0.012557920401
0,-3,0,-5.42700940919,-2,2,-3.61800627279,3.61800627279,-0.00286998836862,0.00979140629825
0,-3,0,-5.42700940919,-2,3,-3.61800627279,5.42700940919,0.00695707110427,-0.00199501127606
0,-3,0,-5.42700940919,-2,4,-3.61800627279,7.23601254558,0.00593013284138,-0.00205557480232
0,-3,0,-5.42700940919,-1,-4,-1.8090031364,-7.23601254558,-0.012950181042,-0.00796095476537
0,-3,0,-5.42700940919,-1,-3,-1.8090031364,-5.42700940919,0.00259035390571,7.48572898554e-05
0,-3,0,-5.42700940919,-1,-2,-1.8090031364,-3.61800627279,-0.0295298502964,-0.00743879100874
0,-3,0,-5.42700940919,-1,-1,-1.8090031364,-1.8090031364,0.00673825140755,0.0170596091925
0,-3,0,-5.42700940919,-1,0,-1.8090031364,0,0.00472796502439,-0.00368481564487
0,-3,0,-5.42700940919,-1,1,-1.8090031364,1.8090031364,-0.00101716824236,0.0190224242459
0,-3,0,-5.42700940919,-1,2,-1.8090031364,3.61800627279,-0.00952842922844,0.00465217853622
0,-3,0,-5.42700940919,-1,3,-1.8090031364,5.42700940919,0.00169371220349,0.00299171691172
0,-3,0,-5.42700940919,-1,4,-1.8090031364,7.23601254558,-0.00953943704079,0.00856894992428
0,-3,0,-5.42700940919,0,-4,0,-7.23601254558,0.000891331268474,-0.00181191836847
0,-3,0,-5.42700940919,0,-3,0,-5.42700940919,0.141133353889,0
0,-3,0,-5.42700940919,0,-2,0,-3.61800627279,0.0134930593377,0.00244374650171
0,-3,0,-5.42700940919,0,-1,0,-1.8090031364,0.00382440823278,-0.0353738556312
0,-3,0,-5.42700940919,0,0,0,0,-0.00451584850945,-0.0242893284932
0,-3,0,-5.42700940919,0,1,0,1.8090031364,0.0341803784506,-0.0223913723192
0,-3,0,-5.42700940919,0,2,0,3.61800627279,-0.0206034169663,0.0108767235353
0,-3,0,-5.42700940919,0,3,0,5.42700940919,-0.00443327604406,-0.0199950897151
0,-3,0,-5.42700940919,0,4,0,7.23601254558,0.00212866323601,-0.00560530053219
0,-3,0,-5.42700940919,1,-4,1.8090031364,-7.23601254558,-0.0113959685224,0.00636955901949
0,-3,0,-5.42700940919,1,-3,1.8090031364,-5.42700940919,0.00385653733789,-0.00167664775766
0,-3,0,-5.42700940919,1,-2,1.8090031364,-3.61800627279,-0.0198668072116,0.0151654224119
0,-3,0,-5.42700940919,1,-1,1.8090031364,-1.8090031364,-0.010844940999,-0.0192907559935
0,-3,0,-5.42700940919,1,0,1.8090031364,0,-0.0322629188812,-0.011572112236
0,-3,0,-5.42700940919,1,1,1.8090031364,1.8090031364,-0.0043224508843,-0.00150592472172
0,-3,0,-5.42700940919,1,2,1.8090031364,3.61800627279,0.0102646503668,0.0122966597902
0,-3,0,-5.42700940919,1,3,1.8090031364,5.42700940919,-0.0134214709255,-0.0107660462018
0,-3,0,-5.42700940919,1,4,1.8090031364,7.23601254558,0.0135427550048,0.00287442149794
0,-3,0,-5.42700940919,2,-4,3.61800627279,-7.23601254558,-0.0123569816557,0.00155838808506
0,-3,0,-5.42700940919,2,-3,3.61800627279,-5.42700940919,-0.01171122588,0.0104784443167
0,-3,0,-5.42700940919,2,-2,3.61800627279,-3.61800627279,-0.00302658110843,-0.00051021136966
0,-3,0,-5.42700940919,2,-1,3.61800627279,-1.8090031364,-0.00172986173563,0.00055799698371
0,-3,0,-5.42700940919,2,0,3.61800627279,0,-0.017798664778,0.0132934710446
0,-3,0,-5.42700940919,2,1,3.61800627279,1.8090031364,0.0318040346626,-0.0024753108541
0,-3,0,-5.42700940919,2,2,3.61800627279,3.61800627279,0.000917821602134,0.00627963718472
0,-3,0,-5.42700940919,2,3,3.61800627279,5.42700940919,0.00316506123334,0.0045706601172
0,-3,0,-5.42700940919,2,4,3.61800627279,7.23601254558,-0.00400695272196,-0.00353190858776
0,-3,0,-5.42700940919,3,-4,5.42700940919,-7.23601254558,-0.00180405411544,-0.00843284329339
0,-3,0,-5.42700940919,3,-3,5.42700940919,-5.42700940919,0.00733277410392,5.61827351324e-06
0,-3,0,-5.42700940919,3,-2,5.42700940919,-3.61800627279,-0.00978434690315,-0.0114130832123
0,-3,0,-5.42700940919,3,-1,5.42700940919,-1.8090031364,0.00813397320282,-0.00608276346994
0,-3,0,-5.42700940919,3,0,5.42700940919,0,-0.00391267251062,0.00624386763468
0,-3,0,-5.42700940919,3,1,5.42700940919,1.8090031364,-0.0161352024012,-0.00160179255706
0,-3,0,-5.42700940919,3,2,5.42700940919,3.61800627279,0.00247525125757,-0.000759745534507
0,-3,0,-5.42700940919,3,3,5.42700940919,5.42700940919,0.000182937157208,-0.00162127981777
0,-3,0,-5.42700940919,3,4,5.42700940919,7.23601254558,0.00576417177759,-0.00537420250553
0,-3,0,-5.42700940919,4,-4,7.23601254558,-7.23601254558,-0.00331291375288,0.00535628539752
0,-3,0,-5.42700940919,4,-3,7.23601254558,-5.42700940919,-0.00457310452847,0.00194810316792
0,-3,0,-5.42700940919,4,-2,7.23601254558,-3.61800627279,0.00877705746161,-0.000825406704846
0,-3,0,-5.42700940919,4,-1,7.23601254558,-1.8090031364,-0.0109335489509,-0.00175663412526
0,-3,0,-5.42700940919,4,0,7.23601254558,0,0.000614897311058,0.00483520571688
0,-3,0,-5.42700940919,4,1,7.23601254558,1.8090031364,-0.00969699329686,0.00394378997425
0,-3,0,-5.42700940919,4,2,7.23601254558,3.61800627279,0.002350479817,0.00867355656782
0,-3,0,-5.42700940919,4,3,7.23601254558,5.42700940919,0.00771621593393,-0.0100596834473
0,-3,0,-5.42700940919,4,4,7.23601254558,7.23601254558,0.00669137106717,-0.00152308650505
0,-2,0,-3.61800627279,-4,-4,-7.23601254558,-7.23601254558,-0.0146975398582,0.000415820373717
0,-2,0,-3.61800627279,-4,-3,-7.23601254558,-5.42700940919,0.00399711980455,-0.0011119565318
0,-2,0,-3.61800627279,-4,-2,-7.23601254558,-3.61800627279,-0.0127206142953,-0.00470677853738
0,-2,0,-3.61800627279,-4,-1,-7.23601254558,-1.8090031364,-0.0137168448032,-0.0154661095179
0,-2,0,-3.61800627279,-4,0,-7.23601254558,0,-0.00391699741687,0.0237824054621
0,-2,0,-3.61800627279,-4,1,-7.23601254558,1.8090031364,0.0170592363703,0.00280194517111
0,-2,0,-3.61800627279,-4,2,-7.23601254558,3.61800627279,0.00428448563532,0.0102123226472
0,-2,0,-3.61800627279,-4,3,-7.23601254558,5.42700940919,-0.0114267848077,0.00967089475391
0,-2,0,-3.61800627279,-4,4,-7.23601254558,7.23601254558,-0.0032705799451,-0.00606563090185
0,-2,0,-3.61800627279,-3,-4,-5.42700940919,-7.23601254558,0.0103576832162,-0.00340644801409
0,-2,0,-3.61800627279,-3,-3,-5.42700940919,-5.42700940919,-0.0175069209999,0.0133189002045
0,-2,0,-3.61800627279,-3,-2,-5.42700940919,-3.61800627279,0.00878410660976,0.00350249025587
0,-2,0,-3.61800627279,-3,-1,-5.42700940919,-1.8090031364,0.00497213149371,0.0145812244475
0,-2,0,-3.61800627279,-3,0,-5.42700940919,0,0.00693090853455,0.0291676379426
0,-2,0,-3.61800627279,-3,1,-5.42700940919,1.8090031364,-0.0331864708007,0.000848938792896
0,-2,0,-3.61800627279,-3,2,-5.42700940919,3.61800627279,0.00566971383683,0.00224688072538
0,-2,0,-3.61800627279,-3,3,-5.42700940919,5.42700940919,-0.0137408902431,0.00728626016085
0,-2,0,-3.61800627279,-3,4,-5.42700940919,7.23601254558,0.000800395092528,0.00834288571837
0,-2,0,-3.61800627279,-2,-4,-3.61800627279,-7.23601254558,0.00511158908078,0.000795185353032
0,-2,0,-3.61800627279,-2,-3,-3.61800627279,-5.42700940919,-0.0028464431016,0.00864537057439
0,-2,0,-3.61800627279,-2,-2,-3.61800627279,-3.61800627279,-0.0241163884454,-0.0284159717487
0,-2,0,-3.61800627279,-2,-1,-3.61800627279,-1.8090031364,-0.0192014883018,0.00211667145412
0,-2,0,-3.61800627279,-2,0,-3.61800627279,0,-0.00823191079152,0.00643601039299
0,-2,0,-3.61800627279,-2,1,-3.61800627279,1.8090031364,-0.00390904308288,-0.0185250590847
0,-2,0,-3.61800627279,-2,2,-3.61800627279,3.61800627279,0.0136349987461,-0.0165395351698
0,-2,0,-3.61800627279,-2,3,-3.61800627279,5.42700940919,-0.000625605800426,0.00917201352447
0,-2,0,-3.61800627279,-2,4,-3.61800627279,7.23601254558,0.0166377120108,-0.00589812642429
0,-2,0,-3.61800627279,-1,-4,-1.8090031364,-7.23601254558,-0.00645908265234,0.00961124311212
0,-2,0,-3.61800627279,-1,-3,-1.8090031364,-5.42700940919,-0.0205403517087,-0.00985241370831
0,-2,0,-3.61800627279,-1,-2,-1.8090031364,-3.61800627279,0.00651249801704,0.00755147940581
0,-2,0,-3.61800627279,-1,-1,-1.8090031364,-1.8090031364,-0.0432864928009,-0.00548842514521
0,-2,0,-3.61800627279,-1,0,-1.8090031364,0,0.00185447643541,0.0107078180219
0,-2,0,-3.61800627279,-1,1,-1.8090031364,1.8090031364,0.000600070198574,-0.0049815439824
0,-2,0,-3.61800627279,-1,2,-1.8090031364,3.61800627279,0.00763129505002,0.0221533677079
0,-2,0,-3.61800627279,-1,3,-1.8090031364,5.42700940919,-0.00833592198202,0.00154421501993
0,-2,0,-3.61800627279,-1,4,-1.8090031364,7.23601254558,0.0123375828819,0.00107935506091
0,-2,0,-3.61800627279,0,-4,0,-7.23601254558,-0.000536525471696,0.0231511178256
0,-2,0,-3.61800627279,0,-3,0,-5.42700940919,0.0134930593377,-0.00244374650171
0,-2,0,-3.61800627279,0,-2,0,-3.61800627279,0.302767897148,0
0,-2,0,-3.61800627279,0,-1,0,-1.8090031364,0.0187120871687,-0.00765400333434
0,-2,0,-3.61800627279,0,0,0,0,-0.00876077452359,-0.0566535843612
0,-2,0,-3.61800627279,0,1,0,1.8090031364,0.0103365393562,-0.0274240388118
0,-2,0,-3.61800627279,0,2,0,3.61800627279,0.0283430814822,-0.0239796445676
0,-2,0,-3.61800627279,0,3,0,5.42700940919,-0.0206034169663,0.0108767235353
0,-2,0,-3.61800627279,0,4,0,7.23601254558,-0.0106572877188,-0.0252409779876
0,-2,0,-3.61800627279,1,-4,1.8090031364,-7.23601254558,0.00427302682269,-0.00795819545181
0,-2,0,-3.61800627279,1,-3,1.8090031364,-5.42700940919,-0.0322480434343,0.00455214427211
0,-2,0,-3.61800627279,1,-2,1.8090031364,-3.61800627279,0.00832744828089,-0.00568370378305
0,-2,0,-3.61800627279,1,-1,1.8090031364,-1.8090031364,-0.034594219162,0.0260978453816
0,-2,0,-3.61800627279,1,0,1.8090031364,0,-0.00200974540788,-0.0308848866519
0,-2,0,-3.61800627279,1,1,1.8090031364,1.8090031364,-0.0423576952501,-0.0163632503676
0,-2,0,-3.61800627279,1,2,1.8090031364,3.61800627279,-0.00285259986363,0.003205051676
0,-2,0,-3.61800627279,1,3,1.8090031364,5.42700940919,0.00928676793862,0.0132970787076
0,-2,0,-3.61800627279,1,4,1.8090031364,7.23601254558,-0.0136817323925,-0.0107691958396
0,-2,0,-3.61800627279,2,-4,3.61800627279,-7.23601254558,-0.00453908054343,0.00429656457612
0,-2,0,-3.61800627279,2,-3,3.61800627279,-5.42700940919,-0.0160678853584,-0.00187950094596
0,-2,0,-3.61800627279,2,-2,3.61800627279,-3.61800627279,-0.0211409545499,0.0265073467533
0,-2,0,-3.61800627279,2,-1,3.61800627279,-1.8090031364,-0.00656479730819,-0.00497618003039
0,-2,0,-3.61800627279,2,0,3.61800627279,0,-0.00322234786382,0.00685704176551
0,-2,0,-3.61800627279,2,1,3.61800627279,1.8090031364,-0.0236249756053,0.0176187491982
0,-2,0,-3.61800627279,2,2,3.61800627279,3.61800627279,0.0341619716545,-7.86745844724e-05
0,-2,0,-3.61800627279,2,3,3.61800627279,5.42700940919,-0.00258201714591,0.00129025848827
0,-2,0,-3.61800627279,2,4,3.61800627279,7.23601254558,-0.0033467589372,0.00976042802916
0,-2,0,-3.61800627279,3,-4,5.42700940919,-7.23601254558,-0.00443196074817,-0.00571901202441
0,-2,0,-3.61800627279,3,-3,5.42700940919,-5.42700940919,-0.00388995564122,-0.0138876623169
0,-2,0,-3.61800627279,3,-2,5.42700940919,-3.61800627279,0.0111181332043,0.0040013288104
0,-2,0,-3.61800627279,3,-1,5.42700940919,-1.8090031364,-0.0137743738396,-0.0157992069837
0,-2,0,-3.61800627279,3,0,5.42700940919,0,0.0129351642609,-0.0156122837492
0,-2,0,-3.61800627279,3,1,5.42700940919,1.8090031364,-0.0109686874707,0.0210522949529
0,-2,0,-3.61800627279,3,2,5.42700940919,3.61800627279,-0.0257647516427,-0.0041437359375
0,-2,0,-3.61800627279,3,3,5.42700940919,5.42700940919,0.0093619318008,0.00650590331647
0,-2,0,-3.61800627279,3,4,5.42700940919,7.23601254558,0.00699308939966,-0.0135449007434
0,-2,0,-3.61800627279,4,-4,7.23601254558,-7.23601254558,0.00632070091539,-0.00487242467779
0,-2,0,-3.61800627279,4,-3,7.23601254558,-5.42700940919,-0.0187030419653,0.00949776323954
0,-2,0,-3.61800627279,4,-2,7.23601254558,-3.61800627279,-0.00595407945225,0.00635524404052
0,-2,0,-3.61800627279,4,-1,7.23601254558,-1.8090031364,0.00695659354566,-0.0118000061073
0,-2,0,-3.61800627279,4,0,7.23601254558,0,-0.0216434209049,0.00527347304352
0,-2,0,-3.61800627279,4,1,7.23601254558,1.8090031364,0.00526696042445,0.0037259420039
0,-2,0,-3.61800627279,4,2,7.23601254558,3.61800627279,-0.0100944981992,0.00503481226829
0,-2,0,-3.61800627279,4,3,7.23601254558,5.42700940919,0.00440250461026,0.00850539179265
0,-2,0,-3.61800627279,4,4,7.23601254558,7.23601254558,0.00597389726632,-0.0181118977939
0,-1,0,-1.8090031364,-4,-4,-7.23601254558,-7.23601254558,-0.00595687987571,-0.00388606678489
0,-1,0,-1.8090031364,-4,-3,-7.23601254558,-5.42700940919,-0.0262213169989,-0.00123322898128
0,-1,0,-1.8090031364,-4,-2,-7.23601254558,-3.61800627279,0.0055439720022,0.013550042871
0,-1,0,-1.8090031364,-4,-1,-7.23601254558,-1.8090031364,-0.0126753275463,-0.00748268055901
0,-1,0,-1.8090031364,-4,0,-7.23601254558,0,-0.0230045596442,-0.0397551203476
0,-1,0,-1.8090031364,-4,1,-7.23601254558,1.8090031364,-0.0184464361928,0.0321177135482
0,-1,0,-1.8090031364,-4,2,-7.23601254558,3.61800627279,0.0197706882298,0.00483155324821
0,-1,0,-1.8090031364,-4,3,-7.23601254558,5.42700940919,0.00596727402245,0.0181803633777
0,-1,0,-1.8090031364,-4,4,-7.23601254558,7.23601254558,-0.00569146944326,0.00629106817496
0,-1,0,-1.8090031364,-3,-4,-5.42700940919,-7.23601254558,-0.00667581761592,-0.0109759216191
0,-1,0,-1.8090031364,-3,-3,-5.42700940919,-5.42700940919,0.017941626761,-0.00204453992308
0,-1,0,-1.8090031364,-3,-2,-5.42700940919,-3.61800627279,-0.028277490856,0.026165073188
0,-1,0,-1.8090031364,-3,-1,-5.42700940919,-1.8090031364,0.016427594703,-0.00868271295763
0,-1,0,-1.8090031364,-3,0,-5.42700940919,0,-0.00370879507802,0.0350395654769
0,-1,0,-1.8090031364,-3,1,-5.42700940919,1.8090031364,0.00808194827687,0.0316566095776
0,-1,0,-1.8090031364,-3,2,-5.42700940919,3.61800627279,-0.0459128690411,0.00280821263257
0,-1,0,-1.8090031364,-3,3,-5.42700940919,5.42700940919,0.0108280154127,0.00231305924479
0,-1,0,-1.8090031364,-3,4,-5.42700940919,7.23601254558,-0.0194167938262,0.011822444182
0,-1,0,-1.8090031364,-2,-4,-3.61800627279,-7.23601254558,-0.0280116140044,-0.0143392324782
0,-1,0,-1.8090031364,-2,-3,-3.61800627279,-5.42700940919,-0.00502443421168,0.000571453808027
0,-1,0,-1.8090031364,-2,-2,-3.61800627279,-3.61800627279,-0.0108381972879,0.0106442958825
0,-1,0,-1.8090031364,-2,-1,-3.61800627279,-1.8090031364,-0.0350452579844,-0.0434981963094
0,-1,0,-1.8090031364,-2,0,-3.61800627279,0,-0.0189369975266,0.00145935024494
0,-1,0,-1.8090031364,-2,1,-3.61800627279,1.8090031364,-0.0127916219272,0.0113262356621
0,-1,0,-1.8090031364,-2,2,-3.61800627279,3.61800627279,-0.00166251631636,-0.0199953055819
0,-1,0,-1.8090031364,-2,3,-3.61800627279,5.42700940919,0.0124106327783,-0.0102796542004
0,-1,0,-1.8090031364,-2,4,-3.61800627279,7.23601254558,0.00201701092452,0.0117395683183
0,-1,0,-1.8090031364,-1,-4,-1.8090031364,-7.23601254558,-0.0220447521135,0.0119812997907
0,-1,0,-1.8090031364,-1,-3,-1.8090031364,-5.42700940919,-0.0106908771103,0.0248593693284
0,-1,0,-1.8090031364,-1,-2,-1.8090031364,-3.61800627279,-0.0310760090468,-0.0264549019127
0,-1,0,-1.8090031364,-1,-1,-1.8090031364,-1.8090031364,0.0151025881416,0.00685315687407
0,-1,0,-1.8090031364,-1,0,-1.8090031364,0,-0.0419140815176,0.00203202152907
0,-1,0,-1.8090031364,-1,1,-1.8090031364,1.8090031364,-0.00480946629536,0.0130653691122
0,-1,0,-1.8090031364,-1,2,-1.8090031364,3.61800627279,0.000420603424137,-0.00293430746166
0,-1,0,-1.8090031364,-1,3,-1.8090031364,5.42700940919,0.00266241312278,0.0214553823624
0,-1,0,-1.8090031364,-1,4,-1.8090031364,7.23601254558,-0.00532088173273,0.00745274633317
0,-1,0,-1.8090031364,0,-4,0,-7.23601254558,-0.00204705741763,0.0137364330406
0,-1,0,-1.8090031364,0,-3,0,-5.42700940919,0.00382440823278,0.0353738556312
0,-1,0,-1.8090031364,0,-2,0,-3.61800627279,0.0187120871687,0.00765400333434
0,-1,0,-1.8090031364,0,-1,0,-1.8090031364,0.520973362381,0
0,-1,0,-1.8090031364,0,0,0,0,0.0198302724596,-0.0140899779677
0,-1,0,-1.8090031364,0,1,0,1.8090031364,-0.0209025479833,-0.0492916221133
0,-1,0,-1.8090031364,0,2,0,3.61800627279,0.0103365393562,-0.0274240388118
0,-1,0,-1.8090031364,0,3,0,5.42700940919,0.0341803784506,-0.0223913723192
0,-1,0,-1.8090031364,0,4,0,7.23601254558,-0.0158792809741,0.00285202412298
0,-1,0,-1.8090031364,1,-4,1.8090031364,-7.23601254558,0.00766378378808,0.00017607582586
0,-1,0,-1.8090031364,1,-3,1.8090031364,-5.42700940919,0.00684680626925,-0.0152941719425
0,-1,0,-1.8090031364,1,-2,1.8090031364,-3.61800627279,-0.0438393756111,0.00617942633905
0,-1,0,-1.8090031364,1,-1,1.8090031364,-1.8090031364,0.00734236160171,-0.00789628997129
0,-1,0,-1.8090031364,1,0,1.8090031364,0,-0.0465688647477,0.0363860246979
0,-1,0,-1.8090031364,1,1,1.8090031364,1.8090031364,0.00178368422443,-0.0510420465994
0,-1,0,-1.8090031364,1,2,1.8090031364,3.61800627279,-0.0424154493572,-0.0203812020996
0,-1,0,-1.8090031364,1,3,1.8090031364,5.42700940919,-0.00210354549087,-0.00068755940551
0,-1,0,-1.8090031364,1,4,1.8090031364,7.23601254558,0.00923963789947,0.0126279188328
0,-1,0,-1.8090031364,2,-4,3.61800627279,-7.23601254558,0.00467828841842,0.00412859650857
0,-1,0,-1.8090031364,2,-3,3.61800627279,-5.42700940919,-0.0138132654936,-0.00285758850597
0,-1,0,-1.8090031364,2,-2,3.61800627279,-3.61800627279,-0.0248799682425,-0.00467826421293
0,-1,0,-1.8090031364,2,-1,3.61800627279,-1.8090031364,-0.0388635608205,0.0391335849723
0,-1,0,-1.8090031364,2,0,3.61800627279,0,-0.00963495238172,-0.0112713627949
0,-1,0,-1.8090031364,2,1,3.61800627279,1.8090031364,-0.00452556582762,-0.000423991720249
0,-1,0,-1.8090031364,2,2,3.61800627279,3.61800627279,-0.0273050294585,0.0217679065582
0,-1,0,-1.8090031364,2,3,3.61800627279,5.42700940919,0.0364833663471,-0.00182672886888
0,-1,0,-1.8090031364,2,4,3.61800627279,7.23601254558,-0.00108622473938,0.0107250766341
0,-1,0,-1.8090031364,3,-4,5.42700940919,-7.23601254558,-0.0347746788586,-0.0155283141485
0,-1,0,-1.8090031364,3,-3,5.42700940919,-5.42700940919,-0.0043707934651,-0.0199972864657
0,-1,0,-1.8090031364,3,-2,5.42700940919,-3.61800627279,-0.00586225283432,-0.0278831127198
0,-1,0,-1.8090031364,3,-1,5.42700940919,-1.8090031364,0.0205381173406,0.0103316735136
0,-1,0,-1.8090031364,3,0,5.42700940919,0,-0.0116104385131,-0.0212658867231
0,-1,0,-1.8090031364,3,1,5.42700940919,1.8090031364,0.014909482853,-0.0212969757204
0,-1,0,-1.8090031364,3,2,5.42700940919,3.61800627279,-0.0104588732208,0.0304268456276
0,-1,0,-1.8090031364,3,3,5.42700940919,5.42700940919,-0.0438858888971,-0.00506139615866
0,-1,0,-1.8090031364,3,4,5.42700940919,7.23601254558,0.0156674151272,0.024105766537
0,-1,0,-1.8090031364,4,-4,7.23601254558,-7.23601254558,0.0141775918152,-8.80062254029e-05
0,-1,0,-1.8090031364,4,-3,7.23601254558,-5.42700940919,0.00204854566026,-0.0119843174426
0,-1,0,-1.8090031364,4,-2,7.23601254558,-3.61800627279,-0.0243296336749,0.0329230334149
0,-1,0,-1.8090031364,4,-1,7.23601254558,-1.8090031364,-7.14239931806e-05,0.0103054590194
0,-1,0,-1.8090031364,4,0,7.23601254558,0,0.00060822271696,-0.0277568204875
0,-1,0,-1.8090031364,4,1,7.23601254558,1.8090031364,-0.0330343329956,0.0148612183169
0,-1,0,-1.8090031364,4,2,7.23601254558,3.61800627279,-0.00574642492514,0.00998934742263
0,-1,0,-1.8090031364,4,3,7.23601254558,5.42700940919,-0.00773124283906,0.0215155875284
0,-1,0,-1.8090031364,4,4,7.23601254558,7.23601254558,0.00847331672454,-0.0043201976729
0,0,0,0,-4,-4,-7.23601254558,-7.23601254558,-0.00401677888637,-0.0365742604556
0,0,0,0,-4,-3,-7.23601254558,-5.42700940919,-0.00971672004719,-0.00996917864293
0,0,0,0,-4,-2,-7.23601254558,-3.61800627279,-0.0354175135935,-0.0140343355996
0,0,0,0,-4,-1,-7.23601254558,-1.8090031364,0.00543444453301,0.0333610256838
0,0,0,0,-4,0,-7.23601254558,0,-0.00556152193884,-0.0139771425051
0,0,0,0,-4,1,-7.23601254558,1.8090031364,-0.0275028493333,-0.0529695262745
0,0,0,0,-4,2,-7.23601254558,3.61800627279,-0.015726783925,0.0336071562842
0,0,0,0,-4,3,-7.23601254558,5.42700940919,0.0191488471566,0.0062278660353
0,0,0,0,-4,4,-7.23601254558,7.23601254558,0.00863978202309,0.0369517174853
0,0,0,0,-3,-4,-5.42700940919,-7.23601254558,-0.0547399188455,0.00883212997546
0,0,0,0,-3,-3,-5.42700940919,-5.42700940919,-0.00649633172929,-0.0268171178485
0,0,0,0,-3,-2,-5.42700940919,-3.61800627279,0.0260852142515,0.013747473087
0,0,0,0,-3,-1,-5.42700940919,-1.8090031364,-0.0277258521,0.0279577686026
0,0,0,0,-3,0,-5.42700940919,0,0.0236293533955,-0.0178364522965
0,0,0,0,-3,1,-5.42700940919,1.8090031364,-0.0132332158443,0.051325351133
0,0,0,0,-3,2,-5.42700940919,3.61800627279,0.00548510604827,0.0360280259963
0,0,0,0,-3,3,-5.42700940919,5.42700940919,-0.0565814176038,0.00757397294109
0,0,0,0,-3,4,-5.42700940919,7.23601254558,0.0140400794895,-0.00177476004728
0,0,0,0,-2,-4,-3.61800627279,-7.23601254558,0.040786169525,0.0139283594581
0,0,0,0,-2,-3,-3.61800627279,-5.42700940919,-0.0332995043624,-0.0217654720809
0,0,0,0,-2,-2,-3.61800627279,-3.61800627279,-0.00992473465615,0.00637034684411
0,0,0,0,-2,-1,-3.61800627279,-1.8090031364,-0.0149393504443,0.0149810730562
0,0,0,0,-2,0,-3.61800627279,0,-0.0524611909387,-0.046573071038
0,0,0,0,-2,1,-3.61800627279,1.8090031364,-0.0245913659593,-0.00306614055311
0,0,0,0,-2,2,-3.61800627279,3.61800627279,-0.0128910434385,0.0101701808249
0,0,0,0,-2,3,-3.61800627279,5.42700940919,0.000191913326247,-0.0135552258961
0,0,0,0,-2,4,-3.61800627279,7.23601254558,0.0138283438655,-0.0111925170273
0,0,0,0,-1,-4,-1.8090031364,-7.23601254558,0.00107108841043,0.0100948146052
0,0,0,0,-1,-3,-1.8090031364,-5.42700940919,-0.0419912607283,0.0131164516996
0,0,0,0,-1,-2,-1.8090031364,-3.61800627279,-0.00982610586033,0.0463399190487
0,0,0,0,-1,-1,-1.8090031364,-1.8090031364,-0.0524955971514,-0.0428591628553
0,0,0,0,-1,0,-1.8090031364,0,0.0144838790321,0.0142328369703
0,0,0,0,-1,1,-1.8090031364,1.8090031364,-0.0461233536008,0.00328143369748
0,0,0,0,-1,2,-1.8090031364,3.61800627279,0.00647883099602,0.0178914862173
0,0,0,0,-1,3,-1.8090031364,5.42700940919,0.0085115508056,-0.00306834441205
0,0,0,0,-1,4,-1.8090031364,7.23601254558,-0.00290899420161,0.0265120521818
0,0,0,0,0,-4,0,-7.23601254558,0.0456174749587,0.013715616217
0,0,0,0,0,-3,0,-5.42700940919,-0.00451584850945,0.0242893284932
0,0,0,0,0,-2,0,-3.61800627279,-0.00876077452359,0.0566535843612
0,0,0,0,0,-1,0,-1.8090031364,0.0198302724596,0.0140899779677
0,0,0,0,0,0,0,0,0.735454574027,0
0,0,0,0,0,1,0,1.8090031364,0.0198302724596,-0.0140899779677
0,0,0,0,0,2,0,3.61800627279,-0.00876077452359,-0.0566535843612
0,0,0,0,0,3,0,5.42700940919,-0.00451584850945,-0.0242893284932
0,0,0,0,0,4,0,7.23601254558,0.0456174749587,-0.013715616217
0,0,0,0,1,-4,1.8090031364,-7.23601254558,-0.00290899420161,-0.0265120521818
0,0,0,0,1,-3,1.8090031364,-5.42700940919,0.0085115508056,0.00306834441205
0,0,0,0,1,-2,1.8090031364,-3.61800627279,0.00647883099602,-0.0178914862173
0,0,0,0,1,-1,1.8090031364,-1.8090031364,-0.0461233536008,-0.00328143369748
0,0,0,0,1,0,1.8090031364,0,0.0144838790321,-0.0142328369703
0,0,0,0,1,1,1.8090031364,1.8090031364,-0.0524955971514,0.0428591628553
0,0,0,0,1,2,1.8090031364,3.61800627279,-0.00982610586033,-0.0463399190487
0,0,0,0,1,3,1.8090031364,5.42700940919,-0.0419912607283,-0.0131164516996
0,0,0,0,1,4,1.8090031364,7.23601254558,0.00107108841043,-0.0100948146052
0,0,0,0,2,-4,3.61800627279,-7.23601254558,0.0138283438655,0.0111925170273
0,0,0,0,2,-3,3.61800627279,-5.42700940919,0.000191913326247,0.0135552258961
0,0,0,0,2,-2,3.61800627279,-3.61800627279,-0.0128910434385,-0.0101701808249
0,0,0,0,2,-1,3.61800627279,-1.8090031364,-0.0245913659593,0.00306614055311
0,0,0,0,2,0,3.61800627279,0,-0.0524611909387,0.046573071038
0,0,0,0,2,1,3.61800627279,1.8090031364,-0.0149393504443,-0.0149810730562
0,0,0,0,2,2,3.61800627279,3.61800627279,-0.00992473465615,-0.00637034684411
0,0,0,0,2,3,3.61800627279,5.42700940919,-0.0332995043624,0.0217654720809
0,0,0,0,2,4,3.61800627279,7.23601254558,0.040786169525,-0.0139283594581
0,0,0,0,3,-4,5.42700940919,-7.23601254558,0.0140400794895,0.00177476004728
0,0,0,0,3,-3,5.42700940919,-5.42700940919,-0.0565814176038,-0.00757397294109
0,0,0,0,3,-2,5.42700940919,-3.61800627279,0.00548510604827,-0.0360280259963
0,0,0,0,3,-1,5.42700940919,-1.8090031364,-0.0132332158443,-0.051325351133
0,0,0,0,3,0,5.42700940919,0,0.0236293533955,0.0178364522965
0,0,0,0,3,1,5.42700940919,1.8090031364,-0.0277258521,-0.0279577686026
0,0,0,0,3,2,5.42700940919,3.61800627279,0.0260852142515,-0.013747473087
0,0,0,0,3,3,5.42700940919,5.42700940919,-0.00649633172929,0.0268171178485
0,0,0,0,3,4,5.42700940919,7.23601254558,-0.0547399188455,-0.00883212997546
0,0,0,0,4,-4,7.23601254558,-7.23601254558,0.00863978202309,-0.0369517174853
0,0,0,0,4,-3,7.23601254558,-5.42700940919,0.0191488471566,-0.0062278660353
0,0,0,0,4,-2,7.23601254558,-3.61800627279,-0.015726783925,-0.0336071562842
0,0,0,0,4,-1,7.23601254558,-1.8090031364,-0.0275028493333,0.0529695262745
0,0,0,0,4,0,7.23601254558,0,-0.00556152193884,0.0139771425051
0,0,0,0,4,1,7.23601254558,1.8090031364,0.00543444453301,-0.0333610256838
0,0,0,0,4,2,7.23601254558,3.61800627279,-0.0354175135935,0.0140343355996
0,0,0,0,4,3,7.23601254558,5.42700940919,-0.00971672004719,0.00996917864293
0,0,0,0,4,4,7.23601254558,7.23601254558,-0.00401677888637,0.0365742604556
0,1,0,1.8090031364,-4,-4,-7.23601254558,-7.23601254558,0.00847331672454,0.0043201976729
0,1,0,1.8090031364,-4,-3,-7.23601254558,-5.42700940919,-0.00773124283906,-0.0215155875284
0,1,0,1.8090031364,-4,-2,-7.23601254558,-3.61800627279,-0.00574642492514,-0.00998934742263
0,1,0,1.8090031364,-4,-1,-7.23601254558,-1.8090031364,-0.0330343329956,-0.0148612183169
0,1,0,1.8090031364,-4,0,-7.23601254558,0,0.00060822271696,0.0277568204875
0,1,0,1.8090031364,-4,1,-7.23601254558,1.8090031364,-7.14239931806e-05,-0.0103054590194
0,1,0,1.8090031364,-4,2,-7.23601254558,3.61800627279,-0.0243296336749,-0.0329230334149
0,1,0,1.8090031364,-4,3,-7.23601254558,5.42700940919,0.00204854566026,0.0119843174426
0,1,0,1.8090031364,-4,4,-7.23601254558,7.23601254558,0.0141775918152,8.80062254029e-05
0,1,0,1.8090031364,-3,-4,-5.42700940919,-7.23601254558,0.0156674151272,-0.024105766537
0,1,0,1.8090031364,-3,-3,-5.42700940919,-5.42700940919,-0.0438858888971,0.00506139615866
0,1,0,1.8090031364,-3,-2,-5.42700940919,-3.61800627279,-0.0104588732208,-0.0304268456276
0,1,0,1.8090031364,-3,-1,-5.42700940919,-1.8090031364,0.014909482853,0.0212969757204
0,1,0,1.8090031364,-3,0,-5.42700940919,0,-0.0116104385131,0.0212658867231
0,1,0,1.8090031364,-3,1,-5.42700940919,1.8090031364,0.0205381173406,-0.0103316735136
0,1,0,1.8090031364,-3,2,-5.42700940919,3.61800627279,-0.00586225283432,0.0278831127198
0,1,0,1.8090031364,-3,3,-5.42700940919,5.42700940919,-0.0043707934651,0.0199972864657
0,1,0,1.8090031364,-3,4,-5.42700940919,7.23601254558,-0.0347746788586,0.0155283141485
0,1,0,1.8090031364,-2,-4,-3.61800627279,-7.23601254558,-0.00108622473938,-0.0107250766341
0,1,0,1.8090031364,-2,-3,-3.61800627279,-5.42700940919,0.0364833663471,0.00182672886888
0,1,0,1.8090031364,-2,-2,-3.61800627279,-3.61800627279,-0.0273050294585,-0.0217679065582
0,1,0,1.8090031364,-2,-1,-3.61800627279,-1.8090031364,-0.00452556582762,0.000423991720249
0,1,0,1.8090031364,-2,0,-3.61800627279,0,-0.00963495238172,0.0112713627949
0,1,0,1.8090031364,-2,1,-3.61800627279,1.8090031364,-0.0388635608205,-0.0391335849723
0,1,0,1.8090031364,-2,2,-3.61800627279,3.61800627279,-0.0248799682425,0.00467826421293
0,1,0,1.8090031364,-2,3,-3.61800627279,5.42700940919,-0.0138132654936,0.00285758850597
0,1,0,1.8090031364,-2,4,-3.61800627279,7.23601254558,0.00467828841842,-0.00412859650857
0,1,0,1.8090031364,-1,-4,-1.8090031364,-7.23601254558,0.00923963789947,-0.0126279188328
0,1,0,1.8090031364,-1,-3,-1.8090031364,-5.42700940919,-0.00210354549087,0.00068755940551
0,1,0,1.8090031364,-1,-2,-1.8090031364,-3.61800627279,-0.0424154493572,0.0203812020996
0,1,0,1.8090031364,-1,-1,-1.8090031364,-1.8090031364,0.00178368422443,0.0510420465994
0,1,0,1.8090031364,-1,0,-1.8090031364,0,-0.0465688647477,-0.0363860246979
0,1,0,1.8090031364,-1,1,-1.8090031364,1.8090031364,0.00734236160171,0.00789628997129
0,1,0,1.8090031364,-1,2,-1.8090031364,3.61800627279,-0.0438393756111,-0.00617942633905
0,1,0,1.8090031364,-1,3,-1.8090031364,5.42700940919,0.00684680626925,0.0152941719425
0,1,0,1.8090031364,-1,4,-1.8090031364,7.23601254558,0.00766378378808,-0.00017607582586
0,1,0,1.8090031364,0,-4,0,-7.23601254558,-0.0158792809741,-0.00285202412298
0,1,0,1.8090031364,0,-3,0,-5.42700940919,0.0341803784506,0.0223913723192
0,1,0,1.8090031364,0,-2,0,-3.61800627279,0.0103365393562,0.0274240388118
0,1,0,1.8090031364,0,-1,0,-1.8090031364,-0.0209025479833,0.0492916221133
0,1,0,1.8090031364,0,0,0,0,0.0198302724596,0.0140899779677
0,1,0,1.8090031364,0,1,0,1.8090031364,0.520973362381,0
0,1,0,1.8090031364,0,2,0,3.61800627279,0.0187120871687,-0.00765400333434
0,1,0,1.8090031364,0,3,0,5.42700940919,0.00382440823278,-0.0353738556312
0,1,0,1.8090031364,0,4,0,7.23601254558,-0.00204705741763,-0.0137364330406
0,1,0,1.8090031364,1,-4,1.8090031364,-7.23601254558,-0.00532088173273,-0.00745274633317
0,1,0,1.8090031364,1,-3,1.8090031364,-5.42700940919,0.00266241312278,-0.0214553823624
0,1,0,1.8090031364,1,-2,1.8090031364,-3.61800627279,0.000420603424137,0.00293430746166
0,1,0,1.8090031364,1,-1,1.8090031364,-1.8090031364,-0.00480946629536,-0.0130653691122
0,1,0,1.8090031364,1,0,1.8090031364,0,-0.0419140815176,-0.00203202152907
0,1,0,1.8090031364,1,1,1.8090031364,1.8090031364,0.0151025881416,-0.00685315687407
0,1,0,1.8090031364,1,2,1.8090031364,3.61800627279,-0.0310760090468,0.0264549019127
0,1,0,1.8090031364,1,3,1.8090031364,5.42700940919,-0.0106908771103,-0.0248593693284
0,1,0,1.8090031364,1,4,1.8090031364,7.23601254558,-0.0220447521135,-0.0119812997907
0,1,0,1.8090031364,2,-4,3.61800627279,-7.23601254558,0.00201701092452,-0.0117395683183
0,1,0,1.8090031364,2,-3,3.61800627279,-5.42700940919,0.0124106327783,0.0102796542004
0,1,0,1.8090031364,2,-2,3.61800627279,-3.61800627279,-0.00166251631636,0.0199953055819
0,1,0,1.8090031364,2,-1,3.61800627279,-1.8090031364,-0.0127916219272,-0.0113262356621
0,1,0,1.8090031364,2,0,3.61800627279,0,-0.0189369975266,-0.00145935024494
0,1,0,1.8090031364,2,1,3.61800627279,1.8090031364,-0.0350452579844,0.0434981963094
0,1,0,1.8090031364,2,2,3.61800627279,3.61800627279,-0.0108381972879,-0.0106442958825
0,1,0,1.8090031364,2,3,3.61800627279,5.42700940919,-0.00502443421168,-0.000571453808027
0,1,0,1.8090031364,2,4,3.61800627279,7.23601254558,-0.0280116140044,0.0143392324782
0,1,0,1.8090031364,3,-4,5.42700940919,-7.23601254558,-0.0194167938262,-0.011822444182
0,1,0,1.8090031364,3,-3,5.42700940919,-5.42700940919,0.0108280154127,-0.00231305924479
0,1,0,1.8090031364,3,-2,5.42700940919,-3.61800627279,-0.0459128690411,-0.00280821263257
0,1,0,1.8090031364,3,-1,5.42700940919,-1.8090031364,0.00808194827687,-0.0316566095776
0,1,0,1.8090031364,3,0,5.42700940919,0,-0.00370879507802,-0.0350395654769
0,1,0,1.8090031364,3,1,5.42700940919,1.8090031364,0.016427594703,0.00868271295763
0,1,0,1.8090031364,3,2,5.42700940919,3.61800627279,-0.028277490856,-0.026165073188
0,1,0,1.8090031364,3,3,5.42700940919,5.42700940919,0.017941626761,0.00204453992308
0,1,0,1.8090031364,3,4,5.42700940919,7.23601254558,-0.00667581761592,0.0109759216191
0,1,0,1.8090031364,4,-4,7.23601254558,-7.23601254558,-0.00569146944326,-0.00629106817496
0,1,0,1.8090031364,4,-3,7.23601254558,-5.42700940919,0.00596727402245,-0.0181803633777
0,1,0,1.8090031364,4,-2,7.23601254558,-3.61800627279,0.0197706882298,-0.00483155324821
0,1,0,1.8090031364,4,-1,7.23601254558,-1.8090031364,-0.0184464361928,-0.0321177135482
0,1,0,1.8090031364,4,0,7.23601254558,0,-0.0230045596442,0.0397551203476
0,1,0,1.8090031364,4,1,7.23601254558,1.8090031364,-0.0126753275463,0.00748268055901
0,1,0,1.8090031364,4,2,7.23601254558,3.61800627279,0.0055439720022,-0.013550042871
0,1,0,1.8090031364,4,3,7.23601254558,5.42700940919,-0.0262213169989,0.00123322898128
0,1,0,1.8090031364,4,4,7.23601254558,7.23601254558,-0.00595687987571,0.00388606678489
0,2,0,3.61800627279,-4,-4,-7.23601254558,-7.23601254558,0.00597389726632,0.0181118977939
0,2,0,3.61800627279,-4,-3,-7.23601254558,-5.42700940919,0.00440250461026,-0.00850539179265
0,2,0,3.61800627279,-4,-2,-7.23601254558,-3.61800627279,-0.0100944981992,-0.00503481226829
0,2,0,3.61800627279,-4,-1,-7.23601254558,-1.8090031364,0.00526696042445,-0.0037259420039
0,2,0,3.61800627279,-4,0,-7.23601254558,0,-0.0216434209049,-0.00527347304352
0,2,0,3.61800627279,-4,1,-7.23601254558,1.8090031364,0.00695659354566,0.0118000061073
0,2,0,3.61800627279,-4,2,-7.23601254558,3.61800627279,-0.00595407945225,-0.00635524404052
0,2,0,3.61800627279,-4,3,-7.23601254558,5.42700940919,-0.0187030419653,-0.00949776323954
0,2,0,3.61800627279,-4,4,-7.23601254558,7.23601254558,0.00632070091539,0.00487242467779
0,2,0,3.61800627279,-3,-4,-5.42700940919,-7.23601254558,0.00699308939966,0.0135449007434
0,2,0,3.61800627279,-3,-3,-5.42700940919,-5.42700940919,0.0093619318008,-0.00650590331647
0,2,0,3.61800627279,-3,-2,-5.42700940919,-3.61800627279,-0.0257647516427,0.0041437359375
0,2,0,3.61800627279,-3,-1,-5.42700940919,-1.8090031364,-0.0109686874707,-0.0210522949529
0,2,0,3.61800627279,-3,0,-5.42700940919,0,0.0129351642609,0.0156122837492
0,2,0,3.61800627279,-3,1,-5.42700940919,1.8090031364,-0.0137743738396,0.0157992069837
0,2,0,3.61800627279,-3,2,-5.42700940919,3.61800627279,0.0111181332043,-0.0040013288104
0,2,0,3.61800627279,-3,3,-5.42700940919,5.42700940919,-0.00388995564122,0.0138876623169
0,2,0,3.61800627279,-3,4,-5.42700940919,7.23601254558,-0.00443196074817,0.00571901202441
0,2,0,3.61800627279,-2,-4,-3.61800627279,-7.23601254558,-0.0033467589372,-0.00976042802916
0,2,0,3.61800627279,-2,-3,-3.61800627279,-5.42700940919,-0.00258201714591,-0.00129025848827
0,2,0,3.61800627279,-2,-2,-3.61800627279,-3.61800627279,0.0341619716545,7.86745844724e-05
0,2,0,3.61800627279,-2,-1,-3.61800627279,-1.8090031364,-0.0236249756053,-0.0176187491982
0,2,0,3.61800627279,-2,0,-3.61800627279,0,-0.00322234786382,-0.00685704176551
0,2,0,3.61800627279,-2,1,-3.61800627279,1.8090031364,-0.00656479730819,0.00497618003039
0,2,0,3.61800627279,-2,2,-3.61800627279,3.61800627279,-0.0211409545499,-0.0265073467533
0,2,0,3.61800627279,-2,3,-3.61800627279,5.42700940919,-0.0160678853584,0.00187950094596
0,2,0,3.61800627279,-2,4,-3.61800627279,7.23601254558,-0.00453908054343,-0.00429656457612
0,2,0,3.61800627279,-1,-4,-1.8090031364,-7.23601254558,-0.0136817323925,0.0107691958396
0,2,0,3.61800627279,-1,-3,-1.8090031364,-5.42700940919,0.00928676793862,-0.0132970787076
0,2,0,3.61800627279,-1,-2,-1.8090031364,-3.61800627279,-0.00285259986363,-0.003205051676
0,2,0,3.61800627279,-1,-1,-1.8090031364,-1.8090031364,-0.0423576952501,0.0163632503676
0,2,0,3.61800627279,-1,0,-1.8090031364,0,-0.00200974540788,0.0308848866519
0,2,0,3.61800627279,-1,1,-1.8090031364,1.8090031364,-0.034594219162,-0.0260978453816
0,2,0,3.61800627279,-1,2,-1.8090031364,3.61800627279,0.00832744828089,0.00568370378305
0,2,0,3.61800627279,-1,3,-1.8090031364,5.42700940919,-0.0322480434343,-0.00455214427211
0,2,0,3.61800627279,-1,4,-1.8090031364,7.23601254558,0.00427302682269,0.00795819545181
0,2,0,3.61800627279,0,-4,0,-7.23601254558,-0.0106572877188,0.0252409779876
0,2,0,3.61800627279,0,-3,0,-5.42700940919,-0.0206034169663,-0.0108767235353
0,2,0,3.61800627279,0,-2,0,-3.61800627279,0.0283430814822,0.0239796445676
0,2,0,3.61800627279,0,-1,0,-1.8090031364,0.0103365393562,0.0274240388118
0,2,0,3.61800627279,0,0,0,0,-0.00876077452359,0.0566535843612
0,2,0,3.61800627279,0,1,0,1.8090031364,0.0187120871687,0.00765400333434
0,2,0,3.61800627279,0,2,0,3.61800627279,0.302767897148,0
0,2,0,3.61800627279,0,3,0,5.42700940919,0.0134930593377,0.00244374650171
0,2,0,3.61800627279,0,4,0,7.23601254558,-0.000536525471696,-0.0231511178256
0,2,0,3.61800627279,1,-4,1.8090031364,-7.23601254558,0.0123375828819,-0.00107935506091
0,2,0,3.61800627279,1,-3,1.8090031364,-5.42700940919,-0.00833592198202,-0.00154421501993
0,2,0,3.61800627279,1,-2,1.8090031364,-3.61800627279,0.00763129505002,-0.0221533677079
0,2,0,3.61800627279,1,-1,1.8090031364,-1.8090031364,0.000600070198574,0.0049815439824
0,2,0,3.61800627279,1,0,1.8090031364,0,0.00185447643541,-0.0107078180219
0,2,0,3.61800627279,1,1,1.8090031364,1.8090031364,-0.0432864928009,0.00548842514521
0,2,0,3.61800627279,1,2,1.8090031364,3.61800627279,0.00651249801704,-0.00755147940581
0,2,0,3.61800627279,1,3,1.8090031364,5.42700940919,-0.0205403517087,0.00985241370831
0,2,0,3.61800627279,1,4,1.8090031364,7.23601254558,-0.00645908265234,-0.00961124311212
0,2,0,3.61800627279,2,-4,3.61800627279,-7.23601254558,0.0166377120108,0.00589812642429
0,2,0,3.61800627279,2,-3,3.61800627279,-5.42700940919,-0.000625605800426,-0.00917201352447
0,2,0,3.61800627279,2,-2,3.61800627279,-3.61800627279,0.0136349987461,0.0165395351698
0,2,0,3.61800627279,2,-1,3.61800627279,-1.8090031364,-0.00390904308288,0.0185250590847
0,2,0,3.61800627279,2,0,3.61800627279,0,-0.00823191079152,-0.00643601039299
0,2,0,3.61800627279,2,1,3.61800627279,1.8090031364,-0.0192014883018,-0.00211667145412
0,2,0,3.61800627279,2,2,3.61800627279,3.61800627279,-0.0241163884454,0.0284159717487
0,2,0,3.61800627279,2,3,3.61800627279,5.42700940919,-0.0028464431016,-0.00864537057439
0,2,0,3.61800627279,2,4,3.61800627279,7.23601254558,0.00511158908078,-0.000795185353032
0,2,0,3.61800627279,3,-4,5.42700940919,-7.23601254558,0.000800395092528,-0.00834288571837
0,2,0,3.61800627279,3,-3,5.42700940919,-5.42700940919,-0.0137408902431,-0.00728626016085
0,2,0,3.61800627279,3,-2,5.42700940919,-3.61800627279,0.00566971383683,-0.00224688072538
0,2,0,3.61800627279,3,-1,5.42700940919,-1.8090031364,-0.0331864708007,-0.000848938792896
0,2,0,3.61800627279,3,0,5.42700940919,0,0.00693090853455,-0.0291676379426
0,2,0,3.61800627279,3,1,5.42700940919,1.8090031364,0.00497213149371,-0.0145812244475
0,2,0,3.61800627279,3,2,5.42700940919,3.61800627279,0.00878410660976,-0.00350249025587
0,2,0,3.61800627279,3,3,5.42700940919,5.42700940919,-0.0175069209999,-0.0133189002045
0,2,0,3.61800627279,3,4,5.42700940919,7.23601254558,0.0103576832162,0.00340644801409
0,2,0,3.61800627279,4,-4,7.23601254558,-7.23601254558,-0.0032705799451,0.00606563090185
0,2,0,3.61800627279,4,-3,7.23601254558,-5.42700940919,-0.0114267848077,-0.00967089475391
0,2,0,3.61800627279,4,-2,7.23601254558,-3.61800627279,0.00428448563532,-0.0102123226472
0,2,0,3.61800627279,4,-1,7.23601254558,-1.8090031364,0.0170592363703,-0.00280194517111
0,2,0,3.61800627279,4,0,7.23601254558,0,-0.00391699741687,-0.0237824054621
0,2,0,3.61800627279,4,1,7.23601254558,1.8090031364,-0.0137168448032,0.0154661095179
0,2,0,3.61800627279,4,2,7.23601254558,3.61800627279,-0.0127206142953,0.00470677853738
0,2,0,3.61800627279,4,3,7.23601254558,5.42700940919,0.00399711980455,0.0011119565318
0,2,0,3.61800627279,4,4,7.23601254558,7.23601254558,-0.0146975398582,-0.000415820373717
0,3,0,5.42700940919,-4,-4,-7.23601254558,-7.23601254558,0.00669137106717,0.00152308650505
0,3,0,5.42700940919,-4,-3,-7.23601254558,-5.42700940919,0.00771621593393,0.0100596834473
0,3,0,5.42700940919,-4,-2,-7.23601254558,-3.61800627279,0.002350479817,-0.00867355656782
0,3,0,5.42700940919,-4,-1,-7.23601254558,-1.8090031364,-0.00969699329686,-0.00394378997425
0,3,0,5.42700940919,-4,0,-7.23601254558,0,0.000614897311058,-0.00483520571688
0,3,0,5.42700940919,-4,1,-7.23601254558,1.8090031364,-0.0109335489509,0.00175663412526
0,3,0,5.42700940919,-4,2,-7.23601254558,3.61800627279,0.00877705746161,0.000825406704846
0,3,0,5.42700940919,-4,3,-7.23601254558,5.42700940919,-0.00457310452847,-0.00194810316792
0,3,0,5.42700940919,-4,4,-7.23601254558,7.23601254558,-0.00331291375288,-0.00535628539752
0,3,0,5.42700940919,-3,-4,-5.42700940919,-7.23601254558,0.00576417177759,0.00537420250553
0,3,0,5.42700940919,-3,-3,-5.42700940919,-5.42700940919,0.000182937157208,0.00162127981777
0,3,0,5.42700940919,-3,-2,-5.42700940919,-3.61800627279,0.00247525125757,0.000759745534507
0,3,0,5.42700940919,-3,-1,-5.42700940919,-1.8090031364,-0.0161352024012,0.00160179255706
0,3,0,5.42700940919,-3,0,-5.42700940919,0,-0.00391267251062,-0.00624386763468
0,3,0,5.42700940919,-3,1,-5.42700940919,1.8090031364,0.00813397320282,0.00608276346994
0,3,0,5.42700940919,-3,2,-5.42700940919,3.61800627279,-0.00978434690315,0.0114130832123
0,3,0,5.42700940919,-3,3,-5.42700940919,5.42700940919,0.00733277410392,-5.61827351324e-06
0,3,0,5.42700940919,-3,4,-5.42700940919,7.23601254558,-0.00180405411544,0.00843284329339
0,3,0,5.42700940919,-2,-4,-3.61800627279,-7.23601254558,-0.00400695272196,0.00353190858776
0,3,0,5.42700940919,-2,-3,-3.61800627279,-5.42700940919,0.00316506123334,-0.0045706601172
0,3,0,5.42700940919,-2,-2,-3.61800627279,-3.61800627279,0.000917821602134,-0.00627963718472
0,3,0,5.42700940919,-2,-1,-3.61800627279,-1.8090031364,0.0318040346626,0.0024753108541
0,3,0,5.42700940919,-2,0,-3.61800627279,0,-0.017798664778,-0.0132934710446
0,3,0,5.42700940919,-2,1,-3.61800627279,1.8090031364,-0.00172986173563,-0.00055799698371
0,3,0,5.42700940919,-2,2,-3.61800627279,3.61800627279,-0.00302658110843,0.00051021136966
0,3,0,5.42700940919,-2,3,-3.61800627279,5.42700940919,-0.01171122588,-0.0104784443167
0,3,0,5.42700940919,-2,4,-3.61800627279,7.23601254558,-0.0123569816557,-0.00155838808506
0,3,0,5.42700940919,-1,-4,-1.8090031364,-7.23601254558,0.0135427550048,-0.00287442149794
0,3,0,5.42700940919,-1,-3,-1.8090031364,-5.42700940919,-0.0134214709255,0.0107660462018
0,3,0,5.42700940919,-1,-2,-1.8090031364,-3.61800627279,0.0102646503668,-0.0122966597902
0,3,0,5.42700940919,-1,-1,-1.8090031364,-1.8090031364,-0.0043224508843,0.00150592472172
0,3,0,5.42700940919,-1,0,-1.8090031364,0,-0.0322629188812,0.011572112236
0,3,0,5.42700940919,-1,1,-1.8090031364,1.8090031364,-0.010844940999,0.0192907559935
0,3,0,5.42700940919,-1,2,-1.8090031364,3.61800627279,-0.0198668072116,-0.0151654224119
0,3,0,5.42700940919,-1,3,-1.8090031364,5.42700940919,0.00385653733789,0.00167664775766
0,3,0,5.42700940919,-1,4,-1.8090031364,7.23601254558,-0.0113959685224,-0.00636955901949
0,3,0,5.42700940919,0,-4,0,-7.23601254558,0.00212866323601,0.00560530053219
0,3,0,5.42700940919,0,-3,0,-5.42700940919,-0.00443327604406,0.0199950897151
0,3,0,5.42700940919,0,-2,0,-3.61800627279,-0.0206034169663,-0.0108767235353
0,3,0,5.42700940919,0,-1,0,-1.8090031364,0.0341803784506,0.0223913723192
0,3,0,5.42700940919,0,0,0,0,-0.00451584850945,0.0242893284932
0,3,0,5.42700940919,0,1,0,1.8090031364,0.00382440823278,0.0353738556312
0,3,0,5.42700940919,0,2,0,3.61800627279,0.0134930593377,-0.00244374650171
0,3,0,5.42700940919,0,3,0,5.42700940919,0.141133353889,0
0,3,0,5.42700940919,0,4,0,7.23601254558,0.000891331268474,0.00181191836847
0,3,0,5.42700940919,1,-4,1.8090031364,-7.23601254558,-0.00953943704079,-0.00856894992428
0,3,0,5.42700940919,1,-3,1.8090031364,-5.42700940919,0.00169371220349,-0.00299171691172
0,3,0,5.42700940919,1,-2,1.8090031364,-3.61800627279,-0.00952842922844,-0.00465217853622
0,3,0,5.42700940919,1,-1,1.8090031364,-1.8090031364,-0.00101716824236,-0.0190224242459
0,3,0,5.42700940919,1,0,1.8090031364,0,0.00472796502439,0.00368481564487
0,3,0,5.42700940919,1,1,1.8090031364,1.8090031364,0.00673825140755,-0.0170596091925
0,3,0,5.42700940919,1,2,1.8090031364,3.61800627279,-0.0295298502964,0.00743879100874
0,3,0,5.42700940919,1,3,1.8090031364,5.42700940919,0.00259035390571,-7.48572898554e-05
0,3,0,5.42700940919,1,4,1.8090031364,7.23601254558,-0.012950181042,0.00796095476537
0,3,0,5.42700940919,2,-4,3.61800627279,-7.23601254558,0.00593013284138,0.00205557480232
0,3,0,5.42700940919,2,-3,3.61800627279,-5.42700940919,0.00695707110427,0.00199501127606
0,3,0,5.42700940919,2,-2,3.61800627279,-3.61800627279,-0.00286998836862,-0.00979140629825
0,3,0,5.42700940919,2,-1,3.61800627279,-1.8090031364,0.0137606355297,0.012557920401
0,3,0,5.42700940919,2,0,3.61800627279,0,0.00224206492739,0.0145844867347
0,3,0,5.42700940919,2,1,3.61800627279,1.8090031364,-0.00466639993055,-0.000352315704086
0,3,0,5.42700940919,2,2,3.61800627279,3.61800627279,-0.0122763736825,-0.00135801509672
0,3,0,5.42700940919,2,3,3.61800627279,5.42700940919,-0.0141804083188,0.014310078544
0,3,0,5.42700940919,2,4,3.61800627279,7.23601254558,0.00068726989417,-0.0019806567847
0,3,0,5.42700940919,3,-4,5.42700940919,-7.23601254558,0.00367079773724,-0.0135559305104
0,3,0,5.42700940919,3,-3,5.42700940919,-5.42700940919,-0.000105081240794,-0.00376884388756
0,3,0,5.42700940919,3,-2,5.42700940919,-3.61800627279,-0.00683254657424,-0.00119488282499
0,3,0,5.42700940919,3,-1,5.42700940919,-1.8090031364,0.00851134066443,0.00191502304248
0,3,0,5.42700940919,3,0,5.42700940919,0,-0.0184316204335,-0.00428587939993
0,3,0,5.42700940919,3,1,5.42700940919,1.8090031364,0.00202763549355,-0.0196697687106
0,3,0,5.42700940919,3,2,5.42700940919,3.61800627279,-0.00021643430475,-0.00412776454366
0,3,0,5.42700940919,3,3,5.42700940919,5.42700940919,0.00627893258917,-0.00230326009794
0,3,0,5.42700940919,3,4,5.42700940919,7.23601254558,-0.00508031911336,-0.00689541987507
0,3,0,5.42700940919,4,-4,7.23601254558,-7.23601254558,-0.0129463805264,0.00097074121412
0,3,0,5.42700940919,4,-3,7.23601254558,-5.42700940919,0.00287812377018,0.00542479578348
0,3,0,5.42700940919,4,-2,7.23601254558,-3.61800627279,-0.00688136851389,-0.00486060620603
0,3,0,5.42700940919,4,-1,7.23601254558,-1.8090031364,0.000964643435775,-0.0101846461717
0,3,0,5.42700940919,4,0,7.23601254558,0,-0.00122628679731,-0.000765455113566
0,3,0,5.42700940919,4,1,7.23601254558,1.8090031364,0.00355322122136,-0.00859094647255
0,3,0,5.42700940919,4,2,7.23601254558,3.61800627279,-0.00997571087741,0.00345827993567
0,3,0,5.42700940919,4,3,7.23601254558,5.42700940919,-0.000699754873242,0.00378109109943
0,3,0,5.42700940919,4,4,7.23601254558,7.23601254558,-0.00132316158626,-0.00187716586537
0,4,0,7.23601254558,-4,-4,-7.23601254558,-7.23601254558,0.002499334919,-0.00442189425715
0,4,0,7.23601254558,-4,-3,-7.23601254558,-5.42700940919,0.00296565607693,0.002371071194
0,4,0,7.23601254558,-4,-2,-7.23601254558,-3.61800627279,0.00736080327291,0.00160976483362
0,4,0,7.23601254558,-4,-1,-7.23601254558,-1.8090031364,-0.00260064243194,-0.00146326080878
0,4,0,7.23601254558,-4,0,-7.23601254558,0,-0.00341278249829,-0.00815932928942
0,4,0,7.23601254558,-4,1,-7.23601254558,1.8090031364,-0.0061723937077,0.000641710299727
0,4,0,7.23601254558,-4,2,-7.23601254558,3.61800627279,-0.00305066038079,0.00377213489566
0,4,0,7.23601254558,-4,3,-7.23601254558,5.42700940919,0.00140235998982,0.00103037645657
0,4,0,7.23601254558,-4,4,-7.23601254558,7.23601254558,-0.00369039389519,-0.000542233265289
0,4,0,7.23601254558,-3,-4,-5.42700940919,-7.23601254558,3.33204330547e-05,0.00452202305416
0,4,0,7.23601254558,-3,-3,-5.42700940919,-5.42700940919,0.00506295556238,0.00389248220282
0,4,0,7.23601254558,-3,-2,-5.42700940919,-3.61800627279,-0.000836095517583,0.00128148814904
0,4,0,7.23601254558,-3,-1,-5.42700940919,-1.8090031364,-2.72072919194e-05,-0.00438453747733
0,4,0,7.23601254558,-3,0,-5.42700940919,0,-0.0189337716155,0.00290407846942
0,4,0,7.23601254558,-3,1,-5.42700940919,1.8090031364,-0.00120772026824,0.000673572969251
0,4,0,7.23601254558,-3,2,-5.42700940919,3.61800627279,0.0051305984513,0.0028307474394
0,4,0,7.23601254558,-3,3,-5.42700940919,5.42700940919,-0.00538760546849,0.00604444143273
0,4,0,7.23601254558,-3,4,-5.42700940919,7.23601254558,0.00304737183049,-0.00182866562283
0,4,0,7.23601254558,-2,-4,-3.61800627279,-7.23601254558,-0.000425938329078,0.00494060085638
0,4,0,7.23601254558,-2,-3,-3.61800627279,-5.42700940919,-0.00707368831023,0.000976308603798
0,4,0,7.23601254558,-2,-2,-3.61800627279,-3.61800627279,-0.00162972993454,-0.00512138480625
0,4,0,7.23601254558,-2,-1,-3.61800627279,-1.8090031364,-0.00101548415601,-0.00604446888812
0,4,0,7.23601254558,-2,0,-3.61800627279,0,0.0259821874387,0.00641253252228
0,4,0,7.23601254558,-2,1,-3.61800627279,1.8090031364,-0.0150556435877,-0.005986447069
0,4,0,7.23601254558,-2,2,-3.61800627279,3.61800627279,0.0020147901594,-0.000144578551869
0,4,0,7.23601254558,-2,3,-3.61800627279,5.42700940919,0.00142296303955,0.00389943519522
0,4,0,7.23601254558,-2,4,-3.61800627279,7.23601254558,-0.00635831108284,-0.000296652033839
0,4,0,7.23601254558,-1,-4,-1.8090031364,-7.23601254558,-0.002438687936,-0.00480136228959
0,4,0,7.23601254558,-1,-3,-1.8090031364,-5.42700940919,0.00862163842278,-0.00262051577245
0,4,0,7.23601254558,-1,-2,-1.8090031364,-3.61800627279,-0.0144168565417,0.00891635615171
0,4,0,7.23601254558,-1,-1,-1.8090031364,-1.8090031364,0.0131100220487,-0.0109001981951
0,4,0,7.23601254558,-1,0,-1.8090031364,0,0.00278555808098,0.00479204335764
0,4,0,7.23601254558,-1,1,-1.8090031364,1.8090031364,-0.018652483722,0.0063426174519
0,4,0,7.23601254558,-1,2,-1.8090031364,3.61800627279,-0.00795050527047,0.0063080555599
0,4,0,7.23601254558,-1,3,-1.8090031364,5.42700940919,-0.00950914031815,-0.00461840057898
0,4,0,7.23601254558,-1,4,-1.8090031364,7.23601254558,-0.00249449979411,0.00394508253401
0,4,0,7.23601254558,0,-4,0,-7.23601254558,0.000626364610727,-0.00516806648914
0,4,0,7.23601254558,0,-3,0,-5.42700940919,0.00212866323601,0.00560530053219
0,4,0,7.23601254558,0,-2,0,-3.61800627279,-0.0106572877188,0.0252409779876
0,4,0,7.23601254558,0,-1,0,-1.8090031364,-0.0158792809741,-0.00285202412298
0,4,0,7.23601254558,0,0,0,0,0.0456174749587,0.013715616217
0,4,0,7.23601254558,0,1,0,1.8090031364,-0.00204705741763,0.0137364330406
0,4,0,7.23601254558,0,2,0,3.61800627279,-0.000536525471696,0.0231511178256
0,4,0,7.23601254558,0,3,0,5.42700940919,0.000891331268474,-0.00181191836847
0,4,0,7.23601254558,0,4,0,7.23601254558,0.0521818970395,0
0,4,0,7.23601254558,1,-4,1.8090031364,-7.23601254558,-0.00244877274191,0.00380176082908
0,4,0,7.23601254558,1,-3,1.8090031364,-5.42700940919,-0.00753514711097,-0.00697060692021
0,4,0,7.23601254558,1,-2,1.8090031364,-3.61800627279,0.0071093837039,-0.000767946116293
0,4,0,7.23601254558,1,-1,1.8090031364,-1.8090031364,-0.00448074284604,-0.00857050222077
0,4,0,7.23601254558,1,0,1.8090031364,0,-0.00804517511554,-0.0201609628468
0,4,0,7.23601254558,1,1,1.8090031364,1.8090031364,0.00609751906361,0.00283079548193
0,4,0,7.23601254558,1,2,1.8090031364,3.61800627279,0.00149967486637,-0.00861258089227
0,4,0,7.23601254558,1,3,1.8090031364,5.42700940919,-0.00868899712872,0.00282334228918
0,4,0,7.23601254558,1,4,1.8090031364,7.23601254558,-0.000260385972738,-0.00239891263749
0,4,0,7.23601254558,2,-4,3.61800627279,-7.23601254558,-0.0083153209797,0.00126479752837
0,4,0,7.23601254558,2,-3,3.61800627279,-5.42700940919,0.00354971658431,0.0045546729889
0,4,0,7.23601254558,2,-2,3.61800627279,-3.61800627279,0.00686128449218,-0.000454543684293
0,4,0,7.23601254558,2,-1,3.61800627279,-1.8090031364,-0.00211923645722,-0.0071881146618
0,4,0,7.23601254558,2,0,3.61800627279,0,0.00625327072525,0.00453799692034
0,4,0,7.23601254558,2,1,3.61800627279,1.8090031364,0.000462718322951,0.00825325760385
0,4,0,7.23601254558,2,2,3.61800627279,3.61800627279,-0.00279215576604,-5.40035102967e-05
0,4,0,7.23601254558,2,3,3.61800627279,5.42700940919,-0.00378591349641,2.12897421112e-05
0,4,0,7.23601254558,2,4,3.61800627279,7.23601254558,-0.0083598512178,0.00549181681917
0,4,0,7.23601254558,3,-4,5.42700940919,-7.23601254558,0.00899977012674,0.00273304156468
0,4,0,7.23601254558,3,-3,5.42700940919,-5.42700940919,0.00152511453858,-0.00894002274247
0,4,0,7.23601254558,3,-2,5.42700940919,-3.61800627279,-0.00320076649646,-0.00358716198698
0,4,0,7.23601254558,3,-1,5.42700940919,-1.8090031364,-0.00972648406002,-0.00652835745488
0,4,0,7.23601254558,3,0,5.42700940919,0,0.00922541450493,0.00284569961048
0,4,0,7.23601254558,3,1,5.42700940919,1.8090031364,-0.00982554999329,-0.00522313513897
0,4,0,7.23601254558,3,2,5.42700940919,3.61800627279,-0.000202005890974,-0.00793902298162
0,4,0,7.23601254558,3,3,5.42700940919,5.42700940919,-0.00265009733156,-0.0051025115233
0,4,0,7.23601254558,3,4,5.42700940919,7.23601254558,0.00477413100668,0.00192805362173
0,4,0,7.23601254558,4,-4,7.23601254558,-7.23601254558,-0.00157281103681,-0.000383769022956
0,4,0,7.23601254558,4,-3,7.23601254558,-5.42700940919,-0.00622968628871,-0.00268767219002
0,4,0,7.23601254558,4,-2,7.23601254558,-3.61800627279,-0.00527760710833,0.00479422037385
0,4,0,7.23601254558,4,-1,7.23601254558,-1.8090031364,-0.00238092176957,-0.00100485037383
0,4,0,7.23601254558,4,0,7.23601254558,0,0.00280888343788,-0.00793583504572
0,4,0,7.23601254558,4,1,7.23601254558,1.8090031364,-0.000595161487772,0.00298887293347
0,4,0,7.23601254558,4,2,7.23601254558,3.61800627279,-0.00135721026255,-0.00286144349439
0,4,0,7.23601254558,4,3,7.23601254558,5.42700940919,-0.00331203256441,-0.000514459319663
0,4,0,7.23601254558,4,4,7.23601254558,7.23601254558,0.0065814180095,0.00327854421988
1,-4,1.8090031364,-7.23601254558,-4,-4,-7.23601254558,-7.23601254558,0.00115387101755,0.00476854737889
1,-4,1.8090031364,-7.23601254558,-4,-3,-7.23601254558,-5.42700940919,0.001491365007,-0.00527906409333
1,-4,1.8090031364,-7.23601254558,-4,-2,-7.23601254558,-3.61800627279,-0.00563227509419,0.004576912154
1,-4,1.8090031364,-7.23601254558,-4,-1,-7.23601254558,-1.8090031364,0.0057027119146,-0.00511992764559
1,-4,1.8090031364,-7.23601254558,-4,0,-7.23601254558,0,-0.00207575400787,-0.00426405894397
1,-4,1.8090031364,-7.23601254558,-4,1,-7.23601254558,1.8090031364,0.00027138584586,0.00646874984247
1,-4,1.8090031364,-7.23601254558,-4,2,-7.23601254558,3.61800627279,-0.000331723191873,-0.000300915191079
1,-4,1.8090031364,-7.23601254558,-4,3,-7.23601254558,5.42700940919,-0.00203158423169,0.00282831367745
1,-4,1.8090031364,-7.23601254558,-4,4,-7.23601254558,7.23601254558,0.00515362339505,-0.00407022556581
1,-4,1.8090031364,-7.23601254558,-3,-4,-5.42700940919,-7.23601254558,0.00403970575577,-0.0027083430643
1,-4,1.8090031364,-7.23601254558,-3,-3,-5.42700940919,-5.42700940919,-0.00334519820031,-0.00144262465822
1,-4,1.8090031364,-7.23601254558,-3,-2,-5.42700940919,-3.61800627279,-0.000773065842213,0.00366963817001
1,-4,1.8090031364,-7.23601254558,-3,-1,-5.42700940919,-1.8090031364,-0.00063564222129,-0.00225797486742
1,-4,1.8090031364,-7.23601254558,-3,0,-5.42700940919,0,0.00197001290716,0.0191176618252
1,-4,1.8090031364,-7.23601254558,-3,1,-5.42700940919,1.8090031364,-0.00887967389611,0.00264022693924
1,-4,1.8090031364,-7.23601254558,-3,2,-5.42700940919,3.61800627279,-0.00521480007395,-0.00497049324465
1,-4,1.8090031364,-7.23601254558,-3,3,-5.42700940919,5.42700940919,-0.00945761905989,0.00522659979664
1,-4,1.8090031364,-7.23601254558,-3,4,-5.42700940919,7.23601254558,-0.00214706700321,0.00208657986838
1,-4,1.8090031364,-7.23601254558,-2,-4,-3.61800627279,-7.23601254558,0.00359197096195,-0.00085298904674
1,-4,1.8090031364,-7.23601254558,-2,-3,-3.61800627279,-5.42700940919,-0.00309148139945,0.00955416516822
1,-4,1.8090031364,-7.23601254558,-2,-2,-3.61800627279,-3.61800627279,0.00013049528219,0.012759139983
1,-4,1.8090031364,-7.23601254558,-2,-1,-3.61800627279,-1.8090031364,-0.0237074539395,0.00865212923032
1,-4,1.8090031364,-7.23601254558,-2,0,-3.61800627279,0,0.0113574871969,-0.000634930233921
1,-4,1.8090031364,-7.23601254558,-2,1,-3.61800627279,1.8090031364,-0.0176990156137,0.0063450879105
1,-4,1.8090031364,-7.23601254558,-2,2,-3.61800627279,3.61800627279,-0.00259966780053,0.00796044759771
1,-4,1.8090031364,-7.23601254558,-2,3,-3.61800627279,5.42700940919,0.00136838239822,0.00936153983331
1,-4,1.8090031364,-7.23601254558,-2,4,-3.61800627279,7.23601254558,0.0114129536388,-0.0015133377405
1,-4,1.8090031364,-7.23601254558,-1,-4,-1.8090031364,-7.23601254558,-0.00931015116909,-0.00170827092158
1,-4,1.8090031364,-7.23601254558,-1,-3,-1.8090031364,-5.42700940919,-0.0113530822148,-0.00102728211372
1,-4,1.8090031364,-7.23601254558,-1,-2,-1.8090031364,-3.61800627279,-0.00349750289851,0.000502949638457
1,-4,1.8090031364,-7.23601254558,-1,-1,-1.8090031364,-1.8090031364,0.00333750846803,-0.00894321620325
1,-4,1.8090031364,-7.23601254558,-1,0,-1.8090031364,0,0.0101270627527,-0.00799162294876
1,-4,1.8090031364,-7.23601254558,-1,1,-1.8090031364,1.8090031364,-0.00288994088273,0.0087692109667
1,-4,1.8090031364,-7.23601254558,-1,2,-1.8090031364,3.61800627279,0.0147493284556,0.00107827832731
1,-4,1.8090031364,-7.23601254558,-1,3,-1.8090031364,5.42700940919,0.00497053411455,-0.00501034410305
1,-4,1.8090031364,-7.23601254558,-1,4,-1.8090031364,7.23601254558,-0.00562403569985,0.000696600213108
1,-4,1.8090031364,-7.23601254558,0,-4,0,-7.23601254558,-0.00249449979411,0.00394508253401
1,-4,1.8090031364,-7.23601254558,0,-3,0,-5.42700940919,-0.0113959685224,-0.00636955901949
1,-4,1.8090031364,-7.23601254558,0,-2,0,-3.61800627279,0.00427302682269,0.00795819545181
1,-4,1.8090031364,-7.23601254558,0,-1,0,-1.8090031364,0.00766378378808,-0.00017607582586
1,-4,1.8090031364,-7.23601254558,0,0,0,0,-0.00290899420161,0.0265120521818
1,-4,1.8090031364,-7.23601254558,0,1,0,1.8090031364,-0.00532088173273,0.00745274633317
1,-4,1.8090031364,-7.23601254558,0,2,0,3.61800627279,0.0123375828819,0.00107935506091
1,-4,1.8090031364,-7.23601254558,0,3,0,5.42700940919,-0.00953943704079,0.00856894992428
1,-4,1.8090031364,-7.23601254558,0,4,0,7.23601254558,-0.00244877274191,-0.00380176082908
1,-4,1.8090031364,-7.23601254558,1,-4,1.8090031364,-7.23601254558,0.0429864125212,0
1,-4,1.8090031364,-7.23601254558,1,-3,1.8090031364,-5.42700940919,0.0036084721737,0.00163735176143
1,-4,1.8090031364,-7.23601254558,1,-2,1.8090031364,-3.61800627279,0.000782217961333,-0.0177621453671
1,-4,1.8090031364,-7.23601254558,1,-1,1.8090031364,-1.8090031364,-0.00233252649456,-0.0115416958316
1,-4,1.8090031364,-7.23601254558,1,0,1.8090031364,0,0.0380279340546,-0.00715976331745
1,-4,1.8090031364,-7.23601254558,1,1,1.8090031364,1.8090031364,-0.0126441039687,0.00525640916825
1,-4,1.8090031364,-7.23601254558,1,2,1.8090031364,3.61800627279,-0.00897386559924,-0.0231364121624
1,-4,1.8090031364,-7.23601254558,1,3,1.8090031364,5.42700940919,0.000109019439341,-0.00784215616445
1,-4,1.8090031364,-7.23601254558,1,4,1.8090031364,7.23601254558,0.000265489927604,0.00250373217016
1,-4,1.8090031364,-7.23601254558,2,-4,3.61800627279,-7.23601254558,-0.000298070022648,-0.0021586904843
1,-4,1.8090031364,-7.23601254558,2,-3,3.61800627279,-5.42700940919,-0.00361688550727,9.8308919078e-06
1,-4,1.8090031364,-7.23601254558,2,-2,3.61800627279,-3.61800627279,-0.00502141912394,-0.000202715060012
1,-4,1.8090031364,-7.23601254558,2,-1,3.61800627279,-1.8090031364,-0.0148209543415,-0.00590905075217
1,-4,1.8090031364,-7.23601254558,2,0,3.61800627279,0,0.00243488514612,-0.0032236983248
1,-4,1.8090031364,-7.23601254558,2,1,3.61800627279,1.8090031364,0.00895764374909,0.00622680553348
1,-4,1.8090031364,-7.23601254558,2,2,3.61800627279,3.61800627279,-0.0123078007815,-0.00988145880241
1,-4,1.8090031364,-7.23601254558,2,3,3.61800627279,5.42700940919,0.00299289157734,-0.000883050409048
1,-4,1.8090031364,-7.23601254558,2,4,3.61800627279,7.23601254558,0.00086726481925,0.00166697564057
1,-4,1.8090031364,-7.23601254558,3,-4,5.42700940919,-7.23601254558,-0.00312204649543,-0.00136114044053
1,-4,1.8090031364,-7.23601254558,3,-3,5.42700940919,-5.42700940919,-0.00176584167873,-0.00328121421476
1,-4,1.8090031364,-7.23601254558,3,-2,5.42700940919,-3.61800627279,-0.00127470548883,0.000337080984776
1,-4,1.8090031364,-7.23601254558,3,-1,5.42700940919,-1.8090031364,-0.00866261422183,-0.0005990940612
1,-4,1.8090031364,-7.23601254558,3,0,5.42700940919,0,0.013150153934,-0.00351920631602
1,-4,1.8090031364,-7.23601254558,3,1,5.42700940919,1.8090031364,-0.00309140746081,0.00310917802587
1,-4,1.8090031364,-7.23601254558,3,2,5.42700940919,3.61800627279,-0.00111012291763,0.00274751296186
1,-4,1.8090031364,-7.23601254558,3,3,5.42700940919,5.42700940919,-0.00242393369524,0.00160111537528
1,-4,1.8090031364,-7.23601254558,3,4,5.42700940919,7.23601254558,0.00190970249157,-0.00282961481299
1,-4,1.8090031364,-7.23601254558,4,-4,7.23601254558,-7.23601254558,0.00055795803044,-0.000380908107315
1,-4,1.8090031364,-7.23601254558,4,-3,7.23601254558,-5.42700940919,-0.00549952035747,-0.00513678895564
1,-4,1.8090031364,-7.23601254558,4,-2,7.23601254558,-3.61800627279,0.000844895550746,-0.0015267123743
1,-4,1.8090031364,-7.23601254558,4,-1,7.23601254558,-1.8090031364,0.000983390585331,-0.00401650396183
1,-4,1.8090031364,-7.23601254558,4,0,7.23601254558,0,-0.00845287450478,-0.00235058159388
1,-4,1.8090031364,-7.23601254558,4,1,7.23601254558,1.8090031364,-0.00295820456446,-0.00161390251011
1,-4,1.8090031364,-7.23601254558,4,2,7.23601254558,3.61800627279,-0.00281409077466,0.00306779621018
1,-4,1.8090031364,-7.23601254558,4,3,7.23601254558,5.42700940919,0.00370079050807,0.0006569021817
1,-4,1.8090031364,-7.23601254558,4,4,7.23601254558,7.23601254558,0.00183491330855,-0.000890061045469
1,-3,1.8090031364,-5.42700940919,-4,-4,-7.23601254558,-7.23601254558,-0.00228383873515,-0.00109649187732
1,-3,1.8090031364,-5.42700940919,-4,-3,-7.23601254558,-5.42700940919,0.00186271658727,-0.00236407435139
1,-3,1.8090031364,-5.42700940919,-4,-2,-7.23601254558,-3.61800627279,-0.000239349628291,-0.00433368746449
1,-3,1.8090031364,-5.42700940919,-4,-1,-7.23601254558,-1.8090031364,-0.00361475150928,0.00814029195121
1,-3,1.8090031364,-5.42700940919,-4,0,-7.23601254558,0,0.00314897124035,-0.00719005936998
1,-3,1.8090031364,-5.42700940919,-4,1,-7.23601254558,1.8090031364,-0.00148616752811,-0.00997966576224
1,-3,1.8090031364,-5.42700940919,-4,2,-7.23601254558,3.61800627279,0.00231166579043,0.00487941873071
1,-3,1.8090031364,-5.42700940919,-4,3,-7.23601254558,5.42700940919,0.000413510600099,7.61548676823e-05
1,-3,1.8090031364,-5.42700940919,-4,4,-7.23601254558,7.23601254558,0.0064726316857,0.00188682230575
1,-3,1.8090031364,-5.42700940919,-3,-4,-5.42700940919,-7.23601254558,-0.00493250579984,0.00394664359666
1,-3,1.8090031364,-5.42700940919,-3,-3,-5.42700940919,-5.42700940919,-0.00344171244366,-0.00435890120517
1,-3,1.8090031364,-5.42700940919,-3,-2,-5.42700940919,-3.61800627279,-0.0101499741462,-0.0027766975823
1,-3,1.8090031364,-5.42700940919,-3,-1,-5.42700940919,-1.8090031364,0.00294933701645,0.00848558810803
1,-3,1.8090031364,-5.42700940919,-3,0,-5.42700940919,0,0.000886352802565,0.000825132874565
1,-3,1.8090031364,-5.42700940919,-3,1,-5.42700940919,1.8090031364,0.00348157414684,0.0115264746788
1,-3,1.8090031364,-5.42700940919,-3,2,-5.42700940919,3.61800627279,-0.0109053405364,0.00715760453074
1,-3,1.8090031364,-5.42700940919,-3,3,-5.42700940919,5.42700940919,0.00326906513328,-0.00435840830578
1,-3,1.8090031364,-5.42700940919,-3,4,-5.42700940919,7.23601254558,-0.0126310257067,0.0036742663048
1,-3,1.8090031364,-5.42700940919,-2,-4,-3.61800627279,-7.23601254558,-0.00725633002759,0.00947778593209
1,-3,1.8090031364,-5.42700940919,-2,-3,-3.61800627279,-5.42700940919,0.00734726356944,-0.00142029123835
1,-3,1.8090031364,-5.42700940919,-2,-2,-3.61800627279,-3.61800627279,-0.0011719565578,0.00880404185653
1,-3,1.8090031364,-5.42700940919,-2,-1,-3.61800627279,-1.8090031364,0.000138032153591,0.0237946905991
1,-3,1.8090031364,-5.42700940919,-2,0,-3.61800627279,0,-0.0298371176122,0.00763874766288
1,-3,1.8090031364,-5.42700940919,-2,1,-3.61800627279,1.8090031364,0.0106431966993,-0.00272029593807
1,-3,1.8090031364,-5.42700940919,-2,2,-3.61800627279,3.61800627279,-0.0115275044125,0.00324829961683
1,-3,1.8090031364,-5.42700940919,-2,3,-3.61800627279,5.42700940919,-0.00415250183399,0.00563981329154
1,-3,1.8090031364,-5.42700940919,-2,4,-3.61800627279,7.23601254558,0.00150131674541,0.0126950761129
1,-3,1.8090031364,-5.42700940919,-1,-4,-1.8090031364,-7.23601254558,0.000700045651196,3.32876027797e-05
1,-3,1.8090031364,-5.42700940919,-1,-3,-1.8090031364,-5.42700940919,-0.0129290539105,-0.0145685522439
1,-3,1.8090031364,-5.42700940919,-1,-2,-1.8090031364,-3.61800627279,-0.0175997067575,0.00378024961254
1,-3,1.8090031364,-5.42700940919,-1,-1,-1.8090031364,-1.8090031364,-0.0131750721334,-0.000680279156763
1,-3,1.8090031364,-5.42700940919,-1,0,-1.8090031364,0,0.0047008790066,-0.0157304422543
1,-3,1.8090031364,-5.42700940919,-1,1,-1.8090031364,1.8090031364,0.0134711604969,-0.0159390960269
1,-3,1.8090031364,-5.42700940919,-1,2,-1.8090031364,3.61800627279,-0.00202850968593,0.00918446032973
1,-3,1.8090031364,-5.42700940919,-1,3,-1.8090031364,5.42700940919,0.00687684260371,-0.00462270188703
1,-3,1.8090031364,-5.42700940919,-1,4,-1.8090031364,7.23601254558,0.00497053411455,-0.00501034410305
1,-3,1.8090031364,-5.42700940919,0,-4,0,-7.23601254558,-0.00950914031815,-0.00461840057898
1,-3,1.8090031364,-5.42700940919,0,-3,0,-5.42700940919,0.00385653733789,0.00167664775766
1,-3,1.8090031364,-5.42700940919,0,-2,0,-3.61800627279,-0.0322480434343,-0.00455214427211
1,-3,1.8090031364,-5.42700940919,0,-1,0,-1.8090031364,0.00684680626925,0.0152941719425
1,-3,1.8090031364,-5.42700940919,0,0,0,0,0.0085115508056,-0.00306834441205
1,-3,1.8090031364,-5.42700940919,0,1,0,1.8090031364,0.00266241312278,0.0214553823624
1,-3,1.8090031364,-5.42700940919,0,2,0,3.61800627279,-0.00833592198202,0.00154421501993
1,-3,1.8090031364,-5.42700940919,0,3,0,5.42700940919,0.00169371220349,0.00299171691172
1,-3,1.8090031364,-5.42700940919,0,4,0,7.23601254558,-0.00753514711097,0.00697060692021
1,-3,1.8090031364,-5.42700940919,1,-4,1.8090031364,-7.23601254558,0.0036084721737,-0.00163735176143
1,-3,1.8090031364,-5.42700940919,1,-3,1.8090031364,-5.42700940919,0.10985641161,0
1,-3,1.8090031364,-5.42700940919,1,-2,1.8090031364,-3.61800627279,0.00964732722313,0.0046396810627
1,-3,1.8090031364,-5.42700940919,1,-1,1.8090031364,-1.8090031364,0.000102382238365,-0.0308639526307
1,-3,1.8090031364,-5.42700940919,1,0,1.8090031364,0,1.87495671618e-05,-0.0158391966532
1,-3,1.8090031364,-5.42700940919,1,1,1.8090031364,1.8090031364,0.0325030018544,-0.020005156453
1,-3,1.8090031364,-5.42700940919,1,2,1.8090031364,3.61800627279,-0.0144321723441,0.00890024635902
1,-3,1.8090031364,-5.42700940919,1,3,1.8090031364,5.42700940919,-0.00212568013313,-0.016994339986
1,-3,1.8090031364,-5.42700940919,1,4,1.8090031364,7.23601254558,0.00166228258512,-0.00444515136771
1,-3,1.8090031364,-5.42700940919,2,-4,3.61800627279,-7.23601254558,-0.00707722500275,0.0053447572327
1,-3,1.8090031364,-5.42700940919,2,-3,3.61800627279,-5.42700940919,0.000127137556792,-0.00156123978086
1,-3,1.8090031364,-5.42700940919,2,-2,3.61800627279,-3.61800627279,-0.0116173232368,0.00915129674168
1,-3,1.8090031364,-5.42700940919,2,-1,3.61800627279,-1.8090031364,-0.00831389769355,-0.0125315222891
1,-3,1.8090031364,-5.42700940919,2,0,3.61800627279,0,-0.0189795822296,-0.00955562524148
1,-3,1.8090031364,-5.42700940919,2,1,3.61800627279,1.8090031364,-0.00328247971006,-0.00203606798132
1,-3,1.8090031364,-5.42700940919,2,2,3.61800627279,3.61800627279,0.00921957793979,0.00535678814019
1,-3,1.8090031364,-5.42700940919,2,3,3.61800627279,5.42700940919,-0.011422858863,-0.00769636691856
1,-3,1.8090031364,-5.42700940919,2,4,3.61800627279,7.23601254558,0.00678699893681,0.00404291363664
1,-3,1.8090031364,-5.42700940919,3,-4,5.42700940919,-7.23601254558,-0.00420028154096,-0.000615258505544
1,-3,1.8090031364,-5.42700940919,3,-3,5.42700940919,-5.42700940919,-0.00674081871458,0.0049105493645
1,-3,1.8090031364,-5.42700940919,3,-2,5.42700940919,-3.61800627279,-0.00118520501046,-0.00442517933425
1,-3,1.8090031364,-5.42700940919,3,-1,5.42700940919,-1.8090031364,-0.000198504351982,0.000119907154615
1,-3,1.8090031364,-5.42700940919,3,0,5.42700940919,0,-0.00964648183362,0.00491317344156
1,-3,1.8090031364,-5.42700940919,3,1,5.42700940919,1.8090031364,0.0138615422436,-0.00105920017012
1,-3,1.8090031364,-5.42700940919,3,2,5.42700940919,3.61800627279,4.23861978053e-05,0.00415671712023
1,-3,1.8090031364,-5.42700940919,3,3,5.42700940919,5.42700940919,0.0018944822048,0.00435268196972
1,-3,1.8090031364,-5.42700940919,3,4,5.42700940919,7.23601254558,-0.00358186006981,-0.00435243869678
1,-3,1.8090031364,-5.42700940919,4,-4,7.23601254558,-7.23601254558,0.00311528197774,-0.00256538986837
1,-3,1.8090031364,-5.42700940919,4,-3,7.23601254558,-5.42700940919,0.00599703503074,0.000344456636111
1,-3,1.8090031364,-5.42700940919,4,-2,7.23601254558,-3.61800627279,-0.00677039285022,-0.00963245224879
1,-3,1.8090031364,-5.42700940919,4,-1,7.23601254558,-1.8090031364,0.00276231105415,-0.00213306493835
1,-3,1.8090031364,-5.42700940919,4,0,7.23601254558,0,-0.00448837791136,0.00159370661792
1,-3,1.8090031364,-5.42700940919,4,1,7.23601254558,1.8090031364,-0.0108651817795,-0.000259961495668
1,-3,1.8090031364,-5.42700940919,4,2,7.23601254558,3.61800627279,-0.00123721575762,-0.00471166834224
1,-3,1.8090031364,-5.42700940919,4,3,7.23601254558,5.42700940919,0.000221202757785,0.00134320527078
1,-3,1.8090031364,-5.42700940919,4,4,7.23601254558,7.23601254558,0.00512288350167,-0.00516997907813
1,-2,1.8090031364,-3.61800627279,-4,-4,-7.23601254558,-7.23601254558,0.00476014418379,-0.00107328035799
1,-2,1.8090031364,-3.61800627279,-4,-3,-7.23601254558,-5.42700940919,0.00274688516153,-0.00373232154603
1,-2,1.8090031364,-3.61800627279,-4,-2,-7.23601254558,-3.61800627279,-0.00839427226147,-0.00818254023895
1,-2,1.8090031364,-3.61800627279,-4,-1,-7.23601254558,-1.8090031364,0.000513109929327,-0.00387151177447
1,-2,1.8090031364,-3.61800627279,-4,0,-7.23601254558,0,-0.00050411277024,0.0141042922366
1,-2,1.8090031364,-3.61800627279,-4,1,-7.23601254558,1.8090031364,0.000248389900862,-0.00236702461101
1,-2,1.8090031364,-3.61800627279,-4,2,-7.23601254558,3.61800627279,-0.000358810825174,-0.0120093214916
1,-2,1.8090031364,-3.61800627279,-4,3,-7.23601254558,5.42700940919,0.00386446141489,0.0076424484044
1,-2,1.8090031364,-3.61800627279,-4,4,-7.23601254558,7.23601254558,0.00137812434749,-0.00183889156152
1,-2,1.8090031364,-3.61800627279,-3,-4,-5.42700940919,-7.23601254558,-0.0116114284274,0.00448105408281
1,-2,1.8090031364,-3.61800627279,-3,-3,-5.42700940919,-5.42700940919,0.00555277408495,0.000968895109753
1,-2,1.8090031364,-3.61800627279,-3,-2,-5.42700940919,-3.61800627279,-0.0114854942376,-0.00639476356865
1,-2,1.8090031364,-3.61800627279,-3,-1,-5.42700940919,-1.8090031364,-0.0186662728094,-0.0191898427256
1,-2,1.8090031364,-3.61800627279,-3,0,-5.42700940919,0,-0.00660978451501,0.0277958851035
1,-2,1.8090031364,-3.61800627279,-3,1,-5.42700940919,1.8090031364,0.0145844788071,0.00276439853794
1,-2,1.8090031364,-3.61800627279,-3,2,-5.42700940919,3.61800627279,0.00256198208267,0.00962545193674
1,-2,1.8090031364,-3.61800627279,-3,3,-5.42700940919,5.42700940919,-0.0132153674364,0.00303753610239
1,-2,1.8090031364,-3.61800627279,-3,4,-5.42700940919,7.23601254558,-0.000663115055642,-0.00590570986721
1,-2,1.8090031364,-3.61800627279,-2,-4,-3.61800627279,-7.23601254558,0.0119035553653,0.0037804962232
1,-2,1.8090031364,-3.61800627279,-2,-3,-3.61800627279,-5.42700940919,-0.017558549622,0.0184395388832
1,-2,1.8090031364,-3.61800627279,-2,-2,-3.61800627279,-3.61800627279,0.0137952458482,-0.000353660978854
1,-2,1.8090031364,-3.61800627279,-2,-1,-3.61800627279,-1.8090031364,0.000618605348048,0.0229778854911
1,-2,1.8090031364,-3.61800627279,-2,0,-3.61800627279,0,0.00902633791649,0.0378611430864
1,-2,1.8090031364,-3.61800627279,-2,1,-3.61800627279,1.8090031364,-0.0421780660177,0.000500076538993
1,-2,1.8090031364,-3.61800627279,-2,2,-3.61800627279,3.61800627279,0.0109899918823,-0.0011192458905
1,-2,1.8090031364,-3.61800627279,-2,3,-3.61800627279,5.42700940919,-0.0127620523156,0.00258893225965
1,-2,1.8090031364,-3.61800627279,-2,4,-3.61800627279,7.23601254558,0.00137357309357,0.00953572407024
1,-2,1.8090031364,-3.61800627279,-1,-4,-1.8090031364,-7.23601254558,0.00209466714811,0.000915758143775
1,-2,1.8090031364,-3.61800627279,-1,-3,-1.8090031364,-5.42700940919,-0.0057863558749,0.0037412413204
1,-2,1.8090031364,-3.61800627279,-1,-2,-1.8090031364,-3.61800627279,-0.0270556857494,-0.0322071079208
1,-2,1.8090031364,-3.61800627279,-1,-1,-1.8090031364,-1.8090031364,-0.0209829688533,0.00146295624036
1,-2,1.8090031364,-3.61800627279,-1,0,-1.8090031364,0,-0.00876412874833,0.00324077043123
1,-2,1.8090031364,-3.61800627279,-1,1,-1.8090031364,1.8090031364,-0.00618746183759,-0.0249441602195
1,-2,1.8090031364,-3.61800627279,-1,2,-1.8090031364,3.61800627279,0.0113710373316,-0.0223945274372
1,-2,1.8090031364,-3.61800627279,-1,3,-1.8090031364,5.42700940919,-0.00202850968593,0.00918446032973
1,-2,1.8090031364,-3.61800627279,-1,4,-1.8090031364,7.23601254558,0.0147493284556,0.00107827832731
1,-2,1.8090031364,-3.61800627279,0,-4,0,-7.23601254558,-0.00795050527047,0.0063080555599
1,-2,1.8090031364,-3.61800627279,0,-3,0,-5.42700940919,-0.0198668072116,-0.0151654224119
1,-2,1.8090031364,-3.61800627279,0,-2,0,-3.61800627279,0.00832744828089,0.00568370378305
1,-2,1.8090031364,-3.61800627279,0,-1,0,-1.8090031364,-0.0438393756111,-0.00617942633905
1,-2,1.8090031364,-3.61800627279,0,0,0,0,0.00647883099602,0.0178914862173
1,-2,1.8090031364,-3.61800627279,0,1,0,1.8090031364,0.000420603424137,-0.00293430746166
1,-2,1.8090031364,-3.61800627279,0,2,0,3.61800627279,0.00763129505002,0.0221533677079
1,-2,1.8090031364,-3.61800627279,0,3,0,5.42700940919,-0.00952842922844,0.00465217853622
1,-2,1.8090031364,-3.61800627279,0,4,0,7.23601254558,0.0071093837039,0.000767946116293
1,-2,1.8090031364,-3.61800627279,1,-4,1.8090031364,-7.23601254558,0.000782217961333,0.0177621453671
1,-2,1.8090031364,-3.61800627279,1,-3,1.8090031364,-5.42700940919,0.00964732722313,-0.0046396810627
1,-2,1.8090031364,-3.61800627279,1,-2,1.8090031364,-3.61800627279,0.265236770106,0
1,-2,1.8090031364,-3.61800627279,1,-1,1.8090031364,-1.8090031364,0.0148059832313,-0.00104000226426
1,-2,1.8090031364,-3.61800627279,1,0,1.8090031364,0,-0.0114819086823,-0.0341071897563
1,-2,1.8090031364,-3.61800627279,1,1,1.8090031364,1.8090031364,0.00883593401686,-0.0202463376426
1,-2,1.8090031364,-3.61800627279,1,2,1.8090031364,3.61800627279,0.0270035645054,-0.0199853146236
1,-2,1.8090031364,-3.61800627279,1,3,1.8090031364,5.42700940919,-0.0185525720379,0.0109380823449
1,-2,1.8090031364,-3.61800627279,1,4,1.8090031364,7.23601254558,-0.0085598457937,-0.0238941917254
1,-2,1.8090031364,-3.61800627279,2,-4,3.61800627279,-7.23601254558,0.00564448747883,-0.00499864878303
1,-2,1.8090031364,-3.61800627279,2,-3,3.61800627279,-5.42700940919,-0.0245782059016,0.00860836280931
1,-2,1.8090031364,-3.61800627279,2,-2,3.61800627279,-3.61800627279,0.00872336368636,-0.00242868867274
1,-2,1.8090031364,-3.61800627279,2,-1,3.61800627279,-1.8090031364,-0.0224254970616,0.0226698727272
1,-2,1.8090031364,-3.61800627279,2,0,3.61800627279,0,-0.00246374374001,-0.0199482659398
1,-2,1.8090031364,-3.61800627279,2,1,3.61800627279,1.8090031364,-0.0352462634769,-0.0144146695913
1,-2,1.8090031364,-3.61800627279,2,2,3.61800627279,3.61800627279,-0.00222570871151,2.91790453919e-05
1,-2,1.8090031364,-3.61800627279,2,3,3.61800627279,5.42700940919,0.0099576133203,0.00766098903262
1,-2,1.8090031364,-3.61800627279,2,4,3.61800627279,7.23601254558,-0.00977285230696,-0.00776977796077
1,-2,1.8090031364,-3.61800627279,3,-4,5.42700940919,-7.23601254558,-0.00447017337238,0.00289581976335
1,-2,1.8090031364,-3.61800627279,3,-3,5.42700940919,-5.42700940919,-0.0108168153145,-0.0018214392045
1,-2,1.8090031364,-3.61800627279,3,-2,5.42700940919,-3.61800627279,-0.0177133998093,0.0154679107343
1,-2,1.8090031364,-3.61800627279,3,-1,5.42700940919,-1.8090031364,-0.00238478369893,-0.0071036835955
1,-2,1.8090031364,-3.61800627279,3,0,5.42700940919,0,-0.0013262464585,0.00330347628127
1,-2,1.8090031364,-3.61800627279,3,1,5.42700940919,1.8090031364,-0.01740921404,0.00898481606492
1,-2,1.8090031364,-3.61800627279,3,2,5.42700940919,3.61800627279,0.0219139775155,-0.000863092497701
1,-2,1.8090031364,-3.61800627279,3,3,5.42700940919,5.42700940919,-0.00100268290921,0.00341442549881
1,-2,1.8090031364,-3.61800627279,3,4,5.42700940919,7.23601254558,7.16306655681e-05,0.00861661945734
1,-2,1.8090031364,-3.61800627279,4,-4,7.23601254558,-7.23601254558,-0.00225659132076,-0.00696839515007
1,-2,1.8090031364,-3.61800627279,4,-3,7.23601254558,-5.42700940919,0.00095442720542,-0.0122041613304
1,-2,1.8090031364,-3.61800627279,4,-2,7.23601254558,-3.61800627279,0.010246141669,0.00193727996512
1,-2,1.8090031364,-3.61800627279,4,-1,7.23601254558,-1.8090031364,-0.00698216187808,-0.00843883121321
1,-2,1.8090031364,-3.61800627279,4,0,7.23601254558,0,0.0081558243804,-0.0107532435622
1,-2,1.8090031364,-3.61800627279,4,1,7.23601254558,1.8090031364,-0.00425657435005,0.0163478561939
1,-2,1.8090031364,-3.61800627279,4,2,7.23601254558,3.61800627279,-0.0213893550194,-0.00391083643988
1,-2,1.8090031364,-3.61800627279,4,3,7.23601254558,5.42700940919,0.00701368485006,0.00507591462385
1,-2,1.8090031364,-3.61800627279,4,4,7.23601254558,7.23601254558,0.0100861159048,-0.0121817373387
1,-1,1.8090031364,-1.8090031364,-4,-4,-7.23601254558,-7.23601254558,0.0275582374569,0.0217539353668
1,-1,1.8090031364,-1.8090031364,-4,-3,-7.23601254558,-5.42700940919,0.00400752939572,0.00132457698419
1,-1,1.8090031364,-1.8090031364,-4,-2,-7.23601254558,-3.61800627279,0.00860830661523,-0.010310964781
1,-1,1.8090031364,-1.8090031364,-4,-1,-7.23601254558,-1.8090031364,-0.0255461615968,-0.0011816695305
1,-1,1.8090031364,-1.8090031364,-4,0,-7.23601254558,0,0.00663469361021,-0.00405763802354
1,-1,1.8090031364,-1.8090031364,-4,1,-7.23601254558,1.8090031364,0.00422563456624,0.0191308601712
1,-1,1.8090031364,-1.8090031364,-4,2,-7.23601254558,3.61800627279,-0.00139803171534,-0.00608307008449
1,-1,1.8090031364,-1.8090031364,-4,3,-7.23601254558,5.42700940919,-0.00247305423273,-0.0169464292198
1,-1,1.8090031364,-1.8090031364,-4,4,-7.23601254558,7.23601254558,9.52882319587e-05,0.0265510487112
1,-1,1.8090031364,-1.8090031364,-3,-4,-5.42700940919,-7.23601254558,-0.0110962941078,-0.00369867361309
1,-1,1.8090031364,-1.8090031364,-3,-3,-5.42700940919,-5.42700940919,-0.0214921102756,0.00215162473733
1,-1,1.8090031364,-1.8090031364,-3,-2,-5.42700940919,-3.61800627279,0.00652895430532,0.0119198047892
1,-1,1.8090031364,-1.8090031364,-3,-1,-5.42700940919,-1.8090031364,-0.010814415958,-0.00429027250461
1,-1,1.8090031364,-1.8090031364,-3,0,-5.42700940919,0,-0.0263618562975,-0.0432172068162
1,-1,1.8090031364,-1.8090031364,-3,1,-5.42700940919,1.8090031364,-0.0194331593615,0.036143965419
1,-1,1.8090031364,-1.8090031364,-3,2,-5.42700940919,3.61800627279,0.0192957809387,0.00375252936127
1,-1,1.8090031364,-1.8090031364,-3,3,-5.42700940919,5.42700940919,0.0017405868593,0.0225054946728
1,-1,1.8090031364,-1.8090031364,-3,4,-5.42700940919,7.23601254558,-0.00902896994462,0.00519472734522
1,-1,1.8090031364,-1.8090031364,-2,-4,-3.61800627279,-7.23601254558,-0.00389799880088,-0.00983948347248
1,-1,1.8090031364,-1.8090031364,-2,-3,-3.61800627279,-5.42700940919,0.0187256136257,0.00471679265934
1,-1,1.8090031364,-1.8090031364,-2,-2,-3.61800627279,-3.61800627279,-0.0230999124414,0.024696607901
1,-1,1.8090031364,-1.8090031364,-2,-1,-3.61800627279,-1.8090031364,0.0240007657041,-0.00622056963746
1,-1,1.8090031364,-1.8090031364,-2,0,-3.61800627279,0,-0.00460752837495,0.0409878956468
1,-1,1.8090031364,-1.8090031364,-2,1,-3.61800627279,1.8090031364,0.0163679603813,0.0372951546497
1,-1,1.8090031364,-1.8090031364,-2,2,-3.61800627279,3.61800627279,-0.046824086598,-0.000476614601657
1,-1,1.8090031364,-1.8090031364,-2,3,-3.61800627279,5.42700940919,0.0117745513073,0.00123541804375
1,-1,1.8090031364,-1.8090031364,-2,4,-3.61800627279,7.23601254558,-0.0237057014322,0.0098357152884
1,-1,1.8090031364,-1.8090031364,-1,-4,-1.8090031364,-7.23601254558,-0.022735676954,-0.0109985303421
1,-1,1.8090031364,-1.8090031364,-1,-3,-1.8090031364,-5.42700940919,-0.000535304174933,0.000471294748276
1,-1,1.8090031364,-1.8090031364,-1,-2,-1.8090031364,-3.61800627279,-0.00867252472453,0.0104098025057
1,-1,1.8090031364,-1.8090031364,-1,-1,-1.8090031364,-1.8090031364,-0.0396876229962,-0.0485615459271
1,-1,1.8090031364,-1.8090031364,-1,0,-1.8090031364,0,-0.0249190475077,2.99574332865e-05
1,-1,1.8090031364,-1.8090031364,-1,1,-1.8090031364,1.8090031364,-0.00980708800467,0.0061470652398
1,-1,1.8090031364,-1.8090031364,-1,2,-1.8090031364,3.61800627279,-0.00618746183759,-0.0249441602195
1,-1,1.8090031364,-1.8090031364,-1,3,-1.8090031364,5.42700940919,0.0134711604969,-0.0159390960269
1,-1,1.8090031364,-1.8090031364,-1,4,-1.8090031364,7.23601254558,-0.00288994088273,0.0087692109667
1,-1,1.8090031364,-1.8090031364,0,-4,0,-7.23601254558,-0.018652483722,0.0063426174519
1,-1,1.8090031364,-1.8090031364,0,-3,0,-5.42700940919,-0.010844940999,0.0192907559935
1,-1,1.8090031364,-1.8090031364,0,-2,0,-3.61800627279,-0.034594219162,-0.0260978453816
1,-1,1.8090031364,-1.8090031364,0,-1,0,-1.8090031364,0.00734236160171,0.00789628997129
1,-1,1.8090031364,-1.8090031364,0,0,0,0,-0.0461233536008,0.00328143369748
1,-1,1.8090031364,-1.8090031364,0,1,0,1.8090031364,-0.00480946629536,0.0130653691122
1,-1,1.8090031364,-1.8090031364,0,2,0,3.61800627279,0.000600070198574,-0.0049815439824
1,-1,1.8090031364,-1.8090031364,0,3,0,5.42700940919,-0.00101716824236,0.0190224242459
1,-1,1.8090031364,-1.8090031364,0,4,0,7.23601254558,-0.00448074284604,0.00857050222077
1,-1,1.8090031364,-1.8090031364,1,-4,1.8090031364,-7.23601254558,-0.00233252649456,0.0115416958316
1,-1,1.8090031364,-1.8090031364,1,-3,1.8090031364,-5.42700940919,0.000102382238365,0.0308639526307
1,-1,1.8090031364,-1.8090031364,1,-2,1.8090031364,-3.61800627279,0.0148059832313,0.00104000226426
1,-1,1.8090031364,-1.8090031364,1,-1,1.8090031364,-1.8090031364,0.445185012138,0
1,-1,1.8090031364,-1.8090031364,1,0,1.8090031364,0,0.0124471355413,-0.0148808480736
1,-1,1.8090031364,-1.8090031364,1,1,1.8090031364,1.8090031364,-0.0154166573806,-0.039565685169
1,-1,1.8090031364,-1.8090031364,1,2,1.8090031364,3.61800627279,0.00981020843559,-0.0205626757831
1,-1,1.8090031364,-1.8090031364,1,3,1.8090031364,5.42700940919,0.0284762516493,-0.0146333646683
1,-1,1.8090031364,-1.8090031364,1,4,1.8090031364,7.23601254558,-0.0151991815372,0.00220763820532
1,-1,1.8090031364,-1.8090031364,2,-4,3.61800627279,-7.23601254558,0.00609923044557,-0.00165695212012
1,-1,1.8090031364,-1.8090031364,2,-3,3.61800627279,-5.42700940919,0.00587223636851,-0.0137475085962
1,-1,1.8090031364,-1.8090031364,2,-2,3.61800627279,-3.61800627279,-0.0381032543938,0.00269342657907
1,-1,1.8090031364,-1.8090031364,2,-1,3.61800627279,-1.8090031364,0.00927432366667,-0.0058778255552
1,-1,1.8090031364,-1.8090031364,2,0,3.61800627279,0,-0.0333519938485,0.0305318274455
1,-1,1.8090031364,-1.8090031364,2,1,3.61800627279,1.8090031364,0.00565329811219,-0.0322011280408
1,-1,1.8090031364,-1.8090031364,2,2,3.61800627279,3.61800627279,-0.0340214909697,-0.0164066200805
1,-1,1.8090031364,-1.8090031364,2,3,3.61800627279,5.42700940919,-0.00131007095155,-0.00103515316579
1,-1,1.8090031364,-1.8090031364,2,4,3.61800627279,7.23601254558,0.00824376554792,0.0105504745206
1,-1,1.8090031364,-1.8090031364,3,-4,5.42700940919,-7.23601254558,0.00497655405449,0.00639537964747
1,-1,1.8090031364,-1.8090031364,3,-3,5.42700940919,-5.42700940919,-0.0107729590782,-0.00383045014915
1,-1,1.8090031364,-1.8090031364,3,-2,5.42700940919,-3.61800627279,-0.0219777509272,-0.00120968889589
1,-1,1.8090031364,-1.8090031364,3,-1,5.42700940919,-1.8090031364,-0.0273997231334,0.0276953521267
1,-1,1.8090031364,-1.8090031364,3,0,5.42700940919,0,-0.00604797216092,-0.00725485728381
1,-1,1.8090031364,-1.8090031364,3,1,5.42700940919,1.8090031364,-0.00647039646517,0.00257694733961
1,-1,1.8090031364,-1.8090031364,3,2,5.42700940919,3.61800627279,-0.0206686047715,0.0167405506451
1,-1,1.8090031364,-1.8090031364,3,3,5.42700940919,5.42700940919,0.0242415813507,-0.000586370253581
1,-1,1.8090031364,-1.8090031364,3,4,5.42700940919,7.23601254558,-0.00416644151859,0.00913146454112
1,-1,1.8090031364,-1.8090031364,4,-4,7.23601254558,-7.23601254558,-0.0281863040929,-0.00724590105095
1,-1,1.8090031364,-1.8090031364,4,-3,7.23601254558,-5.42700940919,-0.00586521394745,-0.0137747804107
1,-1,1.8090031364,-1.8090031364,4,-2,7.23601254558,-3.61800627279,-0.00629179481312,-0.0222067538979
1,-1,1.8090031364,-1.8090031364,4,-1,7.23601254558,-1.8090031364,0.0143688710276,0.0101276195666
1,-1,1.8090031364,-1.8090031364,4,0,7.23601254558,0,-0.00849898656365,-0.012941648446
1,-1,1.8090031364,-1.8090031364,4,1,7.23601254558,1.8090031364,0.0108989736277,-0.0146690130937
1,-1,1.8090031364,-1.8090031364,4,2,7.23601254558,3.61800627279,-0.0082652354565,0.0200457658288
1,-1,1.8090031364,-1.8090031364,4,3,7.23601254558,5.42700940919,-0.036234799641,-0.0051715717384
1,-1,1.8090031364,-1.8090031364,4,4,7.23601254558,7.23601254558,0.0137783800068,0.0218562568831
1,0,1.8090031364,0,-4,-4,-7.23601254558,-7.23601254558,-0.0191997249625,-0.0131615762861
1,0,1.8090031364,0,-4,-3,-7.23601254558,-5.42700940919,0.0272481127053,0.0228130993371
1,0,1.8090031364,0,-4,-2,-7.23601254558,-3.61800627279,0.00744101026845,-0.000743777019588
1,0,1.8090031364,0,-4,-1,-7.23601254558,-1.8090031364,0.0182754866661,-0.0166442950584
1,0,1.8090031364,0,-4,0,-7.23601254558,0,-0.0319263520291,-0.00224354076563
1,0,1.8090031364,0,-4,1,-7.23601254558,1.8090031364,0.00837434673907,-0.0048972840197
1,0,1.8090031364,0,-4,2,-7.23601254558,3.61800627279,-0.00166137421458,0.0232539208049
1,0,1.8090031364,0,-4,3,-7.23601254558,5.42700940919,0.00613853530398,-0.00287294930599
1,0,1.8090031364,0,-4,4,-7.23601254558,7.23601254558,-0.00858447029879,-0.0182766826593
1,0,1.8090031364,0,-3,-4,-5.42700940919,-7.23601254558,-0.006854840967,-0.0290331690703
1,0,1.8090031364,0,-3,-3,-5.42700940919,-5.42700940919,-0.0101544799588,-0.00524477645385
1,0,1.8090031364,0,-3,-2,-5.42700940919,-3.61800627279,-0.0285355697485,-0.00895414757943
1,0,1.8090031364,0,-3,-1,-5.42700940919,-1.8090031364,0.00238123338228,0.0322364645953
1,0,1.8090031364,0,-3,0,-5.42700940919,0,-0.00197422847451,-0.00874208646918
1,0,1.8090031364,0,-3,1,-5.42700940919,1.8090031364,-0.0340388190085,-0.0419356903736
1,0,1.8090031364,0,-3,2,-5.42700940919,3.61800627279,-0.016014579897,0.0307180411828
1,0,1.8090031364,0,-3,3,-5.42700940919,5.42700940919,0.00998304953158,0.00507903302234
1,0,1.8090031364,0,-3,4,-5.42700940919,7.23601254558,0.00507222313081,0.0313443529214
1,0,1.8090031364,0,-2,-4,-3.61800627279,-7.23601254558,-0.0416778037019,0.00797039897134
1,0,1.8090031364,0,-2,-3,-3.61800627279,-5.42700940919,-0.00973933215494,-0.0183620345056
1,0,1.8090031364,0,-2,-2,-3.61800627279,-3.61800627279,0.0271766751738,0.0178270796307
1,0,1.8090031364,0,-2,-1,-3.61800627279,-1.8090031364,-0.0229132982493,0.0262961590138
1,0,1.8090031364,0,-2,0,-3.61800627279,0,0.0220099904656,-0.0172234187273
1,0,1.8090031364,0,-2,1,-3.61800627279,1.8090031364,-0.0120803126585,0.044738020987
1,0,1.8090031364,0,-2,2,-3.61800627279,3.61800627279,0.00540965168234,0.0357170767231
1,0,1.8090031364,0,-2,3,-3.61800627279,5.42700940919,-0.040764146326,0.00824991164064
1,0,1.8090031364,0,-2,4,-3.61800627279,7.23601254558,0.0171625960066,-0.0033173810614
1,0,1.8090031364,0,-1,-4,-1.8090031364,-7.23601254558,0.0387076648269,0.0121742752196
1,0,1.8090031364,0,-1,-3,-1.8090031364,-5.42700940919,-0.0295742970787,-0.0162707443761
1,0,1.8090031364,0,-1,-2,-1.8090031364,-3.61800627279,-0.00735476104071,-0.00162513378869
1,0,1.8090031364,0,-1,-1,-1.8090031364,-1.8090031364,-0.0147492111708,0.0108658135195
1,0,1.8090031364,0,-1,0,-1.8090031364,0,-0.0469132333721,-0.0484371477232
1,0,1.8090031364,0,-1,1,-1.8090031364,1.8090031364,-0.0249190475077,2.99574332865e-05
1,0,1.8090031364,0,-1,2,-1.8090031364,3.61800627279,-0.00876412874833,0.00324077043123
1,0,1.8090031364,0,-1,3,-1.8090031364,5.42700940919,0.0047008790066,-0.0157304422543
1,0,1.8090031364,0,-1,4,-1.8090031364,7.23601254558,0.0101270627527,-0.00799162294876
1,0,1.8090031364,0,0,-4,0,-7.23601254558,0.00278555808098,0.00479204335764
1,0,1.8090031364,0,0,-3,0,-5.42700940919,-0.0322629188812,0.011572112236
1,0,1.8090031364,0,0,-2,0,-3.61800627279,-0.00200974540788,0.0308848866519
1,0,1.8090031364,0,0,-1,0,-1.8090031364,-0.0465688647477,-0.0363860246979
1,0,1.8090031364,0,0,0,0,0,0.0144838790321,0.0142328369703
1,0,1.8090031364,0,0,1,0,1.8090031364,-0.0419140815176,0.00203202152907
1,0,1.8090031364,0,0,2,0,3.61800627279,0.00185447643541,0.0107078180219
1,0,1.8090031364,0,0,3,0,5.42700940919,0.00472796502439,-0.00368481564487
1,0,1.8090031364,0,0,4,0,7.23601254558,-0.00804517511554,0.0201609628468
1,0,1.8090031364,0,1,-4,1.8090031364,-7.23601254558,0.0380279340546,0.00715976331745
1,0,1.8090031364,0,1,-3,1.8090031364,-5.42700940919,1.87495671618e-05,0.0158391966532
1,0,1.8090031364,0,1,-2,1.8090031364,-3.61800627279,-0.0114819086823,0.0341071897563
1,0,1.8090031364,0,1,-1,1.8090031364,-1.8090031364,0.0124471355413,0.0148808480736
1,0,1.8090031364,0,1,0,1.8090031364,0,0.536444405684,0
1,0,1.8090031364,0,1,1,1.8090031364,1.8090031364,0.0129241742974,-0.0136737225298
1,0,1.8090031364,0,1,2,1.8090031364,3.61800627279,-0.01053269116,-0.0493993509167
1,0,1.8090031364,0,1,3,1.8090031364,5.42700940919,-0.0020821364543,-0.0189611013935
1,0,1.8090031364,0,1,4,1.8090031364,7.23601254558,0.0302568585729,-0.00960670774102
1,0,1.8090031364,0,2,-4,3.61800627279,-7.23601254558,-0.00445912402191,-0.0213512445978
1,0,1.8090031364,0,2,-3,3.61800627279,-5.42700940919,0.00105271902165,-0.00369415842209
1,0,1.8090031364,0,2,-2,3.61800627279,-3.61800627279,-8.42137516776e-06,-0.00980144118059
1,0,1.8090031364,0,2,-1,3.61800627279,-1.8090031364,-0.029734065758,-0.00168108611578
1,0,1.8090031364,0,2,0,3.61800627279,0,0.00197655507086,-0.00479494930632
1,0,1.8090031364,0,2,1,3.61800627279,1.8090031364,-0.0337884481975,0.0249733973185
1,0,1.8090031364,0,2,2,3.61800627279,3.61800627279,-0.00677384145811,-0.0331248910626
1,0,1.8090031364,0,2,3,3.61800627279,5.42700940919,-0.0272680901417,-0.0114388573459
1,0,1.8090031364,0,2,4,3.61800627279,7.23601254558,0.000565301157818,-0.0093576027644
1,0,1.8090031364,0,3,-4,5.42700940919,-7.23601254558,0.00578818854444,0.00263020126764
1,0,1.8090031364,0,3,-3,5.42700940919,-5.42700940919,-0.00141983835365,0.00823258553238
1,0,1.8090031364,0,3,-2,5.42700940919,-3.61800627279,-0.0101743176597,-0.0117961415924
1,0,1.8090031364,0,3,-1,5.42700940919,-1.8090031364,-0.0187340583512,0.00079890984547
1,0,1.8090031364,0,3,0,5.42700940919,0,-0.0336644493775,0.0302401812379
1,0,1.8090031364,0,3,1,5.42700940919,1.8090031364,-0.00863184130439,-0.0135426404357
1,0,1.8090031364,0,3,2,5.42700940919,3.61800627279,-0.0103189857003,-0.000629168844875
1,0,1.8090031364,0,3,3,5.42700940919,5.42700940919,-0.0196484870277,0.0209061833212
1,0,1.8090031364,0,3,4,5.42700940919,7.23601254558,0.025928874376,-0.0051194757012
1,0,1.8090031364,0,4,-4,7.23601254558,-7.23601254558,0.00341214823271,-0.000921934860517
1,0,1.8090031364,0,4,-3,7.23601254558,-5.42700940919,-0.0384597729221,-0.00483062823785
1,0,1.8090031364,0,4,-2,7.23601254558,-3.61800627279,0.00135881393762,-0.0209304968501
1,0,1.8090031364,0,4,-1,7.23601254558,-1.8090031364,-0.00877867163884,-0.0282391293656
1,0,1.8090031364,0,4,0,7.23601254558,0,0.0126168171788,0.0148521242182
1,0,1.8090031364,0,4,1,7.23601254558,1.8090031364,-0.0209957991273,-0.0217059986037
1,0,1.8090031364,0,4,2,7.23601254558,3.61800627279,0.0153049510569,-0.00320273159186
1,0,1.8090031364,0,4,3,7.23601254558,5.42700940919,-0.00272614644058,0.0183377117644
1,0,1.8090031364,0,4,4,7.23601254558,7.23601254558,-0.0411968427409,-0.00120673845186
1,1,1.8090031364,1.8090031364,-4,-4,-7.23601254558,-7.23601254558,-0.0256358503585,0.00873107986064
1,1,1.8090031364,1.8090031364,-4,-3,-7.23601254558,-5.42700940919,-0.0126690707985,-0.0128968136531
1,1,1.8090031364,1.8090031364,-4,-2,-7.23601254558,-3.61800627279,0.0183952374699,0.0237848615276
1,1,1.8090031364,1.8090031364,-4,-1,-7.23601254558,-1.8090031364,0.00990885882571,-0.00446654870519
1,1,1.8090031364,1.8090031364,-4,0,-7.23601254558,0,0.0165778624066,-0.0164722137172
1,1,1.8090031364,1.8090031364,-4,1,-7.23601254558,1.8090031364,-0.0281365884798,-0.00357484382163
1,1,1.8090031364,1.8090031364,-4,2,-7.23601254558,3.61800627279,0.00644001165667,-0.00757883258189
1,1,1.8090031364,1.8090031364,-4,3,-7.23601254558,5.42700940919,-0.00480447996159,0.0209862025289
1,1,1.8090031364,1.8090031364,-4,4,-7.23601254558,7.23601254558,0.0194197623143,-0.00444832421856
1,1,1.8090031364,1.8090031364,-3,-4,-5.42700940919,-7.23601254558,0.0059350882473,0.00746528681292
1,1,1.8090031364,1.8090031364,-3,-3,-5.42700940919,-5.42700940919,-0.0105088956765,-0.0152494181254
1,1,1.8090031364,1.8090031364,-3,-2,-5.42700940919,-3.61800627279,-0.000962196299703,-0.0105097991939
1,1,1.8090031364,1.8090031364,-3,-1,-5.42700940919,-1.8090031364,-0.0349230218204,-0.017711948145
1,1,1.8090031364,1.8090031364,-3,0,-5.42700940919,0,0.00406911624848,0.0300338671117
1,1,1.8090031364,1.8090031364,-3,1,-5.42700940919,1.8090031364,-0.000361893999923,-0.00758621627231
1,1,1.8090031364,1.8090031364,-3,2,-5.42700940919,3.61800627279,-0.0270185517637,-0.0272862948786
1,1,1.8090031364,1.8090031364,-3,3,-5.42700940919,5.42700940919,0.00209659859025,0.0132812307085
1,1,1.8090031364,1.8090031364,-3,4,-5.42700940919,7.23601254558,0.00424542470644,0.00252638883961
1,1,1.8090031364,1.8090031364,-2,-4,-3.61800627279,-7.23601254558,0.0118588479759,-0.0199835665628
1,1,1.8090031364,1.8090031364,-2,-3,-3.61800627279,-5.42700940919,-0.0405812595272,0.00379227110528
1,1,1.8090031364,1.8090031364,-2,-2,-3.61800627279,-3.61800627279,-0.0143866717048,-0.0340439087112
1,1,1.8090031364,1.8090031364,-2,-1,-3.61800627279,-1.8090031364,0.0206283347791,0.0298269881226
1,1,1.8090031364,1.8090031364,-2,0,-3.61800627279,0,-0.0144495422399,0.0280365653221
1,1,1.8090031364,1.8090031364,-2,1,-3.61800627279,1.8090031364,0.0219396774058,-0.00817161099616
1,1,1.8090031364,1.8090031364,-2,2,-3.61800627279,3.61800627279,-0.00687123499339,0.0286426799242
1,1,1.8090031364,1.8090031364,-2,3,-3.61800627279,5.42700940919,-0.0035279411447,0.0249469335881
1,1,1.8090031364,1.8090031364,-2,4,-3.61800627279,7.23601254558,-0.0354946516739,0.0153573263739
1,1,1.8090031364,1.8090031364,-1,-4,-1.8090031364,-7.23601254558,-0.00146195579527,-0.00880159100645
1,1,1.8090031364,1.8090031364,-1,-3,-1.8090031364,-5.42700940919,0.0402378520851,0.00685119815718
1,1,1.8090031364,1.8090031364,-1,-2,-1.8090031364,-3.61800627279,-0.0255644956416,-0.0230481402649
1,1,1.8090031364,1.8090031364,-1,-1,-1.8090031364,-1.8090031364,-0.00621385685027,0.000713364335906
1,1,1.8090031364,1.8090031364,-1,0,-1.8090031364,0,-0.0147492111708,0.0108658135195
1,1,1.8090031364,1.8090031364,-1,1,-1.8090031364,1.8090031364,-0.0396876229962,-0.0485615459271
1,1,1.8090031364,1.8090031364,-1,2,-1.8090031364,3.61800627279,-0.0209829688533,0.00146295624036
1,1,1.8090031364,1.8090031364,-1,3,-1.8090031364,5.42700940919,-0.0131750721334,-0.000680279156763
1,1,1.8090031364,1.8090031364,-1,4,-1.8090031364,7.23601254558,0.00333750846803,-0.00894321620325
1,1,1.8090031364,1.8090031364,0,-4,0,-7.23601254558,0.0131100220487,-0.0109001981951
1,1,1.8090031364,1.8090031364,0,-3,0,-5.42700940919,-0.0043224508843,0.00150592472172
1,1,1.8090031364,1.8090031364,0,-2,0,-3.61800627279,-0.0423576952501,0.0163632503676
1,1,1.8090031364,1.8090031364,0,-1,0,-1.8090031364,0.00178368422443,0.0510420465994
1,1,1.8090031364,1.8090031364,0,0,0,0,-0.0524955971514,-0.0428591628553
1,1,1.8090031364,1.8090031364,0,1,0,1.8090031364,0.0151025881416,0.00685315687407
1,1,1.8090031364,1.8090031364,0,2,0,3.61800627279,-0.0432864928009,-0.00548842514521
1,1,1.8090031364,1.8090031364,0,3,0,5.42700940919,0.00673825140755,0.0170596091925
1,1,1.8090031364,1.8090031364,0,4,0,7.23601254558,0.00609751906361,-0.00283079548193
1,1,1.8090031364,1.8090031364,1,-4,1.8090031364,-7.23601254558,-0.0126441039687,-0.00525640916825
1,1,1.8090031364,1.8090031364,1,-3,1.8090031364,-5.42700940919,0.0325030018544,0.020005156453
1,1,1.8090031364,1.8090031364,1,-2,1.8090031364,-3.61800627279,0.00883593401686,0.0202463376426
1,1,1.8090031364,1.8090031364,1,-1,1.8090031364,-1.8090031364,-0.0154166573806,0.039565685169
1,1,1.8090031364,1.8090031364,1,0,1.8090031364,0,0.0129241742974,0.0136737225298
1,1,1.8090031364,1.8090031364,1,1,1.8090031364,1.8090031364,0.451738851597,0
1,1,1.8090031364,1.8090031364,1,2,1.8090031364,3.61800627279,0.0153193851339,-0.00566260525699
1,1,1.8090031364,1.8090031364,1,3,1.8090031364,5.42700940919,0.00493197365768,-0.0343955469552
1,1,1.8090031364,1.8090031364,1,4,1.8090031364,7.23601254558,-0.00572874122057,-0.0111998665614
1,1,1.8090031364,1.8090031364,2,-4,3.61800627279,-7.23601254558,-0.00368927951849,-0.00962538178979
1,1,1.8090031364,1.8090031364,2,-3,3.61800627279,-5.42700940919,0.00338261308589,-0.018759467847
1,1,1.8090031364,1.8090031364,2,-2,3.61800627279,-3.61800627279,-0.00479339321515,-0.00155328686302
1,1,1.8090031364,1.8090031364,2,-1,3.61800627279,-1.8090031364,-0.00252032079475,-0.00838581430928
1,1,1.8090031364,1.8090031364,2,0,3.61800627279,0,-0.0276113298729,-0.000693682542076
1,1,1.8090031364,1.8090031364,2,1,3.61800627279,1.8090031364,0.0100461163928,-0.000425492707923
1,1,1.8090031364,1.8090031364,2,2,3.61800627279,3.61800627279,-0.0240860605232,0.017407433322
1,1,1.8090031364,1.8090031364,2,3,3.61800627279,5.42700940919,-0.00938777979248,-0.0214522744858
1,1,1.8090031364,1.8090031364,2,4,3.61800627279,7.23601254558,-0.0153528711221,-0.00797290550732
1,1,1.8090031364,1.8090031364,3,-4,5.42700940919,-7.23601254558,0.00510284550226,-0.00988253838286
1,1,1.8090031364,1.8090031364,3,-3,5.42700940919,-5.42700940919,0.0132743334777,0.00626364855896
1,1,1.8090031364,1.8090031364,3,-2,5.42700940919,-3.61800627279,-0.00216008513376,0.00837737157287
1,1,1.8090031364,1.8090031364,3,-1,5.42700940919,-1.8090031364,-0.0134243881926,-0.0132218125551
1,1,1.8090031364,1.8090031364,3,0,5.42700940919,0,-0.0151540302438,-0.00145364987895
1,1,1.8090031364,1.8090031364,3,1,5.42700940919,1.8090031364,-0.0245196694055,0.0360859471946
1,1,1.8090031364,1.8090031364,3,2,5.42700940919,3.61800627279,-0.0081724866234,-0.00896333780658
1,1,1.8090031364,1.8090031364,3,3,5.42700940919,5.42700940919,-0.00358906274606,-0.00689337638874
1,1,1.8090031364,1.8090031364,3,4,5.42700940919,7.23601254558,-0.0246606761201,0.0105281148697
1,1,1.8090031364,1.8090031364,4,-4,7.23601254558,-7.23601254558,-0.0213700352655,-0.00617913980495
1,1,1.8090031364,1.8090031364,4,-3,7.23601254558,-5.42700940919,0.00655585428235,-0.000396072990463
1,1,1.8090031364,1.8090031364,4,-2,7.23601254558,-3.61800627279,-0.0382536988686,-0.000344134786831
1,1,1.8090031364,1.8090031364,4,-1,7.23601254558,-1.8090031364,0.00860043928885,-0.0200512600342
1,1,1.8090031364,1.8090031364,4,0,7.23601254558,0,-0.000905579808248,-0.0206958820302
1,1,1.8090031364,1.8090031364,4,1,7.23601254558,1.8090031364,0.0130555021046,0.0090634574918
1,1,1.8090031364,1.8090031364,4,2,7.23601254558,3.61800627279,-0.0256524133625,-0.0215698069974
1,1,1.8090031364,1.8090031364,4,3,7.23601254558,5.42700940919,0.012748238411,0.00388895515281
1,1,1.8090031364,1.8090031364,4,4,7.23601254558,7.23601254558,-0.00402491255008,0.009445405692
1,2,1.8090031364,3.61800627279,-4,-4,-7.23601254558,-7.23601254558,-0.0019843167999,0.0077092103969
1,2,1.8090031364,3.61800627279,-4,-3,-7.23601254558,-5.42700940919,-0.0107790213051,0.00591872672051
1,2,1.8090031364,3.61800627279,-4,-2,-7.23601254558,-3.61800627279,-0.0038413680504,-0.0129441148724
1,2,1.8090031364,3.61800627279,-4,-1,-7.23601254558,-1.8090031364,0.0106034798559,0.0181407361493
1,2,1.8090031364,3.61800627279,-4,0,-7.23601254558,0,0.00918465936873,0.000672702661073
1,2,1.8090031364,3.61800627279,-4,1,-7.23601254558,1.8090031364,0.0068341935932,-0.00742513180234
1,2,1.8090031364,3.61800627279,-4,2,-7.23601254558,3.61800627279,-0.00684523828409,-0.00504777506555
1,2,1.8090031364,3.61800627279,-4,3,-7.23601254558,5.42700940919,-0.00294252378493,-0.00662109171909
1,2,1.8090031364,3.61800627279,-4,4,-7.23601254558,7.23601254558,-0.00702201350358,0.0121795865258
1,2,1.8090031364,3.61800627279,-3,-4,-5.42700940919,-7.23601254558,0.00739923567147,0.0132460465561
1,2,1.8090031364,3.61800627279,-3,-3,-5.42700940919,-5.42700940919,0.00684014899319,-0.0073391150988
1,2,1.8090031364,3.61800627279,-3,-2,-5.42700940919,-3.61800627279,-0.0125397796682,-0.00448366236049
1,2,1.8090031364,3.61800627279,-3,-1,-5.42700940919,-1.8090031364,-0.00248468560903,-0.00527848026888
1,2,1.8090031364,3.61800627279,-3,0,-5.42700940919,0,-0.0262623292546,-0.00438229174626
1,2,1.8090031364,3.61800627279,-3,1,-5.42700940919,1.8090031364,0.00614998781455,0.00830935968737
1,2,1.8090031364,3.61800627279,-3,2,-5.42700940919,3.61800627279,-0.00823495824328,-0.00597841414694
1,2,1.8090031364,3.61800627279,-3,3,-5.42700940919,5.42700940919,-0.0185563601561,-0.0133395539417
1,2,1.8090031364,3.61800627279,-3,4,-5.42700940919,7.23601254558,0.00463205906146,0.00517378361278
1,2,1.8090031364,3.61800627279,-2,-4,-3.61800627279,-7.23601254558,0.00169026054711,0.011602525755
1,2,1.8090031364,3.61800627279,-2,-3,-3.61800627279,-5.42700940919,0.00949542033111,-0.00289346211571
1,2,1.8090031364,3.61800627279,-2,-2,-3.61800627279,-3.61800627279,-0.0302209321451,0.00740608822808
1,2,1.8090031364,3.61800627279,-2,-1,-3.61800627279,-1.8090031364,-0.0136082702659,-0.0292129573052
1,2,1.8090031364,3.61800627279,-2,0,-3.61800627279,0,0.0207972622186,0.0163169909493
1,2,1.8090031364,3.61800627279,-2,1,-3.61800627279,1.8090031364,-0.0171816601383,0.0214124401392
1,2,1.8090031364,3.61800627279,-2,2,-3.61800627279,3.61800627279,0.0137479033695,-0.0028120740053
1,2,1.8090031364,3.61800627279,-2,3,-3.61800627279,5.42700940919,-0.00296107975746,0.0144236192356
1,2,1.8090031364,3.61800627279,-2,4,-3.61800627279,7.23601254558,0.000300786654662,0.010231886378
1,2,1.8090031364,3.61800627279,-1,-4,-1.8090031364,-7.23601254558,-0.00427279613945,-0.0107629698475
1,2,1.8090031364,3.61800627279,-1,-3,-1.8090031364,-5.42700940919,-0.00167325994376,-0.00533981140568
1,2,1.8090031364,3.61800627279,-1,-2,-1.8090031364,-3.61800627279,0.0376555371008,-0.00311533224123
1,2,1.8090031364,3.61800627279,-1,-1,-1.8090031364,-1.8090031364,-0.0255644956416,-0.0230481402649
1,2,1.8090031364,3.61800627279,-1,0,-1.8090031364,0,-0.00735476104071,-0.00162513378869
1,2,1.8090031364,3.61800627279,-1,1,-1.8090031364,1.8090031364,-0.00867252472453,0.0104098025057
1,2,1.8090031364,3.61800627279,-1,2,-1.8090031364,3.61800627279,-0.0270556857494,-0.0322071079208
1,2,1.8090031364,3.61800627279,-1,3,-1.8090031364,5.42700940919,-0.0175997067575,0.00378024961254
1,2,1.8090031364,3.61800627279,-1,4,-1.8090031364,7.23601254558,-0.00349750289851,0.000502949638457
1,2,1.8090031364,3.61800627279,0,-4,0,-7.23601254558,-0.0144168565417,0.00891635615171
1,2,1.8090031364,3.61800627279,0,-3,0,-5.42700940919,0.0102646503668,-0.0122966597902
1,2,1.8090031364,3.61800627279,0,-2,0,-3.61800627279,-0.00285259986363,-0.003205051676
1,2,1.8090031364,3.61800627279,0,-1,0,-1.8090031364,-0.0424154493572,0.0203812020996
1,2,1.8090031364,3.61800627279,0,0,0,0,-0.00982610586033,0.0463399190487
1,2,1.8090031364,3.61800627279,0,1,0,1.8090031364,-0.0310760090468,-0.0264549019127
1,2,1.8090031364,3.61800627279,0,2,0,3.61800627279,0.00651249801704,0.00755147940581
1,2,1.8090031364,3.61800627279,0,3,0,5.42700940919,-0.0295298502964,-0.00743879100874
1,2,1.8090031364,3.61800627279,0,4,0,7.23601254558,0.00149967486637,0.00861258089227
1,2,1.8090031364,3.61800627279,1,-4,1.8090031364,-7.23601254558,-0.00897386559924,0.0231364121624
1,2,1.8090031364,3.61800627279,1,-3,1.8090031364,-5.42700940919,-0.0144321723441,-0.00890024635902
1,2,1.8090031364,3.61800627279,1,-2,1.8090031364,-3.61800627279,0.0270035645054,0.0199853146236
1,2,1.8090031364,3.61800627279,1,-1,1.8090031364,-1.8090031364,0.00981020843559,0.0205626757831
1,2,1.8090031364,3.61800627279,1,0,1.8090031364,0,-0.01053269116,0.0493993509167
1,2,1.8090031364,3.61800627279,1,1,1.8090031364,1.8090031364,0.0153193851339,0.00566260525699
1,2,1.8090031364,3.61800627279,1,2,1.8090031364,3.61800627279,0.269108148686,0
1,2,1.8090031364,3.61800627279,1,3,1.8090031364,5.42700940919,0.0146885787127,0.00207151503476
1,2,1.8090031364,3.61800627279,1,4,1.8090031364,7.23601254558,0.00148651518146,-0.0172254219007
1,2,1.8090031364,3.61800627279,2,-4,3.61800627279,-7.23601254558,0.00747140065378,-0.00094268096931
1,2,1.8090031364,3.61800627279,2,-3,3.61800627279,-5.42700940919,-0.00494155985248,2.01075535386e-05
1,2,1.8090031364,3.61800627279,2,-2,3.61800627279,-3.61800627279,0.00622911530384,-0.0174913185625
1,2,1.8090031364,3.61800627279,2,-1,3.61800627279,-1.8090031364,0.000526434726977,0.00649173941658
1,2,1.8090031364,3.61800627279,2,0,3.61800627279,0,-0.000284833336793,-0.00817099702879
1,2,1.8090031364,3.61800627279,2,1,3.61800627279,1.8090031364,-0.0359911716792,0.0067850298582
1,2,1.8090031364,3.61800627279,2,2,3.61800627279,3.61800627279,0.0103891377682,-0.00191528348454
1,2,1.8090031364,3.61800627279,2,3,3.61800627279,5.42700940919,-0.0102460522061,0.00505339124987
1,2,1.8090031364,3.61800627279,2,4,3.61800627279,7.23601254558,-0.00433582678403,-0.0081208162352
1,2,1.8090031364,3.61800627279,3,-4,5.42700940919,-7.23601254558,0.00718660659045,0.0102701758174
1,2,1.8090031364,3.61800627279,3,-3,5.42700940919,-5.42700940919,0.00340990795405,-0.012206747693
1,2,1.8090031364,3.61800627279,3,-2,5.42700940919,-3.61800627279,0.00983703309858,0.0101106475439
1,2,1.8090031364,3.61800627279,3,-1,5.42700940919,-1.8090031364,-0.00356265968989,0.0124873527355
1,2,1.8090031364,3.61800627279,3,0,5.42700940919,0,-0.0105378053951,-0.00711871577822
1,2,1.8090031364,3.61800627279,3,1,5.42700940919,1.8090031364,-0.00793895011762,-0.00297631741246
1,2,1.8090031364,3.61800627279,3,2,5.42700940919,3.61800627279,-0.0186523545049,0.0212252067905
1,2,1.8090031364,3.61800627279,3,3,5.42700940919,5.42700940919,-0.0026746361127,-0.00471290769118
1,2,1.8090031364,3.61800627279,3,4,5.42700940919,7.23601254558,0.00432249832584,-0.000431145108098
1,2,1.8090031364,3.61800627279,4,-4,7.23601254558,-7.23601254558,-0.00123604165419,-0.00601186737455
1,2,1.8090031364,3.61800627279,4,-3,7.23601254558,-5.42700940919,-0.00730293287036,-0.00949090695489
1,2,1.8090031364,3.61800627279,4,-2,7.23601254558,-3.61800627279,0.00422426965715,-0.000724978720995
1,2,1.8090031364,3.61800627279,4,-1,7.23601254558,-1.8090031364,-0.0229080861424,0.000781707470438
1,2,1.8090031364,3.61800627279,4,0,7.23601254558,0,0.00541734780652,-0.0201820345737
1,2,1.8090031364,3.61800627279,4,1,7.23601254558,1.8090031364,0.00919225546183,-0.0103339748181
1,2,1.8090031364,3.61800627279,4,2,7.23601254558,3.61800627279,0.00969331262594,-0.00510511381191
1,2,1.8090031364,3.61800627279,4,3,7.23601254558,5.42700940919,-0.0174427876804,-0.00911386349742
1,2,1.8090031364,3.61800627279,4,4,7.23601254558,7.23601254558,0.00446220060104,0.00445232129836
1,3,1.8090031364,5.42700940919,-4,-4,-7.23601254558,-7.23601254558,-0.000428565524125,-0.00150205328234
1,3,1.8090031364,5.42700940919,-4,-3,-7.23601254558,-5.42700940919,-0.00272300038609,0.0085047880992
1,3,1.8090031364,5.42700940919,-4,-2,-7.23601254558,-3.61800627279,-0.00639068185715,0.00525120533453
1,3,1.8090031364,5.42700940919,-4,-1,-7.23601254558,-1.8090031364,-0.00313727232841,-0.00698524977075
1,3,1.8090031364,5.42700940919,-4,0,-7.23601254558,0,0.00949597989528,0.00847134275402
1,3,1.8090031364,5.42700940919,-4,1,-7.23601254558,1.8090031364,0.00335632479768,-0.00285102492085
1,3,1.8090031364,5.42700940919,-4,2,-7.23601254558,3.61800627279,-0.00137894396603,-0.000788014545673
1,3,1.8090031364,5.42700940919,-4,3,-7.23601254558,5.42700940919,0.00483414894402,-0.00295922103291
1,3,1.8090031364,5.42700940919,-4,4,-7.23601254558,7.23601254558,-0.00300200548719,-0.000376053300881
1,3,1.8090031364,5.42700940919,-3,-4,-5.42700940919,-7.23601254558,0.00464805464646,0.000954250029693
1,3,1.8090031364,5.42700940919,-3,-3,-5.42700940919,-5.42700940919,0.00489822112157,0.00994243558573
1,3,1.8090031364,5.42700940919,-3,-2,-5.42700940919,-3.61800627279,0.00248153043913,-0.0116906780963
1,3,1.8090031364,5.42700940919,-3,-1,-5.42700940919,-1.8090031364,-0.00581085228811,-0.00501058142295
1,3,1.8090031364,5.42700940919,-3,0,-5.42700940919,0,-0.00472529401125,-0.00401323696967
1,3,1.8090031364,5.42700940919,-3,1,-5.42700940919,1.8090031364,-0.0115473320991,0.0050966536719
1,3,1.8090031364,5.42700940919,-3,2,-5.42700940919,3.61800627279,0.00311190049822,-0.00183814098092
1,3,1.8090031364,5.42700940919,-3,3,-5.42700940919,5.42700940919,-0.0064928023822,-0.00108774327171
1,3,1.8090031364,5.42700940919,-3,4,-5.42700940919,7.23601254558,-0.00583315867756,-0.0026369766579
1,3,1.8090031364,5.42700940919,-2,-4,-3.61800627279,-7.23601254558,0.00472332225292,0.00394489162181
1,3,1.8090031364,5.42700940919,-2,-3,-3.61800627279,-5.42700940919,0.00142125934567,0.000703592893918
1,3,1.8090031364,5.42700940919,-2,-2,-3.61800627279,-3.61800627279,0.00648731945694,-0.00371130118068
1,3,1.8090031364,5.42700940919,-2,-1,-3.61800627279,-1.8090031364,-0.0266527839933,0.00337020728382
1,3,1.8090031364,5.42700940919,-2,0,-3.61800627279,0,-0.00763178783581,-0.012388378772
1,3,1.8090031364,5.42700940919,-2,1,-3.61800627279,1.8090031364,0.0153452768851,0.00765595936722
1,3,1.8090031364,5.42700940919,-2,2,-3.61800627279,3.61800627279,-0.014728967054,0.0144034806472
1,3,1.8090031364,5.42700940919,-2,3,-3.61800627279,5.42700940919,0.00679015596101,-0.00120963851468
1,3,1.8090031364,5.42700940919,-2,4,-3.61800627279,7.23601254558,-0.00558058848156,0.0107608181697
1,3,1.8090031364,5.42700940919,-1,-4,-1.8090031364,-7.23601254558,-0.00554864302069,0.00148271390351
1,3,1.8090031364,5.42700940919,-1,-3,-1.8090031364,-5.42700940919,0.00176956007211,-0.00418972191266
1,3,1.8090031364,5.42700940919,-1,-2,-1.8090031364,-3.61800627279,-0.00167325994376,-0.00533981140568
1,3,1.8090031364,5.42700940919,-1,-1,-1.8090031364,-1.8090031364,0.0402378520851,0.00685119815718
1,3,1.8090031364,5.42700940919,-1,0,-1.8090031364,0,-0.0295742970787,-0.0162707443761
1,3,1.8090031364,5.42700940919,-1,1,-1.8090031364,1.8090031364,-0.000535304174933,0.000471294748276
1,3,1.8090031364,5.42700940919,-1,2,-1.8090031364,3.61800627279,-0.0057863558749,0.0037412413204
1,3,1.8090031364,5.42700940919,-1,3,-1.8090031364,5.42700940919,-0.0129290539105,-0.0145685522439
1,3,1.8090031364,5.42700940919,-1,4,-1.8090031364,7.23601254558,-0.0113530822148,-0.00102728211372
1,3,1.8090031364,5.42700940919,0,-4,0,-7.23601254558,0.00862163842278,-0.00262051577245
1,3,1.8090031364,5.42700940919,0,-3,0,-5.42700940919,-0.0134214709255,0.0107660462018
1,3,1.8090031364,5.42700940919,0,-2,0,-3.61800627279,0.00928676793862,-0.0132970787076
1,3,1.8090031364,5.42700940919,0,-1,0,-1.8090031364,-0.00210354549087,0.00068755940551
1,3,1.8090031364,5.42700940919,0,0,0,0,-0.0419912607283,0.0131164516996
1,3,1.8090031364,5.42700940919,0,1,0,1.8090031364,-0.0106908771103,0.0248593693284
1,3,1.8090031364,5.42700940919,0,2,0,3.61800627279,-0.0205403517087,-0.00985241370831
1,3,1.8090031364,5.42700940919,0,3,0,5.42700940919,0.00259035390571,7.48572898554e-05
1,3,1.8090031364,5.42700940919,0,4,0,7.23601254558,-0.00868899712872,-0.00282334228918
1,3,1.8090031364,5.42700940919,1,-4,1.8090031364,-7.23601254558,0.000109019439341,0.00784215616445
1,3,1.8090031364,5.42700940919,1,-3,1.8090031364,-5.42700940919,-0.00212568013313,0.016994339986
1,3,1.8090031364,5.42700940919,1,-2,1.8090031364,-3.61800627279,-0.0185525720379,-0.0109380823449
1,3,1.8090031364,5.42700940919,1,-1,1.8090031364,-1.8090031364,0.0284762516493,0.0146333646683
1,3,1.8090031364,5.42700940919,1,0,1.8090031364,0,-0.0020821364543,0.0189611013935
1,3,1.8090031364,5.42700940919,1,1,1.8090031364,1.8090031364,0.00493197365768,0.0343955469552
1,3,1.8090031364,5.42700940919,1,2,1.8090031364,3.61800627279,0.0146885787127,-0.00207151503476
1,3,1.8090031364,5.42700940919,1,3,1.8090031364,5.42700940919,0.120268370753,0
1,3,1.8090031364,5.42700940919,1,4,1.8090031364,7.23601254558,0.00225640980125,0.00166199178464
1,3,1.8090031364,5.42700940919,2,-4,3.61800627279,-7.23601254558,-0.00434916612231,-0.00896903607707
1,3,1.8090031364,5.42700940919,2,-3,3.61800627279,-5.42700940919,0.00267190808719,-0.00421774163959
1,3,1.8090031364,5.42700940919,2,-2,3.61800627279,-3.61800627279,-0.00698140666564,-0.00489449885625
1,3,1.8090031364,5.42700940919,2,-1,3.61800627279,-1.8090031364,0.00293223725445,-0.014228658546
1,3,1.8090031364,5.42700940919,2,0,3.61800627279,0,0.00405216256967,0.00940546345838
1,3,1.8090031364,5.42700940919,2,1,3.61800627279,1.8090031364,0.00649389567257,-0.00926869614299
1,3,1.8090031364,5.42700940919,2,2,3.61800627279,3.61800627279,-0.0213148684815,0.00791841159316
1,3,1.8090031364,5.42700940919,2,3,3.61800627279,5.42700940919,0.00029619750146,0.000133661275284
1,3,1.8090031364,5.42700940919,2,4,3.61800627279,7.23601254558,-0.00950882480874,0.00627652544589
1,3,1.8090031364,5.42700940919,3,-4,5.42700940919,-7.23601254558,0.00705662360723,0.0049407930367
1,3,1.8090031364,5.42700940919,3,-3,5.42700940919,-5.42700940919,0.00438304649856,0.00460064124479
1,3,1.8090031364,5.42700940919,3,-2,5.42700940919,-3.61800627279,-0.0030328052777,-0.00661352675314
1,3,1.8090031364,5.42700940919,3,-1,5.42700940919,-1.8090031364,0.0120863560557,0.00675716853887
1,3,1.8090031364,5.42700940919,3,0,5.42700940919,0,0.000194961255504,0.00999826535932
1,3,1.8090031364,5.42700940919,3,1,5.42700940919,1.8090031364,-0.00353190046207,-0.00164325050377
1,3,1.8090031364,5.42700940919,3,2,5.42700940919,3.61800627279,-0.00748089122936,-0.00147112475615
1,3,1.8090031364,5.42700940919,3,3,5.42700940919,5.42700940919,-0.0150242378876,0.00642871796009
1,3,1.8090031364,5.42700940919,3,4,5.42700940919,7.23601254558,0.00349807089762,-0.00117492246899
1,3,1.8090031364,5.42700940919,4,-4,7.23601254558,-7.23601254558,-0.000410518785091,-0.00901079923017
1,3,1.8090031364,5.42700940919,4,-3,7.23601254558,-5.42700940919,-0.00541281931245,0.000223038352188
1,3,1.8090031364,5.42700940919,4,-2,7.23601254558,-3.61800627279,-0.00417332250305,-0.00208996806418
1,3,1.8090031364,5.42700940919,4,-1,7.23601254558,-1.8090031364,0.00207736545429,-0.000685686260103
1,3,1.8090031364,5.42700940919,4,0,7.23601254558,0,-0.00809186193223,-0.00417723850741
1,3,1.8090031364,5.42700940919,4,1,7.23601254558,1.8090031364,-0.00403562390033,-0.0117924283321
1,3,1.8090031364,5.42700940919,4,2,7.23601254558,3.61800627279,0.00202463930473,-0.00450095230057
1,3,1.8090031364,5.42700940919,4,3,7.23601254558,5.42700940919,0.00561720428265,-0.00498532477782
1,3,1.8090031364,5.42700940919,4,4,7.23601254558,7.23601254558,-0.0049621404713,-0.0037718700093
1,4,1.8090031364,7.23601254558,-4,-4,-7.23601254558,-7.23601254558,-0.000127016812759,0.00087271230845
1,4,1.8090031364,7.23601254558,-4,-3,-7.23601254558,-5.42700940919,0.00310753101144,-0.00379169890425
1,4,1.8090031364,7.23601254558,-4,-2,-7.23601254558,-3.61800627279,0.000893352323239,0.0052241299174
1,4,1.8090031364,7.23601254558,-4,-1,-7.23601254558,-1.8090031364,-0.00200107876605,0.00490038170121
1,4,1.8090031364,7.23601254558,-4,0,-7.23601254558,0,-0.00601787183586,-0.00103326171949
1,4,1.8090031364,7.23601254558,-4,1,-7.23601254558,1.8090031364,0.00728757461237,0.00468407492887
1,4,1.8090031364,7.23601254558,-4,2,-7.23601254558,3.61800627279,-0.00129253875658,-0.00117728537462
1,4,1.8090031364,7.23601254558,-4,3,-7.23601254558,5.42700940919,-0.00246573774673,0.00148716761139
1,4,1.8090031364,7.23601254558,-4,4,-7.23601254558,7.23601254558,0.00213174784287,-0.000288200158477
1,4,1.8090031364,7.23601254558,-3,-4,-5.42700940919,-7.23601254558,0.00250393596857,-0.00401356674399
1,4,1.8090031364,7.23601254558,-3,-3,-5.42700940919,-5.42700940919,0.00465136757912,0.00200686963706
1,4,1.8090031364,7.23601254558,-3,-2,-5.42700940919,-3.61800627279,0.00580737472068,0.00700899922683
1,4,1.8090031364,7.23601254558,-3,-1,-5.42700940919,-1.8090031364,-0.00299983046277,-0.0017069888057
1,4,1.8090031364,7.23601254558,-3,0,-5.42700940919,0,-0.00570197265359,-0.014650362796
1,4,1.8090031364,7.23601254558,-3,1,-5.42700940919,1.8090031364,-0.00771948724221,-0.00248702993699
1,4,1.8090031364,7.23601254558,-3,2,-5.42700940919,3.61800627279,-0.00428550057542,0.00595162398231
1,4,1.8090031364,7.23601254558,-3,3,-5.42700940919,5.42700940919,-0.00103829719518,-0.000974800456607
1,4,1.8090031364,7.23601254558,-3,4,-5.42700940919,7.23601254558,-0.00161790456268,-0.00146770742896
1,4,1.8090031364,7.23601254558,-2,-4,-3.61800627279,-7.23601254558,0.000200407435933,0.00468786628337
1,4,1.8090031364,7.23601254558,-2,-3,-3.61800627279,-5.42700940919,0.00197498314246,0.00369875723401
1,4,1.8090031364,7.23601254558,-2,-2,-3.61800627279,-3.61800627279,0.00139498675758,0.00664561176968
1,4,1.8090031364,7.23601254558,-2,-1,-3.61800627279,-1.8090031364,0.00356197772136,-0.0133310234231
1,4,1.8090031364,7.23601254558,-2,0,-3.61800627279,0,-0.0312069071763,0.00386669651939
1,4,1.8090031364,7.23601254558,-2,1,-3.61800627279,1.8090031364,-0.00275036461612,-0.00606102433345
1,4,1.8090031364,7.23601254558,-2,2,-3.61800627279,3.61800627279,0.0109465339273,0.00465250562521
1,4,1.8090031364,7.23601254558,-2,3,-3.61800627279,5.42700940919,-0.00438127671458,0.00927770265106
1,4,1.8090031364,7.23601254558,-2,4,-3.61800627279,7.23601254558,0.00408696193652,-0.00234777674156
1,4,1.8090031364,7.23601254558,-1,-4,-1.8090031364,-7.23601254558,0.000999286051426,0.00298827455302
1,4,1.8090031364,7.23601254558,-1,-3,-1.8090031364,-5.42700940919,-0.00554864302069,0.00148271390351
1,4,1.8090031364,7.23601254558,-1,-2,-1.8090031364,-3.61800627279,-0.00427279613945,-0.0107629698475
1,4,1.8090031364,7.23601254558,-1,-1,-1.8090031364,-1.8090031364,-0.00146195579527,-0.00880159100645
1,4,1.8090031364,7.23601254558,-1,0,-1.8090031364,0,0.0387076648269,0.0121742752196
1,4,1.8090031364,7.23601254558,-1,1,-1.8090031364,1.8090031364,-0.022735676954,-0.0109985303421
1,4,1.8090031364,7.23601254558,-1,2,-1.8090031364,3.61800627279,0.00209466714811,0.000915758143775
1,4,1.8090031364,7.23601254558,-1,3,-1.8090031364,5.42700940919,0.000700045651196,3.32876027797e-05
1,4,1.8090031364,7.23601254558,-1,4,-1.8090031364,7.23601254558,-0.00931015116909,-0.00170827092158
1,4,1.8090031364,7.23601254558,0,-4,0,-7.23601254558,-0.002438687936,-0.00480136228959
1,4,1.8090031364,7.23601254558,0,-3,0,-5.42700940919,0.0135427550048,-0.00287442149794
1,4,1.8090031364,7.23601254558,0,-2,0,-3.61800627279,-0.0136817323925,0.0107691958396
1,4,1.8090031364,7.23601254558,0,-1,0,-1.8090031364,0.00923963789947,-0.0126279188328
1,4,1.8090031364,7.23601254558,0,0,0,0,0.00107108841043,0.0100948146052
1,4,1.8090031364,7.23601254558,0,1,0,1.8090031364,-0.0220447521135,0.0119812997907
1,4,1.8090031364,7.23601254558,0,2,0,3.61800627279,-0.00645908265234,0.00961124311212
1,4,1.8090031364,7.23601254558,0,3,0,5.42700940919,-0.012950181042,-0.00796095476537
1,4,1.8090031364,7.23601254558,0,4,0,7.23601254558,-0.000260385972738,0.00239891263749
1,4,1.8090031364,7.23601254558,1,-4,1.8090031364,-7.23601254558,0.000265489927604,-0.00250373217016
1,4,1.8090031364,7.23601254558,1,-3,1.8090031364,-5.42700940919,0.00166228258512,0.00444515136771
1,4,1.8090031364,7.23601254558,1,-2,1.8090031364,-3.61800627279,-0.0085598457937,0.0238941917254
1,4,1.8090031364,7.23601254558,1,-1,1.8090031364,-1.8090031364,-0.0151991815372,-0.00220763820532
1,4,1.8090031364,7.23601254558,1,0,1.8090031364,0,0.0302568585729,0.00960670774102
1,4,1.8090031364,7.23601254558,1,1,1.8090031364,1.8090031364,-0.00572874122057,0.0111998665614
1,4,1.8090031364,7.23601254558,1,2,1.8090031364,3.61800627279,0.00148651518146,0.0172254219007
1,4,1.8090031364,7.23601254558,1,3,1.8090031364,5.42700940919,0.00225640980125,-0.00166199178464
1,4,1.8090031364,7.23601254558,1,4,1.8090031364,7.23601254558,0.0464245344922,0
1,4,1.8090031364,7.23601254558,2,-4,3.61800627279,-7.23601254558,-0.00292786255138,0.00588306082928
1,4,1.8090031364,7.23601254558,2,-3,3.61800627279,-5.42700940919,-0.00599330493276,-0.00409468664414
1,4,1.8090031364,7.23601254558,2,-2,3.61800627279,-3.61800627279,0.00140755886626,0.0018099906832
1,4,1.8090031364,7.23601254558,2,-1,3.61800627279,-1.8090031364,0.00251309713386,-0.0104585875614
1,4,1.8090031364,7.23601254558,2,0,3.61800627279,0,-0.0090097300676,-0.0109800940245
1,4,1.8090031364,7.23601254558,2,1,3.61800627279,1.8090031364,0.00274013902032,-0.00112669475631
1,4,1.8090031364,7.23601254558,2,2,3.61800627279,3.61800627279,0.00240903200697,-0.00428251805686
1,4,1.8090031364,7.23601254558,2,3,3.61800627279,5.42700940919,-0.00195817096248,0.00247084451806
1,4,1.8090031364,7.23601254558,2,4,3.61800627279,7.23601254558,-0.00108894293857,-0.00198829584626
1,4,1.8090031364,7.23601254558,3,-4,5.42700940919,-7.23601254558,-0.00646894859381,0.000767809293265
1,4,1.8090031364,7.23601254558,3,-3,5.42700940919,-5.42700940919,0.00406087670927,0.00258113581606
1,4,1.8090031364,7.23601254558,3,-2,5.42700940919,-3.61800627279,0.00283196413805,-0.00191889534488
1,4,1.8090031364,7.23601254558,3,-1,5.42700940919,-1.8090031364,-0.00365764826728,-0.00658039186724
1,4,1.8090031364,7.23601254558,3,0,5.42700940919,0,0.00465910005702,-9.9779872971e-05
1,4,1.8090031364,7.23601254558,3,1,5.42700940919,1.8090031364,-0.00226263737086,0.00260948512413
1,4,1.8090031364,7.23601254558,3,2,5.42700940919,3.61800627279,0.000386993210025,0.00077351044477
1,4,1.8090031364,7.23601254558,3,3,5.42700940919,5.42700940919,-0.00210113831231,0.00144021646389
1,4,1.8090031364,7.23601254558,3,4,5.42700940919,7.23601254558,-0.00704155785698,0.00533394195582
1,4,1.8090031364,7.23601254558,4,-4,7.23601254558,-7.23601254558,0.00774389695712,0.00178153507547
1,4,1.8090031364,7.23601254558,4,-3,7.23601254558,-5.42700940919,0.00200682254476,-0.00558652113344
1,4,1.8090031364,7.23601254558,4,-2,7.23601254558,-3.61800627279,-0.00169409835652,-0.00041757385803
1,4,1.8090031364,7.23601254558,4,-1,7.23601254558,-1.8090031364,-0.00662769408611,-0.00288510032927
1,4,1.8090031364,7.23601254558,4,0,7.23601254558,0,0.00528792420122,0.00377853760392
1,4,1.8090031364,7.23601254558,4,1,7.23601254558,1.8090031364,-0.00296043911197,-0.00303498476225
1,4,1.8090031364,7.23601254558,4,2,7.23601254558,3.61800627279,0.000261515112369,-0.00339090204546
1,4,1.8090031364,7.23601254558,4,3,7.23601254558,5.42700940919,-0.00256098614062,-0.00377578814105
1,4,1.8090031364,7.23601254558,4,4,7.23601254558,7.23601254558,0.0014898212835,0.00171937443234
2,-4,3.61800627279,-7.23601254558,-4,-4,-7.23601254558,-7.23601254558,0.00147207534603,0.00248871928534
2,-4,3.61800627279,-7.23601254558,-4,-3,-7.23601254558,-5.42700940919,0.00156117519171,0.000614330639315
2,-4,3.61800627279,-7.23601254558,-4,-2,-7.23601254558,-3.61800627279,-5.95506083049e-05,-0.00463198634366
2,-4,3.61800627279,-7.23601254558,-4,-1,-7.23601254558,-1.8090031364,0.00523623632592,-0.00413441717509
2,-4,3.61800627279,-7.23601254558,-4,0,-7.23601254558,0,0.000833251415826,0.000867895030636
2,-4,3.61800627279,-7.23601254558,-4,1,-7.23601254558,1.8090031364,-0.00115712953822,-0.00389187606645
2,-4,3.61800627279,-7.23601254558,-4,2,-7.23601254558,3.61800627279,-0.000503374050276,-0.00337685819415
2,-4,3.61800627279,-7.23601254558,-4,3,-7.23601254558,5.42700940919,-0.00277455590566,0.000617109198962
2,-4,3.61800627279,-7.23601254558,-4,4,-7.23601254558,7.23601254558,0.00214206173888,0.000220568517647
2,-4,3.61800627279,-7.23601254558,-3,-4,-5.42700940919,-7.23601254558,0.00550683603455,0.00272224030745
2,-4,3.61800627279,-7.23601254558,-3,-3,-5.42700940919,-5.42700940919,0.000987332892774,-0.00670821428505
2,-4,3.61800627279,-7.23601254558,-3,-2,-5.42700940919,-3.61800627279,-0.00382184126711,0.00582400737794
2,-4,3.61800627279,-7.23601254558,-3,-1,-5.42700940919,-1.8090031364,0.00546237919937,-0.00813522614632
2,-4,3.61800627279,-7.23601254558,-3,0,-5.42700940919,0,-0.00367410557097,-0.00687644629136
2,-4,3.61800627279,-7.23601254558,-3,1,-5.42700940919,1.8090031364,-0.00226687669339,0.0085300952809
2,-4,3.61800627279,-7.23601254558,-3,2,-5.42700940919,3.61800627279,-0.000178415703799,-0.00200139547618
2,-4,3.61800627279,-7.23601254558,-3,3,-5.42700940919,5.42700940919,-0.00154091749953,0.00422020072324
2,-4,3.61800627279,-7.23601254558,-3,4,-5.42700940919,7.23601254558,0.00221820818133,-0.00472457714313
2,-4,3.61800627279,-7.23601254558,-2,-4,-3.61800627279,-7.23601254558,0.00273353526512,-0.00183492637943
2,-4,3.61800627279,-7.23601254558,-2,-3,-3.61800627279,-5.42700940919,-0.00539476784459,0.000309837505165
2,-4,3.61800627279,-7.23601254558,-2,-2,-3.61800627279,-3.61800627279,0.00414479815087,0.00632826607569
2,-4,3.61800627279,-7.23601254558,-2,-1,-3.61800627279,-1.8090031364,-0.000669759736089,-0.000381631150053
2,-4,3.61800627279,-7.23601254558,-2,0,-3.61800627279,0,0.00341626417231,0.0277366439351
2,-4,3.61800627279,-7.23601254558,-2,1,-3.61800627279,1.8090031364,-0.0106990329702,0.00354535425225
2,-4,3.61800627279,-7.23601254558,-2,2,-3.61800627279,3.61800627279,-0.00247121656663,-0.00661985367981
2,-4,3.61800627279,-7.23601254558,-2,3,-3.61800627279,5.42700940919,-0.00967370424618,0.00496042582704
2,-4,3.61800627279,-7.23601254558,-2,4,-3.61800627279,7.23601254558,-0.00333300421255,0.000942168796905
2,-4,3.61800627279,-7.23601254558,-1,-4,-1.8090031364,-7.23601254558,0.00408696193652,-0.00234777674156
2,-4,3.61800627279,-7.23601254558,-1,-3,-1.8090031364,-5.42700940919,-0.00558058848156,0.0107608181697
2,-4,3.61800627279,-7.23601254558,-1,-2,-1.8090031364,-3.61800627279,0.000300786654662,0.010231886378
2,-4,3.61800627279,-7.23601254558,-1,-1,-1.8090031364,-1.8090031364,-0.0354946516739,0.0153573263739
2,-4,3.61800627279,-7.23601254558,-1,0,-1.8090031364,0,0.0171625960066,-0.0033173810614
2,-4,3.61800627279,-7.23601254558,-1,1,-1.8090031364,1.8090031364,-0.0237057014322,0.0098357152884
2,-4,3.61800627279,-7.23601254558,-1,2,-1.8090031364,3.61800627279,0.00137357309357,0.00953572407024
2,-4,3.61800627279,-7.23601254558,-1,3,-1.8090031364,5.42700940919,0.00150131674541,0.0126950761129
2,-4,3.61800627279,-7.23601254558,-1,4,-1.8090031364,7.23601254558,0.0114129536388,-0.0015133377405
2,-4,3.61800627279,-7.23601254558,0,-4,0,-7.23601254558,-0.00635831108284,-0.000296652033839
2,-4,3.61800627279,-7.23601254558,0,-3,0,-5.42700940919,-0.0123569816557,-0.00155838808506
2,-4,3.61800627279,-7.23601254558,0,-2,0,-3.61800627279,-0.00453908054343,-0.00429656457612
2,-4,3.61800627279,-7.23601254558,0,-1,0,-1.8090031364,0.00467828841842,-0.00412859650857
2,-4,3.61800627279,-7.23601254558,0,0,0,0,0.0138283438655,-0.0111925170273
2,-4,3.61800627279,-7.23601254558,0,1,0,1.8090031364,0.00201701092452,0.0117395683183
2,-4,3.61800627279,-7.23601254558,0,2,0,3.61800627279,0.0166377120108,-0.00589812642429
2,-4,3.61800627279,-7.23601254558,0,3,0,5.42700940919,0.00593013284138,-0.00205557480232
2,-4,3.61800627279,-7.23601254558,0,4,0,7.23601254558,-0.0083153209797,-0.00126479752837
2,-4,3.61800627279,-7.23601254558,1,-4,1.8090031364,-7.23601254558,-0.000298070022648,0.0021586904843
2,-4,3.61800627279,-7.23601254558,1,-3,1.8090031364,-5.42700940919,-0.00707722500275,-0.0053447572327
2,-4,3.61800627279,-7.23601254558,1,-2,1.8090031364,-3.61800627279,0.00564448747883,0.00499864878303
2,-4,3.61800627279,-7.23601254558,1,-1,1.8090031364,-1.8090031364,0.00609923044557,0.00165695212012
2,-4,3.61800627279,-7.23601254558,1,0,1.8090031364,0,-0.00445912402191,0.0213512445978
2,-4,3.61800627279,-7.23601254558,1,1,1.8090031364,1.8090031364,-0.00368927951849,0.00962538178979
2,-4,3.61800627279,-7.23601254558,1,2,1.8090031364,3.61800627279,0.00747140065378,0.00094268096931
2,-4,3.61800627279,-7.23601254558,1,3,1.8090031364,5.42700940919,-0.00434916612231,0.00896903607707
2,-4,3.61800627279,-7.23601254558,1,4,1.8090031364,7.23601254558,-0.00292786255138,-0.00588306082928
2,-4,3.61800627279,-7.23601254558,2,-4,3.61800627279,-7.23601254558,0.0266862867534,0
2,-4,3.61800627279,-7.23601254558,2,-3,3.61800627279,-5.42700940919,0.00412065338911,0.00496313813606
2,-4,3.61800627279,-7.23601254558,2,-2,3.61800627279,-3.61800627279,0.00408665151291,-0.0129526975955
2,-4,3.61800627279,-7.23601254558,2,-1,3.61800627279,-1.8090031364,-0.00420727502527,-0.0101143188398
2,-4,3.61800627279,-7.23601254558,2,0,3.61800627279,0,0.025819430358,-0.00560677540667
2,-4,3.61800627279,-7.23601254558,2,1,3.61800627279,1.8090031364,-0.00755718301152,0.0057247854726
2,-4,3.61800627279,-7.23601254558,2,2,3.61800627279,3.61800627279,-0.00575204418111,-0.0159756582778
2,-4,3.61800627279,-7.23601254558,2,3,3.61800627279,5.42700940919,0.00164689459693,-0.00962390591344
2,-4,3.61800627279,-7.23601254558,2,4,3.61800627279,7.23601254558,-0.0023483573142,0.00198695192991
2,-4,3.61800627279,-7.23601254558,3,-4,5.42700940919,-7.23601254558,-0.00190286749448,-0.000692221973402
2,-4,3.61800627279,-7.23601254558,3,-3,5.42700940919,-5.42700940919,0.000570534239026,-0.00251213417288
2,-4,3.61800627279,-7.23601254558,3,-2,5.42700940919,-3.61800627279,-0.00566232910999,9.45759708921e-05
2,-4,3.61800627279,-7.23601254558,3,-1,5.42700940919,-1.8090031364,-0.00970740426101,-0.00228431952952
2,-4,3.61800627279,-7.23601254558,3,0,5.42700940919,0,0.000715071758138,-0.00551866455316
2,-4,3.61800627279,-7.23601254558,3,1,5.42700940919,1.8090031364,0.00580684282241,0.000784381116039
2,-4,3.61800627279,-7.23601254558,3,2,5.42700940919,3.61800627279,-0.00890162105211,-0.0061649229798
2,-4,3.61800627279,-7.23601254558,3,3,5.42700940919,5.42700940919,-0.000288301843003,0.00232901057668
2,-4,3.61800627279,-7.23601254558,3,4,5.42700940919,7.23601254558,0.00166410805108,0.00216597094261
2,-4,3.61800627279,-7.23601254558,4,-4,7.23601254558,-7.23601254558,-0.00139770373235,-0.000114805007683
2,-4,3.61800627279,-7.23601254558,4,-3,7.23601254558,-5.42700940919,-0.00242583206394,-0.00411987517353
2,-4,3.61800627279,-7.23601254558,4,-2,7.23601254558,-3.61800627279,-0.00238381087725,-0.00110945529298
2,-4,3.61800627279,-7.23601254558,4,-1,7.23601254558,-1.8090031364,-0.00437449086209,-0.000344801833107
2,-4,3.61800627279,-7.23601254558,4,0,7.23601254558,0,0.00283338019357,0.000397896747014
2,-4,3.61800627279,-7.23601254558,4,1,7.23601254558,1.8090031364,0.000449966393379,0.000282825614959
2,-4,3.61800627279,-7.23601254558,4,2,7.23601254558,3.61800627279,0.00101507719738,0.000207982531926
2,-4,3.61800627279,-7.23601254558,4,3,7.23601254558,5.42700940919,-0.00381055478877,0.00348678816002
2,-4,3.61800627279,-7.23601254558,4,4,7.23601254558,7.23601254558,0.000691256935997,-0.00173971169504
2,-3,3.61800627279,-5.42700940919,-4,-4,-7.23601254558,-7.23601254558,0.00285774997482,-0.00369797640243
2,-3,3.61800627279,-5.42700940919,-4,-3,-7.23601254558,-5.42700940919,0.00306917381139,0.00110657573428
2,-3,3.61800627279,-5.42700940919,-4,-2,-7.23601254558,-3.61800627279,0.00306711444583,-0.000875887766908
2,-3,3.61800627279,-5.42700940919,-4,-1,-7.23601254558,-1.8090031364,0.00298692630077,-0.00359409350151
2,-3,3.61800627279,-5.42700940919,-4,0,-7.23601254558,0,0.00464912298584,-0.00693939938946
2,-3,3.61800627279,-5.42700940919,-4,1,-7.23601254558,1.8090031364,0.00127657388412,-0.00131133481953
2,-3,3.61800627279,-5.42700940919,-4,2,-7.23601254558,3.61800627279,0.000338265486482,-0.00345875306208
2,-3,3.61800627279,-5.42700940919,-4,3,-7.23601254558,5.42700940919,0.000307301778173,-0.00321595883507
2,-3,3.61800627279,-5.42700940919,-4,4,-7.23601254558,7.23601254558,0.000986492592776,0.002262845361
2,-3,3.61800627279,-5.42700940919,-3,-4,-5.42700940919,-7.23601254558,-0.00494095271181,0.00260165959139
2,-3,3.61800627279,-5.42700940919,-3,-3,-5.42700940919,-5.42700940919,0.00257275078035,-0.00235007963378
2,-3,3.61800627279,-5.42700940919,-3,-2,-5.42700940919,-3.61800627279,0.00132783028577,-0.00420678899507
2,-3,3.61800627279,-5.42700940919,-3,-1,-5.42700940919,-1.8090031364,-0.00109573067245,0.00865658349519
2,-3,3.61800627279,-5.42700940919,-3,0,-5.42700940919,0,0.0070074490017,-0.00813528340954
2,-3,3.61800627279,-5.42700940919,-3,1,-5.42700940919,1.8090031364,-0.000939002774273,-0.00992421887297
2,-3,3.61800627279,-5.42700940919,-3,2,-5.42700940919,3.61800627279,0.00092613875536,0.00135767896702
2,-3,3.61800627279,-5.42700940919,-3,3,-5.42700940919,5.42700940919,-0.00363392962428,0.00342248249617
2,-3,3.61800627279,-5.42700940919,-3,4,-5.42700940919,7.23601254558,0.00240347206534,0.0029245980191
2,-3,3.61800627279,-5.42700940919,-2,-4,-3.61800627279,-7.23601254558,-0.00266975296013,-0.000165863554669
2,-3,3.61800627279,-5.42700940919,-2,-3,-3.61800627279,-5.42700940919,-0.00405218754694,-0.00441070649129
2,-3,3.61800627279,-5.42700940919,-2,-2,-3.61800627279,-3.61800627279,-0.0120131916637,-0.00808948427779
2,-3,3.61800627279,-5.42700940919,-2,-1,-3.61800627279,-1.8090031364,0.00104336480512,0.00884758392858
2,-3,3.61800627279,-5.42700940919,-2,0,-3.61800627279,0,0.00752666396633,0.00454956838365
2,-3,3.61800627279,-5.42700940919,-2,1,-3.61800627279,1.8090031364,-0.000266399985528,0.0176989077737
2,-3,3.61800627279,-5.42700940919,-2,2,-3.61800627279,3.61800627279,-0.012865237538,0.00388367075231
2,-3,3.61800627279,-5.42700940919,-2,3,-3.61800627279,5.42700940919,0.00168577509559,-0.00343113813979
2,-3,3.61800627279,-5.42700940919,-2,4,-3.61800627279,7.23601254558,-0.00967370424618,0.00496042582704
2,-3,3.61800627279,-5.42700940919,-1,-4,-1.8090031364,-7.23601254558,-0.00438127671458,0.00927770265106
2,-3,3.61800627279,-5.42700940919,-1,-3,-1.8090031364,-5.42700940919,0.00679015596101,-0.00120963851468
2,-3,3.61800627279,-5.42700940919,-1,-2,-1.8090031364,-3.61800627279,-0.00296107975746,0.0144236192356
2,-3,3.61800627279,-5.42700940919,-1,-1,-1.8090031364,-1.8090031364,-0.0035279411447,0.0249469335881
2,-3,3.61800627279,-5.42700940919,-1,0,-1.8090031364,0,-0.040764146326,0.00824991164064
2,-3,3.61800627279,-5.42700940919,-1,1,-1.8090031364,1.8090031364,0.0117745513073,0.00123541804375
2,-3,3.61800627279,-5.42700940919,-1,2,-1.8090031364,3.61800627279,-0.0127620523156,0.00258893225965
2,-3,3.61800627279,-5.42700940919,-1,3,-1.8090031364,5.42700940919,-0.00415250183399,0.00563981329154
2,-3,3.61800627279,-5.42700940919,-1,4,-1.8090031364,7.23601254558,0.00136838239822,0.00936153983331
2,-3,3.61800627279,-5.42700940919,0,-4,0,-7.23601254558,0.00142296303955,0.00389943519522
2,-3,3.61800627279,-5.42700940919,0,-3,0,-5.42700940919,-0.01171122588,-0.0104784443167
2,-3,3.61800627279,-5.42700940919,0,-2,0,-3.61800627279,-0.0160678853584,0.00187950094596
2,-3,3.61800627279,-5.42700940919,0,-1,0,-1.8090031364,-0.0138132654936,0.00285758850597
2,-3,3.61800627279,-5.42700940919,0,0,0,0,0.000191913326247,-0.0135552258961
2,-3,3.61800627279,-5.42700940919,0,1,0,1.8090031364,0.0124106327783,-0.0102796542004
2,-3,3.61800627279,-5.42700940919,0,2,0,3.61800627279,-0.000625605800426,0.00917201352447
2,-3,3.61800627279,-5.42700940919,0,3,0,5.42700940919,0.00695707110427,-0.00199501127606
2,-3,3.61800627279,-5.42700940919,0,4,0,7.23601254558,0.00354971658431,-0.0045546729889
2,-3,3.61800627279,-5.42700940919,1,-4,1.8090031364,-7.23601254558,-0.00361688550727,-9.8308919078e-06
2,-3,3.61800627279,-5.42700940919,1,-3,1.8090031364,-5.42700940919,0.000127137556792,0.00156123978086
2,-3,3.61800627279,-5.42700940919,1,-2,1.8090031364,-3.61800627279,-0.0245782059016,-0.00860836280931
2,-3,3.61800627279,-5.42700940919,1,-1,1.8090031364,-1.8090031364,0.00587223636851,0.0137475085962
2,-3,3.61800627279,-5.42700940919,1,0,1.8090031364,0,0.00105271902165,0.00369415842209
2,-3,3.61800627279,-5.42700940919,1,1,1.8090031364,1.8090031364,0.00338261308589,0.018759467847
2,-3,3.61800627279,-5.42700940919,1,2,1.8090031364,3.61800627279,-0.00494155985248,-2.01075535386e-05
2,-3,3.61800627279,-5.42700940919,1,3,1.8090031364,5.42700940919,0.00267190808719,0.00421774163959
2,-3,3.61800627279,-5.42700940919,1,4,1.8090031364,7.23601254558,-0.00599330493276,0.00409468664414
2,-3,3.61800627279,-5.42700940919,2,-4,3.61800627279,-7.23601254558,0.00412065338911,-0.00496313813606
2,-3,3.61800627279,-5.42700940919,2,-3,3.61800627279,-5.42700940919,0.0579865575105,0
2,-3,3.61800627279,-5.42700940919,2,-2,3.61800627279,-3.61800627279,0.00765747723928,0.00472518796805
2,-3,3.61800627279,-5.42700940919,2,-1,3.61800627279,-1.8090031364,-0.000324856197749,-0.0170241868525
2,-3,3.61800627279,-5.42700940919,2,0,3.61800627279,0,0.00135485732435,-0.0096004625337
2,-3,3.61800627279,-5.42700940919,2,1,3.61800627279,1.8090031364,0.0232640869429,-0.0148868370565
2,-3,3.61800627279,-5.42700940919,2,2,3.61800627279,3.61800627279,-0.00821898890824,0.0079608549088
2,-3,3.61800627279,-5.42700940919,2,3,3.61800627279,5.42700940919,0.000127907965714,-0.00948474057767
2,-3,3.61800627279,-5.42700940919,2,4,3.61800627279,7.23601254558,0.000534246547235,-0.00317141573095
2,-3,3.61800627279,-5.42700940919,3,-4,5.42700940919,-7.23601254558,-0.00542558262871,0.00574802163963
2,-3,3.61800627279,-5.42700940919,3,-3,5.42700940919,-5.42700940919,0.00262207717846,-0.000381775430362
2,-3,3.61800627279,-5.42700940919,3,-2,5.42700940919,-3.61800627279,-0.000741004436715,0.000510263009783
2,-3,3.61800627279,-5.42700940919,3,-1,5.42700940919,-1.8090031364,-0.00275252539184,-0.000629184362966
2,-3,3.61800627279,-5.42700940919,3,0,5.42700940919,0,-0.0117194883655,-0.00695358699304
2,-3,3.61800627279,-5.42700940919,3,1,5.42700940919,1.8090031364,-0.000217566574102,0.000321014409107
2,-3,3.61800627279,-5.42700940919,3,2,5.42700940919,3.61800627279,0.00667585967574,0.000979514108218
2,-3,3.61800627279,-5.42700940919,3,3,5.42700940919,5.42700940919,-0.00970617637193,-0.00409149403322
2,-3,3.61800627279,-5.42700940919,3,4,5.42700940919,7.23601254558,0.00188652623698,0.00311188619335
2,-3,3.61800627279,-5.42700940919,4,-4,7.23601254558,-7.23601254558,-0.0043965272782,0.000485442776933
2,-3,3.61800627279,-5.42700940919,4,-3,7.23601254558,-5.42700940919,-0.00386452938236,0.00245072196894
2,-3,3.61800627279,-5.42700940919,4,-2,7.23601254558,-3.61800627279,-0.000587017898304,-0.00365395117582
2,-3,3.61800627279,-5.42700940919,4,-1,7.23601254558,-1.8090031364,9.88201136604e-05,0.000399269803079
2,-3,3.61800627279,-5.42700940919,4,0,7.23601254558,0,-0.00696411578067,0.000855271086947
2,-3,3.61800627279,-5.42700940919,4,1,7.23601254558,1.8090031364,0.00323027776347,0.00186544977664
2,-3,3.61800627279,-5.42700940919,4,2,7.23601254558,3.61800627279,0.000426060310035,0.00200098281198
2,-3,3.61800627279,-5.42700940919,4,3,7.23601254558,5.42700940919,0.00117416887488,0.00220076704993
2,-3,3.61800627279,-5.42700940919,4,4,7.23601254558,7.23601254558,-0.00070699234033,-0.00661604030352
2,-2,3.61800627279,-3.61800627279,-4,-4,-7.23601254558,-7.23601254558,0.00175741775965,0.00047679363963
2,-2,3.61800627279,-3.61800627279,-4,-3,-7.23601254558,-5.42700940919,0.00659206032301,-0.00440383622006
2,-2,3.61800627279,-3.61800627279,-4,-2,-7.23601254558,-3.61800627279,0.0130369700147,0.000970376065443
2,-2,3.61800627279,-3.61800627279,-4,-1,-7.23601254558,-1.8090031364,0.00380894399468,-0.00149171181873
2,-2,3.61800627279,-3.61800627279,-4,0,-7.23601254558,0,0.00649923352337,-0.00580639398554
2,-2,3.61800627279,-3.61800627279,-4,1,-7.23601254558,1.8090031364,0.0136640227171,-0.0071649484839
2,-2,3.61800627279,-3.61800627279,-4,2,-7.23601254558,3.61800627279,0.00177006624652,-0.00126237598448
2,-2,3.61800627279,-3.61800627279,-4,3,-7.23601254558,5.42700940919,0.00200871860066,-0.00209145522321
2,-2,3.61800627279,-3.61800627279,-4,4,-7.23601254558,7.23601254558,-0.00632414998657,-0.0106187157455
2,-2,3.61800627279,-3.61800627279,-3,-4,-5.42700940919,-7.23601254558,0.00404753988936,0.000283714021707
2,-2,3.61800627279,-3.61800627279,-3,-3,-5.42700940919,-5.42700940919,0.00220853932451,-0.000571689510804
2,-2,3.61800627279,-3.61800627279,-3,-2,-5.42700940919,-3.61800627279,-0.000937437940401,-0.00699453973519
2,-2,3.61800627279,-3.61800627279,-3,-1,-5.42700940919,-1.8090031364,0.00175708546023,-0.00460957964556
2,-2,3.61800627279,-3.61800627279,-3,0,-5.42700940919,0,0.00363586060344,0.0132721197542
2,-2,3.61800627279,-3.61800627279,-3,1,-5.42700940919,1.8090031364,-0.00287108029598,-0.00605417937596
2,-2,3.61800627279,-3.61800627279,-3,2,-5.42700940919,3.61800627279,0.00363089302013,-0.00990981524133
2,-2,3.61800627279,-3.61800627279,-3,3,-5.42700940919,5.42700940919,0.00115342330895,0.00231837696518
2,-2,3.61800627279,-3.61800627279,-3,4,-5.42700940919,7.23601254558,-0.00292067234027,0.000903487266557
2,-2,3.61800627279,-3.61800627279,-2,-4,-3.61800627279,-7.23601254558,-0.00709052449919,0.00640018662079
2,-2,3.61800627279,-3.61800627279,-2,-3,-3.61800627279,-5.42700940919,0.00231268309382,-0.00120501126383
2,-2,3.61800627279,-3.61800627279,-2,-2,-3.61800627279,-3.61800627279,-0.0109619289352,-0.00533525914045
2,-2,3.61800627279,-3.61800627279,-2,-1,-3.61800627279,-1.8090031364,-0.0248251866221,-0.0212450562103
2,-2,3.61800627279,-3.61800627279,-2,0,-3.61800627279,0,-0.0126641248059,0.0283853464655
2,-2,3.61800627279,-3.61800627279,-2,1,-3.61800627279,1.8090031364,0.0133497598932,0.00360802310525
2,-2,3.61800627279,-3.61800627279,-2,2,-3.61800627279,3.61800627279,0.00123520291455,0.00795226490778
2,-2,3.61800627279,-3.61800627279,-2,3,-3.61800627279,5.42700940919,-0.012865237538,0.00388367075231
2,-2,3.61800627279,-3.61800627279,-2,4,-3.61800627279,7.23601254558,-0.00247121656663,-0.00661985367981
2,-2,3.61800627279,-3.61800627279,-1,-4,-1.8090031364,-7.23601254558,0.0109465339273,0.00465250562521
2,-2,3.61800627279,-3.61800627279,-1,-3,-1.8090031364,-5.42700940919,-0.014728967054,0.0144034806472
2,-2,3.61800627279,-3.61800627279,-1,-2,-1.8090031364,-3.61800627279,0.0137479033695,-0.0028120740053
2,-2,3.61800627279,-3.61800627279,-1,-1,-1.8090031364,-1.8090031364,-0.00687123499339,0.0286426799242
2,-2,3.61800627279,-3.61800627279,-1,0,-1.8090031364,0,0.00540965168234,0.0357170767231
2,-2,3.61800627279,-3.61800627279,-1,1,-1.8090031364,1.8090031364,-0.046824086598,-0.000476614601657
2,-2,3.61800627279,-3.61800627279,-1,2,-1.8090031364,3.61800627279,0.0109899918823,-0.0011192458905
2,-2,3.61800627279,-3.61800627279,-1,3,-1.8090031364,5.42700940919,-0.0115275044125,0.00324829961683
2,-2,3.61800627279,-3.61800627279,-1,4,-1.8090031364,7.23601254558,-0.00259966780053,0.00796044759771
2,-2,3.61800627279,-3.61800627279,0,-4,0,-7.23601254558,0.0020147901594,-0.000144578551869
2,-2,3.61800627279,-3.61800627279,0,-3,0,-5.42700940919,-0.00302658110843,0.00051021136966
2,-2,3.61800627279,-3.61800627279,0,-2,0,-3.61800627279,-0.0211409545499,-0.0265073467533
2,-2,3.61800627279,-3.61800627279,0,-1,0,-1.8090031364,-0.0248799682425,0.00467826421293
2,-2,3.61800627279,-3.61800627279,0,0,0,0,-0.0128910434385,0.0101701808249
2,-2,3.61800627279,-3.61800627279,0,1,0,1.8090031364,-0.00166251631636,-0.0199953055819
2,-2,3.61800627279,-3.61800627279,0,2,0,3.61800627279,0.0136349987461,-0.0165395351698
2,-2,3.61800627279,-3.61800627279,0,3,0,5.42700940919,-0.00286998836862,0.00979140629825
2,-2,3.61800627279,-3.61800627279,0,4,0,7.23601254558,0.00686128449218,0.000454543684293
2,-2,3.61800627279,-3.61800627279,1,-4,1.8090031364,-7.23601254558,-0.00502141912394,0.000202715060012
2,-2,3.61800627279,-3.61800627279,1,-3,1.8090031364,-5.42700940919,-0.0116173232368,-0.00915129674168
2,-2,3.61800627279,-3.61800627279,1,-2,1.8090031364,-3.61800627279,0.00872336368636,0.00242868867274
2,-2,3.61800627279,-3.61800627279,1,-1,1.8090031364,-1.8090031364,-0.0381032543938,-0.00269342657907
2,-2,3.61800627279,-3.61800627279,1,0,1.8090031364,0,-8.42137516776e-06,0.00980144118059
2,-2,3.61800627279,-3.61800627279,1,1,1.8090031364,1.8090031364,-0.00479339321515,0.00155328686302
2,-2,3.61800627279,-3.61800627279,1,2,1.8090031364,3.61800627279,0.00622911530384,0.0174913185625
2,-2,3.61800627279,-3.61800627279,1,3,1.8090031364,5.42700940919,-0.00698140666564,0.00489449885625
2,-2,3.61800627279,-3.61800627279,1,4,1.8090031364,7.23601254558,0.00140755886626,-0.0018099906832
2,-2,3.61800627279,-3.61800627279,2,-4,3.61800627279,-7.23601254558,0.00408665151291,0.0129526975955
2,-2,3.61800627279,-3.61800627279,2,-3,3.61800627279,-5.42700940919,0.00765747723928,-0.00472518796805
2,-2,3.61800627279,-3.61800627279,2,-2,3.61800627279,-3.61800627279,0.160818651292,0
2,-2,3.61800627279,-3.61800627279,2,-1,3.61800627279,-1.8090031364,0.00781405356372,0.00171628700251
2,-2,3.61800627279,-3.61800627279,2,0,3.61800627279,0,-0.0132198687277,-0.0227278618901
2,-2,3.61800627279,-3.61800627279,2,1,3.61800627279,1.8090031364,0.00853524870989,-0.0111622423359
2,-2,3.61800627279,-3.61800627279,2,2,3.61800627279,3.61800627279,0.015557007916,-0.0158721452449
2,-2,3.61800627279,-3.61800627279,2,3,3.61800627279,5.42700940919,-0.0078084043897,0.00723544704433
2,-2,3.61800627279,-3.61800627279,2,4,3.61800627279,7.23601254558,-0.00621564265123,-0.0169009443845
2,-2,3.61800627279,-3.61800627279,3,-4,5.42700940919,-7.23601254558,0.00438884600551,-0.004880279569
2,-2,3.61800627279,-3.61800627279,3,-3,5.42700940919,-5.42700940919,-0.014527130346,0.00621018436177
2,-2,3.61800627279,-3.61800627279,3,-2,5.42700940919,-3.61800627279,0.0062860290388,-0.00346155899219
2,-2,3.61800627279,-3.61800627279,3,-1,5.42700940919,-1.8090031364,-0.00881898952227,0.0119512090493
2,-2,3.61800627279,-3.61800627279,3,0,5.42700940919,0,0.00126773611061,-0.0118916617287
2,-2,3.61800627279,-3.61800627279,3,1,5.42700940919,1.8090031364,-0.0183883549191,-0.00912683561264
2,-2,3.61800627279,-3.61800627279,3,2,5.42700940919,3.61800627279,-0.000561805771358,-0.000297904855908
2,-2,3.61800627279,-3.61800627279,3,3,5.42700940919,5.42700940919,0.00956110863492,0.00333908108517
2,-2,3.61800627279,-3.61800627279,3,4,5.42700940919,7.23601254558,-0.0046078067637,-0.00340104151599
2,-2,3.61800627279,-3.61800627279,4,-4,7.23601254558,-7.23601254558,-0.00257731765586,0.00189962593158
2,-2,3.61800627279,-3.61800627279,4,-3,7.23601254558,-5.42700940919,-0.00603506256059,-0.000586957954614
2,-2,3.61800627279,-3.61800627279,4,-2,7.23601254558,-3.61800627279,-0.0113120543567,0.00769041208243
2,-2,3.61800627279,-3.61800627279,4,-1,7.23601254558,-1.8090031364,-0.00188321014902,-0.00453246418363
2,-2,3.61800627279,-3.61800627279,4,0,7.23601254558,0,0.00103167885822,0.00398854485729
2,-2,3.61800627279,-3.61800627279,4,1,7.23601254558,1.8090031364,-0.00629665789242,0.00160694915117
2,-2,3.61800627279,-3.61800627279,4,2,7.23601254558,3.61800627279,0.00840059909907,0.000664278774928
2,-2,3.61800627279,-3.61800627279,4,3,7.23601254558,5.42700940919,0.000417415342651,0.0035939431652
2,-2,3.61800627279,-3.61800627279,4,4,7.23601254558,7.23601254558,-0.00236420449031,0.0081507833753
2,-1,3.61800627279,-1.8090031364,-4,-4,-7.23601254558,-7.23601254558,0.00696119172779,-0.00694325141629
2,-1,3.61800627279,-1.8090031364,-4,-3,-7.23601254558,-5.42700940919,-0.00468799021685,0.00243172402839
2,-1,3.61800627279,-1.8090031364,-4,-2,-7.23601254558,-3.61800627279,0.0103380271241,-0.00731947790029
2,-1,3.61800627279,-1.8090031364,-4,-1,-7.23601254558,-1.8090031364,0.0209389709551,0.00470250855231
2,-1,3.61800627279,-1.8090031364,-4,0,-7.23601254558,0,-0.000449749137953,-0.00327002967257
2,-1,3.61800627279,-1.8090031364,-4,1,-7.23601254558,1.8090031364,0.00652748349094,-0.0138602443638
2,-1,3.61800627279,-1.8090031364,-4,2,-7.23601254558,3.61800627279,0.0191295333181,-0.0125906299457
2,-1,3.61800627279,-1.8090031364,-4,3,-7.23601254558,5.42700940919,0.00120739184731,0.00112012664418
2,-1,3.61800627279,-1.8090031364,-4,4,-7.23601254558,7.23601254558,0.00212726338806,-0.00018176580556
2,-1,3.61800627279,-1.8090031364,-3,-4,-5.42700940919,-7.23601254558,0.0179538312306,0.0155972544589
2,-1,3.61800627279,-1.8090031364,-3,-3,-5.42700940919,-5.42700940919,0.00470518469475,-0.000718036763009
2,-1,3.61800627279,-1.8090031364,-3,-2,-5.42700940919,-3.61800627279,0.00852348845056,-0.00876756226584
2,-1,3.61800627279,-1.8090031364,-3,-1,-5.42700940919,-1.8090031364,-0.0200746237467,-0.00157888624518
2,-1,3.61800627279,-1.8090031364,-3,0,-5.42700940919,0,0.00680892584986,-0.00736323899966
2,-1,3.61800627279,-1.8090031364,-3,1,-5.42700940919,1.8090031364,0.0080968143433,0.0153397393191
2,-1,3.61800627279,-1.8090031364,-3,2,-5.42700940919,3.61800627279,-0.00169995288919,-0.00684739261618
2,-1,3.61800627279,-1.8090031364,-3,3,-5.42700940919,5.42700940919,-0.000528791104422,-0.0104290966991
2,-1,3.61800627279,-1.8090031364,-3,4,-5.42700940919,7.23601254558,-0.00135599131313,0.0151464225286
2,-1,3.61800627279,-1.8090031364,-2,-4,-3.61800627279,-7.23601254558,-0.0113824840697,-0.00327092468641
2,-1,3.61800627279,-1.8090031364,-2,-3,-3.61800627279,-5.42700940919,-0.0152676323802,0.00435804600412
2,-1,3.61800627279,-1.8090031364,-2,-2,-3.61800627279,-3.61800627279,0.00772794706649,0.0100990971244
2,-1,3.61800627279,-1.8090031364,-2,-1,-3.61800627279,-1.8090031364,-0.00647114158336,-0.00420209109628
2,-1,3.61800627279,-1.8090031364,-2,0,-3.61800627279,0,-0.0308813704955,-0.0398384665338
2,-1,3.61800627279,-1.8090031364,-2,1,-3.61800627279,1.8090031364,-0.0197858657975,0.0400574259708
2,-1,3.61800627279,-1.8090031364,-2,2,-3.61800627279,3.61800627279,0.0133497598932,0.00360802310525
2,-1,3.61800627279,-1.8090031364,-2,3,-3.61800627279,5.42700940919,-0.000266399985528,0.0176989077737
2,-1,3.61800627279,-1.8090031364,-2,4,-3.61800627279,7.23601254558,-0.0106990329702,0.00354535425225
2,-1,3.61800627279,-1.8090031364,-1,-4,-1.8090031364,-7.23601254558,-0.00275036461612,-0.00606102433345
2,-1,3.61800627279,-1.8090031364,-1,-3,-1.8090031364,-5.42700940919,0.0153452768851,0.00765595936722
2,-1,3.61800627279,-1.8090031364,-1,-2,-1.8090031364,-3.61800627279,-0.0171816601383,0.0214124401392
2,-1,3.61800627279,-1.8090031364,-1,-1,-1.8090031364,-1.8090031364,0.0219396774058,-0.00817161099616
2,-1,3.61800627279,-1.8090031364,-1,0,-1.8090031364,0,-0.0120803126585,0.044738020987
2,-1,3.61800627279,-1.8090031364,-1,1,-1.8090031364,1.8090031364,0.0163679603813,0.0372951546497
2,-1,3.61800627279,-1.8090031364,-1,2,-1.8090031364,3.61800627279,-0.0421780660177,0.000500076538993
2,-1,3.61800627279,-1.8090031364,-1,3,-1.8090031364,5.42700940919,0.0106431966993,-0.00272029593807
2,-1,3.61800627279,-1.8090031364,-1,4,-1.8090031364,7.23601254558,-0.0176990156137,0.0063450879105
2,-1,3.61800627279,-1.8090031364,0,-4,0,-7.23601254558,-0.0150556435877,-0.005986447069
2,-1,3.61800627279,-1.8090031364,0,-3,0,-5.42700940919,-0.00172986173563,-0.00055799698371
2,-1,3.61800627279,-1.8090031364,0,-2,0,-3.61800627279,-0.00656479730819,0.00497618003039
2,-1,3.61800627279,-1.8090031364,0,-1,0,-1.8090031364,-0.0388635608205,-0.0391335849723
2,-1,3.61800627279,-1.8090031364,0,0,0,0,-0.0245913659593,-0.00306614055311
2,-1,3.61800627279,-1.8090031364,0,1,0,1.8090031364,-0.0127916219272,0.0113262356621
2,-1,3.61800627279,-1.8090031364,0,2,0,3.61800627279,-0.00390904308288,-0.0185250590847
2,-1,3.61800627279,-1.8090031364,0,3,0,5.42700940919,0.0137606355297,-0.012557920401
2,-1,3.61800627279,-1.8090031364,0,4,0,7.23601254558,-0.00211923645722,0.0071881146618
2,-1,3.61800627279,-1.8090031364,1,-4,1.8090031364,-7.23601254558,-0.0148209543415,0.00590905075217
2,-1,3.61800627279,-1.8090031364,1,-3,1.8090031364,-5.42700940919,-0.00831389769355,0.0125315222891
2,-1,3.61800627279,-1.8090031364,1,-2,1.8090031364,-3.61800627279,-0.0224254970616,-0.0226698727272
2,-1,3.61800627279,-1.8090031364,1,-1,1.8090031364,-1.8090031364,0.00927432366667,0.0058778255552
2,-1,3.61800627279,-1.8090031364,1,0,1.8090031364,0,-0.029734065758,0.00168108611578
2,-1,3.61800627279,-1.8090031364,1,1,1.8090031364,1.8090031364,-0.00252032079475,0.00838581430928
2,-1,3.61800627279,-1.8090031364,1,2,1.8090031364,3.61800627279,0.000526434726977,-0.00649173941658
2,-1,3.61800627279,-1.8090031364,1,3,1.8090031364,5.42700940919,0.00293223725445,0.014228658546
2,-1,3.61800627279,-1.8090031364,1,4,1.8090031364,7.23601254558,0.00251309713386,0.0104585875614
2,-1,3.61800627279,-1.8090031364,2,-4,3.61800627279,-7.23601254558,-0.00420727502527,0.0101143188398
2,-1,3.61800627279,-1.8090031364,2,-3,3.61800627279,-5.42700940919,-0.000324856197749,0.0170241868525
2,-1,3.61800627279,-1.8090031364,2,-2,3.61800627279,-3.61800627279,0.00781405356372,-0.00171628700251
2,-1,3.61800627279,-1.8090031364,2,-1,3.61800627279,-1.8090031364,0.282378568781,0
2,-1,3.61800627279,-1.8090031364,2,0,3.61800627279,0,0.00382872805067,-0.0115260865125
2,-1,3.61800627279,-1.8090031364,2,1,3.61800627279,1.8090031364,-0.0123869903027,-0.0246903733956
2,-1,3.61800627279,-1.8090031364,2,2,3.61800627279,3.61800627279,0.00611977848592,-0.00993717966263
2,-1,3.61800627279,-1.8090031364,2,3,3.61800627279,5.42700940919,0.0177562973687,-0.00661195393351
2,-1,3.61800627279,-1.8090031364,2,4,3.61800627279,7.23601254558,-0.00724746315271,0.00382295365689
2,-1,3.61800627279,-1.8090031364,3,-4,5.42700940919,-7.23601254558,0.000537131029401,0.0020409182726
2,-1,3.61800627279,-1.8090031364,3,-3,5.42700940919,-5.42700940919,0.00527757385544,-0.00951598140292
2,-1,3.61800627279,-1.8090031364,3,-2,5.42700940919,-3.61800627279,-0.0169270276088,0.000652106548724
2,-1,3.61800627279,-1.8090031364,3,-1,5.42700940919,-1.8090031364,0.00109110433955,-0.00121107758867
2,-1,3.61800627279,-1.8090031364,3,0,5.42700940919,0,-0.0143460404833,0.0215305463556
2,-1,3.61800627279,-1.8090031364,3,1,5.42700940919,1.8090031364,0.00625986426366,-0.0146084919619
2,-1,3.61800627279,-1.8090031364,3,2,5.42700940919,3.61800627279,-0.0188456078381,-0.0124566263327
2,-1,3.61800627279,-1.8090031364,3,3,5.42700940919,5.42700940919,-0.00214923043695,-0.00248308771936
2,-1,3.61800627279,-1.8090031364,3,4,5.42700940919,7.23601254558,0.00340883773162,0.00423490918691
2,-1,3.61800627279,-1.8090031364,4,-4,7.23601254558,-7.23601254558,-0.00319591470008,0.000864002540066
2,-1,3.61800627279,-1.8090031364,4,-3,7.23601254558,-5.42700940919,-0.00739829121232,-0.00359425731395
2,-1,3.61800627279,-1.8090031364,4,-2,7.23601254558,-3.61800627279,-0.00994960732018,-0.00214620071573
2,-1,3.61800627279,-1.8090031364,4,-1,7.23601254558,-1.8090031364,-0.0141259376511,0.0171095791395
2,-1,3.61800627279,-1.8090031364,4,0,7.23601254558,0,-0.00437724734697,-0.00462040145639
2,-1,3.61800627279,-1.8090031364,4,1,7.23601254558,1.8090031364,-0.00695115884347,0.000140794789451
2,-1,3.61800627279,-1.8090031364,4,2,7.23601254558,3.61800627279,-0.00971476994446,0.0056784836301
2,-1,3.61800627279,-1.8090031364,4,3,7.23601254558,5.42700940919,0.0107589167822,-0.00018928028601
2,-1,3.61800627279,-1.8090031364,4,4,7.23601254558,7.23601254558,-9.59501641645e-05,0.00465909772932
2,0,3.61800627279,0,-4,-4,-7.23601254558,-7.23601254558,0.00412668350656,-0.000714015949261
2,0,3.61800627279,0,-4,-3,-7.23601254558,-5.42700940919,0.00916431765055,-0.0125623174579
2,0,3.61800627279,0,-4,-2,-7.23601254558,-3.61800627279,-0.0103160884438,-0.000539769701362
2,0,3.61800627279,0,-4,-1,-7.23601254558,-1.8090031364,0.0120425153054,-0.0093070846183
2,0,3.61800627279,0,-4,0,-7.23601254558,0,0.0280554139337,0.0120032985385
2,0,3.61800627279,0,-4,1,-7.23601254558,1.8090031364,-0.00538618837305,-0.00227384772558
2,0,3.61800627279,0,-4,2,-7.23601254558,3.61800627279,0.00764110736618,-0.0148526445905
2,0,3.61800627279,0,-4,3,-7.23601254558,5.42700940919,0.0151663679376,-0.0171718680328
2,0,3.61800627279,0,-4,4,-7.23601254558,7.23601254558,-0.000402295910348,0.00504433885923
2,0,3.61800627279,0,-3,-4,-5.42700940919,-7.23601254558,-0.0120605119939,-0.00936341225844
2,0,3.61800627279,0,-3,-3,-5.42700940919,-5.42700940919,0.0191513845882,0.019828428247
2,0,3.61800627279,0,-3,-2,-5.42700940919,-3.61800627279,0.00781897752044,0.000805310093579
2,0,3.61800627279,0,-3,-1,-5.42700940919,-1.8090031364,0.0145539664557,-0.0165292110513
2,0,3.61800627279,0,-3,0,-5.42700940919,0,-0.0316997407256,0.000420885104452
2,0,3.61800627279,0,-3,1,-5.42700940919,1.8090031364,0.00568564800433,-0.00724487597394
2,0,3.61800627279,0,-3,2,-5.42700940919,3.61800627279,0.00157166917711,0.0127213092864
2,0,3.61800627279,0,-3,3,-5.42700940919,5.42700940919,0.0065911804413,-0.00644726978676
2,0,3.61800627279,0,-3,4,-5.42700940919,7.23601254558,-0.00783381806401,-0.0103062984705
2,0,3.61800627279,0,-2,-4,-3.61800627279,-7.23601254558,-0.00473984246478,-0.0231726250523
2,0,3.61800627279,0,-2,-3,-3.61800627279,-5.42700940919,-0.0106980414716,-0.00176869294903
2,0,3.61800627279,0,-2,-2,-3.61800627279,-3.61800627279,-0.0278327204463,-0.00469141397255
2,0,3.61800627279,0,-2,-1,-3.61800627279,-1.8090031364,0.00236312812224,0.0307086035185
2,0,3.61800627279,0,-2,0,-3.61800627279,0,-0.00289749135783,-0.00860811602418
2,0,3.61800627279,0,-2,1,-3.61800627279,1.8090031364,-0.0308813704955,-0.0398384665338
2,0,3.61800627279,0,-2,2,-3.61800627279,3.61800627279,-0.0126641248059,0.0283853464655
2,0,3.61800627279,0,-2,3,-3.61800627279,5.42700940919,0.00752666396633,0.00454956838365
2,0,3.61800627279,0,-2,4,-3.61800627279,7.23601254558,0.00341626417231,0.0277366439351
2,0,3.61800627279,0,-1,-4,-1.8090031364,-7.23601254558,-0.0312069071763,0.00386669651939
2,0,3.61800627279,0,-1,-3,-1.8090031364,-5.42700940919,-0.00763178783581,-0.012388378772
2,0,3.61800627279,0,-1,-2,-1.8090031364,-3.61800627279,0.0207972622186,0.0163169909493
2,0,3.61800627279,0,-1,-1,-1.8090031364,-1.8090031364,-0.0144495422399,0.0280365653221
2,0,3.61800627279,0,-1,0,-1.8090031364,0,0.0220099904656,-0.0172234187273
2,0,3.61800627279,0,-1,1,-1.8090031364,1.8090031364,-0.00460752837495,0.0409878956468
2,0,3.61800627279,0,-1,2,-1.8090031364,3.61800627279,0.00902633791649,0.0378611430864
2,0,3.61800627279,0,-1,3,-1.8090031364,5.42700940919,-0.0298371176122,0.00763874766288
2,0,3.61800627279,0,-1,4,-1.8090031364,7.23601254558,0.0113574871969,-0.000634930233921
2,0,3.61800627279,0,0,-4,0,-7.23601254558,0.0259821874387,0.00641253252228
2,0,3.61800627279,0,0,-3,0,-5.42700940919,-0.017798664778,-0.0132934710446
2,0,3.61800627279,0,0,-2,0,-3.61800627279,-0.00322234786382,-0.00685704176551
2,0,3.61800627279,0,0,-1,0,-1.8090031364,-0.00963495238172,0.0112713627949
2,0,3.61800627279,0,0,0,0,0,-0.0524611909387,-0.046573071038
2,0,3.61800627279,0,0,1,0,1.8090031364,-0.0189369975266,0.00145935024494
2,0,3.61800627279,0,0,2,0,3.61800627279,-0.00823191079152,0.00643601039299
2,0,3.61800627279,0,0,3,0,5.42700940919,0.00224206492739,-0.0145844867347
2,0,3.61800627279,0,0,4,0,7.23601254558,0.00625327072525,-0.00453799692034
2,0,3.61800627279,0,1,-4,1.8090031364,-7.23601254558,0.00243488514612,0.0032236983248
2,0,3.61800627279,0,1,-3,1.8090031364,-5.42700940919,-0.0189795822296,0.00955562524148
2,0,3.61800627279,0,1,-2,1.8090031364,-3.61800627279,-0.00246374374001,0.0199482659398
2,0,3.61800627279,0,1,-1,1.8090031364,-1.8090031364,-0.0333519938485,-0.0305318274455
2,0,3.61800627279,0,1,0,1.8090031364,0,0.00197655507086,0.00479494930632
2,0,3.61800627279,0,1,1,1.8090031364,1.8090031364,-0.0276113298729,0.000693682542076
2,0,3.61800627279,0,1,2,1.8090031364,3.61800627279,-0.000284833336793,0.00817099702879
2,0,3.61800627279,0,1,3,1.8090031364,5.42700940919,0.00405216256967,-0.00940546345838
2,0,3.61800627279,0,1,4,1.8090031364,7.23601254558,-0.0090097300676,0.0109800940245
2,0,3.61800627279,0,2,-4,3.61800627279,-7.23601254558,0.025819430358,0.00560677540667
2,0,3.61800627279,0,2,-3,3.61800627279,-5.42700940919,0.00135485732435,0.0096004625337
2,0,3.61800627279,0,2,-2,3.61800627279,-3.61800627279,-0.0132198687277,0.0227278618901
2,0,3.61800627279,0,2,-1,3.61800627279,-1.8090031364,0.00382872805067,0.0115260865125
2,0,3.61800627279,0,2,0,3.61800627279,0,0.335529986128,0
2,0,3.61800627279,0,2,1,3.61800627279,1.8090031364,0.0109055294151,-0.0113002921678
2,0,3.61800627279,0,2,2,3.61800627279,3.61800627279,-0.00608649131065,-0.0305226361133
2,0,3.61800627279,0,2,3,3.61800627279,5.42700940919,-0.00219367574733,-0.0124601459837
2,0,3.61800627279,0,2,4,3.61800627279,7.23601254558,0.0214406765807,-0.00152068021026
2,0,3.61800627279,0,3,-4,5.42700940919,-7.23601254558,-0.0026628481384,-0.009716962475
2,0,3.61800627279,0,3,-3,5.42700940919,-5.42700940919,-0.00338465286307,-0.00436275988588
2,0,3.61800627279,0,3,-2,5.42700940919,-3.61800627279,0.000232810622544,-0.00158696081614
2,0,3.61800627279,0,3,-1,5.42700940919,-1.8090031364,-0.0163862506026,-0.0026396480537
2,0,3.61800627279,0,3,0,5.42700940919,0,0.000849920450536,-0.0015441944937
2,0,3.61800627279,0,3,1,5.42700940919,1.8090031364,-0.0158262580917,0.0120650988673
2,0,3.61800627279,0,3,2,5.42700940919,3.61800627279,-0.0034274317285,-0.0172081386977
2,0,3.61800627279,0,3,3,5.42700940919,5.42700940919,-0.0153659498675,-0.0075294519807
2,0,3.61800627279,0,3,4,5.42700940919,7.23601254558,-0.00174557420295,-0.0031153712682
2,0,3.61800627279,0,4,-4,7.23601254558,-7.23601254558,0.00463317076633,0.00102545355868
2,0,3.61800627279,0,4,-3,7.23601254558,-5.42700940919,-0.00639379202291,0.00493776817087
2,0,3.61800627279,0,4,-2,7.23601254558,-3.61800627279,-0.0129089601284,-0.0136501018448
2,0,3.61800627279,0,4,-1,7.23601254558,-1.8090031364,-0.014361338331,0.000845928302698
2,0,3.61800627279,0,4,0,7.23601254558,0,-0.0152081025411,0.0195857179617
2,0,3.61800627279,0,4,1,7.23601254558,1.8090031364,-0.00328995765689,-0.00857953070009
2,0,3.61800627279,0,4,2,7.23601254558,3.61800627279,-0.00671739154182,-0.00254169016306
2,0,3.61800627279,0,4,3,7.23601254558,5.42700940919,-0.0139979919163,0.0121086915719
2,0,3.61800627279,0,4,4,7.23601254558,7.23601254558,0.0124881825581,-0.00253563084727
2,1,3.61800627279,1.8090031364,-4,-4,-7.23601254558,-7.23601254558,-0.00850775383048,-0.0112378995044
2,1,3.61800627279,1.8090031364,-4,-3,-7.23601254558,-5.42700940919,0.00318158806059,0.00304862419956
2,1,3.61800627279,1.8090031364,-4,-2,-7.23601254558,-3.61800627279,0.00766670236832,-0.0125939379888
2,1,3.61800627279,1.8090031364,-4,-1,-7.23601254558,-1.8090031364,-0.00406181447306,-0.00470285787775
2,1,3.61800627279,1.8090031364,-4,0,-7.23601254558,0,0.0116008475157,-0.00907101681331
2,1,3.61800627279,1.8090031364,-4,1,-7.23601254558,1.8090031364,0.0229879988287,0.00729164477228
2,1,3.61800627279,1.8090031364,-4,2,-7.23601254558,3.61800627279,-0.0023946819343,-0.00413484926505
2,1,3.61800627279,1.8090031364,-4,3,-7.23601254558,5.42700940919,0.008799260584,-0.00703054361498
2,1,3.61800627279,1.8090031364,-4,4,-7.23601254558,7.23601254558,0.0157616792916,-0.015460281873
2,1,3.61800627279,1.8090031364,-3,-4,-5.42700940919,-7.23601254558,-0.0199126887604,0.00259467502988
2,1,3.61800627279,1.8090031364,-3,-3,-5.42700940919,-5.42700940919,-0.00809643643824,-0.0113276404868
2,1,3.61800627279,1.8090031364,-3,-2,-5.42700940919,-3.61800627279,0.0140078662095,0.0198969573557
2,1,3.61800627279,1.8090031364,-3,-1,-5.42700940919,-1.8090031364,0.0102010908574,-0.00157921496253
2,1,3.61800627279,1.8090031364,-3,0,-5.42700940919,0,0.0140759765253,-0.0138323402466
2,1,3.61800627279,1.8090031364,-3,1,-5.42700940919,1.8090031364,-0.0233564162736,-0.00316104752714
2,1,3.61800627279,1.8090031364,-3,2,-5.42700940919,3.61800627279,0.00152643951276,-0.00707537189569
2,1,3.61800627279,1.8090031364,-3,3,-5.42700940919,5.42700940919,-0.00231126310515,0.0172147678005
2,1,3.61800627279,1.8090031364,-3,4,-5.42700940919,7.23601254558,0.00951508120957,-0.00455419535635
2,1,3.61800627279,1.8090031364,-2,-4,-3.61800627279,-7.23601254558,0.00132821814622,-0.00182739072791
2,1,3.61800627279,1.8090031364,-2,-3,-3.61800627279,-5.42700940919,-0.0073383251126,-0.0102868968093
2,1,3.61800627279,1.8090031364,-2,-2,-3.61800627279,-3.61800627279,-0.00207207890763,-0.00780309536503
2,1,3.61800627279,1.8090031364,-2,-1,-3.61800627279,-1.8090031364,-0.0347360582604,-0.0151233257134
2,1,3.61800627279,1.8090031364,-2,0,-3.61800627279,0,0.00236312812224,0.0307086035185
2,1,3.61800627279,1.8090031364,-2,1,-3.61800627279,1.8090031364,-0.00647114158336,-0.00420209109628
2,1,3.61800627279,1.8090031364,-2,2,-3.61800627279,3.61800627279,-0.0248251866221,-0.0212450562103
2,1,3.61800627279,1.8090031364,-2,3,-3.61800627279,5.42700940919,0.00104336480512,0.00884758392858
2,1,3.61800627279,1.8090031364,-2,4,-3.61800627279,7.23601254558,-0.000669759736089,-0.000381631150053
2,1,3.61800627279,1.8090031364,-1,-4,-1.8090031364,-7.23601254558,0.00356197772136,-0.0133310234231
2,1,3.61800627279,1.8090031364,-1,-3,-1.8090031364,-5.42700940919,-0.0266527839933,0.00337020728382
2,1,3.61800627279,1.8090031364,-1,-2,-1.8090031364,-3.61800627279,-0.0136082702659,-0.0292129573052
2,1,3.61800627279,1.8090031364,-1,-1,-1.8090031364,-1.8090031364,0.0206283347791,0.0298269881226
2,1,3.61800627279,1.8090031364,-1,0,-1.8090031364,0,-0.0229132982493,0.0262961590138
2,1,3.61800627279,1.8090031364,-1,1,-1.8090031364,1.8090031364,0.0240007657041,-0.00622056963746
2,1,3.61800627279,1.8090031364,-1,2,-1.8090031364,3.61800627279,0.000618605348048,0.0229778854911
2,1,3.61800627279,1.8090031364,-1,3,-1.8090031364,5.42700940919,0.000138032153591,0.0237946905991
2,1,3.61800627279,1.8090031364,-1,4,-1.8090031364,7.23601254558,-0.0237074539395,0.00865212923032
2,1,3.61800627279,1.8090031364,0,-4,0,-7.23601254558,-0.00101548415601,-0.00604446888812
2,1,3.61800627279,1.8090031364,0,-3,0,-5.42700940919,0.0318040346626,0.0024753108541
2,1,3.61800627279,1.8090031364,0,-2,0,-3.61800627279,-0.0236249756053,-0.0176187491982
2,1,3.61800627279,1.8090031364,0,-1,0,-1.8090031364,-0.00452556582762,0.000423991720249
2,1,3.61800627279,1.8090031364,0,0,0,0,-0.0149393504443,0.0149810730562
2,1,3.61800627279,1.8090031364,0,1,0,1.8090031364,-0.0350452579844,-0.0434981963094
2,1,3.61800627279,1.8090031364,0,2,0,3.61800627279,-0.0192014883018,0.00211667145412
2,1,3.61800627279,1.8090031364,0,3,0,5.42700940919,-0.00466639993055,0.000352315704086
2,1,3.61800627279,1.8090031364,0,4,0,7.23601254558,0.000462718322951,-0.00825325760385
2,1,3.61800627279,1.8090031364,1,-4,1.8090031364,-7.23601254558,0.00895764374909,-0.00622680553348
2,1,3.61800627279,1.8090031364,1,-3,1.8090031364,-5.42700940919,-0.00328247971006,0.00203606798132
2,1,3.61800627279,1.8090031364,1,-2,1.8090031364,-3.61800627279,-0.0352462634769,0.0144146695913
2,1,3.61800627279,1.8090031364,1,-1,1.8090031364,-1.8090031364,0.00565329811219,0.0322011280408
2,1,3.61800627279,1.8090031364,1,0,1.8090031364,0,-0.0337884481975,-0.0249733973185
2,1,3.61800627279,1.8090031364,1,1,1.8090031364,1.8090031364,0.0100461163928,0.000425492707923
2,1,3.61800627279,1.8090031364,1,2,1.8090031364,3.61800627279,-0.0359911716792,-0.0067850298582
2,1,3.61800627279,1.8090031364,1,3,1.8090031364,5.42700940919,0.00649389567257,0.00926869614299
2,1,3.61800627279,1.8090031364,1,4,1.8090031364,7.23601254558,0.00274013902032,0.00112669475631
2,1,3.61800627279,1.8090031364,2,-4,3.61800627279,-7.23601254558,-0.00755718301152,-0.0057247854726
2,1,3.61800627279,1.8090031364,2,-3,3.61800627279,-5.42700940919,0.0232640869429,0.0148868370565
2,1,3.61800627279,1.8090031364,2,-2,3.61800627279,-3.61800627279,0.00853524870989,0.0111622423359
2,1,3.61800627279,1.8090031364,2,-1,3.61800627279,-1.8090031364,-0.0123869903027,0.0246903733956
2,1,3.61800627279,1.8090031364,2,0,3.61800627279,0,0.0109055294151,0.0113002921678
2,1,3.61800627279,1.8090031364,2,1,3.61800627279,1.8090031364,0.281050277556,0
2,1,3.61800627279,1.8090031364,2,2,3.61800627279,3.61800627279,0.0128765575854,0.000781322139095
2,1,3.61800627279,1.8090031364,2,3,3.61800627279,5.42700940919,0.000797796776473,-0.0263136738779
2,1,3.61800627279,1.8090031364,2,4,3.61800627279,7.23601254558,-0.0034728913118,-0.0039388651892
2,1,3.61800627279,1.8090031364,3,-4,5.42700940919,-7.23601254558,-0.00337285778282,-0.00265147734356
2,1,3.61800627279,1.8090031364,3,-3,5.42700940919,-5.42700940919,0.00719055487538,-0.00975456335306
2,1,3.61800627279,1.8090031364,3,-2,5.42700940919,-3.61800627279,-0.00441683378165,-0.00323575603386
2,1,3.61800627279,1.8090031364,3,-1,5.42700940919,-1.8090031364,-0.00107908436945,-0.000285110668842
2,1,3.61800627279,1.8090031364,3,0,5.42700940919,0,-0.0176033030247,0.00178283395848
2,1,3.61800627279,1.8090031364,3,1,5.42700940919,1.8090031364,0.00241057061762,0.00320286530379
2,1,3.61800627279,1.8090031364,3,2,5.42700940919,3.61800627279,-0.01167793584,0.00614153905594
2,1,3.61800627279,1.8090031364,3,3,5.42700940919,5.42700940919,-0.00860205381417,-0.0163529820764
2,1,3.61800627279,1.8090031364,3,4,5.42700940919,7.23601254558,-0.00740280894272,-0.00693417619079
2,1,3.61800627279,1.8090031364,4,-4,7.23601254558,-7.23601254558,0.00301418572733,-0.00546131394999
2,1,3.61800627279,1.8090031364,4,-3,7.23601254558,-5.42700940919,0.00627314257542,0.00273206652401
2,1,3.61800627279,1.8090031364,4,-2,7.23601254558,-3.61800627279,-0.00353067588278,0.00538122717708
2,1,3.61800627279,1.8090031364,4,-1,7.23601254558,-1.8090031364,-0.0120094891406,-0.0150156698564
2,1,3.61800627279,1.8090031364,4,0,7.23601254558,0,-0.012315777517,2.5570223267e-05
2,1,3.61800627279,1.8090031364,4,1,7.23601254558,1.8090031364,-0.0162207006631,0.0183425602964
2,1,3.61800627279,1.8090031364,4,2,7.23601254558,3.61800627279,-0.00343977465241,-0.00872613954069
2,1,3.61800627279,1.8090031364,4,3,7.23601254558,5.42700940919,-0.00164995325388,-0.00552535831388
2,1,3.61800627279,1.8090031364,4,4,7.23601254558,7.23601254558,-0.0148381395194,0.00559822395995
2,2,3.61800627279,3.61800627279,-4,-4,-7.23601254558,-7.23601254558,0.00517910184926,4.12956972987e-05
2,2,3.61800627279,3.61800627279,-4,-3,-7.23601254558,-5.42700940919,-7.95553680869e-05,-0.00768099527986
2,2,3.61800627279,3.61800627279,-4,-2,-7.23601254558,-3.61800627279,0.00096866187463,0.00129838054887
2,2,3.61800627279,3.61800627279,-4,-1,-7.23601254558,-1.8090031364,0.0048850377697,-0.00907708203734
2,2,3.61800627279,3.61800627279,-4,0,-7.23601254558,0,-0.00576076897605,-0.00198813325383
2,2,3.61800627279,3.61800627279,-4,1,-7.23601254558,1.8090031364,0.0109647166293,-0.000337870820898
2,2,3.61800627279,3.61800627279,-4,2,-7.23601254558,3.61800627279,0.0138245858314,0.000585113222125
2,2,3.61800627279,3.61800627279,-4,3,-7.23601254558,5.42700940919,0.000880175382756,-0.00434623706991
2,2,3.61800627279,3.61800627279,-4,4,-7.23601254558,7.23601254558,-0.000161999806678,-0.00452820501554
2,2,3.61800627279,3.61800627279,-3,-4,-5.42700940919,-7.23601254558,-0.000815375722162,0.00698379578448
2,2,3.61800627279,3.61800627279,-3,-3,-5.42700940919,-5.42700940919,-0.00814950960941,0.00735644704721
2,2,3.61800627279,3.61800627279,-3,-2,-5.42700940919,-3.61800627279,-0.00412868601844,-0.0105832774184
2,2,3.61800627279,3.61800627279,-3,-1,-5.42700940919,-1.8090031364,0.010509358289,0.0172359494488
2,2,3.61800627279,3.61800627279,-3,0,-5.42700940919,0,0.00633534516228,0.00152462448561
2,2,3.61800627279,3.61800627279,-3,1,-5.42700940919,1.8090031364,0.00672530202197,-0.00645126404096
2,2,3.61800627279,3.61800627279,-3,2,-5.42700940919,3.61800627279,-0.00268206306945,-0.00510257061142
2,2,3.61800627279,3.61800627279,-3,3,-5.42700940919,5.42700940919,0.00137839848482,-0.0090560294169
2,2,3.61800627279,3.61800627279,-3,4,-5.42700940919,7.23601254558,-0.0041175424364,0.0111486411352
2,2,3.61800627279,3.61800627279,-2,-4,-3.61800627279,-7.23601254558,0.00553239804797,0.0112044401176
2,2,3.61800627279,3.61800627279,-2,-3,-3.61800627279,-5.42700940919,0.00196921825208,-0.00996084759092
2,2,3.61800627279,3.61800627279,-2,-2,-3.61800627279,-3.61800627279,-0.0172469062988,-0.00209956725505
2,2,3.61800627279,3.61800627279,-2,-1,-3.61800627279,-1.8090031364,-0.00207207890763,-0.00780309536503
2,2,3.61800627279,3.61800627279,-2,0,-3.61800627279,0,-0.0278327204463,-0.00469141397255
2,2,3.61800627279,3.61800627279,-2,1,-3.61800627279,1.8090031364,0.00772794706649,0.0100990971244
2,2,3.61800627279,3.61800627279,-2,2,-3.61800627279,3.61800627279,-0.0109619289352,-0.00533525914045
2,2,3.61800627279,3.61800627279,-2,3,-3.61800627279,5.42700940919,-0.0120131916637,-0.00808948427779
2,2,3.61800627279,3.61800627279,-2,4,-3.61800627279,7.23601254558,0.00414479815087,0.00632826607569
2,2,3.61800627279,3.61800627279,-1,-4,-1.8090031364,-7.23601254558,0.00139498675758,0.00664561176968
2,2,3.61800627279,3.61800627279,-1,-3,-1.8090031364,-5.42700940919,0.00648731945694,-0.00371130118068
2,2,3.61800627279,3.61800627279,-1,-2,-1.8090031364,-3.61800627279,-0.0302209321451,0.00740608822808
2,2,3.61800627279,3.61800627279,-1,-1,-1.8090031364,-1.8090031364,-0.0143866717048,-0.0340439087112
2,2,3.61800627279,3.61800627279,-1,0,-1.8090031364,0,0.0271766751738,0.0178270796307
2,2,3.61800627279,3.61800627279,-1,1,-1.8090031364,1.8090031364,-0.0230999124414,0.024696607901
2,2,3.61800627279,3.61800627279,-1,2,-1.8090031364,3.61800627279,0.0137952458482,-0.000353660978854
2,2,3.61800627279,3.61800627279,-1,3,-1.8090031364,5.42700940919,-0.0011719565578,0.00880404185653
2,2,3.61800627279,3.61800627279,-1,4,-1.8090031364,7.23601254558,0.00013049528219,0.012759139983
2,2,3.61800627279,3.61800627279,0,-4,0,-7.23601254558,-0.00162972993454,-0.00512138480625
2,2,3.61800627279,3.61800627279,0,-3,0,-5.42700940919,0.000917821602134,-0.00627963718472
2,2,3.61800627279,3.61800627279,0,-2,0,-3.61800627279,0.0341619716545,7.86745844724e-05
2,2,3.61800627279,3.61800627279,0,-1,0,-1.8090031364,-0.0273050294585,-0.0217679065582
2,2,3.61800627279,3.61800627279,0,0,0,0,-0.00992473465615,0.00637034684411
2,2,3.61800627279,3.61800627279,0,1,0,1.8090031364,-0.0108381972879,0.0106442958825
2,2,3.61800627279,3.61800627279,0,2,0,3.61800627279,-0.0241163884454,-0.0284159717487
2,2,3.61800627279,3.61800627279,0,3,0,5.42700940919,-0.0122763736825,0.00135801509672
2,2,3.61800627279,3.61800627279,0,4,0,7.23601254558,-0.00279215576604,5.40035102967e-05
2,2,3.61800627279,3.61800627279,1,-4,1.8090031364,-7.23601254558,-0.0123078007815,0.00988145880241
2,2,3.61800627279,3.61800627279,1,-3,1.8090031364,-5.42700940919,0.00921957793979,-0.00535678814019
2,2,3.61800627279,3.61800627279,1,-2,1.8090031364,-3.61800627279,-0.00222570871151,-2.91790453919e-05
2,2,3.61800627279,3.61800627279,1,-1,1.8090031364,-1.8090031364,-0.0340214909697,0.0164066200805
2,2,3.61800627279,3.61800627279,1,0,1.8090031364,0,-0.00677384145811,0.0331248910626
2,2,3.61800627279,3.61800627279,1,1,1.8090031364,1.8090031364,-0.0240860605232,-0.017407433322
2,2,3.61800627279,3.61800627279,1,2,1.8090031364,3.61800627279,0.0103891377682,0.00191528348454
2,2,3.61800627279,3.61800627279,1,3,1.8090031364,5.42700940919,-0.0213148684815,-0.00791841159316
2,2,3.61800627279,3.61800627279,1,4,1.8090031364,7.23601254558,0.00240903200697,0.00428251805686
2,2,3.61800627279,3.61800627279,2,-4,3.61800627279,-7.23601254558,-0.00575204418111,0.0159756582778
2,2,3.61800627279,3.61800627279,2,-3,3.61800627279,-5.42700940919,-0.00821898890824,-0.0079608549088
2,2,3.61800627279,3.61800627279,2,-2,3.61800627279,-3.61800627279,0.015557007916,0.0158721452449
2,2,3.61800627279,3.61800627279,2,-1,3.61800627279,-1.8090031364,0.00611977848592,0.00993717966263
2,2,3.61800627279,3.61800627279,2,0,3.61800627279,0,-0.00608649131065,0.0305226361133
2,2,3.61800627279,3.61800627279,2,1,3.61800627279,1.8090031364,0.0128765575854,-0.000781322139095
2,2,3.61800627279,3.61800627279,2,2,3.61800627279,3.61800627279,0.16742030354,0
2,2,3.61800627279,3.61800627279,2,3,3.61800627279,5.42700940919,0.0101147598774,0.00394387596591
2,2,3.61800627279,3.61800627279,2,4,3.61800627279,7.23601254558,0.00124201806635,-0.0137676870506
2,2,3.61800627279,3.61800627279,3,-4,5.42700940919,-7.23601254558,0.00303687842489,-0.00294405243474
2,2,3.61800627279,3.61800627279,3,-3,5.42700940919,-5.42700940919,-0.000730547196319,-0.000430097834563
2,2,3.61800627279,3.61800627279,3,-2,5.42700940919,-3.61800627279,0.0076042626328,-0.0105172854567
2,2,3.61800627279,3.61800627279,3,-1,5.42700940919,-1.8090031364,0.000140936145067,0.00289270738772
2,2,3.61800627279,3.61800627279,3,0,5.42700940919,0,0.000176234034041,-0.00510354136542
2,2,3.61800627279,3.61800627279,3,1,5.42700940919,1.8090031364,-0.0172826760162,0.00404060883693
2,2,3.61800627279,3.61800627279,3,2,5.42700940919,3.61800627279,0.00751374735441,0.00410294494245
2,2,3.61800627279,3.61800627279,3,3,5.42700940919,5.42700940919,-0.00550716440268,0.000556206864443
2,2,3.61800627279,3.61800627279,3,4,5.42700940919,7.23601254558,-0.00365703804314,-0.00577540186091
2,2,3.61800627279,3.61800627279,4,-4,7.23601254558,-7.23601254558,0.00547094023025,0.00635766696658
2,2,3.61800627279,3.61800627279,4,-3,7.23601254558,-5.42700940919,0.0037319881014,-0.00937829047591
2,2,3.61800627279,3.61800627279,4,-2,7.23601254558,-3.61800627279,0.00893409114105,0.00288528043896
2,2,3.61800627279,3.61800627279,4,-1,7.23601254558,-1.8090031364,-0.00427960838128,0.00371915718436
2,2,3.61800627279,3.61800627279,4,0,7.23601254558,0,-0.00825519099112,-0.0058022963037
2,2,3.61800627279,3.61800627279,4,1,7.23601254558,1.8090031364,-0.00165508304822,-0.00340728830519
2,2,3.61800627279,3.61800627279,4,2,7.23601254558,3.61800627279,-0.0127904888417,0.0140502978105
2,2,3.61800627279,3.61800627279,4,3,7.23601254558,5.42700940919,-0.00141570536776,-0.00245273468185
2,2,3.61800627279,3.61800627279,4,4,7.23601254558,7.23601254558,0.000779140003181,-0.00185219757667
2,3,3.61800627279,5.42700940919,-4,-4,-7.23601254558,-7.23601254558,-0.00149959322078,0.00166998200615
2,3,3.61800627279,5.42700940919,-4,-3,-7.23601254558,-5.42700940919,0.00243160520011,0.00208550489493
2,3,3.61800627279,5.42700940919,-4,-2,-7.23601254558,-3.61800627279,-0.000943220477922,-0.00474373108912
2,3,3.61800627279,5.42700940919,-4,-1,-7.23601254558,-1.8090031364,7.31255173428e-05,0.0046488044793
2,3,3.61800627279,5.42700940919,-4,0,-7.23601254558,0,0.00297582564682,-0.00442274516654
2,3,3.61800627279,5.42700940919,-4,1,-7.23601254558,1.8090031364,-0.00230693137138,0.00107116388532
2,3,3.61800627279,5.42700940919,-4,2,-7.23601254558,3.61800627279,0.00317511402268,0.00182177166995
2,3,3.61800627279,5.42700940919,-4,3,-7.23601254558,5.42700940919,0.006370977559,-0.00212127491125
2,3,3.61800627279,5.42700940919,-4,4,-7.23601254558,7.23601254558,-0.00260461539151,0.002283138589
2,3,3.61800627279,5.42700940919,-3,-4,-5.42700940919,-7.23601254558,-0.00114374866246,-0.00289621551545
2,3,3.61800627279,5.42700940919,-3,-3,-5.42700940919,-5.42700940919,0.00174215697391,0.00570461136096
2,3,3.61800627279,5.42700940919,-3,-2,-5.42700940919,-3.61800627279,-0.00804485660803,0.00377135169386
2,3,3.61800627279,5.42700940919,-3,-1,-5.42700940919,-1.8090031364,-0.00236594745829,-0.00725089299929
2,3,3.61800627279,5.42700940919,-3,0,-5.42700940919,0,0.0095303462308,0.0143968464523
2,3,3.61800627279,5.42700940919,-3,1,-5.42700940919,1.8090031364,0.00332900922881,-0.00227531946005
2,3,3.61800627279,5.42700940919,-3,2,-5.42700940919,3.61800627279,-0.00101117217491,-0.00104425054524
2,3,3.61800627279,5.42700940919,-3,3,-5.42700940919,5.42700940919,0.00513905165063,-0.00307613794745
2,3,3.61800627279,5.42700940919,-3,4,-5.42700940919,7.23601254558,-0.00196917071179,-0.00193195907765
2,3,3.61800627279,5.42700940919,-2,-4,-3.61800627279,-7.23601254558,0.0020741882352,0.00194165030459
2,3,3.61800627279,5.42700940919,-2,-3,-3.61800627279,-5.42700940919,0.00601335868446,0.00838171133532
2,3,3.61800627279,5.42700940919,-2,-2,-3.61800627279,-3.61800627279,0.00196921825208,-0.00996084759092
2,3,3.61800627279,5.42700940919,-2,-1,-3.61800627279,-1.8090031364,-0.0073383251126,-0.0102868968093
2,3,3.61800627279,5.42700940919,-2,0,-3.61800627279,0,-0.0106980414716,-0.00176869294903
2,3,3.61800627279,5.42700940919,-2,1,-3.61800627279,1.8090031364,-0.0152676323802,0.00435804600412
2,3,3.61800627279,5.42700940919,-2,2,-3.61800627279,3.61800627279,0.00231268309382,-0.00120501126383
2,3,3.61800627279,5.42700940919,-2,3,-3.61800627279,5.42700940919,-0.00405218754694,-0.00441070649129
2,3,3.61800627279,5.42700940919,-2,4,-3.61800627279,7.23601254558,-0.00539476784459,0.000309837505165
2,3,3.61800627279,5.42700940919,-1,-4,-1.8090031364,-7.23601254558,0.00197498314246,0.00369875723401
2,3,3.61800627279,5.42700940919,-1,-3,-1.8090031364,-5.42700940919,0.00142125934567,0.000703592893918
2,3,3.61800627279,5.42700940919,-1,-2,-1.8090031364,-3.61800627279,0.00949542033111,-0.00289346211571
2,3,3.61800627279,5.42700940919,-1,-1,-1.8090031364,-1.8090031364,-0.0405812595272,0.00379227110528
2,3,3.61800627279,5.42700940919,-1,0,-1.8090031364,0,-0.00973933215494,-0.0183620345056
2,3,3.61800627279,5.42700940919,-1,1,-1.8090031364,1.8090031364,0.0187256136257,0.00471679265934
2,3,3.61800627279,5.42700940919,-1,2,-1.8090031364,3.61800627279,-0.017558549622,0.0184395388832
2,3,3.61800627279,5.42700940919,-1,3,-1.8090031364,5.42700940919,0.00734726356944,-0.00142029123835
2,3,3.61800627279,5.42700940919,-1,4,-1.8090031364,7.23601254558,-0.00309148139945,0.00955416516822
2,3,3.61800627279,5.42700940919,0,-4,0,-7.23601254558,-0.00707368831023,0.000976308603798
2,3,3.61800627279,5.42700940919,0,-3,0,-5.42700940919,0.00316506123334,-0.0045706601172
2,3,3.61800627279,5.42700940919,0,-2,0,-3.61800627279,-0.00258201714591,-0.00129025848827
2,3,3.61800627279,5.42700940919,0,-1,0,-1.8090031364,0.0364833663471,0.00182672886888
2,3,3.61800627279,5.42700940919,0,0,0,0,-0.0332995043624,-0.0217654720809
2,3,3.61800627279,5.42700940919,0,1,0,1.8090031364,-0.00502443421168,0.000571453808027
2,3,3.61800627279,5.42700940919,0,2,0,3.61800627279,-0.0028464431016,0.00864537057439
2,3,3.61800627279,5.42700940919,0,3,0,5.42700940919,-0.0141804083188,-0.014310078544
2,3,3.61800627279,5.42700940919,0,4,0,7.23601254558,-0.00378591349641,-2.12897421112e-05
2,3,3.61800627279,5.42700940919,1,-4,1.8090031364,-7.23601254558,0.00299289157734,0.000883050409048
2,3,3.61800627279,5.42700940919,1,-3,1.8090031364,-5.42700940919,-0.011422858863,0.00769636691856
2,3,3.61800627279,5.42700940919,1,-2,1.8090031364,-3.61800627279,0.0099576133203,-0.00766098903262
2,3,3.61800627279,5.42700940919,1,-1,1.8090031364,-1.8090031364,-0.00131007095155,0.00103515316579
2,3,3.61800627279,5.42700940919,1,0,1.8090031364,0,-0.0272680901417,0.0114388573459
2,3,3.61800627279,5.42700940919,1,1,1.8090031364,1.8090031364,-0.00938777979248,0.0214522744858
2,3,3.61800627279,5.42700940919,1,2,1.8090031364,3.61800627279,-0.0102460522061,-0.00505339124987
2,3,3.61800627279,5.42700940919,1,3,1.8090031364,5.42700940919,0.00029619750146,-0.000133661275284
2,3,3.61800627279,5.42700940919,1,4,1.8090031364,7.23601254558,-0.00195817096248,-0.00247084451806
2,3,3.61800627279,5.42700940919,2,-4,3.61800627279,-7.23601254558,0.00164689459693,0.00962390591344
2,3,3.61800627279,5.42700940919,2,-3,3.61800627279,-5.42700940919,0.000127907965714,0.00948474057767
2,3,3.61800627279,5.42700940919,2,-2,3.61800627279,-3.61800627279,-0.0078084043897,-0.00723544704433
2,3,3.61800627279,5.42700940919,2,-1,3.61800627279,-1.8090031364,0.0177562973687,0.00661195393351
2,3,3.61800627279,5.42700940919,2,0,3.61800627279,0,-0.00219367574733,0.0124601459837
2,3,3.61800627279,5.42700940919,2,1,3.61800627279,1.8090031364,0.000797796776473,0.0263136738779
2,3,3.61800627279,5.42700940919,2,2,3.61800627279,3.61800627279,0.0101147598774,-0.00394387596591
2,3,3.61800627279,5.42700940919,2,3,3.61800627279,5.42700940919,0.069502945719,0
2,3,3.61800627279,5.42700940919,2,4,3.61800627279,7.23601254558,0.00172523662062,0.00394928948124
2,3,3.61800627279,5.42700940919,3,-4,5.42700940919,-7.23601254558,0.00108598243003,-0.00289056579474
2,3,3.61800627279,5.42700940919,3,-3,5.42700940919,-5.42700940919,-0.00173263837923,-0.00129452166397
2,3,3.61800627279,5.42700940919,3,-2,5.42700940919,-3.61800627279,-0.000259152270667,-0.00381419811623
2,3,3.61800627279,5.42700940919,3,-1,5.42700940919,-1.8090031364,-0.000275366098532,-0.00809227310065
2,3,3.61800627279,5.42700940919,3,0,5.42700940919,0,0.00275127536793,0.00944341072052
2,3,3.61800627279,5.42700940919,3,1,5.42700940919,1.8090031364,0.00037704792289,-0.0065220071318
2,3,3.61800627279,5.42700940919,3,2,5.42700940919,3.61800627279,-0.00882230555113,0.00288953489098
2,3,3.61800627279,5.42700940919,3,3,5.42700940919,5.42700940919,0.00149547908752,-0.00045504578968
2,3,3.61800627279,5.42700940919,3,4,5.42700940919,7.23601254558,-0.00294546272982,0.00208169557419
2,3,3.61800627279,5.42700940919,4,-4,7.23601254558,-7.23601254558,0.00413915569167,0.000922983664397
2,3,3.61800627279,5.42700940919,4,-3,7.23601254558,-5.42700940919,-0.00376085485672,0.00416769508805
2,3,3.61800627279,5.42700940919,4,-2,7.23601254558,-3.61800627279,0.000926828353507,-0.00574010141761
2,3,3.61800627279,5.42700940919,4,-1,7.23601254558,-1.8090031364,0.00770490330608,0.00160843328086
2,3,3.61800627279,5.42700940919,4,0,7.23601254558,0,-4.0607084912e-05,0.00215741872204
2,3,3.61800627279,5.42700940919,4,1,7.23601254558,1.8090031364,-0.00507061618247,-0.00249168233118
2,3,3.61800627279,5.42700940919,4,2,7.23601254558,3.61800627279,-0.00285111618872,-0.00460551554005
2,3,3.61800627279,5.42700940919,4,3,7.23601254558,5.42700940919,-0.00925576781858,0.00379125216313
2,3,3.61800627279,5.42700940919,4,4,7.23601254558,7.23601254558,0.00642385178612,0.00213851137319
2,4,3.61800627279,7.23601254558,-4,-4,-7.23601254558,-7.23601254558,-0.000448470226063,-0.00320152152259
2,4,3.61800627279,7.23601254558,-4,-3,-7.23601254558,-5.42700940919,-0.00233077552553,0.00334641814786
2,4,3.61800627279,7.23601254558,-4,-2,-7.23601254558,-3.61800627279,0.00463171865964,0.00409170457436
2,4,3.61800627279,7.23601254558,-4,-1,-7.23601254558,-1.8090031364,-0.00108950139841,-0.00358908148609
2,4,3.61800627279,7.23601254558,-4,0,-7.23601254558,0,0.00169885572624,0.00337216781126
2,4,3.61800627279,7.23601254558,-4,1,-7.23601254558,1.8090031364,0.00261263927989,4.25957260349e-05
2,4,3.61800627279,7.23601254558,-4,2,-7.23601254558,3.61800627279,0.00327013876199,0.00133119365648
2,4,3.61800627279,7.23601254558,-4,3,-7.23601254558,5.42700940919,-0.00026962969778,0.000684728321626
2,4,3.61800627279,7.23601254558,-4,4,-7.23601254558,7.23601254558,0.000964905458511,-0.00180218771914
2,4,3.61800627279,7.23601254558,-3,-4,-5.42700940919,-7.23601254558,-0.000888304019511,-0.00140783082288
2,4,3.61800627279,7.23601254558,-3,-3,-5.42700940919,-5.42700940919,0.00256554735043,-0.00185441979325
2,4,3.61800627279,7.23601254558,-3,-2,-5.42700940919,-3.61800627279,-0.00130697304834,0.00754841610647
2,4,3.61800627279,7.23601254558,-3,-1,-5.42700940919,-1.8090031364,-0.0084917687718,-0.000700502161988
2,4,3.61800627279,7.23601254558,-3,0,-5.42700940919,0,-0.00657020029715,-0.00463489179722
2,4,3.61800627279,7.23601254558,-3,1,-5.42700940919,1.8090031364,0.0117912944209,0.00605902223987
2,4,3.61800627279,7.23601254558,-3,2,-5.42700940919,3.61800627279,0.000117021647957,-0.00141562329388
2,4,3.61800627279,7.23601254558,-3,3,-5.42700940919,5.42700940919,-0.00306839476668,0.000579707824671
2,4,3.61800627279,7.23601254558,-3,4,-5.42700940919,7.23601254558,0.00422381139362,0.000301238066704
2,4,3.61800627279,7.23601254558,-2,-4,-3.61800627279,-7.23601254558,0.000788954783256,-0.00694425978339
2,4,3.61800627279,7.23601254558,-2,-3,-3.61800627279,-5.42700940919,0.0020741882352,0.00194165030459
2,4,3.61800627279,7.23601254558,-2,-2,-3.61800627279,-3.61800627279,0.00553239804797,0.0112044401176
2,4,3.61800627279,7.23601254558,-2,-1,-3.61800627279,-1.8090031364,0.00132821814622,-0.00182739072791
2,4,3.61800627279,7.23601254558,-2,0,-3.61800627279,0,-0.00473984246478,-0.0231726250523
2,4,3.61800627279,7.23601254558,-2,1,-3.61800627279,1.8090031364,-0.0113824840697,-0.00327092468641
2,4,3.61800627279,7.23601254558,-2,2,-3.61800627279,3.61800627279,-0.00709052449919,0.00640018662079
2,4,3.61800627279,7.23601254558,-2,3,-3.61800627279,5.42700940919,-0.00266975296013,-0.000165863554669
2,4,3.61800627279,7.23601254558,-2,4,-3.61800627279,7.23601254558,0.00273353526512,-0.00183492637943
2,4,3.61800627279,7.23601254558,-1,-4,-1.8090031364,-7.23601254558,0.000200407435933,0.00468786628337
2,4,3.61800627279,7.23601254558,-1,-3,-1.8090031364,-5.42700940919,0.00472332225292,0.00394489162181
2,4,3.61800627279,7.23601254558,-1,-2,-1.8090031364,-3.61800627279,0.00169026054711,0.011602525755
2,4,3.61800627279,7.23601254558,-1,-1,-1.8090031364,-1.8090031364,0.0118588479759,-0.0199835665628
2,4,3.61800627279,7.23601254558,-1,0,-1.8090031364,0,-0.0416778037019,0.00797039897134
2,4,3.61800627279,7.23601254558,-1,1,-1.8090031364,1.8090031364,-0.00389799880088,-0.00983948347248
2,4,3.61800627279,7.23601254558,-1,2,-1.8090031364,3.61800627279,0.0119035553653,0.0037804962232
2,4,3.61800627279,7.23601254558,-1,3,-1.8090031364,5.42700940919,-0.00725633002759,0.00947778593209
2,4,3.61800627279,7.23601254558,-1,4,-1.8090031364,7.23601254558,0.00359197096195,-0.00085298904674
2,4,3.61800627279,7.23601254558,0,-4,0,-7.23601254558,-0.000425938329078,0.00494060085638
2,4,3.61800627279,7.23601254558,0,-3,0,-5.42700940919,-0.00400695272196,0.00353190858776
2,4,3.61800627279,7.23601254558,0,-2,0,-3.61800627279,-0.0033467589372,-0.00976042802916
2,4,3.61800627279,7.23601254558,0,-1,0,-1.8090031364,-0.00108622473938,-0.0107250766341
2,4,3.61800627279,7.23601254558,0,0,0,0,0.040786169525,0.0139283594581
2,4,3.61800627279,7.23601254558,0,1,0,1.8090031364,-0.0280116140044,-0.0143392324782
2,4,3.61800627279,7.23601254558,0,2,0,3.61800627279,0.00511158908078,0.000795185353032
2,4,3.61800627279,7.23601254558,0,3,0,5.42700940919,0.00068726989417,0.0019806567847
2,4,3.61800627279,7.23601254558,0,4,0,7.23601254558,-0.0083598512178,-0.00549181681917
2,4,3.61800627279,7.23601254558,1,-4,1.8090031364,-7.23601254558,0.00086726481925,-0.00166697564057
2,4,3.61800627279,7.23601254558,1,-3,1.8090031364,-5.42700940919,0.00678699893681,-0.00404291363664
2,4,3.61800627279,7.23601254558,1,-2,1.8090031364,-3.61800627279,-0.00977285230696,0.00776977796077
2,4,3.61800627279,7.23601254558,1,-1,1.8090031364,-1.8090031364,0.00824376554792,-0.0105504745206
2,4,3.61800627279,7.23601254558,1,0,1.8090031364,0,0.000565301157818,0.0093576027644
2,4,3.61800627279,7.23601254558,1,1,1.8090031364,1.8090031364,-0.0153528711221,0.00797290550732
2,4,3.61800627279,7.23601254558,1,2,1.8090031364,3.61800627279,-0.00433582678403,0.0081208162352
2,4,3.61800627279,7.23601254558,1,3,1.8090031364,5.42700940919,-0.00950882480874,-0.00627652544589
2,4,3.61800627279,7.23601254558,1,4,1.8090031364,7.23601254558,-0.00108894293857,0.00198829584626
2,4,3.61800627279,7.23601254558,2,-4,3.61800627279,-7.23601254558,-0.0023483573142,-0.00198695192991
2,4,3.61800627279,7.23601254558,2,-3,3.61800627279,-5.42700940919,0.000534246547235,0.00317141573095
2,4,3.61800627279,7.23601254558,2,-2,3.61800627279,-3.61800627279,-0.00621564265123,0.0169009443845
2,4,3.61800627279,7.23601254558,2,-1,3.61800627279,-1.8090031364,-0.00724746315271,-0.00382295365689
2,4,3.61800627279,7.23601254558,2,0,3.61800627279,0,0.0214406765807,0.00152068021026
2,4,3.61800627279,7.23601254558,2,1,3.61800627279,1.8090031364,-0.0034728913118,0.0039388651892
2,4,3.61800627279,7.23601254558,2,2,3.61800627279,3.61800627279,0.00124201806635,0.0137676870506
2,4,3.61800627279,7.23601254558,2,3,3.61800627279,5.42700940919,0.00172523662062,-0.00394928948124
2,4,3.61800627279,7.23601254558,2,4,3.61800627279,7.23601254558,0.0283822548661,0
2,4,3.61800627279,7.23601254558,3,-4,5.42700940919,-7.23601254558,-0.00114219168712,0.00248300911378
2,4,3.61800627279,7.23601254558,3,-3,5.42700940919,-5.42700940919,-0.00302090158444,-0.00373833214077
2,4,3.61800627279,7.23601254558,3,-2,5.42700940919,-3.61800627279,-9.15314759997e-05,0.00198786617126
2,4,3.61800627279,7.23601254558,3,-1,5.42700940919,-1.8090031364,0.00153145020112,-0.00806886572522
2,4,3.61800627279,7.23601254558,3,0,5.42700940919,0,-0.00538186006264,-0.00357512057071
2,4,3.61800627279,7.23601254558,3,1,5.42700940919,1.8090031364,0.00104812879196,-0.000465873202495
2,4,3.61800627279,7.23601254558,3,2,5.42700940919,3.61800627279,0.000964050899282,-0.0012285127262
2,4,3.61800627279,7.23601254558,3,3,5.42700940919,5.42700940919,-0.0038675510572,0.00342501566678
2,4,3.61800627279,7.23601254558,3,4,5.42700940919,7.23601254558,1.23376716876e-05,-0.000994155286876
2,4,3.61800627279,7.23601254558,4,-4,7.23601254558,-7.23601254558,-0.00380344266951,0.000474193561456
2,4,3.61800627279,7.23601254558,4,-3,7.23601254558,-5.42700940919,0.00205775307883,0.00099080712919
2,4,3.61800627279,7.23601254558,4,-2,7.23601254558,-3.61800627279,-0.000262136889925,-0.00216444385684
2,4,3.61800627279,7.23601254558,4,-1,7.23601254558,-1.8090031364,-0.00249614606592,-0.00193724625537
2,4,3.61800627279,7.23601254558,4,0,7.23601254558,0,0.001836823284,-0.00327805112128
2,4,3.61800627279,7.23601254558,4,1,7.23601254558,1.8090031364,-0.000298513482912,0.00497264769495
2,4,3.61800627279,7.23601254558,4,2,7.23601254558,3.61800627279,-0.000949403178685,0.00229222965648
2,4,3.61800627279,7.23601254558,4,3,7.23601254558,5.42700940919,-0.00149315708443,-0.00240872007339
2,4,3.61800627279,7.23601254558,4,4,7.23601254558,7.23601254558,-0.00507893902762,0.00075787858008
3,-4,5.42700940919,-7.23601254558,-4,-4,-7.23601254558,-7.23601254558,0.00564898002329,-0.00243157863557
3,-4,5.42700940919,-7.23601254558,-4,-3,-7.23601254558,-5.42700940919,0.00355491380585,0.00137318587318
3,-4,5.42700940919,-7.23601254558,-4,-2,-7.23601254558,-3.61800627279,-0.00168008867106,0.000929296109346
3,-4,5.42700940919,-7.23601254558,-4,-1,-7.23601254558,-1.8090031364,-0.00193735462593,0.00418371558081
3,-4,5.42700940919,-7.23601254558,-4,0,-7.23601254558,0,9.28304293635e-05,-0.00200208100794
3,-4,5.42700940919,-7.23601254558,-4,1,-7.23601254558,1.8090031364,-0.00218407958735,-0.0014480251979
3,-4,5.42700940919,-7.23601254558,-4,2,-7.23601254558,3.61800627279,0.00233856689976,-0.00557630792557
3,-4,5.42700940919,-7.23601254558,-4,3,-7.23601254558,5.42700940919,-0.00675431188663,0.00288025282882
3,-4,5.42700940919,-7.23601254558,-4,4,-7.23601254558,7.23601254558,0.00169695853669,-0.00247704111094
3,-4,5.42700940919,-7.23601254558,-3,-4,-5.42700940919,-7.23601254558,0.00310555814462,0.000921053328628
3,-4,5.42700940919,-7.23601254558,-3,-3,-5.42700940919,-5.42700940919,-9.74791483102e-05,0.00188772522266
3,-4,5.42700940919,-7.23601254558,-3,-2,-5.42700940919,-3.61800627279,0.00149348135475,-0.00453289345382
3,-4,5.42700940919,-7.23601254558,-3,-1,-5.42700940919,-1.8090031364,0.00834370435902,-0.0101149785603
3,-4,5.42700940919,-7.23601254558,-3,0,-5.42700940919,0,-0.00102145170855,0.00358066506013
3,-4,5.42700940919,-7.23601254558,-3,1,-5.42700940919,1.8090031364,0.00225292819177,-0.00185696800102
3,-4,5.42700940919,-7.23601254558,-3,2,-5.42700940919,3.61800627279,-0.00268391195601,-0.0039555791202
3,-4,5.42700940919,-7.23601254558,-3,3,-5.42700940919,5.42700940919,-0.00128801700409,0.00367628605191
3,-4,5.42700940919,-7.23601254558,-3,4,-5.42700940919,7.23601254558,-0.00284388627211,-0.00117715895844
3,-4,5.42700940919,-7.23601254558,-2,-4,-3.61800627279,-7.23601254558,0.00422381139362,0.000301238066704
3,-4,5.42700940919,-7.23601254558,-2,-3,-3.61800627279,-5.42700940919,-0.00196917071179,-0.00193195907765
3,-4,5.42700940919,-7.23601254558,-2,-2,-3.61800627279,-3.61800627279,-0.0041175424364,0.0111486411352
3,-4,5.42700940919,-7.23601254558,-2,-1,-3.61800627279,-1.8090031364,0.00951508120957,-0.00455419535635
3,-4,5.42700940919,-7.23601254558,-2,0,-3.61800627279,0,-0.00783381806401,-0.0103062984705
3,-4,5.42700940919,-7.23601254558,-2,1,-3.61800627279,1.8090031364,-0.00135599131313,0.0151464225286
3,-4,5.42700940919,-7.23601254558,-2,2,-3.61800627279,3.61800627279,-0.00292067234027,0.000903487266557
3,-4,5.42700940919,-7.23601254558,-2,3,-3.61800627279,5.42700940919,0.00240347206534,0.0029245980191
3,-4,5.42700940919,-7.23601254558,-2,4,-3.61800627279,7.23601254558,0.00221820818133,-0.00472457714313
3,-4,5.42700940919,-7.23601254558,-1,-4,-1.8090031364,-7.23601254558,-0.00161790456268,-0.00146770742896
3,-4,5.42700940919,-7.23601254558,-1,-3,-1.8090031364,-5.42700940919,-0.00583315867756,-0.0026369766579
3,-4,5.42700940919,-7.23601254558,-1,-2,-1.8090031364,-3.61800627279,0.00463205906146,0.00517378361278
3,-4,5.42700940919,-7.23601254558,-1,-1,-1.8090031364,-1.8090031364,0.00424542470644,0.00252638883961
3,-4,5.42700940919,-7.23601254558,-1,0,-1.8090031364,0,0.00507222313081,0.0313443529214
3,-4,5.42700940919,-7.23601254558,-1,1,-1.8090031364,1.8090031364,-0.00902896994462,0.00519472734522
3,-4,5.42700940919,-7.23601254558,-1,2,-1.8090031364,3.61800627279,-0.000663115055642,-0.00590570986721
3,-4,5.42700940919,-7.23601254558,-1,3,-1.8090031364,5.42700940919,-0.0126310257067,0.0036742663048
3,-4,5.42700940919,-7.23601254558,-1,4,-1.8090031364,7.23601254558,-0.00214706700321,0.00208657986838
3,-4,5.42700940919,-7.23601254558,0,-4,0,-7.23601254558,0.00304737183049,-0.00182866562283
3,-4,5.42700940919,-7.23601254558,0,-3,0,-5.42700940919,-0.00180405411544,0.00843284329339
3,-4,5.42700940919,-7.23601254558,0,-2,0,-3.61800627279,-0.00443196074817,0.00571901202441
3,-4,5.42700940919,-7.23601254558,0,-1,0,-1.8090031364,-0.0347746788586,0.0155283141485
3,-4,5.42700940919,-7.23601254558,0,0,0,0,0.0140400794895,-0.00177476004728
3,-4,5.42700940919,-7.23601254558,0,1,0,1.8090031364,-0.0194167938262,0.011822444182
3,-4,5.42700940919,-7.23601254558,0,2,0,3.61800627279,0.000800395092528,0.00834288571837
3,-4,5.42700940919,-7.23601254558,0,3,0,5.42700940919,0.00367079773724,0.0135559305104
3,-4,5.42700940919,-7.23601254558,0,4,0,7.23601254558,0.00899977012674,-0.00273304156468
3,-4,5.42700940919,-7.23601254558,1,-4,1.8090031364,-7.23601254558,-0.00312204649543,0.00136114044053
3,-4,5.42700940919,-7.23601254558,1,-3,1.8090031364,-5.42700940919,-0.00420028154096,0.000615258505544
3,-4,5.42700940919,-7.23601254558,1,-2,1.8090031364,-3.61800627279,-0.00447017337238,-0.00289581976335
3,-4,5.42700940919,-7.23601254558,1,-1,1.8090031364,-1.8090031364,0.00497655405449,-0.00639537964747
3,-4,5.42700940919,-7.23601254558,1,0,1.8090031364,0,0.00578818854444,-0.00263020126764
3,-4,5.42700940919,-7.23601254558,1,1,1.8090031364,1.8090031364,0.00510284550226,0.00988253838286
3,-4,5.42700940919,-7.23601254558,1,2,1.8090031364,3.61800627279,0.00718660659045,-0.0102701758174
3,-4,5.42700940919,-7.23601254558,1,3,1.8090031364,5.42700940919,0.00705662360723,-0.0049407930367
3,-4,5.42700940919,-7.23601254558,1,4,1.8090031364,7.23601254558,-0.00646894859381,-0.000767809293265
3,-4,5.42700940919,-7.23601254558,2,-4,3.61800627279,-7.23601254558,-0.00190286749448,0.000692221973402
3,-4,5.42700940919,-7.23601254558,2,-3,3.61800627279,-5.42700940919,-0.00542558262871,-0.00574802163963
3,-4,5.42700940919,-7.23601254558,2,-2,3.61800627279,-3.61800627279,0.00438884600551,0.004880279569
3,-4,5.42700940919,-7.23601254558,2,-1,3.61800627279,-1.8090031364,0.000537131029401,-0.0020409182726
3,-4,5.42700940919,-7.23601254558,2,0,3.61800627279,0,-0.0026628481384,0.009716962475
3,-4,5.42700940919,-7.23601254558,2,1,3.61800627279,1.8090031364,-0.00337285778282,0.00265147734356
3,-4,5.42700940919,-7.23601254558,2,2,3.61800627279,3.61800627279,0.00303687842489,0.00294405243474
3,-4,5.42700940919,-7.23601254558,2,3,3.61800627279,5.42700940919,0.00108598243003,0.00289056579474
3,-4,5.42700940919,-7.23601254558,2,4,3.61800627279,7.23601254558,-0.00114219168712,-0.00248300911378
3,-4,5.42700940919,-7.23601254558,3,-4,5.42700940919,-7.23601254558,0.00354766015754,0
3,-4,5.42700940919,-7.23601254558,3,-3,5.42700940919,-5.42700940919,0.0026503198177,0.00435712727499
3,-4,5.42700940919,-7.23601254558,3,-2,5.42700940919,-3.61800627279,0.00208406623528,-0.00906536172503
3,-4,5.42700940919,-7.23601254558,3,-1,5.42700940919,-1.8090031364,-0.00572324517568,-0.00698352016195
3,-4,5.42700940919,-7.23601254558,3,0,5.42700940919,0,0.0132836018624,-0.00507537053745
3,-4,5.42700940919,-7.23601254558,3,1,5.42700940919,1.8090031364,-0.00378546424986,0.00518370627791
3,-4,5.42700940919,-7.23601254558,3,2,5.42700940919,3.61800627279,0.000157345728559,-0.00367715958799
3,-4,5.42700940919,-7.23601254558,3,3,5.42700940919,5.42700940919,-0.000759356075768,-0.0084755118909
3,-4,5.42700940919,-7.23601254558,3,4,5.42700940919,7.23601254558,-0.00439931958301,0.00391054872872
3,-4,5.42700940919,-7.23601254558,4,-4,7.23601254558,-7.23601254558,-0.00469424790088,0.00223977257529
3,-4,5.42700940919,-7.23601254558,4,-3,7.23601254558,-5.42700940919,0.00364001898548,-0.00685255023531
3,-4,5.42700940919,-7.23601254558,4,-2,7.23601254558,-3.61800627279,-0.00462096478088,0.00123555166359
3,-4,5.42700940919,-7.23601254558,4,-1,7.23601254558,-1.8090031364,-0.00277493520577,0.00110894488316
3,-4,5.42700940919,-7.23601254558,4,0,7.23601254558,0,-0.000854056796307,-0.0015639626067
3,-4,5.42700940919,-7.23601254558,4,1,7.23601254558,1.8090031364,0.00402722408908,0.00143106629444
3,-4,5.42700940919,-7.23601254558,4,2,7.23601254558,3.61800627279,-0.00479571859524,-0.00319352669008
3,-4,5.42700940919,-7.23601254558,4,3,7.23601254558,5.42700940919,-0.00389097573069,0.00409998640292
3,-4,5.42700940919,-7.23601254558,4,4,7.23601254558,7.23601254558,0.00321193872145,0.000305699864689
3,-3,5.42700940919,-5.42700940919,-4,-4,-7.23601254558,-7.23601254558,-0.00218719187888,-0.00179003228523
3,-3,5.42700940919,-5.42700940919,-4,-3,-7.23601254558,-5.42700940919,0.00350861778936,0.000711565152541
3,-3,5.42700940919,-5.42700940919,-4,-2,-7.23601254558,-3.61800627279,0.00404574837375,0.00188385778607
3,-3,5.42700940919,-5.42700940919,-4,-1,-7.23601254558,-1.8090031364,-0.00302790630188,0.00181865905184
3,-3,5.42700940919,-5.42700940919,-4,0,-7.23601254558,0,0.000533361739121,0.00373109256225
3,-3,5.42700940919,-5.42700940919,-4,1,-7.23601254558,1.8090031364,-0.00266205714703,0.00103989829093
3,-3,5.42700940919,-5.42700940919,-4,2,-7.23601254558,3.61800627279,0.000456751334431,-0.00120582629965
3,-3,5.42700940919,-5.42700940919,-4,3,-7.23601254558,5.42700940919,0.000766787998514,-0.00575424178726
3,-3,5.42700940919,-5.42700940919,-4,4,-7.23601254558,7.23601254558,-0.006181144111,0.000630215437934
3,-3,5.42700940919,-5.42700940919,-3,-4,-5.42700940919,-7.23601254558,0.00159998309465,-0.00182407510388
3,-3,5.42700940919,-5.42700940919,-3,-3,-5.42700940919,-5.42700940919,0.00349419330133,0.000337234953566
3,-3,5.42700940919,-5.42700940919,-3,-2,-5.42700940919,-3.61800627279,0.00282185645483,-0.00410496246676
3,-3,5.42700940919,-5.42700940919,-3,-1,-5.42700940919,-1.8090031364,0.00378962216824,-0.00264323516599
3,-3,5.42700940919,-5.42700940919,-3,0,-5.42700940919,0,0.00938487981406,-0.0106398397049
3,-3,5.42700940919,-5.42700940919,-3,1,-5.42700940919,1.8090031364,0.000607417691253,-0.00053744022514
3,-3,5.42700940919,-5.42700940919,-3,2,-5.42700940919,3.61800627279,0.00171901985229,-0.00360392510623
3,-3,5.42700940919,-5.42700940919,-3,3,-5.42700940919,5.42700940919,0.0011772238182,-0.00141475469199
3,-3,5.42700940919,-5.42700940919,-3,4,-5.42700940919,7.23601254558,-0.00128801700409,0.00367628605191
3,-3,5.42700940919,-5.42700940919,-2,-4,-3.61800627279,-7.23601254558,-0.00306839476668,0.000579707824671
3,-3,5.42700940919,-5.42700940919,-2,-3,-3.61800627279,-5.42700940919,0.00513905165063,-0.00307613794745
3,-3,5.42700940919,-5.42700940919,-2,-2,-3.61800627279,-3.61800627279,0.00137839848482,-0.0090560294169
3,-3,5.42700940919,-5.42700940919,-2,-1,-3.61800627279,-1.8090031364,-0.00231126310515,0.0172147678005
3,-3,5.42700940919,-5.42700940919,-2,0,-3.61800627279,0,0.0065911804413,-0.00644726978676
3,-3,5.42700940919,-5.42700940919,-2,1,-3.61800627279,1.8090031364,-0.000528791104422,-0.0104290966991
3,-3,5.42700940919,-5.42700940919,-2,2,-3.61800627279,3.61800627279,0.00115342330895,0.00231837696518
3,-3,5.42700940919,-5.42700940919,-2,3,-3.61800627279,5.42700940919,-0.00363392962428,0.00342248249617
3,-3,5.42700940919,-5.42700940919,-2,4,-3.61800627279,7.23601254558,-0.00154091749953,0.00422020072324
3,-3,5.42700940919,-5.42700940919,-1,-4,-1.8090031364,-7.23601254558,-0.00103829719518,-0.000974800456607
3,-3,5.42700940919,-5.42700940919,-1,-3,-1.8090031364,-5.42700940919,-0.0064928023822,-0.00108774327171
3,-3,5.42700940919,-5.42700940919,-1,-2,-1.8090031364,-3.61800627279,-0.0185563601561,-0.0133395539417
3,-3,5.42700940919,-5.42700940919,-1,-1,-1.8090031364,-1.8090031364,0.00209659859025,0.0132812307085
3,-3,5.42700940919,-5.42700940919,-1,0,-1.8090031364,0,0.00998304953158,0.00507903302234
3,-3,5.42700940919,-5.42700940919,-1,1,-1.8090031364,1.8090031364,0.0017405868593,0.0225054946728
3,-3,5.42700940919,-5.42700940919,-1,2,-1.8090031364,3.61800627279,-0.0132153674364,0.00303753610239
3,-3,5.42700940919,-5.42700940919,-1,3,-1.8090031364,5.42700940919,0.00326906513328,-0.00435840830578
3,-3,5.42700940919,-5.42700940919,-1,4,-1.8090031364,7.23601254558,-0.00945761905989,0.00522659979664
3,-3,5.42700940919,-5.42700940919,0,-4,0,-7.23601254558,-0.00538760546849,0.00604444143273
3,-3,5.42700940919,-5.42700940919,0,-3,0,-5.42700940919,0.00733277410392,-5.61827351324e-06
3,-3,5.42700940919,-5.42700940919,0,-2,0,-3.61800627279,-0.00388995564122,0.0138876623169
3,-3,5.42700940919,-5.42700940919,0,-1,0,-1.8090031364,-0.0043707934651,0.0199972864657
3,-3,5.42700940919,-5.42700940919,0,0,0,0,-0.0565814176038,0.00757397294109
3,-3,5.42700940919,-5.42700940919,0,1,0,1.8090031364,0.0108280154127,0.00231305924479
3,-3,5.42700940919,-5.42700940919,0,2,0,3.61800627279,-0.0137408902431,0.00728626016085
3,-3,5.42700940919,-5.42700940919,0,3,0,5.42700940919,-0.000105081240794,0.00376884388756
3,-3,5.42700940919,-5.42700940919,0,4,0,7.23601254558,0.00152511453858,0.00894002274247
3,-3,5.42700940919,-5.42700940919,1,-4,1.8090031364,-7.23601254558,-0.00176584167873,0.00328121421476
3,-3,5.42700940919,-5.42700940919,1,-3,1.8090031364,-5.42700940919,-0.00674081871458,-0.0049105493645
3,-3,5.42700940919,-5.42700940919,1,-2,1.8090031364,-3.61800627279,-0.0108168153145,0.0018214392045
3,-3,5.42700940919,-5.42700940919,1,-1,1.8090031364,-1.8090031364,-0.0107729590782,0.00383045014915
3,-3,5.42700940919,-5.42700940919,1,0,1.8090031364,0,-0.00141983835365,-0.00823258553238
3,-3,5.42700940919,-5.42700940919,1,1,1.8090031364,1.8090031364,0.0132743334777,-0.00626364855896
3,-3,5.42700940919,-5.42700940919,1,2,1.8090031364,3.61800627279,0.00340990795405,0.012206747693
3,-3,5.42700940919,-5.42700940919,1,3,1.8090031364,5.42700940919,0.00438304649856,-0.00460064124479
3,-3,5.42700940919,-5.42700940919,1,4,1.8090031364,7.23601254558,0.00406087670927,-0.00258113581606
3,-3,5.42700940919,-5.42700940919,2,-4,3.61800627279,-7.23601254558,0.000570534239026,0.00251213417288
3,-3,5.42700940919,-5.42700940919,2,-3,3.61800627279,-5.42700940919,0.00262207717846,0.000381775430362
3,-3,5.42700940919,-5.42700940919,2,-2,3.61800627279,-3.61800627279,-0.014527130346,-0.00621018436177
3,-3,5.42700940919,-5.42700940919,2,-1,3.61800627279,-1.8090031364,0.00527757385544,0.00951598140292
3,-3,5.42700940919,-5.42700940919,2,0,3.61800627279,0,-0.00338465286307,0.00436275988588
3,-3,5.42700940919,-5.42700940919,2,1,3.61800627279,1.8090031364,0.00719055487538,0.00975456335306
3,-3,5.42700940919,-5.42700940919,2,2,3.61800627279,3.61800627279,-0.000730547196319,0.000430097834563
3,-3,5.42700940919,-5.42700940919,2,3,3.61800627279,5.42700940919,-0.00173263837923,0.00129452166397
3,-3,5.42700940919,-5.42700940919,2,4,3.61800627279,7.23601254558,-0.00302090158444,0.00373833214077
3,-3,5.42700940919,-5.42700940919,3,-4,5.42700940919,-7.23601254558,0.0026503198177,-0.00435712727499
3,-3,5.42700940919,-5.42700940919,3,-3,5.42700940919,-5.42700940919,0.0223116487621,0
3,-3,5.42700940919,-5.42700940919,3,-2,5.42700940919,-3.61800627279,0.0043287834944,0.00594705269518
3,-3,5.42700940919,-5.42700940919,3,-1,5.42700940919,-1.8090031364,0.000640961957228,-0.00792781302803
3,-3,5.42700940919,-5.42700940919,3,0,5.42700940919,0,-0.00142602250934,-0.00453726499268
3,-3,5.42700940919,-5.42700940919,3,1,5.42700940919,1.8090031364,0.0109647994421,-0.0100188809614
3,-3,5.42700940919,-5.42700940919,3,2,5.42700940919,3.61800627279,-0.00442040554572,0.00678622172591
3,-3,5.42700940919,-5.42700940919,3,3,5.42700940919,5.42700940919,0.00071312414194,-0.00648981666147
3,-3,5.42700940919,-5.42700940919,3,4,5.42700940919,7.23601254558,-0.000640783719816,-0.000714879977159
3,-3,5.42700940919,-5.42700940919,4,-4,7.23601254558,-7.23601254558,-0.00414386471446,0.00408235618872
3,-3,5.42700940919,-5.42700940919,4,-3,7.23601254558,-5.42700940919,0.00216435082487,0.000570848810911
3,-3,5.42700940919,-5.42700940919,4,-2,7.23601254558,-3.61800627279,0.0032736812154,-0.00180456871802
3,-3,5.42700940919,-5.42700940919,4,-1,7.23601254558,-1.8090031364,0.000925504224069,0.00148259363238
3,-3,5.42700940919,-5.42700940919,4,0,7.23601254558,0,-0.00509427778701,-0.00380055178582
3,-3,5.42700940919,-5.42700940919,4,1,7.23601254558,1.8090031364,0.000593216254762,-0.000897691691282
3,-3,5.42700940919,-5.42700940919,4,2,7.23601254558,3.61800627279,0.00435365132831,-0.00250047585964
3,-3,5.42700940919,-5.42700940919,4,3,7.23601254558,5.42700940919,-0.00673232332279,-0.00410688421274
3,-3,5.42700940919,-5.42700940919,4,4,7.23601254558,7.23601254558,-0.000539678456037,0.00386201690029
3,-2,5.42700940919,-3.61800627279,-4,-4,-7.23601254558,-7.23601254558,0.0021084825304,0.0045826790749
3,-2,5.42700940919,-3.61800627279,-4,-3,-7.23601254558,-5.42700940919,-0.00842672780053,-0.00236135980514
3,-2,5.42700940919,-3.61800627279,-4,-2,-7.23601254558,-3.61800627279,0.00159661963096,0.00148057282758
3,-2,5.42700940919,-3.61800627279,-4,-1,-7.23601254558,-1.8090031364,0.000568930221732,0.00259669079856
3,-2,5.42700940919,-3.61800627279,-4,0,-7.23601254558,0,0.00189837160183,0.00537901312431
3,-2,5.42700940919,-3.61800627279,-4,1,-7.23601254558,1.8090031364,0.000723528667944,-0.00226477015335
3,-2,5.42700940919,-3.61800627279,-4,2,-7.23601254558,3.61800627279,-0.0032851488521,0.00529673009505
3,-2,5.42700940919,-3.61800627279,-4,3,-7.23601254558,5.42700940919,0.000477295075023,0.00297904049736
3,-2,5.42700940919,-3.61800627279,-4,4,-7.23601254558,7.23601254558,-0.0017959533183,-0.003036489053
3,-2,5.42700940919,-3.61800627279,-3,-4,-5.42700940919,-7.23601254558,0.00237482780753,0.0011764415854
3,-2,5.42700940919,-3.61800627279,-3,-3,-5.42700940919,-5.42700940919,0.00399061184652,0.000943073729761
3,-2,5.42700940919,-3.61800627279,-3,-2,-5.42700940919,-3.61800627279,0.0114323683508,-0.000167058867629
3,-2,5.42700940919,-3.61800627279,-3,-1,-5.42700940919,-1.8090031364,0.000307776553453,-0.00137584772394
3,-2,5.42700940919,-3.61800627279,-3,0,-5.42700940919,0,0.00620695242645,-0.00581457320087
3,-2,5.42700940919,-3.61800627279,-3,1,-5.42700940919,1.8090031364,0.0114168598337,-0.00666543879952
3,-2,5.42700940919,-3.61800627279,-3,2,-5.42700940919,3.61800627279,-6.8185527255e-05,0.000132644222445
3,-2,5.42700940919,-3.61800627279,-3,3,-5.42700940919,5.42700940919,0.00171901985229,-0.00360392510623
3,-2,5.42700940919,-3.61800627279,-3,4,-5.42700940919,7.23601254558,-0.00268391195601,-0.0039555791202
3,-2,5.42700940919,-3.61800627279,-2,-4,-3.61800627279,-7.23601254558,0.000117021647957,-0.00141562329388
3,-2,5.42700940919,-3.61800627279,-2,-3,-3.61800627279,-5.42700940919,-0.00101117217491,-0.00104425054524
3,-2,5.42700940919,-3.61800627279,-2,-2,-3.61800627279,-3.61800627279,-0.00268206306945,-0.00510257061142
3,-2,5.42700940919,-3.61800627279,-2,-1,-3.61800627279,-1.8090031364,0.00152643951276,-0.00707537189569
3,-2,5.42700940919,-3.61800627279,-2,0,-3.61800627279,0,0.00157166917711,0.0127213092864
3,-2,5.42700940919,-3.61800627279,-2,1,-3.61800627279,1.8090031364,-0.00169995288919,-0.00684739261618
3,-2,5.42700940919,-3.61800627279,-2,2,-3.61800627279,3.61800627279,0.00363089302013,-0.00990981524133
3,-2,5.42700940919,-3.61800627279,-2,3,-3.61800627279,5.42700940919,0.00092613875536,0.00135767896702
3,-2,5.42700940919,-3.61800627279,-2,4,-3.61800627279,7.23601254558,-0.000178415703799,-0.00200139547618
3,-2,5.42700940919,-3.61800627279,-1,-4,-1.8090031364,-7.23601254558,-0.00428550057542,0.00595162398231
3,-2,5.42700940919,-3.61800627279,-1,-3,-1.8090031364,-5.42700940919,0.00311190049822,-0.00183814098092
3,-2,5.42700940919,-3.61800627279,-1,-2,-1.8090031364,-3.61800627279,-0.00823495824328,-0.00597841414694
3,-2,5.42700940919,-3.61800627279,-1,-1,-1.8090031364,-1.8090031364,-0.0270185517637,-0.0272862948786
3,-2,5.42700940919,-3.61800627279,-1,0,-1.8090031364,0,-0.016014579897,0.0307180411828
3,-2,5.42700940919,-3.61800627279,-1,1,-1.8090031364,1.8090031364,0.0192957809387,0.00375252936127
3,-2,5.42700940919,-3.61800627279,-1,2,-1.8090031364,3.61800627279,0.00256198208267,0.00962545193674
3,-2,5.42700940919,-3.61800627279,-1,3,-1.8090031364,5.42700940919,-0.0109053405364,0.00715760453074
3,-2,5.42700940919,-3.61800627279,-1,4,-1.8090031364,7.23601254558,-0.00521480007395,-0.00497049324465
3,-2,5.42700940919,-3.61800627279,0,-4,0,-7.23601254558,0.0051305984513,0.0028307474394
3,-2,5.42700940919,-3.61800627279,0,-3,0,-5.42700940919,-0.00978434690315,0.0114130832123
3,-2,5.42700940919,-3.61800627279,0,-2,0,-3.61800627279,0.0111181332043,-0.0040013288104
3,-2,5.42700940919,-3.61800627279,0,-1,0,-1.8090031364,-0.00586225283432,0.0278831127198
3,-2,5.42700940919,-3.61800627279,0,0,0,0,0.00548510604827,0.0360280259963
3,-2,5.42700940919,-3.61800627279,0,1,0,1.8090031364,-0.0459128690411,0.00280821263257
3,-2,5.42700940919,-3.61800627279,0,2,0,3.61800627279,0.00566971383683,0.00224688072538
3,-2,5.42700940919,-3.61800627279,0,3,0,5.42700940919,-0.00683254657424,0.00119488282499
3,-2,5.42700940919,-3.61800627279,0,4,0,7.23601254558,-0.00320076649646,0.00358716198698
3,-2,5.42700940919,-3.61800627279,1,-4,1.8090031364,-7.23601254558,-0.00127470548883,-0.000337080984776
3,-2,5.42700940919,-3.61800627279,1,-3,1.8090031364,-5.42700940919,-0.00118520501046,0.00442517933425
3,-2,5.42700940919,-3.61800627279,1,-2,1.8090031364,-3.61800627279,-0.0177133998093,-0.0154679107343
3,-2,5.42700940919,-3.61800627279,1,-1,1.8090031364,-1.8090031364,-0.0219777509272,0.00120968889589
3,-2,5.42700940919,-3.61800627279,1,0,1.8090031364,0,-0.0101743176597,0.0117961415924
3,-2,5.42700940919,-3.61800627279,1,1,1.8090031364,1.8090031364,-0.00216008513376,-0.00837737157287
3,-2,5.42700940919,-3.61800627279,1,2,1.8090031364,3.61800627279,0.00983703309858,-0.0101106475439
3,-2,5.42700940919,-3.61800627279,1,3,1.8090031364,5.42700940919,-0.0030328052777,0.00661352675314
3,-2,5.42700940919,-3.61800627279,1,4,1.8090031364,7.23601254558,0.00283196413805,0.00191889534488
3,-2,5.42700940919,-3.61800627279,2,-4,3.61800627279,-7.23601254558,-0.00566232910999,-9.45759708921e-05
3,-2,5.42700940919,-3.61800627279,2,-3,3.61800627279,-5.42700940919,-0.000741004436715,-0.000510263009783
3,-2,5.42700940919,-3.61800627279,2,-2,3.61800627279,-3.61800627279,0.0062860290388,0.00346155899219
3,-2,5.42700940919,-3.61800627279,2,-1,3.61800627279,-1.8090031364,-0.0169270276088,-0.000652106548724
3,-2,5.42700940919,-3.61800627279,2,0,3.61800627279,0,0.000232810622544,0.00158696081614
3,-2,5.42700940919,-3.61800627279,2,1,3.61800627279,1.8090031364,-0.00441683378165,0.00323575603386
3,-2,5.42700940919,-3.61800627279,2,2,3.61800627279,3.61800627279,0.0076042626328,0.0105172854567
3,-2,5.42700940919,-3.61800627279,2,3,3.61800627279,5.42700940919,-0.000259152270667,0.00381419811623
3,-2,5.42700940919,-3.61800627279,2,4,3.61800627279,7.23601254558,-9.15314759997e-05,-0.00198786617126
3,-2,5.42700940919,-3.61800627279,3,-4,5.42700940919,-7.23601254558,0.00208406623528,0.00906536172503
3,-2,5.42700940919,-3.61800627279,3,-3,5.42700940919,-5.42700940919,0.0043287834944,-0.00594705269518
3,-2,5.42700940919,-3.61800627279,3,-2,5.42700940919,-3.61800627279,0.0626282956811,0
3,-2,5.42700940919,-3.61800627279,3,-1,5.42700940919,-1.8090031364,0.00595904297012,0.000446390107833
3,-2,5.42700940919,-3.61800627279,3,0,5.42700940919,0,-0.00795846580007,-0.00807418715628
3,-2,5.42700940919,-3.61800627279,3,1,5.42700940919,1.8090031364,0.00951086004231,-0.00547787808443
3,-2,5.42700940919,-3.61800627279,3,2,5.42700940919,3.61800627279,0.00580009881662,-0.00891186084388
3,-2,5.42700940919,-3.61800627279,3,3,5.42700940919,5.42700940919,-0.00227773441825,0.00296346791656
3,-2,5.42700940919,-3.61800627279,3,4,5.42700940919,7.23601254558,-0.00659902443197,-0.00682777660945
3,-2,5.42700940919,-3.61800627279,4,-4,7.23601254558,-7.23601254558,0.00309108400496,-0.00186405350023
3,-2,5.42700940919,-3.61800627279,4,-3,7.23601254558,-5.42700940919,-0.00733623683068,0.00506864309533
3,-2,5.42700940919,-3.61800627279,4,-2,7.23601254558,-3.61800627279,0.00193568916287,-0.00259165752205
3,-2,5.42700940919,-3.61800627279,4,-1,7.23601254558,-1.8090031364,0.00049778608272,0.00163462765084
3,-2,5.42700940919,-3.61800627279,4,0,7.23601254558,0,0.00391475484462,-0.00237282192771
3,-2,5.42700940919,-3.61800627279,4,1,7.23601254558,1.8090031364,-0.00924956610483,-0.00612910776653
3,-2,5.42700940919,-3.61800627279,4,2,7.23601254558,3.61800627279,-0.00124211406825,0.000785147513824
3,-2,5.42700940919,-3.61800627279,4,3,7.23601254558,5.42700940919,0.00276348560371,-0.000771568001502
3,-2,5.42700940919,-3.61800627279,4,4,7.23601254558,7.23601254558,-0.00536628239183,-0.000649271288922
3,-1,5.42700940919,-1.8090031364,-4,-4,-7.23601254558,-7.23601254558,0.00641302541667,0.00291055943577
3,-1,5.42700940919,-1.8090031364,-4,-3,-7.23601254558,-5.42700940919,0.0042936846394,0.00465181455331
3,-1,5.42700940919,-1.8090031364,-4,-2,-7.23601254558,-3.61800627279,-0.00988849426098,-0.00623135271817
3,-1,5.42700940919,-1.8090031364,-4,-1,-7.23601254558,-1.8090031364,-0.0056755284063,-0.00717905833597
3,-1,5.42700940919,-1.8090031364,-4,0,-7.23601254558,0,-0.00678615863973,0.0117846423387
3,-1,5.42700940919,-1.8090031364,-4,1,-7.23601254558,1.8090031364,0.00278633594278,0.00692706014351
3,-1,5.42700940919,-1.8090031364,-4,2,-7.23601254558,3.61800627279,0.00154641264541,-0.00197256827406
3,-1,5.42700940919,-1.8090031364,-4,3,-7.23601254558,5.42700940919,-0.00223417510788,0.00323798567616
3,-1,5.42700940919,-1.8090031364,-4,4,-7.23601254558,7.23601254558,-0.00150264132059,0.00351100721105
3,-1,5.42700940919,-1.8090031364,-3,-4,-5.42700940919,-7.23601254558,0.00337541978583,-0.00335553368099
3,-1,5.42700940919,-1.8090031364,-3,-3,-5.42700940919,-5.42700940919,0.000161796165198,0.00170481374788
3,-1,5.42700940919,-1.8090031364,-3,-2,-5.42700940919,-3.61800627279,0.00584197786362,-0.00225190596012
3,-1,5.42700940919,-1.8090031364,-3,-1,-5.42700940919,-1.8090031364,0.0187057367601,0.00478103362854
3,-1,5.42700940919,-1.8090031364,-3,0,-5.42700940919,0,-0.0020753790214,-0.000704679035874
3,-1,5.42700940919,-1.8090031364,-3,1,-5.42700940919,1.8090031364,0.00850887300054,-0.00764161522808
3,-1,5.42700940919,-1.8090031364,-3,2,-5.42700940919,3.61800627279,0.0114168598337,-0.00666543879952
3,-1,5.42700940919,-1.8090031364,-3,3,-5.42700940919,5.42700940919,0.000607417691253,-0.00053744022514
3,-1,5.42700940919,-1.8090031364,-3,4,-5.42700940919,7.23601254558,0.00225292819177,-0.00185696800102
3,-1,5.42700940919,-1.8090031364,-2,-4,-3.61800627279,-7.23601254558,0.0117912944209,0.00605902223987
3,-1,5.42700940919,-1.8090031364,-2,-3,-3.61800627279,-5.42700940919,0.00332900922881,-0.00227531946005
3,-1,5.42700940919,-1.8090031364,-2,-2,-3.61800627279,-3.61800627279,0.00672530202197,-0.00645126404096
3,-1,5.42700940919,-1.8090031364,-2,-1,-3.61800627279,-1.8090031364,-0.0233564162736,-0.00316104752714
3,-1,5.42700940919,-1.8090031364,-2,0,-3.61800627279,0,0.00568564800433,-0.00724487597394
3,-1,5.42700940919,-1.8090031364,-2,1,-3.61800627279,1.8090031364,0.0080968143433,0.0153397393191
3,-1,5.42700940919,-1.8090031364,-2,2,-3.61800627279,3.61800627279,-0.00287108029598,-0.00605417937596
3,-1,5.42700940919,-1.8090031364,-2,3,-3.61800627279,5.42700940919,-0.000939002774273,-0.00992421887297
3,-1,5.42700940919,-1.8090031364,-2,4,-3.61800627279,7.23601254558,-0.00226687669339,0.0085300952809
3,-1,5.42700940919,-1.8090031364,-1,-4,-1.8090031364,-7.23601254558,-0.00771948724221,-0.00248702993699
3,-1,5.42700940919,-1.8090031364,-1,-3,-1.8090031364,-5.42700940919,-0.0115473320991,0.0050966536719
3,-1,5.42700940919,-1.8090031364,-1,-2,-1.8090031364,-3.61800627279,0.00614998781455,0.00830935968737
3,-1,5.42700940919,-1.8090031364,-1,-1,-1.8090031364,-1.8090031364,-0.000361893999923,-0.00758621627231
3,-1,5.42700940919,-1.8090031364,-1,0,-1.8090031364,0,-0.0340388190085,-0.0419356903736
3,-1,5.42700940919,-1.8090031364,-1,1,-1.8090031364,1.8090031364,-0.0194331593615,0.036143965419
3,-1,5.42700940919,-1.8090031364,-1,2,-1.8090031364,3.61800627279,0.0145844788071,0.00276439853794
3,-1,5.42700940919,-1.8090031364,-1,3,-1.8090031364,5.42700940919,0.00348157414684,0.0115264746788
3,-1,5.42700940919,-1.8090031364,-1,4,-1.8090031364,7.23601254558,-0.00887967389611,0.00264022693924
3,-1,5.42700940919,-1.8090031364,0,-4,0,-7.23601254558,-0.00120772026824,0.000673572969251
3,-1,5.42700940919,-1.8090031364,0,-3,0,-5.42700940919,0.00813397320282,0.00608276346994
3,-1,5.42700940919,-1.8090031364,0,-2,0,-3.61800627279,-0.0137743738396,0.0157992069837
3,-1,5.42700940919,-1.8090031364,0,-1,0,-1.8090031364,0.0205381173406,-0.0103316735136
3,-1,5.42700940919,-1.8090031364,0,0,0,0,-0.0132332158443,0.051325351133
3,-1,5.42700940919,-1.8090031364,0,1,0,1.8090031364,0.00808194827687,0.0316566095776
3,-1,5.42700940919,-1.8090031364,0,2,0,3.61800627279,-0.0331864708007,0.000848938792896
3,-1,5.42700940919,-1.8090031364,0,3,0,5.42700940919,0.00851134066443,-0.00191502304248
3,-1,5.42700940919,-1.8090031364,0,4,0,7.23601254558,-0.00972648406002,0.00652835745488
3,-1,5.42700940919,-1.8090031364,1,-4,1.8090031364,-7.23601254558,-0.00866261422183,0.0005990940612
3,-1,5.42700940919,-1.8090031364,1,-3,1.8090031364,-5.42700940919,-0.000198504351982,-0.000119907154615
3,-1,5.42700940919,-1.8090031364,1,-2,1.8090031364,-3.61800627279,-0.00238478369893,0.0071036835955
3,-1,5.42700940919,-1.8090031364,1,-1,1.8090031364,-1.8090031364,-0.0273997231334,-0.0276953521267
3,-1,5.42700940919,-1.8090031364,1,0,1.8090031364,0,-0.0187340583512,-0.00079890984547
3,-1,5.42700940919,-1.8090031364,1,1,1.8090031364,1.8090031364,-0.0134243881926,0.0132218125551
3,-1,5.42700940919,-1.8090031364,1,2,1.8090031364,3.61800627279,-0.00356265968989,-0.0124873527355
3,-1,5.42700940919,-1.8090031364,1,3,1.8090031364,5.42700940919,0.0120863560557,-0.00675716853887
3,-1,5.42700940919,-1.8090031364,1,4,1.8090031364,7.23601254558,-0.00365764826728,0.00658039186724
3,-1,5.42700940919,-1.8090031364,2,-4,3.61800627279,-7.23601254558,-0.00970740426101,0.00228431952952
3,-1,5.42700940919,-1.8090031364,2,-3,3.61800627279,-5.42700940919,-0.00275252539184,0.000629184362966
3,-1,5.42700940919,-1.8090031364,2,-2,3.61800627279,-3.61800627279,-0.00881898952227,-0.0119512090493
3,-1,5.42700940919,-1.8090031364,2,-1,3.61800627279,-1.8090031364,0.00109110433955,0.00121107758867
3,-1,5.42700940919,-1.8090031364,2,0,3.61800627279,0,-0.0163862506026,0.0026396480537
3,-1,5.42700940919,-1.8090031364,2,1,3.61800627279,1.8090031364,-0.00107908436945,0.000285110668842
3,-1,5.42700940919,-1.8090031364,2,2,3.61800627279,3.61800627279,0.000140936145067,-0.00289270738772
3,-1,5.42700940919,-1.8090031364,2,3,3.61800627279,5.42700940919,-0.000275366098532,0.00809227310065
3,-1,5.42700940919,-1.8090031364,2,4,3.61800627279,7.23601254558,0.00153145020112,0.00806886572522
3,-1,5.42700940919,-1.8090031364,3,-4,5.42700940919,-7.23601254558,-0.00572324517568,0.00698352016195
3,-1,5.42700940919,-1.8090031364,3,-3,5.42700940919,-5.42700940919,0.000640961957228,0.00792781302803
3,-1,5.42700940919,-1.8090031364,3,-2,5.42700940919,-3.61800627279,0.00595904297012,-0.000446390107833
3,-1,5.42700940919,-1.8090031364,3,-1,5.42700940919,-1.8090031364,0.128463955362,0
3,-1,5.42700940919,-1.8090031364,3,0,5.42700940919,0,-0.00201472269404,-0.0077043675278
3,-1,5.42700940919,-1.8090031364,3,1,5.42700940919,1.8090031364,-0.00922094680242,-0.0129238694127
3,-1,5.42700940919,-1.8090031364,3,2,5.42700940919,3.61800627279,0.00686457446407,-0.00308076168048
3,-1,5.42700940919,-1.8090031364,3,3,5.42700940919,5.42700940919,0.0068657347427,-0.00359984921593
3,-1,5.42700940919,-1.8090031364,3,4,5.42700940919,7.23601254558,-0.00195667527713,-0.00140974228691
3,-1,5.42700940919,-1.8090031364,4,-4,7.23601254558,-7.23601254558,-0.000244817855603,-0.0010244950403
3,-1,5.42700940919,-1.8090031364,4,-3,7.23601254558,-5.42700940919,0.00438885535852,-0.00365461161752
3,-1,5.42700940919,-1.8090031364,4,-2,7.23601254558,-3.61800627279,-0.00405609729734,0.00136823309953
3,-1,5.42700940919,-1.8090031364,4,-1,7.23601254558,-1.8090031364,-0.00575017781438,0.000188617498327
3,-1,5.42700940919,-1.8090031364,4,0,7.23601254558,0,-0.00560921876753,0.00792571479434
3,-1,5.42700940919,-1.8090031364,4,1,7.23601254558,1.8090031364,0.0040493532597,-0.00585457261267
3,-1,5.42700940919,-1.8090031364,4,2,7.23601254558,3.61800627279,-0.0085981872998,-0.00667157358531
3,-1,5.42700940919,-1.8090031364,4,3,7.23601254558,5.42700940919,-0.00139440026092,0.000992490233181
3,-1,5.42700940919,-1.8090031364,4,4,7.23601254558,7.23601254558,-0.000790583147712,0.00220789082544
3,0,5.42700940919,0,-4,-4,-7.23601254558,-7.23601254558,-0.0052713855541,-0.00196893485816
3,0,5.42700940919,0,-4,-3,-7.23601254558,-5.42700940919,0.00322214160293,0.00563400785849
3,0,5.42700940919,0,-4,-2,-7.23601254558,-3.61800627279,-0.000887786786388,0.00519682273254
3,0,5.42700940919,0,-4,-1,-7.23601254558,-1.8090031364,0.000871921428071,-0.00727007548935
3,0,5.42700940919,0,-4,0,-7.23601254558,0,-0.0103952495649,-0.0104338639786
3,0,5.42700940919,0,-4,1,-7.23601254558,1.8090031364,-0.00667237312433,0.0158705102851
3,0,5.42700940919,0,-4,2,-7.23601254558,3.61800627279,0.00310505248187,0.00641195072057
3,0,5.42700940919,0,-4,3,-7.23601254558,5.42700940919,0.00131259872197,0.00147479174116
3,0,5.42700940919,0,-4,4,-7.23601254558,7.23601254558,-0.002206218054,-0.00122793256513
3,0,5.42700940919,0,-3,-4,-5.42700940919,-7.23601254558,0.0035905262806,0.00301803920265
3,0,5.42700940919,0,-3,-3,-5.42700940919,-5.42700940919,0.00546672744016,-0.00572504926138
3,0,5.42700940919,0,-3,-2,-5.42700940919,-3.61800627279,-0.005721233686,-0.000405102620037
3,0,5.42700940919,0,-3,-1,-5.42700940919,-1.8090031364,0.00997218470991,-0.0079117553538
3,0,5.42700940919,0,-3,0,-5.42700940919,0,0.0219407917329,0.0127921608828
3,0,5.42700940919,0,-3,1,-5.42700940919,1.8090031364,-0.0020753790214,-0.000704679035874
3,0,5.42700940919,0,-3,2,-5.42700940919,3.61800627279,0.00620695242645,-0.00581457320087
3,0,5.42700940919,0,-3,3,-5.42700940919,5.42700940919,0.00938487981406,-0.0106398397049
3,0,5.42700940919,0,-3,4,-5.42700940919,7.23601254558,-0.00102145170855,0.00358066506013
3,0,5.42700940919,0,-2,-4,-3.61800627279,-7.23601254558,-0.00657020029715,-0.00463489179722
3,0,5.42700940919,0,-2,-3,-3.61800627279,-5.42700940919,0.0095303462308,0.0143968464523
3,0,5.42700940919,0,-2,-2,-3.61800627279,-3.61800627279,0.00633534516228,0.00152462448561
3,0,5.42700940919,0,-2,-1,-3.61800627279,-1.8090031364,0.0140759765253,-0.0138323402466
3,0,5.42700940919,0,-2,0,-3.61800627279,0,-0.0316997407256,0.000420885104452
3,0,5.42700940919,0,-2,1,-3.61800627279,1.8090031364,0.00680892584986,-0.00736323899966
3,0,5.42700940919,0,-2,2,-3.61800627279,3.61800627279,0.00363586060344,0.0132721197542
3,0,5.42700940919,0,-2,3,-3.61800627279,5.42700940919,0.0070074490017,-0.00813528340954
3,0,5.42700940919,0,-2,4,-3.61800627279,7.23601254558,-0.00367410557097,-0.00687644629136
3,0,5.42700940919,0,-1,-4,-1.8090031364,-7.23601254558,-0.00570197265359,-0.014650362796
3,0,5.42700940919,0,-1,-3,-1.8090031364,-5.42700940919,-0.00472529401125,-0.00401323696967
3,0,5.42700940919,0,-1,-2,-1.8090031364,-3.61800627279,-0.0262623292546,-0.00438229174626
3,0,5.42700940919,0,-1,-1,-1.8090031364,-1.8090031364,0.00406911624848,0.0300338671117
3,0,5.42700940919,0,-1,0,-1.8090031364,0,-0.00197422847451,-0.00874208646918
3,0,5.42700940919,0,-1,1,-1.8090031364,1.8090031364,-0.0263618562975,-0.0432172068162
3,0,5.42700940919,0,-1,2,-1.8090031364,3.61800627279,-0.00660978451501,0.0277958851035
3,0,5.42700940919,0,-1,3,-1.8090031364,5.42700940919,0.000886352802565,0.000825132874565
3,0,5.42700940919,0,-1,4,-1.8090031364,7.23601254558,0.00197001290716,0.0191176618252
3,0,5.42700940919,0,0,-4,0,-7.23601254558,-0.0189337716155,0.00290407846942
3,0,5.42700940919,0,0,-3,0,-5.42700940919,-0.00391267251062,-0.00624386763468
3,0,5.42700940919,0,0,-2,0,-3.61800627279,0.0129351642609,0.0156122837492
3,0,5.42700940919,0,0,-1,0,-1.8090031364,-0.0116104385131,0.0212658867231
3,0,5.42700940919,0,0,0,0,0,0.0236293533955,-0.0178364522965
3,0,5.42700940919,0,0,1,0,1.8090031364,-0.00370879507802,0.0350395654769
3,0,5.42700940919,0,0,2,0,3.61800627279,0.00693090853455,0.0291676379426
3,0,5.42700940919,0,0,3,0,5.42700940919,-0.0184316204335,0.00428587939993
3,0,5.42700940919,0,0,4,0,7.23601254558,0.00922541450493,-0.00284569961048
3,0,5.42700940919,0,1,-4,1.8090031364,-7.23601254558,0.013150153934,0.00351920631602
3,0,5.42700940919,0,1,-3,1.8090031364,-5.42700940919,-0.00964648183362,-0.00491317344156
3,0,5.42700940919,0,1,-2,1.8090031364,-3.61800627279,-0.0013262464585,-0.00330347628127
3,0,5.42700940919,0,1,-1,1.8090031364,-1.8090031364,-0.00604797216092,0.00725485728381
3,0,5.42700940919,0,1,0,1.8090031364,0,-0.0336644493775,-0.0302401812379
3,0,5.42700940919,0,1,1,1.8090031364,1.8090031364,-0.0151540302438,0.00145364987895
3,0,5.42700940919,0,1,2,1.8090031364,3.61800627279,-0.0105378053951,0.00711871577822
3,0,5.42700940919,0,1,3,1.8090031364,5.42700940919,0.000194961255504,-0.00999826535932
3,0,5.42700940919,0,1,4,1.8090031364,7.23601254558,0.00465910005702,9.9779872971e-05
3,0,5.42700940919,0,2,-4,3.61800627279,-7.23601254558,0.000715071758138,0.00551866455316
3,0,5.42700940919,0,2,-3,3.61800627279,-5.42700940919,-0.0117194883655,0.00695358699304
3,0,5.42700940919,0,2,-2,3.61800627279,-3.61800627279,0.00126773611061,0.0118916617287
3,0,5.42700940919,0,2,-1,3.61800627279,-1.8090031364,-0.0143460404833,-0.0215305463556
3,0,5.42700940919,0,2,0,3.61800627279,0,0.000849920450536,0.0015441944937
3,0,5.42700940919,0,2,1,3.61800627279,1.8090031364,-0.0176033030247,-0.00178283395848
3,0,5.42700940919,0,2,2,3.61800627279,3.61800627279,0.000176234034041,0.00510354136542
3,0,5.42700940919,0,2,3,3.61800627279,5.42700940919,0.00275127536793,-0.00944341072052
3,0,5.42700940919,0,2,4,3.61800627279,7.23601254558,-0.00538186006264,0.00357512057071
3,0,5.42700940919,0,3,-4,5.42700940919,-7.23601254558,0.0132836018624,0.00507537053745
3,0,5.42700940919,0,3,-3,5.42700940919,-5.42700940919,-0.00142602250934,0.00453726499268
3,0,5.42700940919,0,3,-2,5.42700940919,-3.61800627279,-0.00795846580007,0.00807418715628
3,0,5.42700940919,0,3,-1,5.42700940919,-1.8090031364,-0.00201472269404,0.0077043675278
3,0,5.42700940919,0,3,0,5.42700940919,0,0.16275399149,0
3,0,5.42700940919,0,3,1,5.42700940919,1.8090031364,0.0038511883688,-0.00537344790069
3,0,5.42700940919,0,3,2,5.42700940919,3.61800627279,-0.00268074414677,-0.0171012200345
3,0,5.42700940919,0,3,3,5.42700940919,5.42700940919,-0.00441136444287,-0.00524051153233
3,0,5.42700940919,0,3,4,5.42700940919,7.23601254558,0.012785363277,0.00291894885776
3,0,5.42700940919,0,4,-4,7.23601254558,-7.23601254558,-0.00341250332484,0.000349631662635
3,0,5.42700940919,0,4,-3,7.23601254558,-5.42700940919,-0.00536622630365,-0.0054606589599
3,0,5.42700940919,0,4,-2,7.23601254558,-3.61800627279,0.00311262946501,0.00115781047742
3,0,5.42700940919,0,4,-1,7.23601254558,-1.8090031364,-0.00317539132085,-0.00275883627098
3,0,5.42700940919,0,4,0,7.23601254558,0,-0.00141338048502,1.43538092298e-06
3,0,5.42700940919,0,4,1,7.23601254558,1.8090031364,-0.00590704869266,0.00677510084666
3,0,5.42700940919,0,4,2,7.23601254558,3.61800627279,-0.00107448963093,-0.00826573898924
3,0,5.42700940919,0,4,3,7.23601254558,5.42700940919,-0.00443621708695,-0.00446873129318
3,0,5.42700940919,0,4,4,7.23601254558,7.23601254558,-0.00255305249045,-0.00164319992066
3,1,5.42700940919,1.8090031364,-4,-4,-7.23601254558,-7.23601254558,-0.00829821238028,-0.000806319595196
3,1,5.42700940919,1.8090031364,-4,-3,-7.23601254558,-5.42700940919,0.000991176706323,-0.00280038464354
3,1,5.42700940919,1.8090031364,-4,-2,-7.23601254558,-3.61800627279,-0.00389114687417,-0.00042201631025
3,1,5.42700940919,1.8090031364,-4,-1,-7.23601254558,-1.8090031364,-0.00625683836989,0.0096768470619
3,1,5.42700940919,1.8090031364,-4,0,-7.23601254558,0,0.000714796198713,-0.0081657448511
3,1,5.42700940919,1.8090031364,-4,1,-7.23601254558,1.8090031364,-0.00426994738712,-0.0101607965413
3,1,5.42700940919,1.8090031364,-4,2,-7.23601254558,3.61800627279,-0.0013817915322,0.00700207369072
3,1,5.42700940919,1.8090031364,-4,3,-7.23601254558,5.42700940919,-0.00150973886145,0.00726153464453
3,1,5.42700940919,1.8090031364,-4,4,-7.23601254558,7.23601254558,-0.00182040665739,0.00504875252348
3,1,5.42700940919,1.8090031364,-3,-4,-5.42700940919,-7.23601254558,-0.00476774981992,-0.00794237298547
3,1,5.42700940919,1.8090031364,-3,-3,-5.42700940919,-5.42700940919,0.00246384734356,0.00387488908883
3,1,5.42700940919,1.8090031364,-3,-2,-5.42700940919,-3.61800627279,0.00487955390997,-0.00773109107612
3,1,5.42700940919,1.8090031364,-3,-1,-5.42700940919,-1.8090031364,-0.00552123391094,-0.0021177453506
3,1,5.42700940919,1.8090031364,-3,0,-5.42700940919,0,0.00997218470991,-0.0079117553538
3,1,5.42700940919,1.8090031364,-3,1,-5.42700940919,1.8090031364,0.0187057367601,0.00478103362854
3,1,5.42700940919,1.8090031364,-3,2,-5.42700940919,3.61800627279,0.000307776553453,-0.00137584772394
3,1,5.42700940919,1.8090031364,-3,3,-5.42700940919,5.42700940919,0.00378962216824,-0.00264323516599
3,1,5.42700940919,1.8090031364,-3,4,-5.42700940919,7.23601254558,0.00834370435902,-0.0101149785603
3,1,5.42700940919,1.8090031364,-2,-4,-3.61800627279,-7.23601254558,-0.0084917687718,-0.000700502161988
3,1,5.42700940919,1.8090031364,-2,-3,-3.61800627279,-5.42700940919,-0.00236594745829,-0.00725089299929
3,1,5.42700940919,1.8090031364,-2,-2,-3.61800627279,-3.61800627279,0.010509358289,0.0172359494488
3,1,5.42700940919,1.8090031364,-2,-1,-3.61800627279,-1.8090031364,0.0102010908574,-0.00157921496253
3,1,5.42700940919,1.8090031364,-2,0,-3.61800627279,0,0.0145539664557,-0.0165292110513
3,1,5.42700940919,1.8090031364,-2,1,-3.61800627279,1.8090031364,-0.0200746237467,-0.00157888624518
3,1,5.42700940919,1.8090031364,-2,2,-3.61800627279,3.61800627279,0.00175708546023,-0.00460957964556
3,1,5.42700940919,1.8090031364,-2,3,-3.61800627279,5.42700940919,-0.00109573067245,0.00865658349519
3,1,5.42700940919,1.8090031364,-2,4,-3.61800627279,7.23601254558,0.00546237919937,-0.00813522614632
3,1,5.42700940919,1.8090031364,-1,-4,-1.8090031364,-7.23601254558,-0.00299983046277,-0.0017069888057
3,1,5.42700940919,1.8090031364,-1,-3,-1.8090031364,-5.42700940919,-0.00581085228811,-0.00501058142295
3,1,5.42700940919,1.8090031364,-1,-2,-1.8090031364,-3.61800627279,-0.00248468560903,-0.00527848026888
3,1,5.42700940919,1.8090031364,-1,-1,-1.8090031364,-1.8090031364,-0.0349230218204,-0.017711948145
3,1,5.42700940919,1.8090031364,-1,0,-1.8090031364,0,0.00238123338228,0.0322364645953
3,1,5.42700940919,1.8090031364,-1,1,-1.8090031364,1.8090031364,-0.010814415958,-0.00429027250461
3,1,5.42700940919,1.8090031364,-1,2,-1.8090031364,3.61800627279,-0.0186662728094,-0.0191898427256
3,1,5.42700940919,1.8090031364,-1,3,-1.8090031364,5.42700940919,0.00294933701645,0.00848558810803
3,1,5.42700940919,1.8090031364,-1,4,-1.8090031364,7.23601254558,-0.00063564222129,-0.00225797486742
3,1,5.42700940919,1.8090031364,0,-4,0,-7.23601254558,-2.72072919194e-05,-0.00438453747733
3,1,5.42700940919,1.8090031364,0,-3,0,-5.42700940919,-0.0161352024012,0.00160179255706
3,1,5.42700940919,1.8090031364,0,-2,0,-3.61800627279,-0.0109686874707,-0.0210522949529
3,1,5.42700940919,1.8090031364,0,-1,0,-1.8090031364,0.014909482853,0.0212969757204
3,1,5.42700940919,1.8090031364,0,0,0,0,-0.0277258521,0.0279577686026
3,1,5.42700940919,1.8090031364,0,1,0,1.8090031364,0.016427594703,-0.00868271295763
3,1,5.42700940919,1.8090031364,0,2,0,3.61800627279,0.00497213149371,0.0145812244475
3,1,5.42700940919,1.8090031364,0,3,0,5.42700940919,0.00202763549355,0.0196697687106
3,1,5.42700940919,1.8090031364,0,4,0,7.23601254558,-0.00982554999329,0.00522313513897
3,1,5.42700940919,1.8090031364,1,-4,1.8090031364,-7.23601254558,-0.00309140746081,-0.00310917802587
3,1,5.42700940919,1.8090031364,1,-3,1.8090031364,-5.42700940919,0.0138615422436,0.00105920017012
3,1,5.42700940919,1.8090031364,1,-2,1.8090031364,-3.61800627279,-0.01740921404,-0.00898481606492
3,1,5.42700940919,1.8090031364,1,-1,1.8090031364,-1.8090031364,-0.00647039646517,-0.00257694733961
3,1,5.42700940919,1.8090031364,1,0,1.8090031364,0,-0.00863184130439,0.0135426404357
3,1,5.42700940919,1.8090031364,1,1,1.8090031364,1.8090031364,-0.0245196694055,-0.0360859471946
3,1,5.42700940919,1.8090031364,1,2,1.8090031364,3.61800627279,-0.00793895011762,0.00297631741246
3,1,5.42700940919,1.8090031364,1,3,1.8090031364,5.42700940919,-0.00353190046207,0.00164325050377
3,1,5.42700940919,1.8090031364,1,4,1.8090031364,7.23601254558,-0.00226263737086,-0.00260948512413
3,1,5.42700940919,1.8090031364,2,-4,3.61800627279,-7.23601254558,0.00580684282241,-0.000784381116039
3,1,5.42700940919,1.8090031364,2,-3,3.61800627279,-5.42700940919,-0.000217566574102,-0.000321014409107
3,1,5.42700940919,1.8090031364,2,-2,3.61800627279,-3.61800627279,-0.0183883549191,0.00912683561264
3,1,5.42700940919,1.8090031364,2,-1,3.61800627279,-1.8090031364,0.00625986426366,0.0146084919619
3,1,5.42700940919,1.8090031364,2,0,3.61800627279,0,-0.0158262580917,-0.0120650988673
3,1,5.42700940919,1.8090031364,2,1,3.61800627279,1.8090031364,0.00241057061762,-0.00320286530379
3,1,5.42700940919,1.8090031364,2,2,3.61800627279,3.61800627279,-0.0172826760162,-0.00404060883693
3,1,5.42700940919,1.8090031364,2,3,3.61800627279,5.42700940919,0.00037704792289,0.0065220071318
3,1,5.42700940919,1.8090031364,2,4,3.61800627279,7.23601254558,0.00104812879196,0.000465873202495
3,1,5.42700940919,1.8090031364,3,-4,5.42700940919,-7.23601254558,-0.00378546424986,-0.00518370627791
3,1,5.42700940919,1.8090031364,3,-3,5.42700940919,-5.42700940919,0.0109647994421,0.0100188809614
3,1,5.42700940919,1.8090031364,3,-2,5.42700940919,-3.61800627279,0.00951086004231,0.00547787808443
3,1,5.42700940919,1.8090031364,3,-1,5.42700940919,-1.8090031364,-0.00922094680242,0.0129238694127
3,1,5.42700940919,1.8090031364,3,0,5.42700940919,0,0.0038511883688,0.00537344790069
3,1,5.42700940919,1.8090031364,3,1,5.42700940919,1.8090031364,0.12394644144,0
3,1,5.42700940919,1.8090031364,3,2,5.42700940919,3.61800627279,0.00949741723153,0.00294407912959
3,1,5.42700940919,1.8090031364,3,3,5.42700940919,5.42700940919,-0.000440609885391,-0.0157691480896
3,1,5.42700940919,1.8090031364,3,4,5.42700940919,7.23601254558,-0.00281357552432,-0.00370652066452
3,1,5.42700940919,1.8090031364,4,-4,7.23601254558,-7.23601254558,-0.000640994298735,0.000201364197955
3,1,5.42700940919,1.8090031364,4,-3,7.23601254558,-5.42700940919,0.00570184877186,-0.00401026998665
3,1,5.42700940919,1.8090031364,4,-2,7.23601254558,-3.61800627279,-0.00465808702387,-0.00055679697562
3,1,5.42700940919,1.8090031364,4,-1,7.23601254558,-1.8090031364,-0.001106579928,0.00308794534229
3,1,5.42700940919,1.8090031364,4,0,7.23601254558,0,-0.00892595843194,-0.00274829436313
3,1,5.42700940919,1.8090031364,4,1,7.23601254558,1.8090031364,0.00359483441899,0.000762721552571
3,1,5.42700940919,1.8090031364,4,2,7.23601254558,3.61800627279,-0.00584852492309,-0.000272965288407
3,1,5.42700940919,1.8090031364,4,3,7.23601254558,5.42700940919,-0.00780821052727,-0.00436703900144
3,1,5.42700940919,1.8090031364,4,4,7.23601254558,7.23601254558,-0.00194667820649,-0.00348207494273
3,2,5.42700940919,3.61800627279,-4,-4,-7.23601254558,-7.23601254558,-0.000872668482239,0.00441034816109
3,2,5.42700940919,3.61800627279,-4,-3,-7.23601254558,-5.42700940919,-0.00844387059376,0.00222609467612
3,2,5.42700940919,3.61800627279,-4,-2,-7.23601254558,-3.61800627279,0.00870805081829,0.000683625392369
3,2,5.42700940919,3.61800627279,-4,-1,-7.23601254558,-1.8090031364,-0.00403685686861,-0.00150021939053
3,2,5.42700940919,3.61800627279,-4,0,-7.23601254558,0,-0.00388167591437,0.00586331959803
3,2,5.42700940919,3.61800627279,-4,1,-7.23601254558,1.8090031364,-0.0053407177447,-0.0048336210101
3,2,5.42700940919,3.61800627279,-4,2,-7.23601254558,3.61800627279,0.000392790530763,0.00072687618906
3,2,5.42700940919,3.61800627279,-4,3,-7.23601254558,5.42700940919,0.00372323163263,0.00143216194838
3,2,5.42700940919,3.61800627279,-4,4,-7.23601254558,7.23601254558,0.000251367697319,0.00436304431508
3,2,5.42700940919,3.61800627279,-3,-4,-5.42700940919,-7.23601254558,0.00321777154874,0.00453084617928
3,2,5.42700940919,3.61800627279,-3,-3,-5.42700940919,-5.42700940919,-0.00225406702031,-0.00284800190702
3,2,5.42700940919,3.61800627279,-3,-2,-5.42700940919,-3.61800627279,0.00180943803424,0.00225531734701
3,2,5.42700940919,3.61800627279,-3,-1,-5.42700940919,-1.8090031364,0.00487955390997,-0.00773109107612
3,2,5.42700940919,3.61800627279,-3,0,-5.42700940919,0,-0.005721233686,-0.000405102620037
3,2,5.42700940919,3.61800627279,-3,1,-5.42700940919,1.8090031364,0.00584197786362,-0.00225190596012
3,2,5.42700940919,3.61800627279,-3,2,-5.42700940919,3.61800627279,0.0114323683508,-0.000167058867629
3,2,5.42700940919,3.61800627279,-3,3,-5.42700940919,5.42700940919,0.00282185645483,-0.00410496246676
3,2,5.42700940919,3.61800627279,-3,4,-5.42700940919,7.23601254558,0.00149348135475,-0.00453289345382
3,2,5.42700940919,3.61800627279,-2,-4,-3.61800627279,-7.23601254558,-0.00130697304834,0.00754841610647
3,2,5.42700940919,3.61800627279,-2,-3,-3.61800627279,-5.42700940919,-0.00804485660803,0.00377135169386
3,2,5.42700940919,3.61800627279,-2,-2,-3.61800627279,-3.61800627279,-0.00412868601844,-0.0105832774184
3,2,5.42700940919,3.61800627279,-2,-1,-3.61800627279,-1.8090031364,0.0140078662095,0.0198969573557
3,2,5.42700940919,3.61800627279,-2,0,-3.61800627279,0,0.00781897752044,0.000805310093579
3,2,5.42700940919,3.61800627279,-2,1,-3.61800627279,1.8090031364,0.00852348845056,-0.00876756226584
3,2,5.42700940919,3.61800627279,-2,2,-3.61800627279,3.61800627279,-0.000937437940401,-0.00699453973519
3,2,5.42700940919,3.61800627279,-2,3,-3.61800627279,5.42700940919,0.00132783028577,-0.00420678899507
3,2,5.42700940919,3.61800627279,-2,4,-3.61800627279,7.23601254558,-0.00382184126711,0.00582400737794
3,2,5.42700940919,3.61800627279,-1,-4,-1.8090031364,-7.23601254558,0.00580737472068,0.00700899922683
3,2,5.42700940919,3.61800627279,-1,-3,-1.8090031364,-5.42700940919,0.00248153043913,-0.0116906780963
3,2,5.42700940919,3.61800627279,-1,-2,-1.8090031364,-3.61800627279,-0.0125397796682,-0.00448366236049
3,2,5.42700940919,3.61800627279,-1,-1,-1.8090031364,-1.8090031364,-0.000962196299703,-0.0105097991939
3,2,5.42700940919,3.61800627279,-1,0,-1.8090031364,0,-0.0285355697485,-0.00895414757943
3,2,5.42700940919,3.61800627279,-1,1,-1.8090031364,1.8090031364,0.00652895430532,0.0119198047892
3,2,5.42700940919,3.61800627279,-1,2,-1.8090031364,3.61800627279,-0.0114854942376,-0.00639476356865
3,2,5.42700940919,3.61800627279,-1,3,-1.8090031364,5.42700940919,-0.0101499741462,-0.0027766975823
3,2,5.42700940919,3.61800627279,-1,4,-1.8090031364,7.23601254558,-0.000773065842213,0.00366963817001
3,2,5.42700940919,3.61800627279,0,-4,0,-7.23601254558,-0.000836095517583,0.00128148814904
3,2,5.42700940919,3.61800627279,0,-3,0,-5.42700940919,0.00247525125757,0.000759745534507
3,2,5.42700940919,3.61800627279,0,-2,0,-3.61800627279,-0.0257647516427,0.0041437359375
3,2,5.42700940919,3.61800627279,0,-1,0,-1.8090031364,-0.0104588732208,-0.0304268456276
3,2,5.42700940919,3.61800627279,0,0,0,0,0.0260852142515,0.013747473087
3,2,5.42700940919,3.61800627279,0,1,0,1.8090031364,-0.028277490856,0.026165073188
3,2,5.42700940919,3.61800627279,0,2,0,3.61800627279,0.00878410660976,0.00350249025587
3,2,5.42700940919,3.61800627279,0,3,0,5.42700940919,-0.00021643430475,0.00412776454366
3,2,5.42700940919,3.61800627279,0,4,0,7.23601254558,-0.000202005890974,0.00793902298162
3,2,5.42700940919,3.61800627279,1,-4,1.8090031364,-7.23601254558,-0.00111012291763,-0.00274751296186
3,2,5.42700940919,3.61800627279,1,-3,1.8090031364,-5.42700940919,4.23861978053e-05,-0.00415671712023
3,2,5.42700940919,3.61800627279,1,-2,1.8090031364,-3.61800627279,0.0219139775155,0.000863092497701
3,2,5.42700940919,3.61800627279,1,-1,1.8090031364,-1.8090031364,-0.0206686047715,-0.0167405506451
3,2,5.42700940919,3.61800627279,1,0,1.8090031364,0,-0.0103189857003,0.000629168844875
3,2,5.42700940919,3.61800627279,1,1,1.8090031364,1.8090031364,-0.0081724866234,0.00896333780658
3,2,5.42700940919,3.61800627279,1,2,1.8090031364,3.61800627279,-0.0186523545049,-0.0212252067905
3,2,5.42700940919,3.61800627279,1,3,1.8090031364,5.42700940919,-0.00748089122936,0.00147112475615
3,2,5.42700940919,3.61800627279,1,4,1.8090031364,7.23601254558,0.000386993210025,-0.00077351044477
3,2,5.42700940919,3.61800627279,2,-4,3.61800627279,-7.23601254558,-0.00890162105211,0.0061649229798
3,2,5.42700940919,3.61800627279,2,-3,3.61800627279,-5.42700940919,0.00667585967574,-0.000979514108218
3,2,5.42700940919,3.61800627279,2,-2,3.61800627279,-3.61800627279,-0.000561805771358,0.000297904855908
3,2,5.42700940919,3.61800627279,2,-1,3.61800627279,-1.8090031364,-0.0188456078381,0.0124566263327
3,2,5.42700940919,3.61800627279,2,0,3.61800627279,0,-0.0034274317285,0.0172081386977
3,2,5.42700940919,3.61800627279,2,1,3.61800627279,1.8090031364,-0.01167793584,-0.00614153905594
3,2,5.42700940919,3.61800627279,2,2,3.61800627279,3.61800627279,0.00751374735441,-0.00410294494245
3,2,5.42700940919,3.61800627279,2,3,3.61800627279,5.42700940919,-0.00882230555113,-0.00288953489098
3,2,5.42700940919,3.61800627279,2,4,3.61800627279,7.23601254558,0.000964050899282,0.0012285127262
3,2,5.42700940919,3.61800627279,3,-4,5.42700940919,-7.23601254558,0.000157345728559,0.00367715958799
3,2,5.42700940919,3.61800627279,3,-3,5.42700940919,-5.42700940919,-0.00442040554572,-0.00678622172591
3,2,5.42700940919,3.61800627279,3,-2,5.42700940919,-3.61800627279,0.00580009881662,0.00891186084388
3,2,5.42700940919,3.61800627279,3,-1,5.42700940919,-1.8090031364,0.00686457446407,0.00308076168048
3,2,5.42700940919,3.61800627279,3,0,5.42700940919,0,-0.00268074414677,0.0171012200345
3,2,5.42700940919,3.61800627279,3,1,5.42700940919,1.8090031364,0.00949741723153,-0.00294407912959
3,2,5.42700940919,3.61800627279,3,2,5.42700940919,3.61800627279,0.0652778997976,0
3,2,5.42700940919,3.61800627279,3,3,5.42700940919,5.42700940919,0.00654757961998,0.00598957515378
3,2,5.42700940919,3.61800627279,3,4,5.42700940919,7.23601254558,-0.00161486182109,-0.00633440102776
3,2,5.42700940919,3.61800627279,4,-4,7.23601254558,-7.23601254558,-0.000475553308719,-0.00367180139657
3,2,5.42700940919,3.61800627279,4,-3,7.23601254558,-5.42700940919,0.00180237212701,0.000973527107918
3,2,5.42700940919,3.61800627279,4,-2,7.23601254558,-3.61800627279,0.00660671735879,-0.00554869836912
3,2,5.42700940919,3.61800627279,4,-1,7.23601254558,-1.8090031364,-0.000921388761334,0.00189369723796
3,2,5.42700940919,3.61800627279,4,0,7.23601254558,0,-0.000375652778634,-0.000412926712045
3,2,5.42700940919,3.61800627279,4,1,7.23601254558,1.8090031364,-0.00748982306012,0.00445568545177
3,2,5.42700940919,3.61800627279,4,2,7.23601254558,3.61800627279,0.00573101546011,0.00379152243174
3,2,5.42700940919,3.61800627279,4,3,7.23601254558,5.42700940919,-0.00147976975037,-0.00352958481734
3,2,5.42700940919,3.61800627279,4,4,7.23601254558,7.23601254558,-0.00352632669694,0.000144656078027
3,3,5.42700940919,5.42700940919,-4,-4,-7.23601254558,-7.23601254558,0.00457760996972,0.000259212554657
3,3,5.42700940919,5.42700940919,-4,-3,-7.23601254558,-5.42700940919,-0.00541043343276,0.00216555981271
3,3,5.42700940919,5.42700940919,-4,-2,-7.23601254558,-3.61800627279,-0.00670549880794,0.00113403822793
3,3,5.42700940919,5.42700940919,-4,-1,-7.23601254558,-1.8090031364,0.00221997922061,-0.000608844480888
3,3,5.42700940919,5.42700940919,-4,0,-7.23601254558,0,-0.000914966966024,0.00366692272027
3,3,5.42700940919,5.42700940919,-4,1,-7.23601254558,1.8090031364,0.00374438064422,0.000734143870949
3,3,5.42700940919,5.42700940919,-4,2,-7.23601254558,3.61800627279,-0.00457130528809,-0.00182227800434
3,3,5.42700940919,5.42700940919,-4,3,-7.23601254558,5.42700940919,0.00174302212848,-0.00171129777752
3,3,5.42700940919,5.42700940919,-4,4,-7.23601254558,7.23601254558,0.000908155086332,0.00209708825845
3,3,5.42700940919,5.42700940919,-3,-4,-5.42700940919,-7.23601254558,-0.00276808328752,0.0020523737633
3,3,5.42700940919,5.42700940919,-3,-3,-5.42700940919,-5.42700940919,0.00259184607428,0.00207609941073
3,3,5.42700940919,5.42700940919,-3,-2,-5.42700940919,-3.61800627279,-0.00225406702031,-0.00284800190702
3,3,5.42700940919,5.42700940919,-3,-1,-5.42700940919,-1.8090031364,0.00246384734356,0.00387488908883
3,3,5.42700940919,5.42700940919,-3,0,-5.42700940919,0,0.00546672744016,-0.00572504926138
3,3,5.42700940919,5.42700940919,-3,1,-5.42700940919,1.8090031364,0.000161796165198,0.00170481374788
3,3,5.42700940919,5.42700940919,-3,2,-5.42700940919,3.61800627279,0.00399061184652,0.000943073729761
3,3,5.42700940919,5.42700940919,-3,3,-5.42700940919,5.42700940919,0.00349419330133,0.000337234953566
3,3,5.42700940919,5.42700940919,-3,4,-5.42700940919,7.23601254558,-9.74791483102e-05,0.00188772522266
3,3,5.42700940919,5.42700940919,-2,-4,-3.61800627279,-7.23601254558,0.00256554735043,-0.00185441979325
3,3,5.42700940919,5.42700940919,-2,-3,-3.61800627279,-5.42700940919,0.00174215697391,0.00570461136096
3,3,5.42700940919,5.42700940919,-2,-2,-3.61800627279,-3.61800627279,-0.00814950960941,0.00735644704721
3,3,5.42700940919,5.42700940919,-2,-1,-3.61800627279,-1.8090031364,-0.00809643643824,-0.0113276404868
3,3,5.42700940919,5.42700940919,-2,0,-3.61800627279,0,0.0191513845882,0.019828428247
3,3,5.42700940919,5.42700940919,-2,1,-3.61800627279,1.8090031364,0.00470518469475,-0.000718036763009
3,3,5.42700940919,5.42700940919,-2,2,-3.61800627279,3.61800627279,0.00220853932451,-0.000571689510804
3,3,5.42700940919,5.42700940919,-2,3,-3.61800627279,5.42700940919,0.00257275078035,-0.00235007963378
3,3,5.42700940919,5.42700940919,-2,4,-3.61800627279,7.23601254558,0.000987332892774,-0.00670821428505
3,3,5.42700940919,5.42700940919,-1,-4,-1.8090031364,-7.23601254558,0.00465136757912,0.00200686963706
3,3,5.42700940919,5.42700940919,-1,-3,-1.8090031364,-5.42700940919,0.00489822112157,0.00994243558573
3,3,5.42700940919,5.42700940919,-1,-2,-1.8090031364,-3.61800627279,0.00684014899319,-0.0073391150988
3,3,5.42700940919,5.42700940919,-1,-1,-1.8090031364,-1.8090031364,-0.0105088956765,-0.0152494181254
3,3,5.42700940919,5.42700940919,-1,0,-1.8090031364,0,-0.0101544799588,-0.00524477645385
3,3,5.42700940919,5.42700940919,-1,1,-1.8090031364,1.8090031364,-0.0214921102756,0.00215162473733
3,3,5.42700940919,5.42700940919,-1,2,-1.8090031364,3.61800627279,0.00555277408495,0.000968895109753
3,3,5.42700940919,5.42700940919,-1,3,-1.8090031364,5.42700940919,-0.00344171244366,-0.00435890120517
3,3,5.42700940919,5.42700940919,-1,4,-1.8090031364,7.23601254558,-0.00334519820031,-0.00144262465822
3,3,5.42700940919,5.42700940919,0,-4,0,-7.23601254558,0.00506295556238,0.00389248220282
3,3,5.42700940919,5.42700940919,0,-3,0,-5.42700940919,0.000182937157208,0.00162127981777
3,3,5.42700940919,5.42700940919,0,-2,0,-3.61800627279,0.0093619318008,-0.00650590331647
3,3,5.42700940919,5.42700940919,0,-1,0,-1.8090031364,-0.0438858888971,0.00506139615866
3,3,5.42700940919,5.42700940919,0,0,0,0,-0.00649633172929,-0.0268171178485
3,3,5.42700940919,5.42700940919,0,1,0,1.8090031364,0.017941626761,-0.00204453992308
3,3,5.42700940919,5.42700940919,0,2,0,3.61800627279,-0.0175069209999,0.0133189002045
3,3,5.42700940919,5.42700940919,0,3,0,5.42700940919,0.00627893258917,0.00230326009794
3,3,5.42700940919,5.42700940919,0,4,0,7.23601254558,-0.00265009733156,0.0051025115233
3,3,5.42700940919,5.42700940919,1,-4,1.8090031364,-7.23601254558,-0.00242393369524,-0.00160111537528
3,3,5.42700940919,5.42700940919,1,-3,1.8090031364,-5.42700940919,0.0018944822048,-0.00435268196972
3,3,5.42700940919,5.42700940919,1,-2,1.8090031364,-3.61800627279,-0.00100268290921,-0.00341442549881
3,3,5.42700940919,5.42700940919,1,-1,1.8090031364,-1.8090031364,0.0242415813507,0.000586370253581
3,3,5.42700940919,5.42700940919,1,0,1.8090031364,0,-0.0196484870277,-0.0209061833212
3,3,5.42700940919,5.42700940919,1,1,1.8090031364,1.8090031364,-0.00358906274606,0.00689337638874
3,3,5.42700940919,5.42700940919,1,2,1.8090031364,3.61800627279,-0.0026746361127,0.00471290769118
3,3,5.42700940919,5.42700940919,1,3,1.8090031364,5.42700940919,-0.0150242378876,-0.00642871796009
3,3,5.42700940919,5.42700940919,1,4,1.8090031364,7.23601254558,-0.00210113831231,-0.00144021646389
3,3,5.42700940919,5.42700940919,2,-4,3.61800627279,-7.23601254558,-0.000288301843003,-0.00232901057668
3,3,5.42700940919,5.42700940919,2,-3,3.61800627279,-5.42700940919,-0.00970617637193,0.00409149403322
3,3,5.42700940919,5.42700940919,2,-2,3.61800627279,-3.61800627279,0.00956110863492,-0.00333908108517
3,3,5.42700940919,5.42700940919,2,-1,3.61800627279,-1.8090031364,-0.00214923043695,0.00248308771936
3,3,5.42700940919,5.42700940919,2,0,3.61800627279,0,-0.0153659498675,0.0075294519807
3,3,5.42700940919,5.42700940919,2,1,3.61800627279,1.8090031364,-0.00860205381417,0.0163529820764
3,3,5.42700940919,5.42700940919,2,2,3.61800627279,3.61800627279,-0.00550716440268,-0.000556206864443
3,3,5.42700940919,5.42700940919,2,3,3.61800627279,5.42700940919,0.00149547908752,0.00045504578968
3,3,5.42700940919,5.42700940919,2,4,3.61800627279,7.23601254558,-0.0038675510572,-0.00342501566678
3,3,5.42700940919,5.42700940919,3,-4,5.42700940919,-7.23601254558,-0.000759356075768,0.0084755118909
3,3,5.42700940919,5.42700940919,3,-3,5.42700940919,-5.42700940919,0.00071312414194,0.00648981666147
3,3,5.42700940919,5.42700940919,3,-2,5.42700940919,-3.61800627279,-0.00227773441825,-0.00296346791656
3,3,5.42700940919,5.42700940919,3,-1,5.42700940919,-1.8090031364,0.0068657347427,0.00359984921593
3,3,5.42700940919,5.42700940919,3,0,5.42700940919,0,-0.00441136444287,0.00524051153233
3,3,5.42700940919,5.42700940919,3,1,5.42700940919,1.8090031364,-0.000440609885391,0.0157691480896
3,3,5.42700940919,5.42700940919,3,2,5.42700940919,3.61800627279,0.00654757961998,-0.00598957515378
3,3,5.42700940919,5.42700940919,3,3,5.42700940919,5.42700940919,0.0312364937802,0
3,3,5.42700940919,5.42700940919,3,4,5.42700940919,7.23601254558,0.000560610255302,0.00123768441425
3,3,5.42700940919,5.42700940919,4,-4,7.23601254558,-7.23601254558,0.0017742032353,-0.00185337866377
3,3,5.42700940919,5.42700940919,4,-3,7.23601254558,-5.42700940919,-0.00470235526232,-4.8859910453e-05
3,3,5.42700940919,5.42700940919,4,-2,7.23601254558,-3.61800627279,-6.40962524054e-05,-0.00425297172529
3,3,5.42700940919,5.42700940919,4,-1,7.23601254558,-1.8090031364,-0.00334288599921,-0.00293831014122
3,3,5.42700940919,5.42700940919,4,0,7.23601254558,0,0.00229541740448,0.00454558547979
3,3,5.42700940919,5.42700940919,4,1,7.23601254558,1.8090031364,-0.00029695493071,-0.00311920142168
3,3,5.42700940919,5.42700940919,4,2,7.23601254558,3.61800627279,-0.00117732537758,0.000792023216919
3,3,5.42700940919,5.42700940919,4,3,7.23601254558,5.42700940919,0.00286859322974,0.0021832912254
3,3,5.42700940919,5.42700940919,4,4,7.23601254558,7.23601254558,-0.00195923927251,0.000410702845131
3,4,5.42700940919,7.23601254558,-4,-4,-7.23601254558,-7.23601254558,0.00123890392016,0.00197489186435
3,4,5.42700940919,7.23601254558,-4,-3,-7.23601254558,-5.42700940919,0.00521327349945,0.000732258428764
3,4,5.42700940919,7.23601254558,-4,-2,-7.23601254558,-3.61800627279,-0.0033791618958,0.0021177892628
3,4,5.42700940919,7.23601254558,-4,-1,-7.23601254558,-1.8090031364,-0.00276281371806,0.000705442120019
3,4,5.42700940919,7.23601254558,-4,0,-7.23601254558,0,-0.00534976414289,-0.00077912461409
3,4,5.42700940919,7.23601254558,-4,1,-7.23601254558,1.8090031364,0.00280802995036,0.0035896858423
3,4,5.42700940919,7.23601254558,-4,2,-7.23601254558,3.61800627279,0.00265737695372,0.0012193378294
3,4,5.42700940919,7.23601254558,-4,3,-7.23601254558,5.42700940919,-0.00332046719326,-0.00240424904865
3,4,5.42700940919,7.23601254558,-4,4,-7.23601254558,7.23601254558,0.00318267254162,-0.00471035378911
3,4,5.42700940919,7.23601254558,-3,-4,-5.42700940919,-7.23601254558,-0.00034127623692,-0.0019277724103
3,4,5.42700940919,7.23601254558,-3,-3,-5.42700940919,-5.42700940919,-0.00276808328752,0.0020523737633
3,4,5.42700940919,7.23601254558,-3,-2,-5.42700940919,-3.61800627279,0.00321777154874,0.00453084617928
3,4,5.42700940919,7.23601254558,-3,-1,-5.42700940919,-1.8090031364,-0.00476774981992,-0.00794237298547
3,4,5.42700940919,7.23601254558,-3,0,-5.42700940919,0,0.0035905262806,0.00301803920265
3,4,5.42700940919,7.23601254558,-3,1,-5.42700940919,1.8090031364,0.00337541978583,-0.00335553368099
3,4,5.42700940919,7.23601254558,-3,2,-5.42700940919,3.61800627279,0.00237482780753,0.0011764415854
3,4,5.42700940919,7.23601254558,-3,3,-5.42700940919,5.42700940919,0.00159998309465,-0.00182407510388
3,4,5.42700940919,7.23601254558,-3,4,-5.42700940919,7.23601254558,0.00310555814462,0.000921053328628
3,4,5.42700940919,7.23601254558,-2,-4,-3.61800627279,-7.23601254558,-0.000888304019511,-0.00140783082288
3,4,5.42700940919,7.23601254558,-2,-3,-3.61800627279,-5.42700940919,-0.00114374866246,-0.00289621551545
3,4,5.42700940919,7.23601254558,-2,-2,-3.61800627279,-3.61800627279,-0.000815375722162,0.00698379578448
3,4,5.42700940919,7.23601254558,-2,-1,-3.61800627279,-1.8090031364,-0.0199126887604,0.00259467502988
3,4,5.42700940919,7.23601254558,-2,0,-3.61800627279,0,-0.0120605119939,-0.00936341225844
3,4,5.42700940919,7.23601254558,-2,1,-3.61800627279,1.8090031364,0.0179538312306,0.0155972544589
3,4,5.42700940919,7.23601254558,-2,2,-3.61800627279,3.61800627279,0.00404753988936,0.000283714021707
3,4,5.42700940919,7.23601254558,-2,3,-3.61800627279,5.42700940919,-0.00494095271181,0.00260165959139
3,4,5.42700940919,7.23601254558,-2,4,-3.61800627279,7.23601254558,0.00550683603455,0.00272224030745
3,4,5.42700940919,7.23601254558,-1,-4,-1.8090031364,-7.23601254558,0.00250393596857,-0.00401356674399
3,4,5.42700940919,7.23601254558,-1,-3,-1.8090031364,-5.42700940919,0.00464805464646,0.000954250029693
3,4,5.42700940919,7.23601254558,-1,-2,-1.8090031364,-3.61800627279,0.00739923567147,0.0132460465561
3,4,5.42700940919,7.23601254558,-1,-1,-1.8090031364,-1.8090031364,0.0059350882473,0.00746528681292
3,4,5.42700940919,7.23601254558,-1,0,-1.8090031364,0,-0.006854840967,-0.0290331690703
3,4,5.42700940919,7.23601254558,-1,1,-1.8090031364,1.8090031364,-0.0110962941078,-0.00369867361309
3,4,5.42700940919,7.23601254558,-1,2,-1.8090031364,3.61800627279,-0.0116114284274,0.00448105408281
3,4,5.42700940919,7.23601254558,-1,3,-1.8090031364,5.42700940919,-0.00493250579984,0.00394664359666
3,4,5.42700940919,7.23601254558,-1,4,-1.8090031364,7.23601254558,0.00403970575577,-0.0027083430643
3,4,5.42700940919,7.23601254558,0,-4,0,-7.23601254558,3.33204330547e-05,0.00452202305416
3,4,5.42700940919,7.23601254558,0,-3,0,-5.42700940919,0.00576417177759,0.00537420250553
3,4,5.42700940919,7.23601254558,0,-2,0,-3.61800627279,0.00699308939966,0.0135449007434
3,4,5.42700940919,7.23601254558,0,-1,0,-1.8090031364,0.0156674151272,-0.024105766537
3,4,5.42700940919,7.23601254558,0,0,0,0,-0.0547399188455,0.00883212997546
3,4,5.42700940919,7.23601254558,0,1,0,1.8090031364,-0.00667581761592,-0.0109759216191
3,4,5.42700940919,7.23601254558,0,2,0,3.61800627279,0.0103576832162,-0.00340644801409
3,4,5.42700940919,7.23601254558,0,3,0,5.42700940919,-0.00508031911336,0.00689541987507
3,4,5.42700940919,7.23601254558,0,4,0,7.23601254558,0.00477413100668,-0.00192805362173
3,4,5.42700940919,7.23601254558,1,-4,1.8090031364,-7.23601254558,0.00190970249157,0.00282961481299
3,4,5.42700940919,7.23601254558,1,-3,1.8090031364,-5.42700940919,-0.00358186006981,0.00435243869678
3,4,5.42700940919,7.23601254558,1,-2,1.8090031364,-3.61800627279,7.16306655681e-05,-0.00861661945734
3,4,5.42700940919,7.23601254558,1,-1,1.8090031364,-1.8090031364,-0.00416644151859,-0.00913146454112
3,4,5.42700940919,7.23601254558,1,0,1.8090031364,0,0.025928874376,0.0051194757012
3,4,5.42700940919,7.23601254558,1,1,1.8090031364,1.8090031364,-0.0246606761201,-0.0105281148697
3,4,5.42700940919,7.23601254558,1,2,1.8090031364,3.61800627279,0.00432249832584,0.000431145108098
3,4,5.42700940919,7.23601254558,1,3,1.8090031364,5.42700940919,0.00349807089762,0.00117492246899
3,4,5.42700940919,7.23601254558,1,4,1.8090031364,7.23601254558,-0.00704155785698,-0.00533394195582
3,4,5.42700940919,7.23601254558,2,-4,3.61800627279,-7.23601254558,0.00166410805108,-0.00216597094261
3,4,5.42700940919,7.23601254558,2,-3,3.61800627279,-5.42700940919,0.00188652623698,-0.00311188619335
3,4,5.42700940919,7.23601254558,2,-2,3.61800627279,-3.61800627279,-0.0046078067637,0.00340104151599
3,4,5.42700940919,7.23601254558,2,-1,3.61800627279,-1.8090031364,0.00340883773162,-0.00423490918691
3,4,5.42700940919,7.23601254558,2,0,3.61800627279,0,-0.00174557420295,0.0031153712682
3,4,5.42700940919,7.23601254558,2,1,3.61800627279,1.8090031364,-0.00740280894272,0.00693417619079
3,4,5.42700940919,7.23601254558,2,2,3.61800627279,3.61800627279,-0.00365703804314,0.00577540186091
3,4,5.42700940919,7.23601254558,2,3,3.61800627279,5.42700940919,-0.00294546272982,-0.00208169557419
3,4,5.42700940919,7.23601254558,2,4,3.61800627279,7.23601254558,1.23376716876e-05,0.000994155286876
3,4,5.42700940919,7.23601254558,3,-4,5.42700940919,-7.23601254558,-0.00439931958301,-0.00391054872872
3,4,5.42700940919,7.23601254558,3,-3,5.42700940919,-5.42700940919,-0.000640783719816,0.000714879977159
3,4,5.42700940919,7.23601254558,3,-2,5.42700940919,-3.61800627279,-0.00659902443197,0.00682777660945
3,4,5.42700940919,7.23601254558,3,-1,5.42700940919,-1.8090031364,-0.00195667527713,0.00140974228691
3,4,5.42700940919,7.23601254558,3,0,5.42700940919,0,0.012785363277,-0.00291894885776
3,4,5.42700940919,7.23601254558,3,1,5.42700940919,1.8090031364,-0.00281357552432,0.00370652066452
3,4,5.42700940919,7.23601254558,3,2,5.42700940919,3.61800627279,-0.00161486182109,0.00633440102776
3,4,5.42700940919,7.23601254558,3,3,5.42700940919,5.42700940919,0.000560610255302,-0.00123768441425
3,4,5.42700940919,7.23601254558,3,4,5.42700940919,7.23601254558,0.0132456728081,0
3,4,5.42700940919,7.23601254558,4,-4,7.23601254558,-7.23601254558,-0.00185944505945,-0.000489945389106
3,4,5.42700940919,7.23601254558,4,-3,7.23601254558,-5.42700940919,-0.00150188772304,0.000172719525969
3,4,5.42700940919,7.23601254558,4,-2,7.23601254558,-3.61800627279,-0.00243193752352,0.00225553210272
3,4,5.42700940919,7.23601254558,4,-1,7.23601254558,-1.8090031364,0.00243013839399,-0.00518733625323
3,4,5.42700940919,7.23601254558,4,0,7.23601254558,0,-0.00666185244943,-0.000589842649463
3,4,5.42700940919,7.23601254558,4,1,7.23601254558,1.8090031364,0.000134736369549,0.00329649900682
3,4,5.42700940919,7.23601254558,4,2,7.23601254558,3.61800627279,-0.00122558468854,-0.000417869561334
3,4,5.42700940919,7.23601254558,4,3,7.23601254558,5.42700940919,0.00092902361982,0.00123197762892
3,4,5.42700940919,7.23601254558,4,4,7.23601254558,7.23601254558,-0.00136472874038,-0.00204573820915
4,-4,7.23601254558,-7.23601254558,-4,-4,-7.23601254558,-7.23601254558,-0.00152121903806,0.00262893978734
4,-4,7.23601254558,-7.23601254558,-4,-3,-7.23601254558,-5.42700940919,0.00058027946134,-0.00245490079037
4,-4,7.23601254558,-7.23601254558,-4,-2,-7.23601254558,-3.61800627279,0.00534282727056,0.00301911150288
4,-4,7.23601254558,-7.23601254558,-4,-1,-7.23601254558,-1.8090031364,-0.00306437796025,-0.00334438040742
4,-4,7.23601254558,-7.23601254558,-4,0,-7.23601254558,0,-0.00486361611301,0.000849759174839
4,-4,7.23601254558,-7.23601254558,-4,1,-7.23601254558,1.8090031364,0.00307296017887,0.00247324622626
4,-4,7.23601254558,-7.23601254558,-4,2,-7.23601254558,3.61800627279,0.00215153146875,0.00537036593394
4,-4,7.23601254558,-7.23601254558,-4,3,-7.23601254558,5.42700940919,-0.000627633119517,0.000895171420189
4,-4,7.23601254558,-7.23601254558,-4,4,-7.23601254558,7.23601254558,-0.00661376383742,-0.00220817031804
4,-4,7.23601254558,-7.23601254558,-3,-4,-5.42700940919,-7.23601254558,0.00318267254162,-0.00471035378911
4,-4,7.23601254558,-7.23601254558,-3,-3,-5.42700940919,-5.42700940919,0.000908155086332,0.00209708825845
4,-4,7.23601254558,-7.23601254558,-3,-2,-5.42700940919,-3.61800627279,0.000251367697319,0.00436304431508
4,-4,7.23601254558,-7.23601254558,-3,-1,-5.42700940919,-1.8090031364,-0.00182040665739,0.00504875252348
4,-4,7.23601254558,-7.23601254558,-3,0,-5.42700940919,0,-0.002206218054,-0.00122793256513
4,-4,7.23601254558,-7.23601254558,-3,1,-5.42700940919,1.8090031364,-0.00150264132059,0.00351100721105
4,-4,7.23601254558,-7.23601254558,-3,2,-5.42700940919,3.61800627279,-0.0017959533183,-0.003036489053
4,-4,7.23601254558,-7.23601254558,-3,3,-5.42700940919,5.42700940919,-0.006181144111,0.000630215437934
4,-4,7.23601254558,-7.23601254558,-3,4,-5.42700940919,7.23601254558,0.00169695853669,-0.00247704111094
4,-4,7.23601254558,-7.23601254558,-2,-4,-3.61800627279,-7.23601254558,0.000964905458511,-0.00180218771914
4,-4,7.23601254558,-7.23601254558,-2,-3,-3.61800627279,-5.42700940919,-0.00260461539151,0.002283138589
4,-4,7.23601254558,-7.23601254558,-2,-2,-3.61800627279,-3.61800627279,-0.000161999806678,-0.00452820501554
4,-4,7.23601254558,-7.23601254558,-2,-1,-3.61800627279,-1.8090031364,0.0157616792916,-0.015460281873
4,-4,7.23601254558,-7.23601254558,-2,0,-3.61800627279,0,-0.000402295910348,0.00504433885923
4,-4,7.23601254558,-7.23601254558,-2,1,-3.61800627279,1.8090031364,0.00212726338806,-0.00018176580556
4,-4,7.23601254558,-7.23601254558,-2,2,-3.61800627279,3.61800627279,-0.00632414998657,-0.0106187157455
4,-4,7.23601254558,-7.23601254558,-2,3,-3.61800627279,5.42700940919,0.000986492592776,0.002262845361
4,-4,7.23601254558,-7.23601254558,-2,4,-3.61800627279,7.23601254558,0.00214206173888,0.000220568517647
4,-4,7.23601254558,-7.23601254558,-1,-4,-1.8090031364,-7.23601254558,0.00213174784287,-0.000288200158477
4,-4,7.23601254558,-7.23601254558,-1,-3,-1.8090031364,-5.42700940919,-0.00300200548719,-0.000376053300881
4,-4,7.23601254558,-7.23601254558,-1,-2,-1.8090031364,-3.61800627279,-0.00702201350358,0.0121795865258
4,-4,7.23601254558,-7.23601254558,-1,-1,-1.8090031364,-1.8090031364,0.0194197623143,-0.00444832421856
4,-4,7.23601254558,-7.23601254558,-1,0,-1.8090031364,0,-0.00858447029879,-0.0182766826593
4,-4,7.23601254558,-7.23601254558,-1,1,-1.8090031364,1.8090031364,9.52882319587e-05,0.0265510487112
4,-4,7.23601254558,-7.23601254558,-1,2,-1.8090031364,3.61800627279,0.00137812434749,-0.00183889156152
4,-4,7.23601254558,-7.23601254558,-1,3,-1.8090031364,5.42700940919,0.0064726316857,0.00188682230575
4,-4,7.23601254558,-7.23601254558,-1,4,-1.8090031364,7.23601254558,0.00515362339505,-0.00407022556581
4,-4,7.23601254558,-7.23601254558,0,-4,0,-7.23601254558,-0.00369039389519,-0.000542233265289
4,-4,7.23601254558,-7.23601254558,0,-3,0,-5.42700940919,-0.00331291375288,-0.00535628539752
4,-4,7.23601254558,-7.23601254558,0,-2,0,-3.61800627279,0.00632070091539,0.00487242467779
4,-4,7.23601254558,-7.23601254558,0,-1,0,-1.8090031364,0.0141775918152,8.80062254029e-05
4,-4,7.23601254558,-7.23601254558,0,0,0,0,0.00863978202309,0.0369517174853
4,-4,7.23601254558,-7.23601254558,0,1,0,1.8090031364,-0.00569146944326,0.00629106817496
4,-4,7.23601254558,-7.23601254558,0,2,0,3.61800627279,-0.0032705799451,-0.00606563090185
4,-4,7.23601254558,-7.23601254558,0,3,0,5.42700940919,-0.0129463805264,-0.00097074121412
4,-4,7.23601254558,-7.23601254558,0,4,0,7.23601254558,-0.00157281103681,0.000383769022956
4,-4,7.23601254558,-7.23601254558,1,-4,1.8090031364,-7.23601254558,0.00055795803044,0.000380908107315
4,-4,7.23601254558,-7.23601254558,1,-3,1.8090031364,-5.42700940919,0.00311528197774,0.00256538986837
4,-4,7.23601254558,-7.23601254558,1,-2,1.8090031364,-3.61800627279,-0.00225659132076,0.00696839515007
4,-4,7.23601254558,-7.23601254558,1,-1,1.8090031364,-1.8090031364,-0.0281863040929,0.00724590105095
4,-4,7.23601254558,-7.23601254558,1,0,1.8090031364,0,0.00341214823271,0.000921934860517
4,-4,7.23601254558,-7.23601254558,1,1,1.8090031364,1.8090031364,-0.0213700352655,0.00617913980495
4,-4,7.23601254558,-7.23601254558,1,2,1.8090031364,3.61800627279,-0.00123604165419,0.00601186737455
4,-4,7.23601254558,-7.23601254558,1,3,1.8090031364,5.42700940919,-0.000410518785091,0.00901079923017
4,-4,7.23601254558,-7.23601254558,1,4,1.8090031364,7.23601254558,0.00774389695712,-0.00178153507547
4,-4,7.23601254558,-7.23601254558,2,-4,3.61800627279,-7.23601254558,-0.00139770373235,0.000114805007683
4,-4,7.23601254558,-7.23601254558,2,-3,3.61800627279,-5.42700940919,-0.0043965272782,-0.000485442776933
4,-4,7.23601254558,-7.23601254558,2,-2,3.61800627279,-3.61800627279,-0.00257731765586,-0.00189962593158
4,-4,7.23601254558,-7.23601254558,2,-1,3.61800627279,-1.8090031364,-0.00319591470008,-0.000864002540066
4,-4,7.23601254558,-7.23601254558,2,0,3.61800627279,0,0.00463317076633,-0.00102545355868
4,-4,7.23601254558,-7.23601254558,2,1,3.61800627279,1.8090031364,0.00301418572733,0.00546131394999
4,-4,7.23601254558,-7.23601254558,2,2,3.61800627279,3.61800627279,0.00547094023025,-0.00635766696658
4,-4,7.23601254558,-7.23601254558,2,3,3.61800627279,5.42700940919,0.00413915569167,-0.000922983664397
4,-4,7.23601254558,-7.23601254558,2,4,3.61800627279,7.23601254558,-0.00380344266951,-0.000474193561456
4,-4,7.23601254558,-7.23601254558,3,-4,5.42700940919,-7.23601254558,-0.00469424790088,-0.00223977257529
4,-4,7.23601254558,-7.23601254558,3,-3,5.42700940919,-5.42700940919,-0.00414386471446,-0.00408235618872
4,-4,7.23601254558,-7.23601254558,3,-2,5.42700940919,-3.61800627279,0.00309108400496,0.00186405350023
4,-4,7.23601254558,-7.23601254558,3,-1,5.42700940919,-1.8090031364,-0.000244817855603,0.0010244950403
4,-4,7.23601254558,-7.23601254558,3,0,5.42700940919,0,-0.00341250332484,-0.000349631662635
4,-4,7.23601254558,-7.23601254558,3,1,5.42700940919,1.8090031364,-0.000640994298735,-0.000201364197955
4,-4,7.23601254558,-7.23601254558,3,2,5.42700940919,3.61800627279,-0.000475553308719,0.00367180139657
4,-4,7.23601254558,-7.23601254558,3,3,5.42700940919,5.42700940919,0.0017742032353,0.00185337866377
4,-4,7.23601254558,-7.23601254558,3,4,5.42700940919,7.23601254558,-0.00185944505945,0.000489945389106
4,-4,7.23601254558,-7.23601254558,4,-4,7.23601254558,-7.23601254558,-0.00551898423989,0
4,-4,7.23601254558,-7.23601254558,4,-3,7.23601254558,-5.42700940919,0.00520111558607,0.00378333590361
4,-4,7.23601254558,-7.23601254558,4,-2,7.23601254558,-3.61800627279,0.00128941340025,-0.00319697351976
4,-4,7.23601254558,-7.23601254558,4,-1,7.23601254558,-1.8090031364,-0.00504570961773,-0.00392053907646
4,-4,7.23601254558,-7.23601254558,4,0,7.23601254558,0,0.00472529328298,-0.000911561620735
4,-4,7.23601254558,-7.23601254558,4,1,7.23601254558,1.8090031364,-0.00160544678083,0.00357803803946
4,-4,7.23601254558,-7.23601254558,4,2,7.23601254558,3.61800627279,0.00279866128673,0.00139618386569
4,-4,7.23601254558,-7.23601254558,4,3,7.23601254558,5.42700940919,-0.00221031649883,-0.00424366448886
4,-4,7.23601254558,-7.23601254558,4,4,7.23601254558,7.23601254558,-0.00540749943535,0.00360605590665
4,-3,7.23601254558,-5.42700940919,-4,-4,-7.23601254558,-7.23601254558,-2.85448527069e-05,-0.000911879436075
4,-3,7.23601254558,-5.42700940919,-4,-3,-7.23601254558,-5.42700940919,-0.00634265093034,-0.00190691659119
4,-3,7.23601254558,-5.42700940919,-4,-2,-7.23601254558,-3.61800627279,-0.000750097398308,0.00187100790068
4,-3,7.23601254558,-5.42700940919,-4,-1,-7.23601254558,-1.8090031364,0.00344493199623,-0.000173526293006
4,-3,7.23601254558,-5.42700940919,-4,0,-7.23601254558,0,-0.00135362944358,-0.0026547431257
4,-3,7.23601254558,-5.42700940919,-4,1,-7.23601254558,1.8090031364,0.00127708015715,-0.00283763754882
4,-3,7.23601254558,-5.42700940919,-4,2,-7.23601254558,3.61800627279,-0.00490655145002,-0.00107640267328
4,-3,7.23601254558,-5.42700940919,-4,3,-7.23601254558,5.42700940919,0.00813699225592,0.00916322189269
4,-3,7.23601254558,-5.42700940919,-4,4,-7.23601254558,7.23601254558,-0.000627633119517,0.000895171420189
4,-3,7.23601254558,-5.42700940919,-3,-4,-5.42700940919,-7.23601254558,-0.00332046719326,-0.00240424904865
4,-3,7.23601254558,-5.42700940919,-3,-3,-5.42700940919,-5.42700940919,0.00174302212848,-0.00171129777752
4,-3,7.23601254558,-5.42700940919,-3,-2,-5.42700940919,-3.61800627279,0.00372323163263,0.00143216194838
4,-3,7.23601254558,-5.42700940919,-3,-1,-5.42700940919,-1.8090031364,-0.00150973886145,0.00726153464453
4,-3,7.23601254558,-5.42700940919,-3,0,-5.42700940919,0,0.00131259872197,0.00147479174116
4,-3,7.23601254558,-5.42700940919,-3,1,-5.42700940919,1.8090031364,-0.00223417510788,0.00323798567616
4,-3,7.23601254558,-5.42700940919,-3,2,-5.42700940919,3.61800627279,0.000477295075023,0.00297904049736
4,-3,7.23601254558,-5.42700940919,-3,3,-5.42700940919,5.42700940919,0.000766787998514,-0.00575424178726
4,-3,7.23601254558,-5.42700940919,-3,4,-5.42700940919,7.23601254558,-0.00675431188663,0.00288025282882
4,-3,7.23601254558,-5.42700940919,-2,-4,-3.61800627279,-7.23601254558,-0.00026962969778,0.000684728321626
4,-3,7.23601254558,-5.42700940919,-2,-3,-3.61800627279,-5.42700940919,0.006370977559,-0.00212127491125
4,-3,7.23601254558,-5.42700940919,-2,-2,-3.61800627279,-3.61800627279,0.000880175382756,-0.00434623706991
4,-3,7.23601254558,-5.42700940919,-2,-1,-3.61800627279,-1.8090031364,0.008799260584,-0.00703054361498
4,-3,7.23601254558,-5.42700940919,-2,0,-3.61800627279,0,0.0151663679376,-0.0171718680328
4,-3,7.23601254558,-5.42700940919,-2,1,-3.61800627279,1.8090031364,0.00120739184731,0.00112012664418
4,-3,7.23601254558,-5.42700940919,-2,2,-3.61800627279,3.61800627279,0.00200871860066,-0.00209145522321
4,-3,7.23601254558,-5.42700940919,-2,3,-3.61800627279,5.42700940919,0.000307301778173,-0.00321595883507
4,-3,7.23601254558,-5.42700940919,-2,4,-3.61800627279,7.23601254558,-0.00277455590566,0.000617109198962
4,-3,7.23601254558,-5.42700940919,-1,-4,-1.8090031364,-7.23601254558,-0.00246573774673,0.00148716761139
4,-3,7.23601254558,-5.42700940919,-1,-3,-1.8090031364,-5.42700940919,0.00483414894402,-0.00295922103291
4,-3,7.23601254558,-5.42700940919,-1,-2,-1.8090031364,-3.61800627279,-0.00294252378493,-0.00662109171909
4,-3,7.23601254558,-5.42700940919,-1,-1,-1.8090031364,-1.8090031364,-0.00480447996159,0.0209862025289
4,-3,7.23601254558,-5.42700940919,-1,0,-1.8090031364,0,0.00613853530398,-0.00287294930599
4,-3,7.23601254558,-5.42700940919,-1,1,-1.8090031364,1.8090031364,-0.00247305423273,-0.0169464292198
4,-3,7.23601254558,-5.42700940919,-1,2,-1.8090031364,3.61800627279,0.00386446141489,0.0076424484044
4,-3,7.23601254558,-5.42700940919,-1,3,-1.8090031364,5.42700940919,0.000413510600099,7.61548676823e-05
4,-3,7.23601254558,-5.42700940919,-1,4,-1.8090031364,7.23601254558,-0.00203158423169,0.00282831367745
4,-3,7.23601254558,-5.42700940919,0,-4,0,-7.23601254558,0.00140235998982,0.00103037645657
4,-3,7.23601254558,-5.42700940919,0,-3,0,-5.42700940919,-0.00457310452847,-0.00194810316792
4,-3,7.23601254558,-5.42700940919,0,-2,0,-3.61800627279,-0.0187030419653,-0.00949776323954
4,-3,7.23601254558,-5.42700940919,0,-1,0,-1.8090031364,0.00204854566026,0.0119843174426
4,-3,7.23601254558,-5.42700940919,0,0,0,0,0.0191488471566,0.0062278660353
4,-3,7.23601254558,-5.42700940919,0,1,0,1.8090031364,0.00596727402245,0.0181803633777
4,-3,7.23601254558,-5.42700940919,0,2,0,3.61800627279,-0.0114267848077,0.00967089475391
4,-3,7.23601254558,-5.42700940919,0,3,0,5.42700940919,0.00287812377018,-0.00542479578348
4,-3,7.23601254558,-5.42700940919,0,4,0,7.23601254558,-0.00622968628871,0.00268767219002
4,-3,7.23601254558,-5.42700940919,1,-4,1.8090031364,-7.23601254558,-0.00549952035747,0.00513678895564
4,-3,7.23601254558,-5.42700940919,1,-3,1.8090031364,-5.42700940919,0.00599703503074,-0.000344456636111
4,-3,7.23601254558,-5.42700940919,1,-2,1.8090031364,-3.61800627279,0.00095442720542,0.0122041613304
4,-3,7.23601254558,-5.42700940919,1,-1,1.8090031364,-1.8090031364,-0.00586521394745,0.0137747804107
4,-3,7.23601254558,-5.42700940919,1,0,1.8090031364,0,-0.0384597729221,0.00483062823785
4,-3,7.23601254558,-5.42700940919,1,1,1.8090031364,1.8090031364,0.00655585428235,0.000396072990463
4,-3,7.23601254558,-5.42700940919,1,2,1.8090031364,3.61800627279,-0.00730293287036,0.00949090695489
4,-3,7.23601254558,-5.42700940919,1,3,1.8090031364,5.42700940919,-0.00541281931245,-0.000223038352188
4,-3,7.23601254558,-5.42700940919,1,4,1.8090031364,7.23601254558,0.00200682254476,0.00558652113344
4,-3,7.23601254558,-5.42700940919,2,-4,3.61800627279,-7.23601254558,-0.00242583206394,0.00411987517353
4,-3,7.23601254558,-5.42700940919,2,-3,3.61800627279,-5.42700940919,-0.00386452938236,-0.00245072196894
4,-3,7.23601254558,-5.42700940919,2,-2,3.61800627279,-3.61800627279,-0.00603506256059,0.000586957954614
4,-3,7.23601254558,-5.42700940919,2,-1,3.61800627279,-1.8090031364,-0.00739829121232,0.00359425731395
4,-3,7.23601254558,-5.42700940919,2,0,3.61800627279,0,-0.00639379202291,-0.00493776817087
4,-3,7.23601254558,-5.42700940919,2,1,3.61800627279,1.8090031364,0.00627314257542,-0.00273206652401
4,-3,7.23601254558,-5.42700940919,2,2,3.61800627279,3.61800627279,0.0037319881014,0.00937829047591
4,-3,7.23601254558,-5.42700940919,2,3,3.61800627279,5.42700940919,-0.00376085485672,-0.00416769508805
4,-3,7.23601254558,-5.42700940919,2,4,3.61800627279,7.23601254558,0.00205775307883,-0.00099080712919
4,-3,7.23601254558,-5.42700940919,3,-4,5.42700940919,-7.23601254558,0.00364001898548,0.00685255023531
4,-3,7.23601254558,-5.42700940919,3,-3,5.42700940919,-5.42700940919,0.00216435082487,-0.000570848810911
4,-3,7.23601254558,-5.42700940919,3,-2,5.42700940919,-3.61800627279,-0.00733623683068,-0.00506864309533
4,-3,7.23601254558,-5.42700940919,3,-1,5.42700940919,-1.8090031364,0.00438885535852,0.00365461161752
4,-3,7.23601254558,-5.42700940919,3,0,5.42700940919,0,-0.00536622630365,0.0054606589599
4,-3,7.23601254558,-5.42700940919,3,1,5.42700940919,1.8090031364,0.00570184877186,0.00401026998665
4,-3,7.23601254558,-5.42700940919,3,2,5.42700940919,3.61800627279,0.00180237212701,-0.000973527107918
4,-3,7.23601254558,-5.42700940919,3,3,5.42700940919,5.42700940919,-0.00470235526232,4.8859910453e-05
4,-3,7.23601254558,-5.42700940919,3,4,5.42700940919,7.23601254558,-0.00150188772304,-0.000172719525969
4,-3,7.23601254558,-5.42700940919,4,-4,7.23601254558,-7.23601254558,0.00520111558607,-0.00378333590361
4,-3,7.23601254558,-5.42700940919,4,-3,7.23601254558,-5.42700940919,-0.00229118548903,0
4,-3,7.23601254558,-5.42700940919,4,-2,7.23601254558,-3.61800627279,0.00554825180703,0.00558486893952
4,-3,7.23601254558,-5.42700940919,4,-1,7.23601254558,-1.8090031364,-0.00132578873353,-0.00607842570221
4,-3,7.23601254558,-5.42700940919,4,0,7.23601254558,0,0.00223685066525,-0.0011008758866
4,-3,7.23601254558,-5.42700940919,4,1,7.23601254558,1.8090031364,0.00252877810693,-0.00902178584491
4,-3,7.23601254558,-5.42700940919,4,2,7.23601254558,3.61800627279,-0.00333973988738,0.00186533376454
4,-3,7.23601254558,-5.42700940919,4,3,7.23601254558,5.42700940919,0.00305610256405,-0.00134289566909
4,-3,7.23601254558,-5.42700940919,4,4,7.23601254558,7.23601254558,-0.000614022925011,-0.000641722363107
4,-2,7.23601254558,-3.61800627279,-4,-4,-7.23601254558,-7.23601254558,-0.000899499119538,0.00550343110561
4,-2,7.23601254558,-3.61800627279,-4,-3,-7.23601254558,-5.42700940919,0.00164926441293,-0.00231068844767
4,-2,7.23601254558,-3.61800627279,-4,-2,-7.23601254558,-3.61800627279,-0.00301837423857,-0.00500997052341
4,-2,7.23601254558,-3.61800627279,-4,-1,-7.23601254558,-1.8090031364,-0.00133891231939,0.000800932873794
4,-2,7.23601254558,-3.61800627279,-4,0,-7.23601254558,0,-0.00614854673163,0.00294334442285
4,-2,7.23601254558,-3.61800627279,-4,1,-7.23601254558,1.8090031364,0.00217356520131,0.0053585094665
4,-2,7.23601254558,-3.61800627279,-4,2,-7.23601254558,3.61800627279,0.0048593716912,-0.00555689298782
4,-2,7.23601254558,-3.61800627279,-4,3,-7.23601254558,5.42700940919,-0.00490655145002,-0.00107640267328
4,-2,7.23601254558,-3.61800627279,-4,4,-7.23601254558,7.23601254558,0.00215153146875,0.00537036593394
4,-2,7.23601254558,-3.61800627279,-3,-4,-5.42700940919,-7.23601254558,0.00265737695372,0.0012193378294
4,-2,7.23601254558,-3.61800627279,-3,-3,-5.42700940919,-5.42700940919,-0.00457130528809,-0.00182227800434
4,-2,7.23601254558,-3.61800627279,-3,-2,-5.42700940919,-3.61800627279,0.000392790530763,0.00072687618906
4,-2,7.23601254558,-3.61800627279,-3,-1,-5.42700940919,-1.8090031364,-0.0013817915322,0.00700207369072
4,-2,7.23601254558,-3.61800627279,-3,0,-5.42700940919,0,0.00310505248187,0.00641195072057
4,-2,7.23601254558,-3.61800627279,-3,1,-5.42700940919,1.8090031364,0.00154641264541,-0.00197256827406
4,-2,7.23601254558,-3.61800627279,-3,2,-5.42700940919,3.61800627279,-0.0032851488521,0.00529673009505
4,-2,7.23601254558,-3.61800627279,-3,3,-5.42700940919,5.42700940919,0.000456751334431,-0.00120582629965
4,-2,7.23601254558,-3.61800627279,-3,4,-5.42700940919,7.23601254558,0.00233856689976,-0.00557630792557
4,-2,7.23601254558,-3.61800627279,-2,-4,-3.61800627279,-7.23601254558,0.00327013876199,0.00133119365648
4,-2,7.23601254558,-3.61800627279,-2,-3,-3.61800627279,-5.42700940919,0.00317511402268,0.00182177166995
4,-2,7.23601254558,-3.61800627279,-2,-2,-3.61800627279,-3.61800627279,0.0138245858314,0.000585113222125
4,-2,7.23601254558,-3.61800627279,-2,-1,-3.61800627279,-1.8090031364,-0.0023946819343,-0.00413484926505
4,-2,7.23601254558,-3.61800627279,-2,0,-3.61800627279,0,0.00764110736618,-0.0148526445905
4,-2,7.23601254558,-3.61800627279,-2,1,-3.61800627279,1.8090031364,0.0191295333181,-0.0125906299457
4,-2,7.23601254558,-3.61800627279,-2,2,-3.61800627279,3.61800627279,0.00177006624652,-0.00126237598448
4,-2,7.23601254558,-3.61800627279,-2,3,-3.61800627279,5.42700940919,0.000338265486482,-0.00345875306208
4,-2,7.23601254558,-3.61800627279,-2,4,-3.61800627279,7.23601254558,-0.000503374050276,-0.00337685819415
4,-2,7.23601254558,-3.61800627279,-1,-4,-1.8090031364,-7.23601254558,-0.00129253875658,-0.00117728537462
4,-2,7.23601254558,-3.61800627279,-1,-3,-1.8090031364,-5.42700940919,-0.00137894396603,-0.000788014545673
4,-2,7.23601254558,-3.61800627279,-1,-2,-1.8090031364,-3.61800627279,-0.00684523828409,-0.00504777506555
4,-2,7.23601254558,-3.61800627279,-1,-1,-1.8090031364,-1.8090031364,0.00644001165667,-0.00757883258189
4,-2,7.23601254558,-3.61800627279,-1,0,-1.8090031364,0,-0.00166137421458,0.0232539208049
4,-2,7.23601254558,-3.61800627279,-1,1,-1.8090031364,1.8090031364,-0.00139803171534,-0.00608307008449
4,-2,7.23601254558,-3.61800627279,-1,2,-1.8090031364,3.61800627279,-0.000358810825174,-0.0120093214916
4,-2,7.23601254558,-3.61800627279,-1,3,-1.8090031364,5.42700940919,0.00231166579043,0.00487941873071
4,-2,7.23601254558,-3.61800627279,-1,4,-1.8090031364,7.23601254558,-0.000331723191873,-0.000300915191079
4,-2,7.23601254558,-3.61800627279,0,-4,0,-7.23601254558,-0.00305066038079,0.00377213489566
4,-2,7.23601254558,-3.61800627279,0,-3,0,-5.42700940919,0.00877705746161,0.000825406704846
4,-2,7.23601254558,-3.61800627279,0,-2,0,-3.61800627279,-0.00595407945225,-0.00635524404052
4,-2,7.23601254558,-3.61800627279,0,-1,0,-1.8090031364,-0.0243296336749,-0.0329230334149
4,-2,7.23601254558,-3.61800627279,0,0,0,0,-0.015726783925,0.0336071562842
4,-2,7.23601254558,-3.61800627279,0,1,0,1.8090031364,0.0197706882298,0.00483155324821
4,-2,7.23601254558,-3.61800627279,0,2,0,3.61800627279,0.00428448563532,0.0102123226472
4,-2,7.23601254558,-3.61800627279,0,3,0,5.42700940919,-0.00688136851389,0.00486060620603
4,-2,7.23601254558,-3.61800627279,0,4,0,7.23601254558,-0.00527760710833,-0.00479422037385
4,-2,7.23601254558,-3.61800627279,1,-4,1.8090031364,-7.23601254558,0.000844895550746,0.0015267123743
4,-2,7.23601254558,-3.61800627279,1,-3,1.8090031364,-5.42700940919,-0.00677039285022,0.00963245224879
4,-2,7.23601254558,-3.61800627279,1,-2,1.8090031364,-3.61800627279,0.010246141669,-0.00193727996512
4,-2,7.23601254558,-3.61800627279,1,-1,1.8090031364,-1.8090031364,-0.00629179481312,0.0222067538979
4,-2,7.23601254558,-3.61800627279,1,0,1.8090031364,0,0.00135881393762,0.0209304968501
4,-2,7.23601254558,-3.61800627279,1,1,1.8090031364,1.8090031364,-0.0382536988686,0.000344134786831
4,-2,7.23601254558,-3.61800627279,1,2,1.8090031364,3.61800627279,0.00422426965715,0.000724978720995
4,-2,7.23601254558,-3.61800627279,1,3,1.8090031364,5.42700940919,-0.00417332250305,0.00208996806418
4,-2,7.23601254558,-3.61800627279,1,4,1.8090031364,7.23601254558,-0.00169409835652,0.00041757385803
4,-2,7.23601254558,-3.61800627279,2,-4,3.61800627279,-7.23601254558,-0.00238381087725,0.00110945529298
4,-2,7.23601254558,-3.61800627279,2,-3,3.61800627279,-5.42700940919,-0.000587017898304,0.00365395117582
4,-2,7.23601254558,-3.61800627279,2,-2,3.61800627279,-3.61800627279,-0.0113120543567,-0.00769041208243
4,-2,7.23601254558,-3.61800627279,2,-1,3.61800627279,-1.8090031364,-0.00994960732018,0.00214620071573
4,-2,7.23601254558,-3.61800627279,2,0,3.61800627279,0,-0.0129089601284,0.0136501018448
4,-2,7.23601254558,-3.61800627279,2,1,3.61800627279,1.8090031364,-0.00353067588278,-0.00538122717708
4,-2,7.23601254558,-3.61800627279,2,2,3.61800627279,3.61800627279,0.00893409114105,-0.00288528043896
4,-2,7.23601254558,-3.61800627279,2,3,3.61800627279,5.42700940919,0.000926828353507,0.00574010141761
4,-2,7.23601254558,-3.61800627279,2,4,3.61800627279,7.23601254558,-0.000262136889925,0.00216444385684
4,-2,7.23601254558,-3.61800627279,3,-4,5.42700940919,-7.23601254558,-0.00462096478088,-0.00123555166359
4,-2,7.23601254558,-3.61800627279,3,-3,5.42700940919,-5.42700940919,0.0032736812154,0.00180456871802
4,-2,7.23601254558,-3.61800627279,3,-2,5.42700940919,-3.61800627279,0.00193568916287,0.00259165752205
4,-2,7.23601254558,-3.61800627279,3,-1,5.42700940919,-1.8090031364,-0.00405609729734,-0.00136823309953
4,-2,7.23601254558,-3.61800627279,3,0,5.42700940919,0,0.00311262946501,-0.00115781047742
4,-2,7.23601254558,-3.61800627279,3,1,5.42700940919,1.8090031364,-0.00465808702387,0.00055679697562
4,-2,7.23601254558,-3.61800627279,3,2,5.42700940919,3.61800627279,0.00660671735879,0.00554869836912
4,-2,7.23601254558,-3.61800627279,3,3,5.42700940919,5.42700940919,-6.40962524054e-05,0.00425297172529
4,-2,7.23601254558,-3.61800627279,3,4,5.42700940919,7.23601254558,-0.00243193752352,-0.00225553210272
4,-2,7.23601254558,-3.61800627279,4,-4,7.23601254558,-7.23601254558,0.00128941340025,0.00319697351976
4,-2,7.23601254558,-3.61800627279,4,-3,7.23601254558,-5.42700940919,0.00554825180703,-0.00558486893952
4,-2,7.23601254558,-3.61800627279,4,-2,7.23601254558,-3.61800627279,0.0199630054501,0
4,-2,7.23601254558,-3.61800627279,4,-1,7.23601254558,-1.8090031364,0.00116719067982,-7.45011692227e-05
4,-2,7.23601254558,-3.61800627279,4,0,7.23601254558,0,-0.00419112394763,-0.00237961810651
4,-2,7.23601254558,-3.61800627279,4,1,7.23601254558,1.8090031364,0.0066569412039,-0.000284189252465
4,-2,7.23601254558,-3.61800627279,4,2,7.23601254558,3.61800627279,0.00222782348781,-0.00514180415175
4,-2,7.23601254558,-3.61800627279,4,3,7.23601254558,5.42700940919,1.1291396908e-05,0.000323333207019
4,-2,7.23601254558,-3.61800627279,4,4,7.23601254558,7.23601254558,-0.00479433190269,-0.0017558830078
4,-1,7.23601254558,-1.8090031364,-4,-4,-7.23601254558,-7.23601254558,-0.00559168932133,-0.00417576642771
4,-1,7.23601254558,-1.8090031364,-4,-3,-7.23601254558,-5.42700940919,-0.00354440272275,0.00608173243637
4,-1,7.23601254558,-1.8090031364,-4,-2,-7.23601254558,-3.61800627279,0.00386085783695,-0.000952505157061
4,-1,7.23601254558,-1.8090031364,-4,-1,-7.23601254558,-1.8090031364,0.00461901571761,-0.00573632234503
4,-1,7.23601254558,-1.8090031364,-4,0,-7.23601254558,0,-0.000126257330781,-0.00816366357562
4,-1,7.23601254558,-1.8090031364,-4,1,-7.23601254558,1.8090031364,-0.0121851209379,0.00598661074135
4,-1,7.23601254558,-1.8090031364,-4,2,-7.23601254558,3.61800627279,0.00217356520131,0.0053585094665
4,-1,7.23601254558,-1.8090031364,-4,3,-7.23601254558,5.42700940919,0.00127708015715,-0.00283763754882
4,-1,7.23601254558,-1.8090031364,-4,4,-7.23601254558,7.23601254558,0.00307296017887,0.00247324622626
4,-1,7.23601254558,-1.8090031364,-3,-4,-5.42700940919,-7.23601254558,0.00280802995036,0.0035896858423
4,-1,7.23601254558,-1.8090031364,-3,-3,-5.42700940919,-5.42700940919,0.00374438064422,0.000734143870949
4,-1,7.23601254558,-1.8090031364,-3,-2,-5.42700940919,-3.61800627279,-0.0053407177447,-0.0048336210101
4,-1,7.23601254558,-1.8090031364,-3,-1,-5.42700940919,-1.8090031364,-0.00426994738712,-0.0101607965413
4,-1,7.23601254558,-1.8090031364,-3,0,-5.42700940919,0,-0.00667237312433,0.0158705102851
4,-1,7.23601254558,-1.8090031364,-3,1,-5.42700940919,1.8090031364,0.00278633594278,0.00692706014351
4,-1,7.23601254558,-1.8090031364,-3,2,-5.42700940919,3.61800627279,0.000723528667944,-0.00226477015335
4,-1,7.23601254558,-1.8090031364,-3,3,-5.42700940919,5.42700940919,-0.00266205714703,0.00103989829093
4,-1,7.23601254558,-1.8090031364,-3,4,-5.42700940919,7.23601254558,-0.00218407958735,-0.0014480251979
4,-1,7.23601254558,-1.8090031364,-2,-4,-3.61800627279,-7.23601254558,0.00261263927989,4.25957260349e-05
4,-1,7.23601254558,-1.8090031364,-2,-3,-3.61800627279,-5.42700940919,-0.00230693137138,0.00107116388532
4,-1,7.23601254558,-1.8090031364,-2,-2,-3.61800627279,-3.61800627279,0.0109647166293,-0.000337870820898
4,-1,7.23601254558,-1.8090031364,-2,-1,-3.61800627279,-1.8090031364,0.0229879988287,0.00729164477228
4,-1,7.23601254558,-1.8090031364,-2,0,-3.61800627279,0,-0.00538618837305,-0.00227384772558
4,-1,7.23601254558,-1.8090031364,-2,1,-3.61800627279,1.8090031364,0.00652748349094,-0.0138602443638
4,-1,7.23601254558,-1.8090031364,-2,2,-3.61800627279,3.61800627279,0.0136640227171,-0.0071649484839
4,-1,7.23601254558,-1.8090031364,-2,3,-3.61800627279,5.42700940919,0.00127657388412,-0.00131133481953
4,-1,7.23601254558,-1.8090031364,-2,4,-3.61800627279,7.23601254558,-0.00115712953822,-0.00389187606645
4,-1,7.23601254558,-1.8090031364,-1,-4,-1.8090031364,-7.23601254558,0.00728757461237,0.00468407492887
4,-1,7.23601254558,-1.8090031364,-1,-3,-1.8090031364,-5.42700940919,0.00335632479768,-0.00285102492085
4,-1,7.23601254558,-1.8090031364,-1,-2,-1.8090031364,-3.61800627279,0.0068341935932,-0.00742513180234
4,-1,7.23601254558,-1.8090031364,-1,-1,-1.8090031364,-1.8090031364,-0.0281365884798,-0.00357484382163
4,-1,7.23601254558,-1.8090031364,-1,0,-1.8090031364,0,0.00837434673907,-0.0048972840197
4,-1,7.23601254558,-1.8090031364,-1,1,-1.8090031364,1.8090031364,0.00422563456624,0.0191308601712
4,-1,7.23601254558,-1.8090031364,-1,2,-1.8090031364,3.61800627279,0.000248389900862,-0.00236702461101
4,-1,7.23601254558,-1.8090031364,-1,3,-1.8090031364,5.42700940919,-0.00148616752811,-0.00997966576224
4,-1,7.23601254558,-1.8090031364,-1,4,-1.8090031364,7.23601254558,0.00027138584586,0.00646874984247
4,-1,7.23601254558,-1.8090031364,0,-4,0,-7.23601254558,-0.0061723937077,0.000641710299727
4,-1,7.23601254558,-1.8090031364,0,-3,0,-5.42700940919,-0.0109335489509,0.00175663412526
4,-1,7.23601254558,-1.8090031364,0,-2,0,-3.61800627279,0.00695659354566,0.0118000061073
4,-1,7.23601254558,-1.8090031364,0,-1,0,-1.8090031364,-7.14239931806e-05,-0.0103054590194
4,-1,7.23601254558,-1.8090031364,0,0,0,0,-0.0275028493333,-0.0529695262745
4,-1,7.23601254558,-1.8090031364,0,1,0,1.8090031364,-0.0184464361928,0.0321177135482
4,-1,7.23601254558,-1.8090031364,0,2,0,3.61800627279,0.0170592363703,0.00280194517111
4,-1,7.23601254558,-1.8090031364,0,3,0,5.42700940919,0.000964643435775,0.0101846461717
4,-1,7.23601254558,-1.8090031364,0,4,0,7.23601254558,-0.00238092176957,0.00100485037383
4,-1,7.23601254558,-1.8090031364,1,-4,1.8090031364,-7.23601254558,0.000983390585331,0.00401650396183
4,-1,7.23601254558,-1.8090031364,1,-3,1.8090031364,-5.42700940919,0.00276231105415,0.00213306493835
4,-1,7.23601254558,-1.8090031364,1,-2,1.8090031364,-3.61800627279,-0.00698216187808,0.00843883121321
4,-1,7.23601254558,-1.8090031364,1,-1,1.8090031364,-1.8090031364,0.0143688710276,-0.0101276195666
4,-1,7.23601254558,-1.8090031364,1,0,1.8090031364,0,-0.00877867163884,0.0282391293656
4,-1,7.23601254558,-1.8090031364,1,1,1.8090031364,1.8090031364,0.00860043928885,0.0200512600342
4,-1,7.23601254558,-1.8090031364,1,2,1.8090031364,3.61800627279,-0.0229080861424,-0.000781707470438
4,-1,7.23601254558,-1.8090031364,1,3,1.8090031364,5.42700940919,0.00207736545429,0.000685686260103
4,-1,7.23601254558,-1.8090031364,1,4,1.8090031364,7.23601254558,-0.00662769408611,0.00288510032927
4,-1,7.23601254558,-1.8090031364,2,-4,3.61800627279,-7.23601254558,-0.00437449086209,0.000344801833107
4,-1,7.23601254558,-1.8090031364,2,-3,3.61800627279,-5.42700940919,9.88201136604e-05,-0.000399269803079
4,-1,7.23601254558,-1.8090031364,2,-2,3.61800627279,-3.61800627279,-0.00188321014902,0.00453246418363
4,-1,7.23601254558,-1.8090031364,2,-1,3.61800627279,-1.8090031364,-0.0141259376511,-0.0171095791395
4,-1,7.23601254558,-1.8090031364,2,0,3.61800627279,0,-0.014361338331,-0.000845928302698
4,-1,7.23601254558,-1.8090031364,2,1,3.61800627279,1.8090031364,-0.0120094891406,0.0150156698564
4,-1,7.23601254558,-1.8090031364,2,2,3.61800627279,3.61800627279,-0.00427960838128,-0.00371915718436
4,-1,7.23601254558,-1.8090031364,2,3,3.61800627279,5.42700940919,0.00770490330608,-0.00160843328086
4,-1,7.23601254558,-1.8090031364,2,4,3.61800627279,7.23601254558,-0.00249614606592,0.00193724625537
4,-1,7.23601254558,-1.8090031364,3,-4,5.42700940919,-7.23601254558,-0.00277493520577,-0.00110894488316
4,-1,7.23601254558,-1.8090031364,3,-3,5.42700940919,-5.42700940919,0.000925504224069,-0.00148259363238
4,-1,7.23601254558,-1.8090031364,3,-2,5.42700940919,-3.61800627279,0.00049778608272,-0.00163462765084
4,-1,7.23601254558,-1.8090031364,3,-1,5.42700940919,-1.8090031364,-0.00575017781438,-0.000188617498327
4,-1,7.23601254558,-1.8090031364,3,0,5.42700940919,0,-0.00317539132085,0.00275883627098
4,-1,7.23601254558,-1.8090031364,3,1,5.42700940919,1.8090031364,-0.001106579928,-0.00308794534229
4,-1,7.23601254558,-1.8090031364,3,2,5.42700940919,3.61800627279,-0.000921388761334,-0.00189369723796
4,-1,7.23601254558,-1.8090031364,3,3,5.42700940919,5.42700940919,-0.00334288599921,0.00293831014122
4,-1,7.23601254558,-1.8090031364,3,4,5.42700940919,7.23601254558,0.00243013839399,0.00518733625323
4,-1,7.23601254558,-1.8090031364,4,-4,7.23601254558,-7.23601254558,-0.00504570961773,0.00392053907646
4,-1,7.23601254558,-1.8090031364,4,-3,7.23601254558,-5.42700940919,-0.00132578873353,0.00607842570221
4,-1,7.23601254558,-1.8090031364,4,-2,7.23601254558,-3.61800627279,0.00116719067982,7.45011692227e-05
4,-1,7.23601254558,-1.8090031364,4,-1,7.23601254558,-1.8090031364,0.0432543748525,0
4,-1,7.23601254558,-1.8090031364,4,0,7.23601254558,0,-0.00333301652037,-0.00841831513729
4,-1,7.23601254558,-1.8090031364,4,1,7.23601254558,1.8090031364,-0.00415476359649,-0.00461604396812
4,-1,7.23601254558,-1.8090031364,4,2,7.23601254558,3.61800627279,0.00326616178552,0.000594751164385
4,-1,7.23601254558,-1.8090031364,4,3,7.23601254558,5.42700940919,0.00447183107084,0.000721167893289
4,-1,7.23601254558,-1.8090031364,4,4,7.23601254558,7.23601254558,0.00184580837985,-0.00394230549831
4,0,7.23601254558,0,-4,-4,-7.23601254558,-7.23601254558,0.00127021420442,-0.000626765468607
4,0,7.23601254558,0,-4,-3,-7.23601254558,-5.42700940919,-0.00172071421723,-0.00413601092593
4,0,7.23601254558,0,-4,-2,-7.23601254558,-3.61800627279,-0.00273680862909,-0.00126207982461
4,0,7.23601254558,0,-4,-1,-7.23601254558,-1.8090031364,0.00343665999781,-0.000947045566226
4,0,7.23601254558,0,-4,0,-7.23601254558,0,0.00492233601966,-0.0057403013291
4,0,7.23601254558,0,-4,1,-7.23601254558,1.8090031364,-0.000126257330781,-0.00816366357562
4,0,7.23601254558,0,-4,2,-7.23601254558,3.61800627279,-0.00614854673163,0.00294334442285
4,0,7.23601254558,0,-4,3,-7.23601254558,5.42700940919,-0.00135362944358,-0.0026547431257
4,0,7.23601254558,0,-4,4,-7.23601254558,7.23601254558,-0.00486361611301,0.000849759174839
4,0,7.23601254558,0,-3,-4,-5.42700940919,-7.23601254558,-0.00534976414289,-0.00077912461409
4,0,7.23601254558,0,-3,-3,-5.42700940919,-5.42700940919,-0.000914966966024,0.00366692272027
4,0,7.23601254558,0,-3,-2,-5.42700940919,-3.61800627279,-0.00388167591437,0.00586331959803
4,0,7.23601254558,0,-3,-1,-5.42700940919,-1.8090031364,0.000714796198713,-0.0081657448511
4,0,7.23601254558,0,-3,0,-5.42700940919,0,-0.0103952495649,-0.0104338639786
4,0,7.23601254558,0,-3,1,-5.42700940919,1.8090031364,-0.00678615863973,0.0117846423387
4,0,7.23601254558,0,-3,2,-5.42700940919,3.61800627279,0.00189837160183,0.00537901312431
4,0,7.23601254558,0,-3,3,-5.42700940919,5.42700940919,0.000533361739121,0.00373109256225
4,0,7.23601254558,0,-3,4,-5.42700940919,7.23601254558,9.28304293635e-05,-0.00200208100794
4,0,7.23601254558,0,-2,-4,-3.61800627279,-7.23601254558,0.00169885572624,0.00337216781126
4,0,7.23601254558,0,-2,-3,-3.61800627279,-5.42700940919,0.00297582564682,-0.00442274516654
4,0,7.23601254558,0,-2,-2,-3.61800627279,-3.61800627279,-0.00576076897605,-0.00198813325383
4,0,7.23601254558,0,-2,-1,-3.61800627279,-1.8090031364,0.0116008475157,-0.00907101681331
4,0,7.23601254558,0,-2,0,-3.61800627279,0,0.0280554139337,0.0120032985385
4,0,7.23601254558,0,-2,1,-3.61800627279,1.8090031364,-0.000449749137953,-0.00327002967257
4,0,7.23601254558,0,-2,2,-3.61800627279,3.61800627279,0.00649923352337,-0.00580639398554
4,0,7.23601254558,0,-2,3,-3.61800627279,5.42700940919,0.00464912298584,-0.00693939938946
4,0,7.23601254558,0,-2,4,-3.61800627279,7.23601254558,0.000833251415826,0.000867895030636
4,0,7.23601254558,0,-1,-4,-1.8090031364,-7.23601254558,-0.00601787183586,-0.00103326171949
4,0,7.23601254558,0,-1,-3,-1.8090031364,-5.42700940919,0.00949597989528,0.00847134275402
4,0,7.23601254558,0,-1,-2,-1.8090031364,-3.61800627279,0.00918465936873,0.000672702661073
4,0,7.23601254558,0,-1,-1,-1.8090031364,-1.8090031364,0.0165778624066,-0.0164722137172
4,0,7.23601254558,0,-1,0,-1.8090031364,0,-0.0319263520291,-0.00224354076563
4,0,7.23601254558,0,-1,1,-1.8090031364,1.8090031364,0.00663469361021,-0.00405763802354
4,0,7.23601254558,0,-1,2,-1.8090031364,3.61800627279,-0.00050411277024,0.0141042922366
4,0,7.23601254558,0,-1,3,-1.8090031364,5.42700940919,0.00314897124035,-0.00719005936998
4,0,7.23601254558,0,-1,4,-1.8090031364,7.23601254558,-0.00207575400787,-0.00426405894397
4,0,7.23601254558,0,0,-4,0,-7.23601254558,-0.00341278249829,-0.00815932928942
4,0,7.23601254558,0,0,-3,0,-5.42700940919,0.000614897311058,-0.00483520571688
4,0,7.23601254558,0,0,-2,0,-3.61800627279,-0.0216434209049,-0.00527347304352
4,0,7.23601254558,0,0,-1,0,-1.8090031364,0.00060822271696,0.0277568204875
4,0,7.23601254558,0,0,0,0,0,-0.00556152193884,-0.0139771425051
4,0,7.23601254558,0,0,1,0,1.8090031364,-0.0230045596442,-0.0397551203476
4,0,7.23601254558,0,0,2,0,3.61800627279,-0.00391699741687,0.0237824054621
4,0,7.23601254558,0,0,3,0,5.42700940919,-0.00122628679731,0.000765455113566
4,0,7.23601254558,0,0,4,0,7.23601254558,0.00280888343788,0.00793583504572
4,0,7.23601254558,0,1,-4,1.8090031364,-7.23601254558,-0.00845287450478,0.00235058159388
4,0,7.23601254558,0,1,-3,1.8090031364,-5.42700940919,-0.00448837791136,-0.00159370661792
4,0,7.23601254558,0,1,-2,1.8090031364,-3.61800627279,0.0081558243804,0.0107532435622
4,0,7.23601254558,0,1,-1,1.8090031364,-1.8090031364,-0.00849898656365,0.012941648446
4,0,7.23601254558,0,1,0,1.8090031364,0,0.0126168171788,-0.0148521242182
4,0,7.23601254558,0,1,1,1.8090031364,1.8090031364,-0.000905579808248,0.0206958820302
4,0,7.23601254558,0,1,2,1.8090031364,3.61800627279,0.00541734780652,0.0201820345737
4,0,7.23601254558,0,1,3,1.8090031364,5.42700940919,-0.00809186193223,0.00417723850741
4,0,7.23601254558,0,1,4,1.8090031364,7.23601254558,0.00528792420122,-0.00377853760392
4,0,7.23601254558,0,2,-4,3.61800627279,-7.23601254558,0.00283338019357,-0.000397896747014
4,0,7.23601254558,0,2,-3,3.61800627279,-5.42700940919,-0.00696411578067,-0.000855271086947
4,0,7.23601254558,0,2,-2,3.61800627279,-3.61800627279,0.00103167885822,-0.00398854485729
4,0,7.23601254558,0,2,-1,3.61800627279,-1.8090031364,-0.00437724734697,0.00462040145639
4,0,7.23601254558,0,2,0,3.61800627279,0,-0.0152081025411,-0.0195857179617
4,0,7.23601254558,0,2,1,3.61800627279,1.8090031364,-0.012315777517,-2.5570223267e-05
4,0,7.23601254558,0,2,2,3.61800627279,3.61800627279,-0.00825519099112,0.0058022963037
4,0,7.23601254558,0,2,3,3.61800627279,5.42700940919,-4.0607084912e-05,-0.00215741872204
4,0,7.23601254558,0,2,4,3.61800627279,7.23601254558,0.001836823284,0.00327805112128
4,0,7.23601254558,0,3,-4,5.42700940919,-7.23601254558,-0.000854056796307,0.0015639626067
4,0,7.23601254558,0,3,-3,5.42700940919,-5.42700940919,-0.00509427778701,0.00380055178582
4,0,7.23601254558,0,3,-2,5.42700940919,-3.61800627279,0.00391475484462,0.00237282192771
4,0,7.23601254558,0,3,-1,5.42700940919,-1.8090031364,-0.00560921876753,-0.00792571479434
4,0,7.23601254558,0,3,0,5.42700940919,0,-0.00141338048502,-1.43538092298e-06
4,0,7.23601254558,0,3,1,5.42700940919,1.8090031364,-0.00892595843194,0.00274829436313
4,0,7.23601254558,0,3,2,5.42700940919,3.61800627279,-0.000375652778634,0.000412926712045
4,0,7.23601254558,0,3,3,5.42700940919,5.42700940919,0.00229541740448,-0.00454558547979
4,0,7.23601254558,0,3,4,5.42700940919,7.23601254558,-0.00666185244943,0.000589842649463
4,0,7.23601254558,0,4,-4,7.23601254558,-7.23601254558,0.00472529328298,0.000911561620735
4,0,7.23601254558,0,4,-3,7.23601254558,-5.42700940919,0.00223685066525,0.0011008758866
4,0,7.23601254558,0,4,-2,7.23601254558,-3.61800627279,-0.00419112394763,0.00237961810651
4,0,7.23601254558,0,4,-1,7.23601254558,-1.8090031364,-0.00333301652037,0.00841831513729
4,0,7.23601254558,0,4,0,7.23601254558,0,0.0528296171584,0
4,0,7.23601254558,0,4,1,7.23601254558,1.8090031364,0.000849062733378,-0.00208142540341
4,0,7.23601254558,0,4,2,7.23601254558,3.61800627279,0.000459043675887,-0.0109891327287
4,0,7.23601254558,0,4,3,7.23601254558,5.42700940919,-0.00439588896967,-0.00243858519232
4,0,7.23601254558,0,4,4,7.23601254558,7.23601254558,0.00471128032352,0.00322832574787
4,1,7.23601254558,1.8090031364,-4,-4,-7.23601254558,-7.23601254558,-0.000790315828653,0.00222346241913
4,1,7.23601254558,1.8090031364,-4,-3,-7.23601254558,-5.42700940919,-0.000424728675231,0.00019961436112
4,1,7.23601254558,1.8090031364,-4,-2,-7.23601254558,-3.61800627279,0.00233130941815,0.00348780852783
4,1,7.23601254558,1.8090031364,-4,-1,-7.23601254558,-1.8090031364,-0.00550375170631,-0.00673995281593
4,1,7.23601254558,1.8090031364,-4,0,-7.23601254558,0,0.00343665999781,-0.000947045566226
4,1,7.23601254558,1.8090031364,-4,1,-7.23601254558,1.8090031364,0.00461901571761,-0.00573632234503
4,1,7.23601254558,1.8090031364,-4,2,-7.23601254558,3.61800627279,-0.00133891231939,0.000800932873794
4,1,7.23601254558,1.8090031364,-4,3,-7.23601254558,5.42700940919,0.00344493199623,-0.000173526293006
4,1,7.23601254558,1.8090031364,-4,4,-7.23601254558,7.23601254558,-0.00306437796025,-0.00334438040742
4,1,7.23601254558,1.8090031364,-3,-4,-5.42700940919,-7.23601254558,-0.00276281371806,0.000705442120019
4,1,7.23601254558,1.8090031364,-3,-3,-5.42700940919,-5.42700940919,0.00221997922061,-0.000608844480888
4,1,7.23601254558,1.8090031364,-3,-2,-5.42700940919,-3.61800627279,-0.00403685686861,-0.00150021939053
4,1,7.23601254558,1.8090031364,-3,-1,-5.42700940919,-1.8090031364,-0.00625683836989,0.0096768470619
4,1,7.23601254558,1.8090031364,-3,0,-5.42700940919,0,0.000871921428071,-0.00727007548935
4,1,7.23601254558,1.8090031364,-3,1,-5.42700940919,1.8090031364,-0.0056755284063,-0.00717905833597
4,1,7.23601254558,1.8090031364,-3,2,-5.42700940919,3.61800627279,0.000568930221732,0.00259669079856
4,1,7.23601254558,1.8090031364,-3,3,-5.42700940919,5.42700940919,-0.00302790630188,0.00181865905184
4,1,7.23601254558,1.8090031364,-3,4,-5.42700940919,7.23601254558,-0.00193735462593,0.00418371558081
4,1,7.23601254558,1.8090031364,-2,-4,-3.61800627279,-7.23601254558,-0.00108950139841,-0.00358908148609
4,1,7.23601254558,1.8090031364,-2,-3,-3.61800627279,-5.42700940919,7.31255173428e-05,0.0046488044793
4,1,7.23601254558,1.8090031364,-2,-2,-3.61800627279,-3.61800627279,0.0048850377697,-0.00907708203734
4,1,7.23601254558,1.8090031364,-2,-1,-3.61800627279,-1.8090031364,-0.00406181447306,-0.00470285787775
4,1,7.23601254558,1.8090031364,-2,0,-3.61800627279,0,0.0120425153054,-0.0093070846183
4,1,7.23601254558,1.8090031364,-2,1,-3.61800627279,1.8090031364,0.0209389709551,0.00470250855231
4,1,7.23601254558,1.8090031364,-2,2,-3.61800627279,3.61800627279,0.00380894399468,-0.00149171181873
4,1,7.23601254558,1.8090031364,-2,3,-3.61800627279,5.42700940919,0.00298692630077,-0.00359409350151
4,1,7.23601254558,1.8090031364,-2,4,-3.61800627279,7.23601254558,0.00523623632592,-0.00413441717509
4,1,7.23601254558,1.8090031364,-1,-4,-1.8090031364,-7.23601254558,-0.00200107876605,0.00490038170121
4,1,7.23601254558,1.8090031364,-1,-3,-1.8090031364,-5.42700940919,-0.00313727232841,-0.00698524977075
4,1,7.23601254558,1.8090031364,-1,-2,-1.8090031364,-3.61800627279,0.0106034798559,0.0181407361493
4,1,7.23601254558,1.8090031364,-1,-1,-1.8090031364,-1.8090031364,0.00990885882571,-0.00446654870519
4,1,7.23601254558,1.8090031364,-1,0,-1.8090031364,0,0.0182754866661,-0.0166442950584
4,1,7.23601254558,1.8090031364,-1,1,-1.8090031364,1.8090031364,-0.0255461615968,-0.0011816695305
4,1,7.23601254558,1.8090031364,-1,2,-1.8090031364,3.61800627279,0.000513109929327,-0.00387151177447
4,1,7.23601254558,1.8090031364,-1,3,-1.8090031364,5.42700940919,-0.00361475150928,0.00814029195121
4,1,7.23601254558,1.8090031364,-1,4,-1.8090031364,7.23601254558,0.0057027119146,-0.00511992764559
4,1,7.23601254558,1.8090031364,0,-4,0,-7.23601254558,-0.00260064243194,-0.00146326080878
4,1,7.23601254558,1.8090031364,0,-3,0,-5.42700940919,-0.00969699329686,-0.00394378997425
4,1,7.23601254558,1.8090031364,0,-2,0,-3.61800627279,0.00526696042445,-0.0037259420039
4,1,7.23601254558,1.8090031364,0,-1,0,-1.8090031364,-0.0330343329956,-0.0148612183169
4,1,7.23601254558,1.8090031364,0,0,0,0,0.00543444453301,0.0333610256838
4,1,7.23601254558,1.8090031364,0,1,0,1.8090031364,-0.0126753275463,-0.00748268055901
4,1,7.23601254558,1.8090031364,0,2,0,3.61800627279,-0.0137168448032,-0.0154661095179
4,1,7.23601254558,1.8090031364,0,3,0,5.42700940919,0.00355322122136,0.00859094647255
4,1,7.23601254558,1.8090031364,0,4,0,7.23601254558,-0.000595161487772,-0.00298887293347
4,1,7.23601254558,1.8090031364,1,-4,1.8090031364,-7.23601254558,-0.00295820456446,0.00161390251011
4,1,7.23601254558,1.8090031364,1,-3,1.8090031364,-5.42700940919,-0.0108651817795,0.000259961495668
4,1,7.23601254558,1.8090031364,1,-2,1.8090031364,-3.61800627279,-0.00425657435005,-0.0163478561939
4,1,7.23601254558,1.8090031364,1,-1,1.8090031364,-1.8090031364,0.0108989736277,0.0146690130937
4,1,7.23601254558,1.8090031364,1,0,1.8090031364,0,-0.0209957991273,0.0217059986037
4,1,7.23601254558,1.8090031364,1,1,1.8090031364,1.8090031364,0.0130555021046,-0.0090634574918
4,1,7.23601254558,1.8090031364,1,2,1.8090031364,3.61800627279,0.00919225546183,0.0103339748181
4,1,7.23601254558,1.8090031364,1,3,1.8090031364,5.42700940919,-0.00403562390033,0.0117924283321
4,1,7.23601254558,1.8090031364,1,4,1.8090031364,7.23601254558,-0.00296043911197,0.00303498476225
4,1,7.23601254558,1.8090031364,2,-4,3.61800627279,-7.23601254558,0.000449966393379,-0.000282825614959
4,1,7.23601254558,1.8090031364,2,-3,3.61800627279,-5.42700940919,0.00323027776347,-0.00186544977664
4,1,7.23601254558,1.8090031364,2,-2,3.61800627279,-3.61800627279,-0.00629665789242,-0.00160694915117
4,1,7.23601254558,1.8090031364,2,-1,3.61800627279,-1.8090031364,-0.00695115884347,-0.000140794789451
4,1,7.23601254558,1.8090031364,2,0,3.61800627279,0,-0.00328995765689,0.00857953070009
4,1,7.23601254558,1.8090031364,2,1,3.61800627279,1.8090031364,-0.0162207006631,-0.0183425602964
4,1,7.23601254558,1.8090031364,2,2,3.61800627279,3.61800627279,-0.00165508304822,0.00340728830519
4,1,7.23601254558,1.8090031364,2,3,3.61800627279,5.42700940919,-0.00507061618247,0.00249168233118
4,1,7.23601254558,1.8090031364,2,4,3.61800627279,7.23601254558,-0.000298513482912,-0.00497264769495
4,1,7.23601254558,1.8090031364,3,-4,5.42700940919,-7.23601254558,0.00402722408908,-0.00143106629444
4,1,7.23601254558,1.8090031364,3,-3,5.42700940919,-5.42700940919,0.000593216254762,0.000897691691282
4,1,7.23601254558,1.8090031364,3,-2,5.42700940919,-3.61800627279,-0.00924956610483,0.00612910776653
4,1,7.23601254558,1.8090031364,3,-1,5.42700940919,-1.8090031364,0.0040493532597,0.00585457261267
4,1,7.23601254558,1.8090031364,3,0,5.42700940919,0,-0.00590704869266,-0.00677510084666
4,1,7.23601254558,1.8090031364,3,1,5.42700940919,1.8090031364,0.00359483441899,-0.000762721552571
4,1,7.23601254558,1.8090031364,3,2,5.42700940919,3.61800627279,-0.00748982306012,-0.00445568545177
4,1,7.23601254558,1.8090031364,3,3,5.42700940919,5.42700940919,-0.00029695493071,0.00311920142168
4,1,7.23601254558,1.8090031364,3,4,5.42700940919,7.23601254558,0.000134736369549,-0.00329649900682
4,1,7.23601254558,1.8090031364,4,-4,7.23601254558,-7.23601254558,-0.00160544678083,-0.00357803803946
4,1,7.23601254558,1.8090031364,4,-3,7.23601254558,-5.42700940919,0.00252877810693,0.00902178584491
4,1,7.23601254558,1.8090031364,4,-2,7.23601254558,-3.61800627279,0.0066569412039,0.000284189252465
4,1,7.23601254558,1.8090031364,4,-1,7.23601254558,-1.8090031364,-0.00415476359649,0.00461604396812
4,1,7.23601254558,1.8090031364,4,0,7.23601254558,0,0.000849062733378,0.00208142540341
4,1,7.23601254558,1.8090031364,4,1,7.23601254558,1.8090031364,0.0413392987418,0
4,1,7.23601254558,1.8090031364,4,2,7.23601254558,3.61800627279,0.00467837537357,0.0055941550202
4,1,7.23601254558,1.8090031364,4,3,7.23601254558,5.42700940919,0.00224741203141,-0.010198892569
4,1,7.23601254558,1.8090031364,4,4,7.23601254558,7.23601254558,-0.00236249867342,-0.0029080154551
4,2,7.23601254558,3.61800627279,-4,-4,-7.23601254558,-7.23601254558,0.00128577800676,0.00052495697014
4,2,7.23601254558,3.61800627279,-4,-3,-7.23601254558,-5.42700940919,-0.0070401259286,-0.00190796978303
4,2,7.23601254558,3.61800627279,-4,-2,-7.23601254558,-3.61800627279,0.00274879274828,0.00442872459414
4,2,7.23601254558,3.61800627279,-4,-1,-7.23601254558,-1.8090031364,0.00233130941815,0.00348780852783
4,2,7.23601254558,3.61800627279,-4,0,-7.23601254558,0,-0.00273680862909,-0.00126207982461
4,2,7.23601254558,3.61800627279,-4,1,-7.23601254558,1.8090031364,0.00386085783695,-0.000952505157061
4,2,7.23601254558,3.61800627279,-4,2,-7.23601254558,3.61800627279,-0.00301837423857,-0.00500997052341
4,2,7.23601254558,3.61800627279,-4,3,-7.23601254558,5.42700940919,-0.000750097398308,0.00187100790068
4,2,7.23601254558,3.61800627279,-4,4,-7.23601254558,7.23601254558,0.00534282727056,0.00301911150288
4,2,7.23601254558,3.61800627279,-3,-4,-5.42700940919,-7.23601254558,-0.0033791618958,0.0021177892628
4,2,7.23601254558,3.61800627279,-3,-3,-5.42700940919,-5.42700940919,-0.00670549880794,0.00113403822793
4,2,7.23601254558,3.61800627279,-3,-2,-5.42700940919,-3.61800627279,0.00870805081829,0.000683625392369
4,2,7.23601254558,3.61800627279,-3,-1,-5.42700940919,-1.8090031364,-0.00389114687417,-0.00042201631025
4,2,7.23601254558,3.61800627279,-3,0,-5.42700940919,0,-0.000887786786388,0.00519682273254
4,2,7.23601254558,3.61800627279,-3,1,-5.42700940919,1.8090031364,-0.00988849426098,-0.00623135271817
4,2,7.23601254558,3.61800627279,-3,2,-5.42700940919,3.61800627279,0.00159661963096,0.00148057282758
4,2,7.23601254558,3.61800627279,-3,3,-5.42700940919,5.42700940919,0.00404574837375,0.00188385778607
4,2,7.23601254558,3.61800627279,-3,4,-5.42700940919,7.23601254558,-0.00168008867106,0.000929296109346
4,2,7.23601254558,3.61800627279,-2,-4,-3.61800627279,-7.23601254558,0.00463171865964,0.00409170457436
4,2,7.23601254558,3.61800627279,-2,-3,-3.61800627279,-5.42700940919,-0.000943220477922,-0.00474373108912
4,2,7.23601254558,3.61800627279,-2,-2,-3.61800627279,-3.61800627279,0.00096866187463,0.00129838054887
4,2,7.23601254558,3.61800627279,-2,-1,-3.61800627279,-1.8090031364,0.00766670236832,-0.0125939379888
4,2,7.23601254558,3.61800627279,-2,0,-3.61800627279,0,-0.0103160884438,-0.000539769701362
4,2,7.23601254558,3.61800627279,-2,1,-3.61800627279,1.8090031364,0.0103380271241,-0.00731947790029
4,2,7.23601254558,3.61800627279,-2,2,-3.61800627279,3.61800627279,0.0130369700147,0.000970376065443
4,2,7.23601254558,3.61800627279,-2,3,-3.61800627279,5.42700940919,0.00306711444583,-0.000875887766908
4,2,7.23601254558,3.61800627279,-2,4,-3.61800627279,7.23601254558,-5.95506083049e-05,-0.00463198634366
4,2,7.23601254558,3.61800627279,-1,-4,-1.8090031364,-7.23601254558,0.000893352323239,0.0052241299174
4,2,7.23601254558,3.61800627279,-1,-3,-1.8090031364,-5.42700940919,-0.00639068185715,0.00525120533453
4,2,7.23601254558,3.61800627279,-1,-2,-1.8090031364,-3.61800627279,-0.0038413680504,-0.0129441148724
4,2,7.23601254558,3.61800627279,-1,-1,-1.8090031364,-1.8090031364,0.0183952374699,0.0237848615276
4,2,7.23601254558,3.61800627279,-1,0,-1.8090031364,0,0.00744101026845,-0.000743777019588
4,2,7.23601254558,3.61800627279,-1,1,-1.8090031364,1.8090031364,0.00860830661523,-0.010310964781
4,2,7.23601254558,3.61800627279,-1,2,-1.8090031364,3.61800627279,-0.00839427226147,-0.00818254023895
4,2,7.23601254558,3.61800627279,-1,3,-1.8090031364,5.42700940919,-0.000239349628291,-0.00433368746449
4,2,7.23601254558,3.61800627279,-1,4,-1.8090031364,7.23601254558,-0.00563227509419,0.004576912154
4,2,7.23601254558,3.61800627279,0,-4,0,-7.23601254558,0.00736080327291,0.00160976483362
4,2,7.23601254558,3.61800627279,0,-3,0,-5.42700940919,0.002350479817,-0.00867355656782
4,2,7.23601254558,3.61800627279,0,-2,0,-3.61800627279,-0.0100944981992,-0.00503481226829
4,2,7.23601254558,3.61800627279,0,-1,0,-1.8090031364,-0.00574642492514,-0.00998934742263
4,2,7.23601254558,3.61800627279,0,0,0,0,-0.0354175135935,-0.0140343355996
4,2,7.23601254558,3.61800627279,0,1,0,1.8090031364,0.0055439720022,0.013550042871
4,2,7.23601254558,3.61800627279,0,2,0,3.61800627279,-0.0127206142953,-0.00470677853738
4,2,7.23601254558,3.61800627279,0,3,0,5.42700940919,-0.00997571087741,-0.00345827993567
4,2,7.23601254558,3.61800627279,0,4,0,7.23601254558,-0.00135721026255,0.00286144349439
4,2,7.23601254558,3.61800627279,1,-4,1.8090031364,-7.23601254558,-0.00281409077466,-0.00306779621018
4,2,7.23601254558,3.61800627279,1,-3,1.8090031364,-5.42700940919,-0.00123721575762,0.00471166834224
4,2,7.23601254558,3.61800627279,1,-2,1.8090031364,-3.61800627279,-0.0213893550194,0.00391083643988
4,2,7.23601254558,3.61800627279,1,-1,1.8090031364,-1.8090031364,-0.0082652354565,-0.0200457658288
4,2,7.23601254558,3.61800627279,1,0,1.8090031364,0,0.0153049510569,0.00320273159186
4,2,7.23601254558,3.61800627279,1,1,1.8090031364,1.8090031364,-0.0256524133625,0.0215698069974
4,2,7.23601254558,3.61800627279,1,2,1.8090031364,3.61800627279,0.00969331262594,0.00510511381191
4,2,7.23601254558,3.61800627279,1,3,1.8090031364,5.42700940919,0.00202463930473,0.00450095230057
4,2,7.23601254558,3.61800627279,1,4,1.8090031364,7.23601254558,0.000261515112369,0.00339090204546
4,2,7.23601254558,3.61800627279,2,-4,3.61800627279,-7.23601254558,0.00101507719738,-0.000207982531926
4,2,7.23601254558,3.61800627279,2,-3,3.61800627279,-5.42700940919,0.000426060310035,-0.00200098281198
4,2,7.23601254558,3.61800627279,2,-2,3.61800627279,-3.61800627279,0.00840059909907,-0.000664278774928
4,2,7.23601254558,3.61800627279,2,-1,3.61800627279,-1.8090031364,-0.00971476994446,-0.0056784836301
4,2,7.23601254558,3.61800627279,2,0,3.61800627279,0,-0.00671739154182,0.00254169016306
4,2,7.23601254558,3.61800627279,2,1,3.61800627279,1.8090031364,-0.00343977465241,0.00872613954069
4,2,7.23601254558,3.61800627279,2,2,3.61800627279,3.61800627279,-0.0127904888417,-0.0140502978105
4,2,7.23601254558,3.61800627279,2,3,3.61800627279,5.42700940919,-0.00285111618872,0.00460551554005
4,2,7.23601254558,3.61800627279,2,4,3.61800627279,7.23601254558,-0.000949403178685,-0.00229222965648
4,2,7.23601254558,3.61800627279,3,-4,5.42700940919,-7.23601254558,-0.00479571859524,0.00319352669008
4,2,7.23601254558,3.61800627279,3,-3,5.42700940919,-5.42700940919,0.00435365132831,0.00250047585964
4,2,7.23601254558,3.61800627279,3,-2,5.42700940919,-3.61800627279,-0.00124211406825,-0.000785147513824
4,2,7.23601254558,3.61800627279,3,-1,5.42700940919,-1.8090031364,-0.0085981872998,0.00667157358531
4,2,7.23601254558,3.61800627279,3,0,5.42700940919,0,-0.00107448963093,0.00826573898924
4,2,7.23601254558,3.61800627279,3,1,5.42700940919,1.8090031364,-0.00584852492309,0.000272965288407
4,2,7.23601254558,3.61800627279,3,2,5.42700940919,3.61800627279,0.00573101546011,-0.00379152243174
4,2,7.23601254558,3.61800627279,3,3,5.42700940919,5.42700940919,-0.00117732537758,-0.000792023216919
4,2,7.23601254558,3.61800627279,3,4,5.42700940919,7.23601254558,-0.00122558468854,0.000417869561334
4,2,7.23601254558,3.61800627279,4,-4,7.23601254558,-7.23601254558,0.00279866128673,-0.00139618386569
4,2,7.23601254558,3.61800627279,4,-3,7.23601254558,-5.42700940919,-0.00333973988738,-0.00186533376454
4,2,7.23601254558,3.61800627279,4,-2,7.23601254558,-3.61800627279,0.00222782348781,0.00514180415175
4,2,7.23601254558,3.61800627279,4,-1,7.23601254558,-1.8090031364,0.00326616178552,-0.000594751164385
4,2,7.23601254558,3.61800627279,4,0,7.23601254558,0,0.000459043675887,0.0109891327287
4,2,7.23601254558,3.61800627279,4,1,7.23601254558,1.8090031364,0.00467837537357,-0.0055941550202
4,2,7.23601254558,3.61800627279,4,2,7.23601254558,3.61800627279,0.0204093120738,0
4,2,7.23601254558,3.61800627279,4,3,7.23601254558,5.42700940919,0.00479820845018,0.00468108757725
4,2,7.23601254558,3.61800627279,4,4,7.23601254558,7.23601254558,-0.000388677513818,-0.00246492790279
4,3,7.23601254558,5.42700940919,-4,-4,-7.23601254558,-7.23601254558,-0.00184263667027,3.14908158684e-05
4,3,7.23601254558,5.42700940919,-4,-3,-7.23601254558,-5.42700940919,0.00636558112801,0.0027645950822
4,3,7.23601254558,5.42700940919,-4,-2,-7.23601254558,-3.61800627279,-0.0070401259286,-0.00190796978303
4,3,7.23601254558,5.42700940919,-4,-1,-7.23601254558,-1.8090031364,-0.000424728675231,0.00019961436112
4,3,7.23601254558,5.42700940919,-4,0,-7.23601254558,0,-0.00172071421723,-0.00413601092593
4,3,7.23601254558,5.42700940919,-4,1,-7.23601254558,1.8090031364,-0.00354440272275,0.00608173243637
4,3,7.23601254558,5.42700940919,-4,2,-7.23601254558,3.61800627279,0.00164926441293,-0.00231068844767
4,3,7.23601254558,5.42700940919,-4,3,-7.23601254558,5.42700940919,-0.00634265093034,-0.00190691659119
4,3,7.23601254558,5.42700940919,-4,4,-7.23601254558,7.23601254558,0.00058027946134,-0.00245490079037
4,3,7.23601254558,5.42700940919,-3,-4,-5.42700940919,-7.23601254558,0.00521327349945,0.000732258428764
4,3,7.23601254558,5.42700940919,-3,-3,-5.42700940919,-5.42700940919,-0.00541043343276,0.00216555981271
4,3,7.23601254558,5.42700940919,-3,-2,-5.42700940919,-3.61800627279,-0.00844387059376,0.00222609467612
4,3,7.23601254558,5.42700940919,-3,-1,-5.42700940919,-1.8090031364,0.000991176706323,-0.00280038464354
4,3,7.23601254558,5.42700940919,-3,0,-5.42700940919,0,0.00322214160293,0.00563400785849
4,3,7.23601254558,5.42700940919,-3,1,-5.42700940919,1.8090031364,0.0042936846394,0.00465181455331
4,3,7.23601254558,5.42700940919,-3,2,-5.42700940919,3.61800627279,-0.00842672780053,-0.00236135980514
4,3,7.23601254558,5.42700940919,-3,3,-5.42700940919,5.42700940919,0.00350861778936,0.000711565152541
4,3,7.23601254558,5.42700940919,-3,4,-5.42700940919,7.23601254558,0.00355491380585,0.00137318587318
4,3,7.23601254558,5.42700940919,-2,-4,-3.61800627279,-7.23601254558,-0.00233077552553,0.00334641814786
4,3,7.23601254558,5.42700940919,-2,-3,-3.61800627279,-5.42700940919,0.00243160520011,0.00208550489493
4,3,7.23601254558,5.42700940919,-2,-2,-3.61800627279,-3.61800627279,-7.95553680869e-05,-0.00768099527986
4,3,7.23601254558,5.42700940919,-2,-1,-3.61800627279,-1.8090031364,0.00318158806059,0.00304862419956
4,3,7.23601254558,5.42700940919,-2,0,-3.61800627279,0,0.00916431765055,-0.0125623174579
4,3,7.23601254558,5.42700940919,-2,1,-3.61800627279,1.8090031364,-0.00468799021685,0.00243172402839
4,3,7.23601254558,5.42700940919,-2,2,-3.61800627279,3.61800627279,0.00659206032301,-0.00440383622006
4,3,7.23601254558,5.42700940919,-2,3,-3.61800627279,5.42700940919,0.00306917381139,0.00110657573428
4,3,7.23601254558,5.42700940919,-2,4,-3.61800627279,7.23601254558,0.00156117519171,0.000614330639315
4,3,7.23601254558,5.42700940919,-1,-4,-1.8090031364,-7.23601254558,0.00310753101144,-0.00379169890425
4,3,7.23601254558,5.42700940919,-1,-3,-1.8090031364,-5.42700940919,-0.00272300038609,0.0085047880992
4,3,7.23601254558,5.42700940919,-1,-2,-1.8090031364,-3.61800627279,-0.0107790213051,0.00591872672051
4,3,7.23601254558,5.42700940919,-1,-1,-1.8090031364,-1.8090031364,-0.0126690707985,-0.0128968136531
4,3,7.23601254558,5.42700940919,-1,0,-1.8090031364,0,0.0272481127053,0.0228130993371
4,3,7.23601254558,5.42700940919,-1,1,-1.8090031364,1.8090031364,0.00400752939572,0.00132457698419
4,3,7.23601254558,5.42700940919,-1,2,-1.8090031364,3.61800627279,0.00274688516153,-0.00373232154603
4,3,7.23601254558,5.42700940919,-1,3,-1.8090031364,5.42700940919,0.00186271658727,-0.00236407435139
4,3,7.23601254558,5.42700940919,-1,4,-1.8090031364,7.23601254558,0.001491365007,-0.00527906409333
4,3,7.23601254558,5.42700940919,0,-4,0,-7.23601254558,0.00296565607693,0.002371071194
4,3,7.23601254558,5.42700940919,0,-3,0,-5.42700940919,0.00771621593393,0.0100596834473
4,3,7.23601254558,5.42700940919,0,-2,0,-3.61800627279,0.00440250461026,-0.00850539179265
4,3,7.23601254558,5.42700940919,0,-1,0,-1.8090031364,-0.00773124283906,-0.0215155875284
4,3,7.23601254558,5.42700940919,0,0,0,0,-0.00971672004719,-0.00996917864293
4,3,7.23601254558,5.42700940919,0,1,0,1.8090031364,-0.0262213169989,-0.00123322898128
4,3,7.23601254558,5.42700940919,0,2,0,3.61800627279,0.00399711980455,-0.0011119565318
4,3,7.23601254558,5.42700940919,0,3,0,5.42700940919,-0.000699754873242,-0.00378109109943
4,3,7.23601254558,5.42700940919,0,4,0,7.23601254558,-0.00331203256441,0.000514459319663
4,3,7.23601254558,5.42700940919,1,-4,1.8090031364,-7.23601254558,0.00370079050807,-0.0006569021817
4,3,7.23601254558,5.42700940919,1,-3,1.8090031364,-5.42700940919,0.000221202757785,-0.00134320527078
4,3,7.23601254558,5.42700940919,1,-2,1.8090031364,-3.61800627279,0.00701368485006,-0.00507591462385
4,3,7.23601254558,5.42700940919,1,-1,1.8090031364,-1.8090031364,-0.036234799641,0.0051715717384
4,3,7.23601254558,5.42700940919,1,0,1.8090031364,0,-0.00272614644058,-0.0183377117644
4,3,7.23601254558,5.42700940919,1,1,1.8090031364,1.8090031364,0.012748238411,-0.00388895515281
4,3,7.23601254558,5.42700940919,1,2,1.8090031364,3.61800627279,-0.0174427876804,0.00911386349742
4,3,7.23601254558,5.42700940919,1,3,1.8090031364,5.42700940919,0.00561720428265,0.00498532477782
4,3,7.23601254558,5.42700940919,1,4,1.8090031364,7.23601254558,-0.00256098614062,0.00377578814105
4,3,7.23601254558,5.42700940919,2,-4,3.61800627279,-7.23601254558,-0.00381055478877,-0.00348678816002
4,3,7.23601254558,5.42700940919,2,-3,3.61800627279,-5.42700940919,0.00117416887488,-0.00220076704993
4,3,7.23601254558,5.42700940919,2,-2,3.61800627279,-3.61800627279,0.000417415342651,-0.0035939431652
4,3,7.23601254558,5.42700940919,2,-1,3.61800627279,-1.8090031364,0.0107589167822,0.00018928028601
4,3,7.23601254558,5.42700940919,2,0,3.61800627279,0,-0.0139979919163,-0.0121086915719
4,3,7.23601254558,5.42700940919,2,1,3.61800627279,1.8090031364,-0.00164995325388,0.00552535831388
4,3,7.23601254558,5.42700940919,2,2,3.61800627279,3.61800627279,-0.00141570536776,0.00245273468185
4,3,7.23601254558,5.42700940919,2,3,3.61800627279,5.42700940919,-0.00925576781858,-0.00379125216313
4,3,7.23601254558,5.42700940919,2,4,3.61800627279,7.23601254558,-0.00149315708443,0.00240872007339
4,3,7.23601254558,5.42700940919,3,-4,5.42700940919,-7.23601254558,-0.00389097573069,-0.00409998640292
4,3,7.23601254558,5.42700940919,3,-3,5.42700940919,-5.42700940919,-0.00673232332279,0.00410688421274
4,3,7.23601254558,5.42700940919,3,-2,5.42700940919,-3.61800627279,0.00276348560371,0.000771568001502
4,3,7.23601254558,5.42700940919,3,-1,5.42700940919,-1.8090031364,-0.00139440026092,-0.000992490233181
4,3,7.23601254558,5.42700940919,3,0,5.42700940919,0,-0.00443621708695,0.00446873129318
4,3,7.23601254558,5.42700940919,3,1,5.42700940919,1.8090031364,-0.00780821052727,0.00436703900144
4,3,7.23601254558,5.42700940919,3,2,5.42700940919,3.61800627279,-0.00147976975037,0.00352958481734
4,3,7.23601254558,5.42700940919,3,3,5.42700940919,5.42700940919,0.00286859322974,-0.0021832912254
4,3,7.23601254558,5.42700940919,3,4,5.42700940919,7.23601254558,0.00092902361982,-0.00123197762892
4,3,7.23601254558,5.42700940919,4,-4,7.23601254558,-7.23601254558,-0.00221031649883,0.00424366448886
4,3,7.23601254558,5.42700940919,4,-3,7.23601254558,-5.42700940919,0.00305610256405,0.00134289566909
4,3,7.23601254558,5.42700940919,4,-2,7.23601254558,-3.61800627279,1.1291396908e-05,-0.000323333207019
4,3,7.23601254558,5.42700940919,4,-1,7.23601254558,-1.8090031364,0.00447183107084,-0.000721167893289
4,3,7.23601254558,5.42700940919,4,0,7.23601254558,0,-0.00439588896967,0.00243858519232
4,3,7.23601254558,5.42700940919,4,1,7.23601254558,1.8090031364,0.00224741203141,0.010198892569
4,3,7.23601254558,5.42700940919,4,2,7.23601254558,3.61800627279,0.00479820845018,-0.00468108757725
4,3,7.23601254558,5.42700940919,4,3,7.23601254558,5.42700940919,0.00598124859658,0
4,3,7.23601254558,5.42700940919,4,4,7.23601254558,7.23601254558,0.00182959709214,0.000952574683661
4,4,7.23601254558,7.23601254558,-4,-4,-7.23601254558,-7.23601254558,0.000734216845647,-0.00793832143954
4,4,7.23601254558,7.23601254558,-4,-3,-7.23601254558,-5.42700940919,-0.00184263667027,3.14908158684e-05
4,4,7.23601254558,7.23601254558,-4,-2,-7.23601254558,-3.61800627279,0.00128577800676,0.00052495697014
4,4,7.23601254558,7.23601254558,-4,-1,-7.23601254558,-1.8090031364,-0.000790315828653,0.00222346241913
4,4,7.23601254558,7.23601254558,-4,0,-7.23601254558,0,0.00127021420442,-0.000626765468607
4,4,7.23601254558,7.23601254558,-4,1,-7.23601254558,1.8090031364,-0.00559168932133,-0.00417576642771
4,4,7.23601254558,7.23601254558,-4,2,-7.23601254558,3.61800627279,-0.000899499119538,0.00550343110561
4,4,7.23601254558,7.23601254558,-4,3,-7.23601254558,5.42700940919,-2.85448527069e-05,-0.000911879436075
4,4,7.23601254558,7.23601254558,-4,4,-7.23601254558,7.23601254558,-0.00152121903806,0.00262893978734
4,4,7.23601254558,7.23601254558,-3,-4,-5.42700940919,-7.23601254558,0.00123890392016,0.00197489186435
4,4,7.23601254558,7.23601254558,-3,-3,-5.42700940919,-5.42700940919,0.00457760996972,0.000259212554657
4,4,7.23601254558,7.23601254558,-3,-2,-5.42700940919,-3.61800627279,-0.000872668482239,0.00441034816109
4,4,7.23601254558,7.23601254558,-3,-1,-5.42700940919,-1.8090031364,-0.00829821238028,-0.000806319595196
4,4,7.23601254558,7.23601254558,-3,0,-5.42700940919,0,-0.0052713855541,-0.00196893485816
4,4,7.23601254558,7.23601254558,-3,1,-5.42700940919,1.8090031364,0.00641302541667,0.00291055943577
4,4,7.23601254558,7.23601254558,-3,2,-5.42700940919,3.61800627279,0.0021084825304,0.0045826790749
4,4,7.23601254558,7.23601254558,-3,3,-5.42700940919,5.42700940919,-0.00218719187888,-0.00179003228523
4,4,7.23601254558,7.23601254558,-3,4,-5.42700940919,7.23601254558,0.00564898002329,-0.00243157863557
4,4,7.23601254558,7.23601254558,-2,-4,-3.61800627279,-7.23601254558,-0.000448470226063,-0.00320152152259
4,4,7.23601254558,7.23601254558,-2,-3,-3.61800627279,-5.42700940919,-0.00149959322078,0.00166998200615
4,4,7.23601254558,7.23601254558,-2,-2,-3.61800627279,-3.61800627279,0.00517910184926,4.12956972987e-05
4,4,7.23601254558,7.23601254558,-2,-1,-3.61800627279,-1.8090031364,-0.00850775383048,-0.0112378995044
4,4,7.23601254558,7.23601254558,-2,0,-3.61800627279,0,0.00412668350656,-0.000714015949261
4,4,7.23601254558,7.23601254558,-2,1,-3.61800627279,1.8090031364,0.00696119172779,-0.00694325141629
4,4,7.23601254558,7.23601254558,-2,2,-3.61800627279,3.61800627279,0.00175741775965,0.00047679363963
4,4,7.23601254558,7.23601254558,-2,3,-3.61800627279,5.42700940919,0.00285774997482,-0.00369797640243
4,4,7.23601254558,7.23601254558,-2,4,-3.61800627279,7.23601254558,0.00147207534603,0.00248871928534
4,4,7.23601254558,7.23601254558,-1,-4,-1.8090031364,-7.23601254558,-0.000127016812759,0.00087271230845
4,4,7.23601254558,7.23601254558,-1,-3,-1.8090031364,-5.42700940919,-0.000428565524125,-0.00150205328234
4,4,7.23601254558,7.23601254558,-1,-2,-1.8090031364,-3.61800627279,-0.0019843167999,0.0077092103969
4,4,7.23601254558,7.23601254558,-1,-1,-1.8090031364,-1.8090031364,-0.0256358503585,0.00873107986064
4,4,7.23601254558,7.23601254558,-1,0,-1.8090031364,0,-0.0191997249625,-0.0131615762861
4,4,7.23601254558,7.23601254558,-1,1,-1.8090031364,1.8090031364,0.0275582374569,0.0217539353668
4,4,7.23601254558,7.23601254558,-1,2,-1.8090031364,3.61800627279,0.00476014418379,-0.00107328035799
4,4,7.23601254558,7.23601254558,-1,3,-1.8090031364,5.42700940919,-0.00228383873515,-0.00109649187732
4,4,7.23601254558,7.23601254558,-1,4,-1.8090031364,7.23601254558,0.00115387101755,0.00476854737889
4,4,7.23601254558,7.23601254558,0,-4,0,-7.23601254558,0.002499334919,-0.00442189425715
4,4,7.23601254558,7.23601254558,0,-3,0,-5.42700940919,0.00669137106717,0.00152308650505
4,4,7.23601254558,7.23601254558,0,-2,0,-3.61800627279,0.00597389726632,0.0181118977939
4,4,7.23601254558,7.23601254558,0,-1,0,-1.8090031364,0.00847331672454,0.0043201976729
4,4,7.23601254558,7.23601254558,0,0,0,0,-0.00401677888637,-0.0365742604556
4,4,7.23601254558,7.23601254558,0,1,0,1.8090031364,-0.00595687987571,-0.00388606678489
4,4,7.23601254558,7.23601254558,0,2,0,3.61800627279,-0.0146975398582,0.000415820373717
4,4,7.23601254558,7.23601254558,0,3,0,5.42700940919,-0.00132316158626,0.00187716586537
4,4,7.23601254558,7.23601254558,0,4,0,7.23601254558,0.0065814180095,-0.00327854421988
4,4,7.23601254558,7.23601254558,1,-4,1.8090031364,-7.23601254558,0.00183491330855,0.000890061045469
4,4,7.23601254558,7.23601254558,1,-3,1.8090031364,-5.42700940919,0.00512288350167,0.00516997907813
4,4,7.23601254558,7.23601254558,1,-2,1.8090031364,-3.61800627279,0.0100861159048,0.0121817373387
4,4,7.23601254558,7.23601254558,1,-1,1.8090031364,-1.8090031364,0.0137783800068,-0.0218562568831
4,4,7.23601254558,7.23601254558,1,0,1.8090031364,0,-0.0411968427409,0.00120673845186
4,4,7.23601254558,7.23601254558,1,1,1.8090031364,1.8090031364,-0.00402491255008,-0.009445405692
4,4,7.23601254558,7.23601254558,1,2,1.8090031364,3.61800627279,0.00446220060104,-0.00445232129836
4,4,7.23601254558,7.23601254558,1,3,1.8090031364,5.42700940919,-0.0049621404713,0.0037718700093
4,4,7.23601254558,7.23601254558,1,4,1.8090031364,7.23601254558,0.0014898212835,-0.00171937443234
4,4,7.23601254558,7.23601254558,2,-4,3.61800627279,-7.23601254558,0.000691256935997,0.00173971169504
4,4,7.23601254558,7.23601254558,2,-3,3.61800627279,-5.42700940919,-0.00070699234033,0.00661604030352
4,4,7.23601254558,7.23601254558,2,-2,3.61800627279,-3.61800627279,-0.00236420449031,-0.0081507833753
4,4,7.23601254558,7.23601254558,2,-1,3.61800627279,-1.8090031364,-9.59501641645e-05,-0.00465909772932
4,4,7.23601254558,7.23601254558,2,0,3.61800627279,0,0.0124881825581,0.00253563084727
4,4,7.23601254558,7.23601254558,2,1,3.61800627279,1.8090031364,-0.0148381395194,-0.00559822395995
4,4,7.23601254558,7.23601254558,2,2,3.61800627279,3.61800627279,0.000779140003181,0.00185219757667
4,4,7.23601254558,7.23601254558,2,3,3.61800627279,5.42700940919,0.00642385178612,-0.00213851137319
4,4,7.23601254558,7.23601254558,2,4,3.61800627279,7.23601254558,-0.00507893902762,-0.00075787858008
4,4,7.23601254558,7.23601254558,3,-4,5.42700940919,-7.23601254558,0.00321193872145,-0.000305699864689
4,4,7.23601254558,7.23601254558,3,-3,5.42700940919,-5.42700940919,-0.000539678456037,-0.00386201690029
4,4,7.23601254558,7.23601254558,3,-2,5.42700940919,-3.61800627279,-0.00536628239183,0.000649271288922
4,4,7.23601254558,7.23601254558,3,-1,5.42700940919,-1.8090031364,-0.000790583147712,-0.00220789082544
4,4,7.23601254558,7.23601254558,3,0,5.42700940919,0,-0.00255305249045,0.00164319992066
4,4,7.23601254558,7.23601254558,3,1,5.42700940919,1.8090031364,-0.00194667820649,0.00348207494273
4,4,7.23601254558,7.23601254558,3,2,5.42700940919,3.61800627279,-0.00352632669694,-0.000144656078027
4,4,7.23601254558,7.23601254558,3,3,5.42700940919,5.42700940919,-0.00195923927251,-0.000410702845131
4,4,7.23601254558,7.23601254558,3,4,5.42700940919,7.23601254558,-0.00136472874038,0.00204573820915
4,4,7.23601254558,7.23601254558,4,-4,7.23601254558,-7.23601254558,-0.00540749943535,-0.00360605590665
4,4,7.23601254558,7.23601254558,4,-3,7.23601254558,-5.42700940919,-0.000614022925011,0.000641722363107
4,4,7.23601254558,7.23601254558,4,-2,7.23601254558,-3.61800627279,-0.00479433190269,0.0017558830078
4,4,7.23601254558,7.23601254558,4,-1,7.23601254558,-1.8090031364,0.00184580837985,0.00394230549831
4,4,7.23601254558,7.23601254558,4,0,7.23601254558,0,0.00471128032352,-0.00322832574787
4,4,7.23601254558,7.23601254558,4,1,7.23601254558,1.8090031364,-0.00236249867342,0.0029080154551
4,4,7.23601254558,7.23601254558,4,2,7.23601254558,3.61800627279,-0.000388677513818,0.00246492790279
4,4,7.23601254558,7.23601254558,4,3,7.23601254558,5.42700940919,0.00182959709214,-0.000952574683661
4,4,7.23601254558,7.23601254558,4,4,7.23601254558,7.23601254558,0.00212554651348,0
