2026-06-09 01:58:52,968 - JAX version: 0.10.1
2026-06-09 01:58:52,970 - jax_enable_x64: False
2026-06-09 01:58:52,970 - JAXlib version: 0.10.1
2026-06-09 01:58:52,970 - KFAC-JAX version: 0.0.8
2026-06-09 01:58:52,970 - Available devices: ['cuda:0', 'cuda:1']
2026-06-09 01:58:52,970 - Platform: gpu
2026-06-09 01:58:52,970 - Default precision: float32
2026-06-09 01:58:52,970 - Default matmul precision: float32
2026-06-09 01:58:52,970 - GPU information: ['Tesla V100-PCIE-32GB', 'Tesla V100-PCIE-32GB']
2026-06-09 01:58:52,970 - Python version: 3.13.13
2026-06-09 01:58:52,970 - System: Linux #20260508 SMP PREEMPT_DYNAMIC Fri May  8 11:20:56 EDT 2026
2026-06-09 01:58:52,970 - Processor: x86_64
2026-06-09 01:58:52,970 - Numpy version: 2.4.6
2026-06-09 01:58:52,970 - CUDA_VISIBLE_DEVICES: GPU-5372eee7-f595-df25-c2a3-055d0aefe015,GPU-19d791f0-2de9-31c6-627a-27aa40050dc0
2026-06-09 01:58:52,970 - NVIDIA driver version: 580.126.09
580.126.09
2026-06-09 01:58:52,970 - GPU models: Tesla V100-PCIE-32GB, Tesla V100-PCIE-32GB
2026-06-09 01:58:52,978 - Starting QMC with 2 XLA devices per host across 1 hosts.
2026-06-09 01:58:56,274 - Loading checkpoint /home/gridsan/hlo1/project/PeriodicWaveBoson/results/anneal_rs_N24_layers12_12_d1.5_D20.0_seed1_sq/N24_layers12_12_rs0.3_d1.5_D20.0_seed1_sq/qmcjax_ckpt_004999.npz
2026-06-09 01:58:56,319 - Resetting iteration counter after checkpoint restore.
2026-06-09 01:58:56,319 - Resetting optimizer state after checkpoint restore.
2026-06-09 01:58:57,847 - Unregularized parameters masking info (for curvature calculations and L2 regularization)
2026-06-09 01:58:57,847 -   Not masking out (DictKey(key='embed'), DictKey(key='b'))
2026-06-09 01:58:57,847 -   Not masking out (DictKey(key='embed'), DictKey(key='w'))
2026-06-09 01:58:57,847 -   Not masking out (DictKey(key='phi'), SequenceKey(idx=0), SequenceKey(idx=0), DictKey(key='b'))
2026-06-09 01:58:57,847 -   Not masking out (DictKey(key='phi'), SequenceKey(idx=0), SequenceKey(idx=0), DictKey(key='w'))
2026-06-09 01:58:57,847 -   Not masking out (DictKey(key='phi'), SequenceKey(idx=0), SequenceKey(idx=1), DictKey(key='b'))
2026-06-09 01:58:57,847 -   Not masking out (DictKey(key='phi'), SequenceKey(idx=0), SequenceKey(idx=1), DictKey(key='w'))
2026-06-09 01:58:57,847 -   Not masking out (DictKey(key='phi'), SequenceKey(idx=1), SequenceKey(idx=0), DictKey(key='b'))
2026-06-09 01:58:57,847 -   Not masking out (DictKey(key='phi'), SequenceKey(idx=1), SequenceKey(idx=0), DictKey(key='w'))
2026-06-09 01:58:57,847 -   Not masking out (DictKey(key='phi'), SequenceKey(idx=1), SequenceKey(idx=1), DictKey(key='b'))
2026-06-09 01:58:57,847 -   Not masking out (DictKey(key='phi'), SequenceKey(idx=1), SequenceKey(idx=1), DictKey(key='w'))
2026-06-09 01:58:57,848 -   Not masking out (DictKey(key='phi'), SequenceKey(idx=2), SequenceKey(idx=0), DictKey(key='b'))
2026-06-09 01:58:57,848 -   Not masking out (DictKey(key='phi'), SequenceKey(idx=2), SequenceKey(idx=0), DictKey(key='w'))
2026-06-09 01:58:57,848 -   Not masking out (DictKey(key='phi'), SequenceKey(idx=2), SequenceKey(idx=1), DictKey(key='b'))
2026-06-09 01:58:57,848 -   Not masking out (DictKey(key='phi'), SequenceKey(idx=2), SequenceKey(idx=1), DictKey(key='w'))
2026-06-09 01:58:57,848 -   Not masking out (DictKey(key='rho'), SequenceKey(idx=0), DictKey(key='b'))
2026-06-09 01:58:57,848 -   Not masking out (DictKey(key='rho'), SequenceKey(idx=0), DictKey(key='w'))
2026-06-09 01:58:57,848 -   Not masking out (DictKey(key='rho'), SequenceKey(idx=1), DictKey(key='b'))
2026-06-09 01:58:57,848 -   Not masking out (DictKey(key='rho'), SequenceKey(idx=1), DictKey(key='w'))
2026-06-09 01:58:57,848 -   Not masking out (DictKey(key='transformer'), SequenceKey(idx=0), DictKey(key='attn_ln'), DictKey(key='offset'))
2026-06-09 01:58:57,848 -   Not masking out (DictKey(key='transformer'), SequenceKey(idx=0), DictKey(key='attn_ln'), DictKey(key='scale'))
2026-06-09 01:58:57,848 -   Not masking out (DictKey(key='transformer'), SequenceKey(idx=0), DictKey(key='ff1'), DictKey(key='b'))
2026-06-09 01:58:57,848 -   Not masking out (DictKey(key='transformer'), SequenceKey(idx=0), DictKey(key='ff1'), DictKey(key='w'))
2026-06-09 01:58:57,848 -   Not masking out (DictKey(key='transformer'), SequenceKey(idx=0), DictKey(key='ff2'), DictKey(key='b'))
2026-06-09 01:58:57,848 -   Not masking out (DictKey(key='transformer'), SequenceKey(idx=0), DictKey(key='ff2'), DictKey(key='w'))
2026-06-09 01:58:57,848 -   Not masking out (DictKey(key='transformer'), SequenceKey(idx=0), DictKey(key='ff_ln'), DictKey(key='offset'))
2026-06-09 01:58:57,848 -   Not masking out (DictKey(key='transformer'), SequenceKey(idx=0), DictKey(key='ff_ln'), DictKey(key='scale'))
2026-06-09 01:58:57,848 -   Not masking out (DictKey(key='transformer'), SequenceKey(idx=0), DictKey(key='k_w'))
2026-06-09 01:58:57,848 -   Not masking out (DictKey(key='transformer'), SequenceKey(idx=0), DictKey(key='out_w'))
2026-06-09 01:58:57,848 -   Not masking out (DictKey(key='transformer'), SequenceKey(idx=0), DictKey(key='q_w'))
2026-06-09 01:58:57,848 -   Not masking out (DictKey(key='transformer'), SequenceKey(idx=0), DictKey(key='v_w'))
2026-06-09 01:58:57,848 -   Not masking out (DictKey(key='transformer'), SequenceKey(idx=1), DictKey(key='attn_ln'), DictKey(key='offset'))
2026-06-09 01:58:57,848 -   Not masking out (DictKey(key='transformer'), SequenceKey(idx=1), DictKey(key='attn_ln'), DictKey(key='scale'))
2026-06-09 01:58:57,848 -   Not masking out (DictKey(key='transformer'), SequenceKey(idx=1), DictKey(key='ff1'), DictKey(key='b'))
2026-06-09 01:58:57,848 -   Not masking out (DictKey(key='transformer'), SequenceKey(idx=1), DictKey(key='ff1'), DictKey(key='w'))
2026-06-09 01:58:57,848 -   Not masking out (DictKey(key='transformer'), SequenceKey(idx=1), DictKey(key='ff2'), DictKey(key='b'))
2026-06-09 01:58:57,848 -   Not masking out (DictKey(key='transformer'), SequenceKey(idx=1), DictKey(key='ff2'), DictKey(key='w'))
2026-06-09 01:58:57,848 -   Not masking out (DictKey(key='transformer'), SequenceKey(idx=1), DictKey(key='ff_ln'), DictKey(key='offset'))
2026-06-09 01:58:57,848 -   Not masking out (DictKey(key='transformer'), SequenceKey(idx=1), DictKey(key='ff_ln'), DictKey(key='scale'))
2026-06-09 01:58:57,848 -   Not masking out (DictKey(key='transformer'), SequenceKey(idx=1), DictKey(key='k_w'))
2026-06-09 01:58:57,848 -   Not masking out (DictKey(key='transformer'), SequenceKey(idx=1), DictKey(key='out_w'))
2026-06-09 01:58:57,848 -   Not masking out (DictKey(key='transformer'), SequenceKey(idx=1), DictKey(key='q_w'))
2026-06-09 01:58:57,848 -   Not masking out (DictKey(key='transformer'), SequenceKey(idx=1), DictKey(key='v_w'))
2026-06-09 01:58:57,848 -   Not masking out (DictKey(key='transformer'), SequenceKey(idx=2), DictKey(key='attn_ln'), DictKey(key='offset'))
2026-06-09 01:58:57,848 -   Not masking out (DictKey(key='transformer'), SequenceKey(idx=2), DictKey(key='attn_ln'), DictKey(key='scale'))
2026-06-09 01:58:57,848 -   Not masking out (DictKey(key='transformer'), SequenceKey(idx=2), DictKey(key='ff1'), DictKey(key='b'))
2026-06-09 01:58:57,848 -   Not masking out (DictKey(key='transformer'), SequenceKey(idx=2), DictKey(key='ff1'), DictKey(key='w'))
2026-06-09 01:58:57,848 -   Not masking out (DictKey(key='transformer'), SequenceKey(idx=2), DictKey(key='ff2'), DictKey(key='b'))
2026-06-09 01:58:57,849 -   Not masking out (DictKey(key='transformer'), SequenceKey(idx=2), DictKey(key='ff2'), DictKey(key='w'))
2026-06-09 01:58:57,849 -   Not masking out (DictKey(key='transformer'), SequenceKey(idx=2), DictKey(key='ff_ln'), DictKey(key='offset'))
2026-06-09 01:58:57,849 -   Not masking out (DictKey(key='transformer'), SequenceKey(idx=2), DictKey(key='ff_ln'), DictKey(key='scale'))
2026-06-09 01:58:57,849 -   Not masking out (DictKey(key='transformer'), SequenceKey(idx=2), DictKey(key='k_w'))
2026-06-09 01:58:57,849 -   Not masking out (DictKey(key='transformer'), SequenceKey(idx=2), DictKey(key='out_w'))
2026-06-09 01:58:57,849 -   Not masking out (DictKey(key='transformer'), SequenceKey(idx=2), DictKey(key='q_w'))
2026-06-09 01:58:57,849 -   Not masking out (DictKey(key='transformer'), SequenceKey(idx=2), DictKey(key='v_w'))
2026-06-09 01:58:59,847 - ==================================================
2026-06-09 01:58:59,847 - Graph parameter registrations:
2026-06-09 01:58:59,848 - {'embed': {'b': 'Auto[tag_variant=repeated_dense(0)|match_type=repeated_dense1_with_bias]',
2026-06-09 01:58:59,848 -            'w': 'Auto[tag_variant=repeated_dense(0)|match_type=repeated_dense1_with_bias]'},
2026-06-09 01:58:59,848 -  'ln': [],
2026-06-09 01:58:59,848 -  'phi': [[{'b': 'Auto[generic(0)]', 'w': 'Auto[generic(1)]'},
2026-06-09 01:58:59,848 -           {'b': 'Auto[generic(2)]', 'w': 'Auto[generic(3)]'}],
2026-06-09 01:58:59,848 -          [{'b': 'Auto[generic(4)]', 'w': 'Auto[generic(5)]'},
2026-06-09 01:58:59,848 -           {'b': 'Auto[generic(6)]', 'w': 'Auto[generic(7)]'}],
2026-06-09 01:58:59,848 -          [{'b': 'Auto[generic(8)]', 'w': 'Auto[generic(9)]'},
2026-06-09 01:58:59,848 -           {'b': 'Auto[generic(10)]', 'w': 'Auto[generic(11)]'}]],
2026-06-09 01:58:59,848 -  'rho': [{'b': 'Auto[tag_variant=dense(0)|match_type=dense_with_bias_no_reshape]',
2026-06-09 01:58:59,848 -           'w': 'Auto[tag_variant=dense(0)|match_type=dense_with_bias_no_reshape]'},
2026-06-09 01:58:59,848 -          {'b': 'Auto[tag_variant=dense(1)|match_type=dense_with_bias_no_reshape]',
2026-06-09 01:58:59,848 -           'w': 'Auto[tag_variant=dense(1)|match_type=dense_with_bias_no_reshape]'}],
2026-06-09 01:58:59,848 -  'transformer': [{'attn_ln': {'offset': 'Auto[tag_variant=scale_and_shift(0)|match_type=normalization_haiku_broadcast_1]',
2026-06-09 01:58:59,848 -                               'scale': 'Auto[tag_variant=scale_and_shift(0)|match_type=normalization_haiku_broadcast_1]'},
2026-06-09 01:58:59,848 -                   'ff1': {'b': 'Auto[tag_variant=repeated_dense(5)|match_type=repeated_dense1_with_bias]',
2026-06-09 01:58:59,848 -                           'w': 'Auto[tag_variant=repeated_dense(5)|match_type=repeated_dense1_with_bias]'},
2026-06-09 01:58:59,848 -                   'ff2': {'b': 'Auto[tag_variant=repeated_dense(6)|match_type=repeated_dense1_with_bias]',
2026-06-09 01:58:59,848 -                           'w': 'Auto[tag_variant=repeated_dense(6)|match_type=repeated_dense1_with_bias]'},
2026-06-09 01:58:59,848 -                   'ff_ln': {'offset': 'Auto[tag_variant=scale_and_shift(1)|match_type=normalization_haiku_broadcast_1]',
2026-06-09 01:58:59,848 -                             'scale': 'Auto[tag_variant=scale_and_shift(1)|match_type=normalization_haiku_broadcast_1]'},
2026-06-09 01:58:59,848 -                   'k_w': 'Auto[tag_variant=repeated_dense(2)|match_type=repeated_dense1_no_bias]',
2026-06-09 01:58:59,848 -                   'out_w': 'Auto[tag_variant=repeated_dense(4)|match_type=repeated_dense1_no_bias]',
2026-06-09 01:58:59,848 -                   'q_w': 'Auto[tag_variant=repeated_dense(1)|match_type=repeated_dense1_no_bias]',
2026-06-09 01:58:59,848 -                   'v_w': 'Auto[tag_variant=repeated_dense(3)|match_type=repeated_dense1_no_bias]'},
2026-06-09 01:58:59,848 -                  {'attn_ln': {'offset': 'Auto[tag_variant=scale_and_shift(2)|match_type=normalization_haiku_broadcast_1]',
2026-06-09 01:58:59,848 -                               'scale': 'Auto[tag_variant=scale_and_shift(2)|match_type=normalization_haiku_broadcast_1]'},
2026-06-09 01:58:59,848 -                   'ff1': {'b': 'Auto[tag_variant=repeated_dense(11)|match_type=repeated_dense1_with_bias]',
2026-06-09 01:58:59,848 -                           'w': 'Auto[tag_variant=repeated_dense(11)|match_type=repeated_dense1_with_bias]'},
2026-06-09 01:58:59,848 -                   'ff2': {'b': 'Auto[tag_variant=repeated_dense(12)|match_type=repeated_dense1_with_bias]',
2026-06-09 01:58:59,848 -                           'w': 'Auto[tag_variant=repeated_dense(12)|match_type=repeated_dense1_with_bias]'},
2026-06-09 01:58:59,848 -                   'ff_ln': {'offset': 'Auto[tag_variant=scale_and_shift(3)|match_type=normalization_haiku_broadcast_1]',
2026-06-09 01:58:59,848 -                             'scale': 'Auto[tag_variant=scale_and_shift(3)|match_type=normalization_haiku_broadcast_1]'},
2026-06-09 01:58:59,848 -                   'k_w': 'Auto[tag_variant=repeated_dense(8)|match_type=repeated_dense1_no_bias]',
2026-06-09 01:58:59,849 -                   'out_w': 'Auto[tag_variant=repeated_dense(10)|match_type=repeated_dense1_no_bias]',
2026-06-09 01:58:59,849 -                   'q_w': 'Auto[tag_variant=repeated_dense(7)|match_type=repeated_dense1_no_bias]',
2026-06-09 01:58:59,849 -                   'v_w': 'Auto[tag_variant=repeated_dense(9)|match_type=repeated_dense1_no_bias]'},
2026-06-09 01:58:59,849 -                  {'attn_ln': {'offset': 'Auto[tag_variant=scale_and_shift(4)|match_type=normalization_haiku_broadcast_1]',
2026-06-09 01:58:59,849 -                               'scale': 'Auto[tag_variant=scale_and_shift(4)|match_type=normalization_haiku_broadcast_1]'},
2026-06-09 01:58:59,849 -                   'ff1': {'b': 'Auto[tag_variant=repeated_dense(17)|match_type=repeated_dense1_with_bias]',
2026-06-09 01:58:59,849 -                           'w': 'Auto[tag_variant=repeated_dense(17)|match_type=repeated_dense1_with_bias]'},
2026-06-09 01:58:59,849 -                   'ff2': {'b': 'Auto[tag_variant=repeated_dense(18)|match_type=repeated_dense1_with_bias]',
2026-06-09 01:58:59,849 -                           'w': 'Auto[tag_variant=repeated_dense(18)|match_type=repeated_dense1_with_bias]'},
2026-06-09 01:58:59,849 -                   'ff_ln': {'offset': 'Auto[tag_variant=scale_and_shift(5)|match_type=normalization_haiku_broadcast_1]',
2026-06-09 01:58:59,849 -                             'scale': 'Auto[tag_variant=scale_and_shift(5)|match_type=normalization_haiku_broadcast_1]'},
2026-06-09 01:58:59,849 -                   'k_w': 'Auto[tag_variant=repeated_dense(14)|match_type=repeated_dense1_no_bias]',
2026-06-09 01:58:59,849 -                   'out_w': 'Auto[tag_variant=repeated_dense(16)|match_type=repeated_dense1_no_bias]',
2026-06-09 01:58:59,849 -                   'q_w': 'Auto[tag_variant=repeated_dense(13)|match_type=repeated_dense1_no_bias]',
2026-06-09 01:58:59,849 -                   'v_w': 'Auto[tag_variant=repeated_dense(15)|match_type=repeated_dense1_no_bias]'}]}
2026-06-09 01:58:59,849 - ==================================================
2026-06-09 01:58:59,863 - Graph registered losses:
2026-06-09 01:58:59,863 - NormalMeanNegativeLogProbLoss(mean=Var(id=140525293432704):float32[1024,1], variance=Literal(0.5), weight=Literal(1.0), normalize_log_prob=Literal(True))
2026-06-09 01:58:59,863 - ==================================================
2026-06-09 01:58:59,865 - BlockDiagonalCurvature blocks:
2026-06-09 01:58:59,865 - RepeatedDenseBlock(parameter_specs=['ab -> (a)b', 'a -> 1a'], parameters_concat_axis=0), tag name: Auto[tag_variant=repeated_dense(0)|match_type=repeated_dense1_with_bias], params shapes: ((5, 64), (64,))
2026-06-09 01:58:59,865 - NaiveDiagonal, tag name: Auto[generic(0)], params shapes: ((64,),)
2026-06-09 01:58:59,865 - NaiveDiagonal, tag name: Auto[generic(1)], params shapes: ((64, 64),)
2026-06-09 01:58:59,865 - NaiveDiagonal, tag name: Auto[generic(2)], params shapes: ((64,),)
2026-06-09 01:58:59,865 - NaiveDiagonal, tag name: Auto[generic(3)], params shapes: ((64, 64),)
2026-06-09 01:58:59,865 - NaiveDiagonal, tag name: Auto[generic(4)], params shapes: ((64,),)
2026-06-09 01:58:59,865 - NaiveDiagonal, tag name: Auto[generic(5)], params shapes: ((64, 64),)
2026-06-09 01:58:59,865 - NaiveDiagonal, tag name: Auto[generic(6)], params shapes: ((64,),)
2026-06-09 01:58:59,865 - NaiveDiagonal, tag name: Auto[generic(7)], params shapes: ((64, 64),)
2026-06-09 01:58:59,866 - NaiveDiagonal, tag name: Auto[generic(8)], params shapes: ((64,),)
2026-06-09 01:58:59,866 - NaiveDiagonal, tag name: Auto[generic(9)], params shapes: ((64, 64),)
2026-06-09 01:58:59,866 - NaiveDiagonal, tag name: Auto[generic(10)], params shapes: ((64,),)
2026-06-09 01:58:59,866 - NaiveDiagonal, tag name: Auto[generic(11)], params shapes: ((64, 64),)
2026-06-09 01:58:59,866 - DenseTwoKroneckerFactored(parameter_specs=['ab -> (a)b', 'a -> 1a'], parameters_concat_axis=0), tag name: Auto[tag_variant=dense(0)|match_type=dense_with_bias_no_reshape], params shapes: ((64, 64), (64,))
2026-06-09 01:58:59,866 - DenseTwoKroneckerFactored(parameter_specs=['ab -> (a)b', 'a -> 1a'], parameters_concat_axis=0), tag name: Auto[tag_variant=dense(1)|match_type=dense_with_bias_no_reshape], params shapes: ((64, 1), (1,))
2026-06-09 01:58:59,866 - ScaleAndShiftDiagonal, tag name: Auto[tag_variant=scale_and_shift(0)|match_type=normalization_haiku_broadcast_1], params shapes: ((64,), (64,))
2026-06-09 01:58:59,866 - RepeatedDenseBlock(parameter_specs=['ab -> (a)b', 'a -> 1a'], parameters_concat_axis=0), tag name: Auto[tag_variant=repeated_dense(5)|match_type=repeated_dense1_with_bias], params shapes: ((64, 256), (256,))
2026-06-09 01:58:59,866 - RepeatedDenseBlock(parameter_specs=['ab -> (a)b', 'a -> 1a'], parameters_concat_axis=0), tag name: Auto[tag_variant=repeated_dense(6)|match_type=repeated_dense1_with_bias], params shapes: ((256, 64), (64,))
2026-06-09 01:58:59,866 - ScaleAndShiftDiagonal, tag name: Auto[tag_variant=scale_and_shift(1)|match_type=normalization_haiku_broadcast_1], params shapes: ((64,), (64,))
2026-06-09 01:58:59,866 - RepeatedDenseBlock(parameter_specs=['ab -> (a)b'], parameters_concat_axis=0), tag name: Auto[tag_variant=repeated_dense(2)|match_type=repeated_dense1_no_bias], params shapes: ((64, 64),)
2026-06-09 01:58:59,867 - RepeatedDenseBlock(parameter_specs=['ab -> (a)b'], parameters_concat_axis=0), tag name: Auto[tag_variant=repeated_dense(4)|match_type=repeated_dense1_no_bias], params shapes: ((64, 64),)
2026-06-09 01:58:59,867 - RepeatedDenseBlock(parameter_specs=['ab -> (a)b'], parameters_concat_axis=0), tag name: Auto[tag_variant=repeated_dense(1)|match_type=repeated_dense1_no_bias], params shapes: ((64, 64),)
2026-06-09 01:58:59,867 - RepeatedDenseBlock(parameter_specs=['ab -> (a)b'], parameters_concat_axis=0), tag name: Auto[tag_variant=repeated_dense(3)|match_type=repeated_dense1_no_bias], params shapes: ((64, 64),)
2026-06-09 01:58:59,867 - ScaleAndShiftDiagonal, tag name: Auto[tag_variant=scale_and_shift(2)|match_type=normalization_haiku_broadcast_1], params shapes: ((64,), (64,))
2026-06-09 01:58:59,867 - RepeatedDenseBlock(parameter_specs=['ab -> (a)b', 'a -> 1a'], parameters_concat_axis=0), tag name: Auto[tag_variant=repeated_dense(11)|match_type=repeated_dense1_with_bias], params shapes: ((64, 256), (256,))
2026-06-09 01:58:59,867 - RepeatedDenseBlock(parameter_specs=['ab -> (a)b', 'a -> 1a'], parameters_concat_axis=0), tag name: Auto[tag_variant=repeated_dense(12)|match_type=repeated_dense1_with_bias], params shapes: ((256, 64), (64,))
2026-06-09 01:58:59,867 - ScaleAndShiftDiagonal, tag name: Auto[tag_variant=scale_and_shift(3)|match_type=normalization_haiku_broadcast_1], params shapes: ((64,), (64,))
2026-06-09 01:58:59,867 - RepeatedDenseBlock(parameter_specs=['ab -> (a)b'], parameters_concat_axis=0), tag name: Auto[tag_variant=repeated_dense(8)|match_type=repeated_dense1_no_bias], params shapes: ((64, 64),)
2026-06-09 01:58:59,867 - RepeatedDenseBlock(parameter_specs=['ab -> (a)b'], parameters_concat_axis=0), tag name: Auto[tag_variant=repeated_dense(10)|match_type=repeated_dense1_no_bias], params shapes: ((64, 64),)
2026-06-09 01:58:59,867 - RepeatedDenseBlock(parameter_specs=['ab -> (a)b'], parameters_concat_axis=0), tag name: Auto[tag_variant=repeated_dense(7)|match_type=repeated_dense1_no_bias], params shapes: ((64, 64),)
2026-06-09 01:58:59,868 - RepeatedDenseBlock(parameter_specs=['ab -> (a)b'], parameters_concat_axis=0), tag name: Auto[tag_variant=repeated_dense(9)|match_type=repeated_dense1_no_bias], params shapes: ((64, 64),)
2026-06-09 01:58:59,868 - ScaleAndShiftDiagonal, tag name: Auto[tag_variant=scale_and_shift(4)|match_type=normalization_haiku_broadcast_1], params shapes: ((64,), (64,))
2026-06-09 01:58:59,868 - RepeatedDenseBlock(parameter_specs=['ab -> (a)b', 'a -> 1a'], parameters_concat_axis=0), tag name: Auto[tag_variant=repeated_dense(17)|match_type=repeated_dense1_with_bias], params shapes: ((64, 256), (256,))
2026-06-09 01:58:59,868 - RepeatedDenseBlock(parameter_specs=['ab -> (a)b', 'a -> 1a'], parameters_concat_axis=0), tag name: Auto[tag_variant=repeated_dense(18)|match_type=repeated_dense1_with_bias], params shapes: ((256, 64), (64,))
2026-06-09 01:58:59,868 - ScaleAndShiftDiagonal, tag name: Auto[tag_variant=scale_and_shift(5)|match_type=normalization_haiku_broadcast_1], params shapes: ((64,), (64,))
2026-06-09 01:58:59,868 - RepeatedDenseBlock(parameter_specs=['ab -> (a)b'], parameters_concat_axis=0), tag name: Auto[tag_variant=repeated_dense(14)|match_type=repeated_dense1_no_bias], params shapes: ((64, 64),)
2026-06-09 01:58:59,868 - RepeatedDenseBlock(parameter_specs=['ab -> (a)b'], parameters_concat_axis=0), tag name: Auto[tag_variant=repeated_dense(16)|match_type=repeated_dense1_no_bias], params shapes: ((64, 64),)
2026-06-09 01:58:59,868 - RepeatedDenseBlock(parameter_specs=['ab -> (a)b'], parameters_concat_axis=0), tag name: Auto[tag_variant=repeated_dense(13)|match_type=repeated_dense1_no_bias], params shapes: ((64, 64),)
2026-06-09 01:58:59,868 - RepeatedDenseBlock(parameter_specs=['ab -> (a)b'], parameters_concat_axis=0), tag name: Auto[tag_variant=repeated_dense(15)|match_type=repeated_dense1_no_bias], params shapes: ((64, 64),)
2026-06-09 01:58:59,868 - ==================================================
2026-06-09 01:59:00,273 - Burning in MCMC chain for 2000 steps
2026-06-09 01:59:57,741 - Completed burn-in MCMC steps
2026-06-09 02:00:03,602 - Initial energy: 19297.1074 E_h
2026-06-09 02:00:16,493 - Step 00000: 19295.2852 E_h, exp. variance=0.0000 E_h^2, pmove=0.31
2026-06-09 02:00:16,924 - Step 00001: 19277.6641 E_h, exp. variance=27.9453 E_h^2, pmove=0.31
2026-06-09 02:00:17,243 - Step 00002: 19246.1367 E_h, exp. variance=227.2458 E_h^2, pmove=0.29
2026-06-09 02:00:17,560 - Step 00003: 19259.2441 E_h, exp. variance=283.0617 E_h^2, pmove=0.29
2026-06-09 02:00:17,880 - Step 00004: 19234.1914 E_h, exp. variance=494.7634 E_h^2, pmove=0.29
2026-06-09 02:00:18,202 - Step 00005: 19251.1621 E_h, exp. variance=523.6407 E_h^2, pmove=0.29
2026-06-09 02:00:18,520 - Step 00006: 19229.6328 E_h, exp. variance=679.3629 E_h^2, pmove=0.28
2026-06-09 02:00:18,839 - Step 00007: 19245.5098 E_h, exp. variance=678.9872 E_h^2, pmove=0.29
2026-06-09 02:00:19,159 - Step 00008: 19234.6133 E_h, exp. variance=724.8607 E_h^2, pmove=0.28
2026-06-09 02:00:19,479 - Step 00009: 19239.6172 E_h, exp. variance=717.9656 E_h^2, pmove=0.28
2026-06-09 02:00:19,802 - Step 00010: 19234.1797 E_h, exp. variance=725.7410 E_h^2, pmove=0.28
2026-06-09 02:00:20,122 - Step 00011: 19239.6719 E_h, exp. variance=693.8823 E_h^2, pmove=0.30
2026-06-09 02:00:20,441 - Step 00012: 19229.8047 E_h, exp. variance=700.2350 E_h^2, pmove=0.29
2026-06-09 02:00:20,759 - Step 00013: 19238.3359 E_h, exp. variance=658.0207 E_h^2, pmove=0.29
2026-06-09 02:00:21,077 - Step 00014: 19231.0938 E_h, exp. variance=640.0877 E_h^2, pmove=0.28
2026-06-09 02:00:21,396 - Step 00015: 19238.8867 E_h, exp. variance=591.2022 E_h^2, pmove=0.29
2026-06-09 02:00:21,714 - Step 00016: 19228.8965 E_h, exp. variance=574.2913 E_h^2, pmove=0.28
2026-06-09 02:00:22,030 - Step 00017: 19236.6953 E_h, exp. variance=529.1642 E_h^2, pmove=0.29
2026-06-09 02:00:22,352 - Step 00018: 19231.3633 E_h, exp. variance=498.8678 E_h^2, pmove=0.29
2026-06-09 02:00:22,674 - Step 00019: 19233.5234 E_h, exp. variance=462.1741 E_h^2, pmove=0.29
2026-06-09 02:00:22,997 - Step 00020: 19232.9297 E_h, exp. variance=427.8390 E_h^2, pmove=0.29
2026-06-09 02:00:23,321 - Step 00021: 19234.5000 E_h, exp. variance=391.9796 E_h^2, pmove=0.30
2026-06-09 02:00:23,642 - Step 00022: 19234.7109 E_h, exp. variance=358.0950 E_h^2, pmove=0.29
2026-06-09 02:00:23,962 - Step 00023: 19233.5352 E_h, exp. variance=328.1784 E_h^2, pmove=0.30
2026-06-09 02:00:24,280 - Step 00024: 19231.8672 E_h, exp. variance=302.5717 E_h^2, pmove=0.30
2026-06-09 02:00:24,600 - Step 00025: 19230.3496 E_h, exp. variance=280.5645 E_h^2, pmove=0.29
2026-06-09 02:00:24,918 - Step 00026: 19234.0469 E_h, exp. variance=254.6865 E_h^2, pmove=0.30
2026-06-09 02:00:25,236 - Step 00027: 19232.0605 E_h, exp. variance=232.9205 E_h^2, pmove=0.30
2026-06-09 02:00:25,554 - Step 00028: 19230.0195 E_h, exp. variance=215.1243 E_h^2, pmove=0.30
2026-06-09 02:00:25,871 - Step 00029: 19229.9004 E_h, exp. variance=198.2159 E_h^2, pmove=0.30
2026-06-09 02:00:26,190 - Step 00030: 19229.3789 E_h, exp. variance=182.7528 E_h^2, pmove=0.30
2026-06-09 02:00:26,508 - Step 00031: 19232.9922 E_h, exp. variance=165.1097 E_h^2, pmove=0.31
2026-06-09 02:00:26,830 - Step 00032: 19230.6309 E_h, exp. variance=150.6260 E_h^2, pmove=0.31
2026-06-09 02:00:27,149 - Step 00033: 19232.0156 E_h, exp. variance=136.3134 E_h^2, pmove=0.30
2026-06-09 02:00:27,474 - Step 00034: 19230.5586 E_h, exp. variance=124.1617 E_h^2, pmove=0.31
2026-06-09 02:00:27,798 - Step 00035: 19230.8672 E_h, exp. variance=112.7494 E_h^2, pmove=0.31
2026-06-09 02:00:28,119 - Step 00036: 19233.3203 E_h, exp. variance=101.5020 E_h^2, pmove=0.31
2026-06-09 02:00:28,443 - Step 00037: 19231.2305 E_h, exp. variance=91.9545 E_h^2, pmove=0.31
2026-06-09 02:00:28,765 - Step 00038: 19229.9473 E_h, exp. variance=83.9328 E_h^2, pmove=0.31
2026-06-09 02:00:29,083 - Step 00039: 19229.6113 E_h, exp. variance=76.6968 E_h^2, pmove=0.30
2026-06-09 02:00:29,403 - Step 00040: 19230.9727 E_h, exp. variance=69.3403 E_h^2, pmove=0.31
2026-06-09 02:00:29,724 - Step 00041: 19229.5117 E_h, exp. variance=63.2940 E_h^2, pmove=0.31
2026-06-09 02:00:30,045 - Step 00042: 19231.6016 E_h, exp. variance=57.0134 E_h^2, pmove=0.32
2026-06-09 02:00:30,363 - Step 00043: 19231.3984 E_h, exp. variance=51.3794 E_h^2, pmove=0.31
2026-06-09 02:00:30,684 - Step 00044: 19232.5684 E_h, exp. variance=46.2552 E_h^2, pmove=0.32
2026-06-09 02:00:31,005 - Step 00045: 19232.1992 E_h, exp. variance=41.6297 E_h^2, pmove=0.31
2026-06-09 02:00:31,323 - Step 00046: 19230.3984 E_h, exp. variance=37.7637 E_h^2, pmove=0.32
2026-06-09 02:00:31,641 - Step 00047: 19228.3496 E_h, exp. variance=35.2085 E_h^2, pmove=0.32
2026-06-09 02:00:31,958 - Step 00048: 19227.5293 E_h, exp. variance=33.2263 E_h^2, pmove=0.32
2026-06-09 02:00:32,279 - Step 00049: 19231.0176 E_h, exp. variance=29.9085 E_h^2, pmove=0.32
2026-06-09 02:00:32,602 - Step 00050: 19231.3398 E_h, exp. variance=26.9188 E_h^2, pmove=0.32
2026-06-09 02:00:32,921 - Step 00051: 19231.7773 E_h, exp. variance=24.2531 E_h^2, pmove=0.32
2026-06-09 02:00:33,244 - Step 00052: 19232.3145 E_h, exp. variance=21.9217 E_h^2, pmove=0.32
2026-06-09 02:00:33,571 - Step 00053: 19231.4219 E_h, exp. variance=19.7296 E_h^2, pmove=0.32
2026-06-09 02:00:33,893 - Step 00054: 19232.1445 E_h, exp. variance=17.8070 E_h^2, pmove=0.32
2026-06-09 02:00:34,212 - Step 00055: 19231.7852 E_h, exp. variance=16.0352 E_h^2, pmove=0.32
2026-06-09 02:00:34,530 - Step 00056: 19230.5859 E_h, exp. variance=14.5072 E_h^2, pmove=0.33
2026-06-09 02:00:34,850 - Step 00057: 19229.6152 E_h, exp. variance=13.3464 E_h^2, pmove=0.33
2026-06-09 02:00:35,168 - Step 00058: 19233.2520 E_h, exp. variance=12.3796 E_h^2, pmove=0.32
2026-06-09 02:00:35,488 - Step 00059: 19230.3867 E_h, exp. variance=11.2402 E_h^2, pmove=0.33
2026-06-09 02:00:35,807 - Step 00060: 19230.0039 E_h, exp. variance=10.2740 E_h^2, pmove=0.33
2026-06-09 02:00:36,127 - Step 00061: 19231.1641 E_h, exp. variance=9.2467 E_h^2, pmove=0.33
2026-06-09 02:00:36,446 - Step 00062: 19231.8594 E_h, exp. variance=8.3622 E_h^2, pmove=0.33
2026-06-09 02:00:36,766 - Step 00063: 19231.2617 E_h, exp. variance=7.5260 E_h^2, pmove=0.33
2026-06-09 02:00:37,085 - Step 00064: 19229.9805 E_h, exp. variance=6.9202 E_h^2, pmove=0.33
2026-06-09 02:00:37,406 - Step 00065: 19231.7305 E_h, exp. variance=6.2606 E_h^2, pmove=0.33
2026-06-09 02:00:37,725 - Step 00066: 19228.8184 E_h, exp. variance=6.1413 E_h^2, pmove=0.34
2026-06-09 02:00:38,048 - Step 00067: 19229.1211 E_h, exp. variance=5.8293 E_h^2, pmove=0.34
2026-06-09 02:00:38,369 - Step 00068: 19228.3047 E_h, exp. variance=5.7931 E_h^2, pmove=0.33
2026-06-09 02:00:38,694 - Step 00069: 19229.9766 E_h, exp. variance=5.2407 E_h^2, pmove=0.34
2026-06-09 02:00:39,046 - Step 00070: 19230.1973 E_h, exp. variance=4.7233 E_h^2, pmove=0.33
2026-06-09 02:00:39,372 - Step 00071: 19227.8457 E_h, exp. variance=4.8574 E_h^2, pmove=0.33
2026-06-09 02:00:39,696 - Step 00072: 19230.0586 E_h, exp. variance=4.3730 E_h^2, pmove=0.33
2026-06-09 02:00:40,018 - Step 00073: 19228.8359 E_h, exp. variance=4.0958 E_h^2, pmove=0.34
2026-06-09 02:00:40,338 - Step 00074: 19227.3984 E_h, exp. variance=4.3129 E_h^2, pmove=0.34
2026-06-09 02:00:40,659 - Step 00075: 19227.7383 E_h, exp. variance=4.2544 E_h^2, pmove=0.34
2026-06-09 02:00:40,978 - Step 00076: 19229.9766 E_h, exp. variance=3.8438 E_h^2, pmove=0.34
2026-06-09 02:00:41,297 - Step 00077: 19227.7539 E_h, exp. variance=3.7699 E_h^2, pmove=0.34
2026-06-09 02:00:41,618 - Step 00078: 19229.4766 E_h, exp. variance=3.3931 E_h^2, pmove=0.34
2026-06-09 02:00:41,938 - Step 00079: 19228.5859 E_h, exp. variance=3.1182 E_h^2, pmove=0.34
2026-06-09 02:00:42,258 - Step 00080: 19231.8672 E_h, exp. variance=3.3777 E_h^2, pmove=0.34
2026-06-09 02:00:42,577 - Step 00081: 19226.8320 E_h, exp. variance=3.7293 E_h^2, pmove=0.34
2026-06-09 02:00:42,896 - Step 00082: 19228.4570 E_h, exp. variance=3.4237 E_h^2, pmove=0.35
2026-06-09 02:00:43,217 - Step 00083: 19227.6992 E_h, exp. variance=3.2940 E_h^2, pmove=0.34
2026-06-09 02:00:43,537 - Step 00084: 19230.8047 E_h, exp. variance=3.2317 E_h^2, pmove=0.35
2026-06-09 02:00:43,855 - Step 00085: 19228.4258 E_h, exp. variance=2.9702 E_h^2, pmove=0.34
2026-06-09 02:00:44,174 - Step 00086: 19230.7637 E_h, exp. variance=2.9013 E_h^2, pmove=0.36
2026-06-09 02:00:44,493 - Step 00087: 19229.3398 E_h, exp. variance=2.6111 E_h^2, pmove=0.34
2026-06-09 02:00:44,810 - Step 00088: 19232.4570 E_h, exp. variance=3.2289 E_h^2, pmove=0.35
2026-06-09 02:00:45,128 - Step 00089: 19228.1582 E_h, exp. variance=3.1049 E_h^2, pmove=0.35
2026-06-09 02:00:45,451 - Step 00090: 19231.2402 E_h, exp. variance=3.0682 E_h^2, pmove=0.36
2026-06-09 02:00:45,771 - Step 00091: 19230.4492 E_h, exp. variance=2.8160 E_h^2, pmove=0.35
2026-06-09 02:00:46,091 - Step 00092: 19231.2695 E_h, exp. variance=2.7427 E_h^2, pmove=0.35
2026-06-09 02:00:46,408 - Step 00093: 19229.8125 E_h, exp. variance=2.4692 E_h^2, pmove=0.36
2026-06-09 02:00:46,728 - Step 00094: 19231.7930 E_h, exp. variance=2.5479 E_h^2, pmove=0.36
2026-06-09 02:00:47,047 - Step 00095: 19229.0820 E_h, exp. variance=2.3828 E_h^2, pmove=0.35
2026-06-09 02:00:47,366 - Step 00096: 19230.1289 E_h, exp. variance=2.1465 E_h^2, pmove=0.36
2026-06-09 02:00:47,685 - Step 00097: 19229.3828 E_h, exp. variance=1.9657 E_h^2, pmove=0.35
2026-06-09 02:00:48,005 - Step 00098: 19229.8105 E_h, exp. variance=1.7705 E_h^2, pmove=0.35
2026-06-09 02:00:48,323 - Step 00099: 19232.0547 E_h, exp. variance=2.0021 E_h^2, pmove=0.36
2026-06-09 02:00:48,642 - Step 00100: 19231.5332 E_h, exp. variance=1.9774 E_h^2, pmove=0.36
2026-06-09 02:00:48,963 - Step 00101: 19229.6465 E_h, exp. variance=1.8155 E_h^2, pmove=0.36
2026-06-09 02:00:49,284 - Step 00102: 19230.4336 E_h, exp. variance=1.6383 E_h^2, pmove=0.36
2026-06-09 02:00:49,603 - Step 00103: 19231.9023 E_h, exp. variance=1.7242 E_h^2, pmove=0.36
2026-06-09 02:00:49,922 - Step 00104: 19229.3906 E_h, exp. variance=1.6439 E_h^2, pmove=0.35
2026-06-09 02:00:50,240 - Step 00105: 19229.5117 E_h, exp. variance=1.5356 E_h^2, pmove=0.36
2026-06-09 02:00:50,556 - Step 00106: 19227.8398 E_h, exp. variance=1.8930 E_h^2, pmove=0.37
2026-06-09 02:00:50,876 - Step 00107: 19232.0859 E_h, exp. variance=2.1012 E_h^2, pmove=0.37
2026-06-09 02:00:51,199 - Step 00108: 19229.2930 E_h, exp. variance=1.9644 E_h^2, pmove=0.36
2026-06-09 02:00:51,518 - Step 00109: 19232.5391 E_h, exp. variance=2.3010 E_h^2, pmove=0.37
2026-06-09 02:00:51,839 - Step 00110: 19230.5391 E_h, exp. variance=2.0741 E_h^2, pmove=0.36
2026-06-09 02:00:52,157 - Step 00111: 19231.5352 E_h, exp. variance=1.9890 E_h^2, pmove=0.37
2026-06-09 02:00:52,475 - Step 00112: 19231.0586 E_h, exp. variance=1.8196 E_h^2, pmove=0.37
2026-06-09 02:00:52,794 - Step 00113: 19233.0000 E_h, exp. variance=2.1810 E_h^2, pmove=0.37
2026-06-09 02:00:53,117 - Step 00114: 19231.0215 E_h, exp. variance=1.9677 E_h^2, pmove=0.36
2026-06-09 02:00:53,439 - Step 00115: 19230.8164 E_h, exp. variance=1.7710 E_h^2, pmove=0.37
2026-06-09 02:00:53,761 - Step 00116: 19234.3125 E_h, exp. variance=2.6964 E_h^2, pmove=0.37
2026-06-09 02:00:54,083 - Step 00117: 19232.6113 E_h, exp. variance=2.6158 E_h^2, pmove=0.36
2026-06-09 02:00:54,404 - Step 00118: 19232.0371 E_h, exp. variance=2.4022 E_h^2, pmove=0.37
2026-06-09 02:00:54,728 - Step 00119: 19230.1250 E_h, exp. variance=2.3035 E_h^2, pmove=0.37
2026-06-09 02:00:55,050 - Step 00120: 19231.2383 E_h, exp. variance=2.0732 E_h^2, pmove=0.37
2026-06-09 02:00:55,371 - Step 00121: 19228.9453 E_h, exp. variance=2.3447 E_h^2, pmove=0.37
2026-06-09 02:00:55,693 - Step 00122: 19229.4102 E_h, exp. variance=2.3439 E_h^2, pmove=0.38
2026-06-09 02:00:56,012 - Step 00123: 19229.8984 E_h, exp. variance=2.1926 E_h^2, pmove=0.37
2026-06-09 02:00:56,333 - Step 00124: 19229.2500 E_h, exp. variance=2.1796 E_h^2, pmove=0.37
2026-06-09 02:00:56,651 - Step 00125: 19229.1758 E_h, exp. variance=2.1476 E_h^2, pmove=0.37
2026-06-09 02:00:56,973 - Step 00126: 19229.9238 E_h, exp. variance=1.9596 E_h^2, pmove=0.38
2026-06-09 02:00:57,293 - Step 00127: 19230.8262 E_h, exp. variance=1.7789 E_h^2, pmove=0.38
2026-06-09 02:00:57,615 - Step 00128: 19227.6953 E_h, exp. variance=2.2865 E_h^2, pmove=0.37
2026-06-09 02:00:57,933 - Step 00129: 19231.7734 E_h, exp. variance=2.2864 E_h^2, pmove=0.38
2026-06-09 02:00:58,252 - Step 00130: 19228.8262 E_h, exp. variance=2.2640 E_h^2, pmove=0.38
2026-06-09 02:00:58,573 - Step 00131: 19230.1016 E_h, exp. variance=2.0383 E_h^2, pmove=0.38
2026-06-09 02:00:58,896 - Step 00132: 19228.1719 E_h, exp. variance=2.1972 E_h^2, pmove=0.38
2026-06-09 02:00:59,219 - Step 00133: 19229.5000 E_h, exp. variance=1.9981 E_h^2, pmove=0.38
2026-06-09 02:00:59,544 - Step 00134: 19229.7207 E_h, exp. variance=1.8022 E_h^2, pmove=0.38
2026-06-09 02:00:59,863 - Step 00135: 19229.1758 E_h, exp. variance=1.6703 E_h^2, pmove=0.38
2026-06-09 02:01:00,186 - Step 00136: 19230.3047 E_h, exp. variance=1.5230 E_h^2, pmove=0.38
2026-06-09 02:01:00,512 - Step 00137: 19229.3633 E_h, exp. variance=1.3950 E_h^2, pmove=0.38
2026-06-09 02:01:00,844 - Step 00138: 19233.5781 E_h, exp. variance=2.5198 E_h^2, pmove=0.38
2026-06-09 02:01:01,173 - Step 00139: 19231.1758 E_h, exp. variance=2.3527 E_h^2, pmove=0.38
2026-06-09 02:01:01,495 - Step 00140: 19229.7812 E_h, exp. variance=2.1419 E_h^2, pmove=0.37
2026-06-09 02:01:01,814 - Step 00141: 19229.5996 E_h, exp. variance=1.9658 E_h^2, pmove=0.39
2026-06-09 02:01:02,452 - Step 00142: 19227.6172 E_h, exp. variance=2.3629 E_h^2, pmove=0.39
2026-06-09 02:01:02,778 - Step 00143: 19229.0703 E_h, exp. variance=2.1930 E_h^2, pmove=0.38
2026-06-09 02:01:03,099 - Step 00144: 19226.3242 E_h, exp. variance=3.0886 E_h^2, pmove=0.38
2026-06-09 02:01:03,421 - Step 00145: 19230.8223 E_h, exp. variance=2.9389 E_h^2, pmove=0.39
2026-06-09 02:01:03,743 - Step 00146: 19228.9180 E_h, exp. variance=2.6900 E_h^2, pmove=0.38
2026-06-09 02:01:04,070 - Step 00147: 19232.0879 E_h, exp. variance=2.9986 E_h^2, pmove=0.39
2026-06-09 02:01:04,392 - Step 00148: 19230.4043 E_h, exp. variance=2.7307 E_h^2, pmove=0.39
2026-06-09 02:01:04,714 - Step 00149: 19229.5195 E_h, exp. variance=2.4685 E_h^2, pmove=0.39
2026-06-09 02:01:05,050 - Step 00150: 19228.1895 E_h, exp. variance=2.4644 E_h^2, pmove=0.38
2026-06-09 02:01:05,374 - Step 00151: 19227.6719 E_h, exp. variance=2.5766 E_h^2, pmove=0.38
2026-06-09 02:01:05,696 - Step 00152: 19230.1895 E_h, exp. variance=2.3657 E_h^2, pmove=0.39
2026-06-09 02:01:06,017 - Step 00153: 19230.5938 E_h, exp. variance=2.2289 E_h^2, pmove=0.38
2026-06-09 02:01:06,339 - Step 00154: 19228.3789 E_h, exp. variance=2.1506 E_h^2, pmove=0.40
2026-06-09 02:01:06,662 - Step 00155: 19229.7852 E_h, exp. variance=1.9419 E_h^2, pmove=0.39
2026-06-09 02:01:06,985 - Step 00156: 19231.3945 E_h, exp. variance=2.0549 E_h^2, pmove=0.39
2026-06-09 02:01:07,306 - Step 00157: 19227.0703 E_h, exp. variance=2.4872 E_h^2, pmove=0.40
2026-06-09 02:01:07,625 - Step 00158: 19229.0547 E_h, exp. variance=2.2538 E_h^2, pmove=0.39
2026-06-09 02:01:07,947 - Step 00159: 19229.5293 E_h, exp. variance=2.0294 E_h^2, pmove=0.39
2026-06-09 02:01:08,268 - Step 00160: 19229.1309 E_h, exp. variance=1.8348 E_h^2, pmove=0.39
2026-06-09 02:01:08,589 - Step 00161: 19227.3574 E_h, exp. variance=2.0284 E_h^2, pmove=0.39
2026-06-09 02:01:08,914 - Step 00162: 19232.6836 E_h, exp. variance=2.9182 E_h^2, pmove=0.40
2026-06-09 02:01:09,236 - Step 00163: 19227.2773 E_h, exp. variance=3.0900 E_h^2, pmove=0.39
2026-06-09 02:01:09,557 - Step 00164: 19228.5664 E_h, exp. variance=2.8321 E_h^2, pmove=0.40
2026-06-09 02:01:09,882 - Step 00165: 19226.4297 E_h, exp. variance=3.2618 E_h^2, pmove=0.40
2026-06-09 02:01:10,205 - Step 00166: 19227.4609 E_h, exp. variance=3.1387 E_h^2, pmove=0.40
2026-06-09 02:01:10,527 - Step 00167: 19228.8770 E_h, exp. variance=2.8252 E_h^2, pmove=0.40
2026-06-09 02:01:10,852 - Step 00168: 19227.6621 E_h, exp. variance=2.6630 E_h^2, pmove=0.40
2026-06-09 02:01:11,172 - Step 00169: 19229.4844 E_h, exp. variance=2.4516 E_h^2, pmove=0.40
2026-06-09 02:01:11,494 - Step 00170: 19230.5449 E_h, exp. variance=2.4864 E_h^2, pmove=0.40
2026-06-09 02:01:11,815 - Step 00171: 19232.4531 E_h, exp. variance=3.3378 E_h^2, pmove=0.40
2026-06-09 02:01:12,139 - Step 00172: 19231.1016 E_h, exp. variance=3.2940 E_h^2, pmove=0.40
2026-06-09 02:01:12,465 - Step 00173: 19233.7461 E_h, exp. variance=4.5977 E_h^2, pmove=0.40
2026-06-09 02:01:12,784 - Step 00174: 19233.5469 E_h, exp. variance=5.3270 E_h^2, pmove=0.39
2026-06-09 02:01:13,102 - Step 00175: 19233.0273 E_h, exp. variance=5.4759 E_h^2, pmove=0.40
2026-06-09 02:01:13,427 - Step 00176: 19233.3164 E_h, exp. variance=5.6166 E_h^2, pmove=0.40
2026-06-09 02:01:13,750 - Step 00177: 19232.0078 E_h, exp. variance=5.1802 E_h^2, pmove=0.41
2026-06-09 02:01:14,072 - Step 00178: 19229.4766 E_h, exp. variance=4.8564 E_h^2, pmove=0.40
2026-06-09 02:01:14,393 - Step 00179: 19228.4531 E_h, exp. variance=4.8659 E_h^2, pmove=0.41
2026-06-09 02:01:14,714 - Step 00180: 19228.7637 E_h, exp. variance=4.6712 E_h^2, pmove=0.41
2026-06-09 02:01:15,039 - Step 00181: 19230.3848 E_h, exp. variance=4.2041 E_h^2, pmove=0.40
2026-06-09 02:01:15,379 - Step 00182: 19230.2871 E_h, exp. variance=3.7845 E_h^2, pmove=0.40
2026-06-09 02:01:15,702 - Step 00183: 19231.2266 E_h, exp. variance=3.4713 E_h^2, pmove=0.41
2026-06-09 02:01:16,024 - Step 00184: 19232.1016 E_h, exp. variance=3.3665 E_h^2, pmove=0.40
2026-06-09 02:01:16,345 - Step 00185: 19231.7812 E_h, exp. variance=3.1501 E_h^2, pmove=0.41
2026-06-09 02:01:16,665 - Step 00186: 19230.6250 E_h, exp. variance=2.8363 E_h^2, pmove=0.41
2026-06-09 02:01:16,986 - Step 00187: 19229.0078 E_h, exp. variance=2.8192 E_h^2, pmove=0.41
2026-06-09 02:01:17,307 - Step 00188: 19228.8672 E_h, exp. variance=2.7941 E_h^2, pmove=0.41
2026-06-09 02:01:17,627 - Step 00189: 19226.9395 E_h, exp. variance=3.5842 E_h^2, pmove=0.41
2026-06-09 02:01:17,947 - Step 00190: 19228.3789 E_h, exp. variance=3.4750 E_h^2, pmove=0.41
2026-06-09 02:01:18,271 - Step 00191: 19227.8320 E_h, exp. variance=3.5039 E_h^2, pmove=0.41
2026-06-09 02:01:18,596 - Step 00192: 19228.4473 E_h, exp. variance=3.2885 E_h^2, pmove=0.40
2026-06-09 02:01:18,916 - Step 00193: 19229.0703 E_h, exp. variance=2.9802 E_h^2, pmove=0.41
2026-06-09 02:01:19,238 - Step 00194: 19229.8770 E_h, exp. variance=2.6950 E_h^2, pmove=0.41
2026-06-09 02:01:19,559 - Step 00195: 19230.3047 E_h, exp. variance=2.4785 E_h^2, pmove=0.41
2026-06-09 02:01:19,883 - Step 00196: 19228.2461 E_h, exp. variance=2.3989 E_h^2, pmove=0.41
2026-06-09 02:01:20,205 - Step 00197: 19229.2070 E_h, exp. variance=2.1655 E_h^2, pmove=0.41
2026-06-09 02:01:20,523 - Step 00198: 19226.6562 E_h, exp. variance=2.6510 E_h^2, pmove=0.41
2026-06-09 02:01:20,841 - Step 00199: 19229.2148 E_h, exp. variance=2.3861 E_h^2, pmove=0.41
2026-06-09 02:01:21,158 - Step 00200: 19227.7461 E_h, exp. variance=2.3310 E_h^2, pmove=0.41
2026-06-09 02:01:21,478 - Step 00201: 19229.5977 E_h, exp. variance=2.1267 E_h^2, pmove=0.42
2026-06-09 02:01:21,796 - Step 00202: 19229.8965 E_h, exp. variance=1.9729 E_h^2, pmove=0.42
2026-06-09 02:01:22,115 - Step 00203: 19230.5938 E_h, exp. variance=1.9586 E_h^2, pmove=0.41
2026-06-09 02:01:22,434 - Step 00204: 19229.4668 E_h, exp. variance=1.7649 E_h^2, pmove=0.41
2026-06-09 02:01:22,753 - Step 00205: 19230.3906 E_h, exp. variance=1.6904 E_h^2, pmove=0.41
2026-06-09 02:01:23,072 - Step 00206: 19231.0547 E_h, exp. variance=1.7579 E_h^2, pmove=0.41
2026-06-09 02:01:23,390 - Step 00207: 19228.9922 E_h, exp. variance=1.6149 E_h^2, pmove=0.42
2026-06-09 02:01:23,709 - Step 00208: 19230.2461 E_h, exp. variance=1.4989 E_h^2, pmove=0.42
2026-06-09 02:01:24,031 - Step 00209: 19229.7031 E_h, exp. variance=1.3498 E_h^2, pmove=0.41
2026-06-09 02:01:24,360 - Step 00210: 19228.9473 E_h, exp. variance=1.2550 E_h^2, pmove=0.42
2026-06-09 02:01:24,681 - Step 00211: 19228.9258 E_h, exp. variance=1.1645 E_h^2, pmove=0.41
2026-06-09 02:01:24,999 - Step 00212: 19228.7188 E_h, exp. variance=1.1010 E_h^2, pmove=0.42
2026-06-09 02:01:25,318 - Step 00213: 19228.9980 E_h, exp. variance=1.0062 E_h^2, pmove=0.42
2026-06-09 02:01:25,639 - Step 00214: 19228.0039 E_h, exp. variance=1.0733 E_h^2, pmove=0.42
2026-06-09 02:01:25,958 - Step 00215: 19228.5098 E_h, exp. variance=1.0130 E_h^2, pmove=0.42
2026-06-09 02:01:26,276 - Step 00216: 19228.8203 E_h, exp. variance=0.9221 E_h^2, pmove=0.41
2026-06-09 02:01:26,593 - Step 00217: 19228.3516 E_h, exp. variance=0.8840 E_h^2, pmove=0.42
2026-06-09 02:01:26,914 - Step 00218: 19229.3438 E_h, exp. variance=0.8034 E_h^2, pmove=0.42
2026-06-09 02:01:27,233 - Step 00219: 19230.6016 E_h, exp. variance=0.9320 E_h^2, pmove=0.42
2026-06-09 02:01:27,553 - Step 00220: 19228.4570 E_h, exp. variance=0.8926 E_h^2, pmove=0.42
2026-06-09 02:01:27,874 - Step 00221: 19228.7539 E_h, exp. variance=0.8176 E_h^2, pmove=0.42
2026-06-09 02:01:28,200 - Step 00222: 19228.8926 E_h, exp. variance=0.7403 E_h^2, pmove=0.42
2026-06-09 02:01:28,525 - Step 00223: 19227.7051 E_h, exp. variance=0.8393 E_h^2, pmove=0.42
2026-06-09 02:01:28,849 - Step 00224: 19227.9824 E_h, exp. variance=0.8402 E_h^2, pmove=0.42
2026-06-09 02:01:29,176 - Step 00225: 19227.6758 E_h, exp. variance=0.8814 E_h^2, pmove=0.43
2026-06-09 02:01:29,498 - Step 00226: 19226.8555 E_h, exp. variance=1.1123 E_h^2, pmove=0.43
2026-06-09 02:01:29,817 - Step 00227: 19225.9746 E_h, exp. variance=1.5984 E_h^2, pmove=0.42
2026-06-09 02:01:30,135 - Step 00228: 19226.7500 E_h, exp. variance=1.6528 E_h^2, pmove=0.43
2026-06-09 02:01:30,455 - Step 00229: 19228.5859 E_h, exp. variance=1.5055 E_h^2, pmove=0.43
2026-06-09 02:01:30,773 - Step 00230: 19228.1836 E_h, exp. variance=1.3550 E_h^2, pmove=0.42
2026-06-09 02:01:31,096 - Step 00231: 19226.9531 E_h, exp. variance=1.3557 E_h^2, pmove=0.42
2026-06-09 02:01:31,418 - Step 00232: 19227.9258 E_h, exp. variance=1.2218 E_h^2, pmove=0.43
2026-06-09 02:01:31,739 - Step 00233: 19229.6543 E_h, exp. variance=1.3322 E_h^2, pmove=0.42
2026-06-09 02:01:32,062 - Step 00234: 19231.5117 E_h, exp. variance=2.1818 E_h^2, pmove=0.43
2026-06-09 02:01:32,384 - Step 00235: 19231.3633 E_h, exp. variance=2.6825 E_h^2, pmove=0.42
2026-06-09 02:01:32,703 - Step 00236: 19229.5312 E_h, exp. variance=2.4597 E_h^2, pmove=0.43
2026-06-09 02:01:33,024 - Step 00237: 19230.6035 E_h, exp. variance=2.4778 E_h^2, pmove=0.43
2026-06-09 02:01:33,349 - Step 00238: 19228.4219 E_h, exp. variance=2.2670 E_h^2, pmove=0.42
2026-06-09 02:01:33,671 - Step 00239: 19230.3926 E_h, exp. variance=2.2153 E_h^2, pmove=0.44
2026-06-09 02:01:33,993 - Step 00240: 19228.3945 E_h, exp. variance=2.0434 E_h^2, pmove=0.42
2026-06-09 02:01:34,316 - Step 00241: 19229.3945 E_h, exp. variance=1.8489 E_h^2, pmove=0.43
2026-06-09 02:01:34,638 - Step 00242: 19228.1172 E_h, exp. variance=1.7502 E_h^2, pmove=0.42
2026-06-09 02:01:34,962 - Step 00243: 19228.1758 E_h, exp. variance=1.6360 E_h^2, pmove=0.42
2026-06-09 02:01:35,282 - Step 00244: 19226.5000 E_h, exp. variance=1.9978 E_h^2, pmove=0.43
2026-06-09 02:01:35,603 - Step 00245: 19226.8359 E_h, exp. variance=2.1020 E_h^2, pmove=0.42
2026-06-09 02:01:35,923 - Step 00246: 19228.3457 E_h, exp. variance=1.8937 E_h^2, pmove=0.43
2026-06-09 02:01:36,243 - Step 00247: 19231.1895 E_h, exp. variance=2.3667 E_h^2, pmove=0.43
2026-06-09 02:01:36,568 - Step 00248: 19230.3945 E_h, exp. variance=2.3740 E_h^2, pmove=0.43
2026-06-09 02:01:36,891 - Step 00249: 19231.2773 E_h, exp. variance=2.6401 E_h^2, pmove=0.43
2026-06-09 02:01:37,212 - Step 00250: 19228.8867 E_h, exp. variance=2.3823 E_h^2, pmove=0.43
2026-06-09 02:01:37,532 - Step 00251: 19227.6211 E_h, exp. variance=2.3471 E_h^2, pmove=0.43
2026-06-09 02:01:37,852 - Step 00252: 19226.1309 E_h, exp. variance=2.8392 E_h^2, pmove=0.43
2026-06-09 02:01:38,172 - Step 00253: 19230.7148 E_h, exp. variance=2.9252 E_h^2, pmove=0.43
2026-06-09 02:01:38,494 - Step 00254: 19227.6797 E_h, exp. variance=2.7646 E_h^2, pmove=0.43
2026-06-09 02:01:38,815 - Step 00255: 19230.3359 E_h, exp. variance=2.7090 E_h^2, pmove=0.43
2026-06-09 02:01:39,136 - Step 00256: 19228.2656 E_h, exp. variance=2.4773 E_h^2, pmove=0.43
2026-06-09 02:01:39,456 - Step 00257: 19227.9102 E_h, exp. variance=2.3107 E_h^2, pmove=0.44
2026-06-09 02:01:39,776 - Step 00258: 19228.4141 E_h, exp. variance=2.0906 E_h^2, pmove=0.43
2026-06-09 02:01:40,097 - Step 00259: 19228.9219 E_h, exp. variance=1.8849 E_h^2, pmove=0.43
2026-06-09 02:01:40,422 - Step 00260: 19226.6016 E_h, exp. variance=2.1111 E_h^2, pmove=0.43
2026-06-09 02:01:40,742 - Step 00261: 19228.2715 E_h, exp. variance=1.9061 E_h^2, pmove=0.44
2026-06-09 02:01:41,062 - Step 00262: 19229.4375 E_h, exp. variance=1.7933 E_h^2, pmove=0.43
2026-06-09 02:01:41,382 - Step 00263: 19229.0664 E_h, exp. variance=1.6334 E_h^2, pmove=0.43
2026-06-09 02:01:41,705 - Step 00264: 19228.3828 E_h, exp. variance=1.4764 E_h^2, pmove=0.44
2026-06-09 02:01:42,025 - Step 00265: 19228.1836 E_h, exp. variance=1.3460 E_h^2, pmove=0.44
2026-06-09 02:01:42,348 - Step 00266: 19229.8945 E_h, exp. variance=1.3674 E_h^2, pmove=0.44
2026-06-09 02:01:42,670 - Step 00267: 19230.2109 E_h, exp. variance=1.4337 E_h^2, pmove=0.43
2026-06-09 02:01:42,991 - Step 00268: 19229.4492 E_h, exp. variance=1.3216 E_h^2, pmove=0.43
2026-06-09 02:01:43,315 - Step 00269: 19228.8164 E_h, exp. variance=1.1904 E_h^2, pmove=0.44
2026-06-09 02:01:43,638 - Step 00270: 19227.4531 E_h, exp. variance=1.2619 E_h^2, pmove=0.44
2026-06-09 02:01:43,962 - Step 00271: 19229.0469 E_h, exp. variance=1.1430 E_h^2, pmove=0.44
2026-06-09 02:01:44,288 - Step 00272: 19227.5137 E_h, exp. variance=1.1756 E_h^2, pmove=0.43
2026-06-09 02:01:44,610 - Step 00273: 19228.9453 E_h, exp. variance=1.0651 E_h^2, pmove=0.44
2026-06-09 02:01:44,934 - Step 00274: 19227.2969 E_h, exp. variance=1.1336 E_h^2, pmove=0.44
2026-06-09 02:01:45,256 - Step 00275: 19230.1055 E_h, exp. variance=1.2373 E_h^2, pmove=0.44
2026-06-09 02:01:45,579 - Step 00276: 19229.0195 E_h, exp. variance=1.1223 E_h^2, pmove=0.43
2026-06-09 02:01:45,902 - Step 00277: 19230.8379 E_h, exp. variance=1.4068 E_h^2, pmove=0.44
2026-06-09 02:01:46,222 - Step 00278: 19232.5977 E_h, exp. variance=2.4642 E_h^2, pmove=0.44
2026-06-09 02:01:46,544 - Step 00279: 19231.9219 E_h, exp. variance=2.8296 E_h^2, pmove=0.43
2026-06-09 02:01:46,868 - Step 00280: 19227.9844 E_h, exp. variance=2.7741 E_h^2, pmove=0.44
2026-06-09 02:01:47,192 - Step 00281: 19231.5762 E_h, exp. variance=2.9167 E_h^2, pmove=0.44
2026-06-09 02:01:47,515 - Step 00282: 19229.7559 E_h, exp. variance=2.6264 E_h^2, pmove=0.44
2026-06-09 02:01:47,840 - Step 00283: 19229.4102 E_h, exp. variance=2.3687 E_h^2, pmove=0.45
2026-06-09 02:01:48,166 - Step 00284: 19229.6719 E_h, exp. variance=2.1321 E_h^2, pmove=0.44
2026-06-09 02:01:48,494 - Step 00285: 19230.7422 E_h, exp. variance=2.0308 E_h^2, pmove=0.44
2026-06-09 02:01:48,820 - Step 00286: 19230.7266 E_h, exp. variance=1.9156 E_h^2, pmove=0.44
2026-06-09 02:01:49,149 - Step 00287: 19230.8867 E_h, exp. variance=1.8231 E_h^2, pmove=0.44
2026-06-09 02:01:49,473 - Step 00288: 19230.2363 E_h, exp. variance=1.6485 E_h^2, pmove=0.44
2026-06-09 02:01:49,795 - Step 00289: 19225.4219 E_h, exp. variance=3.3475 E_h^2, pmove=0.44
2026-06-09 02:01:50,115 - Step 00290: 19226.1250 E_h, exp. variance=4.0486 E_h^2, pmove=0.44
2026-06-09 02:01:50,444 - Step 00291: 19226.2695 E_h, exp. variance=4.4049 E_h^2, pmove=0.44
2026-06-09 02:01:50,764 - Step 00292: 19229.7598 E_h, exp. variance=4.0330 E_h^2, pmove=0.44
2026-06-09 02:01:51,087 - Step 00293: 19229.5234 E_h, exp. variance=3.6568 E_h^2, pmove=0.44
2026-06-09 02:01:51,409 - Step 00294: 19230.2637 E_h, exp. variance=3.4283 E_h^2, pmove=0.44
2026-06-09 02:01:51,734 - Step 00295: 19230.3867 E_h, exp. variance=3.2226 E_h^2, pmove=0.44
2026-06-09 02:01:52,058 - Step 00296: 19229.3184 E_h, exp. variance=2.9005 E_h^2, pmove=0.44
2026-06-09 02:01:52,380 - Step 00297: 19227.3008 E_h, exp. variance=2.9628 E_h^2, pmove=0.44
2026-06-09 02:01:52,706 - Step 00298: 19228.4199 E_h, exp. variance=2.7059 E_h^2, pmove=0.44
2026-06-09 02:01:53,038 - Step 00299: 19229.5586 E_h, exp. variance=2.4619 E_h^2, pmove=0.43
2026-06-09 02:01:53,362 - Step 00300: 19232.5859 E_h, exp. variance=3.3281 E_h^2, pmove=0.44
2026-06-09 02:01:53,690 - Step 00301: 19229.4375 E_h, exp. variance=2.9953 E_h^2, pmove=0.44
2026-06-09 02:01:54,018 - Step 00302: 19229.7070 E_h, exp. variance=2.7030 E_h^2, pmove=0.44
2026-06-09 02:01:54,340 - Step 00303: 19230.0332 E_h, exp. variance=2.4629 E_h^2, pmove=0.44
2026-06-09 02:01:54,664 - Step 00304: 19227.0195 E_h, exp. variance=2.7756 E_h^2, pmove=0.44
2026-06-09 02:01:54,985 - Step 00305: 19229.0293 E_h, exp. variance=2.5029 E_h^2, pmove=0.45
2026-06-09 02:01:55,310 - Step 00306: 19225.2930 E_h, exp. variance=3.6535 E_h^2, pmove=0.44
2026-06-09 02:01:55,634 - Step 00307: 19227.7461 E_h, exp. variance=3.3966 E_h^2, pmove=0.45
2026-06-09 02:01:55,953 - Step 00308: 19229.5820 E_h, exp. variance=3.1216 E_h^2, pmove=0.45
2026-06-09 02:01:56,275 - Step 00309: 19230.7266 E_h, exp. variance=3.1372 E_h^2, pmove=0.44
2026-06-09 02:01:56,598 - Step 00310: 19229.7695 E_h, exp. variance=2.8754 E_h^2, pmove=0.45
2026-06-09 02:01:56,920 - Step 00311: 19227.5469 E_h, exp. variance=2.8011 E_h^2, pmove=0.45
2026-06-09 02:01:57,244 - Step 00312: 19228.5410 E_h, exp. variance=2.5347 E_h^2, pmove=0.45
2026-06-09 02:01:57,566 - Step 00313: 19229.5352 E_h, exp. variance=2.3184 E_h^2, pmove=0.45
2026-06-09 02:01:57,893 - Step 00314: 19228.2324 E_h, exp. variance=2.1338 E_h^2, pmove=0.44
2026-06-09 02:01:58,219 - Step 00315: 19228.9688 E_h, exp. variance=1.9210 E_h^2, pmove=0.44
2026-06-09 02:01:58,543 - Step 00316: 19227.1289 E_h, exp. variance=2.0089 E_h^2, pmove=0.45
2026-06-09 02:01:58,868 - Step 00317: 19228.3633 E_h, exp. variance=1.8192 E_h^2, pmove=0.45
2026-06-09 02:01:59,193 - Step 00318: 19228.5352 E_h, exp. variance=1.6393 E_h^2, pmove=0.45
2026-06-09 02:01:59,519 - Step 00319: 19228.4863 E_h, exp. variance=1.4783 E_h^2, pmove=0.45
2026-06-09 02:01:59,848 - Step 00320: 19227.4160 E_h, exp. variance=1.4676 E_h^2, pmove=0.45
2026-06-09 02:02:00,176 - Step 00321: 19229.7402 E_h, exp. variance=1.4532 E_h^2, pmove=0.45
2026-06-09 02:02:00,504 - Step 00322: 19230.2617 E_h, exp. variance=1.5422 E_h^2, pmove=0.45
2026-06-09 02:02:00,827 - Step 00323: 19228.7012 E_h, exp. variance=1.3890 E_h^2, pmove=0.44
2026-06-09 02:02:01,155 - Step 00324: 19230.9766 E_h, exp. variance=1.6769 E_h^2, pmove=0.45
2026-06-09 02:02:01,478 - Step 00325: 19229.0703 E_h, exp. variance=1.5095 E_h^2, pmove=0.45
2026-06-09 02:02:01,800 - Step 00326: 19229.9316 E_h, exp. variance=1.4331 E_h^2, pmove=0.45
2026-06-09 02:02:02,123 - Step 00327: 19228.6914 E_h, exp. variance=1.3058 E_h^2, pmove=0.45
2026-06-09 02:02:02,444 - Step 00328: 19229.2148 E_h, exp. variance=1.1771 E_h^2, pmove=0.45
2026-06-09 02:02:02,767 - Step 00329: 19230.2383 E_h, exp. variance=1.1793 E_h^2, pmove=0.45
2026-06-09 02:02:03,089 - Step 00330: 19230.3945 E_h, exp. variance=1.1900 E_h^2, pmove=0.45
2026-06-09 02:02:03,415 - Step 00331: 19229.5195 E_h, exp. variance=1.0746 E_h^2, pmove=0.45
2026-06-09 02:02:03,738 - Step 00332: 19226.9316 E_h, exp. variance=1.4883 E_h^2, pmove=0.45
2026-06-09 02:02:04,062 - Step 00333: 19228.2617 E_h, exp. variance=1.4023 E_h^2, pmove=0.45
2026-06-09 02:02:04,385 - Step 00334: 19228.4395 E_h, exp. variance=1.2918 E_h^2, pmove=0.46
2026-06-09 02:02:04,708 - Step 00335: 19226.7422 E_h, exp. variance=1.6041 E_h^2, pmove=0.46
2026-06-09 02:02:05,033 - Step 00336: 19229.3359 E_h, exp. variance=1.4760 E_h^2, pmove=0.46
2026-06-09 02:02:05,357 - Step 00337: 19228.6113 E_h, exp. variance=1.3315 E_h^2, pmove=0.45
2026-06-09 02:02:05,679 - Step 00338: 19230.5664 E_h, exp. variance=1.4865 E_h^2, pmove=0.45
2026-06-09 02:02:06,001 - Step 00339: 19230.2051 E_h, exp. variance=1.4780 E_h^2, pmove=0.45
2026-06-09 02:02:06,327 - Step 00340: 19229.5000 E_h, exp. variance=1.3459 E_h^2, pmove=0.45
2026-06-09 02:02:06,653 - Step 00341: 19230.3535 E_h, exp. variance=1.3476 E_h^2, pmove=0.45
2026-06-09 02:02:06,974 - Step 00342: 19229.3438 E_h, exp. variance=1.2137 E_h^2, pmove=0.45
2026-06-09 02:02:07,295 - Step 00343: 19231.2695 E_h, exp. variance=1.4573 E_h^2, pmove=0.45
2026-06-09 02:02:07,622 - Step 00344: 19230.2188 E_h, exp. variance=1.3638 E_h^2, pmove=0.46
2026-06-09 02:02:07,948 - Step 00345: 19229.2031 E_h, exp. variance=1.2372 E_h^2, pmove=0.45
2026-06-09 02:02:08,273 - Step 00346: 19227.5684 E_h, exp. variance=1.4493 E_h^2, pmove=0.46
2026-06-09 02:02:08,598 - Step 00347: 19230.2871 E_h, exp. variance=1.3909 E_h^2, pmove=0.46
2026-06-09 02:02:08,923 - Step 00348: 19229.6094 E_h, exp. variance=1.2556 E_h^2, pmove=0.45
2026-06-09 02:02:09,249 - Step 00349: 19232.0703 E_h, exp. variance=1.7594 E_h^2, pmove=0.45
2026-06-09 02:02:09,574 - Step 00350: 19228.8047 E_h, exp. variance=1.6539 E_h^2, pmove=0.46
2026-06-09 02:02:09,898 - Step 00351: 19229.3359 E_h, exp. variance=1.4949 E_h^2, pmove=0.46
2026-06-09 02:02:10,225 - Step 00352: 19229.3320 E_h, exp. variance=1.3507 E_h^2, pmove=0.45
2026-06-09 02:02:10,548 - Step 00353: 19229.8555 E_h, exp. variance=1.2240 E_h^2, pmove=0.45
2026-06-09 02:02:10,874 - Step 00354: 19230.7754 E_h, exp. variance=1.2297 E_h^2, pmove=0.45
2026-06-09 02:02:11,201 - Step 00355: 19230.2129 E_h, exp. variance=1.1303 E_h^2, pmove=0.46
2026-06-09 02:02:11,525 - Step 00356: 19226.4570 E_h, exp. variance=1.9944 E_h^2, pmove=0.45
2026-06-09 02:02:11,850 - Step 00357: 19229.4062 E_h, exp. variance=1.7950 E_h^2, pmove=0.46
2026-06-09 02:02:12,174 - Step 00358: 19230.5957 E_h, exp. variance=1.7399 E_h^2, pmove=0.46
2026-06-09 02:02:12,500 - Step 00359: 19229.7422 E_h, exp. variance=1.5697 E_h^2, pmove=0.45
2026-06-09 02:02:12,826 - Step 00360: 19229.0352 E_h, exp. variance=1.4374 E_h^2, pmove=0.46
2026-06-09 02:02:13,152 - Step 00361: 19230.1387 E_h, exp. variance=1.3297 E_h^2, pmove=0.46
2026-06-09 02:02:13,476 - Step 00362: 19227.8086 E_h, exp. variance=1.4754 E_h^2, pmove=0.46
2026-06-09 02:02:13,803 - Step 00363: 19228.2656 E_h, exp. variance=1.4422 E_h^2, pmove=0.46
2026-06-09 02:02:14,128 - Step 00364: 19228.5879 E_h, exp. variance=1.3410 E_h^2, pmove=0.46
2026-06-09 02:02:14,451 - Step 00365: 19227.6875 E_h, exp. variance=1.4158 E_h^2, pmove=0.46
2026-06-09 02:02:14,774 - Step 00366: 19228.6367 E_h, exp. variance=1.2902 E_h^2, pmove=0.46
2026-06-09 02:02:15,097 - Step 00367: 19226.9277 E_h, exp. variance=1.5535 E_h^2, pmove=0.46
2026-06-09 02:02:15,419 - Step 00368: 19226.1387 E_h, exp. variance=2.0388 E_h^2, pmove=0.46
2026-06-09 02:02:15,743 - Step 00369: 19225.4707 E_h, exp. variance=2.6823 E_h^2, pmove=0.46
2026-06-09 02:02:16,070 - Step 00370: 19227.9414 E_h, exp. variance=2.4216 E_h^2, pmove=0.46
2026-06-09 02:02:16,399 - Step 00371: 19225.3750 E_h, exp. variance=2.8993 E_h^2, pmove=0.46
2026-06-09 02:02:16,727 - Step 00372: 19226.8008 E_h, exp. variance=2.7221 E_h^2, pmove=0.46
2026-06-09 02:02:17,052 - Step 00373: 19225.2422 E_h, exp. variance=3.0427 E_h^2, pmove=0.46
2026-06-09 02:02:17,377 - Step 00374: 19227.4883 E_h, exp. variance=2.7388 E_h^2, pmove=0.46
2026-06-09 02:02:17,700 - Step 00375: 19229.1406 E_h, exp. variance=2.6935 E_h^2, pmove=0.46
2026-06-09 02:02:18,029 - Step 00376: 19229.1719 E_h, exp. variance=2.6173 E_h^2, pmove=0.46
2026-06-09 02:02:18,355 - Step 00377: 19228.3926 E_h, exp. variance=2.3817 E_h^2, pmove=0.46
2026-06-09 02:02:18,679 - Step 00378: 19230.2754 E_h, exp. variance=2.6479 E_h^2, pmove=0.46
2026-06-09 02:02:19,009 - Step 00379: 19230.6172 E_h, exp. variance=2.9333 E_h^2, pmove=0.46
2026-06-09 02:02:19,337 - Step 00380: 19231.1562 E_h, exp. variance=3.3274 E_h^2, pmove=0.46
2026-06-09 02:02:19,661 - Step 00381: 19230.6914 E_h, exp. variance=3.3632 E_h^2, pmove=0.46
2026-06-09 02:02:19,986 - Step 00382: 19231.4766 E_h, exp. variance=3.6378 E_h^2, pmove=0.46
2026-06-09 02:02:20,313 - Step 00383: 19229.9355 E_h, exp. variance=3.3323 E_h^2, pmove=0.46
2026-06-09 02:02:20,643 - Step 00384: 19229.2363 E_h, exp. variance=2.9991 E_h^2, pmove=0.46
2026-06-09 02:02:20,972 - Step 00385: 19228.5078 E_h, exp. variance=2.7440 E_h^2, pmove=0.46
2026-06-09 02:02:21,302 - Step 00386: 19230.6016 E_h, exp. variance=2.6611 E_h^2, pmove=0.47
2026-06-09 02:02:21,625 - Step 00387: 19230.7031 E_h, exp. variance=2.5750 E_h^2, pmove=0.46
2026-06-09 02:02:21,948 - Step 00388: 19231.4102 E_h, exp. variance=2.6705 E_h^2, pmove=0.46
2026-06-09 02:02:22,273 - Step 00389: 19229.2441 E_h, exp. variance=2.4166 E_h^2, pmove=0.46
2026-06-09 02:02:22,595 - Step 00390: 19232.2754 E_h, exp. variance=2.8250 E_h^2, pmove=0.46
2026-06-09 02:02:22,919 - Step 00391: 19231.2246 E_h, exp. variance=2.7107 E_h^2, pmove=0.46
2026-06-09 02:02:23,241 - Step 00392: 19232.6836 E_h, exp. variance=3.0906 E_h^2, pmove=0.47
2026-06-09 02:02:23,565 - Step 00393: 19228.6191 E_h, exp. variance=3.0250 E_h^2, pmove=0.46
2026-06-09 02:02:23,894 - Step 00394: 19232.2852 E_h, exp. variance=3.1524 E_h^2, pmove=0.46
2026-06-09 02:02:24,222 - Step 00395: 19230.6504 E_h, exp. variance=2.8471 E_h^2, pmove=0.45
2026-06-09 02:02:24,553 - Step 00396: 19232.0586 E_h, exp. variance=2.8246 E_h^2, pmove=0.47
2026-06-09 02:02:24,883 - Step 00397: 19230.8906 E_h, exp. variance=2.5544 E_h^2, pmove=0.46
2026-06-09 02:02:25,209 - Step 00398: 19231.9707 E_h, exp. variance=2.4784 E_h^2, pmove=0.46
2026-06-09 02:02:25,534 - Step 00399: 19228.0273 E_h, exp. variance=2.8731 E_h^2, pmove=0.46
2026-06-09 02:02:25,862 - Step 00400: 19229.7812 E_h, exp. variance=2.6239 E_h^2, pmove=0.46
2026-06-09 02:02:26,187 - Step 00401: 19226.0273 E_h, exp. variance=4.0566 E_h^2, pmove=0.46
2026-06-09 02:02:26,513 - Step 00402: 19229.5898 E_h, exp. variance=3.6615 E_h^2, pmove=0.47
2026-06-09 02:02:26,837 - Step 00403: 19227.3965 E_h, exp. variance=3.8588 E_h^2, pmove=0.47
2026-06-09 02:02:27,161 - Step 00404: 19227.5312 E_h, exp. variance=3.8763 E_h^2, pmove=0.47
2026-06-09 02:02:27,485 - Step 00405: 19228.0977 E_h, exp. variance=3.6502 E_h^2, pmove=0.47
2026-06-09 02:02:27,807 - Step 00406: 19227.9180 E_h, exp. variance=3.4578 E_h^2, pmove=0.47
2026-06-09 02:02:28,149 - Step 00407: 19231.6621 E_h, exp. variance=3.6736 E_h^2, pmove=0.47
2026-06-09 02:02:28,476 - Step 00408: 19227.3691 E_h, exp. variance=3.6826 E_h^2, pmove=0.46
2026-06-09 02:02:28,799 - Step 00409: 19230.1250 E_h, exp. variance=3.3899 E_h^2, pmove=0.47
2026-06-09 02:02:29,139 - Step 00410: 19225.9531 E_h, exp. variance=4.0595 E_h^2, pmove=0.46
2026-06-09 02:02:29,471 - Step 00411: 19228.9688 E_h, exp. variance=3.6536 E_h^2, pmove=0.47
2026-06-09 02:02:29,792 - Step 00412: 19226.0859 E_h, exp. variance=4.0351 E_h^2, pmove=0.47
2026-06-09 02:02:30,113 - Step 00413: 19226.8984 E_h, exp. variance=3.9172 E_h^2, pmove=0.47
2026-06-09 02:02:30,437 - Step 00414: 19227.0430 E_h, exp. variance=3.7170 E_h^2, pmove=0.47
2026-06-09 02:02:30,759 - Step 00415: 19225.7285 E_h, exp. variance=3.9664 E_h^2, pmove=0.46
2026-06-09 02:02:31,083 - Step 00416: 19227.2578 E_h, exp. variance=3.6327 E_h^2, pmove=0.46
2026-06-09 02:02:31,404 - Step 00417: 19226.9727 E_h, exp. variance=3.3662 E_h^2, pmove=0.47
2026-06-09 02:02:31,728 - Step 00418: 19227.4453 E_h, exp. variance=3.0487 E_h^2, pmove=0.46
2026-06-09 02:02:32,051 - Step 00419: 19227.0312 E_h, exp. variance=2.8056 E_h^2, pmove=0.47
2026-06-09 02:02:32,372 - Step 00420: 19227.6211 E_h, exp. variance=2.5272 E_h^2, pmove=0.47
2026-06-09 02:02:32,695 - Step 00421: 19229.1211 E_h, exp. variance=2.4408 E_h^2, pmove=0.47
2026-06-09 02:02:33,016 - Step 00422: 19229.9023 E_h, exp. variance=2.5581 E_h^2, pmove=0.47
2026-06-09 02:02:33,337 - Step 00423: 19232.2422 E_h, exp. variance=3.8468 E_h^2, pmove=0.47
2026-06-09 02:02:33,657 - Step 00424: 19230.0527 E_h, exp. variance=3.6753 E_h^2, pmove=0.46
2026-06-09 02:02:33,980 - Step 00425: 19229.6660 E_h, exp. variance=3.3974 E_h^2, pmove=0.47
2026-06-09 02:02:34,302 - Step 00426: 19227.6543 E_h, exp. variance=3.1692 E_h^2, pmove=0.47
2026-06-09 02:02:34,624 - Step 00427: 19228.7461 E_h, exp. variance=2.8530 E_h^2, pmove=0.47
2026-06-09 02:02:34,949 - Step 00428: 19229.4961 E_h, exp. variance=2.6297 E_h^2, pmove=0.46
2026-06-09 02:02:35,274 - Step 00429: 19229.4570 E_h, exp. variance=2.4118 E_h^2, pmove=0.47
2026-06-09 02:02:35,596 - Step 00430: 19231.6250 E_h, exp. variance=2.8785 E_h^2, pmove=0.47
2026-06-09 02:02:35,916 - Step 00431: 19228.1445 E_h, exp. variance=2.6731 E_h^2, pmove=0.47
2026-06-09 02:02:36,239 - Step 00432: 19230.0801 E_h, exp. variance=2.5097 E_h^2, pmove=0.48
2026-06-09 02:02:36,564 - Step 00433: 19228.3633 E_h, exp. variance=2.3093 E_h^2, pmove=0.47
2026-06-09 02:02:36,885 - Step 00434: 19230.4961 E_h, exp. variance=2.2695 E_h^2, pmove=0.47
2026-06-09 02:02:37,209 - Step 00435: 19228.3828 E_h, exp. variance=2.1005 E_h^2, pmove=0.46
2026-06-09 02:02:37,533 - Step 00436: 19227.2812 E_h, exp. variance=2.1900 E_h^2, pmove=0.47
2026-06-09 02:02:37,855 - Step 00437: 19225.9492 E_h, exp. variance=2.7673 E_h^2, pmove=0.47
2026-06-09 02:02:38,184 - Step 00438: 19225.0059 E_h, exp. variance=3.6707 E_h^2, pmove=0.47
2026-06-09 02:02:38,505 - Step 00439: 19228.8555 E_h, exp. variance=3.3349 E_h^2, pmove=0.47
2026-06-09 02:02:38,824 - Step 00440: 19229.3066 E_h, exp. variance=3.0883 E_h^2, pmove=0.47
2026-06-09 02:02:39,146 - Step 00441: 19229.1582 E_h, exp. variance=2.8283 E_h^2, pmove=0.48
2026-06-09 02:02:39,466 - Step 00442: 19228.6738 E_h, exp. variance=2.5483 E_h^2, pmove=0.48
2026-06-09 02:02:39,791 - Step 00443: 19229.3223 E_h, exp. variance=2.3523 E_h^2, pmove=0.47
2026-06-09 02:02:40,113 - Step 00444: 19228.0977 E_h, exp. variance=2.1392 E_h^2, pmove=0.47
2026-06-09 02:02:40,433 - Step 00445: 19228.7305 E_h, exp. variance=1.9284 E_h^2, pmove=0.47
2026-06-09 02:02:40,752 - Step 00446: 19231.2266 E_h, exp. variance=2.3743 E_h^2, pmove=0.47
2026-06-09 02:02:41,073 - Step 00447: 19230.3750 E_h, exp. variance=2.3522 E_h^2, pmove=0.47
2026-06-09 02:02:41,395 - Step 00448: 19229.8457 E_h, exp. variance=2.1841 E_h^2, pmove=0.47
2026-06-09 02:02:41,717 - Step 00449: 19230.3770 E_h, exp. variance=2.1198 E_h^2, pmove=0.47
2026-06-09 02:02:42,041 - Step 00450: 19230.4629 E_h, exp. variance=2.0515 E_h^2, pmove=0.47
2026-06-09 02:02:42,365 - Step 00451: 19231.2734 E_h, exp. variance=2.1876 E_h^2, pmove=0.48
2026-06-09 02:02:42,687 - Step 00452: 19230.5078 E_h, exp. variance=2.0564 E_h^2, pmove=0.47
2026-06-09 02:02:43,010 - Step 00453: 19229.4961 E_h, exp. variance=1.8522 E_h^2, pmove=0.47
2026-06-09 02:02:43,334 - Step 00454: 19229.4336 E_h, exp. variance=1.6698 E_h^2, pmove=0.47
2026-06-09 02:02:43,661 - Step 00455: 19229.4844 E_h, exp. variance=1.5038 E_h^2, pmove=0.47
2026-06-09 02:02:43,986 - Step 00456: 19229.8535 E_h, exp. variance=1.3601 E_h^2, pmove=0.47
2026-06-09 02:02:44,308 - Step 00457: 19228.4531 E_h, exp. variance=1.3444 E_h^2, pmove=0.46
2026-06-09 02:02:44,633 - Step 00458: 19226.1934 E_h, exp. variance=2.1905 E_h^2, pmove=0.47
2026-06-09 02:02:44,956 - Step 00459: 19226.6016 E_h, exp. variance=2.5624 E_h^2, pmove=0.48
2026-06-09 02:02:45,277 - Step 00460: 19227.0117 E_h, exp. variance=2.6299 E_h^2, pmove=0.47
2026-06-09 02:02:45,599 - Step 00461: 19225.6816 E_h, exp. variance=3.1971 E_h^2, pmove=0.48
2026-06-09 02:02:45,921 - Step 00462: 19227.7129 E_h, exp. variance=2.9216 E_h^2, pmove=0.47
2026-06-09 02:02:46,243 - Step 00463: 19226.2031 E_h, exp. variance=3.0419 E_h^2, pmove=0.47
2026-06-09 02:02:46,564 - Step 00464: 19227.3594 E_h, exp. variance=2.7910 E_h^2, pmove=0.48
2026-06-09 02:02:46,885 - Step 00465: 19227.1680 E_h, exp. variance=2.5823 E_h^2, pmove=0.48
2026-06-09 02:02:47,205 - Step 00466: 19228.7227 E_h, exp. variance=2.3758 E_h^2, pmove=0.47
2026-06-09 02:02:47,526 - Step 00467: 19230.6328 E_h, exp. variance=2.7428 E_h^2, pmove=0.47
2026-06-09 02:02:47,848 - Step 00468: 19231.5352 E_h, exp. variance=3.4100 E_h^2, pmove=0.47
2026-06-09 02:02:48,175 - Step 00469: 19233.3086 E_h, exp. variance=5.0432 E_h^2, pmove=0.47
2026-06-09 02:02:48,503 - Step 00470: 19231.2812 E_h, exp. variance=4.9696 E_h^2, pmove=0.48
2026-06-09 02:02:48,829 - Step 00471: 19232.6914 E_h, exp. variance=5.5001 E_h^2, pmove=0.48
2026-06-09 02:02:49,154 - Step 00472: 19229.7109 E_h, exp. variance=4.9505 E_h^2, pmove=0.47
2026-06-09 02:02:49,479 - Step 00473: 19229.6543 E_h, exp. variance=4.4554 E_h^2, pmove=0.48
2026-06-09 02:02:49,804 - Step 00474: 19228.3613 E_h, exp. variance=4.1608 E_h^2, pmove=0.47
2026-06-09 02:02:50,127 - Step 00475: 19229.7715 E_h, exp. variance=3.7501 E_h^2, pmove=0.47
2026-06-09 02:02:50,455 - Step 00476: 19229.7617 E_h, exp. variance=3.3791 E_h^2, pmove=0.47
2026-06-09 02:02:50,778 - Step 00477: 19229.5312 E_h, exp. variance=3.0413 E_h^2, pmove=0.47
2026-06-09 02:02:51,106 - Step 00478: 19227.8789 E_h, exp. variance=2.9941 E_h^2, pmove=0.47
2026-06-09 02:02:51,432 - Step 00479: 19228.2402 E_h, exp. variance=2.8154 E_h^2, pmove=0.47
2026-06-09 02:02:51,755 - Step 00480: 19228.4570 E_h, exp. variance=2.5953 E_h^2, pmove=0.47
2026-06-09 02:02:52,082 - Step 00481: 19229.8164 E_h, exp. variance=2.3698 E_h^2, pmove=0.48
2026-06-09 02:02:52,407 - Step 00482: 19228.4043 E_h, exp. variance=2.1990 E_h^2, pmove=0.48
2026-06-09 02:02:52,733 - Step 00483: 19227.9238 E_h, exp. variance=2.1202 E_h^2, pmove=0.47
2026-06-09 02:02:53,058 - Step 00484: 19227.1680 E_h, exp. variance=2.2272 E_h^2, pmove=0.48
2026-06-09 02:02:53,390 - Step 00485: 19227.9043 E_h, exp. variance=2.0872 E_h^2, pmove=0.47
2026-06-09 02:02:53,715 - Step 00486: 19227.6250 E_h, exp. variance=1.9960 E_h^2, pmove=0.48
2026-06-09 02:02:54,039 - Step 00487: 19227.2461 E_h, exp. variance=1.9744 E_h^2, pmove=0.48
2026-06-09 02:02:54,364 - Step 00488: 19229.4492 E_h, exp. variance=1.8561 E_h^2, pmove=0.48
2026-06-09 02:02:54,688 - Step 00489: 19228.3027 E_h, exp. variance=1.6787 E_h^2, pmove=0.48
2026-06-09 02:02:55,017 - Step 00490: 19227.9590 E_h, exp. variance=1.5449 E_h^2, pmove=0.48
2026-06-09 02:02:55,353 - Step 00491: 19227.5078 E_h, exp. variance=1.4811 E_h^2, pmove=0.47
2026-06-09 02:02:55,680 - Step 00492: 19227.2148 E_h, exp. variance=1.4620 E_h^2, pmove=0.48
2026-06-09 02:02:56,008 - Step 00493: 19226.8301 E_h, exp. variance=1.5084 E_h^2, pmove=0.47
2026-06-09 02:02:56,334 - Step 00494: 19225.2695 E_h, exp. variance=2.1025 E_h^2, pmove=0.48
2026-06-09 02:02:56,659 - Step 00495: 19226.3203 E_h, exp. variance=2.1054 E_h^2, pmove=0.48
2026-06-09 02:02:56,983 - Step 00496: 19227.8516 E_h, exp. variance=1.8968 E_h^2, pmove=0.48
2026-06-09 02:02:57,305 - Step 00497: 19227.5469 E_h, exp. variance=1.7098 E_h^2, pmove=0.48
2026-06-09 02:02:57,634 - Step 00498: 19227.7852 E_h, exp. variance=1.5394 E_h^2, pmove=0.48
2026-06-09 02:02:57,960 - Step 00499: 19225.0625 E_h, exp. variance=2.0159 E_h^2, pmove=0.48
2026-06-09 02:02:58,285 - Step 00500: 19226.2051 E_h, exp. variance=1.9527 E_h^2, pmove=0.48
2026-06-09 02:02:58,609 - Step 00501: 19226.4766 E_h, exp. variance=1.8215 E_h^2, pmove=0.47
2026-06-09 02:02:58,931 - Step 00502: 19228.2617 E_h, exp. variance=1.7340 E_h^2, pmove=0.48
2026-06-09 02:02:59,257 - Step 00503: 19226.2422 E_h, exp. variance=1.6690 E_h^2, pmove=0.48
2026-06-09 02:02:59,582 - Step 00504: 19227.7520 E_h, exp. variance=1.5266 E_h^2, pmove=0.48
2026-06-09 02:02:59,906 - Step 00505: 19227.9629 E_h, exp. variance=1.4155 E_h^2, pmove=0.48
2026-06-09 02:03:00,234 - Step 00506: 19229.9141 E_h, exp. variance=1.8649 E_h^2, pmove=0.47
2026-06-09 02:03:00,559 - Step 00507: 19229.3516 E_h, exp. variance=1.9522 E_h^2, pmove=0.48
2026-06-09 02:03:00,888 - Step 00508: 19230.1172 E_h, exp. variance=2.2481 E_h^2, pmove=0.48
2026-06-09 02:03:01,215 - Step 00509: 19229.6016 E_h, exp. variance=2.2497 E_h^2, pmove=0.48
2026-06-09 02:03:01,544 - Step 00510: 19230.9844 E_h, exp. variance=2.7356 E_h^2, pmove=0.48
2026-06-09 02:03:01,878 - Step 00511: 19231.4141 E_h, exp. variance=3.2501 E_h^2, pmove=0.48
2026-06-09 02:03:02,209 - Step 00512: 19230.0742 E_h, exp. variance=3.0829 E_h^2, pmove=0.48
2026-06-09 02:03:02,536 - Step 00513: 19229.1621 E_h, exp. variance=2.7816 E_h^2, pmove=0.48
2026-06-09 02:03:02,862 - Step 00514: 19227.6719 E_h, exp. variance=2.6414 E_h^2, pmove=0.48
2026-06-09 02:03:03,186 - Step 00515: 19227.7383 E_h, exp. variance=2.4763 E_h^2, pmove=0.48
2026-06-09 02:03:03,514 - Step 00516: 19229.5332 E_h, exp. variance=2.2939 E_h^2, pmove=0.49
2026-06-09 02:03:03,840 - Step 00517: 19227.2227 E_h, exp. variance=2.2794 E_h^2, pmove=0.48
2026-06-09 02:03:04,165 - Step 00518: 19228.9883 E_h, exp. variance=2.0641 E_h^2, pmove=0.48
2026-06-09 02:03:04,491 - Step 00519: 19227.7656 E_h, exp. variance=1.9281 E_h^2, pmove=0.48
2026-06-09 02:03:04,819 - Step 00520: 19229.9434 E_h, exp. variance=1.9069 E_h^2, pmove=0.48
2026-06-09 02:03:05,145 - Step 00521: 19229.7461 E_h, exp. variance=1.8145 E_h^2, pmove=0.48
2026-06-09 02:03:05,469 - Step 00522: 19228.3203 E_h, exp. variance=1.6542 E_h^2, pmove=0.48
2026-06-09 02:03:05,794 - Step 00523: 19228.7637 E_h, exp. variance=1.4887 E_h^2, pmove=0.48
2026-06-09 02:03:06,120 - Step 00524: 19230.8945 E_h, exp. variance=1.7515 E_h^2, pmove=0.48
2026-06-09 02:03:06,447 - Step 00525: 19229.5703 E_h, exp. variance=1.6089 E_h^2, pmove=0.48
2026-06-09 02:03:06,774 - Step 00526: 19230.8555 E_h, exp. variance=1.7482 E_h^2, pmove=0.49
2026-06-09 02:03:07,101 - Step 00527: 19230.2305 E_h, exp. variance=1.6669 E_h^2, pmove=0.47
2026-06-09 02:03:07,427 - Step 00528: 19231.8477 E_h, exp. variance=2.0787 E_h^2, pmove=0.47
2026-06-09 02:03:07,755 - Step 00529: 19230.0820 E_h, exp. variance=1.8947 E_h^2, pmove=0.48
2026-06-09 02:03:08,079 - Step 00530: 19232.2852 E_h, exp. variance=2.3459 E_h^2, pmove=0.48
2026-06-09 02:03:08,406 - Step 00531: 19228.9980 E_h, exp. variance=2.1821 E_h^2, pmove=0.48
2026-06-09 02:03:08,730 - Step 00532: 19230.4062 E_h, exp. variance=1.9973 E_h^2, pmove=0.48
2026-06-09 02:03:09,056 - Step 00533: 19227.0312 E_h, exp. variance=2.5164 E_h^2, pmove=0.48
2026-06-09 02:03:09,382 - Step 00534: 19231.1758 E_h, exp. variance=2.4956 E_h^2, pmove=0.48
2026-06-09 02:03:09,706 - Step 00535: 19228.8633 E_h, exp. variance=2.3143 E_h^2, pmove=0.48
2026-06-09 02:03:10,030 - Step 00536: 19229.3789 E_h, exp. variance=2.0893 E_h^2, pmove=0.48
2026-06-09 02:03:10,355 - Step 00537: 19229.2969 E_h, exp. variance=1.8898 E_h^2, pmove=0.48
2026-06-09 02:03:10,682 - Step 00538: 19226.9180 E_h, exp. variance=2.3414 E_h^2, pmove=0.47
2026-06-09 02:03:11,010 - Step 00539: 19226.5449 E_h, exp. variance=2.7995 E_h^2, pmove=0.48
2026-06-09 02:03:11,335 - Step 00540: 19228.0742 E_h, exp. variance=2.6037 E_h^2, pmove=0.49
2026-06-09 02:03:11,661 - Step 00541: 19229.2207 E_h, exp. variance=2.3502 E_h^2, pmove=0.48
2026-06-09 02:03:11,987 - Step 00542: 19229.2227 E_h, exp. variance=2.1208 E_h^2, pmove=0.48
2026-06-09 02:03:12,312 - Step 00543: 19227.5781 E_h, exp. variance=2.0902 E_h^2, pmove=0.48
2026-06-09 02:03:12,635 - Step 00544: 19225.8320 E_h, exp. variance=2.7038 E_h^2, pmove=0.48
2026-06-09 02:03:12,962 - Step 00545: 19228.1387 E_h, exp. variance=2.4489 E_h^2, pmove=0.48
2026-06-09 02:03:13,289 - Step 00546: 19226.5098 E_h, exp. variance=2.5647 E_h^2, pmove=0.48
2026-06-09 02:03:13,613 - Step 00547: 19227.9160 E_h, exp. variance=2.3224 E_h^2, pmove=0.48
2026-06-09 02:03:13,939 - Step 00548: 19227.4883 E_h, exp. variance=2.1456 E_h^2, pmove=0.48
2026-06-09 02:03:14,267 - Step 00549: 19229.4805 E_h, exp. variance=2.0797 E_h^2, pmove=0.49
2026-06-09 02:03:14,593 - Step 00550: 19229.7188 E_h, exp. variance=2.0468 E_h^2, pmove=0.48
2026-06-09 02:03:14,919 - Step 00551: 19231.3340 E_h, exp. variance=2.5840 E_h^2, pmove=0.48
2026-06-09 02:03:15,248 - Step 00552: 19230.5566 E_h, exp. variance=2.6193 E_h^2, pmove=0.48
2026-06-09 02:03:15,577 - Step 00553: 19228.3945 E_h, exp. variance=2.3832 E_h^2, pmove=0.49
2026-06-09 02:03:15,907 - Step 00554: 19226.8047 E_h, exp. variance=2.5313 E_h^2, pmove=0.48
2026-06-09 02:03:16,233 - Step 00555: 19224.6406 E_h, exp. variance=3.7394 E_h^2, pmove=0.48
2026-06-09 02:03:16,561 - Step 00556: 19228.0215 E_h, exp. variance=3.3709 E_h^2, pmove=0.49
2026-06-09 02:03:16,887 - Step 00557: 19228.7246 E_h, exp. variance=3.0547 E_h^2, pmove=0.48
2026-06-09 02:03:17,211 - Step 00558: 19228.0000 E_h, exp. variance=2.7569 E_h^2, pmove=0.48
2026-06-09 02:03:17,537 - Step 00559: 19227.0371 E_h, exp. variance=2.6162 E_h^2, pmove=0.49
2026-06-09 02:03:17,864 - Step 00560: 19227.5430 E_h, exp. variance=2.3865 E_h^2, pmove=0.48
2026-06-09 02:03:18,186 - Step 00561: 19228.6426 E_h, exp. variance=2.1765 E_h^2, pmove=0.48
2026-06-09 02:03:18,510 - Step 00562: 19227.6992 E_h, exp. variance=1.9759 E_h^2, pmove=0.48
2026-06-09 02:03:18,835 - Step 00563: 19228.0176 E_h, exp. variance=1.7788 E_h^2, pmove=0.49
2026-06-09 02:03:19,163 - Step 00564: 19228.2891 E_h, exp. variance=1.6047 E_h^2, pmove=0.49
2026-06-09 02:03:19,487 - Step 00565: 19230.0625 E_h, exp. variance=1.7890 E_h^2, pmove=0.48
2026-06-09 02:03:19,820 - Step 00566: 19229.2148 E_h, exp. variance=1.6853 E_h^2, pmove=0.48
2026-06-09 02:03:20,145 - Step 00567: 19228.0391 E_h, exp. variance=1.5280 E_h^2, pmove=0.48
2026-06-09 02:03:20,470 - Step 00568: 19226.5039 E_h, exp. variance=1.6844 E_h^2, pmove=0.48
2026-06-09 02:03:20,796 - Step 00569: 19227.9375 E_h, exp. variance=1.5209 E_h^2, pmove=0.48
2026-06-09 02:03:21,125 - Step 00570: 19227.7793 E_h, exp. variance=1.3811 E_h^2, pmove=0.49
2026-06-09 02:03:21,450 - Step 00571: 19229.2539 E_h, exp. variance=1.3605 E_h^2, pmove=0.48
2026-06-09 02:03:21,776 - Step 00572: 19229.1230 E_h, exp. variance=1.2967 E_h^2, pmove=0.48
2026-06-09 02:03:22,101 - Step 00573: 19228.6582 E_h, exp. variance=1.1776 E_h^2, pmove=0.49
2026-06-09 02:03:22,429 - Step 00574: 19227.7148 E_h, exp. variance=1.0963 E_h^2, pmove=0.48
2026-06-09 02:03:22,772 - Step 00575: 19228.6406 E_h, exp. variance=0.9979 E_h^2, pmove=0.49
2026-06-09 02:03:23,101 - Step 00576: 19228.3750 E_h, exp. variance=0.8984 E_h^2, pmove=0.48
2026-06-09 02:03:23,431 - Step 00577: 19229.8730 E_h, exp. variance=1.0234 E_h^2, pmove=0.49
2026-06-09 02:03:23,756 - Step 00578: 19229.4531 E_h, exp. variance=1.0058 E_h^2, pmove=0.48
2026-06-09 02:03:24,093 - Step 00579: 19230.7480 E_h, exp. variance=1.3282 E_h^2, pmove=0.49
2026-06-09 02:03:24,427 - Step 00580: 19225.7617 E_h, exp. variance=2.0245 E_h^2, pmove=0.49
2026-06-09 02:03:24,763 - Step 00581: 19230.8145 E_h, exp. variance=2.3066 E_h^2, pmove=0.49
2026-06-09 02:03:25,094 - Step 00582: 19230.4766 E_h, exp. variance=2.3516 E_h^2, pmove=0.48
2026-06-09 02:03:25,427 - Step 00583: 19230.9531 E_h, exp. variance=2.4949 E_h^2, pmove=0.49
2026-06-09 02:03:25,753 - Step 00584: 19228.2031 E_h, exp. variance=2.3190 E_h^2, pmove=0.48
2026-06-09 02:03:26,081 - Step 00585: 19230.0859 E_h, exp. variance=2.1899 E_h^2, pmove=0.48
2026-06-09 02:03:26,406 - Step 00586: 19229.5977 E_h, exp. variance=1.9910 E_h^2, pmove=0.48
2026-06-09 02:03:26,730 - Step 00587: 19230.2715 E_h, exp. variance=1.9007 E_h^2, pmove=0.48
2026-06-09 02:03:27,057 - Step 00588: 19229.8340 E_h, exp. variance=1.7381 E_h^2, pmove=0.48
2026-06-09 02:03:27,383 - Step 00589: 19229.8867 E_h, exp. variance=1.5916 E_h^2, pmove=0.48
2026-06-09 02:03:27,708 - Step 00590: 19228.9766 E_h, exp. variance=1.4479 E_h^2, pmove=0.49
2026-06-09 02:03:28,036 - Step 00591: 19230.3477 E_h, exp. variance=1.3927 E_h^2, pmove=0.48
2026-06-09 02:03:28,360 - Step 00592: 19229.9785 E_h, exp. variance=1.2787 E_h^2, pmove=0.48
2026-06-09 02:03:28,686 - Step 00593: 19233.0645 E_h, exp. variance=2.2930 E_h^2, pmove=0.48
2026-06-09 02:03:29,011 - Step 00594: 19230.1055 E_h, exp. variance=2.0693 E_h^2, pmove=0.49
2026-06-09 02:03:29,337 - Step 00595: 19229.9688 E_h, exp. variance=1.8630 E_h^2, pmove=0.49
2026-06-09 02:03:29,663 - Step 00596: 19227.5547 E_h, exp. variance=2.1678 E_h^2, pmove=0.48
2026-06-09 02:03:29,989 - Step 00597: 19230.9219 E_h, exp. variance=2.0952 E_h^2, pmove=0.49
2026-06-09 02:03:30,315 - Step 00598: 19228.0820 E_h, exp. variance=2.1461 E_h^2, pmove=0.48
2026-06-09 02:03:30,643 - Step 00599: 19228.9863 E_h, exp. variance=1.9669 E_h^2, pmove=0.49
2026-06-09 02:03:30,972 - Step 00600: 19228.8438 E_h, exp. variance=1.8152 E_h^2, pmove=0.49
2026-06-09 02:03:31,304 - Step 00601: 19228.6641 E_h, exp. variance=1.6937 E_h^2, pmove=0.49
2026-06-09 02:03:31,629 - Step 00602: 19228.0508 E_h, exp. variance=1.6878 E_h^2, pmove=0.48
2026-06-09 02:03:31,954 - Step 00603: 19226.7969 E_h, exp. variance=2.0666 E_h^2, pmove=0.48
2026-06-09 02:03:32,280 - Step 00604: 19230.6797 E_h, exp. variance=2.1086 E_h^2, pmove=0.48
2026-06-09 02:03:32,604 - Step 00605: 19227.7715 E_h, exp. variance=2.0772 E_h^2, pmove=0.49
2026-06-09 02:03:32,927 - Step 00606: 19229.1914 E_h, exp. variance=1.8715 E_h^2, pmove=0.48
2026-06-09 02:03:33,255 - Step 00607: 19225.7402 E_h, exp. variance=2.6754 E_h^2, pmove=0.49
2026-06-09 02:03:33,580 - Step 00608: 19228.5625 E_h, exp. variance=2.4102 E_h^2, pmove=0.49
2026-06-09 02:03:33,905 - Step 00609: 19227.7852 E_h, exp. variance=2.2464 E_h^2, pmove=0.49
2026-06-09 02:03:34,229 - Step 00610: 19230.0391 E_h, exp. variance=2.2032 E_h^2, pmove=0.48
2026-06-09 02:03:34,555 - Step 00611: 19228.2168 E_h, exp. variance=2.0096 E_h^2, pmove=0.48
2026-06-09 02:03:34,880 - Step 00612: 19225.5352 E_h, exp. variance=2.7141 E_h^2, pmove=0.48
2026-06-09 02:03:35,205 - Step 00613: 19229.8203 E_h, exp. variance=2.6266 E_h^2, pmove=0.49
2026-06-09 02:03:35,531 - Step 00614: 19228.1250 E_h, exp. variance=2.3790 E_h^2, pmove=0.49
2026-06-09 02:03:35,858 - Step 00615: 19226.0430 E_h, exp. variance=2.6810 E_h^2, pmove=0.48
2026-06-09 02:03:36,188 - Step 00616: 19224.8867 E_h, exp. variance=3.4297 E_h^2, pmove=0.49
2026-06-09 02:03:36,517 - Step 00617: 19228.0977 E_h, exp. variance=3.0899 E_h^2, pmove=0.49
2026-06-09 02:03:36,845 - Step 00618: 19226.4805 E_h, exp. variance=2.9699 E_h^2, pmove=0.49
2026-06-09 02:03:37,173 - Step 00619: 19228.4863 E_h, exp. variance=2.7172 E_h^2, pmove=0.49
2026-06-09 02:03:37,500 - Step 00620: 19228.1875 E_h, exp. variance=2.4554 E_h^2, pmove=0.49
2026-06-09 02:03:37,829 - Step 00621: 19231.2246 E_h, exp. variance=3.2114 E_h^2, pmove=0.49
2026-06-09 02:03:38,154 - Step 00622: 19230.8770 E_h, exp. variance=3.5243 E_h^2, pmove=0.48
2026-06-09 02:03:38,483 - Step 00623: 19231.5391 E_h, exp. variance=4.0095 E_h^2, pmove=0.48
2026-06-09 02:03:38,811 - Step 00624: 19230.8672 E_h, exp. variance=3.9958 E_h^2, pmove=0.49
2026-06-09 02:03:39,138 - Step 00625: 19231.0742 E_h, exp. variance=3.9834 E_h^2, pmove=0.48
2026-06-09 02:03:39,462 - Step 00626: 19231.4922 E_h, exp. variance=4.0551 E_h^2, pmove=0.49
2026-06-09 02:03:39,785 - Step 00627: 19230.9238 E_h, exp. variance=3.8489 E_h^2, pmove=0.48
2026-06-09 02:03:40,113 - Step 00628: 19229.9609 E_h, exp. variance=3.4768 E_h^2, pmove=0.49
2026-06-09 02:03:40,438 - Step 00629: 19227.7930 E_h, exp. variance=3.4299 E_h^2, pmove=0.49
2026-06-09 02:03:40,764 - Step 00630: 19228.9551 E_h, exp. variance=3.1079 E_h^2, pmove=0.49
2026-06-09 02:03:41,089 - Step 00631: 19228.6875 E_h, exp. variance=2.8413 E_h^2, pmove=0.49
2026-06-09 02:03:41,416 - Step 00632: 19230.0195 E_h, exp. variance=2.6014 E_h^2, pmove=0.48
2026-06-09 02:03:41,742 - Step 00633: 19230.8906 E_h, exp. variance=2.5443 E_h^2, pmove=0.49
2026-06-09 02:03:42,067 - Step 00634: 19229.8965 E_h, exp. variance=2.3014 E_h^2, pmove=0.48
2026-06-09 02:03:42,394 - Step 00635: 19229.8770 E_h, exp. variance=2.0795 E_h^2, pmove=0.49
2026-06-09 02:03:42,721 - Step 00636: 19232.3359 E_h, exp. variance=2.5425 E_h^2, pmove=0.48
2026-06-09 02:03:43,046 - Step 00637: 19228.2695 E_h, exp. variance=2.5214 E_h^2, pmove=0.49
2026-06-09 02:03:43,374 - Step 00638: 19232.5664 E_h, exp. variance=2.9991 E_h^2, pmove=0.49
2026-06-09 02:03:43,703 - Step 00639: 19228.2871 E_h, exp. variance=2.9644 E_h^2, pmove=0.48
2026-06-09 02:03:44,032 - Step 00640: 19230.0156 E_h, exp. variance=2.6710 E_h^2, pmove=0.49
2026-06-09 02:03:44,359 - Step 00641: 19228.0039 E_h, exp. variance=2.7105 E_h^2, pmove=0.48
2026-06-09 02:03:44,685 - Step 00642: 19228.3789 E_h, exp. variance=2.5881 E_h^2, pmove=0.49
2026-06-09 02:03:45,011 - Step 00643: 19228.5371 E_h, exp. variance=2.4190 E_h^2, pmove=0.49
2026-06-09 02:03:45,334 - Step 00644: 19228.5742 E_h, exp. variance=2.2438 E_h^2, pmove=0.49
2026-06-09 02:03:45,661 - Step 00645: 19227.5039 E_h, exp. variance=2.3260 E_h^2, pmove=0.49
2026-06-09 02:03:45,990 - Step 00646: 19228.3848 E_h, exp. variance=2.1481 E_h^2, pmove=0.49
2026-06-09 02:03:46,316 - Step 00647: 19229.8984 E_h, exp. variance=1.9927 E_h^2, pmove=0.48
2026-06-09 02:03:46,645 - Step 00648: 19228.0801 E_h, exp. variance=1.8999 E_h^2, pmove=0.49
2026-06-09 02:03:46,971 - Step 00649: 19227.9727 E_h, exp. variance=1.8161 E_h^2, pmove=0.48
2026-06-09 02:03:47,296 - Step 00650: 19227.2656 E_h, exp. variance=1.8896 E_h^2, pmove=0.49
2026-06-09 02:03:47,624 - Step 00651: 19228.8750 E_h, exp. variance=1.7014 E_h^2, pmove=0.49
2026-06-09 02:03:47,950 - Step 00652: 19227.3184 E_h, exp. variance=1.7265 E_h^2, pmove=0.49
2026-06-09 02:03:48,277 - Step 00653: 19229.1836 E_h, exp. variance=1.5800 E_h^2, pmove=0.49
2026-06-09 02:03:48,603 - Step 00654: 19228.0703 E_h, exp. variance=1.4576 E_h^2, pmove=0.49
2026-06-09 02:03:48,932 - Step 00655: 19227.4219 E_h, exp. variance=1.4446 E_h^2, pmove=0.49
2026-06-09 02:03:49,258 - Step 00656: 19228.3730 E_h, exp. variance=1.3020 E_h^2, pmove=0.49
2026-06-09 02:03:49,584 - Step 00657: 19226.9219 E_h, exp. variance=1.3965 E_h^2, pmove=0.49
2026-06-09 02:03:49,910 - Step 00658: 19228.1953 E_h, exp. variance=1.2588 E_h^2, pmove=0.49
2026-06-09 02:03:50,235 - Step 00659: 19227.8594 E_h, exp. variance=1.1527 E_h^2, pmove=0.48
2026-06-09 02:03:50,562 - Step 00660: 19230.4121 E_h, exp. variance=1.4461 E_h^2, pmove=0.49
2026-06-09 02:03:50,888 - Step 00661: 19229.8418 E_h, exp. variance=1.4649 E_h^2, pmove=0.49
2026-06-09 02:03:51,211 - Step 00662: 19228.7500 E_h, exp. variance=1.3198 E_h^2, pmove=0.48
2026-06-09 02:03:51,537 - Step 00663: 19229.6016 E_h, exp. variance=1.2709 E_h^2, pmove=0.49
2026-06-09 02:03:51,862 - Step 00664: 19230.8613 E_h, exp. variance=1.5502 E_h^2, pmove=0.49
2026-06-09 02:03:52,187 - Step 00665: 19229.1289 E_h, exp. variance=1.3981 E_h^2, pmove=0.49
2026-06-09 02:03:52,515 - Step 00666: 19230.7812 E_h, exp. variance=1.5546 E_h^2, pmove=0.49
2026-06-09 02:03:52,840 - Step 00667: 19228.8555 E_h, exp. variance=1.4069 E_h^2, pmove=0.48
2026-06-09 02:03:53,167 - Step 00668: 19230.2383 E_h, exp. variance=1.3789 E_h^2, pmove=0.49
2026-06-09 02:03:53,493 - Step 00669: 19230.4922 E_h, exp. variance=1.3843 E_h^2, pmove=0.48
2026-06-09 02:03:53,820 - Step 00670: 19230.3574 E_h, exp. variance=1.3359 E_h^2, pmove=0.49
2026-06-09 02:03:54,146 - Step 00671: 19227.9512 E_h, exp. variance=1.4064 E_h^2, pmove=0.48
2026-06-09 02:03:54,487 - Step 00672: 19229.4727 E_h, exp. variance=1.2682 E_h^2, pmove=0.49
2026-06-09 02:03:54,815 - Step 00673: 19230.4316 E_h, exp. variance=1.2518 E_h^2, pmove=0.49
2026-06-09 02:03:55,145 - Step 00674: 19230.6719 E_h, exp. variance=1.2641 E_h^2, pmove=0.49
2026-06-09 02:03:55,473 - Step 00675: 19230.6348 E_h, exp. variance=1.2420 E_h^2, pmove=0.49
2026-06-09 02:03:55,801 - Step 00676: 19229.2578 E_h, exp. variance=1.1328 E_h^2, pmove=0.49
2026-06-09 02:03:56,128 - Step 00677: 19226.6719 E_h, exp. variance=1.8044 E_h^2, pmove=0.50
2026-06-09 02:03:56,458 - Step 00678: 19229.1035 E_h, exp. variance=1.6286 E_h^2, pmove=0.49
2026-06-09 02:03:56,794 - Step 00679: 19228.3945 E_h, exp. variance=1.5406 E_h^2, pmove=0.49
2026-06-09 02:03:57,121 - Step 00680: 19229.2734 E_h, exp. variance=1.3868 E_h^2, pmove=0.49
2026-06-09 02:03:57,446 - Step 00681: 19229.4121 E_h, exp. variance=1.2514 E_h^2, pmove=0.49
2026-06-09 02:03:57,772 - Step 00682: 19231.2715 E_h, exp. variance=1.4976 E_h^2, pmove=0.49
2026-06-09 02:03:58,097 - Step 00683: 19229.9688 E_h, exp. variance=1.3727 E_h^2, pmove=0.49
2026-06-09 02:03:58,423 - Step 00684: 19231.7676 E_h, exp. variance=1.6998 E_h^2, pmove=0.49
2026-06-09 02:03:58,748 - Step 00685: 19228.6953 E_h, exp. variance=1.6248 E_h^2, pmove=0.49
2026-06-09 02:03:59,079 - Step 00686: 19231.3184 E_h, exp. variance=1.7222 E_h^2, pmove=0.49
2026-06-09 02:03:59,417 - Step 00687: 19229.9375 E_h, exp. variance=1.5520 E_h^2, pmove=0.49
2026-06-09 02:03:59,744 - Step 00688: 19230.6250 E_h, exp. variance=1.4573 E_h^2, pmove=0.49
2026-06-09 02:04:00,078 - Step 00689: 19230.1836 E_h, exp. variance=1.3195 E_h^2, pmove=0.49
2026-06-09 02:04:00,407 - Step 00690: 19230.0762 E_h, exp. variance=1.1899 E_h^2, pmove=0.49
2026-06-09 02:04:00,733 - Step 00691: 19230.3086 E_h, exp. variance=1.0837 E_h^2, pmove=0.49
2026-06-09 02:04:01,061 - Step 00692: 19227.6348 E_h, exp. variance=1.4656 E_h^2, pmove=0.49
2026-06-09 02:04:01,387 - Step 00693: 19226.7617 E_h, exp. variance=2.1143 E_h^2, pmove=0.49
2026-06-09 02:04:01,716 - Step 00694: 19228.5195 E_h, exp. variance=1.9787 E_h^2, pmove=0.49
2026-06-09 02:04:02,043 - Step 00695: 19226.9062 E_h, exp. variance=2.3164 E_h^2, pmove=0.48
2026-06-09 02:04:02,370 - Step 00696: 19229.5703 E_h, exp. variance=2.1046 E_h^2, pmove=0.50
2026-06-09 02:04:02,695 - Step 00697: 19227.3828 E_h, exp. variance=2.1747 E_h^2, pmove=0.49
2026-06-09 02:04:03,025 - Step 00698: 19228.8359 E_h, exp. variance=1.9589 E_h^2, pmove=0.49
2026-06-09 02:04:03,355 - Step 00699: 19226.6523 E_h, exp. variance=2.2419 E_h^2, pmove=0.49
2026-06-09 02:04:03,683 - Step 00700: 19228.3906 E_h, exp. variance=2.0280 E_h^2, pmove=0.50
2026-06-09 02:04:04,017 - Step 00701: 19229.6719 E_h, exp. variance=1.9110 E_h^2, pmove=0.49
2026-06-09 02:04:04,353 - Step 00702: 19228.5977 E_h, exp. variance=1.7233 E_h^2, pmove=0.49
2026-06-09 02:04:04,685 - Step 00703: 19230.1016 E_h, exp. variance=1.7097 E_h^2, pmove=0.50
2026-06-09 02:04:05,017 - Step 00704: 19228.6719 E_h, exp. variance=1.5437 E_h^2, pmove=0.49
2026-06-09 02:04:05,344 - Step 00705: 19228.7695 E_h, exp. variance=1.3905 E_h^2, pmove=0.49
2026-06-09 02:04:05,670 - Step 00706: 19228.4785 E_h, exp. variance=1.2653 E_h^2, pmove=0.49
2026-06-09 02:04:05,999 - Step 00707: 19230.4375 E_h, exp. variance=1.3708 E_h^2, pmove=0.49
2026-06-09 02:04:06,328 - Step 00708: 19229.2930 E_h, exp. variance=1.2418 E_h^2, pmove=0.49
2026-06-09 02:04:06,656 - Step 00709: 19228.2578 E_h, exp. variance=1.1701 E_h^2, pmove=0.49
2026-06-09 02:04:06,987 - Step 00710: 19227.6250 E_h, exp. variance=1.2100 E_h^2, pmove=0.48
2026-06-09 02:04:07,317 - Step 00711: 19228.6680 E_h, exp. variance=1.0909 E_h^2, pmove=0.49
2026-06-09 02:04:07,644 - Step 00712: 19229.1504 E_h, exp. variance=0.9929 E_h^2, pmove=0.49
2026-06-09 02:04:07,973 - Step 00713: 19229.9395 E_h, exp. variance=1.0036 E_h^2, pmove=0.50
2026-06-09 02:04:08,300 - Step 00714: 19230.3555 E_h, exp. variance=1.0822 E_h^2, pmove=0.49
2026-06-09 02:04:08,629 - Step 00715: 19230.4961 E_h, exp. variance=1.1530 E_h^2, pmove=0.49
2026-06-09 02:04:08,957 - Step 00716: 19233.0469 E_h, exp. variance=2.3512 E_h^2, pmove=0.49
2026-06-09 02:04:09,282 - Step 00717: 19231.6484 E_h, exp. variance=2.4903 E_h^2, pmove=0.49
2026-06-09 02:04:09,608 - Step 00718: 19229.7461 E_h, exp. variance=2.2417 E_h^2, pmove=0.49
2026-06-09 02:04:09,934 - Step 00719: 19229.1816 E_h, exp. variance=2.0526 E_h^2, pmove=0.49
2026-06-09 02:04:10,261 - Step 00720: 19230.5039 E_h, exp. variance=1.8993 E_h^2, pmove=0.49
2026-06-09 02:04:10,588 - Step 00721: 19230.5273 E_h, exp. variance=1.7544 E_h^2, pmove=0.49
2026-06-09 02:04:10,918 - Step 00722: 19228.1211 E_h, exp. variance=1.8608 E_h^2, pmove=0.49
2026-06-09 02:04:11,244 - Step 00723: 19228.2617 E_h, exp. variance=1.8642 E_h^2, pmove=0.49
2026-06-09 02:04:11,573 - Step 00724: 19229.6152 E_h, exp. variance=1.6780 E_h^2, pmove=0.49
2026-06-09 02:04:11,900 - Step 00725: 19229.6855 E_h, exp. variance=1.5113 E_h^2, pmove=0.48
2026-06-09 02:04:12,231 - Step 00726: 19230.8125 E_h, exp. variance=1.4960 E_h^2, pmove=0.49
2026-06-09 02:04:12,562 - Step 00727: 19227.7539 E_h, exp. variance=1.6898 E_h^2, pmove=0.50
2026-06-09 02:04:12,891 - Step 00728: 19228.1953 E_h, exp. variance=1.6768 E_h^2, pmove=0.49
2026-06-09 02:04:13,219 - Step 00729: 19227.7578 E_h, exp. variance=1.7462 E_h^2, pmove=0.50
2026-06-09 02:04:13,549 - Step 00730: 19228.4297 E_h, exp. variance=1.6276 E_h^2, pmove=0.50
2026-06-09 02:04:13,876 - Step 00731: 19229.7617 E_h, exp. variance=1.4995 E_h^2, pmove=0.49
2026-06-09 02:04:14,207 - Step 00732: 19227.9531 E_h, exp. variance=1.4902 E_h^2, pmove=0.49
2026-06-09 02:04:14,540 - Step 00733: 19230.1016 E_h, exp. variance=1.4355 E_h^2, pmove=0.49
2026-06-09 02:04:14,869 - Step 00734: 19228.4082 E_h, exp. variance=1.3455 E_h^2, pmove=0.50
2026-06-09 02:04:15,196 - Step 00735: 19231.1602 E_h, exp. variance=1.5923 E_h^2, pmove=0.49
2026-06-09 02:04:15,524 - Step 00736: 19228.4023 E_h, exp. variance=1.5067 E_h^2, pmove=0.49
2026-06-09 02:04:15,852 - Step 00737: 19229.4844 E_h, exp. variance=1.3625 E_h^2, pmove=0.49
2026-06-09 02:04:16,179 - Step 00738: 19228.7207 E_h, exp. variance=1.2509 E_h^2, pmove=0.50
2026-06-09 02:04:16,511 - Step 00739: 19227.2676 E_h, exp. variance=1.4589 E_h^2, pmove=0.49
2026-06-09 02:04:16,844 - Step 00740: 19229.6758 E_h, exp. variance=1.3541 E_h^2, pmove=0.49
2026-06-09 02:04:17,173 - Step 00741: 19228.6738 E_h, exp. variance=1.2327 E_h^2, pmove=0.49
2026-06-09 02:04:17,507 - Step 00742: 19228.6016 E_h, exp. variance=1.1259 E_h^2, pmove=0.49
2026-06-09 02:04:17,838 - Step 00743: 19227.7617 E_h, exp. variance=1.1483 E_h^2, pmove=0.48
2026-06-09 02:04:18,167 - Step 00744: 19229.4941 E_h, exp. variance=1.0693 E_h^2, pmove=0.49
2026-06-09 02:04:18,497 - Step 00745: 19229.4062 E_h, exp. variance=0.9831 E_h^2, pmove=0.49
2026-06-09 02:04:18,825 - Step 00746: 19229.0781 E_h, exp. variance=0.8858 E_h^2, pmove=0.49
2026-06-09 02:04:19,154 - Step 00747: 19229.7461 E_h, exp. variance=0.8494 E_h^2, pmove=0.49
2026-06-09 02:04:19,484 - Step 00748: 19232.0566 E_h, exp. variance=1.5724 E_h^2, pmove=0.50
2026-06-09 02:04:19,822 - Step 00749: 19230.7617 E_h, exp. variance=1.5921 E_h^2, pmove=0.49
2026-06-09 02:04:20,154 - Step 00750: 19233.1660 E_h, exp. variance=2.6425 E_h^2, pmove=0.49
2026-06-09 02:04:20,486 - Step 00751: 19231.7305 E_h, exp. variance=2.6907 E_h^2, pmove=0.49
2026-06-09 02:04:20,815 - Step 00752: 19231.0586 E_h, exp. variance=2.5127 E_h^2, pmove=0.50
2026-06-09 02:04:21,155 - Step 00753: 19231.9492 E_h, exp. variance=2.5520 E_h^2, pmove=0.49
2026-06-09 02:04:22,198 - Step 00754: 19233.6328 E_h, exp. variance=3.2774 E_h^2, pmove=0.49
2026-06-09 02:04:22,528 - Step 00755: 19230.4004 E_h, exp. variance=2.9558 E_h^2, pmove=0.49
2026-06-09 02:04:22,860 - Step 00756: 19230.7148 E_h, exp. variance=2.6608 E_h^2, pmove=0.50
2026-06-09 02:04:23,192 - Step 00757: 19232.0293 E_h, exp. variance=2.5673 E_h^2, pmove=0.50
2026-06-09 02:04:23,522 - Step 00758: 19230.4609 E_h, exp. variance=2.3199 E_h^2, pmove=0.49
2026-06-09 02:04:23,849 - Step 00759: 19229.0898 E_h, exp. variance=2.3360 E_h^2, pmove=0.49
2026-06-09 02:04:24,175 - Step 00760: 19228.6152 E_h, exp. variance=2.4512 E_h^2, pmove=0.49
2026-06-09 02:04:24,502 - Step 00761: 19229.1992 E_h, exp. variance=2.3330 E_h^2, pmove=0.50
2026-06-09 02:04:24,831 - Step 00762: 19228.2832 E_h, exp. variance=2.4541 E_h^2, pmove=0.49
2026-06-09 02:04:25,157 - Step 00763: 19228.8379 E_h, exp. variance=2.3449 E_h^2, pmove=0.50
2026-06-09 02:04:25,484 - Step 00764: 19227.3984 E_h, exp. variance=2.6942 E_h^2, pmove=0.49
2026-06-09 02:04:25,811 - Step 00765: 19229.3594 E_h, exp. variance=2.4347 E_h^2, pmove=0.49
2026-06-09 02:04:26,139 - Step 00766: 19228.8984 E_h, exp. variance=2.2432 E_h^2, pmove=0.49
2026-06-09 02:04:26,469 - Step 00767: 19229.3008 E_h, exp. variance=2.0260 E_h^2, pmove=0.50
2026-06-09 02:04:26,797 - Step 00768: 19227.8184 E_h, exp. variance=2.0947 E_h^2, pmove=0.49
2026-06-09 02:04:27,123 - Step 00769: 19227.8613 E_h, exp. variance=2.0931 E_h^2, pmove=0.49
2026-06-09 02:04:27,454 - Step 00770: 19228.2891 E_h, exp. variance=1.9632 E_h^2, pmove=0.50
2026-06-09 02:04:27,783 - Step 00771: 19230.8047 E_h, exp. variance=2.0179 E_h^2, pmove=0.49
2026-06-09 02:04:28,110 - Step 00772: 19228.3125 E_h, exp. variance=1.9040 E_h^2, pmove=0.49
2026-06-09 02:04:28,438 - Step 00773: 19229.8438 E_h, exp. variance=1.7507 E_h^2, pmove=0.49
2026-06-09 02:04:28,766 - Step 00774: 19229.3633 E_h, exp. variance=1.5765 E_h^2, pmove=0.49
2026-06-09 02:04:29,093 - Step 00775: 19227.5020 E_h, exp. variance=1.7019 E_h^2, pmove=0.49
2026-06-09 02:04:29,418 - Step 00776: 19227.4492 E_h, exp. variance=1.7763 E_h^2, pmove=0.50
2026-06-09 02:04:29,747 - Step 00777: 19227.8496 E_h, exp. variance=1.7044 E_h^2, pmove=0.49
2026-06-09 02:04:30,074 - Step 00778: 19227.0547 E_h, exp. variance=1.8158 E_h^2, pmove=0.49
2026-06-09 02:04:30,402 - Step 00779: 19227.8398 E_h, exp. variance=1.6928 E_h^2, pmove=0.49
2026-06-09 02:04:30,729 - Step 00780: 19228.9668 E_h, exp. variance=1.5379 E_h^2, pmove=0.49
2026-06-09 02:04:31,073 - Step 00781: 19229.1836 E_h, exp. variance=1.4142 E_h^2, pmove=0.50
2026-06-09 02:04:31,403 - Step 00782: 19229.1250 E_h, exp. variance=1.2919 E_h^2, pmove=0.49
2026-06-09 02:04:31,732 - Step 00783: 19228.4980 E_h, exp. variance=1.1668 E_h^2, pmove=0.49
2026-06-09 02:04:32,060 - Step 00784: 19228.4375 E_h, exp. variance=1.0558 E_h^2, pmove=0.49
2026-06-09 02:04:32,387 - Step 00785: 19232.0723 E_h, exp. variance=1.9957 E_h^2, pmove=0.50
2026-06-09 02:04:32,716 - Step 00786: 19228.4727 E_h, exp. variance=1.8215 E_h^2, pmove=0.49
2026-06-09 02:04:33,044 - Step 00787: 19230.9453 E_h, exp. variance=1.9973 E_h^2, pmove=0.50
2026-06-09 02:04:33,372 - Step 00788: 19230.5938 E_h, exp. variance=1.9850 E_h^2, pmove=0.49
2026-06-09 02:04:33,702 - Step 00789: 19232.3145 E_h, exp. variance=2.6071 E_h^2, pmove=0.49
2026-06-09 02:04:34,030 - Step 00790: 19227.7500 E_h, exp. variance=2.6536 E_h^2, pmove=0.49
2026-06-09 02:04:34,363 - Step 00791: 19232.5859 E_h, exp. variance=3.2949 E_h^2, pmove=0.49
2026-06-09 02:04:34,696 - Step 00792: 19228.5098 E_h, exp. variance=3.0995 E_h^2, pmove=0.49
2026-06-09 02:04:35,026 - Step 00793: 19230.9297 E_h, exp. variance=2.9464 E_h^2, pmove=0.50
2026-06-09 02:04:35,359 - Step 00794: 19228.0195 E_h, exp. variance=2.9189 E_h^2, pmove=0.49
2026-06-09 02:04:35,692 - Step 00795: 19229.6152 E_h, exp. variance=2.6272 E_h^2, pmove=0.49
2026-06-09 02:04:36,022 - Step 00796: 19226.2578 E_h, exp. variance=3.3543 E_h^2, pmove=0.50
2026-06-09 02:04:36,352 - Step 00797: 19228.5059 E_h, exp. variance=3.0677 E_h^2, pmove=0.50
2026-06-09 02:04:36,680 - Step 00798: 19227.1074 E_h, exp. variance=3.1430 E_h^2, pmove=0.49
2026-06-09 02:04:37,009 - Step 00799: 19227.5664 E_h, exp. variance=3.0038 E_h^2, pmove=0.49
2026-06-09 02:04:37,350 - Step 00800: 19228.9609 E_h, exp. variance=2.7051 E_h^2, pmove=0.50
2026-06-09 02:04:37,679 - Step 00801: 19232.1992 E_h, exp. variance=3.4526 E_h^2, pmove=0.49
2026-06-09 02:04:38,006 - Step 00802: 19229.4316 E_h, exp. variance=3.1135 E_h^2, pmove=0.50
2026-06-09 02:04:38,333 - Step 00803: 19230.7207 E_h, exp. variance=3.0110 E_h^2, pmove=0.49
2026-06-09 02:04:38,661 - Step 00804: 19227.3945 E_h, exp. variance=3.0539 E_h^2, pmove=0.50
2026-06-09 02:04:38,988 - Step 00805: 19230.7891 E_h, exp. variance=2.9890 E_h^2, pmove=0.50
2026-06-09 02:04:39,317 - Step 00806: 19227.2344 E_h, exp. variance=3.0810 E_h^2, pmove=0.49
2026-06-09 02:04:39,648 - Step 00807: 19229.3398 E_h, exp. variance=2.7777 E_h^2, pmove=0.50
2026-06-09 02:04:39,978 - Step 00808: 19229.3965 E_h, exp. variance=2.5062 E_h^2, pmove=0.49
2026-06-09 02:04:40,305 - Step 00809: 19230.6641 E_h, exp. variance=2.4591 E_h^2, pmove=0.49
2026-06-09 02:04:40,640 - Step 00810: 19228.9805 E_h, exp. variance=2.2230 E_h^2, pmove=0.49
2026-06-09 02:04:40,978 - Step 00811: 19230.2188 E_h, exp. variance=2.0805 E_h^2, pmove=0.49
2026-06-09 02:04:41,309 - Step 00812: 19229.0605 E_h, exp. variance=1.8811 E_h^2, pmove=0.50
2026-06-09 02:04:41,642 - Step 00813: 19228.7500 E_h, exp. variance=1.7243 E_h^2, pmove=0.49
2026-06-09 02:04:41,971 - Step 00814: 19230.7969 E_h, exp. variance=1.7586 E_h^2, pmove=0.50
2026-06-09 02:04:42,303 - Step 00815: 19230.5156 E_h, exp. variance=1.6881 E_h^2, pmove=0.50
2026-06-09 02:04:42,637 - Step 00816: 19232.7266 E_h, exp. variance=2.4326 E_h^2, pmove=0.49
2026-06-09 02:04:42,971 - Step 00817: 19230.5684 E_h, exp. variance=2.2346 E_h^2, pmove=0.50
2026-06-09 02:04:43,305 - Step 00818: 19230.3867 E_h, exp. variance=2.0299 E_h^2, pmove=0.50
2026-06-09 02:04:43,638 - Step 00819: 19229.8320 E_h, exp. variance=1.8288 E_h^2, pmove=0.49
2026-06-09 02:04:43,969 - Step 00820: 19227.8867 E_h, exp. variance=2.0331 E_h^2, pmove=0.50
2026-06-09 02:04:44,300 - Step 00821: 19228.9316 E_h, exp. variance=1.8906 E_h^2, pmove=0.49
2026-06-09 02:04:44,633 - Step 00822: 19228.5820 E_h, exp. variance=1.8085 E_h^2, pmove=0.49
2026-06-09 02:04:44,965 - Step 00823: 19229.8086 E_h, exp. variance=1.6331 E_h^2, pmove=0.49
2026-06-09 02:04:45,295 - Step 00824: 19227.3203 E_h, exp. variance=1.9325 E_h^2, pmove=0.49
2026-06-09 02:04:45,626 - Step 00825: 19228.3926 E_h, exp. variance=1.8237 E_h^2, pmove=0.49
2026-06-09 02:04:45,958 - Step 00826: 19227.1172 E_h, exp. variance=2.0560 E_h^2, pmove=0.50
2026-06-09 02:04:46,291 - Step 00827: 19228.6758 E_h, exp. variance=1.8630 E_h^2, pmove=0.50
2026-06-09 02:04:46,623 - Step 00828: 19226.9648 E_h, exp. variance=2.0537 E_h^2, pmove=0.50
2026-06-09 02:04:46,953 - Step 00829: 19227.2637 E_h, exp. variance=2.0626 E_h^2, pmove=0.50
2026-06-09 02:04:47,284 - Step 00830: 19227.0508 E_h, exp. variance=2.0872 E_h^2, pmove=0.49
2026-06-09 02:04:47,616 - Step 00831: 19227.6484 E_h, exp. variance=1.9426 E_h^2, pmove=0.50
2026-06-09 02:04:47,954 - Step 00832: 19227.5215 E_h, exp. variance=1.8191 E_h^2, pmove=0.49
2026-06-09 02:04:48,287 - Step 00833: 19229.1797 E_h, exp. variance=1.7036 E_h^2, pmove=0.49
2026-06-09 02:04:48,622 - Step 00834: 19228.4531 E_h, exp. variance=1.5335 E_h^2, pmove=0.49
2026-06-09 02:04:48,964 - Step 00835: 19227.0039 E_h, exp. variance=1.5581 E_h^2, pmove=0.49
2026-06-09 02:04:49,296 - Step 00836: 19228.2930 E_h, exp. variance=1.4023 E_h^2, pmove=0.50
2026-06-09 02:04:49,631 - Step 00837: 19227.4570 E_h, exp. variance=1.3218 E_h^2, pmove=0.50
2026-06-09 02:04:49,965 - Step 00838: 19229.0078 E_h, exp. variance=1.2499 E_h^2, pmove=0.50
2026-06-09 02:04:50,295 - Step 00839: 19228.6719 E_h, exp. variance=1.1393 E_h^2, pmove=0.49
2026-06-09 02:04:50,627 - Step 00840: 19226.7266 E_h, exp. variance=1.2518 E_h^2, pmove=0.50
2026-06-09 02:04:50,958 - Step 00841: 19227.0977 E_h, exp. variance=1.2271 E_h^2, pmove=0.49
2026-06-09 02:04:51,289 - Step 00842: 19226.9102 E_h, exp. variance=1.2211 E_h^2, pmove=0.50
2026-06-09 02:04:51,621 - Step 00843: 19229.6250 E_h, exp. variance=1.3558 E_h^2, pmove=0.50
2026-06-09 02:04:51,953 - Step 00844: 19229.2422 E_h, exp. variance=1.3365 E_h^2, pmove=0.49
2026-06-09 02:04:52,285 - Step 00845: 19228.2773 E_h, exp. variance=1.2032 E_h^2, pmove=0.50
2026-06-09 02:04:52,616 - Step 00846: 19228.1133 E_h, exp. variance=1.0840 E_h^2, pmove=0.50
2026-06-09 02:04:52,948 - Step 00847: 19227.7285 E_h, exp. variance=0.9967 E_h^2, pmove=0.49
2026-06-09 02:04:53,278 - Step 00848: 19225.8027 E_h, exp. variance=1.3989 E_h^2, pmove=0.49
2026-06-09 02:04:53,608 - Step 00849: 19227.1309 E_h, exp. variance=1.3161 E_h^2, pmove=0.50
2026-06-09 02:04:53,938 - Step 00850: 19225.2969 E_h, exp. variance=1.7701 E_h^2, pmove=0.50
2026-06-09 02:04:54,271 - Step 00851: 19226.4668 E_h, exp. variance=1.7070 E_h^2, pmove=0.49
2026-06-09 02:04:54,604 - Step 00852: 19227.4727 E_h, exp. variance=1.5363 E_h^2, pmove=0.50
2026-06-09 02:04:54,935 - Step 00853: 19228.0156 E_h, exp. variance=1.4086 E_h^2, pmove=0.49
2026-06-09 02:04:55,267 - Step 00854: 19228.1562 E_h, exp. variance=1.3029 E_h^2, pmove=0.50
2026-06-09 02:04:55,602 - Step 00855: 19228.1973 E_h, exp. variance=1.2054 E_h^2, pmove=0.49
2026-06-09 02:04:55,935 - Step 00856: 19228.9102 E_h, exp. variance=1.2268 E_h^2, pmove=0.49
2026-06-09 02:04:56,267 - Step 00857: 19228.3652 E_h, exp. variance=1.1350 E_h^2, pmove=0.50
2026-06-09 02:04:56,615 - Step 00858: 19230.1660 E_h, exp. variance=1.5093 E_h^2, pmove=0.49
2026-06-09 02:04:56,946 - Step 00859: 19229.8359 E_h, exp. variance=1.6390 E_h^2, pmove=0.49
2026-06-09 02:04:57,279 - Step 00860: 19230.2227 E_h, exp. variance=1.8267 E_h^2, pmove=0.50
2026-06-09 02:04:57,618 - Step 00861: 19228.0898 E_h, exp. variance=1.6553 E_h^2, pmove=0.49
2026-06-09 02:04:57,953 - Step 00862: 19230.1387 E_h, exp. variance=1.7593 E_h^2, pmove=0.50
2026-06-09 02:04:58,285 - Step 00863: 19226.0156 E_h, exp. variance=2.1761 E_h^2, pmove=0.49
2026-06-09 02:04:58,616 - Step 00864: 19228.1523 E_h, exp. variance=1.9612 E_h^2, pmove=0.50
2026-06-09 02:04:58,947 - Step 00865: 19230.0625 E_h, exp. variance=2.0420 E_h^2, pmove=0.49
2026-06-09 02:04:59,278 - Step 00866: 19229.6680 E_h, exp. variance=1.9638 E_h^2, pmove=0.49
2026-06-09 02:04:59,609 - Step 00867: 19229.2715 E_h, exp. variance=1.8076 E_h^2, pmove=0.49
2026-06-09 02:04:59,944 - Step 00868: 19227.0039 E_h, exp. variance=1.8767 E_h^2, pmove=0.49
2026-06-09 02:05:00,277 - Step 00869: 19227.0859 E_h, exp. variance=1.8699 E_h^2, pmove=0.50
2026-06-09 02:05:00,613 - Step 00870: 19227.9492 E_h, exp. variance=1.6982 E_h^2, pmove=0.49
2026-06-09 02:05:00,947 - Step 00871: 19227.5430 E_h, exp. variance=1.5828 E_h^2, pmove=0.49
2026-06-09 02:05:01,289 - Step 00872: 19229.2090 E_h, exp. variance=1.5086 E_h^2, pmove=0.50
2026-06-09 02:05:01,621 - Step 00873: 19229.2422 E_h, exp. variance=1.4311 E_h^2, pmove=0.49
2026-06-09 02:05:01,953 - Step 00874: 19229.8125 E_h, exp. variance=1.4600 E_h^2, pmove=0.50
2026-06-09 02:05:02,285 - Step 00875: 19229.6211 E_h, exp. variance=1.4138 E_h^2, pmove=0.49
2026-06-09 02:05:02,617 - Step 00876: 19227.9258 E_h, exp. variance=1.3228 E_h^2, pmove=0.49
2026-06-09 02:05:02,947 - Step 00877: 19229.3594 E_h, exp. variance=1.2424 E_h^2, pmove=0.50
2026-06-09 02:05:03,279 - Step 00878: 19231.2461 E_h, exp. variance=1.7128 E_h^2, pmove=0.49
2026-06-09 02:05:03,610 - Step 00879: 19228.5820 E_h, exp. variance=1.5526 E_h^2, pmove=0.50
2026-06-09 02:05:03,944 - Step 00880: 19228.8535 E_h, exp. variance=1.3975 E_h^2, pmove=0.49
2026-06-09 02:05:04,275 - Step 00881: 19228.4883 E_h, exp. variance=1.2726 E_h^2, pmove=0.49
2026-06-09 02:05:04,606 - Step 00882: 19228.1875 E_h, exp. variance=1.1853 E_h^2, pmove=0.50
2026-06-09 02:05:04,938 - Step 00883: 19229.1836 E_h, exp. variance=1.0809 E_h^2, pmove=0.49
2026-06-09 02:05:05,270 - Step 00884: 19229.3301 E_h, exp. variance=0.9957 E_h^2, pmove=0.50
2026-06-09 02:05:05,610 - Step 00885: 19230.4121 E_h, exp. variance=1.1082 E_h^2, pmove=0.49
2026-06-09 02:05:05,943 - Step 00886: 19228.5859 E_h, exp. variance=1.0152 E_h^2, pmove=0.49
2026-06-09 02:05:06,273 - Step 00887: 19230.3398 E_h, exp. variance=1.0786 E_h^2, pmove=0.50
2026-06-09 02:05:06,604 - Step 00888: 19228.8516 E_h, exp. variance=0.9773 E_h^2, pmove=0.50
2026-06-09 02:05:06,936 - Step 00889: 19230.5352 E_h, exp. variance=1.0665 E_h^2, pmove=0.50
2026-06-09 02:05:07,266 - Step 00890: 19229.4082 E_h, exp. variance=0.9625 E_h^2, pmove=0.49
2026-06-09 02:05:07,595 - Step 00891: 19229.8086 E_h, exp. variance=0.8937 E_h^2, pmove=0.49
2026-06-09 02:05:07,927 - Step 00892: 19229.7695 E_h, exp. variance=0.8233 E_h^2, pmove=0.50
2026-06-09 02:05:08,258 - Step 00893: 19229.8398 E_h, exp. variance=0.7621 E_h^2, pmove=0.50
2026-06-09 02:05:08,588 - Step 00894: 19229.9902 E_h, exp. variance=0.7168 E_h^2, pmove=0.49
2026-06-09 02:05:08,920 - Step 00895: 19228.5859 E_h, exp. variance=0.7143 E_h^2, pmove=0.50
2026-06-09 02:05:09,254 - Step 00896: 19229.1523 E_h, exp. variance=0.6474 E_h^2, pmove=0.50
2026-06-09 02:05:09,586 - Step 00897: 19227.3477 E_h, exp. variance=0.9447 E_h^2, pmove=0.49
2026-06-09 02:05:09,918 - Step 00898: 19227.9043 E_h, exp. variance=0.9904 E_h^2, pmove=0.50
2026-06-09 02:05:10,249 - Step 00899: 19227.3984 E_h, exp. variance=1.1302 E_h^2, pmove=0.49
2026-06-09 02:05:10,581 - Step 00900: 19228.4453 E_h, exp. variance=1.0331 E_h^2, pmove=0.49
2026-06-09 02:05:10,913 - Step 00901: 19229.3164 E_h, exp. variance=0.9515 E_h^2, pmove=0.50
2026-06-09 02:05:11,246 - Step 00902: 19229.8574 E_h, exp. variance=0.9436 E_h^2, pmove=0.50
2026-06-09 02:05:11,577 - Step 00903: 19232.8867 E_h, exp. variance=2.2294 E_h^2, pmove=0.50
2026-06-09 02:05:11,911 - Step 00904: 19230.2188 E_h, exp. variance=2.0723 E_h^2, pmove=0.50
2026-06-09 02:05:12,242 - Step 00905: 19235.1133 E_h, exp. variance=4.7524 E_h^2, pmove=0.50
2026-06-09 02:05:12,572 - Step 00906: 19232.0840 E_h, exp. variance=4.6622 E_h^2, pmove=0.49
2026-06-09 02:05:12,901 - Step 00907: 19234.2305 E_h, exp. variance=5.6416 E_h^2, pmove=0.50
2026-06-09 02:05:13,230 - Step 00908: 19229.7480 E_h, exp. variance=5.1464 E_h^2, pmove=0.49
2026-06-09 02:05:13,563 - Step 00909: 19230.3281 E_h, exp. variance=4.6356 E_h^2, pmove=0.51
2026-06-09 02:05:13,893 - Step 00910: 19228.8457 E_h, exp. variance=4.4224 E_h^2, pmove=0.50
2026-06-09 02:05:14,222 - Step 00911: 19231.1797 E_h, exp. variance=4.0425 E_h^2, pmove=0.50
2026-06-09 02:05:14,557 - Step 00912: 19228.6230 E_h, exp. variance=3.9326 E_h^2, pmove=0.49
2026-06-09 02:05:14,889 - Step 00913: 19230.2422 E_h, exp. variance=3.5394 E_h^2, pmove=0.50
2026-06-09 02:05:15,219 - Step 00914: 19229.3867 E_h, exp. variance=3.2525 E_h^2, pmove=0.50
2026-06-09 02:05:15,552 - Step 00915: 19228.0664 E_h, exp. variance=3.3233 E_h^2, pmove=0.49
2026-06-09 02:05:15,888 - Step 00916: 19229.0508 E_h, exp. variance=3.0645 E_h^2, pmove=0.50
2026-06-09 02:05:16,223 - Step 00917: 19226.7383 E_h, exp. variance=3.6381 E_h^2, pmove=0.49
2026-06-09 02:05:16,555 - Step 00918: 19228.4668 E_h, exp. variance=3.3804 E_h^2, pmove=0.51
2026-06-09 02:05:16,888 - Step 00919: 19228.7441 E_h, exp. variance=3.0864 E_h^2, pmove=0.50
2026-06-09 02:05:17,221 - Step 00920: 19227.2871 E_h, exp. variance=3.1693 E_h^2, pmove=0.50
2026-06-09 02:05:17,574 - Step 00921: 19225.6191 E_h, exp. variance=3.9834 E_h^2, pmove=0.50
2026-06-09 02:05:17,905 - Step 00922: 19225.6055 E_h, exp. variance=4.5085 E_h^2, pmove=0.50
2026-06-09 02:05:18,236 - Step 00923: 19227.5566 E_h, exp. variance=4.1357 E_h^2, pmove=0.50
2026-06-09 02:05:18,569 - Step 00924: 19227.7109 E_h, exp. variance=3.7642 E_h^2, pmove=0.49
2026-06-09 02:05:18,900 - Step 00925: 19225.6426 E_h, exp. variance=4.0359 E_h^2, pmove=0.50
2026-06-09 02:05:19,232 - Step 00926: 19227.1211 E_h, exp. variance=3.7114 E_h^2, pmove=0.50
2026-06-09 02:05:19,563 - Step 00927: 19226.1758 E_h, exp. variance=3.6284 E_h^2, pmove=0.50
2026-06-09 02:05:19,892 - Step 00928: 19229.0645 E_h, exp. variance=3.4128 E_h^2, pmove=0.50
2026-06-09 02:05:20,224 - Step 00929: 19229.2148 E_h, exp. variance=3.2238 E_h^2, pmove=0.50
2026-06-09 02:05:20,557 - Step 00930: 19228.5391 E_h, exp. variance=2.9234 E_h^2, pmove=0.50
2026-06-09 02:05:20,891 - Step 00931: 19226.0156 E_h, exp. variance=3.0198 E_h^2, pmove=0.49
2026-06-09 02:05:21,222 - Step 00932: 19227.3027 E_h, exp. variance=2.7485 E_h^2, pmove=0.50
2026-06-09 02:05:21,553 - Step 00933: 19227.4180 E_h, exp. variance=2.4888 E_h^2, pmove=0.50
2026-06-09 02:05:21,887 - Step 00934: 19227.2012 E_h, exp. variance=2.2708 E_h^2, pmove=0.50
2026-06-09 02:05:22,221 - Step 00935: 19228.3047 E_h, exp. variance=2.0736 E_h^2, pmove=0.50
2026-06-09 02:05:22,555 - Step 00936: 19228.9727 E_h, exp. variance=1.9931 E_h^2, pmove=0.50
2026-06-09 02:05:22,884 - Step 00937: 19228.0586 E_h, exp. variance=1.7960 E_h^2, pmove=0.50
2026-06-09 02:05:23,213 - Step 00938: 19227.7793 E_h, exp. variance=1.6182 E_h^2, pmove=0.50
2026-06-09 02:05:23,543 - Step 00939: 19229.7695 E_h, exp. variance=1.7688 E_h^2, pmove=0.50
2026-06-09 02:05:23,874 - Step 00940: 19228.0039 E_h, exp. variance=1.5926 E_h^2, pmove=0.50
2026-06-09 02:05:24,206 - Step 00941: 19230.3027 E_h, exp. variance=1.8772 E_h^2, pmove=0.50
2026-06-09 02:05:24,535 - Step 00942: 19228.2051 E_h, exp. variance=1.6904 E_h^2, pmove=0.49
2026-06-09 02:05:24,868 - Step 00943: 19230.6914 E_h, exp. variance=2.0382 E_h^2, pmove=0.50
2026-06-09 02:05:25,203 - Step 00944: 19229.1035 E_h, exp. variance=1.8635 E_h^2, pmove=0.50
2026-06-09 02:05:25,533 - Step 00945: 19229.5586 E_h, exp. variance=1.7612 E_h^2, pmove=0.50
2026-06-09 02:05:25,866 - Step 00946: 19229.3828 E_h, exp. variance=1.6286 E_h^2, pmove=0.50
2026-06-09 02:05:26,199 - Step 00947: 19228.5312 E_h, exp. variance=1.4704 E_h^2, pmove=0.49
2026-06-09 02:05:26,535 - Step 00948: 19228.4258 E_h, exp. variance=1.3319 E_h^2, pmove=0.49
2026-06-09 02:05:26,877 - Step 00949: 19226.2656 E_h, exp. variance=1.7335 E_h^2, pmove=0.50
2026-06-09 02:05:27,220 - Step 00950: 19229.5762 E_h, exp. variance=1.6724 E_h^2, pmove=0.50
2026-06-09 02:05:27,565 - Step 00951: 19227.8438 E_h, exp. variance=1.5527 E_h^2, pmove=0.49
2026-06-09 02:05:27,910 - Step 00952: 19228.9688 E_h, exp. variance=1.4174 E_h^2, pmove=0.50
2026-06-09 02:05:28,243 - Step 00953: 19229.3672 E_h, exp. variance=1.3365 E_h^2, pmove=0.50
2026-06-09 02:05:28,576 - Step 00954: 19229.5781 E_h, exp. variance=1.2843 E_h^2, pmove=0.50
2026-06-09 02:05:28,910 - Step 00955: 19227.8047 E_h, exp. variance=1.2317 E_h^2, pmove=0.50
2026-06-09 02:05:29,241 - Step 00956: 19227.1211 E_h, exp. variance=1.3137 E_h^2, pmove=0.50
2026-06-09 02:05:29,571 - Step 00957: 19228.3789 E_h, exp. variance=1.1832 E_h^2, pmove=0.49
2026-06-09 02:05:29,903 - Step 00958: 19226.2480 E_h, exp. variance=1.5095 E_h^2, pmove=0.50
2026-06-09 02:05:30,235 - Step 00959: 19226.4180 E_h, exp. variance=1.6600 E_h^2, pmove=0.50
2026-06-09 02:05:30,567 - Step 00960: 19227.4570 E_h, exp. variance=1.5272 E_h^2, pmove=0.49
2026-06-09 02:05:30,897 - Step 00961: 19226.4316 E_h, exp. variance=1.5970 E_h^2, pmove=0.50
2026-06-09 02:05:31,229 - Step 00962: 19227.4453 E_h, exp. variance=1.4518 E_h^2, pmove=0.50
2026-06-09 02:05:31,559 - Step 00963: 19226.3906 E_h, exp. variance=1.4871 E_h^2, pmove=0.50
2026-06-09 02:05:31,889 - Step 00964: 19229.9023 E_h, exp. variance=1.7893 E_h^2, pmove=0.50
2026-06-09 02:05:32,220 - Step 00965: 19229.1113 E_h, exp. variance=1.7449 E_h^2, pmove=0.50
2026-06-09 02:05:32,552 - Step 00966: 19229.6602 E_h, exp. variance=1.8150 E_h^2, pmove=0.50
2026-06-09 02:05:32,886 - Step 00967: 19227.6719 E_h, exp. variance=1.6563 E_h^2, pmove=0.49
2026-06-09 02:05:33,218 - Step 00968: 19227.0059 E_h, exp. variance=1.6034 E_h^2, pmove=0.49
2026-06-09 02:05:33,553 - Step 00969: 19229.2500 E_h, exp. variance=1.5806 E_h^2, pmove=0.51
2026-06-09 02:05:33,885 - Step 00970: 19228.0312 E_h, exp. variance=1.4236 E_h^2, pmove=0.50
2026-06-09 02:05:34,216 - Step 00971: 19228.8750 E_h, exp. variance=1.3316 E_h^2, pmove=0.50
2026-06-09 02:05:34,544 - Step 00972: 19227.8340 E_h, exp. variance=1.2106 E_h^2, pmove=0.50
2026-06-09 02:05:34,872 - Step 00973: 19227.8828 E_h, exp. variance=1.0966 E_h^2, pmove=0.50
2026-06-09 02:05:35,201 - Step 00974: 19230.6328 E_h, exp. variance=1.5477 E_h^2, pmove=0.50
2026-06-09 02:05:35,533 - Step 00975: 19229.0859 E_h, exp. variance=1.4369 E_h^2, pmove=0.50
2026-06-09 02:05:35,863 - Step 00976: 19229.9082 E_h, exp. variance=1.4828 E_h^2, pmove=0.50
2026-06-09 02:05:36,195 - Step 00977: 19229.3008 E_h, exp. variance=1.3785 E_h^2, pmove=0.50
2026-06-09 02:05:36,525 - Step 00978: 19229.2852 E_h, exp. variance=1.2745 E_h^2, pmove=0.50
2026-06-09 02:05:36,857 - Step 00979: 19229.4824 E_h, exp. variance=1.1977 E_h^2, pmove=0.50
2026-06-09 02:05:37,188 - Step 00980: 19227.5684 E_h, exp. variance=1.2159 E_h^2, pmove=0.49
2026-06-09 02:05:37,525 - Step 00981: 19227.0938 E_h, exp. variance=1.3218 E_h^2, pmove=0.50
2026-06-09 02:05:37,861 - Step 00982: 19227.2617 E_h, exp. variance=1.3333 E_h^2, pmove=0.49
2026-06-09 02:05:38,201 - Step 00983: 19226.1641 E_h, exp. variance=1.6493 E_h^2, pmove=0.51
2026-06-09 02:05:38,535 - Step 00984: 19226.4570 E_h, exp. variance=1.7503 E_h^2, pmove=0.50
2026-06-09 02:05:38,877 - Step 00985: 19227.4375 E_h, exp. variance=1.6041 E_h^2, pmove=0.50
2026-06-09 02:05:39,216 - Step 00986: 19227.6289 E_h, exp. variance=1.4528 E_h^2, pmove=0.49
2026-06-09 02:05:39,550 - Step 00987: 19230.1387 E_h, exp. variance=1.7522 E_h^2, pmove=0.50
2026-06-09 02:05:39,882 - Step 00988: 19228.9375 E_h, exp. variance=1.6344 E_h^2, pmove=0.50
2026-06-09 02:05:40,214 - Step 00989: 19229.3438 E_h, exp. variance=1.5848 E_h^2, pmove=0.51
2026-06-09 02:05:40,547 - Step 00990: 19228.9414 E_h, exp. variance=1.4598 E_h^2, pmove=0.50
2026-06-09 02:05:40,876 - Step 00991: 19229.3926 E_h, exp. variance=1.4038 E_h^2, pmove=0.50
2026-06-09 02:05:41,207 - Step 00992: 19230.8789 E_h, exp. variance=1.7761 E_h^2, pmove=0.50
2026-06-09 02:05:41,535 - Step 00993: 19229.0645 E_h, exp. variance=1.6085 E_h^2, pmove=0.50
2026-06-09 02:05:41,868 - Step 00994: 19230.8398 E_h, exp. variance=1.8356 E_h^2, pmove=0.50
2026-06-09 02:05:42,202 - Step 00995: 19228.7988 E_h, exp. variance=1.6547 E_h^2, pmove=0.50
2026-06-09 02:05:42,533 - Step 00996: 19228.5527 E_h, exp. variance=1.5037 E_h^2, pmove=0.50
2026-06-09 02:05:42,866 - Step 00997: 19229.1836 E_h, exp. variance=1.3598 E_h^2, pmove=0.50
2026-06-09 02:05:43,198 - Step 00998: 19226.5703 E_h, exp. variance=1.7298 E_h^2, pmove=0.50
2026-06-09 02:05:43,530 - Step 00999: 19225.6406 E_h, exp. variance=2.4020 E_h^2, pmove=0.50
2026-06-09 02:05:43,861 - Step 01000: 19228.6328 E_h, exp. variance=2.1668 E_h^2, pmove=0.50
2026-06-09 02:05:44,190 - Step 01001: 19226.5840 E_h, exp. variance=2.2541 E_h^2, pmove=0.49
2026-06-09 02:05:44,522 - Step 01002: 19230.1074 E_h, exp. variance=2.3431 E_h^2, pmove=0.50
2026-06-09 02:05:44,855 - Step 01003: 19227.8203 E_h, exp. variance=2.1418 E_h^2, pmove=0.50
2026-06-09 02:05:45,186 - Step 01004: 19227.7188 E_h, exp. variance=1.9652 E_h^2, pmove=0.49
2026-06-09 02:05:45,518 - Step 01005: 19228.5703 E_h, exp. variance=1.7753 E_h^2, pmove=0.50
2026-06-09 02:05:45,850 - Step 01006: 19227.0781 E_h, exp. variance=1.7384 E_h^2, pmove=0.49
2026-06-09 02:05:46,179 - Step 01007: 19227.3164 E_h, exp. variance=1.6353 E_h^2, pmove=0.50
2026-06-09 02:05:46,511 - Step 01008: 19228.7422 E_h, exp. variance=1.5071 E_h^2, pmove=0.49
2026-06-09 02:05:46,844 - Step 01009: 19227.8418 E_h, exp. variance=1.3666 E_h^2, pmove=0.50
2026-06-09 02:05:47,174 - Step 01010: 19229.1602 E_h, exp. variance=1.3228 E_h^2, pmove=0.50
2026-06-09 02:05:47,506 - Step 01011: 19229.4746 E_h, exp. variance=1.3263 E_h^2, pmove=0.50
2026-06-09 02:05:47,838 - Step 01012: 19230.0586 E_h, exp. variance=1.4506 E_h^2, pmove=0.50
2026-06-09 02:05:48,169 - Step 01013: 19228.0195 E_h, exp. variance=1.3298 E_h^2, pmove=0.50
2026-06-09 02:05:48,499 - Step 01014: 19228.5918 E_h, exp. variance=1.1978 E_h^2, pmove=0.50
2026-06-09 02:05:48,832 - Step 01015: 19228.7148 E_h, exp. variance=1.0823 E_h^2, pmove=0.49
2026-06-09 02:05:49,162 - Step 01016: 19227.2500 E_h, exp. variance=1.1187 E_h^2, pmove=0.50
2026-06-09 02:05:49,492 - Step 01017: 19226.3438 E_h, exp. variance=1.3839 E_h^2, pmove=0.50
2026-06-09 02:05:49,825 - Step 01018: 19227.7305 E_h, exp. variance=1.2642 E_h^2, pmove=0.50
2026-06-09 02:05:50,159 - Step 01019: 19228.2422 E_h, exp. variance=1.1387 E_h^2, pmove=0.50
2026-06-09 02:05:50,494 - Step 01020: 19228.0801 E_h, exp. variance=1.0253 E_h^2, pmove=0.50
2026-06-09 02:05:50,826 - Step 01021: 19228.3242 E_h, exp. variance=0.9257 E_h^2, pmove=0.49
2026-06-09 02:05:51,158 - Step 01022: 19228.1738 E_h, exp. variance=0.8331 E_h^2, pmove=0.50
2026-06-09 02:05:51,488 - Step 01023: 19231.4414 E_h, exp. variance=1.7177 E_h^2, pmove=0.50
2026-06-09 02:05:51,818 - Step 01024: 19228.7891 E_h, exp. variance=1.5539 E_h^2, pmove=0.50
2026-06-09 02:05:52,151 - Step 01025: 19230.7266 E_h, exp. variance=1.8369 E_h^2, pmove=0.50
2026-06-09 02:05:52,484 - Step 01026: 19229.5391 E_h, exp. variance=1.7107 E_h^2, pmove=0.49
2026-06-09 02:05:52,817 - Step 01027: 19229.4512 E_h, exp. variance=1.5754 E_h^2, pmove=0.50
2026-06-09 02:05:53,149 - Step 01028: 19229.2070 E_h, exp. variance=1.4273 E_h^2, pmove=0.50
2026-06-09 02:05:53,478 - Step 01029: 19230.1211 E_h, exp. variance=1.4153 E_h^2, pmove=0.49
2026-06-09 02:05:53,812 - Step 01030: 19228.8320 E_h, exp. variance=1.2776 E_h^2, pmove=0.50
2026-06-09 02:05:54,147 - Step 01031: 19230.4453 E_h, exp. variance=1.3338 E_h^2, pmove=0.49
2026-06-09 02:05:54,481 - Step 01032: 19232.6211 E_h, exp. variance=2.2796 E_h^2, pmove=0.50
2026-06-09 02:05:54,815 - Step 01033: 19230.9805 E_h, exp. variance=2.2479 E_h^2, pmove=0.51
2026-06-09 02:05:55,149 - Step 01034: 19229.5801 E_h, exp. variance=2.0236 E_h^2, pmove=0.49
2026-06-09 02:05:55,484 - Step 01035: 19229.1250 E_h, exp. variance=1.8455 E_h^2, pmove=0.50
2026-06-09 02:05:55,815 - Step 01036: 19230.1289 E_h, exp. variance=1.6869 E_h^2, pmove=0.50
2026-06-09 02:05:56,150 - Step 01037: 19228.5391 E_h, exp. variance=1.6282 E_h^2, pmove=0.49
2026-06-09 02:05:56,488 - Step 01038: 19229.4141 E_h, exp. variance=1.4667 E_h^2, pmove=0.51
2026-06-09 02:05:56,819 - Step 01039: 19227.5410 E_h, exp. variance=1.6730 E_h^2, pmove=0.51
2026-06-09 02:05:57,148 - Step 01040: 19228.2598 E_h, exp. variance=1.6077 E_h^2, pmove=0.50
2026-06-09 02:05:57,482 - Step 01041: 19225.1406 E_h, exp. variance=2.9437 E_h^2, pmove=0.50
2026-06-09 02:05:57,811 - Step 01042: 19225.6094 E_h, exp. variance=3.5716 E_h^2, pmove=0.50
2026-06-09 02:05:58,159 - Step 01043: 19226.4512 E_h, exp. variance=3.5887 E_h^2, pmove=0.50
2026-06-09 02:05:58,491 - Step 01044: 19227.1523 E_h, exp. variance=3.3457 E_h^2, pmove=0.50
2026-06-09 02:05:58,825 - Step 01045: 19225.6328 E_h, exp. variance=3.5922 E_h^2, pmove=0.50
2026-06-09 02:05:59,156 - Step 01046: 19226.9043 E_h, exp. variance=3.3258 E_h^2, pmove=0.51
2026-06-09 02:05:59,488 - Step 01047: 19227.9531 E_h, exp. variance=2.9949 E_h^2, pmove=0.50
2026-06-09 02:05:59,820 - Step 01048: 19230.0391 E_h, exp. variance=3.1338 E_h^2, pmove=0.50
2026-06-09 02:06:00,153 - Step 01049: 19228.6973 E_h, exp. variance=2.8578 E_h^2, pmove=0.50
2026-06-09 02:06:00,485 - Step 01050: 19229.9727 E_h, exp. variance=2.8819 E_h^2, pmove=0.51
2026-06-09 02:06:00,824 - Step 01051: 19227.7617 E_h, exp. variance=2.6200 E_h^2, pmove=0.49
2026-06-09 02:06:01,160 - Step 01052: 19229.2949 E_h, exp. variance=2.4567 E_h^2, pmove=0.50
2026-06-09 02:06:01,495 - Step 01053: 19229.2656 E_h, exp. variance=2.2859 E_h^2, pmove=0.49
2026-06-09 02:06:01,828 - Step 01054: 19227.3125 E_h, exp. variance=2.1728 E_h^2, pmove=0.50
2026-06-09 02:06:02,169 - Step 01055: 19226.5938 E_h, exp. variance=2.2274 E_h^2, pmove=0.50
2026-06-09 02:06:02,501 - Step 01056: 19227.2617 E_h, exp. variance=2.0770 E_h^2, pmove=0.50
2026-06-09 02:06:02,833 - Step 01057: 19229.8066 E_h, exp. variance=2.1413 E_h^2, pmove=0.50
2026-06-09 02:06:03,180 - Step 01058: 19226.3945 E_h, exp. variance=2.2344 E_h^2, pmove=0.50
2026-06-09 02:06:03,515 - Step 01059: 19226.9414 E_h, exp. variance=2.1229 E_h^2, pmove=0.50
2026-06-09 02:06:03,848 - Step 01060: 19225.9922 E_h, exp. variance=2.2539 E_h^2, pmove=0.50
2026-06-09 02:06:04,181 - Step 01061: 19226.7070 E_h, exp. variance=2.1264 E_h^2, pmove=0.50
2026-06-09 02:06:04,515 - Step 01062: 19225.6660 E_h, exp. variance=2.2668 E_h^2, pmove=0.50
2026-06-09 02:06:04,846 - Step 01063: 19230.4414 E_h, exp. variance=2.8459 E_h^2, pmove=0.50
2026-06-09 02:06:05,178 - Step 01064: 19229.5820 E_h, exp. variance=2.8640 E_h^2, pmove=0.49
2026-06-09 02:06:05,512 - Step 01065: 19230.2539 E_h, exp. variance=3.0630 E_h^2, pmove=0.50
2026-06-09 02:06:05,845 - Step 01066: 19229.8711 E_h, exp. variance=3.0189 E_h^2, pmove=0.50
2026-06-09 02:06:06,178 - Step 01067: 19229.7285 E_h, exp. variance=2.8921 E_h^2, pmove=0.50
2026-06-09 02:06:06,522 - Step 01068: 19230.1602 E_h, exp. variance=2.8592 E_h^2, pmove=0.50
2026-06-09 02:06:06,854 - Step 01069: 19230.0996 E_h, exp. variance=2.7648 E_h^2, pmove=0.50
2026-06-09 02:06:07,185 - Step 01070: 19230.6328 E_h, exp. variance=2.7949 E_h^2, pmove=0.49
2026-06-09 02:06:07,520 - Step 01071: 19229.4316 E_h, exp. variance=2.5344 E_h^2, pmove=0.49
2026-06-09 02:06:07,852 - Step 01072: 19228.3379 E_h, exp. variance=2.3228 E_h^2, pmove=0.50
2026-06-09 02:06:08,183 - Step 01073: 19229.1973 E_h, exp. variance=2.0959 E_h^2, pmove=0.50
2026-06-09 02:06:08,516 - Step 01074: 19228.4219 E_h, exp. variance=1.9140 E_h^2, pmove=0.49
2026-06-09 02:06:08,848 - Step 01075: 19228.5430 E_h, exp. variance=1.7356 E_h^2, pmove=0.50
2026-06-09 02:06:09,186 - Step 01076: 19226.0273 E_h, exp. variance=2.2968 E_h^2, pmove=0.50
2026-06-09 02:06:09,523 - Step 01077: 19226.5078 E_h, exp. variance=2.4610 E_h^2, pmove=0.49
2026-06-09 02:06:09,856 - Step 01078: 19224.2520 E_h, exp. variance=3.7564 E_h^2, pmove=0.50
2026-06-09 02:06:10,187 - Step 01079: 19224.8633 E_h, exp. variance=4.2531 E_h^2, pmove=0.50
2026-06-09 02:06:10,520 - Step 01080: 19227.4805 E_h, exp. variance=3.8309 E_h^2, pmove=0.50
2026-06-09 02:06:10,852 - Step 01081: 19227.4102 E_h, exp. variance=3.4529 E_h^2, pmove=0.50
2026-06-09 02:06:11,186 - Step 01082: 19227.5430 E_h, exp. variance=3.1082 E_h^2, pmove=0.50
2026-06-09 02:06:11,520 - Step 01083: 19228.3203 E_h, exp. variance=2.8419 E_h^2, pmove=0.50
2026-06-09 02:06:11,850 - Step 01084: 19228.4316 E_h, exp. variance=2.6076 E_h^2, pmove=0.50
2026-06-09 02:06:12,181 - Step 01085: 19227.3477 E_h, exp. variance=2.3622 E_h^2, pmove=0.50
2026-06-09 02:06:12,513 - Step 01086: 19229.1445 E_h, exp. variance=2.3085 E_h^2, pmove=0.50
2026-06-09 02:06:12,853 - Step 01087: 19226.1328 E_h, exp. variance=2.3471 E_h^2, pmove=0.50
2026-06-09 02:06:13,183 - Step 01088: 19228.0234 E_h, exp. variance=2.1225 E_h^2, pmove=0.51
2026-06-09 02:06:13,518 - Step 01089: 19228.2812 E_h, exp. variance=1.9383 E_h^2, pmove=0.50
2026-06-09 02:06:13,849 - Step 01090: 19226.3242 E_h, exp. variance=1.9350 E_h^2, pmove=0.50
2026-06-09 02:06:14,183 - Step 01091: 19226.5195 E_h, exp. variance=1.8531 E_h^2, pmove=0.50
2026-06-09 02:06:14,517 - Step 01092: 19226.8984 E_h, exp. variance=1.7027 E_h^2, pmove=0.50
2026-06-09 02:06:14,849 - Step 01093: 19226.4453 E_h, exp. variance=1.6249 E_h^2, pmove=0.50
2026-06-09 02:06:15,181 - Step 01094: 19226.5312 E_h, exp. variance=1.5238 E_h^2, pmove=0.51
2026-06-09 02:06:15,513 - Step 01095: 19224.8867 E_h, exp. variance=1.8850 E_h^2, pmove=0.50
2026-06-09 02:06:15,845 - Step 01096: 19227.1152 E_h, exp. variance=1.6970 E_h^2, pmove=0.50
2026-06-09 02:06:16,179 - Step 01097: 19228.5273 E_h, exp. variance=1.7251 E_h^2, pmove=0.50
2026-06-09 02:06:16,511 - Step 01098: 19226.7930 E_h, exp. variance=1.5670 E_h^2, pmove=0.50
2026-06-09 02:06:16,850 - Step 01099: 19226.7676 E_h, exp. variance=1.4236 E_h^2, pmove=0.49
2026-06-09 02:06:17,187 - Step 01100: 19226.6074 E_h, exp. variance=1.3043 E_h^2, pmove=0.50
2026-06-09 02:06:17,522 - Step 01101: 19225.4141 E_h, exp. variance=1.4184 E_h^2, pmove=0.49
2026-06-09 02:06:17,858 - Step 01102: 19226.4023 E_h, exp. variance=1.2987 E_h^2, pmove=0.50
2026-06-09 02:06:18,191 - Step 01103: 19225.5547 E_h, exp. variance=1.3198 E_h^2, pmove=0.50
2026-06-09 02:06:18,521 - Step 01104: 19226.9961 E_h, exp. variance=1.1946 E_h^2, pmove=0.50
2026-06-09 02:06:18,851 - Step 01105: 19227.7734 E_h, exp. variance=1.1698 E_h^2, pmove=0.50
2026-06-09 02:06:19,183 - Step 01106: 19229.3945 E_h, exp. variance=1.6348 E_h^2, pmove=0.50
2026-06-09 02:06:19,517 - Step 01107: 19227.6875 E_h, exp. variance=1.5018 E_h^2, pmove=0.49
2026-06-09 02:06:19,846 - Step 01108: 19225.4844 E_h, exp. variance=1.6056 E_h^2, pmove=0.50
2026-06-09 02:06:20,176 - Step 01109: 19228.2578 E_h, exp. variance=1.5883 E_h^2, pmove=0.50
2026-06-09 02:06:20,506 - Step 01110: 19227.9922 E_h, exp. variance=1.4974 E_h^2, pmove=0.49
2026-06-09 02:06:20,835 - Step 01111: 19229.2949 E_h, exp. variance=1.7386 E_h^2, pmove=0.50
2026-06-09 02:06:21,173 - Step 01112: 19230.7383 E_h, exp. variance=2.5557 E_h^2, pmove=0.50
2026-06-09 02:06:21,505 - Step 01113: 19228.8281 E_h, exp. variance=2.4044 E_h^2, pmove=0.50
2026-06-09 02:06:21,837 - Step 01114: 19230.4004 E_h, exp. variance=2.7451 E_h^2, pmove=0.50
2026-06-09 02:06:22,169 - Step 01115: 19229.6934 E_h, exp. variance=2.6953 E_h^2, pmove=0.50
2026-06-09 02:06:22,498 - Step 01116: 19227.8223 E_h, exp. variance=2.4439 E_h^2, pmove=0.50
2026-06-09 02:06:22,837 - Step 01117: 19229.8184 E_h, exp. variance=2.4276 E_h^2, pmove=0.50
2026-06-09 02:06:23,168 - Step 01118: 19229.9473 E_h, exp. variance=2.4040 E_h^2, pmove=0.50
2026-06-09 02:06:23,500 - Step 01119: 19232.5859 E_h, exp. variance=3.6347 E_h^2, pmove=0.50
2026-06-09 02:06:23,833 - Step 01120: 19227.7363 E_h, exp. variance=3.4032 E_h^2, pmove=0.49
2026-06-09 02:06:24,169 - Step 01121: 19231.8750 E_h, exp. variance=3.8994 E_h^2, pmove=0.50
2026-06-09 02:06:24,500 - Step 01122: 19226.7207 E_h, exp. variance=4.0323 E_h^2, pmove=0.50
2026-06-09 02:06:24,837 - Step 01123: 19228.6445 E_h, exp. variance=3.6345 E_h^2, pmove=0.50
2026-06-09 02:06:25,173 - Step 01124: 19227.4414 E_h, exp. variance=3.4535 E_h^2, pmove=0.50
2026-06-09 02:06:25,506 - Step 01125: 19228.5273 E_h, exp. variance=3.1116 E_h^2, pmove=0.50
2026-06-09 02:06:25,841 - Step 01126: 19226.5352 E_h, exp. variance=3.2235 E_h^2, pmove=0.50
2026-06-09 02:06:26,173 - Step 01127: 19228.1582 E_h, exp. variance=2.9108 E_h^2, pmove=0.51
2026-06-09 02:06:26,507 - Step 01128: 19226.9727 E_h, exp. variance=2.8170 E_h^2, pmove=0.51
2026-06-09 02:06:26,842 - Step 01129: 19227.3184 E_h, exp. variance=2.6228 E_h^2, pmove=0.50
2026-06-09 02:06:27,177 - Step 01130: 19228.3496 E_h, exp. variance=2.3624 E_h^2, pmove=0.50
2026-06-09 02:06:27,511 - Step 01131: 19226.4785 E_h, exp. variance=2.3993 E_h^2, pmove=0.50
2026-06-09 02:06:27,848 - Step 01132: 19230.3047 E_h, exp. variance=2.6182 E_h^2, pmove=0.50
2026-06-09 02:06:28,185 - Step 01133: 19228.9180 E_h, exp. variance=2.3937 E_h^2, pmove=0.50
2026-06-09 02:06:28,519 - Step 01134: 19230.0293 E_h, exp. variance=2.4118 E_h^2, pmove=0.50
2026-06-09 02:06:28,855 - Step 01135: 19227.5762 E_h, exp. variance=2.2488 E_h^2, pmove=0.50
2026-06-09 02:06:29,190 - Step 01136: 19229.0938 E_h, exp. variance=2.0655 E_h^2, pmove=0.50
2026-06-09 02:06:29,525 - Step 01137: 19230.1211 E_h, exp. variance=2.1006 E_h^2, pmove=0.49
2026-06-09 02:06:29,858 - Step 01138: 19229.0039 E_h, exp. variance=1.9020 E_h^2, pmove=0.49
2026-06-09 02:06:30,192 - Step 01139: 19228.4453 E_h, exp. variance=1.7169 E_h^2, pmove=0.50
2026-06-09 02:06:30,531 - Step 01140: 19228.2793 E_h, exp. variance=1.5581 E_h^2, pmove=0.50
2026-06-09 02:06:30,864 - Step 01141: 19228.5605 E_h, exp. variance=1.4026 E_h^2, pmove=0.50
2026-06-09 02:06:31,200 - Step 01142: 19228.8164 E_h, exp. variance=1.2660 E_h^2, pmove=0.50
2026-06-09 02:06:31,536 - Step 01143: 19229.5605 E_h, exp. variance=1.2165 E_h^2, pmove=0.50
2026-06-09 02:06:31,874 - Step 01144: 19228.4219 E_h, exp. variance=1.1032 E_h^2, pmove=0.50
2026-06-09 02:06:32,209 - Step 01145: 19227.7578 E_h, exp. variance=1.0720 E_h^2, pmove=0.50
2026-06-09 02:06:32,545 - Step 01146: 19227.1328 E_h, exp. variance=1.1590 E_h^2, pmove=0.50
2026-06-09 02:06:32,877 - Step 01147: 19228.4727 E_h, exp. variance=1.0431 E_h^2, pmove=0.50
2026-06-09 02:06:33,211 - Step 01148: 19229.2266 E_h, exp. variance=0.9921 E_h^2, pmove=0.50
2026-06-09 02:06:33,545 - Step 01149: 19228.0430 E_h, exp. variance=0.9145 E_h^2, pmove=0.50
2026-06-09 02:06:33,878 - Step 01150: 19230.6152 E_h, exp. variance=1.2317 E_h^2, pmove=0.50
2026-06-09 02:06:34,215 - Step 01151: 19228.4688 E_h, exp. variance=1.1132 E_h^2, pmove=0.50
2026-06-09 02:06:34,551 - Step 01152: 19230.3301 E_h, exp. variance=1.2488 E_h^2, pmove=0.50
2026-06-09 02:06:34,885 - Step 01153: 19229.5195 E_h, exp. variance=1.1655 E_h^2, pmove=0.49
2026-06-09 02:06:35,221 - Step 01154: 19231.8398 E_h, exp. variance=1.8224 E_h^2, pmove=0.50
2026-06-09 02:06:35,555 - Step 01155: 19230.6680 E_h, exp. variance=1.8338 E_h^2, pmove=0.50
2026-06-09 02:06:35,890 - Step 01156: 19228.3457 E_h, exp. variance=1.7408 E_h^2, pmove=0.50
2026-06-09 02:06:36,225 - Step 01157: 19229.2578 E_h, exp. variance=1.5667 E_h^2, pmove=0.50
2026-06-09 02:06:36,564 - Step 01158: 19228.7305 E_h, exp. variance=1.4344 E_h^2, pmove=0.50
2026-06-09 02:06:36,896 - Step 01159: 19228.9980 E_h, exp. variance=1.2945 E_h^2, pmove=0.50
2026-06-09 02:06:37,230 - Step 01160: 19229.1055 E_h, exp. variance=1.1655 E_h^2, pmove=0.49
2026-06-09 02:06:37,564 - Step 01161: 19230.2617 E_h, exp. variance=1.1562 E_h^2, pmove=0.50
2026-06-09 02:06:37,894 - Step 01162: 19229.7891 E_h, exp. variance=1.0640 E_h^2, pmove=0.50
2026-06-09 02:06:38,226 - Step 01163: 19229.8555 E_h, exp. variance=0.9824 E_h^2, pmove=0.50
2026-06-09 02:06:38,557 - Step 01164: 19228.1016 E_h, exp. variance=1.0319 E_h^2, pmove=0.49
2026-06-09 02:06:38,888 - Step 01165: 19230.0195 E_h, exp. variance=0.9815 E_h^2, pmove=0.50
2026-06-09 02:06:39,223 - Step 01166: 19228.4707 E_h, exp. variance=0.9498 E_h^2, pmove=0.50
2026-06-09 02:06:39,556 - Step 01167: 19227.4375 E_h, exp. variance=1.1486 E_h^2, pmove=0.50
2026-06-09 02:06:39,887 - Step 01168: 19227.4727 E_h, exp. variance=1.2612 E_h^2, pmove=0.50
2026-06-09 02:06:40,221 - Step 01169: 19228.6348 E_h, exp. variance=1.1416 E_h^2, pmove=0.50
2026-06-09 02:06:40,554 - Step 01170: 19227.5352 E_h, exp. variance=1.1895 E_h^2, pmove=0.50
2026-06-09 02:06:40,887 - Step 01171: 19228.8926 E_h, exp. variance=1.0726 E_h^2, pmove=0.50
2026-06-09 02:06:41,220 - Step 01172: 19228.6484 E_h, exp. variance=0.9664 E_h^2, pmove=0.50
2026-06-09 02:06:41,552 - Step 01173: 19229.0000 E_h, exp. variance=0.8756 E_h^2, pmove=0.51
2026-06-09 02:06:41,882 - Step 01174: 19229.2070 E_h, exp. variance=0.8051 E_h^2, pmove=0.49
2026-06-09 02:06:42,212 - Step 01175: 19231.0332 E_h, exp. variance=1.1676 E_h^2, pmove=0.50
2026-06-09 02:06:42,545 - Step 01176: 19229.8770 E_h, exp. variance=1.1144 E_h^2, pmove=0.50
2026-06-09 02:06:42,876 - Step 01177: 19230.0664 E_h, exp. variance=1.0833 E_h^2, pmove=0.50
2026-06-09 02:06:43,207 - Step 01178: 19230.8184 E_h, exp. variance=1.2064 E_h^2, pmove=0.49
2026-06-09 02:06:43,545 - Step 01179: 19231.6133 E_h, exp. variance=1.5367 E_h^2, pmove=0.49
2026-06-09 02:06:43,875 - Step 01180: 19229.9922 E_h, exp. variance=1.3969 E_h^2, pmove=0.50
2026-06-09 02:06:44,207 - Step 01181: 19230.6523 E_h, exp. variance=1.3497 E_h^2, pmove=0.50
2026-06-09 02:06:44,544 - Step 01182: 19230.2422 E_h, exp. variance=1.2374 E_h^2, pmove=0.50
2026-06-09 02:06:44,877 - Step 01183: 19232.7402 E_h, exp. variance=1.8964 E_h^2, pmove=0.50
2026-06-09 02:06:45,218 - Step 01184: 19231.3203 E_h, exp. variance=1.8439 E_h^2, pmove=0.50
2026-06-09 02:06:45,552 - Step 01185: 19230.0508 E_h, exp. variance=1.6618 E_h^2, pmove=0.50
2026-06-09 02:06:45,884 - Step 01186: 19229.6211 E_h, exp. variance=1.5251 E_h^2, pmove=0.50
2026-06-09 02:06:46,215 - Step 01187: 19229.0879 E_h, exp. variance=1.4716 E_h^2, pmove=0.50
2026-06-09 02:06:46,548 - Step 01188: 19228.3984 E_h, exp. variance=1.5644 E_h^2, pmove=0.50
2026-06-09 02:06:46,882 - Step 01189: 19230.5762 E_h, exp. variance=1.4532 E_h^2, pmove=0.50
2026-06-09 02:06:47,216 - Step 01190: 19225.5352 E_h, exp. variance=3.0521 E_h^2, pmove=0.50
2026-06-09 02:06:47,550 - Step 01191: 19228.8594 E_h, exp. variance=2.7836 E_h^2, pmove=0.50
2026-06-09 02:06:47,885 - Step 01192: 19229.1504 E_h, exp. variance=2.5125 E_h^2, pmove=0.49
2026-06-09 02:06:48,219 - Step 01193: 19227.6328 E_h, exp. variance=2.5443 E_h^2, pmove=0.50
2026-06-09 02:06:48,553 - Step 01194: 19229.1719 E_h, exp. variance=2.2901 E_h^2, pmove=0.50
2026-06-09 02:06:48,886 - Step 01195: 19228.6211 E_h, exp. variance=2.0937 E_h^2, pmove=0.50
2026-06-09 02:06:49,229 - Step 01196: 19229.4102 E_h, exp. variance=1.8899 E_h^2, pmove=0.50
2026-06-09 02:06:49,569 - Step 01197: 19229.5391 E_h, exp. variance=1.7120 E_h^2, pmove=0.50
2026-06-09 02:06:49,905 - Step 01198: 19229.4492 E_h, exp. variance=1.5454 E_h^2, pmove=0.50
2026-06-09 02:06:50,242 - Step 01199: 19227.4414 E_h, exp. variance=1.6840 E_h^2, pmove=0.50
2026-06-09 02:06:50,579 - Step 01200: 19228.4180 E_h, exp. variance=1.5534 E_h^2, pmove=0.50
2026-06-09 02:06:50,916 - Step 01201: 19225.9570 E_h, exp. variance=2.2325 E_h^2, pmove=0.50
2026-06-09 02:06:51,254 - Step 01202: 19228.1758 E_h, exp. variance=2.0338 E_h^2, pmove=0.49
2026-06-09 02:06:51,588 - Step 01203: 19226.7070 E_h, exp. variance=2.1682 E_h^2, pmove=0.50
2026-06-09 02:06:51,919 - Step 01204: 19229.5742 E_h, exp. variance=2.0649 E_h^2, pmove=0.50
2026-06-09 02:06:52,255 - Step 01205: 19228.0039 E_h, exp. variance=1.8865 E_h^2, pmove=0.50
2026-06-09 02:06:52,594 - Step 01206: 19229.1562 E_h, exp. variance=1.7359 E_h^2, pmove=0.50
2026-06-09 02:06:52,931 - Step 01207: 19227.4648 E_h, exp. variance=1.6723 E_h^2, pmove=0.49
2026-06-09 02:06:53,271 - Step 01208: 19230.0059 E_h, exp. variance=1.7204 E_h^2, pmove=0.50
2026-06-09 02:06:53,609 - Step 01209: 19230.0195 E_h, exp. variance=1.7264 E_h^2, pmove=0.50
2026-06-09 02:06:53,942 - Step 01210: 19229.5273 E_h, exp. variance=1.6076 E_h^2, pmove=0.50
2026-06-09 02:06:54,280 - Step 01211: 19229.9258 E_h, exp. variance=1.5545 E_h^2, pmove=0.50
2026-06-09 02:06:54,617 - Step 01212: 19230.7910 E_h, exp. variance=1.7069 E_h^2, pmove=0.50
2026-06-09 02:06:54,954 - Step 01213: 19229.3281 E_h, exp. variance=1.5399 E_h^2, pmove=0.50
2026-06-09 02:06:55,287 - Step 01214: 19231.5605 E_h, exp. variance=1.9104 E_h^2, pmove=0.50
2026-06-09 02:06:55,623 - Step 01215: 19230.4102 E_h, exp. variance=1.8133 E_h^2, pmove=0.50
2026-06-09 02:06:55,963 - Step 01216: 19229.4375 E_h, exp. variance=1.6322 E_h^2, pmove=0.50
2026-06-09 02:06:56,297 - Step 01217: 19228.3340 E_h, exp. variance=1.5881 E_h^2, pmove=0.50
2026-06-09 02:06:56,630 - Step 01218: 19228.1914 E_h, exp. variance=1.5541 E_h^2, pmove=0.49
2026-06-09 02:06:56,967 - Step 01219: 19229.7227 E_h, exp. variance=1.4186 E_h^2, pmove=0.50
2026-06-09 02:06:57,301 - Step 01220: 19227.5215 E_h, exp. variance=1.5611 E_h^2, pmove=0.49
2026-06-09 02:06:57,638 - Step 01221: 19226.0625 E_h, exp. variance=2.2469 E_h^2, pmove=0.49
2026-06-09 02:06:57,974 - Step 01222: 19227.9922 E_h, exp. variance=2.0831 E_h^2, pmove=0.50
2026-06-09 02:06:58,308 - Step 01223: 19228.0879 E_h, exp. variance=1.9122 E_h^2, pmove=0.49
2026-06-09 02:06:58,645 - Step 01224: 19229.7461 E_h, exp. variance=1.8255 E_h^2, pmove=0.49
2026-06-09 02:06:58,981 - Step 01225: 19227.9023 E_h, exp. variance=1.7116 E_h^2, pmove=0.50
2026-06-09 02:06:59,321 - Step 01226: 19227.8555 E_h, exp. variance=1.6027 E_h^2, pmove=0.50
2026-06-09 02:06:59,657 - Step 01227: 19227.4922 E_h, exp. variance=1.5536 E_h^2, pmove=0.51
2026-06-09 02:06:59,993 - Step 01228: 19225.5117 E_h, exp. variance=2.1977 E_h^2, pmove=0.50
2026-06-09 02:07:00,330 - Step 01229: 19225.5430 E_h, exp. variance=2.6102 E_h^2, pmove=0.49
2026-06-09 02:07:00,664 - Step 01230: 19225.3535 E_h, exp. variance=2.9456 E_h^2, pmove=0.50
2026-06-09 02:07:00,998 - Step 01231: 19227.0527 E_h, exp. variance=2.6853 E_h^2, pmove=0.50
2026-06-09 02:07:01,331 - Step 01232: 19224.4668 E_h, exp. variance=3.3045 E_h^2, pmove=0.50
2026-06-09 02:07:01,664 - Step 01233: 19226.3047 E_h, exp. variance=3.0619 E_h^2, pmove=0.50
2026-06-09 02:07:01,998 - Step 01234: 19225.5352 E_h, exp. variance=3.0032 E_h^2, pmove=0.50
2026-06-09 02:07:02,335 - Step 01235: 19228.6914 E_h, exp. variance=2.9521 E_h^2, pmove=0.50
2026-06-09 02:07:02,667 - Step 01236: 19225.9219 E_h, exp. variance=2.8024 E_h^2, pmove=0.50
2026-06-09 02:07:03,001 - Step 01237: 19228.1289 E_h, exp. variance=2.6238 E_h^2, pmove=0.50
2026-06-09 02:07:03,336 - Step 01238: 19227.5156 E_h, exp. variance=2.3720 E_h^2, pmove=0.50
2026-06-09 02:07:03,670 - Step 01239: 19229.2500 E_h, exp. variance=2.5104 E_h^2, pmove=0.50
2026-06-09 02:07:04,003 - Step 01240: 19227.1484 E_h, exp. variance=2.2657 E_h^2, pmove=0.50
2026-06-09 02:07:04,340 - Step 01241: 19228.8770 E_h, exp. variance=2.2390 E_h^2, pmove=0.50
2026-06-09 02:07:04,673 - Step 01242: 19225.9414 E_h, exp. variance=2.2437 E_h^2, pmove=0.50
2026-06-09 02:07:05,006 - Step 01243: 19229.5488 E_h, exp. variance=2.4446 E_h^2, pmove=0.51
2026-06-09 02:07:05,339 - Step 01244: 19229.3047 E_h, exp. variance=2.4642 E_h^2, pmove=0.50
2026-06-09 02:07:05,675 - Step 01245: 19228.9883 E_h, exp. variance=2.3528 E_h^2, pmove=0.50
2026-06-09 02:07:06,010 - Step 01246: 19228.3242 E_h, exp. variance=2.1347 E_h^2, pmove=0.50
2026-06-09 02:07:06,348 - Step 01247: 19229.0059 E_h, exp. variance=2.0255 E_h^2, pmove=0.50
2026-06-09 02:07:06,691 - Step 01248: 19225.9551 E_h, exp. variance=2.2131 E_h^2, pmove=0.50
2026-06-09 02:07:07,026 - Step 01249: 19226.8828 E_h, exp. variance=2.0722 E_h^2, pmove=0.50
2026-06-09 02:07:07,361 - Step 01250: 19226.5840 E_h, exp. variance=1.9841 E_h^2, pmove=0.50
2026-06-09 02:07:07,696 - Step 01251: 19229.5938 E_h, exp. variance=2.1366 E_h^2, pmove=0.50
2026-06-09 02:07:08,032 - Step 01252: 19227.9453 E_h, exp. variance=1.9244 E_h^2, pmove=0.50
2026-06-09 02:07:08,368 - Step 01253: 19229.2051 E_h, exp. variance=1.9021 E_h^2, pmove=0.50
2026-06-09 02:07:08,701 - Step 01254: 19230.3555 E_h, exp. variance=2.2254 E_h^2, pmove=0.51
2026-06-09 02:07:09,038 - Step 01255: 19230.6738 E_h, exp. variance=2.5514 E_h^2, pmove=0.50
2026-06-09 02:07:09,373 - Step 01256: 19230.7031 E_h, exp. variance=2.7527 E_h^2, pmove=0.51
2026-06-09 02:07:09,708 - Step 01257: 19231.1504 E_h, exp. variance=3.0286 E_h^2, pmove=0.50
2026-06-09 02:07:10,040 - Step 01258: 19231.5352 E_h, exp. variance=3.3394 E_h^2, pmove=0.50
2026-06-09 02:07:10,373 - Step 01259: 19228.8379 E_h, exp. variance=3.0163 E_h^2, pmove=0.50
2026-06-09 02:07:10,705 - Step 01260: 19230.0293 E_h, exp. variance=2.7842 E_h^2, pmove=0.50
2026-06-09 02:07:11,042 - Step 01261: 19228.3555 E_h, exp. variance=2.5760 E_h^2, pmove=0.50
2026-06-09 02:07:11,378 - Step 01262: 19226.6406 E_h, exp. variance=2.8853 E_h^2, pmove=0.50
2026-06-09 02:07:11,714 - Step 01263: 19228.2812 E_h, exp. variance=2.6310 E_h^2, pmove=0.50
2026-06-09 02:07:12,050 - Step 01264: 19229.4297 E_h, exp. variance=2.3996 E_h^2, pmove=0.50
2026-06-09 02:07:12,383 - Step 01265: 19230.1719 E_h, exp. variance=2.3065 E_h^2, pmove=0.50
2026-06-09 02:07:12,717 - Step 01266: 19229.8438 E_h, exp. variance=2.1367 E_h^2, pmove=0.50
2026-06-09 02:07:13,055 - Step 01267: 19228.3770 E_h, exp. variance=1.9706 E_h^2, pmove=0.50
2026-06-09 02:07:13,392 - Step 01268: 19230.0625 E_h, exp. variance=1.8692 E_h^2, pmove=0.51
2026-06-09 02:07:13,730 - Step 01269: 19229.8223 E_h, exp. variance=1.7248 E_h^2, pmove=0.50
2026-06-09 02:07:14,071 - Step 01270: 19228.5117 E_h, exp. variance=1.5954 E_h^2, pmove=0.50
2026-06-09 02:07:14,408 - Step 01271: 19228.9141 E_h, exp. variance=1.4402 E_h^2, pmove=0.50
2026-06-09 02:07:14,744 - Step 01272: 19228.3477 E_h, exp. variance=1.3490 E_h^2, pmove=0.50
2026-06-09 02:07:15,083 - Step 01273: 19228.8359 E_h, exp. variance=1.2177 E_h^2, pmove=0.50
2026-06-09 02:07:15,417 - Step 01274: 19228.4941 E_h, exp. variance=1.1206 E_h^2, pmove=0.50
2026-06-09 02:07:15,753 - Step 01275: 19228.6992 E_h, exp. variance=1.0149 E_h^2, pmove=0.50
2026-06-09 02:07:16,089 - Step 01276: 19228.3008 E_h, exp. variance=0.9499 E_h^2, pmove=0.50
2026-06-09 02:07:16,426 - Step 01277: 19227.1016 E_h, exp. variance=1.1373 E_h^2, pmove=0.49
2026-06-09 02:07:16,763 - Step 01278: 19227.0293 E_h, exp. variance=1.2734 E_h^2, pmove=0.50
2026-06-09 02:07:17,099 - Step 01279: 19228.1504 E_h, exp. variance=1.1590 E_h^2, pmove=0.49
2026-06-09 02:07:17,435 - Step 01280: 19227.0020 E_h, exp. variance=1.2430 E_h^2, pmove=0.50
2026-06-09 02:07:17,776 - Step 01281: 19228.8574 E_h, exp. variance=1.1424 E_h^2, pmove=0.50
2026-06-09 02:07:18,111 - Step 01282: 19229.0605 E_h, exp. variance=1.0681 E_h^2, pmove=0.50
2026-06-09 02:07:18,448 - Step 01283: 19228.7500 E_h, exp. variance=0.9688 E_h^2, pmove=0.51
2026-06-09 02:07:18,783 - Step 01284: 19229.6348 E_h, exp. variance=0.9898 E_h^2, pmove=0.50
2026-06-09 02:07:19,118 - Step 01285: 19230.3047 E_h, exp. variance=1.1507 E_h^2, pmove=0.50
2026-06-09 02:07:19,455 - Step 01286: 19231.0703 E_h, exp. variance=1.5096 E_h^2, pmove=0.50
2026-06-09 02:07:19,789 - Step 01287: 19229.3242 E_h, exp. variance=1.3679 E_h^2, pmove=0.50
2026-06-09 02:07:20,124 - Step 01288: 19230.4609 E_h, exp. variance=1.4141 E_h^2, pmove=0.51
2026-06-09 02:07:20,459 - Step 01289: 19229.8301 E_h, exp. variance=1.3110 E_h^2, pmove=0.50
2026-06-09 02:07:20,796 - Step 01290: 19231.2344 E_h, exp. variance=1.5371 E_h^2, pmove=0.49
2026-06-09 02:07:21,128 - Step 01291: 19231.8535 E_h, exp. variance=1.9070 E_h^2, pmove=0.50
2026-06-09 02:07:21,466 - Step 01292: 19230.8965 E_h, exp. variance=1.8487 E_h^2, pmove=0.50
2026-06-09 02:07:21,804 - Step 01293: 19228.0020 E_h, exp. variance=1.9563 E_h^2, pmove=0.50
2026-06-09 02:07:22,144 - Step 01294: 19231.1035 E_h, exp. variance=1.9574 E_h^2, pmove=0.49
2026-06-09 02:07:22,487 - Step 01295: 19227.1641 E_h, exp. variance=2.3745 E_h^2, pmove=0.50
2026-06-09 02:07:22,825 - Step 01296: 19230.7305 E_h, exp. variance=2.2707 E_h^2, pmove=0.50
2026-06-09 02:07:23,162 - Step 01297: 19229.3906 E_h, exp. variance=2.0489 E_h^2, pmove=0.50
2026-06-09 02:07:23,498 - Step 01298: 19230.3203 E_h, exp. variance=1.8895 E_h^2, pmove=0.50
2026-06-09 02:07:23,837 - Step 01299: 19229.2832 E_h, exp. variance=1.7147 E_h^2, pmove=0.50
2026-06-09 02:07:24,173 - Step 01300: 19231.6777 E_h, exp. variance=1.9167 E_h^2, pmove=0.50
2026-06-09 02:07:24,508 - Step 01301: 19230.6016 E_h, exp. variance=1.7767 E_h^2, pmove=0.50
2026-06-09 02:07:24,848 - Step 01302: 19229.3516 E_h, exp. variance=1.6281 E_h^2, pmove=0.49
2026-06-09 02:07:25,185 - Step 01303: 19229.7188 E_h, exp. variance=1.4672 E_h^2, pmove=0.50
2026-06-09 02:07:25,520 - Step 01304: 19229.7637 E_h, exp. variance=1.3211 E_h^2, pmove=0.50
2026-06-09 02:07:25,856 - Step 01305: 19229.7441 E_h, exp. variance=1.1899 E_h^2, pmove=0.50
2026-06-09 02:07:26,192 - Step 01306: 19229.5625 E_h, exp. variance=1.0774 E_h^2, pmove=0.50
2026-06-09 02:07:26,528 - Step 01307: 19228.8281 E_h, exp. variance=1.0555 E_h^2, pmove=0.50
2026-06-09 02:07:26,865 - Step 01308: 19227.6523 E_h, exp. variance=1.3299 E_h^2, pmove=0.50
2026-06-09 02:07:27,203 - Step 01309: 19228.3203 E_h, exp. variance=1.3226 E_h^2, pmove=0.50
2026-06-09 02:07:27,539 - Step 01310: 19228.4453 E_h, exp. variance=1.2694 E_h^2, pmove=0.50
2026-06-09 02:07:27,872 - Step 01311: 19227.1895 E_h, exp. variance=1.5393 E_h^2, pmove=0.50
2026-06-09 02:07:28,210 - Step 01312: 19229.4180 E_h, exp. variance=1.3957 E_h^2, pmove=0.50
2026-06-09 02:07:28,548 - Step 01313: 19228.1484 E_h, exp. variance=1.3396 E_h^2, pmove=0.50
2026-06-09 02:07:28,886 - Step 01314: 19228.3008 E_h, exp. variance=1.2516 E_h^2, pmove=0.50
2026-06-09 02:07:29,221 - Step 01315: 19228.6445 E_h, exp. variance=1.1345 E_h^2, pmove=0.51
2026-06-09 02:07:29,556 - Step 01316: 19229.1191 E_h, exp. variance=1.0248 E_h^2, pmove=0.50
2026-06-09 02:07:29,890 - Step 01317: 19227.9336 E_h, exp. variance=1.0123 E_h^2, pmove=0.50
2026-06-09 02:07:30,223 - Step 01318: 19228.0117 E_h, exp. variance=0.9720 E_h^2, pmove=0.50
2026-06-09 02:07:30,556 - Step 01319: 19228.7188 E_h, exp. variance=0.8749 E_h^2, pmove=0.50
2026-06-09 02:07:30,898 - Step 01320: 19228.0898 E_h, exp. variance=0.8264 E_h^2, pmove=0.50
2026-06-09 02:07:31,234 - Step 01321: 19225.4922 E_h, exp. variance=1.6593 E_h^2, pmove=0.50
2026-06-09 02:07:31,568 - Step 01322: 19228.1758 E_h, exp. variance=1.4965 E_h^2, pmove=0.51
2026-06-09 02:07:31,902 - Step 01323: 19228.2754 E_h, exp. variance=1.3473 E_h^2, pmove=0.50
2026-06-09 02:07:32,239 - Step 01324: 19229.0781 E_h, exp. variance=1.2621 E_h^2, pmove=0.50
2026-06-09 02:07:32,576 - Step 01325: 19228.9375 E_h, exp. variance=1.1609 E_h^2, pmove=0.50
2026-06-09 02:07:32,910 - Step 01326: 19229.1055 E_h, exp. variance=1.0820 E_h^2, pmove=0.50
2026-06-09 02:07:33,246 - Step 01327: 19228.5586 E_h, exp. variance=0.9739 E_h^2, pmove=0.50
2026-06-09 02:07:33,584 - Step 01328: 19229.6758 E_h, exp. variance=0.9944 E_h^2, pmove=0.50
2026-06-09 02:07:33,921 - Step 01329: 19226.8477 E_h, exp. variance=1.1862 E_h^2, pmove=0.50
2026-06-09 02:07:34,255 - Step 01330: 19227.4082 E_h, exp. variance=1.1684 E_h^2, pmove=0.50
2026-06-09 02:07:34,590 - Step 01331: 19225.9395 E_h, exp. variance=1.5795 E_h^2, pmove=0.50
2026-06-09 02:07:34,922 - Step 01332: 19229.4805 E_h, exp. variance=1.5883 E_h^2, pmove=0.50
2026-06-09 02:07:35,259 - Step 01333: 19227.3672 E_h, exp. variance=1.5006 E_h^2, pmove=0.50
2026-06-09 02:07:35,593 - Step 01334: 19228.8711 E_h, exp. variance=1.3950 E_h^2, pmove=0.50
2026-06-09 02:07:35,926 - Step 01335: 19227.4258 E_h, exp. variance=1.3149 E_h^2, pmove=0.50
2026-06-09 02:07:36,260 - Step 01336: 19228.3711 E_h, exp. variance=1.1876 E_h^2, pmove=0.50
2026-06-09 02:07:36,593 - Step 01337: 19227.6445 E_h, exp. variance=1.0944 E_h^2, pmove=0.50
2026-06-09 02:07:36,928 - Step 01338: 19226.4414 E_h, exp. variance=1.2401 E_h^2, pmove=0.50
2026-06-09 02:07:37,263 - Step 01339: 19226.2461 E_h, exp. variance=1.3795 E_h^2, pmove=0.50
2026-06-09 02:07:37,599 - Step 01340: 19227.8242 E_h, exp. variance=1.2417 E_h^2, pmove=0.50
2026-06-09 02:07:37,938 - Step 01341: 19228.1016 E_h, exp. variance=1.1263 E_h^2, pmove=0.50
2026-06-09 02:07:38,273 - Step 01342: 19228.3750 E_h, exp. variance=1.0414 E_h^2, pmove=0.50
2026-06-09 02:07:38,606 - Step 01343: 19229.2227 E_h, exp. variance=1.1007 E_h^2, pmove=0.50
2026-06-09 02:07:38,939 - Step 01344: 19227.1523 E_h, exp. variance=1.0568 E_h^2, pmove=0.49
2026-06-09 02:07:39,273 - Step 01345: 19228.5645 E_h, exp. variance=0.9881 E_h^2, pmove=0.50
2026-06-09 02:07:39,606 - Step 01346: 19228.6738 E_h, exp. variance=0.9315 E_h^2, pmove=0.49
2026-06-09 02:07:39,941 - Step 01347: 19229.4180 E_h, exp. variance=1.0052 E_h^2, pmove=0.50
2026-06-09 02:07:40,276 - Step 01348: 19226.9414 E_h, exp. variance=1.0457 E_h^2, pmove=0.50
2026-06-09 02:07:40,611 - Step 01349: 19228.9121 E_h, exp. variance=1.0052 E_h^2, pmove=0.50
2026-06-09 02:07:40,944 - Step 01350: 19227.1406 E_h, exp. variance=0.9968 E_h^2, pmove=0.50
2026-06-09 02:07:41,278 - Step 01351: 19228.1660 E_h, exp. variance=0.8983 E_h^2, pmove=0.49
2026-06-09 02:07:41,615 - Step 01352: 19228.3242 E_h, exp. variance=0.8147 E_h^2, pmove=0.50
2026-06-09 02:07:41,952 - Step 01353: 19229.8008 E_h, exp. variance=0.9973 E_h^2, pmove=0.50
2026-06-09 02:07:42,291 - Step 01354: 19229.6621 E_h, exp. variance=1.0745 E_h^2, pmove=0.50
2026-06-09 02:07:42,637 - Step 01355: 19228.2500 E_h, exp. variance=0.9691 E_h^2, pmove=0.49
2026-06-09 02:07:42,978 - Step 01356: 19226.8438 E_h, exp. variance=1.0859 E_h^2, pmove=0.51
2026-06-09 02:07:43,315 - Step 01357: 19228.0469 E_h, exp. variance=0.9804 E_h^2, pmove=0.50
2026-06-09 02:07:43,655 - Step 01358: 19229.6074 E_h, exp. variance=1.0574 E_h^2, pmove=0.51
2026-06-09 02:07:43,992 - Step 01359: 19227.8398 E_h, exp. variance=0.9752 E_h^2, pmove=0.50
2026-06-09 02:07:44,329 - Step 01360: 19230.4277 E_h, exp. variance=1.2848 E_h^2, pmove=0.51
2026-06-09 02:07:44,664 - Step 01361: 19230.1309 E_h, exp. variance=1.3917 E_h^2, pmove=0.50
2026-06-09 02:07:45,003 - Step 01362: 19227.8730 E_h, exp. variance=1.3105 E_h^2, pmove=0.49
2026-06-09 02:07:45,337 - Step 01363: 19230.9570 E_h, exp. variance=1.6813 E_h^2, pmove=0.50
2026-06-09 02:07:45,673 - Step 01364: 19229.4609 E_h, exp. variance=1.5488 E_h^2, pmove=0.50
2026-06-09 02:07:46,008 - Step 01365: 19231.6797 E_h, exp. variance=2.0920 E_h^2, pmove=0.50
2026-06-09 02:07:46,343 - Step 01366: 19228.4844 E_h, exp. variance=1.9256 E_h^2, pmove=0.50
2026-06-09 02:07:46,680 - Step 01367: 19232.0391 E_h, exp. variance=2.5076 E_h^2, pmove=0.50
2026-06-09 02:07:47,018 - Step 01368: 19229.7891 E_h, exp. variance=2.2706 E_h^2, pmove=0.50
2026-06-09 02:07:47,357 - Step 01369: 19228.6211 E_h, exp. variance=2.1035 E_h^2, pmove=0.50
2026-06-09 02:07:47,692 - Step 01370: 19227.8125 E_h, exp. variance=2.1074 E_h^2, pmove=0.50
2026-06-09 02:07:48,026 - Step 01371: 19228.2227 E_h, exp. variance=1.9828 E_h^2, pmove=0.50
2026-06-09 02:07:48,362 - Step 01372: 19230.1562 E_h, exp. variance=1.8843 E_h^2, pmove=0.50
2026-06-09 02:07:48,696 - Step 01373: 19230.7305 E_h, exp. variance=1.9042 E_h^2, pmove=0.50
2026-06-09 02:07:49,033 - Step 01374: 19230.2207 E_h, exp. variance=1.7803 E_h^2, pmove=0.50
2026-06-09 02:07:49,367 - Step 01375: 19231.5352 E_h, exp. variance=1.9946 E_h^2, pmove=0.50
2026-06-09 02:07:49,704 - Step 01376: 19229.8086 E_h, exp. variance=1.7972 E_h^2, pmove=0.50
2026-06-09 02:07:50,039 - Step 01377: 19231.9004 E_h, exp. variance=2.0644 E_h^2, pmove=0.51
2026-06-09 02:07:50,376 - Step 01378: 19230.0469 E_h, exp. variance=1.8601 E_h^2, pmove=0.50
2026-06-09 02:07:50,710 - Step 01379: 19230.1797 E_h, exp. variance=1.6806 E_h^2, pmove=0.49
2026-06-09 02:07:51,046 - Step 01380: 19229.5742 E_h, exp. variance=1.5244 E_h^2, pmove=0.49
2026-06-09 02:07:51,383 - Step 01381: 19229.1680 E_h, exp. variance=1.4203 E_h^2, pmove=0.50
2026-06-09 02:07:51,718 - Step 01382: 19230.6055 E_h, exp. variance=1.3326 E_h^2, pmove=0.50
2026-06-09 02:07:52,058 - Step 01383: 19231.5996 E_h, exp. variance=1.4574 E_h^2, pmove=0.50
2026-06-09 02:07:52,399 - Step 01384: 19231.8047 E_h, exp. variance=1.5806 E_h^2, pmove=0.50
2026-06-09 02:07:52,738 - Step 01385: 19229.5859 E_h, exp. variance=1.4622 E_h^2, pmove=0.50
2026-06-09 02:07:53,074 - Step 01386: 19227.8477 E_h, exp. variance=1.8071 E_h^2, pmove=0.50
2026-06-09 02:07:53,409 - Step 01387: 19227.8086 E_h, exp. variance=2.0388 E_h^2, pmove=0.50
2026-06-09 02:07:53,746 - Step 01388: 19228.9766 E_h, exp. variance=1.8866 E_h^2, pmove=0.50
2026-06-09 02:07:54,080 - Step 01389: 19226.2773 E_h, exp. variance=2.7267 E_h^2, pmove=0.50
2026-06-09 02:07:54,417 - Step 01390: 19226.5820 E_h, exp. variance=3.1288 E_h^2, pmove=0.50
2026-06-09 02:07:54,752 - Step 01391: 19229.2383 E_h, exp. variance=2.8192 E_h^2, pmove=0.50
2026-06-09 02:07:55,090 - Step 01392: 19229.1934 E_h, exp. variance=2.5388 E_h^2, pmove=0.50
2026-06-09 02:07:55,428 - Step 01393: 19227.8984 E_h, exp. variance=2.4101 E_h^2, pmove=0.50
2026-06-09 02:07:55,765 - Step 01394: 19229.5586 E_h, exp. variance=2.2013 E_h^2, pmove=0.50
2026-06-09 02:07:56,100 - Step 01395: 19226.0508 E_h, exp. variance=2.7754 E_h^2, pmove=0.51
2026-06-09 02:07:56,436 - Step 01396: 19228.6094 E_h, exp. variance=2.4991 E_h^2, pmove=0.50
2026-06-09 02:07:56,772 - Step 01397: 19226.4336 E_h, exp. variance=2.7167 E_h^2, pmove=0.50
2026-06-09 02:07:57,113 - Step 01398: 19228.5684 E_h, exp. variance=2.4457 E_h^2, pmove=0.50
2026-06-09 02:07:57,447 - Step 01399: 19228.7383 E_h, exp. variance=2.2066 E_h^2, pmove=0.50
2026-06-09 02:07:57,787 - Step 01400: 19229.3398 E_h, exp. variance=2.0468 E_h^2, pmove=0.50
2026-06-09 02:07:58,124 - Step 01401: 19228.4004 E_h, exp. variance=1.8457 E_h^2, pmove=0.50
2026-06-09 02:07:58,463 - Step 01402: 19228.2305 E_h, exp. variance=1.6721 E_h^2, pmove=0.49
2026-06-09 02:07:58,800 - Step 01403: 19228.2617 E_h, exp. variance=1.5121 E_h^2, pmove=0.50
2026-06-09 02:07:59,140 - Step 01404: 19229.6328 E_h, exp. variance=1.4732 E_h^2, pmove=0.50
2026-06-09 02:07:59,477 - Step 01405: 19228.9316 E_h, exp. variance=1.3343 E_h^2, pmove=0.50
2026-06-09 02:07:59,813 - Step 01406: 19229.6289 E_h, exp. variance=1.2856 E_h^2, pmove=0.49
2026-06-09 02:08:00,150 - Step 01407: 19230.2988 E_h, exp. variance=1.3713 E_h^2, pmove=0.50
2026-06-09 02:08:00,488 - Step 01408: 19227.8574 E_h, exp. variance=1.3339 E_h^2, pmove=0.50
2026-06-09 02:08:00,822 - Step 01409: 19229.1133 E_h, exp. variance=1.2091 E_h^2, pmove=0.49
2026-06-09 02:08:01,161 - Step 01410: 19226.6719 E_h, exp. variance=1.5097 E_h^2, pmove=0.50
2026-06-09 02:08:01,496 - Step 01411: 19228.2832 E_h, exp. variance=1.3689 E_h^2, pmove=0.50
2026-06-09 02:08:01,834 - Step 01412: 19228.6289 E_h, exp. variance=1.2322 E_h^2, pmove=0.50
2026-06-09 02:08:02,170 - Step 01413: 19229.0117 E_h, exp. variance=1.1250 E_h^2, pmove=0.49
2026-06-09 02:08:02,509 - Step 01414: 19229.4297 E_h, exp. variance=1.0696 E_h^2, pmove=0.50
2026-06-09 02:08:02,844 - Step 01415: 19226.3750 E_h, exp. variance=1.4546 E_h^2, pmove=0.49
2026-06-09 02:08:03,180 - Step 01416: 19229.4863 E_h, exp. variance=1.4005 E_h^2, pmove=0.49
2026-06-09 02:08:03,516 - Step 01417: 19228.5898 E_h, exp. variance=1.2605 E_h^2, pmove=0.50
2026-06-09 02:08:03,858 - Step 01418: 19231.0547 E_h, exp. variance=1.6847 E_h^2, pmove=0.49
2026-06-09 02:08:04,199 - Step 01419: 19230.6582 E_h, exp. variance=1.8170 E_h^2, pmove=0.50
2026-06-09 02:08:04,537 - Step 01420: 19229.6582 E_h, exp. variance=1.6727 E_h^2, pmove=0.50
2026-06-09 02:08:04,874 - Step 01421: 19230.8789 E_h, exp. variance=1.7973 E_h^2, pmove=0.50
2026-06-09 02:08:05,213 - Step 01422: 19231.1309 E_h, exp. variance=1.9333 E_h^2, pmove=0.50
2026-06-09 02:08:05,550 - Step 01423: 19228.5742 E_h, exp. variance=1.8083 E_h^2, pmove=0.50
2026-06-09 02:08:05,888 - Step 01424: 19226.9902 E_h, exp. variance=2.1318 E_h^2, pmove=0.50
2026-06-09 02:08:06,224 - Step 01425: 19223.1836 E_h, exp. variance=5.0914 E_h^2, pmove=0.50
2026-06-09 02:08:06,560 - Step 01426: 19225.9883 E_h, exp. variance=5.1625 E_h^2, pmove=0.50
2026-06-09 02:08:06,895 - Step 01427: 19225.0762 E_h, exp. variance=5.5663 E_h^2, pmove=0.50
2026-06-09 02:08:07,232 - Step 01428: 19226.8633 E_h, exp. variance=5.1166 E_h^2, pmove=0.50
2026-06-09 02:08:07,568 - Step 01429: 19227.9062 E_h, exp. variance=4.6052 E_h^2, pmove=0.50
2026-06-09 02:08:07,904 - Step 01430: 19227.9531 E_h, exp. variance=4.1457 E_h^2, pmove=0.50
2026-06-09 02:08:08,239 - Step 01431: 19226.4941 E_h, exp. variance=3.8989 E_h^2, pmove=0.50
2026-06-09 02:08:08,577 - Step 01432: 19229.7871 E_h, exp. variance=3.8926 E_h^2, pmove=0.50
2026-06-09 02:08:08,914 - Step 01433: 19229.1328 E_h, exp. variance=3.6336 E_h^2, pmove=0.50
2026-06-09 02:08:09,248 - Step 01434: 19227.9141 E_h, exp. variance=3.2719 E_h^2, pmove=0.50
2026-06-09 02:08:09,590 - Step 01435: 19225.8340 E_h, exp. variance=3.3815 E_h^2, pmove=0.49
2026-06-09 02:08:09,931 - Step 01436: 19228.6914 E_h, exp. variance=3.1123 E_h^2, pmove=0.50
2026-06-09 02:08:10,270 - Step 01437: 19226.8867 E_h, exp. variance=2.8943 E_h^2, pmove=0.50
2026-06-09 02:08:10,607 - Step 01438: 19226.8047 E_h, exp. variance=2.6945 E_h^2, pmove=0.50
2026-06-09 02:08:10,944 - Step 01439: 19224.4688 E_h, exp. variance=3.3665 E_h^2, pmove=0.50
2026-06-09 02:08:11,283 - Step 01440: 19222.6855 E_h, exp. variance=5.0124 E_h^2, pmove=0.50
2026-06-09 02:08:11,619 - Step 01441: 19223.0312 E_h, exp. variance=5.8653 E_h^2, pmove=0.50
2026-06-09 02:08:11,954 - Step 01442: 19224.1016 E_h, exp. variance=5.8058 E_h^2, pmove=0.50
2026-06-09 02:08:12,290 - Step 01443: 19224.3711 E_h, exp. variance=5.5529 E_h^2, pmove=0.50
2026-06-09 02:08:12,627 - Step 01444: 19223.5957 E_h, exp. variance=5.5566 E_h^2, pmove=0.50
2026-06-09 02:08:12,965 - Step 01445: 19224.9258 E_h, exp. variance=5.0758 E_h^2, pmove=0.50
2026-06-09 02:08:13,304 - Step 01446: 19224.8711 E_h, exp. variance=4.6372 E_h^2, pmove=0.51
2026-06-09 02:08:13,641 - Step 01447: 19225.3320 E_h, exp. variance=4.1830 E_h^2, pmove=0.50
2026-06-09 02:08:13,979 - Step 01448: 19228.5469 E_h, exp. variance=4.5331 E_h^2, pmove=0.51
2026-06-09 02:08:14,315 - Step 01449: 19227.9414 E_h, exp. variance=4.4483 E_h^2, pmove=0.50
2026-06-09 02:08:14,654 - Step 01450: 19230.2344 E_h, exp. variance=5.5261 E_h^2, pmove=0.50
2026-06-09 02:08:14,990 - Step 01451: 19226.8926 E_h, exp. variance=4.9852 E_h^2, pmove=0.50
2026-06-09 02:08:15,328 - Step 01452: 19230.0898 E_h, exp. variance=5.6027 E_h^2, pmove=0.50
2026-06-09 02:08:15,665 - Step 01453: 19226.8359 E_h, exp. variance=5.0431 E_h^2, pmove=0.50
2026-06-09 02:08:16,005 - Step 01454: 19229.6758 E_h, exp. variance=5.2262 E_h^2, pmove=0.50
2026-06-09 02:08:16,351 - Step 01455: 19226.9688 E_h, exp. variance=4.7079 E_h^2, pmove=0.50
2026-06-09 02:08:16,690 - Step 01456: 19230.7344 E_h, exp. variance=5.3831 E_h^2, pmove=0.50
2026-06-09 02:08:17,030 - Step 01457: 19228.8730 E_h, exp. variance=5.0087 E_h^2, pmove=0.50
2026-06-09 02:08:17,369 - Step 01458: 19230.0293 E_h, exp. variance=5.0138 E_h^2, pmove=0.49
2026-06-09 02:08:17,708 - Step 01459: 19227.2949 E_h, exp. variance=4.5448 E_h^2, pmove=0.49
2026-06-09 02:08:18,047 - Step 01460: 19231.0117 E_h, exp. variance=4.9991 E_h^2, pmove=0.50
2026-06-09 02:08:18,976 - Step 01461: 19226.9727 E_h, exp. variance=4.6245 E_h^2, pmove=0.50
2026-06-09 02:08:19,316 - Step 01462: 19230.0508 E_h, exp. variance=4.5277 E_h^2, pmove=0.50
2026-06-09 02:08:19,675 - Step 01463: 19227.8359 E_h, exp. variance=4.0893 E_h^2, pmove=0.50
2026-06-09 02:08:20,013 - Step 01464: 19229.8105 E_h, exp. variance=3.9152 E_h^2, pmove=0.50
2026-06-09 02:08:20,351 - Step 01465: 19225.3809 E_h, exp. variance=4.3211 E_h^2, pmove=0.50
2026-06-09 02:08:20,689 - Step 01466: 19230.9375 E_h, exp. variance=4.6339 E_h^2, pmove=0.50
2026-06-09 02:08:21,026 - Step 01467: 19227.3828 E_h, exp. variance=4.2543 E_h^2, pmove=0.50
2026-06-09 02:08:21,363 - Step 01468: 19232.5352 E_h, exp. variance=5.4800 E_h^2, pmove=0.51
2026-06-09 02:08:21,699 - Step 01469: 19227.3594 E_h, exp. variance=5.0889 E_h^2, pmove=0.49
2026-06-09 02:08:22,041 - Step 01470: 19231.5566 E_h, exp. variance=5.3953 E_h^2, pmove=0.50
2026-06-09 02:08:22,382 - Step 01471: 19229.1992 E_h, exp. variance=4.8669 E_h^2, pmove=0.50
2026-06-09 02:08:22,722 - Step 01472: 19230.1289 E_h, exp. variance=4.5199 E_h^2, pmove=0.50
2026-06-09 02:08:23,061 - Step 01473: 19227.8633 E_h, exp. variance=4.1858 E_h^2, pmove=0.50
2026-06-09 02:08:23,402 - Step 01474: 19231.2031 E_h, exp. variance=4.2477 E_h^2, pmove=0.50
2026-06-09 02:08:23,743 - Step 01475: 19228.4023 E_h, exp. variance=3.8697 E_h^2, pmove=0.50
2026-06-09 02:08:24,082 - Step 01476: 19230.3301 E_h, exp. variance=3.6300 E_h^2, pmove=0.50
2026-06-09 02:08:24,419 - Step 01477: 19231.0156 E_h, exp. variance=3.5704 E_h^2, pmove=0.49
2026-06-09 02:08:24,759 - Step 01478: 19231.6953 E_h, exp. variance=3.7028 E_h^2, pmove=0.49
2026-06-09 02:08:25,096 - Step 01479: 19229.9004 E_h, exp. variance=3.3409 E_h^2, pmove=0.50
2026-06-09 02:08:25,435 - Step 01480: 19227.1172 E_h, exp. variance=3.5737 E_h^2, pmove=0.50
2026-06-09 02:08:25,770 - Step 01481: 19228.4102 E_h, exp. variance=3.3001 E_h^2, pmove=0.50
2026-06-09 02:08:26,112 - Step 01482: 19229.2930 E_h, exp. variance=2.9701 E_h^2, pmove=0.50
2026-06-09 02:08:26,451 - Step 01483: 19228.9473 E_h, exp. variance=2.6831 E_h^2, pmove=0.50
2026-06-09 02:08:26,788 - Step 01484: 19228.0430 E_h, exp. variance=2.5455 E_h^2, pmove=0.50
2026-06-09 02:08:27,127 - Step 01485: 19229.2578 E_h, exp. variance=2.2925 E_h^2, pmove=0.50
2026-06-09 02:08:27,465 - Step 01486: 19226.4453 E_h, exp. variance=2.7171 E_h^2, pmove=0.50
2026-06-09 02:08:27,803 - Step 01487: 19229.0000 E_h, exp. variance=2.4469 E_h^2, pmove=0.50
2026-06-09 02:08:28,143 - Step 01488: 19227.6406 E_h, exp. variance=2.3415 E_h^2, pmove=0.50
2026-06-09 02:08:28,480 - Step 01489: 19227.7578 E_h, exp. variance=2.1977 E_h^2, pmove=0.50
2026-06-09 02:08:28,816 - Step 01490: 19228.8457 E_h, exp. variance=1.9810 E_h^2, pmove=0.50
2026-06-09 02:08:29,153 - Step 01491: 19229.5508 E_h, exp. variance=1.8512 E_h^2, pmove=0.49
2026-06-09 02:08:29,490 - Step 01492: 19229.2227 E_h, exp. variance=1.6847 E_h^2, pmove=0.50
2026-06-09 02:08:29,828 - Step 01493: 19229.8066 E_h, exp. variance=1.6052 E_h^2, pmove=0.50
2026-06-09 02:08:30,164 - Step 01494: 19228.4336 E_h, exp. variance=1.4653 E_h^2, pmove=0.50
2026-06-09 02:08:30,504 - Step 01495: 19228.7539 E_h, exp. variance=1.3198 E_h^2, pmove=0.50
2026-06-09 02:08:30,844 - Step 01496: 19229.1680 E_h, exp. variance=1.1969 E_h^2, pmove=0.50
2026-06-09 02:08:31,179 - Step 01497: 19227.8047 E_h, exp. variance=1.1818 E_h^2, pmove=0.50
2026-06-09 02:08:31,516 - Step 01498: 19228.3047 E_h, exp. variance=1.0836 E_h^2, pmove=0.51
2026-06-09 02:08:31,853 - Step 01499: 19227.2227 E_h, exp. variance=1.1793 E_h^2, pmove=0.50
2026-06-09 02:08:32,190 - Step 01500: 19226.2461 E_h, exp. variance=1.5508 E_h^2, pmove=0.50
2026-06-09 02:08:32,529 - Step 01501: 19229.0703 E_h, exp. variance=1.4430 E_h^2, pmove=0.50
2026-06-09 02:08:32,872 - Step 01502: 19227.0215 E_h, exp. variance=1.4742 E_h^2, pmove=0.50
2026-06-09 02:08:33,212 - Step 01503: 19226.1758 E_h, exp. variance=1.7243 E_h^2, pmove=0.50
2026-06-09 02:08:33,557 - Step 01504: 19225.4336 E_h, exp. variance=2.1757 E_h^2, pmove=0.50
2026-06-09 02:08:33,901 - Step 01505: 19226.9180 E_h, exp. variance=2.0286 E_h^2, pmove=0.51
2026-06-09 02:08:34,240 - Step 01506: 19226.7461 E_h, exp. variance=1.9102 E_h^2, pmove=0.50
2026-06-09 02:08:34,580 - Step 01507: 19226.1934 E_h, exp. variance=1.9016 E_h^2, pmove=0.50
2026-06-09 02:08:34,920 - Step 01508: 19228.4902 E_h, exp. variance=1.8043 E_h^2, pmove=0.50
2026-06-09 02:08:35,271 - Step 01509: 19228.5508 E_h, exp. variance=1.7094 E_h^2, pmove=0.50
2026-06-09 02:08:35,619 - Step 01510: 19229.8535 E_h, exp. variance=1.9660 E_h^2, pmove=0.50
2026-06-09 02:08:35,958 - Step 01511: 19231.1172 E_h, exp. variance=2.7052 E_h^2, pmove=0.50
2026-06-09 02:08:36,300 - Step 01512: 19229.8457 E_h, exp. variance=2.6741 E_h^2, pmove=0.50
2026-06-09 02:08:36,646 - Step 01513: 19229.5742 E_h, exp. variance=2.5353 E_h^2, pmove=0.49
2026-06-09 02:08:36,988 - Step 01514: 19228.5039 E_h, exp. variance=2.2817 E_h^2, pmove=0.50
2026-06-09 02:08:37,327 - Step 01515: 19229.5664 E_h, exp. variance=2.1563 E_h^2, pmove=0.50
2026-06-09 02:08:37,666 - Step 01516: 19227.3438 E_h, exp. variance=2.0839 E_h^2, pmove=0.50
2026-06-09 02:08:38,006 - Step 01517: 19228.1230 E_h, exp. variance=1.8869 E_h^2, pmove=0.50
2026-06-09 02:08:38,347 - Step 01518: 19226.8438 E_h, exp. variance=1.9285 E_h^2, pmove=0.50
2026-06-09 02:08:38,684 - Step 01519: 19227.7578 E_h, exp. variance=1.7605 E_h^2, pmove=0.50
2026-06-09 02:08:39,020 - Step 01520: 19228.3184 E_h, exp. variance=1.5851 E_h^2, pmove=0.50
2026-06-09 02:08:39,356 - Step 01521: 19229.3848 E_h, exp. variance=1.5449 E_h^2, pmove=0.50
2026-06-09 02:08:39,700 - Step 01522: 19229.2422 E_h, exp. variance=1.4615 E_h^2, pmove=0.51
2026-06-09 02:08:40,037 - Step 01523: 19229.1855 E_h, exp. variance=1.3652 E_h^2, pmove=0.50
2026-06-09 02:08:40,379 - Step 01524: 19227.8477 E_h, exp. variance=1.2688 E_h^2, pmove=0.50
2026-06-09 02:08:40,719 - Step 01525: 19226.7734 E_h, exp. variance=1.3947 E_h^2, pmove=0.50
2026-06-09 02:08:41,059 - Step 01526: 19228.1465 E_h, exp. variance=1.2569 E_h^2, pmove=0.50
2026-06-09 02:08:41,398 - Step 01527: 19225.9688 E_h, exp. variance=1.6068 E_h^2, pmove=0.50
2026-06-09 02:08:41,737 - Step 01528: 19227.5430 E_h, exp. variance=1.4681 E_h^2, pmove=0.50
2026-06-09 02:08:42,075 - Step 01529: 19226.5996 E_h, exp. variance=1.4948 E_h^2, pmove=0.50
2026-06-09 02:08:42,419 - Step 01530: 19226.0781 E_h, exp. variance=1.6278 E_h^2, pmove=0.50
2026-06-09 02:08:42,760 - Step 01531: 19226.1016 E_h, exp. variance=1.6869 E_h^2, pmove=0.51
2026-06-09 02:08:43,098 - Step 01532: 19227.8086 E_h, exp. variance=1.5260 E_h^2, pmove=0.50
2026-06-09 02:08:43,455 - Step 01533: 19227.6094 E_h, exp. variance=1.3737 E_h^2, pmove=0.50
2026-06-09 02:08:43,794 - Step 01534: 19227.5918 E_h, exp. variance=1.2365 E_h^2, pmove=0.50
2026-06-09 02:08:44,135 - Step 01535: 19229.8633 E_h, exp. variance=1.5925 E_h^2, pmove=0.50
2026-06-09 02:08:44,474 - Step 01536: 19229.1211 E_h, exp. variance=1.5939 E_h^2, pmove=0.50
2026-06-09 02:08:44,820 - Step 01537: 19230.0156 E_h, exp. variance=1.8305 E_h^2, pmove=0.50
2026-06-09 02:08:45,163 - Step 01538: 19227.7422 E_h, exp. variance=1.6608 E_h^2, pmove=0.50
2026-06-09 02:08:45,506 - Step 01539: 19228.8711 E_h, exp. variance=1.5499 E_h^2, pmove=0.50
2026-06-09 02:08:45,845 - Step 01540: 19228.7227 E_h, exp. variance=1.4228 E_h^2, pmove=0.50
2026-06-09 02:08:46,183 - Step 01541: 19228.3086 E_h, exp. variance=1.2812 E_h^2, pmove=0.50
2026-06-09 02:08:46,519 - Step 01542: 19229.3867 E_h, exp. variance=1.2734 E_h^2, pmove=0.50
2026-06-09 02:08:46,857 - Step 01543: 19229.7930 E_h, exp. variance=1.3346 E_h^2, pmove=0.50
2026-06-09 02:08:47,195 - Step 01544: 19228.2422 E_h, exp. variance=1.2067 E_h^2, pmove=0.50
2026-06-09 02:08:47,535 - Step 01545: 19227.0938 E_h, exp. variance=1.2552 E_h^2, pmove=0.50
2026-06-09 02:08:47,882 - Step 01546: 19229.0000 E_h, exp. variance=1.1703 E_h^2, pmove=0.50
2026-06-09 02:08:48,223 - Step 01547: 19227.8516 E_h, exp. variance=1.0798 E_h^2, pmove=0.50
2026-06-09 02:08:48,567 - Step 01548: 19225.8320 E_h, exp. variance=1.5378 E_h^2, pmove=0.50
2026-06-09 02:08:48,909 - Step 01549: 19230.3555 E_h, exp. variance=1.8460 E_h^2, pmove=0.50
2026-06-09 02:08:49,250 - Step 01550: 19227.0430 E_h, exp. variance=1.8074 E_h^2, pmove=0.50
2026-06-09 02:08:49,595 - Step 01551: 19229.2812 E_h, exp. variance=1.7339 E_h^2, pmove=0.51
2026-06-09 02:08:49,937 - Step 01552: 19229.7031 E_h, exp. variance=1.7380 E_h^2, pmove=0.50
2026-06-09 02:08:50,277 - Step 01553: 19228.1016 E_h, exp. variance=1.5745 E_h^2, pmove=0.50
2026-06-09 02:08:50,618 - Step 01554: 19229.0527 E_h, exp. variance=1.4547 E_h^2, pmove=0.50
2026-06-09 02:08:50,959 - Step 01555: 19227.8457 E_h, exp. variance=1.3443 E_h^2, pmove=0.50
2026-06-09 02:08:51,299 - Step 01556: 19229.2637 E_h, exp. variance=1.2758 E_h^2, pmove=0.50
2026-06-09 02:08:51,641 - Step 01557: 19227.1133 E_h, exp. variance=1.3198 E_h^2, pmove=0.50
2026-06-09 02:08:51,981 - Step 01558: 19230.6016 E_h, exp. variance=1.6419 E_h^2, pmove=0.50
2026-06-09 02:08:52,324 - Step 01559: 19228.2578 E_h, exp. variance=1.4870 E_h^2, pmove=0.50
2026-06-09 02:08:52,665 - Step 01560: 19227.1016 E_h, exp. variance=1.5263 E_h^2, pmove=0.51
2026-06-09 02:08:53,007 - Step 01561: 19229.3711 E_h, exp. variance=1.4582 E_h^2, pmove=0.49
2026-06-09 02:08:53,354 - Step 01562: 19228.0059 E_h, exp. variance=1.3343 E_h^2, pmove=0.50
2026-06-09 02:08:53,698 - Step 01563: 19229.8555 E_h, exp. variance=1.3784 E_h^2, pmove=0.50
2026-06-09 02:08:54,040 - Step 01564: 19229.6953 E_h, exp. variance=1.3501 E_h^2, pmove=0.50
2026-06-09 02:08:54,381 - Step 01565: 19230.3984 E_h, exp. variance=1.4738 E_h^2, pmove=0.51
2026-06-09 02:08:54,721 - Step 01566: 19227.5605 E_h, exp. variance=1.4814 E_h^2, pmove=0.50
2026-06-09 02:08:55,063 - Step 01567: 19229.0430 E_h, exp. variance=1.3414 E_h^2, pmove=0.50
2026-06-09 02:08:55,403 - Step 01568: 19230.4922 E_h, exp. variance=1.4738 E_h^2, pmove=0.50
2026-06-09 02:08:55,746 - Step 01569: 19230.1484 E_h, exp. variance=1.4571 E_h^2, pmove=0.50
2026-06-09 02:08:56,093 - Step 01570: 19230.3535 E_h, exp. variance=1.4609 E_h^2, pmove=0.51
2026-06-09 02:08:56,435 - Step 01571: 19231.8711 E_h, exp. variance=1.9602 E_h^2, pmove=0.50
2026-06-09 02:08:56,780 - Step 01572: 19228.8066 E_h, exp. variance=1.8027 E_h^2, pmove=0.50
2026-06-09 02:08:57,123 - Step 01573: 19227.1953 E_h, exp. variance=2.0577 E_h^2, pmove=0.50
2026-06-09 02:08:57,468 - Step 01574: 19230.8438 E_h, exp. variance=2.1029 E_h^2, pmove=0.50
2026-06-09 02:08:57,810 - Step 01575: 19226.5898 E_h, exp. variance=2.5732 E_h^2, pmove=0.50
2026-06-09 02:08:58,152 - Step 01576: 19228.8164 E_h, exp. variance=2.3215 E_h^2, pmove=0.50
2026-06-09 02:08:58,495 - Step 01577: 19230.7480 E_h, exp. variance=2.3522 E_h^2, pmove=0.50
2026-06-09 02:08:58,837 - Step 01578: 19229.8613 E_h, exp. variance=2.1550 E_h^2, pmove=0.50
2026-06-09 02:08:59,179 - Step 01579: 19230.1406 E_h, exp. variance=2.0069 E_h^2, pmove=0.50
2026-06-09 02:08:59,520 - Step 01580: 19229.9531 E_h, exp. variance=1.8377 E_h^2, pmove=0.50
2026-06-09 02:08:59,861 - Step 01581: 19228.1367 E_h, exp. variance=1.8021 E_h^2, pmove=0.50
2026-06-09 02:09:00,207 - Step 01582: 19230.7539 E_h, exp. variance=1.8145 E_h^2, pmove=0.50
2026-06-09 02:09:00,547 - Step 01583: 19230.4180 E_h, exp. variance=1.7196 E_h^2, pmove=0.49
2026-06-09 02:09:00,892 - Step 01584: 19228.7637 E_h, exp. variance=1.6012 E_h^2, pmove=0.50
2026-06-09 02:09:01,232 - Step 01585: 19229.6504 E_h, exp. variance=1.4445 E_h^2, pmove=0.50
2026-06-09 02:09:01,577 - Step 01586: 19227.2480 E_h, exp. variance=1.7470 E_h^2, pmove=0.50
2026-06-09 02:09:01,919 - Step 01587: 19228.9180 E_h, exp. variance=1.5824 E_h^2, pmove=0.50
2026-06-09 02:09:02,259 - Step 01588: 19228.1523 E_h, exp. variance=1.5269 E_h^2, pmove=0.50
2026-06-09 02:09:02,602 - Step 01589: 19227.4160 E_h, exp. variance=1.6335 E_h^2, pmove=0.50
2026-06-09 02:09:02,946 - Step 01590: 19226.6367 E_h, exp. variance=1.9490 E_h^2, pmove=0.50
2026-06-09 02:09:03,288 - Step 01591: 19227.8945 E_h, exp. variance=1.8144 E_h^2, pmove=0.49
2026-06-09 02:09:03,633 - Step 01592: 19228.7148 E_h, exp. variance=1.6336 E_h^2, pmove=0.51
2026-06-09 02:09:03,975 - Step 01593: 19226.7852 E_h, exp. variance=1.7794 E_h^2, pmove=0.50
2026-06-09 02:09:04,317 - Step 01594: 19227.6621 E_h, exp. variance=1.6578 E_h^2, pmove=0.50
2026-06-09 02:09:04,660 - Step 01595: 19226.9922 E_h, exp. variance=1.6641 E_h^2, pmove=0.50
2026-06-09 02:09:04,999 - Step 01596: 19228.0586 E_h, exp. variance=1.5005 E_h^2, pmove=0.50
2026-06-09 02:09:05,344 - Step 01597: 19228.1875 E_h, exp. variance=1.3506 E_h^2, pmove=0.50
2026-06-09 02:09:05,686 - Step 01598: 19227.5645 E_h, exp. variance=1.2536 E_h^2, pmove=0.50
2026-06-09 02:09:06,029 - Step 01599: 19228.7109 E_h, exp. variance=1.1565 E_h^2, pmove=0.50
2026-06-09 02:09:06,372 - Step 01600: 19227.6445 E_h, exp. variance=1.0693 E_h^2, pmove=0.50
2026-06-09 02:09:06,714 - Step 01601: 19227.8262 E_h, exp. variance=0.9719 E_h^2, pmove=0.50
2026-06-09 02:09:07,057 - Step 01602: 19227.1152 E_h, exp. variance=0.9650 E_h^2, pmove=0.50
2026-06-09 02:09:07,404 - Step 01603: 19227.5352 E_h, exp. variance=0.8895 E_h^2, pmove=0.51
2026-06-09 02:09:07,745 - Step 01604: 19230.9531 E_h, exp. variance=1.6021 E_h^2, pmove=0.49
2026-06-09 02:09:08,086 - Step 01605: 19229.9434 E_h, exp. variance=1.6946 E_h^2, pmove=0.49
2026-06-09 02:09:08,430 - Step 01606: 19231.0605 E_h, exp. variance=2.1453 E_h^2, pmove=0.49
2026-06-09 02:09:08,771 - Step 01607: 19228.9609 E_h, exp. variance=1.9371 E_h^2, pmove=0.50
2026-06-09 02:09:09,112 - Step 01608: 19231.5898 E_h, exp. variance=2.4832 E_h^2, pmove=0.49
2026-06-09 02:09:09,457 - Step 01609: 19231.1973 E_h, exp. variance=2.6656 E_h^2, pmove=0.50
2026-06-09 02:09:09,798 - Step 01610: 19228.2070 E_h, exp. variance=2.4929 E_h^2, pmove=0.50
2026-06-09 02:09:10,139 - Step 01611: 19230.0234 E_h, exp. variance=2.3160 E_h^2, pmove=0.50
2026-06-09 02:09:10,481 - Step 01612: 19227.6562 E_h, exp. variance=2.3035 E_h^2, pmove=0.49
2026-06-09 02:09:10,821 - Step 01613: 19228.4375 E_h, exp. variance=2.1081 E_h^2, pmove=0.50
2026-06-09 02:09:11,168 - Step 01614: 19227.5879 E_h, exp. variance=2.0763 E_h^2, pmove=0.50
2026-06-09 02:09:11,516 - Step 01615: 19228.7070 E_h, exp. variance=1.8707 E_h^2, pmove=0.50
2026-06-09 02:09:11,859 - Step 01616: 19228.0137 E_h, exp. variance=1.7453 E_h^2, pmove=0.50
2026-06-09 02:09:12,203 - Step 01617: 19228.9004 E_h, exp. variance=1.5726 E_h^2, pmove=0.50
2026-06-09 02:09:12,548 - Step 01618: 19229.9238 E_h, exp. variance=1.5344 E_h^2, pmove=0.50
2026-06-09 02:09:12,889 - Step 01619: 19229.6992 E_h, exp. variance=1.4401 E_h^2, pmove=0.50
2026-06-09 02:09:13,232 - Step 01620: 19229.0957 E_h, exp. variance=1.2976 E_h^2, pmove=0.50
2026-06-09 02:09:13,577 - Step 01621: 19229.0352 E_h, exp. variance=1.1681 E_h^2, pmove=0.50
2026-06-09 02:09:13,921 - Step 01622: 19228.5449 E_h, exp. variance=1.0688 E_h^2, pmove=0.50
2026-06-09 02:09:14,267 - Step 01623: 19229.7383 E_h, exp. variance=1.0191 E_h^2, pmove=0.50
2026-06-09 02:09:14,611 - Step 01624: 19229.5820 E_h, exp. variance=0.9454 E_h^2, pmove=0.50
2026-06-09 02:09:14,955 - Step 01625: 19228.1816 E_h, exp. variance=0.9232 E_h^2, pmove=0.50
2026-06-09 02:09:15,297 - Step 01626: 19227.5352 E_h, exp. variance=1.0209 E_h^2, pmove=0.50
2026-06-09 02:09:15,640 - Step 01627: 19227.1719 E_h, exp. variance=1.1704 E_h^2, pmove=0.51
2026-06-09 02:09:15,986 - Step 01628: 19227.0273 E_h, exp. variance=1.2979 E_h^2, pmove=0.50
2026-06-09 02:09:16,331 - Step 01629: 19227.4062 E_h, exp. variance=1.2781 E_h^2, pmove=0.50
2026-06-09 02:09:16,682 - Step 01630: 19227.9766 E_h, exp. variance=1.1665 E_h^2, pmove=0.50
2026-06-09 02:09:17,025 - Step 01631: 19231.4062 E_h, exp. variance=1.8864 E_h^2, pmove=0.50
2026-06-09 02:09:17,370 - Step 01632: 19227.2578 E_h, exp. variance=1.8753 E_h^2, pmove=0.50
2026-06-09 02:09:17,716 - Step 01633: 19231.0273 E_h, exp. variance=2.2529 E_h^2, pmove=0.50
2026-06-09 02:09:18,062 - Step 01634: 19227.8281 E_h, exp. variance=2.1077 E_h^2, pmove=0.50
2026-06-09 02:09:18,412 - Step 01635: 19229.5430 E_h, exp. variance=1.9643 E_h^2, pmove=0.50
2026-06-09 02:09:18,761 - Step 01636: 19227.5547 E_h, exp. variance=1.8994 E_h^2, pmove=0.50
2026-06-09 02:09:19,112 - Step 01637: 19229.0820 E_h, exp. variance=1.7268 E_h^2, pmove=0.50
2026-06-09 02:09:19,463 - Step 01638: 19228.7656 E_h, exp. variance=1.5547 E_h^2, pmove=0.50
2026-06-09 02:09:19,805 - Step 01639: 19227.5156 E_h, exp. variance=1.5245 E_h^2, pmove=0.50
2026-06-09 02:09:20,148 - Step 01640: 19226.3574 E_h, exp. variance=1.8159 E_h^2, pmove=0.50
2026-06-09 02:09:20,494 - Step 01641: 19227.3359 E_h, exp. variance=1.7278 E_h^2, pmove=0.49
2026-06-09 02:09:20,836 - Step 01642: 19227.0410 E_h, exp. variance=1.6875 E_h^2, pmove=0.50
2026-06-09 02:09:21,177 - Step 01643: 19227.9609 E_h, exp. variance=1.5214 E_h^2, pmove=0.50
2026-06-09 02:09:21,519 - Step 01644: 19227.9414 E_h, exp. variance=1.3720 E_h^2, pmove=0.50
2026-06-09 02:09:21,863 - Step 01645: 19227.9258 E_h, exp. variance=1.2374 E_h^2, pmove=0.50
2026-06-09 02:09:22,223 - Step 01646: 19226.7598 E_h, exp. variance=1.2706 E_h^2, pmove=0.50
2026-06-09 02:09:22,565 - Step 01647: 19228.4531 E_h, exp. variance=1.1665 E_h^2, pmove=0.49
2026-06-09 02:09:22,908 - Step 01648: 19227.6133 E_h, exp. variance=1.0632 E_h^2, pmove=0.51
2026-06-09 02:09:23,250 - Step 01649: 19227.7344 E_h, exp. variance=0.9614 E_h^2, pmove=0.50
2026-06-09 02:09:23,596 - Step 01650: 19228.4707 E_h, exp. variance=0.8909 E_h^2, pmove=0.49
2026-06-09 02:09:23,941 - Step 01651: 19229.4297 E_h, exp. variance=0.9883 E_h^2, pmove=0.50
2026-06-09 02:09:24,287 - Step 01652: 19228.4238 E_h, exp. variance=0.8970 E_h^2, pmove=0.50
2026-06-09 02:09:24,629 - Step 01653: 19228.8203 E_h, exp. variance=0.8460 E_h^2, pmove=0.50
2026-06-09 02:09:24,974 - Step 01654: 19229.4961 E_h, exp. variance=0.9056 E_h^2, pmove=0.50
2026-06-09 02:09:25,316 - Step 01655: 19228.1680 E_h, exp. variance=0.8183 E_h^2, pmove=0.50
2026-06-09 02:09:25,661 - Step 01656: 19228.4453 E_h, exp. variance=0.7375 E_h^2, pmove=0.50
2026-06-09 02:09:26,002 - Step 01657: 19228.0801 E_h, exp. variance=0.6702 E_h^2, pmove=0.49
2026-06-09 02:09:26,346 - Step 01658: 19228.1680 E_h, exp. variance=0.6052 E_h^2, pmove=0.50
2026-06-09 02:09:26,690 - Step 01659: 19229.1895 E_h, exp. variance=0.6152 E_h^2, pmove=0.50
2026-06-09 02:09:27,033 - Step 01660: 19227.8789 E_h, exp. variance=0.5774 E_h^2, pmove=0.50
2026-06-09 02:09:27,377 - Step 01661: 19230.7637 E_h, exp. variance=1.0476 E_h^2, pmove=0.50
2026-06-09 02:09:27,721 - Step 01662: 19229.0957 E_h, exp. variance=0.9664 E_h^2, pmove=0.50
2026-06-09 02:09:28,065 - Step 01663: 19231.0547 E_h, exp. variance=1.3968 E_h^2, pmove=0.50
2026-06-09 02:09:28,412 - Step 01664: 19230.2891 E_h, exp. variance=1.4366 E_h^2, pmove=0.49
2026-06-09 02:09:28,758 - Step 01665: 19230.5820 E_h, exp. variance=1.5132 E_h^2, pmove=0.50
2026-06-09 02:09:29,102 - Step 01666: 19230.2031 E_h, exp. variance=1.4572 E_h^2, pmove=0.50
2026-06-09 02:09:29,446 - Step 01667: 19227.7168 E_h, exp. variance=1.5307 E_h^2, pmove=0.50
2026-06-09 02:09:29,796 - Step 01668: 19228.9180 E_h, exp. variance=1.3813 E_h^2, pmove=0.50
2026-06-09 02:09:30,140 - Step 01669: 19228.6016 E_h, exp. variance=1.2657 E_h^2, pmove=0.50
2026-06-09 02:09:30,485 - Step 01670: 19230.2871 E_h, exp. variance=1.2767 E_h^2, pmove=0.50
2026-06-09 02:09:30,829 - Step 01671: 19228.2324 E_h, exp. variance=1.2288 E_h^2, pmove=0.50
2026-06-09 02:09:31,173 - Step 01672: 19228.6016 E_h, exp. variance=1.1265 E_h^2, pmove=0.50
2026-06-09 02:09:31,518 - Step 01673: 19230.3047 E_h, exp. variance=1.1598 E_h^2, pmove=0.50
2026-06-09 02:09:31,862 - Step 01674: 19229.7148 E_h, exp. variance=1.0717 E_h^2, pmove=0.50
2026-06-09 02:09:32,206 - Step 01675: 19226.8340 E_h, exp. variance=1.4747 E_h^2, pmove=0.50
2026-06-09 02:09:32,549 - Step 01676: 19227.3457 E_h, exp. variance=1.5666 E_h^2, pmove=0.50
2026-06-09 02:09:32,891 - Step 01677: 19228.3320 E_h, exp. variance=1.4307 E_h^2, pmove=0.50
2026-06-09 02:09:33,239 - Step 01678: 19226.8066 E_h, exp. variance=1.6323 E_h^2, pmove=0.50
2026-06-09 02:09:33,585 - Step 01679: 19225.2930 E_h, exp. variance=2.4346 E_h^2, pmove=0.50
2026-06-09 02:09:33,930 - Step 01680: 19229.1523 E_h, exp. variance=2.2661 E_h^2, pmove=0.50
2026-06-09 02:09:34,272 - Step 01681: 19228.0586 E_h, exp. variance=2.0462 E_h^2, pmove=0.50
2026-06-09 02:09:34,618 - Step 01682: 19228.8633 E_h, exp. variance=1.8696 E_h^2, pmove=0.50
2026-06-09 02:09:34,961 - Step 01683: 19227.9395 E_h, exp. variance=1.6987 E_h^2, pmove=0.50
2026-06-09 02:09:35,303 - Step 01684: 19227.9668 E_h, exp. variance=1.5400 E_h^2, pmove=0.50
2026-06-09 02:09:35,648 - Step 01685: 19230.1953 E_h, exp. variance=1.7150 E_h^2, pmove=0.50
2026-06-09 02:09:35,993 - Step 01686: 19227.9102 E_h, exp. variance=1.5722 E_h^2, pmove=0.50
2026-06-09 02:09:36,337 - Step 01687: 19228.7988 E_h, exp. variance=1.4280 E_h^2, pmove=0.50
2026-06-09 02:09:36,677 - Step 01688: 19227.3867 E_h, exp. variance=1.3883 E_h^2, pmove=0.50
2026-06-09 02:09:37,020 - Step 01689: 19229.0117 E_h, exp. variance=1.2889 E_h^2, pmove=0.50
2026-06-09 02:09:37,381 - Step 01690: 19227.1719 E_h, exp. variance=1.2994 E_h^2, pmove=0.51
2026-06-09 02:09:37,721 - Step 01691: 19226.8945 E_h, exp. variance=1.3449 E_h^2, pmove=0.50
2026-06-09 02:09:38,066 - Step 01692: 19227.0156 E_h, exp. variance=1.3267 E_h^2, pmove=0.50
2026-06-09 02:09:38,407 - Step 01693: 19227.2168 E_h, exp. variance=1.2549 E_h^2, pmove=0.50
2026-06-09 02:09:38,751 - Step 01694: 19228.0625 E_h, exp. variance=1.1304 E_h^2, pmove=0.50
2026-06-09 02:09:39,099 - Step 01695: 19227.6914 E_h, exp. variance=1.0242 E_h^2, pmove=0.51
2026-06-09 02:09:39,438 - Step 01696: 19228.6113 E_h, exp. variance=0.9624 E_h^2, pmove=0.50
2026-06-09 02:09:39,781 - Step 01697: 19229.5664 E_h, exp. variance=1.0853 E_h^2, pmove=0.50
2026-06-09 02:09:40,126 - Step 01698: 19227.7793 E_h, exp. variance=0.9900 E_h^2, pmove=0.50
2026-06-09 02:09:40,469 - Step 01699: 19226.6602 E_h, exp. variance=1.0836 E_h^2, pmove=0.50
2026-06-09 02:09:40,812 - Step 01700: 19227.9453 E_h, exp. variance=0.9753 E_h^2, pmove=0.50
2026-06-09 02:09:41,156 - Step 01701: 19227.1738 E_h, exp. variance=0.9352 E_h^2, pmove=0.50
2026-06-09 02:09:41,498 - Step 01702: 19228.5723 E_h, exp. variance=0.8833 E_h^2, pmove=0.50
2026-06-09 02:09:41,847 - Step 01703: 19227.0273 E_h, exp. variance=0.8734 E_h^2, pmove=0.50
2026-06-09 02:09:42,190 - Step 01704: 19227.6777 E_h, exp. variance=0.7893 E_h^2, pmove=0.49
2026-06-09 02:09:42,538 - Step 01705: 19226.9551 E_h, exp. variance=0.7821 E_h^2, pmove=0.50
2026-06-09 02:09:42,880 - Step 01706: 19226.6309 E_h, exp. variance=0.8182 E_h^2, pmove=0.50
2026-06-09 02:09:43,227 - Step 01707: 19228.6719 E_h, exp. variance=0.8313 E_h^2, pmove=0.50
2026-06-09 02:09:43,570 - Step 01708: 19226.3633 E_h, exp. variance=0.9208 E_h^2, pmove=0.50
2026-06-09 02:09:43,915 - Step 01709: 19228.1758 E_h, exp. variance=0.8576 E_h^2, pmove=0.51
2026-06-09 02:09:44,257 - Step 01710: 19227.6953 E_h, exp. variance=0.7719 E_h^2, pmove=0.50
2026-06-09 02:09:44,599 - Step 01711: 19228.1641 E_h, exp. variance=0.7169 E_h^2, pmove=0.51
2026-06-09 02:09:44,948 - Step 01712: 19227.1504 E_h, exp. variance=0.6740 E_h^2, pmove=0.50
2026-06-09 02:09:45,295 - Step 01713: 19229.0547 E_h, exp. variance=0.7817 E_h^2, pmove=0.50
2026-06-09 02:09:45,637 - Step 01714: 19226.0117 E_h, exp. variance=0.9909 E_h^2, pmove=0.50
2026-06-09 02:09:45,981 - Step 01715: 19227.3516 E_h, exp. variance=0.8984 E_h^2, pmove=0.51
2026-06-09 02:09:46,329 - Step 01716: 19229.8750 E_h, exp. variance=1.2769 E_h^2, pmove=0.49
2026-06-09 02:09:46,679 - Step 01717: 19227.2383 E_h, exp. variance=1.1799 E_h^2, pmove=0.50
2026-06-09 02:09:47,026 - Step 01718: 19228.3008 E_h, exp. variance=1.0879 E_h^2, pmove=0.50
2026-06-09 02:09:47,369 - Step 01719: 19226.6113 E_h, exp. variance=1.1098 E_h^2, pmove=0.50
2026-06-09 02:09:47,712 - Step 01720: 19225.6484 E_h, exp. variance=1.3759 E_h^2, pmove=0.50
2026-06-09 02:09:48,054 - Step 01721: 19226.8672 E_h, exp. variance=1.2732 E_h^2, pmove=0.50
2026-06-09 02:09:48,400 - Step 01722: 19226.3652 E_h, exp. variance=1.2475 E_h^2, pmove=0.50
2026-06-09 02:09:48,743 - Step 01723: 19227.2891 E_h, exp. variance=1.1229 E_h^2, pmove=0.50
2026-06-09 02:09:49,089 - Step 01724: 19227.6621 E_h, exp. variance=1.0212 E_h^2, pmove=0.50
2026-06-09 02:09:49,434 - Step 01725: 19226.4180 E_h, exp. variance=0.9979 E_h^2, pmove=0.50
2026-06-09 02:09:49,778 - Step 01726: 19226.0605 E_h, exp. variance=1.0275 E_h^2, pmove=0.50
2026-06-09 02:09:50,123 - Step 01727: 19226.2695 E_h, exp. variance=0.9930 E_h^2, pmove=0.50
2026-06-09 02:09:50,468 - Step 01728: 19227.7734 E_h, exp. variance=0.9405 E_h^2, pmove=0.51
2026-06-09 02:09:50,818 - Step 01729: 19228.1738 E_h, exp. variance=0.9454 E_h^2, pmove=0.50
2026-06-09 02:09:51,167 - Step 01730: 19227.9648 E_h, exp. variance=0.8994 E_h^2, pmove=0.51
2026-06-09 02:09:51,512 - Step 01731: 19226.8516 E_h, exp. variance=0.8280 E_h^2, pmove=0.50
2026-06-09 02:09:51,859 - Step 01732: 19228.6445 E_h, exp. variance=0.9178 E_h^2, pmove=0.50
2026-06-09 02:09:52,207 - Step 01733: 19227.3398 E_h, exp. variance=0.8263 E_h^2, pmove=0.49
2026-06-09 02:09:52,554 - Step 01734: 19227.8574 E_h, exp. variance=0.7631 E_h^2, pmove=0.51
2026-06-09 02:09:52,899 - Step 01735: 19228.6172 E_h, exp. variance=0.8116 E_h^2, pmove=0.51
2026-06-09 02:09:53,244 - Step 01736: 19228.9375 E_h, exp. variance=0.9021 E_h^2, pmove=0.50
2026-06-09 02:09:53,588 - Step 01737: 19227.2910 E_h, exp. variance=0.8266 E_h^2, pmove=0.50
2026-06-09 02:09:53,931 - Step 01738: 19227.5469 E_h, exp. variance=0.7450 E_h^2, pmove=0.50
2026-06-09 02:09:54,275 - Step 01739: 19226.7812 E_h, exp. variance=0.7375 E_h^2, pmove=0.50
2026-06-09 02:09:54,617 - Step 01740: 19228.7539 E_h, exp. variance=0.7924 E_h^2, pmove=0.49
2026-06-09 02:09:54,959 - Step 01741: 19227.0664 E_h, exp. variance=0.7468 E_h^2, pmove=0.50
2026-06-09 02:09:55,299 - Step 01742: 19225.5156 E_h, exp. variance=1.0696 E_h^2, pmove=0.50
2026-06-09 02:09:55,644 - Step 01743: 19226.3184 E_h, exp. variance=1.0691 E_h^2, pmove=0.50
2026-06-09 02:09:55,984 - Step 01744: 19227.5820 E_h, exp. variance=0.9695 E_h^2, pmove=0.49
2026-06-09 02:09:56,328 - Step 01745: 19226.7656 E_h, exp. variance=0.9009 E_h^2, pmove=0.49
2026-06-09 02:09:56,671 - Step 01746: 19226.8477 E_h, exp. variance=0.8268 E_h^2, pmove=0.50
2026-06-09 02:09:57,013 - Step 01747: 19227.3027 E_h, exp. variance=0.7446 E_h^2, pmove=0.51
2026-06-09 02:09:57,358 - Step 01748: 19226.3516 E_h, exp. variance=0.7403 E_h^2, pmove=0.51
2026-06-09 02:09:57,700 - Step 01749: 19223.5957 E_h, exp. variance=1.8010 E_h^2, pmove=0.50
2026-06-09 02:09:58,046 - Step 01750: 19225.9102 E_h, exp. variance=1.6907 E_h^2, pmove=0.50
2026-06-09 02:09:58,399 - Step 01751: 19228.8418 E_h, exp. variance=1.9333 E_h^2, pmove=0.50
2026-06-09 02:09:58,746 - Step 01752: 19226.7617 E_h, exp. variance=1.7422 E_h^2, pmove=0.49
2026-06-09 02:09:59,092 - Step 01753: 19225.1426 E_h, exp. variance=1.8467 E_h^2, pmove=0.50
2026-06-09 02:09:59,437 - Step 01754: 19226.7207 E_h, exp. variance=1.6620 E_h^2, pmove=0.50
2026-06-09 02:09:59,781 - Step 01755: 19224.2715 E_h, exp. variance=2.0383 E_h^2, pmove=0.51
2026-06-09 02:10:00,126 - Step 01756: 19226.3672 E_h, exp. variance=1.8356 E_h^2, pmove=0.50
2026-06-09 02:10:00,475 - Step 01757: 19226.8086 E_h, exp. variance=1.6624 E_h^2, pmove=0.50
2026-06-09 02:10:00,821 - Step 01758: 19228.3672 E_h, exp. variance=1.8093 E_h^2, pmove=0.51
2026-06-09 02:10:01,167 - Step 01759: 19225.7695 E_h, exp. variance=1.7042 E_h^2, pmove=0.49
2026-06-09 02:10:01,514 - Step 01760: 19227.6016 E_h, exp. variance=1.6249 E_h^2, pmove=0.50
2026-06-09 02:10:01,857 - Step 01761: 19226.6602 E_h, exp. variance=1.4625 E_h^2, pmove=0.50
2026-06-09 02:10:02,203 - Step 01762: 19227.4961 E_h, exp. variance=1.3745 E_h^2, pmove=0.51
2026-06-09 02:10:02,547 - Step 01763: 19228.1836 E_h, exp. variance=1.4165 E_h^2, pmove=0.50
2026-06-09 02:10:02,890 - Step 01764: 19229.9883 E_h, exp. variance=2.1265 E_h^2, pmove=0.50
2026-06-09 02:10:03,235 - Step 01765: 19228.0586 E_h, exp. variance=1.9774 E_h^2, pmove=0.50
2026-06-09 02:10:03,583 - Step 01766: 19229.4453 E_h, exp. variance=2.1928 E_h^2, pmove=0.50
2026-06-09 02:10:03,927 - Step 01767: 19226.6387 E_h, exp. variance=2.0430 E_h^2, pmove=0.49
2026-06-09 02:10:04,272 - Step 01768: 19227.7422 E_h, exp. variance=1.8475 E_h^2, pmove=0.50
2026-06-09 02:10:04,616 - Step 01769: 19226.1406 E_h, exp. variance=1.8196 E_h^2, pmove=0.50
2026-06-09 02:10:04,962 - Step 01770: 19227.7891 E_h, exp. variance=1.6568 E_h^2, pmove=0.50
2026-06-09 02:10:05,308 - Step 01771: 19228.0547 E_h, exp. variance=1.5327 E_h^2, pmove=0.49
2026-06-09 02:10:05,658 - Step 01772: 19230.3789 E_h, exp. variance=2.1550 E_h^2, pmove=0.50
2026-06-09 02:10:06,007 - Step 01773: 19228.7168 E_h, exp. variance=2.0260 E_h^2, pmove=0.50
2026-06-09 02:10:06,356 - Step 01774: 19228.5586 E_h, exp. variance=1.8707 E_h^2, pmove=0.51
2026-06-09 02:10:06,704 - Step 01775: 19229.0488 E_h, exp. variance=1.8011 E_h^2, pmove=0.50
2026-06-09 02:10:07,051 - Step 01776: 19227.9297 E_h, exp. variance=1.6217 E_h^2, pmove=0.50
2026-06-09 02:10:07,397 - Step 01777: 19227.3477 E_h, exp. variance=1.4990 E_h^2, pmove=0.50
2026-06-09 02:10:07,743 - Step 01778: 19226.1719 E_h, exp. variance=1.6315 E_h^2, pmove=0.50
2026-06-09 02:10:08,085 - Step 01779: 19226.2812 E_h, exp. variance=1.6667 E_h^2, pmove=0.50
2026-06-09 02:10:08,431 - Step 01780: 19228.1348 E_h, exp. variance=1.5241 E_h^2, pmove=0.50
2026-06-09 02:10:08,795 - Step 01781: 19231.9453 E_h, exp. variance=3.0183 E_h^2, pmove=0.50
2026-06-09 02:10:09,139 - Step 01782: 19227.0566 E_h, exp. variance=2.8137 E_h^2, pmove=0.50
2026-06-09 02:10:09,486 - Step 01783: 19228.1016 E_h, exp. variance=2.5334 E_h^2, pmove=0.50
2026-06-09 02:10:09,828 - Step 01784: 19228.7109 E_h, exp. variance=2.3250 E_h^2, pmove=0.50
2026-06-09 02:10:10,173 - Step 01785: 19228.3770 E_h, exp. variance=2.1008 E_h^2, pmove=0.50
2026-06-09 02:10:10,517 - Step 01786: 19228.2930 E_h, exp. variance=1.8939 E_h^2, pmove=0.50
2026-06-09 02:10:10,863 - Step 01787: 19226.3770 E_h, exp. variance=1.9795 E_h^2, pmove=0.50
2026-06-09 02:10:11,209 - Step 01788: 19228.1445 E_h, exp. variance=1.7850 E_h^2, pmove=0.50
2026-06-09 02:10:11,559 - Step 01789: 19226.1992 E_h, exp. variance=1.8883 E_h^2, pmove=0.50
2026-06-09 02:10:11,909 - Step 01790: 19229.5938 E_h, exp. variance=1.9919 E_h^2, pmove=0.50
2026-06-09 02:10:12,254 - Step 01791: 19224.9609 E_h, exp. variance=2.6080 E_h^2, pmove=0.50
2026-06-09 02:10:12,598 - Step 01792: 19227.7871 E_h, exp. variance=2.3485 E_h^2, pmove=0.50
2026-06-09 02:10:12,944 - Step 01793: 19226.2188 E_h, exp. variance=2.3062 E_h^2, pmove=0.50
2026-06-09 02:10:13,289 - Step 01794: 19227.7383 E_h, exp. variance=2.0793 E_h^2, pmove=0.50
2026-06-09 02:10:13,638 - Step 01795: 19226.2383 E_h, exp. variance=2.0273 E_h^2, pmove=0.50
2026-06-09 02:10:13,985 - Step 01796: 19225.9102 E_h, exp. variance=2.0308 E_h^2, pmove=0.50
2026-06-09 02:10:14,329 - Step 01797: 19227.3457 E_h, exp. variance=1.8282 E_h^2, pmove=0.49
2026-06-09 02:10:14,677 - Step 01798: 19228.4219 E_h, exp. variance=1.7625 E_h^2, pmove=0.50
2026-06-09 02:10:15,025 - Step 01799: 19227.0391 E_h, exp. variance=1.5976 E_h^2, pmove=0.51
2026-06-09 02:10:15,368 - Step 01800: 19228.7852 E_h, exp. variance=1.6208 E_h^2, pmove=0.50
2026-06-09 02:10:15,710 - Step 01801: 19229.8906 E_h, exp. variance=1.9722 E_h^2, pmove=0.50
2026-06-09 02:10:16,053 - Step 01802: 19228.7441 E_h, exp. variance=1.8657 E_h^2, pmove=0.50
2026-06-09 02:10:16,395 - Step 01803: 19228.2969 E_h, exp. variance=1.6979 E_h^2, pmove=0.50
2026-06-09 02:10:16,738 - Step 01804: 19228.2305 E_h, exp. variance=1.5389 E_h^2, pmove=0.50
2026-06-09 02:10:17,084 - Step 01805: 19228.4766 E_h, exp. variance=1.4129 E_h^2, pmove=0.50
2026-06-09 02:10:17,432 - Step 01806: 19228.3691 E_h, exp. variance=1.2855 E_h^2, pmove=0.50
2026-06-09 02:10:17,779 - Step 01807: 19229.6504 E_h, exp. variance=1.3975 E_h^2, pmove=0.50
2026-06-09 02:10:18,127 - Step 01808: 19227.0117 E_h, exp. variance=1.3805 E_h^2, pmove=0.49
2026-06-09 02:10:18,470 - Step 01809: 19225.6602 E_h, exp. variance=1.7618 E_h^2, pmove=0.50
2026-06-09 02:10:18,814 - Step 01810: 19228.2285 E_h, exp. variance=1.6005 E_h^2, pmove=0.50
2026-06-09 02:10:19,161 - Step 01811: 19230.0938 E_h, exp. variance=1.8882 E_h^2, pmove=0.50
2026-06-09 02:10:19,502 - Step 01812: 19227.9707 E_h, exp. variance=1.7006 E_h^2, pmove=0.50
2026-06-09 02:10:19,848 - Step 01813: 19228.5195 E_h, exp. variance=1.5484 E_h^2, pmove=0.50
2026-06-09 02:10:20,196 - Step 01814: 19226.4688 E_h, exp. variance=1.6387 E_h^2, pmove=0.49
2026-06-09 02:10:20,540 - Step 01815: 19227.9434 E_h, exp. variance=1.4748 E_h^2, pmove=0.50
2026-06-09 02:10:20,887 - Step 01816: 19226.8906 E_h, exp. variance=1.4289 E_h^2, pmove=0.50
2026-06-09 02:10:21,230 - Step 01817: 19227.9219 E_h, exp. variance=1.2865 E_h^2, pmove=0.50
2026-06-09 02:10:21,584 - Step 01818: 19227.9922 E_h, exp. variance=1.1596 E_h^2, pmove=0.50
2026-06-09 02:10:21,929 - Step 01819: 19229.6094 E_h, exp. variance=1.3162 E_h^2, pmove=0.50
2026-06-09 02:10:22,275 - Step 01820: 19226.1250 E_h, exp. variance=1.5156 E_h^2, pmove=0.50
2026-06-09 02:10:22,620 - Step 01821: 19228.6211 E_h, exp. variance=1.4174 E_h^2, pmove=0.50
2026-06-09 02:10:22,967 - Step 01822: 19224.7656 E_h, exp. variance=2.1755 E_h^2, pmove=0.50
2026-06-09 02:10:23,310 - Step 01823: 19228.0586 E_h, exp. variance=1.9760 E_h^2, pmove=0.50
2026-06-09 02:10:23,658 - Step 01824: 19225.6445 E_h, exp. variance=2.1426 E_h^2, pmove=0.50
2026-06-09 02:10:24,004 - Step 01825: 19229.2188 E_h, exp. variance=2.2083 E_h^2, pmove=0.50
2026-06-09 02:10:24,349 - Step 01826: 19228.0938 E_h, exp. variance=2.0068 E_h^2, pmove=0.50
2026-06-09 02:10:24,695 - Step 01827: 19228.2773 E_h, exp. variance=1.8384 E_h^2, pmove=0.50
2026-06-09 02:10:25,042 - Step 01828: 19228.2480 E_h, exp. variance=1.6780 E_h^2, pmove=0.50
2026-06-09 02:10:25,387 - Step 01829: 19229.4746 E_h, exp. variance=1.7659 E_h^2, pmove=0.50
2026-06-09 02:10:25,733 - Step 01830: 19229.2734 E_h, exp. variance=1.7453 E_h^2, pmove=0.49
2026-06-09 02:10:26,083 - Step 01831: 19229.6133 E_h, exp. variance=1.7801 E_h^2, pmove=0.50
2026-06-09 02:10:26,431 - Step 01832: 19229.6719 E_h, exp. variance=1.7866 E_h^2, pmove=0.50
2026-06-09 02:10:26,781 - Step 01833: 19229.9570 E_h, exp. variance=1.8310 E_h^2, pmove=0.50
2026-06-09 02:10:27,127 - Step 01834: 19229.4805 E_h, exp. variance=1.7273 E_h^2, pmove=0.50
2026-06-09 02:10:27,472 - Step 01835: 19229.8262 E_h, exp. variance=1.6823 E_h^2, pmove=0.50
2026-06-09 02:10:27,819 - Step 01836: 19228.4062 E_h, exp. variance=1.5250 E_h^2, pmove=0.50
2026-06-09 02:10:28,166 - Step 01837: 19229.5742 E_h, exp. variance=1.4383 E_h^2, pmove=0.50
2026-06-09 02:10:28,512 - Step 01838: 19228.7891 E_h, exp. variance=1.2945 E_h^2, pmove=0.49
2026-06-09 02:10:28,861 - Step 01839: 19229.1875 E_h, exp. variance=1.1784 E_h^2, pmove=0.50
2026-06-09 02:10:29,209 - Step 01840: 19228.9258 E_h, exp. variance=1.0612 E_h^2, pmove=0.50
2026-06-09 02:10:29,557 - Step 01841: 19227.5801 E_h, exp. variance=1.1001 E_h^2, pmove=0.50
2026-06-09 02:10:29,901 - Step 01842: 19228.1445 E_h, exp. variance=1.0202 E_h^2, pmove=0.51
2026-06-09 02:10:30,250 - Step 01843: 19226.7812 E_h, exp. variance=1.2372 E_h^2, pmove=0.50
2026-06-09 02:10:30,597 - Step 01844: 19227.4043 E_h, exp. variance=1.2170 E_h^2, pmove=0.50
2026-06-09 02:10:30,945 - Step 01845: 19226.5371 E_h, exp. variance=1.3974 E_h^2, pmove=0.50
2026-06-09 02:10:31,290 - Step 01846: 19228.2754 E_h, exp. variance=1.2583 E_h^2, pmove=0.50
2026-06-09 02:10:31,635 - Step 01847: 19228.8789 E_h, exp. variance=1.1746 E_h^2, pmove=0.50
2026-06-09 02:10:31,984 - Step 01848: 19231.7305 E_h, exp. variance=2.1388 E_h^2, pmove=0.50
2026-06-09 02:10:32,330 - Step 01849: 19229.9023 E_h, exp. variance=2.0754 E_h^2, pmove=0.50
2026-06-09 02:10:32,676 - Step 01850: 19228.9844 E_h, exp. variance=1.8733 E_h^2, pmove=0.50
2026-06-09 02:10:33,018 - Step 01851: 19229.6934 E_h, exp. variance=1.7637 E_h^2, pmove=0.50
2026-06-09 02:10:33,367 - Step 01852: 19229.0156 E_h, exp. variance=1.5896 E_h^2, pmove=0.50
2026-06-09 02:10:33,710 - Step 01853: 19227.0312 E_h, exp. variance=1.7360 E_h^2, pmove=0.50
2026-06-09 02:10:34,054 - Step 01854: 19230.0742 E_h, exp. variance=1.7349 E_h^2, pmove=0.50
2026-06-09 02:10:34,402 - Step 01855: 19230.2324 E_h, exp. variance=1.7389 E_h^2, pmove=0.50
2026-06-09 02:10:34,748 - Step 01856: 19226.9844 E_h, exp. variance=1.9194 E_h^2, pmove=0.50
2026-06-09 02:10:35,095 - Step 01857: 19227.7305 E_h, exp. variance=1.8247 E_h^2, pmove=0.50
2026-06-09 02:10:35,438 - Step 01858: 19227.1797 E_h, exp. variance=1.8410 E_h^2, pmove=0.50
2026-06-09 02:10:35,780 - Step 01859: 19225.8496 E_h, exp. variance=2.2975 E_h^2, pmove=0.50
2026-06-09 02:10:36,126 - Step 01860: 19229.8711 E_h, exp. variance=2.3043 E_h^2, pmove=0.50
2026-06-09 02:10:36,471 - Step 01861: 19227.9336 E_h, exp. variance=2.0945 E_h^2, pmove=0.50
2026-06-09 02:10:36,816 - Step 01862: 19227.6133 E_h, exp. variance=1.9357 E_h^2, pmove=0.50
2026-06-09 02:10:37,162 - Step 01863: 19225.8359 E_h, exp. variance=2.2837 E_h^2, pmove=0.50
2026-06-09 02:10:37,511 - Step 01864: 19228.2344 E_h, exp. variance=2.0586 E_h^2, pmove=0.50
2026-06-09 02:10:37,856 - Step 01865: 19228.3203 E_h, exp. variance=1.8587 E_h^2, pmove=0.50
2026-06-09 02:10:38,201 - Step 01866: 19229.7422 E_h, exp. variance=1.9192 E_h^2, pmove=0.50
2026-06-09 02:10:38,547 - Step 01867: 19229.4102 E_h, exp. variance=1.8476 E_h^2, pmove=0.50
2026-06-09 02:10:38,892 - Step 01868: 19228.5273 E_h, exp. variance=1.6651 E_h^2, pmove=0.50
2026-06-09 02:10:39,236 - Step 01869: 19228.6836 E_h, exp. variance=1.5066 E_h^2, pmove=0.50
2026-06-09 02:10:39,581 - Step 01870: 19225.5625 E_h, exp. variance=2.0878 E_h^2, pmove=0.50
2026-06-09 02:10:39,926 - Step 01871: 19226.1621 E_h, exp. variance=2.2271 E_h^2, pmove=0.50
2026-06-09 02:10:40,272 - Step 01872: 19226.3555 E_h, exp. variance=2.2280 E_h^2, pmove=0.50
2026-06-09 02:10:40,618 - Step 01873: 19225.7109 E_h, exp. variance=2.3881 E_h^2, pmove=0.50
2026-06-09 02:10:40,964 - Step 01874: 19225.7891 E_h, exp. variance=2.4336 E_h^2, pmove=0.50
2026-06-09 02:10:41,313 - Step 01875: 19228.3613 E_h, exp. variance=2.2754 E_h^2, pmove=0.50
2026-06-09 02:10:41,660 - Step 01876: 19227.1055 E_h, exp. variance=2.0609 E_h^2, pmove=0.50
2026-06-09 02:10:42,008 - Step 01877: 19227.8555 E_h, exp. variance=1.8696 E_h^2, pmove=0.50
2026-06-09 02:10:42,360 - Step 01878: 19226.6367 E_h, exp. variance=1.7482 E_h^2, pmove=0.50
2026-06-09 02:10:42,710 - Step 01879: 19229.1875 E_h, exp. variance=1.8596 E_h^2, pmove=0.50
2026-06-09 02:10:43,056 - Step 01880: 19227.4785 E_h, exp. variance=1.6746 E_h^2, pmove=0.50
2026-06-09 02:10:43,402 - Step 01881: 19228.6855 E_h, exp. variance=1.6187 E_h^2, pmove=0.50
2026-06-09 02:10:43,749 - Step 01882: 19226.0684 E_h, exp. variance=1.6916 E_h^2, pmove=0.50
2026-06-09 02:10:44,096 - Step 01883: 19230.6797 E_h, exp. variance=2.4201 E_h^2, pmove=0.50
2026-06-09 02:10:44,445 - Step 01884: 19227.7500 E_h, exp. variance=2.1788 E_h^2, pmove=0.49
2026-06-09 02:10:44,794 - Step 01885: 19231.1992 E_h, exp. variance=2.9837 E_h^2, pmove=0.50
2026-06-09 02:10:45,137 - Step 01886: 19227.2109 E_h, exp. variance=2.7675 E_h^2, pmove=0.50
2026-06-09 02:10:45,480 - Step 01887: 19228.2363 E_h, exp. variance=2.4932 E_h^2, pmove=0.50
2026-06-09 02:10:45,826 - Step 01888: 19227.6680 E_h, exp. variance=2.2596 E_h^2, pmove=0.50
2026-06-09 02:10:46,170 - Step 01889: 19228.3242 E_h, exp. variance=2.0407 E_h^2, pmove=0.50
2026-06-09 02:10:46,517 - Step 01890: 19229.8203 E_h, exp. variance=2.1116 E_h^2, pmove=0.51
2026-06-09 02:10:46,863 - Step 01891: 19228.4805 E_h, exp. variance=1.9054 E_h^2, pmove=0.50
2026-06-09 02:10:47,207 - Step 01892: 19227.9766 E_h, exp. variance=1.7226 E_h^2, pmove=0.50
2026-06-09 02:10:47,551 - Step 01893: 19226.4121 E_h, exp. variance=1.8511 E_h^2, pmove=0.50
2026-06-09 02:10:47,896 - Step 01894: 19227.9141 E_h, exp. variance=1.6678 E_h^2, pmove=0.50
2026-06-09 02:10:48,241 - Step 01895: 19227.4043 E_h, exp. variance=1.5377 E_h^2, pmove=0.50
2026-06-09 02:10:48,586 - Step 01896: 19227.4180 E_h, exp. variance=1.4122 E_h^2, pmove=0.50
2026-06-09 02:10:48,930 - Step 01897: 19228.1934 E_h, exp. variance=1.2777 E_h^2, pmove=0.50
2026-06-09 02:10:49,274 - Step 01898: 19228.1211 E_h, exp. variance=1.1526 E_h^2, pmove=0.50
2026-06-09 02:10:49,619 - Step 01899: 19229.7305 E_h, exp. variance=1.3172 E_h^2, pmove=0.50
2026-06-09 02:10:49,967 - Step 01900: 19227.3652 E_h, exp. variance=1.2399 E_h^2, pmove=0.50
2026-06-09 02:10:50,312 - Step 01901: 19228.6895 E_h, exp. variance=1.1511 E_h^2, pmove=0.50
2026-06-09 02:10:50,656 - Step 01902: 19227.3770 E_h, exp. variance=1.0866 E_h^2, pmove=0.51
2026-06-09 02:10:51,003 - Step 01903: 19228.5645 E_h, exp. variance=1.0015 E_h^2, pmove=0.50
2026-06-09 02:10:51,349 - Step 01904: 19227.1895 E_h, exp. variance=0.9765 E_h^2, pmove=0.50
2026-06-09 02:10:51,697 - Step 01905: 19226.4395 E_h, exp. variance=1.1014 E_h^2, pmove=0.50
2026-06-09 02:10:52,041 - Step 01906: 19226.8379 E_h, exp. variance=1.0844 E_h^2, pmove=0.50
2026-06-09 02:10:52,390 - Step 01907: 19229.4766 E_h, exp. variance=1.2431 E_h^2, pmove=0.50
2026-06-09 02:10:52,736 - Step 01908: 19227.5059 E_h, exp. variance=1.1346 E_h^2, pmove=0.50
2026-06-09 02:10:53,083 - Step 01909: 19228.2383 E_h, exp. variance=1.0325 E_h^2, pmove=0.50
2026-06-09 02:10:53,428 - Step 01910: 19227.2461 E_h, exp. variance=0.9699 E_h^2, pmove=0.50
2026-06-09 02:10:53,777 - Step 01911: 19226.7539 E_h, exp. variance=0.9814 E_h^2, pmove=0.50
2026-06-09 02:10:54,122 - Step 01912: 19226.2070 E_h, exp. variance=1.0953 E_h^2, pmove=0.50
2026-06-09 02:10:54,472 - Step 01913: 19226.4805 E_h, exp. variance=1.0962 E_h^2, pmove=0.50
2026-06-09 02:10:54,817 - Step 01914: 19225.3555 E_h, exp. variance=1.3915 E_h^2, pmove=0.50
2026-06-09 02:10:55,160 - Step 01915: 19226.4609 E_h, exp. variance=1.3103 E_h^2, pmove=0.50
2026-06-09 02:10:55,505 - Step 01916: 19227.6680 E_h, exp. variance=1.2004 E_h^2, pmove=0.51
2026-06-09 02:10:55,850 - Step 01917: 19227.6836 E_h, exp. variance=1.0987 E_h^2, pmove=0.50
2026-06-09 02:10:56,197 - Step 01918: 19228.9609 E_h, exp. variance=1.2439 E_h^2, pmove=0.50
2026-06-09 02:10:56,543 - Step 01919: 19229.0156 E_h, exp. variance=1.3414 E_h^2, pmove=0.50
2026-06-09 02:10:56,896 - Step 01920: 19228.1289 E_h, exp. variance=1.2323 E_h^2, pmove=0.50
2026-06-09 02:10:57,248 - Step 01921: 19228.1172 E_h, exp. variance=1.1284 E_h^2, pmove=0.50
2026-06-09 02:10:57,596 - Step 01922: 19226.6426 E_h, exp. variance=1.1164 E_h^2, pmove=0.50
2026-06-09 02:10:57,945 - Step 01923: 19225.9688 E_h, exp. variance=1.2430 E_h^2, pmove=0.50
2026-06-09 02:10:58,289 - Step 01924: 19226.7344 E_h, exp. variance=1.1627 E_h^2, pmove=0.50
2026-06-09 02:10:58,639 - Step 01925: 19225.4102 E_h, exp. variance=1.3897 E_h^2, pmove=0.50
2026-06-09 02:10:58,990 - Step 01926: 19223.7266 E_h, exp. variance=2.3167 E_h^2, pmove=0.50
2026-06-09 02:10:59,337 - Step 01927: 19225.5117 E_h, exp. variance=2.2400 E_h^2, pmove=0.50
2026-06-09 02:10:59,686 - Step 01928: 19227.5391 E_h, exp. variance=2.0804 E_h^2, pmove=0.50
2026-06-09 02:11:00,033 - Step 01929: 19224.8281 E_h, exp. variance=2.2143 E_h^2, pmove=0.50
2026-06-09 02:11:00,380 - Step 01930: 19225.4297 E_h, exp. variance=2.1124 E_h^2, pmove=0.50
2026-06-09 02:11:00,731 - Step 01931: 19227.3730 E_h, exp. variance=1.9751 E_h^2, pmove=0.49
2026-06-09 02:11:01,077 - Step 01932: 19226.4648 E_h, exp. variance=1.7783 E_h^2, pmove=0.49
2026-06-09 02:11:01,430 - Step 01933: 19228.4121 E_h, exp. variance=1.9136 E_h^2, pmove=0.50
2026-06-09 02:11:01,779 - Step 01934: 19228.9062 E_h, exp. variance=2.1468 E_h^2, pmove=0.50
2026-06-09 02:11:02,126 - Step 01935: 19226.2266 E_h, exp. variance=1.9794 E_h^2, pmove=0.50
2026-06-09 02:11:02,478 - Step 01936: 19230.5117 E_h, exp. variance=2.9692 E_h^2, pmove=0.50
2026-06-09 02:11:02,825 - Step 01937: 19229.7559 E_h, exp. variance=3.2409 E_h^2, pmove=0.50
2026-06-09 02:11:03,171 - Step 01938: 19230.2109 E_h, exp. variance=3.5811 E_h^2, pmove=0.50
2026-06-09 02:11:03,520 - Step 01939: 19228.0293 E_h, exp. variance=3.2293 E_h^2, pmove=0.50
2026-06-09 02:11:03,867 - Step 01940: 19229.1055 E_h, exp. variance=3.0614 E_h^2, pmove=0.50
2026-06-09 02:11:04,220 - Step 01941: 19228.2266 E_h, exp. variance=2.7635 E_h^2, pmove=0.50
2026-06-09 02:11:04,571 - Step 01942: 19228.3965 E_h, exp. variance=2.5048 E_h^2, pmove=0.50
2026-06-09 02:11:04,917 - Step 01943: 19227.4629 E_h, exp. variance=2.2801 E_h^2, pmove=0.50
2026-06-09 02:11:05,264 - Step 01944: 19227.7832 E_h, exp. variance=2.0545 E_h^2, pmove=0.50
2026-06-09 02:11:05,610 - Step 01945: 19225.3906 E_h, exp. variance=2.4292 E_h^2, pmove=0.50
2026-06-09 02:11:05,955 - Step 01946: 19229.1992 E_h, exp. variance=2.3952 E_h^2, pmove=0.50
2026-06-09 02:11:06,302 - Step 01947: 19229.7090 E_h, exp. variance=2.4741 E_h^2, pmove=0.50
2026-06-09 02:11:06,648 - Step 01948: 19228.6445 E_h, exp. variance=2.2623 E_h^2, pmove=0.50
2026-06-09 02:11:06,995 - Step 01949: 19228.9473 E_h, exp. variance=2.1040 E_h^2, pmove=0.50
2026-06-09 02:11:07,340 - Step 01950: 19227.9844 E_h, exp. variance=1.8965 E_h^2, pmove=0.49
2026-06-09 02:11:07,689 - Step 01951: 19228.0703 E_h, exp. variance=1.7074 E_h^2, pmove=0.50
2026-06-09 02:11:08,041 - Step 01952: 19229.3828 E_h, exp. variance=1.6760 E_h^2, pmove=0.50
2026-06-09 02:11:08,390 - Step 01953: 19230.4180 E_h, exp. variance=1.9261 E_h^2, pmove=0.50
2026-06-09 02:11:08,748 - Step 01954: 19231.0195 E_h, exp. variance=2.3146 E_h^2, pmove=0.50
2026-06-09 02:11:09,098 - Step 01955: 19232.2422 E_h, exp. variance=3.1918 E_h^2, pmove=0.50
2026-06-09 02:11:09,447 - Step 01956: 19230.1758 E_h, exp. variance=2.9799 E_h^2, pmove=0.50
2026-06-09 02:11:09,794 - Step 01957: 19231.8574 E_h, exp. variance=3.3206 E_h^2, pmove=0.49
2026-06-09 02:11:10,141 - Step 01958: 19228.6289 E_h, exp. variance=3.0506 E_h^2, pmove=0.50
2026-06-09 02:11:10,486 - Step 01959: 19231.8438 E_h, exp. variance=3.2940 E_h^2, pmove=0.50
2026-06-09 02:11:10,835 - Step 01960: 19226.7500 E_h, exp. variance=3.7065 E_h^2, pmove=0.50
2026-06-09 02:11:11,183 - Step 01961: 19230.9102 E_h, exp. variance=3.5595 E_h^2, pmove=0.50
2026-06-09 02:11:11,531 - Step 01962: 19228.2305 E_h, exp. variance=3.3468 E_h^2, pmove=0.50
2026-06-09 02:11:11,878 - Step 01963: 19232.1211 E_h, exp. variance=3.6956 E_h^2, pmove=0.50
2026-06-09 02:11:12,225 - Step 01964: 19227.2383 E_h, exp. variance=3.8455 E_h^2, pmove=0.50
2026-06-09 02:11:12,573 - Step 01965: 19229.3672 E_h, exp. variance=3.4610 E_h^2, pmove=0.51
2026-06-09 02:11:12,927 - Step 01966: 19226.9355 E_h, exp. variance=3.6600 E_h^2, pmove=0.50
2026-06-09 02:11:13,272 - Step 01967: 19227.7793 E_h, exp. variance=3.4632 E_h^2, pmove=0.50
2026-06-09 02:11:13,618 - Step 01968: 19225.9277 E_h, exp. variance=3.9739 E_h^2, pmove=0.50
2026-06-09 02:11:13,967 - Step 01969: 19227.3789 E_h, exp. variance=3.7348 E_h^2, pmove=0.50
2026-06-09 02:11:14,313 - Step 01970: 19228.1074 E_h, exp. variance=3.3808 E_h^2, pmove=0.50
2026-06-09 02:11:14,659 - Step 01971: 19226.8164 E_h, exp. variance=3.3056 E_h^2, pmove=0.51
2026-06-09 02:11:15,006 - Step 01972: 19227.7695 E_h, exp. variance=3.0059 E_h^2, pmove=0.50
2026-06-09 02:11:15,353 - Step 01973: 19228.1074 E_h, exp. variance=2.7086 E_h^2, pmove=0.50
2026-06-09 02:11:15,701 - Step 01974: 19226.4297 E_h, exp. variance=2.7449 E_h^2, pmove=0.50
2026-06-09 02:11:16,052 - Step 01975: 19225.7363 E_h, exp. variance=2.9698 E_h^2, pmove=0.50
2026-06-09 02:11:16,401 - Step 01976: 19226.3164 E_h, exp. variance=2.8860 E_h^2, pmove=0.50
2026-06-09 02:11:16,749 - Step 01977: 19225.5352 E_h, exp. variance=3.0196 E_h^2, pmove=0.49
2026-06-09 02:11:17,097 - Step 01978: 19227.3438 E_h, exp. variance=2.7195 E_h^2, pmove=0.50
2026-06-09 02:11:17,442 - Step 01979: 19227.1211 E_h, exp. variance=2.4585 E_h^2, pmove=0.50
2026-06-09 02:11:17,786 - Step 01980: 19227.5410 E_h, exp. variance=2.2137 E_h^2, pmove=0.50
2026-06-09 02:11:18,138 - Step 01981: 19226.6914 E_h, exp. variance=2.0434 E_h^2, pmove=0.51
2026-06-09 02:11:18,491 - Step 01982: 19225.6406 E_h, exp. variance=2.1080 E_h^2, pmove=0.50
2026-06-09 02:11:18,838 - Step 01983: 19227.1484 E_h, exp. variance=1.8974 E_h^2, pmove=0.50
2026-06-09 02:11:19,194 - Step 01984: 19224.3047 E_h, exp. variance=2.4576 E_h^2, pmove=0.50
2026-06-09 02:11:19,544 - Step 01985: 19226.7773 E_h, exp. variance=2.2133 E_h^2, pmove=0.50
2026-06-09 02:11:19,898 - Step 01986: 19226.2656 E_h, exp. variance=2.0271 E_h^2, pmove=0.50
2026-06-09 02:11:20,251 - Step 01987: 19230.3613 E_h, exp. variance=2.9479 E_h^2, pmove=0.50
2026-06-09 02:11:20,602 - Step 01988: 19227.3906 E_h, exp. variance=2.6571 E_h^2, pmove=0.50
2026-06-09 02:11:20,954 - Step 01989: 19227.3359 E_h, exp. variance=2.3929 E_h^2, pmove=0.50
2026-06-09 02:11:21,305 - Step 01990: 19227.9102 E_h, exp. variance=2.1969 E_h^2, pmove=0.50
2026-06-09 02:11:21,657 - Step 01991: 19227.4727 E_h, exp. variance=1.9804 E_h^2, pmove=0.50
2026-06-09 02:11:22,007 - Step 01992: 19229.6602 E_h, exp. variance=2.2817 E_h^2, pmove=0.50
2026-06-09 02:11:22,358 - Step 01993: 19228.0508 E_h, exp. variance=2.0769 E_h^2, pmove=0.50
2026-06-09 02:11:22,707 - Step 01994: 19230.3457 E_h, exp. variance=2.5518 E_h^2, pmove=0.50
2026-06-09 02:11:23,061 - Step 01995: 19226.6680 E_h, exp. variance=2.4260 E_h^2, pmove=0.50
2026-06-09 02:11:23,410 - Step 01996: 19227.4609 E_h, exp. variance=2.1908 E_h^2, pmove=0.50
2026-06-09 02:11:23,757 - Step 01997: 19224.8516 E_h, exp. variance=2.7116 E_h^2, pmove=0.50
2026-06-09 02:11:24,107 - Step 01998: 19226.3438 E_h, exp. variance=2.5470 E_h^2, pmove=0.50
2026-06-09 02:11:24,459 - Step 01999: 19225.9668 E_h, exp. variance=2.4576 E_h^2, pmove=0.49
2026-06-09 02:11:24,815 - Step 02000: 19226.9629 E_h, exp. variance=2.2164 E_h^2, pmove=0.50
2026-06-09 02:11:25,163 - Step 02001: 19226.8281 E_h, exp. variance=2.0049 E_h^2, pmove=0.50
2026-06-09 02:11:25,512 - Step 02002: 19225.7051 E_h, exp. variance=1.9874 E_h^2, pmove=0.50
2026-06-09 02:11:25,861 - Step 02003: 19225.2812 E_h, exp. variance=2.0509 E_h^2, pmove=0.49
2026-06-09 02:11:26,211 - Step 02004: 19225.2539 E_h, exp. variance=2.0661 E_h^2, pmove=0.50
2026-06-09 02:11:26,559 - Step 02005: 19227.7773 E_h, exp. variance=1.9714 E_h^2, pmove=0.50
2026-06-09 02:11:26,910 - Step 02006: 19226.8691 E_h, exp. variance=1.7751 E_h^2, pmove=0.51
2026-06-09 02:11:27,260 - Step 02007: 19229.5820 E_h, exp. variance=2.3026 E_h^2, pmove=0.50
2026-06-09 02:11:27,606 - Step 02008: 19228.0840 E_h, exp. variance=2.1663 E_h^2, pmove=0.50
2026-06-09 02:11:27,955 - Step 02009: 19230.3398 E_h, exp. variance=2.8573 E_h^2, pmove=0.51
2026-06-09 02:11:28,304 - Step 02010: 19224.6484 E_h, exp. variance=3.2944 E_h^2, pmove=0.50
2026-06-09 02:11:28,655 - Step 02011: 19228.9629 E_h, exp. variance=3.2449 E_h^2, pmove=0.50
2026-06-09 02:11:29,003 - Step 02012: 19224.8145 E_h, exp. variance=3.5105 E_h^2, pmove=0.50
2026-06-09 02:11:29,350 - Step 02013: 19226.0820 E_h, exp. variance=3.2563 E_h^2, pmove=0.50
2026-06-09 02:11:29,698 - Step 02014: 19227.3535 E_h, exp. variance=2.9409 E_h^2, pmove=0.50
2026-06-09 02:11:30,052 - Step 02015: 19229.6582 E_h, exp. variance=3.2596 E_h^2, pmove=0.50
2026-06-09 02:11:30,402 - Step 02016: 19226.6582 E_h, exp. variance=2.9720 E_h^2, pmove=0.50
2026-06-09 02:11:30,751 - Step 02017: 19229.0742 E_h, exp. variance=2.9755 E_h^2, pmove=0.50
2026-06-09 02:11:31,097 - Step 02018: 19225.5020 E_h, exp. variance=3.0124 E_h^2, pmove=0.50
2026-06-09 02:11:31,453 - Step 02019: 19225.9941 E_h, exp. variance=2.8501 E_h^2, pmove=0.50
2026-06-09 02:11:31,801 - Step 02020: 19227.4102 E_h, exp. variance=2.5731 E_h^2, pmove=0.50
2026-06-09 02:11:32,149 - Step 02021: 19227.4395 E_h, exp. variance=2.3238 E_h^2, pmove=0.50
2026-06-09 02:11:32,498 - Step 02022: 19226.7832 E_h, exp. variance=2.1049 E_h^2, pmove=0.51
2026-06-09 02:11:32,848 - Step 02023: 19229.1855 E_h, exp. variance=2.2744 E_h^2, pmove=0.50
2026-06-09 02:11:33,198 - Step 02024: 19228.6328 E_h, exp. variance=2.1983 E_h^2, pmove=0.50
2026-06-09 02:11:33,548 - Step 02025: 19226.9375 E_h, exp. variance=2.0035 E_h^2, pmove=0.50
2026-06-09 02:11:33,899 - Step 02026: 19227.3730 E_h, exp. variance=1.8033 E_h^2, pmove=0.50
2026-06-09 02:11:34,251 - Step 02027: 19228.2148 E_h, exp. variance=1.6815 E_h^2, pmove=0.51
2026-06-09 02:11:34,601 - Step 02028: 19227.4023 E_h, exp. variance=1.5140 E_h^2, pmove=0.49
2026-06-09 02:11:34,949 - Step 02029: 19227.7988 E_h, exp. variance=1.3718 E_h^2, pmove=0.50
2026-06-09 02:11:35,299 - Step 02030: 19227.7031 E_h, exp. variance=1.2379 E_h^2, pmove=0.50
2026-06-09 02:11:35,646 - Step 02031: 19229.0781 E_h, exp. variance=1.3294 E_h^2, pmove=0.50
2026-06-09 02:11:35,997 - Step 02032: 19227.8340 E_h, exp. variance=1.1985 E_h^2, pmove=0.50
2026-06-09 02:11:36,346 - Step 02033: 19225.6719 E_h, exp. variance=1.4493 E_h^2, pmove=0.50
2026-06-09 02:11:36,694 - Step 02034: 19223.1074 E_h, exp. variance=3.0393 E_h^2, pmove=0.50
2026-06-09 02:11:37,044 - Step 02035: 19224.2852 E_h, exp. variance=3.4277 E_h^2, pmove=0.50
2026-06-09 02:11:37,394 - Step 02036: 19226.0098 E_h, exp. variance=3.1385 E_h^2, pmove=0.51
2026-06-09 02:11:37,755 - Step 02037: 19223.1367 E_h, exp. variance=3.9693 E_h^2, pmove=0.50
2026-06-09 02:11:38,103 - Step 02038: 19226.0430 E_h, exp. variance=3.5807 E_h^2, pmove=0.49
2026-06-09 02:11:38,454 - Step 02039: 19223.2148 E_h, exp. variance=4.0884 E_h^2, pmove=0.51
2026-06-09 02:11:38,804 - Step 02040: 19227.1641 E_h, exp. variance=3.8003 E_h^2, pmove=0.50
2026-06-09 02:11:39,153 - Step 02041: 19226.2012 E_h, exp. variance=3.4208 E_h^2, pmove=0.50
2026-06-09 02:11:39,511 - Step 02042: 19228.5234 E_h, exp. variance=3.5948 E_h^2, pmove=0.50
2026-06-09 02:11:39,860 - Step 02043: 19226.4805 E_h, exp. variance=3.2364 E_h^2, pmove=0.50
2026-06-09 02:11:40,210 - Step 02044: 19227.5703 E_h, exp. variance=3.0401 E_h^2, pmove=0.50
2026-06-09 02:11:40,562 - Step 02045: 19229.6465 E_h, exp. variance=3.6271 E_h^2, pmove=0.50
2026-06-09 02:11:40,910 - Step 02046: 19227.9355 E_h, exp. variance=3.3775 E_h^2, pmove=0.50
2026-06-09 02:11:41,258 - Step 02047: 19230.1836 E_h, exp. variance=3.9950 E_h^2, pmove=0.50
2026-06-09 02:11:41,606 - Step 02048: 19227.1484 E_h, exp. variance=3.5964 E_h^2, pmove=0.49
2026-06-09 02:11:41,956 - Step 02049: 19230.4609 E_h, exp. variance=4.1692 E_h^2, pmove=0.50
2026-06-09 02:11:42,304 - Step 02050: 19226.5703 E_h, exp. variance=3.8413 E_h^2, pmove=0.50
2026-06-09 02:11:42,656 - Step 02051: 19228.4180 E_h, exp. variance=3.5389 E_h^2, pmove=0.51
2026-06-09 02:11:43,007 - Step 02052: 19225.8535 E_h, exp. variance=3.4473 E_h^2, pmove=0.50
2026-06-09 02:11:43,356 - Step 02053: 19228.3477 E_h, exp. variance=3.1850 E_h^2, pmove=0.50
2026-06-09 02:11:43,720 - Step 02054: 19228.6348 E_h, exp. variance=2.9852 E_h^2, pmove=0.50
2026-06-09 02:11:44,072 - Step 02055: 19226.2656 E_h, exp. variance=2.8473 E_h^2, pmove=0.50
2026-06-09 02:11:44,424 - Step 02056: 19229.9102 E_h, exp. variance=3.0990 E_h^2, pmove=0.50
2026-06-09 02:11:44,772 - Step 02057: 19225.3711 E_h, exp. variance=3.2827 E_h^2, pmove=0.50
2026-06-09 02:11:45,120 - Step 02058: 19230.1719 E_h, exp. variance=3.6073 E_h^2, pmove=0.50
2026-06-09 02:11:45,468 - Step 02059: 19226.4062 E_h, exp. variance=3.4086 E_h^2, pmove=0.50
2026-06-09 02:11:45,817 - Step 02060: 19227.8828 E_h, exp. variance=3.0743 E_h^2, pmove=0.50
2026-06-09 02:11:46,165 - Step 02061: 19228.3047 E_h, exp. variance=2.8065 E_h^2, pmove=0.49
2026-06-09 02:11:46,512 - Step 02062: 19226.4590 E_h, exp. variance=2.6661 E_h^2, pmove=0.50
2026-06-09 02:11:46,864 - Step 02063: 19227.5820 E_h, exp. variance=2.3994 E_h^2, pmove=0.50
2026-06-09 02:11:47,218 - Step 02064: 19227.9023 E_h, exp. variance=2.1687 E_h^2, pmove=0.50
2026-06-09 02:11:47,566 - Step 02065: 19227.2500 E_h, exp. variance=1.9637 E_h^2, pmove=0.50
2026-06-09 02:11:47,913 - Step 02066: 19227.8594 E_h, exp. variance=1.7746 E_h^2, pmove=0.50
2026-06-09 02:11:48,260 - Step 02067: 19225.2344 E_h, exp. variance=2.1031 E_h^2, pmove=0.50
2026-06-09 02:11:48,627 - Step 02068: 19226.3848 E_h, exp. variance=1.9800 E_h^2, pmove=0.49
2026-06-09 02:11:48,975 - Step 02069: 19226.7539 E_h, exp. variance=1.8061 E_h^2, pmove=0.50
2026-06-09 02:11:49,326 - Step 02070: 19227.5312 E_h, exp. variance=1.6343 E_h^2, pmove=0.50
2026-06-09 02:11:49,675 - Step 02071: 19226.7617 E_h, exp. variance=1.4923 E_h^2, pmove=0.50
2026-06-09 02:11:50,023 - Step 02072: 19226.9902 E_h, exp. variance=1.3471 E_h^2, pmove=0.50
2026-06-09 02:11:50,374 - Step 02073: 19229.4531 E_h, exp. variance=1.6776 E_h^2, pmove=0.50
2026-06-09 02:11:50,722 - Step 02074: 19227.9082 E_h, exp. variance=1.5325 E_h^2, pmove=0.49
2026-06-09 02:11:51,070 - Step 02075: 19229.1543 E_h, exp. variance=1.6385 E_h^2, pmove=0.51
2026-06-09 02:11:51,421 - Step 02076: 19228.7305 E_h, exp. variance=1.5842 E_h^2, pmove=0.50
2026-06-09 02:11:51,770 - Step 02077: 19229.4453 E_h, exp. variance=1.6881 E_h^2, pmove=0.50
2026-06-09 02:11:52,122 - Step 02078: 19229.4902 E_h, exp. variance=1.7445 E_h^2, pmove=0.50
2026-06-09 02:11:52,468 - Step 02079: 19230.0898 E_h, exp. variance=1.9386 E_h^2, pmove=0.49
2026-06-09 02:11:52,817 - Step 02080: 19229.1992 E_h, exp. variance=1.8225 E_h^2, pmove=0.50
2026-06-09 02:11:53,164 - Step 02081: 19231.0195 E_h, exp. variance=2.2752 E_h^2, pmove=0.50
2026-06-09 02:11:53,513 - Step 02082: 19231.2031 E_h, exp. variance=2.6441 E_h^2, pmove=0.50
2026-06-09 02:11:53,858 - Step 02083: 19227.9238 E_h, exp. variance=2.4631 E_h^2, pmove=0.50
2026-06-09 02:11:54,206 - Step 02084: 19229.6816 E_h, exp. variance=2.2882 E_h^2, pmove=0.49
2026-06-09 02:11:54,553 - Step 02085: 19227.1230 E_h, exp. variance=2.3375 E_h^2, pmove=0.50
2026-06-09 02:11:54,903 - Step 02086: 19229.0527 E_h, exp. variance=2.1146 E_h^2, pmove=0.50
2026-06-09 02:11:55,252 - Step 02087: 19225.2070 E_h, exp. variance=3.0267 E_h^2, pmove=0.50
2026-06-09 02:11:55,607 - Step 02088: 19227.5312 E_h, exp. variance=2.7899 E_h^2, pmove=0.50
2026-06-09 02:11:55,960 - Step 02089: 19228.5156 E_h, exp. variance=2.5150 E_h^2, pmove=0.50
2026-06-09 02:11:56,310 - Step 02090: 19230.2344 E_h, exp. variance=2.5926 E_h^2, pmove=0.51
2026-06-09 02:11:56,661 - Step 02091: 19228.8262 E_h, exp. variance=2.3421 E_h^2, pmove=0.49
2026-06-09 02:11:57,007 - Step 02092: 19230.5684 E_h, exp. variance=2.4764 E_h^2, pmove=0.51
2026-06-09 02:11:57,354 - Step 02093: 19228.3789 E_h, exp. variance=2.2410 E_h^2, pmove=0.49
2026-06-09 02:11:57,704 - Step 02094: 19228.3906 E_h, exp. variance=2.0262 E_h^2, pmove=0.50
2026-06-09 02:11:58,055 - Step 02095: 19229.0664 E_h, exp. variance=1.8370 E_h^2, pmove=0.51
2026-06-09 02:11:58,406 - Step 02096: 19231.9746 E_h, exp. variance=2.6074 E_h^2, pmove=0.51
2026-06-09 02:11:58,753 - Step 02097: 19227.5059 E_h, exp. variance=2.5598 E_h^2, pmove=0.49
2026-06-09 02:11:59,108 - Step 02098: 19230.4258 E_h, exp. variance=2.5159 E_h^2, pmove=0.50
2026-06-09 02:11:59,456 - Step 02099: 19228.8340 E_h, exp. variance=2.2683 E_h^2, pmove=0.49
2026-06-09 02:11:59,806 - Step 02100: 19229.3340 E_h, exp. variance=2.0502 E_h^2, pmove=0.50
2026-06-09 02:12:00,156 - Step 02101: 19229.9219 E_h, exp. variance=1.9128 E_h^2, pmove=0.50
2026-06-09 02:12:00,508 - Step 02102: 19227.4707 E_h, exp. variance=1.9725 E_h^2, pmove=0.49
2026-06-09 02:12:00,857 - Step 02103: 19229.4902 E_h, exp. variance=1.7994 E_h^2, pmove=0.50
2026-06-09 02:12:01,204 - Step 02104: 19228.0801 E_h, exp. variance=1.6995 E_h^2, pmove=0.50
2026-06-09 02:12:01,551 - Step 02105: 19227.8828 E_h, exp. variance=1.6282 E_h^2, pmove=0.50
2026-06-09 02:12:01,900 - Step 02106: 19228.0352 E_h, exp. variance=1.5214 E_h^2, pmove=0.50
2026-06-09 02:12:02,250 - Step 02107: 19227.6660 E_h, exp. variance=1.4743 E_h^2, pmove=0.49
2026-06-09 02:12:02,598 - Step 02108: 19228.7734 E_h, exp. variance=1.3285 E_h^2, pmove=0.50
2026-06-09 02:12:02,950 - Step 02109: 19228.2910 E_h, exp. variance=1.2074 E_h^2, pmove=0.50
2026-06-09 02:12:03,300 - Step 02110: 19228.6738 E_h, exp. variance=1.0869 E_h^2, pmove=0.50
2026-06-09 02:12:03,649 - Step 02111: 19225.0723 E_h, exp. variance=2.1130 E_h^2, pmove=0.50
2026-06-09 02:12:04,001 - Step 02112: 19228.7227 E_h, exp. variance=1.9203 E_h^2, pmove=0.50
2026-06-09 02:12:04,351 - Step 02113: 19226.9844 E_h, exp. variance=1.8870 E_h^2, pmove=0.50
2026-06-09 02:12:04,703 - Step 02114: 19229.0547 E_h, exp. variance=1.7672 E_h^2, pmove=0.51
2026-06-09 02:12:05,052 - Step 02115: 19224.9551 E_h, exp. variance=2.5781 E_h^2, pmove=0.50
2026-06-09 02:12:05,402 - Step 02116: 19227.9062 E_h, exp. variance=2.3203 E_h^2, pmove=0.50
2026-06-09 02:12:05,751 - Step 02117: 19224.6367 E_h, exp. variance=3.0665 E_h^2, pmove=0.50
2026-06-09 02:12:06,100 - Step 02118: 19225.5957 E_h, exp. variance=3.1227 E_h^2, pmove=0.51
2026-06-09 02:12:06,449 - Step 02119: 19225.5664 E_h, exp. variance=3.1138 E_h^2, pmove=0.50
2026-06-09 02:12:06,797 - Step 02120: 19224.9570 E_h, exp. variance=3.2628 E_h^2, pmove=0.50
2026-06-09 02:12:07,148 - Step 02121: 19225.6406 E_h, exp. variance=3.1009 E_h^2, pmove=0.49
2026-06-09 02:12:07,494 - Step 02122: 19229.0156 E_h, exp. variance=3.2100 E_h^2, pmove=0.50
2026-06-09 02:12:07,844 - Step 02123: 19228.2461 E_h, exp. variance=3.0126 E_h^2, pmove=0.50
2026-06-09 02:12:08,191 - Step 02124: 19230.5195 E_h, exp. variance=3.7082 E_h^2, pmove=0.49
2026-06-09 02:12:08,540 - Step 02125: 19229.3164 E_h, exp. variance=3.6267 E_h^2, pmove=0.50
2026-06-09 02:12:08,890 - Step 02126: 19226.9492 E_h, exp. variance=3.3152 E_h^2, pmove=0.50
2026-06-09 02:12:09,242 - Step 02127: 19227.4707 E_h, exp. variance=2.9859 E_h^2, pmove=0.50
2026-06-09 02:12:09,589 - Step 02128: 19227.8008 E_h, exp. variance=2.6905 E_h^2, pmove=0.50
2026-06-09 02:12:09,955 - Step 02129: 19226.9648 E_h, exp. variance=2.4614 E_h^2, pmove=0.50
2026-06-09 02:12:10,310 - Step 02130: 19226.2051 E_h, exp. variance=2.3816 E_h^2, pmove=0.50
2026-06-09 02:12:10,659 - Step 02131: 19228.4492 E_h, exp. variance=2.2373 E_h^2, pmove=0.50
2026-06-09 02:12:11,010 - Step 02132: 19228.9531 E_h, exp. variance=2.1961 E_h^2, pmove=0.50
2026-06-09 02:12:11,360 - Step 02133: 19227.5117 E_h, exp. variance=1.9788 E_h^2, pmove=0.50
2026-06-09 02:12:11,712 - Step 02134: 19229.7129 E_h, exp. variance=2.1616 E_h^2, pmove=0.50
2026-06-09 02:12:12,064 - Step 02135: 19227.8633 E_h, exp. variance=1.9454 E_h^2, pmove=0.49
2026-06-09 02:12:12,416 - Step 02136: 19227.9238 E_h, exp. variance=1.7512 E_h^2, pmove=0.50
2026-06-09 02:12:12,763 - Step 02137: 19227.5938 E_h, exp. variance=1.5828 E_h^2, pmove=0.50
2026-06-09 02:12:13,113 - Step 02138: 19227.3613 E_h, exp. variance=1.4451 E_h^2, pmove=0.51
2026-06-09 02:12:13,460 - Step 02139: 19224.7461 E_h, exp. variance=2.1361 E_h^2, pmove=0.50
2026-06-09 02:12:13,809 - Step 02140: 19225.8164 E_h, exp. variance=2.1741 E_h^2, pmove=0.50
2026-06-09 02:12:14,158 - Step 02141: 19226.8379 E_h, exp. variance=1.9776 E_h^2, pmove=0.50
2026-06-09 02:12:14,508 - Step 02142: 19226.0762 E_h, exp. variance=1.9085 E_h^2, pmove=0.50
2026-06-09 02:12:14,860 - Step 02143: 19228.0273 E_h, exp. variance=1.7865 E_h^2, pmove=0.50
2026-06-09 02:12:15,209 - Step 02144: 19225.5684 E_h, exp. variance=1.8594 E_h^2, pmove=0.50
2026-06-09 02:12:15,558 - Step 02145: 19227.0820 E_h, exp. variance=1.6735 E_h^2, pmove=0.50
2026-06-09 02:12:15,913 - Step 02146: 19225.8496 E_h, exp. variance=1.6411 E_h^2, pmove=0.50
2026-06-09 02:12:16,263 - Step 02147: 19227.2930 E_h, exp. variance=1.4875 E_h^2, pmove=0.49
2026-06-09 02:12:16,613 - Step 02148: 19228.0391 E_h, exp. variance=1.4389 E_h^2, pmove=0.50
2026-06-09 02:12:16,959 - Step 02149: 19227.3516 E_h, exp. variance=1.3012 E_h^2, pmove=0.50
2026-06-09 02:12:17,310 - Step 02150: 19227.2852 E_h, exp. variance=1.1736 E_h^2, pmove=0.50
2026-06-09 02:12:17,658 - Step 02151: 19227.3457 E_h, exp. variance=1.0604 E_h^2, pmove=0.50
2026-06-09 02:12:18,005 - Step 02152: 19228.9863 E_h, exp. variance=1.2564 E_h^2, pmove=0.49
2026-06-09 02:12:18,354 - Step 02153: 19227.2988 E_h, exp. variance=1.1309 E_h^2, pmove=0.49
2026-06-09 02:12:18,701 - Step 02154: 19229.1055 E_h, exp. variance=1.3002 E_h^2, pmove=0.50
2026-06-09 02:12:19,050 - Step 02155: 19225.1719 E_h, exp. variance=1.6629 E_h^2, pmove=0.50
2026-06-09 02:12:19,398 - Step 02156: 19230.0078 E_h, exp. variance=2.1676 E_h^2, pmove=0.50
2026-06-09 02:12:19,747 - Step 02157: 19227.1875 E_h, exp. variance=1.9628 E_h^2, pmove=0.50
2026-06-09 02:12:20,095 - Step 02158: 19227.4668 E_h, exp. variance=1.7667 E_h^2, pmove=0.50
2026-06-09 02:12:20,445 - Step 02159: 19227.2461 E_h, exp. variance=1.5963 E_h^2, pmove=0.49
2026-06-09 02:12:20,794 - Step 02160: 19224.6797 E_h, exp. variance=2.1446 E_h^2, pmove=0.50
2026-06-09 02:12:21,142 - Step 02161: 19225.7109 E_h, exp. variance=2.1305 E_h^2, pmove=0.50
2026-06-09 02:12:21,490 - Step 02162: 19227.4414 E_h, exp. variance=1.9309 E_h^2, pmove=0.50
2026-06-09 02:12:21,848 - Step 02163: 19225.9805 E_h, exp. variance=1.8494 E_h^2, pmove=0.49
2026-06-09 02:12:22,193 - Step 02164: 19229.2871 E_h, exp. variance=2.1425 E_h^2, pmove=0.50
2026-06-09 02:12:22,544 - Step 02165: 19227.9062 E_h, exp. variance=1.9715 E_h^2, pmove=0.50
2026-06-09 02:12:22,892 - Step 02166: 19229.0195 E_h, exp. variance=2.0463 E_h^2, pmove=0.51
2026-06-09 02:12:23,239 - Step 02167: 19228.0938 E_h, exp. variance=1.8784 E_h^2, pmove=0.50
2026-06-09 02:12:23,587 - Step 02168: 19229.0430 E_h, exp. variance=1.8994 E_h^2, pmove=0.50
2026-06-09 02:12:23,940 - Step 02169: 19226.9297 E_h, exp. variance=1.7591 E_h^2, pmove=0.50
2026-06-09 02:12:24,291 - Step 02170: 19225.7031 E_h, exp. variance=1.9062 E_h^2, pmove=0.50
2026-06-09 02:12:24,644 - Step 02171: 19224.8203 E_h, exp. variance=2.3183 E_h^2, pmove=0.49
2026-06-09 02:12:24,992 - Step 02172: 19227.7148 E_h, exp. variance=2.1154 E_h^2, pmove=0.50
2026-06-09 02:12:25,344 - Step 02173: 19229.4551 E_h, exp. variance=2.3594 E_h^2, pmove=0.50
2026-06-09 02:12:25,693 - Step 02174: 19227.6250 E_h, exp. variance=2.1269 E_h^2, pmove=0.50
2026-06-09 02:12:26,043 - Step 02175: 19228.9258 E_h, exp. variance=2.1105 E_h^2, pmove=0.50
2026-06-09 02:12:26,390 - Step 02176: 19226.9570 E_h, exp. variance=1.9364 E_h^2, pmove=0.50
2026-06-09 02:12:26,743 - Step 02177: 19228.7148 E_h, exp. variance=1.8684 E_h^2, pmove=0.51
2026-06-09 02:12:27,090 - Step 02178: 19227.1836 E_h, exp. variance=1.7013 E_h^2, pmove=0.49
2026-06-09 02:12:27,437 - Step 02179: 19228.2305 E_h, exp. variance=1.5663 E_h^2, pmove=0.51
2026-06-09 02:12:27,785 - Step 02180: 19227.5859 E_h, exp. variance=1.4103 E_h^2, pmove=0.50
2026-06-09 02:12:28,134 - Step 02181: 19227.6855 E_h, exp. variance=1.2693 E_h^2, pmove=0.50
2026-06-09 02:12:28,480 - Step 02182: 19227.2305 E_h, exp. variance=1.1592 E_h^2, pmove=0.50
2026-06-09 02:12:28,828 - Step 02183: 19226.4199 E_h, exp. variance=1.1727 E_h^2, pmove=0.50
2026-06-09 02:12:29,175 - Step 02184: 19226.0332 E_h, exp. variance=1.2491 E_h^2, pmove=0.50
2026-06-09 02:12:29,526 - Step 02185: 19227.2031 E_h, exp. variance=1.1262 E_h^2, pmove=0.50
2026-06-09 02:12:29,875 - Step 02186: 19227.1133 E_h, exp. variance=1.0181 E_h^2, pmove=0.49
2026-06-09 02:12:30,225 - Step 02187: 19225.8633 E_h, exp. variance=1.1063 E_h^2, pmove=0.50
2026-06-09 02:12:30,572 - Step 02188: 19227.1836 E_h, exp. variance=0.9957 E_h^2, pmove=0.50
2026-06-09 02:12:30,919 - Step 02189: 19225.9277 E_h, exp. variance=1.0359 E_h^2, pmove=0.50
2026-06-09 02:12:31,272 - Step 02190: 19227.6426 E_h, exp. variance=0.9640 E_h^2, pmove=0.50
2026-06-09 02:12:31,627 - Step 02191: 19227.5117 E_h, exp. variance=0.8823 E_h^2, pmove=0.49
2026-06-09 02:12:31,978 - Step 02192: 19230.2754 E_h, exp. variance=1.6741 E_h^2, pmove=0.50
2026-06-09 02:12:32,330 - Step 02193: 19229.7695 E_h, exp. variance=1.9864 E_h^2, pmove=0.49
2026-06-09 02:12:32,678 - Step 02194: 19230.5742 E_h, exp. variance=2.5357 E_h^2, pmove=0.49
2026-06-09 02:12:33,027 - Step 02195: 19228.4180 E_h, exp. variance=2.2993 E_h^2, pmove=0.51
2026-06-09 02:12:33,378 - Step 02196: 19229.2266 E_h, exp. variance=2.1997 E_h^2, pmove=0.50
2026-06-09 02:12:33,725 - Step 02197: 19227.0898 E_h, exp. variance=2.0798 E_h^2, pmove=0.50
2026-06-09 02:12:34,075 - Step 02198: 19229.3320 E_h, exp. variance=2.0223 E_h^2, pmove=0.50
2026-06-09 02:12:34,422 - Step 02199: 19225.6621 E_h, exp. variance=2.3852 E_h^2, pmove=0.50
2026-06-09 02:12:34,769 - Step 02200: 19228.5840 E_h, exp. variance=2.1866 E_h^2, pmove=0.51
2026-06-09 02:12:35,117 - Step 02201: 19228.8711 E_h, exp. variance=2.0387 E_h^2, pmove=0.50
2026-06-09 02:12:35,465 - Step 02202: 19230.2734 E_h, exp. variance=2.2709 E_h^2, pmove=0.51
2026-06-09 02:12:35,812 - Step 02203: 19228.4961 E_h, exp. variance=2.0475 E_h^2, pmove=0.50
2026-06-09 02:12:36,163 - Step 02204: 19230.2070 E_h, exp. variance=2.1658 E_h^2, pmove=0.51
2026-06-09 02:12:36,512 - Step 02205: 19229.7988 E_h, exp. variance=2.1006 E_h^2, pmove=0.49
2026-06-09 02:12:36,861 - Step 02206: 19229.5859 E_h, exp. variance=1.9726 E_h^2, pmove=0.51
2026-06-09 02:12:37,207 - Step 02207: 19227.8047 E_h, exp. variance=1.8519 E_h^2, pmove=0.50
2026-06-09 02:12:37,556 - Step 02208: 19225.1699 E_h, exp. variance=2.7471 E_h^2, pmove=0.50
2026-06-09 02:12:37,905 - Step 02209: 19226.6797 E_h, exp. variance=2.7055 E_h^2, pmove=0.50
2026-06-09 02:12:38,250 - Step 02210: 19224.6016 E_h, exp. variance=3.5548 E_h^2, pmove=0.50
2026-06-09 02:12:38,597 - Step 02211: 19227.2812 E_h, exp. variance=3.2213 E_h^2, pmove=0.50
2026-06-09 02:12:38,944 - Step 02212: 19226.1641 E_h, exp. variance=3.1189 E_h^2, pmove=0.49
2026-06-09 02:12:39,290 - Step 02213: 19227.3477 E_h, exp. variance=2.8114 E_h^2, pmove=0.50
2026-06-09 02:12:39,640 - Step 02214: 19226.0703 E_h, exp. variance=2.7270 E_h^2, pmove=0.50
2026-06-09 02:12:39,987 - Step 02215: 19225.5977 E_h, exp. variance=2.7468 E_h^2, pmove=0.50
2026-06-09 02:12:40,337 - Step 02216: 19225.2754 E_h, exp. variance=2.8127 E_h^2, pmove=0.50
2026-06-09 02:12:40,686 - Step 02217: 19228.3457 E_h, exp. variance=2.6883 E_h^2, pmove=0.50
2026-06-09 02:12:41,036 - Step 02218: 19227.0977 E_h, exp. variance=2.4198 E_h^2, pmove=0.50
2026-06-09 02:12:41,383 - Step 02219: 19230.3008 E_h, exp. variance=3.0700 E_h^2, pmove=0.50
2026-06-09 02:12:41,730 - Step 02220: 19228.0762 E_h, exp. variance=2.7964 E_h^2, pmove=0.50
2026-06-09 02:12:42,082 - Step 02221: 19227.8984 E_h, exp. variance=2.5292 E_h^2, pmove=0.50
2026-06-09 02:12:42,430 - Step 02222: 19229.5078 E_h, exp. variance=2.6161 E_h^2, pmove=0.50
2026-06-09 02:12:42,779 - Step 02223: 19226.5078 E_h, exp. variance=2.4952 E_h^2, pmove=0.50
2026-06-09 02:12:43,127 - Step 02224: 19228.2773 E_h, exp. variance=2.2830 E_h^2, pmove=0.50
2026-06-09 02:12:43,472 - Step 02225: 19225.1719 E_h, exp. variance=2.6287 E_h^2, pmove=0.50
2026-06-09 02:12:43,824 - Step 02226: 19228.1367 E_h, exp. variance=2.4089 E_h^2, pmove=0.50
2026-06-09 02:12:44,175 - Step 02227: 19225.0586 E_h, exp. variance=2.7104 E_h^2, pmove=0.49
2026-06-09 02:12:44,526 - Step 02228: 19226.8145 E_h, exp. variance=2.4579 E_h^2, pmove=0.50
2026-06-09 02:12:44,875 - Step 02229: 19227.3164 E_h, exp. variance=2.2129 E_h^2, pmove=0.50
2026-06-09 02:12:45,224 - Step 02230: 19229.9238 E_h, exp. variance=2.6435 E_h^2, pmove=0.50
2026-06-09 02:12:45,573 - Step 02231: 19227.4863 E_h, exp. variance=2.3792 E_h^2, pmove=0.50
2026-06-09 02:12:45,921 - Step 02232: 19228.4785 E_h, exp. variance=2.2274 E_h^2, pmove=0.50
2026-06-09 02:12:46,269 - Step 02233: 19226.3223 E_h, exp. variance=2.1511 E_h^2, pmove=0.49
2026-06-09 02:12:46,623 - Step 02234: 19225.4668 E_h, exp. variance=2.2974 E_h^2, pmove=0.50
2026-06-09 02:12:46,980 - Step 02235: 19227.7207 E_h, exp. variance=2.0860 E_h^2, pmove=0.50
2026-06-09 02:12:47,328 - Step 02236: 19226.1934 E_h, exp. variance=1.9905 E_h^2, pmove=0.49
2026-06-09 02:12:47,675 - Step 02237: 19228.8242 E_h, exp. variance=2.0280 E_h^2, pmove=0.50
2026-06-09 02:12:48,023 - Step 02238: 19227.6719 E_h, exp. variance=1.8336 E_h^2, pmove=0.50
2026-06-09 02:12:48,373 - Step 02239: 19224.9922 E_h, exp. variance=2.1705 E_h^2, pmove=0.50
2026-06-09 02:12:48,720 - Step 02240: 19227.7266 E_h, exp. variance=1.9827 E_h^2, pmove=0.50
2026-06-09 02:12:49,069 - Step 02241: 19227.2930 E_h, exp. variance=1.7850 E_h^2, pmove=0.50
2026-06-09 02:12:49,417 - Step 02242: 19228.4297 E_h, exp. variance=1.7381 E_h^2, pmove=0.50
2026-06-09 02:12:49,768 - Step 02243: 19228.5195 E_h, exp. variance=1.6891 E_h^2, pmove=0.50
2026-06-09 02:12:50,123 - Step 02244: 19227.9453 E_h, exp. variance=1.5415 E_h^2, pmove=0.49
2026-06-09 02:12:50,472 - Step 02245: 19227.0098 E_h, exp. variance=1.4097 E_h^2, pmove=0.49
2026-06-09 02:12:50,825 - Step 02246: 19229.8828 E_h, exp. variance=1.7983 E_h^2, pmove=0.50
2026-06-09 02:12:51,173 - Step 02247: 19227.7578 E_h, exp. variance=1.6188 E_h^2, pmove=0.50
2026-06-09 02:12:51,520 - Step 02248: 19228.2891 E_h, exp. variance=1.4876 E_h^2, pmove=0.50
2026-06-09 02:12:51,870 - Step 02249: 19228.2051 E_h, exp. variance=1.3564 E_h^2, pmove=0.50
2026-06-09 02:12:52,218 - Step 02250: 19228.3984 E_h, exp. variance=1.2520 E_h^2, pmove=0.50
2026-06-09 02:12:52,568 - Step 02251: 19230.7598 E_h, exp. variance=1.8799 E_h^2, pmove=0.49
2026-06-09 02:12:52,916 - Step 02252: 19227.2070 E_h, exp. variance=1.7730 E_h^2, pmove=0.50
2026-06-09 02:12:53,268 - Step 02253: 19228.5898 E_h, exp. variance=1.6209 E_h^2, pmove=0.49
2026-06-09 02:12:53,619 - Step 02254: 19227.9824 E_h, exp. variance=1.4603 E_h^2, pmove=0.50
2026-06-09 02:12:53,967 - Step 02255: 19230.5195 E_h, exp. variance=1.8414 E_h^2, pmove=0.50
2026-06-09 02:12:54,316 - Step 02256: 19228.2070 E_h, exp. variance=1.6588 E_h^2, pmove=0.50
2026-06-09 02:12:54,664 - Step 02257: 19227.6367 E_h, exp. variance=1.5360 E_h^2, pmove=0.50
2026-06-09 02:12:55,012 - Step 02258: 19226.5820 E_h, exp. variance=1.6357 E_h^2, pmove=0.50
2026-06-09 02:12:55,364 - Step 02259: 19226.9219 E_h, exp. variance=1.5953 E_h^2, pmove=0.50
2026-06-09 02:12:55,711 - Step 02260: 19228.2734 E_h, exp. variance=1.4438 E_h^2, pmove=0.51
2026-06-09 02:12:56,056 - Step 02261: 19227.3730 E_h, exp. variance=1.3353 E_h^2, pmove=0.49
2026-06-09 02:12:56,403 - Step 02262: 19227.9199 E_h, exp. variance=1.2018 E_h^2, pmove=0.50
2026-06-09 02:12:56,752 - Step 02263: 19228.0508 E_h, exp. variance=1.0827 E_h^2, pmove=0.50
2026-06-09 02:12:57,101 - Step 02264: 19228.1699 E_h, exp. variance=0.9788 E_h^2, pmove=0.50
2026-06-09 02:12:57,448 - Step 02265: 19227.0586 E_h, exp. variance=0.9561 E_h^2, pmove=0.50
2026-06-09 02:12:57,794 - Step 02266: 19229.5547 E_h, exp. variance=1.1126 E_h^2, pmove=0.50
2026-06-09 02:12:58,143 - Step 02267: 19228.1328 E_h, exp. variance=1.0020 E_h^2, pmove=0.50
2026-06-09 02:12:58,493 - Step 02268: 19230.2969 E_h, exp. variance=1.3535 E_h^2, pmove=0.50
2026-06-09 02:12:58,842 - Step 02269: 19227.6875 E_h, exp. variance=1.2499 E_h^2, pmove=0.50
2026-06-09 02:12:59,192 - Step 02270: 19228.3418 E_h, exp. variance=1.1261 E_h^2, pmove=0.49
2026-06-09 02:12:59,560 - Step 02271: 19227.7285 E_h, exp. variance=1.0366 E_h^2, pmove=0.49
2026-06-09 02:12:59,910 - Step 02272: 19228.3867 E_h, exp. variance=0.9366 E_h^2, pmove=0.50
2026-06-09 02:13:00,262 - Step 02273: 19228.5312 E_h, exp. variance=0.8526 E_h^2, pmove=0.50
2026-06-09 02:13:00,612 - Step 02274: 19228.6523 E_h, exp. variance=0.7830 E_h^2, pmove=0.50
2026-06-09 02:13:00,960 - Step 02275: 19227.6543 E_h, exp. variance=0.7396 E_h^2, pmove=0.50
2026-06-09 02:13:01,318 - Step 02276: 19229.2773 E_h, exp. variance=0.7672 E_h^2, pmove=0.51
2026-06-09 02:13:01,670 - Step 02277: 19228.3477 E_h, exp. variance=0.6906 E_h^2, pmove=0.50
2026-06-09 02:13:02,018 - Step 02278: 19228.6953 E_h, exp. variance=0.6341 E_h^2, pmove=0.50
2026-06-09 02:13:02,372 - Step 02279: 19228.6680 E_h, exp. variance=0.5792 E_h^2, pmove=0.50
2026-06-09 02:13:03,382 - Step 02280: 19226.1680 E_h, exp. variance=0.9659 E_h^2, pmove=0.50
2026-06-09 02:13:03,731 - Step 02281: 19226.7520 E_h, exp. variance=1.0498 E_h^2, pmove=0.50
2026-06-09 02:13:04,083 - Step 02282: 19226.5352 E_h, exp. variance=1.1452 E_h^2, pmove=0.50
2026-06-09 02:13:04,431 - Step 02283: 19228.4727 E_h, exp. variance=1.0624 E_h^2, pmove=0.50
2026-06-09 02:13:04,778 - Step 02284: 19226.7891 E_h, exp. variance=1.0749 E_h^2, pmove=0.50
2026-06-09 02:13:05,126 - Step 02285: 19227.5859 E_h, exp. variance=0.9724 E_h^2, pmove=0.50
2026-06-09 02:13:05,474 - Step 02286: 19225.9102 E_h, exp. variance=1.1962 E_h^2, pmove=0.50
2026-06-09 02:13:05,825 - Step 02287: 19228.2988 E_h, exp. variance=1.1194 E_h^2, pmove=0.50
2026-06-09 02:13:06,177 - Step 02288: 19226.2969 E_h, exp. variance=1.1790 E_h^2, pmove=0.50
2026-06-09 02:13:06,527 - Step 02289: 19228.4648 E_h, exp. variance=1.1383 E_h^2, pmove=0.49
2026-06-09 02:13:06,875 - Step 02290: 19225.5859 E_h, exp. variance=1.4008 E_h^2, pmove=0.50
2026-06-09 02:13:07,223 - Step 02291: 19227.5508 E_h, exp. variance=1.2621 E_h^2, pmove=0.50
2026-06-09 02:13:07,572 - Step 02292: 19227.9980 E_h, exp. variance=1.1642 E_h^2, pmove=0.50
2026-06-09 02:13:07,921 - Step 02293: 19227.2539 E_h, exp. variance=1.0530 E_h^2, pmove=0.49
2026-06-09 02:13:08,270 - Step 02294: 19227.7480 E_h, exp. variance=0.9546 E_h^2, pmove=0.50
2026-06-09 02:13:08,617 - Step 02295: 19226.2871 E_h, exp. variance=0.9911 E_h^2, pmove=0.50
2026-06-09 02:13:08,967 - Step 02296: 19227.2480 E_h, exp. variance=0.8935 E_h^2, pmove=0.50
2026-06-09 02:13:09,314 - Step 02297: 19226.6172 E_h, exp. variance=0.8542 E_h^2, pmove=0.50
2026-06-09 02:13:09,663 - Step 02298: 19226.8945 E_h, exp. variance=0.7828 E_h^2, pmove=0.50
2026-06-09 02:13:10,011 - Step 02299: 19229.1094 E_h, exp. variance=1.0157 E_h^2, pmove=0.50
2026-06-09 02:13:10,361 - Step 02300: 19227.9922 E_h, exp. variance=0.9420 E_h^2, pmove=0.50
2026-06-09 02:13:10,711 - Step 02301: 19227.4141 E_h, exp. variance=0.8484 E_h^2, pmove=0.50
2026-06-09 02:13:11,060 - Step 02302: 19225.3262 E_h, exp. variance=1.1827 E_h^2, pmove=0.50
2026-06-09 02:13:11,408 - Step 02303: 19226.2461 E_h, exp. variance=1.1587 E_h^2, pmove=0.50
2026-06-09 02:13:11,758 - Step 02304: 19226.2129 E_h, exp. variance=1.1249 E_h^2, pmove=0.50
2026-06-09 02:13:12,111 - Step 02305: 19229.0332 E_h, exp. variance=1.3585 E_h^2, pmove=0.50
2026-06-09 02:13:12,459 - Step 02306: 19227.9219 E_h, exp. variance=1.2612 E_h^2, pmove=0.50
2026-06-09 02:13:12,809 - Step 02307: 19229.4023 E_h, exp. variance=1.5208 E_h^2, pmove=0.50
2026-06-09 02:13:13,155 - Step 02308: 19227.0332 E_h, exp. variance=1.3918 E_h^2, pmove=0.50
2026-06-09 02:13:13,503 - Step 02309: 19227.8809 E_h, exp. variance=1.2665 E_h^2, pmove=0.50
2026-06-09 02:13:13,851 - Step 02310: 19227.9727 E_h, exp. variance=1.1577 E_h^2, pmove=0.50
2026-06-09 02:13:14,200 - Step 02311: 19228.1875 E_h, exp. variance=1.0760 E_h^2, pmove=0.50
2026-06-09 02:13:14,547 - Step 02312: 19226.1445 E_h, exp. variance=1.1677 E_h^2, pmove=0.50
2026-06-09 02:13:14,895 - Step 02313: 19229.0195 E_h, exp. variance=1.2631 E_h^2, pmove=0.51
2026-06-09 02:13:15,242 - Step 02314: 19227.6172 E_h, exp. variance=1.1368 E_h^2, pmove=0.49
2026-06-09 02:13:15,591 - Step 02315: 19227.6719 E_h, exp. variance=1.0232 E_h^2, pmove=0.50
2026-06-09 02:13:15,939 - Step 02316: 19229.5059 E_h, exp. variance=1.2340 E_h^2, pmove=0.50
2026-06-09 02:13:16,290 - Step 02317: 19227.8828 E_h, exp. variance=1.1109 E_h^2, pmove=0.50
2026-06-09 02:13:16,642 - Step 02318: 19228.9180 E_h, exp. variance=1.1056 E_h^2, pmove=0.50
2026-06-09 02:13:16,991 - Step 02319: 19228.6074 E_h, exp. variance=1.0349 E_h^2, pmove=0.50
2026-06-09 02:13:17,339 - Step 02320: 19226.0723 E_h, exp. variance=1.2686 E_h^2, pmove=0.50
2026-06-09 02:13:17,690 - Step 02321: 19225.3301 E_h, exp. variance=1.6972 E_h^2, pmove=0.50
2026-06-09 02:13:18,042 - Step 02322: 19225.0000 E_h, exp. variance=2.1203 E_h^2, pmove=0.50
2026-06-09 02:13:18,391 - Step 02323: 19225.9590 E_h, exp. variance=2.0727 E_h^2, pmove=0.50
2026-06-09 02:13:18,742 - Step 02324: 19225.1641 E_h, exp. variance=2.2296 E_h^2, pmove=0.51
2026-06-09 02:13:19,090 - Step 02325: 19226.4453 E_h, exp. variance=2.0319 E_h^2, pmove=0.50
2026-06-09 02:13:19,440 - Step 02326: 19225.8086 E_h, exp. variance=1.9402 E_h^2, pmove=0.50
2026-06-09 02:13:19,790 - Step 02327: 19225.5820 E_h, exp. variance=1.8820 E_h^2, pmove=0.50
2026-06-09 02:13:20,139 - Step 02328: 19222.7812 E_h, exp. variance=3.0671 E_h^2, pmove=0.50
2026-06-09 02:13:20,485 - Step 02329: 19226.8770 E_h, exp. variance=2.7907 E_h^2, pmove=0.50
2026-06-09 02:13:20,834 - Step 02330: 19225.7148 E_h, exp. variance=2.5486 E_h^2, pmove=0.50
2026-06-09 02:13:21,182 - Step 02331: 19225.8691 E_h, exp. variance=2.3097 E_h^2, pmove=0.50
2026-06-09 02:13:21,531 - Step 02332: 19224.8516 E_h, exp. variance=2.2543 E_h^2, pmove=0.50
2026-06-09 02:13:21,877 - Step 02333: 19222.6914 E_h, exp. variance=3.0803 E_h^2, pmove=0.50
2026-06-09 02:13:22,223 - Step 02334: 19224.3438 E_h, exp. variance=2.9547 E_h^2, pmove=0.50
2026-06-09 02:13:22,570 - Step 02335: 19223.4590 E_h, exp. variance=3.0815 E_h^2, pmove=0.50
2026-06-09 02:13:22,918 - Step 02336: 19225.0664 E_h, exp. variance=2.7838 E_h^2, pmove=0.50
2026-06-09 02:13:23,268 - Step 02337: 19224.5469 E_h, exp. variance=2.5672 E_h^2, pmove=0.50
2026-06-09 02:13:23,618 - Step 02338: 19225.2930 E_h, exp. variance=2.3105 E_h^2, pmove=0.50
2026-06-09 02:13:23,966 - Step 02339: 19226.3281 E_h, exp. variance=2.1759 E_h^2, pmove=0.50
2026-06-09 02:13:24,313 - Step 02340: 19225.1152 E_h, exp. variance=1.9654 E_h^2, pmove=0.50
2026-06-09 02:13:24,664 - Step 02341: 19228.8750 E_h, exp. variance=2.8750 E_h^2, pmove=0.50
2026-06-09 02:13:25,011 - Step 02342: 19227.2324 E_h, exp. variance=2.7937 E_h^2, pmove=0.49
2026-06-09 02:13:25,360 - Step 02343: 19228.8320 E_h, exp. variance=3.3034 E_h^2, pmove=0.51
2026-06-09 02:13:25,708 - Step 02344: 19226.5801 E_h, exp. variance=2.9884 E_h^2, pmove=0.49
2026-06-09 02:13:26,066 - Step 02345: 19230.0469 E_h, exp. variance=4.0152 E_h^2, pmove=0.50
2026-06-09 02:13:26,415 - Step 02346: 19224.4902 E_h, exp. variance=4.0119 E_h^2, pmove=0.50
2026-06-09 02:13:26,763 - Step 02347: 19226.3828 E_h, exp. variance=3.6107 E_h^2, pmove=0.51
2026-06-09 02:13:27,114 - Step 02348: 19224.1914 E_h, exp. variance=3.6818 E_h^2, pmove=0.50
2026-06-09 02:13:27,463 - Step 02349: 19226.9492 E_h, exp. variance=3.3691 E_h^2, pmove=0.50
2026-06-09 02:13:27,812 - Step 02350: 19226.2109 E_h, exp. variance=3.0323 E_h^2, pmove=0.50
2026-06-09 02:13:28,160 - Step 02351: 19225.0195 E_h, exp. variance=2.8628 E_h^2, pmove=0.50
2026-06-09 02:13:28,508 - Step 02352: 19228.0664 E_h, exp. variance=2.9184 E_h^2, pmove=0.50
2026-06-09 02:13:28,864 - Step 02353: 19228.2930 E_h, exp. variance=2.9796 E_h^2, pmove=0.50
2026-06-09 02:13:29,215 - Step 02354: 19226.1914 E_h, exp. variance=2.6908 E_h^2, pmove=0.50
2026-06-09 02:13:29,564 - Step 02355: 19228.3105 E_h, exp. variance=2.7237 E_h^2, pmove=0.50
2026-06-09 02:13:29,920 - Step 02356: 19227.9434 E_h, exp. variance=2.5991 E_h^2, pmove=0.50
2026-06-09 02:13:30,275 - Step 02357: 19227.6562 E_h, exp. variance=2.4066 E_h^2, pmove=0.49
2026-06-09 02:13:30,625 - Step 02358: 19225.1992 E_h, exp. variance=2.4193 E_h^2, pmove=0.50
2026-06-09 02:13:30,975 - Step 02359: 19227.0371 E_h, exp. variance=2.1870 E_h^2, pmove=0.50
2026-06-09 02:13:31,323 - Step 02360: 19226.0449 E_h, exp. variance=2.0121 E_h^2, pmove=0.50
2026-06-09 02:13:31,672 - Step 02361: 19228.4844 E_h, exp. variance=2.1065 E_h^2, pmove=0.50
2026-06-09 02:13:32,020 - Step 02362: 19229.0020 E_h, exp. variance=2.3113 E_h^2, pmove=0.50
2026-06-09 02:13:32,370 - Step 02363: 19229.3164 E_h, exp. variance=2.5350 E_h^2, pmove=0.50
2026-06-09 02:13:32,721 - Step 02364: 19228.8359 E_h, exp. variance=2.4958 E_h^2, pmove=0.50
2026-06-09 02:13:33,071 - Step 02365: 19228.5391 E_h, exp. variance=2.3535 E_h^2, pmove=0.50
2026-06-09 02:13:33,421 - Step 02366: 19230.1484 E_h, exp. variance=2.7227 E_h^2, pmove=0.50
2026-06-09 02:13:33,775 - Step 02367: 19228.6289 E_h, exp. variance=2.5098 E_h^2, pmove=0.50
2026-06-09 02:13:34,127 - Step 02368: 19225.8047 E_h, exp. variance=2.6534 E_h^2, pmove=0.51
2026-06-09 02:13:34,484 - Step 02369: 19227.2578 E_h, exp. variance=2.4048 E_h^2, pmove=0.51
2026-06-09 02:13:34,840 - Step 02370: 19227.7148 E_h, exp. variance=2.1648 E_h^2, pmove=0.50
2026-06-09 02:13:35,197 - Step 02371: 19229.9414 E_h, exp. variance=2.4199 E_h^2, pmove=0.51
2026-06-09 02:13:35,550 - Step 02372: 19227.6641 E_h, exp. variance=2.1821 E_h^2, pmove=0.49
2026-06-09 02:13:35,898 - Step 02373: 19230.0469 E_h, exp. variance=2.3946 E_h^2, pmove=0.50
2026-06-09 02:13:36,247 - Step 02374: 19229.8555 E_h, exp. variance=2.4394 E_h^2, pmove=0.50
2026-06-09 02:13:36,596 - Step 02375: 19229.5566 E_h, exp. variance=2.3478 E_h^2, pmove=0.50
2026-06-09 02:13:36,945 - Step 02376: 19228.5391 E_h, exp. variance=2.1151 E_h^2, pmove=0.50
2026-06-09 02:13:37,295 - Step 02377: 19230.0566 E_h, exp. variance=2.1499 E_h^2, pmove=0.50
2026-06-09 02:13:37,646 - Step 02378: 19228.1738 E_h, exp. variance=1.9489 E_h^2, pmove=0.50
2026-06-09 02:13:37,994 - Step 02379: 19227.4531 E_h, exp. variance=1.8582 E_h^2, pmove=0.49
2026-06-09 02:13:38,343 - Step 02380: 19227.3516 E_h, exp. variance=1.7755 E_h^2, pmove=0.50
2026-06-09 02:13:38,692 - Step 02381: 19226.4883 E_h, exp. variance=1.8981 E_h^2, pmove=0.50
2026-06-09 02:13:39,040 - Step 02382: 19229.0391 E_h, exp. variance=1.7822 E_h^2, pmove=0.50
2026-06-09 02:13:39,393 - Step 02383: 19228.7578 E_h, exp. variance=1.6298 E_h^2, pmove=0.50
2026-06-09 02:13:39,744 - Step 02384: 19228.1055 E_h, exp. variance=1.4694 E_h^2, pmove=0.49
2026-06-09 02:13:40,095 - Step 02385: 19226.3340 E_h, exp. variance=1.6555 E_h^2, pmove=0.50
2026-06-09 02:13:40,443 - Step 02386: 19229.4492 E_h, exp. variance=1.6621 E_h^2, pmove=0.50
2026-06-09 02:13:40,794 - Step 02387: 19229.1387 E_h, exp. variance=1.5743 E_h^2, pmove=0.50
2026-06-09 02:13:41,141 - Step 02388: 19232.8086 E_h, exp. variance=3.2473 E_h^2, pmove=0.50
2026-06-09 02:13:41,490 - Step 02389: 19228.6875 E_h, exp. variance=2.9229 E_h^2, pmove=0.50
2026-06-09 02:13:41,839 - Step 02390: 19230.5801 E_h, exp. variance=2.9340 E_h^2, pmove=0.50
2026-06-09 02:13:42,187 - Step 02391: 19231.3008 E_h, exp. variance=3.1474 E_h^2, pmove=0.49
2026-06-09 02:13:42,536 - Step 02392: 19229.0566 E_h, exp. variance=2.8337 E_h^2, pmove=0.50
2026-06-09 02:13:42,884 - Step 02393: 19228.1680 E_h, exp. variance=2.6376 E_h^2, pmove=0.50
2026-06-09 02:13:43,232 - Step 02394: 19229.1953 E_h, exp. variance=2.3756 E_h^2, pmove=0.50
2026-06-09 02:13:43,580 - Step 02395: 19226.7168 E_h, exp. variance=2.6357 E_h^2, pmove=0.50
2026-06-09 02:13:43,929 - Step 02396: 19226.6953 E_h, exp. variance=2.7838 E_h^2, pmove=0.50
2026-06-09 02:13:44,286 - Step 02397: 19226.9531 E_h, exp. variance=2.7558 E_h^2, pmove=0.50
2026-06-09 02:13:44,640 - Step 02398: 19227.2305 E_h, exp. variance=2.6152 E_h^2, pmove=0.50
2026-06-09 02:13:44,995 - Step 02399: 19227.7969 E_h, exp. variance=2.3794 E_h^2, pmove=0.49
2026-06-09 02:13:45,344 - Step 02400: 19226.5273 E_h, exp. variance=2.4177 E_h^2, pmove=0.51
2026-06-09 02:13:45,695 - Step 02401: 19227.5508 E_h, exp. variance=2.2035 E_h^2, pmove=0.50
2026-06-09 02:13:46,048 - Step 02402: 19225.7539 E_h, exp. variance=2.4571 E_h^2, pmove=0.50
2026-06-09 02:13:46,397 - Step 02403: 19226.1641 E_h, exp. variance=2.4583 E_h^2, pmove=0.50
2026-06-09 02:13:46,765 - Step 02404: 19225.8320 E_h, exp. variance=2.5113 E_h^2, pmove=0.50
2026-06-09 02:13:47,113 - Step 02405: 19224.4570 E_h, exp. variance=3.0786 E_h^2, pmove=0.50
2026-06-09 02:13:47,459 - Step 02406: 19226.6777 E_h, exp. variance=2.7928 E_h^2, pmove=0.50
2026-06-09 02:13:47,805 - Step 02407: 19225.8789 E_h, exp. variance=2.6528 E_h^2, pmove=0.50
2026-06-09 02:13:48,152 - Step 02408: 19226.3359 E_h, exp. variance=2.4270 E_h^2, pmove=0.51
2026-06-09 02:13:48,496 - Step 02409: 19223.8047 E_h, exp. variance=3.0643 E_h^2, pmove=0.49
2026-06-09 02:13:48,843 - Step 02410: 19223.9688 E_h, exp. variance=3.3901 E_h^2, pmove=0.50
2026-06-09 02:13:49,190 - Step 02411: 19225.0039 E_h, exp. variance=3.2150 E_h^2, pmove=0.50
2026-06-09 02:13:49,539 - Step 02412: 19226.7617 E_h, exp. variance=2.9200 E_h^2, pmove=0.50
2026-06-09 02:13:49,890 - Step 02413: 19226.9238 E_h, exp. variance=2.6661 E_h^2, pmove=0.50
2026-06-09 02:13:50,242 - Step 02414: 19227.0801 E_h, exp. variance=2.4491 E_h^2, pmove=0.51
2026-06-09 02:13:50,592 - Step 02415: 19225.1484 E_h, exp. variance=2.3479 E_h^2, pmove=0.49
2026-06-09 02:13:50,942 - Step 02416: 19227.7715 E_h, exp. variance=2.3119 E_h^2, pmove=0.50
2026-06-09 02:13:51,289 - Step 02417: 19225.5195 E_h, exp. variance=2.1559 E_h^2, pmove=0.49
2026-06-09 02:13:51,636 - Step 02418: 19226.5703 E_h, exp. variance=1.9450 E_h^2, pmove=0.50
2026-06-09 02:13:51,983 - Step 02419: 19225.2949 E_h, exp. variance=1.8536 E_h^2, pmove=0.51
2026-06-09 02:13:52,334 - Step 02420: 19227.0820 E_h, exp. variance=1.7294 E_h^2, pmove=0.50
2026-06-09 02:13:52,684 - Step 02421: 19227.1953 E_h, exp. variance=1.6223 E_h^2, pmove=0.50
2026-06-09 02:13:53,030 - Step 02422: 19226.0898 E_h, exp. variance=1.4702 E_h^2, pmove=0.51
2026-06-09 02:13:53,376 - Step 02423: 19225.5000 E_h, exp. variance=1.3949 E_h^2, pmove=0.50
2026-06-09 02:13:53,722 - Step 02424: 19226.5039 E_h, exp. variance=1.2591 E_h^2, pmove=0.50
2026-06-09 02:13:54,069 - Step 02425: 19226.3203 E_h, exp. variance=1.1332 E_h^2, pmove=0.50
2026-06-09 02:13:54,415 - Step 02426: 19227.0859 E_h, exp. variance=1.0723 E_h^2, pmove=0.50
2026-06-09 02:13:54,763 - Step 02427: 19227.5234 E_h, exp. variance=1.0790 E_h^2, pmove=0.50
2026-06-09 02:13:55,110 - Step 02428: 19229.3867 E_h, exp. variance=1.7150 E_h^2, pmove=0.50
2026-06-09 02:13:55,458 - Step 02429: 19230.6738 E_h, exp. variance=2.8949 E_h^2, pmove=0.50
2026-06-09 02:13:55,806 - Step 02430: 19232.4824 E_h, exp. variance=5.1305 E_h^2, pmove=0.50
2026-06-09 02:13:56,157 - Step 02431: 19229.0254 E_h, exp. variance=4.7721 E_h^2, pmove=0.50
2026-06-09 02:13:56,506 - Step 02432: 19228.0312 E_h, exp. variance=4.2980 E_h^2, pmove=0.50
2026-06-09 02:13:56,853 - Step 02433: 19228.5430 E_h, exp. variance=3.9097 E_h^2, pmove=0.50
2026-06-09 02:13:57,202 - Step 02434: 19226.9766 E_h, exp. variance=3.6009 E_h^2, pmove=0.50
2026-06-09 02:13:57,548 - Step 02435: 19227.5938 E_h, exp. variance=3.2461 E_h^2, pmove=0.49
2026-06-09 02:13:57,896 - Step 02436: 19226.8477 E_h, exp. variance=3.0052 E_h^2, pmove=0.50
2026-06-09 02:13:58,241 - Step 02437: 19226.5176 E_h, exp. variance=2.8341 E_h^2, pmove=0.50
2026-06-09 02:13:58,587 - Step 02438: 19225.2363 E_h, exp. variance=3.0526 E_h^2, pmove=0.49
2026-06-09 02:13:58,936 - Step 02439: 19227.8398 E_h, exp. variance=2.7679 E_h^2, pmove=0.50
2026-06-09 02:13:59,285 - Step 02440: 19226.3242 E_h, exp. variance=2.5973 E_h^2, pmove=0.50
2026-06-09 02:13:59,634 - Step 02441: 19229.1367 E_h, exp. variance=2.6409 E_h^2, pmove=0.50
2026-06-09 02:13:59,982 - Step 02442: 19228.9727 E_h, exp. variance=2.5761 E_h^2, pmove=0.50
2026-06-09 02:14:00,334 - Step 02443: 19226.8281 E_h, exp. variance=2.3768 E_h^2, pmove=0.50
2026-06-09 02:14:00,683 - Step 02444: 19226.4102 E_h, exp. variance=2.2566 E_h^2, pmove=0.50
2026-06-09 02:14:01,039 - Step 02445: 19228.1367 E_h, exp. variance=2.0750 E_h^2, pmove=0.50
2026-06-09 02:14:01,389 - Step 02446: 19227.6328 E_h, exp. variance=1.8689 E_h^2, pmove=0.49
2026-06-09 02:14:01,738 - Step 02447: 19228.2227 E_h, exp. variance=1.7265 E_h^2, pmove=0.50
2026-06-09 02:14:02,088 - Step 02448: 19227.9570 E_h, exp. variance=1.5660 E_h^2, pmove=0.50
2026-06-09 02:14:02,436 - Step 02449: 19227.4648 E_h, exp. variance=1.4117 E_h^2, pmove=0.50
2026-06-09 02:14:02,787 - Step 02450: 19226.6523 E_h, exp. variance=1.3533 E_h^2, pmove=0.49
2026-06-09 02:14:03,138 - Step 02451: 19228.4512 E_h, exp. variance=1.2968 E_h^2, pmove=0.51
2026-06-09 02:14:03,499 - Step 02452: 19226.4180 E_h, exp. variance=1.2948 E_h^2, pmove=0.49
2026-06-09 02:14:03,849 - Step 02453: 19227.2930 E_h, exp. variance=1.1689 E_h^2, pmove=0.50
2026-06-09 02:14:04,199 - Step 02454: 19228.2773 E_h, exp. variance=1.1105 E_h^2, pmove=0.50
2026-06-09 02:14:04,544 - Step 02455: 19227.6211 E_h, exp. variance=0.9999 E_h^2, pmove=0.50
2026-06-09 02:14:04,894 - Step 02456: 19228.9902 E_h, exp. variance=1.0844 E_h^2, pmove=0.49
2026-06-09 02:14:05,242 - Step 02457: 19227.2070 E_h, exp. variance=0.9979 E_h^2, pmove=0.50
2026-06-09 02:14:05,593 - Step 02458: 19227.1895 E_h, exp. variance=0.9174 E_h^2, pmove=0.49
2026-06-09 02:14:05,945 - Step 02459: 19227.8164 E_h, exp. variance=0.8297 E_h^2, pmove=0.49
2026-06-09 02:14:06,295 - Step 02460: 19229.2383 E_h, exp. variance=0.9804 E_h^2, pmove=0.50
2026-06-09 02:14:06,645 - Step 02461: 19229.2480 E_h, exp. variance=1.0739 E_h^2, pmove=0.50
2026-06-09 02:14:06,999 - Step 02462: 19231.6250 E_h, exp. variance=2.1916 E_h^2, pmove=0.50
2026-06-09 02:14:07,349 - Step 02463: 19229.8066 E_h, exp. variance=2.1755 E_h^2, pmove=0.50
2026-06-09 02:14:07,697 - Step 02464: 19230.7656 E_h, exp. variance=2.4384 E_h^2, pmove=0.50
2026-06-09 02:14:08,046 - Step 02465: 19225.9414 E_h, exp. variance=2.8723 E_h^2, pmove=0.50
2026-06-09 02:14:08,395 - Step 02466: 19227.7910 E_h, exp. variance=2.6196 E_h^2, pmove=0.50
2026-06-09 02:14:08,746 - Step 02467: 19228.0625 E_h, exp. variance=2.3649 E_h^2, pmove=0.50
2026-06-09 02:14:09,092 - Step 02468: 19233.9297 E_h, exp. variance=4.9623 E_h^2, pmove=0.51
2026-06-09 02:14:09,441 - Step 02469: 19231.3379 E_h, exp. variance=5.0102 E_h^2, pmove=0.50
2026-06-09 02:14:09,792 - Step 02470: 19232.1641 E_h, exp. variance=5.3404 E_h^2, pmove=0.50
2026-06-09 02:14:10,140 - Step 02471: 19228.0312 E_h, exp. variance=4.9824 E_h^2, pmove=0.49
2026-06-09 02:14:10,495 - Step 02472: 19228.6660 E_h, exp. variance=4.5191 E_h^2, pmove=0.50
2026-06-09 02:14:10,854 - Step 02473: 19226.3594 E_h, exp. variance=4.8071 E_h^2, pmove=0.50
2026-06-09 02:14:11,206 - Step 02474: 19225.4805 E_h, exp. variance=5.4032 E_h^2, pmove=0.50
2026-06-09 02:14:11,557 - Step 02475: 19225.5508 E_h, exp. variance=5.6962 E_h^2, pmove=0.50
2026-06-09 02:14:11,909 - Step 02476: 19227.9863 E_h, exp. variance=5.1348 E_h^2, pmove=0.51
2026-06-09 02:14:12,260 - Step 02477: 19228.1719 E_h, exp. variance=4.6220 E_h^2, pmove=0.50
2026-06-09 02:14:12,608 - Step 02478: 19226.1992 E_h, exp. variance=4.5383 E_h^2, pmove=0.50
2026-06-09 02:14:12,961 - Step 02479: 19226.9688 E_h, exp. variance=4.1887 E_h^2, pmove=0.50
2026-06-09 02:14:13,312 - Step 02480: 19225.6875 E_h, exp. variance=4.2255 E_h^2, pmove=0.50
2026-06-09 02:14:13,661 - Step 02481: 19227.7773 E_h, exp. variance=3.8033 E_h^2, pmove=0.50
2026-06-09 02:14:14,010 - Step 02482: 19226.3516 E_h, exp. variance=3.5912 E_h^2, pmove=0.50
2026-06-09 02:14:14,360 - Step 02483: 19226.9844 E_h, exp. variance=3.2642 E_h^2, pmove=0.50
2026-06-09 02:14:14,711 - Step 02484: 19225.8438 E_h, exp. variance=3.1911 E_h^2, pmove=0.50
2026-06-09 02:14:15,060 - Step 02485: 19227.2910 E_h, exp. variance=2.8724 E_h^2, pmove=0.51
2026-06-09 02:14:15,416 - Step 02486: 19224.9746 E_h, exp. variance=3.0920 E_h^2, pmove=0.50
2026-06-09 02:14:15,768 - Step 02487: 19227.3555 E_h, exp. variance=2.7882 E_h^2, pmove=0.50
2026-06-09 02:14:16,124 - Step 02488: 19226.8711 E_h, exp. variance=2.5157 E_h^2, pmove=0.50
2026-06-09 02:14:16,472 - Step 02489: 19226.2617 E_h, exp. variance=2.3288 E_h^2, pmove=0.50
2026-06-09 02:14:16,820 - Step 02490: 19226.3398 E_h, exp. variance=2.1382 E_h^2, pmove=0.50
2026-06-09 02:14:17,166 - Step 02491: 19227.5898 E_h, exp. variance=1.9604 E_h^2, pmove=0.50
2026-06-09 02:14:17,513 - Step 02492: 19225.2266 E_h, exp. variance=2.0537 E_h^2, pmove=0.50
2026-06-09 02:14:17,861 - Step 02493: 19227.3809 E_h, exp. variance=1.8747 E_h^2, pmove=0.50
2026-06-09 02:14:18,209 - Step 02494: 19226.1094 E_h, exp. variance=1.7427 E_h^2, pmove=0.50
2026-06-09 02:14:18,557 - Step 02495: 19227.5742 E_h, exp. variance=1.6201 E_h^2, pmove=0.50
2026-06-09 02:14:18,909 - Step 02496: 19226.9941 E_h, exp. variance=1.4590 E_h^2, pmove=0.50
2026-06-09 02:14:19,264 - Step 02497: 19228.0566 E_h, exp. variance=1.4330 E_h^2, pmove=0.50
2026-06-09 02:14:19,612 - Step 02498: 19226.9473 E_h, exp. variance=1.2902 E_h^2, pmove=0.50
2026-06-09 02:14:19,963 - Step 02499: 19227.5625 E_h, exp. variance=1.1886 E_h^2, pmove=0.50
2026-06-09 02:14:20,314 - Step 02500: 19228.0977 E_h, exp. variance=1.1659 E_h^2, pmove=0.50
2026-06-09 02:14:20,664 - Step 02501: 19225.6523 E_h, exp. variance=1.2560 E_h^2, pmove=0.50
2026-06-09 02:14:21,011 - Step 02502: 19229.3008 E_h, exp. variance=1.6004 E_h^2, pmove=0.50
2026-06-09 02:14:21,358 - Step 02503: 19226.4395 E_h, exp. variance=1.4986 E_h^2, pmove=0.50
2026-06-09 02:14:21,705 - Step 02504: 19229.2812 E_h, exp. variance=1.7522 E_h^2, pmove=0.50
2026-06-09 02:14:22,055 - Step 02505: 19224.7793 E_h, exp. variance=2.1834 E_h^2, pmove=0.49
2026-06-09 02:14:22,407 - Step 02506: 19227.3516 E_h, exp. variance=1.9700 E_h^2, pmove=0.50
2026-06-09 02:14:22,757 - Step 02507: 19225.8418 E_h, exp. variance=1.9244 E_h^2, pmove=0.50
2026-06-09 02:14:23,108 - Step 02508: 19226.5508 E_h, exp. variance=1.7509 E_h^2, pmove=0.50
2026-06-09 02:14:23,462 - Step 02509: 19224.4590 E_h, exp. variance=2.1410 E_h^2, pmove=0.51
2026-06-09 02:14:23,811 - Step 02510: 19226.3535 E_h, exp. variance=1.9386 E_h^2, pmove=0.50
2026-06-09 02:14:24,159 - Step 02511: 19226.1191 E_h, exp. variance=1.7730 E_h^2, pmove=0.50
2026-06-09 02:14:24,512 - Step 02512: 19227.8770 E_h, exp. variance=1.7372 E_h^2, pmove=0.50
2026-06-09 02:14:24,865 - Step 02513: 19229.9805 E_h, exp. variance=2.5039 E_h^2, pmove=0.50
2026-06-09 02:14:25,212 - Step 02514: 19228.3359 E_h, exp. variance=2.3977 E_h^2, pmove=0.50
2026-06-09 02:14:25,560 - Step 02515: 19227.5586 E_h, exp. variance=2.1696 E_h^2, pmove=0.50
2026-06-09 02:14:25,909 - Step 02516: 19226.4746 E_h, exp. variance=2.0046 E_h^2, pmove=0.49
2026-06-09 02:14:26,257 - Step 02517: 19226.5020 E_h, exp. variance=1.8429 E_h^2, pmove=0.50
2026-06-09 02:14:26,605 - Step 02518: 19228.3516 E_h, exp. variance=1.8015 E_h^2, pmove=0.50
2026-06-09 02:14:26,954 - Step 02519: 19229.1660 E_h, exp. variance=1.9626 E_h^2, pmove=0.50
2026-06-09 02:14:27,303 - Step 02520: 19226.5859 E_h, exp. variance=1.8281 E_h^2, pmove=0.50
2026-06-09 02:14:27,653 - Step 02521: 19226.2539 E_h, exp. variance=1.7499 E_h^2, pmove=0.50
2026-06-09 02:14:28,005 - Step 02522: 19226.0156 E_h, exp. variance=1.7064 E_h^2, pmove=0.49
2026-06-09 02:14:28,358 - Step 02523: 19226.1934 E_h, exp. variance=1.6103 E_h^2, pmove=0.50
2026-06-09 02:14:28,712 - Step 02524: 19226.0742 E_h, exp. variance=1.5284 E_h^2, pmove=0.49
2026-06-09 02:14:29,060 - Step 02525: 19226.5156 E_h, exp. variance=1.3901 E_h^2, pmove=0.50
2026-06-09 02:14:29,412 - Step 02526: 19226.8066 E_h, exp. variance=1.2516 E_h^2, pmove=0.50
2026-06-09 02:14:29,758 - Step 02527: 19228.3789 E_h, exp. variance=1.3316 E_h^2, pmove=0.50
2026-06-09 02:14:30,105 - Step 02528: 19227.0117 E_h, exp. variance=1.1984 E_h^2, pmove=0.51
2026-06-09 02:14:30,454 - Step 02529: 19226.5664 E_h, exp. variance=1.0970 E_h^2, pmove=0.50
2026-06-09 02:14:30,801 - Step 02530: 19226.4180 E_h, exp. variance=1.0152 E_h^2, pmove=0.50
2026-06-09 02:14:31,147 - Step 02531: 19224.2227 E_h, exp. variance=1.5675 E_h^2, pmove=0.50
2026-06-09 02:14:31,495 - Step 02532: 19223.0586 E_h, exp. variance=2.5706 E_h^2, pmove=0.50
2026-06-09 02:14:31,844 - Step 02533: 19224.9453 E_h, exp. variance=2.4760 E_h^2, pmove=0.50
2026-06-09 02:14:32,196 - Step 02534: 19226.9688 E_h, exp. variance=2.2881 E_h^2, pmove=0.50
2026-06-09 02:14:32,542 - Step 02535: 19225.9336 E_h, exp. variance=2.0676 E_h^2, pmove=0.51
2026-06-09 02:14:32,896 - Step 02536: 19225.5430 E_h, exp. variance=1.9005 E_h^2, pmove=0.50
2026-06-09 02:14:33,247 - Step 02537: 19226.8945 E_h, exp. variance=1.7616 E_h^2, pmove=0.50
2026-06-09 02:14:33,601 - Step 02538: 19223.7852 E_h, exp. variance=2.1176 E_h^2, pmove=0.50
2026-06-09 02:14:33,952 - Step 02539: 19227.3711 E_h, exp. variance=2.0819 E_h^2, pmove=0.50
2026-06-09 02:14:34,303 - Step 02540: 19224.6445 E_h, exp. variance=2.0678 E_h^2, pmove=0.49
2026-06-09 02:14:34,653 - Step 02541: 19226.7266 E_h, exp. variance=1.9130 E_h^2, pmove=0.50
2026-06-09 02:14:35,002 - Step 02542: 19226.7266 E_h, exp. variance=1.7637 E_h^2, pmove=0.50
2026-06-09 02:14:35,352 - Step 02543: 19227.7012 E_h, exp. variance=1.8149 E_h^2, pmove=0.51
2026-06-09 02:14:35,701 - Step 02544: 19226.7715 E_h, exp. variance=1.6560 E_h^2, pmove=0.50
2026-06-09 02:14:36,052 - Step 02545: 19226.3066 E_h, exp. variance=1.4905 E_h^2, pmove=0.50
2026-06-09 02:14:36,402 - Step 02546: 19226.8398 E_h, exp. variance=1.3659 E_h^2, pmove=0.50
2026-06-09 02:14:36,754 - Step 02547: 19226.0820 E_h, exp. variance=1.2368 E_h^2, pmove=0.50
2026-06-09 02:14:37,104 - Step 02548: 19226.9102 E_h, exp. variance=1.1422 E_h^2, pmove=0.50
2026-06-09 02:14:37,452 - Step 02549: 19229.0996 E_h, exp. variance=1.6847 E_h^2, pmove=0.50
2026-06-09 02:14:37,802 - Step 02550: 19228.7266 E_h, exp. variance=1.8976 E_h^2, pmove=0.49
2026-06-09 02:14:38,153 - Step 02551: 19227.5625 E_h, exp. variance=1.7506 E_h^2, pmove=0.50
2026-06-09 02:14:38,501 - Step 02552: 19226.3867 E_h, exp. variance=1.6032 E_h^2, pmove=0.50
2026-06-09 02:14:38,852 - Step 02553: 19226.4258 E_h, exp. variance=1.4620 E_h^2, pmove=0.51
2026-06-09 02:14:39,202 - Step 02554: 19228.2324 E_h, exp. variance=1.4904 E_h^2, pmove=0.50
2026-06-09 02:14:39,550 - Step 02555: 19227.8516 E_h, exp. variance=1.4099 E_h^2, pmove=0.50
2026-06-09 02:14:39,898 - Step 02556: 19229.5781 E_h, exp. variance=1.8367 E_h^2, pmove=0.50
2026-06-09 02:14:40,247 - Step 02557: 19229.6953 E_h, exp. variance=2.1615 E_h^2, pmove=0.49
2026-06-09 02:14:40,597 - Step 02558: 19228.8594 E_h, exp. variance=2.0981 E_h^2, pmove=0.50
2026-06-09 02:14:40,948 - Step 02559: 19227.4102 E_h, exp. variance=1.8952 E_h^2, pmove=0.50
2026-06-09 02:14:41,308 - Step 02560: 19228.4531 E_h, exp. variance=1.7623 E_h^2, pmove=0.50
2026-06-09 02:14:41,658 - Step 02561: 19229.2773 E_h, exp. variance=1.7987 E_h^2, pmove=0.50
2026-06-09 02:14:42,010 - Step 02562: 19228.5703 E_h, exp. variance=1.6600 E_h^2, pmove=0.50
2026-06-09 02:14:42,357 - Step 02563: 19228.8516 E_h, exp. variance=1.5650 E_h^2, pmove=0.50
2026-06-09 02:14:42,706 - Step 02564: 19227.9180 E_h, exp. variance=1.4101 E_h^2, pmove=0.50
2026-06-09 02:14:43,056 - Step 02565: 19228.0254 E_h, exp. variance=1.2691 E_h^2, pmove=0.50
2026-06-09 02:14:43,406 - Step 02566: 19227.2598 E_h, exp. variance=1.1963 E_h^2, pmove=0.50
2026-06-09 02:14:43,758 - Step 02567: 19226.1621 E_h, exp. variance=1.3666 E_h^2, pmove=0.50
2026-06-09 02:14:44,108 - Step 02568: 19226.2891 E_h, exp. variance=1.4293 E_h^2, pmove=0.50
2026-06-09 02:14:44,456 - Step 02569: 19227.9180 E_h, exp. variance=1.2939 E_h^2, pmove=0.50
2026-06-09 02:14:44,803 - Step 02570: 19225.7051 E_h, exp. variance=1.5078 E_h^2, pmove=0.50
2026-06-09 02:14:45,151 - Step 02571: 19225.9824 E_h, exp. variance=1.5543 E_h^2, pmove=0.49
2026-06-09 02:14:45,499 - Step 02572: 19226.0547 E_h, exp. variance=1.5417 E_h^2, pmove=0.50
2026-06-09 02:14:45,848 - Step 02573: 19226.4375 E_h, exp. variance=1.4382 E_h^2, pmove=0.50
2026-06-09 02:14:46,193 - Step 02574: 19228.3398 E_h, exp. variance=1.4298 E_h^2, pmove=0.50
2026-06-09 02:14:46,541 - Step 02575: 19228.2109 E_h, exp. variance=1.3723 E_h^2, pmove=0.50
2026-06-09 02:14:46,890 - Step 02576: 19226.1719 E_h, exp. variance=1.3566 E_h^2, pmove=0.51
2026-06-09 02:14:47,242 - Step 02577: 19227.3281 E_h, exp. variance=1.2220 E_h^2, pmove=0.50
2026-06-09 02:14:47,596 - Step 02578: 19228.4570 E_h, exp. variance=1.2352 E_h^2, pmove=0.50
2026-06-09 02:14:47,952 - Step 02579: 19228.8477 E_h, exp. variance=1.3126 E_h^2, pmove=0.50
2026-06-09 02:14:48,306 - Step 02580: 19225.9961 E_h, exp. variance=1.3860 E_h^2, pmove=0.50
2026-06-09 02:14:48,655 - Step 02581: 19228.7305 E_h, exp. variance=1.4180 E_h^2, pmove=0.49
2026-06-09 02:14:49,005 - Step 02582: 19226.5391 E_h, exp. variance=1.3580 E_h^2, pmove=0.49
2026-06-09 02:14:49,352 - Step 02583: 19228.9883 E_h, exp. variance=1.4502 E_h^2, pmove=0.50
2026-06-09 02:14:49,700 - Step 02584: 19228.3750 E_h, exp. variance=1.3658 E_h^2, pmove=0.51
2026-06-09 02:14:50,049 - Step 02585: 19226.9570 E_h, exp. variance=1.2708 E_h^2, pmove=0.50
2026-06-09 02:14:50,398 - Step 02586: 19230.3750 E_h, exp. variance=1.8526 E_h^2, pmove=0.50
2026-06-09 02:14:50,745 - Step 02587: 19227.9492 E_h, exp. variance=1.6683 E_h^2, pmove=0.50
2026-06-09 02:14:51,096 - Step 02588: 19229.0234 E_h, exp. variance=1.6234 E_h^2, pmove=0.51
2026-06-09 02:14:51,448 - Step 02589: 19227.7383 E_h, exp. variance=1.4662 E_h^2, pmove=0.50
2026-06-09 02:14:51,799 - Step 02590: 19228.9316 E_h, exp. variance=1.4057 E_h^2, pmove=0.50
2026-06-09 02:14:52,149 - Step 02591: 19227.9883 E_h, exp. variance=1.2655 E_h^2, pmove=0.50
2026-06-09 02:14:52,507 - Step 02592: 19230.3320 E_h, exp. variance=1.6097 E_h^2, pmove=0.50
2026-06-09 02:14:52,862 - Step 02593: 19228.9023 E_h, exp. variance=1.4843 E_h^2, pmove=0.49
2026-06-09 02:14:53,212 - Step 02594: 19226.5469 E_h, exp. variance=1.6240 E_h^2, pmove=0.50
2026-06-09 02:14:53,559 - Step 02595: 19225.6719 E_h, exp. variance=2.0171 E_h^2, pmove=0.50
2026-06-09 02:14:53,908 - Step 02596: 19225.5898 E_h, exp. variance=2.2991 E_h^2, pmove=0.49
2026-06-09 02:14:54,255 - Step 02597: 19225.0762 E_h, exp. variance=2.6774 E_h^2, pmove=0.49
2026-06-09 02:14:54,605 - Step 02598: 19225.0195 E_h, exp. variance=2.9265 E_h^2, pmove=0.50
2026-06-09 02:14:54,953 - Step 02599: 19226.2930 E_h, exp. variance=2.7040 E_h^2, pmove=0.51
2026-06-09 02:14:55,299 - Step 02600: 19226.5195 E_h, exp. variance=2.4627 E_h^2, pmove=0.51
2026-06-09 02:14:55,650 - Step 02601: 19225.7227 E_h, exp. variance=2.3706 E_h^2, pmove=0.50
2026-06-09 02:14:55,996 - Step 02602: 19225.7891 E_h, exp. variance=2.2447 E_h^2, pmove=0.50
2026-06-09 02:14:56,347 - Step 02603: 19224.2363 E_h, exp. variance=2.6067 E_h^2, pmove=0.50
2026-06-09 02:14:56,703 - Step 02604: 19225.2480 E_h, exp. variance=2.4946 E_h^2, pmove=0.50
2026-06-09 02:14:57,054 - Step 02605: 19226.2305 E_h, exp. variance=2.2479 E_h^2, pmove=0.50
2026-06-09 02:14:57,403 - Step 02606: 19226.4199 E_h, exp. variance=2.0232 E_h^2, pmove=0.50
2026-06-09 02:14:57,760 - Step 02607: 19226.8242 E_h, exp. variance=1.8378 E_h^2, pmove=0.50
2026-06-09 02:14:58,113 - Step 02608: 19228.7793 E_h, exp. variance=2.1492 E_h^2, pmove=0.50
2026-06-09 02:14:58,461 - Step 02609: 19228.6133 E_h, exp. variance=2.2749 E_h^2, pmove=0.51
2026-06-09 02:14:58,812 - Step 02610: 19227.8867 E_h, exp. variance=2.1417 E_h^2, pmove=0.50
2026-06-09 02:14:59,163 - Step 02611: 19228.4512 E_h, exp. variance=2.1263 E_h^2, pmove=0.51
2026-06-09 02:14:59,512 - Step 02612: 19228.6953 E_h, exp. variance=2.1390 E_h^2, pmove=0.50
2026-06-09 02:14:59,861 - Step 02613: 19230.7832 E_h, exp. variance=3.0350 E_h^2, pmove=0.50
2026-06-09 02:15:00,213 - Step 02614: 19227.9258 E_h, exp. variance=2.7397 E_h^2, pmove=0.50
2026-06-09 02:15:00,570 - Step 02615: 19227.7930 E_h, exp. variance=2.4675 E_h^2, pmove=0.50
2026-06-09 02:15:00,920 - Step 02616: 19226.2441 E_h, exp. variance=2.4027 E_h^2, pmove=0.51
2026-06-09 02:15:01,273 - Step 02617: 19227.9277 E_h, exp. variance=2.1772 E_h^2, pmove=0.50
2026-06-09 02:15:01,623 - Step 02618: 19227.7793 E_h, exp. variance=1.9636 E_h^2, pmove=0.50
2026-06-09 02:15:01,970 - Step 02619: 19228.1250 E_h, exp. variance=1.7934 E_h^2, pmove=0.50
2026-06-09 02:15:02,324 - Step 02620: 19228.2461 E_h, exp. variance=1.6470 E_h^2, pmove=0.50
2026-06-09 02:15:02,675 - Step 02621: 19229.4375 E_h, exp. variance=1.7537 E_h^2, pmove=0.50
2026-06-09 02:15:03,029 - Step 02622: 19227.5625 E_h, exp. variance=1.5871 E_h^2, pmove=0.50
2026-06-09 02:15:03,378 - Step 02623: 19227.9258 E_h, exp. variance=1.4290 E_h^2, pmove=0.50
2026-06-09 02:15:03,727 - Step 02624: 19226.4414 E_h, exp. variance=1.4651 E_h^2, pmove=0.50
2026-06-09 02:15:04,079 - Step 02625: 19227.1660 E_h, exp. variance=1.3453 E_h^2, pmove=0.49
2026-06-09 02:15:04,430 - Step 02626: 19227.9551 E_h, exp. variance=1.2188 E_h^2, pmove=0.50
2026-06-09 02:15:04,777 - Step 02627: 19227.1797 E_h, exp. variance=1.1199 E_h^2, pmove=0.50
2026-06-09 02:15:05,127 - Step 02628: 19227.0117 E_h, exp. variance=1.0429 E_h^2, pmove=0.50
2026-06-09 02:15:05,476 - Step 02629: 19229.0547 E_h, exp. variance=1.1364 E_h^2, pmove=0.51
2026-06-09 02:15:05,824 - Step 02630: 19225.1699 E_h, exp. variance=1.6083 E_h^2, pmove=0.50
2026-06-09 02:15:06,176 - Step 02631: 19225.6172 E_h, exp. variance=1.7547 E_h^2, pmove=0.50
2026-06-09 02:15:06,531 - Step 02632: 19224.0547 E_h, exp. variance=2.5151 E_h^2, pmove=0.49
2026-06-09 02:15:06,880 - Step 02633: 19226.0547 E_h, exp. variance=2.3369 E_h^2, pmove=0.50
2026-06-09 02:15:07,231 - Step 02634: 19226.5605 E_h, exp. variance=2.1116 E_h^2, pmove=0.50
2026-06-09 02:15:07,583 - Step 02635: 19225.6719 E_h, exp. variance=2.0224 E_h^2, pmove=0.50
2026-06-09 02:15:07,934 - Step 02636: 19227.3125 E_h, exp. variance=1.8519 E_h^2, pmove=0.50
2026-06-09 02:15:08,283 - Step 02637: 19228.3125 E_h, exp. variance=1.8788 E_h^2, pmove=0.50
2026-06-09 02:15:08,635 - Step 02638: 19225.4961 E_h, exp. variance=1.8764 E_h^2, pmove=0.50
2026-06-09 02:15:08,988 - Step 02639: 19228.3711 E_h, exp. variance=1.9140 E_h^2, pmove=0.51
2026-06-09 02:15:09,337 - Step 02640: 19227.3887 E_h, exp. variance=1.7402 E_h^2, pmove=0.50
2026-06-09 02:15:09,690 - Step 02641: 19227.7930 E_h, exp. variance=1.6239 E_h^2, pmove=0.50
2026-06-09 02:15:10,041 - Step 02642: 19228.0547 E_h, exp. variance=1.5483 E_h^2, pmove=0.49
2026-06-09 02:15:10,389 - Step 02643: 19224.8398 E_h, exp. variance=1.8821 E_h^2, pmove=0.50
2026-06-09 02:15:10,739 - Step 02644: 19226.5176 E_h, exp. variance=1.7098 E_h^2, pmove=0.50
2026-06-09 02:15:11,088 - Step 02645: 19226.0781 E_h, exp. variance=1.5988 E_h^2, pmove=0.50
2026-06-09 02:15:11,439 - Step 02646: 19228.2109 E_h, exp. variance=1.6149 E_h^2, pmove=0.50
2026-06-09 02:15:11,791 - Step 02647: 19228.1035 E_h, exp. variance=1.5725 E_h^2, pmove=0.50
2026-06-09 02:15:12,140 - Step 02648: 19227.5703 E_h, exp. variance=1.4380 E_h^2, pmove=0.50
2026-06-09 02:15:12,490 - Step 02649: 19227.5137 E_h, exp. variance=1.3082 E_h^2, pmove=0.50
2026-06-09 02:15:12,839 - Step 02650: 19230.1445 E_h, exp. variance=1.9800 E_h^2, pmove=0.51
2026-06-09 02:15:13,187 - Step 02651: 19228.0469 E_h, exp. variance=1.8133 E_h^2, pmove=0.50
2026-06-09 02:15:13,535 - Step 02652: 19228.4102 E_h, exp. variance=1.7040 E_h^2, pmove=0.50
2026-06-09 02:15:13,888 - Step 02653: 19228.4805 E_h, exp. variance=1.6025 E_h^2, pmove=0.50
2026-06-09 02:15:14,237 - Step 02654: 19229.0039 E_h, exp. variance=1.5968 E_h^2, pmove=0.50
2026-06-09 02:15:14,586 - Step 02655: 19227.4023 E_h, exp. variance=1.4532 E_h^2, pmove=0.50
2026-06-09 02:15:14,933 - Step 02656: 19226.9258 E_h, exp. variance=1.3737 E_h^2, pmove=0.50
2026-06-09 02:15:15,287 - Step 02657: 19227.3828 E_h, exp. variance=1.2451 E_h^2, pmove=0.50
2026-06-09 02:15:15,638 - Step 02658: 19226.0273 E_h, exp. variance=1.3617 E_h^2, pmove=0.50
2026-06-09 02:15:15,989 - Step 02659: 19227.0234 E_h, exp. variance=1.2460 E_h^2, pmove=0.51
2026-06-09 02:15:16,339 - Step 02660: 19225.5664 E_h, exp. variance=1.4418 E_h^2, pmove=0.50
2026-06-09 02:15:16,688 - Step 02661: 19227.8086 E_h, exp. variance=1.3243 E_h^2, pmove=0.50
2026-06-09 02:15:17,038 - Step 02662: 19228.4180 E_h, exp. variance=1.3007 E_h^2, pmove=0.50
2026-06-09 02:15:17,388 - Step 02663: 19228.1484 E_h, exp. variance=1.2174 E_h^2, pmove=0.50
2026-06-09 02:15:17,737 - Step 02664: 19227.7090 E_h, exp. variance=1.0996 E_h^2, pmove=0.49
2026-06-09 02:15:18,084 - Step 02665: 19228.7090 E_h, exp. variance=1.1165 E_h^2, pmove=0.50
2026-06-09 02:15:18,433 - Step 02666: 19230.2305 E_h, exp. variance=1.6085 E_h^2, pmove=0.50
2026-06-09 02:15:18,783 - Step 02667: 19227.6133 E_h, exp. variance=1.4551 E_h^2, pmove=0.50
2026-06-09 02:15:19,141 - Step 02668: 19228.9180 E_h, exp. variance=1.4082 E_h^2, pmove=0.49
2026-06-09 02:15:19,489 - Step 02669: 19226.9141 E_h, exp. variance=1.3690 E_h^2, pmove=0.50
2026-06-09 02:15:19,837 - Step 02670: 19228.4863 E_h, exp. variance=1.2662 E_h^2, pmove=0.50
2026-06-09 02:15:20,186 - Step 02671: 19227.0820 E_h, exp. variance=1.2048 E_h^2, pmove=0.50
2026-06-09 02:15:20,537 - Step 02672: 19228.8281 E_h, exp. variance=1.1709 E_h^2, pmove=0.50
2026-06-09 02:15:20,888 - Step 02673: 19228.0957 E_h, exp. variance=1.0558 E_h^2, pmove=0.50
2026-06-09 02:15:21,240 - Step 02674: 19227.5273 E_h, exp. variance=0.9671 E_h^2, pmove=0.50
2026-06-09 02:15:21,595 - Step 02675: 19227.3789 E_h, exp. variance=0.8966 E_h^2, pmove=0.50
2026-06-09 02:15:21,943 - Step 02676: 19224.4434 E_h, exp. variance=1.8596 E_h^2, pmove=0.50
2026-06-09 02:15:22,301 - Step 02677: 19228.7656 E_h, exp. variance=1.8129 E_h^2, pmove=0.50
2026-06-09 02:15:22,652 - Step 02678: 19225.1992 E_h, exp. variance=2.1706 E_h^2, pmove=0.50
2026-06-09 02:15:23,001 - Step 02679: 19228.1328 E_h, exp. variance=2.0016 E_h^2, pmove=0.50
2026-06-09 02:15:23,352 - Step 02680: 19227.2598 E_h, exp. variance=1.8056 E_h^2, pmove=0.50
2026-06-09 02:15:23,700 - Step 02681: 19229.0332 E_h, exp. variance=1.8497 E_h^2, pmove=0.50
2026-06-09 02:15:24,051 - Step 02682: 19228.1797 E_h, exp. variance=1.6938 E_h^2, pmove=0.50
2026-06-09 02:15:24,403 - Step 02683: 19230.3887 E_h, exp. variance=2.1906 E_h^2, pmove=0.49
2026-06-09 02:15:24,754 - Step 02684: 19228.4023 E_h, exp. variance=1.9909 E_h^2, pmove=0.50
2026-06-09 02:15:25,107 - Step 02685: 19227.3652 E_h, exp. variance=1.8265 E_h^2, pmove=0.50
2026-06-09 02:15:25,459 - Step 02686: 19227.3359 E_h, exp. variance=1.6750 E_h^2, pmove=0.50
2026-06-09 02:15:25,808 - Step 02687: 19226.8789 E_h, exp. variance=1.5950 E_h^2, pmove=0.50
2026-06-09 02:15:26,158 - Step 02688: 19230.1777 E_h, exp. variance=1.9592 E_h^2, pmove=0.50
2026-06-09 02:15:26,506 - Step 02689: 19225.7324 E_h, exp. variance=2.2292 E_h^2, pmove=0.49
2026-06-09 02:15:26,856 - Step 02690: 19227.1367 E_h, exp. variance=2.0437 E_h^2, pmove=0.50
2026-06-09 02:15:27,203 - Step 02691: 19224.5859 E_h, exp. variance=2.7215 E_h^2, pmove=0.50
2026-06-09 02:15:27,553 - Step 02692: 19226.7383 E_h, exp. variance=2.4893 E_h^2, pmove=0.50
2026-06-09 02:15:27,902 - Step 02693: 19228.2109 E_h, exp. variance=2.3090 E_h^2, pmove=0.50
2026-06-09 02:15:28,250 - Step 02694: 19228.7129 E_h, exp. variance=2.2272 E_h^2, pmove=0.51
2026-06-09 02:15:28,600 - Step 02695: 19228.9980 E_h, exp. variance=2.1919 E_h^2, pmove=0.50
2026-06-09 02:15:28,948 - Step 02696: 19227.3438 E_h, exp. variance=1.9841 E_h^2, pmove=0.49
2026-06-09 02:15:29,298 - Step 02697: 19227.9355 E_h, exp. variance=1.7923 E_h^2, pmove=0.51
2026-06-09 02:15:29,647 - Step 02698: 19224.8789 E_h, exp. variance=2.3250 E_h^2, pmove=0.50
2026-06-09 02:15:29,995 - Step 02699: 19226.2539 E_h, exp. variance=2.2128 E_h^2, pmove=0.50
2026-06-09 02:15:30,340 - Step 02700: 19225.3691 E_h, exp. variance=2.3253 E_h^2, pmove=0.50
2026-06-09 02:15:30,687 - Step 02701: 19226.1699 E_h, exp. variance=2.1709 E_h^2, pmove=0.50
2026-06-09 02:15:31,033 - Step 02702: 19225.4785 E_h, exp. variance=2.1643 E_h^2, pmove=0.50
2026-06-09 02:15:31,380 - Step 02703: 19227.6523 E_h, exp. variance=2.0050 E_h^2, pmove=0.50
2026-06-09 02:15:31,751 - Step 02704: 19226.8633 E_h, exp. variance=1.8050 E_h^2, pmove=0.50
2026-06-09 02:15:32,099 - Step 02705: 19226.3574 E_h, exp. variance=1.6538 E_h^2, pmove=0.50
2026-06-09 02:15:32,450 - Step 02706: 19227.7383 E_h, exp. variance=1.5561 E_h^2, pmove=0.50
2026-06-09 02:15:32,804 - Step 02707: 19227.0664 E_h, exp. variance=1.4015 E_h^2, pmove=0.50
2026-06-09 02:15:33,157 - Step 02708: 19226.3789 E_h, exp. variance=1.2927 E_h^2, pmove=0.49
2026-06-09 02:15:33,508 - Step 02709: 19227.7695 E_h, exp. variance=1.2299 E_h^2, pmove=0.50
2026-06-09 02:15:33,857 - Step 02710: 19229.2383 E_h, exp. variance=1.5594 E_h^2, pmove=0.49
2026-06-09 02:15:34,204 - Step 02711: 19230.7344 E_h, exp. variance=2.5146 E_h^2, pmove=0.50
2026-06-09 02:15:34,552 - Step 02712: 19227.4961 E_h, exp. variance=2.2636 E_h^2, pmove=0.50
2026-06-09 02:15:34,899 - Step 02713: 19225.3242 E_h, exp. variance=2.4889 E_h^2, pmove=0.50
2026-06-09 02:15:35,248 - Step 02714: 19225.1797 E_h, exp. variance=2.6600 E_h^2, pmove=0.50
2026-06-09 02:15:35,597 - Step 02715: 19226.7500 E_h, exp. variance=2.4065 E_h^2, pmove=0.51
2026-06-09 02:15:35,947 - Step 02716: 19224.8086 E_h, exp. variance=2.6327 E_h^2, pmove=0.49
2026-06-09 02:15:36,300 - Step 02717: 19225.6152 E_h, exp. variance=2.5083 E_h^2, pmove=0.50
2026-06-09 02:15:36,654 - Step 02718: 19225.3047 E_h, exp. variance=2.4409 E_h^2, pmove=0.49
2026-06-09 02:15:37,006 - Step 02719: 19226.5742 E_h, exp. variance=2.1968 E_h^2, pmove=0.50
2026-06-09 02:15:37,355 - Step 02720: 19226.2031 E_h, exp. variance=1.9905 E_h^2, pmove=0.51
2026-06-09 02:15:37,707 - Step 02721: 19228.9785 E_h, exp. variance=2.3227 E_h^2, pmove=0.50
2026-06-09 02:15:38,058 - Step 02722: 19226.0254 E_h, exp. variance=2.1432 E_h^2, pmove=0.50
2026-06-09 02:15:38,407 - Step 02723: 19228.5938 E_h, exp. variance=2.2466 E_h^2, pmove=0.50
2026-06-09 02:15:38,757 - Step 02724: 19227.6602 E_h, exp. variance=2.0736 E_h^2, pmove=0.50
2026-06-09 02:15:39,107 - Step 02725: 19227.8027 E_h, exp. variance=1.9274 E_h^2, pmove=0.50
2026-06-09 02:15:39,457 - Step 02726: 19228.1250 E_h, exp. variance=1.8366 E_h^2, pmove=0.50
2026-06-09 02:15:39,807 - Step 02727: 19227.9492 E_h, exp. variance=1.7079 E_h^2, pmove=0.50
2026-06-09 02:15:40,156 - Step 02728: 19226.3379 E_h, exp. variance=1.6114 E_h^2, pmove=0.50
2026-06-09 02:15:40,504 - Step 02729: 19225.5352 E_h, exp. variance=1.6867 E_h^2, pmove=0.51
2026-06-09 02:15:40,853 - Step 02730: 19226.7852 E_h, exp. variance=1.5220 E_h^2, pmove=0.50
2026-06-09 02:15:41,202 - Step 02731: 19227.2148 E_h, exp. variance=1.3751 E_h^2, pmove=0.51
2026-06-09 02:15:41,554 - Step 02732: 19227.0312 E_h, exp. variance=1.2377 E_h^2, pmove=0.50
2026-06-09 02:15:41,907 - Step 02733: 19226.8594 E_h, exp. variance=1.1157 E_h^2, pmove=0.50
2026-06-09 02:15:42,258 - Step 02734: 19226.9180 E_h, exp. variance=1.0045 E_h^2, pmove=0.50
2026-06-09 02:15:42,610 - Step 02735: 19226.1484 E_h, exp. variance=0.9664 E_h^2, pmove=0.50
2026-06-09 02:15:42,963 - Step 02736: 19225.4922 E_h, exp. variance=1.0472 E_h^2, pmove=0.50
2026-06-09 02:15:43,317 - Step 02737: 19224.2383 E_h, exp. variance=1.5130 E_h^2, pmove=0.50
2026-06-09 02:15:43,669 - Step 02738: 19224.8242 E_h, exp. variance=1.6156 E_h^2, pmove=0.50
2026-06-09 02:15:44,019 - Step 02739: 19224.8281 E_h, exp. variance=1.6586 E_h^2, pmove=0.51
2026-06-09 02:15:44,369 - Step 02740: 19226.4395 E_h, exp. variance=1.4986 E_h^2, pmove=0.50
2026-06-09 02:15:44,717 - Step 02741: 19225.3086 E_h, exp. variance=1.4220 E_h^2, pmove=0.50
2026-06-09 02:15:45,067 - Step 02742: 19225.4141 E_h, exp. variance=1.3248 E_h^2, pmove=0.50
2026-06-09 02:15:45,419 - Step 02743: 19225.2090 E_h, exp. variance=1.2561 E_h^2, pmove=0.50
2026-06-09 02:15:45,765 - Step 02744: 19222.6016 E_h, exp. variance=2.1497 E_h^2, pmove=0.50
2026-06-09 02:15:46,114 - Step 02745: 19226.2109 E_h, exp. variance=1.9650 E_h^2, pmove=0.50
2026-06-09 02:15:46,462 - Step 02746: 19225.1211 E_h, exp. variance=1.7976 E_h^2, pmove=0.50
2026-06-09 02:15:46,811 - Step 02747: 19227.2969 E_h, exp. variance=1.8671 E_h^2, pmove=0.50
2026-06-09 02:15:47,160 - Step 02748: 19226.1855 E_h, exp. variance=1.6938 E_h^2, pmove=0.50
2026-06-09 02:15:47,506 - Step 02749: 19226.2559 E_h, exp. variance=1.5401 E_h^2, pmove=0.50
2026-06-09 02:15:47,853 - Step 02750: 19225.7148 E_h, exp. variance=1.3886 E_h^2, pmove=0.50
2026-06-09 02:15:48,203 - Step 02751: 19226.0039 E_h, exp. variance=1.2515 E_h^2, pmove=0.50
2026-06-09 02:15:48,553 - Step 02752: 19226.6016 E_h, exp. variance=1.1736 E_h^2, pmove=0.50
2026-06-09 02:15:48,902 - Step 02753: 19227.9375 E_h, exp. variance=1.4120 E_h^2, pmove=0.50
2026-06-09 02:15:49,248 - Step 02754: 19227.2188 E_h, exp. variance=1.3739 E_h^2, pmove=0.50
2026-06-09 02:15:49,597 - Step 02755: 19227.5586 E_h, exp. variance=1.3893 E_h^2, pmove=0.50
2026-06-09 02:15:49,944 - Step 02756: 19229.1621 E_h, exp. variance=1.9436 E_h^2, pmove=0.49
2026-06-09 02:15:50,294 - Step 02757: 19225.5020 E_h, exp. variance=1.8708 E_h^2, pmove=0.50
2026-06-09 02:15:50,643 - Step 02758: 19225.7227 E_h, exp. variance=1.7448 E_h^2, pmove=0.50
2026-06-09 02:15:50,991 - Step 02759: 19225.9492 E_h, exp. variance=1.5943 E_h^2, pmove=0.50
2026-06-09 02:15:51,339 - Step 02760: 19228.8320 E_h, exp. variance=1.9610 E_h^2, pmove=0.49
2026-06-09 02:15:51,686 - Step 02761: 19227.7539 E_h, exp. variance=1.8734 E_h^2, pmove=0.50
2026-06-09 02:15:52,039 - Step 02762: 19227.3770 E_h, exp. variance=1.7197 E_h^2, pmove=0.50
2026-06-09 02:15:52,391 - Step 02763: 19225.9062 E_h, exp. variance=1.6239 E_h^2, pmove=0.50
2026-06-09 02:15:52,741 - Step 02764: 19225.7969 E_h, exp. variance=1.5406 E_h^2, pmove=0.50
2026-06-09 02:15:53,091 - Step 02765: 19224.8613 E_h, exp. variance=1.6715 E_h^2, pmove=0.50
2026-06-09 02:15:53,443 - Step 02766: 19227.1406 E_h, exp. variance=1.5457 E_h^2, pmove=0.50
2026-06-09 02:15:53,799 - Step 02767: 19226.5312 E_h, exp. variance=1.3911 E_h^2, pmove=0.50
2026-06-09 02:15:54,154 - Step 02768: 19226.8086 E_h, exp. variance=1.2589 E_h^2, pmove=0.50
2026-06-09 02:15:54,504 - Step 02769: 19227.8359 E_h, exp. variance=1.2799 E_h^2, pmove=0.50
2026-06-09 02:15:54,853 - Step 02770: 19225.5938 E_h, exp. variance=1.2592 E_h^2, pmove=0.50
2026-06-09 02:15:55,202 - Step 02771: 19227.2227 E_h, exp. variance=1.1709 E_h^2, pmove=0.50
2026-06-09 02:15:55,555 - Step 02772: 19225.2500 E_h, exp. variance=1.2278 E_h^2, pmove=0.50
2026-06-09 02:15:55,905 - Step 02773: 19226.6758 E_h, exp. variance=1.1077 E_h^2, pmove=0.50
2026-06-09 02:15:56,256 - Step 02774: 19224.8555 E_h, exp. variance=1.2462 E_h^2, pmove=0.50
2026-06-09 02:15:56,611 - Step 02775: 19223.5703 E_h, exp. variance=1.8187 E_h^2, pmove=0.50
2026-06-09 02:15:56,969 - Step 02776: 19225.1016 E_h, exp. variance=1.7220 E_h^2, pmove=0.51
2026-06-09 02:15:57,320 - Step 02777: 19224.5938 E_h, exp. variance=1.7219 E_h^2, pmove=0.50
2026-06-09 02:15:57,668 - Step 02778: 19225.1016 E_h, exp. variance=1.5985 E_h^2, pmove=0.50
2026-06-09 02:15:58,018 - Step 02779: 19225.5234 E_h, exp. variance=1.4439 E_h^2, pmove=0.50
2026-06-09 02:15:58,370 - Step 02780: 19226.9414 E_h, exp. variance=1.4293 E_h^2, pmove=0.50
2026-06-09 02:15:58,722 - Step 02781: 19226.8203 E_h, exp. variance=1.3695 E_h^2, pmove=0.50
2026-06-09 02:15:59,069 - Step 02782: 19228.3320 E_h, exp. variance=1.7410 E_h^2, pmove=0.50
2026-06-09 02:15:59,418 - Step 02783: 19227.6953 E_h, exp. variance=1.7700 E_h^2, pmove=0.50
2026-06-09 02:15:59,770 - Step 02784: 19227.5742 E_h, exp. variance=1.7292 E_h^2, pmove=0.50
2026-06-09 02:16:00,123 - Step 02785: 19228.0566 E_h, exp. variance=1.7838 E_h^2, pmove=0.50
2026-06-09 02:16:00,472 - Step 02786: 19227.3438 E_h, exp. variance=1.6519 E_h^2, pmove=0.49
2026-06-09 02:16:00,821 - Step 02787: 19228.5352 E_h, exp. variance=1.7907 E_h^2, pmove=0.50
2026-06-09 02:16:01,169 - Step 02788: 19227.1895 E_h, exp. variance=1.6202 E_h^2, pmove=0.50
2026-06-09 02:16:01,517 - Step 02789: 19230.9414 E_h, exp. variance=2.9194 E_h^2, pmove=0.50
2026-06-09 02:16:01,869 - Step 02790: 19230.2383 E_h, exp. variance=3.3968 E_h^2, pmove=0.50
2026-06-09 02:16:02,216 - Step 02791: 19231.4648 E_h, exp. variance=4.3963 E_h^2, pmove=0.50
2026-06-09 02:16:02,565 - Step 02792: 19230.6250 E_h, exp. variance=4.5805 E_h^2, pmove=0.50
2026-06-09 02:16:02,914 - Step 02793: 19229.6738 E_h, exp. variance=4.3034 E_h^2, pmove=0.50
2026-06-09 02:16:03,270 - Step 02794: 19229.7246 E_h, exp. variance=4.0314 E_h^2, pmove=0.50
2026-06-09 02:16:03,620 - Step 02795: 19229.6992 E_h, exp. variance=3.7510 E_h^2, pmove=0.49
2026-06-09 02:16:03,970 - Step 02796: 19229.8867 E_h, exp. variance=3.5139 E_h^2, pmove=0.50
2026-06-09 02:16:04,321 - Step 02797: 19228.9453 E_h, exp. variance=3.1652 E_h^2, pmove=0.50
2026-06-09 02:16:04,673 - Step 02798: 19230.1621 E_h, exp. variance=3.0184 E_h^2, pmove=0.50
2026-06-09 02:16:05,023 - Step 02799: 19226.5938 E_h, exp. variance=3.2060 E_h^2, pmove=0.50
2026-06-09 02:16:05,373 - Step 02800: 19225.9336 E_h, exp. variance=3.5709 E_h^2, pmove=0.50
2026-06-09 02:16:05,722 - Step 02801: 19227.3555 E_h, exp. variance=3.3154 E_h^2, pmove=0.50
2026-06-09 02:16:06,069 - Step 02802: 19227.8555 E_h, exp. variance=3.0026 E_h^2, pmove=0.50
2026-06-09 02:16:06,420 - Step 02803: 19230.4629 E_h, exp. variance=3.1361 E_h^2, pmove=0.50
2026-06-09 02:16:06,769 - Step 02804: 19229.4922 E_h, exp. variance=2.9136 E_h^2, pmove=0.50
2026-06-09 02:16:07,118 - Step 02805: 19229.2227 E_h, exp. variance=2.6587 E_h^2, pmove=0.50
2026-06-09 02:16:07,468 - Step 02806: 19227.8008 E_h, exp. variance=2.4578 E_h^2, pmove=0.50
2026-06-09 02:16:07,819 - Step 02807: 19228.9648 E_h, exp. variance=2.2263 E_h^2, pmove=0.50
2026-06-09 02:16:08,168 - Step 02808: 19226.9102 E_h, exp. variance=2.2623 E_h^2, pmove=0.50
2026-06-09 02:16:08,519 - Step 02809: 19227.4551 E_h, exp. variance=2.1226 E_h^2, pmove=0.50
2026-06-09 02:16:08,871 - Step 02810: 19227.7617 E_h, exp. variance=1.9402 E_h^2, pmove=0.50
2026-06-09 02:16:09,221 - Step 02811: 19228.5078 E_h, exp. variance=1.7508 E_h^2, pmove=0.50
2026-06-09 02:16:09,571 - Step 02812: 19228.4395 E_h, exp. variance=1.5774 E_h^2, pmove=0.50
2026-06-09 02:16:09,921 - Step 02813: 19227.7070 E_h, exp. variance=1.4533 E_h^2, pmove=0.50
2026-06-09 02:16:10,272 - Step 02814: 19228.9062 E_h, exp. variance=1.3458 E_h^2, pmove=0.50
2026-06-09 02:16:10,622 - Step 02815: 19229.0957 E_h, exp. variance=1.2651 E_h^2, pmove=0.50
2026-06-09 02:16:10,970 - Step 02816: 19225.9414 E_h, exp. variance=1.6827 E_h^2, pmove=0.50
2026-06-09 02:16:11,320 - Step 02817: 19225.8984 E_h, exp. variance=1.9725 E_h^2, pmove=0.50
2026-06-09 02:16:11,669 - Step 02818: 19226.4258 E_h, exp. variance=1.9788 E_h^2, pmove=0.50
2026-06-09 02:16:12,016 - Step 02819: 19227.2090 E_h, exp. variance=1.8102 E_h^2, pmove=0.50
2026-06-09 02:16:12,366 - Step 02820: 19227.8359 E_h, exp. variance=1.6303 E_h^2, pmove=0.50
2026-06-09 02:16:12,716 - Step 02821: 19227.8359 E_h, exp. variance=1.4682 E_h^2, pmove=0.50
2026-06-09 02:16:13,064 - Step 02822: 19227.2891 E_h, exp. variance=1.3400 E_h^2, pmove=0.50
2026-06-09 02:16:13,413 - Step 02823: 19225.5332 E_h, exp. variance=1.6283 E_h^2, pmove=0.50
2026-06-09 02:16:13,767 - Step 02824: 19229.0293 E_h, exp. variance=1.6808 E_h^2, pmove=0.50
2026-06-09 02:16:14,118 - Step 02825: 19228.3906 E_h, exp. variance=1.5639 E_h^2, pmove=0.50
2026-06-09 02:16:14,468 - Step 02826: 19228.2891 E_h, exp. variance=1.4374 E_h^2, pmove=0.49
2026-06-09 02:16:14,815 - Step 02827: 19228.3203 E_h, exp. variance=1.3209 E_h^2, pmove=0.50
2026-06-09 02:16:15,168 - Step 02828: 19227.4199 E_h, exp. variance=1.2035 E_h^2, pmove=0.49
2026-06-09 02:16:15,520 - Step 02829: 19229.0391 E_h, exp. variance=1.2251 E_h^2, pmove=0.50
2026-06-09 02:16:15,871 - Step 02830: 19229.7617 E_h, exp. variance=1.4118 E_h^2, pmove=0.50
2026-06-09 02:16:16,219 - Step 02831: 19229.5898 E_h, exp. variance=1.4721 E_h^2, pmove=0.50
2026-06-09 02:16:16,569 - Step 02832: 19226.2402 E_h, exp. variance=1.6863 E_h^2, pmove=0.50
2026-06-09 02:16:16,921 - Step 02833: 19229.3828 E_h, exp. variance=1.6792 E_h^2, pmove=0.50
2026-06-09 02:16:17,271 - Step 02834: 19228.4805 E_h, exp. variance=1.5195 E_h^2, pmove=0.50
2026-06-09 02:16:17,619 - Step 02835: 19231.1797 E_h, exp. variance=2.1629 E_h^2, pmove=0.50
2026-06-09 02:16:17,969 - Step 02836: 19230.3984 E_h, exp. variance=2.2696 E_h^2, pmove=0.50
2026-06-09 02:16:18,318 - Step 02837: 19228.8516 E_h, exp. variance=2.0449 E_h^2, pmove=0.50
2026-06-09 02:16:18,667 - Step 02838: 19229.4062 E_h, exp. variance=1.8842 E_h^2, pmove=0.50
2026-06-09 02:16:19,016 - Step 02839: 19228.9258 E_h, exp. variance=1.6977 E_h^2, pmove=0.50
2026-06-09 02:16:19,365 - Step 02840: 19229.3398 E_h, exp. variance=1.5548 E_h^2, pmove=0.49
2026-06-09 02:16:19,714 - Step 02841: 19228.4219 E_h, exp. variance=1.4157 E_h^2, pmove=0.50
2026-06-09 02:16:20,066 - Step 02842: 19227.5508 E_h, exp. variance=1.4156 E_h^2, pmove=0.50
2026-06-09 02:16:20,418 - Step 02843: 19226.9062 E_h, exp. variance=1.5571 E_h^2, pmove=0.50
2026-06-09 02:16:20,767 - Step 02844: 19225.6562 E_h, exp. variance=2.1302 E_h^2, pmove=0.50
2026-06-09 02:16:21,119 - Step 02845: 19227.1836 E_h, exp. variance=2.0133 E_h^2, pmove=0.50
2026-06-09 02:16:21,471 - Step 02846: 19224.6719 E_h, exp. variance=2.8778 E_h^2, pmove=0.50
2026-06-09 02:16:21,819 - Step 02847: 19228.0352 E_h, exp. variance=2.5964 E_h^2, pmove=0.50
2026-06-09 02:16:22,169 - Step 02848: 19225.3125 E_h, exp. variance=2.8923 E_h^2, pmove=0.50
2026-06-09 02:16:22,518 - Step 02849: 19226.7266 E_h, exp. variance=2.6639 E_h^2, pmove=0.50
2026-06-09 02:16:22,870 - Step 02850: 19226.7617 E_h, exp. variance=2.4422 E_h^2, pmove=0.50
2026-06-09 02:16:23,219 - Step 02851: 19229.1465 E_h, exp. variance=2.4736 E_h^2, pmove=0.49
2026-06-09 02:16:23,569 - Step 02852: 19227.3672 E_h, exp. variance=2.2301 E_h^2, pmove=0.50
2026-06-09 02:16:23,922 - Step 02853: 19228.5273 E_h, exp. variance=2.0929 E_h^2, pmove=0.50
2026-06-09 02:16:24,273 - Step 02854: 19227.3418 E_h, exp. variance=1.8921 E_h^2, pmove=0.50
2026-06-09 02:16:24,621 - Step 02855: 19227.4922 E_h, exp. variance=1.7043 E_h^2, pmove=0.50
2026-06-09 02:16:24,969 - Step 02856: 19225.7930 E_h, exp. variance=1.8295 E_h^2, pmove=0.50
2026-06-09 02:16:25,320 - Step 02857: 19228.9531 E_h, exp. variance=1.8570 E_h^2, pmove=0.49
2026-06-09 02:16:25,668 - Step 02858: 19229.1992 E_h, exp. variance=1.9084 E_h^2, pmove=0.50
2026-06-09 02:16:26,016 - Step 02859: 19229.6758 E_h, exp. variance=2.0554 E_h^2, pmove=0.50
2026-06-09 02:16:26,384 - Step 02860: 19229.5625 E_h, exp. variance=2.0893 E_h^2, pmove=0.50
2026-06-09 02:16:26,735 - Step 02861: 19231.1934 E_h, exp. variance=2.7450 E_h^2, pmove=0.51
2026-06-09 02:16:27,088 - Step 02862: 19228.7695 E_h, exp. variance=2.4825 E_h^2, pmove=0.50
2026-06-09 02:16:27,437 - Step 02863: 19228.8867 E_h, exp. variance=2.2521 E_h^2, pmove=0.50
2026-06-09 02:16:27,785 - Step 02864: 19227.7344 E_h, exp. variance=2.0778 E_h^2, pmove=0.50
2026-06-09 02:16:28,132 - Step 02865: 19228.8750 E_h, exp. variance=1.8895 E_h^2, pmove=0.51
2026-06-09 02:16:28,481 - Step 02866: 19228.5391 E_h, exp. variance=1.7011 E_h^2, pmove=0.50
2026-06-09 02:16:28,832 - Step 02867: 19226.9121 E_h, exp. variance=1.7480 E_h^2, pmove=0.50
2026-06-09 02:16:29,184 - Step 02868: 19225.9883 E_h, exp. variance=2.0577 E_h^2, pmove=0.50
2026-06-09 02:16:29,534 - Step 02869: 19224.9883 E_h, exp. variance=2.7101 E_h^2, pmove=0.50
2026-06-09 02:16:29,880 - Step 02870: 19226.9492 E_h, exp. variance=2.4994 E_h^2, pmove=0.50
2026-06-09 02:16:30,231 - Step 02871: 19226.4668 E_h, exp. variance=2.3831 E_h^2, pmove=0.50
2026-06-09 02:16:30,579 - Step 02872: 19225.7461 E_h, exp. variance=2.4424 E_h^2, pmove=0.50
2026-06-09 02:16:30,926 - Step 02873: 19225.1445 E_h, exp. variance=2.6490 E_h^2, pmove=0.50
2026-06-09 02:16:31,271 - Step 02874: 19226.9648 E_h, exp. variance=2.3875 E_h^2, pmove=0.49
2026-06-09 02:16:31,622 - Step 02875: 19227.6270 E_h, exp. variance=2.1702 E_h^2, pmove=0.50
2026-06-09 02:16:31,969 - Step 02876: 19226.7031 E_h, exp. variance=1.9743 E_h^2, pmove=0.49
2026-06-09 02:16:32,319 - Step 02877: 19226.3398 E_h, exp. variance=1.8343 E_h^2, pmove=0.50
2026-06-09 02:16:32,671 - Step 02878: 19226.8027 E_h, exp. variance=1.6568 E_h^2, pmove=0.50
2026-06-09 02:16:33,024 - Step 02879: 19225.5820 E_h, exp. variance=1.6806 E_h^2, pmove=0.50
2026-06-09 02:16:33,381 - Step 02880: 19227.4980 E_h, exp. variance=1.5460 E_h^2, pmove=0.50
2026-06-09 02:16:33,732 - Step 02881: 19227.0293 E_h, exp. variance=1.3920 E_h^2, pmove=0.50
2026-06-09 02:16:34,084 - Step 02882: 19227.8086 E_h, exp. variance=1.3180 E_h^2, pmove=0.50
2026-06-09 02:16:34,434 - Step 02883: 19227.5234 E_h, exp. variance=1.2070 E_h^2, pmove=0.50
2026-06-09 02:16:34,795 - Step 02884: 19228.8164 E_h, exp. variance=1.3540 E_h^2, pmove=0.50
2026-06-09 02:16:35,150 - Step 02885: 19227.4492 E_h, exp. variance=1.2217 E_h^2, pmove=0.50
2026-06-09 02:16:35,500 - Step 02886: 19227.3301 E_h, exp. variance=1.0997 E_h^2, pmove=0.49
2026-06-09 02:16:35,850 - Step 02887: 19228.2695 E_h, exp. variance=1.0770 E_h^2, pmove=0.51
2026-06-09 02:16:36,203 - Step 02888: 19226.7578 E_h, exp. variance=1.0044 E_h^2, pmove=0.50
2026-06-09 02:16:36,558 - Step 02889: 19227.1875 E_h, exp. variance=0.9056 E_h^2, pmove=0.50
2026-06-09 02:16:36,916 - Step 02890: 19225.2461 E_h, exp. variance=1.1971 E_h^2, pmove=0.50
2026-06-09 02:16:37,267 - Step 02891: 19224.0664 E_h, exp. variance=1.9065 E_h^2, pmove=0.50
2026-06-09 02:16:37,619 - Step 02892: 19225.0840 E_h, exp. variance=1.9805 E_h^2, pmove=0.50
2026-06-09 02:16:37,967 - Step 02893: 19224.1270 E_h, exp. variance=2.3450 E_h^2, pmove=0.50
2026-06-09 02:16:38,316 - Step 02894: 19224.8711 E_h, exp. variance=2.3146 E_h^2, pmove=0.50
2026-06-09 02:16:38,670 - Step 02895: 19224.4688 E_h, exp. variance=2.3612 E_h^2, pmove=0.50
2026-06-09 02:16:39,022 - Step 02896: 19226.0273 E_h, exp. variance=2.1251 E_h^2, pmove=0.50
2026-06-09 02:16:39,374 - Step 02897: 19226.8203 E_h, exp. variance=1.9662 E_h^2, pmove=0.50
2026-06-09 02:16:39,720 - Step 02898: 19226.9023 E_h, exp. variance=1.8239 E_h^2, pmove=0.50
2026-06-09 02:16:40,069 - Step 02899: 19226.9922 E_h, exp. variance=1.6976 E_h^2, pmove=0.50
2026-06-09 02:16:40,418 - Step 02900: 19227.8906 E_h, exp. variance=1.7609 E_h^2, pmove=0.50
2026-06-09 02:16:40,767 - Step 02901: 19228.9727 E_h, exp. variance=2.1615 E_h^2, pmove=0.50
2026-06-09 02:16:41,117 - Step 02902: 19228.7949 E_h, exp. variance=2.3421 E_h^2, pmove=0.50
2026-06-09 02:16:41,465 - Step 02903: 19228.4492 E_h, exp. variance=2.3222 E_h^2, pmove=0.51
2026-06-09 02:16:41,817 - Step 02904: 19227.1680 E_h, exp. variance=2.0910 E_h^2, pmove=0.50
2026-06-09 02:16:42,164 - Step 02905: 19227.3828 E_h, exp. variance=1.8907 E_h^2, pmove=0.50
2026-06-09 02:16:42,510 - Step 02906: 19229.5039 E_h, exp. variance=2.2210 E_h^2, pmove=0.50
2026-06-09 02:16:42,862 - Step 02907: 19228.4141 E_h, exp. variance=2.1024 E_h^2, pmove=0.50
2026-06-09 02:16:43,215 - Step 02908: 19228.5762 E_h, exp. variance=2.0065 E_h^2, pmove=0.50
2026-06-09 02:16:43,567 - Step 02909: 19229.2305 E_h, exp. variance=2.0562 E_h^2, pmove=0.50
2026-06-09 02:16:43,916 - Step 02910: 19227.1250 E_h, exp. variance=1.8834 E_h^2, pmove=0.50
2026-06-09 02:16:44,267 - Step 02911: 19224.2227 E_h, exp. variance=2.7633 E_h^2, pmove=0.50
2026-06-09 02:16:44,614 - Step 02912: 19224.7773 E_h, exp. variance=3.0708 E_h^2, pmove=0.50
2026-06-09 02:16:44,961 - Step 02913: 19225.5742 E_h, exp. variance=2.9652 E_h^2, pmove=0.50
2026-06-09 02:16:45,310 - Step 02914: 19227.8945 E_h, exp. variance=2.7541 E_h^2, pmove=0.50
2026-06-09 02:16:45,661 - Step 02915: 19225.8379 E_h, exp. variance=2.6040 E_h^2, pmove=0.50
2026-06-09 02:16:46,010 - Step 02916: 19227.4570 E_h, exp. variance=2.3715 E_h^2, pmove=0.51
2026-06-09 02:16:46,360 - Step 02917: 19225.7617 E_h, exp. variance=2.2629 E_h^2, pmove=0.50
2026-06-09 02:16:46,710 - Step 02918: 19228.1777 E_h, exp. variance=2.1982 E_h^2, pmove=0.50
2026-06-09 02:16:47,058 - Step 02919: 19227.4160 E_h, exp. variance=1.9961 E_h^2, pmove=0.51
2026-06-09 02:16:47,407 - Step 02920: 19226.4668 E_h, exp. variance=1.8238 E_h^2, pmove=0.50
2026-06-09 02:16:47,756 - Step 02921: 19225.6250 E_h, exp. variance=1.8025 E_h^2, pmove=0.51
2026-06-09 02:16:48,110 - Step 02922: 19227.6016 E_h, exp. variance=1.6761 E_h^2, pmove=0.50
2026-06-09 02:16:48,462 - Step 02923: 19228.0977 E_h, exp. variance=1.6362 E_h^2, pmove=0.50
2026-06-09 02:16:48,809 - Step 02924: 19227.4727 E_h, exp. variance=1.4906 E_h^2, pmove=0.50
2026-06-09 02:16:49,158 - Step 02925: 19228.9766 E_h, exp. variance=1.6686 E_h^2, pmove=0.50
2026-06-09 02:16:49,510 - Step 02926: 19227.4219 E_h, exp. variance=1.5040 E_h^2, pmove=0.50
2026-06-09 02:16:49,860 - Step 02927: 19225.3906 E_h, exp. variance=1.6740 E_h^2, pmove=0.50
2026-06-09 02:16:50,210 - Step 02928: 19227.6250 E_h, exp. variance=1.5326 E_h^2, pmove=0.51
2026-06-09 02:16:50,560 - Step 02929: 19224.6562 E_h, exp. variance=1.9348 E_h^2, pmove=0.49
2026-06-09 02:16:50,909 - Step 02930: 19224.8906 E_h, exp. variance=2.1020 E_h^2, pmove=0.51
2026-06-09 02:16:51,258 - Step 02931: 19223.1133 E_h, exp. variance=3.0441 E_h^2, pmove=0.50
2026-06-09 02:16:51,607 - Step 02932: 19223.5234 E_h, exp. variance=3.4506 E_h^2, pmove=0.50
2026-06-09 02:16:51,956 - Step 02933: 19224.7148 E_h, exp. variance=3.2666 E_h^2, pmove=0.51
2026-06-09 02:16:52,304 - Step 02934: 19223.9180 E_h, exp. variance=3.3000 E_h^2, pmove=0.50
2026-06-09 02:16:52,656 - Step 02935: 19225.2109 E_h, exp. variance=2.9932 E_h^2, pmove=0.50
2026-06-09 02:16:53,009 - Step 02936: 19226.7188 E_h, exp. variance=2.7932 E_h^2, pmove=0.50
2026-06-09 02:16:53,359 - Step 02937: 19225.8438 E_h, exp. variance=2.5144 E_h^2, pmove=0.50
2026-06-09 02:16:53,708 - Step 02938: 19226.7051 E_h, exp. variance=2.3397 E_h^2, pmove=0.51
2026-06-09 02:16:54,059 - Step 02939: 19227.0430 E_h, exp. variance=2.2289 E_h^2, pmove=0.50
2026-06-09 02:16:54,412 - Step 02940: 19228.0801 E_h, exp. variance=2.3991 E_h^2, pmove=0.50
2026-06-09 02:16:54,761 - Step 02941: 19227.6699 E_h, exp. variance=2.3539 E_h^2, pmove=0.50
2026-06-09 02:16:55,115 - Step 02942: 19228.1992 E_h, exp. variance=2.4277 E_h^2, pmove=0.50
2026-06-09 02:16:55,472 - Step 02943: 19226.1016 E_h, exp. variance=2.2015 E_h^2, pmove=0.50
2026-06-09 02:16:55,828 - Step 02944: 19226.6445 E_h, exp. variance=1.9836 E_h^2, pmove=0.49
2026-06-09 02:16:56,176 - Step 02945: 19225.3223 E_h, exp. variance=1.9109 E_h^2, pmove=0.51
2026-06-09 02:16:56,526 - Step 02946: 19226.5195 E_h, exp. variance=1.7214 E_h^2, pmove=0.50
2026-06-09 02:16:56,874 - Step 02947: 19226.9766 E_h, exp. variance=1.5791 E_h^2, pmove=0.50
2026-06-09 02:16:57,223 - Step 02948: 19225.1074 E_h, exp. variance=1.5851 E_h^2, pmove=0.50
2026-06-09 02:16:57,570 - Step 02949: 19228.2383 E_h, exp. variance=1.7570 E_h^2, pmove=0.50
2026-06-09 02:16:57,919 - Step 02950: 19227.0625 E_h, exp. variance=1.6084 E_h^2, pmove=0.50
2026-06-09 02:16:58,268 - Step 02951: 19226.9609 E_h, exp. variance=1.4615 E_h^2, pmove=0.50
2026-06-09 02:16:58,614 - Step 02952: 19224.9160 E_h, exp. variance=1.5728 E_h^2, pmove=0.49
2026-06-09 02:16:58,964 - Step 02953: 19227.7344 E_h, exp. variance=1.5669 E_h^2, pmove=0.50
2026-06-09 02:16:59,314 - Step 02954: 19227.5508 E_h, exp. variance=1.4974 E_h^2, pmove=0.50
2026-06-09 02:16:59,667 - Step 02955: 19228.0000 E_h, exp. variance=1.5083 E_h^2, pmove=0.50
2026-06-09 02:17:00,022 - Step 02956: 19228.5703 E_h, exp. variance=1.6405 E_h^2, pmove=0.50
2026-06-09 02:17:00,373 - Step 02957: 19226.1484 E_h, exp. variance=1.5379 E_h^2, pmove=0.50
2026-06-09 02:17:00,724 - Step 02958: 19228.0078 E_h, exp. variance=1.4960 E_h^2, pmove=0.50
2026-06-09 02:17:01,075 - Step 02959: 19226.4570 E_h, exp. variance=1.3734 E_h^2, pmove=0.49
2026-06-09 02:17:01,426 - Step 02960: 19227.1172 E_h, exp. variance=1.2386 E_h^2, pmove=0.50
2026-06-09 02:17:01,777 - Step 02961: 19226.3711 E_h, exp. variance=1.1466 E_h^2, pmove=0.49
2026-06-09 02:17:02,130 - Step 02962: 19227.9297 E_h, exp. variance=1.1262 E_h^2, pmove=0.51
2026-06-09 02:17:02,480 - Step 02963: 19225.7852 E_h, exp. variance=1.1482 E_h^2, pmove=0.50
2026-06-09 02:17:02,829 - Step 02964: 19227.7617 E_h, exp. variance=1.1026 E_h^2, pmove=0.50
2026-06-09 02:17:03,179 - Step 02965: 19226.5156 E_h, exp. variance=1.0111 E_h^2, pmove=0.50
2026-06-09 02:17:03,530 - Step 02966: 19228.4609 E_h, exp. variance=1.1216 E_h^2, pmove=0.50
2026-06-09 02:17:03,884 - Step 02967: 19227.1289 E_h, exp. variance=1.0096 E_h^2, pmove=0.50
2026-06-09 02:17:04,238 - Step 02968: 19228.4375 E_h, exp. variance=1.0730 E_h^2, pmove=0.50
2026-06-09 02:17:04,589 - Step 02969: 19227.0898 E_h, exp. variance=0.9673 E_h^2, pmove=0.50
2026-06-09 02:17:04,945 - Step 02970: 19225.9570 E_h, exp. variance=1.0112 E_h^2, pmove=0.50
2026-06-09 02:17:05,297 - Step 02971: 19227.3926 E_h, exp. variance=0.9187 E_h^2, pmove=0.50
2026-06-09 02:17:05,644 - Step 02972: 19227.2109 E_h, exp. variance=0.8277 E_h^2, pmove=0.50
2026-06-09 02:17:05,994 - Step 02973: 19229.8828 E_h, exp. variance=1.4304 E_h^2, pmove=0.50
2026-06-09 02:17:06,347 - Step 02974: 19227.8047 E_h, exp. variance=1.3022 E_h^2, pmove=0.50
2026-06-09 02:17:06,698 - Step 02975: 19228.1133 E_h, exp. variance=1.2129 E_h^2, pmove=0.50
2026-06-09 02:17:07,045 - Step 02976: 19227.5469 E_h, exp. variance=1.0917 E_h^2, pmove=0.50
2026-06-09 02:17:07,396 - Step 02977: 19228.4805 E_h, exp. variance=1.0670 E_h^2, pmove=0.50
2026-06-09 02:17:07,746 - Step 02978: 19226.8633 E_h, exp. variance=1.0104 E_h^2, pmove=0.50
2026-06-09 02:17:08,096 - Step 02979: 19227.0840 E_h, exp. variance=0.9277 E_h^2, pmove=0.50
2026-06-09 02:17:08,450 - Step 02980: 19226.6602 E_h, exp. variance=0.8969 E_h^2, pmove=0.50
2026-06-09 02:17:08,805 - Step 02981: 19226.1953 E_h, exp. variance=0.9392 E_h^2, pmove=0.50
2026-06-09 02:17:09,159 - Step 02982: 19226.5156 E_h, exp. variance=0.8986 E_h^2, pmove=0.50
2026-06-09 02:17:09,515 - Step 02983: 19224.0859 E_h, exp. variance=1.6865 E_h^2, pmove=0.50
2026-06-09 02:17:09,865 - Step 02984: 19225.1426 E_h, exp. variance=1.7947 E_h^2, pmove=0.50
2026-06-09 02:17:10,221 - Step 02985: 19225.2891 E_h, exp. variance=1.7997 E_h^2, pmove=0.49
2026-06-09 02:17:10,571 - Step 02986: 19226.1758 E_h, exp. variance=1.6343 E_h^2, pmove=0.50
2026-06-09 02:17:10,921 - Step 02987: 19224.1641 E_h, exp. variance=1.9777 E_h^2, pmove=0.50
2026-06-09 02:17:11,274 - Step 02988: 19228.7383 E_h, exp. variance=2.3147 E_h^2, pmove=0.50
2026-06-09 02:17:11,627 - Step 02989: 19225.5488 E_h, exp. variance=2.1725 E_h^2, pmove=0.49
2026-06-09 02:17:11,979 - Step 02990: 19229.2969 E_h, exp. variance=2.6871 E_h^2, pmove=0.50
2026-06-09 02:17:12,330 - Step 02991: 19227.2871 E_h, exp. variance=2.4463 E_h^2, pmove=0.50
2026-06-09 02:17:12,691 - Step 02992: 19229.0000 E_h, exp. variance=2.6431 E_h^2, pmove=0.50
2026-06-09 02:17:13,046 - Step 02993: 19228.8613 E_h, exp. variance=2.6887 E_h^2, pmove=0.50
2026-06-09 02:17:13,399 - Step 02994: 19230.2773 E_h, exp. variance=3.2769 E_h^2, pmove=0.50
2026-06-09 02:17:13,749 - Step 02995: 19227.0176 E_h, exp. variance=2.9701 E_h^2, pmove=0.50
2026-06-09 02:17:14,100 - Step 02996: 19228.0977 E_h, exp. variance=2.7107 E_h^2, pmove=0.49
2026-06-09 02:17:14,450 - Step 02997: 19227.0020 E_h, exp. variance=2.4634 E_h^2, pmove=0.49
2026-06-09 02:17:14,799 - Step 02998: 19228.6953 E_h, exp. variance=2.3533 E_h^2, pmove=0.50
2026-06-09 02:17:15,150 - Step 02999: 19226.6445 E_h, exp. variance=2.1981 E_h^2, pmove=0.50
2026-06-09 02:17:15,500 - Step 03000: 19226.5898 E_h, exp. variance=2.0519 E_h^2, pmove=0.50
2026-06-09 02:17:15,850 - Step 03001: 19225.8438 E_h, exp. variance=2.0659 E_h^2, pmove=0.50
2026-06-09 02:17:16,199 - Step 03002: 19225.8320 E_h, exp. variance=2.0397 E_h^2, pmove=0.50
2026-06-09 02:17:16,547 - Step 03003: 19226.2891 E_h, exp. variance=1.8958 E_h^2, pmove=0.50
2026-06-09 02:17:16,895 - Step 03004: 19227.7598 E_h, exp. variance=1.7550 E_h^2, pmove=0.50
2026-06-09 02:17:17,250 - Step 03005: 19227.5273 E_h, exp. variance=1.5961 E_h^2, pmove=0.50
2026-06-09 02:17:17,602 - Step 03006: 19228.4473 E_h, exp. variance=1.5901 E_h^2, pmove=0.50
2026-06-09 02:17:17,952 - Step 03007: 19226.7441 E_h, exp. variance=1.4562 E_h^2, pmove=0.50
2026-06-09 02:17:18,303 - Step 03008: 19226.3984 E_h, exp. variance=1.3711 E_h^2, pmove=0.50
2026-06-09 02:17:18,658 - Step 03009: 19225.2305 E_h, exp. variance=1.5610 E_h^2, pmove=0.50
2026-06-09 02:17:19,006 - Step 03010: 19225.3203 E_h, exp. variance=1.6426 E_h^2, pmove=0.50
2026-06-09 02:17:19,356 - Step 03011: 19225.7754 E_h, exp. variance=1.5697 E_h^2, pmove=0.50
2026-06-09 02:17:19,708 - Step 03012: 19224.8809 E_h, exp. variance=1.7046 E_h^2, pmove=0.50
2026-06-09 02:17:20,061 - Step 03013: 19225.9141 E_h, exp. variance=1.5653 E_h^2, pmove=0.49
2026-06-09 02:17:20,409 - Step 03014: 19224.8945 E_h, exp. variance=1.6246 E_h^2, pmove=0.51
2026-06-09 02:17:20,758 - Step 03015: 19225.9336 E_h, exp. variance=1.4735 E_h^2, pmove=0.50
2026-06-09 02:17:21,111 - Step 03016: 19226.6621 E_h, exp. variance=1.3412 E_h^2, pmove=0.50
2026-06-09 02:17:21,461 - Step 03017: 19227.9805 E_h, exp. variance=1.4628 E_h^2, pmove=0.50
2026-06-09 02:17:21,813 - Step 03018: 19227.3984 E_h, exp. variance=1.3953 E_h^2, pmove=0.50
2026-06-09 02:17:22,165 - Step 03019: 19227.6836 E_h, exp. variance=1.3700 E_h^2, pmove=0.50
2026-06-09 02:17:22,515 - Step 03020: 19227.1094 E_h, exp. variance=1.2504 E_h^2, pmove=0.50
2026-06-09 02:17:22,866 - Step 03021: 19228.4727 E_h, exp. variance=1.4035 E_h^2, pmove=0.50
2026-06-09 02:17:23,215 - Step 03022: 19226.7773 E_h, exp. variance=1.2643 E_h^2, pmove=0.50
2026-06-09 02:17:23,565 - Step 03023: 19227.1367 E_h, exp. variance=1.1438 E_h^2, pmove=0.51
2026-06-09 02:17:23,913 - Step 03024: 19226.0410 E_h, exp. variance=1.0965 E_h^2, pmove=0.50
2026-06-09 02:17:24,263 - Step 03025: 19228.7832 E_h, exp. variance=1.3343 E_h^2, pmove=0.50
2026-06-09 02:17:24,629 - Step 03026: 19228.5996 E_h, exp. variance=1.4267 E_h^2, pmove=0.50
2026-06-09 02:17:24,981 - Step 03027: 19227.1602 E_h, exp. variance=1.2840 E_h^2, pmove=0.50
2026-06-09 02:17:25,329 - Step 03028: 19226.7773 E_h, exp. variance=1.1696 E_h^2, pmove=0.50
2026-06-09 02:17:25,679 - Step 03029: 19226.8438 E_h, exp. variance=1.0602 E_h^2, pmove=0.51
2026-06-09 02:17:26,030 - Step 03030: 19226.3262 E_h, exp. variance=1.0086 E_h^2, pmove=0.51
2026-06-09 02:17:26,382 - Step 03031: 19226.3164 E_h, exp. variance=0.9530 E_h^2, pmove=0.50
2026-06-09 02:17:26,731 - Step 03032: 19226.7500 E_h, exp. variance=0.8614 E_h^2, pmove=0.50
2026-06-09 02:17:27,078 - Step 03033: 19227.3945 E_h, exp. variance=0.7944 E_h^2, pmove=0.51
2026-06-09 02:17:27,426 - Step 03034: 19227.8203 E_h, exp. variance=0.7785 E_h^2, pmove=0.50
2026-06-09 02:17:27,773 - Step 03035: 19226.9492 E_h, exp. variance=0.7018 E_h^2, pmove=0.49
2026-06-09 02:17:28,122 - Step 03036: 19226.4805 E_h, exp. variance=0.6611 E_h^2, pmove=0.50
2026-06-09 02:17:28,471 - Step 03037: 19226.7266 E_h, exp. variance=0.6015 E_h^2, pmove=0.50
2026-06-09 02:17:28,819 - Step 03038: 19225.8633 E_h, exp. variance=0.6514 E_h^2, pmove=0.50
2026-06-09 02:17:29,167 - Step 03039: 19226.7422 E_h, exp. variance=0.5874 E_h^2, pmove=0.50
2026-06-09 02:17:29,516 - Step 03040: 19225.4453 E_h, exp. variance=0.7052 E_h^2, pmove=0.50
2026-06-09 02:17:29,863 - Step 03041: 19225.8477 E_h, exp. variance=0.7008 E_h^2, pmove=0.50
2026-06-09 02:17:30,210 - Step 03042: 19225.0312 E_h, exp. variance=0.8577 E_h^2, pmove=0.50
2026-06-09 02:17:30,560 - Step 03043: 19225.6875 E_h, exp. variance=0.8257 E_h^2, pmove=0.50
2026-06-09 02:17:30,909 - Step 03044: 19225.4609 E_h, exp. variance=0.8197 E_h^2, pmove=0.50
2026-06-09 02:17:31,262 - Step 03045: 19225.3789 E_h, exp. variance=0.8126 E_h^2, pmove=0.50
2026-06-09 02:17:31,614 - Step 03046: 19224.3965 E_h, exp. variance=1.0238 E_h^2, pmove=0.50
2026-06-09 02:17:31,963 - Step 03047: 19224.5332 E_h, exp. variance=1.1202 E_h^2, pmove=0.50
2026-06-09 02:17:32,312 - Step 03048: 19224.2031 E_h, exp. variance=1.2586 E_h^2, pmove=0.51
2026-06-09 02:17:32,665 - Step 03049: 19225.1328 E_h, exp. variance=1.1622 E_h^2, pmove=0.50
2026-06-09 02:17:33,014 - Step 03050: 19227.0137 E_h, exp. variance=1.2137 E_h^2, pmove=0.50
2026-06-09 02:17:33,362 - Step 03051: 19228.7852 E_h, exp. variance=1.9024 E_h^2, pmove=0.50
2026-06-09 02:17:33,713 - Step 03052: 19228.9668 E_h, exp. variance=2.4591 E_h^2, pmove=0.50
2026-06-09 02:17:34,059 - Step 03053: 19227.5000 E_h, exp. variance=2.3271 E_h^2, pmove=0.50
2026-06-09 02:17:34,409 - Step 03054: 19229.1758 E_h, exp. variance=2.7444 E_h^2, pmove=0.49
2026-06-09 02:17:34,759 - Step 03055: 19227.8984 E_h, exp. variance=2.5871 E_h^2, pmove=0.50
2026-06-09 02:17:35,106 - Step 03056: 19230.8047 E_h, exp. variance=3.7209 E_h^2, pmove=0.50
2026-06-09 02:17:35,458 - Step 03057: 19227.5352 E_h, exp. variance=3.3555 E_h^2, pmove=0.50
2026-06-09 02:17:35,807 - Step 03058: 19228.5684 E_h, exp. variance=3.1668 E_h^2, pmove=0.50
2026-06-09 02:17:36,157 - Step 03059: 19228.5762 E_h, exp. variance=2.9708 E_h^2, pmove=0.50
2026-06-09 02:17:36,509 - Step 03060: 19228.1543 E_h, exp. variance=2.7085 E_h^2, pmove=0.50
2026-06-09 02:17:36,862 - Step 03061: 19225.0742 E_h, exp. variance=3.0098 E_h^2, pmove=0.50
2026-06-09 02:17:37,214 - Step 03062: 19226.9746 E_h, exp. variance=2.7211 E_h^2, pmove=0.50
2026-06-09 02:17:37,560 - Step 03063: 19224.4473 E_h, exp. variance=3.1848 E_h^2, pmove=0.50
2026-06-09 02:17:37,909 - Step 03064: 19228.2246 E_h, exp. variance=2.9966 E_h^2, pmove=0.50
2026-06-09 02:17:38,259 - Step 03065: 19226.8086 E_h, exp. variance=2.7070 E_h^2, pmove=0.50
2026-06-09 02:17:38,611 - Step 03066: 19227.4023 E_h, exp. variance=2.4440 E_h^2, pmove=0.51
2026-06-09 02:17:38,964 - Step 03067: 19227.8516 E_h, exp. variance=2.2454 E_h^2, pmove=0.49
2026-06-09 02:17:39,315 - Step 03068: 19228.9062 E_h, exp. variance=2.2795 E_h^2, pmove=0.50
2026-06-09 02:17:39,666 - Step 03069: 19228.3477 E_h, exp. variance=2.1357 E_h^2, pmove=0.50
2026-06-09 02:17:40,015 - Step 03070: 19228.6055 E_h, exp. variance=2.0368 E_h^2, pmove=0.50
2026-06-09 02:17:40,363 - Step 03071: 19227.7012 E_h, exp. variance=1.8342 E_h^2, pmove=0.51
2026-06-09 02:17:40,712 - Step 03072: 19227.9219 E_h, exp. variance=1.6600 E_h^2, pmove=0.50
2026-06-09 02:17:41,063 - Step 03073: 19228.9375 E_h, exp. variance=1.6472 E_h^2, pmove=0.50
2026-06-09 02:17:41,413 - Step 03074: 19229.6133 E_h, exp. variance=1.7904 E_h^2, pmove=0.49
2026-06-09 02:17:41,765 - Step 03075: 19228.5176 E_h, exp. variance=1.6404 E_h^2, pmove=0.50
2026-06-09 02:17:42,115 - Step 03076: 19225.9688 E_h, exp. variance=1.8499 E_h^2, pmove=0.50
2026-06-09 02:17:42,465 - Step 03077: 19229.3125 E_h, exp. variance=1.8700 E_h^2, pmove=0.50
2026-06-09 02:17:42,814 - Step 03078: 19227.3105 E_h, exp. variance=1.7202 E_h^2, pmove=0.50
2026-06-09 02:17:43,165 - Step 03079: 19228.8125 E_h, exp. variance=1.6250 E_h^2, pmove=0.50
2026-06-09 02:17:43,521 - Step 03080: 19226.6641 E_h, exp. variance=1.6185 E_h^2, pmove=0.50
2026-06-09 02:17:43,870 - Step 03081: 19228.0605 E_h, exp. variance=1.4606 E_h^2, pmove=0.50
2026-06-09 02:17:44,219 - Step 03082: 19227.1992 E_h, exp. variance=1.3552 E_h^2, pmove=0.49
2026-06-09 02:17:44,569 - Step 03083: 19228.8496 E_h, exp. variance=1.3179 E_h^2, pmove=0.50
2026-06-09 02:17:44,918 - Step 03084: 19228.1641 E_h, exp. variance=1.1919 E_h^2, pmove=0.50
2026-06-09 02:17:45,269 - Step 03085: 19230.7598 E_h, exp. variance=1.7906 E_h^2, pmove=0.51
2026-06-09 02:17:45,617 - Step 03086: 19227.7324 E_h, exp. variance=1.6328 E_h^2, pmove=0.50
2026-06-09 02:17:45,964 - Step 03087: 19226.1719 E_h, exp. variance=1.8288 E_h^2, pmove=0.50
2026-06-09 02:17:46,312 - Step 03088: 19226.1484 E_h, exp. variance=1.9448 E_h^2, pmove=0.50
2026-06-09 02:17:46,662 - Step 03089: 19226.9492 E_h, exp. variance=1.8138 E_h^2, pmove=0.49
2026-06-09 02:17:47,014 - Step 03090: 19227.5820 E_h, exp. variance=1.6338 E_h^2, pmove=0.51
2026-06-09 02:17:47,367 - Step 03091: 19228.5391 E_h, exp. variance=1.5348 E_h^2, pmove=0.50
2026-06-09 02:17:47,716 - Step 03092: 19226.5352 E_h, exp. variance=1.5202 E_h^2, pmove=0.50
2026-06-09 02:17:48,065 - Step 03093: 19227.1953 E_h, exp. variance=1.3870 E_h^2, pmove=0.49
2026-06-09 02:17:48,413 - Step 03094: 19226.9102 E_h, exp. variance=1.2920 E_h^2, pmove=0.50
2026-06-09 02:17:48,760 - Step 03095: 19226.6113 E_h, exp. variance=1.2400 E_h^2, pmove=0.50
2026-06-09 02:17:49,108 - Step 03096: 19227.9258 E_h, exp. variance=1.1367 E_h^2, pmove=0.51
2026-06-09 02:17:49,457 - Step 03097: 19225.5664 E_h, exp. variance=1.3575 E_h^2, pmove=0.50
2026-06-09 02:17:49,806 - Step 03098: 19225.7734 E_h, exp. variance=1.4317 E_h^2, pmove=0.51
2026-06-09 02:17:50,163 - Step 03099: 19223.1641 E_h, exp. variance=2.7173 E_h^2, pmove=0.50
2026-06-09 02:17:50,524 - Step 03100: 19225.0332 E_h, exp. variance=2.7108 E_h^2, pmove=0.49
2026-06-09 02:17:50,879 - Step 03101: 19225.8672 E_h, exp. variance=2.4853 E_h^2, pmove=0.50
2026-06-09 02:17:51,231 - Step 03102: 19224.6094 E_h, exp. variance=2.5611 E_h^2, pmove=0.50
2026-06-09 02:17:51,581 - Step 03103: 19225.3027 E_h, exp. variance=2.3978 E_h^2, pmove=0.50
2026-06-09 02:17:51,931 - Step 03104: 19226.4688 E_h, exp. variance=2.1638 E_h^2, pmove=0.51
2026-06-09 02:17:52,283 - Step 03105: 19227.3359 E_h, exp. variance=2.0550 E_h^2, pmove=0.50
2026-06-09 02:17:52,632 - Step 03106: 19226.3984 E_h, exp. variance=1.8497 E_h^2, pmove=0.50
2026-06-09 02:17:52,981 - Step 03107: 19228.8867 E_h, exp. variance=2.2414 E_h^2, pmove=0.50
2026-06-09 02:17:53,330 - Step 03108: 19227.1758 E_h, exp. variance=2.0461 E_h^2, pmove=0.50
2026-06-09 02:17:53,680 - Step 03109: 19226.6445 E_h, exp. variance=1.8416 E_h^2, pmove=0.50
2026-06-09 02:17:54,030 - Step 03110: 19226.5469 E_h, exp. variance=1.6587 E_h^2, pmove=0.50
2026-06-09 02:17:54,381 - Step 03111: 19225.1367 E_h, exp. variance=1.6995 E_h^2, pmove=0.50
2026-06-09 02:17:54,728 - Step 03112: 19225.1914 E_h, exp. variance=1.6837 E_h^2, pmove=0.51
2026-06-09 02:17:55,087 - Step 03113: 19226.0215 E_h, exp. variance=1.5262 E_h^2, pmove=0.50
2026-06-09 02:17:55,441 - Step 03114: 19225.8438 E_h, exp. variance=1.3952 E_h^2, pmove=0.50
2026-06-09 02:17:55,794 - Step 03115: 19224.7852 E_h, exp. variance=1.4582 E_h^2, pmove=0.50
2026-06-09 02:17:56,142 - Step 03116: 19225.6172 E_h, exp. variance=1.3365 E_h^2, pmove=0.50
2026-06-09 02:17:56,495 - Step 03117: 19226.1055 E_h, exp. variance=1.2029 E_h^2, pmove=0.50
2026-06-09 02:17:56,855 - Step 03118: 19227.6953 E_h, exp. variance=1.3163 E_h^2, pmove=0.50
2026-06-09 02:17:57,208 - Step 03119: 19226.5703 E_h, exp. variance=1.1941 E_h^2, pmove=0.50
2026-06-09 02:17:57,560 - Step 03120: 19225.5762 E_h, exp. variance=1.1192 E_h^2, pmove=0.50
2026-06-09 02:17:57,907 - Step 03121: 19225.8633 E_h, exp. variance=1.0180 E_h^2, pmove=0.49
2026-06-09 02:17:58,259 - Step 03122: 19224.8633 E_h, exp. variance=1.0708 E_h^2, pmove=0.50
2026-06-09 02:17:58,608 - Step 03123: 19225.9961 E_h, exp. variance=0.9639 E_h^2, pmove=0.50
2026-06-09 02:17:58,957 - Step 03124: 19225.0977 E_h, exp. variance=0.9473 E_h^2, pmove=0.50
2026-06-09 02:17:59,305 - Step 03125: 19225.8008 E_h, exp. variance=0.8544 E_h^2, pmove=0.51
2026-06-09 02:17:59,673 - Step 03126: 19225.7695 E_h, exp. variance=0.7714 E_h^2, pmove=0.50
2026-06-09 02:18:00,029 - Step 03127: 19225.4746 E_h, exp. variance=0.7118 E_h^2, pmove=0.50
2026-06-09 02:18:00,382 - Step 03128: 19224.5000 E_h, exp. variance=0.8098 E_h^2, pmove=0.50
2026-06-09 02:18:00,732 - Step 03129: 19225.3203 E_h, exp. variance=0.7442 E_h^2, pmove=0.50
2026-06-09 02:18:01,081 - Step 03130: 19223.8047 E_h, exp. variance=0.9908 E_h^2, pmove=0.50
2026-06-09 02:18:01,431 - Step 03131: 19226.1172 E_h, exp. variance=0.9256 E_h^2, pmove=0.51
2026-06-09 02:18:01,783 - Step 03132: 19226.3281 E_h, exp. variance=0.8855 E_h^2, pmove=0.50
2026-06-09 02:18:02,134 - Step 03133: 19229.0098 E_h, exp. variance=1.8186 E_h^2, pmove=0.50
2026-06-09 02:18:02,486 - Step 03134: 19225.6895 E_h, exp. variance=1.6441 E_h^2, pmove=0.50
2026-06-09 02:18:02,836 - Step 03135: 19223.9219 E_h, exp. variance=1.8489 E_h^2, pmove=0.51
2026-06-09 02:18:03,183 - Step 03136: 19223.3301 E_h, exp. variance=2.1885 E_h^2, pmove=0.50
2026-06-09 02:18:03,536 - Step 03137: 19224.6953 E_h, exp. variance=2.0282 E_h^2, pmove=0.50
2026-06-09 02:18:03,888 - Step 03138: 19225.6738 E_h, exp. variance=1.8311 E_h^2, pmove=0.50
2026-06-09 02:18:04,239 - Step 03139: 19225.2109 E_h, exp. variance=1.6530 E_h^2, pmove=0.50
2026-06-09 02:18:04,589 - Step 03140: 19226.7188 E_h, exp. variance=1.6386 E_h^2, pmove=0.51
2026-06-09 02:18:04,942 - Step 03141: 19226.7695 E_h, exp. variance=1.6080 E_h^2, pmove=0.49
2026-06-09 02:18:05,291 - Step 03142: 19229.6738 E_h, exp. variance=2.8872 E_h^2, pmove=0.50
2026-06-09 02:18:05,638 - Step 03143: 19226.8320 E_h, exp. variance=2.6502 E_h^2, pmove=0.49
2026-06-09 02:18:05,985 - Step 03144: 19226.8633 E_h, exp. variance=2.4309 E_h^2, pmove=0.50
2026-06-09 02:18:06,337 - Step 03145: 19226.8008 E_h, exp. variance=2.2179 E_h^2, pmove=0.50
2026-06-09 02:18:06,688 - Step 03146: 19227.5801 E_h, exp. variance=2.1479 E_h^2, pmove=0.50
2026-06-09 02:18:07,038 - Step 03147: 19225.5117 E_h, exp. variance=2.0058 E_h^2, pmove=0.50
2026-06-09 02:18:07,390 - Step 03148: 19224.4004 E_h, exp. variance=2.1370 E_h^2, pmove=0.50
2026-06-09 02:18:07,740 - Step 03149: 19223.4297 E_h, exp. variance=2.5790 E_h^2, pmove=0.50
2026-06-09 02:18:08,093 - Step 03150: 19226.1953 E_h, exp. variance=2.3312 E_h^2, pmove=0.51
2026-06-09 02:18:08,442 - Step 03151: 19225.1777 E_h, exp. variance=2.1441 E_h^2, pmove=0.50
2026-06-09 02:18:08,790 - Step 03152: 19227.4766 E_h, exp. variance=2.1766 E_h^2, pmove=0.50
2026-06-09 02:18:09,141 - Step 03153: 19226.5645 E_h, exp. variance=1.9890 E_h^2, pmove=0.51
2026-06-09 02:18:09,490 - Step 03154: 19229.2871 E_h, exp. variance=2.7362 E_h^2, pmove=0.50
2026-06-09 02:18:09,840 - Step 03155: 19228.3984 E_h, exp. variance=2.8332 E_h^2, pmove=0.51
2026-06-09 02:18:10,191 - Step 03156: 19226.8945 E_h, exp. variance=2.5592 E_h^2, pmove=0.49
2026-06-09 02:18:10,539 - Step 03157: 19226.7266 E_h, exp. variance=2.3046 E_h^2, pmove=0.50
2026-06-09 02:18:10,887 - Step 03158: 19227.0273 E_h, exp. variance=2.0893 E_h^2, pmove=0.50
2026-06-09 02:18:11,234 - Step 03159: 19228.3164 E_h, exp. variance=2.1278 E_h^2, pmove=0.50
2026-06-09 02:18:11,590 - Step 03160: 19228.5898 E_h, exp. variance=2.1956 E_h^2, pmove=0.50
2026-06-09 02:18:11,945 - Step 03161: 19227.0820 E_h, exp. variance=1.9767 E_h^2, pmove=0.50
2026-06-09 02:18:12,294 - Step 03162: 19227.3398 E_h, exp. variance=1.7889 E_h^2, pmove=0.50
2026-06-09 02:18:12,645 - Step 03163: 19225.3984 E_h, exp. variance=1.8528 E_h^2, pmove=0.50
2026-06-09 02:18:12,995 - Step 03164: 19227.5840 E_h, exp. variance=1.7126 E_h^2, pmove=0.51
2026-06-09 02:18:13,344 - Step 03165: 19226.3398 E_h, exp. variance=1.5745 E_h^2, pmove=0.49
2026-06-09 02:18:13,690 - Step 03166: 19226.3828 E_h, exp. variance=1.4399 E_h^2, pmove=0.50
2026-06-09 02:18:14,040 - Step 03167: 19227.1641 E_h, exp. variance=1.3056 E_h^2, pmove=0.49
2026-06-09 02:18:14,387 - Step 03168: 19227.4961 E_h, exp. variance=1.2104 E_h^2, pmove=0.50
2026-06-09 02:18:14,737 - Step 03169: 19227.2910 E_h, exp. variance=1.1010 E_h^2, pmove=0.50
2026-06-09 02:18:15,088 - Step 03170: 19226.2129 E_h, exp. variance=1.0421 E_h^2, pmove=0.50
2026-06-09 02:18:15,439 - Step 03171: 19225.7812 E_h, exp. variance=1.0486 E_h^2, pmove=0.50
2026-06-09 02:18:15,792 - Step 03172: 19227.9453 E_h, exp. variance=1.0661 E_h^2, pmove=0.50
2026-06-09 02:18:16,141 - Step 03173: 19225.6367 E_h, exp. variance=1.1023 E_h^2, pmove=0.50
2026-06-09 02:18:16,493 - Step 03174: 19228.9941 E_h, exp. variance=1.4375 E_h^2, pmove=0.51
2026-06-09 02:18:16,845 - Step 03175: 19225.6016 E_h, exp. variance=1.4678 E_h^2, pmove=0.49
2026-06-09 02:18:17,196 - Step 03176: 19227.9492 E_h, exp. variance=1.4291 E_h^2, pmove=0.50
2026-06-09 02:18:17,546 - Step 03177: 19228.4922 E_h, exp. variance=1.4966 E_h^2, pmove=0.50
2026-06-09 02:18:17,896 - Step 03178: 19229.2891 E_h, exp. variance=1.7723 E_h^2, pmove=0.51
2026-06-09 02:18:18,245 - Step 03179: 19226.5488 E_h, exp. variance=1.6503 E_h^2, pmove=0.50
2026-06-09 02:18:18,596 - Step 03180: 19226.8516 E_h, exp. variance=1.4998 E_h^2, pmove=0.50
2026-06-09 02:18:18,948 - Step 03181: 19229.0859 E_h, exp. variance=1.6656 E_h^2, pmove=0.50
2026-06-09 02:18:19,296 - Step 03182: 19227.4844 E_h, exp. variance=1.4996 E_h^2, pmove=0.50
2026-06-09 02:18:19,646 - Step 03183: 19229.9531 E_h, exp. variance=1.9326 E_h^2, pmove=0.50
2026-06-09 02:18:19,994 - Step 03184: 19228.1152 E_h, exp. variance=1.7578 E_h^2, pmove=0.50
2026-06-09 02:18:20,343 - Step 03185: 19229.9062 E_h, exp. variance=2.0173 E_h^2, pmove=0.51
2026-06-09 02:18:20,695 - Step 03186: 19226.2324 E_h, exp. variance=2.0742 E_h^2, pmove=0.49
2026-06-09 02:18:21,047 - Step 03187: 19228.4219 E_h, exp. variance=1.9065 E_h^2, pmove=0.49
2026-06-09 02:18:21,400 - Step 03188: 19224.5000 E_h, exp. variance=2.7104 E_h^2, pmove=0.49
2026-06-09 02:18:21,750 - Step 03189: 19226.7344 E_h, exp. variance=2.4910 E_h^2, pmove=0.50
2026-06-09 02:18:22,099 - Step 03190: 19225.4648 E_h, exp. variance=2.5846 E_h^2, pmove=0.50
2026-06-09 02:18:22,450 - Step 03191: 19226.9238 E_h, exp. variance=2.3340 E_h^2, pmove=0.50
2026-06-09 02:18:22,801 - Step 03192: 19226.4336 E_h, exp. variance=2.1523 E_h^2, pmove=0.50
2026-06-09 02:18:23,150 - Step 03193: 19228.8594 E_h, exp. variance=2.2109 E_h^2, pmove=0.50
2026-06-09 02:18:23,502 - Step 03194: 19227.3711 E_h, exp. variance=1.9904 E_h^2, pmove=0.50
2026-06-09 02:18:23,854 - Step 03195: 19227.0156 E_h, exp. variance=1.7985 E_h^2, pmove=0.50
2026-06-09 02:18:24,209 - Step 03196: 19227.8828 E_h, exp. variance=1.6525 E_h^2, pmove=0.50
2026-06-09 02:18:24,557 - Step 03197: 19228.6191 E_h, exp. variance=1.6368 E_h^2, pmove=0.50
2026-06-09 02:18:24,903 - Step 03198: 19230.7266 E_h, exp. variance=2.4340 E_h^2, pmove=0.50
2026-06-09 02:18:25,253 - Step 03199: 19229.1719 E_h, exp. variance=2.3637 E_h^2, pmove=0.49
2026-06-09 02:18:25,605 - Step 03200: 19227.9863 E_h, exp. variance=2.1277 E_h^2, pmove=0.51
2026-06-09 02:18:25,959 - Step 03201: 19226.4727 E_h, exp. variance=2.1060 E_h^2, pmove=0.51
2026-06-09 02:18:26,309 - Step 03202: 19225.7852 E_h, exp. variance=2.2547 E_h^2, pmove=0.50
2026-06-09 02:18:26,662 - Step 03203: 19226.3750 E_h, exp. variance=2.1608 E_h^2, pmove=0.49
2026-06-09 02:18:27,018 - Step 03204: 19226.0098 E_h, exp. variance=2.1347 E_h^2, pmove=0.50
2026-06-09 02:18:27,368 - Step 03205: 19224.2168 E_h, exp. variance=2.7870 E_h^2, pmove=0.51
2026-06-09 02:18:27,717 - Step 03206: 19225.2617 E_h, exp. variance=2.7827 E_h^2, pmove=0.50
2026-06-09 02:18:28,067 - Step 03207: 19223.7344 E_h, exp. variance=3.3691 E_h^2, pmove=0.50
2026-06-09 02:18:28,427 - Step 03208: 19223.7500 E_h, exp. variance=3.7245 E_h^2, pmove=0.50
2026-06-09 02:18:28,776 - Step 03209: 19224.1211 E_h, exp. variance=3.7584 E_h^2, pmove=0.50
2026-06-09 02:18:29,123 - Step 03210: 19226.2461 E_h, exp. variance=3.3867 E_h^2, pmove=0.50
2026-06-09 02:18:29,472 - Step 03211: 19226.6094 E_h, exp. variance=3.0757 E_h^2, pmove=0.50
2026-06-09 02:18:29,820 - Step 03212: 19226.5566 E_h, exp. variance=2.7861 E_h^2, pmove=0.50
2026-06-09 02:18:30,171 - Step 03213: 19226.4688 E_h, exp. variance=2.5164 E_h^2, pmove=0.49
2026-06-09 02:18:30,526 - Step 03214: 19224.0156 E_h, exp. variance=2.6886 E_h^2, pmove=0.50
2026-06-09 02:18:30,876 - Step 03215: 19227.0078 E_h, exp. variance=2.5169 E_h^2, pmove=0.50
2026-06-09 02:18:31,227 - Step 03216: 19227.1914 E_h, exp. variance=2.3779 E_h^2, pmove=0.50
2026-06-09 02:18:31,580 - Step 03217: 19227.0664 E_h, exp. variance=2.2103 E_h^2, pmove=0.50
2026-06-09 02:18:31,928 - Step 03218: 19229.1621 E_h, exp. variance=2.7412 E_h^2, pmove=0.50
2026-06-09 02:18:32,275 - Step 03219: 19225.4277 E_h, exp. variance=2.5826 E_h^2, pmove=0.49
2026-06-09 02:18:32,624 - Step 03220: 19229.1289 E_h, exp. variance=2.9716 E_h^2, pmove=0.50
2026-06-09 02:18:32,971 - Step 03221: 19230.2930 E_h, exp. variance=3.8267 E_h^2, pmove=0.50
2026-06-09 02:18:33,319 - Step 03222: 19230.1348 E_h, exp. variance=4.2881 E_h^2, pmove=0.50
2026-06-09 02:18:33,665 - Step 03223: 19229.7129 E_h, exp. variance=4.3496 E_h^2, pmove=0.50
2026-06-09 02:18:34,016 - Step 03224: 19229.3555 E_h, exp. variance=4.1878 E_h^2, pmove=0.50
2026-06-09 02:18:34,366 - Step 03225: 19228.5898 E_h, exp. variance=3.8270 E_h^2, pmove=0.50
2026-06-09 02:18:34,714 - Step 03226: 19226.4180 E_h, exp. variance=3.6333 E_h^2, pmove=0.50
2026-06-09 02:18:35,063 - Step 03227: 19227.6680 E_h, exp. variance=3.2703 E_h^2, pmove=0.50
2026-06-09 02:18:35,412 - Step 03228: 19227.7773 E_h, exp. variance=2.9436 E_h^2, pmove=0.50
2026-06-09 02:18:35,763 - Step 03229: 19227.2207 E_h, exp. variance=2.6719 E_h^2, pmove=0.50
2026-06-09 02:18:36,116 - Step 03230: 19226.9375 E_h, exp. variance=2.4532 E_h^2, pmove=0.50
2026-06-09 02:18:36,467 - Step 03231: 19227.3984 E_h, exp. variance=2.2115 E_h^2, pmove=0.50
2026-06-09 02:18:36,817 - Step 03232: 19229.2031 E_h, exp. variance=2.2280 E_h^2, pmove=0.50
2026-06-09 02:18:37,168 - Step 03233: 19225.5469 E_h, exp. variance=2.4382 E_h^2, pmove=0.50
2026-06-09 02:18:37,515 - Step 03234: 19229.2852 E_h, exp. variance=2.4743 E_h^2, pmove=0.50
2026-06-09 02:18:37,863 - Step 03235: 19225.5938 E_h, exp. variance=2.6251 E_h^2, pmove=0.50
2026-06-09 02:18:38,211 - Step 03236: 19226.5098 E_h, exp. variance=2.4484 E_h^2, pmove=0.50
2026-06-09 02:18:38,560 - Step 03237: 19228.0098 E_h, exp. variance=2.2383 E_h^2, pmove=0.49
2026-06-09 02:18:38,909 - Step 03238: 19226.9727 E_h, exp. variance=2.0351 E_h^2, pmove=0.50
2026-06-09 02:18:39,260 - Step 03239: 19227.5820 E_h, exp. variance=1.8345 E_h^2, pmove=0.50
2026-06-09 02:18:39,611 - Step 03240: 19227.5430 E_h, exp. variance=1.6524 E_h^2, pmove=0.50
2026-06-09 02:18:39,963 - Step 03241: 19227.4570 E_h, exp. variance=1.4872 E_h^2, pmove=0.50
2026-06-09 02:18:40,314 - Step 03242: 19226.1406 E_h, exp. variance=1.4889 E_h^2, pmove=0.50
2026-06-09 02:18:40,663 - Step 03243: 19226.8125 E_h, exp. variance=1.3619 E_h^2, pmove=0.50
2026-06-09 02:18:41,015 - Step 03244: 19225.8281 E_h, exp. variance=1.4091 E_h^2, pmove=0.50
2026-06-09 02:18:41,367 - Step 03245: 19229.7031 E_h, exp. variance=1.8719 E_h^2, pmove=0.50
2026-06-09 02:18:41,716 - Step 03246: 19226.8555 E_h, exp. variance=1.7088 E_h^2, pmove=0.49
2026-06-09 02:18:42,064 - Step 03247: 19230.1309 E_h, exp. variance=2.2488 E_h^2, pmove=0.50
2026-06-09 02:18:42,413 - Step 03248: 19226.4727 E_h, exp. variance=2.1387 E_h^2, pmove=0.50
2026-06-09 02:18:42,762 - Step 03249: 19229.2461 E_h, exp. variance=2.2029 E_h^2, pmove=0.50
2026-06-09 02:18:43,111 - Step 03250: 19228.5547 E_h, exp. variance=2.0540 E_h^2, pmove=0.50
2026-06-09 02:18:43,459 - Step 03251: 19227.5703 E_h, exp. variance=1.8516 E_h^2, pmove=0.50
2026-06-09 02:18:43,810 - Step 03252: 19229.6016 E_h, exp. variance=1.9796 E_h^2, pmove=0.50
2026-06-09 02:18:44,162 - Step 03253: 19227.5742 E_h, exp. variance=1.7925 E_h^2, pmove=0.50
2026-06-09 02:18:44,513 - Step 03254: 19228.2148 E_h, exp. variance=1.6229 E_h^2, pmove=0.50
2026-06-09 02:18:44,871 - Step 03255: 19225.6270 E_h, exp. variance=1.9338 E_h^2, pmove=0.50
2026-06-09 02:18:45,221 - Step 03256: 19226.5312 E_h, exp. variance=1.8616 E_h^2, pmove=0.50
2026-06-09 02:18:45,570 - Step 03257: 19227.5449 E_h, exp. variance=1.6755 E_h^2, pmove=0.50
2026-06-09 02:18:45,919 - Step 03258: 19226.5781 E_h, exp. variance=1.5969 E_h^2, pmove=0.50
2026-06-09 02:18:46,271 - Step 03259: 19227.7520 E_h, exp. variance=1.4442 E_h^2, pmove=0.50
2026-06-09 02:18:46,619 - Step 03260: 19227.3066 E_h, exp. variance=1.3032 E_h^2, pmove=0.50
2026-06-09 02:18:46,970 - Step 03261: 19226.7852 E_h, exp. variance=1.2164 E_h^2, pmove=0.51
2026-06-09 02:18:47,321 - Step 03262: 19227.3594 E_h, exp. variance=1.0950 E_h^2, pmove=0.50
2026-06-09 02:18:47,670 - Step 03263: 19226.8672 E_h, exp. variance=1.0114 E_h^2, pmove=0.49
2026-06-09 02:18:48,019 - Step 03264: 19228.0508 E_h, exp. variance=0.9543 E_h^2, pmove=0.50
2026-06-09 02:18:48,369 - Step 03265: 19226.8477 E_h, exp. variance=0.8885 E_h^2, pmove=0.50
2026-06-09 02:18:48,716 - Step 03266: 19228.7871 E_h, exp. variance=0.9816 E_h^2, pmove=0.50
2026-06-09 02:18:49,065 - Step 03267: 19228.6582 E_h, exp. variance=1.0026 E_h^2, pmove=0.50
2026-06-09 02:18:49,415 - Step 03268: 19227.7773 E_h, exp. variance=0.9045 E_h^2, pmove=0.50
2026-06-09 02:18:49,765 - Step 03269: 19228.7969 E_h, exp. variance=0.9348 E_h^2, pmove=0.50
2026-06-09 02:18:50,113 - Step 03270: 19228.2070 E_h, exp. variance=0.8598 E_h^2, pmove=0.49
2026-06-09 02:18:50,462 - Step 03271: 19229.1953 E_h, exp. variance=0.9493 E_h^2, pmove=0.49
2026-06-09 02:18:50,811 - Step 03272: 19224.8770 E_h, exp. variance=1.6974 E_h^2, pmove=0.50
2026-06-09 02:18:51,160 - Step 03273: 19225.9414 E_h, exp. variance=1.7845 E_h^2, pmove=0.50
2026-06-09 02:18:51,507 - Step 03274: 19226.2930 E_h, exp. variance=1.7289 E_h^2, pmove=0.50
2026-06-09 02:18:51,856 - Step 03275: 19227.8828 E_h, exp. variance=1.5821 E_h^2, pmove=0.50
2026-06-09 02:18:52,207 - Step 03276: 19225.9219 E_h, exp. variance=1.6201 E_h^2, pmove=0.50
2026-06-09 02:18:52,556 - Step 03277: 19228.4512 E_h, exp. variance=1.5880 E_h^2, pmove=0.50
2026-06-09 02:18:52,906 - Step 03278: 19228.4551 E_h, exp. variance=1.5349 E_h^2, pmove=0.49
2026-06-09 02:18:53,257 - Step 03279: 19228.6445 E_h, exp. variance=1.5034 E_h^2, pmove=0.50
2026-06-09 02:18:53,611 - Step 03280: 19227.6094 E_h, exp. variance=1.3531 E_h^2, pmove=0.50
2026-06-09 02:18:53,964 - Step 03281: 19225.0469 E_h, exp. variance=1.8042 E_h^2, pmove=0.50
2026-06-09 02:18:54,316 - Step 03282: 19226.2988 E_h, exp. variance=1.7221 E_h^2, pmove=0.50
2026-06-09 02:18:54,668 - Step 03283: 19226.9961 E_h, exp. variance=1.5551 E_h^2, pmove=0.50
2026-06-09 02:18:55,018 - Step 03284: 19225.9141 E_h, exp. variance=1.5519 E_h^2, pmove=0.50
2026-06-09 02:18:55,368 - Step 03285: 19227.6914 E_h, exp. variance=1.4299 E_h^2, pmove=0.50
2026-06-09 02:18:55,719 - Step 03286: 19226.9355 E_h, exp. variance=1.2909 E_h^2, pmove=0.50
2026-06-09 02:18:56,074 - Step 03287: 19227.0879 E_h, exp. variance=1.1619 E_h^2, pmove=0.51
2026-06-09 02:18:56,424 - Step 03288: 19224.8359 E_h, exp. variance=1.5149 E_h^2, pmove=0.50
2026-06-09 02:18:56,774 - Step 03289: 19226.4141 E_h, exp. variance=1.3838 E_h^2, pmove=0.50
2026-06-09 02:18:57,122 - Step 03290: 19226.2461 E_h, exp. variance=1.2776 E_h^2, pmove=0.50
2026-06-09 02:18:57,470 - Step 03291: 19227.0977 E_h, exp. variance=1.1587 E_h^2, pmove=0.50
2026-06-09 02:18:57,822 - Step 03292: 19226.8691 E_h, exp. variance=1.0431 E_h^2, pmove=0.49
2026-06-09 02:18:58,172 - Step 03293: 19226.3691 E_h, exp. variance=0.9571 E_h^2, pmove=0.51
2026-06-09 02:18:58,522 - Step 03294: 19227.8047 E_h, exp. variance=0.9568 E_h^2, pmove=0.50
2026-06-09 02:18:58,870 - Step 03295: 19226.6699 E_h, exp. variance=0.8650 E_h^2, pmove=0.50
2026-06-09 02:18:59,221 - Step 03296: 19226.4395 E_h, exp. variance=0.7942 E_h^2, pmove=0.50
2026-06-09 02:18:59,570 - Step 03297: 19227.2266 E_h, exp. variance=0.7300 E_h^2, pmove=0.50
2026-06-09 02:18:59,919 - Step 03298: 19228.0234 E_h, exp. variance=0.7793 E_h^2, pmove=0.50
2026-06-09 02:19:00,269 - Step 03299: 19226.6562 E_h, exp. variance=0.7105 E_h^2, pmove=0.50
2026-06-09 02:19:00,618 - Step 03300: 19227.9492 E_h, exp. variance=0.7305 E_h^2, pmove=0.50
2026-06-09 02:19:00,968 - Step 03301: 19227.5762 E_h, exp. variance=0.6831 E_h^2, pmove=0.49
2026-06-09 02:19:01,320 - Step 03302: 19227.2930 E_h, exp. variance=0.6183 E_h^2, pmove=0.50
2026-06-09 02:19:01,669 - Step 03303: 19227.3906 E_h, exp. variance=0.5633 E_h^2, pmove=0.50
2026-06-09 02:19:02,015 - Step 03304: 19228.7461 E_h, exp. variance=0.7383 E_h^2, pmove=0.50
2026-06-09 02:19:02,363 - Step 03305: 19228.1094 E_h, exp. variance=0.7231 E_h^2, pmove=0.50
2026-06-09 02:19:02,714 - Step 03306: 19228.7852 E_h, exp. variance=0.8278 E_h^2, pmove=0.49
2026-06-09 02:19:03,061 - Step 03307: 19229.4531 E_h, exp. variance=1.0801 E_h^2, pmove=0.50
2026-06-09 02:19:03,408 - Step 03308: 19227.0078 E_h, exp. variance=1.0173 E_h^2, pmove=0.50
2026-06-09 02:19:03,762 - Step 03309: 19228.5762 E_h, exp. variance=0.9934 E_h^2, pmove=0.50
2026-06-09 02:19:04,111 - Step 03310: 19227.5059 E_h, exp. variance=0.8990 E_h^2, pmove=0.50
2026-06-09 02:19:04,461 - Step 03311: 19228.4102 E_h, exp. variance=0.8524 E_h^2, pmove=0.50
2026-06-09 02:19:04,809 - Step 03312: 19227.2383 E_h, exp. variance=0.7940 E_h^2, pmove=0.50
2026-06-09 02:19:05,161 - Step 03313: 19228.8633 E_h, exp. variance=0.8301 E_h^2, pmove=0.50
2026-06-09 02:19:05,513 - Step 03314: 19228.6133 E_h, exp. variance=0.8004 E_h^2, pmove=0.50
2026-06-09 02:19:05,863 - Step 03315: 19229.0742 E_h, exp. variance=0.8403 E_h^2, pmove=0.51
2026-06-09 02:19:06,215 - Step 03316: 19227.8105 E_h, exp. variance=0.7608 E_h^2, pmove=0.50
2026-06-09 02:19:06,567 - Step 03317: 19227.2344 E_h, exp. variance=0.7391 E_h^2, pmove=0.50
2026-06-09 02:19:06,918 - Step 03318: 19227.6992 E_h, exp. variance=0.6701 E_h^2, pmove=0.50
2026-06-09 02:19:07,280 - Step 03319: 19227.4297 E_h, exp. variance=0.6239 E_h^2, pmove=0.50
2026-06-09 02:19:07,630 - Step 03320: 19229.3496 E_h, exp. variance=0.7609 E_h^2, pmove=0.50
2026-06-09 02:19:07,981 - Step 03321: 19226.2656 E_h, exp. variance=0.9586 E_h^2, pmove=0.51
2026-06-09 02:19:08,330 - Step 03322: 19225.3691 E_h, exp. variance=1.4104 E_h^2, pmove=0.50
2026-06-09 02:19:08,681 - Step 03323: 19225.9961 E_h, exp. variance=1.4979 E_h^2, pmove=0.50
2026-06-09 02:19:09,031 - Step 03324: 19226.0117 E_h, exp. variance=1.5291 E_h^2, pmove=0.50
2026-06-09 02:19:09,382 - Step 03325: 19227.1270 E_h, exp. variance=1.3785 E_h^2, pmove=0.49
2026-06-09 02:19:09,735 - Step 03326: 19227.5078 E_h, exp. variance=1.2457 E_h^2, pmove=0.50
2026-06-09 02:19:10,117 - Step 03327: 19225.7031 E_h, exp. variance=1.3491 E_h^2, pmove=0.50
2026-06-09 02:19:10,471 - Step 03328: 19226.1992 E_h, exp. variance=1.2933 E_h^2, pmove=0.50
2026-06-09 02:19:10,825 - Step 03329: 19227.0117 E_h, exp. variance=1.1641 E_h^2, pmove=0.50
2026-06-09 02:19:11,180 - Step 03330: 19224.2969 E_h, exp. variance=1.7244 E_h^2, pmove=0.50
2026-06-09 02:19:11,532 - Step 03331: 19226.5078 E_h, exp. variance=1.5580 E_h^2, pmove=0.51
2026-06-09 02:19:11,886 - Step 03332: 19224.9590 E_h, exp. variance=1.6877 E_h^2, pmove=0.50
2026-06-09 02:19:12,238 - Step 03333: 19223.7441 E_h, exp. variance=2.2338 E_h^2, pmove=0.50
2026-06-09 02:19:12,590 - Step 03334: 19224.3711 E_h, exp. variance=2.3388 E_h^2, pmove=0.51
2026-06-09 02:19:12,938 - Step 03335: 19223.7246 E_h, exp. variance=2.6085 E_h^2, pmove=0.50
2026-06-09 02:19:13,288 - Step 03336: 19224.3750 E_h, exp. variance=2.5443 E_h^2, pmove=0.50
2026-06-09 02:19:13,637 - Step 03337: 19227.9844 E_h, exp. variance=2.7575 E_h^2, pmove=0.50
2026-06-09 02:19:13,987 - Step 03338: 19224.5977 E_h, exp. variance=2.6424 E_h^2, pmove=0.50
2026-06-09 02:19:14,339 - Step 03339: 19226.9883 E_h, exp. variance=2.5050 E_h^2, pmove=0.51
2026-06-09 02:19:14,688 - Step 03340: 19226.2031 E_h, exp. variance=2.2617 E_h^2, pmove=0.50
2026-06-09 02:19:15,040 - Step 03341: 19226.1602 E_h, exp. variance=2.0396 E_h^2, pmove=0.49
2026-06-09 02:19:15,391 - Step 03342: 19225.9766 E_h, exp. variance=1.8356 E_h^2, pmove=0.50
2026-06-09 02:19:15,740 - Step 03343: 19223.8477 E_h, exp. variance=2.0577 E_h^2, pmove=0.50
2026-06-09 02:19:16,090 - Step 03344: 19226.6270 E_h, exp. variance=1.9199 E_h^2, pmove=0.50
2026-06-09 02:19:16,440 - Step 03345: 19222.5684 E_h, exp. variance=2.6935 E_h^2, pmove=0.50
2026-06-09 02:19:16,793 - Step 03346: 19224.2656 E_h, exp. variance=2.5648 E_h^2, pmove=0.50
2026-06-09 02:19:17,146 - Step 03347: 19223.9258 E_h, exp. variance=2.5014 E_h^2, pmove=0.50
2026-06-09 02:19:17,500 - Step 03348: 19226.6602 E_h, exp. variance=2.4317 E_h^2, pmove=0.51
2026-06-09 02:19:17,850 - Step 03349: 19222.9043 E_h, exp. variance=2.7432 E_h^2, pmove=0.50
2026-06-09 02:19:18,203 - Step 03350: 19227.0801 E_h, exp. variance=2.8081 E_h^2, pmove=0.50
2026-06-09 02:19:18,553 - Step 03351: 19225.5801 E_h, exp. variance=2.5328 E_h^2, pmove=0.50
2026-06-09 02:19:18,902 - Step 03352: 19226.3184 E_h, exp. variance=2.3626 E_h^2, pmove=0.51
2026-06-09 02:19:19,254 - Step 03353: 19226.2734 E_h, exp. variance=2.1869 E_h^2, pmove=0.51
2026-06-09 02:19:19,603 - Step 03354: 19227.5938 E_h, exp. variance=2.3496 E_h^2, pmove=0.50
2026-06-09 02:19:19,952 - Step 03355: 19226.2070 E_h, exp. variance=2.1343 E_h^2, pmove=0.50
2026-06-09 02:19:20,301 - Step 03356: 19227.6465 E_h, exp. variance=2.2320 E_h^2, pmove=0.50
2026-06-09 02:19:20,649 - Step 03357: 19227.6133 E_h, exp. variance=2.2511 E_h^2, pmove=0.50
2026-06-09 02:19:21,017 - Step 03358: 19227.9297 E_h, exp. variance=2.3153 E_h^2, pmove=0.50
2026-06-09 02:19:21,397 - Step 03359: 19227.4062 E_h, exp. variance=2.1906 E_h^2, pmove=0.49
2026-06-09 02:19:21,748 - Step 03360: 19227.6152 E_h, exp. variance=2.0989 E_h^2, pmove=0.50
2026-06-09 02:19:22,101 - Step 03361: 19228.1152 E_h, exp. variance=2.1110 E_h^2, pmove=0.50
2026-06-09 02:19:22,453 - Step 03362: 19226.1523 E_h, exp. variance=1.9270 E_h^2, pmove=0.50
2026-06-09 02:19:22,803 - Step 03363: 19227.4805 E_h, exp. variance=1.7969 E_h^2, pmove=0.50
2026-06-09 02:19:23,163 - Step 03364: 19227.6055 E_h, exp. variance=1.6861 E_h^2, pmove=0.50
2026-06-09 02:19:23,508 - Step 03365: 19226.0371 E_h, exp. variance=1.5724 E_h^2, pmove=0.50
2026-06-09 02:19:23,859 - Step 03366: 19226.3711 E_h, exp. variance=1.4274 E_h^2, pmove=0.50
2026-06-09 02:19:24,206 - Step 03367: 19225.6992 E_h, exp. variance=1.3754 E_h^2, pmove=0.50
2026-06-09 02:19:24,556 - Step 03368: 19227.1230 E_h, exp. variance=1.2621 E_h^2, pmove=0.50
2026-06-09 02:19:24,924 - Step 03369: 19226.2129 E_h, exp. variance=1.1536 E_h^2, pmove=0.50
2026-06-09 02:19:25,283 - Step 03370: 19226.4297 E_h, exp. variance=1.0412 E_h^2, pmove=0.50
2026-06-09 02:19:25,638 - Step 03371: 19223.9453 E_h, exp. variance=1.5684 E_h^2, pmove=0.50
2026-06-09 02:19:25,990 - Step 03372: 19223.9902 E_h, exp. variance=1.9035 E_h^2, pmove=0.50
2026-06-09 02:19:26,338 - Step 03373: 19224.6445 E_h, exp. variance=1.9021 E_h^2, pmove=0.50
2026-06-09 02:19:26,686 - Step 03374: 19225.7520 E_h, exp. variance=1.7154 E_h^2, pmove=0.50
2026-06-09 02:19:27,036 - Step 03375: 19225.3418 E_h, exp. variance=1.5750 E_h^2, pmove=0.50
2026-06-09 02:19:27,387 - Step 03376: 19225.6621 E_h, exp. variance=1.4214 E_h^2, pmove=0.50
2026-06-09 02:19:27,736 - Step 03377: 19226.5234 E_h, exp. variance=1.3201 E_h^2, pmove=0.50
2026-06-09 02:19:28,086 - Step 03378: 19229.0000 E_h, exp. variance=2.0430 E_h^2, pmove=0.50
2026-06-09 02:19:28,437 - Step 03379: 19228.0781 E_h, exp. variance=2.1473 E_h^2, pmove=0.50
2026-06-09 02:19:28,784 - Step 03380: 19227.8359 E_h, exp. variance=2.1150 E_h^2, pmove=0.50
2026-06-09 02:19:29,136 - Step 03381: 19226.7188 E_h, exp. variance=1.9059 E_h^2, pmove=0.50
2026-06-09 02:19:29,484 - Step 03382: 19228.0957 E_h, exp. variance=1.9247 E_h^2, pmove=0.50
2026-06-09 02:19:29,835 - Step 03383: 19228.2246 E_h, exp. variance=1.9353 E_h^2, pmove=0.50
2026-06-09 02:19:30,207 - Step 03384: 19227.6797 E_h, exp. variance=1.8003 E_h^2, pmove=0.50
2026-06-09 02:19:30,553 - Step 03385: 19227.5742 E_h, exp. variance=1.6550 E_h^2, pmove=0.49
2026-06-09 02:19:30,904 - Step 03386: 19227.8320 E_h, exp. variance=1.5495 E_h^2, pmove=0.50
2026-06-09 02:19:31,253 - Step 03387: 19226.2402 E_h, exp. variance=1.4607 E_h^2, pmove=0.50
2026-06-09 02:19:31,602 - Step 03388: 19227.2031 E_h, exp. variance=1.3179 E_h^2, pmove=0.50
2026-06-09 02:19:31,951 - Step 03389: 19227.1445 E_h, exp. variance=1.1873 E_h^2, pmove=0.50
2026-06-09 02:19:32,304 - Step 03390: 19227.5508 E_h, exp. variance=1.0918 E_h^2, pmove=0.50
2026-06-09 02:19:32,654 - Step 03391: 19227.1523 E_h, exp. variance=0.9829 E_h^2, pmove=0.50
2026-06-09 02:19:33,005 - Step 03392: 19228.1152 E_h, exp. variance=0.9775 E_h^2, pmove=0.50
2026-06-09 02:19:33,360 - Step 03393: 19227.0781 E_h, exp. variance=0.8811 E_h^2, pmove=0.50
2026-06-09 02:19:33,718 - Step 03394: 19226.3125 E_h, exp. variance=0.8622 E_h^2, pmove=0.50
2026-06-09 02:19:34,070 - Step 03395: 19225.4492 E_h, exp. variance=1.0217 E_h^2, pmove=0.50
2026-06-09 02:19:34,422 - Step 03396: 19223.4043 E_h, exp. variance=2.0418 E_h^2, pmove=0.50
2026-06-09 02:19:34,770 - Step 03397: 19224.7676 E_h, exp. variance=2.1339 E_h^2, pmove=0.50
2026-06-09 02:19:35,116 - Step 03398: 19224.3516 E_h, exp. variance=2.2983 E_h^2, pmove=0.50
2026-06-09 02:19:35,465 - Step 03399: 19225.2832 E_h, exp. variance=2.1434 E_h^2, pmove=0.50
2026-06-09 02:19:35,813 - Step 03400: 19227.3945 E_h, exp. variance=2.0790 E_h^2, pmove=0.49
2026-06-09 02:19:36,167 - Step 03401: 19226.0117 E_h, exp. variance=1.8755 E_h^2, pmove=0.50
2026-06-09 02:19:36,516 - Step 03402: 19228.3535 E_h, exp. variance=2.1011 E_h^2, pmove=0.50
2026-06-09 02:19:36,871 - Step 03403: 19225.7832 E_h, exp. variance=1.9282 E_h^2, pmove=0.50
2026-06-09 02:19:37,223 - Step 03404: 19228.2656 E_h, exp. variance=2.0617 E_h^2, pmove=0.51
2026-06-09 02:19:37,573 - Step 03405: 19228.3906 E_h, exp. variance=2.1602 E_h^2, pmove=0.50
2026-06-09 02:19:37,921 - Step 03406: 19227.2852 E_h, exp. variance=1.9715 E_h^2, pmove=0.50
2026-06-09 02:19:38,270 - Step 03407: 19226.9043 E_h, exp. variance=1.7755 E_h^2, pmove=0.50
2026-06-09 02:19:38,621 - Step 03408: 19226.4414 E_h, exp. variance=1.6096 E_h^2, pmove=0.50
2026-06-09 02:19:38,972 - Step 03409: 19228.1426 E_h, exp. variance=1.6193 E_h^2, pmove=0.50
2026-06-09 02:19:39,323 - Step 03410: 19226.5859 E_h, exp. variance=1.4664 E_h^2, pmove=0.50
2026-06-09 02:19:39,677 - Step 03411: 19226.1445 E_h, exp. variance=1.3672 E_h^2, pmove=0.51
2026-06-09 02:19:40,031 - Step 03412: 19226.7617 E_h, exp. variance=1.2306 E_h^2, pmove=0.50
2026-06-09 02:19:40,379 - Step 03413: 19228.6953 E_h, exp. variance=1.4326 E_h^2, pmove=0.50
2026-06-09 02:19:40,730 - Step 03414: 19227.6172 E_h, exp. variance=1.3254 E_h^2, pmove=0.50
2026-06-09 02:19:41,080 - Step 03415: 19227.1289 E_h, exp. variance=1.1935 E_h^2, pmove=0.50
2026-06-09 02:19:41,427 - Step 03416: 19227.6719 E_h, exp. variance=1.1084 E_h^2, pmove=0.49
2026-06-09 02:19:41,776 - Step 03417: 19226.8555 E_h, exp. variance=1.0037 E_h^2, pmove=0.50
2026-06-09 02:19:42,124 - Step 03418: 19227.6602 E_h, exp. variance=0.9324 E_h^2, pmove=0.50
2026-06-09 02:19:42,472 - Step 03419: 19226.7148 E_h, exp. variance=0.8561 E_h^2, pmove=0.50
2026-06-09 02:19:42,823 - Step 03420: 19228.1465 E_h, exp. variance=0.8680 E_h^2, pmove=0.50
2026-06-09 02:19:43,171 - Step 03421: 19227.1484 E_h, exp. variance=0.7815 E_h^2, pmove=0.50
2026-06-09 02:19:43,521 - Step 03422: 19228.5977 E_h, exp. variance=0.8784 E_h^2, pmove=0.51
2026-06-09 02:19:43,868 - Step 03423: 19226.8906 E_h, exp. variance=0.8089 E_h^2, pmove=0.50
2026-06-09 02:19:44,219 - Step 03424: 19228.6035 E_h, exp. variance=0.8817 E_h^2, pmove=0.50
2026-06-09 02:19:44,570 - Step 03425: 19228.1602 E_h, exp. variance=0.8418 E_h^2, pmove=0.50
2026-06-09 02:19:44,917 - Step 03426: 19227.8359 E_h, exp. variance=0.7678 E_h^2, pmove=0.50
2026-06-09 02:19:45,264 - Step 03427: 19231.0039 E_h, exp. variance=1.7751 E_h^2, pmove=0.50
2026-06-09 02:19:45,615 - Step 03428: 19228.6523 E_h, exp. variance=1.6512 E_h^2, pmove=0.49
2026-06-09 02:19:45,965 - Step 03429: 19227.8496 E_h, exp. variance=1.4871 E_h^2, pmove=0.50
2026-06-09 02:19:46,315 - Step 03430: 19225.4043 E_h, exp. variance=1.9195 E_h^2, pmove=0.50
2026-06-09 02:19:46,666 - Step 03431: 19226.1641 E_h, exp. variance=1.9375 E_h^2, pmove=0.50
2026-06-09 02:19:47,016 - Step 03432: 19227.1016 E_h, exp. variance=1.7610 E_h^2, pmove=0.50
2026-06-09 02:19:47,365 - Step 03433: 19226.4023 E_h, exp. variance=1.6925 E_h^2, pmove=0.50
2026-06-09 02:19:47,711 - Step 03434: 19225.3418 E_h, exp. variance=1.8996 E_h^2, pmove=0.50
2026-06-09 02:19:48,061 - Step 03435: 19226.9043 E_h, exp. variance=1.7166 E_h^2, pmove=0.50
2026-06-09 02:19:48,408 - Step 03436: 19223.6973 E_h, exp. variance=2.6205 E_h^2, pmove=0.50
2026-06-09 02:19:48,758 - Step 03437: 19225.6836 E_h, exp. variance=2.4724 E_h^2, pmove=0.50
2026-06-09 02:19:49,105 - Step 03438: 19223.5742 E_h, exp. variance=3.1019 E_h^2, pmove=0.51
2026-06-09 02:19:49,463 - Step 03439: 19228.3496 E_h, exp. variance=3.1398 E_h^2, pmove=0.50
2026-06-09 02:19:49,812 - Step 03440: 19226.3555 E_h, exp. variance=2.8304 E_h^2, pmove=0.50
2026-06-09 02:19:50,161 - Step 03441: 19229.4707 E_h, exp. variance=3.3106 E_h^2, pmove=0.50
2026-06-09 02:19:50,510 - Step 03442: 19224.2305 E_h, exp. variance=3.5969 E_h^2, pmove=0.50
2026-06-09 02:19:50,859 - Step 03443: 19228.5820 E_h, exp. variance=3.5951 E_h^2, pmove=0.51
2026-06-09 02:19:51,212 - Step 03444: 19226.1250 E_h, exp. variance=3.2751 E_h^2, pmove=0.49
2026-06-09 02:19:51,563 - Step 03445: 19226.3047 E_h, exp. variance=2.9631 E_h^2, pmove=0.51
2026-06-09 02:19:51,912 - Step 03446: 19224.0645 E_h, exp. variance=3.2824 E_h^2, pmove=0.49
2026-06-09 02:19:52,263 - Step 03447: 19226.4258 E_h, exp. variance=2.9541 E_h^2, pmove=0.50
2026-06-09 02:19:52,611 - Step 03448: 19226.2266 E_h, exp. variance=2.6620 E_h^2, pmove=0.50
2026-06-09 02:19:53,712 - Step 03449: 19225.0508 E_h, exp. variance=2.5593 E_h^2, pmove=0.50
2026-06-09 02:19:54,063 - Step 03450: 19226.1836 E_h, exp. variance=2.3039 E_h^2, pmove=0.50
2026-06-09 02:19:54,412 - Step 03451: 19226.7539 E_h, exp. variance=2.0959 E_h^2, pmove=0.50
2026-06-09 02:19:54,763 - Step 03452: 19227.5742 E_h, exp. variance=2.0313 E_h^2, pmove=0.50
2026-06-09 02:19:55,112 - Step 03453: 19227.6504 E_h, exp. variance=1.9619 E_h^2, pmove=0.50
2026-06-09 02:19:55,461 - Step 03454: 19225.5879 E_h, exp. variance=1.8495 E_h^2, pmove=0.50
2026-06-09 02:19:55,811 - Step 03455: 19225.4473 E_h, exp. variance=1.7563 E_h^2, pmove=0.50
2026-06-09 02:19:56,161 - Step 03456: 19225.6367 E_h, exp. variance=1.6272 E_h^2, pmove=0.51
2026-06-09 02:19:56,510 - Step 03457: 19227.9492 E_h, exp. variance=1.7142 E_h^2, pmove=0.50
2026-06-09 02:19:56,860 - Step 03458: 19226.6328 E_h, exp. variance=1.5459 E_h^2, pmove=0.50
2026-06-09 02:19:57,211 - Step 03459: 19226.4961 E_h, exp. variance=1.3913 E_h^2, pmove=0.50
2026-06-09 02:19:57,561 - Step 03460: 19225.4375 E_h, exp. variance=1.3479 E_h^2, pmove=0.50
2026-06-09 02:19:57,908 - Step 03461: 19226.6504 E_h, exp. variance=1.2204 E_h^2, pmove=0.51
2026-06-09 02:19:58,256 - Step 03462: 19224.8242 E_h, exp. variance=1.3203 E_h^2, pmove=0.50
2026-06-09 02:19:58,604 - Step 03463: 19225.0312 E_h, exp. variance=1.3194 E_h^2, pmove=0.50
2026-06-09 02:19:58,950 - Step 03464: 19226.9316 E_h, exp. variance=1.2472 E_h^2, pmove=0.50
2026-06-09 02:19:59,300 - Step 03465: 19224.6016 E_h, exp. variance=1.3522 E_h^2, pmove=0.50
2026-06-09 02:19:59,654 - Step 03466: 19225.3164 E_h, exp. variance=1.2640 E_h^2, pmove=0.50
2026-06-09 02:20:00,005 - Step 03467: 19227.2852 E_h, exp. variance=1.2940 E_h^2, pmove=0.51
2026-06-09 02:20:00,360 - Step 03468: 19225.4551 E_h, exp. variance=1.2018 E_h^2, pmove=0.50
2026-06-09 02:20:00,711 - Step 03469: 19226.7617 E_h, exp. variance=1.1294 E_h^2, pmove=0.50
2026-06-09 02:20:01,063 - Step 03470: 19227.1211 E_h, exp. variance=1.1092 E_h^2, pmove=0.49
2026-06-09 02:20:01,413 - Step 03471: 19227.5625 E_h, exp. variance=1.1637 E_h^2, pmove=0.50
2026-06-09 02:20:01,765 - Step 03472: 19228.0664 E_h, exp. variance=1.3150 E_h^2, pmove=0.49
2026-06-09 02:20:02,114 - Step 03473: 19227.0547 E_h, exp. variance=1.2098 E_h^2, pmove=0.50
2026-06-09 02:20:02,463 - Step 03474: 19227.1855 E_h, exp. variance=1.1231 E_h^2, pmove=0.50
2026-06-09 02:20:02,814 - Step 03475: 19226.7852 E_h, exp. variance=1.0130 E_h^2, pmove=0.50
2026-06-09 02:20:03,164 - Step 03476: 19225.1289 E_h, exp. variance=1.1189 E_h^2, pmove=0.50
2026-06-09 02:20:03,515 - Step 03477: 19226.7969 E_h, exp. variance=1.0153 E_h^2, pmove=0.51
2026-06-09 02:20:03,863 - Step 03478: 19223.2754 E_h, exp. variance=1.8633 E_h^2, pmove=0.50
2026-06-09 02:20:04,214 - Step 03479: 19225.2969 E_h, exp. variance=1.7502 E_h^2, pmove=0.50
2026-06-09 02:20:04,564 - Step 03480: 19224.5020 E_h, exp. variance=1.8077 E_h^2, pmove=0.50
2026-06-09 02:20:04,912 - Step 03481: 19225.5664 E_h, exp. variance=1.6401 E_h^2, pmove=0.50
2026-06-09 02:20:05,269 - Step 03482: 19226.1758 E_h, exp. variance=1.4825 E_h^2, pmove=0.50
2026-06-09 02:20:05,622 - Step 03483: 19225.8242 E_h, exp. variance=1.3354 E_h^2, pmove=0.50
2026-06-09 02:20:05,974 - Step 03484: 19224.9688 E_h, exp. variance=1.2843 E_h^2, pmove=0.51
2026-06-09 02:20:06,327 - Step 03485: 19225.7109 E_h, exp. variance=1.1571 E_h^2, pmove=0.49
2026-06-09 02:20:06,677 - Step 03486: 19226.5059 E_h, exp. variance=1.0840 E_h^2, pmove=0.50
2026-06-09 02:20:07,025 - Step 03487: 19226.2988 E_h, exp. variance=0.9908 E_h^2, pmove=0.50
2026-06-09 02:20:07,376 - Step 03488: 19227.2578 E_h, exp. variance=1.0510 E_h^2, pmove=0.50
2026-06-09 02:20:07,728 - Step 03489: 19225.7266 E_h, exp. variance=0.9559 E_h^2, pmove=0.50
2026-06-09 02:20:08,078 - Step 03490: 19226.0645 E_h, exp. variance=0.8605 E_h^2, pmove=0.50
2026-06-09 02:20:08,427 - Step 03491: 19224.7930 E_h, exp. variance=0.9124 E_h^2, pmove=0.50
2026-06-09 02:20:08,775 - Step 03492: 19227.6758 E_h, exp. variance=1.1024 E_h^2, pmove=0.50
2026-06-09 02:20:09,125 - Step 03493: 19225.8184 E_h, exp. variance=0.9986 E_h^2, pmove=0.50
2026-06-09 02:20:09,474 - Step 03494: 19226.6113 E_h, exp. variance=0.9262 E_h^2, pmove=0.50
2026-06-09 02:20:09,822 - Step 03495: 19226.5762 E_h, exp. variance=0.8529 E_h^2, pmove=0.50
2026-06-09 02:20:10,173 - Step 03496: 19227.0977 E_h, exp. variance=0.8467 E_h^2, pmove=0.50
2026-06-09 02:20:10,521 - Step 03497: 19229.0664 E_h, exp. variance=1.4739 E_h^2, pmove=0.50
2026-06-09 02:20:10,870 - Step 03498: 19226.6016 E_h, exp. variance=1.3269 E_h^2, pmove=0.50
2026-06-09 02:20:11,218 - Step 03499: 19225.2227 E_h, exp. variance=1.3507 E_h^2, pmove=0.50
2026-06-09 02:20:11,566 - Step 03500: 19226.7266 E_h, exp. variance=1.2246 E_h^2, pmove=0.50
2026-06-09 02:20:11,916 - Step 03501: 19226.8438 E_h, exp. variance=1.1167 E_h^2, pmove=0.50
2026-06-09 02:20:12,265 - Step 03502: 19227.1016 E_h, exp. variance=1.0395 E_h^2, pmove=0.50
2026-06-09 02:20:12,616 - Step 03503: 19225.6133 E_h, exp. variance=1.0137 E_h^2, pmove=0.49
2026-06-09 02:20:12,967 - Step 03504: 19225.5684 E_h, exp. variance=0.9825 E_h^2, pmove=0.50
2026-06-09 02:20:13,318 - Step 03505: 19222.9062 E_h, exp. variance=1.9598 E_h^2, pmove=0.50
2026-06-09 02:20:13,671 - Step 03506: 19224.3164 E_h, exp. variance=2.0243 E_h^2, pmove=0.51
2026-06-09 02:20:14,023 - Step 03507: 19225.5430 E_h, exp. variance=1.8302 E_h^2, pmove=0.50
2026-06-09 02:20:14,372 - Step 03508: 19221.6641 E_h, exp. variance=3.1990 E_h^2, pmove=0.50
2026-06-09 02:20:14,722 - Step 03509: 19224.3047 E_h, exp. variance=2.9871 E_h^2, pmove=0.50
2026-06-09 02:20:15,076 - Step 03510: 19223.4785 E_h, exp. variance=2.9841 E_h^2, pmove=0.50
2026-06-09 02:20:15,428 - Step 03511: 19223.3184 E_h, exp. variance=2.9744 E_h^2, pmove=0.50
2026-06-09 02:20:15,781 - Step 03512: 19221.2461 E_h, exp. variance=3.8981 E_h^2, pmove=0.50
2026-06-09 02:20:16,129 - Step 03513: 19222.5469 E_h, exp. variance=3.8733 E_h^2, pmove=0.50
2026-06-09 02:20:16,479 - Step 03514: 19224.4160 E_h, exp. variance=3.4862 E_h^2, pmove=0.49
2026-06-09 02:20:16,827 - Step 03515: 19224.8359 E_h, exp. variance=3.1575 E_h^2, pmove=0.50
2026-06-09 02:20:17,177 - Step 03516: 19225.2148 E_h, exp. variance=2.8998 E_h^2, pmove=0.50
2026-06-09 02:20:17,542 - Step 03517: 19226.8281 E_h, exp. variance=3.1009 E_h^2, pmove=0.50
2026-06-09 02:20:17,894 - Step 03518: 19228.4453 E_h, exp. variance=4.0354 E_h^2, pmove=0.50
2026-06-09 02:20:18,244 - Step 03519: 19228.3145 E_h, exp. variance=4.5632 E_h^2, pmove=0.50
2026-06-09 02:20:18,594 - Step 03520: 19227.7988 E_h, exp. variance=4.6162 E_h^2, pmove=0.50
2026-06-09 02:20:18,946 - Step 03521: 19228.0859 E_h, exp. variance=4.6850 E_h^2, pmove=0.50
2026-06-09 02:20:19,295 - Step 03522: 19228.0078 E_h, exp. variance=4.6162 E_h^2, pmove=0.50
2026-06-09 02:20:19,644 - Step 03523: 19226.0391 E_h, exp. variance=4.1551 E_h^2, pmove=0.50
2026-06-09 02:20:20,018 - Step 03524: 19226.1152 E_h, exp. variance=3.7396 E_h^2, pmove=0.50
2026-06-09 02:20:20,370 - Step 03525: 19225.9805 E_h, exp. variance=3.3670 E_h^2, pmove=0.50
2026-06-09 02:20:20,721 - Step 03526: 19227.1074 E_h, exp. variance=3.1228 E_h^2, pmove=0.50
2026-06-09 02:20:21,072 - Step 03527: 19228.7656 E_h, exp. variance=3.4051 E_h^2, pmove=0.50
2026-06-09 02:20:21,423 - Step 03528: 19226.9473 E_h, exp. variance=3.0866 E_h^2, pmove=0.50
2026-06-09 02:20:21,774 - Step 03529: 19229.4062 E_h, exp. variance=3.5371 E_h^2, pmove=0.50
2026-06-09 02:20:22,123 - Step 03530: 19229.0762 E_h, exp. variance=3.6525 E_h^2, pmove=0.50
2026-06-09 02:20:22,471 - Step 03531: 19226.1445 E_h, exp. variance=3.3565 E_h^2, pmove=0.50
2026-06-09 02:20:22,819 - Step 03532: 19227.9336 E_h, exp. variance=3.1108 E_h^2, pmove=0.50
2026-06-09 02:20:23,170 - Step 03533: 19226.9102 E_h, exp. variance=2.8011 E_h^2, pmove=0.50
2026-06-09 02:20:23,518 - Step 03534: 19231.7109 E_h, exp. variance=4.5002 E_h^2, pmove=0.50
2026-06-09 02:20:23,866 - Step 03535: 19226.3203 E_h, exp. variance=4.1734 E_h^2, pmove=0.50
2026-06-09 02:20:24,216 - Step 03536: 19227.7344 E_h, exp. variance=3.7678 E_h^2, pmove=0.51
2026-06-09 02:20:24,567 - Step 03537: 19226.4844 E_h, exp. variance=3.4681 E_h^2, pmove=0.49
2026-06-09 02:20:24,917 - Step 03538: 19227.4648 E_h, exp. variance=3.1233 E_h^2, pmove=0.50
2026-06-09 02:20:25,267 - Step 03539: 19225.9082 E_h, exp. variance=2.9934 E_h^2, pmove=0.50
2026-06-09 02:20:25,618 - Step 03540: 19226.7734 E_h, exp. variance=2.7096 E_h^2, pmove=0.50
2026-06-09 02:20:25,969 - Step 03541: 19226.3086 E_h, exp. variance=2.5021 E_h^2, pmove=0.50
2026-06-09 02:20:26,321 - Step 03542: 19226.7656 E_h, exp. variance=2.2600 E_h^2, pmove=0.50
2026-06-09 02:20:26,683 - Step 03543: 19227.2148 E_h, exp. variance=2.0369 E_h^2, pmove=0.49
2026-06-09 02:20:27,034 - Step 03544: 19228.7910 E_h, exp. variance=2.1051 E_h^2, pmove=0.50
2026-06-09 02:20:27,382 - Step 03545: 19229.5820 E_h, exp. variance=2.3940 E_h^2, pmove=0.50
2026-06-09 02:20:27,735 - Step 03546: 19229.0820 E_h, exp. variance=2.3905 E_h^2, pmove=0.50
2026-06-09 02:20:28,087 - Step 03547: 19227.2734 E_h, exp. variance=2.1626 E_h^2, pmove=0.50
2026-06-09 02:20:28,436 - Step 03548: 19227.4414 E_h, exp. variance=1.9483 E_h^2, pmove=0.50
2026-06-09 02:20:28,786 - Step 03549: 19229.3672 E_h, exp. variance=2.0428 E_h^2, pmove=0.50
2026-06-09 02:20:29,136 - Step 03550: 19228.6523 E_h, exp. variance=1.9112 E_h^2, pmove=0.50
2026-06-09 02:20:29,486 - Step 03551: 19227.5996 E_h, exp. variance=1.7254 E_h^2, pmove=0.50
2026-06-09 02:20:29,838 - Step 03552: 19227.3965 E_h, exp. variance=1.5690 E_h^2, pmove=0.50
2026-06-09 02:20:30,188 - Step 03553: 19226.4453 E_h, exp. variance=1.5718 E_h^2, pmove=0.50
2026-06-09 02:20:30,538 - Step 03554: 19226.4805 E_h, exp. variance=1.5366 E_h^2, pmove=0.50
2026-06-09 02:20:30,888 - Step 03555: 19226.2344 E_h, exp. variance=1.5334 E_h^2, pmove=0.50
2026-06-09 02:20:31,240 - Step 03556: 19227.5762 E_h, exp. variance=1.3829 E_h^2, pmove=0.50
2026-06-09 02:20:31,591 - Step 03557: 19227.2500 E_h, exp. variance=1.2471 E_h^2, pmove=0.50
2026-06-09 02:20:31,941 - Step 03558: 19227.4902 E_h, exp. variance=1.1231 E_h^2, pmove=0.50
2026-06-09 02:20:32,289 - Step 03559: 19227.3398 E_h, exp. variance=1.0112 E_h^2, pmove=0.51
2026-06-09 02:20:32,639 - Step 03560: 19225.2559 E_h, exp. variance=1.3248 E_h^2, pmove=0.50
2026-06-09 02:20:32,990 - Step 03561: 19227.4688 E_h, exp. variance=1.1994 E_h^2, pmove=0.50
2026-06-09 02:20:33,344 - Step 03562: 19226.4707 E_h, exp. variance=1.1293 E_h^2, pmove=0.49
2026-06-09 02:20:33,694 - Step 03563: 19227.2480 E_h, exp. variance=1.0174 E_h^2, pmove=0.51
2026-06-09 02:20:34,043 - Step 03564: 19227.5215 E_h, exp. variance=0.9279 E_h^2, pmove=0.50
2026-06-09 02:20:34,390 - Step 03565: 19229.3770 E_h, exp. variance=1.2658 E_h^2, pmove=0.50
2026-06-09 02:20:34,738 - Step 03566: 19227.2500 E_h, exp. variance=1.1415 E_h^2, pmove=0.49
2026-06-09 02:20:35,089 - Step 03567: 19226.0137 E_h, exp. variance=1.1985 E_h^2, pmove=0.50
2026-06-09 02:20:35,439 - Step 03568: 19225.7500 E_h, exp. variance=1.2822 E_h^2, pmove=0.50
2026-06-09 02:20:35,787 - Step 03569: 19226.5293 E_h, exp. variance=1.1836 E_h^2, pmove=0.50
2026-06-09 02:20:36,137 - Step 03570: 19227.6270 E_h, exp. variance=1.0956 E_h^2, pmove=0.50
2026-06-09 02:20:36,488 - Step 03571: 19225.7500 E_h, exp. variance=1.1514 E_h^2, pmove=0.50
2026-06-09 02:20:36,836 - Step 03572: 19224.4492 E_h, exp. variance=1.6084 E_h^2, pmove=0.50
2026-06-09 02:20:37,185 - Step 03573: 19224.4023 E_h, exp. variance=1.9305 E_h^2, pmove=0.50
2026-06-09 02:20:37,533 - Step 03574: 19227.1289 E_h, exp. variance=1.7746 E_h^2, pmove=0.50
2026-06-09 02:20:37,882 - Step 03575: 19225.7266 E_h, exp. variance=1.6583 E_h^2, pmove=0.50
2026-06-09 02:20:38,230 - Step 03576: 19227.5293 E_h, exp. variance=1.5937 E_h^2, pmove=0.50
2026-06-09 02:20:38,577 - Step 03577: 19226.3516 E_h, exp. variance=1.4388 E_h^2, pmove=0.50
2026-06-09 02:20:38,925 - Step 03578: 19225.8477 E_h, exp. variance=1.3396 E_h^2, pmove=0.50
2026-06-09 02:20:39,275 - Step 03579: 19227.3027 E_h, exp. variance=1.2662 E_h^2, pmove=0.51
2026-06-09 02:20:39,626 - Step 03580: 19227.2617 E_h, exp. variance=1.1834 E_h^2, pmove=0.50
2026-06-09 02:20:39,974 - Step 03581: 19228.9531 E_h, exp. variance=1.5488 E_h^2, pmove=0.50
2026-06-09 02:20:40,322 - Step 03582: 19229.2188 E_h, exp. variance=1.8916 E_h^2, pmove=0.50
2026-06-09 02:20:40,671 - Step 03583: 19227.5703 E_h, exp. variance=1.7222 E_h^2, pmove=0.50
2026-06-09 02:20:41,019 - Step 03584: 19229.1680 E_h, exp. variance=1.9170 E_h^2, pmove=0.50
2026-06-09 02:20:41,368 - Step 03585: 19230.3594 E_h, exp. variance=2.5406 E_h^2, pmove=0.50
2026-06-09 02:20:41,720 - Step 03586: 19226.6719 E_h, exp. variance=2.3727 E_h^2, pmove=0.49
2026-06-09 02:20:42,070 - Step 03587: 19229.7910 E_h, exp. variance=2.5864 E_h^2, pmove=0.50
2026-06-09 02:20:42,423 - Step 03588: 19225.7090 E_h, exp. variance=2.7127 E_h^2, pmove=0.50
2026-06-09 02:20:42,776 - Step 03589: 19230.4141 E_h, exp. variance=3.1693 E_h^2, pmove=0.50
2026-06-09 02:20:43,125 - Step 03590: 19227.7578 E_h, exp. variance=2.8532 E_h^2, pmove=0.50
2026-06-09 02:20:43,473 - Step 03591: 19229.3164 E_h, exp. variance=2.7626 E_h^2, pmove=0.50
2026-06-09 02:20:43,821 - Step 03592: 19227.6211 E_h, exp. variance=2.4987 E_h^2, pmove=0.50
2026-06-09 02:20:44,170 - Step 03593: 19230.8672 E_h, exp. variance=3.0121 E_h^2, pmove=0.50
2026-06-09 02:20:44,518 - Step 03594: 19227.9941 E_h, exp. variance=2.7166 E_h^2, pmove=0.50
2026-06-09 02:20:44,867 - Step 03595: 19229.2109 E_h, exp. variance=2.5332 E_h^2, pmove=0.50
2026-06-09 02:20:45,214 - Step 03596: 19228.1543 E_h, exp. variance=2.2823 E_h^2, pmove=0.50
2026-06-09 02:20:45,566 - Step 03597: 19229.9258 E_h, exp. variance=2.2906 E_h^2, pmove=0.49
2026-06-09 02:20:45,916 - Step 03598: 19228.3516 E_h, exp. variance=2.0627 E_h^2, pmove=0.50
2026-06-09 02:20:46,264 - Step 03599: 19228.5000 E_h, exp. variance=1.8567 E_h^2, pmove=0.50
2026-06-09 02:20:46,617 - Step 03600: 19225.7227 E_h, exp. variance=2.3449 E_h^2, pmove=0.50
2026-06-09 02:20:46,965 - Step 03601: 19227.5820 E_h, exp. variance=2.1432 E_h^2, pmove=0.50
2026-06-09 02:20:47,315 - Step 03602: 19227.2539 E_h, exp. variance=1.9971 E_h^2, pmove=0.50
2026-06-09 02:20:47,663 - Step 03603: 19227.4219 E_h, exp. variance=1.8315 E_h^2, pmove=0.50
2026-06-09 02:20:48,014 - Step 03604: 19225.9160 E_h, exp. variance=2.0305 E_h^2, pmove=0.50
2026-06-09 02:20:48,367 - Step 03605: 19226.9922 E_h, exp. variance=1.8818 E_h^2, pmove=0.50
2026-06-09 02:20:48,717 - Step 03606: 19225.9648 E_h, exp. variance=1.9619 E_h^2, pmove=0.50
2026-06-09 02:20:49,066 - Step 03607: 19227.7422 E_h, exp. variance=1.7702 E_h^2, pmove=0.50
2026-06-09 02:20:49,415 - Step 03608: 19226.1680 E_h, exp. variance=1.7628 E_h^2, pmove=0.50
2026-06-09 02:20:49,765 - Step 03609: 19226.6270 E_h, exp. variance=1.6409 E_h^2, pmove=0.50
2026-06-09 02:20:50,111 - Step 03610: 19225.5859 E_h, exp. variance=1.7494 E_h^2, pmove=0.50
2026-06-09 02:20:50,461 - Step 03611: 19223.1016 E_h, exp. variance=3.0513 E_h^2, pmove=0.50
2026-06-09 02:20:50,811 - Step 03612: 19223.3516 E_h, exp. variance=3.7844 E_h^2, pmove=0.50
2026-06-09 02:20:51,160 - Step 03613: 19223.5527 E_h, exp. variance=4.1398 E_h^2, pmove=0.50
2026-06-09 02:20:51,511 - Step 03614: 19225.2773 E_h, exp. variance=3.7902 E_h^2, pmove=0.50
2026-06-09 02:20:51,865 - Step 03615: 19224.8398 E_h, exp. variance=3.5406 E_h^2, pmove=0.50
2026-06-09 02:20:52,212 - Step 03616: 19228.4570 E_h, exp. variance=3.7658 E_h^2, pmove=0.50
2026-06-09 02:20:52,559 - Step 03617: 19227.4961 E_h, exp. variance=3.5466 E_h^2, pmove=0.50
2026-06-09 02:20:52,908 - Step 03618: 19227.1875 E_h, exp. variance=3.2618 E_h^2, pmove=0.50
2026-06-09 02:20:53,258 - Step 03619: 19225.0898 E_h, exp. variance=3.0888 E_h^2, pmove=0.50
2026-06-09 02:20:53,608 - Step 03620: 19227.3633 E_h, exp. variance=2.8887 E_h^2, pmove=0.51
2026-06-09 02:20:53,957 - Step 03621: 19226.6309 E_h, exp. variance=2.6059 E_h^2, pmove=0.49
2026-06-09 02:20:54,304 - Step 03622: 19227.1094 E_h, exp. variance=2.3908 E_h^2, pmove=0.49
2026-06-09 02:20:54,653 - Step 03623: 19224.8457 E_h, exp. variance=2.3888 E_h^2, pmove=0.50
2026-06-09 02:20:55,012 - Step 03624: 19227.8242 E_h, exp. variance=2.3572 E_h^2, pmove=0.50
2026-06-09 02:20:55,360 - Step 03625: 19226.7656 E_h, exp. variance=2.1299 E_h^2, pmove=0.49
2026-06-09 02:20:55,707 - Step 03626: 19227.8574 E_h, exp. variance=2.0851 E_h^2, pmove=0.50
2026-06-09 02:20:56,059 - Step 03627: 19227.8379 E_h, exp. variance=2.0086 E_h^2, pmove=0.50
2026-06-09 02:20:56,408 - Step 03628: 19225.6758 E_h, exp. variance=1.9112 E_h^2, pmove=0.50
2026-06-09 02:20:56,759 - Step 03629: 19227.7539 E_h, exp. variance=1.8316 E_h^2, pmove=0.50
2026-06-09 02:20:57,112 - Step 03630: 19226.6289 E_h, exp. variance=1.6498 E_h^2, pmove=0.51
2026-06-09 02:20:57,467 - Step 03631: 19228.1914 E_h, exp. variance=1.6744 E_h^2, pmove=0.50
2026-06-09 02:20:57,823 - Step 03632: 19226.3359 E_h, exp. variance=1.5341 E_h^2, pmove=0.50
2026-06-09 02:20:58,175 - Step 03633: 19224.5117 E_h, exp. variance=1.8644 E_h^2, pmove=0.50
2026-06-09 02:20:58,526 - Step 03634: 19226.6445 E_h, exp. variance=1.6781 E_h^2, pmove=0.50
2026-06-09 02:20:58,876 - Step 03635: 19226.9453 E_h, exp. variance=1.5210 E_h^2, pmove=0.49
2026-06-09 02:20:59,228 - Step 03636: 19228.2773 E_h, exp. variance=1.6111 E_h^2, pmove=0.50
2026-06-09 02:20:59,596 - Step 03637: 19226.5176 E_h, exp. variance=1.4572 E_h^2, pmove=0.50
2026-06-09 02:20:59,948 - Step 03638: 19224.2109 E_h, exp. variance=1.9025 E_h^2, pmove=0.51
2026-06-09 02:21:00,302 - Step 03639: 19226.1680 E_h, exp. variance=1.7232 E_h^2, pmove=0.50
2026-06-09 02:21:00,653 - Step 03640: 19223.7734 E_h, exp. variance=2.2114 E_h^2, pmove=0.50
2026-06-09 02:21:01,002 - Step 03641: 19226.0703 E_h, exp. variance=1.9920 E_h^2, pmove=0.50
2026-06-09 02:21:01,354 - Step 03642: 19225.7070 E_h, exp. variance=1.8145 E_h^2, pmove=0.50
2026-06-09 02:21:01,704 - Step 03643: 19226.5547 E_h, exp. variance=1.6479 E_h^2, pmove=0.51
2026-06-09 02:21:02,054 - Step 03644: 19224.9805 E_h, exp. variance=1.6146 E_h^2, pmove=0.49
2026-06-09 02:21:02,403 - Step 03645: 19228.4375 E_h, exp. variance=1.9583 E_h^2, pmove=0.50
2026-06-09 02:21:02,751 - Step 03646: 19227.6387 E_h, exp. variance=1.9226 E_h^2, pmove=0.49
2026-06-09 02:21:03,102 - Step 03647: 19226.5469 E_h, exp. variance=1.7315 E_h^2, pmove=0.50
2026-06-09 02:21:03,453 - Step 03648: 19225.0137 E_h, exp. variance=1.7438 E_h^2, pmove=0.50
2026-06-09 02:21:03,804 - Step 03649: 19225.6816 E_h, exp. variance=1.6043 E_h^2, pmove=0.50
2026-06-09 02:21:04,158 - Step 03650: 19224.3672 E_h, exp. variance=1.7603 E_h^2, pmove=0.50
2026-06-09 02:21:04,507 - Step 03651: 19225.6387 E_h, exp. variance=1.5999 E_h^2, pmove=0.50
2026-06-09 02:21:04,856 - Step 03652: 19225.1113 E_h, exp. variance=1.5131 E_h^2, pmove=0.50
2026-06-09 02:21:05,204 - Step 03653: 19225.3125 E_h, exp. variance=1.3955 E_h^2, pmove=0.50
2026-06-09 02:21:05,555 - Step 03654: 19224.8672 E_h, exp. variance=1.3452 E_h^2, pmove=0.50
2026-06-09 02:21:05,904 - Step 03655: 19226.3633 E_h, exp. variance=1.2431 E_h^2, pmove=0.50
2026-06-09 02:21:06,253 - Step 03656: 19225.7422 E_h, exp. variance=1.1194 E_h^2, pmove=0.50
2026-06-09 02:21:06,602 - Step 03657: 19226.6836 E_h, exp. variance=1.0751 E_h^2, pmove=0.51
2026-06-09 02:21:06,950 - Step 03658: 19228.0293 E_h, exp. variance=1.3747 E_h^2, pmove=0.50
2026-06-09 02:21:07,302 - Step 03659: 19226.7246 E_h, exp. variance=1.2707 E_h^2, pmove=0.51
2026-06-09 02:21:07,653 - Step 03660: 19227.7695 E_h, exp. variance=1.3722 E_h^2, pmove=0.50
2026-06-09 02:21:08,004 - Step 03661: 19226.2090 E_h, exp. variance=1.2365 E_h^2, pmove=0.50
2026-06-09 02:21:08,352 - Step 03662: 19229.4727 E_h, exp. variance=2.0049 E_h^2, pmove=0.50
2026-06-09 02:21:08,700 - Step 03663: 19227.0371 E_h, exp. variance=1.8187 E_h^2, pmove=0.50
2026-06-09 02:21:09,047 - Step 03664: 19227.7617 E_h, exp. variance=1.7426 E_h^2, pmove=0.50
2026-06-09 02:21:09,395 - Step 03665: 19227.0508 E_h, exp. variance=1.5747 E_h^2, pmove=0.50
2026-06-09 02:21:09,744 - Step 03666: 19228.3730 E_h, exp. variance=1.6364 E_h^2, pmove=0.50
2026-06-09 02:21:10,093 - Step 03667: 19228.0742 E_h, exp. variance=1.5828 E_h^2, pmove=0.49
2026-06-09 02:21:10,445 - Step 03668: 19228.0586 E_h, exp. variance=1.5107 E_h^2, pmove=0.50
2026-06-09 02:21:10,797 - Step 03669: 19225.4824 E_h, exp. variance=1.6183 E_h^2, pmove=0.50
2026-06-09 02:21:11,153 - Step 03670: 19225.4941 E_h, exp. variance=1.6626 E_h^2, pmove=0.50
2026-06-09 02:21:11,503 - Step 03671: 19225.9121 E_h, exp. variance=1.5765 E_h^2, pmove=0.51
2026-06-09 02:21:11,854 - Step 03672: 19225.9453 E_h, exp. variance=1.4788 E_h^2, pmove=0.50
2026-06-09 02:21:12,204 - Step 03673: 19225.9453 E_h, exp. variance=1.3795 E_h^2, pmove=0.49
2026-06-09 02:21:12,552 - Step 03674: 19224.3301 E_h, exp. variance=1.7075 E_h^2, pmove=0.50
2026-06-09 02:21:12,902 - Step 03675: 19225.5195 E_h, exp. variance=1.6032 E_h^2, pmove=0.50
2026-06-09 02:21:13,256 - Step 03676: 19227.7949 E_h, exp. variance=1.6459 E_h^2, pmove=0.50
2026-06-09 02:21:13,609 - Step 03677: 19225.5117 E_h, exp. variance=1.5594 E_h^2, pmove=0.49
2026-06-09 02:21:13,958 - Step 03678: 19228.2031 E_h, exp. variance=1.7127 E_h^2, pmove=0.50
2026-06-09 02:21:14,307 - Step 03679: 19226.0000 E_h, exp. variance=1.5672 E_h^2, pmove=0.50
2026-06-09 02:21:14,654 - Step 03680: 19226.3984 E_h, exp. variance=1.4111 E_h^2, pmove=0.51
2026-06-09 02:21:15,004 - Step 03681: 19225.7578 E_h, exp. variance=1.3162 E_h^2, pmove=0.49
2026-06-09 02:21:15,354 - Step 03682: 19226.8672 E_h, exp. variance=1.2041 E_h^2, pmove=0.50
2026-06-09 02:21:15,704 - Step 03683: 19226.3711 E_h, exp. variance=1.0842 E_h^2, pmove=0.49
2026-06-09 02:21:16,053 - Step 03684: 19226.9199 E_h, exp. variance=0.9964 E_h^2, pmove=0.50
2026-06-09 02:21:16,404 - Step 03685: 19227.0176 E_h, exp. variance=0.9220 E_h^2, pmove=0.50
2026-06-09 02:21:16,758 - Step 03686: 19227.9414 E_h, exp. variance=1.0063 E_h^2, pmove=0.50
2026-06-09 02:21:17,110 - Step 03687: 19226.2383 E_h, exp. variance=0.9233 E_h^2, pmove=0.50
2026-06-09 02:21:17,463 - Step 03688: 19225.0625 E_h, exp. variance=1.0540 E_h^2, pmove=0.50
2026-06-09 02:21:17,813 - Step 03689: 19227.5312 E_h, exp. variance=1.0484 E_h^2, pmove=0.50
2026-06-09 02:21:18,164 - Step 03690: 19226.0566 E_h, exp. variance=0.9686 E_h^2, pmove=0.50
2026-06-09 02:21:18,518 - Step 03691: 19226.6523 E_h, exp. variance=0.8730 E_h^2, pmove=0.51
2026-06-09 02:21:18,872 - Step 03692: 19228.2344 E_h, exp. variance=1.0432 E_h^2, pmove=0.50
2026-06-09 02:21:19,225 - Step 03693: 19227.1133 E_h, exp. variance=0.9533 E_h^2, pmove=0.50
2026-06-09 02:21:19,576 - Step 03694: 19227.0469 E_h, exp. variance=0.8657 E_h^2, pmove=0.50
2026-06-09 02:21:19,928 - Step 03695: 19226.2617 E_h, exp. variance=0.8036 E_h^2, pmove=0.50
2026-06-09 02:21:20,279 - Step 03696: 19226.7871 E_h, exp. variance=0.7235 E_h^2, pmove=0.50
2026-06-09 02:21:20,629 - Step 03697: 19227.6113 E_h, exp. variance=0.7201 E_h^2, pmove=0.50
2026-06-09 02:21:20,979 - Step 03698: 19228.1562 E_h, exp. variance=0.8078 E_h^2, pmove=0.50
2026-06-09 02:21:21,330 - Step 03699: 19229.5547 E_h, exp. variance=1.3343 E_h^2, pmove=0.50
2026-06-09 02:21:21,678 - Step 03700: 19227.2207 E_h, exp. variance=1.2009 E_h^2, pmove=0.50
2026-06-09 02:21:22,027 - Step 03701: 19228.7031 E_h, exp. variance=1.2796 E_h^2, pmove=0.50
2026-06-09 02:21:22,377 - Step 03702: 19228.1289 E_h, exp. variance=1.2041 E_h^2, pmove=0.49
2026-06-09 02:21:22,727 - Step 03703: 19229.6406 E_h, exp. variance=1.5190 E_h^2, pmove=0.51
2026-06-09 02:21:23,077 - Step 03704: 19227.0117 E_h, exp. variance=1.4052 E_h^2, pmove=0.50
2026-06-09 02:21:23,427 - Step 03705: 19227.9414 E_h, exp. variance=1.2753 E_h^2, pmove=0.50
2026-06-09 02:21:23,777 - Step 03706: 19225.8398 E_h, exp. variance=1.4371 E_h^2, pmove=0.50
2026-06-09 02:21:24,126 - Step 03707: 19226.3555 E_h, exp. variance=1.4018 E_h^2, pmove=0.50
2026-06-09 02:21:24,477 - Step 03708: 19226.9414 E_h, exp. variance=1.2762 E_h^2, pmove=0.50
2026-06-09 02:21:24,827 - Step 03709: 19228.3867 E_h, exp. variance=1.2543 E_h^2, pmove=0.50
2026-06-09 02:21:25,176 - Step 03710: 19228.4336 E_h, exp. variance=1.2232 E_h^2, pmove=0.50
2026-06-09 02:21:25,529 - Step 03711: 19228.0586 E_h, exp. variance=1.1278 E_h^2, pmove=0.50
2026-06-09 02:21:25,880 - Step 03712: 19228.9961 E_h, exp. variance=1.1990 E_h^2, pmove=0.50
2026-06-09 02:21:26,230 - Step 03713: 19228.5215 E_h, exp. variance=1.1385 E_h^2, pmove=0.50
2026-06-09 02:21:26,581 - Step 03714: 19229.0078 E_h, exp. variance=1.1579 E_h^2, pmove=0.50
2026-06-09 02:21:26,931 - Step 03715: 19228.0098 E_h, exp. variance=1.0430 E_h^2, pmove=0.50
2026-06-09 02:21:27,281 - Step 03716: 19226.9961 E_h, exp. variance=1.0158 E_h^2, pmove=0.50
2026-06-09 02:21:27,632 - Step 03717: 19225.5977 E_h, exp. variance=1.3627 E_h^2, pmove=0.50
2026-06-09 02:21:27,982 - Step 03718: 19225.6133 E_h, exp. variance=1.5844 E_h^2, pmove=0.51
2026-06-09 02:21:28,333 - Step 03719: 19224.9863 E_h, exp. variance=1.9538 E_h^2, pmove=0.50
2026-06-09 02:21:28,684 - Step 03720: 19225.9277 E_h, exp. variance=1.8964 E_h^2, pmove=0.50
2026-06-09 02:21:29,032 - Step 03721: 19225.7695 E_h, exp. variance=1.8527 E_h^2, pmove=0.50
2026-06-09 02:21:29,380 - Step 03722: 19226.2656 E_h, exp. variance=1.7055 E_h^2, pmove=0.50
2026-06-09 02:21:29,731 - Step 03723: 19226.6562 E_h, exp. variance=1.5384 E_h^2, pmove=0.50
2026-06-09 02:21:30,079 - Step 03724: 19226.2246 E_h, exp. variance=1.4178 E_h^2, pmove=0.50
2026-06-09 02:21:30,428 - Step 03725: 19228.6914 E_h, exp. variance=1.6078 E_h^2, pmove=0.50
2026-06-09 02:21:30,776 - Step 03726: 19225.9609 E_h, exp. variance=1.5373 E_h^2, pmove=0.49
2026-06-09 02:21:31,122 - Step 03727: 19225.7969 E_h, exp. variance=1.4859 E_h^2, pmove=0.49
2026-06-09 02:21:31,471 - Step 03728: 19225.5508 E_h, exp. variance=1.4681 E_h^2, pmove=0.50
2026-06-09 02:21:31,821 - Step 03729: 19228.9414 E_h, exp. variance=1.8001 E_h^2, pmove=0.50
2026-06-09 02:21:32,170 - Step 03730: 19226.7070 E_h, exp. variance=1.6223 E_h^2, pmove=0.50
2026-06-09 02:21:32,520 - Step 03731: 19226.6699 E_h, exp. variance=1.4630 E_h^2, pmove=0.50
2026-06-09 02:21:32,880 - Step 03732: 19226.8359 E_h, exp. variance=1.3167 E_h^2, pmove=0.49
2026-06-09 02:21:33,231 - Step 03733: 19226.7891 E_h, exp. variance=1.1852 E_h^2, pmove=0.50
2026-06-09 02:21:33,582 - Step 03734: 19225.6426 E_h, exp. variance=1.1932 E_h^2, pmove=0.49
2026-06-09 02:21:33,929 - Step 03735: 19228.0352 E_h, exp. variance=1.2322 E_h^2, pmove=0.50
2026-06-09 02:21:34,280 - Step 03736: 19226.2070 E_h, exp. variance=1.1452 E_h^2, pmove=0.50
2026-06-09 02:21:34,630 - Step 03737: 19228.6406 E_h, exp. variance=1.3431 E_h^2, pmove=0.49
2026-06-09 02:21:34,981 - Step 03738: 19228.3438 E_h, exp. variance=1.3804 E_h^2, pmove=0.50
2026-06-09 02:21:35,333 - Step 03739: 19228.3008 E_h, exp. variance=1.3718 E_h^2, pmove=0.49
2026-06-09 02:21:35,690 - Step 03740: 19227.8633 E_h, exp. variance=1.2718 E_h^2, pmove=0.50
2026-06-09 02:21:36,041 - Step 03741: 19227.9414 E_h, exp. variance=1.1834 E_h^2, pmove=0.50
2026-06-09 02:21:36,391 - Step 03742: 19229.5410 E_h, exp. variance=1.4965 E_h^2, pmove=0.50
2026-06-09 02:21:36,745 - Step 03743: 19231.0684 E_h, exp. variance=2.4481 E_h^2, pmove=0.50
2026-06-09 02:21:37,099 - Step 03744: 19225.7480 E_h, exp. variance=2.6278 E_h^2, pmove=0.49
2026-06-09 02:21:37,451 - Step 03745: 19227.1445 E_h, exp. variance=2.3931 E_h^2, pmove=0.50
2026-06-09 02:21:37,802 - Step 03746: 19227.3594 E_h, exp. variance=2.1612 E_h^2, pmove=0.50
2026-06-09 02:21:38,151 - Step 03747: 19229.2383 E_h, exp. variance=2.1816 E_h^2, pmove=0.50
2026-06-09 02:21:38,504 - Step 03748: 19228.7109 E_h, exp. variance=2.0416 E_h^2, pmove=0.50
2026-06-09 02:21:38,855 - Step 03749: 19228.7500 E_h, exp. variance=1.9066 E_h^2, pmove=0.50
2026-06-09 02:21:39,209 - Step 03750: 19227.6055 E_h, exp. variance=1.7273 E_h^2, pmove=0.49
2026-06-09 02:21:39,561 - Step 03751: 19228.0293 E_h, exp. variance=1.5556 E_h^2, pmove=0.50
2026-06-09 02:21:39,913 - Step 03752: 19226.5391 E_h, exp. variance=1.5755 E_h^2, pmove=0.49
2026-06-09 02:21:40,263 - Step 03753: 19227.2324 E_h, exp. variance=1.4467 E_h^2, pmove=0.51
2026-06-09 02:21:40,619 - Step 03754: 19225.5625 E_h, exp. variance=1.7288 E_h^2, pmove=0.50
2026-06-09 02:21:40,972 - Step 03755: 19227.9160 E_h, exp. variance=1.5698 E_h^2, pmove=0.50
2026-06-09 02:21:41,327 - Step 03756: 19225.2930 E_h, exp. variance=1.8764 E_h^2, pmove=0.49
2026-06-09 02:21:41,679 - Step 03757: 19226.1133 E_h, exp. variance=1.8233 E_h^2, pmove=0.50
2026-06-09 02:21:42,030 - Step 03758: 19224.7188 E_h, exp. variance=2.2008 E_h^2, pmove=0.50
2026-06-09 02:21:42,383 - Step 03759: 19224.9590 E_h, exp. variance=2.3422 E_h^2, pmove=0.50
2026-06-09 02:21:42,736 - Step 03760: 19225.2285 E_h, exp. variance=2.3195 E_h^2, pmove=0.50
2026-06-09 02:21:43,088 - Step 03761: 19224.9590 E_h, exp. variance=2.3327 E_h^2, pmove=0.50
2026-06-09 02:21:43,441 - Step 03762: 19224.8887 E_h, exp. variance=2.3175 E_h^2, pmove=0.50
2026-06-09 02:21:43,793 - Step 03763: 19224.2812 E_h, exp. variance=2.4486 E_h^2, pmove=0.50
2026-06-09 02:21:44,145 - Step 03764: 19226.7227 E_h, exp. variance=2.2400 E_h^2, pmove=0.50
2026-06-09 02:21:44,493 - Step 03765: 19226.3672 E_h, exp. variance=2.0201 E_h^2, pmove=0.50
2026-06-09 02:21:44,843 - Step 03766: 19226.7559 E_h, exp. variance=1.8486 E_h^2, pmove=0.50
2026-06-09 02:21:45,211 - Step 03767: 19225.3008 E_h, exp. variance=1.7419 E_h^2, pmove=0.50
2026-06-09 02:21:45,561 - Step 03768: 19224.8789 E_h, exp. variance=1.7105 E_h^2, pmove=0.50
2026-06-09 02:21:45,912 - Step 03769: 19223.7344 E_h, exp. variance=2.0062 E_h^2, pmove=0.50
2026-06-09 02:21:46,262 - Step 03770: 19226.4961 E_h, exp. variance=1.8513 E_h^2, pmove=0.51
2026-06-09 02:21:46,611 - Step 03771: 19225.1895 E_h, exp. variance=1.7061 E_h^2, pmove=0.50
2026-06-09 02:21:46,963 - Step 03772: 19227.8203 E_h, exp. variance=1.9069 E_h^2, pmove=0.51
2026-06-09 02:21:47,310 - Step 03773: 19226.5684 E_h, exp. variance=1.7460 E_h^2, pmove=0.50
2026-06-09 02:21:47,660 - Step 03774: 19225.0820 E_h, exp. variance=1.6559 E_h^2, pmove=0.50
2026-06-09 02:21:48,010 - Step 03775: 19224.0469 E_h, exp. variance=1.8174 E_h^2, pmove=0.50
2026-06-09 02:21:48,360 - Step 03776: 19227.0508 E_h, exp. variance=1.7852 E_h^2, pmove=0.49
2026-06-09 02:21:48,710 - Step 03777: 19226.2461 E_h, exp. variance=1.6180 E_h^2, pmove=0.50
2026-06-09 02:21:49,060 - Step 03778: 19225.5996 E_h, exp. variance=1.4658 E_h^2, pmove=0.50
2026-06-09 02:21:49,409 - Step 03779: 19224.8535 E_h, exp. variance=1.4164 E_h^2, pmove=0.50
2026-06-09 02:21:49,759 - Step 03780: 19225.9531 E_h, exp. variance=1.2772 E_h^2, pmove=0.50
2026-06-09 02:21:50,110 - Step 03781: 19224.2285 E_h, exp. variance=1.3730 E_h^2, pmove=0.50
2026-06-09 02:21:50,462 - Step 03782: 19225.3574 E_h, exp. variance=1.2433 E_h^2, pmove=0.50
2026-06-09 02:21:50,809 - Step 03783: 19224.9609 E_h, exp. variance=1.1577 E_h^2, pmove=0.50
2026-06-09 02:21:51,159 - Step 03784: 19228.4238 E_h, exp. variance=1.7848 E_h^2, pmove=0.49
2026-06-09 02:21:51,509 - Step 03785: 19229.2891 E_h, exp. variance=2.6783 E_h^2, pmove=0.51
2026-06-09 02:21:51,859 - Step 03786: 19227.5234 E_h, exp. variance=2.5720 E_h^2, pmove=0.50
2026-06-09 02:21:52,208 - Step 03787: 19227.0645 E_h, exp. variance=2.3649 E_h^2, pmove=0.50
2026-06-09 02:21:52,559 - Step 03788: 19226.8711 E_h, exp. variance=2.1490 E_h^2, pmove=0.50
2026-06-09 02:21:52,909 - Step 03789: 19229.1094 E_h, exp. variance=2.5748 E_h^2, pmove=0.50
2026-06-09 02:21:53,257 - Step 03790: 19225.6855 E_h, exp. variance=2.4116 E_h^2, pmove=0.49
2026-06-09 02:21:53,606 - Step 03791: 19228.2207 E_h, exp. variance=2.4046 E_h^2, pmove=0.51
2026-06-09 02:21:53,960 - Step 03792: 19225.4453 E_h, exp. variance=2.3220 E_h^2, pmove=0.50
2026-06-09 02:21:54,310 - Step 03793: 19227.3477 E_h, exp. variance=2.1353 E_h^2, pmove=0.50
2026-06-09 02:21:54,660 - Step 03794: 19226.5020 E_h, exp. variance=1.9255 E_h^2, pmove=0.50
2026-06-09 02:21:55,009 - Step 03795: 19228.0703 E_h, exp. variance=1.9051 E_h^2, pmove=0.51
2026-06-09 02:21:55,359 - Step 03796: 19224.4941 E_h, exp. variance=2.2040 E_h^2, pmove=0.50
2026-06-09 02:21:55,712 - Step 03797: 19225.3418 E_h, exp. variance=2.1247 E_h^2, pmove=0.51
2026-06-09 02:21:56,063 - Step 03798: 19226.6562 E_h, exp. variance=1.9154 E_h^2, pmove=0.50
2026-06-09 02:21:56,415 - Step 03799: 19228.1367 E_h, exp. variance=1.9684 E_h^2, pmove=0.50
2026-06-09 02:21:56,767 - Step 03800: 19226.4219 E_h, exp. variance=1.7763 E_h^2, pmove=0.50
2026-06-09 02:21:57,125 - Step 03801: 19226.2539 E_h, exp. variance=1.6114 E_h^2, pmove=0.51
2026-06-09 02:21:57,478 - Step 03802: 19224.4648 E_h, exp. variance=1.8574 E_h^2, pmove=0.50
2026-06-09 02:21:57,831 - Step 03803: 19227.1758 E_h, exp. variance=1.7288 E_h^2, pmove=0.50
2026-06-09 02:21:58,181 - Step 03804: 19224.6992 E_h, exp. variance=1.8346 E_h^2, pmove=0.50
2026-06-09 02:21:58,529 - Step 03805: 19228.4648 E_h, exp. variance=2.0795 E_h^2, pmove=0.51
2026-06-09 02:21:58,877 - Step 03806: 19226.2832 E_h, exp. variance=1.8759 E_h^2, pmove=0.50
2026-06-09 02:21:59,231 - Step 03807: 19229.5977 E_h, exp. variance=2.5628 E_h^2, pmove=0.50
2026-06-09 02:21:59,580 - Step 03808: 19226.5508 E_h, exp. variance=2.3118 E_h^2, pmove=0.50
2026-06-09 02:21:59,930 - Step 03809: 19226.8828 E_h, exp. variance=2.0818 E_h^2, pmove=0.50
2026-06-09 02:22:00,283 - Step 03810: 19225.6270 E_h, exp. variance=1.9935 E_h^2, pmove=0.50
2026-06-09 02:22:00,631 - Step 03811: 19228.3320 E_h, exp. variance=2.0440 E_h^2, pmove=0.50
2026-06-09 02:22:00,981 - Step 03812: 19226.5039 E_h, exp. variance=1.8493 E_h^2, pmove=0.50
2026-06-09 02:22:01,333 - Step 03813: 19228.7656 E_h, exp. variance=2.0125 E_h^2, pmove=0.50
2026-06-09 02:22:01,683 - Step 03814: 19227.2559 E_h, exp. variance=1.8173 E_h^2, pmove=0.49
2026-06-09 02:22:02,039 - Step 03815: 19229.1094 E_h, exp. variance=2.0279 E_h^2, pmove=0.50
2026-06-09 02:22:02,389 - Step 03816: 19228.7598 E_h, exp. variance=2.0356 E_h^2, pmove=0.49
2026-06-09 02:22:02,740 - Step 03817: 19227.3125 E_h, exp. variance=1.8325 E_h^2, pmove=0.50
2026-06-09 02:22:03,089 - Step 03818: 19226.5098 E_h, exp. variance=1.7166 E_h^2, pmove=0.50
2026-06-09 02:22:03,437 - Step 03819: 19227.5488 E_h, exp. variance=1.5510 E_h^2, pmove=0.50
2026-06-09 02:22:03,790 - Step 03820: 19228.4746 E_h, exp. variance=1.5171 E_h^2, pmove=0.50
2026-06-09 02:22:04,138 - Step 03821: 19227.1094 E_h, exp. variance=1.3746 E_h^2, pmove=0.51
2026-06-09 02:22:04,494 - Step 03822: 19226.6523 E_h, exp. variance=1.2872 E_h^2, pmove=0.50
2026-06-09 02:22:04,845 - Step 03823: 19227.5098 E_h, exp. variance=1.1616 E_h^2, pmove=0.51
2026-06-09 02:22:05,196 - Step 03824: 19226.3555 E_h, exp. variance=1.1333 E_h^2, pmove=0.50
2026-06-09 02:22:05,546 - Step 03825: 19227.4688 E_h, exp. variance=1.0246 E_h^2, pmove=0.50
2026-06-09 02:22:05,898 - Step 03826: 19226.1797 E_h, exp. variance=1.0282 E_h^2, pmove=0.50
2026-06-09 02:22:06,263 - Step 03827: 19226.2109 E_h, exp. variance=1.0058 E_h^2, pmove=0.50
2026-06-09 02:22:06,621 - Step 03828: 19227.5938 E_h, exp. variance=0.9307 E_h^2, pmove=0.50
2026-06-09 02:22:06,981 - Step 03829: 19228.0391 E_h, exp. variance=0.9144 E_h^2, pmove=0.50
2026-06-09 02:22:07,336 - Step 03830: 19228.8359 E_h, exp. variance=1.0618 E_h^2, pmove=0.50
2026-06-09 02:22:07,692 - Step 03831: 19225.8730 E_h, exp. variance=1.1570 E_h^2, pmove=0.50
2026-06-09 02:22:08,043 - Step 03832: 19225.9102 E_h, exp. variance=1.1954 E_h^2, pmove=0.50
2026-06-09 02:22:08,393 - Step 03833: 19222.2734 E_h, exp. variance=3.1620 E_h^2, pmove=0.50
2026-06-09 02:22:08,745 - Step 03834: 19223.6777 E_h, exp. variance=3.6173 E_h^2, pmove=0.50
2026-06-09 02:22:09,094 - Step 03835: 19221.1016 E_h, exp. variance=5.6994 E_h^2, pmove=0.50
2026-06-09 02:22:09,445 - Step 03836: 19223.6973 E_h, exp. variance=5.5240 E_h^2, pmove=0.51
2026-06-09 02:22:09,794 - Step 03837: 19222.1152 E_h, exp. variance=6.0533 E_h^2, pmove=0.50
2026-06-09 02:22:10,142 - Step 03838: 19224.9414 E_h, exp. variance=5.4557 E_h^2, pmove=0.50
2026-06-09 02:22:10,494 - Step 03839: 19223.1387 E_h, exp. variance=5.2944 E_h^2, pmove=0.49
2026-06-09 02:22:10,856 - Step 03840: 19225.2422 E_h, exp. variance=4.7703 E_h^2, pmove=0.50
2026-06-09 02:22:11,206 - Step 03841: 19224.3164 E_h, exp. variance=4.3383 E_h^2, pmove=0.50
2026-06-09 02:22:11,559 - Step 03842: 19225.8555 E_h, exp. variance=3.9777 E_h^2, pmove=0.50
2026-06-09 02:22:11,911 - Step 03843: 19224.4648 E_h, exp. variance=3.6100 E_h^2, pmove=0.50
2026-06-09 02:22:12,265 - Step 03844: 19226.4434 E_h, exp. variance=3.4406 E_h^2, pmove=0.50
2026-06-09 02:22:12,616 - Step 03845: 19224.5703 E_h, exp. variance=3.1248 E_h^2, pmove=0.50
2026-06-09 02:22:12,966 - Step 03846: 19224.7539 E_h, exp. variance=2.8216 E_h^2, pmove=0.50
2026-06-09 02:22:13,316 - Step 03847: 19225.9414 E_h, exp. variance=2.6121 E_h^2, pmove=0.50
2026-06-09 02:22:13,666 - Step 03848: 19225.1914 E_h, exp. variance=2.3512 E_h^2, pmove=0.50
2026-06-09 02:22:14,013 - Step 03849: 19227.3477 E_h, exp. variance=2.5552 E_h^2, pmove=0.50
2026-06-09 02:22:14,369 - Step 03850: 19227.2344 E_h, exp. variance=2.6161 E_h^2, pmove=0.50
2026-06-09 02:22:14,723 - Step 03851: 19227.1250 E_h, exp. variance=2.5786 E_h^2, pmove=0.50
2026-06-09 02:22:15,073 - Step 03852: 19226.3516 E_h, exp. variance=2.3584 E_h^2, pmove=0.50
2026-06-09 02:22:15,424 - Step 03853: 19227.9258 E_h, exp. variance=2.5410 E_h^2, pmove=0.50
2026-06-09 02:22:15,773 - Step 03854: 19225.2148 E_h, exp. variance=2.3402 E_h^2, pmove=0.49
2026-06-09 02:22:16,119 - Step 03855: 19227.4258 E_h, exp. variance=2.3134 E_h^2, pmove=0.50
2026-06-09 02:22:16,468 - Step 03856: 19227.9531 E_h, exp. variance=2.4045 E_h^2, pmove=0.50
2026-06-09 02:22:16,819 - Step 03857: 19228.6914 E_h, exp. variance=2.7005 E_h^2, pmove=0.50
2026-06-09 02:22:17,170 - Step 03858: 19228.7383 E_h, exp. variance=2.8837 E_h^2, pmove=0.49
2026-06-09 02:22:17,521 - Step 03859: 19226.5547 E_h, exp. variance=2.5977 E_h^2, pmove=0.50
2026-06-09 02:22:17,874 - Step 03860: 19228.2715 E_h, exp. variance=2.5593 E_h^2, pmove=0.50
2026-06-09 02:22:18,226 - Step 03861: 19227.1328 E_h, exp. variance=2.3101 E_h^2, pmove=0.50
2026-06-09 02:22:18,577 - Step 03862: 19226.0703 E_h, exp. variance=2.1391 E_h^2, pmove=0.51
2026-06-09 02:22:18,927 - Step 03863: 19226.1250 E_h, exp. variance=1.9668 E_h^2, pmove=0.49
2026-06-09 02:22:19,278 - Step 03864: 19229.0898 E_h, exp. variance=2.2686 E_h^2, pmove=0.50
2026-06-09 02:22:19,627 - Step 03865: 19228.7422 E_h, exp. variance=2.3236 E_h^2, pmove=0.50
2026-06-09 02:22:19,975 - Step 03866: 19226.3320 E_h, exp. variance=2.1515 E_h^2, pmove=0.51
2026-06-09 02:22:20,326 - Step 03867: 19226.2285 E_h, exp. variance=1.9998 E_h^2, pmove=0.50
2026-06-09 02:22:20,678 - Step 03868: 19226.2188 E_h, exp. variance=1.8526 E_h^2, pmove=0.50
2026-06-09 02:22:21,032 - Step 03869: 19226.8262 E_h, exp. variance=1.6679 E_h^2, pmove=0.50
2026-06-09 02:22:21,387 - Step 03870: 19226.4023 E_h, exp. variance=1.5235 E_h^2, pmove=0.50
2026-06-09 02:22:21,737 - Step 03871: 19228.1016 E_h, exp. variance=1.5117 E_h^2, pmove=0.50
2026-06-09 02:22:22,085 - Step 03872: 19225.6797 E_h, exp. variance=1.5119 E_h^2, pmove=0.50
2026-06-09 02:22:22,434 - Step 03873: 19226.6875 E_h, exp. variance=1.3631 E_h^2, pmove=0.50
2026-06-09 02:22:22,784 - Step 03874: 19228.1777 E_h, exp. variance=1.3897 E_h^2, pmove=0.50
2026-06-09 02:22:23,133 - Step 03875: 19229.2754 E_h, exp. variance=1.7304 E_h^2, pmove=0.50
2026-06-09 02:22:23,485 - Step 03876: 19226.2363 E_h, exp. variance=1.6405 E_h^2, pmove=0.50
2026-06-09 02:22:23,835 - Step 03877: 19227.5781 E_h, exp. variance=1.4969 E_h^2, pmove=0.50
2026-06-09 02:22:24,183 - Step 03878: 19227.2031 E_h, exp. variance=1.3475 E_h^2, pmove=0.49
2026-06-09 02:22:24,535 - Step 03879: 19226.5352 E_h, exp. variance=1.2472 E_h^2, pmove=0.50
2026-06-09 02:22:24,888 - Step 03880: 19227.6914 E_h, exp. variance=1.1548 E_h^2, pmove=0.49
2026-06-09 02:22:25,238 - Step 03881: 19229.4004 E_h, exp. variance=1.4942 E_h^2, pmove=0.50
2026-06-09 02:22:25,590 - Step 03882: 19230.5566 E_h, exp. variance=2.2547 E_h^2, pmove=0.50
2026-06-09 02:22:25,943 - Step 03883: 19229.1133 E_h, exp. variance=2.2102 E_h^2, pmove=0.51
2026-06-09 02:22:26,293 - Step 03884: 19229.9004 E_h, exp. variance=2.3720 E_h^2, pmove=0.50
2026-06-09 02:22:26,642 - Step 03885: 19226.5098 E_h, exp. variance=2.3469 E_h^2, pmove=0.50
2026-06-09 02:22:26,991 - Step 03886: 19230.1875 E_h, exp. variance=2.5870 E_h^2, pmove=0.50
2026-06-09 02:22:27,342 - Step 03887: 19229.6973 E_h, exp. variance=2.5519 E_h^2, pmove=0.50
2026-06-09 02:22:27,696 - Step 03888: 19230.3086 E_h, exp. variance=2.6674 E_h^2, pmove=0.51
2026-06-09 02:22:28,049 - Step 03889: 19227.6016 E_h, exp. variance=2.4705 E_h^2, pmove=0.50
2026-06-09 02:22:28,401 - Step 03890: 19226.6348 E_h, exp. variance=2.5021 E_h^2, pmove=0.50
2026-06-09 02:22:28,750 - Step 03891: 19225.5000 E_h, exp. variance=2.9172 E_h^2, pmove=0.50
2026-06-09 02:22:29,100 - Step 03892: 19227.2285 E_h, exp. variance=2.6719 E_h^2, pmove=0.50
2026-06-09 02:22:29,450 - Step 03893: 19226.4453 E_h, exp. variance=2.5887 E_h^2, pmove=0.51
2026-06-09 02:22:29,802 - Step 03894: 19227.0938 E_h, exp. variance=2.3665 E_h^2, pmove=0.50
2026-06-09 02:22:30,150 - Step 03895: 19226.2109 E_h, exp. variance=2.3210 E_h^2, pmove=0.50
2026-06-09 02:22:30,497 - Step 03896: 19225.7422 E_h, exp. variance=2.3738 E_h^2, pmove=0.51
2026-06-09 02:22:30,845 - Step 03897: 19225.6992 E_h, exp. variance=2.3798 E_h^2, pmove=0.50
2026-06-09 02:22:31,194 - Step 03898: 19226.5098 E_h, exp. variance=2.1822 E_h^2, pmove=0.50
2026-06-09 02:22:31,544 - Step 03899: 19225.2773 E_h, exp. variance=2.2674 E_h^2, pmove=0.49
2026-06-09 02:22:31,893 - Step 03900: 19225.9766 E_h, exp. variance=2.1224 E_h^2, pmove=0.50
2026-06-09 02:22:32,243 - Step 03901: 19224.5820 E_h, exp. variance=2.3666 E_h^2, pmove=0.50
2026-06-09 02:22:32,592 - Step 03902: 19225.5781 E_h, exp. variance=2.2256 E_h^2, pmove=0.50
2026-06-09 02:22:32,942 - Step 03903: 19226.6406 E_h, exp. variance=2.0047 E_h^2, pmove=0.50
2026-06-09 02:22:33,293 - Step 03904: 19227.8418 E_h, exp. variance=1.9616 E_h^2, pmove=0.51
2026-06-09 02:22:33,645 - Step 03905: 19227.7227 E_h, exp. variance=1.8685 E_h^2, pmove=0.50
2026-06-09 02:22:33,999 - Step 03906: 19229.2305 E_h, exp. variance=2.2311 E_h^2, pmove=0.50
2026-06-09 02:22:34,350 - Step 03907: 19227.1934 E_h, exp. variance=2.0111 E_h^2, pmove=0.50
2026-06-09 02:22:34,703 - Step 03908: 19227.5918 E_h, exp. variance=1.8386 E_h^2, pmove=0.50
2026-06-09 02:22:35,054 - Step 03909: 19225.8672 E_h, exp. variance=1.7880 E_h^2, pmove=0.50
2026-06-09 02:22:35,404 - Step 03910: 19228.0645 E_h, exp. variance=1.7184 E_h^2, pmove=0.51
2026-06-09 02:22:35,751 - Step 03911: 19227.0078 E_h, exp. variance=1.5470 E_h^2, pmove=0.50
2026-06-09 02:22:36,104 - Step 03912: 19229.0332 E_h, exp. variance=1.7404 E_h^2, pmove=0.50
2026-06-09 02:22:36,456 - Step 03913: 19229.0469 E_h, exp. variance=1.8525 E_h^2, pmove=0.50
2026-06-09 02:22:36,807 - Step 03914: 19225.2891 E_h, exp. variance=2.0842 E_h^2, pmove=0.50
2026-06-09 02:22:37,158 - Step 03915: 19226.4961 E_h, exp. variance=1.9238 E_h^2, pmove=0.50
2026-06-09 02:22:37,512 - Step 03916: 19225.1211 E_h, exp. variance=2.1035 E_h^2, pmove=0.50
2026-06-09 02:22:37,865 - Step 03917: 19226.8691 E_h, exp. variance=1.8938 E_h^2, pmove=0.51
2026-06-09 02:22:38,217 - Step 03918: 19225.3789 E_h, exp. variance=1.9247 E_h^2, pmove=0.50
2026-06-09 02:22:38,568 - Step 03919: 19228.0566 E_h, exp. variance=1.8772 E_h^2, pmove=0.50
2026-06-09 02:22:38,920 - Step 03920: 19227.1602 E_h, exp. variance=1.6950 E_h^2, pmove=0.50
2026-06-09 02:22:39,272 - Step 03921: 19224.4375 E_h, exp. variance=2.0888 E_h^2, pmove=0.50
2026-06-09 02:22:39,628 - Step 03922: 19225.0820 E_h, exp. variance=2.1125 E_h^2, pmove=0.50
2026-06-09 02:22:39,981 - Step 03923: 19225.4707 E_h, exp. variance=2.0021 E_h^2, pmove=0.50
2026-06-09 02:22:40,330 - Step 03924: 19227.7520 E_h, exp. variance=1.9607 E_h^2, pmove=0.50
2026-06-09 02:22:40,683 - Step 03925: 19225.1719 E_h, exp. variance=1.9372 E_h^2, pmove=0.50
2026-06-09 02:22:41,033 - Step 03926: 19225.0195 E_h, exp. variance=1.9195 E_h^2, pmove=0.50
2026-06-09 02:22:41,383 - Step 03927: 19224.6133 E_h, exp. variance=1.9767 E_h^2, pmove=0.50
2026-06-09 02:22:41,733 - Step 03928: 19227.4062 E_h, exp. variance=1.9300 E_h^2, pmove=0.50
2026-06-09 02:22:42,089 - Step 03929: 19226.6992 E_h, exp. variance=1.7559 E_h^2, pmove=0.50
2026-06-09 02:22:42,441 - Step 03930: 19228.9180 E_h, exp. variance=2.2042 E_h^2, pmove=0.50
2026-06-09 02:22:42,793 - Step 03931: 19225.5039 E_h, exp. variance=2.0820 E_h^2, pmove=0.50
2026-06-09 02:22:43,146 - Step 03932: 19225.6562 E_h, exp. variance=1.9299 E_h^2, pmove=0.50
2026-06-09 02:22:43,498 - Step 03933: 19227.0898 E_h, exp. variance=1.7839 E_h^2, pmove=0.50
2026-06-09 02:22:43,852 - Step 03934: 19226.7871 E_h, exp. variance=1.6164 E_h^2, pmove=0.50
2026-06-09 02:22:44,207 - Step 03935: 19226.3906 E_h, exp. variance=1.4554 E_h^2, pmove=0.50
2026-06-09 02:22:44,559 - Step 03936: 19225.3066 E_h, exp. variance=1.4310 E_h^2, pmove=0.50
2026-06-09 02:22:44,910 - Step 03937: 19223.8281 E_h, exp. variance=1.8610 E_h^2, pmove=0.50
2026-06-09 02:22:45,259 - Step 03938: 19225.9492 E_h, exp. variance=1.6769 E_h^2, pmove=0.50
2026-06-09 02:22:45,608 - Step 03939: 19225.7734 E_h, exp. variance=1.5179 E_h^2, pmove=0.50
2026-06-09 02:22:45,957 - Step 03940: 19226.1289 E_h, exp. variance=1.3666 E_h^2, pmove=0.49
2026-06-09 02:22:46,309 - Step 03941: 19226.0469 E_h, exp. variance=1.2300 E_h^2, pmove=0.50
2026-06-09 02:22:46,659 - Step 03942: 19226.6484 E_h, exp. variance=1.1383 E_h^2, pmove=0.50
2026-06-09 02:22:47,010 - Step 03943: 19226.3477 E_h, exp. variance=1.0292 E_h^2, pmove=0.50
2026-06-09 02:22:47,360 - Step 03944: 19226.6797 E_h, exp. variance=0.9525 E_h^2, pmove=0.50
2026-06-09 02:22:47,708 - Step 03945: 19227.7344 E_h, exp. variance=1.0704 E_h^2, pmove=0.50
2026-06-09 02:22:48,059 - Step 03946: 19225.7188 E_h, exp. variance=0.9992 E_h^2, pmove=0.50
2026-06-09 02:22:48,411 - Step 03947: 19225.0566 E_h, exp. variance=1.0355 E_h^2, pmove=0.50
2026-06-09 02:22:48,777 - Step 03948: 19225.2383 E_h, exp. variance=1.0091 E_h^2, pmove=0.50
2026-06-09 02:22:49,128 - Step 03949: 19226.0781 E_h, exp. variance=0.9082 E_h^2, pmove=0.50
2026-06-09 02:22:49,483 - Step 03950: 19224.7793 E_h, exp. variance=0.9678 E_h^2, pmove=0.50
2026-06-09 02:22:49,834 - Step 03951: 19223.4121 E_h, exp. variance=1.4477 E_h^2, pmove=0.50
2026-06-09 02:22:50,186 - Step 03952: 19223.6719 E_h, exp. variance=1.6693 E_h^2, pmove=0.50
2026-06-09 02:22:50,536 - Step 03953: 19221.6113 E_h, exp. variance=2.8551 E_h^2, pmove=0.50
2026-06-09 02:22:50,887 - Step 03954: 19223.8379 E_h, exp. variance=2.7133 E_h^2, pmove=0.51
2026-06-09 02:22:51,237 - Step 03955: 19224.2891 E_h, exp. variance=2.4843 E_h^2, pmove=0.50
2026-06-09 02:22:51,586 - Step 03956: 19228.0391 E_h, exp. variance=3.1192 E_h^2, pmove=0.50
2026-06-09 02:22:51,935 - Step 03957: 19225.9609 E_h, exp. variance=2.8568 E_h^2, pmove=0.49
2026-06-09 02:22:52,286 - Step 03958: 19228.1719 E_h, exp. variance=3.3171 E_h^2, pmove=0.50
2026-06-09 02:22:52,634 - Step 03959: 19225.9766 E_h, exp. variance=2.9995 E_h^2, pmove=0.50
2026-06-09 02:22:52,984 - Step 03960: 19226.2324 E_h, exp. variance=2.7334 E_h^2, pmove=0.50
2026-06-09 02:22:53,338 - Step 03961: 19227.8477 E_h, exp. variance=2.8831 E_h^2, pmove=0.50
2026-06-09 02:22:53,691 - Step 03962: 19229.5566 E_h, exp. variance=3.8005 E_h^2, pmove=0.50
2026-06-09 02:22:54,043 - Step 03963: 19229.3789 E_h, exp. variance=4.2950 E_h^2, pmove=0.50
2026-06-09 02:22:54,397 - Step 03964: 19228.4766 E_h, exp. variance=4.1912 E_h^2, pmove=0.50
2026-06-09 02:22:54,751 - Step 03965: 19226.1836 E_h, exp. variance=3.8023 E_h^2, pmove=0.50
2026-06-09 02:22:55,104 - Step 03966: 19229.0508 E_h, exp. variance=3.9173 E_h^2, pmove=0.50
2026-06-09 02:22:55,457 - Step 03967: 19225.0469 E_h, exp. variance=3.8479 E_h^2, pmove=0.50
2026-06-09 02:22:55,806 - Step 03968: 19228.0586 E_h, exp. variance=3.6173 E_h^2, pmove=0.51
2026-06-09 02:22:56,153 - Step 03969: 19227.1758 E_h, exp. variance=3.2634 E_h^2, pmove=0.50
2026-06-09 02:22:56,502 - Step 03970: 19228.3828 E_h, exp. variance=3.1322 E_h^2, pmove=0.50
2026-06-09 02:22:56,854 - Step 03971: 19224.3242 E_h, exp. variance=3.4909 E_h^2, pmove=0.49
2026-06-09 02:22:57,205 - Step 03972: 19224.2695 E_h, exp. variance=3.7105 E_h^2, pmove=0.50
2026-06-09 02:22:57,556 - Step 03973: 19223.8320 E_h, exp. variance=3.9952 E_h^2, pmove=0.50
2026-06-09 02:22:57,905 - Step 03974: 19223.5859 E_h, exp. variance=4.2401 E_h^2, pmove=0.50
2026-06-09 02:22:58,258 - Step 03975: 19224.2500 E_h, exp. variance=4.0898 E_h^2, pmove=0.50
2026-06-09 02:22:58,608 - Step 03976: 19224.9082 E_h, exp. variance=3.7557 E_h^2, pmove=0.50
2026-06-09 02:22:58,956 - Step 03977: 19225.2852 E_h, exp. variance=3.3978 E_h^2, pmove=0.50
2026-06-09 02:22:59,307 - Step 03978: 19225.7871 E_h, exp. variance=3.0590 E_h^2, pmove=0.50
2026-06-09 02:22:59,659 - Step 03979: 19225.4023 E_h, exp. variance=2.7607 E_h^2, pmove=0.50
2026-06-09 02:23:00,006 - Step 03980: 19225.4023 E_h, exp. variance=2.4908 E_h^2, pmove=0.50
2026-06-09 02:23:00,358 - Step 03981: 19225.3594 E_h, exp. variance=2.2488 E_h^2, pmove=0.50
2026-06-09 02:23:00,707 - Step 03982: 19226.6133 E_h, exp. variance=2.1142 E_h^2, pmove=0.50
2026-06-09 02:23:01,057 - Step 03983: 19224.1230 E_h, exp. variance=2.1297 E_h^2, pmove=0.50
2026-06-09 02:23:01,413 - Step 03984: 19226.8516 E_h, exp. variance=2.0686 E_h^2, pmove=0.50
2026-06-09 02:23:01,772 - Step 03985: 19224.5273 E_h, exp. variance=1.9821 E_h^2, pmove=0.50
2026-06-09 02:23:02,126 - Step 03986: 19225.8047 E_h, exp. variance=1.7889 E_h^2, pmove=0.50
2026-06-09 02:23:02,479 - Step 03987: 19226.3125 E_h, exp. variance=1.6567 E_h^2, pmove=0.50
2026-06-09 02:23:02,831 - Step 03988: 19228.3047 E_h, exp. variance=2.1186 E_h^2, pmove=0.50
2026-06-09 02:23:03,186 - Step 03989: 19229.9531 E_h, exp. variance=3.3651 E_h^2, pmove=0.50
2026-06-09 02:23:03,538 - Step 03990: 19225.8086 E_h, exp. variance=3.0531 E_h^2, pmove=0.50
2026-06-09 02:23:03,887 - Step 03991: 19226.3438 E_h, exp. variance=2.7482 E_h^2, pmove=0.50
2026-06-09 02:23:04,242 - Step 03992: 19225.3750 E_h, exp. variance=2.5476 E_h^2, pmove=0.50
2026-06-09 02:23:04,596 - Step 03993: 19226.3320 E_h, exp. variance=2.2946 E_h^2, pmove=0.51
2026-06-09 02:23:04,947 - Step 03994: 19226.3809 E_h, exp. variance=2.0679 E_h^2, pmove=0.50
2026-06-09 02:23:05,297 - Step 03995: 19226.9102 E_h, exp. variance=1.9037 E_h^2, pmove=0.50
2026-06-09 02:23:05,648 - Step 03996: 19225.4336 E_h, exp. variance=1.7795 E_h^2, pmove=0.50
2026-06-09 02:23:05,999 - Step 03997: 19224.6562 E_h, exp. variance=1.8174 E_h^2, pmove=0.50
2026-06-09 02:23:06,350 - Step 03998: 19225.4141 E_h, exp. variance=1.6722 E_h^2, pmove=0.50
2026-06-09 02:23:06,706 - Step 03999: 19223.2188 E_h, exp. variance=2.1943 E_h^2, pmove=0.50
2026-06-09 02:23:07,062 - Step 04000: 19226.6406 E_h, exp. variance=2.0530 E_h^2, pmove=0.50
2026-06-09 02:23:07,420 - Step 04001: 19226.0215 E_h, exp. variance=1.8520 E_h^2, pmove=0.50
2026-06-09 02:23:07,775 - Step 04002: 19228.4141 E_h, exp. variance=2.2705 E_h^2, pmove=0.50
2026-06-09 02:23:08,129 - Step 04003: 19226.4844 E_h, exp. variance=2.0578 E_h^2, pmove=0.49
2026-06-09 02:23:08,479 - Step 04004: 19228.1289 E_h, exp. variance=2.2135 E_h^2, pmove=0.50
2026-06-09 02:23:08,831 - Step 04005: 19226.5254 E_h, exp. variance=1.9957 E_h^2, pmove=0.50
2026-06-09 02:23:09,185 - Step 04006: 19227.1875 E_h, exp. variance=1.8599 E_h^2, pmove=0.49
2026-06-09 02:23:09,536 - Step 04007: 19225.5215 E_h, exp. variance=1.7481 E_h^2, pmove=0.49
2026-06-09 02:23:09,887 - Step 04008: 19225.9883 E_h, exp. variance=1.5844 E_h^2, pmove=0.49
2026-06-09 02:23:10,236 - Step 04009: 19227.5312 E_h, exp. variance=1.5614 E_h^2, pmove=0.50
2026-06-09 02:23:10,586 - Step 04010: 19223.9199 E_h, exp. variance=1.9713 E_h^2, pmove=0.50
2026-06-09 02:23:10,937 - Step 04011: 19226.7695 E_h, exp. variance=1.8057 E_h^2, pmove=0.51
2026-06-09 02:23:11,287 - Step 04012: 19222.9980 E_h, exp. variance=2.5689 E_h^2, pmove=0.50
2026-06-09 02:23:11,638 - Step 04013: 19227.2227 E_h, exp. variance=2.4666 E_h^2, pmove=0.51
2026-06-09 02:23:11,990 - Step 04014: 19224.4492 E_h, exp. variance=2.4485 E_h^2, pmove=0.50
2026-06-09 02:23:12,339 - Step 04015: 19225.9258 E_h, exp. variance=2.2038 E_h^2, pmove=0.50
2026-06-09 02:23:12,690 - Step 04016: 19222.0391 E_h, exp. variance=3.3159 E_h^2, pmove=0.50
2026-06-09 02:23:13,042 - Step 04017: 19225.7168 E_h, exp. variance=2.9884 E_h^2, pmove=0.50
2026-06-09 02:23:13,393 - Step 04018: 19224.8398 E_h, exp. variance=2.7316 E_h^2, pmove=0.50
2026-06-09 02:23:13,742 - Step 04019: 19226.8594 E_h, exp. variance=2.6360 E_h^2, pmove=0.50
2026-06-09 02:23:14,093 - Step 04020: 19226.8633 E_h, exp. variance=2.5170 E_h^2, pmove=0.50
2026-06-09 02:23:14,444 - Step 04021: 19228.4023 E_h, exp. variance=2.9115 E_h^2, pmove=0.49
2026-06-09 02:23:14,798 - Step 04022: 19228.2344 E_h, exp. variance=3.0736 E_h^2, pmove=0.50
2026-06-09 02:23:15,149 - Step 04023: 19228.9336 E_h, exp. variance=3.4315 E_h^2, pmove=0.49
2026-06-09 02:23:15,502 - Step 04024: 19228.2285 E_h, exp. variance=3.3615 E_h^2, pmove=0.50
2026-06-09 02:23:15,852 - Step 04025: 19227.4961 E_h, exp. variance=3.0883 E_h^2, pmove=0.50
2026-06-09 02:23:16,204 - Step 04026: 19229.3047 E_h, exp. variance=3.3695 E_h^2, pmove=0.51
2026-06-09 02:23:16,557 - Step 04027: 19229.6855 E_h, exp. variance=3.6817 E_h^2, pmove=0.50
2026-06-09 02:23:16,908 - Step 04028: 19230.5430 E_h, exp. variance=4.2779 E_h^2, pmove=0.50
2026-06-09 02:23:17,262 - Step 04029: 19226.7324 E_h, exp. variance=3.9175 E_h^2, pmove=0.50
2026-06-09 02:23:17,613 - Step 04030: 19229.5625 E_h, exp. variance=3.9042 E_h^2, pmove=0.51
2026-06-09 02:23:17,964 - Step 04031: 19227.4102 E_h, exp. variance=3.5223 E_h^2, pmove=0.50
2026-06-09 02:23:18,315 - Step 04032: 19229.2109 E_h, exp. variance=3.3795 E_h^2, pmove=0.51
2026-06-09 02:23:18,667 - Step 04033: 19224.5957 E_h, exp. variance=3.9876 E_h^2, pmove=0.50
2026-06-09 02:23:19,019 - Step 04034: 19226.9785 E_h, exp. variance=3.6146 E_h^2, pmove=0.50
2026-06-09 02:23:19,370 - Step 04035: 19226.0234 E_h, exp. variance=3.4391 E_h^2, pmove=0.50
2026-06-09 02:23:19,722 - Step 04036: 19229.1289 E_h, exp. variance=3.3909 E_h^2, pmove=0.50
2026-06-09 02:23:20,073 - Step 04037: 19224.7754 E_h, exp. variance=3.7189 E_h^2, pmove=0.50
2026-06-09 02:23:20,428 - Step 04038: 19228.0801 E_h, exp. variance=3.4126 E_h^2, pmove=0.50
2026-06-09 02:23:20,778 - Step 04039: 19224.2832 E_h, exp. variance=3.8972 E_h^2, pmove=0.51
2026-06-09 02:23:21,129 - Step 04040: 19227.0430 E_h, exp. variance=3.5076 E_h^2, pmove=0.50
2026-06-09 02:23:21,482 - Step 04041: 19226.0391 E_h, exp. variance=3.2423 E_h^2, pmove=0.50
2026-06-09 02:23:21,831 - Step 04042: 19227.6758 E_h, exp. variance=2.9701 E_h^2, pmove=0.49
2026-06-09 02:23:22,182 - Step 04043: 19228.6953 E_h, exp. variance=2.9341 E_h^2, pmove=0.50
2026-06-09 02:23:22,533 - Step 04044: 19229.5312 E_h, exp. variance=3.1459 E_h^2, pmove=0.49
2026-06-09 02:23:22,884 - Step 04045: 19229.1406 E_h, exp. variance=3.1044 E_h^2, pmove=0.50
2026-06-09 02:23:23,237 - Step 04046: 19228.8711 E_h, exp. variance=2.9458 E_h^2, pmove=0.49
2026-06-09 02:23:23,589 - Step 04047: 19226.5469 E_h, exp. variance=2.7716 E_h^2, pmove=0.50
2026-06-09 02:23:23,941 - Step 04048: 19229.4316 E_h, exp. variance=2.8004 E_h^2, pmove=0.50
2026-06-09 02:23:24,291 - Step 04049: 19226.8125 E_h, exp. variance=2.6031 E_h^2, pmove=0.50
2026-06-09 02:23:24,646 - Step 04050: 19226.5352 E_h, exp. variance=2.4599 E_h^2, pmove=0.50
2026-06-09 02:23:25,002 - Step 04051: 19225.6367 E_h, exp. variance=2.5477 E_h^2, pmove=0.49
2026-06-09 02:23:25,355 - Step 04052: 19226.3086 E_h, exp. variance=2.3941 E_h^2, pmove=0.50
2026-06-09 02:23:25,709 - Step 04053: 19225.9180 E_h, exp. variance=2.3177 E_h^2, pmove=0.50
2026-06-09 02:23:26,069 - Step 04054: 19227.1797 E_h, exp. variance=2.0862 E_h^2, pmove=0.50
2026-06-09 02:23:26,422 - Step 04055: 19225.4180 E_h, exp. variance=2.1428 E_h^2, pmove=0.50
2026-06-09 02:23:26,779 - Step 04056: 19225.8164 E_h, exp. variance=2.0468 E_h^2, pmove=0.50
2026-06-09 02:23:27,129 - Step 04057: 19225.7852 E_h, exp. variance=1.9437 E_h^2, pmove=0.50
2026-06-09 02:23:27,480 - Step 04058: 19224.4180 E_h, exp. variance=2.2355 E_h^2, pmove=0.50
2026-06-09 02:23:27,831 - Step 04059: 19224.4707 E_h, exp. variance=2.3862 E_h^2, pmove=0.50
2026-06-09 02:23:28,183 - Step 04060: 19225.0352 E_h, exp. variance=2.2931 E_h^2, pmove=0.50
2026-06-09 02:23:28,548 - Step 04061: 19226.8281 E_h, exp. variance=2.1016 E_h^2, pmove=0.50
2026-06-09 02:23:28,900 - Step 04062: 19226.3828 E_h, exp. variance=1.8932 E_h^2, pmove=0.50
2026-06-09 02:23:29,249 - Step 04063: 19225.6055 E_h, exp. variance=1.7422 E_h^2, pmove=0.50
2026-06-09 02:23:29,617 - Step 04064: 19225.8828 E_h, exp. variance=1.5766 E_h^2, pmove=0.50
2026-06-09 02:23:29,971 - Step 04065: 19227.2793 E_h, exp. variance=1.5313 E_h^2, pmove=0.50
2026-06-09 02:23:30,325 - Step 04066: 19228.2227 E_h, exp. variance=1.7201 E_h^2, pmove=0.50
2026-06-09 02:23:30,678 - Step 04067: 19226.7539 E_h, exp. variance=1.5554 E_h^2, pmove=0.50
2026-06-09 02:23:31,029 - Step 04068: 19227.8555 E_h, exp. variance=1.5657 E_h^2, pmove=0.50
2026-06-09 02:23:31,380 - Step 04069: 19227.2539 E_h, exp. variance=1.4439 E_h^2, pmove=0.50
2026-06-09 02:23:31,730 - Step 04070: 19230.2285 E_h, exp. variance=2.4230 E_h^2, pmove=0.50
2026-06-09 02:23:32,081 - Step 04071: 19228.1367 E_h, exp. variance=2.2872 E_h^2, pmove=0.50
2026-06-09 02:23:32,446 - Step 04072: 19228.4609 E_h, exp. variance=2.2112 E_h^2, pmove=0.51
2026-06-09 02:23:32,824 - Step 04073: 19226.1641 E_h, exp. variance=2.1040 E_h^2, pmove=0.50
2026-06-09 02:23:33,176 - Step 04074: 19226.8340 E_h, exp. variance=1.9041 E_h^2, pmove=0.49
2026-06-09 02:23:33,527 - Step 04075: 19223.9160 E_h, exp. variance=2.6495 E_h^2, pmove=0.49
2026-06-09 02:23:33,882 - Step 04076: 19227.0820 E_h, exp. variance=2.3908 E_h^2, pmove=0.50
2026-06-09 02:23:34,237 - Step 04077: 19224.2852 E_h, exp. variance=2.7409 E_h^2, pmove=0.50
2026-06-09 02:23:34,589 - Step 04078: 19224.7383 E_h, exp. variance=2.7747 E_h^2, pmove=0.50
2026-06-09 02:23:34,943 - Step 04079: 19223.8164 E_h, exp. variance=3.0991 E_h^2, pmove=0.50
2026-06-09 02:23:35,297 - Step 04080: 19225.6055 E_h, exp. variance=2.8153 E_h^2, pmove=0.50
2026-06-09 02:23:35,647 - Step 04081: 19224.1152 E_h, exp. variance=2.8847 E_h^2, pmove=0.50
2026-06-09 02:23:35,999 - Step 04082: 19225.2480 E_h, exp. variance=2.6336 E_h^2, pmove=0.50
2026-06-09 02:23:36,349 - Step 04083: 19224.8203 E_h, exp. variance=2.4617 E_h^2, pmove=0.50
2026-06-09 02:23:36,700 - Step 04084: 19225.7852 E_h, exp. variance=2.2158 E_h^2, pmove=0.51
2026-06-09 02:23:37,052 - Step 04085: 19227.9414 E_h, exp. variance=2.4334 E_h^2, pmove=0.50
2026-06-09 02:23:37,403 - Step 04086: 19227.2070 E_h, exp. variance=2.3316 E_h^2, pmove=0.50
2026-06-09 02:23:37,752 - Step 04087: 19227.6406 E_h, exp. variance=2.3181 E_h^2, pmove=0.50
2026-06-09 02:23:38,107 - Step 04088: 19226.0039 E_h, exp. variance=2.0911 E_h^2, pmove=0.50
2026-06-09 02:23:38,457 - Step 04089: 19226.2695 E_h, exp. variance=1.8823 E_h^2, pmove=0.50
2026-06-09 02:23:38,810 - Step 04090: 19224.9414 E_h, exp. variance=1.8405 E_h^2, pmove=0.50
2026-06-09 02:23:39,160 - Step 04091: 19226.6211 E_h, exp. variance=1.6818 E_h^2, pmove=0.51
2026-06-09 02:23:39,510 - Step 04092: 19223.3281 E_h, exp. variance=2.2265 E_h^2, pmove=0.49
2026-06-09 02:23:39,860 - Step 04093: 19229.0938 E_h, exp. variance=2.9443 E_h^2, pmove=0.50
2026-06-09 02:23:40,211 - Step 04094: 19226.0039 E_h, exp. variance=2.6527 E_h^2, pmove=0.50
2026-06-09 02:23:40,563 - Step 04095: 19227.0605 E_h, exp. variance=2.4595 E_h^2, pmove=0.51
2026-06-09 02:23:40,913 - Step 04096: 19226.2266 E_h, exp. variance=2.2136 E_h^2, pmove=0.49
2026-06-09 02:23:41,265 - Step 04097: 19227.1211 E_h, exp. variance=2.0599 E_h^2, pmove=0.50
2026-06-09 02:23:41,623 - Step 04098: 19226.6328 E_h, exp. variance=1.8617 E_h^2, pmove=0.49
2026-06-09 02:23:41,975 - Step 04099: 19228.8711 E_h, exp. variance=2.2389 E_h^2, pmove=0.50
2026-06-09 02:23:42,329 - Step 04100: 19227.8906 E_h, exp. variance=2.1605 E_h^2, pmove=0.50
2026-06-09 02:23:42,681 - Step 04101: 19228.8945 E_h, exp. variance=2.3599 E_h^2, pmove=0.50
2026-06-09 02:23:43,032 - Step 04102: 19226.8086 E_h, exp. variance=2.1260 E_h^2, pmove=0.50
2026-06-09 02:23:43,384 - Step 04103: 19228.1133 E_h, exp. variance=2.0361 E_h^2, pmove=0.50
2026-06-09 02:23:43,737 - Step 04104: 19226.9766 E_h, exp. variance=1.8332 E_h^2, pmove=0.50
2026-06-09 02:23:44,093 - Step 04105: 19226.0586 E_h, exp. variance=1.7392 E_h^2, pmove=0.50
2026-06-09 02:23:44,445 - Step 04106: 19225.8809 E_h, exp. variance=1.6691 E_h^2, pmove=0.50
2026-06-09 02:23:44,796 - Step 04107: 19224.9316 E_h, exp. variance=1.8326 E_h^2, pmove=0.51
2026-06-09 02:23:45,150 - Step 04108: 19225.7617 E_h, exp. variance=1.7214 E_h^2, pmove=0.50
2026-06-09 02:23:45,504 - Step 04109: 19227.5781 E_h, exp. variance=1.6413 E_h^2, pmove=0.50
2026-06-09 02:23:45,858 - Step 04110: 19226.5039 E_h, exp. variance=1.4796 E_h^2, pmove=0.50
2026-06-09 02:23:46,216 - Step 04111: 19225.2051 E_h, exp. variance=1.5202 E_h^2, pmove=0.50
2026-06-09 02:23:46,568 - Step 04112: 19224.9219 E_h, exp. variance=1.5945 E_h^2, pmove=0.49
2026-06-09 02:23:46,919 - Step 04113: 19224.8633 E_h, exp. variance=1.6339 E_h^2, pmove=0.50
2026-06-09 02:23:47,270 - Step 04114: 19223.2891 E_h, exp. variance=2.2337 E_h^2, pmove=0.50
2026-06-09 02:23:47,626 - Step 04115: 19223.9453 E_h, exp. variance=2.3578 E_h^2, pmove=0.50
2026-06-09 02:23:47,982 - Step 04116: 19224.7031 E_h, exp. variance=2.2138 E_h^2, pmove=0.50
2026-06-09 02:23:48,336 - Step 04117: 19225.7598 E_h, exp. variance=1.9944 E_h^2, pmove=0.51
2026-06-09 02:23:48,689 - Step 04118: 19225.4512 E_h, exp. variance=1.7978 E_h^2, pmove=0.50
2026-06-09 02:23:49,041 - Step 04119: 19228.3242 E_h, exp. variance=2.2813 E_h^2, pmove=0.50
2026-06-09 02:23:49,395 - Step 04120: 19225.8809 E_h, exp. variance=2.0532 E_h^2, pmove=0.50
2026-06-09 02:23:49,749 - Step 04121: 19227.9180 E_h, exp. variance=2.2213 E_h^2, pmove=0.51
2026-06-09 02:23:50,101 - Step 04122: 19226.4941 E_h, exp. variance=2.0144 E_h^2, pmove=0.50
2026-06-09 02:23:50,453 - Step 04123: 19225.9180 E_h, exp. variance=1.8168 E_h^2, pmove=0.50
2026-06-09 02:23:50,807 - Step 04124: 19225.1289 E_h, exp. variance=1.7206 E_h^2, pmove=0.50
2026-06-09 02:23:51,159 - Step 04125: 19223.8008 E_h, exp. variance=1.9861 E_h^2, pmove=0.51
2026-06-09 02:23:51,510 - Step 04126: 19224.2578 E_h, exp. variance=1.9975 E_h^2, pmove=0.51
2026-06-09 02:23:51,863 - Step 04127: 19222.9688 E_h, exp. variance=2.4365 E_h^2, pmove=0.50
2026-06-09 02:23:52,219 - Step 04128: 19222.9922 E_h, exp. variance=2.7005 E_h^2, pmove=0.50
2026-06-09 02:23:52,575 - Step 04129: 19224.5312 E_h, exp. variance=2.4626 E_h^2, pmove=0.50
2026-06-09 02:23:52,930 - Step 04130: 19223.0547 E_h, exp. variance=2.5813 E_h^2, pmove=0.50
2026-06-09 02:23:53,285 - Step 04131: 19225.2344 E_h, exp. variance=2.3353 E_h^2, pmove=0.50
2026-06-09 02:23:53,644 - Step 04132: 19223.4023 E_h, exp. variance=2.3048 E_h^2, pmove=0.51
2026-06-09 02:23:53,997 - Step 04133: 19227.6875 E_h, exp. variance=2.8488 E_h^2, pmove=0.51
2026-06-09 02:23:54,349 - Step 04134: 19225.7617 E_h, exp. variance=2.6099 E_h^2, pmove=0.50
2026-06-09 02:23:54,704 - Step 04135: 19227.7812 E_h, exp. variance=2.9868 E_h^2, pmove=0.50
2026-06-09 02:23:55,057 - Step 04136: 19226.8633 E_h, exp. variance=2.8848 E_h^2, pmove=0.50
2026-06-09 02:23:55,411 - Step 04137: 19227.1602 E_h, exp. variance=2.8346 E_h^2, pmove=0.50
2026-06-09 02:23:55,766 - Step 04138: 19225.7188 E_h, exp. variance=2.5512 E_h^2, pmove=0.49
2026-06-09 02:23:56,122 - Step 04139: 19228.1602 E_h, exp. variance=2.8420 E_h^2, pmove=0.50
2026-06-09 02:23:56,476 - Step 04140: 19228.6719 E_h, exp. variance=3.2278 E_h^2, pmove=0.50
2026-06-09 02:23:56,829 - Step 04141: 19228.5000 E_h, exp. variance=3.3742 E_h^2, pmove=0.50
2026-06-09 02:23:57,187 - Step 04142: 19227.8457 E_h, exp. variance=3.2133 E_h^2, pmove=0.50
2026-06-09 02:23:57,541 - Step 04143: 19228.0703 E_h, exp. variance=3.0903 E_h^2, pmove=0.50
2026-06-09 02:23:57,893 - Step 04144: 19228.2070 E_h, exp. variance=2.9764 E_h^2, pmove=0.50
2026-06-09 02:23:58,247 - Step 04145: 19229.0859 E_h, exp. variance=3.1164 E_h^2, pmove=0.50
2026-06-09 02:23:58,601 - Step 04146: 19227.2500 E_h, exp. variance=2.8067 E_h^2, pmove=0.50
2026-06-09 02:23:58,954 - Step 04147: 19227.7930 E_h, exp. variance=2.5672 E_h^2, pmove=0.50
2026-06-09 02:23:59,306 - Step 04148: 19226.6074 E_h, exp. variance=2.3405 E_h^2, pmove=0.50
2026-06-09 02:23:59,658 - Step 04149: 19223.3867 E_h, exp. variance=3.3655 E_h^2, pmove=0.51
2026-06-09 02:24:00,010 - Step 04150: 19224.7344 E_h, exp. variance=3.3960 E_h^2, pmove=0.50
2026-06-09 02:24:00,364 - Step 04151: 19226.3320 E_h, exp. variance=3.0608 E_h^2, pmove=0.50
2026-06-09 02:24:00,723 - Step 04152: 19226.3750 E_h, exp. variance=2.7569 E_h^2, pmove=0.50
2026-06-09 02:24:01,075 - Step 04153: 19225.8398 E_h, exp. variance=2.5223 E_h^2, pmove=0.50
2026-06-09 02:24:01,428 - Step 04154: 19225.4062 E_h, exp. variance=2.3676 E_h^2, pmove=0.50
2026-06-09 02:24:01,783 - Step 04155: 19225.8262 E_h, exp. variance=2.1550 E_h^2, pmove=0.51
2026-06-09 02:24:02,135 - Step 04156: 19226.7402 E_h, exp. variance=1.9575 E_h^2, pmove=0.50
2026-06-09 02:24:02,486 - Step 04157: 19225.3828 E_h, exp. variance=1.8438 E_h^2, pmove=0.50
2026-06-09 02:24:02,840 - Step 04158: 19224.4688 E_h, exp. variance=1.9425 E_h^2, pmove=0.50
2026-06-09 02:24:03,191 - Step 04159: 19226.0859 E_h, exp. variance=1.7483 E_h^2, pmove=0.49
2026-06-09 02:24:03,551 - Step 04160: 19226.3340 E_h, exp. variance=1.5799 E_h^2, pmove=0.50
2026-06-09 02:24:03,911 - Step 04161: 19226.0977 E_h, exp. variance=1.4219 E_h^2, pmove=0.51
2026-06-09 02:24:04,268 - Step 04162: 19227.0586 E_h, exp. variance=1.3635 E_h^2, pmove=0.50
2026-06-09 02:24:04,621 - Step 04163: 19228.7383 E_h, exp. variance=1.8118 E_h^2, pmove=0.50
2026-06-09 02:24:04,978 - Step 04164: 19227.0586 E_h, exp. variance=1.6645 E_h^2, pmove=0.50
2026-06-09 02:24:05,351 - Step 04165: 19226.5430 E_h, exp. variance=1.4982 E_h^2, pmove=0.50
2026-06-09 02:24:05,710 - Step 04166: 19223.6855 E_h, exp. variance=2.0662 E_h^2, pmove=0.50
2026-06-09 02:24:06,064 - Step 04167: 19227.3496 E_h, exp. variance=1.9731 E_h^2, pmove=0.50
2026-06-09 02:24:06,416 - Step 04168: 19226.5547 E_h, exp. variance=1.7800 E_h^2, pmove=0.50
2026-06-09 02:24:06,767 - Step 04169: 19225.9453 E_h, exp. variance=1.6175 E_h^2, pmove=0.50
2026-06-09 02:24:07,120 - Step 04170: 19225.0938 E_h, exp. variance=1.5912 E_h^2, pmove=0.49
2026-06-09 02:24:07,472 - Step 04171: 19226.6367 E_h, exp. variance=1.4494 E_h^2, pmove=0.50
2026-06-09 02:24:07,828 - Step 04172: 19224.0430 E_h, exp. variance=1.7398 E_h^2, pmove=0.50
2026-06-09 02:24:08,184 - Step 04173: 19224.9316 E_h, exp. variance=1.6727 E_h^2, pmove=0.51
2026-06-09 02:24:08,537 - Step 04174: 19224.9453 E_h, exp. variance=1.5896 E_h^2, pmove=0.50
2026-06-09 02:24:08,891 - Step 04175: 19226.7188 E_h, exp. variance=1.5039 E_h^2, pmove=0.51
2026-06-09 02:24:09,254 - Step 04176: 19226.3398 E_h, exp. variance=1.3704 E_h^2, pmove=0.50
2026-06-09 02:24:09,609 - Step 04177: 19226.4277 E_h, exp. variance=1.2540 E_h^2, pmove=0.50
2026-06-09 02:24:09,969 - Step 04178: 19224.3086 E_h, exp. variance=1.3849 E_h^2, pmove=0.50
2026-06-09 02:24:10,323 - Step 04179: 19225.1211 E_h, exp. variance=1.2914 E_h^2, pmove=0.50
2026-06-09 02:24:10,676 - Step 04180: 19224.8359 E_h, exp. variance=1.2387 E_h^2, pmove=0.50
2026-06-09 02:24:11,033 - Step 04181: 19225.8809 E_h, exp. variance=1.1190 E_h^2, pmove=0.50
2026-06-09 02:24:11,389 - Step 04182: 19225.2363 E_h, exp. variance=1.0254 E_h^2, pmove=0.50
2026-06-09 02:24:11,741 - Step 04183: 19226.4434 E_h, exp. variance=0.9806 E_h^2, pmove=0.49
2026-06-09 02:24:12,094 - Step 04184: 19224.5762 E_h, exp. variance=1.0008 E_h^2, pmove=0.50
2026-06-09 02:24:12,445 - Step 04185: 19224.4688 E_h, exp. variance=1.0174 E_h^2, pmove=0.50
2026-06-09 02:24:12,798 - Step 04186: 19225.9023 E_h, exp. variance=0.9307 E_h^2, pmove=0.50
2026-06-09 02:24:13,150 - Step 04187: 19226.0020 E_h, exp. variance=0.8572 E_h^2, pmove=0.49
2026-06-09 02:24:13,505 - Step 04188: 19225.1113 E_h, exp. variance=0.7915 E_h^2, pmove=0.49
2026-06-09 02:24:13,859 - Step 04189: 19227.0742 E_h, exp. variance=0.9255 E_h^2, pmove=0.50
2026-06-09 02:24:14,211 - Step 04190: 19226.8770 E_h, exp. variance=0.9599 E_h^2, pmove=0.50
2026-06-09 02:24:14,563 - Step 04191: 19229.0859 E_h, exp. variance=1.8306 E_h^2, pmove=0.50
2026-06-09 02:24:14,914 - Step 04192: 19227.3809 E_h, exp. variance=1.7868 E_h^2, pmove=0.50
2026-06-09 02:24:15,265 - Step 04193: 19227.7910 E_h, exp. variance=1.8186 E_h^2, pmove=0.49
2026-06-09 02:24:15,619 - Step 04194: 19226.9141 E_h, exp. variance=1.6593 E_h^2, pmove=0.51
2026-06-09 02:24:15,970 - Step 04195: 19226.4570 E_h, exp. variance=1.4933 E_h^2, pmove=0.50
2026-06-09 02:24:16,322 - Step 04196: 19226.4883 E_h, exp. variance=1.3441 E_h^2, pmove=0.51
2026-06-09 02:24:16,671 - Step 04197: 19228.3516 E_h, exp. variance=1.5294 E_h^2, pmove=0.50
2026-06-09 02:24:17,025 - Step 04198: 19226.8242 E_h, exp. variance=1.3790 E_h^2, pmove=0.50
2026-06-09 02:24:17,379 - Step 04199: 19227.2266 E_h, exp. variance=1.2686 E_h^2, pmove=0.49
2026-06-09 02:24:17,732 - Step 04200: 19226.7773 E_h, exp. variance=1.1419 E_h^2, pmove=0.50
2026-06-09 02:24:18,088 - Step 04201: 19227.5078 E_h, exp. variance=1.0816 E_h^2, pmove=0.49
2026-06-09 02:24:18,448 - Step 04202: 19226.0020 E_h, exp. variance=1.0325 E_h^2, pmove=0.49
2026-06-09 02:24:18,806 - Step 04203: 19227.5039 E_h, exp. variance=0.9831 E_h^2, pmove=0.50
2026-06-09 02:24:19,161 - Step 04204: 19225.9980 E_h, exp. variance=0.9439 E_h^2, pmove=0.50
2026-06-09 02:24:19,518 - Step 04205: 19227.3906 E_h, exp. variance=0.8892 E_h^2, pmove=0.50
2026-06-09 02:24:19,871 - Step 04206: 19224.8496 E_h, exp. variance=1.1402 E_h^2, pmove=0.51
2026-06-09 02:24:20,224 - Step 04207: 19226.1582 E_h, exp. variance=1.0436 E_h^2, pmove=0.51
2026-06-09 02:24:20,573 - Step 04208: 19226.0391 E_h, exp. variance=0.9631 E_h^2, pmove=0.50
2026-06-09 02:24:20,924 - Step 04209: 19227.5234 E_h, exp. variance=0.9604 E_h^2, pmove=0.49
2026-06-09 02:24:21,277 - Step 04210: 19227.5117 E_h, exp. variance=0.9383 E_h^2, pmove=0.50
2026-06-09 02:24:21,628 - Step 04211: 19224.4922 E_h, exp. variance=1.2813 E_h^2, pmove=0.50
2026-06-09 02:24:21,978 - Step 04212: 19227.2188 E_h, exp. variance=1.2030 E_h^2, pmove=0.50
2026-06-09 02:24:22,330 - Step 04213: 19224.7930 E_h, exp. variance=1.3602 E_h^2, pmove=0.50
2026-06-09 02:24:22,683 - Step 04214: 19226.7812 E_h, exp. variance=1.2391 E_h^2, pmove=0.51
2026-06-09 02:24:23,034 - Step 04215: 19228.1582 E_h, exp. variance=1.3890 E_h^2, pmove=0.50
2026-06-09 02:24:23,387 - Step 04216: 19228.6953 E_h, exp. variance=1.6498 E_h^2, pmove=0.49
2026-06-09 02:24:23,737 - Step 04217: 19228.8789 E_h, exp. variance=1.8742 E_h^2, pmove=0.50
2026-06-09 02:24:24,090 - Step 04218: 19228.1367 E_h, exp. variance=1.8015 E_h^2, pmove=0.50
2026-06-09 02:24:24,443 - Step 04219: 19226.8926 E_h, exp. variance=1.6261 E_h^2, pmove=0.50
2026-06-09 02:24:24,793 - Step 04220: 19227.7852 E_h, exp. variance=1.5060 E_h^2, pmove=0.50
2026-06-09 02:24:25,149 - Step 04221: 19225.5430 E_h, exp. variance=1.5925 E_h^2, pmove=0.50
2026-06-09 02:24:25,503 - Step 04222: 19224.0547 E_h, exp. variance=2.2160 E_h^2, pmove=0.50
2026-06-09 02:24:25,857 - Step 04223: 19225.2578 E_h, exp. variance=2.1840 E_h^2, pmove=0.50
2026-06-09 02:24:26,209 - Step 04224: 19223.9648 E_h, exp. variance=2.5738 E_h^2, pmove=0.50
2026-06-09 02:24:26,561 - Step 04225: 19225.3652 E_h, exp. variance=2.3958 E_h^2, pmove=0.49
2026-06-09 02:24:26,914 - Step 04226: 19225.1758 E_h, exp. variance=2.2527 E_h^2, pmove=0.50
2026-06-09 02:24:27,263 - Step 04227: 19224.3242 E_h, exp. variance=2.3136 E_h^2, pmove=0.51
2026-06-09 02:24:27,617 - Step 04228: 19226.7344 E_h, exp. variance=2.1405 E_h^2, pmove=0.50
2026-06-09 02:24:27,968 - Step 04229: 19225.7070 E_h, exp. variance=1.9347 E_h^2, pmove=0.50
2026-06-09 02:24:28,325 - Step 04230: 19228.0820 E_h, exp. variance=2.1387 E_h^2, pmove=0.50
2026-06-09 02:24:28,680 - Step 04231: 19227.3262 E_h, exp. variance=2.0408 E_h^2, pmove=0.50
2026-06-09 02:24:29,038 - Step 04232: 19227.2500 E_h, exp. variance=1.9171 E_h^2, pmove=0.50
2026-06-09 02:24:29,388 - Step 04233: 19226.0117 E_h, exp. variance=1.7389 E_h^2, pmove=0.50
2026-06-09 02:24:29,741 - Step 04234: 19229.6230 E_h, exp. variance=2.5236 E_h^2, pmove=0.51
2026-06-09 02:24:30,097 - Step 04235: 19227.2930 E_h, exp. variance=2.3045 E_h^2, pmove=0.50
2026-06-09 02:24:30,453 - Step 04236: 19228.2910 E_h, exp. variance=2.2888 E_h^2, pmove=0.51
2026-06-09 02:24:30,806 - Step 04237: 19227.2871 E_h, exp. variance=2.0734 E_h^2, pmove=0.50
2026-06-09 02:24:31,158 - Step 04238: 19228.0762 E_h, exp. variance=1.9824 E_h^2, pmove=0.50
2026-06-09 02:24:31,513 - Step 04239: 19227.0391 E_h, exp. variance=1.7841 E_h^2, pmove=0.50
2026-06-09 02:24:31,868 - Step 04240: 19226.9199 E_h, exp. variance=1.6073 E_h^2, pmove=0.50
2026-06-09 02:24:32,222 - Step 04241: 19226.9297 E_h, exp. variance=1.4476 E_h^2, pmove=0.50
2026-06-09 02:24:32,575 - Step 04242: 19227.1387 E_h, exp. variance=1.3039 E_h^2, pmove=0.50
2026-06-09 02:24:32,928 - Step 04243: 19226.1758 E_h, exp. variance=1.2406 E_h^2, pmove=0.50
2026-06-09 02:24:33,282 - Step 04244: 19226.5625 E_h, exp. variance=1.1303 E_h^2, pmove=0.51
2026-06-09 02:24:33,638 - Step 04245: 19226.3828 E_h, exp. variance=1.0427 E_h^2, pmove=0.50
2026-06-09 02:24:33,993 - Step 04246: 19228.0352 E_h, exp. variance=1.0624 E_h^2, pmove=0.50
2026-06-09 02:24:34,347 - Step 04247: 19228.8965 E_h, exp. variance=1.2872 E_h^2, pmove=0.50
2026-06-09 02:24:34,701 - Step 04248: 19227.2188 E_h, exp. variance=1.1587 E_h^2, pmove=0.50
2026-06-09 02:24:35,053 - Step 04249: 19226.8340 E_h, exp. variance=1.0534 E_h^2, pmove=0.50
2026-06-09 02:24:35,403 - Step 04250: 19225.2031 E_h, exp. variance=1.2859 E_h^2, pmove=0.50
2026-06-09 02:24:35,754 - Step 04251: 19227.7969 E_h, exp. variance=1.2223 E_h^2, pmove=0.50
2026-06-09 02:24:36,104 - Step 04252: 19229.5078 E_h, exp. variance=1.6520 E_h^2, pmove=0.50
2026-06-09 02:24:36,456 - Step 04253: 19229.3848 E_h, exp. variance=1.8858 E_h^2, pmove=0.50
2026-06-09 02:24:36,806 - Step 04254: 19229.0391 E_h, exp. variance=1.9131 E_h^2, pmove=0.50
2026-06-09 02:24:37,158 - Step 04255: 19228.6172 E_h, exp. variance=1.8070 E_h^2, pmove=0.50
2026-06-09 02:24:37,513 - Step 04256: 19229.7617 E_h, exp. variance=1.9933 E_h^2, pmove=0.50
2026-06-09 02:24:37,865 - Step 04257: 19228.7051 E_h, exp. variance=1.8462 E_h^2, pmove=0.50
2026-06-09 02:24:38,217 - Step 04258: 19228.8887 E_h, exp. variance=1.7296 E_h^2, pmove=0.50
2026-06-09 02:24:38,570 - Step 04259: 19226.3594 E_h, exp. variance=1.8310 E_h^2, pmove=0.50
2026-06-09 02:24:38,921 - Step 04260: 19225.9961 E_h, exp. variance=1.9851 E_h^2, pmove=0.50
2026-06-09 02:24:39,273 - Step 04261: 19224.1953 E_h, exp. variance=2.9163 E_h^2, pmove=0.50
2026-06-09 02:24:39,627 - Step 04262: 19224.7578 E_h, exp. variance=3.2458 E_h^2, pmove=0.50
2026-06-09 02:24:39,978 - Step 04263: 19226.4492 E_h, exp. variance=2.9618 E_h^2, pmove=0.50
2026-06-09 02:24:40,329 - Step 04264: 19227.2578 E_h, exp. variance=2.6693 E_h^2, pmove=0.50
2026-06-09 02:24:40,681 - Step 04265: 19226.3164 E_h, exp. variance=2.4541 E_h^2, pmove=0.50
2026-06-09 02:24:41,033 - Step 04266: 19226.5117 E_h, exp. variance=2.2300 E_h^2, pmove=0.51
2026-06-09 02:24:41,384 - Step 04267: 19227.3105 E_h, exp. variance=2.0187 E_h^2, pmove=0.50
2026-06-09 02:24:41,738 - Step 04268: 19225.3418 E_h, exp. variance=2.0597 E_h^2, pmove=0.50
2026-06-09 02:24:42,093 - Step 04269: 19226.0703 E_h, exp. variance=1.9043 E_h^2, pmove=0.50
2026-06-09 02:24:42,449 - Step 04270: 19227.1172 E_h, exp. variance=1.7263 E_h^2, pmove=0.50
2026-06-09 02:24:42,801 - Step 04271: 19227.9922 E_h, exp. variance=1.6852 E_h^2, pmove=0.50
2026-06-09 02:24:43,151 - Step 04272: 19227.5645 E_h, exp. variance=1.5559 E_h^2, pmove=0.50
2026-06-09 02:24:43,503 - Step 04273: 19227.5664 E_h, exp. variance=1.4323 E_h^2, pmove=0.51
2026-06-09 02:24:43,853 - Step 04274: 19227.4453 E_h, exp. variance=1.3045 E_h^2, pmove=0.49
2026-06-09 02:24:44,203 - Step 04275: 19226.1641 E_h, exp. variance=1.2483 E_h^2, pmove=0.51
2026-06-09 02:24:44,561 - Step 04276: 19225.0391 E_h, exp. variance=1.4626 E_h^2, pmove=0.50
2026-06-09 02:24:44,916 - Step 04277: 19227.7695 E_h, exp. variance=1.4032 E_h^2, pmove=0.50
2026-06-09 02:24:45,269 - Step 04278: 19226.8398 E_h, exp. variance=1.2631 E_h^2, pmove=0.50
2026-06-09 02:24:45,620 - Step 04279: 19226.1016 E_h, exp. variance=1.1914 E_h^2, pmove=0.50
2026-06-09 02:24:45,972 - Step 04280: 19225.5273 E_h, exp. variance=1.2187 E_h^2, pmove=0.49
2026-06-09 02:24:46,327 - Step 04281: 19226.3086 E_h, exp. variance=1.1090 E_h^2, pmove=0.51
2026-06-09 02:24:46,678 - Step 04282: 19224.6406 E_h, exp. variance=1.3574 E_h^2, pmove=0.51
2026-06-09 02:24:47,029 - Step 04283: 19226.0898 E_h, exp. variance=1.2326 E_h^2, pmove=0.49
2026-06-09 02:24:47,381 - Step 04284: 19225.0508 E_h, exp. variance=1.2742 E_h^2, pmove=0.50
2026-06-09 02:24:47,732 - Step 04285: 19227.6719 E_h, exp. variance=1.3238 E_h^2, pmove=0.50
2026-06-09 02:24:48,085 - Step 04286: 19225.3164 E_h, exp. variance=1.2991 E_h^2, pmove=0.50
2026-06-09 02:24:48,435 - Step 04287: 19225.8867 E_h, exp. variance=1.1846 E_h^2, pmove=0.50
2026-06-09 02:24:48,786 - Step 04288: 19225.6719 E_h, exp. variance=1.0973 E_h^2, pmove=0.50
2026-06-09 02:24:49,138 - Step 04289: 19225.0820 E_h, exp. variance=1.1003 E_h^2, pmove=0.50
2026-06-09 02:24:49,489 - Step 04290: 19225.7461 E_h, exp. variance=1.0009 E_h^2, pmove=0.50
2026-06-09 02:24:49,839 - Step 04291: 19226.4180 E_h, exp. variance=0.9127 E_h^2, pmove=0.49
2026-06-09 02:24:50,191 - Step 04292: 19226.3164 E_h, exp. variance=0.8259 E_h^2, pmove=0.50
2026-06-09 02:24:50,541 - Step 04293: 19226.8418 E_h, exp. variance=0.7911 E_h^2, pmove=0.50
2026-06-09 02:24:50,892 - Step 04294: 19225.0078 E_h, exp. variance=0.8368 E_h^2, pmove=0.49
2026-06-09 02:24:51,245 - Step 04295: 19226.3086 E_h, exp. variance=0.7583 E_h^2, pmove=0.50
2026-06-09 02:24:51,600 - Step 04296: 19228.9785 E_h, exp. variance=1.4325 E_h^2, pmove=0.50
2026-06-09 02:24:51,955 - Step 04297: 19227.9180 E_h, exp. variance=1.5019 E_h^2, pmove=0.49
2026-06-09 02:24:52,307 - Step 04298: 19226.0801 E_h, exp. variance=1.3703 E_h^2, pmove=0.50
2026-06-09 02:24:52,659 - Step 04299: 19226.6582 E_h, exp. variance=1.2358 E_h^2, pmove=0.50
2026-06-09 02:24:53,010 - Step 04300: 19225.2402 E_h, exp. variance=1.2569 E_h^2, pmove=0.50
2026-06-09 02:24:53,362 - Step 04301: 19225.7031 E_h, exp. variance=1.1725 E_h^2, pmove=0.50
2026-06-09 02:24:53,716 - Step 04302: 19223.4414 E_h, exp. variance=1.7972 E_h^2, pmove=0.51
2026-06-09 02:24:54,068 - Step 04303: 19225.7070 E_h, exp. variance=1.6266 E_h^2, pmove=0.50
2026-06-09 02:24:54,420 - Step 04304: 19226.8301 E_h, exp. variance=1.5268 E_h^2, pmove=0.50
2026-06-09 02:24:54,772 - Step 04305: 19227.4062 E_h, exp. variance=1.5329 E_h^2, pmove=0.51
2026-06-09 02:24:55,127 - Step 04306: 19225.8027 E_h, exp. variance=1.3946 E_h^2, pmove=0.50
2026-06-09 02:24:55,478 - Step 04307: 19227.5488 E_h, exp. variance=1.4262 E_h^2, pmove=0.50
2026-06-09 02:24:55,833 - Step 04308: 19226.8398 E_h, exp. variance=1.3090 E_h^2, pmove=0.51
2026-06-09 02:24:56,189 - Step 04309: 19226.9648 E_h, exp. variance=1.2109 E_h^2, pmove=0.50
2026-06-09 02:24:56,541 - Step 04310: 19226.3789 E_h, exp. variance=1.0900 E_h^2, pmove=0.50
2026-06-09 02:24:56,893 - Step 04311: 19228.0938 E_h, exp. variance=1.2337 E_h^2, pmove=0.50
2026-06-09 02:24:57,243 - Step 04312: 19227.1328 E_h, exp. variance=1.1373 E_h^2, pmove=0.49
2026-06-09 02:24:57,599 - Step 04313: 19228.5117 E_h, exp. variance=1.3386 E_h^2, pmove=0.50
2026-06-09 02:24:57,952 - Step 04314: 19227.3320 E_h, exp. variance=1.2276 E_h^2, pmove=0.50
2026-06-09 02:24:58,309 - Step 04315: 19229.3008 E_h, exp. variance=1.6327 E_h^2, pmove=0.50
2026-06-09 02:24:58,663 - Step 04316: 19228.2148 E_h, exp. variance=1.5771 E_h^2, pmove=0.51
2026-06-09 02:24:59,014 - Step 04317: 19229.6992 E_h, exp. variance=1.9680 E_h^2, pmove=0.49
2026-06-09 02:24:59,366 - Step 04318: 19227.1211 E_h, exp. variance=1.7825 E_h^2, pmove=0.50
2026-06-09 02:24:59,717 - Step 04319: 19227.9844 E_h, exp. variance=1.6308 E_h^2, pmove=0.49
2026-06-09 02:25:00,071 - Step 04320: 19227.0547 E_h, exp. variance=1.4853 E_h^2, pmove=0.50
2026-06-09 02:25:00,429 - Step 04321: 19229.9336 E_h, exp. variance=1.8914 E_h^2, pmove=0.50
2026-06-09 02:25:00,785 - Step 04322: 19228.2812 E_h, exp. variance=1.7327 E_h^2, pmove=0.49
2026-06-09 02:25:01,137 - Step 04323: 19228.4980 E_h, exp. variance=1.6088 E_h^2, pmove=0.50
2026-06-09 02:25:01,491 - Step 04324: 19226.7695 E_h, exp. variance=1.5495 E_h^2, pmove=0.50
2026-06-09 02:25:01,841 - Step 04325: 19228.1289 E_h, exp. variance=1.4091 E_h^2, pmove=0.51
2026-06-09 02:25:02,194 - Step 04326: 19225.9023 E_h, exp. variance=1.5813 E_h^2, pmove=0.50
2026-06-09 02:25:02,547 - Step 04327: 19228.5508 E_h, exp. variance=1.5076 E_h^2, pmove=0.50
2026-06-09 02:25:02,900 - Step 04328: 19225.0898 E_h, exp. variance=1.9605 E_h^2, pmove=0.50
2026-06-09 02:25:03,249 - Step 04329: 19226.7109 E_h, exp. variance=1.8097 E_h^2, pmove=0.51
2026-06-09 02:25:03,605 - Step 04330: 19227.0742 E_h, exp. variance=1.6356 E_h^2, pmove=0.50
2026-06-09 02:25:03,960 - Step 04331: 19225.8379 E_h, exp. variance=1.6703 E_h^2, pmove=0.49
2026-06-09 02:25:04,315 - Step 04332: 19224.4922 E_h, exp. variance=2.1505 E_h^2, pmove=0.50
2026-06-09 02:25:04,668 - Step 04333: 19225.1172 E_h, exp. variance=2.2235 E_h^2, pmove=0.50
2026-06-09 02:25:05,027 - Step 04334: 19224.8867 E_h, exp. variance=2.3058 E_h^2, pmove=0.51
2026-06-09 02:25:05,378 - Step 04335: 19225.1836 E_h, exp. variance=2.2415 E_h^2, pmove=0.49
2026-06-09 02:25:05,728 - Step 04336: 19225.3711 E_h, exp. variance=2.1138 E_h^2, pmove=0.50
2026-06-09 02:25:06,082 - Step 04337: 19224.8125 E_h, exp. variance=2.1023 E_h^2, pmove=0.51
2026-06-09 02:25:06,437 - Step 04338: 19226.4434 E_h, exp. variance=1.8996 E_h^2, pmove=0.50
2026-06-09 02:25:06,789 - Step 04339: 19225.9453 E_h, exp. variance=1.7148 E_h^2, pmove=0.50
2026-06-09 02:25:07,140 - Step 04340: 19226.7539 E_h, exp. variance=1.5750 E_h^2, pmove=0.51
2026-06-09 02:25:07,494 - Step 04341: 19227.3887 E_h, exp. variance=1.5407 E_h^2, pmove=0.50
2026-06-09 02:25:07,848 - Step 04342: 19226.4336 E_h, exp. variance=1.3875 E_h^2, pmove=0.50
2026-06-09 02:25:08,199 - Step 04343: 19226.1094 E_h, exp. variance=1.2538 E_h^2, pmove=0.50
2026-06-09 02:25:08,550 - Step 04344: 19223.7969 E_h, exp. variance=1.7024 E_h^2, pmove=0.50
2026-06-09 02:25:08,905 - Step 04345: 19227.1406 E_h, exp. variance=1.6352 E_h^2, pmove=0.50
2026-06-09 02:25:09,258 - Step 04346: 19225.8086 E_h, exp. variance=1.4840 E_h^2, pmove=0.49
2026-06-09 02:25:09,610 - Step 04347: 19225.6719 E_h, exp. variance=1.3554 E_h^2, pmove=0.50
2026-06-09 02:25:09,963 - Step 04348: 19225.0586 E_h, exp. variance=1.3163 E_h^2, pmove=0.51
2026-06-09 02:25:10,314 - Step 04349: 19226.8164 E_h, exp. variance=1.2461 E_h^2, pmove=0.50
2026-06-09 02:25:10,667 - Step 04350: 19225.8379 E_h, exp. variance=1.1264 E_h^2, pmove=0.50
2026-06-09 02:25:11,018 - Step 04351: 19227.3711 E_h, exp. variance=1.1711 E_h^2, pmove=0.50
2026-06-09 02:25:11,371 - Step 04352: 19226.1660 E_h, exp. variance=1.0540 E_h^2, pmove=0.50
2026-06-09 02:25:11,723 - Step 04353: 19227.0547 E_h, exp. variance=1.0175 E_h^2, pmove=0.50
2026-06-09 02:25:12,076 - Step 04354: 19224.5781 E_h, exp. variance=1.1727 E_h^2, pmove=0.50
2026-06-09 02:25:12,427 - Step 04355: 19227.2051 E_h, exp. variance=1.1658 E_h^2, pmove=0.50
2026-06-09 02:25:12,779 - Step 04356: 19224.7988 E_h, exp. variance=1.2282 E_h^2, pmove=0.50
2026-06-09 02:25:13,131 - Step 04357: 19225.0625 E_h, exp. variance=1.1964 E_h^2, pmove=0.50
2026-06-09 02:25:13,483 - Step 04358: 19224.6895 E_h, exp. variance=1.2241 E_h^2, pmove=0.50
2026-06-09 02:25:13,834 - Step 04359: 19226.8594 E_h, exp. variance=1.1952 E_h^2, pmove=0.50
2026-06-09 02:25:14,187 - Step 04360: 19224.8848 E_h, exp. variance=1.1762 E_h^2, pmove=0.49
2026-06-09 02:25:14,537 - Step 04361: 19226.1211 E_h, exp. variance=1.0659 E_h^2, pmove=0.50
2026-06-09 02:25:14,888 - Step 04362: 19225.2617 E_h, exp. variance=0.9921 E_h^2, pmove=0.50
2026-06-09 02:25:15,241 - Step 04363: 19223.8594 E_h, exp. variance=1.2334 E_h^2, pmove=0.50
2026-06-09 02:25:15,594 - Step 04364: 19223.7031 E_h, exp. variance=1.4371 E_h^2, pmove=0.51
2026-06-09 02:25:15,946 - Step 04365: 19225.1680 E_h, exp. variance=1.2990 E_h^2, pmove=0.51
2026-06-09 02:25:16,299 - Step 04366: 19226.4766 E_h, exp. variance=1.2749 E_h^2, pmove=0.50
2026-06-09 02:25:16,655 - Step 04367: 19227.3438 E_h, exp. variance=1.4533 E_h^2, pmove=0.50
2026-06-09 02:25:17,007 - Step 04368: 19225.6094 E_h, exp. variance=1.3085 E_h^2, pmove=0.50
2026-06-09 02:25:17,358 - Step 04369: 19226.3594 E_h, exp. variance=1.2197 E_h^2, pmove=0.51
2026-06-09 02:25:17,708 - Step 04370: 19225.1797 E_h, exp. variance=1.1264 E_h^2, pmove=0.49
2026-06-09 02:25:18,062 - Step 04371: 19226.3828 E_h, exp. variance=1.0573 E_h^2, pmove=0.50
2026-06-09 02:25:18,413 - Step 04372: 19223.9590 E_h, exp. variance=1.2428 E_h^2, pmove=0.50
2026-06-09 02:25:18,766 - Step 04373: 19225.4102 E_h, exp. variance=1.1210 E_h^2, pmove=0.50
2026-06-09 02:25:19,118 - Step 04374: 19226.6621 E_h, exp. variance=1.1181 E_h^2, pmove=0.50
2026-06-09 02:25:19,467 - Step 04375: 19225.9492 E_h, exp. variance=1.0134 E_h^2, pmove=0.50
2026-06-09 02:25:19,819 - Step 04376: 19227.0527 E_h, exp. variance=1.0774 E_h^2, pmove=0.50
2026-06-09 02:25:20,170 - Step 04377: 19227.3730 E_h, exp. variance=1.1834 E_h^2, pmove=0.51
2026-06-09 02:25:20,524 - Step 04378: 19228.0410 E_h, exp. variance=1.4450 E_h^2, pmove=0.50
2026-06-09 02:25:20,874 - Step 04379: 19228.7422 E_h, exp. variance=1.8861 E_h^2, pmove=0.50
2026-06-09 02:25:21,226 - Step 04380: 19227.3574 E_h, exp. variance=1.7720 E_h^2, pmove=0.49
2026-06-09 02:25:21,578 - Step 04381: 19226.8203 E_h, exp. variance=1.6019 E_h^2, pmove=0.50
2026-06-09 02:25:21,932 - Step 04382: 19226.3867 E_h, exp. variance=1.4446 E_h^2, pmove=0.50
2026-06-09 02:25:22,287 - Step 04383: 19226.9492 E_h, exp. variance=1.3146 E_h^2, pmove=0.50
2026-06-09 02:25:22,640 - Step 04384: 19225.9062 E_h, exp. variance=1.2252 E_h^2, pmove=0.50
2026-06-09 02:25:22,992 - Step 04385: 19227.0195 E_h, exp. variance=1.1250 E_h^2, pmove=0.49
2026-06-09 02:25:23,345 - Step 04386: 19228.0371 E_h, exp. variance=1.2061 E_h^2, pmove=0.50
2026-06-09 02:25:23,698 - Step 04387: 19227.3125 E_h, exp. variance=1.1175 E_h^2, pmove=0.50
2026-06-09 02:25:24,049 - Step 04388: 19225.9648 E_h, exp. variance=1.0651 E_h^2, pmove=0.50
2026-06-09 02:25:24,398 - Step 04389: 19226.9961 E_h, exp. variance=0.9668 E_h^2, pmove=0.50
2026-06-09 02:25:24,750 - Step 04390: 19225.5273 E_h, exp. variance=0.9991 E_h^2, pmove=0.49
2026-06-09 02:25:25,099 - Step 04391: 19225.3496 E_h, exp. variance=1.0411 E_h^2, pmove=0.50
2026-06-09 02:25:25,448 - Step 04392: 19226.4492 E_h, exp. variance=0.9371 E_h^2, pmove=0.50
2026-06-09 02:25:25,798 - Step 04393: 19227.7871 E_h, exp. variance=0.9980 E_h^2, pmove=0.50
2026-06-09 02:25:26,150 - Step 04394: 19226.3789 E_h, exp. variance=0.9029 E_h^2, pmove=0.50
2026-06-09 02:25:26,500 - Step 04395: 19228.1875 E_h, exp. variance=1.0440 E_h^2, pmove=0.50
2026-06-09 02:25:26,853 - Step 04396: 19225.0723 E_h, exp. variance=1.1912 E_h^2, pmove=0.50
2026-06-09 02:25:27,208 - Step 04397: 19227.2598 E_h, exp. variance=1.1141 E_h^2, pmove=0.50
2026-06-09 02:25:27,559 - Step 04398: 19226.1094 E_h, exp. variance=1.0285 E_h^2, pmove=0.50
2026-06-09 02:25:27,912 - Step 04399: 19227.0195 E_h, exp. variance=0.9421 E_h^2, pmove=0.50
2026-06-09 02:25:28,265 - Step 04400: 19223.5625 E_h, exp. variance=1.6974 E_h^2, pmove=0.50
2026-06-09 02:25:28,618 - Step 04401: 19224.3867 E_h, exp. variance=1.8669 E_h^2, pmove=0.51
2026-06-09 02:25:28,971 - Step 04402: 19223.2812 E_h, exp. variance=2.4130 E_h^2, pmove=0.50
2026-06-09 02:25:29,321 - Step 04403: 19224.9727 E_h, exp. variance=2.2409 E_h^2, pmove=0.50
2026-06-09 02:25:29,674 - Step 04404: 19226.0781 E_h, exp. variance=2.0258 E_h^2, pmove=0.50
2026-06-09 02:25:30,026 - Step 04405: 19225.9199 E_h, exp. variance=1.8247 E_h^2, pmove=0.50
2026-06-09 02:25:30,380 - Step 04406: 19226.6914 E_h, exp. variance=1.7130 E_h^2, pmove=0.50
2026-06-09 02:25:30,731 - Step 04407: 19223.7363 E_h, exp. variance=1.9601 E_h^2, pmove=0.50
2026-06-09 02:25:31,083 - Step 04408: 19227.0840 E_h, exp. variance=1.9421 E_h^2, pmove=0.50
2026-06-09 02:25:31,435 - Step 04409: 19226.7422 E_h, exp. variance=1.8247 E_h^2, pmove=0.50
2026-06-09 02:25:31,790 - Step 04410: 19229.0547 E_h, exp. variance=2.5322 E_h^2, pmove=0.50
2026-06-09 02:25:32,141 - Step 04411: 19228.3164 E_h, exp. variance=2.6728 E_h^2, pmove=0.50
2026-06-09 02:25:32,491 - Step 04412: 19228.4180 E_h, exp. variance=2.7599 E_h^2, pmove=0.50
2026-06-09 02:25:32,843 - Step 04413: 19227.7148 E_h, exp. variance=2.5893 E_h^2, pmove=0.51
2026-06-09 02:25:33,196 - Step 04414: 19226.5508 E_h, exp. variance=2.3336 E_h^2, pmove=0.50
2026-06-09 02:25:33,550 - Step 04415: 19226.9727 E_h, exp. variance=2.1059 E_h^2, pmove=0.50
2026-06-09 02:25:33,902 - Step 04416: 19223.9062 E_h, exp. variance=2.6212 E_h^2, pmove=0.49
2026-06-09 02:25:34,255 - Step 04417: 19226.9863 E_h, exp. variance=2.3837 E_h^2, pmove=0.50
2026-06-09 02:25:34,608 - Step 04418: 19223.6211 E_h, exp. variance=2.8994 E_h^2, pmove=0.50
2026-06-09 02:25:34,959 - Step 04419: 19224.1250 E_h, exp. variance=3.0069 E_h^2, pmove=0.51
2026-06-09 02:25:35,312 - Step 04420: 19223.7051 E_h, exp. variance=3.1867 E_h^2, pmove=0.50
2026-06-09 02:25:35,661 - Step 04421: 19224.5312 E_h, exp. variance=3.0095 E_h^2, pmove=0.50
2026-06-09 02:25:36,017 - Step 04422: 19223.9961 E_h, exp. variance=2.9578 E_h^2, pmove=0.50
2026-06-09 02:25:36,370 - Step 04423: 19223.2188 E_h, exp. variance=3.1280 E_h^2, pmove=0.50
2026-06-09 02:25:36,722 - Step 04424: 19225.4141 E_h, exp. variance=2.8172 E_h^2, pmove=0.51
2026-06-09 02:25:37,073 - Step 04425: 19225.5742 E_h, exp. variance=2.5432 E_h^2, pmove=0.50
2026-06-09 02:25:37,427 - Step 04426: 19226.5527 E_h, exp. variance=2.4277 E_h^2, pmove=0.51
2026-06-09 02:25:37,778 - Step 04427: 19226.3125 E_h, exp. variance=2.2542 E_h^2, pmove=0.50
2026-06-09 02:25:38,132 - Step 04428: 19225.1055 E_h, exp. variance=2.0445 E_h^2, pmove=0.50
2026-06-09 02:25:38,486 - Step 04429: 19225.6387 E_h, exp. variance=1.8422 E_h^2, pmove=0.50
2026-06-09 02:25:38,837 - Step 04430: 19223.5879 E_h, exp. variance=1.9864 E_h^2, pmove=0.50
2026-06-09 02:25:39,189 - Step 04431: 19226.5098 E_h, exp. variance=1.9180 E_h^2, pmove=0.50
2026-06-09 02:25:39,542 - Step 04432: 19224.0352 E_h, exp. variance=1.9008 E_h^2, pmove=0.50
2026-06-09 02:25:39,897 - Step 04433: 19227.0586 E_h, exp. variance=1.9925 E_h^2, pmove=0.50
2026-06-09 02:25:40,252 - Step 04434: 19225.0059 E_h, exp. variance=1.8124 E_h^2, pmove=0.50
2026-06-09 02:25:40,603 - Step 04435: 19226.5039 E_h, exp. variance=1.7369 E_h^2, pmove=0.50
2026-06-09 02:25:40,959 - Step 04436: 19224.3574 E_h, exp. variance=1.6864 E_h^2, pmove=0.50
2026-06-09 02:25:41,314 - Step 04437: 19226.4941 E_h, exp. variance=1.6235 E_h^2, pmove=0.51
2026-06-09 02:25:41,667 - Step 04438: 19225.7852 E_h, exp. variance=1.4675 E_h^2, pmove=0.50
2026-06-09 02:25:42,021 - Step 04439: 19227.1992 E_h, exp. variance=1.5665 E_h^2, pmove=0.51
2026-06-09 02:25:42,380 - Step 04440: 19224.2891 E_h, exp. variance=1.5923 E_h^2, pmove=0.50
2026-06-09 02:25:42,734 - Step 04441: 19225.2324 E_h, exp. variance=1.4433 E_h^2, pmove=0.50
2026-06-09 02:25:43,086 - Step 04442: 19224.9512 E_h, exp. variance=1.3299 E_h^2, pmove=0.50
2026-06-09 02:25:43,437 - Step 04443: 19226.8594 E_h, exp. variance=1.3685 E_h^2, pmove=0.50
2026-06-09 02:25:43,792 - Step 04444: 19224.9824 E_h, exp. variance=1.2679 E_h^2, pmove=0.50
2026-06-09 02:25:44,144 - Step 04445: 19224.3203 E_h, exp. variance=1.2783 E_h^2, pmove=0.50
2026-06-09 02:25:44,497 - Step 04446: 19225.4492 E_h, exp. variance=1.1505 E_h^2, pmove=0.50
2026-06-09 02:25:44,849 - Step 04447: 19225.8750 E_h, exp. variance=1.0530 E_h^2, pmove=0.50
2026-06-09 02:25:45,204 - Step 04448: 19224.9688 E_h, exp. variance=0.9710 E_h^2, pmove=0.50
2026-06-09 02:25:45,557 - Step 04449: 19224.3945 E_h, exp. variance=0.9700 E_h^2, pmove=0.50
2026-06-09 02:25:45,910 - Step 04450: 19223.8809 E_h, exp. variance=1.0605 E_h^2, pmove=0.50
2026-06-09 02:25:46,264 - Step 04451: 19226.0820 E_h, exp. variance=1.0277 E_h^2, pmove=0.51
2026-06-09 02:25:46,617 - Step 04452: 19226.4844 E_h, exp. variance=1.0578 E_h^2, pmove=0.50
2026-06-09 02:25:46,975 - Step 04453: 19223.9980 E_h, exp. variance=1.1265 E_h^2, pmove=0.50
2026-06-09 02:25:47,334 - Step 04454: 19225.0469 E_h, exp. variance=1.0177 E_h^2, pmove=0.50
2026-06-09 02:25:47,691 - Step 04455: 19224.8867 E_h, exp. variance=0.9265 E_h^2, pmove=0.50
2026-06-09 02:25:48,047 - Step 04456: 19227.0488 E_h, exp. variance=1.1431 E_h^2, pmove=0.49
2026-06-09 02:25:48,405 - Step 04457: 19224.5625 E_h, exp. variance=1.0891 E_h^2, pmove=0.50
2026-06-09 02:25:48,760 - Step 04458: 19225.9141 E_h, exp. variance=1.0142 E_h^2, pmove=0.51
2026-06-09 02:25:49,115 - Step 04459: 19224.5488 E_h, exp. variance=0.9719 E_h^2, pmove=0.50
2026-06-09 02:25:49,471 - Step 04460: 19228.0742 E_h, exp. variance=1.5788 E_h^2, pmove=0.50
2026-06-09 02:25:49,825 - Step 04461: 19226.0820 E_h, exp. variance=1.4457 E_h^2, pmove=0.50
2026-06-09 02:25:50,180 - Step 04462: 19226.5371 E_h, exp. variance=1.3786 E_h^2, pmove=0.51
2026-06-09 02:25:50,535 - Step 04463: 19224.9375 E_h, exp. variance=1.2935 E_h^2, pmove=0.50
2026-06-09 02:25:50,892 - Step 04464: 19226.8281 E_h, exp. variance=1.2940 E_h^2, pmove=0.50
2026-06-09 02:25:51,246 - Step 04465: 19227.4648 E_h, exp. variance=1.4305 E_h^2, pmove=0.50
2026-06-09 02:25:51,600 - Step 04466: 19225.7734 E_h, exp. variance=1.2893 E_h^2, pmove=0.51
2026-06-09 02:25:51,955 - Step 04467: 19225.5820 E_h, exp. variance=1.1697 E_h^2, pmove=0.50
2026-06-09 02:25:52,310 - Step 04468: 19227.0352 E_h, exp. variance=1.1747 E_h^2, pmove=0.50
2026-06-09 02:25:52,664 - Step 04469: 19227.8438 E_h, exp. variance=1.3671 E_h^2, pmove=0.50
2026-06-09 02:25:53,015 - Step 04470: 19227.3340 E_h, exp. variance=1.3515 E_h^2, pmove=0.50
2026-06-09 02:25:53,370 - Step 04471: 19227.6094 E_h, exp. variance=1.3733 E_h^2, pmove=0.51
2026-06-09 02:25:53,725 - Step 04472: 19229.5898 E_h, exp. variance=2.1392 E_h^2, pmove=0.50
2026-06-09 02:25:54,079 - Step 04473: 19226.1289 E_h, exp. variance=1.9587 E_h^2, pmove=0.50
2026-06-09 02:25:54,433 - Step 04474: 19229.1875 E_h, exp. variance=2.3297 E_h^2, pmove=0.50
2026-06-09 02:25:54,789 - Step 04475: 19226.3281 E_h, exp. variance=2.1293 E_h^2, pmove=0.50
2026-06-09 02:25:55,143 - Step 04476: 19225.7266 E_h, exp. variance=2.0339 E_h^2, pmove=0.51
2026-06-09 02:25:55,505 - Step 04477: 19225.6074 E_h, exp. variance=1.9488 E_h^2, pmove=0.50
2026-06-09 02:25:55,863 - Step 04478: 19227.0312 E_h, exp. variance=1.7678 E_h^2, pmove=0.50
2026-06-09 02:25:56,219 - Step 04479: 19225.0488 E_h, exp. variance=1.8298 E_h^2, pmove=0.50
2026-06-09 02:25:56,570 - Step 04480: 19223.9648 E_h, exp. variance=2.2324 E_h^2, pmove=0.50
2026-06-09 02:25:56,945 - Step 04481: 19223.8027 E_h, exp. variance=2.5525 E_h^2, pmove=0.50
2026-06-09 02:25:57,304 - Step 04482: 19225.0391 E_h, exp. variance=2.3827 E_h^2, pmove=0.51
2026-06-09 02:25:57,657 - Step 04483: 19224.5781 E_h, exp. variance=2.3056 E_h^2, pmove=0.50
2026-06-09 02:25:58,015 - Step 04484: 19226.3281 E_h, exp. variance=2.1019 E_h^2, pmove=0.51
2026-06-09 02:25:58,372 - Step 04485: 19222.1855 E_h, exp. variance=3.0910 E_h^2, pmove=0.50
2026-06-09 02:25:58,727 - Step 04486: 19224.2812 E_h, exp. variance=2.9092 E_h^2, pmove=0.50
2026-06-09 02:25:59,079 - Step 04487: 19225.9375 E_h, exp. variance=2.6492 E_h^2, pmove=0.50
2026-06-09 02:25:59,429 - Step 04488: 19226.9297 E_h, exp. variance=2.5921 E_h^2, pmove=0.50
2026-06-09 02:25:59,781 - Step 04489: 19222.6465 E_h, exp. variance=3.0982 E_h^2, pmove=0.49
2026-06-09 02:26:00,138 - Step 04490: 19226.1543 E_h, exp. variance=2.8585 E_h^2, pmove=0.50
2026-06-09 02:26:00,490 - Step 04491: 19222.2578 E_h, exp. variance=3.4384 E_h^2, pmove=0.50
2026-06-09 02:26:00,843 - Step 04492: 19225.4551 E_h, exp. variance=3.1094 E_h^2, pmove=0.50
2026-06-09 02:26:01,195 - Step 04493: 19225.7266 E_h, exp. variance=2.8350 E_h^2, pmove=0.50
2026-06-09 02:26:01,547 - Step 04494: 19227.2266 E_h, exp. variance=2.9380 E_h^2, pmove=0.51
2026-06-09 02:26:01,897 - Step 04495: 19225.1406 E_h, exp. variance=2.6485 E_h^2, pmove=0.50
2026-06-09 02:26:02,249 - Step 04496: 19227.1523 E_h, exp. variance=2.6794 E_h^2, pmove=0.50
2026-06-09 02:26:02,609 - Step 04497: 19226.0703 E_h, exp. variance=2.4385 E_h^2, pmove=0.50
2026-06-09 02:26:02,964 - Step 04498: 19226.2734 E_h, exp. variance=2.2384 E_h^2, pmove=0.50
2026-06-09 02:26:03,318 - Step 04499: 19227.5293 E_h, exp. variance=2.3336 E_h^2, pmove=0.49
2026-06-09 02:26:03,670 - Step 04500: 19225.9141 E_h, exp. variance=2.1009 E_h^2, pmove=0.50
2026-06-09 02:26:04,026 - Step 04501: 19227.5469 E_h, exp. variance=2.1524 E_h^2, pmove=0.50
2026-06-09 02:26:04,381 - Step 04502: 19227.7715 E_h, exp. variance=2.2159 E_h^2, pmove=0.50
2026-06-09 02:26:04,734 - Step 04503: 19228.0918 E_h, exp. variance=2.3207 E_h^2, pmove=0.50
2026-06-09 02:26:05,087 - Step 04504: 19227.2363 E_h, exp. variance=2.1548 E_h^2, pmove=0.50
2026-06-09 02:26:05,441 - Step 04505: 19226.9922 E_h, exp. variance=1.9643 E_h^2, pmove=0.50
2026-06-09 02:26:05,793 - Step 04506: 19226.8203 E_h, exp. variance=1.7761 E_h^2, pmove=0.51
2026-06-09 02:26:06,145 - Step 04507: 19225.4746 E_h, exp. variance=1.7020 E_h^2, pmove=0.50
2026-06-09 02:26:06,498 - Step 04508: 19226.6836 E_h, exp. variance=1.5372 E_h^2, pmove=0.50
2026-06-09 02:26:06,852 - Step 04509: 19225.2148 E_h, exp. variance=1.5241 E_h^2, pmove=0.50
2026-06-09 02:26:07,207 - Step 04510: 19223.7793 E_h, exp. variance=1.9617 E_h^2, pmove=0.50
2026-06-09 02:26:07,562 - Step 04511: 19226.0312 E_h, exp. variance=1.7658 E_h^2, pmove=0.50
2026-06-09 02:26:07,919 - Step 04512: 19225.8379 E_h, exp. variance=1.5944 E_h^2, pmove=0.50
2026-06-09 02:26:08,278 - Step 04513: 19226.5391 E_h, exp. variance=1.4561 E_h^2, pmove=0.49
2026-06-09 02:26:08,636 - Step 04514: 19226.7930 E_h, exp. variance=1.3533 E_h^2, pmove=0.50
2026-06-09 02:26:08,990 - Step 04515: 19227.6523 E_h, exp. variance=1.4152 E_h^2, pmove=0.50
2026-06-09 02:26:09,343 - Step 04516: 19229.5195 E_h, exp. variance=2.1948 E_h^2, pmove=0.50
2026-06-09 02:26:09,698 - Step 04517: 19227.7500 E_h, exp. variance=2.0861 E_h^2, pmove=0.50
2026-06-09 02:26:10,049 - Step 04518: 19227.2832 E_h, exp. variance=1.9029 E_h^2, pmove=0.50
2026-06-09 02:26:10,402 - Step 04519: 19226.9414 E_h, exp. variance=1.7143 E_h^2, pmove=0.50
2026-06-09 02:26:10,757 - Step 04520: 19225.1328 E_h, exp. variance=1.7986 E_h^2, pmove=0.50
2026-06-09 02:26:11,109 - Step 04521: 19225.1875 E_h, exp. variance=1.8113 E_h^2, pmove=0.51
2026-06-09 02:26:11,463 - Step 04522: 19226.1191 E_h, exp. variance=1.6435 E_h^2, pmove=0.49
2026-06-09 02:26:11,814 - Step 04523: 19227.8496 E_h, exp. variance=1.6517 E_h^2, pmove=0.51
2026-06-09 02:26:12,167 - Step 04524: 19226.6582 E_h, exp. variance=1.4868 E_h^2, pmove=0.50
2026-06-09 02:26:12,518 - Step 04525: 19227.5312 E_h, exp. variance=1.4146 E_h^2, pmove=0.50
2026-06-09 02:26:12,873 - Step 04526: 19225.9453 E_h, exp. variance=1.3246 E_h^2, pmove=0.50
2026-06-09 02:26:13,226 - Step 04527: 19227.6309 E_h, exp. variance=1.2832 E_h^2, pmove=0.50
2026-06-09 02:26:13,579 - Step 04528: 19227.8887 E_h, exp. variance=1.2764 E_h^2, pmove=0.50
2026-06-09 02:26:13,931 - Step 04529: 19225.8359 E_h, exp. variance=1.2402 E_h^2, pmove=0.50
2026-06-09 02:26:14,282 - Step 04530: 19226.0781 E_h, exp. variance=1.1559 E_h^2, pmove=0.50
2026-06-09 02:26:14,634 - Step 04531: 19225.2285 E_h, exp. variance=1.2288 E_h^2, pmove=0.50
2026-06-09 02:26:14,987 - Step 04532: 19225.0508 E_h, exp. variance=1.3032 E_h^2, pmove=0.50
2026-06-09 02:26:15,339 - Step 04533: 19225.9336 E_h, exp. variance=1.1910 E_h^2, pmove=0.50
2026-06-09 02:26:15,692 - Step 04534: 19225.2637 E_h, exp. variance=1.1758 E_h^2, pmove=0.50
2026-06-09 02:26:16,042 - Step 04535: 19223.4805 E_h, exp. variance=1.7388 E_h^2, pmove=0.50
2026-06-09 02:26:16,392 - Step 04536: 19224.1836 E_h, exp. variance=1.8474 E_h^2, pmove=0.50
2026-06-09 02:26:16,745 - Step 04537: 19224.0820 E_h, exp. variance=1.9213 E_h^2, pmove=0.50
2026-06-09 02:26:17,100 - Step 04538: 19225.0078 E_h, exp. variance=1.7615 E_h^2, pmove=0.50
2026-06-09 02:26:17,453 - Step 04539: 19225.3613 E_h, exp. variance=1.5885 E_h^2, pmove=0.50
2026-06-09 02:26:17,807 - Step 04540: 19224.3711 E_h, exp. variance=1.5499 E_h^2, pmove=0.50
2026-06-09 02:26:18,162 - Step 04541: 19225.1230 E_h, exp. variance=1.4025 E_h^2, pmove=0.50
2026-06-09 02:26:18,516 - Step 04542: 19223.5039 E_h, exp. variance=1.5800 E_h^2, pmove=0.49
2026-06-09 02:26:18,875 - Step 04543: 19226.2188 E_h, exp. variance=1.5162 E_h^2, pmove=0.50
2026-06-09 02:26:19,229 - Step 04544: 19222.5273 E_h, exp. variance=2.0549 E_h^2, pmove=0.50
2026-06-09 02:26:19,585 - Step 04545: 19224.8008 E_h, exp. variance=1.8537 E_h^2, pmove=0.50
2026-06-09 02:26:19,937 - Step 04546: 19224.4590 E_h, exp. variance=1.6945 E_h^2, pmove=0.51
2026-06-09 02:26:20,293 - Step 04547: 19224.7500 E_h, exp. variance=1.5284 E_h^2, pmove=0.50
2026-06-09 02:26:20,646 - Step 04548: 19222.9688 E_h, exp. variance=1.7196 E_h^2, pmove=0.50
2026-06-09 02:26:20,997 - Step 04549: 19223.4941 E_h, exp. variance=1.6848 E_h^2, pmove=0.50
2026-06-09 02:26:21,349 - Step 04550: 19224.7422 E_h, exp. variance=1.5180 E_h^2, pmove=0.51
2026-06-09 02:26:21,701 - Step 04551: 19224.7695 E_h, exp. variance=1.3682 E_h^2, pmove=0.50
2026-06-09 02:26:22,053 - Step 04552: 19225.1348 E_h, exp. variance=1.2539 E_h^2, pmove=0.51
2026-06-09 02:26:22,407 - Step 04553: 19223.6836 E_h, exp. variance=1.2189 E_h^2, pmove=0.49
2026-06-09 02:26:22,764 - Step 04554: 19223.6328 E_h, exp. variance=1.1787 E_h^2, pmove=0.50
2026-06-09 02:26:23,126 - Step 04555: 19222.9902 E_h, exp. variance=1.2634 E_h^2, pmove=0.50
2026-06-09 02:26:23,479 - Step 04556: 19225.2266 E_h, exp. variance=1.2078 E_h^2, pmove=0.50
2026-06-09 02:26:23,834 - Step 04557: 19224.9062 E_h, exp. variance=1.1076 E_h^2, pmove=0.50
2026-06-09 02:26:24,187 - Step 04558: 19226.6016 E_h, exp. variance=1.4033 E_h^2, pmove=0.50
2026-06-09 02:26:24,538 - Step 04559: 19225.7461 E_h, exp. variance=1.3634 E_h^2, pmove=0.49
2026-06-09 02:26:24,891 - Step 04560: 19226.3418 E_h, exp. variance=1.4424 E_h^2, pmove=0.50
2026-06-09 02:26:25,247 - Step 04561: 19225.7793 E_h, exp. variance=1.3602 E_h^2, pmove=0.50
2026-06-09 02:26:25,601 - Step 04562: 19225.4609 E_h, exp. variance=1.2408 E_h^2, pmove=0.50
2026-06-09 02:26:25,956 - Step 04563: 19226.2871 E_h, exp. variance=1.2491 E_h^2, pmove=0.50
2026-06-09 02:26:26,308 - Step 04564: 19225.4062 E_h, exp. variance=1.1282 E_h^2, pmove=0.50
2026-06-09 02:26:26,663 - Step 04565: 19225.3281 E_h, exp. variance=1.0165 E_h^2, pmove=0.50
2026-06-09 02:26:27,022 - Step 04566: 19225.0176 E_h, exp. variance=0.9189 E_h^2, pmove=0.49
2026-06-09 02:26:27,375 - Step 04567: 19224.9922 E_h, exp. variance=0.8311 E_h^2, pmove=0.51
2026-06-09 02:26:27,727 - Step 04568: 19223.2754 E_h, exp. variance=1.0764 E_h^2, pmove=0.50
2026-06-09 02:26:28,079 - Step 04569: 19224.3574 E_h, exp. variance=1.0052 E_h^2, pmove=0.50
2026-06-09 02:26:28,432 - Step 04570: 19221.4922 E_h, exp. variance=1.9682 E_h^2, pmove=0.50
2026-06-09 02:26:28,782 - Step 04571: 19224.8281 E_h, exp. variance=1.7767 E_h^2, pmove=0.51
2026-06-09 02:26:29,136 - Step 04572: 19223.8809 E_h, exp. variance=1.6468 E_h^2, pmove=0.50
2026-06-09 02:26:29,488 - Step 04573: 19225.0527 E_h, exp. variance=1.5060 E_h^2, pmove=0.51
2026-06-09 02:26:29,841 - Step 04574: 19222.8633 E_h, exp. variance=1.6231 E_h^2, pmove=0.49
2026-06-09 02:26:30,192 - Step 04575: 19225.0547 E_h, exp. variance=1.4975 E_h^2, pmove=0.50
2026-06-09 02:26:30,545 - Step 04576: 19222.8789 E_h, exp. variance=1.5786 E_h^2, pmove=0.50
2026-06-09 02:26:30,898 - Step 04577: 19225.1465 E_h, exp. variance=1.4822 E_h^2, pmove=0.50
2026-06-09 02:26:31,254 - Step 04578: 19224.4102 E_h, exp. variance=1.3340 E_h^2, pmove=0.50
2026-06-09 02:26:31,608 - Step 04579: 19228.1328 E_h, exp. variance=2.4530 E_h^2, pmove=0.50
2026-06-09 02:26:31,962 - Step 04580: 19225.4609 E_h, exp. variance=2.2500 E_h^2, pmove=0.50
2026-06-09 02:26:32,313 - Step 04581: 19224.3047 E_h, exp. variance=2.0512 E_h^2, pmove=0.50
2026-06-09 02:26:32,666 - Step 04582: 19221.1094 E_h, exp. variance=3.0647 E_h^2, pmove=0.50
2026-06-09 02:26:33,017 - Step 04583: 19225.8887 E_h, exp. variance=2.9518 E_h^2, pmove=0.50
2026-06-09 02:26:33,379 - Step 04584: 19225.7383 E_h, exp. variance=2.7798 E_h^2, pmove=0.50
2026-06-09 02:26:33,729 - Step 04585: 19225.1074 E_h, exp. variance=2.5179 E_h^2, pmove=0.50
2026-06-09 02:26:34,098 - Step 04586: 19224.5352 E_h, exp. variance=2.2695 E_h^2, pmove=0.50
2026-06-09 02:26:34,452 - Step 04587: 19223.9121 E_h, exp. variance=2.0997 E_h^2, pmove=0.50
2026-06-09 02:26:34,804 - Step 04588: 19225.1172 E_h, exp. variance=1.9111 E_h^2, pmove=0.50
2026-06-09 02:26:35,157 - Step 04589: 19223.6270 E_h, exp. variance=1.8194 E_h^2, pmove=0.50
2026-06-09 02:26:35,510 - Step 04590: 19225.4727 E_h, exp. variance=1.7104 E_h^2, pmove=0.50
2026-06-09 02:26:35,862 - Step 04591: 19224.5273 E_h, exp. variance=1.5410 E_h^2, pmove=0.50
2026-06-09 02:26:36,213 - Step 04592: 19225.8984 E_h, exp. variance=1.5275 E_h^2, pmove=0.50
2026-06-09 02:26:36,569 - Step 04593: 19225.6211 E_h, exp. variance=1.4395 E_h^2, pmove=0.50
2026-06-09 02:26:36,928 - Step 04594: 19224.6406 E_h, exp. variance=1.2997 E_h^2, pmove=0.49
2026-06-09 02:26:37,280 - Step 04595: 19223.9941 E_h, exp. variance=1.2335 E_h^2, pmove=0.51
2026-06-09 02:26:37,634 - Step 04596: 19220.7969 E_h, exp. variance=2.5180 E_h^2, pmove=0.50
2026-06-09 02:26:37,987 - Step 04597: 19223.2715 E_h, exp. variance=2.3720 E_h^2, pmove=0.51
2026-06-09 02:26:38,340 - Step 04598: 19222.1406 E_h, exp. variance=2.5337 E_h^2, pmove=0.50
2026-06-09 02:26:38,691 - Step 04599: 19222.3789 E_h, exp. variance=2.5273 E_h^2, pmove=0.50
2026-06-09 02:26:39,046 - Step 04600: 19224.9492 E_h, exp. variance=2.3795 E_h^2, pmove=0.50
2026-06-09 02:26:39,400 - Step 04601: 19226.0996 E_h, exp. variance=2.5472 E_h^2, pmove=0.50
2026-06-09 02:26:39,753 - Step 04602: 19225.6406 E_h, exp. variance=2.4820 E_h^2, pmove=0.50
2026-06-09 02:26:40,111 - Step 04603: 19225.8242 E_h, exp. variance=2.4337 E_h^2, pmove=0.50
2026-06-09 02:26:40,465 - Step 04604: 19225.4746 E_h, exp. variance=2.2789 E_h^2, pmove=0.50
2026-06-09 02:26:40,818 - Step 04605: 19224.6680 E_h, exp. variance=2.0517 E_h^2, pmove=0.51
2026-06-09 02:26:41,175 - Step 04606: 19224.6250 E_h, exp. variance=1.8466 E_h^2, pmove=0.50
2026-06-09 02:26:41,538 - Step 04607: 19224.8906 E_h, exp. variance=1.6699 E_h^2, pmove=0.49
2026-06-09 02:26:41,892 - Step 04608: 19225.7148 E_h, exp. variance=1.6102 E_h^2, pmove=0.50
2026-06-09 02:26:42,245 - Step 04609: 19226.0625 E_h, exp. variance=1.6084 E_h^2, pmove=0.50
2026-06-09 02:26:42,602 - Step 04610: 19225.8906 E_h, exp. variance=1.5422 E_h^2, pmove=0.50
2026-06-09 02:26:42,953 - Step 04611: 19224.9844 E_h, exp. variance=1.3880 E_h^2, pmove=0.50
2026-06-09 02:26:43,323 - Step 04612: 19225.7734 E_h, exp. variance=1.3072 E_h^2, pmove=0.49
2026-06-09 02:26:43,675 - Step 04613: 19227.0586 E_h, exp. variance=1.5393 E_h^2, pmove=0.50
2026-06-09 02:26:44,033 - Step 04614: 19224.6055 E_h, exp. variance=1.4230 E_h^2, pmove=0.50
2026-06-09 02:26:44,390 - Step 04615: 19225.1758 E_h, exp. variance=1.2807 E_h^2, pmove=0.50
2026-06-09 02:26:44,741 - Step 04616: 19224.5977 E_h, exp. variance=1.1837 E_h^2, pmove=0.50
2026-06-09 02:26:45,096 - Step 04617: 19226.1992 E_h, exp. variance=1.1688 E_h^2, pmove=0.50
2026-06-09 02:26:45,447 - Step 04618: 19222.8828 E_h, exp. variance=1.5496 E_h^2, pmove=0.50
2026-06-09 02:26:45,800 - Step 04619: 19224.8555 E_h, exp. variance=1.3966 E_h^2, pmove=0.50
2026-06-09 02:26:46,153 - Step 04620: 19224.1016 E_h, exp. variance=1.3273 E_h^2, pmove=0.50
2026-06-09 02:26:46,506 - Step 04621: 19222.9961 E_h, exp. variance=1.5203 E_h^2, pmove=0.49
2026-06-09 02:26:46,857 - Step 04622: 19224.6230 E_h, exp. variance=1.3689 E_h^2, pmove=0.50
2026-06-09 02:26:47,209 - Step 04623: 19223.6895 E_h, exp. variance=1.3242 E_h^2, pmove=0.49
2026-06-09 02:26:47,560 - Step 04624: 19226.3750 E_h, exp. variance=1.4754 E_h^2, pmove=0.50
2026-06-09 02:26:47,913 - Step 04625: 19224.3789 E_h, exp. variance=1.3422 E_h^2, pmove=0.50
2026-06-09 02:26:48,265 - Step 04626: 19227.5156 E_h, exp. variance=1.9022 E_h^2, pmove=0.50
2026-06-09 02:26:48,619 - Step 04627: 19225.1855 E_h, exp. variance=1.7146 E_h^2, pmove=0.49
2026-06-09 02:26:48,973 - Step 04628: 19226.3730 E_h, exp. variance=1.7047 E_h^2, pmove=0.50
2026-06-09 02:26:49,326 - Step 04629: 19226.3535 E_h, exp. variance=1.6607 E_h^2, pmove=0.50
2026-06-09 02:26:49,679 - Step 04630: 19224.9609 E_h, exp. variance=1.5042 E_h^2, pmove=0.50
2026-06-09 02:26:50,032 - Step 04631: 19227.2070 E_h, exp. variance=1.6971 E_h^2, pmove=0.50
2026-06-09 02:26:50,383 - Step 04632: 19223.9570 E_h, exp. variance=1.7278 E_h^2, pmove=0.49
2026-06-09 02:26:50,735 - Step 04633: 19227.1172 E_h, exp. variance=1.8520 E_h^2, pmove=0.50
2026-06-09 02:26:51,090 - Step 04634: 19223.8867 E_h, exp. variance=1.8959 E_h^2, pmove=0.49
2026-06-09 02:26:51,446 - Step 04635: 19227.2324 E_h, exp. variance=2.0347 E_h^2, pmove=0.50
2026-06-09 02:26:51,798 - Step 04636: 19227.4883 E_h, exp. variance=2.1822 E_h^2, pmove=0.49
2026-06-09 02:26:52,154 - Step 04637: 19228.5312 E_h, exp. variance=2.6798 E_h^2, pmove=0.50
2026-06-09 02:26:52,511 - Step 04638: 19227.8672 E_h, exp. variance=2.7282 E_h^2, pmove=0.50
2026-06-09 02:26:52,866 - Step 04639: 19228.3535 E_h, exp. variance=2.8807 E_h^2, pmove=0.50
2026-06-09 02:26:53,218 - Step 04640: 19225.8711 E_h, exp. variance=2.6175 E_h^2, pmove=0.49
2026-06-09 02:26:53,575 - Step 04641: 19227.1797 E_h, exp. variance=2.4186 E_h^2, pmove=0.51
2026-06-09 02:26:53,932 - Step 04642: 19226.3809 E_h, exp. variance=2.1770 E_h^2, pmove=0.49
2026-06-09 02:26:54,288 - Step 04643: 19225.1777 E_h, exp. variance=2.0990 E_h^2, pmove=0.50
2026-06-09 02:26:54,643 - Step 04644: 19225.6230 E_h, exp. variance=1.9302 E_h^2, pmove=0.50
2026-06-09 02:26:54,997 - Step 04645: 19224.3984 E_h, exp. variance=2.0393 E_h^2, pmove=0.51
2026-06-09 02:26:55,352 - Step 04646: 19225.6113 E_h, exp. variance=1.8524 E_h^2, pmove=0.50
2026-06-09 02:26:55,703 - Step 04647: 19224.4902 E_h, exp. variance=1.8734 E_h^2, pmove=0.50
2026-06-09 02:26:56,053 - Step 04648: 19224.5664 E_h, exp. variance=1.8347 E_h^2, pmove=0.50
2026-06-09 02:26:56,406 - Step 04649: 19224.5918 E_h, exp. variance=1.7663 E_h^2, pmove=0.50
2026-06-09 02:26:56,756 - Step 04650: 19224.3672 E_h, exp. variance=1.7286 E_h^2, pmove=0.50
2026-06-09 02:26:57,109 - Step 04651: 19224.6094 E_h, exp. variance=1.6246 E_h^2, pmove=0.50
2026-06-09 02:26:57,460 - Step 04652: 19223.5977 E_h, exp. variance=1.7534 E_h^2, pmove=0.50
2026-06-09 02:26:57,813 - Step 04653: 19226.1035 E_h, exp. variance=1.6488 E_h^2, pmove=0.50
2026-06-09 02:26:58,166 - Step 04654: 19224.8848 E_h, exp. variance=1.4998 E_h^2, pmove=0.50
2026-06-09 02:26:58,519 - Step 04655: 19224.4844 E_h, exp. variance=1.4042 E_h^2, pmove=0.50
2026-06-09 02:26:58,872 - Step 04656: 19224.5059 E_h, exp. variance=1.3051 E_h^2, pmove=0.50
2026-06-09 02:26:59,225 - Step 04657: 19226.9492 E_h, exp. variance=1.4773 E_h^2, pmove=0.49
2026-06-09 02:26:59,580 - Step 04658: 19226.3516 E_h, exp. variance=1.4293 E_h^2, pmove=0.49
2026-06-09 02:26:59,933 - Step 04659: 19228.7109 E_h, exp. variance=2.2704 E_h^2, pmove=0.50
2026-06-09 02:27:00,289 - Step 04660: 19226.7852 E_h, exp. variance=2.1428 E_h^2, pmove=0.49
2026-06-09 02:27:00,644 - Step 04661: 19226.3574 E_h, exp. variance=1.9526 E_h^2, pmove=0.51
2026-06-09 02:27:00,996 - Step 04662: 19225.4648 E_h, exp. variance=1.7737 E_h^2, pmove=0.50
2026-06-09 02:27:01,348 - Step 04663: 19228.0273 E_h, exp. variance=2.0239 E_h^2, pmove=0.50
2026-06-09 02:27:01,700 - Step 04664: 19225.3125 E_h, exp. variance=1.8727 E_h^2, pmove=0.50
2026-06-09 02:27:02,055 - Step 04665: 19227.3555 E_h, exp. variance=1.8531 E_h^2, pmove=0.50
2026-06-09 02:27:02,409 - Step 04666: 19225.7656 E_h, exp. variance=1.6796 E_h^2, pmove=0.49
2026-06-09 02:27:02,763 - Step 04667: 19227.2109 E_h, exp. variance=1.6247 E_h^2, pmove=0.50
2026-06-09 02:27:03,117 - Step 04668: 19224.8301 E_h, exp. variance=1.6314 E_h^2, pmove=0.50
2026-06-09 02:27:03,470 - Step 04669: 19227.9922 E_h, exp. variance=1.8028 E_h^2, pmove=0.50
2026-06-09 02:27:03,825 - Step 04670: 19227.5586 E_h, exp. variance=1.7748 E_h^2, pmove=0.49
2026-06-09 02:27:04,176 - Step 04671: 19228.9492 E_h, exp. variance=2.1874 E_h^2, pmove=0.50
2026-06-09 02:27:04,531 - Step 04672: 19226.9531 E_h, exp. variance=1.9772 E_h^2, pmove=0.50
2026-06-09 02:27:04,885 - Step 04673: 19229.5762 E_h, exp. variance=2.5366 E_h^2, pmove=0.50
2026-06-09 02:27:05,240 - Step 04674: 19227.6797 E_h, exp. variance=2.3289 E_h^2, pmove=0.50
2026-06-09 02:27:05,591 - Step 04675: 19229.3008 E_h, exp. variance=2.5572 E_h^2, pmove=0.50
2026-06-09 02:27:05,943 - Step 04676: 19226.8125 E_h, exp. variance=2.3198 E_h^2, pmove=0.49
2026-06-09 02:27:06,295 - Step 04677: 19228.0488 E_h, exp. variance=2.1498 E_h^2, pmove=0.50
2026-06-09 02:27:06,650 - Step 04678: 19224.7617 E_h, exp. variance=2.5151 E_h^2, pmove=0.50
2026-06-09 02:27:07,007 - Step 04679: 19226.3184 E_h, exp. variance=2.3113 E_h^2, pmove=0.50
2026-06-09 02:27:07,361 - Step 04680: 19223.5781 E_h, exp. variance=3.1184 E_h^2, pmove=0.51
2026-06-09 02:27:07,712 - Step 04681: 19226.3438 E_h, exp. variance=2.8142 E_h^2, pmove=0.50
2026-06-09 02:27:08,069 - Step 04682: 19225.7910 E_h, exp. variance=2.5925 E_h^2, pmove=0.50
2026-06-09 02:27:08,427 - Step 04683: 19225.9551 E_h, exp. variance=2.3623 E_h^2, pmove=0.50
2026-06-09 02:27:08,785 - Step 04684: 19224.0332 E_h, exp. variance=2.6591 E_h^2, pmove=0.50
2026-06-09 02:27:09,140 - Step 04685: 19225.1172 E_h, exp. variance=2.5032 E_h^2, pmove=0.51
2026-06-09 02:27:09,490 - Step 04686: 19223.7090 E_h, exp. variance=2.7723 E_h^2, pmove=0.50
2026-06-09 02:27:09,843 - Step 04687: 19224.7461 E_h, exp. variance=2.6090 E_h^2, pmove=0.50
2026-06-09 02:27:10,195 - Step 04688: 19225.1035 E_h, exp. variance=2.3866 E_h^2, pmove=0.50
2026-06-09 02:27:10,545 - Step 04689: 19229.2891 E_h, exp. variance=3.3128 E_h^2, pmove=0.50
2026-06-09 02:27:10,897 - Step 04690: 19226.1699 E_h, exp. variance=2.9828 E_h^2, pmove=0.50
2026-06-09 02:27:11,249 - Step 04691: 19225.4102 E_h, exp. variance=2.7228 E_h^2, pmove=0.50
2026-06-09 02:27:11,600 - Step 04692: 19225.3438 E_h, exp. variance=2.4891 E_h^2, pmove=0.50
2026-06-09 02:27:11,954 - Step 04693: 19226.6562 E_h, exp. variance=2.2872 E_h^2, pmove=0.50
2026-06-09 02:27:12,308 - Step 04694: 19226.0156 E_h, exp. variance=2.0585 E_h^2, pmove=0.50
2026-06-09 02:27:12,661 - Step 04695: 19225.9199 E_h, exp. variance=1.8533 E_h^2, pmove=0.49
2026-06-09 02:27:13,013 - Step 04696: 19225.9180 E_h, exp. variance=1.6686 E_h^2, pmove=0.50
2026-06-09 02:27:13,367 - Step 04697: 19226.4336 E_h, exp. variance=1.5193 E_h^2, pmove=0.50
2026-06-09 02:27:13,718 - Step 04698: 19227.9551 E_h, exp. variance=1.6984 E_h^2, pmove=0.50
2026-06-09 02:27:14,071 - Step 04699: 19227.0352 E_h, exp. variance=1.5871 E_h^2, pmove=0.49
2026-06-09 02:27:14,425 - Step 04700: 19227.3809 E_h, exp. variance=1.5319 E_h^2, pmove=0.50
2026-06-09 02:27:14,781 - Step 04701: 19225.8672 E_h, exp. variance=1.4058 E_h^2, pmove=0.50
2026-06-09 02:27:15,138 - Step 04702: 19226.0039 E_h, exp. variance=1.2767 E_h^2, pmove=0.49
2026-06-09 02:27:15,495 - Step 04703: 19225.5508 E_h, exp. variance=1.2032 E_h^2, pmove=0.50
2026-06-09 02:27:15,851 - Step 04704: 19224.5586 E_h, exp. variance=1.3397 E_h^2, pmove=0.50
2026-06-09 02:27:16,209 - Step 04705: 19224.7031 E_h, exp. variance=1.3759 E_h^2, pmove=0.50
2026-06-09 02:27:16,564 - Step 04706: 19224.6680 E_h, exp. variance=1.3843 E_h^2, pmove=0.50
2026-06-09 02:27:16,918 - Step 04707: 19222.7656 E_h, exp. variance=2.0824 E_h^2, pmove=0.50
2026-06-09 02:27:17,277 - Step 04708: 19224.9902 E_h, exp. variance=1.8985 E_h^2, pmove=0.50
2026-06-09 02:27:17,630 - Step 04709: 19224.6582 E_h, exp. variance=1.7661 E_h^2, pmove=0.51
2026-06-09 02:27:17,984 - Step 04710: 19226.5078 E_h, exp. variance=1.7045 E_h^2, pmove=0.50
2026-06-09 02:27:18,338 - Step 04711: 19223.0762 E_h, exp. variance=2.0586 E_h^2, pmove=0.50
2026-06-09 02:27:18,691 - Step 04712: 19227.5156 E_h, exp. variance=2.3155 E_h^2, pmove=0.50
2026-06-09 02:27:19,046 - Step 04713: 19225.8887 E_h, exp. variance=2.0994 E_h^2, pmove=0.50
2026-06-09 02:27:19,400 - Step 04714: 19225.0723 E_h, exp. variance=1.9071 E_h^2, pmove=0.50
2026-06-09 02:27:19,753 - Step 04715: 19224.6914 E_h, exp. variance=1.7711 E_h^2, pmove=0.50
2026-06-09 02:27:20,109 - Step 04716: 19224.3594 E_h, exp. variance=1.6900 E_h^2, pmove=0.50
2026-06-09 02:27:20,466 - Step 04717: 19224.2832 E_h, exp. variance=1.6121 E_h^2, pmove=0.51
2026-06-09 02:27:20,824 - Step 04718: 19224.3047 E_h, exp. variance=1.5210 E_h^2, pmove=0.49
2026-06-09 02:27:21,180 - Step 04719: 19224.6055 E_h, exp. variance=1.3909 E_h^2, pmove=0.50
2026-06-09 02:27:21,535 - Step 04720: 19224.5020 E_h, exp. variance=1.2789 E_h^2, pmove=0.50
2026-06-09 02:27:21,889 - Step 04721: 19223.2617 E_h, exp. variance=1.4218 E_h^2, pmove=0.50
2026-06-09 02:27:22,242 - Step 04722: 19224.5840 E_h, exp. variance=1.2847 E_h^2, pmove=0.50
2026-06-09 02:27:22,595 - Step 04723: 19223.0195 E_h, exp. variance=1.4412 E_h^2, pmove=0.50
2026-06-09 02:27:22,948 - Step 04724: 19222.4512 E_h, exp. variance=1.7208 E_h^2, pmove=0.49
2026-06-09 02:27:23,300 - Step 04725: 19221.9922 E_h, exp. variance=2.0724 E_h^2, pmove=0.50
2026-06-09 02:27:23,657 - Step 04726: 19222.8574 E_h, exp. variance=2.0188 E_h^2, pmove=0.50
2026-06-09 02:27:24,013 - Step 04727: 19221.9492 E_h, exp. variance=2.2078 E_h^2, pmove=0.50
2026-06-09 02:27:24,367 - Step 04728: 19221.4746 E_h, exp. variance=2.4839 E_h^2, pmove=0.50
2026-06-09 02:27:24,720 - Step 04729: 19222.7383 E_h, exp. variance=2.3007 E_h^2, pmove=0.50
2026-06-09 02:27:25,072 - Step 04730: 19223.7793 E_h, exp. variance=2.0775 E_h^2, pmove=0.50
2026-06-09 02:27:25,423 - Step 04731: 19223.5469 E_h, exp. variance=1.8698 E_h^2, pmove=0.50
2026-06-09 02:27:25,774 - Step 04732: 19224.8672 E_h, exp. variance=1.8429 E_h^2, pmove=0.50
2026-06-09 02:27:26,131 - Step 04733: 19224.4707 E_h, exp. variance=1.7169 E_h^2, pmove=0.50
2026-06-09 02:27:26,487 - Step 04734: 19225.7383 E_h, exp. variance=1.9024 E_h^2, pmove=0.50
2026-06-09 02:27:26,840 - Step 04735: 19226.9395 E_h, exp. variance=2.5190 E_h^2, pmove=0.50
2026-06-09 02:27:27,193 - Step 04736: 19226.0410 E_h, exp. variance=2.5577 E_h^2, pmove=0.50
2026-06-09 02:27:27,546 - Step 04737: 19225.2617 E_h, exp. variance=2.3651 E_h^2, pmove=0.50
2026-06-09 02:27:27,900 - Step 04738: 19225.1816 E_h, exp. variance=2.1695 E_h^2, pmove=0.50
2026-06-09 02:27:28,258 - Step 04739: 19225.0703 E_h, exp. variance=1.9747 E_h^2, pmove=0.51
2026-06-09 02:27:28,611 - Step 04740: 19225.1602 E_h, exp. variance=1.8032 E_h^2, pmove=0.50
2026-06-09 02:27:28,964 - Step 04741: 19223.6992 E_h, exp. variance=1.7087 E_h^2, pmove=0.50
2026-06-09 02:27:29,317 - Step 04742: 19224.0996 E_h, exp. variance=1.5584 E_h^2, pmove=0.50
2026-06-09 02:27:29,671 - Step 04743: 19221.5410 E_h, exp. variance=2.2073 E_h^2, pmove=0.50
2026-06-09 02:27:30,024 - Step 04744: 19224.3203 E_h, exp. variance=1.9873 E_h^2, pmove=0.50
2026-06-09 02:27:30,377 - Step 04745: 19224.5430 E_h, exp. variance=1.7967 E_h^2, pmove=0.50
2026-06-09 02:27:30,729 - Step 04746: 19226.8828 E_h, exp. variance=2.2307 E_h^2, pmove=0.50
2026-06-09 02:27:31,084 - Step 04747: 19225.1621 E_h, exp. variance=2.0433 E_h^2, pmove=0.50
2026-06-09 02:27:31,439 - Step 04748: 19227.4785 E_h, exp. variance=2.5869 E_h^2, pmove=0.51
2026-06-09 02:27:31,793 - Step 04749: 19222.6328 E_h, exp. variance=2.7846 E_h^2, pmove=0.50
2026-06-09 02:27:32,147 - Step 04750: 19224.0352 E_h, exp. variance=2.5413 E_h^2, pmove=0.51
2026-06-09 02:27:32,503 - Step 04751: 19222.8125 E_h, exp. variance=2.5740 E_h^2, pmove=0.50
2026-06-09 02:27:32,868 - Step 04752: 19221.7324 E_h, exp. variance=2.9666 E_h^2, pmove=0.51
2026-06-09 02:27:33,218 - Step 04753: 19222.8125 E_h, exp. variance=2.8311 E_h^2, pmove=0.50
2026-06-09 02:27:33,575 - Step 04754: 19221.5645 E_h, exp. variance=3.0887 E_h^2, pmove=0.50
2026-06-09 02:27:33,926 - Step 04755: 19223.5977 E_h, exp. variance=2.7825 E_h^2, pmove=0.50
2026-06-09 02:27:34,283 - Step 04756: 19222.9648 E_h, exp. variance=2.5600 E_h^2, pmove=0.49
2026-06-09 02:27:34,638 - Step 04757: 19223.4941 E_h, exp. variance=2.3069 E_h^2, pmove=0.50
2026-06-09 02:27:34,991 - Step 04758: 19223.9023 E_h, exp. variance=2.0817 E_h^2, pmove=0.50
2026-06-09 02:27:35,345 - Step 04759: 19223.3984 E_h, exp. variance=1.8807 E_h^2, pmove=0.50
2026-06-09 02:27:35,697 - Step 04760: 19224.7969 E_h, exp. variance=1.8105 E_h^2, pmove=0.50
2026-06-09 02:27:36,050 - Step 04761: 19223.7969 E_h, exp. variance=1.6296 E_h^2, pmove=0.50
2026-06-09 02:27:36,402 - Step 04762: 19227.4297 E_h, exp. variance=2.6723 E_h^2, pmove=0.50
2026-06-09 02:27:36,755 - Step 04763: 19224.0508 E_h, exp. variance=2.4057 E_h^2, pmove=0.50
2026-06-09 02:27:37,110 - Step 04764: 19223.5430 E_h, exp. variance=2.1958 E_h^2, pmove=0.50
2026-06-09 02:27:37,465 - Step 04765: 19222.8145 E_h, exp. variance=2.1178 E_h^2, pmove=0.50
2026-06-09 02:27:37,816 - Step 04766: 19224.6094 E_h, exp. variance=1.9459 E_h^2, pmove=0.50
2026-06-09 02:27:38,170 - Step 04767: 19225.3047 E_h, exp. variance=1.9022 E_h^2, pmove=0.50
2026-06-09 02:27:38,521 - Step 04768: 19224.9336 E_h, exp. variance=1.7689 E_h^2, pmove=0.50
2026-06-09 02:27:38,876 - Step 04769: 19225.7715 E_h, exp. variance=1.8090 E_h^2, pmove=0.50
2026-06-09 02:27:39,231 - Step 04770: 19223.9531 E_h, exp. variance=1.6441 E_h^2, pmove=0.49
2026-06-09 02:27:39,586 - Step 04771: 19225.8184 E_h, exp. variance=1.6785 E_h^2, pmove=0.51
2026-06-09 02:27:39,940 - Step 04772: 19224.8242 E_h, exp. variance=1.5213 E_h^2, pmove=0.50
2026-06-09 02:27:40,294 - Step 04773: 19226.4492 E_h, exp. variance=1.7057 E_h^2, pmove=0.50
2026-06-09 02:27:40,646 - Step 04774: 19225.2344 E_h, exp. variance=1.5599 E_h^2, pmove=0.50
2026-06-09 02:27:41,003 - Step 04775: 19226.0430 E_h, exp. variance=1.5517 E_h^2, pmove=0.51
2026-06-09 02:27:41,359 - Step 04776: 19223.2266 E_h, exp. variance=1.6457 E_h^2, pmove=0.50
2026-06-09 02:27:41,714 - Step 04777: 19225.8867 E_h, exp. variance=1.6027 E_h^2, pmove=0.50
2026-06-09 02:27:42,069 - Step 04778: 19222.6055 E_h, exp. variance=1.8918 E_h^2, pmove=0.49
2026-06-09 02:27:42,424 - Step 04779: 19224.7188 E_h, exp. variance=1.7035 E_h^2, pmove=0.51
2026-06-09 02:27:42,779 - Step 04780: 19225.0215 E_h, exp. variance=1.5472 E_h^2, pmove=0.50
2026-06-09 02:27:43,130 - Step 04781: 19225.4922 E_h, exp. variance=1.4539 E_h^2, pmove=0.50
2026-06-09 02:27:43,483 - Step 04782: 19223.5195 E_h, exp. variance=1.4443 E_h^2, pmove=0.50
2026-06-09 02:27:43,836 - Step 04783: 19225.3809 E_h, exp. variance=1.3513 E_h^2, pmove=0.51
2026-06-09 02:27:44,188 - Step 04784: 19225.1445 E_h, exp. variance=1.2339 E_h^2, pmove=0.50
2026-06-09 02:27:44,543 - Step 04785: 19224.0488 E_h, exp. variance=1.1542 E_h^2, pmove=0.50
2026-06-09 02:27:44,894 - Step 04786: 19222.8867 E_h, exp. variance=1.3269 E_h^2, pmove=0.50
2026-06-09 02:27:45,249 - Step 04787: 19224.7773 E_h, exp. variance=1.2013 E_h^2, pmove=0.50
2026-06-09 02:27:45,604 - Step 04788: 19222.6191 E_h, exp. variance=1.4076 E_h^2, pmove=0.49
2026-06-09 02:27:45,955 - Step 04789: 19225.4375 E_h, exp. variance=1.3768 E_h^2, pmove=0.50
2026-06-09 02:27:46,307 - Step 04790: 19225.0273 E_h, exp. variance=1.2698 E_h^2, pmove=0.50
2026-06-09 02:27:46,658 - Step 04791: 19228.2930 E_h, exp. variance=2.4363 E_h^2, pmove=0.49
2026-06-09 02:27:47,013 - Step 04792: 19224.7539 E_h, exp. variance=2.1941 E_h^2, pmove=0.49
2026-06-09 02:27:47,364 - Step 04793: 19227.3945 E_h, exp. variance=2.5496 E_h^2, pmove=0.49
2026-06-09 02:27:47,728 - Step 04794: 19226.4688 E_h, exp. variance=2.4585 E_h^2, pmove=0.50
2026-06-09 02:27:48,081 - Step 04795: 19226.6973 E_h, exp. variance=2.4002 E_h^2, pmove=0.50
2026-06-09 02:27:48,432 - Step 04796: 19226.1836 E_h, exp. variance=2.2156 E_h^2, pmove=0.50
2026-06-09 02:27:48,783 - Step 04797: 19227.3945 E_h, exp. variance=2.3252 E_h^2, pmove=0.50
2026-06-09 02:27:49,134 - Step 04798: 19228.7188 E_h, exp. variance=2.9303 E_h^2, pmove=0.50
2026-06-09 02:27:49,487 - Step 04799: 19225.4062 E_h, exp. variance=2.6661 E_h^2, pmove=0.49
2026-06-09 02:27:49,839 - Step 04800: 19226.8828 E_h, exp. variance=2.4836 E_h^2, pmove=0.50
2026-06-09 02:27:50,193 - Step 04801: 19226.2500 E_h, exp. variance=2.2404 E_h^2, pmove=0.50
2026-06-09 02:27:50,548 - Step 04802: 19227.1777 E_h, exp. variance=2.1338 E_h^2, pmove=0.50
2026-06-09 02:27:50,901 - Step 04803: 19226.5977 E_h, exp. variance=1.9386 E_h^2, pmove=0.50
2026-06-09 02:27:51,254 - Step 04804: 19227.1289 E_h, exp. variance=1.8235 E_h^2, pmove=0.50
2026-06-09 02:27:51,608 - Step 04805: 19227.8066 E_h, exp. variance=1.8490 E_h^2, pmove=0.50
2026-06-09 02:27:51,960 - Step 04806: 19225.9395 E_h, exp. variance=1.6866 E_h^2, pmove=0.50
2026-06-09 02:27:52,313 - Step 04807: 19224.6484 E_h, exp. variance=1.7905 E_h^2, pmove=0.50
2026-06-09 02:27:52,666 - Step 04808: 19222.4512 E_h, exp. variance=2.8863 E_h^2, pmove=0.50
2026-06-09 02:27:53,018 - Step 04809: 19223.9922 E_h, exp. variance=2.9043 E_h^2, pmove=0.50
2026-06-09 02:27:53,374 - Step 04810: 19224.3633 E_h, exp. variance=2.7634 E_h^2, pmove=0.50
2026-06-09 02:27:53,726 - Step 04811: 19224.9180 E_h, exp. variance=2.5201 E_h^2, pmove=0.50
2026-06-09 02:27:54,078 - Step 04812: 19224.0586 E_h, exp. variance=2.4455 E_h^2, pmove=0.49
2026-06-09 02:27:54,437 - Step 04813: 19224.8691 E_h, exp. variance=2.2195 E_h^2, pmove=0.50
2026-06-09 02:27:54,789 - Step 04814: 19224.4082 E_h, exp. variance=2.0655 E_h^2, pmove=0.50
2026-06-09 02:27:55,141 - Step 04815: 19227.8047 E_h, exp. variance=2.4736 E_h^2, pmove=0.50
2026-06-09 02:27:55,491 - Step 04816: 19227.6035 E_h, exp. variance=2.6424 E_h^2, pmove=0.50
2026-06-09 02:27:55,849 - Step 04817: 19230.1172 E_h, exp. variance=4.1598 E_h^2, pmove=0.50
2026-06-09 02:27:56,202 - Step 04818: 19226.6855 E_h, exp. variance=3.7733 E_h^2, pmove=0.50
2026-06-09 02:27:56,553 - Step 04819: 19228.3301 E_h, exp. variance=3.8159 E_h^2, pmove=0.50
2026-06-09 02:27:56,902 - Step 04820: 19227.8320 E_h, exp. variance=3.6223 E_h^2, pmove=0.50
2026-06-09 02:27:57,260 - Step 04821: 19224.7793 E_h, exp. variance=3.5363 E_h^2, pmove=0.50
2026-06-09 02:27:57,612 - Step 04822: 19224.9277 E_h, exp. variance=3.3661 E_h^2, pmove=0.50
2026-06-09 02:27:57,964 - Step 04823: 19225.0957 E_h, exp. variance=3.1419 E_h^2, pmove=0.50
2026-06-09 02:27:58,322 - Step 04824: 19226.2695 E_h, exp. variance=2.8302 E_h^2, pmove=0.50
2026-06-09 02:27:58,673 - Step 04825: 19223.6562 E_h, exp. variance=3.0931 E_h^2, pmove=0.51
2026-06-09 02:27:59,028 - Step 04826: 19225.4668 E_h, exp. variance=2.7987 E_h^2, pmove=0.50
2026-06-09 02:27:59,389 - Step 04827: 19224.3691 E_h, exp. variance=2.7114 E_h^2, pmove=0.50
2026-06-09 02:27:59,743 - Step 04828: 19225.2305 E_h, exp. variance=2.4589 E_h^2, pmove=0.50
2026-06-09 02:28:00,096 - Step 04829: 19223.9922 E_h, exp. variance=2.4576 E_h^2, pmove=0.50
2026-06-09 02:28:00,450 - Step 04830: 19225.1602 E_h, exp. variance=2.2208 E_h^2, pmove=0.50
2026-06-09 02:28:00,810 - Step 04831: 19223.9648 E_h, exp. variance=2.1960 E_h^2, pmove=0.50
2026-06-09 02:28:01,164 - Step 04832: 19225.2031 E_h, exp. variance=1.9772 E_h^2, pmove=0.49
2026-06-09 02:28:01,516 - Step 04833: 19224.2754 E_h, exp. variance=1.8716 E_h^2, pmove=0.50
2026-06-09 02:28:01,870 - Step 04834: 19225.7891 E_h, exp. variance=1.7172 E_h^2, pmove=0.50
2026-06-09 02:28:02,222 - Step 04835: 19224.3496 E_h, exp. variance=1.6178 E_h^2, pmove=0.49
2026-06-09 02:28:02,572 - Step 04836: 19225.3711 E_h, exp. variance=1.4602 E_h^2, pmove=0.50
2026-06-09 02:28:02,929 - Step 04837: 19224.1816 E_h, exp. variance=1.4035 E_h^2, pmove=0.49
2026-06-09 02:28:03,284 - Step 04838: 19223.5977 E_h, exp. variance=1.4604 E_h^2, pmove=0.50
2026-06-09 02:28:03,639 - Step 04839: 19221.9922 E_h, exp. variance=2.0910 E_h^2, pmove=0.50
2026-06-09 02:28:03,992 - Step 04840: 19225.8652 E_h, exp. variance=2.0177 E_h^2, pmove=0.50
2026-06-09 02:28:04,346 - Step 04841: 19223.8750 E_h, exp. variance=1.8864 E_h^2, pmove=0.50
2026-06-09 02:28:04,695 - Step 04842: 19225.3711 E_h, exp. variance=1.7417 E_h^2, pmove=0.50
2026-06-09 02:28:05,048 - Step 04843: 19223.0254 E_h, exp. variance=1.8328 E_h^2, pmove=0.50
2026-06-09 02:28:05,401 - Step 04844: 19226.0820 E_h, exp. variance=1.8552 E_h^2, pmove=0.51
2026-06-09 02:28:05,752 - Step 04845: 19225.7031 E_h, exp. variance=1.7566 E_h^2, pmove=0.49
2026-06-09 02:28:06,105 - Step 04846: 19228.1250 E_h, exp. variance=2.5650 E_h^2, pmove=0.50
2026-06-09 02:28:06,461 - Step 04847: 19225.7422 E_h, exp. variance=2.3402 E_h^2, pmove=0.50
2026-06-09 02:28:06,815 - Step 04848: 19225.7422 E_h, exp. variance=2.1319 E_h^2, pmove=0.50
2026-06-09 02:28:07,170 - Step 04849: 19223.5547 E_h, exp. variance=2.1804 E_h^2, pmove=0.50
2026-06-09 02:28:07,524 - Step 04850: 19224.3633 E_h, exp. variance=2.0099 E_h^2, pmove=0.51
2026-06-09 02:28:07,880 - Step 04851: 19223.3223 E_h, exp. variance=2.0676 E_h^2, pmove=0.50
2026-06-09 02:28:08,234 - Step 04852: 19224.6797 E_h, exp. variance=1.8633 E_h^2, pmove=0.50
2026-06-09 02:28:08,586 - Step 04853: 19225.0332 E_h, exp. variance=1.6807 E_h^2, pmove=0.50
2026-06-09 02:28:08,944 - Step 04854: 19225.8184 E_h, exp. variance=1.5971 E_h^2, pmove=0.50
2026-06-09 02:28:09,298 - Step 04855: 19223.6953 E_h, exp. variance=1.5785 E_h^2, pmove=0.50
2026-06-09 02:28:09,648 - Step 04856: 19223.8652 E_h, exp. variance=1.5030 E_h^2, pmove=0.51
2026-06-09 02:28:10,000 - Step 04857: 19222.1328 E_h, exp. variance=1.9582 E_h^2, pmove=0.50
2026-06-09 02:28:10,354 - Step 04858: 19224.5898 E_h, exp. variance=1.7638 E_h^2, pmove=0.50
2026-06-09 02:28:10,708 - Step 04859: 19222.8320 E_h, exp. variance=1.8314 E_h^2, pmove=0.50
2026-06-09 02:28:11,065 - Step 04860: 19227.3965 E_h, exp. variance=2.5031 E_h^2, pmove=0.50
2026-06-09 02:28:11,417 - Step 04861: 19224.9844 E_h, exp. variance=2.2646 E_h^2, pmove=0.50
2026-06-09 02:28:11,772 - Step 04862: 19225.3164 E_h, exp. variance=2.0769 E_h^2, pmove=0.50
2026-06-09 02:28:12,124 - Step 04863: 19224.0117 E_h, exp. variance=1.9152 E_h^2, pmove=0.50
2026-06-09 02:28:12,481 - Step 04864: 19225.3691 E_h, exp. variance=1.7696 E_h^2, pmove=0.51
2026-06-09 02:28:12,836 - Step 04865: 19226.0586 E_h, exp. variance=1.7524 E_h^2, pmove=0.50
2026-06-09 02:28:13,189 - Step 04866: 19225.7305 E_h, exp. variance=1.6454 E_h^2, pmove=0.50
2026-06-09 02:28:13,546 - Step 04867: 19226.1797 E_h, exp. variance=1.6176 E_h^2, pmove=0.50
2026-06-09 02:28:13,900 - Step 04868: 19224.7812 E_h, exp. variance=1.4633 E_h^2, pmove=0.49
2026-06-09 02:28:14,253 - Step 04869: 19225.7109 E_h, exp. variance=1.3574 E_h^2, pmove=0.50
2026-06-09 02:28:14,608 - Step 04870: 19225.5273 E_h, exp. variance=1.2375 E_h^2, pmove=0.50
2026-06-09 02:28:14,965 - Step 04871: 19225.0859 E_h, exp. variance=1.1141 E_h^2, pmove=0.50
2026-06-09 02:28:15,320 - Step 04872: 19227.6953 E_h, exp. variance=1.5892 E_h^2, pmove=0.50
2026-06-09 02:28:15,675 - Step 04873: 19227.8047 E_h, exp. variance=1.9514 E_h^2, pmove=0.50
2026-06-09 02:28:16,030 - Step 04874: 19227.9258 E_h, exp. variance=2.2270 E_h^2, pmove=0.50
2026-06-09 02:28:16,386 - Step 04875: 19226.5898 E_h, exp. variance=2.0513 E_h^2, pmove=0.50
2026-06-09 02:28:16,743 - Step 04876: 19227.2441 E_h, exp. variance=1.9994 E_h^2, pmove=0.50
2026-06-09 02:28:17,098 - Step 04877: 19225.6523 E_h, exp. variance=1.8152 E_h^2, pmove=0.49
2026-06-09 02:28:17,452 - Step 04878: 19226.4414 E_h, exp. variance=1.6489 E_h^2, pmove=0.50
2026-06-09 02:28:17,807 - Step 04879: 19226.1914 E_h, exp. variance=1.4854 E_h^2, pmove=0.50
2026-06-09 02:28:18,159 - Step 04880: 19224.8691 E_h, exp. variance=1.4692 E_h^2, pmove=0.50
2026-06-09 02:28:18,513 - Step 04881: 19225.6250 E_h, exp. variance=1.3325 E_h^2, pmove=0.50
2026-06-09 02:28:18,867 - Step 04882: 19225.5898 E_h, exp. variance=1.2095 E_h^2, pmove=0.50
2026-06-09 02:28:19,219 - Step 04883: 19225.3398 E_h, exp. variance=1.1162 E_h^2, pmove=0.50
2026-06-09 02:28:19,574 - Step 04884: 19225.1035 E_h, exp. variance=1.0534 E_h^2, pmove=0.50
2026-06-09 02:28:19,926 - Step 04885: 19227.2070 E_h, exp. variance=1.1351 E_h^2, pmove=0.50
2026-06-09 02:28:20,278 - Step 04886: 19226.6914 E_h, exp. variance=1.0765 E_h^2, pmove=0.50
2026-06-09 02:28:20,631 - Step 04887: 19225.4785 E_h, exp. variance=0.9922 E_h^2, pmove=0.50
2026-06-09 02:28:20,986 - Step 04888: 19224.9414 E_h, exp. variance=0.9823 E_h^2, pmove=0.50
2026-06-09 02:28:21,340 - Step 04889: 19224.9102 E_h, exp. variance=0.9615 E_h^2, pmove=0.50
2026-06-09 02:28:21,694 - Step 04890: 19224.0547 E_h, exp. variance=1.1229 E_h^2, pmove=0.50
2026-06-09 02:28:22,048 - Step 04891: 19224.1328 E_h, exp. variance=1.1981 E_h^2, pmove=0.50
2026-06-09 02:28:22,404 - Step 04892: 19223.5000 E_h, exp. variance=1.4141 E_h^2, pmove=0.50
2026-06-09 02:28:22,758 - Step 04893: 19226.0488 E_h, exp. variance=1.3318 E_h^2, pmove=0.50
2026-06-09 02:28:23,113 - Step 04894: 19224.6035 E_h, exp. variance=1.2449 E_h^2, pmove=0.49
2026-06-09 02:28:23,468 - Step 04895: 19223.8281 E_h, exp. variance=1.3018 E_h^2, pmove=0.50
2026-06-09 02:28:23,822 - Step 04896: 19222.1914 E_h, exp. variance=1.9359 E_h^2, pmove=0.50
2026-06-09 02:28:24,178 - Step 04897: 19224.3066 E_h, exp. variance=1.7655 E_h^2, pmove=0.50
2026-06-09 02:28:24,529 - Step 04898: 19223.9258 E_h, exp. variance=1.6522 E_h^2, pmove=0.50
2026-06-09 02:28:24,884 - Step 04899: 19224.0742 E_h, exp. variance=1.5199 E_h^2, pmove=0.50
2026-06-09 02:28:25,240 - Step 04900: 19225.5059 E_h, exp. variance=1.4387 E_h^2, pmove=0.49
2026-06-09 02:28:25,595 - Step 04901: 19225.3438 E_h, exp. variance=1.3313 E_h^2, pmove=0.51
2026-06-09 02:28:25,951 - Step 04902: 19225.9531 E_h, exp. variance=1.3239 E_h^2, pmove=0.50
2026-06-09 02:28:26,313 - Step 04903: 19225.6191 E_h, exp. variance=1.2392 E_h^2, pmove=0.50
2026-06-09 02:28:26,667 - Step 04904: 19228.2891 E_h, exp. variance=2.1110 E_h^2, pmove=0.50
2026-06-09 02:28:27,021 - Step 04905: 19226.4727 E_h, exp. variance=2.0247 E_h^2, pmove=0.50
2026-06-09 02:28:27,375 - Step 04906: 19225.7773 E_h, exp. variance=1.8343 E_h^2, pmove=0.50
2026-06-09 02:28:27,729 - Step 04907: 19223.7617 E_h, exp. variance=1.9071 E_h^2, pmove=0.50
2026-06-09 02:28:28,086 - Step 04908: 19222.9102 E_h, exp. variance=2.2224 E_h^2, pmove=0.50
2026-06-09 02:28:28,447 - Step 04909: 19224.1562 E_h, exp. variance=2.0712 E_h^2, pmove=0.50
2026-06-09 02:28:28,804 - Step 04910: 19225.4336 E_h, exp. variance=1.8846 E_h^2, pmove=0.50
2026-06-09 02:28:29,161 - Step 04911: 19223.5195 E_h, exp. variance=1.8944 E_h^2, pmove=0.50
2026-06-09 02:28:29,518 - Step 04912: 19224.6348 E_h, exp. variance=1.7094 E_h^2, pmove=0.50
2026-06-09 02:28:29,871 - Step 04913: 19225.3320 E_h, exp. variance=1.5607 E_h^2, pmove=0.50
2026-06-09 02:28:30,225 - Step 04914: 19225.6602 E_h, exp. variance=1.4591 E_h^2, pmove=0.49
2026-06-09 02:28:30,579 - Step 04915: 19224.9199 E_h, exp. variance=1.3133 E_h^2, pmove=0.50
2026-06-09 02:28:30,934 - Step 04916: 19224.0332 E_h, exp. variance=1.2588 E_h^2, pmove=0.49
2026-06-09 02:28:31,287 - Step 04917: 19224.4336 E_h, exp. variance=1.1497 E_h^2, pmove=0.50
2026-06-09 02:28:31,639 - Step 04918: 19225.0312 E_h, exp. variance=1.0386 E_h^2, pmove=0.50
2026-06-09 02:28:31,990 - Step 04919: 19224.7676 E_h, exp. variance=0.9353 E_h^2, pmove=0.50
2026-06-09 02:28:32,344 - Step 04920: 19227.2344 E_h, exp. variance=1.3595 E_h^2, pmove=0.50
2026-06-09 02:28:32,697 - Step 04921: 19225.9512 E_h, exp. variance=1.2924 E_h^2, pmove=0.50
2026-06-09 02:28:33,050 - Step 04922: 19226.3770 E_h, exp. variance=1.2956 E_h^2, pmove=0.50
2026-06-09 02:28:33,404 - Step 04923: 19225.5703 E_h, exp. variance=1.1734 E_h^2, pmove=0.50
2026-06-09 02:28:33,763 - Step 04924: 19226.1582 E_h, exp. variance=1.1201 E_h^2, pmove=0.50
2026-06-09 02:28:34,120 - Step 04925: 19227.6543 E_h, exp. variance=1.4661 E_h^2, pmove=0.50
2026-06-09 02:28:34,475 - Step 04926: 19225.6914 E_h, exp. variance=1.3199 E_h^2, pmove=0.50
2026-06-09 02:28:34,830 - Step 04927: 19225.9922 E_h, exp. variance=1.1996 E_h^2, pmove=0.50
2026-06-09 02:28:35,187 - Step 04928: 19224.2031 E_h, exp. variance=1.2728 E_h^2, pmove=0.50
2026-06-09 02:28:35,544 - Step 04929: 19226.7695 E_h, exp. variance=1.2857 E_h^2, pmove=0.50
2026-06-09 02:28:35,901 - Step 04930: 19224.4473 E_h, exp. variance=1.2866 E_h^2, pmove=0.50
2026-06-09 02:28:36,257 - Step 04931: 19226.8809 E_h, exp. variance=1.3228 E_h^2, pmove=0.50
2026-06-09 02:28:36,614 - Step 04932: 19224.1953 E_h, exp. variance=1.3841 E_h^2, pmove=0.50
2026-06-09 02:28:36,971 - Step 04933: 19226.7910 E_h, exp. variance=1.3921 E_h^2, pmove=0.51
2026-06-09 02:28:37,322 - Step 04934: 19224.9863 E_h, exp. variance=1.2917 E_h^2, pmove=0.50
2026-06-09 02:28:37,676 - Step 04935: 19227.0859 E_h, exp. variance=1.3676 E_h^2, pmove=0.50
2026-06-09 02:28:38,029 - Step 04936: 19224.3906 E_h, exp. variance=1.3915 E_h^2, pmove=0.50
2026-06-09 02:28:38,382 - Step 04937: 19225.4062 E_h, exp. variance=1.2555 E_h^2, pmove=0.49
2026-06-09 02:28:38,733 - Step 04938: 19224.2656 E_h, exp. variance=1.2841 E_h^2, pmove=0.50
2026-06-09 02:28:39,083 - Step 04939: 19225.2793 E_h, exp. variance=1.1581 E_h^2, pmove=0.50
2026-06-09 02:28:39,439 - Step 04940: 19222.7070 E_h, exp. variance=1.7085 E_h^2, pmove=0.50
2026-06-09 02:28:39,793 - Step 04941: 19224.6484 E_h, exp. variance=1.5609 E_h^2, pmove=0.50
2026-06-09 02:28:40,143 - Step 04942: 19222.9023 E_h, exp. variance=1.8416 E_h^2, pmove=0.50
2026-06-09 02:28:40,496 - Step 04943: 19225.6680 E_h, exp. variance=1.7127 E_h^2, pmove=0.51
2026-06-09 02:28:40,848 - Step 04944: 19225.2109 E_h, exp. variance=1.5469 E_h^2, pmove=0.50
2026-06-09 02:28:41,200 - Step 04945: 19225.6484 E_h, exp. variance=1.4315 E_h^2, pmove=0.49
2026-06-09 02:28:41,553 - Step 04946: 19224.1211 E_h, exp. variance=1.3668 E_h^2, pmove=0.50
2026-06-09 02:28:41,908 - Step 04947: 19225.2539 E_h, exp. variance=1.2378 E_h^2, pmove=0.50
2026-06-09 02:28:42,262 - Step 04948: 19224.5820 E_h, exp. variance=1.1290 E_h^2, pmove=0.50
2026-06-09 02:28:42,614 - Step 04949: 19224.7422 E_h, exp. variance=1.0200 E_h^2, pmove=0.50
2026-06-09 02:28:42,969 - Step 04950: 19224.4922 E_h, exp. variance=0.9350 E_h^2, pmove=0.51
2026-06-09 02:28:43,322 - Step 04951: 19226.3125 E_h, exp. variance=1.0250 E_h^2, pmove=0.50
2026-06-09 02:28:43,675 - Step 04952: 19226.1934 E_h, exp. variance=1.0449 E_h^2, pmove=0.50
2026-06-09 02:28:44,027 - Step 04953: 19225.4941 E_h, exp. variance=0.9514 E_h^2, pmove=0.51
2026-06-09 02:28:44,380 - Step 04954: 19224.8535 E_h, exp. variance=0.8658 E_h^2, pmove=0.50
2026-06-09 02:28:44,732 - Step 04955: 19227.4219 E_h, exp. variance=1.2452 E_h^2, pmove=0.50
2026-06-09 02:28:45,088 - Step 04956: 19225.6504 E_h, exp. variance=1.1275 E_h^2, pmove=0.50
2026-06-09 02:28:45,443 - Step 04957: 19226.5215 E_h, exp. variance=1.1275 E_h^2, pmove=0.50
2026-06-09 02:28:45,796 - Step 04958: 19225.4258 E_h, exp. variance=1.0154 E_h^2, pmove=0.50
2026-06-09 02:28:46,150 - Step 04959: 19224.8730 E_h, exp. variance=0.9497 E_h^2, pmove=0.50
2026-06-09 02:28:46,502 - Step 04960: 19221.9648 E_h, exp. variance=1.9425 E_h^2, pmove=0.50
2026-06-09 02:28:46,855 - Step 04961: 19223.8184 E_h, exp. variance=1.8947 E_h^2, pmove=0.50
2026-06-09 02:28:47,207 - Step 04962: 19223.9004 E_h, exp. variance=1.8075 E_h^2, pmove=0.50
2026-06-09 02:28:47,562 - Step 04963: 19225.7305 E_h, exp. variance=1.6951 E_h^2, pmove=0.50
2026-06-09 02:28:47,915 - Step 04964: 19225.6680 E_h, exp. variance=1.5723 E_h^2, pmove=0.50
2026-06-09 02:28:48,268 - Step 04965: 19225.6895 E_h, exp. variance=1.4555 E_h^2, pmove=0.50
2026-06-09 02:28:48,623 - Step 04966: 19227.3086 E_h, exp. variance=1.7546 E_h^2, pmove=0.50
2026-06-09 02:28:48,978 - Step 04967: 19226.2969 E_h, exp. variance=1.6670 E_h^2, pmove=0.50
2026-06-09 02:28:49,332 - Step 04968: 19227.3750 E_h, exp. variance=1.8484 E_h^2, pmove=0.49
2026-06-09 02:28:49,686 - Step 04969: 19226.1680 E_h, exp. variance=1.6921 E_h^2, pmove=0.49
2026-06-09 02:28:50,042 - Step 04970: 19223.0000 E_h, exp. variance=2.1607 E_h^2, pmove=0.50
2026-06-09 02:28:50,397 - Step 04971: 19223.2266 E_h, exp. variance=2.3684 E_h^2, pmove=0.50
2026-06-09 02:28:50,750 - Step 04972: 19223.7500 E_h, exp. variance=2.3155 E_h^2, pmove=0.50
2026-06-09 02:28:51,104 - Step 04973: 19224.0078 E_h, exp. variance=2.1793 E_h^2, pmove=0.50
2026-06-09 02:28:51,461 - Step 04974: 19224.0898 E_h, exp. variance=2.0254 E_h^2, pmove=0.50
2026-06-09 02:28:51,819 - Step 04975: 19224.0430 E_h, exp. variance=1.8815 E_h^2, pmove=0.50
2026-06-09 02:28:52,174 - Step 04976: 19222.4023 E_h, exp. variance=2.1976 E_h^2, pmove=0.51
2026-06-09 02:28:52,530 - Step 04977: 19221.6133 E_h, exp. variance=2.7452 E_h^2, pmove=0.50
2026-06-09 02:28:52,882 - Step 04978: 19222.9883 E_h, exp. variance=2.6122 E_h^2, pmove=0.50
2026-06-09 02:28:53,234 - Step 04979: 19225.9297 E_h, exp. variance=2.6466 E_h^2, pmove=0.50
2026-06-09 02:28:53,589 - Step 04980: 19225.0664 E_h, exp. variance=2.4350 E_h^2, pmove=0.50
2026-06-09 02:28:53,942 - Step 04981: 19226.1562 E_h, exp. variance=2.4771 E_h^2, pmove=0.50
2026-06-09 02:28:54,296 - Step 04982: 19225.8633 E_h, exp. variance=2.3839 E_h^2, pmove=0.50
2026-06-09 02:28:54,648 - Step 04983: 19224.6504 E_h, exp. variance=2.1456 E_h^2, pmove=0.50
2026-06-09 02:28:55,005 - Step 04984: 19224.0195 E_h, exp. variance=1.9703 E_h^2, pmove=0.50
2026-06-09 02:28:55,357 - Step 04985: 19223.0547 E_h, exp. variance=1.9919 E_h^2, pmove=0.50
2026-06-09 02:28:55,711 - Step 04986: 19222.2891 E_h, exp. variance=2.2157 E_h^2, pmove=0.49
2026-06-09 02:28:56,066 - Step 04987: 19223.4258 E_h, exp. variance=2.0538 E_h^2, pmove=0.50
2026-06-09 02:28:56,420 - Step 04988: 19223.0508 E_h, exp. variance=1.9588 E_h^2, pmove=0.50
2026-06-09 02:28:56,775 - Step 04989: 19223.3691 E_h, exp. variance=1.8043 E_h^2, pmove=0.50
2026-06-09 02:28:57,130 - Step 04990: 19223.3320 E_h, exp. variance=1.6615 E_h^2, pmove=0.50
2026-06-09 02:28:57,482 - Step 04991: 19224.4941 E_h, exp. variance=1.5256 E_h^2, pmove=0.50
2026-06-09 02:28:57,835 - Step 04992: 19222.3984 E_h, exp. variance=1.5961 E_h^2, pmove=0.49
2026-06-09 02:28:58,189 - Step 04993: 19225.0352 E_h, exp. variance=1.5706 E_h^2, pmove=0.50
2026-06-09 02:28:58,540 - Step 04994: 19224.1133 E_h, exp. variance=1.4163 E_h^2, pmove=0.50
2026-06-09 02:28:58,898 - Step 04995: 19227.0566 E_h, exp. variance=2.1404 E_h^2, pmove=0.50
2026-06-09 02:28:59,254 - Step 04996: 19225.0117 E_h, exp. variance=1.9765 E_h^2, pmove=0.50
2026-06-09 02:28:59,608 - Step 04997: 19226.2734 E_h, exp. variance=2.1153 E_h^2, pmove=0.50
2026-06-09 02:28:59,962 - Step 04998: 19227.5078 E_h, exp. variance=2.7002 E_h^2, pmove=0.50
2026-06-09 02:29:00,314 - Step 04999: 19227.3320 E_h, exp. variance=2.9935 E_h^2, pmove=0.50
2026-06-09 02:29:00,315 - Saving checkpoint /home/gridsan/hlo1/project/PeriodicWaveBoson/results/anneal_rs_N24_layers12_12_d1.5_D20.0_seed1_sq/N24_layers12_12_rs0.2_d1.5_D20.0_seed1_sq/qmcjax_ckpt_004999.npz
2026-06-09 02:29:00,743 - Saved best-candidate checkpoint /home/gridsan/hlo1/project/PeriodicWaveBoson/results/anneal_rs_N24_layers12_12_d1.5_D20.0_seed1_sq/N24_layers12_12_rs0.2_d1.5_D20.0_seed1_sq/qmcjax_best_004999.npz with score 19225.08
2026-06-09 02:29:00,762 - Training completed after t [s] = 1807
