2026-06-02 19:36:37,993 - JAX version: 0.10.1
2026-06-02 19:36:37,995 - jax_enable_x64: False
2026-06-02 19:36:37,995 - JAXlib version: 0.10.1
2026-06-02 19:36:37,995 - KFAC-JAX version: 0.0.8
2026-06-02 19:36:37,995 - Available devices: ['cuda:0']
2026-06-02 19:36:37,995 - Platform: gpu
2026-06-02 19:36:37,996 - Default precision: float32
2026-06-02 19:36:37,996 - Default matmul precision: float32
2026-06-02 19:36:37,996 - GPU information: ['Tesla V100-PCIE-32GB']
2026-06-02 19:36:37,996 - Python version: 3.13.13
2026-06-02 19:36:37,996 - System: Linux #20260508 SMP PREEMPT_DYNAMIC Fri May  8 11:20:56 EDT 2026
2026-06-02 19:36:37,996 - Processor: x86_64
2026-06-02 19:36:37,996 - Numpy version: 2.4.6
2026-06-02 19:36:37,996 - CUDA_VISIBLE_DEVICES: GPU-6f03918f-e347-568b-b019-06a70f950614
2026-06-02 19:36:37,996 - NVIDIA driver version: 580.126.09
580.126.09
2026-06-02 19:36:37,996 - GPU models: Tesla V100-PCIE-32GB, Tesla V100-PCIE-32GB
2026-06-02 19:36:38,016 - Starting QMC with 1 XLA devices per host across 1 hosts.
2026-06-02 19:36:40,399 - No checkpoint found. Training new model.
2026-06-02 19:36:42,220 - Using adam_kfac optimizer: Adam until step 500, then KFAC.
2026-06-02 19:36:42,242 - Burning in MCMC chain for 2000 steps
2026-06-02 19:39:58,207 - Completed burn-in MCMC steps
2026-06-02 19:40:04,426 - Initial energy: 742.3962 E_h
2026-06-02 19:40:13,118 - Step 00000: 557.3887 E_h, exp. variance=0.0000 E_h^2, pmove=1.00
2026-06-02 19:40:21,214 - Step 00001: 1677.1182 E_h, exp. variance=112841.4766 E_h^2, pmove=1.00
2026-06-02 19:40:21,774 - Step 00002: 1025.8113 E_h, exp. variance=112992.3984 E_h^2, pmove=1.00
2026-06-02 19:40:22,334 - Step 00003: 1007.1646 E_h, exp. variance=109910.1094 E_h^2, pmove=1.00
2026-06-02 19:40:22,894 - Step 00004: 661.7948 E_h, exp. variance=99404.3438 E_h^2, pmove=1.00
2026-06-02 19:40:23,454 - Step 00005: 2070.3579 E_h, exp. variance=251666.2031 E_h^2, pmove=1.00
2026-06-02 19:40:24,013 - Step 00006: 6594.8374 E_h, exp. variance=3184256.2500 E_h^2, pmove=1.00
2026-06-02 19:40:24,573 - Step 00007: 1142.8383 E_h, exp. variance=2873533.7500 E_h^2, pmove=1.00
2026-06-02 19:40:25,133 - Step 00008: 2608.9243 E_h, exp. variance=2716382.0000 E_h^2, pmove=1.00
2026-06-02 19:40:25,692 - Step 00009: 728.3923 E_h, exp. variance=2502060.2500 E_h^2, pmove=1.00
2026-06-02 19:40:26,251 - Step 00010: 477.0280 E_h, exp. variance=2336463.5000 E_h^2, pmove=1.00
2026-06-02 19:40:26,811 - Step 00011: 1827.5892 E_h, exp. variance=2123374.7500 E_h^2, pmove=1.00
2026-06-02 19:40:27,370 - Step 00012: 1196.3219 E_h, exp. variance=1914678.0000 E_h^2, pmove=1.00
2026-06-02 19:40:27,930 - Step 00013: 1446.5354 E_h, exp. variance=1723641.1250 E_h^2, pmove=1.00
2026-06-02 19:40:28,489 - Step 00014: 800.8355 E_h, exp. variance=1581911.3750 E_h^2, pmove=1.00
2026-06-02 19:40:29,049 - Step 00015: 2640.5879 E_h, exp. variance=1579272.7500 E_h^2, pmove=1.00
2026-06-02 19:40:29,609 - Step 00016: 982.5580 E_h, exp. variance=1441636.7500 E_h^2, pmove=1.00
2026-06-02 19:40:30,168 - Step 00017: 1366.3560 E_h, exp. variance=1297643.7500 E_h^2, pmove=1.00
2026-06-02 19:40:30,728 - Step 00018: 1499.5181 E_h, exp. variance=1168674.1250 E_h^2, pmove=1.00
2026-06-02 19:40:31,288 - Step 00019: 540.3665 E_h, exp. variance=1120646.3750 E_h^2, pmove=1.00
2026-06-02 19:40:31,848 - Step 00020: 1517.3245 E_h, exp. variance=1011825.1875 E_h^2, pmove=1.00
2026-06-02 19:40:32,408 - Step 00021: 408.7747 E_h, exp. variance=989777.1250 E_h^2, pmove=1.00
2026-06-02 19:40:32,967 - Step 00022: 810.2913 E_h, exp. variance=908414.6875 E_h^2, pmove=1.00
2026-06-02 19:40:33,528 - Step 00023: 1888.5557 E_h, exp. variance=859201.0000 E_h^2, pmove=1.00
2026-06-02 19:40:34,087 - Step 00024: 1789.4160 E_h, exp. variance=796961.1875 E_h^2, pmove=1.00
2026-06-02 19:40:34,648 - Step 00025: 5296.5874 E_h, exp. variance=2134905.7500 E_h^2, pmove=1.00
2026-06-02 19:40:35,208 - Step 00026: 1013.7772 E_h, exp. variance=1966895.2500 E_h^2, pmove=1.00
2026-06-02 19:40:35,768 - Step 00027: 5029.8457 E_h, exp. variance=2796143.7500 E_h^2, pmove=1.00
2026-06-02 19:40:36,327 - Step 00028: 4571.4111 E_h, exp. variance=3115709.0000 E_h^2, pmove=1.00
2026-06-02 19:40:36,887 - Step 00029: 777.0618 E_h, exp. variance=2999187.7500 E_h^2, pmove=1.00
2026-06-02 19:40:37,447 - Step 00030: 2523.9355 E_h, exp. variance=2715291.7500 E_h^2, pmove=1.00
2026-06-02 19:40:38,006 - Step 00031: 1478.8385 E_h, exp. variance=2483604.7500 E_h^2, pmove=1.00
2026-06-02 19:40:38,565 - Step 00032: 376.8649 E_h, exp. variance=2495585.7500 E_h^2, pmove=1.00
2026-06-02 19:40:39,125 - Step 00033: 1337.9641 E_h, exp. variance=2275228.2500 E_h^2, pmove=1.00
2026-06-02 19:40:39,684 - Step 00034: 4747.3467 E_h, exp. variance=2802900.5000 E_h^2, pmove=1.00
2026-06-02 19:40:40,244 - Step 00035: 3328.6892 E_h, exp. variance=2649717.5000 E_h^2, pmove=1.00
2026-06-02 19:40:40,804 - Step 00036: 544.1635 E_h, exp. variance=2649445.0000 E_h^2, pmove=1.00
2026-06-02 19:40:41,364 - Step 00037: 2549.2349 E_h, exp. variance=2403677.5000 E_h^2, pmove=1.00
2026-06-02 19:40:41,923 - Step 00038: 1432.3256 E_h, exp. variance=2207594.7500 E_h^2, pmove=1.00
2026-06-02 19:40:42,483 - Step 00039: 1023.1277 E_h, exp. variance=2084276.2500 E_h^2, pmove=1.00
2026-06-02 19:40:43,043 - Step 00040: 3346.2610 E_h, exp. variance=2048904.8750 E_h^2, pmove=1.00
2026-06-02 19:40:43,603 - Step 00041: 7462.6616 E_h, exp. variance=4433926.5000 E_h^2, pmove=1.00
2026-06-02 19:40:44,162 - Step 00042: 9715.6094 E_h, exp. variance=8503068.0000 E_h^2, pmove=1.00
2026-06-02 19:40:44,722 - Step 00043: 4224.7134 E_h, exp. variance=7722762.0000 E_h^2, pmove=1.00
2026-06-02 19:40:45,281 - Step 00044: 947.3260 E_h, exp. variance=7505655.5000 E_h^2, pmove=1.00
2026-06-02 19:40:45,842 - Step 00045: 4663.8496 E_h, exp. variance=6952554.5000 E_h^2, pmove=1.00
2026-06-02 19:40:46,401 - Step 00046: 1240.4722 E_h, exp. variance=6650529.0000 E_h^2, pmove=1.00
2026-06-02 19:40:46,961 - Step 00047: 2388.7590 E_h, exp. variance=6033826.0000 E_h^2, pmove=1.00
2026-06-02 19:40:47,521 - Step 00048: 314.8763 E_h, exp. variance=6102945.5000 E_h^2, pmove=1.00
2026-06-02 19:40:48,082 - Step 00049: 1416.7543 E_h, exp. variance=5658701.5000 E_h^2, pmove=1.00
2026-06-02 19:40:48,642 - Step 00050: 689.7948 E_h, exp. variance=5434859.0000 E_h^2, pmove=1.00
2026-06-02 19:40:49,203 - Step 00051: 1494.0201 E_h, exp. variance=4972644.0000 E_h^2, pmove=1.00
2026-06-02 19:40:49,763 - Step 00052: 3200.5793 E_h, exp. variance=4540606.0000 E_h^2, pmove=1.00
2026-06-02 19:40:50,323 - Step 00053: 1175.0696 E_h, exp. variance=4229276.5000 E_h^2, pmove=1.00
2026-06-02 19:40:50,883 - Step 00054: 775.0035 E_h, exp. variance=4017983.2500 E_h^2, pmove=1.00
2026-06-02 19:40:51,442 - Step 00055: 968.3291 E_h, exp. variance=3742946.5000 E_h^2, pmove=1.00
2026-06-02 19:40:52,002 - Step 00056: 4703.4268 E_h, exp. variance=4008807.0000 E_h^2, pmove=1.00
2026-06-02 19:40:52,563 - Step 00057: 4722.0664 E_h, exp. variance=4134536.5000 E_h^2, pmove=1.00
2026-06-02 19:40:53,122 - Step 00058: 920.7502 E_h, exp. variance=3958528.5000 E_h^2, pmove=1.00
2026-06-02 19:40:53,683 - Step 00059: 3990.7590 E_h, exp. variance=3795430.7500 E_h^2, pmove=1.00
2026-06-02 19:40:54,243 - Step 00060: 1034.6538 E_h, exp. variance=3620760.7500 E_h^2, pmove=1.00
2026-06-02 19:40:54,804 - Step 00061: 1880.9956 E_h, exp. variance=3282235.5000 E_h^2, pmove=1.00
2026-06-02 19:40:55,363 - Step 00062: 1169.0125 E_h, exp. variance=3077713.2500 E_h^2, pmove=1.00
2026-06-02 19:40:55,923 - Step 00063: 1114.5597 E_h, exp. variance=2880748.7500 E_h^2, pmove=1.00
2026-06-02 19:40:56,483 - Step 00064: 1361.2102 E_h, exp. variance=2643566.2500 E_h^2, pmove=1.00
2026-06-02 19:40:57,043 - Step 00065: 10327.8828 E_h, exp. variance=8564215.0000 E_h^2, pmove=1.00
2026-06-02 19:40:57,602 - Step 00066: 1352.7211 E_h, exp. variance=7914161.5000 E_h^2, pmove=1.00
2026-06-02 19:40:58,162 - Step 00067: 2581.2407 E_h, exp. variance=7124369.0000 E_h^2, pmove=1.00
2026-06-02 19:40:58,720 - Step 00068: 4403.4795 E_h, exp. variance=6672447.0000 E_h^2, pmove=1.00
2026-06-02 19:40:59,280 - Step 00069: 4120.9785 E_h, exp. variance=6145539.0000 E_h^2, pmove=1.00
2026-06-02 19:40:59,839 - Step 00070: 631.5079 E_h, exp. variance=6034640.0000 E_h^2, pmove=1.00
2026-06-02 19:41:00,399 - Step 00071: 3035.1252 E_h, exp. variance=5437960.0000 E_h^2, pmove=1.00
2026-06-02 19:41:00,958 - Step 00072: 686.8441 E_h, exp. variance=5291510.5000 E_h^2, pmove=1.00
2026-06-02 19:41:01,517 - Step 00073: 923.1710 E_h, exp. variance=5008793.0000 E_h^2, pmove=1.00
2026-06-02 19:41:02,076 - Step 00074: 1309.9785 E_h, exp. variance=4617300.0000 E_h^2, pmove=1.00
2026-06-02 19:41:02,635 - Step 00075: 635.6190 E_h, exp. variance=4405540.5000 E_h^2, pmove=1.00
2026-06-02 19:41:03,194 - Step 00076: 1035.8662 E_h, exp. variance=4073819.7500 E_h^2, pmove=1.00
2026-06-02 19:41:03,754 - Step 00077: 4518.1328 E_h, exp. variance=4225598.5000 E_h^2, pmove=1.00
2026-06-02 19:41:04,316 - Step 00078: 9629.4883 E_h, exp. variance=8671241.0000 E_h^2, pmove=1.00
2026-06-02 19:41:04,902 - Step 00079: 1104.5581 E_h, exp. variance=8130979.5000 E_h^2, pmove=1.00
2026-06-02 19:41:05,481 - Step 00080: 1545.9608 E_h, exp. variance=7463902.0000 E_h^2, pmove=1.00
2026-06-02 19:41:06,049 - Step 00081: 4598.0342 E_h, exp. variance=7044362.5000 E_h^2, pmove=1.00
2026-06-02 19:41:06,611 - Step 00082: 1681.4910 E_h, exp. variance=6469832.5000 E_h^2, pmove=1.00
2026-06-02 19:41:07,174 - Step 00083: 893.6456 E_h, exp. variance=6137274.5000 E_h^2, pmove=0.99
2026-06-02 19:41:07,734 - Step 00084: 513.9482 E_h, exp. variance=5906178.5000 E_h^2, pmove=1.00
2026-06-02 19:41:08,298 - Step 00085: 964.9420 E_h, exp. variance=5493152.5000 E_h^2, pmove=1.00
2026-06-02 19:41:08,860 - Step 00086: 1444.4236 E_h, exp. variance=4999264.5000 E_h^2, pmove=1.00
2026-06-02 19:41:09,422 - Step 00087: 894.3320 E_h, exp. variance=4641403.0000 E_h^2, pmove=1.00
2026-06-02 19:41:09,981 - Step 00088: 1749.6942 E_h, exp. variance=4184087.7500 E_h^2, pmove=1.00
2026-06-02 19:41:10,545 - Step 00089: 530.0983 E_h, exp. variance=3959483.2500 E_h^2, pmove=1.00
2026-06-02 19:41:11,123 - Step 00090: 1834.6210 E_h, exp. variance=3563558.5000 E_h^2, pmove=1.00
2026-06-02 19:41:11,705 - Step 00091: 10211.6045 E_h, exp. variance=9500920.0000 E_h^2, pmove=0.99
2026-06-02 19:41:12,278 - Step 00092: 3840.6948 E_h, exp. variance=8670947.0000 E_h^2, pmove=0.99
2026-06-02 19:41:12,843 - Step 00093: 561.3929 E_h, exp. variance=8255257.0000 E_h^2, pmove=0.99
2026-06-02 19:41:13,406 - Step 00094: 815.6196 E_h, exp. variance=7708950.0000 E_h^2, pmove=0.99
2026-06-02 19:41:13,969 - Step 00095: 2187.4683 E_h, exp. variance=6942153.0000 E_h^2, pmove=0.99
2026-06-02 19:41:14,534 - Step 00096: 4854.1133 E_h, exp. variance=6799064.0000 E_h^2, pmove=0.99
2026-06-02 19:41:15,097 - Step 00097: 1195.3604 E_h, exp. variance=6303614.5000 E_h^2, pmove=0.99
2026-06-02 19:41:15,661 - Step 00098: 1822.5681 E_h, exp. variance=5712605.0000 E_h^2, pmove=0.99
2026-06-02 19:41:16,224 - Step 00099: 946.0098 E_h, exp. variance=5336270.0000 E_h^2, pmove=0.99
2026-06-02 19:41:16,787 - Step 00100: 812.3693 E_h, exp. variance=4994002.0000 E_h^2, pmove=0.99
2026-06-02 19:41:17,357 - Step 00101: 682.0586 E_h, exp. variance=4681913.0000 E_h^2, pmove=0.99
2026-06-02 19:41:17,937 - Step 00102: 856.5216 E_h, exp. variance=4327409.0000 E_h^2, pmove=0.99
2026-06-02 19:41:18,512 - Step 00103: 1191.6731 E_h, exp. variance=3935841.7500 E_h^2, pmove=0.99
2026-06-02 19:41:19,096 - Step 00104: 718.9556 E_h, exp. variance=3647516.7500 E_h^2, pmove=0.99
2026-06-02 19:41:19,673 - Step 00105: 632.3116 E_h, exp. variance=3383880.5000 E_h^2, pmove=0.99
2026-06-02 19:41:20,240 - Step 00106: 1307.5983 E_h, exp. variance=3052481.5000 E_h^2, pmove=0.99
2026-06-02 19:41:20,816 - Step 00107: 564.5031 E_h, exp. variance=2836138.7500 E_h^2, pmove=0.99
2026-06-02 19:41:21,385 - Step 00108: 383.8030 E_h, exp. variance=2656571.7500 E_h^2, pmove=0.99
2026-06-02 19:41:21,950 - Step 00109: 2276.2063 E_h, exp. variance=2467873.0000 E_h^2, pmove=0.99
2026-06-02 19:41:22,512 - Step 00110: 1055.8811 E_h, exp. variance=2234640.2500 E_h^2, pmove=0.99
2026-06-02 19:41:23,072 - Step 00111: 9472.3848 E_h, exp. variance=7868393.0000 E_h^2, pmove=0.99
2026-06-02 19:41:23,633 - Step 00112: 4443.7119 E_h, exp. variance=7529850.5000 E_h^2, pmove=0.99
2026-06-02 19:41:24,203 - Step 00113: 1037.0256 E_h, exp. variance=6952770.5000 E_h^2, pmove=0.99
2026-06-02 19:41:24,783 - Step 00114: 1354.8237 E_h, exp. variance=6337090.5000 E_h^2, pmove=0.99
2026-06-02 19:41:25,371 - Step 00115: 9141.7021 E_h, exp. variance=10038714.0000 E_h^2, pmove=0.99
2026-06-02 19:41:25,951 - Step 00116: 13583.5527 E_h, exp. variance=19316400.0000 E_h^2, pmove=0.99
2026-06-02 19:41:26,525 - Step 00117: 1249.0005 E_h, exp. variance=18048214.0000 E_h^2, pmove=0.99
2026-06-02 19:41:27,094 - Step 00118: 1642.2771 E_h, exp. variance=16621731.0000 E_h^2, pmove=0.99
2026-06-02 19:41:27,669 - Step 00119: 1097.5840 E_h, exp. variance=15473633.0000 E_h^2, pmove=0.99
2026-06-02 19:41:28,241 - Step 00120: 865.2921 E_h, exp. variance=14437465.0000 E_h^2, pmove=1.00
2026-06-02 19:41:28,804 - Step 00121: 4953.2041 E_h, exp. variance=13333482.0000 E_h^2, pmove=1.00
2026-06-02 19:41:29,374 - Step 00122: 435.5635 E_h, exp. variance=12690178.0000 E_h^2, pmove=0.99
2026-06-02 19:41:29,943 - Step 00123: 4539.9678 E_h, exp. variance=11655127.0000 E_h^2, pmove=1.00
2026-06-02 19:41:30,506 - Step 00124: 1812.9551 E_h, exp. variance=10636129.0000 E_h^2, pmove=1.00
2026-06-02 19:41:31,068 - Step 00125: 1240.1875 E_h, exp. variance=9839108.0000 E_h^2, pmove=1.00
2026-06-02 19:41:31,631 - Step 00126: 855.3950 E_h, exp. variance=9191749.0000 E_h^2, pmove=1.00
2026-06-02 19:41:32,208 - Step 00127: 3187.4702 E_h, exp. variance=8304082.0000 E_h^2, pmove=1.00
2026-06-02 19:41:32,795 - Step 00128: 2239.1841 E_h, exp. variance=7489231.5000 E_h^2, pmove=0.99
2026-06-02 19:41:33,378 - Step 00129: 2390.6226 E_h, exp. variance=6744774.0000 E_h^2, pmove=1.00
2026-06-02 19:41:33,953 - Step 00130: 2280.2759 E_h, exp. variance=6078992.0000 E_h^2, pmove=0.99
2026-06-02 19:41:34,520 - Step 00131: 4960.9224 E_h, exp. variance=5989882.5000 E_h^2, pmove=1.00
2026-06-02 19:41:35,083 - Step 00132: 2606.2310 E_h, exp. variance=5394277.0000 E_h^2, pmove=0.99
2026-06-02 19:41:35,644 - Step 00133: 3741.7861 E_h, exp. variance=4937977.0000 E_h^2, pmove=0.99
2026-06-02 19:41:36,204 - Step 00134: 2466.2012 E_h, exp. variance=4459354.5000 E_h^2, pmove=0.99
2026-06-02 19:41:36,764 - Step 00135: 457.4227 E_h, exp. variance=4522505.5000 E_h^2, pmove=0.99
2026-06-02 19:41:37,324 - Step 00136: 3076.1733 E_h, exp. variance=4090839.2500 E_h^2, pmove=0.99
2026-06-02 19:41:37,891 - Step 00137: 2025.7307 E_h, exp. variance=3716354.2500 E_h^2, pmove=0.99
2026-06-02 19:41:38,477 - Step 00138: 934.0680 E_h, exp. variance=3589650.2500 E_h^2, pmove=0.99
2026-06-02 19:41:39,055 - Step 00139: 2698.7607 E_h, exp. variance=3237740.0000 E_h^2, pmove=0.99
2026-06-02 19:41:39,625 - Step 00140: 2614.7197 E_h, exp. variance=2916504.2500 E_h^2, pmove=0.99
2026-06-02 19:41:40,192 - Step 00141: 2308.0356 E_h, exp. variance=2627031.0000 E_h^2, pmove=0.99
2026-06-02 19:41:40,754 - Step 00142: 1030.7368 E_h, exp. variance=2545110.5000 E_h^2, pmove=1.00
2026-06-02 19:41:41,316 - Step 00143: 646.8273 E_h, exp. variance=2538444.0000 E_h^2, pmove=0.99
2026-06-02 19:41:41,885 - Step 00144: 6652.8154 E_h, exp. variance=4117212.7500 E_h^2, pmove=1.00
2026-06-02 19:41:42,469 - Step 00145: 2042.4758 E_h, exp. variance=3732629.0000 E_h^2, pmove=0.99
2026-06-02 19:41:43,052 - Step 00146: 553.9197 E_h, exp. variance=3713187.2500 E_h^2, pmove=0.99
2026-06-02 19:41:43,628 - Step 00147: 772.8156 E_h, exp. variance=3562465.0000 E_h^2, pmove=1.00
2026-06-02 19:41:44,200 - Step 00148: 3527.3665 E_h, exp. variance=3369156.5000 E_h^2, pmove=1.00
2026-06-02 19:41:44,765 - Step 00149: 3104.3655 E_h, exp. variance=3088121.0000 E_h^2, pmove=1.00
2026-06-02 19:41:45,327 - Step 00150: 701.9421 E_h, exp. variance=3037348.2500 E_h^2, pmove=1.00
2026-06-02 19:41:45,908 - Step 00151: 1009.9602 E_h, exp. variance=2866672.7500 E_h^2, pmove=1.00
2026-06-02 19:41:46,486 - Step 00152: 661.1128 E_h, exp. variance=2767451.0000 E_h^2, pmove=0.99
2026-06-02 19:41:47,059 - Step 00153: 696.7382 E_h, exp. variance=2634322.0000 E_h^2, pmove=1.00
2026-06-02 19:41:47,635 - Step 00154: 7592.7715 E_h, exp. variance=5355973.0000 E_h^2, pmove=0.99
2026-06-02 19:41:48,197 - Step 00155: 896.9271 E_h, exp. variance=5026299.0000 E_h^2, pmove=1.00
2026-06-02 19:41:48,767 - Step 00156: 1546.8918 E_h, exp. variance=4569217.0000 E_h^2, pmove=0.99
2026-06-02 19:41:49,331 - Step 00157: 2843.5034 E_h, exp. variance=4151067.2500 E_h^2, pmove=1.00
2026-06-02 19:41:49,893 - Step 00158: 4374.5312 E_h, exp. variance=4141122.7500 E_h^2, pmove=0.99
2026-06-02 19:41:50,478 - Step 00159: 3304.9224 E_h, exp. variance=3790508.7500 E_h^2, pmove=1.00
2026-06-02 19:41:51,085 - Step 00160: 2497.0554 E_h, exp. variance=3411700.0000 E_h^2, pmove=1.00
2026-06-02 19:41:51,672 - Step 00161: 2193.0212 E_h, exp. variance=3081602.0000 E_h^2, pmove=1.00
2026-06-02 19:41:52,248 - Step 00162: 4049.1885 E_h, exp. variance=2987023.5000 E_h^2, pmove=1.00
2026-06-02 19:41:52,819 - Step 00163: 1137.0439 E_h, exp. variance=2897818.7500 E_h^2, pmove=1.00
2026-06-02 19:41:53,384 - Step 00164: 1050.8162 E_h, exp. variance=2799711.5000 E_h^2, pmove=1.00
2026-06-02 19:41:53,948 - Step 00165: 2499.3674 E_h, exp. variance=2521383.7500 E_h^2, pmove=1.00
2026-06-02 19:41:54,510 - Step 00166: 1066.2051 E_h, exp. variance=2424058.5000 E_h^2, pmove=1.00
2026-06-02 19:41:55,070 - Step 00167: 851.5454 E_h, exp. variance=2356807.2500 E_h^2, pmove=1.00
2026-06-02 19:41:55,632 - Step 00168: 1080.2976 E_h, exp. variance=2216013.7500 E_h^2, pmove=1.00
2026-06-02 19:41:56,201 - Step 00169: 1167.0745 E_h, exp. variance=2057514.2500 E_h^2, pmove=1.00
2026-06-02 19:41:56,765 - Step 00170: 694.3408 E_h, exp. variance=1987113.7500 E_h^2, pmove=1.00
2026-06-02 19:41:57,339 - Step 00171: 2436.3286 E_h, exp. variance=1825069.0000 E_h^2, pmove=1.00
2026-06-02 19:41:57,909 - Step 00172: 826.0299 E_h, exp. variance=1739129.2500 E_h^2, pmove=0.99
2026-06-02 19:41:58,489 - Step 00173: 1166.9130 E_h, exp. variance=1596691.3750 E_h^2, pmove=1.00
2026-06-02 19:41:59,066 - Step 00174: 481.5882 E_h, exp. variance=1570443.3750 E_h^2, pmove=0.99
2026-06-02 19:41:59,634 - Step 00175: 1426.8931 E_h, exp. variance=1415437.5000 E_h^2, pmove=0.99
2026-06-02 19:42:00,207 - Step 00176: 1611.1350 E_h, exp. variance=1274107.8750 E_h^2, pmove=1.00
2026-06-02 19:42:00,781 - Step 00177: 1350.8962 E_h, exp. variance=1150908.8750 E_h^2, pmove=0.99
2026-06-02 19:42:01,344 - Step 00178: 1942.0939 E_h, exp. variance=1049967.2500 E_h^2, pmove=0.99
2026-06-02 19:42:01,906 - Step 00179: 7458.7466 E_h, exp. variance=4049796.5000 E_h^2, pmove=0.99
2026-06-02 19:42:02,474 - Step 00180: 3580.7839 E_h, exp. variance=3823287.2500 E_h^2, pmove=0.99
2026-06-02 19:42:03,038 - Step 00181: 1331.0457 E_h, exp. variance=3527812.0000 E_h^2, pmove=0.99
2026-06-02 19:42:03,615 - Step 00182: 2711.6348 E_h, exp. variance=3197213.2500 E_h^2, pmove=0.99
2026-06-02 19:42:04,185 - Step 00183: 5782.6426 E_h, exp. variance=3991248.7500 E_h^2, pmove=0.99
2026-06-02 19:42:04,753 - Step 00184: 1247.5653 E_h, exp. variance=3760807.5000 E_h^2, pmove=0.99
2026-06-02 19:42:05,334 - Step 00185: 5384.1323 E_h, exp. variance=4143942.7500 E_h^2, pmove=0.99
2026-06-02 19:42:05,903 - Step 00186: 5619.3887 E_h, exp. variance=4460187.0000 E_h^2, pmove=0.99
2026-06-02 19:42:06,471 - Step 00187: 508.6570 E_h, exp. variance=4597746.0000 E_h^2, pmove=0.99
2026-06-02 19:42:07,040 - Step 00188: 981.6931 E_h, exp. variance=4435672.5000 E_h^2, pmove=0.99
2026-06-02 19:42:07,602 - Step 00189: 792.9791 E_h, exp. variance=4292049.5000 E_h^2, pmove=0.99
2026-06-02 19:42:08,165 - Step 00190: 1215.6436 E_h, exp. variance=3996877.5000 E_h^2, pmove=0.99
2026-06-02 19:42:08,746 - Step 00191: 890.5476 E_h, exp. variance=3779538.7500 E_h^2, pmove=0.99
2026-06-02 19:42:09,335 - Step 00192: 5076.3105 E_h, exp. variance=4160936.2500 E_h^2, pmove=0.99
2026-06-02 19:42:09,923 - Step 00193: 9922.5625 E_h, exp. variance=8754124.0000 E_h^2, pmove=0.99
2026-06-02 19:42:10,500 - Step 00194: 1661.7975 E_h, exp. variance=8093916.0000 E_h^2, pmove=0.99
2026-06-02 19:42:11,073 - Step 00195: 1475.9744 E_h, exp. variance=7508497.5000 E_h^2, pmove=0.99
2026-06-02 19:42:11,641 - Step 00196: 871.6656 E_h, exp. variance=7126370.0000 E_h^2, pmove=0.99
2026-06-02 19:42:12,204 - Step 00197: 2381.2822 E_h, exp. variance=6422497.0000 E_h^2, pmove=0.99
2026-06-02 19:42:12,768 - Step 00198: 2963.1899 E_h, exp. variance=5788404.5000 E_h^2, pmove=0.99
2026-06-02 19:42:13,344 - Step 00199: 3145.1084 E_h, exp. variance=5228022.0000 E_h^2, pmove=0.99
2026-06-02 19:42:13,917 - Step 00200: 493.3587 E_h, exp. variance=5158486.0000 E_h^2, pmove=0.99
2026-06-02 19:42:14,489 - Step 00201: 397.6309 E_h, exp. variance=5045410.0000 E_h^2, pmove=0.99
2026-06-02 19:42:15,058 - Step 00202: 1260.7355 E_h, exp. variance=4638367.5000 E_h^2, pmove=0.99
2026-06-02 19:42:15,640 - Step 00203: 971.6799 E_h, exp. variance=4309763.5000 E_h^2, pmove=0.99
2026-06-02 19:42:16,215 - Step 00204: 2669.6572 E_h, exp. variance=3910623.2500 E_h^2, pmove=0.99
2026-06-02 19:42:16,786 - Step 00205: 1937.8591 E_h, exp. variance=3523036.5000 E_h^2, pmove=0.99
2026-06-02 19:42:17,350 - Step 00206: 593.0681 E_h, exp. variance=3379122.0000 E_h^2, pmove=0.99
2026-06-02 19:42:17,922 - Step 00207: 1310.7073 E_h, exp. variance=3079451.5000 E_h^2, pmove=0.99
2026-06-02 19:42:18,508 - Step 00208: 3707.9111 E_h, exp. variance=3066530.5000 E_h^2, pmove=0.99
2026-06-02 19:42:19,088 - Step 00209: 3787.3840 E_h, exp. variance=3022725.5000 E_h^2, pmove=0.99
2026-06-02 19:42:19,662 - Step 00210: 1931.2949 E_h, exp. variance=2729555.7500 E_h^2, pmove=0.99
2026-06-02 19:42:20,227 - Step 00211: 820.0898 E_h, exp. variance=2632353.0000 E_h^2, pmove=0.99
2026-06-02 19:42:20,795 - Step 00212: 1418.1919 E_h, exp. variance=2408272.2500 E_h^2, pmove=0.99
2026-06-02 19:42:21,376 - Step 00213: 6842.2949 E_h, exp. variance=4267460.5000 E_h^2, pmove=0.99
2026-06-02 19:42:21,955 - Step 00214: 679.5964 E_h, exp. variance=4137282.7500 E_h^2, pmove=0.99
2026-06-02 19:42:22,534 - Step 00215: 1723.4561 E_h, exp. variance=3754871.0000 E_h^2, pmove=0.99
2026-06-02 19:42:23,103 - Step 00216: 447.6699 E_h, exp. variance=3673152.2500 E_h^2, pmove=0.99
2026-06-02 19:42:23,670 - Step 00217: 2020.5183 E_h, exp. variance=3306091.5000 E_h^2, pmove=0.99
2026-06-02 19:42:24,231 - Step 00218: 551.4879 E_h, exp. variance=3182565.0000 E_h^2, pmove=0.99
2026-06-02 19:42:24,797 - Step 00219: 4209.6660 E_h, exp. variance=3337509.7500 E_h^2, pmove=0.99
2026-06-02 19:42:25,363 - Step 00220: 1154.8180 E_h, exp. variance=3092174.5000 E_h^2, pmove=0.99
2026-06-02 19:42:25,925 - Step 00221: 910.9188 E_h, exp. variance=2899089.7500 E_h^2, pmove=0.99
2026-06-02 19:42:26,488 - Step 00222: 759.0703 E_h, exp. variance=2733267.0000 E_h^2, pmove=0.99
2026-06-02 19:42:27,055 - Step 00223: 1158.1980 E_h, exp. variance=2498865.5000 E_h^2, pmove=0.99
2026-06-02 19:42:27,617 - Step 00224: 2334.6772 E_h, exp. variance=2279736.5000 E_h^2, pmove=0.99
2026-06-02 19:42:28,191 - Step 00225: 5593.8340 E_h, exp. variance=3341322.2500 E_h^2, pmove=0.99
2026-06-02 19:42:28,775 - Step 00226: 1921.9197 E_h, exp. variance=3013517.5000 E_h^2, pmove=0.99
2026-06-02 19:42:29,351 - Step 00227: 807.2294 E_h, exp. variance=2877000.0000 E_h^2, pmove=0.99
2026-06-02 19:42:29,919 - Step 00228: 583.9489 E_h, exp. variance=2776254.5000 E_h^2, pmove=0.99
2026-06-02 19:42:30,483 - Step 00229: 1471.3264 E_h, exp. variance=2513741.0000 E_h^2, pmove=0.99
2026-06-02 19:42:31,045 - Step 00230: 1125.0865 E_h, exp. variance=2308381.2500 E_h^2, pmove=0.99
2026-06-02 19:42:31,609 - Step 00231: 4371.9082 E_h, exp. variance=2687485.0000 E_h^2, pmove=0.99
2026-06-02 19:42:32,186 - Step 00232: 6148.1372 E_h, exp. variance=3945833.5000 E_h^2, pmove=0.99
2026-06-02 19:42:32,761 - Step 00233: 1525.2388 E_h, exp. variance=3626703.2500 E_h^2, pmove=0.99
2026-06-02 19:42:33,328 - Step 00234: 899.0494 E_h, exp. variance=3453323.7500 E_h^2, pmove=0.99
2026-06-02 19:42:33,905 - Step 00235: 1616.3860 E_h, exp. variance=3139096.7500 E_h^2, pmove=0.99
2026-06-02 19:42:34,486 - Step 00236: 3122.5435 E_h, exp. variance=2911104.2500 E_h^2, pmove=0.99
2026-06-02 19:42:35,068 - Step 00237: 1233.9741 E_h, exp. variance=2711660.7500 E_h^2, pmove=0.99
2026-06-02 19:42:35,647 - Step 00238: 2569.6970 E_h, exp. variance=2456937.0000 E_h^2, pmove=0.99
2026-06-02 19:42:36,216 - Step 00239: 1502.3550 E_h, exp. variance=2253185.2500 E_h^2, pmove=0.99
2026-06-02 19:42:36,798 - Step 00240: 2252.3135 E_h, exp. variance=2029520.6250 E_h^2, pmove=0.99
2026-06-02 19:42:37,371 - Step 00241: 2776.9475 E_h, exp. variance=1864201.7500 E_h^2, pmove=0.99
2026-06-02 19:42:37,937 - Step 00242: 731.5543 E_h, exp. variance=1870524.0000 E_h^2, pmove=0.99
2026-06-02 19:42:38,501 - Step 00243: 2051.8691 E_h, exp. variance=1683472.5000 E_h^2, pmove=0.98
2026-06-02 19:42:39,079 - Step 00244: 7318.1489 E_h, exp. variance=4013924.7500 E_h^2, pmove=0.99
2026-06-02 19:42:39,657 - Step 00245: 1268.7000 E_h, exp. variance=3766315.0000 E_h^2, pmove=0.99
2026-06-02 19:42:40,226 - Step 00246: 7403.7822 E_h, exp. variance=5602602.5000 E_h^2, pmove=0.99
2026-06-02 19:42:40,791 - Step 00247: 8882.1074 E_h, exp. variance=8219032.0000 E_h^2, pmove=0.99
2026-06-02 19:42:41,353 - Step 00248: 876.0858 E_h, exp. variance=8033473.5000 E_h^2, pmove=0.99
2026-06-02 19:42:41,923 - Step 00249: 2698.3604 E_h, exp. variance=7259455.5000 E_h^2, pmove=0.99
2026-06-02 19:42:42,502 - Step 00250: 1694.0919 E_h, exp. variance=6740911.0000 E_h^2, pmove=0.99
2026-06-02 19:42:43,079 - Step 00251: 814.7246 E_h, exp. variance=6520667.0000 E_h^2, pmove=0.99
2026-06-02 19:42:43,662 - Step 00252: 1683.4971 E_h, exp. variance=5988096.5000 E_h^2, pmove=0.99
2026-06-02 19:42:44,245 - Step 00253: 804.4790 E_h, exp. variance=5719704.0000 E_h^2, pmove=0.99
2026-06-02 19:42:44,818 - Step 00254: 1038.1144 E_h, exp. variance=5347763.0000 E_h^2, pmove=0.99
2026-06-02 19:42:45,384 - Step 00255: 1402.7856 E_h, exp. variance=4898906.5000 E_h^2, pmove=0.99
2026-06-02 19:42:45,948 - Step 00256: 1040.9094 E_h, exp. variance=4547676.5000 E_h^2, pmove=0.99
2026-06-02 19:42:46,520 - Step 00257: 1000.9508 E_h, exp. variance=4213402.5000 E_h^2, pmove=0.99
2026-06-02 19:42:47,091 - Step 00258: 1189.8854 E_h, exp. variance=3857459.7500 E_h^2, pmove=0.99
2026-06-02 19:42:47,666 - Step 00259: 1433.3774 E_h, exp. variance=3496396.7500 E_h^2, pmove=0.99
2026-06-02 19:42:48,239 - Step 00260: 561.8474 E_h, exp. variance=3309050.7500 E_h^2, pmove=0.99
2026-06-02 19:42:48,824 - Step 00261: 2629.1904 E_h, exp. variance=3044519.7500 E_h^2, pmove=0.99
2026-06-02 19:42:49,404 - Step 00262: 565.7214 E_h, exp. variance=2889970.0000 E_h^2, pmove=0.99
2026-06-02 19:42:49,986 - Step 00263: 1245.8224 E_h, exp. variance=2621831.5000 E_h^2, pmove=0.99
2026-06-02 19:42:50,562 - Step 00264: 669.5062 E_h, exp. variance=2451382.7500 E_h^2, pmove=0.99
2026-06-02 19:42:51,135 - Step 00265: 16076.7432 E_h, exp. variance=21125104.0000 E_h^2, pmove=0.99
2026-06-02 19:42:51,699 - Step 00266: 2413.4387 E_h, exp. variance=19046584.0000 E_h^2, pmove=0.99
2026-06-02 19:42:52,263 - Step 00267: 3833.6318 E_h, exp. variance=17209590.0000 E_h^2, pmove=0.99
2026-06-02 19:42:52,823 - Step 00268: 4568.1851 E_h, exp. variance=15695182.0000 E_h^2, pmove=0.99
2026-06-02 19:42:53,384 - Step 00269: 700.7328 E_h, exp. variance=14689970.0000 E_h^2, pmove=0.99
2026-06-02 19:42:53,949 - Step 00270: 2149.0315 E_h, exp. variance=13279340.0000 E_h^2, pmove=0.99
2026-06-02 19:42:54,516 - Step 00271: 4207.6538 E_h, exp. variance=12111527.0000 E_h^2, pmove=0.99
2026-06-02 19:42:55,109 - Step 00272: 661.7838 E_h, exp. variance=11395460.0000 E_h^2, pmove=0.99
2026-06-02 19:42:55,695 - Step 00273: 800.2343 E_h, exp. variance=10606053.0000 E_h^2, pmove=0.99
2026-06-02 19:42:56,276 - Step 00274: 8314.5469 E_h, exp. variance=12509837.0000 E_h^2, pmove=0.99
2026-06-02 19:42:56,858 - Step 00275: 2412.4868 E_h, exp. variance=11307717.0000 E_h^2, pmove=0.99
2026-06-02 19:42:57,429 - Step 00276: 4264.8735 E_h, exp. variance=10304229.0000 E_h^2, pmove=0.99
2026-06-02 19:42:57,996 - Step 00277: 938.9012 E_h, exp. variance=9731728.0000 E_h^2, pmove=0.99
2026-06-02 19:42:58,560 - Step 00278: 1479.1965 E_h, exp. variance=8958311.0000 E_h^2, pmove=0.99
2026-06-02 19:42:59,139 - Step 00279: 1877.7279 E_h, exp. variance=8142391.5000 E_h^2, pmove=1.00
2026-06-02 19:42:59,715 - Step 00280: 809.9481 E_h, exp. variance=7658492.0000 E_h^2, pmove=0.99
2026-06-02 19:43:00,283 - Step 00281: 700.4429 E_h, exp. variance=7195284.5000 E_h^2, pmove=0.99
2026-06-02 19:43:00,846 - Step 00282: 869.0948 E_h, exp. variance=6673354.0000 E_h^2, pmove=1.00
2026-06-02 19:43:01,408 - Step 00283: 3112.8777 E_h, exp. variance=6080584.0000 E_h^2, pmove=0.99
2026-06-02 19:43:01,982 - Step 00284: 1180.3931 E_h, exp. variance=5584072.0000 E_h^2, pmove=1.00
2026-06-02 19:43:02,566 - Step 00285: 2632.6155 E_h, exp. variance=5043911.5000 E_h^2, pmove=0.99
2026-06-02 19:43:03,144 - Step 00286: 2284.0374 E_h, exp. variance=4539809.0000 E_h^2, pmove=1.00
2026-06-02 19:43:03,714 - Step 00287: 1646.5725 E_h, exp. variance=4116783.0000 E_h^2, pmove=1.00
2026-06-02 19:43:04,279 - Step 00288: 1515.8527 E_h, exp. variance=3744135.5000 E_h^2, pmove=1.00
2026-06-02 19:43:04,848 - Step 00289: 18548.7578 E_h, exp. variance=27694988.0000 E_h^2, pmove=1.00
2026-06-02 19:43:05,414 - Step 00290: 1296.1714 E_h, exp. variance=25468536.0000 E_h^2, pmove=1.00
2026-06-02 19:43:05,988 - Step 00291: 526.8968 E_h, exp. variance=23720932.0000 E_h^2, pmove=1.00
2026-06-02 19:43:06,561 - Step 00292: 2180.7825 E_h, exp. variance=21443974.0000 E_h^2, pmove=1.00
2026-06-02 19:43:07,145 - Step 00293: 1431.1146 E_h, exp. variance=19552080.0000 E_h^2, pmove=1.00
2026-06-02 19:43:07,725 - Step 00294: 5534.3525 E_h, exp. variance=18203282.0000 E_h^2, pmove=1.00
2026-06-02 19:43:08,301 - Step 00295: 739.8258 E_h, exp. variance=16926870.0000 E_h^2, pmove=1.00
2026-06-02 19:43:08,869 - Step 00296: 3872.4089 E_h, exp. variance=15310369.0000 E_h^2, pmove=1.00
2026-06-02 19:43:09,449 - Step 00297: 2780.7019 E_h, exp. variance=13785588.0000 E_h^2, pmove=1.00
2026-06-02 19:43:10,031 - Step 00298: 596.3798 E_h, exp. variance=12934805.0000 E_h^2, pmove=1.00
2026-06-02 19:43:10,602 - Step 00299: 9681.9814 E_h, exp. variance=15933871.0000 E_h^2, pmove=1.00
2026-06-02 19:43:11,169 - Step 00300: 6142.7539 E_h, exp. variance=14985121.0000 E_h^2, pmove=1.00
2026-06-02 19:43:11,732 - Step 00301: 684.9362 E_h, exp. variance=14323360.0000 E_h^2, pmove=1.00
2026-06-02 19:43:12,302 - Step 00302: 1350.2010 E_h, exp. variance=13280010.0000 E_h^2, pmove=0.99
2026-06-02 19:43:12,881 - Step 00303: 1684.5740 E_h, exp. variance=12164536.0000 E_h^2, pmove=0.99
2026-06-02 19:43:13,450 - Step 00304: 3279.2537 E_h, exp. variance=10952114.0000 E_h^2, pmove=1.00
2026-06-02 19:43:14,015 - Step 00305: 916.5050 E_h, exp. variance=10281585.0000 E_h^2, pmove=0.99
2026-06-02 19:43:14,579 - Step 00306: 1509.9058 E_h, exp. variance=9420289.0000 E_h^2, pmove=0.99
2026-06-02 19:43:15,154 - Step 00307: 539.9711 E_h, exp. variance=8912041.0000 E_h^2, pmove=1.00
2026-06-02 19:43:15,745 - Step 00308: 879.8547 E_h, exp. variance=8261714.5000 E_h^2, pmove=0.99
2026-06-02 19:43:16,327 - Step 00309: 463.6640 E_h, exp. variance=7756545.5000 E_h^2, pmove=0.99
2026-06-02 19:43:16,903 - Step 00310: 3943.2092 E_h, exp. variance=7265993.0000 E_h^2, pmove=0.99
2026-06-02 19:43:17,476 - Step 00311: 631.7018 E_h, exp. variance=6802457.5000 E_h^2, pmove=0.99
2026-06-02 19:43:18,051 - Step 00312: 855.5833 E_h, exp. variance=6277797.5000 E_h^2, pmove=1.00
2026-06-02 19:43:18,623 - Step 00313: 746.0953 E_h, exp. variance=5800442.0000 E_h^2, pmove=0.99
2026-06-02 19:43:19,192 - Step 00314: 651.0869 E_h, exp. variance=5362952.0000 E_h^2, pmove=0.99
2026-06-02 19:43:19,757 - Step 00315: 1487.4349 E_h, exp. variance=4834560.5000 E_h^2, pmove=1.00
2026-06-02 19:43:20,328 - Step 00316: 1849.0311 E_h, exp. variance=4351915.0000 E_h^2, pmove=1.00
2026-06-02 19:43:20,908 - Step 00317: 4815.5200 E_h, exp. variance=4754985.0000 E_h^2, pmove=1.00
2026-06-02 19:43:21,497 - Step 00318: 6092.3755 E_h, exp. variance=5736496.0000 E_h^2, pmove=0.99
2026-06-02 19:43:22,076 - Step 00319: 4042.0603 E_h, exp. variance=5384937.0000 E_h^2, pmove=1.00
2026-06-02 19:43:22,644 - Step 00320: 1941.6001 E_h, exp. variance=4888879.0000 E_h^2, pmove=0.99
2026-06-02 19:43:23,208 - Step 00321: 754.0941 E_h, exp. variance=4693377.0000 E_h^2, pmove=0.99
2026-06-02 19:43:23,780 - Step 00322: 6235.7285 E_h, exp. variance=5562698.5000 E_h^2, pmove=1.00
2026-06-02 19:43:24,358 - Step 00323: 1651.3674 E_h, exp. variance=5117987.5000 E_h^2, pmove=0.99
2026-06-02 19:43:24,938 - Step 00324: 1836.1509 E_h, exp. variance=4666296.5000 E_h^2, pmove=0.99
2026-06-02 19:43:25,517 - Step 00325: 1615.5890 E_h, exp. variance=4281933.0000 E_h^2, pmove=0.99
2026-06-02 19:43:26,084 - Step 00326: 9393.4453 E_h, exp. variance=8160271.0000 E_h^2, pmove=0.99
2026-06-02 19:43:26,661 - Step 00327: 1212.9677 E_h, exp. variance=7688163.5000 E_h^2, pmove=1.00
2026-06-02 19:43:27,233 - Step 00328: 1351.1389 E_h, exp. variance=7155884.0000 E_h^2, pmove=0.99
2026-06-02 19:43:27,799 - Step 00329: 1110.3401 E_h, exp. variance=6700350.0000 E_h^2, pmove=0.99
2026-06-02 19:43:28,375 - Step 00330: 4651.6982 E_h, exp. variance=6394464.0000 E_h^2, pmove=1.00
2026-06-02 19:43:28,952 - Step 00331: 1146.3721 E_h, exp. variance=6013584.5000 E_h^2, pmove=1.00
2026-06-02 19:43:29,532 - Step 00332: 6306.6006 E_h, exp. variance=6601248.5000 E_h^2, pmove=0.99
2026-06-02 19:43:30,109 - Step 00333: 1084.9044 E_h, exp. variance=6283498.5000 E_h^2, pmove=0.99
2026-06-02 19:43:30,690 - Step 00334: 1653.0667 E_h, exp. variance=5782003.0000 E_h^2, pmove=0.99
2026-06-02 19:43:31,270 - Step 00335: 1156.5858 E_h, exp. variance=5424227.5000 E_h^2, pmove=0.99
2026-06-02 19:43:31,840 - Step 00336: 784.4458 E_h, exp. variance=5167160.5000 E_h^2, pmove=0.99
2026-06-02 19:43:32,412 - Step 00337: 2317.9927 E_h, exp. variance=4650873.0000 E_h^2, pmove=0.99
2026-06-02 19:43:32,979 - Step 00338: 1172.3033 E_h, exp. variance=4317076.0000 E_h^2, pmove=0.99
2026-06-02 19:43:33,543 - Step 00339: 1766.7821 E_h, exp. variance=3907202.2500 E_h^2, pmove=0.99
2026-06-02 19:43:34,116 - Step 00340: 1145.7609 E_h, exp. variance=3618430.0000 E_h^2, pmove=1.00
2026-06-02 19:43:34,695 - Step 00341: 528.3481 E_h, exp. variance=3479925.7500 E_h^2, pmove=0.99
2026-06-02 19:43:35,270 - Step 00342: 8332.7617 E_h, exp. variance=6802971.5000 E_h^2, pmove=0.99
2026-06-02 19:43:35,837 - Step 00343: 900.7539 E_h, exp. variance=6377908.0000 E_h^2, pmove=1.00
2026-06-02 19:43:36,400 - Step 00344: 999.2011 E_h, exp. variance=5920871.0000 E_h^2, pmove=1.00
2026-06-02 19:43:36,966 - Step 00345: 549.4576 E_h, exp. variance=5596651.5000 E_h^2, pmove=1.00
2026-06-02 19:43:37,546 - Step 00346: 2490.0254 E_h, exp. variance=5050527.5000 E_h^2, pmove=1.00
2026-06-02 19:43:38,123 - Step 00347: 2205.9233 E_h, exp. variance=4545855.0000 E_h^2, pmove=1.00
2026-06-02 19:43:38,694 - Step 00348: 2335.4329 E_h, exp. variance=4094450.5000 E_h^2, pmove=0.99
2026-06-02 19:43:39,274 - Step 00349: 983.0386 E_h, exp. variance=3810999.0000 E_h^2, pmove=0.99
2026-06-02 19:43:39,851 - Step 00350: 562.0394 E_h, exp. variance=3628601.2500 E_h^2, pmove=1.00
2026-06-02 19:43:40,420 - Step 00351: 6959.5220 E_h, exp. variance=5570248.5000 E_h^2, pmove=1.00
2026-06-02 19:43:40,993 - Step 00352: 2337.1904 E_h, exp. variance=5013641.5000 E_h^2, pmove=0.99
2026-06-02 19:43:41,566 - Step 00353: 6260.7197 E_h, exp. variance=5854766.0000 E_h^2, pmove=1.00
2026-06-02 19:43:42,147 - Step 00354: 971.6663 E_h, exp. variance=5565142.0000 E_h^2, pmove=1.00
2026-06-02 19:43:42,727 - Step 00355: 1095.4324 E_h, exp. variance=5213295.0000 E_h^2, pmove=0.99
2026-06-02 19:43:43,295 - Step 00356: 405.6995 E_h, exp. variance=5069061.0000 E_h^2, pmove=1.00
2026-06-02 19:43:43,871 - Step 00357: 4201.5122 E_h, exp. variance=4905634.0000 E_h^2, pmove=1.00
2026-06-02 19:43:44,441 - Step 00358: 583.7098 E_h, exp. variance=4726297.0000 E_h^2, pmove=1.00
2026-06-02 19:43:45,015 - Step 00359: 2103.1484 E_h, exp. variance=4255807.0000 E_h^2, pmove=0.99
2026-06-02 19:43:45,606 - Step 00360: 518.6381 E_h, exp. variance=4097499.7500 E_h^2, pmove=0.99
2026-06-02 19:43:46,191 - Step 00361: 730.5773 E_h, exp. variance=3849116.2500 E_h^2, pmove=1.00
2026-06-02 19:43:46,771 - Step 00362: 1619.4376 E_h, exp. variance=3473206.0000 E_h^2, pmove=0.99
2026-06-02 19:43:47,339 - Step 00363: 341.6729 E_h, exp. variance=3345581.7500 E_h^2, pmove=0.99
2026-06-02 19:43:47,902 - Step 00364: 910.4290 E_h, exp. variance=3074134.7500 E_h^2, pmove=1.00
2026-06-02 19:43:48,463 - Step 00365: 433.7996 E_h, exp. variance=2902945.7500 E_h^2, pmove=0.99
2026-06-02 19:43:49,035 - Step 00366: 526.5100 E_h, exp. variance=2705288.7500 E_h^2, pmove=0.99
2026-06-02 19:43:49,616 - Step 00367: 11061.3584 E_h, exp. variance=10766795.0000 E_h^2, pmove=0.99
2026-06-02 19:43:50,191 - Step 00368: 1389.8608 E_h, exp. variance=9782273.0000 E_h^2, pmove=0.99
2026-06-02 19:43:50,759 - Step 00369: 7515.5371 E_h, exp. variance=11251659.0000 E_h^2, pmove=0.99
2026-06-02 19:43:51,323 - Step 00370: 5148.1514 E_h, exp. variance=10613447.0000 E_h^2, pmove=0.99
2026-06-02 19:43:51,888 - Step 00371: 494.4791 E_h, exp. variance=10142023.0000 E_h^2, pmove=0.99
2026-06-02 19:43:52,472 - Step 00372: 1792.0822 E_h, exp. variance=9219010.0000 E_h^2, pmove=0.99
2026-06-02 19:43:53,043 - Step 00373: 1471.0059 E_h, exp. variance=8432607.0000 E_h^2, pmove=0.99
2026-06-02 19:43:53,612 - Step 00374: 7416.9805 E_h, exp. variance=9699106.0000 E_h^2, pmove=0.99
2026-06-02 19:43:54,183 - Step 00375: 1692.2689 E_h, exp. variance=8897429.0000 E_h^2, pmove=0.99
2026-06-02 19:43:54,755 - Step 00376: 1135.9004 E_h, exp. variance=8295042.5000 E_h^2, pmove=0.99
2026-06-02 19:43:55,331 - Step 00377: 5822.0059 E_h, exp. variance=8318169.5000 E_h^2, pmove=0.99
2026-06-02 19:43:55,903 - Step 00378: 547.1888 E_h, exp. variance=8050958.0000 E_h^2, pmove=0.99
2026-06-02 19:43:56,471 - Step 00379: 2408.4187 E_h, exp. variance=7259760.5000 E_h^2, pmove=1.00
2026-06-02 19:43:57,036 - Step 00380: 1639.2041 E_h, exp. variance=6647264.5000 E_h^2, pmove=1.00
2026-06-02 19:43:57,601 - Step 00381: 7108.3647 E_h, exp. variance=7771622.0000 E_h^2, pmove=1.00
2026-06-02 19:43:58,189 - Step 00382: 456.1540 E_h, exp. variance=7621491.5000 E_h^2, pmove=1.00
2026-06-02 19:43:58,769 - Step 00383: 3398.9438 E_h, exp. variance=6888299.5000 E_h^2, pmove=1.00
2026-06-02 19:43:59,346 - Step 00384: 1331.5400 E_h, exp. variance=6417622.5000 E_h^2, pmove=1.00
2026-06-02 19:43:59,917 - Step 00385: 2110.5593 E_h, exp. variance=5810700.5000 E_h^2, pmove=1.00
2026-06-02 19:44:00,481 - Step 00386: 2887.0330 E_h, exp. variance=5233849.0000 E_h^2, pmove=1.00
2026-06-02 19:44:01,047 - Step 00387: 1576.7230 E_h, exp. variance=4822445.5000 E_h^2, pmove=1.00
2026-06-02 19:44:01,617 - Step 00388: 726.2273 E_h, exp. variance=4649694.5000 E_h^2, pmove=1.00
2026-06-02 19:44:02,205 - Step 00389: 1116.7896 E_h, exp. variance=4331813.5000 E_h^2, pmove=1.00
2026-06-02 19:44:02,789 - Step 00390: 1023.2642 E_h, exp. variance=4037930.0000 E_h^2, pmove=1.00
2026-06-02 19:44:03,364 - Step 00391: 3563.5378 E_h, exp. variance=3815765.0000 E_h^2, pmove=1.00
2026-06-02 19:44:03,945 - Step 00392: 3647.3218 E_h, exp. variance=3601220.5000 E_h^2, pmove=1.00
2026-06-02 19:44:04,521 - Step 00393: 3657.0071 E_h, exp. variance=3378540.2500 E_h^2, pmove=0.99
2026-06-02 19:44:05,091 - Step 00394: 7108.6235 E_h, exp. variance=4915240.0000 E_h^2, pmove=0.99
2026-06-02 19:44:05,671 - Step 00395: 3883.0791 E_h, exp. variance=4493711.0000 E_h^2, pmove=0.99
2026-06-02 19:44:06,244 - Step 00396: 1432.8735 E_h, exp. variance=4291301.5000 E_h^2, pmove=0.99
2026-06-02 19:44:06,813 - Step 00397: 476.1777 E_h, exp. variance=4401317.5000 E_h^2, pmove=0.99
2026-06-02 19:44:07,377 - Step 00398: 903.4851 E_h, exp. variance=4244898.5000 E_h^2, pmove=0.99
2026-06-02 19:44:07,962 - Step 00399: 3133.4546 E_h, exp. variance=3856360.0000 E_h^2, pmove=0.99
2026-06-02 19:44:08,557 - Step 00400: 962.8792 E_h, exp. variance=3701628.2500 E_h^2, pmove=0.99
2026-06-02 19:44:09,142 - Step 00401: 880.2426 E_h, exp. variance=3540555.2500 E_h^2, pmove=0.99
2026-06-02 19:44:09,719 - Step 00402: 3361.6875 E_h, exp. variance=3297319.5000 E_h^2, pmove=0.99
2026-06-02 19:44:10,292 - Step 00403: 1029.6461 E_h, exp. variance=3127592.2500 E_h^2, pmove=0.99
2026-06-02 19:44:10,875 - Step 00404: 1134.1216 E_h, exp. variance=2922852.0000 E_h^2, pmove=0.99
2026-06-02 19:44:11,455 - Step 00405: 1030.7271 E_h, exp. variance=2737374.5000 E_h^2, pmove=0.99
2026-06-02 19:44:12,027 - Step 00406: 7375.2334 E_h, exp. variance=5053222.0000 E_h^2, pmove=0.99
2026-06-02 19:44:12,591 - Step 00407: 6209.6436 E_h, exp. variance=5754865.5000 E_h^2, pmove=0.99
2026-06-02 19:44:13,154 - Step 00408: 851.4583 E_h, exp. variance=5562165.5000 E_h^2, pmove=0.99
2026-06-02 19:44:13,735 - Step 00409: 2797.6567 E_h, exp. variance=5006679.5000 E_h^2, pmove=0.99
2026-06-02 19:44:14,306 - Step 00410: 773.0865 E_h, exp. variance=4845950.0000 E_h^2, pmove=0.99
2026-06-02 19:44:14,875 - Step 00411: 2243.4453 E_h, exp. variance=4368349.0000 E_h^2, pmove=0.99
2026-06-02 19:44:15,455 - Step 00412: 819.9835 E_h, exp. variance=4183825.5000 E_h^2, pmove=0.99
2026-06-02 19:44:16,027 - Step 00413: 652.7578 E_h, exp. variance=4017691.2500 E_h^2, pmove=0.99
2026-06-02 19:44:16,594 - Step 00414: 3452.2344 E_h, exp. variance=3766329.2500 E_h^2, pmove=0.99
2026-06-02 19:44:17,157 - Step 00415: 810.1355 E_h, exp. variance=3586466.5000 E_h^2, pmove=0.99
2026-06-02 19:44:17,731 - Step 00416: 751.1246 E_h, exp. variance=3401652.5000 E_h^2, pmove=0.99
2026-06-02 19:44:18,311 - Step 00417: 895.9626 E_h, exp. variance=3171570.5000 E_h^2, pmove=0.99
2026-06-02 19:44:18,883 - Step 00418: 1569.9905 E_h, exp. variance=2863706.5000 E_h^2, pmove=0.99
2026-06-02 19:44:19,451 - Step 00419: 824.2234 E_h, exp. variance=2673740.5000 E_h^2, pmove=0.99
2026-06-02 19:44:20,038 - Step 00420: 923.7814 E_h, exp. variance=2468653.7500 E_h^2, pmove=0.99
2026-06-02 19:44:20,617 - Step 00421: 1487.2705 E_h, exp. variance=2224876.5000 E_h^2, pmove=0.99
2026-06-02 19:44:21,187 - Step 00422: 1249.5413 E_h, exp. variance=2017110.3750 E_h^2, pmove=0.99
2026-06-02 19:44:21,752 - Step 00423: 2497.7163 E_h, exp. variance=1885758.8750 E_h^2, pmove=0.99
2026-06-02 19:44:22,313 - Step 00424: 3972.0642 E_h, exp. variance=2160988.5000 E_h^2, pmove=0.99
2026-06-02 19:44:22,889 - Step 00425: 9698.9512 E_h, exp. variance=7378430.0000 E_h^2, pmove=0.99
2026-06-02 19:44:23,486 - Step 00426: 848.2122 E_h, exp. variance=6951199.0000 E_h^2, pmove=0.99
2026-06-02 19:44:24,072 - Step 00427: 8238.6406 E_h, exp. variance=9199141.0000 E_h^2, pmove=0.99
2026-06-02 19:44:24,648 - Step 00428: 1907.0725 E_h, exp. variance=8405598.0000 E_h^2, pmove=0.99
2026-06-02 19:44:25,222 - Step 00429: 3191.8647 E_h, exp. variance=7569328.5000 E_h^2, pmove=0.99
2026-06-02 19:44:25,793 - Step 00430: 2089.9624 E_h, exp. variance=6886174.5000 E_h^2, pmove=0.99
2026-06-02 19:44:26,356 - Step 00431: 1015.8241 E_h, exp. variance=6518708.0000 E_h^2, pmove=0.99
2026-06-02 19:44:26,921 - Step 00432: 2454.4082 E_h, exp. variance=5872992.5000 E_h^2, pmove=0.99
2026-06-02 19:44:27,502 - Step 00433: 557.5725 E_h, exp. variance=5694860.0000 E_h^2, pmove=0.99
2026-06-02 19:44:28,078 - Step 00434: 1897.0438 E_h, exp. variance=5155599.0000 E_h^2, pmove=0.99
2026-06-02 19:44:28,649 - Step 00435: 4824.3916 E_h, exp. variance=5160941.5000 E_h^2, pmove=0.99
2026-06-02 19:44:29,216 - Step 00436: 7460.9189 E_h, exp. variance=6719946.0000 E_h^2, pmove=0.99
2026-06-02 19:44:29,780 - Step 00437: 777.5312 E_h, exp. variance=6549991.5000 E_h^2, pmove=0.99
2026-06-02 19:44:30,345 - Step 00438: 435.8120 E_h, exp. variance=6442901.5000 E_h^2, pmove=0.99
2026-06-02 19:44:30,920 - Step 00439: 2622.2742 E_h, exp. variance=5798716.0000 E_h^2, pmove=0.99
2026-06-02 19:44:31,499 - Step 00440: 1385.2922 E_h, exp. variance=5363487.0000 E_h^2, pmove=0.99
2026-06-02 19:44:32,073 - Step 00441: 735.2766 E_h, exp. variance=5115821.0000 E_h^2, pmove=0.99
2026-06-02 19:44:32,642 - Step 00442: 9641.7598 E_h, exp. variance=9393256.0000 E_h^2, pmove=0.99
2026-06-02 19:44:33,216 - Step 00443: 1457.4675 E_h, exp. variance=8689877.0000 E_h^2, pmove=0.99
2026-06-02 19:44:33,817 - Step 00444: 1002.8602 E_h, exp. variance=8149850.0000 E_h^2, pmove=0.99
2026-06-02 19:44:34,399 - Step 00445: 5260.3486 E_h, exp. variance=7914062.5000 E_h^2, pmove=0.99
2026-06-02 19:44:34,977 - Step 00446: 370.8356 E_h, exp. variance=7734037.5000 E_h^2, pmove=0.99
2026-06-02 19:44:35,544 - Step 00447: 1591.0138 E_h, exp. variance=7074651.0000 E_h^2, pmove=0.99
2026-06-02 19:44:36,109 - Step 00448: 1332.1362 E_h, exp. variance=6512774.5000 E_h^2, pmove=0.99
2026-06-02 19:44:36,686 - Step 00449: 1074.9231 E_h, exp. variance=6038375.0000 E_h^2, pmove=0.99
2026-06-02 19:44:37,255 - Step 00450: 2690.8779 E_h, exp. variance=5445831.5000 E_h^2, pmove=0.99
2026-06-02 19:44:37,821 - Step 00451: 2471.8071 E_h, exp. variance=4902143.5000 E_h^2, pmove=0.99
2026-06-02 19:44:38,385 - Step 00452: 1407.6482 E_h, exp. variance=4497377.0000 E_h^2, pmove=0.99
2026-06-02 19:44:38,968 - Step 00453: 4919.5767 E_h, exp. variance=4672522.0000 E_h^2, pmove=0.99
2026-06-02 19:44:39,549 - Step 00454: 1985.6598 E_h, exp. variance=4233739.5000 E_h^2, pmove=0.99
2026-06-02 19:44:40,120 - Step 00455: 926.4824 E_h, exp. variance=4030898.2500 E_h^2, pmove=0.99
2026-06-02 19:44:40,686 - Step 00456: 2470.8564 E_h, exp. variance=3629461.7500 E_h^2, pmove=0.99
2026-06-02 19:44:41,249 - Step 00457: 1474.3434 E_h, exp. variance=3335346.5000 E_h^2, pmove=0.99
2026-06-02 19:44:41,821 - Step 00458: 499.9923 E_h, exp. variance=3281046.2500 E_h^2, pmove=0.99
2026-06-02 19:44:42,394 - Step 00459: 1280.8340 E_h, exp. variance=3011182.2500 E_h^2, pmove=0.99
2026-06-02 19:44:42,978 - Step 00460: 2407.2939 E_h, exp. variance=2724642.2500 E_h^2, pmove=0.99
2026-06-02 19:44:43,556 - Step 00461: 7111.4019 E_h, exp. variance=4762269.0000 E_h^2, pmove=0.99
2026-06-02 19:44:44,123 - Step 00462: 632.7473 E_h, exp. variance=4617458.5000 E_h^2, pmove=0.99
2026-06-02 19:44:44,688 - Step 00463: 634.9814 E_h, exp. variance=4423465.5000 E_h^2, pmove=0.99
2026-06-02 19:44:45,283 - Step 00464: 2220.9285 E_h, exp. variance=3981220.5000 E_h^2, pmove=0.99
2026-06-02 19:44:45,864 - Step 00465: 990.0637 E_h, exp. variance=3712833.2500 E_h^2, pmove=0.99
2026-06-02 19:44:46,444 - Step 00466: 840.1873 E_h, exp. variance=3477807.7500 E_h^2, pmove=0.99
2026-06-02 19:44:47,013 - Step 00467: 6404.1821 E_h, exp. variance=4917542.5000 E_h^2, pmove=0.99
2026-06-02 19:44:47,579 - Step 00468: 1730.6162 E_h, exp. variance=4465305.0000 E_h^2, pmove=0.99
2026-06-02 19:44:48,142 - Step 00469: 1958.0038 E_h, exp. variance=4031027.5000 E_h^2, pmove=0.99
2026-06-02 19:44:48,704 - Step 00470: 905.5269 E_h, exp. variance=3800454.2500 E_h^2, pmove=0.99
2026-06-02 19:44:49,273 - Step 00471: 1520.7742 E_h, exp. variance=3456226.5000 E_h^2, pmove=0.99
2026-06-02 19:44:49,858 - Step 00472: 2324.4932 E_h, exp. variance=3115614.2500 E_h^2, pmove=0.99
2026-06-02 19:44:50,439 - Step 00473: 8490.8945 E_h, exp. variance=6466022.5000 E_h^2, pmove=0.99
2026-06-02 19:44:51,011 - Step 00474: 991.5514 E_h, exp. variance=6097716.5000 E_h^2, pmove=0.99
2026-06-02 19:44:51,579 - Step 00475: 2514.4199 E_h, exp. variance=5488266.0000 E_h^2, pmove=0.99
2026-06-02 19:44:52,150 - Step 00476: 2202.9709 E_h, exp. variance=4951444.0000 E_h^2, pmove=0.99
2026-06-02 19:44:52,715 - Step 00477: 969.6866 E_h, exp. variance=4675880.5000 E_h^2, pmove=0.99
2026-06-02 19:44:53,290 - Step 00478: 855.5507 E_h, exp. variance=4416206.5000 E_h^2, pmove=0.99
2026-06-02 19:44:53,858 - Step 00479: 3716.8687 E_h, exp. variance=4175304.7500 E_h^2, pmove=0.98
2026-06-02 19:44:54,425 - Step 00480: 934.6799 E_h, exp. variance=3943916.0000 E_h^2, pmove=0.98
2026-06-02 19:44:55,020 - Step 00481: 2240.9399 E_h, exp. variance=3549537.2500 E_h^2, pmove=0.98
2026-06-02 19:44:55,603 - Step 00482: 4573.9761 E_h, exp. variance=3688980.0000 E_h^2, pmove=0.98
2026-06-02 19:44:56,181 - Step 00483: 603.5114 E_h, exp. variance=3631802.2500 E_h^2, pmove=0.98
2026-06-02 19:44:56,751 - Step 00484: 991.8386 E_h, exp. variance=3417609.5000 E_h^2, pmove=0.98
2026-06-02 19:44:57,315 - Step 00485: 1038.9034 E_h, exp. variance=3186918.0000 E_h^2, pmove=0.98
2026-06-02 19:44:57,885 - Step 00486: 992.5212 E_h, exp. variance=2966733.2500 E_h^2, pmove=0.98
2026-06-02 19:44:58,446 - Step 00487: 3769.6240 E_h, exp. variance=2973284.5000 E_h^2, pmove=0.98
2026-06-02 19:44:59,009 - Step 00488: 873.1815 E_h, exp. variance=2815339.0000 E_h^2, pmove=0.98
2026-06-02 19:44:59,571 - Step 00489: 1196.7264 E_h, exp. variance=2590898.7500 E_h^2, pmove=0.98
2026-06-02 19:45:00,137 - Step 00490: 684.7958 E_h, exp. variance=2467695.0000 E_h^2, pmove=0.98
2026-06-02 19:45:00,700 - Step 00491: 2709.3401 E_h, exp. variance=2296879.7500 E_h^2, pmove=0.98
2026-06-02 19:45:01,269 - Step 00492: 816.6295 E_h, exp. variance=2169447.5000 E_h^2, pmove=0.98
2026-06-02 19:45:01,834 - Step 00493: 2658.7295 E_h, exp. variance=2022639.0000 E_h^2, pmove=0.98
2026-06-02 19:45:02,400 - Step 00494: 4814.1260 E_h, exp. variance=2603544.2500 E_h^2, pmove=0.98
2026-06-02 19:45:02,971 - Step 00495: 1398.6288 E_h, exp. variance=2395254.7500 E_h^2, pmove=0.98
2026-06-02 19:45:03,554 - Step 00496: 2120.5188 E_h, exp. variance=2155854.7500 E_h^2, pmove=0.98
2026-06-02 19:45:04,132 - Step 00497: 4394.3857 E_h, exp. variance=2419474.5000 E_h^2, pmove=0.99
2026-06-02 19:45:04,731 - Step 00498: 1579.8860 E_h, exp. variance=2226513.0000 E_h^2, pmove=0.99
2026-06-02 19:45:05,315 - Step 00499: 6597.0146 E_h, exp. variance=3709349.7500 E_h^2, pmove=0.99
2026-06-02 19:45:05,316 - Switching optimizer from Adam to KFAC at step 500.
2026-06-02 19:45:05,316 - Unregularized parameters masking info (for curvature calculations and L2 regularization)
2026-06-02 19:45:05,316 -   Not masking out (DictKey(key='embed'), DictKey(key='b'))
2026-06-02 19:45:05,316 -   Not masking out (DictKey(key='embed'), DictKey(key='w'))
2026-06-02 19:45:05,316 -   Not masking out (DictKey(key='phi'), SequenceKey(idx=0), SequenceKey(idx=0), DictKey(key='b'))
2026-06-02 19:45:05,316 -   Not masking out (DictKey(key='phi'), SequenceKey(idx=0), SequenceKey(idx=0), DictKey(key='w'))
2026-06-02 19:45:05,316 -   Not masking out (DictKey(key='phi'), SequenceKey(idx=0), SequenceKey(idx=1), DictKey(key='b'))
2026-06-02 19:45:05,316 -   Not masking out (DictKey(key='phi'), SequenceKey(idx=0), SequenceKey(idx=1), DictKey(key='w'))
2026-06-02 19:45:05,316 -   Not masking out (DictKey(key='phi'), SequenceKey(idx=1), SequenceKey(idx=0), DictKey(key='b'))
2026-06-02 19:45:05,316 -   Not masking out (DictKey(key='phi'), SequenceKey(idx=1), SequenceKey(idx=0), DictKey(key='w'))
2026-06-02 19:45:05,316 -   Not masking out (DictKey(key='phi'), SequenceKey(idx=1), SequenceKey(idx=1), DictKey(key='b'))
2026-06-02 19:45:05,316 -   Not masking out (DictKey(key='phi'), SequenceKey(idx=1), SequenceKey(idx=1), DictKey(key='w'))
2026-06-02 19:45:05,316 -   Not masking out (DictKey(key='phi'), SequenceKey(idx=2), SequenceKey(idx=0), DictKey(key='b'))
2026-06-02 19:45:05,316 -   Not masking out (DictKey(key='phi'), SequenceKey(idx=2), SequenceKey(idx=0), DictKey(key='w'))
2026-06-02 19:45:05,316 -   Not masking out (DictKey(key='phi'), SequenceKey(idx=2), SequenceKey(idx=1), DictKey(key='b'))
2026-06-02 19:45:05,317 -   Not masking out (DictKey(key='phi'), SequenceKey(idx=2), SequenceKey(idx=1), DictKey(key='w'))
2026-06-02 19:45:05,317 -   Not masking out (DictKey(key='rho'), SequenceKey(idx=0), DictKey(key='b'))
2026-06-02 19:45:05,317 -   Not masking out (DictKey(key='rho'), SequenceKey(idx=0), DictKey(key='w'))
2026-06-02 19:45:05,317 -   Not masking out (DictKey(key='rho'), SequenceKey(idx=1), DictKey(key='b'))
2026-06-02 19:45:05,317 -   Not masking out (DictKey(key='rho'), SequenceKey(idx=1), DictKey(key='w'))
2026-06-02 19:45:05,317 -   Not masking out (DictKey(key='transformer'), SequenceKey(idx=0), DictKey(key='attn_ln'), DictKey(key='offset'))
2026-06-02 19:45:05,317 -   Not masking out (DictKey(key='transformer'), SequenceKey(idx=0), DictKey(key='attn_ln'), DictKey(key='scale'))
2026-06-02 19:45:05,317 -   Not masking out (DictKey(key='transformer'), SequenceKey(idx=0), DictKey(key='ff1'), DictKey(key='b'))
2026-06-02 19:45:05,317 -   Not masking out (DictKey(key='transformer'), SequenceKey(idx=0), DictKey(key='ff1'), DictKey(key='w'))
2026-06-02 19:45:05,317 -   Not masking out (DictKey(key='transformer'), SequenceKey(idx=0), DictKey(key='ff2'), DictKey(key='b'))
2026-06-02 19:45:05,317 -   Not masking out (DictKey(key='transformer'), SequenceKey(idx=0), DictKey(key='ff2'), DictKey(key='w'))
2026-06-02 19:45:05,317 -   Not masking out (DictKey(key='transformer'), SequenceKey(idx=0), DictKey(key='ff_ln'), DictKey(key='offset'))
2026-06-02 19:45:05,317 -   Not masking out (DictKey(key='transformer'), SequenceKey(idx=0), DictKey(key='ff_ln'), DictKey(key='scale'))
2026-06-02 19:45:05,317 -   Not masking out (DictKey(key='transformer'), SequenceKey(idx=0), DictKey(key='k_w'))
2026-06-02 19:45:05,317 -   Not masking out (DictKey(key='transformer'), SequenceKey(idx=0), DictKey(key='out_w'))
2026-06-02 19:45:05,317 -   Not masking out (DictKey(key='transformer'), SequenceKey(idx=0), DictKey(key='q_w'))
2026-06-02 19:45:05,317 -   Not masking out (DictKey(key='transformer'), SequenceKey(idx=0), DictKey(key='v_w'))
2026-06-02 19:45:05,317 -   Not masking out (DictKey(key='transformer'), SequenceKey(idx=1), DictKey(key='attn_ln'), DictKey(key='offset'))
2026-06-02 19:45:05,317 -   Not masking out (DictKey(key='transformer'), SequenceKey(idx=1), DictKey(key='attn_ln'), DictKey(key='scale'))
2026-06-02 19:45:05,317 -   Not masking out (DictKey(key='transformer'), SequenceKey(idx=1), DictKey(key='ff1'), DictKey(key='b'))
2026-06-02 19:45:05,317 -   Not masking out (DictKey(key='transformer'), SequenceKey(idx=1), DictKey(key='ff1'), DictKey(key='w'))
2026-06-02 19:45:05,317 -   Not masking out (DictKey(key='transformer'), SequenceKey(idx=1), DictKey(key='ff2'), DictKey(key='b'))
2026-06-02 19:45:05,317 -   Not masking out (DictKey(key='transformer'), SequenceKey(idx=1), DictKey(key='ff2'), DictKey(key='w'))
2026-06-02 19:45:05,317 -   Not masking out (DictKey(key='transformer'), SequenceKey(idx=1), DictKey(key='ff_ln'), DictKey(key='offset'))
2026-06-02 19:45:05,317 -   Not masking out (DictKey(key='transformer'), SequenceKey(idx=1), DictKey(key='ff_ln'), DictKey(key='scale'))
2026-06-02 19:45:05,317 -   Not masking out (DictKey(key='transformer'), SequenceKey(idx=1), DictKey(key='k_w'))
2026-06-02 19:45:05,317 -   Not masking out (DictKey(key='transformer'), SequenceKey(idx=1), DictKey(key='out_w'))
2026-06-02 19:45:05,317 -   Not masking out (DictKey(key='transformer'), SequenceKey(idx=1), DictKey(key='q_w'))
2026-06-02 19:45:05,317 -   Not masking out (DictKey(key='transformer'), SequenceKey(idx=1), DictKey(key='v_w'))
2026-06-02 19:45:05,317 -   Not masking out (DictKey(key='transformer'), SequenceKey(idx=2), DictKey(key='attn_ln'), DictKey(key='offset'))
2026-06-02 19:45:05,317 -   Not masking out (DictKey(key='transformer'), SequenceKey(idx=2), DictKey(key='attn_ln'), DictKey(key='scale'))
2026-06-02 19:45:05,317 -   Not masking out (DictKey(key='transformer'), SequenceKey(idx=2), DictKey(key='ff1'), DictKey(key='b'))
2026-06-02 19:45:05,317 -   Not masking out (DictKey(key='transformer'), SequenceKey(idx=2), DictKey(key='ff1'), DictKey(key='w'))
2026-06-02 19:45:05,317 -   Not masking out (DictKey(key='transformer'), SequenceKey(idx=2), DictKey(key='ff2'), DictKey(key='b'))
2026-06-02 19:45:05,317 -   Not masking out (DictKey(key='transformer'), SequenceKey(idx=2), DictKey(key='ff2'), DictKey(key='w'))
2026-06-02 19:45:05,318 -   Not masking out (DictKey(key='transformer'), SequenceKey(idx=2), DictKey(key='ff_ln'), DictKey(key='offset'))
2026-06-02 19:45:05,318 -   Not masking out (DictKey(key='transformer'), SequenceKey(idx=2), DictKey(key='ff_ln'), DictKey(key='scale'))
2026-06-02 19:45:05,318 -   Not masking out (DictKey(key='transformer'), SequenceKey(idx=2), DictKey(key='k_w'))
2026-06-02 19:45:05,318 -   Not masking out (DictKey(key='transformer'), SequenceKey(idx=2), DictKey(key='out_w'))
2026-06-02 19:45:05,318 -   Not masking out (DictKey(key='transformer'), SequenceKey(idx=2), DictKey(key='q_w'))
2026-06-02 19:45:05,318 -   Not masking out (DictKey(key='transformer'), SequenceKey(idx=2), DictKey(key='v_w'))
2026-06-02 19:45:07,190 - ==================================================
2026-06-02 19:45:07,190 - Graph parameter registrations:
2026-06-02 19:45:07,191 - {'embed': {'b': 'Auto[tag_variant=repeated_dense(0)|match_type=repeated_dense1_with_bias]',
2026-06-02 19:45:07,191 -            'w': 'Auto[tag_variant=repeated_dense(0)|match_type=repeated_dense1_with_bias]'},
2026-06-02 19:45:07,191 -  'ln': [],
2026-06-02 19:45:07,191 -  'phi': [[{'b': 'Auto[generic(0)]', 'w': 'Auto[generic(1)]'},
2026-06-02 19:45:07,191 -           {'b': 'Auto[generic(2)]', 'w': 'Auto[generic(3)]'}],
2026-06-02 19:45:07,191 -          [{'b': 'Auto[generic(4)]', 'w': 'Auto[generic(5)]'},
2026-06-02 19:45:07,191 -           {'b': 'Auto[generic(6)]', 'w': 'Auto[generic(7)]'}],
2026-06-02 19:45:07,191 -          [{'b': 'Auto[generic(8)]', 'w': 'Auto[generic(9)]'},
2026-06-02 19:45:07,191 -           {'b': 'Auto[generic(10)]', 'w': 'Auto[generic(11)]'}]],
2026-06-02 19:45:07,191 -  'rho': [{'b': 'Auto[tag_variant=dense(0)|match_type=dense_with_bias_no_reshape]',
2026-06-02 19:45:07,191 -           'w': 'Auto[tag_variant=dense(0)|match_type=dense_with_bias_no_reshape]'},
2026-06-02 19:45:07,191 -          {'b': 'Auto[tag_variant=dense(1)|match_type=dense_with_bias_no_reshape]',
2026-06-02 19:45:07,191 -           'w': 'Auto[tag_variant=dense(1)|match_type=dense_with_bias_no_reshape]'}],
2026-06-02 19:45:07,191 -  'transformer': [{'attn_ln': {'offset': 'Auto[tag_variant=scale_and_shift(0)|match_type=normalization_haiku_broadcast_1]',
2026-06-02 19:45:07,191 -                               'scale': 'Auto[tag_variant=scale_and_shift(0)|match_type=normalization_haiku_broadcast_1]'},
2026-06-02 19:45:07,191 -                   'ff1': {'b': 'Auto[tag_variant=repeated_dense(5)|match_type=repeated_dense1_with_bias]',
2026-06-02 19:45:07,191 -                           'w': 'Auto[tag_variant=repeated_dense(5)|match_type=repeated_dense1_with_bias]'},
2026-06-02 19:45:07,191 -                   'ff2': {'b': 'Auto[tag_variant=repeated_dense(6)|match_type=repeated_dense1_with_bias]',
2026-06-02 19:45:07,191 -                           'w': 'Auto[tag_variant=repeated_dense(6)|match_type=repeated_dense1_with_bias]'},
2026-06-02 19:45:07,191 -                   'ff_ln': {'offset': 'Auto[tag_variant=scale_and_shift(1)|match_type=normalization_haiku_broadcast_1]',
2026-06-02 19:45:07,191 -                             'scale': 'Auto[tag_variant=scale_and_shift(1)|match_type=normalization_haiku_broadcast_1]'},
2026-06-02 19:45:07,191 -                   'k_w': 'Auto[tag_variant=repeated_dense(2)|match_type=repeated_dense1_no_bias]',
2026-06-02 19:45:07,191 -                   'out_w': 'Auto[tag_variant=repeated_dense(4)|match_type=repeated_dense1_no_bias]',
2026-06-02 19:45:07,191 -                   'q_w': 'Auto[tag_variant=repeated_dense(1)|match_type=repeated_dense1_no_bias]',
2026-06-02 19:45:07,191 -                   'v_w': 'Auto[tag_variant=repeated_dense(3)|match_type=repeated_dense1_no_bias]'},
2026-06-02 19:45:07,191 -                  {'attn_ln': {'offset': 'Auto[tag_variant=scale_and_shift(2)|match_type=normalization_haiku_broadcast_1]',
2026-06-02 19:45:07,191 -                               'scale': 'Auto[tag_variant=scale_and_shift(2)|match_type=normalization_haiku_broadcast_1]'},
2026-06-02 19:45:07,191 -                   'ff1': {'b': 'Auto[tag_variant=repeated_dense(11)|match_type=repeated_dense1_with_bias]',
2026-06-02 19:45:07,191 -                           'w': 'Auto[tag_variant=repeated_dense(11)|match_type=repeated_dense1_with_bias]'},
2026-06-02 19:45:07,191 -                   'ff2': {'b': 'Auto[tag_variant=repeated_dense(12)|match_type=repeated_dense1_with_bias]',
2026-06-02 19:45:07,191 -                           'w': 'Auto[tag_variant=repeated_dense(12)|match_type=repeated_dense1_with_bias]'},
2026-06-02 19:45:07,191 -                   'ff_ln': {'offset': 'Auto[tag_variant=scale_and_shift(3)|match_type=normalization_haiku_broadcast_1]',
2026-06-02 19:45:07,191 -                             'scale': 'Auto[tag_variant=scale_and_shift(3)|match_type=normalization_haiku_broadcast_1]'},
2026-06-02 19:45:07,191 -                   'k_w': 'Auto[tag_variant=repeated_dense(8)|match_type=repeated_dense1_no_bias]',
2026-06-02 19:45:07,191 -                   'out_w': 'Auto[tag_variant=repeated_dense(10)|match_type=repeated_dense1_no_bias]',
2026-06-02 19:45:07,191 -                   'q_w': 'Auto[tag_variant=repeated_dense(7)|match_type=repeated_dense1_no_bias]',
2026-06-02 19:45:07,191 -                   'v_w': 'Auto[tag_variant=repeated_dense(9)|match_type=repeated_dense1_no_bias]'},
2026-06-02 19:45:07,191 -                  {'attn_ln': {'offset': 'Auto[tag_variant=scale_and_shift(4)|match_type=normalization_haiku_broadcast_1]',
2026-06-02 19:45:07,191 -                               'scale': 'Auto[tag_variant=scale_and_shift(4)|match_type=normalization_haiku_broadcast_1]'},
2026-06-02 19:45:07,191 -                   'ff1': {'b': 'Auto[tag_variant=repeated_dense(17)|match_type=repeated_dense1_with_bias]',
2026-06-02 19:45:07,192 -                           'w': 'Auto[tag_variant=repeated_dense(17)|match_type=repeated_dense1_with_bias]'},
2026-06-02 19:45:07,192 -                   'ff2': {'b': 'Auto[tag_variant=repeated_dense(18)|match_type=repeated_dense1_with_bias]',
2026-06-02 19:45:07,192 -                           'w': 'Auto[tag_variant=repeated_dense(18)|match_type=repeated_dense1_with_bias]'},
2026-06-02 19:45:07,192 -                   'ff_ln': {'offset': 'Auto[tag_variant=scale_and_shift(5)|match_type=normalization_haiku_broadcast_1]',
2026-06-02 19:45:07,192 -                             'scale': 'Auto[tag_variant=scale_and_shift(5)|match_type=normalization_haiku_broadcast_1]'},
2026-06-02 19:45:07,192 -                   'k_w': 'Auto[tag_variant=repeated_dense(14)|match_type=repeated_dense1_no_bias]',
2026-06-02 19:45:07,192 -                   'out_w': 'Auto[tag_variant=repeated_dense(16)|match_type=repeated_dense1_no_bias]',
2026-06-02 19:45:07,192 -                   'q_w': 'Auto[tag_variant=repeated_dense(13)|match_type=repeated_dense1_no_bias]',
2026-06-02 19:45:07,192 -                   'v_w': 'Auto[tag_variant=repeated_dense(15)|match_type=repeated_dense1_no_bias]'}]}
2026-06-02 19:45:07,192 - ==================================================
2026-06-02 19:45:07,203 - Graph registered losses:
2026-06-02 19:45:07,204 - NormalMeanNegativeLogProbLoss(mean=Var(id=140647496630464):float32[2048,1], variance=Literal(0.5), weight=Literal(1.0), normalize_log_prob=Literal(True))
2026-06-02 19:45:07,204 - ==================================================
2026-06-02 19:45:07,205 - BlockDiagonalCurvature blocks:
2026-06-02 19:45:07,205 - RepeatedDenseBlock(parameter_specs=['ab -> (a)b', 'a -> 1a'], parameters_concat_axis=0), tag name: Auto[tag_variant=repeated_dense(0)|match_type=repeated_dense1_with_bias], params shapes: ((5, 64), (64,))
2026-06-02 19:45:07,205 - NaiveDiagonal, tag name: Auto[generic(0)], params shapes: ((64,),)
2026-06-02 19:45:07,206 - NaiveDiagonal, tag name: Auto[generic(1)], params shapes: ((64, 64),)
2026-06-02 19:45:07,206 - NaiveDiagonal, tag name: Auto[generic(2)], params shapes: ((64,),)
2026-06-02 19:45:07,206 - NaiveDiagonal, tag name: Auto[generic(3)], params shapes: ((64, 64),)
2026-06-02 19:45:07,206 - NaiveDiagonal, tag name: Auto[generic(4)], params shapes: ((64,),)
2026-06-02 19:45:07,206 - NaiveDiagonal, tag name: Auto[generic(5)], params shapes: ((64, 64),)
2026-06-02 19:45:07,206 - NaiveDiagonal, tag name: Auto[generic(6)], params shapes: ((64,),)
2026-06-02 19:45:07,206 - NaiveDiagonal, tag name: Auto[generic(7)], params shapes: ((64, 64),)
2026-06-02 19:45:07,206 - NaiveDiagonal, tag name: Auto[generic(8)], params shapes: ((64,),)
2026-06-02 19:45:07,206 - NaiveDiagonal, tag name: Auto[generic(9)], params shapes: ((64, 64),)
2026-06-02 19:45:07,206 - NaiveDiagonal, tag name: Auto[generic(10)], params shapes: ((64,),)
2026-06-02 19:45:07,206 - NaiveDiagonal, tag name: Auto[generic(11)], params shapes: ((64, 64),)
2026-06-02 19:45:07,206 - DenseTwoKroneckerFactored(parameter_specs=['ab -> (a)b', 'a -> 1a'], parameters_concat_axis=0), tag name: Auto[tag_variant=dense(0)|match_type=dense_with_bias_no_reshape], params shapes: ((64, 64), (64,))
2026-06-02 19:45:07,206 - DenseTwoKroneckerFactored(parameter_specs=['ab -> (a)b', 'a -> 1a'], parameters_concat_axis=0), tag name: Auto[tag_variant=dense(1)|match_type=dense_with_bias_no_reshape], params shapes: ((64, 1), (1,))
2026-06-02 19:45:07,207 - ScaleAndShiftDiagonal, tag name: Auto[tag_variant=scale_and_shift(0)|match_type=normalization_haiku_broadcast_1], params shapes: ((64,), (64,))
2026-06-02 19:45:07,207 - RepeatedDenseBlock(parameter_specs=['ab -> (a)b', 'a -> 1a'], parameters_concat_axis=0), tag name: Auto[tag_variant=repeated_dense(5)|match_type=repeated_dense1_with_bias], params shapes: ((64, 256), (256,))
2026-06-02 19:45:07,207 - RepeatedDenseBlock(parameter_specs=['ab -> (a)b', 'a -> 1a'], parameters_concat_axis=0), tag name: Auto[tag_variant=repeated_dense(6)|match_type=repeated_dense1_with_bias], params shapes: ((256, 64), (64,))
2026-06-02 19:45:07,207 - ScaleAndShiftDiagonal, tag name: Auto[tag_variant=scale_and_shift(1)|match_type=normalization_haiku_broadcast_1], params shapes: ((64,), (64,))
2026-06-02 19:45:07,207 - RepeatedDenseBlock(parameter_specs=['ab -> (a)b'], parameters_concat_axis=0), tag name: Auto[tag_variant=repeated_dense(2)|match_type=repeated_dense1_no_bias], params shapes: ((64, 64),)
2026-06-02 19:45:07,207 - RepeatedDenseBlock(parameter_specs=['ab -> (a)b'], parameters_concat_axis=0), tag name: Auto[tag_variant=repeated_dense(4)|match_type=repeated_dense1_no_bias], params shapes: ((64, 64),)
2026-06-02 19:45:07,207 - RepeatedDenseBlock(parameter_specs=['ab -> (a)b'], parameters_concat_axis=0), tag name: Auto[tag_variant=repeated_dense(1)|match_type=repeated_dense1_no_bias], params shapes: ((64, 64),)
2026-06-02 19:45:07,207 - RepeatedDenseBlock(parameter_specs=['ab -> (a)b'], parameters_concat_axis=0), tag name: Auto[tag_variant=repeated_dense(3)|match_type=repeated_dense1_no_bias], params shapes: ((64, 64),)
2026-06-02 19:45:07,207 - ScaleAndShiftDiagonal, tag name: Auto[tag_variant=scale_and_shift(2)|match_type=normalization_haiku_broadcast_1], params shapes: ((64,), (64,))
2026-06-02 19:45:07,207 - RepeatedDenseBlock(parameter_specs=['ab -> (a)b', 'a -> 1a'], parameters_concat_axis=0), tag name: Auto[tag_variant=repeated_dense(11)|match_type=repeated_dense1_with_bias], params shapes: ((64, 256), (256,))
2026-06-02 19:45:07,208 - RepeatedDenseBlock(parameter_specs=['ab -> (a)b', 'a -> 1a'], parameters_concat_axis=0), tag name: Auto[tag_variant=repeated_dense(12)|match_type=repeated_dense1_with_bias], params shapes: ((256, 64), (64,))
2026-06-02 19:45:07,208 - ScaleAndShiftDiagonal, tag name: Auto[tag_variant=scale_and_shift(3)|match_type=normalization_haiku_broadcast_1], params shapes: ((64,), (64,))
2026-06-02 19:45:07,208 - RepeatedDenseBlock(parameter_specs=['ab -> (a)b'], parameters_concat_axis=0), tag name: Auto[tag_variant=repeated_dense(8)|match_type=repeated_dense1_no_bias], params shapes: ((64, 64),)
2026-06-02 19:45:07,208 - RepeatedDenseBlock(parameter_specs=['ab -> (a)b'], parameters_concat_axis=0), tag name: Auto[tag_variant=repeated_dense(10)|match_type=repeated_dense1_no_bias], params shapes: ((64, 64),)
2026-06-02 19:45:07,208 - RepeatedDenseBlock(parameter_specs=['ab -> (a)b'], parameters_concat_axis=0), tag name: Auto[tag_variant=repeated_dense(7)|match_type=repeated_dense1_no_bias], params shapes: ((64, 64),)
2026-06-02 19:45:07,208 - RepeatedDenseBlock(parameter_specs=['ab -> (a)b'], parameters_concat_axis=0), tag name: Auto[tag_variant=repeated_dense(9)|match_type=repeated_dense1_no_bias], params shapes: ((64, 64),)
2026-06-02 19:45:07,208 - ScaleAndShiftDiagonal, tag name: Auto[tag_variant=scale_and_shift(4)|match_type=normalization_haiku_broadcast_1], params shapes: ((64,), (64,))
2026-06-02 19:45:07,208 - RepeatedDenseBlock(parameter_specs=['ab -> (a)b', 'a -> 1a'], parameters_concat_axis=0), tag name: Auto[tag_variant=repeated_dense(17)|match_type=repeated_dense1_with_bias], params shapes: ((64, 256), (256,))
2026-06-02 19:45:07,208 - RepeatedDenseBlock(parameter_specs=['ab -> (a)b', 'a -> 1a'], parameters_concat_axis=0), tag name: Auto[tag_variant=repeated_dense(18)|match_type=repeated_dense1_with_bias], params shapes: ((256, 64), (64,))
2026-06-02 19:45:07,208 - ScaleAndShiftDiagonal, tag name: Auto[tag_variant=scale_and_shift(5)|match_type=normalization_haiku_broadcast_1], params shapes: ((64,), (64,))
2026-06-02 19:45:07,209 - RepeatedDenseBlock(parameter_specs=['ab -> (a)b'], parameters_concat_axis=0), tag name: Auto[tag_variant=repeated_dense(14)|match_type=repeated_dense1_no_bias], params shapes: ((64, 64),)
2026-06-02 19:45:07,209 - RepeatedDenseBlock(parameter_specs=['ab -> (a)b'], parameters_concat_axis=0), tag name: Auto[tag_variant=repeated_dense(16)|match_type=repeated_dense1_no_bias], params shapes: ((64, 64),)
2026-06-02 19:45:07,209 - RepeatedDenseBlock(parameter_specs=['ab -> (a)b'], parameters_concat_axis=0), tag name: Auto[tag_variant=repeated_dense(13)|match_type=repeated_dense1_no_bias], params shapes: ((64, 64),)
2026-06-02 19:45:07,209 - RepeatedDenseBlock(parameter_specs=['ab -> (a)b'], parameters_concat_axis=0), tag name: Auto[tag_variant=repeated_dense(15)|match_type=repeated_dense1_no_bias], params shapes: ((64, 64),)
2026-06-02 19:45:07,209 - ==================================================
2026-06-02 19:45:19,253 - Step 00500: 2139.1277 E_h, exp. variance=3364664.2500 E_h^2, pmove=0.99
2026-06-02 19:45:19,894 - Step 00501: 1349.2998 E_h, exp. variance=3174705.7500 E_h^2, pmove=0.99
2026-06-02 19:45:20,532 - Step 00502: 2964.4895 E_h, exp. variance=2876854.7500 E_h^2, pmove=0.99
2026-06-02 19:45:21,171 - Step 00503: 2478.9194 E_h, exp. variance=2589553.7500 E_h^2, pmove=0.97
2026-06-02 19:45:21,809 - Step 00504: 1768.2690 E_h, exp. variance=2383886.7500 E_h^2, pmove=0.97
2026-06-02 19:45:22,448 - Step 00505: 1159.1982 E_h, exp. variance=2297972.5000 E_h^2, pmove=0.96
2026-06-02 19:45:23,087 - Step 00506: 1607.1658 E_h, exp. variance=2115282.2500 E_h^2, pmove=0.95
2026-06-02 19:45:23,724 - Step 00507: 2211.3506 E_h, exp. variance=1903952.2500 E_h^2, pmove=0.94
2026-06-02 19:45:24,361 - Step 00508: 1075.2722 E_h, exp. variance=1838517.2500 E_h^2, pmove=0.94
2026-06-02 19:45:24,999 - Step 00509: 847.0740 E_h, exp. variance=1804130.3750 E_h^2, pmove=0.93
2026-06-02 19:45:25,636 - Step 00510: 610.3971 E_h, exp. variance=1799235.8750 E_h^2, pmove=0.96
2026-06-02 19:45:26,274 - Step 00511: 581.7828 E_h, exp. variance=1768029.3750 E_h^2, pmove=0.96
2026-06-02 19:45:26,911 - Step 00512: 1649.1249 E_h, exp. variance=1591948.5000 E_h^2, pmove=0.96
2026-06-02 19:45:27,549 - Step 00513: 1221.3228 E_h, exp. variance=1456017.6250 E_h^2, pmove=0.96
2026-06-02 19:45:28,185 - Step 00514: 484.9373 E_h, exp. variance=1438715.0000 E_h^2, pmove=0.96
2026-06-02 19:45:28,822 - Step 00515: 3262.5869 E_h, exp. variance=1555888.0000 E_h^2, pmove=0.95
2026-06-02 19:45:29,460 - Step 00516: 4637.8354 E_h, exp. variance=2161393.2500 E_h^2, pmove=0.96
2026-06-02 19:45:30,098 - Step 00517: 1065.4033 E_h, exp. variance=2027372.3750 E_h^2, pmove=0.96
2026-06-02 19:45:30,737 - Step 00518: 1657.9119 E_h, exp. variance=1831059.8750 E_h^2, pmove=0.96
2026-06-02 19:45:31,376 - Step 00519: 2252.5430 E_h, exp. variance=1659243.0000 E_h^2, pmove=0.96
2026-06-02 19:45:32,014 - Step 00520: 1092.5576 E_h, exp. variance=1557009.3750 E_h^2, pmove=0.97
2026-06-02 19:45:32,652 - Step 00521: 2031.2549 E_h, exp. variance=1404276.0000 E_h^2, pmove=0.96
2026-06-02 19:45:33,290 - Step 00522: 808.5559 E_h, exp. variance=1364833.3750 E_h^2, pmove=0.95
2026-06-02 19:45:33,928 - Step 00523: 2411.7422 E_h, exp. variance=1266356.5000 E_h^2, pmove=0.96
2026-06-02 19:45:34,565 - Step 00524: 1176.1475 E_h, exp. variance=1177832.0000 E_h^2, pmove=0.96
2026-06-02 19:45:35,202 - Step 00525: 594.4729 E_h, exp. variance=1182689.6250 E_h^2, pmove=0.96
2026-06-02 19:45:35,839 - Step 00526: 1127.1265 E_h, exp. variance=1088565.1250 E_h^2, pmove=0.95
2026-06-02 19:45:36,476 - Step 00527: 8634.6572 E_h, exp. variance=5441996.5000 E_h^2, pmove=0.94
2026-06-02 19:45:37,116 - Step 00528: 2785.1160 E_h, exp. variance=4919203.0000 E_h^2, pmove=0.94
2026-06-02 19:45:37,754 - Step 00529: 840.1660 E_h, exp. variance=4631412.0000 E_h^2, pmove=0.94
2026-06-02 19:45:38,391 - Step 00530: 1572.5590 E_h, exp. variance=4203205.5000 E_h^2, pmove=0.94
2026-06-02 19:45:39,029 - Step 00531: 930.7452 E_h, exp. variance=3913033.7500 E_h^2, pmove=0.94
2026-06-02 19:45:39,666 - Step 00532: 829.8069 E_h, exp. variance=3647731.7500 E_h^2, pmove=0.93
2026-06-02 19:45:40,305 - Step 00533: 3352.2319 E_h, exp. variance=3474152.5000 E_h^2, pmove=0.91
2026-06-02 19:45:40,942 - Step 00534: 668.2275 E_h, exp. variance=3296209.2500 E_h^2, pmove=0.93
2026-06-02 19:45:41,581 - Step 00535: 9890.8291 E_h, exp. variance=8708735.0000 E_h^2, pmove=0.93
2026-06-02 19:45:42,220 - Step 00536: 686.0900 E_h, exp. variance=8203610.5000 E_h^2, pmove=0.93
2026-06-02 19:45:42,860 - Step 00537: 2979.2927 E_h, exp. variance=7403889.5000 E_h^2, pmove=0.94
2026-06-02 19:45:43,499 - Step 00538: 2310.8066 E_h, exp. variance=6668576.5000 E_h^2, pmove=0.93
2026-06-02 19:45:44,137 - Step 00539: 1013.6205 E_h, exp. variance=6207179.0000 E_h^2, pmove=0.92
2026-06-02 19:45:44,774 - Step 00540: 3110.4963 E_h, exp. variance=5635352.0000 E_h^2, pmove=0.92
2026-06-02 19:45:45,412 - Step 00541: 873.0953 E_h, exp. variance=5294807.0000 E_h^2, pmove=0.91
2026-06-02 19:45:46,050 - Step 00542: 831.6388 E_h, exp. variance=4956674.5000 E_h^2, pmove=0.92
2026-06-02 19:45:46,688 - Step 00543: 2135.9258 E_h, exp. variance=4461013.0000 E_h^2, pmove=0.92
2026-06-02 19:45:47,326 - Step 00544: 2178.4700 E_h, exp. variance=4015024.0000 E_h^2, pmove=0.91
2026-06-02 19:45:47,963 - Step 00545: 7380.1362 E_h, exp. variance=6078545.5000 E_h^2, pmove=0.89
2026-06-02 19:45:48,602 - Step 00546: 1571.4575 E_h, exp. variance=5579306.0000 E_h^2, pmove=0.90
2026-06-02 19:45:49,240 - Step 00547: 9841.7227 E_h, exp. variance=9793276.0000 E_h^2, pmove=0.90
2026-06-02 19:45:49,879 - Step 00548: 785.7993 E_h, exp. variance=9377582.0000 E_h^2, pmove=0.92
2026-06-02 19:45:50,517 - Step 00549: 1145.5354 E_h, exp. variance=8762174.0000 E_h^2, pmove=0.92
2026-06-02 19:45:51,155 - Step 00550: 1502.3895 E_h, exp. variance=8049114.0000 E_h^2, pmove=0.92
2026-06-02 19:45:51,792 - Step 00551: 253.4910 E_h, exp. variance=7789147.0000 E_h^2, pmove=0.91
2026-06-02 19:45:52,429 - Step 00552: 1016.0741 E_h, exp. variance=7199987.0000 E_h^2, pmove=0.91
2026-06-02 19:45:53,067 - Step 00553: 3608.2646 E_h, exp. variance=6628683.0000 E_h^2, pmove=0.92
2026-06-02 19:45:53,705 - Step 00554: 253.0478 E_h, exp. variance=6400776.5000 E_h^2, pmove=0.91
2026-06-02 19:45:54,345 - Step 00555: 679.3110 E_h, exp. variance=5977562.0000 E_h^2, pmove=0.90
2026-06-02 19:45:54,983 - Step 00556: 549.9146 E_h, exp. variance=5589511.0000 E_h^2, pmove=0.91
2026-06-02 19:45:55,620 - Step 00557: 1956.0349 E_h, exp. variance=5030654.0000 E_h^2, pmove=0.89
2026-06-02 19:45:56,259 - Step 00558: 679.2080 E_h, exp. variance=4667707.0000 E_h^2, pmove=0.88
2026-06-02 19:45:56,896 - Step 00559: 2140.8169 E_h, exp. variance=4211257.0000 E_h^2, pmove=0.89
2026-06-02 19:45:57,534 - Step 00560: 2126.7224 E_h, exp. variance=3797735.7500 E_h^2, pmove=0.90
2026-06-02 19:45:58,174 - Step 00561: 948.7859 E_h, exp. variance=3493530.7500 E_h^2, pmove=0.90
2026-06-02 19:45:58,814 - Step 00562: 2335.3926 E_h, exp. variance=3172594.7500 E_h^2, pmove=0.90
2026-06-02 19:45:59,452 - Step 00563: 735.3349 E_h, exp. variance=2963116.5000 E_h^2, pmove=0.91
2026-06-02 19:46:00,093 - Step 00564: 1588.0509 E_h, exp. variance=2668377.2500 E_h^2, pmove=0.92
2026-06-02 19:46:00,731 - Step 00565: 468.2100 E_h, exp. variance=2539657.5000 E_h^2, pmove=0.91
2026-06-02 19:46:01,369 - Step 00566: 503.9901 E_h, exp. variance=2390501.7500 E_h^2, pmove=0.91
2026-06-02 19:46:02,007 - Step 00567: 1183.9382 E_h, exp. variance=2159087.7500 E_h^2, pmove=0.91
2026-06-02 19:46:02,645 - Step 00568: 4945.1548 E_h, exp. variance=3045087.2500 E_h^2, pmove=0.91
2026-06-02 19:46:03,283 - Step 00569: 375.1259 E_h, exp. variance=2922277.7500 E_h^2, pmove=0.91
2026-06-02 19:46:03,923 - Step 00570: 864.2049 E_h, exp. variance=2686177.2500 E_h^2, pmove=0.91
2026-06-02 19:46:04,562 - Step 00571: 877.4537 E_h, exp. variance=2461343.5000 E_h^2, pmove=0.90
2026-06-02 19:46:05,201 - Step 00572: 1337.6968 E_h, exp. variance=2217734.0000 E_h^2, pmove=0.90
2026-06-02 19:46:05,839 - Step 00573: 3842.0625 E_h, exp. variance=2494517.5000 E_h^2, pmove=0.91
2026-06-02 19:46:06,478 - Step 00574: 1391.2524 E_h, exp. variance=2255019.0000 E_h^2, pmove=0.92
2026-06-02 19:46:07,116 - Step 00575: 5540.9541 E_h, exp. variance=3363822.0000 E_h^2, pmove=0.92
2026-06-02 19:46:07,754 - Step 00576: 932.7772 E_h, exp. variance=3144981.7500 E_h^2, pmove=0.91
2026-06-02 19:46:08,395 - Step 00577: 1366.5186 E_h, exp. variance=2862323.2500 E_h^2, pmove=0.91
2026-06-02 19:46:09,032 - Step 00578: 7129.6494 E_h, exp. variance=5035799.5000 E_h^2, pmove=0.91
2026-06-02 19:46:09,670 - Step 00579: 1318.5399 E_h, exp. variance=4642325.0000 E_h^2, pmove=0.91
2026-06-02 19:46:10,309 - Step 00580: 2906.9316 E_h, exp. variance=4209733.0000 E_h^2, pmove=0.92
2026-06-02 19:46:10,947 - Step 00581: 1613.9861 E_h, exp. variance=3840649.5000 E_h^2, pmove=0.92
2026-06-02 19:46:11,585 - Step 00582: 1750.5190 E_h, exp. variance=3483498.2500 E_h^2, pmove=0.91
2026-06-02 19:46:12,223 - Step 00583: 1318.8700 E_h, exp. variance=3211956.7500 E_h^2, pmove=0.89
2026-06-02 19:46:12,863 - Step 00584: 5454.0308 E_h, exp. variance=3873078.0000 E_h^2, pmove=0.89
2026-06-02 19:46:13,501 - Step 00585: 1004.9005 E_h, exp. variance=3681781.5000 E_h^2, pmove=0.90
2026-06-02 19:46:14,139 - Step 00586: 4355.3687 E_h, exp. variance=3681666.0000 E_h^2, pmove=0.89
2026-06-02 19:46:14,779 - Step 00587: 386.5930 E_h, exp. variance=3729033.2500 E_h^2, pmove=0.88
2026-06-02 19:46:15,416 - Step 00588: 2019.1351 E_h, exp. variance=3364301.0000 E_h^2, pmove=0.88
2026-06-02 19:46:16,054 - Step 00589: 2370.1279 E_h, exp. variance=3028444.0000 E_h^2, pmove=0.90
2026-06-02 19:46:16,691 - Step 00590: 3375.4573 E_h, exp. variance=2830023.5000 E_h^2, pmove=0.90
2026-06-02 19:46:17,333 - Step 00591: 1793.1638 E_h, exp. variance=2580824.0000 E_h^2, pmove=0.90
2026-06-02 19:46:17,971 - Step 00592: 2635.3611 E_h, exp. variance=2330343.5000 E_h^2, pmove=0.88
2026-06-02 19:46:18,611 - Step 00593: 1178.9679 E_h, exp. variance=2225793.7500 E_h^2, pmove=0.89
2026-06-02 19:46:19,250 - Step 00594: 521.8174 E_h, exp. variance=2273352.2500 E_h^2, pmove=0.89
2026-06-02 19:46:19,888 - Step 00595: 2646.9502 E_h, exp. variance=2074837.6250 E_h^2, pmove=0.90
2026-06-02 19:46:20,526 - Step 00596: 1484.1365 E_h, exp. variance=1905791.1250 E_h^2, pmove=0.89
2026-06-02 19:46:21,170 - Step 00597: 878.2883 E_h, exp. variance=1843521.5000 E_h^2, pmove=0.89
2026-06-02 19:46:21,808 - Step 00598: 3003.7520 E_h, exp. variance=1758555.7500 E_h^2, pmove=0.89
2026-06-02 19:46:22,449 - Step 00599: 2107.4854 E_h, exp. variance=1582920.6250 E_h^2, pmove=0.89
2026-06-02 19:46:23,087 - Step 00600: 457.2559 E_h, exp. variance=1656666.6250 E_h^2, pmove=0.89
2026-06-02 19:46:23,725 - Step 00601: 785.6860 E_h, exp. variance=1603227.5000 E_h^2, pmove=0.88
2026-06-02 19:46:24,365 - Step 00602: 2182.3499 E_h, exp. variance=1456709.8750 E_h^2, pmove=0.87
2026-06-02 19:46:25,003 - Step 00603: 478.1105 E_h, exp. variance=1475490.0000 E_h^2, pmove=0.87
2026-06-02 19:46:25,641 - Step 00604: 646.4907 E_h, exp. variance=1426825.5000 E_h^2, pmove=0.87
2026-06-02 19:46:26,279 - Step 00605: 2113.3228 E_h, exp. variance=1308803.3750 E_h^2, pmove=0.85
2026-06-02 19:46:26,920 - Step 00606: 1166.0680 E_h, exp. variance=1198327.3750 E_h^2, pmove=0.87
2026-06-02 19:46:27,561 - Step 00607: 1614.5994 E_h, exp. variance=1078530.6250 E_h^2, pmove=0.85
2026-06-02 19:46:28,200 - Step 00608: 2445.2383 E_h, exp. variance=1035494.5000 E_h^2, pmove=0.84
2026-06-02 19:46:28,837 - Step 00609: 1275.5088 E_h, exp. variance=946776.9375 E_h^2, pmove=0.87
2026-06-02 19:46:29,476 - Step 00610: 2591.0078 E_h, exp. variance=933348.2500 E_h^2, pmove=0.87
2026-06-02 19:46:30,114 - Step 00611: 5198.8325 E_h, exp. variance=1919296.2500 E_h^2, pmove=0.85
2026-06-02 19:46:30,752 - Step 00612: 2656.7954 E_h, exp. variance=1757083.5000 E_h^2, pmove=0.86
2026-06-02 19:46:31,393 - Step 00613: 872.7878 E_h, exp. variance=1725817.0000 E_h^2, pmove=0.86
2026-06-02 19:46:32,032 - Step 00614: 3540.1897 E_h, exp. variance=1763155.8750 E_h^2, pmove=0.85
2026-06-02 19:46:32,670 - Step 00615: 2425.7546 E_h, exp. variance=1592927.8750 E_h^2, pmove=0.85
2026-06-02 19:46:33,309 - Step 00616: 674.9473 E_h, exp. variance=1640679.3750 E_h^2, pmove=0.85
2026-06-02 19:46:33,947 - Step 00617: 690.3051 E_h, exp. variance=1640565.0000 E_h^2, pmove=0.87
2026-06-02 19:46:34,587 - Step 00618: 1465.6820 E_h, exp. variance=1493881.7500 E_h^2, pmove=0.86
2026-06-02 19:46:35,225 - Step 00619: 1081.8684 E_h, exp. variance=1399142.3750 E_h^2, pmove=0.87
2026-06-02 19:46:35,865 - Step 00620: 2625.2085 E_h, exp. variance=1323039.0000 E_h^2, pmove=0.86
2026-06-02 19:46:36,504 - Step 00621: 401.4594 E_h, exp. variance=1384139.2500 E_h^2, pmove=0.86
2026-06-02 19:46:37,143 - Step 00622: 5908.2988 E_h, exp. variance=2823894.7500 E_h^2, pmove=0.86
2026-06-02 19:46:37,783 - Step 00623: 2379.4727 E_h, exp. variance=2546686.2500 E_h^2, pmove=0.85
2026-06-02 19:46:38,422 - Step 00624: 2645.7473 E_h, exp. variance=2312945.0000 E_h^2, pmove=0.84
2026-06-02 19:46:39,060 - Step 00625: 2351.8799 E_h, exp. variance=2083417.6250 E_h^2, pmove=0.83
2026-06-02 19:46:39,698 - Step 00626: 1044.9818 E_h, exp. variance=2000559.1250 E_h^2, pmove=0.83
2026-06-02 19:46:40,338 - Step 00627: 538.9286 E_h, exp. variance=2021994.3750 E_h^2, pmove=0.82
2026-06-02 19:46:40,978 - Step 00628: 582.4939 E_h, exp. variance=1988302.0000 E_h^2, pmove=0.79
2026-06-02 19:46:41,616 - Step 00629: 1498.3295 E_h, exp. variance=1798439.0000 E_h^2, pmove=0.78
2026-06-02 19:46:42,254 - Step 00630: 1055.3591 E_h, exp. variance=1666170.1250 E_h^2, pmove=0.80
2026-06-02 19:46:42,892 - Step 00631: 2131.6582 E_h, exp. variance=1515576.6250 E_h^2, pmove=0.78
2026-06-02 19:46:43,531 - Step 00632: 2187.3811 E_h, exp. variance=1381086.3750 E_h^2, pmove=0.79
2026-06-02 19:46:44,170 - Step 00633: 897.3955 E_h, exp. variance=1315563.3750 E_h^2, pmove=0.83
2026-06-02 19:46:44,809 - Step 00634: 690.7877 E_h, exp. variance=1276701.6250 E_h^2, pmove=0.82
2026-06-02 19:46:45,447 - Step 00635: 556.2296 E_h, exp. variance=1247866.0000 E_h^2, pmove=0.83
2026-06-02 19:46:46,085 - Step 00636: 412.5034 E_h, exp. variance=1229394.1250 E_h^2, pmove=0.82
2026-06-02 19:46:46,724 - Step 00637: 553.1071 E_h, exp. variance=1169592.5000 E_h^2, pmove=0.84
2026-06-02 19:46:47,362 - Step 00638: 982.1708 E_h, exp. variance=1062125.1250 E_h^2, pmove=0.83
2026-06-02 19:46:48,000 - Step 00639: 543.5992 E_h, exp. variance=1003985.3125 E_h^2, pmove=0.83
2026-06-02 19:46:48,739 - Step 00640: 465.5576 E_h, exp. variance=952313.6875 E_h^2, pmove=0.83
2026-06-02 19:46:49,379 - Step 00641: 1249.7795 E_h, exp. variance=858421.7500 E_h^2, pmove=0.81
2026-06-02 19:46:50,018 - Step 00642: 1460.2450 E_h, exp. variance=781810.6875 E_h^2, pmove=0.81
2026-06-02 19:46:50,657 - Step 00643: 2875.9556 E_h, exp. variance=964938.5625 E_h^2, pmove=0.82
2026-06-02 19:46:51,295 - Step 00644: 5005.5513 E_h, exp. variance=2076123.1250 E_h^2, pmove=0.84
2026-06-02 19:46:51,934 - Step 00645: 6849.7300 E_h, exp. variance=4247211.0000 E_h^2, pmove=0.83
2026-06-02 19:46:52,573 - Step 00646: 2473.5161 E_h, exp. variance=3828146.2500 E_h^2, pmove=0.82
2026-06-02 19:46:53,211 - Step 00647: 854.5333 E_h, exp. variance=3620061.2500 E_h^2, pmove=0.84
2026-06-02 19:46:53,850 - Step 00648: 1731.4313 E_h, exp. variance=3270855.0000 E_h^2, pmove=0.83
2026-06-02 19:46:54,490 - Step 00649: 1369.6599 E_h, exp. variance=2988018.2500 E_h^2, pmove=0.85
2026-06-02 19:46:55,131 - Step 00650: 494.0729 E_h, exp. variance=2893516.0000 E_h^2, pmove=0.85
2026-06-02 19:46:55,770 - Step 00651: 5480.1729 E_h, exp. variance=3790160.0000 E_h^2, pmove=0.83
2026-06-02 19:46:56,409 - Step 00652: 6191.7603 E_h, exp. variance=4835842.0000 E_h^2, pmove=0.82
2026-06-02 19:46:57,048 - Step 00653: 489.8170 E_h, exp. variance=4757182.0000 E_h^2, pmove=0.82
2026-06-02 19:46:57,687 - Step 00654: 8227.8896 E_h, exp. variance=7339481.5000 E_h^2, pmove=0.81
2026-06-02 19:46:58,325 - Step 00655: 12455.3086 E_h, exp. variance=14682911.0000 E_h^2, pmove=0.79
2026-06-02 19:46:58,964 - Step 00656: 550.1290 E_h, exp. variance=14242184.0000 E_h^2, pmove=0.79
2026-06-02 19:46:59,609 - Step 00657: 776.0787 E_h, exp. variance=13531204.0000 E_h^2, pmove=0.78
2026-06-02 19:47:00,250 - Step 00658: 2314.6760 E_h, exp. variance=12267187.0000 E_h^2, pmove=0.78
2026-06-02 19:47:00,890 - Step 00659: 7812.2314 E_h, exp. variance=12946565.0000 E_h^2, pmove=0.78
2026-06-02 19:47:01,529 - Step 00660: 3951.8652 E_h, exp. variance=11659039.0000 E_h^2, pmove=0.79
2026-06-02 19:47:02,168 - Step 00661: 1844.8484 E_h, exp. variance=10802388.0000 E_h^2, pmove=0.78
2026-06-02 19:47:02,808 - Step 00662: 477.9341 E_h, exp. variance=10551286.0000 E_h^2, pmove=0.77
2026-06-02 19:47:03,447 - Step 00663: 237.0975 E_h, exp. variance=10291400.0000 E_h^2, pmove=0.76
2026-06-02 19:47:04,086 - Step 00664: 562.5992 E_h, exp. variance=9759196.0000 E_h^2, pmove=0.76
2026-06-02 19:47:04,800 - Step 00665: 2599.3198 E_h, exp. variance=8783825.0000 E_h^2, pmove=0.75
2026-06-02 19:47:05,441 - Step 00666: 557.4937 E_h, exp. variance=8306931.5000 E_h^2, pmove=0.76
2026-06-02 19:47:06,080 - Step 00667: 971.8735 E_h, exp. variance=7675114.5000 E_h^2, pmove=0.76
2026-06-02 19:47:06,719 - Step 00668: 2618.7988 E_h, exp. variance=6916199.5000 E_h^2, pmove=0.77
2026-06-02 19:47:07,358 - Step 00669: 462.0021 E_h, exp. variance=6542216.0000 E_h^2, pmove=0.77
2026-06-02 19:47:08,077 - Step 00670: 2478.7434 E_h, exp. variance=5897556.5000 E_h^2, pmove=0.76
2026-06-02 19:47:08,718 - Step 00671: 577.4907 E_h, exp. variance=5540477.5000 E_h^2, pmove=0.77
2026-06-02 19:47:09,358 - Step 00672: 2406.3579 E_h, exp. variance=4999547.0000 E_h^2, pmove=0.76
2026-06-02 19:47:09,997 - Step 00673: 1137.1555 E_h, exp. variance=4576699.5000 E_h^2, pmove=0.74
2026-06-02 19:47:10,635 - Step 00674: 910.5401 E_h, exp. variance=4220089.0000 E_h^2, pmove=0.74
2026-06-02 19:47:11,273 - Step 00675: 587.2325 E_h, exp. variance=3944846.5000 E_h^2, pmove=0.75
2026-06-02 19:47:11,913 - Step 00676: 1491.9065 E_h, exp. variance=3555747.7500 E_h^2, pmove=0.74
2026-06-02 19:47:12,552 - Step 00677: 2139.8975 E_h, exp. variance=3216645.7500 E_h^2, pmove=0.74
2026-06-02 19:47:13,193 - Step 00678: 527.3676 E_h, exp. variance=3030586.5000 E_h^2, pmove=0.74
2026-06-02 19:47:13,832 - Step 00679: 1720.6538 E_h, exp. variance=2728233.5000 E_h^2, pmove=0.72
2026-06-02 19:47:14,470 - Step 00680: 1066.0465 E_h, exp. variance=2485157.5000 E_h^2, pmove=0.72
2026-06-02 19:47:15,109 - Step 00681: 301.4943 E_h, exp. variance=2384553.2500 E_h^2, pmove=0.72
2026-06-02 19:47:15,749 - Step 00682: 627.7145 E_h, exp. variance=2207734.5000 E_h^2, pmove=0.74
2026-06-02 19:47:16,389 - Step 00683: 4444.3013 E_h, exp. variance=2836188.2500 E_h^2, pmove=0.73
2026-06-02 19:47:17,027 - Step 00684: 1339.3718 E_h, exp. variance=2562993.2500 E_h^2, pmove=0.73
2026-06-02 19:47:17,675 - Step 00685: 1970.1890 E_h, exp. variance=2316172.5000 E_h^2, pmove=0.73
2026-06-02 19:47:18,315 - Step 00686: 912.9417 E_h, exp. variance=2137249.5000 E_h^2, pmove=0.72
2026-06-02 19:47:18,954 - Step 00687: 4284.5083 E_h, exp. variance=2571345.2500 E_h^2, pmove=0.73
2026-06-02 19:47:19,593 - Step 00688: 2656.5273 E_h, exp. variance=2369902.7500 E_h^2, pmove=0.74
2026-06-02 19:47:20,231 - Step 00689: 1904.6539 E_h, exp. variance=2133086.0000 E_h^2, pmove=0.72
2026-06-02 19:47:20,870 - Step 00690: 1449.9489 E_h, exp. variance=1941759.6250 E_h^2, pmove=0.73
2026-06-02 19:47:21,508 - Step 00691: 3737.3418 E_h, exp. variance=2053149.2500 E_h^2, pmove=0.73
2026-06-02 19:47:22,224 - Step 00692: 957.8448 E_h, exp. variance=1960963.6250 E_h^2, pmove=0.73
2026-06-02 19:47:22,867 - Step 00693: 603.5110 E_h, exp. variance=1932158.3750 E_h^2, pmove=0.72
2026-06-02 19:47:23,506 - Step 00694: 977.6449 E_h, exp. variance=1804412.5000 E_h^2, pmove=0.72
2026-06-02 19:47:24,146 - Step 00695: 2718.6831 E_h, exp. variance=1709251.2500 E_h^2, pmove=0.72
2026-06-02 19:47:24,786 - Step 00696: 335.8159 E_h, exp. variance=1742662.1250 E_h^2, pmove=0.73
2026-06-02 19:47:25,440 - Step 00697: 342.8185 E_h, exp. variance=1732203.1250 E_h^2, pmove=0.73
2026-06-02 19:47:26,081 - Step 00698: 1054.9901 E_h, exp. variance=1581665.1250 E_h^2, pmove=0.73
2026-06-02 19:47:26,721 - Step 00699: 744.6145 E_h, exp. variance=1475783.2500 E_h^2, pmove=0.72
2026-06-02 19:47:27,364 - Step 00700: 372.8214 E_h, exp. variance=1428903.6250 E_h^2, pmove=0.70
2026-06-02 19:47:28,004 - Step 00701: 500.6987 E_h, exp. variance=1347138.1250 E_h^2, pmove=0.69
2026-06-02 19:47:28,644 - Step 00702: 5424.4092 E_h, exp. variance=2786451.0000 E_h^2, pmove=0.68
2026-06-02 19:47:29,372 - Step 00703: 402.5173 E_h, exp. variance=2650255.7500 E_h^2, pmove=0.68
2026-06-02 19:47:30,013 - Step 00704: 968.1865 E_h, exp. variance=2414124.2500 E_h^2, pmove=0.68
2026-06-02 19:47:30,653 - Step 00705: 539.2511 E_h, exp. variance=2252046.7500 E_h^2, pmove=0.68
2026-06-02 19:47:31,294 - Step 00706: 971.6460 E_h, exp. variance=2042163.3750 E_h^2, pmove=0.68
2026-06-02 19:47:31,936 - Step 00707: 599.7747 E_h, exp. variance=1887659.5000 E_h^2, pmove=0.68
2026-06-02 19:47:32,577 - Step 00708: 437.7630 E_h, exp. variance=1761029.1250 E_h^2, pmove=0.67
2026-06-02 19:47:33,229 - Step 00709: 707.7940 E_h, exp. variance=1605470.7500 E_h^2, pmove=0.67
2026-06-02 19:47:33,870 - Step 00710: 2355.0146 E_h, exp. variance=1578269.5000 E_h^2, pmove=0.66
2026-06-02 19:47:34,511 - Step 00711: 853.6780 E_h, exp. variance=1435266.1250 E_h^2, pmove=0.66
2026-06-02 19:47:35,151 - Step 00712: 3587.4819 E_h, exp. variance=1796641.1250 E_h^2, pmove=0.66
2026-06-02 19:47:35,800 - Step 00713: 742.7160 E_h, exp. variance=1662739.5000 E_h^2, pmove=0.67
2026-06-02 19:47:36,440 - Step 00714: 407.2361 E_h, exp. variance=1582416.2500 E_h^2, pmove=0.67
2026-06-02 19:47:37,162 - Step 00715: 574.1348 E_h, exp. variance=1469879.2500 E_h^2, pmove=0.67
2026-06-02 19:47:37,805 - Step 00716: 2246.5835 E_h, exp. variance=1418574.2500 E_h^2, pmove=0.68
2026-06-02 19:47:38,446 - Step 00717: 1368.6589 E_h, exp. variance=1276942.2500 E_h^2, pmove=0.69
2026-06-02 19:47:39,085 - Step 00718: 1225.5076 E_h, exp. variance=1150114.1250 E_h^2, pmove=0.68
2026-06-02 19:47:39,726 - Step 00719: 1970.5457 E_h, exp. variance=1073921.1250 E_h^2, pmove=0.68
2026-06-02 19:47:40,371 - Step 00720: 634.4517 E_h, exp. variance=1016484.1875 E_h^2, pmove=0.67
2026-06-02 19:47:41,011 - Step 00721: 2357.3335 E_h, exp. variance=1014507.6250 E_h^2, pmove=0.66
2026-06-02 19:47:41,653 - Step 00722: 7388.2041 E_h, exp. variance=4129336.7500 E_h^2, pmove=0.66
2026-06-02 19:47:42,294 - Step 00723: 1119.0459 E_h, exp. variance=3787525.7500 E_h^2, pmove=0.66
2026-06-02 19:47:42,933 - Step 00724: 2843.9019 E_h, exp. variance=3485744.5000 E_h^2, pmove=0.65
2026-06-02 19:47:43,572 - Step 00725: 869.2922 E_h, exp. variance=3254606.0000 E_h^2, pmove=0.65
2026-06-02 19:47:44,718 - Step 00726: 536.6363 E_h, exp. variance=3095786.5000 E_h^2, pmove=0.65
2026-06-02 19:47:45,359 - Step 00727: 639.4408 E_h, exp. variance=2899476.5000 E_h^2, pmove=0.65
2026-06-02 19:47:46,004 - Step 00728: 3474.4458 E_h, exp. variance=2909397.5000 E_h^2, pmove=0.65
2026-06-02 19:47:46,644 - Step 00729: 786.7715 E_h, exp. variance=2716714.7500 E_h^2, pmove=0.66
2026-06-02 19:47:47,284 - Step 00730: 5109.7666 E_h, exp. variance=3474831.0000 E_h^2, pmove=0.65
2026-06-02 19:47:47,924 - Step 00731: 2512.9844 E_h, exp. variance=3145376.5000 E_h^2, pmove=0.64
2026-06-02 19:47:48,565 - Step 00732: 5067.5581 E_h, exp. variance=3617992.0000 E_h^2, pmove=0.65
2026-06-02 19:47:49,205 - Step 00733: 4893.0547 E_h, exp. variance=3812923.2500 E_h^2, pmove=0.66
2026-06-02 19:47:49,846 - Step 00734: 1241.0208 E_h, exp. variance=3611475.2500 E_h^2, pmove=0.65
2026-06-02 19:47:50,488 - Step 00735: 1876.6370 E_h, exp. variance=3286804.0000 E_h^2, pmove=0.63
2026-06-02 19:47:51,129 - Step 00736: 582.4011 E_h, exp. variance=3271902.5000 E_h^2, pmove=0.63
2026-06-02 19:47:51,769 - Step 00737: 1767.1597 E_h, exp. variance=2966828.7500 E_h^2, pmove=0.62
2026-06-02 19:47:52,409 - Step 00738: 420.1382 E_h, exp. variance=2959537.0000 E_h^2, pmove=0.61
2026-06-02 19:47:53,049 - Step 00739: 2331.9111 E_h, exp. variance=2671571.5000 E_h^2, pmove=0.60
2026-06-02 19:47:53,689 - Step 00740: 9295.4551 E_h, exp. variance=7111151.0000 E_h^2, pmove=0.62
2026-06-02 19:47:54,329 - Step 00741: 5455.4805 E_h, exp. variance=7040930.0000 E_h^2, pmove=0.61
2026-06-02 19:47:54,969 - Step 00742: 344.3367 E_h, exp. variance=6997545.5000 E_h^2, pmove=0.61
2026-06-02 19:47:55,609 - Step 00743: 722.6530 E_h, exp. variance=6679790.5000 E_h^2, pmove=0.61
2026-06-02 19:47:56,249 - Step 00744: 5326.7183 E_h, exp. variance=6692378.0000 E_h^2, pmove=0.61
2026-06-02 19:47:56,890 - Step 00745: 332.5208 E_h, exp. variance=6594360.0000 E_h^2, pmove=0.61
2026-06-02 19:47:57,530 - Step 00746: 686.9304 E_h, exp. variance=6264272.5000 E_h^2, pmove=0.58
2026-06-02 19:47:58,266 - Step 00747: 2150.7937 E_h, exp. variance=5643827.0000 E_h^2, pmove=0.59
2026-06-02 19:47:58,907 - Step 00748: 2271.0901 E_h, exp. variance=5080568.0000 E_h^2, pmove=0.58
2026-06-02 19:47:59,547 - Step 00749: 702.3890 E_h, exp. variance=4823288.5000 E_h^2, pmove=0.57
2026-06-02 19:48:00,190 - Step 00750: 1994.5784 E_h, exp. variance=4344934.0000 E_h^2, pmove=0.57
2026-06-02 19:48:00,832 - Step 00751: 948.5690 E_h, exp. variance=4047741.0000 E_h^2, pmove=0.57
2026-06-02 19:48:01,474 - Step 00752: 888.0963 E_h, exp. variance=3766609.5000 E_h^2, pmove=0.57
2026-06-02 19:48:02,115 - Step 00753: 845.7795 E_h, exp. variance=3498295.2500 E_h^2, pmove=0.56
2026-06-02 19:48:02,757 - Step 00754: 333.0609 E_h, exp. variance=3351019.7500 E_h^2, pmove=0.56
2026-06-02 19:48:03,400 - Step 00755: 491.9806 E_h, exp. variance=3143637.0000 E_h^2, pmove=0.58
2026-06-02 19:48:04,054 - Step 00756: 228.0966 E_h, exp. variance=2989918.2500 E_h^2, pmove=0.58
2026-06-02 19:48:04,696 - Step 00757: 3535.0647 E_h, exp. variance=3089548.5000 E_h^2, pmove=0.56
2026-06-02 19:48:05,339 - Step 00758: 647.3278 E_h, exp. variance=2869452.5000 E_h^2, pmove=0.56
2026-06-02 19:48:05,981 - Step 00759: 1642.4338 E_h, exp. variance=2583422.2500 E_h^2, pmove=0.57
2026-06-02 19:48:06,626 - Step 00760: 1544.0580 E_h, exp. variance=2325085.2500 E_h^2, pmove=0.55
2026-06-02 19:48:07,268 - Step 00761: 1161.9653 E_h, exp. variance=2106192.7500 E_h^2, pmove=0.54
2026-06-02 19:48:07,910 - Step 00762: 2950.6560 E_h, exp. variance=2081841.8750 E_h^2, pmove=0.54
2026-06-02 19:48:08,553 - Step 00763: 717.4380 E_h, exp. variance=1952920.1250 E_h^2, pmove=0.54
2026-06-02 19:48:09,197 - Step 00764: 538.0251 E_h, exp. variance=1852003.7500 E_h^2, pmove=0.54
2026-06-02 19:48:09,839 - Step 00765: 676.6316 E_h, exp. variance=1721983.1250 E_h^2, pmove=0.54
2026-06-02 19:48:10,482 - Step 00766: 1106.4243 E_h, exp. variance=1556587.0000 E_h^2, pmove=0.54
2026-06-02 19:48:11,125 - Step 00767: 1732.9069 E_h, exp. variance=1413859.7500 E_h^2, pmove=0.53
2026-06-02 19:48:11,767 - Step 00768: 4326.9741 E_h, exp. variance=2047869.0000 E_h^2, pmove=0.52
2026-06-02 19:48:12,409 - Step 00769: 549.2897 E_h, exp. variance=1959224.3750 E_h^2, pmove=0.53
2026-06-02 19:48:13,051 - Step 00770: 5274.1064 E_h, exp. variance=2997018.7500 E_h^2, pmove=0.53
2026-06-02 19:48:13,693 - Step 00771: 3377.2432 E_h, exp. variance=2882730.0000 E_h^2, pmove=0.54
2026-06-02 19:48:14,335 - Step 00772: 416.3835 E_h, exp. variance=2845178.7500 E_h^2, pmove=0.54
2026-06-02 19:48:14,984 - Step 00773: 1411.4333 E_h, exp. variance=2583805.7500 E_h^2, pmove=0.54
2026-06-02 19:48:15,627 - Step 00774: 469.5029 E_h, exp. variance=2501405.2500 E_h^2, pmove=0.53
2026-06-02 19:48:16,268 - Step 00775: 547.2257 E_h, exp. variance=2376745.5000 E_h^2, pmove=0.54
2026-06-02 19:48:17,004 - Step 00776: 274.5742 E_h, exp. variance=2299555.2500 E_h^2, pmove=0.54
2026-06-02 19:48:17,644 - Step 00777: 392.2651 E_h, exp. variance=2175379.2500 E_h^2, pmove=0.52
2026-06-02 19:48:18,287 - Step 00778: 828.5618 E_h, exp. variance=1984028.6250 E_h^2, pmove=0.52
2026-06-02 19:48:18,929 - Step 00779: 388.6586 E_h, exp. variance=1862694.7500 E_h^2, pmove=0.53
2026-06-02 19:48:19,571 - Step 00780: 6292.3550 E_h, exp. variance=3990648.5000 E_h^2, pmove=0.52
2026-06-02 19:48:20,213 - Step 00781: 368.1675 E_h, exp. variance=3758149.5000 E_h^2, pmove=0.52
2026-06-02 19:48:20,854 - Step 00782: 1760.0188 E_h, exp. variance=3384858.7500 E_h^2, pmove=0.50
2026-06-02 19:48:21,497 - Step 00783: 4730.4111 E_h, exp. variance=3923098.5000 E_h^2, pmove=0.51
2026-06-02 19:48:22,139 - Step 00784: 2342.3298 E_h, exp. variance=3546734.7500 E_h^2, pmove=0.51
2026-06-02 19:48:22,781 - Step 00785: 1165.0563 E_h, exp. variance=3249436.7500 E_h^2, pmove=0.52
2026-06-02 19:48:23,424 - Step 00786: 1073.7090 E_h, exp. variance=2983533.5000 E_h^2, pmove=0.51
2026-06-02 19:48:24,067 - Step 00787: 3681.5466 E_h, exp. variance=3002900.5000 E_h^2, pmove=0.51
2026-06-02 19:48:24,708 - Step 00788: 6346.1714 E_h, exp. variance=4410043.0000 E_h^2, pmove=0.50
2026-06-02 19:48:25,357 - Step 00789: 481.1868 E_h, exp. variance=4309483.5000 E_h^2, pmove=0.51
2026-06-02 19:48:25,998 - Step 00790: 654.1037 E_h, exp. variance=4102504.0000 E_h^2, pmove=0.51
2026-06-02 19:48:26,719 - Step 00791: 2020.8859 E_h, exp. variance=3692506.2500 E_h^2, pmove=0.52
2026-06-02 19:48:27,362 - Step 00792: 1313.5054 E_h, exp. variance=3374566.0000 E_h^2, pmove=0.50
2026-06-02 19:48:28,004 - Step 00793: 134.0458 E_h, exp. variance=3348143.7500 E_h^2, pmove=0.51
2026-06-02 19:48:28,646 - Step 00794: 473.0544 E_h, exp. variance=3173514.7500 E_h^2, pmove=0.50
2026-06-02 19:48:29,289 - Step 00795: 1089.2136 E_h, exp. variance=2886914.5000 E_h^2, pmove=0.49
2026-06-02 19:48:29,931 - Step 00796: 1122.3040 E_h, exp. variance=2620096.5000 E_h^2, pmove=0.49
2026-06-02 19:48:30,573 - Step 00797: 580.2297 E_h, exp. variance=2445543.0000 E_h^2, pmove=0.49
2026-06-02 19:48:31,215 - Step 00798: 813.3126 E_h, exp. variance=2239495.5000 E_h^2, pmove=0.47
2026-06-02 19:48:31,859 - Step 00799: 2195.3645 E_h, exp. variance=2072193.0000 E_h^2, pmove=0.47
2026-06-02 19:48:32,524 - Step 00800: 351.8224 E_h, exp. variance=1979797.5000 E_h^2, pmove=0.47
2026-06-02 19:48:33,167 - Step 00801: 425.5013 E_h, exp. variance=1861831.6250 E_h^2, pmove=0.48
2026-06-02 19:48:33,809 - Step 00802: 427.7315 E_h, exp. variance=1740119.5000 E_h^2, pmove=0.46
2026-06-02 19:48:34,461 - Step 00803: 242.9252 E_h, exp. variance=1646742.1250 E_h^2, pmove=0.45
2026-06-02 19:48:35,103 - Step 00804: 1609.7240 E_h, exp. variance=1505929.8750 E_h^2, pmove=0.46
2026-06-02 19:48:35,746 - Step 00805: 1319.3218 E_h, exp. variance=1358031.0000 E_h^2, pmove=0.47
2026-06-02 19:48:36,391 - Step 00806: 187.4532 E_h, exp. variance=1307986.3750 E_h^2, pmove=0.46
2026-06-02 19:48:37,045 - Step 00807: 222.8460 E_h, exp. variance=1241167.8750 E_h^2, pmove=0.46
2026-06-02 19:48:37,687 - Step 00808: 271.0420 E_h, exp. variance=1162501.0000 E_h^2, pmove=0.45
2026-06-02 19:48:38,330 - Step 00809: 254.8875 E_h, exp. variance=1084948.6250 E_h^2, pmove=0.45
2026-06-02 19:48:38,973 - Step 00810: 260.5583 E_h, exp. variance=1007199.4375 E_h^2, pmove=0.44
2026-06-02 19:48:39,616 - Step 00811: 393.4509 E_h, exp. variance=920389.8125 E_h^2, pmove=0.44
2026-06-02 19:48:40,259 - Step 00812: 339.0054 E_h, exp. variance=843352.5625 E_h^2, pmove=0.44
2026-06-02 19:48:40,905 - Step 00813: 295.3013 E_h, exp. variance=774231.2500 E_h^2, pmove=0.44
2026-06-02 19:48:41,551 - Step 00814: 4808.0811 E_h, exp. variance=2241419.0000 E_h^2, pmove=0.42
2026-06-02 19:48:42,194 - Step 00815: 471.3445 E_h, exp. variance=2050575.8750 E_h^2, pmove=0.43
2026-06-02 19:48:42,838 - Step 00816: 814.8538 E_h, exp. variance=1849261.1250 E_h^2, pmove=0.42
2026-06-02 19:48:43,481 - Step 00817: 1541.3440 E_h, exp. variance=1690866.8750 E_h^2, pmove=0.43
2026-06-02 19:48:44,123 - Step 00818: 222.7419 E_h, exp. variance=1583772.7500 E_h^2, pmove=0.41
2026-06-02 19:48:44,766 - Step 00819: 352.2286 E_h, exp. variance=1459708.8750 E_h^2, pmove=0.41
2026-06-02 19:48:45,412 - Step 00820: 186.9684 E_h, exp. variance=1360520.6250 E_h^2, pmove=0.41
2026-06-02 19:48:46,066 - Step 00821: 226.7764 E_h, exp. variance=1257855.6250 E_h^2, pmove=0.41
2026-06-02 19:48:46,708 - Step 00822: 477.6715 E_h, exp. variance=1140023.2500 E_h^2, pmove=0.40
2026-06-02 19:48:47,351 - Step 00823: 352.6814 E_h, exp. variance=1039888.1875 E_h^2, pmove=0.41
2026-06-02 19:48:47,993 - Step 00824: 285.9686 E_h, exp. variance=951774.7500 E_h^2, pmove=0.41
2026-06-02 19:48:48,635 - Step 00825: 302.6334 E_h, exp. variance=868347.4375 E_h^2, pmove=0.41
2026-06-02 19:48:49,281 - Step 00826: 381.4673 E_h, exp. variance=786975.1250 E_h^2, pmove=0.42
2026-06-02 19:48:49,934 - Step 00827: 260.6837 E_h, exp. variance=718835.6875 E_h^2, pmove=0.41
2026-06-02 19:48:50,577 - Step 00828: 891.1208 E_h, exp. variance=656294.0625 E_h^2, pmove=0.41
2026-06-02 19:48:51,221 - Step 00829: 314.6878 E_h, exp. variance=598050.6250 E_h^2, pmove=0.41
2026-06-02 19:48:51,863 - Step 00830: 258.4029 E_h, exp. variance=547125.3125 E_h^2, pmove=0.42
2026-06-02 19:48:52,504 - Step 00831: 864.7961 E_h, exp. variance=501842.8125 E_h^2, pmove=0.41
2026-06-02 19:48:53,147 - Step 00832: 993.9899 E_h, exp. variance=467573.7812 E_h^2, pmove=0.42
2026-06-02 19:48:53,791 - Step 00833: 761.0071 E_h, exp. variance=422721.3125 E_h^2, pmove=0.40
2026-06-02 19:48:54,434 - Step 00834: 266.3875 E_h, exp. variance=392353.0938 E_h^2, pmove=0.39
2026-06-02 19:48:55,075 - Step 00835: 152.2382 E_h, exp. variance=370657.9688 E_h^2, pmove=0.40
2026-06-02 19:48:55,717 - Step 00836: 1353.3846 E_h, exp. variance=391744.7500 E_h^2, pmove=0.39
2026-06-02 19:48:56,410 - Step 00837: 966.4934 E_h, exp. variance=362764.4375 E_h^2, pmove=0.39
2026-06-02 19:48:57,053 - Step 00838: 1134.7466 E_h, exp. variance=346466.5625 E_h^2, pmove=0.40
2026-06-02 19:48:57,713 - Step 00839: 594.7266 E_h, exp. variance=313030.5938 E_h^2, pmove=0.39
2026-06-02 19:48:58,358 - Step 00840: 630.3986 E_h, exp. variance=282152.4688 E_h^2, pmove=0.39
2026-06-02 19:48:59,001 - Step 00841: 391.6946 E_h, exp. variance=262066.7188 E_h^2, pmove=0.39
2026-06-02 19:48:59,642 - Step 00842: 2430.6025 E_h, exp. variance=517316.9375 E_h^2, pmove=0.39
2026-06-02 19:49:00,286 - Step 00843: 235.4635 E_h, exp. variance=498371.2812 E_h^2, pmove=0.38
2026-06-02 19:49:00,930 - Step 00844: 336.9759 E_h, exp. variance=466092.6250 E_h^2, pmove=0.39
2026-06-02 19:49:01,572 - Step 00845: 348.7943 E_h, exp. variance=432872.6562 E_h^2, pmove=0.39
2026-06-02 19:49:02,219 - Step 00846: 389.5699 E_h, exp. variance=398032.5000 E_h^2, pmove=0.38
2026-06-02 19:49:02,863 - Step 00847: 304.2251 E_h, exp. variance=369962.6562 E_h^2, pmove=0.38
2026-06-02 19:49:03,506 - Step 00848: 1207.7189 E_h, exp. variance=363089.2500 E_h^2, pmove=0.38
2026-06-02 19:49:04,165 - Step 00849: 1008.0076 E_h, exp. variance=336052.0938 E_h^2, pmove=0.37
2026-06-02 19:49:04,808 - Step 00850: 497.5395 E_h, exp. variance=306866.3750 E_h^2, pmove=0.36
2026-06-02 19:49:05,451 - Step 00851: 2707.0156 E_h, exp. variance=639802.4375 E_h^2, pmove=0.37
2026-06-02 19:49:06,093 - Step 00852: 471.3116 E_h, exp. variance=592206.3750 E_h^2, pmove=0.37
2026-06-02 19:49:06,736 - Step 00853: 343.7383 E_h, exp. variance=556539.6250 E_h^2, pmove=0.37
2026-06-02 19:49:07,379 - Step 00854: 973.3882 E_h, exp. variance=503463.1875 E_h^2, pmove=0.36
2026-06-02 19:49:08,022 - Step 00855: 141.2462 E_h, exp. variance=494712.5000 E_h^2, pmove=0.36
2026-06-02 19:49:08,680 - Step 00856: 363.8733 E_h, exp. variance=458875.7500 E_h^2, pmove=0.35
2026-06-02 19:49:09,324 - Step 00857: 788.0026 E_h, exp. variance=413478.7188 E_h^2, pmove=0.34
2026-06-02 19:49:09,967 - Step 00858: 960.1342 E_h, exp. variance=377253.5625 E_h^2, pmove=0.34
2026-06-02 19:49:10,610 - Step 00859: 314.8513 E_h, exp. variance=356212.8438 E_h^2, pmove=0.34
2026-06-02 19:49:11,252 - Step 00860: 156.3358 E_h, exp. variance=347424.2500 E_h^2, pmove=0.33
2026-06-02 19:49:11,895 - Step 00861: 532.3551 E_h, exp. variance=313880.4062 E_h^2, pmove=0.34
2026-06-02 19:49:12,538 - Step 00862: 401.9245 E_h, exp. variance=287432.6875 E_h^2, pmove=0.33
2026-06-02 19:49:13,180 - Step 00863: 2260.3345 E_h, exp. variance=502986.5938 E_h^2, pmove=0.33
2026-06-02 19:49:13,823 - Step 00864: 392.4332 E_h, exp. variance=466035.7188 E_h^2, pmove=0.34
2026-06-02 19:49:14,465 - Step 00865: 275.2885 E_h, exp. variance=438787.2500 E_h^2, pmove=0.33
2026-06-02 19:49:15,107 - Step 00866: 291.1872 E_h, exp. variance=409414.5312 E_h^2, pmove=0.32
2026-06-02 19:49:15,750 - Step 00867: 3732.1375 E_h, exp. variance=1222042.7500 E_h^2, pmove=0.32
2026-06-02 19:49:16,393 - Step 00868: 1832.5673 E_h, exp. variance=1168288.0000 E_h^2, pmove=0.32
2026-06-02 19:49:17,105 - Step 00869: 782.6406 E_h, exp. variance=1057781.3750 E_h^2, pmove=0.33
2026-06-02 19:49:17,747 - Step 00870: 565.1627 E_h, exp. variance=970718.6875 E_h^2, pmove=0.33
2026-06-02 19:49:18,390 - Step 00871: 111.4868 E_h, exp. variance=940845.3750 E_h^2, pmove=0.33
2026-06-02 19:49:19,033 - Step 00872: 318.6992 E_h, exp. variance=876049.8750 E_h^2, pmove=0.34
2026-06-02 19:49:19,676 - Step 00873: 224.0429 E_h, exp. variance=821723.1250 E_h^2, pmove=0.34
2026-06-02 19:49:20,353 - Step 00874: 4980.0557 E_h, exp. variance=2333767.5000 E_h^2, pmove=0.34
2026-06-02 19:49:20,997 - Step 00875: 720.4124 E_h, exp. variance=2120422.2500 E_h^2, pmove=0.34
2026-06-02 19:49:21,640 - Step 00876: 348.9873 E_h, exp. variance=1965408.7500 E_h^2, pmove=0.34
2026-06-02 19:49:22,284 - Step 00877: 176.4796 E_h, exp. variance=1839985.1250 E_h^2, pmove=0.34
2026-06-02 19:49:22,927 - Step 00878: 871.2795 E_h, exp. variance=1656983.3750 E_h^2, pmove=0.34
2026-06-02 19:49:23,651 - Step 00879: 362.2847 E_h, exp. variance=1524086.5000 E_h^2, pmove=0.34
2026-06-02 19:49:24,295 - Step 00880: 134.2824 E_h, exp. variance=1425224.3750 E_h^2, pmove=0.34
2026-06-02 19:49:24,938 - Step 00881: 262.1111 E_h, exp. variance=1311572.2500 E_h^2, pmove=0.34
2026-06-02 19:49:25,582 - Step 00882: 397.5518 E_h, exp. variance=1193023.8750 E_h^2, pmove=0.35
2026-06-02 19:49:26,225 - Step 00883: 261.2886 E_h, exp. variance=1093868.1250 E_h^2, pmove=0.35
2026-06-02 19:49:26,868 - Step 00884: 319.5444 E_h, exp. variance=996640.3750 E_h^2, pmove=0.35
2026-06-02 19:49:27,512 - Step 00885: 6857.7954 E_h, exp. variance=4364890.5000 E_h^2, pmove=0.34
2026-06-02 19:49:28,155 - Step 00886: 8183.7837 E_h, exp. variance=8229076.0000 E_h^2, pmove=0.34
2026-06-02 19:49:28,800 - Step 00887: 86.1151 E_h, exp. variance=7722996.0000 E_h^2, pmove=0.35
2026-06-02 19:49:29,507 - Step 00888: 208.2611 E_h, exp. variance=7171542.5000 E_h^2, pmove=0.35
2026-06-02 19:49:30,151 - Step 00889: 475.7607 E_h, exp. variance=6571831.0000 E_h^2, pmove=0.34
2026-06-02 19:49:30,795 - Step 00890: 426.1835 E_h, exp. variance=6019172.0000 E_h^2, pmove=0.34
2026-06-02 19:49:31,438 - Step 00891: 451.7674 E_h, exp. variance=5497511.5000 E_h^2, pmove=0.35
2026-06-02 19:49:32,081 - Step 00892: 796.4247 E_h, exp. variance=4970733.5000 E_h^2, pmove=0.34
2026-06-02 19:49:32,724 - Step 00893: 4492.4316 E_h, exp. variance=5419200.5000 E_h^2, pmove=0.34
2026-06-02 19:49:33,367 - Step 00894: 1242.4062 E_h, exp. variance=4887252.0000 E_h^2, pmove=0.34
2026-06-02 19:49:34,010 - Step 00895: 368.5587 E_h, exp. variance=4522449.0000 E_h^2, pmove=0.34
2026-06-02 19:49:34,713 - Step 00896: 852.2051 E_h, exp. variance=4099695.2500 E_h^2, pmove=0.33
2026-06-02 19:49:35,356 - Step 00897: 643.0509 E_h, exp. variance=3736946.2500 E_h^2, pmove=0.34
2026-06-02 19:49:35,998 - Step 00898: 198.7174 E_h, exp. variance=3471408.5000 E_h^2, pmove=0.34
2026-06-02 19:49:36,642 - Step 00899: 176.8541 E_h, exp. variance=3215800.7500 E_h^2, pmove=0.33
2026-06-02 19:49:37,286 - Step 00900: 416.4334 E_h, exp. variance=2934387.2500 E_h^2, pmove=0.34
2026-06-02 19:49:37,930 - Step 00901: 1000.9930 E_h, exp. variance=2640973.5000 E_h^2, pmove=0.33
2026-06-02 19:49:38,573 - Step 00902: 181.5957 E_h, exp. variance=2439538.7500 E_h^2, pmove=0.34
2026-06-02 19:49:39,217 - Step 00903: 255.9910 E_h, exp. variance=2236783.2500 E_h^2, pmove=0.34
2026-06-02 19:49:39,859 - Step 00904: 217.7464 E_h, exp. variance=2050799.1250 E_h^2, pmove=0.33
2026-06-02 19:49:40,503 - Step 00905: 538.2085 E_h, exp. variance=1851896.5000 E_h^2, pmove=0.34
2026-06-02 19:49:41,147 - Step 00906: 190.4738 E_h, exp. variance=1697351.7500 E_h^2, pmove=0.34
2026-06-02 19:49:41,791 - Step 00907: 495.3228 E_h, exp. variance=1531985.3750 E_h^2, pmove=0.34
2026-06-02 19:49:42,441 - Step 00908: 252.8888 E_h, exp. variance=1396268.1250 E_h^2, pmove=0.34
2026-06-02 19:49:43,085 - Step 00909: 112.0641 E_h, exp. variance=1282640.6250 E_h^2, pmove=0.34
2026-06-02 19:49:43,728 - Step 00910: 413.9225 E_h, exp. variance=1157353.3750 E_h^2, pmove=0.34
2026-06-02 19:49:44,371 - Step 00911: 633.0744 E_h, exp. variance=1041894.8750 E_h^2, pmove=0.35
2026-06-02 19:49:45,014 - Step 00912: 436.5342 E_h, exp. variance=939640.0625 E_h^2, pmove=0.35
2026-06-02 19:49:45,662 - Step 00913: 269.7991 E_h, exp. variance=853705.5625 E_h^2, pmove=0.35
2026-06-02 19:49:46,378 - Step 00914: 598.5424 E_h, exp. variance=768658.1250 E_h^2, pmove=0.35
2026-06-02 19:49:47,021 - Step 00915: 466.5044 E_h, exp. variance=692341.4375 E_h^2, pmove=0.36
2026-06-02 19:49:47,664 - Step 00916: 1272.6660 E_h, exp. variance=671841.7500 E_h^2, pmove=0.36
2026-06-02 19:49:48,306 - Step 00917: 117.5585 E_h, exp. variance=626516.9375 E_h^2, pmove=0.36
2026-06-02 19:49:48,950 - Step 00918: 167.5085 E_h, exp. variance=577807.9375 E_h^2, pmove=0.35
2026-06-02 19:49:49,683 - Step 00919: 461.3125 E_h, exp. variance=520355.8438 E_h^2, pmove=0.36
2026-06-02 19:49:50,330 - Step 00920: 300.9781 E_h, exp. variance=472469.8438 E_h^2, pmove=0.36
2026-06-02 19:49:50,973 - Step 00921: 694.7313 E_h, exp. variance=428840.9062 E_h^2, pmove=0.36
2026-06-02 19:49:51,615 - Step 00922: 144.9554 E_h, exp. variance=398232.9062 E_h^2, pmove=0.36
2026-06-02 19:49:52,258 - Step 00923: 997.1754 E_h, exp. variance=382729.4375 E_h^2, pmove=0.36
2026-06-02 19:49:52,901 - Step 00924: 519.5078 E_h, exp. variance=344465.1875 E_h^2, pmove=0.36
2026-06-02 19:49:53,544 - Step 00925: 611.1221 E_h, exp. variance=310635.3125 E_h^2, pmove=0.36
2026-06-02 19:49:54,189 - Step 00926: 177.5519 E_h, exp. variance=291175.8438 E_h^2, pmove=0.35
2026-06-02 19:49:54,832 - Step 00927: 209.9926 E_h, exp. variance=269665.1875 E_h^2, pmove=0.36
2026-06-02 19:49:55,474 - Step 00928: 166.3682 E_h, exp. variance=251086.1562 E_h^2, pmove=0.37
2026-06-02 19:49:56,118 - Step 00929: 482.1413 E_h, exp. variance=226129.0000 E_h^2, pmove=0.36
2026-06-02 19:49:56,762 - Step 00930: 654.4291 E_h, exp. variance=207455.2344 E_h^2, pmove=0.36
2026-06-02 19:49:57,405 - Step 00931: 136.1569 E_h, exp. variance=196509.7812 E_h^2, pmove=0.36
2026-06-02 19:49:58,052 - Step 00932: 307.1665 E_h, exp. variance=178287.0938 E_h^2, pmove=0.35
2026-06-02 19:49:58,698 - Step 00933: 729.3876 E_h, exp. variance=169042.9062 E_h^2, pmove=0.37
2026-06-02 19:49:59,341 - Step 00934: 96.0999 E_h, exp. variance=163501.9219 E_h^2, pmove=0.37
2026-06-02 19:49:59,984 - Step 00935: 473.0953 E_h, exp. variance=147446.1875 E_h^2, pmove=0.36
2026-06-02 19:50:00,628 - Step 00936: 111.8903 E_h, exp. variance=141335.2969 E_h^2, pmove=0.36
2026-06-02 19:50:01,271 - Step 00937: 915.5089 E_h, exp. variance=151995.2656 E_h^2, pmove=0.36
2026-06-02 19:50:01,918 - Step 00938: 148.8699 E_h, exp. variance=144588.7656 E_h^2, pmove=0.36
2026-06-02 19:50:02,563 - Step 00939: 2213.3105 E_h, exp. variance=421602.3438 E_h^2, pmove=0.36
2026-06-02 19:50:03,295 - Step 00940: 2486.5134 E_h, exp. variance=701900.8750 E_h^2, pmove=0.35
2026-06-02 19:50:03,939 - Step 00941: 2106.4917 E_h, exp. variance=789369.5000 E_h^2, pmove=0.35
2026-06-02 19:50:04,582 - Step 00942: 211.5212 E_h, exp. variance=755010.4375 E_h^2, pmove=0.35
2026-06-02 19:50:05,228 - Step 00943: 192.0397 E_h, exp. variance=717872.7500 E_h^2, pmove=0.35
2026-06-02 19:50:05,228 - Saving checkpoint results/bilayer-bosons/BosonNet/N24_layers12_12_rs3.0_d4.0_D20.0_sq/qmcjax_ckpt_000943.npz
2026-06-02 19:50:05,980 - Step 00944: 1601.0670 E_h, exp. variance=706812.7500 E_h^2, pmove=0.34
2026-06-02 19:50:06,626 - Step 00945: 258.9390 E_h, exp. variance=668839.0625 E_h^2, pmove=0.34
2026-06-02 19:50:07,268 - Step 00946: 228.5325 E_h, exp. variance=631500.9375 E_h^2, pmove=0.35
2026-06-02 19:50:07,910 - Step 00947: 211.4552 E_h, exp. variance=593894.3750 E_h^2, pmove=0.35
2026-06-02 19:50:08,553 - Step 00948: 158.7299 E_h, exp. variance=559995.8125 E_h^2, pmove=0.36
2026-06-02 19:50:09,195 - Step 00949: 171.3203 E_h, exp. variance=523572.6250 E_h^2, pmove=0.35
2026-06-02 19:50:09,838 - Step 00950: 147.4953 E_h, exp. variance=488923.3438 E_h^2, pmove=0.35
2026-06-02 19:50:10,484 - Step 00951: 9436.3809 E_h, exp. variance=7552393.0000 E_h^2, pmove=0.35
2026-06-02 19:50:11,128 - Step 00952: 870.6721 E_h, exp. variance=6825884.0000 E_h^2, pmove=0.36
2026-06-02 19:50:11,771 - Step 00953: 885.7618 E_h, exp. variance=6165207.0000 E_h^2, pmove=0.35
2026-06-02 19:50:12,520 - Step 00954: 1206.2991 E_h, exp. variance=5550059.5000 E_h^2, pmove=0.35
2026-06-02 19:50:13,164 - Step 00955: 179.4552 E_h, exp. variance=5111613.0000 E_h^2, pmove=0.35
2026-06-02 19:50:13,806 - Step 00956: 162.8438 E_h, exp. variance=4697951.5000 E_h^2, pmove=0.35
2026-06-02 19:50:14,448 - Step 00957: 221.5125 E_h, exp. variance=4297549.0000 E_h^2, pmove=0.33
2026-06-02 19:50:15,092 - Step 00958: 651.4591 E_h, exp. variance=3879479.2500 E_h^2, pmove=0.33
2026-06-02 19:50:15,735 - Step 00959: 798.7654 E_h, exp. variance=3494350.5000 E_h^2, pmove=0.33
2026-06-02 19:50:16,378 - Step 00960: 109.0669 E_h, exp. variance=3209785.7500 E_h^2, pmove=0.33
2026-06-02 19:50:17,021 - Step 00961: 171.3337 E_h, exp. variance=2933137.0000 E_h^2, pmove=0.34
2026-06-02 19:50:17,663 - Step 00962: 373.1741 E_h, exp. variance=2656448.7500 E_h^2, pmove=0.33
2026-06-02 19:50:18,305 - Step 00963: 820.9785 E_h, exp. variance=2391138.5000 E_h^2, pmove=0.33
2026-06-02 19:50:18,949 - Step 00964: 1404.2361 E_h, exp. variance=2188675.0000 E_h^2, pmove=0.32
2026-06-02 19:50:19,593 - Step 00965: 296.1971 E_h, exp. variance=1995443.5000 E_h^2, pmove=0.32
2026-06-02 19:50:20,246 - Step 00966: 8861.1758 E_h, exp. variance=7678425.5000 E_h^2, pmove=0.32
2026-06-02 19:50:20,890 - Step 00967: 374.0356 E_h, exp. variance=7042562.0000 E_h^2, pmove=0.32
2026-06-02 19:50:21,533 - Step 00968: 281.8803 E_h, exp. variance=6464052.0000 E_h^2, pmove=0.33
2026-06-02 19:50:22,177 - Step 00969: 58.5719 E_h, exp. variance=5966749.5000 E_h^2, pmove=0.32
2026-06-02 19:50:22,825 - Step 00970: 281.8136 E_h, exp. variance=5448784.0000 E_h^2, pmove=0.33
2026-06-02 19:50:23,469 - Step 00971: 85.8280 E_h, exp. variance=5000809.0000 E_h^2, pmove=0.33
2026-06-02 19:50:24,112 - Step 00972: 167.1346 E_h, exp. variance=4566147.0000 E_h^2, pmove=0.34
2026-06-02 19:50:24,755 - Step 00973: 4045.8206 E_h, exp. variance=4980789.0000 E_h^2, pmove=0.33
2026-06-02 19:50:25,399 - Step 00974: 126.6696 E_h, exp. variance=4595387.5000 E_h^2, pmove=0.32
2026-06-02 19:50:26,043 - Step 00975: 323.3430 E_h, exp. variance=4194949.0000 E_h^2, pmove=0.32
2026-06-02 19:50:26,687 - Step 00976: 216.0470 E_h, exp. variance=3838446.7500 E_h^2, pmove=0.32
2026-06-02 19:50:27,331 - Step 00977: 840.7904 E_h, exp. variance=3456081.2500 E_h^2, pmove=0.32
2026-06-02 19:50:27,974 - Step 00978: 89.0101 E_h, exp. variance=3178151.2500 E_h^2, pmove=0.32
2026-06-02 19:50:28,661 - Step 00979: 817.9031 E_h, exp. variance=2860575.2500 E_h^2, pmove=0.32
2026-06-02 19:50:29,305 - Step 00980: 802.5469 E_h, exp. variance=2574861.0000 E_h^2, pmove=0.32
2026-06-02 19:50:30,014 - Step 00981: 340.8680 E_h, exp. variance=2341455.2500 E_h^2, pmove=0.32
2026-06-02 19:50:30,657 - Step 00982: 117.8518 E_h, exp. variance=2149979.0000 E_h^2, pmove=0.32
2026-06-02 19:50:31,303 - Step 00983: 692.7249 E_h, exp. variance=1935162.0000 E_h^2, pmove=0.32
2026-06-02 19:50:31,948 - Step 00984: 245.8126 E_h, exp. variance=1763013.1250 E_h^2, pmove=0.32
2026-06-02 19:50:32,591 - Step 00985: 112.5022 E_h, exp. variance=1616141.6250 E_h^2, pmove=0.32
2026-06-02 19:50:33,235 - Step 00986: 424.3052 E_h, exp. variance=1458230.7500 E_h^2, pmove=0.32
2026-06-02 19:50:33,878 - Step 00987: 176.9885 E_h, exp. variance=1329039.5000 E_h^2, pmove=0.32
2026-06-02 19:50:34,522 - Step 00988: 424.6358 E_h, exp. variance=1197880.6250 E_h^2, pmove=0.32
2026-06-02 19:50:35,166 - Step 00989: 85.9621 E_h, exp. variance=1097468.8750 E_h^2, pmove=0.31
2026-06-02 19:50:35,824 - Step 00990: 81.6501 E_h, exp. variance=1003742.6250 E_h^2, pmove=0.32
2026-06-02 19:50:36,468 - Step 00991: 242.2124 E_h, exp. variance=907691.0000 E_h^2, pmove=0.32
2026-06-02 19:50:37,112 - Step 00992: 153.4998 E_h, exp. variance=824281.0625 E_h^2, pmove=0.32
2026-06-02 19:50:37,762 - Step 00993: 4261.2505 E_h, exp. variance=2076150.5000 E_h^2, pmove=0.32
2026-06-02 19:50:38,406 - Step 00994: 193.8077 E_h, exp. variance=1901161.2500 E_h^2, pmove=0.31
2026-06-02 19:50:39,052 - Step 00995: 79.9581 E_h, exp. variance=1749743.3750 E_h^2, pmove=0.31
2026-06-02 19:50:39,727 - Step 00996: 162.0488 E_h, exp. variance=1598000.7500 E_h^2, pmove=0.32
2026-06-02 19:50:40,372 - Step 00997: 268.0468 E_h, exp. variance=1449305.2500 E_h^2, pmove=0.31
2026-06-02 19:50:41,018 - Step 00998: 86.7980 E_h, exp. variance=1326639.8750 E_h^2, pmove=0.31
2026-06-02 19:50:41,662 - Step 00999: 3013.1465 E_h, exp. variance=1746933.0000 E_h^2, pmove=0.31
2026-06-02 19:50:42,306 - Step 01000: 521.3945 E_h, exp. variance=1578366.7500 E_h^2, pmove=0.31
2026-06-02 19:50:42,951 - Step 01001: 146.5222 E_h, exp. variance=1453986.1250 E_h^2, pmove=0.32
2026-06-02 19:50:43,597 - Step 01002: 468.6086 E_h, exp. variance=1313210.5000 E_h^2, pmove=0.32
2026-06-02 19:50:44,241 - Step 01003: 76.9275 E_h, exp. variance=1213822.3750 E_h^2, pmove=0.32
2026-06-02 19:50:44,886 - Step 01004: 1290.2236 E_h, exp. variance=1133714.3750 E_h^2, pmove=0.31
2026-06-02 19:50:45,530 - Step 01005: 1992.1527 E_h, exp. variance=1175124.7500 E_h^2, pmove=0.32
2026-06-02 19:50:46,177 - Step 01006: 227.9604 E_h, exp. variance=1088299.1250 E_h^2, pmove=0.31
2026-06-02 19:50:46,822 - Step 01007: 1019.1497 E_h, exp. variance=985820.9375 E_h^2, pmove=0.31
2026-06-02 19:50:47,466 - Step 01008: 1352.6006 E_h, exp. variance=916741.4375 E_h^2, pmove=0.31
2026-06-02 19:50:48,118 - Step 01009: 182.5357 E_h, exp. variance=863653.0000 E_h^2, pmove=0.31
2026-06-02 19:50:48,763 - Step 01010: 84.9201 E_h, exp. variance=819754.1875 E_h^2, pmove=0.30
2026-06-02 19:50:49,407 - Step 01011: 129.8866 E_h, exp. variance=767354.6875 E_h^2, pmove=0.30
2026-06-02 19:50:50,055 - Step 01012: 341.2848 E_h, exp. variance=698965.7500 E_h^2, pmove=0.30
2026-06-02 19:50:50,701 - Step 01013: 4430.2188 E_h, exp. variance=1938850.1250 E_h^2, pmove=0.29
2026-06-02 19:50:51,345 - Step 01014: 672.6177 E_h, exp. variance=1754426.3750 E_h^2, pmove=0.29
2026-06-02 19:50:51,995 - Step 01015: 101.2327 E_h, exp. variance=1646042.8750 E_h^2, pmove=0.30
2026-06-02 19:50:52,641 - Step 01016: 1743.9778 E_h, exp. variance=1548914.6250 E_h^2, pmove=0.29
2026-06-02 19:50:53,285 - Step 01017: 194.7385 E_h, exp. variance=1447377.8750 E_h^2, pmove=0.29
2026-06-02 19:50:53,929 - Step 01018: 53.9526 E_h, exp. variance=1365201.8750 E_h^2, pmove=0.29
2026-06-02 19:50:54,572 - Step 01019: 393.8768 E_h, exp. variance=1243843.6250 E_h^2, pmove=0.29
2026-06-02 19:50:55,215 - Step 01020: 2297.4575 E_h, exp. variance=1331292.6250 E_h^2, pmove=0.29
2026-06-02 19:50:55,860 - Step 01021: 164.4508 E_h, exp. variance=1249092.0000 E_h^2, pmove=0.29
2026-06-02 19:50:56,507 - Step 01022: 175.9490 E_h, exp. variance=1164045.6250 E_h^2, pmove=0.30
2026-06-02 19:50:57,151 - Step 01023: 87.2966 E_h, exp. variance=1090195.3750 E_h^2, pmove=0.31
2026-06-02 19:50:57,860 - Step 01024: 342.2760 E_h, exp. variance=993092.6875 E_h^2, pmove=0.30
2026-06-02 19:50:58,504 - Step 01025: 52.7601 E_h, exp. variance=928046.4375 E_h^2, pmove=0.30
2026-06-02 19:50:59,149 - Step 01026: 188.1330 E_h, exp. variance=851112.8750 E_h^2, pmove=0.30
2026-06-02 19:50:59,793 - Step 01027: 447.2149 E_h, exp. variance=767273.0625 E_h^2, pmove=0.30
2026-06-02 19:51:00,441 - Step 01028: 76.1733 E_h, exp. variance=711110.6250 E_h^2, pmove=0.29
2026-06-02 19:51:01,085 - Step 01029: 74.9486 E_h, exp. variance=656752.0625 E_h^2, pmove=0.30
2026-06-02 19:51:01,731 - Step 01030: 211.0342 E_h, exp. variance=596801.6875 E_h^2, pmove=0.30
2026-06-02 19:51:02,375 - Step 01031: 52.9334 E_h, exp. variance=550467.9375 E_h^2, pmove=0.30
2026-06-02 19:51:03,020 - Step 01032: 109.2162 E_h, exp. variance=503005.6562 E_h^2, pmove=0.30
2026-06-02 19:51:03,664 - Step 01033: 91.5507 E_h, exp. variance=459707.4062 E_h^2, pmove=0.31
2026-06-02 19:51:04,311 - Step 01034: 244.5106 E_h, exp. variance=414602.4375 E_h^2, pmove=0.31
2026-06-02 19:51:04,955 - Step 01035: 132.8246 E_h, exp. variance=376740.6562 E_h^2, pmove=0.31
2026-06-02 19:51:05,600 - Step 01036: 344.2248 E_h, exp. variance=339155.5312 E_h^2, pmove=0.31
2026-06-02 19:51:06,243 - Step 01037: 82.6785 E_h, exp. variance=310136.5625 E_h^2, pmove=0.32
2026-06-02 19:51:06,888 - Step 01038: 166.3752 E_h, exp. variance=280556.9688 E_h^2, pmove=0.32
2026-06-02 19:51:07,532 - Step 01039: 117.6509 E_h, exp. variance=254872.9062 E_h^2, pmove=0.32
2026-06-02 19:51:08,183 - Step 01040: 742.7623 E_h, exp. variance=250036.4219 E_h^2, pmove=0.32
2026-06-02 19:51:08,831 - Step 01041: 142.0109 E_h, exp. variance=227622.7656 E_h^2, pmove=0.32
2026-06-02 19:51:09,478 - Step 01042: 68.0736 E_h, exp. variance=209482.2969 E_h^2, pmove=0.31
2026-06-02 19:51:10,122 - Step 01043: 1388.8843 E_h, exp. variance=300797.7188 E_h^2, pmove=0.32
2026-06-02 19:51:10,765 - Step 01044: 44.9041 E_h, exp. variance=281049.0625 E_h^2, pmove=0.32
2026-06-02 19:51:11,411 - Step 01045: 2070.9812 E_h, exp. variance=519556.5312 E_h^2, pmove=0.33
2026-06-02 19:51:12,058 - Step 01046: 68.7775 E_h, exp. variance=486083.4062 E_h^2, pmove=0.33
2026-06-02 19:51:12,705 - Step 01047: 49.9760 E_h, exp. variance=453857.9688 E_h^2, pmove=0.33
2026-06-02 19:51:13,352 - Step 01048: 109.4237 E_h, exp. variance=417951.5000 E_h^2, pmove=0.33
2026-06-02 19:51:13,999 - Step 01049: 128.7462 E_h, exp. variance=382852.3125 E_h^2, pmove=0.34
2026-06-02 19:51:14,644 - Step 01050: 71.3080 E_h, exp. variance=352825.8125 E_h^2, pmove=0.33
2026-06-02 19:51:15,389 - Step 01051: 40.7651 E_h, exp. variance=325815.5938 E_h^2, pmove=0.34
2026-06-02 19:51:16,036 - Step 01052: 107.9763 E_h, exp. variance=297040.1875 E_h^2, pmove=0.33
2026-06-02 19:51:16,685 - Step 01053: 639.3942 E_h, exp. variance=278131.5312 E_h^2, pmove=0.34
2026-06-02 19:51:17,331 - Step 01054: 96.3650 E_h, exp. variance=255134.4688 E_h^2, pmove=0.35
2026-06-02 19:51:17,977 - Step 01055: 62.7935 E_h, exp. variance=234881.5781 E_h^2, pmove=0.35
2026-06-02 19:51:18,624 - Step 01056: 112.3822 E_h, exp. variance=213933.5938 E_h^2, pmove=0.35
2026-06-02 19:51:19,269 - Step 01057: 69.1102 E_h, exp. variance=195943.9844 E_h^2, pmove=0.34
2026-06-02 19:51:19,959 - Step 01058: 209.3098 E_h, exp. variance=176458.7344 E_h^2, pmove=0.34
2026-06-02 19:51:20,606 - Step 01059: 131.7651 E_h, exp. variance=159879.9531 E_h^2, pmove=0.34
2026-06-02 19:51:21,256 - Step 01060: 765.2504 E_h, exp. variance=169699.0469 E_h^2, pmove=0.34
2026-06-02 19:51:21,903 - Step 01061: 163.1628 E_h, exp. variance=154028.3750 E_h^2, pmove=0.34
2026-06-02 19:51:22,549 - Step 01062: 59.4102 E_h, exp. variance=142666.2031 E_h^2, pmove=0.34
2026-06-02 19:51:23,196 - Step 01063: 150.5022 E_h, exp. variance=129292.5234 E_h^2, pmove=0.34
2026-06-02 19:51:23,843 - Step 01064: 74.4085 E_h, exp. variance=118835.5312 E_h^2, pmove=0.33
2026-06-02 19:51:24,490 - Step 01065: 72.1613 E_h, exp. variance=109015.3125 E_h^2, pmove=0.33
2026-06-02 19:51:25,224 - Step 01066: 173.4024 E_h, exp. variance=98224.2188 E_h^2, pmove=0.33
2026-06-02 19:51:25,871 - Step 01067: 36.9582 E_h, exp. variance=90941.1016 E_h^2, pmove=0.32
2026-06-02 19:51:26,516 - Step 01068: 72.5109 E_h, exp. variance=83050.1484 E_h^2, pmove=0.34
2026-06-02 19:51:27,163 - Step 01069: 75.5081 E_h, exp. variance=75664.3594 E_h^2, pmove=0.34
2026-06-02 19:51:27,809 - Step 01070: 42.0753 E_h, exp. variance=69490.4609 E_h^2, pmove=0.34
2026-06-02 19:51:28,455 - Step 01071: 130.0703 E_h, exp. variance=62593.0586 E_h^2, pmove=0.34
2026-06-02 19:51:29,102 - Step 01072: 180.6535 E_h, exp. variance=56409.5664 E_h^2, pmove=0.34
2026-06-02 19:51:29,749 - Step 01073: 61.2031 E_h, exp. variance=51552.5391 E_h^2, pmove=0.33
2026-06-02 19:51:30,394 - Step 01074: 75.2229 E_h, exp. variance=46837.9883 E_h^2, pmove=0.33
2026-06-02 19:51:31,040 - Step 01075: 365.1191 E_h, exp. variance=46788.4258 E_h^2, pmove=0.33
2026-06-02 19:51:31,684 - Step 01076: 59.7054 E_h, exp. variance=43031.0938 E_h^2, pmove=0.33
2026-06-02 19:51:32,330 - Step 01077: 60.3605 E_h, exp. variance=39463.7070 E_h^2, pmove=0.34
2026-06-02 19:51:32,975 - Step 01078: 92.1831 E_h, exp. variance=35738.3047 E_h^2, pmove=0.33
2026-06-02 19:51:33,620 - Step 01079: 77.3708 E_h, exp. variance=32482.1074 E_h^2, pmove=0.33
2026-06-02 19:51:34,265 - Step 01080: 65.8844 E_h, exp. variance=29613.5957 E_h^2, pmove=0.33
2026-06-02 19:51:34,911 - Step 01081: 160.4011 E_h, exp. variance=26769.2578 E_h^2, pmove=0.33
2026-06-02 19:51:35,556 - Step 01082: 89.2796 E_h, exp. variance=24226.9043 E_h^2, pmove=0.34
2026-06-02 19:51:36,201 - Step 01083: 74.2946 E_h, exp. variance=22027.2969 E_h^2, pmove=0.34
2026-06-02 19:51:36,846 - Step 01084: 42.8381 E_h, exp. variance=20348.0312 E_h^2, pmove=0.34
2026-06-02 19:51:37,492 - Step 01085: 48.6552 E_h, exp. variance=18668.4102 E_h^2, pmove=0.34
2026-06-02 19:51:38,136 - Step 01086: 85.7586 E_h, exp. variance=16835.5645 E_h^2, pmove=0.34
2026-06-02 19:51:38,782 - Step 01087: 130.6643 E_h, exp. variance=15219.6445 E_h^2, pmove=0.34
2026-06-02 19:51:39,427 - Step 01088: 68.2598 E_h, exp. variance=13825.8135 E_h^2, pmove=0.34
2026-06-02 19:51:40,073 - Step 01089: 104.0415 E_h, exp. variance=12443.5303 E_h^2, pmove=0.34
2026-06-02 19:51:40,719 - Step 01090: 46.1856 E_h, exp. variance=11483.5918 E_h^2, pmove=0.34
2026-06-02 19:51:41,372 - Step 01091: 70.8151 E_h, exp. variance=10395.9053 E_h^2, pmove=0.35
2026-06-02 19:51:42,018 - Step 01092: 200.2469 E_h, exp. variance=10368.7754 E_h^2, pmove=0.35
2026-06-02 19:51:42,663 - Step 01093: 433.7982 E_h, exp. variance=19074.1113 E_h^2, pmove=0.34
2026-06-02 19:51:43,308 - Step 01094: 123.0644 E_h, exp. variance=17185.9531 E_h^2, pmove=0.35
2026-06-02 19:51:43,953 - Step 01095: 420.9574 E_h, exp. variance=22763.7441 E_h^2, pmove=0.34
2026-06-02 19:51:44,599 - Step 01096: 6955.4238 E_h, exp. variance=4170739.7500 E_h^2, pmove=0.35
2026-06-02 19:51:45,244 - Step 01097: 60.7075 E_h, exp. variance=3808853.0000 E_h^2, pmove=0.35
2026-06-02 19:51:45,890 - Step 01098: 116.2089 E_h, exp. variance=3465905.7500 E_h^2, pmove=0.34
2026-06-02 19:51:46,535 - Step 01099: 53.1891 E_h, exp. variance=3157031.0000 E_h^2, pmove=0.34
2026-06-02 19:51:47,181 - Step 01100: 168.8651 E_h, exp. variance=2860950.7500 E_h^2, pmove=0.35
2026-06-02 19:51:47,827 - Step 01101: 67.7351 E_h, exp. variance=2599320.5000 E_h^2, pmove=0.35
2026-06-02 19:51:48,472 - Step 01102: 69.6612 E_h, exp. variance=2359042.5000 E_h^2, pmove=0.35
2026-06-02 19:51:49,118 - Step 01103: 407.4708 E_h, exp. variance=2123754.7500 E_h^2, pmove=0.35
2026-06-02 19:51:49,772 - Step 01104: 152.5717 E_h, exp. variance=1921144.2500 E_h^2, pmove=0.34
2026-06-02 19:51:50,417 - Step 01105: 163.0817 E_h, exp. variance=1736388.5000 E_h^2, pmove=0.35
2026-06-02 19:51:51,063 - Step 01106: 77.5624 E_h, exp. variance=1573329.8750 E_h^2, pmove=0.34
2026-06-02 19:51:51,709 - Step 01107: 61.7325 E_h, exp. variance=1425468.7500 E_h^2, pmove=0.35
2026-06-02 19:51:52,354 - Step 01108: 413.8795 E_h, exp. variance=1283247.7500 E_h^2, pmove=0.35
2026-06-02 19:51:53,000 - Step 01109: 44.7178 E_h, exp. variance=1163853.3750 E_h^2, pmove=0.35
2026-06-02 19:51:53,645 - Step 01110: 72.1273 E_h, exp. variance=1053370.5000 E_h^2, pmove=0.35
2026-06-02 19:51:54,294 - Step 01111: 491.4825 E_h, exp. variance=951243.9375 E_h^2, pmove=0.36
2026-06-02 19:51:54,939 - Step 01112: 996.4373 E_h, exp. variance=897118.3750 E_h^2, pmove=0.36
2026-06-02 19:51:55,585 - Step 01113: 399.1555 E_h, exp. variance=807415.8125 E_h^2, pmove=0.36
2026-06-02 19:51:56,231 - Step 01114: 134.6165 E_h, exp. variance=732544.4375 E_h^2, pmove=0.35
2026-06-02 19:51:56,876 - Step 01115: 65.6631 E_h, exp. variance=667325.6250 E_h^2, pmove=0.35
2026-06-02 19:51:57,529 - Step 01116: 34.4328 E_h, exp. variance=608701.5000 E_h^2, pmove=0.36
2026-06-02 19:51:58,177 - Step 01117: 504.3270 E_h, exp. variance=551422.4375 E_h^2, pmove=0.36
2026-06-02 19:51:58,823 - Step 01118: 67.2797 E_h, exp. variance=502237.0625 E_h^2, pmove=0.36
2026-06-02 19:51:59,468 - Step 01119: 208.3140 E_h, exp. variance=452750.5938 E_h^2, pmove=0.35
2026-06-02 19:52:00,116 - Step 01120: 64.3841 E_h, exp. variance=412047.4375 E_h^2, pmove=0.35
2026-06-02 19:52:00,763 - Step 01121: 35.8718 E_h, exp. variance=375660.1562 E_h^2, pmove=0.36
2026-06-02 19:52:01,409 - Step 01122: 30.1054 E_h, exp. variance=342215.4375 E_h^2, pmove=0.36
2026-06-02 19:52:02,055 - Step 01123: 57.0888 E_h, exp. variance=310462.2500 E_h^2, pmove=0.36
2026-06-02 19:52:02,701 - Step 01124: 46.6821 E_h, exp. variance=281704.3125 E_h^2, pmove=0.37
2026-06-02 19:52:03,347 - Step 01125: 146.2671 E_h, exp. variance=253707.5156 E_h^2, pmove=0.37
2026-06-02 19:52:03,993 - Step 01126: 3303.1069 E_h, exp. variance=1102921.7500 E_h^2, pmove=0.37
2026-06-02 19:52:04,638 - Step 01127: 34.6386 E_h, exp. variance=1011913.6250 E_h^2, pmove=0.37
2026-06-02 19:52:05,285 - Step 01128: 29.6372 E_h, exp. variance=926719.6875 E_h^2, pmove=0.38
2026-06-02 19:52:05,933 - Step 01129: 132.6584 E_h, exp. variance=840924.5000 E_h^2, pmove=0.39
2026-06-02 19:52:06,579 - Step 01130: 50.0220 E_h, exp. variance=766717.3125 E_h^2, pmove=0.38
2026-06-02 19:52:07,227 - Step 01131: 113.7117 E_h, exp. variance=694998.2500 E_h^2, pmove=0.38
2026-06-02 19:52:07,874 - Step 01132: 81.6054 E_h, exp. variance=630823.0000 E_h^2, pmove=0.38
2026-06-02 19:52:08,522 - Step 01133: 97.2498 E_h, exp. variance=571459.1250 E_h^2, pmove=0.38
2026-06-02 19:52:09,168 - Step 01134: 50.4646 E_h, exp. variance=519062.7812 E_h^2, pmove=0.38
2026-06-02 19:52:09,816 - Step 01135: 35.7458 E_h, exp. variance=471570.9062 E_h^2, pmove=0.38
2026-06-02 19:52:10,463 - Step 01136: 41.9109 E_h, exp. variance=427771.7188 E_h^2, pmove=0.39
2026-06-02 19:52:11,109 - Step 01137: 116.3327 E_h, exp. variance=385884.1250 E_h^2, pmove=0.38
2026-06-02 19:52:11,755 - Step 01138: 308.1122 E_h, exp. variance=348237.6250 E_h^2, pmove=0.38
2026-06-02 19:52:12,402 - Step 01139: 42.5205 E_h, exp. variance=316123.6875 E_h^2, pmove=0.38
2026-06-02 19:52:13,048 - Step 01140: 43.3103 E_h, exp. variance=286684.1250 E_h^2, pmove=0.38
2026-06-02 19:52:13,697 - Step 01141: 79.5825 E_h, exp. variance=258981.0938 E_h^2, pmove=0.39
2026-06-02 19:52:14,343 - Step 01142: 200.8859 E_h, exp. variance=233154.0000 E_h^2, pmove=0.39
2026-06-02 19:52:14,988 - Step 01143: 34.0489 E_h, exp. variance=211641.9844 E_h^2, pmove=0.39
2026-06-02 19:52:15,634 - Step 01144: 30.9590 E_h, exp. variance=192010.2344 E_h^2, pmove=0.40
2026-06-02 19:52:16,281 - Step 01145: 74.3779 E_h, exp. variance=173302.3281 E_h^2, pmove=0.40
2026-06-02 19:52:16,928 - Step 01146: 31.7305 E_h, exp. variance=157046.6250 E_h^2, pmove=0.39
2026-06-02 19:52:17,576 - Step 01147: 40.0612 E_h, exp. variance=142071.1094 E_h^2, pmove=0.40
2026-06-02 19:52:18,222 - Step 01148: 40.5327 E_h, exp. variance=128447.7422 E_h^2, pmove=0.39
2026-06-02 19:52:18,870 - Step 01149: 118.1332 E_h, exp. variance=115605.3203 E_h^2, pmove=0.39
2026-06-02 19:52:19,517 - Step 01150: 216.3521 E_h, exp. variance=104996.3438 E_h^2, pmove=0.39
2026-06-02 19:52:20,165 - Step 01151: 27.2013 E_h, exp. variance=95336.6953 E_h^2, pmove=0.39
2026-06-02 19:52:20,813 - Step 01152: 105.6406 E_h, exp. variance=85809.5391 E_h^2, pmove=0.41
2026-06-02 19:52:21,463 - Step 01153: 5587.4463 E_h, exp. variance=2774195.0000 E_h^2, pmove=0.41
2026-06-02 19:52:22,114 - Step 01154: 7510.5850 E_h, exp. variance=6719643.0000 E_h^2, pmove=0.41
2026-06-02 19:52:22,761 - Step 01155: 39.4821 E_h, exp. variance=6201237.0000 E_h^2, pmove=0.40
2026-06-02 19:52:23,407 - Step 01156: 225.2780 E_h, exp. variance=5669286.5000 E_h^2, pmove=0.40
2026-06-02 19:52:24,053 - Step 01157: 37.7126 E_h, exp. variance=5207020.0000 E_h^2, pmove=0.40
2026-06-02 19:52:24,700 - Step 01158: 516.5397 E_h, exp. variance=4708079.0000 E_h^2, pmove=0.40
2026-06-02 19:52:25,348 - Step 01159: 363.5966 E_h, exp. variance=4269186.0000 E_h^2, pmove=0.41
2026-06-02 19:52:25,995 - Step 01160: 37.7616 E_h, exp. variance=3909106.7500 E_h^2, pmove=0.40
2026-06-02 19:52:26,641 - Step 01161: 26.3836 E_h, exp. variance=3573936.0000 E_h^2, pmove=0.41
2026-06-02 19:52:27,286 - Step 01162: 30.7836 E_h, exp. variance=3261132.5000 E_h^2, pmove=0.41
2026-06-02 19:52:27,933 - Step 01163: 109.3734 E_h, exp. variance=2962731.5000 E_h^2, pmove=0.42
2026-06-02 19:52:28,579 - Step 01164: 72.6065 E_h, exp. variance=2692332.2500 E_h^2, pmove=0.43
2026-06-02 19:52:29,229 - Step 01165: 117.7482 E_h, exp. variance=2440319.0000 E_h^2, pmove=0.43
2026-06-02 19:52:29,876 - Step 01166: 54.2268 E_h, exp. variance=2215099.7500 E_h^2, pmove=0.41
2026-06-02 19:52:30,523 - Step 01167: 133.8850 E_h, exp. variance=2003499.1250 E_h^2, pmove=0.42
2026-06-02 19:52:31,170 - Step 01168: 147.1070 E_h, exp. variance=1810480.7500 E_h^2, pmove=0.41
2026-06-02 19:52:31,816 - Step 01169: 34.5686 E_h, exp. variance=1641714.6250 E_h^2, pmove=0.41
2026-06-02 19:52:32,463 - Step 01170: 39.9131 E_h, exp. variance=1487174.2500 E_h^2, pmove=0.41
2026-06-02 19:52:33,112 - Step 01171: 37.7075 E_h, exp. variance=1346375.3750 E_h^2, pmove=0.41
2026-06-02 19:52:33,759 - Step 01172: 24.6725 E_h, exp. variance=1218793.5000 E_h^2, pmove=0.41
2026-06-02 19:52:34,407 - Step 01173: 61.5285 E_h, exp. variance=1101079.6250 E_h^2, pmove=0.41
2026-06-02 19:52:35,054 - Step 01174: 29.8405 E_h, exp. variance=995540.5000 E_h^2, pmove=0.41
2026-06-02 19:52:35,702 - Step 01175: 24.2207 E_h, exp. variance=899895.1875 E_h^2, pmove=0.42
2026-06-02 19:52:36,363 - Step 01176: 421.1923 E_h, exp. variance=813852.4375 E_h^2, pmove=0.42
2026-06-02 19:52:37,012 - Step 01177: 100.6409 E_h, exp. variance=734037.2500 E_h^2, pmove=0.42
2026-06-02 19:52:37,658 - Step 01178: 91.0488 E_h, exp. variance=662118.8125 E_h^2, pmove=0.42
2026-06-02 19:52:38,306 - Step 01179: 37.7789 E_h, exp. variance=598474.0625 E_h^2, pmove=0.41
2026-06-02 19:52:38,953 - Step 01180: 123.9374 E_h, exp. variance=539016.8125 E_h^2, pmove=0.41
2026-06-02 19:52:39,600 - Step 01181: 26.9794 E_h, exp. variance=487311.4062 E_h^2, pmove=0.42
2026-06-02 19:52:40,246 - Step 01182: 24.7869 E_h, exp. variance=440415.1562 E_h^2, pmove=0.42
2026-06-02 19:52:40,894 - Step 01183: 23.8485 E_h, exp. variance=397881.6875 E_h^2, pmove=0.42
2026-06-02 19:52:41,542 - Step 01184: 32.1400 E_h, exp. variance=359147.3438 E_h^2, pmove=0.43
2026-06-02 19:52:42,188 - Step 01185: 2732.2117 E_h, exp. variance=932888.8125 E_h^2, pmove=0.43
2026-06-02 19:52:42,835 - Step 01186: 52.9793 E_h, exp. variance=849810.0625 E_h^2, pmove=0.42
2026-06-02 19:52:43,482 - Step 01187: 168.8546 E_h, exp. variance=767985.0625 E_h^2, pmove=0.43
2026-06-02 19:52:44,128 - Step 01188: 28.3393 E_h, exp. variance=699782.6250 E_h^2, pmove=0.42
2026-06-02 19:52:44,775 - Step 01189: 55.3896 E_h, exp. variance=635478.7500 E_h^2, pmove=0.42
2026-06-02 19:52:45,422 - Step 01190: 21.0842 E_h, exp. variance=578028.5000 E_h^2, pmove=0.43
2026-06-02 19:52:46,069 - Step 01191: 37.0423 E_h, exp. variance=524514.6875 E_h^2, pmove=0.44
2026-06-02 19:52:46,716 - Step 01192: 163.2321 E_h, exp. variance=472507.8125 E_h^2, pmove=0.44
2026-06-02 19:52:47,362 - Step 01193: 51.3118 E_h, exp. variance=428018.8125 E_h^2, pmove=0.44
2026-06-02 19:52:48,009 - Step 01194: 32.6542 E_h, exp. variance=388014.7812 E_h^2, pmove=0.43
2026-06-02 19:52:48,657 - Step 01195: 151.9658 E_h, exp. variance=349352.8125 E_h^2, pmove=0.43
2026-06-02 19:52:49,304 - Step 01196: 33.0073 E_h, exp. variance=316562.9062 E_h^2, pmove=0.43
2026-06-02 19:52:49,949 - Step 01197: 26.8201 E_h, exp. variance=286802.5312 E_h^2, pmove=0.43
2026-06-02 19:52:50,594 - Step 01198: 53.3874 E_h, exp. variance=259096.8281 E_h^2, pmove=0.43
2026-06-02 19:52:51,240 - Step 01199: 821.0912 E_h, exp. variance=274078.0312 E_h^2, pmove=0.43
2026-06-02 19:52:51,885 - Step 01200: 65.3642 E_h, exp. variance=248670.5312 E_h^2, pmove=0.42
2026-06-02 19:52:52,532 - Step 01201: 31.9764 E_h, exp. variance=226330.3906 E_h^2, pmove=0.43
2026-06-02 19:52:53,177 - Step 01202: 39.3387 E_h, exp. variance=205549.1875 E_h^2, pmove=0.42
2026-06-02 19:52:53,824 - Step 01203: 30.8803 E_h, exp. variance=186697.2500 E_h^2, pmove=0.43
2026-06-02 19:52:54,470 - Step 01204: 25.2044 E_h, exp. variance=169536.3125 E_h^2, pmove=0.43
2026-06-02 19:52:55,116 - Step 01205: 22.1982 E_h, exp. variance=153868.6719 E_h^2, pmove=0.43
2026-06-02 19:52:55,763 - Step 01206: 109.8741 E_h, exp. variance=138517.4688 E_h^2, pmove=0.43
2026-06-02 19:52:56,409 - Step 01207: 55.9275 E_h, exp. variance=125130.5000 E_h^2, pmove=0.43
2026-06-02 19:52:57,055 - Step 01208: 29.2323 E_h, exp. variance=113368.8359 E_h^2, pmove=0.43
2026-06-02 19:52:57,703 - Step 01209: 199.1972 E_h, exp. variance=102724.6484 E_h^2, pmove=0.43
2026-06-02 19:52:58,350 - Step 01210: 32.5492 E_h, exp. variance=93144.2422 E_h^2, pmove=0.43
2026-06-02 19:52:58,997 - Step 01211: 131.9157 E_h, exp. variance=83867.4297 E_h^2, pmove=0.44
2026-06-02 19:52:59,644 - Step 01212: 74.9505 E_h, exp. variance=75614.5312 E_h^2, pmove=0.43
2026-06-02 19:53:00,293 - Step 01213: 70.7748 E_h, exp. variance=68189.1484 E_h^2, pmove=0.43
2026-06-02 19:53:00,941 - Step 01214: 33.9592 E_h, exp. variance=61834.3438 E_h^2, pmove=0.43
2026-06-02 19:53:01,588 - Step 01215: 37.9595 E_h, exp. variance=55981.7422 E_h^2, pmove=0.44
2026-06-02 19:53:02,238 - Step 01216: 40.3417 E_h, exp. variance=50628.6562 E_h^2, pmove=0.44
2026-06-02 19:53:02,885 - Step 01217: 41.0043 E_h, exp. variance=45758.7500 E_h^2, pmove=0.44
2026-06-02 19:53:03,533 - Step 01218: 25.5401 E_h, exp. variance=41476.6953 E_h^2, pmove=0.44
2026-06-02 19:53:04,182 - Step 01219: 31.2788 E_h, exp. variance=37516.8633 E_h^2, pmove=0.43
2026-06-02 19:53:04,830 - Step 01220: 32.8243 E_h, exp. variance=33906.1016 E_h^2, pmove=0.43
2026-06-02 19:53:05,479 - Step 01221: 26.2804 E_h, exp. variance=30675.4453 E_h^2, pmove=0.44
2026-06-02 19:53:06,126 - Step 01222: 24.0977 E_h, exp. variance=27752.7988 E_h^2, pmove=0.44
2026-06-02 19:53:06,773 - Step 01223: 46.6776 E_h, exp. variance=24994.0000 E_h^2, pmove=0.44
2026-06-02 19:53:07,422 - Step 01224: 22.4221 E_h, exp. variance=22614.0723 E_h^2, pmove=0.44
2026-06-02 19:53:08,072 - Step 01225: 46.8072 E_h, exp. variance=20359.0234 E_h^2, pmove=0.45
2026-06-02 19:53:08,721 - Step 01226: 31.4726 E_h, exp. variance=18370.3184 E_h^2, pmove=0.45
2026-06-02 19:53:09,370 - Step 01227: 42.6209 E_h, exp. variance=16541.3438 E_h^2, pmove=0.46
2026-06-02 19:53:10,017 - Step 01228: 36.2988 E_h, exp. variance=14907.0234 E_h^2, pmove=0.46
2026-06-02 19:53:10,665 - Step 01229: 66.9441 E_h, exp. variance=13443.2305 E_h^2, pmove=0.46
2026-06-02 19:53:11,313 - Step 01230: 115.7776 E_h, exp. variance=12472.1201 E_h^2, pmove=0.46
2026-06-02 19:53:11,964 - Step 01231: 21.5567 E_h, exp. variance=11343.2695 E_h^2, pmove=0.45
2026-06-02 19:53:12,613 - Step 01232: 122.3760 E_h, exp. variance=10627.3232 E_h^2, pmove=0.45
2026-06-02 19:53:13,261 - Step 01233: 458.5790 E_h, exp. variance=23789.8750 E_h^2, pmove=0.45
2026-06-02 19:53:13,909 - Step 01234: 24.0746 E_h, exp. variance=21940.2793 E_h^2, pmove=0.45
2026-06-02 19:53:14,558 - Step 01235: 101.3050 E_h, exp. variance=19752.3105 E_h^2, pmove=0.46
2026-06-02 19:53:15,212 - Step 01236: 69.8140 E_h, exp. variance=17829.3809 E_h^2, pmove=0.46
2026-06-02 19:53:15,859 - Step 01237: 23.0716 E_h, exp. variance=16467.9844 E_h^2, pmove=0.46
2026-06-02 19:53:16,506 - Step 01238: 50.7301 E_h, exp. variance=14924.8350 E_h^2, pmove=0.47
2026-06-02 19:53:17,153 - Step 01239: 32.1204 E_h, exp. variance=13649.7852 E_h^2, pmove=0.46
2026-06-02 19:53:17,800 - Step 01240: 40.1610 E_h, exp. variance=12402.7217 E_h^2, pmove=0.46
2026-06-02 19:53:18,447 - Step 01241: 33.9798 E_h, exp. variance=11297.6455 E_h^2, pmove=0.46
2026-06-02 19:53:19,093 - Step 01242: 22.7665 E_h, exp. variance=10359.1113 E_h^2, pmove=0.47
2026-06-02 19:53:19,741 - Step 01243: 264.6939 E_h, exp. variance=12939.1133 E_h^2, pmove=0.46
2026-06-02 19:53:20,387 - Step 01244: 42.4104 E_h, exp. variance=11803.1016 E_h^2, pmove=0.47
2026-06-02 19:53:21,033 - Step 01245: 27.0114 E_h, exp. variance=10876.5215 E_h^2, pmove=0.46
2026-06-02 19:53:21,679 - Step 01246: 23.7789 E_h, exp. variance=10023.1367 E_h^2, pmove=0.46
2026-06-02 19:53:22,325 - Step 01247: 56.5436 E_h, exp. variance=9036.3926 E_h^2, pmove=0.46
2026-06-02 19:53:22,974 - Step 01248: 22.9174 E_h, exp. variance=8318.7783 E_h^2, pmove=0.46
2026-06-02 19:53:23,620 - Step 01249: 24.8904 E_h, exp. variance=7623.3999 E_h^2, pmove=0.46
2026-06-02 19:53:24,267 - Step 01250: 47.6409 E_h, exp. variance=6874.6743 E_h^2, pmove=0.46
2026-06-02 19:53:24,913 - Step 01251: 25.0342 E_h, exp. variance=6289.2739 E_h^2, pmove=0.46
2026-06-02 19:53:25,558 - Step 01252: 19.8706 E_h, exp. variance=5773.5903 E_h^2, pmove=0.46
2026-06-02 19:53:26,206 - Step 01253: 61.3462 E_h, exp. variance=5204.4404 E_h^2, pmove=0.46
2026-06-02 19:53:26,856 - Step 01254: 34.0872 E_h, exp. variance=4715.3452 E_h^2, pmove=0.46
2026-06-02 19:53:27,503 - Step 01255: 40.7606 E_h, exp. variance=4253.0347 E_h^2, pmove=0.47
2026-06-02 19:53:28,151 - Step 01256: 27.9146 E_h, exp. variance=3871.1218 E_h^2, pmove=0.46
2026-06-02 19:53:28,798 - Step 01257: 23.8455 E_h, exp. variance=3535.1204 E_h^2, pmove=0.47
2026-06-02 19:53:29,445 - Step 01258: 21.9846 E_h, exp. variance=3230.5039 E_h^2, pmove=0.47
2026-06-02 19:53:30,093 - Step 01259: 63.7010 E_h, exp. variance=2946.1621 E_h^2, pmove=0.48
2026-06-02 19:53:30,742 - Step 01260: 23.5787 E_h, exp. variance=2692.9839 E_h^2, pmove=0.47
2026-06-02 19:53:31,390 - Step 01261: 159.3730 E_h, exp. variance=3644.8235 E_h^2, pmove=0.48
2026-06-02 19:53:32,039 - Step 01262: 22.1153 E_h, exp. variance=3374.9553 E_h^2, pmove=0.48
2026-06-02 19:53:32,686 - Step 01263: 18.9727 E_h, exp. variance=3131.4929 E_h^2, pmove=0.48
2026-06-02 19:53:33,334 - Step 01264: 20.8368 E_h, exp. variance=2885.0620 E_h^2, pmove=0.49
2026-06-02 19:53:33,981 - Step 01265: 49.3724 E_h, exp. variance=2598.0183 E_h^2, pmove=0.49
2026-06-02 19:53:34,633 - Step 01266: 18.7412 E_h, exp. variance=2403.8418 E_h^2, pmove=0.50
2026-06-02 19:53:35,282 - Step 01267: 20.2625 E_h, exp. variance=2210.1672 E_h^2, pmove=0.50
2026-06-02 19:53:35,930 - Step 01268: 37.0054 E_h, exp. variance=1990.4231 E_h^2, pmove=0.49
2026-06-02 19:53:36,577 - Step 01269: 22.5555 E_h, exp. variance=1820.0063 E_h^2, pmove=0.49
2026-06-02 19:53:37,223 - Step 01270: 604.1494 E_h, exp. variance=30423.5078 E_h^2, pmove=0.49
2026-06-02 19:53:37,874 - Step 01271: 523.6788 E_h, exp. variance=43907.6602 E_h^2, pmove=0.49
2026-06-02 19:53:38,521 - Step 01272: 27.5761 E_h, exp. variance=40614.5508 E_h^2, pmove=0.48
2026-06-02 19:53:39,168 - Step 01273: 2275.4814 E_h, exp. variance=452002.7188 E_h^2, pmove=0.48
2026-06-02 19:53:39,816 - Step 01274: 21.5110 E_h, exp. variance=416036.2500 E_h^2, pmove=0.48
2026-06-02 19:53:40,463 - Step 01275: 17.6557 E_h, exp. variance=382113.3750 E_h^2, pmove=0.49
2026-06-02 19:53:41,111 - Step 01276: 42.0530 E_h, exp. variance=349022.4062 E_h^2, pmove=0.50
2026-06-02 19:53:41,761 - Step 01277: 32.6811 E_h, exp. variance=318637.7188 E_h^2, pmove=0.49
2026-06-02 19:53:42,408 - Step 01278: 167.4486 E_h, exp. variance=287176.3750 E_h^2, pmove=0.49
2026-06-02 19:53:43,054 - Step 01279: 27.9929 E_h, exp. variance=262045.7656 E_h^2, pmove=0.50
2026-06-02 19:53:43,699 - Step 01280: 20.2246 E_h, exp. variance=239003.3438 E_h^2, pmove=0.50
2026-06-02 19:53:44,347 - Step 01281: 18.2741 E_h, exp. variance=217723.9375 E_h^2, pmove=0.50
2026-06-02 19:53:44,993 - Step 01282: 18.0779 E_h, exp. variance=198079.9062 E_h^2, pmove=0.50
2026-06-02 19:53:45,642 - Step 01283: 121.0830 E_h, exp. variance=178384.6719 E_h^2, pmove=0.51
2026-06-02 19:53:46,289 - Step 01284: 26.7759 E_h, exp. variance=161978.7969 E_h^2, pmove=0.51
2026-06-02 19:53:46,936 - Step 01285: 20.6895 E_h, exp. variance=147069.0312 E_h^2, pmove=0.50
2026-06-02 19:53:47,582 - Step 01286: 43.7405 E_h, exp. variance=133006.5781 E_h^2, pmove=0.50
2026-06-02 19:53:48,228 - Step 01287: 19.8974 E_h, exp. variance=120605.9453 E_h^2, pmove=0.50
2026-06-02 19:53:48,877 - Step 01288: 19.5528 E_h, exp. variance=109279.9688 E_h^2, pmove=0.50
2026-06-02 19:53:49,524 - Step 01289: 20.6945 E_h, exp. variance=98930.4141 E_h^2, pmove=0.50
2026-06-02 19:53:50,170 - Step 01290: 20.5914 E_h, exp. variance=89507.2578 E_h^2, pmove=0.50
2026-06-02 19:53:50,817 - Step 01291: 25.1615 E_h, exp. variance=80885.5234 E_h^2, pmove=0.50
2026-06-02 19:53:51,464 - Step 01292: 100.5126 E_h, exp. variance=72836.4219 E_h^2, pmove=0.50
2026-06-02 19:53:52,110 - Step 01293: 30.5911 E_h, exp. variance=65787.5859 E_h^2, pmove=0.50
2026-06-02 19:53:52,759 - Step 01294: 24.5077 E_h, exp. variance=59452.6914 E_h^2, pmove=0.49
2026-06-02 19:53:53,406 - Step 01295: 16.3139 E_h, exp. variance=53780.0898 E_h^2, pmove=0.49
2026-06-02 19:53:54,058 - Step 01296: 43.6327 E_h, exp. variance=48446.5117 E_h^2, pmove=0.50
2026-06-02 19:53:54,704 - Step 01297: 151.1128 E_h, exp. variance=44290.6523 E_h^2, pmove=0.51
2026-06-02 19:53:55,351 - Step 01298: 27.4579 E_h, exp. variance=40043.1914 E_h^2, pmove=0.51
2026-06-02 19:53:55,999 - Step 01299: 20.6061 E_h, exp. variance=36240.0547 E_h^2, pmove=0.52
2026-06-02 19:53:56,647 - Step 01300: 26.7099 E_h, exp. variance=32735.6113 E_h^2, pmove=0.51
2026-06-02 19:53:57,296 - Step 01301: 36.3353 E_h, exp. variance=29510.3984 E_h^2, pmove=0.51
2026-06-02 19:53:57,945 - Step 01302: 23.2860 E_h, exp. variance=26662.8457 E_h^2, pmove=0.51
2026-06-02 19:53:58,593 - Step 01303: 20.8234 E_h, exp. variance=24094.4590 E_h^2, pmove=0.50
2026-06-02 19:53:59,241 - Step 01304: 109.3243 E_h, exp. variance=21996.3711 E_h^2, pmove=0.51
2026-06-02 19:53:59,888 - Step 01305: 17.4324 E_h, exp. variance=19933.3145 E_h^2, pmove=0.50
2026-06-02 19:54:00,539 - Step 01306: 69.8575 E_h, exp. variance=17967.1211 E_h^2, pmove=0.51
2026-06-02 19:54:01,187 - Step 01307: 536.2202 E_h, exp. variance=37078.7812 E_h^2, pmove=0.50
2026-06-02 19:54:01,835 - Step 01308: 45.3161 E_h, exp. variance=33664.4648 E_h^2, pmove=0.51
2026-06-02 19:54:02,483 - Step 01309: 22.9021 E_h, exp. variance=30788.3945 E_h^2, pmove=0.50
2026-06-02 19:54:03,131 - Step 01310: 22.4303 E_h, exp. variance=28112.4219 E_h^2, pmove=0.50
2026-06-02 19:54:03,780 - Step 01311: 184.4600 E_h, exp. variance=26234.1445 E_h^2, pmove=0.50
2026-06-02 19:54:04,427 - Step 01312: 49.7845 E_h, exp. variance=23777.4648 E_h^2, pmove=0.50
2026-06-02 19:54:05,073 - Step 01313: 30.2312 E_h, exp. variance=21705.5254 E_h^2, pmove=0.50
2026-06-02 19:54:05,720 - Step 01314: 27.1563 E_h, exp. variance=19812.5645 E_h^2, pmove=0.49
2026-06-02 19:54:06,366 - Step 01315: 19.3013 E_h, exp. variance=18132.3809 E_h^2, pmove=0.49
2026-06-02 19:54:07,014 - Step 01316: 30.4037 E_h, exp. variance=16470.0781 E_h^2, pmove=0.49
2026-06-02 19:54:07,661 - Step 01317: 21.5329 E_h, exp. variance=15011.2617 E_h^2, pmove=0.49
2026-06-02 19:54:08,309 - Step 01318: 31.3877 E_h, exp. variance=13598.3066 E_h^2, pmove=0.49
2026-06-02 19:54:08,956 - Step 01319: 25.7317 E_h, exp. variance=12341.4531 E_h^2, pmove=0.49
2026-06-02 19:54:09,604 - Step 01320: 35.0584 E_h, exp. variance=11147.4404 E_h^2, pmove=0.49
2026-06-02 19:54:10,251 - Step 01321: 21.5175 E_h, exp. variance=10128.0273 E_h^2, pmove=0.49
2026-06-02 19:54:10,898 - Step 01322: 146.4574 E_h, exp. variance=9938.6025 E_h^2, pmove=0.49
2026-06-02 19:54:11,546 - Step 01323: 52.6325 E_h, exp. variance=8950.1357 E_h^2, pmove=0.49
2026-06-02 19:54:12,192 - Step 01324: 29.6455 E_h, exp. variance=8135.8740 E_h^2, pmove=0.49
2026-06-02 19:54:12,839 - Step 01325: 16.3194 E_h, exp. variance=7468.3438 E_h^2, pmove=0.49
2026-06-02 19:54:13,486 - Step 01326: 402.7683 E_h, exp. variance=17758.6445 E_h^2, pmove=0.50
2026-06-02 19:54:14,134 - Step 01327: 35.9517 E_h, exp. variance=16222.8125 E_h^2, pmove=0.50
2026-06-02 19:54:14,781 - Step 01328: 23.1184 E_h, exp. variance=14917.1465 E_h^2, pmove=0.50
2026-06-02 19:54:15,431 - Step 01329: 30.0394 E_h, exp. variance=13619.6992 E_h^2, pmove=0.50
2026-06-02 19:54:16,079 - Step 01330: 31.9452 E_h, exp. variance=12401.0693 E_h^2, pmove=0.50
2026-06-02 19:54:16,727 - Step 01331: 18.0769 E_h, exp. variance=11384.0371 E_h^2, pmove=0.50
2026-06-02 19:54:17,375 - Step 01332: 86.4741 E_h, exp. variance=10295.7178 E_h^2, pmove=0.50
2026-06-02 19:54:18,022 - Step 01333: 24.3390 E_h, exp. variance=9416.7275 E_h^2, pmove=0.50
2026-06-02 19:54:18,670 - Step 01334: 60.8151 E_h, exp. variance=8475.0654 E_h^2, pmove=0.50
2026-06-02 19:54:19,318 - Step 01335: 18.6740 E_h, exp. variance=7789.6992 E_h^2, pmove=0.50
2026-06-02 19:54:19,966 - Step 01336: 25.0714 E_h, exp. variance=7101.7578 E_h^2, pmove=0.50
2026-06-02 19:54:20,613 - Step 01337: 38.3045 E_h, exp. variance=6412.8975 E_h^2, pmove=0.50
2026-06-02 19:54:21,261 - Step 01338: 230.8752 E_h, exp. variance=8646.2871 E_h^2, pmove=0.50
2026-06-02 19:54:21,908 - Step 01339: 55.1057 E_h, exp. variance=7801.6963 E_h^2, pmove=0.49
2026-06-02 19:54:22,557 - Step 01340: 17.0429 E_h, exp. variance=7260.1558 E_h^2, pmove=0.50
2026-06-02 19:54:23,205 - Step 01341: 33.1086 E_h, exp. variance=6616.6440 E_h^2, pmove=0.50
2026-06-02 19:54:23,851 - Step 01342: 17.4386 E_h, exp. variance=6120.7666 E_h^2, pmove=0.50
2026-06-02 19:54:24,498 - Step 01343: 127.9050 E_h, exp. variance=5973.1636 E_h^2, pmove=0.51
2026-06-02 19:54:25,145 - Step 01344: 17.1546 E_h, exp. variance=5567.0781 E_h^2, pmove=0.49
2026-06-02 19:54:25,792 - Step 01345: 32.2967 E_h, exp. variance=5072.8296 E_h^2, pmove=0.50
2026-06-02 19:54:26,440 - Step 01346: 15.5242 E_h, exp. variance=4713.0371 E_h^2, pmove=0.50
2026-06-02 19:54:27,088 - Step 01347: 93.0319 E_h, exp. variance=4393.5698 E_h^2, pmove=0.51
2026-06-02 19:54:27,735 - Step 01348: 17.8730 E_h, exp. variance=4085.4919 E_h^2, pmove=0.51
2026-06-02 19:54:28,383 - Step 01349: 206.2971 E_h, exp. variance=5812.7974 E_h^2, pmove=0.51
2026-06-02 19:54:29,030 - Step 01350: 31.6126 E_h, exp. variance=5348.4082 E_h^2, pmove=0.51
2026-06-02 19:54:29,680 - Step 01351: 1362.1064 E_h, exp. variance=156459.7188 E_h^2, pmove=0.50
2026-06-02 19:54:30,329 - Step 01352: 19.8127 E_h, exp. variance=143539.8594 E_h^2, pmove=0.49
2026-06-02 19:54:30,976 - Step 01353: 78.7724 E_h, exp. variance=130044.5391 E_h^2, pmove=0.49
2026-06-02 19:54:31,624 - Step 01354: 40.6919 E_h, exp. variance=118468.6875 E_h^2, pmove=0.49
2026-06-02 19:54:32,273 - Step 01355: 36.1816 E_h, exp. variance=107872.8750 E_h^2, pmove=0.50
2026-06-02 19:54:32,928 - Step 01356: 2048.3687 E_h, exp. variance=424066.9688 E_h^2, pmove=0.50
2026-06-02 19:54:33,576 - Step 01357: 17.1751 E_h, exp. variance=390631.6562 E_h^2, pmove=0.49
2026-06-02 19:54:34,223 - Step 01358: 36.5064 E_h, exp. variance=357880.2188 E_h^2, pmove=0.50
2026-06-02 19:54:34,871 - Step 01359: 24.3730 E_h, exp. variance=327738.4688 E_h^2, pmove=0.49
2026-06-02 19:54:35,518 - Step 01360: 17.1118 E_h, exp. variance=299837.5000 E_h^2, pmove=0.49
2026-06-02 19:54:36,167 - Step 01361: 1633.1257 E_h, exp. variance=447919.9062 E_h^2, pmove=0.49
2026-06-02 19:54:36,818 - Step 01362: 20.5185 E_h, exp. variance=413944.1562 E_h^2, pmove=0.50
2026-06-02 19:54:37,466 - Step 01363: 1907.6072 E_h, exp. variance=595830.1250 E_h^2, pmove=0.49
2026-06-02 19:54:38,115 - Step 01364: 21.6194 E_h, exp. variance=555993.9375 E_h^2, pmove=0.50
2026-06-02 19:54:38,763 - Step 01365: 17.7305 E_h, exp. variance=516685.9375 E_h^2, pmove=0.50
2026-06-02 19:54:39,412 - Step 01366: 396.2985 E_h, exp. variance=465019.0312 E_h^2, pmove=0.50
2026-06-02 19:54:40,062 - Step 01367: 21.2552 E_h, exp. variance=431441.6562 E_h^2, pmove=0.50
2026-06-02 19:54:40,710 - Step 01368: 17.0205 E_h, exp. variance=399027.9688 E_h^2, pmove=0.50
2026-06-02 19:54:41,357 - Step 01369: 22.6270 E_h, exp. variance=367506.0312 E_h^2, pmove=0.51
2026-06-02 19:54:42,006 - Step 01370: 34.3680 E_h, exp. variance=336975.9375 E_h^2, pmove=0.51
2026-06-02 19:54:42,655 - Step 01371: 27.2334 E_h, exp. variance=308625.4062 E_h^2, pmove=0.51
2026-06-02 19:54:43,304 - Step 01372: 17.7463 E_h, exp. variance=282476.6875 E_h^2, pmove=0.52
2026-06-02 19:54:43,955 - Step 01373: 16.3980 E_h, exp. variance=258097.3750 E_h^2, pmove=0.51
2026-06-02 19:54:44,607 - Step 01374: 19.0642 E_h, exp. variance=235332.0938 E_h^2, pmove=0.52
2026-06-02 19:54:45,255 - Step 01375: 24.3911 E_h, exp. variance=214108.7344 E_h^2, pmove=0.52
2026-06-02 19:54:45,905 - Step 01376: 20.0226 E_h, exp. variance=194683.9375 E_h^2, pmove=0.51
2026-06-02 19:54:46,553 - Step 01377: 26.2335 E_h, exp. variance=176678.2656 E_h^2, pmove=0.52
2026-06-02 19:54:47,203 - Step 01378: 83.8970 E_h, exp. variance=159303.5938 E_h^2, pmove=0.52
2026-06-02 19:54:47,852 - Step 01379: 17.6883 E_h, exp. variance=144617.3750 E_h^2, pmove=0.51
2026-06-02 19:54:48,499 - Step 01380: 108.5164 E_h, exp. variance=130175.8594 E_h^2, pmove=0.51
2026-06-02 19:54:49,148 - Step 01381: 21.7819 E_h, exp. variance=118062.3203 E_h^2, pmove=0.51
2026-06-02 19:54:49,797 - Step 01382: 22.9589 E_h, exp. variance=106969.3750 E_h^2, pmove=0.52
2026-06-02 19:54:50,448 - Step 01383: 16.9261 E_h, exp. variance=96940.4844 E_h^2, pmove=0.52
2026-06-02 19:54:51,095 - Step 01384: 1164.9326 E_h, exp. variance=190377.3281 E_h^2, pmove=0.52
2026-06-02 19:54:51,743 - Step 01385: 20.1337 E_h, exp. variance=174300.4375 E_h^2, pmove=0.52
2026-06-02 19:54:52,391 - Step 01386: 25.7977 E_h, exp. variance=159105.1250 E_h^2, pmove=0.52
2026-06-02 19:54:53,040 - Step 01387: 16.5301 E_h, exp. variance=145249.0625 E_h^2, pmove=0.52
2026-06-02 19:54:53,688 - Step 01388: 25.7898 E_h, exp. variance=132169.3438 E_h^2, pmove=0.51
2026-06-02 19:54:54,338 - Step 01389: 17.8740 E_h, exp. variance=120291.1406 E_h^2, pmove=0.51
2026-06-02 19:54:54,986 - Step 01390: 14.9042 E_h, exp. variance=109405.8750 E_h^2, pmove=0.51
2026-06-02 19:54:55,634 - Step 01391: 15.2042 E_h, exp. variance=99386.3281 E_h^2, pmove=0.52
2026-06-02 19:54:56,282 - Step 01392: 18.5507 E_h, exp. variance=90139.9062 E_h^2, pmove=0.53
2026-06-02 19:54:56,930 - Step 01393: 15.7173 E_h, exp. variance=81727.5859 E_h^2, pmove=0.53
2026-06-02 19:54:57,581 - Step 01394: 20.2270 E_h, exp. variance=73984.2734 E_h^2, pmove=0.53
2026-06-02 19:54:58,229 - Step 01395: 15.8532 E_h, exp. variance=66984.3594 E_h^2, pmove=0.53
2026-06-02 19:54:58,879 - Step 01396: 36.4609 E_h, exp. variance=60424.7969 E_h^2, pmove=0.53
2026-06-02 19:54:59,527 - Step 01397: 46.6400 E_h, exp. variance=54439.3516 E_h^2, pmove=0.53
2026-06-02 19:55:00,177 - Step 01398: 25.8149 E_h, exp. variance=49165.5742 E_h^2, pmove=0.52
2026-06-02 19:55:00,827 - Step 01399: 16.1674 E_h, exp. variance=44463.1797 E_h^2, pmove=0.53
2026-06-02 19:55:01,478 - Step 01400: 21.0372 E_h, exp. variance=40153.9844 E_h^2, pmove=0.54
2026-06-02 19:55:02,127 - Step 01401: 41.4687 E_h, exp. variance=36158.0312 E_h^2, pmove=0.53
2026-06-02 19:55:02,775 - Step 01402: 27.5263 E_h, exp. variance=32608.6699 E_h^2, pmove=0.53
2026-06-02 19:55:03,423 - Step 01403: 21.5318 E_h, exp. variance=29431.2402 E_h^2, pmove=0.52
2026-06-02 19:55:04,072 - Step 01404: 16.3970 E_h, exp. variance=26583.4004 E_h^2, pmove=0.52
2026-06-02 19:55:04,722 - Step 01405: 26.0023 E_h, exp. variance=23959.9141 E_h^2, pmove=0.52
2026-06-02 19:55:05,371 - Step 01406: 41.0124 E_h, exp. variance=21564.5801 E_h^2, pmove=0.52
2026-06-02 19:55:06,020 - Step 01407: 17.7064 E_h, exp. variance=19467.7383 E_h^2, pmove=0.52
2026-06-02 19:55:06,668 - Step 01408: 32.8003 E_h, exp. variance=17526.8242 E_h^2, pmove=0.52
2026-06-02 19:55:07,316 - Step 01409: 18.6066 E_h, exp. variance=15815.5752 E_h^2, pmove=0.52
2026-06-02 19:55:07,964 - Step 01410: 60.0921 E_h, exp. variance=14278.2725 E_h^2, pmove=0.52
2026-06-02 19:55:08,614 - Step 01411: 18.9489 E_h, exp. variance=12890.8398 E_h^2, pmove=0.51
2026-06-02 19:55:09,263 - Step 01412: 28.4130 E_h, exp. variance=11610.0547 E_h^2, pmove=0.52
2026-06-02 19:55:09,912 - Step 01413: 64.6099 E_h, exp. variance=10517.3799 E_h^2, pmove=0.51
2026-06-02 19:55:10,560 - Step 01414: 33.4621 E_h, exp. variance=9469.2695 E_h^2, pmove=0.51
2026-06-02 19:55:11,208 - Step 01415: 21.3832 E_h, exp. variance=8550.8359 E_h^2, pmove=0.51
2026-06-02 19:55:11,864 - Step 01416: 47.9931 E_h, exp. variance=7705.8569 E_h^2, pmove=0.51
2026-06-02 19:55:12,512 - Step 01417: 25.0088 E_h, exp. variance=6951.5469 E_h^2, pmove=0.50
2026-06-02 19:55:13,160 - Step 01418: 19.9106 E_h, exp. variance=6283.0215 E_h^2, pmove=0.51
2026-06-02 19:55:13,809 - Step 01419: 15.5986 E_h, exp. variance=5689.9780 E_h^2, pmove=0.51
2026-06-02 19:55:14,457 - Step 01420: 35.8470 E_h, exp. variance=5121.5137 E_h^2, pmove=0.52
2026-06-02 19:55:15,106 - Step 01421: 18.0241 E_h, exp. variance=4631.3535 E_h^2, pmove=0.51
2026-06-02 19:55:15,754 - Step 01422: 69.8031 E_h, exp. variance=4296.2046 E_h^2, pmove=0.52
2026-06-02 19:55:16,402 - Step 01423: 33.9270 E_h, exp. variance=3866.9216 E_h^2, pmove=0.52
2026-06-02 19:55:17,051 - Step 01424: 31.9745 E_h, exp. variance=3481.4585 E_h^2, pmove=0.52
2026-06-02 19:55:17,699 - Step 01425: 16.7422 E_h, exp. variance=3164.3093 E_h^2, pmove=0.52
2026-06-02 19:55:18,348 - Step 01426: 17.3052 E_h, exp. variance=2871.3215 E_h^2, pmove=0.52
2026-06-02 19:55:18,997 - Step 01427: 30.5141 E_h, exp. variance=2584.3452 E_h^2, pmove=0.52
2026-06-02 19:55:19,645 - Step 01428: 24.6602 E_h, exp. variance=2330.3699 E_h^2, pmove=0.52
2026-06-02 19:55:20,295 - Step 01429: 19.0584 E_h, exp. variance=2110.1565 E_h^2, pmove=0.51
2026-06-02 19:55:20,943 - Step 01430: 23.0374 E_h, exp. variance=1903.2584 E_h^2, pmove=0.52
2026-06-02 19:55:21,592 - Step 01431: 174.7014 E_h, exp. variance=3620.2539 E_h^2, pmove=0.51
2026-06-02 19:55:22,242 - Step 01432: 15.0210 E_h, exp. variance=3332.1628 E_h^2, pmove=0.51
2026-06-02 19:55:22,891 - Step 01433: 16.1433 E_h, exp. variance=3053.7356 E_h^2, pmove=0.51
2026-06-02 19:55:23,539 - Step 01434: 13.3113 E_h, exp. variance=2804.7827 E_h^2, pmove=0.52
2026-06-02 19:55:24,188 - Step 01435: 29.3435 E_h, exp. variance=2528.1091 E_h^2, pmove=0.53
2026-06-02 19:55:24,837 - Step 01436: 159.7370 E_h, exp. variance=3671.2559 E_h^2, pmove=0.53
2026-06-02 19:55:25,486 - Step 01437: 21.7244 E_h, exp. variance=3364.6196 E_h^2, pmove=0.53
2026-06-02 19:55:26,135 - Step 01438: 22.2804 E_h, exp. variance=3074.8469 E_h^2, pmove=0.53
2026-06-02 19:55:26,784 - Step 01439: 17.6340 E_h, exp. variance=2824.2676 E_h^2, pmove=0.53
2026-06-02 19:55:27,434 - Step 01440: 24.3181 E_h, exp. variance=2564.7273 E_h^2, pmove=0.53
2026-06-02 19:55:28,084 - Step 01441: 21.0099 E_h, exp. variance=2336.3240 E_h^2, pmove=0.53
2026-06-02 19:55:28,733 - Step 01442: 21.0003 E_h, exp. variance=2125.4551 E_h^2, pmove=0.53
2026-06-02 19:55:29,384 - Step 01443: 848.3189 E_h, exp. variance=61400.8867 E_h^2, pmove=0.52
2026-06-02 19:55:30,035 - Step 01444: 21.1500 E_h, exp. variance=56081.0078 E_h^2, pmove=0.52
2026-06-02 19:55:30,685 - Step 01445: 21.2604 E_h, exp. variance=51135.5664 E_h^2, pmove=0.53
2026-06-02 19:55:31,336 - Step 01446: 30.0129 E_h, exp. variance=46443.9922 E_h^2, pmove=0.53
2026-06-02 19:55:31,985 - Step 01447: 13.5734 E_h, exp. variance=42348.0820 E_h^2, pmove=0.52
2026-06-02 19:55:32,635 - Step 01448: 31.2774 E_h, exp. variance=38361.8633 E_h^2, pmove=0.54
2026-06-02 19:55:33,288 - Step 01449: 22.1831 E_h, exp. variance=34811.9023 E_h^2, pmove=0.54
2026-06-02 19:55:33,938 - Step 01450: 27.0574 E_h, exp. variance=31520.1641 E_h^2, pmove=0.54
2026-06-02 19:55:34,588 - Step 01451: 19.2925 E_h, exp. variance=28584.7441 E_h^2, pmove=0.54
2026-06-02 19:55:35,238 - Step 01452: 17.0078 E_h, exp. variance=25920.3398 E_h^2, pmove=0.54
2026-06-02 19:55:35,888 - Step 01453: 14.7066 E_h, exp. variance=23503.2910 E_h^2, pmove=0.55
2026-06-02 19:55:36,538 - Step 01454: 21.4562 E_h, exp. variance=21250.5859 E_h^2, pmove=0.55
2026-06-02 19:55:37,187 - Step 01455: 20.7378 E_h, exp. variance=19208.4824 E_h^2, pmove=0.55
2026-06-02 19:55:37,837 - Step 01456: 17.1582 E_h, exp. variance=17373.5859 E_h^2, pmove=0.55
2026-06-02 19:55:38,487 - Step 01457: 16.3711 E_h, exp. variance=15709.8438 E_h^2, pmove=0.55
2026-06-02 19:55:39,137 - Step 01458: 47.0070 E_h, exp. variance=14141.0156 E_h^2, pmove=0.55
2026-06-02 19:55:39,789 - Step 01459: 73.4795 E_h, exp. variance=12812.7275 E_h^2, pmove=0.54
2026-06-02 19:55:40,440 - Step 01460: 25.4247 E_h, exp. variance=11568.4111 E_h^2, pmove=0.54
2026-06-02 19:55:41,089 - Step 01461: 21.4769 E_h, exp. variance=10455.8662 E_h^2, pmove=0.53
2026-06-02 19:55:41,738 - Step 01462: 34.5651 E_h, exp. variance=9414.5381 E_h^2, pmove=0.53
2026-06-02 19:55:42,387 - Step 01463: 18.8240 E_h, exp. variance=8516.3750 E_h^2, pmove=0.53
2026-06-02 19:55:43,035 - Step 01464: 43.1856 E_h, exp. variance=7666.6602 E_h^2, pmove=0.52
2026-06-02 19:55:43,686 - Step 01465: 13.9541 E_h, exp. variance=6956.5635 E_h^2, pmove=0.52
2026-06-02 19:55:44,335 - Step 01466: 35.6134 E_h, exp. variance=6260.9810 E_h^2, pmove=0.53
2026-06-02 19:55:44,983 - Step 01467: 13.9772 E_h, exp. variance=5680.2441 E_h^2, pmove=0.53
2026-06-02 19:55:45,631 - Step 01468: 271.3008 E_h, exp. variance=10172.4805 E_h^2, pmove=0.54
2026-06-02 19:55:46,280 - Step 01469: 43.9636 E_h, exp. variance=9172.6982 E_h^2, pmove=0.53
2026-06-02 19:55:46,932 - Step 01470: 27.9152 E_h, exp. variance=8328.9727 E_h^2, pmove=0.54
2026-06-02 19:55:47,581 - Step 01471: 36.8807 E_h, exp. variance=7521.3613 E_h^2, pmove=0.52
2026-06-02 19:55:48,230 - Step 01472: 18.6844 E_h, exp. variance=6868.9175 E_h^2, pmove=0.52
2026-06-02 19:55:48,879 - Step 01473: 38.0687 E_h, exp. variance=6192.0796 E_h^2, pmove=0.52
2026-06-02 19:55:49,527 - Step 01474: 23.0849 E_h, exp. variance=5626.8779 E_h^2, pmove=0.53
2026-06-02 19:55:50,176 - Step 01475: 29.5289 E_h, exp. variance=5086.0996 E_h^2, pmove=0.52
2026-06-02 19:55:50,832 - Step 01476: 14.3478 E_h, exp. variance=4654.3506 E_h^2, pmove=0.52
2026-06-02 19:55:51,481 - Step 01477: 68.4660 E_h, exp. variance=4258.5562 E_h^2, pmove=0.52
2026-06-02 19:55:52,130 - Step 01478: 14.6097 E_h, exp. variance=3907.4590 E_h^2, pmove=0.52
2026-06-02 19:55:52,779 - Step 01479: 15.9985 E_h, exp. variance=3570.9565 E_h^2, pmove=0.53
2026-06-02 19:55:53,428 - Step 01480: 13.3182 E_h, exp. variance=3269.1050 E_h^2, pmove=0.53
2026-06-02 19:55:54,081 - Step 01481: 15.2097 E_h, exp. variance=2979.6724 E_h^2, pmove=0.54
2026-06-02 19:55:54,732 - Step 01482: 14.6653 E_h, exp. variance=2713.8884 E_h^2, pmove=0.53
2026-06-02 19:55:55,380 - Step 01483: 13.3868 E_h, exp. variance=2472.6318 E_h^2, pmove=0.54
2026-06-02 19:55:56,028 - Step 01484: 66.2185 E_h, exp. variance=2344.3782 E_h^2, pmove=0.55
2026-06-02 19:55:56,677 - Step 01485: 22.8088 E_h, exp. variance=2120.2102 E_h^2, pmove=0.54
2026-06-02 19:55:57,326 - Step 01486: 19.7424 E_h, exp. variance=1922.6603 E_h^2, pmove=0.54
2026-06-02 19:55:57,977 - Step 01487: 24.8327 E_h, exp. variance=1733.9913 E_h^2, pmove=0.54
2026-06-02 19:55:58,626 - Step 01488: 15.5206 E_h, exp. variance=1580.8475 E_h^2, pmove=0.53
2026-06-02 19:55:59,276 - Step 01489: 930.0517 E_h, exp. variance=74489.6094 E_h^2, pmove=0.54
2026-06-02 19:55:59,925 - Step 01490: 15.7401 E_h, exp. variance=68002.6094 E_h^2, pmove=0.54
2026-06-02 19:56:00,576 - Step 01491: 135.4826 E_h, exp. variance=61266.4844 E_h^2, pmove=0.53
2026-06-02 19:56:01,228 - Step 01492: 17.9826 E_h, exp. variance=55926.1953 E_h^2, pmove=0.53
2026-06-02 19:56:01,879 - Step 01493: 56.7045 E_h, exp. variance=50519.1133 E_h^2, pmove=0.53
2026-06-02 19:56:02,529 - Step 01494: 43.6553 E_h, exp. variance=45728.7969 E_h^2, pmove=0.53
2026-06-02 19:56:03,179 - Step 01495: 12.5781 E_h, exp. variance=41726.1562 E_h^2, pmove=0.54
2026-06-02 19:56:03,829 - Step 01496: 22.5137 E_h, exp. variance=37896.1992 E_h^2, pmove=0.54
2026-06-02 19:56:04,482 - Step 01497: 42.2436 E_h, exp. variance=34221.9453 E_h^2, pmove=0.54
2026-06-02 19:56:05,132 - Step 01498: 199.8152 E_h, exp. variance=32213.8535 E_h^2, pmove=0.54
2026-06-02 19:56:05,783 - Step 01499: 16.1705 E_h, exp. variance=29443.9980 E_h^2, pmove=0.55
2026-06-02 19:56:06,433 - Step 01500: 43.3639 E_h, exp. variance=26619.8574 E_h^2, pmove=0.55
2026-06-02 19:56:07,083 - Step 01501: 21.0122 E_h, exp. variance=24232.6074 E_h^2, pmove=0.54
2026-06-02 19:56:07,734 - Step 01502: 22.3015 E_h, exp. variance=22020.4922 E_h^2, pmove=0.54
2026-06-02 19:56:08,388 - Step 01503: 350.4558 E_h, exp. variance=27106.2168 E_h^2, pmove=0.54
2026-06-02 19:56:09,038 - Step 01504: 15.9280 E_h, exp. variance=24949.1016 E_h^2, pmove=0.54
2026-06-02 19:56:09,687 - Step 01505: 42.3038 E_h, exp. variance=22630.0527 E_h^2, pmove=0.54
2026-06-02 19:56:10,338 - Step 01506: 21.0743 E_h, exp. variance=20702.0840 E_h^2, pmove=0.54
2026-06-02 19:56:10,989 - Step 01507: 13.7018 E_h, exp. variance=18981.0176 E_h^2, pmove=0.53
2026-06-02 19:56:11,641 - Step 01508: 29.6008 E_h, exp. variance=17228.0488 E_h^2, pmove=0.55
2026-06-02 19:56:12,291 - Step 01509: 54.4752 E_h, exp. variance=15516.6689 E_h^2, pmove=0.54
2026-06-02 19:56:12,941 - Step 01510: 16.2366 E_h, exp. variance=14175.6484 E_h^2, pmove=0.53
2026-06-02 19:56:13,592 - Step 01511: 15.9188 E_h, exp. variance=12931.2070 E_h^2, pmove=0.54
2026-06-02 19:56:14,242 - Step 01512: 20.5686 E_h, exp. variance=11747.2246 E_h^2, pmove=0.53
2026-06-02 19:56:14,892 - Step 01513: 45.4119 E_h, exp. variance=10576.3018 E_h^2, pmove=0.53
2026-06-02 19:56:15,545 - Step 01514: 24.9401 E_h, exp. variance=9581.0156 E_h^2, pmove=0.54
2026-06-02 19:56:16,195 - Step 01515: 13.8318 E_h, exp. variance=8731.8828 E_h^2, pmove=0.52
2026-06-02 19:56:16,845 - Step 01516: 17.3780 E_h, exp. variance=7928.1006 E_h^2, pmove=0.53
2026-06-02 19:56:17,496 - Step 01517: 21.8351 E_h, exp. variance=7173.2461 E_h^2, pmove=0.53
2026-06-02 19:56:18,146 - Step 01518: 39.9226 E_h, exp. variance=6455.9355 E_h^2, pmove=0.53
2026-06-02 19:56:18,798 - Step 01519: 18.7311 E_h, exp. variance=5852.1260 E_h^2, pmove=0.52
2026-06-02 19:56:19,448 - Step 01520: 19.7911 E_h, exp. variance=5297.1597 E_h^2, pmove=0.53
2026-06-02 19:56:20,099 - Step 01521: 20.0445 E_h, exp. variance=4791.1963 E_h^2, pmove=0.53
2026-06-02 19:56:20,747 - Step 01522: 19.9616 E_h, exp. variance=4331.5352 E_h^2, pmove=0.52
2026-06-02 19:56:21,397 - Step 01523: 15.9884 E_h, exp. variance=3925.0283 E_h^2, pmove=0.52
2026-06-02 19:56:22,049 - Step 01524: 22.4554 E_h, exp. variance=3539.8464 E_h^2, pmove=0.52
2026-06-02 19:56:22,700 - Step 01525: 16.2703 E_h, exp. variance=3204.2717 E_h^2, pmove=0.52
2026-06-02 19:56:23,351 - Step 01526: 17.7779 E_h, exp. variance=2895.4680 E_h^2, pmove=0.52
2026-06-02 19:56:24,001 - Step 01527: 48.4313 E_h, exp. variance=2643.4688 E_h^2, pmove=0.52
2026-06-02 19:56:24,651 - Step 01528: 12.9013 E_h, exp. variance=2405.5840 E_h^2, pmove=0.52
2026-06-02 19:56:25,302 - Step 01529: 15.7483 E_h, exp. variance=2179.2810 E_h^2, pmove=0.54
2026-06-02 19:56:25,953 - Step 01530: 15.1752 E_h, exp. variance=1974.0979 E_h^2, pmove=0.54
2026-06-02 19:56:26,604 - Step 01531: 15.5214 E_h, exp. variance=1786.3549 E_h^2, pmove=0.54
2026-06-02 19:56:27,254 - Step 01532: 14.3738 E_h, exp. variance=1617.5946 E_h^2, pmove=0.54
2026-06-02 19:56:27,905 - Step 01533: 183.7796 E_h, exp. variance=3759.2107 E_h^2, pmove=0.54
2026-06-02 19:56:28,556 - Step 01534: 60.7078 E_h, exp. variance=3422.6350 E_h^2, pmove=0.54
2026-06-02 19:56:29,207 - Step 01535: 16.7829 E_h, exp. variance=3137.1045 E_h^2, pmove=0.54
2026-06-02 19:56:29,863 - Step 01536: 34.6046 E_h, exp. variance=2825.4458 E_h^2, pmove=0.53
2026-06-02 19:56:30,513 - Step 01537: 14.5856 E_h, exp. variance=2596.1162 E_h^2, pmove=0.53
2026-06-02 19:56:31,164 - Step 01538: 16.6512 E_h, exp. variance=2371.8557 E_h^2, pmove=0.53
2026-06-02 19:56:31,814 - Step 01539: 26.6856 E_h, exp. variance=2140.1494 E_h^2, pmove=0.53
2026-06-02 19:56:32,466 - Step 01540: 34.1045 E_h, exp. variance=1926.1484 E_h^2, pmove=0.52
2026-06-02 19:56:33,758 - Step 01541: 58.9246 E_h, exp. variance=1790.5826 E_h^2, pmove=0.52
2026-06-02 19:56:34,410 - Step 01542: 13.0781 E_h, exp. variance=1659.9130 E_h^2, pmove=0.52
2026-06-02 19:56:35,062 - Step 01543: 22.3066 E_h, exp. variance=1506.1157 E_h^2, pmove=0.53
2026-06-02 19:56:35,713 - Step 01544: 16.2259 E_h, exp. variance=1380.1754 E_h^2, pmove=0.53
2026-06-02 19:56:36,365 - Step 01545: 15.1994 E_h, exp. variance=1264.9897 E_h^2, pmove=0.53
2026-06-02 19:56:37,016 - Step 01546: 13.7910 E_h, exp. variance=1160.7970 E_h^2, pmove=0.53
2026-06-02 19:56:37,667 - Step 01547: 12.9098 E_h, exp. variance=1065.1028 E_h^2, pmove=0.54
2026-06-02 19:56:38,318 - Step 01548: 79.3962 E_h, exp. variance=1210.8430 E_h^2, pmove=0.54
2026-06-02 19:56:38,970 - Step 01549: 12.2553 E_h, exp. variance=1123.9591 E_h^2, pmove=0.54
2026-06-02 19:56:39,622 - Step 01550: 12.3016 E_h, exp. variance=1039.1194 E_h^2, pmove=0.56
2026-06-02 19:56:40,273 - Step 01551: 15.0965 E_h, exp. variance=950.3085 E_h^2, pmove=0.56
2026-06-02 19:56:40,924 - Step 01552: 13.8089 E_h, exp. variance=870.3605 E_h^2, pmove=0.56
2026-06-02 19:56:41,575 - Step 01553: 15.7310 E_h, exp. variance=791.8432 E_h^2, pmove=0.57
2026-06-02 19:56:42,226 - Step 01554: 20.6986 E_h, exp. variance=713.9506 E_h^2, pmove=0.57
2026-06-02 19:56:42,878 - Step 01555: 23.3964 E_h, exp. variance=642.6011 E_h^2, pmove=0.56
2026-06-02 19:56:43,530 - Step 01556: 15.7853 E_h, exp. variance=584.4692 E_h^2, pmove=0.56
2026-06-02 19:56:44,181 - Step 01557: 34.0794 E_h, exp. variance=536.6516 E_h^2, pmove=0.55
2026-06-02 19:56:44,832 - Step 01558: 12.9620 E_h, exp. variance=494.5530 E_h^2, pmove=0.55
2026-06-02 19:56:45,483 - Step 01559: 25.1990 E_h, exp. variance=445.4701 E_h^2, pmove=0.55
2026-06-02 19:56:46,134 - Step 01560: 13.8132 E_h, exp. variance=409.1401 E_h^2, pmove=0.55
2026-06-02 19:56:46,787 - Step 01561: 16.0304 E_h, exp. variance=371.8922 E_h^2, pmove=0.56
2026-06-02 19:56:47,438 - Step 01562: 13.0908 E_h, exp. variance=341.4897 E_h^2, pmove=0.55
2026-06-02 19:56:48,088 - Step 01563: 22.5507 E_h, exp. variance=307.5841 E_h^2, pmove=0.56
2026-06-02 19:56:48,740 - Step 01564: 57.3941 E_h, exp. variance=395.5709 E_h^2, pmove=0.56
2026-06-02 19:56:49,391 - Step 01565: 16.4457 E_h, exp. variance=362.1503 E_h^2, pmove=0.56
2026-06-02 19:56:50,043 - Step 01566: 16.3229 E_h, exp. variance=331.0715 E_h^2, pmove=0.55
2026-06-02 19:56:50,694 - Step 01567: 26.4068 E_h, exp. variance=298.9355 E_h^2, pmove=0.56
2026-06-02 19:56:51,345 - Step 01568: 19.2771 E_h, exp. variance=270.6094 E_h^2, pmove=0.55
2026-06-02 19:56:51,996 - Step 01569: 12.4091 E_h, exp. variance=253.7066 E_h^2, pmove=0.55
2026-06-02 19:56:52,647 - Step 01570: 12.1819 E_h, exp. variance=236.9596 E_h^2, pmove=0.56
2026-06-02 19:56:53,301 - Step 01571: 22.2768 E_h, exp. variance=213.4123 E_h^2, pmove=0.57
2026-06-02 19:56:53,953 - Step 01572: 17.6576 E_h, exp. variance=193.1501 E_h^2, pmove=0.56
2026-06-02 19:56:54,605 - Step 01573: 14.3498 E_h, exp. variance=177.5494 E_h^2, pmove=0.56
2026-06-02 19:56:55,256 - Step 01574: 13.7331 E_h, exp. variance=163.4791 E_h^2, pmove=0.56
2026-06-02 19:56:55,908 - Step 01575: 1063.5938 E_h, exp. variance=98260.5469 E_h^2, pmove=0.56
2026-06-02 19:56:56,560 - Step 01576: 13.0924 E_h, exp. variance=89539.5781 E_h^2, pmove=0.56
2026-06-02 19:56:57,213 - Step 01577: 88.3527 E_h, exp. variance=80639.5000 E_h^2, pmove=0.57
2026-06-02 19:56:57,865 - Step 01578: 17.9703 E_h, exp. variance=73344.0078 E_h^2, pmove=0.56
2026-06-02 19:56:58,516 - Step 01579: 762.5519 E_h, exp. variance=105382.2500 E_h^2, pmove=0.56
2026-06-02 19:56:59,167 - Step 01580: 28.3884 E_h, exp. variance=96580.0859 E_h^2, pmove=0.55
2026-06-02 19:56:59,819 - Step 01581: 154.7742 E_h, exp. variance=86922.2500 E_h^2, pmove=0.56
2026-06-02 19:57:00,474 - Step 01582: 14.1914 E_h, exp. variance=79977.2812 E_h^2, pmove=0.55
2026-06-02 19:57:01,125 - Step 01583: 14.1529 E_h, exp. variance=73395.7031 E_h^2, pmove=0.55
2026-06-02 19:57:01,776 - Step 01584: 49.7381 E_h, exp. variance=66594.0469 E_h^2, pmove=0.55
2026-06-02 19:57:02,433 - Step 01585: 14.7783 E_h, exp. variance=60918.1914 E_h^2, pmove=0.54
2026-06-02 19:57:03,084 - Step 01586: 17.0809 E_h, exp. variance=55584.5312 E_h^2, pmove=0.55
2026-06-02 19:57:03,738 - Step 01587: 20.0168 E_h, exp. variance=50597.3086 E_h^2, pmove=0.54
2026-06-02 19:57:04,390 - Step 01588: 17.4904 E_h, exp. variance=46033.4570 E_h^2, pmove=0.54
2026-06-02 19:57:05,042 - Step 01589: 77.1376 E_h, exp. variance=41434.7227 E_h^2, pmove=0.54
2026-06-02 19:57:05,694 - Step 01590: 14.4180 E_h, exp. variance=37721.7500 E_h^2, pmove=0.54
2026-06-02 19:57:06,345 - Step 01591: 20.0262 E_h, exp. variance=34238.2734 E_h^2, pmove=0.54
2026-06-02 19:57:07,000 - Step 01592: 14.3332 E_h, exp. variance=31103.4434 E_h^2, pmove=0.54
2026-06-02 19:57:07,654 - Step 01593: 39.9504 E_h, exp. variance=28051.0840 E_h^2, pmove=0.55
2026-06-02 19:57:08,305 - Step 01594: 644.2320 E_h, exp. variance=55672.1992 E_h^2, pmove=0.55
2026-06-02 19:57:08,957 - Step 01595: 17.5360 E_h, exp. variance=51067.2695 E_h^2, pmove=0.55
2026-06-02 19:57:09,611 - Step 01596: 12.9139 E_h, exp. variance=46819.3398 E_h^2, pmove=0.55
2026-06-02 19:57:10,267 - Step 01597: 33.3942 E_h, exp. variance=42546.6875 E_h^2, pmove=0.57
2026-06-02 19:57:10,921 - Step 01598: 14.8142 E_h, exp. variance=38857.5820 E_h^2, pmove=0.56
2026-06-02 19:57:11,575 - Step 01599: 14.6562 E_h, exp. variance=35431.9609 E_h^2, pmove=0.56
2026-06-02 19:57:12,230 - Step 01600: 14.4057 E_h, exp. variance=32264.3848 E_h^2, pmove=0.56
2026-06-02 19:57:12,884 - Step 01601: 16.1445 E_h, exp. variance=29324.2715 E_h^2, pmove=0.56
2026-06-02 19:57:13,540 - Step 01602: 16.2873 E_h, exp. variance=26622.4648 E_h^2, pmove=0.56
2026-06-02 19:57:14,193 - Step 01603: 17.6409 E_h, exp. variance=24136.0859 E_h^2, pmove=0.55
2026-06-02 19:57:14,846 - Step 01604: 15.6006 E_h, exp. variance=21879.9160 E_h^2, pmove=0.55
2026-06-02 19:57:15,500 - Step 01605: 328.8243 E_h, exp. variance=26526.9766 E_h^2, pmove=0.55
2026-06-02 19:57:16,154 - Step 01606: 26.3717 E_h, exp. variance=24140.9082 E_h^2, pmove=0.54
2026-06-02 19:57:16,810 - Step 01607: 13.1891 E_h, exp. variance=22074.6660 E_h^2, pmove=0.54
2026-06-02 19:57:17,466 - Step 01608: 12.0050 E_h, exp. variance=20161.0078 E_h^2, pmove=0.56
2026-06-02 19:57:18,120 - Step 01609: 274.9410 E_h, exp. variance=22171.3184 E_h^2, pmove=0.56
2026-06-02 19:57:18,774 - Step 01610: 359.9626 E_h, exp. variance=26779.4355 E_h^2, pmove=0.56
2026-06-02 19:57:19,428 - Step 01611: 13.2260 E_h, exp. variance=24981.6465 E_h^2, pmove=0.56
2026-06-02 19:57:20,082 - Step 01612: 13.4670 E_h, exp. variance=23192.5508 E_h^2, pmove=0.56
2026-06-02 19:57:20,738 - Step 01613: 13.9164 E_h, exp. variance=21441.1992 E_h^2, pmove=0.57
2026-06-02 19:57:21,392 - Step 01614: 13.5091 E_h, exp. variance=19762.3359 E_h^2, pmove=0.57
2026-06-02 19:57:22,046 - Step 01615: 12.9635 E_h, exp. variance=18169.3418 E_h^2, pmove=0.57
2026-06-02 19:57:22,700 - Step 01616: 13.8603 E_h, exp. variance=16653.4238 E_h^2, pmove=0.57
2026-06-02 19:57:23,354 - Step 01617: 34.3117 E_h, exp. variance=15077.9404 E_h^2, pmove=0.57
2026-06-02 19:57:24,011 - Step 01618: 12.6177 E_h, exp. variance=13796.3379 E_h^2, pmove=0.57
2026-06-02 19:57:24,666 - Step 01619: 12.3244 E_h, exp. variance=12602.3096 E_h^2, pmove=0.57
2026-06-02 19:57:25,320 - Step 01620: 18.8379 E_h, exp. variance=11448.3184 E_h^2, pmove=0.57
2026-06-02 19:57:25,976 - Step 01621: 26.2539 E_h, exp. variance=10353.2139 E_h^2, pmove=0.58
2026-06-02 19:57:26,630 - Step 01622: 40.1848 E_h, exp. variance=9322.5889 E_h^2, pmove=0.57
2026-06-02 19:57:27,287 - Step 01623: 31.9253 E_h, exp. variance=8409.9404 E_h^2, pmove=0.57
2026-06-02 19:57:27,942 - Step 01624: 20.1131 E_h, exp. variance=7625.6357 E_h^2, pmove=0.56
2026-06-02 19:57:28,596 - Step 01625: 13.9007 E_h, exp. variance=6937.7222 E_h^2, pmove=0.56
2026-06-02 19:57:29,250 - Step 01626: 12.2050 E_h, exp. variance=6312.5864 E_h^2, pmove=0.57
2026-06-02 19:57:29,904 - Step 01627: 22.4581 E_h, exp. variance=5700.5151 E_h^2, pmove=0.57
2026-06-02 19:57:30,561 - Step 01628: 14.1563 E_h, exp. variance=5171.8452 E_h^2, pmove=0.56
2026-06-02 19:57:31,217 - Step 01629: 21.6947 E_h, exp. variance=4667.1074 E_h^2, pmove=0.56
2026-06-02 19:57:31,870 - Step 01630: 20.8272 E_h, exp. variance=4212.1987 E_h^2, pmove=0.55
2026-06-02 19:57:32,526 - Step 01631: 15.0731 E_h, exp. variance=3814.1938 E_h^2, pmove=0.55
2026-06-02 19:57:33,180 - Step 01632: 41.2337 E_h, exp. variance=3445.1072 E_h^2, pmove=0.55
2026-06-02 19:57:33,835 - Step 01633: 23.1112 E_h, exp. variance=3105.7771 E_h^2, pmove=0.55
2026-06-02 19:57:34,491 - Step 01634: 407.0337 E_h, exp. variance=15593.1992 E_h^2, pmove=0.55
2026-06-02 19:57:35,144 - Step 01635: 27.4683 E_h, exp. variance=14179.1826 E_h^2, pmove=0.54
2026-06-02 19:57:35,799 - Step 01636: 74.6250 E_h, exp. variance=12772.1426 E_h^2, pmove=0.53
2026-06-02 19:57:36,453 - Step 01637: 32.6447 E_h, exp. variance=11587.5811 E_h^2, pmove=0.53
2026-06-02 19:57:37,108 - Step 01638: 17.0367 E_h, exp. variance=10606.9248 E_h^2, pmove=0.53
2026-06-02 19:57:37,763 - Step 01639: 21.3646 E_h, exp. variance=9660.9922 E_h^2, pmove=0.54
2026-06-02 19:57:38,418 - Step 01640: 13.8261 E_h, exp. variance=8836.5703 E_h^2, pmove=0.54
2026-06-02 19:57:39,073 - Step 01641: 34.7670 E_h, exp. variance=7972.5410 E_h^2, pmove=0.54
2026-06-02 19:57:39,727 - Step 01642: 24.4696 E_h, exp. variance=7225.3638 E_h^2, pmove=0.54
2026-06-02 19:57:40,383 - Step 01643: 16.9730 E_h, exp. variance=6577.0942 E_h^2, pmove=0.54
2026-06-02 19:57:41,037 - Step 01644: 12.7121 E_h, exp. variance=6001.0034 E_h^2, pmove=0.54
2026-06-02 19:57:41,691 - Step 01645: 28.6563 E_h, exp. variance=5412.1094 E_h^2, pmove=0.55
2026-06-02 19:57:42,346 - Step 01646: 21.3964 E_h, exp. variance=4897.8428 E_h^2, pmove=0.55
2026-06-02 19:57:43,006 - Step 01647: 17.2727 E_h, exp. variance=4442.9731 E_h^2, pmove=0.54
2026-06-02 19:57:43,661 - Step 01648: 13.2491 E_h, exp. variance=4041.2522 E_h^2, pmove=0.55
2026-06-02 19:57:44,316 - Step 01649: 12.5528 E_h, exp. variance=3674.1108 E_h^2, pmove=0.55
2026-06-02 19:57:44,971 - Step 01650: 12.9438 E_h, exp. variance=3335.3865 E_h^2, pmove=0.55
2026-06-02 19:57:45,625 - Step 01651: 61.2225 E_h, exp. variance=3095.2251 E_h^2, pmove=0.56
2026-06-02 19:57:46,279 - Step 01652: 14.1866 E_h, exp. variance=2815.0125 E_h^2, pmove=0.56
2026-06-02 19:57:46,934 - Step 01653: 16.9501 E_h, exp. variance=2549.8606 E_h^2, pmove=0.55
2026-06-02 19:57:47,590 - Step 01654: 15.2653 E_h, exp. variance=2312.0515 E_h^2, pmove=0.55
2026-06-02 19:57:48,244 - Step 01655: 14.8354 E_h, exp. variance=2095.7388 E_h^2, pmove=0.56
2026-06-02 19:57:48,899 - Step 01656: 13.6067 E_h, exp. variance=1900.9238 E_h^2, pmove=0.55
2026-06-02 19:57:49,554 - Step 01657: 13.3806 E_h, exp. variance=1723.2599 E_h^2, pmove=0.56
2026-06-02 19:57:50,209 - Step 01658: 26.4380 E_h, exp. variance=1551.4879 E_h^2, pmove=0.56
2026-06-02 19:57:50,865 - Step 01659: 16.9917 E_h, exp. variance=1401.0219 E_h^2, pmove=0.56
2026-06-02 19:57:51,521 - Step 01660: 12.8982 E_h, exp. variance=1271.0042 E_h^2, pmove=0.55
2026-06-02 19:57:52,177 - Step 01661: 12.7320 E_h, exp. variance=1152.3597 E_h^2, pmove=0.55
2026-06-02 19:57:52,832 - Step 01662: 22.6685 E_h, exp. variance=1037.2561 E_h^2, pmove=0.56
2026-06-02 19:57:53,487 - Step 01663: 15.4252 E_h, exp. variance=936.9366 E_h^2, pmove=0.55
2026-06-02 19:57:54,142 - Step 01664: 16.1100 E_h, exp. variance=845.3616 E_h^2, pmove=0.55
2026-06-02 19:57:54,798 - Step 01665: 16.2412 E_h, exp. variance=762.4399 E_h^2, pmove=0.55
2026-06-02 19:57:55,455 - Step 01666: 16.3836 E_h, exp. variance=687.4078 E_h^2, pmove=0.55
2026-06-02 19:57:56,109 - Step 01667: 15.1121 E_h, exp. variance=620.5500 E_h^2, pmove=0.55
2026-06-02 19:57:56,764 - Step 01668: 11.9891 E_h, exp. variance=563.2122 E_h^2, pmove=0.55
2026-06-02 19:57:57,420 - Step 01669: 13.5673 E_h, exp. variance=509.0851 E_h^2, pmove=0.56
2026-06-02 19:57:58,075 - Step 01670: 18.2851 E_h, exp. variance=458.1833 E_h^2, pmove=0.56
2026-06-02 19:57:58,730 - Step 01671: 23.0803 E_h, exp. variance=414.6528 E_h^2, pmove=0.55
2026-06-02 19:57:59,386 - Step 01672: 13.8233 E_h, exp. variance=375.1920 E_h^2, pmove=0.55
2026-06-02 19:58:00,042 - Step 01673: 20.0983 E_h, exp. variance=338.0428 E_h^2, pmove=0.56
2026-06-02 19:58:00,698 - Step 01674: 25.0423 E_h, exp. variance=308.3621 E_h^2, pmove=0.56
2026-06-02 19:58:01,353 - Step 01675: 26.4213 E_h, exp. variance=282.5492 E_h^2, pmove=0.55
2026-06-02 19:58:02,008 - Step 01676: 12.0409 E_h, exp. variance=259.5702 E_h^2, pmove=0.54
2026-06-02 19:58:02,665 - Step 01677: 73.5899 E_h, exp. variance=502.4891 E_h^2, pmove=0.56
2026-06-02 19:58:03,320 - Step 01678: 16.8319 E_h, exp. variance=457.3919 E_h^2, pmove=0.56
2026-06-02 19:58:03,977 - Step 01679: 14.5212 E_h, exp. variance=419.1381 E_h^2, pmove=0.56
2026-06-02 19:58:04,633 - Step 01680: 25.7583 E_h, exp. variance=378.0501 E_h^2, pmove=0.56
2026-06-02 19:58:05,288 - Step 01681: 36.1955 E_h, exp. variance=355.8402 E_h^2, pmove=0.56
2026-06-02 19:58:05,943 - Step 01682: 12.4935 E_h, exp. variance=332.9046 E_h^2, pmove=0.55
2026-06-02 19:58:06,598 - Step 01683: 16.3062 E_h, exp. variance=303.8454 E_h^2, pmove=0.55
2026-06-02 19:58:07,256 - Step 01684: 13.5949 E_h, exp. variance=280.5614 E_h^2, pmove=0.55
2026-06-02 19:58:07,911 - Step 01685: 12.3510 E_h, exp. variance=260.1859 E_h^2, pmove=0.55
2026-06-02 19:58:08,566 - Step 01686: 13.2576 E_h, exp. variance=239.1058 E_h^2, pmove=0.56
2026-06-02 19:58:09,222 - Step 01687: 15.4013 E_h, exp. variance=217.0365 E_h^2, pmove=0.56
2026-06-02 19:58:09,877 - Step 01688: 13.3735 E_h, exp. variance=198.6801 E_h^2, pmove=0.56
2026-06-02 19:58:10,535 - Step 01689: 16.0852 E_h, exp. variance=179.5062 E_h^2, pmove=0.56
2026-06-02 19:58:11,191 - Step 01690: 17.8890 E_h, exp. variance=161.5991 E_h^2, pmove=0.56
2026-06-02 19:58:11,846 - Step 01691: 19.8206 E_h, exp. variance=145.5926 E_h^2, pmove=0.56
2026-06-02 19:58:12,501 - Step 01692: 12.2110 E_h, exp. variance=134.7597 E_h^2, pmove=0.55
2026-06-02 19:58:13,157 - Step 01693: 12.5407 E_h, exp. variance=123.9681 E_h^2, pmove=0.56
2026-06-02 19:58:13,815 - Step 01694: 11.7197 E_h, exp. variance=114.5327 E_h^2, pmove=0.57
2026-06-02 19:58:14,471 - Step 01695: 12.2026 E_h, exp. variance=105.0504 E_h^2, pmove=0.57
2026-06-02 19:58:15,126 - Step 01696: 102.5655 E_h, exp. variance=762.5277 E_h^2, pmove=0.58
2026-06-02 19:58:15,781 - Step 01697: 17.6673 E_h, exp. variance=691.1530 E_h^2, pmove=0.57
2026-06-02 19:58:16,439 - Step 01698: 13.7406 E_h, exp. variance=632.0599 E_h^2, pmove=0.56
2026-06-02 19:58:17,099 - Step 01699: 15.1844 E_h, exp. variance=574.6914 E_h^2, pmove=0.57
2026-06-02 19:58:17,754 - Step 01700: 12.2241 E_h, exp. variance=526.6016 E_h^2, pmove=0.57
2026-06-02 19:58:18,410 - Step 01701: 12.6657 E_h, exp. variance=480.8258 E_h^2, pmove=0.58
2026-06-02 19:58:19,065 - Step 01702: 12.7910 E_h, exp. variance=438.1435 E_h^2, pmove=0.57
2026-06-02 19:58:19,722 - Step 01703: 20.9280 E_h, exp. variance=394.4514 E_h^2, pmove=0.58
2026-06-02 19:58:20,378 - Step 01704: 27.5298 E_h, exp. variance=360.2743 E_h^2, pmove=0.57
2026-06-02 19:58:21,034 - Step 01705: 62.9967 E_h, exp. variance=485.6829 E_h^2, pmove=0.56
2026-06-02 19:58:21,689 - Step 01706: 25.8300 E_h, exp. variance=437.1960 E_h^2, pmove=0.56
2026-06-02 19:58:22,346 - Step 01707: 12.0774 E_h, exp. variance=408.4464 E_h^2, pmove=0.56
2026-06-02 19:58:23,005 - Step 01708: 11.6751 E_h, exp. variance=380.5827 E_h^2, pmove=0.57
2026-06-02 19:58:23,661 - Step 01709: 16.6305 E_h, exp. variance=345.6079 E_h^2, pmove=0.57
2026-06-02 19:58:24,318 - Step 01710: 16.2727 E_h, exp. variance=313.8956 E_h^2, pmove=0.57
2026-06-02 19:58:24,975 - Step 01711: 11.5832 E_h, exp. variance=291.0663 E_h^2, pmove=0.57
2026-06-02 19:58:25,631 - Step 01712: 12.7188 E_h, exp. variance=267.2155 E_h^2, pmove=0.57
2026-06-02 19:58:26,291 - Step 01713: 12.5384 E_h, exp. variance=244.9773 E_h^2, pmove=0.58
2026-06-02 19:58:26,948 - Step 01714: 16.3849 E_h, exp. variance=221.0447 E_h^2, pmove=0.58
2026-06-02 19:58:27,604 - Step 01715: 20.4326 E_h, exp. variance=199.2294 E_h^2, pmove=0.57
2026-06-02 19:58:28,260 - Step 01716: 16.1007 E_h, exp. variance=179.9717 E_h^2, pmove=0.57
2026-06-02 19:58:28,917 - Step 01717: 15.0201 E_h, exp. variance=163.0943 E_h^2, pmove=0.56
2026-06-02 19:58:29,577 - Step 01718: 13.6129 E_h, exp. variance=148.6742 E_h^2, pmove=0.56
2026-06-02 19:58:30,239 - Step 01719: 107.6030 E_h, exp. variance=860.6445 E_h^2, pmove=0.56
2026-06-02 19:58:30,894 - Step 01720: 24.5222 E_h, exp. variance=775.0160 E_h^2, pmove=0.55
2026-06-02 19:58:31,551 - Step 01721: 20.0691 E_h, exp. variance=701.2400 E_h^2, pmove=0.55
2026-06-02 19:58:32,210 - Step 01722: 16.4793 E_h, exp. variance=639.0353 E_h^2, pmove=0.55
2026-06-02 19:58:32,868 - Step 01723: 14.5641 E_h, exp. variance=584.7868 E_h^2, pmove=0.54
2026-06-02 19:58:33,525 - Step 01724: 13.9841 E_h, exp. variance=535.1321 E_h^2, pmove=0.54
2026-06-02 19:58:34,182 - Step 01725: 16.8200 E_h, exp. variance=484.9411 E_h^2, pmove=0.55
2026-06-02 19:58:34,838 - Step 01726: 19.6088 E_h, exp. variance=437.0931 E_h^2, pmove=0.55
2026-06-02 19:58:35,495 - Step 01727: 12.5142 E_h, exp. variance=401.5166 E_h^2, pmove=0.55
2026-06-02 19:58:36,153 - Step 01728: 13.2704 E_h, exp. variance=366.8395 E_h^2, pmove=0.57
2026-06-02 19:58:36,810 - Step 01729: 11.5455 E_h, exp. variance=337.0370 E_h^2, pmove=0.56
2026-06-02 19:58:37,466 - Step 01730: 14.0186 E_h, exp. variance=305.9545 E_h^2, pmove=0.57
2026-06-02 19:58:38,122 - Step 01731: 11.9058 E_h, exp. variance=279.7310 E_h^2, pmove=0.57
2026-06-02 19:58:38,780 - Step 01732: 11.8876 E_h, exp. variance=255.3198 E_h^2, pmove=0.57
2026-06-02 19:58:39,440 - Step 01733: 10.8583 E_h, exp. variance=233.8174 E_h^2, pmove=0.57
2026-06-02 19:58:40,096 - Step 01734: 12.3642 E_h, exp. variance=212.2713 E_h^2, pmove=0.58
2026-06-02 19:58:40,752 - Step 01735: 11.4181 E_h, exp. variance=193.3038 E_h^2, pmove=0.58
2026-06-02 19:58:41,409 - Step 01736: 12.1297 E_h, exp. variance=175.2716 E_h^2, pmove=0.59
2026-06-02 19:58:42,066 - Step 01737: 17.1800 E_h, exp. variance=157.9842 E_h^2, pmove=0.59
2026-06-02 19:58:42,724 - Step 01738: 31.2775 E_h, exp. variance=163.9940 E_h^2, pmove=0.58
2026-06-02 19:58:43,382 - Step 01739: 16.7325 E_h, exp. variance=147.6203 E_h^2, pmove=0.58
2026-06-02 19:58:44,038 - Step 01740: 23.4991 E_h, exp. variance=136.4132 E_h^2, pmove=0.58
2026-06-02 19:58:44,695 - Step 01741: 12.4887 E_h, exp. variance=125.3518 E_h^2, pmove=0.57
2026-06-02 19:58:45,353 - Step 01742: 25.2280 E_h, exp. variance=118.4630 E_h^2, pmove=0.58
2026-06-02 19:58:46,011 - Step 01743: 81.8679 E_h, exp. variance=472.5942 E_h^2, pmove=0.57
2026-06-02 19:58:46,668 - Step 01744: 13.0407 E_h, exp. variance=437.1042 E_h^2, pmove=0.57
2026-06-02 19:58:47,325 - Step 01745: 13.2890 E_h, exp. variance=402.4726 E_h^2, pmove=0.57
2026-06-02 19:58:47,983 - Step 01746: 13.4952 E_h, exp. variance=369.2475 E_h^2, pmove=0.57
2026-06-02 19:58:48,641 - Step 01747: 14.5382 E_h, exp. variance=336.6161 E_h^2, pmove=0.58
2026-06-02 19:58:49,298 - Step 01748: 15.5204 E_h, exp. variance=305.4199 E_h^2, pmove=0.56
2026-06-02 19:58:49,955 - Step 01749: 13.1903 E_h, exp. variance=279.3393 E_h^2, pmove=0.57
2026-06-02 19:58:50,612 - Step 01750: 23.4581 E_h, exp. variance=252.7963 E_h^2, pmove=0.57
2026-06-02 19:58:51,268 - Step 01751: 12.8242 E_h, exp. variance=232.0482 E_h^2, pmove=0.57
2026-06-02 19:58:51,926 - Step 01752: 26.7134 E_h, exp. variance=213.9099 E_h^2, pmove=0.58
2026-06-02 19:58:52,583 - Step 01753: 18.8793 E_h, exp. variance=192.6241 E_h^2, pmove=0.57
2026-06-02 19:58:53,240 - Step 01754: 11.5908 E_h, exp. variance=179.5048 E_h^2, pmove=0.57
2026-06-02 19:58:53,897 - Step 01755: 13.2880 E_h, exp. variance=164.5180 E_h^2, pmove=0.58
2026-06-02 19:58:54,554 - Step 01756: 13.6634 E_h, exp. variance=150.1304 E_h^2, pmove=0.57
2026-06-02 19:58:55,212 - Step 01757: 12.1488 E_h, exp. variance=138.1710 E_h^2, pmove=0.57
2026-06-02 19:58:55,869 - Step 01758: 12.3028 E_h, exp. variance=126.6841 E_h^2, pmove=0.57
2026-06-02 19:58:56,526 - Step 01759: 17.2392 E_h, exp. variance=114.0272 E_h^2, pmove=0.58
2026-06-02 19:58:57,182 - Step 01760: 58.8756 E_h, exp. variance=261.0641 E_h^2, pmove=0.58
2026-06-02 19:58:57,838 - Step 01761: 12.1558 E_h, exp. variance=242.1798 E_h^2, pmove=0.56
2026-06-02 19:58:58,496 - Step 01762: 23.4308 E_h, exp. variance=218.8909 E_h^2, pmove=0.57
2026-06-02 19:58:59,152 - Step 01763: 14.1553 E_h, exp. variance=200.6697 E_h^2, pmove=0.57
2026-06-02 19:58:59,810 - Step 01764: 16.8233 E_h, exp. variance=181.4552 E_h^2, pmove=0.57
2026-06-02 19:59:00,468 - Step 01765: 12.3432 E_h, exp. variance=168.0401 E_h^2, pmove=0.56
2026-06-02 19:59:01,127 - Step 01766: 44.5787 E_h, exp. variance=210.7294 E_h^2, pmove=0.56
2026-06-02 19:59:01,785 - Step 01767: 12.0001 E_h, exp. variance=197.6751 E_h^2, pmove=0.56
2026-06-02 19:59:02,442 - Step 01768: 15.2107 E_h, exp. variance=180.4209 E_h^2, pmove=0.56
2026-06-02 19:59:03,099 - Step 01769: 13.4936 E_h, exp. variance=166.1501 E_h^2, pmove=0.56
2026-06-02 19:59:03,755 - Step 01770: 19.5865 E_h, exp. variance=149.5415 E_h^2, pmove=0.55
2026-06-02 19:59:04,412 - Step 01771: 11.7412 E_h, exp. variance=139.7925 E_h^2, pmove=0.56
2026-06-02 19:59:05,071 - Step 01772: 12.6845 E_h, exp. variance=128.9474 E_h^2, pmove=0.57
2026-06-02 19:59:05,728 - Step 01773: 28.7788 E_h, exp. variance=126.5177 E_h^2, pmove=0.57
2026-06-02 19:59:06,388 - Step 01774: 14.3219 E_h, exp. variance=115.8982 E_h^2, pmove=0.57
2026-06-02 19:59:07,045 - Step 01775: 25.0294 E_h, exp. variance=108.0302 E_h^2, pmove=0.56
2026-06-02 19:59:07,702 - Step 01776: 20.0205 E_h, exp. variance=97.2818 E_h^2, pmove=0.55
2026-06-02 19:59:08,360 - Step 01777: 13.8110 E_h, exp. variance=90.2847 E_h^2, pmove=0.55
2026-06-02 19:59:09,018 - Step 01778: 13.5407 E_h, exp. variance=83.7161 E_h^2, pmove=0.55
2026-06-02 19:59:09,674 - Step 01779: 211.6064 E_h, exp. variance=3440.2856 E_h^2, pmove=0.56
2026-06-02 19:59:10,330 - Step 01780: 12.1436 E_h, exp. variance=3154.4971 E_h^2, pmove=0.56
2026-06-02 19:59:10,988 - Step 01781: 12.1490 E_h, exp. variance=2886.1995 E_h^2, pmove=0.56
2026-06-02 19:59:11,651 - Step 01782: 11.2635 E_h, exp. variance=2639.1270 E_h^2, pmove=0.56
2026-06-02 19:59:12,308 - Step 01783: 13.0142 E_h, exp. variance=2403.0496 E_h^2, pmove=0.57
2026-06-02 19:59:12,964 - Step 01784: 15.2887 E_h, exp. variance=2179.2771 E_h^2, pmove=0.57
2026-06-02 19:59:13,620 - Step 01785: 13.7666 E_h, exp. variance=1978.2911 E_h^2, pmove=0.57
2026-06-02 19:59:14,279 - Step 01786: 12.7215 E_h, exp. variance=1796.6061 E_h^2, pmove=0.57
2026-06-02 19:59:14,937 - Step 01787: 11.5705 E_h, exp. variance=1632.6385 E_h^2, pmove=0.58
2026-06-02 19:59:15,594 - Step 01788: 15.1153 E_h, exp. variance=1475.6340 E_h^2, pmove=0.59
2026-06-02 19:59:16,250 - Step 01789: 13.9760 E_h, exp. variance=1334.7966 E_h^2, pmove=0.58
2026-06-02 19:59:16,907 - Step 01790: 11.3074 E_h, exp. variance=1211.1434 E_h^2, pmove=0.58
2026-06-02 19:59:17,565 - Step 01791: 19.2566 E_h, exp. variance=1090.2196 E_h^2, pmove=0.58
2026-06-02 19:59:18,222 - Step 01792: 16.0381 E_h, exp. variance=983.0429 E_h^2, pmove=0.57
2026-06-02 19:59:18,878 - Step 01793: 12.1497 E_h, exp. variance=890.4462 E_h^2, pmove=0.58
2026-06-02 19:59:19,535 - Step 01794: 99.5938 E_h, exp. variance=1381.3966 E_h^2, pmove=0.58
2026-06-02 19:59:20,192 - Step 01795: 139.4125 E_h, exp. variance=2373.5869 E_h^2, pmove=0.57
2026-06-02 19:59:20,851 - Step 01796: 18.7180 E_h, exp. variance=2171.6309 E_h^2, pmove=0.57
2026-06-02 19:59:21,508 - Step 01797: 10.9552 E_h, exp. variance=2013.5092 E_h^2, pmove=0.57
2026-06-02 19:59:22,165 - Step 01798: 18.9765 E_h, exp. variance=1832.4901 E_h^2, pmove=0.58
2026-06-02 19:59:22,822 - Step 01799: 11.0245 E_h, exp. variance=1690.7632 E_h^2, pmove=0.57
2026-06-02 19:59:23,478 - Step 01800: 12.2356 E_h, exp. variance=1551.2378 E_h^2, pmove=0.58
2026-06-02 19:59:24,139 - Step 01801: 1023.9625 E_h, exp. variance=90573.3750 E_h^2, pmove=0.58
2026-06-02 19:59:24,797 - Step 01802: 16.9387 E_h, exp. variance=82627.8672 E_h^2, pmove=0.58
2026-06-02 19:59:25,455 - Step 01803: 11.9215 E_h, exp. variance=75358.2656 E_h^2, pmove=0.58
2026-06-02 19:59:26,112 - Step 01804: 21.3642 E_h, exp. variance=68474.2500 E_h^2, pmove=0.58
2026-06-02 19:59:26,769 - Step 01805: 24.1467 E_h, exp. variance=62117.1250 E_h^2, pmove=0.58
2026-06-02 19:59:27,429 - Step 01806: 11.3982 E_h, exp. variance=56469.6172 E_h^2, pmove=0.57
2026-06-02 19:59:28,090 - Step 01807: 13.8565 E_h, exp. variance=51248.6758 E_h^2, pmove=0.58
2026-06-02 19:59:28,748 - Step 01808: 14.1344 E_h, exp. variance=46465.7930 E_h^2, pmove=0.58
2026-06-02 19:59:29,405 - Step 01809: 13.2801 E_h, exp. variance=42104.8203 E_h^2, pmove=0.58
2026-06-02 19:59:30,062 - Step 01810: 10.9341 E_h, exp. variance=38147.5820 E_h^2, pmove=0.57
2026-06-02 19:59:30,722 - Step 01811: 16.2313 E_h, exp. variance=34494.9570 E_h^2, pmove=0.58
2026-06-02 19:59:31,379 - Step 01812: 11.8320 E_h, exp. variance=31208.7793 E_h^2, pmove=0.58
2026-06-02 19:59:32,036 - Step 01813: 26.3769 E_h, exp. variance=28138.8535 E_h^2, pmove=0.57
2026-06-02 19:59:32,693 - Step 01814: 12.3601 E_h, exp. variance=25437.9531 E_h^2, pmove=0.57
2026-06-02 19:59:33,350 - Step 01815: 24.1985 E_h, exp. variance=22930.3359 E_h^2, pmove=0.57
2026-06-02 19:59:34,010 - Step 01816: 79.2753 E_h, exp. variance=20760.7246 E_h^2, pmove=0.57
2026-06-02 19:59:34,668 - Step 01817: 13.3867 E_h, exp. variance=18780.0645 E_h^2, pmove=0.57
2026-06-02 19:59:35,325 - Step 01818: 37.4951 E_h, exp. variance=16904.4863 E_h^2, pmove=0.57
2026-06-02 19:59:35,983 - Step 01819: 28.8852 E_h, exp. variance=15229.9229 E_h^2, pmove=0.57
2026-06-02 19:59:36,641 - Step 01820: 16.3349 E_h, exp. variance=13760.9863 E_h^2, pmove=0.57
2026-06-02 19:59:37,301 - Step 01821: 11.6162 E_h, exp. variance=12449.4102 E_h^2, pmove=0.57
2026-06-02 19:59:37,959 - Step 01822: 13.4709 E_h, exp. variance=11248.9971 E_h^2, pmove=0.57
2026-06-02 19:59:38,618 - Step 01823: 17.5669 E_h, exp. variance=10146.9150 E_h^2, pmove=0.56
2026-06-02 19:59:39,276 - Step 01824: 11.7913 E_h, exp. variance=9168.6064 E_h^2, pmove=0.56
2026-06-02 19:59:39,936 - Step 01825: 14.4344 E_h, exp. variance=8273.2354 E_h^2, pmove=0.57
2026-06-02 19:59:40,595 - Step 01826: 15.0315 E_h, exp. variance=7461.8560 E_h^2, pmove=0.57
2026-06-02 19:59:41,252 - Step 01827: 302.7710 E_h, exp. variance=13559.6104 E_h^2, pmove=0.57
2026-06-02 19:59:41,910 - Step 01828: 13.9799 E_h, exp. variance=12352.0508 E_h^2, pmove=0.57
2026-06-02 19:59:42,568 - Step 01829: 11.6489 E_h, exp. variance=11252.8740 E_h^2, pmove=0.57
2026-06-02 19:59:43,229 - Step 01830: 12.7642 E_h, exp. variance=10230.8574 E_h^2, pmove=0.57
2026-06-02 19:59:43,887 - Step 01831: 11.9676 E_h, exp. variance=9295.8496 E_h^2, pmove=0.57
2026-06-02 19:59:44,545 - Step 01832: 18.5294 E_h, exp. variance=8408.2275 E_h^2, pmove=0.57
2026-06-02 19:59:45,202 - Step 01833: 11.1050 E_h, exp. variance=7632.3276 E_h^2, pmove=0.57
2026-06-02 19:59:45,859 - Step 01834: 18.2553 E_h, exp. variance=6895.1724 E_h^2, pmove=0.58
2026-06-02 19:59:46,519 - Step 01835: 16.7512 E_h, exp. variance=6231.1294 E_h^2, pmove=0.58
2026-06-02 19:59:47,176 - Step 01836: 25.9453 E_h, exp. variance=5611.1997 E_h^2, pmove=0.57
2026-06-02 19:59:47,834 - Step 01837: 17.7683 E_h, exp. variance=5066.5547 E_h^2, pmove=0.57
2026-06-02 19:59:48,490 - Step 01838: 12.4973 E_h, exp. variance=4587.2974 E_h^2, pmove=0.56
2026-06-02 19:59:49,148 - Step 01839: 20.8160 E_h, exp. variance=4133.4751 E_h^2, pmove=0.56
2026-06-02 19:59:49,807 - Step 01840: 12.3150 E_h, exp. variance=3740.7761 E_h^2, pmove=0.56
2026-06-02 19:59:50,465 - Step 01841: 11.3419 E_h, exp. variance=3385.8967 E_h^2, pmove=0.56
2026-06-02 19:59:51,123 - Step 01842: 14.4388 E_h, exp. variance=3056.3933 E_h^2, pmove=0.56
2026-06-02 19:59:51,779 - Step 01843: 13.7737 E_h, exp. variance=2759.2363 E_h^2, pmove=0.56
2026-06-02 19:59:52,440 - Step 01844: 11.2300 E_h, exp. variance=2494.7661 E_h^2, pmove=0.56
2026-06-02 19:59:53,101 - Step 01845: 14.2207 E_h, exp. variance=2249.9060 E_h^2, pmove=0.57
2026-06-02 19:59:53,760 - Step 01846: 14.2257 E_h, exp. variance=2028.6492 E_h^2, pmove=0.57
2026-06-02 19:59:54,418 - Step 01847: 22.6957 E_h, exp. variance=1826.4274 E_h^2, pmove=0.57
2026-06-02 19:59:55,076 - Step 01848: 14.9407 E_h, exp. variance=1646.3599 E_h^2, pmove=0.56
2026-06-02 19:59:55,735 - Step 01849: 12.7523 E_h, exp. variance=1486.1372 E_h^2, pmove=0.55
2026-06-02 19:59:56,395 - Step 01850: 14.8981 E_h, exp. variance=1339.0785 E_h^2, pmove=0.56
2026-06-02 19:59:57,053 - Step 01851: 49.8486 E_h, exp. variance=1292.8339 E_h^2, pmove=0.55
2026-06-02 19:59:57,711 - Step 01852: 11.2877 E_h, exp. variance=1173.4207 E_h^2, pmove=0.55
2026-06-02 19:59:58,369 - Step 01853: 10.7164 E_h, exp. variance=1065.0720 E_h^2, pmove=0.56
2026-06-02 19:59:59,036 - Step 01854: 12.4148 E_h, exp. variance=963.3587 E_h^2, pmove=0.57
2026-06-02 19:59:59,696 - Step 01855: 10.9660 E_h, exp. variance=872.8078 E_h^2, pmove=0.57
2026-06-02 20:00:00,358 - Step 01856: 11.2995 E_h, exp. variance=789.7896 E_h^2, pmove=0.57
2026-06-02 20:00:01,018 - Step 01857: 196.3019 E_h, exp. variance=3588.3352 E_h^2, pmove=0.58
2026-06-02 20:00:01,678 - Step 01858: 17.5191 E_h, exp. variance=3258.1941 E_h^2, pmove=0.58
2026-06-02 20:00:02,337 - Step 01859: 12.6935 E_h, exp. variance=2971.6694 E_h^2, pmove=0.58
2026-06-02 20:00:02,996 - Step 01860: 174.6678 E_h, exp. variance=4519.2539 E_h^2, pmove=0.58
2026-06-02 20:00:03,654 - Step 01861: 14.7437 E_h, exp. variance=4154.2222 E_h^2, pmove=0.58
2026-06-02 20:00:04,314 - Step 01862: 12.4822 E_h, exp. variance=3821.0281 E_h^2, pmove=0.58
2026-06-02 20:00:04,971 - Step 01863: 13.4614 E_h, exp. variance=3500.8218 E_h^2, pmove=0.57
2026-06-02 20:00:05,630 - Step 01864: 2851.6548 E_h, exp. variance=716123.8125 E_h^2, pmove=0.57
2026-06-02 20:00:05,630 - Saving checkpoint results/bilayer-bosons/BosonNet/N24_layers12_12_rs3.0_d4.0_D20.0_sq/qmcjax_ckpt_001864.npz
2026-06-02 20:00:06,332 - Step 01865: 34.0377 E_h, exp. variance=651795.3125 E_h^2, pmove=0.57
2026-06-02 20:00:06,990 - Step 01866: 32.6239 E_h, exp. variance=592581.0000 E_h^2, pmove=0.56
2026-06-02 20:00:07,649 - Step 01867: 12.2421 E_h, exp. variance=539042.1875 E_h^2, pmove=0.56
2026-06-02 20:00:08,305 - Step 01868: 12.2475 E_h, exp. variance=489770.3750 E_h^2, pmove=0.57
2026-06-02 20:00:08,965 - Step 01869: 11.4635 E_h, exp. variance=444574.4375 E_h^2, pmove=0.58
2026-06-02 20:00:09,623 - Step 01870: 13.9897 E_h, exp. variance=403096.4062 E_h^2, pmove=0.57
2026-06-02 20:00:10,281 - Step 01871: 10.9154 E_h, exp. variance=365291.5312 E_h^2, pmove=0.57
2026-06-02 20:00:10,939 - Step 01872: 19.1822 E_h, exp. variance=330574.0000 E_h^2, pmove=0.58
2026-06-02 20:00:11,597 - Step 01873: 17.0754 E_h, exp. variance=299032.8125 E_h^2, pmove=0.57
2026-06-02 20:00:12,256 - Step 01874: 13.1845 E_h, exp. variance=270440.8438 E_h^2, pmove=0.57
2026-06-02 20:00:12,914 - Step 01875: 12.3673 E_h, exp. variance=244474.9531 E_h^2, pmove=0.58
2026-06-02 20:00:13,574 - Step 01876: 18.0038 E_h, exp. variance=220803.7188 E_h^2, pmove=0.57
2026-06-02 20:00:14,233 - Step 01877: 11.6876 E_h, exp. variance=199450.7344 E_h^2, pmove=0.57
2026-06-02 20:00:14,892 - Step 01878: 10.8587 E_h, exp. variance=180106.9844 E_h^2, pmove=0.57
2026-06-02 20:00:15,551 - Step 01879: 11.5033 E_h, exp. variance=162574.8594 E_h^2, pmove=0.58
2026-06-02 20:00:16,211 - Step 01880: 111.4361 E_h, exp. variance=146423.2812 E_h^2, pmove=0.58
2026-06-02 20:00:16,869 - Step 01881: 11.1773 E_h, exp. variance=132214.2500 E_h^2, pmove=0.58
2026-06-02 20:00:17,529 - Step 01882: 12.0027 E_h, exp. variance=119334.5703 E_h^2, pmove=0.58
2026-06-02 20:00:18,188 - Step 01883: 12.0640 E_h, exp. variance=107677.3125 E_h^2, pmove=0.57
2026-06-02 20:00:18,848 - Step 01884: 14.1243 E_h, exp. variance=97115.1953 E_h^2, pmove=0.57
2026-06-02 20:00:19,507 - Step 01885: 16.1206 E_h, exp. variance=87555.1250 E_h^2, pmove=0.57
2026-06-02 20:00:20,166 - Step 01886: 11.6566 E_h, exp. variance=78953.7422 E_h^2, pmove=0.57
2026-06-02 20:00:20,824 - Step 01887: 11.6538 E_h, exp. variance=71183.2344 E_h^2, pmove=0.57
2026-06-02 20:00:21,482 - Step 01888: 11.8145 E_h, exp. variance=64165.0820 E_h^2, pmove=0.58
2026-06-02 20:00:22,141 - Step 01889: 13.6730 E_h, exp. variance=57819.9805 E_h^2, pmove=0.59
2026-06-02 20:00:22,799 - Step 01890: 10.9798 E_h, exp. variance=52108.7656 E_h^2, pmove=0.57
2026-06-02 20:00:23,456 - Step 01891: 12.7580 E_h, exp. variance=46947.4258 E_h^2, pmove=0.58
2026-06-02 20:00:24,112 - Step 01892: 16.8549 E_h, exp. variance=42278.7500 E_h^2, pmove=0.58
2026-06-02 20:00:24,769 - Step 01893: 11.7940 E_h, exp. variance=38088.2461 E_h^2, pmove=0.58
2026-06-02 20:00:25,426 - Step 01894: 13.1572 E_h, exp. variance=34305.3594 E_h^2, pmove=0.58
2026-06-02 20:00:26,082 - Step 01895: 12.2609 E_h, exp. variance=30898.3711 E_h^2, pmove=0.58
2026-06-02 20:00:26,740 - Step 01896: 13.4637 E_h, exp. variance=27824.5859 E_h^2, pmove=0.57
2026-06-02 20:00:27,398 - Step 01897: 19.7541 E_h, exp. variance=25045.0820 E_h^2, pmove=0.57
2026-06-02 20:00:28,058 - Step 01898: 2039.6207 E_h, exp. variance=387855.8438 E_h^2, pmove=0.57
2026-06-02 20:00:28,717 - Step 01899: 18.6241 E_h, exp. variance=352954.9375 E_h^2, pmove=0.56
2026-06-02 20:00:29,376 - Step 01900: 11.0511 E_h, exp. variance=321066.0625 E_h^2, pmove=0.56
2026-06-02 20:00:30,036 - Step 01901: 10.5758 E_h, exp. variance=291733.8125 E_h^2, pmove=0.56
2026-06-02 20:00:30,694 - Step 01902: 10.8269 E_h, exp. variance=264800.5312 E_h^2, pmove=0.57
2026-06-02 20:00:31,355 - Step 01903: 11.6343 E_h, exp. variance=240114.3750 E_h^2, pmove=0.57
2026-06-02 20:00:32,015 - Step 01904: 35.3696 E_h, exp. variance=217063.8438 E_h^2, pmove=0.57
2026-06-02 20:00:32,673 - Step 01905: 11.9249 E_h, exp. variance=196577.7031 E_h^2, pmove=0.57
2026-06-02 20:00:33,331 - Step 01906: 13.9343 E_h, exp. variance=177870.7969 E_h^2, pmove=0.58
2026-06-02 20:00:33,991 - Step 01907: 11.5799 E_h, exp. variance=160893.6094 E_h^2, pmove=0.57
2026-06-02 20:00:34,660 - Step 01908: 13.1530 E_h, exp. variance=145436.3125 E_h^2, pmove=0.58
2026-06-02 20:00:35,318 - Step 01909: 10.4867 E_h, exp. variance=131441.5000 E_h^2, pmove=0.57
2026-06-02 20:00:35,978 - Step 01910: 13.5962 E_h, exp. variance=118703.4141 E_h^2, pmove=0.57
2026-06-02 20:00:36,636 - Step 01911: 17.7258 E_h, exp. variance=107118.5859 E_h^2, pmove=0.57
2026-06-02 20:00:37,299 - Step 01912: 25.1041 E_h, exp. variance=96575.5625 E_h^2, pmove=0.57
2026-06-02 20:00:37,958 - Step 01913: 13.6333 E_h, exp. variance=87147.0938 E_h^2, pmove=0.57
2026-06-02 20:00:38,618 - Step 01914: 39.1892 E_h, exp. variance=78467.8516 E_h^2, pmove=0.57
2026-06-02 20:00:39,276 - Step 01915: 11.7077 E_h, exp. variance=70806.1406 E_h^2, pmove=0.56
2026-06-02 20:00:39,935 - Step 01916: 10.9050 E_h, exp. variance=63881.3945 E_h^2, pmove=0.57
2026-06-02 20:00:40,598 - Step 01917: 10.6677 E_h, exp. variance=57621.1133 E_h^2, pmove=0.57
2026-06-02 20:00:41,260 - Step 01918: 11.3892 E_h, exp. variance=51958.2070 E_h^2, pmove=0.58
2026-06-02 20:00:41,920 - Step 01919: 11.7951 E_h, exp. variance=46840.5742 E_h^2, pmove=0.58
2026-06-02 20:00:42,579 - Step 01920: 12.8497 E_h, exp. variance=42214.9141 E_h^2, pmove=0.59
2026-06-02 20:00:43,241 - Step 01921: 11.8932 E_h, exp. variance=38044.7539 E_h^2, pmove=0.58
2026-06-02 20:00:43,901 - Step 01922: 14.9097 E_h, exp. variance=34271.0039 E_h^2, pmove=0.58
2026-06-02 20:00:44,561 - Step 01923: 11.8798 E_h, exp. variance=30878.6855 E_h^2, pmove=0.58
2026-06-02 20:00:45,221 - Step 01924: 10.3395 E_h, exp. variance=27824.1113 E_h^2, pmove=0.58
2026-06-02 20:00:45,880 - Step 01925: 11.1384 E_h, exp. variance=25066.2363 E_h^2, pmove=0.59
2026-06-02 20:00:46,542 - Step 01926: 11.1134 E_h, exp. variance=22579.5547 E_h^2, pmove=0.59
2026-06-02 20:00:47,201 - Step 01927: 10.5051 E_h, exp. variance=20339.2520 E_h^2, pmove=0.58
2026-06-02 20:00:47,860 - Step 01928: 18.8378 E_h, exp. variance=18306.9688 E_h^2, pmove=0.58
2026-06-02 20:00:48,520 - Step 01929: 126.9132 E_h, exp. variance=17454.0332 E_h^2, pmove=0.58
2026-06-02 20:00:49,179 - Step 01930: 13.6388 E_h, exp. variance=15742.7363 E_h^2, pmove=0.57
2026-06-02 20:00:49,841 - Step 01931: 14.8155 E_h, exp. variance=14192.5020 E_h^2, pmove=0.57
2026-06-02 20:00:50,499 - Step 01932: 21.2562 E_h, exp. variance=12779.4043 E_h^2, pmove=0.55
2026-06-02 20:00:51,157 - Step 01933: 15.8026 E_h, exp. variance=11516.4297 E_h^2, pmove=0.55
2026-06-02 20:00:51,816 - Step 01934: 20.9441 E_h, exp. variance=10368.5469 E_h^2, pmove=0.54
2026-06-02 20:00:52,478 - Step 01935: 11.3109 E_h, exp. variance=9353.1777 E_h^2, pmove=0.55
2026-06-02 20:00:53,137 - Step 01936: 15.1361 E_h, exp. variance=8427.0059 E_h^2, pmove=0.57
2026-06-02 20:00:53,794 - Step 01937: 12.5601 E_h, exp. variance=7596.5176 E_h^2, pmove=0.57
2026-06-02 20:00:54,451 - Step 01938: 10.2149 E_h, exp. variance=6851.6777 E_h^2, pmove=0.55
2026-06-02 20:00:55,109 - Step 01939: 12.0195 E_h, exp. variance=6175.0508 E_h^2, pmove=0.57
2026-06-02 20:00:55,769 - Step 01940: 16.5298 E_h, exp. variance=5559.1763 E_h^2, pmove=0.57
2026-06-02 20:00:56,427 - Step 01941: 10.3612 E_h, exp. variance=5012.2583 E_h^2, pmove=0.58
2026-06-02 20:00:57,085 - Step 01942: 13.1257 E_h, exp. variance=4514.5317 E_h^2, pmove=0.58
2026-06-02 20:00:57,742 - Step 01943: 22.0901 E_h, exp. variance=4064.0901 E_h^2, pmove=0.57
2026-06-02 20:00:58,400 - Step 01944: 13.3965 E_h, exp. variance=3660.5808 E_h^2, pmove=0.57
2026-06-02 20:00:59,062 - Step 01945: 10.4090 E_h, exp. variance=3300.4219 E_h^2, pmove=0.56
2026-06-02 20:00:59,722 - Step 01946: 12.0690 E_h, exp. variance=2973.2288 E_h^2, pmove=0.57
2026-06-02 20:01:00,382 - Step 01947: 10.8176 E_h, exp. variance=2679.4954 E_h^2, pmove=0.57
2026-06-02 20:01:01,041 - Step 01948: 11.8640 E_h, exp. variance=2413.4814 E_h^2, pmove=0.57
2026-06-02 20:01:01,703 - Step 01949: 10.2768 E_h, exp. variance=2175.1201 E_h^2, pmove=0.57
2026-06-02 20:01:02,363 - Step 01950: 11.3831 E_h, exp. variance=1959.1051 E_h^2, pmove=0.58
2026-06-02 20:01:03,022 - Step 01951: 11.3985 E_h, exp. variance=1764.3970 E_h^2, pmove=0.58
2026-06-02 20:01:03,681 - Step 01952: 10.5074 E_h, exp. variance=1589.5304 E_h^2, pmove=0.58
2026-06-02 20:01:04,339 - Step 01953: 13.1252 E_h, exp. variance=1430.6953 E_h^2, pmove=0.58
2026-06-02 20:01:05,001 - Step 01954: 11.3380 E_h, exp. variance=1288.3402 E_h^2, pmove=0.58
2026-06-02 20:01:05,659 - Step 01955: 10.5400 E_h, exp. variance=1160.5065 E_h^2, pmove=0.57
2026-06-02 20:01:06,318 - Step 01956: 10.4338 E_h, exp. variance=1045.3243 E_h^2, pmove=0.59
2026-06-02 20:01:06,977 - Step 01957: 21.2187 E_h, exp. variance=946.5359 E_h^2, pmove=0.59
2026-06-02 20:01:07,635 - Step 01958: 13.8615 E_h, exp. variance=851.8849 E_h^2, pmove=0.58
2026-06-02 20:01:08,296 - Step 01959: 33.2345 E_h, exp. variance=799.9517 E_h^2, pmove=0.57
2026-06-02 20:01:08,954 - Step 01960: 10.9544 E_h, exp. variance=722.1884 E_h^2, pmove=0.57
2026-06-02 20:01:09,612 - Step 01961: 13.7787 E_h, exp. variance=650.2168 E_h^2, pmove=0.58
2026-06-02 20:01:10,270 - Step 01962: 15.3562 E_h, exp. variance=585.1957 E_h^2, pmove=0.57
2026-06-02 20:01:10,929 - Step 01963: 10.3560 E_h, exp. variance=528.8574 E_h^2, pmove=0.56
2026-06-02 20:01:11,589 - Step 01964: 10.9841 E_h, exp. variance=477.2731 E_h^2, pmove=0.58
2026-06-02 20:01:12,249 - Step 01965: 10.6312 E_h, exp. variance=430.8285 E_h^2, pmove=0.57
2026-06-02 20:01:12,909 - Step 01966: 10.8075 E_h, exp. variance=388.6797 E_h^2, pmove=0.56
2026-06-02 20:01:13,568 - Step 01967: 11.6549 E_h, exp. variance=350.1906 E_h^2, pmove=0.57
2026-06-02 20:01:14,228 - Step 01968: 29.6516 E_h, exp. variance=338.6454 E_h^2, pmove=0.57
2026-06-02 20:01:14,887 - Step 01969: 15.6336 E_h, exp. variance=304.8050 E_h^2, pmove=0.55
2026-06-02 20:01:15,546 - Step 01970: 11.2505 E_h, exp. variance=275.7059 E_h^2, pmove=0.56
2026-06-02 20:01:16,205 - Step 01971: 31.8180 E_h, exp. variance=274.2723 E_h^2, pmove=0.56
2026-06-02 20:01:16,863 - Step 01972: 11.4357 E_h, exp. variance=249.1357 E_h^2, pmove=0.54
2026-06-02 20:01:17,521 - Step 01973: 11.6186 E_h, exp. variance=225.9311 E_h^2, pmove=0.57
2026-06-02 20:01:18,181 - Step 01974: 10.5050 E_h, exp. variance=205.6200 E_h^2, pmove=0.57
2026-06-02 20:01:18,840 - Step 01975: 10.7952 E_h, exp. variance=186.6772 E_h^2, pmove=0.58
2026-06-02 20:01:19,499 - Step 01976: 15.6811 E_h, exp. variance=168.1122 E_h^2, pmove=0.58
2026-06-02 20:01:20,160 - Step 01977: 12.4781 E_h, exp. variance=151.7532 E_h^2, pmove=0.57
2026-06-02 20:01:20,819 - Step 01978: 10.5814 E_h, exp. variance=137.9566 E_h^2, pmove=0.57
2026-06-02 20:01:21,479 - Step 01979: 14.6906 E_h, exp. variance=124.1919 E_h^2, pmove=0.57
2026-06-02 20:01:22,140 - Step 01980: 11.0761 E_h, exp. variance=112.6302 E_h^2, pmove=0.57
2026-06-02 20:01:22,799 - Step 01981: 43.1578 E_h, exp. variance=178.6514 E_h^2, pmove=0.57
2026-06-02 20:01:23,460 - Step 01982: 13.4970 E_h, exp. variance=161.7589 E_h^2, pmove=0.56
2026-06-02 20:01:24,120 - Step 01983: 9.9555 E_h, exp. variance=149.3857 E_h^2, pmove=0.57
2026-06-02 20:01:24,779 - Step 01984: 12.3160 E_h, exp. variance=135.5432 E_h^2, pmove=0.59
2026-06-02 20:01:25,438 - Step 01985: 10.5506 E_h, exp. variance=124.1551 E_h^2, pmove=0.58
2026-06-02 20:01:26,097 - Step 01986: 10.2767 E_h, exp. variance=113.7187 E_h^2, pmove=0.58
2026-06-02 20:01:26,756 - Step 01987: 18.4631 E_h, exp. variance=103.7624 E_h^2, pmove=0.59
2026-06-02 20:01:27,417 - Step 01988: 17.0608 E_h, exp. variance=93.8088 E_h^2, pmove=0.58
2026-06-02 20:01:28,076 - Step 01989: 14.1364 E_h, exp. variance=84.5133 E_h^2, pmove=0.58
2026-06-02 20:01:28,735 - Step 01990: 14.1822 E_h, exp. variance=76.1241 E_h^2, pmove=0.57
2026-06-02 20:01:29,398 - Step 01991: 14.2979 E_h, exp. variance=68.5476 E_h^2, pmove=0.56
2026-06-02 20:01:30,059 - Step 01992: 11.1771 E_h, exp. variance=62.9180 E_h^2, pmove=0.57
2026-06-02 20:01:30,718 - Step 01993: 10.9797 E_h, exp. variance=57.7401 E_h^2, pmove=0.58
2026-06-02 20:01:31,377 - Step 01994: 12.0048 E_h, exp. variance=52.3787 E_h^2, pmove=0.58
2026-06-02 20:01:32,037 - Step 01995: 12.3389 E_h, exp. variance=47.3692 E_h^2, pmove=0.58
2026-06-02 20:01:32,698 - Step 01996: 11.4932 E_h, exp. variance=43.0999 E_h^2, pmove=0.57
2026-06-02 20:01:33,358 - Step 01997: 15.5441 E_h, exp. variance=39.1497 E_h^2, pmove=0.58
2026-06-02 20:01:34,018 - Step 01998: 14.6123 E_h, exp. variance=35.3025 E_h^2, pmove=0.57
2026-06-02 20:01:34,687 - Step 01999: 13.6081 E_h, exp. variance=31.7767 E_h^2, pmove=0.57
2026-06-02 20:01:35,346 - Step 02000: 10.4265 E_h, exp. variance=29.6288 E_h^2, pmove=0.57
2026-06-02 20:01:36,007 - Step 02001: 10.4655 E_h, exp. variance=27.4787 E_h^2, pmove=0.58
2026-06-02 20:01:36,665 - Step 02002: 12.5798 E_h, exp. variance=24.7623 E_h^2, pmove=0.58
2026-06-02 20:01:37,325 - Step 02003: 54.7659 E_h, exp. variance=178.4464 E_h^2, pmove=0.57
2026-06-02 20:01:37,985 - Step 02004: 17.0675 E_h, exp. variance=160.6057 E_h^2, pmove=0.57
2026-06-02 20:01:38,646 - Step 02005: 14.7842 E_h, exp. variance=145.0949 E_h^2, pmove=0.57
2026-06-02 20:01:39,306 - Step 02006: 22.2355 E_h, exp. variance=133.0442 E_h^2, pmove=0.56
2026-06-02 20:01:39,965 - Step 02007: 10.2838 E_h, exp. variance=124.4672 E_h^2, pmove=0.55
2026-06-02 20:01:40,624 - Step 02008: 13.0328 E_h, exp. variance=113.3021 E_h^2, pmove=0.57
2026-06-02 20:01:41,283 - Step 02009: 12.3891 E_h, exp. variance=103.4409 E_h^2, pmove=0.57
2026-06-02 20:01:41,944 - Step 02010: 10.4966 E_h, exp. variance=95.8477 E_h^2, pmove=0.56
2026-06-02 20:01:42,604 - Step 02011: 10.1529 E_h, exp. variance=88.8096 E_h^2, pmove=0.57
2026-06-02 20:01:43,263 - Step 02012: 12.7768 E_h, exp. variance=80.3499 E_h^2, pmove=0.58
2026-06-02 20:01:43,923 - Step 02013: 13.5725 E_h, exp. variance=72.4342 E_h^2, pmove=0.58
2026-06-02 20:01:44,582 - Step 02014: 17.0964 E_h, exp. variance=65.7477 E_h^2, pmove=0.57
2026-06-02 20:01:45,244 - Step 02015: 9.9123 E_h, exp. variance=61.3740 E_h^2, pmove=0.56
2026-06-02 20:01:45,902 - Step 02016: 14.7203 E_h, exp. variance=55.2481 E_h^2, pmove=0.57
2026-06-02 20:01:46,561 - Step 02017: 12.6176 E_h, exp. variance=50.0088 E_h^2, pmove=0.57
2026-06-02 20:01:47,219 - Step 02018: 10.3136 E_h, exp. variance=46.3818 E_h^2, pmove=0.57
2026-06-02 20:01:47,880 - Step 02019: 10.9232 E_h, exp. variance=42.5040 E_h^2, pmove=0.58
2026-06-02 20:01:48,539 - Step 02020: 13.2930 E_h, exp. variance=38.2591 E_h^2, pmove=0.57
2026-06-02 20:01:49,198 - Step 02021: 17.1281 E_h, exp. variance=35.6083 E_h^2, pmove=0.57
2026-06-02 20:01:49,856 - Step 02022: 11.1839 E_h, exp. variance=32.6997 E_h^2, pmove=0.57
2026-06-02 20:01:50,515 - Step 02023: 10.0279 E_h, exp. variance=30.5825 E_h^2, pmove=0.57
2026-06-02 20:01:51,178 - Step 02024: 10.3899 E_h, exp. variance=28.2599 E_h^2, pmove=0.57
2026-06-02 20:01:51,842 - Step 02025: 10.7449 E_h, exp. variance=25.8767 E_h^2, pmove=0.57
2026-06-02 20:01:52,504 - Step 02026: 10.2331 E_h, exp. variance=23.8552 E_h^2, pmove=0.57
2026-06-02 20:01:53,165 - Step 02027: 11.3363 E_h, exp. variance=21.5895 E_h^2, pmove=0.58
2026-06-02 20:01:53,828 - Step 02028: 11.8758 E_h, exp. variance=19.4530 E_h^2, pmove=0.58
2026-06-02 20:01:54,490 - Step 02029: 11.1724 E_h, exp. variance=17.6273 E_h^2, pmove=0.56
2026-06-02 20:01:55,149 - Step 02030: 14.3563 E_h, exp. variance=16.2792 E_h^2, pmove=0.57
2026-06-02 20:01:55,809 - Step 02031: 10.5903 E_h, exp. variance=14.9540 E_h^2, pmove=0.56
2026-06-02 20:01:56,468 - Step 02032: 26.7142 E_h, exp. variance=32.3111 E_h^2, pmove=0.57
2026-06-02 20:01:57,130 - Step 02033: 10.4374 E_h, exp. variance=30.0312 E_h^2, pmove=0.57
2026-06-02 20:01:57,791 - Step 02034: 15.7740 E_h, exp. variance=27.5511 E_h^2, pmove=0.57
2026-06-02 20:01:58,451 - Step 02035: 16.1490 E_h, exp. variance=25.3787 E_h^2, pmove=0.57
2026-06-02 20:01:59,113 - Step 02036: 15.3321 E_h, exp. variance=23.0362 E_h^2, pmove=0.56
2026-06-02 20:01:59,772 - Step 02037: 10.2097 E_h, exp. variance=22.0298 E_h^2, pmove=0.56
2026-06-02 20:02:00,436 - Step 02038: 10.3087 E_h, exp. variance=20.8175 E_h^2, pmove=0.57
2026-06-02 20:02:01,095 - Step 02039: 9.6398 E_h, exp. variance=19.9380 E_h^2, pmove=0.57
2026-06-02 20:02:01,754 - Step 02040: 9.7738 E_h, exp. variance=18.8402 E_h^2, pmove=0.58
2026-06-02 20:02:02,413 - Step 02041: 10.7872 E_h, exp. variance=17.2565 E_h^2, pmove=0.58
2026-06-02 20:02:03,073 - Step 02042: 10.2723 E_h, exp. variance=15.9502 E_h^2, pmove=0.58
2026-06-02 20:02:03,735 - Step 02043: 9.6798 E_h, exp. variance=14.9337 E_h^2, pmove=0.58
2026-06-02 20:02:04,395 - Step 02044: 56.8195 E_h, exp. variance=194.5408 E_h^2, pmove=0.58
2026-06-02 20:02:05,055 - Step 02045: 9.6582 E_h, exp. variance=179.2350 E_h^2, pmove=0.57
2026-06-02 20:02:05,714 - Step 02046: 9.5611 E_h, exp. variance=164.7794 E_h^2, pmove=0.58
2026-06-02 20:02:06,376 - Step 02047: 9.9009 E_h, exp. variance=150.7791 E_h^2, pmove=0.58
2026-06-02 20:02:07,035 - Step 02048: 10.5778 E_h, exp. variance=137.1740 E_h^2, pmove=0.58
2026-06-02 20:02:07,693 - Step 02049: 10.7466 E_h, exp. variance=124.5415 E_h^2, pmove=0.58
2026-06-02 20:02:08,353 - Step 02050: 10.6076 E_h, exp. variance=113.0460 E_h^2, pmove=0.58
2026-06-02 20:02:09,012 - Step 02051: 12.4880 E_h, exp. variance=101.8420 E_h^2, pmove=0.58
2026-06-02 20:02:09,673 - Step 02052: 13.5375 E_h, exp. variance=91.6586 E_h^2, pmove=0.57
2026-06-02 20:02:10,332 - Step 02053: 11.4171 E_h, exp. variance=82.8644 E_h^2, pmove=0.57
2026-06-02 20:02:10,992 - Step 02054: 84.6992 E_h, exp. variance=534.0800 E_h^2, pmove=0.57
2026-06-02 20:02:11,651 - Step 02055: 11.6439 E_h, exp. variance=487.5584 E_h^2, pmove=0.56
2026-06-02 20:02:12,310 - Step 02056: 9.7228 E_h, exp. variance=447.4351 E_h^2, pmove=0.56
2026-06-02 20:02:12,971 - Step 02057: 10.1091 E_h, exp. variance=409.0844 E_h^2, pmove=0.58
2026-06-02 20:02:13,630 - Step 02058: 10.8198 E_h, exp. variance=372.4292 E_h^2, pmove=0.58
2026-06-02 20:02:14,289 - Step 02059: 9.7111 E_h, exp. variance=339.9768 E_h^2, pmove=0.57
2026-06-02 20:02:14,948 - Step 02060: 11.1358 E_h, exp. variance=308.3583 E_h^2, pmove=0.58
2026-06-02 20:02:15,610 - Step 02061: 20.8084 E_h, exp. variance=279.8133 E_h^2, pmove=0.57
2026-06-02 20:02:16,268 - Step 02062: 54.3697 E_h, exp. variance=382.4908 E_h^2, pmove=0.57
2026-06-02 20:02:16,929 - Step 02063: 13.2237 E_h, exp. variance=348.4699 E_h^2, pmove=0.55
2026-06-02 20:02:17,588 - Step 02064: 9.7650 E_h, exp. variance=321.9649 E_h^2, pmove=0.56
2026-06-02 20:02:18,246 - Step 02065: 13.9315 E_h, exp. variance=291.5895 E_h^2, pmove=0.58
2026-06-02 20:02:18,908 - Step 02066: 18.3054 E_h, exp. variance=262.4401 E_h^2, pmove=0.57
2026-06-02 20:02:19,566 - Step 02067: 9.4787 E_h, exp. variance=242.7502 E_h^2, pmove=0.57
2026-06-02 20:02:20,225 - Step 02068: 9.5989 E_h, exp. variance=223.6193 E_h^2, pmove=0.58
2026-06-02 20:02:20,882 - Step 02069: 11.0256 E_h, exp. variance=203.8598 E_h^2, pmove=0.58
2026-06-02 20:02:21,540 - Step 02070: 9.6070 E_h, exp. variance=186.9988 E_h^2, pmove=0.58
2026-06-02 20:02:22,200 - Step 02071: 10.0509 E_h, exp. variance=170.7218 E_h^2, pmove=0.58
2026-06-02 20:02:22,860 - Step 02072: 9.6519 E_h, exp. variance=155.9620 E_h^2, pmove=0.59
2026-06-02 20:02:23,519 - Step 02073: 10.6820 E_h, exp. variance=141.4883 E_h^2, pmove=0.59
2026-06-02 20:02:24,179 - Step 02074: 13.7222 E_h, exp. variance=127.3412 E_h^2, pmove=0.59
2026-06-02 20:02:24,839 - Step 02075: 9.9952 E_h, exp. variance=115.9422 E_h^2, pmove=0.58
2026-06-02 20:02:25,499 - Step 02076: 9.8272 E_h, exp. variance=105.5367 E_h^2, pmove=0.58
2026-06-02 20:02:26,157 - Step 02077: 16.1399 E_h, exp. variance=95.8157 E_h^2, pmove=0.58
2026-06-02 20:02:26,817 - Step 02078: 30.8244 E_h, exp. variance=113.5518 E_h^2, pmove=0.57
2026-06-02 20:02:27,475 - Step 02079: 10.8111 E_h, exp. variance=103.8866 E_h^2, pmove=0.57
2026-06-02 20:02:28,134 - Step 02080: 11.8280 E_h, exp. variance=94.2461 E_h^2, pmove=0.55
2026-06-02 20:02:28,793 - Step 02081: 10.7245 E_h, exp. variance=86.0526 E_h^2, pmove=0.56
2026-06-02 20:02:29,451 - Step 02082: 13.4708 E_h, exp. variance=77.4778 E_h^2, pmove=0.56
2026-06-02 20:02:30,109 - Step 02083: 11.5992 E_h, exp. variance=70.2465 E_h^2, pmove=0.56
2026-06-02 20:02:30,768 - Step 02084: 11.1845 E_h, exp. variance=63.8166 E_h^2, pmove=0.55
2026-06-02 20:02:31,428 - Step 02085: 10.2793 E_h, exp. variance=58.3675 E_h^2, pmove=0.55
2026-06-02 20:02:32,088 - Step 02086: 3354.2253 E_h, exp. variance=1004687.3125 E_h^2, pmove=0.55
2026-06-02 20:02:32,747 - Step 02087: 9.7652 E_h, exp. variance=914471.0625 E_h^2, pmove=0.55
2026-06-02 20:02:33,406 - Step 02088: 10.2363 E_h, exp. variance=831302.7500 E_h^2, pmove=0.57
2026-06-02 20:02:34,067 - Step 02089: 10.1977 E_h, exp. variance=754880.1875 E_h^2, pmove=0.56
2026-06-02 20:02:34,728 - Step 02090: 9.7827 E_h, exp. variance=684843.8125 E_h^2, pmove=0.57
2026-06-02 20:02:35,389 - Step 02091: 9.5384 E_h, exp. variance=620785.0000 E_h^2, pmove=0.57
2026-06-02 20:02:36,049 - Step 02092: 10.1154 E_h, exp. variance=562270.5000 E_h^2, pmove=0.57
2026-06-02 20:02:36,708 - Step 02093: 15.2377 E_h, exp. variance=508767.5000 E_h^2, pmove=0.58
2026-06-02 20:02:37,369 - Step 02094: 9.4215 E_h, exp. variance=460264.2188 E_h^2, pmove=0.58
2026-06-02 20:02:38,030 - Step 02095: 9.6893 E_h, exp. variance=416153.2812 E_h^2, pmove=0.58
2026-06-02 20:02:38,690 - Step 02096: 12.1541 E_h, exp. variance=376031.7812 E_h^2, pmove=0.58
2026-06-02 20:02:39,349 - Step 02097: 11.7580 E_h, exp. variance=339646.8750 E_h^2, pmove=0.58
2026-06-02 20:02:40,008 - Step 02098: 9.5911 E_h, exp. variance=306710.2500 E_h^2, pmove=0.58
2026-06-02 20:02:40,670 - Step 02099: 9.8771 E_h, exp. variance=276867.0312 E_h^2, pmove=0.58
2026-06-02 20:02:41,330 - Step 02100: 10.6452 E_h, exp. variance=249838.9531 E_h^2, pmove=0.57
2026-06-02 20:02:41,989 - Step 02101: 12.7562 E_h, exp. variance=225359.6875 E_h^2, pmove=0.57
2026-06-02 20:02:42,650 - Step 02102: 10.1987 E_h, exp. variance=203264.0781 E_h^2, pmove=0.57
2026-06-02 20:02:43,311 - Step 02103: 11.0165 E_h, exp. variance=183285.1562 E_h^2, pmove=0.57
2026-06-02 20:02:43,970 - Step 02104: 9.4944 E_h, exp. variance=165253.6406 E_h^2, pmove=0.56
2026-06-02 20:02:44,629 - Step 02105: 9.5238 E_h, exp. variance=148968.5781 E_h^2, pmove=0.57
2026-06-02 20:02:45,287 - Step 02106: 23.3219 E_h, exp. variance=134167.9844 E_h^2, pmove=0.57
2026-06-02 20:02:45,946 - Step 02107: 10.0516 E_h, exp. variance=120915.3203 E_h^2, pmove=0.56
2026-06-02 20:02:46,608 - Step 02108: 9.5244 E_h, exp. variance=108960.4141 E_h^2, pmove=0.58
2026-06-02 20:02:47,267 - Step 02109: 9.7391 E_h, exp. variance=98173.6875 E_h^2, pmove=0.58
2026-06-02 20:02:47,927 - Step 02110: 9.5756 E_h, exp. variance=88445.7891 E_h^2, pmove=0.58
2026-06-02 20:02:48,587 - Step 02111: 9.4965 E_h, exp. variance=79674.0859 E_h^2, pmove=0.58
2026-06-02 20:02:49,245 - Step 02112: 9.8117 E_h, exp. variance=71764.2578 E_h^2, pmove=0.59
2026-06-02 20:02:49,905 - Step 02113: 10.2402 E_h, exp. variance=64632.7383 E_h^2, pmove=0.58
2026-06-02 20:02:50,564 - Step 02114: 10.7794 E_h, exp. variance=58203.9141 E_h^2, pmove=0.58
2026-06-02 20:02:51,224 - Step 02115: 9.9269 E_h, exp. variance=52414.1914 E_h^2, pmove=0.58
2026-06-02 20:02:51,883 - Step 02116: 10.3869 E_h, exp. variance=47196.2578 E_h^2, pmove=0.58
2026-06-02 20:02:52,560 - Step 02117: 13.5794 E_h, exp. variance=42488.2188 E_h^2, pmove=0.58
2026-06-02 20:02:53,220 - Step 02118: 36.5585 E_h, exp. variance=38254.0664 E_h^2, pmove=0.58
2026-06-02 20:02:53,881 - Step 02119: 9.5868 E_h, exp. variance=34450.2266 E_h^2, pmove=0.57
2026-06-02 20:02:54,541 - Step 02120: 9.8891 E_h, exp. variance=31021.9238 E_h^2, pmove=0.58
2026-06-02 20:02:55,204 - Step 02121: 10.3191 E_h, exp. variance=27932.3438 E_h^2, pmove=0.58
2026-06-02 20:02:55,866 - Step 02122: 11.2625 E_h, exp. variance=25147.5957 E_h^2, pmove=0.57
2026-06-02 20:02:56,527 - Step 02123: 11.2120 E_h, exp. variance=22639.7891 E_h^2, pmove=0.57
2026-06-02 20:02:57,188 - Step 02124: 10.6440 E_h, exp. variance=20382.2793 E_h^2, pmove=0.57
2026-06-02 20:02:57,851 - Step 02125: 9.6154 E_h, exp. variance=18350.7988 E_h^2, pmove=0.57
2026-06-02 20:02:58,514 - Step 02126: 9.9043 E_h, exp. variance=16520.7871 E_h^2, pmove=0.57
2026-06-02 20:02:59,174 - Step 02127: 10.9159 E_h, exp. variance=14871.6748 E_h^2, pmove=0.57
2026-06-02 20:02:59,834 - Step 02128: 9.8633 E_h, exp. variance=13387.9902 E_h^2, pmove=0.56
2026-06-02 20:03:00,494 - Step 02129: 10.6270 E_h, exp. variance=12051.2949 E_h^2, pmove=0.57
2026-06-02 20:03:01,158 - Step 02130: 9.4699 E_h, exp. variance=10848.8965 E_h^2, pmove=0.56
2026-06-02 20:03:01,817 - Step 02131: 10.5822 E_h, exp. variance=9765.3369 E_h^2, pmove=0.57
2026-06-02 20:03:02,476 - Step 02132: 9.5926 E_h, exp. variance=8790.5850 E_h^2, pmove=0.56
2026-06-02 20:03:03,136 - Step 02133: 9.5841 E_h, exp. variance=7912.9766 E_h^2, pmove=0.57
2026-06-02 20:03:03,796 - Step 02134: 10.4009 E_h, exp. variance=7122.3823 E_h^2, pmove=0.57
2026-06-02 20:03:04,460 - Step 02135: 9.2582 E_h, exp. variance=6411.3491 E_h^2, pmove=0.57
2026-06-02 20:03:05,123 - Step 02136: 9.2795 E_h, exp. variance=5771.1772 E_h^2, pmove=0.58
2026-06-02 20:03:05,782 - Step 02137: 9.3355 E_h, exp. variance=5194.8105 E_h^2, pmove=0.58
2026-06-02 20:03:06,441 - Step 02138: 17.7901 E_h, exp. variance=4678.4146 E_h^2, pmove=0.59
2026-06-02 20:03:07,103 - Step 02139: 41.5819 E_h, exp. variance=4286.5825 E_h^2, pmove=0.58
2026-06-02 20:03:07,763 - Step 02140: 10.6924 E_h, exp. variance=3859.9417 E_h^2, pmove=0.58
2026-06-02 20:03:08,422 - Step 02141: 10.1856 E_h, exp. variance=3475.9932 E_h^2, pmove=0.57
2026-06-02 20:03:09,081 - Step 02142: 10.6978 E_h, exp. variance=3129.6790 E_h^2, pmove=0.58
2026-06-02 20:03:09,740 - Step 02143: 9.7985 E_h, exp. variance=2818.3752 E_h^2, pmove=0.57
2026-06-02 20:03:10,404 - Step 02144: 10.5450 E_h, exp. variance=2537.4160 E_h^2, pmove=0.58
2026-06-02 20:03:11,063 - Step 02145: 9.3538 E_h, exp. variance=2285.1162 E_h^2, pmove=0.58
2026-06-02 20:03:11,723 - Step 02146: 10.0161 E_h, exp. variance=2057.3823 E_h^2, pmove=0.59
2026-06-02 20:03:12,382 - Step 02147: 12.2562 E_h, exp. variance=1851.6588 E_h^2, pmove=0.58
2026-06-02 20:03:13,045 - Step 02148: 13.1607 E_h, exp. variance=1666.5190 E_h^2, pmove=0.57
2026-06-02 20:03:13,705 - Step 02149: 11.0572 E_h, exp. variance=1500.1028 E_h^2, pmove=0.57
2026-06-02 20:03:14,364 - Step 02150: 15.1961 E_h, exp. variance=1350.7401 E_h^2, pmove=0.57
2026-06-02 20:03:15,023 - Step 02151: 9.5402 E_h, exp. variance=1216.6118 E_h^2, pmove=0.56
2026-06-02 20:03:15,681 - Step 02152: 12.0910 E_h, exp. variance=1094.9626 E_h^2, pmove=0.57
2026-06-02 20:03:16,344 - Step 02153: 12.1101 E_h, exp. variance=985.4750 E_h^2, pmove=0.57
2026-06-02 20:03:17,003 - Step 02154: 10.3603 E_h, exp. variance=887.2982 E_h^2, pmove=0.57
2026-06-02 20:03:17,663 - Step 02155: 12.2309 E_h, exp. variance=798.5685 E_h^2, pmove=0.56
2026-06-02 20:03:18,323 - Step 02156: 9.4704 E_h, exp. variance=719.3780 E_h^2, pmove=0.56
2026-06-02 20:03:18,985 - Step 02157: 10.4263 E_h, exp. variance=647.6408 E_h^2, pmove=0.57
2026-06-02 20:03:19,645 - Step 02158: 15.5607 E_h, exp. variance=584.1700 E_h^2, pmove=0.57
2026-06-02 20:03:20,305 - Step 02159: 10.1658 E_h, exp. variance=526.1071 E_h^2, pmove=0.57
2026-06-02 20:03:20,965 - Step 02160: 9.6431 E_h, exp. variance=473.9756 E_h^2, pmove=0.57
2026-06-02 20:03:21,625 - Step 02161: 10.1698 E_h, exp. variance=426.7943 E_h^2, pmove=0.58
2026-06-02 20:03:22,289 - Step 02162: 9.6036 E_h, exp. variance=384.4611 E_h^2, pmove=0.58
2026-06-02 20:03:22,949 - Step 02163: 9.3355 E_h, exp. variance=346.3871 E_h^2, pmove=0.57
2026-06-02 20:03:23,610 - Step 02164: 12.7520 E_h, exp. variance=311.9749 E_h^2, pmove=0.58
2026-06-02 20:03:24,269 - Step 02165: 9.1636 E_h, exp. variance=281.1975 E_h^2, pmove=0.58
2026-06-02 20:03:24,931 - Step 02166: 10.1188 E_h, exp. variance=253.1658 E_h^2, pmove=0.58
2026-06-02 20:03:25,590 - Step 02167: 9.6292 E_h, exp. variance=228.0206 E_h^2, pmove=0.58
2026-06-02 20:03:26,249 - Step 02168: 10.2383 E_h, exp. variance=205.2546 E_h^2, pmove=0.58
2026-06-02 20:03:26,909 - Step 02169: 10.7112 E_h, exp. variance=184.7300 E_h^2, pmove=0.58
2026-06-02 20:03:27,571 - Step 02170: 9.2939 E_h, exp. variance=166.4606 E_h^2, pmove=0.57
2026-06-02 20:03:28,233 - Step 02171: 9.3738 E_h, exp. variance=149.9606 E_h^2, pmove=0.58
2026-06-02 20:03:28,892 - Step 02172: 10.6240 E_h, exp. variance=134.9655 E_h^2, pmove=0.58
2026-06-02 20:03:29,552 - Step 02173: 9.6178 E_h, exp. variance=121.5440 E_h^2, pmove=0.58
2026-06-02 20:03:30,211 - Step 02174: 9.4247 E_h, exp. variance=109.4823 E_h^2, pmove=0.58
2026-06-02 20:03:30,873 - Step 02175: 9.7523 E_h, exp. variance=98.5649 E_h^2, pmove=0.58
2026-06-02 20:03:31,532 - Step 02176: 9.5222 E_h, exp. variance=88.7600 E_h^2, pmove=0.58
2026-06-02 20:03:32,192 - Step 02177: 9.7667 E_h, exp. variance=79.9012 E_h^2, pmove=0.58
2026-06-02 20:03:32,851 - Step 02178: 9.5243 E_h, exp. variance=71.9474 E_h^2, pmove=0.58
2026-06-02 20:03:33,511 - Step 02179: 9.3251 E_h, exp. variance=64.8063 E_h^2, pmove=0.58
2026-06-02 20:03:34,174 - Step 02180: 10.8488 E_h, exp. variance=58.3876 E_h^2, pmove=0.59
2026-06-02 20:03:34,835 - Step 02181: 9.6809 E_h, exp. variance=52.5648 E_h^2, pmove=0.59
2026-06-02 20:03:35,495 - Step 02182: 9.2265 E_h, exp. variance=47.3708 E_h^2, pmove=0.59
2026-06-02 20:03:36,155 - Step 02183: 1311.8276 E_h, exp. variance=152576.0781 E_h^2, pmove=0.59
2026-06-02 20:03:36,818 - Step 02184: 9.4038 E_h, exp. variance=138857.2500 E_h^2, pmove=0.58
2026-06-02 20:03:37,479 - Step 02185: 95.6171 E_h, exp. variance=125060.6484 E_h^2, pmove=0.58
2026-06-02 20:03:38,139 - Step 02186: 10.0540 E_h, exp. variance=113721.8672 E_h^2, pmove=0.58
2026-06-02 20:03:38,801 - Step 02187: 9.3805 E_h, exp. variance=103307.6406 E_h^2, pmove=0.58
2026-06-02 20:03:39,461 - Step 02188: 11.5405 E_h, exp. variance=93717.1484 E_h^2, pmove=0.58
2026-06-02 20:03:40,129 - Step 02189: 32.4591 E_h, exp. variance=84677.0938 E_h^2, pmove=0.58
2026-06-02 20:03:40,790 - Step 02190: 16.9166 E_h, exp. variance=76652.6172 E_h^2, pmove=0.57
2026-06-02 20:03:41,451 - Step 02191: 9.3579 E_h, exp. variance=69437.4531 E_h^2, pmove=0.57
2026-06-02 20:03:42,111 - Step 02192: 9.5960 E_h, exp. variance=62855.5625 E_h^2, pmove=0.58
2026-06-02 20:03:42,771 - Step 02193: 9.2449 E_h, exp. variance=56866.7227 E_h^2, pmove=0.59
2026-06-02 20:03:43,431 - Step 02194: 9.5687 E_h, exp. variance=51417.3906 E_h^2, pmove=0.58
2026-06-02 20:03:44,091 - Step 02195: 9.2115 E_h, exp. variance=46470.8789 E_h^2, pmove=0.58
2026-06-02 20:03:44,753 - Step 02196: 9.8075 E_h, exp. variance=41977.4609 E_h^2, pmove=0.58
2026-06-02 20:03:45,413 - Step 02197: 14.0130 E_h, exp. variance=37877.6289 E_h^2, pmove=0.58
2026-06-02 20:03:46,076 - Step 02198: 10.6074 E_h, exp. variance=34188.4141 E_h^2, pmove=0.58
2026-06-02 20:03:46,735 - Step 02199: 9.5076 E_h, exp. variance=30855.4023 E_h^2, pmove=0.57
2026-06-02 20:03:47,396 - Step 02200: 11.2809 E_h, exp. variance=27830.7969 E_h^2, pmove=0.58
2026-06-02 20:03:48,056 - Step 02201: 9.8492 E_h, exp. variance=25103.2930 E_h^2, pmove=0.57
2026-06-02 20:03:48,717 - Step 02202: 10.5575 E_h, exp. variance=22635.1738 E_h^2, pmove=0.58
2026-06-02 20:03:49,378 - Step 02203: 9.8864 E_h, exp. variance=20408.2422 E_h^2, pmove=0.57
2026-06-02 20:03:50,039 - Step 02204: 9.4042 E_h, exp. variance=18398.6484 E_h^2, pmove=0.58
2026-06-02 20:03:50,698 - Step 02205: 10.9511 E_h, exp. variance=16579.6270 E_h^2, pmove=0.58
2026-06-02 20:03:51,359 - Step 02206: 9.0430 E_h, exp. variance=14943.5781 E_h^2, pmove=0.58
2026-06-02 20:03:52,022 - Step 02207: 9.3695 E_h, exp. variance=13466.1553 E_h^2, pmove=0.59
2026-06-02 20:03:52,682 - Step 02208: 15.2877 E_h, exp. variance=12123.2578 E_h^2, pmove=0.59
2026-06-02 20:03:53,343 - Step 02209: 10.8820 E_h, exp. variance=10920.2783 E_h^2, pmove=0.57
2026-06-02 20:03:54,004 - Step 02210: 55.9243 E_h, exp. variance=9944.0537 E_h^2, pmove=0.58
2026-06-02 20:03:54,665 - Step 02211: 14.7180 E_h, exp. variance=8956.8125 E_h^2, pmove=0.57
2026-06-02 20:03:55,326 - Step 02212: 11.1493 E_h, exp. variance=8073.2397 E_h^2, pmove=0.56
2026-06-02 20:03:55,986 - Step 02213: 12.8814 E_h, exp. variance=7272.7388 E_h^2, pmove=0.57
2026-06-02 20:03:56,647 - Step 02214: 9.1970 E_h, exp. variance=6557.4102 E_h^2, pmove=0.56
2026-06-02 20:03:57,309 - Step 02215: 9.7449 E_h, exp. variance=5910.3491 E_h^2, pmove=0.58
2026-06-02 20:03:57,971 - Step 02216: 12.7639 E_h, exp. variance=5322.3623 E_h^2, pmove=0.57
2026-06-02 20:03:58,631 - Step 02217: 9.1396 E_h, exp. variance=4797.1943 E_h^2, pmove=0.56
2026-06-02 20:03:59,292 - Step 02218: 9.0707 E_h, exp. variance=4323.2993 E_h^2, pmove=0.58
2026-06-02 20:03:59,952 - Step 02219: 9.5419 E_h, exp. variance=3895.0930 E_h^2, pmove=0.58
2026-06-02 20:04:00,614 - Step 02220: 9.0776 E_h, exp. variance=3509.4526 E_h^2, pmove=0.58
2026-06-02 20:04:01,276 - Step 02221: 9.2359 E_h, exp. variance=3161.4751 E_h^2, pmove=0.58
2026-06-02 20:04:01,938 - Step 02222: 9.3752 E_h, exp. variance=2847.6038 E_h^2, pmove=0.58
2026-06-02 20:04:02,599 - Step 02223: 125.9021 E_h, exp. variance=3691.8210 E_h^2, pmove=0.58
2026-06-02 20:04:03,262 - Step 02224: 10.3451 E_h, exp. variance=3342.2361 E_h^2, pmove=0.58
2026-06-02 20:04:03,935 - Step 02225: 9.0396 E_h, exp. variance=3027.1602 E_h^2, pmove=0.58
2026-06-02 20:04:04,595 - Step 02226: 9.0999 E_h, exp. variance=2739.8118 E_h^2, pmove=0.58
2026-06-02 20:04:05,257 - Step 02227: 9.9059 E_h, exp. variance=2476.6306 E_h^2, pmove=0.59
2026-06-02 20:04:05,917 - Step 02228: 15.1214 E_h, exp. variance=2230.9082 E_h^2, pmove=0.59
2026-06-02 20:04:06,581 - Step 02229: 9.3999 E_h, exp. variance=2016.6394 E_h^2, pmove=0.58
2026-06-02 20:04:07,242 - Step 02230: 61.7421 E_h, exp. variance=1984.7423 E_h^2, pmove=0.59
2026-06-02 20:04:07,902 - Step 02231: 9.5265 E_h, exp. variance=1801.7771 E_h^2, pmove=0.58
2026-06-02 20:04:08,562 - Step 02232: 9.4723 E_h, exp. variance=1634.2771 E_h^2, pmove=0.58
2026-06-02 20:04:09,225 - Step 02233: 14.2645 E_h, exp. variance=1473.9712 E_h^2, pmove=0.58
2026-06-02 20:04:09,887 - Step 02234: 9.4926 E_h, exp. variance=1335.7050 E_h^2, pmove=0.58
2026-06-02 20:04:10,547 - Step 02235: 9.2787 E_h, exp. variance=1209.8838 E_h^2, pmove=0.59
2026-06-02 20:04:11,208 - Step 02236: 9.4622 E_h, exp. variance=1094.8995 E_h^2, pmove=0.59
2026-06-02 20:04:11,867 - Step 02237: 10.7770 E_h, exp. variance=988.6888 E_h^2, pmove=0.59
2026-06-02 20:04:12,531 - Step 02238: 10.1493 E_h, exp. variance=893.1253 E_h^2, pmove=0.58
2026-06-02 20:04:13,190 - Step 02239: 3042.9121 E_h, exp. variance=825617.5625 E_h^2, pmove=0.59
2026-06-02 20:04:13,851 - Step 02240: 20.8616 E_h, exp. variance=751019.8750 E_h^2, pmove=0.58
2026-06-02 20:04:14,511 - Step 02241: 9.4656 E_h, exp. variance=682929.6875 E_h^2, pmove=0.56
2026-06-02 20:04:15,176 - Step 02242: 13.4743 E_h, exp. variance=620136.4375 E_h^2, pmove=0.57
2026-06-02 20:04:15,840 - Step 02243: 9.4282 E_h, exp. variance=562741.0625 E_h^2, pmove=0.57
2026-06-02 20:04:16,501 - Step 02244: 12.2184 E_h, exp. variance=510106.0938 E_h^2, pmove=0.58
2026-06-02 20:04:17,160 - Step 02245: 9.5545 E_h, exp. variance=462130.5938 E_h^2, pmove=0.57
2026-06-02 20:04:17,820 - Step 02246: 12.6431 E_h, exp. variance=418284.9375 E_h^2, pmove=0.57
2026-06-02 20:04:18,482 - Step 02247: 9.3162 E_h, exp. variance=378462.4375 E_h^2, pmove=0.56
2026-06-02 20:04:19,142 - Step 02248: 9.0716 E_h, exp. variance=342247.0000 E_h^2, pmove=0.58
2026-06-02 20:04:19,802 - Step 02249: 11.0651 E_h, exp. variance=309300.1250 E_h^2, pmove=0.59
2026-06-02 20:04:20,461 - Step 02250: 9.3615 E_h, exp. variance=279438.2812 E_h^2, pmove=0.57
2026-06-02 20:04:21,124 - Step 02251: 11.6473 E_h, exp. variance=252319.7969 E_h^2, pmove=0.58
2026-06-02 20:04:21,784 - Step 02252: 9.2716 E_h, exp. variance=227793.7188 E_h^2, pmove=0.57
2026-06-02 20:04:22,445 - Step 02253: 11.7447 E_h, exp. variance=205551.1875 E_h^2, pmove=0.58
2026-06-02 20:04:23,105 - Step 02254: 9.1526 E_h, exp. variance=185463.9531 E_h^2, pmove=0.57
2026-06-02 20:04:23,764 - Step 02255: 9.8886 E_h, exp. variance=167287.9844 E_h^2, pmove=0.58
2026-06-02 20:04:24,427 - Step 02256: 13.1567 E_h, exp. variance=150826.2344 E_h^2, pmove=0.57
2026-06-02 20:04:25,088 - Step 02257: 9.4500 E_h, exp. variance=135993.8594 E_h^2, pmove=0.58
2026-06-02 20:04:25,748 - Step 02258: 34.5241 E_h, exp. variance=122439.5703 E_h^2, pmove=0.58
2026-06-02 20:04:26,407 - Step 02259: 9.0277 E_h, exp. variance=110383.1016 E_h^2, pmove=0.57
2026-06-02 20:04:27,070 - Step 02260: 9.3930 E_h, exp. variance=99493.9688 E_h^2, pmove=0.58
2026-06-02 20:04:27,731 - Step 02261: 9.4696 E_h, exp. variance=89664.8984 E_h^2, pmove=0.57
2026-06-02 20:04:28,391 - Step 02262: 9.1820 E_h, exp. variance=80797.5859 E_h^2, pmove=0.58
2026-06-02 20:04:29,052 - Step 02263: 11.3675 E_h, exp. variance=72786.8359 E_h^2, pmove=0.58
2026-06-02 20:04:29,711 - Step 02264: 9.7613 E_h, exp. variance=65571.4844 E_h^2, pmove=0.57
2026-06-02 20:04:30,373 - Step 02265: 10.0702 E_h, exp. variance=59064.3203 E_h^2, pmove=0.58
2026-06-02 20:04:31,032 - Step 02266: 9.5203 E_h, exp. variance=53200.5000 E_h^2, pmove=0.57
2026-06-02 20:04:31,691 - Step 02267: 9.1538 E_h, exp. variance=47916.2695 E_h^2, pmove=0.58
2026-06-02 20:04:32,351 - Step 02268: 9.2375 E_h, exp. variance=43153.3867 E_h^2, pmove=0.58
2026-06-02 20:04:33,013 - Step 02269: 9.2544 E_h, exp. variance=38861.2812 E_h^2, pmove=0.58
2026-06-02 20:04:33,673 - Step 02270: 9.0156 E_h, exp. variance=34994.5977 E_h^2, pmove=0.58
2026-06-02 20:04:34,332 - Step 02271: 9.9927 E_h, exp. variance=31508.6484 E_h^2, pmove=0.59
2026-06-02 20:04:34,991 - Step 02272: 8.8815 E_h, exp. variance=28371.0430 E_h^2, pmove=0.59
2026-06-02 20:04:35,651 - Step 02273: 11.6274 E_h, exp. variance=25539.9590 E_h^2, pmove=0.59
2026-06-02 20:04:36,313 - Step 02274: 9.7935 E_h, exp. variance=22993.5723 E_h^2, pmove=0.58
2026-06-02 20:04:36,972 - Step 02275: 10.2273 E_h, exp. variance=20699.7480 E_h^2, pmove=0.59
2026-06-02 20:04:37,632 - Step 02276: 9.1193 E_h, exp. variance=18635.7734 E_h^2, pmove=0.59
2026-06-02 20:04:38,290 - Step 02277: 9.7510 E_h, exp. variance=16776.2559 E_h^2, pmove=0.58
2026-06-02 20:04:38,952 - Step 02278: 9.0816 E_h, exp. variance=15102.6885 E_h^2, pmove=0.59
2026-06-02 20:04:39,611 - Step 02279: 10.8327 E_h, exp. variance=13594.0771 E_h^2, pmove=0.59
2026-06-02 20:04:40,271 - Step 02280: 11.8139 E_h, exp. variance=12235.4160 E_h^2, pmove=0.58
2026-06-02 20:04:40,930 - Step 02281: 9.3098 E_h, exp. variance=11014.2129 E_h^2, pmove=0.57
2026-06-02 20:04:41,593 - Step 02282: 11.7708 E_h, exp. variance=9913.1982 E_h^2, pmove=0.58
2026-06-02 20:04:42,252 - Step 02283: 9.8656 E_h, exp. variance=8923.1914 E_h^2, pmove=0.58
2026-06-02 20:04:42,911 - Step 02284: 9.4308 E_h, exp. variance=8032.2212 E_h^2, pmove=0.58
2026-06-02 20:04:43,571 - Step 02285: 9.5372 E_h, exp. variance=7230.0264 E_h^2, pmove=0.59
2026-06-02 20:04:44,231 - Step 02286: 9.0774 E_h, exp. variance=6508.1265 E_h^2, pmove=0.58
2026-06-02 20:04:44,891 - Step 02287: 13.5552 E_h, exp. variance=5857.4722 E_h^2, pmove=0.58
2026-06-02 20:04:45,552 - Step 02288: 10.5884 E_h, exp. variance=5272.0073 E_h^2, pmove=0.58
2026-06-02 20:04:46,212 - Step 02289: 9.5549 E_h, exp. variance=4745.4282 E_h^2, pmove=0.58
2026-06-02 20:04:46,871 - Step 02290: 10.2800 E_h, exp. variance=4271.1274 E_h^2, pmove=0.58
2026-06-02 20:04:47,533 - Step 02291: 9.7407 E_h, exp. variance=3844.3801 E_h^2, pmove=0.58
2026-06-02 20:04:48,193 - Step 02292: 9.9910 E_h, exp. variance=3460.1621 E_h^2, pmove=0.58
2026-06-02 20:04:48,853 - Step 02293: 11.9908 E_h, exp. variance=3114.1775 E_h^2, pmove=0.57
2026-06-02 20:04:49,513 - Step 02294: 9.5625 E_h, exp. variance=2803.0828 E_h^2, pmove=0.56
2026-06-02 20:04:50,172 - Step 02295: 9.2251 E_h, exp. variance=2523.1501 E_h^2, pmove=0.57
2026-06-02 20:04:50,831 - Step 02296: 9.1085 E_h, exp. variance=2271.1792 E_h^2, pmove=0.57
2026-06-02 20:04:51,491 - Step 02297: 16.6967 E_h, exp. variance=2047.1185 E_h^2, pmove=0.58
2026-06-02 20:04:52,151 - Step 02298: 27.3708 E_h, exp. variance=1865.2157 E_h^2, pmove=0.58
2026-06-02 20:04:52,813 - Step 02299: 9.0236 E_h, exp. variance=1680.1482 E_h^2, pmove=0.57
2026-06-02 20:04:53,475 - Step 02300: 9.0014 E_h, exp. variance=1513.3257 E_h^2, pmove=0.59
2026-06-02 20:04:54,136 - Step 02301: 9.2390 E_h, exp. variance=1362.8239 E_h^2, pmove=0.59
2026-06-02 20:04:54,796 - Step 02302: 9.9345 E_h, exp. variance=1226.9155 E_h^2, pmove=0.59
2026-06-02 20:04:55,456 - Step 02303: 9.5319 E_h, exp. variance=1104.6746 E_h^2, pmove=0.59
2026-06-02 20:04:56,117 - Step 02304: 9.2545 E_h, exp. variance=994.6796 E_h^2, pmove=0.59
2026-06-02 20:04:56,778 - Step 02305: 10.0011 E_h, exp. variance=895.3674 E_h^2, pmove=0.59
2026-06-02 20:04:57,440 - Step 02306: 9.2972 E_h, exp. variance=806.1514 E_h^2, pmove=0.59
2026-06-02 20:04:58,101 - Step 02307: 8.9437 E_h, exp. variance=725.9155 E_h^2, pmove=0.59
2026-06-02 20:04:58,762 - Step 02308: 10.1955 E_h, exp. variance=653.3558 E_h^2, pmove=0.59
2026-06-02 20:04:59,424 - Step 02309: 9.5977 E_h, exp. variance=588.1359 E_h^2, pmove=0.59
2026-06-02 20:05:00,088 - Step 02310: 18.7503 E_h, exp. variance=535.2743 E_h^2, pmove=0.59
2026-06-02 20:05:00,748 - Step 02311: 9.8073 E_h, exp. variance=481.9842 E_h^2, pmove=0.59
2026-06-02 20:05:01,409 - Step 02312: 8.8853 E_h, exp. variance=434.2971 E_h^2, pmove=0.58
2026-06-02 20:05:02,070 - Step 02313: 9.3297 E_h, exp. variance=391.1278 E_h^2, pmove=0.59
2026-06-02 20:05:02,731 - Step 02314: 9.3836 E_h, exp. variance=352.2113 E_h^2, pmove=0.59
2026-06-02 20:05:03,393 - Step 02315: 9.2915 E_h, exp. variance=317.1719 E_h^2, pmove=0.58
2026-06-02 20:05:04,055 - Step 02316: 9.4360 E_h, exp. variance=285.5706 E_h^2, pmove=0.59
2026-06-02 20:05:04,716 - Step 02317: 9.3211 E_h, exp. variance=257.1297 E_h^2, pmove=0.59
2026-06-02 20:05:05,378 - Step 02318: 9.2180 E_h, exp. variance=231.5307 E_h^2, pmove=0.59
2026-06-02 20:05:06,040 - Step 02319: 9.1252 E_h, exp. variance=208.4877 E_h^2, pmove=0.58
2026-06-02 20:05:06,702 - Step 02320: 8.8872 E_h, exp. variance=187.7758 E_h^2, pmove=0.59
2026-06-02 20:05:07,363 - Step 02321: 9.2873 E_h, exp. variance=169.0435 E_h^2, pmove=0.59
2026-06-02 20:05:08,024 - Step 02322: 9.5734 E_h, exp. variance=152.1504 E_h^2, pmove=0.59
2026-06-02 20:05:08,686 - Step 02323: 16.0216 E_h, exp. variance=140.3181 E_h^2, pmove=0.59
2026-06-02 20:05:09,349 - Step 02324: 9.1256 E_h, exp. variance=126.4573 E_h^2, pmove=0.58
2026-06-02 20:05:10,011 - Step 02325: 9.6738 E_h, exp. variance=113.8547 E_h^2, pmove=0.59
2026-06-02 20:05:10,672 - Step 02326: 9.3736 E_h, exp. variance=102.5459 E_h^2, pmove=0.59
2026-06-02 20:05:11,333 - Step 02327: 9.2160 E_h, exp. variance=92.3793 E_h^2, pmove=0.59
2026-06-02 20:05:11,993 - Step 02328: 9.9796 E_h, exp. variance=83.1428 E_h^2, pmove=0.59
2026-06-02 20:05:12,653 - Step 02329: 10.1094 E_h, exp. variance=74.8285 E_h^2, pmove=0.59
2026-06-02 20:05:13,313 - Step 02330: 9.4229 E_h, exp. variance=67.3863 E_h^2, pmove=0.57
2026-06-02 20:05:13,974 - Step 02331: 9.5739 E_h, exp. variance=60.6662 E_h^2, pmove=0.58
2026-06-02 20:05:14,637 - Step 02332: 10.1590 E_h, exp. variance=54.6024 E_h^2, pmove=0.58
2026-06-02 20:05:15,298 - Step 02333: 8.9745 E_h, exp. variance=49.2368 E_h^2, pmove=0.58
2026-06-02 20:05:15,958 - Step 02334: 9.0177 E_h, exp. variance=44.3827 E_h^2, pmove=0.59
2026-06-02 20:05:16,631 - Step 02335: 10.0979 E_h, exp. variance=39.9519 E_h^2, pmove=0.59
2026-06-02 20:05:17,293 - Step 02336: 9.2534 E_h, exp. variance=35.9875 E_h^2, pmove=0.59
2026-06-02 20:05:17,953 - Step 02337: 9.1265 E_h, exp. variance=32.4272 E_h^2, pmove=0.59
2026-06-02 20:05:18,614 - Step 02338: 41.4587 E_h, exp. variance=119.8773 E_h^2, pmove=0.58
2026-06-02 20:05:19,273 - Step 02339: 11.0177 E_h, exp. variance=108.2047 E_h^2, pmove=0.58
2026-06-02 20:05:19,933 - Step 02340: 8.9662 E_h, exp. variance=98.6401 E_h^2, pmove=0.58
2026-06-02 20:05:20,597 - Step 02341: 10.7888 E_h, exp. variance=88.9894 E_h^2, pmove=0.58
2026-06-02 20:05:21,259 - Step 02342: 9.9735 E_h, exp. variance=80.5263 E_h^2, pmove=0.58
2026-06-02 20:05:21,919 - Step 02343: 14.9173 E_h, exp. variance=73.2639 E_h^2, pmove=0.57
2026-06-02 20:05:22,579 - Step 02344: 9.1355 E_h, exp. variance=66.8108 E_h^2, pmove=0.58
2026-06-02 20:05:23,243 - Step 02345: 16.2971 E_h, exp. variance=61.8391 E_h^2, pmove=0.58
2026-06-02 20:05:23,905 - Step 02346: 95.1416 E_h, exp. variance=672.1860 E_h^2, pmove=0.57
2026-06-02 20:05:24,566 - Step 02347: 9.0632 E_h, exp. variance=617.0533 E_h^2, pmove=0.58
2026-06-02 20:05:25,227 - Step 02348: 28.9081 E_h, exp. variance=563.3265 E_h^2, pmove=0.59
2026-06-02 20:05:25,888 - Step 02349: 9.8160 E_h, exp. variance=517.1411 E_h^2, pmove=0.58
2026-06-02 20:05:26,553 - Step 02350: 9.8014 E_h, exp. variance=473.6712 E_h^2, pmove=0.58
2026-06-02 20:05:27,217 - Step 02351: 9.5293 E_h, exp. variance=433.4106 E_h^2, pmove=0.58
2026-06-02 20:05:27,878 - Step 02352: 8.9827 E_h, exp. variance=396.6394 E_h^2, pmove=0.58
2026-06-02 20:05:28,539 - Step 02353: 9.8832 E_h, exp. variance=361.1237 E_h^2, pmove=0.59
2026-06-02 20:05:29,203 - Step 02354: 9.7391 E_h, exp. variance=328.5317 E_h^2, pmove=0.58
2026-06-02 20:05:29,863 - Step 02355: 9.2306 E_h, exp. variance=299.0686 E_h^2, pmove=0.58
2026-06-02 20:05:30,525 - Step 02356: 9.3184 E_h, exp. variance=271.8210 E_h^2, pmove=0.58
2026-06-02 20:05:31,187 - Step 02357: 10.0949 E_h, exp. variance=246.1635 E_h^2, pmove=0.59
2026-06-02 20:05:31,851 - Step 02358: 12.4114 E_h, exp. variance=221.7204 E_h^2, pmove=0.59
2026-06-02 20:05:32,512 - Step 02359: 77.9756 E_h, exp. variance=571.8293 E_h^2, pmove=0.58
2026-06-02 20:05:33,173 - Step 02360: 8.9198 E_h, exp. variance=525.8796 E_h^2, pmove=0.58
2026-06-02 20:05:33,834 - Step 02361: 10.6632 E_h, exp. variance=479.5088 E_h^2, pmove=0.59
2026-06-02 20:05:34,494 - Step 02362: 9.7449 E_h, exp. variance=437.9061 E_h^2, pmove=0.58
2026-06-02 20:05:35,158 - Step 02363: 11.3453 E_h, exp. variance=397.3106 E_h^2, pmove=0.59
2026-06-02 20:05:35,821 - Step 02364: 10.8933 E_h, exp. variance=360.6223 E_h^2, pmove=0.58
2026-06-02 20:05:36,482 - Step 02365: 9.8517 E_h, exp. variance=328.1035 E_h^2, pmove=0.58
2026-06-02 20:05:37,144 - Step 02366: 10.1526 E_h, exp. variance=297.8656 E_h^2, pmove=0.57
2026-06-02 20:05:37,808 - Step 02367: 9.2005 E_h, exp. variance=271.0688 E_h^2, pmove=0.57
2026-06-02 20:05:38,469 - Step 02368: 136.8093 E_h, exp. variance=1592.7920 E_h^2, pmove=0.58
2026-06-02 20:05:39,131 - Step 02369: 8.9703 E_h, exp. variance=1461.5806 E_h^2, pmove=0.57
2026-06-02 20:05:39,791 - Step 02370: 9.6628 E_h, exp. variance=1336.2194 E_h^2, pmove=0.58
2026-06-02 20:05:40,452 - Step 02371: 9.0815 E_h, exp. variance=1220.9049 E_h^2, pmove=0.58
2026-06-02 20:05:41,116 - Step 02372: 11.0438 E_h, exp. variance=1109.4562 E_h^2, pmove=0.59
2026-06-02 20:05:41,777 - Step 02373: 9.3356 E_h, exp. variance=1010.4020 E_h^2, pmove=0.58
2026-06-02 20:05:42,439 - Step 02374: 9.5290 E_h, exp. variance=918.6371 E_h^2, pmove=0.58
2026-06-02 20:05:43,100 - Step 02375: 9.2451 E_h, exp. variance=834.7605 E_h^2, pmove=0.58
2026-06-02 20:05:43,762 - Step 02376: 12.1387 E_h, exp. variance=754.0917 E_h^2, pmove=0.59
2026-06-02 20:05:44,421 - Step 02377: 9.3018 E_h, exp. variance=684.2473 E_h^2, pmove=0.57
2026-06-02 20:05:45,081 - Step 02378: 12.9175 E_h, exp. variance=616.9008 E_h^2, pmove=0.58
2026-06-02 20:05:45,740 - Step 02379: 9.0085 E_h, exp. variance=559.6511 E_h^2, pmove=0.58
2026-06-02 20:05:46,401 - Step 02380: 9.4199 E_h, exp. variance=506.8299 E_h^2, pmove=0.58
2026-06-02 20:05:47,065 - Step 02381: 40.5903 E_h, exp. variance=516.2921 E_h^2, pmove=0.59
2026-06-02 20:05:47,727 - Step 02382: 9.4415 E_h, exp. variance=470.2554 E_h^2, pmove=0.58
2026-06-02 20:05:48,388 - Step 02383: 99.5240 E_h, exp. variance=1043.0597 E_h^2, pmove=0.58
2026-06-02 20:05:49,050 - Step 02384: 18.2458 E_h, exp. variance=942.6610 E_h^2, pmove=0.58
2026-06-02 20:05:49,713 - Step 02385: 10.5599 E_h, exp. variance=865.0805 E_h^2, pmove=0.56
2026-06-02 20:05:50,374 - Step 02386: 10.9530 E_h, exp. variance=791.2347 E_h^2, pmove=0.57
2026-06-02 20:05:51,035 - Step 02387: 12.4465 E_h, exp. variance=719.6985 E_h^2, pmove=0.57
2026-06-02 20:05:51,696 - Step 02388: 9.1148 E_h, exp. variance=659.8290 E_h^2, pmove=0.55
2026-06-02 20:05:52,358 - Step 02389: 8.9279 E_h, exp. variance=604.0016 E_h^2, pmove=0.58
2026-06-02 20:05:53,021 - Step 02390: 9.5006 E_h, exp. variance=550.8714 E_h^2, pmove=0.58
2026-06-02 20:05:53,680 - Step 02391: 9.0138 E_h, exp. variance=502.4030 E_h^2, pmove=0.58
2026-06-02 20:05:54,340 - Step 02392: 9.4605 E_h, exp. variance=456.9212 E_h^2, pmove=0.58
2026-06-02 20:05:55,000 - Step 02393: 9.4588 E_h, exp. variance=415.0855 E_h^2, pmove=0.58
2026-06-02 20:05:55,662 - Step 02394: 9.4138 E_h, exp. variance=376.7487 E_h^2, pmove=0.58
2026-06-02 20:05:56,321 - Step 02395: 9.9128 E_h, exp. variance=341.1854 E_h^2, pmove=0.58
2026-06-02 20:05:56,981 - Step 02396: 8.9272 E_h, exp. variance=309.6380 E_h^2, pmove=0.58
2026-06-02 20:05:57,640 - Step 02397: 8.8697 E_h, exp. variance=280.8070 E_h^2, pmove=0.58
2026-06-02 20:05:58,300 - Step 02398: 8.7730 E_h, exp. variance=254.5309 E_h^2, pmove=0.59
2026-06-02 20:05:58,962 - Step 02399: 8.9468 E_h, exp. variance=230.4162 E_h^2, pmove=0.59
2026-06-02 20:05:59,624 - Step 02400: 9.1658 E_h, exp. variance=208.3261 E_h^2, pmove=0.59
2026-06-02 20:06:00,287 - Step 02401: 10.1360 E_h, exp. variance=187.8379 E_h^2, pmove=0.59
2026-06-02 20:06:00,948 - Step 02402: 10.8405 E_h, exp. variance=169.1545 E_h^2, pmove=0.58
2026-06-02 20:06:01,610 - Step 02403: 10.1891 E_h, exp. variance=152.4700 E_h^2, pmove=0.59
2026-06-02 20:06:02,272 - Step 02404: 8.8538 E_h, exp. variance=137.9171 E_h^2, pmove=0.58
2026-06-02 20:06:02,933 - Step 02405: 9.3130 E_h, exp. variance=124.5000 E_h^2, pmove=0.59
2026-06-02 20:06:03,592 - Step 02406: 9.0094 E_h, exp. variance=112.4620 E_h^2, pmove=0.60
2026-06-02 20:06:04,251 - Step 02407: 10.1133 E_h, exp. variance=101.2766 E_h^2, pmove=0.59
2026-06-02 20:06:04,910 - Step 02408: 8.8665 E_h, exp. variance=91.5041 E_h^2, pmove=0.60
2026-06-02 20:06:05,570 - Step 02409: 8.8234 E_h, exp. variance=82.6554 E_h^2, pmove=0.59
2026-06-02 20:06:06,230 - Step 02410: 8.8341 E_h, exp. variance=74.6311 E_h^2, pmove=0.60
2026-06-02 20:06:06,889 - Step 02411: 9.5361 E_h, exp. variance=67.2215 E_h^2, pmove=0.60
2026-06-02 20:06:07,550 - Step 02412: 10.3556 E_h, exp. variance=60.5008 E_h^2, pmove=0.59
2026-06-02 20:06:08,210 - Step 02413: 9.3626 E_h, exp. variance=54.5204 E_h^2, pmove=0.59
2026-06-02 20:06:08,870 - Step 02414: 9.1645 E_h, exp. variance=49.1567 E_h^2, pmove=0.60
2026-06-02 20:06:09,530 - Step 02415: 9.8883 E_h, exp. variance=44.2435 E_h^2, pmove=0.59
2026-06-02 20:06:10,191 - Step 02416: 8.9113 E_h, exp. variance=39.9337 E_h^2, pmove=0.59
2026-06-02 20:06:10,852 - Step 02417: 25.5716 E_h, exp. variance=57.9700 E_h^2, pmove=0.59
2026-06-02 20:06:11,512 - Step 02418: 9.1510 E_h, exp. variance=52.6657 E_h^2, pmove=0.58
2026-06-02 20:06:12,172 - Step 02419: 9.5054 E_h, exp. variance=47.6752 E_h^2, pmove=0.59
2026-06-02 20:06:12,832 - Step 02420: 9.7514 E_h, exp. variance=43.0670 E_h^2, pmove=0.58
2026-06-02 20:06:13,492 - Step 02421: 9.3533 E_h, exp. variance=38.9893 E_h^2, pmove=0.59
2026-06-02 20:06:14,152 - Step 02422: 8.8316 E_h, exp. variance=35.4353 E_h^2, pmove=0.59
2026-06-02 20:06:14,812 - Step 02423: 9.1541 E_h, exp. variance=32.0782 E_h^2, pmove=0.59
2026-06-02 20:06:15,473 - Step 02424: 9.0562 E_h, exp. variance=29.0451 E_h^2, pmove=0.59
2026-06-02 20:06:16,132 - Step 02425: 10.7741 E_h, exp. variance=26.1599 E_h^2, pmove=0.58
2026-06-02 20:06:16,794 - Step 02426: 9.5220 E_h, exp. variance=23.6066 E_h^2, pmove=0.58
2026-06-02 20:06:17,453 - Step 02427: 9.0443 E_h, exp. variance=21.3819 E_h^2, pmove=0.58
2026-06-02 20:06:18,113 - Step 02428: 8.9819 E_h, exp. variance=19.3665 E_h^2, pmove=0.59
2026-06-02 20:06:18,774 - Step 02429: 9.5703 E_h, exp. variance=17.4492 E_h^2, pmove=0.59
2026-06-02 20:06:19,435 - Step 02430: 9.5693 E_h, exp. variance=15.7199 E_h^2, pmove=0.58
2026-06-02 20:06:20,095 - Step 02431: 9.6556 E_h, exp. variance=14.1555 E_h^2, pmove=0.58
2026-06-02 20:06:20,756 - Step 02432: 139.6721 E_h, exp. variance=1528.0317 E_h^2, pmove=0.58
2026-06-02 20:06:21,416 - Step 02433: 8.9635 E_h, exp. variance=1392.6886 E_h^2, pmove=0.58
2026-06-02 20:06:22,076 - Step 02434: 9.7909 E_h, exp. variance=1265.7571 E_h^2, pmove=0.58
2026-06-02 20:06:22,736 - Step 02435: 13.7578 E_h, exp. variance=1143.0667 E_h^2, pmove=0.58
2026-06-02 20:06:23,396 - Step 02436: 8.9536 E_h, exp. variance=1039.0980 E_h^2, pmove=0.57
2026-06-02 20:06:24,055 - Step 02437: 9.1230 E_h, exp. variance=943.2705 E_h^2, pmove=0.59
2026-06-02 20:06:24,714 - Step 02438: 10.7631 E_h, exp. variance=853.2143 E_h^2, pmove=0.58
2026-06-02 20:06:25,375 - Step 02439: 9.2745 E_h, exp. variance=773.2129 E_h^2, pmove=0.59
2026-06-02 20:06:26,036 - Step 02440: 11.1182 E_h, exp. variance=698.2104 E_h^2, pmove=0.59
2026-06-02 20:06:26,696 - Step 02441: 9.5756 E_h, exp. variance=631.7502 E_h^2, pmove=0.58
2026-06-02 20:06:27,356 - Step 02442: 9.4797 E_h, exp. variance=571.3932 E_h^2, pmove=0.58
2026-06-02 20:06:28,016 - Step 02443: 13.1472 E_h, exp. variance=514.4225 E_h^2, pmove=0.59
2026-06-02 20:06:28,679 - Step 02444: 11.5821 E_h, exp. variance=463.6843 E_h^2, pmove=0.57
2026-06-02 20:06:29,338 - Step 02445: 9.1922 E_h, exp. variance=419.4830 E_h^2, pmove=0.58
2026-06-02 20:06:29,999 - Step 02446: 9.5489 E_h, exp. variance=379.0180 E_h^2, pmove=0.57
2026-06-02 20:06:30,658 - Step 02447: 9.3514 E_h, exp. variance=342.4510 E_h^2, pmove=0.58
2026-06-02 20:06:31,321 - Step 02448: 8.9370 E_h, exp. variance=309.5612 E_h^2, pmove=0.59
2026-06-02 20:06:31,982 - Step 02449: 10.9320 E_h, exp. variance=278.8069 E_h^2, pmove=0.58
2026-06-02 20:06:32,655 - Step 02450: 9.3232 E_h, exp. variance=251.7128 E_h^2, pmove=0.58
2026-06-02 20:06:33,315 - Step 02451: 10.5845 E_h, exp. variance=226.7178 E_h^2, pmove=0.58
2026-06-02 20:06:33,980 - Step 02452: 9.0184 E_h, exp. variance=204.7647 E_h^2, pmove=0.59
2026-06-02 20:06:34,641 - Step 02453: 8.9376 E_h, exp. variance=184.9079 E_h^2, pmove=0.59
2026-06-02 20:06:35,300 - Step 02454: 16.9097 E_h, exp. variance=169.2502 E_h^2, pmove=0.59
2026-06-02 20:06:35,960 - Step 02455: 9.2664 E_h, exp. variance=152.9306 E_h^2, pmove=0.58
2026-06-02 20:06:36,620 - Step 02456: 13.0960 E_h, exp. variance=137.8388 E_h^2, pmove=0.59
2026-06-02 20:06:37,283 - Step 02457: 8.9206 E_h, exp. variance=124.7755 E_h^2, pmove=0.57
2026-06-02 20:06:37,945 - Step 02458: 8.9774 E_h, exp. variance=112.8559 E_h^2, pmove=0.59
2026-06-02 20:06:38,605 - Step 02459: 18.2066 E_h, exp. variance=105.9656 E_h^2, pmove=0.59
2026-06-02 20:06:39,266 - Step 02460: 9.1110 E_h, exp. variance=96.0777 E_h^2, pmove=0.58
2026-06-02 20:06:39,928 - Step 02461: 8.9796 E_h, exp. variance=87.1053 E_h^2, pmove=0.59
2026-06-02 20:06:40,589 - Step 02462: 10.3354 E_h, exp. variance=78.4913 E_h^2, pmove=0.59
2026-06-02 20:06:41,249 - Step 02463: 10.5897 E_h, exp. variance=70.6835 E_h^2, pmove=0.59
2026-06-02 20:06:41,908 - Step 02464: 9.9143 E_h, exp. variance=63.7638 E_h^2, pmove=0.57
2026-06-02 20:06:42,567 - Step 02465: 9.5850 E_h, exp. variance=57.5861 E_h^2, pmove=0.57
2026-06-02 20:06:43,230 - Step 02466: 9.0611 E_h, exp. variance=52.1393 E_h^2, pmove=0.57
2026-06-02 20:06:43,890 - Step 02467: 12.9293 E_h, exp. variance=47.3582 E_h^2, pmove=0.59
2026-06-02 20:06:44,550 - Step 02468: 9.0031 E_h, exp. variance=42.9655 E_h^2, pmove=0.58
2026-06-02 20:06:45,210 - Step 02469: 9.9676 E_h, exp. variance=38.7255 E_h^2, pmove=0.59
2026-06-02 20:06:45,872 - Step 02470: 9.0937 E_h, exp. variance=35.0797 E_h^2, pmove=0.58
2026-06-02 20:06:46,530 - Step 02471: 8.7668 E_h, exp. variance=31.8491 E_h^2, pmove=0.59
2026-06-02 20:06:47,190 - Step 02472: 8.8264 E_h, exp. variance=28.8723 E_h^2, pmove=0.59
2026-06-02 20:06:47,849 - Step 02473: 8.7567 E_h, exp. variance=26.1712 E_h^2, pmove=0.59
2026-06-02 20:06:48,509 - Step 02474: 13.9962 E_h, exp. variance=24.9549 E_h^2, pmove=0.60
2026-06-02 20:06:49,172 - Step 02475: 8.8899 E_h, exp. variance=22.6772 E_h^2, pmove=0.59
2026-06-02 20:06:49,831 - Step 02476: 9.8675 E_h, exp. variance=20.4255 E_h^2, pmove=0.59
2026-06-02 20:06:50,491 - Step 02477: 9.6036 E_h, exp. variance=18.4203 E_h^2, pmove=0.59
2026-06-02 20:06:51,151 - Step 02478: 9.0362 E_h, exp. variance=16.6967 E_h^2, pmove=0.59
2026-06-02 20:06:51,813 - Step 02479: 11.5502 E_h, exp. variance=15.2246 E_h^2, pmove=0.59
2026-06-02 20:06:52,472 - Step 02480: 8.9943 E_h, exp. variance=13.8366 E_h^2, pmove=0.59
2026-06-02 20:06:53,133 - Step 02481: 12.6787 E_h, exp. variance=13.0540 E_h^2, pmove=0.58
2026-06-02 20:06:53,792 - Step 02482: 11.3647 E_h, exp. variance=11.8407 E_h^2, pmove=0.58
2026-06-02 20:06:54,451 - Step 02483: 9.0037 E_h, exp. variance=10.8460 E_h^2, pmove=0.57
2026-06-02 20:06:55,113 - Step 02484: 10.6703 E_h, exp. variance=9.7731 E_h^2, pmove=0.58
2026-06-02 20:06:55,772 - Step 02485: 9.5211 E_h, exp. variance=8.8569 E_h^2, pmove=0.58
2026-06-02 20:06:56,431 - Step 02486: 9.0938 E_h, exp. variance=8.0942 E_h^2, pmove=0.58
2026-06-02 20:06:57,091 - Step 02487: 9.5690 E_h, exp. variance=7.3148 E_h^2, pmove=0.58
2026-06-02 20:06:57,753 - Step 02488: 14.5053 E_h, exp. variance=8.3392 E_h^2, pmove=0.59
2026-06-02 20:06:58,412 - Step 02489: 9.8593 E_h, exp. variance=7.5458 E_h^2, pmove=0.58
2026-06-02 20:06:59,072 - Step 02490: 9.1899 E_h, exp. variance=6.9370 E_h^2, pmove=0.58
2026-06-02 20:06:59,731 - Step 02491: 11.8928 E_h, exp. variance=6.4616 E_h^2, pmove=0.59
2026-06-02 20:07:00,392 - Step 02492: 9.1177 E_h, exp. variance=5.9852 E_h^2, pmove=0.59
2026-06-02 20:07:01,053 - Step 02493: 9.3685 E_h, exp. variance=5.4741 E_h^2, pmove=0.60
2026-06-02 20:07:01,712 - Step 02494: 12.4618 E_h, exp. variance=5.3648 E_h^2, pmove=0.60
2026-06-02 20:07:02,372 - Step 02495: 9.4343 E_h, exp. variance=4.9260 E_h^2, pmove=0.59
2026-06-02 20:07:03,032 - Step 02496: 17.4786 E_h, exp. variance=8.9789 E_h^2, pmove=0.58
2026-06-02 20:07:03,695 - Step 02497: 13.2167 E_h, exp. variance=8.4910 E_h^2, pmove=0.57
2026-06-02 20:07:04,354 - Step 02498: 9.1691 E_h, exp. variance=8.0490 E_h^2, pmove=0.57
2026-06-02 20:07:05,015 - Step 02499: 9.2190 E_h, exp. variance=7.5569 E_h^2, pmove=0.59
2026-06-02 20:07:05,675 - Step 02500: 8.8080 E_h, exp. variance=7.1938 E_h^2, pmove=0.59
2026-06-02 20:07:06,335 - Step 02501: 10.4996 E_h, exp. variance=6.4777 E_h^2, pmove=0.59
2026-06-02 20:07:06,998 - Step 02502: 9.8330 E_h, exp. variance=5.8928 E_h^2, pmove=0.59
2026-06-02 20:07:07,658 - Step 02503: 9.0538 E_h, exp. variance=5.5147 E_h^2, pmove=0.59
2026-06-02 20:07:08,318 - Step 02504: 15.6708 E_h, exp. variance=7.4329 E_h^2, pmove=0.59
2026-06-02 20:07:08,978 - Step 02505: 8.9647 E_h, exp. variance=7.0466 E_h^2, pmove=0.58
2026-06-02 20:07:09,639 - Step 02506: 9.1413 E_h, exp. variance=6.5769 E_h^2, pmove=0.59
2026-06-02 20:07:10,300 - Step 02507: 14.6542 E_h, exp. variance=7.4018 E_h^2, pmove=0.59
2026-06-02 20:07:10,961 - Step 02508: 9.3162 E_h, exp. variance=6.9172 E_h^2, pmove=0.58
2026-06-02 20:07:11,621 - Step 02509: 9.3654 E_h, exp. variance=6.4193 E_h^2, pmove=0.58
2026-06-02 20:07:12,281 - Step 02510: 9.2264 E_h, exp. variance=5.9691 E_h^2, pmove=0.58
2026-06-02 20:07:12,941 - Step 02511: 8.9808 E_h, exp. variance=5.5910 E_h^2, pmove=0.58
2026-06-02 20:07:13,602 - Step 02512: 8.9377 E_h, exp. variance=5.2202 E_h^2, pmove=0.59
2026-06-02 20:07:14,262 - Step 02513: 8.7968 E_h, exp. variance=4.8855 E_h^2, pmove=0.59
2026-06-02 20:07:14,923 - Step 02514: 9.5093 E_h, exp. variance=4.4279 E_h^2, pmove=0.59
2026-06-02 20:07:15,584 - Step 02515: 8.9850 E_h, exp. variance=4.0846 E_h^2, pmove=0.59
2026-06-02 20:07:16,243 - Step 02516: 9.4260 E_h, exp. variance=3.6992 E_h^2, pmove=0.59
2026-06-02 20:07:16,902 - Step 02517: 9.2038 E_h, exp. variance=3.3705 E_h^2, pmove=0.59
2026-06-02 20:07:17,561 - Step 02518: 9.8141 E_h, exp. variance=3.0335 E_h^2, pmove=0.59
2026-06-02 20:07:18,221 - Step 02519: 9.6386 E_h, exp. variance=2.7329 E_h^2, pmove=0.58
2026-06-02 20:07:18,882 - Step 02520: 16.8867 E_h, exp. variance=6.9848 E_h^2, pmove=0.59
2026-06-02 20:07:19,542 - Step 02521: 76.7061 E_h, exp. variance=400.7205 E_h^2, pmove=0.57
2026-06-02 20:07:20,201 - Step 02522: 8.8614 E_h, exp. variance=366.7943 E_h^2, pmove=0.57
2026-06-02 20:07:20,862 - Step 02523: 10.5671 E_h, exp. variance=333.0715 E_h^2, pmove=0.58
2026-06-02 20:07:21,522 - Step 02524: 9.3507 E_h, exp. variance=303.4218 E_h^2, pmove=0.58
2026-06-02 20:07:22,182 - Step 02525: 8.7483 E_h, exp. variance=276.6969 E_h^2, pmove=0.58
2026-06-02 20:07:22,841 - Step 02526: 8.7232 E_h, exp. variance=251.9830 E_h^2, pmove=0.59
2026-06-02 20:07:23,502 - Step 02527: 10.5801 E_h, exp. variance=227.7654 E_h^2, pmove=0.59
2026-06-02 20:07:24,162 - Step 02528: 116.7863 E_h, exp. variance=1164.1689 E_h^2, pmove=0.59
2026-06-02 20:07:24,823 - Step 02529: 8.7418 E_h, exp. variance=1068.3617 E_h^2, pmove=0.59
2026-06-02 20:07:25,484 - Step 02530: 9.2525 E_h, exp. variance=976.9908 E_h^2, pmove=0.59
2026-06-02 20:07:26,144 - Step 02531: 11.4082 E_h, exp. variance=887.6591 E_h^2, pmove=0.59
2026-06-02 20:07:26,805 - Step 02532: 9.1931 E_h, exp. variance=809.5723 E_h^2, pmove=0.58
2026-06-02 20:07:27,465 - Step 02533: 8.8780 E_h, exp. variance=737.8301 E_h^2, pmove=0.59
2026-06-02 20:07:28,126 - Step 02534: 9.5929 E_h, exp. variance=670.3854 E_h^2, pmove=0.59
2026-06-02 20:07:28,786 - Step 02535: 8.8768 E_h, exp. variance=609.5007 E_h^2, pmove=0.59
2026-06-02 20:07:29,447 - Step 02536: 8.8711 E_h, exp. variance=553.5428 E_h^2, pmove=0.59
2026-06-02 20:07:30,109 - Step 02537: 9.0214 E_h, exp. variance=502.0529 E_h^2, pmove=0.60
2026-06-02 20:07:30,771 - Step 02538: 8.7708 E_h, exp. variance=455.2494 E_h^2, pmove=0.59
2026-06-02 20:07:31,430 - Step 02539: 8.8982 E_h, exp. variance=412.3545 E_h^2, pmove=0.60
2026-06-02 20:07:32,093 - Step 02540: 12.3668 E_h, exp. variance=371.2946 E_h^2, pmove=0.60
2026-06-02 20:07:32,758 - Step 02541: 8.7676 E_h, exp. variance=336.2875 E_h^2, pmove=0.58
2026-06-02 20:07:33,419 - Step 02542: 14.5303 E_h, exp. variance=302.8332 E_h^2, pmove=0.59
2026-06-02 20:07:34,088 - Step 02543: 9.2283 E_h, exp. variance=274.0254 E_h^2, pmove=0.59
2026-06-02 20:07:34,749 - Step 02544: 9.3793 E_h, exp. variance=247.7210 E_h^2, pmove=0.59
2026-06-02 20:07:35,409 - Step 02545: 8.8823 E_h, exp. variance=224.1419 E_h^2, pmove=0.58
2026-06-02 20:07:36,071 - Step 02546: 9.3792 E_h, exp. variance=202.4232 E_h^2, pmove=0.59
2026-06-02 20:07:36,731 - Step 02547: 53.4108 E_h, exp. variance=337.4059 E_h^2, pmove=0.59
2026-06-02 20:07:37,392 - Step 02548: 9.2211 E_h, exp. variance=307.8427 E_h^2, pmove=0.59
2026-06-02 20:07:38,052 - Step 02549: 10.7766 E_h, exp. variance=278.9431 E_h^2, pmove=0.59
2026-06-02 20:07:38,712 - Step 02550: 12.6917 E_h, exp. variance=251.4858 E_h^2, pmove=0.59
2026-06-02 20:07:39,375 - Step 02551: 9.0987 E_h, exp. variance=229.1355 E_h^2, pmove=0.57
2026-06-02 20:07:40,036 - Step 02552: 9.8536 E_h, exp. variance=207.8580 E_h^2, pmove=0.59
2026-06-02 20:07:40,698 - Step 02553: 8.9537 E_h, exp. variance=189.0918 E_h^2, pmove=0.59
2026-06-02 20:07:41,359 - Step 02554: 9.0240 E_h, exp. variance=171.7650 E_h^2, pmove=0.59
2026-06-02 20:07:42,023 - Step 02555: 9.1351 E_h, exp. variance=155.7959 E_h^2, pmove=0.59
2026-06-02 20:07:42,682 - Step 02556: 8.7074 E_h, exp. variance=141.4646 E_h^2, pmove=0.58
2026-06-02 20:07:43,342 - Step 02557: 8.7254 E_h, exp. variance=128.3183 E_h^2, pmove=0.59
2026-06-02 20:07:44,002 - Step 02558: 8.8865 E_h, exp. variance=116.2120 E_h^2, pmove=0.59
2026-06-02 20:07:44,661 - Step 02559: 12.8986 E_h, exp. variance=104.7818 E_h^2, pmove=0.60
2026-06-02 20:07:45,324 - Step 02560: 13.4657 E_h, exp. variance=94.6211 E_h^2, pmove=0.59
2026-06-02 20:07:45,983 - Step 02561: 152.9025 E_h, exp. variance=1877.6770 E_h^2, pmove=0.59
2026-06-02 20:07:46,644 - Step 02562: 9.0735 E_h, exp. variance=1715.3549 E_h^2, pmove=0.58
2026-06-02 20:07:47,303 - Step 02563: 9.4408 E_h, exp. variance=1563.4420 E_h^2, pmove=0.58
2026-06-02 20:07:47,966 - Step 02564: 10.8528 E_h, exp. variance=1419.7939 E_h^2, pmove=0.59
2026-06-02 20:07:48,629 - Step 02565: 9.2492 E_h, exp. variance=1291.4154 E_h^2, pmove=0.59
2026-06-02 20:07:49,289 - Step 02566: 9.2991 E_h, exp. variance=1173.1913 E_h^2, pmove=0.59
2026-06-02 20:07:49,948 - Step 02567: 8.8144 E_h, exp. variance=1065.6012 E_h^2, pmove=0.59
2026-06-02 20:07:50,608 - Step 02568: 42.2299 E_h, exp. variance=1011.1320 E_h^2, pmove=0.59
2026-06-02 20:07:51,271 - Step 02569: 9.8219 E_h, exp. variance=920.4305 E_h^2, pmove=0.59
2026-06-02 20:07:51,931 - Step 02570: 9.0197 E_h, exp. variance=838.2767 E_h^2, pmove=0.58
2026-06-02 20:07:52,604 - Step 02571: 8.7853 E_h, exp. variance=762.8623 E_h^2, pmove=0.59
2026-06-02 20:07:53,264 - Step 02572: 10.5393 E_h, exp. variance=690.9204 E_h^2, pmove=0.59
2026-06-02 20:07:53,926 - Step 02573: 9.1124 E_h, exp. variance=627.1365 E_h^2, pmove=0.59
2026-06-02 20:07:54,587 - Step 02574: 8.9977 E_h, exp. variance=568.8665 E_h^2, pmove=0.58
2026-06-02 20:07:55,247 - Step 02575: 9.0705 E_h, exp. variance=515.4966 E_h^2, pmove=0.59
2026-06-02 20:07:55,906 - Step 02576: 9.8144 E_h, exp. variance=466.0921 E_h^2, pmove=0.59
2026-06-02 20:07:56,566 - Step 02577: 23.9210 E_h, exp. variance=427.9732 E_h^2, pmove=0.59
2026-06-02 20:07:57,229 - Step 02578: 9.0433 E_h, exp. variance=388.5647 E_h^2, pmove=0.58
2026-06-02 20:07:57,889 - Step 02579: 185.4841 E_h, exp. variance=2978.8809 E_h^2, pmove=0.59
2026-06-02 20:07:59,330 - Step 02580: 8.9835 E_h, exp. variance=2727.2637 E_h^2, pmove=0.58
2026-06-02 20:07:59,993 - Step 02581: 9.8732 E_h, exp. variance=2488.8201 E_h^2, pmove=0.59
2026-06-02 20:08:00,656 - Step 02582: 9.2806 E_h, exp. variance=2269.6123 E_h^2, pmove=0.58
2026-06-02 20:08:01,318 - Step 02583: 10.5681 E_h, exp. variance=2063.0491 E_h^2, pmove=0.58
2026-06-02 20:08:01,981 - Step 02584: 9.9124 E_h, exp. variance=1874.9043 E_h^2, pmove=0.58
2026-06-02 20:08:02,646 - Step 02585: 9.1825 E_h, exp. variance=1703.8511 E_h^2, pmove=0.58
2026-06-02 20:08:03,307 - Step 02586: 11.2873 E_h, exp. variance=1542.5707 E_h^2, pmove=0.58
2026-06-02 20:08:03,968 - Step 02587: 9.2991 E_h, exp. variance=1399.2838 E_h^2, pmove=0.58
2026-06-02 20:08:04,631 - Step 02588: 8.7969 E_h, exp. variance=1269.1622 E_h^2, pmove=0.59
2026-06-02 20:08:05,293 - Step 02589: 9.0581 E_h, exp. variance=1149.7539 E_h^2, pmove=0.59
2026-06-02 20:08:05,956 - Step 02590: 9.0842 E_h, exp. variance=1040.8213 E_h^2, pmove=0.59
2026-06-02 20:08:06,618 - Step 02591: 8.7932 E_h, exp. variance=942.0278 E_h^2, pmove=0.59
2026-06-02 20:08:07,279 - Step 02592: 9.3186 E_h, exp. variance=851.4813 E_h^2, pmove=0.60
2026-06-02 20:08:07,940 - Step 02593: 8.7645 E_h, exp. variance=769.8944 E_h^2, pmove=0.60
2026-06-02 20:08:08,603 - Step 02594: 9.9054 E_h, exp. variance=694.7441 E_h^2, pmove=0.60
2026-06-02 20:08:09,262 - Step 02595: 13.3282 E_h, exp. variance=625.3073 E_h^2, pmove=0.59
2026-06-02 20:08:09,921 - Step 02596: 9.7890 E_h, exp. variance=564.3044 E_h^2, pmove=0.58
2026-06-02 20:08:10,579 - Step 02597: 10.8334 E_h, exp. variance=508.5126 E_h^2, pmove=0.59
2026-06-02 20:08:11,238 - Step 02598: 8.7288 E_h, exp. variance=459.4855 E_h^2, pmove=0.58
2026-06-02 20:08:11,902 - Step 02599: 8.9026 E_h, exp. variance=414.8905 E_h^2, pmove=0.59
2026-06-02 20:08:12,562 - Step 02600: 9.0641 E_h, exp. variance=374.3987 E_h^2, pmove=0.59
2026-06-02 20:08:13,222 - Step 02601: 9.3524 E_h, exp. variance=337.6187 E_h^2, pmove=0.60
2026-06-02 20:08:13,882 - Step 02602: 9.2408 E_h, exp. variance=304.4413 E_h^2, pmove=0.60
2026-06-02 20:08:14,546 - Step 02603: 9.1218 E_h, exp. variance=274.5210 E_h^2, pmove=0.60
2026-06-02 20:08:15,207 - Step 02604: 12.2435 E_h, exp. variance=247.1502 E_h^2, pmove=0.60
2026-06-02 20:08:15,866 - Step 02605: 8.9308 E_h, exp. variance=222.9787 E_h^2, pmove=0.58
2026-06-02 20:08:16,525 - Step 02606: 9.2126 E_h, exp. variance=201.0160 E_h^2, pmove=0.59
2026-06-02 20:08:17,183 - Step 02607: 9.0470 E_h, exp. variance=181.2401 E_h^2, pmove=0.59
2026-06-02 20:08:17,845 - Step 02608: 8.7994 E_h, exp. variance=163.4618 E_h^2, pmove=0.59
2026-06-02 20:08:18,505 - Step 02609: 8.8031 E_h, exp. variance=147.3944 E_h^2, pmove=0.59
2026-06-02 20:08:19,165 - Step 02610: 9.1477 E_h, exp. variance=132.7932 E_h^2, pmove=0.59
2026-06-02 20:08:19,823 - Step 02611: 9.2989 E_h, exp. variance=119.5976 E_h^2, pmove=0.59
2026-06-02 20:08:20,483 - Step 02612: 8.8606 E_h, exp. variance=107.7914 E_h^2, pmove=0.58
2026-06-02 20:08:21,142 - Step 02613: 28.8865 E_h, exp. variance=128.9921 E_h^2, pmove=0.59
2026-06-02 20:08:21,801 - Step 02614: 9.6357 E_h, exp. variance=116.5630 E_h^2, pmove=0.59
2026-06-02 20:08:22,461 - Step 02615: 15.8651 E_h, exp. variance=106.4735 E_h^2, pmove=0.59
2026-06-02 20:08:23,122 - Step 02616: 9.1253 E_h, exp. variance=96.6279 E_h^2, pmove=0.58
2026-06-02 20:08:23,783 - Step 02617: 8.7342 E_h, exp. variance=87.8174 E_h^2, pmove=0.59
2026-06-02 20:08:24,442 - Step 02618: 9.8930 E_h, exp. variance=79.2691 E_h^2, pmove=0.59
2026-06-02 20:08:25,104 - Step 02619: 8.9984 E_h, exp. variance=71.8368 E_h^2, pmove=0.59
2026-06-02 20:08:25,762 - Step 02620: 11.9592 E_h, exp. variance=64.7183 E_h^2, pmove=0.59
2026-06-02 20:08:26,421 - Step 02621: 15.0662 E_h, exp. variance=59.5964 E_h^2, pmove=0.58
2026-06-02 20:08:27,081 - Step 02622: 22.2858 E_h, exp. variance=63.9508 E_h^2, pmove=0.58
2026-06-02 20:08:27,740 - Step 02623: 10.3147 E_h, exp. variance=58.0470 E_h^2, pmove=0.58
2026-06-02 20:08:28,400 - Step 02624: 9.0933 E_h, exp. variance=53.2368 E_h^2, pmove=0.58
2026-06-02 20:08:29,060 - Step 02625: 8.8352 E_h, exp. variance=48.8637 E_h^2, pmove=0.58
2026-06-02 20:08:29,722 - Step 02626: 9.1829 E_h, exp. variance=44.5751 E_h^2, pmove=0.59
2026-06-02 20:08:30,382 - Step 02627: 8.8888 E_h, exp. variance=40.7323 E_h^2, pmove=0.59
2026-06-02 20:08:31,043 - Step 02628: 9.7240 E_h, exp. variance=36.8662 E_h^2, pmove=0.59
2026-06-02 20:08:31,703 - Step 02629: 8.8850 E_h, exp. variance=33.6169 E_h^2, pmove=0.58
2026-06-02 20:08:32,365 - Step 02630: 9.1204 E_h, exp. variance=30.5303 E_h^2, pmove=0.59
2026-06-02 20:08:33,026 - Step 02631: 9.5747 E_h, exp. variance=27.5900 E_h^2, pmove=0.59
2026-06-02 20:08:33,688 - Step 02632: 9.1936 E_h, exp. variance=25.0045 E_h^2, pmove=0.59
2026-06-02 20:08:34,348 - Step 02633: 15.7313 E_h, exp. variance=25.0208 E_h^2, pmove=0.59
2026-06-02 20:08:35,009 - Step 02634: 19.5370 E_h, exp. variance=29.1209 E_h^2, pmove=0.59
2026-06-02 20:08:35,671 - Step 02635: 9.9088 E_h, exp. variance=26.5405 E_h^2, pmove=0.58
2026-06-02 20:08:36,332 - Step 02636: 10.4254 E_h, exp. variance=24.0184 E_h^2, pmove=0.58
2026-06-02 20:08:36,992 - Step 02637: 8.8456 E_h, exp. variance=22.2581 E_h^2, pmove=0.58
2026-06-02 20:08:37,652 - Step 02638: 9.0081 E_h, exp. variance=20.4841 E_h^2, pmove=0.58
2026-06-02 20:08:38,312 - Step 02639: 8.9532 E_h, exp. variance=18.8218 E_h^2, pmove=0.59
2026-06-02 20:08:38,972 - Step 02640: 24.3184 E_h, exp. variance=33.3448 E_h^2, pmove=0.59
2026-06-02 20:08:39,633 - Step 02641: 9.0601 E_h, exp. variance=30.8793 E_h^2, pmove=0.58
2026-06-02 20:08:40,294 - Step 02642: 8.7906 E_h, exp. variance=28.6375 E_h^2, pmove=0.59
2026-06-02 20:08:40,964 - Step 02643: 10.6680 E_h, exp. variance=25.8437 E_h^2, pmove=0.59
2026-06-02 20:08:41,624 - Step 02644: 782.9393 E_h, exp. variance=53589.2266 E_h^2, pmove=0.58
2026-06-02 20:08:42,285 - Step 02645: 8.6948 E_h, exp. variance=48805.0742 E_h^2, pmove=0.59
2026-06-02 20:08:42,945 - Step 02646: 9.1263 E_h, exp. variance=44384.5625 E_h^2, pmove=0.59
2026-06-02 20:08:43,606 - Step 02647: 8.7726 E_h, exp. variance=40322.8125 E_h^2, pmove=0.60
2026-06-02 20:08:44,267 - Step 02648: 9.4498 E_h, exp. variance=36588.6055 E_h^2, pmove=0.60
2026-06-02 20:08:44,928 - Step 02649: 9.1909 E_h, exp. variance=33173.6055 E_h^2, pmove=0.59
2026-06-02 20:08:45,589 - Step 02650: 9.2235 E_h, exp. variance=30053.4961 E_h^2, pmove=0.60
2026-06-02 20:08:46,248 - Step 02651: 9.8399 E_h, exp. variance=27203.2793 E_h^2, pmove=0.59
2026-06-02 20:08:46,908 - Step 02652: 8.8986 E_h, exp. variance=24615.0195 E_h^2, pmove=0.59
2026-06-02 20:08:47,567 - Step 02653: 26.1717 E_h, exp. variance=22180.1523 E_h^2, pmove=0.59
2026-06-02 20:08:48,226 - Step 02654: 9.6430 E_h, exp. variance=20054.3633 E_h^2, pmove=0.58
2026-06-02 20:08:48,885 - Step 02655: 9.4337 E_h, exp. variance=18124.7207 E_h^2, pmove=0.58
2026-06-02 20:08:49,545 - Step 02656: 9.2386 E_h, exp. variance=16374.5605 E_h^2, pmove=0.58
2026-06-02 20:08:50,208 - Step 02657: 12.9535 E_h, exp. variance=14772.9844 E_h^2, pmove=0.59
2026-06-02 20:08:50,869 - Step 02658: 8.9447 E_h, exp. variance=13339.1611 E_h^2, pmove=0.57
2026-06-02 20:08:51,530 - Step 02659: 8.8977 E_h, exp. variance=12040.6279 E_h^2, pmove=0.58
2026-06-02 20:08:52,191 - Step 02660: 8.8270 E_h, exp. variance=10865.4531 E_h^2, pmove=0.58
2026-06-02 20:08:52,855 - Step 02661: 8.8955 E_h, exp. variance=9802.1084 E_h^2, pmove=0.59
2026-06-02 20:08:53,516 - Step 02662: 9.0031 E_h, exp. variance=8840.4111 E_h^2, pmove=0.59
2026-06-02 20:08:54,177 - Step 02663: 8.9269 E_h, exp. variance=7971.5435 E_h^2, pmove=0.60
2026-06-02 20:08:54,837 - Step 02664: 8.9245 E_h, exp. variance=7186.6851 E_h^2, pmove=0.59
2026-06-02 20:08:55,497 - Step 02665: 9.1698 E_h, exp. variance=6477.5171 E_h^2, pmove=0.59
2026-06-02 20:08:56,160 - Step 02666: 21.1470 E_h, exp. variance=5830.4360 E_h^2, pmove=0.59
2026-06-02 20:08:56,820 - Step 02667: 9.2083 E_h, exp. variance=5255.4829 E_h^2, pmove=0.59
2026-06-02 20:08:57,480 - Step 02668: 8.7190 E_h, exp. variance=4737.2612 E_h^2, pmove=0.59
2026-06-02 20:08:58,140 - Step 02669: 20.1711 E_h, exp. variance=4264.5337 E_h^2, pmove=0.59
2026-06-02 20:08:58,805 - Step 02670: 10.1289 E_h, exp. variance=3842.5454 E_h^2, pmove=0.59
2026-06-02 20:08:59,469 - Step 02671: 8.8909 E_h, exp. variance=3463.4580 E_h^2, pmove=0.57
2026-06-02 20:09:00,132 - Step 02672: 9.2346 E_h, exp. variance=3120.8865 E_h^2, pmove=0.58
2026-06-02 20:09:00,792 - Step 02673: 8.7477 E_h, exp. variance=2812.3872 E_h^2, pmove=0.58
2026-06-02 20:09:01,452 - Step 02674: 8.9362 E_h, exp. variance=2533.8660 E_h^2, pmove=0.59
2026-06-02 20:09:02,115 - Step 02675: 8.7855 E_h, exp. variance=2282.8167 E_h^2, pmove=0.59
2026-06-02 20:09:02,775 - Step 02676: 12.9028 E_h, exp. variance=2054.5547 E_h^2, pmove=0.59
2026-06-02 20:09:03,437 - Step 02677: 9.3743 E_h, exp. variance=1850.5042 E_h^2, pmove=0.58
2026-06-02 20:09:04,098 - Step 02678: 8.7931 E_h, exp. variance=1666.9941 E_h^2, pmove=0.58
2026-06-02 20:09:04,761 - Step 02679: 10.2552 E_h, exp. variance=1500.7549 E_h^2, pmove=0.59
2026-06-02 20:09:05,422 - Step 02680: 9.1011 E_h, exp. variance=1351.5947 E_h^2, pmove=0.59
2026-06-02 20:09:06,082 - Step 02681: 9.0054 E_h, exp. variance=1217.2271 E_h^2, pmove=0.59
2026-06-02 20:09:06,742 - Step 02682: 8.8308 E_h, exp. variance=1096.2323 E_h^2, pmove=0.58
2026-06-02 20:09:07,402 - Step 02683: 9.9354 E_h, exp. variance=986.7996 E_h^2, pmove=0.59
2026-06-02 20:09:08,066 - Step 02684: 10.0320 E_h, exp. variance=888.2520 E_h^2, pmove=0.57
2026-06-02 20:09:08,727 - Step 02685: 9.0002 E_h, exp. variance=799.8325 E_h^2, pmove=0.58
2026-06-02 20:09:09,389 - Step 02686: 9.0509 E_h, exp. variance=720.1607 E_h^2, pmove=0.58
2026-06-02 20:09:10,050 - Step 02687: 8.7524 E_h, exp. variance=648.4949 E_h^2, pmove=0.58
2026-06-02 20:09:10,714 - Step 02688: 12.2098 E_h, exp. variance=583.8999 E_h^2, pmove=0.59
2026-06-02 20:09:11,375 - Step 02689: 9.0593 E_h, exp. variance=525.7510 E_h^2, pmove=0.57
2026-06-02 20:09:12,036 - Step 02690: 11.3570 E_h, exp. variance=473.2371 E_h^2, pmove=0.59
2026-06-02 20:09:12,698 - Step 02691: 9.1095 E_h, exp. variance=426.1174 E_h^2, pmove=0.59
2026-06-02 20:09:13,359 - Step 02692: 8.6652 E_h, exp. variance=383.7970 E_h^2, pmove=0.59
2026-06-02 20:09:14,023 - Step 02693: 8.7605 E_h, exp. variance=345.6263 E_h^2, pmove=0.59
2026-06-02 20:09:14,683 - Step 02694: 8.6769 E_h, exp. variance=311.2542 E_h^2, pmove=0.60
2026-06-02 20:09:15,345 - Step 02695: 56.9204 E_h, exp. variance=478.3794 E_h^2, pmove=0.60
2026-06-02 20:09:16,006 - Step 02696: 15.9389 E_h, exp. variance=430.6841 E_h^2, pmove=0.59
2026-06-02 20:09:16,671 - Step 02697: 8.7558 E_h, exp. variance=390.9100 E_h^2, pmove=0.58
2026-06-02 20:09:17,332 - Step 02698: 9.0794 E_h, exp. variance=354.1796 E_h^2, pmove=0.59
2026-06-02 20:09:17,993 - Step 02699: 10.6888 E_h, exp. variance=319.5716 E_h^2, pmove=0.60
2026-06-02 20:09:18,655 - Step 02700: 9.5920 E_h, exp. variance=288.9117 E_h^2, pmove=0.59
2026-06-02 20:09:19,319 - Step 02701: 8.8071 E_h, exp. variance=261.6096 E_h^2, pmove=0.58
2026-06-02 20:09:19,981 - Step 02702: 8.7963 E_h, exp. variance=236.7431 E_h^2, pmove=0.59
2026-06-02 20:09:20,643 - Step 02703: 8.8983 E_h, exp. variance=214.0556 E_h^2, pmove=0.59
2026-06-02 20:09:21,304 - Step 02704: 12.0086 E_h, exp. variance=192.6515 E_h^2, pmove=0.59
2026-06-02 20:09:21,966 - Step 02705: 17.6978 E_h, exp. variance=176.4206 E_h^2, pmove=0.59
2026-06-02 20:09:22,630 - Step 02706: 8.7037 E_h, exp. variance=160.0567 E_h^2, pmove=0.58
2026-06-02 20:09:23,293 - Step 02707: 9.2818 E_h, exp. variance=144.7634 E_h^2, pmove=0.59
2026-06-02 20:09:23,954 - Step 02708: 9.3911 E_h, exp. variance=130.8154 E_h^2, pmove=0.59
2026-06-02 20:09:24,614 - Step 02709: 8.8621 E_h, exp. variance=118.3946 E_h^2, pmove=0.59
2026-06-02 20:09:25,278 - Step 02710: 8.8259 E_h, exp. variance=107.1063 E_h^2, pmove=0.59
2026-06-02 20:09:25,939 - Step 02711: 9.6256 E_h, exp. variance=96.5791 E_h^2, pmove=0.59
2026-06-02 20:09:26,600 - Step 02712: 9.6390 E_h, exp. variance=87.0667 E_h^2, pmove=0.59
2026-06-02 20:09:27,262 - Step 02713: 8.7590 E_h, exp. variance=78.7288 E_h^2, pmove=0.59
2026-06-02 20:09:27,923 - Step 02714: 8.7649 E_h, exp. variance=71.1527 E_h^2, pmove=0.59
2026-06-02 20:09:28,586 - Step 02715: 11.0714 E_h, exp. variance=64.0781 E_h^2, pmove=0.60
2026-06-02 20:09:29,247 - Step 02716: 10.3727 E_h, exp. variance=57.6711 E_h^2, pmove=0.59
2026-06-02 20:09:29,908 - Step 02717: 12.6169 E_h, exp. variance=52.3238 E_h^2, pmove=0.59
2026-06-02 20:09:30,569 - Step 02718: 9.0112 E_h, exp. variance=47.3400 E_h^2, pmove=0.59
2026-06-02 20:09:31,232 - Step 02719: 9.9119 E_h, exp. variance=42.6378 E_h^2, pmove=0.59
2026-06-02 20:09:31,893 - Step 02720: 9.2821 E_h, exp. variance=38.4963 E_h^2, pmove=0.59
2026-06-02 20:09:32,555 - Step 02721: 24.3975 E_h, exp. variance=52.4550 E_h^2, pmove=0.59
2026-06-02 20:09:33,218 - Step 02722: 8.6712 E_h, exp. variance=48.0557 E_h^2, pmove=0.59
2026-06-02 20:09:33,880 - Step 02723: 8.9304 E_h, exp. variance=43.8129 E_h^2, pmove=0.59
2026-06-02 20:09:34,542 - Step 02724: 8.8239 E_h, exp. variance=39.9315 E_h^2, pmove=0.59
2026-06-02 20:09:35,203 - Step 02725: 9.2884 E_h, exp. variance=36.1854 E_h^2, pmove=0.60
2026-06-02 20:09:35,864 - Step 02726: 9.1308 E_h, exp. variance=32.8115 E_h^2, pmove=0.60
2026-06-02 20:09:36,525 - Step 02727: 9.3311 E_h, exp. variance=29.6786 E_h^2, pmove=0.59
2026-06-02 20:09:37,187 - Step 02728: 8.6078 E_h, exp. variance=27.0283 E_h^2, pmove=0.59
2026-06-02 20:09:37,848 - Step 02729: 9.0570 E_h, exp. variance=24.4642 E_h^2, pmove=0.59
2026-06-02 20:09:38,512 - Step 02730: 9.1936 E_h, exp. variance=22.1043 E_h^2, pmove=0.60
2026-06-02 20:09:39,173 - Step 02731: 9.1688 E_h, exp. variance=19.9680 E_h^2, pmove=0.60
2026-06-02 20:09:39,833 - Step 02732: 8.6945 E_h, exp. variance=18.1212 E_h^2, pmove=0.59
2026-06-02 20:09:40,494 - Step 02733: 8.8676 E_h, exp. variance=16.3971 E_h^2, pmove=0.60
2026-06-02 20:09:41,156 - Step 02734: 8.6957 E_h, exp. variance=14.8588 E_h^2, pmove=0.60
2026-06-02 20:09:41,817 - Step 02735: 9.5970 E_h, exp. variance=13.3732 E_h^2, pmove=0.60
2026-06-02 20:09:42,478 - Step 02736: 10.1084 E_h, exp. variance=12.0551 E_h^2, pmove=0.60
2026-06-02 20:09:43,140 - Step 02737: 8.8348 E_h, exp. variance=10.9158 E_h^2, pmove=0.60
2026-06-02 20:09:43,802 - Step 02738: 9.0237 E_h, exp. variance=9.8548 E_h^2, pmove=0.60
2026-06-02 20:09:44,463 - Step 02739: 9.3278 E_h, exp. variance=8.8737 E_h^2, pmove=0.59
2026-06-02 20:09:45,126 - Step 02740: 9.0169 E_h, exp. variance=8.0096 E_h^2, pmove=0.59
2026-06-02 20:09:45,786 - Step 02741: 8.5712 E_h, exp. variance=7.2822 E_h^2, pmove=0.60
2026-06-02 20:09:46,448 - Step 02742: 8.9152 E_h, exp. variance=6.5738 E_h^2, pmove=0.60
2026-06-02 20:09:47,110 - Step 02743: 15.8954 E_h, exp. variance=9.7866 E_h^2, pmove=0.60
2026-06-02 20:09:47,771 - Step 02744: 10.1269 E_h, exp. variance=8.8096 E_h^2, pmove=0.59
2026-06-02 20:09:48,432 - Step 02745: 8.7541 E_h, exp. variance=8.0699 E_h^2, pmove=0.60
2026-06-02 20:09:49,092 - Step 02746: 9.0637 E_h, exp. variance=7.3231 E_h^2, pmove=0.59
2026-06-02 20:09:49,753 - Step 02747: 9.6023 E_h, exp. variance=6.5943 E_h^2, pmove=0.59
2026-06-02 20:09:50,413 - Step 02748: 11.1936 E_h, exp. variance=6.1147 E_h^2, pmove=0.59
2026-06-02 20:09:51,087 - Step 02749: 15.1590 E_h, exp. variance=7.9721 E_h^2, pmove=0.58
2026-06-02 20:09:51,749 - Step 02750: 8.9790 E_h, exp. variance=7.3684 E_h^2, pmove=0.57
2026-06-02 20:09:52,411 - Step 02751: 8.9079 E_h, exp. variance=6.8056 E_h^2, pmove=0.58
2026-06-02 20:09:53,072 - Step 02752: 8.9776 E_h, exp. variance=6.2508 E_h^2, pmove=0.59
2026-06-02 20:09:53,731 - Step 02753: 11.4244 E_h, exp. variance=5.7979 E_h^2, pmove=0.59
2026-06-02 20:09:54,394 - Step 02754: 9.0494 E_h, exp. variance=5.3330 E_h^2, pmove=0.58
2026-06-02 20:09:55,059 - Step 02755: 10.5943 E_h, exp. variance=4.8248 E_h^2, pmove=0.59
2026-06-02 20:09:55,721 - Step 02756: 8.7633 E_h, exp. variance=4.5078 E_h^2, pmove=0.58
2026-06-02 20:09:56,382 - Step 02757: 10.6826 E_h, exp. variance=4.1010 E_h^2, pmove=0.59
2026-06-02 20:09:57,042 - Step 02758: 8.8654 E_h, exp. variance=3.8180 E_h^2, pmove=0.58
2026-06-02 20:09:57,703 - Step 02759: 8.9568 E_h, exp. variance=3.5223 E_h^2, pmove=0.59
2026-06-02 20:09:58,363 - Step 02760: 8.8296 E_h, exp. variance=3.2614 E_h^2, pmove=0.59
2026-06-02 20:09:59,025 - Step 02761: 8.7646 E_h, exp. variance=3.0202 E_h^2, pmove=0.59
2026-06-02 20:09:59,686 - Step 02762: 10.2369 E_h, exp. variance=2.7504 E_h^2, pmove=0.59
2026-06-02 20:10:00,349 - Step 02763: 9.0554 E_h, exp. variance=2.5126 E_h^2, pmove=0.59
2026-06-02 20:10:01,012 - Step 02764: 43.8963 E_h, exp. variance=107.9095 E_h^2, pmove=0.59
2026-06-02 20:10:01,673 - Step 02765: 8.8708 E_h, exp. variance=98.6985 E_h^2, pmove=0.58
2026-06-02 20:10:02,333 - Step 02766: 8.8322 E_h, exp. variance=90.1348 E_h^2, pmove=0.59
2026-06-02 20:10:02,994 - Step 02767: 9.2802 E_h, exp. variance=81.9208 E_h^2, pmove=0.59
2026-06-02 20:10:03,657 - Step 02768: 8.8721 E_h, exp. variance=74.5884 E_h^2, pmove=0.59
2026-06-02 20:10:04,319 - Step 02769: 15.2299 E_h, exp. variance=68.2807 E_h^2, pmove=0.59
2026-06-02 20:10:04,980 - Step 02770: 9.2078 E_h, exp. variance=62.1599 E_h^2, pmove=0.58
2026-06-02 20:10:05,640 - Step 02771: 9.0928 E_h, exp. variance=56.5703 E_h^2, pmove=0.58
2026-06-02 20:10:06,301 - Step 02772: 8.7535 E_h, exp. variance=51.5760 E_h^2, pmove=0.59
2026-06-02 20:10:06,301 - Saving checkpoint results/bilayer-bosons/BosonNet/N24_layers12_12_rs3.0_d4.0_D20.0_sq/qmcjax_ckpt_002772.npz
2026-06-02 20:10:07,013 - Step 02773: 8.7306 E_h, exp. variance=46.9654 E_h^2, pmove=0.59
2026-06-02 20:10:07,675 - Step 02774: 10.0357 E_h, exp. variance=42.3439 E_h^2, pmove=0.59
2026-06-02 20:10:08,337 - Step 02775: 8.9965 E_h, exp. variance=38.4214 E_h^2, pmove=0.58
2026-06-02 20:10:09,005 - Step 02776: 9.3538 E_h, exp. variance=34.7356 E_h^2, pmove=0.59
2026-06-02 20:10:09,672 - Step 02777: 8.7026 E_h, exp. variance=31.5658 E_h^2, pmove=0.58
2026-06-02 20:10:10,336 - Step 02778: 9.2506 E_h, exp. variance=28.5193 E_h^2, pmove=0.60
2026-06-02 20:10:10,997 - Step 02779: 8.8025 E_h, exp. variance=25.8548 E_h^2, pmove=0.59
2026-06-02 20:10:11,658 - Step 02780: 8.6698 E_h, exp. variance=23.4537 E_h^2, pmove=0.60
2026-06-02 20:10:12,319 - Step 02781: 9.0697 E_h, exp. variance=21.1794 E_h^2, pmove=0.59
2026-06-02 20:10:12,983 - Step 02782: 8.5001 E_h, exp. variance=19.2302 E_h^2, pmove=0.60
2026-06-02 20:10:13,643 - Step 02783: 8.7631 E_h, exp. variance=17.3917 E_h^2, pmove=0.60
2026-06-02 20:10:14,304 - Step 02784: 8.5817 E_h, exp. variance=15.7525 E_h^2, pmove=0.61
2026-06-02 20:10:14,964 - Step 02785: 8.8264 E_h, exp. variance=14.2218 E_h^2, pmove=0.61
2026-06-02 20:10:15,628 - Step 02786: 8.9482 E_h, exp. variance=12.8232 E_h^2, pmove=0.60
2026-06-02 20:10:16,288 - Step 02787: 9.2215 E_h, exp. variance=11.5440 E_h^2, pmove=0.60
2026-06-02 20:10:16,949 - Step 02788: 11.9260 E_h, exp. variance=10.9685 E_h^2, pmove=0.60
2026-06-02 20:10:17,609 - Step 02789: 8.8281 E_h, exp. variance=9.9315 E_h^2, pmove=0.60
2026-06-02 20:10:18,270 - Step 02790: 10.5327 E_h, exp. variance=9.0231 E_h^2, pmove=0.60
2026-06-02 20:10:18,935 - Step 02791: 10.7064 E_h, exp. variance=8.2196 E_h^2, pmove=0.59
2026-06-02 20:10:19,595 - Step 02792: 58.2260 E_h, exp. variance=218.7702 E_h^2, pmove=0.58
2026-06-02 20:10:20,257 - Step 02793: 12.0682 E_h, exp. variance=197.4746 E_h^2, pmove=0.57
2026-06-02 20:10:20,918 - Step 02794: 9.2395 E_h, exp. variance=180.0830 E_h^2, pmove=0.58
2026-06-02 20:10:21,579 - Step 02795: 24.6270 E_h, exp. variance=172.5389 E_h^2, pmove=0.59
2026-06-02 20:10:22,238 - Step 02796: 8.7411 E_h, exp. variance=158.7238 E_h^2, pmove=0.58
2026-06-02 20:10:22,898 - Step 02797: 9.7269 E_h, exp. variance=144.7372 E_h^2, pmove=0.59
2026-06-02 20:10:23,556 - Step 02798: 16.9108 E_h, exp. variance=131.1085 E_h^2, pmove=0.58
2026-06-02 20:10:24,215 - Step 02799: 9.1258 E_h, exp. variance=120.2722 E_h^2, pmove=0.57
2026-06-02 20:10:24,878 - Step 02800: 10.5290 E_h, exp. variance=109.1218 E_h^2, pmove=0.58
2026-06-02 20:10:25,537 - Step 02801: 8.6108 E_h, exp. variance=100.2209 E_h^2, pmove=0.58
2026-06-02 20:10:26,196 - Step 02802: 8.7576 E_h, exp. variance=91.7175 E_h^2, pmove=0.59
2026-06-02 20:10:26,855 - Step 02803: 9.5188 E_h, exp. variance=83.3215 E_h^2, pmove=0.59
2026-06-02 20:10:27,517 - Step 02804: 8.7398 E_h, exp. variance=76.0428 E_h^2, pmove=0.59
2026-06-02 20:10:28,176 - Step 02805: 8.9955 E_h, exp. variance=69.1560 E_h^2, pmove=0.59
2026-06-02 20:10:28,836 - Step 02806: 8.8443 E_h, exp. variance=62.8927 E_h^2, pmove=0.59
2026-06-02 20:10:29,495 - Step 02807: 8.7237 E_h, exp. variance=57.1858 E_h^2, pmove=0.59
2026-06-02 20:10:30,155 - Step 02808: 11.0030 E_h, exp. variance=51.4672 E_h^2, pmove=0.59
2026-06-02 20:10:30,818 - Step 02809: 10.9217 E_h, exp. variance=46.3212 E_h^2, pmove=0.59
2026-06-02 20:10:31,478 - Step 02810: 8.7843 E_h, exp. variance=42.1321 E_h^2, pmove=0.58
2026-06-02 20:10:32,139 - Step 02811: 10.9233 E_h, exp. variance=37.9207 E_h^2, pmove=0.60
2026-06-02 20:10:32,798 - Step 02812: 9.8988 E_h, exp. variance=34.2010 E_h^2, pmove=0.58
2026-06-02 20:10:33,461 - Step 02813: 9.0948 E_h, exp. variance=31.0144 E_h^2, pmove=0.59
2026-06-02 20:10:34,122 - Step 02814: 12.5325 E_h, exp. variance=28.2686 E_h^2, pmove=0.59
2026-06-02 20:10:34,780 - Step 02815: 9.0386 E_h, exp. variance=25.7033 E_h^2, pmove=0.59
2026-06-02 20:10:35,441 - Step 02816: 9.0228 E_h, exp. variance=23.3493 E_h^2, pmove=0.59
2026-06-02 20:10:36,101 - Step 02817: 8.6361 E_h, exp. variance=21.3000 E_h^2, pmove=0.59
2026-06-02 20:10:36,764 - Step 02818: 11.2363 E_h, exp. variance=19.2594 E_h^2, pmove=0.59
2026-06-02 20:10:37,423 - Step 02819: 9.2500 E_h, exp. variance=17.4403 E_h^2, pmove=0.59
2026-06-02 20:10:38,084 - Step 02820: 8.9341 E_h, exp. variance=15.8475 E_h^2, pmove=0.59
2026-06-02 20:10:38,746 - Step 02821: 8.9336 E_h, exp. variance=14.3854 E_h^2, pmove=0.59
2026-06-02 20:10:39,410 - Step 02822: 9.1580 E_h, exp. variance=13.0082 E_h^2, pmove=0.60
2026-06-02 20:10:40,072 - Step 02823: 8.8605 E_h, exp. variance=11.8049 E_h^2, pmove=0.60
2026-06-02 20:10:40,732 - Step 02824: 9.0315 E_h, exp. variance=10.6772 E_h^2, pmove=0.60
2026-06-02 20:10:41,393 - Step 02825: 19.2188 E_h, exp. variance=17.7286 E_h^2, pmove=0.60
2026-06-02 20:10:42,053 - Step 02826: 9.1454 E_h, exp. variance=16.1651 E_h^2, pmove=0.59
2026-06-02 20:10:42,716 - Step 02827: 8.9942 E_h, exp. variance=14.7576 E_h^2, pmove=0.60
2026-06-02 20:10:43,378 - Step 02828: 8.8784 E_h, exp. variance=13.4809 E_h^2, pmove=0.60
2026-06-02 20:10:44,038 - Step 02829: 8.8081 E_h, exp. variance=12.3114 E_h^2, pmove=0.60
2026-06-02 20:10:44,698 - Step 02830: 11.8320 E_h, exp. variance=11.3578 E_h^2, pmove=0.59
2026-06-02 20:10:45,361 - Step 02831: 9.0337 E_h, exp. variance=10.3555 E_h^2, pmove=0.59
2026-06-02 20:10:46,022 - Step 02832: 8.6793 E_h, exp. variance=9.5093 E_h^2, pmove=0.59
2026-06-02 20:10:46,683 - Step 02833: 8.9688 E_h, exp. variance=8.6513 E_h^2, pmove=0.60
2026-06-02 20:10:47,343 - Step 02834: 9.3853 E_h, exp. variance=7.8085 E_h^2, pmove=0.60
2026-06-02 20:10:48,005 - Step 02835: 9.3939 E_h, exp. variance=7.0450 E_h^2, pmove=0.60
2026-06-02 20:10:48,668 - Step 02836: 8.6603 E_h, exp. variance=6.4553 E_h^2, pmove=0.60
2026-06-02 20:10:49,329 - Step 02837: 8.6576 E_h, exp. variance=5.9032 E_h^2, pmove=0.60
2026-06-02 20:10:49,990 - Step 02838: 9.1927 E_h, exp. variance=5.3260 E_h^2, pmove=0.60
2026-06-02 20:10:50,662 - Step 02839: 738.1123 E_h, exp. variance=47778.8438 E_h^2, pmove=0.60
2026-06-02 20:10:51,324 - Step 02840: 10.3377 E_h, exp. variance=43468.2500 E_h^2, pmove=0.59
2026-06-02 20:10:51,986 - Step 02841: 8.6900 E_h, exp. variance=39519.4062 E_h^2, pmove=0.59
2026-06-02 20:10:52,646 - Step 02842: 8.6603 E_h, exp. variance=35890.1523 E_h^2, pmove=0.59
2026-06-02 20:10:53,308 - Step 02843: 9.3885 E_h, exp. variance=32555.4961 E_h^2, pmove=0.60
2026-06-02 20:10:53,971 - Step 02844: 8.8862 E_h, exp. variance=29510.3242 E_h^2, pmove=0.60
2026-06-02 20:10:54,633 - Step 02845: 13.9218 E_h, exp. variance=26692.5410 E_h^2, pmove=0.60
2026-06-02 20:10:55,294 - Step 02846: 8.7901 E_h, exp. variance=24165.5762 E_h^2, pmove=0.59
2026-06-02 20:10:55,953 - Step 02847: 8.7542 E_h, exp. variance=21864.5039 E_h^2, pmove=0.59
2026-06-02 20:10:56,613 - Step 02848: 8.7302 E_h, exp. variance=19771.7363 E_h^2, pmove=0.59
2026-06-02 20:10:57,273 - Step 02849: 8.7719 E_h, exp. variance=17870.2266 E_h^2, pmove=0.60
2026-06-02 20:10:57,933 - Step 02850: 9.4135 E_h, exp. variance=16141.5156 E_h^2, pmove=0.59
2026-06-02 20:10:58,592 - Step 02851: 9.2262 E_h, exp. variance=14575.3721 E_h^2, pmove=0.59
2026-06-02 20:10:59,252 - Step 02852: 9.2404 E_h, exp. variance=13156.6680 E_h^2, pmove=0.59
2026-06-02 20:10:59,914 - Step 02853: 8.9594 E_h, exp. variance=11873.4092 E_h^2, pmove=0.59
2026-06-02 20:11:00,591 - Step 02854: 11.7207 E_h, exp. variance=10704.5166 E_h^2, pmove=0.59
2026-06-02 20:11:01,254 - Step 02855: 8.7709 E_h, exp. variance=9656.6328 E_h^2, pmove=0.58
2026-06-02 20:11:01,916 - Step 02856: 8.9717 E_h, exp. variance=8708.7373 E_h^2, pmove=0.59
2026-06-02 20:11:02,579 - Step 02857: 9.1615 E_h, exp. variance=7851.8276 E_h^2, pmove=0.59
2026-06-02 20:11:03,245 - Step 02858: 9.2250 E_h, exp. variance=7077.8276 E_h^2, pmove=0.59
2026-06-02 20:11:03,908 - Step 02859: 8.9229 E_h, exp. variance=6379.6562 E_h^2, pmove=0.59
2026-06-02 20:11:04,570 - Step 02860: 13.6989 E_h, exp. variance=5743.5332 E_h^2, pmove=0.60
2026-06-02 20:11:05,233 - Step 02861: 8.8039 E_h, exp. variance=5176.4170 E_h^2, pmove=0.58
2026-06-02 20:11:05,896 - Step 02862: 8.6696 E_h, exp. variance=4664.8340 E_h^2, pmove=0.60
2026-06-02 20:11:06,560 - Step 02863: 306.6597 E_h, exp. variance=11798.9971 E_h^2, pmove=0.59
2026-06-02 20:11:07,222 - Step 02864: 8.9822 E_h, exp. variance=10736.5977 E_h^2, pmove=0.59
2026-06-02 20:11:07,884 - Step 02865: 8.9122 E_h, exp. variance=9758.5225 E_h^2, pmove=0.60
2026-06-02 20:11:08,547 - Step 02866: 12.4783 E_h, exp. variance=8842.4111 E_h^2, pmove=0.60
2026-06-02 20:11:09,209 - Step 02867: 9.9152 E_h, exp. variance=8017.8491 E_h^2, pmove=0.59
2026-06-02 20:11:09,871 - Step 02868: 8.8580 E_h, exp. variance=7268.9155 E_h^2, pmove=0.59
2026-06-02 20:11:10,532 - Step 02869: 8.7159 E_h, exp. variance=6585.3931 E_h^2, pmove=0.59
2026-06-02 20:11:11,192 - Step 02870: 8.7404 E_h, exp. variance=5961.8955 E_h^2, pmove=0.60
2026-06-02 20:11:11,853 - Step 02871: 8.7156 E_h, exp. variance=5394.1694 E_h^2, pmove=0.60
2026-06-02 20:11:12,515 - Step 02872: 8.6581 E_h, exp. variance=4877.9736 E_h^2, pmove=0.60
2026-06-02 20:11:13,175 - Step 02873: 12.4352 E_h, exp. variance=4400.4409 E_h^2, pmove=0.60
2026-06-02 20:11:13,836 - Step 02874: 10.5867 E_h, exp. variance=3972.2163 E_h^2, pmove=0.59
2026-06-02 20:11:14,497 - Step 02875: 8.8296 E_h, exp. variance=3588.1086 E_h^2, pmove=0.58
2026-06-02 20:11:15,160 - Step 02876: 36.7918 E_h, exp. variance=3255.6091 E_h^2, pmove=0.59
2026-06-02 20:11:15,820 - Step 02877: 9.9037 E_h, exp. variance=2941.9500 E_h^2, pmove=0.58
2026-06-02 20:11:16,481 - Step 02878: 8.7697 E_h, exp. variance=2659.6235 E_h^2, pmove=0.60
2026-06-02 20:11:17,141 - Step 02879: 8.8205 E_h, exp. variance=2403.1807 E_h^2, pmove=0.60
2026-06-02 20:11:17,804 - Step 02880: 8.5287 E_h, exp. variance=2171.0671 E_h^2, pmove=0.60
2026-06-02 20:11:18,465 - Step 02881: 8.5970 E_h, exp. variance=1960.5010 E_h^2, pmove=0.60
2026-06-02 20:11:19,127 - Step 02882: 8.9331 E_h, exp. variance=1769.2946 E_h^2, pmove=0.60
2026-06-02 20:11:19,787 - Step 02883: 9.3327 E_h, exp. variance=1595.8280 E_h^2, pmove=0.60
2026-06-02 20:11:20,448 - Step 02884: 8.9062 E_h, exp. variance=1439.4951 E_h^2, pmove=0.60
2026-06-02 20:11:21,112 - Step 02885: 9.4673 E_h, exp. variance=1297.6602 E_h^2, pmove=0.60
2026-06-02 20:11:21,775 - Step 02886: 8.9910 E_h, exp. variance=1170.0013 E_h^2, pmove=0.60
2026-06-02 20:11:22,437 - Step 02887: 9.0098 E_h, exp. variance=1054.6932 E_h^2, pmove=0.60
2026-06-02 20:11:23,097 - Step 02888: 9.5358 E_h, exp. variance=950.2499 E_h^2, pmove=0.59
2026-06-02 20:11:23,759 - Step 02889: 8.5320 E_h, exp. variance=856.6957 E_h^2, pmove=0.59
2026-06-02 20:11:24,420 - Step 02890: 162.8559 E_h, exp. variance=2814.5774 E_h^2, pmove=0.59
2026-06-02 20:11:25,079 - Step 02891: 8.9278 E_h, exp. variance=2563.2964 E_h^2, pmove=0.60
2026-06-02 20:11:25,738 - Step 02892: 8.6268 E_h, exp. variance=2332.3108 E_h^2, pmove=0.60
2026-06-02 20:11:26,396 - Step 02893: 8.5925 E_h, exp. variance=2119.7019 E_h^2, pmove=0.60
2026-06-02 20:11:27,058 - Step 02894: 8.8468 E_h, exp. variance=1923.8179 E_h^2, pmove=0.61
2026-06-02 20:11:27,719 - Step 02895: 9.6507 E_h, exp. variance=1742.7830 E_h^2, pmove=0.60
2026-06-02 20:11:28,381 - Step 02896: 11.2148 E_h, exp. variance=1575.0706 E_h^2, pmove=0.60
2026-06-02 20:11:29,042 - Step 02897: 9.7644 E_h, exp. variance=1425.0782 E_h^2, pmove=0.59
2026-06-02 20:11:29,707 - Step 02898: 8.6251 E_h, exp. variance=1290.4607 E_h^2, pmove=0.60
2026-06-02 20:11:30,369 - Step 02899: 8.7083 E_h, exp. variance=1167.6801 E_h^2, pmove=0.59
2026-06-02 20:11:31,028 - Step 02900: 9.5462 E_h, exp. variance=1054.9177 E_h^2, pmove=0.59
2026-06-02 20:11:31,688 - Step 02901: 8.7079 E_h, exp. variance=953.6398 E_h^2, pmove=0.59
2026-06-02 20:11:32,348 - Step 02902: 10.2899 E_h, exp. variance=860.1607 E_h^2, pmove=0.60
2026-06-02 20:11:33,011 - Step 02903: 21.0168 E_h, exp. variance=778.0748 E_h^2, pmove=0.59
2026-06-02 20:11:33,671 - Step 02904: 9.5093 E_h, exp. variance=703.0497 E_h^2, pmove=0.59
2026-06-02 20:11:34,331 - Step 02905: 8.5661 E_h, exp. variance=635.9280 E_h^2, pmove=0.60
2026-06-02 20:11:34,991 - Step 02906: 21.0502 E_h, exp. variance=576.9125 E_h^2, pmove=0.60
2026-06-02 20:11:35,655 - Step 02907: 9.2782 E_h, exp. variance=521.8007 E_h^2, pmove=0.59
2026-06-02 20:11:36,316 - Step 02908: 9.5182 E_h, exp. variance=471.5071 E_h^2, pmove=0.59
2026-06-02 20:11:36,977 - Step 02909: 8.6584 E_h, exp. variance=426.5886 E_h^2, pmove=0.59
2026-06-02 20:11:37,638 - Step 02910: 9.0160 E_h, exp. variance=385.4608 E_h^2, pmove=0.60
2026-06-02 20:11:38,301 - Step 02911: 8.7748 E_h, exp. variance=348.3213 E_h^2, pmove=0.59
2026-06-02 20:11:38,962 - Step 02912: 8.9149 E_h, exp. variance=314.5406 E_h^2, pmove=0.60
2026-06-02 20:11:39,624 - Step 02913: 8.8372 E_h, exp. variance=283.9817 E_h^2, pmove=0.60
2026-06-02 20:11:40,285 - Step 02914: 9.2093 E_h, exp. variance=256.1309 E_h^2, pmove=0.61
2026-06-02 20:11:40,945 - Step 02915: 12.1555 E_h, exp. variance=230.5653 E_h^2, pmove=0.60
2026-06-02 20:11:41,609 - Step 02916: 10.7746 E_h, exp. variance=207.5564 E_h^2, pmove=0.59
2026-06-02 20:11:42,270 - Step 02917: 36.7618 E_h, exp. variance=244.5583 E_h^2, pmove=0.59
2026-06-02 20:11:42,930 - Step 02918: 8.9366 E_h, exp. variance=222.3756 E_h^2, pmove=0.58
2026-06-02 20:11:43,589 - Step 02919: 8.7144 E_h, exp. variance=202.1647 E_h^2, pmove=0.60
2026-06-02 20:11:44,250 - Step 02920: 8.6955 E_h, exp. variance=183.6043 E_h^2, pmove=0.60
2026-06-02 20:11:44,910 - Step 02921: 166.8372 E_h, exp. variance=2307.4810 E_h^2, pmove=0.60
2026-06-02 20:11:45,569 - Step 02922: 13.0256 E_h, exp. variance=2096.8713 E_h^2, pmove=0.59
2026-06-02 20:11:46,230 - Step 02923: 17.0512 E_h, exp. variance=1895.1996 E_h^2, pmove=0.59
2026-06-02 20:11:46,889 - Step 02924: 8.9128 E_h, exp. variance=1730.5753 E_h^2, pmove=0.58
2026-06-02 20:11:47,551 - Step 02925: 10.4654 E_h, exp. variance=1573.7170 E_h^2, pmove=0.59
2026-06-02 20:11:48,211 - Step 02926: 8.5985 E_h, exp. variance=1433.8380 E_h^2, pmove=0.59
2026-06-02 20:11:48,870 - Step 02927: 8.7884 E_h, exp. variance=1304.1974 E_h^2, pmove=0.59
2026-06-02 20:11:49,531 - Step 02928: 254.4990 E_h, exp. variance=6126.6582 E_h^2, pmove=0.60
2026-06-02 20:11:50,195 - Step 02929: 9.4311 E_h, exp. variance=5617.6519 E_h^2, pmove=0.59
2026-06-02 20:11:50,856 - Step 02930: 10.9248 E_h, exp. variance=5131.8398 E_h^2, pmove=0.59
2026-06-02 20:11:51,518 - Step 02931: 12.2749 E_h, exp. variance=4673.9883 E_h^2, pmove=0.59
2026-06-02 20:11:52,182 - Step 02932: 8.9235 E_h, exp. variance=4265.8813 E_h^2, pmove=0.58
2026-06-02 20:11:52,842 - Step 02933: 9.3799 E_h, exp. variance=3885.4404 E_h^2, pmove=0.59
2026-06-02 20:11:53,506 - Step 02934: 8.8143 E_h, exp. variance=3536.3794 E_h^2, pmove=0.59
2026-06-02 20:11:54,168 - Step 02935: 8.6506 E_h, exp. variance=3215.2805 E_h^2, pmove=0.59
2026-06-02 20:11:54,830 - Step 02936: 9.9044 E_h, exp. variance=2916.3884 E_h^2, pmove=0.59
2026-06-02 20:11:55,491 - Step 02937: 8.6943 E_h, exp. variance=2646.3254 E_h^2, pmove=0.59
2026-06-02 20:11:56,153 - Step 02938: 9.9000 E_h, exp. variance=2396.2759 E_h^2, pmove=0.59
2026-06-02 20:11:56,813 - Step 02939: 8.6658 E_h, exp. variance=2171.1428 E_h^2, pmove=0.59
2026-06-02 20:11:57,474 - Step 02940: 10.1064 E_h, exp. variance=1962.9943 E_h^2, pmove=0.59
2026-06-02 20:11:58,135 - Step 02941: 8.5958 E_h, exp. variance=1776.6049 E_h^2, pmove=0.59
2026-06-02 20:11:58,795 - Step 02942: 9.7505 E_h, exp. variance=1605.1287 E_h^2, pmove=0.59
2026-06-02 20:11:59,453 - Step 02943: 9.2226 E_h, exp. variance=1450.3590 E_h^2, pmove=0.59
2026-06-02 20:12:00,116 - Step 02944: 8.6248 E_h, exp. variance=1310.7808 E_h^2, pmove=0.59
2026-06-02 20:12:00,778 - Step 02945: 8.7867 E_h, exp. variance=1183.9216 E_h^2, pmove=0.59
2026-06-02 20:12:01,440 - Step 02946: 10.2927 E_h, exp. variance=1067.4805 E_h^2, pmove=0.60
2026-06-02 20:12:02,101 - Step 02947: 12.8064 E_h, exp. variance=960.9854 E_h^2, pmove=0.59
2026-06-02 20:12:02,764 - Step 02948: 8.8813 E_h, exp. variance=867.5446 E_h^2, pmove=0.58
2026-06-02 20:12:03,426 - Step 02949: 8.7623 E_h, exp. variance=783.0489 E_h^2, pmove=0.59
2026-06-02 20:12:04,087 - Step 02950: 9.3857 E_h, exp. variance=706.1026 E_h^2, pmove=0.59
2026-06-02 20:12:04,749 - Step 02951: 12.5393 E_h, exp. variance=635.5029 E_h^2, pmove=0.59
2026-06-02 20:12:05,411 - Step 02952: 8.8037 E_h, exp. variance=573.4249 E_h^2, pmove=0.58
2026-06-02 20:12:06,073 - Step 02953: 9.1468 E_h, exp. variance=517.0607 E_h^2, pmove=0.59
2026-06-02 20:12:06,735 - Step 02954: 44.3384 E_h, exp. variance=558.8112 E_h^2, pmove=0.59
2026-06-02 20:12:07,396 - Step 02955: 13.1972 E_h, exp. variance=503.3419 E_h^2, pmove=0.58
2026-06-02 20:12:08,058 - Step 02956: 10.3712 E_h, exp. variance=455.0395 E_h^2, pmove=0.58
2026-06-02 20:12:08,719 - Step 02957: 9.2526 E_h, exp. variance=412.1549 E_h^2, pmove=0.58
2026-06-02 20:12:09,380 - Step 02958: 8.6076 E_h, exp. variance=373.6623 E_h^2, pmove=0.59
2026-06-02 20:12:10,041 - Step 02959: 8.6521 E_h, exp. variance=338.4620 E_h^2, pmove=0.59
2026-06-02 20:12:10,701 - Step 02960: 9.3645 E_h, exp. variance=305.8498 E_h^2, pmove=0.60
2026-06-02 20:12:11,363 - Step 02961: 8.9839 E_h, exp. variance=276.5057 E_h^2, pmove=0.59
2026-06-02 20:12:12,039 - Step 02962: 8.5291 E_h, exp. variance=250.1525 E_h^2, pmove=0.59
2026-06-02 20:12:12,700 - Step 02963: 8.5491 E_h, exp. variance=226.1758 E_h^2, pmove=0.60
2026-06-02 20:12:13,361 - Step 02964: 8.7724 E_h, exp. variance=204.2810 E_h^2, pmove=0.60
2026-06-02 20:12:14,022 - Step 02965: 8.9771 E_h, exp. variance=184.3482 E_h^2, pmove=0.60
2026-06-02 20:12:14,683 - Step 02966: 9.8111 E_h, exp. variance=166.0602 E_h^2, pmove=0.60
2026-06-02 20:12:15,343 - Step 02967: 9.0556 E_h, exp. variance=149.7808 E_h^2, pmove=0.59
2026-06-02 20:12:16,004 - Step 02968: 12.1307 E_h, exp. variance=134.9694 E_h^2, pmove=0.59
2026-06-02 20:12:16,663 - Step 02969: 9.3099 E_h, exp. variance=121.7018 E_h^2, pmove=0.58
2026-06-02 20:12:17,323 - Step 02970: 8.5657 E_h, exp. variance=109.9596 E_h^2, pmove=0.59
2026-06-02 20:12:17,992 - Step 02971: 8.9525 E_h, exp. variance=99.1872 E_h^2, pmove=0.60
2026-06-02 20:12:18,652 - Step 02972: 8.7500 E_h, exp. variance=89.5049 E_h^2, pmove=0.60
2026-06-02 20:12:19,313 - Step 02973: 8.6411 E_h, exp. variance=80.7756 E_h^2, pmove=0.59
2026-06-02 20:12:19,973 - Step 02974: 8.8513 E_h, exp. variance=72.8278 E_h^2, pmove=0.60
2026-06-02 20:12:20,632 - Step 02975: 8.6245 E_h, exp. variance=65.6989 E_h^2, pmove=0.60
2026-06-02 20:12:21,292 - Step 02976: 110.9190 E_h, exp. variance=979.3620 E_h^2, pmove=0.60
2026-06-02 20:12:21,952 - Step 02977: 8.6542 E_h, exp. variance=892.8342 E_h^2, pmove=0.60
2026-06-02 20:12:22,612 - Step 02978: 11.6436 E_h, exp. variance=808.1435 E_h^2, pmove=0.59
2026-06-02 20:12:23,272 - Step 02979: 9.0347 E_h, exp. variance=734.6809 E_h^2, pmove=0.59
2026-06-02 20:12:23,932 - Step 02980: 12.6053 E_h, exp. variance=663.0872 E_h^2, pmove=0.59
2026-06-02 20:12:24,592 - Step 02981: 8.8579 E_h, exp. variance=602.3311 E_h^2, pmove=0.58
2026-06-02 20:12:25,251 - Step 02982: 9.9410 E_h, exp. variance=545.3230 E_h^2, pmove=0.59
2026-06-02 20:12:25,913 - Step 02983: 9.1626 E_h, exp. variance=494.2123 E_h^2, pmove=0.59
2026-06-02 20:12:26,573 - Step 02984: 8.6156 E_h, exp. variance=448.1359 E_h^2, pmove=0.59
2026-06-02 20:12:27,233 - Step 02985: 10.0307 E_h, exp. variance=404.8143 E_h^2, pmove=0.59
2026-06-02 20:12:27,893 - Step 02986: 8.9012 E_h, exp. variance=366.4012 E_h^2, pmove=0.58
2026-06-02 20:12:28,552 - Step 02987: 8.8692 E_h, exp. variance=331.4614 E_h^2, pmove=0.59
2026-06-02 20:12:29,217 - Step 02988: 14.2184 E_h, exp. variance=298.5012 E_h^2, pmove=0.59
2026-06-02 20:12:29,876 - Step 02989: 9.2010 E_h, exp. variance=269.8990 E_h^2, pmove=0.59
2026-06-02 20:12:30,536 - Step 02990: 8.5727 E_h, exp. variance=244.3346 E_h^2, pmove=0.59
2026-06-02 20:12:31,196 - Step 02991: 8.6521 E_h, exp. variance=221.0051 E_h^2, pmove=0.59
2026-06-02 20:12:31,860 - Step 02992: 8.5209 E_h, exp. variance=199.8748 E_h^2, pmove=0.60
2026-06-02 20:12:32,522 - Step 02993: 8.7523 E_h, exp. variance=180.5549 E_h^2, pmove=0.60
2026-06-02 20:12:33,182 - Step 02994: 8.5731 E_h, exp. variance=163.1222 E_h^2, pmove=0.60
2026-06-02 20:12:33,841 - Step 02995: 9.9646 E_h, exp. variance=146.8956 E_h^2, pmove=0.60
2026-06-02 20:12:34,503 - Step 02996: 16.0448 E_h, exp. variance=134.6414 E_h^2, pmove=0.60
2026-06-02 20:12:35,164 - Step 02997: 21.6845 E_h, exp. variance=130.7651 E_h^2, pmove=0.58
2026-06-02 20:12:35,824 - Step 02998: 8.5552 E_h, exp. variance=119.0157 E_h^2, pmove=0.58
2026-06-02 20:12:36,484 - Step 02999: 8.6443 E_h, exp. variance=108.1343 E_h^2, pmove=0.59
2026-06-02 20:12:37,144 - Step 03000: 8.5732 E_h, exp. variance=98.1866 E_h^2, pmove=0.59
2026-06-02 20:12:37,806 - Step 03001: 8.7635 E_h, exp. variance=88.9767 E_h^2, pmove=0.59
2026-06-02 20:12:38,466 - Step 03002: 9.1557 E_h, exp. variance=80.4208 E_h^2, pmove=0.60
2026-06-02 20:12:39,127 - Step 03003: 19.6967 E_h, exp. variance=79.3281 E_h^2, pmove=0.60
2026-06-02 20:12:39,787 - Step 03004: 9.8949 E_h, exp. variance=71.7179 E_h^2, pmove=0.59
2026-06-02 20:12:40,451 - Step 03005: 11.8861 E_h, exp. variance=64.5535 E_h^2, pmove=0.58
2026-06-02 20:12:41,111 - Step 03006: 9.1456 E_h, exp. variance=58.6526 E_h^2, pmove=0.58
2026-06-02 20:12:41,770 - Step 03007: 8.7556 E_h, exp. variance=53.4069 E_h^2, pmove=0.59
2026-06-02 20:12:42,430 - Step 03008: 8.6628 E_h, exp. variance=48.6083 E_h^2, pmove=0.59
2026-06-02 20:12:43,091 - Step 03009: 8.6567 E_h, exp. variance=44.1889 E_h^2, pmove=0.59
2026-06-02 20:12:43,754 - Step 03010: 17.6504 E_h, exp. variance=44.1804 E_h^2, pmove=0.59
2026-06-02 20:12:44,414 - Step 03011: 9.1274 E_h, exp. variance=40.2070 E_h^2, pmove=0.58
2026-06-02 20:12:45,073 - Step 03012: 9.1073 E_h, exp. variance=36.5538 E_h^2, pmove=0.58
2026-06-02 20:12:45,734 - Step 03013: 9.4534 E_h, exp. variance=33.0935 E_h^2, pmove=0.58
2026-06-02 20:12:46,397 - Step 03014: 9.2356 E_h, exp. variance=29.9984 E_h^2, pmove=0.59
2026-06-02 20:12:47,057 - Step 03015: 8.6889 E_h, exp. variance=27.3357 E_h^2, pmove=0.59
2026-06-02 20:12:47,716 - Step 03016: 8.8224 E_h, exp. variance=24.8349 E_h^2, pmove=0.59
2026-06-02 20:12:48,375 - Step 03017: 8.6799 E_h, exp. variance=22.5789 E_h^2, pmove=0.59
2026-06-02 20:12:49,034 - Step 03018: 9.1547 E_h, exp. variance=20.4033 E_h^2, pmove=0.59
2026-06-02 20:12:49,697 - Step 03019: 8.7324 E_h, exp. variance=18.5111 E_h^2, pmove=0.59
2026-06-02 20:12:50,356 - Step 03020: 9.3785 E_h, exp. variance=16.6833 E_h^2, pmove=0.59
2026-06-02 20:12:51,015 - Step 03021: 9.9410 E_h, exp. variance=15.0159 E_h^2, pmove=0.59
2026-06-02 20:12:51,675 - Step 03022: 8.7531 E_h, exp. variance=13.6220 E_h^2, pmove=0.59
2026-06-02 20:12:52,337 - Step 03023: 8.6313 E_h, exp. variance=12.3698 E_h^2, pmove=0.59
2026-06-02 20:12:52,996 - Step 03024: 8.7724 E_h, exp. variance=11.1985 E_h^2, pmove=0.60
2026-06-02 20:12:53,656 - Step 03025: 8.5276 E_h, exp. variance=10.1712 E_h^2, pmove=0.60
2026-06-02 20:12:54,314 - Step 03026: 8.7422 E_h, exp. variance=9.1979 E_h^2, pmove=0.60
2026-06-02 20:12:54,973 - Step 03027: 9.0913 E_h, exp. variance=8.2851 E_h^2, pmove=0.60
2026-06-02 20:12:55,635 - Step 03028: 8.7273 E_h, exp. variance=7.4906 E_h^2, pmove=0.60
2026-06-02 20:12:56,293 - Step 03029: 8.5989 E_h, exp. variance=6.7834 E_h^2, pmove=0.60
2026-06-02 20:12:56,954 - Step 03030: 9.1390 E_h, exp. variance=6.1055 E_h^2, pmove=0.60
2026-06-02 20:12:57,614 - Step 03031: 8.7538 E_h, exp. variance=5.5133 E_h^2, pmove=0.60
2026-06-02 20:12:58,276 - Step 03032: 19.5834 E_h, exp. variance=14.7401 E_h^2, pmove=0.60
2026-06-02 20:12:58,936 - Step 03033: 8.6277 E_h, exp. variance=13.4892 E_h^2, pmove=0.60
2026-06-02 20:12:59,595 - Step 03034: 8.8412 E_h, exp. variance=12.2707 E_h^2, pmove=0.60
2026-06-02 20:13:00,255 - Step 03035: 13.2446 E_h, exp. variance=12.0357 E_h^2, pmove=0.60
2026-06-02 20:13:00,914 - Step 03036: 8.8169 E_h, exp. variance=11.0187 E_h^2, pmove=0.58
2026-06-02 20:13:01,576 - Step 03037: 9.3043 E_h, exp. variance=9.9756 E_h^2, pmove=0.59
2026-06-02 20:13:02,235 - Step 03038: 11.3982 E_h, exp. variance=9.1461 E_h^2, pmove=0.59
2026-06-02 20:13:02,895 - Step 03039: 11.7493 E_h, exp. variance=8.4564 E_h^2, pmove=0.59
2026-06-02 20:13:03,556 - Step 03040: 8.7158 E_h, exp. variance=7.8443 E_h^2, pmove=0.58
2026-06-02 20:13:04,217 - Step 03041: 15.7947 E_h, exp. variance=9.9119 E_h^2, pmove=0.59
2026-06-02 20:13:04,879 - Step 03042: 8.9127 E_h, exp. variance=9.2174 E_h^2, pmove=0.59
2026-06-02 20:13:05,541 - Step 03043: 9.3884 E_h, exp. variance=8.4164 E_h^2, pmove=0.59
2026-06-02 20:13:06,200 - Step 03044: 8.7346 E_h, exp. variance=7.8337 E_h^2, pmove=0.59
2026-06-02 20:13:06,859 - Step 03045: 8.5957 E_h, exp. variance=7.3001 E_h^2, pmove=0.59
2026-06-02 20:13:07,520 - Step 03046: 8.6832 E_h, exp. variance=6.7494 E_h^2, pmove=0.59
2026-06-02 20:13:08,179 - Step 03047: 8.5552 E_h, exp. variance=6.2504 E_h^2, pmove=0.59
2026-06-02 20:13:08,840 - Step 03048: 8.5111 E_h, exp. variance=5.7781 E_h^2, pmove=0.60
2026-06-02 20:13:09,501 - Step 03049: 8.6288 E_h, exp. variance=5.3004 E_h^2, pmove=0.60
2026-06-02 20:13:10,161 - Step 03050: 15.6910 E_h, exp. variance=8.1335 E_h^2, pmove=0.60
2026-06-02 20:13:10,823 - Step 03051: 9.0855 E_h, exp. variance=7.4298 E_h^2, pmove=0.59
2026-06-02 20:13:11,484 - Step 03052: 8.5027 E_h, exp. variance=6.9105 E_h^2, pmove=0.60
2026-06-02 20:13:12,143 - Step 03053: 8.5446 E_h, exp. variance=6.3900 E_h^2, pmove=0.60
2026-06-02 20:13:12,803 - Step 03054: 9.3035 E_h, exp. variance=5.7717 E_h^2, pmove=0.61
2026-06-02 20:13:13,464 - Step 03055: 8.7437 E_h, exp. variance=5.2831 E_h^2, pmove=0.60
2026-06-02 20:13:14,125 - Step 03056: 8.5596 E_h, exp. variance=4.8592 E_h^2, pmove=0.60
2026-06-02 20:13:14,786 - Step 03057: 9.0128 E_h, exp. variance=4.3972 E_h^2, pmove=0.60
2026-06-02 20:13:15,447 - Step 03058: 8.6961 E_h, exp. variance=4.0124 E_h^2, pmove=0.60
2026-06-02 20:13:16,110 - Step 03059: 9.2960 E_h, exp. variance=3.6121 E_h^2, pmove=0.59
2026-06-02 20:13:16,772 - Step 03060: 8.7742 E_h, exp. variance=3.2849 E_h^2, pmove=0.59
2026-06-02 20:13:17,433 - Step 03061: 9.2148 E_h, exp. variance=2.9575 E_h^2, pmove=0.60
2026-06-02 20:13:18,093 - Step 03062: 9.0051 E_h, exp. variance=2.6705 E_h^2, pmove=0.59
2026-06-02 20:13:18,756 - Step 03063: 11.2728 E_h, exp. variance=2.7591 E_h^2, pmove=0.60
2026-06-02 20:13:19,419 - Step 03064: 9.7435 E_h, exp. variance=2.4893 E_h^2, pmove=0.59
2026-06-02 20:13:20,080 - Step 03065: 8.7146 E_h, exp. variance=2.2972 E_h^2, pmove=0.59
2026-06-02 20:13:20,742 - Step 03066: 8.8038 E_h, exp. variance=2.1028 E_h^2, pmove=0.59
2026-06-02 20:13:21,402 - Step 03067: 12.4817 E_h, exp. variance=2.7654 E_h^2, pmove=0.60
2026-06-02 20:13:22,064 - Step 03068: 8.6171 E_h, exp. variance=2.5903 E_h^2, pmove=0.58
2026-06-02 20:13:22,739 - Step 03069: 9.8036 E_h, exp. variance=2.3361 E_h^2, pmove=0.59
2026-06-02 20:13:23,400 - Step 03070: 11.4565 E_h, exp. variance=2.4140 E_h^2, pmove=0.59
2026-06-02 20:13:24,061 - Step 03071: 8.7100 E_h, exp. variance=2.2761 E_h^2, pmove=0.57
2026-06-02 20:13:24,722 - Step 03072: 9.7217 E_h, exp. variance=2.0486 E_h^2, pmove=0.60
2026-06-02 20:13:25,384 - Step 03073: 8.9115 E_h, exp. variance=1.8969 E_h^2, pmove=0.59
2026-06-02 20:13:26,044 - Step 03074: 8.8127 E_h, exp. variance=1.7633 E_h^2, pmove=0.59
2026-06-02 20:13:26,704 - Step 03075: 9.7626 E_h, exp. variance=1.5921 E_h^2, pmove=0.59
2026-06-02 20:13:27,365 - Step 03076: 9.7394 E_h, exp. variance=1.4362 E_h^2, pmove=0.59
2026-06-02 20:13:28,026 - Step 03077: 9.2610 E_h, exp. variance=1.3010 E_h^2, pmove=0.59
2026-06-02 20:13:28,688 - Step 03078: 9.9521 E_h, exp. variance=1.1865 E_h^2, pmove=0.58
2026-06-02 20:13:29,349 - Step 03079: 8.8139 E_h, exp. variance=1.1204 E_h^2, pmove=0.59
2026-06-02 20:13:30,010 - Step 03080: 9.5536 E_h, exp. variance=1.0086 E_h^2, pmove=0.59
2026-06-02 20:13:30,670 - Step 03081: 17.6161 E_h, exp. variance=6.8264 E_h^2, pmove=0.59
2026-06-02 20:13:31,330 - Step 03082: 9.7956 E_h, exp. variance=6.1683 E_h^2, pmove=0.58
2026-06-02 20:13:31,990 - Step 03083: 11.7650 E_h, exp. variance=5.7539 E_h^2, pmove=0.59
2026-06-02 20:13:32,650 - Step 03084: 8.9135 E_h, exp. variance=5.3815 E_h^2, pmove=0.58
2026-06-02 20:13:33,311 - Step 03085: 9.0327 E_h, exp. variance=4.9800 E_h^2, pmove=0.59
2026-06-02 20:13:33,971 - Step 03086: 9.4130 E_h, exp. variance=4.5299 E_h^2, pmove=0.59
2026-06-02 20:13:34,631 - Step 03087: 9.0979 E_h, exp. variance=4.1618 E_h^2, pmove=0.59
2026-06-02 20:13:35,291 - Step 03088: 130.8527 E_h, exp. variance=1318.8418 E_h^2, pmove=0.59
2026-06-02 20:13:35,952 - Step 03089: 13.6296 E_h, exp. variance=1193.3540 E_h^2, pmove=0.58
2026-06-02 20:13:36,614 - Step 03090: 9.3523 E_h, exp. variance=1086.6877 E_h^2, pmove=0.58
2026-06-02 20:13:37,275 - Step 03091: 8.5861 E_h, exp. variance=989.8065 E_h^2, pmove=0.59
2026-06-02 20:13:37,935 - Step 03092: 8.6038 E_h, exp. variance=900.3411 E_h^2, pmove=0.59
2026-06-02 20:13:38,595 - Step 03093: 8.9024 E_h, exp. variance=817.5250 E_h^2, pmove=0.60
2026-06-02 20:13:39,258 - Step 03094: 8.5759 E_h, exp. variance=742.1022 E_h^2, pmove=0.59
2026-06-02 20:13:39,918 - Step 03095: 8.7793 E_h, exp. variance=672.7465 E_h^2, pmove=0.60
2026-06-02 20:13:40,580 - Step 03096: 9.3398 E_h, exp. variance=608.7654 E_h^2, pmove=0.60
2026-06-02 20:13:41,240 - Step 03097: 9.7845 E_h, exp. variance=550.1385 E_h^2, pmove=0.60
2026-06-02 20:13:41,904 - Step 03098: 8.7017 E_h, exp. variance=497.9295 E_h^2, pmove=0.60
2026-06-02 20:13:42,568 - Step 03099: 8.6183 E_h, exp. variance=450.4846 E_h^2, pmove=0.60
2026-06-02 20:13:43,228 - Step 03100: 14.2881 E_h, exp. variance=405.5397 E_h^2, pmove=0.59
2026-06-02 20:13:43,888 - Step 03101: 8.5258 E_h, exp. variance=367.0565 E_h^2, pmove=0.59
2026-06-02 20:13:44,549 - Step 03102: 8.6688 E_h, exp. variance=331.9189 E_h^2, pmove=0.59
2026-06-02 20:13:45,213 - Step 03103: 8.6416 E_h, exp. variance=300.0156 E_h^2, pmove=0.60
2026-06-02 20:13:45,873 - Step 03104: 9.8401 E_h, exp. variance=270.4524 E_h^2, pmove=0.60
2026-06-02 20:13:46,534 - Step 03105: 8.9535 E_h, exp. variance=244.1500 E_h^2, pmove=0.59
2026-06-02 20:13:47,194 - Step 03106: 11.8065 E_h, exp. variance=219.7414 E_h^2, pmove=0.60
2026-06-02 20:13:47,857 - Step 03107: 16.7705 E_h, exp. variance=200.2052 E_h^2, pmove=0.59
2026-06-02 20:13:48,518 - Step 03108: 14.9993 E_h, exp. variance=180.9484 E_h^2, pmove=0.58
2026-06-02 20:13:49,179 - Step 03109: 8.9865 E_h, exp. variance=163.8885 E_h^2, pmove=0.57
2026-06-02 20:13:49,840 - Step 03110: 8.6948 E_h, exp. variance=148.5059 E_h^2, pmove=0.60
2026-06-02 20:13:50,502 - Step 03111: 10.6038 E_h, exp. variance=133.7642 E_h^2, pmove=0.60
2026-06-02 20:13:51,162 - Step 03112: 8.8366 E_h, exp. variance=121.0721 E_h^2, pmove=0.59
2026-06-02 20:13:51,822 - Step 03113: 11.0768 E_h, exp. variance=108.9702 E_h^2, pmove=0.59
2026-06-02 20:13:52,483 - Step 03114: 10.8404 E_h, exp. variance=98.0917 E_h^2, pmove=0.59
2026-06-02 20:13:53,156 - Step 03115: 8.7032 E_h, exp. variance=88.8657 E_h^2, pmove=0.59
2026-06-02 20:13:53,820 - Step 03116: 10.6252 E_h, exp. variance=79.9914 E_h^2, pmove=0.59
2026-06-02 20:13:54,480 - Step 03117: 8.6527 E_h, exp. variance=72.4703 E_h^2, pmove=0.59
2026-06-02 20:13:55,140 - Step 03118: 8.6172 E_h, exp. variance=65.6238 E_h^2, pmove=0.59
2026-06-02 20:13:55,801 - Step 03119: 41.5885 E_h, exp. variance=145.9571 E_h^2, pmove=0.59
2026-06-02 20:13:56,465 - Step 03120: 8.9220 E_h, exp. variance=133.3505 E_h^2, pmove=0.60
2026-06-02 20:13:57,126 - Step 03121: 10.5016 E_h, exp. variance=120.6482 E_h^2, pmove=0.59
2026-06-02 20:13:57,789 - Step 03122: 8.8042 E_h, exp. variance=110.0842 E_h^2, pmove=0.59
2026-06-02 20:13:58,450 - Step 03123: 9.8972 E_h, exp. variance=99.6760 E_h^2, pmove=0.60
2026-06-02 20:13:59,112 - Step 03124: 8.7714 E_h, exp. variance=90.7795 E_h^2, pmove=0.60
2026-06-02 20:13:59,773 - Step 03125: 9.8208 E_h, exp. variance=82.0818 E_h^2, pmove=0.60
2026-06-02 20:14:00,435 - Step 03126: 8.8218 E_h, exp. variance=74.6042 E_h^2, pmove=0.60
2026-06-02 20:14:01,096 - Step 03127: 8.6712 E_h, exp. variance=67.8070 E_h^2, pmove=0.60
2026-06-02 20:14:01,759 - Step 03128: 8.8455 E_h, exp. variance=61.4896 E_h^2, pmove=0.60
2026-06-02 20:14:02,419 - Step 03129: 574.4204 E_h, exp. variance=28636.5801 E_h^2, pmove=0.60
2026-06-02 20:14:03,080 - Step 03130: 8.8655 E_h, exp. variance=26079.6113 E_h^2, pmove=0.60
2026-06-02 20:14:03,745 - Step 03131: 1126.3435 E_h, exp. variance=125540.4375 E_h^2, pmove=0.60
2026-06-02 20:14:04,405 - Step 03132: 13.0405 E_h, exp. variance=115144.6484 E_h^2, pmove=0.60
2026-06-02 20:14:05,066 - Step 03133: 10.0898 E_h, exp. variance=105453.1719 E_h^2, pmove=0.59
2026-06-02 20:14:05,725 - Step 03134: 10.2291 E_h, exp. variance=96381.2656 E_h^2, pmove=0.59
2026-06-02 20:14:06,384 - Step 03135: 8.6667 E_h, exp. variance=87969.2109 E_h^2, pmove=0.58
2026-06-02 20:14:07,044 - Step 03136: 8.8633 E_h, exp. variance=80161.6875 E_h^2, pmove=0.59
2026-06-02 20:14:07,706 - Step 03137: 8.6304 E_h, exp. variance=72950.8984 E_h^2, pmove=0.60
2026-06-02 20:14:08,365 - Step 03138: 8.5049 E_h, exp. variance=66310.0859 E_h^2, pmove=0.60
2026-06-02 20:14:09,026 - Step 03139: 10.0137 E_h, exp. variance=60188.4062 E_h^2, pmove=0.60
2026-06-02 20:14:09,686 - Step 03140: 8.5280 E_h, exp. variance=54600.4297 E_h^2, pmove=0.59
2026-06-02 20:14:10,351 - Step 03141: 8.5916 E_h, exp. variance=49488.6719 E_h^2, pmove=0.60
2026-06-02 20:14:11,010 - Step 03142: 11.0757 E_h, exp. variance=44797.4336 E_h^2, pmove=0.60
2026-06-02 20:14:11,671 - Step 03143: 9.0109 E_h, exp. variance=40544.6562 E_h^2, pmove=0.59
2026-06-02 20:14:12,332 - Step 03144: 9.0871 E_h, exp. variance=36673.4102 E_h^2, pmove=0.59
2026-06-02 20:14:12,993 - Step 03145: 10.1699 E_h, exp. variance=33146.6680 E_h^2, pmove=0.60
2026-06-02 20:14:13,656 - Step 03146: 8.7445 E_h, exp. variance=29955.1953 E_h^2, pmove=0.59
2026-06-02 20:14:14,322 - Step 03147: 8.6552 E_h, exp. variance=27060.0000 E_h^2, pmove=0.60
2026-06-02 20:14:14,983 - Step 03148: 8.9433 E_h, exp. variance=24433.7109 E_h^2, pmove=0.60
2026-06-02 20:14:15,644 - Step 03149: 8.7508 E_h, exp. variance=22055.8379 E_h^2, pmove=0.59
2026-06-02 20:14:16,308 - Step 03150: 9.8038 E_h, exp. variance=19898.8047 E_h^2, pmove=0.60
2026-06-02 20:14:16,970 - Step 03151: 8.8525 E_h, exp. variance=17951.9102 E_h^2, pmove=0.59
2026-06-02 20:14:17,631 - Step 03152: 9.7567 E_h, exp. variance=16188.4102 E_h^2, pmove=0.59
2026-06-02 20:14:18,291 - Step 03153: 9.8797 E_h, exp. variance=14594.8672 E_h^2, pmove=0.59
2026-06-02 20:14:18,951 - Step 03154: 9.3587 E_h, exp. variance=13157.3115 E_h^2, pmove=0.59
2026-06-02 20:14:19,612 - Step 03155: 8.7345 E_h, exp. variance=11860.9570 E_h^2, pmove=0.59
2026-06-02 20:14:20,272 - Step 03156: 9.8098 E_h, exp. variance=10688.1055 E_h^2, pmove=0.60
2026-06-02 20:14:20,932 - Step 03157: 10.2576 E_h, exp. variance=9629.1602 E_h^2, pmove=0.59
2026-06-02 20:14:21,594 - Step 03158: 9.2588 E_h, exp. variance=8676.0195 E_h^2, pmove=0.59
2026-06-02 20:14:22,254 - Step 03159: 8.8144 E_h, exp. variance=7817.1035 E_h^2, pmove=0.59
2026-06-02 20:14:22,915 - Step 03160: 8.6859 E_h, exp. variance=7042.6343 E_h^2, pmove=0.59
2026-06-02 20:14:23,577 - Step 03161: 10.6389 E_h, exp. variance=6341.7417 E_h^2, pmove=0.59
2026-06-02 20:14:24,239 - Step 03162: 8.7324 E_h, exp. variance=5712.5151 E_h^2, pmove=0.58
2026-06-02 20:14:24,903 - Step 03163: 8.7410 E_h, exp. variance=5145.2607 E_h^2, pmove=0.59
2026-06-02 20:14:25,565 - Step 03164: 34.7420 E_h, exp. variance=4666.7456 E_h^2, pmove=0.58
2026-06-02 20:14:26,227 - Step 03165: 8.6863 E_h, exp. variance=4205.9072 E_h^2, pmove=0.58
2026-06-02 20:14:26,889 - Step 03166: 10.0639 E_h, exp. variance=3788.4177 E_h^2, pmove=0.59
2026-06-02 20:14:27,551 - Step 03167: 9.2616 E_h, exp. variance=3412.9087 E_h^2, pmove=0.59
2026-06-02 20:14:28,215 - Step 03168: 8.8657 E_h, exp. variance=3074.7219 E_h^2, pmove=0.59
2026-06-02 20:14:28,877 - Step 03169: 8.8583 E_h, exp. variance=2769.7710 E_h^2, pmove=0.59
2026-06-02 20:14:29,536 - Step 03170: 8.4657 E_h, exp. variance=2495.1868 E_h^2, pmove=0.60
2026-06-02 20:14:30,196 - Step 03171: 10.6620 E_h, exp. variance=2246.2058 E_h^2, pmove=0.60
2026-06-02 20:14:30,857 - Step 03172: 8.5008 E_h, exp. variance=2023.2969 E_h^2, pmove=0.60
2026-06-02 20:14:31,519 - Step 03173: 9.6164 E_h, exp. variance=1821.6775 E_h^2, pmove=0.60
2026-06-02 20:14:32,180 - Step 03174: 9.3116 E_h, exp. variance=1640.2322 E_h^2, pmove=0.59
2026-06-02 20:14:32,839 - Step 03175: 8.5090 E_h, exp. variance=1477.2205 E_h^2, pmove=0.60
2026-06-02 20:14:33,500 - Step 03176: 61.3007 E_h, exp. variance=1552.4727 E_h^2, pmove=0.60
2026-06-02 20:14:34,171 - Step 03177: 8.6676 E_h, exp. variance=1402.7517 E_h^2, pmove=0.59
2026-06-02 20:14:34,844 - Step 03178: 10.3447 E_h, exp. variance=1265.0770 E_h^2, pmove=0.60
2026-06-02 20:14:35,503 - Step 03179: 9.9665 E_h, exp. variance=1141.0179 E_h^2, pmove=0.59
2026-06-02 20:14:36,164 - Step 03180: 8.8418 E_h, exp. variance=1029.9637 E_h^2, pmove=0.59
2026-06-02 20:14:36,823 - Step 03181: 8.5542 E_h, exp. variance=929.7145 E_h^2, pmove=0.60
2026-06-02 20:14:37,482 - Step 03182: 9.3562 E_h, exp. variance=838.3083 E_h^2, pmove=0.59
2026-06-02 20:14:38,141 - Step 03183: 9.3878 E_h, exp. variance=755.7241 E_h^2, pmove=0.60
2026-06-02 20:14:38,801 - Step 03184: 8.8006 E_h, exp. variance=681.5464 E_h^2, pmove=0.60
2026-06-02 20:14:39,460 - Step 03185: 14.3578 E_h, exp. variance=613.7568 E_h^2, pmove=0.60
2026-06-02 20:14:40,120 - Step 03186: 19.5610 E_h, exp. variance=556.8112 E_h^2, pmove=0.59
2026-06-02 20:14:40,780 - Step 03187: 8.6432 E_h, exp. variance=503.0373 E_h^2, pmove=0.58
2026-06-02 20:14:41,440 - Step 03188: 8.7164 E_h, exp. variance=454.2243 E_h^2, pmove=0.59
2026-06-02 20:14:42,100 - Step 03189: 9.4031 E_h, exp. variance=409.5991 E_h^2, pmove=0.59
2026-06-02 20:14:42,760 - Step 03190: 16.1049 E_h, exp. variance=370.0959 E_h^2, pmove=0.60
2026-06-02 20:14:43,420 - Step 03191: 8.5007 E_h, exp. variance=334.5143 E_h^2, pmove=0.60
2026-06-02 20:14:44,079 - Step 03192: 8.7814 E_h, exp. variance=302.0455 E_h^2, pmove=0.60
2026-06-02 20:14:44,739 - Step 03193: 8.6813 E_h, exp. variance=272.6914 E_h^2, pmove=0.60
2026-06-02 20:14:45,400 - Step 03194: 8.9651 E_h, exp. variance=245.9771 E_h^2, pmove=0.60
2026-06-02 20:14:46,061 - Step 03195: 10.7000 E_h, exp. variance=221.4018 E_h^2, pmove=0.60
2026-06-02 20:14:46,722 - Step 03196: 10.8041 E_h, exp. variance=199.2724 E_h^2, pmove=0.60
2026-06-02 20:14:47,384 - Step 03197: 8.6620 E_h, exp. variance=179.8867 E_h^2, pmove=0.58
2026-06-02 20:14:48,043 - Step 03198: 12.3668 E_h, exp. variance=162.0997 E_h^2, pmove=0.58
2026-06-02 20:14:48,704 - Step 03199: 8.9446 E_h, exp. variance=146.2772 E_h^2, pmove=0.58
2026-06-02 20:14:49,363 - Step 03200: 9.0565 E_h, exp. variance=131.9268 E_h^2, pmove=0.60
2026-06-02 20:14:50,024 - Step 03201: 9.6922 E_h, exp. variance=118.8144 E_h^2, pmove=0.60
2026-06-02 20:14:50,687 - Step 03202: 10.2644 E_h, exp. variance=106.9399 E_h^2, pmove=0.59
2026-06-02 20:14:51,348 - Step 03203: 8.6959 E_h, exp. variance=96.5435 E_h^2, pmove=0.59
2026-06-02 20:14:52,010 - Step 03204: 8.7625 E_h, exp. variance=87.1109 E_h^2, pmove=0.59
2026-06-02 20:14:52,670 - Step 03205: 8.5430 E_h, exp. variance=78.6397 E_h^2, pmove=0.60
2026-06-02 20:14:53,333 - Step 03206: 13.1207 E_h, exp. variance=71.6453 E_h^2, pmove=0.60
2026-06-02 20:14:53,996 - Step 03207: 8.8627 E_h, exp. variance=64.6727 E_h^2, pmove=0.59
2026-06-02 20:14:54,656 - Step 03208: 16.1470 E_h, exp. variance=61.4131 E_h^2, pmove=0.60
2026-06-02 20:14:55,317 - Step 03209: 8.9148 E_h, exp. variance=55.5829 E_h^2, pmove=0.58
2026-06-02 20:14:55,979 - Step 03210: 10.0181 E_h, exp. variance=50.0538 E_h^2, pmove=0.59
2026-06-02 20:14:56,639 - Step 03211: 13.1653 E_h, exp. variance=45.6730 E_h^2, pmove=0.59
2026-06-02 20:14:57,299 - Step 03212: 8.6309 E_h, exp. variance=41.5270 E_h^2, pmove=0.57
2026-06-02 20:14:57,960 - Step 03213: 8.7514 E_h, exp. variance=37.6746 E_h^2, pmove=0.59
2026-06-02 20:14:58,622 - Step 03214: 8.5535 E_h, exp. variance=34.2125 E_h^2, pmove=0.59
2026-06-02 20:14:59,283 - Step 03215: 8.6576 E_h, exp. variance=31.0085 E_h^2, pmove=0.60
2026-06-02 20:14:59,943 - Step 03216: 174.5857 E_h, exp. variance=2464.2136 E_h^2, pmove=0.59
2026-06-02 20:15:00,605 - Step 03217: 16.5360 E_h, exp. variance=2226.7434 E_h^2, pmove=0.59
2026-06-02 20:15:01,266 - Step 03218: 8.7491 E_h, exp. variance=2029.3573 E_h^2, pmove=0.58
2026-06-02 20:15:01,930 - Step 03219: 8.5869 E_h, exp. variance=1847.3479 E_h^2, pmove=0.59
2026-06-02 20:15:02,591 - Step 03220: 8.9976 E_h, exp. variance=1678.5642 E_h^2, pmove=0.60
2026-06-02 20:15:03,252 - Step 03221: 8.6666 E_h, exp. variance=1524.3517 E_h^2, pmove=0.59
2026-06-02 20:15:03,913 - Step 03222: 8.5158 E_h, exp. variance=1383.2710 E_h^2, pmove=0.60
2026-06-02 20:15:04,575 - Step 03223: 15.7699 E_h, exp. variance=1245.6774 E_h^2, pmove=0.60
2026-06-02 20:15:05,236 - Step 03224: 8.7138 E_h, exp. variance=1129.4480 E_h^2, pmove=0.59
2026-06-02 20:15:05,897 - Step 03225: 10.6617 E_h, exp. variance=1020.5613 E_h^2, pmove=0.59
2026-06-02 20:15:06,559 - Step 03226: 8.6045 E_h, exp. variance=924.4111 E_h^2, pmove=0.59
2026-06-02 20:15:07,222 - Step 03227: 8.5058 E_h, exp. variance=836.8842 E_h^2, pmove=0.59
2026-06-02 20:15:07,882 - Step 03228: 8.7411 E_h, exp. variance=756.8997 E_h^2, pmove=0.60
2026-06-02 20:15:08,542 - Step 03229: 8.4529 E_h, exp. variance=684.5167 E_h^2, pmove=0.59
2026-06-02 20:15:09,203 - Step 03230: 8.6414 E_h, exp. variance=618.5618 E_h^2, pmove=0.60
2026-06-02 20:15:09,864 - Step 03231: 8.5241 E_h, exp. variance=558.8293 E_h^2, pmove=0.60
2026-06-02 20:15:10,527 - Step 03232: 8.9831 E_h, exp. variance=504.3244 E_h^2, pmove=0.60
2026-06-02 20:15:11,187 - Step 03233: 40.5124 E_h, exp. variance=524.4902 E_h^2, pmove=0.61
2026-06-02 20:15:11,848 - Step 03234: 8.5552 E_h, exp. variance=476.1422 E_h^2, pmove=0.59
2026-06-02 20:15:12,508 - Step 03235: 8.8387 E_h, exp. variance=431.5469 E_h^2, pmove=0.60
2026-06-02 20:15:13,171 - Step 03236: 8.7001 E_h, exp. variance=390.9694 E_h^2, pmove=0.60
2026-06-02 20:15:13,832 - Step 03237: 8.5430 E_h, exp. variance=354.0984 E_h^2, pmove=0.60
2026-06-02 20:15:14,492 - Step 03238: 8.9229 E_h, exp. variance=320.1985 E_h^2, pmove=0.60
2026-06-02 20:15:15,151 - Step 03239: 10.0411 E_h, exp. variance=288.7722 E_h^2, pmove=0.60
2026-06-02 20:15:15,815 - Step 03240: 84.6787 E_h, exp. variance=730.6933 E_h^2, pmove=0.59
2026-06-02 20:15:16,475 - Step 03241: 9.5985 E_h, exp. variance=666.5999 E_h^2, pmove=0.59
2026-06-02 20:15:17,136 - Step 03242: 9.3666 E_h, exp. variance=607.5903 E_h^2, pmove=0.59
2026-06-02 20:15:17,796 - Step 03243: 9.0045 E_h, exp. variance=553.5809 E_h^2, pmove=0.59
2026-06-02 20:15:18,456 - Step 03244: 8.6998 E_h, exp. variance=504.1257 E_h^2, pmove=0.60
2026-06-02 20:15:19,119 - Step 03245: 8.5266 E_h, exp. variance=458.7244 E_h^2, pmove=0.59
2026-06-02 20:15:19,779 - Step 03246: 8.8702 E_h, exp. variance=416.5063 E_h^2, pmove=0.60
2026-06-02 20:15:20,439 - Step 03247: 55.1559 E_h, exp. variance=522.8483 E_h^2, pmove=0.60
2026-06-02 20:15:21,100 - Step 03248: 8.4623 E_h, exp. variance=479.9233 E_h^2, pmove=0.58
2026-06-02 20:15:21,764 - Step 03249: 11.3855 E_h, exp. variance=435.4521 E_h^2, pmove=0.59
2026-06-02 20:15:22,425 - Step 03250: 8.7566 E_h, exp. variance=398.0449 E_h^2, pmove=0.60
2026-06-02 20:15:23,087 - Step 03251: 8.5685 E_h, exp. variance=363.4670 E_h^2, pmove=0.60
2026-06-02 20:15:23,747 - Step 03252: 8.4212 E_h, exp. variance=331.5378 E_h^2, pmove=0.60
2026-06-02 20:15:24,410 - Step 03253: 8.4662 E_h, exp. variance=301.9112 E_h^2, pmove=0.60
2026-06-02 20:15:25,070 - Step 03254: 8.4384 E_h, exp. variance=274.6053 E_h^2, pmove=0.60
2026-06-02 20:15:25,731 - Step 03255: 8.5797 E_h, exp. variance=249.3541 E_h^2, pmove=0.61
2026-06-02 20:15:26,391 - Step 03256: 8.8659 E_h, exp. variance=225.9858 E_h^2, pmove=0.61
2026-06-02 20:15:27,052 - Step 03257: 8.7778 E_h, exp. variance=204.7169 E_h^2, pmove=0.61
2026-06-02 20:15:27,715 - Step 03258: 8.5981 E_h, exp. variance=185.4370 E_h^2, pmove=0.60
2026-06-02 20:15:28,376 - Step 03259: 8.6976 E_h, exp. variance=167.8009 E_h^2, pmove=0.60
2026-06-02 20:15:29,036 - Step 03260: 9.5063 E_h, exp. variance=151.3988 E_h^2, pmove=0.60
2026-06-02 20:15:29,697 - Step 03261: 12.0356 E_h, exp. variance=136.3012 E_h^2, pmove=0.60
2026-06-02 20:15:30,357 - Step 03262: 8.5594 E_h, exp. variance=123.4071 E_h^2, pmove=0.60
2026-06-02 20:15:31,018 - Step 03263: 10.6561 E_h, exp. variance=111.0869 E_h^2, pmove=0.60
2026-06-02 20:15:31,678 - Step 03264: 9.2177 E_h, exp. variance=100.2922 E_h^2, pmove=0.60
2026-06-02 20:15:32,339 - Step 03265: 11.0410 E_h, exp. variance=90.2648 E_h^2, pmove=0.60
2026-06-02 20:15:32,999 - Step 03266: 8.8546 E_h, exp. variance=81.6196 E_h^2, pmove=0.60
2026-06-02 20:15:33,662 - Step 03267: 8.7060 E_h, exp. variance=73.8180 E_h^2, pmove=0.59
2026-06-02 20:15:34,322 - Step 03268: 9.0875 E_h, exp. variance=66.6176 E_h^2, pmove=0.60
2026-06-02 20:15:34,982 - Step 03269: 9.6035 E_h, exp. variance=60.0080 E_h^2, pmove=0.60
2026-06-02 20:15:35,643 - Step 03270: 8.5410 E_h, exp. variance=54.2822 E_h^2, pmove=0.60
2026-06-02 20:15:36,305 - Step 03271: 9.7919 E_h, exp. variance=48.8633 E_h^2, pmove=0.60
2026-06-02 20:15:36,967 - Step 03272: 8.9307 E_h, exp. variance=44.0962 E_h^2, pmove=0.60
2026-06-02 20:15:37,628 - Step 03273: 8.8859 E_h, exp. variance=39.7918 E_h^2, pmove=0.60
2026-06-02 20:15:38,289 - Step 03274: 8.8365 E_h, exp. variance=35.9066 E_h^2, pmove=0.60
2026-06-02 20:15:38,951 - Step 03275: 8.5551 E_h, exp. variance=32.4459 E_h^2, pmove=0.60
2026-06-02 20:15:39,615 - Step 03276: 8.6033 E_h, exp. variance=29.2973 E_h^2, pmove=0.60
2026-06-02 20:15:40,277 - Step 03277: 9.4836 E_h, exp. variance=26.3678 E_h^2, pmove=0.61
2026-06-02 20:15:40,938 - Step 03278: 8.4812 E_h, exp. variance=23.8297 E_h^2, pmove=0.61
2026-06-02 20:15:41,599 - Step 03279: 9.5710 E_h, exp. variance=21.4487 E_h^2, pmove=0.60
2026-06-02 20:15:42,261 - Step 03280: 8.5962 E_h, exp. variance=19.3676 E_h^2, pmove=0.60
2026-06-02 20:15:42,922 - Step 03281: 8.5566 E_h, exp. variance=17.4880 E_h^2, pmove=0.60
2026-06-02 20:15:43,583 - Step 03282: 8.5934 E_h, exp. variance=15.7810 E_h^2, pmove=0.60
2026-06-02 20:15:44,244 - Step 03283: 8.6435 E_h, exp. variance=14.2314 E_h^2, pmove=0.60
2026-06-02 20:15:44,906 - Step 03284: 8.5916 E_h, exp. variance=12.8363 E_h^2, pmove=0.60
2026-06-02 20:15:45,579 - Step 03285: 8.6005 E_h, exp. variance=11.5746 E_h^2, pmove=0.60
2026-06-02 20:15:46,241 - Step 03286: 8.6855 E_h, exp. variance=10.4287 E_h^2, pmove=0.60
2026-06-02 20:15:46,902 - Step 03287: 8.7534 E_h, exp. variance=9.3917 E_h^2, pmove=0.60
2026-06-02 20:15:47,565 - Step 03288: 8.9898 E_h, exp. variance=8.4526 E_h^2, pmove=0.60
2026-06-02 20:15:48,226 - Step 03289: 16.9193 E_h, exp. variance=13.2746 E_h^2, pmove=0.60
2026-06-02 20:15:48,888 - Step 03290: 8.5385 E_h, exp. variance=12.0853 E_h^2, pmove=0.59
2026-06-02 20:15:49,550 - Step 03291: 8.5000 E_h, exp. variance=10.9966 E_h^2, pmove=0.59
2026-06-02 20:15:50,211 - Step 03292: 12.1687 E_h, exp. variance=10.5197 E_h^2, pmove=0.60
2026-06-02 20:15:50,872 - Step 03293: 9.8945 E_h, exp. variance=9.4685 E_h^2, pmove=0.59
2026-06-02 20:15:51,533 - Step 03294: 8.5311 E_h, exp. variance=8.6690 E_h^2, pmove=0.58
2026-06-02 20:15:52,193 - Step 03295: 8.6320 E_h, exp. variance=7.9014 E_h^2, pmove=0.59
2026-06-02 20:15:52,854 - Step 03296: 8.5111 E_h, exp. variance=7.2136 E_h^2, pmove=0.59
2026-06-02 20:15:53,515 - Step 03297: 12.9034 E_h, exp. variance=7.5527 E_h^2, pmove=0.60
2026-06-02 20:15:54,176 - Step 03298: 8.6934 E_h, exp. variance=6.9105 E_h^2, pmove=0.59
2026-06-02 20:15:54,839 - Step 03299: 8.7479 E_h, exp. variance=6.3014 E_h^2, pmove=0.59
2026-06-02 20:15:55,499 - Step 03300: 11.2782 E_h, exp. variance=5.9227 E_h^2, pmove=0.59
2026-06-02 20:15:56,160 - Step 03301: 8.8642 E_h, exp. variance=5.4049 E_h^2, pmove=0.58
2026-06-02 20:15:56,820 - Step 03302: 9.0021 E_h, exp. variance=4.9061 E_h^2, pmove=0.59
2026-06-02 20:15:57,481 - Step 03303: 126.8333 E_h, exp. variance=1241.0328 E_h^2, pmove=0.60
2026-06-02 20:15:58,142 - Step 03304: 9.0199 E_h, exp. variance=1130.5828 E_h^2, pmove=0.59
2026-06-02 20:15:58,805 - Step 03305: 8.9246 E_h, exp. variance=1028.7744 E_h^2, pmove=0.59
2026-06-02 20:15:59,466 - Step 03306: 9.6470 E_h, exp. variance=933.7480 E_h^2, pmove=0.59
2026-06-02 20:16:00,128 - Step 03307: 8.9145 E_h, exp. variance=847.8892 E_h^2, pmove=0.59
2026-06-02 20:16:00,789 - Step 03308: 9.0385 E_h, exp. variance=769.0060 E_h^2, pmove=0.60
2026-06-02 20:16:01,451 - Step 03309: 8.9178 E_h, exp. variance=697.0488 E_h^2, pmove=0.59
2026-06-02 20:16:02,112 - Step 03310: 8.5582 E_h, exp. variance=631.7914 E_h^2, pmove=0.59
2026-06-02 20:16:02,773 - Step 03311: 9.9632 E_h, exp. variance=570.7924 E_h^2, pmove=0.60
2026-06-02 20:16:03,435 - Step 03312: 8.8621 E_h, exp. variance=516.4661 E_h^2, pmove=0.60
2026-06-02 20:16:04,099 - Step 03313: 12.6995 E_h, exp. variance=464.9365 E_h^2, pmove=0.60
2026-06-02 20:16:04,764 - Step 03314: 8.5956 E_h, exp. variance=420.8115 E_h^2, pmove=0.59
2026-06-02 20:16:05,424 - Step 03315: 8.6156 E_h, exp. variance=380.6323 E_h^2, pmove=0.60
2026-06-02 20:16:06,086 - Step 03316: 8.6704 E_h, exp. variance=344.0691 E_h^2, pmove=0.59
2026-06-02 20:16:06,747 - Step 03317: 8.6926 E_h, exp. variance=310.8626 E_h^2, pmove=0.60
2026-06-02 20:16:07,410 - Step 03318: 8.7966 E_h, exp. variance=280.6881 E_h^2, pmove=0.60
2026-06-02 20:16:08,070 - Step 03319: 8.6380 E_h, exp. variance=253.4419 E_h^2, pmove=0.60
2026-06-02 20:16:08,729 - Step 03320: 10.2380 E_h, exp. variance=228.2108 E_h^2, pmove=0.60
2026-06-02 20:16:09,389 - Step 03321: 8.4666 E_h, exp. variance=206.0853 E_h^2, pmove=0.60
2026-06-02 20:16:10,051 - Step 03322: 8.5424 E_h, exp. variance=186.0067 E_h^2, pmove=0.60
2026-06-02 20:16:10,711 - Step 03323: 8.9378 E_h, exp. variance=167.6938 E_h^2, pmove=0.60
2026-06-02 20:16:11,370 - Step 03324: 9.7023 E_h, exp. variance=150.9887 E_h^2, pmove=0.60
2026-06-02 20:16:12,031 - Step 03325: 10.6041 E_h, exp. variance=135.8916 E_h^2, pmove=0.60
2026-06-02 20:16:12,693 - Step 03326: 8.8358 E_h, exp. variance=122.5449 E_h^2, pmove=0.60
2026-06-02 20:16:13,353 - Step 03327: 10.4092 E_h, exp. variance=110.2912 E_h^2, pmove=0.60
2026-06-02 20:16:14,012 - Step 03328: 10.2456 E_h, exp. variance=99.2626 E_h^2, pmove=0.60
2026-06-02 20:16:14,673 - Step 03329: 8.5918 E_h, exp. variance=89.6035 E_h^2, pmove=0.60
2026-06-02 20:16:15,335 - Step 03330: 10.0167 E_h, exp. variance=80.6446 E_h^2, pmove=0.60
2026-06-02 20:16:15,996 - Step 03331: 8.7163 E_h, exp. variance=72.7600 E_h^2, pmove=0.60
2026-06-02 20:16:16,656 - Step 03332: 8.6540 E_h, exp. variance=65.6443 E_h^2, pmove=0.60
2026-06-02 20:16:17,317 - Step 03333: 8.7842 E_h, exp. variance=59.1831 E_h^2, pmove=0.59
2026-06-02 20:16:17,977 - Step 03334: 8.4854 E_h, exp. variance=53.4082 E_h^2, pmove=0.60
2026-06-02 20:16:18,641 - Step 03335: 34.2811 E_h, exp. variance=102.7950 E_h^2, pmove=0.60
2026-06-02 20:16:19,301 - Step 03336: 8.5168 E_h, exp. variance=93.6631 E_h^2, pmove=0.59
2026-06-02 20:16:19,961 - Step 03337: 8.9939 E_h, exp. variance=84.9708 E_h^2, pmove=0.59
2026-06-02 20:16:20,621 - Step 03338: 8.5866 E_h, exp. variance=77.2152 E_h^2, pmove=0.60
2026-06-02 20:16:21,286 - Step 03339: 8.5167 E_h, exp. variance=70.1272 E_h^2, pmove=0.60
2026-06-02 20:16:21,947 - Step 03340: 11.5725 E_h, exp. variance=63.1546 E_h^2, pmove=0.60
2026-06-02 20:16:22,608 - Step 03341: 8.4307 E_h, exp. variance=57.4201 E_h^2, pmove=0.60
2026-06-02 20:16:23,268 - Step 03342: 8.8646 E_h, exp. variance=51.9871 E_h^2, pmove=0.60
2026-06-02 20:16:23,941 - Step 03343: 8.6202 E_h, exp. variance=47.1173 E_h^2, pmove=0.60
2026-06-02 20:16:24,601 - Step 03344: 8.7884 E_h, exp. variance=42.6225 E_h^2, pmove=0.60
2026-06-02 20:16:25,261 - Step 03345: 8.4897 E_h, exp. variance=38.6191 E_h^2, pmove=0.60
2026-06-02 20:16:25,921 - Step 03346: 8.6515 E_h, exp. variance=34.9247 E_h^2, pmove=0.60
2026-06-02 20:16:26,582 - Step 03347: 96.7259 E_h, exp. variance=710.2373 E_h^2, pmove=0.60
2026-06-02 20:16:27,246 - Step 03348: 8.9941 E_h, exp. variance=647.4564 E_h^2, pmove=0.59
2026-06-02 20:16:27,906 - Step 03349: 8.5888 E_h, exp. variance=590.0306 E_h^2, pmove=0.60
2026-06-02 20:16:28,566 - Step 03350: 8.6792 E_h, exp. variance=536.8253 E_h^2, pmove=0.60
2026-06-02 20:16:29,226 - Step 03351: 11.5053 E_h, exp. variance=484.8831 E_h^2, pmove=0.60
2026-06-02 20:16:29,890 - Step 03352: 8.6161 E_h, exp. variance=440.6139 E_h^2, pmove=0.60
2026-06-02 20:16:30,550 - Step 03353: 8.6598 E_h, exp. variance=399.9217 E_h^2, pmove=0.60
2026-06-02 20:16:31,211 - Step 03354: 11.3585 E_h, exp. variance=360.6392 E_h^2, pmove=0.60
2026-06-02 20:16:31,872 - Step 03355: 8.5186 E_h, exp. variance=327.1677 E_h^2, pmove=0.59
2026-06-02 20:16:32,534 - Step 03356: 8.5539 E_h, exp. variance=296.5202 E_h^2, pmove=0.60
2026-06-02 20:16:33,194 - Step 03357: 12.5238 E_h, exp. variance=266.8790 E_h^2, pmove=0.60
2026-06-02 20:16:33,853 - Step 03358: 8.4610 E_h, exp. variance=241.9128 E_h^2, pmove=0.60
2026-06-02 20:16:34,513 - Step 03359: 9.2670 E_h, exp. variance=218.6035 E_h^2, pmove=0.60
2026-06-02 20:16:35,172 - Step 03360: 8.6198 E_h, exp. variance=197.8235 E_h^2, pmove=0.60
2026-06-02 20:16:35,833 - Step 03361: 10.2427 E_h, exp. variance=178.2424 E_h^2, pmove=0.60
2026-06-02 20:16:36,494 - Step 03362: 9.0695 E_h, exp. variance=160.9892 E_h^2, pmove=0.60
2026-06-02 20:16:37,154 - Step 03363: 9.8437 E_h, exp. variance=145.0909 E_h^2, pmove=0.60
2026-06-02 20:16:37,815 - Step 03364: 8.6192 E_h, exp. variance=131.1753 E_h^2, pmove=0.59
2026-06-02 20:16:38,476 - Step 03365: 25.3057 E_h, exp. variance=136.6560 E_h^2, pmove=0.59
2026-06-02 20:16:39,139 - Step 03366: 8.6668 E_h, exp. variance=124.2233 E_h^2, pmove=0.59
2026-06-02 20:16:39,800 - Step 03367: 8.7066 E_h, exp. variance=112.7759 E_h^2, pmove=0.59
2026-06-02 20:16:40,461 - Step 03368: 9.7751 E_h, exp. variance=101.8210 E_h^2, pmove=0.59
2026-06-02 20:16:41,121 - Step 03369: 8.8532 E_h, exp. variance=92.2596 E_h^2, pmove=0.59
2026-06-02 20:16:41,781 - Step 03370: 8.6544 E_h, exp. variance=83.6246 E_h^2, pmove=0.60
2026-06-02 20:16:42,459 - Step 03371: 8.7748 E_h, exp. variance=75.6921 E_h^2, pmove=0.60
2026-06-02 20:16:43,120 - Step 03372: 41.6990 E_h, exp. variance=154.3736 E_h^2, pmove=0.60
2026-06-02 20:16:43,781 - Step 03373: 15.9021 E_h, exp. variance=139.3198 E_h^2, pmove=0.59
2026-06-02 20:16:44,442 - Step 03374: 8.4937 E_h, exp. variance=128.1605 E_h^2, pmove=0.59
2026-06-02 20:16:45,103 - Step 03375: 8.6057 E_h, exp. variance=117.4907 E_h^2, pmove=0.60
2026-06-02 20:16:45,763 - Step 03376: 21.5146 E_h, exp. variance=112.2655 E_h^2, pmove=0.60
2026-06-02 20:16:46,423 - Step 03377: 8.7162 E_h, exp. variance=103.4129 E_h^2, pmove=0.60
2026-06-02 20:16:47,086 - Step 03378: 8.5935 E_h, exp. variance=95.0980 E_h^2, pmove=0.60
2026-06-02 20:16:47,746 - Step 03379: 9.4227 E_h, exp. variance=86.6541 E_h^2, pmove=0.60
2026-06-02 20:16:48,409 - Step 03380: 8.7523 E_h, exp. variance=79.2662 E_h^2, pmove=0.60
2026-06-02 20:16:49,070 - Step 03381: 8.5418 E_h, exp. variance=72.5068 E_h^2, pmove=0.60
2026-06-02 20:16:49,733 - Step 03382: 10.1247 E_h, exp. variance=65.5036 E_h^2, pmove=0.60
2026-06-02 20:16:50,394 - Step 03383: 8.5081 E_h, exp. variance=59.8232 E_h^2, pmove=0.60
2026-06-02 20:16:51,055 - Step 03384: 8.5492 E_h, exp. variance=54.5250 E_h^2, pmove=0.60
2026-06-02 20:16:51,716 - Step 03385: 8.7622 E_h, exp. variance=49.5355 E_h^2, pmove=0.60
2026-06-02 20:16:52,378 - Step 03386: 10.0946 E_h, exp. variance=44.6273 E_h^2, pmove=0.60
2026-06-02 20:16:53,045 - Step 03387: 15.9330 E_h, exp. variance=42.5983 E_h^2, pmove=0.60
2026-06-02 20:16:53,707 - Step 03388: 8.4237 E_h, exp. variance=39.0588 E_h^2, pmove=0.59
2026-06-02 20:16:54,368 - Step 03389: 9.2048 E_h, exp. variance=35.4333 E_h^2, pmove=0.60
2026-06-02 20:16:55,030 - Step 03390: 8.8598 E_h, exp. variance=32.2265 E_h^2, pmove=0.60
2026-06-02 20:16:55,692 - Step 03391: 16.3585 E_h, exp. variance=31.9882 E_h^2, pmove=0.60
2026-06-02 20:16:56,352 - Step 03392: 8.5027 E_h, exp. variance=29.4325 E_h^2, pmove=0.59
2026-06-02 20:16:57,026 - Step 03393: 12.4183 E_h, exp. variance=26.6944 E_h^2, pmove=0.60
2026-06-02 20:16:57,687 - Step 03394: 8.5366 E_h, exp. variance=24.5978 E_h^2, pmove=0.59
2026-06-02 20:16:58,350 - Step 03395: 8.9461 E_h, exp. variance=22.4498 E_h^2, pmove=0.60
2026-06-02 20:16:59,012 - Step 03396: 8.6507 E_h, exp. variance=20.5543 E_h^2, pmove=0.59
2026-06-02 20:16:59,671 - Step 03397: 11.9475 E_h, exp. variance=18.7077 E_h^2, pmove=0.60
2026-06-02 20:17:00,333 - Step 03398: 11.0842 E_h, exp. variance=16.8602 E_h^2, pmove=0.59
2026-06-02 20:17:00,993 - Step 03399: 9.8662 E_h, exp. variance=15.2263 E_h^2, pmove=0.59
2026-06-02 20:17:01,653 - Step 03400: 8.7249 E_h, exp. variance=14.0038 E_h^2, pmove=0.59
2026-06-02 20:17:02,313 - Step 03401: 8.5292 E_h, exp. variance=12.9079 E_h^2, pmove=0.59
2026-06-02 20:17:02,975 - Step 03402: 9.3969 E_h, exp. variance=11.6729 E_h^2, pmove=0.59
2026-06-02 20:17:03,638 - Step 03403: 8.6968 E_h, exp. variance=10.6843 E_h^2, pmove=0.60
2026-06-02 20:17:04,299 - Step 03404: 8.5116 E_h, exp. variance=9.8060 E_h^2, pmove=0.60
2026-06-02 20:17:04,959 - Step 03405: 21.6361 E_h, exp. variance=21.3922 E_h^2, pmove=0.60
2026-06-02 20:17:05,620 - Step 03406: 16.8487 E_h, exp. variance=22.3303 E_h^2, pmove=0.59
2026-06-02 20:17:06,280 - Step 03407: 8.5464 E_h, exp. variance=20.9288 E_h^2, pmove=0.59
2026-06-02 20:17:06,941 - Step 03408: 9.3328 E_h, exp. variance=19.1779 E_h^2, pmove=0.59
2026-06-02 20:17:07,603 - Step 03409: 8.6760 E_h, exp. variance=17.7833 E_h^2, pmove=0.60
2026-06-02 20:17:08,264 - Step 03410: 8.8137 E_h, exp. variance=16.3767 E_h^2, pmove=0.59
2026-06-02 20:17:08,927 - Step 03411: 11.2073 E_h, exp. variance=14.7677 E_h^2, pmove=0.60
2026-06-02 20:17:09,592 - Step 03412: 8.6276 E_h, exp. variance=13.6772 E_h^2, pmove=0.59
2026-06-02 20:17:10,253 - Step 03413: 9.2648 E_h, exp. variance=12.4450 E_h^2, pmove=0.59
2026-06-02 20:17:10,913 - Step 03414: 8.5118 E_h, exp. variance=11.5110 E_h^2, pmove=0.59
2026-06-02 20:17:11,573 - Step 03415: 8.5732 E_h, exp. variance=10.5933 E_h^2, pmove=0.60
2026-06-02 20:17:12,233 - Step 03416: 8.9674 E_h, exp. variance=9.6342 E_h^2, pmove=0.60
2026-06-02 20:17:12,895 - Step 03417: 8.5952 E_h, exp. variance=8.8280 E_h^2, pmove=0.60
2026-06-02 20:17:13,557 - Step 03418: 13.9894 E_h, exp. variance=9.5362 E_h^2, pmove=0.59
2026-06-02 20:17:14,218 - Step 03419: 8.9700 E_h, exp. variance=8.7200 E_h^2, pmove=0.59
2026-06-02 20:17:14,880 - Step 03420: 8.4956 E_h, exp. variance=8.0744 E_h^2, pmove=0.59
2026-06-02 20:17:15,544 - Step 03421: 8.4497 E_h, exp. variance=7.4623 E_h^2, pmove=0.59
2026-06-02 20:17:16,208 - Step 03422: 8.5360 E_h, exp. variance=6.8544 E_h^2, pmove=0.60
2026-06-02 20:17:16,871 - Step 03423: 12.4010 E_h, exp. variance=6.8492 E_h^2, pmove=0.60
2026-06-02 20:17:17,532 - Step 03424: 10.2941 E_h, exp. variance=6.1765 E_h^2, pmove=0.59
2026-06-02 20:17:18,196 - Step 03425: 13.0155 E_h, exp. variance=6.3971 E_h^2, pmove=0.59
2026-06-02 20:17:18,858 - Step 03426: 9.0558 E_h, exp. variance=5.8898 E_h^2, pmove=0.59
2026-06-02 20:17:19,520 - Step 03427: 8.9136 E_h, exp. variance=5.4378 E_h^2, pmove=0.60
2026-06-02 20:17:20,181 - Step 03428: 9.8920 E_h, exp. variance=4.8956 E_h^2, pmove=0.60
2026-06-02 20:17:20,846 - Step 03429: 9.8048 E_h, exp. variance=4.4099 E_h^2, pmove=0.60
2026-06-02 20:17:21,507 - Step 03430: 8.7512 E_h, exp. variance=4.1071 E_h^2, pmove=0.59
2026-06-02 20:17:22,169 - Step 03431: 8.6514 E_h, exp. variance=3.8292 E_h^2, pmove=0.59
2026-06-02 20:17:22,830 - Step 03432: 10.4351 E_h, exp. variance=3.4892 E_h^2, pmove=0.60
2026-06-02 20:17:23,492 - Step 03433: 8.8028 E_h, exp. variance=3.2322 E_h^2, pmove=0.59
2026-06-02 20:17:24,156 - Step 03434: 8.5758 E_h, exp. variance=3.0254 E_h^2, pmove=0.60
2026-06-02 20:17:24,816 - Step 03435: 10.0947 E_h, exp. variance=2.7449 E_h^2, pmove=0.60
2026-06-02 20:17:25,477 - Step 03436: 8.8164 E_h, exp. variance=2.5328 E_h^2, pmove=0.59
2026-06-02 20:17:26,139 - Step 03437: 8.5262 E_h, exp. variance=2.3767 E_h^2, pmove=0.59
2026-06-02 20:17:26,803 - Step 03438: 9.0315 E_h, exp. variance=2.1556 E_h^2, pmove=0.60
2026-06-02 20:17:27,464 - Step 03439: 9.3567 E_h, exp. variance=1.9404 E_h^2, pmove=0.60
2026-06-02 20:17:28,124 - Step 03440: 8.9922 E_h, exp. variance=1.7623 E_h^2, pmove=0.60
2026-06-02 20:17:28,785 - Step 03441: 8.4913 E_h, exp. variance=1.6556 E_h^2, pmove=0.60
2026-06-02 20:17:29,449 - Step 03442: 9.1698 E_h, exp. variance=1.4912 E_h^2, pmove=0.60
2026-06-02 20:17:30,111 - Step 03443: 23.8311 E_h, exp. variance=20.4215 E_h^2, pmove=0.60
2026-06-02 20:17:30,773 - Step 03444: 8.3768 E_h, exp. variance=18.8765 E_h^2, pmove=0.59
2026-06-02 20:17:31,435 - Step 03445: 8.6119 E_h, exp. variance=17.3070 E_h^2, pmove=0.61
2026-06-02 20:17:32,097 - Step 03446: 8.4624 E_h, exp. variance=15.8816 E_h^2, pmove=0.61
2026-06-02 20:17:32,763 - Step 03447: 8.4675 E_h, exp. variance=14.5392 E_h^2, pmove=0.60
2026-06-02 20:17:33,424 - Step 03448: 9.1631 E_h, exp. variance=13.1416 E_h^2, pmove=0.60
2026-06-02 20:17:34,085 - Step 03449: 9.3053 E_h, exp. variance=11.8567 E_h^2, pmove=0.60
2026-06-02 20:17:34,746 - Step 03450: 8.6706 E_h, exp. variance=10.7897 E_h^2, pmove=0.61
2026-06-02 20:17:35,411 - Step 03451: 8.4177 E_h, exp. variance=9.8595 E_h^2, pmove=0.60
2026-06-02 20:17:36,072 - Step 03452: 8.5302 E_h, exp. variance=8.9719 E_h^2, pmove=0.61
2026-06-02 20:17:36,733 - Step 03453: 8.6917 E_h, exp. variance=8.1293 E_h^2, pmove=0.61
2026-06-02 20:17:37,394 - Step 03454: 8.7434 E_h, exp. variance=7.3543 E_h^2, pmove=0.61
2026-06-02 20:17:38,058 - Step 03455: 11.5772 E_h, exp. variance=7.0742 E_h^2, pmove=0.60
2026-06-02 20:17:38,722 - Step 03456: 8.7254 E_h, exp. variance=6.4284 E_h^2, pmove=0.61
2026-06-02 20:17:39,382 - Step 03457: 8.7004 E_h, exp. variance=5.8389 E_h^2, pmove=0.61
2026-06-02 20:17:40,044 - Step 03458: 10.1800 E_h, exp. variance=5.3107 E_h^2, pmove=0.61
2026-06-02 20:17:40,708 - Step 03459: 10.3008 E_h, exp. variance=4.8415 E_h^2, pmove=0.60
2026-06-02 20:17:41,369 - Step 03460: 8.5822 E_h, exp. variance=4.4425 E_h^2, pmove=0.60
2026-06-02 20:17:42,031 - Step 03461: 9.3416 E_h, exp. variance=3.9994 E_h^2, pmove=0.60
2026-06-02 20:17:42,692 - Step 03462: 9.1618 E_h, exp. variance=3.6068 E_h^2, pmove=0.60
2026-06-02 20:17:43,353 - Step 03463: 8.4153 E_h, exp. variance=3.3364 E_h^2, pmove=0.60
2026-06-02 20:17:44,018 - Step 03464: 17.5452 E_h, exp. variance=9.0959 E_h^2, pmove=0.60
2026-06-02 20:17:44,681 - Step 03465: 8.6166 E_h, exp. variance=8.3951 E_h^2, pmove=0.60
2026-06-02 20:17:45,342 - Step 03466: 9.0485 E_h, exp. variance=7.6350 E_h^2, pmove=0.60
2026-06-02 20:17:46,003 - Step 03467: 8.8721 E_h, exp. variance=6.9654 E_h^2, pmove=0.60
2026-06-02 20:17:46,666 - Step 03468: 10.4237 E_h, exp. variance=6.3049 E_h^2, pmove=0.60
2026-06-02 20:17:47,328 - Step 03469: 8.8545 E_h, exp. variance=5.7644 E_h^2, pmove=0.60
2026-06-02 20:17:47,989 - Step 03470: 8.7446 E_h, exp. variance=5.2798 E_h^2, pmove=0.60
2026-06-02 20:17:48,650 - Step 03471: 8.3681 E_h, exp. variance=4.9006 E_h^2, pmove=0.60
2026-06-02 20:17:49,313 - Step 03472: 10.3515 E_h, exp. variance=4.4720 E_h^2, pmove=0.60
2026-06-02 20:17:49,974 - Step 03473: 8.4783 E_h, exp. variance=4.1396 E_h^2, pmove=0.60
2026-06-02 20:17:50,637 - Step 03474: 8.4606 E_h, exp. variance=3.8219 E_h^2, pmove=0.60
2026-06-02 20:17:51,298 - Step 03475: 11.6453 E_h, exp. variance=3.8969 E_h^2, pmove=0.60
2026-06-02 20:17:51,960 - Step 03476: 8.7757 E_h, exp. variance=3.5709 E_h^2, pmove=0.59
2026-06-02 20:17:52,621 - Step 03477: 21.2175 E_h, exp. variance=15.5019 E_h^2, pmove=0.60
2026-06-02 20:17:53,282 - Step 03478: 8.6078 E_h, exp. variance=14.3461 E_h^2, pmove=0.58
2026-06-02 20:17:53,943 - Step 03479: 8.4941 E_h, exp. variance=13.2707 E_h^2, pmove=0.60
2026-06-02 20:17:54,605 - Step 03480: 8.6087 E_h, exp. variance=12.1987 E_h^2, pmove=0.60
2026-06-02 20:17:55,268 - Step 03481: 8.4187 E_h, exp. variance=11.2405 E_h^2, pmove=0.60
2026-06-02 20:17:55,931 - Step 03482: 9.8517 E_h, exp. variance=10.1174 E_h^2, pmove=0.60
2026-06-02 20:17:56,594 - Step 03483: 10.9067 E_h, exp. variance=9.1892 E_h^2, pmove=0.60
2026-06-02 20:17:57,256 - Step 03484: 14.6098 E_h, exp. variance=10.1502 E_h^2, pmove=0.60
2026-06-02 20:17:57,920 - Step 03485: 8.4499 E_h, exp. variance=9.5122 E_h^2, pmove=0.57
2026-06-02 20:17:58,583 - Step 03486: 8.5145 E_h, exp. variance=8.8452 E_h^2, pmove=0.59
2026-06-02 20:17:59,246 - Step 03487: 13.0348 E_h, exp. variance=8.7285 E_h^2, pmove=0.59
2026-06-02 20:17:59,909 - Step 03488: 8.4872 E_h, exp. variance=8.1870 E_h^2, pmove=0.59
2026-06-02 20:18:00,574 - Step 03489: 8.5377 E_h, exp. variance=7.6213 E_h^2, pmove=0.59
2026-06-02 20:18:01,238 - Step 03490: 8.6757 E_h, exp. variance=7.0283 E_h^2, pmove=0.60
2026-06-02 20:18:01,902 - Step 03491: 8.6595 E_h, exp. variance=6.4661 E_h^2, pmove=0.60
2026-06-02 20:18:02,566 - Step 03492: 8.5933 E_h, exp. variance=5.9472 E_h^2, pmove=0.60
2026-06-02 20:18:03,229 - Step 03493: 8.5092 E_h, exp. variance=5.4728 E_h^2, pmove=0.60
2026-06-02 20:18:03,893 - Step 03494: 9.0926 E_h, exp. variance=4.9443 E_h^2, pmove=0.60
2026-06-02 20:18:04,556 - Step 03495: 8.6331 E_h, exp. variance=4.5182 E_h^2, pmove=0.60
2026-06-02 20:18:05,219 - Step 03496: 8.5473 E_h, exp. variance=4.1344 E_h^2, pmove=0.60
2026-06-02 20:18:05,882 - Step 03497: 8.3999 E_h, exp. variance=3.7988 E_h^2, pmove=0.61
2026-06-02 20:18:06,546 - Step 03498: 9.9787 E_h, exp. variance=3.4685 E_h^2, pmove=0.60
2026-06-02 20:18:07,209 - Step 03499: 8.5441 E_h, exp. variance=3.1746 E_h^2, pmove=0.60
2026-06-02 20:18:07,871 - Step 03500: 8.8441 E_h, exp. variance=2.8708 E_h^2, pmove=0.60
2026-06-02 20:18:08,546 - Step 03501: 9.8622 E_h, exp. variance=2.6238 E_h^2, pmove=0.60
2026-06-02 20:18:09,210 - Step 03502: 8.9721 E_h, exp. variance=2.3689 E_h^2, pmove=0.60
2026-06-02 20:18:09,873 - Step 03503: 8.6509 E_h, exp. variance=2.1626 E_h^2, pmove=0.59
2026-06-02 20:18:10,536 - Step 03504: 9.1625 E_h, exp. variance=1.9463 E_h^2, pmove=0.60
2026-06-02 20:18:11,199 - Step 03505: 8.5081 E_h, exp. variance=1.7915 E_h^2, pmove=0.60
2026-06-02 20:18:11,861 - Step 03506: 9.4422 E_h, exp. variance=1.6225 E_h^2, pmove=0.60
2026-06-02 20:18:12,523 - Step 03507: 8.5568 E_h, exp. variance=1.4909 E_h^2, pmove=0.60
2026-06-02 20:18:13,185 - Step 03508: 8.5468 E_h, exp. variance=1.3676 E_h^2, pmove=0.60
2026-06-02 20:18:13,847 - Step 03509: 9.5096 E_h, exp. variance=1.2517 E_h^2, pmove=0.61
2026-06-02 20:18:14,508 - Step 03510: 8.7257 E_h, exp. variance=1.1376 E_h^2, pmove=0.60
2026-06-02 20:18:15,170 - Step 03511: 8.4706 E_h, exp. variance=1.0532 E_h^2, pmove=0.60
2026-06-02 20:18:15,831 - Step 03512: 8.4181 E_h, exp. variance=0.9768 E_h^2, pmove=0.60
2026-06-02 20:18:16,493 - Step 03513: 8.6826 E_h, exp. variance=0.8845 E_h^2, pmove=0.60
2026-06-02 20:18:17,154 - Step 03514: 8.6339 E_h, exp. variance=0.8026 E_h^2, pmove=0.60
2026-06-02 20:18:17,815 - Step 03515: 9.2096 E_h, exp. variance=0.7323 E_h^2, pmove=0.60
2026-06-02 20:18:18,476 - Step 03516: 10.0067 E_h, exp. variance=0.7674 E_h^2, pmove=0.60
2026-06-02 20:18:19,137 - Step 03517: 9.6189 E_h, exp. variance=0.7230 E_h^2, pmove=0.60
2026-06-02 20:18:19,799 - Step 03518: 9.1472 E_h, exp. variance=0.6511 E_h^2, pmove=0.60
2026-06-02 20:18:20,463 - Step 03519: 9.1659 E_h, exp. variance=0.5866 E_h^2, pmove=0.60
2026-06-02 20:18:21,125 - Step 03520: 8.5102 E_h, exp. variance=0.5586 E_h^2, pmove=0.59
2026-06-02 20:18:21,788 - Step 03521: 8.4486 E_h, exp. variance=0.5338 E_h^2, pmove=0.60
2026-06-02 20:18:22,449 - Step 03522: 8.6365 E_h, exp. variance=0.4908 E_h^2, pmove=0.60
2026-06-02 20:18:23,111 - Step 03523: 9.0985 E_h, exp. variance=0.4439 E_h^2, pmove=0.60
2026-06-02 20:18:23,775 - Step 03524: 11.3010 E_h, exp. variance=0.8933 E_h^2, pmove=0.60
2026-06-02 20:18:24,437 - Step 03525: 8.7351 E_h, exp. variance=0.8229 E_h^2, pmove=0.59
2026-06-02 20:18:25,098 - Step 03526: 8.4532 E_h, exp. variance=0.7839 E_h^2, pmove=0.60
2026-06-02 20:18:25,759 - Step 03527: 8.6424 E_h, exp. variance=0.7226 E_h^2, pmove=0.60
2026-06-02 20:18:26,425 - Step 03528: 8.3643 E_h, exp. variance=0.6907 E_h^2, pmove=0.60
2026-06-02 20:18:27,089 - Step 03529: 8.5758 E_h, exp. variance=0.6354 E_h^2, pmove=0.60
2026-06-02 20:18:27,751 - Step 03530: 12.8011 E_h, exp. variance=1.9220 E_h^2, pmove=0.61
2026-06-02 20:18:28,412 - Step 03531: 9.2246 E_h, exp. variance=1.7305 E_h^2, pmove=0.60
2026-06-02 20:18:29,076 - Step 03532: 8.4901 E_h, exp. variance=1.6174 E_h^2, pmove=0.60
2026-06-02 20:18:29,738 - Step 03533: 8.6866 E_h, exp. variance=1.4817 E_h^2, pmove=0.60
2026-06-02 20:18:30,399 - Step 03534: 8.5010 E_h, exp. variance=1.3739 E_h^2, pmove=0.60
2026-06-02 20:18:31,061 - Step 03535: 8.5703 E_h, exp. variance=1.2622 E_h^2, pmove=0.59
2026-06-02 20:18:31,721 - Step 03536: 9.4082 E_h, exp. variance=1.1475 E_h^2, pmove=0.60
2026-06-02 20:18:32,387 - Step 03537: 12.2985 E_h, exp. variance=1.9614 E_h^2, pmove=0.60
2026-06-02 20:18:33,049 - Step 03538: 8.6413 E_h, exp. variance=1.8181 E_h^2, pmove=0.58
2026-06-02 20:18:33,710 - Step 03539: 8.8537 E_h, exp. variance=1.6568 E_h^2, pmove=0.59
2026-06-02 20:18:34,371 - Step 03540: 8.5845 E_h, exp. variance=1.5350 E_h^2, pmove=0.59
2026-06-02 20:18:35,034 - Step 03541: 8.5243 E_h, exp. variance=1.4242 E_h^2, pmove=0.59
2026-06-02 20:18:35,695 - Step 03542: 8.9910 E_h, exp. variance=1.2839 E_h^2, pmove=0.59
2026-06-02 20:18:36,358 - Step 03543: 8.5628 E_h, exp. variance=1.1844 E_h^2, pmove=0.59
2026-06-02 20:18:37,022 - Step 03544: 9.4860 E_h, exp. variance=1.0814 E_h^2, pmove=0.60
2026-06-02 20:18:37,686 - Step 03545: 8.5986 E_h, exp. variance=0.9971 E_h^2, pmove=0.59
2026-06-02 20:18:38,348 - Step 03546: 8.5442 E_h, exp. variance=0.9216 E_h^2, pmove=0.59
2026-06-02 20:18:39,010 - Step 03547: 9.1582 E_h, exp. variance=0.8314 E_h^2, pmove=0.60
2026-06-02 20:18:39,671 - Step 03548: 9.7360 E_h, exp. variance=0.7937 E_h^2, pmove=0.59
2026-06-02 20:18:40,334 - Step 03549: 9.0893 E_h, exp. variance=0.7143 E_h^2, pmove=0.59
2026-06-02 20:18:40,996 - Step 03550: 8.3898 E_h, exp. variance=0.6877 E_h^2, pmove=0.59
2026-06-02 20:18:41,657 - Step 03551: 8.5831 E_h, exp. variance=0.6365 E_h^2, pmove=0.60
2026-06-02 20:18:42,318 - Step 03552: 8.3824 E_h, exp. variance=0.6051 E_h^2, pmove=0.60
2026-06-02 20:18:42,980 - Step 03553: 8.3803 E_h, exp. variance=0.5709 E_h^2, pmove=0.60
2026-06-02 20:18:43,643 - Step 03554: 8.5402 E_h, exp. variance=0.5234 E_h^2, pmove=0.60
2026-06-02 20:18:44,306 - Step 03555: 8.3977 E_h, exp. variance=0.4882 E_h^2, pmove=0.60
2026-06-02 20:18:44,969 - Step 03556: 8.4205 E_h, exp. variance=0.4517 E_h^2, pmove=0.61
2026-06-02 20:18:45,631 - Step 03557: 8.3535 E_h, exp. variance=0.4210 E_h^2, pmove=0.61
2026-06-02 20:18:46,297 - Step 03558: 8.5528 E_h, exp. variance=0.3812 E_h^2, pmove=0.61
2026-06-02 20:18:46,960 - Step 03559: 8.4043 E_h, exp. variance=0.3508 E_h^2, pmove=0.61
2026-06-02 20:18:47,621 - Step 03560: 8.6611 E_h, exp. variance=0.3157 E_h^2, pmove=0.61
2026-06-02 20:18:48,282 - Step 03561: 8.7167 E_h, exp. variance=0.2844 E_h^2, pmove=0.61
2026-06-02 20:18:48,946 - Step 03562: 8.6568 E_h, exp. variance=0.2560 E_h^2, pmove=0.61
2026-06-02 20:18:49,608 - Step 03563: 8.4530 E_h, exp. variance=0.2346 E_h^2, pmove=0.61
2026-06-02 20:18:50,269 - Step 03564: 8.7602 E_h, exp. variance=0.2123 E_h^2, pmove=0.61
2026-06-02 20:18:50,931 - Step 03565: 9.2143 E_h, exp. variance=0.2187 E_h^2, pmove=0.61
2026-06-02 20:18:51,592 - Step 03566: 9.5924 E_h, exp. variance=0.2660 E_h^2, pmove=0.60
2026-06-02 20:18:52,255 - Step 03567: 8.6399 E_h, exp. variance=0.2418 E_h^2, pmove=0.60
2026-06-02 20:18:52,917 - Step 03568: 8.4946 E_h, exp. variance=0.2253 E_h^2, pmove=0.60
2026-06-02 20:18:53,579 - Step 03569: 8.4153 E_h, exp. variance=0.2133 E_h^2, pmove=0.60
2026-06-02 20:18:54,241 - Step 03570: 9.4491 E_h, exp. variance=0.2394 E_h^2, pmove=0.60
2026-06-02 20:18:54,905 - Step 03571: 8.6480 E_h, exp. variance=0.2174 E_h^2, pmove=0.60
2026-06-02 20:18:55,566 - Step 03572: 27.1570 E_h, exp. variance=30.5860 E_h^2, pmove=0.60
2026-06-02 20:18:56,227 - Step 03573: 8.4656 E_h, exp. variance=27.9447 E_h^2, pmove=0.59
2026-06-02 20:18:56,888 - Step 03574: 8.7467 E_h, exp. variance=25.3973 E_h^2, pmove=0.59
2026-06-02 20:18:57,553 - Step 03575: 8.4100 E_h, exp. variance=23.1582 E_h^2, pmove=0.60
2026-06-02 20:18:58,215 - Step 03576: 8.4373 E_h, exp. variance=21.0779 E_h^2, pmove=0.60
2026-06-02 20:18:58,876 - Step 03577: 9.0035 E_h, exp. variance=19.0414 E_h^2, pmove=0.60
2026-06-02 20:18:59,537 - Step 03578: 8.6991 E_h, exp. variance=17.2472 E_h^2, pmove=0.60
2026-06-02 20:19:00,202 - Step 03579: 8.4402 E_h, exp. variance=15.6639 E_h^2, pmove=0.60
2026-06-02 20:19:00,865 - Step 03580: 8.4785 E_h, exp. variance=14.2044 E_h^2, pmove=0.60
2026-06-02 20:19:01,527 - Step 03581: 8.5718 E_h, exp. variance=12.8549 E_h^2, pmove=0.60
2026-06-02 20:19:02,190 - Step 03582: 8.8030 E_h, exp. variance=11.5984 E_h^2, pmove=0.61
2026-06-02 20:19:02,852 - Step 03583: 8.7851 E_h, exp. variance=10.4637 E_h^2, pmove=0.60
2026-06-02 20:19:03,513 - Step 03584: 15.8889 E_h, exp. variance=13.3710 E_h^2, pmove=0.60
2026-06-02 20:19:04,175 - Step 03585: 8.6412 E_h, exp. variance=12.1819 E_h^2, pmove=0.60
2026-06-02 20:19:04,837 - Step 03586: 8.4198 E_h, exp. variance=11.1341 E_h^2, pmove=0.60
2026-06-02 20:19:05,499 - Step 03587: 12.4265 E_h, exp. variance=10.7105 E_h^2, pmove=0.60
2026-06-02 20:19:06,160 - Step 03588: 8.5660 E_h, exp. variance=9.8081 E_h^2, pmove=0.60
2026-06-02 20:19:06,822 - Step 03589: 8.5522 E_h, exp. variance=8.9670 E_h^2, pmove=0.60
2026-06-02 20:19:07,483 - Step 03590: 8.5391 E_h, exp. variance=8.1861 E_h^2, pmove=0.60
2026-06-02 20:19:08,145 - Step 03591: 8.8639 E_h, exp. variance=7.4111 E_h^2, pmove=0.61
2026-06-02 20:19:08,808 - Step 03592: 9.3972 E_h, exp. variance=6.6707 E_h^2, pmove=0.60
2026-06-02 20:19:09,471 - Step 03593: 9.1971 E_h, exp. variance=6.0109 E_h^2, pmove=0.60
2026-06-02 20:19:10,132 - Step 03594: 8.7303 E_h, exp. variance=5.4568 E_h^2, pmove=0.59
2026-06-02 20:19:10,793 - Step 03595: 8.8942 E_h, exp. variance=4.9324 E_h^2, pmove=0.60
2026-06-02 20:19:11,456 - Step 03596: 10.3850 E_h, exp. variance=4.5390 E_h^2, pmove=0.60
2026-06-02 20:19:12,119 - Step 03597: 16.4128 E_h, exp. variance=8.4646 E_h^2, pmove=0.60
2026-06-02 20:19:12,780 - Step 03598: 8.4470 E_h, exp. variance=7.8744 E_h^2, pmove=0.59
2026-06-02 20:19:13,441 - Step 03599: 8.7741 E_h, exp. variance=7.2148 E_h^2, pmove=0.60
2026-06-02 20:19:14,103 - Step 03600: 8.8881 E_h, exp. variance=6.5760 E_h^2, pmove=0.60
2026-06-02 20:19:14,765 - Step 03601: 8.8857 E_h, exp. variance=5.9858 E_h^2, pmove=0.60
2026-06-02 20:19:15,426 - Step 03602: 8.7537 E_h, exp. variance=5.4619 E_h^2, pmove=0.60
2026-06-02 20:19:16,087 - Step 03603: 8.4488 E_h, exp. variance=5.0295 E_h^2, pmove=0.60
2026-06-02 20:19:16,749 - Step 03604: 8.5042 E_h, exp. variance=4.6089 E_h^2, pmove=0.60
2026-06-02 20:19:17,412 - Step 03605: 8.6933 E_h, exp. variance=4.1886 E_h^2, pmove=0.61
2026-06-02 20:19:18,074 - Step 03606: 8.9497 E_h, exp. variance=3.7807 E_h^2, pmove=0.60
2026-06-02 20:19:18,736 - Step 03607: 8.5330 E_h, exp. variance=3.4506 E_h^2, pmove=0.59
2026-06-02 20:19:19,397 - Step 03608: 8.5846 E_h, exp. variance=3.1385 E_h^2, pmove=0.60
2026-06-02 20:19:20,072 - Step 03609: 8.5772 E_h, exp. variance=2.8521 E_h^2, pmove=0.60
2026-06-02 20:19:20,736 - Step 03610: 8.8243 E_h, exp. variance=2.5726 E_h^2, pmove=0.60
2026-06-02 20:19:21,398 - Step 03611: 8.4856 E_h, exp. variance=2.3439 E_h^2, pmove=0.60
2026-06-02 20:19:22,060 - Step 03612: 8.5328 E_h, exp. variance=2.1286 E_h^2, pmove=0.60
2026-06-02 20:19:22,719 - Step 03613: 8.6984 E_h, exp. variance=1.9213 E_h^2, pmove=0.60
2026-06-02 20:19:23,379 - Step 03614: 8.8843 E_h, exp. variance=1.7293 E_h^2, pmove=0.60
2026-06-02 20:19:24,039 - Step 03615: 8.4453 E_h, exp. variance=1.5765 E_h^2, pmove=0.60
2026-06-02 20:19:24,698 - Step 03616: 8.5020 E_h, exp. variance=1.4311 E_h^2, pmove=0.60
2026-06-02 20:19:25,359 - Step 03617: 8.4770 E_h, exp. variance=1.2995 E_h^2, pmove=0.60
2026-06-02 20:19:26,020 - Step 03618: 8.7567 E_h, exp. variance=1.1697 E_h^2, pmove=0.61
2026-06-02 20:19:26,680 - Step 03619: 21.6001 E_h, exp. variance=15.8118 E_h^2, pmove=0.61
2026-06-02 20:19:27,340 - Step 03620: 10.2910 E_h, exp. variance=14.2348 E_h^2, pmove=0.60
2026-06-02 20:19:28,000 - Step 03621: 8.5188 E_h, exp. variance=13.0353 E_h^2, pmove=0.59
2026-06-02 20:19:28,659 - Step 03622: 12.5136 E_h, exp. variance=12.3285 E_h^2, pmove=0.60
2026-06-02 20:19:29,319 - Step 03623: 9.3759 E_h, exp. variance=11.1562 E_h^2, pmove=0.59
2026-06-02 20:19:29,979 - Step 03624: 9.3547 E_h, exp. variance=10.0925 E_h^2, pmove=0.59
2026-06-02 20:19:30,640 - Step 03625: 9.8830 E_h, exp. variance=9.0854 E_h^2, pmove=0.59
2026-06-02 20:19:31,302 - Step 03626: 11.5850 E_h, exp. variance=8.3966 E_h^2, pmove=0.60
2026-06-02 20:19:31,968 - Step 03627: 9.5017 E_h, exp. variance=7.5982 E_h^2, pmove=0.59
2026-06-02 20:19:32,629 - Step 03628: 10.2468 E_h, exp. variance=6.8400 E_h^2, pmove=0.59
2026-06-02 20:19:33,291 - Step 03629: 8.4080 E_h, exp. variance=6.4213 E_h^2, pmove=0.59
2026-06-02 20:19:33,952 - Step 03630: 8.6005 E_h, exp. variance=5.9438 E_h^2, pmove=0.59
2026-06-02 20:19:34,616 - Step 03631: 10.0889 E_h, exp. variance=5.3560 E_h^2, pmove=0.60
2026-06-02 20:19:35,278 - Step 03632: 8.8451 E_h, exp. variance=4.9104 E_h^2, pmove=0.59
2026-06-02 20:19:35,939 - Step 03633: 8.6895 E_h, exp. variance=4.5196 E_h^2, pmove=0.60
2026-06-02 20:19:36,600 - Step 03634: 8.4470 E_h, exp. variance=4.1956 E_h^2, pmove=0.60
2026-06-02 20:19:37,265 - Step 03635: 8.4583 E_h, exp. variance=3.8775 E_h^2, pmove=0.60
2026-06-02 20:19:37,930 - Step 03636: 9.7381 E_h, exp. variance=3.4992 E_h^2, pmove=0.60
2026-06-02 20:19:38,591 - Step 03637: 8.4625 E_h, exp. variance=3.2364 E_h^2, pmove=0.59
2026-06-02 20:19:39,252 - Step 03638: 8.8183 E_h, exp. variance=2.9380 E_h^2, pmove=0.60
2026-06-02 20:19:39,913 - Step 03639: 8.5530 E_h, exp. variance=2.6938 E_h^2, pmove=0.60
2026-06-02 20:19:40,577 - Step 03640: 14.0907 E_h, exp. variance=4.5588 E_h^2, pmove=0.60
2026-06-02 20:19:41,239 - Step 03641: 8.7117 E_h, exp. variance=4.1922 E_h^2, pmove=0.60
2026-06-02 20:19:41,900 - Step 03642: 8.5165 E_h, exp. variance=3.8803 E_h^2, pmove=0.60
2026-06-02 20:19:42,561 - Step 03643: 8.3998 E_h, exp. variance=3.6010 E_h^2, pmove=0.60
2026-06-02 20:19:43,225 - Step 03644: 8.4548 E_h, exp. variance=3.3195 E_h^2, pmove=0.60
2026-06-02 20:19:43,887 - Step 03645: 8.4133 E_h, exp. variance=3.0576 E_h^2, pmove=0.60
2026-06-02 20:19:44,550 - Step 03646: 8.4887 E_h, exp. variance=2.7983 E_h^2, pmove=0.60
2026-06-02 20:19:45,210 - Step 03647: 8.8921 E_h, exp. variance=2.5238 E_h^2, pmove=0.61
2026-06-02 20:19:45,873 - Step 03648: 8.7272 E_h, exp. variance=2.2847 E_h^2, pmove=0.60
2026-06-02 20:19:46,534 - Step 03649: 8.3832 E_h, exp. variance=2.0991 E_h^2, pmove=0.61
2026-06-02 20:19:47,193 - Step 03650: 8.3846 E_h, exp. variance=1.9237 E_h^2, pmove=0.61
2026-06-02 20:19:47,852 - Step 03651: 14.7007 E_h, exp. variance=4.7160 E_h^2, pmove=0.61
2026-06-02 20:19:48,512 - Step 03652: 8.4588 E_h, exp. variance=4.3454 E_h^2, pmove=0.60
2026-06-02 20:19:49,174 - Step 03653: 8.3857 E_h, exp. variance=4.0056 E_h^2, pmove=0.60
2026-06-02 20:19:49,835 - Step 03654: 8.9261 E_h, exp. variance=3.6182 E_h^2, pmove=0.61
2026-06-02 20:19:50,494 - Step 03655: 8.4430 E_h, exp. variance=3.3181 E_h^2, pmove=0.60
2026-06-02 20:19:51,154 - Step 03656: 9.0020 E_h, exp. variance=2.9894 E_h^2, pmove=0.60
2026-06-02 20:19:51,817 - Step 03657: 9.7724 E_h, exp. variance=2.7232 E_h^2, pmove=0.60
2026-06-02 20:19:52,478 - Step 03658: 8.6948 E_h, exp. variance=2.4766 E_h^2, pmove=0.60
2026-06-02 20:19:53,138 - Step 03659: 9.1238 E_h, exp. variance=2.2292 E_h^2, pmove=0.61
2026-06-02 20:19:53,798 - Step 03660: 8.7087 E_h, exp. variance=2.0255 E_h^2, pmove=0.60
2026-06-02 20:19:54,460 - Step 03661: 17.4659 E_h, exp. variance=8.0846 E_h^2, pmove=0.60
2026-06-02 20:19:55,120 - Step 03662: 8.5095 E_h, exp. variance=7.4653 E_h^2, pmove=0.60
2026-06-02 20:19:55,781 - Step 03663: 8.5290 E_h, exp. variance=6.8674 E_h^2, pmove=0.60
2026-06-02 20:19:56,441 - Step 03664: 8.6632 E_h, exp. variance=6.2747 E_h^2, pmove=0.60
2026-06-02 20:19:57,105 - Step 03665: 8.8566 E_h, exp. variance=5.6947 E_h^2, pmove=0.61
2026-06-02 20:19:57,766 - Step 03666: 8.7152 E_h, exp. variance=5.1822 E_h^2, pmove=0.60
2026-06-02 20:19:58,428 - Step 03667: 8.5751 E_h, exp. variance=4.7299 E_h^2, pmove=0.60
2026-06-02 20:19:59,090 - Step 03668: 832.6588 E_h, exp. variance=61010.2969 E_h^2, pmove=0.61
2026-06-02 20:19:59,751 - Step 03669: 8.5785 E_h, exp. variance=55530.7422 E_h^2, pmove=0.60
2026-06-02 20:20:00,416 - Step 03670: 12.4857 E_h, exp. variance=50429.8398 E_h^2, pmove=0.61
2026-06-02 20:20:01,076 - Step 03671: 11.1595 E_h, exp. variance=45768.5039 E_h^2, pmove=0.60
2026-06-02 20:20:01,737 - Step 03672: 8.5817 E_h, exp. variance=41528.5781 E_h^2, pmove=0.60
2026-06-02 20:20:02,398 - Step 03673: 8.7231 E_h, exp. variance=37647.2305 E_h^2, pmove=0.60
2026-06-02 20:20:03,061 - Step 03674: 12.8648 E_h, exp. variance=34067.1211 E_h^2, pmove=0.60
2026-06-02 20:20:03,723 - Step 03675: 10.7502 E_h, exp. variance=30825.8633 E_h^2, pmove=0.60
2026-06-02 20:20:04,383 - Step 03676: 8.6447 E_h, exp. variance=27892.3203 E_h^2, pmove=0.59
2026-06-02 20:20:05,042 - Step 03677: 8.5974 E_h, exp. variance=25224.1250 E_h^2, pmove=0.60
2026-06-02 20:20:05,706 - Step 03678: 8.6367 E_h, exp. variance=22799.5176 E_h^2, pmove=0.60
2026-06-02 20:20:06,366 - Step 03679: 21.9575 E_h, exp. variance=20543.6191 E_h^2, pmove=0.60
2026-06-02 20:20:06,366 - Saving checkpoint results/bilayer-bosons/BosonNet/N24_layers12_12_rs3.0_d4.0_D20.0_sq/qmcjax_ckpt_003679.npz
2026-06-02 20:20:07,068 - Step 03680: 8.6833 E_h, exp. variance=18559.7559 E_h^2, pmove=0.59
2026-06-02 20:20:07,729 - Step 03681: 8.9068 E_h, exp. variance=16759.8750 E_h^2, pmove=0.59
2026-06-02 20:20:08,389 - Step 03682: 8.6892 E_h, exp. variance=15130.2070 E_h^2, pmove=0.60
2026-06-02 20:20:09,051 - Step 03683: 13.5238 E_h, exp. variance=13639.0420 E_h^2, pmove=0.60
2026-06-02 20:20:09,711 - Step 03684: 8.5529 E_h, exp. variance=12307.6133 E_h^2, pmove=0.59
2026-06-02 20:20:10,370 - Step 03685: 8.4779 E_h, exp. variance=11103.3887 E_h^2, pmove=0.60
2026-06-02 20:20:11,030 - Step 03686: 8.4793 E_h, exp. variance=10014.5410 E_h^2, pmove=0.60
2026-06-02 20:20:11,691 - Step 03687: 9.3463 E_h, exp. variance=9028.3906 E_h^2, pmove=0.60
2026-06-02 20:20:12,352 - Step 03688: 8.5573 E_h, exp. variance=8139.6709 E_h^2, pmove=0.60
2026-06-02 20:20:13,013 - Step 03689: 9.4806 E_h, exp. variance=7335.3438 E_h^2, pmove=0.60
2026-06-02 20:20:13,674 - Step 03690: 9.1761 E_h, exp. variance=6610.1367 E_h^2, pmove=0.60
2026-06-02 20:20:14,335 - Step 03691: 9.2302 E_h, exp. variance=5955.7842 E_h^2, pmove=0.59
2026-06-02 20:20:14,996 - Step 03692: 11.1638 E_h, exp. variance=5363.2427 E_h^2, pmove=0.59
2026-06-02 20:20:15,658 - Step 03693: 8.7806 E_h, exp. variance=4832.1323 E_h^2, pmove=0.59
2026-06-02 20:20:16,320 - Step 03694: 8.4182 E_h, exp. variance=4353.6011 E_h^2, pmove=0.60
2026-06-02 20:20:16,980 - Step 03695: 8.4510 E_h, exp. variance=3921.9951 E_h^2, pmove=0.60
2026-06-02 20:20:17,642 - Step 03696: 9.2634 E_h, exp. variance=3532.0459 E_h^2, pmove=0.60
2026-06-02 20:20:18,303 - Step 03697: 9.0538 E_h, exp. variance=3180.8376 E_h^2, pmove=0.60
2026-06-02 20:20:18,965 - Step 03698: 8.4464 E_h, exp. variance=2864.8677 E_h^2, pmove=0.61
2026-06-02 20:20:19,625 - Step 03699: 10.7799 E_h, exp. variance=2578.7510 E_h^2, pmove=0.60
2026-06-02 20:20:20,286 - Step 03700: 8.5288 E_h, exp. variance=2322.3716 E_h^2, pmove=0.60
2026-06-02 20:20:20,947 - Step 03701: 9.1432 E_h, exp. variance=2090.9739 E_h^2, pmove=0.60
2026-06-02 20:20:21,608 - Step 03702: 8.6909 E_h, exp. variance=1882.7988 E_h^2, pmove=0.60
2026-06-02 20:20:22,270 - Step 03703: 8.3757 E_h, exp. variance=1695.4385 E_h^2, pmove=0.60
2026-06-02 20:20:22,932 - Step 03704: 9.0733 E_h, exp. variance=1526.3219 E_h^2, pmove=0.60
2026-06-02 20:20:23,593 - Step 03705: 8.4106 E_h, exp. variance=1374.3093 E_h^2, pmove=0.60
2026-06-02 20:20:24,253 - Step 03706: 8.3424 E_h, exp. variance=1237.4097 E_h^2, pmove=0.60
2026-06-02 20:20:24,915 - Step 03707: 8.4996 E_h, exp. variance=1114.0393 E_h^2, pmove=0.60
2026-06-02 20:20:25,578 - Step 03708: 8.4080 E_h, exp. variance=1002.9665 E_h^2, pmove=0.61
2026-06-02 20:20:26,240 - Step 03709: 8.4545 E_h, exp. variance=902.9238 E_h^2, pmove=0.61
2026-06-02 20:20:26,901 - Step 03710: 8.4642 E_h, exp. variance=812.8345 E_h^2, pmove=0.60
2026-06-02 20:20:27,562 - Step 03711: 35.2695 E_h, exp. variance=789.8594 E_h^2, pmove=0.61
2026-06-02 20:20:28,222 - Step 03712: 8.4628 E_h, exp. variance=712.2414 E_h^2, pmove=0.60
2026-06-02 20:20:28,883 - Step 03713: 8.5134 E_h, exp. variance=642.0936 E_h^2, pmove=0.60
2026-06-02 20:20:29,544 - Step 03714: 10.4776 E_h, exp. variance=578.0029 E_h^2, pmove=0.60
2026-06-02 20:20:30,206 - Step 03715: 8.8410 E_h, exp. variance=520.8442 E_h^2, pmove=0.59
2026-06-02 20:20:30,881 - Step 03716: 8.6274 E_h, exp. variance=469.3759 E_h^2, pmove=0.60
2026-06-02 20:20:31,544 - Step 03717: 8.4091 E_h, exp. variance=423.0343 E_h^2, pmove=0.60
2026-06-02 20:20:32,204 - Step 03718: 8.5664 E_h, exp. variance=381.1502 E_h^2, pmove=0.60
2026-06-02 20:20:32,865 - Step 03719: 10.1548 E_h, exp. variance=343.0465 E_h^2, pmove=0.61
2026-06-02 20:20:33,525 - Step 03720: 9.9096 E_h, exp. variance=308.7705 E_h^2, pmove=0.60
2026-06-02 20:20:34,186 - Step 03721: 8.4347 E_h, exp. variance=278.2472 E_h^2, pmove=0.60
2026-06-02 20:20:34,847 - Step 03722: 8.6424 E_h, exp. variance=250.6462 E_h^2, pmove=0.60
2026-06-02 20:20:35,508 - Step 03723: 8.5016 E_h, exp. variance=225.8005 E_h^2, pmove=0.60
2026-06-02 20:20:36,170 - Step 03724: 8.5979 E_h, exp. variance=203.3743 E_h^2, pmove=0.60
2026-06-02 20:20:37,683 - Step 03725: 8.6328 E_h, exp. variance=183.1542 E_h^2, pmove=0.60
2026-06-02 20:20:38,344 - Step 03726: 9.3974 E_h, exp. variance=164.8450 E_h^2, pmove=0.60
2026-06-02 20:20:39,006 - Step 03727: 8.9881 E_h, exp. variance=148.3981 E_h^2, pmove=0.60
2026-06-02 20:20:39,666 - Step 03728: 8.4285 E_h, exp. variance=133.6755 E_h^2, pmove=0.60
2026-06-02 20:20:40,328 - Step 03729: 8.8172 E_h, exp. variance=120.3446 E_h^2, pmove=0.60
2026-06-02 20:20:40,989 - Step 03730: 8.6180 E_h, exp. variance=108.3640 E_h^2, pmove=0.60
2026-06-02 20:20:41,650 - Step 03731: 8.4147 E_h, exp. variance=97.6004 E_h^2, pmove=0.60
2026-06-02 20:20:42,311 - Step 03732: 8.6201 E_h, exp. variance=87.8732 E_h^2, pmove=0.60
2026-06-02 20:20:42,975 - Step 03733: 8.4404 E_h, exp. variance=79.1330 E_h^2, pmove=0.61
2026-06-02 20:20:43,636 - Step 03734: 9.2840 E_h, exp. variance=71.2231 E_h^2, pmove=0.61
2026-06-02 20:20:44,298 - Step 03735: 10.8206 E_h, exp. variance=64.3639 E_h^2, pmove=0.61
2026-06-02 20:20:44,960 - Step 03736: 8.4454 E_h, exp. variance=57.9904 E_h^2, pmove=0.60
2026-06-02 20:20:45,623 - Step 03737: 8.6531 E_h, exp. variance=52.2181 E_h^2, pmove=0.60
2026-06-02 20:20:46,284 - Step 03738: 12.0073 E_h, exp. variance=47.7344 E_h^2, pmove=0.60
2026-06-02 20:20:46,945 - Step 03739: 8.5376 E_h, exp. variance=43.0326 E_h^2, pmove=0.60
2026-06-02 20:20:47,607 - Step 03740: 8.5953 E_h, exp. variance=38.7794 E_h^2, pmove=0.60
2026-06-02 20:20:48,272 - Step 03741: 8.5388 E_h, exp. variance=34.9491 E_h^2, pmove=0.60
2026-06-02 20:20:48,935 - Step 03742: 12.3903 E_h, exp. variance=32.3739 E_h^2, pmove=0.60
2026-06-02 20:20:49,596 - Step 03743: 8.8597 E_h, exp. variance=29.1749 E_h^2, pmove=0.60
2026-06-02 20:20:50,257 - Step 03744: 8.3437 E_h, exp. variance=26.3671 E_h^2, pmove=0.61
2026-06-02 20:20:50,922 - Step 03745: 23.2496 E_h, exp. variance=41.1499 E_h^2, pmove=0.60
2026-06-02 20:20:51,584 - Step 03746: 16.8864 E_h, exp. variance=40.4476 E_h^2, pmove=0.60
2026-06-02 20:20:52,244 - Step 03747: 9.9128 E_h, exp. variance=36.5873 E_h^2, pmove=0.59
2026-06-02 20:20:52,905 - Step 03748: 8.4046 E_h, exp. variance=33.6324 E_h^2, pmove=0.60
2026-06-02 20:20:53,566 - Step 03749: 8.3933 E_h, exp. variance=30.8445 E_h^2, pmove=0.61
2026-06-02 20:20:54,229 - Step 03750: 18.6313 E_h, exp. variance=33.4662 E_h^2, pmove=0.61
2026-06-02 20:20:54,890 - Step 03751: 19.9609 E_h, exp. variance=36.6159 E_h^2, pmove=0.61
2026-06-02 20:20:55,550 - Step 03752: 8.7073 E_h, exp. variance=34.1254 E_h^2, pmove=0.60
2026-06-02 20:20:56,211 - Step 03753: 8.6475 E_h, exp. variance=31.6967 E_h^2, pmove=0.60
2026-06-02 20:20:56,875 - Step 03754: 8.5920 E_h, exp. variance=29.3540 E_h^2, pmove=0.60
2026-06-02 20:20:57,536 - Step 03755: 8.4965 E_h, exp. variance=27.1362 E_h^2, pmove=0.60
2026-06-02 20:20:58,197 - Step 03756: 164.7987 E_h, exp. variance=2152.2400 E_h^2, pmove=0.60
2026-06-02 20:20:58,858 - Step 03757: 9.6633 E_h, exp. variance=1962.2681 E_h^2, pmove=0.60
2026-06-02 20:20:59,521 - Step 03758: 8.8132 E_h, exp. variance=1788.8676 E_h^2, pmove=0.59
2026-06-02 20:21:00,184 - Step 03759: 8.5707 E_h, exp. variance=1629.1010 E_h^2, pmove=0.60
2026-06-02 20:21:00,846 - Step 03760: 9.4405 E_h, exp. variance=1479.6924 E_h^2, pmove=0.60
2026-06-02 20:21:01,507 - Step 03761: 8.4849 E_h, exp. variance=1344.6378 E_h^2, pmove=0.59
2026-06-02 20:21:02,168 - Step 03762: 8.5232 E_h, exp. variance=1220.5607 E_h^2, pmove=0.60
2026-06-02 20:21:02,831 - Step 03763: 8.9321 E_h, exp. variance=1106.2212 E_h^2, pmove=0.60
2026-06-02 20:21:03,492 - Step 03764: 8.9800 E_h, exp. variance=1001.7779 E_h^2, pmove=0.60
2026-06-02 20:21:04,152 - Step 03765: 8.8072 E_h, exp. variance=906.8395 E_h^2, pmove=0.60
2026-06-02 20:21:04,813 - Step 03766: 8.8625 E_h, exp. variance=820.3315 E_h^2, pmove=0.60
2026-06-02 20:21:05,476 - Step 03767: 16.6906 E_h, exp. variance=738.5577 E_h^2, pmove=0.60
2026-06-02 20:21:06,138 - Step 03768: 8.9079 E_h, exp. variance=668.2230 E_h^2, pmove=0.60
2026-06-02 20:21:06,808 - Step 03769: 8.9165 E_h, exp. variance=604.2440 E_h^2, pmove=0.60
2026-06-02 20:21:07,469 - Step 03770: 8.5442 E_h, exp. variance=546.4742 E_h^2, pmove=0.59
2026-06-02 20:21:08,131 - Step 03771: 8.8858 E_h, exp. variance=493.6869 E_h^2, pmove=0.60
2026-06-02 20:21:08,792 - Step 03772: 8.5053 E_h, exp. variance=446.1182 E_h^2, pmove=0.60
2026-06-02 20:21:09,453 - Step 03773: 8.6683 E_h, exp. variance=402.8487 E_h^2, pmove=0.60
2026-06-02 20:21:10,114 - Step 03774: 9.7225 E_h, exp. variance=363.0916 E_h^2, pmove=0.60
2026-06-02 20:21:10,776 - Step 03775: 9.1646 E_h, exp. variance=327.4568 E_h^2, pmove=0.60
2026-06-02 20:21:11,441 - Step 03776: 8.3408 E_h, exp. variance=295.6837 E_h^2, pmove=0.60
2026-06-02 20:21:12,101 - Step 03777: 8.3181 E_h, exp. variance=266.9153 E_h^2, pmove=0.60
2026-06-02 20:21:12,761 - Step 03778: 12.4731 E_h, exp. variance=240.4187 E_h^2, pmove=0.60
2026-06-02 20:21:13,422 - Step 03779: 8.3899 E_h, exp. variance=217.0617 E_h^2, pmove=0.60
2026-06-02 20:21:14,086 - Step 03780: 8.3834 E_h, exp. variance=195.9131 E_h^2, pmove=0.60
2026-06-02 20:21:14,748 - Step 03781: 8.9998 E_h, exp. variance=176.5591 E_h^2, pmove=0.61
2026-06-02 20:21:15,408 - Step 03782: 9.6599 E_h, exp. variance=158.9610 E_h^2, pmove=0.61
2026-06-02 20:21:16,067 - Step 03783: 8.6190 E_h, exp. variance=143.3444 E_h^2, pmove=0.60
2026-06-02 20:21:16,732 - Step 03784: 8.4669 E_h, exp. variance=129.2818 E_h^2, pmove=0.60
2026-06-02 20:21:17,394 - Step 03785: 8.6463 E_h, exp. variance=116.5263 E_h^2, pmove=0.60
2026-06-02 20:21:18,056 - Step 03786: 8.4217 E_h, exp. variance=105.0684 E_h^2, pmove=0.60
2026-06-02 20:21:18,717 - Step 03787: 12.1152 E_h, exp. variance=95.0669 E_h^2, pmove=0.60
2026-06-02 20:21:19,389 - Step 03788: 26.6057 E_h, exp. variance=110.4297 E_h^2, pmove=0.59
2026-06-02 20:21:20,050 - Step 03789: 10.4023 E_h, exp. variance=99.5257 E_h^2, pmove=0.59
2026-06-02 20:21:20,712 - Step 03790: 9.5385 E_h, exp. variance=89.9267 E_h^2, pmove=0.60
2026-06-02 20:21:21,373 - Step 03791: 8.3023 E_h, exp. variance=81.7549 E_h^2, pmove=0.59
2026-06-02 20:21:22,036 - Step 03792: 8.3858 E_h, exp. variance=74.2041 E_h^2, pmove=0.60
2026-06-02 20:21:22,700 - Step 03793: 8.3515 E_h, exp. variance=67.3044 E_h^2, pmove=0.60
2026-06-02 20:21:23,362 - Step 03794: 8.4351 E_h, exp. variance=60.9638 E_h^2, pmove=0.61
2026-06-02 20:21:24,025 - Step 03795: 8.3710 E_h, exp. variance=55.2052 E_h^2, pmove=0.61
2026-06-02 20:21:24,688 - Step 03796: 8.5302 E_h, exp. variance=49.9106 E_h^2, pmove=0.61
2026-06-02 20:21:25,352 - Step 03797: 8.8193 E_h, exp. variance=45.0358 E_h^2, pmove=0.61
2026-06-02 20:21:26,013 - Step 03798: 11.2539 E_h, exp. variance=40.7116 E_h^2, pmove=0.61
2026-06-02 20:21:26,674 - Step 03799: 8.4090 E_h, exp. variance=36.8635 E_h^2, pmove=0.60
2026-06-02 20:21:27,334 - Step 03800: 8.4446 E_h, exp. variance=33.3489 E_h^2, pmove=0.60
2026-06-02 20:21:27,994 - Step 03801: 9.8972 E_h, exp. variance=30.0180 E_h^2, pmove=0.60
2026-06-02 20:21:28,654 - Step 03802: 8.9078 E_h, exp. variance=27.0739 E_h^2, pmove=0.61
2026-06-02 20:21:29,316 - Step 03803: 8.8547 E_h, exp. variance=24.4205 E_h^2, pmove=0.60
2026-06-02 20:21:29,977 - Step 03804: 19.5820 E_h, exp. variance=31.0337 E_h^2, pmove=0.60
2026-06-02 20:21:30,638 - Step 03805: 8.6316 E_h, exp. variance=28.2631 E_h^2, pmove=0.59
2026-06-02 20:21:31,299 - Step 03806: 8.6386 E_h, exp. variance=25.7041 E_h^2, pmove=0.60
2026-06-02 20:21:31,962 - Step 03807: 8.4864 E_h, exp. variance=23.3948 E_h^2, pmove=0.60
2026-06-02 20:21:32,621 - Step 03808: 8.7282 E_h, exp. variance=21.2054 E_h^2, pmove=0.61
2026-06-02 20:21:33,281 - Step 03809: 9.7728 E_h, exp. variance=19.0861 E_h^2, pmove=0.60
2026-06-02 20:21:33,943 - Step 03810: 8.4751 E_h, exp. variance=17.3548 E_h^2, pmove=0.60
2026-06-02 20:21:34,603 - Step 03811: 12.1058 E_h, exp. variance=16.1238 E_h^2, pmove=0.60
2026-06-02 20:21:35,265 - Step 03812: 8.4389 E_h, exp. variance=14.7238 E_h^2, pmove=0.60
2026-06-02 20:21:35,926 - Step 03813: 8.6931 E_h, exp. variance=13.3660 E_h^2, pmove=0.60
2026-06-02 20:21:36,589 - Step 03814: 8.6193 E_h, exp. variance=12.1361 E_h^2, pmove=0.60
2026-06-02 20:21:37,252 - Step 03815: 9.0033 E_h, exp. variance=10.9545 E_h^2, pmove=0.61
2026-06-02 20:21:37,913 - Step 03816: 8.3539 E_h, exp. variance=9.9857 E_h^2, pmove=0.61
2026-06-02 20:21:38,575 - Step 03817: 8.4264 E_h, exp. variance=9.0762 E_h^2, pmove=0.61
2026-06-02 20:21:39,241 - Step 03818: 8.4668 E_h, exp. variance=8.2344 E_h^2, pmove=0.61
2026-06-02 20:21:39,904 - Step 03819: 8.7345 E_h, exp. variance=7.4336 E_h^2, pmove=0.60
2026-06-02 20:21:40,563 - Step 03820: 8.7450 E_h, exp. variance=6.7078 E_h^2, pmove=0.60
2026-06-02 20:21:41,224 - Step 03821: 8.4029 E_h, exp. variance=6.0862 E_h^2, pmove=0.61
2026-06-02 20:21:41,885 - Step 03822: 8.3970 E_h, exp. variance=5.5181 E_h^2, pmove=0.61
2026-06-02 20:21:42,547 - Step 03823: 8.3922 E_h, exp. variance=4.9997 E_h^2, pmove=0.61
2026-06-02 20:21:43,207 - Step 03824: 8.4334 E_h, exp. variance=4.5228 E_h^2, pmove=0.61
2026-06-02 20:21:43,868 - Step 03825: 8.4605 E_h, exp. variance=4.0871 E_h^2, pmove=0.61
2026-06-02 20:21:44,529 - Step 03826: 9.0239 E_h, exp. variance=3.6812 E_h^2, pmove=0.61
2026-06-02 20:21:45,189 - Step 03827: 8.8717 E_h, exp. variance=3.3131 E_h^2, pmove=0.61
2026-06-02 20:21:45,849 - Step 03828: 8.5546 E_h, exp. variance=2.9905 E_h^2, pmove=0.60
2026-06-02 20:21:46,509 - Step 03829: 13.5696 E_h, exp. variance=4.7097 E_h^2, pmove=0.61
2026-06-02 20:21:47,169 - Step 03830: 1200.7098 E_h, exp. variance=127753.7578 E_h^2, pmove=0.60
2026-06-02 20:21:47,830 - Step 03831: 8.4842 E_h, exp. variance=116273.5938 E_h^2, pmove=0.59
2026-06-02 20:21:48,490 - Step 03832: 8.7476 E_h, exp. variance=105690.2422 E_h^2, pmove=0.60
2026-06-02 20:21:49,150 - Step 03833: 8.4391 E_h, exp. variance=95972.2578 E_h^2, pmove=0.60
2026-06-02 20:21:49,810 - Step 03834: 8.7071 E_h, exp. variance=87060.1562 E_h^2, pmove=0.60
2026-06-02 20:21:50,471 - Step 03835: 8.5760 E_h, exp. variance=78910.9453 E_h^2, pmove=0.60
2026-06-02 20:21:51,131 - Step 03836: 9.6076 E_h, exp. variance=71457.8125 E_h^2, pmove=0.60
2026-06-02 20:21:51,791 - Step 03837: 8.4805 E_h, exp. variance=64679.6289 E_h^2, pmove=0.60
2026-06-02 20:21:52,451 - Step 03838: 8.4540 E_h, exp. variance=58509.6992 E_h^2, pmove=0.60
2026-06-02 20:21:53,111 - Step 03839: 8.3746 E_h, exp. variance=52900.8789 E_h^2, pmove=0.60
2026-06-02 20:21:53,775 - Step 03840: 8.5825 E_h, exp. variance=47805.1875 E_h^2, pmove=0.60
2026-06-02 20:21:54,435 - Step 03841: 8.4281 E_h, exp. variance=43183.2930 E_h^2, pmove=0.61
2026-06-02 20:21:55,095 - Step 03842: 8.3924 E_h, exp. variance=38993.6914 E_h^2, pmove=0.60
2026-06-02 20:21:55,756 - Step 03843: 8.9439 E_h, exp. variance=35195.2422 E_h^2, pmove=0.60
2026-06-02 20:21:56,418 - Step 03844: 8.4379 E_h, exp. variance=31760.2285 E_h^2, pmove=0.61
2026-06-02 20:21:57,078 - Step 03845: 8.7463 E_h, exp. variance=28651.1367 E_h^2, pmove=0.60
2026-06-02 20:21:57,738 - Step 03846: 8.4155 E_h, exp. variance=25841.7090 E_h^2, pmove=0.61
2026-06-02 20:21:58,400 - Step 03847: 8.5316 E_h, exp. variance=23302.1777 E_h^2, pmove=0.60
2026-06-02 20:21:59,062 - Step 03848: 12.1327 E_h, exp. variance=20996.2930 E_h^2, pmove=0.61
2026-06-02 20:21:59,728 - Step 03849: 8.4349 E_h, exp. variance=18927.4531 E_h^2, pmove=0.60
2026-06-02 20:22:00,395 - Step 03850: 8.7308 E_h, exp. variance=17058.7676 E_h^2, pmove=0.60
2026-06-02 20:22:01,057 - Step 03851: 8.6242 E_h, exp. variance=15372.6641 E_h^2, pmove=0.60
2026-06-02 20:22:01,719 - Step 03852: 8.4969 E_h, exp. variance=13851.7207 E_h^2, pmove=0.61
2026-06-02 20:22:02,383 - Step 03853: 8.5449 E_h, exp. variance=12479.6660 E_h^2, pmove=0.61
2026-06-02 20:22:03,046 - Step 03854: 8.3506 E_h, exp. variance=11242.7070 E_h^2, pmove=0.61
2026-06-02 20:22:03,709 - Step 03855: 8.4042 E_h, exp. variance=10127.2578 E_h^2, pmove=0.61
2026-06-02 20:22:04,370 - Step 03856: 8.3627 E_h, exp. variance=9121.7432 E_h^2, pmove=0.61
2026-06-02 20:22:05,036 - Step 03857: 8.5147 E_h, exp. variance=8215.1914 E_h^2, pmove=0.61
2026-06-02 20:22:05,699 - Step 03858: 8.5484 E_h, exp. variance=7398.1836 E_h^2, pmove=0.61
2026-06-02 20:22:06,360 - Step 03859: 9.0473 E_h, exp. variance=6661.4697 E_h^2, pmove=0.61
2026-06-02 20:22:07,021 - Step 03860: 8.6257 E_h, exp. variance=5998.2544 E_h^2, pmove=0.61
2026-06-02 20:22:07,686 - Step 03861: 8.8051 E_h, exp. variance=5400.6406 E_h^2, pmove=0.61
2026-06-02 20:22:08,347 - Step 03862: 10.0426 E_h, exp. variance=4861.5122 E_h^2, pmove=0.61
2026-06-02 20:22:09,010 - Step 03863: 8.7036 E_h, exp. variance=4376.9795 E_h^2, pmove=0.60
2026-06-02 20:22:09,672 - Step 03864: 8.6056 E_h, exp. variance=3940.6604 E_h^2, pmove=0.60
2026-06-02 20:22:10,333 - Step 03865: 8.8933 E_h, exp. variance=3547.5364 E_h^2, pmove=0.60
2026-06-02 20:22:10,998 - Step 03866: 8.8686 E_h, exp. variance=3193.5588 E_h^2, pmove=0.60
2026-06-02 20:22:11,660 - Step 03867: 8.5193 E_h, exp. variance=2875.0085 E_h^2, pmove=0.60
2026-06-02 20:22:12,321 - Step 03868: 8.3670 E_h, exp. variance=2588.2363 E_h^2, pmove=0.61
2026-06-02 20:22:12,983 - Step 03869: 9.1121 E_h, exp. variance=2329.7092 E_h^2, pmove=0.61
2026-06-02 20:22:13,647 - Step 03870: 8.7147 E_h, exp. variance=2097.1096 E_h^2, pmove=0.61
2026-06-02 20:22:14,309 - Step 03871: 8.5296 E_h, exp. variance=1887.7635 E_h^2, pmove=0.60
2026-06-02 20:22:14,971 - Step 03872: 8.8855 E_h, exp. variance=1699.1780 E_h^2, pmove=0.61
2026-06-02 20:22:15,633 - Step 03873: 8.4827 E_h, exp. variance=1529.5244 E_h^2, pmove=0.60
2026-06-02 20:22:16,297 - Step 03874: 31.7946 E_h, exp. variance=1419.2250 E_h^2, pmove=0.60
2026-06-02 20:22:16,959 - Step 03875: 9.2789 E_h, exp. variance=1278.0713 E_h^2, pmove=0.60
2026-06-02 20:22:17,622 - Step 03876: 20.7717 E_h, exp. variance=1157.3325 E_h^2, pmove=0.59
2026-06-02 20:22:18,284 - Step 03877: 13.1209 E_h, exp. variance=1041.6088 E_h^2, pmove=0.59
2026-06-02 20:22:18,946 - Step 03878: 8.4302 E_h, exp. variance=939.1888 E_h^2, pmove=0.58
2026-06-02 20:22:19,611 - Step 03879: 16.0266 E_h, exp. variance=846.4611 E_h^2, pmove=0.60
2026-06-02 20:22:20,273 - Step 03880: 8.4406 E_h, exp. variance=763.4881 E_h^2, pmove=0.59
2026-06-02 20:22:20,936 - Step 03881: 8.4909 E_h, exp. variance=688.4596 E_h^2, pmove=0.60
2026-06-02 20:22:21,599 - Step 03882: 8.8118 E_h, exp. variance=620.4932 E_h^2, pmove=0.60
2026-06-02 20:22:22,264 - Step 03883: 8.6550 E_h, exp. variance=559.2380 E_h^2, pmove=0.60
2026-06-02 20:22:22,926 - Step 03884: 8.5148 E_h, exp. variance=504.0266 E_h^2, pmove=0.60
2026-06-02 20:22:23,588 - Step 03885: 8.7035 E_h, exp. variance=454.1183 E_h^2, pmove=0.60
2026-06-02 20:22:24,250 - Step 03886: 8.4385 E_h, exp. variance=409.2137 E_h^2, pmove=0.60
2026-06-02 20:22:24,913 - Step 03887: 8.8693 E_h, exp. variance=368.5543 E_h^2, pmove=0.60
2026-06-02 20:22:25,573 - Step 03888: 8.9057 E_h, exp. variance=331.9010 E_h^2, pmove=0.60
2026-06-02 20:22:26,233 - Step 03889: 8.6226 E_h, exp. variance=298.9507 E_h^2, pmove=0.60
2026-06-02 20:22:26,893 - Step 03890: 12.5532 E_h, exp. variance=269.6010 E_h^2, pmove=0.59
2026-06-02 20:22:27,559 - Step 03891: 10.1547 E_h, exp. variance=242.6439 E_h^2, pmove=0.59
2026-06-02 20:22:28,221 - Step 03892: 8.5283 E_h, exp. variance=218.6683 E_h^2, pmove=0.59
2026-06-02 20:22:28,882 - Step 03893: 13.4803 E_h, exp. variance=197.8055 E_h^2, pmove=0.59
2026-06-02 20:22:29,553 - Step 03894: 8.5234 E_h, exp. variance=178.3674 E_h^2, pmove=0.60
2026-06-02 20:22:30,214 - Step 03895: 8.5296 E_h, exp. variance=160.8062 E_h^2, pmove=0.60
2026-06-02 20:22:30,879 - Step 03896: 8.3301 E_h, exp. variance=145.0089 E_h^2, pmove=0.60
2026-06-02 20:22:31,540 - Step 03897: 8.3680 E_h, exp. variance=130.7267 E_h^2, pmove=0.60
2026-06-02 20:22:32,200 - Step 03898: 13.7356 E_h, exp. variance=119.0687 E_h^2, pmove=0.60
2026-06-02 20:22:32,860 - Step 03899: 8.6263 E_h, exp. variance=107.3756 E_h^2, pmove=0.60
2026-06-02 20:22:33,522 - Step 03900: 8.4756 E_h, exp. variance=96.8508 E_h^2, pmove=0.60
2026-06-02 20:22:34,183 - Step 03901: 8.7904 E_h, exp. variance=87.2686 E_h^2, pmove=0.59
2026-06-02 20:22:34,843 - Step 03902: 8.5719 E_h, exp. variance=78.6672 E_h^2, pmove=0.60
2026-06-02 20:22:35,504 - Step 03903: 8.5067 E_h, exp. variance=70.9150 E_h^2, pmove=0.60
2026-06-02 20:22:36,165 - Step 03904: 8.4521 E_h, exp. variance=63.9264 E_h^2, pmove=0.60
2026-06-02 20:22:36,826 - Step 03905: 8.4954 E_h, exp. variance=57.6099 E_h^2, pmove=0.61
2026-06-02 20:22:37,487 - Step 03906: 8.5876 E_h, exp. variance=51.8975 E_h^2, pmove=0.60
2026-06-02 20:22:38,148 - Step 03907: 8.5004 E_h, exp. variance=46.7583 E_h^2, pmove=0.60
2026-06-02 20:22:38,808 - Step 03908: 9.2493 E_h, exp. variance=42.0829 E_h^2, pmove=0.60
2026-06-02 20:22:39,468 - Step 03909: 8.7960 E_h, exp. variance=37.8881 E_h^2, pmove=0.60
2026-06-02 20:22:40,129 - Step 03910: 35.1910 E_h, exp. variance=95.1628 E_h^2, pmove=0.60
2026-06-02 20:22:40,790 - Step 03911: 9.9639 E_h, exp. variance=85.9330 E_h^2, pmove=0.59
2026-06-02 20:22:41,452 - Step 03912: 8.6182 E_h, exp. variance=78.1237 E_h^2, pmove=0.59
2026-06-02 20:22:42,112 - Step 03913: 8.7187 E_h, exp. variance=70.8993 E_h^2, pmove=0.60
2026-06-02 20:22:42,772 - Step 03914: 8.4985 E_h, exp. variance=64.3811 E_h^2, pmove=0.60
2026-06-02 20:22:43,433 - Step 03915: 8.3744 E_h, exp. variance=58.4581 E_h^2, pmove=0.60
2026-06-02 20:22:44,092 - Step 03916: 8.3727 E_h, exp. variance=53.0303 E_h^2, pmove=0.61
2026-06-02 20:22:44,753 - Step 03917: 8.5195 E_h, exp. variance=48.0165 E_h^2, pmove=0.60
2026-06-02 20:22:45,413 - Step 03918: 21.0009 E_h, exp. variance=53.8450 E_h^2, pmove=0.60
2026-06-02 20:22:46,073 - Step 03919: 8.3745 E_h, exp. variance=49.1891 E_h^2, pmove=0.59
2026-06-02 20:22:46,732 - Step 03920: 8.6094 E_h, exp. variance=44.7570 E_h^2, pmove=0.60
2026-06-02 20:22:47,394 - Step 03921: 8.6938 E_h, exp. variance=40.6444 E_h^2, pmove=0.60
2026-06-02 20:22:48,055 - Step 03922: 9.4323 E_h, exp. variance=36.6829 E_h^2, pmove=0.60
2026-06-02 20:22:48,715 - Step 03923: 8.5942 E_h, exp. variance=33.3064 E_h^2, pmove=0.60
2026-06-02 20:22:49,375 - Step 03924: 8.5506 E_h, exp. variance=30.2250 E_h^2, pmove=0.61
2026-06-02 20:22:50,036 - Step 03925: 9.4332 E_h, exp. variance=27.2366 E_h^2, pmove=0.60
2026-06-02 20:22:50,697 - Step 03926: 8.5507 E_h, exp. variance=24.6985 E_h^2, pmove=0.61
2026-06-02 20:22:51,358 - Step 03927: 8.4550 E_h, exp. variance=22.4021 E_h^2, pmove=0.60
2026-06-02 20:22:52,019 - Step 03928: 8.5625 E_h, exp. variance=20.2793 E_h^2, pmove=0.60
2026-06-02 20:22:52,678 - Step 03929: 8.7589 E_h, exp. variance=18.3135 E_h^2, pmove=0.61
2026-06-02 20:22:53,342 - Step 03930: 8.5669 E_h, exp. variance=16.5617 E_h^2, pmove=0.60
2026-06-02 20:22:54,001 - Step 03931: 8.3290 E_h, exp. variance=15.0113 E_h^2, pmove=0.60
2026-06-02 20:22:54,661 - Step 03932: 8.6419 E_h, exp. variance=13.5497 E_h^2, pmove=0.61
2026-06-02 20:22:55,321 - Step 03933: 8.5106 E_h, exp. variance=12.2424 E_h^2, pmove=0.60
2026-06-02 20:22:55,983 - Step 03934: 8.3884 E_h, exp. variance=11.0725 E_h^2, pmove=0.60
2026-06-02 20:22:56,643 - Step 03935: 10.2477 E_h, exp. variance=10.0863 E_h^2, pmove=0.61
2026-06-02 20:22:57,304 - Step 03936: 9.7155 E_h, exp. variance=9.1013 E_h^2, pmove=0.60
2026-06-02 20:22:57,966 - Step 03937: 8.6461 E_h, exp. variance=8.2245 E_h^2, pmove=0.60
2026-06-02 20:22:58,628 - Step 03938: 8.7518 E_h, exp. variance=7.4197 E_h^2, pmove=0.60
2026-06-02 20:22:59,290 - Step 03939: 8.8831 E_h, exp. variance=6.6841 E_h^2, pmove=0.60
2026-06-02 20:22:59,952 - Step 03940: 8.5198 E_h, exp. variance=6.0485 E_h^2, pmove=0.60
2026-06-02 20:23:00,612 - Step 03941: 24.6513 E_h, exp. variance=27.3135 E_h^2, pmove=0.60
2026-06-02 20:23:01,273 - Step 03942: 8.3909 E_h, exp. variance=25.0300 E_h^2, pmove=0.59
2026-06-02 20:23:01,934 - Step 03943: 8.4745 E_h, exp. variance=22.8602 E_h^2, pmove=0.60
2026-06-02 20:23:02,595 - Step 03944: 19.2879 E_h, exp. variance=27.9971 E_h^2, pmove=0.60
2026-06-02 20:23:03,257 - Step 03945: 8.8525 E_h, exp. variance=25.6579 E_h^2, pmove=0.59
2026-06-02 20:23:03,918 - Step 03946: 13.5009 E_h, exp. variance=23.7064 E_h^2, pmove=0.60
2026-06-02 20:23:04,581 - Step 03947: 8.3503 E_h, exp. variance=22.0409 E_h^2, pmove=0.59
2026-06-02 20:23:05,244 - Step 03948: 20.6953 E_h, exp. variance=28.5259 E_h^2, pmove=0.60
2026-06-02 20:23:05,905 - Step 03949: 9.1558 E_h, exp. variance=26.3276 E_h^2, pmove=0.60
2026-06-02 20:23:06,567 - Step 03950: 9.3196 E_h, exp. variance=24.1557 E_h^2, pmove=0.60
2026-06-02 20:23:07,231 - Step 03951: 8.6172 E_h, exp. variance=22.4153 E_h^2, pmove=0.60
2026-06-02 20:23:07,891 - Step 03952: 15.9598 E_h, exp. variance=22.3149 E_h^2, pmove=0.60
2026-06-02 20:23:08,553 - Step 03953: 8.6060 E_h, exp. variance=20.8741 E_h^2, pmove=0.59
2026-06-02 20:23:09,213 - Step 03954: 8.9450 E_h, exp. variance=19.2747 E_h^2, pmove=0.60
2026-06-02 20:23:09,879 - Step 03955: 10.0487 E_h, exp. variance=17.4358 E_h^2, pmove=0.59
2026-06-02 20:23:10,543 - Step 03956: 8.4396 E_h, exp. variance=16.2557 E_h^2, pmove=0.60
2026-06-02 20:23:11,205 - Step 03957: 9.0508 E_h, exp. variance=14.8723 E_h^2, pmove=0.60
2026-06-02 20:23:11,866 - Step 03958: 8.7788 E_h, exp. variance=13.6603 E_h^2, pmove=0.60
2026-06-02 20:23:12,530 - Step 03959: 8.6342 E_h, exp. variance=12.5600 E_h^2, pmove=0.60
2026-06-02 20:23:13,191 - Step 03960: 17.1975 E_h, exp. variance=15.7352 E_h^2, pmove=0.60
2026-06-02 20:23:13,852 - Step 03961: 8.7779 E_h, exp. variance=14.5603 E_h^2, pmove=0.59
2026-06-02 20:23:14,513 - Step 03962: 9.4268 E_h, exp. variance=13.2438 E_h^2, pmove=0.59
2026-06-02 20:23:15,176 - Step 03963: 8.7857 E_h, exp. variance=12.1987 E_h^2, pmove=0.59
2026-06-02 20:23:15,838 - Step 03964: 8.3823 E_h, exp. variance=11.3349 E_h^2, pmove=0.59
2026-06-02 20:23:16,500 - Step 03965: 8.7189 E_h, exp. variance=10.3915 E_h^2, pmove=0.60
2026-06-02 20:23:17,161 - Step 03966: 82.3444 E_h, exp. variance=480.0359 E_h^2, pmove=0.60
2026-06-02 20:23:17,825 - Step 03967: 8.5686 E_h, exp. variance=438.8289 E_h^2, pmove=0.59
2026-06-02 20:23:18,486 - Step 03968: 8.4476 E_h, exp. variance=400.6229 E_h^2, pmove=0.60
2026-06-02 20:23:19,148 - Step 03969: 8.3828 E_h, exp. variance=365.2426 E_h^2, pmove=0.60
2026-06-02 20:23:19,809 - Step 03970: 22.3872 E_h, exp. variance=333.7983 E_h^2, pmove=0.61
2026-06-02 20:23:20,472 - Step 03971: 8.7466 E_h, exp. variance=304.6773 E_h^2, pmove=0.60
2026-06-02 20:23:21,134 - Step 03972: 8.5190 E_h, exp. variance=277.9174 E_h^2, pmove=0.60
2026-06-02 20:23:21,795 - Step 03973: 8.4933 E_h, exp. variance=253.1558 E_h^2, pmove=0.60
2026-06-02 20:23:22,455 - Step 03974: 9.1871 E_h, exp. variance=229.6858 E_h^2, pmove=0.60
2026-06-02 20:23:23,117 - Step 03975: 9.7826 E_h, exp. variance=207.8072 E_h^2, pmove=0.60
2026-06-02 20:23:23,781 - Step 03976: 8.5370 E_h, exp. variance=188.7513 E_h^2, pmove=0.60
2026-06-02 20:23:24,442 - Step 03977: 8.4745 E_h, exp. variance=171.3179 E_h^2, pmove=0.60
2026-06-02 20:23:25,103 - Step 03978: 8.4260 E_h, exp. variance=155.3856 E_h^2, pmove=0.60
2026-06-02 20:23:25,765 - Step 03979: 8.4461 E_h, exp. variance=140.8067 E_h^2, pmove=0.61
2026-06-02 20:23:26,429 - Step 03980: 8.6184 E_h, exp. variance=127.4149 E_h^2, pmove=0.61
2026-06-02 20:23:27,090 - Step 03981: 8.3615 E_h, exp. variance=115.3525 E_h^2, pmove=0.61
2026-06-02 20:23:27,751 - Step 03982: 8.7101 E_h, exp. variance=104.2232 E_h^2, pmove=0.60
2026-06-02 20:23:28,411 - Step 03983: 8.3446 E_h, exp. variance=94.2673 E_h^2, pmove=0.60
2026-06-02 20:23:29,076 - Step 03984: 11.9380 E_h, exp. variance=85.0553 E_h^2, pmove=0.61
2026-06-02 20:23:29,743 - Step 03985: 8.8669 E_h, exp. variance=76.8041 E_h^2, pmove=0.60
2026-06-02 20:23:30,403 - Step 03986: 8.7562 E_h, exp. variance=69.3610 E_h^2, pmove=0.60
2026-06-02 20:23:31,065 - Step 03987: 8.4740 E_h, exp. variance=62.6985 E_h^2, pmove=0.60
2026-06-02 20:23:31,726 - Step 03988: 8.7851 E_h, exp. variance=56.5711 E_h^2, pmove=0.60
2026-06-02 20:23:32,386 - Step 03989: 8.6836 E_h, exp. variance=51.0510 E_h^2, pmove=0.60
2026-06-02 20:23:33,046 - Step 03990: 8.3272 E_h, exp. variance=46.1395 E_h^2, pmove=0.60
2026-06-02 20:23:33,707 - Step 03991: 8.5271 E_h, exp. variance=41.6385 E_h^2, pmove=0.60
2026-06-02 20:23:34,371 - Step 03992: 8.5090 E_h, exp. variance=37.5695 E_h^2, pmove=0.61
2026-06-02 20:23:35,033 - Step 03993: 8.4623 E_h, exp. variance=33.8973 E_h^2, pmove=0.60
2026-06-02 20:23:35,693 - Step 03994: 8.3869 E_h, exp. variance=30.5886 E_h^2, pmove=0.60
2026-06-02 20:23:36,355 - Step 03995: 9.5657 E_h, exp. variance=27.5392 E_h^2, pmove=0.61
2026-06-02 20:23:37,019 - Step 03996: 8.4251 E_h, exp. variance=24.8500 E_h^2, pmove=0.60
2026-06-02 20:23:37,679 - Step 03997: 8.3890 E_h, exp. variance=22.4226 E_h^2, pmove=0.61
2026-06-02 20:23:38,340 - Step 03998: 8.4680 E_h, exp. variance=20.2172 E_h^2, pmove=0.60
2026-06-02 20:23:39,000 - Step 03999: 11.4004 E_h, exp. variance=18.6950 E_h^2, pmove=0.60
2026-06-02 20:23:39,665 - Step 04000: 8.3411 E_h, exp. variance=16.9049 E_h^2, pmove=0.60
2026-06-02 20:23:40,324 - Step 04001: 49.8697 E_h, exp. variance=164.1781 E_h^2, pmove=0.61
2026-06-02 20:23:40,994 - Step 04002: 8.5122 E_h, exp. variance=149.7844 E_h^2, pmove=0.60
2026-06-02 20:23:41,653 - Step 04003: 8.5543 E_h, exp. variance=136.4133 E_h^2, pmove=0.60
2026-06-02 20:23:42,313 - Step 04004: 8.4955 E_h, exp. variance=124.1144 E_h^2, pmove=0.61
2026-06-02 20:23:42,977 - Step 04005: 8.5299 E_h, exp. variance=112.7690 E_h^2, pmove=0.61
2026-06-02 20:23:43,638 - Step 04006: 8.5259 E_h, exp. variance=102.3578 E_h^2, pmove=0.61
2026-06-02 20:23:44,299 - Step 04007: 8.5244 E_h, exp. variance=92.8239 E_h^2, pmove=0.60
2026-06-02 20:23:44,959 - Step 04008: 8.4796 E_h, exp. variance=84.1306 E_h^2, pmove=0.61
2026-06-02 20:23:45,622 - Step 04009: 8.3846 E_h, exp. variance=76.2348 E_h^2, pmove=0.61
2026-06-02 20:23:46,283 - Step 04010: 8.4212 E_h, exp. variance=69.0163 E_h^2, pmove=0.61
2026-06-02 20:23:46,945 - Step 04011: 24.2402 E_h, exp. variance=79.5286 E_h^2, pmove=0.61
2026-06-02 20:23:47,606 - Step 04012: 8.6171 E_h, exp. variance=72.4429 E_h^2, pmove=0.60
2026-06-02 20:23:48,267 - Step 04013: 9.8713 E_h, exp. variance=65.4119 E_h^2, pmove=0.60
2026-06-02 20:23:48,930 - Step 04014: 8.9473 E_h, exp. variance=59.3508 E_h^2, pmove=0.60
2026-06-02 20:23:49,592 - Step 04015: 8.7504 E_h, exp. variance=53.8817 E_h^2, pmove=0.60
2026-06-02 20:23:50,254 - Step 04016: 10.3682 E_h, exp. variance=48.5102 E_h^2, pmove=0.60
2026-06-02 20:23:50,917 - Step 04017: 9.0299 E_h, exp. variance=43.9271 E_h^2, pmove=0.60
2026-06-02 20:23:51,579 - Step 04018: 13.1822 E_h, exp. variance=40.1425 E_h^2, pmove=0.60
2026-06-02 20:23:52,239 - Step 04019: 8.5079 E_h, exp. variance=36.6189 E_h^2, pmove=0.59
2026-06-02 20:23:52,901 - Step 04020: 8.6751 E_h, exp. variance=33.2937 E_h^2, pmove=0.60
2026-06-02 20:23:53,562 - Step 04021: 8.6630 E_h, exp. variance=30.2408 E_h^2, pmove=0.60
2026-06-02 20:23:54,224 - Step 04022: 8.4692 E_h, exp. variance=27.4991 E_h^2, pmove=0.59
2026-06-02 20:23:54,886 - Step 04023: 8.5469 E_h, exp. variance=24.9562 E_h^2, pmove=0.60
2026-06-02 20:23:55,547 - Step 04024: 8.4707 E_h, exp. variance=22.6475 E_h^2, pmove=0.60
2026-06-02 20:23:56,209 - Step 04025: 8.4499 E_h, exp. variance=20.5390 E_h^2, pmove=0.60
2026-06-02 20:23:56,871 - Step 04026: 8.3669 E_h, exp. variance=18.6300 E_h^2, pmove=0.60
2026-06-02 20:23:57,533 - Step 04027: 8.6630 E_h, exp. variance=16.8314 E_h^2, pmove=0.60
2026-06-02 20:23:58,195 - Step 04028: 8.6752 E_h, exp. variance=15.1988 E_h^2, pmove=0.60
2026-06-02 20:23:58,860 - Step 04029: 8.4342 E_h, exp. variance=13.7543 E_h^2, pmove=0.60
2026-06-02 20:23:59,524 - Step 04030: 8.4240 E_h, exp. variance=12.4415 E_h^2, pmove=0.61
2026-06-02 20:24:00,189 - Step 04031: 8.4527 E_h, exp. variance=11.2442 E_h^2, pmove=0.60
2026-06-02 20:24:00,851 - Step 04032: 9.0722 E_h, exp. variance=10.1199 E_h^2, pmove=0.61
2026-06-02 20:24:01,514 - Step 04033: 8.7752 E_h, exp. variance=9.1174 E_h^2, pmove=0.60
2026-06-02 20:24:02,179 - Step 04034: 9.3174 E_h, exp. variance=8.2113 E_h^2, pmove=0.60
2026-06-02 20:24:02,840 - Step 04035: 8.5533 E_h, exp. variance=7.4163 E_h^2, pmove=0.61
2026-06-02 20:24:03,502 - Step 04036: 9.3217 E_h, exp. variance=6.6819 E_h^2, pmove=0.61
2026-06-02 20:24:04,164 - Step 04037: 10.0524 E_h, exp. variance=6.1012 E_h^2, pmove=0.60
2026-06-02 20:24:04,826 - Step 04038: 9.3060 E_h, exp. variance=5.4928 E_h^2, pmove=0.60
2026-06-02 20:24:05,490 - Step 04039: 8.8087 E_h, exp. variance=4.9559 E_h^2, pmove=0.60
2026-06-02 20:24:06,151 - Step 04040: 8.5280 E_h, exp. variance=4.4943 E_h^2, pmove=0.60
2026-06-02 20:24:06,811 - Step 04041: 8.5018 E_h, exp. variance=4.0750 E_h^2, pmove=0.60
2026-06-02 20:24:07,472 - Step 04042: 8.4939 E_h, exp. variance=3.6927 E_h^2, pmove=0.61
2026-06-02 20:24:08,132 - Step 04043: 8.7388 E_h, exp. variance=3.3282 E_h^2, pmove=0.60
2026-06-02 20:24:08,792 - Step 04044: 8.7293 E_h, exp. variance=2.9996 E_h^2, pmove=0.60
2026-06-02 20:24:09,452 - Step 04045: 8.4375 E_h, exp. variance=2.7211 E_h^2, pmove=0.60
2026-06-02 20:24:10,112 - Step 04046: 8.2960 E_h, exp. variance=2.4793 E_h^2, pmove=0.60
2026-06-02 20:24:10,774 - Step 04047: 8.3075 E_h, exp. variance=2.2548 E_h^2, pmove=0.61
2026-06-02 20:24:11,436 - Step 04048: 8.3161 E_h, exp. variance=2.0477 E_h^2, pmove=0.61
2026-06-02 20:24:12,099 - Step 04049: 8.3579 E_h, exp. variance=1.8548 E_h^2, pmove=0.61
2026-06-02 20:24:12,762 - Step 04050: 8.3047 E_h, exp. variance=1.6824 E_h^2, pmove=0.61
2026-06-02 20:24:13,425 - Step 04051: 8.2755 E_h, exp. variance=1.5266 E_h^2, pmove=0.61
2026-06-02 20:24:14,096 - Step 04052: 9.9023 E_h, exp. variance=1.5242 E_h^2, pmove=0.61
2026-06-02 20:24:14,759 - Step 04053: 8.3886 E_h, exp. variance=1.3829 E_h^2, pmove=0.61
2026-06-02 20:24:15,423 - Step 04054: 8.3625 E_h, exp. variance=1.2551 E_h^2, pmove=0.61
2026-06-02 20:24:16,110 - Step 04055: 8.4580 E_h, exp. variance=1.1336 E_h^2, pmove=0.61
2026-06-02 20:24:16,772 - Step 04056: 8.5734 E_h, exp. variance=1.0208 E_h^2, pmove=0.61
2026-06-02 20:24:17,436 - Step 04057: 8.5614 E_h, exp. variance=0.9193 E_h^2, pmove=0.61
2026-06-02 20:24:18,102 - Step 04058: 12.2900 E_h, exp. variance=2.0307 E_h^2, pmove=0.61
2026-06-02 20:24:18,767 - Step 04059: 8.6095 E_h, exp. variance=1.8413 E_h^2, pmove=0.60
2026-06-02 20:24:19,470 - Step 04060: 8.3387 E_h, exp. variance=1.6919 E_h^2, pmove=0.60
2026-06-02 20:24:20,133 - Step 04061: 8.5357 E_h, exp. variance=1.5345 E_h^2, pmove=0.61
2026-06-02 20:24:20,798 - Step 04062: 8.5129 E_h, exp. variance=1.3920 E_h^2, pmove=0.61
2026-06-02 20:24:21,461 - Step 04063: 8.6289 E_h, exp. variance=1.2564 E_h^2, pmove=0.61
2026-06-02 20:24:22,123 - Step 04064: 8.7288 E_h, exp. variance=1.1313 E_h^2, pmove=0.61
2026-06-02 20:24:22,785 - Step 04065: 8.6385 E_h, exp. variance=1.0205 E_h^2, pmove=0.60
2026-06-02 20:24:23,451 - Step 04066: 8.4805 E_h, exp. variance=0.9267 E_h^2, pmove=0.60
2026-06-02 20:24:24,113 - Step 04067: 11.7770 E_h, exp. variance=1.6571 E_h^2, pmove=0.61
2026-06-02 20:24:24,775 - Step 04068: 9.0439 E_h, exp. variance=1.4914 E_h^2, pmove=0.60
2026-06-02 20:24:25,438 - Step 04069: 10.8626 E_h, exp. variance=1.6366 E_h^2, pmove=0.60
2026-06-02 20:24:26,101 - Step 04070: 8.8088 E_h, exp. variance=1.4893 E_h^2, pmove=0.60
2026-06-02 20:24:26,766 - Step 04071: 8.5381 E_h, exp. variance=1.3789 E_h^2, pmove=0.59
2026-06-02 20:24:27,429 - Step 04072: 8.7413 E_h, exp. variance=1.2544 E_h^2, pmove=0.60
2026-06-02 20:24:28,092 - Step 04073: 8.5432 E_h, exp. variance=1.1557 E_h^2, pmove=0.60
2026-06-02 20:24:28,756 - Step 04074: 8.5786 E_h, exp. variance=1.0588 E_h^2, pmove=0.60
2026-06-02 20:24:29,421 - Step 04075: 8.6508 E_h, exp. variance=0.9632 E_h^2, pmove=0.60
2026-06-02 20:24:30,083 - Step 04076: 9.2346 E_h, exp. variance=0.8739 E_h^2, pmove=0.60
2026-06-02 20:24:30,745 - Step 04077: 23.4414 E_h, exp. variance=19.6016 E_h^2, pmove=0.60
2026-06-02 20:24:31,408 - Step 04078: 8.3469 E_h, exp. variance=18.0314 E_h^2, pmove=0.59
2026-06-02 20:24:32,073 - Step 04079: 8.3812 E_h, exp. variance=16.5326 E_h^2, pmove=0.60
2026-06-02 20:24:32,735 - Step 04080: 8.6902 E_h, exp. variance=15.0425 E_h^2, pmove=0.60
2026-06-02 20:24:33,398 - Step 04081: 8.6370 E_h, exp. variance=13.6822 E_h^2, pmove=0.61
2026-06-02 20:24:34,061 - Step 04082: 8.4167 E_h, exp. variance=12.4801 E_h^2, pmove=0.60
2026-06-02 20:24:34,726 - Step 04083: 8.4034 E_h, exp. variance=11.3696 E_h^2, pmove=0.61
2026-06-02 20:24:35,389 - Step 04084: 8.3875 E_h, exp. variance=10.3472 E_h^2, pmove=0.61
2026-06-02 20:24:36,053 - Step 04085: 8.3840 E_h, exp. variance=9.4060 E_h^2, pmove=0.60
2026-06-02 20:24:36,716 - Step 04086: 8.4620 E_h, exp. variance=8.5287 E_h^2, pmove=0.61
2026-06-02 20:24:37,380 - Step 04087: 8.9178 E_h, exp. variance=7.6839 E_h^2, pmove=0.60
2026-06-02 20:24:38,043 - Step 04088: 8.6502 E_h, exp. variance=6.9415 E_h^2, pmove=0.61
2026-06-02 20:24:38,706 - Step 04089: 8.4040 E_h, exp. variance=6.2952 E_h^2, pmove=0.60
2026-06-02 20:24:39,369 - Step 04090: 8.3624 E_h, exp. variance=5.7096 E_h^2, pmove=0.61
2026-06-02 20:24:40,034 - Step 04091: 8.5316 E_h, exp. variance=5.1576 E_h^2, pmove=0.61
2026-06-02 20:24:40,697 - Step 04092: 8.5221 E_h, exp. variance=4.6579 E_h^2, pmove=0.61
2026-06-02 20:24:41,360 - Step 04093: 9.4205 E_h, exp. variance=4.2163 E_h^2, pmove=0.61
2026-06-02 20:24:42,023 - Step 04094: 8.6440 E_h, exp. variance=3.8033 E_h^2, pmove=0.60
2026-06-02 20:24:42,689 - Step 04095: 8.4590 E_h, exp. variance=3.4424 E_h^2, pmove=0.61
2026-06-02 20:24:43,351 - Step 04096: 8.4861 E_h, exp. variance=3.1119 E_h^2, pmove=0.61
2026-06-02 20:24:44,015 - Step 04097: 8.8083 E_h, exp. variance=2.8008 E_h^2, pmove=0.60
2026-06-02 20:24:44,677 - Step 04098: 10.2627 E_h, exp. variance=2.7042 E_h^2, pmove=0.61
2026-06-02 20:24:45,343 - Step 04099: 9.2309 E_h, exp. variance=2.4396 E_h^2, pmove=0.60
2026-06-02 20:24:46,006 - Step 04100: 8.3673 E_h, exp. variance=2.2320 E_h^2, pmove=0.61
2026-06-02 20:24:46,669 - Step 04101: 8.8838 E_h, exp. variance=2.0091 E_h^2, pmove=0.60
2026-06-02 20:24:47,332 - Step 04102: 8.6775 E_h, exp. variance=1.8141 E_h^2, pmove=0.60
2026-06-02 20:24:47,993 - Step 04103: 9.0328 E_h, exp. variance=1.6341 E_h^2, pmove=0.61
2026-06-02 20:24:48,659 - Step 04104: 8.6208 E_h, exp. variance=1.4787 E_h^2, pmove=0.60
2026-06-02 20:24:49,322 - Step 04105: 8.4004 E_h, exp. variance=1.3525 E_h^2, pmove=0.61
2026-06-02 20:24:49,986 - Step 04106: 8.4734 E_h, exp. variance=1.2295 E_h^2, pmove=0.61
2026-06-02 20:24:50,649 - Step 04107: 9.1157 E_h, exp. variance=1.1152 E_h^2, pmove=0.61
2026-06-02 20:24:51,313 - Step 04108: 8.4428 E_h, exp. variance=1.0176 E_h^2, pmove=0.61
2026-06-02 20:24:51,977 - Step 04109: 9.4588 E_h, exp. variance=0.9553 E_h^2, pmove=0.61
2026-06-02 20:24:52,641 - Step 04110: 9.0371 E_h, exp. variance=0.8625 E_h^2, pmove=0.60
2026-06-02 20:24:53,305 - Step 04111: 8.4307 E_h, exp. variance=0.7944 E_h^2, pmove=0.60
2026-06-02 20:24:53,969 - Step 04112: 8.3792 E_h, exp. variance=0.7337 E_h^2, pmove=0.60
2026-06-02 20:24:54,633 - Step 04113: 8.9639 E_h, exp. variance=0.6631 E_h^2, pmove=0.61
2026-06-02 20:24:55,296 - Step 04114: 8.6020 E_h, exp. variance=0.6006 E_h^2, pmove=0.61
2026-06-02 20:24:55,958 - Step 04115: 8.3719 E_h, exp. variance=0.5560 E_h^2, pmove=0.61
2026-06-02 20:24:56,620 - Step 04116: 9.5367 E_h, exp. variance=0.5568 E_h^2, pmove=0.61
2026-06-02 20:24:57,282 - Step 04117: 9.5887 E_h, exp. variance=0.5537 E_h^2, pmove=0.60
2026-06-02 20:24:57,945 - Step 04118: 9.5635 E_h, exp. variance=0.5379 E_h^2, pmove=0.60
2026-06-02 20:24:58,607 - Step 04119: 9.6396 E_h, exp. variance=0.5248 E_h^2, pmove=0.59
2026-06-02 20:24:59,270 - Step 04120: 9.4761 E_h, exp. variance=0.4899 E_h^2, pmove=0.59
2026-06-02 20:24:59,931 - Step 04121: 8.6695 E_h, exp. variance=0.4559 E_h^2, pmove=0.59
2026-06-02 20:25:00,594 - Step 04122: 8.5595 E_h, exp. variance=0.4309 E_h^2, pmove=0.59
2026-06-02 20:25:01,255 - Step 04123: 8.4135 E_h, exp. variance=0.4177 E_h^2, pmove=0.59
2026-06-02 20:25:01,918 - Step 04124: 8.7371 E_h, exp. variance=0.3794 E_h^2, pmove=0.60
2026-06-02 20:25:02,581 - Step 04125: 8.3796 E_h, exp. variance=0.3670 E_h^2, pmove=0.60
2026-06-02 20:25:03,242 - Step 04126: 9.6440 E_h, exp. variance=0.3857 E_h^2, pmove=0.60
2026-06-02 20:25:03,903 - Step 04127: 8.7870 E_h, exp. variance=0.3492 E_h^2, pmove=0.59
2026-06-02 20:25:04,566 - Step 04128: 13.6001 E_h, exp. variance=2.2833 E_h^2, pmove=0.60
2026-06-02 20:25:05,228 - Step 04129: 8.9080 E_h, exp. variance=2.0759 E_h^2, pmove=0.59
2026-06-02 20:25:05,890 - Step 04130: 11.5021 E_h, exp. variance=2.2882 E_h^2, pmove=0.59
2026-06-02 20:25:06,553 - Step 04131: 9.3421 E_h, exp. variance=2.0635 E_h^2, pmove=0.58
2026-06-02 20:25:07,216 - Step 04132: 8.8516 E_h, exp. variance=1.8994 E_h^2, pmove=0.60
2026-06-02 20:25:07,879 - Step 04133: 8.3703 E_h, exp. variance=1.8179 E_h^2, pmove=0.60
2026-06-02 20:25:08,540 - Step 04134: 8.4115 E_h, exp. variance=1.7168 E_h^2, pmove=0.60
2026-06-02 20:25:09,202 - Step 04135: 8.3443 E_h, exp. variance=1.6212 E_h^2, pmove=0.60
2026-06-02 20:25:09,865 - Step 04136: 8.3576 E_h, exp. variance=1.5187 E_h^2, pmove=0.61
2026-06-02 20:25:10,529 - Step 04137: 8.4473 E_h, exp. variance=1.4041 E_h^2, pmove=0.61
2026-06-02 20:25:11,192 - Step 04138: 8.3621 E_h, exp. variance=1.3033 E_h^2, pmove=0.60
2026-06-02 20:25:11,854 - Step 04139: 9.0063 E_h, exp. variance=1.1732 E_h^2, pmove=0.60
2026-06-02 20:25:12,516 - Step 04140: 10.0971 E_h, exp. variance=1.1714 E_h^2, pmove=0.61
2026-06-02 20:25:13,178 - Step 04141: 25.4423 E_h, exp. variance=25.1567 E_h^2, pmove=0.60
2026-06-02 20:25:13,840 - Step 04142: 10.1768 E_h, exp. variance=22.6670 E_h^2, pmove=0.59
2026-06-02 20:25:14,501 - Step 04143: 8.4850 E_h, exp. variance=20.8262 E_h^2, pmove=0.59
2026-06-02 20:25:15,163 - Step 04144: 10.7361 E_h, exp. variance=18.7513 E_h^2, pmove=0.60
2026-06-02 20:25:15,823 - Step 04145: 89.4047 E_h, exp. variance=577.6085 E_h^2, pmove=0.59
2026-06-02 20:25:16,485 - Step 04146: 12.3796 E_h, exp. variance=523.0722 E_h^2, pmove=0.58
2026-06-02 20:25:17,146 - Step 04147: 10.9070 E_h, exp. variance=475.0001 E_h^2, pmove=0.58
2026-06-02 20:25:17,808 - Step 04148: 8.3866 E_h, exp. variance=434.3031 E_h^2, pmove=0.58
2026-06-02 20:25:18,469 - Step 04149: 8.3863 E_h, exp. variance=396.3837 E_h^2, pmove=0.59
2026-06-02 20:25:19,131 - Step 04150: 8.3780 E_h, exp. variance=361.2197 E_h^2, pmove=0.60
2026-06-02 20:25:19,792 - Step 04151: 8.4362 E_h, exp. variance=328.6558 E_h^2, pmove=0.60
2026-06-02 20:25:20,452 - Step 04152: 8.3451 E_h, exp. variance=298.7657 E_h^2, pmove=0.60
2026-06-02 20:25:21,116 - Step 04153: 10.0507 E_h, exp. variance=269.9724 E_h^2, pmove=0.60
2026-06-02 20:25:21,778 - Step 04154: 9.8376 E_h, exp. variance=243.9765 E_h^2, pmove=0.60
2026-06-02 20:25:22,440 - Step 04155: 18.2630 E_h, exp. variance=222.2261 E_h^2, pmove=0.60
2026-06-02 20:25:23,101 - Step 04156: 10.9100 E_h, exp. variance=200.5534 E_h^2, pmove=0.60
2026-06-02 20:25:23,765 - Step 04157: 8.3874 E_h, exp. variance=182.5264 E_h^2, pmove=0.59
2026-06-02 20:25:24,426 - Step 04158: 8.4103 E_h, exp. variance=165.8992 E_h^2, pmove=0.60
2026-06-02 20:25:25,089 - Step 04159: 8.3420 E_h, exp. variance=150.6732 E_h^2, pmove=0.59
2026-06-02 20:25:25,750 - Step 04160: 8.4587 E_h, exp. variance=136.6384 E_h^2, pmove=0.60
2026-06-02 20:25:26,413 - Step 04161: 8.3545 E_h, exp. variance=123.8690 E_h^2, pmove=0.60
2026-06-02 20:25:27,079 - Step 04162: 9.5154 E_h, exp. variance=111.7350 E_h^2, pmove=0.61
2026-06-02 20:25:27,742 - Step 04163: 8.4018 E_h, exp. variance=101.1804 E_h^2, pmove=0.60
2026-06-02 20:25:28,403 - Step 04164: 8.4238 E_h, exp. variance=91.5544 E_h^2, pmove=0.60
2026-06-02 20:25:29,064 - Step 04165: 8.3967 E_h, exp. variance=82.8078 E_h^2, pmove=0.60
2026-06-02 20:25:29,730 - Step 04166: 8.4246 E_h, exp. variance=74.8486 E_h^2, pmove=0.61
2026-06-02 20:25:30,391 - Step 04167: 9.4534 E_h, exp. variance=67.4044 E_h^2, pmove=0.60
2026-06-02 20:25:31,052 - Step 04168: 8.7907 E_h, exp. variance=60.8087 E_h^2, pmove=0.60
2026-06-02 20:25:31,714 - Step 04169: 8.8930 E_h, exp. variance=54.8249 E_h^2, pmove=0.61
2026-06-02 20:25:32,379 - Step 04170: 8.4473 E_h, exp. variance=49.5140 E_h^2, pmove=0.60
2026-06-02 20:25:33,040 - Step 04171: 8.3668 E_h, exp. variance=44.7202 E_h^2, pmove=0.60
2026-06-02 20:25:33,703 - Step 04172: 12.3089 E_h, exp. variance=40.9294 E_h^2, pmove=0.61
2026-06-02 20:25:34,366 - Step 04173: 8.9809 E_h, exp. variance=36.9018 E_h^2, pmove=0.60
2026-06-02 20:25:35,033 - Step 04174: 10.3315 E_h, exp. variance=33.2423 E_h^2, pmove=0.60
2026-06-02 20:25:35,698 - Step 04175: 8.9291 E_h, exp. variance=29.9873 E_h^2, pmove=0.60
2026-06-02 20:25:36,362 - Step 04176: 8.8876 E_h, exp. variance=27.0506 E_h^2, pmove=0.60
2026-06-02 20:25:37,026 - Step 04177: 10.2705 E_h, exp. variance=24.3819 E_h^2, pmove=0.60
2026-06-02 20:25:37,693 - Step 04178: 8.6095 E_h, exp. variance=22.0505 E_h^2, pmove=0.59
2026-06-02 20:25:38,359 - Step 04179: 8.4779 E_h, exp. variance=19.9567 E_h^2, pmove=0.60
2026-06-02 20:25:39,023 - Step 04180: 8.4941 E_h, exp. variance=18.0483 E_h^2, pmove=0.60
2026-06-02 20:25:39,687 - Step 04181: 8.4146 E_h, exp. variance=16.3273 E_h^2, pmove=0.60
2026-06-02 20:25:40,353 - Step 04182: 8.5565 E_h, exp. variance=14.7422 E_h^2, pmove=0.60
2026-06-02 20:25:41,018 - Step 04183: 8.4041 E_h, exp. variance=13.3266 E_h^2, pmove=0.61
2026-06-02 20:25:41,681 - Step 04184: 8.9813 E_h, exp. variance=11.9959 E_h^2, pmove=0.60
2026-06-02 20:25:42,345 - Step 04185: 8.5934 E_h, exp. variance=10.8208 E_h^2, pmove=0.60
2026-06-02 20:25:43,011 - Step 04186: 8.3546 E_h, exp. variance=9.7839 E_h^2, pmove=0.60
2026-06-02 20:25:43,675 - Step 04187: 52.3700 E_h, exp. variance=178.1522 E_h^2, pmove=0.60
2026-06-02 20:25:44,352 - Step 04188: 8.7316 E_h, exp. variance=162.2401 E_h^2, pmove=0.60
2026-06-02 20:25:45,016 - Step 04189: 13.3048 E_h, exp. variance=146.0331 E_h^2, pmove=0.60
2026-06-02 20:25:45,682 - Step 04190: 8.6339 E_h, exp. variance=133.0782 E_h^2, pmove=0.60
2026-06-02 20:25:46,345 - Step 04191: 8.4455 E_h, exp. variance=121.2395 E_h^2, pmove=0.60
2026-06-02 20:25:47,009 - Step 04192: 9.7742 E_h, exp. variance=109.5948 E_h^2, pmove=0.60
2026-06-02 20:25:47,673 - Step 04193: 8.6184 E_h, exp. variance=99.5757 E_h^2, pmove=0.60
2026-06-02 20:25:48,338 - Step 04194: 9.9494 E_h, exp. variance=89.8423 E_h^2, pmove=0.60
2026-06-02 20:25:49,000 - Step 04195: 28.6990 E_h, exp. variance=107.8851 E_h^2, pmove=0.60
2026-06-02 20:25:49,663 - Step 04196: 8.3534 E_h, exp. variance=99.1266 E_h^2, pmove=0.59
2026-06-02 20:25:50,324 - Step 04197: 8.7871 E_h, exp. variance=90.5415 E_h^2, pmove=0.60
2026-06-02 20:25:50,990 - Step 04198: 8.6229 E_h, exp. variance=82.6673 E_h^2, pmove=0.60
2026-06-02 20:25:51,652 - Step 04199: 8.4007 E_h, exp. variance=75.4911 E_h^2, pmove=0.60
2026-06-02 20:25:52,317 - Step 04200: 8.4577 E_h, exp. variance=68.7935 E_h^2, pmove=0.60
2026-06-02 20:25:52,981 - Step 04201: 8.7810 E_h, exp. variance=62.4522 E_h^2, pmove=0.60
2026-06-02 20:25:53,645 - Step 04202: 8.7252 E_h, exp. variance=56.6651 E_h^2, pmove=0.60
2026-06-02 20:25:54,312 - Step 04203: 8.4815 E_h, exp. variance=51.4641 E_h^2, pmove=0.60
2026-06-02 20:25:54,976 - Step 04204: 9.0319 E_h, exp. variance=46.5193 E_h^2, pmove=0.60
2026-06-02 20:25:55,639 - Step 04205: 8.4055 E_h, exp. variance=42.2178 E_h^2, pmove=0.60
2026-06-02 20:25:56,303 - Step 04206: 74.2596 E_h, exp. variance=407.5366 E_h^2, pmove=0.60
2026-06-02 20:25:56,971 - Step 04207: 8.4142 E_h, exp. variance=372.7977 E_h^2, pmove=0.60
2026-06-02 20:25:57,635 - Step 04208: 8.6125 E_h, exp. variance=340.1308 E_h^2, pmove=0.60
2026-06-02 20:25:58,299 - Step 04209: 8.5357 E_h, exp. variance=309.9438 E_h^2, pmove=0.60
2026-06-02 20:25:58,963 - Step 04210: 8.7475 E_h, exp. variance=281.8289 E_h^2, pmove=0.60
2026-06-02 20:25:59,630 - Step 04211: 8.3339 E_h, exp. variance=256.3727 E_h^2, pmove=0.60
2026-06-02 20:26:00,296 - Step 04212: 8.3473 E_h, exp. variance=232.9321 E_h^2, pmove=0.60
2026-06-02 20:26:00,961 - Step 04213: 8.4947 E_h, exp. variance=211.3023 E_h^2, pmove=0.61
2026-06-02 20:26:01,627 - Step 04214: 8.4349 E_h, exp. variance=191.5613 E_h^2, pmove=0.60
2026-06-02 20:26:02,292 - Step 04215: 8.5294 E_h, exp. variance=173.4712 E_h^2, pmove=0.61
2026-06-02 20:26:02,956 - Step 04216: 8.5577 E_h, exp. variance=156.9718 E_h^2, pmove=0.61
2026-06-02 20:26:03,620 - Step 04217: 8.7788 E_h, exp. variance=141.8558 E_h^2, pmove=0.60
2026-06-02 20:26:04,283 - Step 04218: 8.7984 E_h, exp. variance=128.1328 E_h^2, pmove=0.61
2026-06-02 20:26:04,947 - Step 04219: 8.4248 E_h, exp. variance=115.8441 E_h^2, pmove=0.60
2026-06-02 20:26:05,611 - Step 04220: 8.3665 E_h, exp. variance=104.7077 E_h^2, pmove=0.61
2026-06-02 20:26:06,274 - Step 04221: 10.5033 E_h, exp. variance=94.2384 E_h^2, pmove=0.61
2026-06-02 20:26:06,938 - Step 04222: 8.4153 E_h, exp. variance=85.1646 E_h^2, pmove=0.60
2026-06-02 20:26:07,603 - Step 04223: 8.6812 E_h, exp. variance=76.8530 E_h^2, pmove=0.61
2026-06-02 20:26:08,269 - Step 04224: 8.3538 E_h, exp. variance=69.4234 E_h^2, pmove=0.60
2026-06-02 20:26:08,931 - Step 04225: 9.5486 E_h, exp. variance=62.4904 E_h^2, pmove=0.60
2026-06-02 20:26:09,595 - Step 04226: 8.3931 E_h, exp. variance=56.4294 E_h^2, pmove=0.60
2026-06-02 20:26:10,260 - Step 04227: 8.5819 E_h, exp. variance=50.8977 E_h^2, pmove=0.60
2026-06-02 20:26:10,923 - Step 04228: 8.4600 E_h, exp. variance=45.9214 E_h^2, pmove=0.60
2026-06-02 20:26:11,585 - Step 04229: 8.5981 E_h, exp. variance=41.3978 E_h^2, pmove=0.60
2026-06-02 20:26:12,248 - Step 04230: 8.8506 E_h, exp. variance=37.2835 E_h^2, pmove=0.60
2026-06-02 20:26:12,912 - Step 04231: 8.5936 E_h, exp. variance=33.6040 E_h^2, pmove=0.60
2026-06-02 20:26:13,574 - Step 04232: 8.3729 E_h, exp. variance=30.3138 E_h^2, pmove=0.60
2026-06-02 20:26:14,236 - Step 04233: 8.7349 E_h, exp. variance=27.2993 E_h^2, pmove=0.61
2026-06-02 20:26:14,898 - Step 04234: 8.5362 E_h, exp. variance=24.6006 E_h^2, pmove=0.61
2026-06-02 20:26:15,563 - Step 04235: 10.5140 E_h, exp. variance=22.3292 E_h^2, pmove=0.60
2026-06-02 20:26:16,227 - Step 04236: 9.2345 E_h, exp. variance=20.0964 E_h^2, pmove=0.60
2026-06-02 20:26:16,890 - Step 04237: 8.6296 E_h, exp. variance=18.1174 E_h^2, pmove=0.60
2026-06-02 20:26:17,551 - Step 04238: 8.3208 E_h, exp. variance=16.3682 E_h^2, pmove=0.60
2026-06-02 20:26:18,213 - Step 04239: 8.3186 E_h, exp. variance=14.7824 E_h^2, pmove=0.61
2026-06-02 20:26:18,876 - Step 04240: 8.3309 E_h, exp. variance=13.3440 E_h^2, pmove=0.61
2026-06-02 20:26:19,540 - Step 04241: 8.6174 E_h, exp. variance=12.0183 E_h^2, pmove=0.61
2026-06-02 20:26:20,202 - Step 04242: 8.8193 E_h, exp. variance=10.8171 E_h^2, pmove=0.60
2026-06-02 20:26:20,863 - Step 04243: 9.9571 E_h, exp. variance=9.8378 E_h^2, pmove=0.61
2026-06-02 20:26:21,528 - Step 04244: 8.3531 E_h, exp. variance=8.8913 E_h^2, pmove=0.61
2026-06-02 20:26:22,190 - Step 04245: 9.0814 E_h, exp. variance=8.0042 E_h^2, pmove=0.61
2026-06-02 20:26:22,852 - Step 04246: 8.6512 E_h, exp. variance=7.2117 E_h^2, pmove=0.61
2026-06-02 20:26:23,516 - Step 04247: 8.5509 E_h, exp. variance=6.5026 E_h^2, pmove=0.61
2026-06-02 20:26:24,180 - Step 04248: 8.6842 E_h, exp. variance=5.8558 E_h^2, pmove=0.60
2026-06-02 20:26:24,841 - Step 04249: 8.4638 E_h, exp. variance=5.2845 E_h^2, pmove=0.60
2026-06-02 20:26:25,503 - Step 04250: 10.2868 E_h, exp. variance=4.9492 E_h^2, pmove=0.61
2026-06-02 20:26:26,166 - Step 04251: 8.3764 E_h, exp. variance=4.4858 E_h^2, pmove=0.60
2026-06-02 20:26:26,829 - Step 04252: 8.7876 E_h, exp. variance=4.0386 E_h^2, pmove=0.60
2026-06-02 20:26:27,491 - Step 04253: 9.1723 E_h, exp. variance=3.6415 E_h^2, pmove=0.60
2026-06-02 20:26:28,152 - Step 04254: 10.9702 E_h, exp. variance=3.6541 E_h^2, pmove=0.59
2026-06-02 20:26:28,814 - Step 04255: 11.7051 E_h, exp. variance=3.8859 E_h^2, pmove=0.59
2026-06-02 20:26:29,477 - Step 04256: 9.1911 E_h, exp. variance=3.5007 E_h^2, pmove=0.59
2026-06-02 20:26:30,139 - Step 04257: 8.4516 E_h, exp. variance=3.2261 E_h^2, pmove=0.60
2026-06-02 20:26:30,802 - Step 04258: 8.4003 E_h, exp. variance=2.9724 E_h^2, pmove=0.60
2026-06-02 20:26:31,463 - Step 04259: 8.3293 E_h, exp. variance=2.7416 E_h^2, pmove=0.60
2026-06-02 20:26:32,130 - Step 04260: 8.3686 E_h, exp. variance=2.5158 E_h^2, pmove=0.60
2026-06-02 20:26:32,792 - Step 04261: 8.4465 E_h, exp. variance=2.2947 E_h^2, pmove=0.60
2026-06-02 20:26:33,454 - Step 04262: 8.3907 E_h, exp. variance=2.0955 E_h^2, pmove=0.61
2026-06-02 20:26:34,118 - Step 04263: 8.6404 E_h, exp. variance=1.8926 E_h^2, pmove=0.60
2026-06-02 20:26:34,783 - Step 04264: 12.1102 E_h, exp. variance=2.6394 E_h^2, pmove=0.61
2026-06-02 20:26:35,445 - Step 04265: 9.3309 E_h, exp. variance=2.3768 E_h^2, pmove=0.59
2026-06-02 20:26:36,107 - Step 04266: 9.0254 E_h, exp. variance=2.1425 E_h^2, pmove=0.59
2026-06-02 20:26:36,771 - Step 04267: 9.2046 E_h, exp. variance=1.9283 E_h^2, pmove=0.60
2026-06-02 20:26:37,437 - Step 04268: 15.0235 E_h, exp. variance=4.7865 E_h^2, pmove=0.60
2026-06-02 20:26:38,107 - Step 04269: 8.6467 E_h, exp. variance=4.4241 E_h^2, pmove=0.59
2026-06-02 20:26:38,771 - Step 04270: 8.5259 E_h, exp. variance=4.0994 E_h^2, pmove=0.60
2026-06-02 20:26:39,435 - Step 04271: 8.5817 E_h, exp. variance=3.7748 E_h^2, pmove=0.60
2026-06-02 20:26:40,100 - Step 04272: 8.8437 E_h, exp. variance=3.4313 E_h^2, pmove=0.60
2026-06-02 20:26:40,766 - Step 04273: 18.2700 E_h, exp. variance=10.1747 E_h^2, pmove=0.60
2026-06-02 20:26:41,430 - Step 04274: 9.9849 E_h, exp. variance=9.1653 E_h^2, pmove=0.59
2026-06-02 20:26:42,094 - Step 04275: 8.4914 E_h, exp. variance=8.5283 E_h^2, pmove=0.59
2026-06-02 20:26:42,757 - Step 04276: 9.6823 E_h, exp. variance=7.6896 E_h^2, pmove=0.60
2026-06-02 20:26:43,423 - Step 04277: 8.4178 E_h, exp. variance=7.1569 E_h^2, pmove=0.60
2026-06-02 20:26:44,085 - Step 04278: 8.3372 E_h, exp. variance=6.6544 E_h^2, pmove=0.60
2026-06-02 20:26:44,748 - Step 04279: 9.4052 E_h, exp. variance=5.9980 E_h^2, pmove=0.60
2026-06-02 20:26:45,410 - Step 04280: 9.1188 E_h, exp. variance=5.4276 E_h^2, pmove=0.60
2026-06-02 20:26:46,076 - Step 04281: 9.4497 E_h, exp. variance=4.8879 E_h^2, pmove=0.60
2026-06-02 20:26:46,738 - Step 04282: 9.7767 E_h, exp. variance=4.4014 E_h^2, pmove=0.60
2026-06-02 20:26:47,401 - Step 04283: 8.3864 E_h, exp. variance=4.1007 E_h^2, pmove=0.60
2026-06-02 20:26:48,064 - Step 04284: 80.9213 E_h, exp. variance=462.6954 E_h^2, pmove=0.60
2026-06-02 20:26:48,728 - Step 04285: 10.4088 E_h, exp. variance=419.9295 E_h^2, pmove=0.59
2026-06-02 20:26:49,390 - Step 04286: 8.3429 E_h, exp. variance=383.2468 E_h^2, pmove=0.60
2026-06-02 20:26:50,053 - Step 04287: 8.3755 E_h, exp. variance=349.1830 E_h^2, pmove=0.60
2026-06-02 20:26:50,715 - Step 04288: 8.4412 E_h, exp. variance=317.6430 E_h^2, pmove=0.60
2026-06-02 20:26:51,379 - Step 04289: 9.3388 E_h, exp. variance=287.7968 E_h^2, pmove=0.60
2026-06-02 20:26:52,041 - Step 04290: 8.8016 E_h, exp. variance=260.9985 E_h^2, pmove=0.60
2026-06-02 20:26:52,703 - Step 04291: 8.4584 E_h, exp. variance=236.7751 E_h^2, pmove=0.60
2026-06-02 20:26:53,365 - Step 04292: 8.7262 E_h, exp. variance=214.4259 E_h^2, pmove=0.60
2026-06-02 20:26:54,030 - Step 04293: 8.6059 E_h, exp. variance=194.1353 E_h^2, pmove=0.60
2026-06-02 20:26:54,690 - Step 04294: 9.2963 E_h, exp. variance=175.2977 E_h^2, pmove=0.60
2026-06-02 20:26:55,353 - Step 04295: 8.4265 E_h, exp. variance=158.6589 E_h^2, pmove=0.60
2026-06-02 20:26:56,016 - Step 04296: 8.5354 E_h, exp. variance=143.4603 E_h^2, pmove=0.60
2026-06-02 20:26:56,681 - Step 04297: 8.6760 E_h, exp. variance=129.5946 E_h^2, pmove=0.60
2026-06-02 20:26:57,343 - Step 04298: 8.8360 E_h, exp. variance=116.9665 E_h^2, pmove=0.60
2026-06-02 20:26:58,004 - Step 04299: 56.5351 E_h, exp. variance=295.4781 E_h^2, pmove=0.60
2026-06-02 20:26:58,665 - Step 04300: 8.4211 E_h, exp. variance=270.0179 E_h^2, pmove=0.59
2026-06-02 20:26:59,328 - Step 04301: 8.4082 E_h, exp. variance=246.3411 E_h^2, pmove=0.60
2026-06-02 20:26:59,993 - Step 04302: 8.4068 E_h, exp. variance=224.4016 E_h^2, pmove=0.60
2026-06-02 20:27:00,656 - Step 04303: 9.2058 E_h, exp. variance=203.4933 E_h^2, pmove=0.60
2026-06-02 20:27:01,318 - Step 04304: 8.6691 E_h, exp. variance=184.7694 E_h^2, pmove=0.60
2026-06-02 20:27:01,980 - Step 04305: 8.9422 E_h, exp. variance=167.4278 E_h^2, pmove=0.61
2026-06-02 20:27:02,644 - Step 04306: 9.6436 E_h, exp. variance=151.2453 E_h^2, pmove=0.60
2026-06-02 20:27:03,307 - Step 04307: 8.4447 E_h, exp. variance=137.1885 E_h^2, pmove=0.60
2026-06-02 20:27:03,970 - Step 04308: 9.8867 E_h, exp. variance=123.7171 E_h^2, pmove=0.60
2026-06-02 20:27:04,631 - Step 04309: 8.3157 E_h, exp. variance=112.1899 E_h^2, pmove=0.60
2026-06-02 20:27:05,297 - Step 04310: 8.6000 E_h, exp. variance=101.5212 E_h^2, pmove=0.60
2026-06-02 20:27:05,959 - Step 04311: 8.4611 E_h, exp. variance=91.8721 E_h^2, pmove=0.61
2026-06-02 20:27:06,621 - Step 04312: 9.0878 E_h, exp. variance=82.8877 E_h^2, pmove=0.60
2026-06-02 20:27:07,282 - Step 04313: 8.3761 E_h, exp. variance=74.9818 E_h^2, pmove=0.61
2026-06-02 20:27:07,948 - Step 04314: 8.2408 E_h, exp. variance=67.8407 E_h^2, pmove=0.61
2026-06-02 20:27:08,609 - Step 04315: 8.3701 E_h, exp. variance=61.3056 E_h^2, pmove=0.61
2026-06-02 20:27:09,271 - Step 04316: 8.8649 E_h, exp. variance=55.2654 E_h^2, pmove=0.61
2026-06-02 20:27:09,932 - Step 04317: 9.7585 E_h, exp. variance=49.7389 E_h^2, pmove=0.61
2026-06-02 20:27:10,597 - Step 04318: 8.4033 E_h, exp. variance=44.9321 E_h^2, pmove=0.60
2026-06-02 20:27:11,259 - Step 04319: 13.9430 E_h, exp. variance=42.1133 E_h^2, pmove=0.61
2026-06-02 20:27:11,922 - Step 04320: 8.7659 E_h, exp. variance=38.0529 E_h^2, pmove=0.61
2026-06-02 20:27:12,585 - Step 04321: 8.5322 E_h, exp. variance=34.4239 E_h^2, pmove=0.61
2026-06-02 20:27:13,248 - Step 04322: 9.0170 E_h, exp. variance=31.0355 E_h^2, pmove=0.60
2026-06-02 20:27:13,910 - Step 04323: 8.7379 E_h, exp. variance=28.0177 E_h^2, pmove=0.60
2026-06-02 20:27:14,571 - Step 04324: 8.7291 E_h, exp. variance=25.2868 E_h^2, pmove=0.60
2026-06-02 20:27:15,234 - Step 04325: 8.3191 E_h, exp. variance=22.8896 E_h^2, pmove=0.60
2026-06-02 20:27:15,895 - Step 04326: 9.6956 E_h, exp. variance=20.6081 E_h^2, pmove=0.61
2026-06-02 20:27:16,557 - Step 04327: 8.4175 E_h, exp. variance=18.6406 E_h^2, pmove=0.60
2026-06-02 20:27:17,219 - Step 04328: 8.3903 E_h, exp. variance=16.8567 E_h^2, pmove=0.60
2026-06-02 20:27:17,880 - Step 04329: 8.4169 E_h, exp. variance=15.2320 E_h^2, pmove=0.61
2026-06-02 20:27:18,541 - Step 04330: 9.5474 E_h, exp. variance=13.7225 E_h^2, pmove=0.61
2026-06-02 20:27:19,203 - Step 04331: 66.2412 E_h, exp. variance=305.2215 E_h^2, pmove=0.60
2026-06-02 20:27:19,864 - Step 04332: 8.5587 E_h, exp. variance=278.3194 E_h^2, pmove=0.60
2026-06-02 20:27:20,525 - Step 04333: 8.4282 E_h, exp. variance=253.5552 E_h^2, pmove=0.60
2026-06-02 20:27:21,188 - Step 04334: 8.7538 E_h, exp. variance=230.3862 E_h^2, pmove=0.60
2026-06-02 20:27:21,852 - Step 04335: 8.3254 E_h, exp. variance=209.4772 E_h^2, pmove=0.60
2026-06-02 20:27:22,513 - Step 04336: 8.5179 E_h, exp. variance=190.1062 E_h^2, pmove=0.60
2026-06-02 20:27:23,175 - Step 04337: 8.6351 E_h, exp. variance=172.2944 E_h^2, pmove=0.61
2026-06-02 20:27:23,837 - Step 04338: 8.3381 E_h, exp. variance=156.2196 E_h^2, pmove=0.60
2026-06-02 20:27:24,500 - Step 04339: 26.8297 E_h, exp. variance=161.5775 E_h^2, pmove=0.60
2026-06-02 20:27:25,162 - Step 04340: 8.5284 E_h, exp. variance=147.2913 E_h^2, pmove=0.60
2026-06-02 20:27:25,825 - Step 04341: 8.6070 E_h, exp. variance=134.0206 E_h^2, pmove=0.60
2026-06-02 20:27:26,487 - Step 04342: 8.3390 E_h, exp. variance=121.9811 E_h^2, pmove=0.60
2026-06-02 20:27:27,152 - Step 04343: 8.3213 E_h, exp. variance=110.8979 E_h^2, pmove=0.60
2026-06-02 20:27:27,815 - Step 04344: 8.3504 E_h, exp. variance=100.6946 E_h^2, pmove=0.60
2026-06-02 20:27:28,478 - Step 04345: 9.5598 E_h, exp. variance=90.8599 E_h^2, pmove=0.61
2026-06-02 20:27:29,140 - Step 04346: 30.2054 E_h, exp. variance=114.9234 E_h^2, pmove=0.60
2026-06-02 20:27:29,803 - Step 04347: 8.3502 E_h, exp. variance=105.3210 E_h^2, pmove=0.60
2026-06-02 20:27:30,466 - Step 04348: 8.6469 E_h, exp. variance=96.1074 E_h^2, pmove=0.60
2026-06-02 20:27:31,129 - Step 04349: 8.6156 E_h, exp. variance=87.5842 E_h^2, pmove=0.60
2026-06-02 20:27:31,792 - Step 04350: 11.4755 E_h, exp. variance=78.8323 E_h^2, pmove=0.61
2026-06-02 20:27:32,456 - Step 04351: 8.6648 E_h, exp. variance=71.7876 E_h^2, pmove=0.60
2026-06-02 20:27:33,120 - Step 04352: 8.3773 E_h, exp. variance=65.4376 E_h^2, pmove=0.61
2026-06-02 20:27:33,783 - Step 04353: 8.6454 E_h, exp. variance=59.4399 E_h^2, pmove=0.61
2026-06-02 20:27:34,446 - Step 04354: 8.3578 E_h, exp. variance=54.0604 E_h^2, pmove=0.60
2026-06-02 20:27:35,110 - Step 04355: 8.2945 E_h, exp. variance=49.1376 E_h^2, pmove=0.61
2026-06-02 20:27:35,773 - Step 04356: 8.4220 E_h, exp. variance=44.5689 E_h^2, pmove=0.61
2026-06-02 20:27:36,436 - Step 04357: 8.5612 E_h, exp. variance=40.3491 E_h^2, pmove=0.60
2026-06-02 20:27:37,100 - Step 04358: 12.0875 E_h, exp. variance=36.6982 E_h^2, pmove=0.61
2026-06-02 20:27:37,762 - Step 04359: 8.4772 E_h, exp. variance=33.3044 E_h^2, pmove=0.61
2026-06-02 20:27:38,425 - Step 04360: 8.5496 E_h, exp. variance=30.1774 E_h^2, pmove=0.61
2026-06-02 20:27:39,086 - Step 04361: 8.2704 E_h, exp. variance=27.3996 E_h^2, pmove=0.60
2026-06-02 20:27:39,749 - Step 04362: 8.2950 E_h, exp. variance=24.8475 E_h^2, pmove=0.61
2026-06-02 20:27:40,411 - Step 04363: 8.3222 E_h, exp. variance=22.5086 E_h^2, pmove=0.61
2026-06-02 20:27:41,072 - Step 04364: 8.3667 E_h, exp. variance=20.3669 E_h^2, pmove=0.61
2026-06-02 20:27:41,733 - Step 04365: 135.5149 E_h, exp. variance=1450.7338 E_h^2, pmove=0.61
2026-06-02 20:27:42,395 - Step 04366: 8.7733 E_h, exp. variance=1321.3424 E_h^2, pmove=0.59
2026-06-02 20:27:43,056 - Step 04367: 8.4380 E_h, exp. variance=1202.6378 E_h^2, pmove=0.60
2026-06-02 20:27:43,728 - Step 04368: 8.5899 E_h, exp. variance=1092.9535 E_h^2, pmove=0.61
2026-06-02 20:27:44,391 - Step 04369: 8.5231 E_h, exp. variance=992.3452 E_h^2, pmove=0.61
2026-06-02 20:27:45,052 - Step 04370: 8.4855 E_h, exp. variance=900.2073 E_h^2, pmove=0.60
2026-06-02 20:27:45,713 - Step 04371: 10.1331 E_h, exp. variance=813.8090 E_h^2, pmove=0.61
2026-06-02 20:27:46,378 - Step 04372: 9.1118 E_h, exp. variance=736.5058 E_h^2, pmove=0.60
2026-06-02 20:27:47,040 - Step 04373: 10.3002 E_h, exp. variance=664.9894 E_h^2, pmove=0.60
2026-06-02 20:27:47,702 - Step 04374: 8.4321 E_h, exp. variance=602.0070 E_h^2, pmove=0.60
2026-06-02 20:27:48,363 - Step 04375: 8.5421 E_h, exp. variance=544.5443 E_h^2, pmove=0.60
2026-06-02 20:27:49,028 - Step 04376: 8.9795 E_h, exp. variance=491.9340 E_h^2, pmove=0.60
2026-06-02 20:27:49,693 - Step 04377: 9.5718 E_h, exp. variance=443.8316 E_h^2, pmove=0.60
2026-06-02 20:27:50,355 - Step 04378: 21.3043 E_h, exp. variance=406.1032 E_h^2, pmove=0.60
2026-06-02 20:27:51,017 - Step 04379: 8.3324 E_h, exp. variance=367.9572 E_h^2, pmove=0.59
2026-06-02 20:27:51,682 - Step 04380: 8.8896 E_h, exp. variance=332.7133 E_h^2, pmove=0.60
2026-06-02 20:27:52,344 - Step 04381: 9.9782 E_h, exp. variance=300.0733 E_h^2, pmove=0.60
2026-06-02 20:27:53,007 - Step 04382: 8.3475 E_h, exp. variance=271.5163 E_h^2, pmove=0.60
2026-06-02 20:27:53,669 - Step 04383: 8.4132 E_h, exp. variance=245.4971 E_h^2, pmove=0.60
2026-06-02 20:27:54,333 - Step 04384: 9.6838 E_h, exp. variance=221.2798 E_h^2, pmove=0.60
2026-06-02 20:27:54,995 - Step 04385: 8.6500 E_h, exp. variance=199.8392 E_h^2, pmove=0.60
2026-06-02 20:27:55,656 - Step 04386: 9.0246 E_h, exp. variance=180.2569 E_h^2, pmove=0.60
2026-06-02 20:27:56,318 - Step 04387: 8.6227 E_h, exp. variance=162.7086 E_h^2, pmove=0.60
2026-06-02 20:27:56,982 - Step 04388: 8.5712 E_h, exp. variance=146.8439 E_h^2, pmove=0.60
2026-06-02 20:27:57,645 - Step 04389: 8.8192 E_h, exp. variance=132.4087 E_h^2, pmove=0.60
2026-06-02 20:27:58,308 - Step 04390: 8.7599 E_h, exp. variance=119.3860 E_h^2, pmove=0.59
2026-06-02 20:27:58,970 - Step 04391: 8.3622 E_h, exp. variance=107.7386 E_h^2, pmove=0.60
2026-06-02 20:27:59,634 - Step 04392: 8.6553 E_h, exp. variance=97.1230 E_h^2, pmove=0.61
2026-06-02 20:28:00,297 - Step 04393: 9.6912 E_h, exp. variance=87.4129 E_h^2, pmove=0.60
2026-06-02 20:28:00,960 - Step 04394: 8.6898 E_h, exp. variance=78.7892 E_h^2, pmove=0.60
2026-06-02 20:28:01,621 - Step 04395: 8.2896 E_h, exp. variance=71.0941 E_h^2, pmove=0.60
2026-06-02 20:28:02,284 - Step 04396: 23.5632 E_h, exp. variance=81.5933 E_h^2, pmove=0.61
2026-06-02 20:28:02,949 - Step 04397: 8.5194 E_h, exp. variance=73.9764 E_h^2, pmove=0.59
2026-06-02 20:28:03,612 - Step 04398: 8.3452 E_h, exp. variance=67.0901 E_h^2, pmove=0.60
2026-06-02 20:28:04,275 - Step 04399: 8.3111 E_h, exp. variance=60.8086 E_h^2, pmove=0.60
2026-06-02 20:28:04,937 - Step 04400: 8.4922 E_h, exp. variance=55.0131 E_h^2, pmove=0.61
2026-06-02 20:28:05,602 - Step 04401: 8.3451 E_h, exp. variance=49.7872 E_h^2, pmove=0.60
2026-06-02 20:28:06,265 - Step 04402: 8.9537 E_h, exp. variance=44.8924 E_h^2, pmove=0.60
2026-06-02 20:28:06,927 - Step 04403: 8.3122 E_h, exp. variance=40.6086 E_h^2, pmove=0.61
2026-06-02 20:28:07,589 - Step 04404: 8.6391 E_h, exp. variance=36.6438 E_h^2, pmove=0.61
2026-06-02 20:28:08,254 - Step 04405: 8.3579 E_h, exp. variance=33.1113 E_h^2, pmove=0.61
2026-06-02 20:28:08,917 - Step 04406: 11.7311 E_h, exp. variance=30.2695 E_h^2, pmove=0.61
2026-06-02 20:28:09,580 - Step 04407: 125.8446 E_h, exp. variance=1241.8080 E_h^2, pmove=0.60
2026-06-02 20:28:10,242 - Step 04408: 8.2660 E_h, exp. variance=1132.8998 E_h^2, pmove=0.59
2026-06-02 20:28:10,908 - Step 04409: 8.3302 E_h, exp. variance=1031.8456 E_h^2, pmove=0.60
2026-06-02 20:28:11,570 - Step 04410: 10.2385 E_h, exp. variance=935.2951 E_h^2, pmove=0.60
2026-06-02 20:28:12,233 - Step 04411: 8.2975 E_h, exp. variance=850.1780 E_h^2, pmove=0.61
2026-06-02 20:28:12,896 - Step 04412: 9.5342 E_h, exp. variance=770.1750 E_h^2, pmove=0.60
2026-06-02 20:28:13,561 - Step 04413: 8.3180 E_h, exp. variance=698.8233 E_h^2, pmove=0.61
2026-06-02 20:28:14,223 - Step 04414: 8.4630 E_h, exp. variance=633.3458 E_h^2, pmove=0.61
2026-06-02 20:28:14,885 - Step 04415: 8.6523 E_h, exp. variance=573.3677 E_h^2, pmove=0.61
2026-06-02 20:28:15,548 - Step 04416: 9.1662 E_h, exp. variance=518.2651 E_h^2, pmove=0.61
2026-06-02 20:28:16,215 - Step 04417: 8.3295 E_h, exp. variance=468.9866 E_h^2, pmove=0.60
2026-06-02 20:28:16,876 - Step 04418: 8.3624 E_h, exp. variance=424.1236 E_h^2, pmove=0.60
2026-06-02 20:28:17,540 - Step 04419: 8.4448 E_h, exp. variance=383.2972 E_h^2, pmove=0.61
2026-06-02 20:28:18,236 - Step 04420: 10.3776 E_h, exp. variance=345.2740 E_h^2, pmove=0.61
2026-06-02 20:28:18,903 - Step 04421: 8.5158 E_h, exp. variance=311.8633 E_h^2, pmove=0.61
2026-06-02 20:28:19,567 - Step 04422: 8.5505 E_h, exp. variance=281.5618 E_h^2, pmove=0.60
2026-06-02 20:28:20,231 - Step 04423: 8.3039 E_h, exp. variance=254.2531 E_h^2, pmove=0.60
2026-06-02 20:28:20,893 - Step 04424: 8.3483 E_h, exp. variance=229.4924 E_h^2, pmove=0.61
2026-06-02 20:28:21,557 - Step 04425: 8.3040 E_h, exp. variance=207.1012 E_h^2, pmove=0.61
2026-06-02 20:28:22,221 - Step 04426: 8.3893 E_h, exp. variance=186.8092 E_h^2, pmove=0.61
2026-06-02 20:28:22,885 - Step 04427: 8.3955 E_h, exp. variance=168.4649 E_h^2, pmove=0.61
2026-06-02 20:28:23,549 - Step 04428: 8.8570 E_h, exp. variance=151.7656 E_h^2, pmove=0.61
2026-06-02 20:28:24,212 - Step 04429: 8.3683 E_h, exp. variance=136.8311 E_h^2, pmove=0.61
2026-06-02 20:28:24,876 - Step 04430: 8.4877 E_h, exp. variance=123.3135 E_h^2, pmove=0.61
2026-06-02 20:28:25,539 - Step 04431: 13.7728 E_h, exp. variance=112.4689 E_h^2, pmove=0.61
2026-06-02 20:28:26,202 - Step 04432: 10.6193 E_h, exp. variance=101.2449 E_h^2, pmove=0.60
2026-06-02 20:28:26,863 - Step 04433: 8.7313 E_h, exp. variance=91.3055 E_h^2, pmove=0.60
2026-06-02 20:28:27,526 - Step 04434: 8.4154 E_h, exp. variance=82.4072 E_h^2, pmove=0.60
2026-06-02 20:28:28,188 - Step 04435: 10.3253 E_h, exp. variance=74.1859 E_h^2, pmove=0.60
2026-06-02 20:28:28,851 - Step 04436: 8.3595 E_h, exp. variance=66.9830 E_h^2, pmove=0.60
2026-06-02 20:28:29,513 - Step 04437: 8.5321 E_h, exp. variance=60.4188 E_h^2, pmove=0.61
2026-06-02 20:28:30,177 - Step 04438: 8.3495 E_h, exp. variance=54.5247 E_h^2, pmove=0.60
2026-06-02 20:28:30,840 - Step 04439: 8.3186 E_h, exp. variance=49.1984 E_h^2, pmove=0.61
2026-06-02 20:28:31,506 - Step 04440: 8.3981 E_h, exp. variance=44.3661 E_h^2, pmove=0.61
2026-06-02 20:28:32,168 - Step 04441: 9.0318 E_h, exp. variance=39.9353 E_h^2, pmove=0.61
2026-06-02 20:28:32,832 - Step 04442: 8.3593 E_h, exp. variance=36.0148 E_h^2, pmove=0.61
2026-06-02 20:28:33,495 - Step 04443: 9.9829 E_h, exp. variance=32.4728 E_h^2, pmove=0.61
2026-06-02 20:28:34,158 - Step 04444: 8.4541 E_h, exp. variance=29.2827 E_h^2, pmove=0.61
2026-06-02 20:28:34,821 - Step 04445: 8.4220 E_h, exp. variance=26.4050 E_h^2, pmove=0.61
2026-06-02 20:28:35,485 - Step 04446: 8.4194 E_h, exp. variance=23.8058 E_h^2, pmove=0.61
2026-06-02 20:28:36,148 - Step 04447: 8.7102 E_h, exp. variance=21.4344 E_h^2, pmove=0.61
2026-06-02 20:28:36,811 - Step 04448: 8.7247 E_h, exp. variance=19.2976 E_h^2, pmove=0.61
2026-06-02 20:28:37,473 - Step 04449: 8.4373 E_h, exp. variance=17.3934 E_h^2, pmove=0.61
2026-06-02 20:28:38,137 - Step 04450: 8.4097 E_h, exp. variance=15.6772 E_h^2, pmove=0.60
2026-06-02 20:28:38,800 - Step 04451: 12.3065 E_h, exp. variance=15.1749 E_h^2, pmove=0.61
2026-06-02 20:28:39,462 - Step 04452: 13.7349 E_h, exp. variance=15.5001 E_h^2, pmove=0.60
2026-06-02 20:28:40,125 - Step 04453: 9.8251 E_h, exp. variance=13.9525 E_h^2, pmove=0.59
2026-06-02 20:28:40,789 - Step 04454: 8.6455 E_h, exp. variance=12.6533 E_h^2, pmove=0.60
2026-06-02 20:28:41,452 - Step 04455: 9.3117 E_h, exp. variance=11.3943 E_h^2, pmove=0.60
2026-06-02 20:28:42,115 - Step 04456: 8.3554 E_h, exp. variance=10.3831 E_h^2, pmove=0.59
2026-06-02 20:28:42,778 - Step 04457: 10.0490 E_h, exp. variance=9.3793 E_h^2, pmove=0.60
2026-06-02 20:28:43,448 - Step 04458: 8.4045 E_h, exp. variance=8.5477 E_h^2, pmove=0.59
2026-06-02 20:28:44,110 - Step 04459: 8.5599 E_h, exp. variance=7.7539 E_h^2, pmove=0.60
2026-06-02 20:28:44,773 - Step 04460: 9.7101 E_h, exp. variance=6.9936 E_h^2, pmove=0.60
2026-06-02 20:28:45,437 - Step 04461: 8.7193 E_h, exp. variance=6.3291 E_h^2, pmove=0.60
2026-06-02 20:28:46,100 - Step 04462: 8.4418 E_h, exp. variance=5.7593 E_h^2, pmove=0.60
2026-06-02 20:28:46,762 - Step 04463: 8.4596 E_h, exp. variance=5.2321 E_h^2, pmove=0.61
2026-06-02 20:28:47,426 - Step 04464: 8.3693 E_h, exp. variance=4.7599 E_h^2, pmove=0.60
2026-06-02 20:28:48,089 - Step 04465: 8.6787 E_h, exp. variance=4.2961 E_h^2, pmove=0.61
2026-06-02 20:28:48,752 - Step 04466: 9.0377 E_h, exp. variance=3.8666 E_h^2, pmove=0.60
2026-06-02 20:28:49,414 - Step 04467: 10.3168 E_h, exp. variance=3.6330 E_h^2, pmove=0.60
2026-06-02 20:28:50,076 - Step 04468: 9.2472 E_h, exp. variance=3.2706 E_h^2, pmove=0.60
2026-06-02 20:28:50,739 - Step 04469: 63.4140 E_h, exp. variance=267.9219 E_h^2, pmove=0.60
2026-06-02 20:28:51,402 - Step 04470: 29.5218 E_h, exp. variance=261.2239 E_h^2, pmove=0.60
2026-06-02 20:28:52,068 - Step 04471: 8.2707 E_h, exp. variance=240.5814 E_h^2, pmove=0.58
2026-06-02 20:28:52,731 - Step 04472: 8.3485 E_h, exp. variance=220.8642 E_h^2, pmove=0.61
2026-06-02 20:28:53,393 - Step 04473: 8.3212 E_h, exp. variance=202.3247 E_h^2, pmove=0.60
2026-06-02 20:28:54,056 - Step 04474: 8.3336 E_h, exp. variance=184.9526 E_h^2, pmove=0.60
2026-06-02 20:28:54,722 - Step 04475: 10.3189 E_h, exp. variance=167.3159 E_h^2, pmove=0.60
2026-06-02 20:28:55,385 - Step 04476: 8.7560 E_h, exp. variance=152.2815 E_h^2, pmove=0.60
2026-06-02 20:28:56,048 - Step 04477: 21.2809 E_h, exp. variance=143.7355 E_h^2, pmove=0.60
2026-06-02 20:28:56,710 - Step 04478: 9.9754 E_h, exp. variance=130.4966 E_h^2, pmove=0.59
2026-06-02 20:28:57,376 - Step 04479: 8.4811 E_h, exp. variance=119.4264 E_h^2, pmove=0.59
2026-06-02 20:28:58,042 - Step 04480: 8.4788 E_h, exp. variance=109.0889 E_h^2, pmove=0.59
2026-06-02 20:28:58,705 - Step 04481: 8.5532 E_h, exp. variance=99.4298 E_h^2, pmove=0.60
2026-06-02 20:28:59,369 - Step 04482: 8.7942 E_h, exp. variance=90.3589 E_h^2, pmove=0.60
2026-06-02 20:29:00,035 - Step 04483: 8.3273 E_h, exp. variance=82.2844 E_h^2, pmove=0.60
2026-06-02 20:29:00,698 - Step 04484: 8.3878 E_h, exp. variance=74.8030 E_h^2, pmove=0.60
2026-06-02 20:29:01,361 - Step 04485: 8.3397 E_h, exp. variance=67.9505 E_h^2, pmove=0.61
2026-06-02 20:29:02,024 - Step 04486: 8.6278 E_h, exp. variance=61.5481 E_h^2, pmove=0.60
2026-06-02 20:29:02,689 - Step 04487: 8.8457 E_h, exp. variance=55.6419 E_h^2, pmove=0.61
2026-06-02 20:29:03,352 - Step 04488: 8.3465 E_h, exp. variance=50.4360 E_h^2, pmove=0.61
2026-06-02 20:29:04,015 - Step 04489: 8.4523 E_h, exp. variance=45.6493 E_h^2, pmove=0.61
2026-06-02 20:29:04,678 - Step 04490: 8.4552 E_h, exp. variance=41.2918 E_h^2, pmove=0.61
2026-06-02 20:29:05,342 - Step 04491: 8.6839 E_h, exp. variance=37.2790 E_h^2, pmove=0.61
2026-06-02 20:29:06,005 - Step 04492: 9.7205 E_h, exp. variance=33.5511 E_h^2, pmove=0.61
2026-06-02 20:29:06,669 - Step 04493: 10.7764 E_h, exp. variance=30.2986 E_h^2, pmove=0.60
2026-06-02 20:29:07,331 - Step 04494: 9.5158 E_h, exp. variance=27.2768 E_h^2, pmove=0.60
2026-06-02 20:29:07,994 - Step 04495: 8.4654 E_h, exp. variance=24.7060 E_h^2, pmove=0.59
2026-06-02 20:29:08,659 - Step 04496: 29.9618 E_h, exp. variance=59.3534 E_h^2, pmove=0.60
2026-06-02 20:29:09,322 - Step 04497: 8.7526 E_h, exp. variance=54.1916 E_h^2, pmove=0.59
2026-06-02 20:29:09,983 - Step 04498: 8.6284 E_h, exp. variance=49.4595 E_h^2, pmove=0.59
2026-06-02 20:29:10,645 - Step 04499: 8.4529 E_h, exp. variance=45.1513 E_h^2, pmove=0.60
2026-06-02 20:29:11,310 - Step 04500: 8.3074 E_h, exp. variance=41.2175 E_h^2, pmove=0.60
2026-06-02 20:29:11,972 - Step 04501: 8.3125 E_h, exp. variance=37.5644 E_h^2, pmove=0.61
2026-06-02 20:29:12,634 - Step 04502: 8.8991 E_h, exp. variance=34.0018 E_h^2, pmove=0.60
2026-06-02 20:29:13,296 - Step 04503: 8.7833 E_h, exp. variance=30.7873 E_h^2, pmove=0.60
2026-06-02 20:29:13,961 - Step 04504: 11.9160 E_h, exp. variance=28.0132 E_h^2, pmove=0.61
2026-06-02 20:29:14,625 - Step 04505: 8.3827 E_h, exp. variance=25.5291 E_h^2, pmove=0.60
2026-06-02 20:29:15,289 - Step 04506: 9.3955 E_h, exp. variance=23.0174 E_h^2, pmove=0.60
2026-06-02 20:29:15,951 - Step 04507: 8.5405 E_h, exp. variance=20.9086 E_h^2, pmove=0.60
2026-06-02 20:29:16,616 - Step 04508: 8.3810 E_h, exp. variance=19.0141 E_h^2, pmove=0.60
2026-06-02 20:29:17,279 - Step 04509: 8.6800 E_h, exp. variance=17.2083 E_h^2, pmove=0.60
2026-06-02 20:29:17,941 - Step 04510: 8.3519 E_h, exp. variance=15.6293 E_h^2, pmove=0.61
2026-06-02 20:29:18,603 - Step 04511: 8.5389 E_h, exp. variance=14.1464 E_h^2, pmove=0.61
2026-06-02 20:29:19,272 - Step 04512: 8.4934 E_h, exp. variance=12.8037 E_h^2, pmove=0.61
2026-06-02 20:29:19,935 - Step 04513: 8.3777 E_h, exp. variance=11.5996 E_h^2, pmove=0.61
2026-06-02 20:29:20,598 - Step 04514: 8.3436 E_h, exp. variance=10.5066 E_h^2, pmove=0.61
2026-06-02 20:29:21,262 - Step 04515: 17.2044 E_h, exp. variance=15.3383 E_h^2, pmove=0.61
2026-06-02 20:29:21,928 - Step 04516: 8.2738 E_h, exp. variance=14.0508 E_h^2, pmove=0.60
2026-06-02 20:29:22,591 - Step 04517: 8.2887 E_h, exp. variance=12.8413 E_h^2, pmove=0.61
2026-06-02 20:29:23,253 - Step 04518: 8.2887 E_h, exp. variance=11.7156 E_h^2, pmove=0.61
2026-06-02 20:29:23,915 - Step 04519: 8.3167 E_h, exp. variance=10.6664 E_h^2, pmove=0.60
2026-06-02 20:29:24,581 - Step 04520: 8.5216 E_h, exp. variance=9.6640 E_h^2, pmove=0.61
2026-06-02 20:29:25,242 - Step 04521: 8.3047 E_h, exp. variance=8.7835 E_h^2, pmove=0.61
2026-06-02 20:29:25,903 - Step 04522: 8.3234 E_h, exp. variance=7.9718 E_h^2, pmove=0.61
2026-06-02 20:29:26,565 - Step 04523: 10.0456 E_h, exp. variance=7.2554 E_h^2, pmove=0.61
2026-06-02 20:29:27,231 - Step 04524: 8.2927 E_h, exp. variance=6.6028 E_h^2, pmove=0.61
2026-06-02 20:29:27,893 - Step 04525: 8.5694 E_h, exp. variance=5.9681 E_h^2, pmove=0.61
2026-06-02 20:29:28,554 - Step 04526: 8.5319 E_h, exp. variance=5.3954 E_h^2, pmove=0.61
2026-06-02 20:29:29,216 - Step 04527: 8.4063 E_h, exp. variance=4.8873 E_h^2, pmove=0.61
2026-06-02 20:29:29,879 - Step 04528: 8.8821 E_h, exp. variance=4.3989 E_h^2, pmove=0.60
2026-06-02 20:29:30,542 - Step 04529: 8.9410 E_h, exp. variance=3.9590 E_h^2, pmove=0.60
2026-06-02 20:29:31,205 - Step 04530: 8.9960 E_h, exp. variance=3.5635 E_h^2, pmove=0.60
2026-06-02 20:29:31,866 - Step 04531: 8.6005 E_h, exp. variance=3.2175 E_h^2, pmove=0.60
2026-06-02 20:29:32,529 - Step 04532: 8.8033 E_h, exp. variance=2.8967 E_h^2, pmove=0.60
2026-06-02 20:29:33,192 - Step 04533: 10.0773 E_h, exp. variance=2.7327 E_h^2, pmove=0.60
2026-06-02 20:29:33,855 - Step 04534: 8.7246 E_h, exp. variance=2.4669 E_h^2, pmove=0.60
2026-06-02 20:29:34,520 - Step 04535: 8.4340 E_h, exp. variance=2.2476 E_h^2, pmove=0.60
2026-06-02 20:29:35,183 - Step 04536: 9.2870 E_h, exp. variance=2.0343 E_h^2, pmove=0.60
2026-06-02 20:29:35,845 - Step 04537: 10.5552 E_h, exp. variance=2.0583 E_h^2, pmove=0.60
2026-06-02 20:29:36,509 - Step 04538: 8.3214 E_h, exp. variance=1.9105 E_h^2, pmove=0.60
2026-06-02 20:29:37,171 - Step 04539: 9.7663 E_h, exp. variance=1.7664 E_h^2, pmove=0.60
2026-06-02 20:29:37,834 - Step 04540: 8.2676 E_h, exp. variance=1.6546 E_h^2, pmove=0.60
2026-06-02 20:29:38,497 - Step 04541: 8.5379 E_h, exp. variance=1.5110 E_h^2, pmove=0.61
2026-06-02 20:29:39,161 - Step 04542: 8.4557 E_h, exp. variance=1.3849 E_h^2, pmove=0.61
2026-06-02 20:29:39,825 - Step 04543: 12.0733 E_h, exp. variance=2.1359 E_h^2, pmove=0.60
2026-06-02 20:29:40,489 - Step 04544: 9.1921 E_h, exp. variance=1.9225 E_h^2, pmove=0.60
2026-06-02 20:29:41,153 - Step 04545: 8.2786 E_h, exp. variance=1.8132 E_h^2, pmove=0.61
2026-06-02 20:29:41,817 - Step 04546: 8.7447 E_h, exp. variance=1.6462 E_h^2, pmove=0.61
2026-06-02 20:29:42,480 - Step 04547: 8.5400 E_h, exp. variance=1.5101 E_h^2, pmove=0.60
2026-06-02 20:29:43,143 - Step 04548: 8.4178 E_h, exp. variance=1.3947 E_h^2, pmove=0.61
2026-06-02 20:29:43,808 - Step 04549: 22.1247 E_h, exp. variance=16.7969 E_h^2, pmove=0.60
2026-06-02 20:29:44,473 - Step 04550: 8.5692 E_h, exp. variance=15.3862 E_h^2, pmove=0.59
2026-06-02 20:29:45,137 - Step 04551: 8.3549 E_h, exp. variance=14.1295 E_h^2, pmove=0.60
2026-06-02 20:29:45,802 - Step 04552: 8.3989 E_h, exp. variance=12.9325 E_h^2, pmove=0.60
2026-06-02 20:29:46,466 - Step 04553: 8.3688 E_h, exp. variance=11.8218 E_h^2, pmove=0.60
2026-06-02 20:29:47,130 - Step 04554: 8.6955 E_h, exp. variance=10.7218 E_h^2, pmove=0.61
2026-06-02 20:29:47,793 - Step 04555: 9.9825 E_h, exp. variance=9.6660 E_h^2, pmove=0.60
2026-06-02 20:29:48,456 - Step 04556: 8.3972 E_h, exp. variance=8.8292 E_h^2, pmove=0.60
2026-06-02 20:29:49,121 - Step 04557: 9.5811 E_h, exp. variance=7.9472 E_h^2, pmove=0.60
2026-06-02 20:29:49,785 - Step 04558: 8.4229 E_h, exp. variance=7.2546 E_h^2, pmove=0.60
2026-06-02 20:29:50,448 - Step 04559: 9.6780 E_h, exp. variance=6.5370 E_h^2, pmove=0.61
2026-06-02 20:29:51,111 - Step 04560: 8.5635 E_h, exp. variance=5.9480 E_h^2, pmove=0.61
2026-06-02 20:29:51,775 - Step 04561: 9.1778 E_h, exp. variance=5.3552 E_h^2, pmove=0.60
2026-06-02 20:29:52,439 - Step 04562: 8.3778 E_h, exp. variance=4.8982 E_h^2, pmove=0.61
2026-06-02 20:29:53,102 - Step 04563: 8.3165 E_h, exp. variance=4.4815 E_h^2, pmove=0.61
2026-06-02 20:29:53,764 - Step 04564: 8.7806 E_h, exp. variance=4.0442 E_h^2, pmove=0.61
2026-06-02 20:29:54,428 - Step 04565: 12.6090 E_h, exp. variance=4.7522 E_h^2, pmove=0.60
2026-06-02 20:29:55,091 - Step 04566: 8.8017 E_h, exp. variance=4.3142 E_h^2, pmove=0.60
2026-06-02 20:29:55,754 - Step 04567: 8.7370 E_h, exp. variance=3.9201 E_h^2, pmove=0.60
2026-06-02 20:29:56,417 - Step 04568: 8.2772 E_h, exp. variance=3.6252 E_h^2, pmove=0.60
2026-06-02 20:29:57,080 - Step 04569: 8.7723 E_h, exp. variance=3.2801 E_h^2, pmove=0.60
2026-06-02 20:29:57,787 - Step 04570: 9.7243 E_h, exp. variance=2.9799 E_h^2, pmove=0.61
2026-06-02 20:29:58,451 - Step 04571: 8.9833 E_h, exp. variance=2.6872 E_h^2, pmove=0.60
2026-06-02 20:29:59,118 - Step 04572: 8.4421 E_h, exp. variance=2.4701 E_h^2, pmove=0.61
2026-06-02 20:29:59,781 - Step 04573: 13.0069 E_h, exp. variance=3.5800 E_h^2, pmove=0.60
2026-06-02 20:30:00,448 - Step 04574: 11.3821 E_h, exp. variance=3.5366 E_h^2, pmove=0.59
2026-06-02 20:30:01,112 - Step 04575: 8.3280 E_h, exp. variance=3.3522 E_h^2, pmove=0.59
2026-06-02 20:30:01,776 - Step 04576: 8.6524 E_h, exp. variance=3.0914 E_h^2, pmove=0.60
2026-06-02 20:30:02,441 - Step 04577: 8.4173 E_h, exp. variance=2.8823 E_h^2, pmove=0.60
2026-06-02 20:30:03,109 - Step 04578: 8.7484 E_h, exp. variance=2.6284 E_h^2, pmove=0.60
2026-06-02 20:30:03,772 - Step 04579: 8.4154 E_h, exp. variance=2.4366 E_h^2, pmove=0.60
2026-06-02 20:30:04,436 - Step 04580: 8.4470 E_h, exp. variance=2.2460 E_h^2, pmove=0.60
2026-06-02 20:30:05,102 - Step 04581: 9.8990 E_h, exp. variance=2.0735 E_h^2, pmove=0.60
2026-06-02 20:30:05,771 - Step 04582: 10.7552 E_h, exp. variance=2.0798 E_h^2, pmove=0.60
2026-06-02 20:30:06,439 - Step 04583: 9.0024 E_h, exp. variance=1.8839 E_h^2, pmove=0.59
2026-06-02 20:30:06,439 - Saving checkpoint results/bilayer-bosons/BosonNet/N24_layers12_12_rs3.0_d4.0_D20.0_sq/qmcjax_ckpt_004583.npz
2026-06-02 20:30:07,172 - Step 04584: 8.5328 E_h, exp. variance=1.7530 E_h^2, pmove=0.59
2026-06-02 20:30:07,836 - Step 04585: 8.3560 E_h, exp. variance=1.6499 E_h^2, pmove=0.60
2026-06-02 20:30:08,503 - Step 04586: 8.7257 E_h, exp. variance=1.5021 E_h^2, pmove=0.60
2026-06-02 20:30:09,169 - Step 04587: 8.2908 E_h, exp. variance=1.4136 E_h^2, pmove=0.60
2026-06-02 20:30:09,836 - Step 04588: 8.4437 E_h, exp. variance=1.3038 E_h^2, pmove=0.61
2026-06-02 20:30:10,504 - Step 04589: 8.4570 E_h, exp. variance=1.1977 E_h^2, pmove=0.61
2026-06-02 20:30:11,172 - Step 04590: 9.7962 E_h, exp. variance=1.1463 E_h^2, pmove=0.60
2026-06-02 20:30:11,842 - Step 04591: 8.6266 E_h, exp. variance=1.0450 E_h^2, pmove=0.60
2026-06-02 20:30:12,510 - Step 04592: 8.2709 E_h, exp. variance=0.9849 E_h^2, pmove=0.60
2026-06-02 20:30:13,176 - Step 04593: 8.3373 E_h, exp. variance=0.9153 E_h^2, pmove=0.60
2026-06-02 20:30:13,843 - Step 04594: 8.3573 E_h, exp. variance=0.8453 E_h^2, pmove=0.60
2026-06-02 20:30:14,508 - Step 04595: 8.9900 E_h, exp. variance=0.7641 E_h^2, pmove=0.61
2026-06-02 20:30:15,173 - Step 04596: 8.5104 E_h, exp. variance=0.6961 E_h^2, pmove=0.61
2026-06-02 20:30:15,840 - Step 04597: 8.5532 E_h, exp. variance=0.6314 E_h^2, pmove=0.61
2026-06-02 20:30:16,506 - Step 04598: 8.4669 E_h, exp. variance=0.5761 E_h^2, pmove=0.60
2026-06-02 20:30:17,169 - Step 04599: 8.7806 E_h, exp. variance=0.5187 E_h^2, pmove=0.60
2026-06-02 20:30:17,832 - Step 04600: 9.5962 E_h, exp. variance=0.5331 E_h^2, pmove=0.61
2026-06-02 20:30:18,494 - Step 04601: 11.4010 E_h, exp. variance=1.0776 E_h^2, pmove=0.61
2026-06-02 20:30:19,158 - Step 04602: 10.2993 E_h, exp. variance=1.1033 E_h^2, pmove=0.61
2026-06-02 20:30:19,822 - Step 04603: 8.6227 E_h, exp. variance=1.0233 E_h^2, pmove=0.60
2026-06-02 20:30:20,485 - Step 04604: 8.3189 E_h, exp. variance=0.9824 E_h^2, pmove=0.60
2026-06-02 20:30:21,148 - Step 04605: 8.5817 E_h, exp. variance=0.9050 E_h^2, pmove=0.61
2026-06-02 20:30:21,810 - Step 04606: 8.5738 E_h, exp. variance=0.8320 E_h^2, pmove=0.61
2026-06-02 20:30:22,475 - Step 04607: 9.4364 E_h, exp. variance=0.7683 E_h^2, pmove=0.60
2026-06-02 20:30:23,138 - Step 04608: 8.3936 E_h, exp. variance=0.7265 E_h^2, pmove=0.60
2026-06-02 20:30:23,801 - Step 04609: 8.3354 E_h, exp. variance=0.6883 E_h^2, pmove=0.60
2026-06-02 20:30:24,464 - Step 04610: 8.3055 E_h, exp. variance=0.6505 E_h^2, pmove=0.60
2026-06-02 20:30:25,131 - Step 04611: 8.5555 E_h, exp. variance=0.5925 E_h^2, pmove=0.61
2026-06-02 20:30:25,796 - Step 04612: 9.5686 E_h, exp. variance=0.5855 E_h^2, pmove=0.61
2026-06-02 20:30:26,462 - Step 04613: 8.8605 E_h, exp. variance=0.5270 E_h^2, pmove=0.60
2026-06-02 20:30:27,127 - Step 04614: 8.8474 E_h, exp. variance=0.4744 E_h^2, pmove=0.61
2026-06-02 20:30:27,795 - Step 04615: 10.9606 E_h, exp. variance=0.8177 E_h^2, pmove=0.60
2026-06-02 20:30:28,460 - Step 04616: 8.3272 E_h, exp. variance=0.7877 E_h^2, pmove=0.60
2026-06-02 20:30:29,124 - Step 04617: 8.2975 E_h, exp. variance=0.7545 E_h^2, pmove=0.61
2026-06-02 20:30:29,789 - Step 04618: 8.3677 E_h, exp. variance=0.7084 E_h^2, pmove=0.60
2026-06-02 20:30:30,458 - Step 04619: 11.3242 E_h, exp. variance=1.1747 E_h^2, pmove=0.61
2026-06-02 20:30:31,125 - Step 04620: 8.3569 E_h, exp. variance=1.1104 E_h^2, pmove=0.60
2026-06-02 20:30:31,791 - Step 04621: 9.5717 E_h, exp. variance=1.0240 E_h^2, pmove=0.60
2026-06-02 20:30:32,456 - Step 04622: 8.5169 E_h, exp. variance=0.9523 E_h^2, pmove=0.61
2026-06-02 20:30:33,121 - Step 04623: 8.4108 E_h, exp. variance=0.8930 E_h^2, pmove=0.60
2026-06-02 20:30:33,784 - Step 04624: 8.3913 E_h, exp. variance=0.8348 E_h^2, pmove=0.60
2026-06-02 20:30:34,445 - Step 04625: 8.5335 E_h, exp. variance=0.7648 E_h^2, pmove=0.61
2026-06-02 20:30:35,108 - Step 04626: 9.4010 E_h, exp. variance=0.7126 E_h^2, pmove=0.61
2026-06-02 20:30:35,773 - Step 04627: 9.1007 E_h, exp. variance=0.6438 E_h^2, pmove=0.60
2026-06-02 20:30:36,435 - Step 04628: 8.2238 E_h, exp. variance=0.6270 E_h^2, pmove=0.61
2026-06-02 20:30:37,099 - Step 04629: 8.2039 E_h, exp. variance=0.6051 E_h^2, pmove=0.61
2026-06-02 20:30:37,762 - Step 04630: 8.2591 E_h, exp. variance=0.5720 E_h^2, pmove=0.61
2026-06-02 20:30:38,429 - Step 04631: 8.3302 E_h, exp. variance=0.5311 E_h^2, pmove=0.61
2026-06-02 20:30:39,094 - Step 04632: 9.2048 E_h, exp. variance=0.4997 E_h^2, pmove=0.61
2026-06-02 20:30:39,761 - Step 04633: 9.9845 E_h, exp. variance=0.5843 E_h^2, pmove=0.61
2026-06-02 20:30:40,426 - Step 04634: 8.3298 E_h, exp. variance=0.5535 E_h^2, pmove=0.60
2026-06-02 20:30:41,093 - Step 04635: 8.3687 E_h, exp. variance=0.5172 E_h^2, pmove=0.60
2026-06-02 20:30:41,758 - Step 04636: 8.4485 E_h, exp. variance=0.4756 E_h^2, pmove=0.61
2026-06-02 20:30:42,425 - Step 04637: 8.3267 E_h, exp. variance=0.4441 E_h^2, pmove=0.61
2026-06-02 20:30:43,090 - Step 04638: 11.2330 E_h, exp. variance=0.9739 E_h^2, pmove=0.60
2026-06-02 20:30:43,755 - Step 04639: 8.4154 E_h, exp. variance=0.9032 E_h^2, pmove=0.60
2026-06-02 20:30:44,421 - Step 04640: 8.3338 E_h, exp. variance=0.8423 E_h^2, pmove=0.60
2026-06-02 20:30:45,086 - Step 04641: 8.7469 E_h, exp. variance=0.7590 E_h^2, pmove=0.60
2026-06-02 20:30:45,752 - Step 04642: 9.2045 E_h, exp. variance=0.6952 E_h^2, pmove=0.60
2026-06-02 20:30:46,417 - Step 04643: 8.5769 E_h, exp. variance=0.6336 E_h^2, pmove=0.61
2026-06-02 20:30:47,082 - Step 04644: 8.4595 E_h, exp. variance=0.5836 E_h^2, pmove=0.61
2026-06-02 20:30:47,747 - Step 04645: 8.3979 E_h, exp. variance=0.5403 E_h^2, pmove=0.61
2026-06-02 20:30:48,412 - Step 04646: 10.9820 E_h, exp. variance=0.9284 E_h^2, pmove=0.60
2026-06-02 20:30:49,077 - Step 04647: 8.4069 E_h, exp. variance=0.8659 E_h^2, pmove=0.60
2026-06-02 20:30:49,740 - Step 04648: 8.3927 E_h, exp. variance=0.8052 E_h^2, pmove=0.60
2026-06-02 20:30:50,403 - Step 04649: 9.1045 E_h, exp. variance=0.7294 E_h^2, pmove=0.60
2026-06-02 20:30:51,068 - Step 04650: 8.3275 E_h, exp. variance=0.6858 E_h^2, pmove=0.60
2026-06-02 20:30:51,733 - Step 04651: 8.6832 E_h, exp. variance=0.6195 E_h^2, pmove=0.60
2026-06-02 20:30:52,401 - Step 04652: 8.6486 E_h, exp. variance=0.5603 E_h^2, pmove=0.61
2026-06-02 20:30:53,066 - Step 04653: 8.4802 E_h, exp. variance=0.5140 E_h^2, pmove=0.61
2026-06-02 20:30:53,731 - Step 04654: 9.4343 E_h, exp. variance=0.5017 E_h^2, pmove=0.61
2026-06-02 20:30:54,396 - Step 04655: 9.0914 E_h, exp. variance=0.4572 E_h^2, pmove=0.60
2026-06-02 20:30:55,063 - Step 04656: 8.3499 E_h, exp. variance=0.4354 E_h^2, pmove=0.60
2026-06-02 20:30:55,728 - Step 04657: 8.3838 E_h, exp. variance=0.4086 E_h^2, pmove=0.61
2026-06-02 20:30:56,394 - Step 04658: 8.2523 E_h, exp. variance=0.3920 E_h^2, pmove=0.60
2026-06-02 20:30:57,059 - Step 04659: 8.2672 E_h, exp. variance=0.3712 E_h^2, pmove=0.61
2026-06-02 20:30:57,725 - Step 04660: 8.3142 E_h, exp. variance=0.3457 E_h^2, pmove=0.61
2026-06-02 20:30:58,390 - Step 04661: 8.3351 E_h, exp. variance=0.3194 E_h^2, pmove=0.61
2026-06-02 20:30:59,055 - Step 04662: 8.3885 E_h, exp. variance=0.2918 E_h^2, pmove=0.60
2026-06-02 20:30:59,722 - Step 04663: 8.3974 E_h, exp. variance=0.2658 E_h^2, pmove=0.61
2026-06-02 20:31:00,390 - Step 04664: 8.6394 E_h, exp. variance=0.2397 E_h^2, pmove=0.60
2026-06-02 20:31:01,055 - Step 04665: 8.8019 E_h, exp. variance=0.2204 E_h^2, pmove=0.61
2026-06-02 20:31:01,720 - Step 04666: 12.0832 E_h, exp. variance=1.2921 E_h^2, pmove=0.61
2026-06-02 20:31:02,383 - Step 04667: 8.6125 E_h, exp. variance=1.1729 E_h^2, pmove=0.60
2026-06-02 20:31:03,046 - Step 04668: 8.6809 E_h, exp. variance=1.0604 E_h^2, pmove=0.60
2026-06-02 20:31:03,709 - Step 04669: 8.7182 E_h, exp. variance=0.9570 E_h^2, pmove=0.60
2026-06-02 20:31:04,372 - Step 04670: 11.1242 E_h, exp. variance=1.3178 E_h^2, pmove=0.60
2026-06-02 20:31:05,036 - Step 04671: 8.4209 E_h, exp. variance=1.2272 E_h^2, pmove=0.60
2026-06-02 20:31:05,699 - Step 04672: 9.6502 E_h, exp. variance=1.1391 E_h^2, pmove=0.60
2026-06-02 20:31:06,362 - Step 04673: 8.2964 E_h, exp. variance=1.0821 E_h^2, pmove=0.60
2026-06-02 20:31:07,026 - Step 04674: 8.5307 E_h, exp. variance=0.9948 E_h^2, pmove=0.60
2026-06-02 20:31:07,689 - Step 04675: 8.3224 E_h, exp. variance=0.9324 E_h^2, pmove=0.61
2026-06-02 20:31:08,352 - Step 04676: 8.2628 E_h, exp. variance=0.8756 E_h^2, pmove=0.61
2026-06-02 20:31:09,016 - Step 04677: 8.4513 E_h, exp. variance=0.8014 E_h^2, pmove=0.61
2026-06-02 20:31:09,680 - Step 04678: 9.3530 E_h, exp. variance=0.7490 E_h^2, pmove=0.61
2026-06-02 20:31:10,344 - Step 04679: 8.4336 E_h, exp. variance=0.6900 E_h^2, pmove=0.61
2026-06-02 20:31:11,007 - Step 04680: 8.3198 E_h, exp. variance=0.6427 E_h^2, pmove=0.61
2026-06-02 20:31:11,674 - Step 04681: 8.3230 E_h, exp. variance=0.5958 E_h^2, pmove=0.61
2026-06-02 20:31:12,337 - Step 04682: 8.2262 E_h, exp. variance=0.5580 E_h^2, pmove=0.61
2026-06-02 20:31:13,001 - Step 04683: 8.3670 E_h, exp. variance=0.5104 E_h^2, pmove=0.61
2026-06-02 20:31:13,665 - Step 04684: 8.9326 E_h, exp. variance=0.4671 E_h^2, pmove=0.60
2026-06-02 20:31:14,332 - Step 04685: 8.3512 E_h, exp. variance=0.4295 E_h^2, pmove=0.61
2026-06-02 20:31:14,996 - Step 04686: 8.4393 E_h, exp. variance=0.3900 E_h^2, pmove=0.61
2026-06-02 20:31:15,660 - Step 04687: 20.9856 E_h, exp. variance=14.1200 E_h^2, pmove=0.61
2026-06-02 20:31:16,324 - Step 04688: 8.6256 E_h, exp. variance=12.8437 E_h^2, pmove=0.60
2026-06-02 20:31:16,993 - Step 04689: 8.4317 E_h, exp. variance=11.7112 E_h^2, pmove=0.60
2026-06-02 20:31:17,661 - Step 04690: 8.3819 E_h, exp. variance=10.6739 E_h^2, pmove=0.61
2026-06-02 20:31:18,326 - Step 04691: 8.3963 E_h, exp. variance=9.7120 E_h^2, pmove=0.60
2026-06-02 20:31:18,991 - Step 04692: 8.7564 E_h, exp. variance=8.7748 E_h^2, pmove=0.60
2026-06-02 20:31:19,660 - Step 04693: 8.5797 E_h, exp. variance=7.9452 E_h^2, pmove=0.60
2026-06-02 20:31:20,327 - Step 04694: 8.4082 E_h, exp. variance=7.2124 E_h^2, pmove=0.60
2026-06-02 20:31:20,992 - Step 04695: 10.2882 E_h, exp. variance=6.6070 E_h^2, pmove=0.60
2026-06-02 20:31:21,654 - Step 04696: 9.1584 E_h, exp. variance=5.9474 E_h^2, pmove=0.60
2026-06-02 20:31:22,320 - Step 04697: 8.5098 E_h, exp. variance=5.4028 E_h^2, pmove=0.60
2026-06-02 20:31:22,983 - Step 04698: 8.7159 E_h, exp. variance=4.8820 E_h^2, pmove=0.60
2026-06-02 20:31:23,644 - Step 04699: 8.4272 E_h, exp. variance=4.4389 E_h^2, pmove=0.60
2026-06-02 20:31:24,305 - Step 04700: 8.6168 E_h, exp. variance=4.0130 E_h^2, pmove=0.60
2026-06-02 20:31:24,970 - Step 04701: 8.4286 E_h, exp. variance=3.6431 E_h^2, pmove=0.60
2026-06-02 20:31:25,631 - Step 04702: 8.4774 E_h, exp. variance=3.2998 E_h^2, pmove=0.60
2026-06-02 20:31:26,293 - Step 04703: 8.5313 E_h, exp. variance=2.9829 E_h^2, pmove=0.60
2026-06-02 20:31:26,956 - Step 04704: 8.4267 E_h, exp. variance=2.7026 E_h^2, pmove=0.60
2026-06-02 20:31:27,621 - Step 04705: 8.2664 E_h, exp. variance=2.4609 E_h^2, pmove=0.60
2026-06-02 20:31:28,283 - Step 04706: 8.3777 E_h, exp. variance=2.2288 E_h^2, pmove=0.61
2026-06-02 20:31:28,946 - Step 04707: 8.4493 E_h, exp. variance=2.0132 E_h^2, pmove=0.61
2026-06-02 20:31:29,609 - Step 04708: 14.2310 E_h, exp. variance=4.5601 E_h^2, pmove=0.61
2026-06-02 20:31:30,271 - Step 04709: 8.5364 E_h, exp. variance=4.1509 E_h^2, pmove=0.60
2026-06-02 20:31:30,937 - Step 04710: 8.6027 E_h, exp. variance=3.7664 E_h^2, pmove=0.60
2026-06-02 20:31:31,602 - Step 04711: 8.6586 E_h, exp. variance=3.4095 E_h^2, pmove=0.61
2026-06-02 20:31:32,267 - Step 04712: 8.7098 E_h, exp. variance=3.0809 E_h^2, pmove=0.61
2026-06-02 20:31:32,929 - Step 04713: 30.0352 E_h, exp. variance=42.4323 E_h^2, pmove=0.61
2026-06-02 20:31:33,593 - Step 04714: 9.8321 E_h, exp. variance=38.3436 E_h^2, pmove=0.60
2026-06-02 20:31:34,255 - Step 04715: 8.4658 E_h, exp. variance=35.0925 E_h^2, pmove=0.60
2026-06-02 20:31:34,917 - Step 04716: 8.6769 E_h, exp. variance=31.9726 E_h^2, pmove=0.61
2026-06-02 20:31:35,579 - Step 04717: 8.7254 E_h, exp. variance=29.0746 E_h^2, pmove=0.60
2026-06-02 20:31:36,244 - Step 04718: 9.4185 E_h, exp. variance=26.2481 E_h^2, pmove=0.60
2026-06-02 20:31:36,905 - Step 04719: 8.5214 E_h, exp. variance=23.8990 E_h^2, pmove=0.60
2026-06-02 20:31:37,568 - Step 04720: 8.8629 E_h, exp. variance=21.6461 E_h^2, pmove=0.60
2026-06-02 20:31:38,230 - Step 04721: 8.7260 E_h, exp. variance=19.6215 E_h^2, pmove=0.61
2026-06-02 20:31:38,894 - Step 04722: 8.3799 E_h, exp. variance=17.8535 E_h^2, pmove=0.61
2026-06-02 20:31:39,556 - Step 04723: 8.4302 E_h, exp. variance=16.2136 E_h^2, pmove=0.60
2026-06-02 20:31:40,217 - Step 04724: 8.5519 E_h, exp. variance=14.6864 E_h^2, pmove=0.61
2026-06-02 20:31:40,879 - Step 04725: 8.6364 E_h, exp. variance=13.2806 E_h^2, pmove=0.60
2026-06-02 20:31:41,543 - Step 04726: 8.7505 E_h, exp. variance=11.9892 E_h^2, pmove=0.61
2026-06-02 20:31:42,205 - Step 04727: 8.3455 E_h, exp. variance=10.8766 E_h^2, pmove=0.60
2026-06-02 20:31:42,866 - Step 04728: 8.4854 E_h, exp. variance=9.8385 E_h^2, pmove=0.61
2026-06-02 20:31:43,530 - Step 04729: 9.9980 E_h, exp. variance=8.9189 E_h^2, pmove=0.61
2026-06-02 20:31:44,196 - Step 04730: 10.2265 E_h, exp. variance=8.1151 E_h^2, pmove=0.61
2026-06-02 20:31:44,858 - Step 04731: 8.3225 E_h, exp. variance=7.3961 E_h^2, pmove=0.60
2026-06-02 20:31:45,518 - Step 04732: 8.5225 E_h, exp. variance=6.7021 E_h^2, pmove=0.60
2026-06-02 20:31:46,180 - Step 04733: 8.3001 E_h, exp. variance=6.0990 E_h^2, pmove=0.60
2026-06-02 20:31:46,845 - Step 04734: 8.6398 E_h, exp. variance=5.5063 E_h^2, pmove=0.60
2026-06-02 20:31:47,507 - Step 04735: 8.2898 E_h, exp. variance=5.0055 E_h^2, pmove=0.60
2026-06-02 20:31:48,169 - Step 04736: 8.2585 E_h, exp. variance=4.5491 E_h^2, pmove=0.61
2026-06-02 20:31:48,831 - Step 04737: 8.5135 E_h, exp. variance=4.1069 E_h^2, pmove=0.61
2026-06-02 20:31:49,494 - Step 04738: 8.7966 E_h, exp. variance=3.6965 E_h^2, pmove=0.61
2026-06-02 20:31:50,157 - Step 04739: 17.0986 E_h, exp. variance=9.4563 E_h^2, pmove=0.61
2026-06-02 20:31:50,820 - Step 04740: 48.1862 E_h, exp. variance=142.0166 E_h^2, pmove=0.60
2026-06-02 20:31:51,483 - Step 04741: 8.2390 E_h, exp. variance=130.3275 E_h^2, pmove=0.59
2026-06-02 20:31:52,146 - Step 04742: 8.3063 E_h, exp. variance=119.2729 E_h^2, pmove=0.60
2026-06-02 20:31:52,812 - Step 04743: 8.2834 E_h, exp. variance=108.9652 E_h^2, pmove=0.61
2026-06-02 20:31:53,476 - Step 04744: 8.7900 E_h, exp. variance=99.0556 E_h^2, pmove=0.60
2026-06-02 20:31:54,140 - Step 04745: 8.3853 E_h, exp. variance=90.1813 E_h^2, pmove=0.61
2026-06-02 20:31:54,803 - Step 04746: 10.8309 E_h, exp. variance=81.1956 E_h^2, pmove=0.60
2026-06-02 20:31:55,466 - Step 04747: 8.4497 E_h, exp. variance=73.8445 E_h^2, pmove=0.61
2026-06-02 20:31:56,131 - Step 04748: 8.3527 E_h, exp. variance=67.1292 E_h^2, pmove=0.60
2026-06-02 20:31:56,794 - Step 04749: 12.9735 E_h, exp. variance=60.8388 E_h^2, pmove=0.61
2026-06-02 20:31:57,458 - Step 04750: 8.3488 E_h, exp. variance=55.3987 E_h^2, pmove=0.60
2026-06-02 20:31:58,121 - Step 04751: 8.3017 E_h, exp. variance=50.4009 E_h^2, pmove=0.60
2026-06-02 20:31:58,784 - Step 04752: 8.2977 E_h, exp. variance=45.8015 E_h^2, pmove=0.61
2026-06-02 20:31:59,448 - Step 04753: 8.5145 E_h, exp. variance=41.5049 E_h^2, pmove=0.61
2026-06-02 20:32:00,112 - Step 04754: 8.7218 E_h, exp. variance=37.5283 E_h^2, pmove=0.61
2026-06-02 20:32:00,776 - Step 04755: 8.3933 E_h, exp. variance=34.0000 E_h^2, pmove=0.61
2026-06-02 20:32:01,440 - Step 04756: 9.6542 E_h, exp. variance=30.6023 E_h^2, pmove=0.61
2026-06-02 20:32:02,103 - Step 04757: 8.4808 E_h, exp. variance=27.6984 E_h^2, pmove=0.60
2026-06-02 20:32:02,767 - Step 04758: 8.6943 E_h, exp. variance=25.0137 E_h^2, pmove=0.61
2026-06-02 20:32:03,432 - Step 04759: 9.4972 E_h, exp. variance=22.5128 E_h^2, pmove=0.61
2026-06-02 20:32:04,096 - Step 04760: 8.4508 E_h, exp. variance=20.3728 E_h^2, pmove=0.61
2026-06-02 20:32:04,761 - Step 04761: 8.6712 E_h, exp. variance=18.3902 E_h^2, pmove=0.60
2026-06-02 20:32:05,424 - Step 04762: 9.9530 E_h, exp. variance=16.5815 E_h^2, pmove=0.61
2026-06-02 20:32:06,088 - Step 04763: 8.8422 E_h, exp. variance=14.9546 E_h^2, pmove=0.60
2026-06-02 20:32:06,752 - Step 04764: 8.3451 E_h, exp. variance=13.5541 E_h^2, pmove=0.60
2026-06-02 20:32:07,415 - Step 04765: 8.2979 E_h, exp. variance=12.2836 E_h^2, pmove=0.60
2026-06-02 20:32:08,077 - Step 04766: 14.2407 E_h, exp. variance=13.3671 E_h^2, pmove=0.60
2026-06-02 20:32:08,741 - Step 04767: 8.3362 E_h, exp. variance=12.1928 E_h^2, pmove=0.60
2026-06-02 20:32:09,404 - Step 04768: 8.2740 E_h, exp. variance=11.1189 E_h^2, pmove=0.60
2026-06-02 20:32:10,067 - Step 04769: 9.1819 E_h, exp. variance=10.0120 E_h^2, pmove=0.60
2026-06-02 20:32:10,730 - Step 04770: 8.4782 E_h, exp. variance=9.0863 E_h^2, pmove=0.60
2026-06-02 20:32:11,394 - Step 04771: 8.5885 E_h, exp. variance=8.2236 E_h^2, pmove=0.60
2026-06-02 20:32:12,059 - Step 04772: 9.6029 E_h, exp. variance=7.4137 E_h^2, pmove=0.60
2026-06-02 20:32:12,722 - Step 04773: 9.0503 E_h, exp. variance=6.6766 E_h^2, pmove=0.60
2026-06-02 20:32:13,386 - Step 04774: 8.5646 E_h, exp. variance=6.0508 E_h^2, pmove=0.60
2026-06-02 20:32:14,050 - Step 04775: 9.4566 E_h, exp. variance=5.4527 E_h^2, pmove=0.60
2026-06-02 20:32:14,711 - Step 04776: 8.4933 E_h, exp. variance=4.9531 E_h^2, pmove=0.60
2026-06-02 20:32:15,373 - Step 04777: 8.5616 E_h, exp. variance=4.4874 E_h^2, pmove=0.60
2026-06-02 20:32:16,037 - Step 04778: 8.6245 E_h, exp. variance=4.0571 E_h^2, pmove=0.61
2026-06-02 20:32:16,699 - Step 04779: 8.4285 E_h, exp. variance=3.6842 E_h^2, pmove=0.60
2026-06-02 20:32:17,361 - Step 04780: 8.5628 E_h, exp. variance=3.3309 E_h^2, pmove=0.61
2026-06-02 20:32:18,023 - Step 04781: 11.9307 E_h, exp. variance=3.8076 E_h^2, pmove=0.60
2026-06-02 20:32:18,685 - Step 04782: 8.4718 E_h, exp. variance=3.4787 E_h^2, pmove=0.60
2026-06-02 20:32:19,347 - Step 04783: 8.2971 E_h, exp. variance=3.1971 E_h^2, pmove=0.61
2026-06-02 20:32:20,010 - Step 04784: 8.3010 E_h, exp. variance=2.9305 E_h^2, pmove=0.60
2026-06-02 20:32:20,672 - Step 04785: 8.3304 E_h, exp. variance=2.6769 E_h^2, pmove=0.61
2026-06-02 20:32:21,334 - Step 04786: 8.2417 E_h, exp. variance=2.4514 E_h^2, pmove=0.61
2026-06-02 20:32:21,996 - Step 04787: 8.9706 E_h, exp. variance=2.2074 E_h^2, pmove=0.61
2026-06-02 20:32:22,661 - Step 04788: 9.3719 E_h, exp. variance=2.0094 E_h^2, pmove=0.61
2026-06-02 20:32:23,323 - Step 04789: 11.3142 E_h, exp. variance=2.3247 E_h^2, pmove=0.61
2026-06-02 20:32:23,987 - Step 04790: 8.3341 E_h, exp. variance=2.1534 E_h^2, pmove=0.60
2026-06-02 20:32:24,651 - Step 04791: 8.2919 E_h, exp. variance=1.9935 E_h^2, pmove=0.61
2026-06-02 20:32:25,318 - Step 04792: 8.5404 E_h, exp. variance=1.8129 E_h^2, pmove=0.61
2026-06-02 20:32:25,981 - Step 04793: 8.4974 E_h, exp. variance=1.6503 E_h^2, pmove=0.61
2026-06-02 20:32:26,643 - Step 04794: 8.3797 E_h, exp. variance=1.5102 E_h^2, pmove=0.61
2026-06-02 20:32:27,306 - Step 04795: 8.7757 E_h, exp. variance=1.3598 E_h^2, pmove=0.60
2026-06-02 20:32:27,972 - Step 04796: 8.2988 E_h, exp. variance=1.2507 E_h^2, pmove=0.61
2026-06-02 20:32:28,637 - Step 04797: 8.2778 E_h, exp. variance=1.1494 E_h^2, pmove=0.61
2026-06-02 20:32:29,299 - Step 04798: 8.3595 E_h, exp. variance=1.0475 E_h^2, pmove=0.61
2026-06-02 20:32:29,963 - Step 04799: 14.0268 E_h, exp. variance=3.4946 E_h^2, pmove=0.61
2026-06-02 20:32:30,628 - Step 04800: 8.7580 E_h, exp. variance=3.1655 E_h^2, pmove=0.61
2026-06-02 20:32:31,290 - Step 04801: 30.1905 E_h, exp. variance=42.5527 E_h^2, pmove=0.61
2026-06-02 20:32:31,952 - Step 04802: 8.4108 E_h, exp. variance=39.0421 E_h^2, pmove=0.60
2026-06-02 20:32:32,615 - Step 04803: 8.4480 E_h, exp. variance=35.7238 E_h^2, pmove=0.60
2026-06-02 20:32:33,281 - Step 04804: 8.7047 E_h, exp. variance=32.5258 E_h^2, pmove=0.61
2026-06-02 20:32:33,944 - Step 04805: 8.3217 E_h, exp. variance=29.7163 E_h^2, pmove=0.60
2026-06-02 20:32:34,608 - Step 04806: 9.7390 E_h, exp. variance=26.7749 E_h^2, pmove=0.60
2026-06-02 20:32:35,270 - Step 04807: 8.4818 E_h, exp. variance=24.3822 E_h^2, pmove=0.60
2026-06-02 20:32:35,932 - Step 04808: 8.4109 E_h, exp. variance=22.1955 E_h^2, pmove=0.60
2026-06-02 20:32:36,596 - Step 04809: 8.4691 E_h, exp. variance=20.1642 E_h^2, pmove=0.60
2026-06-02 20:32:37,258 - Step 04810: 8.4875 E_h, exp. variance=18.2961 E_h^2, pmove=0.61
2026-06-02 20:32:37,920 - Step 04811: 8.3790 E_h, exp. variance=16.6101 E_h^2, pmove=0.60
2026-06-02 20:32:38,582 - Step 04812: 9.4669 E_h, exp. variance=14.9493 E_h^2, pmove=0.60
2026-06-02 20:32:39,246 - Step 04813: 8.3469 E_h, exp. variance=13.5764 E_h^2, pmove=0.61
2026-06-02 20:32:39,908 - Step 04814: 8.3800 E_h, exp. variance=12.3115 E_h^2, pmove=0.61
2026-06-02 20:32:40,569 - Step 04815: 8.3428 E_h, exp. variance=11.1616 E_h^2, pmove=0.61
2026-06-02 20:32:41,231 - Step 04816: 8.3390 E_h, exp. variance=10.1119 E_h^2, pmove=0.61
2026-06-02 20:32:41,895 - Step 04817: 8.5494 E_h, exp. variance=9.1293 E_h^2, pmove=0.61
2026-06-02 20:32:42,557 - Step 04818: 8.2692 E_h, exp. variance=8.2721 E_h^2, pmove=0.61
2026-06-02 20:32:43,219 - Step 04819: 8.8273 E_h, exp. variance=7.4469 E_h^2, pmove=0.61
2026-06-02 20:32:43,880 - Step 04820: 8.2846 E_h, exp. variance=6.7435 E_h^2, pmove=0.61
2026-06-02 20:32:44,545 - Step 04821: 8.5674 E_h, exp. variance=6.0788 E_h^2, pmove=0.61
2026-06-02 20:32:45,208 - Step 04822: 41.4730 E_h, exp. variance=101.1847 E_h^2, pmove=0.61
2026-06-02 20:32:45,871 - Step 04823: 8.3882 E_h, exp. variance=92.3216 E_h^2, pmove=0.60
2026-06-02 20:32:46,533 - Step 04824: 8.3499 E_h, exp. variance=84.1296 E_h^2, pmove=0.61
2026-06-02 20:32:47,199 - Step 04825: 15.4982 E_h, exp. variance=77.2212 E_h^2, pmove=0.60
2026-06-02 20:32:47,860 - Step 04826: 8.5143 E_h, exp. variance=70.4816 E_h^2, pmove=0.60
2026-06-02 20:32:48,522 - Step 04827: 8.6841 E_h, exp. variance=64.1410 E_h^2, pmove=0.60
2026-06-02 20:32:49,184 - Step 04828: 8.4705 E_h, exp. variance=58.4012 E_h^2, pmove=0.60
2026-06-02 20:32:49,848 - Step 04829: 22.3788 E_h, exp. variance=64.3498 E_h^2, pmove=0.60
2026-06-02 20:32:50,510 - Step 04830: 15.6904 E_h, exp. variance=59.0890 E_h^2, pmove=0.60
2026-06-02 20:32:51,172 - Step 04831: 8.9976 E_h, exp. variance=54.2464 E_h^2, pmove=0.59
2026-06-02 20:32:51,834 - Step 04832: 8.5620 E_h, exp. variance=49.9454 E_h^2, pmove=0.59
2026-06-02 20:32:52,500 - Step 04833: 8.4998 E_h, exp. variance=45.8970 E_h^2, pmove=0.60
2026-06-02 20:32:53,162 - Step 04834: 8.7956 E_h, exp. variance=41.9261 E_h^2, pmove=0.59
2026-06-02 20:32:53,824 - Step 04835: 10.8964 E_h, exp. variance=37.7395 E_h^2, pmove=0.60
2026-06-02 20:32:54,486 - Step 04836: 28.0637 E_h, exp. variance=59.7742 E_h^2, pmove=0.59
2026-06-02 20:32:55,149 - Step 04837: 9.3484 E_h, exp. variance=54.8834 E_h^2, pmove=0.59
2026-06-02 20:32:55,815 - Step 04838: 8.5785 E_h, exp. variance=50.7620 E_h^2, pmove=0.59
2026-06-02 20:32:56,477 - Step 04839: 8.3712 E_h, exp. variance=46.9277 E_h^2, pmove=0.60
2026-06-02 20:32:57,140 - Step 04840: 8.3570 E_h, exp. variance=43.2494 E_h^2, pmove=0.60
2026-06-02 20:32:57,803 - Step 04841: 8.3803 E_h, exp. variance=39.7336 E_h^2, pmove=0.60
2026-06-02 20:32:58,468 - Step 04842: 8.4041 E_h, exp. variance=36.4041 E_h^2, pmove=0.60
2026-06-02 20:32:59,131 - Step 04843: 8.4172 E_h, exp. variance=33.2796 E_h^2, pmove=0.61
2026-06-02 20:32:59,793 - Step 04844: 8.2509 E_h, exp. variance=30.4366 E_h^2, pmove=0.60
2026-06-02 20:33:00,457 - Step 04845: 895.3129 E_h, exp. variance=70513.3438 E_h^2, pmove=0.61
2026-06-02 20:33:01,122 - Step 04846: 8.8715 E_h, exp. variance=64190.4531 E_h^2, pmove=0.60
2026-06-02 20:33:01,785 - Step 04847: 8.3937 E_h, exp. variance=58368.4297 E_h^2, pmove=0.60
2026-06-02 20:33:02,448 - Step 04848: 8.7225 E_h, exp. variance=53010.8477 E_h^2, pmove=0.60
2026-06-02 20:33:03,110 - Step 04849: 14.2625 E_h, exp. variance=48035.2344 E_h^2, pmove=0.61
2026-06-02 20:33:03,775 - Step 04850: 8.7196 E_h, exp. variance=43552.1055 E_h^2, pmove=0.59
2026-06-02 20:33:04,438 - Step 04851: 8.4166 E_h, exp. variance=39459.3516 E_h^2, pmove=0.59
2026-06-02 20:33:05,102 - Step 04852: 8.6681 E_h, exp. variance=35723.8125 E_h^2, pmove=0.60
2026-06-02 20:33:05,764 - Step 04853: 8.5630 E_h, exp. variance=32322.6758 E_h^2, pmove=0.60
2026-06-02 20:33:06,427 - Step 04854: 8.4035 E_h, exp. variance=29230.2441 E_h^2, pmove=0.61
2026-06-02 20:33:07,089 - Step 04855: 8.2887 E_h, exp. variance=26421.2227 E_h^2, pmove=0.60
2026-06-02 20:33:07,751 - Step 04856: 8.2736 E_h, exp. variance=23871.5293 E_h^2, pmove=0.60
2026-06-02 20:33:08,414 - Step 04857: 10.4081 E_h, exp. variance=21548.5723 E_h^2, pmove=0.60
2026-06-02 20:33:09,076 - Step 04858: 9.2201 E_h, exp. variance=19450.9805 E_h^2, pmove=0.60
2026-06-02 20:33:09,738 - Step 04859: 8.3214 E_h, exp. variance=17556.0137 E_h^2, pmove=0.61
2026-06-02 20:33:10,400 - Step 04860: 24.5810 E_h, exp. variance=15802.6445 E_h^2, pmove=0.61
2026-06-02 20:33:11,062 - Step 04861: 8.7867 E_h, exp. variance=14259.3848 E_h^2, pmove=0.60
2026-06-02 20:33:11,724 - Step 04862: 9.6277 E_h, exp. variance=12860.7217 E_h^2, pmove=0.60
2026-06-02 20:33:12,388 - Step 04863: 8.7238 E_h, exp. variance=11599.3662 E_h^2, pmove=0.60
2026-06-02 20:33:13,050 - Step 04864: 13.9672 E_h, exp. variance=10447.8477 E_h^2, pmove=0.60
2026-06-02 20:33:13,711 - Step 04865: 8.2929 E_h, exp. variance=9421.6689 E_h^2, pmove=0.60
2026-06-02 20:33:14,375 - Step 04866: 8.3842 E_h, exp. variance=8494.3613 E_h^2, pmove=0.60
2026-06-02 20:33:15,038 - Step 04867: 8.6388 E_h, exp. variance=7656.4370 E_h^2, pmove=0.60
2026-06-02 20:33:15,699 - Step 04868: 8.5236 E_h, exp. variance=6900.3301 E_h^2, pmove=0.60
2026-06-02 20:33:16,362 - Step 04869: 9.3299 E_h, exp. variance=6216.7358 E_h^2, pmove=0.60
2026-06-02 20:33:17,024 - Step 04870: 10.1693 E_h, exp. variance=5599.1909 E_h^2, pmove=0.61
2026-06-02 20:33:17,686 - Step 04871: 8.3265 E_h, exp. variance=5044.9434 E_h^2, pmove=0.61
2026-06-02 20:33:18,349 - Step 04872: 8.9442 E_h, exp. variance=4544.2832 E_h^2, pmove=0.60
2026-06-02 20:33:19,011 - Step 04873: 8.3271 E_h, exp. variance=4093.6472 E_h^2, pmove=0.60
2026-06-02 20:33:19,673 - Step 04874: 13.5614 E_h, exp. variance=3684.3157 E_h^2, pmove=0.61
2026-06-02 20:33:20,337 - Step 04875: 13.2748 E_h, exp. variance=3315.9465 E_h^2, pmove=0.60
2026-06-02 20:33:20,999 - Step 04876: 8.4101 E_h, exp. variance=2987.1895 E_h^2, pmove=0.59
2026-06-02 20:33:21,661 - Step 04877: 8.8972 E_h, exp. variance=2690.3472 E_h^2, pmove=0.60
2026-06-02 20:33:22,322 - Step 04878: 8.3500 E_h, exp. variance=2423.2642 E_h^2, pmove=0.60
2026-06-02 20:33:22,986 - Step 04879: 8.3850 E_h, exp. variance=2182.4924 E_h^2, pmove=0.61
2026-06-02 20:33:23,649 - Step 04880: 8.2970 E_h, exp. variance=1965.5624 E_h^2, pmove=0.61
2026-06-02 20:33:24,310 - Step 04881: 8.2792 E_h, exp. variance=1770.0858 E_h^2, pmove=0.61
2026-06-02 20:33:24,971 - Step 04882: 8.3471 E_h, exp. variance=1593.9142 E_h^2, pmove=0.61
2026-06-02 20:33:25,634 - Step 04883: 8.3228 E_h, exp. variance=1435.2126 E_h^2, pmove=0.61
2026-06-02 20:33:26,296 - Step 04884: 8.3018 E_h, exp. variance=1292.2596 E_h^2, pmove=0.61
2026-06-02 20:33:26,958 - Step 04885: 11.5337 E_h, exp. variance=1163.1184 E_h^2, pmove=0.62
2026-06-02 20:33:27,749 - Step 04886: 8.7469 E_h, exp. variance=1047.1360 E_h^2, pmove=0.61
2026-06-02 20:33:28,412 - Step 04887: 9.1978 E_h, exp. variance=942.5678 E_h^2, pmove=0.61
2026-06-02 20:33:29,074 - Step 04888: 9.4545 E_h, exp. variance=848.3819 E_h^2, pmove=0.60
2026-06-02 20:33:29,736 - Step 04889: 8.3373 E_h, exp. variance=763.8740 E_h^2, pmove=0.60
2026-06-02 20:33:30,398 - Step 04890: 8.8661 E_h, exp. variance=687.6152 E_h^2, pmove=0.61
2026-06-02 20:33:31,060 - Step 04891: 8.3530 E_h, exp. variance=619.0809 E_h^2, pmove=0.60
2026-06-02 20:33:31,721 - Step 04892: 9.0192 E_h, exp. variance=557.2253 E_h^2, pmove=0.61
2026-06-02 20:33:32,383 - Step 04893: 9.2826 E_h, exp. variance=501.5190 E_h^2, pmove=0.61
2026-06-02 20:33:33,045 - Step 04894: 8.3322 E_h, exp. variance=451.5268 E_h^2, pmove=0.61
2026-06-02 20:33:33,710 - Step 04895: 8.4034 E_h, exp. variance=406.4886 E_h^2, pmove=0.60
2026-06-02 20:33:34,371 - Step 04896: 10.6374 E_h, exp. variance=365.9734 E_h^2, pmove=0.61
2026-06-02 20:33:35,033 - Step 04897: 8.3751 E_h, exp. variance=329.4983 E_h^2, pmove=0.60
2026-06-02 20:33:35,694 - Step 04898: 8.2925 E_h, exp. variance=296.6636 E_h^2, pmove=0.61
2026-06-02 20:33:36,358 - Step 04899: 8.4048 E_h, exp. variance=267.0711 E_h^2, pmove=0.60
2026-06-02 20:33:37,020 - Step 04900: 8.4786 E_h, exp. variance=240.4135 E_h^2, pmove=0.61
2026-06-02 20:33:37,682 - Step 04901: 11.4724 E_h, exp. variance=216.8593 E_h^2, pmove=0.61
2026-06-02 20:33:38,343 - Step 04902: 8.2835 E_h, exp. variance=195.2812 E_h^2, pmove=0.60
2026-06-02 20:33:39,010 - Step 04903: 8.6979 E_h, exp. variance=175.7825 E_h^2, pmove=0.61
2026-06-02 20:33:39,677 - Step 04904: 8.3339 E_h, exp. variance=158.2736 E_h^2, pmove=0.61
2026-06-02 20:33:40,341 - Step 04905: 8.7311 E_h, exp. variance=142.4602 E_h^2, pmove=0.61
2026-06-02 20:33:41,003 - Step 04906: 9.5881 E_h, exp. variance=128.2369 E_h^2, pmove=0.61
2026-06-02 20:33:41,665 - Step 04907: 18.9255 E_h, exp. variance=124.0398 E_h^2, pmove=0.60
2026-06-02 20:33:42,331 - Step 04908: 8.5328 E_h, exp. variance=111.8609 E_h^2, pmove=0.60
2026-06-02 20:33:42,994 - Step 04909: 8.3070 E_h, exp. variance=100.9196 E_h^2, pmove=0.60
2026-06-02 20:33:43,656 - Step 04910: 8.4769 E_h, exp. variance=90.9830 E_h^2, pmove=0.61
2026-06-02 20:33:44,319 - Step 04911: 8.5792 E_h, exp. variance=81.9898 E_h^2, pmove=0.61
2026-06-02 20:33:44,984 - Step 04912: 8.3657 E_h, exp. variance=73.9174 E_h^2, pmove=0.61
2026-06-02 20:33:45,649 - Step 04913: 8.4666 E_h, exp. variance=66.6097 E_h^2, pmove=0.61
2026-06-02 20:33:46,313 - Step 04914: 8.3366 E_h, exp. variance=60.0387 E_h^2, pmove=0.60
2026-06-02 20:33:46,977 - Step 04915: 8.7109 E_h, exp. variance=54.0597 E_h^2, pmove=0.60
2026-06-02 20:33:47,645 - Step 04916: 8.2859 E_h, exp. variance=48.7263 E_h^2, pmove=0.60
2026-06-02 20:33:48,310 - Step 04917: 8.5088 E_h, exp. variance=43.8845 E_h^2, pmove=0.60
2026-06-02 20:33:48,973 - Step 04918: 8.5237 E_h, exp. variance=39.5196 E_h^2, pmove=0.61
2026-06-02 20:33:49,638 - Step 04919: 9.2230 E_h, exp. variance=35.5728 E_h^2, pmove=0.61
2026-06-02 20:33:50,305 - Step 04920: 8.3242 E_h, exp. variance=32.0576 E_h^2, pmove=0.60
2026-06-02 20:33:50,968 - Step 04921: 8.4026 E_h, exp. variance=28.8778 E_h^2, pmove=0.61
2026-06-02 20:33:51,633 - Step 04922: 8.2881 E_h, exp. variance=26.0222 E_h^2, pmove=0.60
2026-06-02 20:33:52,298 - Step 04923: 8.5546 E_h, exp. variance=23.4267 E_h^2, pmove=0.61
2026-06-02 20:33:52,965 - Step 04924: 8.4831 E_h, exp. variance=21.0930 E_h^2, pmove=0.61
2026-06-02 20:33:53,630 - Step 04925: 9.1230 E_h, exp. variance=18.9951 E_h^2, pmove=0.61
2026-06-02 20:33:54,293 - Step 04926: 8.3484 E_h, exp. variance=17.1142 E_h^2, pmove=0.61
2026-06-02 20:33:54,957 - Step 04927: 8.3571 E_h, exp. variance=15.4172 E_h^2, pmove=0.60
2026-06-02 20:33:55,623 - Step 04928: 8.4823 E_h, exp. variance=13.8804 E_h^2, pmove=0.61
2026-06-02 20:33:56,287 - Step 04929: 8.6957 E_h, exp. variance=12.4924 E_h^2, pmove=0.61
2026-06-02 20:33:56,950 - Step 04930: 8.4585 E_h, exp. variance=11.2482 E_h^2, pmove=0.62
2026-06-02 20:33:57,615 - Step 04931: 8.3090 E_h, exp. variance=10.1351 E_h^2, pmove=0.61
2026-06-02 20:33:58,283 - Step 04932: 8.9766 E_h, exp. variance=9.1321 E_h^2, pmove=0.61
2026-06-02 20:33:58,946 - Step 04933: 9.1590 E_h, exp. variance=8.2406 E_h^2, pmove=0.61
2026-06-02 20:33:59,611 - Step 04934: 8.4851 E_h, exp. variance=7.4214 E_h^2, pmove=0.61
2026-06-02 20:34:00,276 - Step 04935: 8.6748 E_h, exp. variance=6.6793 E_h^2, pmove=0.60
2026-06-02 20:34:00,942 - Step 04936: 9.0642 E_h, exp. variance=6.0238 E_h^2, pmove=0.61
2026-06-02 20:34:01,606 - Step 04937: 8.3467 E_h, exp. variance=5.4346 E_h^2, pmove=0.60
2026-06-02 20:34:02,271 - Step 04938: 8.9366 E_h, exp. variance=4.8966 E_h^2, pmove=0.61
2026-06-02 20:34:02,935 - Step 04939: 8.3281 E_h, exp. variance=4.4204 E_h^2, pmove=0.61
2026-06-02 20:34:03,602 - Step 04940: 8.3532 E_h, exp. variance=3.9878 E_h^2, pmove=0.61
2026-06-02 20:34:04,268 - Step 04941: 8.6527 E_h, exp. variance=3.5891 E_h^2, pmove=0.61
2026-06-02 20:34:04,934 - Step 04942: 8.4506 E_h, exp. variance=3.2336 E_h^2, pmove=0.61
2026-06-02 20:34:05,599 - Step 04943: 8.3904 E_h, exp. variance=2.9152 E_h^2, pmove=0.61
2026-06-02 20:34:06,263 - Step 04944: 10.9258 E_h, exp. variance=3.1095 E_h^2, pmove=0.61
2026-06-02 20:34:06,930 - Step 04945: 8.8022 E_h, exp. variance=2.7987 E_h^2, pmove=0.60
2026-06-02 20:34:07,593 - Step 04946: 8.5931 E_h, exp. variance=2.5239 E_h^2, pmove=0.61
2026-06-02 20:34:08,258 - Step 04947: 8.7221 E_h, exp. variance=2.2722 E_h^2, pmove=0.61
2026-06-02 20:34:08,922 - Step 04948: 8.2413 E_h, exp. variance=2.0730 E_h^2, pmove=0.61
2026-06-02 20:34:09,590 - Step 04949: 8.3896 E_h, exp. variance=1.8769 E_h^2, pmove=0.61
2026-06-02 20:34:10,256 - Step 04950: 8.3879 E_h, exp. variance=1.6985 E_h^2, pmove=0.60
2026-06-02 20:34:10,922 - Step 04951: 8.9066 E_h, exp. variance=1.5334 E_h^2, pmove=0.61
2026-06-02 20:34:11,587 - Step 04952: 8.4228 E_h, exp. variance=1.3869 E_h^2, pmove=0.61
2026-06-02 20:34:12,252 - Step 04953: 8.5234 E_h, exp. variance=1.2502 E_h^2, pmove=0.61
2026-06-02 20:34:12,918 - Step 04954: 8.3575 E_h, exp. variance=1.1332 E_h^2, pmove=0.60
2026-06-02 20:34:13,582 - Step 04955: 8.3676 E_h, exp. variance=1.0260 E_h^2, pmove=0.61
2026-06-02 20:34:14,247 - Step 04956: 8.4415 E_h, exp. variance=0.9256 E_h^2, pmove=0.60
2026-06-02 20:34:14,914 - Step 04957: 8.2448 E_h, exp. variance=0.8435 E_h^2, pmove=0.61
2026-06-02 20:34:15,580 - Step 04958: 8.2979 E_h, exp. variance=0.7649 E_h^2, pmove=0.61
2026-06-02 20:34:16,245 - Step 04959: 8.8009 E_h, exp. variance=0.6952 E_h^2, pmove=0.61
2026-06-02 20:34:16,911 - Step 04960: 8.2207 E_h, exp. variance=0.6357 E_h^2, pmove=0.61
2026-06-02 20:34:17,576 - Step 04961: 8.2979 E_h, exp. variance=0.5765 E_h^2, pmove=0.61
2026-06-02 20:34:18,241 - Step 04962: 8.2446 E_h, exp. variance=0.5246 E_h^2, pmove=0.61
2026-06-02 20:34:18,905 - Step 04963: 8.2879 E_h, exp. variance=0.4752 E_h^2, pmove=0.61
2026-06-02 20:34:19,570 - Step 04964: 8.3310 E_h, exp. variance=0.4291 E_h^2, pmove=0.61
2026-06-02 20:34:20,234 - Step 04965: 9.2153 E_h, exp. variance=0.4400 E_h^2, pmove=0.61
2026-06-02 20:34:20,896 - Step 04966: 8.3561 E_h, exp. variance=0.3984 E_h^2, pmove=0.61
2026-06-02 20:34:21,560 - Step 04967: 8.3304 E_h, exp. variance=0.3612 E_h^2, pmove=0.61
2026-06-02 20:34:22,224 - Step 04968: 9.1479 E_h, exp. variance=0.3646 E_h^2, pmove=0.61
2026-06-02 20:34:22,891 - Step 04969: 8.6195 E_h, exp. variance=0.3286 E_h^2, pmove=0.61
2026-06-02 20:34:23,556 - Step 04970: 8.5972 E_h, exp. variance=0.2958 E_h^2, pmove=0.61
2026-06-02 20:34:24,222 - Step 04971: 8.3832 E_h, exp. variance=0.2692 E_h^2, pmove=0.61
2026-06-02 20:34:24,887 - Step 04972: 8.2248 E_h, exp. variance=0.2514 E_h^2, pmove=0.61
2026-06-02 20:34:25,554 - Step 04973: 14.0589 E_h, exp. variance=2.9949 E_h^2, pmove=0.61
2026-06-02 20:34:26,219 - Step 04974: 8.4479 E_h, exp. variance=2.7299 E_h^2, pmove=0.60
2026-06-02 20:34:26,884 - Step 04975: 8.3661 E_h, exp. variance=2.4937 E_h^2, pmove=0.61
2026-06-02 20:34:27,550 - Step 04976: 15.4498 E_h, exp. variance=6.0568 E_h^2, pmove=0.61
2026-06-02 20:34:28,218 - Step 04977: 8.3504 E_h, exp. variance=5.5899 E_h^2, pmove=0.61
2026-06-02 20:34:28,885 - Step 04978: 8.5352 E_h, exp. variance=5.1092 E_h^2, pmove=0.61
2026-06-02 20:34:29,550 - Step 04979: 8.5313 E_h, exp. variance=4.6623 E_h^2, pmove=0.61
2026-06-02 20:34:30,216 - Step 04980: 8.8239 E_h, exp. variance=4.2157 E_h^2, pmove=0.60
2026-06-02 20:34:30,881 - Step 04981: 8.3175 E_h, exp. variance=3.8713 E_h^2, pmove=0.60
2026-06-02 20:34:31,549 - Step 04982: 8.4975 E_h, exp. variance=3.5226 E_h^2, pmove=0.61
2026-06-02 20:34:32,214 - Step 04983: 9.4209 E_h, exp. variance=3.1805 E_h^2, pmove=0.61
2026-06-02 20:34:32,881 - Step 04984: 8.4644 E_h, exp. variance=2.9010 E_h^2, pmove=0.60
2026-06-02 20:34:33,545 - Step 04985: 8.8184 E_h, exp. variance=2.6159 E_h^2, pmove=0.61
2026-06-02 20:34:34,212 - Step 04986: 9.0276 E_h, exp. variance=2.3543 E_h^2, pmove=0.61
2026-06-02 20:34:34,876 - Step 04987: 8.2082 E_h, exp. variance=2.1797 E_h^2, pmove=0.61
2026-06-02 20:34:35,541 - Step 04988: 8.8139 E_h, exp. variance=1.9633 E_h^2, pmove=0.61
2026-06-02 20:34:36,205 - Step 04989: 12.3933 E_h, exp. variance=2.8437 E_h^2, pmove=0.61
2026-06-02 20:34:36,870 - Step 04990: 8.3304 E_h, exp. variance=2.6406 E_h^2, pmove=0.60
2026-06-02 20:34:37,533 - Step 04991: 8.6005 E_h, exp. variance=2.4073 E_h^2, pmove=0.61
2026-06-02 20:34:38,197 - Step 04992: 9.9471 E_h, exp. variance=2.2271 E_h^2, pmove=0.61
2026-06-02 20:34:38,861 - Step 04993: 20.2385 E_h, exp. variance=12.9532 E_h^2, pmove=0.60
2026-06-02 20:34:39,524 - Step 04994: 9.8278 E_h, exp. variance=11.6789 E_h^2, pmove=0.59
2026-06-02 20:34:40,189 - Step 04995: 8.6375 E_h, exp. variance=10.7490 E_h^2, pmove=0.59
2026-06-02 20:34:40,852 - Step 04996: 8.4206 E_h, exp. variance=9.9282 E_h^2, pmove=0.60
2026-06-02 20:34:41,517 - Step 04997: 8.4099 E_h, exp. variance=9.1441 E_h^2, pmove=0.61
2026-06-02 20:34:42,181 - Step 04998: 8.4495 E_h, exp. variance=8.3891 E_h^2, pmove=0.60
2026-06-02 20:34:42,845 - Step 04999: 8.3355 E_h, exp. variance=7.7051 E_h^2, pmove=0.61
2026-06-02 20:34:42,845 - Saving checkpoint results/bilayer-bosons/BosonNet/N24_layers12_12_rs3.0_d4.0_D20.0_sq/qmcjax_ckpt_004999.npz
2026-06-02 20:34:42,909 - Training completed after t [s] = 3484
