row_m1,row_m2,row_kx,row_ky,col_m1,col_m2,col_kx,col_ky,gamma_real,gamma_imag
-4,-4,-3.21600557581,-3.21600557581,-4,-4,-3.21600557581,-3.21600557581,0.000329695206768,0
-4,-4,-3.21600557581,-3.21600557581,-4,-3,-3.21600557581,-2.41200418186,0.00109227642335,0.000397900426468
-4,-4,-3.21600557581,-3.21600557581,-4,-2,-3.21600557581,-1.60800278791,-0.000754954991788,0.00787112592319
-4,-4,-3.21600557581,-3.21600557581,-4,-1,-3.21600557581,-0.804001393954,-0.00504206022153,-0.00197959153248
-4,-4,-3.21600557581,-3.21600557581,-4,0,-3.21600557581,0,0.0112530048094,0.000352542451008
-4,-4,-3.21600557581,-3.21600557581,-4,1,-3.21600557581,0.804001393954,0.000448922923863,-0.00290131131497
-4,-4,-3.21600557581,-3.21600557581,-4,2,-3.21600557581,1.60800278791,7.37905035515e-06,-0.00158212932208
-4,-4,-3.21600557581,-3.21600557581,-4,3,-3.21600557581,2.41200418186,8.17263026825e-05,0.00101355658398
-4,-4,-3.21600557581,-3.21600557581,-4,4,-3.21600557581,3.21600557581,-0.00213194010619,0.00198487060369
-4,-4,-3.21600557581,-3.21600557581,-3,-4,-2.41200418186,-3.21600557581,-0.0032883759541,-0.000420703469624
-4,-4,-3.21600557581,-3.21600557581,-3,-3,-2.41200418186,-2.41200418186,0.00199477125114,-0.00330060234698
-4,-4,-3.21600557581,-3.21600557581,-3,-2,-2.41200418186,-1.60800278791,-0.000575128930789,0.00498897438387
-4,-4,-3.21600557581,-3.21600557581,-3,-1,-2.41200418186,-0.804001393954,-0.00252517742428,-0.00343356572528
-4,-4,-3.21600557581,-3.21600557581,-3,0,-2.41200418186,0,0.00712875894921,0.00272577058916
-4,-4,-3.21600557581,-3.21600557581,-3,1,-2.41200418186,0.804001393954,0.00403232641961,0.00131467432525
-4,-4,-3.21600557581,-3.21600557581,-3,2,-2.41200418186,1.60800278791,0.0010774182778,-0.000771957202055
-4,-4,-3.21600557581,-3.21600557581,-3,3,-2.41200418186,2.41200418186,-0.0010060560155,0.00065960132687
-4,-4,-3.21600557581,-3.21600557581,-3,4,-2.41200418186,3.21600557581,-0.00552784808421,-0.00391512726855
-4,-4,-3.21600557581,-3.21600557581,-2,-4,-1.60800278791,-3.21600557581,0.00276344200246,-0.000753486428907
-4,-4,-3.21600557581,-3.21600557581,-2,-3,-1.60800278791,-2.41200418186,0.00234375407197,-2.85244146217e-05
-4,-4,-3.21600557581,-3.21600557581,-2,-2,-1.60800278791,-1.60800278791,-0.00372830894203,-0.00322820012817
-4,-4,-3.21600557581,-3.21600557581,-2,-1,-1.60800278791,-0.804001393954,-0.0115241322976,0.00291595357556
-4,-4,-3.21600557581,-3.21600557581,-2,0,-1.60800278791,0,0.00616819522119,-0.00629187057688
-4,-4,-3.21600557581,-3.21600557581,-2,1,-1.60800278791,0.804001393954,-0.000894116005542,0.00108004262771
-4,-4,-3.21600557581,-3.21600557581,-2,2,-1.60800278791,1.60800278791,-0.00128516250558,0.000286618023169
-4,-4,-3.21600557581,-3.21600557581,-2,3,-1.60800278791,2.41200418186,0.00169160728434,-0.00323983651969
-4,-4,-3.21600557581,-3.21600557581,-2,4,-1.60800278791,3.21600557581,0.00311602014185,-0.00111087561731
-4,-4,-3.21600557581,-3.21600557581,-1,-4,-0.804001393954,-3.21600557581,-0.0012316420035,0.00490919874137
-4,-4,-3.21600557581,-3.21600557581,-1,-3,-0.804001393954,-2.41200418186,-0.00575683551577,-0.008963993087
-4,-4,-3.21600557581,-3.21600557581,-1,-2,-0.804001393954,-1.60800278791,0.00453275180813,-0.00142931754332
-4,-4,-3.21600557581,-3.21600557581,-1,-1,-0.804001393954,-0.804001393954,-0.00369655324634,0.0186399730663
-4,-4,-3.21600557581,-3.21600557581,-1,0,-0.804001393954,0,-0.0477398625221,-0.00449805501316
-4,-4,-3.21600557581,-3.21600557581,-1,1,-0.804001393954,0.804001393954,0.015166550901,0.00423725226103
-4,-4,-3.21600557581,-3.21600557581,-1,2,-0.804001393954,1.60800278791,0.00927755412819,-0.0113659799489
-4,-4,-3.21600557581,-3.21600557581,-1,3,-0.804001393954,2.41200418186,0.00192440411918,-0.00118728506881
-4,-4,-3.21600557581,-3.21600557581,-1,4,-0.804001393954,3.21600557581,0.00163425871199,-0.000557456552476
-4,-4,-3.21600557581,-3.21600557581,0,-4,0,-3.21600557581,0.0035428562738,-0.000676043181262
-4,-4,-3.21600557581,-3.21600557581,0,-3,0,-2.41200418186,-0.00196623923429,-0.00518611017682
-4,-4,-3.21600557581,-3.21600557581,0,-2,0,-1.60800278791,-0.0190242252218,-0.00110261086644
-4,-4,-3.21600557581,-3.21600557581,0,-1,0,-0.804001393954,-0.00679665724685,-0.000608078301518
-4,-4,-3.21600557581,-3.21600557581,0,0,0,0,-0.0311666882737,0.0744837141615
-4,-4,-3.21600557581,-3.21600557581,0,1,0,0.804001393954,0.0123034682024,0.000975241093159
-4,-4,-3.21600557581,-3.21600557581,0,2,0,1.60800278791,0.0100325060083,-0.0114983977212
-4,-4,-3.21600557581,-3.21600557581,0,3,0,2.41200418186,0.00456980899365,-0.000977447140883
-4,-4,-3.21600557581,-3.21600557581,0,4,0,3.21600557581,0.00163552326516,-0.0033522193092
-4,-4,-3.21600557581,-3.21600557581,1,-4,0.804001393954,-3.21600557581,-0.000799137485819,0.000414510416513
-4,-4,-3.21600557581,-3.21600557581,1,-3,0.804001393954,-2.41200418186,0.00284567471861,0.00507427500516
-4,-4,-3.21600557581,-3.21600557581,1,-2,0.804001393954,-1.60800278791,0.00646610885798,-0.00237827483492
-4,-4,-3.21600557581,-3.21600557581,1,-1,0.804001393954,-0.804001393954,0.020910008119,-0.0215256179367
-4,-4,-3.21600557581,-3.21600557581,1,0,0.804001393954,0,-0.0432085409911,0.0184908583206
-4,-4,-3.21600557581,-3.21600557581,1,1,0.804001393954,0.804001393954,-0.0312275493452,-0.00612767768731
-4,-4,-3.21600557581,-3.21600557581,1,2,0.804001393954,1.60800278791,-0.00572199181955,-0.00584236788509
-4,-4,-3.21600557581,-3.21600557581,1,3,0.804001393954,2.41200418186,0.00337686448233,0.00177567530594
-4,-4,-3.21600557581,-3.21600557581,1,4,0.804001393954,3.21600557581,9.46793735808e-06,0.00358480079751
-4,-4,-3.21600557581,-3.21600557581,2,-4,1.60800278791,-3.21600557581,-0.00268606358635,-3.89971785183e-06
-4,-4,-3.21600557581,-3.21600557581,2,-3,1.60800278791,-2.41200418186,0.00194515576664,0.00333753329519
-4,-4,-3.21600557581,-3.21600557581,2,-2,1.60800278791,-1.60800278791,0.00429596872096,0.00302930036047
-4,-4,-3.21600557581,-3.21600557581,2,-1,1.60800278791,-0.804001393954,0.0005723511502,0.00643450822521
-4,-4,-3.21600557581,-3.21600557581,2,0,1.60800278791,0,0.00893866140363,-0.0112311466078
-4,-4,-3.21600557581,-3.21600557581,2,1,1.60800278791,0.804001393954,-0.00467035426554,0.0121751509929
-4,-4,-3.21600557581,-3.21600557581,2,2,1.60800278791,1.60800278791,0.00164514899419,0.000153540455448
-4,-4,-3.21600557581,-3.21600557581,2,3,1.60800278791,2.41200418186,0.00827905102406,-0.000336683905099
-4,-4,-3.21600557581,-3.21600557581,2,4,1.60800278791,3.21600557581,0.000622525425501,0.00342223961116
-4,-4,-3.21600557581,-3.21600557581,3,-4,2.41200418186,-3.21600557581,-0.00207105502901,0.00228587443014
-4,-4,-3.21600557581,-3.21600557581,3,-3,2.41200418186,-2.41200418186,0.000213847141806,-0.000545946082477
-4,-4,-3.21600557581,-3.21600557581,3,-2,2.41200418186,-1.60800278791,0.00468812945227,-0.00651799474343
-4,-4,-3.21600557581,-3.21600557581,3,-1,2.41200418186,-0.804001393954,-0.00272842359149,-0.00307907767803
-4,-4,-3.21600557581,-3.21600557581,3,0,2.41200418186,0,0.00511461111628,-0.00455295074681
-4,-4,-3.21600557581,-3.21600557581,3,1,2.41200418186,0.804001393954,-0.00376676431147,-0.00060224809779
-4,-4,-3.21600557581,-3.21600557581,3,2,2.41200418186,1.60800278791,-0.00106811563686,-0.00833332547957
-4,-4,-3.21600557581,-3.21600557581,3,3,2.41200418186,2.41200418186,0.00175513513859,0.00816520890524
-4,-4,-3.21600557581,-3.21600557581,3,4,2.41200418186,3.21600557581,-0.00302671888119,0.000289932106037
-4,-4,-3.21600557581,-3.21600557581,4,-4,3.21600557581,-3.21600557581,-0.00252828254282,-0.00100512929013
-4,-4,-3.21600557581,-3.21600557581,4,-3,3.21600557581,-2.41200418186,0.00320553076677,-0.000515638528516
-4,-4,-3.21600557581,-3.21600557581,4,-2,3.21600557581,-1.60800278791,0.00288363395888,-0.00407723194478
-4,-4,-3.21600557581,-3.21600557581,4,-1,3.21600557581,-0.804001393954,0.00320732796146,0.00565320436509
-4,-4,-3.21600557581,-3.21600557581,4,0,3.21600557581,0,-0.0011937858568,-0.00289861575766
-4,-4,-3.21600557581,-3.21600557581,4,1,3.21600557581,0.804001393954,0.00460875052327,0.0068295410587
-4,-4,-3.21600557581,-3.21600557581,4,2,3.21600557581,1.60800278791,-0.00345469253438,-0.00273118608225
-4,-4,-3.21600557581,-3.21600557581,4,3,3.21600557581,2.41200418186,0.00121978244603,-0.00196116915104
-4,-4,-3.21600557581,-3.21600557581,4,4,3.21600557581,3.21600557581,0.000249687439244,-0.00374926743106
-4,-3,-3.21600557581,-2.41200418186,-4,-4,-3.21600557581,-3.21600557581,0.00109227642335,-0.000397900426468
-4,-3,-3.21600557581,-2.41200418186,-4,-3,-3.21600557581,-2.41200418186,0.00305378198598,0
-4,-3,-3.21600557581,-2.41200418186,-4,-2,-3.21600557581,-1.60800278791,-0.000717549445946,0.000258634999133
-4,-3,-3.21600557581,-2.41200418186,-4,-1,-3.21600557581,-0.804001393954,-0.00164269132314,-6.88683833427e-05
-4,-3,-3.21600557581,-2.41200418186,-4,0,-3.21600557581,0,0.000218455166949,-0.00433345734065
-4,-3,-3.21600557581,-2.41200418186,-4,1,-3.21600557581,0.804001393954,0.00515873223344,0.00405325663092
-4,-3,-3.21600557581,-2.41200418186,-4,2,-3.21600557581,1.60800278791,0.0048631792311,0.00229634330425
-4,-3,-3.21600557581,-2.41200418186,-4,3,-3.21600557581,2.41200418186,-0.000775513765957,-0.003408754122
-4,-3,-3.21600557581,-2.41200418186,-4,4,-3.21600557581,3.21600557581,-0.00108064241071,-0.000130341016625
-4,-3,-3.21600557581,-2.41200418186,-3,-4,-2.41200418186,-3.21600557581,-0.000370243325031,0.00280017430713
-4,-3,-3.21600557581,-2.41200418186,-3,-3,-2.41200418186,-2.41200418186,0.00578746746387,0.00190795946801
-4,-3,-3.21600557581,-2.41200418186,-3,-2,-2.41200418186,-1.60800278791,-0.00582753523809,-0.000795865599829
-4,-3,-3.21600557581,-2.41200418186,-3,-1,-2.41200418186,-0.804001393954,0.00280320149941,-0.00632456900029
-4,-3,-3.21600557581,-2.41200418186,-3,0,-2.41200418186,0,-0.00553487042976,0.0020141942146
-4,-3,-3.21600557581,-2.41200418186,-3,1,-2.41200418186,0.804001393954,0.00700597042964,0.000179037918293
-4,-3,-3.21600557581,-2.41200418186,-3,2,-2.41200418186,1.60800278791,0.00219415107264,-0.000915938701412
-4,-3,-3.21600557581,-2.41200418186,-3,3,-2.41200418186,2.41200418186,0.000973114049134,-0.00378540865292
-4,-3,-3.21600557581,-2.41200418186,-3,4,-2.41200418186,3.21600557581,0.00192405427999,-0.000869403390206
-4,-3,-3.21600557581,-2.41200418186,-2,-4,-1.60800278791,-3.21600557581,-0.00317337740324,-0.00212619337476
-4,-3,-3.21600557581,-2.41200418186,-2,-3,-1.60800278791,-2.41200418186,0.00051518066412,0.000158887681835
-4,-3,-3.21600557581,-2.41200418186,-2,-2,-1.60800278791,-1.60800278791,0.000186723634804,0.00590206114484
-4,-3,-3.21600557581,-2.41200418186,-2,-1,-1.60800278791,-0.804001393954,-0.00281221436741,-0.00530845603987
-4,-3,-3.21600557581,-2.41200418186,-2,0,-1.60800278791,0,-0.0217590344237,0.00187234092528
-4,-3,-3.21600557581,-2.41200418186,-2,1,-1.60800278791,0.804001393954,0.0129746882515,-0.00126699191856
-4,-3,-3.21600557581,-2.41200418186,-2,2,-1.60800278791,1.60800278791,0.00282786549154,0.000870363258549
-4,-3,-3.21600557581,-2.41200418186,-2,3,-1.60800278791,2.41200418186,0.00168234700314,-0.0016178908121
-4,-3,-3.21600557581,-2.41200418186,-2,4,-1.60800278791,3.21600557581,0.00230836164457,-0.00408968571935
-4,-3,-3.21600557581,-2.41200418186,-1,-4,-0.804001393954,-3.21600557581,-0.000784096644213,-0.0048351899481
-4,-3,-3.21600557581,-2.41200418186,-1,-3,-0.804001393954,-2.41200418186,0.00236495176104,0.00035737211847
-4,-3,-3.21600557581,-2.41200418186,-1,-2,-0.804001393954,-1.60800278791,-0.00953697033801,-0.0102423466853
-4,-3,-3.21600557581,-2.41200418186,-1,-1,-0.804001393954,-0.804001393954,0.0166509020898,-0.0107069367951
-4,-3,-3.21600557581,-2.41200418186,-1,0,-0.804001393954,0,-0.00646605123437,0.0185758213666
-4,-3,-3.21600557581,-2.41200418186,-1,1,-0.804001393954,0.804001393954,-0.0383817796997,-0.00245902402699
-4,-3,-3.21600557581,-2.41200418186,-1,2,-0.804001393954,1.60800278791,0.00377461923688,0.0128598718667
-4,-3,-3.21600557581,-2.41200418186,-1,3,-0.804001393954,2.41200418186,-0.00549543503116,-0.00115350836203
-4,-3,-3.21600557581,-2.41200418186,-1,4,-0.804001393954,3.21600557581,0.00479097927221,-0.000231731922512
-4,-3,-3.21600557581,-2.41200418186,0,-4,0,-3.21600557581,-0.00511605580337,-0.00119656063065
-4,-3,-3.21600557581,-2.41200418186,0,-3,0,-2.41200418186,0.0035213024302,0.00225238495141
-4,-3,-3.21600557581,-2.41200418186,0,-2,0,-1.60800278791,0.0015999563627,-0.016657281138
-4,-3,-3.21600557581,-2.41200418186,0,-1,0,-0.804001393954,-0.0315160673603,0.00925856532695
-4,-3,-3.21600557581,-2.41200418186,0,0,0,0,-0.028999554281,0.0240312315374
-4,-3,-3.21600557581,-2.41200418186,0,1,0,0.804001393954,-0.0232470084519,0.0120609225026
-4,-3,-3.21600557581,-2.41200418186,0,2,0,1.60800278791,0.00999178126601,0.002254172356
-4,-3,-3.21600557581,-2.41200418186,0,3,0,2.41200418186,0.00232476470599,-0.00732583849931
-4,-3,-3.21600557581,-2.41200418186,0,4,0,3.21600557581,0.000821245638905,-0.00622143774571
-4,-3,-3.21600557581,-2.41200418186,1,-4,0.804001393954,-3.21600557581,-0.000262057262185,0.000232430672578
-4,-3,-3.21600557581,-2.41200418186,1,-3,0.804001393954,-2.41200418186,-0.00276409313649,0.00386806424421
-4,-3,-3.21600557581,-2.41200418186,1,-2,0.804001393954,-1.60800278791,0.00155340424894,0.011213545127
-4,-3,-3.21600557581,-2.41200418186,1,-1,0.804001393954,-0.804001393954,0.0100214060926,-8.62383558287e-05
-4,-3,-3.21600557581,-2.41200418186,1,0,0.804001393954,0,0.0265364088682,-0.0359945724156
-4,-3,-3.21600557581,-2.41200418186,1,1,0.804001393954,0.804001393954,-0.0249166725927,0.0211291166148
-4,-3,-3.21600557581,-2.41200418186,1,2,0.804001393954,1.60800278791,-0.0131040329018,-0.00218232243901
-4,-3,-3.21600557581,-2.41200418186,1,3,0.804001393954,2.41200418186,0.00120207063765,-0.0029693734979
-4,-3,-3.21600557581,-2.41200418186,1,4,0.804001393954,3.21600557581,0.0029849441353,0.00669026814717
-4,-3,-3.21600557581,-2.41200418186,2,-4,1.60800278791,-3.21600557581,-0.00199831386145,0.0039214121984
-4,-3,-3.21600557581,-2.41200418186,2,-3,1.60800278791,-2.41200418186,0.00146835885921,-0.000906548131303
-4,-3,-3.21600557581,-2.41200418186,2,-2,1.60800278791,-1.60800278791,0.00877657275571,0.00381946886284
-4,-3,-3.21600557581,-2.41200418186,2,-1,1.60800278791,-0.804001393954,-0.00146472060659,0.0084372052942
-4,-3,-3.21600557581,-2.41200418186,2,0,1.60800278791,0,0.0127578866493,0.00602841948026
-4,-3,-3.21600557581,-2.41200418186,2,1,1.60800278791,0.804001393954,0.00520029425544,-0.00293126692428
-4,-3,-3.21600557581,-2.41200418186,2,2,1.60800278791,1.60800278791,-0.00278016197733,0.00799546069766
-4,-3,-3.21600557581,-2.41200418186,2,3,1.60800278791,2.41200418186,0.00124800747314,0.00316693876031
-4,-3,-3.21600557581,-2.41200418186,2,4,1.60800278791,3.21600557581,0.003599179876,-0.00175894891679
-4,-3,-3.21600557581,-2.41200418186,3,-4,2.41200418186,-3.21600557581,0.00396610729084,0.00139977176233
-4,-3,-3.21600557581,-2.41200418186,3,-3,2.41200418186,-2.41200418186,0.0004183512872,-0.000182064189614
-4,-3,-3.21600557581,-2.41200418186,3,-2,2.41200418186,-1.60800278791,0.00314682726017,0.00103612779427
-4,-3,-3.21600557581,-2.41200418186,3,-1,2.41200418186,-0.804001393954,-0.000440098518484,0.00423960961963
-4,-3,-3.21600557581,-2.41200418186,3,0,2.41200418186,0,0.00276446197527,-0.00199706794727
-4,-3,-3.21600557581,-2.41200418186,3,1,2.41200418186,0.804001393954,-0.00328449488314,-0.00115679448881
-4,-3,-3.21600557581,-2.41200418186,3,2,2.41200418186,1.60800278791,-0.00237353686826,0.00178803666692
-4,-3,-3.21600557581,-2.41200418186,3,3,2.41200418186,2.41200418186,-0.00166669553833,-0.00351799931455
-4,-3,-3.21600557581,-2.41200418186,3,4,2.41200418186,3.21600557581,0.00378999546575,0.00382900578637
-4,-3,-3.21600557581,-2.41200418186,4,-4,3.21600557581,-3.21600557581,-0.000646520630844,0.00752518756684
-4,-3,-3.21600557581,-2.41200418186,4,-3,3.21600557581,-2.41200418186,0.00154881980016,0.000252083121174
-4,-3,-3.21600557581,-2.41200418186,4,-2,3.21600557581,-1.60800278791,0.00071983223536,0.00737271765558
-4,-3,-3.21600557581,-2.41200418186,4,-1,3.21600557581,-0.804001393954,-0.00897593297855,-0.000494095046341
-4,-3,-3.21600557581,-2.41200418186,4,0,3.21600557581,0,0.00252414248623,-0.000189767287503
-4,-3,-3.21600557581,-2.41200418186,4,1,3.21600557581,0.804001393954,-0.00128602552283,-0.00150124902265
-4,-3,-3.21600557581,-2.41200418186,4,2,3.21600557581,1.60800278791,0.00203001065609,-0.000686197389259
-4,-3,-3.21600557581,-2.41200418186,4,3,3.21600557581,2.41200418186,0.00328750549161,0.00331633199271
-4,-3,-3.21600557581,-2.41200418186,4,4,3.21600557581,3.21600557581,0.00121978244603,-0.00196116915104
-4,-2,-3.21600557581,-1.60800278791,-4,-4,-3.21600557581,-3.21600557581,-0.000754954991788,-0.00787112592319
-4,-2,-3.21600557581,-1.60800278791,-4,-3,-3.21600557581,-2.41200418186,-0.000717549445946,-0.000258634999133
-4,-2,-3.21600557581,-1.60800278791,-4,-2,-3.21600557581,-1.60800278791,0.0116737584318,0
-4,-2,-3.21600557581,-1.60800278791,-4,-1,-3.21600557581,-0.804001393954,-0.00731662179412,0.00749271195598
-4,-2,-3.21600557581,-1.60800278791,-4,0,-3.21600557581,0,-0.00328641348902,-0.000362441518152
-4,-2,-3.21600557581,-1.60800278791,-4,1,-3.21600557581,0.804001393954,0.00217553720265,0.00299581772002
-4,-2,-3.21600557581,-1.60800278791,-4,2,-3.21600557581,1.60800278791,-0.00569073990081,-0.0041201179801
-4,-2,-3.21600557581,-1.60800278791,-4,3,-3.21600557581,2.41200418186,0.00449085861675,0.00496718366634
-4,-2,-3.21600557581,-1.60800278791,-4,4,-3.21600557581,3.21600557581,0.000320024584317,-0.00391433307537
-4,-2,-3.21600557581,-1.60800278791,-3,-4,-2.41200418186,-3.21600557581,-0.00457598603394,-0.00286991512387
-4,-2,-3.21600557581,-1.60800278791,-3,-3,-2.41200418186,-2.41200418186,-0.00206105712144,-0.00132911013023
-4,-2,-3.21600557581,-1.60800278791,-3,-2,-2.41200418186,-1.60800278791,0.00419970737437,-0.0016495931494
-4,-2,-3.21600557581,-1.60800278791,-3,-1,-2.41200418186,-0.804001393954,-0.0106684266351,0.000385137718763
-4,-2,-3.21600557581,-1.60800278791,-3,0,-2.41200418186,0,0.000722192107939,-0.00925297153583
-4,-2,-3.21600557581,-1.60800278791,-3,1,-2.41200418186,0.804001393954,-0.00500433133124,-0.000326498276678
-4,-2,-3.21600557581,-1.60800278791,-3,2,-2.41200418186,1.60800278791,0.00166374567067,-0.00300805777899
-4,-2,-3.21600557581,-1.60800278791,-3,3,-2.41200418186,2.41200418186,0.0066533750164,0.0006492449779
-4,-2,-3.21600557581,-1.60800278791,-3,4,-2.41200418186,3.21600557581,-0.00221669044035,0.00133613691445
-4,-2,-3.21600557581,-1.60800278791,-2,-4,-1.60800278791,-3.21600557581,0.00021325069764,-0.00260330622606
-4,-2,-3.21600557581,-1.60800278791,-2,-3,-1.60800278791,-2.41200418186,-0.00237242031269,-0.00659483549639
-4,-2,-3.21600557581,-1.60800278791,-2,-2,-1.60800278791,-1.60800278791,-0.00812901910217,0.00724983449331
-4,-2,-3.21600557581,-1.60800278791,-2,-1,-1.60800278791,-0.804001393954,-0.00366062556248,-0.00709013560524
-4,-2,-3.21600557581,-1.60800278791,-2,0,-1.60800278791,0,-0.00239869029633,-0.00441910133348
-4,-2,-3.21600557581,-1.60800278791,-2,1,-1.60800278791,0.804001393954,-0.0130222441919,0.00774246252205
-4,-2,-3.21600557581,-1.60800278791,-2,2,-1.60800278791,1.60800278791,0.0040309187568,0.00294345030294
-4,-2,-3.21600557581,-1.60800278791,-2,3,-1.60800278791,2.41200418186,-0.00184899594824,0.00209260322613
-4,-2,-3.21600557581,-1.60800278791,-2,4,-1.60800278791,3.21600557581,-0.00383138041626,0.00404113764852
-4,-2,-3.21600557581,-1.60800278791,-1,-4,-0.804001393954,-3.21600557581,-0.00340532441174,-0.000542551935247
-4,-2,-3.21600557581,-1.60800278791,-1,-3,-0.804001393954,-2.41200418186,0.00286484278679,-0.00348108149926
-4,-2,-3.21600557581,-1.60800278791,-1,-2,-0.804001393954,-1.60800278791,0.00263629503685,0.0030462625283
-4,-2,-3.21600557581,-1.60800278791,-1,-1,-0.804001393954,-0.804001393954,-0.0159655162329,-0.0199213935383
-4,-2,-3.21600557581,-1.60800278791,-1,0,-0.804001393954,0,0.0203402244865,0.00246622669046
-4,-2,-3.21600557581,-1.60800278791,-1,1,-0.804001393954,0.804001393954,-0.000403993252214,0.00756162396647
-4,-2,-3.21600557581,-1.60800278791,-1,2,-0.804001393954,1.60800278791,-0.0216521140183,-0.0089040534285
-4,-2,-3.21600557581,-1.60800278791,-1,3,-0.804001393954,2.41200418186,0.00222163105055,0.000583664830521
-4,-2,-3.21600557581,-1.60800278791,-1,4,-0.804001393954,3.21600557581,-0.000771501412293,0.000111206013412
-4,-2,-3.21600557581,-1.60800278791,0,-4,0,-3.21600557581,0.00517039722482,-0.000845789521729
-4,-2,-3.21600557581,-1.60800278791,0,-3,0,-2.41200418186,-0.00349182101002,0.0104441212651
-4,-2,-3.21600557581,-1.60800278791,0,-2,0,-1.60800278791,-0.00968963844609,0.0143613871948
-4,-2,-3.21600557581,-1.60800278791,0,-1,0,-0.804001393954,0.0210394478118,-0.029030747708
-4,-2,-3.21600557581,-1.60800278791,0,0,0,0,-0.084551212678,0.0323273059941
-4,-2,-3.21600557581,-1.60800278791,0,1,0,0.804001393954,-0.00983429337989,0.00288487855835
-4,-2,-3.21600557581,-1.60800278791,0,2,0,1.60800278791,-0.00845443158193,0.00947874136259
-4,-2,-3.21600557581,-1.60800278791,0,3,0,2.41200418186,0.00653931275412,-0.000458065659643
-4,-2,-3.21600557581,-1.60800278791,0,4,0,3.21600557581,0.0020477089365,0.00314318962951
-4,-2,-3.21600557581,-1.60800278791,1,-4,0.804001393954,-3.21600557581,-0.000259048021096,-0.00337284714762
-4,-2,-3.21600557581,-1.60800278791,1,-3,0.804001393954,-2.41200418186,-0.00281069799169,0.00358446257469
-4,-2,-3.21600557581,-1.60800278791,1,-2,0.804001393954,-1.60800278791,-0.0147771961473,0.000237547866639
-4,-2,-3.21600557581,-1.60800278791,1,-1,0.804001393954,-0.804001393954,0.0130297954939,0.0086356596564
-4,-2,-3.21600557581,-1.60800278791,1,0,0.804001393954,0,0.00865088030064,0.00853969214989
-4,-2,-3.21600557581,-1.60800278791,1,1,0.804001393954,0.804001393954,0.023305275161,-0.0302676799842
-4,-2,-3.21600557581,-1.60800278791,1,2,0.804001393954,1.60800278791,-0.016655021193,0.0139341918461
-4,-2,-3.21600557581,-1.60800278791,1,3,0.804001393954,2.41200418186,-0.00372375405419,-0.00303419924155
-4,-2,-3.21600557581,-1.60800278791,1,4,0.804001393954,3.21600557581,0.00275310220093,0.000947174126791
-4,-2,-3.21600557581,-1.60800278791,2,-4,1.60800278791,-3.21600557581,-0.000573922649111,0.000750335001912
-4,-2,-3.21600557581,-1.60800278791,2,-3,1.60800278791,-2.41200418186,0.00221193138749,0.000867368426755
-4,-2,-3.21600557581,-1.60800278791,2,-2,1.60800278791,-1.60800278791,0.00971419995116,-0.00337085471957
-4,-2,-3.21600557581,-1.60800278791,2,-1,1.60800278791,-0.804001393954,0.0150788610742,0.00974630044475
-4,-2,-3.21600557581,-1.60800278791,2,0,1.60800278791,0,-0.012653962684,0.00413041508993
-4,-2,-3.21600557581,-1.60800278791,2,1,1.60800278791,0.804001393954,0.0188044627907,0.00256208973245
-4,-2,-3.21600557581,-1.60800278791,2,2,1.60800278791,1.60800278791,0.00401499776692,0.000891641550579
-4,-2,-3.21600557581,-1.60800278791,2,3,1.60800278791,2.41200418186,-0.0034654731401,-0.000690823023052
-4,-2,-3.21600557581,-1.60800278791,2,4,1.60800278791,3.21600557581,0.00195346208232,0.00488025143977
-4,-2,-3.21600557581,-1.60800278791,3,-4,2.41200418186,-3.21600557581,0.00250856060481,0.0035664541753
-4,-2,-3.21600557581,-1.60800278791,3,-3,2.41200418186,-2.41200418186,0.000980535534147,-0.000386490208477
-4,-2,-3.21600557581,-1.60800278791,3,-2,2.41200418186,-1.60800278791,-0.000713504179882,0.00170985336238
-4,-2,-3.21600557581,-1.60800278791,3,-1,2.41200418186,-0.804001393954,0.00332323081905,-0.00555128997754
-4,-2,-3.21600557581,-1.60800278791,3,0,2.41200418186,0,-0.0049301086467,-0.00175481785033
-4,-2,-3.21600557581,-1.60800278791,3,1,2.41200418186,0.804001393954,0.00369020336019,0.000406828270342
-4,-2,-3.21600557581,-1.60800278791,3,2,2.41200418186,1.60800278791,0.000663482512524,0.00125587231339
-4,-2,-3.21600557581,-1.60800278791,3,3,2.41200418186,2.41200418186,-0.00461667972493,-0.00368349888235
-4,-2,-3.21600557581,-1.60800278791,3,4,2.41200418186,3.21600557581,-0.00329451749152,-0.000877791256896
-4,-2,-3.21600557581,-1.60800278791,4,-4,3.21600557581,-3.21600557581,7.13458755413e-06,-0.003252916297
-4,-2,-3.21600557581,-1.60800278791,4,-3,3.21600557581,-2.41200418186,-0.00204520149888,-0.00431208235986
-4,-2,-3.21600557581,-1.60800278791,4,-2,3.21600557581,-1.60800278791,0.00413812086491,-0.000722121732344
-4,-2,-3.21600557581,-1.60800278791,4,-1,3.21600557581,-0.804001393954,0.000283864226175,0.00824542641457
-4,-2,-3.21600557581,-1.60800278791,4,0,3.21600557581,0,-0.00623888252591,-0.0025989351998
-4,-2,-3.21600557581,-1.60800278791,4,1,3.21600557581,0.804001393954,-0.000894078411052,0.00508777093706
-4,-2,-3.21600557581,-1.60800278791,4,2,3.21600557581,1.60800278791,-0.00500459683677,0.00313407378786
-4,-2,-3.21600557581,-1.60800278791,4,3,3.21600557581,2.41200418186,0.00203001065609,-0.000686197389259
-4,-2,-3.21600557581,-1.60800278791,4,4,3.21600557581,3.21600557581,-0.00345469253438,-0.00273118608225
-4,-1,-3.21600557581,-0.804001393954,-4,-4,-3.21600557581,-3.21600557581,-0.00504206022153,0.00197959153248
-4,-1,-3.21600557581,-0.804001393954,-4,-3,-3.21600557581,-2.41200418186,-0.00164269132314,6.88683833427e-05
-4,-1,-3.21600557581,-0.804001393954,-4,-2,-3.21600557581,-1.60800278791,-0.00731662179412,-0.00749271195598
-4,-1,-3.21600557581,-0.804001393954,-4,-1,-3.21600557581,-0.804001393954,0.0181242873664,0
-4,-1,-3.21600557581,-0.804001393954,-4,0,-3.21600557581,0,-0.00233197465704,0.00153394921277
-4,-1,-3.21600557581,-0.804001393954,-4,1,-3.21600557581,0.804001393954,-0.00222797512447,-0.00592529790633
-4,-1,-3.21600557581,-0.804001393954,-4,2,-3.21600557581,1.60800278791,0.00211900489951,0.00767279427793
-4,-1,-3.21600557581,-0.804001393954,-4,3,-3.21600557581,2.41200418186,0.000557494290193,0.00300226589297
-4,-1,-3.21600557581,-0.804001393954,-4,4,-3.21600557581,3.21600557581,-0.000204411054285,0.00161679993436
-4,-1,-3.21600557581,-0.804001393954,-3,-4,-2.41200418186,-3.21600557581,-0.00238869598119,0.00054175268849
-4,-1,-3.21600557581,-0.804001393954,-3,-3,-2.41200418186,-2.41200418186,-0.00175769959464,0.000300023813885
-4,-1,-3.21600557581,-0.804001393954,-3,-2,-2.41200418186,-1.60800278791,0.00594964030144,0.00115751504445
-4,-1,-3.21600557581,-0.804001393954,-3,-1,-2.41200418186,-0.804001393954,0.00291884390407,0.0028268705181
-4,-1,-3.21600557581,-0.804001393954,-3,0,-2.41200418186,0,-0.00221025214499,-0.000823952610194
-4,-1,-3.21600557581,-0.804001393954,-3,1,-2.41200418186,0.804001393954,-0.000951622085895,-0.000985454155745
-4,-1,-3.21600557581,-0.804001393954,-3,2,-2.41200418186,1.60800278791,-0.00496230930175,0.00058398346036
-4,-1,-3.21600557581,-0.804001393954,-3,3,-2.41200418186,2.41200418186,-0.00394534596403,-0.00465823357104
-4,-1,-3.21600557581,-0.804001393954,-3,4,-2.41200418186,3.21600557581,0.00204933203712,-0.000732464595855
-4,-1,-3.21600557581,-0.804001393954,-2,-4,-1.60800278791,-3.21600557581,0.0033213013956,-0.000145535102053
-4,-1,-3.21600557581,-0.804001393954,-2,-3,-1.60800278791,-2.41200418186,0.000709291001562,-0.00160243294543
-4,-1,-3.21600557581,-0.804001393954,-2,-2,-1.60800278791,-1.60800278791,-0.00162030244529,-0.00278589313526
-4,-1,-3.21600557581,-0.804001393954,-2,-1,-1.60800278791,-0.804001393954,-0.0164623723133,0.0161760664971
-4,-1,-3.21600557581,-0.804001393954,-2,0,-1.60800278791,0,-0.00219255102867,-0.0162288646593
-4,-1,-3.21600557581,-0.804001393954,-2,1,-1.60800278791,0.804001393954,-0.00663236260294,-0.00222690240304
-4,-1,-3.21600557581,-0.804001393954,-2,2,-1.60800278791,1.60800278791,-0.00409995491848,0.000298075998717
-4,-1,-3.21600557581,-0.804001393954,-2,3,-1.60800278791,2.41200418186,0.00291825719708,-0.00219886254548
-4,-1,-3.21600557581,-0.804001393954,-2,4,-1.60800278791,3.21600557581,0.00246129571478,0.00117064921198
-4,-1,-3.21600557581,-0.804001393954,-1,-4,-0.804001393954,-3.21600557581,-0.00324059614857,0.00101752951521
-4,-1,-3.21600557581,-0.804001393954,-1,-3,-0.804001393954,-2.41200418186,-0.00443667313645,-0.00472498026457
-4,-1,-3.21600557581,-0.804001393954,-1,-2,-0.804001393954,-1.60800278791,-0.00354500866088,-0.00855268591588
-4,-1,-3.21600557581,-0.804001393954,-1,-1,-0.804001393954,-0.804001393954,0.00362774035419,0.0117606888735
-4,-1,-3.21600557581,-0.804001393954,-1,0,-0.804001393954,0,-0.0128690978196,-0.0282242161481
-4,-1,-3.21600557581,-0.804001393954,-1,1,-0.804001393954,0.804001393954,0.0123009779989,0.00381537032879
-4,-1,-3.21600557581,-0.804001393954,-1,2,-0.804001393954,1.60800278791,-0.0061023526975,0.011617356254
-4,-1,-3.21600557581,-0.804001393954,-1,3,-0.804001393954,2.41200418186,-0.00803509479711,-0.00221210486549
-4,-1,-3.21600557581,-0.804001393954,-1,4,-0.804001393954,3.21600557581,0.00216050069119,0.00215529507275
-4,-1,-3.21600557581,-0.804001393954,0,-4,0,-3.21600557581,-0.00112910997271,0.00387307467023
-4,-1,-3.21600557581,-0.804001393954,0,-3,0,-2.41200418186,-0.00378288631571,-0.00764698809251
-4,-1,-3.21600557581,-0.804001393954,0,-2,0,-1.60800278791,-0.000900713856736,0.0235095024512
-4,-1,-3.21600557581,-0.804001393954,0,-1,0,-0.804001393954,-0.0146834081548,0.0187559933859
-4,-1,-3.21600557581,-0.804001393954,0,0,0,0,0.0351728218276,-0.0638205293862
-4,-1,-3.21600557581,-0.804001393954,0,1,0,0.804001393954,-0.0323731465861,0.00695637141561
-4,-1,-3.21600557581,-0.804001393954,0,2,0,1.60800278791,-0.00510749382249,-0.00193348984509
-4,-1,-3.21600557581,-0.804001393954,0,3,0,2.41200418186,-0.00487323067524,0.00652752560101
-4,-1,-3.21600557581,-0.804001393954,0,4,0,3.21600557581,0.00188233690283,-0.00246008236384
-4,-1,-3.21600557581,-0.804001393954,1,-4,0.804001393954,-3.21600557581,-0.000799717465105,-0.000528857059649
-4,-1,-3.21600557581,-0.804001393954,1,-3,0.804001393954,-2.41200418186,-0.00144772571431,-0.00625712870411
-4,-1,-3.21600557581,-0.804001393954,1,-2,0.804001393954,-1.60800278791,0.000761480676868,0.00379990364342
-4,-1,-3.21600557581,-0.804001393954,1,-1,0.804001393954,-0.804001393954,-0.0252717736482,0.00455271128392
-4,-1,-3.21600557581,-0.804001393954,1,0,0.804001393954,0,0.0133759241846,0.0184242567405
-4,-1,-3.21600557581,-0.804001393954,1,1,0.804001393954,0.804001393954,-0.00237199520585,0.00136149476702
-4,-1,-3.21600557581,-0.804001393954,1,2,0.804001393954,1.60800278791,0.0163356563526,-0.0206778900344
-4,-1,-3.21600557581,-0.804001393954,1,3,0.804001393954,2.41200418186,-0.012401916126,0.0094613364413
-4,-1,-3.21600557581,-0.804001393954,1,4,0.804001393954,3.21600557581,-0.00606930585143,0.00150838606069
-4,-1,-3.21600557581,-0.804001393954,2,-4,1.60800278791,-3.21600557581,0.00205292630239,-0.0024872615737
-4,-1,-3.21600557581,-0.804001393954,2,-3,1.60800278791,-2.41200418186,-0.000778091086708,0.00457307707238
-4,-1,-3.21600557581,-0.804001393954,2,-2,1.60800278791,-1.60800278791,-0.00608059498878,-0.0021140123814
-4,-1,-3.21600557581,-0.804001393954,2,-1,1.60800278791,-0.804001393954,0.00930569703208,-0.0032818037822
-4,-1,-3.21600557581,-0.804001393954,2,0,1.60800278791,0,0.0139405878868,0.017367870009
-4,-1,-3.21600557581,-0.804001393954,2,1,1.60800278791,0.804001393954,-0.0154135330325,0.00196017259036
-4,-1,-3.21600557581,-0.804001393954,2,2,1.60800278791,1.60800278791,0.0107854302439,0.00123864905685
-4,-1,-3.21600557581,-0.804001393954,2,3,1.60800278791,2.41200418186,-0.00030925993999,-0.000308190272068
-4,-1,-3.21600557581,-0.804001393954,2,4,1.60800278791,3.21600557581,0.002327328521,0.00381736461494
-4,-1,-3.21600557581,-0.804001393954,3,-4,2.41200418186,-3.21600557581,0.00136459590764,0.00223500851009
-4,-1,-3.21600557581,-0.804001393954,3,-3,2.41200418186,-2.41200418186,0.00136300435016,0.000761388457867
-4,-1,-3.21600557581,-0.804001393954,3,-2,2.41200418186,-1.60800278791,0.00794480439692,-0.00219618783246
-4,-1,-3.21600557581,-0.804001393954,3,-1,2.41200418186,-0.804001393954,-0.0033047312824,0.00564137368043
-4,-1,-3.21600557581,-0.804001393954,3,0,2.41200418186,0,0.0024758463288,0.0061758762341
-4,-1,-3.21600557581,-0.804001393954,3,1,2.41200418186,0.804001393954,-0.00275038197893,-0.00592042770438
-4,-1,-3.21600557581,-0.804001393954,3,2,2.41200418186,1.60800278791,0.000359090716979,0.000116257642399
-4,-1,-3.21600557581,-0.804001393954,3,3,2.41200418186,2.41200418186,0.00110601514633,-6.33157974032e-05
-4,-1,-3.21600557581,-0.804001393954,3,4,2.41200418186,3.21600557581,-0.00424889979041,-0.000836194267072
-4,-1,-3.21600557581,-0.804001393954,4,-4,3.21600557581,-3.21600557581,-0.000175571910638,0.000864546887808
-4,-1,-3.21600557581,-0.804001393954,4,-3,3.21600557581,-2.41200418186,0.000386927169296,-0.000577644635108
-4,-1,-3.21600557581,-0.804001393954,4,-2,3.21600557581,-1.60800278791,-0.00485387639502,-0.00508420801634
-4,-1,-3.21600557581,-0.804001393954,4,-1,3.21600557581,-0.804001393954,0.00181715426352,-0.00229208706303
-4,-1,-3.21600557581,-0.804001393954,4,0,3.21600557581,0,0.0015280828688,0.00460325628314
-4,-1,-3.21600557581,-0.804001393954,4,1,3.21600557581,0.804001393954,-0.00117240458907,-0.00255811653268
-4,-1,-3.21600557581,-0.804001393954,4,2,3.21600557581,1.60800278791,-0.000894078411052,0.00508777093706
-4,-1,-3.21600557581,-0.804001393954,4,3,3.21600557581,2.41200418186,-0.00128602552283,-0.00150124902265
-4,-1,-3.21600557581,-0.804001393954,4,4,3.21600557581,3.21600557581,0.00460875052327,0.0068295410587
-4,0,-3.21600557581,0,-4,-4,-3.21600557581,-3.21600557581,0.0112530048094,-0.000352542451008
-4,0,-3.21600557581,0,-4,-3,-3.21600557581,-2.41200418186,0.000218455166949,0.00433345734065
-4,0,-3.21600557581,0,-4,-2,-3.21600557581,-1.60800278791,-0.00328641348902,0.000362441518152
-4,0,-3.21600557581,0,-4,-1,-3.21600557581,-0.804001393954,-0.00233197465704,-0.00153394921277
-4,0,-3.21600557581,0,-4,0,-3.21600557581,0,0.0155040388687,0
-4,0,-3.21600557581,0,-4,1,-3.21600557581,0.804001393954,-0.0011201449926,-0.000180703812034
-4,0,-3.21600557581,0,-4,2,-3.21600557581,1.60800278791,-0.00446175872712,-0.00238690039264
-4,0,-3.21600557581,0,-4,3,-3.21600557581,2.41200418186,-0.00113664423713,0.00435712469677
-4,0,-3.21600557581,0,-4,4,-3.21600557581,3.21600557581,0.00204704297005,-0.00116301932689
-4,0,-3.21600557581,0,-3,-4,-2.41200418186,-3.21600557581,-0.00292001125312,-0.00500870732044
-4,0,-3.21600557581,0,-3,-3,-2.41200418186,-2.41200418186,-0.000468142411863,0.00160112379393
-4,0,-3.21600557581,0,-3,-2,-2.41200418186,-1.60800278791,-0.00459524843492,-0.00268054662764
-4,0,-3.21600557581,0,-3,-1,-2.41200418186,-0.804001393954,-0.00589341492147,-0.00199465186316
-4,0,-3.21600557581,0,-3,0,-2.41200418186,0,0.00230049871575,0.00122528969325
-4,0,-3.21600557581,0,-3,1,-2.41200418186,0.804001393954,-0.000737273995651,-0.00361207503135
-4,0,-3.21600557581,0,-3,2,-2.41200418186,1.60800278791,0.00029689154724,0.00473255479881
-4,0,-3.21600557581,0,-3,3,-2.41200418186,2.41200418186,-0.00597259733451,-0.00389068105768
-4,0,-3.21600557581,0,-3,4,-2.41200418186,3.21600557581,-0.000131501536301,-0.00112655997551
-4,0,-3.21600557581,0,-2,-4,-1.60800278791,-3.21600557581,-0.00104345291721,0.000507243032389
-4,0,-3.21600557581,0,-2,-3,-1.60800278791,-2.41200418186,0.00126641265312,-0.00331917253593
-4,0,-3.21600557581,0,-2,-2,-1.60800278791,-1.60800278791,0.0034283521307,0.00361392049186
-4,0,-3.21600557581,0,-2,-1,-1.60800278791,-0.804001393954,-0.0103626079104,-0.00113353064935
-4,0,-3.21600557581,0,-2,0,-1.60800278791,0,-0.0125462505285,0.0196041625659
-4,0,-3.21600557581,0,-2,1,-1.60800278791,0.804001393954,-0.00205480858218,-0.00682959597485
-4,0,-3.21600557581,0,-2,2,-1.60800278791,1.60800278791,-0.00643051965444,0.00200740044493
-4,0,-3.21600557581,0,-2,3,-1.60800278791,2.41200418186,-0.00388161645829,-0.00539776590073
-4,0,-3.21600557581,0,-2,4,-1.60800278791,3.21600557581,0.00336147685129,0.00200445719844
-4,0,-3.21600557581,0,-1,-4,-0.804001393954,-3.21600557581,0.000887004288037,-0.00188429633832
-4,0,-3.21600557581,0,-1,-3,-0.804001393954,-2.41200418186,-0.00680889322099,-0.00301061490104
-4,0,-3.21600557581,0,-1,-2,-0.804001393954,-1.60800278791,0.00381218837812,-0.00867049106822
-4,0,-3.21600557581,0,-1,-1,-0.804001393954,-0.804001393954,-0.00609564355161,-0.0275938025217
-4,0,-3.21600557581,0,-1,0,-0.804001393954,0,0.0178575070689,0.00455244701164
-4,0,-3.21600557581,0,-1,1,-0.804001393954,0.804001393954,-0.00755502762787,-0.0176961936884
-4,0,-3.21600557581,0,-1,2,-0.804001393954,1.60800278791,0.00872834800144,-0.0015617557778
-4,0,-3.21600557581,0,-1,3,-0.804001393954,2.41200418186,0.00268484573646,0.000356405256058
-4,0,-3.21600557581,0,-1,4,-0.804001393954,3.21600557581,-0.00107264884945,-0.00221611603487
-4,0,-3.21600557581,0,0,-4,0,-3.21600557581,-0.000791623912293,0.00198724593087
-4,0,-3.21600557581,0,0,-3,0,-2.41200418186,0.00254745799979,0.000478946920289
-4,0,-3.21600557581,0,0,-2,0,-1.60800278791,-0.0100512723318,-0.0117836510024
-4,0,-3.21600557581,0,0,-1,0,-0.804001393954,-0.0196679333295,0.039070189629
-4,0,-3.21600557581,0,0,0,0,0,-0.0313871461952,0.052024849059
-4,0,-3.21600557581,0,0,1,0,0.804001393954,0.00358322319792,-0.0292030041463
-4,0,-3.21600557581,0,0,2,0,1.60800278791,-0.0150607566232,0.00164611505664
-4,0,-3.21600557581,0,0,3,0,2.41200418186,-0.00122408813921,-5.99649975844e-05
-4,0,-3.21600557581,0,0,4,0,3.21600557581,-0.00329833961867,0.00278371845219
-4,0,-3.21600557581,0,1,-4,0.804001393954,-3.21600557581,-0.00308894870254,0.00430275489892
-4,0,-3.21600557581,0,1,-3,0.804001393954,-2.41200418186,-0.0019496390345,-0.000650503203185
-4,0,-3.21600557581,0,1,-2,0.804001393954,-1.60800278791,-0.00318252452111,-0.0125360389984
-4,0,-3.21600557581,0,1,-1,0.804001393954,-0.804001393954,0.00482788570254,-0.00793170837015
-4,0,-3.21600557581,0,1,0,0.804001393954,0,-0.0220444488237,0.00733967622563
-4,0,-3.21600557581,0,1,1,0.804001393954,0.804001393954,0.0091143267819,0.00916927713233
-4,0,-3.21600557581,0,1,2,0.804001393954,1.60800278791,0.00645094217791,-0.00827698283668
-4,0,-3.21600557581,0,1,3,0.804001393954,2.41200418186,0.00510384880463,-0.00751999824946
-4,0,-3.21600557581,0,1,4,0.804001393954,3.21600557581,-0.00442572327555,-0.00130818590821
-4,0,-3.21600557581,0,2,-4,1.60800278791,-3.21600557581,0.00279545791849,-0.00321449132437
-4,0,-3.21600557581,0,2,-3,1.60800278791,-2.41200418186,0.00235994529028,0.00378385635229
-4,0,-3.21600557581,0,2,-2,1.60800278791,-1.60800278791,0.000277000592848,0.00770495337246
-4,0,-3.21600557581,0,2,-1,1.60800278791,-0.804001393954,-0.00146265680691,-0.000972238628919
-4,0,-3.21600557581,0,2,0,1.60800278791,0,0.0158733836174,-0.00853109858121
-4,0,-3.21600557581,0,2,1,1.60800278791,0.804001393954,0.00700595617954,0.0133303127655
-4,0,-3.21600557581,0,2,2,1.60800278791,1.60800278791,-0.0047729297691,0.00109462456914
-4,0,-3.21600557581,0,2,3,1.60800278791,2.41200418186,0.000569399343279,0.00146209799175
-4,0,-3.21600557581,0,2,4,1.60800278791,3.21600557581,0.00106607219006,-0.00447245716968
-4,0,-3.21600557581,0,3,-4,2.41200418186,-3.21600557581,-0.00043049848294,-0.000517452293575
-4,0,-3.21600557581,0,3,-3,2.41200418186,-2.41200418186,0.00243816739123,-0.000832297213634
-4,0,-3.21600557581,0,3,-2,2.41200418186,-1.60800278791,0.000381734529896,-0.00372493749567
-4,0,-3.21600557581,0,3,-1,2.41200418186,-0.804001393954,0.00655028571136,-0.00587502703455
-4,0,-3.21600557581,0,3,0,2.41200418186,0,-0.00665924547428,0.0078586731396
-4,0,-3.21600557581,0,3,1,2.41200418186,0.804001393954,0.000716254125125,0.00243974100477
-4,0,-3.21600557581,0,3,2,2.41200418186,1.60800278791,0.000129217116935,0.000238828988767
-4,0,-3.21600557581,0,3,3,2.41200418186,2.41200418186,0.000372123937466,-0.000302173751921
-4,0,-3.21600557581,0,3,4,2.41200418186,3.21600557581,0.00552067467019,-0.00204816334976
-4,0,-3.21600557581,0,4,-4,3.21600557581,-3.21600557581,0.00534571027678,-0.000948171295778
-4,0,-3.21600557581,0,4,-3,3.21600557581,-2.41200418186,7.38518016427e-05,-0.00222482440047
-4,0,-3.21600557581,0,4,-2,3.21600557581,-1.60800278791,0.00387153206581,0.00616983666828
-4,0,-3.21600557581,0,4,-1,3.21600557581,-0.804001393954,-0.00646693030446,0.00453482119357
-4,0,-3.21600557581,0,4,0,3.21600557581,0,0.00122559988282,-8.97979419679e-05
-4,0,-3.21600557581,0,4,1,3.21600557581,0.804001393954,0.0015280828688,0.00460325628314
-4,0,-3.21600557581,0,4,2,3.21600557581,1.60800278791,-0.00623888252591,-0.0025989351998
-4,0,-3.21600557581,0,4,3,3.21600557581,2.41200418186,0.00252414248623,-0.000189767287503
-4,0,-3.21600557581,0,4,4,3.21600557581,3.21600557581,-0.0011937858568,-0.00289861575766
-4,1,-3.21600557581,0.804001393954,-4,-4,-3.21600557581,-3.21600557581,0.000448922923863,0.00290131131497
-4,1,-3.21600557581,0.804001393954,-4,-3,-3.21600557581,-2.41200418186,0.00515873223344,-0.00405325663092
-4,1,-3.21600557581,0.804001393954,-4,-2,-3.21600557581,-1.60800278791,0.00217553720265,-0.00299581772002
-4,1,-3.21600557581,0.804001393954,-4,-1,-3.21600557581,-0.804001393954,-0.00222797512447,0.00592529790633
-4,1,-3.21600557581,0.804001393954,-4,0,-3.21600557581,0,-0.0011201449926,0.000180703812034
-4,1,-3.21600557581,0.804001393954,-4,1,-3.21600557581,0.804001393954,0.0113049571474,0
-4,1,-3.21600557581,0.804001393954,-4,2,-3.21600557581,1.60800278791,0.00209271784085,-0.00221117078417
-4,1,-3.21600557581,0.804001393954,-4,3,-3.21600557581,2.41200418186,8.1415433789e-05,-0.00205048283298
-4,1,-3.21600557581,0.804001393954,-4,4,-3.21600557581,3.21600557581,-0.000747407722886,-0.00153706017574
-4,1,-3.21600557581,0.804001393954,-3,-4,-2.41200418186,-3.21600557581,-0.00190864053728,0.00246417340866
-4,1,-3.21600557581,0.804001393954,-3,-3,-2.41200418186,-2.41200418186,-0.000710371147086,0.000888833523787
-4,1,-3.21600557581,0.804001393954,-3,-2,-2.41200418186,-1.60800278791,0.00358880513514,0.00174227934228
-4,1,-3.21600557581,0.804001393954,-3,-1,-2.41200418186,-0.804001393954,-0.00273749302907,0.0013025052606
-4,1,-3.21600557581,0.804001393954,-3,0,-2.41200418186,0,-0.00577014858229,-0.00524973139523
-4,1,-3.21600557581,0.804001393954,-3,1,-2.41200418186,0.804001393954,-0.00013312040133,0.00303957850038
-4,1,-3.21600557581,0.804001393954,-3,2,-2.41200418186,1.60800278791,-0.000579426879739,-0.00350992868726
-4,1,-3.21600557581,0.804001393954,-3,3,-2.41200418186,2.41200418186,-0.00191965635404,0.00189446188988
-4,1,-3.21600557581,0.804001393954,-3,4,-2.41200418186,3.21600557581,-0.00173673549464,-0.00471332282206
-4,1,-3.21600557581,0.804001393954,-2,-4,-1.60800278791,-3.21600557581,0.00114026691086,-0.00651709725842
-4,1,-3.21600557581,0.804001393954,-2,-3,-1.60800278791,-2.41200418186,0.00257975617885,0.00628769013009
-4,1,-3.21600557581,0.804001393954,-2,-2,-1.60800278791,-1.60800278791,-0.00189324486268,-0.00738822933825
-4,1,-3.21600557581,0.804001393954,-2,-1,-1.60800278791,-0.804001393954,-0.0030649166069,0.00523805492922
-4,1,-3.21600557581,0.804001393954,-2,0,-1.60800278791,0,-0.0140657919496,-0.000986227464628
-4,1,-3.21600557581,0.804001393954,-2,1,-1.60800278791,0.804001393954,-0.00435987465202,0.0102285347947
-4,1,-3.21600557581,0.804001393954,-2,2,-1.60800278791,1.60800278791,0.00229093546098,-0.00211699800697
-4,1,-3.21600557581,0.804001393954,-2,3,-1.60800278791,2.41200418186,-0.00414056293391,-0.000701661959604
-4,1,-3.21600557581,0.804001393954,-2,4,-1.60800278791,3.21600557581,0.00248535454058,2.87934161394e-06
-4,1,-3.21600557581,0.804001393954,-1,-4,-0.804001393954,-3.21600557581,-0.00471328158451,0.000528999974905
-4,1,-3.21600557581,0.804001393954,-1,-3,-0.804001393954,-2.41200418186,-0.0015488767795,0.00299061814245
-4,1,-3.21600557581,0.804001393954,-1,-2,-0.804001393954,-1.60800278791,-0.0147462212743,-0.00393442555636
-4,1,-3.21600557581,0.804001393954,-1,-1,-0.804001393954,-0.804001393954,-0.00400793567878,-0.0136556795736
-4,1,-3.21600557581,0.804001393954,-1,0,-0.804001393954,0,-0.00545757225248,-0.0389638281802
-4,1,-3.21600557581,0.804001393954,-1,1,-0.804001393954,0.804001393954,0.0191873806977,0.015836123256
-4,1,-3.21600557581,0.804001393954,-1,2,-0.804001393954,1.60800278791,-0.00897765076182,-0.0102259907044
-4,1,-3.21600557581,0.804001393954,-1,3,-0.804001393954,2.41200418186,-0.000500908435156,0.00313208588264
-4,1,-3.21600557581,0.804001393954,-1,4,-0.804001393954,3.21600557581,-0.000118356973528,-0.00268026865084
-4,1,-3.21600557581,0.804001393954,0,-4,0,-3.21600557581,0.0004914729678,-0.0013927936331
-4,1,-3.21600557581,0.804001393954,0,-3,0,-2.41200418186,0.00441751164013,-0.00500852312328
-4,1,-3.21600557581,0.804001393954,0,-2,0,-1.60800278791,0.0181197489591,0.0011583150765
-4,1,-3.21600557581,0.804001393954,0,-1,0,-0.804001393954,-0.0147080156313,-0.0329020555843
-4,1,-3.21600557581,0.804001393954,0,0,0,0,-0.048225742527,0.0872552748507
-4,1,-3.21600557581,0.804001393954,0,1,0,0.804001393954,-0.0057207314571,0.0251257782329
-4,1,-3.21600557581,0.804001393954,0,2,0,1.60800278791,0.00214087451506,-0.0179230732108
-4,1,-3.21600557581,0.804001393954,0,3,0,2.41200418186,-0.0019638893644,0.00299345135122
-4,1,-3.21600557581,0.804001393954,0,4,0,3.21600557581,0.00075644320697,-0.00486061848172
-4,1,-3.21600557581,0.804001393954,1,-4,0.804001393954,-3.21600557581,0.00244223201214,-0.00729292121887
-4,1,-3.21600557581,0.804001393954,1,-3,0.804001393954,-2.41200418186,-0.00522257830328,0.00729612869272
-4,1,-3.21600557581,0.804001393954,1,-2,0.804001393954,-1.60800278791,0.00148225408578,0.00717593592716
-4,1,-3.21600557581,0.804001393954,1,-1,0.804001393954,-0.804001393954,-0.00667691089362,-0.0269230756277
-4,1,-3.21600557581,0.804001393954,1,0,0.804001393954,0,0.000132030223072,-0.000236364455644
-4,1,-3.21600557581,0.804001393954,1,1,0.804001393954,0.804001393954,-0.0254152893818,0.00133346560389
-4,1,-3.21600557581,0.804001393954,1,2,0.804001393954,1.60800278791,-0.00143005459927,0.01432245216
-4,1,-3.21600557581,0.804001393954,1,3,0.804001393954,2.41200418186,0.00123560701501,-0.00121402752664
-4,1,-3.21600557581,0.804001393954,1,4,0.804001393954,3.21600557581,0.000797336075952,-0.00284607000174
-4,1,-3.21600557581,0.804001393954,2,-4,1.60800278791,-3.21600557581,0.00349478014795,-0.00336325443689
-4,1,-3.21600557581,0.804001393954,2,-3,1.60800278791,-2.41200418186,-0.000455982158668,0.00117058991436
-4,1,-3.21600557581,0.804001393954,2,-2,1.60800278791,-1.60800278791,0.0115087076806,0.00391014828501
-4,1,-3.21600557581,0.804001393954,2,-1,1.60800278791,-0.804001393954,0.0064762366769,0.00672012634294
-4,1,-3.21600557581,0.804001393954,2,0,1.60800278791,0,0.0056254906851,-0.00212256730996
-4,1,-3.21600557581,0.804001393954,2,1,1.60800278791,0.804001393954,0.0135153715165,-0.00479971855825
-4,1,-3.21600557581,0.804001393954,2,2,1.60800278791,1.60800278791,0.00636416502756,0.00036424773446
-4,1,-3.21600557581,0.804001393954,2,3,1.60800278791,2.41200418186,0.00139075261796,0.00362185838096
-4,1,-3.21600557581,0.804001393954,2,4,1.60800278791,3.21600557581,0.00683569490734,0.00141908054249
-4,1,-3.21600557581,0.804001393954,3,-4,2.41200418186,-3.21600557581,-0.000936432708285,-0.00186980911494
-4,1,-3.21600557581,0.804001393954,3,-3,2.41200418186,-2.41200418186,0.0026472416377,0.00156502293734
-4,1,-3.21600557581,0.804001393954,3,-2,2.41200418186,-1.60800278791,0.000644145919001,0.000849730904924
-4,1,-3.21600557581,0.804001393954,3,-1,2.41200418186,-0.804001393954,0.000222376341921,-0.0107194254015
-4,1,-3.21600557581,0.804001393954,3,0,2.41200418186,0,0.0016064064897,-0.0119718280999
-4,1,-3.21600557581,0.804001393954,3,1,2.41200418186,0.804001393954,-0.0105665729444,0.00679974518225
-4,1,-3.21600557581,0.804001393954,3,2,2.41200418186,1.60800278791,0.00221545598395,0.00070909532183
-4,1,-3.21600557581,0.804001393954,3,3,2.41200418186,2.41200418186,0.00204582802521,0.00175063895557
-4,1,-3.21600557581,0.804001393954,3,4,2.41200418186,3.21600557581,-0.00109132668353,-0.00125514758276
-4,1,-3.21600557581,0.804001393954,4,-4,3.21600557581,-3.21600557581,0.00222777795625,0.00899828815772
-4,1,-3.21600557581,0.804001393954,4,-3,3.21600557581,-2.41200418186,0.00193243918753,0.000132653119065
-4,1,-3.21600557581,0.804001393954,4,-2,3.21600557581,-1.60800278791,-0.00135685562405,0.00207143535732
-4,1,-3.21600557581,0.804001393954,4,-1,3.21600557581,-0.804001393954,0.00895164175515,0.00640041207098
-4,1,-3.21600557581,0.804001393954,4,0,3.21600557581,0,-0.00646693030446,0.00453482119357
-4,1,-3.21600557581,0.804001393954,4,1,3.21600557581,0.804001393954,0.00181715426352,-0.00229208706303
-4,1,-3.21600557581,0.804001393954,4,2,3.21600557581,1.60800278791,0.000283864226175,0.00824542641457
-4,1,-3.21600557581,0.804001393954,4,3,3.21600557581,2.41200418186,-0.00897593297855,-0.000494095046341
-4,1,-3.21600557581,0.804001393954,4,4,3.21600557581,3.21600557581,0.00320732796146,0.00565320436509
-4,2,-3.21600557581,1.60800278791,-4,-4,-3.21600557581,-3.21600557581,7.37905035515e-06,0.00158212932208
-4,2,-3.21600557581,1.60800278791,-4,-3,-3.21600557581,-2.41200418186,0.0048631792311,-0.00229634330425
-4,2,-3.21600557581,1.60800278791,-4,-2,-3.21600557581,-1.60800278791,-0.00569073990081,0.0041201179801
-4,2,-3.21600557581,1.60800278791,-4,-1,-3.21600557581,-0.804001393954,0.00211900489951,-0.00767279427793
-4,2,-3.21600557581,1.60800278791,-4,0,-3.21600557581,0,-0.00446175872712,0.00238690039264
-4,2,-3.21600557581,1.60800278791,-4,1,-3.21600557581,0.804001393954,0.00209271784085,0.00221117078417
-4,2,-3.21600557581,1.60800278791,-4,2,-3.21600557581,1.60800278791,0.00676775171679,0
-4,2,-3.21600557581,1.60800278791,-4,3,-3.21600557581,2.41200418186,0.00348069851982,-0.00187783866051
-4,2,-3.21600557581,1.60800278791,-4,4,-3.21600557581,3.21600557581,0.000678435084954,-0.00546683845587
-4,2,-3.21600557581,1.60800278791,-3,-4,-2.41200418186,-3.21600557581,-0.000709313255688,0.00242535677188
-4,2,-3.21600557581,1.60800278791,-3,-3,-2.41200418186,-2.41200418186,0.000338603982587,0.00115654714362
-4,2,-3.21600557581,1.60800278791,-3,-2,-2.41200418186,-1.60800278791,0.00317681759905,-0.00328964734067
-4,2,-3.21600557581,1.60800278791,-3,-1,-2.41200418186,-0.804001393954,0.00251207670784,0.00145771879666
-4,2,-3.21600557581,1.60800278791,-3,0,-2.41200418186,0,0.00170239320412,0.00479033955772
-4,2,-3.21600557581,1.60800278791,-3,1,-2.41200418186,0.804001393954,-0.00565985293457,-0.00483231636305
-4,2,-3.21600557581,1.60800278791,-3,2,-2.41200418186,1.60800278791,0.00167882923597,-0.000397917699592
-4,2,-3.21600557581,1.60800278791,-3,3,-2.41200418186,2.41200418186,-0.00291865355256,0.000662037428382
-4,2,-3.21600557581,1.60800278791,-3,4,-2.41200418186,3.21600557581,-0.0012799650401,7.33456211243e-05
-4,2,-3.21600557581,1.60800278791,-2,-4,-1.60800278791,-3.21600557581,0.00147856608889,0.00462231057858
-4,2,-3.21600557581,1.60800278791,-2,-3,-1.60800278791,-2.41200418186,0.00523614641496,0.000466197142181
-4,2,-3.21600557581,1.60800278791,-2,-2,-1.60800278791,-1.60800278791,0.00757831055395,-0.000975636653658
-4,2,-3.21600557581,1.60800278791,-2,-1,-1.60800278791,-0.804001393954,0.0019488560386,0.0020452447193
-4,2,-3.21600557581,1.60800278791,-2,0,-1.60800278791,0,-0.00197015184614,0.00107996890577
-4,2,-3.21600557581,1.60800278791,-2,1,-1.60800278791,0.804001393954,-0.00886669573095,-0.00290322024629
-4,2,-3.21600557581,1.60800278791,-2,2,-1.60800278791,1.60800278791,0.000377527795405,0.00197039775986
-4,2,-3.21600557581,1.60800278791,-2,3,-1.60800278791,2.41200418186,0.00205685271299,-0.00329724012945
-4,2,-3.21600557581,1.60800278791,-2,4,-1.60800278791,3.21600557581,0.00124885852379,-0.000247490639857
-4,2,-3.21600557581,1.60800278791,-1,-4,-0.804001393954,-3.21600557581,0.00244342814427,-0.000266302130703
-4,2,-3.21600557581,1.60800278791,-1,-3,-0.804001393954,-2.41200418186,-0.0118771974532,0.00349449955932
-4,2,-3.21600557581,1.60800278791,-1,-2,-0.804001393954,-1.60800278791,0.00488358963994,-0.00370374147688
-4,2,-3.21600557581,1.60800278791,-1,-1,-0.804001393954,-0.804001393954,-0.0318273697218,0.00272494870084
-4,2,-3.21600557581,1.60800278791,-1,0,-0.804001393954,0,-0.0117831320476,-0.0268019460196
-4,2,-3.21600557581,1.60800278791,-1,1,-0.804001393954,0.804001393954,0.000156069800385,-0.0135611156477
-4,2,-3.21600557581,1.60800278791,-1,2,-0.804001393954,1.60800278791,0.0106222690352,0.00860872899916
-4,2,-3.21600557581,1.60800278791,-1,3,-0.804001393954,2.41200418186,0.00184829546234,-0.00519182168133
-4,2,-3.21600557581,1.60800278791,-1,4,-0.804001393954,3.21600557581,0.00317816284142,0.00220359905978
-4,2,-3.21600557581,1.60800278791,0,-4,0,-3.21600557581,-0.0017725932234,0.00869036278052
-4,2,-3.21600557581,1.60800278791,0,-3,0,-2.41200418186,-0.00254071223738,-0.00311184569767
-4,2,-3.21600557581,1.60800278791,0,-2,0,-1.60800278791,0.00653755541088,-0.0180184753937
-4,2,-3.21600557581,1.60800278791,0,-1,0,-0.804001393954,0.0140603645689,0.00258883671373
-4,2,-3.21600557581,1.60800278791,0,0,0,0,-0.0274564100663,-0.0892762728559
-4,2,-3.21600557581,1.60800278791,0,1,0,0.804001393954,-0.0250453686864,0.0441460035682
-4,2,-3.21600557581,1.60800278791,0,2,0,1.60800278791,-0.00782186549185,0.0199814881974
-4,2,-3.21600557581,1.60800278791,0,3,0,2.41200418186,0.00673913090473,-0.0057695161702
-4,2,-3.21600557581,1.60800278791,0,4,0,3.21600557581,0.00068947188462,0.000849162417782
-4,2,-3.21600557581,1.60800278791,1,-4,0.804001393954,-3.21600557581,0.000848742053542,-0.000945431922536
-4,2,-3.21600557581,1.60800278791,1,-3,0.804001393954,-2.41200418186,-0.00239175870259,-0.0106160311207
-4,2,-3.21600557581,1.60800278791,1,-2,0.804001393954,-1.60800278791,-0.00507117714731,0.00508486649595
-4,2,-3.21600557581,1.60800278791,1,-1,0.804001393954,-0.804001393954,0.00032279085535,0.00535725012133
-4,2,-3.21600557581,1.60800278791,1,0,0.804001393954,0,-0.00636276648826,-0.0347967027387
-4,2,-3.21600557581,1.60800278791,1,1,0.804001393954,0.804001393954,-0.000699322378317,0.00310703812187
-4,2,-3.21600557581,1.60800278791,1,2,0.804001393954,1.60800278791,-0.0163104685649,-0.00606355362232
-4,2,-3.21600557581,1.60800278791,1,3,0.804001393954,2.41200418186,0.000113712053627,0.00783331754292
-4,2,-3.21600557581,1.60800278791,1,4,0.804001393954,3.21600557581,-0.00439826845271,-0.00109606367671
-4,2,-3.21600557581,1.60800278791,2,-4,1.60800278791,-3.21600557581,-0.00257568539889,-0.00407043355973
-4,2,-3.21600557581,1.60800278791,2,-3,1.60800278791,-2.41200418186,0.00668948696181,0.00444110499635
-4,2,-3.21600557581,1.60800278791,2,-2,1.60800278791,-1.60800278791,-0.00364862008537,0.00216719675243
-4,2,-3.21600557581,1.60800278791,2,-1,1.60800278791,-0.804001393954,0.0134808949597,0.0167336912152
-4,2,-3.21600557581,1.60800278791,2,0,1.60800278791,0,0.000938115199642,0.0138441998471
-4,2,-3.21600557581,1.60800278791,2,1,1.60800278791,0.804001393954,0.00949275777364,0.00456721052022
-4,2,-3.21600557581,1.60800278791,2,2,1.60800278791,1.60800278791,0.00386263563977,-0.00328097916763
-4,2,-3.21600557581,1.60800278791,2,3,1.60800278791,2.41200418186,0.000515963675247,0.00468175274361
-4,2,-3.21600557581,1.60800278791,2,4,1.60800278791,3.21600557581,0.000865265881038,-0.00272565796335
-4,2,-3.21600557581,1.60800278791,3,-4,2.41200418186,-3.21600557581,0.00232946873543,0.00258993212118
-4,2,-3.21600557581,1.60800278791,3,-3,2.41200418186,-2.41200418186,0.00224113313843,0.000795237223766
-4,2,-3.21600557581,1.60800278791,3,-2,2.41200418186,-1.60800278791,0.00244812024653,0.0052571775297
-4,2,-3.21600557581,1.60800278791,3,-1,2.41200418186,-0.804001393954,0.00739534503216,-0.00392483849384
-4,2,-3.21600557581,1.60800278791,3,0,2.41200418186,0,0.000944850512308,-0.00931589339319
-4,2,-3.21600557581,1.60800278791,3,1,2.41200418186,0.804001393954,-0.000889099786171,-0.00470452037527
-4,2,-3.21600557581,1.60800278791,3,2,2.41200418186,1.60800278791,-0.000204818412627,0.0023265346846
-4,2,-3.21600557581,1.60800278791,3,3,2.41200418186,2.41200418186,0.00459787376323,0.00233704654597
-4,2,-3.21600557581,1.60800278791,3,4,2.41200418186,3.21600557581,-0.00501371165685,0.000316154117624
-4,2,-3.21600557581,1.60800278791,4,-4,3.21600557581,-3.21600557581,0.000853508300736,-0.00109614321419
-4,2,-3.21600557581,1.60800278791,4,-3,3.21600557581,-2.41200418186,0.00264990757895,0.00841496171618
-4,2,-3.21600557581,1.60800278791,4,-2,3.21600557581,-1.60800278791,0.0019128309085,0.00624836930707
-4,2,-3.21600557581,1.60800278791,4,-1,3.21600557581,-0.804001393954,-0.00135685562405,0.00207143535732
-4,2,-3.21600557581,1.60800278791,4,0,3.21600557581,0,0.00387153206581,0.00616983666828
-4,2,-3.21600557581,1.60800278791,4,1,3.21600557581,0.804001393954,-0.00485387639502,-0.00508420801634
-4,2,-3.21600557581,1.60800278791,4,2,3.21600557581,1.60800278791,0.00413812086491,-0.000722121732344
-4,2,-3.21600557581,1.60800278791,4,3,3.21600557581,2.41200418186,0.00071983223536,0.00737271765558
-4,2,-3.21600557581,1.60800278791,4,4,3.21600557581,3.21600557581,0.00288363395888,-0.00407723194478
-4,3,-3.21600557581,2.41200418186,-4,-4,-3.21600557581,-3.21600557581,8.17263026825e-05,-0.00101355658398
-4,3,-3.21600557581,2.41200418186,-4,-3,-3.21600557581,-2.41200418186,-0.000775513765957,0.003408754122
-4,3,-3.21600557581,2.41200418186,-4,-2,-3.21600557581,-1.60800278791,0.00449085861675,-0.00496718366634
-4,3,-3.21600557581,2.41200418186,-4,-1,-3.21600557581,-0.804001393954,0.000557494290193,-0.00300226589297
-4,3,-3.21600557581,2.41200418186,-4,0,-3.21600557581,0,-0.00113664423713,-0.00435712469677
-4,3,-3.21600557581,2.41200418186,-4,1,-3.21600557581,0.804001393954,8.1415433789e-05,0.00205048283298
-4,3,-3.21600557581,2.41200418186,-4,2,-3.21600557581,1.60800278791,0.00348069851982,0.00187783866051
-4,3,-3.21600557581,2.41200418186,-4,3,-3.21600557581,2.41200418186,0.00205893088792,0
-4,3,-3.21600557581,2.41200418186,-4,4,-3.21600557581,3.21600557581,0.000604438892439,-0.00282831507037
-4,3,-3.21600557581,2.41200418186,-3,-4,-2.41200418186,-3.21600557581,4.58819650198e-05,-0.00351288566967
-4,3,-3.21600557581,2.41200418186,-3,-3,-2.41200418186,-2.41200418186,0.00491545056794,-0.000243137981275
-4,3,-3.21600557581,2.41200418186,-3,-2,-2.41200418186,-1.60800278791,0.001706615467,-0.00303186289778
-4,3,-3.21600557581,2.41200418186,-3,-1,-2.41200418186,-0.804001393954,0.00359007181456,0.00128520518945
-4,3,-3.21600557581,2.41200418186,-3,0,-2.41200418186,0,0.00118774968371,0.00270202537325
-4,3,-3.21600557581,2.41200418186,-3,1,-2.41200418186,0.804001393954,-0.00286011312677,0.00138779197892
-4,3,-3.21600557581,2.41200418186,-3,2,-2.41200418186,1.60800278791,-0.00461364695681,-0.00127191581957
-4,3,-3.21600557581,2.41200418186,-3,3,-2.41200418186,2.41200418186,0.00133374188556,-0.00165712308177
-4,3,-3.21600557581,2.41200418186,-3,4,-2.41200418186,3.21600557581,0.00121370747731,-0.00105918544452
-4,3,-3.21600557581,2.41200418186,-2,-4,-1.60800278791,-3.21600557581,-0.00282092270403,-0.00132893708528
-4,3,-3.21600557581,2.41200418186,-2,-3,-1.60800278791,-2.41200418186,0.00184090514931,0.00422786038897
-4,3,-3.21600557581,2.41200418186,-2,-2,-1.60800278791,-1.60800278791,0.00361287685378,0.000779484388017
-4,3,-3.21600557581,2.41200418186,-2,-1,-1.60800278791,-0.804001393954,0.00796735786345,0.000749962664424
-4,3,-3.21600557581,2.41200418186,-2,0,-1.60800278791,0,0.00116098757181,-0.00747850053474
-4,3,-3.21600557581,2.41200418186,-2,1,-1.60800278791,0.804001393954,-0.00916430471318,-0.00930616177313
-4,3,-3.21600557581,2.41200418186,-2,2,-1.60800278791,1.60800278791,-0.000339467663012,-0.00843723249665
-4,3,-3.21600557581,2.41200418186,-2,3,-1.60800278791,2.41200418186,-0.00130397284593,-0.00232178673311
-4,3,-3.21600557581,2.41200418186,-2,4,-1.60800278791,3.21600557581,0.00224280813199,-0.00230390372616
-4,3,-3.21600557581,2.41200418186,-1,-4,-0.804001393954,-3.21600557581,-0.00369819152703,0.00144558194047
-4,3,-3.21600557581,2.41200418186,-1,-3,-0.804001393954,-2.41200418186,-0.00384596924463,-0.00383715189566
-4,3,-3.21600557581,2.41200418186,-1,-2,-0.804001393954,-1.60800278791,-0.0208031247553,-0.00615790507222
-4,3,-3.21600557581,2.41200418186,-1,-1,-0.804001393954,-0.804001393954,0.00317724512061,-0.000600030009448
-4,3,-3.21600557581,2.41200418186,-1,0,-0.804001393954,0,-0.0442955482217,-0.00454426405942
-4,3,-3.21600557581,2.41200418186,-1,1,-0.804001393954,0.804001393954,-0.000690199420005,-0.0174054746702
-4,3,-3.21600557581,2.41200418186,-1,2,-0.804001393954,1.60800278791,0.00175267498443,-0.00487052332939
-4,3,-3.21600557581,2.41200418186,-1,3,-0.804001393954,2.41200418186,0.0038842775558,0.0103464984665
-4,3,-3.21600557581,2.41200418186,-1,4,-0.804001393954,3.21600557581,-0.00111680304493,0.000889621137755
-4,3,-3.21600557581,2.41200418186,0,-4,0,-3.21600557581,-0.00236310670739,-0.00560213475705
-4,3,-3.21600557581,2.41200418186,0,-3,0,-2.41200418186,-0.0121367355053,0.00236731685918
-4,3,-3.21600557581,2.41200418186,0,-2,0,-1.60800278791,0.0012245004732,-0.00521685901818
-4,3,-3.21600557581,2.41200418186,0,-1,0,-0.804001393954,0.0161289408366,-0.0285135760218
-4,3,-3.21600557581,2.41200418186,0,0,0,0,0.0387158169119,0.0122360109966
-4,3,-3.21600557581,2.41200418186,0,1,0,0.804001393954,-0.023426371219,-0.0314430078492
-4,3,-3.21600557581,2.41200418186,0,2,0,1.60800278791,-0.0142946654053,0.0254473309624
-4,3,-3.21600557581,2.41200418186,0,3,0,2.41200418186,-0.00248495813181,0.00641493749487
-4,3,-3.21600557581,2.41200418186,0,4,0,3.21600557581,-0.000409497077705,-0.000360834402763
-4,3,-3.21600557581,2.41200418186,1,-4,0.804001393954,-3.21600557581,-0.000610891292113,0.00374948652091
-4,3,-3.21600557581,2.41200418186,1,-3,0.804001393954,-2.41200418186,0.000502683197973,0.00196294782124
-4,3,-3.21600557581,2.41200418186,1,-2,0.804001393954,-1.60800278791,0.00564288570988,-0.018894214398
-4,3,-3.21600557581,2.41200418186,1,-1,0.804001393954,-0.804001393954,-0.0171424315574,0.0181595181887
-4,3,-3.21600557581,2.41200418186,1,0,0.804001393954,0,0.0180366397477,0.0164448388307
-4,3,-3.21600557581,2.41200418186,1,1,0.804001393954,0.804001393954,-0.0149053104273,-0.0335858507124
-4,3,-3.21600557581,2.41200418186,1,2,0.804001393954,1.60800278791,0.00121981062131,-0.00430593797613
-4,3,-3.21600557581,2.41200418186,1,3,0.804001393954,2.41200418186,-0.00536136007171,0.00268920310383
-4,3,-3.21600557581,2.41200418186,1,4,0.804001393954,3.21600557581,0.00145673579819,0.00266142967494
-4,3,-3.21600557581,2.41200418186,2,-4,1.60800278791,-3.21600557581,-0.00462106540684,-0.000155464667032
-4,3,-3.21600557581,2.41200418186,2,-3,1.60800278791,-2.41200418186,-0.00548960618979,0.0045616080413
-4,3,-3.21600557581,2.41200418186,2,-2,1.60800278791,-1.60800278791,0.0032648565261,0.000896514887032
-4,3,-3.21600557581,2.41200418186,2,-1,1.60800278791,-0.804001393954,0.00449360563571,-0.000856882107491
-4,3,-3.21600557581,2.41200418186,2,0,1.60800278791,0,0.023651443715,0.0151542198889
-4,3,-3.21600557581,2.41200418186,2,1,1.60800278791,0.804001393954,0.00630573470505,0.00952024666722
-4,3,-3.21600557581,2.41200418186,2,2,1.60800278791,1.60800278791,0.00289818298678,-0.000747586719413
-4,3,-3.21600557581,2.41200418186,2,3,1.60800278791,2.41200418186,0.00351835206505,-0.00126885791212
-4,3,-3.21600557581,2.41200418186,2,4,1.60800278791,3.21600557581,0.000173060231987,-0.00232388791385
-4,3,-3.21600557581,2.41200418186,3,-4,2.41200418186,-3.21600557581,-0.00207514640587,0.00235126128318
-4,3,-3.21600557581,2.41200418186,3,-3,2.41200418186,-2.41200418186,-0.000404339871231,-0.000956840141065
-4,3,-3.21600557581,2.41200418186,3,-2,2.41200418186,-1.60800278791,0.00596618547051,0.00122678862632
-4,3,-3.21600557581,2.41200418186,3,-1,2.41200418186,-0.804001393954,0.000832173773459,0.00248314970102
-4,3,-3.21600557581,2.41200418186,3,0,2.41200418186,0,-0.00176170273612,0.000130505255147
-4,3,-3.21600557581,2.41200418186,3,1,2.41200418186,0.804001393954,0.0068000002775,-0.00203815316777
-4,3,-3.21600557581,2.41200418186,3,2,2.41200418186,1.60800278791,0.000279382383159,-0.00386667572275
-4,3,-3.21600557581,2.41200418186,3,3,2.41200418186,2.41200418186,-0.00412657617567,-0.00333090202257
-4,3,-3.21600557581,2.41200418186,3,4,2.41200418186,3.21600557581,0.00454036086257,-0.00162193109507
-4,3,-3.21600557581,2.41200418186,4,-4,3.21600557581,-3.21600557581,0.0027005120831,0.000810621661247
-4,3,-3.21600557581,2.41200418186,4,-3,3.21600557581,-2.41200418186,-0.00138237170462,-0.00658092752933
-4,3,-3.21600557581,2.41200418186,4,-2,3.21600557581,-1.60800278791,0.00264990757895,0.00841496171618
-4,3,-3.21600557581,2.41200418186,4,-1,3.21600557581,-0.804001393954,0.00193243918753,0.000132653119065
-4,3,-3.21600557581,2.41200418186,4,0,3.21600557581,0,7.38518016427e-05,-0.00222482440047
-4,3,-3.21600557581,2.41200418186,4,1,3.21600557581,0.804001393954,0.000386927169296,-0.000577644635108
-4,3,-3.21600557581,2.41200418186,4,2,3.21600557581,1.60800278791,-0.00204520149888,-0.00431208235986
-4,3,-3.21600557581,2.41200418186,4,3,3.21600557581,2.41200418186,0.00154881980016,0.000252083121174
-4,3,-3.21600557581,2.41200418186,4,4,3.21600557581,3.21600557581,0.00320553076677,-0.000515638528516
-4,4,-3.21600557581,3.21600557581,-4,-4,-3.21600557581,-3.21600557581,-0.00213194010619,-0.00198487060369
-4,4,-3.21600557581,3.21600557581,-4,-3,-3.21600557581,-2.41200418186,-0.00108064241071,0.000130341016625
-4,4,-3.21600557581,3.21600557581,-4,-2,-3.21600557581,-1.60800278791,0.000320024584317,0.00391433307537
-4,4,-3.21600557581,3.21600557581,-4,-1,-3.21600557581,-0.804001393954,-0.000204411054285,-0.00161679993436
-4,4,-3.21600557581,3.21600557581,-4,0,-3.21600557581,0,0.00204704297005,0.00116301932689
-4,4,-3.21600557581,3.21600557581,-4,1,-3.21600557581,0.804001393954,-0.000747407722886,0.00153706017574
-4,4,-3.21600557581,3.21600557581,-4,2,-3.21600557581,1.60800278791,0.000678435084954,0.00546683845587
-4,4,-3.21600557581,3.21600557581,-4,3,-3.21600557581,2.41200418186,0.000604438892439,0.00282831507037
-4,4,-3.21600557581,3.21600557581,-4,4,-3.21600557581,3.21600557581,0.00528908331295,0
-4,4,-3.21600557581,3.21600557581,-3,-4,-2.41200418186,-3.21600557581,-0.00676526594926,0.00163353414104
-4,4,-3.21600557581,3.21600557581,-3,-3,-2.41200418186,-2.41200418186,-0.00231272768615,0.000816217649174
-4,4,-3.21600557581,3.21600557581,-3,-2,-2.41200418186,-1.60800278791,0.00378932661472,0.00126329730263
-4,4,-3.21600557581,3.21600557581,-3,-1,-2.41200418186,-0.804001393954,-0.00265351329561,0.000667592524175
-4,4,-3.21600557581,3.21600557581,-3,0,-2.41200418186,0,-0.00118666655419,-0.000343036318665
-4,4,-3.21600557581,3.21600557581,-3,1,-2.41200418186,0.804001393954,5.1408796394e-05,0.00417195861524
-4,4,-3.21600557581,3.21600557581,-3,2,-2.41200418186,1.60800278791,0.00133377952962,0.000673832028949
-4,4,-3.21600557581,3.21600557581,-3,3,-2.41200418186,2.41200418186,-0.0033420612132,0.00440153188792
-4,4,-3.21600557581,3.21600557581,-3,4,-2.41200418186,3.21600557581,-0.00256089352411,0.000897317303671
-4,4,-3.21600557581,3.21600557581,-2,-4,-1.60800278791,-3.21600557581,0.00226040872237,0.000481798421801
-4,4,-3.21600557581,3.21600557581,-2,-3,-1.60800278791,-2.41200418186,0.00655655540043,-0.00181276191048
-4,4,-3.21600557581,3.21600557581,-2,-2,-1.60800278791,-1.60800278791,0.0108751863213,0.00959768641204
-4,4,-3.21600557581,3.21600557581,-2,-1,-1.60800278791,-0.804001393954,5.51964937954e-05,-0.00357074652918
-4,4,-3.21600557581,3.21600557581,-2,0,-1.60800278791,0,0.00718705103735,0.00379665888952
-4,4,-3.21600557581,3.21600557581,-2,1,-1.60800278791,0.804001393954,0.0019052235067,0.00612175520602
-4,4,-3.21600557581,3.21600557581,-2,2,-1.60800278791,1.60800278791,-0.000349551484273,-0.00220403950742
-4,4,-3.21600557581,3.21600557581,-2,3,-1.60800278791,2.41200418186,-0.00177891735509,0.00183667421732
-4,4,-3.21600557581,3.21600557581,-2,4,-1.60800278791,3.21600557581,-0.000445110840915,-0.0022231086714
-4,4,-3.21600557581,3.21600557581,-1,-4,-0.804001393954,-3.21600557581,0.00166871038188,-0.000787673080145
-4,4,-3.21600557581,3.21600557581,-1,-3,-0.804001393954,-2.41200418186,0.00503028422718,-0.00132545317782
-4,4,-3.21600557581,3.21600557581,-1,-2,-0.804001393954,-1.60800278791,-0.00215292228294,-0.00919081358624
-4,4,-3.21600557581,3.21600557581,-1,-1,-0.804001393954,-0.804001393954,-0.0289688582865,-0.0190524175703
-4,4,-3.21600557581,3.21600557581,-1,0,-0.804001393954,0,0.00680760001595,-0.00317043584146
-4,4,-3.21600557581,3.21600557581,-1,1,-0.804001393954,0.804001393954,-0.0413695146002,-0.00550900341269
-4,4,-3.21600557581,3.21600557581,-1,2,-0.804001393954,1.60800278791,0.00843575321999,-0.00897527247526
-4,4,-3.21600557581,3.21600557581,-1,3,-0.804001393954,2.41200418186,0.00535678415564,-0.00370158412016
-4,4,-3.21600557581,3.21600557581,-1,4,-0.804001393954,3.21600557581,0.00617943161602,0.000448251838607
-4,4,-3.21600557581,3.21600557581,0,-4,0,-3.21600557581,0.00220203232593,-0.000732829588819
-4,4,-3.21600557581,3.21600557581,0,-3,0,-2.41200418186,-0.00956392252755,-0.000977306094351
-4,4,-3.21600557581,3.21600557581,0,-2,0,-1.60800278791,-0.0132694478636,0.00880601733681
-4,4,-3.21600557581,3.21600557581,0,-1,0,-0.804001393954,-0.0072581565461,-0.0109268541508
-4,4,-3.21600557581,3.21600557581,0,0,0,0,0.0303167218733,-0.0937259195088
-4,4,-3.21600557581,3.21600557581,0,1,0,0.804001393954,0.0161927052868,-0.00241609556599
-4,4,-3.21600557581,3.21600557581,0,2,0,1.60800278791,-0.00306796032282,-0.0164675984443
-4,4,-3.21600557581,3.21600557581,0,3,0,2.41200418186,-0.0100832458578,0.0062497054501
-4,4,-3.21600557581,3.21600557581,0,4,0,3.21600557581,0.000618583625884,0.00015389824987
-4,4,-3.21600557581,3.21600557581,1,-4,0.804001393954,-3.21600557581,0.00224881109366,0.00210237211627
-4,4,-3.21600557581,3.21600557581,1,-3,0.804001393954,-2.41200418186,0.00127990871709,0.000352893536271
-4,4,-3.21600557581,3.21600557581,1,-2,0.804001393954,-1.60800278791,0.00115419858708,-0.00313084721783
-4,4,-3.21600557581,3.21600557581,1,-1,0.804001393954,-0.804001393954,0.00456133526175,-0.0269194292643
-4,4,-3.21600557581,3.21600557581,1,0,0.804001393954,0,-0.0166552031671,0.0150241683244
-4,4,-3.21600557581,3.21600557581,1,1,0.804001393954,0.804001393954,0.00380808645788,0.0143972539777
-4,4,-3.21600557581,3.21600557581,1,2,0.804001393954,1.60800278791,-0.0144714257287,-0.015447115252
-4,4,-3.21600557581,3.21600557581,1,3,0.804001393954,2.41200418186,-0.00415323841703,-0.00266261377858
-4,4,-3.21600557581,3.21600557581,1,4,0.804001393954,3.21600557581,-0.00494031872648,0.000837443421674
-4,4,-3.21600557581,3.21600557581,2,-4,1.60800278791,-3.21600557581,0.00115975562329,0.00288408303444
-4,4,-3.21600557581,3.21600557581,2,-3,1.60800278791,-2.41200418186,-0.00462658064857,-0.00120511725438
-4,4,-3.21600557581,3.21600557581,2,-2,1.60800278791,-1.60800278791,-0.0109126215932,0.0135094496281
-4,4,-3.21600557581,3.21600557581,2,-1,1.60800278791,-0.804001393954,0.00220122450384,0.00611130001001
-4,4,-3.21600557581,3.21600557581,2,0,1.60800278791,0,-0.00083810076818,0.0037024174839
-4,4,-3.21600557581,3.21600557581,2,1,1.60800278791,0.804001393954,0.0151145721532,0.0175724161269
-4,4,-3.21600557581,3.21600557581,2,2,1.60800278791,1.60800278791,0.000228817964012,0.0135153267285
-4,4,-3.21600557581,3.21600557581,2,3,1.60800278791,2.41200418186,0.00263882603532,-0.000557512838617
-4,4,-3.21600557581,3.21600557581,2,4,1.60800278791,3.21600557581,0.00304072360751,-0.00329810430019
-4,4,-3.21600557581,3.21600557581,3,-4,2.41200418186,-3.21600557581,-0.00361109849618,0.00140754000597
-4,4,-3.21600557581,3.21600557581,3,-3,2.41200418186,-2.41200418186,-0.0056616805568,0.00775809746467
-4,4,-3.21600557581,3.21600557581,3,-2,2.41200418186,-1.60800278791,-0.00349471939128,0.00305197896163
-4,4,-3.21600557581,3.21600557581,3,-1,2.41200418186,-0.804001393954,-0.00098949455407,0.00169489313039
-4,4,-3.21600557581,3.21600557581,3,0,2.41200418186,0,-0.00316476485975,-0.00482617456487
-4,4,-3.21600557581,3.21600557581,3,1,2.41200418186,0.804001393954,-0.000752699953927,0.000812504189851
-4,4,-3.21600557581,3.21600557581,3,2,2.41200418186,1.60800278791,-0.000395915072265,0.00177436326034
-4,4,-3.21600557581,3.21600557581,3,3,2.41200418186,2.41200418186,0.00566613603181,-0.00298490031561
-4,4,-3.21600557581,3.21600557581,3,4,2.41200418186,3.21600557581,0.00170875484865,-0.000479451396889
-4,4,-3.21600557581,3.21600557581,4,-4,3.21600557581,-3.21600557581,-0.00698819520639,0.00265938882818
-4,4,-3.21600557581,3.21600557581,4,-3,3.21600557581,-2.41200418186,0.0027005120831,0.000810621661247
-4,4,-3.21600557581,3.21600557581,4,-2,3.21600557581,-1.60800278791,0.000853508300736,-0.00109614321419
-4,4,-3.21600557581,3.21600557581,4,-1,3.21600557581,-0.804001393954,0.00222777795625,0.00899828815772
-4,4,-3.21600557581,3.21600557581,4,0,3.21600557581,0,0.00534571027678,-0.000948171295778
-4,4,-3.21600557581,3.21600557581,4,1,3.21600557581,0.804001393954,-0.000175571910638,0.000864546887808
-4,4,-3.21600557581,3.21600557581,4,2,3.21600557581,1.60800278791,7.13458755413e-06,-0.003252916297
-4,4,-3.21600557581,3.21600557581,4,3,3.21600557581,2.41200418186,-0.000646520630844,0.00752518756684
-4,4,-3.21600557581,3.21600557581,4,4,3.21600557581,3.21600557581,-0.00252828254282,-0.00100512929013
-3,-4,-2.41200418186,-3.21600557581,-4,-4,-3.21600557581,-3.21600557581,-0.0032883759541,0.000420703469624
-3,-4,-2.41200418186,-3.21600557581,-4,-3,-3.21600557581,-2.41200418186,-0.000370243325031,-0.00280017430713
-3,-4,-2.41200418186,-3.21600557581,-4,-2,-3.21600557581,-1.60800278791,-0.00457598603394,0.00286991512387
-3,-4,-2.41200418186,-3.21600557581,-4,-1,-3.21600557581,-0.804001393954,-0.00238869598119,-0.00054175268849
-3,-4,-2.41200418186,-3.21600557581,-4,0,-3.21600557581,0,-0.00292001125312,0.00500870732044
-3,-4,-2.41200418186,-3.21600557581,-4,1,-3.21600557581,0.804001393954,-0.00190864053728,-0.00246417340866
-3,-4,-2.41200418186,-3.21600557581,-4,2,-3.21600557581,1.60800278791,-0.000709313255688,-0.00242535677188
-3,-4,-2.41200418186,-3.21600557581,-4,3,-3.21600557581,2.41200418186,4.58819650198e-05,0.00351288566967
-3,-4,-2.41200418186,-3.21600557581,-4,4,-3.21600557581,3.21600557581,-0.00676526594926,-0.00163353414104
-3,-4,-2.41200418186,-3.21600557581,-3,-4,-2.41200418186,-3.21600557581,0.00176777384252,0
-3,-4,-2.41200418186,-3.21600557581,-3,-3,-2.41200418186,-2.41200418186,-0.00128080878149,0.00110418363624
-3,-4,-2.41200418186,-3.21600557581,-3,-2,-2.41200418186,-1.60800278791,0.00089125289383,-0.0016588746413
-3,-4,-2.41200418186,-3.21600557581,-3,-1,-2.41200418186,-0.804001393954,-0.00433573143254,-0.00536269449349
-3,-4,-2.41200418186,-3.21600557581,-3,0,-2.41200418186,0,0.00783862187322,-0.00657413147617
-3,-4,-2.41200418186,-3.21600557581,-3,1,-2.41200418186,0.804001393954,-0.00352319885752,0.00264876464619
-3,-4,-2.41200418186,-3.21600557581,-3,2,-2.41200418186,1.60800278791,-0.00459251812289,0.00394940358601
-3,-4,-2.41200418186,-3.21600557581,-3,3,-2.41200418186,2.41200418186,-0.00093516511572,0.00104598339573
-3,-4,-2.41200418186,-3.21600557581,-3,4,-2.41200418186,3.21600557581,-0.00242284626844,-0.0019872667388
-3,-4,-2.41200418186,-3.21600557581,-2,-4,-1.60800278791,-3.21600557581,0.00319043009759,-0.00394667451748
-3,-4,-2.41200418186,-3.21600557581,-2,-3,-1.60800278791,-2.41200418186,-0.00152846174049,-0.00241941621959
-3,-4,-2.41200418186,-3.21600557581,-2,-2,-1.60800278791,-1.60800278791,-0.00130710796316,-0.00274331076655
-3,-4,-2.41200418186,-3.21600557581,-2,-1,-1.60800278791,-0.804001393954,-0.0126468069229,-0.0025584955615
-3,-4,-2.41200418186,-3.21600557581,-2,0,-1.60800278791,0,0.00467574394225,0.000888538109404
-3,-4,-2.41200418186,-3.21600557581,-2,1,-1.60800278791,0.804001393954,0.0106450298301,-0.00124530486276
-3,-4,-2.41200418186,-3.21600557581,-2,2,-1.60800278791,1.60800278791,-0.00674690259385,-0.00114139987689
-3,-4,-2.41200418186,-3.21600557581,-2,3,-1.60800278791,2.41200418186,-0.000315375239831,-0.0017430561561
-3,-4,-2.41200418186,-3.21600557581,-2,4,-1.60800278791,3.21600557581,-0.0022277608903,0.000699695111783
-3,-4,-2.41200418186,-3.21600557581,-1,-4,-0.804001393954,-3.21600557581,0.00149260968344,-0.00103700272415
-3,-4,-2.41200418186,-3.21600557581,-1,-3,-0.804001393954,-2.41200418186,0.00254627663954,0.00738202337637
-3,-4,-2.41200418186,-3.21600557581,-1,-2,-0.804001393954,-1.60800278791,-0.0048460322609,-0.000619903275887
-3,-4,-2.41200418186,-3.21600557581,-1,-1,-0.804001393954,-0.804001393954,-0.0217846153499,0.00259226807916
-3,-4,-2.41200418186,-3.21600557581,-1,0,-0.804001393954,0,0.0350853095733,-0.00325545211574
-3,-4,-2.41200418186,-3.21600557581,-1,1,-0.804001393954,0.804001393954,0.0039878798308,0.00966409728559
-3,-4,-2.41200418186,-3.21600557581,-1,2,-0.804001393954,1.60800278791,-0.00256412537429,-0.00311529516464
-3,-4,-2.41200418186,-3.21600557581,-1,3,-0.804001393954,2.41200418186,0.00148136956113,-0.0107325989178
-3,-4,-2.41200418186,-3.21600557581,-1,4,-0.804001393954,3.21600557581,0.00293802496859,-0.000214584270813
-3,-4,-2.41200418186,-3.21600557581,0,-4,0,-3.21600557581,0.00653205423911,0.00648806373547
-3,-4,-2.41200418186,-3.21600557581,0,-3,0,-2.41200418186,-0.00753476122405,-0.00597676328696
-3,-4,-2.41200418186,-3.21600557581,0,-2,0,-1.60800278791,0.0076382784199,-0.00108213516605
-3,-4,-2.41200418186,-3.21600557581,0,-1,0,-0.804001393954,0.00297863283534,0.017100138632
-3,-4,-2.41200418186,-3.21600557581,0,0,0,0,-0.119378314313,-0.0304003541974
-3,-4,-2.41200418186,-3.21600557581,0,1,0,0.804001393954,0.0259343368097,0.0197399071123
-3,-4,-2.41200418186,-3.21600557581,0,2,0,1.60800278791,0.00644807318966,-0.0151029399212
-3,-4,-2.41200418186,-3.21600557581,0,3,0,2.41200418186,0.00796636680882,-0.00560646713815
-3,-4,-2.41200418186,-3.21600557581,0,4,0,3.21600557581,0.00391197892743,0.000188605128428
-3,-4,-2.41200418186,-3.21600557581,1,-4,0.804001393954,-3.21600557581,0.00220712631402,-0.00247742069289
-3,-4,-2.41200418186,-3.21600557581,1,-3,0.804001393954,-2.41200418186,-0.00461190259207,0.000172082359449
-3,-4,-2.41200418186,-3.21600557581,1,-2,0.804001393954,-1.60800278791,-0.0193229602002,0.00732953873818
-3,-4,-2.41200418186,-3.21600557581,1,-1,0.804001393954,-0.804001393954,-0.00315006507655,0.00603372452937
-3,-4,-2.41200418186,-3.21600557581,1,0,0.804001393954,0,-0.0158220758955,0.0280158293684
-3,-4,-2.41200418186,-3.21600557581,1,1,0.804001393954,0.804001393954,0.00416402941398,0.0062006698239
-3,-4,-2.41200418186,-3.21600557581,1,2,0.804001393954,1.60800278791,-0.000958717474275,-0.00629565669696
-3,-4,-2.41200418186,-3.21600557581,1,3,0.804001393954,2.41200418186,0.00710175854294,0.00218081268605
-3,-4,-2.41200418186,-3.21600557581,1,4,0.804001393954,3.21600557581,-0.00053458002284,-0.000902394160321
-3,-4,-2.41200418186,-3.21600557581,2,-4,1.60800278791,-3.21600557581,0.00301791534609,-0.00292269884902
-3,-4,-2.41200418186,-3.21600557581,2,-3,1.60800278791,-2.41200418186,0.00117646659602,5.16312883226e-05
-3,-4,-2.41200418186,-3.21600557581,2,-2,1.60800278791,-1.60800278791,-0.00226817474418,-0.0039096315392
-3,-4,-2.41200418186,-3.21600557581,2,-1,1.60800278791,-0.804001393954,0.00997275260357,-0.0128179813117
-3,-4,-2.41200418186,-3.21600557581,2,0,1.60800278791,0,-0.0179853077538,0.0140706344416
-3,-4,-2.41200418186,-3.21600557581,2,1,1.60800278791,0.804001393954,-0.0160167147011,-0.00902695773971
-3,-4,-2.41200418186,-3.21600557581,2,2,1.60800278791,1.60800278791,-3.27594507747e-05,-0.00590722565887
-3,-4,-2.41200418186,-3.21600557581,2,3,1.60800278791,2.41200418186,-0.000773693928457,0.00127430284009
-3,-4,-2.41200418186,-3.21600557581,2,4,1.60800278791,3.21600557581,-0.000527868493874,0.00286646001204
-3,-4,-2.41200418186,-3.21600557581,3,-4,2.41200418186,-3.21600557581,-0.000109979167424,-0.00422594354728
-3,-4,-2.41200418186,-3.21600557581,3,-3,2.41200418186,-2.41200418186,0.00616063251878,6.3373329533e-05
-3,-4,-2.41200418186,-3.21600557581,3,-2,2.41200418186,-1.60800278791,0.00552238160722,-0.00283425874509
-3,-4,-2.41200418186,-3.21600557581,3,-1,2.41200418186,-0.804001393954,0.00371068277302,-0.00492133427446
-3,-4,-2.41200418186,-3.21600557581,3,0,2.41200418186,0,-0.00150234090919,-0.00646614345633
-3,-4,-2.41200418186,-3.21600557581,3,1,2.41200418186,0.804001393954,-0.00218277042309,0.00365895383603
-3,-4,-2.41200418186,-3.21600557581,3,2,2.41200418186,1.60800278791,0.00439467004356,0.00188099621105
-3,-4,-2.41200418186,-3.21600557581,3,3,2.41200418186,2.41200418186,0.00329852424386,-2.68614339251e-05
-3,-4,-2.41200418186,-3.21600557581,3,4,2.41200418186,3.21600557581,-0.00421199185698,0.00272156194942
-3,-4,-2.41200418186,-3.21600557581,4,-4,3.21600557581,-3.21600557581,0.00170875484865,-0.000479451396889
-3,-4,-2.41200418186,-3.21600557581,4,-3,3.21600557581,-2.41200418186,0.00454036086257,-0.00162193109507
-3,-4,-2.41200418186,-3.21600557581,4,-2,3.21600557581,-1.60800278791,-0.00501371165685,0.000316154117624
-3,-4,-2.41200418186,-3.21600557581,4,-1,3.21600557581,-0.804001393954,-0.00109132668353,-0.00125514758276
-3,-4,-2.41200418186,-3.21600557581,4,0,3.21600557581,0,0.00552067467019,-0.00204816334976
-3,-4,-2.41200418186,-3.21600557581,4,1,3.21600557581,0.804001393954,-0.00424889979041,-0.000836194267072
-3,-4,-2.41200418186,-3.21600557581,4,2,3.21600557581,1.60800278791,-0.00329451749152,-0.000877791256896
-3,-4,-2.41200418186,-3.21600557581,4,3,3.21600557581,2.41200418186,0.00378999546575,0.00382900578637
-3,-4,-2.41200418186,-3.21600557581,4,4,3.21600557581,3.21600557581,-0.00302671888119,0.000289932106037
-3,-3,-2.41200418186,-2.41200418186,-4,-4,-3.21600557581,-3.21600557581,0.00199477125114,0.00330060234698
-3,-3,-2.41200418186,-2.41200418186,-4,-3,-3.21600557581,-2.41200418186,0.00578746746387,-0.00190795946801
-3,-3,-2.41200418186,-2.41200418186,-4,-2,-3.21600557581,-1.60800278791,-0.00206105712144,0.00132911013023
-3,-3,-2.41200418186,-2.41200418186,-4,-1,-3.21600557581,-0.804001393954,-0.00175769959464,-0.000300023813885
-3,-3,-2.41200418186,-2.41200418186,-4,0,-3.21600557581,0,-0.000468142411863,-0.00160112379393
-3,-3,-2.41200418186,-2.41200418186,-4,1,-3.21600557581,0.804001393954,-0.000710371147086,-0.000888833523787
-3,-3,-2.41200418186,-2.41200418186,-4,2,-3.21600557581,1.60800278791,0.000338603982587,-0.00115654714362
-3,-3,-2.41200418186,-2.41200418186,-4,3,-3.21600557581,2.41200418186,0.00491545056794,0.000243137981275
-3,-3,-2.41200418186,-2.41200418186,-4,4,-3.21600557581,3.21600557581,-0.00231272768615,-0.000816217649174
-3,-3,-2.41200418186,-2.41200418186,-3,-4,-2.41200418186,-3.21600557581,-0.00128080878149,-0.00110418363624
-3,-3,-2.41200418186,-2.41200418186,-3,-3,-2.41200418186,-2.41200418186,0.0110807017841,0
-3,-3,-2.41200418186,-2.41200418186,-3,-2,-2.41200418186,-1.60800278791,0.00472089173978,0.00138978454212
-3,-3,-2.41200418186,-2.41200418186,-3,-1,-2.41200418186,-0.804001393954,-0.00211707179257,-0.00571113371479
-3,-3,-2.41200418186,-2.41200418186,-3,0,-2.41200418186,0,-0.00110011202629,-0.00105067466554
-3,-3,-2.41200418186,-2.41200418186,-3,1,-2.41200418186,0.804001393954,0.0101903398661,-0.00179373876128
-3,-3,-2.41200418186,-2.41200418186,-3,2,-2.41200418186,1.60800278791,0.00358517489738,0.00117824720526
-3,-3,-2.41200418186,-2.41200418186,-3,3,-2.41200418186,2.41200418186,-0.00503787506571,-0.00542568582252
-3,-3,-2.41200418186,-2.41200418186,-3,4,-2.41200418186,3.21600557581,-0.000992032402205,0.00256657292918
-3,-3,-2.41200418186,-2.41200418186,-2,-4,-1.60800278791,-3.21600557581,0.00275348433394,0.00245995739841
-3,-3,-2.41200418186,-2.41200418186,-2,-3,-1.60800278791,-2.41200418186,0.00543354496423,0.00243495777513
-3,-3,-2.41200418186,-2.41200418186,-2,-2,-1.60800278791,-1.60800278791,-0.0038370743513,-0.00231396053991
-3,-3,-2.41200418186,-2.41200418186,-2,-1,-1.60800278791,-0.804001393954,0.00116030296547,-0.00811978747118
-3,-3,-2.41200418186,-2.41200418186,-2,0,-1.60800278791,0,-0.0147017734794,-0.00777154687369
-3,-3,-2.41200418186,-2.41200418186,-2,1,-1.60800278791,0.804001393954,0.00180791841338,0.00446773118963
-3,-3,-2.41200418186,-2.41200418186,-2,2,-1.60800278791,1.60800278791,0.00799151800488,-0.00303531513352
-3,-3,-2.41200418186,-2.41200418186,-2,3,-1.60800278791,2.41200418186,-0.00156477966831,-0.00358899299072
-3,-3,-2.41200418186,-2.41200418186,-2,4,-1.60800278791,3.21600557581,0.00211075582452,-0.00352708216941
-3,-3,-2.41200418186,-2.41200418186,-1,-4,-0.804001393954,-3.21600557581,-6.15527223499e-05,-0.0039305741004
-3,-3,-2.41200418186,-2.41200418186,-1,-3,-0.804001393954,-2.41200418186,-0.00479667925897,0.0045647989853
-3,-3,-2.41200418186,-2.41200418186,-1,-2,-0.804001393954,-1.60800278791,-0.00927980452541,0.000767687350171
-3,-3,-2.41200418186,-2.41200418186,-1,-1,-0.804001393954,-0.804001393954,0.00504393926351,-0.0104614967218
-3,-3,-2.41200418186,-2.41200418186,-1,0,-0.804001393954,0,-0.0311681886031,0.00310112748984
-3,-3,-2.41200418186,-2.41200418186,-1,1,-0.804001393954,0.804001393954,0.0279847561996,-0.00321428908135
-3,-3,-2.41200418186,-2.41200418186,-1,2,-0.804001393954,1.60800278791,-0.00583814249635,0.0022673485196
-3,-3,-2.41200418186,-2.41200418186,-1,3,-0.804001393954,2.41200418186,-0.00267895177023,-0.00838530891917
-3,-3,-2.41200418186,-2.41200418186,-1,4,-0.804001393954,3.21600557581,-0.00171074416008,4.8995925581e-05
-3,-3,-2.41200418186,-2.41200418186,0,-4,0,-3.21600557581,0.00303714338215,0.00265906098533
-3,-3,-2.41200418186,-2.41200418186,0,-3,0,-2.41200418186,0.00534489468856,0.00691084711906
-3,-3,-2.41200418186,-2.41200418186,0,-2,0,-1.60800278791,-0.010096604787,-0.0105116403493
-3,-3,-2.41200418186,-2.41200418186,0,-1,0,-0.804001393954,0.0186897767281,-0.00758041161959
-3,-3,-2.41200418186,-2.41200418186,0,0,0,0,-0.0192539546133,0.0491134549967
-3,-3,-2.41200418186,-2.41200418186,0,1,0,0.804001393954,-0.0448187142771,-0.00945355811553
-3,-3,-2.41200418186,-2.41200418186,0,2,0,1.60800278791,0.00418066621999,0.0164282809184
-3,-3,-2.41200418186,-2.41200418186,0,3,0,2.41200418186,0.0008803627176,-0.000126988359191
-3,-3,-2.41200418186,-2.41200418186,0,4,0,3.21600557581,0.00199743144963,-0.00126769132675
-3,-3,-2.41200418186,-2.41200418186,1,-4,0.804001393954,-3.21600557581,-0.000874776262475,-0.00227419535769
-3,-3,-2.41200418186,-2.41200418186,1,-3,0.804001393954,-2.41200418186,0.000443772311543,0.000350411278553
-3,-3,-2.41200418186,-2.41200418186,1,-2,0.804001393954,-1.60800278791,0.00412648278901,-0.00864390209795
-3,-3,-2.41200418186,-2.41200418186,1,-1,0.804001393954,-0.804001393954,-0.0317351072992,0.00447922599597
-3,-3,-2.41200418186,-2.41200418186,1,0,0.804001393954,0,-0.0142273827785,0.00108067831713
-3,-3,-2.41200418186,-2.41200418186,1,1,0.804001393954,0.804001393954,-0.0148220488709,0.0222307341633
-3,-3,-2.41200418186,-2.41200418186,1,2,0.804001393954,1.60800278791,0.00508979178524,0.00167693324534
-3,-3,-2.41200418186,-2.41200418186,1,3,0.804001393954,2.41200418186,0.00496468901331,-0.00407232859085
-3,-3,-2.41200418186,-2.41200418186,1,4,0.804001393954,3.21600557581,0.000434357776658,-0.00431060377656
-3,-3,-2.41200418186,-2.41200418186,2,-4,1.60800278791,-3.21600557581,-0.00492629123533,-0.00117077509552
-3,-3,-2.41200418186,-2.41200418186,2,-3,1.60800278791,-2.41200418186,-0.000592369922346,0.00403009999681
-3,-3,-2.41200418186,-2.41200418186,2,-2,1.60800278791,-1.60800278791,-0.000194988075367,0.00706057309092
-3,-3,-2.41200418186,-2.41200418186,2,-1,1.60800278791,-0.804001393954,0.00194370876088,-0.00176238746185
-3,-3,-2.41200418186,-2.41200418186,2,0,1.60800278791,0,0.00986541904812,-0.0181367238356
-3,-3,-2.41200418186,-2.41200418186,2,1,1.60800278791,0.804001393954,-0.0176922521408,0.0124570045448
-3,-3,-2.41200418186,-2.41200418186,2,2,1.60800278791,1.60800278791,-0.00435499734675,-0.0028480852298
-3,-3,-2.41200418186,-2.41200418186,2,3,1.60800278791,2.41200418186,0.00326600408823,0.00270304462666
-3,-3,-2.41200418186,-2.41200418186,2,4,1.60800278791,3.21600557581,0.00113831767774,0.00151589329364
-3,-3,-2.41200418186,-2.41200418186,3,-4,2.41200418186,-3.21600557581,0.00472300145646,0.00371449598181
-3,-3,-2.41200418186,-2.41200418186,3,-3,2.41200418186,-2.41200418186,-0.000158530330688,-0.00498936756663
-3,-3,-2.41200418186,-2.41200418186,3,-2,2.41200418186,-1.60800278791,-0.000453671984251,0.00361781296836
-3,-3,-2.41200418186,-2.41200418186,3,-1,2.41200418186,-0.804001393954,0.00517728515255,0.00334066878459
-3,-3,-2.41200418186,-2.41200418186,3,0,2.41200418186,0,0.00758662318522,-0.000457463376146
-3,-3,-2.41200418186,-2.41200418186,3,1,2.41200418186,0.804001393954,0.00256674569908,-0.0017847077225
-3,-3,-2.41200418186,-2.41200418186,3,2,2.41200418186,1.60800278791,-0.00281194604061,0.00526574539544
-3,-3,-2.41200418186,-2.41200418186,3,3,2.41200418186,2.41200418186,0.00547396908253,0.00608407286466
-3,-3,-2.41200418186,-2.41200418186,3,4,2.41200418186,3.21600557581,0.00329852424386,-2.68614339251e-05
-3,-3,-2.41200418186,-2.41200418186,4,-4,3.21600557581,-3.21600557581,0.00566613603181,-0.00298490031561
-3,-3,-2.41200418186,-2.41200418186,4,-3,3.21600557581,-2.41200418186,-0.00412657617567,-0.00333090202257
-3,-3,-2.41200418186,-2.41200418186,4,-2,3.21600557581,-1.60800278791,0.00459787376323,0.00233704654597
-3,-3,-2.41200418186,-2.41200418186,4,-1,3.21600557581,-0.804001393954,0.00204582802521,0.00175063895557
-3,-3,-2.41200418186,-2.41200418186,4,0,3.21600557581,0,0.000372123937466,-0.000302173751921
-3,-3,-2.41200418186,-2.41200418186,4,1,3.21600557581,0.804001393954,0.00110601514633,-6.33157974032e-05
-3,-3,-2.41200418186,-2.41200418186,4,2,3.21600557581,1.60800278791,-0.00461667972493,-0.00368349888235
-3,-3,-2.41200418186,-2.41200418186,4,3,3.21600557581,2.41200418186,-0.00166669553833,-0.00351799931455
-3,-3,-2.41200418186,-2.41200418186,4,4,3.21600557581,3.21600557581,0.00175513513859,0.00816520890524
-3,-2,-2.41200418186,-1.60800278791,-4,-4,-3.21600557581,-3.21600557581,-0.000575128930789,-0.00498897438387
-3,-2,-2.41200418186,-1.60800278791,-4,-3,-3.21600557581,-2.41200418186,-0.00582753523809,0.000795865599829
-3,-2,-2.41200418186,-1.60800278791,-4,-2,-3.21600557581,-1.60800278791,0.00419970737437,0.0016495931494
-3,-2,-2.41200418186,-1.60800278791,-4,-1,-3.21600557581,-0.804001393954,0.00594964030144,-0.00115751504445
-3,-2,-2.41200418186,-1.60800278791,-4,0,-3.21600557581,0,-0.00459524843492,0.00268054662764
-3,-2,-2.41200418186,-1.60800278791,-4,1,-3.21600557581,0.804001393954,0.00358880513514,-0.00174227934228
-3,-2,-2.41200418186,-1.60800278791,-4,2,-3.21600557581,1.60800278791,0.00317681759905,0.00328964734067
-3,-2,-2.41200418186,-1.60800278791,-4,3,-3.21600557581,2.41200418186,0.001706615467,0.00303186289778
-3,-2,-2.41200418186,-1.60800278791,-4,4,-3.21600557581,3.21600557581,0.00378932661472,-0.00126329730263
-3,-2,-2.41200418186,-1.60800278791,-3,-4,-2.41200418186,-3.21600557581,0.00089125289383,0.0016588746413
-3,-2,-2.41200418186,-1.60800278791,-3,-3,-2.41200418186,-2.41200418186,0.00472089173978,-0.00138978454212
-3,-2,-2.41200418186,-1.60800278791,-3,-2,-2.41200418186,-1.60800278791,0.0309541668042,0
-3,-2,-2.41200418186,-1.60800278791,-3,-1,-2.41200418186,-0.804001393954,0.000190051264136,0.00284861380553
-3,-2,-2.41200418186,-1.60800278791,-3,0,-2.41200418186,0,-0.00422987273346,-0.00258211024241
-3,-2,-2.41200418186,-1.60800278791,-3,1,-2.41200418186,0.804001393954,0.0017873265842,-0.00334711498078
-3,-2,-2.41200418186,-1.60800278791,-3,2,-2.41200418186,1.60800278791,0.00336369213972,-0.000434844913751
-3,-2,-2.41200418186,-1.60800278791,-3,3,-2.41200418186,2.41200418186,7.59097912599e-05,-2.49331856502e-05
-3,-2,-2.41200418186,-1.60800278791,-3,4,-2.41200418186,3.21600557581,-0.00187950698008,-0.0078261497075
-3,-2,-2.41200418186,-1.60800278791,-2,-4,-1.60800278791,-3.21600557581,-0.00635528922379,-0.00552981983687
-3,-2,-2.41200418186,-1.60800278791,-2,-3,-1.60800278791,-2.41200418186,0.00176521728886,0.00252517482349
-3,-2,-2.41200418186,-1.60800278791,-2,-2,-1.60800278791,-1.60800278791,0.00394129732148,-0.00152708104957
-3,-2,-2.41200418186,-1.60800278791,-2,-1,-1.60800278791,-0.804001393954,-0.014985430199,0.00978763667867
-3,-2,-2.41200418186,-1.60800278791,-2,0,-1.60800278791,0,0.00448529752914,-0.0155476124713
-3,-2,-2.41200418186,-1.60800278791,-2,1,-1.60800278791,0.804001393954,-0.0165807275879,-0.00933277284015
-3,-2,-2.41200418186,-1.60800278791,-2,2,-1.60800278791,1.60800278791,0.00340354612392,0.00579403598326
-3,-2,-2.41200418186,-1.60800278791,-2,3,-1.60800278791,2.41200418186,0.00594979777281,-0.000640222129002
-3,-2,-2.41200418186,-1.60800278791,-2,4,-1.60800278791,3.21600557581,0.00144740972753,0.00365710028681
-3,-2,-2.41200418186,-1.60800278791,-1,-4,-0.804001393954,-3.21600557581,-0.00332951785172,0.00122732879328
-3,-2,-2.41200418186,-1.60800278791,-1,-3,-0.804001393954,-2.41200418186,4.91239792684e-05,-0.00811186275007
-3,-2,-2.41200418186,-1.60800278791,-1,-2,-0.804001393954,-1.60800278791,-0.0157718724125,0.0129292246697
-3,-2,-2.41200418186,-1.60800278791,-1,-1,-0.804001393954,-0.804001393954,-0.0113879727051,-0.00553889135111
-3,-2,-2.41200418186,-1.60800278791,-1,0,-0.804001393954,0,-0.0052371278896,-0.000233511008988
-3,-2,-2.41200418186,-1.60800278791,-1,1,-0.804001393954,0.804001393954,-0.0215696819988,0.000567778977336
-3,-2,-2.41200418186,-1.60800278791,-1,2,-0.804001393954,1.60800278791,0.0126136102508,0.000812234821334
-3,-2,-2.41200418186,-1.60800278791,-1,3,-0.804001393954,2.41200418186,-0.00430691653942,0.00411085145889
-3,-2,-2.41200418186,-1.60800278791,-1,4,-0.804001393954,3.21600557581,-0.00208214109481,0.00180357454496
-3,-2,-2.41200418186,-1.60800278791,0,-4,0,-3.21600557581,-0.00345698631523,0.00230350249466
-3,-2,-2.41200418186,-1.60800278791,0,-3,0,-2.41200418186,-0.00217444769466,-0.0142700605468
-3,-2,-2.41200418186,-1.60800278791,0,-2,0,-1.60800278791,0.00927470431103,0.0032725290464
-3,-2,-2.41200418186,-1.60800278791,0,-1,0,-0.804001393954,-0.0190893663482,-0.0306868764152
-3,-2,-2.41200418186,-1.60800278791,0,0,0,0,0.0568404800346,-0.00688166584182
-3,-2,-2.41200418186,-1.60800278791,0,1,0,0.804001393954,-0.00998399131673,0.0200300103566
-3,-2,-2.41200418186,-1.60800278791,0,2,0,1.60800278791,-0.0281395986996,-0.00590611701939
-3,-2,-2.41200418186,-1.60800278791,0,3,0,2.41200418186,0.000785596742437,0.000702061743288
-3,-2,-2.41200418186,-1.60800278791,0,4,0,3.21600557581,-0.00537617108833,1.8968912946e-05
-3,-2,-2.41200418186,-1.60800278791,1,-4,0.804001393954,-3.21600557581,-0.000521231095145,0.00275400284067
-3,-2,-2.41200418186,-1.60800278791,1,-3,0.804001393954,-2.41200418186,-0.00135733716937,0.00308242070724
-3,-2,-2.41200418186,-1.60800278791,1,-2,0.804001393954,-1.60800278791,-0.00260666458574,0.00350715715053
-3,-2,-2.41200418186,-1.60800278791,1,-1,0.804001393954,-0.804001393954,-0.003284635156,-0.0240311920847
-3,-2,-2.41200418186,-1.60800278791,1,0,0.804001393954,0,-0.0310354750619,0.0179082501265
-3,-2,-2.41200418186,-1.60800278791,1,1,0.804001393954,0.804001393954,-0.0106010363691,-0.000329885299278
-3,-2,-2.41200418186,-1.60800278791,1,2,0.804001393954,1.60800278791,-0.00774578752457,0.00698506030641
-3,-2,-2.41200418186,-1.60800278791,1,3,0.804001393954,2.41200418186,0.00158478728007,-0.000663145411334
-3,-2,-2.41200418186,-1.60800278791,1,4,0.804001393954,3.21600557581,0.00242653652359,-0.00170856228464
-3,-2,-2.41200418186,-1.60800278791,2,-4,1.60800278791,-3.21600557581,-0.000828131270868,-0.00255910004517
-3,-2,-2.41200418186,-1.60800278791,2,-3,1.60800278791,-2.41200418186,0.00014476421062,0.00494334815746
-3,-2,-2.41200418186,-1.60800278791,2,-2,1.60800278791,-1.60800278791,-0.00367776616847,0.00546209986366
-3,-2,-2.41200418186,-1.60800278791,2,-1,1.60800278791,-0.804001393954,0.00356929135164,0.00284610326405
-3,-2,-2.41200418186,-1.60800278791,2,0,1.60800278791,0,0.00867626689351,0.00408972934246
-3,-2,-2.41200418186,-1.60800278791,2,1,1.60800278791,0.804001393954,0.00883742069021,-0.0140980001676
-3,-2,-2.41200418186,-1.60800278791,2,2,1.60800278791,1.60800278791,-0.00920865673386,0.0137510123266
-3,-2,-2.41200418186,-1.60800278791,2,3,1.60800278791,2.41200418186,0.00170953896121,-0.00366508506786
-3,-2,-2.41200418186,-1.60800278791,2,4,1.60800278791,3.21600557581,0.00505085045175,-0.00518579964923
-3,-2,-2.41200418186,-1.60800278791,3,-4,2.41200418186,-3.21600557581,-0.00489635318394,0.00593030795201
-3,-2,-2.41200418186,-1.60800278791,3,-3,2.41200418186,-2.41200418186,0.00475775796194,0.000541124428857
-3,-2,-2.41200418186,-1.60800278791,3,-2,2.41200418186,-1.60800278791,0.00286173482941,0.00178566621067
-3,-2,-2.41200418186,-1.60800278791,3,-1,2.41200418186,-0.804001393954,0.00583833170991,0.00651800205048
-3,-2,-2.41200418186,-1.60800278791,3,0,2.41200418186,0,-0.00918450214933,0.00280854862165
-3,-2,-2.41200418186,-1.60800278791,3,1,2.41200418186,0.804001393954,0.0134275210238,0.00500708613258
-3,-2,-2.41200418186,-1.60800278791,3,2,2.41200418186,1.60800278791,0.00797461296186,-0.00294542088249
-3,-2,-2.41200418186,-1.60800278791,3,3,2.41200418186,2.41200418186,-0.00281194604061,0.00526574539544
-3,-2,-2.41200418186,-1.60800278791,3,4,2.41200418186,3.21600557581,0.00439467004356,0.00188099621105
-3,-2,-2.41200418186,-1.60800278791,4,-4,3.21600557581,-3.21600557581,-0.000395915072265,0.00177436326034
-3,-2,-2.41200418186,-1.60800278791,4,-3,3.21600557581,-2.41200418186,0.000279382383159,-0.00386667572275
-3,-2,-2.41200418186,-1.60800278791,4,-2,3.21600557581,-1.60800278791,-0.000204818412627,0.0023265346846
-3,-2,-2.41200418186,-1.60800278791,4,-1,3.21600557581,-0.804001393954,0.00221545598395,0.00070909532183
-3,-2,-2.41200418186,-1.60800278791,4,0,3.21600557581,0,0.000129217116935,0.000238828988767
-3,-2,-2.41200418186,-1.60800278791,4,1,3.21600557581,0.804001393954,0.000359090716979,0.000116257642399
-3,-2,-2.41200418186,-1.60800278791,4,2,3.21600557581,1.60800278791,0.000663482512524,0.00125587231339
-3,-2,-2.41200418186,-1.60800278791,4,3,3.21600557581,2.41200418186,-0.00237353686826,0.00178803666692
-3,-2,-2.41200418186,-1.60800278791,4,4,3.21600557581,3.21600557581,-0.00106811563686,-0.00833332547957
-3,-1,-2.41200418186,-0.804001393954,-4,-4,-3.21600557581,-3.21600557581,-0.00252517742428,0.00343356572528
-3,-1,-2.41200418186,-0.804001393954,-4,-3,-3.21600557581,-2.41200418186,0.00280320149941,0.00632456900029
-3,-1,-2.41200418186,-0.804001393954,-4,-2,-3.21600557581,-1.60800278791,-0.0106684266351,-0.000385137718763
-3,-1,-2.41200418186,-0.804001393954,-4,-1,-3.21600557581,-0.804001393954,0.00291884390407,-0.0028268705181
-3,-1,-2.41200418186,-0.804001393954,-4,0,-3.21600557581,0,-0.00589341492147,0.00199465186316
-3,-1,-2.41200418186,-0.804001393954,-4,1,-3.21600557581,0.804001393954,-0.00273749302907,-0.0013025052606
-3,-1,-2.41200418186,-0.804001393954,-4,2,-3.21600557581,1.60800278791,0.00251207670784,-0.00145771879666
-3,-1,-2.41200418186,-0.804001393954,-4,3,-3.21600557581,2.41200418186,0.00359007181456,-0.00128520518945
-3,-1,-2.41200418186,-0.804001393954,-4,4,-3.21600557581,3.21600557581,-0.00265351329561,-0.000667592524175
-3,-1,-2.41200418186,-0.804001393954,-3,-4,-2.41200418186,-3.21600557581,-0.00433573143254,0.00536269449349
-3,-1,-2.41200418186,-0.804001393954,-3,-3,-2.41200418186,-2.41200418186,-0.00211707179257,0.00571113371479
-3,-1,-2.41200418186,-0.804001393954,-3,-2,-2.41200418186,-1.60800278791,0.000190051264136,-0.00284861380553
-3,-1,-2.41200418186,-0.804001393954,-3,-1,-2.41200418186,-0.804001393954,0.0798186013296,0
-3,-1,-2.41200418186,-0.804001393954,-3,0,-2.41200418186,0,0.000625226379943,0.000940255638165
-3,-1,-2.41200418186,-0.804001393954,-3,1,-2.41200418186,0.804001393954,-0.00239931461333,-0.00796567306703
-3,-1,-2.41200418186,-0.804001393954,-3,2,-2.41200418186,1.60800278791,0.00422564453204,0.00545133011006
-3,-1,-2.41200418186,-0.804001393954,-3,3,-2.41200418186,2.41200418186,0.00550320006265,0.000730022406927
-3,-1,-2.41200418186,-0.804001393954,-3,4,-2.41200418186,3.21600557581,-0.00142573450108,0.000869617550929
-3,-1,-2.41200418186,-0.804001393954,-2,-4,-1.60800278791,-3.21600557581,-0.000247943325647,0.00257829347238
-3,-1,-2.41200418186,-0.804001393954,-2,-3,-1.60800278791,-2.41200418186,-0.000924135459021,-0.0011792377056
-3,-1,-2.41200418186,-0.804001393954,-2,-2,-1.60800278791,-1.60800278791,-0.00432884775338,-0.000682434515984
-3,-1,-2.41200418186,-0.804001393954,-2,-1,-1.60800278791,-0.804001393954,0.00503092914752,0.00181038305205
-3,-1,-2.41200418186,-0.804001393954,-2,0,-1.60800278791,0,-0.0162833074527,0.00470807984575
-3,-1,-2.41200418186,-0.804001393954,-2,1,-1.60800278791,0.804001393954,0.00140231985417,-0.0115871244617
-3,-1,-2.41200418186,-0.804001393954,-2,2,-1.60800278791,1.60800278791,-0.0154525491216,-0.000939856203437
-3,-1,-2.41200418186,-0.804001393954,-2,3,-1.60800278791,2.41200418186,0.00128435203824,-0.00207612502003
-3,-1,-2.41200418186,-0.804001393954,-2,4,-1.60800278791,3.21600557581,0.00532670064822,-0.000402628305554
-3,-1,-2.41200418186,-0.804001393954,-1,-4,-0.804001393954,-3.21600557581,0.000922208420907,-0.000348358334552
-3,-1,-2.41200418186,-0.804001393954,-1,-3,-0.804001393954,-2.41200418186,-0.00492555679343,-0.000988186513224
-3,-1,-2.41200418186,-0.804001393954,-1,-2,-0.804001393954,-1.60800278791,-0.00965102324684,-0.00158853743851
-3,-1,-2.41200418186,-0.804001393954,-1,-1,-0.804001393954,-0.804001393954,-0.031103344695,0.0378877116255
-3,-1,-2.41200418186,-0.804001393954,-1,0,-0.804001393954,0,-0.0104894642729,-0.015760266726
-3,-1,-2.41200418186,-0.804001393954,-1,1,-0.804001393954,0.804001393954,-0.00444472140098,0.000669389139096
-3,-1,-2.41200418186,-0.804001393954,-1,2,-0.804001393954,1.60800278791,-0.00937438741205,0.00447418454498
-3,-1,-2.41200418186,-0.804001393954,-1,3,-0.804001393954,2.41200418186,0.0121813268775,-0.00411018956661
-3,-1,-2.41200418186,-0.804001393954,-1,4,-0.804001393954,3.21600557581,0.00288323808199,0.00224017379536
-3,-1,-2.41200418186,-0.804001393954,0,-4,0,-3.21600557581,-0.0020291154221,0.00408574860508
-3,-1,-2.41200418186,-0.804001393954,0,-3,0,-2.41200418186,-0.00177203983259,-0.0069011516311
-3,-1,-2.41200418186,-0.804001393954,0,-2,0,-1.60800278791,-0.00620197392193,-0.0211719375247
-3,-1,-2.41200418186,-0.804001393954,0,-1,0,-0.804001393954,0.0165103887455,0.00967213272115
-3,-1,-2.41200418186,-0.804001393954,0,0,0,0,-0.0464640349604,-0.0617031316152
-3,-1,-2.41200418186,-0.804001393954,0,1,0,0.804001393954,0.0243294403796,-0.00131800005693
-3,-1,-2.41200418186,-0.804001393954,0,2,0,1.60800278791,-0.00722099320872,0.0101397221989
-3,-1,-2.41200418186,-0.804001393954,0,3,0,2.41200418186,-0.0127950646637,-0.000614483372497
-3,-1,-2.41200418186,-0.804001393954,0,4,0,3.21600557581,0.00571987229817,0.00397634948338
-3,-1,-2.41200418186,-0.804001393954,1,-4,0.804001393954,-3.21600557581,0.00811914147667,-0.00298081116444
-3,-1,-2.41200418186,-0.804001393954,1,-3,0.804001393954,-2.41200418186,0.000421335990203,-0.00913589960387
-3,-1,-2.41200418186,-0.804001393954,1,-2,0.804001393954,-1.60800278791,-0.0106318786809,0.0126065757257
-3,-1,-2.41200418186,-0.804001393954,1,-1,0.804001393954,-0.804001393954,-0.00235939557316,0.00633349809967
-3,-1,-2.41200418186,-0.804001393954,1,0,0.804001393954,0,0.0107435388929,-0.0301669778674
-3,-1,-2.41200418186,-0.804001393954,1,1,0.804001393954,0.804001393954,-0.0337442036492,0.0104655478766
-3,-1,-2.41200418186,-0.804001393954,1,2,0.804001393954,1.60800278791,-0.0134940242,-0.00390264201894
-3,-1,-2.41200418186,-0.804001393954,1,3,0.804001393954,2.41200418186,-0.00456856851389,0.00559428048615
-3,-1,-2.41200418186,-0.804001393954,1,4,0.804001393954,3.21600557581,0.00331477313389,0.00122267036478
-3,-1,-2.41200418186,-0.804001393954,2,-4,1.60800278791,-3.21600557581,0.00235526858843,-0.000154905165889
-3,-1,-2.41200418186,-0.804001393954,2,-3,1.60800278791,-2.41200418186,-0.00356263143471,-0.00186275929013
-3,-1,-2.41200418186,-0.804001393954,2,-2,1.60800278791,-1.60800278791,0.00318385774929,0.00745009703949
-3,-1,-2.41200418186,-0.804001393954,2,-1,1.60800278791,-0.804001393954,-0.013816819288,-0.00022150831331
-3,-1,-2.41200418186,-0.804001393954,2,0,1.60800278791,0,0.0081225749166,0.0118978478182
-3,-1,-2.41200418186,-0.804001393954,2,1,1.60800278791,0.804001393954,0.00565379408346,0.0021075846588
-3,-1,-2.41200418186,-0.804001393954,2,2,1.60800278791,1.60800278791,0.00726402876817,-0.011140667519
-3,-1,-2.41200418186,-0.804001393954,2,3,1.60800278791,2.41200418186,-0.0119716156944,0.00748283372203
-3,-1,-2.41200418186,-0.804001393954,2,4,1.60800278791,3.21600557581,0.0018888740067,-0.000990180889682
-3,-1,-2.41200418186,-0.804001393954,3,-4,2.41200418186,-3.21600557581,0.0039217499619,0.00813451334518
-3,-1,-2.41200418186,-0.804001393954,3,-3,2.41200418186,-2.41200418186,-0.00254278260872,0.00300050203539
-3,-1,-2.41200418186,-0.804001393954,3,-2,2.41200418186,-1.60800278791,0.00125996447391,-0.000673938223838
-3,-1,-2.41200418186,-0.804001393954,3,-1,2.41200418186,-0.804001393954,0.010398185628,-0.0021060538654
-3,-1,-2.41200418186,-0.804001393954,3,0,2.41200418186,0,0.0106753569675,0.0124852848861
-3,-1,-2.41200418186,-0.804001393954,3,1,2.41200418186,0.804001393954,-0.00917516774566,-0.00442524244081
-3,-1,-2.41200418186,-0.804001393954,3,2,2.41200418186,1.60800278791,0.0134275210238,0.00500708613258
-3,-1,-2.41200418186,-0.804001393954,3,3,2.41200418186,2.41200418186,0.00256674569908,-0.0017847077225
-3,-1,-2.41200418186,-0.804001393954,3,4,2.41200418186,3.21600557581,-0.00218277042309,0.00365895383603
-3,-1,-2.41200418186,-0.804001393954,4,-4,3.21600557581,-3.21600557581,-0.000752699953927,0.000812504189851
-3,-1,-2.41200418186,-0.804001393954,4,-3,3.21600557581,-2.41200418186,0.0068000002775,-0.00203815316777
-3,-1,-2.41200418186,-0.804001393954,4,-2,3.21600557581,-1.60800278791,-0.000889099786171,-0.00470452037527
-3,-1,-2.41200418186,-0.804001393954,4,-1,3.21600557581,-0.804001393954,-0.0105665729444,0.00679974518225
-3,-1,-2.41200418186,-0.804001393954,4,0,3.21600557581,0,0.000716254125125,0.00243974100477
-3,-1,-2.41200418186,-0.804001393954,4,1,3.21600557581,0.804001393954,-0.00275038197893,-0.00592042770438
-3,-1,-2.41200418186,-0.804001393954,4,2,3.21600557581,1.60800278791,0.00369020336019,0.000406828270342
-3,-1,-2.41200418186,-0.804001393954,4,3,3.21600557581,2.41200418186,-0.00328449488314,-0.00115679448881
-3,-1,-2.41200418186,-0.804001393954,4,4,3.21600557581,3.21600557581,-0.00376676431147,-0.00060224809779
-3,0,-2.41200418186,0,-4,-4,-3.21600557581,-3.21600557581,0.00712875894921,-0.00272577058916
-3,0,-2.41200418186,0,-4,-3,-3.21600557581,-2.41200418186,-0.00553487042976,-0.0020141942146
-3,0,-2.41200418186,0,-4,-2,-3.21600557581,-1.60800278791,0.000722192107939,0.00925297153583
-3,0,-2.41200418186,0,-4,-1,-3.21600557581,-0.804001393954,-0.00221025214499,0.000823952610194
-3,0,-2.41200418186,0,-4,0,-3.21600557581,0,0.00230049871575,-0.00122528969325
-3,0,-2.41200418186,0,-4,1,-3.21600557581,0.804001393954,-0.00577014858229,0.00524973139523
-3,0,-2.41200418186,0,-4,2,-3.21600557581,1.60800278791,0.00170239320412,-0.00479033955772
-3,0,-2.41200418186,0,-4,3,-3.21600557581,2.41200418186,0.00118774968371,-0.00270202537325
-3,0,-2.41200418186,0,-4,4,-3.21600557581,3.21600557581,-0.00118666655419,0.000343036318665
-3,0,-2.41200418186,0,-3,-4,-2.41200418186,-3.21600557581,0.00783862187322,0.00657413147617
-3,0,-2.41200418186,0,-3,-3,-2.41200418186,-2.41200418186,-0.00110011202629,0.00105067466554
-3,0,-2.41200418186,0,-3,-2,-2.41200418186,-1.60800278791,-0.00422987273346,0.00258211024241
-3,0,-2.41200418186,0,-3,-1,-2.41200418186,-0.804001393954,0.000625226379943,-0.000940255638165
-3,0,-2.41200418186,0,-3,0,-2.41200418186,0,0.103277506444,0
-3,0,-2.41200418186,0,-3,1,-2.41200418186,0.804001393954,0.00172435720952,-0.00480626646745
-3,0,-2.41200418186,0,-3,2,-2.41200418186,1.60800278791,-0.00322419016796,-0.00458415736037
-3,0,-2.41200418186,0,-3,3,-2.41200418186,2.41200418186,0.00479602424438,-0.0034112482852
-3,0,-2.41200418186,0,-3,4,-2.41200418186,3.21600557581,0.0061130153656,-5.12952717301e-05
-3,0,-2.41200418186,0,-2,-4,-1.60800278791,-3.21600557581,-0.000549775780532,-0.000502550020235
-3,0,-2.41200418186,0,-2,-3,-1.60800278791,-2.41200418186,0.00359591982919,0.00151759278811
-3,0,-2.41200418186,0,-2,-2,-1.60800278791,-1.60800278791,0.00132399876477,-0.000695321428529
-3,0,-2.41200418186,0,-2,-1,-1.60800278791,-0.804001393954,-0.0172771055379,-0.00268997267574
-3,0,-2.41200418186,0,-2,0,-1.60800278791,0,0.00906857076871,-0.00209043869449
-3,0,-2.41200418186,0,-2,1,-1.60800278791,0.804001393954,-0.0151687124212,0.00609191873573
-3,0,-2.41200418186,0,-2,2,-1.60800278791,1.60800278791,0.00228909631113,-0.00298832563658
-3,0,-2.41200418186,0,-2,3,-1.60800278791,2.41200418186,-0.0104855361529,0.00207034585412
-3,0,-2.41200418186,0,-2,4,-1.60800278791,3.21600557581,-0.000804350053421,0.00279745941149
-3,0,-2.41200418186,0,-1,-4,-0.804001393954,-3.21600557581,0.00133661293738,0.00719217646021
-3,0,-2.41200418186,0,-1,-3,-0.804001393954,-2.41200418186,-0.000122487627929,-0.00297259861751
-3,0,-2.41200418186,0,-1,-2,-0.804001393954,-1.60800278791,-0.00483950478011,-0.00479679018264
-3,0,-2.41200418186,0,-1,-1,-0.804001393954,-0.804001393954,-0.0210346170636,0.00139846691655
-3,0,-2.41200418186,0,-1,0,-0.804001393954,0,-0.0425152839395,0.0433170713012
-3,0,-2.41200418186,0,-1,1,-0.804001393954,0.804001393954,-0.0120809509577,-0.0137975026913
-3,0,-2.41200418186,0,-1,2,-0.804001393954,1.60800278791,0.00249697168398,-0.0060869574837
-3,0,-2.41200418186,0,-1,3,-0.804001393954,2.41200418186,-0.00327370665381,0.00360071809664
-3,0,-2.41200418186,0,-1,4,-0.804001393954,3.21600557581,0.000542148164396,-0.000599241170059
-3,0,-2.41200418186,0,0,-4,0,-3.21600557581,-0.000502175983186,0.0024315511728
-3,0,-2.41200418186,0,0,-3,0,-2.41200418186,-0.0128816448463,-0.00179244108666
-3,0,-2.41200418186,0,0,-2,0,-1.60800278791,-0.00138831477944,-0.0216988767138
-3,0,-2.41200418186,0,0,-1,0,-0.804001393954,-0.00799384450459,-0.040136311764
-3,0,-2.41200418186,0,0,0,0,0,0.0369396307557,0.0270564367419
-3,0,-2.41200418186,0,0,1,0,0.804001393954,-0.0204436714691,-0.0314620933453
-3,0,-2.41200418186,0,0,2,0,1.60800278791,0.014059806288,0.00274648644828
-3,0,-2.41200418186,0,0,3,0,2.41200418186,0.00237538858189,0.00246977371522
-3,0,-2.41200418186,0,0,4,0,3.21600557581,-0.0117608282864,-0.00085875267339
-3,0,-2.41200418186,0,1,-4,0.804001393954,-3.21600557581,-0.00175027012902,-0.00163674224315
-3,0,-2.41200418186,0,1,-3,0.804001393954,-2.41200418186,0.00993648404188,0.00211323490684
-3,0,-2.41200418186,0,1,-2,0.804001393954,-1.60800278791,0.000571422546971,-0.0148184977397
-3,0,-2.41200418186,0,1,-1,0.804001393954,-0.804001393954,-0.0268657463812,0.0237324347097
-3,0,-2.41200418186,0,1,0,0.804001393954,0,-0.0109451970753,0.0237470344184
-3,0,-2.41200418186,0,1,1,0.804001393954,0.804001393954,0.00603205859184,-0.0328471278264
-3,0,-2.41200418186,0,1,2,0.804001393954,1.60800278791,-0.0105357477579,0.000286028006344
-3,0,-2.41200418186,0,1,3,0.804001393954,2.41200418186,-0.00320238012624,-0.00420081527626
-3,0,-2.41200418186,0,1,4,0.804001393954,3.21600557581,-0.00294736590366,0.0037317557698
-3,0,-2.41200418186,0,2,-4,1.60800278791,-3.21600557581,-0.00417988316,0.00542446710987
-3,0,-2.41200418186,0,2,-3,1.60800278791,-2.41200418186,-0.00239369096688,0.00527492250174
-3,0,-2.41200418186,0,2,-2,1.60800278791,-1.60800278791,0.00309250095075,-0.00651858315938
-3,0,-2.41200418186,0,2,-1,1.60800278791,-0.804001393954,0.00873586219866,0.00446442080635
-3,0,-2.41200418186,0,2,0,1.60800278791,0,-0.023684885256,-0.00284364522372
-3,0,-2.41200418186,0,2,1,1.60800278791,0.804001393954,0.00983830203791,0.0130294332651
-3,0,-2.41200418186,0,2,2,1.60800278791,1.60800278791,0.00644983380618,-0.00022251070211
-3,0,-2.41200418186,0,2,3,1.60800278791,2.41200418186,0.00891274026474,-0.00545260688513
-3,0,-2.41200418186,0,2,4,1.60800278791,3.21600557581,-0.00786778484993,0.00401471729316
-3,0,-2.41200418186,0,3,-4,2.41200418186,-3.21600557581,0.00167234113517,-0.000591749646046
-3,0,-2.41200418186,0,3,-3,2.41200418186,-2.41200418186,0.00951806903852,0.00415740193298
-3,0,-2.41200418186,0,3,-2,2.41200418186,-1.60800278791,-0.00504479348918,0.00248429891282
-3,0,-2.41200418186,0,3,-1,2.41200418186,-0.804001393954,0.00308944852529,0.00282669026353
-3,0,-2.41200418186,0,3,0,2.41200418186,0,0.0104387412117,-0.00637507924821
-3,0,-2.41200418186,0,3,1,2.41200418186,0.804001393954,0.0106753569675,0.0124852848861
-3,0,-2.41200418186,0,3,2,2.41200418186,1.60800278791,-0.00918450214933,0.00280854862165
-3,0,-2.41200418186,0,3,3,2.41200418186,2.41200418186,0.00758662318522,-0.000457463376146
-3,0,-2.41200418186,0,3,4,2.41200418186,3.21600557581,-0.00150234090919,-0.00646614345633
-3,0,-2.41200418186,0,4,-4,3.21600557581,-3.21600557581,-0.00316476485975,-0.00482617456487
-3,0,-2.41200418186,0,4,-3,3.21600557581,-2.41200418186,-0.00176170273612,0.000130505255147
-3,0,-2.41200418186,0,4,-2,3.21600557581,-1.60800278791,0.000944850512308,-0.00931589339319
-3,0,-2.41200418186,0,4,-1,3.21600557581,-0.804001393954,0.0016064064897,-0.0119718280999
-3,0,-2.41200418186,0,4,0,3.21600557581,0,-0.00665924547428,0.0078586731396
-3,0,-2.41200418186,0,4,1,3.21600557581,0.804001393954,0.0024758463288,0.0061758762341
-3,0,-2.41200418186,0,4,2,3.21600557581,1.60800278791,-0.0049301086467,-0.00175481785033
-3,0,-2.41200418186,0,4,3,3.21600557581,2.41200418186,0.00276446197527,-0.00199706794727
-3,0,-2.41200418186,0,4,4,3.21600557581,3.21600557581,0.00511461111628,-0.00455295074681
-3,1,-2.41200418186,0.804001393954,-4,-4,-3.21600557581,-3.21600557581,0.00403232641961,-0.00131467432525
-3,1,-2.41200418186,0.804001393954,-4,-3,-3.21600557581,-2.41200418186,0.00700597042964,-0.000179037918293
-3,1,-2.41200418186,0.804001393954,-4,-2,-3.21600557581,-1.60800278791,-0.00500433133124,0.000326498276678
-3,1,-2.41200418186,0.804001393954,-4,-1,-3.21600557581,-0.804001393954,-0.000951622085895,0.000985454155745
-3,1,-2.41200418186,0.804001393954,-4,0,-3.21600557581,0,-0.000737273995651,0.00361207503135
-3,1,-2.41200418186,0.804001393954,-4,1,-3.21600557581,0.804001393954,-0.00013312040133,-0.00303957850038
-3,1,-2.41200418186,0.804001393954,-4,2,-3.21600557581,1.60800278791,-0.00565985293457,0.00483231636305
-3,1,-2.41200418186,0.804001393954,-4,3,-3.21600557581,2.41200418186,-0.00286011312677,-0.00138779197892
-3,1,-2.41200418186,0.804001393954,-4,4,-3.21600557581,3.21600557581,5.1408796394e-05,-0.00417195861524
-3,1,-2.41200418186,0.804001393954,-3,-4,-2.41200418186,-3.21600557581,-0.00352319885752,-0.00264876464619
-3,1,-2.41200418186,0.804001393954,-3,-3,-2.41200418186,-2.41200418186,0.0101903398661,0.00179373876128
-3,1,-2.41200418186,0.804001393954,-3,-2,-2.41200418186,-1.60800278791,0.0017873265842,0.00334711498078
-3,1,-2.41200418186,0.804001393954,-3,-1,-2.41200418186,-0.804001393954,-0.00239931461333,0.00796567306703
-3,1,-2.41200418186,0.804001393954,-3,0,-2.41200418186,0,0.00172435720952,0.00480626646745
-3,1,-2.41200418186,0.804001393954,-3,1,-2.41200418186,0.804001393954,0.0728815359785,0
-3,1,-2.41200418186,0.804001393954,-3,2,-2.41200418186,1.60800278791,0.00416912009037,-0.00218729427926
-3,1,-2.41200418186,0.804001393954,-3,3,-2.41200418186,2.41200418186,0.00415285545625,-0.00254028772465
-3,1,-2.41200418186,0.804001393954,-3,4,-2.41200418186,3.21600557581,0.00174447294263,-0.00134980279387
-3,1,-2.41200418186,0.804001393954,-2,-4,-1.60800278791,-3.21600557581,0.00273107656726,0.000908650916143
-3,1,-2.41200418186,0.804001393954,-2,-3,-1.60800278791,-2.41200418186,0.00476710640923,-0.00376824937405
-3,1,-2.41200418186,0.804001393954,-2,-2,-1.60800278791,-1.60800278791,0.00591187867011,0.00283482813212
-3,1,-2.41200418186,0.804001393954,-2,-1,-1.60800278791,-0.804001393954,0.00287704230614,-0.000361031581809
-3,1,-2.41200418186,0.804001393954,-2,0,-1.60800278791,0,-0.0151600203657,-0.000539691081242
-3,1,-2.41200418186,0.804001393954,-2,1,-1.60800278791,0.804001393954,0.00825683472609,0.0011935545125
-3,1,-2.41200418186,0.804001393954,-2,2,-1.60800278791,1.60800278791,-0.00237681358467,0.000714284617741
-3,1,-2.41200418186,0.804001393954,-2,3,-1.60800278791,2.41200418186,0.00179772333808,0.00567995769903
-3,1,-2.41200418186,0.804001393954,-2,4,-1.60800278791,3.21600557581,-0.00342923801453,-0.00445387989456
-3,1,-2.41200418186,0.804001393954,-1,-4,-0.804001393954,-3.21600557581,0.00611638675003,-0.00324574974136
-3,1,-2.41200418186,0.804001393954,-1,-3,-0.804001393954,-2.41200418186,0.00777643542895,0.00614581093754
-3,1,-2.41200418186,0.804001393954,-1,-2,-0.804001393954,-1.60800278791,0.00329439534904,-0.00382445942371
-3,1,-2.41200418186,0.804001393954,-1,-1,-0.804001393954,-0.804001393954,-0.00324662440055,-0.00857064528956
-3,1,-2.41200418186,0.804001393954,-1,0,-0.804001393954,0,-0.025021711326,0.00168851068253
-3,1,-2.41200418186,0.804001393954,-1,1,-0.804001393954,0.804001393954,-0.0316827201151,0.0251116836316
-3,1,-2.41200418186,0.804001393954,-1,2,-0.804001393954,1.60800278791,-0.0008154084312,-0.00676202377683
-3,1,-2.41200418186,0.804001393954,-1,3,-0.804001393954,2.41200418186,0.00242223925487,-0.000773770853843
-3,1,-2.41200418186,0.804001393954,-1,4,-0.804001393954,3.21600557581,-0.000846220181402,-0.000266760287411
-3,1,-2.41200418186,0.804001393954,0,-4,0,-3.21600557581,-0.00635260273704,0.00453935123707
-3,1,-2.41200418186,0.804001393954,0,-3,0,-2.41200418186,-0.00262703784578,0.00158165960268
-3,1,-2.41200418186,0.804001393954,0,-2,0,-1.60800278791,-0.0247936187285,-0.0115108980171
-3,1,-2.41200418186,0.804001393954,0,-1,0,-0.804001393954,-0.015320965443,-0.0328110165413
-3,1,-2.41200418186,0.804001393954,0,0,0,0,-0.0233317241293,-0.0762149909014
-3,1,-2.41200418186,0.804001393954,0,1,0,0.804001393954,0.0187000500212,0.0147833022265
-3,1,-2.41200418186,0.804001393954,0,2,0,1.60800278791,-0.0131055207021,-0.013048323676
-3,1,-2.41200418186,0.804001393954,0,3,0,2.41200418186,-4.83381104234e-05,-0.00140982766727
-3,1,-2.41200418186,0.804001393954,0,4,0,3.21600557581,0.000829955395642,-0.00143259928133
-3,1,-2.41200418186,0.804001393954,1,-4,0.804001393954,-3.21600557581,0.0018123930198,0.000333212616803
-3,1,-2.41200418186,0.804001393954,1,-3,0.804001393954,-2.41200418186,0.00112104029521,-0.00621235086585
-3,1,-2.41200418186,0.804001393954,1,-2,0.804001393954,-1.60800278791,0.0128116403632,0.000891872591861
-3,1,-2.41200418186,0.804001393954,1,-1,0.804001393954,-0.804001393954,-0.0119132266141,-0.0292141228807
-3,1,-2.41200418186,0.804001393954,1,0,0.804001393954,0,-0.0245198622569,0.0236436538025
-3,1,-2.41200418186,0.804001393954,1,1,0.804001393954,0.804001393954,-0.00571166612756,0.0216490034338
-3,1,-2.41200418186,0.804001393954,1,2,0.804001393954,1.60800278791,0.00256726192304,-0.0178580084178
-3,1,-2.41200418186,0.804001393954,1,3,0.804001393954,2.41200418186,-0.00343628603844,0.00108252542157
-3,1,-2.41200418186,0.804001393954,1,4,0.804001393954,3.21600557581,0.00127680418057,-0.000684748409299
-3,1,-2.41200418186,0.804001393954,2,-4,1.60800278791,-3.21600557581,0.00177127171154,-0.00831843678654
-3,1,-2.41200418186,0.804001393954,2,-3,1.60800278791,-2.41200418186,-0.0022081962726,0.00460438704096
-3,1,-2.41200418186,0.804001393954,2,-2,1.60800278791,-1.60800278791,0.003473948768,0.00978077791843
-3,1,-2.41200418186,0.804001393954,2,-1,1.60800278791,-0.804001393954,-0.00330239901125,-0.0086783599945
-3,1,-2.41200418186,0.804001393954,2,0,1.60800278791,0,0.00279722119674,0.00783553762324
-3,1,-2.41200418186,0.804001393954,2,1,1.60800278791,0.804001393954,-0.0184619909913,0.00788769727319
-3,1,-2.41200418186,0.804001393954,2,2,1.60800278791,1.60800278791,0.00078763553863,0.00711384455527
-3,1,-2.41200418186,0.804001393954,2,3,1.60800278791,2.41200418186,0.00239209534328,0.00118546526654
-3,1,-2.41200418186,0.804001393954,2,4,1.60800278791,3.21600557581,0.0038222067106,-0.00700900886787
-3,1,-2.41200418186,0.804001393954,3,-4,2.41200418186,-3.21600557581,0.00109817752885,0.000207056315337
-3,1,-2.41200418186,0.804001393954,3,-3,2.41200418186,-2.41200418186,-0.000401174888118,0.00278495987316
-3,1,-2.41200418186,0.804001393954,3,-2,2.41200418186,-1.60800278791,0.00590502168726,0.00984089166812
-3,1,-2.41200418186,0.804001393954,3,-1,2.41200418186,-0.804001393954,-0.00402528394252,0.000579088507974
-3,1,-2.41200418186,0.804001393954,3,0,2.41200418186,0,0.00308944852529,0.00282669026353
-3,1,-2.41200418186,0.804001393954,3,1,2.41200418186,0.804001393954,0.010398185628,-0.0021060538654
-3,1,-2.41200418186,0.804001393954,3,2,2.41200418186,1.60800278791,0.00583833170991,0.00651800205048
-3,1,-2.41200418186,0.804001393954,3,3,2.41200418186,2.41200418186,0.00517728515255,0.00334066878459
-3,1,-2.41200418186,0.804001393954,3,4,2.41200418186,3.21600557581,0.00371068277302,-0.00492133427446
-3,1,-2.41200418186,0.804001393954,4,-4,3.21600557581,-3.21600557581,-0.00098949455407,0.00169489313039
-3,1,-2.41200418186,0.804001393954,4,-3,3.21600557581,-2.41200418186,0.000832173773459,0.00248314970102
-3,1,-2.41200418186,0.804001393954,4,-2,3.21600557581,-1.60800278791,0.00739534503216,-0.00392483849384
-3,1,-2.41200418186,0.804001393954,4,-1,3.21600557581,-0.804001393954,0.000222376341921,-0.0107194254015
-3,1,-2.41200418186,0.804001393954,4,0,3.21600557581,0,0.00655028571136,-0.00587502703455
-3,1,-2.41200418186,0.804001393954,4,1,3.21600557581,0.804001393954,-0.0033047312824,0.00564137368043
-3,1,-2.41200418186,0.804001393954,4,2,3.21600557581,1.60800278791,0.00332323081905,-0.00555128997754
-3,1,-2.41200418186,0.804001393954,4,3,3.21600557581,2.41200418186,-0.000440098518484,0.00423960961963
-3,1,-2.41200418186,0.804001393954,4,4,3.21600557581,3.21600557581,-0.00272842359149,-0.00307907767803
-3,2,-2.41200418186,1.60800278791,-4,-4,-3.21600557581,-3.21600557581,0.0010774182778,0.000771957202055
-3,2,-2.41200418186,1.60800278791,-4,-3,-3.21600557581,-2.41200418186,0.00219415107264,0.000915938701412
-3,2,-2.41200418186,1.60800278791,-4,-2,-3.21600557581,-1.60800278791,0.00166374567067,0.00300805777899
-3,2,-2.41200418186,1.60800278791,-4,-1,-3.21600557581,-0.804001393954,-0.00496230930175,-0.00058398346036
-3,2,-2.41200418186,1.60800278791,-4,0,-3.21600557581,0,0.00029689154724,-0.00473255479881
-3,2,-2.41200418186,1.60800278791,-4,1,-3.21600557581,0.804001393954,-0.000579426879739,0.00350992868726
-3,2,-2.41200418186,1.60800278791,-4,2,-3.21600557581,1.60800278791,0.00167882923597,0.000397917699592
-3,2,-2.41200418186,1.60800278791,-4,3,-3.21600557581,2.41200418186,-0.00461364695681,0.00127191581957
-3,2,-2.41200418186,1.60800278791,-4,4,-3.21600557581,3.21600557581,0.00133377952962,-0.000673832028949
-3,2,-2.41200418186,1.60800278791,-3,-4,-2.41200418186,-3.21600557581,-0.00459251812289,-0.00394940358601
-3,2,-2.41200418186,1.60800278791,-3,-3,-2.41200418186,-2.41200418186,0.00358517489738,-0.00117824720526
-3,2,-2.41200418186,1.60800278791,-3,-2,-2.41200418186,-1.60800278791,0.00336369213972,0.000434844913751
-3,2,-2.41200418186,1.60800278791,-3,-1,-2.41200418186,-0.804001393954,0.00422564453204,-0.00545133011006
-3,2,-2.41200418186,1.60800278791,-3,0,-2.41200418186,0,-0.00322419016796,0.00458415736037
-3,2,-2.41200418186,1.60800278791,-3,1,-2.41200418186,0.804001393954,0.00416912009037,0.00218729427926
-3,2,-2.41200418186,1.60800278791,-3,2,-2.41200418186,1.60800278791,0.0267418363917,0
-3,2,-2.41200418186,1.60800278791,-3,3,-2.41200418186,2.41200418186,0.00433641075404,8.57165178824e-05
-3,2,-2.41200418186,1.60800278791,-3,4,-2.41200418186,3.21600557581,0.000407544754646,-0.0011522744636
-3,2,-2.41200418186,1.60800278791,-2,-4,-1.60800278791,-3.21600557581,0.000616728878241,0.00284793577509
-3,2,-2.41200418186,1.60800278791,-2,-3,-1.60800278791,-2.41200418186,0.00204494335463,-0.00248015693473
-3,2,-2.41200418186,1.60800278791,-2,-2,-1.60800278791,-1.60800278791,0.00208107737162,-0.00244310173798
-3,2,-2.41200418186,1.60800278791,-2,-1,-1.60800278791,-0.804001393954,0.00525901496536,0.0057130076893
-3,2,-2.41200418186,1.60800278791,-2,0,-1.60800278791,0,-0.000439549481027,-0.000426653479421
-3,2,-2.41200418186,1.60800278791,-2,1,-1.60800278791,0.804001393954,-0.0134224396359,0.00259192777033
-3,2,-2.41200418186,1.60800278791,-2,2,-1.60800278791,1.60800278791,0.00363826920565,-0.00144961837959
-3,2,-2.41200418186,1.60800278791,-2,3,-1.60800278791,2.41200418186,-0.00123250530092,-0.00124783616468
-3,2,-2.41200418186,1.60800278791,-2,4,-1.60800278791,3.21600557581,0.00241087606812,0.0014602759725
-3,2,-2.41200418186,1.60800278791,-1,-4,-0.804001393954,-3.21600557581,0.00120437303305,0.00637117509042
-3,2,-2.41200418186,1.60800278791,-1,-3,-0.804001393954,-2.41200418186,0.00450602502855,0.000473727440381
-3,2,-2.41200418186,1.60800278791,-1,-2,-0.804001393954,-1.60800278791,0.0119569753264,0.00850499804652
-3,2,-2.41200418186,1.60800278791,-1,-1,-0.804001393954,-0.804001393954,0.00822376393099,0.00653022189714
-3,2,-2.41200418186,1.60800278791,-1,0,-0.804001393954,0,-0.0110150012475,-0.00729858453103
-3,2,-2.41200418186,1.60800278791,-1,1,-0.804001393954,0.804001393954,-0.0180648077513,-0.00295307732398
-3,2,-2.41200418186,1.60800278791,-1,2,-0.804001393954,1.60800278791,-0.00705990545311,0.00908325073446
-3,2,-2.41200418186,1.60800278791,-1,3,-0.804001393954,2.41200418186,0.00679102180433,0.000398321275355
-3,2,-2.41200418186,1.60800278791,-1,4,-0.804001393954,3.21600557581,-0.000593235345711,-0.000497384398602
-3,2,-2.41200418186,1.60800278791,0,-4,0,-3.21600557581,-0.00676963421611,-4.67076203808e-05
-3,2,-2.41200418186,1.60800278791,0,-3,0,-2.41200418186,-0.00650988524035,-0.00363280829987
-3,2,-2.41200418186,1.60800278791,0,-2,0,-1.60800278791,0.00149862765253,-0.0083536972509
-3,2,-2.41200418186,1.60800278791,0,-1,0,-0.804001393954,-0.0399594207476,-0.00478559774435
-3,2,-2.41200418186,1.60800278791,0,0,0,0,-0.00679080269192,-0.0620842291666
-3,2,-2.41200418186,1.60800278791,0,1,0,0.804001393954,-0.0114516270674,-0.0387855350692
-3,2,-2.41200418186,1.60800278791,0,2,0,1.60800278791,0.00709060305009,0.0137074932013
-3,2,-2.41200418186,1.60800278791,0,3,0,2.41200418186,-0.00211940252098,-0.006932503263
-3,2,-2.41200418186,1.60800278791,0,4,0,3.21600557581,4.35082732631e-05,-0.000386295915543
-3,2,-2.41200418186,1.60800278791,1,-4,0.804001393954,-3.21600557581,-0.00474670072757,0.00147319822095
-3,2,-2.41200418186,1.60800278791,1,-3,0.804001393954,-2.41200418186,0.000126361188521,-0.0026770330582
-3,2,-2.41200418186,1.60800278791,1,-2,0.804001393954,-1.60800278791,0.00207863075478,-0.0195873222621
-3,2,-2.41200418186,1.60800278791,1,-1,0.804001393954,-0.804001393954,0.0181160914564,0.00409288886588
-3,2,-2.41200418186,1.60800278791,1,0,0.804001393954,0,-0.0211320822178,-0.0300396390452
-3,2,-2.41200418186,1.60800278791,1,1,0.804001393954,0.804001393954,-0.017731948869,0.0277681946841
-3,2,-2.41200418186,1.60800278791,1,2,0.804001393954,1.60800278791,-0.00177635270711,0.0146995405212
-3,2,-2.41200418186,1.60800278791,1,3,0.804001393954,2.41200418186,0.00190346648795,-0.00797822004165
-3,2,-2.41200418186,1.60800278791,1,4,0.804001393954,3.21600557581,0.00194870005185,2.36781795709e-05
-3,2,-2.41200418186,1.60800278791,2,-4,1.60800278791,-3.21600557581,0.00012753624396,0.00315870002184
-3,2,-2.41200418186,1.60800278791,2,-3,1.60800278791,-2.41200418186,0.00155459196707,-0.00963174280236
-3,2,-2.41200418186,1.60800278791,2,-2,1.60800278791,-1.60800278791,-0.00633525920478,0.00665380627245
-3,2,-2.41200418186,1.60800278791,2,-1,1.60800278791,-0.804001393954,0.00341091166267,0.00213149184605
-3,2,-2.41200418186,1.60800278791,2,0,1.60800278791,0,0.00097591495815,-0.019009964263
-3,2,-2.41200418186,1.60800278791,2,1,1.60800278791,0.804001393954,0.00339974865012,0.00224412721873
-3,2,-2.41200418186,1.60800278791,2,2,1.60800278791,1.60800278791,-0.00833728150763,0.00296450062077
-3,2,-2.41200418186,1.60800278791,2,3,1.60800278791,2.41200418186,0.00318274482327,0.00286819154998
-3,2,-2.41200418186,1.60800278791,2,4,1.60800278791,3.21600557581,-0.000309472716186,0.0029407752963
-3,2,-2.41200418186,1.60800278791,3,-4,2.41200418186,-3.21600557581,-0.00444485708329,0.00468506880029
-3,2,-2.41200418186,1.60800278791,3,-3,2.41200418186,-2.41200418186,0.00372801668416,0.00211400084737
-3,2,-2.41200418186,1.60800278791,3,-2,2.41200418186,-1.60800278791,-0.00282382473419,0.00545302431506
-3,2,-2.41200418186,1.60800278791,3,-1,2.41200418186,-0.804001393954,0.00590502168726,0.00984089166812
-3,2,-2.41200418186,1.60800278791,3,0,2.41200418186,0,-0.00504479348918,0.00248429891282
-3,2,-2.41200418186,1.60800278791,3,1,2.41200418186,0.804001393954,0.00125996447391,-0.000673938223838
-3,2,-2.41200418186,1.60800278791,3,2,2.41200418186,1.60800278791,0.00286173482941,0.00178566621067
-3,2,-2.41200418186,1.60800278791,3,3,2.41200418186,2.41200418186,-0.000453671984251,0.00361781296836
-3,2,-2.41200418186,1.60800278791,3,4,2.41200418186,3.21600557581,0.00552238160722,-0.00283425874509
-3,2,-2.41200418186,1.60800278791,4,-4,3.21600557581,-3.21600557581,-0.00349471939128,0.00305197896163
-3,2,-2.41200418186,1.60800278791,4,-3,3.21600557581,-2.41200418186,0.00596618547051,0.00122678862632
-3,2,-2.41200418186,1.60800278791,4,-2,3.21600557581,-1.60800278791,0.00244812024653,0.0052571775297
-3,2,-2.41200418186,1.60800278791,4,-1,3.21600557581,-0.804001393954,0.000644145919001,0.000849730904924
-3,2,-2.41200418186,1.60800278791,4,0,3.21600557581,0,0.000381734529896,-0.00372493749567
-3,2,-2.41200418186,1.60800278791,4,1,3.21600557581,0.804001393954,0.00794480439692,-0.00219618783246
-3,2,-2.41200418186,1.60800278791,4,2,3.21600557581,1.60800278791,-0.000713504179882,0.00170985336238
-3,2,-2.41200418186,1.60800278791,4,3,3.21600557581,2.41200418186,0.00314682726017,0.00103612779427
-3,2,-2.41200418186,1.60800278791,4,4,3.21600557581,3.21600557581,0.00468812945227,-0.00651799474343
-3,3,-2.41200418186,2.41200418186,-4,-4,-3.21600557581,-3.21600557581,-0.0010060560155,-0.00065960132687
-3,3,-2.41200418186,2.41200418186,-4,-3,-3.21600557581,-2.41200418186,0.000973114049134,0.00378540865292
-3,3,-2.41200418186,2.41200418186,-4,-2,-3.21600557581,-1.60800278791,0.0066533750164,-0.0006492449779
-3,3,-2.41200418186,2.41200418186,-4,-1,-3.21600557581,-0.804001393954,-0.00394534596403,0.00465823357104
-3,3,-2.41200418186,2.41200418186,-4,0,-3.21600557581,0,-0.00597259733451,0.00389068105768
-3,3,-2.41200418186,2.41200418186,-4,1,-3.21600557581,0.804001393954,-0.00191965635404,-0.00189446188988
-3,3,-2.41200418186,2.41200418186,-4,2,-3.21600557581,1.60800278791,-0.00291865355256,-0.000662037428382
-3,3,-2.41200418186,2.41200418186,-4,3,-3.21600557581,2.41200418186,0.00133374188556,0.00165712308177
-3,3,-2.41200418186,2.41200418186,-4,4,-3.21600557581,3.21600557581,-0.0033420612132,-0.00440153188792
-3,3,-2.41200418186,2.41200418186,-3,-4,-2.41200418186,-3.21600557581,-0.00093516511572,-0.00104598339573
-3,3,-2.41200418186,2.41200418186,-3,-3,-2.41200418186,-2.41200418186,-0.00503787506571,0.00542568582252
-3,3,-2.41200418186,2.41200418186,-3,-2,-2.41200418186,-1.60800278791,7.59097912599e-05,2.49331856502e-05
-3,3,-2.41200418186,2.41200418186,-3,-1,-2.41200418186,-0.804001393954,0.00550320006265,-0.000730022406927
-3,3,-2.41200418186,2.41200418186,-3,0,-2.41200418186,0,0.00479602424438,0.0034112482852
-3,3,-2.41200418186,2.41200418186,-3,1,-2.41200418186,0.804001393954,0.00415285545625,0.00254028772465
-3,3,-2.41200418186,2.41200418186,-3,2,-2.41200418186,1.60800278791,0.00433641075404,-8.57165178824e-05
-3,3,-2.41200418186,2.41200418186,-3,3,-2.41200418186,2.41200418186,0.0219849805374,0
-3,3,-2.41200418186,2.41200418186,-3,4,-2.41200418186,3.21600557581,0.00464993492363,-0.00400635141151
-3,3,-2.41200418186,2.41200418186,-2,-4,-1.60800278791,-3.21600557581,0.000302867244161,-0.000552576063141
-3,3,-2.41200418186,2.41200418186,-2,-3,-1.60800278791,-2.41200418186,-0.00256486126535,-0.000755554511902
-3,3,-2.41200418186,2.41200418186,-2,-2,-1.60800278791,-1.60800278791,0.00449951088897,-0.00240455191777
-3,3,-2.41200418186,2.41200418186,-2,-1,-1.60800278791,-0.804001393954,0.0034276580066,-0.0084016712885
-3,3,-2.41200418186,2.41200418186,-2,0,-1.60800278791,0,0.0057826455703,0.000846398035364
-3,3,-2.41200418186,2.41200418186,-2,1,-1.60800278791,0.804001393954,0.0118539408623,-0.00169879513778
-3,3,-2.41200418186,2.41200418186,-2,2,-1.60800278791,1.60800278791,0.00135094493374,0.00159937304904
-3,3,-2.41200418186,2.41200418186,-2,3,-1.60800278791,2.41200418186,0.00182279468009,0.00114677734968
-3,3,-2.41200418186,2.41200418186,-2,4,-1.60800278791,3.21600557581,-0.000190588582973,0.000722771549552
-3,3,-2.41200418186,2.41200418186,-1,-4,-0.804001393954,-3.21600557581,0.00549759999581,-0.000864222520017
-3,3,-2.41200418186,2.41200418186,-1,-3,-0.804001393954,-2.41200418186,0.00210187514479,0.00250191863226
-3,3,-2.41200418186,2.41200418186,-1,-2,-0.804001393954,-1.60800278791,0.00164577188821,-0.0102974295488
-3,3,-2.41200418186,2.41200418186,-1,-1,-0.804001393954,-0.804001393954,0.0169115595672,0.00635306105541
-3,3,-2.41200418186,2.41200418186,-1,0,-0.804001393954,0,0.000452908500886,0.00893078522596
-3,3,-2.41200418186,2.41200418186,-1,1,-0.804001393954,0.804001393954,-0.010004400134,0.00498340450833
-3,3,-2.41200418186,2.41200418186,-1,2,-0.804001393954,1.60800278791,-0.0143237470979,-0.00623561602029
-3,3,-2.41200418186,2.41200418186,-1,3,-0.804001393954,2.41200418186,-0.00541723513447,0.00428821353327
-3,3,-2.41200418186,2.41200418186,-1,4,-0.804001393954,3.21600557581,0.00521306632185,-0.000713364932907
-3,3,-2.41200418186,2.41200418186,0,-4,0,-3.21600557581,-0.0016088215005,-0.0044657904126
-3,3,-2.41200418186,2.41200418186,0,-3,0,-2.41200418186,0.00275586307271,-0.00882151375232
-3,3,-2.41200418186,2.41200418186,0,-2,0,-1.60800278791,-0.0245898287367,-0.00667775582925
-3,3,-2.41200418186,2.41200418186,0,-1,0,-0.804001393954,0.00833852411353,-0.00631378004362
-3,3,-2.41200418186,2.41200418186,0,0,0,0,-0.12893613526,-0.0237540282773
-3,3,-2.41200418186,2.41200418186,0,1,0,0.804001393954,-0.00955498402062,-0.0333711495867
-3,3,-2.41200418186,2.41200418186,0,2,0,1.60800278791,-0.00325241714898,-0.0262151551099
-3,3,-2.41200418186,2.41200418186,0,3,0,2.41200418186,0.00418184090779,0.00795017264523
-3,3,-2.41200418186,2.41200418186,0,4,0,3.21600557581,-0.000686851649393,-0.00516541880477
-3,3,-2.41200418186,2.41200418186,1,-4,0.804001393954,-3.21600557581,-0.00363072700349,0.000711818636594
-3,3,-2.41200418186,2.41200418186,1,-3,0.804001393954,-2.41200418186,-0.00553600407556,0.00580701559769
-3,3,-2.41200418186,2.41200418186,1,-2,0.804001393954,-1.60800278791,-0.00601568998572,-0.00334605477872
-3,3,-2.41200418186,2.41200418186,1,-1,0.804001393954,-0.804001393954,0.012315385984,-0.0273611763721
-3,3,-2.41200418186,2.41200418186,1,0,0.804001393954,0,0.0166074631846,-0.000609463944358
-3,3,-2.41200418186,2.41200418186,1,1,0.804001393954,0.804001393954,-0.0111169779314,-0.0262953477499
-3,3,-2.41200418186,2.41200418186,1,2,0.804001393954,1.60800278791,-0.00951694068999,0.018911399911
-3,3,-2.41200418186,2.41200418186,1,3,0.804001393954,2.41200418186,-0.00294669184538,0.00534601677555
-3,3,-2.41200418186,2.41200418186,1,4,0.804001393954,3.21600557581,-0.000520635143091,0.00177482727957
-3,3,-2.41200418186,2.41200418186,2,-4,1.60800278791,-3.21600557581,-0.00127246460744,0.00184829160345
-3,3,-2.41200418186,2.41200418186,2,-3,1.60800278791,-2.41200418186,0.000359199426796,0.000521463740477
-3,3,-2.41200418186,2.41200418186,2,-2,1.60800278791,-1.60800278791,0.0051186766605,-0.0154321959736
-3,3,-2.41200418186,2.41200418186,2,-1,1.60800278791,-0.804001393954,0.000582043069765,0.0184954850097
-3,3,-2.41200418186,2.41200418186,2,0,1.60800278791,0,0.00661500743558,0.00954899053703
-3,3,-2.41200418186,2.41200418186,2,1,1.60800278791,0.804001393954,-0.0031663516691,-0.0113032192108
-3,3,-2.41200418186,2.41200418186,2,2,1.60800278791,1.60800278791,0.00728152060058,0.00566375675138
-3,3,-2.41200418186,2.41200418186,2,3,1.60800278791,2.41200418186,-0.00396998598052,0.00216693274565
-3,3,-2.41200418186,2.41200418186,2,4,1.60800278791,3.21600557581,-0.00210938142836,0.00505873418917
-3,3,-2.41200418186,2.41200418186,3,-4,2.41200418186,-3.21600557581,-0.00208798275491,0.00163304261436
-3,3,-2.41200418186,2.41200418186,3,-3,2.41200418186,-2.41200418186,0.00355780965496,0.00492022625256
-3,3,-2.41200418186,2.41200418186,3,-2,2.41200418186,-1.60800278791,0.00372801668416,0.00211400084737
-3,3,-2.41200418186,2.41200418186,3,-1,2.41200418186,-0.804001393954,-0.000401174888118,0.00278495987316
-3,3,-2.41200418186,2.41200418186,3,0,2.41200418186,0,0.00951806903852,0.00415740193298
-3,3,-2.41200418186,2.41200418186,3,1,2.41200418186,0.804001393954,-0.00254278260872,0.00300050203539
-3,3,-2.41200418186,2.41200418186,3,2,2.41200418186,1.60800278791,0.00475775796194,0.000541124428857
-3,3,-2.41200418186,2.41200418186,3,3,2.41200418186,2.41200418186,-0.000158530330688,-0.00498936756663
-3,3,-2.41200418186,2.41200418186,3,4,2.41200418186,3.21600557581,0.00616063251878,6.3373329533e-05
-3,3,-2.41200418186,2.41200418186,4,-4,3.21600557581,-3.21600557581,-0.0056616805568,0.00775809746467
-3,3,-2.41200418186,2.41200418186,4,-3,3.21600557581,-2.41200418186,-0.000404339871231,-0.000956840141065
-3,3,-2.41200418186,2.41200418186,4,-2,3.21600557581,-1.60800278791,0.00224113313843,0.000795237223766
-3,3,-2.41200418186,2.41200418186,4,-1,3.21600557581,-0.804001393954,0.0026472416377,0.00156502293734
-3,3,-2.41200418186,2.41200418186,4,0,3.21600557581,0,0.00243816739123,-0.000832297213634
-3,3,-2.41200418186,2.41200418186,4,1,3.21600557581,0.804001393954,0.00136300435016,0.000761388457867
-3,3,-2.41200418186,2.41200418186,4,2,3.21600557581,1.60800278791,0.000980535534147,-0.000386490208477
-3,3,-2.41200418186,2.41200418186,4,3,3.21600557581,2.41200418186,0.0004183512872,-0.000182064189614
-3,3,-2.41200418186,2.41200418186,4,4,3.21600557581,3.21600557581,0.000213847141806,-0.000545946082477
-3,4,-2.41200418186,3.21600557581,-4,-4,-3.21600557581,-3.21600557581,-0.00552784808421,0.00391512726855
-3,4,-2.41200418186,3.21600557581,-4,-3,-3.21600557581,-2.41200418186,0.00192405427999,0.000869403390206
-3,4,-2.41200418186,3.21600557581,-4,-2,-3.21600557581,-1.60800278791,-0.00221669044035,-0.00133613691445
-3,4,-2.41200418186,3.21600557581,-4,-1,-3.21600557581,-0.804001393954,0.00204933203712,0.000732464595855
-3,4,-2.41200418186,3.21600557581,-4,0,-3.21600557581,0,-0.000131501536301,0.00112655997551
-3,4,-2.41200418186,3.21600557581,-4,1,-3.21600557581,0.804001393954,-0.00173673549464,0.00471332282206
-3,4,-2.41200418186,3.21600557581,-4,2,-3.21600557581,1.60800278791,-0.0012799650401,-7.33456211243e-05
-3,4,-2.41200418186,3.21600557581,-4,3,-3.21600557581,2.41200418186,0.00121370747731,0.00105918544452
-3,4,-2.41200418186,3.21600557581,-4,4,-3.21600557581,3.21600557581,-0.00256089352411,-0.000897317303671
-3,4,-2.41200418186,3.21600557581,-3,-4,-2.41200418186,-3.21600557581,-0.00242284626844,0.0019872667388
-3,4,-2.41200418186,3.21600557581,-3,-3,-2.41200418186,-2.41200418186,-0.000992032402205,-0.00256657292918
-3,4,-2.41200418186,3.21600557581,-3,-2,-2.41200418186,-1.60800278791,-0.00187950698008,0.0078261497075
-3,4,-2.41200418186,3.21600557581,-3,-1,-2.41200418186,-0.804001393954,-0.00142573450108,-0.000869617550929
-3,4,-2.41200418186,3.21600557581,-3,0,-2.41200418186,0,0.0061130153656,5.12952717301e-05
-3,4,-2.41200418186,3.21600557581,-3,1,-2.41200418186,0.804001393954,0.00174447294263,0.00134980279387
-3,4,-2.41200418186,3.21600557581,-3,2,-2.41200418186,1.60800278791,0.000407544754646,0.0011522744636
-3,4,-2.41200418186,3.21600557581,-3,3,-2.41200418186,2.41200418186,0.00464993492363,0.00400635141151
-3,4,-2.41200418186,3.21600557581,-3,4,-2.41200418186,3.21600557581,0.0101745443491,0
-3,4,-2.41200418186,3.21600557581,-2,-4,-1.60800278791,-3.21600557581,-0.00284618200694,0.000463563649779
-3,4,-2.41200418186,3.21600557581,-2,-3,-1.60800278791,-2.41200418186,-0.000269954515135,0.00400812444788
-3,4,-2.41200418186,3.21600557581,-2,-2,-1.60800278791,-1.60800278791,0.00552636560049,0.00190006085674
-3,4,-2.41200418186,3.21600557581,-2,-1,-1.60800278791,-0.804001393954,-0.00303031665343,-0.00088196894968
-3,4,-2.41200418186,3.21600557581,-2,0,-1.60800278791,0,0.00470323415287,-0.00527551882391
-3,4,-2.41200418186,3.21600557581,-2,1,-1.60800278791,0.804001393954,0.0063796603394,0.00781321367988
-3,4,-2.41200418186,3.21600557581,-2,2,-1.60800278791,1.60800278791,0.00958116667824,-0.00405832236655
-3,4,-2.41200418186,3.21600557581,-2,3,-1.60800278791,2.41200418186,0.00248101105529,0.000484452904184
-3,4,-2.41200418186,3.21600557581,-2,4,-1.60800278791,3.21600557581,-0.000443700692189,-0.00402099070481
-3,4,-2.41200418186,3.21600557581,-1,-4,-0.804001393954,-3.21600557581,-0.00150027844566,-0.00248682588784
-3,4,-2.41200418186,3.21600557581,-1,-3,-0.804001393954,-2.41200418186,0.0072796721138,0.00505199298143
-3,4,-2.41200418186,3.21600557581,-1,-2,-0.804001393954,-1.60800278791,0.00929345059194,0.00221977875853
-3,4,-2.41200418186,3.21600557581,-1,-1,-0.804001393954,-0.804001393954,0.00399739862953,-0.0136414604009
-3,4,-2.41200418186,3.21600557581,-1,0,-0.804001393954,0,0.00998387944284,0.00927974516915
-3,4,-2.41200418186,3.21600557581,-1,1,-0.804001393954,0.804001393954,-0.00265375199757,0.00564482701273
-3,4,-2.41200418186,3.21600557581,-1,2,-0.804001393954,1.60800278791,-0.00330786220153,-0.00211500981809
-3,4,-2.41200418186,3.21600557581,-1,3,-0.804001393954,2.41200418186,-0.00368769345192,0.000580609690033
-3,4,-2.41200418186,3.21600557581,-1,4,-0.804001393954,3.21600557581,-0.00274174658235,0.000218902313719
-3,4,-2.41200418186,3.21600557581,0,-4,0,-3.21600557581,-0.000572878524109,0.00176601091949
-3,4,-2.41200418186,3.21600557581,0,-3,0,-2.41200418186,0.00658590713463,-0.00752552330082
-3,4,-2.41200418186,3.21600557581,0,-2,0,-1.60800278791,-0.00269780422167,-0.0198878920209
-3,4,-2.41200418186,3.21600557581,0,-1,0,-0.804001393954,-0.0394799636713,-0.0252068725981
-3,4,-2.41200418186,3.21600557581,0,0,0,0,0.0132959750653,-0.0142524928255
-3,4,-2.41200418186,3.21600557581,0,1,0,0.804001393954,-0.0497617573868,-0.0111466417383
-3,4,-2.41200418186,3.21600557581,0,2,0,1.60800278791,-0.00701886417024,-0.0128146373992
-3,4,-2.41200418186,3.21600557581,0,3,0,2.41200418186,-0.0044286118557,-0.00444519411846
-3,4,-2.41200418186,3.21600557581,0,4,0,3.21600557581,0.00108907733443,0.00114383171761
-3,4,-2.41200418186,3.21600557581,1,-4,0.804001393954,-3.21600557581,0.000818436783163,-0.00242903876155
-3,4,-2.41200418186,3.21600557581,1,-3,0.804001393954,-2.41200418186,-0.0099603839304,-0.00360505461108
-3,4,-2.41200418186,3.21600557581,1,-2,0.804001393954,-1.60800278791,-0.00805880186586,0.00915723236266
-3,4,-2.41200418186,3.21600557581,1,-1,0.804001393954,-0.804001393954,-0.00596983620218,0.000301311487526
-3,4,-2.41200418186,3.21600557581,1,0,0.804001393954,0,0.012549209033,-0.0432320831754
-3,4,-2.41200418186,3.21600557581,1,1,0.804001393954,0.804001393954,0.0135631146285,-0.00141020435014
-3,4,-2.41200418186,3.21600557581,1,2,0.804001393954,1.60800278791,-0.00510694208888,-0.0115552558019
-3,4,-2.41200418186,3.21600557581,1,3,0.804001393954,2.41200418186,-0.00367393515874,0.00669475057904
-3,4,-2.41200418186,3.21600557581,1,4,0.804001393954,3.21600557581,-0.00199481327146,0.00130124254582
-3,4,-2.41200418186,3.21600557581,2,-4,1.60800278791,-3.21600557581,-0.00124262658267,0.00457748847586
-3,4,-2.41200418186,3.21600557581,2,-3,1.60800278791,-2.41200418186,-0.00201138900988,0.00676259788114
-3,4,-2.41200418186,3.21600557581,2,-2,1.60800278791,-1.60800278791,0.00346041562926,0.00110240490207
-3,4,-2.41200418186,3.21600557581,2,-1,1.60800278791,-0.804001393954,0.00251910786249,-0.0124840795864
-3,4,-2.41200418186,3.21600557581,2,0,1.60800278791,0,-0.00889892613594,0.0126425929879
-3,4,-2.41200418186,3.21600557581,2,1,1.60800278791,0.804001393954,0.00679993334496,0.0074174918824
-3,4,-2.41200418186,3.21600557581,2,2,1.60800278791,1.60800278791,-0.00380130560918,-0.00577410891485
-3,4,-2.41200418186,3.21600557581,2,3,1.60800278791,2.41200418186,-0.000543563814838,-0.00359326803987
-3,4,-2.41200418186,3.21600557581,2,4,1.60800278791,3.21600557581,0.000348660487192,0.00137629006098
-3,4,-2.41200418186,3.21600557581,3,-4,2.41200418186,-3.21600557581,-0.00086619757754,0.00881645072929
-3,4,-2.41200418186,3.21600557581,3,-3,2.41200418186,-2.41200418186,-0.00208798275491,0.00163304261436
-3,4,-2.41200418186,3.21600557581,3,-2,2.41200418186,-1.60800278791,-0.00444485708329,0.00468506880029
-3,4,-2.41200418186,3.21600557581,3,-1,2.41200418186,-0.804001393954,0.00109817752885,0.000207056315337
-3,4,-2.41200418186,3.21600557581,3,0,2.41200418186,0,0.00167234113517,-0.000591749646046
-3,4,-2.41200418186,3.21600557581,3,1,2.41200418186,0.804001393954,0.0039217499619,0.00813451334518
-3,4,-2.41200418186,3.21600557581,3,2,2.41200418186,1.60800278791,-0.00489635318394,0.00593030795201
-3,4,-2.41200418186,3.21600557581,3,3,2.41200418186,2.41200418186,0.00472300145646,0.00371449598181
-3,4,-2.41200418186,3.21600557581,3,4,2.41200418186,3.21600557581,-0.000109979167424,-0.00422594354728
-3,4,-2.41200418186,3.21600557581,4,-4,3.21600557581,-3.21600557581,-0.00361109849618,0.00140754000597
-3,4,-2.41200418186,3.21600557581,4,-3,3.21600557581,-2.41200418186,-0.00207514640587,0.00235126128318
-3,4,-2.41200418186,3.21600557581,4,-2,3.21600557581,-1.60800278791,0.00232946873543,0.00258993212118
-3,4,-2.41200418186,3.21600557581,4,-1,3.21600557581,-0.804001393954,-0.000936432708285,-0.00186980911494
-3,4,-2.41200418186,3.21600557581,4,0,3.21600557581,0,-0.00043049848294,-0.000517452293575
-3,4,-2.41200418186,3.21600557581,4,1,3.21600557581,0.804001393954,0.00136459590764,0.00223500851009
-3,4,-2.41200418186,3.21600557581,4,2,3.21600557581,1.60800278791,0.00250856060481,0.0035664541753
-3,4,-2.41200418186,3.21600557581,4,3,3.21600557581,2.41200418186,0.00396610729084,0.00139977176233
-3,4,-2.41200418186,3.21600557581,4,4,3.21600557581,3.21600557581,-0.00207105502901,0.00228587443014
-2,-4,-1.60800278791,-3.21600557581,-4,-4,-3.21600557581,-3.21600557581,0.00276344200246,0.000753486428907
-2,-4,-1.60800278791,-3.21600557581,-4,-3,-3.21600557581,-2.41200418186,-0.00317337740324,0.00212619337476
-2,-4,-1.60800278791,-3.21600557581,-4,-2,-3.21600557581,-1.60800278791,0.00021325069764,0.00260330622606
-2,-4,-1.60800278791,-3.21600557581,-4,-1,-3.21600557581,-0.804001393954,0.0033213013956,0.000145535102053
-2,-4,-1.60800278791,-3.21600557581,-4,0,-3.21600557581,0,-0.00104345291721,-0.000507243032389
-2,-4,-1.60800278791,-3.21600557581,-4,1,-3.21600557581,0.804001393954,0.00114026691086,0.00651709725842
-2,-4,-1.60800278791,-3.21600557581,-4,2,-3.21600557581,1.60800278791,0.00147856608889,-0.00462231057858
-2,-4,-1.60800278791,-3.21600557581,-4,3,-3.21600557581,2.41200418186,-0.00282092270403,0.00132893708528
-2,-4,-1.60800278791,-3.21600557581,-4,4,-3.21600557581,3.21600557581,0.00226040872237,-0.000481798421801
-2,-4,-1.60800278791,-3.21600557581,-3,-4,-2.41200418186,-3.21600557581,0.00319043009759,0.00394667451748
-2,-4,-1.60800278791,-3.21600557581,-3,-3,-2.41200418186,-2.41200418186,0.00275348433394,-0.00245995739841
-2,-4,-1.60800278791,-3.21600557581,-3,-2,-2.41200418186,-1.60800278791,-0.00635528922379,0.00552981983687
-2,-4,-1.60800278791,-3.21600557581,-3,-1,-2.41200418186,-0.804001393954,-0.000247943325647,-0.00257829347238
-2,-4,-1.60800278791,-3.21600557581,-3,0,-2.41200418186,0,-0.000549775780532,0.000502550020235
-2,-4,-1.60800278791,-3.21600557581,-3,1,-2.41200418186,0.804001393954,0.00273107656726,-0.000908650916143
-2,-4,-1.60800278791,-3.21600557581,-3,2,-2.41200418186,1.60800278791,0.000616728878241,-0.00284793577509
-2,-4,-1.60800278791,-3.21600557581,-3,3,-2.41200418186,2.41200418186,0.000302867244161,0.000552576063141
-2,-4,-1.60800278791,-3.21600557581,-3,4,-2.41200418186,3.21600557581,-0.00284618200694,-0.000463563649779
-2,-4,-1.60800278791,-3.21600557581,-2,-4,-1.60800278791,-3.21600557581,0.00962165782457,0
-2,-4,-1.60800278791,-3.21600557581,-2,-3,-1.60800278791,-2.41200418186,0.00494593049682,0.00363014842283
-2,-4,-1.60800278791,-3.21600557581,-2,-2,-1.60800278791,-1.60800278791,-0.000262780595549,-0.00602014629732
-2,-4,-1.60800278791,-3.21600557581,-2,-1,-1.60800278791,-0.804001393954,0.0018184358943,-0.0123261194721
-2,-4,-1.60800278791,-3.21600557581,-2,0,-1.60800278791,0,0.0164684821142,-0.0124173116339
-2,-4,-1.60800278791,-3.21600557581,-2,1,-1.60800278791,0.804001393954,-0.00393284596037,0.000740589025717
-2,-4,-1.60800278791,-3.21600557581,-2,2,-1.60800278791,1.60800278791,-0.0107395064862,-0.00654102277333
-2,-4,-1.60800278791,-3.21600557581,-2,3,-1.60800278791,2.41200418186,-0.0025716764258,-0.00457345965874
-2,-4,-1.60800278791,-3.21600557581,-2,4,-1.60800278791,3.21600557581,-0.00435534697633,0.000443907475307
-2,-4,-1.60800278791,-3.21600557581,-1,-4,-0.804001393954,-3.21600557581,-0.00141388696227,0.00438175737242
-2,-4,-1.60800278791,-3.21600557581,-1,-3,-0.804001393954,-2.41200418186,0.00201646206556,0.00186375339187
-2,-4,-1.60800278791,-3.21600557581,-1,-2,-0.804001393954,-1.60800278791,0.00111799700773,-0.00908761497143
-2,-4,-1.60800278791,-3.21600557581,-1,-1,-0.804001393954,-0.804001393954,-0.0330586907984,-0.0125649786225
-2,-4,-1.60800278791,-3.21600557581,-1,0,-0.804001393954,0,0.00460761857952,0.000815825218493
-2,-4,-1.60800278791,-3.21600557581,-1,1,-0.804001393954,0.804001393954,0.0103238345314,0.0131778199749
-2,-4,-1.60800278791,-3.21600557581,-1,2,-0.804001393954,1.60800278791,-0.00622253942425,-0.00511455657499
-2,-4,-1.60800278791,-3.21600557581,-1,3,-0.804001393954,2.41200418186,0.00606155529173,-0.00113767994664
-2,-4,-1.60800278791,-3.21600557581,-1,4,-0.804001393954,3.21600557581,-0.00394078750435,-0.00153966911305
-2,-4,-1.60800278791,-3.21600557581,0,-4,0,-3.21600557581,-0.00532888755404,0.00135343636483
-2,-4,-1.60800278791,-3.21600557581,0,-3,0,-2.41200418186,-0.00674909362799,0.00191424883932
-2,-4,-1.60800278791,-3.21600557581,0,-2,0,-1.60800278791,-0.00655459805413,0.00436931350656
-2,-4,-1.60800278791,-3.21600557581,0,-1,0,-0.804001393954,-0.0311366449827,0.010561342037
-2,-4,-1.60800278791,-3.21600557581,0,0,0,0,0.0848426966078,-0.0258950294128
-2,-4,-1.60800278791,-3.21600557581,0,1,0,0.804001393954,-0.0119646606539,0.00878743573341
-2,-4,-1.60800278791,-3.21600557581,0,2,0,1.60800278791,0.00511922260959,0.00712723192744
-2,-4,-1.60800278791,-3.21600557581,0,3,0,2.41200418186,-0.0014432742792,-0.000544663971541
-2,-4,-1.60800278791,-3.21600557581,0,4,0,3.21600557581,-0.00475477743768,0.00229118074576
-2,-4,-1.60800278791,-3.21600557581,1,-4,0.804001393954,-3.21600557581,-0.00309955838757,0.000319355881439
-2,-4,-1.60800278791,-3.21600557581,1,-3,0.804001393954,-2.41200418186,-0.00322044573132,-0.00421959468852
-2,-4,-1.60800278791,-3.21600557581,1,-2,0.804001393954,-1.60800278791,0.00475142209739,-0.00859048736821
-2,-4,-1.60800278791,-3.21600557581,1,-1,0.804001393954,-0.804001393954,-0.00263371794085,0.0130292419313
-2,-4,-1.60800278791,-3.21600557581,1,0,0.804001393954,0,-0.0511660316137,-0.00507363889152
-2,-4,-1.60800278791,-3.21600557581,1,1,0.804001393954,0.804001393954,0.0132519325456,0.00878231882599
-2,-4,-1.60800278791,-3.21600557581,1,2,0.804001393954,1.60800278791,-0.000180615324136,-0.00769066587612
-2,-4,-1.60800278791,-3.21600557581,1,3,0.804001393954,2.41200418186,-0.000200144333795,-0.00275885115381
-2,-4,-1.60800278791,-3.21600557581,1,4,0.804001393954,3.21600557581,0.0023775036058,-0.000762777963854
-2,-4,-1.60800278791,-3.21600557581,2,-4,1.60800278791,-3.21600557581,0.00114233585953,-0.00113813406503
-2,-4,-1.60800278791,-3.21600557581,2,-3,1.60800278791,-2.41200418186,-0.00310933528195,-0.00539253538676
-2,-4,-1.60800278791,-3.21600557581,2,-2,1.60800278791,-1.60800278791,-0.00395620301039,0.00667714607243
-2,-4,-1.60800278791,-3.21600557581,2,-1,1.60800278791,-0.804001393954,-0.00445032700289,0.00143436954038
-2,-4,-1.60800278791,-3.21600557581,2,0,1.60800278791,0,-0.0083964595813,0.0152022630687
-2,-4,-1.60800278791,-3.21600557581,2,1,1.60800278791,0.804001393954,-0.00244715288089,-0.000507752594878
-2,-4,-1.60800278791,-3.21600557581,2,2,1.60800278791,1.60800278791,0.00129614797823,-0.00333462901277
-2,-4,-1.60800278791,-3.21600557581,2,3,1.60800278791,2.41200418186,0.00639783143258,-0.00247017365485
-2,-4,-1.60800278791,-3.21600557581,2,4,1.60800278791,3.21600557581,0.00285941059483,-0.00220991879949
-2,-4,-1.60800278791,-3.21600557581,3,-4,2.41200418186,-3.21600557581,0.000348660487192,0.00137629006098
-2,-4,-1.60800278791,-3.21600557581,3,-3,2.41200418186,-2.41200418186,-0.00210938142836,0.00505873418917
-2,-4,-1.60800278791,-3.21600557581,3,-2,2.41200418186,-1.60800278791,-0.000309472716186,0.0029407752963
-2,-4,-1.60800278791,-3.21600557581,3,-1,2.41200418186,-0.804001393954,0.0038222067106,-0.00700900886787
-2,-4,-1.60800278791,-3.21600557581,3,0,2.41200418186,0,-0.00786778484993,0.00401471729316
-2,-4,-1.60800278791,-3.21600557581,3,1,2.41200418186,0.804001393954,0.0018888740067,-0.000990180889682
-2,-4,-1.60800278791,-3.21600557581,3,2,2.41200418186,1.60800278791,0.00505085045175,-0.00518579964923
-2,-4,-1.60800278791,-3.21600557581,3,3,2.41200418186,2.41200418186,0.00113831767774,0.00151589329364
-2,-4,-1.60800278791,-3.21600557581,3,4,2.41200418186,3.21600557581,-0.000527868493874,0.00286646001204
-2,-4,-1.60800278791,-3.21600557581,4,-4,3.21600557581,-3.21600557581,0.00304072360751,-0.00329810430019
-2,-4,-1.60800278791,-3.21600557581,4,-3,3.21600557581,-2.41200418186,0.000173060231987,-0.00232388791385
-2,-4,-1.60800278791,-3.21600557581,4,-2,3.21600557581,-1.60800278791,0.000865265881038,-0.00272565796335
-2,-4,-1.60800278791,-3.21600557581,4,-1,3.21600557581,-0.804001393954,0.00683569490734,0.00141908054249
-2,-4,-1.60800278791,-3.21600557581,4,0,3.21600557581,0,0.00106607219006,-0.00447245716968
-2,-4,-1.60800278791,-3.21600557581,4,1,3.21600557581,0.804001393954,0.002327328521,0.00381736461494
-2,-4,-1.60800278791,-3.21600557581,4,2,3.21600557581,1.60800278791,0.00195346208232,0.00488025143977
-2,-4,-1.60800278791,-3.21600557581,4,3,3.21600557581,2.41200418186,0.003599179876,-0.00175894891679
-2,-4,-1.60800278791,-3.21600557581,4,4,3.21600557581,3.21600557581,0.000622525425501,0.00342223961116
-2,-3,-1.60800278791,-2.41200418186,-4,-4,-3.21600557581,-3.21600557581,0.00234375407197,2.85244146217e-05
-2,-3,-1.60800278791,-2.41200418186,-4,-3,-3.21600557581,-2.41200418186,0.00051518066412,-0.000158887681835
-2,-3,-1.60800278791,-2.41200418186,-4,-2,-3.21600557581,-1.60800278791,-0.00237242031269,0.00659483549639
-2,-3,-1.60800278791,-2.41200418186,-4,-1,-3.21600557581,-0.804001393954,0.000709291001562,0.00160243294543
-2,-3,-1.60800278791,-2.41200418186,-4,0,-3.21600557581,0,0.00126641265312,0.00331917253593
-2,-3,-1.60800278791,-2.41200418186,-4,1,-3.21600557581,0.804001393954,0.00257975617885,-0.00628769013009
-2,-3,-1.60800278791,-2.41200418186,-4,2,-3.21600557581,1.60800278791,0.00523614641496,-0.000466197142181
-2,-3,-1.60800278791,-2.41200418186,-4,3,-3.21600557581,2.41200418186,0.00184090514931,-0.00422786038897
-2,-3,-1.60800278791,-2.41200418186,-4,4,-3.21600557581,3.21600557581,0.00655655540043,0.00181276191048
-2,-3,-1.60800278791,-2.41200418186,-3,-4,-2.41200418186,-3.21600557581,-0.00152846174049,0.00241941621959
-2,-3,-1.60800278791,-2.41200418186,-3,-3,-2.41200418186,-2.41200418186,0.00543354496423,-0.00243495777513
-2,-3,-1.60800278791,-2.41200418186,-3,-2,-2.41200418186,-1.60800278791,0.00176521728886,-0.00252517482349
-2,-3,-1.60800278791,-2.41200418186,-3,-1,-2.41200418186,-0.804001393954,-0.000924135459021,0.0011792377056
-2,-3,-1.60800278791,-2.41200418186,-3,0,-2.41200418186,0,0.00359591982919,-0.00151759278811
-2,-3,-1.60800278791,-2.41200418186,-3,1,-2.41200418186,0.804001393954,0.00476710640923,0.00376824937405
-2,-3,-1.60800278791,-2.41200418186,-3,2,-2.41200418186,1.60800278791,0.00204494335463,0.00248015693473
-2,-3,-1.60800278791,-2.41200418186,-3,3,-2.41200418186,2.41200418186,-0.00256486126535,0.000755554511902
-2,-3,-1.60800278791,-2.41200418186,-3,4,-2.41200418186,3.21600557581,-0.000269954515135,-0.00400812444788
-2,-3,-1.60800278791,-2.41200418186,-2,-4,-1.60800278791,-3.21600557581,0.00494593049682,-0.00363014842283
-2,-3,-1.60800278791,-2.41200418186,-2,-3,-1.60800278791,-2.41200418186,0.0315628843105,0
-2,-3,-1.60800278791,-2.41200418186,-2,-2,-1.60800278791,-1.60800278791,0.000902985072706,0.0026540384461
-2,-3,-1.60800278791,-2.41200418186,-2,-1,-1.60800278791,-0.804001393954,-0.00283114785191,-0.0131280320577
-2,-3,-1.60800278791,-2.41200418186,-2,0,-1.60800278791,0,-0.00979130209322,-0.00239244295387
-2,-3,-1.60800278791,-2.41200418186,-2,1,-1.60800278791,0.804001393954,0.0193898064536,-0.00266606352189
-2,-3,-1.60800278791,-2.41200418186,-2,2,-1.60800278791,1.60800278791,-0.00751376773946,0.00117237606211
-2,-3,-1.60800278791,-2.41200418186,-2,3,-1.60800278791,2.41200418186,-0.00279223596693,-0.00448360017082
-2,-3,-1.60800278791,-2.41200418186,-2,4,-1.60800278791,3.21600557581,-0.000226776270652,0.00310202891369
-2,-3,-1.60800278791,-2.41200418186,-1,-4,-0.804001393954,-3.21600557581,-0.00186996432608,0.00321321741191
-2,-3,-1.60800278791,-2.41200418186,-1,-3,-0.804001393954,-2.41200418186,0.00364877286913,-0.000451899346206
-2,-3,-1.60800278791,-2.41200418186,-1,-2,-0.804001393954,-1.60800278791,-0.0110311635413,0.0120907962397
-2,-3,-1.60800278791,-2.41200418186,-1,-1,-0.804001393954,-0.804001393954,-0.00766652196252,-0.0160505884221
-2,-3,-1.60800278791,-2.41200418186,-1,0,-0.804001393954,0,-0.0347447209836,-0.0178243550798
-2,-3,-1.60800278791,-2.41200418186,-1,1,-0.804001393954,0.804001393954,0.00654698787757,0.000974465035925
-2,-3,-1.60800278791,-2.41200418186,-1,2,-0.804001393954,1.60800278791,0.00629656244249,0.00568212063828
-2,-3,-1.60800278791,-2.41200418186,-1,3,-0.804001393954,2.41200418186,-0.00271653726259,-0.00418274477939
-2,-3,-1.60800278791,-2.41200418186,-1,4,-0.804001393954,3.21600557581,0.000560210403721,0.00238489775805
-2,-3,-1.60800278791,-2.41200418186,0,-4,0,-3.21600557581,-0.000765606332962,-0.00393371988531
-2,-3,-1.60800278791,-2.41200418186,0,-3,0,-2.41200418186,-0.00546051430168,0.00697350739254
-2,-3,-1.60800278791,-2.41200418186,0,-2,0,-1.60800278791,-0.00343842172966,-0.00442089627045
-2,-3,-1.60800278791,-2.41200418186,0,-1,0,-0.804001393954,-0.00784684809776,-0.00853584815175
-2,-3,-1.60800278791,-2.41200418186,0,0,0,0,-0.068138318579,0.0237531161373
-2,-3,-1.60800278791,-2.41200418186,0,1,0,0.804001393954,0.035190826072,-0.00481184248087
-2,-3,-1.60800278791,-2.41200418186,0,2,0,1.60800278791,-0.0113085242896,0.00175265962859
-2,-3,-1.60800278791,-2.41200418186,0,3,0,2.41200418186,-0.00426809148007,-0.0035019929353
-2,-3,-1.60800278791,-2.41200418186,0,4,0,3.21600557581,0.0013284515965,-0.00855736447158
-2,-3,-1.60800278791,-2.41200418186,1,-4,0.804001393954,-3.21600557581,-0.00108898284399,-0.00527752374568
-2,-3,-1.60800278791,-2.41200418186,1,-3,0.804001393954,-2.41200418186,0.00418695821506,0.005006731431
-2,-3,-1.60800278791,-2.41200418186,1,-2,0.804001393954,-1.60800278791,-0.00482984183525,-0.00947639949577
-2,-3,-1.60800278791,-2.41200418186,1,-1,0.804001393954,-0.804001393954,0.020120690919,-0.00739018500533
-2,-3,-1.60800278791,-2.41200418186,1,0,0.804001393954,0,-0.0154091587985,0.0191872585956
-2,-3,-1.60800278791,-2.41200418186,1,1,0.804001393954,0.804001393954,-0.0420266135344,-0.00391916310004
-2,-3,-1.60800278791,-2.41200418186,1,2,0.804001393954,1.60800278791,0.00520802001818,0.00129279922984
-2,-3,-1.60800278791,-2.41200418186,1,3,0.804001393954,2.41200418186,0.00175927734088,-0.00159661801751
-2,-3,-1.60800278791,-2.41200418186,1,4,0.804001393954,3.21600557581,0.000331476342145,-0.0033335956261
-2,-3,-1.60800278791,-2.41200418186,2,-4,1.60800278791,-3.21600557581,-0.00197017261135,0.000127968281698
-2,-3,-1.60800278791,-2.41200418186,2,-3,1.60800278791,-2.41200418186,-0.0021186171356,0.00528925310854
-2,-3,-1.60800278791,-2.41200418186,2,-2,1.60800278791,-1.60800278791,-0.000433961718593,-0.00282366814581
-2,-3,-1.60800278791,-2.41200418186,2,-1,1.60800278791,-0.804001393954,-0.00770914270677,0.000313588180933
-2,-3,-1.60800278791,-2.41200418186,2,0,1.60800278791,0,-0.00477178292081,0.00245231579296
-2,-3,-1.60800278791,-2.41200418186,2,1,1.60800278791,0.804001393954,-0.00390112532431,0.0132362734194
-2,-3,-1.60800278791,-2.41200418186,2,2,1.60800278791,1.60800278791,0.00757600420143,-0.00431188575579
-2,-3,-1.60800278791,-2.41200418186,2,3,1.60800278791,2.41200418186,0.00212444396669,0.000451177994118
-2,-3,-1.60800278791,-2.41200418186,2,4,1.60800278791,3.21600557581,0.00639783143258,-0.00247017365485
-2,-3,-1.60800278791,-2.41200418186,3,-4,2.41200418186,-3.21600557581,-0.000543563814838,-0.00359326803987
-2,-3,-1.60800278791,-2.41200418186,3,-3,2.41200418186,-2.41200418186,-0.00396998598052,0.00216693274565
-2,-3,-1.60800278791,-2.41200418186,3,-2,2.41200418186,-1.60800278791,0.00318274482327,0.00286819154998
-2,-3,-1.60800278791,-2.41200418186,3,-1,2.41200418186,-0.804001393954,0.00239209534328,0.00118546526654
-2,-3,-1.60800278791,-2.41200418186,3,0,2.41200418186,0,0.00891274026474,-0.00545260688513
-2,-3,-1.60800278791,-2.41200418186,3,1,2.41200418186,0.804001393954,-0.0119716156944,0.00748283372203
-2,-3,-1.60800278791,-2.41200418186,3,2,2.41200418186,1.60800278791,0.00170953896121,-0.00366508506786
-2,-3,-1.60800278791,-2.41200418186,3,3,2.41200418186,2.41200418186,0.00326600408823,0.00270304462666
-2,-3,-1.60800278791,-2.41200418186,3,4,2.41200418186,3.21600557581,-0.000773693928457,0.00127430284009
-2,-3,-1.60800278791,-2.41200418186,4,-4,3.21600557581,-3.21600557581,0.00263882603532,-0.000557512838617
-2,-3,-1.60800278791,-2.41200418186,4,-3,3.21600557581,-2.41200418186,0.00351835206505,-0.00126885791212
-2,-3,-1.60800278791,-2.41200418186,4,-2,3.21600557581,-1.60800278791,0.000515963675247,0.00468175274361
-2,-3,-1.60800278791,-2.41200418186,4,-1,3.21600557581,-0.804001393954,0.00139075261796,0.00362185838096
-2,-3,-1.60800278791,-2.41200418186,4,0,3.21600557581,0,0.000569399343279,0.00146209799175
-2,-3,-1.60800278791,-2.41200418186,4,1,3.21600557581,0.804001393954,-0.00030925993999,-0.000308190272068
-2,-3,-1.60800278791,-2.41200418186,4,2,3.21600557581,1.60800278791,-0.0034654731401,-0.000690823023052
-2,-3,-1.60800278791,-2.41200418186,4,3,3.21600557581,2.41200418186,0.00124800747314,0.00316693876031
-2,-3,-1.60800278791,-2.41200418186,4,4,3.21600557581,3.21600557581,0.00827905102406,-0.000336683905099
-2,-2,-1.60800278791,-1.60800278791,-4,-4,-3.21600557581,-3.21600557581,-0.00372830894203,0.00322820012817
-2,-2,-1.60800278791,-1.60800278791,-4,-3,-3.21600557581,-2.41200418186,0.000186723634804,-0.00590206114484
-2,-2,-1.60800278791,-1.60800278791,-4,-2,-3.21600557581,-1.60800278791,-0.00812901910217,-0.00724983449331
-2,-2,-1.60800278791,-1.60800278791,-4,-1,-3.21600557581,-0.804001393954,-0.00162030244529,0.00278589313526
-2,-2,-1.60800278791,-1.60800278791,-4,0,-3.21600557581,0,0.0034283521307,-0.00361392049186
-2,-2,-1.60800278791,-1.60800278791,-4,1,-3.21600557581,0.804001393954,-0.00189324486268,0.00738822933825
-2,-2,-1.60800278791,-1.60800278791,-4,2,-3.21600557581,1.60800278791,0.00757831055395,0.000975636653658
-2,-2,-1.60800278791,-1.60800278791,-4,3,-3.21600557581,2.41200418186,0.00361287685378,-0.000779484388017
-2,-2,-1.60800278791,-1.60800278791,-4,4,-3.21600557581,3.21600557581,0.0108751863213,-0.00959768641204
-2,-2,-1.60800278791,-1.60800278791,-3,-4,-2.41200418186,-3.21600557581,-0.00130710796316,0.00274331076655
-2,-2,-1.60800278791,-1.60800278791,-3,-3,-2.41200418186,-2.41200418186,-0.0038370743513,0.00231396053991
-2,-2,-1.60800278791,-1.60800278791,-3,-2,-2.41200418186,-1.60800278791,0.00394129732148,0.00152708104957
-2,-2,-1.60800278791,-1.60800278791,-3,-1,-2.41200418186,-0.804001393954,-0.00432884775338,0.000682434515984
-2,-2,-1.60800278791,-1.60800278791,-3,0,-2.41200418186,0,0.00132399876477,0.000695321428529
-2,-2,-1.60800278791,-1.60800278791,-3,1,-2.41200418186,0.804001393954,0.00591187867011,-0.00283482813212
-2,-2,-1.60800278791,-1.60800278791,-3,2,-2.41200418186,1.60800278791,0.00208107737162,0.00244310173798
-2,-2,-1.60800278791,-1.60800278791,-3,3,-2.41200418186,2.41200418186,0.00449951088897,0.00240455191777
-2,-2,-1.60800278791,-1.60800278791,-3,4,-2.41200418186,3.21600557581,0.00552636560049,-0.00190006085674
-2,-2,-1.60800278791,-1.60800278791,-2,-4,-1.60800278791,-3.21600557581,-0.000262780595549,0.00602014629732
-2,-2,-1.60800278791,-1.60800278791,-2,-3,-1.60800278791,-2.41200418186,0.000902985072706,-0.0026540384461
-2,-2,-1.60800278791,-1.60800278791,-2,-2,-1.60800278791,-1.60800278791,0.132584741653,0
-2,-2,-1.60800278791,-1.60800278791,-2,-1,-1.60800278791,-0.804001393954,0.00561798373641,0.00016861711946
-2,-2,-1.60800278791,-1.60800278791,-2,0,-1.60800278791,0,-0.00775140433319,-0.0244393968107
-2,-2,-1.60800278791,-1.60800278791,-2,1,-1.60800278791,0.804001393954,0.00373553600385,-0.0158397452063
-2,-2,-1.60800278791,-1.60800278791,-2,2,-1.60800278791,1.60800278791,0.0197359883057,-0.000647272328512
-2,-2,-1.60800278791,-1.60800278791,-2,3,-1.60800278791,2.41200418186,-0.00348331666636,0.000195806956626
-2,-2,-1.60800278791,-1.60800278791,-2,4,-1.60800278791,3.21600557581,-0.00653214920358,-0.00556266011723
-2,-2,-1.60800278791,-1.60800278791,-1,-4,-0.804001393954,-3.21600557581,-5.9881098419e-05,-0.00188300739348
-2,-2,-1.60800278791,-1.60800278791,-1,-3,-0.804001393954,-2.41200418186,-0.00878052124694,0.00110960560469
-2,-2,-1.60800278791,-1.60800278791,-1,-2,-0.804001393954,-1.60800278791,0.00498099903101,-0.00076079220093
-2,-2,-1.60800278791,-1.60800278791,-1,-1,-0.804001393954,-0.804001393954,-0.0264049079566,0.0269806309471
-2,-2,-1.60800278791,-1.60800278791,-1,0,-0.804001393954,0,0.000819998516997,-0.0340510256985
-2,-2,-1.60800278791,-1.60800278791,-1,1,-0.804001393954,0.804001393954,-0.0387040534165,-0.011447649292
-2,-2,-1.60800278791,-1.60800278791,-1,2,-0.804001393954,1.60800278791,0.00265141238687,0.00173427545747
-2,-2,-1.60800278791,-1.60800278791,-1,3,-0.804001393954,2.41200418186,0.00179356617714,0.00545769503063
-2,-2,-1.60800278791,-1.60800278791,-1,4,-0.804001393954,3.21600557581,-0.00246920011365,-0.00578821003017
-2,-2,-1.60800278791,-1.60800278791,0,-4,0,-3.21600557581,-0.00957767169642,-0.0037324523126
-2,-2,-1.60800278791,-1.60800278791,0,-3,0,-2.41200418186,-0.00484997297949,-0.00814792184133
-2,-2,-1.60800278791,-1.60800278791,0,-2,0,-1.60800278791,-0.0254016465549,0.0233181363667
-2,-2,-1.60800278791,-1.60800278791,0,-1,0,-0.804001393954,-0.0197596992779,-0.0058411884688
-2,-2,-1.60800278791,-1.60800278791,0,0,0,0,-0.00903766717918,-0.00780963716455
-2,-2,-1.60800278791,-1.60800278791,0,1,0,0.804001393954,-0.0312937483,0.00438740763853
-2,-2,-1.60800278791,-1.60800278791,0,2,0,1.60800278791,0.0211483834413,-0.000180526232805
-2,-2,-1.60800278791,-1.60800278791,0,3,0,2.41200418186,-0.0056905473412,0.0061575779275
-2,-2,-1.60800278791,-1.60800278791,0,4,0,3.21600557581,-0.00432219700107,0.000121630924136
-2,-2,-1.60800278791,-1.60800278791,1,-4,0.804001393954,-3.21600557581,0.000180183523424,-0.00730194152085
-2,-2,-1.60800278791,-1.60800278791,1,-3,0.804001393954,-2.41200418186,-0.00316074248462,-0.0157311441923
-2,-2,-1.60800278791,-1.60800278791,1,-2,0.804001393954,-1.60800278791,0.00297680306935,0.00910996902676
-2,-2,-1.60800278791,-1.60800278791,1,-1,0.804001393954,-0.804001393954,-0.0266529129689,-0.0314145070379
-2,-2,-1.60800278791,-1.60800278791,1,0,0.804001393954,0,0.0246746693511,-0.0019016710424
-2,-2,-1.60800278791,-1.60800278791,1,1,0.804001393954,0.804001393954,-0.000710622335819,0.0175550447925
-2,-2,-1.60800278791,-1.60800278791,1,2,0.804001393954,1.60800278791,-0.0314290251016,0.00650094296529
-2,-2,-1.60800278791,-1.60800278791,1,3,0.804001393954,2.41200418186,0.00266603610258,0.00212573897997
-2,-2,-1.60800278791,-1.60800278791,1,4,0.804001393954,3.21600557581,0.000471548246521,0.00104340238996
-2,-2,-1.60800278791,-1.60800278791,2,-4,1.60800278791,-3.21600557581,-0.00183122836265,-0.00354902715485
-2,-2,-1.60800278791,-1.60800278791,2,-3,1.60800278791,-2.41200418186,-0.00317494453012,0.00688201695432
-2,-2,-1.60800278791,-1.60800278791,2,-2,1.60800278791,-1.60800278791,-0.0024370159328,0.0137586556492
-2,-2,-1.60800278791,-1.60800278791,2,-1,1.60800278791,-0.804001393954,0.00526410489031,-0.0153328803236
-2,-2,-1.60800278791,-1.60800278791,2,0,1.60800278791,0,-0.0150555300306,0.0114976350493
-2,-2,-1.60800278791,-1.60800278791,2,1,1.60800278791,0.804001393954,-0.00493826075858,0.00204315108144
-2,-2,-1.60800278791,-1.60800278791,2,2,1.60800278791,1.60800278791,-0.00417854158622,0.0059849638013
-2,-2,-1.60800278791,-1.60800278791,2,3,1.60800278791,2.41200418186,0.00757600420143,-0.00431188575579
-2,-2,-1.60800278791,-1.60800278791,2,4,1.60800278791,3.21600557581,0.00129614797823,-0.00333462901277
-2,-2,-1.60800278791,-1.60800278791,3,-4,2.41200418186,-3.21600557581,-0.00380130560918,-0.00577410891485
-2,-2,-1.60800278791,-1.60800278791,3,-3,2.41200418186,-2.41200418186,0.00728152060058,0.00566375675138
-2,-2,-1.60800278791,-1.60800278791,3,-2,2.41200418186,-1.60800278791,-0.00833728150763,0.00296450062077
-2,-2,-1.60800278791,-1.60800278791,3,-1,2.41200418186,-0.804001393954,0.00078763553863,0.00711384455527
-2,-2,-1.60800278791,-1.60800278791,3,0,2.41200418186,0,0.00644983380618,-0.00022251070211
-2,-2,-1.60800278791,-1.60800278791,3,1,2.41200418186,0.804001393954,0.00726402876817,-0.011140667519
-2,-2,-1.60800278791,-1.60800278791,3,2,2.41200418186,1.60800278791,-0.00920865673386,0.0137510123266
-2,-2,-1.60800278791,-1.60800278791,3,3,2.41200418186,2.41200418186,-0.00435499734675,-0.0028480852298
-2,-2,-1.60800278791,-1.60800278791,3,4,2.41200418186,3.21600557581,-3.27594507747e-05,-0.00590722565887
-2,-2,-1.60800278791,-1.60800278791,4,-4,3.21600557581,-3.21600557581,0.000228817964012,0.0135153267285
-2,-2,-1.60800278791,-1.60800278791,4,-3,3.21600557581,-2.41200418186,0.00289818298678,-0.000747586719413
-2,-2,-1.60800278791,-1.60800278791,4,-2,3.21600557581,-1.60800278791,0.00386263563977,-0.00328097916763
-2,-2,-1.60800278791,-1.60800278791,4,-1,3.21600557581,-0.804001393954,0.00636416502756,0.00036424773446
-2,-2,-1.60800278791,-1.60800278791,4,0,3.21600557581,0,-0.0047729297691,0.00109462456914
-2,-2,-1.60800278791,-1.60800278791,4,1,3.21600557581,0.804001393954,0.0107854302439,0.00123864905685
-2,-2,-1.60800278791,-1.60800278791,4,2,3.21600557581,1.60800278791,0.00401499776692,0.000891641550579
-2,-2,-1.60800278791,-1.60800278791,4,3,3.21600557581,2.41200418186,-0.00278016197733,0.00799546069766
-2,-2,-1.60800278791,-1.60800278791,4,4,3.21600557581,3.21600557581,0.00164514899419,0.000153540455448
-2,-1,-1.60800278791,-0.804001393954,-4,-4,-3.21600557581,-3.21600557581,-0.0115241322976,-0.00291595357556
-2,-1,-1.60800278791,-0.804001393954,-4,-3,-3.21600557581,-2.41200418186,-0.00281221436741,0.00530845603987
-2,-1,-1.60800278791,-0.804001393954,-4,-2,-3.21600557581,-1.60800278791,-0.00366062556248,0.00709013560524
-2,-1,-1.60800278791,-0.804001393954,-4,-1,-3.21600557581,-0.804001393954,-0.0164623723133,-0.0161760664971
-2,-1,-1.60800278791,-0.804001393954,-4,0,-3.21600557581,0,-0.0103626079104,0.00113353064935
-2,-1,-1.60800278791,-0.804001393954,-4,1,-3.21600557581,0.804001393954,-0.0030649166069,-0.00523805492922
-2,-1,-1.60800278791,-0.804001393954,-4,2,-3.21600557581,1.60800278791,0.0019488560386,-0.0020452447193
-2,-1,-1.60800278791,-0.804001393954,-4,3,-3.21600557581,2.41200418186,0.00796735786345,-0.000749962664424
-2,-1,-1.60800278791,-0.804001393954,-4,4,-3.21600557581,3.21600557581,5.51964937954e-05,0.00357074652918
-2,-1,-1.60800278791,-0.804001393954,-3,-4,-2.41200418186,-3.21600557581,-0.0126468069229,0.0025584955615
-2,-1,-1.60800278791,-0.804001393954,-3,-3,-2.41200418186,-2.41200418186,0.00116030296547,0.00811978747118
-2,-1,-1.60800278791,-0.804001393954,-3,-2,-2.41200418186,-1.60800278791,-0.014985430199,-0.00978763667867
-2,-1,-1.60800278791,-0.804001393954,-3,-1,-2.41200418186,-0.804001393954,0.00503092914752,-0.00181038305205
-2,-1,-1.60800278791,-0.804001393954,-3,0,-2.41200418186,0,-0.0172771055379,0.00268997267574
-2,-1,-1.60800278791,-0.804001393954,-3,1,-2.41200418186,0.804001393954,0.00287704230614,0.000361031581809
-2,-1,-1.60800278791,-0.804001393954,-3,2,-2.41200418186,1.60800278791,0.00525901496536,-0.0057130076893
-2,-1,-1.60800278791,-0.804001393954,-3,3,-2.41200418186,2.41200418186,0.0034276580066,0.0084016712885
-2,-1,-1.60800278791,-0.804001393954,-3,4,-2.41200418186,3.21600557581,-0.00303031665343,0.00088196894968
-2,-1,-1.60800278791,-0.804001393954,-2,-4,-1.60800278791,-3.21600557581,0.0018184358943,0.0123261194721
-2,-1,-1.60800278791,-0.804001393954,-2,-3,-1.60800278791,-2.41200418186,-0.00283114785191,0.0131280320577
-2,-1,-1.60800278791,-0.804001393954,-2,-2,-1.60800278791,-1.60800278791,0.00561798373641,-0.00016861711946
-2,-1,-1.60800278791,-0.804001393954,-2,-1,-1.60800278791,-0.804001393954,0.272751127441,0
-2,-1,-1.60800278791,-0.804001393954,-2,0,-1.60800278791,0,0.00828441113104,0.0025772451355
-2,-1,-1.60800278791,-0.804001393954,-2,1,-1.60800278791,0.804001393954,-0.00863580761081,-0.0232499008215
-2,-1,-1.60800278791,-0.804001393954,-2,2,-1.60800278791,1.60800278791,0.00845172514207,-0.00826097406548
-2,-1,-1.60800278791,-0.804001393954,-2,3,-1.60800278791,2.41200418186,0.0149486730265,-0.00305779191649
-2,-1,-1.60800278791,-0.804001393954,-2,4,-1.60800278791,3.21600557581,-0.00719987866284,-0.00571717954148
-2,-1,-1.60800278791,-0.804001393954,-1,-4,-0.804001393954,-3.21600557581,0.00360452231462,0.00628731541961
-2,-1,-1.60800278791,-0.804001393954,-1,-3,-0.804001393954,-2.41200418186,0.00075615407813,-0.00366754988928
-2,-1,-1.60800278791,-0.804001393954,-1,-2,-0.804001393954,-1.60800278791,-0.0250928284374,0.00366500395987
-2,-1,-1.60800278791,-0.804001393954,-1,-1,-0.804001393954,-0.804001393954,0.0101006044557,0.000334564389968
-2,-1,-1.60800278791,-0.804001393954,-1,0,-0.804001393954,0,-0.0390337054928,0.0233537379957
-2,-1,-1.60800278791,-0.804001393954,-1,1,-0.804001393954,0.804001393954,-0.00753523068148,-0.0337074901493
-2,-1,-1.60800278791,-0.804001393954,-1,2,-0.804001393954,1.60800278791,-0.0314238277867,-0.00974858496179
-2,-1,-1.60800278791,-0.804001393954,-1,3,-0.804001393954,2.41200418186,0.000335323221701,0.00424162131502
-2,-1,-1.60800278791,-0.804001393954,-1,4,-0.804001393954,3.21600557581,0.00982677191932,-4.74253110522e-05
-2,-1,-1.60800278791,-0.804001393954,0,-4,0,-3.21600557581,0.00185683901925,0.00323269945656
-2,-1,-1.60800278791,-0.804001393954,0,-3,0,-2.41200418186,-0.00991462061387,-0.00325802173653
-2,-1,-1.60800278791,-0.804001393954,0,-2,0,-1.60800278791,-0.0180999144054,-0.0103802675831
-2,-1,-1.60800278791,-0.804001393954,0,-1,0,-0.804001393954,-0.0508252561702,0.0526639019988
-2,-1,-1.60800278791,-0.804001393954,0,0,0,0,-0.0269603738463,-0.0384515622865
-2,-1,-1.60800278791,-0.804001393954,0,1,0,0.804001393954,0.00446914635223,-0.00723297885443
-2,-1,-1.60800278791,-0.804001393954,0,2,0,1.60800278791,-0.0125583581815,0.00522283866457
-2,-1,-1.60800278791,-0.804001393954,0,3,0,2.41200418186,0.0143866133601,-0.00872415378602
-2,-1,-1.60800278791,-0.804001393954,0,4,0,3.21600557581,-0.00158026346205,0.00968512212916
-2,-1,-1.60800278791,-0.804001393954,1,-4,0.804001393954,-3.21600557581,-0.00862312267306,0.000366829179245
-2,-1,-1.60800278791,-0.804001393954,1,-3,0.804001393954,-2.41200418186,-0.00665257490559,-0.0209229637724
-2,-1,-1.60800278791,-0.804001393954,1,-2,0.804001393954,-1.60800278791,-0.0142303477804,-0.0358431568735
-2,-1,-1.60800278791,-0.804001393954,1,-1,0.804001393954,-0.804001393954,0.0213537096176,0.0157835257532
-2,-1,-1.60800278791,-0.804001393954,1,0,0.804001393954,0,-0.0332143206215,-0.0372711242693
-2,-1,-1.60800278791,-0.804001393954,1,1,0.804001393954,0.804001393954,0.0233169913381,-0.00333652847511
-2,-1,-1.60800278791,-0.804001393954,1,2,0.804001393954,1.60800278791,0.002853895648,0.0135142940088
-2,-1,-1.60800278791,-0.804001393954,1,3,0.804001393954,2.41200418186,-0.0239907036146,-0.00371650249892
-2,-1,-1.60800278791,-0.804001393954,1,4,0.804001393954,3.21600557581,0.00578363638612,0.00756726516067
-2,-1,-1.60800278791,-0.804001393954,2,-4,1.60800278791,-3.21600557581,0.00918223537614,0.0016188408335
-2,-1,-1.60800278791,-0.804001393954,2,-3,1.60800278791,-2.41200418186,-0.00419771122843,-0.0116444773838
-2,-1,-1.60800278791,-0.804001393954,2,-2,1.60800278791,-1.60800278791,-0.0143904770706,0.0200420743009
-2,-1,-1.60800278791,-0.804001393954,2,-1,1.60800278791,-0.804001393954,-0.00655946419077,0.013994253519
-2,-1,-1.60800278791,-0.804001393954,2,0,1.60800278791,0,0.0143096437005,-0.030067737255
-2,-1,-1.60800278791,-0.804001393954,2,1,1.60800278791,0.804001393954,-0.0252087939536,0.0173875776125
-2,-1,-1.60800278791,-0.804001393954,2,2,1.60800278791,1.60800278791,-0.00493826075858,0.00204315108144
-2,-1,-1.60800278791,-0.804001393954,2,3,1.60800278791,2.41200418186,-0.00390112532431,0.0132362734194
-2,-1,-1.60800278791,-0.804001393954,2,4,1.60800278791,3.21600557581,-0.00244715288089,-0.000507752594878
-2,-1,-1.60800278791,-0.804001393954,3,-4,2.41200418186,-3.21600557581,0.00679993334496,0.0074174918824
-2,-1,-1.60800278791,-0.804001393954,3,-3,2.41200418186,-2.41200418186,-0.0031663516691,-0.0113032192108
-2,-1,-1.60800278791,-0.804001393954,3,-2,2.41200418186,-1.60800278791,0.00339974865012,0.00224412721873
-2,-1,-1.60800278791,-0.804001393954,3,-1,2.41200418186,-0.804001393954,-0.0184619909913,0.00788769727319
-2,-1,-1.60800278791,-0.804001393954,3,0,2.41200418186,0,0.00983830203791,0.0130294332651
-2,-1,-1.60800278791,-0.804001393954,3,1,2.41200418186,0.804001393954,0.00565379408346,0.0021075846588
-2,-1,-1.60800278791,-0.804001393954,3,2,2.41200418186,1.60800278791,0.00883742069021,-0.0140980001676
-2,-1,-1.60800278791,-0.804001393954,3,3,2.41200418186,2.41200418186,-0.0176922521408,0.0124570045448
-2,-1,-1.60800278791,-0.804001393954,3,4,2.41200418186,3.21600557581,-0.0160167147011,-0.00902695773971
-2,-1,-1.60800278791,-0.804001393954,4,-4,3.21600557581,-3.21600557581,0.0151145721532,0.0175724161269
-2,-1,-1.60800278791,-0.804001393954,4,-3,3.21600557581,-2.41200418186,0.00630573470505,0.00952024666722
-2,-1,-1.60800278791,-0.804001393954,4,-2,3.21600557581,-1.60800278791,0.00949275777364,0.00456721052022
-2,-1,-1.60800278791,-0.804001393954,4,-1,3.21600557581,-0.804001393954,0.0135153715165,-0.00479971855825
-2,-1,-1.60800278791,-0.804001393954,4,0,3.21600557581,0,0.00700595617954,0.0133303127655
-2,-1,-1.60800278791,-0.804001393954,4,1,3.21600557581,0.804001393954,-0.0154135330325,0.00196017259036
-2,-1,-1.60800278791,-0.804001393954,4,2,3.21600557581,1.60800278791,0.0188044627907,0.00256208973245
-2,-1,-1.60800278791,-0.804001393954,4,3,3.21600557581,2.41200418186,0.00520029425544,-0.00293126692428
-2,-1,-1.60800278791,-0.804001393954,4,4,3.21600557581,3.21600557581,-0.00467035426554,0.0121751509929
-2,0,-1.60800278791,0,-4,-4,-3.21600557581,-3.21600557581,0.00616819522119,0.00629187057688
-2,0,-1.60800278791,0,-4,-3,-3.21600557581,-2.41200418186,-0.0217590344237,-0.00187234092528
-2,0,-1.60800278791,0,-4,-2,-3.21600557581,-1.60800278791,-0.00239869029633,0.00441910133348
-2,0,-1.60800278791,0,-4,-1,-3.21600557581,-0.804001393954,-0.00219255102867,0.0162288646593
-2,0,-1.60800278791,0,-4,0,-3.21600557581,0,-0.0125462505285,-0.0196041625659
-2,0,-1.60800278791,0,-4,1,-3.21600557581,0.804001393954,-0.0140657919496,0.000986227464628
-2,0,-1.60800278791,0,-4,2,-3.21600557581,1.60800278791,-0.00197015184614,-0.00107996890577
-2,0,-1.60800278791,0,-4,3,-3.21600557581,2.41200418186,0.00116098757181,0.00747850053474
-2,0,-1.60800278791,0,-4,4,-3.21600557581,3.21600557581,0.00718705103735,-0.00379665888952
-2,0,-1.60800278791,0,-3,-4,-2.41200418186,-3.21600557581,0.00467574394225,-0.000888538109404
-2,0,-1.60800278791,0,-3,-3,-2.41200418186,-2.41200418186,-0.0147017734794,0.00777154687369
-2,0,-1.60800278791,0,-3,-2,-2.41200418186,-1.60800278791,0.00448529752914,0.0155476124713
-2,0,-1.60800278791,0,-3,-1,-2.41200418186,-0.804001393954,-0.0162833074527,-0.00470807984575
-2,0,-1.60800278791,0,-3,0,-2.41200418186,0,0.00906857076871,0.00209043869449
-2,0,-1.60800278791,0,-3,1,-2.41200418186,0.804001393954,-0.0151600203657,0.000539691081242
-2,0,-1.60800278791,0,-3,2,-2.41200418186,1.60800278791,-0.000439549481027,0.000426653479421
-2,0,-1.60800278791,0,-3,3,-2.41200418186,2.41200418186,0.0057826455703,-0.000846398035364
-2,0,-1.60800278791,0,-3,4,-2.41200418186,3.21600557581,0.00470323415287,0.00527551882391
-2,0,-1.60800278791,0,-2,-4,-1.60800278791,-3.21600557581,0.0164684821142,0.0124173116339
-2,0,-1.60800278791,0,-2,-3,-1.60800278791,-2.41200418186,-0.00979130209322,0.00239244295387
-2,0,-1.60800278791,0,-2,-2,-1.60800278791,-1.60800278791,-0.00775140433319,0.0244393968107
-2,0,-1.60800278791,0,-2,-1,-1.60800278791,-0.804001393954,0.00828441113104,-0.0025772451355
-2,0,-1.60800278791,0,-2,0,-1.60800278791,0,0.325934359395,0
-2,0,-1.60800278791,0,-2,1,-1.60800278791,0.804001393954,0.0138724889536,-0.0168891592919
-2,0,-1.60800278791,0,-2,2,-1.60800278791,1.60800278791,-0.00327788501096,-0.0304947232223
-2,0,-1.60800278791,0,-2,3,-1.60800278791,2.41200418186,0.00747069850911,-0.0145860582249
-2,0,-1.60800278791,0,-2,4,-1.60800278791,3.21600557581,0.0119434231077,-0.00497938893519
-2,0,-1.60800278791,0,-1,-4,-0.804001393954,-3.21600557581,0.00156202292804,-0.00984903553805
-2,0,-1.60800278791,0,-1,-3,-0.804001393954,-2.41200418186,0.0099918917426,0.00501555377088
-2,0,-1.60800278791,0,-1,-2,-0.804001393954,-1.60800278791,0.00140188260014,-0.00359038072298
-2,0,-1.60800278791,0,-1,-1,-0.804001393954,-0.804001393954,-0.0455941982602,-0.00355280163988
-2,0,-1.60800278791,0,-1,0,-0.804001393954,0,0.0148325826818,-0.00549637776694
-2,0,-1.60800278791,0,-1,1,-0.804001393954,0.804001393954,-0.0298946155148,0.0309556783742
-2,0,-1.60800278791,0,-1,2,-0.804001393954,1.60800278791,-0.0030013338537,-0.0160026387846
-2,0,-1.60800278791,0,-1,3,-0.804001393954,2.41200418186,-0.02464351899,-0.000574618194464
-2,0,-1.60800278791,0,-1,4,-0.804001393954,3.21600557581,-0.00374164972677,-0.00762046069965
-2,0,-1.60800278791,0,0,-4,0,-3.21600557581,0.00925715075223,-0.00340998631662
-2,0,-1.60800278791,0,0,-3,0,-2.41200418186,0.00518144815573,-0.00240519433292
-2,0,-1.60800278791,0,0,-2,0,-1.60800278791,-0.0164543793838,-0.0162680542975
-2,0,-1.60800278791,0,0,-1,0,-0.804001393954,-0.033121753329,-0.0103302545201
-2,0,-1.60800278791,0,0,0,0,0,-0.107643006034,0.09199882923
-2,0,-1.60800278791,0,0,1,0,0.804001393954,-0.0209147908518,-0.0210404961594
-2,0,-1.60800278791,0,0,2,0,1.60800278791,-0.0062338243395,-0.00881017545231
-2,0,-1.60800278791,0,0,3,0,2.41200418186,-0.0160431137328,0.00581511962938
-2,0,-1.60800278791,0,0,4,0,3.21600557581,0.0174523245107,-0.0134585190032
-2,0,-1.60800278791,0,1,-4,0.804001393954,-3.21600557581,0.00763060234789,-0.000133746920342
-2,0,-1.60800278791,0,1,-3,0.804001393954,-2.41200418186,-0.0229685761497,-0.00422085264051
-2,0,-1.60800278791,0,1,-2,0.804001393954,-1.60800278791,-0.00667804850269,-0.0254512474683
-2,0,-1.60800278791,0,1,-1,0.804001393954,-0.804001393954,-0.0204622182217,-0.0520221049139
-2,0,-1.60800278791,0,1,0,0.804001393954,0,0.0198695354817,0.026955027595
-2,0,-1.60800278791,0,1,1,0.804001393954,0.804001393954,-0.0126822272772,-0.0292223814716
-2,0,-1.60800278791,0,1,2,0.804001393954,1.60800278791,0.0226385154088,0.00132680611837
-2,0,-1.60800278791,0,1,3,0.804001393954,2.41200418186,-0.00179467886606,0.0121489373153
-2,0,-1.60800278791,0,1,4,0.804001393954,3.21600557581,-0.0208838745496,0.000456147597291
-2,0,-1.60800278791,0,2,-4,1.60800278791,-3.21600557581,0.00425598955059,-0.0161320300886
-2,0,-1.60800278791,0,2,-3,1.60800278791,-2.41200418186,0.00978948260738,0.002939021099
-2,0,-1.60800278791,0,2,-2,1.60800278791,-1.60800278791,-0.00184233056922,-0.0208119667556
-2,0,-1.60800278791,0,2,-1,1.60800278791,-0.804001393954,-0.022204349913,0.0299530456464
-2,0,-1.60800278791,0,2,0,1.60800278791,0,-0.014768932253,0.0197395009663
-2,0,-1.60800278791,0,2,1,1.60800278791,0.804001393954,0.0143096437005,-0.030067737255
-2,0,-1.60800278791,0,2,2,1.60800278791,1.60800278791,-0.0150555300306,0.0114976350493
-2,0,-1.60800278791,0,2,3,1.60800278791,2.41200418186,-0.00477178292081,0.00245231579296
-2,0,-1.60800278791,0,2,4,1.60800278791,3.21600557581,-0.0083964595813,0.0152022630687
-2,0,-1.60800278791,0,3,-4,2.41200418186,-3.21600557581,-0.00889892613594,0.0126425929879
-2,0,-1.60800278791,0,3,-3,2.41200418186,-2.41200418186,0.00661500743558,0.00954899053703
-2,0,-1.60800278791,0,3,-2,2.41200418186,-1.60800278791,0.00097591495815,-0.019009964263
-2,0,-1.60800278791,0,3,-1,2.41200418186,-0.804001393954,0.00279722119674,0.00783553762324
-2,0,-1.60800278791,0,3,0,2.41200418186,0,-0.023684885256,-0.00284364522372
-2,0,-1.60800278791,0,3,1,2.41200418186,0.804001393954,0.0081225749166,0.0118978478182
-2,0,-1.60800278791,0,3,2,2.41200418186,1.60800278791,0.00867626689351,0.00408972934246
-2,0,-1.60800278791,0,3,3,2.41200418186,2.41200418186,0.00986541904812,-0.0181367238356
-2,0,-1.60800278791,0,3,4,2.41200418186,3.21600557581,-0.0179853077538,0.0140706344416
-2,0,-1.60800278791,0,4,-4,3.21600557581,-3.21600557581,-0.00083810076818,0.0037024174839
-2,0,-1.60800278791,0,4,-3,3.21600557581,-2.41200418186,0.023651443715,0.0151542198889
-2,0,-1.60800278791,0,4,-2,3.21600557581,-1.60800278791,0.000938115199642,0.0138441998471
-2,0,-1.60800278791,0,4,-1,3.21600557581,-0.804001393954,0.0056254906851,-0.00212256730996
-2,0,-1.60800278791,0,4,0,3.21600557581,0,0.0158733836174,-0.00853109858121
-2,0,-1.60800278791,0,4,1,3.21600557581,0.804001393954,0.0139405878868,0.017367870009
-2,0,-1.60800278791,0,4,2,3.21600557581,1.60800278791,-0.012653962684,0.00413041508993
-2,0,-1.60800278791,0,4,3,3.21600557581,2.41200418186,0.0127578866493,0.00602841948026
-2,0,-1.60800278791,0,4,4,3.21600557581,3.21600557581,0.00893866140363,-0.0112311466078
-2,1,-1.60800278791,0.804001393954,-4,-4,-3.21600557581,-3.21600557581,-0.000894116005542,-0.00108004262771
-2,1,-1.60800278791,0.804001393954,-4,-3,-3.21600557581,-2.41200418186,0.0129746882515,0.00126699191856
-2,1,-1.60800278791,0.804001393954,-4,-2,-3.21600557581,-1.60800278791,-0.0130222441919,-0.00774246252205
-2,1,-1.60800278791,0.804001393954,-4,-1,-3.21600557581,-0.804001393954,-0.00663236260294,0.00222690240304
-2,1,-1.60800278791,0.804001393954,-4,0,-3.21600557581,0,-0.00205480858218,0.00682959597485
-2,1,-1.60800278791,0.804001393954,-4,1,-3.21600557581,0.804001393954,-0.00435987465202,-0.0102285347947
-2,1,-1.60800278791,0.804001393954,-4,2,-3.21600557581,1.60800278791,-0.00886669573095,0.00290322024629
-2,1,-1.60800278791,0.804001393954,-4,3,-3.21600557581,2.41200418186,-0.00916430471318,0.00930616177313
-2,1,-1.60800278791,0.804001393954,-4,4,-3.21600557581,3.21600557581,0.0019052235067,-0.00612175520602
-2,1,-1.60800278791,0.804001393954,-3,-4,-2.41200418186,-3.21600557581,0.0106450298301,0.00124530486276
-2,1,-1.60800278791,0.804001393954,-3,-3,-2.41200418186,-2.41200418186,0.00180791841338,-0.00446773118963
-2,1,-1.60800278791,0.804001393954,-3,-2,-2.41200418186,-1.60800278791,-0.0165807275879,0.00933277284015
-2,1,-1.60800278791,0.804001393954,-3,-1,-2.41200418186,-0.804001393954,0.00140231985417,0.0115871244617
-2,1,-1.60800278791,0.804001393954,-3,0,-2.41200418186,0,-0.0151687124212,-0.00609191873573
-2,1,-1.60800278791,0.804001393954,-3,1,-2.41200418186,0.804001393954,0.00825683472609,-0.0011935545125
-2,1,-1.60800278791,0.804001393954,-3,2,-2.41200418186,1.60800278791,-0.0134224396359,-0.00259192777033
-2,1,-1.60800278791,0.804001393954,-3,3,-2.41200418186,2.41200418186,0.0118539408623,0.00169879513778
-2,1,-1.60800278791,0.804001393954,-3,4,-2.41200418186,3.21600557581,0.0063796603394,-0.00781321367988
-2,1,-1.60800278791,0.804001393954,-2,-4,-1.60800278791,-3.21600557581,-0.00393284596037,-0.000740589025717
-2,1,-1.60800278791,0.804001393954,-2,-3,-1.60800278791,-2.41200418186,0.0193898064536,0.00266606352189
-2,1,-1.60800278791,0.804001393954,-2,-2,-1.60800278791,-1.60800278791,0.00373553600385,0.0158397452063
-2,1,-1.60800278791,0.804001393954,-2,-1,-1.60800278791,-0.804001393954,-0.00863580761081,0.0232499008215
-2,1,-1.60800278791,0.804001393954,-2,0,-1.60800278791,0,0.0138724889536,0.0168891592919
-2,1,-1.60800278791,0.804001393954,-2,1,-1.60800278791,0.804001393954,0.256770620869,0
-2,1,-1.60800278791,0.804001393954,-2,2,-1.60800278791,1.60800278791,0.00795856217391,-0.00880679738601
-2,1,-1.60800278791,0.804001393954,-2,3,-1.60800278791,2.41200418186,0.00281050794596,-0.0187310922657
-2,1,-1.60800278791,0.804001393954,-2,4,-1.60800278791,3.21600557581,-0.000354954603321,-0.00180070719932
-2,1,-1.60800278791,0.804001393954,-1,-4,-0.804001393954,-3.21600557581,0.000870076542904,-0.0018010300516
-2,1,-1.60800278791,0.804001393954,-1,-3,-0.804001393954,-2.41200418186,0.00504198476055,-0.0090276248036
-2,1,-1.60800278791,0.804001393954,-1,-2,-0.804001393954,-1.60800278791,0.00922831999635,0.00281115673204
-2,1,-1.60800278791,0.804001393954,-1,-1,-0.804001393954,-0.804001393954,-0.00334930121901,-0.0041577089466
-2,1,-1.60800278791,0.804001393954,-1,0,-0.804001393954,0,-0.0449064730714,0.0108417521615
-2,1,-1.60800278791,0.804001393954,-1,1,-0.804001393954,0.804001393954,0.0126851601815,0.00100393590969
-2,1,-1.60800278791,0.804001393954,-1,2,-0.804001393954,1.60800278791,-0.0230148341327,0.011826654717
-2,1,-1.60800278791,0.804001393954,-1,3,-0.804001393954,2.41200418186,-0.000346690424192,-0.0117156292252
-2,1,-1.60800278791,0.804001393954,-1,4,-0.804001393954,3.21600557581,-0.00569198656543,-0.00386540333815
-2,1,-1.60800278791,0.804001393954,0,-4,0,-3.21600557581,0.00219220283619,-0.0102494458125
-2,1,-1.60800278791,0.804001393954,0,-3,0,-2.41200418186,0.00977350628237,0.00432975283602
-2,1,-1.60800278791,0.804001393954,0,-2,0,-1.60800278791,-0.000553696000213,0.00477846280605
-2,1,-1.60800278791,0.804001393954,0,-1,0,-0.804001393954,-0.0145557352063,-0.0236784251279
-2,1,-1.60800278791,0.804001393954,0,0,0,0,-0.0644212050458,-0.0201064163954
-2,1,-1.60800278791,0.804001393954,0,1,0,0.804001393954,-0.0393630457224,0.0595393995112
-2,1,-1.60800278791,0.804001393954,0,2,0,1.60800278791,-0.00399960466164,-0.0148329993247
-2,1,-1.60800278791,0.804001393954,0,3,0,2.41200418186,-0.00345913968412,-0.000901657994281
-2,1,-1.60800278791,0.804001393954,0,4,0,3.21600557581,-0.0125843969023,0.00071074169972
-2,1,-1.60800278791,0.804001393954,1,-4,0.804001393954,-3.21600557581,-0.0136094402057,0.00324154397397
-2,1,-1.60800278791,0.804001393954,1,-3,0.804001393954,-2.41200418186,0.00826710969193,-0.00231808938452
-2,1,-1.60800278791,0.804001393954,1,-2,0.804001393954,-1.60800278791,-0.0299508733753,-0.00648899418568
-2,1,-1.60800278791,0.804001393954,1,-1,0.804001393954,-0.804001393954,-0.0025476528573,-0.038304953421
-2,1,-1.60800278791,0.804001393954,1,0,0.804001393954,0,-0.0264323477627,-0.0574445557601
-2,1,-1.60800278791,0.804001393954,1,1,0.804001393954,0.804001393954,0.0194382519849,0.0136580375122
-2,1,-1.60800278791,0.804001393954,1,2,0.804001393954,1.60800278791,-0.0137903048794,-0.0151667895065
-2,1,-1.60800278791,0.804001393954,1,3,0.804001393954,2.41200418186,0.0115680269197,-0.00323391218815
-2,1,-1.60800278791,0.804001393954,1,4,0.804001393954,3.21600557581,-0.00189426317725,0.00251583255931
-2,1,-1.60800278791,0.804001393954,2,-4,1.60800278791,-3.21600557581,0.00330964206785,-0.00409606687648
-2,1,-1.60800278791,0.804001393954,2,-3,1.60800278791,-2.41200418186,-0.000941960483142,-0.0102284992998
-2,1,-1.60800278791,0.804001393954,2,-2,1.60800278791,-1.60800278791,0.00910306387539,-4.6559075439e-05
-2,1,-1.60800278791,0.804001393954,2,-1,1.60800278791,-0.804001393954,-0.00653199912305,-0.0132695610484
-2,1,-1.60800278791,0.804001393954,2,0,1.60800278791,0,-0.022204349913,0.0299530456464
-2,1,-1.60800278791,0.804001393954,2,1,1.60800278791,0.804001393954,-0.00655946419077,0.013994253519
-2,1,-1.60800278791,0.804001393954,2,2,1.60800278791,1.60800278791,0.00526410489031,-0.0153328803236
-2,1,-1.60800278791,0.804001393954,2,3,1.60800278791,2.41200418186,-0.00770914270677,0.000313588180933
-2,1,-1.60800278791,0.804001393954,2,4,1.60800278791,3.21600557581,-0.00445032700289,0.00143436954038
-2,1,-1.60800278791,0.804001393954,3,-4,2.41200418186,-3.21600557581,0.00251910786249,-0.0124840795864
-2,1,-1.60800278791,0.804001393954,3,-3,2.41200418186,-2.41200418186,0.000582043069765,0.0184954850097
-2,1,-1.60800278791,0.804001393954,3,-2,2.41200418186,-1.60800278791,0.00341091166267,0.00213149184605
-2,1,-1.60800278791,0.804001393954,3,-1,2.41200418186,-0.804001393954,-0.00330239901125,-0.0086783599945
-2,1,-1.60800278791,0.804001393954,3,0,2.41200418186,0,0.00873586219866,0.00446442080635
-2,1,-1.60800278791,0.804001393954,3,1,2.41200418186,0.804001393954,-0.013816819288,-0.00022150831331
-2,1,-1.60800278791,0.804001393954,3,2,2.41200418186,1.60800278791,0.00356929135164,0.00284610326405
-2,1,-1.60800278791,0.804001393954,3,3,2.41200418186,2.41200418186,0.00194370876088,-0.00176238746185
-2,1,-1.60800278791,0.804001393954,3,4,2.41200418186,3.21600557581,0.00997275260357,-0.0128179813117
-2,1,-1.60800278791,0.804001393954,4,-4,3.21600557581,-3.21600557581,0.00220122450384,0.00611130001001
-2,1,-1.60800278791,0.804001393954,4,-3,3.21600557581,-2.41200418186,0.00449360563571,-0.000856882107491
-2,1,-1.60800278791,0.804001393954,4,-2,3.21600557581,-1.60800278791,0.0134808949597,0.0167336912152
-2,1,-1.60800278791,0.804001393954,4,-1,3.21600557581,-0.804001393954,0.0064762366769,0.00672012634294
-2,1,-1.60800278791,0.804001393954,4,0,3.21600557581,0,-0.00146265680691,-0.000972238628919
-2,1,-1.60800278791,0.804001393954,4,1,3.21600557581,0.804001393954,0.00930569703208,-0.0032818037822
-2,1,-1.60800278791,0.804001393954,4,2,3.21600557581,1.60800278791,0.0150788610742,0.00974630044475
-2,1,-1.60800278791,0.804001393954,4,3,3.21600557581,2.41200418186,-0.00146472060659,0.0084372052942
-2,1,-1.60800278791,0.804001393954,4,4,3.21600557581,3.21600557581,0.0005723511502,0.00643450822521
-2,2,-1.60800278791,1.60800278791,-4,-4,-3.21600557581,-3.21600557581,-0.00128516250558,-0.000286618023169
-2,2,-1.60800278791,1.60800278791,-4,-3,-3.21600557581,-2.41200418186,0.00282786549154,-0.000870363258549
-2,2,-1.60800278791,1.60800278791,-4,-2,-3.21600557581,-1.60800278791,0.0040309187568,-0.00294345030294
-2,2,-1.60800278791,1.60800278791,-4,-1,-3.21600557581,-0.804001393954,-0.00409995491848,-0.000298075998717
-2,2,-1.60800278791,1.60800278791,-4,0,-3.21600557581,0,-0.00643051965444,-0.00200740044493
-2,2,-1.60800278791,1.60800278791,-4,1,-3.21600557581,0.804001393954,0.00229093546098,0.00211699800697
-2,2,-1.60800278791,1.60800278791,-4,2,-3.21600557581,1.60800278791,0.000377527795405,-0.00197039775986
-2,2,-1.60800278791,1.60800278791,-4,3,-3.21600557581,2.41200418186,-0.000339467663012,0.00843723249665
-2,2,-1.60800278791,1.60800278791,-4,4,-3.21600557581,3.21600557581,-0.000349551484273,0.00220403950742
-2,2,-1.60800278791,1.60800278791,-3,-4,-2.41200418186,-3.21600557581,-0.00674690259385,0.00114139987689
-2,2,-1.60800278791,1.60800278791,-3,-3,-2.41200418186,-2.41200418186,0.00799151800488,0.00303531513352
-2,2,-1.60800278791,1.60800278791,-3,-2,-2.41200418186,-1.60800278791,0.00340354612392,-0.00579403598326
-2,2,-1.60800278791,1.60800278791,-3,-1,-2.41200418186,-0.804001393954,-0.0154525491216,0.000939856203437
-2,2,-1.60800278791,1.60800278791,-3,0,-2.41200418186,0,0.00228909631113,0.00298832563658
-2,2,-1.60800278791,1.60800278791,-3,1,-2.41200418186,0.804001393954,-0.00237681358467,-0.000714284617741
-2,2,-1.60800278791,1.60800278791,-3,2,-2.41200418186,1.60800278791,0.00363826920565,0.00144961837959
-2,2,-1.60800278791,1.60800278791,-3,3,-2.41200418186,2.41200418186,0.00135094493374,-0.00159937304904
-2,2,-1.60800278791,1.60800278791,-3,4,-2.41200418186,3.21600557581,0.00958116667824,0.00405832236655
-2,2,-1.60800278791,1.60800278791,-2,-4,-1.60800278791,-3.21600557581,-0.0107395064862,0.00654102277333
-2,2,-1.60800278791,1.60800278791,-2,-3,-1.60800278791,-2.41200418186,-0.00751376773946,-0.00117237606211
-2,2,-1.60800278791,1.60800278791,-2,-2,-1.60800278791,-1.60800278791,0.0197359883057,0.000647272328512
-2,2,-1.60800278791,1.60800278791,-2,-1,-1.60800278791,-0.804001393954,0.00845172514207,0.00826097406548
-2,2,-1.60800278791,1.60800278791,-2,0,-1.60800278791,0,-0.00327788501096,0.0304947232223
-2,2,-1.60800278791,1.60800278791,-2,1,-1.60800278791,0.804001393954,0.00795856217391,0.00880679738601
-2,2,-1.60800278791,1.60800278791,-2,2,-1.60800278791,1.60800278791,0.134046658823,0
-2,2,-1.60800278791,1.60800278791,-2,3,-1.60800278791,2.41200418186,0.00631941744224,-0.00659968379612
-2,2,-1.60800278791,1.60800278791,-2,4,-1.60800278791,3.21600557581,0.00127831078964,-0.00478771990046
-2,2,-1.60800278791,1.60800278791,-1,-4,-0.804001393954,-3.21600557581,-0.0023144353896,-0.00268829210326
-2,2,-1.60800278791,1.60800278791,-1,-3,-0.804001393954,-2.41200418186,-0.0027571967241,-0.00282967447111
-2,2,-1.60800278791,1.60800278791,-1,-2,-0.804001393954,-1.60800278791,-0.000282935040987,-0.014854728529
-2,2,-1.60800278791,1.60800278791,-1,-1,-0.804001393954,-0.804001393954,0.0139050458206,0.0115520860415
-2,2,-1.60800278791,1.60800278791,-1,0,-0.804001393954,0,-0.00938843143788,-0.0121501778953
-2,2,-1.60800278791,1.60800278791,-1,1,-0.804001393954,0.804001393954,-0.0306363578657,0.00272058735645
-2,2,-1.60800278791,1.60800278791,-1,2,-0.804001393954,1.60800278791,0.00135295911712,-0.00297833179526
-2,2,-1.60800278791,1.60800278791,-1,3,-0.804001393954,2.41200418186,-0.0169832842949,0.00381253916044
-2,2,-1.60800278791,1.60800278791,-1,4,-0.804001393954,3.21600557581,0.00408264768176,-0.00135090479346
-2,2,-1.60800278791,1.60800278791,0,-4,0,-3.21600557581,0.00874470605018,0.00787841705756
-2,2,-1.60800278791,1.60800278791,0,-3,0,-2.41200418186,0.00111566159902,-0.0106062904093
-2,2,-1.60800278791,1.60800278791,0,-2,0,-1.60800278791,0.0134816360646,0.00509053657925
-2,2,-1.60800278791,1.60800278791,0,-1,0,-0.804001393954,0.00312330272387,0.00716853250883
-2,2,-1.60800278791,1.60800278791,0,0,0,0,-0.0415496869033,-0.0287315772791
-2,2,-1.60800278791,1.60800278791,0,1,0,0.804001393954,-0.0219739821576,-0.00381455266228
-2,2,-1.60800278791,1.60800278791,0,2,0,1.60800278791,-0.027981305273,0.0184512866673
-2,2,-1.60800278791,1.60800278791,0,3,0,2.41200418186,0.0050350588848,-0.00675741717093
-2,2,-1.60800278791,1.60800278791,0,4,0,3.21600557581,0.000765531099376,-0.000654817018853
-2,2,-1.60800278791,1.60800278791,1,-4,0.804001393954,-3.21600557581,-0.00025509162196,-0.000871172070502
-2,2,-1.60800278791,1.60800278791,1,-3,0.804001393954,-2.41200418186,-0.0103858029253,-0.000362819664467
-2,2,-1.60800278791,1.60800278791,1,-2,0.804001393954,-1.60800278791,0.0134809107929,0.00263874257506
-2,2,-1.60800278791,1.60800278791,1,-1,0.804001393954,-0.804001393954,-0.0264491929123,-0.0119481626129
-2,2,-1.60800278791,1.60800278791,1,0,0.804001393954,0,-0.00235724941786,-0.0293083947488
-2,2,-1.60800278791,1.60800278791,1,1,0.804001393954,0.804001393954,-0.0121211567,-0.03540642395
-2,2,-1.60800278791,1.60800278791,1,2,0.804001393954,1.60800278791,0.00882506656802,0.00790100507118
-2,2,-1.60800278791,1.60800278791,1,3,0.804001393954,2.41200418186,-0.000414376857096,-0.00796011945155
-2,2,-1.60800278791,1.60800278791,1,4,0.804001393954,3.21600557581,0.000596098862929,-0.000916771660306
-2,2,-1.60800278791,1.60800278791,2,-4,1.60800278791,-3.21600557581,-0.00385804515404,0.00409248541362
-2,2,-1.60800278791,1.60800278791,2,-3,1.60800278791,-2.41200418186,-0.0011928845238,-0.00154144236081
-2,2,-1.60800278791,1.60800278791,2,-2,1.60800278791,-1.60800278791,-0.00685444259384,-0.0100432817545
-2,2,-1.60800278791,1.60800278791,2,-1,1.60800278791,-0.804001393954,0.00910306387539,-4.6559075439e-05
-2,2,-1.60800278791,1.60800278791,2,0,1.60800278791,0,-0.00184233056922,-0.0208119667556
-2,2,-1.60800278791,1.60800278791,2,1,1.60800278791,0.804001393954,-0.0143904770706,0.0200420743009
-2,2,-1.60800278791,1.60800278791,2,2,1.60800278791,1.60800278791,-0.0024370159328,0.0137586556492
-2,2,-1.60800278791,1.60800278791,2,3,1.60800278791,2.41200418186,-0.000433961718593,-0.00282366814581
-2,2,-1.60800278791,1.60800278791,2,4,1.60800278791,3.21600557581,-0.00395620301039,0.00667714607243
-2,2,-1.60800278791,1.60800278791,3,-4,2.41200418186,-3.21600557581,0.00346041562926,0.00110240490207
-2,2,-1.60800278791,1.60800278791,3,-3,2.41200418186,-2.41200418186,0.0051186766605,-0.0154321959736
-2,2,-1.60800278791,1.60800278791,3,-2,2.41200418186,-1.60800278791,-0.00633525920478,0.00665380627245
-2,2,-1.60800278791,1.60800278791,3,-1,2.41200418186,-0.804001393954,0.003473948768,0.00978077791843
-2,2,-1.60800278791,1.60800278791,3,0,2.41200418186,0,0.00309250095075,-0.00651858315938
-2,2,-1.60800278791,1.60800278791,3,1,2.41200418186,0.804001393954,0.00318385774929,0.00745009703949
-2,2,-1.60800278791,1.60800278791,3,2,2.41200418186,1.60800278791,-0.00367776616847,0.00546209986366
-2,2,-1.60800278791,1.60800278791,3,3,2.41200418186,2.41200418186,-0.000194988075367,0.00706057309092
-2,2,-1.60800278791,1.60800278791,3,4,2.41200418186,3.21600557581,-0.00226817474418,-0.0039096315392
-2,2,-1.60800278791,1.60800278791,4,-4,3.21600557581,-3.21600557581,-0.0109126215932,0.0135094496281
-2,2,-1.60800278791,1.60800278791,4,-3,3.21600557581,-2.41200418186,0.0032648565261,0.000896514887032
-2,2,-1.60800278791,1.60800278791,4,-2,3.21600557581,-1.60800278791,-0.00364862008537,0.00216719675243
-2,2,-1.60800278791,1.60800278791,4,-1,3.21600557581,-0.804001393954,0.0115087076806,0.00391014828501
-2,2,-1.60800278791,1.60800278791,4,0,3.21600557581,0,0.000277000592848,0.00770495337246
-2,2,-1.60800278791,1.60800278791,4,1,3.21600557581,0.804001393954,-0.00608059498878,-0.0021140123814
-2,2,-1.60800278791,1.60800278791,4,2,3.21600557581,1.60800278791,0.00971419995116,-0.00337085471957
-2,2,-1.60800278791,1.60800278791,4,3,3.21600557581,2.41200418186,0.00877657275571,0.00381946886284
-2,2,-1.60800278791,1.60800278791,4,4,3.21600557581,3.21600557581,0.00429596872096,0.00302930036047
-2,3,-1.60800278791,2.41200418186,-4,-4,-3.21600557581,-3.21600557581,0.00169160728434,0.00323983651969
-2,3,-1.60800278791,2.41200418186,-4,-3,-3.21600557581,-2.41200418186,0.00168234700314,0.0016178908121
-2,3,-1.60800278791,2.41200418186,-4,-2,-3.21600557581,-1.60800278791,-0.00184899594824,-0.00209260322613
-2,3,-1.60800278791,2.41200418186,-4,-1,-3.21600557581,-0.804001393954,0.00291825719708,0.00219886254548
-2,3,-1.60800278791,2.41200418186,-4,0,-3.21600557581,0,-0.00388161645829,0.00539776590073
-2,3,-1.60800278791,2.41200418186,-4,1,-3.21600557581,0.804001393954,-0.00414056293391,0.000701661959604
-2,3,-1.60800278791,2.41200418186,-4,2,-3.21600557581,1.60800278791,0.00205685271299,0.00329724012945
-2,3,-1.60800278791,2.41200418186,-4,3,-3.21600557581,2.41200418186,-0.00130397284593,0.00232178673311
-2,3,-1.60800278791,2.41200418186,-4,4,-3.21600557581,3.21600557581,-0.00177891735509,-0.00183667421732
-2,3,-1.60800278791,2.41200418186,-3,-4,-2.41200418186,-3.21600557581,-0.000315375239831,0.0017430561561
-2,3,-1.60800278791,2.41200418186,-3,-3,-2.41200418186,-2.41200418186,-0.00156477966831,0.00358899299072
-2,3,-1.60800278791,2.41200418186,-3,-2,-2.41200418186,-1.60800278791,0.00594979777281,0.000640222129002
-2,3,-1.60800278791,2.41200418186,-3,-1,-2.41200418186,-0.804001393954,0.00128435203824,0.00207612502003
-2,3,-1.60800278791,2.41200418186,-3,0,-2.41200418186,0,-0.0104855361529,-0.00207034585412
-2,3,-1.60800278791,2.41200418186,-3,1,-2.41200418186,0.804001393954,0.00179772333808,-0.00567995769903
-2,3,-1.60800278791,2.41200418186,-3,2,-2.41200418186,1.60800278791,-0.00123250530092,0.00124783616468
-2,3,-1.60800278791,2.41200418186,-3,3,-2.41200418186,2.41200418186,0.00182279468009,-0.00114677734968
-2,3,-1.60800278791,2.41200418186,-3,4,-2.41200418186,3.21600557581,0.00248101105529,-0.000484452904184
-2,3,-1.60800278791,2.41200418186,-2,-4,-1.60800278791,-3.21600557581,-0.0025716764258,0.00457345965874
-2,3,-1.60800278791,2.41200418186,-2,-3,-1.60800278791,-2.41200418186,-0.00279223596693,0.00448360017082
-2,3,-1.60800278791,2.41200418186,-2,-2,-1.60800278791,-1.60800278791,-0.00348331666636,-0.000195806956626
-2,3,-1.60800278791,2.41200418186,-2,-1,-1.60800278791,-0.804001393954,0.0149486730265,0.00305779191649
-2,3,-1.60800278791,2.41200418186,-2,0,-1.60800278791,0,0.00747069850911,0.0145860582249
-2,3,-1.60800278791,2.41200418186,-2,1,-1.60800278791,0.804001393954,0.00281050794596,0.0187310922657
-2,3,-1.60800278791,2.41200418186,-2,2,-1.60800278791,1.60800278791,0.00631941744224,0.00659968379612
-2,3,-1.60800278791,2.41200418186,-2,3,-1.60800278791,2.41200418186,0.0304588086733,0
-2,3,-1.60800278791,2.41200418186,-2,4,-1.60800278791,3.21600557581,0.00306317503115,-0.00672062371194
-2,3,-1.60800278791,2.41200418186,-1,-4,-0.804001393954,-3.21600557581,0.00239357513385,-0.00317765800404
-2,3,-1.60800278791,2.41200418186,-1,-3,-0.804001393954,-2.41200418186,0.000279871998615,0.00203970297016
-2,3,-1.60800278791,2.41200418186,-1,-2,-0.804001393954,-1.60800278791,-0.00199742934645,-0.00423402007784
-2,3,-1.60800278791,2.41200418186,-1,-1,-0.804001393954,-0.804001393954,-0.0020572118307,-0.0174576833739
-2,3,-1.60800278791,2.41200418186,-1,0,-0.804001393954,0,0.00646148847345,0.0114082843878
-2,3,-1.60800278791,2.41200418186,-1,1,-0.804001393954,0.804001393954,0.00647990195618,-0.00445615411608
-2,3,-1.60800278791,2.41200418186,-1,2,-0.804001393954,1.60800278791,-0.0114932360179,0.000459824085327
-2,3,-1.60800278791,2.41200418186,-1,3,-0.804001393954,2.41200418186,0.000799789394879,0.000314946609139
-2,3,-1.60800278791,2.41200418186,-1,4,-0.804001393954,3.21600557581,-0.00108989162457,-0.00156872561079
-2,3,-1.60800278791,2.41200418186,0,-4,0,-3.21600557581,0.00516407229477,0.00370381888581
-2,3,-1.60800278791,2.41200418186,0,-3,0,-2.41200418186,0.00757007325071,0.0056766752955
-2,3,-1.60800278791,2.41200418186,0,-2,0,-1.60800278791,0.000643961155804,-0.00978709864497
-2,3,-1.60800278791,2.41200418186,0,-1,0,-0.804001393954,0.0175775787339,-0.0053306382143
-2,3,-1.60800278791,2.41200418186,0,0,0,0,0.00982193020579,0.0118577417008
-2,3,-1.60800278791,2.41200418186,0,1,0,0.804001393954,-0.0165163597307,-0.0109101620364
-2,3,-1.60800278791,2.41200418186,0,2,0,1.60800278791,-0.0185988532639,-0.00776288364727
-2,3,-1.60800278791,2.41200418186,0,3,0,2.41200418186,-0.0110063943075,-6.81750708034e-05
-2,3,-1.60800278791,2.41200418186,0,4,0,3.21600557581,0.000947404053516,-0.00158438921117
-2,3,-1.60800278791,2.41200418186,1,-4,0.804001393954,-3.21600557581,0.0011905775381,-0.0011755494469
-2,3,-1.60800278791,2.41200418186,1,-3,0.804001393954,-2.41200418186,-0.000610604536441,-0.00702700064966
-2,3,-1.60800278791,2.41200418186,1,-2,0.804001393954,-1.60800278791,-0.0172998523093,-0.00249921771487
-2,3,-1.60800278791,2.41200418186,1,-1,0.804001393954,-0.804001393954,0.00393279254046,-0.00174646395098
-2,3,-1.60800278791,2.41200418186,1,0,0.804001393954,0,-0.0398805792188,-0.0114998242581
-2,3,-1.60800278791,2.41200418186,1,1,0.804001393954,0.804001393954,-0.00549913751119,-0.0225900051204
-2,3,-1.60800278791,2.41200418186,1,2,0.804001393954,1.60800278791,-0.0028816838263,-0.0228658447637
-2,3,-1.60800278791,2.41200418186,1,3,0.804001393954,2.41200418186,0.00326806157937,0.00665246045994
-2,3,-1.60800278791,2.41200418186,1,4,0.804001393954,3.21600557581,-0.000956524284304,-0.00590208284581
-2,3,-1.60800278791,2.41200418186,2,-4,1.60800278791,-3.21600557581,-0.00481874555286,-0.00611814057785
-2,3,-1.60800278791,2.41200418186,2,-3,1.60800278791,-2.41200418186,-0.000412241434327,0.00301958155873
-2,3,-1.60800278791,2.41200418186,2,-2,1.60800278791,-1.60800278791,-0.0011928845238,-0.00154144236081
-2,3,-1.60800278791,2.41200418186,2,-1,1.60800278791,-0.804001393954,-0.000941960483142,-0.0102284992998
-2,3,-1.60800278791,2.41200418186,2,0,1.60800278791,0,0.00978948260738,0.002939021099
-2,3,-1.60800278791,2.41200418186,2,1,1.60800278791,0.804001393954,-0.00419771122843,-0.0116444773838
-2,3,-1.60800278791,2.41200418186,2,2,1.60800278791,1.60800278791,-0.00317494453012,0.00688201695432
-2,3,-1.60800278791,2.41200418186,2,3,1.60800278791,2.41200418186,-0.0021186171356,0.00528925310854
-2,3,-1.60800278791,2.41200418186,2,4,1.60800278791,3.21600557581,-0.00310933528195,-0.00539253538676
-2,3,-1.60800278791,2.41200418186,3,-4,2.41200418186,-3.21600557581,-0.00201138900988,0.00676259788114
-2,3,-1.60800278791,2.41200418186,3,-3,2.41200418186,-2.41200418186,0.000359199426796,0.000521463740477
-2,3,-1.60800278791,2.41200418186,3,-2,2.41200418186,-1.60800278791,0.00155459196707,-0.00963174280236
-2,3,-1.60800278791,2.41200418186,3,-1,2.41200418186,-0.804001393954,-0.0022081962726,0.00460438704096
-2,3,-1.60800278791,2.41200418186,3,0,2.41200418186,0,-0.00239369096688,0.00527492250174
-2,3,-1.60800278791,2.41200418186,3,1,2.41200418186,0.804001393954,-0.00356263143471,-0.00186275929013
-2,3,-1.60800278791,2.41200418186,3,2,2.41200418186,1.60800278791,0.00014476421062,0.00494334815746
-2,3,-1.60800278791,2.41200418186,3,3,2.41200418186,2.41200418186,-0.000592369922346,0.00403009999681
-2,3,-1.60800278791,2.41200418186,3,4,2.41200418186,3.21600557581,0.00117646659602,5.16312883226e-05
-2,3,-1.60800278791,2.41200418186,4,-4,3.21600557581,-3.21600557581,-0.00462658064857,-0.00120511725438
-2,3,-1.60800278791,2.41200418186,4,-3,3.21600557581,-2.41200418186,-0.00548960618979,0.0045616080413
-2,3,-1.60800278791,2.41200418186,4,-2,3.21600557581,-1.60800278791,0.00668948696181,0.00444110499635
-2,3,-1.60800278791,2.41200418186,4,-1,3.21600557581,-0.804001393954,-0.000455982158668,0.00117058991436
-2,3,-1.60800278791,2.41200418186,4,0,3.21600557581,0,0.00235994529028,0.00378385635229
-2,3,-1.60800278791,2.41200418186,4,1,3.21600557581,0.804001393954,-0.000778091086708,0.00457307707238
-2,3,-1.60800278791,2.41200418186,4,2,3.21600557581,1.60800278791,0.00221193138749,0.000867368426755
-2,3,-1.60800278791,2.41200418186,4,3,3.21600557581,2.41200418186,0.00146835885921,-0.000906548131303
-2,3,-1.60800278791,2.41200418186,4,4,3.21600557581,3.21600557581,0.00194515576664,0.00333753329519
-2,4,-1.60800278791,3.21600557581,-4,-4,-3.21600557581,-3.21600557581,0.00311602014185,0.00111087561731
-2,4,-1.60800278791,3.21600557581,-4,-3,-3.21600557581,-2.41200418186,0.00230836164457,0.00408968571935
-2,4,-1.60800278791,3.21600557581,-4,-2,-3.21600557581,-1.60800278791,-0.00383138041626,-0.00404113764852
-2,4,-1.60800278791,3.21600557581,-4,-1,-3.21600557581,-0.804001393954,0.00246129571478,-0.00117064921198
-2,4,-1.60800278791,3.21600557581,-4,0,-3.21600557581,0,0.00336147685129,-0.00200445719844
-2,4,-1.60800278791,3.21600557581,-4,1,-3.21600557581,0.804001393954,0.00248535454058,-2.87934161394e-06
-2,4,-1.60800278791,3.21600557581,-4,2,-3.21600557581,1.60800278791,0.00124885852379,0.000247490639857
-2,4,-1.60800278791,3.21600557581,-4,3,-3.21600557581,2.41200418186,0.00224280813199,0.00230390372616
-2,4,-1.60800278791,3.21600557581,-4,4,-3.21600557581,3.21600557581,-0.000445110840915,0.0022231086714
-2,4,-1.60800278791,3.21600557581,-3,-4,-2.41200418186,-3.21600557581,-0.0022277608903,-0.000699695111783
-2,4,-1.60800278791,3.21600557581,-3,-3,-2.41200418186,-2.41200418186,0.00211075582452,0.00352708216941
-2,4,-1.60800278791,3.21600557581,-3,-2,-2.41200418186,-1.60800278791,0.00144740972753,-0.00365710028681
-2,4,-1.60800278791,3.21600557581,-3,-1,-2.41200418186,-0.804001393954,0.00532670064822,0.000402628305554
-2,4,-1.60800278791,3.21600557581,-3,0,-2.41200418186,0,-0.000804350053421,-0.00279745941149
-2,4,-1.60800278791,3.21600557581,-3,1,-2.41200418186,0.804001393954,-0.00342923801453,0.00445387989456
-2,4,-1.60800278791,3.21600557581,-3,2,-2.41200418186,1.60800278791,0.00241087606812,-0.0014602759725
-2,4,-1.60800278791,3.21600557581,-3,3,-2.41200418186,2.41200418186,-0.000190588582973,-0.000722771549552
-2,4,-1.60800278791,3.21600557581,-3,4,-2.41200418186,3.21600557581,-0.000443700692189,0.00402099070481
-2,4,-1.60800278791,3.21600557581,-2,-4,-1.60800278791,-3.21600557581,-0.00435534697633,-0.000443907475307
-2,4,-1.60800278791,3.21600557581,-2,-3,-1.60800278791,-2.41200418186,-0.000226776270652,-0.00310202891369
-2,4,-1.60800278791,3.21600557581,-2,-2,-1.60800278791,-1.60800278791,-0.00653214920358,0.00556266011723
-2,4,-1.60800278791,3.21600557581,-2,-1,-1.60800278791,-0.804001393954,-0.00719987866284,0.00571717954148
-2,4,-1.60800278791,3.21600557581,-2,0,-1.60800278791,0,0.0119434231077,0.00497938893519
-2,4,-1.60800278791,3.21600557581,-2,1,-1.60800278791,0.804001393954,-0.000354954603321,0.00180070719932
-2,4,-1.60800278791,3.21600557581,-2,2,-1.60800278791,1.60800278791,0.00127831078964,0.00478771990046
-2,4,-1.60800278791,3.21600557581,-2,3,-1.60800278791,2.41200418186,0.00306317503115,0.00672062371194
-2,4,-1.60800278791,3.21600557581,-2,4,-1.60800278791,3.21600557581,0.00325456363394,0
-2,4,-1.60800278791,3.21600557581,-1,-4,-0.804001393954,-3.21600557581,0.00191263736012,-0.000637695592769
-2,4,-1.60800278791,3.21600557581,-1,-3,-0.804001393954,-2.41200418186,-0.000642965515577,-0.00142946827301
-2,4,-1.60800278791,3.21600557581,-1,-2,-0.804001393954,-1.60800278791,0.00366063295178,-0.00174937586846
-2,4,-1.60800278791,3.21600557581,-1,-1,-0.804001393954,-0.804001393954,-0.0053660565257,-0.00459175299522
-2,4,-1.60800278791,3.21600557581,-1,0,-0.804001393954,0,-0.0083020093613,-0.0201158381068
-2,4,-1.60800278791,3.21600557581,-1,1,-0.804001393954,0.804001393954,0.000591427672213,0.0059263848346
-2,4,-1.60800278791,3.21600557581,-1,2,-0.804001393954,1.60800278791,-0.000962480766435,-0.00473836807171
-2,4,-1.60800278791,3.21600557581,-1,3,-0.804001393954,2.41200418186,-9.71358095069e-05,-0.00187900888396
-2,4,-1.60800278791,3.21600557581,-1,4,-0.804001393954,3.21600557581,-0.00431330840572,-0.000504878330393
-2,4,-1.60800278791,3.21600557581,0,-4,0,-3.21600557581,-0.00279751018857,-0.00286752622404
-2,4,-1.60800278791,3.21600557581,0,-3,0,-2.41200418186,0.0005383828587,0.00407945659722
-2,4,-1.60800278791,3.21600557581,0,-2,0,-1.60800278791,0.00942464048058,0.00289212294969
-2,4,-1.60800278791,3.21600557581,0,-1,0,-0.804001393954,-0.00728242031144,-0.0133070163303
-2,4,-1.60800278791,3.21600557581,0,0,0,0,0.0342953341841,0.0151425753659
-2,4,-1.60800278791,3.21600557581,0,1,0,0.804001393954,-0.000175363013218,0.0147361742379
-2,4,-1.60800278791,3.21600557581,0,2,0,1.60800278791,-0.00643768258949,-0.00492545378789
-2,4,-1.60800278791,3.21600557581,0,3,0,2.41200418186,0.00226955750871,0.000587152968722
-2,4,-1.60800278791,3.21600557581,0,4,0,3.21600557581,-0.000552952274929,0.00491620331771
-2,4,-1.60800278791,3.21600557581,1,-4,0.804001393954,-3.21600557581,0.00179540284925,0.00543145851583
-2,4,-1.60800278791,3.21600557581,1,-3,0.804001393954,-2.41200418186,0.00526455105323,-0.00316272671091
-2,4,-1.60800278791,3.21600557581,1,-2,0.804001393954,-1.60800278791,1.30715015678e-05,-0.0117921724853
-2,4,-1.60800278791,3.21600557581,1,-1,0.804001393954,-0.804001393954,-0.0360194406692,-0.0145950878842
-2,4,-1.60800278791,3.21600557581,1,0,0.804001393954,0,0.0162200230974,-0.00154361819345
-2,4,-1.60800278791,3.21600557581,1,1,0.804001393954,0.804001393954,-0.030499854004,-0.00185127954848
-2,4,-1.60800278791,3.21600557581,1,2,0.804001393954,1.60800278791,-9.72765385646e-05,-0.0101942469922
-2,4,-1.60800278791,3.21600557581,1,3,0.804001393954,2.41200418186,0.00346741169738,-0.00715845548701
-2,4,-1.60800278791,3.21600557581,1,4,0.804001393954,3.21600557581,0.00347832847325,-0.000126537497045
-2,4,-1.60800278791,3.21600557581,2,-4,1.60800278791,-3.21600557581,-0.00136998509138,0.00010226311005
-2,4,-1.60800278791,3.21600557581,2,-3,1.60800278791,-2.41200418186,-0.00481874555286,-0.00611814057785
-2,4,-1.60800278791,3.21600557581,2,-2,1.60800278791,-1.60800278791,-0.00385804515404,0.00409248541362
-2,4,-1.60800278791,3.21600557581,2,-1,1.60800278791,-0.804001393954,0.00330964206785,-0.00409606687648
-2,4,-1.60800278791,3.21600557581,2,0,1.60800278791,0,0.00425598955059,-0.0161320300886
-2,4,-1.60800278791,3.21600557581,2,1,1.60800278791,0.804001393954,0.00918223537614,0.0016188408335
-2,4,-1.60800278791,3.21600557581,2,2,1.60800278791,1.60800278791,-0.00183122836265,-0.00354902715485
-2,4,-1.60800278791,3.21600557581,2,3,1.60800278791,2.41200418186,-0.00197017261135,0.000127968281698
-2,4,-1.60800278791,3.21600557581,2,4,1.60800278791,3.21600557581,0.00114233585953,-0.00113813406503
-2,4,-1.60800278791,3.21600557581,3,-4,2.41200418186,-3.21600557581,-0.00124262658267,0.00457748847586
-2,4,-1.60800278791,3.21600557581,3,-3,2.41200418186,-2.41200418186,-0.00127246460744,0.00184829160345
-2,4,-1.60800278791,3.21600557581,3,-2,2.41200418186,-1.60800278791,0.00012753624396,0.00315870002184
-2,4,-1.60800278791,3.21600557581,3,-1,2.41200418186,-0.804001393954,0.00177127171154,-0.00831843678654
-2,4,-1.60800278791,3.21600557581,3,0,2.41200418186,0,-0.00417988316,0.00542446710987
-2,4,-1.60800278791,3.21600557581,3,1,2.41200418186,0.804001393954,0.00235526858843,-0.000154905165889
-2,4,-1.60800278791,3.21600557581,3,2,2.41200418186,1.60800278791,-0.000828131270868,-0.00255910004517
-2,4,-1.60800278791,3.21600557581,3,3,2.41200418186,2.41200418186,-0.00492629123533,-0.00117077509552
-2,4,-1.60800278791,3.21600557581,3,4,2.41200418186,3.21600557581,0.00301791534609,-0.00292269884902
-2,4,-1.60800278791,3.21600557581,4,-4,3.21600557581,-3.21600557581,0.00115975562329,0.00288408303444
-2,4,-1.60800278791,3.21600557581,4,-3,3.21600557581,-2.41200418186,-0.00462106540684,-0.000155464667032
-2,4,-1.60800278791,3.21600557581,4,-2,3.21600557581,-1.60800278791,-0.00257568539889,-0.00407043355973
-2,4,-1.60800278791,3.21600557581,4,-1,3.21600557581,-0.804001393954,0.00349478014795,-0.00336325443689
-2,4,-1.60800278791,3.21600557581,4,0,3.21600557581,0,0.00279545791849,-0.00321449132437
-2,4,-1.60800278791,3.21600557581,4,1,3.21600557581,0.804001393954,0.00205292630239,-0.0024872615737
-2,4,-1.60800278791,3.21600557581,4,2,3.21600557581,1.60800278791,-0.000573922649111,0.000750335001912
-2,4,-1.60800278791,3.21600557581,4,3,3.21600557581,2.41200418186,-0.00199831386145,0.0039214121984
-2,4,-1.60800278791,3.21600557581,4,4,3.21600557581,3.21600557581,-0.00268606358635,-3.89971785183e-06
-1,-4,-0.804001393954,-3.21600557581,-4,-4,-3.21600557581,-3.21600557581,-0.0012316420035,-0.00490919874137
-1,-4,-0.804001393954,-3.21600557581,-4,-3,-3.21600557581,-2.41200418186,-0.000784096644213,0.0048351899481
-1,-4,-0.804001393954,-3.21600557581,-4,-2,-3.21600557581,-1.60800278791,-0.00340532441174,0.000542551935247
-1,-4,-0.804001393954,-3.21600557581,-4,-1,-3.21600557581,-0.804001393954,-0.00324059614857,-0.00101752951521
-1,-4,-0.804001393954,-3.21600557581,-4,0,-3.21600557581,0,0.000887004288037,0.00188429633832
-1,-4,-0.804001393954,-3.21600557581,-4,1,-3.21600557581,0.804001393954,-0.00471328158451,-0.000528999974905
-1,-4,-0.804001393954,-3.21600557581,-4,2,-3.21600557581,1.60800278791,0.00244342814427,0.000266302130703
-1,-4,-0.804001393954,-3.21600557581,-4,3,-3.21600557581,2.41200418186,-0.00369819152703,-0.00144558194047
-1,-4,-0.804001393954,-3.21600557581,-4,4,-3.21600557581,3.21600557581,0.00166871038188,0.000787673080145
-1,-4,-0.804001393954,-3.21600557581,-3,-4,-2.41200418186,-3.21600557581,0.00149260968344,0.00103700272415
-1,-4,-0.804001393954,-3.21600557581,-3,-3,-2.41200418186,-2.41200418186,-6.15527223499e-05,0.0039305741004
-1,-4,-0.804001393954,-3.21600557581,-3,-2,-2.41200418186,-1.60800278791,-0.00332951785172,-0.00122732879328
-1,-4,-0.804001393954,-3.21600557581,-3,-1,-2.41200418186,-0.804001393954,0.000922208420907,0.000348358334552
-1,-4,-0.804001393954,-3.21600557581,-3,0,-2.41200418186,0,0.00133661293738,-0.00719217646021
-1,-4,-0.804001393954,-3.21600557581,-3,1,-2.41200418186,0.804001393954,0.00611638675003,0.00324574974136
-1,-4,-0.804001393954,-3.21600557581,-3,2,-2.41200418186,1.60800278791,0.00120437303305,-0.00637117509042
-1,-4,-0.804001393954,-3.21600557581,-3,3,-2.41200418186,2.41200418186,0.00549759999581,0.000864222520017
-1,-4,-0.804001393954,-3.21600557581,-3,4,-2.41200418186,3.21600557581,-0.00150027844566,0.00248682588784
-1,-4,-0.804001393954,-3.21600557581,-2,-4,-1.60800278791,-3.21600557581,-0.00141388696227,-0.00438175737242
-1,-4,-0.804001393954,-3.21600557581,-2,-3,-1.60800278791,-2.41200418186,-0.00186996432608,-0.00321321741191
-1,-4,-0.804001393954,-3.21600557581,-2,-2,-1.60800278791,-1.60800278791,-5.9881098419e-05,0.00188300739348
-1,-4,-0.804001393954,-3.21600557581,-2,-1,-1.60800278791,-0.804001393954,0.00360452231462,-0.00628731541961
-1,-4,-0.804001393954,-3.21600557581,-2,0,-1.60800278791,0,0.00156202292804,0.00984903553805
-1,-4,-0.804001393954,-3.21600557581,-2,1,-1.60800278791,0.804001393954,0.000870076542904,0.0018010300516
-1,-4,-0.804001393954,-3.21600557581,-2,2,-1.60800278791,1.60800278791,-0.0023144353896,0.00268829210326
-1,-4,-0.804001393954,-3.21600557581,-2,3,-1.60800278791,2.41200418186,0.00239357513385,0.00317765800404
-1,-4,-0.804001393954,-3.21600557581,-2,4,-1.60800278791,3.21600557581,0.00191263736012,0.000637695592769
-1,-4,-0.804001393954,-3.21600557581,-1,-4,-0.804001393954,-3.21600557581,0.00922245489216,0
-1,-4,-0.804001393954,-3.21600557581,-1,-3,-0.804001393954,-2.41200418186,0.000670974154033,8.50009731397e-05
-1,-4,-0.804001393954,-3.21600557581,-1,-2,-0.804001393954,-1.60800278791,-0.00322137500151,-0.0169716370369
-1,-4,-0.804001393954,-3.21600557581,-1,-1,-0.804001393954,-0.804001393954,-0.00730516577378,-0.0127538149681
-1,-4,-0.804001393954,-3.21600557581,-1,0,-0.804001393954,0,0.0266617689963,0.00654230534544
-1,-4,-0.804001393954,-3.21600557581,-1,1,-0.804001393954,0.804001393954,-0.0184376046015,0.00393324633128
-1,-4,-0.804001393954,-3.21600557581,-1,2,-0.804001393954,1.60800278791,-0.0109050811244,-0.0101815918267
-1,-4,-0.804001393954,-3.21600557581,-1,3,-0.804001393954,2.41200418186,-0.00039914410779,0.00466617915678
-1,-4,-0.804001393954,-3.21600557581,-1,4,-0.804001393954,3.21600557581,0.00582911023024,6.73879981786e-05
-1,-4,-0.804001393954,-3.21600557581,0,-4,0,-3.21600557581,0.00125301884444,-0.000261772825469
-1,-4,-0.804001393954,-3.21600557581,0,-3,0,-2.41200418186,-0.00472216562171,0.00805410458338
-1,-4,-0.804001393954,-3.21600557581,0,-2,0,-1.60800278791,-0.000319368898921,-0.00760031346424
-1,-4,-0.804001393954,-3.21600557581,0,-1,0,-0.804001393954,-0.0252368245956,-0.0111605270915
-1,-4,-0.804001393954,-3.21600557581,0,0,0,0,-0.010756946376,-0.0197343069435
-1,-4,-0.804001393954,-3.21600557581,0,1,0,0.804001393954,0.0227528399133,0.0177175682544
-1,-4,-0.804001393954,-3.21600557581,0,2,0,1.60800278791,-0.00942513329318,-0.0147833145756
-1,-4,-0.804001393954,-3.21600557581,0,3,0,2.41200418186,0.00900001824421,-0.0046182599415
-1,-4,-0.804001393954,-3.21600557581,0,4,0,3.21600557581,-0.00106415697122,0.00207703937929
-1,-4,-0.804001393954,-3.21600557581,1,-4,0.804001393954,-3.21600557581,-0.00095660802332,0.00205498537258
-1,-4,-0.804001393954,-3.21600557581,1,-3,0.804001393954,-2.41200418186,-0.0012259581276,-0.00451236403226
-1,-4,-0.804001393954,-3.21600557581,1,-2,0.804001393954,-1.60800278791,-0.00616737022178,-0.0025360938444
-1,-4,-0.804001393954,-3.21600557581,1,-1,0.804001393954,-0.804001393954,-0.0160072340437,0.00409533276188
-1,-4,-0.804001393954,-3.21600557581,1,0,0.804001393954,0,0.0330464110687,-0.013623958594
-1,-4,-0.804001393954,-3.21600557581,1,1,0.804001393954,0.804001393954,-0.00685828340072,0.00616566513365
-1,-4,-0.804001393954,-3.21600557581,1,2,0.804001393954,1.60800278791,-0.00665284930142,0.000464162274738
-1,-4,-0.804001393954,-3.21600557581,1,3,0.804001393954,2.41200418186,-0.00119675736856,-0.0059818712333
-1,-4,-0.804001393954,-3.21600557581,1,4,0.804001393954,3.21600557581,-0.0014519473017,0.00885444183171
-1,-4,-0.804001393954,-3.21600557581,2,-4,1.60800278791,-3.21600557581,0.00347832847325,-0.000126537497045
-1,-4,-0.804001393954,-3.21600557581,2,-3,1.60800278791,-2.41200418186,-0.000956524284304,-0.00590208284581
-1,-4,-0.804001393954,-3.21600557581,2,-2,1.60800278791,-1.60800278791,0.000596098862929,-0.000916771660306
-1,-4,-0.804001393954,-3.21600557581,2,-1,1.60800278791,-0.804001393954,-0.00189426317725,0.00251583255931
-1,-4,-0.804001393954,-3.21600557581,2,0,1.60800278791,0,-0.0208838745496,0.000456147597291
-1,-4,-0.804001393954,-3.21600557581,2,1,1.60800278791,0.804001393954,0.00578363638612,0.00756726516067
-1,-4,-0.804001393954,-3.21600557581,2,2,1.60800278791,1.60800278791,0.000471548246521,0.00104340238996
-1,-4,-0.804001393954,-3.21600557581,2,3,1.60800278791,2.41200418186,0.000331476342145,-0.0033335956261
-1,-4,-0.804001393954,-3.21600557581,2,4,1.60800278791,3.21600557581,0.0023775036058,-0.000762777963854
-1,-4,-0.804001393954,-3.21600557581,3,-4,2.41200418186,-3.21600557581,-0.00199481327146,0.00130124254582
-1,-4,-0.804001393954,-3.21600557581,3,-3,2.41200418186,-2.41200418186,-0.000520635143091,0.00177482727957
-1,-4,-0.804001393954,-3.21600557581,3,-2,2.41200418186,-1.60800278791,0.00194870005185,2.36781795709e-05
-1,-4,-0.804001393954,-3.21600557581,3,-1,2.41200418186,-0.804001393954,0.00127680418057,-0.000684748409299
-1,-4,-0.804001393954,-3.21600557581,3,0,2.41200418186,0,-0.00294736590366,0.0037317557698
-1,-4,-0.804001393954,-3.21600557581,3,1,2.41200418186,0.804001393954,0.00331477313389,0.00122267036478
-1,-4,-0.804001393954,-3.21600557581,3,2,2.41200418186,1.60800278791,0.00242653652359,-0.00170856228464
-1,-4,-0.804001393954,-3.21600557581,3,3,2.41200418186,2.41200418186,0.000434357776658,-0.00431060377656
-1,-4,-0.804001393954,-3.21600557581,3,4,2.41200418186,3.21600557581,-0.00053458002284,-0.000902394160321
-1,-4,-0.804001393954,-3.21600557581,4,-4,3.21600557581,-3.21600557581,-0.00494031872648,0.000837443421674
-1,-4,-0.804001393954,-3.21600557581,4,-3,3.21600557581,-2.41200418186,0.00145673579819,0.00266142967494
-1,-4,-0.804001393954,-3.21600557581,4,-2,3.21600557581,-1.60800278791,-0.00439826845271,-0.00109606367671
-1,-4,-0.804001393954,-3.21600557581,4,-1,3.21600557581,-0.804001393954,0.000797336075952,-0.00284607000174
-1,-4,-0.804001393954,-3.21600557581,4,0,3.21600557581,0,-0.00442572327555,-0.00130818590821
-1,-4,-0.804001393954,-3.21600557581,4,1,3.21600557581,0.804001393954,-0.00606930585143,0.00150838606069
-1,-4,-0.804001393954,-3.21600557581,4,2,3.21600557581,1.60800278791,0.00275310220093,0.000947174126791
-1,-4,-0.804001393954,-3.21600557581,4,3,3.21600557581,2.41200418186,0.0029849441353,0.00669026814717
-1,-4,-0.804001393954,-3.21600557581,4,4,3.21600557581,3.21600557581,9.46793735808e-06,0.00358480079751
-1,-3,-0.804001393954,-2.41200418186,-4,-4,-3.21600557581,-3.21600557581,-0.00575683551577,0.008963993087
-1,-3,-0.804001393954,-2.41200418186,-4,-3,-3.21600557581,-2.41200418186,0.00236495176104,-0.00035737211847
-1,-3,-0.804001393954,-2.41200418186,-4,-2,-3.21600557581,-1.60800278791,0.00286484278679,0.00348108149926
-1,-3,-0.804001393954,-2.41200418186,-4,-1,-3.21600557581,-0.804001393954,-0.00443667313645,0.00472498026457
-1,-3,-0.804001393954,-2.41200418186,-4,0,-3.21600557581,0,-0.00680889322099,0.00301061490104
-1,-3,-0.804001393954,-2.41200418186,-4,1,-3.21600557581,0.804001393954,-0.0015488767795,-0.00299061814245
-1,-3,-0.804001393954,-2.41200418186,-4,2,-3.21600557581,1.60800278791,-0.0118771974532,-0.00349449955932
-1,-3,-0.804001393954,-2.41200418186,-4,3,-3.21600557581,2.41200418186,-0.00384596924463,0.00383715189566
-1,-3,-0.804001393954,-2.41200418186,-4,4,-3.21600557581,3.21600557581,0.00503028422718,0.00132545317782
-1,-3,-0.804001393954,-2.41200418186,-3,-4,-2.41200418186,-3.21600557581,0.00254627663954,-0.00738202337637
-1,-3,-0.804001393954,-2.41200418186,-3,-3,-2.41200418186,-2.41200418186,-0.00479667925897,-0.0045647989853
-1,-3,-0.804001393954,-2.41200418186,-3,-2,-2.41200418186,-1.60800278791,4.91239792684e-05,0.00811186275007
-1,-3,-0.804001393954,-2.41200418186,-3,-1,-2.41200418186,-0.804001393954,-0.00492555679343,0.000988186513224
-1,-3,-0.804001393954,-2.41200418186,-3,0,-2.41200418186,0,-0.000122487627929,0.00297259861751
-1,-3,-0.804001393954,-2.41200418186,-3,1,-2.41200418186,0.804001393954,0.00777643542895,-0.00614581093754
-1,-3,-0.804001393954,-2.41200418186,-3,2,-2.41200418186,1.60800278791,0.00450602502855,-0.000473727440381
-1,-3,-0.804001393954,-2.41200418186,-3,3,-2.41200418186,2.41200418186,0.00210187514479,-0.00250191863226
-1,-3,-0.804001393954,-2.41200418186,-3,4,-2.41200418186,3.21600557581,0.0072796721138,-0.00505199298143
-1,-3,-0.804001393954,-2.41200418186,-2,-4,-1.60800278791,-3.21600557581,0.00201646206556,-0.00186375339187
-1,-3,-0.804001393954,-2.41200418186,-2,-3,-1.60800278791,-2.41200418186,0.00364877286913,0.000451899346206
-1,-3,-0.804001393954,-2.41200418186,-2,-2,-1.60800278791,-1.60800278791,-0.00878052124694,-0.00110960560469
-1,-3,-0.804001393954,-2.41200418186,-2,-1,-1.60800278791,-0.804001393954,0.00075615407813,0.00366754988928
-1,-3,-0.804001393954,-2.41200418186,-2,0,-1.60800278791,0,0.0099918917426,-0.00501555377088
-1,-3,-0.804001393954,-2.41200418186,-2,1,-1.60800278791,0.804001393954,0.00504198476055,0.0090276248036
-1,-3,-0.804001393954,-2.41200418186,-2,2,-1.60800278791,1.60800278791,-0.0027571967241,0.00282967447111
-1,-3,-0.804001393954,-2.41200418186,-2,3,-1.60800278791,2.41200418186,0.000279871998615,-0.00203970297016
-1,-3,-0.804001393954,-2.41200418186,-2,4,-1.60800278791,3.21600557581,-0.000642965515577,0.00142946827301
-1,-3,-0.804001393954,-2.41200418186,-1,-4,-0.804001393954,-3.21600557581,0.000670974154033,-8.50009731397e-05
-1,-3,-0.804001393954,-2.41200418186,-1,-3,-0.804001393954,-2.41200418186,0.0815350450768,0
-1,-3,-0.804001393954,-2.41200418186,-1,-2,-0.804001393954,-1.60800278791,0.000969631860645,0.00109785460789
-1,-3,-0.804001393954,-2.41200418186,-1,-1,-0.804001393954,-0.804001393954,-0.0175554856498,-0.0291363557604
-1,-3,-0.804001393954,-2.41200418186,-1,0,-0.804001393954,0,-0.00816360699879,-0.0141722664574
-1,-3,-0.804001393954,-2.41200418186,-1,1,-0.804001393954,0.804001393954,0.0283915218183,0.00428602444651
-1,-3,-0.804001393954,-2.41200418186,-1,2,-0.804001393954,1.60800278791,-0.00989933530063,0.0142560872179
-1,-3,-0.804001393954,-2.41200418186,-1,3,-0.804001393954,2.41200418186,-0.00947560036966,-0.00269898742433
-1,-3,-0.804001393954,-2.41200418186,-1,4,-0.804001393954,3.21600557581,-0.00206088380652,0.00536453631333
-1,-3,-0.804001393954,-2.41200418186,0,-4,0,-3.21600557581,-0.0051484101368,0.00214245820131
-1,-3,-0.804001393954,-2.41200418186,0,-3,0,-2.41200418186,0.00594546558606,0.000627784921014
-1,-3,-0.804001393954,-2.41200418186,0,-2,0,-1.60800278791,-0.013565621829,0.0112493987647
-1,-3,-0.804001393954,-2.41200418186,0,-1,0,-0.804001393954,0.000631340310773,-0.0265803693283
-1,-3,-0.804001393954,-2.41200418186,0,0,0,0,-0.0901722520387,-0.0330661834123
-1,-3,-0.804001393954,-2.41200418186,0,1,0,0.804001393954,-0.00199286680556,-0.00102492484797
-1,-3,-0.804001393954,-2.41200418186,0,2,0,1.60800278791,0.0105912672548,0.00889203055949
-1,-3,-0.804001393954,-2.41200418186,0,3,0,2.41200418186,-0.00672180251965,-0.00533138431124
-1,-3,-0.804001393954,-2.41200418186,0,4,0,3.21600557581,0.00800440895285,-0.0034369826359
-1,-3,-0.804001393954,-2.41200418186,1,-4,0.804001393954,-3.21600557581,-0.00133679783656,-0.00407123041392
-1,-3,-0.804001393954,-2.41200418186,1,-3,0.804001393954,-2.41200418186,-0.00777851499267,0.00975270443027
-1,-3,-0.804001393954,-2.41200418186,1,-2,0.804001393954,-1.60800278791,-0.00241783683987,0.000355027400209
-1,-3,-0.804001393954,-2.41200418186,1,-1,0.804001393954,-0.804001393954,0.00865828159923,-0.00669407130715
-1,-3,-0.804001393954,-2.41200418186,1,0,0.804001393954,0,-0.0241817005496,0.000448048423561
-1,-3,-0.804001393954,-2.41200418186,1,1,0.804001393954,0.804001393954,0.0353215774317,-0.0127682264045
-1,-3,-0.804001393954,-2.41200418186,1,2,0.804001393954,1.60800278791,-0.0066940859491,-0.000927900163423
-1,-3,-0.804001393954,-2.41200418186,1,3,0.804001393954,2.41200418186,-0.00216021443404,-0.00345467281129
-1,-3,-0.804001393954,-2.41200418186,1,4,0.804001393954,3.21600557581,-0.00119675736856,-0.0059818712333
-1,-3,-0.804001393954,-2.41200418186,2,-4,1.60800278791,-3.21600557581,0.00346741169738,-0.00715845548701
-1,-3,-0.804001393954,-2.41200418186,2,-3,1.60800278791,-2.41200418186,0.00326806157937,0.00665246045994
-1,-3,-0.804001393954,-2.41200418186,2,-2,1.60800278791,-1.60800278791,-0.000414376857096,-0.00796011945155
-1,-3,-0.804001393954,-2.41200418186,2,-1,1.60800278791,-0.804001393954,0.0115680269197,-0.00323391218815
-1,-3,-0.804001393954,-2.41200418186,2,0,1.60800278791,0,-0.00179467886606,0.0121489373153
-1,-3,-0.804001393954,-2.41200418186,2,1,1.60800278791,0.804001393954,-0.0239907036146,-0.00371650249892
-1,-3,-0.804001393954,-2.41200418186,2,2,1.60800278791,1.60800278791,0.00266603610258,0.00212573897997
-1,-3,-0.804001393954,-2.41200418186,2,3,1.60800278791,2.41200418186,0.00175927734088,-0.00159661801751
-1,-3,-0.804001393954,-2.41200418186,2,4,1.60800278791,3.21600557581,-0.000200144333795,-0.00275885115381
-1,-3,-0.804001393954,-2.41200418186,3,-4,2.41200418186,-3.21600557581,-0.00367393515874,0.00669475057904
-1,-3,-0.804001393954,-2.41200418186,3,-3,2.41200418186,-2.41200418186,-0.00294669184538,0.00534601677555
-1,-3,-0.804001393954,-2.41200418186,3,-2,2.41200418186,-1.60800278791,0.00190346648795,-0.00797822004165
-1,-3,-0.804001393954,-2.41200418186,3,-1,2.41200418186,-0.804001393954,-0.00343628603844,0.00108252542157
-1,-3,-0.804001393954,-2.41200418186,3,0,2.41200418186,0,-0.00320238012624,-0.00420081527626
-1,-3,-0.804001393954,-2.41200418186,3,1,2.41200418186,0.804001393954,-0.00456856851389,0.00559428048615
-1,-3,-0.804001393954,-2.41200418186,3,2,2.41200418186,1.60800278791,0.00158478728007,-0.000663145411334
-1,-3,-0.804001393954,-2.41200418186,3,3,2.41200418186,2.41200418186,0.00496468901331,-0.00407232859085
-1,-3,-0.804001393954,-2.41200418186,3,4,2.41200418186,3.21600557581,0.00710175854294,0.00218081268605
-1,-3,-0.804001393954,-2.41200418186,4,-4,3.21600557581,-3.21600557581,-0.00415323841703,-0.00266261377858
-1,-3,-0.804001393954,-2.41200418186,4,-3,3.21600557581,-2.41200418186,-0.00536136007171,0.00268920310383
-1,-3,-0.804001393954,-2.41200418186,4,-2,3.21600557581,-1.60800278791,0.000113712053627,0.00783331754292
-1,-3,-0.804001393954,-2.41200418186,4,-1,3.21600557581,-0.804001393954,0.00123560701501,-0.00121402752664
-1,-3,-0.804001393954,-2.41200418186,4,0,3.21600557581,0,0.00510384880463,-0.00751999824946
-1,-3,-0.804001393954,-2.41200418186,4,1,3.21600557581,0.804001393954,-0.012401916126,0.0094613364413
-1,-3,-0.804001393954,-2.41200418186,4,2,3.21600557581,1.60800278791,-0.00372375405419,-0.00303419924155
-1,-3,-0.804001393954,-2.41200418186,4,3,3.21600557581,2.41200418186,0.00120207063765,-0.0029693734979
-1,-3,-0.804001393954,-2.41200418186,4,4,3.21600557581,3.21600557581,0.00337686448233,0.00177567530594
-1,-2,-0.804001393954,-1.60800278791,-4,-4,-3.21600557581,-3.21600557581,0.00453275180813,0.00142931754332
-1,-2,-0.804001393954,-1.60800278791,-4,-3,-3.21600557581,-2.41200418186,-0.00953697033801,0.0102423466853
-1,-2,-0.804001393954,-1.60800278791,-4,-2,-3.21600557581,-1.60800278791,0.00263629503685,-0.0030462625283
-1,-2,-0.804001393954,-1.60800278791,-4,-1,-3.21600557581,-0.804001393954,-0.00354500866088,0.00855268591588
-1,-2,-0.804001393954,-1.60800278791,-4,0,-3.21600557581,0,0.00381218837812,0.00867049106822
-1,-2,-0.804001393954,-1.60800278791,-4,1,-3.21600557581,0.804001393954,-0.0147462212743,0.00393442555636
-1,-2,-0.804001393954,-1.60800278791,-4,2,-3.21600557581,1.60800278791,0.00488358963994,0.00370374147688
-1,-2,-0.804001393954,-1.60800278791,-4,3,-3.21600557581,2.41200418186,-0.0208031247553,0.00615790507222
-1,-2,-0.804001393954,-1.60800278791,-4,4,-3.21600557581,3.21600557581,-0.00215292228294,0.00919081358624
-1,-2,-0.804001393954,-1.60800278791,-3,-4,-2.41200418186,-3.21600557581,-0.0048460322609,0.000619903275887
-1,-2,-0.804001393954,-1.60800278791,-3,-3,-2.41200418186,-2.41200418186,-0.00927980452541,-0.000767687350171
-1,-2,-0.804001393954,-1.60800278791,-3,-2,-2.41200418186,-1.60800278791,-0.0157718724125,-0.0129292246697
-1,-2,-0.804001393954,-1.60800278791,-3,-1,-2.41200418186,-0.804001393954,-0.00965102324684,0.00158853743851
-1,-2,-0.804001393954,-1.60800278791,-3,0,-2.41200418186,0,-0.00483950478011,0.00479679018264
-1,-2,-0.804001393954,-1.60800278791,-3,1,-2.41200418186,0.804001393954,0.00329439534904,0.00382445942371
-1,-2,-0.804001393954,-1.60800278791,-3,2,-2.41200418186,1.60800278791,0.0119569753264,-0.00850499804652
-1,-2,-0.804001393954,-1.60800278791,-3,3,-2.41200418186,2.41200418186,0.00164577188821,0.0102974295488
-1,-2,-0.804001393954,-1.60800278791,-3,4,-2.41200418186,3.21600557581,0.00929345059194,-0.00221977875853
-1,-2,-0.804001393954,-1.60800278791,-2,-4,-1.60800278791,-3.21600557581,0.00111799700773,0.00908761497143
-1,-2,-0.804001393954,-1.60800278791,-2,-3,-1.60800278791,-2.41200418186,-0.0110311635413,-0.0120907962397
-1,-2,-0.804001393954,-1.60800278791,-2,-2,-1.60800278791,-1.60800278791,0.00498099903101,0.00076079220093
-1,-2,-0.804001393954,-1.60800278791,-2,-1,-1.60800278791,-0.804001393954,-0.0250928284374,-0.00366500395987
-1,-2,-0.804001393954,-1.60800278791,-2,0,-1.60800278791,0,0.00140188260014,0.00359038072298
-1,-2,-0.804001393954,-1.60800278791,-2,1,-1.60800278791,0.804001393954,0.00922831999635,-0.00281115673204
-1,-2,-0.804001393954,-1.60800278791,-2,2,-1.60800278791,1.60800278791,-0.000282935040987,0.014854728529
-1,-2,-0.804001393954,-1.60800278791,-2,3,-1.60800278791,2.41200418186,-0.00199742934645,0.00423402007784
-1,-2,-0.804001393954,-1.60800278791,-2,4,-1.60800278791,3.21600557581,0.00366063295178,0.00174937586846
-1,-2,-0.804001393954,-1.60800278791,-1,-4,-0.804001393954,-3.21600557581,-0.00322137500151,0.0169716370369
-1,-2,-0.804001393954,-1.60800278791,-1,-3,-0.804001393954,-2.41200418186,0.000969631860645,-0.00109785460789
-1,-2,-0.804001393954,-1.60800278791,-1,-2,-0.804001393954,-1.60800278791,0.262393115875,0
-1,-2,-0.804001393954,-1.60800278791,-1,-1,-0.804001393954,-0.804001393954,0.0120116530921,-0.00560328973357
-1,-2,-0.804001393954,-1.60800278791,-1,0,-0.804001393954,0,-0.0175784507313,-0.0411008690007
-1,-2,-0.804001393954,-1.60800278791,-1,1,-0.804001393954,0.804001393954,-0.0139925189879,-0.0178803381655
-1,-2,-0.804001393954,-1.60800278791,-1,2,-0.804001393954,1.60800278791,0.0270526682336,0.00146918788107
-1,-2,-0.804001393954,-1.60800278791,-1,3,-0.804001393954,2.41200418186,-0.0143879887239,0.00425931430984
-1,-2,-0.804001393954,-1.60800278791,-1,4,-0.804001393954,3.21600557581,-0.00901332833492,-0.0109332589109
-1,-2,-0.804001393954,-1.60800278791,0,-4,0,-3.21600557581,0.00461198215873,-0.00521277325726
-1,-2,-0.804001393954,-1.60800278791,0,-3,0,-2.41200418186,-0.0201611652246,0.000901757721227
-1,-2,-0.804001393954,-1.60800278791,0,-2,0,-1.60800278791,0.00259607546739,0.00011936464659
-1,-2,-0.804001393954,-1.60800278791,0,-1,0,-0.804001393954,-0.0332758780708,0.0356244880464
-1,-2,-0.804001393954,-1.60800278791,0,0,0,0,-0.014472163481,-0.068845024886
-1,-2,-0.804001393954,-1.60800278791,0,1,0,0.804001393954,-0.0452024546596,-0.0136015632574
-1,-2,-0.804001393954,-1.60800278791,0,2,0,1.60800278791,0.00331162042107,-0.000879679392985
-1,-2,-0.804001393954,-1.60800278791,0,3,0,2.41200418186,0.00887753336287,0.012700500974
-1,-2,-0.804001393954,-1.60800278791,0,4,0,3.21600557581,-0.00850803454458,-0.00886705702557
-1,-2,-0.804001393954,-1.60800278791,1,-4,0.804001393954,-3.21600557581,-0.00837338950389,-0.00360127532404
-1,-2,-0.804001393954,-1.60800278791,1,-3,0.804001393954,-2.41200418186,-0.00784273270772,-0.00510843992386
-1,-2,-0.804001393954,-1.60800278791,1,-2,0.804001393954,-1.60800278791,-0.0331581466748,0.0251238318269
-1,-2,-0.804001393954,-1.60800278791,1,-1,0.804001393954,-0.804001393954,-0.00772648676602,-0.00378997729696
-1,-2,-0.804001393954,-1.60800278791,1,0,0.804001393954,0,0.000443416698007,-0.0176887997239
-1,-2,-0.804001393954,-1.60800278791,1,1,0.804001393954,0.804001393954,-0.0106852607328,0.00670552802964
-1,-2,-0.804001393954,-1.60800278791,1,2,0.804001393954,1.60800278791,0.0255209375632,-0.0114452345124
-1,-2,-0.804001393954,-1.60800278791,1,3,0.804001393954,2.41200418186,-0.0066940859491,-0.000927900163423
-1,-2,-0.804001393954,-1.60800278791,1,4,0.804001393954,3.21600557581,-0.00665284930142,0.000464162274738
-1,-2,-0.804001393954,-1.60800278791,2,-4,1.60800278791,-3.21600557581,-9.72765385646e-05,-0.0101942469922
-1,-2,-0.804001393954,-1.60800278791,2,-3,1.60800278791,-2.41200418186,-0.0028816838263,-0.0228658447637
-1,-2,-0.804001393954,-1.60800278791,2,-2,1.60800278791,-1.60800278791,0.00882506656802,0.00790100507118
-1,-2,-0.804001393954,-1.60800278791,2,-1,1.60800278791,-0.804001393954,-0.0137903048794,-0.0151667895065
-1,-2,-0.804001393954,-1.60800278791,2,0,1.60800278791,0,0.0226385154088,0.00132680611837
-1,-2,-0.804001393954,-1.60800278791,2,1,1.60800278791,0.804001393954,0.002853895648,0.0135142940088
-1,-2,-0.804001393954,-1.60800278791,2,2,1.60800278791,1.60800278791,-0.0314290251016,0.00650094296529
-1,-2,-0.804001393954,-1.60800278791,2,3,1.60800278791,2.41200418186,0.00520802001818,0.00129279922984
-1,-2,-0.804001393954,-1.60800278791,2,4,1.60800278791,3.21600557581,-0.000180615324136,-0.00769066587612
-1,-2,-0.804001393954,-1.60800278791,3,-4,2.41200418186,-3.21600557581,-0.00510694208888,-0.0115552558019
-1,-2,-0.804001393954,-1.60800278791,3,-3,2.41200418186,-2.41200418186,-0.00951694068999,0.018911399911
-1,-2,-0.804001393954,-1.60800278791,3,-2,2.41200418186,-1.60800278791,-0.00177635270711,0.0146995405212
-1,-2,-0.804001393954,-1.60800278791,3,-1,2.41200418186,-0.804001393954,0.00256726192304,-0.0178580084178
-1,-2,-0.804001393954,-1.60800278791,3,0,2.41200418186,0,-0.0105357477579,0.000286028006344
-1,-2,-0.804001393954,-1.60800278791,3,1,2.41200418186,0.804001393954,-0.0134940242,-0.00390264201894
-1,-2,-0.804001393954,-1.60800278791,3,2,2.41200418186,1.60800278791,-0.00774578752457,0.00698506030641
-1,-2,-0.804001393954,-1.60800278791,3,3,2.41200418186,2.41200418186,0.00508979178524,0.00167693324534
-1,-2,-0.804001393954,-1.60800278791,3,4,2.41200418186,3.21600557581,-0.000958717474275,-0.00629565669696
-1,-2,-0.804001393954,-1.60800278791,4,-4,3.21600557581,-3.21600557581,-0.0144714257287,-0.015447115252
-1,-2,-0.804001393954,-1.60800278791,4,-3,3.21600557581,-2.41200418186,0.00121981062131,-0.00430593797613
-1,-2,-0.804001393954,-1.60800278791,4,-2,3.21600557581,-1.60800278791,-0.0163104685649,-0.00606355362232
-1,-2,-0.804001393954,-1.60800278791,4,-1,3.21600557581,-0.804001393954,-0.00143005459927,0.01432245216
-1,-2,-0.804001393954,-1.60800278791,4,0,3.21600557581,0,0.00645094217791,-0.00827698283668
-1,-2,-0.804001393954,-1.60800278791,4,1,3.21600557581,0.804001393954,0.0163356563526,-0.0206778900344
-1,-2,-0.804001393954,-1.60800278791,4,2,3.21600557581,1.60800278791,-0.016655021193,0.0139341918461
-1,-2,-0.804001393954,-1.60800278791,4,3,3.21600557581,2.41200418186,-0.0131040329018,-0.00218232243901
-1,-2,-0.804001393954,-1.60800278791,4,4,3.21600557581,3.21600557581,-0.00572199181955,-0.00584236788509
-1,-1,-0.804001393954,-0.804001393954,-4,-4,-3.21600557581,-3.21600557581,-0.00369655324634,-0.0186399730663
-1,-1,-0.804001393954,-0.804001393954,-4,-3,-3.21600557581,-2.41200418186,0.0166509020898,0.0107069367951
-1,-1,-0.804001393954,-0.804001393954,-4,-2,-3.21600557581,-1.60800278791,-0.0159655162329,0.0199213935383
-1,-1,-0.804001393954,-0.804001393954,-4,-1,-3.21600557581,-0.804001393954,0.00362774035419,-0.0117606888735
-1,-1,-0.804001393954,-0.804001393954,-4,0,-3.21600557581,0,-0.00609564355161,0.0275938025217
-1,-1,-0.804001393954,-0.804001393954,-4,1,-3.21600557581,0.804001393954,-0.00400793567878,0.0136556795736
-1,-1,-0.804001393954,-0.804001393954,-4,2,-3.21600557581,1.60800278791,-0.0318273697218,-0.00272494870084
-1,-1,-0.804001393954,-0.804001393954,-4,3,-3.21600557581,2.41200418186,0.00317724512061,0.000600030009448
-1,-1,-0.804001393954,-0.804001393954,-4,4,-3.21600557581,3.21600557581,-0.0289688582865,0.0190524175703
-1,-1,-0.804001393954,-0.804001393954,-3,-4,-2.41200418186,-3.21600557581,-0.0217846153499,-0.00259226807916
-1,-1,-0.804001393954,-0.804001393954,-3,-3,-2.41200418186,-2.41200418186,0.00504393926351,0.0104614967218
-1,-1,-0.804001393954,-0.804001393954,-3,-2,-2.41200418186,-1.60800278791,-0.0113879727051,0.00553889135111
-1,-1,-0.804001393954,-0.804001393954,-3,-1,-2.41200418186,-0.804001393954,-0.031103344695,-0.0378877116255
-1,-1,-0.804001393954,-0.804001393954,-3,0,-2.41200418186,0,-0.0210346170636,-0.00139846691655
-1,-1,-0.804001393954,-0.804001393954,-3,1,-2.41200418186,0.804001393954,-0.00324662440055,0.00857064528956
-1,-1,-0.804001393954,-0.804001393954,-3,2,-2.41200418186,1.60800278791,0.00822376393099,-0.00653022189714
-1,-1,-0.804001393954,-0.804001393954,-3,3,-2.41200418186,2.41200418186,0.0169115595672,-0.00635306105541
-1,-1,-0.804001393954,-0.804001393954,-3,4,-2.41200418186,3.21600557581,0.00399739862953,0.0136414604009
-1,-1,-0.804001393954,-0.804001393954,-2,-4,-1.60800278791,-3.21600557581,-0.0330586907984,0.0125649786225
-1,-1,-0.804001393954,-0.804001393954,-2,-3,-1.60800278791,-2.41200418186,-0.00766652196252,0.0160505884221
-1,-1,-0.804001393954,-0.804001393954,-2,-2,-1.60800278791,-1.60800278791,-0.0264049079566,-0.0269806309471
-1,-1,-0.804001393954,-0.804001393954,-2,-1,-1.60800278791,-0.804001393954,0.0101006044557,-0.000334564389968
-1,-1,-0.804001393954,-0.804001393954,-2,0,-1.60800278791,0,-0.0455941982602,0.00355280163988
-1,-1,-0.804001393954,-0.804001393954,-2,1,-1.60800278791,0.804001393954,-0.00334930121901,0.0041577089466
-1,-1,-0.804001393954,-0.804001393954,-2,2,-1.60800278791,1.60800278791,0.0139050458206,-0.0115520860415
-1,-1,-0.804001393954,-0.804001393954,-2,3,-1.60800278791,2.41200418186,-0.0020572118307,0.0174576833739
-1,-1,-0.804001393954,-0.804001393954,-2,4,-1.60800278791,3.21600557581,-0.0053660565257,0.00459175299522
-1,-1,-0.804001393954,-0.804001393954,-1,-4,-0.804001393954,-3.21600557581,-0.00730516577378,0.0127538149681
-1,-1,-0.804001393954,-0.804001393954,-1,-3,-0.804001393954,-2.41200418186,-0.0175554856498,0.0291363557604
-1,-1,-0.804001393954,-0.804001393954,-1,-2,-0.804001393954,-1.60800278791,0.0120116530921,0.00560328973357
-1,-1,-0.804001393954,-0.804001393954,-1,-1,-0.804001393954,-0.804001393954,0.504208682734,0
-1,-1,-0.804001393954,-0.804001393954,-1,0,-0.804001393954,0,0.0110626849113,0.00565437485569
-1,-1,-0.804001393954,-0.804001393954,-1,1,-0.804001393954,0.804001393954,-0.0177378487367,-0.0634478955281
-1,-1,-0.804001393954,-0.804001393954,-1,2,-0.804001393954,1.60800278791,-0.0141860138163,-0.01676754837
-1,-1,-0.804001393954,-0.804001393954,-1,3,-0.804001393954,2.41200418186,0.0174999462721,0.00299824405838
-1,-1,-0.804001393954,-0.804001393954,-1,4,-0.804001393954,3.21600557581,-0.0174597800432,0.00722295047083
-1,-1,-0.804001393954,-0.804001393954,0,-4,0,-3.21600557581,0.00570826230978,4.7886312368e-05
-1,-1,-0.804001393954,-0.804001393954,0,-3,0,-2.41200418186,-0.00106651914714,-0.0121241758896
-1,-1,-0.804001393954,-0.804001393954,0,-2,0,-1.60800278791,-0.0391075214605,0.0061617548831
-1,-1,-0.804001393954,-0.804001393954,0,-1,0,-0.804001393954,0.0151597537217,0.000342587527592
-1,-1,-0.804001393954,-0.804001393954,0,0,0,0,-0.0880678002407,0.0703712390473
-1,-1,-0.804001393954,-0.804001393954,0,1,0,0.804001393954,0.00711202521554,-0.0513554721675
-1,-1,-0.804001393954,-0.804001393954,0,2,0,1.60800278791,-0.0471873032414,-0.023396092276
-1,-1,-0.804001393954,-0.804001393954,0,3,0,2.41200418186,0.000948218444722,-0.00491001938677
-1,-1,-0.804001393954,-0.804001393954,0,4,0,3.21600557581,0.0192835084187,0.00786344293113
-1,-1,-0.804001393954,-0.804001393954,1,-4,0.804001393954,-3.21600557581,0.000222367996698,0.00986561415556
-1,-1,-0.804001393954,-0.804001393954,1,-3,0.804001393954,-2.41200418186,-0.00621722054322,-0.0117788263527
-1,-1,-0.804001393954,-0.804001393954,1,-2,0.804001393954,-1.60800278791,-0.013608243318,-0.00528336190108
-1,-1,-0.804001393954,-0.804001393954,1,-1,0.804001393954,-0.804001393954,-0.044377528844,0.0503634314415
-1,-1,-0.804001393954,-0.804001393954,1,0,0.804001393954,0,-0.00940968220726,-0.00801865990376
-1,-1,-0.804001393954,-0.804001393954,1,1,0.804001393954,0.804001393954,0.0114955383429,-0.00198077880563
-1,-1,-0.804001393954,-0.804001393954,1,2,0.804001393954,1.60800278791,-0.0106852607328,0.00670552802964
-1,-1,-0.804001393954,-0.804001393954,1,3,0.804001393954,2.41200418186,0.0353215774317,-0.0127682264045
-1,-1,-0.804001393954,-0.804001393954,1,4,0.804001393954,3.21600557581,-0.00685828340072,0.00616566513365
-1,-1,-0.804001393954,-0.804001393954,2,-4,1.60800278791,-3.21600557581,-0.030499854004,-0.00185127954848
-1,-1,-0.804001393954,-0.804001393954,2,-3,1.60800278791,-2.41200418186,-0.00549913751119,-0.0225900051204
-1,-1,-0.804001393954,-0.804001393954,2,-2,1.60800278791,-1.60800278791,-0.0121211567,-0.03540642395
-1,-1,-0.804001393954,-0.804001393954,2,-1,1.60800278791,-0.804001393954,0.0194382519849,0.0136580375122
-1,-1,-0.804001393954,-0.804001393954,2,0,1.60800278791,0,-0.0126822272772,-0.0292223814716
-1,-1,-0.804001393954,-0.804001393954,2,1,1.60800278791,0.804001393954,0.0233169913381,-0.00333652847511
-1,-1,-0.804001393954,-0.804001393954,2,2,1.60800278791,1.60800278791,-0.000710622335819,0.0175550447925
-1,-1,-0.804001393954,-0.804001393954,2,3,1.60800278791,2.41200418186,-0.0420266135344,-0.00391916310004
-1,-1,-0.804001393954,-0.804001393954,2,4,1.60800278791,3.21600557581,0.0132519325456,0.00878231882599
-1,-1,-0.804001393954,-0.804001393954,3,-4,2.41200418186,-3.21600557581,0.0135631146285,-0.00141020435014
-1,-1,-0.804001393954,-0.804001393954,3,-3,2.41200418186,-2.41200418186,-0.0111169779314,-0.0262953477499
-1,-1,-0.804001393954,-0.804001393954,3,-2,2.41200418186,-1.60800278791,-0.017731948869,0.0277681946841
-1,-1,-0.804001393954,-0.804001393954,3,-1,2.41200418186,-0.804001393954,-0.00571166612756,0.0216490034338
-1,-1,-0.804001393954,-0.804001393954,3,0,2.41200418186,0,0.00603205859184,-0.0328471278264
-1,-1,-0.804001393954,-0.804001393954,3,1,2.41200418186,0.804001393954,-0.0337442036492,0.0104655478766
-1,-1,-0.804001393954,-0.804001393954,3,2,2.41200418186,1.60800278791,-0.0106010363691,-0.000329885299278
-1,-1,-0.804001393954,-0.804001393954,3,3,2.41200418186,2.41200418186,-0.0148220488709,0.0222307341633
-1,-1,-0.804001393954,-0.804001393954,3,4,2.41200418186,3.21600557581,0.00416402941398,0.0062006698239
-1,-1,-0.804001393954,-0.804001393954,4,-4,3.21600557581,-3.21600557581,0.00380808645788,0.0143972539777
-1,-1,-0.804001393954,-0.804001393954,4,-3,3.21600557581,-2.41200418186,-0.0149053104273,-0.0335858507124
-1,-1,-0.804001393954,-0.804001393954,4,-2,3.21600557581,-1.60800278791,-0.000699322378317,0.00310703812187
-1,-1,-0.804001393954,-0.804001393954,4,-1,3.21600557581,-0.804001393954,-0.0254152893818,0.00133346560389
-1,-1,-0.804001393954,-0.804001393954,4,0,3.21600557581,0,0.0091143267819,0.00916927713233
-1,-1,-0.804001393954,-0.804001393954,4,1,3.21600557581,0.804001393954,-0.00237199520585,0.00136149476702
-1,-1,-0.804001393954,-0.804001393954,4,2,3.21600557581,1.60800278791,0.023305275161,-0.0302676799842
-1,-1,-0.804001393954,-0.804001393954,4,3,3.21600557581,2.41200418186,-0.0249166725927,0.0211291166148
-1,-1,-0.804001393954,-0.804001393954,4,4,3.21600557581,3.21600557581,-0.0312275493452,-0.00612767768731
-1,0,-0.804001393954,0,-4,-4,-3.21600557581,-3.21600557581,-0.0477398625221,0.00449805501316
-1,0,-0.804001393954,0,-4,-3,-3.21600557581,-2.41200418186,-0.00646605123437,-0.0185758213666
-1,0,-0.804001393954,0,-4,-2,-3.21600557581,-1.60800278791,0.0203402244865,-0.00246622669046
-1,0,-0.804001393954,0,-4,-1,-3.21600557581,-0.804001393954,-0.0128690978196,0.0282242161481
-1,0,-0.804001393954,0,-4,0,-3.21600557581,0,0.0178575070689,-0.00455244701164
-1,0,-0.804001393954,0,-4,1,-3.21600557581,0.804001393954,-0.00545757225248,0.0389638281802
-1,0,-0.804001393954,0,-4,2,-3.21600557581,1.60800278791,-0.0117831320476,0.0268019460196
-1,0,-0.804001393954,0,-4,3,-3.21600557581,2.41200418186,-0.0442955482217,0.00454426405942
-1,0,-0.804001393954,0,-4,4,-3.21600557581,3.21600557581,0.00680760001595,0.00317043584146
-1,0,-0.804001393954,0,-3,-4,-2.41200418186,-3.21600557581,0.0350853095733,0.00325545211574
-1,0,-0.804001393954,0,-3,-3,-2.41200418186,-2.41200418186,-0.0311681886031,-0.00310112748984
-1,0,-0.804001393954,0,-3,-2,-2.41200418186,-1.60800278791,-0.0052371278896,0.000233511008988
-1,0,-0.804001393954,0,-3,-1,-2.41200418186,-0.804001393954,-0.0104894642729,0.015760266726
-1,0,-0.804001393954,0,-3,0,-2.41200418186,0,-0.0425152839395,-0.0433170713012
-1,0,-0.804001393954,0,-3,1,-2.41200418186,0.804001393954,-0.025021711326,-0.00168851068253
-1,0,-0.804001393954,0,-3,2,-2.41200418186,1.60800278791,-0.0110150012475,0.00729858453103
-1,0,-0.804001393954,0,-3,3,-2.41200418186,2.41200418186,0.000452908500886,-0.00893078522596
-1,0,-0.804001393954,0,-3,4,-2.41200418186,3.21600557581,0.00998387944284,-0.00927974516915
-1,0,-0.804001393954,0,-2,-4,-1.60800278791,-3.21600557581,0.00460761857952,-0.000815825218493
-1,0,-0.804001393954,0,-2,-3,-1.60800278791,-2.41200418186,-0.0347447209836,0.0178243550798
-1,0,-0.804001393954,0,-2,-2,-1.60800278791,-1.60800278791,0.000819998516997,0.0340510256985
-1,0,-0.804001393954,0,-2,-1,-1.60800278791,-0.804001393954,-0.0390337054928,-0.0233537379957
-1,0,-0.804001393954,0,-2,0,-1.60800278791,0,0.0148325826818,0.00549637776694
-1,0,-0.804001393954,0,-2,1,-1.60800278791,0.804001393954,-0.0449064730714,-0.0108417521615
-1,0,-0.804001393954,0,-2,2,-1.60800278791,1.60800278791,-0.00938843143788,0.0121501778953
-1,0,-0.804001393954,0,-2,3,-1.60800278791,2.41200418186,0.00646148847345,-0.0114082843878
-1,0,-0.804001393954,0,-2,4,-1.60800278791,3.21600557581,-0.0083020093613,0.0201158381068
-1,0,-0.804001393954,0,-1,-4,-0.804001393954,-3.21600557581,0.0266617689963,-0.00654230534544
-1,0,-0.804001393954,0,-1,-3,-0.804001393954,-2.41200418186,-0.00816360699879,0.0141722664574
-1,0,-0.804001393954,0,-1,-2,-0.804001393954,-1.60800278791,-0.0175784507313,0.0411008690007
-1,0,-0.804001393954,0,-1,-1,-0.804001393954,-0.804001393954,0.0110626849113,-0.00565437485569
-1,0,-0.804001393954,0,-1,0,-0.804001393954,0,0.653071114292,0
-1,0,-0.804001393954,0,-1,1,-0.804001393954,0.804001393954,0.0246818907983,-0.0240771616297
-1,0,-0.804001393954,0,-1,2,-0.804001393954,1.60800278791,-0.00846434980013,-0.0588015881007
-1,0,-0.804001393954,0,-1,3,-0.804001393954,2.41200418186,-0.00553659939281,-0.0168110545558
-1,0,-0.804001393954,0,-1,4,-0.804001393954,3.21600557581,0.0337109819713,-0.00548878008905
-1,0,-0.804001393954,0,0,-4,0,-3.21600557581,-0.00134773279135,-0.0202385854571
-1,0,-0.804001393954,0,0,-3,0,-2.41200418186,0.0118034062394,0.0013709692148
-1,0,-0.804001393954,0,0,-2,0,-1.60800278791,-0.000914412231436,-0.0125860203944
-1,0,-0.804001393954,0,0,-1,0,-0.804001393954,-0.0673669284465,0.01304776424
-1,0,-0.804001393954,0,0,0,0,0,0.0131362152229,-0.00511407405525
-1,0,-0.804001393954,0,0,1,0,0.804001393954,-0.0514284942496,0.0601914748409
-1,0,-0.804001393954,0,0,2,0,1.60800278791,-0.000871586266903,-0.0345719750204
-1,0,-0.804001393954,0,0,3,0,2.41200418186,-0.0396004473771,-0.0189170308365
-1,0,-0.804001393954,0,0,4,0,3.21600557581,-0.00429886357124,0.0020736847074
-1,0,-0.804001393954,0,1,-4,0.804001393954,-3.21600557581,0.0224703073239,0.00556157475376
-1,0,-0.804001393954,0,1,-3,0.804001393954,-2.41200418186,0.000483331111957,0.00662277602584
-1,0,-0.804001393954,0,1,-2,0.804001393954,-1.60800278791,-0.0120042166453,-0.018258700238
-1,0,-0.804001393954,0,1,-1,0.804001393954,-0.804001393954,-0.0320199593498,-0.00461898653419
-1,0,-0.804001393954,0,1,0,0.804001393954,0,-0.0528562963307,0.0714185540307
-1,0,-0.804001393954,0,1,1,0.804001393954,0.804001393954,-0.00940968220726,-0.00801865990376
-1,0,-0.804001393954,0,1,2,0.804001393954,1.60800278791,0.000443416698007,-0.0176887997239
-1,0,-0.804001393954,0,1,3,0.804001393954,2.41200418186,-0.0241817005496,0.000448048423561
-1,0,-0.804001393954,0,1,4,0.804001393954,3.21600557581,0.0330464110687,-0.013623958594
-1,0,-0.804001393954,0,2,-4,1.60800278791,-3.21600557581,0.0162200230974,-0.00154361819345
-1,0,-0.804001393954,0,2,-3,1.60800278791,-2.41200418186,-0.0398805792188,-0.0114998242581
-1,0,-0.804001393954,0,2,-2,1.60800278791,-1.60800278791,-0.00235724941786,-0.0293083947488
-1,0,-0.804001393954,0,2,-1,1.60800278791,-0.804001393954,-0.0264323477627,-0.0574445557601
-1,0,-0.804001393954,0,2,0,1.60800278791,0,0.0198695354817,0.026955027595
-1,0,-0.804001393954,0,2,1,1.60800278791,0.804001393954,-0.0332143206215,-0.0372711242693
-1,0,-0.804001393954,0,2,2,1.60800278791,1.60800278791,0.0246746693511,-0.0019016710424
-1,0,-0.804001393954,0,2,3,1.60800278791,2.41200418186,-0.0154091587985,0.0191872585956
-1,0,-0.804001393954,0,2,4,1.60800278791,3.21600557581,-0.0511660316137,-0.00507363889152
-1,0,-0.804001393954,0,3,-4,2.41200418186,-3.21600557581,0.012549209033,-0.0432320831754
-1,0,-0.804001393954,0,3,-3,2.41200418186,-2.41200418186,0.0166074631846,-0.000609463944358
-1,0,-0.804001393954,0,3,-2,2.41200418186,-1.60800278791,-0.0211320822178,-0.0300396390452
-1,0,-0.804001393954,0,3,-1,2.41200418186,-0.804001393954,-0.0245198622569,0.0236436538025
-1,0,-0.804001393954,0,3,0,2.41200418186,0,-0.0109451970753,0.0237470344184
-1,0,-0.804001393954,0,3,1,2.41200418186,0.804001393954,0.0107435388929,-0.0301669778674
-1,0,-0.804001393954,0,3,2,2.41200418186,1.60800278791,-0.0310354750619,0.0179082501265
-1,0,-0.804001393954,0,3,3,2.41200418186,2.41200418186,-0.0142273827785,0.00108067831713
-1,0,-0.804001393954,0,3,4,2.41200418186,3.21600557581,-0.0158220758955,0.0280158293684
-1,0,-0.804001393954,0,4,-4,3.21600557581,-3.21600557581,-0.0166552031671,0.0150241683244
-1,0,-0.804001393954,0,4,-3,3.21600557581,-2.41200418186,0.0180366397477,0.0164448388307
-1,0,-0.804001393954,0,4,-2,3.21600557581,-1.60800278791,-0.00636276648826,-0.0347967027387
-1,0,-0.804001393954,0,4,-1,3.21600557581,-0.804001393954,0.000132030223072,-0.000236364455644
-1,0,-0.804001393954,0,4,0,3.21600557581,0,-0.0220444488237,0.00733967622563
-1,0,-0.804001393954,0,4,1,3.21600557581,0.804001393954,0.0133759241846,0.0184242567405
-1,0,-0.804001393954,0,4,2,3.21600557581,1.60800278791,0.00865088030064,0.00853969214989
-1,0,-0.804001393954,0,4,3,3.21600557581,2.41200418186,0.0265364088682,-0.0359945724156
-1,0,-0.804001393954,0,4,4,3.21600557581,3.21600557581,-0.0432085409911,0.0184908583206
-1,1,-0.804001393954,0.804001393954,-4,-4,-3.21600557581,-3.21600557581,0.015166550901,-0.00423725226103
-1,1,-0.804001393954,0.804001393954,-4,-3,-3.21600557581,-2.41200418186,-0.0383817796997,0.00245902402699
-1,1,-0.804001393954,0.804001393954,-4,-2,-3.21600557581,-1.60800278791,-0.000403993252214,-0.00756162396647
-1,1,-0.804001393954,0.804001393954,-4,-1,-3.21600557581,-0.804001393954,0.0123009779989,-0.00381537032879
-1,1,-0.804001393954,0.804001393954,-4,0,-3.21600557581,0,-0.00755502762787,0.0176961936884
-1,1,-0.804001393954,0.804001393954,-4,1,-3.21600557581,0.804001393954,0.0191873806977,-0.015836123256
-1,1,-0.804001393954,0.804001393954,-4,2,-3.21600557581,1.60800278791,0.000156069800385,0.0135611156477
-1,1,-0.804001393954,0.804001393954,-4,3,-3.21600557581,2.41200418186,-0.000690199420005,0.0174054746702
-1,1,-0.804001393954,0.804001393954,-4,4,-3.21600557581,3.21600557581,-0.0413695146002,0.00550900341269
-1,1,-0.804001393954,0.804001393954,-3,-4,-2.41200418186,-3.21600557581,0.0039878798308,-0.00966409728559
-1,1,-0.804001393954,0.804001393954,-3,-3,-2.41200418186,-2.41200418186,0.0279847561996,0.00321428908135
-1,1,-0.804001393954,0.804001393954,-3,-2,-2.41200418186,-1.60800278791,-0.0215696819988,-0.000567778977336
-1,1,-0.804001393954,0.804001393954,-3,-1,-2.41200418186,-0.804001393954,-0.00444472140098,-0.000669389139096
-1,1,-0.804001393954,0.804001393954,-3,0,-2.41200418186,0,-0.0120809509577,0.0137975026913
-1,1,-0.804001393954,0.804001393954,-3,1,-2.41200418186,0.804001393954,-0.0316827201151,-0.0251116836316
-1,1,-0.804001393954,0.804001393954,-3,2,-2.41200418186,1.60800278791,-0.0180648077513,0.00295307732398
-1,1,-0.804001393954,0.804001393954,-3,3,-2.41200418186,2.41200418186,-0.010004400134,-0.00498340450833
-1,1,-0.804001393954,0.804001393954,-3,4,-2.41200418186,3.21600557581,-0.00265375199757,-0.00564482701273
-1,1,-0.804001393954,0.804001393954,-2,-4,-1.60800278791,-3.21600557581,0.0103238345314,-0.0131778199749
-1,1,-0.804001393954,0.804001393954,-2,-3,-1.60800278791,-2.41200418186,0.00654698787757,-0.000974465035925
-1,1,-0.804001393954,0.804001393954,-2,-2,-1.60800278791,-1.60800278791,-0.0387040534165,0.011447649292
-1,1,-0.804001393954,0.804001393954,-2,-1,-1.60800278791,-0.804001393954,-0.00753523068148,0.0337074901493
-1,1,-0.804001393954,0.804001393954,-2,0,-1.60800278791,0,-0.0298946155148,-0.0309556783742
-1,1,-0.804001393954,0.804001393954,-2,1,-1.60800278791,0.804001393954,0.0126851601815,-0.00100393590969
-1,1,-0.804001393954,0.804001393954,-2,2,-1.60800278791,1.60800278791,-0.0306363578657,-0.00272058735645
-1,1,-0.804001393954,0.804001393954,-2,3,-1.60800278791,2.41200418186,0.00647990195618,0.00445615411608
-1,1,-0.804001393954,0.804001393954,-2,4,-1.60800278791,3.21600557581,0.000591427672213,-0.0059263848346
-1,1,-0.804001393954,0.804001393954,-1,-4,-0.804001393954,-3.21600557581,-0.0184376046015,-0.00393324633128
-1,1,-0.804001393954,0.804001393954,-1,-3,-0.804001393954,-2.41200418186,0.0283915218183,-0.00428602444651
-1,1,-0.804001393954,0.804001393954,-1,-2,-0.804001393954,-1.60800278791,-0.0139925189879,0.0178803381655
-1,1,-0.804001393954,0.804001393954,-1,-1,-0.804001393954,-0.804001393954,-0.0177378487367,0.0634478955281
-1,1,-0.804001393954,0.804001393954,-1,0,-0.804001393954,0,0.0246818907983,0.0240771616297
-1,1,-0.804001393954,0.804001393954,-1,1,-0.804001393954,0.804001393954,0.49490992148,0
-1,1,-0.804001393954,0.804001393954,-1,2,-0.804001393954,1.60800278791,0.0141884225292,-0.0168023270132
-1,1,-0.804001393954,0.804001393954,-1,3,-0.804001393954,2.41200418186,-0.0109220119454,-0.033812540345
-1,1,-0.804001393954,0.804001393954,-1,4,-0.804001393954,3.21600557581,-0.0205054948902,-0.0137475642133
-1,1,-0.804001393954,0.804001393954,0,-4,0,-3.21600557581,-0.00121897930639,-0.00350735993847
-1,1,-0.804001393954,0.804001393954,0,-3,0,-2.41200418186,0.00702175637011,-0.0149531232646
-1,1,-0.804001393954,0.804001393954,0,-2,0,-1.60800278791,0.0139975891596,0.0064701008475
-1,1,-0.804001393954,0.804001393954,0,-1,0,-0.804001393954,0.0182793065808,-0.0137760938495
-1,1,-0.804001393954,0.804001393954,0,0,0,0,-0.129341552904,0.0137489200729
-1,1,-0.804001393954,0.804001393954,0,1,0,0.804001393954,0.0187882258905,-0.00115907330774
-1,1,-0.804001393954,0.804001393954,0,2,0,1.60800278791,-0.0279909289322,0.0413340533631
-1,1,-0.804001393954,0.804001393954,0,3,0,2.41200418186,0.00778513206464,-0.0186076118521
-1,1,-0.804001393954,0.804001393954,0,4,0,3.21600557581,-0.0259753998591,-0.00323838985468
-1,1,-0.804001393954,0.804001393954,1,-4,0.804001393954,-3.21600557581,0.00883637100163,-0.0108070462
-1,1,-0.804001393954,0.804001393954,1,-3,0.804001393954,-2.41200418186,0.0137650893016,0.00498161706834
-1,1,-0.804001393954,0.804001393954,1,-2,0.804001393954,-1.60800278791,0.00734834318988,0.00549577006987
-1,1,-0.804001393954,0.804001393954,1,-1,0.804001393954,-0.804001393954,-0.0145765801717,-0.014539714136
-1,1,-0.804001393954,0.804001393954,1,0,0.804001393954,0,-0.0320199593498,-0.00461898653419
-1,1,-0.804001393954,0.804001393954,1,1,0.804001393954,0.804001393954,-0.044377528844,0.0503634314415
-1,1,-0.804001393954,0.804001393954,1,2,0.804001393954,1.60800278791,-0.00772648676602,-0.00378997729696
-1,1,-0.804001393954,0.804001393954,1,3,0.804001393954,2.41200418186,0.00865828159923,-0.00669407130715
-1,1,-0.804001393954,0.804001393954,1,4,0.804001393954,3.21600557581,-0.0160072340437,0.00409533276188
-1,1,-0.804001393954,0.804001393954,2,-4,1.60800278791,-3.21600557581,-0.0360194406692,-0.0145950878842
-1,1,-0.804001393954,0.804001393954,2,-3,1.60800278791,-2.41200418186,0.00393279254046,-0.00174646395098
-1,1,-0.804001393954,0.804001393954,2,-2,1.60800278791,-1.60800278791,-0.0264491929123,-0.0119481626129
-1,1,-0.804001393954,0.804001393954,2,-1,1.60800278791,-0.804001393954,-0.0025476528573,-0.038304953421
-1,1,-0.804001393954,0.804001393954,2,0,1.60800278791,0,-0.0204622182217,-0.0520221049139
-1,1,-0.804001393954,0.804001393954,2,1,1.60800278791,0.804001393954,0.0213537096176,0.0157835257532
-1,1,-0.804001393954,0.804001393954,2,2,1.60800278791,1.60800278791,-0.0266529129689,-0.0314145070379
-1,1,-0.804001393954,0.804001393954,2,3,1.60800278791,2.41200418186,0.020120690919,-0.00739018500533
-1,1,-0.804001393954,0.804001393954,2,4,1.60800278791,3.21600557581,-0.00263371794085,0.0130292419313
-1,1,-0.804001393954,0.804001393954,3,-4,2.41200418186,-3.21600557581,-0.00596983620218,0.000301311487526
-1,1,-0.804001393954,0.804001393954,3,-3,2.41200418186,-2.41200418186,0.012315385984,-0.0273611763721
-1,1,-0.804001393954,0.804001393954,3,-2,2.41200418186,-1.60800278791,0.0181160914564,0.00409288886588
-1,1,-0.804001393954,0.804001393954,3,-1,2.41200418186,-0.804001393954,-0.0119132266141,-0.0292141228807
-1,1,-0.804001393954,0.804001393954,3,0,2.41200418186,0,-0.0268657463812,0.0237324347097
-1,1,-0.804001393954,0.804001393954,3,1,2.41200418186,0.804001393954,-0.00235939557316,0.00633349809967
-1,1,-0.804001393954,0.804001393954,3,2,2.41200418186,1.60800278791,-0.003284635156,-0.0240311920847
-1,1,-0.804001393954,0.804001393954,3,3,2.41200418186,2.41200418186,-0.0317351072992,0.00447922599597
-1,1,-0.804001393954,0.804001393954,3,4,2.41200418186,3.21600557581,-0.00315006507655,0.00603372452937
-1,1,-0.804001393954,0.804001393954,4,-4,3.21600557581,-3.21600557581,0.00456133526175,-0.0269194292643
-1,1,-0.804001393954,0.804001393954,4,-3,3.21600557581,-2.41200418186,-0.0171424315574,0.0181595181887
-1,1,-0.804001393954,0.804001393954,4,-2,3.21600557581,-1.60800278791,0.00032279085535,0.00535725012133
-1,1,-0.804001393954,0.804001393954,4,-1,3.21600557581,-0.804001393954,-0.00667691089362,-0.0269230756277
-1,1,-0.804001393954,0.804001393954,4,0,3.21600557581,0,0.00482788570254,-0.00793170837015
-1,1,-0.804001393954,0.804001393954,4,1,3.21600557581,0.804001393954,-0.0252717736482,0.00455271128392
-1,1,-0.804001393954,0.804001393954,4,2,3.21600557581,1.60800278791,0.0130297954939,0.0086356596564
-1,1,-0.804001393954,0.804001393954,4,3,3.21600557581,2.41200418186,0.0100214060926,-8.62383558287e-05
-1,1,-0.804001393954,0.804001393954,4,4,3.21600557581,3.21600557581,0.020910008119,-0.0215256179367
-1,2,-0.804001393954,1.60800278791,-4,-4,-3.21600557581,-3.21600557581,0.00927755412819,0.0113659799489
-1,2,-0.804001393954,1.60800278791,-4,-3,-3.21600557581,-2.41200418186,0.00377461923688,-0.0128598718667
-1,2,-0.804001393954,1.60800278791,-4,-2,-3.21600557581,-1.60800278791,-0.0216521140183,0.0089040534285
-1,2,-0.804001393954,1.60800278791,-4,-1,-3.21600557581,-0.804001393954,-0.0061023526975,-0.011617356254
-1,2,-0.804001393954,1.60800278791,-4,0,-3.21600557581,0,0.00872834800144,0.0015617557778
-1,2,-0.804001393954,1.60800278791,-4,1,-3.21600557581,0.804001393954,-0.00897765076182,0.0102259907044
-1,2,-0.804001393954,1.60800278791,-4,2,-3.21600557581,1.60800278791,0.0106222690352,-0.00860872899916
-1,2,-0.804001393954,1.60800278791,-4,3,-3.21600557581,2.41200418186,0.00175267498443,0.00487052332939
-1,2,-0.804001393954,1.60800278791,-4,4,-3.21600557581,3.21600557581,0.00843575321999,0.00897527247526
-1,2,-0.804001393954,1.60800278791,-3,-4,-2.41200418186,-3.21600557581,-0.00256412537429,0.00311529516464
-1,2,-0.804001393954,1.60800278791,-3,-3,-2.41200418186,-2.41200418186,-0.00583814249635,-0.0022673485196
-1,2,-0.804001393954,1.60800278791,-3,-2,-2.41200418186,-1.60800278791,0.0126136102508,-0.000812234821334
-1,2,-0.804001393954,1.60800278791,-3,-1,-2.41200418186,-0.804001393954,-0.00937438741205,-0.00447418454498
-1,2,-0.804001393954,1.60800278791,-3,0,-2.41200418186,0,0.00249697168398,0.0060869574837
-1,2,-0.804001393954,1.60800278791,-3,1,-2.41200418186,0.804001393954,-0.0008154084312,0.00676202377683
-1,2,-0.804001393954,1.60800278791,-3,2,-2.41200418186,1.60800278791,-0.00705990545311,-0.00908325073446
-1,2,-0.804001393954,1.60800278791,-3,3,-2.41200418186,2.41200418186,-0.0143237470979,0.00623561602029
-1,2,-0.804001393954,1.60800278791,-3,4,-2.41200418186,3.21600557581,-0.00330786220153,0.00211500981809
-1,2,-0.804001393954,1.60800278791,-2,-4,-1.60800278791,-3.21600557581,-0.00622253942425,0.00511455657499
-1,2,-0.804001393954,1.60800278791,-2,-3,-1.60800278791,-2.41200418186,0.00629656244249,-0.00568212063828
-1,2,-0.804001393954,1.60800278791,-2,-2,-1.60800278791,-1.60800278791,0.00265141238687,-0.00173427545747
-1,2,-0.804001393954,1.60800278791,-2,-1,-1.60800278791,-0.804001393954,-0.0314238277867,0.00974858496179
-1,2,-0.804001393954,1.60800278791,-2,0,-1.60800278791,0,-0.0030013338537,0.0160026387846
-1,2,-0.804001393954,1.60800278791,-2,1,-1.60800278791,0.804001393954,-0.0230148341327,-0.011826654717
-1,2,-0.804001393954,1.60800278791,-2,2,-1.60800278791,1.60800278791,0.00135295911712,0.00297833179526
-1,2,-0.804001393954,1.60800278791,-2,3,-1.60800278791,2.41200418186,-0.0114932360179,-0.000459824085327
-1,2,-0.804001393954,1.60800278791,-2,4,-1.60800278791,3.21600557581,-0.000962480766435,0.00473836807171
-1,2,-0.804001393954,1.60800278791,-1,-4,-0.804001393954,-3.21600557581,-0.0109050811244,0.0101815918267
-1,2,-0.804001393954,1.60800278791,-1,-3,-0.804001393954,-2.41200418186,-0.00989933530063,-0.0142560872179
-1,2,-0.804001393954,1.60800278791,-1,-2,-0.804001393954,-1.60800278791,0.0270526682336,-0.00146918788107
-1,2,-0.804001393954,1.60800278791,-1,-1,-0.804001393954,-0.804001393954,-0.0141860138163,0.01676754837
-1,2,-0.804001393954,1.60800278791,-1,0,-0.804001393954,0,-0.00846434980013,0.0588015881007
-1,2,-0.804001393954,1.60800278791,-1,1,-0.804001393954,0.804001393954,0.0141884225292,0.0168023270132
-1,2,-0.804001393954,1.60800278791,-1,2,-0.804001393954,1.60800278791,0.267630464186,0
-1,2,-0.804001393954,1.60800278791,-1,3,-0.804001393954,2.41200418186,0.0023680697319,-0.0118280482885
-1,2,-0.804001393954,1.60800278791,-1,4,-0.804001393954,3.21600557581,-0.0066939315956,-0.00720700817757
-1,2,-0.804001393954,1.60800278791,0,-4,0,-3.21600557581,0.00331791729054,0.00190336995092
-1,2,-0.804001393954,1.60800278791,0,-3,0,-2.41200418186,-0.00073573629106,-0.00821780572607
-1,2,-0.804001393954,1.60800278791,0,-2,0,-1.60800278791,0.00925513129285,-0.0232484686304
-1,2,-0.804001393954,1.60800278791,0,-1,0,-0.804001393954,0.0119906074467,0.0152088960654
-1,2,-0.804001393954,1.60800278791,0,0,0,0,0.0165231178733,-0.0306309444273
-1,2,-0.804001393954,1.60800278791,0,1,0,0.804001393954,-0.0544867016414,-0.00148817474073
-1,2,-0.804001393954,1.60800278791,0,2,0,1.60800278791,0.0196819670813,0.000559160345309
-1,2,-0.804001393954,1.60800278791,0,3,0,2.41200418186,-0.0168726404333,0.00925612873846
-1,2,-0.804001393954,1.60800278791,0,4,0,3.21600557581,-0.0013317074394,-0.0153088521216
-1,2,-0.804001393954,1.60800278791,1,-4,0.804001393954,-3.21600557581,0.00670437870621,0.00444389179489
-1,2,-0.804001393954,1.60800278791,1,-3,0.804001393954,-2.41200418186,0.00175503867138,-0.00911951730425
-1,2,-0.804001393954,1.60800278791,1,-2,0.804001393954,-1.60800278791,0.0203802846913,0.00725061200869
-1,2,-0.804001393954,1.60800278791,1,-1,0.804001393954,-0.804001393954,0.00734834318988,0.00549577006987
-1,2,-0.804001393954,1.60800278791,1,0,0.804001393954,0,-0.0120042166453,-0.018258700238
-1,2,-0.804001393954,1.60800278791,1,1,0.804001393954,0.804001393954,-0.013608243318,-0.00528336190108
-1,2,-0.804001393954,1.60800278791,1,2,0.804001393954,1.60800278791,-0.0331581466748,0.0251238318269
-1,2,-0.804001393954,1.60800278791,1,3,0.804001393954,2.41200418186,-0.00241783683987,0.000355027400209
-1,2,-0.804001393954,1.60800278791,1,4,0.804001393954,3.21600557581,-0.00616737022178,-0.0025360938444
-1,2,-0.804001393954,1.60800278791,2,-4,1.60800278791,-3.21600557581,1.30715015678e-05,-0.0117921724853
-1,2,-0.804001393954,1.60800278791,2,-3,1.60800278791,-2.41200418186,-0.0172998523093,-0.00249921771487
-1,2,-0.804001393954,1.60800278791,2,-2,1.60800278791,-1.60800278791,0.0134809107929,0.00263874257506
-1,2,-0.804001393954,1.60800278791,2,-1,1.60800278791,-0.804001393954,-0.0299508733753,-0.00648899418568
-1,2,-0.804001393954,1.60800278791,2,0,1.60800278791,0,-0.00667804850269,-0.0254512474683
-1,2,-0.804001393954,1.60800278791,2,1,1.60800278791,0.804001393954,-0.0142303477804,-0.0358431568735
-1,2,-0.804001393954,1.60800278791,2,2,1.60800278791,1.60800278791,0.00297680306935,0.00910996902676
-1,2,-0.804001393954,1.60800278791,2,3,1.60800278791,2.41200418186,-0.00482984183525,-0.00947639949577
-1,2,-0.804001393954,1.60800278791,2,4,1.60800278791,3.21600557581,0.00475142209739,-0.00859048736821
-1,2,-0.804001393954,1.60800278791,3,-4,2.41200418186,-3.21600557581,-0.00805880186586,0.00915723236266
-1,2,-0.804001393954,1.60800278791,3,-3,2.41200418186,-2.41200418186,-0.00601568998572,-0.00334605477872
-1,2,-0.804001393954,1.60800278791,3,-2,2.41200418186,-1.60800278791,0.00207863075478,-0.0195873222621
-1,2,-0.804001393954,1.60800278791,3,-1,2.41200418186,-0.804001393954,0.0128116403632,0.000891872591861
-1,2,-0.804001393954,1.60800278791,3,0,2.41200418186,0,0.000571422546971,-0.0148184977397
-1,2,-0.804001393954,1.60800278791,3,1,2.41200418186,0.804001393954,-0.0106318786809,0.0126065757257
-1,2,-0.804001393954,1.60800278791,3,2,2.41200418186,1.60800278791,-0.00260666458574,0.00350715715053
-1,2,-0.804001393954,1.60800278791,3,3,2.41200418186,2.41200418186,0.00412648278901,-0.00864390209795
-1,2,-0.804001393954,1.60800278791,3,4,2.41200418186,3.21600557581,-0.0193229602002,0.00732953873818
-1,2,-0.804001393954,1.60800278791,4,-4,3.21600557581,-3.21600557581,0.00115419858708,-0.00313084721783
-1,2,-0.804001393954,1.60800278791,4,-3,3.21600557581,-2.41200418186,0.00564288570988,-0.018894214398
-1,2,-0.804001393954,1.60800278791,4,-2,3.21600557581,-1.60800278791,-0.00507117714731,0.00508486649595
-1,2,-0.804001393954,1.60800278791,4,-1,3.21600557581,-0.804001393954,0.00148225408578,0.00717593592716
-1,2,-0.804001393954,1.60800278791,4,0,3.21600557581,0,-0.00318252452111,-0.0125360389984
-1,2,-0.804001393954,1.60800278791,4,1,3.21600557581,0.804001393954,0.000761480676868,0.00379990364342
-1,2,-0.804001393954,1.60800278791,4,2,3.21600557581,1.60800278791,-0.0147771961473,0.000237547866639
-1,2,-0.804001393954,1.60800278791,4,3,3.21600557581,2.41200418186,0.00155340424894,0.011213545127
-1,2,-0.804001393954,1.60800278791,4,4,3.21600557581,3.21600557581,0.00646610885798,-0.00237827483492
-1,3,-0.804001393954,2.41200418186,-4,-4,-3.21600557581,-3.21600557581,0.00192440411918,0.00118728506881
-1,3,-0.804001393954,2.41200418186,-4,-3,-3.21600557581,-2.41200418186,-0.00549543503116,0.00115350836203
-1,3,-0.804001393954,2.41200418186,-4,-2,-3.21600557581,-1.60800278791,0.00222163105055,-0.000583664830521
-1,3,-0.804001393954,2.41200418186,-4,-1,-3.21600557581,-0.804001393954,-0.00803509479711,0.00221210486549
-1,3,-0.804001393954,2.41200418186,-4,0,-3.21600557581,0,0.00268484573646,-0.000356405256058
-1,3,-0.804001393954,2.41200418186,-4,1,-3.21600557581,0.804001393954,-0.000500908435156,-0.00313208588264
-1,3,-0.804001393954,2.41200418186,-4,2,-3.21600557581,1.60800278791,0.00184829546234,0.00519182168133
-1,3,-0.804001393954,2.41200418186,-4,3,-3.21600557581,2.41200418186,0.0038842775558,-0.0103464984665
-1,3,-0.804001393954,2.41200418186,-4,4,-3.21600557581,3.21600557581,0.00535678415564,0.00370158412016
-1,3,-0.804001393954,2.41200418186,-3,-4,-2.41200418186,-3.21600557581,0.00148136956113,0.0107325989178
-1,3,-0.804001393954,2.41200418186,-3,-3,-2.41200418186,-2.41200418186,-0.00267895177023,0.00838530891917
-1,3,-0.804001393954,2.41200418186,-3,-2,-2.41200418186,-1.60800278791,-0.00430691653942,-0.00411085145889
-1,3,-0.804001393954,2.41200418186,-3,-1,-2.41200418186,-0.804001393954,0.0121813268775,0.00411018956661
-1,3,-0.804001393954,2.41200418186,-3,0,-2.41200418186,0,-0.00327370665381,-0.00360071809664
-1,3,-0.804001393954,2.41200418186,-3,1,-2.41200418186,0.804001393954,0.00242223925487,0.000773770853843
-1,3,-0.804001393954,2.41200418186,-3,2,-2.41200418186,1.60800278791,0.00679102180433,-0.000398321275355
-1,3,-0.804001393954,2.41200418186,-3,3,-2.41200418186,2.41200418186,-0.00541723513447,-0.00428821353327
-1,3,-0.804001393954,2.41200418186,-3,4,-2.41200418186,3.21600557581,-0.00368769345192,-0.000580609690033
-1,3,-0.804001393954,2.41200418186,-2,-4,-1.60800278791,-3.21600557581,0.00606155529173,0.00113767994664
-1,3,-0.804001393954,2.41200418186,-2,-3,-1.60800278791,-2.41200418186,-0.00271653726259,0.00418274477939
-1,3,-0.804001393954,2.41200418186,-2,-2,-1.60800278791,-1.60800278791,0.00179356617714,-0.00545769503063
-1,3,-0.804001393954,2.41200418186,-2,-1,-1.60800278791,-0.804001393954,0.000335323221701,-0.00424162131502
-1,3,-0.804001393954,2.41200418186,-2,0,-1.60800278791,0,-0.02464351899,0.000574618194464
-1,3,-0.804001393954,2.41200418186,-2,1,-1.60800278791,0.804001393954,-0.000346690424192,0.0117156292252
-1,3,-0.804001393954,2.41200418186,-2,2,-1.60800278791,1.60800278791,-0.0169832842949,-0.00381253916044
-1,3,-0.804001393954,2.41200418186,-2,3,-1.60800278791,2.41200418186,0.000799789394879,-0.000314946609139
-1,3,-0.804001393954,2.41200418186,-2,4,-1.60800278791,3.21600557581,-9.71358095069e-05,0.00187900888396
-1,3,-0.804001393954,2.41200418186,-1,-4,-0.804001393954,-3.21600557581,-0.00039914410779,-0.00466617915678
-1,3,-0.804001393954,2.41200418186,-1,-3,-0.804001393954,-2.41200418186,-0.00947560036966,0.00269898742433
-1,3,-0.804001393954,2.41200418186,-1,-2,-0.804001393954,-1.60800278791,-0.0143879887239,-0.00425931430984
-1,3,-0.804001393954,2.41200418186,-1,-1,-0.804001393954,-0.804001393954,0.0174999462721,-0.00299824405838
-1,3,-0.804001393954,2.41200418186,-1,0,-0.804001393954,0,-0.00553659939281,0.0168110545558
-1,3,-0.804001393954,2.41200418186,-1,1,-0.804001393954,0.804001393954,-0.0109220119454,0.033812540345
-1,3,-0.804001393954,2.41200418186,-1,2,-0.804001393954,1.60800278791,0.0023680697319,0.0118280482885
-1,3,-0.804001393954,2.41200418186,-1,3,-0.804001393954,2.41200418186,0.0713828312105,0
-1,3,-0.804001393954,2.41200418186,-1,4,-0.804001393954,3.21600557581,0.00267288370686,-0.00228884850096
-1,3,-0.804001393954,2.41200418186,0,-4,0,-3.21600557581,-0.000890649208287,-0.00518651558278
-1,3,-0.804001393954,2.41200418186,0,-3,0,-2.41200418186,-0.000271859565951,0.00492465781054
-1,3,-0.804001393954,2.41200418186,0,-2,0,-1.60800278791,-0.00227138026997,-0.0030696660453
-1,3,-0.804001393954,2.41200418186,0,-1,0,-0.804001393954,0.000320175578724,-0.0199743687199
-1,3,-0.804001393954,2.41200418186,0,0,0,0,0.0301562658628,0.0280354786128
-1,3,-0.804001393954,2.41200418186,0,1,0,0.804001393954,0.00776543190645,-0.00941121057577
-1,3,-0.804001393954,2.41200418186,0,2,0,1.60800278791,-0.0187727361147,0.0047353521687
-1,3,-0.804001393954,2.41200418186,0,3,0,2.41200418186,0.00410106661515,-0.000647081394058
-1,3,-0.804001393954,2.41200418186,0,4,0,3.21600557581,-0.00222959232139,-0.00119274379421
-1,3,-0.804001393954,2.41200418186,1,-4,0.804001393954,-3.21600557581,0.00181956580013,-0.000506023021762
-1,3,-0.804001393954,2.41200418186,1,-3,0.804001393954,-2.41200418186,0.0143723107943,0.00486831118971
-1,3,-0.804001393954,2.41200418186,1,-2,0.804001393954,-1.60800278791,0.00175503867138,-0.00911951730425
-1,3,-0.804001393954,2.41200418186,1,-1,0.804001393954,-0.804001393954,0.0137650893016,0.00498161706834
-1,3,-0.804001393954,2.41200418186,1,0,0.804001393954,0,0.000483331111957,0.00662277602584
-1,3,-0.804001393954,2.41200418186,1,1,0.804001393954,0.804001393954,-0.00621722054322,-0.0117788263527
-1,3,-0.804001393954,2.41200418186,1,2,0.804001393954,1.60800278791,-0.00784273270772,-0.00510843992386
-1,3,-0.804001393954,2.41200418186,1,3,0.804001393954,2.41200418186,-0.00777851499267,0.00975270443027
-1,3,-0.804001393954,2.41200418186,1,4,0.804001393954,3.21600557581,-0.0012259581276,-0.00451236403226
-1,3,-0.804001393954,2.41200418186,2,-4,1.60800278791,-3.21600557581,0.00526455105323,-0.00316272671091
-1,3,-0.804001393954,2.41200418186,2,-3,1.60800278791,-2.41200418186,-0.000610604536441,-0.00702700064966
-1,3,-0.804001393954,2.41200418186,2,-2,1.60800278791,-1.60800278791,-0.0103858029253,-0.000362819664467
-1,3,-0.804001393954,2.41200418186,2,-1,1.60800278791,-0.804001393954,0.00826710969193,-0.00231808938452
-1,3,-0.804001393954,2.41200418186,2,0,1.60800278791,0,-0.0229685761497,-0.00422085264051
-1,3,-0.804001393954,2.41200418186,2,1,1.60800278791,0.804001393954,-0.00665257490559,-0.0209229637724
-1,3,-0.804001393954,2.41200418186,2,2,1.60800278791,1.60800278791,-0.00316074248462,-0.0157311441923
-1,3,-0.804001393954,2.41200418186,2,3,1.60800278791,2.41200418186,0.00418695821506,0.005006731431
-1,3,-0.804001393954,2.41200418186,2,4,1.60800278791,3.21600557581,-0.00322044573132,-0.00421959468852
-1,3,-0.804001393954,2.41200418186,3,-4,2.41200418186,-3.21600557581,-0.0099603839304,-0.00360505461108
-1,3,-0.804001393954,2.41200418186,3,-3,2.41200418186,-2.41200418186,-0.00553600407556,0.00580701559769
-1,3,-0.804001393954,2.41200418186,3,-2,2.41200418186,-1.60800278791,0.000126361188521,-0.0026770330582
-1,3,-0.804001393954,2.41200418186,3,-1,2.41200418186,-0.804001393954,0.00112104029521,-0.00621235086585
-1,3,-0.804001393954,2.41200418186,3,0,2.41200418186,0,0.00993648404188,0.00211323490684
-1,3,-0.804001393954,2.41200418186,3,1,2.41200418186,0.804001393954,0.000421335990203,-0.00913589960387
-1,3,-0.804001393954,2.41200418186,3,2,2.41200418186,1.60800278791,-0.00135733716937,0.00308242070724
-1,3,-0.804001393954,2.41200418186,3,3,2.41200418186,2.41200418186,0.000443772311543,0.000350411278553
-1,3,-0.804001393954,2.41200418186,3,4,2.41200418186,3.21600557581,-0.00461190259207,0.000172082359449
-1,3,-0.804001393954,2.41200418186,4,-4,3.21600557581,-3.21600557581,0.00127990871709,0.000352893536271
-1,3,-0.804001393954,2.41200418186,4,-3,3.21600557581,-2.41200418186,0.000502683197973,0.00196294782124
-1,3,-0.804001393954,2.41200418186,4,-2,3.21600557581,-1.60800278791,-0.00239175870259,-0.0106160311207
-1,3,-0.804001393954,2.41200418186,4,-1,3.21600557581,-0.804001393954,-0.00522257830328,0.00729612869272
-1,3,-0.804001393954,2.41200418186,4,0,3.21600557581,0,-0.0019496390345,-0.000650503203185
-1,3,-0.804001393954,2.41200418186,4,1,3.21600557581,0.804001393954,-0.00144772571431,-0.00625712870411
-1,3,-0.804001393954,2.41200418186,4,2,3.21600557581,1.60800278791,-0.00281069799169,0.00358446257469
-1,3,-0.804001393954,2.41200418186,4,3,3.21600557581,2.41200418186,-0.00276409313649,0.00386806424421
-1,3,-0.804001393954,2.41200418186,4,4,3.21600557581,3.21600557581,0.00284567471861,0.00507427500516
-1,4,-0.804001393954,3.21600557581,-4,-4,-3.21600557581,-3.21600557581,0.00163425871199,0.000557456552476
-1,4,-0.804001393954,3.21600557581,-4,-3,-3.21600557581,-2.41200418186,0.00479097927221,0.000231731922512
-1,4,-0.804001393954,3.21600557581,-4,-2,-3.21600557581,-1.60800278791,-0.000771501412293,-0.000111206013412
-1,4,-0.804001393954,3.21600557581,-4,-1,-3.21600557581,-0.804001393954,0.00216050069119,-0.00215529507275
-1,4,-0.804001393954,3.21600557581,-4,0,-3.21600557581,0,-0.00107264884945,0.00221611603487
-1,4,-0.804001393954,3.21600557581,-4,1,-3.21600557581,0.804001393954,-0.000118356973528,0.00268026865084
-1,4,-0.804001393954,3.21600557581,-4,2,-3.21600557581,1.60800278791,0.00317816284142,-0.00220359905978
-1,4,-0.804001393954,3.21600557581,-4,3,-3.21600557581,2.41200418186,-0.00111680304493,-0.000889621137755
-1,4,-0.804001393954,3.21600557581,-4,4,-3.21600557581,3.21600557581,0.00617943161602,-0.000448251838607
-1,4,-0.804001393954,3.21600557581,-3,-4,-2.41200418186,-3.21600557581,0.00293802496859,0.000214584270813
-1,4,-0.804001393954,3.21600557581,-3,-3,-2.41200418186,-2.41200418186,-0.00171074416008,-4.8995925581e-05
-1,4,-0.804001393954,3.21600557581,-3,-2,-2.41200418186,-1.60800278791,-0.00208214109481,-0.00180357454496
-1,4,-0.804001393954,3.21600557581,-3,-1,-2.41200418186,-0.804001393954,0.00288323808199,-0.00224017379536
-1,4,-0.804001393954,3.21600557581,-3,0,-2.41200418186,0,0.000542148164396,0.000599241170059
-1,4,-0.804001393954,3.21600557581,-3,1,-2.41200418186,0.804001393954,-0.000846220181402,0.000266760287411
-1,4,-0.804001393954,3.21600557581,-3,2,-2.41200418186,1.60800278791,-0.000593235345711,0.000497384398602
-1,4,-0.804001393954,3.21600557581,-3,3,-2.41200418186,2.41200418186,0.00521306632185,0.000713364932907
-1,4,-0.804001393954,3.21600557581,-3,4,-2.41200418186,3.21600557581,-0.00274174658235,-0.000218902313719
-1,4,-0.804001393954,3.21600557581,-2,-4,-1.60800278791,-3.21600557581,-0.00394078750435,0.00153966911305
-1,4,-0.804001393954,3.21600557581,-2,-3,-1.60800278791,-2.41200418186,0.000560210403721,-0.00238489775805
-1,4,-0.804001393954,3.21600557581,-2,-2,-1.60800278791,-1.60800278791,-0.00246920011365,0.00578821003017
-1,4,-0.804001393954,3.21600557581,-2,-1,-1.60800278791,-0.804001393954,0.00982677191932,4.74253110522e-05
-1,4,-0.804001393954,3.21600557581,-2,0,-1.60800278791,0,-0.00374164972677,0.00762046069965
-1,4,-0.804001393954,3.21600557581,-2,1,-1.60800278791,0.804001393954,-0.00569198656543,0.00386540333815
-1,4,-0.804001393954,3.21600557581,-2,2,-1.60800278791,1.60800278791,0.00408264768176,0.00135090479346
-1,4,-0.804001393954,3.21600557581,-2,3,-1.60800278791,2.41200418186,-0.00108989162457,0.00156872561079
-1,4,-0.804001393954,3.21600557581,-2,4,-1.60800278791,3.21600557581,-0.00431330840572,0.000504878330393
-1,4,-0.804001393954,3.21600557581,-1,-4,-0.804001393954,-3.21600557581,0.00582911023024,-6.73879981786e-05
-1,4,-0.804001393954,3.21600557581,-1,-3,-0.804001393954,-2.41200418186,-0.00206088380652,-0.00536453631333
-1,4,-0.804001393954,3.21600557581,-1,-2,-0.804001393954,-1.60800278791,-0.00901332833492,0.0109332589109
-1,4,-0.804001393954,3.21600557581,-1,-1,-0.804001393954,-0.804001393954,-0.0174597800432,-0.00722295047083
-1,4,-0.804001393954,3.21600557581,-1,0,-0.804001393954,0,0.0337109819713,0.00548878008905
-1,4,-0.804001393954,3.21600557581,-1,1,-0.804001393954,0.804001393954,-0.0205054948902,0.0137475642133
-1,4,-0.804001393954,3.21600557581,-1,2,-0.804001393954,1.60800278791,-0.0066939315956,0.00720700817757
-1,4,-0.804001393954,3.21600557581,-1,3,-0.804001393954,2.41200418186,0.00267288370686,0.00228884850096
-1,4,-0.804001393954,3.21600557581,-1,4,-0.804001393954,3.21600557581,0.00654015748342,0
-1,4,-0.804001393954,3.21600557581,0,-4,0,-3.21600557581,-0.00182040800823,0.000210833134458
-1,4,-0.804001393954,3.21600557581,0,-3,0,-2.41200418186,-2.0362491943e-05,0.00240687919564
-1,4,-0.804001393954,3.21600557581,0,-2,0,-1.60800278791,0.000671692532805,-0.0012720954653
-1,4,-0.804001393954,3.21600557581,0,-1,0,-0.804001393954,-0.0114008606406,-0.00663738020081
-1,4,-0.804001393954,3.21600557581,0,0,0,0,-0.0171181977173,-0.0583303549743
-1,4,-0.804001393954,3.21600557581,0,1,0,0.804001393954,0.00432535918436,0.0110109686131
-1,4,-0.804001393954,3.21600557581,0,2,0,1.60800278791,0.00371063939979,-0.00436641176385
-1,4,-0.804001393954,3.21600557581,0,3,0,2.41200418186,-0.00293385193003,0.00333181214486
-1,4,-0.804001393954,3.21600557581,0,4,0,3.21600557581,-0.00165667289843,0.0060453752999
-1,4,-0.804001393954,3.21600557581,1,-4,0.804001393954,-3.21600557581,-0.00242544788427,-0.00246666358108
-1,4,-0.804001393954,3.21600557581,1,-3,0.804001393954,-2.41200418186,0.00181956580013,-0.000506023021762
-1,4,-0.804001393954,3.21600557581,1,-2,0.804001393954,-1.60800278791,0.00670437870621,0.00444389179489
-1,4,-0.804001393954,3.21600557581,1,-1,0.804001393954,-0.804001393954,0.00883637100163,-0.0108070462
-1,4,-0.804001393954,3.21600557581,1,0,0.804001393954,0,0.0224703073239,0.00556157475376
-1,4,-0.804001393954,3.21600557581,1,1,0.804001393954,0.804001393954,0.000222367996698,0.00986561415556
-1,4,-0.804001393954,3.21600557581,1,2,0.804001393954,1.60800278791,-0.00837338950389,-0.00360127532404
-1,4,-0.804001393954,3.21600557581,1,3,0.804001393954,2.41200418186,-0.00133679783656,-0.00407123041392
-1,4,-0.804001393954,3.21600557581,1,4,0.804001393954,3.21600557581,-0.00095660802332,0.00205498537258
-1,4,-0.804001393954,3.21600557581,2,-4,1.60800278791,-3.21600557581,0.00179540284925,0.00543145851583
-1,4,-0.804001393954,3.21600557581,2,-3,1.60800278791,-2.41200418186,0.0011905775381,-0.0011755494469
-1,4,-0.804001393954,3.21600557581,2,-2,1.60800278791,-1.60800278791,-0.00025509162196,-0.000871172070502
-1,4,-0.804001393954,3.21600557581,2,-1,1.60800278791,-0.804001393954,-0.0136094402057,0.00324154397397
-1,4,-0.804001393954,3.21600557581,2,0,1.60800278791,0,0.00763060234789,-0.000133746920342
-1,4,-0.804001393954,3.21600557581,2,1,1.60800278791,0.804001393954,-0.00862312267306,0.000366829179245
-1,4,-0.804001393954,3.21600557581,2,2,1.60800278791,1.60800278791,0.000180183523424,-0.00730194152085
-1,4,-0.804001393954,3.21600557581,2,3,1.60800278791,2.41200418186,-0.00108898284399,-0.00527752374568
-1,4,-0.804001393954,3.21600557581,2,4,1.60800278791,3.21600557581,-0.00309955838757,0.000319355881439
-1,4,-0.804001393954,3.21600557581,3,-4,2.41200418186,-3.21600557581,0.000818436783163,-0.00242903876155
-1,4,-0.804001393954,3.21600557581,3,-3,2.41200418186,-2.41200418186,-0.00363072700349,0.000711818636594
-1,4,-0.804001393954,3.21600557581,3,-2,2.41200418186,-1.60800278791,-0.00474670072757,0.00147319822095
-1,4,-0.804001393954,3.21600557581,3,-1,2.41200418186,-0.804001393954,0.0018123930198,0.000333212616803
-1,4,-0.804001393954,3.21600557581,3,0,2.41200418186,0,-0.00175027012902,-0.00163674224315
-1,4,-0.804001393954,3.21600557581,3,1,2.41200418186,0.804001393954,0.00811914147667,-0.00298081116444
-1,4,-0.804001393954,3.21600557581,3,2,2.41200418186,1.60800278791,-0.000521231095145,0.00275400284067
-1,4,-0.804001393954,3.21600557581,3,3,2.41200418186,2.41200418186,-0.000874776262475,-0.00227419535769
-1,4,-0.804001393954,3.21600557581,3,4,2.41200418186,3.21600557581,0.00220712631402,-0.00247742069289
-1,4,-0.804001393954,3.21600557581,4,-4,3.21600557581,-3.21600557581,0.00224881109366,0.00210237211627
-1,4,-0.804001393954,3.21600557581,4,-3,3.21600557581,-2.41200418186,-0.000610891292113,0.00374948652091
-1,4,-0.804001393954,3.21600557581,4,-2,3.21600557581,-1.60800278791,0.000848742053542,-0.000945431922536
-1,4,-0.804001393954,3.21600557581,4,-1,3.21600557581,-0.804001393954,0.00244223201214,-0.00729292121887
-1,4,-0.804001393954,3.21600557581,4,0,3.21600557581,0,-0.00308894870254,0.00430275489892
-1,4,-0.804001393954,3.21600557581,4,1,3.21600557581,0.804001393954,-0.000799717465105,-0.000528857059649
-1,4,-0.804001393954,3.21600557581,4,2,3.21600557581,1.60800278791,-0.000259048021096,-0.00337284714762
-1,4,-0.804001393954,3.21600557581,4,3,3.21600557581,2.41200418186,-0.000262057262185,0.000232430672578
-1,4,-0.804001393954,3.21600557581,4,4,3.21600557581,3.21600557581,-0.000799137485819,0.000414510416513
0,-4,0,-3.21600557581,-4,-4,-3.21600557581,-3.21600557581,0.0035428562738,0.000676043181262
0,-4,0,-3.21600557581,-4,-3,-3.21600557581,-2.41200418186,-0.00511605580337,0.00119656063065
0,-4,0,-3.21600557581,-4,-2,-3.21600557581,-1.60800278791,0.00517039722482,0.000845789521729
0,-4,0,-3.21600557581,-4,-1,-3.21600557581,-0.804001393954,-0.00112910997271,-0.00387307467023
0,-4,0,-3.21600557581,-4,0,-3.21600557581,0,-0.000791623912293,-0.00198724593087
0,-4,0,-3.21600557581,-4,1,-3.21600557581,0.804001393954,0.0004914729678,0.0013927936331
0,-4,0,-3.21600557581,-4,2,-3.21600557581,1.60800278791,-0.0017725932234,-0.00869036278052
0,-4,0,-3.21600557581,-4,3,-3.21600557581,2.41200418186,-0.00236310670739,0.00560213475705
0,-4,0,-3.21600557581,-4,4,-3.21600557581,3.21600557581,0.00220203232593,0.000732829588819
0,-4,0,-3.21600557581,-3,-4,-2.41200418186,-3.21600557581,0.00653205423911,-0.00648806373547
0,-4,0,-3.21600557581,-3,-3,-2.41200418186,-2.41200418186,0.00303714338215,-0.00265906098533
0,-4,0,-3.21600557581,-3,-2,-2.41200418186,-1.60800278791,-0.00345698631523,-0.00230350249466
0,-4,0,-3.21600557581,-3,-1,-2.41200418186,-0.804001393954,-0.0020291154221,-0.00408574860508
0,-4,0,-3.21600557581,-3,0,-2.41200418186,0,-0.000502175983186,-0.0024315511728
0,-4,0,-3.21600557581,-3,1,-2.41200418186,0.804001393954,-0.00635260273704,-0.00453935123707
0,-4,0,-3.21600557581,-3,2,-2.41200418186,1.60800278791,-0.00676963421611,4.67076203808e-05
0,-4,0,-3.21600557581,-3,3,-2.41200418186,2.41200418186,-0.0016088215005,0.0044657904126
0,-4,0,-3.21600557581,-3,4,-2.41200418186,3.21600557581,-0.000572878524109,-0.00176601091949
0,-4,0,-3.21600557581,-2,-4,-1.60800278791,-3.21600557581,-0.00532888755404,-0.00135343636483
0,-4,0,-3.21600557581,-2,-3,-1.60800278791,-2.41200418186,-0.000765606332962,0.00393371988531
0,-4,0,-3.21600557581,-2,-2,-1.60800278791,-1.60800278791,-0.00957767169642,0.0037324523126
0,-4,0,-3.21600557581,-2,-1,-1.60800278791,-0.804001393954,0.00185683901925,-0.00323269945656
0,-4,0,-3.21600557581,-2,0,-1.60800278791,0,0.00925715075223,0.00340998631662
0,-4,0,-3.21600557581,-2,1,-1.60800278791,0.804001393954,0.00219220283619,0.0102494458125
0,-4,0,-3.21600557581,-2,2,-1.60800278791,1.60800278791,0.00874470605018,-0.00787841705756
0,-4,0,-3.21600557581,-2,3,-1.60800278791,2.41200418186,0.00516407229477,-0.00370381888581
0,-4,0,-3.21600557581,-2,4,-1.60800278791,3.21600557581,-0.00279751018857,0.00286752622404
0,-4,0,-3.21600557581,-1,-4,-0.804001393954,-3.21600557581,0.00125301884444,0.000261772825469
0,-4,0,-3.21600557581,-1,-3,-0.804001393954,-2.41200418186,-0.0051484101368,-0.00214245820131
0,-4,0,-3.21600557581,-1,-2,-0.804001393954,-1.60800278791,0.00461198215873,0.00521277325726
0,-4,0,-3.21600557581,-1,-1,-0.804001393954,-0.804001393954,0.00570826230978,-4.7886312368e-05
0,-4,0,-3.21600557581,-1,0,-0.804001393954,0,-0.00134773279135,0.0202385854571
0,-4,0,-3.21600557581,-1,1,-0.804001393954,0.804001393954,-0.00121897930639,0.00350735993847
0,-4,0,-3.21600557581,-1,2,-0.804001393954,1.60800278791,0.00331791729054,-0.00190336995092
0,-4,0,-3.21600557581,-1,3,-0.804001393954,2.41200418186,-0.000890649208287,0.00518651558278
0,-4,0,-3.21600557581,-1,4,-0.804001393954,3.21600557581,-0.00182040800823,-0.000210833134458
0,-4,0,-3.21600557581,0,-4,0,-3.21600557581,0.0156631492671,0
0,-4,0,-3.21600557581,0,-3,0,-2.41200418186,-0.0011667998767,0.00244625727894
0,-4,0,-3.21600557581,0,-2,0,-1.60800278791,-0.00651906108994,-0.0192129185478
0,-4,0,-3.21600557581,0,-1,0,-0.804001393954,-0.000693337300857,-0.0142174229944
0,-4,0,-3.21600557581,0,0,0,0,0.0688122477287,-0.0201916152559
0,-4,0,-3.21600557581,0,1,0,0.804001393954,-0.022201563213,0.0115027520947
0,-4,0,-3.21600557581,0,2,0,1.60800278791,-0.00856783538682,-0.0119128380099
0,-4,0,-3.21600557581,0,3,0,2.41200418186,0.002043762427,0.00526127414734
0,-4,0,-3.21600557581,0,4,0,3.21600557581,0.000409055150934,0.00582021376331
0,-4,0,-3.21600557581,1,-4,0.804001393954,-3.21600557581,-0.00165667289843,0.0060453752999
0,-4,0,-3.21600557581,1,-3,0.804001393954,-2.41200418186,-0.00222959232139,-0.00119274379421
0,-4,0,-3.21600557581,1,-2,0.804001393954,-1.60800278791,-0.0013317074394,-0.0153088521216
0,-4,0,-3.21600557581,1,-1,0.804001393954,-0.804001393954,-0.0259753998591,-0.00323838985468
0,-4,0,-3.21600557581,1,0,0.804001393954,0,-0.00429886357124,0.0020736847074
0,-4,0,-3.21600557581,1,1,0.804001393954,0.804001393954,0.0192835084187,0.00786344293113
0,-4,0,-3.21600557581,1,2,0.804001393954,1.60800278791,-0.00850803454458,-0.00886705702557
0,-4,0,-3.21600557581,1,3,0.804001393954,2.41200418186,0.00800440895285,-0.0034369826359
0,-4,0,-3.21600557581,1,4,0.804001393954,3.21600557581,-0.00106415697122,0.00207703937929
0,-4,0,-3.21600557581,2,-4,1.60800278791,-3.21600557581,-0.000552952274929,0.00491620331771
0,-4,0,-3.21600557581,2,-3,1.60800278791,-2.41200418186,0.000947404053516,-0.00158438921117
0,-4,0,-3.21600557581,2,-2,1.60800278791,-1.60800278791,0.000765531099376,-0.000654817018853
0,-4,0,-3.21600557581,2,-1,1.60800278791,-0.804001393954,-0.0125843969023,0.00071074169972
0,-4,0,-3.21600557581,2,0,1.60800278791,0,0.0174523245107,-0.0134585190032
0,-4,0,-3.21600557581,2,1,1.60800278791,0.804001393954,-0.00158026346205,0.00968512212916
0,-4,0,-3.21600557581,2,2,1.60800278791,1.60800278791,-0.00432219700107,0.000121630924136
0,-4,0,-3.21600557581,2,3,1.60800278791,2.41200418186,0.0013284515965,-0.00855736447158
0,-4,0,-3.21600557581,2,4,1.60800278791,3.21600557581,-0.00475477743768,0.00229118074576
0,-4,0,-3.21600557581,3,-4,2.41200418186,-3.21600557581,0.00108907733443,0.00114383171761
0,-4,0,-3.21600557581,3,-3,2.41200418186,-2.41200418186,-0.000686851649393,-0.00516541880477
0,-4,0,-3.21600557581,3,-2,2.41200418186,-1.60800278791,4.35082732631e-05,-0.000386295915543
0,-4,0,-3.21600557581,3,-1,2.41200418186,-0.804001393954,0.000829955395642,-0.00143259928133
0,-4,0,-3.21600557581,3,0,2.41200418186,0,-0.0117608282864,-0.00085875267339
0,-4,0,-3.21600557581,3,1,2.41200418186,0.804001393954,0.00571987229817,0.00397634948338
0,-4,0,-3.21600557581,3,2,2.41200418186,1.60800278791,-0.00537617108833,1.8968912946e-05
0,-4,0,-3.21600557581,3,3,2.41200418186,2.41200418186,0.00199743144963,-0.00126769132675
0,-4,0,-3.21600557581,3,4,2.41200418186,3.21600557581,0.00391197892743,0.000188605128428
0,-4,0,-3.21600557581,4,-4,3.21600557581,-3.21600557581,0.000618583625884,0.00015389824987
0,-4,0,-3.21600557581,4,-3,3.21600557581,-2.41200418186,-0.000409497077705,-0.000360834402763
0,-4,0,-3.21600557581,4,-2,3.21600557581,-1.60800278791,0.00068947188462,0.000849162417782
0,-4,0,-3.21600557581,4,-1,3.21600557581,-0.804001393954,0.00075644320697,-0.00486061848172
0,-4,0,-3.21600557581,4,0,3.21600557581,0,-0.00329833961867,0.00278371845219
0,-4,0,-3.21600557581,4,1,3.21600557581,0.804001393954,0.00188233690283,-0.00246008236384
0,-4,0,-3.21600557581,4,2,3.21600557581,1.60800278791,0.0020477089365,0.00314318962951
0,-4,0,-3.21600557581,4,3,3.21600557581,2.41200418186,0.000821245638905,-0.00622143774571
0,-4,0,-3.21600557581,4,4,3.21600557581,3.21600557581,0.00163552326516,-0.0033522193092
0,-3,0,-2.41200418186,-4,-4,-3.21600557581,-3.21600557581,-0.00196623923429,0.00518611017682
0,-3,0,-2.41200418186,-4,-3,-3.21600557581,-2.41200418186,0.0035213024302,-0.00225238495141
0,-3,0,-2.41200418186,-4,-2,-3.21600557581,-1.60800278791,-0.00349182101002,-0.0104441212651
0,-3,0,-2.41200418186,-4,-1,-3.21600557581,-0.804001393954,-0.00378288631571,0.00764698809251
0,-3,0,-2.41200418186,-4,0,-3.21600557581,0,0.00254745799979,-0.000478946920289
0,-3,0,-2.41200418186,-4,1,-3.21600557581,0.804001393954,0.00441751164013,0.00500852312328
0,-3,0,-2.41200418186,-4,2,-3.21600557581,1.60800278791,-0.00254071223738,0.00311184569767
0,-3,0,-2.41200418186,-4,3,-3.21600557581,2.41200418186,-0.0121367355053,-0.00236731685918
0,-3,0,-2.41200418186,-4,4,-3.21600557581,3.21600557581,-0.00956392252755,0.000977306094351
0,-3,0,-2.41200418186,-3,-4,-2.41200418186,-3.21600557581,-0.00753476122405,0.00597676328696
0,-3,0,-2.41200418186,-3,-3,-2.41200418186,-2.41200418186,0.00534489468856,-0.00691084711906
0,-3,0,-2.41200418186,-3,-2,-2.41200418186,-1.60800278791,-0.00217444769466,0.0142700605468
0,-3,0,-2.41200418186,-3,-1,-2.41200418186,-0.804001393954,-0.00177203983259,0.0069011516311
0,-3,0,-2.41200418186,-3,0,-2.41200418186,0,-0.0128816448463,0.00179244108666
0,-3,0,-2.41200418186,-3,1,-2.41200418186,0.804001393954,-0.00262703784578,-0.00158165960268
0,-3,0,-2.41200418186,-3,2,-2.41200418186,1.60800278791,-0.00650988524035,0.00363280829987
0,-3,0,-2.41200418186,-3,3,-2.41200418186,2.41200418186,0.00275586307271,0.00882151375232
0,-3,0,-2.41200418186,-3,4,-2.41200418186,3.21600557581,0.00658590713463,0.00752552330082
0,-3,0,-2.41200418186,-2,-4,-1.60800278791,-3.21600557581,-0.00674909362799,-0.00191424883932
0,-3,0,-2.41200418186,-2,-3,-1.60800278791,-2.41200418186,-0.00546051430168,-0.00697350739254
0,-3,0,-2.41200418186,-2,-2,-1.60800278791,-1.60800278791,-0.00484997297949,0.00814792184133
0,-3,0,-2.41200418186,-2,-1,-1.60800278791,-0.804001393954,-0.00991462061387,0.00325802173653
0,-3,0,-2.41200418186,-2,0,-1.60800278791,0,0.00518144815573,0.00240519433292
0,-3,0,-2.41200418186,-2,1,-1.60800278791,0.804001393954,0.00977350628237,-0.00432975283602
0,-3,0,-2.41200418186,-2,2,-1.60800278791,1.60800278791,0.00111566159902,0.0106062904093
0,-3,0,-2.41200418186,-2,3,-1.60800278791,2.41200418186,0.00757007325071,-0.0056766752955
0,-3,0,-2.41200418186,-2,4,-1.60800278791,3.21600557581,0.0005383828587,-0.00407945659722
0,-3,0,-2.41200418186,-1,-4,-0.804001393954,-3.21600557581,-0.00472216562171,-0.00805410458338
0,-3,0,-2.41200418186,-1,-3,-0.804001393954,-2.41200418186,0.00594546558606,-0.000627784921014
0,-3,0,-2.41200418186,-1,-2,-0.804001393954,-1.60800278791,-0.0201611652246,-0.000901757721227
0,-3,0,-2.41200418186,-1,-1,-0.804001393954,-0.804001393954,-0.00106651914714,0.0121241758896
0,-3,0,-2.41200418186,-1,0,-0.804001393954,0,0.0118034062394,-0.0013709692148
0,-3,0,-2.41200418186,-1,1,-0.804001393954,0.804001393954,0.00702175637011,0.0149531232646
0,-3,0,-2.41200418186,-1,2,-0.804001393954,1.60800278791,-0.00073573629106,0.00821780572607
0,-3,0,-2.41200418186,-1,3,-0.804001393954,2.41200418186,-0.000271859565951,-0.00492465781054
0,-3,0,-2.41200418186,-1,4,-0.804001393954,3.21600557581,-2.0362491943e-05,-0.00240687919564
0,-3,0,-2.41200418186,0,-4,0,-3.21600557581,-0.0011667998767,-0.00244625727894
0,-3,0,-2.41200418186,0,-3,0,-2.41200418186,0.109044257735,0
0,-3,0,-2.41200418186,0,-2,0,-1.60800278791,0.00731055276188,-0.000110326451279
0,-3,0,-2.41200418186,0,-1,0,-0.804001393954,-0.00829519668348,-0.0472831863531
0,-3,0,-2.41200418186,0,0,0,0,-0.00768320293059,-0.0413624927672
0,-3,0,-2.41200418186,0,1,0,0.804001393954,0.0336647793802,0.00573320061504
0,-3,0,-2.41200418186,0,2,0,1.60800278791,-0.0119636676156,0.00715391381486
0,-3,0,-2.41200418186,0,3,0,2.41200418186,-0.0141644710061,-0.00797852435144
0,-3,0,-2.41200418186,0,4,0,3.21600557581,0.002043762427,0.00526127414734
0,-3,0,-2.41200418186,1,-4,0.804001393954,-3.21600557581,-0.00293385193003,0.00333181214486
0,-3,0,-2.41200418186,1,-3,0.804001393954,-2.41200418186,0.00410106661515,-0.000647081394058
0,-3,0,-2.41200418186,1,-2,0.804001393954,-1.60800278791,-0.0168726404333,0.00925612873846
0,-3,0,-2.41200418186,1,-1,0.804001393954,-0.804001393954,0.00778513206464,-0.0186076118521
0,-3,0,-2.41200418186,1,0,0.804001393954,0,-0.0396004473771,-0.0189170308365
0,-3,0,-2.41200418186,1,1,0.804001393954,0.804001393954,0.000948218444722,-0.00491001938677
0,-3,0,-2.41200418186,1,2,0.804001393954,1.60800278791,0.00887753336287,0.012700500974
0,-3,0,-2.41200418186,1,3,0.804001393954,2.41200418186,-0.00672180251965,-0.00533138431124
0,-3,0,-2.41200418186,1,4,0.804001393954,3.21600557581,0.00900001824421,-0.0046182599415
0,-3,0,-2.41200418186,2,-4,1.60800278791,-3.21600557581,0.00226955750871,0.000587152968722
0,-3,0,-2.41200418186,2,-3,1.60800278791,-2.41200418186,-0.0110063943075,-6.81750708034e-05
0,-3,0,-2.41200418186,2,-2,1.60800278791,-1.60800278791,0.0050350588848,-0.00675741717093
0,-3,0,-2.41200418186,2,-1,1.60800278791,-0.804001393954,-0.00345913968412,-0.000901657994281
0,-3,0,-2.41200418186,2,0,1.60800278791,0,-0.0160431137328,0.00581511962938
0,-3,0,-2.41200418186,2,1,1.60800278791,0.804001393954,0.0143866133601,-0.00872415378602
0,-3,0,-2.41200418186,2,2,1.60800278791,1.60800278791,-0.0056905473412,0.0061575779275
0,-3,0,-2.41200418186,2,3,1.60800278791,2.41200418186,-0.00426809148007,-0.0035019929353
0,-3,0,-2.41200418186,2,4,1.60800278791,3.21600557581,-0.0014432742792,-0.000544663971541
0,-3,0,-2.41200418186,3,-4,2.41200418186,-3.21600557581,-0.0044286118557,-0.00444519411846
0,-3,0,-2.41200418186,3,-3,2.41200418186,-2.41200418186,0.00418184090779,0.00795017264523
0,-3,0,-2.41200418186,3,-2,2.41200418186,-1.60800278791,-0.00211940252098,-0.006932503263
0,-3,0,-2.41200418186,3,-1,2.41200418186,-0.804001393954,-4.83381104234e-05,-0.00140982766727
0,-3,0,-2.41200418186,3,0,2.41200418186,0,0.00237538858189,0.00246977371522
0,-3,0,-2.41200418186,3,1,2.41200418186,0.804001393954,-0.0127950646637,-0.000614483372497
0,-3,0,-2.41200418186,3,2,2.41200418186,1.60800278791,0.000785596742437,0.000702061743288
0,-3,0,-2.41200418186,3,3,2.41200418186,2.41200418186,0.0008803627176,-0.000126988359191
0,-3,0,-2.41200418186,3,4,2.41200418186,3.21600557581,0.00796636680882,-0.00560646713815
0,-3,0,-2.41200418186,4,-4,3.21600557581,-3.21600557581,-0.0100832458578,0.0062497054501
0,-3,0,-2.41200418186,4,-3,3.21600557581,-2.41200418186,-0.00248495813181,0.00641493749487
0,-3,0,-2.41200418186,4,-2,3.21600557581,-1.60800278791,0.00673913090473,-0.0057695161702
0,-3,0,-2.41200418186,4,-1,3.21600557581,-0.804001393954,-0.0019638893644,0.00299345135122
0,-3,0,-2.41200418186,4,0,3.21600557581,0,-0.00122408813921,-5.99649975844e-05
0,-3,0,-2.41200418186,4,1,3.21600557581,0.804001393954,-0.00487323067524,0.00652752560101
0,-3,0,-2.41200418186,4,2,3.21600557581,1.60800278791,0.00653931275412,-0.000458065659643
0,-3,0,-2.41200418186,4,3,3.21600557581,2.41200418186,0.00232476470599,-0.00732583849931
0,-3,0,-2.41200418186,4,4,3.21600557581,3.21600557581,0.00456980899365,-0.000977447140883
0,-2,0,-1.60800278791,-4,-4,-3.21600557581,-3.21600557581,-0.0190242252218,0.00110261086644
0,-2,0,-1.60800278791,-4,-3,-3.21600557581,-2.41200418186,0.0015999563627,0.016657281138
0,-2,0,-1.60800278791,-4,-2,-3.21600557581,-1.60800278791,-0.00968963844609,-0.0143613871948
0,-2,0,-1.60800278791,-4,-1,-3.21600557581,-0.804001393954,-0.000900713856736,-0.0235095024512
0,-2,0,-1.60800278791,-4,0,-3.21600557581,0,-0.0100512723318,0.0117836510024
0,-2,0,-1.60800278791,-4,1,-3.21600557581,0.804001393954,0.0181197489591,-0.0011583150765
0,-2,0,-1.60800278791,-4,2,-3.21600557581,1.60800278791,0.00653755541088,0.0180184753937
0,-2,0,-1.60800278791,-4,3,-3.21600557581,2.41200418186,0.0012245004732,0.00521685901818
0,-2,0,-1.60800278791,-4,4,-3.21600557581,3.21600557581,-0.0132694478636,-0.00880601733681
0,-2,0,-1.60800278791,-3,-4,-2.41200418186,-3.21600557581,0.0076382784199,0.00108213516605
0,-2,0,-1.60800278791,-3,-3,-2.41200418186,-2.41200418186,-0.010096604787,0.0105116403493
0,-2,0,-1.60800278791,-3,-2,-2.41200418186,-1.60800278791,0.00927470431103,-0.0032725290464
0,-2,0,-1.60800278791,-3,-1,-2.41200418186,-0.804001393954,-0.00620197392193,0.0211719375247
0,-2,0,-1.60800278791,-3,0,-2.41200418186,0,-0.00138831477944,0.0216988767138
0,-2,0,-1.60800278791,-3,1,-2.41200418186,0.804001393954,-0.0247936187285,0.0115108980171
0,-2,0,-1.60800278791,-3,2,-2.41200418186,1.60800278791,0.00149862765253,0.0083536972509
0,-2,0,-1.60800278791,-3,3,-2.41200418186,2.41200418186,-0.0245898287367,0.00667775582925
0,-2,0,-1.60800278791,-3,4,-2.41200418186,3.21600557581,-0.00269780422167,0.0198878920209
0,-2,0,-1.60800278791,-2,-4,-1.60800278791,-3.21600557581,-0.00655459805413,-0.00436931350656
0,-2,0,-1.60800278791,-2,-3,-1.60800278791,-2.41200418186,-0.00343842172966,0.00442089627045
0,-2,0,-1.60800278791,-2,-2,-1.60800278791,-1.60800278791,-0.0254016465549,-0.0233181363667
0,-2,0,-1.60800278791,-2,-1,-1.60800278791,-0.804001393954,-0.0180999144054,0.0103802675831
0,-2,0,-1.60800278791,-2,0,-1.60800278791,0,-0.0164543793838,0.0162680542975
0,-2,0,-1.60800278791,-2,1,-1.60800278791,0.804001393954,-0.000553696000213,-0.00477846280605
0,-2,0,-1.60800278791,-2,2,-1.60800278791,1.60800278791,0.0134816360646,-0.00509053657925
0,-2,0,-1.60800278791,-2,3,-1.60800278791,2.41200418186,0.000643961155804,0.00978709864497
0,-2,0,-1.60800278791,-2,4,-1.60800278791,3.21600557581,0.00942464048058,-0.00289212294969
0,-2,0,-1.60800278791,-1,-4,-0.804001393954,-3.21600557581,-0.000319368898921,0.00760031346424
0,-2,0,-1.60800278791,-1,-3,-0.804001393954,-2.41200418186,-0.013565621829,-0.0112493987647
0,-2,0,-1.60800278791,-1,-2,-0.804001393954,-1.60800278791,0.00259607546739,-0.00011936464659
0,-2,0,-1.60800278791,-1,-1,-0.804001393954,-0.804001393954,-0.0391075214605,-0.0061617548831
0,-2,0,-1.60800278791,-1,0,-0.804001393954,0,-0.000914412231436,0.0125860203944
0,-2,0,-1.60800278791,-1,1,-0.804001393954,0.804001393954,0.0139975891596,-0.0064701008475
0,-2,0,-1.60800278791,-1,2,-0.804001393954,1.60800278791,0.00925513129285,0.0232484686304
0,-2,0,-1.60800278791,-1,3,-0.804001393954,2.41200418186,-0.00227138026997,0.0030696660453
0,-2,0,-1.60800278791,-1,4,-0.804001393954,3.21600557581,0.000671692532805,0.0012720954653
0,-2,0,-1.60800278791,0,-4,0,-3.21600557581,-0.00651906108994,0.0192129185478
0,-2,0,-1.60800278791,0,-3,0,-2.41200418186,0.00731055276188,0.000110326451279
0,-2,0,-1.60800278791,0,-2,0,-1.60800278791,0.328907057285,0
0,-2,0,-1.60800278791,0,-1,0,-0.804001393954,0.0240585675757,-0.0113228056869
0,-2,0,-1.60800278791,0,0,0,0,-0.0110455781445,-0.105129051064
0,-2,0,-1.60800278791,0,1,0,0.804001393954,-0.00729387099582,-0.0273428854393
0,-2,0,-1.60800278791,0,2,0,1.60800278791,0.028987564473,0.00215652520167
0,-2,0,-1.60800278791,0,3,0,2.41200418186,-0.0119636676156,0.00715391381486
0,-2,0,-1.60800278791,0,4,0,3.21600557581,-0.00856783538682,-0.0119128380099
0,-2,0,-1.60800278791,1,-4,0.804001393954,-3.21600557581,0.00371063939979,-0.00436641176385
0,-2,0,-1.60800278791,1,-3,0.804001393954,-2.41200418186,-0.0187727361147,0.0047353521687
0,-2,0,-1.60800278791,1,-2,0.804001393954,-1.60800278791,0.0196819670813,0.000559160345309
0,-2,0,-1.60800278791,1,-1,0.804001393954,-0.804001393954,-0.0279909289322,0.0413340533631
0,-2,0,-1.60800278791,1,0,0.804001393954,0,-0.000871586266903,-0.0345719750204
0,-2,0,-1.60800278791,1,1,0.804001393954,0.804001393954,-0.0471873032414,-0.023396092276
0,-2,0,-1.60800278791,1,2,0.804001393954,1.60800278791,0.00331162042107,-0.000879679392985
0,-2,0,-1.60800278791,1,3,0.804001393954,2.41200418186,0.0105912672548,0.00889203055949
0,-2,0,-1.60800278791,1,4,0.804001393954,3.21600557581,-0.00942513329318,-0.0147833145756
0,-2,0,-1.60800278791,2,-4,1.60800278791,-3.21600557581,-0.00643768258949,-0.00492545378789
0,-2,0,-1.60800278791,2,-3,1.60800278791,-2.41200418186,-0.0185988532639,-0.00776288364727
0,-2,0,-1.60800278791,2,-2,1.60800278791,-1.60800278791,-0.027981305273,0.0184512866673
0,-2,0,-1.60800278791,2,-1,1.60800278791,-0.804001393954,-0.00399960466164,-0.0148329993247
0,-2,0,-1.60800278791,2,0,1.60800278791,0,-0.0062338243395,-0.00881017545231
0,-2,0,-1.60800278791,2,1,1.60800278791,0.804001393954,-0.0125583581815,0.00522283866457
0,-2,0,-1.60800278791,2,2,1.60800278791,1.60800278791,0.0211483834413,-0.000180526232805
0,-2,0,-1.60800278791,2,3,1.60800278791,2.41200418186,-0.0113085242896,0.00175265962859
0,-2,0,-1.60800278791,2,4,1.60800278791,3.21600557581,0.00511922260959,0.00712723192744
0,-2,0,-1.60800278791,3,-4,2.41200418186,-3.21600557581,-0.00701886417024,-0.0128146373992
0,-2,0,-1.60800278791,3,-3,2.41200418186,-2.41200418186,-0.00325241714898,-0.0262151551099
0,-2,0,-1.60800278791,3,-2,2.41200418186,-1.60800278791,0.00709060305009,0.0137074932013
0,-2,0,-1.60800278791,3,-1,2.41200418186,-0.804001393954,-0.0131055207021,-0.013048323676
0,-2,0,-1.60800278791,3,0,2.41200418186,0,0.014059806288,0.00274648644828
0,-2,0,-1.60800278791,3,1,2.41200418186,0.804001393954,-0.00722099320872,0.0101397221989
0,-2,0,-1.60800278791,3,2,2.41200418186,1.60800278791,-0.0281395986996,-0.00590611701939
0,-2,0,-1.60800278791,3,3,2.41200418186,2.41200418186,0.00418066621999,0.0164282809184
0,-2,0,-1.60800278791,3,4,2.41200418186,3.21600557581,0.00644807318966,-0.0151029399212
0,-2,0,-1.60800278791,4,-4,3.21600557581,-3.21600557581,-0.00306796032282,-0.0164675984443
0,-2,0,-1.60800278791,4,-3,3.21600557581,-2.41200418186,-0.0142946654053,0.0254473309624
0,-2,0,-1.60800278791,4,-2,3.21600557581,-1.60800278791,-0.00782186549185,0.0199814881974
0,-2,0,-1.60800278791,4,-1,3.21600557581,-0.804001393954,0.00214087451506,-0.0179230732108
0,-2,0,-1.60800278791,4,0,3.21600557581,0,-0.0150607566232,0.00164611505664
0,-2,0,-1.60800278791,4,1,3.21600557581,0.804001393954,-0.00510749382249,-0.00193348984509
0,-2,0,-1.60800278791,4,2,3.21600557581,1.60800278791,-0.00845443158193,0.00947874136259
0,-2,0,-1.60800278791,4,3,3.21600557581,2.41200418186,0.00999178126601,0.002254172356
0,-2,0,-1.60800278791,4,4,3.21600557581,3.21600557581,0.0100325060083,-0.0114983977212
0,-1,0,-0.804001393954,-4,-4,-3.21600557581,-3.21600557581,-0.00679665724685,0.000608078301518
0,-1,0,-0.804001393954,-4,-3,-3.21600557581,-2.41200418186,-0.0315160673603,-0.00925856532695
0,-1,0,-0.804001393954,-4,-2,-3.21600557581,-1.60800278791,0.0210394478118,0.029030747708
0,-1,0,-0.804001393954,-4,-1,-3.21600557581,-0.804001393954,-0.0146834081548,-0.0187559933859
0,-1,0,-0.804001393954,-4,0,-3.21600557581,0,-0.0196679333295,-0.039070189629
0,-1,0,-0.804001393954,-4,1,-3.21600557581,0.804001393954,-0.0147080156313,0.0329020555843
0,-1,0,-0.804001393954,-4,2,-3.21600557581,1.60800278791,0.0140603645689,-0.00258883671373
0,-1,0,-0.804001393954,-4,3,-3.21600557581,2.41200418186,0.0161289408366,0.0285135760218
0,-1,0,-0.804001393954,-4,4,-3.21600557581,3.21600557581,-0.0072581565461,0.0109268541508
0,-1,0,-0.804001393954,-3,-4,-2.41200418186,-3.21600557581,0.00297863283534,-0.017100138632
0,-1,0,-0.804001393954,-3,-3,-2.41200418186,-2.41200418186,0.0186897767281,0.00758041161959
0,-1,0,-0.804001393954,-3,-2,-2.41200418186,-1.60800278791,-0.0190893663482,0.0306868764152
0,-1,0,-0.804001393954,-3,-1,-2.41200418186,-0.804001393954,0.0165103887455,-0.00967213272115
0,-1,0,-0.804001393954,-3,0,-2.41200418186,0,-0.00799384450459,0.040136311764
0,-1,0,-0.804001393954,-3,1,-2.41200418186,0.804001393954,-0.015320965443,0.0328110165413
0,-1,0,-0.804001393954,-3,2,-2.41200418186,1.60800278791,-0.0399594207476,0.00478559774435
0,-1,0,-0.804001393954,-3,3,-2.41200418186,2.41200418186,0.00833852411353,0.00631378004362
0,-1,0,-0.804001393954,-3,4,-2.41200418186,3.21600557581,-0.0394799636713,0.0252068725981
0,-1,0,-0.804001393954,-2,-4,-1.60800278791,-3.21600557581,-0.0311366449827,-0.010561342037
0,-1,0,-0.804001393954,-2,-3,-1.60800278791,-2.41200418186,-0.00784684809776,0.00853584815175
0,-1,0,-0.804001393954,-2,-2,-1.60800278791,-1.60800278791,-0.0197596992779,0.0058411884688
0,-1,0,-0.804001393954,-2,-1,-1.60800278791,-0.804001393954,-0.0508252561702,-0.0526639019988
0,-1,0,-0.804001393954,-2,0,-1.60800278791,0,-0.033121753329,0.0103302545201
0,-1,0,-0.804001393954,-2,1,-1.60800278791,0.804001393954,-0.0145557352063,0.0236784251279
0,-1,0,-0.804001393954,-2,2,-1.60800278791,1.60800278791,0.00312330272387,-0.00716853250883
0,-1,0,-0.804001393954,-2,3,-1.60800278791,2.41200418186,0.0175775787339,0.0053306382143
0,-1,0,-0.804001393954,-2,4,-1.60800278791,3.21600557581,-0.00728242031144,0.0133070163303
0,-1,0,-0.804001393954,-1,-4,-0.804001393954,-3.21600557581,-0.0252368245956,0.0111605270915
0,-1,0,-0.804001393954,-1,-3,-0.804001393954,-2.41200418186,0.000631340310773,0.0265803693283
0,-1,0,-0.804001393954,-1,-2,-0.804001393954,-1.60800278791,-0.0332758780708,-0.0356244880464
0,-1,0,-0.804001393954,-1,-1,-0.804001393954,-0.804001393954,0.0151597537217,-0.000342587527592
0,-1,0,-0.804001393954,-1,0,-0.804001393954,0,-0.0673669284465,-0.01304776424
0,-1,0,-0.804001393954,-1,1,-0.804001393954,0.804001393954,0.0182793065808,0.0137760938495
0,-1,0,-0.804001393954,-1,2,-0.804001393954,1.60800278791,0.0119906074467,-0.0152088960654
0,-1,0,-0.804001393954,-1,3,-0.804001393954,2.41200418186,0.000320175578724,0.0199743687199
0,-1,0,-0.804001393954,-1,4,-0.804001393954,3.21600557581,-0.0114008606406,0.00663738020081
0,-1,0,-0.804001393954,0,-4,0,-3.21600557581,-0.000693337300857,0.0142174229944
0,-1,0,-0.804001393954,0,-3,0,-2.41200418186,-0.00829519668348,0.0472831863531
0,-1,0,-0.804001393954,0,-2,0,-1.60800278791,0.0240585675757,0.0113228056869
0,-1,0,-0.804001393954,0,-1,0,-0.804001393954,0.659109488795,0
0,-1,0,-0.804001393954,0,0,0,0,0.0337706707091,-0.0119908897231
0,-1,0,-0.804001393954,0,1,0,0.804001393954,-0.0278306703723,-0.0849982378492
0,-1,0,-0.804001393954,0,2,0,1.60800278791,-0.00729387099582,-0.0273428854393
0,-1,0,-0.804001393954,0,3,0,2.41200418186,0.0336647793802,0.00573320061504
0,-1,0,-0.804001393954,0,4,0,3.21600557581,-0.022201563213,0.0115027520947
0,-1,0,-0.804001393954,1,-4,0.804001393954,-3.21600557581,0.00432535918436,0.0110109686131
0,-1,0,-0.804001393954,1,-3,0.804001393954,-2.41200418186,0.00776543190645,-0.00941121057577
0,-1,0,-0.804001393954,1,-2,0.804001393954,-1.60800278791,-0.0544867016414,-0.00148817474073
0,-1,0,-0.804001393954,1,-1,0.804001393954,-0.804001393954,0.0187882258905,-0.00115907330774
0,-1,0,-0.804001393954,1,0,0.804001393954,0,-0.0514284942496,0.0601914748409
0,-1,0,-0.804001393954,1,1,0.804001393954,0.804001393954,0.00711202521554,-0.0513554721675
0,-1,0,-0.804001393954,1,2,0.804001393954,1.60800278791,-0.0452024546596,-0.0136015632574
0,-1,0,-0.804001393954,1,3,0.804001393954,2.41200418186,-0.00199286680556,-0.00102492484797
0,-1,0,-0.804001393954,1,4,0.804001393954,3.21600557581,0.0227528399133,0.0177175682544
0,-1,0,-0.804001393954,2,-4,1.60800278791,-3.21600557581,-0.000175363013218,0.0147361742379
0,-1,0,-0.804001393954,2,-3,1.60800278791,-2.41200418186,-0.0165163597307,-0.0109101620364
0,-1,0,-0.804001393954,2,-2,1.60800278791,-1.60800278791,-0.0219739821576,-0.00381455266228
0,-1,0,-0.804001393954,2,-1,1.60800278791,-0.804001393954,-0.0393630457224,0.0595393995112
0,-1,0,-0.804001393954,2,0,1.60800278791,0,-0.0209147908518,-0.0210404961594
0,-1,0,-0.804001393954,2,1,1.60800278791,0.804001393954,0.00446914635223,-0.00723297885443
0,-1,0,-0.804001393954,2,2,1.60800278791,1.60800278791,-0.0312937483,0.00438740763853
0,-1,0,-0.804001393954,2,3,1.60800278791,2.41200418186,0.035190826072,-0.00481184248087
0,-1,0,-0.804001393954,2,4,1.60800278791,3.21600557581,-0.0119646606539,0.00878743573341
0,-1,0,-0.804001393954,3,-4,2.41200418186,-3.21600557581,-0.0497617573868,-0.0111466417383
0,-1,0,-0.804001393954,3,-3,2.41200418186,-2.41200418186,-0.00955498402062,-0.0333711495867
0,-1,0,-0.804001393954,3,-2,2.41200418186,-1.60800278791,-0.0114516270674,-0.0387855350692
0,-1,0,-0.804001393954,3,-1,2.41200418186,-0.804001393954,0.0187000500212,0.0147833022265
0,-1,0,-0.804001393954,3,0,2.41200418186,0,-0.0204436714691,-0.0314620933453
0,-1,0,-0.804001393954,3,1,2.41200418186,0.804001393954,0.0243294403796,-0.00131800005693
0,-1,0,-0.804001393954,3,2,2.41200418186,1.60800278791,-0.00998399131673,0.0200300103566
0,-1,0,-0.804001393954,3,3,2.41200418186,2.41200418186,-0.0448187142771,-0.00945355811553
0,-1,0,-0.804001393954,3,4,2.41200418186,3.21600557581,0.0259343368097,0.0197399071123
0,-1,0,-0.804001393954,4,-4,3.21600557581,-3.21600557581,0.0161927052868,-0.00241609556599
0,-1,0,-0.804001393954,4,-3,3.21600557581,-2.41200418186,-0.023426371219,-0.0314430078492
0,-1,0,-0.804001393954,4,-2,3.21600557581,-1.60800278791,-0.0250453686864,0.0441460035682
0,-1,0,-0.804001393954,4,-1,3.21600557581,-0.804001393954,-0.0057207314571,0.0251257782329
0,-1,0,-0.804001393954,4,0,3.21600557581,0,0.00358322319792,-0.0292030041463
0,-1,0,-0.804001393954,4,1,3.21600557581,0.804001393954,-0.0323731465861,0.00695637141561
0,-1,0,-0.804001393954,4,2,3.21600557581,1.60800278791,-0.00983429337989,0.00288487855835
0,-1,0,-0.804001393954,4,3,3.21600557581,2.41200418186,-0.0232470084519,0.0120609225026
0,-1,0,-0.804001393954,4,4,3.21600557581,3.21600557581,0.0123034682024,0.000975241093159
0,0,0,0,-4,-4,-3.21600557581,-3.21600557581,-0.0311666882737,-0.0744837141615
0,0,0,0,-4,-3,-3.21600557581,-2.41200418186,-0.028999554281,-0.0240312315374
0,0,0,0,-4,-2,-3.21600557581,-1.60800278791,-0.084551212678,-0.0323273059941
0,0,0,0,-4,-1,-3.21600557581,-0.804001393954,0.0351728218276,0.0638205293862
0,0,0,0,-4,0,-3.21600557581,0,-0.0313871461952,-0.052024849059
0,0,0,0,-4,1,-3.21600557581,0.804001393954,-0.048225742527,-0.0872552748507
0,0,0,0,-4,2,-3.21600557581,1.60800278791,-0.0274564100663,0.0892762728559
0,0,0,0,-4,3,-3.21600557581,2.41200418186,0.0387158169119,-0.0122360109966
0,0,0,0,-4,4,-3.21600557581,3.21600557581,0.0303167218733,0.0937259195088
0,0,0,0,-3,-4,-2.41200418186,-3.21600557581,-0.119378314313,0.0304003541974
0,0,0,0,-3,-3,-2.41200418186,-2.41200418186,-0.0192539546133,-0.0491134549967
0,0,0,0,-3,-2,-2.41200418186,-1.60800278791,0.0568404800346,0.00688166584182
0,0,0,0,-3,-1,-2.41200418186,-0.804001393954,-0.0464640349604,0.0617031316152
0,0,0,0,-3,0,-2.41200418186,0,0.0369396307557,-0.0270564367419
0,0,0,0,-3,1,-2.41200418186,0.804001393954,-0.0233317241293,0.0762149909014
0,0,0,0,-3,2,-2.41200418186,1.60800278791,-0.00679080269192,0.0620842291666
0,0,0,0,-3,3,-2.41200418186,2.41200418186,-0.12893613526,0.0237540282773
0,0,0,0,-3,4,-2.41200418186,3.21600557581,0.0132959750653,0.0142524928255
0,0,0,0,-2,-4,-1.60800278791,-3.21600557581,0.0848426966078,0.0258950294128
0,0,0,0,-2,-3,-1.60800278791,-2.41200418186,-0.068138318579,-0.0237531161373
0,0,0,0,-2,-2,-1.60800278791,-1.60800278791,-0.00903766717918,0.00780963716455
0,0,0,0,-2,-1,-1.60800278791,-0.804001393954,-0.0269603738463,0.0384515622865
0,0,0,0,-2,0,-1.60800278791,0,-0.107643006034,-0.09199882923
0,0,0,0,-2,1,-1.60800278791,0.804001393954,-0.0644212050458,0.0201064163954
0,0,0,0,-2,2,-1.60800278791,1.60800278791,-0.0415496869033,0.0287315772791
0,0,0,0,-2,3,-1.60800278791,2.41200418186,0.00982193020579,-0.0118577417008
0,0,0,0,-2,4,-1.60800278791,3.21600557581,0.0342953341841,-0.0151425753659
0,0,0,0,-1,-4,-0.804001393954,-3.21600557581,-0.010756946376,0.0197343069435
0,0,0,0,-1,-3,-0.804001393954,-2.41200418186,-0.0901722520387,0.0330661834123
0,0,0,0,-1,-2,-0.804001393954,-1.60800278791,-0.014472163481,0.068845024886
0,0,0,0,-1,-1,-0.804001393954,-0.804001393954,-0.0880678002407,-0.0703712390473
0,0,0,0,-1,0,-0.804001393954,0,0.0131362152229,0.00511407405525
0,0,0,0,-1,1,-0.804001393954,0.804001393954,-0.129341552904,-0.0137489200729
0,0,0,0,-1,2,-0.804001393954,1.60800278791,0.0165231178733,0.0306309444273
0,0,0,0,-1,3,-0.804001393954,2.41200418186,0.0301562658628,-0.0280354786128
0,0,0,0,-1,4,-0.804001393954,3.21600557581,-0.0171181977173,0.0583303549743
0,0,0,0,0,-4,0,-3.21600557581,0.0688122477287,0.0201916152559
0,0,0,0,0,-3,0,-2.41200418186,-0.00768320293059,0.0413624927672
0,0,0,0,0,-2,0,-1.60800278791,-0.0110455781445,0.105129051064
0,0,0,0,0,-1,0,-0.804001393954,0.0337706707091,0.0119908897231
0,0,0,0,0,0,0,0,1.66641829416,0
0,0,0,0,0,1,0,0.804001393954,0.0337706707091,-0.0119908897231
0,0,0,0,0,2,0,1.60800278791,-0.0110455781445,-0.105129051064
0,0,0,0,0,3,0,2.41200418186,-0.00768320293059,-0.0413624927672
0,0,0,0,0,4,0,3.21600557581,0.0688122477287,-0.0201916152559
0,0,0,0,1,-4,0.804001393954,-3.21600557581,-0.0171181977173,-0.0583303549743
0,0,0,0,1,-3,0.804001393954,-2.41200418186,0.0301562658628,0.0280354786128
0,0,0,0,1,-2,0.804001393954,-1.60800278791,0.0165231178733,-0.0306309444273
0,0,0,0,1,-1,0.804001393954,-0.804001393954,-0.129341552904,0.0137489200729
0,0,0,0,1,0,0.804001393954,0,0.0131362152229,-0.00511407405525
0,0,0,0,1,1,0.804001393954,0.804001393954,-0.0880678002407,0.0703712390473
0,0,0,0,1,2,0.804001393954,1.60800278791,-0.014472163481,-0.068845024886
0,0,0,0,1,3,0.804001393954,2.41200418186,-0.0901722520387,-0.0330661834123
0,0,0,0,1,4,0.804001393954,3.21600557581,-0.010756946376,-0.0197343069435
0,0,0,0,2,-4,1.60800278791,-3.21600557581,0.0342953341841,0.0151425753659
0,0,0,0,2,-3,1.60800278791,-2.41200418186,0.00982193020579,0.0118577417008
0,0,0,0,2,-2,1.60800278791,-1.60800278791,-0.0415496869033,-0.0287315772791
0,0,0,0,2,-1,1.60800278791,-0.804001393954,-0.0644212050458,-0.0201064163954
0,0,0,0,2,0,1.60800278791,0,-0.107643006034,0.09199882923
0,0,0,0,2,1,1.60800278791,0.804001393954,-0.0269603738463,-0.0384515622865
0,0,0,0,2,2,1.60800278791,1.60800278791,-0.00903766717918,-0.00780963716455
0,0,0,0,2,3,1.60800278791,2.41200418186,-0.068138318579,0.0237531161373
0,0,0,0,2,4,1.60800278791,3.21600557581,0.0848426966078,-0.0258950294128
0,0,0,0,3,-4,2.41200418186,-3.21600557581,0.0132959750653,-0.0142524928255
0,0,0,0,3,-3,2.41200418186,-2.41200418186,-0.12893613526,-0.0237540282773
0,0,0,0,3,-2,2.41200418186,-1.60800278791,-0.00679080269192,-0.0620842291666
0,0,0,0,3,-1,2.41200418186,-0.804001393954,-0.0233317241293,-0.0762149909014
0,0,0,0,3,0,2.41200418186,0,0.0369396307557,0.0270564367419
0,0,0,0,3,1,2.41200418186,0.804001393954,-0.0464640349604,-0.0617031316152
0,0,0,0,3,2,2.41200418186,1.60800278791,0.0568404800346,-0.00688166584182
0,0,0,0,3,3,2.41200418186,2.41200418186,-0.0192539546133,0.0491134549967
0,0,0,0,3,4,2.41200418186,3.21600557581,-0.119378314313,-0.0304003541974
0,0,0,0,4,-4,3.21600557581,-3.21600557581,0.0303167218733,-0.0937259195088
0,0,0,0,4,-3,3.21600557581,-2.41200418186,0.0387158169119,0.0122360109966
0,0,0,0,4,-2,3.21600557581,-1.60800278791,-0.0274564100663,-0.0892762728559
0,0,0,0,4,-1,3.21600557581,-0.804001393954,-0.048225742527,0.0872552748507
0,0,0,0,4,0,3.21600557581,0,-0.0313871461952,0.052024849059
0,0,0,0,4,1,3.21600557581,0.804001393954,0.0351728218276,-0.0638205293862
0,0,0,0,4,2,3.21600557581,1.60800278791,-0.084551212678,0.0323273059941
0,0,0,0,4,3,3.21600557581,2.41200418186,-0.028999554281,0.0240312315374
0,0,0,0,4,4,3.21600557581,3.21600557581,-0.0311666882737,0.0744837141615
0,1,0,0.804001393954,-4,-4,-3.21600557581,-3.21600557581,0.0123034682024,-0.000975241093159
0,1,0,0.804001393954,-4,-3,-3.21600557581,-2.41200418186,-0.0232470084519,-0.0120609225026
0,1,0,0.804001393954,-4,-2,-3.21600557581,-1.60800278791,-0.00983429337989,-0.00288487855835
0,1,0,0.804001393954,-4,-1,-3.21600557581,-0.804001393954,-0.0323731465861,-0.00695637141561
0,1,0,0.804001393954,-4,0,-3.21600557581,0,0.00358322319792,0.0292030041463
0,1,0,0.804001393954,-4,1,-3.21600557581,0.804001393954,-0.0057207314571,-0.0251257782329
0,1,0,0.804001393954,-4,2,-3.21600557581,1.60800278791,-0.0250453686864,-0.0441460035682
0,1,0,0.804001393954,-4,3,-3.21600557581,2.41200418186,-0.023426371219,0.0314430078492
0,1,0,0.804001393954,-4,4,-3.21600557581,3.21600557581,0.0161927052868,0.00241609556599
0,1,0,0.804001393954,-3,-4,-2.41200418186,-3.21600557581,0.0259343368097,-0.0197399071123
0,1,0,0.804001393954,-3,-3,-2.41200418186,-2.41200418186,-0.0448187142771,0.00945355811553
0,1,0,0.804001393954,-3,-2,-2.41200418186,-1.60800278791,-0.00998399131673,-0.0200300103566
0,1,0,0.804001393954,-3,-1,-2.41200418186,-0.804001393954,0.0243294403796,0.00131800005693
0,1,0,0.804001393954,-3,0,-2.41200418186,0,-0.0204436714691,0.0314620933453
0,1,0,0.804001393954,-3,1,-2.41200418186,0.804001393954,0.0187000500212,-0.0147833022265
0,1,0,0.804001393954,-3,2,-2.41200418186,1.60800278791,-0.0114516270674,0.0387855350692
0,1,0,0.804001393954,-3,3,-2.41200418186,2.41200418186,-0.00955498402062,0.0333711495867
0,1,0,0.804001393954,-3,4,-2.41200418186,3.21600557581,-0.0497617573868,0.0111466417383
0,1,0,0.804001393954,-2,-4,-1.60800278791,-3.21600557581,-0.0119646606539,-0.00878743573341
0,1,0,0.804001393954,-2,-3,-1.60800278791,-2.41200418186,0.035190826072,0.00481184248087
0,1,0,0.804001393954,-2,-2,-1.60800278791,-1.60800278791,-0.0312937483,-0.00438740763853
0,1,0,0.804001393954,-2,-1,-1.60800278791,-0.804001393954,0.00446914635223,0.00723297885443
0,1,0,0.804001393954,-2,0,-1.60800278791,0,-0.0209147908518,0.0210404961594
0,1,0,0.804001393954,-2,1,-1.60800278791,0.804001393954,-0.0393630457224,-0.0595393995112
0,1,0,0.804001393954,-2,2,-1.60800278791,1.60800278791,-0.0219739821576,0.00381455266228
0,1,0,0.804001393954,-2,3,-1.60800278791,2.41200418186,-0.0165163597307,0.0109101620364
0,1,0,0.804001393954,-2,4,-1.60800278791,3.21600557581,-0.000175363013218,-0.0147361742379
0,1,0,0.804001393954,-1,-4,-0.804001393954,-3.21600557581,0.0227528399133,-0.0177175682544
0,1,0,0.804001393954,-1,-3,-0.804001393954,-2.41200418186,-0.00199286680556,0.00102492484797
0,1,0,0.804001393954,-1,-2,-0.804001393954,-1.60800278791,-0.0452024546596,0.0136015632574
0,1,0,0.804001393954,-1,-1,-0.804001393954,-0.804001393954,0.00711202521554,0.0513554721675
0,1,0,0.804001393954,-1,0,-0.804001393954,0,-0.0514284942496,-0.0601914748409
0,1,0,0.804001393954,-1,1,-0.804001393954,0.804001393954,0.0187882258905,0.00115907330774
0,1,0,0.804001393954,-1,2,-0.804001393954,1.60800278791,-0.0544867016414,0.00148817474073
0,1,0,0.804001393954,-1,3,-0.804001393954,2.41200418186,0.00776543190645,0.00941121057577
0,1,0,0.804001393954,-1,4,-0.804001393954,3.21600557581,0.00432535918436,-0.0110109686131
0,1,0,0.804001393954,0,-4,0,-3.21600557581,-0.022201563213,-0.0115027520947
0,1,0,0.804001393954,0,-3,0,-2.41200418186,0.0336647793802,-0.00573320061504
0,1,0,0.804001393954,0,-2,0,-1.60800278791,-0.00729387099582,0.0273428854393
0,1,0,0.804001393954,0,-1,0,-0.804001393954,-0.0278306703723,0.0849982378492
0,1,0,0.804001393954,0,0,0,0,0.0337706707091,0.0119908897231
0,1,0,0.804001393954,0,1,0,0.804001393954,0.659109488795,0
0,1,0,0.804001393954,0,2,0,1.60800278791,0.0240585675757,-0.0113228056869
0,1,0,0.804001393954,0,3,0,2.41200418186,-0.00829519668348,-0.0472831863531
0,1,0,0.804001393954,0,4,0,3.21600557581,-0.000693337300857,-0.0142174229944
0,1,0,0.804001393954,1,-4,0.804001393954,-3.21600557581,-0.0114008606406,-0.00663738020081
0,1,0,0.804001393954,1,-3,0.804001393954,-2.41200418186,0.000320175578724,-0.0199743687199
0,1,0,0.804001393954,1,-2,0.804001393954,-1.60800278791,0.0119906074467,0.0152088960654
0,1,0,0.804001393954,1,-1,0.804001393954,-0.804001393954,0.0182793065808,-0.0137760938495
0,1,0,0.804001393954,1,0,0.804001393954,0,-0.0673669284465,0.01304776424
0,1,0,0.804001393954,1,1,0.804001393954,0.804001393954,0.0151597537217,0.000342587527592
0,1,0,0.804001393954,1,2,0.804001393954,1.60800278791,-0.0332758780708,0.0356244880464
0,1,0,0.804001393954,1,3,0.804001393954,2.41200418186,0.000631340310773,-0.0265803693283
0,1,0,0.804001393954,1,4,0.804001393954,3.21600557581,-0.0252368245956,-0.0111605270915
0,1,0,0.804001393954,2,-4,1.60800278791,-3.21600557581,-0.00728242031144,-0.0133070163303
0,1,0,0.804001393954,2,-3,1.60800278791,-2.41200418186,0.0175775787339,-0.0053306382143
0,1,0,0.804001393954,2,-2,1.60800278791,-1.60800278791,0.00312330272387,0.00716853250883
0,1,0,0.804001393954,2,-1,1.60800278791,-0.804001393954,-0.0145557352063,-0.0236784251279
0,1,0,0.804001393954,2,0,1.60800278791,0,-0.033121753329,-0.0103302545201
0,1,0,0.804001393954,2,1,1.60800278791,0.804001393954,-0.0508252561702,0.0526639019988
0,1,0,0.804001393954,2,2,1.60800278791,1.60800278791,-0.0197596992779,-0.0058411884688
0,1,0,0.804001393954,2,3,1.60800278791,2.41200418186,-0.00784684809776,-0.00853584815175
0,1,0,0.804001393954,2,4,1.60800278791,3.21600557581,-0.0311366449827,0.010561342037
0,1,0,0.804001393954,3,-4,2.41200418186,-3.21600557581,-0.0394799636713,-0.0252068725981
0,1,0,0.804001393954,3,-3,2.41200418186,-2.41200418186,0.00833852411353,-0.00631378004362
0,1,0,0.804001393954,3,-2,2.41200418186,-1.60800278791,-0.0399594207476,-0.00478559774435
0,1,0,0.804001393954,3,-1,2.41200418186,-0.804001393954,-0.015320965443,-0.0328110165413
0,1,0,0.804001393954,3,0,2.41200418186,0,-0.00799384450459,-0.040136311764
0,1,0,0.804001393954,3,1,2.41200418186,0.804001393954,0.0165103887455,0.00967213272115
0,1,0,0.804001393954,3,2,2.41200418186,1.60800278791,-0.0190893663482,-0.0306868764152
0,1,0,0.804001393954,3,3,2.41200418186,2.41200418186,0.0186897767281,-0.00758041161959
0,1,0,0.804001393954,3,4,2.41200418186,3.21600557581,0.00297863283534,0.017100138632
0,1,0,0.804001393954,4,-4,3.21600557581,-3.21600557581,-0.0072581565461,-0.0109268541508
0,1,0,0.804001393954,4,-3,3.21600557581,-2.41200418186,0.0161289408366,-0.0285135760218
0,1,0,0.804001393954,4,-2,3.21600557581,-1.60800278791,0.0140603645689,0.00258883671373
0,1,0,0.804001393954,4,-1,3.21600557581,-0.804001393954,-0.0147080156313,-0.0329020555843
0,1,0,0.804001393954,4,0,3.21600557581,0,-0.0196679333295,0.039070189629
0,1,0,0.804001393954,4,1,3.21600557581,0.804001393954,-0.0146834081548,0.0187559933859
0,1,0,0.804001393954,4,2,3.21600557581,1.60800278791,0.0210394478118,-0.029030747708
0,1,0,0.804001393954,4,3,3.21600557581,2.41200418186,-0.0315160673603,0.00925856532695
0,1,0,0.804001393954,4,4,3.21600557581,3.21600557581,-0.00679665724685,-0.000608078301518
0,2,0,1.60800278791,-4,-4,-3.21600557581,-3.21600557581,0.0100325060083,0.0114983977212
0,2,0,1.60800278791,-4,-3,-3.21600557581,-2.41200418186,0.00999178126601,-0.002254172356
0,2,0,1.60800278791,-4,-2,-3.21600557581,-1.60800278791,-0.00845443158193,-0.00947874136259
0,2,0,1.60800278791,-4,-1,-3.21600557581,-0.804001393954,-0.00510749382249,0.00193348984509
0,2,0,1.60800278791,-4,0,-3.21600557581,0,-0.0150607566232,-0.00164611505664
0,2,0,1.60800278791,-4,1,-3.21600557581,0.804001393954,0.00214087451506,0.0179230732108
0,2,0,1.60800278791,-4,2,-3.21600557581,1.60800278791,-0.00782186549185,-0.0199814881974
0,2,0,1.60800278791,-4,3,-3.21600557581,2.41200418186,-0.0142946654053,-0.0254473309624
0,2,0,1.60800278791,-4,4,-3.21600557581,3.21600557581,-0.00306796032282,0.0164675984443
0,2,0,1.60800278791,-3,-4,-2.41200418186,-3.21600557581,0.00644807318966,0.0151029399212
0,2,0,1.60800278791,-3,-3,-2.41200418186,-2.41200418186,0.00418066621999,-0.0164282809184
0,2,0,1.60800278791,-3,-2,-2.41200418186,-1.60800278791,-0.0281395986996,0.00590611701939
0,2,0,1.60800278791,-3,-1,-2.41200418186,-0.804001393954,-0.00722099320872,-0.0101397221989
0,2,0,1.60800278791,-3,0,-2.41200418186,0,0.014059806288,-0.00274648644828
0,2,0,1.60800278791,-3,1,-2.41200418186,0.804001393954,-0.0131055207021,0.013048323676
0,2,0,1.60800278791,-3,2,-2.41200418186,1.60800278791,0.00709060305009,-0.0137074932013
0,2,0,1.60800278791,-3,3,-2.41200418186,2.41200418186,-0.00325241714898,0.0262151551099
0,2,0,1.60800278791,-3,4,-2.41200418186,3.21600557581,-0.00701886417024,0.0128146373992
0,2,0,1.60800278791,-2,-4,-1.60800278791,-3.21600557581,0.00511922260959,-0.00712723192744
0,2,0,1.60800278791,-2,-3,-1.60800278791,-2.41200418186,-0.0113085242896,-0.00175265962859
0,2,0,1.60800278791,-2,-2,-1.60800278791,-1.60800278791,0.0211483834413,0.000180526232805
0,2,0,1.60800278791,-2,-1,-1.60800278791,-0.804001393954,-0.0125583581815,-0.00522283866457
0,2,0,1.60800278791,-2,0,-1.60800278791,0,-0.0062338243395,0.00881017545231
0,2,0,1.60800278791,-2,1,-1.60800278791,0.804001393954,-0.00399960466164,0.0148329993247
0,2,0,1.60800278791,-2,2,-1.60800278791,1.60800278791,-0.027981305273,-0.0184512866673
0,2,0,1.60800278791,-2,3,-1.60800278791,2.41200418186,-0.0185988532639,0.00776288364727
0,2,0,1.60800278791,-2,4,-1.60800278791,3.21600557581,-0.00643768258949,0.00492545378789
0,2,0,1.60800278791,-1,-4,-0.804001393954,-3.21600557581,-0.00942513329318,0.0147833145756
0,2,0,1.60800278791,-1,-3,-0.804001393954,-2.41200418186,0.0105912672548,-0.00889203055949
0,2,0,1.60800278791,-1,-2,-0.804001393954,-1.60800278791,0.00331162042107,0.000879679392985
0,2,0,1.60800278791,-1,-1,-0.804001393954,-0.804001393954,-0.0471873032414,0.023396092276
0,2,0,1.60800278791,-1,0,-0.804001393954,0,-0.000871586266903,0.0345719750204
0,2,0,1.60800278791,-1,1,-0.804001393954,0.804001393954,-0.0279909289322,-0.0413340533631
0,2,0,1.60800278791,-1,2,-0.804001393954,1.60800278791,0.0196819670813,-0.000559160345309
0,2,0,1.60800278791,-1,3,-0.804001393954,2.41200418186,-0.0187727361147,-0.0047353521687
0,2,0,1.60800278791,-1,4,-0.804001393954,3.21600557581,0.00371063939979,0.00436641176385
0,2,0,1.60800278791,0,-4,0,-3.21600557581,-0.00856783538682,0.0119128380099
0,2,0,1.60800278791,0,-3,0,-2.41200418186,-0.0119636676156,-0.00715391381486
0,2,0,1.60800278791,0,-2,0,-1.60800278791,0.028987564473,-0.00215652520167
0,2,0,1.60800278791,0,-1,0,-0.804001393954,-0.00729387099582,0.0273428854393
0,2,0,1.60800278791,0,0,0,0,-0.0110455781445,0.105129051064
0,2,0,1.60800278791,0,1,0,0.804001393954,0.0240585675757,0.0113228056869
0,2,0,1.60800278791,0,2,0,1.60800278791,0.328907057285,0
0,2,0,1.60800278791,0,3,0,2.41200418186,0.00731055276188,-0.000110326451279
0,2,0,1.60800278791,0,4,0,3.21600557581,-0.00651906108994,-0.0192129185478
0,2,0,1.60800278791,1,-4,0.804001393954,-3.21600557581,0.000671692532805,-0.0012720954653
0,2,0,1.60800278791,1,-3,0.804001393954,-2.41200418186,-0.00227138026997,-0.0030696660453
0,2,0,1.60800278791,1,-2,0.804001393954,-1.60800278791,0.00925513129285,-0.0232484686304
0,2,0,1.60800278791,1,-1,0.804001393954,-0.804001393954,0.0139975891596,0.0064701008475
0,2,0,1.60800278791,1,0,0.804001393954,0,-0.000914412231436,-0.0125860203944
0,2,0,1.60800278791,1,1,0.804001393954,0.804001393954,-0.0391075214605,0.0061617548831
0,2,0,1.60800278791,1,2,0.804001393954,1.60800278791,0.00259607546739,0.00011936464659
0,2,0,1.60800278791,1,3,0.804001393954,2.41200418186,-0.013565621829,0.0112493987647
0,2,0,1.60800278791,1,4,0.804001393954,3.21600557581,-0.000319368898921,-0.00760031346424
0,2,0,1.60800278791,2,-4,1.60800278791,-3.21600557581,0.00942464048058,0.00289212294969
0,2,0,1.60800278791,2,-3,1.60800278791,-2.41200418186,0.000643961155804,-0.00978709864497
0,2,0,1.60800278791,2,-2,1.60800278791,-1.60800278791,0.0134816360646,0.00509053657925
0,2,0,1.60800278791,2,-1,1.60800278791,-0.804001393954,-0.000553696000213,0.00477846280605
0,2,0,1.60800278791,2,0,1.60800278791,0,-0.0164543793838,-0.0162680542975
0,2,0,1.60800278791,2,1,1.60800278791,0.804001393954,-0.0180999144054,-0.0103802675831
0,2,0,1.60800278791,2,2,1.60800278791,1.60800278791,-0.0254016465549,0.0233181363667
0,2,0,1.60800278791,2,3,1.60800278791,2.41200418186,-0.00343842172966,-0.00442089627045
0,2,0,1.60800278791,2,4,1.60800278791,3.21600557581,-0.00655459805413,0.00436931350656
0,2,0,1.60800278791,3,-4,2.41200418186,-3.21600557581,-0.00269780422167,-0.0198878920209
0,2,0,1.60800278791,3,-3,2.41200418186,-2.41200418186,-0.0245898287367,-0.00667775582925
0,2,0,1.60800278791,3,-2,2.41200418186,-1.60800278791,0.00149862765253,-0.0083536972509
0,2,0,1.60800278791,3,-1,2.41200418186,-0.804001393954,-0.0247936187285,-0.0115108980171
0,2,0,1.60800278791,3,0,2.41200418186,0,-0.00138831477944,-0.0216988767138
0,2,0,1.60800278791,3,1,2.41200418186,0.804001393954,-0.00620197392193,-0.0211719375247
0,2,0,1.60800278791,3,2,2.41200418186,1.60800278791,0.00927470431103,0.0032725290464
0,2,0,1.60800278791,3,3,2.41200418186,2.41200418186,-0.010096604787,-0.0105116403493
0,2,0,1.60800278791,3,4,2.41200418186,3.21600557581,0.0076382784199,-0.00108213516605
0,2,0,1.60800278791,4,-4,3.21600557581,-3.21600557581,-0.0132694478636,0.00880601733681
0,2,0,1.60800278791,4,-3,3.21600557581,-2.41200418186,0.0012245004732,-0.00521685901818
0,2,0,1.60800278791,4,-2,3.21600557581,-1.60800278791,0.00653755541088,-0.0180184753937
0,2,0,1.60800278791,4,-1,3.21600557581,-0.804001393954,0.0181197489591,0.0011583150765
0,2,0,1.60800278791,4,0,3.21600557581,0,-0.0100512723318,-0.0117836510024
0,2,0,1.60800278791,4,1,3.21600557581,0.804001393954,-0.000900713856736,0.0235095024512
0,2,0,1.60800278791,4,2,3.21600557581,1.60800278791,-0.00968963844609,0.0143613871948
0,2,0,1.60800278791,4,3,3.21600557581,2.41200418186,0.0015999563627,-0.016657281138
0,2,0,1.60800278791,4,4,3.21600557581,3.21600557581,-0.0190242252218,-0.00110261086644
0,3,0,2.41200418186,-4,-4,-3.21600557581,-3.21600557581,0.00456980899365,0.000977447140883
0,3,0,2.41200418186,-4,-3,-3.21600557581,-2.41200418186,0.00232476470599,0.00732583849931
0,3,0,2.41200418186,-4,-2,-3.21600557581,-1.60800278791,0.00653931275412,0.000458065659643
0,3,0,2.41200418186,-4,-1,-3.21600557581,-0.804001393954,-0.00487323067524,-0.00652752560101
0,3,0,2.41200418186,-4,0,-3.21600557581,0,-0.00122408813921,5.99649975844e-05
0,3,0,2.41200418186,-4,1,-3.21600557581,0.804001393954,-0.0019638893644,-0.00299345135122
0,3,0,2.41200418186,-4,2,-3.21600557581,1.60800278791,0.00673913090473,0.0057695161702
0,3,0,2.41200418186,-4,3,-3.21600557581,2.41200418186,-0.00248495813181,-0.00641493749487
0,3,0,2.41200418186,-4,4,-3.21600557581,3.21600557581,-0.0100832458578,-0.0062497054501
0,3,0,2.41200418186,-3,-4,-2.41200418186,-3.21600557581,0.00796636680882,0.00560646713815
0,3,0,2.41200418186,-3,-3,-2.41200418186,-2.41200418186,0.0008803627176,0.000126988359191
0,3,0,2.41200418186,-3,-2,-2.41200418186,-1.60800278791,0.000785596742437,-0.000702061743288
0,3,0,2.41200418186,-3,-1,-2.41200418186,-0.804001393954,-0.0127950646637,0.000614483372497
0,3,0,2.41200418186,-3,0,-2.41200418186,0,0.00237538858189,-0.00246977371522
0,3,0,2.41200418186,-3,1,-2.41200418186,0.804001393954,-4.83381104234e-05,0.00140982766727
0,3,0,2.41200418186,-3,2,-2.41200418186,1.60800278791,-0.00211940252098,0.006932503263
0,3,0,2.41200418186,-3,3,-2.41200418186,2.41200418186,0.00418184090779,-0.00795017264523
0,3,0,2.41200418186,-3,4,-2.41200418186,3.21600557581,-0.0044286118557,0.00444519411846
0,3,0,2.41200418186,-2,-4,-1.60800278791,-3.21600557581,-0.0014432742792,0.000544663971541
0,3,0,2.41200418186,-2,-3,-1.60800278791,-2.41200418186,-0.00426809148007,0.0035019929353
0,3,0,2.41200418186,-2,-2,-1.60800278791,-1.60800278791,-0.0056905473412,-0.0061575779275
0,3,0,2.41200418186,-2,-1,-1.60800278791,-0.804001393954,0.0143866133601,0.00872415378602
0,3,0,2.41200418186,-2,0,-1.60800278791,0,-0.0160431137328,-0.00581511962938
0,3,0,2.41200418186,-2,1,-1.60800278791,0.804001393954,-0.00345913968412,0.000901657994281
0,3,0,2.41200418186,-2,2,-1.60800278791,1.60800278791,0.0050350588848,0.00675741717093
0,3,0,2.41200418186,-2,3,-1.60800278791,2.41200418186,-0.0110063943075,6.81750708034e-05
0,3,0,2.41200418186,-2,4,-1.60800278791,3.21600557581,0.00226955750871,-0.000587152968722
0,3,0,2.41200418186,-1,-4,-0.804001393954,-3.21600557581,0.00900001824421,0.0046182599415
0,3,0,2.41200418186,-1,-3,-0.804001393954,-2.41200418186,-0.00672180251965,0.00533138431124
0,3,0,2.41200418186,-1,-2,-0.804001393954,-1.60800278791,0.00887753336287,-0.012700500974
0,3,0,2.41200418186,-1,-1,-0.804001393954,-0.804001393954,0.000948218444722,0.00491001938677
0,3,0,2.41200418186,-1,0,-0.804001393954,0,-0.0396004473771,0.0189170308365
0,3,0,2.41200418186,-1,1,-0.804001393954,0.804001393954,0.00778513206464,0.0186076118521
0,3,0,2.41200418186,-1,2,-0.804001393954,1.60800278791,-0.0168726404333,-0.00925612873846
0,3,0,2.41200418186,-1,3,-0.804001393954,2.41200418186,0.00410106661515,0.000647081394058
0,3,0,2.41200418186,-1,4,-0.804001393954,3.21600557581,-0.00293385193003,-0.00333181214486
0,3,0,2.41200418186,0,-4,0,-3.21600557581,0.002043762427,-0.00526127414734
0,3,0,2.41200418186,0,-3,0,-2.41200418186,-0.0141644710061,0.00797852435144
0,3,0,2.41200418186,0,-2,0,-1.60800278791,-0.0119636676156,-0.00715391381486
0,3,0,2.41200418186,0,-1,0,-0.804001393954,0.0336647793802,-0.00573320061504
0,3,0,2.41200418186,0,0,0,0,-0.00768320293059,0.0413624927672
0,3,0,2.41200418186,0,1,0,0.804001393954,-0.00829519668348,0.0472831863531
0,3,0,2.41200418186,0,2,0,1.60800278791,0.00731055276188,0.000110326451279
0,3,0,2.41200418186,0,3,0,2.41200418186,0.109044257735,0
0,3,0,2.41200418186,0,4,0,3.21600557581,-0.0011667998767,0.00244625727894
0,3,0,2.41200418186,1,-4,0.804001393954,-3.21600557581,-2.0362491943e-05,0.00240687919564
0,3,0,2.41200418186,1,-3,0.804001393954,-2.41200418186,-0.000271859565951,0.00492465781054
0,3,0,2.41200418186,1,-2,0.804001393954,-1.60800278791,-0.00073573629106,-0.00821780572607
0,3,0,2.41200418186,1,-1,0.804001393954,-0.804001393954,0.00702175637011,-0.0149531232646
0,3,0,2.41200418186,1,0,0.804001393954,0,0.0118034062394,0.0013709692148
0,3,0,2.41200418186,1,1,0.804001393954,0.804001393954,-0.00106651914714,-0.0121241758896
0,3,0,2.41200418186,1,2,0.804001393954,1.60800278791,-0.0201611652246,0.000901757721227
0,3,0,2.41200418186,1,3,0.804001393954,2.41200418186,0.00594546558606,0.000627784921014
0,3,0,2.41200418186,1,4,0.804001393954,3.21600557581,-0.00472216562171,0.00805410458338
0,3,0,2.41200418186,2,-4,1.60800278791,-3.21600557581,0.0005383828587,0.00407945659722
0,3,0,2.41200418186,2,-3,1.60800278791,-2.41200418186,0.00757007325071,0.0056766752955
0,3,0,2.41200418186,2,-2,1.60800278791,-1.60800278791,0.00111566159902,-0.0106062904093
0,3,0,2.41200418186,2,-1,1.60800278791,-0.804001393954,0.00977350628237,0.00432975283602
0,3,0,2.41200418186,2,0,1.60800278791,0,0.00518144815573,-0.00240519433292
0,3,0,2.41200418186,2,1,1.60800278791,0.804001393954,-0.00991462061387,-0.00325802173653
0,3,0,2.41200418186,2,2,1.60800278791,1.60800278791,-0.00484997297949,-0.00814792184133
0,3,0,2.41200418186,2,3,1.60800278791,2.41200418186,-0.00546051430168,0.00697350739254
0,3,0,2.41200418186,2,4,1.60800278791,3.21600557581,-0.00674909362799,0.00191424883932
0,3,0,2.41200418186,3,-4,2.41200418186,-3.21600557581,0.00658590713463,-0.00752552330082
0,3,0,2.41200418186,3,-3,2.41200418186,-2.41200418186,0.00275586307271,-0.00882151375232
0,3,0,2.41200418186,3,-2,2.41200418186,-1.60800278791,-0.00650988524035,-0.00363280829987
0,3,0,2.41200418186,3,-1,2.41200418186,-0.804001393954,-0.00262703784578,0.00158165960268
0,3,0,2.41200418186,3,0,2.41200418186,0,-0.0128816448463,-0.00179244108666
0,3,0,2.41200418186,3,1,2.41200418186,0.804001393954,-0.00177203983259,-0.0069011516311
0,3,0,2.41200418186,3,2,2.41200418186,1.60800278791,-0.00217444769466,-0.0142700605468
0,3,0,2.41200418186,3,3,2.41200418186,2.41200418186,0.00534489468856,0.00691084711906
0,3,0,2.41200418186,3,4,2.41200418186,3.21600557581,-0.00753476122405,-0.00597676328696
0,3,0,2.41200418186,4,-4,3.21600557581,-3.21600557581,-0.00956392252755,-0.000977306094351
0,3,0,2.41200418186,4,-3,3.21600557581,-2.41200418186,-0.0121367355053,0.00236731685918
0,3,0,2.41200418186,4,-2,3.21600557581,-1.60800278791,-0.00254071223738,-0.00311184569767
0,3,0,2.41200418186,4,-1,3.21600557581,-0.804001393954,0.00441751164013,-0.00500852312328
0,3,0,2.41200418186,4,0,3.21600557581,0,0.00254745799979,0.000478946920289
0,3,0,2.41200418186,4,1,3.21600557581,0.804001393954,-0.00378288631571,-0.00764698809251
0,3,0,2.41200418186,4,2,3.21600557581,1.60800278791,-0.00349182101002,0.0104441212651
0,3,0,2.41200418186,4,3,3.21600557581,2.41200418186,0.0035213024302,0.00225238495141
0,3,0,2.41200418186,4,4,3.21600557581,3.21600557581,-0.00196623923429,-0.00518611017682
0,4,0,3.21600557581,-4,-4,-3.21600557581,-3.21600557581,0.00163552326516,0.0033522193092
0,4,0,3.21600557581,-4,-3,-3.21600557581,-2.41200418186,0.000821245638905,0.00622143774571
0,4,0,3.21600557581,-4,-2,-3.21600557581,-1.60800278791,0.0020477089365,-0.00314318962951
0,4,0,3.21600557581,-4,-1,-3.21600557581,-0.804001393954,0.00188233690283,0.00246008236384
0,4,0,3.21600557581,-4,0,-3.21600557581,0,-0.00329833961867,-0.00278371845219
0,4,0,3.21600557581,-4,1,-3.21600557581,0.804001393954,0.00075644320697,0.00486061848172
0,4,0,3.21600557581,-4,2,-3.21600557581,1.60800278791,0.00068947188462,-0.000849162417782
0,4,0,3.21600557581,-4,3,-3.21600557581,2.41200418186,-0.000409497077705,0.000360834402763
0,4,0,3.21600557581,-4,4,-3.21600557581,3.21600557581,0.000618583625884,-0.00015389824987
0,4,0,3.21600557581,-3,-4,-2.41200418186,-3.21600557581,0.00391197892743,-0.000188605128428
0,4,0,3.21600557581,-3,-3,-2.41200418186,-2.41200418186,0.00199743144963,0.00126769132675
0,4,0,3.21600557581,-3,-2,-2.41200418186,-1.60800278791,-0.00537617108833,-1.8968912946e-05
0,4,0,3.21600557581,-3,-1,-2.41200418186,-0.804001393954,0.00571987229817,-0.00397634948338
0,4,0,3.21600557581,-3,0,-2.41200418186,0,-0.0117608282864,0.00085875267339
0,4,0,3.21600557581,-3,1,-2.41200418186,0.804001393954,0.000829955395642,0.00143259928133
0,4,0,3.21600557581,-3,2,-2.41200418186,1.60800278791,4.35082732631e-05,0.000386295915543
0,4,0,3.21600557581,-3,3,-2.41200418186,2.41200418186,-0.000686851649393,0.00516541880477
0,4,0,3.21600557581,-3,4,-2.41200418186,3.21600557581,0.00108907733443,-0.00114383171761
0,4,0,3.21600557581,-2,-4,-1.60800278791,-3.21600557581,-0.00475477743768,-0.00229118074576
0,4,0,3.21600557581,-2,-3,-1.60800278791,-2.41200418186,0.0013284515965,0.00855736447158
0,4,0,3.21600557581,-2,-2,-1.60800278791,-1.60800278791,-0.00432219700107,-0.000121630924136
0,4,0,3.21600557581,-2,-1,-1.60800278791,-0.804001393954,-0.00158026346205,-0.00968512212916
0,4,0,3.21600557581,-2,0,-1.60800278791,0,0.0174523245107,0.0134585190032
0,4,0,3.21600557581,-2,1,-1.60800278791,0.804001393954,-0.0125843969023,-0.00071074169972
0,4,0,3.21600557581,-2,2,-1.60800278791,1.60800278791,0.000765531099376,0.000654817018853
0,4,0,3.21600557581,-2,3,-1.60800278791,2.41200418186,0.000947404053516,0.00158438921117
0,4,0,3.21600557581,-2,4,-1.60800278791,3.21600557581,-0.000552952274929,-0.00491620331771
0,4,0,3.21600557581,-1,-4,-0.804001393954,-3.21600557581,-0.00106415697122,-0.00207703937929
0,4,0,3.21600557581,-1,-3,-0.804001393954,-2.41200418186,0.00800440895285,0.0034369826359
0,4,0,3.21600557581,-1,-2,-0.804001393954,-1.60800278791,-0.00850803454458,0.00886705702557
0,4,0,3.21600557581,-1,-1,-0.804001393954,-0.804001393954,0.0192835084187,-0.00786344293113
0,4,0,3.21600557581,-1,0,-0.804001393954,0,-0.00429886357124,-0.0020736847074
0,4,0,3.21600557581,-1,1,-0.804001393954,0.804001393954,-0.0259753998591,0.00323838985468
0,4,0,3.21600557581,-1,2,-0.804001393954,1.60800278791,-0.0013317074394,0.0153088521216
0,4,0,3.21600557581,-1,3,-0.804001393954,2.41200418186,-0.00222959232139,0.00119274379421
0,4,0,3.21600557581,-1,4,-0.804001393954,3.21600557581,-0.00165667289843,-0.0060453752999
0,4,0,3.21600557581,0,-4,0,-3.21600557581,0.000409055150934,-0.00582021376331
0,4,0,3.21600557581,0,-3,0,-2.41200418186,0.002043762427,-0.00526127414734
0,4,0,3.21600557581,0,-2,0,-1.60800278791,-0.00856783538682,0.0119128380099
0,4,0,3.21600557581,0,-1,0,-0.804001393954,-0.022201563213,-0.0115027520947
0,4,0,3.21600557581,0,0,0,0,0.0688122477287,0.0201916152559
0,4,0,3.21600557581,0,1,0,0.804001393954,-0.000693337300857,0.0142174229944
0,4,0,3.21600557581,0,2,0,1.60800278791,-0.00651906108994,0.0192129185478
0,4,0,3.21600557581,0,3,0,2.41200418186,-0.0011667998767,-0.00244625727894
0,4,0,3.21600557581,0,4,0,3.21600557581,0.0156631492671,0
0,4,0,3.21600557581,1,-4,0.804001393954,-3.21600557581,-0.00182040800823,0.000210833134458
0,4,0,3.21600557581,1,-3,0.804001393954,-2.41200418186,-0.000890649208287,-0.00518651558278
0,4,0,3.21600557581,1,-2,0.804001393954,-1.60800278791,0.00331791729054,0.00190336995092
0,4,0,3.21600557581,1,-1,0.804001393954,-0.804001393954,-0.00121897930639,-0.00350735993847
0,4,0,3.21600557581,1,0,0.804001393954,0,-0.00134773279135,-0.0202385854571
0,4,0,3.21600557581,1,1,0.804001393954,0.804001393954,0.00570826230978,4.7886312368e-05
0,4,0,3.21600557581,1,2,0.804001393954,1.60800278791,0.00461198215873,-0.00521277325726
0,4,0,3.21600557581,1,3,0.804001393954,2.41200418186,-0.0051484101368,0.00214245820131
0,4,0,3.21600557581,1,4,0.804001393954,3.21600557581,0.00125301884444,-0.000261772825469
0,4,0,3.21600557581,2,-4,1.60800278791,-3.21600557581,-0.00279751018857,-0.00286752622404
0,4,0,3.21600557581,2,-3,1.60800278791,-2.41200418186,0.00516407229477,0.00370381888581
0,4,0,3.21600557581,2,-2,1.60800278791,-1.60800278791,0.00874470605018,0.00787841705756
0,4,0,3.21600557581,2,-1,1.60800278791,-0.804001393954,0.00219220283619,-0.0102494458125
0,4,0,3.21600557581,2,0,1.60800278791,0,0.00925715075223,-0.00340998631662
0,4,0,3.21600557581,2,1,1.60800278791,0.804001393954,0.00185683901925,0.00323269945656
0,4,0,3.21600557581,2,2,1.60800278791,1.60800278791,-0.00957767169642,-0.0037324523126
0,4,0,3.21600557581,2,3,1.60800278791,2.41200418186,-0.000765606332962,-0.00393371988531
0,4,0,3.21600557581,2,4,1.60800278791,3.21600557581,-0.00532888755404,0.00135343636483
0,4,0,3.21600557581,3,-4,2.41200418186,-3.21600557581,-0.000572878524109,0.00176601091949
0,4,0,3.21600557581,3,-3,2.41200418186,-2.41200418186,-0.0016088215005,-0.0044657904126
0,4,0,3.21600557581,3,-2,2.41200418186,-1.60800278791,-0.00676963421611,-4.67076203808e-05
0,4,0,3.21600557581,3,-1,2.41200418186,-0.804001393954,-0.00635260273704,0.00453935123707
0,4,0,3.21600557581,3,0,2.41200418186,0,-0.000502175983186,0.0024315511728
0,4,0,3.21600557581,3,1,2.41200418186,0.804001393954,-0.0020291154221,0.00408574860508
0,4,0,3.21600557581,3,2,2.41200418186,1.60800278791,-0.00345698631523,0.00230350249466
0,4,0,3.21600557581,3,3,2.41200418186,2.41200418186,0.00303714338215,0.00265906098533
0,4,0,3.21600557581,3,4,2.41200418186,3.21600557581,0.00653205423911,0.00648806373547
0,4,0,3.21600557581,4,-4,3.21600557581,-3.21600557581,0.00220203232593,-0.000732829588819
0,4,0,3.21600557581,4,-3,3.21600557581,-2.41200418186,-0.00236310670739,-0.00560213475705
0,4,0,3.21600557581,4,-2,3.21600557581,-1.60800278791,-0.0017725932234,0.00869036278052
0,4,0,3.21600557581,4,-1,3.21600557581,-0.804001393954,0.0004914729678,-0.0013927936331
0,4,0,3.21600557581,4,0,3.21600557581,0,-0.000791623912293,0.00198724593087
0,4,0,3.21600557581,4,1,3.21600557581,0.804001393954,-0.00112910997271,0.00387307467023
0,4,0,3.21600557581,4,2,3.21600557581,1.60800278791,0.00517039722482,-0.000845789521729
0,4,0,3.21600557581,4,3,3.21600557581,2.41200418186,-0.00511605580337,-0.00119656063065
0,4,0,3.21600557581,4,4,3.21600557581,3.21600557581,0.0035428562738,-0.000676043181262
1,-4,0.804001393954,-3.21600557581,-4,-4,-3.21600557581,-3.21600557581,-0.000799137485819,-0.000414510416513
1,-4,0.804001393954,-3.21600557581,-4,-3,-3.21600557581,-2.41200418186,-0.000262057262185,-0.000232430672578
1,-4,0.804001393954,-3.21600557581,-4,-2,-3.21600557581,-1.60800278791,-0.000259048021096,0.00337284714762
1,-4,0.804001393954,-3.21600557581,-4,-1,-3.21600557581,-0.804001393954,-0.000799717465105,0.000528857059649
1,-4,0.804001393954,-3.21600557581,-4,0,-3.21600557581,0,-0.00308894870254,-0.00430275489892
1,-4,0.804001393954,-3.21600557581,-4,1,-3.21600557581,0.804001393954,0.00244223201214,0.00729292121887
1,-4,0.804001393954,-3.21600557581,-4,2,-3.21600557581,1.60800278791,0.000848742053542,0.000945431922536
1,-4,0.804001393954,-3.21600557581,-4,3,-3.21600557581,2.41200418186,-0.000610891292113,-0.00374948652091
1,-4,0.804001393954,-3.21600557581,-4,4,-3.21600557581,3.21600557581,0.00224881109366,-0.00210237211627
1,-4,0.804001393954,-3.21600557581,-3,-4,-2.41200418186,-3.21600557581,0.00220712631402,0.00247742069289
1,-4,0.804001393954,-3.21600557581,-3,-3,-2.41200418186,-2.41200418186,-0.000874776262475,0.00227419535769
1,-4,0.804001393954,-3.21600557581,-3,-2,-2.41200418186,-1.60800278791,-0.000521231095145,-0.00275400284067
1,-4,0.804001393954,-3.21600557581,-3,-1,-2.41200418186,-0.804001393954,0.00811914147667,0.00298081116444
1,-4,0.804001393954,-3.21600557581,-3,0,-2.41200418186,0,-0.00175027012902,0.00163674224315
1,-4,0.804001393954,-3.21600557581,-3,1,-2.41200418186,0.804001393954,0.0018123930198,-0.000333212616803
1,-4,0.804001393954,-3.21600557581,-3,2,-2.41200418186,1.60800278791,-0.00474670072757,-0.00147319822095
1,-4,0.804001393954,-3.21600557581,-3,3,-2.41200418186,2.41200418186,-0.00363072700349,-0.000711818636594
1,-4,0.804001393954,-3.21600557581,-3,4,-2.41200418186,3.21600557581,0.000818436783163,0.00242903876155
1,-4,0.804001393954,-3.21600557581,-2,-4,-1.60800278791,-3.21600557581,-0.00309955838757,-0.000319355881439
1,-4,0.804001393954,-3.21600557581,-2,-3,-1.60800278791,-2.41200418186,-0.00108898284399,0.00527752374568
1,-4,0.804001393954,-3.21600557581,-2,-2,-1.60800278791,-1.60800278791,0.000180183523424,0.00730194152085
1,-4,0.804001393954,-3.21600557581,-2,-1,-1.60800278791,-0.804001393954,-0.00862312267306,-0.000366829179245
1,-4,0.804001393954,-3.21600557581,-2,0,-1.60800278791,0,0.00763060234789,0.000133746920342
1,-4,0.804001393954,-3.21600557581,-2,1,-1.60800278791,0.804001393954,-0.0136094402057,-0.00324154397397
1,-4,0.804001393954,-3.21600557581,-2,2,-1.60800278791,1.60800278791,-0.00025509162196,0.000871172070502
1,-4,0.804001393954,-3.21600557581,-2,3,-1.60800278791,2.41200418186,0.0011905775381,0.0011755494469
1,-4,0.804001393954,-3.21600557581,-2,4,-1.60800278791,3.21600557581,0.00179540284925,-0.00543145851583
1,-4,0.804001393954,-3.21600557581,-1,-4,-0.804001393954,-3.21600557581,-0.00095660802332,-0.00205498537258
1,-4,0.804001393954,-3.21600557581,-1,-3,-0.804001393954,-2.41200418186,-0.00133679783656,0.00407123041392
1,-4,0.804001393954,-3.21600557581,-1,-2,-0.804001393954,-1.60800278791,-0.00837338950389,0.00360127532404
1,-4,0.804001393954,-3.21600557581,-1,-1,-0.804001393954,-0.804001393954,0.000222367996698,-0.00986561415556
1,-4,0.804001393954,-3.21600557581,-1,0,-0.804001393954,0,0.0224703073239,-0.00556157475376
1,-4,0.804001393954,-3.21600557581,-1,1,-0.804001393954,0.804001393954,0.00883637100163,0.0108070462
1,-4,0.804001393954,-3.21600557581,-1,2,-0.804001393954,1.60800278791,0.00670437870621,-0.00444389179489
1,-4,0.804001393954,-3.21600557581,-1,3,-0.804001393954,2.41200418186,0.00181956580013,0.000506023021762
1,-4,0.804001393954,-3.21600557581,-1,4,-0.804001393954,3.21600557581,-0.00242544788427,0.00246666358108
1,-4,0.804001393954,-3.21600557581,0,-4,0,-3.21600557581,-0.00165667289843,-0.0060453752999
1,-4,0.804001393954,-3.21600557581,0,-3,0,-2.41200418186,-0.00293385193003,-0.00333181214486
1,-4,0.804001393954,-3.21600557581,0,-2,0,-1.60800278791,0.00371063939979,0.00436641176385
1,-4,0.804001393954,-3.21600557581,0,-1,0,-0.804001393954,0.00432535918436,-0.0110109686131
1,-4,0.804001393954,-3.21600557581,0,0,0,0,-0.0171181977173,0.0583303549743
1,-4,0.804001393954,-3.21600557581,0,1,0,0.804001393954,-0.0114008606406,0.00663738020081
1,-4,0.804001393954,-3.21600557581,0,2,0,1.60800278791,0.000671692532805,0.0012720954653
1,-4,0.804001393954,-3.21600557581,0,3,0,2.41200418186,-2.0362491943e-05,-0.00240687919564
1,-4,0.804001393954,-3.21600557581,0,4,0,3.21600557581,-0.00182040800823,-0.000210833134458
1,-4,0.804001393954,-3.21600557581,1,-4,0.804001393954,-3.21600557581,0.00654015748342,0
1,-4,0.804001393954,-3.21600557581,1,-3,0.804001393954,-2.41200418186,0.00267288370686,-0.00228884850096
1,-4,0.804001393954,-3.21600557581,1,-2,0.804001393954,-1.60800278791,-0.0066939315956,-0.00720700817757
1,-4,0.804001393954,-3.21600557581,1,-1,0.804001393954,-0.804001393954,-0.0205054948902,-0.0137475642133
1,-4,0.804001393954,-3.21600557581,1,0,0.804001393954,0,0.0337109819713,-0.00548878008905
1,-4,0.804001393954,-3.21600557581,1,1,0.804001393954,0.804001393954,-0.0174597800432,0.00722295047083
1,-4,0.804001393954,-3.21600557581,1,2,0.804001393954,1.60800278791,-0.00901332833492,-0.0109332589109
1,-4,0.804001393954,-3.21600557581,1,3,0.804001393954,2.41200418186,-0.00206088380652,0.00536453631333
1,-4,0.804001393954,-3.21600557581,1,4,0.804001393954,3.21600557581,0.00582911023024,6.73879981786e-05
1,-4,0.804001393954,-3.21600557581,2,-4,1.60800278791,-3.21600557581,-0.00431330840572,-0.000504878330393
1,-4,0.804001393954,-3.21600557581,2,-3,1.60800278791,-2.41200418186,-0.00108989162457,-0.00156872561079
1,-4,0.804001393954,-3.21600557581,2,-2,1.60800278791,-1.60800278791,0.00408264768176,-0.00135090479346
1,-4,0.804001393954,-3.21600557581,2,-1,1.60800278791,-0.804001393954,-0.00569198656543,-0.00386540333815
1,-4,0.804001393954,-3.21600557581,2,0,1.60800278791,0,-0.00374164972677,-0.00762046069965
1,-4,0.804001393954,-3.21600557581,2,1,1.60800278791,0.804001393954,0.00982677191932,-4.74253110522e-05
1,-4,0.804001393954,-3.21600557581,2,2,1.60800278791,1.60800278791,-0.00246920011365,-0.00578821003017
1,-4,0.804001393954,-3.21600557581,2,3,1.60800278791,2.41200418186,0.000560210403721,0.00238489775805
1,-4,0.804001393954,-3.21600557581,2,4,1.60800278791,3.21600557581,-0.00394078750435,-0.00153966911305
1,-4,0.804001393954,-3.21600557581,3,-4,2.41200418186,-3.21600557581,-0.00274174658235,0.000218902313719
1,-4,0.804001393954,-3.21600557581,3,-3,2.41200418186,-2.41200418186,0.00521306632185,-0.000713364932907
1,-4,0.804001393954,-3.21600557581,3,-2,2.41200418186,-1.60800278791,-0.000593235345711,-0.000497384398602
1,-4,0.804001393954,-3.21600557581,3,-1,2.41200418186,-0.804001393954,-0.000846220181402,-0.000266760287411
1,-4,0.804001393954,-3.21600557581,3,0,2.41200418186,0,0.000542148164396,-0.000599241170059
1,-4,0.804001393954,-3.21600557581,3,1,2.41200418186,0.804001393954,0.00288323808199,0.00224017379536
1,-4,0.804001393954,-3.21600557581,3,2,2.41200418186,1.60800278791,-0.00208214109481,0.00180357454496
1,-4,0.804001393954,-3.21600557581,3,3,2.41200418186,2.41200418186,-0.00171074416008,4.8995925581e-05
1,-4,0.804001393954,-3.21600557581,3,4,2.41200418186,3.21600557581,0.00293802496859,-0.000214584270813
1,-4,0.804001393954,-3.21600557581,4,-4,3.21600557581,-3.21600557581,0.00617943161602,0.000448251838607
1,-4,0.804001393954,-3.21600557581,4,-3,3.21600557581,-2.41200418186,-0.00111680304493,0.000889621137755
1,-4,0.804001393954,-3.21600557581,4,-2,3.21600557581,-1.60800278791,0.00317816284142,0.00220359905978
1,-4,0.804001393954,-3.21600557581,4,-1,3.21600557581,-0.804001393954,-0.000118356973528,-0.00268026865084
1,-4,0.804001393954,-3.21600557581,4,0,3.21600557581,0,-0.00107264884945,-0.00221611603487
1,-4,0.804001393954,-3.21600557581,4,1,3.21600557581,0.804001393954,0.00216050069119,0.00215529507275
1,-4,0.804001393954,-3.21600557581,4,2,3.21600557581,1.60800278791,-0.000771501412293,0.000111206013412
1,-4,0.804001393954,-3.21600557581,4,3,3.21600557581,2.41200418186,0.00479097927221,-0.000231731922512
1,-4,0.804001393954,-3.21600557581,4,4,3.21600557581,3.21600557581,0.00163425871199,-0.000557456552476
1,-3,0.804001393954,-2.41200418186,-4,-4,-3.21600557581,-3.21600557581,0.00284567471861,-0.00507427500516
1,-3,0.804001393954,-2.41200418186,-4,-3,-3.21600557581,-2.41200418186,-0.00276409313649,-0.00386806424421
1,-3,0.804001393954,-2.41200418186,-4,-2,-3.21600557581,-1.60800278791,-0.00281069799169,-0.00358446257469
1,-3,0.804001393954,-2.41200418186,-4,-1,-3.21600557581,-0.804001393954,-0.00144772571431,0.00625712870411
1,-3,0.804001393954,-2.41200418186,-4,0,-3.21600557581,0,-0.0019496390345,0.000650503203185
1,-3,0.804001393954,-2.41200418186,-4,1,-3.21600557581,0.804001393954,-0.00522257830328,-0.00729612869272
1,-3,0.804001393954,-2.41200418186,-4,2,-3.21600557581,1.60800278791,-0.00239175870259,0.0106160311207
1,-3,0.804001393954,-2.41200418186,-4,3,-3.21600557581,2.41200418186,0.000502683197973,-0.00196294782124
1,-3,0.804001393954,-2.41200418186,-4,4,-3.21600557581,3.21600557581,0.00127990871709,-0.000352893536271
1,-3,0.804001393954,-2.41200418186,-3,-4,-2.41200418186,-3.21600557581,-0.00461190259207,-0.000172082359449
1,-3,0.804001393954,-2.41200418186,-3,-3,-2.41200418186,-2.41200418186,0.000443772311543,-0.000350411278553
1,-3,0.804001393954,-2.41200418186,-3,-2,-2.41200418186,-1.60800278791,-0.00135733716937,-0.00308242070724
1,-3,0.804001393954,-2.41200418186,-3,-1,-2.41200418186,-0.804001393954,0.000421335990203,0.00913589960387
1,-3,0.804001393954,-2.41200418186,-3,0,-2.41200418186,0,0.00993648404188,-0.00211323490684
1,-3,0.804001393954,-2.41200418186,-3,1,-2.41200418186,0.804001393954,0.00112104029521,0.00621235086585
1,-3,0.804001393954,-2.41200418186,-3,2,-2.41200418186,1.60800278791,0.000126361188521,0.0026770330582
1,-3,0.804001393954,-2.41200418186,-3,3,-2.41200418186,2.41200418186,-0.00553600407556,-0.00580701559769
1,-3,0.804001393954,-2.41200418186,-3,4,-2.41200418186,3.21600557581,-0.0099603839304,0.00360505461108
1,-3,0.804001393954,-2.41200418186,-2,-4,-1.60800278791,-3.21600557581,-0.00322044573132,0.00421959468852
1,-3,0.804001393954,-2.41200418186,-2,-3,-1.60800278791,-2.41200418186,0.00418695821506,-0.005006731431
1,-3,0.804001393954,-2.41200418186,-2,-2,-1.60800278791,-1.60800278791,-0.00316074248462,0.0157311441923
1,-3,0.804001393954,-2.41200418186,-2,-1,-1.60800278791,-0.804001393954,-0.00665257490559,0.0209229637724
1,-3,0.804001393954,-2.41200418186,-2,0,-1.60800278791,0,-0.0229685761497,0.00422085264051
1,-3,0.804001393954,-2.41200418186,-2,1,-1.60800278791,0.804001393954,0.00826710969193,0.00231808938452
1,-3,0.804001393954,-2.41200418186,-2,2,-1.60800278791,1.60800278791,-0.0103858029253,0.000362819664467
1,-3,0.804001393954,-2.41200418186,-2,3,-1.60800278791,2.41200418186,-0.000610604536441,0.00702700064966
1,-3,0.804001393954,-2.41200418186,-2,4,-1.60800278791,3.21600557581,0.00526455105323,0.00316272671091
1,-3,0.804001393954,-2.41200418186,-1,-4,-0.804001393954,-3.21600557581,-0.0012259581276,0.00451236403226
1,-3,0.804001393954,-2.41200418186,-1,-3,-0.804001393954,-2.41200418186,-0.00777851499267,-0.00975270443027
1,-3,0.804001393954,-2.41200418186,-1,-2,-0.804001393954,-1.60800278791,-0.00784273270772,0.00510843992386
1,-3,0.804001393954,-2.41200418186,-1,-1,-0.804001393954,-0.804001393954,-0.00621722054322,0.0117788263527
1,-3,0.804001393954,-2.41200418186,-1,0,-0.804001393954,0,0.000483331111957,-0.00662277602584
1,-3,0.804001393954,-2.41200418186,-1,1,-0.804001393954,0.804001393954,0.0137650893016,-0.00498161706834
1,-3,0.804001393954,-2.41200418186,-1,2,-0.804001393954,1.60800278791,0.00175503867138,0.00911951730425
1,-3,0.804001393954,-2.41200418186,-1,3,-0.804001393954,2.41200418186,0.0143723107943,-0.00486831118971
1,-3,0.804001393954,-2.41200418186,-1,4,-0.804001393954,3.21600557581,0.00181956580013,0.000506023021762
1,-3,0.804001393954,-2.41200418186,0,-4,0,-3.21600557581,-0.00222959232139,0.00119274379421
1,-3,0.804001393954,-2.41200418186,0,-3,0,-2.41200418186,0.00410106661515,0.000647081394058
1,-3,0.804001393954,-2.41200418186,0,-2,0,-1.60800278791,-0.0187727361147,-0.0047353521687
1,-3,0.804001393954,-2.41200418186,0,-1,0,-0.804001393954,0.00776543190645,0.00941121057577
1,-3,0.804001393954,-2.41200418186,0,0,0,0,0.0301562658628,-0.0280354786128
1,-3,0.804001393954,-2.41200418186,0,1,0,0.804001393954,0.000320175578724,0.0199743687199
1,-3,0.804001393954,-2.41200418186,0,2,0,1.60800278791,-0.00227138026997,0.0030696660453
1,-3,0.804001393954,-2.41200418186,0,3,0,2.41200418186,-0.000271859565951,-0.00492465781054
1,-3,0.804001393954,-2.41200418186,0,4,0,3.21600557581,-0.000890649208287,0.00518651558278
1,-3,0.804001393954,-2.41200418186,1,-4,0.804001393954,-3.21600557581,0.00267288370686,0.00228884850096
1,-3,0.804001393954,-2.41200418186,1,-3,0.804001393954,-2.41200418186,0.0713828312105,0
1,-3,0.804001393954,-2.41200418186,1,-2,0.804001393954,-1.60800278791,0.0023680697319,-0.0118280482885
1,-3,0.804001393954,-2.41200418186,1,-1,0.804001393954,-0.804001393954,-0.0109220119454,-0.033812540345
1,-3,0.804001393954,-2.41200418186,1,0,0.804001393954,0,-0.00553659939281,-0.0168110545558
1,-3,0.804001393954,-2.41200418186,1,1,0.804001393954,0.804001393954,0.0174999462721,0.00299824405838
1,-3,0.804001393954,-2.41200418186,1,2,0.804001393954,1.60800278791,-0.0143879887239,0.00425931430984
1,-3,0.804001393954,-2.41200418186,1,3,0.804001393954,2.41200418186,-0.00947560036966,-0.00269898742433
1,-3,0.804001393954,-2.41200418186,1,4,0.804001393954,3.21600557581,-0.00039914410779,0.00466617915678
1,-3,0.804001393954,-2.41200418186,2,-4,1.60800278791,-3.21600557581,-9.71358095069e-05,-0.00187900888396
1,-3,0.804001393954,-2.41200418186,2,-3,1.60800278791,-2.41200418186,0.000799789394879,0.000314946609139
1,-3,0.804001393954,-2.41200418186,2,-2,1.60800278791,-1.60800278791,-0.0169832842949,0.00381253916044
1,-3,0.804001393954,-2.41200418186,2,-1,1.60800278791,-0.804001393954,-0.000346690424192,-0.0117156292252
1,-3,0.804001393954,-2.41200418186,2,0,1.60800278791,0,-0.02464351899,-0.000574618194464
1,-3,0.804001393954,-2.41200418186,2,1,1.60800278791,0.804001393954,0.000335323221701,0.00424162131502
1,-3,0.804001393954,-2.41200418186,2,2,1.60800278791,1.60800278791,0.00179356617714,0.00545769503063
1,-3,0.804001393954,-2.41200418186,2,3,1.60800278791,2.41200418186,-0.00271653726259,-0.00418274477939
1,-3,0.804001393954,-2.41200418186,2,4,1.60800278791,3.21600557581,0.00606155529173,-0.00113767994664
1,-3,0.804001393954,-2.41200418186,3,-4,2.41200418186,-3.21600557581,-0.00368769345192,0.000580609690033
1,-3,0.804001393954,-2.41200418186,3,-3,2.41200418186,-2.41200418186,-0.00541723513447,0.00428821353327
1,-3,0.804001393954,-2.41200418186,3,-2,2.41200418186,-1.60800278791,0.00679102180433,0.000398321275355
1,-3,0.804001393954,-2.41200418186,3,-1,2.41200418186,-0.804001393954,0.00242223925487,-0.000773770853843
1,-3,0.804001393954,-2.41200418186,3,0,2.41200418186,0,-0.00327370665381,0.00360071809664
1,-3,0.804001393954,-2.41200418186,3,1,2.41200418186,0.804001393954,0.0121813268775,-0.00411018956661
1,-3,0.804001393954,-2.41200418186,3,2,2.41200418186,1.60800278791,-0.00430691653942,0.00411085145889
1,-3,0.804001393954,-2.41200418186,3,3,2.41200418186,2.41200418186,-0.00267895177023,-0.00838530891917
1,-3,0.804001393954,-2.41200418186,3,4,2.41200418186,3.21600557581,0.00148136956113,-0.0107325989178
1,-3,0.804001393954,-2.41200418186,4,-4,3.21600557581,-3.21600557581,0.00535678415564,-0.00370158412016
1,-3,0.804001393954,-2.41200418186,4,-3,3.21600557581,-2.41200418186,0.0038842775558,0.0103464984665
1,-3,0.804001393954,-2.41200418186,4,-2,3.21600557581,-1.60800278791,0.00184829546234,-0.00519182168133
1,-3,0.804001393954,-2.41200418186,4,-1,3.21600557581,-0.804001393954,-0.000500908435156,0.00313208588264
1,-3,0.804001393954,-2.41200418186,4,0,3.21600557581,0,0.00268484573646,0.000356405256058
1,-3,0.804001393954,-2.41200418186,4,1,3.21600557581,0.804001393954,-0.00803509479711,-0.00221210486549
1,-3,0.804001393954,-2.41200418186,4,2,3.21600557581,1.60800278791,0.00222163105055,0.000583664830521
1,-3,0.804001393954,-2.41200418186,4,3,3.21600557581,2.41200418186,-0.00549543503116,-0.00115350836203
1,-3,0.804001393954,-2.41200418186,4,4,3.21600557581,3.21600557581,0.00192440411918,-0.00118728506881
1,-2,0.804001393954,-1.60800278791,-4,-4,-3.21600557581,-3.21600557581,0.00646610885798,0.00237827483492
1,-2,0.804001393954,-1.60800278791,-4,-3,-3.21600557581,-2.41200418186,0.00155340424894,-0.011213545127
1,-2,0.804001393954,-1.60800278791,-4,-2,-3.21600557581,-1.60800278791,-0.0147771961473,-0.000237547866639
1,-2,0.804001393954,-1.60800278791,-4,-1,-3.21600557581,-0.804001393954,0.000761480676868,-0.00379990364342
1,-2,0.804001393954,-1.60800278791,-4,0,-3.21600557581,0,-0.00318252452111,0.0125360389984
1,-2,0.804001393954,-1.60800278791,-4,1,-3.21600557581,0.804001393954,0.00148225408578,-0.00717593592716
1,-2,0.804001393954,-1.60800278791,-4,2,-3.21600557581,1.60800278791,-0.00507117714731,-0.00508486649595
1,-2,0.804001393954,-1.60800278791,-4,3,-3.21600557581,2.41200418186,0.00564288570988,0.018894214398
1,-2,0.804001393954,-1.60800278791,-4,4,-3.21600557581,3.21600557581,0.00115419858708,0.00313084721783
1,-2,0.804001393954,-1.60800278791,-3,-4,-2.41200418186,-3.21600557581,-0.0193229602002,-0.00732953873818
1,-2,0.804001393954,-1.60800278791,-3,-3,-2.41200418186,-2.41200418186,0.00412648278901,0.00864390209795
1,-2,0.804001393954,-1.60800278791,-3,-2,-2.41200418186,-1.60800278791,-0.00260666458574,-0.00350715715053
1,-2,0.804001393954,-1.60800278791,-3,-1,-2.41200418186,-0.804001393954,-0.0106318786809,-0.0126065757257
1,-2,0.804001393954,-1.60800278791,-3,0,-2.41200418186,0,0.000571422546971,0.0148184977397
1,-2,0.804001393954,-1.60800278791,-3,1,-2.41200418186,0.804001393954,0.0128116403632,-0.000891872591861
1,-2,0.804001393954,-1.60800278791,-3,2,-2.41200418186,1.60800278791,0.00207863075478,0.0195873222621
1,-2,0.804001393954,-1.60800278791,-3,3,-2.41200418186,2.41200418186,-0.00601568998572,0.00334605477872
1,-2,0.804001393954,-1.60800278791,-3,4,-2.41200418186,3.21600557581,-0.00805880186586,-0.00915723236266
1,-2,0.804001393954,-1.60800278791,-2,-4,-1.60800278791,-3.21600557581,0.00475142209739,0.00859048736821
1,-2,0.804001393954,-1.60800278791,-2,-3,-1.60800278791,-2.41200418186,-0.00482984183525,0.00947639949577
1,-2,0.804001393954,-1.60800278791,-2,-2,-1.60800278791,-1.60800278791,0.00297680306935,-0.00910996902676
1,-2,0.804001393954,-1.60800278791,-2,-1,-1.60800278791,-0.804001393954,-0.0142303477804,0.0358431568735
1,-2,0.804001393954,-1.60800278791,-2,0,-1.60800278791,0,-0.00667804850269,0.0254512474683
1,-2,0.804001393954,-1.60800278791,-2,1,-1.60800278791,0.804001393954,-0.0299508733753,0.00648899418568
1,-2,0.804001393954,-1.60800278791,-2,2,-1.60800278791,1.60800278791,0.0134809107929,-0.00263874257506
1,-2,0.804001393954,-1.60800278791,-2,3,-1.60800278791,2.41200418186,-0.0172998523093,0.00249921771487
1,-2,0.804001393954,-1.60800278791,-2,4,-1.60800278791,3.21600557581,1.30715015678e-05,0.0117921724853
1,-2,0.804001393954,-1.60800278791,-1,-4,-0.804001393954,-3.21600557581,-0.00616737022178,0.0025360938444
1,-2,0.804001393954,-1.60800278791,-1,-3,-0.804001393954,-2.41200418186,-0.00241783683987,-0.000355027400209
1,-2,0.804001393954,-1.60800278791,-1,-2,-0.804001393954,-1.60800278791,-0.0331581466748,-0.0251238318269
1,-2,0.804001393954,-1.60800278791,-1,-1,-0.804001393954,-0.804001393954,-0.013608243318,0.00528336190108
1,-2,0.804001393954,-1.60800278791,-1,0,-0.804001393954,0,-0.0120042166453,0.018258700238
1,-2,0.804001393954,-1.60800278791,-1,1,-0.804001393954,0.804001393954,0.00734834318988,-0.00549577006987
1,-2,0.804001393954,-1.60800278791,-1,2,-0.804001393954,1.60800278791,0.0203802846913,-0.00725061200869
1,-2,0.804001393954,-1.60800278791,-1,3,-0.804001393954,2.41200418186,0.00175503867138,0.00911951730425
1,-2,0.804001393954,-1.60800278791,-1,4,-0.804001393954,3.21600557581,0.00670437870621,-0.00444389179489
1,-2,0.804001393954,-1.60800278791,0,-4,0,-3.21600557581,-0.0013317074394,0.0153088521216
1,-2,0.804001393954,-1.60800278791,0,-3,0,-2.41200418186,-0.0168726404333,-0.00925612873846
1,-2,0.804001393954,-1.60800278791,0,-2,0,-1.60800278791,0.0196819670813,-0.000559160345309
1,-2,0.804001393954,-1.60800278791,0,-1,0,-0.804001393954,-0.0544867016414,0.00148817474073
1,-2,0.804001393954,-1.60800278791,0,0,0,0,0.0165231178733,0.0306309444273
1,-2,0.804001393954,-1.60800278791,0,1,0,0.804001393954,0.0119906074467,-0.0152088960654
1,-2,0.804001393954,-1.60800278791,0,2,0,1.60800278791,0.00925513129285,0.0232484686304
1,-2,0.804001393954,-1.60800278791,0,3,0,2.41200418186,-0.00073573629106,0.00821780572607
1,-2,0.804001393954,-1.60800278791,0,4,0,3.21600557581,0.00331791729054,-0.00190336995092
1,-2,0.804001393954,-1.60800278791,1,-4,0.804001393954,-3.21600557581,-0.0066939315956,0.00720700817757
1,-2,0.804001393954,-1.60800278791,1,-3,0.804001393954,-2.41200418186,0.0023680697319,0.0118280482885
1,-2,0.804001393954,-1.60800278791,1,-2,0.804001393954,-1.60800278791,0.267630464186,0
1,-2,0.804001393954,-1.60800278791,1,-1,0.804001393954,-0.804001393954,0.0141884225292,-0.0168023270132
1,-2,0.804001393954,-1.60800278791,1,0,0.804001393954,0,-0.00846434980013,-0.0588015881007
1,-2,0.804001393954,-1.60800278791,1,1,0.804001393954,0.804001393954,-0.0141860138163,-0.01676754837
1,-2,0.804001393954,-1.60800278791,1,2,0.804001393954,1.60800278791,0.0270526682336,0.00146918788107
1,-2,0.804001393954,-1.60800278791,1,3,0.804001393954,2.41200418186,-0.00989933530063,0.0142560872179
1,-2,0.804001393954,-1.60800278791,1,4,0.804001393954,3.21600557581,-0.0109050811244,-0.0101815918267
1,-2,0.804001393954,-1.60800278791,2,-4,1.60800278791,-3.21600557581,-0.000962480766435,-0.00473836807171
1,-2,0.804001393954,-1.60800278791,2,-3,1.60800278791,-2.41200418186,-0.0114932360179,0.000459824085327
1,-2,0.804001393954,-1.60800278791,2,-2,1.60800278791,-1.60800278791,0.00135295911712,-0.00297833179526
1,-2,0.804001393954,-1.60800278791,2,-1,1.60800278791,-0.804001393954,-0.0230148341327,0.011826654717
1,-2,0.804001393954,-1.60800278791,2,0,1.60800278791,0,-0.0030013338537,-0.0160026387846
1,-2,0.804001393954,-1.60800278791,2,1,1.60800278791,0.804001393954,-0.0314238277867,-0.00974858496179
1,-2,0.804001393954,-1.60800278791,2,2,1.60800278791,1.60800278791,0.00265141238687,0.00173427545747
1,-2,0.804001393954,-1.60800278791,2,3,1.60800278791,2.41200418186,0.00629656244249,0.00568212063828
1,-2,0.804001393954,-1.60800278791,2,4,1.60800278791,3.21600557581,-0.00622253942425,-0.00511455657499
1,-2,0.804001393954,-1.60800278791,3,-4,2.41200418186,-3.21600557581,-0.00330786220153,-0.00211500981809
1,-2,0.804001393954,-1.60800278791,3,-3,2.41200418186,-2.41200418186,-0.0143237470979,-0.00623561602029
1,-2,0.804001393954,-1.60800278791,3,-2,2.41200418186,-1.60800278791,-0.00705990545311,0.00908325073446
1,-2,0.804001393954,-1.60800278791,3,-1,2.41200418186,-0.804001393954,-0.0008154084312,-0.00676202377683
1,-2,0.804001393954,-1.60800278791,3,0,2.41200418186,0,0.00249697168398,-0.0060869574837
1,-2,0.804001393954,-1.60800278791,3,1,2.41200418186,0.804001393954,-0.00937438741205,0.00447418454498
1,-2,0.804001393954,-1.60800278791,3,2,2.41200418186,1.60800278791,0.0126136102508,0.000812234821334
1,-2,0.804001393954,-1.60800278791,3,3,2.41200418186,2.41200418186,-0.00583814249635,0.0022673485196
1,-2,0.804001393954,-1.60800278791,3,4,2.41200418186,3.21600557581,-0.00256412537429,-0.00311529516464
1,-2,0.804001393954,-1.60800278791,4,-4,3.21600557581,-3.21600557581,0.00843575321999,-0.00897527247526
1,-2,0.804001393954,-1.60800278791,4,-3,3.21600557581,-2.41200418186,0.00175267498443,-0.00487052332939
1,-2,0.804001393954,-1.60800278791,4,-2,3.21600557581,-1.60800278791,0.0106222690352,0.00860872899916
1,-2,0.804001393954,-1.60800278791,4,-1,3.21600557581,-0.804001393954,-0.00897765076182,-0.0102259907044
1,-2,0.804001393954,-1.60800278791,4,0,3.21600557581,0,0.00872834800144,-0.0015617557778
1,-2,0.804001393954,-1.60800278791,4,1,3.21600557581,0.804001393954,-0.0061023526975,0.011617356254
1,-2,0.804001393954,-1.60800278791,4,2,3.21600557581,1.60800278791,-0.0216521140183,-0.0089040534285
1,-2,0.804001393954,-1.60800278791,4,3,3.21600557581,2.41200418186,0.00377461923688,0.0128598718667
1,-2,0.804001393954,-1.60800278791,4,4,3.21600557581,3.21600557581,0.00927755412819,-0.0113659799489
1,-1,0.804001393954,-0.804001393954,-4,-4,-3.21600557581,-3.21600557581,0.020910008119,0.0215256179367
1,-1,0.804001393954,-0.804001393954,-4,-3,-3.21600557581,-2.41200418186,0.0100214060926,8.62383558287e-05
1,-1,0.804001393954,-0.804001393954,-4,-2,-3.21600557581,-1.60800278791,0.0130297954939,-0.0086356596564
1,-1,0.804001393954,-0.804001393954,-4,-1,-3.21600557581,-0.804001393954,-0.0252717736482,-0.00455271128392
1,-1,0.804001393954,-0.804001393954,-4,0,-3.21600557581,0,0.00482788570254,0.00793170837015
1,-1,0.804001393954,-0.804001393954,-4,1,-3.21600557581,0.804001393954,-0.00667691089362,0.0269230756277
1,-1,0.804001393954,-0.804001393954,-4,2,-3.21600557581,1.60800278791,0.00032279085535,-0.00535725012133
1,-1,0.804001393954,-0.804001393954,-4,3,-3.21600557581,2.41200418186,-0.0171424315574,-0.0181595181887
1,-1,0.804001393954,-0.804001393954,-4,4,-3.21600557581,3.21600557581,0.00456133526175,0.0269194292643
1,-1,0.804001393954,-0.804001393954,-3,-4,-2.41200418186,-3.21600557581,-0.00315006507655,-0.00603372452937
1,-1,0.804001393954,-0.804001393954,-3,-3,-2.41200418186,-2.41200418186,-0.0317351072992,-0.00447922599597
1,-1,0.804001393954,-0.804001393954,-3,-2,-2.41200418186,-1.60800278791,-0.003284635156,0.0240311920847
1,-1,0.804001393954,-0.804001393954,-3,-1,-2.41200418186,-0.804001393954,-0.00235939557316,-0.00633349809967
1,-1,0.804001393954,-0.804001393954,-3,0,-2.41200418186,0,-0.0268657463812,-0.0237324347097
1,-1,0.804001393954,-0.804001393954,-3,1,-2.41200418186,0.804001393954,-0.0119132266141,0.0292141228807
1,-1,0.804001393954,-0.804001393954,-3,2,-2.41200418186,1.60800278791,0.0181160914564,-0.00409288886588
1,-1,0.804001393954,-0.804001393954,-3,3,-2.41200418186,2.41200418186,0.012315385984,0.0273611763721
1,-1,0.804001393954,-0.804001393954,-3,4,-2.41200418186,3.21600557581,-0.00596983620218,-0.000301311487526
1,-1,0.804001393954,-0.804001393954,-2,-4,-1.60800278791,-3.21600557581,-0.00263371794085,-0.0130292419313
1,-1,0.804001393954,-0.804001393954,-2,-3,-1.60800278791,-2.41200418186,0.020120690919,0.00739018500533
1,-1,0.804001393954,-0.804001393954,-2,-2,-1.60800278791,-1.60800278791,-0.0266529129689,0.0314145070379
1,-1,0.804001393954,-0.804001393954,-2,-1,-1.60800278791,-0.804001393954,0.0213537096176,-0.0157835257532
1,-1,0.804001393954,-0.804001393954,-2,0,-1.60800278791,0,-0.0204622182217,0.0520221049139
1,-1,0.804001393954,-0.804001393954,-2,1,-1.60800278791,0.804001393954,-0.0025476528573,0.038304953421
1,-1,0.804001393954,-0.804001393954,-2,2,-1.60800278791,1.60800278791,-0.0264491929123,0.0119481626129
1,-1,0.804001393954,-0.804001393954,-2,3,-1.60800278791,2.41200418186,0.00393279254046,0.00174646395098
1,-1,0.804001393954,-0.804001393954,-2,4,-1.60800278791,3.21600557581,-0.0360194406692,0.0145950878842
1,-1,0.804001393954,-0.804001393954,-1,-4,-0.804001393954,-3.21600557581,-0.0160072340437,-0.00409533276188
1,-1,0.804001393954,-0.804001393954,-1,-3,-0.804001393954,-2.41200418186,0.00865828159923,0.00669407130715
1,-1,0.804001393954,-0.804001393954,-1,-2,-0.804001393954,-1.60800278791,-0.00772648676602,0.00378997729696
1,-1,0.804001393954,-0.804001393954,-1,-1,-0.804001393954,-0.804001393954,-0.044377528844,-0.0503634314415
1,-1,0.804001393954,-0.804001393954,-1,0,-0.804001393954,0,-0.0320199593498,0.00461898653419
1,-1,0.804001393954,-0.804001393954,-1,1,-0.804001393954,0.804001393954,-0.0145765801717,0.014539714136
1,-1,0.804001393954,-0.804001393954,-1,2,-0.804001393954,1.60800278791,0.00734834318988,-0.00549577006987
1,-1,0.804001393954,-0.804001393954,-1,3,-0.804001393954,2.41200418186,0.0137650893016,-0.00498161706834
1,-1,0.804001393954,-0.804001393954,-1,4,-0.804001393954,3.21600557581,0.00883637100163,0.0108070462
1,-1,0.804001393954,-0.804001393954,0,-4,0,-3.21600557581,-0.0259753998591,0.00323838985468
1,-1,0.804001393954,-0.804001393954,0,-3,0,-2.41200418186,0.00778513206464,0.0186076118521
1,-1,0.804001393954,-0.804001393954,0,-2,0,-1.60800278791,-0.0279909289322,-0.0413340533631
1,-1,0.804001393954,-0.804001393954,0,-1,0,-0.804001393954,0.0187882258905,0.00115907330774
1,-1,0.804001393954,-0.804001393954,0,0,0,0,-0.129341552904,-0.0137489200729
1,-1,0.804001393954,-0.804001393954,0,1,0,0.804001393954,0.0182793065808,0.0137760938495
1,-1,0.804001393954,-0.804001393954,0,2,0,1.60800278791,0.0139975891596,-0.0064701008475
1,-1,0.804001393954,-0.804001393954,0,3,0,2.41200418186,0.00702175637011,0.0149531232646
1,-1,0.804001393954,-0.804001393954,0,4,0,3.21600557581,-0.00121897930639,0.00350735993847
1,-1,0.804001393954,-0.804001393954,1,-4,0.804001393954,-3.21600557581,-0.0205054948902,0.0137475642133
1,-1,0.804001393954,-0.804001393954,1,-3,0.804001393954,-2.41200418186,-0.0109220119454,0.033812540345
1,-1,0.804001393954,-0.804001393954,1,-2,0.804001393954,-1.60800278791,0.0141884225292,0.0168023270132
1,-1,0.804001393954,-0.804001393954,1,-1,0.804001393954,-0.804001393954,0.49490992148,0
1,-1,0.804001393954,-0.804001393954,1,0,0.804001393954,0,0.0246818907983,-0.0240771616297
1,-1,0.804001393954,-0.804001393954,1,1,0.804001393954,0.804001393954,-0.0177378487367,-0.0634478955281
1,-1,0.804001393954,-0.804001393954,1,2,0.804001393954,1.60800278791,-0.0139925189879,-0.0178803381655
1,-1,0.804001393954,-0.804001393954,1,3,0.804001393954,2.41200418186,0.0283915218183,0.00428602444651
1,-1,0.804001393954,-0.804001393954,1,4,0.804001393954,3.21600557581,-0.0184376046015,0.00393324633128
1,-1,0.804001393954,-0.804001393954,2,-4,1.60800278791,-3.21600557581,0.000591427672213,0.0059263848346
1,-1,0.804001393954,-0.804001393954,2,-3,1.60800278791,-2.41200418186,0.00647990195618,-0.00445615411608
1,-1,0.804001393954,-0.804001393954,2,-2,1.60800278791,-1.60800278791,-0.0306363578657,0.00272058735645
1,-1,0.804001393954,-0.804001393954,2,-1,1.60800278791,-0.804001393954,0.0126851601815,0.00100393590969
1,-1,0.804001393954,-0.804001393954,2,0,1.60800278791,0,-0.0298946155148,0.0309556783742
1,-1,0.804001393954,-0.804001393954,2,1,1.60800278791,0.804001393954,-0.00753523068148,-0.0337074901493
1,-1,0.804001393954,-0.804001393954,2,2,1.60800278791,1.60800278791,-0.0387040534165,-0.011447649292
1,-1,0.804001393954,-0.804001393954,2,3,1.60800278791,2.41200418186,0.00654698787757,0.000974465035925
1,-1,0.804001393954,-0.804001393954,2,4,1.60800278791,3.21600557581,0.0103238345314,0.0131778199749
1,-1,0.804001393954,-0.804001393954,3,-4,2.41200418186,-3.21600557581,-0.00265375199757,0.00564482701273
1,-1,0.804001393954,-0.804001393954,3,-3,2.41200418186,-2.41200418186,-0.010004400134,0.00498340450833
1,-1,0.804001393954,-0.804001393954,3,-2,2.41200418186,-1.60800278791,-0.0180648077513,-0.00295307732398
1,-1,0.804001393954,-0.804001393954,3,-1,2.41200418186,-0.804001393954,-0.0316827201151,0.0251116836316
1,-1,0.804001393954,-0.804001393954,3,0,2.41200418186,0,-0.0120809509577,-0.0137975026913
1,-1,0.804001393954,-0.804001393954,3,1,2.41200418186,0.804001393954,-0.00444472140098,0.000669389139096
1,-1,0.804001393954,-0.804001393954,3,2,2.41200418186,1.60800278791,-0.0215696819988,0.000567778977336
1,-1,0.804001393954,-0.804001393954,3,3,2.41200418186,2.41200418186,0.0279847561996,-0.00321428908135
1,-1,0.804001393954,-0.804001393954,3,4,2.41200418186,3.21600557581,0.0039878798308,0.00966409728559
1,-1,0.804001393954,-0.804001393954,4,-4,3.21600557581,-3.21600557581,-0.0413695146002,-0.00550900341269
1,-1,0.804001393954,-0.804001393954,4,-3,3.21600557581,-2.41200418186,-0.000690199420005,-0.0174054746702
1,-1,0.804001393954,-0.804001393954,4,-2,3.21600557581,-1.60800278791,0.000156069800385,-0.0135611156477
1,-1,0.804001393954,-0.804001393954,4,-1,3.21600557581,-0.804001393954,0.0191873806977,0.015836123256
1,-1,0.804001393954,-0.804001393954,4,0,3.21600557581,0,-0.00755502762787,-0.0176961936884
1,-1,0.804001393954,-0.804001393954,4,1,3.21600557581,0.804001393954,0.0123009779989,0.00381537032879
1,-1,0.804001393954,-0.804001393954,4,2,3.21600557581,1.60800278791,-0.000403993252214,0.00756162396647
1,-1,0.804001393954,-0.804001393954,4,3,3.21600557581,2.41200418186,-0.0383817796997,-0.00245902402699
1,-1,0.804001393954,-0.804001393954,4,4,3.21600557581,3.21600557581,0.015166550901,0.00423725226103
1,0,0.804001393954,0,-4,-4,-3.21600557581,-3.21600557581,-0.0432085409911,-0.0184908583206
1,0,0.804001393954,0,-4,-3,-3.21600557581,-2.41200418186,0.0265364088682,0.0359945724156
1,0,0.804001393954,0,-4,-2,-3.21600557581,-1.60800278791,0.00865088030064,-0.00853969214989
1,0,0.804001393954,0,-4,-1,-3.21600557581,-0.804001393954,0.0133759241846,-0.0184242567405
1,0,0.804001393954,0,-4,0,-3.21600557581,0,-0.0220444488237,-0.00733967622563
1,0,0.804001393954,0,-4,1,-3.21600557581,0.804001393954,0.000132030223072,0.000236364455644
1,0,0.804001393954,0,-4,2,-3.21600557581,1.60800278791,-0.00636276648826,0.0347967027387
1,0,0.804001393954,0,-4,3,-3.21600557581,2.41200418186,0.0180366397477,-0.0164448388307
1,0,0.804001393954,0,-4,4,-3.21600557581,3.21600557581,-0.0166552031671,-0.0150241683244
1,0,0.804001393954,0,-3,-4,-2.41200418186,-3.21600557581,-0.0158220758955,-0.0280158293684
1,0,0.804001393954,0,-3,-3,-2.41200418186,-2.41200418186,-0.0142273827785,-0.00108067831713
1,0,0.804001393954,0,-3,-2,-2.41200418186,-1.60800278791,-0.0310354750619,-0.0179082501265
1,0,0.804001393954,0,-3,-1,-2.41200418186,-0.804001393954,0.0107435388929,0.0301669778674
1,0,0.804001393954,0,-3,0,-2.41200418186,0,-0.0109451970753,-0.0237470344184
1,0,0.804001393954,0,-3,1,-2.41200418186,0.804001393954,-0.0245198622569,-0.0236436538025
1,0,0.804001393954,0,-3,2,-2.41200418186,1.60800278791,-0.0211320822178,0.0300396390452
1,0,0.804001393954,0,-3,3,-2.41200418186,2.41200418186,0.0166074631846,0.000609463944358
1,0,0.804001393954,0,-3,4,-2.41200418186,3.21600557581,0.012549209033,0.0432320831754
1,0,0.804001393954,0,-2,-4,-1.60800278791,-3.21600557581,-0.0511660316137,0.00507363889152
1,0,0.804001393954,0,-2,-3,-1.60800278791,-2.41200418186,-0.0154091587985,-0.0191872585956
1,0,0.804001393954,0,-2,-2,-1.60800278791,-1.60800278791,0.0246746693511,0.0019016710424
1,0,0.804001393954,0,-2,-1,-1.60800278791,-0.804001393954,-0.0332143206215,0.0372711242693
1,0,0.804001393954,0,-2,0,-1.60800278791,0,0.0198695354817,-0.026955027595
1,0,0.804001393954,0,-2,1,-1.60800278791,0.804001393954,-0.0264323477627,0.0574445557601
1,0,0.804001393954,0,-2,2,-1.60800278791,1.60800278791,-0.00235724941786,0.0293083947488
1,0,0.804001393954,0,-2,3,-1.60800278791,2.41200418186,-0.0398805792188,0.0114998242581
1,0,0.804001393954,0,-2,4,-1.60800278791,3.21600557581,0.0162200230974,0.00154361819345
1,0,0.804001393954,0,-1,-4,-0.804001393954,-3.21600557581,0.0330464110687,0.013623958594
1,0,0.804001393954,0,-1,-3,-0.804001393954,-2.41200418186,-0.0241817005496,-0.000448048423561
1,0,0.804001393954,0,-1,-2,-0.804001393954,-1.60800278791,0.000443416698007,0.0176887997239
1,0,0.804001393954,0,-1,-1,-0.804001393954,-0.804001393954,-0.00940968220726,0.00801865990376
1,0,0.804001393954,0,-1,0,-0.804001393954,0,-0.0528562963307,-0.0714185540307
1,0,0.804001393954,0,-1,1,-0.804001393954,0.804001393954,-0.0320199593498,0.00461898653419
1,0,0.804001393954,0,-1,2,-0.804001393954,1.60800278791,-0.0120042166453,0.018258700238
1,0,0.804001393954,0,-1,3,-0.804001393954,2.41200418186,0.000483331111957,-0.00662277602584
1,0,0.804001393954,0,-1,4,-0.804001393954,3.21600557581,0.0224703073239,-0.00556157475376
1,0,0.804001393954,0,0,-4,0,-3.21600557581,-0.00429886357124,-0.0020736847074
1,0,0.804001393954,0,0,-3,0,-2.41200418186,-0.0396004473771,0.0189170308365
1,0,0.804001393954,0,0,-2,0,-1.60800278791,-0.000871586266903,0.0345719750204
1,0,0.804001393954,0,0,-1,0,-0.804001393954,-0.0514284942496,-0.0601914748409
1,0,0.804001393954,0,0,0,0,0,0.0131362152229,0.00511407405525
1,0,0.804001393954,0,0,1,0,0.804001393954,-0.0673669284465,-0.01304776424
1,0,0.804001393954,0,0,2,0,1.60800278791,-0.000914412231436,0.0125860203944
1,0,0.804001393954,0,0,3,0,2.41200418186,0.0118034062394,-0.0013709692148
1,0,0.804001393954,0,0,4,0,3.21600557581,-0.00134773279135,0.0202385854571
1,0,0.804001393954,0,1,-4,0.804001393954,-3.21600557581,0.0337109819713,0.00548878008905
1,0,0.804001393954,0,1,-3,0.804001393954,-2.41200418186,-0.00553659939281,0.0168110545558
1,0,0.804001393954,0,1,-2,0.804001393954,-1.60800278791,-0.00846434980013,0.0588015881007
1,0,0.804001393954,0,1,-1,0.804001393954,-0.804001393954,0.0246818907983,0.0240771616297
1,0,0.804001393954,0,1,0,0.804001393954,0,0.653071114292,0
1,0,0.804001393954,0,1,1,0.804001393954,0.804001393954,0.0110626849113,0.00565437485569
1,0,0.804001393954,0,1,2,0.804001393954,1.60800278791,-0.0175784507313,-0.0411008690007
1,0,0.804001393954,0,1,3,0.804001393954,2.41200418186,-0.00816360699879,-0.0141722664574
1,0,0.804001393954,0,1,4,0.804001393954,3.21600557581,0.0266617689963,0.00654230534544
1,0,0.804001393954,0,2,-4,1.60800278791,-3.21600557581,-0.0083020093613,-0.0201158381068
1,0,0.804001393954,0,2,-3,1.60800278791,-2.41200418186,0.00646148847345,0.0114082843878
1,0,0.804001393954,0,2,-2,1.60800278791,-1.60800278791,-0.00938843143788,-0.0121501778953
1,0,0.804001393954,0,2,-1,1.60800278791,-0.804001393954,-0.0449064730714,0.0108417521615
1,0,0.804001393954,0,2,0,1.60800278791,0,0.0148325826818,-0.00549637776694
1,0,0.804001393954,0,2,1,1.60800278791,0.804001393954,-0.0390337054928,0.0233537379957
1,0,0.804001393954,0,2,2,1.60800278791,1.60800278791,0.000819998516997,-0.0340510256985
1,0,0.804001393954,0,2,3,1.60800278791,2.41200418186,-0.0347447209836,-0.0178243550798
1,0,0.804001393954,0,2,4,1.60800278791,3.21600557581,0.00460761857952,0.000815825218493
1,0,0.804001393954,0,3,-4,2.41200418186,-3.21600557581,0.00998387944284,0.00927974516915
1,0,0.804001393954,0,3,-3,2.41200418186,-2.41200418186,0.000452908500886,0.00893078522596
1,0,0.804001393954,0,3,-2,2.41200418186,-1.60800278791,-0.0110150012475,-0.00729858453103
1,0,0.804001393954,0,3,-1,2.41200418186,-0.804001393954,-0.025021711326,0.00168851068253
1,0,0.804001393954,0,3,0,2.41200418186,0,-0.0425152839395,0.0433170713012
1,0,0.804001393954,0,3,1,2.41200418186,0.804001393954,-0.0104894642729,-0.015760266726
1,0,0.804001393954,0,3,2,2.41200418186,1.60800278791,-0.0052371278896,-0.000233511008988
1,0,0.804001393954,0,3,3,2.41200418186,2.41200418186,-0.0311681886031,0.00310112748984
1,0,0.804001393954,0,3,4,2.41200418186,3.21600557581,0.0350853095733,-0.00325545211574
1,0,0.804001393954,0,4,-4,3.21600557581,-3.21600557581,0.00680760001595,-0.00317043584146
1,0,0.804001393954,0,4,-3,3.21600557581,-2.41200418186,-0.0442955482217,-0.00454426405942
1,0,0.804001393954,0,4,-2,3.21600557581,-1.60800278791,-0.0117831320476,-0.0268019460196
1,0,0.804001393954,0,4,-1,3.21600557581,-0.804001393954,-0.00545757225248,-0.0389638281802
1,0,0.804001393954,0,4,0,3.21600557581,0,0.0178575070689,0.00455244701164
1,0,0.804001393954,0,4,1,3.21600557581,0.804001393954,-0.0128690978196,-0.0282242161481
1,0,0.804001393954,0,4,2,3.21600557581,1.60800278791,0.0203402244865,0.00246622669046
1,0,0.804001393954,0,4,3,3.21600557581,2.41200418186,-0.00646605123437,0.0185758213666
1,0,0.804001393954,0,4,4,3.21600557581,3.21600557581,-0.0477398625221,-0.00449805501316
1,1,0.804001393954,0.804001393954,-4,-4,-3.21600557581,-3.21600557581,-0.0312275493452,0.00612767768731
1,1,0.804001393954,0.804001393954,-4,-3,-3.21600557581,-2.41200418186,-0.0249166725927,-0.0211291166148
1,1,0.804001393954,0.804001393954,-4,-2,-3.21600557581,-1.60800278791,0.023305275161,0.0302676799842
1,1,0.804001393954,0.804001393954,-4,-1,-3.21600557581,-0.804001393954,-0.00237199520585,-0.00136149476702
1,1,0.804001393954,0.804001393954,-4,0,-3.21600557581,0,0.0091143267819,-0.00916927713233
1,1,0.804001393954,0.804001393954,-4,1,-3.21600557581,0.804001393954,-0.0254152893818,-0.00133346560389
1,1,0.804001393954,0.804001393954,-4,2,-3.21600557581,1.60800278791,-0.000699322378317,-0.00310703812187
1,1,0.804001393954,0.804001393954,-4,3,-3.21600557581,2.41200418186,-0.0149053104273,0.0335858507124
1,1,0.804001393954,0.804001393954,-4,4,-3.21600557581,3.21600557581,0.00380808645788,-0.0143972539777
1,1,0.804001393954,0.804001393954,-3,-4,-2.41200418186,-3.21600557581,0.00416402941398,-0.0062006698239
1,1,0.804001393954,0.804001393954,-3,-3,-2.41200418186,-2.41200418186,-0.0148220488709,-0.0222307341633
1,1,0.804001393954,0.804001393954,-3,-2,-2.41200418186,-1.60800278791,-0.0106010363691,0.000329885299278
1,1,0.804001393954,0.804001393954,-3,-1,-2.41200418186,-0.804001393954,-0.0337442036492,-0.0104655478766
1,1,0.804001393954,0.804001393954,-3,0,-2.41200418186,0,0.00603205859184,0.0328471278264
1,1,0.804001393954,0.804001393954,-3,1,-2.41200418186,0.804001393954,-0.00571166612756,-0.0216490034338
1,1,0.804001393954,0.804001393954,-3,2,-2.41200418186,1.60800278791,-0.017731948869,-0.0277681946841
1,1,0.804001393954,0.804001393954,-3,3,-2.41200418186,2.41200418186,-0.0111169779314,0.0262953477499
1,1,0.804001393954,0.804001393954,-3,4,-2.41200418186,3.21600557581,0.0135631146285,0.00141020435014
1,1,0.804001393954,0.804001393954,-2,-4,-1.60800278791,-3.21600557581,0.0132519325456,-0.00878231882599
1,1,0.804001393954,0.804001393954,-2,-3,-1.60800278791,-2.41200418186,-0.0420266135344,0.00391916310004
1,1,0.804001393954,0.804001393954,-2,-2,-1.60800278791,-1.60800278791,-0.000710622335819,-0.0175550447925
1,1,0.804001393954,0.804001393954,-2,-1,-1.60800278791,-0.804001393954,0.0233169913381,0.00333652847511
1,1,0.804001393954,0.804001393954,-2,0,-1.60800278791,0,-0.0126822272772,0.0292223814716
1,1,0.804001393954,0.804001393954,-2,1,-1.60800278791,0.804001393954,0.0194382519849,-0.0136580375122
1,1,0.804001393954,0.804001393954,-2,2,-1.60800278791,1.60800278791,-0.0121211567,0.03540642395
1,1,0.804001393954,0.804001393954,-2,3,-1.60800278791,2.41200418186,-0.00549913751119,0.0225900051204
1,1,0.804001393954,0.804001393954,-2,4,-1.60800278791,3.21600557581,-0.030499854004,0.00185127954848
1,1,0.804001393954,0.804001393954,-1,-4,-0.804001393954,-3.21600557581,-0.00685828340072,-0.00616566513365
1,1,0.804001393954,0.804001393954,-1,-3,-0.804001393954,-2.41200418186,0.0353215774317,0.0127682264045
1,1,0.804001393954,0.804001393954,-1,-2,-0.804001393954,-1.60800278791,-0.0106852607328,-0.00670552802964
1,1,0.804001393954,0.804001393954,-1,-1,-0.804001393954,-0.804001393954,0.0114955383429,0.00198077880563
1,1,0.804001393954,0.804001393954,-1,0,-0.804001393954,0,-0.00940968220726,0.00801865990376
1,1,0.804001393954,0.804001393954,-1,1,-0.804001393954,0.804001393954,-0.044377528844,-0.0503634314415
1,1,0.804001393954,0.804001393954,-1,2,-0.804001393954,1.60800278791,-0.013608243318,0.00528336190108
1,1,0.804001393954,0.804001393954,-1,3,-0.804001393954,2.41200418186,-0.00621722054322,0.0117788263527
1,1,0.804001393954,0.804001393954,-1,4,-0.804001393954,3.21600557581,0.000222367996698,-0.00986561415556
1,1,0.804001393954,0.804001393954,0,-4,0,-3.21600557581,0.0192835084187,-0.00786344293113
1,1,0.804001393954,0.804001393954,0,-3,0,-2.41200418186,0.000948218444722,0.00491001938677
1,1,0.804001393954,0.804001393954,0,-2,0,-1.60800278791,-0.0471873032414,0.023396092276
1,1,0.804001393954,0.804001393954,0,-1,0,-0.804001393954,0.00711202521554,0.0513554721675
1,1,0.804001393954,0.804001393954,0,0,0,0,-0.0880678002407,-0.0703712390473
1,1,0.804001393954,0.804001393954,0,1,0,0.804001393954,0.0151597537217,-0.000342587527592
1,1,0.804001393954,0.804001393954,0,2,0,1.60800278791,-0.0391075214605,-0.0061617548831
1,1,0.804001393954,0.804001393954,0,3,0,2.41200418186,-0.00106651914714,0.0121241758896
1,1,0.804001393954,0.804001393954,0,4,0,3.21600557581,0.00570826230978,-4.7886312368e-05
1,1,0.804001393954,0.804001393954,1,-4,0.804001393954,-3.21600557581,-0.0174597800432,-0.00722295047083
1,1,0.804001393954,0.804001393954,1,-3,0.804001393954,-2.41200418186,0.0174999462721,-0.00299824405838
1,1,0.804001393954,0.804001393954,1,-2,0.804001393954,-1.60800278791,-0.0141860138163,0.01676754837
1,1,0.804001393954,0.804001393954,1,-1,0.804001393954,-0.804001393954,-0.0177378487367,0.0634478955281
1,1,0.804001393954,0.804001393954,1,0,0.804001393954,0,0.0110626849113,-0.00565437485569
1,1,0.804001393954,0.804001393954,1,1,0.804001393954,0.804001393954,0.504208682734,0
1,1,0.804001393954,0.804001393954,1,2,0.804001393954,1.60800278791,0.0120116530921,-0.00560328973357
1,1,0.804001393954,0.804001393954,1,3,0.804001393954,2.41200418186,-0.0175554856498,-0.0291363557604
1,1,0.804001393954,0.804001393954,1,4,0.804001393954,3.21600557581,-0.00730516577378,-0.0127538149681
1,1,0.804001393954,0.804001393954,2,-4,1.60800278791,-3.21600557581,-0.0053660565257,-0.00459175299522
1,1,0.804001393954,0.804001393954,2,-3,1.60800278791,-2.41200418186,-0.0020572118307,-0.0174576833739
1,1,0.804001393954,0.804001393954,2,-2,1.60800278791,-1.60800278791,0.0139050458206,0.0115520860415
1,1,0.804001393954,0.804001393954,2,-1,1.60800278791,-0.804001393954,-0.00334930121901,-0.0041577089466
1,1,0.804001393954,0.804001393954,2,0,1.60800278791,0,-0.0455941982602,-0.00355280163988
1,1,0.804001393954,0.804001393954,2,1,1.60800278791,0.804001393954,0.0101006044557,0.000334564389968
1,1,0.804001393954,0.804001393954,2,2,1.60800278791,1.60800278791,-0.0264049079566,0.0269806309471
1,1,0.804001393954,0.804001393954,2,3,1.60800278791,2.41200418186,-0.00766652196252,-0.0160505884221
1,1,0.804001393954,0.804001393954,2,4,1.60800278791,3.21600557581,-0.0330586907984,-0.0125649786225
1,1,0.804001393954,0.804001393954,3,-4,2.41200418186,-3.21600557581,0.00399739862953,-0.0136414604009
1,1,0.804001393954,0.804001393954,3,-3,2.41200418186,-2.41200418186,0.0169115595672,0.00635306105541
1,1,0.804001393954,0.804001393954,3,-2,2.41200418186,-1.60800278791,0.00822376393099,0.00653022189714
1,1,0.804001393954,0.804001393954,3,-1,2.41200418186,-0.804001393954,-0.00324662440055,-0.00857064528956
1,1,0.804001393954,0.804001393954,3,0,2.41200418186,0,-0.0210346170636,0.00139846691655
1,1,0.804001393954,0.804001393954,3,1,2.41200418186,0.804001393954,-0.031103344695,0.0378877116255
1,1,0.804001393954,0.804001393954,3,2,2.41200418186,1.60800278791,-0.0113879727051,-0.00553889135111
1,1,0.804001393954,0.804001393954,3,3,2.41200418186,2.41200418186,0.00504393926351,-0.0104614967218
1,1,0.804001393954,0.804001393954,3,4,2.41200418186,3.21600557581,-0.0217846153499,0.00259226807916
1,1,0.804001393954,0.804001393954,4,-4,3.21600557581,-3.21600557581,-0.0289688582865,-0.0190524175703
1,1,0.804001393954,0.804001393954,4,-3,3.21600557581,-2.41200418186,0.00317724512061,-0.000600030009448
1,1,0.804001393954,0.804001393954,4,-2,3.21600557581,-1.60800278791,-0.0318273697218,0.00272494870084
1,1,0.804001393954,0.804001393954,4,-1,3.21600557581,-0.804001393954,-0.00400793567878,-0.0136556795736
1,1,0.804001393954,0.804001393954,4,0,3.21600557581,0,-0.00609564355161,-0.0275938025217
1,1,0.804001393954,0.804001393954,4,1,3.21600557581,0.804001393954,0.00362774035419,0.0117606888735
1,1,0.804001393954,0.804001393954,4,2,3.21600557581,1.60800278791,-0.0159655162329,-0.0199213935383
1,1,0.804001393954,0.804001393954,4,3,3.21600557581,2.41200418186,0.0166509020898,-0.0107069367951
1,1,0.804001393954,0.804001393954,4,4,3.21600557581,3.21600557581,-0.00369655324634,0.0186399730663
1,2,0.804001393954,1.60800278791,-4,-4,-3.21600557581,-3.21600557581,-0.00572199181955,0.00584236788509
1,2,0.804001393954,1.60800278791,-4,-3,-3.21600557581,-2.41200418186,-0.0131040329018,0.00218232243901
1,2,0.804001393954,1.60800278791,-4,-2,-3.21600557581,-1.60800278791,-0.016655021193,-0.0139341918461
1,2,0.804001393954,1.60800278791,-4,-1,-3.21600557581,-0.804001393954,0.0163356563526,0.0206778900344
1,2,0.804001393954,1.60800278791,-4,0,-3.21600557581,0,0.00645094217791,0.00827698283668
1,2,0.804001393954,1.60800278791,-4,1,-3.21600557581,0.804001393954,-0.00143005459927,-0.01432245216
1,2,0.804001393954,1.60800278791,-4,2,-3.21600557581,1.60800278791,-0.0163104685649,0.00606355362232
1,2,0.804001393954,1.60800278791,-4,3,-3.21600557581,2.41200418186,0.00121981062131,0.00430593797613
1,2,0.804001393954,1.60800278791,-4,4,-3.21600557581,3.21600557581,-0.0144714257287,0.015447115252
1,2,0.804001393954,1.60800278791,-3,-4,-2.41200418186,-3.21600557581,-0.000958717474275,0.00629565669696
1,2,0.804001393954,1.60800278791,-3,-3,-2.41200418186,-2.41200418186,0.00508979178524,-0.00167693324534
1,2,0.804001393954,1.60800278791,-3,-2,-2.41200418186,-1.60800278791,-0.00774578752457,-0.00698506030641
1,2,0.804001393954,1.60800278791,-3,-1,-2.41200418186,-0.804001393954,-0.0134940242,0.00390264201894
1,2,0.804001393954,1.60800278791,-3,0,-2.41200418186,0,-0.0105357477579,-0.000286028006344
1,2,0.804001393954,1.60800278791,-3,1,-2.41200418186,0.804001393954,0.00256726192304,0.0178580084178
1,2,0.804001393954,1.60800278791,-3,2,-2.41200418186,1.60800278791,-0.00177635270711,-0.0146995405212
1,2,0.804001393954,1.60800278791,-3,3,-2.41200418186,2.41200418186,-0.00951694068999,-0.018911399911
1,2,0.804001393954,1.60800278791,-3,4,-2.41200418186,3.21600557581,-0.00510694208888,0.0115552558019
1,2,0.804001393954,1.60800278791,-2,-4,-1.60800278791,-3.21600557581,-0.000180615324136,0.00769066587612
1,2,0.804001393954,1.60800278791,-2,-3,-1.60800278791,-2.41200418186,0.00520802001818,-0.00129279922984
1,2,0.804001393954,1.60800278791,-2,-2,-1.60800278791,-1.60800278791,-0.0314290251016,-0.00650094296529
1,2,0.804001393954,1.60800278791,-2,-1,-1.60800278791,-0.804001393954,0.002853895648,-0.0135142940088
1,2,0.804001393954,1.60800278791,-2,0,-1.60800278791,0,0.0226385154088,-0.00132680611837
1,2,0.804001393954,1.60800278791,-2,1,-1.60800278791,0.804001393954,-0.0137903048794,0.0151667895065
1,2,0.804001393954,1.60800278791,-2,2,-1.60800278791,1.60800278791,0.00882506656802,-0.00790100507118
1,2,0.804001393954,1.60800278791,-2,3,-1.60800278791,2.41200418186,-0.0028816838263,0.0228658447637
1,2,0.804001393954,1.60800278791,-2,4,-1.60800278791,3.21600557581,-9.72765385646e-05,0.0101942469922
1,2,0.804001393954,1.60800278791,-1,-4,-0.804001393954,-3.21600557581,-0.00665284930142,-0.000464162274738
1,2,0.804001393954,1.60800278791,-1,-3,-0.804001393954,-2.41200418186,-0.0066940859491,0.000927900163423
1,2,0.804001393954,1.60800278791,-1,-2,-0.804001393954,-1.60800278791,0.0255209375632,0.0114452345124
1,2,0.804001393954,1.60800278791,-1,-1,-0.804001393954,-0.804001393954,-0.0106852607328,-0.00670552802964
1,2,0.804001393954,1.60800278791,-1,0,-0.804001393954,0,0.000443416698007,0.0176887997239
1,2,0.804001393954,1.60800278791,-1,1,-0.804001393954,0.804001393954,-0.00772648676602,0.00378997729696
1,2,0.804001393954,1.60800278791,-1,2,-0.804001393954,1.60800278791,-0.0331581466748,-0.0251238318269
1,2,0.804001393954,1.60800278791,-1,3,-0.804001393954,2.41200418186,-0.00784273270772,0.00510843992386
1,2,0.804001393954,1.60800278791,-1,4,-0.804001393954,3.21600557581,-0.00837338950389,0.00360127532404
1,2,0.804001393954,1.60800278791,0,-4,0,-3.21600557581,-0.00850803454458,0.00886705702557
1,2,0.804001393954,1.60800278791,0,-3,0,-2.41200418186,0.00887753336287,-0.012700500974
1,2,0.804001393954,1.60800278791,0,-2,0,-1.60800278791,0.00331162042107,0.000879679392985
1,2,0.804001393954,1.60800278791,0,-1,0,-0.804001393954,-0.0452024546596,0.0136015632574
1,2,0.804001393954,1.60800278791,0,0,0,0,-0.014472163481,0.068845024886
1,2,0.804001393954,1.60800278791,0,1,0,0.804001393954,-0.0332758780708,-0.0356244880464
1,2,0.804001393954,1.60800278791,0,2,0,1.60800278791,0.00259607546739,-0.00011936464659
1,2,0.804001393954,1.60800278791,0,3,0,2.41200418186,-0.0201611652246,-0.000901757721227
1,2,0.804001393954,1.60800278791,0,4,0,3.21600557581,0.00461198215873,0.00521277325726
1,2,0.804001393954,1.60800278791,1,-4,0.804001393954,-3.21600557581,-0.00901332833492,0.0109332589109
1,2,0.804001393954,1.60800278791,1,-3,0.804001393954,-2.41200418186,-0.0143879887239,-0.00425931430984
1,2,0.804001393954,1.60800278791,1,-2,0.804001393954,-1.60800278791,0.0270526682336,-0.00146918788107
1,2,0.804001393954,1.60800278791,1,-1,0.804001393954,-0.804001393954,-0.0139925189879,0.0178803381655
1,2,0.804001393954,1.60800278791,1,0,0.804001393954,0,-0.0175784507313,0.0411008690007
1,2,0.804001393954,1.60800278791,1,1,0.804001393954,0.804001393954,0.0120116530921,0.00560328973357
1,2,0.804001393954,1.60800278791,1,2,0.804001393954,1.60800278791,0.262393115875,0
1,2,0.804001393954,1.60800278791,1,3,0.804001393954,2.41200418186,0.000969631860645,0.00109785460789
1,2,0.804001393954,1.60800278791,1,4,0.804001393954,3.21600557581,-0.00322137500151,-0.0169716370369
1,2,0.804001393954,1.60800278791,2,-4,1.60800278791,-3.21600557581,0.00366063295178,-0.00174937586846
1,2,0.804001393954,1.60800278791,2,-3,1.60800278791,-2.41200418186,-0.00199742934645,-0.00423402007784
1,2,0.804001393954,1.60800278791,2,-2,1.60800278791,-1.60800278791,-0.000282935040987,-0.014854728529
1,2,0.804001393954,1.60800278791,2,-1,1.60800278791,-0.804001393954,0.00922831999635,0.00281115673204
1,2,0.804001393954,1.60800278791,2,0,1.60800278791,0,0.00140188260014,-0.00359038072298
1,2,0.804001393954,1.60800278791,2,1,1.60800278791,0.804001393954,-0.0250928284374,0.00366500395987
1,2,0.804001393954,1.60800278791,2,2,1.60800278791,1.60800278791,0.00498099903101,-0.00076079220093
1,2,0.804001393954,1.60800278791,2,3,1.60800278791,2.41200418186,-0.0110311635413,0.0120907962397
1,2,0.804001393954,1.60800278791,2,4,1.60800278791,3.21600557581,0.00111799700773,-0.00908761497143
1,2,0.804001393954,1.60800278791,3,-4,2.41200418186,-3.21600557581,0.00929345059194,0.00221977875853
1,2,0.804001393954,1.60800278791,3,-3,2.41200418186,-2.41200418186,0.00164577188821,-0.0102974295488
1,2,0.804001393954,1.60800278791,3,-2,2.41200418186,-1.60800278791,0.0119569753264,0.00850499804652
1,2,0.804001393954,1.60800278791,3,-1,2.41200418186,-0.804001393954,0.00329439534904,-0.00382445942371
1,2,0.804001393954,1.60800278791,3,0,2.41200418186,0,-0.00483950478011,-0.00479679018264
1,2,0.804001393954,1.60800278791,3,1,2.41200418186,0.804001393954,-0.00965102324684,-0.00158853743851
1,2,0.804001393954,1.60800278791,3,2,2.41200418186,1.60800278791,-0.0157718724125,0.0129292246697
1,2,0.804001393954,1.60800278791,3,3,2.41200418186,2.41200418186,-0.00927980452541,0.000767687350171
1,2,0.804001393954,1.60800278791,3,4,2.41200418186,3.21600557581,-0.0048460322609,-0.000619903275887
1,2,0.804001393954,1.60800278791,4,-4,3.21600557581,-3.21600557581,-0.00215292228294,-0.00919081358624
1,2,0.804001393954,1.60800278791,4,-3,3.21600557581,-2.41200418186,-0.0208031247553,-0.00615790507222
1,2,0.804001393954,1.60800278791,4,-2,3.21600557581,-1.60800278791,0.00488358963994,-0.00370374147688
1,2,0.804001393954,1.60800278791,4,-1,3.21600557581,-0.804001393954,-0.0147462212743,-0.00393442555636
1,2,0.804001393954,1.60800278791,4,0,3.21600557581,0,0.00381218837812,-0.00867049106822
1,2,0.804001393954,1.60800278791,4,1,3.21600557581,0.804001393954,-0.00354500866088,-0.00855268591588
1,2,0.804001393954,1.60800278791,4,2,3.21600557581,1.60800278791,0.00263629503685,0.0030462625283
1,2,0.804001393954,1.60800278791,4,3,3.21600557581,2.41200418186,-0.00953697033801,-0.0102423466853
1,2,0.804001393954,1.60800278791,4,4,3.21600557581,3.21600557581,0.00453275180813,-0.00142931754332
1,3,0.804001393954,2.41200418186,-4,-4,-3.21600557581,-3.21600557581,0.00337686448233,-0.00177567530594
1,3,0.804001393954,2.41200418186,-4,-3,-3.21600557581,-2.41200418186,0.00120207063765,0.0029693734979
1,3,0.804001393954,2.41200418186,-4,-2,-3.21600557581,-1.60800278791,-0.00372375405419,0.00303419924155
1,3,0.804001393954,2.41200418186,-4,-1,-3.21600557581,-0.804001393954,-0.012401916126,-0.0094613364413
1,3,0.804001393954,2.41200418186,-4,0,-3.21600557581,0,0.00510384880463,0.00751999824946
1,3,0.804001393954,2.41200418186,-4,1,-3.21600557581,0.804001393954,0.00123560701501,0.00121402752664
1,3,0.804001393954,2.41200418186,-4,2,-3.21600557581,1.60800278791,0.000113712053627,-0.00783331754292
1,3,0.804001393954,2.41200418186,-4,3,-3.21600557581,2.41200418186,-0.00536136007171,-0.00268920310383
1,3,0.804001393954,2.41200418186,-4,4,-3.21600557581,3.21600557581,-0.00415323841703,0.00266261377858
1,3,0.804001393954,2.41200418186,-3,-4,-2.41200418186,-3.21600557581,0.00710175854294,-0.00218081268605
1,3,0.804001393954,2.41200418186,-3,-3,-2.41200418186,-2.41200418186,0.00496468901331,0.00407232859085
1,3,0.804001393954,2.41200418186,-3,-2,-2.41200418186,-1.60800278791,0.00158478728007,0.000663145411334
1,3,0.804001393954,2.41200418186,-3,-1,-2.41200418186,-0.804001393954,-0.00456856851389,-0.00559428048615
1,3,0.804001393954,2.41200418186,-3,0,-2.41200418186,0,-0.00320238012624,0.00420081527626
1,3,0.804001393954,2.41200418186,-3,1,-2.41200418186,0.804001393954,-0.00343628603844,-0.00108252542157
1,3,0.804001393954,2.41200418186,-3,2,-2.41200418186,1.60800278791,0.00190346648795,0.00797822004165
1,3,0.804001393954,2.41200418186,-3,3,-2.41200418186,2.41200418186,-0.00294669184538,-0.00534601677555
1,3,0.804001393954,2.41200418186,-3,4,-2.41200418186,3.21600557581,-0.00367393515874,-0.00669475057904
1,3,0.804001393954,2.41200418186,-2,-4,-1.60800278791,-3.21600557581,-0.000200144333795,0.00275885115381
1,3,0.804001393954,2.41200418186,-2,-3,-1.60800278791,-2.41200418186,0.00175927734088,0.00159661801751
1,3,0.804001393954,2.41200418186,-2,-2,-1.60800278791,-1.60800278791,0.00266603610258,-0.00212573897997
1,3,0.804001393954,2.41200418186,-2,-1,-1.60800278791,-0.804001393954,-0.0239907036146,0.00371650249892
1,3,0.804001393954,2.41200418186,-2,0,-1.60800278791,0,-0.00179467886606,-0.0121489373153
1,3,0.804001393954,2.41200418186,-2,1,-1.60800278791,0.804001393954,0.0115680269197,0.00323391218815
1,3,0.804001393954,2.41200418186,-2,2,-1.60800278791,1.60800278791,-0.000414376857096,0.00796011945155
1,3,0.804001393954,2.41200418186,-2,3,-1.60800278791,2.41200418186,0.00326806157937,-0.00665246045994
1,3,0.804001393954,2.41200418186,-2,4,-1.60800278791,3.21600557581,0.00346741169738,0.00715845548701
1,3,0.804001393954,2.41200418186,-1,-4,-0.804001393954,-3.21600557581,-0.00119675736856,0.0059818712333
1,3,0.804001393954,2.41200418186,-1,-3,-0.804001393954,-2.41200418186,-0.00216021443404,0.00345467281129
1,3,0.804001393954,2.41200418186,-1,-2,-0.804001393954,-1.60800278791,-0.0066940859491,0.000927900163423
1,3,0.804001393954,2.41200418186,-1,-1,-0.804001393954,-0.804001393954,0.0353215774317,0.0127682264045
1,3,0.804001393954,2.41200418186,-1,0,-0.804001393954,0,-0.0241817005496,-0.000448048423561
1,3,0.804001393954,2.41200418186,-1,1,-0.804001393954,0.804001393954,0.00865828159923,0.00669407130715
1,3,0.804001393954,2.41200418186,-1,2,-0.804001393954,1.60800278791,-0.00241783683987,-0.000355027400209
1,3,0.804001393954,2.41200418186,-1,3,-0.804001393954,2.41200418186,-0.00777851499267,-0.00975270443027
1,3,0.804001393954,2.41200418186,-1,4,-0.804001393954,3.21600557581,-0.00133679783656,0.00407123041392
1,3,0.804001393954,2.41200418186,0,-4,0,-3.21600557581,0.00800440895285,0.0034369826359
1,3,0.804001393954,2.41200418186,0,-3,0,-2.41200418186,-0.00672180251965,0.00533138431124
1,3,0.804001393954,2.41200418186,0,-2,0,-1.60800278791,0.0105912672548,-0.00889203055949
1,3,0.804001393954,2.41200418186,0,-1,0,-0.804001393954,-0.00199286680556,0.00102492484797
1,3,0.804001393954,2.41200418186,0,0,0,0,-0.0901722520387,0.0330661834123
1,3,0.804001393954,2.41200418186,0,1,0,0.804001393954,0.000631340310773,0.0265803693283
1,3,0.804001393954,2.41200418186,0,2,0,1.60800278791,-0.013565621829,-0.0112493987647
1,3,0.804001393954,2.41200418186,0,3,0,2.41200418186,0.00594546558606,-0.000627784921014
1,3,0.804001393954,2.41200418186,0,4,0,3.21600557581,-0.0051484101368,-0.00214245820131
1,3,0.804001393954,2.41200418186,1,-4,0.804001393954,-3.21600557581,-0.00206088380652,-0.00536453631333
1,3,0.804001393954,2.41200418186,1,-3,0.804001393954,-2.41200418186,-0.00947560036966,0.00269898742433
1,3,0.804001393954,2.41200418186,1,-2,0.804001393954,-1.60800278791,-0.00989933530063,-0.0142560872179
1,3,0.804001393954,2.41200418186,1,-1,0.804001393954,-0.804001393954,0.0283915218183,-0.00428602444651
1,3,0.804001393954,2.41200418186,1,0,0.804001393954,0,-0.00816360699879,0.0141722664574
1,3,0.804001393954,2.41200418186,1,1,0.804001393954,0.804001393954,-0.0175554856498,0.0291363557604
1,3,0.804001393954,2.41200418186,1,2,0.804001393954,1.60800278791,0.000969631860645,-0.00109785460789
1,3,0.804001393954,2.41200418186,1,3,0.804001393954,2.41200418186,0.0815350450768,0
1,3,0.804001393954,2.41200418186,1,4,0.804001393954,3.21600557581,0.000670974154033,8.50009731397e-05
1,3,0.804001393954,2.41200418186,2,-4,1.60800278791,-3.21600557581,-0.000642965515577,-0.00142946827301
1,3,0.804001393954,2.41200418186,2,-3,1.60800278791,-2.41200418186,0.000279871998615,0.00203970297016
1,3,0.804001393954,2.41200418186,2,-2,1.60800278791,-1.60800278791,-0.0027571967241,-0.00282967447111
1,3,0.804001393954,2.41200418186,2,-1,1.60800278791,-0.804001393954,0.00504198476055,-0.0090276248036
1,3,0.804001393954,2.41200418186,2,0,1.60800278791,0,0.0099918917426,0.00501555377088
1,3,0.804001393954,2.41200418186,2,1,1.60800278791,0.804001393954,0.00075615407813,-0.00366754988928
1,3,0.804001393954,2.41200418186,2,2,1.60800278791,1.60800278791,-0.00878052124694,0.00110960560469
1,3,0.804001393954,2.41200418186,2,3,1.60800278791,2.41200418186,0.00364877286913,-0.000451899346206
1,3,0.804001393954,2.41200418186,2,4,1.60800278791,3.21600557581,0.00201646206556,0.00186375339187
1,3,0.804001393954,2.41200418186,3,-4,2.41200418186,-3.21600557581,0.0072796721138,0.00505199298143
1,3,0.804001393954,2.41200418186,3,-3,2.41200418186,-2.41200418186,0.00210187514479,0.00250191863226
1,3,0.804001393954,2.41200418186,3,-2,2.41200418186,-1.60800278791,0.00450602502855,0.000473727440381
1,3,0.804001393954,2.41200418186,3,-1,2.41200418186,-0.804001393954,0.00777643542895,0.00614581093754
1,3,0.804001393954,2.41200418186,3,0,2.41200418186,0,-0.000122487627929,-0.00297259861751
1,3,0.804001393954,2.41200418186,3,1,2.41200418186,0.804001393954,-0.00492555679343,-0.000988186513224
1,3,0.804001393954,2.41200418186,3,2,2.41200418186,1.60800278791,4.91239792684e-05,-0.00811186275007
1,3,0.804001393954,2.41200418186,3,3,2.41200418186,2.41200418186,-0.00479667925897,0.0045647989853
1,3,0.804001393954,2.41200418186,3,4,2.41200418186,3.21600557581,0.00254627663954,0.00738202337637
1,3,0.804001393954,2.41200418186,4,-4,3.21600557581,-3.21600557581,0.00503028422718,-0.00132545317782
1,3,0.804001393954,2.41200418186,4,-3,3.21600557581,-2.41200418186,-0.00384596924463,-0.00383715189566
1,3,0.804001393954,2.41200418186,4,-2,3.21600557581,-1.60800278791,-0.0118771974532,0.00349449955932
1,3,0.804001393954,2.41200418186,4,-1,3.21600557581,-0.804001393954,-0.0015488767795,0.00299061814245
1,3,0.804001393954,2.41200418186,4,0,3.21600557581,0,-0.00680889322099,-0.00301061490104
1,3,0.804001393954,2.41200418186,4,1,3.21600557581,0.804001393954,-0.00443667313645,-0.00472498026457
1,3,0.804001393954,2.41200418186,4,2,3.21600557581,1.60800278791,0.00286484278679,-0.00348108149926
1,3,0.804001393954,2.41200418186,4,3,3.21600557581,2.41200418186,0.00236495176104,0.00035737211847
1,3,0.804001393954,2.41200418186,4,4,3.21600557581,3.21600557581,-0.00575683551577,-0.008963993087
1,4,0.804001393954,3.21600557581,-4,-4,-3.21600557581,-3.21600557581,9.46793735808e-06,-0.00358480079751
1,4,0.804001393954,3.21600557581,-4,-3,-3.21600557581,-2.41200418186,0.0029849441353,-0.00669026814717
1,4,0.804001393954,3.21600557581,-4,-2,-3.21600557581,-1.60800278791,0.00275310220093,-0.000947174126791
1,4,0.804001393954,3.21600557581,-4,-1,-3.21600557581,-0.804001393954,-0.00606930585143,-0.00150838606069
1,4,0.804001393954,3.21600557581,-4,0,-3.21600557581,0,-0.00442572327555,0.00130818590821
1,4,0.804001393954,3.21600557581,-4,1,-3.21600557581,0.804001393954,0.000797336075952,0.00284607000174
1,4,0.804001393954,3.21600557581,-4,2,-3.21600557581,1.60800278791,-0.00439826845271,0.00109606367671
1,4,0.804001393954,3.21600557581,-4,3,-3.21600557581,2.41200418186,0.00145673579819,-0.00266142967494
1,4,0.804001393954,3.21600557581,-4,4,-3.21600557581,3.21600557581,-0.00494031872648,-0.000837443421674
1,4,0.804001393954,3.21600557581,-3,-4,-2.41200418186,-3.21600557581,-0.00053458002284,0.000902394160321
1,4,0.804001393954,3.21600557581,-3,-3,-2.41200418186,-2.41200418186,0.000434357776658,0.00431060377656
1,4,0.804001393954,3.21600557581,-3,-2,-2.41200418186,-1.60800278791,0.00242653652359,0.00170856228464
1,4,0.804001393954,3.21600557581,-3,-1,-2.41200418186,-0.804001393954,0.00331477313389,-0.00122267036478
1,4,0.804001393954,3.21600557581,-3,0,-2.41200418186,0,-0.00294736590366,-0.0037317557698
1,4,0.804001393954,3.21600557581,-3,1,-2.41200418186,0.804001393954,0.00127680418057,0.000684748409299
1,4,0.804001393954,3.21600557581,-3,2,-2.41200418186,1.60800278791,0.00194870005185,-2.36781795709e-05
1,4,0.804001393954,3.21600557581,-3,3,-2.41200418186,2.41200418186,-0.000520635143091,-0.00177482727957
1,4,0.804001393954,3.21600557581,-3,4,-2.41200418186,3.21600557581,-0.00199481327146,-0.00130124254582
1,4,0.804001393954,3.21600557581,-2,-4,-1.60800278791,-3.21600557581,0.0023775036058,0.000762777963854
1,4,0.804001393954,3.21600557581,-2,-3,-1.60800278791,-2.41200418186,0.000331476342145,0.0033335956261
1,4,0.804001393954,3.21600557581,-2,-2,-1.60800278791,-1.60800278791,0.000471548246521,-0.00104340238996
1,4,0.804001393954,3.21600557581,-2,-1,-1.60800278791,-0.804001393954,0.00578363638612,-0.00756726516067
1,4,0.804001393954,3.21600557581,-2,0,-1.60800278791,0,-0.0208838745496,-0.000456147597291
1,4,0.804001393954,3.21600557581,-2,1,-1.60800278791,0.804001393954,-0.00189426317725,-0.00251583255931
1,4,0.804001393954,3.21600557581,-2,2,-1.60800278791,1.60800278791,0.000596098862929,0.000916771660306
1,4,0.804001393954,3.21600557581,-2,3,-1.60800278791,2.41200418186,-0.000956524284304,0.00590208284581
1,4,0.804001393954,3.21600557581,-2,4,-1.60800278791,3.21600557581,0.00347832847325,0.000126537497045
1,4,0.804001393954,3.21600557581,-1,-4,-0.804001393954,-3.21600557581,-0.0014519473017,-0.00885444183171
1,4,0.804001393954,3.21600557581,-1,-3,-0.804001393954,-2.41200418186,-0.00119675736856,0.0059818712333
1,4,0.804001393954,3.21600557581,-1,-2,-0.804001393954,-1.60800278791,-0.00665284930142,-0.000464162274738
1,4,0.804001393954,3.21600557581,-1,-1,-0.804001393954,-0.804001393954,-0.00685828340072,-0.00616566513365
1,4,0.804001393954,3.21600557581,-1,0,-0.804001393954,0,0.0330464110687,0.013623958594
1,4,0.804001393954,3.21600557581,-1,1,-0.804001393954,0.804001393954,-0.0160072340437,-0.00409533276188
1,4,0.804001393954,3.21600557581,-1,2,-0.804001393954,1.60800278791,-0.00616737022178,0.0025360938444
1,4,0.804001393954,3.21600557581,-1,3,-0.804001393954,2.41200418186,-0.0012259581276,0.00451236403226
1,4,0.804001393954,3.21600557581,-1,4,-0.804001393954,3.21600557581,-0.00095660802332,-0.00205498537258
1,4,0.804001393954,3.21600557581,0,-4,0,-3.21600557581,-0.00106415697122,-0.00207703937929
1,4,0.804001393954,3.21600557581,0,-3,0,-2.41200418186,0.00900001824421,0.0046182599415
1,4,0.804001393954,3.21600557581,0,-2,0,-1.60800278791,-0.00942513329318,0.0147833145756
1,4,0.804001393954,3.21600557581,0,-1,0,-0.804001393954,0.0227528399133,-0.0177175682544
1,4,0.804001393954,3.21600557581,0,0,0,0,-0.010756946376,0.0197343069435
1,4,0.804001393954,3.21600557581,0,1,0,0.804001393954,-0.0252368245956,0.0111605270915
1,4,0.804001393954,3.21600557581,0,2,0,1.60800278791,-0.000319368898921,0.00760031346424
1,4,0.804001393954,3.21600557581,0,3,0,2.41200418186,-0.00472216562171,-0.00805410458338
1,4,0.804001393954,3.21600557581,0,4,0,3.21600557581,0.00125301884444,0.000261772825469
1,4,0.804001393954,3.21600557581,1,-4,0.804001393954,-3.21600557581,0.00582911023024,-6.73879981786e-05
1,4,0.804001393954,3.21600557581,1,-3,0.804001393954,-2.41200418186,-0.00039914410779,-0.00466617915678
1,4,0.804001393954,3.21600557581,1,-2,0.804001393954,-1.60800278791,-0.0109050811244,0.0101815918267
1,4,0.804001393954,3.21600557581,1,-1,0.804001393954,-0.804001393954,-0.0184376046015,-0.00393324633128
1,4,0.804001393954,3.21600557581,1,0,0.804001393954,0,0.0266617689963,-0.00654230534544
1,4,0.804001393954,3.21600557581,1,1,0.804001393954,0.804001393954,-0.00730516577378,0.0127538149681
1,4,0.804001393954,3.21600557581,1,2,0.804001393954,1.60800278791,-0.00322137500151,0.0169716370369
1,4,0.804001393954,3.21600557581,1,3,0.804001393954,2.41200418186,0.000670974154033,-8.50009731397e-05
1,4,0.804001393954,3.21600557581,1,4,0.804001393954,3.21600557581,0.00922245489216,0
1,4,0.804001393954,3.21600557581,2,-4,1.60800278791,-3.21600557581,0.00191263736012,-0.000637695592769
1,4,0.804001393954,3.21600557581,2,-3,1.60800278791,-2.41200418186,0.00239357513385,-0.00317765800404
1,4,0.804001393954,3.21600557581,2,-2,1.60800278791,-1.60800278791,-0.0023144353896,-0.00268829210326
1,4,0.804001393954,3.21600557581,2,-1,1.60800278791,-0.804001393954,0.000870076542904,-0.0018010300516
1,4,0.804001393954,3.21600557581,2,0,1.60800278791,0,0.00156202292804,-0.00984903553805
1,4,0.804001393954,3.21600557581,2,1,1.60800278791,0.804001393954,0.00360452231462,0.00628731541961
1,4,0.804001393954,3.21600557581,2,2,1.60800278791,1.60800278791,-5.9881098419e-05,-0.00188300739348
1,4,0.804001393954,3.21600557581,2,3,1.60800278791,2.41200418186,-0.00186996432608,0.00321321741191
1,4,0.804001393954,3.21600557581,2,4,1.60800278791,3.21600557581,-0.00141388696227,0.00438175737242
1,4,0.804001393954,3.21600557581,3,-4,2.41200418186,-3.21600557581,-0.00150027844566,-0.00248682588784
1,4,0.804001393954,3.21600557581,3,-3,2.41200418186,-2.41200418186,0.00549759999581,-0.000864222520017
1,4,0.804001393954,3.21600557581,3,-2,2.41200418186,-1.60800278791,0.00120437303305,0.00637117509042
1,4,0.804001393954,3.21600557581,3,-1,2.41200418186,-0.804001393954,0.00611638675003,-0.00324574974136
1,4,0.804001393954,3.21600557581,3,0,2.41200418186,0,0.00133661293738,0.00719217646021
1,4,0.804001393954,3.21600557581,3,1,2.41200418186,0.804001393954,0.000922208420907,-0.000348358334552
1,4,0.804001393954,3.21600557581,3,2,2.41200418186,1.60800278791,-0.00332951785172,0.00122732879328
1,4,0.804001393954,3.21600557581,3,3,2.41200418186,2.41200418186,-6.15527223499e-05,-0.0039305741004
1,4,0.804001393954,3.21600557581,3,4,2.41200418186,3.21600557581,0.00149260968344,-0.00103700272415
1,4,0.804001393954,3.21600557581,4,-4,3.21600557581,-3.21600557581,0.00166871038188,-0.000787673080145
1,4,0.804001393954,3.21600557581,4,-3,3.21600557581,-2.41200418186,-0.00369819152703,0.00144558194047
1,4,0.804001393954,3.21600557581,4,-2,3.21600557581,-1.60800278791,0.00244342814427,-0.000266302130703
1,4,0.804001393954,3.21600557581,4,-1,3.21600557581,-0.804001393954,-0.00471328158451,0.000528999974905
1,4,0.804001393954,3.21600557581,4,0,3.21600557581,0,0.000887004288037,-0.00188429633832
1,4,0.804001393954,3.21600557581,4,1,3.21600557581,0.804001393954,-0.00324059614857,0.00101752951521
1,4,0.804001393954,3.21600557581,4,2,3.21600557581,1.60800278791,-0.00340532441174,-0.000542551935247
1,4,0.804001393954,3.21600557581,4,3,3.21600557581,2.41200418186,-0.000784096644213,-0.0048351899481
1,4,0.804001393954,3.21600557581,4,4,3.21600557581,3.21600557581,-0.0012316420035,0.00490919874137
2,-4,1.60800278791,-3.21600557581,-4,-4,-3.21600557581,-3.21600557581,-0.00268606358635,3.89971785183e-06
2,-4,1.60800278791,-3.21600557581,-4,-3,-3.21600557581,-2.41200418186,-0.00199831386145,-0.0039214121984
2,-4,1.60800278791,-3.21600557581,-4,-2,-3.21600557581,-1.60800278791,-0.000573922649111,-0.000750335001912
2,-4,1.60800278791,-3.21600557581,-4,-1,-3.21600557581,-0.804001393954,0.00205292630239,0.0024872615737
2,-4,1.60800278791,-3.21600557581,-4,0,-3.21600557581,0,0.00279545791849,0.00321449132437
2,-4,1.60800278791,-3.21600557581,-4,1,-3.21600557581,0.804001393954,0.00349478014795,0.00336325443689
2,-4,1.60800278791,-3.21600557581,-4,2,-3.21600557581,1.60800278791,-0.00257568539889,0.00407043355973
2,-4,1.60800278791,-3.21600557581,-4,3,-3.21600557581,2.41200418186,-0.00462106540684,0.000155464667032
2,-4,1.60800278791,-3.21600557581,-4,4,-3.21600557581,3.21600557581,0.00115975562329,-0.00288408303444
2,-4,1.60800278791,-3.21600557581,-3,-4,-2.41200418186,-3.21600557581,0.00301791534609,0.00292269884902
2,-4,1.60800278791,-3.21600557581,-3,-3,-2.41200418186,-2.41200418186,-0.00492629123533,0.00117077509552
2,-4,1.60800278791,-3.21600557581,-3,-2,-2.41200418186,-1.60800278791,-0.000828131270868,0.00255910004517
2,-4,1.60800278791,-3.21600557581,-3,-1,-2.41200418186,-0.804001393954,0.00235526858843,0.000154905165889
2,-4,1.60800278791,-3.21600557581,-3,0,-2.41200418186,0,-0.00417988316,-0.00542446710987
2,-4,1.60800278791,-3.21600557581,-3,1,-2.41200418186,0.804001393954,0.00177127171154,0.00831843678654
2,-4,1.60800278791,-3.21600557581,-3,2,-2.41200418186,1.60800278791,0.00012753624396,-0.00315870002184
2,-4,1.60800278791,-3.21600557581,-3,3,-2.41200418186,2.41200418186,-0.00127246460744,-0.00184829160345
2,-4,1.60800278791,-3.21600557581,-3,4,-2.41200418186,3.21600557581,-0.00124262658267,-0.00457748847586
2,-4,1.60800278791,-3.21600557581,-2,-4,-1.60800278791,-3.21600557581,0.00114233585953,0.00113813406503
2,-4,1.60800278791,-3.21600557581,-2,-3,-1.60800278791,-2.41200418186,-0.00197017261135,-0.000127968281698
2,-4,1.60800278791,-3.21600557581,-2,-2,-1.60800278791,-1.60800278791,-0.00183122836265,0.00354902715485
2,-4,1.60800278791,-3.21600557581,-2,-1,-1.60800278791,-0.804001393954,0.00918223537614,-0.0016188408335
2,-4,1.60800278791,-3.21600557581,-2,0,-1.60800278791,0,0.00425598955059,0.0161320300886
2,-4,1.60800278791,-3.21600557581,-2,1,-1.60800278791,0.804001393954,0.00330964206785,0.00409606687648
2,-4,1.60800278791,-3.21600557581,-2,2,-1.60800278791,1.60800278791,-0.00385804515404,-0.00409248541362
2,-4,1.60800278791,-3.21600557581,-2,3,-1.60800278791,2.41200418186,-0.00481874555286,0.00611814057785
2,-4,1.60800278791,-3.21600557581,-2,4,-1.60800278791,3.21600557581,-0.00136998509138,-0.00010226311005
2,-4,1.60800278791,-3.21600557581,-1,-4,-0.804001393954,-3.21600557581,0.00347832847325,0.000126537497045
2,-4,1.60800278791,-3.21600557581,-1,-3,-0.804001393954,-2.41200418186,0.00346741169738,0.00715845548701
2,-4,1.60800278791,-3.21600557581,-1,-2,-0.804001393954,-1.60800278791,-9.72765385646e-05,0.0101942469922
2,-4,1.60800278791,-3.21600557581,-1,-1,-0.804001393954,-0.804001393954,-0.030499854004,0.00185127954848
2,-4,1.60800278791,-3.21600557581,-1,0,-0.804001393954,0,0.0162200230974,0.00154361819345
2,-4,1.60800278791,-3.21600557581,-1,1,-0.804001393954,0.804001393954,-0.0360194406692,0.0145950878842
2,-4,1.60800278791,-3.21600557581,-1,2,-0.804001393954,1.60800278791,1.30715015678e-05,0.0117921724853
2,-4,1.60800278791,-3.21600557581,-1,3,-0.804001393954,2.41200418186,0.00526455105323,0.00316272671091
2,-4,1.60800278791,-3.21600557581,-1,4,-0.804001393954,3.21600557581,0.00179540284925,-0.00543145851583
2,-4,1.60800278791,-3.21600557581,0,-4,0,-3.21600557581,-0.000552952274929,-0.00491620331771
2,-4,1.60800278791,-3.21600557581,0,-3,0,-2.41200418186,0.00226955750871,-0.000587152968722
2,-4,1.60800278791,-3.21600557581,0,-2,0,-1.60800278791,-0.00643768258949,0.00492545378789
2,-4,1.60800278791,-3.21600557581,0,-1,0,-0.804001393954,-0.000175363013218,-0.0147361742379
2,-4,1.60800278791,-3.21600557581,0,0,0,0,0.0342953341841,-0.0151425753659
2,-4,1.60800278791,-3.21600557581,0,1,0,0.804001393954,-0.00728242031144,0.0133070163303
2,-4,1.60800278791,-3.21600557581,0,2,0,1.60800278791,0.00942464048058,-0.00289212294969
2,-4,1.60800278791,-3.21600557581,0,3,0,2.41200418186,0.0005383828587,-0.00407945659722
2,-4,1.60800278791,-3.21600557581,0,4,0,3.21600557581,-0.00279751018857,0.00286752622404
2,-4,1.60800278791,-3.21600557581,1,-4,0.804001393954,-3.21600557581,-0.00431330840572,0.000504878330393
2,-4,1.60800278791,-3.21600557581,1,-3,0.804001393954,-2.41200418186,-9.71358095069e-05,0.00187900888396
2,-4,1.60800278791,-3.21600557581,1,-2,0.804001393954,-1.60800278791,-0.000962480766435,0.00473836807171
2,-4,1.60800278791,-3.21600557581,1,-1,0.804001393954,-0.804001393954,0.000591427672213,-0.0059263848346
2,-4,1.60800278791,-3.21600557581,1,0,0.804001393954,0,-0.0083020093613,0.0201158381068
2,-4,1.60800278791,-3.21600557581,1,1,0.804001393954,0.804001393954,-0.0053660565257,0.00459175299522
2,-4,1.60800278791,-3.21600557581,1,2,0.804001393954,1.60800278791,0.00366063295178,0.00174937586846
2,-4,1.60800278791,-3.21600557581,1,3,0.804001393954,2.41200418186,-0.000642965515577,0.00142946827301
2,-4,1.60800278791,-3.21600557581,1,4,0.804001393954,3.21600557581,0.00191263736012,0.000637695592769
2,-4,1.60800278791,-3.21600557581,2,-4,1.60800278791,-3.21600557581,0.00325456363394,0
2,-4,1.60800278791,-3.21600557581,2,-3,1.60800278791,-2.41200418186,0.00306317503115,-0.00672062371194
2,-4,1.60800278791,-3.21600557581,2,-2,1.60800278791,-1.60800278791,0.00127831078964,-0.00478771990046
2,-4,1.60800278791,-3.21600557581,2,-1,1.60800278791,-0.804001393954,-0.000354954603321,-0.00180070719932
2,-4,1.60800278791,-3.21600557581,2,0,1.60800278791,0,0.0119434231077,-0.00497938893519
2,-4,1.60800278791,-3.21600557581,2,1,1.60800278791,0.804001393954,-0.00719987866284,-0.00571717954148
2,-4,1.60800278791,-3.21600557581,2,2,1.60800278791,1.60800278791,-0.00653214920358,-0.00556266011723
2,-4,1.60800278791,-3.21600557581,2,3,1.60800278791,2.41200418186,-0.000226776270652,0.00310202891369
2,-4,1.60800278791,-3.21600557581,2,4,1.60800278791,3.21600557581,-0.00435534697633,0.000443907475307
2,-4,1.60800278791,-3.21600557581,3,-4,2.41200418186,-3.21600557581,-0.000443700692189,-0.00402099070481
2,-4,1.60800278791,-3.21600557581,3,-3,2.41200418186,-2.41200418186,-0.000190588582973,0.000722771549552
2,-4,1.60800278791,-3.21600557581,3,-2,2.41200418186,-1.60800278791,0.00241087606812,0.0014602759725
2,-4,1.60800278791,-3.21600557581,3,-1,2.41200418186,-0.804001393954,-0.00342923801453,-0.00445387989456
2,-4,1.60800278791,-3.21600557581,3,0,2.41200418186,0,-0.000804350053421,0.00279745941149
2,-4,1.60800278791,-3.21600557581,3,1,2.41200418186,0.804001393954,0.00532670064822,-0.000402628305554
2,-4,1.60800278791,-3.21600557581,3,2,2.41200418186,1.60800278791,0.00144740972753,0.00365710028681
2,-4,1.60800278791,-3.21600557581,3,3,2.41200418186,2.41200418186,0.00211075582452,-0.00352708216941
2,-4,1.60800278791,-3.21600557581,3,4,2.41200418186,3.21600557581,-0.0022277608903,0.000699695111783
2,-4,1.60800278791,-3.21600557581,4,-4,3.21600557581,-3.21600557581,-0.000445110840915,-0.0022231086714
2,-4,1.60800278791,-3.21600557581,4,-3,3.21600557581,-2.41200418186,0.00224280813199,-0.00230390372616
2,-4,1.60800278791,-3.21600557581,4,-2,3.21600557581,-1.60800278791,0.00124885852379,-0.000247490639857
2,-4,1.60800278791,-3.21600557581,4,-1,3.21600557581,-0.804001393954,0.00248535454058,2.87934161394e-06
2,-4,1.60800278791,-3.21600557581,4,0,3.21600557581,0,0.00336147685129,0.00200445719844
2,-4,1.60800278791,-3.21600557581,4,1,3.21600557581,0.804001393954,0.00246129571478,0.00117064921198
2,-4,1.60800278791,-3.21600557581,4,2,3.21600557581,1.60800278791,-0.00383138041626,0.00404113764852
2,-4,1.60800278791,-3.21600557581,4,3,3.21600557581,2.41200418186,0.00230836164457,-0.00408968571935
2,-4,1.60800278791,-3.21600557581,4,4,3.21600557581,3.21600557581,0.00311602014185,-0.00111087561731
2,-3,1.60800278791,-2.41200418186,-4,-4,-3.21600557581,-3.21600557581,0.00194515576664,-0.00333753329519
2,-3,1.60800278791,-2.41200418186,-4,-3,-3.21600557581,-2.41200418186,0.00146835885921,0.000906548131303
2,-3,1.60800278791,-2.41200418186,-4,-2,-3.21600557581,-1.60800278791,0.00221193138749,-0.000867368426755
2,-3,1.60800278791,-2.41200418186,-4,-1,-3.21600557581,-0.804001393954,-0.000778091086708,-0.00457307707238
2,-3,1.60800278791,-2.41200418186,-4,0,-3.21600557581,0,0.00235994529028,-0.00378385635229
2,-3,1.60800278791,-2.41200418186,-4,1,-3.21600557581,0.804001393954,-0.000455982158668,-0.00117058991436
2,-3,1.60800278791,-2.41200418186,-4,2,-3.21600557581,1.60800278791,0.00668948696181,-0.00444110499635
2,-3,1.60800278791,-2.41200418186,-4,3,-3.21600557581,2.41200418186,-0.00548960618979,-0.0045616080413
2,-3,1.60800278791,-2.41200418186,-4,4,-3.21600557581,3.21600557581,-0.00462658064857,0.00120511725438
2,-3,1.60800278791,-2.41200418186,-3,-4,-2.41200418186,-3.21600557581,0.00117646659602,-5.16312883226e-05
2,-3,1.60800278791,-2.41200418186,-3,-3,-2.41200418186,-2.41200418186,-0.000592369922346,-0.00403009999681
2,-3,1.60800278791,-2.41200418186,-3,-2,-2.41200418186,-1.60800278791,0.00014476421062,-0.00494334815746
2,-3,1.60800278791,-2.41200418186,-3,-1,-2.41200418186,-0.804001393954,-0.00356263143471,0.00186275929013
2,-3,1.60800278791,-2.41200418186,-3,0,-2.41200418186,0,-0.00239369096688,-0.00527492250174
2,-3,1.60800278791,-2.41200418186,-3,1,-2.41200418186,0.804001393954,-0.0022081962726,-0.00460438704096
2,-3,1.60800278791,-2.41200418186,-3,2,-2.41200418186,1.60800278791,0.00155459196707,0.00963174280236
2,-3,1.60800278791,-2.41200418186,-3,3,-2.41200418186,2.41200418186,0.000359199426796,-0.000521463740477
2,-3,1.60800278791,-2.41200418186,-3,4,-2.41200418186,3.21600557581,-0.00201138900988,-0.00676259788114
2,-3,1.60800278791,-2.41200418186,-2,-4,-1.60800278791,-3.21600557581,-0.00310933528195,0.00539253538676
2,-3,1.60800278791,-2.41200418186,-2,-3,-1.60800278791,-2.41200418186,-0.0021186171356,-0.00528925310854
2,-3,1.60800278791,-2.41200418186,-2,-2,-1.60800278791,-1.60800278791,-0.00317494453012,-0.00688201695432
2,-3,1.60800278791,-2.41200418186,-2,-1,-1.60800278791,-0.804001393954,-0.00419771122843,0.0116444773838
2,-3,1.60800278791,-2.41200418186,-2,0,-1.60800278791,0,0.00978948260738,-0.002939021099
2,-3,1.60800278791,-2.41200418186,-2,1,-1.60800278791,0.804001393954,-0.000941960483142,0.0102284992998
2,-3,1.60800278791,-2.41200418186,-2,2,-1.60800278791,1.60800278791,-0.0011928845238,0.00154144236081
2,-3,1.60800278791,-2.41200418186,-2,3,-1.60800278791,2.41200418186,-0.000412241434327,-0.00301958155873
2,-3,1.60800278791,-2.41200418186,-2,4,-1.60800278791,3.21600557581,-0.00481874555286,0.00611814057785
2,-3,1.60800278791,-2.41200418186,-1,-4,-0.804001393954,-3.21600557581,-0.000956524284304,0.00590208284581
2,-3,1.60800278791,-2.41200418186,-1,-3,-0.804001393954,-2.41200418186,0.00326806157937,-0.00665246045994
2,-3,1.60800278791,-2.41200418186,-1,-2,-0.804001393954,-1.60800278791,-0.0028816838263,0.0228658447637
2,-3,1.60800278791,-2.41200418186,-1,-1,-0.804001393954,-0.804001393954,-0.00549913751119,0.0225900051204
2,-3,1.60800278791,-2.41200418186,-1,0,-0.804001393954,0,-0.0398805792188,0.0114998242581
2,-3,1.60800278791,-2.41200418186,-1,1,-0.804001393954,0.804001393954,0.00393279254046,0.00174646395098
2,-3,1.60800278791,-2.41200418186,-1,2,-0.804001393954,1.60800278791,-0.0172998523093,0.00249921771487
2,-3,1.60800278791,-2.41200418186,-1,3,-0.804001393954,2.41200418186,-0.000610604536441,0.00702700064966
2,-3,1.60800278791,-2.41200418186,-1,4,-0.804001393954,3.21600557581,0.0011905775381,0.0011755494469
2,-3,1.60800278791,-2.41200418186,0,-4,0,-3.21600557581,0.000947404053516,0.00158438921117
2,-3,1.60800278791,-2.41200418186,0,-3,0,-2.41200418186,-0.0110063943075,6.81750708034e-05
2,-3,1.60800278791,-2.41200418186,0,-2,0,-1.60800278791,-0.0185988532639,0.00776288364727
2,-3,1.60800278791,-2.41200418186,0,-1,0,-0.804001393954,-0.0165163597307,0.0109101620364
2,-3,1.60800278791,-2.41200418186,0,0,0,0,0.00982193020579,-0.0118577417008
2,-3,1.60800278791,-2.41200418186,0,1,0,0.804001393954,0.0175775787339,0.0053306382143
2,-3,1.60800278791,-2.41200418186,0,2,0,1.60800278791,0.000643961155804,0.00978709864497
2,-3,1.60800278791,-2.41200418186,0,3,0,2.41200418186,0.00757007325071,-0.0056766752955
2,-3,1.60800278791,-2.41200418186,0,4,0,3.21600557581,0.00516407229477,-0.00370381888581
2,-3,1.60800278791,-2.41200418186,1,-4,0.804001393954,-3.21600557581,-0.00108989162457,0.00156872561079
2,-3,1.60800278791,-2.41200418186,1,-3,0.804001393954,-2.41200418186,0.000799789394879,-0.000314946609139
2,-3,1.60800278791,-2.41200418186,1,-2,0.804001393954,-1.60800278791,-0.0114932360179,-0.000459824085327
2,-3,1.60800278791,-2.41200418186,1,-1,0.804001393954,-0.804001393954,0.00647990195618,0.00445615411608
2,-3,1.60800278791,-2.41200418186,1,0,0.804001393954,0,0.00646148847345,-0.0114082843878
2,-3,1.60800278791,-2.41200418186,1,1,0.804001393954,0.804001393954,-0.0020572118307,0.0174576833739
2,-3,1.60800278791,-2.41200418186,1,2,0.804001393954,1.60800278791,-0.00199742934645,0.00423402007784
2,-3,1.60800278791,-2.41200418186,1,3,0.804001393954,2.41200418186,0.000279871998615,-0.00203970297016
2,-3,1.60800278791,-2.41200418186,1,4,0.804001393954,3.21600557581,0.00239357513385,0.00317765800404
2,-3,1.60800278791,-2.41200418186,2,-4,1.60800278791,-3.21600557581,0.00306317503115,0.00672062371194
2,-3,1.60800278791,-2.41200418186,2,-3,1.60800278791,-2.41200418186,0.0304588086733,0
2,-3,1.60800278791,-2.41200418186,2,-2,1.60800278791,-1.60800278791,0.00631941744224,-0.00659968379612
2,-3,1.60800278791,-2.41200418186,2,-1,1.60800278791,-0.804001393954,0.00281050794596,-0.0187310922657
2,-3,1.60800278791,-2.41200418186,2,0,1.60800278791,0,0.00747069850911,-0.0145860582249
2,-3,1.60800278791,-2.41200418186,2,1,1.60800278791,0.804001393954,0.0149486730265,-0.00305779191649
2,-3,1.60800278791,-2.41200418186,2,2,1.60800278791,1.60800278791,-0.00348331666636,0.000195806956626
2,-3,1.60800278791,-2.41200418186,2,3,1.60800278791,2.41200418186,-0.00279223596693,-0.00448360017082
2,-3,1.60800278791,-2.41200418186,2,4,1.60800278791,3.21600557581,-0.0025716764258,-0.00457345965874
2,-3,1.60800278791,-2.41200418186,3,-4,2.41200418186,-3.21600557581,0.00248101105529,0.000484452904184
2,-3,1.60800278791,-2.41200418186,3,-3,2.41200418186,-2.41200418186,0.00182279468009,0.00114677734968
2,-3,1.60800278791,-2.41200418186,3,-2,2.41200418186,-1.60800278791,-0.00123250530092,-0.00124783616468
2,-3,1.60800278791,-2.41200418186,3,-1,2.41200418186,-0.804001393954,0.00179772333808,0.00567995769903
2,-3,1.60800278791,-2.41200418186,3,0,2.41200418186,0,-0.0104855361529,0.00207034585412
2,-3,1.60800278791,-2.41200418186,3,1,2.41200418186,0.804001393954,0.00128435203824,-0.00207612502003
2,-3,1.60800278791,-2.41200418186,3,2,2.41200418186,1.60800278791,0.00594979777281,-0.000640222129002
2,-3,1.60800278791,-2.41200418186,3,3,2.41200418186,2.41200418186,-0.00156477966831,-0.00358899299072
2,-3,1.60800278791,-2.41200418186,3,4,2.41200418186,3.21600557581,-0.000315375239831,-0.0017430561561
2,-3,1.60800278791,-2.41200418186,4,-4,3.21600557581,-3.21600557581,-0.00177891735509,0.00183667421732
2,-3,1.60800278791,-2.41200418186,4,-3,3.21600557581,-2.41200418186,-0.00130397284593,-0.00232178673311
2,-3,1.60800278791,-2.41200418186,4,-2,3.21600557581,-1.60800278791,0.00205685271299,-0.00329724012945
2,-3,1.60800278791,-2.41200418186,4,-1,3.21600557581,-0.804001393954,-0.00414056293391,-0.000701661959604
2,-3,1.60800278791,-2.41200418186,4,0,3.21600557581,0,-0.00388161645829,-0.00539776590073
2,-3,1.60800278791,-2.41200418186,4,1,3.21600557581,0.804001393954,0.00291825719708,-0.00219886254548
2,-3,1.60800278791,-2.41200418186,4,2,3.21600557581,1.60800278791,-0.00184899594824,0.00209260322613
2,-3,1.60800278791,-2.41200418186,4,3,3.21600557581,2.41200418186,0.00168234700314,-0.0016178908121
2,-3,1.60800278791,-2.41200418186,4,4,3.21600557581,3.21600557581,0.00169160728434,-0.00323983651969
2,-2,1.60800278791,-1.60800278791,-4,-4,-3.21600557581,-3.21600557581,0.00429596872096,-0.00302930036047
2,-2,1.60800278791,-1.60800278791,-4,-3,-3.21600557581,-2.41200418186,0.00877657275571,-0.00381946886284
2,-2,1.60800278791,-1.60800278791,-4,-2,-3.21600557581,-1.60800278791,0.00971419995116,0.00337085471957
2,-2,1.60800278791,-1.60800278791,-4,-1,-3.21600557581,-0.804001393954,-0.00608059498878,0.0021140123814
2,-2,1.60800278791,-1.60800278791,-4,0,-3.21600557581,0,0.000277000592848,-0.00770495337246
2,-2,1.60800278791,-1.60800278791,-4,1,-3.21600557581,0.804001393954,0.0115087076806,-0.00391014828501
2,-2,1.60800278791,-1.60800278791,-4,2,-3.21600557581,1.60800278791,-0.00364862008537,-0.00216719675243
2,-2,1.60800278791,-1.60800278791,-4,3,-3.21600557581,2.41200418186,0.0032648565261,-0.000896514887032
2,-2,1.60800278791,-1.60800278791,-4,4,-3.21600557581,3.21600557581,-0.0109126215932,-0.0135094496281
2,-2,1.60800278791,-1.60800278791,-3,-4,-2.41200418186,-3.21600557581,-0.00226817474418,0.0039096315392
2,-2,1.60800278791,-1.60800278791,-3,-3,-2.41200418186,-2.41200418186,-0.000194988075367,-0.00706057309092
2,-2,1.60800278791,-1.60800278791,-3,-2,-2.41200418186,-1.60800278791,-0.00367776616847,-0.00546209986366
2,-2,1.60800278791,-1.60800278791,-3,-1,-2.41200418186,-0.804001393954,0.00318385774929,-0.00745009703949
2,-2,1.60800278791,-1.60800278791,-3,0,-2.41200418186,0,0.00309250095075,0.00651858315938
2,-2,1.60800278791,-1.60800278791,-3,1,-2.41200418186,0.804001393954,0.003473948768,-0.00978077791843
2,-2,1.60800278791,-1.60800278791,-3,2,-2.41200418186,1.60800278791,-0.00633525920478,-0.00665380627245
2,-2,1.60800278791,-1.60800278791,-3,3,-2.41200418186,2.41200418186,0.0051186766605,0.0154321959736
2,-2,1.60800278791,-1.60800278791,-3,4,-2.41200418186,3.21600557581,0.00346041562926,-0.00110240490207
2,-2,1.60800278791,-1.60800278791,-2,-4,-1.60800278791,-3.21600557581,-0.00395620301039,-0.00667714607243
2,-2,1.60800278791,-1.60800278791,-2,-3,-1.60800278791,-2.41200418186,-0.000433961718593,0.00282366814581
2,-2,1.60800278791,-1.60800278791,-2,-2,-1.60800278791,-1.60800278791,-0.0024370159328,-0.0137586556492
2,-2,1.60800278791,-1.60800278791,-2,-1,-1.60800278791,-0.804001393954,-0.0143904770706,-0.0200420743009
2,-2,1.60800278791,-1.60800278791,-2,0,-1.60800278791,0,-0.00184233056922,0.0208119667556
2,-2,1.60800278791,-1.60800278791,-2,1,-1.60800278791,0.804001393954,0.00910306387539,4.6559075439e-05
2,-2,1.60800278791,-1.60800278791,-2,2,-1.60800278791,1.60800278791,-0.00685444259384,0.0100432817545
2,-2,1.60800278791,-1.60800278791,-2,3,-1.60800278791,2.41200418186,-0.0011928845238,0.00154144236081
2,-2,1.60800278791,-1.60800278791,-2,4,-1.60800278791,3.21600557581,-0.00385804515404,-0.00409248541362
2,-2,1.60800278791,-1.60800278791,-1,-4,-0.804001393954,-3.21600557581,0.000596098862929,0.000916771660306
2,-2,1.60800278791,-1.60800278791,-1,-3,-0.804001393954,-2.41200418186,-0.000414376857096,0.00796011945155
2,-2,1.60800278791,-1.60800278791,-1,-2,-0.804001393954,-1.60800278791,0.00882506656802,-0.00790100507118
2,-2,1.60800278791,-1.60800278791,-1,-1,-0.804001393954,-0.804001393954,-0.0121211567,0.03540642395
2,-2,1.60800278791,-1.60800278791,-1,0,-0.804001393954,0,-0.00235724941786,0.0293083947488
2,-2,1.60800278791,-1.60800278791,-1,1,-0.804001393954,0.804001393954,-0.0264491929123,0.0119481626129
2,-2,1.60800278791,-1.60800278791,-1,2,-0.804001393954,1.60800278791,0.0134809107929,-0.00263874257506
2,-2,1.60800278791,-1.60800278791,-1,3,-0.804001393954,2.41200418186,-0.0103858029253,0.000362819664467
2,-2,1.60800278791,-1.60800278791,-1,4,-0.804001393954,3.21600557581,-0.00025509162196,0.000871172070502
2,-2,1.60800278791,-1.60800278791,0,-4,0,-3.21600557581,0.000765531099376,0.000654817018853
2,-2,1.60800278791,-1.60800278791,0,-3,0,-2.41200418186,0.0050350588848,0.00675741717093
2,-2,1.60800278791,-1.60800278791,0,-2,0,-1.60800278791,-0.027981305273,-0.0184512866673
2,-2,1.60800278791,-1.60800278791,0,-1,0,-0.804001393954,-0.0219739821576,0.00381455266228
2,-2,1.60800278791,-1.60800278791,0,0,0,0,-0.0415496869033,0.0287315772791
2,-2,1.60800278791,-1.60800278791,0,1,0,0.804001393954,0.00312330272387,-0.00716853250883
2,-2,1.60800278791,-1.60800278791,0,2,0,1.60800278791,0.0134816360646,-0.00509053657925
2,-2,1.60800278791,-1.60800278791,0,3,0,2.41200418186,0.00111566159902,0.0106062904093
2,-2,1.60800278791,-1.60800278791,0,4,0,3.21600557581,0.00874470605018,-0.00787841705756
2,-2,1.60800278791,-1.60800278791,1,-4,0.804001393954,-3.21600557581,0.00408264768176,0.00135090479346
2,-2,1.60800278791,-1.60800278791,1,-3,0.804001393954,-2.41200418186,-0.0169832842949,-0.00381253916044
2,-2,1.60800278791,-1.60800278791,1,-2,0.804001393954,-1.60800278791,0.00135295911712,0.00297833179526
2,-2,1.60800278791,-1.60800278791,1,-1,0.804001393954,-0.804001393954,-0.0306363578657,-0.00272058735645
2,-2,1.60800278791,-1.60800278791,1,0,0.804001393954,0,-0.00938843143788,0.0121501778953
2,-2,1.60800278791,-1.60800278791,1,1,0.804001393954,0.804001393954,0.0139050458206,-0.0115520860415
2,-2,1.60800278791,-1.60800278791,1,2,0.804001393954,1.60800278791,-0.000282935040987,0.014854728529
2,-2,1.60800278791,-1.60800278791,1,3,0.804001393954,2.41200418186,-0.0027571967241,0.00282967447111
2,-2,1.60800278791,-1.60800278791,1,4,0.804001393954,3.21600557581,-0.0023144353896,0.00268829210326
2,-2,1.60800278791,-1.60800278791,2,-4,1.60800278791,-3.21600557581,0.00127831078964,0.00478771990046
2,-2,1.60800278791,-1.60800278791,2,-3,1.60800278791,-2.41200418186,0.00631941744224,0.00659968379612
2,-2,1.60800278791,-1.60800278791,2,-2,1.60800278791,-1.60800278791,0.134046658823,0
2,-2,1.60800278791,-1.60800278791,2,-1,1.60800278791,-0.804001393954,0.00795856217391,-0.00880679738601
2,-2,1.60800278791,-1.60800278791,2,0,1.60800278791,0,-0.00327788501096,-0.0304947232223
2,-2,1.60800278791,-1.60800278791,2,1,1.60800278791,0.804001393954,0.00845172514207,-0.00826097406548
2,-2,1.60800278791,-1.60800278791,2,2,1.60800278791,1.60800278791,0.0197359883057,-0.000647272328512
2,-2,1.60800278791,-1.60800278791,2,3,1.60800278791,2.41200418186,-0.00751376773946,0.00117237606211
2,-2,1.60800278791,-1.60800278791,2,4,1.60800278791,3.21600557581,-0.0107395064862,-0.00654102277333
2,-2,1.60800278791,-1.60800278791,3,-4,2.41200418186,-3.21600557581,0.00958116667824,-0.00405832236655
2,-2,1.60800278791,-1.60800278791,3,-3,2.41200418186,-2.41200418186,0.00135094493374,0.00159937304904
2,-2,1.60800278791,-1.60800278791,3,-2,2.41200418186,-1.60800278791,0.00363826920565,-0.00144961837959
2,-2,1.60800278791,-1.60800278791,3,-1,2.41200418186,-0.804001393954,-0.00237681358467,0.000714284617741
2,-2,1.60800278791,-1.60800278791,3,0,2.41200418186,0,0.00228909631113,-0.00298832563658
2,-2,1.60800278791,-1.60800278791,3,1,2.41200418186,0.804001393954,-0.0154525491216,-0.000939856203437
2,-2,1.60800278791,-1.60800278791,3,2,2.41200418186,1.60800278791,0.00340354612392,0.00579403598326
2,-2,1.60800278791,-1.60800278791,3,3,2.41200418186,2.41200418186,0.00799151800488,-0.00303531513352
2,-2,1.60800278791,-1.60800278791,3,4,2.41200418186,3.21600557581,-0.00674690259385,-0.00114139987689
2,-2,1.60800278791,-1.60800278791,4,-4,3.21600557581,-3.21600557581,-0.000349551484273,-0.00220403950742
2,-2,1.60800278791,-1.60800278791,4,-3,3.21600557581,-2.41200418186,-0.000339467663012,-0.00843723249665
2,-2,1.60800278791,-1.60800278791,4,-2,3.21600557581,-1.60800278791,0.000377527795405,0.00197039775986
2,-2,1.60800278791,-1.60800278791,4,-1,3.21600557581,-0.804001393954,0.00229093546098,-0.00211699800697
2,-2,1.60800278791,-1.60800278791,4,0,3.21600557581,0,-0.00643051965444,0.00200740044493
2,-2,1.60800278791,-1.60800278791,4,1,3.21600557581,0.804001393954,-0.00409995491848,0.000298075998717
2,-2,1.60800278791,-1.60800278791,4,2,3.21600557581,1.60800278791,0.0040309187568,0.00294345030294
2,-2,1.60800278791,-1.60800278791,4,3,3.21600557581,2.41200418186,0.00282786549154,0.000870363258549
2,-2,1.60800278791,-1.60800278791,4,4,3.21600557581,3.21600557581,-0.00128516250558,0.000286618023169
2,-1,1.60800278791,-0.804001393954,-4,-4,-3.21600557581,-3.21600557581,0.0005723511502,-0.00643450822521
2,-1,1.60800278791,-0.804001393954,-4,-3,-3.21600557581,-2.41200418186,-0.00146472060659,-0.0084372052942
2,-1,1.60800278791,-0.804001393954,-4,-2,-3.21600557581,-1.60800278791,0.0150788610742,-0.00974630044475
2,-1,1.60800278791,-0.804001393954,-4,-1,-3.21600557581,-0.804001393954,0.00930569703208,0.0032818037822
2,-1,1.60800278791,-0.804001393954,-4,0,-3.21600557581,0,-0.00146265680691,0.000972238628919
2,-1,1.60800278791,-0.804001393954,-4,1,-3.21600557581,0.804001393954,0.0064762366769,-0.00672012634294
2,-1,1.60800278791,-0.804001393954,-4,2,-3.21600557581,1.60800278791,0.0134808949597,-0.0167336912152
2,-1,1.60800278791,-0.804001393954,-4,3,-3.21600557581,2.41200418186,0.00449360563571,0.000856882107491
2,-1,1.60800278791,-0.804001393954,-4,4,-3.21600557581,3.21600557581,0.00220122450384,-0.00611130001001
2,-1,1.60800278791,-0.804001393954,-3,-4,-2.41200418186,-3.21600557581,0.00997275260357,0.0128179813117
2,-1,1.60800278791,-0.804001393954,-3,-3,-2.41200418186,-2.41200418186,0.00194370876088,0.00176238746185
2,-1,1.60800278791,-0.804001393954,-3,-2,-2.41200418186,-1.60800278791,0.00356929135164,-0.00284610326405
2,-1,1.60800278791,-0.804001393954,-3,-1,-2.41200418186,-0.804001393954,-0.013816819288,0.00022150831331
2,-1,1.60800278791,-0.804001393954,-3,0,-2.41200418186,0,0.00873586219866,-0.00446442080635
2,-1,1.60800278791,-0.804001393954,-3,1,-2.41200418186,0.804001393954,-0.00330239901125,0.0086783599945
2,-1,1.60800278791,-0.804001393954,-3,2,-2.41200418186,1.60800278791,0.00341091166267,-0.00213149184605
2,-1,1.60800278791,-0.804001393954,-3,3,-2.41200418186,2.41200418186,0.000582043069765,-0.0184954850097
2,-1,1.60800278791,-0.804001393954,-3,4,-2.41200418186,3.21600557581,0.00251910786249,0.0124840795864
2,-1,1.60800278791,-0.804001393954,-2,-4,-1.60800278791,-3.21600557581,-0.00445032700289,-0.00143436954038
2,-1,1.60800278791,-0.804001393954,-2,-3,-1.60800278791,-2.41200418186,-0.00770914270677,-0.000313588180933
2,-1,1.60800278791,-0.804001393954,-2,-2,-1.60800278791,-1.60800278791,0.00526410489031,0.0153328803236
2,-1,1.60800278791,-0.804001393954,-2,-1,-1.60800278791,-0.804001393954,-0.00655946419077,-0.013994253519
2,-1,1.60800278791,-0.804001393954,-2,0,-1.60800278791,0,-0.022204349913,-0.0299530456464
2,-1,1.60800278791,-0.804001393954,-2,1,-1.60800278791,0.804001393954,-0.00653199912305,0.0132695610484
2,-1,1.60800278791,-0.804001393954,-2,2,-1.60800278791,1.60800278791,0.00910306387539,4.6559075439e-05
2,-1,1.60800278791,-0.804001393954,-2,3,-1.60800278791,2.41200418186,-0.000941960483142,0.0102284992998
2,-1,1.60800278791,-0.804001393954,-2,4,-1.60800278791,3.21600557581,0.00330964206785,0.00409606687648
2,-1,1.60800278791,-0.804001393954,-1,-4,-0.804001393954,-3.21600557581,-0.00189426317725,-0.00251583255931
2,-1,1.60800278791,-0.804001393954,-1,-3,-0.804001393954,-2.41200418186,0.0115680269197,0.00323391218815
2,-1,1.60800278791,-0.804001393954,-1,-2,-0.804001393954,-1.60800278791,-0.0137903048794,0.0151667895065
2,-1,1.60800278791,-0.804001393954,-1,-1,-0.804001393954,-0.804001393954,0.0194382519849,-0.0136580375122
2,-1,1.60800278791,-0.804001393954,-1,0,-0.804001393954,0,-0.0264323477627,0.0574445557601
2,-1,1.60800278791,-0.804001393954,-1,1,-0.804001393954,0.804001393954,-0.0025476528573,0.038304953421
2,-1,1.60800278791,-0.804001393954,-1,2,-0.804001393954,1.60800278791,-0.0299508733753,0.00648899418568
2,-1,1.60800278791,-0.804001393954,-1,3,-0.804001393954,2.41200418186,0.00826710969193,0.00231808938452
2,-1,1.60800278791,-0.804001393954,-1,4,-0.804001393954,3.21600557581,-0.0136094402057,-0.00324154397397
2,-1,1.60800278791,-0.804001393954,0,-4,0,-3.21600557581,-0.0125843969023,-0.00071074169972
2,-1,1.60800278791,-0.804001393954,0,-3,0,-2.41200418186,-0.00345913968412,0.000901657994281
2,-1,1.60800278791,-0.804001393954,0,-2,0,-1.60800278791,-0.00399960466164,0.0148329993247
2,-1,1.60800278791,-0.804001393954,0,-1,0,-0.804001393954,-0.0393630457224,-0.0595393995112
2,-1,1.60800278791,-0.804001393954,0,0,0,0,-0.0644212050458,0.0201064163954
2,-1,1.60800278791,-0.804001393954,0,1,0,0.804001393954,-0.0145557352063,0.0236784251279
2,-1,1.60800278791,-0.804001393954,0,2,0,1.60800278791,-0.000553696000213,-0.00477846280605
2,-1,1.60800278791,-0.804001393954,0,3,0,2.41200418186,0.00977350628237,-0.00432975283602
2,-1,1.60800278791,-0.804001393954,0,4,0,3.21600557581,0.00219220283619,0.0102494458125
2,-1,1.60800278791,-0.804001393954,1,-4,0.804001393954,-3.21600557581,-0.00569198656543,0.00386540333815
2,-1,1.60800278791,-0.804001393954,1,-3,0.804001393954,-2.41200418186,-0.000346690424192,0.0117156292252
2,-1,1.60800278791,-0.804001393954,1,-2,0.804001393954,-1.60800278791,-0.0230148341327,-0.011826654717
2,-1,1.60800278791,-0.804001393954,1,-1,0.804001393954,-0.804001393954,0.0126851601815,-0.00100393590969
2,-1,1.60800278791,-0.804001393954,1,0,0.804001393954,0,-0.0449064730714,-0.0108417521615
2,-1,1.60800278791,-0.804001393954,1,1,0.804001393954,0.804001393954,-0.00334930121901,0.0041577089466
2,-1,1.60800278791,-0.804001393954,1,2,0.804001393954,1.60800278791,0.00922831999635,-0.00281115673204
2,-1,1.60800278791,-0.804001393954,1,3,0.804001393954,2.41200418186,0.00504198476055,0.0090276248036
2,-1,1.60800278791,-0.804001393954,1,4,0.804001393954,3.21600557581,0.000870076542904,0.0018010300516
2,-1,1.60800278791,-0.804001393954,2,-4,1.60800278791,-3.21600557581,-0.000354954603321,0.00180070719932
2,-1,1.60800278791,-0.804001393954,2,-3,1.60800278791,-2.41200418186,0.00281050794596,0.0187310922657
2,-1,1.60800278791,-0.804001393954,2,-2,1.60800278791,-1.60800278791,0.00795856217391,0.00880679738601
2,-1,1.60800278791,-0.804001393954,2,-1,1.60800278791,-0.804001393954,0.256770620869,0
2,-1,1.60800278791,-0.804001393954,2,0,1.60800278791,0,0.0138724889536,-0.0168891592919
2,-1,1.60800278791,-0.804001393954,2,1,1.60800278791,0.804001393954,-0.00863580761081,-0.0232499008215
2,-1,1.60800278791,-0.804001393954,2,2,1.60800278791,1.60800278791,0.00373553600385,-0.0158397452063
2,-1,1.60800278791,-0.804001393954,2,3,1.60800278791,2.41200418186,0.0193898064536,-0.00266606352189
2,-1,1.60800278791,-0.804001393954,2,4,1.60800278791,3.21600557581,-0.00393284596037,0.000740589025717
2,-1,1.60800278791,-0.804001393954,3,-4,2.41200418186,-3.21600557581,0.0063796603394,0.00781321367988
2,-1,1.60800278791,-0.804001393954,3,-3,2.41200418186,-2.41200418186,0.0118539408623,-0.00169879513778
2,-1,1.60800278791,-0.804001393954,3,-2,2.41200418186,-1.60800278791,-0.0134224396359,0.00259192777033
2,-1,1.60800278791,-0.804001393954,3,-1,2.41200418186,-0.804001393954,0.00825683472609,0.0011935545125
2,-1,1.60800278791,-0.804001393954,3,0,2.41200418186,0,-0.0151687124212,0.00609191873573
2,-1,1.60800278791,-0.804001393954,3,1,2.41200418186,0.804001393954,0.00140231985417,-0.0115871244617
2,-1,1.60800278791,-0.804001393954,3,2,2.41200418186,1.60800278791,-0.0165807275879,-0.00933277284015
2,-1,1.60800278791,-0.804001393954,3,3,2.41200418186,2.41200418186,0.00180791841338,0.00446773118963
2,-1,1.60800278791,-0.804001393954,3,4,2.41200418186,3.21600557581,0.0106450298301,-0.00124530486276
2,-1,1.60800278791,-0.804001393954,4,-4,3.21600557581,-3.21600557581,0.0019052235067,0.00612175520602
2,-1,1.60800278791,-0.804001393954,4,-3,3.21600557581,-2.41200418186,-0.00916430471318,-0.00930616177313
2,-1,1.60800278791,-0.804001393954,4,-2,3.21600557581,-1.60800278791,-0.00886669573095,-0.00290322024629
2,-1,1.60800278791,-0.804001393954,4,-1,3.21600557581,-0.804001393954,-0.00435987465202,0.0102285347947
2,-1,1.60800278791,-0.804001393954,4,0,3.21600557581,0,-0.00205480858218,-0.00682959597485
2,-1,1.60800278791,-0.804001393954,4,1,3.21600557581,0.804001393954,-0.00663236260294,-0.00222690240304
2,-1,1.60800278791,-0.804001393954,4,2,3.21600557581,1.60800278791,-0.0130222441919,0.00774246252205
2,-1,1.60800278791,-0.804001393954,4,3,3.21600557581,2.41200418186,0.0129746882515,-0.00126699191856
2,-1,1.60800278791,-0.804001393954,4,4,3.21600557581,3.21600557581,-0.000894116005542,0.00108004262771
2,0,1.60800278791,0,-4,-4,-3.21600557581,-3.21600557581,0.00893866140363,0.0112311466078
2,0,1.60800278791,0,-4,-3,-3.21600557581,-2.41200418186,0.0127578866493,-0.00602841948026
2,0,1.60800278791,0,-4,-2,-3.21600557581,-1.60800278791,-0.012653962684,-0.00413041508993
2,0,1.60800278791,0,-4,-1,-3.21600557581,-0.804001393954,0.0139405878868,-0.017367870009
2,0,1.60800278791,0,-4,0,-3.21600557581,0,0.0158733836174,0.00853109858121
2,0,1.60800278791,0,-4,1,-3.21600557581,0.804001393954,0.0056254906851,0.00212256730996
2,0,1.60800278791,0,-4,2,-3.21600557581,1.60800278791,0.000938115199642,-0.0138441998471
2,0,1.60800278791,0,-4,3,-3.21600557581,2.41200418186,0.023651443715,-0.0151542198889
2,0,1.60800278791,0,-4,4,-3.21600557581,3.21600557581,-0.00083810076818,-0.0037024174839
2,0,1.60800278791,0,-3,-4,-2.41200418186,-3.21600557581,-0.0179853077538,-0.0140706344416
2,0,1.60800278791,0,-3,-3,-2.41200418186,-2.41200418186,0.00986541904812,0.0181367238356
2,0,1.60800278791,0,-3,-2,-2.41200418186,-1.60800278791,0.00867626689351,-0.00408972934246
2,0,1.60800278791,0,-3,-1,-2.41200418186,-0.804001393954,0.0081225749166,-0.0118978478182
2,0,1.60800278791,0,-3,0,-2.41200418186,0,-0.023684885256,0.00284364522372
2,0,1.60800278791,0,-3,1,-2.41200418186,0.804001393954,0.00279722119674,-0.00783553762324
2,0,1.60800278791,0,-3,2,-2.41200418186,1.60800278791,0.00097591495815,0.019009964263
2,0,1.60800278791,0,-3,3,-2.41200418186,2.41200418186,0.00661500743558,-0.00954899053703
2,0,1.60800278791,0,-3,4,-2.41200418186,3.21600557581,-0.00889892613594,-0.0126425929879
2,0,1.60800278791,0,-2,-4,-1.60800278791,-3.21600557581,-0.0083964595813,-0.0152022630687
2,0,1.60800278791,0,-2,-3,-1.60800278791,-2.41200418186,-0.00477178292081,-0.00245231579296
2,0,1.60800278791,0,-2,-2,-1.60800278791,-1.60800278791,-0.0150555300306,-0.0114976350493
2,0,1.60800278791,0,-2,-1,-1.60800278791,-0.804001393954,0.0143096437005,0.030067737255
2,0,1.60800278791,0,-2,0,-1.60800278791,0,-0.014768932253,-0.0197395009663
2,0,1.60800278791,0,-2,1,-1.60800278791,0.804001393954,-0.022204349913,-0.0299530456464
2,0,1.60800278791,0,-2,2,-1.60800278791,1.60800278791,-0.00184233056922,0.0208119667556
2,0,1.60800278791,0,-2,3,-1.60800278791,2.41200418186,0.00978948260738,-0.002939021099
2,0,1.60800278791,0,-2,4,-1.60800278791,3.21600557581,0.00425598955059,0.0161320300886
2,0,1.60800278791,0,-1,-4,-0.804001393954,-3.21600557581,-0.0208838745496,-0.000456147597291
2,0,1.60800278791,0,-1,-3,-0.804001393954,-2.41200418186,-0.00179467886606,-0.0121489373153
2,0,1.60800278791,0,-1,-2,-0.804001393954,-1.60800278791,0.0226385154088,-0.00132680611837
2,0,1.60800278791,0,-1,-1,-0.804001393954,-0.804001393954,-0.0126822272772,0.0292223814716
2,0,1.60800278791,0,-1,0,-0.804001393954,0,0.0198695354817,-0.026955027595
2,0,1.60800278791,0,-1,1,-0.804001393954,0.804001393954,-0.0204622182217,0.0520221049139
2,0,1.60800278791,0,-1,2,-0.804001393954,1.60800278791,-0.00667804850269,0.0254512474683
2,0,1.60800278791,0,-1,3,-0.804001393954,2.41200418186,-0.0229685761497,0.00422085264051
2,0,1.60800278791,0,-1,4,-0.804001393954,3.21600557581,0.00763060234789,0.000133746920342
2,0,1.60800278791,0,0,-4,0,-3.21600557581,0.0174523245107,0.0134585190032
2,0,1.60800278791,0,0,-3,0,-2.41200418186,-0.0160431137328,-0.00581511962938
2,0,1.60800278791,0,0,-2,0,-1.60800278791,-0.0062338243395,0.00881017545231
2,0,1.60800278791,0,0,-1,0,-0.804001393954,-0.0209147908518,0.0210404961594
2,0,1.60800278791,0,0,0,0,0,-0.107643006034,-0.09199882923
2,0,1.60800278791,0,0,1,0,0.804001393954,-0.033121753329,0.0103302545201
2,0,1.60800278791,0,0,2,0,1.60800278791,-0.0164543793838,0.0162680542975
2,0,1.60800278791,0,0,3,0,2.41200418186,0.00518144815573,0.00240519433292
2,0,1.60800278791,0,0,4,0,3.21600557581,0.00925715075223,0.00340998631662
2,0,1.60800278791,0,1,-4,0.804001393954,-3.21600557581,-0.00374164972677,0.00762046069965
2,0,1.60800278791,0,1,-3,0.804001393954,-2.41200418186,-0.02464351899,0.000574618194464
2,0,1.60800278791,0,1,-2,0.804001393954,-1.60800278791,-0.0030013338537,0.0160026387846
2,0,1.60800278791,0,1,-1,0.804001393954,-0.804001393954,-0.0298946155148,-0.0309556783742
2,0,1.60800278791,0,1,0,0.804001393954,0,0.0148325826818,0.00549637776694
2,0,1.60800278791,0,1,1,0.804001393954,0.804001393954,-0.0455941982602,0.00355280163988
2,0,1.60800278791,0,1,2,0.804001393954,1.60800278791,0.00140188260014,0.00359038072298
2,0,1.60800278791,0,1,3,0.804001393954,2.41200418186,0.0099918917426,-0.00501555377088
2,0,1.60800278791,0,1,4,0.804001393954,3.21600557581,0.00156202292804,0.00984903553805
2,0,1.60800278791,0,2,-4,1.60800278791,-3.21600557581,0.0119434231077,0.00497938893519
2,0,1.60800278791,0,2,-3,1.60800278791,-2.41200418186,0.00747069850911,0.0145860582249
2,0,1.60800278791,0,2,-2,1.60800278791,-1.60800278791,-0.00327788501096,0.0304947232223
2,0,1.60800278791,0,2,-1,1.60800278791,-0.804001393954,0.0138724889536,0.0168891592919
2,0,1.60800278791,0,2,0,1.60800278791,0,0.325934359395,0
2,0,1.60800278791,0,2,1,1.60800278791,0.804001393954,0.00828441113104,0.0025772451355
2,0,1.60800278791,0,2,2,1.60800278791,1.60800278791,-0.00775140433319,-0.0244393968107
2,0,1.60800278791,0,2,3,1.60800278791,2.41200418186,-0.00979130209322,-0.00239244295387
2,0,1.60800278791,0,2,4,1.60800278791,3.21600557581,0.0164684821142,-0.0124173116339
2,0,1.60800278791,0,3,-4,2.41200418186,-3.21600557581,0.00470323415287,-0.00527551882391
2,0,1.60800278791,0,3,-3,2.41200418186,-2.41200418186,0.0057826455703,0.000846398035364
2,0,1.60800278791,0,3,-2,2.41200418186,-1.60800278791,-0.000439549481027,-0.000426653479421
2,0,1.60800278791,0,3,-1,2.41200418186,-0.804001393954,-0.0151600203657,-0.000539691081242
2,0,1.60800278791,0,3,0,2.41200418186,0,0.00906857076871,-0.00209043869449
2,0,1.60800278791,0,3,1,2.41200418186,0.804001393954,-0.0162833074527,0.00470807984575
2,0,1.60800278791,0,3,2,2.41200418186,1.60800278791,0.00448529752914,-0.0155476124713
2,0,1.60800278791,0,3,3,2.41200418186,2.41200418186,-0.0147017734794,-0.00777154687369
2,0,1.60800278791,0,3,4,2.41200418186,3.21600557581,0.00467574394225,0.000888538109404
2,0,1.60800278791,0,4,-4,3.21600557581,-3.21600557581,0.00718705103735,0.00379665888952
2,0,1.60800278791,0,4,-3,3.21600557581,-2.41200418186,0.00116098757181,-0.00747850053474
2,0,1.60800278791,0,4,-2,3.21600557581,-1.60800278791,-0.00197015184614,0.00107996890577
2,0,1.60800278791,0,4,-1,3.21600557581,-0.804001393954,-0.0140657919496,-0.000986227464628
2,0,1.60800278791,0,4,0,3.21600557581,0,-0.0125462505285,0.0196041625659
2,0,1.60800278791,0,4,1,3.21600557581,0.804001393954,-0.00219255102867,-0.0162288646593
2,0,1.60800278791,0,4,2,3.21600557581,1.60800278791,-0.00239869029633,-0.00441910133348
2,0,1.60800278791,0,4,3,3.21600557581,2.41200418186,-0.0217590344237,0.00187234092528
2,0,1.60800278791,0,4,4,3.21600557581,3.21600557581,0.00616819522119,-0.00629187057688
2,1,1.60800278791,0.804001393954,-4,-4,-3.21600557581,-3.21600557581,-0.00467035426554,-0.0121751509929
2,1,1.60800278791,0.804001393954,-4,-3,-3.21600557581,-2.41200418186,0.00520029425544,0.00293126692428
2,1,1.60800278791,0.804001393954,-4,-2,-3.21600557581,-1.60800278791,0.0188044627907,-0.00256208973245
2,1,1.60800278791,0.804001393954,-4,-1,-3.21600557581,-0.804001393954,-0.0154135330325,-0.00196017259036
2,1,1.60800278791,0.804001393954,-4,0,-3.21600557581,0,0.00700595617954,-0.0133303127655
2,1,1.60800278791,0.804001393954,-4,1,-3.21600557581,0.804001393954,0.0135153715165,0.00479971855825
2,1,1.60800278791,0.804001393954,-4,2,-3.21600557581,1.60800278791,0.00949275777364,-0.00456721052022
2,1,1.60800278791,0.804001393954,-4,3,-3.21600557581,2.41200418186,0.00630573470505,-0.00952024666722
2,1,1.60800278791,0.804001393954,-4,4,-3.21600557581,3.21600557581,0.0151145721532,-0.0175724161269
2,1,1.60800278791,0.804001393954,-3,-4,-2.41200418186,-3.21600557581,-0.0160167147011,0.00902695773971
2,1,1.60800278791,0.804001393954,-3,-3,-2.41200418186,-2.41200418186,-0.0176922521408,-0.0124570045448
2,1,1.60800278791,0.804001393954,-3,-2,-2.41200418186,-1.60800278791,0.00883742069021,0.0140980001676
2,1,1.60800278791,0.804001393954,-3,-1,-2.41200418186,-0.804001393954,0.00565379408346,-0.0021075846588
2,1,1.60800278791,0.804001393954,-3,0,-2.41200418186,0,0.00983830203791,-0.0130294332651
2,1,1.60800278791,0.804001393954,-3,1,-2.41200418186,0.804001393954,-0.0184619909913,-0.00788769727319
2,1,1.60800278791,0.804001393954,-3,2,-2.41200418186,1.60800278791,0.00339974865012,-0.00224412721873
2,1,1.60800278791,0.804001393954,-3,3,-2.41200418186,2.41200418186,-0.0031663516691,0.0113032192108
2,1,1.60800278791,0.804001393954,-3,4,-2.41200418186,3.21600557581,0.00679993334496,-0.0074174918824
2,1,1.60800278791,0.804001393954,-2,-4,-1.60800278791,-3.21600557581,-0.00244715288089,0.000507752594878
2,1,1.60800278791,0.804001393954,-2,-3,-1.60800278791,-2.41200418186,-0.00390112532431,-0.0132362734194
2,1,1.60800278791,0.804001393954,-2,-2,-1.60800278791,-1.60800278791,-0.00493826075858,-0.00204315108144
2,1,1.60800278791,0.804001393954,-2,-1,-1.60800278791,-0.804001393954,-0.0252087939536,-0.0173875776125
2,1,1.60800278791,0.804001393954,-2,0,-1.60800278791,0,0.0143096437005,0.030067737255
2,1,1.60800278791,0.804001393954,-2,1,-1.60800278791,0.804001393954,-0.00655946419077,-0.013994253519
2,1,1.60800278791,0.804001393954,-2,2,-1.60800278791,1.60800278791,-0.0143904770706,-0.0200420743009
2,1,1.60800278791,0.804001393954,-2,3,-1.60800278791,2.41200418186,-0.00419771122843,0.0116444773838
2,1,1.60800278791,0.804001393954,-2,4,-1.60800278791,3.21600557581,0.00918223537614,-0.0016188408335
2,1,1.60800278791,0.804001393954,-1,-4,-0.804001393954,-3.21600557581,0.00578363638612,-0.00756726516067
2,1,1.60800278791,0.804001393954,-1,-3,-0.804001393954,-2.41200418186,-0.0239907036146,0.00371650249892
2,1,1.60800278791,0.804001393954,-1,-2,-0.804001393954,-1.60800278791,0.002853895648,-0.0135142940088
2,1,1.60800278791,0.804001393954,-1,-1,-0.804001393954,-0.804001393954,0.0233169913381,0.00333652847511
2,1,1.60800278791,0.804001393954,-1,0,-0.804001393954,0,-0.0332143206215,0.0372711242693
2,1,1.60800278791,0.804001393954,-1,1,-0.804001393954,0.804001393954,0.0213537096176,-0.0157835257532
2,1,1.60800278791,0.804001393954,-1,2,-0.804001393954,1.60800278791,-0.0142303477804,0.0358431568735
2,1,1.60800278791,0.804001393954,-1,3,-0.804001393954,2.41200418186,-0.00665257490559,0.0209229637724
2,1,1.60800278791,0.804001393954,-1,4,-0.804001393954,3.21600557581,-0.00862312267306,-0.000366829179245
2,1,1.60800278791,0.804001393954,0,-4,0,-3.21600557581,-0.00158026346205,-0.00968512212916
2,1,1.60800278791,0.804001393954,0,-3,0,-2.41200418186,0.0143866133601,0.00872415378602
2,1,1.60800278791,0.804001393954,0,-2,0,-1.60800278791,-0.0125583581815,-0.00522283866457
2,1,1.60800278791,0.804001393954,0,-1,0,-0.804001393954,0.00446914635223,0.00723297885443
2,1,1.60800278791,0.804001393954,0,0,0,0,-0.0269603738463,0.0384515622865
2,1,1.60800278791,0.804001393954,0,1,0,0.804001393954,-0.0508252561702,-0.0526639019988
2,1,1.60800278791,0.804001393954,0,2,0,1.60800278791,-0.0180999144054,0.0103802675831
2,1,1.60800278791,0.804001393954,0,3,0,2.41200418186,-0.00991462061387,0.00325802173653
2,1,1.60800278791,0.804001393954,0,4,0,3.21600557581,0.00185683901925,-0.00323269945656
2,1,1.60800278791,0.804001393954,1,-4,0.804001393954,-3.21600557581,0.00982677191932,4.74253110522e-05
2,1,1.60800278791,0.804001393954,1,-3,0.804001393954,-2.41200418186,0.000335323221701,-0.00424162131502
2,1,1.60800278791,0.804001393954,1,-2,0.804001393954,-1.60800278791,-0.0314238277867,0.00974858496179
2,1,1.60800278791,0.804001393954,1,-1,0.804001393954,-0.804001393954,-0.00753523068148,0.0337074901493
2,1,1.60800278791,0.804001393954,1,0,0.804001393954,0,-0.0390337054928,-0.0233537379957
2,1,1.60800278791,0.804001393954,1,1,0.804001393954,0.804001393954,0.0101006044557,-0.000334564389968
2,1,1.60800278791,0.804001393954,1,2,0.804001393954,1.60800278791,-0.0250928284374,-0.00366500395987
2,1,1.60800278791,0.804001393954,1,3,0.804001393954,2.41200418186,0.00075615407813,0.00366754988928
2,1,1.60800278791,0.804001393954,1,4,0.804001393954,3.21600557581,0.00360452231462,-0.00628731541961
2,1,1.60800278791,0.804001393954,2,-4,1.60800278791,-3.21600557581,-0.00719987866284,0.00571717954148
2,1,1.60800278791,0.804001393954,2,-3,1.60800278791,-2.41200418186,0.0149486730265,0.00305779191649
2,1,1.60800278791,0.804001393954,2,-2,1.60800278791,-1.60800278791,0.00845172514207,0.00826097406548
2,1,1.60800278791,0.804001393954,2,-1,1.60800278791,-0.804001393954,-0.00863580761081,0.0232499008215
2,1,1.60800278791,0.804001393954,2,0,1.60800278791,0,0.00828441113104,-0.0025772451355
2,1,1.60800278791,0.804001393954,2,1,1.60800278791,0.804001393954,0.272751127441,0
2,1,1.60800278791,0.804001393954,2,2,1.60800278791,1.60800278791,0.00561798373641,0.00016861711946
2,1,1.60800278791,0.804001393954,2,3,1.60800278791,2.41200418186,-0.00283114785191,-0.0131280320577
2,1,1.60800278791,0.804001393954,2,4,1.60800278791,3.21600557581,0.0018184358943,-0.0123261194721
2,1,1.60800278791,0.804001393954,3,-4,2.41200418186,-3.21600557581,-0.00303031665343,-0.00088196894968
2,1,1.60800278791,0.804001393954,3,-3,2.41200418186,-2.41200418186,0.0034276580066,-0.0084016712885
2,1,1.60800278791,0.804001393954,3,-2,2.41200418186,-1.60800278791,0.00525901496536,0.0057130076893
2,1,1.60800278791,0.804001393954,3,-1,2.41200418186,-0.804001393954,0.00287704230614,-0.000361031581809
2,1,1.60800278791,0.804001393954,3,0,2.41200418186,0,-0.0172771055379,-0.00268997267574
2,1,1.60800278791,0.804001393954,3,1,2.41200418186,0.804001393954,0.00503092914752,0.00181038305205
2,1,1.60800278791,0.804001393954,3,2,2.41200418186,1.60800278791,-0.014985430199,0.00978763667867
2,1,1.60800278791,0.804001393954,3,3,2.41200418186,2.41200418186,0.00116030296547,-0.00811978747118
2,1,1.60800278791,0.804001393954,3,4,2.41200418186,3.21600557581,-0.0126468069229,-0.0025584955615
2,1,1.60800278791,0.804001393954,4,-4,3.21600557581,-3.21600557581,5.51964937954e-05,-0.00357074652918
2,1,1.60800278791,0.804001393954,4,-3,3.21600557581,-2.41200418186,0.00796735786345,0.000749962664424
2,1,1.60800278791,0.804001393954,4,-2,3.21600557581,-1.60800278791,0.0019488560386,0.0020452447193
2,1,1.60800278791,0.804001393954,4,-1,3.21600557581,-0.804001393954,-0.0030649166069,0.00523805492922
2,1,1.60800278791,0.804001393954,4,0,3.21600557581,0,-0.0103626079104,-0.00113353064935
2,1,1.60800278791,0.804001393954,4,1,3.21600557581,0.804001393954,-0.0164623723133,0.0161760664971
2,1,1.60800278791,0.804001393954,4,2,3.21600557581,1.60800278791,-0.00366062556248,-0.00709013560524
2,1,1.60800278791,0.804001393954,4,3,3.21600557581,2.41200418186,-0.00281221436741,-0.00530845603987
2,1,1.60800278791,0.804001393954,4,4,3.21600557581,3.21600557581,-0.0115241322976,0.00291595357556
2,2,1.60800278791,1.60800278791,-4,-4,-3.21600557581,-3.21600557581,0.00164514899419,-0.000153540455448
2,2,1.60800278791,1.60800278791,-4,-3,-3.21600557581,-2.41200418186,-0.00278016197733,-0.00799546069766
2,2,1.60800278791,1.60800278791,-4,-2,-3.21600557581,-1.60800278791,0.00401499776692,-0.000891641550579
2,2,1.60800278791,1.60800278791,-4,-1,-3.21600557581,-0.804001393954,0.0107854302439,-0.00123864905685
2,2,1.60800278791,1.60800278791,-4,0,-3.21600557581,0,-0.0047729297691,-0.00109462456914
2,2,1.60800278791,1.60800278791,-4,1,-3.21600557581,0.804001393954,0.00636416502756,-0.00036424773446
2,2,1.60800278791,1.60800278791,-4,2,-3.21600557581,1.60800278791,0.00386263563977,0.00328097916763
2,2,1.60800278791,1.60800278791,-4,3,-3.21600557581,2.41200418186,0.00289818298678,0.000747586719413
2,2,1.60800278791,1.60800278791,-4,4,-3.21600557581,3.21600557581,0.000228817964012,-0.0135153267285
2,2,1.60800278791,1.60800278791,-3,-4,-2.41200418186,-3.21600557581,-3.27594507747e-05,0.00590722565887
2,2,1.60800278791,1.60800278791,-3,-3,-2.41200418186,-2.41200418186,-0.00435499734675,0.0028480852298
2,2,1.60800278791,1.60800278791,-3,-2,-2.41200418186,-1.60800278791,-0.00920865673386,-0.0137510123266
2,2,1.60800278791,1.60800278791,-3,-1,-2.41200418186,-0.804001393954,0.00726402876817,0.011140667519
2,2,1.60800278791,1.60800278791,-3,0,-2.41200418186,0,0.00644983380618,0.00022251070211
2,2,1.60800278791,1.60800278791,-3,1,-2.41200418186,0.804001393954,0.00078763553863,-0.00711384455527
2,2,1.60800278791,1.60800278791,-3,2,-2.41200418186,1.60800278791,-0.00833728150763,-0.00296450062077
2,2,1.60800278791,1.60800278791,-3,3,-2.41200418186,2.41200418186,0.00728152060058,-0.00566375675138
2,2,1.60800278791,1.60800278791,-3,4,-2.41200418186,3.21600557581,-0.00380130560918,0.00577410891485
2,2,1.60800278791,1.60800278791,-2,-4,-1.60800278791,-3.21600557581,0.00129614797823,0.00333462901277
2,2,1.60800278791,1.60800278791,-2,-3,-1.60800278791,-2.41200418186,0.00757600420143,0.00431188575579
2,2,1.60800278791,1.60800278791,-2,-2,-1.60800278791,-1.60800278791,-0.00417854158622,-0.0059849638013
2,2,1.60800278791,1.60800278791,-2,-1,-1.60800278791,-0.804001393954,-0.00493826075858,-0.00204315108144
2,2,1.60800278791,1.60800278791,-2,0,-1.60800278791,0,-0.0150555300306,-0.0114976350493
2,2,1.60800278791,1.60800278791,-2,1,-1.60800278791,0.804001393954,0.00526410489031,0.0153328803236
2,2,1.60800278791,1.60800278791,-2,2,-1.60800278791,1.60800278791,-0.0024370159328,-0.0137586556492
2,2,1.60800278791,1.60800278791,-2,3,-1.60800278791,2.41200418186,-0.00317494453012,-0.00688201695432
2,2,1.60800278791,1.60800278791,-2,4,-1.60800278791,3.21600557581,-0.00183122836265,0.00354902715485
2,2,1.60800278791,1.60800278791,-1,-4,-0.804001393954,-3.21600557581,0.000471548246521,-0.00104340238996
2,2,1.60800278791,1.60800278791,-1,-3,-0.804001393954,-2.41200418186,0.00266603610258,-0.00212573897997
2,2,1.60800278791,1.60800278791,-1,-2,-0.804001393954,-1.60800278791,-0.0314290251016,-0.00650094296529
2,2,1.60800278791,1.60800278791,-1,-1,-0.804001393954,-0.804001393954,-0.000710622335819,-0.0175550447925
2,2,1.60800278791,1.60800278791,-1,0,-0.804001393954,0,0.0246746693511,0.0019016710424
2,2,1.60800278791,1.60800278791,-1,1,-0.804001393954,0.804001393954,-0.0266529129689,0.0314145070379
2,2,1.60800278791,1.60800278791,-1,2,-0.804001393954,1.60800278791,0.00297680306935,-0.00910996902676
2,2,1.60800278791,1.60800278791,-1,3,-0.804001393954,2.41200418186,-0.00316074248462,0.0157311441923
2,2,1.60800278791,1.60800278791,-1,4,-0.804001393954,3.21600557581,0.000180183523424,0.00730194152085
2,2,1.60800278791,1.60800278791,0,-4,0,-3.21600557581,-0.00432219700107,-0.000121630924136
2,2,1.60800278791,1.60800278791,0,-3,0,-2.41200418186,-0.0056905473412,-0.0061575779275
2,2,1.60800278791,1.60800278791,0,-2,0,-1.60800278791,0.0211483834413,0.000180526232805
2,2,1.60800278791,1.60800278791,0,-1,0,-0.804001393954,-0.0312937483,-0.00438740763853
2,2,1.60800278791,1.60800278791,0,0,0,0,-0.00903766717918,0.00780963716455
2,2,1.60800278791,1.60800278791,0,1,0,0.804001393954,-0.0197596992779,0.0058411884688
2,2,1.60800278791,1.60800278791,0,2,0,1.60800278791,-0.0254016465549,-0.0233181363667
2,2,1.60800278791,1.60800278791,0,3,0,2.41200418186,-0.00484997297949,0.00814792184133
2,2,1.60800278791,1.60800278791,0,4,0,3.21600557581,-0.00957767169642,0.0037324523126
2,2,1.60800278791,1.60800278791,1,-4,0.804001393954,-3.21600557581,-0.00246920011365,0.00578821003017
2,2,1.60800278791,1.60800278791,1,-3,0.804001393954,-2.41200418186,0.00179356617714,-0.00545769503063
2,2,1.60800278791,1.60800278791,1,-2,0.804001393954,-1.60800278791,0.00265141238687,-0.00173427545747
2,2,1.60800278791,1.60800278791,1,-1,0.804001393954,-0.804001393954,-0.0387040534165,0.011447649292
2,2,1.60800278791,1.60800278791,1,0,0.804001393954,0,0.000819998516997,0.0340510256985
2,2,1.60800278791,1.60800278791,1,1,0.804001393954,0.804001393954,-0.0264049079566,-0.0269806309471
2,2,1.60800278791,1.60800278791,1,2,0.804001393954,1.60800278791,0.00498099903101,0.00076079220093
2,2,1.60800278791,1.60800278791,1,3,0.804001393954,2.41200418186,-0.00878052124694,-0.00110960560469
2,2,1.60800278791,1.60800278791,1,4,0.804001393954,3.21600557581,-5.9881098419e-05,0.00188300739348
2,2,1.60800278791,1.60800278791,2,-4,1.60800278791,-3.21600557581,-0.00653214920358,0.00556266011723
2,2,1.60800278791,1.60800278791,2,-3,1.60800278791,-2.41200418186,-0.00348331666636,-0.000195806956626
2,2,1.60800278791,1.60800278791,2,-2,1.60800278791,-1.60800278791,0.0197359883057,0.000647272328512
2,2,1.60800278791,1.60800278791,2,-1,1.60800278791,-0.804001393954,0.00373553600385,0.0158397452063
2,2,1.60800278791,1.60800278791,2,0,1.60800278791,0,-0.00775140433319,0.0244393968107
2,2,1.60800278791,1.60800278791,2,1,1.60800278791,0.804001393954,0.00561798373641,-0.00016861711946
2,2,1.60800278791,1.60800278791,2,2,1.60800278791,1.60800278791,0.132584741653,0
2,2,1.60800278791,1.60800278791,2,3,1.60800278791,2.41200418186,0.000902985072706,0.0026540384461
2,2,1.60800278791,1.60800278791,2,4,1.60800278791,3.21600557581,-0.000262780595549,-0.00602014629732
2,2,1.60800278791,1.60800278791,3,-4,2.41200418186,-3.21600557581,0.00552636560049,0.00190006085674
2,2,1.60800278791,1.60800278791,3,-3,2.41200418186,-2.41200418186,0.00449951088897,-0.00240455191777
2,2,1.60800278791,1.60800278791,3,-2,2.41200418186,-1.60800278791,0.00208107737162,-0.00244310173798
2,2,1.60800278791,1.60800278791,3,-1,2.41200418186,-0.804001393954,0.00591187867011,0.00283482813212
2,2,1.60800278791,1.60800278791,3,0,2.41200418186,0,0.00132399876477,-0.000695321428529
2,2,1.60800278791,1.60800278791,3,1,2.41200418186,0.804001393954,-0.00432884775338,-0.000682434515984
2,2,1.60800278791,1.60800278791,3,2,2.41200418186,1.60800278791,0.00394129732148,-0.00152708104957
2,2,1.60800278791,1.60800278791,3,3,2.41200418186,2.41200418186,-0.0038370743513,-0.00231396053991
2,2,1.60800278791,1.60800278791,3,4,2.41200418186,3.21600557581,-0.00130710796316,-0.00274331076655
2,2,1.60800278791,1.60800278791,4,-4,3.21600557581,-3.21600557581,0.0108751863213,0.00959768641204
2,2,1.60800278791,1.60800278791,4,-3,3.21600557581,-2.41200418186,0.00361287685378,0.000779484388017
2,2,1.60800278791,1.60800278791,4,-2,3.21600557581,-1.60800278791,0.00757831055395,-0.000975636653658
2,2,1.60800278791,1.60800278791,4,-1,3.21600557581,-0.804001393954,-0.00189324486268,-0.00738822933825
2,2,1.60800278791,1.60800278791,4,0,3.21600557581,0,0.0034283521307,0.00361392049186
2,2,1.60800278791,1.60800278791,4,1,3.21600557581,0.804001393954,-0.00162030244529,-0.00278589313526
2,2,1.60800278791,1.60800278791,4,2,3.21600557581,1.60800278791,-0.00812901910217,0.00724983449331
2,2,1.60800278791,1.60800278791,4,3,3.21600557581,2.41200418186,0.000186723634804,0.00590206114484
2,2,1.60800278791,1.60800278791,4,4,3.21600557581,3.21600557581,-0.00372830894203,-0.00322820012817
2,3,1.60800278791,2.41200418186,-4,-4,-3.21600557581,-3.21600557581,0.00827905102406,0.000336683905099
2,3,1.60800278791,2.41200418186,-4,-3,-3.21600557581,-2.41200418186,0.00124800747314,-0.00316693876031
2,3,1.60800278791,2.41200418186,-4,-2,-3.21600557581,-1.60800278791,-0.0034654731401,0.000690823023052
2,3,1.60800278791,2.41200418186,-4,-1,-3.21600557581,-0.804001393954,-0.00030925993999,0.000308190272068
2,3,1.60800278791,2.41200418186,-4,0,-3.21600557581,0,0.000569399343279,-0.00146209799175
2,3,1.60800278791,2.41200418186,-4,1,-3.21600557581,0.804001393954,0.00139075261796,-0.00362185838096
2,3,1.60800278791,2.41200418186,-4,2,-3.21600557581,1.60800278791,0.000515963675247,-0.00468175274361
2,3,1.60800278791,2.41200418186,-4,3,-3.21600557581,2.41200418186,0.00351835206505,0.00126885791212
2,3,1.60800278791,2.41200418186,-4,4,-3.21600557581,3.21600557581,0.00263882603532,0.000557512838617
2,3,1.60800278791,2.41200418186,-3,-4,-2.41200418186,-3.21600557581,-0.000773693928457,-0.00127430284009
2,3,1.60800278791,2.41200418186,-3,-3,-2.41200418186,-2.41200418186,0.00326600408823,-0.00270304462666
2,3,1.60800278791,2.41200418186,-3,-2,-2.41200418186,-1.60800278791,0.00170953896121,0.00366508506786
2,3,1.60800278791,2.41200418186,-3,-1,-2.41200418186,-0.804001393954,-0.0119716156944,-0.00748283372203
2,3,1.60800278791,2.41200418186,-3,0,-2.41200418186,0,0.00891274026474,0.00545260688513
2,3,1.60800278791,2.41200418186,-3,1,-2.41200418186,0.804001393954,0.00239209534328,-0.00118546526654
2,3,1.60800278791,2.41200418186,-3,2,-2.41200418186,1.60800278791,0.00318274482327,-0.00286819154998
2,3,1.60800278791,2.41200418186,-3,3,-2.41200418186,2.41200418186,-0.00396998598052,-0.00216693274565
2,3,1.60800278791,2.41200418186,-3,4,-2.41200418186,3.21600557581,-0.000543563814838,0.00359326803987
2,3,1.60800278791,2.41200418186,-2,-4,-1.60800278791,-3.21600557581,0.00639783143258,0.00247017365485
2,3,1.60800278791,2.41200418186,-2,-3,-1.60800278791,-2.41200418186,0.00212444396669,-0.000451177994118
2,3,1.60800278791,2.41200418186,-2,-2,-1.60800278791,-1.60800278791,0.00757600420143,0.00431188575579
2,3,1.60800278791,2.41200418186,-2,-1,-1.60800278791,-0.804001393954,-0.00390112532431,-0.0132362734194
2,3,1.60800278791,2.41200418186,-2,0,-1.60800278791,0,-0.00477178292081,-0.00245231579296
2,3,1.60800278791,2.41200418186,-2,1,-1.60800278791,0.804001393954,-0.00770914270677,-0.000313588180933
2,3,1.60800278791,2.41200418186,-2,2,-1.60800278791,1.60800278791,-0.000433961718593,0.00282366814581
2,3,1.60800278791,2.41200418186,-2,3,-1.60800278791,2.41200418186,-0.0021186171356,-0.00528925310854
2,3,1.60800278791,2.41200418186,-2,4,-1.60800278791,3.21600557581,-0.00197017261135,-0.000127968281698
2,3,1.60800278791,2.41200418186,-1,-4,-0.804001393954,-3.21600557581,0.000331476342145,0.0033335956261
2,3,1.60800278791,2.41200418186,-1,-3,-0.804001393954,-2.41200418186,0.00175927734088,0.00159661801751
2,3,1.60800278791,2.41200418186,-1,-2,-0.804001393954,-1.60800278791,0.00520802001818,-0.00129279922984
2,3,1.60800278791,2.41200418186,-1,-1,-0.804001393954,-0.804001393954,-0.0420266135344,0.00391916310004
2,3,1.60800278791,2.41200418186,-1,0,-0.804001393954,0,-0.0154091587985,-0.0191872585956
2,3,1.60800278791,2.41200418186,-1,1,-0.804001393954,0.804001393954,0.020120690919,0.00739018500533
2,3,1.60800278791,2.41200418186,-1,2,-0.804001393954,1.60800278791,-0.00482984183525,0.00947639949577
2,3,1.60800278791,2.41200418186,-1,3,-0.804001393954,2.41200418186,0.00418695821506,-0.005006731431
2,3,1.60800278791,2.41200418186,-1,4,-0.804001393954,3.21600557581,-0.00108898284399,0.00527752374568
2,3,1.60800278791,2.41200418186,0,-4,0,-3.21600557581,0.0013284515965,0.00855736447158
2,3,1.60800278791,2.41200418186,0,-3,0,-2.41200418186,-0.00426809148007,0.0035019929353
2,3,1.60800278791,2.41200418186,0,-2,0,-1.60800278791,-0.0113085242896,-0.00175265962859
2,3,1.60800278791,2.41200418186,0,-1,0,-0.804001393954,0.035190826072,0.00481184248087
2,3,1.60800278791,2.41200418186,0,0,0,0,-0.068138318579,-0.0237531161373
2,3,1.60800278791,2.41200418186,0,1,0,0.804001393954,-0.00784684809776,0.00853584815175
2,3,1.60800278791,2.41200418186,0,2,0,1.60800278791,-0.00343842172966,0.00442089627045
2,3,1.60800278791,2.41200418186,0,3,0,2.41200418186,-0.00546051430168,-0.00697350739254
2,3,1.60800278791,2.41200418186,0,4,0,3.21600557581,-0.000765606332962,0.00393371988531
2,3,1.60800278791,2.41200418186,1,-4,0.804001393954,-3.21600557581,0.000560210403721,-0.00238489775805
2,3,1.60800278791,2.41200418186,1,-3,0.804001393954,-2.41200418186,-0.00271653726259,0.00418274477939
2,3,1.60800278791,2.41200418186,1,-2,0.804001393954,-1.60800278791,0.00629656244249,-0.00568212063828
2,3,1.60800278791,2.41200418186,1,-1,0.804001393954,-0.804001393954,0.00654698787757,-0.000974465035925
2,3,1.60800278791,2.41200418186,1,0,0.804001393954,0,-0.0347447209836,0.0178243550798
2,3,1.60800278791,2.41200418186,1,1,0.804001393954,0.804001393954,-0.00766652196252,0.0160505884221
2,3,1.60800278791,2.41200418186,1,2,0.804001393954,1.60800278791,-0.0110311635413,-0.0120907962397
2,3,1.60800278791,2.41200418186,1,3,0.804001393954,2.41200418186,0.00364877286913,0.000451899346206
2,3,1.60800278791,2.41200418186,1,4,0.804001393954,3.21600557581,-0.00186996432608,-0.00321321741191
2,3,1.60800278791,2.41200418186,2,-4,1.60800278791,-3.21600557581,-0.000226776270652,-0.00310202891369
2,3,1.60800278791,2.41200418186,2,-3,1.60800278791,-2.41200418186,-0.00279223596693,0.00448360017082
2,3,1.60800278791,2.41200418186,2,-2,1.60800278791,-1.60800278791,-0.00751376773946,-0.00117237606211
2,3,1.60800278791,2.41200418186,2,-1,1.60800278791,-0.804001393954,0.0193898064536,0.00266606352189
2,3,1.60800278791,2.41200418186,2,0,1.60800278791,0,-0.00979130209322,0.00239244295387
2,3,1.60800278791,2.41200418186,2,1,1.60800278791,0.804001393954,-0.00283114785191,0.0131280320577
2,3,1.60800278791,2.41200418186,2,2,1.60800278791,1.60800278791,0.000902985072706,-0.0026540384461
2,3,1.60800278791,2.41200418186,2,3,1.60800278791,2.41200418186,0.0315628843105,0
2,3,1.60800278791,2.41200418186,2,4,1.60800278791,3.21600557581,0.00494593049682,0.00363014842283
2,3,1.60800278791,2.41200418186,3,-4,2.41200418186,-3.21600557581,-0.000269954515135,0.00400812444788
2,3,1.60800278791,2.41200418186,3,-3,2.41200418186,-2.41200418186,-0.00256486126535,-0.000755554511902
2,3,1.60800278791,2.41200418186,3,-2,2.41200418186,-1.60800278791,0.00204494335463,-0.00248015693473
2,3,1.60800278791,2.41200418186,3,-1,2.41200418186,-0.804001393954,0.00476710640923,-0.00376824937405
2,3,1.60800278791,2.41200418186,3,0,2.41200418186,0,0.00359591982919,0.00151759278811
2,3,1.60800278791,2.41200418186,3,1,2.41200418186,0.804001393954,-0.000924135459021,-0.0011792377056
2,3,1.60800278791,2.41200418186,3,2,2.41200418186,1.60800278791,0.00176521728886,0.00252517482349
2,3,1.60800278791,2.41200418186,3,3,2.41200418186,2.41200418186,0.00543354496423,0.00243495777513
2,3,1.60800278791,2.41200418186,3,4,2.41200418186,3.21600557581,-0.00152846174049,-0.00241941621959
2,3,1.60800278791,2.41200418186,4,-4,3.21600557581,-3.21600557581,0.00655655540043,-0.00181276191048
2,3,1.60800278791,2.41200418186,4,-3,3.21600557581,-2.41200418186,0.00184090514931,0.00422786038897
2,3,1.60800278791,2.41200418186,4,-2,3.21600557581,-1.60800278791,0.00523614641496,0.000466197142181
2,3,1.60800278791,2.41200418186,4,-1,3.21600557581,-0.804001393954,0.00257975617885,0.00628769013009
2,3,1.60800278791,2.41200418186,4,0,3.21600557581,0,0.00126641265312,-0.00331917253593
2,3,1.60800278791,2.41200418186,4,1,3.21600557581,0.804001393954,0.000709291001562,-0.00160243294543
2,3,1.60800278791,2.41200418186,4,2,3.21600557581,1.60800278791,-0.00237242031269,-0.00659483549639
2,3,1.60800278791,2.41200418186,4,3,3.21600557581,2.41200418186,0.00051518066412,0.000158887681835
2,3,1.60800278791,2.41200418186,4,4,3.21600557581,3.21600557581,0.00234375407197,-2.85244146217e-05
2,4,1.60800278791,3.21600557581,-4,-4,-3.21600557581,-3.21600557581,0.000622525425501,-0.00342223961116
2,4,1.60800278791,3.21600557581,-4,-3,-3.21600557581,-2.41200418186,0.003599179876,0.00175894891679
2,4,1.60800278791,3.21600557581,-4,-2,-3.21600557581,-1.60800278791,0.00195346208232,-0.00488025143977
2,4,1.60800278791,3.21600557581,-4,-1,-3.21600557581,-0.804001393954,0.002327328521,-0.00381736461494
2,4,1.60800278791,3.21600557581,-4,0,-3.21600557581,0,0.00106607219006,0.00447245716968
2,4,1.60800278791,3.21600557581,-4,1,-3.21600557581,0.804001393954,0.00683569490734,-0.00141908054249
2,4,1.60800278791,3.21600557581,-4,2,-3.21600557581,1.60800278791,0.000865265881038,0.00272565796335
2,4,1.60800278791,3.21600557581,-4,3,-3.21600557581,2.41200418186,0.000173060231987,0.00232388791385
2,4,1.60800278791,3.21600557581,-4,4,-3.21600557581,3.21600557581,0.00304072360751,0.00329810430019
2,4,1.60800278791,3.21600557581,-3,-4,-2.41200418186,-3.21600557581,-0.000527868493874,-0.00286646001204
2,4,1.60800278791,3.21600557581,-3,-3,-2.41200418186,-2.41200418186,0.00113831767774,-0.00151589329364
2,4,1.60800278791,3.21600557581,-3,-2,-2.41200418186,-1.60800278791,0.00505085045175,0.00518579964923
2,4,1.60800278791,3.21600557581,-3,-1,-2.41200418186,-0.804001393954,0.0018888740067,0.000990180889682
2,4,1.60800278791,3.21600557581,-3,0,-2.41200418186,0,-0.00786778484993,-0.00401471729316
2,4,1.60800278791,3.21600557581,-3,1,-2.41200418186,0.804001393954,0.0038222067106,0.00700900886787
2,4,1.60800278791,3.21600557581,-3,2,-2.41200418186,1.60800278791,-0.000309472716186,-0.0029407752963
2,4,1.60800278791,3.21600557581,-3,3,-2.41200418186,2.41200418186,-0.00210938142836,-0.00505873418917
2,4,1.60800278791,3.21600557581,-3,4,-2.41200418186,3.21600557581,0.000348660487192,-0.00137629006098
2,4,1.60800278791,3.21600557581,-2,-4,-1.60800278791,-3.21600557581,0.00285941059483,0.00220991879949
2,4,1.60800278791,3.21600557581,-2,-3,-1.60800278791,-2.41200418186,0.00639783143258,0.00247017365485
2,4,1.60800278791,3.21600557581,-2,-2,-1.60800278791,-1.60800278791,0.00129614797823,0.00333462901277
2,4,1.60800278791,3.21600557581,-2,-1,-1.60800278791,-0.804001393954,-0.00244715288089,0.000507752594878
2,4,1.60800278791,3.21600557581,-2,0,-1.60800278791,0,-0.0083964595813,-0.0152022630687
2,4,1.60800278791,3.21600557581,-2,1,-1.60800278791,0.804001393954,-0.00445032700289,-0.00143436954038
2,4,1.60800278791,3.21600557581,-2,2,-1.60800278791,1.60800278791,-0.00395620301039,-0.00667714607243
2,4,1.60800278791,3.21600557581,-2,3,-1.60800278791,2.41200418186,-0.00310933528195,0.00539253538676
2,4,1.60800278791,3.21600557581,-2,4,-1.60800278791,3.21600557581,0.00114233585953,0.00113813406503
2,4,1.60800278791,3.21600557581,-1,-4,-0.804001393954,-3.21600557581,0.0023775036058,0.000762777963854
2,4,1.60800278791,3.21600557581,-1,-3,-0.804001393954,-2.41200418186,-0.000200144333795,0.00275885115381
2,4,1.60800278791,3.21600557581,-1,-2,-0.804001393954,-1.60800278791,-0.000180615324136,0.00769066587612
2,4,1.60800278791,3.21600557581,-1,-1,-0.804001393954,-0.804001393954,0.0132519325456,-0.00878231882599
2,4,1.60800278791,3.21600557581,-1,0,-0.804001393954,0,-0.0511660316137,0.00507363889152
2,4,1.60800278791,3.21600557581,-1,1,-0.804001393954,0.804001393954,-0.00263371794085,-0.0130292419313
2,4,1.60800278791,3.21600557581,-1,2,-0.804001393954,1.60800278791,0.00475142209739,0.00859048736821
2,4,1.60800278791,3.21600557581,-1,3,-0.804001393954,2.41200418186,-0.00322044573132,0.00421959468852
2,4,1.60800278791,3.21600557581,-1,4,-0.804001393954,3.21600557581,-0.00309955838757,-0.000319355881439
2,4,1.60800278791,3.21600557581,0,-4,0,-3.21600557581,-0.00475477743768,-0.00229118074576
2,4,1.60800278791,3.21600557581,0,-3,0,-2.41200418186,-0.0014432742792,0.000544663971541
2,4,1.60800278791,3.21600557581,0,-2,0,-1.60800278791,0.00511922260959,-0.00712723192744
2,4,1.60800278791,3.21600557581,0,-1,0,-0.804001393954,-0.0119646606539,-0.00878743573341
2,4,1.60800278791,3.21600557581,0,0,0,0,0.0848426966078,0.0258950294128
2,4,1.60800278791,3.21600557581,0,1,0,0.804001393954,-0.0311366449827,-0.010561342037
2,4,1.60800278791,3.21600557581,0,2,0,1.60800278791,-0.00655459805413,-0.00436931350656
2,4,1.60800278791,3.21600557581,0,3,0,2.41200418186,-0.00674909362799,-0.00191424883932
2,4,1.60800278791,3.21600557581,0,4,0,3.21600557581,-0.00532888755404,-0.00135343636483
2,4,1.60800278791,3.21600557581,1,-4,0.804001393954,-3.21600557581,-0.00394078750435,0.00153966911305
2,4,1.60800278791,3.21600557581,1,-3,0.804001393954,-2.41200418186,0.00606155529173,0.00113767994664
2,4,1.60800278791,3.21600557581,1,-2,0.804001393954,-1.60800278791,-0.00622253942425,0.00511455657499
2,4,1.60800278791,3.21600557581,1,-1,0.804001393954,-0.804001393954,0.0103238345314,-0.0131778199749
2,4,1.60800278791,3.21600557581,1,0,0.804001393954,0,0.00460761857952,-0.000815825218493
2,4,1.60800278791,3.21600557581,1,1,0.804001393954,0.804001393954,-0.0330586907984,0.0125649786225
2,4,1.60800278791,3.21600557581,1,2,0.804001393954,1.60800278791,0.00111799700773,0.00908761497143
2,4,1.60800278791,3.21600557581,1,3,0.804001393954,2.41200418186,0.00201646206556,-0.00186375339187
2,4,1.60800278791,3.21600557581,1,4,0.804001393954,3.21600557581,-0.00141388696227,-0.00438175737242
2,4,1.60800278791,3.21600557581,2,-4,1.60800278791,-3.21600557581,-0.00435534697633,-0.000443907475307
2,4,1.60800278791,3.21600557581,2,-3,1.60800278791,-2.41200418186,-0.0025716764258,0.00457345965874
2,4,1.60800278791,3.21600557581,2,-2,1.60800278791,-1.60800278791,-0.0107395064862,0.00654102277333
2,4,1.60800278791,3.21600557581,2,-1,1.60800278791,-0.804001393954,-0.00393284596037,-0.000740589025717
2,4,1.60800278791,3.21600557581,2,0,1.60800278791,0,0.0164684821142,0.0124173116339
2,4,1.60800278791,3.21600557581,2,1,1.60800278791,0.804001393954,0.0018184358943,0.0123261194721
2,4,1.60800278791,3.21600557581,2,2,1.60800278791,1.60800278791,-0.000262780595549,0.00602014629732
2,4,1.60800278791,3.21600557581,2,3,1.60800278791,2.41200418186,0.00494593049682,-0.00363014842283
2,4,1.60800278791,3.21600557581,2,4,1.60800278791,3.21600557581,0.00962165782457,0
2,4,1.60800278791,3.21600557581,3,-4,2.41200418186,-3.21600557581,-0.00284618200694,0.000463563649779
2,4,1.60800278791,3.21600557581,3,-3,2.41200418186,-2.41200418186,0.000302867244161,-0.000552576063141
2,4,1.60800278791,3.21600557581,3,-2,2.41200418186,-1.60800278791,0.000616728878241,0.00284793577509
2,4,1.60800278791,3.21600557581,3,-1,2.41200418186,-0.804001393954,0.00273107656726,0.000908650916143
2,4,1.60800278791,3.21600557581,3,0,2.41200418186,0,-0.000549775780532,-0.000502550020235
2,4,1.60800278791,3.21600557581,3,1,2.41200418186,0.804001393954,-0.000247943325647,0.00257829347238
2,4,1.60800278791,3.21600557581,3,2,2.41200418186,1.60800278791,-0.00635528922379,-0.00552981983687
2,4,1.60800278791,3.21600557581,3,3,2.41200418186,2.41200418186,0.00275348433394,0.00245995739841
2,4,1.60800278791,3.21600557581,3,4,2.41200418186,3.21600557581,0.00319043009759,-0.00394667451748
2,4,1.60800278791,3.21600557581,4,-4,3.21600557581,-3.21600557581,0.00226040872237,0.000481798421801
2,4,1.60800278791,3.21600557581,4,-3,3.21600557581,-2.41200418186,-0.00282092270403,-0.00132893708528
2,4,1.60800278791,3.21600557581,4,-2,3.21600557581,-1.60800278791,0.00147856608889,0.00462231057858
2,4,1.60800278791,3.21600557581,4,-1,3.21600557581,-0.804001393954,0.00114026691086,-0.00651709725842
2,4,1.60800278791,3.21600557581,4,0,3.21600557581,0,-0.00104345291721,0.000507243032389
2,4,1.60800278791,3.21600557581,4,1,3.21600557581,0.804001393954,0.0033213013956,-0.000145535102053
2,4,1.60800278791,3.21600557581,4,2,3.21600557581,1.60800278791,0.00021325069764,-0.00260330622606
2,4,1.60800278791,3.21600557581,4,3,3.21600557581,2.41200418186,-0.00317337740324,-0.00212619337476
2,4,1.60800278791,3.21600557581,4,4,3.21600557581,3.21600557581,0.00276344200246,-0.000753486428907
3,-4,2.41200418186,-3.21600557581,-4,-4,-3.21600557581,-3.21600557581,-0.00207105502901,-0.00228587443014
3,-4,2.41200418186,-3.21600557581,-4,-3,-3.21600557581,-2.41200418186,0.00396610729084,-0.00139977176233
3,-4,2.41200418186,-3.21600557581,-4,-2,-3.21600557581,-1.60800278791,0.00250856060481,-0.0035664541753
3,-4,2.41200418186,-3.21600557581,-4,-1,-3.21600557581,-0.804001393954,0.00136459590764,-0.00223500851009
3,-4,2.41200418186,-3.21600557581,-4,0,-3.21600557581,0,-0.00043049848294,0.000517452293575
3,-4,2.41200418186,-3.21600557581,-4,1,-3.21600557581,0.804001393954,-0.000936432708285,0.00186980911494
3,-4,2.41200418186,-3.21600557581,-4,2,-3.21600557581,1.60800278791,0.00232946873543,-0.00258993212118
3,-4,2.41200418186,-3.21600557581,-4,3,-3.21600557581,2.41200418186,-0.00207514640587,-0.00235126128318
3,-4,2.41200418186,-3.21600557581,-4,4,-3.21600557581,3.21600557581,-0.00361109849618,-0.00140754000597
3,-4,2.41200418186,-3.21600557581,-3,-4,-2.41200418186,-3.21600557581,-0.000109979167424,0.00422594354728
3,-4,2.41200418186,-3.21600557581,-3,-3,-2.41200418186,-2.41200418186,0.00472300145646,-0.00371449598181
3,-4,2.41200418186,-3.21600557581,-3,-2,-2.41200418186,-1.60800278791,-0.00489635318394,-0.00593030795201
3,-4,2.41200418186,-3.21600557581,-3,-1,-2.41200418186,-0.804001393954,0.0039217499619,-0.00813451334518
3,-4,2.41200418186,-3.21600557581,-3,0,-2.41200418186,0,0.00167234113517,0.000591749646046
3,-4,2.41200418186,-3.21600557581,-3,1,-2.41200418186,0.804001393954,0.00109817752885,-0.000207056315337
3,-4,2.41200418186,-3.21600557581,-3,2,-2.41200418186,1.60800278791,-0.00444485708329,-0.00468506880029
3,-4,2.41200418186,-3.21600557581,-3,3,-2.41200418186,2.41200418186,-0.00208798275491,-0.00163304261436
3,-4,2.41200418186,-3.21600557581,-3,4,-2.41200418186,3.21600557581,-0.00086619757754,-0.00881645072929
3,-4,2.41200418186,-3.21600557581,-2,-4,-1.60800278791,-3.21600557581,0.000348660487192,-0.00137629006098
3,-4,2.41200418186,-3.21600557581,-2,-3,-1.60800278791,-2.41200418186,-0.000543563814838,0.00359326803987
3,-4,2.41200418186,-3.21600557581,-2,-2,-1.60800278791,-1.60800278791,-0.00380130560918,0.00577410891485
3,-4,2.41200418186,-3.21600557581,-2,-1,-1.60800278791,-0.804001393954,0.00679993334496,-0.0074174918824
3,-4,2.41200418186,-3.21600557581,-2,0,-1.60800278791,0,-0.00889892613594,-0.0126425929879
3,-4,2.41200418186,-3.21600557581,-2,1,-1.60800278791,0.804001393954,0.00251910786249,0.0124840795864
3,-4,2.41200418186,-3.21600557581,-2,2,-1.60800278791,1.60800278791,0.00346041562926,-0.00110240490207
3,-4,2.41200418186,-3.21600557581,-2,3,-1.60800278791,2.41200418186,-0.00201138900988,-0.00676259788114
3,-4,2.41200418186,-3.21600557581,-2,4,-1.60800278791,3.21600557581,-0.00124262658267,-0.00457748847586
3,-4,2.41200418186,-3.21600557581,-1,-4,-0.804001393954,-3.21600557581,-0.00199481327146,-0.00130124254582
3,-4,2.41200418186,-3.21600557581,-1,-3,-0.804001393954,-2.41200418186,-0.00367393515874,-0.00669475057904
3,-4,2.41200418186,-3.21600557581,-1,-2,-0.804001393954,-1.60800278791,-0.00510694208888,0.0115552558019
3,-4,2.41200418186,-3.21600557581,-1,-1,-0.804001393954,-0.804001393954,0.0135631146285,0.00141020435014
3,-4,2.41200418186,-3.21600557581,-1,0,-0.804001393954,0,0.012549209033,0.0432320831754
3,-4,2.41200418186,-3.21600557581,-1,1,-0.804001393954,0.804001393954,-0.00596983620218,-0.000301311487526
3,-4,2.41200418186,-3.21600557581,-1,2,-0.804001393954,1.60800278791,-0.00805880186586,-0.00915723236266
3,-4,2.41200418186,-3.21600557581,-1,3,-0.804001393954,2.41200418186,-0.0099603839304,0.00360505461108
3,-4,2.41200418186,-3.21600557581,-1,4,-0.804001393954,3.21600557581,0.000818436783163,0.00242903876155
3,-4,2.41200418186,-3.21600557581,0,-4,0,-3.21600557581,0.00108907733443,-0.00114383171761
3,-4,2.41200418186,-3.21600557581,0,-3,0,-2.41200418186,-0.0044286118557,0.00444519411846
3,-4,2.41200418186,-3.21600557581,0,-2,0,-1.60800278791,-0.00701886417024,0.0128146373992
3,-4,2.41200418186,-3.21600557581,0,-1,0,-0.804001393954,-0.0497617573868,0.0111466417383
3,-4,2.41200418186,-3.21600557581,0,0,0,0,0.0132959750653,0.0142524928255
3,-4,2.41200418186,-3.21600557581,0,1,0,0.804001393954,-0.0394799636713,0.0252068725981
3,-4,2.41200418186,-3.21600557581,0,2,0,1.60800278791,-0.00269780422167,0.0198878920209
3,-4,2.41200418186,-3.21600557581,0,3,0,2.41200418186,0.00658590713463,0.00752552330082
3,-4,2.41200418186,-3.21600557581,0,4,0,3.21600557581,-0.000572878524109,-0.00176601091949
3,-4,2.41200418186,-3.21600557581,1,-4,0.804001393954,-3.21600557581,-0.00274174658235,-0.000218902313719
3,-4,2.41200418186,-3.21600557581,1,-3,0.804001393954,-2.41200418186,-0.00368769345192,-0.000580609690033
3,-4,2.41200418186,-3.21600557581,1,-2,0.804001393954,-1.60800278791,-0.00330786220153,0.00211500981809
3,-4,2.41200418186,-3.21600557581,1,-1,0.804001393954,-0.804001393954,-0.00265375199757,-0.00564482701273
3,-4,2.41200418186,-3.21600557581,1,0,0.804001393954,0,0.00998387944284,-0.00927974516915
3,-4,2.41200418186,-3.21600557581,1,1,0.804001393954,0.804001393954,0.00399739862953,0.0136414604009
3,-4,2.41200418186,-3.21600557581,1,2,0.804001393954,1.60800278791,0.00929345059194,-0.00221977875853
3,-4,2.41200418186,-3.21600557581,1,3,0.804001393954,2.41200418186,0.0072796721138,-0.00505199298143
3,-4,2.41200418186,-3.21600557581,1,4,0.804001393954,3.21600557581,-0.00150027844566,0.00248682588784
3,-4,2.41200418186,-3.21600557581,2,-4,1.60800278791,-3.21600557581,-0.000443700692189,0.00402099070481
3,-4,2.41200418186,-3.21600557581,2,-3,1.60800278791,-2.41200418186,0.00248101105529,-0.000484452904184
3,-4,2.41200418186,-3.21600557581,2,-2,1.60800278791,-1.60800278791,0.00958116667824,0.00405832236655
3,-4,2.41200418186,-3.21600557581,2,-1,1.60800278791,-0.804001393954,0.0063796603394,-0.00781321367988
3,-4,2.41200418186,-3.21600557581,2,0,1.60800278791,0,0.00470323415287,0.00527551882391
3,-4,2.41200418186,-3.21600557581,2,1,1.60800278791,0.804001393954,-0.00303031665343,0.00088196894968
3,-4,2.41200418186,-3.21600557581,2,2,1.60800278791,1.60800278791,0.00552636560049,-0.00190006085674
3,-4,2.41200418186,-3.21600557581,2,3,1.60800278791,2.41200418186,-0.000269954515135,-0.00400812444788
3,-4,2.41200418186,-3.21600557581,2,4,1.60800278791,3.21600557581,-0.00284618200694,-0.000463563649779
3,-4,2.41200418186,-3.21600557581,3,-4,2.41200418186,-3.21600557581,0.0101745443491,0
3,-4,2.41200418186,-3.21600557581,3,-3,2.41200418186,-2.41200418186,0.00464993492363,-0.00400635141151
3,-4,2.41200418186,-3.21600557581,3,-2,2.41200418186,-1.60800278791,0.000407544754646,-0.0011522744636
3,-4,2.41200418186,-3.21600557581,3,-1,2.41200418186,-0.804001393954,0.00174447294263,-0.00134980279387
3,-4,2.41200418186,-3.21600557581,3,0,2.41200418186,0,0.0061130153656,-5.12952717301e-05
3,-4,2.41200418186,-3.21600557581,3,1,2.41200418186,0.804001393954,-0.00142573450108,0.000869617550929
3,-4,2.41200418186,-3.21600557581,3,2,2.41200418186,1.60800278791,-0.00187950698008,-0.0078261497075
3,-4,2.41200418186,-3.21600557581,3,3,2.41200418186,2.41200418186,-0.000992032402205,0.00256657292918
3,-4,2.41200418186,-3.21600557581,3,4,2.41200418186,3.21600557581,-0.00242284626844,-0.0019872667388
3,-4,2.41200418186,-3.21600557581,4,-4,3.21600557581,-3.21600557581,-0.00256089352411,0.000897317303671
3,-4,2.41200418186,-3.21600557581,4,-3,3.21600557581,-2.41200418186,0.00121370747731,-0.00105918544452
3,-4,2.41200418186,-3.21600557581,4,-2,3.21600557581,-1.60800278791,-0.0012799650401,7.33456211243e-05
3,-4,2.41200418186,-3.21600557581,4,-1,3.21600557581,-0.804001393954,-0.00173673549464,-0.00471332282206
3,-4,2.41200418186,-3.21600557581,4,0,3.21600557581,0,-0.000131501536301,-0.00112655997551
3,-4,2.41200418186,-3.21600557581,4,1,3.21600557581,0.804001393954,0.00204933203712,-0.000732464595855
3,-4,2.41200418186,-3.21600557581,4,2,3.21600557581,1.60800278791,-0.00221669044035,0.00133613691445
3,-4,2.41200418186,-3.21600557581,4,3,3.21600557581,2.41200418186,0.00192405427999,-0.000869403390206
3,-4,2.41200418186,-3.21600557581,4,4,3.21600557581,3.21600557581,-0.00552784808421,-0.00391512726855
3,-3,2.41200418186,-2.41200418186,-4,-4,-3.21600557581,-3.21600557581,0.000213847141806,0.000545946082477
3,-3,2.41200418186,-2.41200418186,-4,-3,-3.21600557581,-2.41200418186,0.0004183512872,0.000182064189614
3,-3,2.41200418186,-2.41200418186,-4,-2,-3.21600557581,-1.60800278791,0.000980535534147,0.000386490208477
3,-3,2.41200418186,-2.41200418186,-4,-1,-3.21600557581,-0.804001393954,0.00136300435016,-0.000761388457867
3,-3,2.41200418186,-2.41200418186,-4,0,-3.21600557581,0,0.00243816739123,0.000832297213634
3,-3,2.41200418186,-2.41200418186,-4,1,-3.21600557581,0.804001393954,0.0026472416377,-0.00156502293734
3,-3,2.41200418186,-2.41200418186,-4,2,-3.21600557581,1.60800278791,0.00224113313843,-0.000795237223766
3,-3,2.41200418186,-2.41200418186,-4,3,-3.21600557581,2.41200418186,-0.000404339871231,0.000956840141065
3,-3,2.41200418186,-2.41200418186,-4,4,-3.21600557581,3.21600557581,-0.0056616805568,-0.00775809746467
3,-3,2.41200418186,-2.41200418186,-3,-4,-2.41200418186,-3.21600557581,0.00616063251878,-6.3373329533e-05
3,-3,2.41200418186,-2.41200418186,-3,-3,-2.41200418186,-2.41200418186,-0.000158530330688,0.00498936756663
3,-3,2.41200418186,-2.41200418186,-3,-2,-2.41200418186,-1.60800278791,0.00475775796194,-0.000541124428857
3,-3,2.41200418186,-2.41200418186,-3,-1,-2.41200418186,-0.804001393954,-0.00254278260872,-0.00300050203539
3,-3,2.41200418186,-2.41200418186,-3,0,-2.41200418186,0,0.00951806903852,-0.00415740193298
3,-3,2.41200418186,-2.41200418186,-3,1,-2.41200418186,0.804001393954,-0.000401174888118,-0.00278495987316
3,-3,2.41200418186,-2.41200418186,-3,2,-2.41200418186,1.60800278791,0.00372801668416,-0.00211400084737
3,-3,2.41200418186,-2.41200418186,-3,3,-2.41200418186,2.41200418186,0.00355780965496,-0.00492022625256
3,-3,2.41200418186,-2.41200418186,-3,4,-2.41200418186,3.21600557581,-0.00208798275491,-0.00163304261436
3,-3,2.41200418186,-2.41200418186,-2,-4,-1.60800278791,-3.21600557581,-0.00210938142836,-0.00505873418917
3,-3,2.41200418186,-2.41200418186,-2,-3,-1.60800278791,-2.41200418186,-0.00396998598052,-0.00216693274565
3,-3,2.41200418186,-2.41200418186,-2,-2,-1.60800278791,-1.60800278791,0.00728152060058,-0.00566375675138
3,-3,2.41200418186,-2.41200418186,-2,-1,-1.60800278791,-0.804001393954,-0.0031663516691,0.0113032192108
3,-3,2.41200418186,-2.41200418186,-2,0,-1.60800278791,0,0.00661500743558,-0.00954899053703
3,-3,2.41200418186,-2.41200418186,-2,1,-1.60800278791,0.804001393954,0.000582043069765,-0.0184954850097
3,-3,2.41200418186,-2.41200418186,-2,2,-1.60800278791,1.60800278791,0.0051186766605,0.0154321959736
3,-3,2.41200418186,-2.41200418186,-2,3,-1.60800278791,2.41200418186,0.000359199426796,-0.000521463740477
3,-3,2.41200418186,-2.41200418186,-2,4,-1.60800278791,3.21600557581,-0.00127246460744,-0.00184829160345
3,-3,2.41200418186,-2.41200418186,-1,-4,-0.804001393954,-3.21600557581,-0.000520635143091,-0.00177482727957
3,-3,2.41200418186,-2.41200418186,-1,-3,-0.804001393954,-2.41200418186,-0.00294669184538,-0.00534601677555
3,-3,2.41200418186,-2.41200418186,-1,-2,-0.804001393954,-1.60800278791,-0.00951694068999,-0.018911399911
3,-3,2.41200418186,-2.41200418186,-1,-1,-0.804001393954,-0.804001393954,-0.0111169779314,0.0262953477499
3,-3,2.41200418186,-2.41200418186,-1,0,-0.804001393954,0,0.0166074631846,0.000609463944358
3,-3,2.41200418186,-2.41200418186,-1,1,-0.804001393954,0.804001393954,0.012315385984,0.0273611763721
3,-3,2.41200418186,-2.41200418186,-1,2,-0.804001393954,1.60800278791,-0.00601568998572,0.00334605477872
3,-3,2.41200418186,-2.41200418186,-1,3,-0.804001393954,2.41200418186,-0.00553600407556,-0.00580701559769
3,-3,2.41200418186,-2.41200418186,-1,4,-0.804001393954,3.21600557581,-0.00363072700349,-0.000711818636594
3,-3,2.41200418186,-2.41200418186,0,-4,0,-3.21600557581,-0.000686851649393,0.00516541880477
3,-3,2.41200418186,-2.41200418186,0,-3,0,-2.41200418186,0.00418184090779,-0.00795017264523
3,-3,2.41200418186,-2.41200418186,0,-2,0,-1.60800278791,-0.00325241714898,0.0262151551099
3,-3,2.41200418186,-2.41200418186,0,-1,0,-0.804001393954,-0.00955498402062,0.0333711495867
3,-3,2.41200418186,-2.41200418186,0,0,0,0,-0.12893613526,0.0237540282773
3,-3,2.41200418186,-2.41200418186,0,1,0,0.804001393954,0.00833852411353,0.00631378004362
3,-3,2.41200418186,-2.41200418186,0,2,0,1.60800278791,-0.0245898287367,0.00667775582925
3,-3,2.41200418186,-2.41200418186,0,3,0,2.41200418186,0.00275586307271,0.00882151375232
3,-3,2.41200418186,-2.41200418186,0,4,0,3.21600557581,-0.0016088215005,0.0044657904126
3,-3,2.41200418186,-2.41200418186,1,-4,0.804001393954,-3.21600557581,0.00521306632185,0.000713364932907
3,-3,2.41200418186,-2.41200418186,1,-3,0.804001393954,-2.41200418186,-0.00541723513447,-0.00428821353327
3,-3,2.41200418186,-2.41200418186,1,-2,0.804001393954,-1.60800278791,-0.0143237470979,0.00623561602029
3,-3,2.41200418186,-2.41200418186,1,-1,0.804001393954,-0.804001393954,-0.010004400134,-0.00498340450833
3,-3,2.41200418186,-2.41200418186,1,0,0.804001393954,0,0.000452908500886,-0.00893078522596
3,-3,2.41200418186,-2.41200418186,1,1,0.804001393954,0.804001393954,0.0169115595672,-0.00635306105541
3,-3,2.41200418186,-2.41200418186,1,2,0.804001393954,1.60800278791,0.00164577188821,0.0102974295488
3,-3,2.41200418186,-2.41200418186,1,3,0.804001393954,2.41200418186,0.00210187514479,-0.00250191863226
3,-3,2.41200418186,-2.41200418186,1,4,0.804001393954,3.21600557581,0.00549759999581,0.000864222520017
3,-3,2.41200418186,-2.41200418186,2,-4,1.60800278791,-3.21600557581,-0.000190588582973,-0.000722771549552
3,-3,2.41200418186,-2.41200418186,2,-3,1.60800278791,-2.41200418186,0.00182279468009,-0.00114677734968
3,-3,2.41200418186,-2.41200418186,2,-2,1.60800278791,-1.60800278791,0.00135094493374,-0.00159937304904
3,-3,2.41200418186,-2.41200418186,2,-1,1.60800278791,-0.804001393954,0.0118539408623,0.00169879513778
3,-3,2.41200418186,-2.41200418186,2,0,1.60800278791,0,0.0057826455703,-0.000846398035364
3,-3,2.41200418186,-2.41200418186,2,1,1.60800278791,0.804001393954,0.0034276580066,0.0084016712885
3,-3,2.41200418186,-2.41200418186,2,2,1.60800278791,1.60800278791,0.00449951088897,0.00240455191777
3,-3,2.41200418186,-2.41200418186,2,3,1.60800278791,2.41200418186,-0.00256486126535,0.000755554511902
3,-3,2.41200418186,-2.41200418186,2,4,1.60800278791,3.21600557581,0.000302867244161,0.000552576063141
3,-3,2.41200418186,-2.41200418186,3,-4,2.41200418186,-3.21600557581,0.00464993492363,0.00400635141151
3,-3,2.41200418186,-2.41200418186,3,-3,2.41200418186,-2.41200418186,0.0219849805374,0
3,-3,2.41200418186,-2.41200418186,3,-2,2.41200418186,-1.60800278791,0.00433641075404,8.57165178824e-05
3,-3,2.41200418186,-2.41200418186,3,-1,2.41200418186,-0.804001393954,0.00415285545625,-0.00254028772465
3,-3,2.41200418186,-2.41200418186,3,0,2.41200418186,0,0.00479602424438,-0.0034112482852
3,-3,2.41200418186,-2.41200418186,3,1,2.41200418186,0.804001393954,0.00550320006265,0.000730022406927
3,-3,2.41200418186,-2.41200418186,3,2,2.41200418186,1.60800278791,7.59097912599e-05,-2.49331856502e-05
3,-3,2.41200418186,-2.41200418186,3,3,2.41200418186,2.41200418186,-0.00503787506571,-0.00542568582252
3,-3,2.41200418186,-2.41200418186,3,4,2.41200418186,3.21600557581,-0.00093516511572,0.00104598339573
3,-3,2.41200418186,-2.41200418186,4,-4,3.21600557581,-3.21600557581,-0.0033420612132,0.00440153188792
3,-3,2.41200418186,-2.41200418186,4,-3,3.21600557581,-2.41200418186,0.00133374188556,-0.00165712308177
3,-3,2.41200418186,-2.41200418186,4,-2,3.21600557581,-1.60800278791,-0.00291865355256,0.000662037428382
3,-3,2.41200418186,-2.41200418186,4,-1,3.21600557581,-0.804001393954,-0.00191965635404,0.00189446188988
3,-3,2.41200418186,-2.41200418186,4,0,3.21600557581,0,-0.00597259733451,-0.00389068105768
3,-3,2.41200418186,-2.41200418186,4,1,3.21600557581,0.804001393954,-0.00394534596403,-0.00465823357104
3,-3,2.41200418186,-2.41200418186,4,2,3.21600557581,1.60800278791,0.0066533750164,0.0006492449779
3,-3,2.41200418186,-2.41200418186,4,3,3.21600557581,2.41200418186,0.000973114049134,-0.00378540865292
3,-3,2.41200418186,-2.41200418186,4,4,3.21600557581,3.21600557581,-0.0010060560155,0.00065960132687
3,-2,2.41200418186,-1.60800278791,-4,-4,-3.21600557581,-3.21600557581,0.00468812945227,0.00651799474343
3,-2,2.41200418186,-1.60800278791,-4,-3,-3.21600557581,-2.41200418186,0.00314682726017,-0.00103612779427
3,-2,2.41200418186,-1.60800278791,-4,-2,-3.21600557581,-1.60800278791,-0.000713504179882,-0.00170985336238
3,-2,2.41200418186,-1.60800278791,-4,-1,-3.21600557581,-0.804001393954,0.00794480439692,0.00219618783246
3,-2,2.41200418186,-1.60800278791,-4,0,-3.21600557581,0,0.000381734529896,0.00372493749567
3,-2,2.41200418186,-1.60800278791,-4,1,-3.21600557581,0.804001393954,0.000644145919001,-0.000849730904924
3,-2,2.41200418186,-1.60800278791,-4,2,-3.21600557581,1.60800278791,0.00244812024653,-0.0052571775297
3,-2,2.41200418186,-1.60800278791,-4,3,-3.21600557581,2.41200418186,0.00596618547051,-0.00122678862632
3,-2,2.41200418186,-1.60800278791,-4,4,-3.21600557581,3.21600557581,-0.00349471939128,-0.00305197896163
3,-2,2.41200418186,-1.60800278791,-3,-4,-2.41200418186,-3.21600557581,0.00552238160722,0.00283425874509
3,-2,2.41200418186,-1.60800278791,-3,-3,-2.41200418186,-2.41200418186,-0.000453671984251,-0.00361781296836
3,-2,2.41200418186,-1.60800278791,-3,-2,-2.41200418186,-1.60800278791,0.00286173482941,-0.00178566621067
3,-2,2.41200418186,-1.60800278791,-3,-1,-2.41200418186,-0.804001393954,0.00125996447391,0.000673938223838
3,-2,2.41200418186,-1.60800278791,-3,0,-2.41200418186,0,-0.00504479348918,-0.00248429891282
3,-2,2.41200418186,-1.60800278791,-3,1,-2.41200418186,0.804001393954,0.00590502168726,-0.00984089166812
3,-2,2.41200418186,-1.60800278791,-3,2,-2.41200418186,1.60800278791,-0.00282382473419,-0.00545302431506
3,-2,2.41200418186,-1.60800278791,-3,3,-2.41200418186,2.41200418186,0.00372801668416,-0.00211400084737
3,-2,2.41200418186,-1.60800278791,-3,4,-2.41200418186,3.21600557581,-0.00444485708329,-0.00468506880029
3,-2,2.41200418186,-1.60800278791,-2,-4,-1.60800278791,-3.21600557581,-0.000309472716186,-0.0029407752963
3,-2,2.41200418186,-1.60800278791,-2,-3,-1.60800278791,-2.41200418186,0.00318274482327,-0.00286819154998
3,-2,2.41200418186,-1.60800278791,-2,-2,-1.60800278791,-1.60800278791,-0.00833728150763,-0.00296450062077
3,-2,2.41200418186,-1.60800278791,-2,-1,-1.60800278791,-0.804001393954,0.00339974865012,-0.00224412721873
3,-2,2.41200418186,-1.60800278791,-2,0,-1.60800278791,0,0.00097591495815,0.019009964263
3,-2,2.41200418186,-1.60800278791,-2,1,-1.60800278791,0.804001393954,0.00341091166267,-0.00213149184605
3,-2,2.41200418186,-1.60800278791,-2,2,-1.60800278791,1.60800278791,-0.00633525920478,-0.00665380627245
3,-2,2.41200418186,-1.60800278791,-2,3,-1.60800278791,2.41200418186,0.00155459196707,0.00963174280236
3,-2,2.41200418186,-1.60800278791,-2,4,-1.60800278791,3.21600557581,0.00012753624396,-0.00315870002184
3,-2,2.41200418186,-1.60800278791,-1,-4,-0.804001393954,-3.21600557581,0.00194870005185,-2.36781795709e-05
3,-2,2.41200418186,-1.60800278791,-1,-3,-0.804001393954,-2.41200418186,0.00190346648795,0.00797822004165
3,-2,2.41200418186,-1.60800278791,-1,-2,-0.804001393954,-1.60800278791,-0.00177635270711,-0.0146995405212
3,-2,2.41200418186,-1.60800278791,-1,-1,-0.804001393954,-0.804001393954,-0.017731948869,-0.0277681946841
3,-2,2.41200418186,-1.60800278791,-1,0,-0.804001393954,0,-0.0211320822178,0.0300396390452
3,-2,2.41200418186,-1.60800278791,-1,1,-0.804001393954,0.804001393954,0.0181160914564,-0.00409288886588
3,-2,2.41200418186,-1.60800278791,-1,2,-0.804001393954,1.60800278791,0.00207863075478,0.0195873222621
3,-2,2.41200418186,-1.60800278791,-1,3,-0.804001393954,2.41200418186,0.000126361188521,0.0026770330582
3,-2,2.41200418186,-1.60800278791,-1,4,-0.804001393954,3.21600557581,-0.00474670072757,-0.00147319822095
3,-2,2.41200418186,-1.60800278791,0,-4,0,-3.21600557581,4.35082732631e-05,0.000386295915543
3,-2,2.41200418186,-1.60800278791,0,-3,0,-2.41200418186,-0.00211940252098,0.006932503263
3,-2,2.41200418186,-1.60800278791,0,-2,0,-1.60800278791,0.00709060305009,-0.0137074932013
3,-2,2.41200418186,-1.60800278791,0,-1,0,-0.804001393954,-0.0114516270674,0.0387855350692
3,-2,2.41200418186,-1.60800278791,0,0,0,0,-0.00679080269192,0.0620842291666
3,-2,2.41200418186,-1.60800278791,0,1,0,0.804001393954,-0.0399594207476,0.00478559774435
3,-2,2.41200418186,-1.60800278791,0,2,0,1.60800278791,0.00149862765253,0.0083536972509
3,-2,2.41200418186,-1.60800278791,0,3,0,2.41200418186,-0.00650988524035,0.00363280829987
3,-2,2.41200418186,-1.60800278791,0,4,0,3.21600557581,-0.00676963421611,4.67076203808e-05
3,-2,2.41200418186,-1.60800278791,1,-4,0.804001393954,-3.21600557581,-0.000593235345711,0.000497384398602
3,-2,2.41200418186,-1.60800278791,1,-3,0.804001393954,-2.41200418186,0.00679102180433,-0.000398321275355
3,-2,2.41200418186,-1.60800278791,1,-2,0.804001393954,-1.60800278791,-0.00705990545311,-0.00908325073446
3,-2,2.41200418186,-1.60800278791,1,-1,0.804001393954,-0.804001393954,-0.0180648077513,0.00295307732398
3,-2,2.41200418186,-1.60800278791,1,0,0.804001393954,0,-0.0110150012475,0.00729858453103
3,-2,2.41200418186,-1.60800278791,1,1,0.804001393954,0.804001393954,0.00822376393099,-0.00653022189714
3,-2,2.41200418186,-1.60800278791,1,2,0.804001393954,1.60800278791,0.0119569753264,-0.00850499804652
3,-2,2.41200418186,-1.60800278791,1,3,0.804001393954,2.41200418186,0.00450602502855,-0.000473727440381
3,-2,2.41200418186,-1.60800278791,1,4,0.804001393954,3.21600557581,0.00120437303305,-0.00637117509042
3,-2,2.41200418186,-1.60800278791,2,-4,1.60800278791,-3.21600557581,0.00241087606812,-0.0014602759725
3,-2,2.41200418186,-1.60800278791,2,-3,1.60800278791,-2.41200418186,-0.00123250530092,0.00124783616468
3,-2,2.41200418186,-1.60800278791,2,-2,1.60800278791,-1.60800278791,0.00363826920565,0.00144961837959
3,-2,2.41200418186,-1.60800278791,2,-1,1.60800278791,-0.804001393954,-0.0134224396359,-0.00259192777033
3,-2,2.41200418186,-1.60800278791,2,0,1.60800278791,0,-0.000439549481027,0.000426653479421
3,-2,2.41200418186,-1.60800278791,2,1,1.60800278791,0.804001393954,0.00525901496536,-0.0057130076893
3,-2,2.41200418186,-1.60800278791,2,2,1.60800278791,1.60800278791,0.00208107737162,0.00244310173798
3,-2,2.41200418186,-1.60800278791,2,3,1.60800278791,2.41200418186,0.00204494335463,0.00248015693473
3,-2,2.41200418186,-1.60800278791,2,4,1.60800278791,3.21600557581,0.000616728878241,-0.00284793577509
3,-2,2.41200418186,-1.60800278791,3,-4,2.41200418186,-3.21600557581,0.000407544754646,0.0011522744636
3,-2,2.41200418186,-1.60800278791,3,-3,2.41200418186,-2.41200418186,0.00433641075404,-8.57165178824e-05
3,-2,2.41200418186,-1.60800278791,3,-2,2.41200418186,-1.60800278791,0.0267418363917,0
3,-2,2.41200418186,-1.60800278791,3,-1,2.41200418186,-0.804001393954,0.00416912009037,-0.00218729427926
3,-2,2.41200418186,-1.60800278791,3,0,2.41200418186,0,-0.00322419016796,-0.00458415736037
3,-2,2.41200418186,-1.60800278791,3,1,2.41200418186,0.804001393954,0.00422564453204,0.00545133011006
3,-2,2.41200418186,-1.60800278791,3,2,2.41200418186,1.60800278791,0.00336369213972,-0.000434844913751
3,-2,2.41200418186,-1.60800278791,3,3,2.41200418186,2.41200418186,0.00358517489738,0.00117824720526
3,-2,2.41200418186,-1.60800278791,3,4,2.41200418186,3.21600557581,-0.00459251812289,0.00394940358601
3,-2,2.41200418186,-1.60800278791,4,-4,3.21600557581,-3.21600557581,0.00133377952962,0.000673832028949
3,-2,2.41200418186,-1.60800278791,4,-3,3.21600557581,-2.41200418186,-0.00461364695681,-0.00127191581957
3,-2,2.41200418186,-1.60800278791,4,-2,3.21600557581,-1.60800278791,0.00167882923597,-0.000397917699592
3,-2,2.41200418186,-1.60800278791,4,-1,3.21600557581,-0.804001393954,-0.000579426879739,-0.00350992868726
3,-2,2.41200418186,-1.60800278791,4,0,3.21600557581,0,0.00029689154724,0.00473255479881
3,-2,2.41200418186,-1.60800278791,4,1,3.21600557581,0.804001393954,-0.00496230930175,0.00058398346036
3,-2,2.41200418186,-1.60800278791,4,2,3.21600557581,1.60800278791,0.00166374567067,-0.00300805777899
3,-2,2.41200418186,-1.60800278791,4,3,3.21600557581,2.41200418186,0.00219415107264,-0.000915938701412
3,-2,2.41200418186,-1.60800278791,4,4,3.21600557581,3.21600557581,0.0010774182778,-0.000771957202055
3,-1,2.41200418186,-0.804001393954,-4,-4,-3.21600557581,-3.21600557581,-0.00272842359149,0.00307907767803
3,-1,2.41200418186,-0.804001393954,-4,-3,-3.21600557581,-2.41200418186,-0.000440098518484,-0.00423960961963
3,-1,2.41200418186,-0.804001393954,-4,-2,-3.21600557581,-1.60800278791,0.00332323081905,0.00555128997754
3,-1,2.41200418186,-0.804001393954,-4,-1,-3.21600557581,-0.804001393954,-0.0033047312824,-0.00564137368043
3,-1,2.41200418186,-0.804001393954,-4,0,-3.21600557581,0,0.00655028571136,0.00587502703455
3,-1,2.41200418186,-0.804001393954,-4,1,-3.21600557581,0.804001393954,0.000222376341921,0.0107194254015
3,-1,2.41200418186,-0.804001393954,-4,2,-3.21600557581,1.60800278791,0.00739534503216,0.00392483849384
3,-1,2.41200418186,-0.804001393954,-4,3,-3.21600557581,2.41200418186,0.000832173773459,-0.00248314970102
3,-1,2.41200418186,-0.804001393954,-4,4,-3.21600557581,3.21600557581,-0.00098949455407,-0.00169489313039
3,-1,2.41200418186,-0.804001393954,-3,-4,-2.41200418186,-3.21600557581,0.00371068277302,0.00492133427446
3,-1,2.41200418186,-0.804001393954,-3,-3,-2.41200418186,-2.41200418186,0.00517728515255,-0.00334066878459
3,-1,2.41200418186,-0.804001393954,-3,-2,-2.41200418186,-1.60800278791,0.00583833170991,-0.00651800205048
3,-1,2.41200418186,-0.804001393954,-3,-1,-2.41200418186,-0.804001393954,0.010398185628,0.0021060538654
3,-1,2.41200418186,-0.804001393954,-3,0,-2.41200418186,0,0.00308944852529,-0.00282669026353
3,-1,2.41200418186,-0.804001393954,-3,1,-2.41200418186,0.804001393954,-0.00402528394252,-0.000579088507974
3,-1,2.41200418186,-0.804001393954,-3,2,-2.41200418186,1.60800278791,0.00590502168726,-0.00984089166812
3,-1,2.41200418186,-0.804001393954,-3,3,-2.41200418186,2.41200418186,-0.000401174888118,-0.00278495987316
3,-1,2.41200418186,-0.804001393954,-3,4,-2.41200418186,3.21600557581,0.00109817752885,-0.000207056315337
3,-1,2.41200418186,-0.804001393954,-2,-4,-1.60800278791,-3.21600557581,0.0038222067106,0.00700900886787
3,-1,2.41200418186,-0.804001393954,-2,-3,-1.60800278791,-2.41200418186,0.00239209534328,-0.00118546526654
3,-1,2.41200418186,-0.804001393954,-2,-2,-1.60800278791,-1.60800278791,0.00078763553863,-0.00711384455527
3,-1,2.41200418186,-0.804001393954,-2,-1,-1.60800278791,-0.804001393954,-0.0184619909913,-0.00788769727319
3,-1,2.41200418186,-0.804001393954,-2,0,-1.60800278791,0,0.00279722119674,-0.00783553762324
3,-1,2.41200418186,-0.804001393954,-2,1,-1.60800278791,0.804001393954,-0.00330239901125,0.0086783599945
3,-1,2.41200418186,-0.804001393954,-2,2,-1.60800278791,1.60800278791,0.003473948768,-0.00978077791843
3,-1,2.41200418186,-0.804001393954,-2,3,-1.60800278791,2.41200418186,-0.0022081962726,-0.00460438704096
3,-1,2.41200418186,-0.804001393954,-2,4,-1.60800278791,3.21600557581,0.00177127171154,0.00831843678654
3,-1,2.41200418186,-0.804001393954,-1,-4,-0.804001393954,-3.21600557581,0.00127680418057,0.000684748409299
3,-1,2.41200418186,-0.804001393954,-1,-3,-0.804001393954,-2.41200418186,-0.00343628603844,-0.00108252542157
3,-1,2.41200418186,-0.804001393954,-1,-2,-0.804001393954,-1.60800278791,0.00256726192304,0.0178580084178
3,-1,2.41200418186,-0.804001393954,-1,-1,-0.804001393954,-0.804001393954,-0.00571166612756,-0.0216490034338
3,-1,2.41200418186,-0.804001393954,-1,0,-0.804001393954,0,-0.0245198622569,-0.0236436538025
3,-1,2.41200418186,-0.804001393954,-1,1,-0.804001393954,0.804001393954,-0.0119132266141,0.0292141228807
3,-1,2.41200418186,-0.804001393954,-1,2,-0.804001393954,1.60800278791,0.0128116403632,-0.000891872591861
3,-1,2.41200418186,-0.804001393954,-1,3,-0.804001393954,2.41200418186,0.00112104029521,0.00621235086585
3,-1,2.41200418186,-0.804001393954,-1,4,-0.804001393954,3.21600557581,0.0018123930198,-0.000333212616803
3,-1,2.41200418186,-0.804001393954,0,-4,0,-3.21600557581,0.000829955395642,0.00143259928133
3,-1,2.41200418186,-0.804001393954,0,-3,0,-2.41200418186,-4.83381104234e-05,0.00140982766727
3,-1,2.41200418186,-0.804001393954,0,-2,0,-1.60800278791,-0.0131055207021,0.013048323676
3,-1,2.41200418186,-0.804001393954,0,-1,0,-0.804001393954,0.0187000500212,-0.0147833022265
3,-1,2.41200418186,-0.804001393954,0,0,0,0,-0.0233317241293,0.0762149909014
3,-1,2.41200418186,-0.804001393954,0,1,0,0.804001393954,-0.015320965443,0.0328110165413
3,-1,2.41200418186,-0.804001393954,0,2,0,1.60800278791,-0.0247936187285,0.0115108980171
3,-1,2.41200418186,-0.804001393954,0,3,0,2.41200418186,-0.00262703784578,-0.00158165960268
3,-1,2.41200418186,-0.804001393954,0,4,0,3.21600557581,-0.00635260273704,-0.00453935123707
3,-1,2.41200418186,-0.804001393954,1,-4,0.804001393954,-3.21600557581,-0.000846220181402,0.000266760287411
3,-1,2.41200418186,-0.804001393954,1,-3,0.804001393954,-2.41200418186,0.00242223925487,0.000773770853843
3,-1,2.41200418186,-0.804001393954,1,-2,0.804001393954,-1.60800278791,-0.0008154084312,0.00676202377683
3,-1,2.41200418186,-0.804001393954,1,-1,0.804001393954,-0.804001393954,-0.0316827201151,-0.0251116836316
3,-1,2.41200418186,-0.804001393954,1,0,0.804001393954,0,-0.025021711326,-0.00168851068253
3,-1,2.41200418186,-0.804001393954,1,1,0.804001393954,0.804001393954,-0.00324662440055,0.00857064528956
3,-1,2.41200418186,-0.804001393954,1,2,0.804001393954,1.60800278791,0.00329439534904,0.00382445942371
3,-1,2.41200418186,-0.804001393954,1,3,0.804001393954,2.41200418186,0.00777643542895,-0.00614581093754
3,-1,2.41200418186,-0.804001393954,1,4,0.804001393954,3.21600557581,0.00611638675003,0.00324574974136
3,-1,2.41200418186,-0.804001393954,2,-4,1.60800278791,-3.21600557581,-0.00342923801453,0.00445387989456
3,-1,2.41200418186,-0.804001393954,2,-3,1.60800278791,-2.41200418186,0.00179772333808,-0.00567995769903
3,-1,2.41200418186,-0.804001393954,2,-2,1.60800278791,-1.60800278791,-0.00237681358467,-0.000714284617741
3,-1,2.41200418186,-0.804001393954,2,-1,1.60800278791,-0.804001393954,0.00825683472609,-0.0011935545125
3,-1,2.41200418186,-0.804001393954,2,0,1.60800278791,0,-0.0151600203657,0.000539691081242
3,-1,2.41200418186,-0.804001393954,2,1,1.60800278791,0.804001393954,0.00287704230614,0.000361031581809
3,-1,2.41200418186,-0.804001393954,2,2,1.60800278791,1.60800278791,0.00591187867011,-0.00283482813212
3,-1,2.41200418186,-0.804001393954,2,3,1.60800278791,2.41200418186,0.00476710640923,0.00376824937405
3,-1,2.41200418186,-0.804001393954,2,4,1.60800278791,3.21600557581,0.00273107656726,-0.000908650916143
3,-1,2.41200418186,-0.804001393954,3,-4,2.41200418186,-3.21600557581,0.00174447294263,0.00134980279387
3,-1,2.41200418186,-0.804001393954,3,-3,2.41200418186,-2.41200418186,0.00415285545625,0.00254028772465
3,-1,2.41200418186,-0.804001393954,3,-2,2.41200418186,-1.60800278791,0.00416912009037,0.00218729427926
3,-1,2.41200418186,-0.804001393954,3,-1,2.41200418186,-0.804001393954,0.0728815359785,0
3,-1,2.41200418186,-0.804001393954,3,0,2.41200418186,0,0.00172435720952,-0.00480626646745
3,-1,2.41200418186,-0.804001393954,3,1,2.41200418186,0.804001393954,-0.00239931461333,-0.00796567306703
3,-1,2.41200418186,-0.804001393954,3,2,2.41200418186,1.60800278791,0.0017873265842,-0.00334711498078
3,-1,2.41200418186,-0.804001393954,3,3,2.41200418186,2.41200418186,0.0101903398661,-0.00179373876128
3,-1,2.41200418186,-0.804001393954,3,4,2.41200418186,3.21600557581,-0.00352319885752,0.00264876464619
3,-1,2.41200418186,-0.804001393954,4,-4,3.21600557581,-3.21600557581,5.1408796394e-05,0.00417195861524
3,-1,2.41200418186,-0.804001393954,4,-3,3.21600557581,-2.41200418186,-0.00286011312677,0.00138779197892
3,-1,2.41200418186,-0.804001393954,4,-2,3.21600557581,-1.60800278791,-0.00565985293457,-0.00483231636305
3,-1,2.41200418186,-0.804001393954,4,-1,3.21600557581,-0.804001393954,-0.00013312040133,0.00303957850038
3,-1,2.41200418186,-0.804001393954,4,0,3.21600557581,0,-0.000737273995651,-0.00361207503135
3,-1,2.41200418186,-0.804001393954,4,1,3.21600557581,0.804001393954,-0.000951622085895,-0.000985454155745
3,-1,2.41200418186,-0.804001393954,4,2,3.21600557581,1.60800278791,-0.00500433133124,-0.000326498276678
3,-1,2.41200418186,-0.804001393954,4,3,3.21600557581,2.41200418186,0.00700597042964,0.000179037918293
3,-1,2.41200418186,-0.804001393954,4,4,3.21600557581,3.21600557581,0.00403232641961,0.00131467432525
3,0,2.41200418186,0,-4,-4,-3.21600557581,-3.21600557581,0.00511461111628,0.00455295074681
3,0,2.41200418186,0,-4,-3,-3.21600557581,-2.41200418186,0.00276446197527,0.00199706794727
3,0,2.41200418186,0,-4,-2,-3.21600557581,-1.60800278791,-0.0049301086467,0.00175481785033
3,0,2.41200418186,0,-4,-1,-3.21600557581,-0.804001393954,0.0024758463288,-0.0061758762341
3,0,2.41200418186,0,-4,0,-3.21600557581,0,-0.00665924547428,-0.0078586731396
3,0,2.41200418186,0,-4,1,-3.21600557581,0.804001393954,0.0016064064897,0.0119718280999
3,0,2.41200418186,0,-4,2,-3.21600557581,1.60800278791,0.000944850512308,0.00931589339319
3,0,2.41200418186,0,-4,3,-3.21600557581,2.41200418186,-0.00176170273612,-0.000130505255147
3,0,2.41200418186,0,-4,4,-3.21600557581,3.21600557581,-0.00316476485975,0.00482617456487
3,0,2.41200418186,0,-3,-4,-2.41200418186,-3.21600557581,-0.00150234090919,0.00646614345633
3,0,2.41200418186,0,-3,-3,-2.41200418186,-2.41200418186,0.00758662318522,0.000457463376146
3,0,2.41200418186,0,-3,-2,-2.41200418186,-1.60800278791,-0.00918450214933,-0.00280854862165
3,0,2.41200418186,0,-3,-1,-2.41200418186,-0.804001393954,0.0106753569675,-0.0124852848861
3,0,2.41200418186,0,-3,0,-2.41200418186,0,0.0104387412117,0.00637507924821
3,0,2.41200418186,0,-3,1,-2.41200418186,0.804001393954,0.00308944852529,-0.00282669026353
3,0,2.41200418186,0,-3,2,-2.41200418186,1.60800278791,-0.00504479348918,-0.00248429891282
3,0,2.41200418186,0,-3,3,-2.41200418186,2.41200418186,0.00951806903852,-0.00415740193298
3,0,2.41200418186,0,-3,4,-2.41200418186,3.21600557581,0.00167234113517,0.000591749646046
3,0,2.41200418186,0,-2,-4,-1.60800278791,-3.21600557581,-0.00786778484993,-0.00401471729316
3,0,2.41200418186,0,-2,-3,-1.60800278791,-2.41200418186,0.00891274026474,0.00545260688513
3,0,2.41200418186,0,-2,-2,-1.60800278791,-1.60800278791,0.00644983380618,0.00022251070211
3,0,2.41200418186,0,-2,-1,-1.60800278791,-0.804001393954,0.00983830203791,-0.0130294332651
3,0,2.41200418186,0,-2,0,-1.60800278791,0,-0.023684885256,0.00284364522372
3,0,2.41200418186,0,-2,1,-1.60800278791,0.804001393954,0.00873586219866,-0.00446442080635
3,0,2.41200418186,0,-2,2,-1.60800278791,1.60800278791,0.00309250095075,0.00651858315938
3,0,2.41200418186,0,-2,3,-1.60800278791,2.41200418186,-0.00239369096688,-0.00527492250174
3,0,2.41200418186,0,-2,4,-1.60800278791,3.21600557581,-0.00417988316,-0.00542446710987
3,0,2.41200418186,0,-1,-4,-0.804001393954,-3.21600557581,-0.00294736590366,-0.0037317557698
3,0,2.41200418186,0,-1,-3,-0.804001393954,-2.41200418186,-0.00320238012624,0.00420081527626
3,0,2.41200418186,0,-1,-2,-0.804001393954,-1.60800278791,-0.0105357477579,-0.000286028006344
3,0,2.41200418186,0,-1,-1,-0.804001393954,-0.804001393954,0.00603205859184,0.0328471278264
3,0,2.41200418186,0,-1,0,-0.804001393954,0,-0.0109451970753,-0.0237470344184
3,0,2.41200418186,0,-1,1,-0.804001393954,0.804001393954,-0.0268657463812,-0.0237324347097
3,0,2.41200418186,0,-1,2,-0.804001393954,1.60800278791,0.000571422546971,0.0148184977397
3,0,2.41200418186,0,-1,3,-0.804001393954,2.41200418186,0.00993648404188,-0.00211323490684
3,0,2.41200418186,0,-1,4,-0.804001393954,3.21600557581,-0.00175027012902,0.00163674224315
3,0,2.41200418186,0,0,-4,0,-3.21600557581,-0.0117608282864,0.00085875267339
3,0,2.41200418186,0,0,-3,0,-2.41200418186,0.00237538858189,-0.00246977371522
3,0,2.41200418186,0,0,-2,0,-1.60800278791,0.014059806288,-0.00274648644828
3,0,2.41200418186,0,0,-1,0,-0.804001393954,-0.0204436714691,0.0314620933453
3,0,2.41200418186,0,0,0,0,0,0.0369396307557,-0.0270564367419
3,0,2.41200418186,0,0,1,0,0.804001393954,-0.00799384450459,0.040136311764
3,0,2.41200418186,0,0,2,0,1.60800278791,-0.00138831477944,0.0216988767138
3,0,2.41200418186,0,0,3,0,2.41200418186,-0.0128816448463,0.00179244108666
3,0,2.41200418186,0,0,4,0,3.21600557581,-0.000502175983186,-0.0024315511728
3,0,2.41200418186,0,1,-4,0.804001393954,-3.21600557581,0.000542148164396,0.000599241170059
3,0,2.41200418186,0,1,-3,0.804001393954,-2.41200418186,-0.00327370665381,-0.00360071809664
3,0,2.41200418186,0,1,-2,0.804001393954,-1.60800278791,0.00249697168398,0.0060869574837
3,0,2.41200418186,0,1,-1,0.804001393954,-0.804001393954,-0.0120809509577,0.0137975026913
3,0,2.41200418186,0,1,0,0.804001393954,0,-0.0425152839395,-0.0433170713012
3,0,2.41200418186,0,1,1,0.804001393954,0.804001393954,-0.0210346170636,-0.00139846691655
3,0,2.41200418186,0,1,2,0.804001393954,1.60800278791,-0.00483950478011,0.00479679018264
3,0,2.41200418186,0,1,3,0.804001393954,2.41200418186,-0.000122487627929,0.00297259861751
3,0,2.41200418186,0,1,4,0.804001393954,3.21600557581,0.00133661293738,-0.00719217646021
3,0,2.41200418186,0,2,-4,1.60800278791,-3.21600557581,-0.000804350053421,-0.00279745941149
3,0,2.41200418186,0,2,-3,1.60800278791,-2.41200418186,-0.0104855361529,-0.00207034585412
3,0,2.41200418186,0,2,-2,1.60800278791,-1.60800278791,0.00228909631113,0.00298832563658
3,0,2.41200418186,0,2,-1,1.60800278791,-0.804001393954,-0.0151687124212,-0.00609191873573
3,0,2.41200418186,0,2,0,1.60800278791,0,0.00906857076871,0.00209043869449
3,0,2.41200418186,0,2,1,1.60800278791,0.804001393954,-0.0172771055379,0.00268997267574
3,0,2.41200418186,0,2,2,1.60800278791,1.60800278791,0.00132399876477,0.000695321428529
3,0,2.41200418186,0,2,3,1.60800278791,2.41200418186,0.00359591982919,-0.00151759278811
3,0,2.41200418186,0,2,4,1.60800278791,3.21600557581,-0.000549775780532,0.000502550020235
3,0,2.41200418186,0,3,-4,2.41200418186,-3.21600557581,0.0061130153656,5.12952717301e-05
3,0,2.41200418186,0,3,-3,2.41200418186,-2.41200418186,0.00479602424438,0.0034112482852
3,0,2.41200418186,0,3,-2,2.41200418186,-1.60800278791,-0.00322419016796,0.00458415736037
3,0,2.41200418186,0,3,-1,2.41200418186,-0.804001393954,0.00172435720952,0.00480626646745
3,0,2.41200418186,0,3,0,2.41200418186,0,0.103277506444,0
3,0,2.41200418186,0,3,1,2.41200418186,0.804001393954,0.000625226379943,0.000940255638165
3,0,2.41200418186,0,3,2,2.41200418186,1.60800278791,-0.00422987273346,-0.00258211024241
3,0,2.41200418186,0,3,3,2.41200418186,2.41200418186,-0.00110011202629,-0.00105067466554
3,0,2.41200418186,0,3,4,2.41200418186,3.21600557581,0.00783862187322,-0.00657413147617
3,0,2.41200418186,0,4,-4,3.21600557581,-3.21600557581,-0.00118666655419,-0.000343036318665
3,0,2.41200418186,0,4,-3,3.21600557581,-2.41200418186,0.00118774968371,0.00270202537325
3,0,2.41200418186,0,4,-2,3.21600557581,-1.60800278791,0.00170239320412,0.00479033955772
3,0,2.41200418186,0,4,-1,3.21600557581,-0.804001393954,-0.00577014858229,-0.00524973139523
3,0,2.41200418186,0,4,0,3.21600557581,0,0.00230049871575,0.00122528969325
3,0,2.41200418186,0,4,1,3.21600557581,0.804001393954,-0.00221025214499,-0.000823952610194
3,0,2.41200418186,0,4,2,3.21600557581,1.60800278791,0.000722192107939,-0.00925297153583
3,0,2.41200418186,0,4,3,3.21600557581,2.41200418186,-0.00553487042976,0.0020141942146
3,0,2.41200418186,0,4,4,3.21600557581,3.21600557581,0.00712875894921,0.00272577058916
3,1,2.41200418186,0.804001393954,-4,-4,-3.21600557581,-3.21600557581,-0.00376676431147,0.00060224809779
3,1,2.41200418186,0.804001393954,-4,-3,-3.21600557581,-2.41200418186,-0.00328449488314,0.00115679448881
3,1,2.41200418186,0.804001393954,-4,-2,-3.21600557581,-1.60800278791,0.00369020336019,-0.000406828270342
3,1,2.41200418186,0.804001393954,-4,-1,-3.21600557581,-0.804001393954,-0.00275038197893,0.00592042770438
3,1,2.41200418186,0.804001393954,-4,0,-3.21600557581,0,0.000716254125125,-0.00243974100477
3,1,2.41200418186,0.804001393954,-4,1,-3.21600557581,0.804001393954,-0.0105665729444,-0.00679974518225
3,1,2.41200418186,0.804001393954,-4,2,-3.21600557581,1.60800278791,-0.000889099786171,0.00470452037527
3,1,2.41200418186,0.804001393954,-4,3,-3.21600557581,2.41200418186,0.0068000002775,0.00203815316777
3,1,2.41200418186,0.804001393954,-4,4,-3.21600557581,3.21600557581,-0.000752699953927,-0.000812504189851
3,1,2.41200418186,0.804001393954,-3,-4,-2.41200418186,-3.21600557581,-0.00218277042309,-0.00365895383603
3,1,2.41200418186,0.804001393954,-3,-3,-2.41200418186,-2.41200418186,0.00256674569908,0.0017847077225
3,1,2.41200418186,0.804001393954,-3,-2,-2.41200418186,-1.60800278791,0.0134275210238,-0.00500708613258
3,1,2.41200418186,0.804001393954,-3,-1,-2.41200418186,-0.804001393954,-0.00917516774566,0.00442524244081
3,1,2.41200418186,0.804001393954,-3,0,-2.41200418186,0,0.0106753569675,-0.0124852848861
3,1,2.41200418186,0.804001393954,-3,1,-2.41200418186,0.804001393954,0.010398185628,0.0021060538654
3,1,2.41200418186,0.804001393954,-3,2,-2.41200418186,1.60800278791,0.00125996447391,0.000673938223838
3,1,2.41200418186,0.804001393954,-3,3,-2.41200418186,2.41200418186,-0.00254278260872,-0.00300050203539
3,1,2.41200418186,0.804001393954,-3,4,-2.41200418186,3.21600557581,0.0039217499619,-0.00813451334518
3,1,2.41200418186,0.804001393954,-2,-4,-1.60800278791,-3.21600557581,0.0018888740067,0.000990180889682
3,1,2.41200418186,0.804001393954,-2,-3,-1.60800278791,-2.41200418186,-0.0119716156944,-0.00748283372203
3,1,2.41200418186,0.804001393954,-2,-2,-1.60800278791,-1.60800278791,0.00726402876817,0.011140667519
3,1,2.41200418186,0.804001393954,-2,-1,-1.60800278791,-0.804001393954,0.00565379408346,-0.0021075846588
3,1,2.41200418186,0.804001393954,-2,0,-1.60800278791,0,0.0081225749166,-0.0118978478182
3,1,2.41200418186,0.804001393954,-2,1,-1.60800278791,0.804001393954,-0.013816819288,0.00022150831331
3,1,2.41200418186,0.804001393954,-2,2,-1.60800278791,1.60800278791,0.00318385774929,-0.00745009703949
3,1,2.41200418186,0.804001393954,-2,3,-1.60800278791,2.41200418186,-0.00356263143471,0.00186275929013
3,1,2.41200418186,0.804001393954,-2,4,-1.60800278791,3.21600557581,0.00235526858843,0.000154905165889
3,1,2.41200418186,0.804001393954,-1,-4,-0.804001393954,-3.21600557581,0.00331477313389,-0.00122267036478
3,1,2.41200418186,0.804001393954,-1,-3,-0.804001393954,-2.41200418186,-0.00456856851389,-0.00559428048615
3,1,2.41200418186,0.804001393954,-1,-2,-0.804001393954,-1.60800278791,-0.0134940242,0.00390264201894
3,1,2.41200418186,0.804001393954,-1,-1,-0.804001393954,-0.804001393954,-0.0337442036492,-0.0104655478766
3,1,2.41200418186,0.804001393954,-1,0,-0.804001393954,0,0.0107435388929,0.0301669778674
3,1,2.41200418186,0.804001393954,-1,1,-0.804001393954,0.804001393954,-0.00235939557316,-0.00633349809967
3,1,2.41200418186,0.804001393954,-1,2,-0.804001393954,1.60800278791,-0.0106318786809,-0.0126065757257
3,1,2.41200418186,0.804001393954,-1,3,-0.804001393954,2.41200418186,0.000421335990203,0.00913589960387
3,1,2.41200418186,0.804001393954,-1,4,-0.804001393954,3.21600557581,0.00811914147667,0.00298081116444
3,1,2.41200418186,0.804001393954,0,-4,0,-3.21600557581,0.00571987229817,-0.00397634948338
3,1,2.41200418186,0.804001393954,0,-3,0,-2.41200418186,-0.0127950646637,0.000614483372497
3,1,2.41200418186,0.804001393954,0,-2,0,-1.60800278791,-0.00722099320872,-0.0101397221989
3,1,2.41200418186,0.804001393954,0,-1,0,-0.804001393954,0.0243294403796,0.00131800005693
3,1,2.41200418186,0.804001393954,0,0,0,0,-0.0464640349604,0.0617031316152
3,1,2.41200418186,0.804001393954,0,1,0,0.804001393954,0.0165103887455,-0.00967213272115
3,1,2.41200418186,0.804001393954,0,2,0,1.60800278791,-0.00620197392193,0.0211719375247
3,1,2.41200418186,0.804001393954,0,3,0,2.41200418186,-0.00177203983259,0.0069011516311
3,1,2.41200418186,0.804001393954,0,4,0,3.21600557581,-0.0020291154221,-0.00408574860508
3,1,2.41200418186,0.804001393954,1,-4,0.804001393954,-3.21600557581,0.00288323808199,-0.00224017379536
3,1,2.41200418186,0.804001393954,1,-3,0.804001393954,-2.41200418186,0.0121813268775,0.00411018956661
3,1,2.41200418186,0.804001393954,1,-2,0.804001393954,-1.60800278791,-0.00937438741205,-0.00447418454498
3,1,2.41200418186,0.804001393954,1,-1,0.804001393954,-0.804001393954,-0.00444472140098,-0.000669389139096
3,1,2.41200418186,0.804001393954,1,0,0.804001393954,0,-0.0104894642729,0.015760266726
3,1,2.41200418186,0.804001393954,1,1,0.804001393954,0.804001393954,-0.031103344695,-0.0378877116255
3,1,2.41200418186,0.804001393954,1,2,0.804001393954,1.60800278791,-0.00965102324684,0.00158853743851
3,1,2.41200418186,0.804001393954,1,3,0.804001393954,2.41200418186,-0.00492555679343,0.000988186513224
3,1,2.41200418186,0.804001393954,1,4,0.804001393954,3.21600557581,0.000922208420907,0.000348358334552
3,1,2.41200418186,0.804001393954,2,-4,1.60800278791,-3.21600557581,0.00532670064822,0.000402628305554
3,1,2.41200418186,0.804001393954,2,-3,1.60800278791,-2.41200418186,0.00128435203824,0.00207612502003
3,1,2.41200418186,0.804001393954,2,-2,1.60800278791,-1.60800278791,-0.0154525491216,0.000939856203437
3,1,2.41200418186,0.804001393954,2,-1,1.60800278791,-0.804001393954,0.00140231985417,0.0115871244617
3,1,2.41200418186,0.804001393954,2,0,1.60800278791,0,-0.0162833074527,-0.00470807984575
3,1,2.41200418186,0.804001393954,2,1,1.60800278791,0.804001393954,0.00503092914752,-0.00181038305205
3,1,2.41200418186,0.804001393954,2,2,1.60800278791,1.60800278791,-0.00432884775338,0.000682434515984
3,1,2.41200418186,0.804001393954,2,3,1.60800278791,2.41200418186,-0.000924135459021,0.0011792377056
3,1,2.41200418186,0.804001393954,2,4,1.60800278791,3.21600557581,-0.000247943325647,-0.00257829347238
3,1,2.41200418186,0.804001393954,3,-4,2.41200418186,-3.21600557581,-0.00142573450108,-0.000869617550929
3,1,2.41200418186,0.804001393954,3,-3,2.41200418186,-2.41200418186,0.00550320006265,-0.000730022406927
3,1,2.41200418186,0.804001393954,3,-2,2.41200418186,-1.60800278791,0.00422564453204,-0.00545133011006
3,1,2.41200418186,0.804001393954,3,-1,2.41200418186,-0.804001393954,-0.00239931461333,0.00796567306703
3,1,2.41200418186,0.804001393954,3,0,2.41200418186,0,0.000625226379943,-0.000940255638165
3,1,2.41200418186,0.804001393954,3,1,2.41200418186,0.804001393954,0.0798186013296,0
3,1,2.41200418186,0.804001393954,3,2,2.41200418186,1.60800278791,0.000190051264136,0.00284861380553
3,1,2.41200418186,0.804001393954,3,3,2.41200418186,2.41200418186,-0.00211707179257,-0.00571113371479
3,1,2.41200418186,0.804001393954,3,4,2.41200418186,3.21600557581,-0.00433573143254,-0.00536269449349
3,1,2.41200418186,0.804001393954,4,-4,3.21600557581,-3.21600557581,-0.00265351329561,0.000667592524175
3,1,2.41200418186,0.804001393954,4,-3,3.21600557581,-2.41200418186,0.00359007181456,0.00128520518945
3,1,2.41200418186,0.804001393954,4,-2,3.21600557581,-1.60800278791,0.00251207670784,0.00145771879666
3,1,2.41200418186,0.804001393954,4,-1,3.21600557581,-0.804001393954,-0.00273749302907,0.0013025052606
3,1,2.41200418186,0.804001393954,4,0,3.21600557581,0,-0.00589341492147,-0.00199465186316
3,1,2.41200418186,0.804001393954,4,1,3.21600557581,0.804001393954,0.00291884390407,0.0028268705181
3,1,2.41200418186,0.804001393954,4,2,3.21600557581,1.60800278791,-0.0106684266351,0.000385137718763
3,1,2.41200418186,0.804001393954,4,3,3.21600557581,2.41200418186,0.00280320149941,-0.00632456900029
3,1,2.41200418186,0.804001393954,4,4,3.21600557581,3.21600557581,-0.00252517742428,-0.00343356572528
3,2,2.41200418186,1.60800278791,-4,-4,-3.21600557581,-3.21600557581,-0.00106811563686,0.00833332547957
3,2,2.41200418186,1.60800278791,-4,-3,-3.21600557581,-2.41200418186,-0.00237353686826,-0.00178803666692
3,2,2.41200418186,1.60800278791,-4,-2,-3.21600557581,-1.60800278791,0.000663482512524,-0.00125587231339
3,2,2.41200418186,1.60800278791,-4,-1,-3.21600557581,-0.804001393954,0.000359090716979,-0.000116257642399
3,2,2.41200418186,1.60800278791,-4,0,-3.21600557581,0,0.000129217116935,-0.000238828988767
3,2,2.41200418186,1.60800278791,-4,1,-3.21600557581,0.804001393954,0.00221545598395,-0.00070909532183
3,2,2.41200418186,1.60800278791,-4,2,-3.21600557581,1.60800278791,-0.000204818412627,-0.0023265346846
3,2,2.41200418186,1.60800278791,-4,3,-3.21600557581,2.41200418186,0.000279382383159,0.00386667572275
3,2,2.41200418186,1.60800278791,-4,4,-3.21600557581,3.21600557581,-0.000395915072265,-0.00177436326034
3,2,2.41200418186,1.60800278791,-3,-4,-2.41200418186,-3.21600557581,0.00439467004356,-0.00188099621105
3,2,2.41200418186,1.60800278791,-3,-3,-2.41200418186,-2.41200418186,-0.00281194604061,-0.00526574539544
3,2,2.41200418186,1.60800278791,-3,-2,-2.41200418186,-1.60800278791,0.00797461296186,0.00294542088249
3,2,2.41200418186,1.60800278791,-3,-1,-2.41200418186,-0.804001393954,0.0134275210238,-0.00500708613258
3,2,2.41200418186,1.60800278791,-3,0,-2.41200418186,0,-0.00918450214933,-0.00280854862165
3,2,2.41200418186,1.60800278791,-3,1,-2.41200418186,0.804001393954,0.00583833170991,-0.00651800205048
3,2,2.41200418186,1.60800278791,-3,2,-2.41200418186,1.60800278791,0.00286173482941,-0.00178566621067
3,2,2.41200418186,1.60800278791,-3,3,-2.41200418186,2.41200418186,0.00475775796194,-0.000541124428857
3,2,2.41200418186,1.60800278791,-3,4,-2.41200418186,3.21600557581,-0.00489635318394,-0.00593030795201
3,2,2.41200418186,1.60800278791,-2,-4,-1.60800278791,-3.21600557581,0.00505085045175,0.00518579964923
3,2,2.41200418186,1.60800278791,-2,-3,-1.60800278791,-2.41200418186,0.00170953896121,0.00366508506786
3,2,2.41200418186,1.60800278791,-2,-2,-1.60800278791,-1.60800278791,-0.00920865673386,-0.0137510123266
3,2,2.41200418186,1.60800278791,-2,-1,-1.60800278791,-0.804001393954,0.00883742069021,0.0140980001676
3,2,2.41200418186,1.60800278791,-2,0,-1.60800278791,0,0.00867626689351,-0.00408972934246
3,2,2.41200418186,1.60800278791,-2,1,-1.60800278791,0.804001393954,0.00356929135164,-0.00284610326405
3,2,2.41200418186,1.60800278791,-2,2,-1.60800278791,1.60800278791,-0.00367776616847,-0.00546209986366
3,2,2.41200418186,1.60800278791,-2,3,-1.60800278791,2.41200418186,0.00014476421062,-0.00494334815746
3,2,2.41200418186,1.60800278791,-2,4,-1.60800278791,3.21600557581,-0.000828131270868,0.00255910004517
3,2,2.41200418186,1.60800278791,-1,-4,-0.804001393954,-3.21600557581,0.00242653652359,0.00170856228464
3,2,2.41200418186,1.60800278791,-1,-3,-0.804001393954,-2.41200418186,0.00158478728007,0.000663145411334
3,2,2.41200418186,1.60800278791,-1,-2,-0.804001393954,-1.60800278791,-0.00774578752457,-0.00698506030641
3,2,2.41200418186,1.60800278791,-1,-1,-0.804001393954,-0.804001393954,-0.0106010363691,0.000329885299278
3,2,2.41200418186,1.60800278791,-1,0,-0.804001393954,0,-0.0310354750619,-0.0179082501265
3,2,2.41200418186,1.60800278791,-1,1,-0.804001393954,0.804001393954,-0.003284635156,0.0240311920847
3,2,2.41200418186,1.60800278791,-1,2,-0.804001393954,1.60800278791,-0.00260666458574,-0.00350715715053
3,2,2.41200418186,1.60800278791,-1,3,-0.804001393954,2.41200418186,-0.00135733716937,-0.00308242070724
3,2,2.41200418186,1.60800278791,-1,4,-0.804001393954,3.21600557581,-0.000521231095145,-0.00275400284067
3,2,2.41200418186,1.60800278791,0,-4,0,-3.21600557581,-0.00537617108833,-1.8968912946e-05
3,2,2.41200418186,1.60800278791,0,-3,0,-2.41200418186,0.000785596742437,-0.000702061743288
3,2,2.41200418186,1.60800278791,0,-2,0,-1.60800278791,-0.0281395986996,0.00590611701939
3,2,2.41200418186,1.60800278791,0,-1,0,-0.804001393954,-0.00998399131673,-0.0200300103566
3,2,2.41200418186,1.60800278791,0,0,0,0,0.0568404800346,0.00688166584182
3,2,2.41200418186,1.60800278791,0,1,0,0.804001393954,-0.0190893663482,0.0306868764152
3,2,2.41200418186,1.60800278791,0,2,0,1.60800278791,0.00927470431103,-0.0032725290464
3,2,2.41200418186,1.60800278791,0,3,0,2.41200418186,-0.00217444769466,0.0142700605468
3,2,2.41200418186,1.60800278791,0,4,0,3.21600557581,-0.00345698631523,-0.00230350249466
3,2,2.41200418186,1.60800278791,1,-4,0.804001393954,-3.21600557581,-0.00208214109481,-0.00180357454496
3,2,2.41200418186,1.60800278791,1,-3,0.804001393954,-2.41200418186,-0.00430691653942,-0.00411085145889
3,2,2.41200418186,1.60800278791,1,-2,0.804001393954,-1.60800278791,0.0126136102508,-0.000812234821334
3,2,2.41200418186,1.60800278791,1,-1,0.804001393954,-0.804001393954,-0.0215696819988,-0.000567778977336
3,2,2.41200418186,1.60800278791,1,0,0.804001393954,0,-0.0052371278896,0.000233511008988
3,2,2.41200418186,1.60800278791,1,1,0.804001393954,0.804001393954,-0.0113879727051,0.00553889135111
3,2,2.41200418186,1.60800278791,1,2,0.804001393954,1.60800278791,-0.0157718724125,-0.0129292246697
3,2,2.41200418186,1.60800278791,1,3,0.804001393954,2.41200418186,4.91239792684e-05,0.00811186275007
3,2,2.41200418186,1.60800278791,1,4,0.804001393954,3.21600557581,-0.00332951785172,-0.00122732879328
3,2,2.41200418186,1.60800278791,2,-4,1.60800278791,-3.21600557581,0.00144740972753,-0.00365710028681
3,2,2.41200418186,1.60800278791,2,-3,1.60800278791,-2.41200418186,0.00594979777281,0.000640222129002
3,2,2.41200418186,1.60800278791,2,-2,1.60800278791,-1.60800278791,0.00340354612392,-0.00579403598326
3,2,2.41200418186,1.60800278791,2,-1,1.60800278791,-0.804001393954,-0.0165807275879,0.00933277284015
3,2,2.41200418186,1.60800278791,2,0,1.60800278791,0,0.00448529752914,0.0155476124713
3,2,2.41200418186,1.60800278791,2,1,1.60800278791,0.804001393954,-0.014985430199,-0.00978763667867
3,2,2.41200418186,1.60800278791,2,2,1.60800278791,1.60800278791,0.00394129732148,0.00152708104957
3,2,2.41200418186,1.60800278791,2,3,1.60800278791,2.41200418186,0.00176521728886,-0.00252517482349
3,2,2.41200418186,1.60800278791,2,4,1.60800278791,3.21600557581,-0.00635528922379,0.00552981983687
3,2,2.41200418186,1.60800278791,3,-4,2.41200418186,-3.21600557581,-0.00187950698008,0.0078261497075
3,2,2.41200418186,1.60800278791,3,-3,2.41200418186,-2.41200418186,7.59097912599e-05,2.49331856502e-05
3,2,2.41200418186,1.60800278791,3,-2,2.41200418186,-1.60800278791,0.00336369213972,0.000434844913751
3,2,2.41200418186,1.60800278791,3,-1,2.41200418186,-0.804001393954,0.0017873265842,0.00334711498078
3,2,2.41200418186,1.60800278791,3,0,2.41200418186,0,-0.00422987273346,0.00258211024241
3,2,2.41200418186,1.60800278791,3,1,2.41200418186,0.804001393954,0.000190051264136,-0.00284861380553
3,2,2.41200418186,1.60800278791,3,2,2.41200418186,1.60800278791,0.0309541668042,0
3,2,2.41200418186,1.60800278791,3,3,2.41200418186,2.41200418186,0.00472089173978,0.00138978454212
3,2,2.41200418186,1.60800278791,3,4,2.41200418186,3.21600557581,0.00089125289383,-0.0016588746413
3,2,2.41200418186,1.60800278791,4,-4,3.21600557581,-3.21600557581,0.00378932661472,0.00126329730263
3,2,2.41200418186,1.60800278791,4,-3,3.21600557581,-2.41200418186,0.001706615467,-0.00303186289778
3,2,2.41200418186,1.60800278791,4,-2,3.21600557581,-1.60800278791,0.00317681759905,-0.00328964734067
3,2,2.41200418186,1.60800278791,4,-1,3.21600557581,-0.804001393954,0.00358880513514,0.00174227934228
3,2,2.41200418186,1.60800278791,4,0,3.21600557581,0,-0.00459524843492,-0.00268054662764
3,2,2.41200418186,1.60800278791,4,1,3.21600557581,0.804001393954,0.00594964030144,0.00115751504445
3,2,2.41200418186,1.60800278791,4,2,3.21600557581,1.60800278791,0.00419970737437,-0.0016495931494
3,2,2.41200418186,1.60800278791,4,3,3.21600557581,2.41200418186,-0.00582753523809,-0.000795865599829
3,2,2.41200418186,1.60800278791,4,4,3.21600557581,3.21600557581,-0.000575128930789,0.00498897438387
3,3,2.41200418186,2.41200418186,-4,-4,-3.21600557581,-3.21600557581,0.00175513513859,-0.00816520890524
3,3,2.41200418186,2.41200418186,-4,-3,-3.21600557581,-2.41200418186,-0.00166669553833,0.00351799931455
3,3,2.41200418186,2.41200418186,-4,-2,-3.21600557581,-1.60800278791,-0.00461667972493,0.00368349888235
3,3,2.41200418186,2.41200418186,-4,-1,-3.21600557581,-0.804001393954,0.00110601514633,6.33157974032e-05
3,3,2.41200418186,2.41200418186,-4,0,-3.21600557581,0,0.000372123937466,0.000302173751921
3,3,2.41200418186,2.41200418186,-4,1,-3.21600557581,0.804001393954,0.00204582802521,-0.00175063895557
3,3,2.41200418186,2.41200418186,-4,2,-3.21600557581,1.60800278791,0.00459787376323,-0.00233704654597
3,3,2.41200418186,2.41200418186,-4,3,-3.21600557581,2.41200418186,-0.00412657617567,0.00333090202257
3,3,2.41200418186,2.41200418186,-4,4,-3.21600557581,3.21600557581,0.00566613603181,0.00298490031561
3,3,2.41200418186,2.41200418186,-3,-4,-2.41200418186,-3.21600557581,0.00329852424386,2.68614339251e-05
3,3,2.41200418186,2.41200418186,-3,-3,-2.41200418186,-2.41200418186,0.00547396908253,-0.00608407286466
3,3,2.41200418186,2.41200418186,-3,-2,-2.41200418186,-1.60800278791,-0.00281194604061,-0.00526574539544
3,3,2.41200418186,2.41200418186,-3,-1,-2.41200418186,-0.804001393954,0.00256674569908,0.0017847077225
3,3,2.41200418186,2.41200418186,-3,0,-2.41200418186,0,0.00758662318522,0.000457463376146
3,3,2.41200418186,2.41200418186,-3,1,-2.41200418186,0.804001393954,0.00517728515255,-0.00334066878459
3,3,2.41200418186,2.41200418186,-3,2,-2.41200418186,1.60800278791,-0.000453671984251,-0.00361781296836
3,3,2.41200418186,2.41200418186,-3,3,-2.41200418186,2.41200418186,-0.000158530330688,0.00498936756663
3,3,2.41200418186,2.41200418186,-3,4,-2.41200418186,3.21600557581,0.00472300145646,-0.00371449598181
3,3,2.41200418186,2.41200418186,-2,-4,-1.60800278791,-3.21600557581,0.00113831767774,-0.00151589329364
3,3,2.41200418186,2.41200418186,-2,-3,-1.60800278791,-2.41200418186,0.00326600408823,-0.00270304462666
3,3,2.41200418186,2.41200418186,-2,-2,-1.60800278791,-1.60800278791,-0.00435499734675,0.0028480852298
3,3,2.41200418186,2.41200418186,-2,-1,-1.60800278791,-0.804001393954,-0.0176922521408,-0.0124570045448
3,3,2.41200418186,2.41200418186,-2,0,-1.60800278791,0,0.00986541904812,0.0181367238356
3,3,2.41200418186,2.41200418186,-2,1,-1.60800278791,0.804001393954,0.00194370876088,0.00176238746185
3,3,2.41200418186,2.41200418186,-2,2,-1.60800278791,1.60800278791,-0.000194988075367,-0.00706057309092
3,3,2.41200418186,2.41200418186,-2,3,-1.60800278791,2.41200418186,-0.000592369922346,-0.00403009999681
3,3,2.41200418186,2.41200418186,-2,4,-1.60800278791,3.21600557581,-0.00492629123533,0.00117077509552
3,3,2.41200418186,2.41200418186,-1,-4,-0.804001393954,-3.21600557581,0.000434357776658,0.00431060377656
3,3,2.41200418186,2.41200418186,-1,-3,-0.804001393954,-2.41200418186,0.00496468901331,0.00407232859085
3,3,2.41200418186,2.41200418186,-1,-2,-0.804001393954,-1.60800278791,0.00508979178524,-0.00167693324534
3,3,2.41200418186,2.41200418186,-1,-1,-0.804001393954,-0.804001393954,-0.0148220488709,-0.0222307341633
3,3,2.41200418186,2.41200418186,-1,0,-0.804001393954,0,-0.0142273827785,-0.00108067831713
3,3,2.41200418186,2.41200418186,-1,1,-0.804001393954,0.804001393954,-0.0317351072992,-0.00447922599597
3,3,2.41200418186,2.41200418186,-1,2,-0.804001393954,1.60800278791,0.00412648278901,0.00864390209795
3,3,2.41200418186,2.41200418186,-1,3,-0.804001393954,2.41200418186,0.000443772311543,-0.000350411278553
3,3,2.41200418186,2.41200418186,-1,4,-0.804001393954,3.21600557581,-0.000874776262475,0.00227419535769
3,3,2.41200418186,2.41200418186,0,-4,0,-3.21600557581,0.00199743144963,0.00126769132675
3,3,2.41200418186,2.41200418186,0,-3,0,-2.41200418186,0.0008803627176,0.000126988359191
3,3,2.41200418186,2.41200418186,0,-2,0,-1.60800278791,0.00418066621999,-0.0164282809184
3,3,2.41200418186,2.41200418186,0,-1,0,-0.804001393954,-0.0448187142771,0.00945355811553
3,3,2.41200418186,2.41200418186,0,0,0,0,-0.0192539546133,-0.0491134549967
3,3,2.41200418186,2.41200418186,0,1,0,0.804001393954,0.0186897767281,0.00758041161959
3,3,2.41200418186,2.41200418186,0,2,0,1.60800278791,-0.010096604787,0.0105116403493
3,3,2.41200418186,2.41200418186,0,3,0,2.41200418186,0.00534489468856,-0.00691084711906
3,3,2.41200418186,2.41200418186,0,4,0,3.21600557581,0.00303714338215,-0.00265906098533
3,3,2.41200418186,2.41200418186,1,-4,0.804001393954,-3.21600557581,-0.00171074416008,-4.8995925581e-05
3,3,2.41200418186,2.41200418186,1,-3,0.804001393954,-2.41200418186,-0.00267895177023,0.00838530891917
3,3,2.41200418186,2.41200418186,1,-2,0.804001393954,-1.60800278791,-0.00583814249635,-0.0022673485196
3,3,2.41200418186,2.41200418186,1,-1,0.804001393954,-0.804001393954,0.0279847561996,0.00321428908135
3,3,2.41200418186,2.41200418186,1,0,0.804001393954,0,-0.0311681886031,-0.00310112748984
3,3,2.41200418186,2.41200418186,1,1,0.804001393954,0.804001393954,0.00504393926351,0.0104614967218
3,3,2.41200418186,2.41200418186,1,2,0.804001393954,1.60800278791,-0.00927980452541,-0.000767687350171
3,3,2.41200418186,2.41200418186,1,3,0.804001393954,2.41200418186,-0.00479667925897,-0.0045647989853
3,3,2.41200418186,2.41200418186,1,4,0.804001393954,3.21600557581,-6.15527223499e-05,0.0039305741004
3,3,2.41200418186,2.41200418186,2,-4,1.60800278791,-3.21600557581,0.00211075582452,0.00352708216941
3,3,2.41200418186,2.41200418186,2,-3,1.60800278791,-2.41200418186,-0.00156477966831,0.00358899299072
3,3,2.41200418186,2.41200418186,2,-2,1.60800278791,-1.60800278791,0.00799151800488,0.00303531513352
3,3,2.41200418186,2.41200418186,2,-1,1.60800278791,-0.804001393954,0.00180791841338,-0.00446773118963
3,3,2.41200418186,2.41200418186,2,0,1.60800278791,0,-0.0147017734794,0.00777154687369
3,3,2.41200418186,2.41200418186,2,1,1.60800278791,0.804001393954,0.00116030296547,0.00811978747118
3,3,2.41200418186,2.41200418186,2,2,1.60800278791,1.60800278791,-0.0038370743513,0.00231396053991
3,3,2.41200418186,2.41200418186,2,3,1.60800278791,2.41200418186,0.00543354496423,-0.00243495777513
3,3,2.41200418186,2.41200418186,2,4,1.60800278791,3.21600557581,0.00275348433394,-0.00245995739841
3,3,2.41200418186,2.41200418186,3,-4,2.41200418186,-3.21600557581,-0.000992032402205,-0.00256657292918
3,3,2.41200418186,2.41200418186,3,-3,2.41200418186,-2.41200418186,-0.00503787506571,0.00542568582252
3,3,2.41200418186,2.41200418186,3,-2,2.41200418186,-1.60800278791,0.00358517489738,-0.00117824720526
3,3,2.41200418186,2.41200418186,3,-1,2.41200418186,-0.804001393954,0.0101903398661,0.00179373876128
3,3,2.41200418186,2.41200418186,3,0,2.41200418186,0,-0.00110011202629,0.00105067466554
3,3,2.41200418186,2.41200418186,3,1,2.41200418186,0.804001393954,-0.00211707179257,0.00571113371479
3,3,2.41200418186,2.41200418186,3,2,2.41200418186,1.60800278791,0.00472089173978,-0.00138978454212
3,3,2.41200418186,2.41200418186,3,3,2.41200418186,2.41200418186,0.0110807017841,0
3,3,2.41200418186,2.41200418186,3,4,2.41200418186,3.21600557581,-0.00128080878149,0.00110418363624
3,3,2.41200418186,2.41200418186,4,-4,3.21600557581,-3.21600557581,-0.00231272768615,0.000816217649174
3,3,2.41200418186,2.41200418186,4,-3,3.21600557581,-2.41200418186,0.00491545056794,-0.000243137981275
3,3,2.41200418186,2.41200418186,4,-2,3.21600557581,-1.60800278791,0.000338603982587,0.00115654714362
3,3,2.41200418186,2.41200418186,4,-1,3.21600557581,-0.804001393954,-0.000710371147086,0.000888833523787
3,3,2.41200418186,2.41200418186,4,0,3.21600557581,0,-0.000468142411863,0.00160112379393
3,3,2.41200418186,2.41200418186,4,1,3.21600557581,0.804001393954,-0.00175769959464,0.000300023813885
3,3,2.41200418186,2.41200418186,4,2,3.21600557581,1.60800278791,-0.00206105712144,-0.00132911013023
3,3,2.41200418186,2.41200418186,4,3,3.21600557581,2.41200418186,0.00578746746387,0.00190795946801
3,3,2.41200418186,2.41200418186,4,4,3.21600557581,3.21600557581,0.00199477125114,-0.00330060234698
3,4,2.41200418186,3.21600557581,-4,-4,-3.21600557581,-3.21600557581,-0.00302671888119,-0.000289932106037
3,4,2.41200418186,3.21600557581,-4,-3,-3.21600557581,-2.41200418186,0.00378999546575,-0.00382900578637
3,4,2.41200418186,3.21600557581,-4,-2,-3.21600557581,-1.60800278791,-0.00329451749152,0.000877791256896
3,4,2.41200418186,3.21600557581,-4,-1,-3.21600557581,-0.804001393954,-0.00424889979041,0.000836194267072
3,4,2.41200418186,3.21600557581,-4,0,-3.21600557581,0,0.00552067467019,0.00204816334976
3,4,2.41200418186,3.21600557581,-4,1,-3.21600557581,0.804001393954,-0.00109132668353,0.00125514758276
3,4,2.41200418186,3.21600557581,-4,2,-3.21600557581,1.60800278791,-0.00501371165685,-0.000316154117624
3,4,2.41200418186,3.21600557581,-4,3,-3.21600557581,2.41200418186,0.00454036086257,0.00162193109507
3,4,2.41200418186,3.21600557581,-4,4,-3.21600557581,3.21600557581,0.00170875484865,0.000479451396889
3,4,2.41200418186,3.21600557581,-3,-4,-2.41200418186,-3.21600557581,-0.00421199185698,-0.00272156194942
3,4,2.41200418186,3.21600557581,-3,-3,-2.41200418186,-2.41200418186,0.00329852424386,2.68614339251e-05
3,4,2.41200418186,3.21600557581,-3,-2,-2.41200418186,-1.60800278791,0.00439467004356,-0.00188099621105
3,4,2.41200418186,3.21600557581,-3,-1,-2.41200418186,-0.804001393954,-0.00218277042309,-0.00365895383603
3,4,2.41200418186,3.21600557581,-3,0,-2.41200418186,0,-0.00150234090919,0.00646614345633
3,4,2.41200418186,3.21600557581,-3,1,-2.41200418186,0.804001393954,0.00371068277302,0.00492133427446
3,4,2.41200418186,3.21600557581,-3,2,-2.41200418186,1.60800278791,0.00552238160722,0.00283425874509
3,4,2.41200418186,3.21600557581,-3,3,-2.41200418186,2.41200418186,0.00616063251878,-6.3373329533e-05
3,4,2.41200418186,3.21600557581,-3,4,-2.41200418186,3.21600557581,-0.000109979167424,0.00422594354728
3,4,2.41200418186,3.21600557581,-2,-4,-1.60800278791,-3.21600557581,-0.000527868493874,-0.00286646001204
3,4,2.41200418186,3.21600557581,-2,-3,-1.60800278791,-2.41200418186,-0.000773693928457,-0.00127430284009
3,4,2.41200418186,3.21600557581,-2,-2,-1.60800278791,-1.60800278791,-3.27594507747e-05,0.00590722565887
3,4,2.41200418186,3.21600557581,-2,-1,-1.60800278791,-0.804001393954,-0.0160167147011,0.00902695773971
3,4,2.41200418186,3.21600557581,-2,0,-1.60800278791,0,-0.0179853077538,-0.0140706344416
3,4,2.41200418186,3.21600557581,-2,1,-1.60800278791,0.804001393954,0.00997275260357,0.0128179813117
3,4,2.41200418186,3.21600557581,-2,2,-1.60800278791,1.60800278791,-0.00226817474418,0.0039096315392
3,4,2.41200418186,3.21600557581,-2,3,-1.60800278791,2.41200418186,0.00117646659602,-5.16312883226e-05
3,4,2.41200418186,3.21600557581,-2,4,-1.60800278791,3.21600557581,0.00301791534609,0.00292269884902
3,4,2.41200418186,3.21600557581,-1,-4,-0.804001393954,-3.21600557581,-0.00053458002284,0.000902394160321
3,4,2.41200418186,3.21600557581,-1,-3,-0.804001393954,-2.41200418186,0.00710175854294,-0.00218081268605
3,4,2.41200418186,3.21600557581,-1,-2,-0.804001393954,-1.60800278791,-0.000958717474275,0.00629565669696
3,4,2.41200418186,3.21600557581,-1,-1,-0.804001393954,-0.804001393954,0.00416402941398,-0.0062006698239
3,4,2.41200418186,3.21600557581,-1,0,-0.804001393954,0,-0.0158220758955,-0.0280158293684
3,4,2.41200418186,3.21600557581,-1,1,-0.804001393954,0.804001393954,-0.00315006507655,-0.00603372452937
3,4,2.41200418186,3.21600557581,-1,2,-0.804001393954,1.60800278791,-0.0193229602002,-0.00732953873818
3,4,2.41200418186,3.21600557581,-1,3,-0.804001393954,2.41200418186,-0.00461190259207,-0.000172082359449
3,4,2.41200418186,3.21600557581,-1,4,-0.804001393954,3.21600557581,0.00220712631402,0.00247742069289
3,4,2.41200418186,3.21600557581,0,-4,0,-3.21600557581,0.00391197892743,-0.000188605128428
3,4,2.41200418186,3.21600557581,0,-3,0,-2.41200418186,0.00796636680882,0.00560646713815
3,4,2.41200418186,3.21600557581,0,-2,0,-1.60800278791,0.00644807318966,0.0151029399212
3,4,2.41200418186,3.21600557581,0,-1,0,-0.804001393954,0.0259343368097,-0.0197399071123
3,4,2.41200418186,3.21600557581,0,0,0,0,-0.119378314313,0.0304003541974
3,4,2.41200418186,3.21600557581,0,1,0,0.804001393954,0.00297863283534,-0.017100138632
3,4,2.41200418186,3.21600557581,0,2,0,1.60800278791,0.0076382784199,0.00108213516605
3,4,2.41200418186,3.21600557581,0,3,0,2.41200418186,-0.00753476122405,0.00597676328696
3,4,2.41200418186,3.21600557581,0,4,0,3.21600557581,0.00653205423911,-0.00648806373547
3,4,2.41200418186,3.21600557581,1,-4,0.804001393954,-3.21600557581,0.00293802496859,0.000214584270813
3,4,2.41200418186,3.21600557581,1,-3,0.804001393954,-2.41200418186,0.00148136956113,0.0107325989178
3,4,2.41200418186,3.21600557581,1,-2,0.804001393954,-1.60800278791,-0.00256412537429,0.00311529516464
3,4,2.41200418186,3.21600557581,1,-1,0.804001393954,-0.804001393954,0.0039878798308,-0.00966409728559
3,4,2.41200418186,3.21600557581,1,0,0.804001393954,0,0.0350853095733,0.00325545211574
3,4,2.41200418186,3.21600557581,1,1,0.804001393954,0.804001393954,-0.0217846153499,-0.00259226807916
3,4,2.41200418186,3.21600557581,1,2,0.804001393954,1.60800278791,-0.0048460322609,0.000619903275887
3,4,2.41200418186,3.21600557581,1,3,0.804001393954,2.41200418186,0.00254627663954,-0.00738202337637
3,4,2.41200418186,3.21600557581,1,4,0.804001393954,3.21600557581,0.00149260968344,0.00103700272415
3,4,2.41200418186,3.21600557581,2,-4,1.60800278791,-3.21600557581,-0.0022277608903,-0.000699695111783
3,4,2.41200418186,3.21600557581,2,-3,1.60800278791,-2.41200418186,-0.000315375239831,0.0017430561561
3,4,2.41200418186,3.21600557581,2,-2,1.60800278791,-1.60800278791,-0.00674690259385,0.00114139987689
3,4,2.41200418186,3.21600557581,2,-1,1.60800278791,-0.804001393954,0.0106450298301,0.00124530486276
3,4,2.41200418186,3.21600557581,2,0,1.60800278791,0,0.00467574394225,-0.000888538109404
3,4,2.41200418186,3.21600557581,2,1,1.60800278791,0.804001393954,-0.0126468069229,0.0025584955615
3,4,2.41200418186,3.21600557581,2,2,1.60800278791,1.60800278791,-0.00130710796316,0.00274331076655
3,4,2.41200418186,3.21600557581,2,3,1.60800278791,2.41200418186,-0.00152846174049,0.00241941621959
3,4,2.41200418186,3.21600557581,2,4,1.60800278791,3.21600557581,0.00319043009759,0.00394667451748
3,4,2.41200418186,3.21600557581,3,-4,2.41200418186,-3.21600557581,-0.00242284626844,0.0019872667388
3,4,2.41200418186,3.21600557581,3,-3,2.41200418186,-2.41200418186,-0.00093516511572,-0.00104598339573
3,4,2.41200418186,3.21600557581,3,-2,2.41200418186,-1.60800278791,-0.00459251812289,-0.00394940358601
3,4,2.41200418186,3.21600557581,3,-1,2.41200418186,-0.804001393954,-0.00352319885752,-0.00264876464619
3,4,2.41200418186,3.21600557581,3,0,2.41200418186,0,0.00783862187322,0.00657413147617
3,4,2.41200418186,3.21600557581,3,1,2.41200418186,0.804001393954,-0.00433573143254,0.00536269449349
3,4,2.41200418186,3.21600557581,3,2,2.41200418186,1.60800278791,0.00089125289383,0.0016588746413
3,4,2.41200418186,3.21600557581,3,3,2.41200418186,2.41200418186,-0.00128080878149,-0.00110418363624
3,4,2.41200418186,3.21600557581,3,4,2.41200418186,3.21600557581,0.00176777384252,0
3,4,2.41200418186,3.21600557581,4,-4,3.21600557581,-3.21600557581,-0.00676526594926,0.00163353414104
3,4,2.41200418186,3.21600557581,4,-3,3.21600557581,-2.41200418186,4.58819650198e-05,-0.00351288566967
3,4,2.41200418186,3.21600557581,4,-2,3.21600557581,-1.60800278791,-0.000709313255688,0.00242535677188
3,4,2.41200418186,3.21600557581,4,-1,3.21600557581,-0.804001393954,-0.00190864053728,0.00246417340866
3,4,2.41200418186,3.21600557581,4,0,3.21600557581,0,-0.00292001125312,-0.00500870732044
3,4,2.41200418186,3.21600557581,4,1,3.21600557581,0.804001393954,-0.00238869598119,0.00054175268849
3,4,2.41200418186,3.21600557581,4,2,3.21600557581,1.60800278791,-0.00457598603394,-0.00286991512387
3,4,2.41200418186,3.21600557581,4,3,3.21600557581,2.41200418186,-0.000370243325031,0.00280017430713
3,4,2.41200418186,3.21600557581,4,4,3.21600557581,3.21600557581,-0.0032883759541,-0.000420703469624
4,-4,3.21600557581,-3.21600557581,-4,-4,-3.21600557581,-3.21600557581,-0.00252828254282,0.00100512929013
4,-4,3.21600557581,-3.21600557581,-4,-3,-3.21600557581,-2.41200418186,-0.000646520630844,-0.00752518756684
4,-4,3.21600557581,-3.21600557581,-4,-2,-3.21600557581,-1.60800278791,7.13458755413e-06,0.003252916297
4,-4,3.21600557581,-3.21600557581,-4,-1,-3.21600557581,-0.804001393954,-0.000175571910638,-0.000864546887808
4,-4,3.21600557581,-3.21600557581,-4,0,-3.21600557581,0,0.00534571027678,0.000948171295778
4,-4,3.21600557581,-3.21600557581,-4,1,-3.21600557581,0.804001393954,0.00222777795625,-0.00899828815772
4,-4,3.21600557581,-3.21600557581,-4,2,-3.21600557581,1.60800278791,0.000853508300736,0.00109614321419
4,-4,3.21600557581,-3.21600557581,-4,3,-3.21600557581,2.41200418186,0.0027005120831,-0.000810621661247
4,-4,3.21600557581,-3.21600557581,-4,4,-3.21600557581,3.21600557581,-0.00698819520639,-0.00265938882818
4,-4,3.21600557581,-3.21600557581,-3,-4,-2.41200418186,-3.21600557581,0.00170875484865,0.000479451396889
4,-4,3.21600557581,-3.21600557581,-3,-3,-2.41200418186,-2.41200418186,0.00566613603181,0.00298490031561
4,-4,3.21600557581,-3.21600557581,-3,-2,-2.41200418186,-1.60800278791,-0.000395915072265,-0.00177436326034
4,-4,3.21600557581,-3.21600557581,-3,-1,-2.41200418186,-0.804001393954,-0.000752699953927,-0.000812504189851
4,-4,3.21600557581,-3.21600557581,-3,0,-2.41200418186,0,-0.00316476485975,0.00482617456487
4,-4,3.21600557581,-3.21600557581,-3,1,-2.41200418186,0.804001393954,-0.00098949455407,-0.00169489313039
4,-4,3.21600557581,-3.21600557581,-3,2,-2.41200418186,1.60800278791,-0.00349471939128,-0.00305197896163
4,-4,3.21600557581,-3.21600557581,-3,3,-2.41200418186,2.41200418186,-0.0056616805568,-0.00775809746467
4,-4,3.21600557581,-3.21600557581,-3,4,-2.41200418186,3.21600557581,-0.00361109849618,-0.00140754000597
4,-4,3.21600557581,-3.21600557581,-2,-4,-1.60800278791,-3.21600557581,0.00304072360751,0.00329810430019
4,-4,3.21600557581,-3.21600557581,-2,-3,-1.60800278791,-2.41200418186,0.00263882603532,0.000557512838617
4,-4,3.21600557581,-3.21600557581,-2,-2,-1.60800278791,-1.60800278791,0.000228817964012,-0.0135153267285
4,-4,3.21600557581,-3.21600557581,-2,-1,-1.60800278791,-0.804001393954,0.0151145721532,-0.0175724161269
4,-4,3.21600557581,-3.21600557581,-2,0,-1.60800278791,0,-0.00083810076818,-0.0037024174839
4,-4,3.21600557581,-3.21600557581,-2,1,-1.60800278791,0.804001393954,0.00220122450384,-0.00611130001001
4,-4,3.21600557581,-3.21600557581,-2,2,-1.60800278791,1.60800278791,-0.0109126215932,-0.0135094496281
4,-4,3.21600557581,-3.21600557581,-2,3,-1.60800278791,2.41200418186,-0.00462658064857,0.00120511725438
4,-4,3.21600557581,-3.21600557581,-2,4,-1.60800278791,3.21600557581,0.00115975562329,-0.00288408303444
4,-4,3.21600557581,-3.21600557581,-1,-4,-0.804001393954,-3.21600557581,-0.00494031872648,-0.000837443421674
4,-4,3.21600557581,-3.21600557581,-1,-3,-0.804001393954,-2.41200418186,-0.00415323841703,0.00266261377858
4,-4,3.21600557581,-3.21600557581,-1,-2,-0.804001393954,-1.60800278791,-0.0144714257287,0.015447115252
4,-4,3.21600557581,-3.21600557581,-1,-1,-0.804001393954,-0.804001393954,0.00380808645788,-0.0143972539777
4,-4,3.21600557581,-3.21600557581,-1,0,-0.804001393954,0,-0.0166552031671,-0.0150241683244
4,-4,3.21600557581,-3.21600557581,-1,1,-0.804001393954,0.804001393954,0.00456133526175,0.0269194292643
4,-4,3.21600557581,-3.21600557581,-1,2,-0.804001393954,1.60800278791,0.00115419858708,0.00313084721783
4,-4,3.21600557581,-3.21600557581,-1,3,-0.804001393954,2.41200418186,0.00127990871709,-0.000352893536271
4,-4,3.21600557581,-3.21600557581,-1,4,-0.804001393954,3.21600557581,0.00224881109366,-0.00210237211627
4,-4,3.21600557581,-3.21600557581,0,-4,0,-3.21600557581,0.000618583625884,-0.00015389824987
4,-4,3.21600557581,-3.21600557581,0,-3,0,-2.41200418186,-0.0100832458578,-0.0062497054501
4,-4,3.21600557581,-3.21600557581,0,-2,0,-1.60800278791,-0.00306796032282,0.0164675984443
4,-4,3.21600557581,-3.21600557581,0,-1,0,-0.804001393954,0.0161927052868,0.00241609556599
4,-4,3.21600557581,-3.21600557581,0,0,0,0,0.0303167218733,0.0937259195088
4,-4,3.21600557581,-3.21600557581,0,1,0,0.804001393954,-0.0072581565461,0.0109268541508
4,-4,3.21600557581,-3.21600557581,0,2,0,1.60800278791,-0.0132694478636,-0.00880601733681
4,-4,3.21600557581,-3.21600557581,0,3,0,2.41200418186,-0.00956392252755,0.000977306094351
4,-4,3.21600557581,-3.21600557581,0,4,0,3.21600557581,0.00220203232593,0.000732829588819
4,-4,3.21600557581,-3.21600557581,1,-4,0.804001393954,-3.21600557581,0.00617943161602,-0.000448251838607
4,-4,3.21600557581,-3.21600557581,1,-3,0.804001393954,-2.41200418186,0.00535678415564,0.00370158412016
4,-4,3.21600557581,-3.21600557581,1,-2,0.804001393954,-1.60800278791,0.00843575321999,0.00897527247526
4,-4,3.21600557581,-3.21600557581,1,-1,0.804001393954,-0.804001393954,-0.0413695146002,0.00550900341269
4,-4,3.21600557581,-3.21600557581,1,0,0.804001393954,0,0.00680760001595,0.00317043584146
4,-4,3.21600557581,-3.21600557581,1,1,0.804001393954,0.804001393954,-0.0289688582865,0.0190524175703
4,-4,3.21600557581,-3.21600557581,1,2,0.804001393954,1.60800278791,-0.00215292228294,0.00919081358624
4,-4,3.21600557581,-3.21600557581,1,3,0.804001393954,2.41200418186,0.00503028422718,0.00132545317782
4,-4,3.21600557581,-3.21600557581,1,4,0.804001393954,3.21600557581,0.00166871038188,0.000787673080145
4,-4,3.21600557581,-3.21600557581,2,-4,1.60800278791,-3.21600557581,-0.000445110840915,0.0022231086714
4,-4,3.21600557581,-3.21600557581,2,-3,1.60800278791,-2.41200418186,-0.00177891735509,-0.00183667421732
4,-4,3.21600557581,-3.21600557581,2,-2,1.60800278791,-1.60800278791,-0.000349551484273,0.00220403950742
4,-4,3.21600557581,-3.21600557581,2,-1,1.60800278791,-0.804001393954,0.0019052235067,-0.00612175520602
4,-4,3.21600557581,-3.21600557581,2,0,1.60800278791,0,0.00718705103735,-0.00379665888952
4,-4,3.21600557581,-3.21600557581,2,1,1.60800278791,0.804001393954,5.51964937954e-05,0.00357074652918
4,-4,3.21600557581,-3.21600557581,2,2,1.60800278791,1.60800278791,0.0108751863213,-0.00959768641204
4,-4,3.21600557581,-3.21600557581,2,3,1.60800278791,2.41200418186,0.00655655540043,0.00181276191048
4,-4,3.21600557581,-3.21600557581,2,4,1.60800278791,3.21600557581,0.00226040872237,-0.000481798421801
4,-4,3.21600557581,-3.21600557581,3,-4,2.41200418186,-3.21600557581,-0.00256089352411,-0.000897317303671
4,-4,3.21600557581,-3.21600557581,3,-3,2.41200418186,-2.41200418186,-0.0033420612132,-0.00440153188792
4,-4,3.21600557581,-3.21600557581,3,-2,2.41200418186,-1.60800278791,0.00133377952962,-0.000673832028949
4,-4,3.21600557581,-3.21600557581,3,-1,2.41200418186,-0.804001393954,5.1408796394e-05,-0.00417195861524
4,-4,3.21600557581,-3.21600557581,3,0,2.41200418186,0,-0.00118666655419,0.000343036318665
4,-4,3.21600557581,-3.21600557581,3,1,2.41200418186,0.804001393954,-0.00265351329561,-0.000667592524175
4,-4,3.21600557581,-3.21600557581,3,2,2.41200418186,1.60800278791,0.00378932661472,-0.00126329730263
4,-4,3.21600557581,-3.21600557581,3,3,2.41200418186,2.41200418186,-0.00231272768615,-0.000816217649174
4,-4,3.21600557581,-3.21600557581,3,4,2.41200418186,3.21600557581,-0.00676526594926,-0.00163353414104
4,-4,3.21600557581,-3.21600557581,4,-4,3.21600557581,-3.21600557581,0.00528908331295,0
4,-4,3.21600557581,-3.21600557581,4,-3,3.21600557581,-2.41200418186,0.000604438892439,-0.00282831507037
4,-4,3.21600557581,-3.21600557581,4,-2,3.21600557581,-1.60800278791,0.000678435084954,-0.00546683845587
4,-4,3.21600557581,-3.21600557581,4,-1,3.21600557581,-0.804001393954,-0.000747407722886,-0.00153706017574
4,-4,3.21600557581,-3.21600557581,4,0,3.21600557581,0,0.00204704297005,-0.00116301932689
4,-4,3.21600557581,-3.21600557581,4,1,3.21600557581,0.804001393954,-0.000204411054285,0.00161679993436
4,-4,3.21600557581,-3.21600557581,4,2,3.21600557581,1.60800278791,0.000320024584317,-0.00391433307537
4,-4,3.21600557581,-3.21600557581,4,3,3.21600557581,2.41200418186,-0.00108064241071,-0.000130341016625
4,-4,3.21600557581,-3.21600557581,4,4,3.21600557581,3.21600557581,-0.00213194010619,0.00198487060369
4,-3,3.21600557581,-2.41200418186,-4,-4,-3.21600557581,-3.21600557581,0.00320553076677,0.000515638528516
4,-3,3.21600557581,-2.41200418186,-4,-3,-3.21600557581,-2.41200418186,0.00154881980016,-0.000252083121174
4,-3,3.21600557581,-2.41200418186,-4,-2,-3.21600557581,-1.60800278791,-0.00204520149888,0.00431208235986
4,-3,3.21600557581,-2.41200418186,-4,-1,-3.21600557581,-0.804001393954,0.000386927169296,0.000577644635108
4,-3,3.21600557581,-2.41200418186,-4,0,-3.21600557581,0,7.38518016427e-05,0.00222482440047
4,-3,3.21600557581,-2.41200418186,-4,1,-3.21600557581,0.804001393954,0.00193243918753,-0.000132653119065
4,-3,3.21600557581,-2.41200418186,-4,2,-3.21600557581,1.60800278791,0.00264990757895,-0.00841496171618
4,-3,3.21600557581,-2.41200418186,-4,3,-3.21600557581,2.41200418186,-0.00138237170462,0.00658092752933
4,-3,3.21600557581,-2.41200418186,-4,4,-3.21600557581,3.21600557581,0.0027005120831,-0.000810621661247
4,-3,3.21600557581,-2.41200418186,-3,-4,-2.41200418186,-3.21600557581,0.00454036086257,0.00162193109507
4,-3,3.21600557581,-2.41200418186,-3,-3,-2.41200418186,-2.41200418186,-0.00412657617567,0.00333090202257
4,-3,3.21600557581,-2.41200418186,-3,-2,-2.41200418186,-1.60800278791,0.000279382383159,0.00386667572275
4,-3,3.21600557581,-2.41200418186,-3,-1,-2.41200418186,-0.804001393954,0.0068000002775,0.00203815316777
4,-3,3.21600557581,-2.41200418186,-3,0,-2.41200418186,0,-0.00176170273612,-0.000130505255147
4,-3,3.21600557581,-2.41200418186,-3,1,-2.41200418186,0.804001393954,0.000832173773459,-0.00248314970102
4,-3,3.21600557581,-2.41200418186,-3,2,-2.41200418186,1.60800278791,0.00596618547051,-0.00122678862632
4,-3,3.21600557581,-2.41200418186,-3,3,-2.41200418186,2.41200418186,-0.000404339871231,0.000956840141065
4,-3,3.21600557581,-2.41200418186,-3,4,-2.41200418186,3.21600557581,-0.00207514640587,-0.00235126128318
4,-3,3.21600557581,-2.41200418186,-2,-4,-1.60800278791,-3.21600557581,0.000173060231987,0.00232388791385
4,-3,3.21600557581,-2.41200418186,-2,-3,-1.60800278791,-2.41200418186,0.00351835206505,0.00126885791212
4,-3,3.21600557581,-2.41200418186,-2,-2,-1.60800278791,-1.60800278791,0.00289818298678,0.000747586719413
4,-3,3.21600557581,-2.41200418186,-2,-1,-1.60800278791,-0.804001393954,0.00630573470505,-0.00952024666722
4,-3,3.21600557581,-2.41200418186,-2,0,-1.60800278791,0,0.023651443715,-0.0151542198889
4,-3,3.21600557581,-2.41200418186,-2,1,-1.60800278791,0.804001393954,0.00449360563571,0.000856882107491
4,-3,3.21600557581,-2.41200418186,-2,2,-1.60800278791,1.60800278791,0.0032648565261,-0.000896514887032
4,-3,3.21600557581,-2.41200418186,-2,3,-1.60800278791,2.41200418186,-0.00548960618979,-0.0045616080413
4,-3,3.21600557581,-2.41200418186,-2,4,-1.60800278791,3.21600557581,-0.00462106540684,0.000155464667032
4,-3,3.21600557581,-2.41200418186,-1,-4,-0.804001393954,-3.21600557581,0.00145673579819,-0.00266142967494
4,-3,3.21600557581,-2.41200418186,-1,-3,-0.804001393954,-2.41200418186,-0.00536136007171,-0.00268920310383
4,-3,3.21600557581,-2.41200418186,-1,-2,-0.804001393954,-1.60800278791,0.00121981062131,0.00430593797613
4,-3,3.21600557581,-2.41200418186,-1,-1,-0.804001393954,-0.804001393954,-0.0149053104273,0.0335858507124
4,-3,3.21600557581,-2.41200418186,-1,0,-0.804001393954,0,0.0180366397477,-0.0164448388307
4,-3,3.21600557581,-2.41200418186,-1,1,-0.804001393954,0.804001393954,-0.0171424315574,-0.0181595181887
4,-3,3.21600557581,-2.41200418186,-1,2,-0.804001393954,1.60800278791,0.00564288570988,0.018894214398
4,-3,3.21600557581,-2.41200418186,-1,3,-0.804001393954,2.41200418186,0.000502683197973,-0.00196294782124
4,-3,3.21600557581,-2.41200418186,-1,4,-0.804001393954,3.21600557581,-0.000610891292113,-0.00374948652091
4,-3,3.21600557581,-2.41200418186,0,-4,0,-3.21600557581,-0.000409497077705,0.000360834402763
4,-3,3.21600557581,-2.41200418186,0,-3,0,-2.41200418186,-0.00248495813181,-0.00641493749487
4,-3,3.21600557581,-2.41200418186,0,-2,0,-1.60800278791,-0.0142946654053,-0.0254473309624
4,-3,3.21600557581,-2.41200418186,0,-1,0,-0.804001393954,-0.023426371219,0.0314430078492
4,-3,3.21600557581,-2.41200418186,0,0,0,0,0.0387158169119,-0.0122360109966
4,-3,3.21600557581,-2.41200418186,0,1,0,0.804001393954,0.0161289408366,0.0285135760218
4,-3,3.21600557581,-2.41200418186,0,2,0,1.60800278791,0.0012245004732,0.00521685901818
4,-3,3.21600557581,-2.41200418186,0,3,0,2.41200418186,-0.0121367355053,-0.00236731685918
4,-3,3.21600557581,-2.41200418186,0,4,0,3.21600557581,-0.00236310670739,0.00560213475705
4,-3,3.21600557581,-2.41200418186,1,-4,0.804001393954,-3.21600557581,-0.00111680304493,-0.000889621137755
4,-3,3.21600557581,-2.41200418186,1,-3,0.804001393954,-2.41200418186,0.0038842775558,-0.0103464984665
4,-3,3.21600557581,-2.41200418186,1,-2,0.804001393954,-1.60800278791,0.00175267498443,0.00487052332939
4,-3,3.21600557581,-2.41200418186,1,-1,0.804001393954,-0.804001393954,-0.000690199420005,0.0174054746702
4,-3,3.21600557581,-2.41200418186,1,0,0.804001393954,0,-0.0442955482217,0.00454426405942
4,-3,3.21600557581,-2.41200418186,1,1,0.804001393954,0.804001393954,0.00317724512061,0.000600030009448
4,-3,3.21600557581,-2.41200418186,1,2,0.804001393954,1.60800278791,-0.0208031247553,0.00615790507222
4,-3,3.21600557581,-2.41200418186,1,3,0.804001393954,2.41200418186,-0.00384596924463,0.00383715189566
4,-3,3.21600557581,-2.41200418186,1,4,0.804001393954,3.21600557581,-0.00369819152703,-0.00144558194047
4,-3,3.21600557581,-2.41200418186,2,-4,1.60800278791,-3.21600557581,0.00224280813199,0.00230390372616
4,-3,3.21600557581,-2.41200418186,2,-3,1.60800278791,-2.41200418186,-0.00130397284593,0.00232178673311
4,-3,3.21600557581,-2.41200418186,2,-2,1.60800278791,-1.60800278791,-0.000339467663012,0.00843723249665
4,-3,3.21600557581,-2.41200418186,2,-1,1.60800278791,-0.804001393954,-0.00916430471318,0.00930616177313
4,-3,3.21600557581,-2.41200418186,2,0,1.60800278791,0,0.00116098757181,0.00747850053474
4,-3,3.21600557581,-2.41200418186,2,1,1.60800278791,0.804001393954,0.00796735786345,-0.000749962664424
4,-3,3.21600557581,-2.41200418186,2,2,1.60800278791,1.60800278791,0.00361287685378,-0.000779484388017
4,-3,3.21600557581,-2.41200418186,2,3,1.60800278791,2.41200418186,0.00184090514931,-0.00422786038897
4,-3,3.21600557581,-2.41200418186,2,4,1.60800278791,3.21600557581,-0.00282092270403,0.00132893708528
4,-3,3.21600557581,-2.41200418186,3,-4,2.41200418186,-3.21600557581,0.00121370747731,0.00105918544452
4,-3,3.21600557581,-2.41200418186,3,-3,2.41200418186,-2.41200418186,0.00133374188556,0.00165712308177
4,-3,3.21600557581,-2.41200418186,3,-2,2.41200418186,-1.60800278791,-0.00461364695681,0.00127191581957
4,-3,3.21600557581,-2.41200418186,3,-1,2.41200418186,-0.804001393954,-0.00286011312677,-0.00138779197892
4,-3,3.21600557581,-2.41200418186,3,0,2.41200418186,0,0.00118774968371,-0.00270202537325
4,-3,3.21600557581,-2.41200418186,3,1,2.41200418186,0.804001393954,0.00359007181456,-0.00128520518945
4,-3,3.21600557581,-2.41200418186,3,2,2.41200418186,1.60800278791,0.001706615467,0.00303186289778
4,-3,3.21600557581,-2.41200418186,3,3,2.41200418186,2.41200418186,0.00491545056794,0.000243137981275
4,-3,3.21600557581,-2.41200418186,3,4,2.41200418186,3.21600557581,4.58819650198e-05,0.00351288566967
4,-3,3.21600557581,-2.41200418186,4,-4,3.21600557581,-3.21600557581,0.000604438892439,0.00282831507037
4,-3,3.21600557581,-2.41200418186,4,-3,3.21600557581,-2.41200418186,0.00205893088792,0
4,-3,3.21600557581,-2.41200418186,4,-2,3.21600557581,-1.60800278791,0.00348069851982,-0.00187783866051
4,-3,3.21600557581,-2.41200418186,4,-1,3.21600557581,-0.804001393954,8.1415433789e-05,-0.00205048283298
4,-3,3.21600557581,-2.41200418186,4,0,3.21600557581,0,-0.00113664423713,0.00435712469677
4,-3,3.21600557581,-2.41200418186,4,1,3.21600557581,0.804001393954,0.000557494290193,0.00300226589297
4,-3,3.21600557581,-2.41200418186,4,2,3.21600557581,1.60800278791,0.00449085861675,0.00496718366634
4,-3,3.21600557581,-2.41200418186,4,3,3.21600557581,2.41200418186,-0.000775513765957,-0.003408754122
4,-3,3.21600557581,-2.41200418186,4,4,3.21600557581,3.21600557581,8.17263026825e-05,0.00101355658398
4,-2,3.21600557581,-1.60800278791,-4,-4,-3.21600557581,-3.21600557581,0.00288363395888,0.00407723194478
4,-2,3.21600557581,-1.60800278791,-4,-3,-3.21600557581,-2.41200418186,0.00071983223536,-0.00737271765558
4,-2,3.21600557581,-1.60800278791,-4,-2,-3.21600557581,-1.60800278791,0.00413812086491,0.000722121732344
4,-2,3.21600557581,-1.60800278791,-4,-1,-3.21600557581,-0.804001393954,-0.00485387639502,0.00508420801634
4,-2,3.21600557581,-1.60800278791,-4,0,-3.21600557581,0,0.00387153206581,-0.00616983666828
4,-2,3.21600557581,-1.60800278791,-4,1,-3.21600557581,0.804001393954,-0.00135685562405,-0.00207143535732
4,-2,3.21600557581,-1.60800278791,-4,2,-3.21600557581,1.60800278791,0.0019128309085,-0.00624836930707
4,-2,3.21600557581,-1.60800278791,-4,3,-3.21600557581,2.41200418186,0.00264990757895,-0.00841496171618
4,-2,3.21600557581,-1.60800278791,-4,4,-3.21600557581,3.21600557581,0.000853508300736,0.00109614321419
4,-2,3.21600557581,-1.60800278791,-3,-4,-2.41200418186,-3.21600557581,-0.00501371165685,-0.000316154117624
4,-2,3.21600557581,-1.60800278791,-3,-3,-2.41200418186,-2.41200418186,0.00459787376323,-0.00233704654597
4,-2,3.21600557581,-1.60800278791,-3,-2,-2.41200418186,-1.60800278791,-0.000204818412627,-0.0023265346846
4,-2,3.21600557581,-1.60800278791,-3,-1,-2.41200418186,-0.804001393954,-0.000889099786171,0.00470452037527
4,-2,3.21600557581,-1.60800278791,-3,0,-2.41200418186,0,0.000944850512308,0.00931589339319
4,-2,3.21600557581,-1.60800278791,-3,1,-2.41200418186,0.804001393954,0.00739534503216,0.00392483849384
4,-2,3.21600557581,-1.60800278791,-3,2,-2.41200418186,1.60800278791,0.00244812024653,-0.0052571775297
4,-2,3.21600557581,-1.60800278791,-3,3,-2.41200418186,2.41200418186,0.00224113313843,-0.000795237223766
4,-2,3.21600557581,-1.60800278791,-3,4,-2.41200418186,3.21600557581,0.00232946873543,-0.00258993212118
4,-2,3.21600557581,-1.60800278791,-2,-4,-1.60800278791,-3.21600557581,0.000865265881038,0.00272565796335
4,-2,3.21600557581,-1.60800278791,-2,-3,-1.60800278791,-2.41200418186,0.000515963675247,-0.00468175274361
4,-2,3.21600557581,-1.60800278791,-2,-2,-1.60800278791,-1.60800278791,0.00386263563977,0.00328097916763
4,-2,3.21600557581,-1.60800278791,-2,-1,-1.60800278791,-0.804001393954,0.00949275777364,-0.00456721052022
4,-2,3.21600557581,-1.60800278791,-2,0,-1.60800278791,0,0.000938115199642,-0.0138441998471
4,-2,3.21600557581,-1.60800278791,-2,1,-1.60800278791,0.804001393954,0.0134808949597,-0.0167336912152
4,-2,3.21600557581,-1.60800278791,-2,2,-1.60800278791,1.60800278791,-0.00364862008537,-0.00216719675243
4,-2,3.21600557581,-1.60800278791,-2,3,-1.60800278791,2.41200418186,0.00668948696181,-0.00444110499635
4,-2,3.21600557581,-1.60800278791,-2,4,-1.60800278791,3.21600557581,-0.00257568539889,0.00407043355973
4,-2,3.21600557581,-1.60800278791,-1,-4,-0.804001393954,-3.21600557581,-0.00439826845271,0.00109606367671
4,-2,3.21600557581,-1.60800278791,-1,-3,-0.804001393954,-2.41200418186,0.000113712053627,-0.00783331754292
4,-2,3.21600557581,-1.60800278791,-1,-2,-0.804001393954,-1.60800278791,-0.0163104685649,0.00606355362232
4,-2,3.21600557581,-1.60800278791,-1,-1,-0.804001393954,-0.804001393954,-0.000699322378317,-0.00310703812187
4,-2,3.21600557581,-1.60800278791,-1,0,-0.804001393954,0,-0.00636276648826,0.0347967027387
4,-2,3.21600557581,-1.60800278791,-1,1,-0.804001393954,0.804001393954,0.00032279085535,-0.00535725012133
4,-2,3.21600557581,-1.60800278791,-1,2,-0.804001393954,1.60800278791,-0.00507117714731,-0.00508486649595
4,-2,3.21600557581,-1.60800278791,-1,3,-0.804001393954,2.41200418186,-0.00239175870259,0.0106160311207
4,-2,3.21600557581,-1.60800278791,-1,4,-0.804001393954,3.21600557581,0.000848742053542,0.000945431922536
4,-2,3.21600557581,-1.60800278791,0,-4,0,-3.21600557581,0.00068947188462,-0.000849162417782
4,-2,3.21600557581,-1.60800278791,0,-3,0,-2.41200418186,0.00673913090473,0.0057695161702
4,-2,3.21600557581,-1.60800278791,0,-2,0,-1.60800278791,-0.00782186549185,-0.0199814881974
4,-2,3.21600557581,-1.60800278791,0,-1,0,-0.804001393954,-0.0250453686864,-0.0441460035682
4,-2,3.21600557581,-1.60800278791,0,0,0,0,-0.0274564100663,0.0892762728559
4,-2,3.21600557581,-1.60800278791,0,1,0,0.804001393954,0.0140603645689,-0.00258883671373
4,-2,3.21600557581,-1.60800278791,0,2,0,1.60800278791,0.00653755541088,0.0180184753937
4,-2,3.21600557581,-1.60800278791,0,3,0,2.41200418186,-0.00254071223738,0.00311184569767
4,-2,3.21600557581,-1.60800278791,0,4,0,3.21600557581,-0.0017725932234,-0.00869036278052
4,-2,3.21600557581,-1.60800278791,1,-4,0.804001393954,-3.21600557581,0.00317816284142,-0.00220359905978
4,-2,3.21600557581,-1.60800278791,1,-3,0.804001393954,-2.41200418186,0.00184829546234,0.00519182168133
4,-2,3.21600557581,-1.60800278791,1,-2,0.804001393954,-1.60800278791,0.0106222690352,-0.00860872899916
4,-2,3.21600557581,-1.60800278791,1,-1,0.804001393954,-0.804001393954,0.000156069800385,0.0135611156477
4,-2,3.21600557581,-1.60800278791,1,0,0.804001393954,0,-0.0117831320476,0.0268019460196
4,-2,3.21600557581,-1.60800278791,1,1,0.804001393954,0.804001393954,-0.0318273697218,-0.00272494870084
4,-2,3.21600557581,-1.60800278791,1,2,0.804001393954,1.60800278791,0.00488358963994,0.00370374147688
4,-2,3.21600557581,-1.60800278791,1,3,0.804001393954,2.41200418186,-0.0118771974532,-0.00349449955932
4,-2,3.21600557581,-1.60800278791,1,4,0.804001393954,3.21600557581,0.00244342814427,0.000266302130703
4,-2,3.21600557581,-1.60800278791,2,-4,1.60800278791,-3.21600557581,0.00124885852379,0.000247490639857
4,-2,3.21600557581,-1.60800278791,2,-3,1.60800278791,-2.41200418186,0.00205685271299,0.00329724012945
4,-2,3.21600557581,-1.60800278791,2,-2,1.60800278791,-1.60800278791,0.000377527795405,-0.00197039775986
4,-2,3.21600557581,-1.60800278791,2,-1,1.60800278791,-0.804001393954,-0.00886669573095,0.00290322024629
4,-2,3.21600557581,-1.60800278791,2,0,1.60800278791,0,-0.00197015184614,-0.00107996890577
4,-2,3.21600557581,-1.60800278791,2,1,1.60800278791,0.804001393954,0.0019488560386,-0.0020452447193
4,-2,3.21600557581,-1.60800278791,2,2,1.60800278791,1.60800278791,0.00757831055395,0.000975636653658
4,-2,3.21600557581,-1.60800278791,2,3,1.60800278791,2.41200418186,0.00523614641496,-0.000466197142181
4,-2,3.21600557581,-1.60800278791,2,4,1.60800278791,3.21600557581,0.00147856608889,-0.00462231057858
4,-2,3.21600557581,-1.60800278791,3,-4,2.41200418186,-3.21600557581,-0.0012799650401,-7.33456211243e-05
4,-2,3.21600557581,-1.60800278791,3,-3,2.41200418186,-2.41200418186,-0.00291865355256,-0.000662037428382
4,-2,3.21600557581,-1.60800278791,3,-2,2.41200418186,-1.60800278791,0.00167882923597,0.000397917699592
4,-2,3.21600557581,-1.60800278791,3,-1,2.41200418186,-0.804001393954,-0.00565985293457,0.00483231636305
4,-2,3.21600557581,-1.60800278791,3,0,2.41200418186,0,0.00170239320412,-0.00479033955772
4,-2,3.21600557581,-1.60800278791,3,1,2.41200418186,0.804001393954,0.00251207670784,-0.00145771879666
4,-2,3.21600557581,-1.60800278791,3,2,2.41200418186,1.60800278791,0.00317681759905,0.00328964734067
4,-2,3.21600557581,-1.60800278791,3,3,2.41200418186,2.41200418186,0.000338603982587,-0.00115654714362
4,-2,3.21600557581,-1.60800278791,3,4,2.41200418186,3.21600557581,-0.000709313255688,-0.00242535677188
4,-2,3.21600557581,-1.60800278791,4,-4,3.21600557581,-3.21600557581,0.000678435084954,0.00546683845587
4,-2,3.21600557581,-1.60800278791,4,-3,3.21600557581,-2.41200418186,0.00348069851982,0.00187783866051
4,-2,3.21600557581,-1.60800278791,4,-2,3.21600557581,-1.60800278791,0.00676775171679,0
4,-2,3.21600557581,-1.60800278791,4,-1,3.21600557581,-0.804001393954,0.00209271784085,-0.00221117078417
4,-2,3.21600557581,-1.60800278791,4,0,3.21600557581,0,-0.00446175872712,-0.00238690039264
4,-2,3.21600557581,-1.60800278791,4,1,3.21600557581,0.804001393954,0.00211900489951,0.00767279427793
4,-2,3.21600557581,-1.60800278791,4,2,3.21600557581,1.60800278791,-0.00569073990081,-0.0041201179801
4,-2,3.21600557581,-1.60800278791,4,3,3.21600557581,2.41200418186,0.0048631792311,0.00229634330425
4,-2,3.21600557581,-1.60800278791,4,4,3.21600557581,3.21600557581,7.37905035515e-06,-0.00158212932208
4,-1,3.21600557581,-0.804001393954,-4,-4,-3.21600557581,-3.21600557581,0.00320732796146,-0.00565320436509
4,-1,3.21600557581,-0.804001393954,-4,-3,-3.21600557581,-2.41200418186,-0.00897593297855,0.000494095046341
4,-1,3.21600557581,-0.804001393954,-4,-2,-3.21600557581,-1.60800278791,0.000283864226175,-0.00824542641457
4,-1,3.21600557581,-0.804001393954,-4,-1,-3.21600557581,-0.804001393954,0.00181715426352,0.00229208706303
4,-1,3.21600557581,-0.804001393954,-4,0,-3.21600557581,0,-0.00646693030446,-0.00453482119357
4,-1,3.21600557581,-0.804001393954,-4,1,-3.21600557581,0.804001393954,0.00895164175515,-0.00640041207098
4,-1,3.21600557581,-0.804001393954,-4,2,-3.21600557581,1.60800278791,-0.00135685562405,-0.00207143535732
4,-1,3.21600557581,-0.804001393954,-4,3,-3.21600557581,2.41200418186,0.00193243918753,-0.000132653119065
4,-1,3.21600557581,-0.804001393954,-4,4,-3.21600557581,3.21600557581,0.00222777795625,-0.00899828815772
4,-1,3.21600557581,-0.804001393954,-3,-4,-2.41200418186,-3.21600557581,-0.00109132668353,0.00125514758276
4,-1,3.21600557581,-0.804001393954,-3,-3,-2.41200418186,-2.41200418186,0.00204582802521,-0.00175063895557
4,-1,3.21600557581,-0.804001393954,-3,-2,-2.41200418186,-1.60800278791,0.00221545598395,-0.00070909532183
4,-1,3.21600557581,-0.804001393954,-3,-1,-2.41200418186,-0.804001393954,-0.0105665729444,-0.00679974518225
4,-1,3.21600557581,-0.804001393954,-3,0,-2.41200418186,0,0.0016064064897,0.0119718280999
4,-1,3.21600557581,-0.804001393954,-3,1,-2.41200418186,0.804001393954,0.000222376341921,0.0107194254015
4,-1,3.21600557581,-0.804001393954,-3,2,-2.41200418186,1.60800278791,0.000644145919001,-0.000849730904924
4,-1,3.21600557581,-0.804001393954,-3,3,-2.41200418186,2.41200418186,0.0026472416377,-0.00156502293734
4,-1,3.21600557581,-0.804001393954,-3,4,-2.41200418186,3.21600557581,-0.000936432708285,0.00186980911494
4,-1,3.21600557581,-0.804001393954,-2,-4,-1.60800278791,-3.21600557581,0.00683569490734,-0.00141908054249
4,-1,3.21600557581,-0.804001393954,-2,-3,-1.60800278791,-2.41200418186,0.00139075261796,-0.00362185838096
4,-1,3.21600557581,-0.804001393954,-2,-2,-1.60800278791,-1.60800278791,0.00636416502756,-0.00036424773446
4,-1,3.21600557581,-0.804001393954,-2,-1,-1.60800278791,-0.804001393954,0.0135153715165,0.00479971855825
4,-1,3.21600557581,-0.804001393954,-2,0,-1.60800278791,0,0.0056254906851,0.00212256730996
4,-1,3.21600557581,-0.804001393954,-2,1,-1.60800278791,0.804001393954,0.0064762366769,-0.00672012634294
4,-1,3.21600557581,-0.804001393954,-2,2,-1.60800278791,1.60800278791,0.0115087076806,-0.00391014828501
4,-1,3.21600557581,-0.804001393954,-2,3,-1.60800278791,2.41200418186,-0.000455982158668,-0.00117058991436
4,-1,3.21600557581,-0.804001393954,-2,4,-1.60800278791,3.21600557581,0.00349478014795,0.00336325443689
4,-1,3.21600557581,-0.804001393954,-1,-4,-0.804001393954,-3.21600557581,0.000797336075952,0.00284607000174
4,-1,3.21600557581,-0.804001393954,-1,-3,-0.804001393954,-2.41200418186,0.00123560701501,0.00121402752664
4,-1,3.21600557581,-0.804001393954,-1,-2,-0.804001393954,-1.60800278791,-0.00143005459927,-0.01432245216
4,-1,3.21600557581,-0.804001393954,-1,-1,-0.804001393954,-0.804001393954,-0.0254152893818,-0.00133346560389
4,-1,3.21600557581,-0.804001393954,-1,0,-0.804001393954,0,0.000132030223072,0.000236364455644
4,-1,3.21600557581,-0.804001393954,-1,1,-0.804001393954,0.804001393954,-0.00667691089362,0.0269230756277
4,-1,3.21600557581,-0.804001393954,-1,2,-0.804001393954,1.60800278791,0.00148225408578,-0.00717593592716
4,-1,3.21600557581,-0.804001393954,-1,3,-0.804001393954,2.41200418186,-0.00522257830328,-0.00729612869272
4,-1,3.21600557581,-0.804001393954,-1,4,-0.804001393954,3.21600557581,0.00244223201214,0.00729292121887
4,-1,3.21600557581,-0.804001393954,0,-4,0,-3.21600557581,0.00075644320697,0.00486061848172
4,-1,3.21600557581,-0.804001393954,0,-3,0,-2.41200418186,-0.0019638893644,-0.00299345135122
4,-1,3.21600557581,-0.804001393954,0,-2,0,-1.60800278791,0.00214087451506,0.0179230732108
4,-1,3.21600557581,-0.804001393954,0,-1,0,-0.804001393954,-0.0057207314571,-0.0251257782329
4,-1,3.21600557581,-0.804001393954,0,0,0,0,-0.048225742527,-0.0872552748507
4,-1,3.21600557581,-0.804001393954,0,1,0,0.804001393954,-0.0147080156313,0.0329020555843
4,-1,3.21600557581,-0.804001393954,0,2,0,1.60800278791,0.0181197489591,-0.0011583150765
4,-1,3.21600557581,-0.804001393954,0,3,0,2.41200418186,0.00441751164013,0.00500852312328
4,-1,3.21600557581,-0.804001393954,0,4,0,3.21600557581,0.0004914729678,0.0013927936331
4,-1,3.21600557581,-0.804001393954,1,-4,0.804001393954,-3.21600557581,-0.000118356973528,0.00268026865084
4,-1,3.21600557581,-0.804001393954,1,-3,0.804001393954,-2.41200418186,-0.000500908435156,-0.00313208588264
4,-1,3.21600557581,-0.804001393954,1,-2,0.804001393954,-1.60800278791,-0.00897765076182,0.0102259907044
4,-1,3.21600557581,-0.804001393954,1,-1,0.804001393954,-0.804001393954,0.0191873806977,-0.015836123256
4,-1,3.21600557581,-0.804001393954,1,0,0.804001393954,0,-0.00545757225248,0.0389638281802
4,-1,3.21600557581,-0.804001393954,1,1,0.804001393954,0.804001393954,-0.00400793567878,0.0136556795736
4,-1,3.21600557581,-0.804001393954,1,2,0.804001393954,1.60800278791,-0.0147462212743,0.00393442555636
4,-1,3.21600557581,-0.804001393954,1,3,0.804001393954,2.41200418186,-0.0015488767795,-0.00299061814245
4,-1,3.21600557581,-0.804001393954,1,4,0.804001393954,3.21600557581,-0.00471328158451,-0.000528999974905
4,-1,3.21600557581,-0.804001393954,2,-4,1.60800278791,-3.21600557581,0.00248535454058,-2.87934161394e-06
4,-1,3.21600557581,-0.804001393954,2,-3,1.60800278791,-2.41200418186,-0.00414056293391,0.000701661959604
4,-1,3.21600557581,-0.804001393954,2,-2,1.60800278791,-1.60800278791,0.00229093546098,0.00211699800697
4,-1,3.21600557581,-0.804001393954,2,-1,1.60800278791,-0.804001393954,-0.00435987465202,-0.0102285347947
4,-1,3.21600557581,-0.804001393954,2,0,1.60800278791,0,-0.0140657919496,0.000986227464628
4,-1,3.21600557581,-0.804001393954,2,1,1.60800278791,0.804001393954,-0.0030649166069,-0.00523805492922
4,-1,3.21600557581,-0.804001393954,2,2,1.60800278791,1.60800278791,-0.00189324486268,0.00738822933825
4,-1,3.21600557581,-0.804001393954,2,3,1.60800278791,2.41200418186,0.00257975617885,-0.00628769013009
4,-1,3.21600557581,-0.804001393954,2,4,1.60800278791,3.21600557581,0.00114026691086,0.00651709725842
4,-1,3.21600557581,-0.804001393954,3,-4,2.41200418186,-3.21600557581,-0.00173673549464,0.00471332282206
4,-1,3.21600557581,-0.804001393954,3,-3,2.41200418186,-2.41200418186,-0.00191965635404,-0.00189446188988
4,-1,3.21600557581,-0.804001393954,3,-2,2.41200418186,-1.60800278791,-0.000579426879739,0.00350992868726
4,-1,3.21600557581,-0.804001393954,3,-1,2.41200418186,-0.804001393954,-0.00013312040133,-0.00303957850038
4,-1,3.21600557581,-0.804001393954,3,0,2.41200418186,0,-0.00577014858229,0.00524973139523
4,-1,3.21600557581,-0.804001393954,3,1,2.41200418186,0.804001393954,-0.00273749302907,-0.0013025052606
4,-1,3.21600557581,-0.804001393954,3,2,2.41200418186,1.60800278791,0.00358880513514,-0.00174227934228
4,-1,3.21600557581,-0.804001393954,3,3,2.41200418186,2.41200418186,-0.000710371147086,-0.000888833523787
4,-1,3.21600557581,-0.804001393954,3,4,2.41200418186,3.21600557581,-0.00190864053728,-0.00246417340866
4,-1,3.21600557581,-0.804001393954,4,-4,3.21600557581,-3.21600557581,-0.000747407722886,0.00153706017574
4,-1,3.21600557581,-0.804001393954,4,-3,3.21600557581,-2.41200418186,8.1415433789e-05,0.00205048283298
4,-1,3.21600557581,-0.804001393954,4,-2,3.21600557581,-1.60800278791,0.00209271784085,0.00221117078417
4,-1,3.21600557581,-0.804001393954,4,-1,3.21600557581,-0.804001393954,0.0113049571474,0
4,-1,3.21600557581,-0.804001393954,4,0,3.21600557581,0,-0.0011201449926,-0.000180703812034
4,-1,3.21600557581,-0.804001393954,4,1,3.21600557581,0.804001393954,-0.00222797512447,-0.00592529790633
4,-1,3.21600557581,-0.804001393954,4,2,3.21600557581,1.60800278791,0.00217553720265,0.00299581772002
4,-1,3.21600557581,-0.804001393954,4,3,3.21600557581,2.41200418186,0.00515873223344,0.00405325663092
4,-1,3.21600557581,-0.804001393954,4,4,3.21600557581,3.21600557581,0.000448922923863,-0.00290131131497
4,0,3.21600557581,0,-4,-4,-3.21600557581,-3.21600557581,-0.0011937858568,0.00289861575766
4,0,3.21600557581,0,-4,-3,-3.21600557581,-2.41200418186,0.00252414248623,0.000189767287503
4,0,3.21600557581,0,-4,-2,-3.21600557581,-1.60800278791,-0.00623888252591,0.0025989351998
4,0,3.21600557581,0,-4,-1,-3.21600557581,-0.804001393954,0.0015280828688,-0.00460325628314
4,0,3.21600557581,0,-4,0,-3.21600557581,0,0.00122559988282,8.97979419679e-05
4,0,3.21600557581,0,-4,1,-3.21600557581,0.804001393954,-0.00646693030446,-0.00453482119357
4,0,3.21600557581,0,-4,2,-3.21600557581,1.60800278791,0.00387153206581,-0.00616983666828
4,0,3.21600557581,0,-4,3,-3.21600557581,2.41200418186,7.38518016427e-05,0.00222482440047
4,0,3.21600557581,0,-4,4,-3.21600557581,3.21600557581,0.00534571027678,0.000948171295778
4,0,3.21600557581,0,-3,-4,-2.41200418186,-3.21600557581,0.00552067467019,0.00204816334976
4,0,3.21600557581,0,-3,-3,-2.41200418186,-2.41200418186,0.000372123937466,0.000302173751921
4,0,3.21600557581,0,-3,-2,-2.41200418186,-1.60800278791,0.000129217116935,-0.000238828988767
4,0,3.21600557581,0,-3,-1,-2.41200418186,-0.804001393954,0.000716254125125,-0.00243974100477
4,0,3.21600557581,0,-3,0,-2.41200418186,0,-0.00665924547428,-0.0078586731396
4,0,3.21600557581,0,-3,1,-2.41200418186,0.804001393954,0.00655028571136,0.00587502703455
4,0,3.21600557581,0,-3,2,-2.41200418186,1.60800278791,0.000381734529896,0.00372493749567
4,0,3.21600557581,0,-3,3,-2.41200418186,2.41200418186,0.00243816739123,0.000832297213634
4,0,3.21600557581,0,-3,4,-2.41200418186,3.21600557581,-0.00043049848294,0.000517452293575
4,0,3.21600557581,0,-2,-4,-1.60800278791,-3.21600557581,0.00106607219006,0.00447245716968
4,0,3.21600557581,0,-2,-3,-1.60800278791,-2.41200418186,0.000569399343279,-0.00146209799175
4,0,3.21600557581,0,-2,-2,-1.60800278791,-1.60800278791,-0.0047729297691,-0.00109462456914
4,0,3.21600557581,0,-2,-1,-1.60800278791,-0.804001393954,0.00700595617954,-0.0133303127655
4,0,3.21600557581,0,-2,0,-1.60800278791,0,0.0158733836174,0.00853109858121
4,0,3.21600557581,0,-2,1,-1.60800278791,0.804001393954,-0.00146265680691,0.000972238628919
4,0,3.21600557581,0,-2,2,-1.60800278791,1.60800278791,0.000277000592848,-0.00770495337246
4,0,3.21600557581,0,-2,3,-1.60800278791,2.41200418186,0.00235994529028,-0.00378385635229
4,0,3.21600557581,0,-2,4,-1.60800278791,3.21600557581,0.00279545791849,0.00321449132437
4,0,3.21600557581,0,-1,-4,-0.804001393954,-3.21600557581,-0.00442572327555,0.00130818590821
4,0,3.21600557581,0,-1,-3,-0.804001393954,-2.41200418186,0.00510384880463,0.00751999824946
4,0,3.21600557581,0,-1,-2,-0.804001393954,-1.60800278791,0.00645094217791,0.00827698283668
4,0,3.21600557581,0,-1,-1,-0.804001393954,-0.804001393954,0.0091143267819,-0.00916927713233
4,0,3.21600557581,0,-1,0,-0.804001393954,0,-0.0220444488237,-0.00733967622563
4,0,3.21600557581,0,-1,1,-0.804001393954,0.804001393954,0.00482788570254,0.00793170837015
4,0,3.21600557581,0,-1,2,-0.804001393954,1.60800278791,-0.00318252452111,0.0125360389984
4,0,3.21600557581,0,-1,3,-0.804001393954,2.41200418186,-0.0019496390345,0.000650503203185
4,0,3.21600557581,0,-1,4,-0.804001393954,3.21600557581,-0.00308894870254,-0.00430275489892
4,0,3.21600557581,0,0,-4,0,-3.21600557581,-0.00329833961867,-0.00278371845219
4,0,3.21600557581,0,0,-3,0,-2.41200418186,-0.00122408813921,5.99649975844e-05
4,0,3.21600557581,0,0,-2,0,-1.60800278791,-0.0150607566232,-0.00164611505664
4,0,3.21600557581,0,0,-1,0,-0.804001393954,0.00358322319792,0.0292030041463
4,0,3.21600557581,0,0,0,0,0,-0.0313871461952,-0.052024849059
4,0,3.21600557581,0,0,1,0,0.804001393954,-0.0196679333295,-0.039070189629
4,0,3.21600557581,0,0,2,0,1.60800278791,-0.0100512723318,0.0117836510024
4,0,3.21600557581,0,0,3,0,2.41200418186,0.00254745799979,-0.000478946920289
4,0,3.21600557581,0,0,4,0,3.21600557581,-0.000791623912293,-0.00198724593087
4,0,3.21600557581,0,1,-4,0.804001393954,-3.21600557581,-0.00107264884945,0.00221611603487
4,0,3.21600557581,0,1,-3,0.804001393954,-2.41200418186,0.00268484573646,-0.000356405256058
4,0,3.21600557581,0,1,-2,0.804001393954,-1.60800278791,0.00872834800144,0.0015617557778
4,0,3.21600557581,0,1,-1,0.804001393954,-0.804001393954,-0.00755502762787,0.0176961936884
4,0,3.21600557581,0,1,0,0.804001393954,0,0.0178575070689,-0.00455244701164
4,0,3.21600557581,0,1,1,0.804001393954,0.804001393954,-0.00609564355161,0.0275938025217
4,0,3.21600557581,0,1,2,0.804001393954,1.60800278791,0.00381218837812,0.00867049106822
4,0,3.21600557581,0,1,3,0.804001393954,2.41200418186,-0.00680889322099,0.00301061490104
4,0,3.21600557581,0,1,4,0.804001393954,3.21600557581,0.000887004288037,0.00188429633832
4,0,3.21600557581,0,2,-4,1.60800278791,-3.21600557581,0.00336147685129,-0.00200445719844
4,0,3.21600557581,0,2,-3,1.60800278791,-2.41200418186,-0.00388161645829,0.00539776590073
4,0,3.21600557581,0,2,-2,1.60800278791,-1.60800278791,-0.00643051965444,-0.00200740044493
4,0,3.21600557581,0,2,-1,1.60800278791,-0.804001393954,-0.00205480858218,0.00682959597485
4,0,3.21600557581,0,2,0,1.60800278791,0,-0.0125462505285,-0.0196041625659
4,0,3.21600557581,0,2,1,1.60800278791,0.804001393954,-0.0103626079104,0.00113353064935
4,0,3.21600557581,0,2,2,1.60800278791,1.60800278791,0.0034283521307,-0.00361392049186
4,0,3.21600557581,0,2,3,1.60800278791,2.41200418186,0.00126641265312,0.00331917253593
4,0,3.21600557581,0,2,4,1.60800278791,3.21600557581,-0.00104345291721,-0.000507243032389
4,0,3.21600557581,0,3,-4,2.41200418186,-3.21600557581,-0.000131501536301,0.00112655997551
4,0,3.21600557581,0,3,-3,2.41200418186,-2.41200418186,-0.00597259733451,0.00389068105768
4,0,3.21600557581,0,3,-2,2.41200418186,-1.60800278791,0.00029689154724,-0.00473255479881
4,0,3.21600557581,0,3,-1,2.41200418186,-0.804001393954,-0.000737273995651,0.00361207503135
4,0,3.21600557581,0,3,0,2.41200418186,0,0.00230049871575,-0.00122528969325
4,0,3.21600557581,0,3,1,2.41200418186,0.804001393954,-0.00589341492147,0.00199465186316
4,0,3.21600557581,0,3,2,2.41200418186,1.60800278791,-0.00459524843492,0.00268054662764
4,0,3.21600557581,0,3,3,2.41200418186,2.41200418186,-0.000468142411863,-0.00160112379393
4,0,3.21600557581,0,3,4,2.41200418186,3.21600557581,-0.00292001125312,0.00500870732044
4,0,3.21600557581,0,4,-4,3.21600557581,-3.21600557581,0.00204704297005,0.00116301932689
4,0,3.21600557581,0,4,-3,3.21600557581,-2.41200418186,-0.00113664423713,-0.00435712469677
4,0,3.21600557581,0,4,-2,3.21600557581,-1.60800278791,-0.00446175872712,0.00238690039264
4,0,3.21600557581,0,4,-1,3.21600557581,-0.804001393954,-0.0011201449926,0.000180703812034
4,0,3.21600557581,0,4,0,3.21600557581,0,0.0155040388687,0
4,0,3.21600557581,0,4,1,3.21600557581,0.804001393954,-0.00233197465704,0.00153394921277
4,0,3.21600557581,0,4,2,3.21600557581,1.60800278791,-0.00328641348902,-0.000362441518152
4,0,3.21600557581,0,4,3,3.21600557581,2.41200418186,0.000218455166949,-0.00433345734065
4,0,3.21600557581,0,4,4,3.21600557581,3.21600557581,0.0112530048094,0.000352542451008
4,1,3.21600557581,0.804001393954,-4,-4,-3.21600557581,-3.21600557581,0.00460875052327,-0.0068295410587
4,1,3.21600557581,0.804001393954,-4,-3,-3.21600557581,-2.41200418186,-0.00128602552283,0.00150124902265
4,1,3.21600557581,0.804001393954,-4,-2,-3.21600557581,-1.60800278791,-0.000894078411052,-0.00508777093706
4,1,3.21600557581,0.804001393954,-4,-1,-3.21600557581,-0.804001393954,-0.00117240458907,0.00255811653268
4,1,3.21600557581,0.804001393954,-4,0,-3.21600557581,0,0.0015280828688,-0.00460325628314
4,1,3.21600557581,0.804001393954,-4,1,-3.21600557581,0.804001393954,0.00181715426352,0.00229208706303
4,1,3.21600557581,0.804001393954,-4,2,-3.21600557581,1.60800278791,-0.00485387639502,0.00508420801634
4,1,3.21600557581,0.804001393954,-4,3,-3.21600557581,2.41200418186,0.000386927169296,0.000577644635108
4,1,3.21600557581,0.804001393954,-4,4,-3.21600557581,3.21600557581,-0.000175571910638,-0.000864546887808
4,1,3.21600557581,0.804001393954,-3,-4,-2.41200418186,-3.21600557581,-0.00424889979041,0.000836194267072
4,1,3.21600557581,0.804001393954,-3,-3,-2.41200418186,-2.41200418186,0.00110601514633,6.33157974032e-05
4,1,3.21600557581,0.804001393954,-3,-2,-2.41200418186,-1.60800278791,0.000359090716979,-0.000116257642399
4,1,3.21600557581,0.804001393954,-3,-1,-2.41200418186,-0.804001393954,-0.00275038197893,0.00592042770438
4,1,3.21600557581,0.804001393954,-3,0,-2.41200418186,0,0.0024758463288,-0.0061758762341
4,1,3.21600557581,0.804001393954,-3,1,-2.41200418186,0.804001393954,-0.0033047312824,-0.00564137368043
4,1,3.21600557581,0.804001393954,-3,2,-2.41200418186,1.60800278791,0.00794480439692,0.00219618783246
4,1,3.21600557581,0.804001393954,-3,3,-2.41200418186,2.41200418186,0.00136300435016,-0.000761388457867
4,1,3.21600557581,0.804001393954,-3,4,-2.41200418186,3.21600557581,0.00136459590764,-0.00223500851009
4,1,3.21600557581,0.804001393954,-2,-4,-1.60800278791,-3.21600557581,0.002327328521,-0.00381736461494
4,1,3.21600557581,0.804001393954,-2,-3,-1.60800278791,-2.41200418186,-0.00030925993999,0.000308190272068
4,1,3.21600557581,0.804001393954,-2,-2,-1.60800278791,-1.60800278791,0.0107854302439,-0.00123864905685
4,1,3.21600557581,0.804001393954,-2,-1,-1.60800278791,-0.804001393954,-0.0154135330325,-0.00196017259036
4,1,3.21600557581,0.804001393954,-2,0,-1.60800278791,0,0.0139405878868,-0.017367870009
4,1,3.21600557581,0.804001393954,-2,1,-1.60800278791,0.804001393954,0.00930569703208,0.0032818037822
4,1,3.21600557581,0.804001393954,-2,2,-1.60800278791,1.60800278791,-0.00608059498878,0.0021140123814
4,1,3.21600557581,0.804001393954,-2,3,-1.60800278791,2.41200418186,-0.000778091086708,-0.00457307707238
4,1,3.21600557581,0.804001393954,-2,4,-1.60800278791,3.21600557581,0.00205292630239,0.0024872615737
4,1,3.21600557581,0.804001393954,-1,-4,-0.804001393954,-3.21600557581,-0.00606930585143,-0.00150838606069
4,1,3.21600557581,0.804001393954,-1,-3,-0.804001393954,-2.41200418186,-0.012401916126,-0.0094613364413
4,1,3.21600557581,0.804001393954,-1,-2,-0.804001393954,-1.60800278791,0.0163356563526,0.0206778900344
4,1,3.21600557581,0.804001393954,-1,-1,-0.804001393954,-0.804001393954,-0.00237199520585,-0.00136149476702
4,1,3.21600557581,0.804001393954,-1,0,-0.804001393954,0,0.0133759241846,-0.0184242567405
4,1,3.21600557581,0.804001393954,-1,1,-0.804001393954,0.804001393954,-0.0252717736482,-0.00455271128392
4,1,3.21600557581,0.804001393954,-1,2,-0.804001393954,1.60800278791,0.000761480676868,-0.00379990364342
4,1,3.21600557581,0.804001393954,-1,3,-0.804001393954,2.41200418186,-0.00144772571431,0.00625712870411
4,1,3.21600557581,0.804001393954,-1,4,-0.804001393954,3.21600557581,-0.000799717465105,0.000528857059649
4,1,3.21600557581,0.804001393954,0,-4,0,-3.21600557581,0.00188233690283,0.00246008236384
4,1,3.21600557581,0.804001393954,0,-3,0,-2.41200418186,-0.00487323067524,-0.00652752560101
4,1,3.21600557581,0.804001393954,0,-2,0,-1.60800278791,-0.00510749382249,0.00193348984509
4,1,3.21600557581,0.804001393954,0,-1,0,-0.804001393954,-0.0323731465861,-0.00695637141561
4,1,3.21600557581,0.804001393954,0,0,0,0,0.0351728218276,0.0638205293862
4,1,3.21600557581,0.804001393954,0,1,0,0.804001393954,-0.0146834081548,-0.0187559933859
4,1,3.21600557581,0.804001393954,0,2,0,1.60800278791,-0.000900713856736,-0.0235095024512
4,1,3.21600557581,0.804001393954,0,3,0,2.41200418186,-0.00378288631571,0.00764698809251
4,1,3.21600557581,0.804001393954,0,4,0,3.21600557581,-0.00112910997271,-0.00387307467023
4,1,3.21600557581,0.804001393954,1,-4,0.804001393954,-3.21600557581,0.00216050069119,-0.00215529507275
4,1,3.21600557581,0.804001393954,1,-3,0.804001393954,-2.41200418186,-0.00803509479711,0.00221210486549
4,1,3.21600557581,0.804001393954,1,-2,0.804001393954,-1.60800278791,-0.0061023526975,-0.011617356254
4,1,3.21600557581,0.804001393954,1,-1,0.804001393954,-0.804001393954,0.0123009779989,-0.00381537032879
4,1,3.21600557581,0.804001393954,1,0,0.804001393954,0,-0.0128690978196,0.0282242161481
4,1,3.21600557581,0.804001393954,1,1,0.804001393954,0.804001393954,0.00362774035419,-0.0117606888735
4,1,3.21600557581,0.804001393954,1,2,0.804001393954,1.60800278791,-0.00354500866088,0.00855268591588
4,1,3.21600557581,0.804001393954,1,3,0.804001393954,2.41200418186,-0.00443667313645,0.00472498026457
4,1,3.21600557581,0.804001393954,1,4,0.804001393954,3.21600557581,-0.00324059614857,-0.00101752951521
4,1,3.21600557581,0.804001393954,2,-4,1.60800278791,-3.21600557581,0.00246129571478,-0.00117064921198
4,1,3.21600557581,0.804001393954,2,-3,1.60800278791,-2.41200418186,0.00291825719708,0.00219886254548
4,1,3.21600557581,0.804001393954,2,-2,1.60800278791,-1.60800278791,-0.00409995491848,-0.000298075998717
4,1,3.21600557581,0.804001393954,2,-1,1.60800278791,-0.804001393954,-0.00663236260294,0.00222690240304
4,1,3.21600557581,0.804001393954,2,0,1.60800278791,0,-0.00219255102867,0.0162288646593
4,1,3.21600557581,0.804001393954,2,1,1.60800278791,0.804001393954,-0.0164623723133,-0.0161760664971
4,1,3.21600557581,0.804001393954,2,2,1.60800278791,1.60800278791,-0.00162030244529,0.00278589313526
4,1,3.21600557581,0.804001393954,2,3,1.60800278791,2.41200418186,0.000709291001562,0.00160243294543
4,1,3.21600557581,0.804001393954,2,4,1.60800278791,3.21600557581,0.0033213013956,0.000145535102053
4,1,3.21600557581,0.804001393954,3,-4,2.41200418186,-3.21600557581,0.00204933203712,0.000732464595855
4,1,3.21600557581,0.804001393954,3,-3,2.41200418186,-2.41200418186,-0.00394534596403,0.00465823357104
4,1,3.21600557581,0.804001393954,3,-2,2.41200418186,-1.60800278791,-0.00496230930175,-0.00058398346036
4,1,3.21600557581,0.804001393954,3,-1,2.41200418186,-0.804001393954,-0.000951622085895,0.000985454155745
4,1,3.21600557581,0.804001393954,3,0,2.41200418186,0,-0.00221025214499,0.000823952610194
4,1,3.21600557581,0.804001393954,3,1,2.41200418186,0.804001393954,0.00291884390407,-0.0028268705181
4,1,3.21600557581,0.804001393954,3,2,2.41200418186,1.60800278791,0.00594964030144,-0.00115751504445
4,1,3.21600557581,0.804001393954,3,3,2.41200418186,2.41200418186,-0.00175769959464,-0.000300023813885
4,1,3.21600557581,0.804001393954,3,4,2.41200418186,3.21600557581,-0.00238869598119,-0.00054175268849
4,1,3.21600557581,0.804001393954,4,-4,3.21600557581,-3.21600557581,-0.000204411054285,-0.00161679993436
4,1,3.21600557581,0.804001393954,4,-3,3.21600557581,-2.41200418186,0.000557494290193,-0.00300226589297
4,1,3.21600557581,0.804001393954,4,-2,3.21600557581,-1.60800278791,0.00211900489951,-0.00767279427793
4,1,3.21600557581,0.804001393954,4,-1,3.21600557581,-0.804001393954,-0.00222797512447,0.00592529790633
4,1,3.21600557581,0.804001393954,4,0,3.21600557581,0,-0.00233197465704,-0.00153394921277
4,1,3.21600557581,0.804001393954,4,1,3.21600557581,0.804001393954,0.0181242873664,0
4,1,3.21600557581,0.804001393954,4,2,3.21600557581,1.60800278791,-0.00731662179412,0.00749271195598
4,1,3.21600557581,0.804001393954,4,3,3.21600557581,2.41200418186,-0.00164269132314,-6.88683833427e-05
4,1,3.21600557581,0.804001393954,4,4,3.21600557581,3.21600557581,-0.00504206022153,-0.00197959153248
4,2,3.21600557581,1.60800278791,-4,-4,-3.21600557581,-3.21600557581,-0.00345469253438,0.00273118608225
4,2,3.21600557581,1.60800278791,-4,-3,-3.21600557581,-2.41200418186,0.00203001065609,0.000686197389259
4,2,3.21600557581,1.60800278791,-4,-2,-3.21600557581,-1.60800278791,-0.00500459683677,-0.00313407378786
4,2,3.21600557581,1.60800278791,-4,-1,-3.21600557581,-0.804001393954,-0.000894078411052,-0.00508777093706
4,2,3.21600557581,1.60800278791,-4,0,-3.21600557581,0,-0.00623888252591,0.0025989351998
4,2,3.21600557581,1.60800278791,-4,1,-3.21600557581,0.804001393954,0.000283864226175,-0.00824542641457
4,2,3.21600557581,1.60800278791,-4,2,-3.21600557581,1.60800278791,0.00413812086491,0.000722121732344
4,2,3.21600557581,1.60800278791,-4,3,-3.21600557581,2.41200418186,-0.00204520149888,0.00431208235986
4,2,3.21600557581,1.60800278791,-4,4,-3.21600557581,3.21600557581,7.13458755413e-06,0.003252916297
4,2,3.21600557581,1.60800278791,-3,-4,-2.41200418186,-3.21600557581,-0.00329451749152,0.000877791256896
4,2,3.21600557581,1.60800278791,-3,-3,-2.41200418186,-2.41200418186,-0.00461667972493,0.00368349888235
4,2,3.21600557581,1.60800278791,-3,-2,-2.41200418186,-1.60800278791,0.000663482512524,-0.00125587231339
4,2,3.21600557581,1.60800278791,-3,-1,-2.41200418186,-0.804001393954,0.00369020336019,-0.000406828270342
4,2,3.21600557581,1.60800278791,-3,0,-2.41200418186,0,-0.0049301086467,0.00175481785033
4,2,3.21600557581,1.60800278791,-3,1,-2.41200418186,0.804001393954,0.00332323081905,0.00555128997754
4,2,3.21600557581,1.60800278791,-3,2,-2.41200418186,1.60800278791,-0.000713504179882,-0.00170985336238
4,2,3.21600557581,1.60800278791,-3,3,-2.41200418186,2.41200418186,0.000980535534147,0.000386490208477
4,2,3.21600557581,1.60800278791,-3,4,-2.41200418186,3.21600557581,0.00250856060481,-0.0035664541753
4,2,3.21600557581,1.60800278791,-2,-4,-1.60800278791,-3.21600557581,0.00195346208232,-0.00488025143977
4,2,3.21600557581,1.60800278791,-2,-3,-1.60800278791,-2.41200418186,-0.0034654731401,0.000690823023052
4,2,3.21600557581,1.60800278791,-2,-2,-1.60800278791,-1.60800278791,0.00401499776692,-0.000891641550579
4,2,3.21600557581,1.60800278791,-2,-1,-1.60800278791,-0.804001393954,0.0188044627907,-0.00256208973245
4,2,3.21600557581,1.60800278791,-2,0,-1.60800278791,0,-0.012653962684,-0.00413041508993
4,2,3.21600557581,1.60800278791,-2,1,-1.60800278791,0.804001393954,0.0150788610742,-0.00974630044475
4,2,3.21600557581,1.60800278791,-2,2,-1.60800278791,1.60800278791,0.00971419995116,0.00337085471957
4,2,3.21600557581,1.60800278791,-2,3,-1.60800278791,2.41200418186,0.00221193138749,-0.000867368426755
4,2,3.21600557581,1.60800278791,-2,4,-1.60800278791,3.21600557581,-0.000573922649111,-0.000750335001912
4,2,3.21600557581,1.60800278791,-1,-4,-0.804001393954,-3.21600557581,0.00275310220093,-0.000947174126791
4,2,3.21600557581,1.60800278791,-1,-3,-0.804001393954,-2.41200418186,-0.00372375405419,0.00303419924155
4,2,3.21600557581,1.60800278791,-1,-2,-0.804001393954,-1.60800278791,-0.016655021193,-0.0139341918461
4,2,3.21600557581,1.60800278791,-1,-1,-0.804001393954,-0.804001393954,0.023305275161,0.0302676799842
4,2,3.21600557581,1.60800278791,-1,0,-0.804001393954,0,0.00865088030064,-0.00853969214989
4,2,3.21600557581,1.60800278791,-1,1,-0.804001393954,0.804001393954,0.0130297954939,-0.0086356596564
4,2,3.21600557581,1.60800278791,-1,2,-0.804001393954,1.60800278791,-0.0147771961473,-0.000237547866639
4,2,3.21600557581,1.60800278791,-1,3,-0.804001393954,2.41200418186,-0.00281069799169,-0.00358446257469
4,2,3.21600557581,1.60800278791,-1,4,-0.804001393954,3.21600557581,-0.000259048021096,0.00337284714762
4,2,3.21600557581,1.60800278791,0,-4,0,-3.21600557581,0.0020477089365,-0.00314318962951
4,2,3.21600557581,1.60800278791,0,-3,0,-2.41200418186,0.00653931275412,0.000458065659643
4,2,3.21600557581,1.60800278791,0,-2,0,-1.60800278791,-0.00845443158193,-0.00947874136259
4,2,3.21600557581,1.60800278791,0,-1,0,-0.804001393954,-0.00983429337989,-0.00288487855835
4,2,3.21600557581,1.60800278791,0,0,0,0,-0.084551212678,-0.0323273059941
4,2,3.21600557581,1.60800278791,0,1,0,0.804001393954,0.0210394478118,0.029030747708
4,2,3.21600557581,1.60800278791,0,2,0,1.60800278791,-0.00968963844609,-0.0143613871948
4,2,3.21600557581,1.60800278791,0,3,0,2.41200418186,-0.00349182101002,-0.0104441212651
4,2,3.21600557581,1.60800278791,0,4,0,3.21600557581,0.00517039722482,0.000845789521729
4,2,3.21600557581,1.60800278791,1,-4,0.804001393954,-3.21600557581,-0.000771501412293,-0.000111206013412
4,2,3.21600557581,1.60800278791,1,-3,0.804001393954,-2.41200418186,0.00222163105055,-0.000583664830521
4,2,3.21600557581,1.60800278791,1,-2,0.804001393954,-1.60800278791,-0.0216521140183,0.0089040534285
4,2,3.21600557581,1.60800278791,1,-1,0.804001393954,-0.804001393954,-0.000403993252214,-0.00756162396647
4,2,3.21600557581,1.60800278791,1,0,0.804001393954,0,0.0203402244865,-0.00246622669046
4,2,3.21600557581,1.60800278791,1,1,0.804001393954,0.804001393954,-0.0159655162329,0.0199213935383
4,2,3.21600557581,1.60800278791,1,2,0.804001393954,1.60800278791,0.00263629503685,-0.0030462625283
4,2,3.21600557581,1.60800278791,1,3,0.804001393954,2.41200418186,0.00286484278679,0.00348108149926
4,2,3.21600557581,1.60800278791,1,4,0.804001393954,3.21600557581,-0.00340532441174,0.000542551935247
4,2,3.21600557581,1.60800278791,2,-4,1.60800278791,-3.21600557581,-0.00383138041626,-0.00404113764852
4,2,3.21600557581,1.60800278791,2,-3,1.60800278791,-2.41200418186,-0.00184899594824,-0.00209260322613
4,2,3.21600557581,1.60800278791,2,-2,1.60800278791,-1.60800278791,0.0040309187568,-0.00294345030294
4,2,3.21600557581,1.60800278791,2,-1,1.60800278791,-0.804001393954,-0.0130222441919,-0.00774246252205
4,2,3.21600557581,1.60800278791,2,0,1.60800278791,0,-0.00239869029633,0.00441910133348
4,2,3.21600557581,1.60800278791,2,1,1.60800278791,0.804001393954,-0.00366062556248,0.00709013560524
4,2,3.21600557581,1.60800278791,2,2,1.60800278791,1.60800278791,-0.00812901910217,-0.00724983449331
4,2,3.21600557581,1.60800278791,2,3,1.60800278791,2.41200418186,-0.00237242031269,0.00659483549639
4,2,3.21600557581,1.60800278791,2,4,1.60800278791,3.21600557581,0.00021325069764,0.00260330622606
4,2,3.21600557581,1.60800278791,3,-4,2.41200418186,-3.21600557581,-0.00221669044035,-0.00133613691445
4,2,3.21600557581,1.60800278791,3,-3,2.41200418186,-2.41200418186,0.0066533750164,-0.0006492449779
4,2,3.21600557581,1.60800278791,3,-2,2.41200418186,-1.60800278791,0.00166374567067,0.00300805777899
4,2,3.21600557581,1.60800278791,3,-1,2.41200418186,-0.804001393954,-0.00500433133124,0.000326498276678
4,2,3.21600557581,1.60800278791,3,0,2.41200418186,0,0.000722192107939,0.00925297153583
4,2,3.21600557581,1.60800278791,3,1,2.41200418186,0.804001393954,-0.0106684266351,-0.000385137718763
4,2,3.21600557581,1.60800278791,3,2,2.41200418186,1.60800278791,0.00419970737437,0.0016495931494
4,2,3.21600557581,1.60800278791,3,3,2.41200418186,2.41200418186,-0.00206105712144,0.00132911013023
4,2,3.21600557581,1.60800278791,3,4,2.41200418186,3.21600557581,-0.00457598603394,0.00286991512387
4,2,3.21600557581,1.60800278791,4,-4,3.21600557581,-3.21600557581,0.000320024584317,0.00391433307537
4,2,3.21600557581,1.60800278791,4,-3,3.21600557581,-2.41200418186,0.00449085861675,-0.00496718366634
4,2,3.21600557581,1.60800278791,4,-2,3.21600557581,-1.60800278791,-0.00569073990081,0.0041201179801
4,2,3.21600557581,1.60800278791,4,-1,3.21600557581,-0.804001393954,0.00217553720265,-0.00299581772002
4,2,3.21600557581,1.60800278791,4,0,3.21600557581,0,-0.00328641348902,0.000362441518152
4,2,3.21600557581,1.60800278791,4,1,3.21600557581,0.804001393954,-0.00731662179412,-0.00749271195598
4,2,3.21600557581,1.60800278791,4,2,3.21600557581,1.60800278791,0.0116737584318,0
4,2,3.21600557581,1.60800278791,4,3,3.21600557581,2.41200418186,-0.000717549445946,0.000258634999133
4,2,3.21600557581,1.60800278791,4,4,3.21600557581,3.21600557581,-0.000754954991788,0.00787112592319
4,3,3.21600557581,2.41200418186,-4,-4,-3.21600557581,-3.21600557581,0.00121978244603,0.00196116915104
4,3,3.21600557581,2.41200418186,-4,-3,-3.21600557581,-2.41200418186,0.00328750549161,-0.00331633199271
4,3,3.21600557581,2.41200418186,-4,-2,-3.21600557581,-1.60800278791,0.00203001065609,0.000686197389259
4,3,3.21600557581,2.41200418186,-4,-1,-3.21600557581,-0.804001393954,-0.00128602552283,0.00150124902265
4,3,3.21600557581,2.41200418186,-4,0,-3.21600557581,0,0.00252414248623,0.000189767287503
4,3,3.21600557581,2.41200418186,-4,1,-3.21600557581,0.804001393954,-0.00897593297855,0.000494095046341
4,3,3.21600557581,2.41200418186,-4,2,-3.21600557581,1.60800278791,0.00071983223536,-0.00737271765558
4,3,3.21600557581,2.41200418186,-4,3,-3.21600557581,2.41200418186,0.00154881980016,-0.000252083121174
4,3,3.21600557581,2.41200418186,-4,4,-3.21600557581,3.21600557581,-0.000646520630844,-0.00752518756684
4,3,3.21600557581,2.41200418186,-3,-4,-2.41200418186,-3.21600557581,0.00378999546575,-0.00382900578637
4,3,3.21600557581,2.41200418186,-3,-3,-2.41200418186,-2.41200418186,-0.00166669553833,0.00351799931455
4,3,3.21600557581,2.41200418186,-3,-2,-2.41200418186,-1.60800278791,-0.00237353686826,-0.00178803666692
4,3,3.21600557581,2.41200418186,-3,-1,-2.41200418186,-0.804001393954,-0.00328449488314,0.00115679448881
4,3,3.21600557581,2.41200418186,-3,0,-2.41200418186,0,0.00276446197527,0.00199706794727
4,3,3.21600557581,2.41200418186,-3,1,-2.41200418186,0.804001393954,-0.000440098518484,-0.00423960961963
4,3,3.21600557581,2.41200418186,-3,2,-2.41200418186,1.60800278791,0.00314682726017,-0.00103612779427
4,3,3.21600557581,2.41200418186,-3,3,-2.41200418186,2.41200418186,0.0004183512872,0.000182064189614
4,3,3.21600557581,2.41200418186,-3,4,-2.41200418186,3.21600557581,0.00396610729084,-0.00139977176233
4,3,3.21600557581,2.41200418186,-2,-4,-1.60800278791,-3.21600557581,0.003599179876,0.00175894891679
4,3,3.21600557581,2.41200418186,-2,-3,-1.60800278791,-2.41200418186,0.00124800747314,-0.00316693876031
4,3,3.21600557581,2.41200418186,-2,-2,-1.60800278791,-1.60800278791,-0.00278016197733,-0.00799546069766
4,3,3.21600557581,2.41200418186,-2,-1,-1.60800278791,-0.804001393954,0.00520029425544,0.00293126692428
4,3,3.21600557581,2.41200418186,-2,0,-1.60800278791,0,0.0127578866493,-0.00602841948026
4,3,3.21600557581,2.41200418186,-2,1,-1.60800278791,0.804001393954,-0.00146472060659,-0.0084372052942
4,3,3.21600557581,2.41200418186,-2,2,-1.60800278791,1.60800278791,0.00877657275571,-0.00381946886284
4,3,3.21600557581,2.41200418186,-2,3,-1.60800278791,2.41200418186,0.00146835885921,0.000906548131303
4,3,3.21600557581,2.41200418186,-2,4,-1.60800278791,3.21600557581,-0.00199831386145,-0.0039214121984
4,3,3.21600557581,2.41200418186,-1,-4,-0.804001393954,-3.21600557581,0.0029849441353,-0.00669026814717
4,3,3.21600557581,2.41200418186,-1,-3,-0.804001393954,-2.41200418186,0.00120207063765,0.0029693734979
4,3,3.21600557581,2.41200418186,-1,-2,-0.804001393954,-1.60800278791,-0.0131040329018,0.00218232243901
4,3,3.21600557581,2.41200418186,-1,-1,-0.804001393954,-0.804001393954,-0.0249166725927,-0.0211291166148
4,3,3.21600557581,2.41200418186,-1,0,-0.804001393954,0,0.0265364088682,0.0359945724156
4,3,3.21600557581,2.41200418186,-1,1,-0.804001393954,0.804001393954,0.0100214060926,8.62383558287e-05
4,3,3.21600557581,2.41200418186,-1,2,-0.804001393954,1.60800278791,0.00155340424894,-0.011213545127
4,3,3.21600557581,2.41200418186,-1,3,-0.804001393954,2.41200418186,-0.00276409313649,-0.00386806424421
4,3,3.21600557581,2.41200418186,-1,4,-0.804001393954,3.21600557581,-0.000262057262185,-0.000232430672578
4,3,3.21600557581,2.41200418186,0,-4,0,-3.21600557581,0.000821245638905,0.00622143774571
4,3,3.21600557581,2.41200418186,0,-3,0,-2.41200418186,0.00232476470599,0.00732583849931
4,3,3.21600557581,2.41200418186,0,-2,0,-1.60800278791,0.00999178126601,-0.002254172356
4,3,3.21600557581,2.41200418186,0,-1,0,-0.804001393954,-0.0232470084519,-0.0120609225026
4,3,3.21600557581,2.41200418186,0,0,0,0,-0.028999554281,-0.0240312315374
4,3,3.21600557581,2.41200418186,0,1,0,0.804001393954,-0.0315160673603,-0.00925856532695
4,3,3.21600557581,2.41200418186,0,2,0,1.60800278791,0.0015999563627,0.016657281138
4,3,3.21600557581,2.41200418186,0,3,0,2.41200418186,0.0035213024302,-0.00225238495141
4,3,3.21600557581,2.41200418186,0,4,0,3.21600557581,-0.00511605580337,0.00119656063065
4,3,3.21600557581,2.41200418186,1,-4,0.804001393954,-3.21600557581,0.00479097927221,0.000231731922512
4,3,3.21600557581,2.41200418186,1,-3,0.804001393954,-2.41200418186,-0.00549543503116,0.00115350836203
4,3,3.21600557581,2.41200418186,1,-2,0.804001393954,-1.60800278791,0.00377461923688,-0.0128598718667
4,3,3.21600557581,2.41200418186,1,-1,0.804001393954,-0.804001393954,-0.0383817796997,0.00245902402699
4,3,3.21600557581,2.41200418186,1,0,0.804001393954,0,-0.00646605123437,-0.0185758213666
4,3,3.21600557581,2.41200418186,1,1,0.804001393954,0.804001393954,0.0166509020898,0.0107069367951
4,3,3.21600557581,2.41200418186,1,2,0.804001393954,1.60800278791,-0.00953697033801,0.0102423466853
4,3,3.21600557581,2.41200418186,1,3,0.804001393954,2.41200418186,0.00236495176104,-0.00035737211847
4,3,3.21600557581,2.41200418186,1,4,0.804001393954,3.21600557581,-0.000784096644213,0.0048351899481
4,3,3.21600557581,2.41200418186,2,-4,1.60800278791,-3.21600557581,0.00230836164457,0.00408968571935
4,3,3.21600557581,2.41200418186,2,-3,1.60800278791,-2.41200418186,0.00168234700314,0.0016178908121
4,3,3.21600557581,2.41200418186,2,-2,1.60800278791,-1.60800278791,0.00282786549154,-0.000870363258549
4,3,3.21600557581,2.41200418186,2,-1,1.60800278791,-0.804001393954,0.0129746882515,0.00126699191856
4,3,3.21600557581,2.41200418186,2,0,1.60800278791,0,-0.0217590344237,-0.00187234092528
4,3,3.21600557581,2.41200418186,2,1,1.60800278791,0.804001393954,-0.00281221436741,0.00530845603987
4,3,3.21600557581,2.41200418186,2,2,1.60800278791,1.60800278791,0.000186723634804,-0.00590206114484
4,3,3.21600557581,2.41200418186,2,3,1.60800278791,2.41200418186,0.00051518066412,-0.000158887681835
4,3,3.21600557581,2.41200418186,2,4,1.60800278791,3.21600557581,-0.00317337740324,0.00212619337476
4,3,3.21600557581,2.41200418186,3,-4,2.41200418186,-3.21600557581,0.00192405427999,0.000869403390206
4,3,3.21600557581,2.41200418186,3,-3,2.41200418186,-2.41200418186,0.000973114049134,0.00378540865292
4,3,3.21600557581,2.41200418186,3,-2,2.41200418186,-1.60800278791,0.00219415107264,0.000915938701412
4,3,3.21600557581,2.41200418186,3,-1,2.41200418186,-0.804001393954,0.00700597042964,-0.000179037918293
4,3,3.21600557581,2.41200418186,3,0,2.41200418186,0,-0.00553487042976,-0.0020141942146
4,3,3.21600557581,2.41200418186,3,1,2.41200418186,0.804001393954,0.00280320149941,0.00632456900029
4,3,3.21600557581,2.41200418186,3,2,2.41200418186,1.60800278791,-0.00582753523809,0.000795865599829
4,3,3.21600557581,2.41200418186,3,3,2.41200418186,2.41200418186,0.00578746746387,-0.00190795946801
4,3,3.21600557581,2.41200418186,3,4,2.41200418186,3.21600557581,-0.000370243325031,-0.00280017430713
4,3,3.21600557581,2.41200418186,4,-4,3.21600557581,-3.21600557581,-0.00108064241071,0.000130341016625
4,3,3.21600557581,2.41200418186,4,-3,3.21600557581,-2.41200418186,-0.000775513765957,0.003408754122
4,3,3.21600557581,2.41200418186,4,-2,3.21600557581,-1.60800278791,0.0048631792311,-0.00229634330425
4,3,3.21600557581,2.41200418186,4,-1,3.21600557581,-0.804001393954,0.00515873223344,-0.00405325663092
4,3,3.21600557581,2.41200418186,4,0,3.21600557581,0,0.000218455166949,0.00433345734065
4,3,3.21600557581,2.41200418186,4,1,3.21600557581,0.804001393954,-0.00164269132314,6.88683833427e-05
4,3,3.21600557581,2.41200418186,4,2,3.21600557581,1.60800278791,-0.000717549445946,-0.000258634999133
4,3,3.21600557581,2.41200418186,4,3,3.21600557581,2.41200418186,0.00305378198598,0
4,3,3.21600557581,2.41200418186,4,4,3.21600557581,3.21600557581,0.00109227642335,0.000397900426468
4,4,3.21600557581,3.21600557581,-4,-4,-3.21600557581,-3.21600557581,0.000249687439244,0.00374926743106
4,4,3.21600557581,3.21600557581,-4,-3,-3.21600557581,-2.41200418186,0.00121978244603,0.00196116915104
4,4,3.21600557581,3.21600557581,-4,-2,-3.21600557581,-1.60800278791,-0.00345469253438,0.00273118608225
4,4,3.21600557581,3.21600557581,-4,-1,-3.21600557581,-0.804001393954,0.00460875052327,-0.0068295410587
4,4,3.21600557581,3.21600557581,-4,0,-3.21600557581,0,-0.0011937858568,0.00289861575766
4,4,3.21600557581,3.21600557581,-4,1,-3.21600557581,0.804001393954,0.00320732796146,-0.00565320436509
4,4,3.21600557581,3.21600557581,-4,2,-3.21600557581,1.60800278791,0.00288363395888,0.00407723194478
4,4,3.21600557581,3.21600557581,-4,3,-3.21600557581,2.41200418186,0.00320553076677,0.000515638528516
4,4,3.21600557581,3.21600557581,-4,4,-3.21600557581,3.21600557581,-0.00252828254282,0.00100512929013
4,4,3.21600557581,3.21600557581,-3,-4,-2.41200418186,-3.21600557581,-0.00302671888119,-0.000289932106037
4,4,3.21600557581,3.21600557581,-3,-3,-2.41200418186,-2.41200418186,0.00175513513859,-0.00816520890524
4,4,3.21600557581,3.21600557581,-3,-2,-2.41200418186,-1.60800278791,-0.00106811563686,0.00833332547957
4,4,3.21600557581,3.21600557581,-3,-1,-2.41200418186,-0.804001393954,-0.00376676431147,0.00060224809779
4,4,3.21600557581,3.21600557581,-3,0,-2.41200418186,0,0.00511461111628,0.00455295074681
4,4,3.21600557581,3.21600557581,-3,1,-2.41200418186,0.804001393954,-0.00272842359149,0.00307907767803
4,4,3.21600557581,3.21600557581,-3,2,-2.41200418186,1.60800278791,0.00468812945227,0.00651799474343
4,4,3.21600557581,3.21600557581,-3,3,-2.41200418186,2.41200418186,0.000213847141806,0.000545946082477
4,4,3.21600557581,3.21600557581,-3,4,-2.41200418186,3.21600557581,-0.00207105502901,-0.00228587443014
4,4,3.21600557581,3.21600557581,-2,-4,-1.60800278791,-3.21600557581,0.000622525425501,-0.00342223961116
4,4,3.21600557581,3.21600557581,-2,-3,-1.60800278791,-2.41200418186,0.00827905102406,0.000336683905099
4,4,3.21600557581,3.21600557581,-2,-2,-1.60800278791,-1.60800278791,0.00164514899419,-0.000153540455448
4,4,3.21600557581,3.21600557581,-2,-1,-1.60800278791,-0.804001393954,-0.00467035426554,-0.0121751509929
4,4,3.21600557581,3.21600557581,-2,0,-1.60800278791,0,0.00893866140363,0.0112311466078
4,4,3.21600557581,3.21600557581,-2,1,-1.60800278791,0.804001393954,0.0005723511502,-0.00643450822521
4,4,3.21600557581,3.21600557581,-2,2,-1.60800278791,1.60800278791,0.00429596872096,-0.00302930036047
4,4,3.21600557581,3.21600557581,-2,3,-1.60800278791,2.41200418186,0.00194515576664,-0.00333753329519
4,4,3.21600557581,3.21600557581,-2,4,-1.60800278791,3.21600557581,-0.00268606358635,3.89971785183e-06
4,4,3.21600557581,3.21600557581,-1,-4,-0.804001393954,-3.21600557581,9.46793735808e-06,-0.00358480079751
4,4,3.21600557581,3.21600557581,-1,-3,-0.804001393954,-2.41200418186,0.00337686448233,-0.00177567530594
4,4,3.21600557581,3.21600557581,-1,-2,-0.804001393954,-1.60800278791,-0.00572199181955,0.00584236788509
4,4,3.21600557581,3.21600557581,-1,-1,-0.804001393954,-0.804001393954,-0.0312275493452,0.00612767768731
4,4,3.21600557581,3.21600557581,-1,0,-0.804001393954,0,-0.0432085409911,-0.0184908583206
4,4,3.21600557581,3.21600557581,-1,1,-0.804001393954,0.804001393954,0.020910008119,0.0215256179367
4,4,3.21600557581,3.21600557581,-1,2,-0.804001393954,1.60800278791,0.00646610885798,0.00237827483492
4,4,3.21600557581,3.21600557581,-1,3,-0.804001393954,2.41200418186,0.00284567471861,-0.00507427500516
4,4,3.21600557581,3.21600557581,-1,4,-0.804001393954,3.21600557581,-0.000799137485819,-0.000414510416513
4,4,3.21600557581,3.21600557581,0,-4,0,-3.21600557581,0.00163552326516,0.0033522193092
4,4,3.21600557581,3.21600557581,0,-3,0,-2.41200418186,0.00456980899365,0.000977447140883
4,4,3.21600557581,3.21600557581,0,-2,0,-1.60800278791,0.0100325060083,0.0114983977212
4,4,3.21600557581,3.21600557581,0,-1,0,-0.804001393954,0.0123034682024,-0.000975241093159
4,4,3.21600557581,3.21600557581,0,0,0,0,-0.0311666882737,-0.0744837141615
4,4,3.21600557581,3.21600557581,0,1,0,0.804001393954,-0.00679665724685,0.000608078301518
4,4,3.21600557581,3.21600557581,0,2,0,1.60800278791,-0.0190242252218,0.00110261086644
4,4,3.21600557581,3.21600557581,0,3,0,2.41200418186,-0.00196623923429,0.00518611017682
4,4,3.21600557581,3.21600557581,0,4,0,3.21600557581,0.0035428562738,0.000676043181262
4,4,3.21600557581,3.21600557581,1,-4,0.804001393954,-3.21600557581,0.00163425871199,0.000557456552476
4,4,3.21600557581,3.21600557581,1,-3,0.804001393954,-2.41200418186,0.00192440411918,0.00118728506881
4,4,3.21600557581,3.21600557581,1,-2,0.804001393954,-1.60800278791,0.00927755412819,0.0113659799489
4,4,3.21600557581,3.21600557581,1,-1,0.804001393954,-0.804001393954,0.015166550901,-0.00423725226103
4,4,3.21600557581,3.21600557581,1,0,0.804001393954,0,-0.0477398625221,0.00449805501316
4,4,3.21600557581,3.21600557581,1,1,0.804001393954,0.804001393954,-0.00369655324634,-0.0186399730663
4,4,3.21600557581,3.21600557581,1,2,0.804001393954,1.60800278791,0.00453275180813,0.00142931754332
4,4,3.21600557581,3.21600557581,1,3,0.804001393954,2.41200418186,-0.00575683551577,0.008963993087
4,4,3.21600557581,3.21600557581,1,4,0.804001393954,3.21600557581,-0.0012316420035,-0.00490919874137
4,4,3.21600557581,3.21600557581,2,-4,1.60800278791,-3.21600557581,0.00311602014185,0.00111087561731
4,4,3.21600557581,3.21600557581,2,-3,1.60800278791,-2.41200418186,0.00169160728434,0.00323983651969
4,4,3.21600557581,3.21600557581,2,-2,1.60800278791,-1.60800278791,-0.00128516250558,-0.000286618023169
4,4,3.21600557581,3.21600557581,2,-1,1.60800278791,-0.804001393954,-0.000894116005542,-0.00108004262771
4,4,3.21600557581,3.21600557581,2,0,1.60800278791,0,0.00616819522119,0.00629187057688
4,4,3.21600557581,3.21600557581,2,1,1.60800278791,0.804001393954,-0.0115241322976,-0.00291595357556
4,4,3.21600557581,3.21600557581,2,2,1.60800278791,1.60800278791,-0.00372830894203,0.00322820012817
4,4,3.21600557581,3.21600557581,2,3,1.60800278791,2.41200418186,0.00234375407197,2.85244146217e-05
4,4,3.21600557581,3.21600557581,2,4,1.60800278791,3.21600557581,0.00276344200246,0.000753486428907
4,4,3.21600557581,3.21600557581,3,-4,2.41200418186,-3.21600557581,-0.00552784808421,0.00391512726855
4,4,3.21600557581,3.21600557581,3,-3,2.41200418186,-2.41200418186,-0.0010060560155,-0.00065960132687
4,4,3.21600557581,3.21600557581,3,-2,2.41200418186,-1.60800278791,0.0010774182778,0.000771957202055
4,4,3.21600557581,3.21600557581,3,-1,2.41200418186,-0.804001393954,0.00403232641961,-0.00131467432525
4,4,3.21600557581,3.21600557581,3,0,2.41200418186,0,0.00712875894921,-0.00272577058916
4,4,3.21600557581,3.21600557581,3,1,2.41200418186,0.804001393954,-0.00252517742428,0.00343356572528
4,4,3.21600557581,3.21600557581,3,2,2.41200418186,1.60800278791,-0.000575128930789,-0.00498897438387
4,4,3.21600557581,3.21600557581,3,3,2.41200418186,2.41200418186,0.00199477125114,0.00330060234698
4,4,3.21600557581,3.21600557581,3,4,2.41200418186,3.21600557581,-0.0032883759541,0.000420703469624
4,4,3.21600557581,3.21600557581,4,-4,3.21600557581,-3.21600557581,-0.00213194010619,-0.00198487060369
4,4,3.21600557581,3.21600557581,4,-3,3.21600557581,-2.41200418186,8.17263026825e-05,-0.00101355658398
4,4,3.21600557581,3.21600557581,4,-2,3.21600557581,-1.60800278791,7.37905035515e-06,0.00158212932208
4,4,3.21600557581,3.21600557581,4,-1,3.21600557581,-0.804001393954,0.000448922923863,0.00290131131497
4,4,3.21600557581,3.21600557581,4,0,3.21600557581,0,0.0112530048094,-0.000352542451008
4,4,3.21600557581,3.21600557581,4,1,3.21600557581,0.804001393954,-0.00504206022153,0.00197959153248
4,4,3.21600557581,3.21600557581,4,2,3.21600557581,1.60800278791,-0.000754954991788,-0.00787112592319
4,4,3.21600557581,3.21600557581,4,3,3.21600557581,2.41200418186,0.00109227642335,-0.000397900426468
4,4,3.21600557581,3.21600557581,4,4,3.21600557581,3.21600557581,0.000329695206768,0
