2026-06-02 18:38:03,204 - JAX version: 0.10.1
2026-06-02 18:38:03,206 - jax_enable_x64: False
2026-06-02 18:38:03,206 - JAXlib version: 0.10.1
2026-06-02 18:38:03,206 - KFAC-JAX version: 0.0.8
2026-06-02 18:38:03,207 - Available devices: ['cuda:0']
2026-06-02 18:38:03,207 - Platform: gpu
2026-06-02 18:38:03,207 - Default precision: float32
2026-06-02 18:38:03,207 - Default matmul precision: float32
2026-06-02 18:38:03,207 - GPU information: ['Tesla V100-PCIE-32GB']
2026-06-02 18:38:03,207 - Python version: 3.13.13
2026-06-02 18:38:03,207 - System: Linux #20260508 SMP PREEMPT_DYNAMIC Fri May  8 11:20:56 EDT 2026
2026-06-02 18:38:03,207 - Processor: x86_64
2026-06-02 18:38:03,207 - Numpy version: 2.4.6
2026-06-02 18:38:03,207 - CUDA_VISIBLE_DEVICES: GPU-b88ef8f2-7b8d-92de-8e58-9be73cfe5e61
2026-06-02 18:38:03,207 - NVIDIA driver version: 580.126.09
580.126.09
2026-06-02 18:38:03,207 - GPU models: Tesla V100-PCIE-32GB, Tesla V100-PCIE-32GB
2026-06-02 18:38:03,289 - Starting QMC with 1 XLA devices per host across 1 hosts.
2026-06-02 18:38:05,667 - No checkpoint found. Training new model.
2026-06-02 18:38:07,517 - Using adam_kfac optimizer: Adam until step 500, then KFAC.
2026-06-02 18:38:07,539 - Burning in MCMC chain for 2000 steps
2026-06-02 18:41:22,536 - Completed burn-in MCMC steps
2026-06-02 18:41:28,732 - Initial energy: 2078.6392 E_h
2026-06-02 18:41:37,478 - Step 00000: 1119.9550 E_h, exp. variance=0.0000 E_h^2, pmove=1.00
2026-06-02 18:41:45,542 - Step 00001: 1345.2161 E_h, exp. variance=4566.8311 E_h^2, pmove=1.00
2026-06-02 18:41:46,101 - Step 00002: 951.5071 E_h, exp. variance=7392.5420 E_h^2, pmove=1.00
2026-06-02 18:41:46,661 - Step 00003: 1104.4663 E_h, exp. variance=6685.4956 E_h^2, pmove=1.00
2026-06-02 18:41:47,221 - Step 00004: 930.3672 E_h, exp. variance=9304.5254 E_h^2, pmove=1.00
2026-06-02 18:41:47,781 - Step 00005: 3715.0044 E_h, exp. variance=622696.9375 E_h^2, pmove=1.00
2026-06-02 18:41:48,341 - Step 00006: 1118.9674 E_h, exp. variance=565815.1250 E_h^2, pmove=1.00
2026-06-02 18:41:48,901 - Step 00007: 3741.0083 E_h, exp. variance=1028426.1250 E_h^2, pmove=1.00
2026-06-02 18:41:49,460 - Step 00008: 1546.5876 E_h, exp. variance=925680.1250 E_h^2, pmove=1.00
2026-06-02 18:41:50,019 - Step 00009: 8043.1494 E_h, exp. variance=4597179.5000 E_h^2, pmove=1.00
2026-06-02 18:41:50,579 - Step 00010: 13054.4062 E_h, exp. variance=14696618.0000 E_h^2, pmove=1.00
2026-06-02 18:41:51,139 - Step 00011: 2054.6860 E_h, exp. variance=13367865.0000 E_h^2, pmove=1.00
2026-06-02 18:41:51,698 - Step 00012: 5275.7456 E_h, exp. variance=12426061.0000 E_h^2, pmove=1.00
2026-06-02 18:41:52,257 - Step 00013: 1533.7251 E_h, exp. variance=11493678.0000 E_h^2, pmove=1.00
2026-06-02 18:41:52,817 - Step 00014: 2006.4431 E_h, exp. variance=10473525.0000 E_h^2, pmove=1.00
2026-06-02 18:41:53,377 - Step 00015: 9056.8262 E_h, exp. variance=12635993.0000 E_h^2, pmove=1.00
2026-06-02 18:41:53,936 - Step 00016: 3522.0950 E_h, exp. variance=11374696.0000 E_h^2, pmove=1.00
2026-06-02 18:41:54,496 - Step 00017: 1359.7651 E_h, exp. variance=10715928.0000 E_h^2, pmove=1.00
2026-06-02 18:41:55,055 - Step 00018: 1193.3423 E_h, exp. variance=10096754.0000 E_h^2, pmove=1.00
2026-06-02 18:41:55,616 - Step 00019: 1351.7012 E_h, exp. variance=9398277.0000 E_h^2, pmove=1.00
2026-06-02 18:41:56,176 - Step 00020: 836.8016 E_h, exp. variance=8889489.0000 E_h^2, pmove=1.00
2026-06-02 18:41:56,735 - Step 00021: 7048.4980 E_h, exp. variance=9620118.0000 E_h^2, pmove=1.00
2026-06-02 18:41:57,295 - Step 00022: 1538.7406 E_h, exp. variance=8915726.0000 E_h^2, pmove=1.00
2026-06-02 18:41:57,855 - Step 00023: 2577.5630 E_h, exp. variance=8045225.0000 E_h^2, pmove=1.00
2026-06-02 18:41:58,415 - Step 00024: 748.2083 E_h, exp. variance=7702355.5000 E_h^2, pmove=1.00
2026-06-02 18:41:58,975 - Step 00025: 3899.6709 E_h, exp. variance=7043631.0000 E_h^2, pmove=1.00
2026-06-02 18:41:59,535 - Step 00026: 3592.9583 E_h, exp. variance=6382751.0000 E_h^2, pmove=1.00
2026-06-02 18:42:00,095 - Step 00027: 2404.5881 E_h, exp. variance=5772982.0000 E_h^2, pmove=1.00
2026-06-02 18:42:00,654 - Step 00028: 7916.6543 E_h, exp. variance=7450684.0000 E_h^2, pmove=1.00
2026-06-02 18:42:01,215 - Step 00029: 1531.9413 E_h, exp. variance=7023615.0000 E_h^2, pmove=1.00
2026-06-02 18:42:01,774 - Step 00030: 3779.1890 E_h, exp. variance=6349026.0000 E_h^2, pmove=1.00
2026-06-02 18:42:02,334 - Step 00031: 7298.7876 E_h, exp. variance=7168235.0000 E_h^2, pmove=1.00
2026-06-02 18:42:02,893 - Step 00032: 6458.3574 E_h, exp. variance=7145550.5000 E_h^2, pmove=1.00
2026-06-02 18:42:03,452 - Step 00033: 2160.7676 E_h, exp. variance=6721992.5000 E_h^2, pmove=1.00
2026-06-02 18:42:04,011 - Step 00034: 1386.4646 E_h, exp. variance=6565013.5000 E_h^2, pmove=1.00
2026-06-02 18:42:04,571 - Step 00035: 1222.5194 E_h, exp. variance=6391805.5000 E_h^2, pmove=1.00
2026-06-02 18:42:05,131 - Step 00036: 2567.9854 E_h, exp. variance=5801924.0000 E_h^2, pmove=1.00
2026-06-02 18:42:05,691 - Step 00037: 1713.3320 E_h, exp. variance=5429874.5000 E_h^2, pmove=1.00
2026-06-02 18:42:06,250 - Step 00038: 2073.2065 E_h, exp. variance=4978479.0000 E_h^2, pmove=1.00
2026-06-02 18:42:06,810 - Step 00039: 7741.6279 E_h, exp. variance=6520239.5000 E_h^2, pmove=1.00
2026-06-02 18:42:07,370 - Step 00040: 2433.0945 E_h, exp. variance=5962603.5000 E_h^2, pmove=1.00
2026-06-02 18:42:07,929 - Step 00041: 3165.0842 E_h, exp. variance=5369581.0000 E_h^2, pmove=1.00
2026-06-02 18:42:08,489 - Step 00042: 4307.6245 E_h, exp. variance=4917622.0000 E_h^2, pmove=0.99
2026-06-02 18:42:09,051 - Step 00043: 1607.7241 E_h, exp. variance=4725702.0000 E_h^2, pmove=1.00
2026-06-02 18:42:09,611 - Step 00044: 4293.4570 E_h, exp. variance=4351037.5000 E_h^2, pmove=1.00
2026-06-02 18:42:10,171 - Step 00045: 1067.1016 E_h, exp. variance=4386938.0000 E_h^2, pmove=1.00
2026-06-02 18:42:10,731 - Step 00046: 5268.6509 E_h, exp. variance=4361432.5000 E_h^2, pmove=1.00
2026-06-02 18:42:11,291 - Step 00047: 4278.2397 E_h, exp. variance=4004471.5000 E_h^2, pmove=1.00
2026-06-02 18:42:11,850 - Step 00048: 2063.9941 E_h, exp. variance=3772960.7500 E_h^2, pmove=1.00
2026-06-02 18:42:12,410 - Step 00049: 1902.1638 E_h, exp. variance=3570778.5000 E_h^2, pmove=1.00
2026-06-02 18:42:12,970 - Step 00050: 2253.5625 E_h, exp. variance=3287250.0000 E_h^2, pmove=1.00
2026-06-02 18:42:13,531 - Step 00051: 11386.2627 E_h, exp. variance=9187194.0000 E_h^2, pmove=1.00
2026-06-02 18:42:14,091 - Step 00052: 1317.0000 E_h, exp. variance=8868513.0000 E_h^2, pmove=1.00
2026-06-02 18:42:14,651 - Step 00053: 928.0515 E_h, exp. variance=8644004.0000 E_h^2, pmove=1.00
2026-06-02 18:42:15,211 - Step 00054: 1409.5774 E_h, exp. variance=8125350.0000 E_h^2, pmove=1.00
2026-06-02 18:42:15,771 - Step 00055: 7912.1621 E_h, exp. variance=9333686.0000 E_h^2, pmove=0.99
2026-06-02 18:42:16,330 - Step 00056: 790.1575 E_h, exp. variance=9135083.0000 E_h^2, pmove=1.00
2026-06-02 18:42:16,891 - Step 00057: 1263.3293 E_h, exp. variance=8617863.0000 E_h^2, pmove=1.00
2026-06-02 18:42:17,451 - Step 00058: 5617.0732 E_h, exp. variance=8303025.5000 E_h^2, pmove=1.00
2026-06-02 18:42:18,011 - Step 00059: 2389.6392 E_h, exp. variance=7564305.5000 E_h^2, pmove=1.00
2026-06-02 18:42:18,571 - Step 00060: 3887.7371 E_h, exp. variance=6839227.0000 E_h^2, pmove=0.99
2026-06-02 18:42:19,132 - Step 00061: 1557.3630 E_h, exp. variance=6446637.5000 E_h^2, pmove=0.99
2026-06-02 18:42:19,691 - Step 00062: 4884.5693 E_h, exp. variance=6064511.0000 E_h^2, pmove=0.99
2026-06-02 18:42:20,251 - Step 00063: 3727.1162 E_h, exp. variance=5471035.0000 E_h^2, pmove=0.99
2026-06-02 18:42:20,811 - Step 00064: 2002.8237 E_h, exp. variance=5095964.5000 E_h^2, pmove=0.99
2026-06-02 18:42:21,371 - Step 00065: 9220.7773 E_h, exp. variance=7797969.0000 E_h^2, pmove=0.99
2026-06-02 18:42:21,930 - Step 00066: 940.6827 E_h, exp. variance=7777063.5000 E_h^2, pmove=0.99
2026-06-02 18:42:22,489 - Step 00067: 1205.1053 E_h, exp. variance=7495963.0000 E_h^2, pmove=0.99
2026-06-02 18:42:23,048 - Step 00068: 1513.0360 E_h, exp. variance=7039971.5000 E_h^2, pmove=0.99
2026-06-02 18:42:23,607 - Step 00069: 4146.5596 E_h, exp. variance=6427413.5000 E_h^2, pmove=1.00
2026-06-02 18:42:24,167 - Step 00070: 2728.2368 E_h, exp. variance=5808187.0000 E_h^2, pmove=0.99
2026-06-02 18:42:24,726 - Step 00071: 5746.2847 E_h, exp. variance=5816274.5000 E_h^2, pmove=1.00
2026-06-02 18:42:25,285 - Step 00072: 5951.1040 E_h, exp. variance=5800313.0000 E_h^2, pmove=0.99
2026-06-02 18:42:25,844 - Step 00073: 2219.6306 E_h, exp. variance=5416127.5000 E_h^2, pmove=1.00
2026-06-02 18:42:26,403 - Step 00074: 1611.7434 E_h, exp. variance=5211676.5000 E_h^2, pmove=1.00
2026-06-02 18:42:26,962 - Step 00075: 2421.0156 E_h, exp. variance=4768802.0000 E_h^2, pmove=0.99
2026-06-02 18:42:27,521 - Step 00076: 2335.1245 E_h, exp. variance=4368981.0000 E_h^2, pmove=1.00
2026-06-02 18:42:28,080 - Step 00077: 2294.8052 E_h, exp. variance=4000691.2500 E_h^2, pmove=0.99
2026-06-02 18:42:28,639 - Step 00078: 1025.2856 E_h, exp. variance=3980811.0000 E_h^2, pmove=1.00
2026-06-02 18:42:29,199 - Step 00079: 5522.1714 E_h, exp. variance=4213373.5000 E_h^2, pmove=1.00
2026-06-02 18:42:29,758 - Step 00080: 6326.5083 E_h, exp. variance=4706007.5000 E_h^2, pmove=1.00
2026-06-02 18:42:30,317 - Step 00081: 16818.1250 E_h, exp. variance=20298684.0000 E_h^2, pmove=1.00
2026-06-02 18:42:30,876 - Step 00082: 8637.4199 E_h, exp. variance=19597992.0000 E_h^2, pmove=1.00
2026-06-02 18:42:31,436 - Step 00083: 858.3900 E_h, exp. variance=19318064.0000 E_h^2, pmove=0.99
2026-06-02 18:42:31,995 - Step 00084: 10091.4072 E_h, exp. variance=19957200.0000 E_h^2, pmove=1.00
2026-06-02 18:42:32,555 - Step 00085: 787.7056 E_h, exp. variance=19778680.0000 E_h^2, pmove=1.00
2026-06-02 18:42:33,115 - Step 00086: 1999.5017 E_h, exp. variance=18522792.0000 E_h^2, pmove=1.00
2026-06-02 18:42:33,675 - Step 00087: 2694.6306 E_h, exp. variance=16979854.0000 E_h^2, pmove=1.00
2026-06-02 18:42:34,234 - Step 00088: 2816.0916 E_h, exp. variance=15497283.0000 E_h^2, pmove=1.00
2026-06-02 18:42:34,795 - Step 00089: 3252.6323 E_h, exp. variance=14029782.0000 E_h^2, pmove=1.00
2026-06-02 18:42:35,354 - Step 00090: 5379.7305 E_h, exp. variance=12771243.0000 E_h^2, pmove=1.00
2026-06-02 18:42:35,914 - Step 00091: 1667.5232 E_h, exp. variance=12089510.0000 E_h^2, pmove=1.00
2026-06-02 18:42:36,474 - Step 00092: 1572.3203 E_h, exp. variance=11403310.0000 E_h^2, pmove=1.00
2026-06-02 18:42:37,033 - Step 00093: 2908.8618 E_h, exp. variance=10325354.0000 E_h^2, pmove=1.00
2026-06-02 18:42:37,592 - Step 00094: 935.6952 E_h, exp. variance=9959861.0000 E_h^2, pmove=1.00
2026-06-02 18:42:38,152 - Step 00095: 4695.8276 E_h, exp. variance=9118313.0000 E_h^2, pmove=1.00
2026-06-02 18:42:38,712 - Step 00096: 2987.7073 E_h, exp. variance=8231682.5000 E_h^2, pmove=1.00
2026-06-02 18:42:39,271 - Step 00097: 2535.1553 E_h, exp. variance=7486154.0000 E_h^2, pmove=0.99
2026-06-02 18:42:39,831 - Step 00098: 5901.5674 E_h, exp. variance=7313844.5000 E_h^2, pmove=1.00
2026-06-02 18:42:40,390 - Step 00099: 2899.8679 E_h, exp. variance=6629669.0000 E_h^2, pmove=0.99
2026-06-02 18:42:40,950 - Step 00100: 1388.5966 E_h, exp. variance=6387812.5000 E_h^2, pmove=1.00
2026-06-02 18:42:41,510 - Step 00101: 2532.8259 E_h, exp. variance=5807000.5000 E_h^2, pmove=0.99
2026-06-02 18:42:42,069 - Step 00102: 1427.1868 E_h, exp. variance=5527024.5000 E_h^2, pmove=1.00
2026-06-02 18:42:42,629 - Step 00103: 3808.0928 E_h, exp. variance=5023042.0000 E_h^2, pmove=0.99
2026-06-02 18:42:43,188 - Step 00104: 2040.8645 E_h, exp. variance=4630639.5000 E_h^2, pmove=1.00
2026-06-02 18:42:43,748 - Step 00105: 1992.5710 E_h, exp. variance=4265451.0000 E_h^2, pmove=1.00
2026-06-02 18:42:44,307 - Step 00106: 547.9445 E_h, exp. variance=4350065.0000 E_h^2, pmove=1.00
2026-06-02 18:42:44,868 - Step 00107: 1698.6550 E_h, exp. variance=4004008.5000 E_h^2, pmove=1.00
2026-06-02 18:42:45,428 - Step 00108: 2876.1523 E_h, exp. variance=3610803.5000 E_h^2, pmove=0.99
2026-06-02 18:42:45,988 - Step 00109: 2177.6287 E_h, exp. variance=3267468.2500 E_h^2, pmove=0.99
2026-06-02 18:42:46,548 - Step 00110: 6804.7734 E_h, exp. variance=4549187.5000 E_h^2, pmove=1.00
2026-06-02 18:42:47,108 - Step 00111: 936.4117 E_h, exp. variance=4477529.5000 E_h^2, pmove=0.99
2026-06-02 18:42:47,667 - Step 00112: 2663.7031 E_h, exp. variance=4031296.0000 E_h^2, pmove=1.00
2026-06-02 18:42:48,227 - Step 00113: 1674.0085 E_h, exp. variance=3738387.0000 E_h^2, pmove=0.99
2026-06-02 18:42:48,787 - Step 00114: 10540.4121 E_h, exp. variance=8939462.0000 E_h^2, pmove=0.99
2026-06-02 18:42:49,347 - Step 00115: 5720.6240 E_h, exp. variance=8506660.0000 E_h^2, pmove=0.99
2026-06-02 18:42:49,906 - Step 00116: 3014.7651 E_h, exp. variance=7696230.0000 E_h^2, pmove=0.99
2026-06-02 18:42:50,466 - Step 00117: 1726.4194 E_h, exp. variance=7248134.0000 E_h^2, pmove=0.99
2026-06-02 18:42:51,025 - Step 00118: 5626.5117 E_h, exp. variance=6958521.5000 E_h^2, pmove=0.99
2026-06-02 18:42:51,585 - Step 00119: 7457.7510 E_h, exp. variance=7569345.5000 E_h^2, pmove=0.99
2026-06-02 18:42:52,144 - Step 00120: 6744.8989 E_h, exp. variance=7476528.0000 E_h^2, pmove=0.99
2026-06-02 18:42:52,704 - Step 00121: 8349.3848 E_h, exp. variance=8204580.5000 E_h^2, pmove=0.99
2026-06-02 18:42:53,263 - Step 00122: 3128.6196 E_h, exp. variance=7607777.0000 E_h^2, pmove=0.99
2026-06-02 18:42:53,822 - Step 00123: 3716.3840 E_h, exp. variance=6909150.0000 E_h^2, pmove=0.99
2026-06-02 18:42:54,382 - Step 00124: 1897.1011 E_h, exp. variance=6811374.0000 E_h^2, pmove=0.99
2026-06-02 18:42:54,942 - Step 00125: 2699.7073 E_h, exp. variance=6334864.0000 E_h^2, pmove=0.99
2026-06-02 18:42:55,501 - Step 00126: 2113.8008 E_h, exp. variance=6041142.5000 E_h^2, pmove=0.99
2026-06-02 18:42:56,061 - Step 00127: 3166.4082 E_h, exp. variance=5480635.0000 E_h^2, pmove=0.99
2026-06-02 18:42:56,620 - Step 00128: 1605.3193 E_h, exp. variance=5363257.5000 E_h^2, pmove=0.99
2026-06-02 18:42:57,181 - Step 00129: 4909.3799 E_h, exp. variance=4987394.5000 E_h^2, pmove=0.99
2026-06-02 18:42:57,741 - Step 00130: 1794.4362 E_h, exp. variance=4818088.0000 E_h^2, pmove=0.99
2026-06-02 18:42:58,303 - Step 00131: 2638.9346 E_h, exp. variance=4405562.5000 E_h^2, pmove=0.99
2026-06-02 18:42:58,862 - Step 00132: 2464.9302 E_h, exp. variance=4048582.7500 E_h^2, pmove=0.99
2026-06-02 18:42:59,422 - Step 00133: 3958.4636 E_h, exp. variance=3679020.5000 E_h^2, pmove=0.99
2026-06-02 18:42:59,982 - Step 00134: 1314.7815 E_h, exp. variance=3700518.0000 E_h^2, pmove=0.99
2026-06-02 18:43:00,542 - Step 00135: 2003.3389 E_h, exp. variance=3456526.5000 E_h^2, pmove=0.99
2026-06-02 18:43:01,102 - Step 00136: 521.6273 E_h, exp. variance=3694659.0000 E_h^2, pmove=0.99
2026-06-02 18:43:01,662 - Step 00137: 3526.4194 E_h, exp. variance=3370897.0000 E_h^2, pmove=0.99
2026-06-02 18:43:02,222 - Step 00138: 5000.7622 E_h, exp. variance=3436663.2500 E_h^2, pmove=0.99
2026-06-02 18:43:02,781 - Step 00139: 9059.8301 E_h, exp. variance=6293370.5000 E_h^2, pmove=0.99
2026-06-02 18:43:03,342 - Step 00140: 797.6066 E_h, exp. variance=6418506.5000 E_h^2, pmove=0.99
2026-06-02 18:43:03,903 - Step 00141: 2882.3501 E_h, exp. variance=5801092.0000 E_h^2, pmove=0.99
2026-06-02 18:43:04,463 - Step 00142: 3285.5957 E_h, exp. variance=5221371.5000 E_h^2, pmove=0.99
2026-06-02 18:43:05,024 - Step 00143: 2779.0132 E_h, exp. variance=4728038.5000 E_h^2, pmove=0.99
2026-06-02 18:43:05,583 - Step 00144: 1314.6593 E_h, exp. variance=4605760.5000 E_h^2, pmove=0.99
2026-06-02 18:43:06,143 - Step 00145: 1343.9937 E_h, exp. variance=4419809.5000 E_h^2, pmove=0.99
2026-06-02 18:43:06,703 - Step 00146: 1813.9409 E_h, exp. variance=4087163.2500 E_h^2, pmove=0.99
2026-06-02 18:43:07,262 - Step 00147: 5400.1519 E_h, exp. variance=4284152.5000 E_h^2, pmove=0.99
2026-06-02 18:43:07,822 - Step 00148: 2933.8379 E_h, exp. variance=3857293.2500 E_h^2, pmove=0.99
2026-06-02 18:43:08,381 - Step 00149: 1736.6760 E_h, exp. variance=3627315.2500 E_h^2, pmove=0.99
2026-06-02 18:43:08,941 - Step 00150: 1384.1661 E_h, exp. variance=3477050.5000 E_h^2, pmove=0.99
2026-06-02 18:43:09,502 - Step 00151: 3331.4570 E_h, exp. variance=3158021.5000 E_h^2, pmove=0.99
2026-06-02 18:43:10,062 - Step 00152: 4226.1836 E_h, exp. variance=3019312.2500 E_h^2, pmove=0.99
2026-06-02 18:43:10,621 - Step 00153: 1492.6775 E_h, exp. variance=2912135.5000 E_h^2, pmove=0.99
2026-06-02 18:43:11,182 - Step 00154: 1043.4943 E_h, exp. variance=2903875.7500 E_h^2, pmove=0.99
2026-06-02 18:43:11,742 - Step 00155: 3926.3452 E_h, exp. variance=2762572.7500 E_h^2, pmove=0.99
2026-06-02 18:43:12,301 - Step 00156: 2230.8579 E_h, exp. variance=2512282.5000 E_h^2, pmove=0.99
2026-06-02 18:43:12,861 - Step 00157: 1708.3424 E_h, exp. variance=2352127.5000 E_h^2, pmove=0.99
2026-06-02 18:43:13,421 - Step 00158: 1588.9926 E_h, exp. variance=2211415.5000 E_h^2, pmove=0.99
2026-06-02 18:43:13,981 - Step 00159: 1867.9233 E_h, exp. variance=2027519.0000 E_h^2, pmove=0.99
2026-06-02 18:43:14,540 - Step 00160: 7780.5947 E_h, exp. variance=4385121.0000 E_h^2, pmove=0.99
2026-06-02 18:43:15,100 - Step 00161: 1772.4614 E_h, exp. variance=4077899.5000 E_h^2, pmove=0.99
2026-06-02 18:43:15,659 - Step 00162: 2168.9067 E_h, exp. variance=3713030.0000 E_h^2, pmove=0.99
2026-06-02 18:43:16,219 - Step 00163: 1206.5513 E_h, exp. variance=3567506.0000 E_h^2, pmove=0.99
2026-06-02 18:43:16,778 - Step 00164: 2996.0308 E_h, exp. variance=3222679.5000 E_h^2, pmove=0.99
2026-06-02 18:43:17,338 - Step 00165: 2170.3247 E_h, exp. variance=2922741.7500 E_h^2, pmove=0.99
2026-06-02 18:43:17,898 - Step 00166: 1518.5505 E_h, exp. variance=2739382.2500 E_h^2, pmove=0.99
2026-06-02 18:43:18,458 - Step 00167: 1301.7771 E_h, exp. variance=2596525.7500 E_h^2, pmove=0.99
2026-06-02 18:43:19,019 - Step 00168: 729.6060 E_h, exp. variance=2584377.7500 E_h^2, pmove=0.99
2026-06-02 18:43:19,580 - Step 00169: 1692.6755 E_h, exp. variance=2351166.2500 E_h^2, pmove=0.99
2026-06-02 18:43:20,140 - Step 00170: 3833.6733 E_h, exp. variance=2365404.5000 E_h^2, pmove=0.99
2026-06-02 18:43:20,700 - Step 00171: 8238.0645 E_h, exp. variance=5264371.0000 E_h^2, pmove=0.99
2026-06-02 18:43:21,260 - Step 00172: 2740.4380 E_h, exp. variance=4741028.0000 E_h^2, pmove=0.99
2026-06-02 18:43:21,820 - Step 00173: 1324.3042 E_h, exp. variance=4492458.0000 E_h^2, pmove=0.99
2026-06-02 18:43:22,379 - Step 00174: 6161.2656 E_h, exp. variance=5091124.5000 E_h^2, pmove=0.99
2026-06-02 18:43:22,938 - Step 00175: 3227.5005 E_h, exp. variance=4583707.5000 E_h^2, pmove=0.98
2026-06-02 18:43:23,497 - Step 00176: 1722.8593 E_h, exp. variance=4297007.0000 E_h^2, pmove=0.99
2026-06-02 18:43:24,056 - Step 00177: 2432.1318 E_h, exp. variance=3892943.5000 E_h^2, pmove=0.98
2026-06-02 18:43:24,615 - Step 00178: 3645.1641 E_h, exp. variance=3551963.2500 E_h^2, pmove=0.98
2026-06-02 18:43:25,173 - Step 00179: 4969.2192 E_h, exp. variance=3550840.5000 E_h^2, pmove=0.98
2026-06-02 18:43:25,732 - Step 00180: 2913.8867 E_h, exp. variance=3202327.5000 E_h^2, pmove=0.99
2026-06-02 18:43:26,291 - Step 00181: 1416.8755 E_h, exp. variance=3154641.5000 E_h^2, pmove=0.99
2026-06-02 18:43:26,849 - Step 00182: 2695.7778 E_h, exp. variance=2846604.7500 E_h^2, pmove=0.98
2026-06-02 18:43:27,409 - Step 00183: 1855.7417 E_h, exp. variance=2670564.5000 E_h^2, pmove=0.98
2026-06-02 18:43:27,968 - Step 00184: 4373.9980 E_h, exp. variance=2614059.2500 E_h^2, pmove=0.99
2026-06-02 18:43:28,527 - Step 00185: 2073.8081 E_h, exp. variance=2429429.0000 E_h^2, pmove=0.99
2026-06-02 18:43:29,086 - Step 00186: 2601.1182 E_h, exp. variance=2194800.2500 E_h^2, pmove=0.99
2026-06-02 18:43:29,644 - Step 00187: 711.2706 E_h, exp. variance=2396545.5000 E_h^2, pmove=0.98
2026-06-02 18:43:30,203 - Step 00188: 12014.7148 E_h, exp. variance=10035669.0000 E_h^2, pmove=0.98
2026-06-02 18:43:30,764 - Step 00189: 2395.0283 E_h, exp. variance=9161472.0000 E_h^2, pmove=0.98
2026-06-02 18:43:31,323 - Step 00190: 887.4144 E_h, exp. variance=8847497.0000 E_h^2, pmove=0.98
2026-06-02 18:43:31,882 - Step 00191: 2173.6738 E_h, exp. variance=8060416.0000 E_h^2, pmove=0.98
2026-06-02 18:43:32,441 - Step 00192: 864.7117 E_h, exp. variance=7708591.5000 E_h^2, pmove=0.98
2026-06-02 18:43:33,000 - Step 00193: 2110.2017 E_h, exp. variance=6991981.0000 E_h^2, pmove=0.98
2026-06-02 18:43:33,559 - Step 00194: 1869.9602 E_h, exp. variance=6372135.0000 E_h^2, pmove=0.98
2026-06-02 18:43:34,119 - Step 00195: 3416.6157 E_h, exp. variance=5779219.5000 E_h^2, pmove=0.98
2026-06-02 18:43:34,677 - Step 00196: 845.2755 E_h, exp. variance=5539996.0000 E_h^2, pmove=0.98
2026-06-02 18:43:35,237 - Step 00197: 1255.3801 E_h, exp. variance=5146596.0000 E_h^2, pmove=0.98
2026-06-02 18:43:35,796 - Step 00198: 1233.1902 E_h, exp. variance=4766868.5000 E_h^2, pmove=0.98
2026-06-02 18:43:36,355 - Step 00199: 6095.2700 E_h, exp. variance=5562625.0000 E_h^2, pmove=0.98
2026-06-02 18:43:36,914 - Step 00200: 1194.1299 E_h, exp. variance=5213495.0000 E_h^2, pmove=0.98
2026-06-02 18:43:37,474 - Step 00201: 787.7823 E_h, exp. variance=4974649.0000 E_h^2, pmove=0.98
2026-06-02 18:43:38,033 - Step 00202: 2417.3923 E_h, exp. variance=4477294.5000 E_h^2, pmove=0.98
2026-06-02 18:43:38,593 - Step 00203: 2606.8491 E_h, exp. variance=4033962.0000 E_h^2, pmove=0.98
2026-06-02 18:43:39,153 - Step 00204: 5347.9438 E_h, exp. variance=4408499.5000 E_h^2, pmove=0.98
2026-06-02 18:43:39,713 - Step 00205: 1238.8600 E_h, exp. variance=4160300.2500 E_h^2, pmove=0.98
2026-06-02 18:43:40,272 - Step 00206: 7524.4756 E_h, exp. variance=5966326.5000 E_h^2, pmove=0.98
2026-06-02 18:43:40,831 - Step 00207: 2180.9697 E_h, exp. variance=5438055.5000 E_h^2, pmove=0.98
2026-06-02 18:43:41,390 - Step 00208: 2762.7339 E_h, exp. variance=4897945.0000 E_h^2, pmove=0.98
2026-06-02 18:43:41,951 - Step 00209: 843.7292 E_h, exp. variance=4805565.0000 E_h^2, pmove=0.98
2026-06-02 18:43:42,510 - Step 00210: 2853.1699 E_h, exp. variance=4326266.0000 E_h^2, pmove=0.98
2026-06-02 18:43:43,070 - Step 00211: 2308.0015 E_h, exp. variance=3910966.5000 E_h^2, pmove=0.97
2026-06-02 18:43:43,630 - Step 00212: 3721.5791 E_h, exp. variance=3613263.7500 E_h^2, pmove=0.97
2026-06-02 18:43:44,191 - Step 00213: 4768.9482 E_h, exp. variance=3599158.2500 E_h^2, pmove=0.98
2026-06-02 18:43:44,750 - Step 00214: 2346.5645 E_h, exp. variance=3277809.7500 E_h^2, pmove=0.98
2026-06-02 18:43:45,310 - Step 00215: 4273.5361 E_h, exp. variance=3111105.7500 E_h^2, pmove=0.98
2026-06-02 18:43:45,869 - Step 00216: 795.2376 E_h, exp. variance=3265501.0000 E_h^2, pmove=0.98
2026-06-02 18:43:46,430 - Step 00217: 4144.1797 E_h, exp. variance=3091543.0000 E_h^2, pmove=0.98
2026-06-02 18:43:46,989 - Step 00218: 804.2395 E_h, exp. variance=3205427.5000 E_h^2, pmove=0.98
2026-06-02 18:43:47,550 - Step 00219: 2349.2107 E_h, exp. variance=2899739.7500 E_h^2, pmove=0.98
2026-06-02 18:43:48,109 - Step 00220: 681.3903 E_h, exp. variance=2981914.0000 E_h^2, pmove=0.98
2026-06-02 18:43:48,670 - Step 00221: 2062.4741 E_h, exp. variance=2701869.5000 E_h^2, pmove=0.98
2026-06-02 18:43:49,230 - Step 00222: 1285.2751 E_h, exp. variance=2557281.2500 E_h^2, pmove=0.98
2026-06-02 18:43:49,791 - Step 00223: 1052.4363 E_h, exp. variance=2452727.0000 E_h^2, pmove=0.98
2026-06-02 18:43:50,350 - Step 00224: 3821.7812 E_h, exp. variance=2438693.7500 E_h^2, pmove=0.98
2026-06-02 18:43:50,910 - Step 00225: 5223.4434 E_h, exp. variance=2922919.5000 E_h^2, pmove=0.98
2026-06-02 18:43:51,471 - Step 00226: 952.6714 E_h, exp. variance=2894078.7500 E_h^2, pmove=0.98
2026-06-02 18:43:52,030 - Step 00227: 9555.7920 E_h, exp. variance=7094783.5000 E_h^2, pmove=0.98
2026-06-02 18:43:52,588 - Step 00228: 4205.3193 E_h, exp. variance=6476477.5000 E_h^2, pmove=0.98
2026-06-02 18:43:53,148 - Step 00229: 3012.7354 E_h, exp. variance=5836229.5000 E_h^2, pmove=0.98
2026-06-02 18:43:53,707 - Step 00230: 8870.3398 E_h, exp. variance=8074540.5000 E_h^2, pmove=0.98
2026-06-02 18:43:54,269 - Step 00231: 1238.1377 E_h, exp. variance=7872036.0000 E_h^2, pmove=0.98
2026-06-02 18:43:54,828 - Step 00232: 4366.2646 E_h, exp. variance=7141681.5000 E_h^2, pmove=0.99
2026-06-02 18:43:55,388 - Step 00233: 2408.0593 E_h, exp. variance=6566548.0000 E_h^2, pmove=0.99
2026-06-02 18:43:55,947 - Step 00234: 1818.4141 E_h, exp. variance=6172528.5000 E_h^2, pmove=0.99
2026-06-02 18:43:56,506 - Step 00235: 2066.4468 E_h, exp. variance=5704907.0000 E_h^2, pmove=0.99
2026-06-02 18:43:57,065 - Step 00236: 5626.2139 E_h, exp. variance=5652514.5000 E_h^2, pmove=0.99
2026-06-02 18:43:57,625 - Step 00237: 1843.5924 E_h, exp. variance=5324407.5000 E_h^2, pmove=0.99
2026-06-02 18:43:58,184 - Step 00238: 5180.8730 E_h, exp. variance=5108830.5000 E_h^2, pmove=0.99
2026-06-02 18:43:58,744 - Step 00239: 1048.1165 E_h, exp. variance=5135545.5000 E_h^2, pmove=0.99
2026-06-02 18:43:59,303 - Step 00240: 1765.9116 E_h, exp. variance=4819617.0000 E_h^2, pmove=0.99
2026-06-02 18:43:59,865 - Step 00241: 1912.7563 E_h, exp. variance=4464421.5000 E_h^2, pmove=0.99
2026-06-02 18:44:00,425 - Step 00242: 1440.9512 E_h, exp. variance=4231405.0000 E_h^2, pmove=0.99
2026-06-02 18:44:00,985 - Step 00243: 1274.7957 E_h, exp. variance=4025074.5000 E_h^2, pmove=0.99
2026-06-02 18:44:01,544 - Step 00244: 4388.5254 E_h, exp. variance=3887846.5000 E_h^2, pmove=0.99
2026-06-02 18:44:02,104 - Step 00245: 1394.6377 E_h, exp. variance=3687955.0000 E_h^2, pmove=0.99
2026-06-02 18:44:02,664 - Step 00246: 932.4357 E_h, exp. variance=3599865.7500 E_h^2, pmove=0.99
2026-06-02 18:44:03,223 - Step 00247: 3633.5854 E_h, exp. variance=3351107.5000 E_h^2, pmove=0.99
2026-06-02 18:44:03,782 - Step 00248: 1824.3855 E_h, exp. variance=3074852.2500 E_h^2, pmove=0.99
2026-06-02 18:44:04,342 - Step 00249: 2268.4429 E_h, exp. variance=2774613.0000 E_h^2, pmove=0.99
2026-06-02 18:44:04,903 - Step 00250: 3843.3850 E_h, exp. variance=2653865.5000 E_h^2, pmove=0.99
2026-06-02 18:44:05,462 - Step 00251: 1512.0901 E_h, exp. variance=2506199.7500 E_h^2, pmove=0.99
2026-06-02 18:44:06,022 - Step 00252: 781.2939 E_h, exp. variance=2534398.5000 E_h^2, pmove=0.99
2026-06-02 18:44:06,581 - Step 00253: 3276.7761 E_h, exp. variance=2355714.2500 E_h^2, pmove=0.99
2026-06-02 18:44:07,140 - Step 00254: 9264.6035 E_h, exp. variance=6291629.0000 E_h^2, pmove=0.99
2026-06-02 18:44:07,699 - Step 00255: 3818.6316 E_h, exp. variance=5704240.5000 E_h^2, pmove=0.99
2026-06-02 18:44:08,258 - Step 00256: 1447.1340 E_h, exp. variance=5412073.0000 E_h^2, pmove=0.99
2026-06-02 18:44:08,819 - Step 00257: 3127.4224 E_h, exp. variance=4871726.0000 E_h^2, pmove=0.99
2026-06-02 18:44:09,378 - Step 00258: 2647.9119 E_h, exp. variance=4398348.0000 E_h^2, pmove=0.99
2026-06-02 18:44:09,939 - Step 00259: 3177.5359 E_h, exp. variance=3961341.2500 E_h^2, pmove=0.99
2026-06-02 18:44:10,498 - Step 00260: 2440.0322 E_h, exp. variance=3595270.2500 E_h^2, pmove=0.99
2026-06-02 18:44:11,058 - Step 00261: 1868.0270 E_h, exp. variance=3343097.7500 E_h^2, pmove=0.99
2026-06-02 18:44:11,618 - Step 00262: 2977.1853 E_h, exp. variance=3010221.2500 E_h^2, pmove=0.99
2026-06-02 18:44:12,177 - Step 00263: 3341.6223 E_h, exp. variance=2729764.7500 E_h^2, pmove=0.99
2026-06-02 18:44:12,736 - Step 00264: 5991.1992 E_h, exp. variance=3310452.2500 E_h^2, pmove=0.99
2026-06-02 18:44:13,295 - Step 00265: 589.4945 E_h, exp. variance=3601874.2500 E_h^2, pmove=0.99
2026-06-02 18:44:13,854 - Step 00266: 1316.5930 E_h, exp. variance=3483691.2500 E_h^2, pmove=0.99
2026-06-02 18:44:14,415 - Step 00267: 780.5427 E_h, exp. variance=3499607.5000 E_h^2, pmove=0.99
2026-06-02 18:44:14,975 - Step 00268: 5697.4893 E_h, exp. variance=4018045.5000 E_h^2, pmove=0.99
2026-06-02 18:44:15,534 - Step 00269: 2106.7808 E_h, exp. variance=3673133.2500 E_h^2, pmove=0.99
2026-06-02 18:44:16,094 - Step 00270: 5501.2031 E_h, exp. variance=3951685.2500 E_h^2, pmove=0.99
2026-06-02 18:44:16,654 - Step 00271: 3252.0371 E_h, exp. variance=3558873.0000 E_h^2, pmove=0.99
2026-06-02 18:44:17,213 - Step 00272: 5515.3779 E_h, exp. variance=3725266.5000 E_h^2, pmove=0.99
2026-06-02 18:44:17,773 - Step 00273: 5184.0928 E_h, exp. variance=3656380.0000 E_h^2, pmove=0.99
2026-06-02 18:44:18,333 - Step 00274: 1776.8284 E_h, exp. variance=3567678.2500 E_h^2, pmove=0.99
2026-06-02 18:44:18,892 - Step 00275: 4395.2051 E_h, exp. variance=3308186.0000 E_h^2, pmove=0.99
2026-06-02 18:44:19,452 - Step 00276: 4310.4385 E_h, exp. variance=3042530.7500 E_h^2, pmove=0.99
2026-06-02 18:44:20,011 - Step 00277: 2271.2861 E_h, exp. variance=2884202.7500 E_h^2, pmove=0.99
2026-06-02 18:44:20,571 - Step 00278: 2628.2000 E_h, exp. variance=2651822.2500 E_h^2, pmove=0.99
2026-06-02 18:44:21,131 - Step 00279: 1483.1376 E_h, exp. variance=2696413.7500 E_h^2, pmove=0.99
2026-06-02 18:44:21,691 - Step 00280: 1205.0470 E_h, exp. variance=2768229.2500 E_h^2, pmove=0.99
2026-06-02 18:44:22,250 - Step 00281: 1993.7668 E_h, exp. variance=2575096.5000 E_h^2, pmove=0.99
2026-06-02 18:44:22,810 - Step 00282: 1063.7969 E_h, exp. variance=2608490.2500 E_h^2, pmove=0.99
2026-06-02 18:44:23,370 - Step 00283: 2580.6360 E_h, exp. variance=2348563.5000 E_h^2, pmove=0.99
2026-06-02 18:44:23,930 - Step 00284: 10319.7939 E_h, exp. variance=7378055.5000 E_h^2, pmove=0.99
2026-06-02 18:44:24,490 - Step 00285: 1251.3042 E_h, exp. variance=7070024.0000 E_h^2, pmove=0.99
2026-06-02 18:44:25,050 - Step 00286: 2872.8926 E_h, exp. variance=6373742.0000 E_h^2, pmove=0.99
2026-06-02 18:44:25,609 - Step 00287: 2237.3979 E_h, exp. variance=5816928.5000 E_h^2, pmove=0.99
2026-06-02 18:44:26,169 - Step 00288: 1572.6620 E_h, exp. variance=5442142.5000 E_h^2, pmove=0.99
2026-06-02 18:44:26,729 - Step 00289: 1927.8303 E_h, exp. variance=4989636.0000 E_h^2, pmove=0.99
2026-06-02 18:44:27,290 - Step 00290: 913.4755 E_h, exp. variance=4823435.0000 E_h^2, pmove=0.99
2026-06-02 18:44:27,850 - Step 00291: 1766.5631 E_h, exp. variance=4410388.5000 E_h^2, pmove=0.99
2026-06-02 18:44:28,410 - Step 00292: 3856.3472 E_h, exp. variance=4121461.7500 E_h^2, pmove=0.99
2026-06-02 18:44:28,969 - Step 00293: 3106.4373 E_h, exp. variance=3725201.7500 E_h^2, pmove=0.99
2026-06-02 18:44:29,528 - Step 00294: 7835.3149 E_h, exp. variance=5700013.0000 E_h^2, pmove=0.99
2026-06-02 18:44:30,089 - Step 00295: 2280.7996 E_h, exp. variance=5212647.5000 E_h^2, pmove=0.99
2026-06-02 18:44:30,648 - Step 00296: 3518.4385 E_h, exp. variance=4704055.5000 E_h^2, pmove=0.99
2026-06-02 18:44:31,209 - Step 00297: 1131.9418 E_h, exp. variance=4611423.0000 E_h^2, pmove=0.99
2026-06-02 18:44:31,769 - Step 00298: 3709.2202 E_h, exp. variance=4198686.5000 E_h^2, pmove=0.99
2026-06-02 18:44:32,330 - Step 00299: 3839.6399 E_h, exp. variance=3835052.5000 E_h^2, pmove=0.99
2026-06-02 18:44:32,889 - Step 00300: 2972.2100 E_h, exp. variance=3453737.7500 E_h^2, pmove=0.99
2026-06-02 18:44:33,448 - Step 00301: 9257.0117 E_h, exp. variance=6506180.5000 E_h^2, pmove=0.99
2026-06-02 18:44:34,008 - Step 00302: 4130.3398 E_h, exp. variance=5870199.5000 E_h^2, pmove=0.99
2026-06-02 18:44:34,568 - Step 00303: 1254.1263 E_h, exp. variance=5851663.5000 E_h^2, pmove=0.99
2026-06-02 18:44:35,127 - Step 00304: 5111.0469 E_h, exp. variance=5495455.0000 E_h^2, pmove=0.99
2026-06-02 18:44:35,688 - Step 00305: 1364.6187 E_h, exp. variance=5426550.5000 E_h^2, pmove=0.99
2026-06-02 18:44:36,248 - Step 00306: 1522.1384 E_h, exp. variance=5216476.5000 E_h^2, pmove=0.99
2026-06-02 18:44:36,807 - Step 00307: 5224.5029 E_h, exp. variance=5044915.0000 E_h^2, pmove=0.99
2026-06-02 18:44:37,367 - Step 00308: 2577.8550 E_h, exp. variance=4608796.0000 E_h^2, pmove=0.99
2026-06-02 18:44:37,926 - Step 00309: 2795.8242 E_h, exp. variance=4176796.7500 E_h^2, pmove=0.99
2026-06-02 18:44:38,486 - Step 00310: 2140.9023 E_h, exp. variance=3881214.7500 E_h^2, pmove=0.99
2026-06-02 18:44:39,045 - Step 00311: 4776.1675 E_h, exp. variance=3719761.5000 E_h^2, pmove=0.99
2026-06-02 18:44:39,605 - Step 00312: 5340.7354 E_h, exp. variance=3705219.2500 E_h^2, pmove=0.99
2026-06-02 18:44:40,164 - Step 00313: 3111.2825 E_h, exp. variance=3351796.5000 E_h^2, pmove=0.99
2026-06-02 18:44:40,723 - Step 00314: 3950.6907 E_h, exp. variance=3034609.0000 E_h^2, pmove=0.99
2026-06-02 18:44:41,284 - Step 00315: 2526.8801 E_h, exp. variance=2825042.2500 E_h^2, pmove=0.99
2026-06-02 18:44:41,845 - Step 00316: 942.2064 E_h, exp. variance=3106811.7500 E_h^2, pmove=0.99
2026-06-02 18:44:42,406 - Step 00317: 1201.0270 E_h, exp. variance=3154234.0000 E_h^2, pmove=0.99
2026-06-02 18:44:42,966 - Step 00318: 1760.9758 E_h, exp. variance=2976148.2500 E_h^2, pmove=0.99
2026-06-02 18:44:43,526 - Step 00319: 1417.6816 E_h, exp. variance=2869083.2500 E_h^2, pmove=0.99
2026-06-02 18:44:44,085 - Step 00320: 4113.9336 E_h, exp. variance=2755237.0000 E_h^2, pmove=0.99
2026-06-02 18:44:44,645 - Step 00321: 628.5818 E_h, exp. variance=2930221.2500 E_h^2, pmove=0.99
2026-06-02 18:44:45,205 - Step 00322: 7428.6611 E_h, exp. variance=4699136.5000 E_h^2, pmove=0.99
2026-06-02 18:44:45,765 - Step 00323: 4556.1201 E_h, exp. variance=4414628.5000 E_h^2, pmove=0.99
2026-06-02 18:44:46,326 - Step 00324: 960.5295 E_h, exp. variance=4450851.0000 E_h^2, pmove=0.99
2026-06-02 18:44:46,886 - Step 00325: 1006.8204 E_h, exp. variance=4375607.5000 E_h^2, pmove=0.99
2026-06-02 18:44:47,447 - Step 00326: 7260.0039 E_h, exp. variance=5703287.5000 E_h^2, pmove=0.99
2026-06-02 18:44:48,006 - Step 00327: 929.4247 E_h, exp. variance=5627747.5000 E_h^2, pmove=0.99
2026-06-02 18:44:48,565 - Step 00328: 5999.9238 E_h, exp. variance=5853656.0000 E_h^2, pmove=0.99
2026-06-02 18:44:49,125 - Step 00329: 3142.7483 E_h, exp. variance=5271640.5000 E_h^2, pmove=0.99
2026-06-02 18:44:49,684 - Step 00330: 3213.8169 E_h, exp. variance=4745423.0000 E_h^2, pmove=0.99
2026-06-02 18:44:50,243 - Step 00331: 2544.2285 E_h, exp. variance=4323126.0000 E_h^2, pmove=0.99
2026-06-02 18:44:50,802 - Step 00332: 912.4022 E_h, exp. variance=4374204.0000 E_h^2, pmove=0.99
2026-06-02 18:44:51,362 - Step 00333: 4619.5942 E_h, exp. variance=4173389.0000 E_h^2, pmove=0.99
2026-06-02 18:44:51,922 - Step 00334: 2813.0864 E_h, exp. variance=3766902.2500 E_h^2, pmove=0.99
2026-06-02 18:44:52,482 - Step 00335: 5665.2627 E_h, exp. variance=3970698.7500 E_h^2, pmove=0.99
2026-06-02 18:44:53,042 - Step 00336: 3054.0325 E_h, exp. variance=3583166.7500 E_h^2, pmove=0.99
2026-06-02 18:44:53,602 - Step 00337: 2127.9600 E_h, exp. variance=3358599.5000 E_h^2, pmove=0.99
2026-06-02 18:44:54,161 - Step 00338: 2155.8420 E_h, exp. variance=3125640.0000 E_h^2, pmove=0.99
2026-06-02 18:44:54,720 - Step 00339: 2246.4917 E_h, exp. variance=2881462.5000 E_h^2, pmove=0.99
2026-06-02 18:44:55,279 - Step 00340: 2664.9971 E_h, exp. variance=2605373.5000 E_h^2, pmove=0.99
2026-06-02 18:44:55,838 - Step 00341: 4593.4805 E_h, exp. variance=2574967.2500 E_h^2, pmove=0.99
2026-06-02 18:44:56,397 - Step 00342: 1658.2045 E_h, exp. variance=2518923.2500 E_h^2, pmove=0.99
2026-06-02 18:44:56,956 - Step 00343: 9421.2969 E_h, exp. variance=5972564.5000 E_h^2, pmove=0.99
2026-06-02 18:44:57,515 - Step 00344: 1353.4297 E_h, exp. variance=5848488.5000 E_h^2, pmove=0.99
2026-06-02 18:44:58,074 - Step 00345: 4167.0503 E_h, exp. variance=5314261.5000 E_h^2, pmove=0.99
2026-06-02 18:44:58,633 - Step 00346: 839.7830 E_h, exp. variance=5415952.5000 E_h^2, pmove=0.99
2026-06-02 18:44:59,192 - Step 00347: 5127.6914 E_h, exp. variance=5199547.5000 E_h^2, pmove=0.99
2026-06-02 18:44:59,751 - Step 00348: 964.2601 E_h, exp. variance=5220995.0000 E_h^2, pmove=0.99
2026-06-02 18:45:00,310 - Step 00349: 3936.5708 E_h, exp. variance=4751553.0000 E_h^2, pmove=0.99
2026-06-02 18:45:00,869 - Step 00350: 3034.3672 E_h, exp. variance=4280511.0000 E_h^2, pmove=0.99
2026-06-02 18:45:01,430 - Step 00351: 878.8290 E_h, exp. variance=4348615.5000 E_h^2, pmove=0.99
2026-06-02 18:45:01,989 - Step 00352: 1857.2229 E_h, exp. variance=4029644.2500 E_h^2, pmove=0.99
2026-06-02 18:45:02,548 - Step 00353: 3549.2454 E_h, exp. variance=3667170.2500 E_h^2, pmove=0.99
2026-06-02 18:45:03,107 - Step 00354: 3382.7578 E_h, exp. variance=3317654.5000 E_h^2, pmove=0.99
2026-06-02 18:45:03,667 - Step 00355: 1633.0327 E_h, exp. variance=3151439.5000 E_h^2, pmove=0.99
2026-06-02 18:45:04,226 - Step 00356: 3573.0977 E_h, exp. variance=2882877.5000 E_h^2, pmove=0.99
2026-06-02 18:45:04,786 - Step 00357: 2952.9761 E_h, exp. variance=2594657.2500 E_h^2, pmove=0.99
2026-06-02 18:45:05,346 - Step 00358: 8970.9238 E_h, exp. variance=5621336.0000 E_h^2, pmove=0.99
2026-06-02 18:45:05,906 - Step 00359: 1426.5009 E_h, exp. variance=5458413.5000 E_h^2, pmove=0.99
2026-06-02 18:45:06,467 - Step 00360: 1949.3528 E_h, exp. variance=5082145.5000 E_h^2, pmove=0.99
2026-06-02 18:45:07,026 - Step 00361: 10740.5000 E_h, exp. variance=9711999.0000 E_h^2, pmove=0.99
2026-06-02 18:45:07,586 - Step 00362: 10209.4941 E_h, exp. variance=12278041.0000 E_h^2, pmove=0.99
2026-06-02 18:45:08,146 - Step 00363: 3506.5498 E_h, exp. variance=11151490.0000 E_h^2, pmove=0.99
2026-06-02 18:45:08,706 - Step 00364: 1563.7141 E_h, exp. variance=10791908.0000 E_h^2, pmove=0.99
2026-06-02 18:45:09,266 - Step 00365: 1992.9806 E_h, exp. variance=10139819.0000 E_h^2, pmove=0.99
2026-06-02 18:45:09,825 - Step 00366: 1404.6455 E_h, exp. variance=9710569.0000 E_h^2, pmove=0.99
2026-06-02 18:45:10,386 - Step 00367: 5492.0337 E_h, exp. variance=9028963.0000 E_h^2, pmove=0.99
2026-06-02 18:45:10,945 - Step 00368: 3754.9985 E_h, exp. variance=8127428.0000 E_h^2, pmove=0.99
2026-06-02 18:45:11,505 - Step 00369: 1889.6077 E_h, exp. variance=7666134.0000 E_h^2, pmove=0.99
2026-06-02 18:45:12,065 - Step 00370: 1119.8501 E_h, exp. variance=7483943.5000 E_h^2, pmove=0.99
2026-06-02 18:45:12,624 - Step 00371: 2733.9810 E_h, exp. variance=6777079.0000 E_h^2, pmove=0.99
2026-06-02 18:45:13,184 - Step 00372: 1981.8558 E_h, exp. variance=6266691.0000 E_h^2, pmove=0.99
2026-06-02 18:45:13,744 - Step 00373: 4223.6523 E_h, exp. variance=5732679.0000 E_h^2, pmove=0.99
2026-06-02 18:45:14,304 - Step 00374: 3865.8105 E_h, exp. variance=5187168.0000 E_h^2, pmove=0.99
2026-06-02 18:45:14,864 - Step 00375: 2113.9473 E_h, exp. variance=4809538.0000 E_h^2, pmove=0.99
2026-06-02 18:45:15,424 - Step 00376: 2706.1108 E_h, exp. variance=4354313.5000 E_h^2, pmove=0.99
2026-06-02 18:45:15,984 - Step 00377: 1598.2986 E_h, exp. variance=4146132.5000 E_h^2, pmove=0.99
2026-06-02 18:45:16,544 - Step 00378: 4684.5645 E_h, exp. variance=3978371.5000 E_h^2, pmove=0.99
2026-06-02 18:45:17,104 - Step 00379: 1286.0065 E_h, exp. variance=3908186.5000 E_h^2, pmove=0.99
2026-06-02 18:45:17,665 - Step 00380: 2384.9531 E_h, exp. variance=3551772.0000 E_h^2, pmove=0.99
2026-06-02 18:45:18,225 - Step 00381: 1006.1710 E_h, exp. variance=3533656.7500 E_h^2, pmove=0.99
2026-06-02 18:45:18,786 - Step 00382: 1855.0862 E_h, exp. variance=3252028.7500 E_h^2, pmove=0.99
2026-06-02 18:45:19,345 - Step 00383: 1570.7817 E_h, exp. variance=3033327.5000 E_h^2, pmove=0.99
2026-06-02 18:45:19,903 - Step 00384: 1505.7078 E_h, exp. variance=2828110.0000 E_h^2, pmove=0.99
2026-06-02 18:45:20,463 - Step 00385: 2223.6655 E_h, exp. variance=2549724.2500 E_h^2, pmove=0.99
2026-06-02 18:45:21,022 - Step 00386: 5059.0977 E_h, exp. variance=2920051.2500 E_h^2, pmove=0.99
2026-06-02 18:45:21,581 - Step 00387: 1332.5406 E_h, exp. variance=2793112.7500 E_h^2, pmove=0.99
2026-06-02 18:45:22,140 - Step 00388: 1092.1016 E_h, exp. variance=2705459.2500 E_h^2, pmove=0.99
2026-06-02 18:45:22,699 - Step 00389: 6853.8267 E_h, exp. variance=4215827.0000 E_h^2, pmove=0.99
2026-06-02 18:45:23,259 - Step 00390: 1783.7397 E_h, exp. variance=3896623.7500 E_h^2, pmove=0.99
2026-06-02 18:45:23,819 - Step 00391: 807.2888 E_h, exp. variance=3844413.7500 E_h^2, pmove=0.99
2026-06-02 18:45:24,379 - Step 00392: 3662.0000 E_h, exp. variance=3571259.5000 E_h^2, pmove=0.99
2026-06-02 18:45:24,938 - Step 00393: 4839.4658 E_h, exp. variance=3641166.2500 E_h^2, pmove=0.99
2026-06-02 18:45:25,498 - Step 00394: 1788.0780 E_h, exp. variance=3384166.2500 E_h^2, pmove=0.99
2026-06-02 18:45:26,058 - Step 00395: 2081.8848 E_h, exp. variance=3088357.0000 E_h^2, pmove=0.99
2026-06-02 18:45:26,617 - Step 00396: 1097.4528 E_h, exp. variance=3010982.2500 E_h^2, pmove=0.99
2026-06-02 18:45:27,176 - Step 00397: 8253.1309 E_h, exp. variance=5646685.5000 E_h^2, pmove=0.99
2026-06-02 18:45:27,736 - Step 00398: 4224.3237 E_h, exp. variance=5193370.0000 E_h^2, pmove=0.99
2026-06-02 18:45:28,295 - Step 00399: 6109.8633 E_h, exp. variance=5423969.5000 E_h^2, pmove=0.99
2026-06-02 18:45:28,853 - Step 00400: 2126.4001 E_h, exp. variance=5054336.5000 E_h^2, pmove=0.99
2026-06-02 18:45:29,412 - Step 00401: 10974.7363 E_h, exp. variance=9749204.0000 E_h^2, pmove=0.99
2026-06-02 18:45:29,971 - Step 00402: 1321.2333 E_h, exp. variance=9486072.0000 E_h^2, pmove=0.99
2026-06-02 18:45:30,530 - Step 00403: 6667.6167 E_h, exp. variance=9250825.0000 E_h^2, pmove=0.99
2026-06-02 18:45:31,088 - Step 00404: 3544.4019 E_h, exp. variance=8357007.5000 E_h^2, pmove=0.99
2026-06-02 18:45:31,647 - Step 00405: 1174.0444 E_h, exp. variance=8278631.0000 E_h^2, pmove=0.99
2026-06-02 18:45:32,206 - Step 00406: 2077.2119 E_h, exp. variance=7713187.0000 E_h^2, pmove=0.99
2026-06-02 18:45:32,765 - Step 00407: 1770.3689 E_h, exp. variance=7247782.0000 E_h^2, pmove=0.99
2026-06-02 18:45:33,324 - Step 00408: 2949.9194 E_h, exp. variance=6543716.5000 E_h^2, pmove=0.99
2026-06-02 18:45:33,882 - Step 00409: 7497.4609 E_h, exp. variance=7413912.5000 E_h^2, pmove=0.99
2026-06-02 18:45:34,441 - Step 00410: 2214.4009 E_h, exp. variance=6896872.0000 E_h^2, pmove=0.99
2026-06-02 18:45:35,000 - Step 00411: 2012.5919 E_h, exp. variance=6444192.5000 E_h^2, pmove=0.99
2026-06-02 18:45:35,559 - Step 00412: 3955.4563 E_h, exp. variance=5820714.0000 E_h^2, pmove=0.99
2026-06-02 18:45:36,117 - Step 00413: 2002.5653 E_h, exp. variance=5446241.0000 E_h^2, pmove=0.99
2026-06-02 18:45:36,677 - Step 00414: 1378.2931 E_h, exp. variance=5258442.0000 E_h^2, pmove=0.99
2026-06-02 18:45:37,236 - Step 00415: 1526.8086 E_h, exp. variance=4975705.0000 E_h^2, pmove=0.99
2026-06-02 18:45:37,795 - Step 00416: 2378.1650 E_h, exp. variance=4513609.0000 E_h^2, pmove=0.99
2026-06-02 18:45:38,354 - Step 00417: 5993.6890 E_h, exp. variance=4899740.0000 E_h^2, pmove=0.99
2026-06-02 18:45:38,913 - Step 00418: 1930.6757 E_h, exp. variance=4566006.5000 E_h^2, pmove=0.99
2026-06-02 18:45:39,472 - Step 00419: 1125.3811 E_h, exp. variance=4466213.5000 E_h^2, pmove=0.99
2026-06-02 18:45:40,032 - Step 00420: 1535.7388 E_h, exp. variance=4191396.7500 E_h^2, pmove=0.99
2026-06-02 18:45:40,592 - Step 00421: 5258.9561 E_h, exp. variance=4325675.5000 E_h^2, pmove=0.99
2026-06-02 18:45:41,151 - Step 00422: 3304.1133 E_h, exp. variance=3900009.5000 E_h^2, pmove=0.99
2026-06-02 18:45:41,710 - Step 00423: 1757.9767 E_h, exp. variance=3661385.7500 E_h^2, pmove=0.99
2026-06-02 18:45:42,269 - Step 00424: 5700.2983 E_h, exp. variance=3988355.7500 E_h^2, pmove=0.99
2026-06-02 18:45:42,828 - Step 00425: 2181.1335 E_h, exp. variance=3683444.7500 E_h^2, pmove=0.99
2026-06-02 18:45:43,387 - Step 00426: 10047.9619 E_h, exp. variance=7659091.5000 E_h^2, pmove=0.99
2026-06-02 18:45:43,946 - Step 00427: 4721.9561 E_h, exp. variance=6970466.0000 E_h^2, pmove=0.99
2026-06-02 18:45:44,506 - Step 00428: 3005.3391 E_h, exp. variance=6343530.0000 E_h^2, pmove=0.98
2026-06-02 18:45:45,065 - Step 00429: 7576.4448 E_h, exp. variance=6992923.5000 E_h^2, pmove=0.98
2026-06-02 18:45:45,624 - Step 00430: 778.7963 E_h, exp. variance=7333157.5000 E_h^2, pmove=0.98
2026-06-02 18:45:46,184 - Step 00431: 5248.6318 E_h, exp. variance=6779055.0000 E_h^2, pmove=0.97
2026-06-02 18:45:46,742 - Step 00432: 2594.0447 E_h, exp. variance=6273684.5000 E_h^2, pmove=0.97
2026-06-02 18:45:47,302 - Step 00433: 1651.8585 E_h, exp. variance=6077298.0000 E_h^2, pmove=0.97
2026-06-02 18:45:47,861 - Step 00434: 1456.9387 E_h, exp. variance=5891183.0000 E_h^2, pmove=0.97
2026-06-02 18:45:48,420 - Step 00435: 827.6266 E_h, exp. variance=5899873.0000 E_h^2, pmove=0.97
2026-06-02 18:45:48,981 - Step 00436: 4244.0708 E_h, exp. variance=5418173.0000 E_h^2, pmove=0.97
2026-06-02 18:45:49,540 - Step 00437: 731.9493 E_h, exp. variance=5450121.0000 E_h^2, pmove=0.97
2026-06-02 18:45:50,100 - Step 00438: 5243.5020 E_h, exp. variance=5356343.5000 E_h^2, pmove=0.97
2026-06-02 18:45:50,659 - Step 00439: 4332.8530 E_h, exp. variance=4930516.0000 E_h^2, pmove=0.96
2026-06-02 18:45:51,220 - Step 00440: 1382.3698 E_h, exp. variance=4781928.5000 E_h^2, pmove=0.97
2026-06-02 18:45:51,779 - Step 00441: 1340.1449 E_h, exp. variance=4596294.5000 E_h^2, pmove=0.97
2026-06-02 18:45:52,339 - Step 00442: 1731.5310 E_h, exp. variance=4273108.5000 E_h^2, pmove=0.96
2026-06-02 18:45:52,898 - Step 00443: 2544.8457 E_h, exp. variance=3853620.7500 E_h^2, pmove=0.96
2026-06-02 18:45:53,458 - Step 00444: 1018.7207 E_h, exp. variance=3757103.0000 E_h^2, pmove=0.97
2026-06-02 18:45:54,017 - Step 00445: 5853.9067 E_h, exp. variance=4316206.5000 E_h^2, pmove=0.97
2026-06-02 18:45:54,577 - Step 00446: 980.6747 E_h, exp. variance=4234810.5000 E_h^2, pmove=0.97
2026-06-02 18:45:55,136 - Step 00447: 3013.3728 E_h, exp. variance=3817287.7500 E_h^2, pmove=0.97
2026-06-02 18:45:55,696 - Step 00448: 2196.7971 E_h, exp. variance=3466359.2500 E_h^2, pmove=0.97
2026-06-02 18:45:56,254 - Step 00449: 7278.5361 E_h, exp. variance=4987240.5000 E_h^2, pmove=0.97
2026-06-02 18:45:56,813 - Step 00450: 1728.8685 E_h, exp. variance=4677729.0000 E_h^2, pmove=0.97
2026-06-02 18:45:57,372 - Step 00451: 7204.7910 E_h, exp. variance=5775681.0000 E_h^2, pmove=0.97
2026-06-02 18:45:57,931 - Step 00452: 2300.6611 E_h, exp. variance=5317192.0000 E_h^2, pmove=0.97
2026-06-02 18:45:58,492 - Step 00453: 3203.0840 E_h, exp. variance=4787060.5000 E_h^2, pmove=0.97
2026-06-02 18:45:59,051 - Step 00454: 8848.7666 E_h, exp. variance=7056805.5000 E_h^2, pmove=0.97
2026-06-02 18:45:59,610 - Step 00455: 1647.9651 E_h, exp. variance=6797589.0000 E_h^2, pmove=0.97
2026-06-02 18:46:00,169 - Step 00456: 2067.8765 E_h, exp. variance=6343824.0000 E_h^2, pmove=0.97
2026-06-02 18:46:00,729 - Step 00457: 4784.0391 E_h, exp. variance=5859210.0000 E_h^2, pmove=0.97
2026-06-02 18:46:01,288 - Step 00458: 6269.0479 E_h, exp. variance=5903410.5000 E_h^2, pmove=0.97
2026-06-02 18:46:01,847 - Step 00459: 1763.8276 E_h, exp. variance=5719022.0000 E_h^2, pmove=0.97
2026-06-02 18:46:02,406 - Step 00460: 2604.1821 E_h, exp. variance=5250368.5000 E_h^2, pmove=0.97
2026-06-02 18:46:02,967 - Step 00461: 1723.5165 E_h, exp. variance=5031572.5000 E_h^2, pmove=0.97
2026-06-02 18:46:03,528 - Step 00462: 10655.6064 E_h, exp. variance=9287686.0000 E_h^2, pmove=0.97
2026-06-02 18:46:04,087 - Step 00463: 1094.7500 E_h, exp. variance=9177652.0000 E_h^2, pmove=0.97
2026-06-02 18:46:04,647 - Step 00464: 2407.0808 E_h, exp. variance=8436838.0000 E_h^2, pmove=0.96
2026-06-02 18:46:05,207 - Step 00465: 3016.7783 E_h, exp. variance=7631445.5000 E_h^2, pmove=0.96
2026-06-02 18:46:05,765 - Step 00466: 1077.6510 E_h, exp. variance=7442639.5000 E_h^2, pmove=0.96
2026-06-02 18:46:06,325 - Step 00467: 2097.6685 E_h, exp. variance=6839797.5000 E_h^2, pmove=0.96
2026-06-02 18:46:06,885 - Step 00468: 1406.5446 E_h, exp. variance=6453706.5000 E_h^2, pmove=0.96
2026-06-02 18:46:07,444 - Step 00469: 3426.5542 E_h, exp. variance=5821512.5000 E_h^2, pmove=0.96
2026-06-02 18:46:08,005 - Step 00470: 1330.6251 E_h, exp. variance=5515477.5000 E_h^2, pmove=0.96
2026-06-02 18:46:08,565 - Step 00471: 1823.4463 E_h, exp. variance=5069603.0000 E_h^2, pmove=0.96
2026-06-02 18:46:09,124 - Step 00472: 813.2357 E_h, exp. variance=4917418.0000 E_h^2, pmove=0.96
2026-06-02 18:46:09,683 - Step 00473: 3283.3545 E_h, exp. variance=4467688.0000 E_h^2, pmove=0.97
2026-06-02 18:46:10,243 - Step 00474: 2231.0845 E_h, exp. variance=4038135.2500 E_h^2, pmove=0.97
2026-06-02 18:46:10,802 - Step 00475: 2773.8730 E_h, exp. variance=3636324.2500 E_h^2, pmove=0.97
2026-06-02 18:46:11,362 - Step 00476: 1256.6809 E_h, exp. variance=3444820.7500 E_h^2, pmove=0.97
2026-06-02 18:46:11,922 - Step 00477: 5177.5542 E_h, exp. variance=3744932.5000 E_h^2, pmove=0.97
2026-06-02 18:46:12,483 - Step 00478: 7997.5469 E_h, exp. variance=5830874.0000 E_h^2, pmove=0.97
2026-06-02 18:46:13,043 - Step 00479: 1562.7273 E_h, exp. variance=5516863.5000 E_h^2, pmove=0.97
2026-06-02 18:46:13,603 - Step 00480: 1154.6897 E_h, exp. variance=5312410.0000 E_h^2, pmove=0.97
2026-06-02 18:46:14,162 - Step 00481: 2021.1836 E_h, exp. variance=4854280.0000 E_h^2, pmove=0.98
2026-06-02 18:46:14,722 - Step 00482: 2911.6956 E_h, exp. variance=4369418.5000 E_h^2, pmove=0.98
2026-06-02 18:46:15,282 - Step 00483: 2556.0806 E_h, exp. variance=3939746.2500 E_h^2, pmove=0.98
2026-06-02 18:46:15,841 - Step 00484: 2340.7368 E_h, exp. variance=3565748.5000 E_h^2, pmove=0.98
2026-06-02 18:46:16,401 - Step 00485: 2744.6375 E_h, exp. variance=3209210.0000 E_h^2, pmove=0.98
2026-06-02 18:46:16,961 - Step 00486: 9593.6074 E_h, exp. variance=7087752.5000 E_h^2, pmove=0.98
2026-06-02 18:46:17,521 - Step 00487: 2244.2622 E_h, exp. variance=6508916.0000 E_h^2, pmove=0.98
2026-06-02 18:46:18,081 - Step 00488: 10828.0850 E_h, exp. variance=10923780.0000 E_h^2, pmove=0.98
2026-06-02 18:46:18,641 - Step 00489: 913.3987 E_h, exp. variance=10731537.0000 E_h^2, pmove=0.98
2026-06-02 18:46:19,200 - Step 00490: 5171.7739 E_h, exp. variance=9837848.0000 E_h^2, pmove=0.98
2026-06-02 18:46:19,759 - Step 00491: 3596.6003 E_h, exp. variance=8862395.0000 E_h^2, pmove=0.98
2026-06-02 18:46:20,318 - Step 00492: 977.1459 E_h, exp. variance=8729562.0000 E_h^2, pmove=0.98
2026-06-02 18:46:20,878 - Step 00493: 1725.3254 E_h, exp. variance=8166562.0000 E_h^2, pmove=0.98
2026-06-02 18:46:21,438 - Step 00494: 9725.9170 E_h, exp. variance=10956539.0000 E_h^2, pmove=0.98
2026-06-02 18:46:21,999 - Step 00495: 4692.0923 E_h, exp. variance=9900507.0000 E_h^2, pmove=0.98
2026-06-02 18:46:22,560 - Step 00496: 840.6017 E_h, exp. variance=9863613.0000 E_h^2, pmove=0.98
2026-06-02 18:46:23,119 - Step 00497: 11559.0938 E_h, exp. variance=14338258.0000 E_h^2, pmove=0.98
2026-06-02 18:46:23,679 - Step 00498: 1000.6129 E_h, exp. variance=14037278.0000 E_h^2, pmove=0.98
2026-06-02 18:46:24,239 - Step 00499: 2321.8911 E_h, exp. variance=12948870.0000 E_h^2, pmove=0.98
2026-06-02 18:46:24,239 - Switching optimizer from Adam to KFAC at step 500.
2026-06-02 18:46:24,240 - Unregularized parameters masking info (for curvature calculations and L2 regularization)
2026-06-02 18:46:24,240 -   Not masking out (DictKey(key='embed'), DictKey(key='b'))
2026-06-02 18:46:24,240 -   Not masking out (DictKey(key='embed'), DictKey(key='w'))
2026-06-02 18:46:24,240 -   Not masking out (DictKey(key='phi'), SequenceKey(idx=0), SequenceKey(idx=0), DictKey(key='b'))
2026-06-02 18:46:24,240 -   Not masking out (DictKey(key='phi'), SequenceKey(idx=0), SequenceKey(idx=0), DictKey(key='w'))
2026-06-02 18:46:24,240 -   Not masking out (DictKey(key='phi'), SequenceKey(idx=0), SequenceKey(idx=1), DictKey(key='b'))
2026-06-02 18:46:24,240 -   Not masking out (DictKey(key='phi'), SequenceKey(idx=0), SequenceKey(idx=1), DictKey(key='w'))
2026-06-02 18:46:24,240 -   Not masking out (DictKey(key='phi'), SequenceKey(idx=1), SequenceKey(idx=0), DictKey(key='b'))
2026-06-02 18:46:24,240 -   Not masking out (DictKey(key='phi'), SequenceKey(idx=1), SequenceKey(idx=0), DictKey(key='w'))
2026-06-02 18:46:24,240 -   Not masking out (DictKey(key='phi'), SequenceKey(idx=1), SequenceKey(idx=1), DictKey(key='b'))
2026-06-02 18:46:24,240 -   Not masking out (DictKey(key='phi'), SequenceKey(idx=1), SequenceKey(idx=1), DictKey(key='w'))
2026-06-02 18:46:24,240 -   Not masking out (DictKey(key='phi'), SequenceKey(idx=2), SequenceKey(idx=0), DictKey(key='b'))
2026-06-02 18:46:24,240 -   Not masking out (DictKey(key='phi'), SequenceKey(idx=2), SequenceKey(idx=0), DictKey(key='w'))
2026-06-02 18:46:24,240 -   Not masking out (DictKey(key='phi'), SequenceKey(idx=2), SequenceKey(idx=1), DictKey(key='b'))
2026-06-02 18:46:24,240 -   Not masking out (DictKey(key='phi'), SequenceKey(idx=2), SequenceKey(idx=1), DictKey(key='w'))
2026-06-02 18:46:24,240 -   Not masking out (DictKey(key='rho'), SequenceKey(idx=0), DictKey(key='b'))
2026-06-02 18:46:24,240 -   Not masking out (DictKey(key='rho'), SequenceKey(idx=0), DictKey(key='w'))
2026-06-02 18:46:24,240 -   Not masking out (DictKey(key='rho'), SequenceKey(idx=1), DictKey(key='b'))
2026-06-02 18:46:24,240 -   Not masking out (DictKey(key='rho'), SequenceKey(idx=1), DictKey(key='w'))
2026-06-02 18:46:24,240 -   Not masking out (DictKey(key='transformer'), SequenceKey(idx=0), DictKey(key='attn_ln'), DictKey(key='offset'))
2026-06-02 18:46:24,240 -   Not masking out (DictKey(key='transformer'), SequenceKey(idx=0), DictKey(key='attn_ln'), DictKey(key='scale'))
2026-06-02 18:46:24,240 -   Not masking out (DictKey(key='transformer'), SequenceKey(idx=0), DictKey(key='ff1'), DictKey(key='b'))
2026-06-02 18:46:24,240 -   Not masking out (DictKey(key='transformer'), SequenceKey(idx=0), DictKey(key='ff1'), DictKey(key='w'))
2026-06-02 18:46:24,240 -   Not masking out (DictKey(key='transformer'), SequenceKey(idx=0), DictKey(key='ff2'), DictKey(key='b'))
2026-06-02 18:46:24,241 -   Not masking out (DictKey(key='transformer'), SequenceKey(idx=0), DictKey(key='ff2'), DictKey(key='w'))
2026-06-02 18:46:24,241 -   Not masking out (DictKey(key='transformer'), SequenceKey(idx=0), DictKey(key='ff_ln'), DictKey(key='offset'))
2026-06-02 18:46:24,241 -   Not masking out (DictKey(key='transformer'), SequenceKey(idx=0), DictKey(key='ff_ln'), DictKey(key='scale'))
2026-06-02 18:46:24,241 -   Not masking out (DictKey(key='transformer'), SequenceKey(idx=0), DictKey(key='k_w'))
2026-06-02 18:46:24,241 -   Not masking out (DictKey(key='transformer'), SequenceKey(idx=0), DictKey(key='out_w'))
2026-06-02 18:46:24,241 -   Not masking out (DictKey(key='transformer'), SequenceKey(idx=0), DictKey(key='q_w'))
2026-06-02 18:46:24,241 -   Not masking out (DictKey(key='transformer'), SequenceKey(idx=0), DictKey(key='v_w'))
2026-06-02 18:46:24,241 -   Not masking out (DictKey(key='transformer'), SequenceKey(idx=1), DictKey(key='attn_ln'), DictKey(key='offset'))
2026-06-02 18:46:24,241 -   Not masking out (DictKey(key='transformer'), SequenceKey(idx=1), DictKey(key='attn_ln'), DictKey(key='scale'))
2026-06-02 18:46:24,241 -   Not masking out (DictKey(key='transformer'), SequenceKey(idx=1), DictKey(key='ff1'), DictKey(key='b'))
2026-06-02 18:46:24,241 -   Not masking out (DictKey(key='transformer'), SequenceKey(idx=1), DictKey(key='ff1'), DictKey(key='w'))
2026-06-02 18:46:24,241 -   Not masking out (DictKey(key='transformer'), SequenceKey(idx=1), DictKey(key='ff2'), DictKey(key='b'))
2026-06-02 18:46:24,241 -   Not masking out (DictKey(key='transformer'), SequenceKey(idx=1), DictKey(key='ff2'), DictKey(key='w'))
2026-06-02 18:46:24,241 -   Not masking out (DictKey(key='transformer'), SequenceKey(idx=1), DictKey(key='ff_ln'), DictKey(key='offset'))
2026-06-02 18:46:24,241 -   Not masking out (DictKey(key='transformer'), SequenceKey(idx=1), DictKey(key='ff_ln'), DictKey(key='scale'))
2026-06-02 18:46:24,241 -   Not masking out (DictKey(key='transformer'), SequenceKey(idx=1), DictKey(key='k_w'))
2026-06-02 18:46:24,241 -   Not masking out (DictKey(key='transformer'), SequenceKey(idx=1), DictKey(key='out_w'))
2026-06-02 18:46:24,241 -   Not masking out (DictKey(key='transformer'), SequenceKey(idx=1), DictKey(key='q_w'))
2026-06-02 18:46:24,241 -   Not masking out (DictKey(key='transformer'), SequenceKey(idx=1), DictKey(key='v_w'))
2026-06-02 18:46:24,241 -   Not masking out (DictKey(key='transformer'), SequenceKey(idx=2), DictKey(key='attn_ln'), DictKey(key='offset'))
2026-06-02 18:46:24,241 -   Not masking out (DictKey(key='transformer'), SequenceKey(idx=2), DictKey(key='attn_ln'), DictKey(key='scale'))
2026-06-02 18:46:24,241 -   Not masking out (DictKey(key='transformer'), SequenceKey(idx=2), DictKey(key='ff1'), DictKey(key='b'))
2026-06-02 18:46:24,241 -   Not masking out (DictKey(key='transformer'), SequenceKey(idx=2), DictKey(key='ff1'), DictKey(key='w'))
2026-06-02 18:46:24,241 -   Not masking out (DictKey(key='transformer'), SequenceKey(idx=2), DictKey(key='ff2'), DictKey(key='b'))
2026-06-02 18:46:24,241 -   Not masking out (DictKey(key='transformer'), SequenceKey(idx=2), DictKey(key='ff2'), DictKey(key='w'))
2026-06-02 18:46:24,241 -   Not masking out (DictKey(key='transformer'), SequenceKey(idx=2), DictKey(key='ff_ln'), DictKey(key='offset'))
2026-06-02 18:46:24,241 -   Not masking out (DictKey(key='transformer'), SequenceKey(idx=2), DictKey(key='ff_ln'), DictKey(key='scale'))
2026-06-02 18:46:24,241 -   Not masking out (DictKey(key='transformer'), SequenceKey(idx=2), DictKey(key='k_w'))
2026-06-02 18:46:24,241 -   Not masking out (DictKey(key='transformer'), SequenceKey(idx=2), DictKey(key='out_w'))
2026-06-02 18:46:24,241 -   Not masking out (DictKey(key='transformer'), SequenceKey(idx=2), DictKey(key='q_w'))
2026-06-02 18:46:24,241 -   Not masking out (DictKey(key='transformer'), SequenceKey(idx=2), DictKey(key='v_w'))
2026-06-02 18:46:26,089 - ==================================================
2026-06-02 18:46:26,089 - Graph parameter registrations:
2026-06-02 18:46:26,090 - {'embed': {'b': 'Auto[tag_variant=repeated_dense(0)|match_type=repeated_dense1_with_bias]',
2026-06-02 18:46:26,090 -            'w': 'Auto[tag_variant=repeated_dense(0)|match_type=repeated_dense1_with_bias]'},
2026-06-02 18:46:26,090 -  'ln': [],
2026-06-02 18:46:26,090 -  'phi': [[{'b': 'Auto[generic(0)]', 'w': 'Auto[generic(1)]'},
2026-06-02 18:46:26,090 -           {'b': 'Auto[generic(2)]', 'w': 'Auto[generic(3)]'}],
2026-06-02 18:46:26,090 -          [{'b': 'Auto[generic(4)]', 'w': 'Auto[generic(5)]'},
2026-06-02 18:46:26,090 -           {'b': 'Auto[generic(6)]', 'w': 'Auto[generic(7)]'}],
2026-06-02 18:46:26,090 -          [{'b': 'Auto[generic(8)]', 'w': 'Auto[generic(9)]'},
2026-06-02 18:46:26,090 -           {'b': 'Auto[generic(10)]', 'w': 'Auto[generic(11)]'}]],
2026-06-02 18:46:26,090 -  'rho': [{'b': 'Auto[tag_variant=dense(0)|match_type=dense_with_bias_no_reshape]',
2026-06-02 18:46:26,090 -           'w': 'Auto[tag_variant=dense(0)|match_type=dense_with_bias_no_reshape]'},
2026-06-02 18:46:26,090 -          {'b': 'Auto[tag_variant=dense(1)|match_type=dense_with_bias_no_reshape]',
2026-06-02 18:46:26,090 -           'w': 'Auto[tag_variant=dense(1)|match_type=dense_with_bias_no_reshape]'}],
2026-06-02 18:46:26,090 -  'transformer': [{'attn_ln': {'offset': 'Auto[tag_variant=scale_and_shift(0)|match_type=normalization_haiku_broadcast_1]',
2026-06-02 18:46:26,090 -                               'scale': 'Auto[tag_variant=scale_and_shift(0)|match_type=normalization_haiku_broadcast_1]'},
2026-06-02 18:46:26,090 -                   'ff1': {'b': 'Auto[tag_variant=repeated_dense(5)|match_type=repeated_dense1_with_bias]',
2026-06-02 18:46:26,090 -                           'w': 'Auto[tag_variant=repeated_dense(5)|match_type=repeated_dense1_with_bias]'},
2026-06-02 18:46:26,090 -                   'ff2': {'b': 'Auto[tag_variant=repeated_dense(6)|match_type=repeated_dense1_with_bias]',
2026-06-02 18:46:26,090 -                           'w': 'Auto[tag_variant=repeated_dense(6)|match_type=repeated_dense1_with_bias]'},
2026-06-02 18:46:26,090 -                   'ff_ln': {'offset': 'Auto[tag_variant=scale_and_shift(1)|match_type=normalization_haiku_broadcast_1]',
2026-06-02 18:46:26,090 -                             'scale': 'Auto[tag_variant=scale_and_shift(1)|match_type=normalization_haiku_broadcast_1]'},
2026-06-02 18:46:26,090 -                   'k_w': 'Auto[tag_variant=repeated_dense(2)|match_type=repeated_dense1_no_bias]',
2026-06-02 18:46:26,090 -                   'out_w': 'Auto[tag_variant=repeated_dense(4)|match_type=repeated_dense1_no_bias]',
2026-06-02 18:46:26,090 -                   'q_w': 'Auto[tag_variant=repeated_dense(1)|match_type=repeated_dense1_no_bias]',
2026-06-02 18:46:26,090 -                   'v_w': 'Auto[tag_variant=repeated_dense(3)|match_type=repeated_dense1_no_bias]'},
2026-06-02 18:46:26,090 -                  {'attn_ln': {'offset': 'Auto[tag_variant=scale_and_shift(2)|match_type=normalization_haiku_broadcast_1]',
2026-06-02 18:46:26,090 -                               'scale': 'Auto[tag_variant=scale_and_shift(2)|match_type=normalization_haiku_broadcast_1]'},
2026-06-02 18:46:26,090 -                   'ff1': {'b': 'Auto[tag_variant=repeated_dense(11)|match_type=repeated_dense1_with_bias]',
2026-06-02 18:46:26,090 -                           'w': 'Auto[tag_variant=repeated_dense(11)|match_type=repeated_dense1_with_bias]'},
2026-06-02 18:46:26,090 -                   'ff2': {'b': 'Auto[tag_variant=repeated_dense(12)|match_type=repeated_dense1_with_bias]',
2026-06-02 18:46:26,090 -                           'w': 'Auto[tag_variant=repeated_dense(12)|match_type=repeated_dense1_with_bias]'},
2026-06-02 18:46:26,091 -                   'ff_ln': {'offset': 'Auto[tag_variant=scale_and_shift(3)|match_type=normalization_haiku_broadcast_1]',
2026-06-02 18:46:26,091 -                             'scale': 'Auto[tag_variant=scale_and_shift(3)|match_type=normalization_haiku_broadcast_1]'},
2026-06-02 18:46:26,091 -                   'k_w': 'Auto[tag_variant=repeated_dense(8)|match_type=repeated_dense1_no_bias]',
2026-06-02 18:46:26,091 -                   'out_w': 'Auto[tag_variant=repeated_dense(10)|match_type=repeated_dense1_no_bias]',
2026-06-02 18:46:26,091 -                   'q_w': 'Auto[tag_variant=repeated_dense(7)|match_type=repeated_dense1_no_bias]',
2026-06-02 18:46:26,091 -                   'v_w': 'Auto[tag_variant=repeated_dense(9)|match_type=repeated_dense1_no_bias]'},
2026-06-02 18:46:26,091 -                  {'attn_ln': {'offset': 'Auto[tag_variant=scale_and_shift(4)|match_type=normalization_haiku_broadcast_1]',
2026-06-02 18:46:26,091 -                               'scale': 'Auto[tag_variant=scale_and_shift(4)|match_type=normalization_haiku_broadcast_1]'},
2026-06-02 18:46:26,091 -                   'ff1': {'b': 'Auto[tag_variant=repeated_dense(17)|match_type=repeated_dense1_with_bias]',
2026-06-02 18:46:26,091 -                           'w': 'Auto[tag_variant=repeated_dense(17)|match_type=repeated_dense1_with_bias]'},
2026-06-02 18:46:26,091 -                   'ff2': {'b': 'Auto[tag_variant=repeated_dense(18)|match_type=repeated_dense1_with_bias]',
2026-06-02 18:46:26,091 -                           'w': 'Auto[tag_variant=repeated_dense(18)|match_type=repeated_dense1_with_bias]'},
2026-06-02 18:46:26,091 -                   'ff_ln': {'offset': 'Auto[tag_variant=scale_and_shift(5)|match_type=normalization_haiku_broadcast_1]',
2026-06-02 18:46:26,091 -                             'scale': 'Auto[tag_variant=scale_and_shift(5)|match_type=normalization_haiku_broadcast_1]'},
2026-06-02 18:46:26,091 -                   'k_w': 'Auto[tag_variant=repeated_dense(14)|match_type=repeated_dense1_no_bias]',
2026-06-02 18:46:26,091 -                   'out_w': 'Auto[tag_variant=repeated_dense(16)|match_type=repeated_dense1_no_bias]',
2026-06-02 18:46:26,091 -                   'q_w': 'Auto[tag_variant=repeated_dense(13)|match_type=repeated_dense1_no_bias]',
2026-06-02 18:46:26,091 -                   'v_w': 'Auto[tag_variant=repeated_dense(15)|match_type=repeated_dense1_no_bias]'}]}
2026-06-02 18:46:26,091 - ==================================================
2026-06-02 18:46:26,102 - Graph registered losses:
2026-06-02 18:46:26,102 - NormalMeanNegativeLogProbLoss(mean=Var(id=140141967748992):float32[2048,1], variance=Literal(0.5), weight=Literal(1.0), normalize_log_prob=Literal(True))
2026-06-02 18:46:26,103 - ==================================================
2026-06-02 18:46:26,104 - BlockDiagonalCurvature blocks:
2026-06-02 18:46:26,104 - RepeatedDenseBlock(parameter_specs=['ab -> (a)b', 'a -> 1a'], parameters_concat_axis=0), tag name: Auto[tag_variant=repeated_dense(0)|match_type=repeated_dense1_with_bias], params shapes: ((5, 64), (64,))
2026-06-02 18:46:26,104 - NaiveDiagonal, tag name: Auto[generic(0)], params shapes: ((64,),)
2026-06-02 18:46:26,104 - NaiveDiagonal, tag name: Auto[generic(1)], params shapes: ((64, 64),)
2026-06-02 18:46:26,105 - NaiveDiagonal, tag name: Auto[generic(2)], params shapes: ((64,),)
2026-06-02 18:46:26,105 - NaiveDiagonal, tag name: Auto[generic(3)], params shapes: ((64, 64),)
2026-06-02 18:46:26,105 - NaiveDiagonal, tag name: Auto[generic(4)], params shapes: ((64,),)
2026-06-02 18:46:26,105 - NaiveDiagonal, tag name: Auto[generic(5)], params shapes: ((64, 64),)
2026-06-02 18:46:26,105 - NaiveDiagonal, tag name: Auto[generic(6)], params shapes: ((64,),)
2026-06-02 18:46:26,105 - NaiveDiagonal, tag name: Auto[generic(7)], params shapes: ((64, 64),)
2026-06-02 18:46:26,105 - NaiveDiagonal, tag name: Auto[generic(8)], params shapes: ((64,),)
2026-06-02 18:46:26,105 - NaiveDiagonal, tag name: Auto[generic(9)], params shapes: ((64, 64),)
2026-06-02 18:46:26,105 - NaiveDiagonal, tag name: Auto[generic(10)], params shapes: ((64,),)
2026-06-02 18:46:26,105 - NaiveDiagonal, tag name: Auto[generic(11)], params shapes: ((64, 64),)
2026-06-02 18:46:26,105 - DenseTwoKroneckerFactored(parameter_specs=['ab -> (a)b', 'a -> 1a'], parameters_concat_axis=0), tag name: Auto[tag_variant=dense(0)|match_type=dense_with_bias_no_reshape], params shapes: ((64, 64), (64,))
2026-06-02 18:46:26,105 - DenseTwoKroneckerFactored(parameter_specs=['ab -> (a)b', 'a -> 1a'], parameters_concat_axis=0), tag name: Auto[tag_variant=dense(1)|match_type=dense_with_bias_no_reshape], params shapes: ((64, 1), (1,))
2026-06-02 18:46:26,106 - ScaleAndShiftDiagonal, tag name: Auto[tag_variant=scale_and_shift(0)|match_type=normalization_haiku_broadcast_1], params shapes: ((64,), (64,))
2026-06-02 18:46:26,106 - RepeatedDenseBlock(parameter_specs=['ab -> (a)b', 'a -> 1a'], parameters_concat_axis=0), tag name: Auto[tag_variant=repeated_dense(5)|match_type=repeated_dense1_with_bias], params shapes: ((64, 256), (256,))
2026-06-02 18:46:26,106 - RepeatedDenseBlock(parameter_specs=['ab -> (a)b', 'a -> 1a'], parameters_concat_axis=0), tag name: Auto[tag_variant=repeated_dense(6)|match_type=repeated_dense1_with_bias], params shapes: ((256, 64), (64,))
2026-06-02 18:46:26,106 - ScaleAndShiftDiagonal, tag name: Auto[tag_variant=scale_and_shift(1)|match_type=normalization_haiku_broadcast_1], params shapes: ((64,), (64,))
2026-06-02 18:46:26,106 - RepeatedDenseBlock(parameter_specs=['ab -> (a)b'], parameters_concat_axis=0), tag name: Auto[tag_variant=repeated_dense(2)|match_type=repeated_dense1_no_bias], params shapes: ((64, 64),)
2026-06-02 18:46:26,106 - RepeatedDenseBlock(parameter_specs=['ab -> (a)b'], parameters_concat_axis=0), tag name: Auto[tag_variant=repeated_dense(4)|match_type=repeated_dense1_no_bias], params shapes: ((64, 64),)
2026-06-02 18:46:26,106 - RepeatedDenseBlock(parameter_specs=['ab -> (a)b'], parameters_concat_axis=0), tag name: Auto[tag_variant=repeated_dense(1)|match_type=repeated_dense1_no_bias], params shapes: ((64, 64),)
2026-06-02 18:46:26,106 - RepeatedDenseBlock(parameter_specs=['ab -> (a)b'], parameters_concat_axis=0), tag name: Auto[tag_variant=repeated_dense(3)|match_type=repeated_dense1_no_bias], params shapes: ((64, 64),)
2026-06-02 18:46:26,106 - ScaleAndShiftDiagonal, tag name: Auto[tag_variant=scale_and_shift(2)|match_type=normalization_haiku_broadcast_1], params shapes: ((64,), (64,))
2026-06-02 18:46:26,106 - RepeatedDenseBlock(parameter_specs=['ab -> (a)b', 'a -> 1a'], parameters_concat_axis=0), tag name: Auto[tag_variant=repeated_dense(11)|match_type=repeated_dense1_with_bias], params shapes: ((64, 256), (256,))
2026-06-02 18:46:26,107 - RepeatedDenseBlock(parameter_specs=['ab -> (a)b', 'a -> 1a'], parameters_concat_axis=0), tag name: Auto[tag_variant=repeated_dense(12)|match_type=repeated_dense1_with_bias], params shapes: ((256, 64), (64,))
2026-06-02 18:46:26,107 - ScaleAndShiftDiagonal, tag name: Auto[tag_variant=scale_and_shift(3)|match_type=normalization_haiku_broadcast_1], params shapes: ((64,), (64,))
2026-06-02 18:46:26,107 - RepeatedDenseBlock(parameter_specs=['ab -> (a)b'], parameters_concat_axis=0), tag name: Auto[tag_variant=repeated_dense(8)|match_type=repeated_dense1_no_bias], params shapes: ((64, 64),)
2026-06-02 18:46:26,107 - RepeatedDenseBlock(parameter_specs=['ab -> (a)b'], parameters_concat_axis=0), tag name: Auto[tag_variant=repeated_dense(10)|match_type=repeated_dense1_no_bias], params shapes: ((64, 64),)
2026-06-02 18:46:26,107 - RepeatedDenseBlock(parameter_specs=['ab -> (a)b'], parameters_concat_axis=0), tag name: Auto[tag_variant=repeated_dense(7)|match_type=repeated_dense1_no_bias], params shapes: ((64, 64),)
2026-06-02 18:46:26,107 - RepeatedDenseBlock(parameter_specs=['ab -> (a)b'], parameters_concat_axis=0), tag name: Auto[tag_variant=repeated_dense(9)|match_type=repeated_dense1_no_bias], params shapes: ((64, 64),)
2026-06-02 18:46:26,107 - ScaleAndShiftDiagonal, tag name: Auto[tag_variant=scale_and_shift(4)|match_type=normalization_haiku_broadcast_1], params shapes: ((64,), (64,))
2026-06-02 18:46:26,107 - RepeatedDenseBlock(parameter_specs=['ab -> (a)b', 'a -> 1a'], parameters_concat_axis=0), tag name: Auto[tag_variant=repeated_dense(17)|match_type=repeated_dense1_with_bias], params shapes: ((64, 256), (256,))
2026-06-02 18:46:26,107 - RepeatedDenseBlock(parameter_specs=['ab -> (a)b', 'a -> 1a'], parameters_concat_axis=0), tag name: Auto[tag_variant=repeated_dense(18)|match_type=repeated_dense1_with_bias], params shapes: ((256, 64), (64,))
2026-06-02 18:46:26,107 - ScaleAndShiftDiagonal, tag name: Auto[tag_variant=scale_and_shift(5)|match_type=normalization_haiku_broadcast_1], params shapes: ((64,), (64,))
2026-06-02 18:46:26,108 - RepeatedDenseBlock(parameter_specs=['ab -> (a)b'], parameters_concat_axis=0), tag name: Auto[tag_variant=repeated_dense(14)|match_type=repeated_dense1_no_bias], params shapes: ((64, 64),)
2026-06-02 18:46:26,108 - RepeatedDenseBlock(parameter_specs=['ab -> (a)b'], parameters_concat_axis=0), tag name: Auto[tag_variant=repeated_dense(16)|match_type=repeated_dense1_no_bias], params shapes: ((64, 64),)
2026-06-02 18:46:26,108 - RepeatedDenseBlock(parameter_specs=['ab -> (a)b'], parameters_concat_axis=0), tag name: Auto[tag_variant=repeated_dense(13)|match_type=repeated_dense1_no_bias], params shapes: ((64, 64),)
2026-06-02 18:46:26,108 - RepeatedDenseBlock(parameter_specs=['ab -> (a)b'], parameters_concat_axis=0), tag name: Auto[tag_variant=repeated_dense(15)|match_type=repeated_dense1_no_bias], params shapes: ((64, 64),)
2026-06-02 18:46:26,108 - ==================================================
2026-06-02 18:46:38,093 - Step 00500: 3434.1846 E_h, exp. variance=11683461.0000 E_h^2, pmove=0.98
2026-06-02 18:46:38,732 - Step 00501: 1060.6819 E_h, exp. variance=11266065.0000 E_h^2, pmove=0.98
2026-06-02 18:46:39,369 - Step 00502: 2128.4048 E_h, exp. variance=10350690.0000 E_h^2, pmove=0.97
2026-06-02 18:46:40,007 - Step 00503: 1872.8578 E_h, exp. variance=9556019.0000 E_h^2, pmove=0.96
2026-06-02 18:46:40,643 - Step 00504: 1732.2533 E_h, exp. variance=8834145.0000 E_h^2, pmove=0.95
2026-06-02 18:46:41,282 - Step 00505: 1333.2957 E_h, exp. variance=8258529.5000 E_h^2, pmove=0.94
2026-06-02 18:46:41,920 - Step 00506: 1927.0137 E_h, exp. variance=7535847.0000 E_h^2, pmove=0.96
2026-06-02 18:46:42,557 - Step 00507: 1212.4136 E_h, exp. variance=7035735.5000 E_h^2, pmove=0.96
2026-06-02 18:46:43,195 - Step 00508: 8314.5361 E_h, exp. variance=9146240.0000 E_h^2, pmove=0.95
2026-06-02 18:46:43,833 - Step 00509: 1865.5620 E_h, exp. variance=8412176.0000 E_h^2, pmove=0.94
2026-06-02 18:46:44,470 - Step 00510: 1332.2810 E_h, exp. variance=7865172.0000 E_h^2, pmove=0.95
2026-06-02 18:46:45,108 - Step 00511: 2311.8276 E_h, exp. variance=7116411.0000 E_h^2, pmove=0.94
2026-06-02 18:46:45,745 - Step 00512: 3005.4714 E_h, exp. variance=6405873.0000 E_h^2, pmove=0.95
2026-06-02 18:46:46,383 - Step 00513: 3759.3550 E_h, exp. variance=5830851.5000 E_h^2, pmove=0.95
2026-06-02 18:46:47,020 - Step 00514: 2343.8835 E_h, exp. variance=5285476.0000 E_h^2, pmove=0.94
2026-06-02 18:46:47,658 - Step 00515: 680.4698 E_h, exp. variance=5210927.0000 E_h^2, pmove=0.94
2026-06-02 18:46:48,295 - Step 00516: 2085.1821 E_h, exp. variance=4724059.5000 E_h^2, pmove=0.93
2026-06-02 18:46:48,933 - Step 00517: 1790.3126 E_h, exp. variance=4316659.0000 E_h^2, pmove=0.94
2026-06-02 18:46:49,571 - Step 00518: 7661.8638 E_h, exp. variance=6232015.5000 E_h^2, pmove=0.96
2026-06-02 18:46:50,209 - Step 00519: 6148.6802 E_h, exp. variance=6464151.5000 E_h^2, pmove=0.96
2026-06-02 18:46:50,846 - Step 00520: 937.5555 E_h, exp. variance=6352064.0000 E_h^2, pmove=0.95
2026-06-02 18:46:51,484 - Step 00521: 2795.5754 E_h, exp. variance=5726952.5000 E_h^2, pmove=0.96
2026-06-02 18:46:52,121 - Step 00522: 2818.1316 E_h, exp. variance=5161256.0000 E_h^2, pmove=0.95
2026-06-02 18:46:52,758 - Step 00523: 15976.3867 E_h, exp. variance=19638932.0000 E_h^2, pmove=0.96
2026-06-02 18:46:53,394 - Step 00524: 2416.6790 E_h, exp. variance=18014866.0000 E_h^2, pmove=0.96
2026-06-02 18:46:54,031 - Step 00525: 1361.4893 E_h, exp. variance=16921012.0000 E_h^2, pmove=0.95
2026-06-02 18:46:54,667 - Step 00526: 1161.6624 E_h, exp. variance=15896458.0000 E_h^2, pmove=0.94
2026-06-02 18:46:55,304 - Step 00527: 5403.3682 E_h, exp. variance=14595373.0000 E_h^2, pmove=0.95
2026-06-02 18:46:55,944 - Step 00528: 1302.2520 E_h, exp. variance=13693656.0000 E_h^2, pmove=0.94
2026-06-02 18:46:56,581 - Step 00529: 4709.9980 E_h, exp. variance=12446886.0000 E_h^2, pmove=0.95
2026-06-02 18:46:57,220 - Step 00530: 1554.3357 E_h, exp. variance=11601084.0000 E_h^2, pmove=0.95
2026-06-02 18:46:57,857 - Step 00531: 4237.6958 E_h, exp. variance=10496950.0000 E_h^2, pmove=0.94
2026-06-02 18:46:58,494 - Step 00532: 3149.2637 E_h, exp. variance=9460159.0000 E_h^2, pmove=0.96
2026-06-02 18:46:59,131 - Step 00533: 1103.3376 E_h, exp. variance=9026822.0000 E_h^2, pmove=0.96
2026-06-02 18:46:59,770 - Step 00534: 1327.3210 E_h, exp. variance=8457322.0000 E_h^2, pmove=0.96
2026-06-02 18:47:00,408 - Step 00535: 1915.5229 E_h, exp. variance=7729263.5000 E_h^2, pmove=0.96
2026-06-02 18:47:01,045 - Step 00536: 1682.5197 E_h, exp. variance=7099701.0000 E_h^2, pmove=0.95
2026-06-02 18:47:01,681 - Step 00537: 2937.2832 E_h, exp. variance=6391002.5000 E_h^2, pmove=0.94
2026-06-02 18:47:02,320 - Step 00538: 2303.9146 E_h, exp. variance=5776840.0000 E_h^2, pmove=0.93
2026-06-02 18:47:02,956 - Step 00539: 4337.6265 E_h, exp. variance=5418167.5000 E_h^2, pmove=0.94
2026-06-02 18:47:03,594 - Step 00540: 1427.3210 E_h, exp. variance=5080567.0000 E_h^2, pmove=0.94
2026-06-02 18:47:04,231 - Step 00541: 13432.5537 E_h, exp. variance=14779621.0000 E_h^2, pmove=0.92
2026-06-02 18:47:04,868 - Step 00542: 1115.6161 E_h, exp. variance=13973583.0000 E_h^2, pmove=0.91
2026-06-02 18:47:05,505 - Step 00543: 679.2568 E_h, exp. variance=13330772.0000 E_h^2, pmove=0.89
2026-06-02 18:47:06,142 - Step 00544: 7669.3481 E_h, exp. variance=13727565.0000 E_h^2, pmove=0.90
2026-06-02 18:47:06,779 - Step 00545: 2708.7258 E_h, exp. variance=12447507.0000 E_h^2, pmove=0.89
2026-06-02 18:47:07,418 - Step 00546: 832.8547 E_h, exp. variance=11902958.0000 E_h^2, pmove=0.91
2026-06-02 18:47:08,056 - Step 00547: 4753.7119 E_h, exp. variance=10891721.0000 E_h^2, pmove=0.91
2026-06-02 18:47:08,693 - Step 00548: 2002.3594 E_h, exp. variance=10000188.0000 E_h^2, pmove=0.92
2026-06-02 18:47:09,331 - Step 00549: 868.1457 E_h, exp. variance=9548323.0000 E_h^2, pmove=0.91
2026-06-02 18:47:09,969 - Step 00550: 1079.4399 E_h, exp. variance=8957037.0000 E_h^2, pmove=0.90
2026-06-02 18:47:10,606 - Step 00551: 1394.7039 E_h, exp. variance=8262104.0000 E_h^2, pmove=0.89
2026-06-02 18:47:11,243 - Step 00552: 9269.1172 E_h, exp. variance=11273798.0000 E_h^2, pmove=0.89
2026-06-02 18:47:11,880 - Step 00553: 3288.8662 E_h, exp. variance=10147375.0000 E_h^2, pmove=0.90
2026-06-02 18:47:12,518 - Step 00554: 1205.1533 E_h, exp. variance=9558975.0000 E_h^2, pmove=0.91
2026-06-02 18:47:13,157 - Step 00555: 2408.5156 E_h, exp. variance=8654444.0000 E_h^2, pmove=0.92
2026-06-02 18:47:13,794 - Step 00556: 3774.5723 E_h, exp. variance=7831368.5000 E_h^2, pmove=0.92
2026-06-02 18:47:14,432 - Step 00557: 2551.6831 E_h, exp. variance=7081214.0000 E_h^2, pmove=0.92
2026-06-02 18:47:15,069 - Step 00558: 3113.1882 E_h, exp. variance=6373117.5000 E_h^2, pmove=0.91
2026-06-02 18:47:15,706 - Step 00559: 2592.2185 E_h, exp. variance=5758845.5000 E_h^2, pmove=0.90
2026-06-02 18:47:16,343 - Step 00560: 9010.2510 E_h, exp. variance=8382762.0000 E_h^2, pmove=0.90
2026-06-02 18:47:16,980 - Step 00561: 3386.4573 E_h, exp. variance=7550448.0000 E_h^2, pmove=0.91
2026-06-02 18:47:17,620 - Step 00562: 5635.5059 E_h, exp. variance=7161691.0000 E_h^2, pmove=0.91
2026-06-02 18:47:18,258 - Step 00563: 16941.9160 E_h, exp. variance=21942490.0000 E_h^2, pmove=0.91
2026-06-02 18:47:18,895 - Step 00564: 1755.1902 E_h, exp. variance=20774534.0000 E_h^2, pmove=0.92
2026-06-02 18:47:19,532 - Step 00565: 622.2512 E_h, exp. variance=20263674.0000 E_h^2, pmove=0.91
2026-06-02 18:47:20,169 - Step 00566: 1441.4415 E_h, exp. variance=19012968.0000 E_h^2, pmove=0.88
2026-06-02 18:47:20,807 - Step 00567: 1013.0898 E_h, exp. variance=17960188.0000 E_h^2, pmove=0.88
2026-06-02 18:47:21,444 - Step 00568: 1890.8641 E_h, exp. variance=16484187.0000 E_h^2, pmove=0.86
2026-06-02 18:47:22,085 - Step 00569: 2290.5625 E_h, exp. variance=14987262.0000 E_h^2, pmove=0.86
2026-06-02 18:47:22,724 - Step 00570: 2929.5510 E_h, exp. variance=13513690.0000 E_h^2, pmove=0.85
2026-06-02 18:47:23,361 - Step 00571: 4561.9653 E_h, exp. variance=12282716.0000 E_h^2, pmove=0.85
2026-06-02 18:47:23,999 - Step 00572: 1010.7736 E_h, exp. variance=11621566.0000 E_h^2, pmove=0.89
2026-06-02 18:47:24,637 - Step 00573: 5881.4902 E_h, exp. variance=11073199.0000 E_h^2, pmove=0.91
2026-06-02 18:47:25,274 - Step 00574: 1881.1196 E_h, exp. variance=10210912.0000 E_h^2, pmove=0.90
2026-06-02 18:47:25,912 - Step 00575: 11408.5234 E_h, exp. variance=15011008.0000 E_h^2, pmove=0.92
2026-06-02 18:47:26,549 - Step 00576: 1598.2965 E_h, exp. variance=14105314.0000 E_h^2, pmove=0.93
2026-06-02 18:47:27,190 - Step 00577: 1226.0066 E_h, exp. variance=13344661.0000 E_h^2, pmove=0.92
2026-06-02 18:47:27,827 - Step 00578: 4263.1934 E_h, exp. variance=12044649.0000 E_h^2, pmove=0.91
2026-06-02 18:47:28,465 - Step 00579: 1462.9877 E_h, exp. variance=11293117.0000 E_h^2, pmove=0.89
2026-06-02 18:47:29,103 - Step 00580: 4071.3955 E_h, exp. variance=10195070.0000 E_h^2, pmove=0.91
2026-06-02 18:47:29,741 - Step 00581: 1474.6282 E_h, exp. variance=9559829.0000 E_h^2, pmove=0.91
2026-06-02 18:47:30,379 - Step 00582: 6359.2637 E_h, exp. variance=9427379.0000 E_h^2, pmove=0.90
2026-06-02 18:47:31,016 - Step 00583: 1260.9572 E_h, exp. variance=8992658.0000 E_h^2, pmove=0.90
2026-06-02 18:47:31,654 - Step 00584: 1586.2555 E_h, exp. variance=8389207.0000 E_h^2, pmove=0.89
2026-06-02 18:47:32,295 - Step 00585: 5536.5615 E_h, exp. variance=8034135.0000 E_h^2, pmove=0.88
2026-06-02 18:47:32,935 - Step 00586: 10355.2969 E_h, exp. variance=11522470.0000 E_h^2, pmove=0.89
2026-06-02 18:47:33,573 - Step 00587: 2867.3689 E_h, exp. variance=10516063.0000 E_h^2, pmove=0.89
2026-06-02 18:47:34,210 - Step 00588: 5578.1240 E_h, exp. variance=9684911.0000 E_h^2, pmove=0.89
2026-06-02 18:47:34,847 - Step 00589: 2041.1930 E_h, exp. variance=9124110.0000 E_h^2, pmove=0.89
2026-06-02 18:47:35,484 - Step 00590: 1264.7115 E_h, exp. variance=8863917.0000 E_h^2, pmove=0.89
2026-06-02 18:47:36,123 - Step 00591: 6222.0723 E_h, exp. variance=8555684.0000 E_h^2, pmove=0.89
2026-06-02 18:47:36,760 - Step 00592: 1441.2122 E_h, exp. variance=8262505.5000 E_h^2, pmove=0.88
2026-06-02 18:47:37,400 - Step 00593: 1472.5741 E_h, exp. variance=7879179.5000 E_h^2, pmove=0.88
2026-06-02 18:47:38,037 - Step 00594: 1964.8672 E_h, exp. variance=7294919.5000 E_h^2, pmove=0.87
2026-06-02 18:47:38,675 - Step 00595: 7254.7334 E_h, exp. variance=7959724.0000 E_h^2, pmove=0.87
2026-06-02 18:47:39,311 - Step 00596: 1861.8999 E_h, exp. variance=7471917.5000 E_h^2, pmove=0.89
2026-06-02 18:47:39,956 - Step 00597: 1128.7616 E_h, exp. variance=7242486.0000 E_h^2, pmove=0.89
2026-06-02 18:47:40,594 - Step 00598: 1219.1846 E_h, exp. variance=6903224.5000 E_h^2, pmove=0.90
2026-06-02 18:47:41,232 - Step 00599: 3963.9846 E_h, exp. variance=6283134.5000 E_h^2, pmove=0.87
2026-06-02 18:47:41,871 - Step 00600: 7069.7075 E_h, exp. variance=7024257.5000 E_h^2, pmove=0.85
2026-06-02 18:47:42,509 - Step 00601: 1218.4672 E_h, exp. variance=6814868.0000 E_h^2, pmove=0.87
2026-06-02 18:47:43,148 - Step 00602: 1490.5608 E_h, exp. variance=6436234.0000 E_h^2, pmove=0.84
2026-06-02 18:47:43,786 - Step 00603: 1884.0094 E_h, exp. variance=5934931.0000 E_h^2, pmove=0.82
2026-06-02 18:47:44,423 - Step 00604: 6423.9824 E_h, exp. variance=6386868.5000 E_h^2, pmove=0.86
2026-06-02 18:47:45,061 - Step 00605: 2890.0115 E_h, exp. variance=5767774.5000 E_h^2, pmove=0.83
2026-06-02 18:47:45,699 - Step 00606: 2488.4453 E_h, exp. variance=5251733.0000 E_h^2, pmove=0.85
2026-06-02 18:47:46,337 - Step 00607: 2360.0701 E_h, exp. variance=4794323.5000 E_h^2, pmove=0.86
2026-06-02 18:47:46,975 - Step 00608: 3344.2681 E_h, exp. variance=4318609.0000 E_h^2, pmove=0.86
2026-06-02 18:47:47,614 - Step 00609: 1369.6892 E_h, exp. variance=4175649.0000 E_h^2, pmove=0.86
2026-06-02 18:47:48,251 - Step 00610: 1982.4268 E_h, exp. variance=3848038.5000 E_h^2, pmove=0.85
2026-06-02 18:47:48,889 - Step 00611: 4279.0654 E_h, exp. variance=3638845.5000 E_h^2, pmove=0.84
2026-06-02 18:47:49,528 - Step 00612: 1002.5674 E_h, exp. variance=3641949.2500 E_h^2, pmove=0.83
2026-06-02 18:47:50,166 - Step 00613: 1594.0240 E_h, exp. variance=3413015.7500 E_h^2, pmove=0.86
2026-06-02 18:47:50,804 - Step 00614: 2072.4819 E_h, exp. variance=3106856.7500 E_h^2, pmove=0.85
2026-06-02 18:47:51,442 - Step 00615: 886.6194 E_h, exp. variance=3071246.2500 E_h^2, pmove=0.86
2026-06-02 18:47:52,079 - Step 00616: 4865.2114 E_h, exp. variance=3284754.5000 E_h^2, pmove=0.85
2026-06-02 18:47:52,718 - Step 00617: 481.6738 E_h, exp. variance=3399391.7500 E_h^2, pmove=0.85
2026-06-02 18:47:53,356 - Step 00618: 2127.2817 E_h, exp. variance=3070565.5000 E_h^2, pmove=0.85
2026-06-02 18:47:53,994 - Step 00619: 1029.3441 E_h, exp. variance=2943503.2500 E_h^2, pmove=0.86
2026-06-02 18:47:54,632 - Step 00620: 4057.8452 E_h, exp. variance=2926585.2500 E_h^2, pmove=0.86
2026-06-02 18:47:55,269 - Step 00621: 4127.0840 E_h, exp. variance=2878771.7500 E_h^2, pmove=0.87
2026-06-02 18:47:55,907 - Step 00622: 3741.8708 E_h, exp. variance=2699644.5000 E_h^2, pmove=0.86
2026-06-02 18:47:56,544 - Step 00623: 687.0739 E_h, exp. variance=2813638.5000 E_h^2, pmove=0.86
2026-06-02 18:47:57,185 - Step 00624: 2147.6921 E_h, exp. variance=2546553.2500 E_h^2, pmove=0.85
2026-06-02 18:47:57,823 - Step 00625: 696.8282 E_h, exp. variance=2586533.7500 E_h^2, pmove=0.84
2026-06-02 18:47:58,461 - Step 00626: 1504.0764 E_h, exp. variance=2388568.2500 E_h^2, pmove=0.85
2026-06-02 18:47:59,099 - Step 00627: 438.1086 E_h, exp. variance=2442938.2500 E_h^2, pmove=0.85
2026-06-02 18:47:59,737 - Step 00628: 1201.4596 E_h, exp. variance=2265388.2500 E_h^2, pmove=0.84
2026-06-02 18:48:00,376 - Step 00629: 4716.1685 E_h, exp. variance=2714367.0000 E_h^2, pmove=0.83
2026-06-02 18:48:01,015 - Step 00630: 2540.2212 E_h, exp. variance=2450486.2500 E_h^2, pmove=0.85
2026-06-02 18:48:01,653 - Step 00631: 1758.2607 E_h, exp. variance=2229884.7500 E_h^2, pmove=0.85
2026-06-02 18:48:02,293 - Step 00632: 1339.3970 E_h, exp. variance=2077854.2500 E_h^2, pmove=0.84
2026-06-02 18:48:02,931 - Step 00633: 1939.4703 E_h, exp. variance=1873635.1250 E_h^2, pmove=0.84
2026-06-02 18:48:03,569 - Step 00634: 1356.5530 E_h, exp. variance=1738539.8750 E_h^2, pmove=0.83
2026-06-02 18:48:04,207 - Step 00635: 678.1211 E_h, exp. variance=1732204.1250 E_h^2, pmove=0.83
2026-06-02 18:48:04,846 - Step 00636: 1097.8508 E_h, exp. variance=1617761.7500 E_h^2, pmove=0.82
2026-06-02 18:48:05,486 - Step 00637: 1712.9846 E_h, exp. variance=1457118.3750 E_h^2, pmove=0.81
2026-06-02 18:48:06,125 - Step 00638: 6093.0649 E_h, exp. variance=2959375.0000 E_h^2, pmove=0.81
2026-06-02 18:48:06,765 - Step 00639: 811.3130 E_h, exp. variance=2847621.5000 E_h^2, pmove=0.81
2026-06-02 18:48:07,405 - Step 00640: 1776.6547 E_h, exp. variance=2572200.0000 E_h^2, pmove=0.80
2026-06-02 18:48:08,043 - Step 00641: 2287.1189 E_h, exp. variance=2319356.7500 E_h^2, pmove=0.81
2026-06-02 18:48:08,682 - Step 00642: 1143.3411 E_h, exp. variance=2167845.7500 E_h^2, pmove=0.84
2026-06-02 18:48:09,321 - Step 00643: 1438.9045 E_h, exp. variance=1978804.7500 E_h^2, pmove=0.83
2026-06-02 18:48:09,959 - Step 00644: 738.9153 E_h, exp. variance=1910455.6250 E_h^2, pmove=0.83
2026-06-02 18:48:10,597 - Step 00645: 1718.7163 E_h, exp. variance=1720308.5000 E_h^2, pmove=0.82
2026-06-02 18:48:11,236 - Step 00646: 6394.3115 E_h, exp. variance=3440834.0000 E_h^2, pmove=0.83
2026-06-02 18:48:11,876 - Step 00647: 1764.9386 E_h, exp. variance=3119455.0000 E_h^2, pmove=0.82
2026-06-02 18:48:12,514 - Step 00648: 9215.4150 E_h, exp. variance=7215539.5000 E_h^2, pmove=0.82
2026-06-02 18:48:13,153 - Step 00649: 2028.0056 E_h, exp. variance=6565085.0000 E_h^2, pmove=0.81
2026-06-02 18:48:13,791 - Step 00650: 6946.2617 E_h, exp. variance=7435027.5000 E_h^2, pmove=0.82
2026-06-02 18:48:14,428 - Step 00651: 2275.5513 E_h, exp. variance=6775200.0000 E_h^2, pmove=0.80
2026-06-02 18:48:15,067 - Step 00652: 919.1873 E_h, exp. variance=6542901.0000 E_h^2, pmove=0.83
2026-06-02 18:48:15,705 - Step 00653: 629.6178 E_h, exp. variance=6361122.5000 E_h^2, pmove=0.82
2026-06-02 18:48:16,343 - Step 00654: 3543.6143 E_h, exp. variance=5790312.5000 E_h^2, pmove=0.81
2026-06-02 18:48:16,984 - Step 00655: 2440.6028 E_h, exp. variance=5221464.5000 E_h^2, pmove=0.79
2026-06-02 18:48:17,621 - Step 00656: 4749.6797 E_h, exp. variance=5061601.5000 E_h^2, pmove=0.79
2026-06-02 18:48:18,266 - Step 00657: 1151.7969 E_h, exp. variance=4844513.5000 E_h^2, pmove=0.79
2026-06-02 18:48:18,905 - Step 00658: 1652.8933 E_h, exp. variance=4471324.5000 E_h^2, pmove=0.80
2026-06-02 18:48:19,544 - Step 00659: 1162.6433 E_h, exp. variance=4224250.5000 E_h^2, pmove=0.79
2026-06-02 18:48:20,182 - Step 00660: 10149.8262 E_h, exp. variance=9062443.0000 E_h^2, pmove=0.78
2026-06-02 18:48:20,820 - Step 00661: 6898.8052 E_h, exp. variance=9341982.0000 E_h^2, pmove=0.79
2026-06-02 18:48:21,460 - Step 00662: 1053.0325 E_h, exp. variance=9006378.0000 E_h^2, pmove=0.78
2026-06-02 18:48:22,098 - Step 00663: 1395.3953 E_h, exp. variance=8458114.0000 E_h^2, pmove=0.80
2026-06-02 18:48:22,736 - Step 00664: 526.9239 E_h, exp. variance=8243995.5000 E_h^2, pmove=0.80
2026-06-02 18:48:23,376 - Step 00665: 1130.3079 E_h, exp. variance=7705069.0000 E_h^2, pmove=0.77
2026-06-02 18:48:24,014 - Step 00666: 11771.5273 E_h, exp. variance=14286785.0000 E_h^2, pmove=0.77
2026-06-02 18:48:24,656 - Step 00667: 653.8601 E_h, exp. variance=13659044.0000 E_h^2, pmove=0.75
2026-06-02 18:48:25,295 - Step 00668: 1583.5242 E_h, exp. variance=12570401.0000 E_h^2, pmove=0.71
2026-06-02 18:48:25,935 - Step 00669: 1401.9434 E_h, exp. variance=11592541.0000 E_h^2, pmove=0.72
2026-06-02 18:48:26,574 - Step 00670: 931.0998 E_h, exp. variance=10813718.0000 E_h^2, pmove=0.72
2026-06-02 18:48:27,213 - Step 00671: 613.6532 E_h, exp. variance=10155296.0000 E_h^2, pmove=0.72
2026-06-02 18:48:27,852 - Step 00672: 2199.0525 E_h, exp. variance=9151798.0000 E_h^2, pmove=0.72
2026-06-02 18:48:28,490 - Step 00673: 698.5034 E_h, exp. variance=8537895.0000 E_h^2, pmove=0.69
2026-06-02 18:48:29,128 - Step 00674: 1039.3325 E_h, exp. variance=7837573.5000 E_h^2, pmove=0.69
2026-06-02 18:48:29,767 - Step 00675: 1244.5339 E_h, exp. variance=7138505.0000 E_h^2, pmove=0.68
2026-06-02 18:48:30,408 - Step 00676: 1559.4617 E_h, exp. variance=6452688.5000 E_h^2, pmove=0.69
2026-06-02 18:48:31,047 - Step 00677: 18613.9512 E_h, exp. variance=30465158.0000 E_h^2, pmove=0.68
2026-06-02 18:48:31,686 - Step 00678: 1668.6865 E_h, exp. variance=27796238.0000 E_h^2, pmove=0.69
2026-06-02 18:48:32,325 - Step 00679: 4526.1914 E_h, exp. variance=25109158.0000 E_h^2, pmove=0.68
2026-06-02 18:48:32,964 - Step 00680: 3433.1892 E_h, exp. variance=22601170.0000 E_h^2, pmove=0.71
2026-06-02 18:48:33,601 - Step 00681: 1772.6567 E_h, exp. variance=20640108.0000 E_h^2, pmove=0.68
2026-06-02 18:48:34,240 - Step 00682: 1557.1488 E_h, exp. variance=18886152.0000 E_h^2, pmove=0.69
2026-06-02 18:48:34,878 - Step 00683: 1163.8571 E_h, exp. variance=17380858.0000 E_h^2, pmove=0.69
2026-06-02 18:48:35,520 - Step 00684: 1859.0740 E_h, exp. variance=15764331.0000 E_h^2, pmove=0.69
2026-06-02 18:48:36,158 - Step 00685: 1073.2324 E_h, exp. variance=14489892.0000 E_h^2, pmove=0.68
2026-06-02 18:48:36,797 - Step 00686: 1622.7229 E_h, exp. variance=13149630.0000 E_h^2, pmove=0.69
2026-06-02 18:48:37,436 - Step 00687: 1085.4471 E_h, exp. variance=12044383.0000 E_h^2, pmove=0.71
2026-06-02 18:48:38,076 - Step 00688: 2727.4536 E_h, exp. variance=10846416.0000 E_h^2, pmove=0.70
2026-06-02 18:48:38,714 - Step 00689: 1250.2933 E_h, exp. variance=9899225.0000 E_h^2, pmove=0.71
2026-06-02 18:48:39,352 - Step 00690: 12058.2451 E_h, exp. variance=17369932.0000 E_h^2, pmove=0.71
2026-06-02 18:48:39,994 - Step 00691: 1928.8124 E_h, exp. variance=15810166.0000 E_h^2, pmove=0.71
2026-06-02 18:48:40,632 - Step 00692: 1172.2743 E_h, exp. variance=14596201.0000 E_h^2, pmove=0.71
2026-06-02 18:48:41,271 - Step 00693: 758.4015 E_h, exp. variance=13584710.0000 E_h^2, pmove=0.73
2026-06-02 18:48:41,909 - Step 00694: 1481.9067 E_h, exp. variance=12374795.0000 E_h^2, pmove=0.73
2026-06-02 18:48:42,547 - Step 00695: 972.6548 E_h, exp. variance=11386979.0000 E_h^2, pmove=0.73
2026-06-02 18:48:43,186 - Step 00696: 3042.3301 E_h, exp. variance=10277592.0000 E_h^2, pmove=0.71
2026-06-02 18:48:43,824 - Step 00697: 938.3348 E_h, exp. variance=9477470.0000 E_h^2, pmove=0.72
2026-06-02 18:48:44,466 - Step 00698: 6725.1270 E_h, exp. variance=10237019.0000 E_h^2, pmove=0.72
2026-06-02 18:48:45,107 - Step 00699: 744.7861 E_h, exp. variance=9595402.0000 E_h^2, pmove=0.72
2026-06-02 18:48:45,746 - Step 00700: 502.5623 E_h, exp. variance=9031484.0000 E_h^2, pmove=0.73
2026-06-02 18:48:46,384 - Step 00701: 5379.5063 E_h, exp. variance=8932939.0000 E_h^2, pmove=0.73
2026-06-02 18:48:47,022 - Step 00702: 1745.1123 E_h, exp. variance=8119746.0000 E_h^2, pmove=0.74
2026-06-02 18:48:47,660 - Step 00703: 1139.2898 E_h, exp. variance=7498273.5000 E_h^2, pmove=0.74
2026-06-02 18:48:48,298 - Step 00704: 865.0246 E_h, exp. variance=6974164.5000 E_h^2, pmove=0.74
2026-06-02 18:48:48,939 - Step 00705: 832.3921 E_h, exp. variance=6468048.0000 E_h^2, pmove=0.74
2026-06-02 18:48:49,577 - Step 00706: 1836.5237 E_h, exp. variance=5829781.0000 E_h^2, pmove=0.73
2026-06-02 18:48:50,215 - Step 00707: 1880.8000 E_h, exp. variance=5251685.5000 E_h^2, pmove=0.73
2026-06-02 18:48:50,854 - Step 00708: 1746.0718 E_h, exp. variance=4737189.5000 E_h^2, pmove=0.75
2026-06-02 18:48:51,493 - Step 00709: 3811.4001 E_h, exp. variance=4540799.5000 E_h^2, pmove=0.72
2026-06-02 18:48:52,131 - Step 00710: 2864.9329 E_h, exp. variance=4122826.5000 E_h^2, pmove=0.74
2026-06-02 18:48:52,769 - Step 00711: 4682.8115 E_h, exp. variance=4223744.5000 E_h^2, pmove=0.71
2026-06-02 18:48:53,408 - Step 00712: 966.8400 E_h, exp. variance=4022316.2500 E_h^2, pmove=0.72
2026-06-02 18:48:54,048 - Step 00713: 1097.2739 E_h, exp. variance=3767474.5000 E_h^2, pmove=0.72
2026-06-02 18:48:54,686 - Step 00714: 4227.2607 E_h, exp. variance=3742937.5000 E_h^2, pmove=0.70
2026-06-02 18:48:55,340 - Step 00715: 1937.6254 E_h, exp. variance=3391980.7500 E_h^2, pmove=0.71
2026-06-02 18:48:55,978 - Step 00716: 5608.2471 E_h, exp. variance=3981496.7500 E_h^2, pmove=0.72
2026-06-02 18:48:56,617 - Step 00717: 2812.0452 E_h, exp. variance=3584157.5000 E_h^2, pmove=0.72
2026-06-02 18:48:57,256 - Step 00718: 1530.4015 E_h, exp. variance=3354530.7500 E_h^2, pmove=0.74
2026-06-02 18:48:57,896 - Step 00719: 2506.7461 E_h, exp. variance=3019982.5000 E_h^2, pmove=0.71
2026-06-02 18:48:58,541 - Step 00720: 1477.3374 E_h, exp. variance=2830810.2500 E_h^2, pmove=0.70
2026-06-02 18:48:59,180 - Step 00721: 1508.0010 E_h, exp. variance=2633641.0000 E_h^2, pmove=0.72
2026-06-02 18:48:59,819 - Step 00722: 3648.0435 E_h, exp. variance=2513324.5000 E_h^2, pmove=0.73
2026-06-02 18:49:00,458 - Step 00723: 901.2331 E_h, exp. variance=2495907.7500 E_h^2, pmove=0.72
2026-06-02 18:49:01,097 - Step 00724: 3832.8667 E_h, exp. variance=2443636.2500 E_h^2, pmove=0.71
2026-06-02 18:49:01,736 - Step 00725: 8550.6523 E_h, exp. variance=5493939.0000 E_h^2, pmove=0.70
2026-06-02 18:49:02,875 - Step 00726: 624.7811 E_h, exp. variance=5498307.5000 E_h^2, pmove=0.68
2026-06-02 18:49:03,515 - Step 00727: 550.2264 E_h, exp. variance=5427483.5000 E_h^2, pmove=0.69
2026-06-02 18:49:04,155 - Step 00728: 727.7012 E_h, exp. variance=5209237.0000 E_h^2, pmove=0.68
2026-06-02 18:49:04,793 - Step 00729: 1057.6960 E_h, exp. variance=4859450.0000 E_h^2, pmove=0.68
2026-06-02 18:49:05,432 - Step 00730: 1379.4962 E_h, exp. variance=4449558.5000 E_h^2, pmove=0.67
2026-06-02 18:49:06,071 - Step 00731: 1399.4454 E_h, exp. variance=4063270.7500 E_h^2, pmove=0.68
2026-06-02 18:49:06,710 - Step 00732: 1867.6317 E_h, exp. variance=3662955.7500 E_h^2, pmove=0.65
2026-06-02 18:49:07,350 - Step 00733: 6513.1055 E_h, exp. variance=5049259.5000 E_h^2, pmove=0.65
2026-06-02 18:49:07,990 - Step 00734: 1236.2550 E_h, exp. variance=4697671.0000 E_h^2, pmove=0.64
2026-06-02 18:49:08,629 - Step 00735: 628.5449 E_h, exp. variance=4513848.0000 E_h^2, pmove=0.64
2026-06-02 18:49:09,268 - Step 00736: 1507.9387 E_h, exp. variance=4109746.0000 E_h^2, pmove=0.63
2026-06-02 18:49:09,908 - Step 00737: 4261.2109 E_h, exp. variance=4096024.5000 E_h^2, pmove=0.63
2026-06-02 18:49:10,547 - Step 00738: 1605.9346 E_h, exp. variance=3739014.5000 E_h^2, pmove=0.62
2026-06-02 18:49:11,187 - Step 00739: 5160.8042 E_h, exp. variance=4104822.0000 E_h^2, pmove=0.63
2026-06-02 18:49:11,826 - Step 00740: 1400.3306 E_h, exp. variance=3819716.0000 E_h^2, pmove=0.63
2026-06-02 18:49:12,466 - Step 00741: 1453.2518 E_h, exp. variance=3529432.2500 E_h^2, pmove=0.63
2026-06-02 18:49:13,106 - Step 00742: 3453.6006 E_h, exp. variance=3283800.5000 E_h^2, pmove=0.64
2026-06-02 18:49:13,745 - Step 00743: 2608.0334 E_h, exp. variance=2957114.2500 E_h^2, pmove=0.62
2026-06-02 18:49:14,386 - Step 00744: 5691.3530 E_h, exp. variance=3586916.2500 E_h^2, pmove=0.63
2026-06-02 18:49:15,025 - Step 00745: 1054.6938 E_h, exp. variance=3504023.0000 E_h^2, pmove=0.64
2026-06-02 18:49:15,664 - Step 00746: 2096.0098 E_h, exp. variance=3179302.0000 E_h^2, pmove=0.65
2026-06-02 18:49:16,303 - Step 00747: 553.9813 E_h, exp. variance=3229623.0000 E_h^2, pmove=0.64
2026-06-02 18:49:16,943 - Step 00748: 2848.3813 E_h, exp. variance=2926872.0000 E_h^2, pmove=0.66
2026-06-02 18:49:17,582 - Step 00749: 5935.7046 E_h, exp. variance=3745410.7500 E_h^2, pmove=0.66
2026-06-02 18:49:18,221 - Step 00750: 1140.7512 E_h, exp. variance=3610728.2500 E_h^2, pmove=0.66
2026-06-02 18:49:18,861 - Step 00751: 8184.2900 E_h, exp. variance=6046186.5000 E_h^2, pmove=0.66
2026-06-02 18:49:19,501 - Step 00752: 1535.8093 E_h, exp. variance=5681167.5000 E_h^2, pmove=0.66
2026-06-02 18:49:20,142 - Step 00753: 2403.4236 E_h, exp. variance=5145543.0000 E_h^2, pmove=0.67
2026-06-02 18:49:20,783 - Step 00754: 2854.5693 E_h, exp. variance=4631711.5000 E_h^2, pmove=0.68
2026-06-02 18:49:21,425 - Step 00755: 7472.5513 E_h, exp. variance=6021396.5000 E_h^2, pmove=0.69
2026-06-02 18:49:22,067 - Step 00756: 2827.4922 E_h, exp. variance=5447629.0000 E_h^2, pmove=0.69
2026-06-02 18:49:22,707 - Step 00757: 1343.4983 E_h, exp. variance=5259030.0000 E_h^2, pmove=0.70
2026-06-02 18:49:23,349 - Step 00758: 939.0913 E_h, exp. variance=5166667.0000 E_h^2, pmove=0.70
2026-06-02 18:49:23,991 - Step 00759: 6751.0967 E_h, exp. variance=5974819.0000 E_h^2, pmove=0.70
2026-06-02 18:49:24,631 - Step 00760: 1998.2987 E_h, exp. variance=5529384.5000 E_h^2, pmove=0.69
2026-06-02 18:49:25,273 - Step 00761: 701.2228 E_h, exp. variance=5524137.5000 E_h^2, pmove=0.68
2026-06-02 18:49:25,916 - Step 00762: 4405.5283 E_h, exp. variance=5169959.0000 E_h^2, pmove=0.68
2026-06-02 18:49:26,559 - Step 00763: 817.3659 E_h, exp. variance=5109582.5000 E_h^2, pmove=0.67
2026-06-02 18:49:27,199 - Step 00764: 1164.7584 E_h, exp. variance=4852585.0000 E_h^2, pmove=0.68
2026-06-02 18:49:27,841 - Step 00765: 6640.5586 E_h, exp. variance=5781498.0000 E_h^2, pmove=0.67
2026-06-02 18:49:28,483 - Step 00766: 11331.0186 E_h, exp. variance=11340901.0000 E_h^2, pmove=0.66
2026-06-02 18:49:29,125 - Step 00767: 536.7328 E_h, exp. variance=11224121.0000 E_h^2, pmove=0.65
2026-06-02 18:49:29,769 - Step 00768: 2448.8262 E_h, exp. variance=10213350.0000 E_h^2, pmove=0.65
2026-06-02 18:49:30,411 - Step 00769: 1901.0325 E_h, exp. variance=9408289.0000 E_h^2, pmove=0.66
2026-06-02 18:49:31,053 - Step 00770: 3323.2217 E_h, exp. variance=8467526.0000 E_h^2, pmove=0.66
2026-06-02 18:49:31,695 - Step 00771: 562.4838 E_h, exp. variance=8294688.5000 E_h^2, pmove=0.67
2026-06-02 18:49:32,336 - Step 00772: 894.8403 E_h, exp. variance=7873699.5000 E_h^2, pmove=0.68
2026-06-02 18:49:32,984 - Step 00773: 1918.0977 E_h, exp. variance=7158279.5000 E_h^2, pmove=0.67
2026-06-02 18:49:33,628 - Step 00774: 2238.5322 E_h, exp. variance=6463557.5000 E_h^2, pmove=0.67
2026-06-02 18:49:34,269 - Step 00775: 1335.0685 E_h, exp. variance=5978638.0000 E_h^2, pmove=0.67
2026-06-02 18:49:34,912 - Step 00776: 3455.5361 E_h, exp. variance=5456139.5000 E_h^2, pmove=0.66
2026-06-02 18:49:35,554 - Step 00777: 658.9717 E_h, exp. variance=5260864.5000 E_h^2, pmove=0.66
2026-06-02 18:49:36,198 - Step 00778: 536.6587 E_h, exp. variance=5058993.0000 E_h^2, pmove=0.65
2026-06-02 18:49:36,840 - Step 00779: 678.0990 E_h, exp. variance=4774019.0000 E_h^2, pmove=0.65
2026-06-02 18:49:37,481 - Step 00780: 391.0879 E_h, exp. variance=4555828.0000 E_h^2, pmove=0.65
2026-06-02 18:49:38,124 - Step 00781: 1147.2620 E_h, exp. variance=4153774.0000 E_h^2, pmove=0.64
2026-06-02 18:49:38,766 - Step 00782: 1120.0497 E_h, exp. variance=3785221.2500 E_h^2, pmove=0.63
2026-06-02 18:49:39,411 - Step 00783: 4334.5283 E_h, exp. variance=3998971.7500 E_h^2, pmove=0.63
2026-06-02 18:49:40,053 - Step 00784: 891.8159 E_h, exp. variance=3714797.2500 E_h^2, pmove=0.64
2026-06-02 18:49:40,696 - Step 00785: 3125.5735 E_h, exp. variance=3475787.7500 E_h^2, pmove=0.64
2026-06-02 18:49:41,338 - Step 00786: 650.8137 E_h, exp. variance=3300317.5000 E_h^2, pmove=0.63
2026-06-02 18:49:41,987 - Step 00787: 586.9039 E_h, exp. variance=3124378.5000 E_h^2, pmove=0.62
2026-06-02 18:49:42,630 - Step 00788: 2096.9460 E_h, exp. variance=2821885.0000 E_h^2, pmove=0.62
2026-06-02 18:49:43,273 - Step 00789: 766.0415 E_h, exp. variance=2635500.7500 E_h^2, pmove=0.61
2026-06-02 18:49:43,917 - Step 00790: 644.7506 E_h, exp. variance=2471149.0000 E_h^2, pmove=0.61
2026-06-02 18:49:44,559 - Step 00791: 6007.7773 E_h, exp. variance=3980841.2500 E_h^2, pmove=0.60
2026-06-02 18:49:45,200 - Step 00792: 639.7026 E_h, exp. variance=3757080.7500 E_h^2, pmove=0.60
2026-06-02 18:49:45,842 - Step 00793: 3845.7590 E_h, exp. variance=3724825.0000 E_h^2, pmove=0.61
2026-06-02 18:49:46,484 - Step 00794: 1812.4813 E_h, exp. variance=3359155.2500 E_h^2, pmove=0.61
2026-06-02 18:49:47,125 - Step 00795: 631.0707 E_h, exp. variance=3207031.0000 E_h^2, pmove=0.59
2026-06-02 18:49:47,770 - Step 00796: 7816.5195 E_h, exp. variance=6018507.0000 E_h^2, pmove=0.59
2026-06-02 18:49:48,413 - Step 00797: 4675.5977 E_h, exp. variance=5839858.5000 E_h^2, pmove=0.60
2026-06-02 18:49:49,055 - Step 00798: 1795.7623 E_h, exp. variance=5333415.0000 E_h^2, pmove=0.59
2026-06-02 18:49:49,697 - Step 00799: 3812.2441 E_h, exp. variance=4925620.5000 E_h^2, pmove=0.58
2026-06-02 18:49:50,340 - Step 00800: 4142.4795 E_h, exp. variance=4607753.0000 E_h^2, pmove=0.58
2026-06-02 18:49:50,982 - Step 00801: 3480.0859 E_h, exp. variance=4178466.0000 E_h^2, pmove=0.57
2026-06-02 18:49:51,625 - Step 00802: 906.5764 E_h, exp. variance=4135589.0000 E_h^2, pmove=0.57
2026-06-02 18:49:52,269 - Step 00803: 3752.6814 E_h, exp. variance=3813668.5000 E_h^2, pmove=0.56
2026-06-02 18:49:52,913 - Step 00804: 775.5455 E_h, exp. variance=3817562.7500 E_h^2, pmove=0.56
2026-06-02 18:49:53,555 - Step 00805: 834.7914 E_h, exp. variance=3728326.2500 E_h^2, pmove=0.55
2026-06-02 18:49:54,197 - Step 00806: 2518.1382 E_h, exp. variance=3355826.0000 E_h^2, pmove=0.54
2026-06-02 18:49:54,838 - Step 00807: 4538.5996 E_h, exp. variance=3407815.2500 E_h^2, pmove=0.54
2026-06-02 18:49:55,480 - Step 00808: 640.0758 E_h, exp. variance=3438231.0000 E_h^2, pmove=0.54
2026-06-02 18:49:56,122 - Step 00809: 5316.9849 E_h, exp. variance=3824986.7500 E_h^2, pmove=0.53
2026-06-02 18:49:56,766 - Step 00810: 3041.3003 E_h, exp. variance=3449980.5000 E_h^2, pmove=0.54
2026-06-02 18:49:57,407 - Step 00811: 975.8550 E_h, exp. variance=3398453.5000 E_h^2, pmove=0.52
2026-06-02 18:49:58,049 - Step 00812: 3329.6919 E_h, exp. variance=3106391.5000 E_h^2, pmove=0.52
2026-06-02 18:49:58,690 - Step 00813: 3116.2927 E_h, exp. variance=2813365.5000 E_h^2, pmove=0.52
2026-06-02 18:49:59,332 - Step 00814: 1439.2815 E_h, exp. variance=2679223.7500 E_h^2, pmove=0.51
2026-06-02 18:49:59,973 - Step 00815: 1718.7577 E_h, exp. variance=2479658.0000 E_h^2, pmove=0.51
2026-06-02 18:50:00,616 - Step 00816: 1353.4150 E_h, exp. variance=2350654.2500 E_h^2, pmove=0.51
2026-06-02 18:50:01,263 - Step 00817: 5330.7197 E_h, exp. variance=2894878.0000 E_h^2, pmove=0.52
2026-06-02 18:50:01,906 - Step 00818: 9652.2588 E_h, exp. variance=6977495.5000 E_h^2, pmove=0.53
2026-06-02 18:50:02,548 - Step 00819: 557.9570 E_h, exp. variance=6996186.5000 E_h^2, pmove=0.53
2026-06-02 18:50:03,190 - Step 00820: 938.3972 E_h, exp. variance=6716022.5000 E_h^2, pmove=0.53
2026-06-02 18:50:03,832 - Step 00821: 441.0869 E_h, exp. variance=6580363.0000 E_h^2, pmove=0.52
2026-06-02 18:50:04,473 - Step 00822: 374.6912 E_h, exp. variance=6383084.5000 E_h^2, pmove=0.51
2026-06-02 18:50:05,117 - Step 00823: 477.5003 E_h, exp. variance=6081257.0000 E_h^2, pmove=0.50
2026-06-02 18:50:05,761 - Step 00824: 333.3780 E_h, exp. variance=5792694.5000 E_h^2, pmove=0.49
2026-06-02 18:50:06,403 - Step 00825: 1164.2538 E_h, exp. variance=5280769.0000 E_h^2, pmove=0.49
2026-06-02 18:50:07,046 - Step 00826: 1206.2244 E_h, exp. variance=4801517.5000 E_h^2, pmove=0.48
2026-06-02 18:50:07,688 - Step 00827: 1994.1287 E_h, exp. variance=4322772.0000 E_h^2, pmove=0.48
2026-06-02 18:50:08,330 - Step 00828: 5784.3398 E_h, exp. variance=5261304.5000 E_h^2, pmove=0.51
2026-06-02 18:50:08,973 - Step 00829: 1437.4485 E_h, exp. variance=4797840.5000 E_h^2, pmove=0.51
2026-06-02 18:50:09,616 - Step 00830: 581.1759 E_h, exp. variance=4550555.5000 E_h^2, pmove=0.48
2026-06-02 18:50:10,258 - Step 00831: 438.6245 E_h, exp. variance=4322770.0000 E_h^2, pmove=0.47
2026-06-02 18:50:10,899 - Step 00832: 3118.0498 E_h, exp. variance=4030947.0000 E_h^2, pmove=0.48
2026-06-02 18:50:11,541 - Step 00833: 818.3611 E_h, exp. variance=3752187.5000 E_h^2, pmove=0.47
2026-06-02 18:50:12,184 - Step 00834: 14639.9365 E_h, exp. variance=18039142.0000 E_h^2, pmove=0.48
2026-06-02 18:50:12,826 - Step 00835: 4660.9448 E_h, exp. variance=16439995.0000 E_h^2, pmove=0.48
2026-06-02 18:50:13,467 - Step 00836: 1179.9807 E_h, exp. variance=15201801.0000 E_h^2, pmove=0.47
2026-06-02 18:50:14,109 - Step 00837: 618.1619 E_h, exp. variance=14231993.0000 E_h^2, pmove=0.47
2026-06-02 18:50:14,751 - Step 00838: 1429.0243 E_h, exp. variance=12988930.0000 E_h^2, pmove=0.48
2026-06-02 18:50:15,398 - Step 00839: 1349.1665 E_h, exp. variance=11854824.0000 E_h^2, pmove=0.49
2026-06-02 18:50:16,041 - Step 00840: 494.7958 E_h, exp. variance=11055800.0000 E_h^2, pmove=0.48
2026-06-02 18:50:16,682 - Step 00841: 553.8977 E_h, exp. variance=10243725.0000 E_h^2, pmove=0.49
2026-06-02 18:50:17,323 - Step 00842: 339.4310 E_h, exp. variance=9523973.0000 E_h^2, pmove=0.49
2026-06-02 18:50:17,966 - Step 00843: 1682.8518 E_h, exp. variance=8580357.0000 E_h^2, pmove=0.49
2026-06-02 18:50:18,610 - Step 00844: 810.4991 E_h, exp. variance=7842066.0000 E_h^2, pmove=0.48
2026-06-02 18:50:19,254 - Step 00845: 2415.2292 E_h, exp. variance=7086753.0000 E_h^2, pmove=0.48
2026-06-02 18:50:19,896 - Step 00846: 2975.0015 E_h, exp. variance=6481064.0000 E_h^2, pmove=0.48
2026-06-02 18:50:20,538 - Step 00847: 1506.4371 E_h, exp. variance=5855984.0000 E_h^2, pmove=0.48
2026-06-02 18:50:21,179 - Step 00848: 945.5904 E_h, exp. variance=5363303.5000 E_h^2, pmove=0.49
2026-06-02 18:50:21,823 - Step 00849: 4474.4121 E_h, exp. variance=5442106.0000 E_h^2, pmove=0.48
2026-06-02 18:50:22,466 - Step 00850: 4062.0862 E_h, exp. variance=5236824.0000 E_h^2, pmove=0.47
2026-06-02 18:50:23,110 - Step 00851: 2764.9324 E_h, exp. variance=4731315.5000 E_h^2, pmove=0.47
2026-06-02 18:50:23,754 - Step 00852: 1102.7444 E_h, exp. variance=4400558.5000 E_h^2, pmove=0.46
2026-06-02 18:50:24,400 - Step 00853: 1423.5969 E_h, exp. variance=4019715.2500 E_h^2, pmove=0.46
2026-06-02 18:50:25,043 - Step 00854: 392.2568 E_h, exp. variance=3896955.7500 E_h^2, pmove=0.45
2026-06-02 18:50:25,686 - Step 00855: 8815.5938 E_h, exp. variance=7715649.5000 E_h^2, pmove=0.46
2026-06-02 18:50:26,329 - Step 00856: 487.9995 E_h, exp. variance=7369170.0000 E_h^2, pmove=0.44
2026-06-02 18:50:26,972 - Step 00857: 477.7216 E_h, exp. variance=6980200.0000 E_h^2, pmove=0.44
2026-06-02 18:50:27,617 - Step 00858: 997.7200 E_h, exp. variance=6422718.0000 E_h^2, pmove=0.44
2026-06-02 18:50:28,270 - Step 00859: 465.3851 E_h, exp. variance=6027550.5000 E_h^2, pmove=0.44
2026-06-02 18:50:28,913 - Step 00860: 3339.3552 E_h, exp. variance=5596858.0000 E_h^2, pmove=0.42
2026-06-02 18:50:29,556 - Step 00861: 1015.1727 E_h, exp. variance=5142103.0000 E_h^2, pmove=0.42
2026-06-02 18:50:30,199 - Step 00862: 1970.0815 E_h, exp. variance=4627918.0000 E_h^2, pmove=0.43
2026-06-02 18:50:30,841 - Step 00863: 877.7180 E_h, exp. variance=4275527.5000 E_h^2, pmove=0.42
2026-06-02 18:50:31,484 - Step 00864: 779.4836 E_h, exp. variance=3955894.0000 E_h^2, pmove=0.41
2026-06-02 18:50:32,128 - Step 00865: 1133.2721 E_h, exp. variance=3596223.5000 E_h^2, pmove=0.42
2026-06-02 18:50:32,770 - Step 00866: 275.0122 E_h, exp. variance=3419827.0000 E_h^2, pmove=0.41
2026-06-02 18:50:33,415 - Step 00867: 311.0379 E_h, exp. variance=3218047.0000 E_h^2, pmove=0.41
2026-06-02 18:50:34,058 - Step 00868: 510.1364 E_h, exp. variance=2973117.0000 E_h^2, pmove=0.41
2026-06-02 18:50:34,700 - Step 00869: 3514.5671 E_h, exp. variance=3100638.5000 E_h^2, pmove=0.40
2026-06-02 18:50:35,343 - Step 00870: 2665.5168 E_h, exp. variance=2900730.7500 E_h^2, pmove=0.41
2026-06-02 18:50:35,988 - Step 00871: 733.4698 E_h, exp. variance=2689565.7500 E_h^2, pmove=0.40
2026-06-02 18:50:36,632 - Step 00872: 682.6248 E_h, exp. variance=2492470.0000 E_h^2, pmove=0.39
2026-06-02 18:50:37,274 - Step 00873: 2754.3474 E_h, exp. variance=2387816.7500 E_h^2, pmove=0.39
2026-06-02 18:50:37,918 - Step 00874: 3123.7266 E_h, exp. variance=2354283.2500 E_h^2, pmove=0.38
2026-06-02 18:50:38,561 - Step 00875: 1789.5469 E_h, exp. variance=2118911.0000 E_h^2, pmove=0.38
2026-06-02 18:50:39,204 - Step 00876: 2608.6350 E_h, exp. variance=1970757.3750 E_h^2, pmove=0.39
2026-06-02 18:50:39,847 - Step 00877: 3568.1448 E_h, exp. variance=2038978.1250 E_h^2, pmove=0.38
2026-06-02 18:50:40,491 - Step 00878: 1452.8647 E_h, exp. variance=1864328.6250 E_h^2, pmove=0.39
2026-06-02 18:50:41,134 - Step 00879: 456.4986 E_h, exp. variance=1882950.0000 E_h^2, pmove=0.39
2026-06-02 18:50:41,776 - Step 00880: 1165.1783 E_h, exp. variance=1732657.5000 E_h^2, pmove=0.38
2026-06-02 18:50:42,421 - Step 00881: 374.7763 E_h, exp. variance=1729604.6250 E_h^2, pmove=0.38
2026-06-02 18:50:43,064 - Step 00882: 2496.2864 E_h, exp. variance=1626944.0000 E_h^2, pmove=0.37
2026-06-02 18:50:43,708 - Step 00883: 768.2576 E_h, exp. variance=1542527.2500 E_h^2, pmove=0.38
2026-06-02 18:50:44,352 - Step 00884: 419.3555 E_h, exp. variance=1515348.1250 E_h^2, pmove=0.38
2026-06-02 18:50:44,996 - Step 00885: 2116.1301 E_h, exp. variance=1399234.7500 E_h^2, pmove=0.37
2026-06-02 18:50:45,639 - Step 00886: 5528.8091 E_h, exp. variance=2683011.0000 E_h^2, pmove=0.36
2026-06-02 18:50:46,283 - Step 00887: 2092.4775 E_h, exp. variance=2416556.5000 E_h^2, pmove=0.35
2026-06-02 18:50:46,926 - Step 00888: 2020.8472 E_h, exp. variance=2175196.0000 E_h^2, pmove=0.35
2026-06-02 18:50:47,569 - Step 00889: 4753.2217 E_h, exp. variance=2655199.2500 E_h^2, pmove=0.35
2026-06-02 18:50:48,213 - Step 00890: 654.2269 E_h, exp. variance=2618199.5000 E_h^2, pmove=0.35
2026-06-02 18:50:48,858 - Step 00891: 386.9743 E_h, exp. variance=2616897.7500 E_h^2, pmove=0.35
2026-06-02 18:50:49,502 - Step 00892: 1198.1230 E_h, exp. variance=2401874.5000 E_h^2, pmove=0.35
2026-06-02 18:50:50,145 - Step 00893: 821.8519 E_h, exp. variance=2256122.2500 E_h^2, pmove=0.35
2026-06-02 18:50:50,789 - Step 00894: 5786.2744 E_h, exp. variance=3501281.7500 E_h^2, pmove=0.34
2026-06-02 18:50:51,431 - Step 00895: 1400.2715 E_h, exp. variance=3201474.0000 E_h^2, pmove=0.34
2026-06-02 18:50:52,073 - Step 00896: 1240.8784 E_h, exp. variance=2943680.7500 E_h^2, pmove=0.34
2026-06-02 18:50:52,716 - Step 00897: 1271.5966 E_h, exp. variance=2695762.2500 E_h^2, pmove=0.34
2026-06-02 18:50:53,362 - Step 00898: 449.3831 E_h, exp. variance=2620344.0000 E_h^2, pmove=0.33
2026-06-02 18:50:54,004 - Step 00899: 985.2539 E_h, exp. variance=2413915.2500 E_h^2, pmove=0.32
2026-06-02 18:50:54,646 - Step 00900: 367.9138 E_h, exp. variance=2330474.2500 E_h^2, pmove=0.33
2026-06-02 18:50:55,289 - Step 00901: 623.0756 E_h, exp. variance=2176465.7500 E_h^2, pmove=0.32
2026-06-02 18:50:55,932 - Step 00902: 551.0051 E_h, exp. variance=2034249.5000 E_h^2, pmove=0.32
2026-06-02 18:50:56,575 - Step 00903: 901.2548 E_h, exp. variance=1851018.7500 E_h^2, pmove=0.32
2026-06-02 18:50:57,218 - Step 00904: 263.6591 E_h, exp. variance=1767789.1250 E_h^2, pmove=0.31
2026-06-02 18:50:57,863 - Step 00905: 5973.2153 E_h, exp. variance=3623373.2500 E_h^2, pmove=0.31
2026-06-02 18:50:58,507 - Step 00906: 363.1344 E_h, exp. variance=3421016.2500 E_h^2, pmove=0.32
2026-06-02 18:50:59,149 - Step 00907: 698.7601 E_h, exp. variance=3146146.0000 E_h^2, pmove=0.31
2026-06-02 18:50:59,797 - Step 00908: 741.7449 E_h, exp. variance=2880136.5000 E_h^2, pmove=0.32
2026-06-02 18:51:00,441 - Step 00909: 382.3269 E_h, exp. variance=2685908.5000 E_h^2, pmove=0.31
2026-06-02 18:51:01,084 - Step 00910: 737.5376 E_h, exp. variance=2445897.7500 E_h^2, pmove=0.32
2026-06-02 18:51:01,727 - Step 00911: 1693.2620 E_h, exp. variance=2219416.0000 E_h^2, pmove=0.32
2026-06-02 18:51:02,372 - Step 00912: 401.2444 E_h, exp. variance=2068494.2500 E_h^2, pmove=0.33
2026-06-02 18:51:03,019 - Step 00913: 6706.1987 E_h, exp. variance=4589560.0000 E_h^2, pmove=0.33
2026-06-02 18:51:03,662 - Step 00914: 382.7286 E_h, exp. variance=4299167.5000 E_h^2, pmove=0.32
2026-06-02 18:51:04,305 - Step 00915: 906.1674 E_h, exp. variance=3914397.0000 E_h^2, pmove=0.31
2026-06-02 18:51:04,948 - Step 00916: 250.6614 E_h, exp. variance=3673408.7500 E_h^2, pmove=0.32
2026-06-02 18:51:05,591 - Step 00917: 466.7506 E_h, exp. variance=3386875.0000 E_h^2, pmove=0.32
2026-06-02 18:51:06,237 - Step 00918: 620.3275 E_h, exp. variance=3092189.2500 E_h^2, pmove=0.32
2026-06-02 18:51:06,880 - Step 00919: 2053.4082 E_h, exp. variance=2841116.0000 E_h^2, pmove=0.31
2026-06-02 18:51:07,524 - Step 00920: 991.2463 E_h, exp. variance=2567332.5000 E_h^2, pmove=0.31
2026-06-02 18:51:08,167 - Step 00921: 5001.9565 E_h, exp. variance=3546583.5000 E_h^2, pmove=0.32
2026-06-02 18:51:08,810 - Step 00922: 222.2368 E_h, exp. variance=3379710.7500 E_h^2, pmove=0.32
2026-06-02 18:51:09,453 - Step 00923: 750.9271 E_h, exp. variance=3095286.0000 E_h^2, pmove=0.32
2026-06-02 18:51:10,096 - Step 00924: 1451.6605 E_h, exp. variance=2785761.2500 E_h^2, pmove=0.31
2026-06-02 18:51:10,743 - Step 00925: 987.9996 E_h, exp. variance=2526046.0000 E_h^2, pmove=0.32
2026-06-02 18:51:11,386 - Step 00926: 423.2371 E_h, exp. variance=2359308.0000 E_h^2, pmove=0.32
2026-06-02 18:51:12,029 - Step 00927: 799.5195 E_h, exp. variance=2146130.7500 E_h^2, pmove=0.31
2026-06-02 18:51:12,672 - Step 00928: 491.3656 E_h, exp. variance=1983595.0000 E_h^2, pmove=0.31
2026-06-02 18:51:13,316 - Step 00929: 1402.3132 E_h, exp. variance=1789845.8750 E_h^2, pmove=0.30
2026-06-02 18:51:13,959 - Step 00930: 2280.3933 E_h, exp. variance=1716183.6250 E_h^2, pmove=0.31
2026-06-02 18:51:14,603 - Step 00931: 545.4958 E_h, exp. variance=1596726.5000 E_h^2, pmove=0.31
2026-06-02 18:51:15,249 - Step 00932: 2848.9766 E_h, exp. variance=1672758.8750 E_h^2, pmove=0.31
2026-06-02 18:51:15,891 - Step 00933: 5025.1172 E_h, exp. variance=2693119.5000 E_h^2, pmove=0.31
2026-06-02 18:51:16,535 - Step 00934: 353.8540 E_h, exp. variance=2600687.0000 E_h^2, pmove=0.31
2026-06-02 18:51:17,179 - Step 00935: 437.0842 E_h, exp. variance=2465611.7500 E_h^2, pmove=0.31
2026-06-02 18:51:17,822 - Step 00936: 5028.3862 E_h, exp. variance=3340956.7500 E_h^2, pmove=0.31
2026-06-02 18:51:18,466 - Step 00937: 592.7326 E_h, exp. variance=3149303.2500 E_h^2, pmove=0.31
2026-06-02 18:51:19,110 - Step 00938: 553.3099 E_h, exp. variance=2957925.5000 E_h^2, pmove=0.31
2026-06-02 18:51:19,755 - Step 00939: 2396.0791 E_h, exp. variance=2718055.7500 E_h^2, pmove=0.31
2026-06-02 18:51:20,398 - Step 00940: 598.4794 E_h, exp. variance=2552818.2500 E_h^2, pmove=0.30
2026-06-02 18:51:21,041 - Step 00941: 185.1101 E_h, exp. variance=2472104.7500 E_h^2, pmove=0.31
2026-06-02 18:51:21,685 - Step 00942: 1265.4727 E_h, exp. variance=2227590.5000 E_h^2, pmove=0.31
2026-06-02 18:51:22,328 - Step 00943: 685.7573 E_h, exp. variance=2053516.0000 E_h^2, pmove=0.31
2026-06-02 18:51:22,971 - Step 00944: 1607.2988 E_h, exp. variance=1854229.7500 E_h^2, pmove=0.30
2026-06-02 18:51:23,615 - Step 00945: 772.7349 E_h, exp. variance=1701306.1250 E_h^2, pmove=0.30
2026-06-02 18:51:24,258 - Step 00946: 293.0233 E_h, exp. variance=1624910.7500 E_h^2, pmove=0.30
2026-06-02 18:51:24,902 - Step 00947: 714.4464 E_h, exp. variance=1484656.0000 E_h^2, pmove=0.30
2026-06-02 18:51:25,545 - Step 00948: 413.2692 E_h, exp. variance=1386617.6250 E_h^2, pmove=0.30
2026-06-02 18:51:26,187 - Step 00949: 1660.8494 E_h, exp. variance=1277598.3750 E_h^2, pmove=0.30
2026-06-02 18:51:26,830 - Step 00950: 518.6854 E_h, exp. variance=1185068.5000 E_h^2, pmove=0.29
2026-06-02 18:51:27,473 - Step 00951: 228.6118 E_h, exp. variance=1132071.3750 E_h^2, pmove=0.29
2026-06-02 18:51:28,116 - Step 00952: 247.5577 E_h, exp. variance=1069340.8750 E_h^2, pmove=0.29
2026-06-02 18:51:28,758 - Step 00953: 400.4688 E_h, exp. variance=986845.8125 E_h^2, pmove=0.29
2026-06-02 18:51:29,401 - Step 00954: 734.8055 E_h, exp. variance=889793.0000 E_h^2, pmove=0.29
2026-06-02 18:51:29,402 - Saving checkpoint results/bilayer-bosons/BosonNet/N24_layers12_12_rs2.5_d2.5_D20.0_sq/qmcjax_ckpt_000954.npz
2026-06-02 18:51:30,169 - Step 00955: 6885.7695 E_h, exp. variance=4073052.5000 E_h^2, pmove=0.28
2026-06-02 18:51:30,813 - Step 00956: 393.6097 E_h, exp. variance=3767896.7500 E_h^2, pmove=0.28
2026-06-02 18:51:31,456 - Step 00957: 227.9421 E_h, exp. variance=3504910.5000 E_h^2, pmove=0.28
2026-06-02 18:51:32,101 - Step 00958: 626.3607 E_h, exp. variance=3188307.5000 E_h^2, pmove=0.28
2026-06-02 18:51:32,746 - Step 00959: 381.6535 E_h, exp. variance=2926641.0000 E_h^2, pmove=0.28
2026-06-02 18:51:33,390 - Step 00960: 294.1995 E_h, exp. variance=2692259.5000 E_h^2, pmove=0.28
2026-06-02 18:51:34,034 - Step 00961: 5552.6694 E_h, exp. variance=4273354.0000 E_h^2, pmove=0.29
2026-06-02 18:51:34,677 - Step 00962: 206.2466 E_h, exp. variance=3990181.7500 E_h^2, pmove=0.29
2026-06-02 18:51:35,321 - Step 00963: 201.4441 E_h, exp. variance=3708922.7500 E_h^2, pmove=0.29
2026-06-02 18:51:35,965 - Step 00964: 885.4319 E_h, exp. variance=3348773.2500 E_h^2, pmove=0.29
2026-06-02 18:51:36,610 - Step 00965: 384.4927 E_h, exp. variance=3073219.7500 E_h^2, pmove=0.28
2026-06-02 18:51:37,254 - Step 00966: 234.4637 E_h, exp. variance=2835708.5000 E_h^2, pmove=0.28
2026-06-02 18:51:37,900 - Step 00967: 1162.4360 E_h, exp. variance=2553785.7500 E_h^2, pmove=0.28
2026-06-02 18:51:38,544 - Step 00968: 309.0450 E_h, exp. variance=2346579.0000 E_h^2, pmove=0.28
2026-06-02 18:51:39,190 - Step 00969: 315.0067 E_h, exp. variance=2150236.7500 E_h^2, pmove=0.28
2026-06-02 18:51:39,840 - Step 00970: 252.5095 E_h, exp. variance=1973206.2500 E_h^2, pmove=0.28
2026-06-02 18:51:40,483 - Step 00971: 434.8990 E_h, exp. variance=1790456.5000 E_h^2, pmove=0.29
2026-06-02 18:51:41,128 - Step 00972: 302.1995 E_h, exp. variance=1633447.8750 E_h^2, pmove=0.28
2026-06-02 18:51:41,772 - Step 00973: 567.6362 E_h, exp. variance=1473016.1250 E_h^2, pmove=0.28
2026-06-02 18:51:42,416 - Step 00974: 891.3565 E_h, exp. variance=1328070.6250 E_h^2, pmove=0.28
2026-06-02 18:51:43,061 - Step 00975: 478.9191 E_h, exp. variance=1201670.7500 E_h^2, pmove=0.28
2026-06-02 18:51:43,705 - Step 00976: 439.0117 E_h, exp. variance=1088561.7500 E_h^2, pmove=0.29
2026-06-02 18:51:44,350 - Step 00977: 247.3021 E_h, exp. variance=997427.5625 E_h^2, pmove=0.28
2026-06-02 18:51:44,994 - Step 00978: 147.3952 E_h, exp. variance=920120.0000 E_h^2, pmove=0.29
2026-06-02 18:51:45,644 - Step 00979: 4877.6699 E_h, exp. variance=2477475.0000 E_h^2, pmove=0.29
2026-06-02 18:51:46,288 - Step 00980: 2694.9736 E_h, exp. variance=2480769.0000 E_h^2, pmove=0.29
2026-06-02 18:51:46,931 - Step 00981: 1167.0626 E_h, exp. variance=2232747.5000 E_h^2, pmove=0.29
2026-06-02 18:51:47,574 - Step 00982: 2295.3374 E_h, exp. variance=2119556.7500 E_h^2, pmove=0.28
2026-06-02 18:51:48,218 - Step 00983: 1455.9395 E_h, exp. variance=1909790.5000 E_h^2, pmove=0.29
2026-06-02 18:51:48,862 - Step 00984: 5264.8711 E_h, exp. variance=3122541.7500 E_h^2, pmove=0.28
2026-06-02 18:51:49,507 - Step 00985: 440.6057 E_h, exp. variance=2955423.7500 E_h^2, pmove=0.28
2026-06-02 18:51:50,154 - Step 00986: 1687.8176 E_h, exp. variance=2660860.5000 E_h^2, pmove=0.27
2026-06-02 18:51:50,801 - Step 00987: 548.9667 E_h, exp. variance=2493051.5000 E_h^2, pmove=0.27
2026-06-02 18:51:51,445 - Step 00988: 365.4448 E_h, exp. variance=2357449.5000 E_h^2, pmove=0.27
2026-06-02 18:51:52,088 - Step 00989: 247.7302 E_h, exp. variance=2236485.5000 E_h^2, pmove=0.27
2026-06-02 18:51:52,732 - Step 00990: 321.6475 E_h, exp. variance=2092778.2500 E_h^2, pmove=0.28
2026-06-02 18:51:53,377 - Step 00991: 799.7004 E_h, exp. variance=1895832.3750 E_h^2, pmove=0.28
2026-06-02 18:51:54,021 - Step 00992: 250.7896 E_h, exp. variance=1776271.6250 E_h^2, pmove=0.28
2026-06-02 18:51:54,666 - Step 00993: 391.9727 E_h, exp. variance=1636982.3750 E_h^2, pmove=0.28
2026-06-02 18:51:55,310 - Step 00994: 241.5546 E_h, exp. variance=1522278.2500 E_h^2, pmove=0.28
2026-06-02 18:51:55,954 - Step 00995: 236.1362 E_h, exp. variance=1410385.8750 E_h^2, pmove=0.27
2026-06-02 18:51:56,598 - Step 00996: 379.6520 E_h, exp. variance=1288308.2500 E_h^2, pmove=0.28
2026-06-02 18:51:57,243 - Step 00997: 1263.2626 E_h, exp. variance=1179401.8750 E_h^2, pmove=0.27
2026-06-02 18:51:57,889 - Step 00998: 412.3991 E_h, exp. variance=1077902.1250 E_h^2, pmove=0.26
2026-06-02 18:51:58,533 - Step 00999: 263.5930 E_h, exp. variance=995724.6250 E_h^2, pmove=0.27
2026-06-02 18:51:59,177 - Step 01000: 438.2071 E_h, exp. variance=904552.1875 E_h^2, pmove=0.27
2026-06-02 18:51:59,821 - Step 01001: 455.3345 E_h, exp. variance=820079.6875 E_h^2, pmove=0.27
2026-06-02 18:52:00,466 - Step 01002: 285.4714 E_h, exp. variance=752609.3750 E_h^2, pmove=0.27
2026-06-02 18:52:01,110 - Step 01003: 378.3968 E_h, exp. variance=683850.8750 E_h^2, pmove=0.26
2026-06-02 18:52:01,755 - Step 01004: 165.4677 E_h, exp. variance=634085.0625 E_h^2, pmove=0.26
2026-06-02 18:52:02,401 - Step 01005: 225.9051 E_h, exp. variance=581633.6250 E_h^2, pmove=0.26
2026-06-02 18:52:03,045 - Step 01006: 1024.5659 E_h, exp. variance=544608.4375 E_h^2, pmove=0.26
2026-06-02 18:52:03,690 - Step 01007: 1747.0411 E_h, exp. variance=610968.7500 E_h^2, pmove=0.26
2026-06-02 18:52:04,334 - Step 01008: 2880.3091 E_h, exp. variance=976038.5000 E_h^2, pmove=0.26
2026-06-02 18:52:04,977 - Step 01009: 352.2509 E_h, exp. variance=907636.1250 E_h^2, pmove=0.26
2026-06-02 18:52:05,623 - Step 01010: 526.1434 E_h, exp. variance=827200.7500 E_h^2, pmove=0.25
2026-06-02 18:52:06,280 - Step 01011: 553.5349 E_h, exp. variance=751410.8750 E_h^2, pmove=0.25
2026-06-02 18:52:06,923 - Step 01012: 222.6732 E_h, exp. variance=706609.0625 E_h^2, pmove=0.26
2026-06-02 18:52:07,567 - Step 01013: 344.2787 E_h, exp. variance=650415.8750 E_h^2, pmove=0.25
2026-06-02 18:52:08,210 - Step 01014: 227.4332 E_h, exp. variance=605911.2500 E_h^2, pmove=0.25
2026-06-02 18:52:08,854 - Step 01015: 1453.2701 E_h, exp. variance=602333.3750 E_h^2, pmove=0.25
2026-06-02 18:52:09,498 - Step 01016: 427.6459 E_h, exp. variance=550710.0625 E_h^2, pmove=0.24
2026-06-02 18:52:10,142 - Step 01017: 2288.5703 E_h, exp. variance=721041.8750 E_h^2, pmove=0.24
2026-06-02 18:52:10,788 - Step 01018: 451.3095 E_h, exp. variance=664286.1250 E_h^2, pmove=0.24
2026-06-02 18:52:11,432 - Step 01019: 276.9353 E_h, exp. variance=624691.8750 E_h^2, pmove=0.25
2026-06-02 18:52:12,077 - Step 01020: 363.8188 E_h, exp. variance=576952.3750 E_h^2, pmove=0.24
2026-06-02 18:52:12,721 - Step 01021: 442.5024 E_h, exp. variance=526588.6250 E_h^2, pmove=0.25
2026-06-02 18:52:13,367 - Step 01022: 204.8999 E_h, exp. variance=495935.2500 E_h^2, pmove=0.25
2026-06-02 18:52:14,010 - Step 01023: 146.4063 E_h, exp. variance=469159.7500 E_h^2, pmove=0.24
2026-06-02 18:52:14,658 - Step 01024: 583.3124 E_h, exp. variance=422267.5625 E_h^2, pmove=0.25
2026-06-02 18:52:15,304 - Step 01025: 143.3768 E_h, exp. variance=398638.0312 E_h^2, pmove=0.24
2026-06-02 18:52:15,948 - Step 01026: 421.6631 E_h, exp. variance=360314.6875 E_h^2, pmove=0.24
2026-06-02 18:52:16,592 - Step 01027: 376.6372 E_h, exp. variance=326667.7188 E_h^2, pmove=0.24
2026-06-02 18:52:17,237 - Step 01028: 316.9849 E_h, exp. variance=297825.6250 E_h^2, pmove=0.24
2026-06-02 18:52:17,883 - Step 01029: 132.0275 E_h, exp. variance=280396.6875 E_h^2, pmove=0.24
2026-06-02 18:52:18,528 - Step 01030: 191.8114 E_h, exp. variance=259096.9375 E_h^2, pmove=0.23
2026-06-02 18:52:19,174 - Step 01031: 115.4651 E_h, exp. variance=242555.7812 E_h^2, pmove=0.24
2026-06-02 18:52:19,818 - Step 01032: 544.6526 E_h, exp. variance=220034.4219 E_h^2, pmove=0.24
2026-06-02 18:52:20,463 - Step 01033: 137.0974 E_h, exp. variance=205219.7812 E_h^2, pmove=0.23
2026-06-02 18:52:21,109 - Step 01034: 149.2458 E_h, exp. variance=189977.7969 E_h^2, pmove=0.24
2026-06-02 18:52:21,754 - Step 01035: 5902.4800 E_h, exp. variance=2928482.7500 E_h^2, pmove=0.23
2026-06-02 18:52:22,399 - Step 01036: 1251.5017 E_h, exp. variance=2645479.5000 E_h^2, pmove=0.23
2026-06-02 18:52:23,046 - Step 01037: 543.3627 E_h, exp. variance=2396095.2500 E_h^2, pmove=0.23
2026-06-02 18:52:23,690 - Step 01038: 1071.5420 E_h, exp. variance=2158754.0000 E_h^2, pmove=0.23
2026-06-02 18:52:24,334 - Step 01039: 439.3348 E_h, exp. variance=1964428.3750 E_h^2, pmove=0.23
2026-06-02 18:52:24,983 - Step 01040: 267.2593 E_h, exp. variance=1801746.3750 E_h^2, pmove=0.23
2026-06-02 18:52:25,627 - Step 01041: 117.6504 E_h, exp. variance=1665776.6250 E_h^2, pmove=0.23
2026-06-02 18:52:26,271 - Step 01042: 198.1101 E_h, exp. variance=1526452.6250 E_h^2, pmove=0.23
2026-06-02 18:52:26,918 - Step 01043: 139.8409 E_h, exp. variance=1401383.0000 E_h^2, pmove=0.23
2026-06-02 18:52:27,562 - Step 01044: 1377.9541 E_h, exp. variance=1310520.1250 E_h^2, pmove=0.23
2026-06-02 18:52:28,207 - Step 01045: 371.1971 E_h, exp. variance=1189922.0000 E_h^2, pmove=0.23
2026-06-02 18:52:28,852 - Step 01046: 490.6805 E_h, exp. variance=1074085.3750 E_h^2, pmove=0.24
2026-06-02 18:52:29,497 - Step 01047: 83.9711 E_h, exp. variance=996457.2500 E_h^2, pmove=0.23
2026-06-02 18:52:30,142 - Step 01048: 83.6351 E_h, exp. variance=920965.0000 E_h^2, pmove=0.23
2026-06-02 18:52:30,788 - Step 01049: 4536.9053 E_h, exp. variance=2259544.0000 E_h^2, pmove=0.23
2026-06-02 18:52:31,435 - Step 01050: 212.7899 E_h, exp. variance=2082314.3750 E_h^2, pmove=0.23
2026-06-02 18:52:32,079 - Step 01051: 377.2973 E_h, exp. variance=1896376.6250 E_h^2, pmove=0.23
2026-06-02 18:52:32,724 - Step 01052: 577.7691 E_h, exp. variance=1712250.2500 E_h^2, pmove=0.23
2026-06-02 18:52:33,370 - Step 01053: 3388.5776 E_h, exp. variance=2143865.7500 E_h^2, pmove=0.23
2026-06-02 18:52:34,014 - Step 01054: 78.7846 E_h, exp. variance=2016004.8750 E_h^2, pmove=0.23
2026-06-02 18:52:34,660 - Step 01055: 524.5848 E_h, exp. variance=1831564.6250 E_h^2, pmove=0.23
2026-06-02 18:52:35,307 - Step 01056: 297.5926 E_h, exp. variance=1683002.3750 E_h^2, pmove=0.23
2026-06-02 18:52:35,954 - Step 01057: 342.8816 E_h, exp. variance=1538359.3750 E_h^2, pmove=0.22
2026-06-02 18:52:36,599 - Step 01058: 361.9870 E_h, exp. variance=1402131.7500 E_h^2, pmove=0.23
2026-06-02 18:52:37,244 - Step 01059: 559.4252 E_h, exp. variance=1265542.0000 E_h^2, pmove=0.23
2026-06-02 18:52:37,890 - Step 01060: 1026.6659 E_h, exp. variance=1146383.1250 E_h^2, pmove=0.22
2026-06-02 18:52:38,535 - Step 01061: 238.2045 E_h, exp. variance=1057070.8750 E_h^2, pmove=0.22
2026-06-02 18:52:39,179 - Step 01062: 93.8280 E_h, exp. variance=986161.1250 E_h^2, pmove=0.23
2026-06-02 18:52:39,824 - Step 01063: 268.0314 E_h, exp. variance=900914.2500 E_h^2, pmove=0.23
2026-06-02 18:52:40,469 - Step 01064: 137.6578 E_h, exp. variance=831321.8750 E_h^2, pmove=0.23
2026-06-02 18:52:41,113 - Step 01065: 293.7653 E_h, exp. variance=754917.8125 E_h^2, pmove=0.24
2026-06-02 18:52:41,760 - Step 01066: 711.2908 E_h, exp. variance=682071.5625 E_h^2, pmove=0.23
2026-06-02 18:52:42,408 - Step 01067: 409.4851 E_h, exp. variance=615822.4375 E_h^2, pmove=0.23
2026-06-02 18:52:43,053 - Step 01068: 623.2399 E_h, exp. variance=554830.7500 E_h^2, pmove=0.23
2026-06-02 18:52:43,697 - Step 01069: 209.1109 E_h, exp. variance=509826.8125 E_h^2, pmove=0.23
2026-06-02 18:52:44,343 - Step 01070: 158.8976 E_h, exp. variance=470334.8750 E_h^2, pmove=0.22
2026-06-02 18:52:44,989 - Step 01071: 73.6150 E_h, exp. variance=438200.0625 E_h^2, pmove=0.23
2026-06-02 18:52:45,634 - Step 01072: 1317.4683 E_h, exp. variance=463707.8750 E_h^2, pmove=0.22
2026-06-02 18:52:46,280 - Step 01073: 277.8635 E_h, exp. variance=422948.5625 E_h^2, pmove=0.22
2026-06-02 18:52:46,925 - Step 01074: 118.2264 E_h, exp. variance=393950.0625 E_h^2, pmove=0.22
2026-06-02 18:52:47,571 - Step 01075: 158.2435 E_h, exp. variance=362977.4688 E_h^2, pmove=0.21
2026-06-02 18:52:48,218 - Step 01076: 138.8589 E_h, exp. variance=334496.3438 E_h^2, pmove=0.21
2026-06-02 18:52:48,863 - Step 01077: 230.9620 E_h, exp. variance=303744.4375 E_h^2, pmove=0.21
2026-06-02 18:52:49,509 - Step 01078: 141.5130 E_h, exp. variance=278784.0625 E_h^2, pmove=0.21
2026-06-02 18:52:50,154 - Step 01079: 137.6946 E_h, exp. variance=255444.0938 E_h^2, pmove=0.20
2026-06-02 18:52:50,800 - Step 01080: 378.8550 E_h, exp. variance=230036.9688 E_h^2, pmove=0.20
2026-06-02 18:52:51,445 - Step 01081: 4437.6401 E_h, exp. variance=1715461.6250 E_h^2, pmove=0.20
2026-06-02 18:52:52,091 - Step 01082: 165.8938 E_h, exp. variance=1574948.2500 E_h^2, pmove=0.21
2026-06-02 18:52:52,750 - Step 01083: 150.1805 E_h, exp. variance=1444106.8750 E_h^2, pmove=0.21
2026-06-02 18:52:53,395 - Step 01084: 94.6110 E_h, exp. variance=1326462.3750 E_h^2, pmove=0.21
2026-06-02 18:52:54,040 - Step 01085: 124.5956 E_h, exp. variance=1212928.6250 E_h^2, pmove=0.21
2026-06-02 18:52:54,685 - Step 01086: 174.2572 E_h, exp. variance=1103631.3750 E_h^2, pmove=0.21
2026-06-02 18:52:55,331 - Step 01087: 283.8474 E_h, exp. variance=997584.0625 E_h^2, pmove=0.21
2026-06-02 18:52:55,976 - Step 01088: 442.2574 E_h, exp. variance=897960.2500 E_h^2, pmove=0.21
2026-06-02 18:52:56,622 - Step 01089: 171.0403 E_h, exp. variance=816592.8750 E_h^2, pmove=0.20
2026-06-02 18:52:57,267 - Step 01090: 196.2302 E_h, exp. variance=740569.0625 E_h^2, pmove=0.20
2026-06-02 18:52:57,913 - Step 01091: 2705.5718 E_h, exp. variance=1136065.3750 E_h^2, pmove=0.21
2026-06-02 18:52:58,558 - Step 01092: 88.8036 E_h, exp. variance=1050788.6250 E_h^2, pmove=0.21
2026-06-02 18:52:59,203 - Step 01093: 84.9401 E_h, exp. variance=969009.5000 E_h^2, pmove=0.21
2026-06-02 18:52:59,850 - Step 01094: 929.8387 E_h, exp. variance=885585.7500 E_h^2, pmove=0.20
2026-06-02 18:53:00,497 - Step 01095: 100.8932 E_h, exp. variance=817821.1875 E_h^2, pmove=0.21
2026-06-02 18:53:01,144 - Step 01096: 156.5193 E_h, exp. variance=748829.1875 E_h^2, pmove=0.21
2026-06-02 18:53:01,788 - Step 01097: 100.2820 E_h, exp. variance=688025.3750 E_h^2, pmove=0.21
2026-06-02 18:53:02,434 - Step 01098: 222.6564 E_h, exp. variance=624133.6875 E_h^2, pmove=0.22
2026-06-02 18:53:03,078 - Step 01099: 154.3553 E_h, exp. variance=568702.5625 E_h^2, pmove=0.22
2026-06-02 18:53:03,723 - Step 01100: 389.7770 E_h, exp. variance=511853.2812 E_h^2, pmove=0.22
2026-06-02 18:53:04,369 - Step 01101: 305.2364 E_h, exp. variance=461537.1250 E_h^2, pmove=0.22
2026-06-02 18:53:05,015 - Step 01102: 68.4487 E_h, exp. variance=424903.3125 E_h^2, pmove=0.23
2026-06-02 18:53:05,660 - Step 01103: 91.8071 E_h, exp. variance=388942.5000 E_h^2, pmove=0.23
2026-06-02 18:53:06,305 - Step 01104: 190.3669 E_h, exp. variance=351910.7500 E_h^2, pmove=0.23
2026-06-02 18:53:06,951 - Step 01105: 109.0187 E_h, exp. variance=320719.6875 E_h^2, pmove=0.23
2026-06-02 18:53:07,596 - Step 01106: 441.9000 E_h, exp. variance=290491.8438 E_h^2, pmove=0.23
2026-06-02 18:53:08,242 - Step 01107: 358.3831 E_h, exp. variance=261627.4375 E_h^2, pmove=0.23
2026-06-02 18:53:08,888 - Step 01108: 102.7289 E_h, exp. variance=239620.0156 E_h^2, pmove=0.23
2026-06-02 18:53:09,533 - Step 01109: 77.6746 E_h, exp. variance=219952.4375 E_h^2, pmove=0.23
2026-06-02 18:53:10,177 - Step 01110: 434.8444 E_h, exp. variance=200277.7500 E_h^2, pmove=0.23
2026-06-02 18:53:10,823 - Step 01111: 73.8438 E_h, exp. variance=184467.8438 E_h^2, pmove=0.23
2026-06-02 18:53:11,468 - Step 01112: 155.8489 E_h, exp. variance=167166.8281 E_h^2, pmove=0.23
2026-06-02 18:53:12,114 - Step 01113: 409.7089 E_h, exp. variance=152538.0625 E_h^2, pmove=0.23
2026-06-02 18:53:12,760 - Step 01114: 4785.9287 E_h, exp. variance=1970574.2500 E_h^2, pmove=0.23
2026-06-02 18:53:13,405 - Step 01115: 1528.0128 E_h, exp. variance=1831702.2500 E_h^2, pmove=0.23
2026-06-02 18:53:14,056 - Step 01116: 121.4111 E_h, exp. variance=1690510.1250 E_h^2, pmove=0.23
2026-06-02 18:53:14,702 - Step 01117: 93.2145 E_h, exp. variance=1558652.6250 E_h^2, pmove=0.23
2026-06-02 18:53:15,346 - Step 01118: 120.0778 E_h, exp. variance=1430181.3750 E_h^2, pmove=0.23
2026-06-02 18:53:15,993 - Step 01119: 69.9623 E_h, exp. variance=1314057.6250 E_h^2, pmove=0.24
2026-06-02 18:53:16,639 - Step 01120: 324.5044 E_h, exp. variance=1187725.8750 E_h^2, pmove=0.24
2026-06-02 18:53:17,284 - Step 01121: 270.5240 E_h, exp. variance=1075402.0000 E_h^2, pmove=0.25
2026-06-02 18:53:17,929 - Step 01122: 110.1684 E_h, exp. variance=982353.1250 E_h^2, pmove=0.24
2026-06-02 18:53:18,574 - Step 01123: 135.1240 E_h, exp. variance=894289.5625 E_h^2, pmove=0.24
2026-06-02 18:53:19,219 - Step 01124: 65.9060 E_h, exp. variance=817300.6875 E_h^2, pmove=0.24
2026-06-02 18:53:19,868 - Step 01125: 409.9677 E_h, exp. variance=735578.6250 E_h^2, pmove=0.24
2026-06-02 18:53:20,514 - Step 01126: 81.2262 E_h, exp. variance=671250.0625 E_h^2, pmove=0.24
2026-06-02 18:53:21,159 - Step 01127: 170.3770 E_h, exp. variance=607691.1875 E_h^2, pmove=0.24
2026-06-02 18:53:21,805 - Step 01128: 112.8574 E_h, exp. variance=551963.2500 E_h^2, pmove=0.24
2026-06-02 18:53:22,450 - Step 01129: 3240.4448 E_h, exp. variance=1261298.6250 E_h^2, pmove=0.24
2026-06-02 18:53:23,096 - Step 01130: 61.1855 E_h, exp. variance=1163004.3750 E_h^2, pmove=0.24
2026-06-02 18:53:23,744 - Step 01131: 105.3552 E_h, exp. variance=1065447.0000 E_h^2, pmove=0.25
2026-06-02 18:53:24,389 - Step 01132: 100.7902 E_h, exp. variance=974423.5625 E_h^2, pmove=0.25
2026-06-02 18:53:25,036 - Step 01133: 140.8952 E_h, exp. variance=887000.0625 E_h^2, pmove=0.25
2026-06-02 18:53:25,681 - Step 01134: 49.9479 E_h, exp. variance=812075.5625 E_h^2, pmove=0.25
2026-06-02 18:53:26,327 - Step 01135: 70.0613 E_h, exp. variance=740787.8125 E_h^2, pmove=0.25
2026-06-02 18:53:26,972 - Step 01136: 70.0228 E_h, exp. variance=674746.1250 E_h^2, pmove=0.25
2026-06-02 18:53:27,621 - Step 01137: 49.8274 E_h, exp. variance=614795.9375 E_h^2, pmove=0.25
2026-06-02 18:53:28,270 - Step 01138: 1527.8878 E_h, exp. variance=686796.1875 E_h^2, pmove=0.25
2026-06-02 18:53:28,916 - Step 01139: 109.2658 E_h, exp. variance=627481.5000 E_h^2, pmove=0.25
2026-06-02 18:53:29,561 - Step 01140: 108.0195 E_h, exp. variance=572384.1875 E_h^2, pmove=0.25
2026-06-02 18:53:30,208 - Step 01141: 92.2421 E_h, exp. variance=522110.5625 E_h^2, pmove=0.25
2026-06-02 18:53:30,853 - Step 01142: 198.9830 E_h, exp. variance=471756.0625 E_h^2, pmove=0.25
2026-06-02 18:53:31,501 - Step 01143: 50.9155 E_h, exp. variance=431502.5312 E_h^2, pmove=0.25
2026-06-02 18:53:32,146 - Step 01144: 53.2678 E_h, exp. variance=393854.0000 E_h^2, pmove=0.26
2026-06-02 18:53:32,791 - Step 01145: 177.6756 E_h, exp. variance=355334.9375 E_h^2, pmove=0.26
2026-06-02 18:53:33,437 - Step 01146: 1049.5081 E_h, exp. variance=375054.2812 E_h^2, pmove=0.26
2026-06-02 18:53:34,081 - Step 01147: 255.1145 E_h, exp. variance=338265.1875 E_h^2, pmove=0.27
2026-06-02 18:53:34,727 - Step 01148: 90.7840 E_h, exp. variance=309824.3750 E_h^2, pmove=0.26
2026-06-02 18:53:35,375 - Step 01149: 702.0553 E_h, exp. variance=292608.9062 E_h^2, pmove=0.26
2026-06-02 18:53:36,021 - Step 01150: 50.2082 E_h, exp. variance=271439.8438 E_h^2, pmove=0.26
2026-06-02 18:53:36,667 - Step 01151: 54.9155 E_h, exp. variance=250623.5781 E_h^2, pmove=0.27
2026-06-02 18:53:37,312 - Step 01152: 46.7327 E_h, exp. variance=231044.2031 E_h^2, pmove=0.27
2026-06-02 18:53:37,959 - Step 01153: 112.7026 E_h, exp. variance=210134.8281 E_h^2, pmove=0.28
2026-06-02 18:53:38,605 - Step 01154: 50.4207 E_h, exp. variance=192824.1719 E_h^2, pmove=0.28
2026-06-02 18:53:39,265 - Step 01155: 109.4060 E_h, exp. variance=174915.9531 E_h^2, pmove=0.28
2026-06-02 18:53:39,910 - Step 01156: 2718.9880 E_h, exp. variance=719191.6875 E_h^2, pmove=0.27
2026-06-02 18:53:40,554 - Step 01157: 57.5702 E_h, exp. variance=662615.0625 E_h^2, pmove=0.27
2026-06-02 18:53:41,198 - Step 01158: 132.1040 E_h, exp. variance=604295.6250 E_h^2, pmove=0.27
2026-06-02 18:53:41,842 - Step 01159: 140.6653 E_h, exp. variance=549893.7500 E_h^2, pmove=0.27
2026-06-02 18:53:42,487 - Step 01160: 131.9036 E_h, exp. variance=500161.0312 E_h^2, pmove=0.27
2026-06-02 18:53:43,134 - Step 01161: 65.6817 E_h, exp. variance=457390.1875 E_h^2, pmove=0.27
2026-06-02 18:53:43,779 - Step 01162: 237.2832 E_h, exp. variance=412282.5000 E_h^2, pmove=0.27
2026-06-02 18:53:44,423 - Step 01163: 262.0805 E_h, exp. variance=371284.5312 E_h^2, pmove=0.26
2026-06-02 18:53:45,069 - Step 01164: 102.8930 E_h, exp. variance=337927.7188 E_h^2, pmove=0.26
2026-06-02 18:53:45,713 - Step 01165: 568.7605 E_h, exp. variance=311273.1562 E_h^2, pmove=0.27
2026-06-02 18:53:46,360 - Step 01166: 61.9257 E_h, exp. variance=285923.5625 E_h^2, pmove=0.26
2026-06-02 18:53:47,008 - Step 01167: 59.4499 E_h, exp. variance=262113.3281 E_h^2, pmove=0.27
2026-06-02 18:53:47,655 - Step 01168: 660.3318 E_h, exp. variance=249832.3438 E_h^2, pmove=0.27
2026-06-02 18:53:48,301 - Step 01169: 76.4789 E_h, exp. variance=229600.6719 E_h^2, pmove=0.27
2026-06-02 18:53:48,946 - Step 01170: 69.7041 E_h, exp. variance=210745.6875 E_h^2, pmove=0.27
2026-06-02 18:53:49,592 - Step 01171: 68.2610 E_h, exp. variance=193046.3438 E_h^2, pmove=0.28
2026-06-02 18:53:50,238 - Step 01172: 71.6122 E_h, exp. variance=176371.5156 E_h^2, pmove=0.28
2026-06-02 18:53:50,884 - Step 01173: 66.1815 E_h, exp. variance=161017.5469 E_h^2, pmove=0.28
2026-06-02 18:53:51,530 - Step 01174: 99.3828 E_h, exp. variance=146007.7031 E_h^2, pmove=0.28
2026-06-02 18:53:52,175 - Step 01175: 56.3242 E_h, exp. variance=133226.5781 E_h^2, pmove=0.28
2026-06-02 18:53:52,826 - Step 01176: 53.3561 E_h, exp. variance=121446.9844 E_h^2, pmove=0.29
2026-06-02 18:53:53,471 - Step 01177: 86.9886 E_h, exp. variance=109940.5547 E_h^2, pmove=0.29
2026-06-02 18:53:54,117 - Step 01178: 63.9714 E_h, exp. variance=99825.1953 E_h^2, pmove=0.29
2026-06-02 18:53:54,763 - Step 01179: 44.4096 E_h, exp. variance=90901.9766 E_h^2, pmove=0.29
2026-06-02 18:53:55,408 - Step 01180: 54.1268 E_h, exp. variance=82507.5312 E_h^2, pmove=0.29
2026-06-02 18:53:56,055 - Step 01181: 83.2802 E_h, exp. variance=74481.5781 E_h^2, pmove=0.30
2026-06-02 18:53:56,702 - Step 01182: 585.1775 E_h, exp. variance=85823.0000 E_h^2, pmove=0.30
2026-06-02 18:53:57,348 - Step 01183: 52.1919 E_h, exp. variance=78575.0000 E_h^2, pmove=0.29
2026-06-02 18:53:57,993 - Step 01184: 187.8124 E_h, exp. variance=70778.5078 E_h^2, pmove=0.29
2026-06-02 18:53:58,640 - Step 01185: 63.8713 E_h, exp. variance=64609.8320 E_h^2, pmove=0.29
2026-06-02 18:53:59,287 - Step 01186: 44.8148 E_h, exp. variance=59228.2461 E_h^2, pmove=0.29
2026-06-02 18:53:59,933 - Step 01187: 80.2316 E_h, exp. variance=53664.2891 E_h^2, pmove=0.29
2026-06-02 18:54:00,580 - Step 01188: 109.3111 E_h, exp. variance=48367.1719 E_h^2, pmove=0.29
2026-06-02 18:54:01,225 - Step 01189: 2168.3616 E_h, exp. variance=415901.5312 E_h^2, pmove=0.29
2026-06-02 18:54:01,870 - Step 01190: 76.0479 E_h, exp. variance=380472.7188 E_h^2, pmove=0.30
2026-06-02 18:54:02,519 - Step 01191: 66.0000 E_h, exp. variance=347851.1250 E_h^2, pmove=0.30
2026-06-02 18:54:03,166 - Step 01192: 51.1311 E_h, exp. variance=318072.1250 E_h^2, pmove=0.29
2026-06-02 18:54:03,812 - Step 01193: 41.8255 E_h, exp. variance=290683.1875 E_h^2, pmove=0.30
2026-06-02 18:54:04,458 - Step 01194: 49.9064 E_h, exp. variance=264909.4688 E_h^2, pmove=0.30
2026-06-02 18:54:05,106 - Step 01195: 59.2828 E_h, exp. variance=240804.4375 E_h^2, pmove=0.30
2026-06-02 18:54:05,752 - Step 01196: 60.1325 E_h, exp. variance=218634.2500 E_h^2, pmove=0.30
2026-06-02 18:54:06,398 - Step 01197: 42.0558 E_h, exp. variance=198774.1719 E_h^2, pmove=0.30
2026-06-02 18:54:07,045 - Step 01198: 35.0264 E_h, exp. variance=180693.8281 E_h^2, pmove=0.31
2026-06-02 18:54:07,691 - Step 01199: 75.9859 E_h, exp. variance=163293.4219 E_h^2, pmove=0.32
2026-06-02 18:54:08,338 - Step 01200: 46.3670 E_h, exp. variance=147998.5938 E_h^2, pmove=0.32
2026-06-02 18:54:08,986 - Step 01201: 161.9699 E_h, exp. variance=133231.5938 E_h^2, pmove=0.33
2026-06-02 18:54:09,632 - Step 01202: 40.1644 E_h, exp. variance=120893.2422 E_h^2, pmove=0.32
2026-06-02 18:54:10,279 - Step 01203: 82.8676 E_h, exp. variance=109042.0781 E_h^2, pmove=0.32
2026-06-02 18:54:10,925 - Step 01204: 77.3791 E_h, exp. variance=98379.2266 E_h^2, pmove=0.32
2026-06-02 18:54:11,572 - Step 01205: 41.3425 E_h, exp. variance=89156.0078 E_h^2, pmove=0.31
2026-06-02 18:54:12,218 - Step 01206: 30.4528 E_h, exp. variance=80894.7812 E_h^2, pmove=0.32
2026-06-02 18:54:12,864 - Step 01207: 51.5441 E_h, exp. variance=73084.0312 E_h^2, pmove=0.34
2026-06-02 18:54:13,510 - Step 01208: 36.8335 E_h, exp. variance=66153.5000 E_h^2, pmove=0.34
2026-06-02 18:54:14,158 - Step 01209: 798.1531 E_h, exp. variance=104017.2812 E_h^2, pmove=0.34
2026-06-02 18:54:14,805 - Step 01210: 69.5424 E_h, exp. variance=94443.4062 E_h^2, pmove=0.34
2026-06-02 18:54:15,452 - Step 01211: 39.6568 E_h, exp. variance=86214.3516 E_h^2, pmove=0.34
2026-06-02 18:54:16,099 - Step 01212: 554.1132 E_h, exp. variance=92712.5859 E_h^2, pmove=0.35
2026-06-02 18:54:16,745 - Step 01213: 37.9602 E_h, exp. variance=85393.2031 E_h^2, pmove=0.35
2026-06-02 18:54:17,392 - Step 01214: 34.3831 E_h, exp. variance=78521.3906 E_h^2, pmove=0.36
2026-06-02 18:54:18,039 - Step 01215: 47.7393 E_h, exp. variance=71741.4766 E_h^2, pmove=0.36
2026-06-02 18:54:18,686 - Step 01216: 31.0375 E_h, exp. variance=65756.2578 E_h^2, pmove=0.36
2026-06-02 18:54:19,332 - Step 01217: 57.7548 E_h, exp. variance=59710.4414 E_h^2, pmove=0.37
2026-06-02 18:54:19,978 - Step 01218: 62.5367 E_h, exp. variance=54111.1641 E_h^2, pmove=0.37
2026-06-02 18:54:20,625 - Step 01219: 83.0399 E_h, exp. variance=48825.5352 E_h^2, pmove=0.37
2026-06-02 18:54:21,272 - Step 01220: 49.2614 E_h, exp. variance=44351.6484 E_h^2, pmove=0.37
2026-06-02 18:54:21,920 - Step 01221: 35.7653 E_h, exp. variance=40411.2227 E_h^2, pmove=0.37
2026-06-02 18:54:22,567 - Step 01222: 102.7580 E_h, exp. variance=36370.1055 E_h^2, pmove=0.37
2026-06-02 18:54:23,213 - Step 01223: 60.0437 E_h, exp. variance=32895.4766 E_h^2, pmove=0.38
2026-06-02 18:54:23,860 - Step 01224: 33.2150 E_h, exp. variance=29986.8496 E_h^2, pmove=0.38
2026-06-02 18:54:24,508 - Step 01225: 33.7647 E_h, exp. variance=27290.9453 E_h^2, pmove=0.38
2026-06-02 18:54:25,155 - Step 01226: 168.7459 E_h, exp. variance=25178.5684 E_h^2, pmove=0.39
2026-06-02 18:54:25,815 - Step 01227: 39.2266 E_h, exp. variance=22933.1387 E_h^2, pmove=0.39
2026-06-02 18:54:26,462 - Step 01228: 2763.2292 E_h, exp. variance=664398.8750 E_h^2, pmove=0.39
2026-06-02 18:54:27,109 - Step 01229: 68.8781 E_h, exp. variance=605388.3750 E_h^2, pmove=0.39
2026-06-02 18:54:27,755 - Step 01230: 44.1405 E_h, exp. variance=552073.8125 E_h^2, pmove=0.39
2026-06-02 18:54:28,401 - Step 01231: 39.0124 E_h, exp. variance=502955.8125 E_h^2, pmove=0.39
2026-06-02 18:54:29,048 - Step 01232: 64.5276 E_h, exp. variance=456576.0625 E_h^2, pmove=0.40
2026-06-02 18:54:29,697 - Step 01233: 41.9840 E_h, exp. variance=414897.7812 E_h^2, pmove=0.40
2026-06-02 18:54:30,344 - Step 01234: 41.1686 E_h, exp. variance=376659.0938 E_h^2, pmove=0.40
2026-06-02 18:54:30,990 - Step 01235: 41.0852 E_h, exp. variance=341629.1250 E_h^2, pmove=0.40
2026-06-02 18:54:31,642 - Step 01236: 65.0529 E_h, exp. variance=308988.5625 E_h^2, pmove=0.41
2026-06-02 18:54:32,289 - Step 01237: 30.3288 E_h, exp. variance=280162.9375 E_h^2, pmove=0.40
2026-06-02 18:54:32,936 - Step 01238: 86.3374 E_h, exp. variance=252731.1562 E_h^2, pmove=0.40
2026-06-02 18:54:33,583 - Step 01239: 128.0450 E_h, exp. variance=227543.5312 E_h^2, pmove=0.40
2026-06-02 18:54:34,233 - Step 01240: 40.4496 E_h, exp. variance=205986.3906 E_h^2, pmove=0.40
2026-06-02 18:54:34,880 - Step 01241: 107.2891 E_h, exp. variance=185510.7031 E_h^2, pmove=0.40
2026-06-02 18:54:35,526 - Step 01242: 40.1930 E_h, exp. variance=167866.1719 E_h^2, pmove=0.41
2026-06-02 18:54:36,177 - Step 01243: 125.0243 E_h, exp. variance=151082.2656 E_h^2, pmove=0.41
2026-06-02 18:54:36,824 - Step 01244: 36.2579 E_h, exp. variance=136764.4062 E_h^2, pmove=0.41
2026-06-02 18:54:37,470 - Step 01245: 143.2958 E_h, exp. variance=123134.3281 E_h^2, pmove=0.41
2026-06-02 18:54:38,120 - Step 01246: 242.4580 E_h, exp. variance=112108.0391 E_h^2, pmove=0.40
2026-06-02 18:54:38,770 - Step 01247: 45.6571 E_h, exp. variance=101612.8516 E_h^2, pmove=0.41
2026-06-02 18:54:39,417 - Step 01248: 394.3047 E_h, exp. variance=97934.7656 E_h^2, pmove=0.41
2026-06-02 18:54:40,064 - Step 01249: 33.5245 E_h, exp. variance=89420.6094 E_h^2, pmove=0.41
2026-06-02 18:54:40,711 - Step 01250: 821.6139 E_h, exp. variance=122190.8906 E_h^2, pmove=0.41
2026-06-02 18:54:41,358 - Step 01251: 46.6906 E_h, exp. variance=112340.0469 E_h^2, pmove=0.41
2026-06-02 18:54:42,007 - Step 01252: 37.1271 E_h, exp. variance=103283.8672 E_h^2, pmove=0.42
2026-06-02 18:54:42,654 - Step 01253: 1816.7024 E_h, exp. variance=334893.6875 E_h^2, pmove=0.41
2026-06-02 18:54:43,301 - Step 01254: 37.1270 E_h, exp. variance=309719.5312 E_h^2, pmove=0.40
2026-06-02 18:54:43,948 - Step 01255: 3686.4492 E_h, exp. variance=1304364.8750 E_h^2, pmove=0.41
2026-06-02 18:54:44,594 - Step 01256: 54.3437 E_h, exp. variance=1205675.2500 E_h^2, pmove=0.41
2026-06-02 18:54:45,241 - Step 01257: 30.9191 E_h, exp. variance=1113125.8750 E_h^2, pmove=0.40
2026-06-02 18:54:45,890 - Step 01258: 63.3170 E_h, exp. variance=1021674.1250 E_h^2, pmove=0.40
2026-06-02 18:54:46,538 - Step 01259: 40.6363 E_h, exp. variance=937366.3125 E_h^2, pmove=0.40
2026-06-02 18:54:47,185 - Step 01260: 42.5445 E_h, exp. variance=857958.5625 E_h^2, pmove=0.40
2026-06-02 18:54:47,833 - Step 01261: 45.9542 E_h, exp. variance=783549.6875 E_h^2, pmove=0.40
2026-06-02 18:54:48,479 - Step 01262: 37.2959 E_h, exp. variance=714923.8750 E_h^2, pmove=0.40
2026-06-02 18:54:49,125 - Step 01263: 76.3256 E_h, exp. variance=649370.3750 E_h^2, pmove=0.40
2026-06-02 18:54:49,774 - Step 01264: 56.2407 E_h, exp. variance=590115.9375 E_h^2, pmove=0.40
2026-06-02 18:54:50,420 - Step 01265: 49.6611 E_h, exp. variance=535978.9375 E_h^2, pmove=0.39
2026-06-02 18:54:51,068 - Step 01266: 52.9600 E_h, exp. variance=486206.0938 E_h^2, pmove=0.39
2026-06-02 18:54:51,715 - Step 01267: 43.9882 E_h, exp. variance=440990.6562 E_h^2, pmove=0.38
2026-06-02 18:54:52,361 - Step 01268: 370.9296 E_h, exp. variance=398967.6562 E_h^2, pmove=0.38
2026-06-02 18:54:53,009 - Step 01269: 33.4529 E_h, exp. variance=362699.1875 E_h^2, pmove=0.38
2026-06-02 18:54:53,659 - Step 01270: 32.2640 E_h, exp. variance=329407.0000 E_h^2, pmove=0.39
2026-06-02 18:54:54,306 - Step 01271: 27.4441 E_h, exp. variance=299022.3750 E_h^2, pmove=0.39
2026-06-02 18:54:54,952 - Step 01272: 48.5119 E_h, exp. variance=270655.3438 E_h^2, pmove=0.40
2026-06-02 18:54:55,599 - Step 01273: 32.9380 E_h, exp. variance=245184.6562 E_h^2, pmove=0.41
2026-06-02 18:54:56,246 - Step 01274: 27.1626 E_h, exp. variance=222085.5625 E_h^2, pmove=0.41
2026-06-02 18:54:56,893 - Step 01275: 37.1097 E_h, exp. variance=200833.2344 E_h^2, pmove=0.41
2026-06-02 18:54:57,543 - Step 01276: 28.9022 E_h, exp. variance=181667.5625 E_h^2, pmove=0.42
2026-06-02 18:54:58,190 - Step 01277: 37.2016 E_h, exp. variance=164114.5469 E_h^2, pmove=0.42
2026-06-02 18:54:58,838 - Step 01278: 32.5491 E_h, exp. variance=148264.4062 E_h^2, pmove=0.42
2026-06-02 18:54:59,484 - Step 01279: 39.9829 E_h, exp. variance=133802.5000 E_h^2, pmove=0.43
2026-06-02 18:55:00,134 - Step 01280: 28.3611 E_h, exp. variance=120849.5078 E_h^2, pmove=0.42
2026-06-02 18:55:00,782 - Step 01281: 28.0307 E_h, exp. variance=109114.3281 E_h^2, pmove=0.43
2026-06-02 18:55:01,430 - Step 01282: 26.0052 E_h, exp. variance=98507.0391 E_h^2, pmove=0.44
2026-06-02 18:55:02,078 - Step 01283: 27.6525 E_h, exp. variance=88887.4219 E_h^2, pmove=0.44
2026-06-02 18:55:02,725 - Step 01284: 26.3501 E_h, exp. variance=80196.6953 E_h^2, pmove=0.45
2026-06-02 18:55:03,372 - Step 01285: 26.6784 E_h, exp. variance=72334.9375 E_h^2, pmove=0.46
2026-06-02 18:55:04,019 - Step 01286: 34.6539 E_h, exp. variance=65180.9570 E_h^2, pmove=0.45
2026-06-02 18:55:04,666 - Step 01287: 41.5450 E_h, exp. variance=58698.3555 E_h^2, pmove=0.45
2026-06-02 18:55:05,313 - Step 01288: 36.2995 E_h, exp. variance=52876.6250 E_h^2, pmove=0.45
2026-06-02 18:55:05,959 - Step 01289: 176.5438 E_h, exp. variance=48872.8203 E_h^2, pmove=0.45
2026-06-02 18:55:06,606 - Step 01290: 28.4086 E_h, exp. variance=44134.1992 E_h^2, pmove=0.45
2026-06-02 18:55:07,253 - Step 01291: 31.5475 E_h, exp. variance=39821.4141 E_h^2, pmove=0.45
2026-06-02 18:55:07,899 - Step 01292: 122.2820 E_h, exp. variance=36170.2109 E_h^2, pmove=0.45
2026-06-02 18:55:08,545 - Step 01293: 35.2022 E_h, exp. variance=32648.2754 E_h^2, pmove=0.44
2026-06-02 18:55:09,192 - Step 01294: 31.6990 E_h, exp. variance=29480.0195 E_h^2, pmove=0.45
2026-06-02 18:55:09,838 - Step 01295: 40.0207 E_h, exp. variance=26572.3125 E_h^2, pmove=0.44
2026-06-02 18:55:10,491 - Step 01296: 117.0786 E_h, exp. variance=24217.9883 E_h^2, pmove=0.44
2026-06-02 18:55:11,138 - Step 01297: 26.1576 E_h, exp. variance=21931.0391 E_h^2, pmove=0.43
2026-06-02 18:55:11,785 - Step 01298: 57.2328 E_h, exp. variance=19739.2090 E_h^2, pmove=0.44
2026-06-02 18:55:12,431 - Step 01299: 57.3409 E_h, exp. variance=17766.2539 E_h^2, pmove=0.44
2026-06-02 18:55:13,078 - Step 01300: 239.6924 E_h, exp. variance=18886.2637 E_h^2, pmove=0.43
2026-06-02 18:55:13,726 - Step 01301: 82.3713 E_h, exp. variance=16999.1797 E_h^2, pmove=0.43
2026-06-02 18:55:14,374 - Step 01302: 26.8209 E_h, exp. variance=15540.9795 E_h^2, pmove=0.44
2026-06-02 18:55:15,020 - Step 01303: 38.1891 E_h, exp. variance=14098.8613 E_h^2, pmove=0.44
2026-06-02 18:55:15,667 - Step 01304: 55.7989 E_h, exp. variance=12706.9609 E_h^2, pmove=0.44
2026-06-02 18:55:16,314 - Step 01305: 26.7037 E_h, exp. variance=11593.6523 E_h^2, pmove=0.43
2026-06-02 18:55:16,961 - Step 01306: 52.9250 E_h, exp. variance=10446.0137 E_h^2, pmove=0.44
2026-06-02 18:55:17,609 - Step 01307: 63.8884 E_h, exp. variance=9401.4551 E_h^2, pmove=0.44
2026-06-02 18:55:18,255 - Step 01308: 34.3303 E_h, exp. variance=8536.6719 E_h^2, pmove=0.43
2026-06-02 18:55:18,901 - Step 01309: 2055.2781 E_h, exp. variance=365850.8750 E_h^2, pmove=0.43
2026-06-02 18:55:19,548 - Step 01310: 30.6495 E_h, exp. variance=333994.3125 E_h^2, pmove=0.43
2026-06-02 18:55:20,195 - Step 01311: 26.4310 E_h, exp. variance=304583.2500 E_h^2, pmove=0.44
2026-06-02 18:55:20,842 - Step 01312: 35.6990 E_h, exp. variance=277047.1562 E_h^2, pmove=0.44
2026-06-02 18:55:21,490 - Step 01313: 46.9661 E_h, exp. variance=251391.9844 E_h^2, pmove=0.44
2026-06-02 18:55:22,137 - Step 01314: 27.0355 E_h, exp. variance=228435.9062 E_h^2, pmove=0.43
2026-06-02 18:55:22,784 - Step 01315: 35.7772 E_h, exp. variance=207146.9531 E_h^2, pmove=0.44
2026-06-02 18:55:23,431 - Step 01316: 28.1637 E_h, exp. variance=187858.8438 E_h^2, pmove=0.44
2026-06-02 18:55:24,078 - Step 01317: 24.9125 E_h, exp. variance=170295.7500 E_h^2, pmove=0.44
2026-06-02 18:55:24,726 - Step 01318: 25.3804 E_h, exp. variance=154247.8125 E_h^2, pmove=0.45
2026-06-02 18:55:25,373 - Step 01319: 95.1756 E_h, exp. variance=138875.7344 E_h^2, pmove=0.45
2026-06-02 18:55:26,019 - Step 01320: 33.4988 E_h, exp. variance=125614.9922 E_h^2, pmove=0.44
2026-06-02 18:55:26,666 - Step 01321: 98.7955 E_h, exp. variance=113062.1562 E_h^2, pmove=0.44
2026-06-02 18:55:27,312 - Step 01322: 70.3100 E_h, exp. variance=101881.2734 E_h^2, pmove=0.43
2026-06-02 18:55:27,959 - Step 01323: 55.2243 E_h, exp. variance=91906.3438 E_h^2, pmove=0.43
2026-06-02 18:55:28,607 - Step 01324: 34.6404 E_h, exp. variance=83088.8359 E_h^2, pmove=0.43
2026-06-02 18:55:29,253 - Step 01325: 58.1758 E_h, exp. variance=74886.5391 E_h^2, pmove=0.43
2026-06-02 18:55:29,900 - Step 01326: 65.8922 E_h, exp. variance=67446.5625 E_h^2, pmove=0.43
2026-06-02 18:55:30,547 - Step 01327: 467.6392 E_h, exp. variance=73753.8125 E_h^2, pmove=0.43
2026-06-02 18:55:31,195 - Step 01328: 30.5516 E_h, exp. variance=67179.6484 E_h^2, pmove=0.43
2026-06-02 18:55:31,844 - Step 01329: 27.8533 E_h, exp. variance=61152.5742 E_h^2, pmove=0.42
2026-06-02 18:55:32,491 - Step 01330: 26.0515 E_h, exp. variance=55622.8008 E_h^2, pmove=0.42
2026-06-02 18:55:33,138 - Step 01331: 32.0165 E_h, exp. variance=50460.0234 E_h^2, pmove=0.43
2026-06-02 18:55:33,785 - Step 01332: 37.0288 E_h, exp. variance=45685.7812 E_h^2, pmove=0.42
2026-06-02 18:55:34,432 - Step 01333: 32.8851 E_h, exp. variance=41375.7617 E_h^2, pmove=0.42
2026-06-02 18:55:35,079 - Step 01334: 39.3056 E_h, exp. variance=37395.5781 E_h^2, pmove=0.43
2026-06-02 18:55:35,726 - Step 01335: 24.7089 E_h, exp. variance=33901.5703 E_h^2, pmove=0.43
2026-06-02 18:55:36,373 - Step 01336: 23.2927 E_h, exp. variance=30722.4727 E_h^2, pmove=0.44
2026-06-02 18:55:37,019 - Step 01337: 24.5624 E_h, exp. variance=27811.3691 E_h^2, pmove=0.45
2026-06-02 18:55:37,666 - Step 01338: 27.2056 E_h, exp. variance=25143.2676 E_h^2, pmove=0.44
2026-06-02 18:55:38,314 - Step 01339: 41.8807 E_h, exp. variance=22655.6289 E_h^2, pmove=0.44
2026-06-02 18:55:38,960 - Step 01340: 24.8818 E_h, exp. variance=20485.1113 E_h^2, pmove=0.44
2026-06-02 18:55:39,610 - Step 01341: 27.6200 E_h, exp. variance=18499.8477 E_h^2, pmove=0.43
2026-06-02 18:55:40,257 - Step 01342: 27.6982 E_h, exp. variance=16700.7578 E_h^2, pmove=0.43
2026-06-02 18:55:40,904 - Step 01343: 23.5126 E_h, exp. variance=15089.6074 E_h^2, pmove=0.44
2026-06-02 18:55:41,552 - Step 01344: 24.0973 E_h, exp. variance=13625.9834 E_h^2, pmove=0.44
2026-06-02 18:55:42,200 - Step 01345: 24.5961 E_h, exp. variance=12298.3164 E_h^2, pmove=0.45
2026-06-02 18:55:42,847 - Step 01346: 50.7514 E_h, exp. variance=11074.8711 E_h^2, pmove=0.46
2026-06-02 18:55:43,496 - Step 01347: 22.4513 E_h, exp. variance=10006.0156 E_h^2, pmove=0.46
2026-06-02 18:55:44,143 - Step 01348: 23.1545 E_h, exp. variance=9034.3896 E_h^2, pmove=0.46
2026-06-02 18:55:44,790 - Step 01349: 26.0760 E_h, exp. variance=8146.6968 E_h^2, pmove=0.46
2026-06-02 18:55:45,437 - Step 01350: 27.6990 E_h, exp. variance=7341.5410 E_h^2, pmove=0.46
2026-06-02 18:55:46,084 - Step 01351: 25.8059 E_h, exp. variance=6618.5688 E_h^2, pmove=0.46
2026-06-02 18:55:46,735 - Step 01352: 72.7177 E_h, exp. variance=6079.1230 E_h^2, pmove=0.46
2026-06-02 18:55:47,383 - Step 01353: 27.5655 E_h, exp. variance=5484.0854 E_h^2, pmove=0.46
2026-06-02 18:55:48,030 - Step 01354: 41.4001 E_h, exp. variance=4936.5254 E_h^2, pmove=0.46
2026-06-02 18:55:48,678 - Step 01355: 25.1069 E_h, exp. variance=4459.3477 E_h^2, pmove=0.46
2026-06-02 18:55:49,331 - Step 01356: 24.0024 E_h, exp. variance=4029.2886 E_h^2, pmove=0.46
2026-06-02 18:55:49,979 - Step 01357: 31.1636 E_h, exp. variance=3628.4263 E_h^2, pmove=0.46
2026-06-02 18:55:50,631 - Step 01358: 25.9964 E_h, exp. variance=3273.6719 E_h^2, pmove=0.46
2026-06-02 18:55:51,282 - Step 01359: 371.5166 E_h, exp. variance=13166.7920 E_h^2, pmove=0.46
2026-06-02 18:55:51,930 - Step 01360: 22.2920 E_h, exp. variance=12040.0166 E_h^2, pmove=0.46
2026-06-02 18:55:52,579 - Step 01361: 1644.2356 E_h, exp. variance=235683.1875 E_h^2, pmove=0.47
2026-06-02 18:55:53,228 - Step 01362: 21.8086 E_h, exp. variance=215710.7344 E_h^2, pmove=0.46
2026-06-02 18:55:53,876 - Step 01363: 56.9157 E_h, exp. variance=196026.4219 E_h^2, pmove=0.47
2026-06-02 18:55:54,526 - Step 01364: 21.0289 E_h, exp. variance=178909.7188 E_h^2, pmove=0.47
2026-06-02 18:55:55,174 - Step 01365: 1233.5186 E_h, exp. variance=262699.0938 E_h^2, pmove=0.47
2026-06-02 18:55:55,823 - Step 01366: 28.6142 E_h, exp. variance=241977.2031 E_h^2, pmove=0.47
2026-06-02 18:55:56,471 - Step 01367: 22.3926 E_h, exp. variance=222527.1094 E_h^2, pmove=0.46
2026-06-02 18:55:57,119 - Step 01368: 23.3610 E_h, exp. variance=204084.0156 E_h^2, pmove=0.47
2026-06-02 18:55:57,767 - Step 01369: 26.5145 E_h, exp. variance=186657.2031 E_h^2, pmove=0.47
2026-06-02 18:55:58,419 - Step 01370: 27.9893 E_h, exp. variance=170363.2812 E_h^2, pmove=0.47
2026-06-02 18:55:59,067 - Step 01371: 49.7203 E_h, exp. variance=154719.1094 E_h^2, pmove=0.47
2026-06-02 18:55:59,716 - Step 01372: 51.1609 E_h, exp. variance=140346.0156 E_h^2, pmove=0.47
2026-06-02 18:56:00,365 - Step 01373: 22.2793 E_h, exp. variance=127793.5156 E_h^2, pmove=0.46
2026-06-02 18:56:01,014 - Step 01374: 36.3548 E_h, exp. variance=115939.8750 E_h^2, pmove=0.47
2026-06-02 18:56:01,665 - Step 01375: 27.5216 E_h, exp. variance=105247.8594 E_h^2, pmove=0.47
2026-06-02 18:56:02,313 - Step 01376: 21.3883 E_h, exp. variance=95556.5234 E_h^2, pmove=0.47
2026-06-02 18:56:02,961 - Step 01377: 30.2106 E_h, exp. variance=86545.4375 E_h^2, pmove=0.47
2026-06-02 18:56:03,609 - Step 01378: 164.8704 E_h, exp. variance=78267.0781 E_h^2, pmove=0.48
2026-06-02 18:56:04,257 - Step 01379: 26.7479 E_h, exp. variance=71015.4453 E_h^2, pmove=0.47
2026-06-02 18:56:04,905 - Step 01380: 38.7989 E_h, exp. variance=64236.7266 E_h^2, pmove=0.47
2026-06-02 18:56:05,556 - Step 01381: 35.6520 E_h, exp. variance=58105.9688 E_h^2, pmove=0.47
2026-06-02 18:56:06,204 - Step 01382: 20.6111 E_h, exp. variance=52692.0000 E_h^2, pmove=0.47
2026-06-02 18:56:06,853 - Step 01383: 25.1512 E_h, exp. variance=47697.0938 E_h^2, pmove=0.46
2026-06-02 18:56:07,501 - Step 01384: 19.6280 E_h, exp. variance=43201.7070 E_h^2, pmove=0.46
2026-06-02 18:56:08,149 - Step 01385: 26.0527 E_h, exp. variance=39049.9883 E_h^2, pmove=0.47
2026-06-02 18:56:08,798 - Step 01386: 26.2156 E_h, exp. variance=35280.2969 E_h^2, pmove=0.47
2026-06-02 18:56:09,449 - Step 01387: 41.5892 E_h, exp. variance=31786.5723 E_h^2, pmove=0.47
2026-06-02 18:56:10,098 - Step 01388: 21.3353 E_h, exp. variance=28736.6797 E_h^2, pmove=0.46
2026-06-02 18:56:10,747 - Step 01389: 113.0997 E_h, exp. variance=26162.8770 E_h^2, pmove=0.45
2026-06-02 18:56:11,395 - Step 01390: 28.2321 E_h, exp. variance=23644.1094 E_h^2, pmove=0.45
2026-06-02 18:56:12,044 - Step 01391: 28.6178 E_h, exp. variance=21356.6465 E_h^2, pmove=0.45
2026-06-02 18:56:12,695 - Step 01392: 46.9093 E_h, exp. variance=19226.7773 E_h^2, pmove=0.45
2026-06-02 18:56:13,345 - Step 01393: 429.4495 E_h, exp. variance=29981.8184 E_h^2, pmove=0.44
2026-06-02 18:56:13,995 - Step 01394: 32.8772 E_h, exp. variance=27294.6582 E_h^2, pmove=0.44
2026-06-02 18:56:14,643 - Step 01395: 184.5591 E_h, exp. variance=25443.2656 E_h^2, pmove=0.45
2026-06-02 18:56:15,292 - Step 01396: 153.9128 E_h, exp. variance=23204.3223 E_h^2, pmove=0.45
2026-06-02 18:56:15,941 - Step 01397: 20.9949 E_h, exp. variance=21467.0020 E_h^2, pmove=0.45
2026-06-02 18:56:16,590 - Step 01398: 19.9340 E_h, exp. variance=19806.5566 E_h^2, pmove=0.45
2026-06-02 18:56:17,240 - Step 01399: 23.9729 E_h, exp. variance=18173.1426 E_h^2, pmove=0.46
2026-06-02 18:56:17,889 - Step 01400: 21.4633 E_h, exp. variance=16662.9121 E_h^2, pmove=0.46
2026-06-02 18:56:18,537 - Step 01401: 18.6938 E_h, exp. variance=15272.2578 E_h^2, pmove=0.46
2026-06-02 18:56:19,186 - Step 01402: 24.2607 E_h, exp. variance=13921.1777 E_h^2, pmove=0.46
2026-06-02 18:56:19,834 - Step 01403: 21.7489 E_h, exp. variance=12690.3076 E_h^2, pmove=0.46
2026-06-02 18:56:20,483 - Step 01404: 42.8414 E_h, exp. variance=11447.2939 E_h^2, pmove=0.47
2026-06-02 18:56:21,131 - Step 01405: 18.1610 E_h, exp. variance=10446.4404 E_h^2, pmove=0.46
2026-06-02 18:56:21,781 - Step 01406: 23.8712 E_h, exp. variance=9484.2832 E_h^2, pmove=0.47
2026-06-02 18:56:22,429 - Step 01407: 1236.4927 E_h, exp. variance=134996.0312 E_h^2, pmove=0.47
2026-06-02 18:56:23,077 - Step 01408: 49.1825 E_h, exp. variance=122802.6641 E_h^2, pmove=0.47
2026-06-02 18:56:23,727 - Step 01409: 18.2370 E_h, exp. variance=112270.5781 E_h^2, pmove=0.46
2026-06-02 18:56:24,376 - Step 01410: 24.2885 E_h, exp. variance=102326.2109 E_h^2, pmove=0.47
2026-06-02 18:56:25,025 - Step 01411: 56.2967 E_h, exp. variance=92605.7422 E_h^2, pmove=0.46
2026-06-02 18:56:25,673 - Step 01412: 36.9142 E_h, exp. variance=84030.6953 E_h^2, pmove=0.46
2026-06-02 18:56:26,322 - Step 01413: 3233.7173 E_h, exp. variance=950744.2500 E_h^2, pmove=0.46
2026-06-02 18:56:26,971 - Step 01414: 21.9665 E_h, exp. variance=870455.4375 E_h^2, pmove=0.45
2026-06-02 18:56:27,620 - Step 01415: 53.1733 E_h, exp. variance=793424.8125 E_h^2, pmove=0.46
2026-06-02 18:56:28,276 - Step 01416: 19.2518 E_h, exp. variance=724131.0625 E_h^2, pmove=0.46
2026-06-02 18:56:28,925 - Step 01417: 21.3460 E_h, exp. variance=659744.5000 E_h^2, pmove=0.46
2026-06-02 18:56:29,574 - Step 01418: 18.7343 E_h, exp. variance=600398.5000 E_h^2, pmove=0.46
2026-06-02 18:56:30,224 - Step 01419: 18.2826 E_h, exp. variance=545747.5625 E_h^2, pmove=0.46
2026-06-02 18:56:30,874 - Step 01420: 34.9707 E_h, exp. variance=494901.3750 E_h^2, pmove=0.46
2026-06-02 18:56:31,525 - Step 01421: 20.9250 E_h, exp. variance=448912.2500 E_h^2, pmove=0.46
2026-06-02 18:56:32,174 - Step 01422: 22.0509 E_h, exp. variance=406821.0000 E_h^2, pmove=0.46
2026-06-02 18:56:32,823 - Step 01423: 22.0780 E_h, exp. variance=368406.0938 E_h^2, pmove=0.45
2026-06-02 18:56:33,473 - Step 01424: 45.1372 E_h, exp. variance=332856.8750 E_h^2, pmove=0.45
2026-06-02 18:56:34,122 - Step 01425: 19.0773 E_h, exp. variance=301184.0312 E_h^2, pmove=0.45
2026-06-02 18:56:34,771 - Step 01426: 51.1079 E_h, exp. variance=271769.7188 E_h^2, pmove=0.45
2026-06-02 18:56:35,421 - Step 01427: 19.5736 E_h, exp. variance=245704.4062 E_h^2, pmove=0.45
2026-06-02 18:56:36,070 - Step 01428: 24.0610 E_h, exp. variance=221955.4375 E_h^2, pmove=0.44
2026-06-02 18:56:36,720 - Step 01429: 26.3415 E_h, exp. variance=200390.4688 E_h^2, pmove=0.44
2026-06-02 18:56:37,369 - Step 01430: 19.3248 E_h, exp. variance=180961.7500 E_h^2, pmove=0.44
2026-06-02 18:56:38,019 - Step 01431: 22.0794 E_h, exp. variance=163323.8750 E_h^2, pmove=0.44
2026-06-02 18:56:38,671 - Step 01432: 29.1884 E_h, exp. variance=147285.0781 E_h^2, pmove=0.44
2026-06-02 18:56:39,320 - Step 01433: 109.7478 E_h, exp. variance=132633.0625 E_h^2, pmove=0.44
2026-06-02 18:56:39,970 - Step 01434: 20.2573 E_h, exp. variance=119729.8125 E_h^2, pmove=0.44
2026-06-02 18:56:40,619 - Step 01435: 19.6513 E_h, exp. variance=108054.7109 E_h^2, pmove=0.44
2026-06-02 18:56:41,269 - Step 01436: 19.6942 E_h, exp. variance=97490.1250 E_h^2, pmove=0.44
2026-06-02 18:56:41,918 - Step 01437: 18.5874 E_h, exp. variance=87945.6172 E_h^2, pmove=0.44
2026-06-02 18:56:42,569 - Step 01438: 20.2731 E_h, exp. variance=79303.9375 E_h^2, pmove=0.44
2026-06-02 18:56:43,219 - Step 01439: 26.9830 E_h, exp. variance=71456.6328 E_h^2, pmove=0.44
2026-06-02 18:56:43,869 - Step 01440: 22.2294 E_h, exp. variance=64403.7031 E_h^2, pmove=0.44
2026-06-02 18:56:44,518 - Step 01441: 20.4053 E_h, exp. variance=58048.2344 E_h^2, pmove=0.44
2026-06-02 18:56:45,167 - Step 01442: 20.4331 E_h, exp. variance=52312.0430 E_h^2, pmove=0.44
2026-06-02 18:56:45,817 - Step 01443: 17.0402 E_h, exp. variance=47152.6445 E_h^2, pmove=0.44
2026-06-02 18:56:46,466 - Step 01444: 17.5193 E_h, exp. variance=42493.3672 E_h^2, pmove=0.44
2026-06-02 18:56:47,115 - Step 01445: 16.8858 E_h, exp. variance=38291.9805 E_h^2, pmove=0.44
2026-06-02 18:56:47,765 - Step 01446: 17.6090 E_h, exp. variance=34498.9648 E_h^2, pmove=0.44
2026-06-02 18:56:48,414 - Step 01447: 199.0244 E_h, exp. variance=33451.1484 E_h^2, pmove=0.44
2026-06-02 18:56:49,063 - Step 01448: 17.0982 E_h, exp. variance=30215.6113 E_h^2, pmove=0.44
2026-06-02 18:56:49,713 - Step 01449: 255.5675 E_h, exp. variance=31052.9023 E_h^2, pmove=0.45
2026-06-02 18:56:50,363 - Step 01450: 22.8923 E_h, exp. variance=28140.6797 E_h^2, pmove=0.45
2026-06-02 18:56:51,013 - Step 01451: 16.9070 E_h, exp. variance=25531.1289 E_h^2, pmove=0.44
2026-06-02 18:56:51,662 - Step 01452: 16.8243 E_h, exp. variance=23144.3145 E_h^2, pmove=0.45
2026-06-02 18:56:52,311 - Step 01453: 19.6543 E_h, exp. variance=20945.5977 E_h^2, pmove=0.45
2026-06-02 18:56:52,964 - Step 01454: 18.4606 E_h, exp. variance=18951.8281 E_h^2, pmove=0.44
2026-06-02 18:56:53,613 - Step 01455: 17.1596 E_h, exp. variance=17145.4922 E_h^2, pmove=0.45
2026-06-02 18:56:54,264 - Step 01456: 28.9883 E_h, exp. variance=15455.2939 E_h^2, pmove=0.45
2026-06-02 18:56:54,914 - Step 01457: 19.1479 E_h, exp. variance=13964.4248 E_h^2, pmove=0.46
2026-06-02 18:56:55,563 - Step 01458: 16.1800 E_h, exp. variance=12624.8994 E_h^2, pmove=0.45
2026-06-02 18:56:56,212 - Step 01459: 17.2765 E_h, exp. variance=11404.1533 E_h^2, pmove=0.45
2026-06-02 18:56:56,865 - Step 01460: 16.1169 E_h, exp. variance=10301.7168 E_h^2, pmove=0.45
2026-06-02 18:56:57,515 - Step 01461: 32.4991 E_h, exp. variance=9271.9443 E_h^2, pmove=0.46
2026-06-02 18:56:58,165 - Step 01462: 18.0170 E_h, exp. variance=8368.8896 E_h^2, pmove=0.45
2026-06-02 18:56:58,814 - Step 01463: 18.0725 E_h, exp. variance=7551.4067 E_h^2, pmove=0.46
2026-06-02 18:56:59,464 - Step 01464: 104.3547 E_h, exp. variance=7276.7480 E_h^2, pmove=0.45
2026-06-02 18:57:00,117 - Step 01465: 17.8077 E_h, exp. variance=6587.9634 E_h^2, pmove=0.45
2026-06-02 18:57:00,769 - Step 01466: 16.8474 E_h, exp. variance=5963.9849 E_h^2, pmove=0.45
2026-06-02 18:57:01,418 - Step 01467: 21.4856 E_h, exp. variance=5382.9458 E_h^2, pmove=0.45
2026-06-02 18:57:02,068 - Step 01468: 22.1202 E_h, exp. variance=4855.7856 E_h^2, pmove=0.45
2026-06-02 18:57:02,718 - Step 01469: 18.3665 E_h, exp. variance=4387.2578 E_h^2, pmove=0.45
2026-06-02 18:57:03,370 - Step 01470: 16.4373 E_h, exp. variance=3966.9797 E_h^2, pmove=0.46
2026-06-02 18:57:04,027 - Step 01471: 17.7313 E_h, exp. variance=3582.3738 E_h^2, pmove=0.45
2026-06-02 18:57:04,677 - Step 01472: 39.9724 E_h, exp. variance=3236.6868 E_h^2, pmove=0.45
2026-06-02 18:57:05,326 - Step 01473: 15.6948 E_h, exp. variance=2929.7859 E_h^2, pmove=0.44
2026-06-02 18:57:05,974 - Step 01474: 15.5834 E_h, exp. variance=2650.6367 E_h^2, pmove=0.45
2026-06-02 18:57:06,623 - Step 01475: 15.7054 E_h, exp. variance=2396.5312 E_h^2, pmove=0.45
2026-06-02 18:57:07,279 - Step 01476: 18.1053 E_h, exp. variance=2161.9824 E_h^2, pmove=0.45
2026-06-02 18:57:07,928 - Step 01477: 15.2139 E_h, exp. variance=1954.1987 E_h^2, pmove=0.45
2026-06-02 18:57:08,578 - Step 01478: 20.0940 E_h, exp. variance=1760.0938 E_h^2, pmove=0.46
2026-06-02 18:57:09,228 - Step 01479: 31.2058 E_h, exp. variance=1589.3812 E_h^2, pmove=0.46
2026-06-02 18:57:09,878 - Step 01480: 16.4055 E_h, exp. variance=1436.0538 E_h^2, pmove=0.45
2026-06-02 18:57:10,531 - Step 01481: 42.6166 E_h, exp. variance=1325.2983 E_h^2, pmove=0.46
2026-06-02 18:57:11,180 - Step 01482: 19.5973 E_h, exp. variance=1195.8221 E_h^2, pmove=0.45
2026-06-02 18:57:11,830 - Step 01483: 16.9967 E_h, exp. variance=1081.7760 E_h^2, pmove=0.45
2026-06-02 18:57:12,479 - Step 01484: 16.2806 E_h, exp. variance=979.0387 E_h^2, pmove=0.46
2026-06-02 18:57:13,129 - Step 01485: 20.1889 E_h, exp. variance=881.9935 E_h^2, pmove=0.46
2026-06-02 18:57:13,778 - Step 01486: 16.1570 E_h, exp. variance=797.9705 E_h^2, pmove=0.47
2026-06-02 18:57:14,431 - Step 01487: 14.9772 E_h, exp. variance=722.9835 E_h^2, pmove=0.47
2026-06-02 18:57:15,080 - Step 01488: 16.2325 E_h, exp. variance=653.2363 E_h^2, pmove=0.47
2026-06-02 18:57:15,729 - Step 01489: 14.7859 E_h, exp. variance=591.4152 E_h^2, pmove=0.48
2026-06-02 18:57:16,379 - Step 01490: 35.5361 E_h, exp. variance=552.8915 E_h^2, pmove=0.48
2026-06-02 18:57:17,029 - Step 01491: 15.1250 E_h, exp. variance=501.7506 E_h^2, pmove=0.48
2026-06-02 18:57:17,681 - Step 01492: 17.9853 E_h, exp. variance=452.5261 E_h^2, pmove=0.48
2026-06-02 18:57:18,330 - Step 01493: 14.7872 E_h, exp. variance=410.6476 E_h^2, pmove=0.47
2026-06-02 18:57:18,979 - Step 01494: 21.6691 E_h, exp. variance=369.7520 E_h^2, pmove=0.48
2026-06-02 18:57:19,629 - Step 01495: 370.1349 E_h, exp. variance=11338.8779 E_h^2, pmove=0.48
2026-06-02 18:57:20,279 - Step 01496: 15.1710 E_h, exp. variance=10350.6787 E_h^2, pmove=0.46
2026-06-02 18:57:20,929 - Step 01497: 18.6640 E_h, exp. variance=9411.9502 E_h^2, pmove=0.47
2026-06-02 18:57:21,581 - Step 01498: 19.7454 E_h, exp. variance=8543.1641 E_h^2, pmove=0.47
2026-06-02 18:57:22,231 - Step 01499: 26.9604 E_h, exp. variance=7719.0308 E_h^2, pmove=0.47
2026-06-02 18:57:22,881 - Step 01500: 20.2212 E_h, exp. variance=6995.6562 E_h^2, pmove=0.46
2026-06-02 18:57:23,531 - Step 01501: 24.3590 E_h, exp. variance=6321.3740 E_h^2, pmove=0.46
2026-06-02 18:57:24,181 - Step 01502: 15.5523 E_h, exp. variance=5740.6094 E_h^2, pmove=0.46
2026-06-02 18:57:24,833 - Step 01503: 15.8496 E_h, exp. variance=5207.0171 E_h^2, pmove=0.47
2026-06-02 18:57:25,483 - Step 01504: 14.4375 E_h, exp. variance=4724.1260 E_h^2, pmove=0.47
2026-06-02 18:57:26,134 - Step 01505: 17.4524 E_h, exp. variance=4273.1465 E_h^2, pmove=0.47
2026-06-02 18:57:26,784 - Step 01506: 13.8213 E_h, exp. variance=3873.4570 E_h^2, pmove=0.47
2026-06-02 18:57:27,432 - Step 01507: 13.7061 E_h, exp. variance=3508.8162 E_h^2, pmove=0.47
2026-06-02 18:57:28,084 - Step 01508: 13.8200 E_h, exp. variance=3176.0334 E_h^2, pmove=0.48
2026-06-02 18:57:28,734 - Step 01509: 146.2826 E_h, exp. variance=4147.9507 E_h^2, pmove=0.47
2026-06-02 18:57:29,382 - Step 01510: 14.8605 E_h, exp. variance=3783.6750 E_h^2, pmove=0.48
2026-06-02 18:57:30,032 - Step 01511: 14.2964 E_h, exp. variance=3448.4219 E_h^2, pmove=0.48
2026-06-02 18:57:30,683 - Step 01512: 19.1213 E_h, exp. variance=3123.4900 E_h^2, pmove=0.48
2026-06-02 18:57:31,333 - Step 01513: 15.1096 E_h, exp. variance=2838.3828 E_h^2, pmove=0.47
2026-06-02 18:57:31,983 - Step 01514: 131.5402 E_h, exp. variance=3468.5027 E_h^2, pmove=0.47
2026-06-02 18:57:32,632 - Step 01515: 28.1166 E_h, exp. variance=3136.2334 E_h^2, pmove=0.47
2026-06-02 18:57:33,282 - Step 01516: 15.5563 E_h, exp. variance=2874.5183 E_h^2, pmove=0.47
2026-06-02 18:57:33,932 - Step 01517: 13.8442 E_h, exp. variance=2636.0374 E_h^2, pmove=0.48
2026-06-02 18:57:34,581 - Step 01518: 13.9894 E_h, exp. variance=2411.5532 E_h^2, pmove=0.48
2026-06-02 18:57:35,230 - Step 01519: 15.6534 E_h, exp. variance=2196.7136 E_h^2, pmove=0.47
2026-06-02 18:57:35,880 - Step 01520: 14.5832 E_h, exp. variance=2001.4259 E_h^2, pmove=0.48
2026-06-02 18:57:36,529 - Step 01521: 14.1402 E_h, exp. variance=1822.2332 E_h^2, pmove=0.48
2026-06-02 18:57:37,178 - Step 01522: 14.4124 E_h, exp. variance=1656.3130 E_h^2, pmove=0.48
2026-06-02 18:57:37,827 - Step 01523: 18.4493 E_h, exp. variance=1496.5520 E_h^2, pmove=0.48
2026-06-02 18:57:38,476 - Step 01524: 16.3513 E_h, exp. variance=1354.7927 E_h^2, pmove=0.47
2026-06-02 18:57:39,126 - Step 01525: 58.4059 E_h, exp. variance=1321.0692 E_h^2, pmove=0.47
2026-06-02 18:57:39,775 - Step 01526: 17.9598 E_h, exp. variance=1198.2965 E_h^2, pmove=0.46
2026-06-02 18:57:40,425 - Step 01527: 38.3493 E_h, exp. variance=1089.8047 E_h^2, pmove=0.47
2026-06-02 18:57:41,074 - Step 01528: 15.4106 E_h, exp. variance=995.6555 E_h^2, pmove=0.47
2026-06-02 18:57:41,723 - Step 01529: 25.7439 E_h, exp. variance=896.2239 E_h^2, pmove=0.48
2026-06-02 18:57:42,373 - Step 01530: 15.0799 E_h, exp. variance=819.0528 E_h^2, pmove=0.47
2026-06-02 18:57:43,024 - Step 01531: 16.7509 E_h, exp. variance=744.3002 E_h^2, pmove=0.47
2026-06-02 18:57:43,674 - Step 01532: 14.2610 E_h, exp. variance=679.8177 E_h^2, pmove=0.47
2026-06-02 18:57:44,323 - Step 01533: 15.7187 E_h, exp. variance=617.6022 E_h^2, pmove=0.48
2026-06-02 18:57:44,972 - Step 01534: 14.0425 E_h, exp. variance=562.9390 E_h^2, pmove=0.48
2026-06-02 18:57:45,621 - Step 01535: 13.2125 E_h, exp. variance=513.6496 E_h^2, pmove=0.48
2026-06-02 18:57:46,277 - Step 01536: 14.7395 E_h, exp. variance=465.9857 E_h^2, pmove=0.48
2026-06-02 18:57:46,926 - Step 01537: 13.9864 E_h, exp. variance=423.2186 E_h^2, pmove=0.48
2026-06-02 18:57:47,575 - Step 01538: 14.0865 E_h, exp. variance=383.8952 E_h^2, pmove=0.47
2026-06-02 18:57:48,224 - Step 01539: 15.3801 E_h, exp. variance=346.8755 E_h^2, pmove=0.47
2026-06-02 18:57:48,873 - Step 01540: 15.0035 E_h, exp. variance=313.5482 E_h^2, pmove=0.47
2026-06-02 18:57:50,153 - Step 01541: 39.5338 E_h, exp. variance=322.0021 E_h^2, pmove=0.47
2026-06-02 18:57:50,803 - Step 01542: 40.9973 E_h, exp. variance=327.2257 E_h^2, pmove=0.46
2026-06-02 18:57:51,454 - Step 01543: 13.8194 E_h, exp. variance=301.5130 E_h^2, pmove=0.46
2026-06-02 18:57:52,105 - Step 01544: 22.5711 E_h, exp. variance=271.4206 E_h^2, pmove=0.48
2026-06-02 18:57:52,756 - Step 01545: 14.0067 E_h, exp. variance=249.8055 E_h^2, pmove=0.47
2026-06-02 18:57:53,406 - Step 01546: 14.7286 E_h, exp. variance=228.4321 E_h^2, pmove=0.47
2026-06-02 18:57:54,056 - Step 01547: 14.4262 E_h, exp. variance=208.8291 E_h^2, pmove=0.47
2026-06-02 18:57:54,706 - Step 01548: 13.1380 E_h, exp. variance=191.9722 E_h^2, pmove=0.47
2026-06-02 18:57:55,357 - Step 01549: 13.3315 E_h, exp. variance=175.8298 E_h^2, pmove=0.47
2026-06-02 18:57:56,007 - Step 01550: 15.0196 E_h, exp. variance=159.3844 E_h^2, pmove=0.47
2026-06-02 18:57:56,659 - Step 01551: 13.6132 E_h, exp. variance=145.3556 E_h^2, pmove=0.47
2026-06-02 18:57:57,308 - Step 01552: 15.7469 E_h, exp. variance=131.1843 E_h^2, pmove=0.48
2026-06-02 18:57:57,958 - Step 01553: 13.9659 E_h, exp. variance=119.2269 E_h^2, pmove=0.48
2026-06-02 18:57:58,609 - Step 01554: 14.3061 E_h, exp. variance=108.0571 E_h^2, pmove=0.48
2026-06-02 18:57:59,258 - Step 01555: 122.7222 E_h, exp. variance=1104.9276 E_h^2, pmove=0.47
2026-06-02 18:57:59,908 - Step 01556: 14.1073 E_h, exp. variance=1010.5547 E_h^2, pmove=0.48
2026-06-02 18:58:00,559 - Step 01557: 14.6647 E_h, exp. variance=921.3759 E_h^2, pmove=0.47
2026-06-02 18:58:01,208 - Step 01558: 15.2536 E_h, exp. variance=837.7935 E_h^2, pmove=0.48
2026-06-02 18:58:01,858 - Step 01559: 17.7202 E_h, exp. variance=757.5956 E_h^2, pmove=0.48
2026-06-02 18:58:02,508 - Step 01560: 14.9779 E_h, exp. variance=688.2163 E_h^2, pmove=0.47
2026-06-02 18:58:03,158 - Step 01561: 14.0825 E_h, exp. variance=625.8561 E_h^2, pmove=0.48
2026-06-02 18:58:03,808 - Step 01562: 13.8977 E_h, exp. variance=568.7610 E_h^2, pmove=0.48
2026-06-02 18:58:04,458 - Step 01563: 12.9052 E_h, exp. variance=517.6767 E_h^2, pmove=0.48
2026-06-02 18:58:05,108 - Step 01564: 223.9671 E_h, exp. variance=4205.5488 E_h^2, pmove=0.48
2026-06-02 18:58:05,758 - Step 01565: 15.0677 E_h, exp. variance=3843.2483 E_h^2, pmove=0.48
2026-06-02 18:58:06,410 - Step 01566: 13.5306 E_h, exp. variance=3512.6575 E_h^2, pmove=0.48
2026-06-02 18:58:07,059 - Step 01567: 18.6419 E_h, exp. variance=3187.0352 E_h^2, pmove=0.48
2026-06-02 18:58:07,710 - Step 01568: 14.4276 E_h, exp. variance=2902.2253 E_h^2, pmove=0.49
2026-06-02 18:58:08,360 - Step 01569: 19.2682 E_h, exp. variance=2626.3479 E_h^2, pmove=0.49
2026-06-02 18:58:09,009 - Step 01570: 150.6411 E_h, exp. variance=3659.9404 E_h^2, pmove=0.48
2026-06-02 18:58:09,662 - Step 01571: 60.1569 E_h, exp. variance=3321.5886 E_h^2, pmove=0.48
2026-06-02 18:58:10,312 - Step 01572: 13.5087 E_h, exp. variance=3075.2261 E_h^2, pmove=0.48
2026-06-02 18:58:10,961 - Step 01573: 91.4477 E_h, exp. variance=2994.0654 E_h^2, pmove=0.49
2026-06-02 18:58:11,611 - Step 01574: 101.6999 E_h, exp. variance=2970.7654 E_h^2, pmove=0.48
2026-06-02 18:58:12,260 - Step 01575: 14.2195 E_h, exp. variance=2801.1377 E_h^2, pmove=0.47
2026-06-02 18:58:12,912 - Step 01576: 13.2385 E_h, exp. variance=2630.3242 E_h^2, pmove=0.48
2026-06-02 18:58:13,565 - Step 01577: 16.9240 E_h, exp. variance=2436.2407 E_h^2, pmove=0.48
2026-06-02 18:58:14,221 - Step 01578: 13.7600 E_h, exp. variance=2263.5532 E_h^2, pmove=0.48
2026-06-02 18:58:14,871 - Step 01579: 47.0415 E_h, exp. variance=2042.9784 E_h^2, pmove=0.48
2026-06-02 18:58:15,522 - Step 01580: 15.9072 E_h, exp. variance=1890.1816 E_h^2, pmove=0.48
2026-06-02 18:58:16,174 - Step 01581: 13.1428 E_h, exp. variance=1754.2802 E_h^2, pmove=0.47
2026-06-02 18:58:16,827 - Step 01582: 14.8485 E_h, exp. variance=1615.4254 E_h^2, pmove=0.48
2026-06-02 18:58:17,480 - Step 01583: 13.9178 E_h, exp. variance=1486.6246 E_h^2, pmove=0.48
2026-06-02 18:58:18,130 - Step 01584: 14.7465 E_h, exp. variance=1361.9841 E_h^2, pmove=0.47
2026-06-02 18:58:18,785 - Step 01585: 13.3278 E_h, exp. variance=1249.1794 E_h^2, pmove=0.48
2026-06-02 18:58:19,436 - Step 01586: 12.6296 E_h, exp. variance=1145.0779 E_h^2, pmove=0.48
2026-06-02 18:58:20,089 - Step 01587: 26.1835 E_h, exp. variance=1030.5717 E_h^2, pmove=0.48
2026-06-02 18:58:20,740 - Step 01588: 84.0349 E_h, exp. variance=1227.4742 E_h^2, pmove=0.48
2026-06-02 18:58:21,390 - Step 01589: 18.3438 E_h, exp. variance=1121.7007 E_h^2, pmove=0.48
2026-06-02 18:58:22,041 - Step 01590: 13.0654 E_h, exp. variance=1037.5302 E_h^2, pmove=0.47
2026-06-02 18:58:22,691 - Step 01591: 13.4717 E_h, exp. variance=955.3104 E_h^2, pmove=0.48
2026-06-02 18:58:23,344 - Step 01592: 17.1308 E_h, exp. variance=869.2574 E_h^2, pmove=0.47
2026-06-02 18:58:23,994 - Step 01593: 15.1183 E_h, exp. variance=793.7191 E_h^2, pmove=0.46
2026-06-02 18:58:24,645 - Step 01594: 13.0113 E_h, exp. variance=727.8100 E_h^2, pmove=0.47
2026-06-02 18:58:25,295 - Step 01595: 15.1270 E_h, exp. variance=662.1448 E_h^2, pmove=0.47
2026-06-02 18:58:25,950 - Step 01596: 22.2900 E_h, exp. variance=595.9938 E_h^2, pmove=0.47
2026-06-02 18:58:26,607 - Step 01597: 13.7462 E_h, exp. variance=544.1776 E_h^2, pmove=0.47
2026-06-02 18:58:27,261 - Step 01598: 16.5396 E_h, exp. variance=492.5582 E_h^2, pmove=0.47
2026-06-02 18:58:27,916 - Step 01599: 17.7115 E_h, exp. variance=444.6340 E_h^2, pmove=0.47
2026-06-02 18:58:28,571 - Step 01600: 13.7146 E_h, exp. variance=405.1777 E_h^2, pmove=0.46
2026-06-02 18:58:29,225 - Step 01601: 13.4260 E_h, exp. variance=369.0718 E_h^2, pmove=0.47
2026-06-02 18:58:29,882 - Step 01602: 13.3078 E_h, exp. variance=335.8737 E_h^2, pmove=0.47
2026-06-02 18:58:30,537 - Step 01603: 12.7778 E_h, exp. variance=305.8671 E_h^2, pmove=0.47
2026-06-02 18:58:31,191 - Step 01604: 12.5439 E_h, exp. variance=278.4247 E_h^2, pmove=0.48
2026-06-02 18:58:31,845 - Step 01605: 13.4103 E_h, exp. variance=252.3671 E_h^2, pmove=0.47
2026-06-02 18:58:32,500 - Step 01606: 13.2467 E_h, exp. variance=228.6966 E_h^2, pmove=0.47
2026-06-02 18:58:33,157 - Step 01607: 13.7723 E_h, exp. variance=206.7652 E_h^2, pmove=0.47
2026-06-02 18:58:33,811 - Step 01608: 12.9420 E_h, exp. variance=187.3450 E_h^2, pmove=0.47
2026-06-02 18:58:34,466 - Step 01609: 12.6396 E_h, exp. variance=169.8194 E_h^2, pmove=0.48
2026-06-02 18:58:35,121 - Step 01610: 12.2985 E_h, exp. variance=154.0297 E_h^2, pmove=0.48
2026-06-02 18:58:35,777 - Step 01611: 21.9649 E_h, exp. variance=142.3025 E_h^2, pmove=0.48
2026-06-02 18:58:36,433 - Step 01612: 13.1814 E_h, exp. variance=128.8995 E_h^2, pmove=0.48
2026-06-02 18:58:37,090 - Step 01613: 13.3557 E_h, exp. variance=116.5968 E_h^2, pmove=0.48
2026-06-02 18:58:37,745 - Step 01614: 13.1849 E_h, exp. variance=105.4861 E_h^2, pmove=0.48
2026-06-02 18:58:38,400 - Step 01615: 13.2327 E_h, exp. variance=95.3632 E_h^2, pmove=0.47
2026-06-02 18:58:39,055 - Step 01616: 13.9964 E_h, exp. variance=85.9551 E_h^2, pmove=0.48
2026-06-02 18:58:39,710 - Step 01617: 12.7032 E_h, exp. variance=77.8641 E_h^2, pmove=0.47
2026-06-02 18:58:40,368 - Step 01618: 14.4190 E_h, exp. variance=70.0932 E_h^2, pmove=0.47
2026-06-02 18:58:41,022 - Step 01619: 13.0533 E_h, exp. variance=63.3561 E_h^2, pmove=0.47
2026-06-02 18:58:41,677 - Step 01620: 17.3296 E_h, exp. variance=57.6820 E_h^2, pmove=0.48
2026-06-02 18:58:42,333 - Step 01621: 14.5231 E_h, exp. variance=51.9259 E_h^2, pmove=0.47
2026-06-02 18:58:42,988 - Step 01622: 19.4463 E_h, exp. variance=48.6321 E_h^2, pmove=0.47
2026-06-02 18:58:43,644 - Step 01623: 13.3952 E_h, exp. variance=44.0997 E_h^2, pmove=0.47
2026-06-02 18:58:44,300 - Step 01624: 12.5781 E_h, exp. variance=40.2715 E_h^2, pmove=0.47
2026-06-02 18:58:44,955 - Step 01625: 17.9801 E_h, exp. variance=37.1169 E_h^2, pmove=0.48
2026-06-02 18:58:45,611 - Step 01626: 13.8004 E_h, exp. variance=33.5759 E_h^2, pmove=0.47
2026-06-02 18:58:46,267 - Step 01627: 12.6298 E_h, exp. variance=30.7412 E_h^2, pmove=0.48
2026-06-02 18:58:46,923 - Step 01628: 13.5975 E_h, exp. variance=27.7970 E_h^2, pmove=0.48
2026-06-02 18:58:47,580 - Step 01629: 12.1457 E_h, exp. variance=25.5948 E_h^2, pmove=0.47
2026-06-02 18:58:48,236 - Step 01630: 14.0111 E_h, exp. variance=23.0508 E_h^2, pmove=0.48
2026-06-02 18:58:48,891 - Step 01631: 884.1314 E_h, exp. variance=68102.1797 E_h^2, pmove=0.48
2026-06-02 18:58:49,546 - Step 01632: 13.6378 E_h, exp. variance=61984.5117 E_h^2, pmove=0.48
2026-06-02 18:58:50,202 - Step 01633: 13.7330 E_h, exp. variance=56345.6719 E_h^2, pmove=0.47
2026-06-02 18:58:50,857 - Step 01634: 12.2602 E_h, exp. variance=51183.3945 E_h^2, pmove=0.47
2026-06-02 18:58:51,512 - Step 01635: 273.0856 E_h, exp. variance=49509.3945 E_h^2, pmove=0.48
2026-06-02 18:58:52,167 - Step 01636: 12.0567 E_h, exp. variance=45208.1445 E_h^2, pmove=0.48
2026-06-02 18:58:52,822 - Step 01637: 15.0799 E_h, exp. variance=41172.7891 E_h^2, pmove=0.48
2026-06-02 18:58:53,479 - Step 01638: 12.2156 E_h, exp. variance=37483.5508 E_h^2, pmove=0.48
2026-06-02 18:58:54,135 - Step 01639: 13.3924 E_h, exp. variance=34068.8828 E_h^2, pmove=0.48
2026-06-02 18:58:54,790 - Step 01640: 18.1371 E_h, exp. variance=30887.5078 E_h^2, pmove=0.48
2026-06-02 18:58:55,446 - Step 01641: 12.1471 E_h, exp. variance=28033.2246 E_h^2, pmove=0.47
2026-06-02 18:58:56,103 - Step 01642: 13.3839 E_h, exp. variance=25409.7305 E_h^2, pmove=0.47
2026-06-02 18:58:56,759 - Step 01643: 14.6500 E_h, exp. variance=23005.3945 E_h^2, pmove=0.47
2026-06-02 18:58:57,415 - Step 01644: 12.4285 E_h, exp. variance=20829.9980 E_h^2, pmove=0.47
2026-06-02 18:58:58,070 - Step 01645: 39.6651 E_h, exp. variance=18750.5957 E_h^2, pmove=0.47
2026-06-02 18:58:58,732 - Step 01646: 13.9579 E_h, exp. variance=16964.2637 E_h^2, pmove=0.46
2026-06-02 18:58:59,387 - Step 01647: 11.9782 E_h, exp. variance=15350.1289 E_h^2, pmove=0.46
2026-06-02 18:59:00,048 - Step 01648: 12.8240 E_h, exp. variance=13877.6934 E_h^2, pmove=0.47
2026-06-02 18:59:00,705 - Step 01649: 12.5548 E_h, exp. variance=12541.7686 E_h^2, pmove=0.47
2026-06-02 18:59:01,359 - Step 01650: 23.1419 E_h, exp. variance=11298.5088 E_h^2, pmove=0.46
2026-06-02 18:59:02,016 - Step 01651: 20.1617 E_h, exp. variance=10183.6172 E_h^2, pmove=0.46
2026-06-02 18:59:02,671 - Step 01652: 12.0296 E_h, exp. variance=9200.3096 E_h^2, pmove=0.46
2026-06-02 18:59:03,327 - Step 01653: 12.4222 E_h, exp. variance=8307.4307 E_h^2, pmove=0.46
2026-06-02 18:59:03,983 - Step 01654: 19.8883 E_h, exp. variance=7482.6895 E_h^2, pmove=0.46
2026-06-02 18:59:04,638 - Step 01655: 11.7272 E_h, exp. variance=6756.0732 E_h^2, pmove=0.45
2026-06-02 18:59:05,293 - Step 01656: 12.1427 E_h, exp. variance=6096.9761 E_h^2, pmove=0.45
2026-06-02 18:59:05,949 - Step 01657: 12.9318 E_h, exp. variance=5498.9761 E_h^2, pmove=0.46
2026-06-02 18:59:06,605 - Step 01658: 14.0885 E_h, exp. variance=4956.5376 E_h^2, pmove=0.45
2026-06-02 18:59:07,262 - Step 01659: 12.2204 E_h, exp. variance=4469.9951 E_h^2, pmove=0.45
2026-06-02 18:59:07,917 - Step 01660: 17.9286 E_h, exp. variance=4024.0042 E_h^2, pmove=0.45
2026-06-02 18:59:08,572 - Step 01661: 11.5907 E_h, exp. variance=3629.4724 E_h^2, pmove=0.45
2026-06-02 18:59:09,227 - Step 01662: 11.8443 E_h, exp. variance=3272.5203 E_h^2, pmove=0.45
2026-06-02 18:59:09,883 - Step 01663: 12.4505 E_h, exp. variance=2949.3560 E_h^2, pmove=0.45
2026-06-02 18:59:10,538 - Step 01664: 12.4484 E_h, exp. variance=2657.7336 E_h^2, pmove=0.45
2026-06-02 18:59:11,193 - Step 01665: 11.5397 E_h, exp. variance=2395.6116 E_h^2, pmove=0.45
2026-06-02 18:59:11,850 - Step 01666: 12.6283 E_h, exp. variance=2157.9912 E_h^2, pmove=0.45
2026-06-02 18:59:12,505 - Step 01667: 11.8951 E_h, exp. variance=1944.3643 E_h^2, pmove=0.44
2026-06-02 18:59:13,161 - Step 01668: 13.2424 E_h, exp. variance=1750.7783 E_h^2, pmove=0.44
2026-06-02 18:59:13,816 - Step 01669: 11.6990 E_h, exp. variance=1577.3724 E_h^2, pmove=0.44
2026-06-02 18:59:14,471 - Step 01670: 11.5255 E_h, exp. variance=1421.1133 E_h^2, pmove=0.44
2026-06-02 18:59:15,126 - Step 01671: 11.8781 E_h, exp. variance=1279.9789 E_h^2, pmove=0.44
2026-06-02 18:59:15,782 - Step 01672: 11.9959 E_h, exp. variance=1152.7107 E_h^2, pmove=0.44
2026-06-02 18:59:16,436 - Step 01673: 11.5270 E_h, exp. variance=1038.2667 E_h^2, pmove=0.44
2026-06-02 18:59:17,094 - Step 01674: 11.6428 E_h, exp. variance=935.0544 E_h^2, pmove=0.43
2026-06-02 18:59:17,750 - Step 01675: 11.5176 E_h, exp. variance=842.1010 E_h^2, pmove=0.43
2026-06-02 18:59:18,406 - Step 01676: 17.0803 E_h, exp. variance=758.8911 E_h^2, pmove=0.43
2026-06-02 18:59:19,061 - Step 01677: 11.4029 E_h, exp. variance=683.6470 E_h^2, pmove=0.43
2026-06-02 18:59:19,714 - Step 01678: 11.7423 E_h, exp. variance=615.6679 E_h^2, pmove=0.43
2026-06-02 18:59:20,370 - Step 01679: 11.1496 E_h, exp. variance=554.6438 E_h^2, pmove=0.43
2026-06-02 18:59:21,024 - Step 01680: 11.0834 E_h, exp. variance=499.6458 E_h^2, pmove=0.44
2026-06-02 18:59:21,676 - Step 01681: 25.7755 E_h, exp. variance=464.0682 E_h^2, pmove=0.44
2026-06-02 18:59:22,330 - Step 01682: 12.1642 E_h, exp. variance=418.1098 E_h^2, pmove=0.43
2026-06-02 18:59:22,984 - Step 01683: 11.1260 E_h, exp. variance=377.1346 E_h^2, pmove=0.44
2026-06-02 18:59:23,641 - Step 01684: 11.0257 E_h, exp. variance=340.1484 E_h^2, pmove=0.44
2026-06-02 18:59:24,295 - Step 01685: 10.9701 E_h, exp. variance=306.7486 E_h^2, pmove=0.44
2026-06-02 18:59:24,950 - Step 01686: 10.8755 E_h, exp. variance=276.6127 E_h^2, pmove=0.44
2026-06-02 18:59:25,605 - Step 01687: 11.0362 E_h, exp. variance=249.3267 E_h^2, pmove=0.45
2026-06-02 18:59:26,259 - Step 01688: 14.3621 E_h, exp. variance=224.5933 E_h^2, pmove=0.44
2026-06-02 18:59:26,918 - Step 01689: 10.8196 E_h, exp. variance=202.5708 E_h^2, pmove=0.44
2026-06-02 18:59:27,577 - Step 01690: 10.9330 E_h, exp. variance=182.6283 E_h^2, pmove=0.45
2026-06-02 18:59:28,231 - Step 01691: 11.3477 E_h, exp. variance=164.5101 E_h^2, pmove=0.44
2026-06-02 18:59:28,884 - Step 01692: 10.8219 E_h, exp. variance=148.3091 E_h^2, pmove=0.45
2026-06-02 18:59:29,537 - Step 01693: 10.6248 E_h, exp. variance=133.7374 E_h^2, pmove=0.45
2026-06-02 18:59:30,192 - Step 01694: 10.6012 E_h, exp. variance=120.5802 E_h^2, pmove=0.45
2026-06-02 18:59:30,848 - Step 01695: 10.6126 E_h, exp. variance=108.6947 E_h^2, pmove=0.45
2026-06-02 18:59:31,503 - Step 01696: 10.6237 E_h, exp. variance=97.9625 E_h^2, pmove=0.45
2026-06-02 18:59:32,156 - Step 01697: 17.8491 E_h, exp. variance=91.5305 E_h^2, pmove=0.45
2026-06-02 18:59:32,810 - Step 01698: 12.6278 E_h, exp. variance=82.3845 E_h^2, pmove=0.45
2026-06-02 18:59:33,465 - Step 01699: 12.1126 E_h, exp. variance=74.1523 E_h^2, pmove=0.45
2026-06-02 18:59:34,122 - Step 01700: 11.6436 E_h, exp. variance=66.7817 E_h^2, pmove=0.46
2026-06-02 18:59:34,776 - Step 01701: 10.3653 E_h, exp. variance=60.4328 E_h^2, pmove=0.46
2026-06-02 18:59:35,430 - Step 01702: 10.3697 E_h, exp. variance=54.6549 E_h^2, pmove=0.46
2026-06-02 18:59:36,084 - Step 01703: 10.3142 E_h, exp. variance=49.4200 E_h^2, pmove=0.46
2026-06-02 18:59:36,738 - Step 01704: 10.2495 E_h, exp. variance=44.6820 E_h^2, pmove=0.46
2026-06-02 18:59:37,395 - Step 01705: 10.3267 E_h, exp. variance=40.3607 E_h^2, pmove=0.46
2026-06-02 18:59:38,051 - Step 01706: 10.3220 E_h, exp. variance=36.4446 E_h^2, pmove=0.46
2026-06-02 18:59:38,705 - Step 01707: 10.2330 E_h, exp. variance=32.9147 E_h^2, pmove=0.47
2026-06-02 18:59:39,359 - Step 01708: 10.3583 E_h, exp. variance=29.6945 E_h^2, pmove=0.47
2026-06-02 18:59:40,013 - Step 01709: 10.3098 E_h, exp. variance=26.7900 E_h^2, pmove=0.47
2026-06-02 18:59:40,669 - Step 01710: 10.3167 E_h, exp. variance=24.1627 E_h^2, pmove=0.47
2026-06-02 18:59:41,324 - Step 01711: 10.3368 E_h, exp. variance=21.7859 E_h^2, pmove=0.46
2026-06-02 18:59:41,979 - Step 01712: 10.7112 E_h, exp. variance=19.6117 E_h^2, pmove=0.47
2026-06-02 18:59:42,633 - Step 01713: 10.3578 E_h, exp. variance=17.6780 E_h^2, pmove=0.47
2026-06-02 18:59:43,286 - Step 01714: 10.2341 E_h, exp. variance=15.9449 E_h^2, pmove=0.46
2026-06-02 18:59:43,944 - Step 01715: 10.1671 E_h, exp. variance=14.3857 E_h^2, pmove=0.47
2026-06-02 18:59:44,598 - Step 01716: 11.5912 E_h, exp. variance=13.0138 E_h^2, pmove=0.47
2026-06-02 18:59:45,254 - Step 01717: 10.0832 E_h, exp. variance=11.7608 E_h^2, pmove=0.46
2026-06-02 18:59:45,915 - Step 01718: 10.4461 E_h, exp. variance=10.5927 E_h^2, pmove=0.46
2026-06-02 18:59:46,570 - Step 01719: 10.5533 E_h, exp. variance=9.5357 E_h^2, pmove=0.46
2026-06-02 18:59:47,228 - Step 01720: 11.3250 E_h, exp. variance=8.6176 E_h^2, pmove=0.46
2026-06-02 18:59:47,884 - Step 01721: 12.0258 E_h, exp. variance=7.9000 E_h^2, pmove=0.46
2026-06-02 18:59:48,540 - Step 01722: 10.2428 E_h, exp. variance=7.1473 E_h^2, pmove=0.47
2026-06-02 18:59:49,195 - Step 01723: 11.5414 E_h, exp. variance=6.4791 E_h^2, pmove=0.47
2026-06-02 18:59:49,851 - Step 01724: 19.1827 E_h, exp. variance=12.0140 E_h^2, pmove=0.47
2026-06-02 18:59:50,509 - Step 01725: 10.2438 E_h, exp. variance=11.0096 E_h^2, pmove=0.46
2026-06-02 18:59:51,164 - Step 01726: 17.9825 E_h, exp. variance=13.6035 E_h^2, pmove=0.47
2026-06-02 18:59:51,819 - Step 01727: 10.4081 E_h, exp. variance=12.5373 E_h^2, pmove=0.46
2026-06-02 18:59:52,474 - Step 01728: 10.0008 E_h, exp. variance=11.6560 E_h^2, pmove=0.47
2026-06-02 18:59:53,130 - Step 01729: 9.9255 E_h, exp. variance=10.8174 E_h^2, pmove=0.47
2026-06-02 18:59:53,791 - Step 01730: 9.9094 E_h, exp. variance=10.0055 E_h^2, pmove=0.47
2026-06-02 18:59:54,446 - Step 01731: 10.3543 E_h, exp. variance=9.1166 E_h^2, pmove=0.47
2026-06-02 18:59:55,101 - Step 01732: 10.7984 E_h, exp. variance=8.2330 E_h^2, pmove=0.47
2026-06-02 18:59:55,756 - Step 01733: 10.0324 E_h, exp. variance=7.5545 E_h^2, pmove=0.46
2026-06-02 18:59:56,413 - Step 01734: 10.5743 E_h, exp. variance=6.8314 E_h^2, pmove=0.46
2026-06-02 18:59:57,069 - Step 01735: 10.1114 E_h, exp. variance=6.2387 E_h^2, pmove=0.46
2026-06-02 18:59:57,727 - Step 01736: 10.2532 E_h, exp. variance=5.6669 E_h^2, pmove=0.46
2026-06-02 18:59:58,383 - Step 01737: 10.5313 E_h, exp. variance=5.1150 E_h^2, pmove=0.47
2026-06-02 18:59:59,039 - Step 01738: 9.9294 E_h, exp. variance=4.6878 E_h^2, pmove=0.46
2026-06-02 18:59:59,695 - Step 01739: 9.8013 E_h, exp. variance=4.3088 E_h^2, pmove=0.47
2026-06-02 19:00:00,352 - Step 01740: 14.3606 E_h, exp. variance=5.0838 E_h^2, pmove=0.47
2026-06-02 19:00:01,008 - Step 01741: 10.4039 E_h, exp. variance=4.6149 E_h^2, pmove=0.47
2026-06-02 19:00:01,664 - Step 01742: 10.5471 E_h, exp. variance=4.1719 E_h^2, pmove=0.46
2026-06-02 19:00:02,320 - Step 01743: 9.9806 E_h, exp. variance=3.8401 E_h^2, pmove=0.47
2026-06-02 19:00:02,976 - Step 01744: 9.8634 E_h, exp. variance=3.5450 E_h^2, pmove=0.47
2026-06-02 19:00:03,631 - Step 01745: 10.2047 E_h, exp. variance=3.2181 E_h^2, pmove=0.47
2026-06-02 19:00:04,286 - Step 01746: 9.8515 E_h, exp. variance=2.9614 E_h^2, pmove=0.47
2026-06-02 19:00:04,941 - Step 01747: 10.2246 E_h, exp. variance=2.6792 E_h^2, pmove=0.47
2026-06-02 19:00:05,596 - Step 01748: 10.0012 E_h, exp. variance=2.4412 E_h^2, pmove=0.47
2026-06-02 19:00:06,253 - Step 01749: 9.8865 E_h, exp. variance=2.2333 E_h^2, pmove=0.47
2026-06-02 19:00:06,908 - Step 01750: 10.3608 E_h, exp. variance=2.0108 E_h^2, pmove=0.47
2026-06-02 19:00:07,565 - Step 01751: 84.0387 E_h, exp. variance=489.2198 E_h^2, pmove=0.47
2026-06-02 19:00:08,222 - Step 01752: 15.3131 E_h, exp. variance=440.8574 E_h^2, pmove=0.46
2026-06-02 19:00:08,878 - Step 01753: 9.9004 E_h, exp. variance=402.0482 E_h^2, pmove=0.47
2026-06-02 19:00:09,535 - Step 01754: 9.9478 E_h, exp. variance=366.0587 E_h^2, pmove=0.46
2026-06-02 19:00:10,191 - Step 01755: 10.1935 E_h, exp. variance=332.6004 E_h^2, pmove=0.47
2026-06-02 19:00:10,849 - Step 01756: 9.9394 E_h, exp. variance=302.1390 E_h^2, pmove=0.47
2026-06-02 19:00:11,506 - Step 01757: 10.0518 E_h, exp. variance=274.0916 E_h^2, pmove=0.48
2026-06-02 19:00:12,163 - Step 01758: 9.7742 E_h, exp. variance=248.6650 E_h^2, pmove=0.47
2026-06-02 19:00:12,820 - Step 01759: 10.7283 E_h, exp. variance=224.7608 E_h^2, pmove=0.47
2026-06-02 19:00:13,475 - Step 01760: 9.7139 E_h, exp. variance=203.6942 E_h^2, pmove=0.47
2026-06-02 19:00:14,132 - Step 01761: 9.7340 E_h, exp. variance=184.4535 E_h^2, pmove=0.47
2026-06-02 19:00:14,789 - Step 01762: 9.8192 E_h, exp. variance=166.8743 E_h^2, pmove=0.48
2026-06-02 19:00:15,446 - Step 01763: 9.7565 E_h, exp. variance=150.9203 E_h^2, pmove=0.47
2026-06-02 19:00:16,103 - Step 01764: 9.7560 E_h, exp. variance=136.4225 E_h^2, pmove=0.48
2026-06-02 19:00:16,760 - Step 01765: 9.6943 E_h, exp. variance=123.2877 E_h^2, pmove=0.47
2026-06-02 19:00:17,416 - Step 01766: 9.9790 E_h, exp. variance=111.2677 E_h^2, pmove=0.47
2026-06-02 19:00:18,073 - Step 01767: 9.9785 E_h, exp. variance=100.3912 E_h^2, pmove=0.47
2026-06-02 19:00:18,729 - Step 01768: 9.9671 E_h, exp. variance=90.5578 E_h^2, pmove=0.47
2026-06-02 19:00:19,386 - Step 01769: 11.8186 E_h, exp. variance=81.5237 E_h^2, pmove=0.47
2026-06-02 19:00:20,044 - Step 01770: 10.4111 E_h, exp. variance=73.4553 E_h^2, pmove=0.47
2026-06-02 19:00:20,702 - Step 01771: 9.4777 E_h, exp. variance=66.4023 E_h^2, pmove=0.47
2026-06-02 19:00:21,358 - Step 01772: 9.5924 E_h, exp. variance=59.9667 E_h^2, pmove=0.48
2026-06-02 19:00:22,015 - Step 01773: 9.8348 E_h, exp. variance=54.0818 E_h^2, pmove=0.48
2026-06-02 19:00:22,671 - Step 01774: 10.2304 E_h, exp. variance=48.7069 E_h^2, pmove=0.48
2026-06-02 19:00:23,327 - Step 01775: 10.2352 E_h, exp. variance=43.8626 E_h^2, pmove=0.48
2026-06-02 19:00:23,984 - Step 01776: 9.8509 E_h, exp. variance=39.5448 E_h^2, pmove=0.47
2026-06-02 19:00:24,640 - Step 01777: 9.7192 E_h, exp. variance=35.6660 E_h^2, pmove=0.48
2026-06-02 19:00:25,296 - Step 01778: 9.8432 E_h, exp. variance=32.1436 E_h^2, pmove=0.48
2026-06-02 19:00:25,953 - Step 01779: 10.2966 E_h, exp. variance=28.9321 E_h^2, pmove=0.47
2026-06-02 19:00:26,609 - Step 01780: 14.1361 E_h, exp. variance=27.2575 E_h^2, pmove=0.47
2026-06-02 19:00:27,271 - Step 01781: 9.5243 E_h, exp. variance=24.6838 E_h^2, pmove=0.47
2026-06-02 19:00:27,929 - Step 01782: 9.8967 E_h, exp. variance=22.2727 E_h^2, pmove=0.47
2026-06-02 19:00:28,585 - Step 01783: 9.7113 E_h, exp. variance=20.1188 E_h^2, pmove=0.48
2026-06-02 19:00:29,241 - Step 01784: 10.0293 E_h, exp. variance=18.1290 E_h^2, pmove=0.47
2026-06-02 19:00:29,899 - Step 01785: 12.8378 E_h, exp. variance=16.8187 E_h^2, pmove=0.47
2026-06-02 19:00:30,558 - Step 01786: 10.2643 E_h, exp. variance=15.1548 E_h^2, pmove=0.46
2026-06-02 19:00:31,214 - Step 01787: 9.7080 E_h, exp. variance=13.7219 E_h^2, pmove=0.47
2026-06-02 19:00:31,871 - Step 01788: 759.6172 E_h, exp. variance=50508.7266 E_h^2, pmove=0.47
2026-06-02 19:00:32,527 - Step 01789: 10.3771 E_h, exp. variance=45965.4297 E_h^2, pmove=0.47
2026-06-02 19:00:33,183 - Step 01790: 10.6421 E_h, exp. variance=41776.8047 E_h^2, pmove=0.47
2026-06-02 19:00:33,843 - Step 01791: 13.7773 E_h, exp. variance=37896.2305 E_h^2, pmove=0.47
2026-06-02 19:00:34,499 - Step 01792: 10.2816 E_h, exp. variance=34380.8984 E_h^2, pmove=0.46
2026-06-02 19:00:35,156 - Step 01793: 9.6572 E_h, exp. variance=31170.6035 E_h^2, pmove=0.46
2026-06-02 19:00:35,812 - Step 01794: 9.5830 E_h, exp. variance=28238.6621 E_h^2, pmove=0.47
2026-06-02 19:00:36,467 - Step 01795: 22.8303 E_h, exp. variance=25483.2051 E_h^2, pmove=0.47
2026-06-02 19:00:37,127 - Step 01796: 9.8939 E_h, exp. variance=23063.1367 E_h^2, pmove=0.46
2026-06-02 19:00:37,783 - Step 01797: 9.5428 E_h, exp. variance=20862.8652 E_h^2, pmove=0.47
2026-06-02 19:00:38,439 - Step 01798: 9.5584 E_h, exp. variance=18862.3867 E_h^2, pmove=0.47
2026-06-02 19:00:39,094 - Step 01799: 9.7503 E_h, exp. variance=17044.6953 E_h^2, pmove=0.47
2026-06-02 19:00:39,751 - Step 01800: 9.6919 E_h, exp. variance=15396.0117 E_h^2, pmove=0.47
2026-06-02 19:00:40,411 - Step 01801: 9.6641 E_h, exp. variance=13901.7090 E_h^2, pmove=0.47
2026-06-02 19:00:41,070 - Step 01802: 9.5350 E_h, exp. variance=12548.7002 E_h^2, pmove=0.47
2026-06-02 19:00:41,726 - Step 01803: 9.8326 E_h, exp. variance=11322.9590 E_h^2, pmove=0.47
2026-06-02 19:00:42,382 - Step 01804: 10.5717 E_h, exp. variance=10212.1533 E_h^2, pmove=0.46
2026-06-02 19:00:43,039 - Step 01805: 11.5923 E_h, exp. variance=9205.8838 E_h^2, pmove=0.46
2026-06-02 19:00:43,698 - Step 01806: 11.6709 E_h, exp. variance=8297.2373 E_h^2, pmove=0.46
2026-06-02 19:00:44,355 - Step 01807: 9.7436 E_h, exp. variance=7481.1182 E_h^2, pmove=0.46
2026-06-02 19:00:45,013 - Step 01808: 9.6590 E_h, exp. variance=6744.1953 E_h^2, pmove=0.47
2026-06-02 19:00:45,669 - Step 01809: 9.3494 E_h, exp. variance=6079.4062 E_h^2, pmove=0.47
2026-06-02 19:00:46,328 - Step 01810: 10.3168 E_h, exp. variance=5477.7295 E_h^2, pmove=0.47
2026-06-02 19:00:46,986 - Step 01811: 10.2986 E_h, exp. variance=4935.0552 E_h^2, pmove=0.47
2026-06-02 19:00:47,643 - Step 01812: 9.5663 E_h, exp. variance=4446.6206 E_h^2, pmove=0.47
2026-06-02 19:00:48,300 - Step 01813: 9.9748 E_h, exp. variance=4005.5845 E_h^2, pmove=0.47
2026-06-02 19:00:48,956 - Step 01814: 13.7817 E_h, exp. variance=3605.3528 E_h^2, pmove=0.47
2026-06-02 19:00:49,616 - Step 01815: 11.4040 E_h, exp. variance=3246.3250 E_h^2, pmove=0.47
2026-06-02 19:00:50,272 - Step 01816: 10.1068 E_h, exp. variance=2923.9248 E_h^2, pmove=0.47
2026-06-02 19:00:50,928 - Step 01817: 9.4829 E_h, exp. variance=2633.8792 E_h^2, pmove=0.47
2026-06-02 19:00:51,591 - Step 01818: 9.4074 E_h, exp. variance=2372.4551 E_h^2, pmove=0.47
2026-06-02 19:00:52,247 - Step 01819: 13.6193 E_h, exp. variance=2135.2095 E_h^2, pmove=0.47
2026-06-02 19:00:52,907 - Step 01820: 9.4797 E_h, exp. variance=1923.2255 E_h^2, pmove=0.47
2026-06-02 19:00:53,564 - Step 01821: 9.7000 E_h, exp. variance=1732.0048 E_h^2, pmove=0.47
2026-06-02 19:00:54,220 - Step 01822: 11.2745 E_h, exp. variance=1559.0273 E_h^2, pmove=0.47
2026-06-02 19:00:54,878 - Step 01823: 9.7810 E_h, exp. variance=1403.8870 E_h^2, pmove=0.47
2026-06-02 19:00:55,535 - Step 01824: 9.5000 E_h, exp. variance=1264.2554 E_h^2, pmove=0.47
2026-06-02 19:00:56,195 - Step 01825: 11.0337 E_h, exp. variance=1137.9342 E_h^2, pmove=0.47
2026-06-02 19:00:56,851 - Step 01826: 9.4076 E_h, exp. variance=1024.7469 E_h^2, pmove=0.47
2026-06-02 19:00:57,508 - Step 01827: 9.3580 E_h, exp. variance=922.7843 E_h^2, pmove=0.47
2026-06-02 19:00:58,165 - Step 01828: 9.6578 E_h, exp. variance=830.8129 E_h^2, pmove=0.47
2026-06-02 19:00:58,821 - Step 01829: 9.4188 E_h, exp. variance=748.0569 E_h^2, pmove=0.47
2026-06-02 19:00:59,481 - Step 01830: 9.3278 E_h, exp. variance=673.5435 E_h^2, pmove=0.48
2026-06-02 19:01:00,140 - Step 01831: 9.5608 E_h, exp. variance=606.3628 E_h^2, pmove=0.48
2026-06-02 19:01:00,798 - Step 01832: 10.2066 E_h, exp. variance=545.7593 E_h^2, pmove=0.48
2026-06-02 19:01:01,454 - Step 01833: 10.5367 E_h, exp. variance=491.1875 E_h^2, pmove=0.47
2026-06-02 19:01:02,112 - Step 01834: 15.4987 E_h, exp. variance=444.1161 E_h^2, pmove=0.48
2026-06-02 19:01:02,771 - Step 01835: 13.0846 E_h, exp. variance=400.0221 E_h^2, pmove=0.47
2026-06-02 19:01:03,428 - Step 01836: 9.4163 E_h, exp. variance=360.3719 E_h^2, pmove=0.48
2026-06-02 19:01:04,084 - Step 01837: 9.6659 E_h, exp. variance=324.5454 E_h^2, pmove=0.48
2026-06-02 19:01:04,741 - Step 01838: 9.5666 E_h, exp. variance=292.2871 E_h^2, pmove=0.47
2026-06-02 19:01:05,399 - Step 01839: 9.3970 E_h, exp. variance=263.2605 E_h^2, pmove=0.47
2026-06-02 19:01:06,058 - Step 01840: 9.6643 E_h, exp. variance=237.0396 E_h^2, pmove=0.47
2026-06-02 19:01:06,715 - Step 01841: 9.3601 E_h, exp. variance=213.4825 E_h^2, pmove=0.48
2026-06-02 19:01:07,372 - Step 01842: 9.6224 E_h, exp. variance=192.2051 E_h^2, pmove=0.47
2026-06-02 19:01:08,034 - Step 01843: 11.3343 E_h, exp. variance=173.0597 E_h^2, pmove=0.47
2026-06-02 19:01:08,691 - Step 01844: 9.2855 E_h, exp. variance=155.8892 E_h^2, pmove=0.47
2026-06-02 19:01:09,350 - Step 01845: 9.5408 E_h, exp. variance=140.3651 E_h^2, pmove=0.47
2026-06-02 19:01:10,008 - Step 01846: 17.1088 E_h, exp. variance=130.4951 E_h^2, pmove=0.47
2026-06-02 19:01:10,665 - Step 01847: 9.2959 E_h, exp. variance=117.7024 E_h^2, pmove=0.47
2026-06-02 19:01:11,322 - Step 01848: 9.6135 E_h, exp. variance=106.0624 E_h^2, pmove=0.47
2026-06-02 19:01:11,979 - Step 01849: 10.3595 E_h, exp. variance=95.4663 E_h^2, pmove=0.48
2026-06-02 19:01:12,637 - Step 01850: 10.6935 E_h, exp. variance=85.9198 E_h^2, pmove=0.47
2026-06-02 19:01:13,294 - Step 01851: 10.3654 E_h, exp. variance=77.3359 E_h^2, pmove=0.47
2026-06-02 19:01:13,953 - Step 01852: 9.4937 E_h, exp. variance=69.7196 E_h^2, pmove=0.46
2026-06-02 19:01:14,610 - Step 01853: 12.0349 E_h, exp. variance=62.9538 E_h^2, pmove=0.47
2026-06-02 19:01:15,267 - Step 01854: 9.2910 E_h, exp. variance=56.8303 E_h^2, pmove=0.46
2026-06-02 19:01:15,925 - Step 01855: 9.2680 E_h, exp. variance=51.2916 E_h^2, pmove=0.47
2026-06-02 19:01:16,581 - Step 01856: 9.9415 E_h, exp. variance=46.1820 E_h^2, pmove=0.47
2026-06-02 19:01:17,239 - Step 01857: 10.6173 E_h, exp. variance=41.5697 E_h^2, pmove=0.47
2026-06-02 19:01:17,897 - Step 01858: 9.4734 E_h, exp. variance=37.4878 E_h^2, pmove=0.47
2026-06-02 19:01:18,554 - Step 01859: 9.8522 E_h, exp. variance=33.7567 E_h^2, pmove=0.47
2026-06-02 19:01:19,211 - Step 01860: 13.8169 E_h, exp. variance=31.5253 E_h^2, pmove=0.47
2026-06-02 19:01:19,869 - Step 01861: 10.4959 E_h, exp. variance=28.3739 E_h^2, pmove=0.46
2026-06-02 19:01:20,526 - Step 01862: 9.2993 E_h, exp. variance=25.6880 E_h^2, pmove=0.47
2026-06-02 19:01:21,183 - Step 01863: 9.4088 E_h, exp. variance=23.2199 E_h^2, pmove=0.47
2026-06-02 19:01:21,842 - Step 01864: 9.6403 E_h, exp. variance=20.9447 E_h^2, pmove=0.48
2026-06-02 19:01:22,500 - Step 01865: 9.4911 E_h, exp. variance=18.9075 E_h^2, pmove=0.47
2026-06-02 19:01:23,158 - Step 01866: 9.4034 E_h, exp. variance=17.0752 E_h^2, pmove=0.48
2026-06-02 19:01:23,816 - Step 01867: 9.2421 E_h, exp. variance=15.4384 E_h^2, pmove=0.47
2026-06-02 19:01:24,475 - Step 01868: 9.4630 E_h, exp. variance=13.9245 E_h^2, pmove=0.48
2026-06-02 19:01:25,133 - Step 01869: 9.1658 E_h, exp. variance=12.5921 E_h^2, pmove=0.48
2026-06-02 19:01:25,790 - Step 01870: 9.2417 E_h, exp. variance=11.3719 E_h^2, pmove=0.47
2026-06-02 19:01:26,448 - Step 01871: 9.4584 E_h, exp. variance=10.2475 E_h^2, pmove=0.47
2026-06-02 19:01:27,105 - Step 01872: 9.1789 E_h, exp. variance=9.2571 E_h^2, pmove=0.47
2026-06-02 19:01:27,764 - Step 01873: 9.1114 E_h, exp. variance=8.3664 E_h^2, pmove=0.47
2026-06-02 19:01:28,422 - Step 01874: 9.1211 E_h, exp. variance=7.5572 E_h^2, pmove=0.48
2026-06-02 19:01:29,080 - Step 01875: 12.1561 E_h, exp. variance=7.3814 E_h^2, pmove=0.48
2026-06-02 19:01:29,739 - Step 01876: 21.8272 E_h, exp. variance=19.5078 E_h^2, pmove=0.47
2026-06-02 19:01:29,740 - Saving checkpoint results/bilayer-bosons/BosonNet/N24_layers12_12_rs2.5_d2.5_D20.0_sq/qmcjax_ckpt_001876.npz
2026-06-02 19:01:30,432 - Step 01877: 10.1935 E_h, exp. variance=17.6257 E_h^2, pmove=0.46
2026-06-02 19:01:31,089 - Step 01878: 9.2643 E_h, exp. variance=16.1280 E_h^2, pmove=0.47
2026-06-02 19:01:31,747 - Step 01879: 11.5029 E_h, exp. variance=14.5586 E_h^2, pmove=0.48
2026-06-02 19:01:32,404 - Step 01880: 9.9576 E_h, exp. variance=13.1789 E_h^2, pmove=0.47
2026-06-02 19:01:33,062 - Step 01881: 13.3222 E_h, exp. variance=12.4401 E_h^2, pmove=0.47
2026-06-02 19:01:33,720 - Step 01882: 9.4147 E_h, exp. variance=11.4337 E_h^2, pmove=0.47
2026-06-02 19:01:34,377 - Step 01883: 11.3977 E_h, exp. variance=10.3147 E_h^2, pmove=0.47
2026-06-02 19:01:35,037 - Step 01884: 10.4600 E_h, exp. variance=9.3030 E_h^2, pmove=0.47
2026-06-02 19:01:35,695 - Step 01885: 10.0459 E_h, exp. variance=8.4356 E_h^2, pmove=0.47
2026-06-02 19:01:36,353 - Step 01886: 9.6956 E_h, exp. variance=7.7015 E_h^2, pmove=0.47
2026-06-02 19:01:37,012 - Step 01887: 1298.4294 E_h, exp. variance=149251.9375 E_h^2, pmove=0.46
2026-06-02 19:01:37,670 - Step 01888: 9.4729 E_h, exp. variance=135847.4844 E_h^2, pmove=0.45
2026-06-02 19:01:38,328 - Step 01889: 9.4079 E_h, exp. variance=123495.9141 E_h^2, pmove=0.47
2026-06-02 19:01:38,986 - Step 01890: 15.2335 E_h, exp. variance=112037.7734 E_h^2, pmove=0.46
2026-06-02 19:01:39,645 - Step 01891: 9.3742 E_h, exp. variance=101653.6328 E_h^2, pmove=0.46
2026-06-02 19:01:40,303 - Step 01892: 10.3185 E_h, exp. variance=92137.6562 E_h^2, pmove=0.47
2026-06-02 19:01:40,962 - Step 01893: 9.4886 E_h, exp. variance=83461.3750 E_h^2, pmove=0.47
2026-06-02 19:01:41,620 - Step 01894: 9.2141 E_h, exp. variance=75554.0391 E_h^2, pmove=0.47
2026-06-02 19:01:42,279 - Step 01895: 9.3037 E_h, exp. variance=68353.0547 E_h^2, pmove=0.47
2026-06-02 19:01:42,937 - Step 01896: 9.6955 E_h, exp. variance=61800.8594 E_h^2, pmove=0.47
2026-06-02 19:01:43,595 - Step 01897: 9.1765 E_h, exp. variance=55854.8320 E_h^2, pmove=0.47
2026-06-02 19:01:44,256 - Step 01898: 13.0388 E_h, exp. variance=50428.3711 E_h^2, pmove=0.47
2026-06-02 19:01:44,915 - Step 01899: 9.3929 E_h, exp. variance=45540.3633 E_h^2, pmove=0.47
2026-06-02 19:01:45,573 - Step 01900: 18.3919 E_h, exp. variance=41058.5625 E_h^2, pmove=0.47
2026-06-02 19:01:46,231 - Step 01901: 9.4242 E_h, exp. variance=37059.6133 E_h^2, pmove=0.47
2026-06-02 19:01:46,893 - Step 01902: 9.2764 E_h, exp. variance=33441.0742 E_h^2, pmove=0.47
2026-06-02 19:01:47,551 - Step 01903: 12.0946 E_h, exp. variance=30154.2637 E_h^2, pmove=0.47
2026-06-02 19:01:48,209 - Step 01904: 9.5690 E_h, exp. variance=27196.1445 E_h^2, pmove=0.46
2026-06-02 19:01:48,868 - Step 01905: 9.0839 E_h, exp. variance=24524.9531 E_h^2, pmove=0.47
2026-06-02 19:01:49,532 - Step 01906: 9.2271 E_h, exp. variance=22111.1445 E_h^2, pmove=0.47
2026-06-02 19:01:50,193 - Step 01907: 9.0715 E_h, exp. variance=19931.8906 E_h^2, pmove=0.47
2026-06-02 19:01:50,852 - Step 01908: 9.1827 E_h, exp. variance=17964.1719 E_h^2, pmove=0.48
2026-06-02 19:01:51,510 - Step 01909: 12.0355 E_h, exp. variance=16181.3418 E_h^2, pmove=0.48
2026-06-02 19:01:52,168 - Step 01910: 9.2775 E_h, exp. variance=14580.3877 E_h^2, pmove=0.47
2026-06-02 19:01:52,827 - Step 01911: 9.2794 E_h, exp. variance=13136.2607 E_h^2, pmove=0.48
2026-06-02 19:01:53,488 - Step 01912: 9.3618 E_h, exp. variance=11833.7383 E_h^2, pmove=0.47
2026-06-02 19:01:54,147 - Step 01913: 9.2426 E_h, exp. variance=10659.5742 E_h^2, pmove=0.47
2026-06-02 19:01:54,805 - Step 01914: 9.2329 E_h, exp. variance=9601.0928 E_h^2, pmove=0.47
2026-06-02 19:01:55,463 - Step 01915: 9.1749 E_h, exp. variance=8647.1250 E_h^2, pmove=0.47
2026-06-02 19:01:56,123 - Step 01916: 9.6363 E_h, exp. variance=7786.7886 E_h^2, pmove=0.47
2026-06-02 19:01:56,782 - Step 01917: 9.3912 E_h, exp. variance=7011.9365 E_h^2, pmove=0.48
2026-06-02 19:01:57,440 - Step 01918: 9.0603 E_h, exp. variance=6314.2021 E_h^2, pmove=0.47
2026-06-02 19:01:58,097 - Step 01919: 9.8644 E_h, exp. variance=5684.8345 E_h^2, pmove=0.48
2026-06-02 19:01:58,754 - Step 01920: 9.7155 E_h, exp. variance=5118.1309 E_h^2, pmove=0.48
2026-06-02 19:01:59,415 - Step 01921: 9.0440 E_h, exp. variance=4608.2837 E_h^2, pmove=0.48
2026-06-02 19:02:00,077 - Step 01922: 8.9971 E_h, exp. variance=4149.0835 E_h^2, pmove=0.48
2026-06-02 19:02:00,735 - Step 01923: 8.9922 E_h, exp. variance=3735.4973 E_h^2, pmove=0.48
2026-06-02 19:02:01,394 - Step 01924: 9.5094 E_h, exp. variance=3362.7214 E_h^2, pmove=0.48
2026-06-02 19:02:02,051 - Step 01925: 9.2628 E_h, exp. variance=3027.1987 E_h^2, pmove=0.47
2026-06-02 19:02:02,712 - Step 01926: 8.9569 E_h, exp. variance=2725.2373 E_h^2, pmove=0.48
2026-06-02 19:02:03,370 - Step 01927: 9.6985 E_h, exp. variance=2453.0286 E_h^2, pmove=0.48
2026-06-02 19:02:04,027 - Step 01928: 10.9823 E_h, exp. variance=2207.7402 E_h^2, pmove=0.47
2026-06-02 19:02:04,684 - Step 01929: 9.5536 E_h, exp. variance=1987.2543 E_h^2, pmove=0.47
2026-06-02 19:02:05,345 - Step 01930: 9.2976 E_h, exp. variance=1788.8423 E_h^2, pmove=0.47
2026-06-02 19:02:06,003 - Step 01931: 9.2870 E_h, exp. variance=1610.2151 E_h^2, pmove=0.47
2026-06-02 19:02:06,662 - Step 01932: 9.6007 E_h, exp. variance=1449.3247 E_h^2, pmove=0.47
2026-06-02 19:02:07,320 - Step 01933: 15.2944 E_h, exp. variance=1306.3025 E_h^2, pmove=0.47
2026-06-02 19:02:07,978 - Step 01934: 9.5481 E_h, exp. variance=1175.9026 E_h^2, pmove=0.46
2026-06-02 19:02:08,638 - Step 01935: 9.2865 E_h, exp. variance=1058.5729 E_h^2, pmove=0.47
2026-06-02 19:02:09,296 - Step 01936: 9.5321 E_h, exp. variance=952.8643 E_h^2, pmove=0.47
2026-06-02 19:02:09,955 - Step 01937: 9.3777 E_h, exp. variance=857.7327 E_h^2, pmove=0.47
2026-06-02 19:02:10,613 - Step 01938: 11.0941 E_h, exp. variance=771.9852 E_h^2, pmove=0.47
2026-06-02 19:02:11,272 - Step 01939: 9.1699 E_h, exp. variance=694.9738 E_h^2, pmove=0.47
2026-06-02 19:02:11,933 - Step 01940: 9.2565 E_h, exp. variance=625.6083 E_h^2, pmove=0.47
2026-06-02 19:02:12,592 - Step 01941: 9.0290 E_h, exp. variance=563.2037 E_h^2, pmove=0.48
2026-06-02 19:02:13,250 - Step 01942: 14.4604 E_h, exp. variance=508.5056 E_h^2, pmove=0.48
2026-06-02 19:02:13,910 - Step 01943: 10.2028 E_h, exp. variance=457.6722 E_h^2, pmove=0.47
2026-06-02 19:02:14,573 - Step 01944: 9.0927 E_h, exp. variance=412.1082 E_h^2, pmove=0.47
2026-06-02 19:02:15,233 - Step 01945: 9.0419 E_h, exp. variance=371.0747 E_h^2, pmove=0.47
2026-06-02 19:02:15,893 - Step 01946: 8.9431 E_h, exp. variance=334.1341 E_h^2, pmove=0.47
2026-06-02 19:02:16,552 - Step 01947: 9.0584 E_h, exp. variance=300.8317 E_h^2, pmove=0.47
2026-06-02 19:02:17,211 - Step 01948: 8.9556 E_h, exp. variance=270.8578 E_h^2, pmove=0.47
2026-06-02 19:02:17,873 - Step 01949: 8.8517 E_h, exp. variance=243.8801 E_h^2, pmove=0.47
2026-06-02 19:02:18,532 - Step 01950: 9.0518 E_h, exp. variance=219.5477 E_h^2, pmove=0.47
2026-06-02 19:02:19,193 - Step 01951: 8.8924 E_h, exp. variance=197.6606 E_h^2, pmove=0.47
2026-06-02 19:02:19,853 - Step 01952: 8.9185 E_h, exp. variance=177.9457 E_h^2, pmove=0.48
2026-06-02 19:02:20,513 - Step 01953: 8.8232 E_h, exp. variance=160.2051 E_h^2, pmove=0.47
2026-06-02 19:02:21,176 - Step 01954: 9.1237 E_h, exp. variance=144.1987 E_h^2, pmove=0.47
2026-06-02 19:02:21,835 - Step 01955: 9.1863 E_h, exp. variance=129.7866 E_h^2, pmove=0.47
2026-06-02 19:02:22,495 - Step 01956: 9.2292 E_h, exp. variance=116.8123 E_h^2, pmove=0.48
2026-06-02 19:02:23,155 - Step 01957: 9.0163 E_h, exp. variance=105.1464 E_h^2, pmove=0.48
2026-06-02 19:02:23,815 - Step 01958: 9.5375 E_h, exp. variance=94.6338 E_h^2, pmove=0.47
2026-06-02 19:02:24,475 - Step 01959: 10.3740 E_h, exp. variance=85.2554 E_h^2, pmove=0.48
2026-06-02 19:02:25,135 - Step 01960: 9.1109 E_h, exp. variance=76.7434 E_h^2, pmove=0.48
2026-06-02 19:02:25,793 - Step 01961: 9.4513 E_h, exp. variance=69.0691 E_h^2, pmove=0.49
2026-06-02 19:02:26,453 - Step 01962: 9.4650 E_h, exp. variance=62.1622 E_h^2, pmove=0.48
2026-06-02 19:02:27,113 - Step 01963: 8.9716 E_h, exp. variance=55.9675 E_h^2, pmove=0.47
2026-06-02 19:02:27,774 - Step 01964: 9.1161 E_h, exp. variance=50.3786 E_h^2, pmove=0.47
2026-06-02 19:02:28,433 - Step 01965: 8.9365 E_h, exp. variance=45.3586 E_h^2, pmove=0.47
2026-06-02 19:02:29,093 - Step 01966: 9.7913 E_h, exp. variance=40.8413 E_h^2, pmove=0.48
2026-06-02 19:02:29,751 - Step 01967: 8.8869 E_h, exp. variance=36.7793 E_h^2, pmove=0.47
2026-06-02 19:02:30,409 - Step 01968: 9.0270 E_h, exp. variance=33.1098 E_h^2, pmove=0.47
2026-06-02 19:02:31,066 - Step 01969: 8.8636 E_h, exp. variance=29.8161 E_h^2, pmove=0.47
2026-06-02 19:02:31,724 - Step 01970: 8.8011 E_h, exp. variance=26.8534 E_h^2, pmove=0.48
2026-06-02 19:02:32,383 - Step 01971: 8.8344 E_h, exp. variance=24.1809 E_h^2, pmove=0.47
2026-06-02 19:02:33,042 - Step 01972: 8.8054 E_h, exp. variance=21.7751 E_h^2, pmove=0.47
2026-06-02 19:02:33,700 - Step 01973: 8.8708 E_h, exp. variance=19.6040 E_h^2, pmove=0.47
2026-06-02 19:02:34,358 - Step 01974: 8.8758 E_h, exp. variance=17.6486 E_h^2, pmove=0.47
2026-06-02 19:02:35,015 - Step 01975: 8.9586 E_h, exp. variance=15.8853 E_h^2, pmove=0.47
2026-06-02 19:02:35,673 - Step 01976: 8.9284 E_h, exp. variance=14.2987 E_h^2, pmove=0.48
2026-06-02 19:02:36,332 - Step 01977: 11.1672 E_h, exp. variance=13.2683 E_h^2, pmove=0.48
2026-06-02 19:02:36,991 - Step 01978: 11.9249 E_h, exp. variance=12.5754 E_h^2, pmove=0.47
2026-06-02 19:02:37,648 - Step 01979: 8.8657 E_h, exp. variance=11.3584 E_h^2, pmove=0.46
2026-06-02 19:02:38,306 - Step 01980: 9.0575 E_h, exp. variance=10.2378 E_h^2, pmove=0.47
2026-06-02 19:02:38,964 - Step 01981: 9.0122 E_h, exp. variance=9.2296 E_h^2, pmove=0.47
2026-06-02 19:02:39,625 - Step 01982: 9.2250 E_h, exp. variance=8.3090 E_h^2, pmove=0.47
2026-06-02 19:02:40,283 - Step 01983: 8.8016 E_h, exp. variance=7.5072 E_h^2, pmove=0.47
2026-06-02 19:02:40,941 - Step 01984: 9.0236 E_h, exp. variance=6.7640 E_h^2, pmove=0.48
2026-06-02 19:02:41,599 - Step 01985: 8.7865 E_h, exp. variance=6.1099 E_h^2, pmove=0.47
2026-06-02 19:02:42,259 - Step 01986: 8.9591 E_h, exp. variance=5.5058 E_h^2, pmove=0.47
2026-06-02 19:02:42,917 - Step 01987: 8.8279 E_h, exp. variance=4.9681 E_h^2, pmove=0.48
2026-06-02 19:02:43,575 - Step 01988: 9.0272 E_h, exp. variance=4.4731 E_h^2, pmove=0.47
2026-06-02 19:02:44,233 - Step 01989: 9.0027 E_h, exp. variance=4.0279 E_h^2, pmove=0.47
2026-06-02 19:02:44,893 - Step 01990: 8.7912 E_h, exp. variance=3.6361 E_h^2, pmove=0.48
2026-06-02 19:02:45,554 - Step 01991: 8.8567 E_h, exp. variance=3.2780 E_h^2, pmove=0.48
2026-06-02 19:02:46,214 - Step 01992: 8.8652 E_h, exp. variance=2.9544 E_h^2, pmove=0.48
2026-06-02 19:02:46,875 - Step 01993: 8.6495 E_h, exp. variance=2.6740 E_h^2, pmove=0.48
2026-06-02 19:02:47,533 - Step 01994: 8.9147 E_h, exp. variance=2.4075 E_h^2, pmove=0.48
2026-06-02 19:02:48,204 - Step 01995: 8.8084 E_h, exp. variance=2.1703 E_h^2, pmove=0.48
2026-06-02 19:02:48,865 - Step 01996: 11.7985 E_h, exp. variance=2.6645 E_h^2, pmove=0.48
2026-06-02 19:02:49,525 - Step 01997: 11.3403 E_h, exp. variance=2.7843 E_h^2, pmove=0.48
2026-06-02 19:02:50,185 - Step 01998: 9.3232 E_h, exp. variance=2.5080 E_h^2, pmove=0.48
2026-06-02 19:02:50,844 - Step 01999: 8.6775 E_h, exp. variance=2.3123 E_h^2, pmove=0.47
2026-06-02 19:02:51,504 - Step 02000: 8.7936 E_h, exp. variance=2.1123 E_h^2, pmove=0.48
2026-06-02 19:02:52,165 - Step 02001: 9.6069 E_h, exp. variance=1.9083 E_h^2, pmove=0.48
2026-06-02 19:02:52,826 - Step 02002: 8.9727 E_h, exp. variance=1.7304 E_h^2, pmove=0.48
2026-06-02 19:02:53,486 - Step 02003: 9.8203 E_h, exp. variance=1.5804 E_h^2, pmove=0.47
2026-06-02 19:02:54,146 - Step 02004: 11.8002 E_h, exp. variance=1.9563 E_h^2, pmove=0.47
2026-06-02 19:02:54,807 - Step 02005: 9.3372 E_h, exp. variance=1.7673 E_h^2, pmove=0.47
2026-06-02 19:02:55,465 - Step 02006: 8.7939 E_h, exp. variance=1.6463 E_h^2, pmove=0.48
2026-06-02 19:02:56,123 - Step 02007: 8.7967 E_h, exp. variance=1.5265 E_h^2, pmove=0.48
2026-06-02 19:02:56,781 - Step 02008: 9.1063 E_h, exp. variance=1.3834 E_h^2, pmove=0.48
2026-06-02 19:02:57,439 - Step 02009: 8.7967 E_h, exp. variance=1.2777 E_h^2, pmove=0.48
2026-06-02 19:02:58,100 - Step 02010: 8.8608 E_h, exp. variance=1.1705 E_h^2, pmove=0.48
2026-06-02 19:02:58,760 - Step 02011: 8.9389 E_h, exp. variance=1.0646 E_h^2, pmove=0.48
2026-06-02 19:02:59,419 - Step 02012: 8.8681 E_h, exp. variance=0.9717 E_h^2, pmove=0.48
2026-06-02 19:03:00,081 - Step 02013: 8.7176 E_h, exp. variance=0.8970 E_h^2, pmove=0.48
2026-06-02 19:03:00,744 - Step 02014: 8.9101 E_h, exp. variance=0.8132 E_h^2, pmove=0.48
2026-06-02 19:03:01,404 - Step 02015: 8.9483 E_h, exp. variance=0.7353 E_h^2, pmove=0.48
2026-06-02 19:03:02,063 - Step 02016: 8.8159 E_h, exp. variance=0.6702 E_h^2, pmove=0.47
2026-06-02 19:03:02,723 - Step 02017: 12.8712 E_h, exp. variance=1.8889 E_h^2, pmove=0.47
2026-06-02 19:03:03,383 - Step 02018: 8.8594 E_h, exp. variance=1.7335 E_h^2, pmove=0.47
2026-06-02 19:03:04,046 - Step 02019: 133.7949 E_h, exp. variance=1394.0389 E_h^2, pmove=0.47
2026-06-02 19:03:04,708 - Step 02020: 8.7246 E_h, exp. variance=1270.1331 E_h^2, pmove=0.46
2026-06-02 19:03:05,368 - Step 02021: 8.7789 E_h, exp. variance=1155.5579 E_h^2, pmove=0.47
2026-06-02 19:03:06,028 - Step 02022: 9.1365 E_h, exp. variance=1049.4075 E_h^2, pmove=0.48
2026-06-02 19:03:06,688 - Step 02023: 8.9321 E_h, exp. variance=952.4273 E_h^2, pmove=0.48
2026-06-02 19:03:07,351 - Step 02024: 8.8669 E_h, exp. variance=863.7324 E_h^2, pmove=0.48
2026-06-02 19:03:08,012 - Step 02025: 9.0735 E_h, exp. variance=782.3813 E_h^2, pmove=0.48
2026-06-02 19:03:08,673 - Step 02026: 9.2962 E_h, exp. variance=707.9460 E_h^2, pmove=0.47
2026-06-02 19:03:09,334 - Step 02027: 11.9103 E_h, exp. variance=638.0939 E_h^2, pmove=0.48
2026-06-02 19:03:09,999 - Step 02028: 13.8114 E_h, exp. variance=574.3766 E_h^2, pmove=0.47
2026-06-02 19:03:10,660 - Step 02029: 8.6981 E_h, exp. variance=520.2045 E_h^2, pmove=0.46
2026-06-02 19:03:11,320 - Step 02030: 8.6809 E_h, exp. variance=470.8459 E_h^2, pmove=0.47
2026-06-02 19:03:11,981 - Step 02031: 24.1765 E_h, exp. variance=433.8755 E_h^2, pmove=0.47
2026-06-02 19:03:12,641 - Step 02032: 9.0325 E_h, exp. variance=393.3136 E_h^2, pmove=0.48
2026-06-02 19:03:13,303 - Step 02033: 9.2795 E_h, exp. variance=356.0522 E_h^2, pmove=0.48
2026-06-02 19:03:13,965 - Step 02034: 8.7156 E_h, exp. variance=322.5905 E_h^2, pmove=0.48
2026-06-02 19:03:14,625 - Step 02035: 8.6189 E_h, exp. variance=292.1449 E_h^2, pmove=0.48
2026-06-02 19:03:15,289 - Step 02036: 13.3211 E_h, exp. variance=262.9699 E_h^2, pmove=0.48
2026-06-02 19:03:15,948 - Step 02037: 9.2711 E_h, exp. variance=237.7466 E_h^2, pmove=0.48
2026-06-02 19:03:16,611 - Step 02038: 9.9324 E_h, exp. variance=214.5109 E_h^2, pmove=0.47
2026-06-02 19:03:17,272 - Step 02039: 8.6695 E_h, exp. variance=194.1407 E_h^2, pmove=0.47
2026-06-02 19:03:17,933 - Step 02040: 8.6510 E_h, exp. variance=175.6125 E_h^2, pmove=0.48
2026-06-02 19:03:18,594 - Step 02041: 8.7421 E_h, exp. variance=158.7233 E_h^2, pmove=0.48
2026-06-02 19:03:19,259 - Step 02042: 8.8611 E_h, exp. variance=143.3439 E_h^2, pmove=0.48
2026-06-02 19:03:19,919 - Step 02043: 8.6450 E_h, exp. variance=129.4949 E_h^2, pmove=0.48
2026-06-02 19:03:20,579 - Step 02044: 10.1224 E_h, exp. variance=116.5792 E_h^2, pmove=0.48
2026-06-02 19:03:21,239 - Step 02045: 8.7244 E_h, exp. variance=105.2633 E_h^2, pmove=0.47
2026-06-02 19:03:21,899 - Step 02046: 9.5742 E_h, exp. variance=94.8106 E_h^2, pmove=0.48
2026-06-02 19:03:22,563 - Step 02047: 8.8414 E_h, exp. variance=85.5450 E_h^2, pmove=0.47
2026-06-02 19:03:23,223 - Step 02048: 8.6479 E_h, exp. variance=77.2168 E_h^2, pmove=0.47
2026-06-02 19:03:23,884 - Step 02049: 8.7095 E_h, exp. variance=69.6630 E_h^2, pmove=0.47
2026-06-02 19:03:24,544 - Step 02050: 9.1130 E_h, exp. variance=62.7580 E_h^2, pmove=0.48
2026-06-02 19:03:25,206 - Step 02051: 9.0790 E_h, exp. variance=56.5366 E_h^2, pmove=0.48
2026-06-02 19:03:25,870 - Step 02052: 8.6482 E_h, exp. variance=50.9978 E_h^2, pmove=0.47
2026-06-02 19:03:26,530 - Step 02053: 8.6098 E_h, exp. variance=45.9983 E_h^2, pmove=0.47
2026-06-02 19:03:27,191 - Step 02054: 8.6760 E_h, exp. variance=41.4688 E_h^2, pmove=0.47
2026-06-02 19:03:27,851 - Step 02055: 9.2507 E_h, exp. variance=37.3263 E_h^2, pmove=0.48
2026-06-02 19:03:28,515 - Step 02056: 10.1572 E_h, exp. variance=33.6387 E_h^2, pmove=0.48
2026-06-02 19:03:29,175 - Step 02057: 8.7276 E_h, exp. variance=30.3314 E_h^2, pmove=0.48
2026-06-02 19:03:29,836 - Step 02058: 24.8012 E_h, exp. variance=48.5329 E_h^2, pmove=0.48
2026-06-02 19:03:30,496 - Step 02059: 8.6873 E_h, exp. variance=44.1515 E_h^2, pmove=0.48
2026-06-02 19:03:31,156 - Step 02060: 9.0323 E_h, exp. variance=40.0012 E_h^2, pmove=0.48
2026-06-02 19:03:31,818 - Step 02061: 8.7431 E_h, exp. variance=36.3036 E_h^2, pmove=0.47
2026-06-02 19:03:32,479 - Step 02062: 8.7908 E_h, exp. variance=32.9043 E_h^2, pmove=0.47
2026-06-02 19:03:33,139 - Step 02063: 8.6466 E_h, exp. variance=29.8403 E_h^2, pmove=0.47
2026-06-02 19:03:33,799 - Step 02064: 40.4270 E_h, exp. variance=109.7728 E_h^2, pmove=0.47
2026-06-02 19:03:34,459 - Step 02065: 8.6160 E_h, exp. variance=100.6128 E_h^2, pmove=0.48
2026-06-02 19:03:35,120 - Step 02066: 8.5500 E_h, exp. variance=92.0719 E_h^2, pmove=0.47
2026-06-02 19:03:35,781 - Step 02067: 8.5827 E_h, exp. variance=84.0746 E_h^2, pmove=0.48
2026-06-02 19:03:36,442 - Step 02068: 8.7445 E_h, exp. variance=76.5534 E_h^2, pmove=0.48
2026-06-02 19:03:37,103 - Step 02069: 8.5167 E_h, exp. variance=69.7364 E_h^2, pmove=0.47
2026-06-02 19:03:37,765 - Step 02070: 8.6219 E_h, exp. variance=63.3907 E_h^2, pmove=0.48
2026-06-02 19:03:38,425 - Step 02071: 8.5709 E_h, exp. variance=57.5824 E_h^2, pmove=0.48
2026-06-02 19:03:39,086 - Step 02072: 8.6647 E_h, exp. variance=52.2180 E_h^2, pmove=0.48
2026-06-02 19:03:39,746 - Step 02073: 8.7324 E_h, exp. variance=47.2926 E_h^2, pmove=0.48
2026-06-02 19:03:40,405 - Step 02074: 8.5049 E_h, exp. variance=42.8750 E_h^2, pmove=0.48
2026-06-02 19:03:41,064 - Step 02075: 8.6490 E_h, exp. variance=38.7984 E_h^2, pmove=0.47
2026-06-02 19:03:41,723 - Step 02076: 8.5767 E_h, exp. variance=35.1078 E_h^2, pmove=0.48
2026-06-02 19:03:42,381 - Step 02077: 452.0715 E_h, exp. variance=17629.4648 E_h^2, pmove=0.48
2026-06-02 19:03:43,041 - Step 02078: 9.9936 E_h, exp. variance=16041.6064 E_h^2, pmove=0.48
2026-06-02 19:03:43,700 - Step 02079: 8.5472 E_h, exp. variance=14589.7910 E_h^2, pmove=0.48
2026-06-02 19:03:44,359 - Step 02080: 8.5119 E_h, exp. variance=13254.4463 E_h^2, pmove=0.48
2026-06-02 19:03:45,018 - Step 02081: 8.4903 E_h, exp. variance=12029.2744 E_h^2, pmove=0.48
2026-06-02 19:03:45,677 - Step 02082: 8.4751 E_h, exp. variance=10907.6504 E_h^2, pmove=0.47
2026-06-02 19:03:46,336 - Step 02083: 8.8774 E_h, exp. variance=9880.7979 E_h^2, pmove=0.48
2026-06-02 19:03:46,995 - Step 02084: 8.7915 E_h, exp. variance=8944.8584 E_h^2, pmove=0.48
2026-06-02 19:03:47,655 - Step 02085: 8.5317 E_h, exp. variance=8093.6250 E_h^2, pmove=0.48
2026-06-02 19:03:48,314 - Step 02086: 8.6402 E_h, exp. variance=7318.9126 E_h^2, pmove=0.48
2026-06-02 19:03:48,974 - Step 02087: 8.5997 E_h, exp. variance=6615.2168 E_h^2, pmove=0.48
2026-06-02 19:03:49,634 - Step 02088: 9.1979 E_h, exp. variance=5974.8501 E_h^2, pmove=0.48
2026-06-02 19:03:50,295 - Step 02089: 8.8777 E_h, exp. variance=5395.3057 E_h^2, pmove=0.47
2026-06-02 19:03:50,956 - Step 02090: 8.7189 E_h, exp. variance=4870.6719 E_h^2, pmove=0.47
2026-06-02 19:03:51,614 - Step 02091: 9.4664 E_h, exp. variance=4394.1636 E_h^2, pmove=0.47
2026-06-02 19:03:52,273 - Step 02092: 8.9212 E_h, exp. variance=3964.2832 E_h^2, pmove=0.47
2026-06-02 19:03:52,932 - Step 02093: 8.6448 E_h, exp. variance=3576.0471 E_h^2, pmove=0.48
2026-06-02 19:03:53,591 - Step 02094: 8.8540 E_h, exp. variance=3224.7585 E_h^2, pmove=0.47
2026-06-02 19:03:54,251 - Step 02095: 8.7625 E_h, exp. variance=2907.5237 E_h^2, pmove=0.48
2026-06-02 19:03:54,912 - Step 02096: 8.9564 E_h, exp. variance=2620.7803 E_h^2, pmove=0.47
2026-06-02 19:03:55,571 - Step 02097: 8.4884 E_h, exp. variance=2362.4753 E_h^2, pmove=0.47
2026-06-02 19:03:56,233 - Step 02098: 8.9023 E_h, exp. variance=2128.8652 E_h^2, pmove=0.48
2026-06-02 19:03:56,892 - Step 02099: 8.6229 E_h, exp. variance=1918.3671 E_h^2, pmove=0.47
2026-06-02 19:03:57,551 - Step 02100: 8.6615 E_h, exp. variance=1728.4329 E_h^2, pmove=0.48
2026-06-02 19:03:58,209 - Step 02101: 8.5858 E_h, exp. variance=1557.1875 E_h^2, pmove=0.48
2026-06-02 19:03:58,868 - Step 02102: 9.4103 E_h, exp. variance=1402.2614 E_h^2, pmove=0.48
2026-06-02 19:03:59,527 - Step 02103: 8.5414 E_h, exp. variance=1263.1630 E_h^2, pmove=0.48
2026-06-02 19:04:00,187 - Step 02104: 8.6287 E_h, exp. variance=1137.7107 E_h^2, pmove=0.48
2026-06-02 19:04:00,847 - Step 02105: 8.5165 E_h, exp. variance=1024.6970 E_h^2, pmove=0.48
2026-06-02 19:04:01,506 - Step 02106: 8.6317 E_h, exp. variance=922.7878 E_h^2, pmove=0.48
2026-06-02 19:04:02,165 - Step 02107: 8.7517 E_h, exp. variance=830.9158 E_h^2, pmove=0.48
2026-06-02 19:04:02,824 - Step 02108: 8.4868 E_h, exp. variance=748.2513 E_h^2, pmove=0.48
2026-06-02 19:04:03,483 - Step 02109: 9.5081 E_h, exp. variance=673.5055 E_h^2, pmove=0.48
2026-06-02 19:04:04,142 - Step 02110: 8.4814 E_h, exp. variance=606.4703 E_h^2, pmove=0.48
2026-06-02 19:04:04,801 - Step 02111: 8.8473 E_h, exp. variance=545.9799 E_h^2, pmove=0.48
2026-06-02 19:04:05,464 - Step 02112: 9.6998 E_h, exp. variance=491.3919 E_h^2, pmove=0.48
2026-06-02 19:04:06,123 - Step 02113: 8.7932 E_h, exp. variance=442.3840 E_h^2, pmove=0.47
2026-06-02 19:04:06,796 - Step 02114: 8.5971 E_h, exp. variance=398.2937 E_h^2, pmove=0.48
2026-06-02 19:04:07,456 - Step 02115: 8.5482 E_h, exp. variance=358.5947 E_h^2, pmove=0.48
2026-06-02 19:04:08,115 - Step 02116: 8.4496 E_h, exp. variance=322.8609 E_h^2, pmove=0.47
2026-06-02 19:04:08,776 - Step 02117: 8.9422 E_h, exp. variance=290.6042 E_h^2, pmove=0.48
2026-06-02 19:04:09,435 - Step 02118: 8.4071 E_h, exp. variance=261.6428 E_h^2, pmove=0.48
2026-06-02 19:04:10,095 - Step 02119: 8.4209 E_h, exp. variance=235.5564 E_h^2, pmove=0.48
2026-06-02 19:04:10,756 - Step 02120: 8.4279 E_h, exp. variance=212.0628 E_h^2, pmove=0.48
2026-06-02 19:04:11,416 - Step 02121: 9.0789 E_h, exp. variance=190.8573 E_h^2, pmove=0.48
2026-06-02 19:04:12,079 - Step 02122: 8.6034 E_h, exp. variance=171.8000 E_h^2, pmove=0.48
2026-06-02 19:04:12,741 - Step 02123: 8.4631 E_h, exp. variance=154.6576 E_h^2, pmove=0.48
2026-06-02 19:04:13,400 - Step 02124: 8.5137 E_h, exp. variance=139.2172 E_h^2, pmove=0.48
2026-06-02 19:04:14,059 - Step 02125: 8.5904 E_h, exp. variance=125.3100 E_h^2, pmove=0.48
2026-06-02 19:04:14,723 - Step 02126: 8.5391 E_h, exp. variance=112.7943 E_h^2, pmove=0.48
2026-06-02 19:04:15,387 - Step 02127: 8.5035 E_h, exp. variance=101.5298 E_h^2, pmove=0.47
2026-06-02 19:04:16,048 - Step 02128: 8.5186 E_h, exp. variance=91.3879 E_h^2, pmove=0.48
2026-06-02 19:04:16,708 - Step 02129: 8.6799 E_h, exp. variance=82.2512 E_h^2, pmove=0.48
2026-06-02 19:04:17,368 - Step 02130: 8.4907 E_h, exp. variance=74.0358 E_h^2, pmove=0.48
2026-06-02 19:04:18,030 - Step 02131: 67.3682 E_h, exp. variance=375.4984 E_h^2, pmove=0.47
2026-06-02 19:04:18,690 - Step 02132: 8.5066 E_h, exp. variance=341.3391 E_h^2, pmove=0.47
2026-06-02 19:04:19,349 - Step 02133: 8.5309 E_h, exp. variance=309.9274 E_h^2, pmove=0.47
2026-06-02 19:04:20,008 - Step 02134: 10.8517 E_h, exp. variance=279.5567 E_h^2, pmove=0.47
2026-06-02 19:04:20,666 - Step 02135: 8.6517 E_h, exp. variance=253.4774 E_h^2, pmove=0.47
2026-06-02 19:04:21,328 - Step 02136: 8.4775 E_h, exp. variance=229.7811 E_h^2, pmove=0.47
2026-06-02 19:04:21,987 - Step 02137: 8.4754 E_h, exp. variance=208.1421 E_h^2, pmove=0.48
2026-06-02 19:04:22,645 - Step 02138: 8.7076 E_h, exp. variance=188.2724 E_h^2, pmove=0.48
2026-06-02 19:04:23,305 - Step 02139: 8.4892 E_h, exp. variance=170.3290 E_h^2, pmove=0.47
2026-06-02 19:04:23,966 - Step 02140: 8.4363 E_h, exp. variance=154.0392 E_h^2, pmove=0.48
2026-06-02 19:04:24,626 - Step 02141: 8.5748 E_h, exp. variance=139.1744 E_h^2, pmove=0.48
2026-06-02 19:04:25,285 - Step 02142: 8.4085 E_h, exp. variance=125.7621 E_h^2, pmove=0.48
2026-06-02 19:04:25,944 - Step 02143: 8.4678 E_h, exp. variance=113.5726 E_h^2, pmove=0.48
2026-06-02 19:04:26,602 - Step 02144: 8.7091 E_h, exp. variance=102.4528 E_h^2, pmove=0.48
2026-06-02 19:04:27,263 - Step 02145: 8.3967 E_h, exp. variance=92.4908 E_h^2, pmove=0.48
2026-06-02 19:04:27,922 - Step 02146: 8.4406 E_h, exp. variance=83.4588 E_h^2, pmove=0.48
2026-06-02 19:04:28,580 - Step 02147: 10.7545 E_h, exp. variance=75.1885 E_h^2, pmove=0.48
2026-06-02 19:04:29,238 - Step 02148: 8.7826 E_h, exp. variance=67.7881 E_h^2, pmove=0.47
2026-06-02 19:04:29,897 - Step 02149: 8.4912 E_h, exp. variance=61.1670 E_h^2, pmove=0.48
2026-06-02 19:04:30,558 - Step 02150: 8.6318 E_h, exp. variance=55.1497 E_h^2, pmove=0.47
2026-06-02 19:04:31,217 - Step 02151: 15.8276 E_h, exp. variance=53.1503 E_h^2, pmove=0.47
2026-06-02 19:04:31,876 - Step 02152: 8.4024 E_h, exp. variance=48.1270 E_h^2, pmove=0.47
2026-06-02 19:04:32,534 - Step 02153: 8.4454 E_h, exp. variance=43.5382 E_h^2, pmove=0.48
2026-06-02 19:04:33,195 - Step 02154: 8.4464 E_h, exp. variance=39.3655 E_h^2, pmove=0.48
2026-06-02 19:04:33,854 - Step 02155: 8.5633 E_h, exp. variance=35.5500 E_h^2, pmove=0.48
2026-06-02 19:04:34,513 - Step 02156: 10.0040 E_h, exp. variance=32.0091 E_h^2, pmove=0.48
2026-06-02 19:04:35,171 - Step 02157: 8.4680 E_h, exp. variance=28.9333 E_h^2, pmove=0.47
2026-06-02 19:04:35,830 - Step 02158: 8.7144 E_h, exp. variance=26.0997 E_h^2, pmove=0.48
2026-06-02 19:04:36,492 - Step 02159: 11.9273 E_h, exp. variance=24.0432 E_h^2, pmove=0.48
2026-06-02 19:04:37,151 - Step 02160: 8.3818 E_h, exp. variance=21.7941 E_h^2, pmove=0.47
2026-06-02 19:04:37,811 - Step 02161: 8.4997 E_h, exp. variance=19.7167 E_h^2, pmove=0.48
2026-06-02 19:04:38,471 - Step 02162: 8.5427 E_h, exp. variance=17.8204 E_h^2, pmove=0.48
2026-06-02 19:04:39,129 - Step 02163: 8.9317 E_h, exp. variance=16.0553 E_h^2, pmove=0.48
2026-06-02 19:04:39,791 - Step 02164: 8.5887 E_h, exp. variance=14.4983 E_h^2, pmove=0.48
2026-06-02 19:04:40,450 - Step 02165: 8.4702 E_h, exp. variance=13.1031 E_h^2, pmove=0.48
2026-06-02 19:04:41,108 - Step 02166: 8.3851 E_h, exp. variance=11.8484 E_h^2, pmove=0.48
2026-06-02 19:04:41,767 - Step 02167: 8.4675 E_h, exp. variance=10.6987 E_h^2, pmove=0.48
2026-06-02 19:04:42,429 - Step 02168: 8.4069 E_h, exp. variance=9.6638 E_h^2, pmove=0.48
2026-06-02 19:04:43,088 - Step 02169: 8.3548 E_h, exp. variance=8.7313 E_h^2, pmove=0.48
2026-06-02 19:04:43,747 - Step 02170: 8.3387 E_h, exp. variance=7.8872 E_h^2, pmove=0.48
2026-06-02 19:04:44,406 - Step 02171: 8.5265 E_h, exp. variance=7.1079 E_h^2, pmove=0.47
2026-06-02 19:04:45,064 - Step 02172: 8.2513 E_h, exp. variance=6.4259 E_h^2, pmove=0.47
2026-06-02 19:04:45,725 - Step 02173: 8.2628 E_h, exp. variance=5.8057 E_h^2, pmove=0.48
2026-06-02 19:04:46,384 - Step 02174: 8.3375 E_h, exp. variance=5.2377 E_h^2, pmove=0.48
2026-06-02 19:04:47,043 - Step 02175: 9.8142 E_h, exp. variance=4.8310 E_h^2, pmove=0.47
2026-06-02 19:04:47,704 - Step 02176: 19.5837 E_h, exp. variance=14.8377 E_h^2, pmove=0.48
2026-06-02 19:04:48,364 - Step 02177: 10.8041 E_h, exp. variance=13.4329 E_h^2, pmove=0.48
2026-06-02 19:04:49,024 - Step 02178: 8.3253 E_h, exp. variance=12.3304 E_h^2, pmove=0.47
2026-06-02 19:04:49,683 - Step 02179: 8.3184 E_h, exp. variance=11.2942 E_h^2, pmove=0.48
2026-06-02 19:04:50,342 - Step 02180: 8.3764 E_h, exp. variance=10.3107 E_h^2, pmove=0.47
2026-06-02 19:04:51,001 - Step 02181: 8.3559 E_h, exp. variance=9.4020 E_h^2, pmove=0.48
2026-06-02 19:04:51,660 - Step 02182: 9.3157 E_h, exp. variance=8.4626 E_h^2, pmove=0.47
2026-06-02 19:04:52,318 - Step 02183: 8.4006 E_h, exp. variance=7.7056 E_h^2, pmove=0.48
2026-06-02 19:04:52,976 - Step 02184: 8.7097 E_h, exp. variance=6.9661 E_h^2, pmove=0.47
2026-06-02 19:04:53,635 - Step 02185: 8.4115 E_h, exp. variance=6.3310 E_h^2, pmove=0.47
2026-06-02 19:04:54,294 - Step 02186: 9.3691 E_h, exp. variance=5.7020 E_h^2, pmove=0.48
2026-06-02 19:04:54,953 - Step 02187: 8.4836 E_h, exp. variance=5.1751 E_h^2, pmove=0.47
2026-06-02 19:04:55,611 - Step 02188: 8.5887 E_h, exp. variance=4.6818 E_h^2, pmove=0.48
2026-06-02 19:04:56,270 - Step 02189: 8.4734 E_h, exp. variance=4.2441 E_h^2, pmove=0.48
2026-06-02 19:04:56,928 - Step 02190: 9.0717 E_h, exp. variance=3.8202 E_h^2, pmove=0.47
2026-06-02 19:04:57,586 - Step 02191: 8.3004 E_h, exp. variance=3.4829 E_h^2, pmove=0.48
2026-06-02 19:04:58,247 - Step 02192: 8.3325 E_h, exp. variance=3.1672 E_h^2, pmove=0.48
2026-06-02 19:04:58,905 - Step 02193: 8.5135 E_h, exp. variance=2.8622 E_h^2, pmove=0.48
2026-06-02 19:04:59,565 - Step 02194: 8.3388 E_h, exp. variance=2.5984 E_h^2, pmove=0.48
2026-06-02 19:05:00,226 - Step 02195: 8.3188 E_h, exp. variance=2.3584 E_h^2, pmove=0.48
2026-06-02 19:05:00,886 - Step 02196: 8.6320 E_h, exp. variance=2.1236 E_h^2, pmove=0.48
2026-06-02 19:05:01,545 - Step 02197: 8.4338 E_h, exp. variance=1.9192 E_h^2, pmove=0.47
2026-06-02 19:05:02,205 - Step 02198: 8.4183 E_h, exp. variance=1.7345 E_h^2, pmove=0.48
2026-06-02 19:05:02,864 - Step 02199: 14.4262 E_h, exp. variance=4.5405 E_h^2, pmove=0.48
2026-06-02 19:05:03,524 - Step 02200: 8.2720 E_h, exp. variance=4.1722 E_h^2, pmove=0.48
2026-06-02 19:05:04,185 - Step 02201: 157.9626 E_h, exp. variance=1996.8160 E_h^2, pmove=0.48
2026-06-02 19:05:04,845 - Step 02202: 8.2912 E_h, exp. variance=1819.4325 E_h^2, pmove=0.48
2026-06-02 19:05:05,505 - Step 02203: 8.3217 E_h, exp. variance=1655.4728 E_h^2, pmove=0.48
2026-06-02 19:05:06,165 - Step 02204: 8.3256 E_h, exp. variance=1504.4833 E_h^2, pmove=0.48
2026-06-02 19:05:06,824 - Step 02205: 8.3255 E_h, exp. variance=1365.8270 E_h^2, pmove=0.48
2026-06-02 19:05:07,484 - Step 02206: 8.3166 E_h, exp. variance=1238.8125 E_h^2, pmove=0.48
2026-06-02 19:05:08,143 - Step 02207: 8.2623 E_h, exp. variance=1122.7725 E_h^2, pmove=0.48
2026-06-02 19:05:08,801 - Step 02208: 8.2677 E_h, exp. variance=1016.8383 E_h^2, pmove=0.48
2026-06-02 19:05:09,459 - Step 02209: 8.9122 E_h, exp. variance=919.4533 E_h^2, pmove=0.48
2026-06-02 19:05:10,120 - Step 02210: 9.6794 E_h, exp. variance=830.1840 E_h^2, pmove=0.48
2026-06-02 19:05:10,779 - Step 02211: 8.4732 E_h, exp. variance=750.5296 E_h^2, pmove=0.48
2026-06-02 19:05:11,437 - Step 02212: 9.6599 E_h, exp. variance=677.1529 E_h^2, pmove=0.48
2026-06-02 19:05:12,097 - Step 02213: 8.9197 E_h, exp. variance=611.3622 E_h^2, pmove=0.48
2026-06-02 19:05:12,755 - Step 02214: 18.4088 E_h, exp. variance=552.7800 E_h^2, pmove=0.47
2026-06-02 19:05:13,414 - Step 02215: 8.4807 E_h, exp. variance=499.8739 E_h^2, pmove=0.47
2026-06-02 19:05:14,072 - Step 02216: 433.9331 E_h, exp. variance=16388.8613 E_h^2, pmove=0.47
2026-06-02 19:05:14,731 - Step 02217: 9.4436 E_h, exp. variance=14938.2734 E_h^2, pmove=0.47
2026-06-02 19:05:15,389 - Step 02218: 8.3982 E_h, exp. variance=13604.8115 E_h^2, pmove=0.47
2026-06-02 19:05:16,047 - Step 02219: 8.3929 E_h, exp. variance=12374.2627 E_h^2, pmove=0.48
2026-06-02 19:05:16,706 - Step 02220: 8.5705 E_h, exp. variance=11240.9912 E_h^2, pmove=0.47
2026-06-02 19:05:17,364 - Step 02221: 8.2948 E_h, exp. variance=10202.7842 E_h^2, pmove=0.48
2026-06-02 19:05:18,024 - Step 02222: 8.6599 E_h, exp. variance=9250.2627 E_h^2, pmove=0.48
2026-06-02 19:05:18,695 - Step 02223: 8.3281 E_h, exp. variance=8381.6045 E_h^2, pmove=0.47
2026-06-02 19:05:19,356 - Step 02224: 10.7526 E_h, exp. variance=7579.8018 E_h^2, pmove=0.47
2026-06-02 19:05:20,015 - Step 02225: 9.0751 E_h, exp. variance=6856.9863 E_h^2, pmove=0.47
2026-06-02 19:05:20,674 - Step 02226: 8.9429 E_h, exp. variance=6200.1963 E_h^2, pmove=0.47
2026-06-02 19:05:21,333 - Step 02227: 8.2935 E_h, exp. variance=5605.5156 E_h^2, pmove=0.48
2026-06-02 19:05:21,992 - Step 02228: 8.6459 E_h, exp. variance=5064.5420 E_h^2, pmove=0.47
2026-06-02 19:05:22,655 - Step 02229: 8.3361 E_h, exp. variance=4574.6948 E_h^2, pmove=0.47
2026-06-02 19:05:23,316 - Step 02230: 8.2876 E_h, exp. variance=4130.7837 E_h^2, pmove=0.48
2026-06-02 19:05:23,976 - Step 02231: 8.3029 E_h, exp. variance=3728.6572 E_h^2, pmove=0.48
2026-06-02 19:05:24,636 - Step 02232: 9.2706 E_h, exp. variance=3363.0176 E_h^2, pmove=0.48
2026-06-02 19:05:25,297 - Step 02233: 8.3915 E_h, exp. variance=3033.9146 E_h^2, pmove=0.47
2026-06-02 19:05:25,960 - Step 02234: 8.3896 E_h, exp. variance=2736.3567 E_h^2, pmove=0.47
2026-06-02 19:05:26,620 - Step 02235: 8.7719 E_h, exp. variance=2466.9609 E_h^2, pmove=0.48
2026-06-02 19:05:27,279 - Step 02236: 8.5626 E_h, exp. variance=2223.9358 E_h^2, pmove=0.48
2026-06-02 19:05:27,939 - Step 02237: 8.2576 E_h, exp. variance=2004.8396 E_h^2, pmove=0.47
2026-06-02 19:05:28,602 - Step 02238: 8.1749 E_h, exp. variance=1807.1083 E_h^2, pmove=0.48
2026-06-02 19:05:29,265 - Step 02239: 10.2896 E_h, exp. variance=1627.1349 E_h^2, pmove=0.48
2026-06-02 19:05:29,925 - Step 02240: 9.0421 E_h, exp. variance=1465.7373 E_h^2, pmove=0.48
2026-06-02 19:05:30,586 - Step 02241: 8.3199 E_h, exp. variance=1320.7239 E_h^2, pmove=0.48
2026-06-02 19:05:31,245 - Step 02242: 8.2607 E_h, exp. variance=1189.9556 E_h^2, pmove=0.48
2026-06-02 19:05:31,907 - Step 02243: 8.2212 E_h, exp. variance=1072.0408 E_h^2, pmove=0.49
2026-06-02 19:05:32,567 - Step 02244: 8.2299 E_h, exp. variance=965.7072 E_h^2, pmove=0.48
2026-06-02 19:05:33,226 - Step 02245: 9.5220 E_h, exp. variance=869.3409 E_h^2, pmove=0.48
2026-06-02 19:05:33,886 - Step 02246: 11.0371 E_h, exp. variance=782.4090 E_h^2, pmove=0.48
2026-06-02 19:05:34,548 - Step 02247: 8.3547 E_h, exp. variance=704.7485 E_h^2, pmove=0.47
2026-06-02 19:05:35,209 - Step 02248: 8.4757 E_h, exp. variance=634.6953 E_h^2, pmove=0.47
2026-06-02 19:05:35,868 - Step 02249: 8.2903 E_h, exp. variance=571.6354 E_h^2, pmove=0.48
2026-06-02 19:05:36,528 - Step 02250: 8.2785 E_h, exp. variance=514.8077 E_h^2, pmove=0.48
2026-06-02 19:05:37,187 - Step 02251: 8.7770 E_h, exp. variance=463.4654 E_h^2, pmove=0.48
2026-06-02 19:05:37,848 - Step 02252: 8.2116 E_h, exp. variance=417.3734 E_h^2, pmove=0.48
2026-06-02 19:05:38,507 - Step 02253: 8.2515 E_h, exp. variance=375.8315 E_h^2, pmove=0.48
2026-06-02 19:05:39,165 - Step 02254: 8.2031 E_h, exp. variance=338.4184 E_h^2, pmove=0.48
2026-06-02 19:05:39,824 - Step 02255: 8.2916 E_h, exp. variance=304.6953 E_h^2, pmove=0.48
2026-06-02 19:05:40,482 - Step 02256: 8.3550 E_h, exp. variance=274.3105 E_h^2, pmove=0.48
2026-06-02 19:05:41,144 - Step 02257: 8.5279 E_h, exp. variance=246.9236 E_h^2, pmove=0.48
2026-06-02 19:05:41,803 - Step 02258: 9.0497 E_h, exp. variance=222.2323 E_h^2, pmove=0.48
2026-06-02 19:05:42,463 - Step 02259: 8.7673 E_h, exp. variance=200.0220 E_h^2, pmove=0.48
2026-06-02 19:05:43,122 - Step 02260: 63.8544 E_h, exp. variance=449.7510 E_h^2, pmove=0.48
2026-06-02 19:05:43,785 - Step 02261: 8.1982 E_h, exp. variance=408.4459 E_h^2, pmove=0.48
2026-06-02 19:05:44,444 - Step 02262: 10.4670 E_h, exp. variance=368.6902 E_h^2, pmove=0.48
2026-06-02 19:05:45,104 - Step 02263: 8.1948 E_h, exp. variance=334.4482 E_h^2, pmove=0.48
2026-06-02 19:05:45,763 - Step 02264: 8.5618 E_h, exp. variance=302.8222 E_h^2, pmove=0.48
2026-06-02 19:05:46,421 - Step 02265: 8.3348 E_h, exp. variance=274.1832 E_h^2, pmove=0.48
2026-06-02 19:05:47,084 - Step 02266: 8.2537 E_h, exp. variance=248.1526 E_h^2, pmove=0.48
2026-06-02 19:05:47,744 - Step 02267: 8.2006 E_h, exp. variance=224.4954 E_h^2, pmove=0.47
2026-06-02 19:05:48,404 - Step 02268: 8.7249 E_h, exp. variance=202.7040 E_h^2, pmove=0.48
2026-06-02 19:05:49,063 - Step 02269: 8.1874 E_h, exp. variance=183.2281 E_h^2, pmove=0.48
2026-06-02 19:05:49,723 - Step 02270: 8.2238 E_h, exp. variance=165.5315 E_h^2, pmove=0.48
2026-06-02 19:05:50,385 - Step 02271: 8.2818 E_h, exp. variance=149.4610 E_h^2, pmove=0.48
2026-06-02 19:05:51,045 - Step 02272: 53.7130 E_h, exp. variance=303.6202 E_h^2, pmove=0.47
2026-06-02 19:05:51,705 - Step 02273: 8.3129 E_h, exp. variance=276.9306 E_h^2, pmove=0.48
2026-06-02 19:05:52,365 - Step 02274: 8.3736 E_h, exp. variance=252.1497 E_h^2, pmove=0.48
2026-06-02 19:05:53,027 - Step 02275: 8.5342 E_h, exp. variance=229.1479 E_h^2, pmove=0.48
2026-06-02 19:05:53,687 - Step 02276: 867.5800 E_h, exp. variance=65934.2656 E_h^2, pmove=0.48
2026-06-02 19:05:54,347 - Step 02277: 9.0432 E_h, exp. variance=60060.3438 E_h^2, pmove=0.47
2026-06-02 19:05:55,007 - Step 02278: 8.4569 E_h, exp. variance=54645.6367 E_h^2, pmove=0.48
2026-06-02 19:05:55,667 - Step 02279: 8.1932 E_h, exp. variance=49663.5156 E_h^2, pmove=0.48
2026-06-02 19:05:56,331 - Step 02280: 8.2252 E_h, exp. variance=45087.5625 E_h^2, pmove=0.48
2026-06-02 19:05:56,992 - Step 02281: 9.6653 E_h, exp. variance=40879.8516 E_h^2, pmove=0.48
2026-06-02 19:05:57,653 - Step 02282: 701.6260 E_h, exp. variance=73645.3516 E_h^2, pmove=0.48
2026-06-02 19:05:58,315 - Step 02283: 8.9282 E_h, exp. variance=67508.1953 E_h^2, pmove=0.47
2026-06-02 19:05:58,975 - Step 02284: 8.4065 E_h, exp. variance=61761.4453 E_h^2, pmove=0.47
2026-06-02 19:05:59,638 - Step 02285: 8.4289 E_h, exp. variance=56398.2148 E_h^2, pmove=0.48
2026-06-02 19:06:00,301 - Step 02286: 8.3249 E_h, exp. variance=51418.4570 E_h^2, pmove=0.47
2026-06-02 19:06:00,963 - Step 02287: 8.3158 E_h, exp. variance=46811.3906 E_h^2, pmove=0.48
2026-06-02 19:06:01,624 - Step 02288: 8.2176 E_h, exp. variance=42564.6484 E_h^2, pmove=0.48
2026-06-02 19:06:02,287 - Step 02289: 8.2107 E_h, exp. variance=38660.1211 E_h^2, pmove=0.48
2026-06-02 19:06:02,948 - Step 02290: 8.4045 E_h, exp. variance=35077.2188 E_h^2, pmove=0.48
2026-06-02 19:06:03,609 - Step 02291: 8.2456 E_h, exp. variance=31800.2617 E_h^2, pmove=0.48
2026-06-02 19:06:04,268 - Step 02292: 8.2366 E_h, exp. variance=28807.2285 E_h^2, pmove=0.47
2026-06-02 19:06:04,928 - Step 02293: 8.4946 E_h, exp. variance=26076.0723 E_h^2, pmove=0.48
2026-06-02 19:06:05,587 - Step 02294: 8.3055 E_h, exp. variance=23590.8652 E_h^2, pmove=0.48
2026-06-02 19:06:06,248 - Step 02295: 8.3535 E_h, exp. variance=21330.6367 E_h^2, pmove=0.48
2026-06-02 19:06:06,908 - Step 02296: 8.2885 E_h, exp. variance=19277.9961 E_h^2, pmove=0.48
2026-06-02 19:06:07,568 - Step 02297: 8.3229 E_h, exp. variance=17415.1738 E_h^2, pmove=0.47
2026-06-02 19:06:08,228 - Step 02298: 8.1528 E_h, exp. variance=15727.0303 E_h^2, pmove=0.48
2026-06-02 19:06:08,887 - Step 02299: 8.2052 E_h, exp. variance=14197.3535 E_h^2, pmove=0.48
2026-06-02 19:06:09,547 - Step 02300: 8.1185 E_h, exp. variance=12812.7773 E_h^2, pmove=0.48
2026-06-02 19:06:10,207 - Step 02301: 8.1846 E_h, exp. variance=11559.7676 E_h^2, pmove=0.48
2026-06-02 19:06:10,866 - Step 02302: 8.3429 E_h, exp. variance=10426.2354 E_h^2, pmove=0.48
2026-06-02 19:06:11,527 - Step 02303: 8.2143 E_h, exp. variance=9402.1221 E_h^2, pmove=0.47
2026-06-02 19:06:12,188 - Step 02304: 8.7749 E_h, exp. variance=8475.6289 E_h^2, pmove=0.48
2026-06-02 19:06:12,847 - Step 02305: 8.1458 E_h, exp. variance=7640.4727 E_h^2, pmove=0.48
2026-06-02 19:06:13,507 - Step 02306: 8.1408 E_h, exp. variance=6886.4844 E_h^2, pmove=0.48
2026-06-02 19:06:14,166 - Step 02307: 8.1297 E_h, exp. variance=6206.0024 E_h^2, pmove=0.48
2026-06-02 19:06:14,827 - Step 02308: 8.1082 E_h, exp. variance=5592.0503 E_h^2, pmove=0.48
2026-06-02 19:06:15,488 - Step 02309: 11.0005 E_h, exp. variance=5034.9561 E_h^2, pmove=0.48
2026-06-02 19:06:16,148 - Step 02310: 8.4109 E_h, exp. variance=4535.8057 E_h^2, pmove=0.47
2026-06-02 19:06:16,809 - Step 02311: 8.3860 E_h, exp. variance=4085.7727 E_h^2, pmove=0.48
2026-06-02 19:06:17,470 - Step 02312: 8.1962 E_h, exp. variance=3680.2651 E_h^2, pmove=0.47
2026-06-02 19:06:18,133 - Step 02313: 8.2815 E_h, exp. variance=3314.6450 E_h^2, pmove=0.48
2026-06-02 19:06:18,795 - Step 02314: 8.2682 E_h, exp. variance=2985.1409 E_h^2, pmove=0.47
2026-06-02 19:06:19,457 - Step 02315: 8.2646 E_h, exp. variance=2688.2173 E_h^2, pmove=0.47
2026-06-02 19:06:20,118 - Step 02316: 8.1080 E_h, exp. variance=2420.7927 E_h^2, pmove=0.47
2026-06-02 19:06:20,780 - Step 02317: 14.4606 E_h, exp. variance=2179.4221 E_h^2, pmove=0.47
2026-06-02 19:06:21,442 - Step 02318: 8.1683 E_h, exp. variance=1962.7567 E_h^2, pmove=0.47
2026-06-02 19:06:22,104 - Step 02319: 8.1513 E_h, exp. variance=1767.5256 E_h^2, pmove=0.48
2026-06-02 19:06:22,766 - Step 02320: 8.1407 E_h, exp. variance=1591.6250 E_h^2, pmove=0.47
2026-06-02 19:06:23,427 - Step 02321: 8.1570 E_h, exp. variance=1433.1445 E_h^2, pmove=0.48
2026-06-02 19:06:24,091 - Step 02322: 9.3461 E_h, exp. variance=1289.9795 E_h^2, pmove=0.47
2026-06-02 19:06:24,753 - Step 02323: 8.1296 E_h, exp. variance=1161.4896 E_h^2, pmove=0.47
2026-06-02 19:06:25,414 - Step 02324: 8.1227 E_h, exp. variance=1045.7549 E_h^2, pmove=0.48
2026-06-02 19:06:26,075 - Step 02325: 8.1447 E_h, exp. variance=941.5073 E_h^2, pmove=0.47
2026-06-02 19:06:26,736 - Step 02326: 9.1584 E_h, exp. variance=847.4012 E_h^2, pmove=0.48
2026-06-02 19:06:27,398 - Step 02327: 8.1875 E_h, exp. variance=762.8929 E_h^2, pmove=0.48
2026-06-02 19:06:28,060 - Step 02328: 8.2998 E_h, exp. variance=686.7632 E_h^2, pmove=0.47
2026-06-02 19:06:28,722 - Step 02329: 47.4787 E_h, exp. variance=747.9111 E_h^2, pmove=0.47
2026-06-02 19:06:29,384 - Step 02330: 8.8213 E_h, exp. variance=674.9225 E_h^2, pmove=0.47
2026-06-02 19:06:30,045 - Step 02331: 8.2692 E_h, exp. variance=609.3181 E_h^2, pmove=0.47
2026-06-02 19:06:30,720 - Step 02332: 8.4220 E_h, exp. variance=549.8040 E_h^2, pmove=0.47
2026-06-02 19:06:31,382 - Step 02333: 8.1807 E_h, exp. variance=496.1324 E_h^2, pmove=0.47
2026-06-02 19:06:32,043 - Step 02334: 9.5373 E_h, exp. variance=446.9069 E_h^2, pmove=0.48
2026-06-02 19:06:32,708 - Step 02335: 8.3231 E_h, exp. variance=403.0712 E_h^2, pmove=0.47
2026-06-02 19:06:33,369 - Step 02336: 8.4649 E_h, exp. variance=363.3876 E_h^2, pmove=0.48
2026-06-02 19:06:34,029 - Step 02337: 8.9018 E_h, exp. variance=327.3847 E_h^2, pmove=0.48
2026-06-02 19:06:34,691 - Step 02338: 8.0885 E_h, exp. variance=295.2325 E_h^2, pmove=0.47
2026-06-02 19:06:35,352 - Step 02339: 8.0619 E_h, exp. variance=266.1951 E_h^2, pmove=0.48
2026-06-02 19:06:36,016 - Step 02340: 8.0933 E_h, exp. variance=239.9574 E_h^2, pmove=0.48
2026-06-02 19:06:36,677 - Step 02341: 8.1588 E_h, exp. variance=216.2495 E_h^2, pmove=0.47
2026-06-02 19:06:37,338 - Step 02342: 8.0998 E_h, exp. variance=194.8751 E_h^2, pmove=0.48
2026-06-02 19:06:38,001 - Step 02343: 8.2492 E_h, exp. variance=175.5522 E_h^2, pmove=0.47
2026-06-02 19:06:38,667 - Step 02344: 8.1609 E_h, exp. variance=158.1503 E_h^2, pmove=0.48
2026-06-02 19:06:39,329 - Step 02345: 8.3197 E_h, exp. variance=142.4281 E_h^2, pmove=0.48
2026-06-02 19:06:39,991 - Step 02346: 8.2067 E_h, exp. variance=128.2803 E_h^2, pmove=0.48
2026-06-02 19:06:40,652 - Step 02347: 8.2640 E_h, exp. variance=115.5200 E_h^2, pmove=0.48
2026-06-02 19:06:41,313 - Step 02348: 15.4206 E_h, exp. variance=107.6268 E_h^2, pmove=0.48
2026-06-02 19:06:41,978 - Step 02349: 12.4939 E_h, exp. variance=97.5756 E_h^2, pmove=0.47
2026-06-02 19:06:42,643 - Step 02350: 8.1291 E_h, exp. variance=88.1208 E_h^2, pmove=0.47
2026-06-02 19:06:43,305 - Step 02351: 8.2393 E_h, exp. variance=79.5223 E_h^2, pmove=0.48
2026-06-02 19:06:43,966 - Step 02352: 9.2486 E_h, exp. variance=71.5829 E_h^2, pmove=0.48
2026-06-02 19:06:44,629 - Step 02353: 8.0752 E_h, exp. variance=64.6307 E_h^2, pmove=0.48
2026-06-02 19:06:45,291 - Step 02354: 8.2401 E_h, exp. variance=58.2965 E_h^2, pmove=0.48
2026-06-02 19:06:45,953 - Step 02355: 8.4026 E_h, exp. variance=52.5421 E_h^2, pmove=0.47
2026-06-02 19:06:46,615 - Step 02356: 8.5019 E_h, exp. variance=47.3350 E_h^2, pmove=0.47
2026-06-02 19:06:47,276 - Step 02357: 12.2418 E_h, exp. variance=43.4600 E_h^2, pmove=0.48
2026-06-02 19:06:47,941 - Step 02358: 741.9111 E_h, exp. variance=48322.4453 E_h^2, pmove=0.48
2026-06-02 19:06:48,602 - Step 02359: 8.2752 E_h, exp. variance=43988.8086 E_h^2, pmove=0.47
2026-06-02 19:06:49,264 - Step 02360: 8.2509 E_h, exp. variance=39994.0938 E_h^2, pmove=0.48
2026-06-02 19:06:49,926 - Step 02361: 8.5747 E_h, exp. variance=36318.5547 E_h^2, pmove=0.47
2026-06-02 19:06:50,589 - Step 02362: 8.1569 E_h, exp. variance=32953.1094 E_h^2, pmove=0.47
2026-06-02 19:06:51,251 - Step 02363: 8.5184 E_h, exp. variance=29870.4160 E_h^2, pmove=0.48
2026-06-02 19:06:51,911 - Step 02364: 8.1559 E_h, exp. variance=27058.4609 E_h^2, pmove=0.47
2026-06-02 19:06:52,573 - Step 02365: 8.1799 E_h, exp. variance=24494.2617 E_h^2, pmove=0.48
2026-06-02 19:06:53,235 - Step 02366: 8.1138 E_h, exp. variance=22159.9961 E_h^2, pmove=0.48
2026-06-02 19:06:53,899 - Step 02367: 8.0902 E_h, exp. variance=20037.4141 E_h^2, pmove=0.48
2026-06-02 19:06:54,558 - Step 02368: 8.0884 E_h, exp. variance=18109.3496 E_h^2, pmove=0.48
2026-06-02 19:06:55,217 - Step 02369: 8.2715 E_h, exp. variance=16358.8545 E_h^2, pmove=0.48
2026-06-02 19:06:55,876 - Step 02370: 8.0966 E_h, exp. variance=14772.6631 E_h^2, pmove=0.48
2026-06-02 19:06:56,539 - Step 02371: 8.1421 E_h, exp. variance=13335.4756 E_h^2, pmove=0.48
2026-06-02 19:06:57,200 - Step 02372: 8.0389 E_h, exp. variance=12034.7461 E_h^2, pmove=0.48
2026-06-02 19:06:57,860 - Step 02373: 8.0888 E_h, exp. variance=10857.7002 E_h^2, pmove=0.48
2026-06-02 19:06:58,522 - Step 02374: 8.6239 E_h, exp. variance=9791.8779 E_h^2, pmove=0.48
2026-06-02 19:06:59,183 - Step 02375: 8.0151 E_h, exp. variance=8830.3486 E_h^2, pmove=0.48
2026-06-02 19:06:59,847 - Step 02376: 7.9811 E_h, exp. variance=7961.6953 E_h^2, pmove=0.49
2026-06-02 19:07:00,508 - Step 02377: 8.0640 E_h, exp. variance=7177.0049 E_h^2, pmove=0.47
2026-06-02 19:07:01,167 - Step 02378: 8.0556 E_h, exp. variance=6468.6182 E_h^2, pmove=0.48
2026-06-02 19:07:01,826 - Step 02379: 8.0795 E_h, exp. variance=5829.2612 E_h^2, pmove=0.48
2026-06-02 19:07:02,488 - Step 02380: 8.0293 E_h, exp. variance=5252.4883 E_h^2, pmove=0.48
2026-06-02 19:07:03,148 - Step 02381: 7.9985 E_h, exp. variance=4732.2651 E_h^2, pmove=0.48
2026-06-02 19:07:03,807 - Step 02382: 7.9764 E_h, exp. variance=4263.1357 E_h^2, pmove=0.48
2026-06-02 19:07:04,466 - Step 02383: 8.0178 E_h, exp. variance=3840.0959 E_h^2, pmove=0.48
2026-06-02 19:07:05,130 - Step 02384: 8.0663 E_h, exp. variance=3458.6909 E_h^2, pmove=0.48
2026-06-02 19:07:05,791 - Step 02385: 8.0217 E_h, exp. variance=3114.9705 E_h^2, pmove=0.48
2026-06-02 19:07:06,451 - Step 02386: 7.9654 E_h, exp. variance=2805.2588 E_h^2, pmove=0.48
2026-06-02 19:07:07,112 - Step 02387: 7.9951 E_h, exp. variance=2526.1577 E_h^2, pmove=0.48
2026-06-02 19:07:07,774 - Step 02388: 7.9889 E_h, exp. variance=2274.7000 E_h^2, pmove=0.48
2026-06-02 19:07:08,437 - Step 02389: 9.2329 E_h, exp. variance=2047.5844 E_h^2, pmove=0.48
2026-06-02 19:07:09,098 - Step 02390: 8.9127 E_h, exp. variance=1843.2252 E_h^2, pmove=0.48
2026-06-02 19:07:09,758 - Step 02391: 8.0828 E_h, exp. variance=1659.5712 E_h^2, pmove=0.48
2026-06-02 19:07:10,419 - Step 02392: 8.0871 E_h, exp. variance=1494.1537 E_h^2, pmove=0.48
2026-06-02 19:07:11,084 - Step 02393: 8.2858 E_h, exp. variance=1345.1002 E_h^2, pmove=0.48
2026-06-02 19:07:11,745 - Step 02394: 9.2879 E_h, exp. variance=1210.6482 E_h^2, pmove=0.48
2026-06-02 19:07:12,406 - Step 02395: 8.2477 E_h, exp. variance=1089.8628 E_h^2, pmove=0.48
2026-06-02 19:07:13,067 - Step 02396: 10.1389 E_h, exp. variance=980.8848 E_h^2, pmove=0.48
2026-06-02 19:07:13,727 - Step 02397: 8.3279 E_h, exp. variance=883.0088 E_h^2, pmove=0.47
2026-06-02 19:07:14,389 - Step 02398: 8.3177 E_h, exp. variance=794.8825 E_h^2, pmove=0.48
2026-06-02 19:07:15,050 - Step 02399: 39.9309 E_h, exp. variance=798.3469 E_h^2, pmove=0.48
2026-06-02 19:07:15,712 - Step 02400: 7.9530 E_h, exp. variance=720.4619 E_h^2, pmove=0.47
2026-06-02 19:07:16,375 - Step 02401: 8.0702 E_h, exp. variance=649.9078 E_h^2, pmove=0.48
2026-06-02 19:07:17,036 - Step 02402: 8.0572 E_h, exp. variance=586.1342 E_h^2, pmove=0.47
2026-06-02 19:07:17,696 - Step 02403: 8.5333 E_h, exp. variance=528.2434 E_h^2, pmove=0.48
2026-06-02 19:07:18,357 - Step 02404: 8.3203 E_h, exp. variance=476.1063 E_h^2, pmove=0.47
2026-06-02 19:07:19,018 - Step 02405: 8.2564 E_h, exp. variance=429.0813 E_h^2, pmove=0.48
2026-06-02 19:07:19,679 - Step 02406: 8.4013 E_h, exp. variance=386.5896 E_h^2, pmove=0.48
2026-06-02 19:07:20,339 - Step 02407: 8.0786 E_h, exp. variance=348.3897 E_h^2, pmove=0.47
2026-06-02 19:07:21,000 - Step 02408: 8.0676 E_h, exp. variance=313.9266 E_h^2, pmove=0.48
2026-06-02 19:07:21,662 - Step 02409: 8.1301 E_h, exp. variance=282.8181 E_h^2, pmove=0.47
2026-06-02 19:07:22,323 - Step 02410: 8.0474 E_h, exp. variance=254.7908 E_h^2, pmove=0.48
2026-06-02 19:07:22,986 - Step 02411: 8.1223 E_h, exp. variance=229.4981 E_h^2, pmove=0.48
2026-06-02 19:07:23,647 - Step 02412: 8.0429 E_h, exp. variance=206.7182 E_h^2, pmove=0.48
2026-06-02 19:07:24,308 - Step 02413: 29.6214 E_h, exp. variance=223.2868 E_h^2, pmove=0.48
2026-06-02 19:07:24,969 - Step 02414: 8.2029 E_h, exp. variance=201.8292 E_h^2, pmove=0.48
2026-06-02 19:07:25,630 - Step 02415: 8.1108 E_h, exp. variance=182.3990 E_h^2, pmove=0.47
2026-06-02 19:07:26,292 - Step 02416: 8.8595 E_h, exp. variance=164.4685 E_h^2, pmove=0.47
2026-06-02 19:07:26,954 - Step 02417: 129.2442 E_h, exp. variance=1416.4360 E_h^2, pmove=0.47
2026-06-02 19:07:27,614 - Step 02418: 8.2824 E_h, exp. variance=1292.7295 E_h^2, pmove=0.47
2026-06-02 19:07:28,275 - Step 02419: 8.3886 E_h, exp. variance=1177.7438 E_h^2, pmove=0.48
2026-06-02 19:07:28,937 - Step 02420: 8.1341 E_h, exp. variance=1072.0673 E_h^2, pmove=0.48
2026-06-02 19:07:29,597 - Step 02421: 8.1198 E_h, exp. variance=974.6866 E_h^2, pmove=0.48
2026-06-02 19:07:30,257 - Step 02422: 8.1483 E_h, exp. variance=885.1289 E_h^2, pmove=0.48
2026-06-02 19:07:30,917 - Step 02423: 8.2105 E_h, exp. variance=802.9298 E_h^2, pmove=0.47
2026-06-02 19:07:31,576 - Step 02424: 8.0621 E_h, exp. variance=727.9543 E_h^2, pmove=0.48
2026-06-02 19:07:32,236 - Step 02425: 7.9977 E_h, exp. variance=659.5467 E_h^2, pmove=0.47
2026-06-02 19:07:32,895 - Step 02426: 8.1505 E_h, exp. variance=596.9753 E_h^2, pmove=0.48
2026-06-02 19:07:33,554 - Step 02427: 9.2392 E_h, exp. variance=539.0435 E_h^2, pmove=0.48
2026-06-02 19:07:34,214 - Step 02428: 7.8975 E_h, exp. variance=487.6942 E_h^2, pmove=0.48
2026-06-02 19:07:34,876 - Step 02429: 8.0345 E_h, exp. variance=440.8779 E_h^2, pmove=0.48
2026-06-02 19:07:35,535 - Step 02430: 8.0840 E_h, exp. variance=398.3349 E_h^2, pmove=0.48
2026-06-02 19:07:36,195 - Step 02431: 13.9214 E_h, exp. variance=358.9016 E_h^2, pmove=0.48
2026-06-02 19:07:36,854 - Step 02432: 8.0355 E_h, exp. variance=324.4430 E_h^2, pmove=0.48
2026-06-02 19:07:37,512 - Step 02433: 8.1232 E_h, exp. variance=293.1021 E_h^2, pmove=0.47
2026-06-02 19:07:38,172 - Step 02434: 8.1244 E_h, exp. variance=264.6851 E_h^2, pmove=0.48
2026-06-02 19:07:38,831 - Step 02435: 8.1826 E_h, exp. variance=238.9106 E_h^2, pmove=0.48
2026-06-02 19:07:39,489 - Step 02436: 8.1187 E_h, exp. variance=215.6109 E_h^2, pmove=0.47
2026-06-02 19:07:40,147 - Step 02437: 8.1255 E_h, exp. variance=194.5259 E_h^2, pmove=0.47
2026-06-02 19:07:40,807 - Step 02438: 8.0082 E_h, exp. variance=175.5039 E_h^2, pmove=0.48
2026-06-02 19:07:41,465 - Step 02439: 8.0137 E_h, exp. variance=158.3004 E_h^2, pmove=0.48
2026-06-02 19:07:42,125 - Step 02440: 8.0093 E_h, exp. variance=142.7527 E_h^2, pmove=0.48
2026-06-02 19:07:42,784 - Step 02441: 8.2091 E_h, exp. variance=128.6524 E_h^2, pmove=0.48
2026-06-02 19:07:43,442 - Step 02442: 8.1818 E_h, exp. variance=115.9351 E_h^2, pmove=0.48
2026-06-02 19:07:44,104 - Step 02443: 8.2235 E_h, exp. variance=104.4529 E_h^2, pmove=0.48
2026-06-02 19:07:44,763 - Step 02444: 8.3308 E_h, exp. variance=94.0795 E_h^2, pmove=0.48
2026-06-02 19:07:45,422 - Step 02445: 8.1023 E_h, exp. variance=84.7676 E_h^2, pmove=0.48
2026-06-02 19:07:46,081 - Step 02446: 8.2752 E_h, exp. variance=76.3424 E_h^2, pmove=0.48
2026-06-02 19:07:46,756 - Step 02447: 8.1678 E_h, exp. variance=68.7641 E_h^2, pmove=0.48
2026-06-02 19:07:47,415 - Step 02448: 8.0858 E_h, exp. variance=61.9440 E_h^2, pmove=0.48
2026-06-02 19:07:48,075 - Step 02449: 7.9845 E_h, exp. variance=55.8092 E_h^2, pmove=0.47
2026-06-02 19:07:48,734 - Step 02450: 7.9387 E_h, exp. variance=50.2828 E_h^2, pmove=0.48
2026-06-02 19:07:49,393 - Step 02451: 7.9680 E_h, exp. variance=45.2950 E_h^2, pmove=0.48
2026-06-02 19:07:50,055 - Step 02452: 8.0330 E_h, exp. variance=40.7917 E_h^2, pmove=0.48
2026-06-02 19:07:50,714 - Step 02453: 7.9353 E_h, exp. variance=36.7431 E_h^2, pmove=0.48
2026-06-02 19:07:51,373 - Step 02454: 7.8937 E_h, exp. variance=33.0976 E_h^2, pmove=0.48
2026-06-02 19:07:52,031 - Step 02455: 8.0591 E_h, exp. variance=29.7985 E_h^2, pmove=0.48
2026-06-02 19:07:52,694 - Step 02456: 9.0233 E_h, exp. variance=26.8572 E_h^2, pmove=0.48
2026-06-02 19:07:53,356 - Step 02457: 8.6116 E_h, exp. variance=24.1743 E_h^2, pmove=0.48
2026-06-02 19:07:54,015 - Step 02458: 8.2383 E_h, exp. variance=21.7610 E_h^2, pmove=0.48
2026-06-02 19:07:54,674 - Step 02459: 8.1697 E_h, exp. variance=19.5910 E_h^2, pmove=0.48
2026-06-02 19:07:55,332 - Step 02460: 8.0235 E_h, exp. variance=17.6450 E_h^2, pmove=0.48
2026-06-02 19:07:55,994 - Step 02461: 8.2178 E_h, exp. variance=15.8825 E_h^2, pmove=0.48
2026-06-02 19:07:56,654 - Step 02462: 8.1305 E_h, exp. variance=14.2986 E_h^2, pmove=0.48
2026-06-02 19:07:57,312 - Step 02463: 8.2070 E_h, exp. variance=12.8701 E_h^2, pmove=0.49
2026-06-02 19:07:57,970 - Step 02464: 8.0634 E_h, exp. variance=11.5889 E_h^2, pmove=0.48
2026-06-02 19:07:58,632 - Step 02465: 8.0583 E_h, exp. variance=10.4349 E_h^2, pmove=0.48
2026-06-02 19:07:59,291 - Step 02466: 12.8101 E_h, exp. variance=11.2478 E_h^2, pmove=0.48
2026-06-02 19:07:59,950 - Step 02467: 27.3696 E_h, exp. variance=41.4168 E_h^2, pmove=0.48
2026-06-02 19:08:00,610 - Step 02468: 7.9147 E_h, exp. variance=37.9180 E_h^2, pmove=0.47
2026-06-02 19:08:01,268 - Step 02469: 26.4619 E_h, exp. variance=57.5766 E_h^2, pmove=0.47
2026-06-02 19:08:01,930 - Step 02470: 7.9795 E_h, exp. variance=53.2265 E_h^2, pmove=0.47
2026-06-02 19:08:02,588 - Step 02471: 8.0446 E_h, exp. variance=49.0027 E_h^2, pmove=0.48
2026-06-02 19:08:03,246 - Step 02472: 7.9926 E_h, exp. variance=45.0222 E_h^2, pmove=0.48
2026-06-02 19:08:03,905 - Step 02473: 8.0421 E_h, exp. variance=41.2396 E_h^2, pmove=0.48
2026-06-02 19:08:04,567 - Step 02474: 8.1647 E_h, exp. variance=37.6437 E_h^2, pmove=0.48
2026-06-02 19:08:05,226 - Step 02475: 8.0645 E_h, exp. variance=34.3472 E_h^2, pmove=0.48
2026-06-02 19:08:05,885 - Step 02476: 7.9281 E_h, exp. variance=31.3436 E_h^2, pmove=0.48
2026-06-02 19:08:06,543 - Step 02477: 7.9738 E_h, exp. variance=28.5424 E_h^2, pmove=0.48
2026-06-02 19:08:07,205 - Step 02478: 7.9123 E_h, exp. variance=25.9775 E_h^2, pmove=0.48
2026-06-02 19:08:07,864 - Step 02479: 7.9391 E_h, exp. variance=23.6064 E_h^2, pmove=0.48
2026-06-02 19:08:08,523 - Step 02480: 7.9804 E_h, exp. variance=21.4190 E_h^2, pmove=0.48
2026-06-02 19:08:09,182 - Step 02481: 8.3246 E_h, exp. variance=19.3506 E_h^2, pmove=0.48
2026-06-02 19:08:09,842 - Step 02482: 7.9481 E_h, exp. variance=17.5431 E_h^2, pmove=0.48
2026-06-02 19:08:10,503 - Step 02483: 7.9789 E_h, exp. variance=15.8862 E_h^2, pmove=0.48
2026-06-02 19:08:11,162 - Step 02484: 8.0918 E_h, exp. variance=14.3586 E_h^2, pmove=0.48
2026-06-02 19:08:11,820 - Step 02485: 7.9872 E_h, exp. variance=12.9871 E_h^2, pmove=0.48
2026-06-02 19:08:12,480 - Step 02486: 8.7730 E_h, exp. variance=11.6884 E_h^2, pmove=0.48
2026-06-02 19:08:13,144 - Step 02487: 7.9808 E_h, exp. variance=10.5729 E_h^2, pmove=0.48
2026-06-02 19:08:13,804 - Step 02488: 7.9230 E_h, exp. variance=9.5664 E_h^2, pmove=0.48
2026-06-02 19:08:14,463 - Step 02489: 7.9387 E_h, exp. variance=8.6489 E_h^2, pmove=0.48
2026-06-02 19:08:15,123 - Step 02490: 7.8486 E_h, exp. variance=7.8262 E_h^2, pmove=0.48
2026-06-02 19:08:15,783 - Step 02491: 7.9405 E_h, exp. variance=7.0682 E_h^2, pmove=0.48
2026-06-02 19:08:16,446 - Step 02492: 8.5258 E_h, exp. variance=6.3626 E_h^2, pmove=0.48
2026-06-02 19:08:17,107 - Step 02493: 7.9520 E_h, exp. variance=5.7463 E_h^2, pmove=0.48
2026-06-02 19:08:17,767 - Step 02494: 7.9766 E_h, exp. variance=5.1861 E_h^2, pmove=0.48
2026-06-02 19:08:18,428 - Step 02495: 9.4495 E_h, exp. variance=4.7790 E_h^2, pmove=0.48
2026-06-02 19:08:19,091 - Step 02496: 7.9529 E_h, exp. variance=4.3231 E_h^2, pmove=0.47
2026-06-02 19:08:19,753 - Step 02497: 8.8501 E_h, exp. variance=3.9092 E_h^2, pmove=0.48
2026-06-02 19:08:20,414 - Step 02498: 7.9930 E_h, exp. variance=3.5365 E_h^2, pmove=0.48
2026-06-02 19:08:21,075 - Step 02499: 9.8449 E_h, exp. variance=3.3712 E_h^2, pmove=0.48
2026-06-02 19:08:21,735 - Step 02500: 7.9884 E_h, exp. variance=3.0618 E_h^2, pmove=0.48
2026-06-02 19:08:22,397 - Step 02501: 7.8662 E_h, exp. variance=2.7904 E_h^2, pmove=0.48
2026-06-02 19:08:23,059 - Step 02502: 7.9276 E_h, exp. variance=2.5336 E_h^2, pmove=0.48
2026-06-02 19:08:23,719 - Step 02503: 7.9193 E_h, exp. variance=2.2990 E_h^2, pmove=0.48
2026-06-02 19:08:24,378 - Step 02504: 7.9046 E_h, exp. variance=2.0854 E_h^2, pmove=0.48
2026-06-02 19:08:25,039 - Step 02505: 7.8709 E_h, exp. variance=1.8924 E_h^2, pmove=0.48
2026-06-02 19:08:25,700 - Step 02506: 7.8415 E_h, exp. variance=1.7179 E_h^2, pmove=0.48
2026-06-02 19:08:26,362 - Step 02507: 7.8458 E_h, exp. variance=1.5577 E_h^2, pmove=0.48
2026-06-02 19:08:27,021 - Step 02508: 7.9860 E_h, exp. variance=1.4050 E_h^2, pmove=0.48
2026-06-02 19:08:27,681 - Step 02509: 7.7768 E_h, exp. variance=1.2771 E_h^2, pmove=0.48
2026-06-02 19:08:28,345 - Step 02510: 7.8711 E_h, exp. variance=1.1547 E_h^2, pmove=0.48
2026-06-02 19:08:29,007 - Step 02511: 7.9525 E_h, exp. variance=1.0409 E_h^2, pmove=0.48
2026-06-02 19:08:29,667 - Step 02512: 8.9812 E_h, exp. variance=1.0106 E_h^2, pmove=0.48
2026-06-02 19:08:30,328 - Step 02513: 9.5619 E_h, exp. variance=1.0849 E_h^2, pmove=0.48
2026-06-02 19:08:30,987 - Step 02514: 10.9287 E_h, exp. variance=1.5955 E_h^2, pmove=0.48
2026-06-02 19:08:31,648 - Step 02515: 7.9911 E_h, exp. variance=1.4659 E_h^2, pmove=0.47
2026-06-02 19:08:32,308 - Step 02516: 8.9370 E_h, exp. variance=1.3357 E_h^2, pmove=0.48
2026-06-02 19:08:32,969 - Step 02517: 8.0136 E_h, exp. variance=1.2283 E_h^2, pmove=0.48
2026-06-02 19:08:33,629 - Step 02518: 7.9833 E_h, exp. variance=1.1295 E_h^2, pmove=0.48
2026-06-02 19:08:34,289 - Step 02519: 7.9831 E_h, exp. variance=1.0359 E_h^2, pmove=0.48
2026-06-02 19:08:34,950 - Step 02520: 8.1217 E_h, exp. variance=0.9394 E_h^2, pmove=0.47
2026-06-02 19:08:35,610 - Step 02521: 8.1380 E_h, exp. variance=0.8504 E_h^2, pmove=0.47
2026-06-02 19:08:36,271 - Step 02522: 7.9605 E_h, exp. variance=0.7790 E_h^2, pmove=0.48
2026-06-02 19:08:36,932 - Step 02523: 7.9939 E_h, exp. variance=0.7101 E_h^2, pmove=0.47
2026-06-02 19:08:37,594 - Step 02524: 8.1583 E_h, exp. variance=0.6404 E_h^2, pmove=0.47
2026-06-02 19:08:38,254 - Step 02525: 8.1577 E_h, exp. variance=0.5774 E_h^2, pmove=0.48
2026-06-02 19:08:38,915 - Step 02526: 14.9559 E_h, exp. variance=4.5596 E_h^2, pmove=0.47
2026-06-02 19:08:39,575 - Step 02527: 8.9604 E_h, exp. variance=4.1037 E_h^2, pmove=0.47
2026-06-02 19:08:40,236 - Step 02528: 8.1309 E_h, exp. variance=3.7508 E_h^2, pmove=0.48
2026-06-02 19:08:40,898 - Step 02529: 8.5671 E_h, exp. variance=3.3829 E_h^2, pmove=0.48
2026-06-02 19:08:41,560 - Step 02530: 12.0128 E_h, exp. variance=3.9612 E_h^2, pmove=0.47
2026-06-02 19:08:42,220 - Step 02531: 7.9294 E_h, exp. variance=3.6971 E_h^2, pmove=0.47
2026-06-02 19:08:42,882 - Step 02532: 7.8568 E_h, exp. variance=3.4491 E_h^2, pmove=0.47
2026-06-02 19:08:43,542 - Step 02533: 8.7448 E_h, exp. variance=3.1064 E_h^2, pmove=0.47
2026-06-02 19:08:44,203 - Step 02534: 7.9145 E_h, exp. variance=2.8809 E_h^2, pmove=0.48
2026-06-02 19:08:44,864 - Step 02535: 7.8703 E_h, exp. variance=2.6690 E_h^2, pmove=0.47
2026-06-02 19:08:45,525 - Step 02536: 60.0199 E_h, exp. variance=239.4564 E_h^2, pmove=0.47
2026-06-02 19:08:46,188 - Step 02537: 7.8992 E_h, exp. variance=218.6767 E_h^2, pmove=0.47
2026-06-02 19:08:46,848 - Step 02538: 7.8590 E_h, exp. variance=199.4122 E_h^2, pmove=0.48
2026-06-02 19:08:47,508 - Step 02539: 7.8809 E_h, exp. variance=181.5605 E_h^2, pmove=0.48
2026-06-02 19:08:48,172 - Step 02540: 7.9529 E_h, exp. variance=165.0412 E_h^2, pmove=0.48
2026-06-02 19:08:48,836 - Step 02541: 7.9282 E_h, exp. variance=149.8801 E_h^2, pmove=0.47
2026-06-02 19:08:49,497 - Step 02542: 7.8644 E_h, exp. variance=136.0201 E_h^2, pmove=0.48
2026-06-02 19:08:50,166 - Step 02543: 7.8729 E_h, exp. variance=123.3269 E_h^2, pmove=0.48
2026-06-02 19:08:50,827 - Step 02544: 7.9587 E_h, exp. variance=111.6869 E_h^2, pmove=0.48
2026-06-02 19:08:51,488 - Step 02545: 8.0760 E_h, exp. variance=101.0278 E_h^2, pmove=0.48
2026-06-02 19:08:52,148 - Step 02546: 7.9485 E_h, exp. variance=91.3884 E_h^2, pmove=0.48
2026-06-02 19:08:52,809 - Step 02547: 7.9287 E_h, exp. variance=82.6322 E_h^2, pmove=0.48
2026-06-02 19:08:53,469 - Step 02548: 7.9060 E_h, exp. variance=74.6865 E_h^2, pmove=0.48
2026-06-02 19:08:54,130 - Step 02549: 8.4743 E_h, exp. variance=67.3312 E_h^2, pmove=0.48
2026-06-02 19:08:54,793 - Step 02550: 8.2748 E_h, exp. variance=60.7298 E_h^2, pmove=0.49
2026-06-02 19:08:55,454 - Step 02551: 8.0128 E_h, exp. variance=54.8210 E_h^2, pmove=0.47
2026-06-02 19:08:56,114 - Step 02552: 11.1292 E_h, exp. variance=49.6641 E_h^2, pmove=0.48
2026-06-02 19:08:56,777 - Step 02553: 10.0054 E_h, exp. variance=44.7287 E_h^2, pmove=0.48
2026-06-02 19:08:57,439 - Step 02554: 7.8941 E_h, exp. variance=40.4813 E_h^2, pmove=0.48
2026-06-02 19:08:58,101 - Step 02555: 7.9831 E_h, exp. variance=36.5938 E_h^2, pmove=0.48
2026-06-02 19:08:58,761 - Step 02556: 8.0237 E_h, exp. variance=33.0558 E_h^2, pmove=0.48
2026-06-02 19:08:59,422 - Step 02557: 8.1428 E_h, exp. variance=29.8275 E_h^2, pmove=0.48
2026-06-02 19:09:00,085 - Step 02558: 8.0953 E_h, exp. variance=26.9146 E_h^2, pmove=0.48
2026-06-02 19:09:00,749 - Step 02559: 7.9730 E_h, exp. variance=24.2985 E_h^2, pmove=0.48
2026-06-02 19:09:01,410 - Step 02560: 7.8629 E_h, exp. variance=21.9472 E_h^2, pmove=0.48
2026-06-02 19:09:02,072 - Step 02561: 8.0952 E_h, exp. variance=19.7858 E_h^2, pmove=0.48
2026-06-02 19:09:02,745 - Step 02562: 8.1953 E_h, exp. variance=17.8252 E_h^2, pmove=0.48
2026-06-02 19:09:03,408 - Step 02563: 7.8619 E_h, exp. variance=16.0914 E_h^2, pmove=0.48
2026-06-02 19:09:04,072 - Step 02564: 7.9269 E_h, exp. variance=14.5144 E_h^2, pmove=0.48
2026-06-02 19:09:04,732 - Step 02565: 8.0671 E_h, exp. variance=13.0772 E_h^2, pmove=0.48
2026-06-02 19:09:05,390 - Step 02566: 41.3041 E_h, exp. variance=109.0640 E_h^2, pmove=0.48
2026-06-02 19:09:06,051 - Step 02567: 8.8815 E_h, exp. variance=98.8791 E_h^2, pmove=0.48
2026-06-02 19:09:06,713 - Step 02568: 8.1432 E_h, exp. variance=89.9632 E_h^2, pmove=0.48
2026-06-02 19:09:07,373 - Step 02569: 9.5877 E_h, exp. variance=81.1730 E_h^2, pmove=0.48
2026-06-02 19:09:08,033 - Step 02570: 8.1469 E_h, exp. variance=73.7627 E_h^2, pmove=0.47
2026-06-02 19:09:09,465 - Step 02571: 9.0741 E_h, exp. variance=66.6155 E_h^2, pmove=0.47
2026-06-02 19:09:10,125 - Step 02572: 7.9315 E_h, exp. variance=60.5522 E_h^2, pmove=0.48
2026-06-02 19:09:10,785 - Step 02573: 7.9825 E_h, exp. variance=54.9606 E_h^2, pmove=0.48
2026-06-02 19:09:11,445 - Step 02574: 8.3697 E_h, exp. variance=49.7111 E_h^2, pmove=0.47
2026-06-02 19:09:12,108 - Step 02575: 7.9521 E_h, exp. variance=45.0675 E_h^2, pmove=0.48
2026-06-02 19:09:12,768 - Step 02576: 11.8884 E_h, exp. variance=41.0041 E_h^2, pmove=0.48
2026-06-02 19:09:13,428 - Step 02577: 8.1520 E_h, exp. variance=37.1758 E_h^2, pmove=0.48
2026-06-02 19:09:14,087 - Step 02578: 7.8933 E_h, exp. variance=33.7575 E_h^2, pmove=0.48
2026-06-02 19:09:14,746 - Step 02579: 7.8982 E_h, exp. variance=30.6227 E_h^2, pmove=0.48
2026-06-02 19:09:15,409 - Step 02580: 7.9486 E_h, exp. variance=27.7425 E_h^2, pmove=0.48
2026-06-02 19:09:16,068 - Step 02581: 7.8230 E_h, exp. variance=25.1461 E_h^2, pmove=0.48
2026-06-02 19:09:16,727 - Step 02582: 7.7656 E_h, exp. variance=22.7889 E_h^2, pmove=0.48
2026-06-02 19:09:17,386 - Step 02583: 7.8908 E_h, exp. variance=20.6121 E_h^2, pmove=0.48
2026-06-02 19:09:18,048 - Step 02584: 7.8637 E_h, exp. variance=18.6383 E_h^2, pmove=0.48
2026-06-02 19:09:18,708 - Step 02585: 7.9686 E_h, exp. variance=16.8295 E_h^2, pmove=0.48
2026-06-02 19:09:19,367 - Step 02586: 7.8582 E_h, exp. variance=15.2063 E_h^2, pmove=0.48
2026-06-02 19:09:20,027 - Step 02587: 7.8034 E_h, exp. variance=13.7415 E_h^2, pmove=0.48
2026-06-02 19:09:20,686 - Step 02588: 7.8401 E_h, exp. variance=12.4080 E_h^2, pmove=0.48
2026-06-02 19:09:21,347 - Step 02589: 7.9416 E_h, exp. variance=11.1900 E_h^2, pmove=0.48
2026-06-02 19:09:22,007 - Step 02590: 7.8159 E_h, exp. variance=10.1012 E_h^2, pmove=0.48
2026-06-02 19:09:22,666 - Step 02591: 7.9803 E_h, exp. variance=9.1025 E_h^2, pmove=0.48
2026-06-02 19:09:23,325 - Step 02592: 7.8895 E_h, exp. variance=8.2075 E_h^2, pmove=0.48
2026-06-02 19:09:23,988 - Step 02593: 7.8474 E_h, exp. variance=7.4021 E_h^2, pmove=0.48
2026-06-02 19:09:24,646 - Step 02594: 7.7776 E_h, exp. variance=6.6794 E_h^2, pmove=0.48
2026-06-02 19:09:25,306 - Step 02595: 7.8131 E_h, exp. variance=6.0232 E_h^2, pmove=0.48
2026-06-02 19:09:25,965 - Step 02596: 7.9411 E_h, exp. variance=5.4244 E_h^2, pmove=0.48
2026-06-02 19:09:26,624 - Step 02597: 7.8732 E_h, exp. variance=4.8874 E_h^2, pmove=0.48
2026-06-02 19:09:27,287 - Step 02598: 7.9477 E_h, exp. variance=4.4006 E_h^2, pmove=0.48
2026-06-02 19:09:27,946 - Step 02599: 8.1906 E_h, exp. variance=3.9616 E_h^2, pmove=0.48
2026-06-02 19:09:28,607 - Step 02600: 9.4089 E_h, exp. variance=3.7219 E_h^2, pmove=0.48
2026-06-02 19:09:29,266 - Step 02601: 7.8016 E_h, exp. variance=3.3656 E_h^2, pmove=0.48
2026-06-02 19:09:29,928 - Step 02602: 8.0298 E_h, exp. variance=3.0311 E_h^2, pmove=0.48
2026-06-02 19:09:30,587 - Step 02603: 7.8655 E_h, exp. variance=2.7361 E_h^2, pmove=0.48
2026-06-02 19:09:31,246 - Step 02604: 9.1820 E_h, exp. variance=2.5611 E_h^2, pmove=0.48
2026-06-02 19:09:31,906 - Step 02605: 7.9152 E_h, exp. variance=2.3145 E_h^2, pmove=0.48
2026-06-02 19:09:32,565 - Step 02606: 8.1244 E_h, exp. variance=2.0836 E_h^2, pmove=0.48
2026-06-02 19:09:33,228 - Step 02607: 8.2328 E_h, exp. variance=1.8754 E_h^2, pmove=0.48
2026-06-02 19:09:33,888 - Step 02608: 7.8868 E_h, exp. variance=1.6968 E_h^2, pmove=0.48
2026-06-02 19:09:34,548 - Step 02609: 7.8962 E_h, exp. variance=1.5339 E_h^2, pmove=0.48
2026-06-02 19:09:35,207 - Step 02610: 7.8806 E_h, exp. variance=1.3868 E_h^2, pmove=0.48
2026-06-02 19:09:35,869 - Step 02611: 9.2823 E_h, exp. variance=1.3702 E_h^2, pmove=0.48
2026-06-02 19:09:36,530 - Step 02612: 8.6948 E_h, exp. variance=1.2523 E_h^2, pmove=0.48
2026-06-02 19:09:37,191 - Step 02613: 8.2675 E_h, exp. variance=1.1271 E_h^2, pmove=0.48
2026-06-02 19:09:37,851 - Step 02614: 8.2156 E_h, exp. variance=1.0148 E_h^2, pmove=0.48
2026-06-02 19:09:38,511 - Step 02615: 7.7785 E_h, exp. variance=0.9352 E_h^2, pmove=0.48
2026-06-02 19:09:39,171 - Step 02616: 7.8715 E_h, exp. variance=0.8528 E_h^2, pmove=0.48
2026-06-02 19:09:39,831 - Step 02617: 7.7459 E_h, exp. variance=0.7851 E_h^2, pmove=0.48
2026-06-02 19:09:40,491 - Step 02618: 7.7704 E_h, exp. variance=0.7191 E_h^2, pmove=0.48
2026-06-02 19:09:41,151 - Step 02619: 7.9136 E_h, exp. variance=0.6506 E_h^2, pmove=0.49
2026-06-02 19:09:41,811 - Step 02620: 8.0730 E_h, exp. variance=0.5855 E_h^2, pmove=0.48
2026-06-02 19:09:42,471 - Step 02621: 8.3357 E_h, exp. variance=0.5326 E_h^2, pmove=0.48
2026-06-02 19:09:43,131 - Step 02622: 7.8365 E_h, exp. variance=0.4861 E_h^2, pmove=0.48
2026-06-02 19:09:43,791 - Step 02623: 7.8397 E_h, exp. variance=0.4428 E_h^2, pmove=0.48
2026-06-02 19:09:44,452 - Step 02624: 7.8377 E_h, exp. variance=0.4029 E_h^2, pmove=0.48
2026-06-02 19:09:45,113 - Step 02625: 8.1182 E_h, exp. variance=0.3632 E_h^2, pmove=0.48
2026-06-02 19:09:45,774 - Step 02626: 7.8447 E_h, exp. variance=0.3305 E_h^2, pmove=0.48
2026-06-02 19:09:46,433 - Step 02627: 7.8217 E_h, exp. variance=0.3012 E_h^2, pmove=0.48
2026-06-02 19:09:47,093 - Step 02628: 10.0518 E_h, exp. variance=0.6483 E_h^2, pmove=0.48
2026-06-02 19:09:47,755 - Step 02629: 7.8728 E_h, exp. variance=0.5936 E_h^2, pmove=0.47
2026-06-02 19:09:48,416 - Step 02630: 7.8270 E_h, exp. variance=0.5452 E_h^2, pmove=0.49
2026-06-02 19:09:49,078 - Step 02631: 7.7575 E_h, exp. variance=0.5039 E_h^2, pmove=0.49
2026-06-02 19:09:49,738 - Step 02632: 7.8179 E_h, exp. variance=0.4608 E_h^2, pmove=0.48
2026-06-02 19:09:50,398 - Step 02633: 7.8337 E_h, exp. variance=0.4199 E_h^2, pmove=0.48
2026-06-02 19:09:51,068 - Step 02634: 7.7684 E_h, exp. variance=0.3851 E_h^2, pmove=0.48
2026-06-02 19:09:51,728 - Step 02635: 7.8995 E_h, exp. variance=0.3479 E_h^2, pmove=0.48
2026-06-02 19:09:52,389 - Step 02636: 7.8673 E_h, exp. variance=0.3149 E_h^2, pmove=0.48
2026-06-02 19:09:53,049 - Step 02637: 9.1607 E_h, exp. variance=0.4057 E_h^2, pmove=0.48
2026-06-02 19:09:53,710 - Step 02638: 7.9731 E_h, exp. variance=0.3668 E_h^2, pmove=0.48
2026-06-02 19:09:54,371 - Step 02639: 8.5637 E_h, exp. variance=0.3497 E_h^2, pmove=0.48
2026-06-02 19:09:55,031 - Step 02640: 7.9557 E_h, exp. variance=0.3179 E_h^2, pmove=0.47
2026-06-02 19:09:55,691 - Step 02641: 7.9275 E_h, exp. variance=0.2897 E_h^2, pmove=0.48
2026-06-02 19:09:56,352 - Step 02642: 8.2240 E_h, exp. variance=0.2619 E_h^2, pmove=0.48
2026-06-02 19:09:57,014 - Step 02643: 7.9212 E_h, exp. variance=0.2392 E_h^2, pmove=0.47
2026-06-02 19:09:57,674 - Step 02644: 8.5188 E_h, exp. variance=0.2312 E_h^2, pmove=0.47
2026-06-02 19:09:58,334 - Step 02645: 7.8216 E_h, exp. variance=0.2172 E_h^2, pmove=0.48
2026-06-02 19:09:58,993 - Step 02646: 7.9746 E_h, exp. variance=0.1971 E_h^2, pmove=0.48
2026-06-02 19:09:59,653 - Step 02647: 7.9945 E_h, exp. variance=0.1783 E_h^2, pmove=0.48
2026-06-02 19:10:00,314 - Step 02648: 7.9212 E_h, exp. variance=0.1629 E_h^2, pmove=0.48
2026-06-02 19:10:00,975 - Step 02649: 8.3755 E_h, exp. variance=0.1551 E_h^2, pmove=0.48
2026-06-02 19:10:01,634 - Step 02650: 7.8823 E_h, exp. variance=0.1438 E_h^2, pmove=0.48
2026-06-02 19:10:02,295 - Step 02651: 9.3903 E_h, exp. variance=0.2846 E_h^2, pmove=0.47
2026-06-02 19:10:02,955 - Step 02652: 8.8138 E_h, exp. variance=0.2890 E_h^2, pmove=0.48
2026-06-02 19:10:03,615 - Step 02653: 8.0515 E_h, exp. variance=0.2644 E_h^2, pmove=0.48
2026-06-02 19:10:04,274 - Step 02654: 8.0151 E_h, exp. variance=0.2428 E_h^2, pmove=0.48
2026-06-02 19:10:04,935 - Step 02655: 8.4582 E_h, exp. variance=0.2235 E_h^2, pmove=0.47
2026-06-02 19:10:05,597 - Step 02656: 8.0963 E_h, exp. variance=0.2032 E_h^2, pmove=0.48
2026-06-02 19:10:06,257 - Step 02657: 7.9908 E_h, exp. variance=0.1881 E_h^2, pmove=0.48
2026-06-02 19:10:06,918 - Step 02658: 7.8625 E_h, exp. variance=0.1801 E_h^2, pmove=0.48
2026-06-02 19:10:07,578 - Step 02659: 8.0950 E_h, exp. variance=0.1626 E_h^2, pmove=0.48
2026-06-02 19:10:08,243 - Step 02660: 217.4914 E_h, exp. variance=3943.6926 E_h^2, pmove=0.48
2026-06-02 19:10:08,904 - Step 02661: 7.8904 E_h, exp. variance=3589.8035 E_h^2, pmove=0.48
2026-06-02 19:10:09,564 - Step 02662: 7.8300 E_h, exp. variance=3263.8198 E_h^2, pmove=0.48
2026-06-02 19:10:10,225 - Step 02663: 7.7945 E_h, exp. variance=2964.2754 E_h^2, pmove=0.48
2026-06-02 19:10:10,886 - Step 02664: 7.8576 E_h, exp. variance=2689.4102 E_h^2, pmove=0.48
2026-06-02 19:10:11,548 - Step 02665: 7.8954 E_h, exp. variance=2437.8401 E_h^2, pmove=0.48
2026-06-02 19:10:12,209 - Step 02666: 7.9105 E_h, exp. variance=2208.0925 E_h^2, pmove=0.48
2026-06-02 19:10:12,870 - Step 02667: 7.8518 E_h, exp. variance=1998.7719 E_h^2, pmove=0.48
2026-06-02 19:10:13,531 - Step 02668: 7.8114 E_h, exp. variance=1808.2745 E_h^2, pmove=0.48
2026-06-02 19:10:14,196 - Step 02669: 7.8524 E_h, exp. variance=1634.9771 E_h^2, pmove=0.48
2026-06-02 19:10:14,859 - Step 02670: 8.1228 E_h, exp. variance=1477.1844 E_h^2, pmove=0.47
2026-06-02 19:10:15,519 - Step 02671: 7.7695 E_h, exp. variance=1334.5541 E_h^2, pmove=0.48
2026-06-02 19:10:16,180 - Step 02672: 7.7277 E_h, exp. variance=1205.2711 E_h^2, pmove=0.48
2026-06-02 19:10:16,840 - Step 02673: 7.7438 E_h, exp. variance=1088.1060 E_h^2, pmove=0.48
2026-06-02 19:10:17,503 - Step 02674: 7.6926 E_h, exp. variance=982.0695 E_h^2, pmove=0.48
2026-06-02 19:10:18,164 - Step 02675: 7.8283 E_h, exp. variance=885.9892 E_h^2, pmove=0.48
2026-06-02 19:10:18,824 - Step 02676: 7.6981 E_h, exp. variance=799.2169 E_h^2, pmove=0.49
2026-06-02 19:10:19,486 - Step 02677: 9.5098 E_h, exp. variance=719.7479 E_h^2, pmove=0.48
2026-06-02 19:10:20,150 - Step 02678: 7.7966 E_h, exp. variance=649.0265 E_h^2, pmove=0.48
2026-06-02 19:10:20,811 - Step 02679: 7.8330 E_h, exp. variance=585.1172 E_h^2, pmove=0.48
2026-06-02 19:10:21,472 - Step 02680: 7.7939 E_h, exp. variance=527.4312 E_h^2, pmove=0.48
2026-06-02 19:10:22,134 - Step 02681: 7.9760 E_h, exp. variance=475.2706 E_h^2, pmove=0.48
2026-06-02 19:10:22,794 - Step 02682: 8.1779 E_h, exp. variance=428.1359 E_h^2, pmove=0.49
2026-06-02 19:10:23,457 - Step 02683: 7.7393 E_h, exp. variance=385.8057 E_h^2, pmove=0.48
2026-06-02 19:10:24,117 - Step 02684: 7.7765 E_h, exp. variance=347.6028 E_h^2, pmove=0.48
2026-06-02 19:10:24,776 - Step 02685: 8.1738 E_h, exp. variance=313.0308 E_h^2, pmove=0.49
2026-06-02 19:10:25,437 - Step 02686: 7.7736 E_h, exp. variance=281.9884 E_h^2, pmove=0.48
2026-06-02 19:10:26,099 - Step 02687: 7.8281 E_h, exp. variance=253.9860 E_h^2, pmove=0.48
2026-06-02 19:10:26,758 - Step 02688: 7.7329 E_h, exp. variance=228.7701 E_h^2, pmove=0.48
2026-06-02 19:10:27,418 - Step 02689: 8.3315 E_h, exp. variance=205.9352 E_h^2, pmove=0.48
2026-06-02 19:10:28,078 - Step 02690: 7.7089 E_h, exp. variance=185.4796 E_h^2, pmove=0.48
2026-06-02 19:10:28,737 - Step 02691: 7.9260 E_h, exp. variance=167.0040 E_h^2, pmove=0.48
2026-06-02 19:10:29,400 - Step 02692: 7.8637 E_h, exp. variance=150.3717 E_h^2, pmove=0.48
2026-06-02 19:10:30,060 - Step 02693: 9.3572 E_h, exp. variance=135.3800 E_h^2, pmove=0.48
2026-06-02 19:10:30,719 - Step 02694: 9.1866 E_h, exp. variance=121.8618 E_h^2, pmove=0.48
2026-06-02 19:10:31,380 - Step 02695: 7.8093 E_h, exp. variance=109.7577 E_h^2, pmove=0.49
2026-06-02 19:10:32,045 - Step 02696: 7.8917 E_h, exp. variance=98.8363 E_h^2, pmove=0.48
2026-06-02 19:10:32,706 - Step 02697: 7.9326 E_h, exp. variance=88.9917 E_h^2, pmove=0.48
2026-06-02 19:10:33,367 - Step 02698: 7.8215 E_h, exp. variance=80.1371 E_h^2, pmove=0.49
2026-06-02 19:10:34,028 - Step 02699: 16.1795 E_h, exp. variance=77.4937 E_h^2, pmove=0.49
2026-06-02 19:10:34,688 - Step 02700: 7.8464 E_h, exp. variance=69.9159 E_h^2, pmove=0.48
2026-06-02 19:10:35,352 - Step 02701: 7.8591 E_h, exp. variance=63.0606 E_h^2, pmove=0.48
2026-06-02 19:10:36,013 - Step 02702: 8.1944 E_h, exp. variance=56.8081 E_h^2, pmove=0.48
2026-06-02 19:10:36,674 - Step 02703: 7.9455 E_h, exp. variance=51.2074 E_h^2, pmove=0.48
2026-06-02 19:10:37,335 - Step 02704: 8.8413 E_h, exp. variance=46.0869 E_h^2, pmove=0.48
2026-06-02 19:10:37,998 - Step 02705: 7.8295 E_h, exp. variance=41.5628 E_h^2, pmove=0.48
2026-06-02 19:10:38,659 - Step 02706: 8.2965 E_h, exp. variance=37.4214 E_h^2, pmove=0.47
2026-06-02 19:10:39,321 - Step 02707: 7.7313 E_h, exp. variance=33.7572 E_h^2, pmove=0.48
2026-06-02 19:10:39,982 - Step 02708: 7.7495 E_h, exp. variance=30.4418 E_h^2, pmove=0.48
2026-06-02 19:10:40,643 - Step 02709: 7.7584 E_h, exp. variance=27.4454 E_h^2, pmove=0.48
2026-06-02 19:10:41,308 - Step 02710: 7.7887 E_h, exp. variance=24.7361 E_h^2, pmove=0.48
2026-06-02 19:10:41,968 - Step 02711: 7.9934 E_h, exp. variance=22.2740 E_h^2, pmove=0.48
2026-06-02 19:10:42,627 - Step 02712: 7.8557 E_h, exp. variance=20.0656 E_h^2, pmove=0.48
2026-06-02 19:10:43,289 - Step 02713: 7.7111 E_h, exp. variance=18.0871 E_h^2, pmove=0.48
2026-06-02 19:10:43,952 - Step 02714: 7.8161 E_h, exp. variance=16.2927 E_h^2, pmove=0.48
2026-06-02 19:10:44,613 - Step 02715: 7.7895 E_h, exp. variance=14.6767 E_h^2, pmove=0.48
2026-06-02 19:10:45,274 - Step 02716: 7.7358 E_h, exp. variance=13.2234 E_h^2, pmove=0.48
2026-06-02 19:10:45,935 - Step 02717: 12.9583 E_h, exp. variance=14.0292 E_h^2, pmove=0.48
2026-06-02 19:10:46,597 - Step 02718: 7.8685 E_h, exp. variance=12.6720 E_h^2, pmove=0.48
2026-06-02 19:10:47,259 - Step 02719: 7.7347 E_h, exp. variance=11.4590 E_h^2, pmove=0.48
2026-06-02 19:10:47,921 - Step 02720: 8.3857 E_h, exp. variance=10.3133 E_h^2, pmove=0.48
2026-06-02 19:10:48,582 - Step 02721: 7.7063 E_h, exp. variance=9.3289 E_h^2, pmove=0.48
2026-06-02 19:10:49,244 - Step 02722: 7.7495 E_h, exp. variance=8.4291 E_h^2, pmove=0.48
2026-06-02 19:10:49,906 - Step 02723: 7.7438 E_h, exp. variance=7.6136 E_h^2, pmove=0.48
2026-06-02 19:10:50,567 - Step 02724: 7.7660 E_h, exp. variance=6.8725 E_h^2, pmove=0.48
2026-06-02 19:10:51,229 - Step 02725: 7.7698 E_h, exp. variance=6.2013 E_h^2, pmove=0.48
2026-06-02 19:10:51,890 - Step 02726: 7.9254 E_h, exp. variance=5.5857 E_h^2, pmove=0.48
2026-06-02 19:10:52,550 - Step 02727: 7.7862 E_h, exp. variance=5.0377 E_h^2, pmove=0.48
2026-06-02 19:10:53,210 - Step 02728: 110.7359 E_h, exp. variance=952.7197 E_h^2, pmove=0.48
2026-06-02 19:10:53,870 - Step 02729: 7.7583 E_h, exp. variance=867.5597 E_h^2, pmove=0.47
2026-06-02 19:10:54,531 - Step 02730: 8.7175 E_h, exp. variance=787.4301 E_h^2, pmove=0.48
2026-06-02 19:10:55,193 - Step 02731: 7.9325 E_h, exp. variance=715.2010 E_h^2, pmove=0.48
2026-06-02 19:10:55,855 - Step 02732: 7.7820 E_h, exp. variance=649.1666 E_h^2, pmove=0.48
2026-06-02 19:10:56,516 - Step 02733: 7.7206 E_h, exp. variance=588.7714 E_h^2, pmove=0.48
2026-06-02 19:10:57,178 - Step 02734: 7.7734 E_h, exp. variance=533.4962 E_h^2, pmove=0.48
2026-06-02 19:10:57,839 - Step 02735: 7.7959 E_h, exp. variance=483.0411 E_h^2, pmove=0.48
2026-06-02 19:10:58,502 - Step 02736: 7.7265 E_h, exp. variance=437.1459 E_h^2, pmove=0.48
2026-06-02 19:10:59,164 - Step 02737: 7.9296 E_h, exp. variance=395.2159 E_h^2, pmove=0.48
2026-06-02 19:10:59,826 - Step 02738: 26.3572 E_h, exp. variance=374.4082 E_h^2, pmove=0.48
2026-06-02 19:11:00,490 - Step 02739: 7.7730 E_h, exp. variance=339.7962 E_h^2, pmove=0.48
2026-06-02 19:11:01,162 - Step 02740: 7.7534 E_h, exp. variance=308.1256 E_h^2, pmove=0.48
2026-06-02 19:11:01,824 - Step 02741: 7.7484 E_h, exp. variance=279.1875 E_h^2, pmove=0.48
2026-06-02 19:11:02,486 - Step 02742: 7.8797 E_h, exp. variance=252.6916 E_h^2, pmove=0.48
2026-06-02 19:11:03,147 - Step 02743: 10.6042 E_h, exp. variance=227.4881 E_h^2, pmove=0.48
2026-06-02 19:11:03,810 - Step 02744: 8.3045 E_h, exp. variance=205.5865 E_h^2, pmove=0.48
2026-06-02 19:11:04,472 - Step 02745: 7.8270 E_h, exp. variance=185.9721 E_h^2, pmove=0.48
2026-06-02 19:11:05,133 - Step 02746: 7.7599 E_h, exp. variance=168.1752 E_h^2, pmove=0.48
2026-06-02 19:11:05,795 - Step 02747: 7.7587 E_h, exp. variance=152.0066 E_h^2, pmove=0.48
2026-06-02 19:11:06,457 - Step 02748: 8.1219 E_h, exp. variance=137.1855 E_h^2, pmove=0.48
2026-06-02 19:11:07,119 - Step 02749: 7.8543 E_h, exp. variance=123.8698 E_h^2, pmove=0.48
2026-06-02 19:11:07,783 - Step 02750: 7.7410 E_h, exp. variance=111.8491 E_h^2, pmove=0.47
2026-06-02 19:11:08,445 - Step 02751: 7.6816 E_h, exp. variance=100.9806 E_h^2, pmove=0.48
2026-06-02 19:11:09,106 - Step 02752: 7.7592 E_h, exp. variance=91.1158 E_h^2, pmove=0.48
2026-06-02 19:11:09,768 - Step 02753: 7.7641 E_h, exp. variance=82.1919 E_h^2, pmove=0.48
2026-06-02 19:11:10,429 - Step 02754: 8.2032 E_h, exp. variance=74.0394 E_h^2, pmove=0.48
2026-06-02 19:11:11,091 - Step 02755: 7.8834 E_h, exp. variance=66.7432 E_h^2, pmove=0.48
2026-06-02 19:11:11,751 - Step 02756: 7.9862 E_h, exp. variance=60.1389 E_h^2, pmove=0.48
2026-06-02 19:11:12,412 - Step 02757: 7.7600 E_h, exp. variance=54.2186 E_h^2, pmove=0.48
2026-06-02 19:11:13,073 - Step 02758: 7.8641 E_h, exp. variance=48.8564 E_h^2, pmove=0.48
2026-06-02 19:11:13,734 - Step 02759: 8.1637 E_h, exp. variance=43.9876 E_h^2, pmove=0.48
2026-06-02 19:11:14,394 - Step 02760: 7.9410 E_h, exp. variance=39.6226 E_h^2, pmove=0.48
2026-06-02 19:11:15,055 - Step 02761: 7.6898 E_h, exp. variance=35.7183 E_h^2, pmove=0.48
2026-06-02 19:11:15,715 - Step 02762: 7.8020 E_h, exp. variance=32.1799 E_h^2, pmove=0.48
2026-06-02 19:11:16,378 - Step 02763: 8.2709 E_h, exp. variance=28.9625 E_h^2, pmove=0.48
2026-06-02 19:11:17,037 - Step 02764: 7.6870 E_h, exp. variance=26.1050 E_h^2, pmove=0.48
2026-06-02 19:11:17,697 - Step 02765: 7.9348 E_h, exp. variance=23.5050 E_h^2, pmove=0.48
2026-06-02 19:11:18,358 - Step 02766: 7.9582 E_h, exp. variance=21.1618 E_h^2, pmove=0.48
2026-06-02 19:11:19,018 - Step 02767: 7.9019 E_h, exp. variance=19.0545 E_h^2, pmove=0.48
2026-06-02 19:11:19,681 - Step 02768: 9.2588 E_h, exp. variance=17.2531 E_h^2, pmove=0.47
2026-06-02 19:11:20,341 - Step 02769: 7.8404 E_h, exp. variance=15.5461 E_h^2, pmove=0.48
2026-06-02 19:11:21,002 - Step 02770: 8.0564 E_h, exp. variance=13.9947 E_h^2, pmove=0.48
2026-06-02 19:11:21,663 - Step 02771: 41.4743 E_h, exp. variance=112.0802 E_h^2, pmove=0.48
2026-06-02 19:11:22,326 - Step 02772: 9.8775 E_h, exp. variance=101.1244 E_h^2, pmove=0.48
2026-06-02 19:11:22,986 - Step 02773: 7.7053 E_h, exp. variance=92.2300 E_h^2, pmove=0.48
2026-06-02 19:11:23,647 - Step 02774: 7.6952 E_h, exp. variance=83.9997 E_h^2, pmove=0.48
2026-06-02 19:11:24,308 - Step 02775: 7.7571 E_h, exp. variance=76.3709 E_h^2, pmove=0.48
2026-06-02 19:11:24,968 - Step 02776: 7.7207 E_h, exp. variance=69.3758 E_h^2, pmove=0.48
2026-06-02 19:11:25,631 - Step 02777: 7.6685 E_h, exp. variance=62.9810 E_h^2, pmove=0.48
2026-06-02 19:11:26,295 - Step 02778: 7.7250 E_h, exp. variance=57.1004 E_h^2, pmove=0.48
2026-06-02 19:11:26,955 - Step 02779: 7.7220 E_h, exp. variance=51.7296 E_h^2, pmove=0.48
2026-06-02 19:11:27,615 - Step 02780: 13.4358 E_h, exp. variance=47.9727 E_h^2, pmove=0.49
2026-06-02 19:11:28,278 - Step 02781: 373.4177 E_h, exp. variance=11938.4629 E_h^2, pmove=0.48
2026-06-02 19:11:28,938 - Step 02782: 7.7890 E_h, exp. variance=10877.5479 E_h^2, pmove=0.48
2026-06-02 19:11:29,598 - Step 02783: 7.8097 E_h, exp. variance=9897.3389 E_h^2, pmove=0.48
2026-06-02 19:11:30,258 - Step 02784: 7.8437 E_h, exp. variance=8994.5264 E_h^2, pmove=0.48
2026-06-02 19:11:30,258 - Saving checkpoint results/bilayer-bosons/BosonNet/N24_layers12_12_rs2.5_d2.5_D20.0_sq/qmcjax_ckpt_002784.npz
2026-06-02 19:11:30,958 - Step 02785: 8.0058 E_h, exp. variance=8164.6670 E_h^2, pmove=0.48
2026-06-02 19:11:31,619 - Step 02786: 7.7402 E_h, exp. variance=7405.7739 E_h^2, pmove=0.48
2026-06-02 19:11:32,279 - Step 02787: 8.0006 E_h, exp. variance=6710.7700 E_h^2, pmove=0.48
2026-06-02 19:11:32,939 - Step 02788: 7.7412 E_h, exp. variance=6077.5591 E_h^2, pmove=0.48
2026-06-02 19:11:33,599 - Step 02789: 7.7807 E_h, exp. variance=5500.3438 E_h^2, pmove=0.48
2026-06-02 19:11:34,262 - Step 02790: 8.7362 E_h, exp. variance=4972.2778 E_h^2, pmove=0.48
2026-06-02 19:11:34,922 - Step 02791: 8.9043 E_h, exp. variance=4492.4214 E_h^2, pmove=0.48
2026-06-02 19:11:35,583 - Step 02792: 7.6775 E_h, exp. variance=4060.1470 E_h^2, pmove=0.48
2026-06-02 19:11:36,243 - Step 02793: 7.6937 E_h, exp. variance=3667.8398 E_h^2, pmove=0.49
2026-06-02 19:11:36,906 - Step 02794: 7.7641 E_h, exp. variance=3312.0188 E_h^2, pmove=0.48
2026-06-02 19:11:37,567 - Step 02795: 8.2874 E_h, exp. variance=2988.7859 E_h^2, pmove=0.48
2026-06-02 19:11:38,228 - Step 02796: 7.7894 E_h, exp. variance=2697.1436 E_h^2, pmove=0.48
2026-06-02 19:11:38,890 - Step 02797: 8.0195 E_h, exp. variance=2432.9612 E_h^2, pmove=0.48
2026-06-02 19:11:39,550 - Step 02798: 8.2354 E_h, exp. variance=2193.8757 E_h^2, pmove=0.48
2026-06-02 19:11:40,214 - Step 02799: 14.5399 E_h, exp. variance=1974.4901 E_h^2, pmove=0.49
2026-06-02 19:11:40,875 - Step 02800: 21.4136 E_h, exp. variance=1781.4602 E_h^2, pmove=0.48
2026-06-02 19:11:41,535 - Step 02801: 7.8614 E_h, exp. variance=1608.0393 E_h^2, pmove=0.47
2026-06-02 19:11:42,196 - Step 02802: 11.4629 E_h, exp. variance=1448.0026 E_h^2, pmove=0.48
2026-06-02 19:11:42,860 - Step 02803: 7.7717 E_h, exp. variance=1306.7958 E_h^2, pmove=0.48
2026-06-02 19:11:43,520 - Step 02804: 7.9767 E_h, exp. variance=1178.8209 E_h^2, pmove=0.48
2026-06-02 19:11:44,181 - Step 02805: 7.7882 E_h, exp. variance=1063.3002 E_h^2, pmove=0.48
2026-06-02 19:11:44,841 - Step 02806: 35.8715 E_h, exp. variance=1006.5598 E_h^2, pmove=0.48
2026-06-02 19:11:45,502 - Step 02807: 7.7331 E_h, exp. variance=910.3295 E_h^2, pmove=0.48
2026-06-02 19:11:46,165 - Step 02808: 7.8500 E_h, exp. variance=822.7498 E_h^2, pmove=0.48
2026-06-02 19:11:46,825 - Step 02809: 7.7824 E_h, exp. variance=743.3401 E_h^2, pmove=0.48
2026-06-02 19:11:47,485 - Step 02810: 7.7156 E_h, exp. variance=671.3885 E_h^2, pmove=0.49
2026-06-02 19:11:48,146 - Step 02811: 7.7132 E_h, exp. variance=606.1813 E_h^2, pmove=0.48
2026-06-02 19:11:48,810 - Step 02812: 7.7600 E_h, exp. variance=547.0930 E_h^2, pmove=0.48
2026-06-02 19:11:49,470 - Step 02813: 7.7322 E_h, exp. variance=493.6414 E_h^2, pmove=0.48
2026-06-02 19:11:50,130 - Step 02814: 8.2531 E_h, exp. variance=445.0051 E_h^2, pmove=0.48
2026-06-02 19:11:50,791 - Step 02815: 7.9746 E_h, exp. variance=401.2293 E_h^2, pmove=0.48
2026-06-02 19:11:51,450 - Step 02816: 7.7957 E_h, exp. variance=361.7786 E_h^2, pmove=0.48
2026-06-02 19:11:52,115 - Step 02817: 7.8175 E_h, exp. variance=326.1356 E_h^2, pmove=0.48
2026-06-02 19:11:52,775 - Step 02818: 7.7428 E_h, exp. variance=293.9852 E_h^2, pmove=0.48
2026-06-02 19:11:53,435 - Step 02819: 7.8133 E_h, exp. variance=264.9365 E_h^2, pmove=0.48
2026-06-02 19:11:54,095 - Step 02820: 7.9362 E_h, exp. variance=238.6882 E_h^2, pmove=0.48
2026-06-02 19:11:54,759 - Step 02821: 7.8638 E_h, exp. variance=215.0380 E_h^2, pmove=0.48
2026-06-02 19:11:55,421 - Step 02822: 8.0074 E_h, exp. variance=193.6769 E_h^2, pmove=0.49
2026-06-02 19:11:56,081 - Step 02823: 7.8229 E_h, exp. variance=174.4655 E_h^2, pmove=0.48
2026-06-02 19:11:56,741 - Step 02824: 8.0037 E_h, exp. variance=157.1099 E_h^2, pmove=0.49
2026-06-02 19:11:57,401 - Step 02825: 7.7107 E_h, exp. variance=141.5280 E_h^2, pmove=0.48
2026-06-02 19:11:58,063 - Step 02826: 8.9157 E_h, exp. variance=127.3766 E_h^2, pmove=0.48
2026-06-02 19:11:58,724 - Step 02827: 8.6568 E_h, exp. variance=114.6408 E_h^2, pmove=0.48
2026-06-02 19:11:59,385 - Step 02828: 8.0115 E_h, exp. variance=103.2309 E_h^2, pmove=0.48
2026-06-02 19:12:00,047 - Step 02829: 7.7301 E_h, exp. variance=92.9941 E_h^2, pmove=0.48
2026-06-02 19:12:00,711 - Step 02830: 7.7030 E_h, exp. variance=83.7689 E_h^2, pmove=0.48
2026-06-02 19:12:01,372 - Step 02831: 8.0067 E_h, exp. variance=75.4158 E_h^2, pmove=0.48
2026-06-02 19:12:02,034 - Step 02832: 8.0706 E_h, exp. variance=67.8885 E_h^2, pmove=0.48
2026-06-02 19:12:02,694 - Step 02833: 7.9847 E_h, exp. variance=61.1174 E_h^2, pmove=0.49
2026-06-02 19:12:03,354 - Step 02834: 8.0999 E_h, exp. variance=55.0130 E_h^2, pmove=0.48
2026-06-02 19:12:04,015 - Step 02835: 7.7340 E_h, exp. variance=49.5466 E_h^2, pmove=0.48
2026-06-02 19:12:04,676 - Step 02836: 7.7727 E_h, exp. variance=44.6164 E_h^2, pmove=0.48
2026-06-02 19:12:05,337 - Step 02837: 10.5578 E_h, exp. variance=40.6374 E_h^2, pmove=0.48
2026-06-02 19:12:05,997 - Step 02838: 8.1749 E_h, exp. variance=36.5817 E_h^2, pmove=0.48
2026-06-02 19:12:06,659 - Step 02839: 8.2702 E_h, exp. variance=32.9262 E_h^2, pmove=0.48
2026-06-02 19:12:07,319 - Step 02840: 7.6872 E_h, exp. variance=29.6828 E_h^2, pmove=0.48
2026-06-02 19:12:07,980 - Step 02841: 7.9384 E_h, exp. variance=26.7299 E_h^2, pmove=0.48
2026-06-02 19:12:08,641 - Step 02842: 7.7237 E_h, exp. variance=24.0880 E_h^2, pmove=0.48
2026-06-02 19:12:09,303 - Step 02843: 7.7911 E_h, exp. variance=21.6983 E_h^2, pmove=0.48
2026-06-02 19:12:09,966 - Step 02844: 7.6330 E_h, exp. variance=19.5581 E_h^2, pmove=0.48
2026-06-02 19:12:10,627 - Step 02845: 7.6552 E_h, exp. variance=17.6242 E_h^2, pmove=0.48
2026-06-02 19:12:11,288 - Step 02846: 7.6691 E_h, exp. variance=15.8784 E_h^2, pmove=0.48
2026-06-02 19:12:11,948 - Step 02847: 7.6225 E_h, exp. variance=14.3075 E_h^2, pmove=0.48
2026-06-02 19:12:12,623 - Step 02848: 7.6679 E_h, exp. variance=12.8875 E_h^2, pmove=0.48
2026-06-02 19:12:13,284 - Step 02849: 7.6679 E_h, exp. variance=11.6074 E_h^2, pmove=0.48
2026-06-02 19:12:13,945 - Step 02850: 7.5731 E_h, exp. variance=10.4593 E_h^2, pmove=0.48
2026-06-02 19:12:14,606 - Step 02851: 7.6111 E_h, exp. variance=9.4214 E_h^2, pmove=0.48
2026-06-02 19:12:15,267 - Step 02852: 7.6964 E_h, exp. variance=8.4823 E_h^2, pmove=0.48
2026-06-02 19:12:15,928 - Step 02853: 7.7529 E_h, exp. variance=7.6351 E_h^2, pmove=0.49
2026-06-02 19:12:16,589 - Step 02854: 7.5931 E_h, exp. variance=6.8776 E_h^2, pmove=0.48
2026-06-02 19:12:17,249 - Step 02855: 7.8668 E_h, exp. variance=6.1900 E_h^2, pmove=0.49
2026-06-02 19:12:17,910 - Step 02856: 7.6378 E_h, exp. variance=5.5743 E_h^2, pmove=0.48
2026-06-02 19:12:18,574 - Step 02857: 7.6782 E_h, exp. variance=5.0184 E_h^2, pmove=0.48
2026-06-02 19:12:19,235 - Step 02858: 7.6050 E_h, exp. variance=4.5199 E_h^2, pmove=0.48
2026-06-02 19:12:19,895 - Step 02859: 7.6790 E_h, exp. variance=4.0688 E_h^2, pmove=0.48
2026-06-02 19:12:20,556 - Step 02860: 7.8097 E_h, exp. variance=3.6621 E_h^2, pmove=0.48
2026-06-02 19:12:21,217 - Step 02861: 7.8384 E_h, exp. variance=3.2963 E_h^2, pmove=0.48
2026-06-02 19:12:21,877 - Step 02862: 7.7251 E_h, exp. variance=2.9669 E_h^2, pmove=0.48
2026-06-02 19:12:22,537 - Step 02863: 7.7155 E_h, exp. variance=2.6705 E_h^2, pmove=0.48
2026-06-02 19:12:23,197 - Step 02864: 8.1771 E_h, exp. variance=2.4186 E_h^2, pmove=0.48
2026-06-02 19:12:23,858 - Step 02865: 8.1570 E_h, exp. variance=2.1876 E_h^2, pmove=0.48
2026-06-02 19:12:24,519 - Step 02866: 7.7764 E_h, exp. variance=1.9693 E_h^2, pmove=0.48
2026-06-02 19:12:25,178 - Step 02867: 12.8276 E_h, exp. variance=4.0142 E_h^2, pmove=0.48
2026-06-02 19:12:25,839 - Step 02868: 14.5229 E_h, exp. variance=7.0581 E_h^2, pmove=0.48
2026-06-02 19:12:26,499 - Step 02869: 8.0335 E_h, exp. variance=6.4286 E_h^2, pmove=0.47
2026-06-02 19:12:27,161 - Step 02870: 7.9272 E_h, exp. variance=5.8645 E_h^2, pmove=0.48
2026-06-02 19:12:27,822 - Step 02871: 7.7884 E_h, exp. variance=5.3645 E_h^2, pmove=0.48
2026-06-02 19:12:28,484 - Step 02872: 7.8678 E_h, exp. variance=4.8861 E_h^2, pmove=0.48
2026-06-02 19:12:29,145 - Step 02873: 7.6794 E_h, exp. variance=4.4722 E_h^2, pmove=0.48
2026-06-02 19:12:29,807 - Step 02874: 7.8076 E_h, exp. variance=4.0681 E_h^2, pmove=0.48
2026-06-02 19:12:30,473 - Step 02875: 267.1891 E_h, exp. variance=6029.7139 E_h^2, pmove=0.48
2026-06-02 19:12:31,134 - Step 02876: 8.6384 E_h, exp. variance=5486.0371 E_h^2, pmove=0.48
2026-06-02 19:12:31,796 - Step 02877: 7.7601 E_h, exp. variance=4989.1831 E_h^2, pmove=0.48
2026-06-02 19:12:32,457 - Step 02878: 10.9104 E_h, exp. variance=4520.8379 E_h^2, pmove=0.49
2026-06-02 19:12:33,122 - Step 02879: 7.7040 E_h, exp. variance=4104.0176 E_h^2, pmove=0.48
2026-06-02 19:12:33,783 - Step 02880: 8.0272 E_h, exp. variance=3721.1519 E_h^2, pmove=0.48
2026-06-02 19:12:34,444 - Step 02881: 7.6763 E_h, exp. variance=3372.3464 E_h^2, pmove=0.48
2026-06-02 19:12:35,104 - Step 02882: 7.6918 E_h, exp. variance=3053.9521 E_h^2, pmove=0.48
2026-06-02 19:12:35,764 - Step 02883: 7.6809 E_h, exp. variance=2763.8435 E_h^2, pmove=0.48
2026-06-02 19:12:36,428 - Step 02884: 7.7111 E_h, exp. variance=2499.7771 E_h^2, pmove=0.48
2026-06-02 19:12:37,092 - Step 02885: 7.8505 E_h, exp. variance=2259.5146 E_h^2, pmove=0.48
2026-06-02 19:12:37,753 - Step 02886: 7.7453 E_h, exp. variance=2041.6106 E_h^2, pmove=0.49
2026-06-02 19:12:38,414 - Step 02887: 7.6702 E_h, exp. variance=1844.0835 E_h^2, pmove=0.48
2026-06-02 19:12:39,077 - Step 02888: 10.4304 E_h, exp. variance=1661.8953 E_h^2, pmove=0.48
2026-06-02 19:12:39,737 - Step 02889: 7.6406 E_h, exp. variance=1500.4492 E_h^2, pmove=0.48
2026-06-02 19:12:40,398 - Step 02890: 601.3400 E_h, exp. variance=32379.1055 E_h^2, pmove=0.48
2026-06-02 19:12:41,058 - Step 02891: 8.1915 E_h, exp. variance=29517.9395 E_h^2, pmove=0.48
2026-06-02 19:12:41,719 - Step 02892: 8.2980 E_h, exp. variance=26870.1914 E_h^2, pmove=0.48
2026-06-02 19:12:42,384 - Step 02893: 7.6807 E_h, exp. variance=24435.2969 E_h^2, pmove=0.48
2026-06-02 19:12:43,045 - Step 02894: 7.7420 E_h, exp. variance=22195.4609 E_h^2, pmove=0.48
2026-06-02 19:12:43,705 - Step 02895: 7.7321 E_h, exp. variance=20140.9844 E_h^2, pmove=0.48
2026-06-02 19:12:44,366 - Step 02896: 7.6655 E_h, exp. variance=18261.0547 E_h^2, pmove=0.48
2026-06-02 19:12:45,029 - Step 02897: 8.0763 E_h, exp. variance=16541.0723 E_h^2, pmove=0.48
2026-06-02 19:12:45,689 - Step 02898: 7.6980 E_h, exp. variance=14975.0420 E_h^2, pmove=0.48
2026-06-02 19:12:46,349 - Step 02899: 7.7022 E_h, exp. variance=13548.8584 E_h^2, pmove=0.48
2026-06-02 19:12:47,009 - Step 02900: 7.6625 E_h, exp. variance=12251.9229 E_h^2, pmove=0.48
2026-06-02 19:12:47,669 - Step 02901: 7.6940 E_h, exp. variance=11073.5410 E_h^2, pmove=0.48
2026-06-02 19:12:48,333 - Step 02902: 7.7911 E_h, exp. variance=10003.7461 E_h^2, pmove=0.48
2026-06-02 19:12:48,994 - Step 02903: 7.7535 E_h, exp. variance=9033.9189 E_h^2, pmove=0.48
2026-06-02 19:12:49,654 - Step 02904: 7.7463 E_h, exp. variance=8155.2920 E_h^2, pmove=0.48
2026-06-02 19:12:50,314 - Step 02905: 7.8219 E_h, exp. variance=7359.6196 E_h^2, pmove=0.48
2026-06-02 19:12:50,977 - Step 02906: 7.6881 E_h, exp. variance=6640.0649 E_h^2, pmove=0.48
2026-06-02 19:12:51,647 - Step 02907: 7.6995 E_h, exp. variance=5989.3237 E_h^2, pmove=0.48
2026-06-02 19:12:52,309 - Step 02908: 7.6765 E_h, exp. variance=5401.1816 E_h^2, pmove=0.48
2026-06-02 19:12:52,969 - Step 02909: 7.6854 E_h, exp. variance=4869.7876 E_h^2, pmove=0.49
2026-06-02 19:12:53,631 - Step 02910: 7.7132 E_h, exp. variance=4389.8311 E_h^2, pmove=0.48
2026-06-02 19:12:54,297 - Step 02911: 7.7407 E_h, exp. variance=3956.4966 E_h^2, pmove=0.48
2026-06-02 19:12:54,958 - Step 02912: 7.6947 E_h, exp. variance=3565.4817 E_h^2, pmove=0.48
2026-06-02 19:12:55,618 - Step 02913: 7.7313 E_h, exp. variance=3212.6453 E_h^2, pmove=0.48
2026-06-02 19:12:56,279 - Step 02914: 7.7133 E_h, exp. variance=2894.4058 E_h^2, pmove=0.48
2026-06-02 19:12:56,943 - Step 02915: 7.6742 E_h, exp. variance=2607.4524 E_h^2, pmove=0.48
2026-06-02 19:12:57,604 - Step 02916: 7.9692 E_h, exp. variance=2348.4783 E_h^2, pmove=0.48
2026-06-02 19:12:58,264 - Step 02917: 11.3853 E_h, exp. variance=2113.6602 E_h^2, pmove=0.48
2026-06-02 19:12:58,925 - Step 02918: 7.7069 E_h, exp. variance=1903.8796 E_h^2, pmove=0.48
2026-06-02 19:12:59,588 - Step 02919: 7.7199 E_h, exp. variance=1714.7671 E_h^2, pmove=0.48
2026-06-02 19:13:00,251 - Step 02920: 19.9975 E_h, exp. variance=1550.4023 E_h^2, pmove=0.48
2026-06-02 19:13:00,911 - Step 02921: 7.6512 E_h, exp. variance=1397.0619 E_h^2, pmove=0.48
2026-06-02 19:13:01,572 - Step 02922: 7.7493 E_h, exp. variance=1258.6643 E_h^2, pmove=0.48
2026-06-02 19:13:02,232 - Step 02923: 8.2714 E_h, exp. variance=1133.5598 E_h^2, pmove=0.48
2026-06-02 19:13:02,895 - Step 02924: 7.6703 E_h, exp. variance=1021.1369 E_h^2, pmove=0.48
2026-06-02 19:13:03,555 - Step 02925: 9.2827 E_h, exp. variance=919.1719 E_h^2, pmove=0.48
2026-06-02 19:13:04,216 - Step 02926: 8.1628 E_h, exp. variance=827.7213 E_h^2, pmove=0.48
2026-06-02 19:13:04,877 - Step 02927: 8.5135 E_h, exp. variance=745.2087 E_h^2, pmove=0.48
2026-06-02 19:13:05,541 - Step 02928: 10.0404 E_h, exp. variance=670.6879 E_h^2, pmove=0.48
2026-06-02 19:13:06,203 - Step 02929: 7.6688 E_h, exp. variance=604.1259 E_h^2, pmove=0.48
2026-06-02 19:13:06,864 - Step 02930: 7.8760 E_h, exp. variance=544.0480 E_h^2, pmove=0.48
2026-06-02 19:13:07,525 - Step 02931: 8.5042 E_h, exp. variance=489.7536 E_h^2, pmove=0.48
2026-06-02 19:13:08,186 - Step 02932: 7.7940 E_h, exp. variance=441.0405 E_h^2, pmove=0.48
2026-06-02 19:13:08,849 - Step 02933: 8.1878 E_h, exp. variance=397.0539 E_h^2, pmove=0.48
2026-06-02 19:13:09,509 - Step 02934: 7.7660 E_h, exp. variance=357.5377 E_h^2, pmove=0.48
2026-06-02 19:13:10,170 - Step 02935: 10.1279 E_h, exp. variance=321.8845 E_h^2, pmove=0.48
2026-06-02 19:13:10,830 - Step 02936: 7.7231 E_h, exp. variance=289.8862 E_h^2, pmove=0.48
2026-06-02 19:13:11,493 - Step 02937: 7.8232 E_h, exp. variance=261.0289 E_h^2, pmove=0.48
2026-06-02 19:13:12,155 - Step 02938: 7.9582 E_h, exp. variance=235.0076 E_h^2, pmove=0.48
2026-06-02 19:13:12,816 - Step 02939: 7.6405 E_h, exp. variance=211.6311 E_h^2, pmove=0.48
2026-06-02 19:13:13,476 - Step 02940: 7.7167 E_h, exp. variance=190.5546 E_h^2, pmove=0.49
2026-06-02 19:13:14,136 - Step 02941: 7.6374 E_h, exp. variance=171.5825 E_h^2, pmove=0.48
2026-06-02 19:13:14,797 - Step 02942: 7.7605 E_h, exp. variance=154.4739 E_h^2, pmove=0.48
2026-06-02 19:13:15,457 - Step 02943: 7.7394 E_h, exp. variance=139.0693 E_h^2, pmove=0.48
2026-06-02 19:13:16,117 - Step 02944: 9.7744 E_h, exp. variance=125.3424 E_h^2, pmove=0.48
2026-06-02 19:13:16,778 - Step 02945: 7.7810 E_h, exp. variance=112.8549 E_h^2, pmove=0.48
2026-06-02 19:13:17,439 - Step 02946: 7.8329 E_h, exp. variance=101.6014 E_h^2, pmove=0.49
2026-06-02 19:13:18,100 - Step 02947: 7.7439 E_h, exp. variance=91.4766 E_h^2, pmove=0.48
2026-06-02 19:13:18,762 - Step 02948: 14.6149 E_h, exp. variance=85.9097 E_h^2, pmove=0.48
2026-06-02 19:13:19,422 - Step 02949: 7.9526 E_h, exp. variance=77.4061 E_h^2, pmove=0.48
2026-06-02 19:13:20,084 - Step 02950: 15.6146 E_h, exp. variance=73.7967 E_h^2, pmove=0.48
2026-06-02 19:13:20,747 - Step 02951: 7.6669 E_h, exp. variance=66.7251 E_h^2, pmove=0.47
2026-06-02 19:13:21,409 - Step 02952: 7.6989 E_h, exp. variance=60.2926 E_h^2, pmove=0.48
2026-06-02 19:13:22,070 - Step 02953: 7.6428 E_h, exp. variance=54.4729 E_h^2, pmove=0.48
2026-06-02 19:13:22,731 - Step 02954: 7.6695 E_h, exp. variance=49.1888 E_h^2, pmove=0.47
2026-06-02 19:13:23,392 - Step 02955: 7.8578 E_h, exp. variance=44.3642 E_h^2, pmove=0.48
2026-06-02 19:13:24,068 - Step 02956: 8.1758 E_h, exp. variance=39.9606 E_h^2, pmove=0.48
2026-06-02 19:13:24,729 - Step 02957: 7.7953 E_h, exp. variance=36.0413 E_h^2, pmove=0.47
2026-06-02 19:13:25,390 - Step 02958: 7.7320 E_h, exp. variance=32.5091 E_h^2, pmove=0.49
2026-06-02 19:13:26,050 - Step 02959: 7.6782 E_h, exp. variance=29.3246 E_h^2, pmove=0.48
2026-06-02 19:13:26,712 - Step 02960: 7.8106 E_h, exp. variance=26.4291 E_h^2, pmove=0.48
2026-06-02 19:13:27,373 - Step 02961: 7.6755 E_h, exp. variance=23.8317 E_h^2, pmove=0.48
2026-06-02 19:13:28,034 - Step 02962: 8.0180 E_h, exp. variance=21.4565 E_h^2, pmove=0.47
2026-06-02 19:13:28,696 - Step 02963: 9.3530 E_h, exp. variance=19.4133 E_h^2, pmove=0.48
2026-06-02 19:13:29,359 - Step 02964: 8.8816 E_h, exp. variance=17.4935 E_h^2, pmove=0.48
2026-06-02 19:13:30,021 - Step 02965: 15.5421 E_h, exp. variance=20.2816 E_h^2, pmove=0.48
2026-06-02 19:13:30,682 - Step 02966: 7.6985 E_h, exp. variance=18.4435 E_h^2, pmove=0.47
2026-06-02 19:13:31,342 - Step 02967: 7.6982 E_h, exp. variance=16.7531 E_h^2, pmove=0.48
2026-06-02 19:13:32,001 - Step 02968: 7.6162 E_h, exp. variance=15.2206 E_h^2, pmove=0.48
2026-06-02 19:13:32,662 - Step 02969: 9.0826 E_h, exp. variance=13.7085 E_h^2, pmove=0.48
2026-06-02 19:13:33,323 - Step 02970: 7.6662 E_h, exp. variance=12.4499 E_h^2, pmove=0.48
2026-06-02 19:13:33,984 - Step 02971: 7.6079 E_h, exp. variance=11.3066 E_h^2, pmove=0.49
2026-06-02 19:13:34,645 - Step 02972: 7.6261 E_h, exp. variance=10.2553 E_h^2, pmove=0.48
2026-06-02 19:13:35,304 - Step 02973: 7.6706 E_h, exp. variance=9.2874 E_h^2, pmove=0.48
2026-06-02 19:13:35,965 - Step 02974: 7.6367 E_h, exp. variance=8.4099 E_h^2, pmove=0.48
2026-06-02 19:13:36,626 - Step 02975: 7.6002 E_h, exp. variance=7.6150 E_h^2, pmove=0.48
2026-06-02 19:13:37,286 - Step 02976: 7.5856 E_h, exp. variance=6.8925 E_h^2, pmove=0.48
2026-06-02 19:13:37,946 - Step 02977: 7.5810 E_h, exp. variance=6.2353 E_h^2, pmove=0.48
2026-06-02 19:13:38,609 - Step 02978: 7.5715 E_h, exp. variance=5.6387 E_h^2, pmove=0.48
2026-06-02 19:13:39,269 - Step 02979: 7.6112 E_h, exp. variance=5.0933 E_h^2, pmove=0.49
2026-06-02 19:13:39,929 - Step 02980: 7.6687 E_h, exp. variance=4.5950 E_h^2, pmove=0.48
2026-06-02 19:13:40,588 - Step 02981: 7.5761 E_h, exp. variance=4.1504 E_h^2, pmove=0.48
2026-06-02 19:13:41,251 - Step 02982: 7.5871 E_h, exp. variance=3.7468 E_h^2, pmove=0.48
2026-06-02 19:13:41,911 - Step 02983: 7.6176 E_h, exp. variance=3.3796 E_h^2, pmove=0.49
2026-06-02 19:13:42,571 - Step 02984: 7.6109 E_h, exp. variance=3.0481 E_h^2, pmove=0.49
2026-06-02 19:13:43,231 - Step 02985: 7.7005 E_h, exp. variance=2.7453 E_h^2, pmove=0.48
2026-06-02 19:13:43,892 - Step 02986: 7.6076 E_h, exp. variance=2.4755 E_h^2, pmove=0.48
2026-06-02 19:13:44,555 - Step 02987: 7.7661 E_h, exp. variance=2.2282 E_h^2, pmove=0.48
2026-06-02 19:13:45,216 - Step 02988: 7.7207 E_h, exp. variance=2.0061 E_h^2, pmove=0.48
2026-06-02 19:13:45,876 - Step 02989: 7.6906 E_h, exp. variance=1.8065 E_h^2, pmove=0.48
2026-06-02 19:13:46,537 - Step 02990: 7.8135 E_h, exp. variance=1.6259 E_h^2, pmove=0.48
2026-06-02 19:13:47,200 - Step 02991: 43.2560 E_h, exp. variance=114.6590 E_h^2, pmove=0.48
2026-06-02 19:13:47,865 - Step 02992: 7.8787 E_h, exp. variance=104.2701 E_h^2, pmove=0.48
2026-06-02 19:13:48,526 - Step 02993: 7.9138 E_h, exp. variance=94.6959 E_h^2, pmove=0.48
2026-06-02 19:13:49,186 - Step 02994: 7.7400 E_h, exp. variance=86.0064 E_h^2, pmove=0.48
2026-06-02 19:13:49,849 - Step 02995: 7.8640 E_h, exp. variance=77.9799 E_h^2, pmove=0.49
2026-06-02 19:13:50,510 - Step 02996: 8.0965 E_h, exp. variance=70.5567 E_h^2, pmove=0.49
2026-06-02 19:13:51,170 - Step 02997: 7.6652 E_h, exp. variance=63.9640 E_h^2, pmove=0.48
2026-06-02 19:13:51,830 - Step 02998: 12.0593 E_h, exp. variance=58.0659 E_h^2, pmove=0.48
2026-06-02 19:13:52,490 - Step 02999: 7.6519 E_h, exp. variance=52.7311 E_h^2, pmove=0.48
2026-06-02 19:13:53,154 - Step 03000: 7.6963 E_h, exp. variance=47.8239 E_h^2, pmove=0.48
2026-06-02 19:13:53,813 - Step 03001: 7.8726 E_h, exp. variance=43.2831 E_h^2, pmove=0.48
2026-06-02 19:13:54,474 - Step 03002: 7.6399 E_h, exp. variance=39.2172 E_h^2, pmove=0.48
2026-06-02 19:13:55,134 - Step 03003: 7.5595 E_h, exp. variance=35.5308 E_h^2, pmove=0.48
2026-06-02 19:13:55,797 - Step 03004: 7.7224 E_h, exp. variance=32.1280 E_h^2, pmove=0.48
2026-06-02 19:13:56,457 - Step 03005: 7.6493 E_h, exp. variance=29.0527 E_h^2, pmove=0.48
2026-06-02 19:13:57,117 - Step 03006: 7.5994 E_h, exp. variance=26.2691 E_h^2, pmove=0.49
2026-06-02 19:13:57,777 - Step 03007: 7.7609 E_h, exp. variance=23.7126 E_h^2, pmove=0.48
2026-06-02 19:13:58,437 - Step 03008: 9.2635 E_h, exp. variance=21.3863 E_h^2, pmove=0.48
2026-06-02 19:13:59,101 - Step 03009: 7.7371 E_h, exp. variance=19.3190 E_h^2, pmove=0.48
2026-06-02 19:13:59,761 - Step 03010: 11.0028 E_h, exp. variance=17.9336 E_h^2, pmove=0.49
2026-06-02 19:14:00,423 - Step 03011: 7.5921 E_h, exp. variance=16.2683 E_h^2, pmove=0.48
2026-06-02 19:14:01,083 - Step 03012: 7.5994 E_h, exp. variance=14.7438 E_h^2, pmove=0.48
2026-06-02 19:14:01,746 - Step 03013: 7.7843 E_h, exp. variance=13.3235 E_h^2, pmove=0.48
2026-06-02 19:14:02,406 - Step 03014: 7.6140 E_h, exp. variance=12.0589 E_h^2, pmove=0.49
2026-06-02 19:14:03,066 - Step 03015: 7.8157 E_h, exp. variance=10.8832 E_h^2, pmove=0.48
2026-06-02 19:14:03,726 - Step 03016: 9.3261 E_h, exp. variance=9.8829 E_h^2, pmove=0.49
2026-06-02 19:14:04,386 - Step 03017: 7.6786 E_h, exp. variance=8.9463 E_h^2, pmove=0.48
2026-06-02 19:14:05,052 - Step 03018: 7.7663 E_h, exp. variance=8.0834 E_h^2, pmove=0.48
2026-06-02 19:14:05,711 - Step 03019: 7.5974 E_h, exp. variance=7.3196 E_h^2, pmove=0.48
2026-06-02 19:14:06,372 - Step 03020: 7.6145 E_h, exp. variance=6.6218 E_h^2, pmove=0.48
2026-06-02 19:14:07,032 - Step 03021: 7.6255 E_h, exp. variance=5.9862 E_h^2, pmove=0.48
2026-06-02 19:14:07,695 - Step 03022: 7.6316 E_h, exp. variance=5.4085 E_h^2, pmove=0.49
2026-06-02 19:14:08,355 - Step 03023: 8.3861 E_h, exp. variance=4.8769 E_h^2, pmove=0.48
2026-06-02 19:14:09,016 - Step 03024: 7.7755 E_h, exp. variance=4.3986 E_h^2, pmove=0.48
2026-06-02 19:14:09,676 - Step 03025: 7.9386 E_h, exp. variance=3.9602 E_h^2, pmove=0.48
2026-06-02 19:14:10,336 - Step 03026: 7.7543 E_h, exp. variance=3.5722 E_h^2, pmove=0.48
2026-06-02 19:14:11,000 - Step 03027: 7.9237 E_h, exp. variance=3.2159 E_h^2, pmove=0.48
2026-06-02 19:14:11,660 - Step 03028: 7.6533 E_h, exp. variance=2.9059 E_h^2, pmove=0.48
2026-06-02 19:14:12,320 - Step 03029: 7.8114 E_h, exp. variance=2.6178 E_h^2, pmove=0.48
2026-06-02 19:14:12,979 - Step 03030: 8.8186 E_h, exp. variance=2.4223 E_h^2, pmove=0.48
2026-06-02 19:14:13,642 - Step 03031: 9.9427 E_h, exp. variance=2.5036 E_h^2, pmove=0.48
2026-06-02 19:14:14,302 - Step 03032: 7.6534 E_h, exp. variance=2.2838 E_h^2, pmove=0.48
2026-06-02 19:14:14,962 - Step 03033: 7.5963 E_h, exp. variance=2.0859 E_h^2, pmove=0.48
2026-06-02 19:14:15,623 - Step 03034: 8.1141 E_h, exp. variance=1.8773 E_h^2, pmove=0.48
2026-06-02 19:14:16,283 - Step 03035: 8.4289 E_h, exp. variance=1.6982 E_h^2, pmove=0.48
2026-06-02 19:14:16,947 - Step 03036: 7.6529 E_h, exp. variance=1.5506 E_h^2, pmove=0.48
2026-06-02 19:14:17,606 - Step 03037: 7.9115 E_h, exp. variance=1.3988 E_h^2, pmove=0.48
2026-06-02 19:14:18,266 - Step 03038: 7.6626 E_h, exp. variance=1.2747 E_h^2, pmove=0.48
2026-06-02 19:14:18,925 - Step 03039: 7.6119 E_h, exp. variance=1.1637 E_h^2, pmove=0.48
2026-06-02 19:14:19,587 - Step 03040: 7.6337 E_h, exp. variance=1.0592 E_h^2, pmove=0.49
2026-06-02 19:14:20,248 - Step 03041: 7.6743 E_h, exp. variance=0.9607 E_h^2, pmove=0.48
2026-06-02 19:14:20,908 - Step 03042: 7.6273 E_h, exp. variance=0.8729 E_h^2, pmove=0.48
2026-06-02 19:14:21,569 - Step 03043: 7.9703 E_h, exp. variance=0.7861 E_h^2, pmove=0.48
2026-06-02 19:14:22,229 - Step 03044: 12.3429 E_h, exp. variance=2.4774 E_h^2, pmove=0.48
2026-06-02 19:14:22,891 - Step 03045: 7.9664 E_h, exp. variance=2.2430 E_h^2, pmove=0.48
2026-06-02 19:14:23,551 - Step 03046: 7.5953 E_h, exp. variance=2.0651 E_h^2, pmove=0.49
2026-06-02 19:14:24,212 - Step 03047: 7.9750 E_h, exp. variance=1.8650 E_h^2, pmove=0.48
2026-06-02 19:14:24,872 - Step 03048: 7.7795 E_h, exp. variance=1.6955 E_h^2, pmove=0.48
2026-06-02 19:14:25,531 - Step 03049: 7.6150 E_h, exp. variance=1.5538 E_h^2, pmove=0.49
2026-06-02 19:14:26,192 - Step 03050: 7.5595 E_h, exp. variance=1.4263 E_h^2, pmove=0.49
2026-06-02 19:14:26,852 - Step 03051: 7.5078 E_h, exp. variance=1.3111 E_h^2, pmove=0.48
2026-06-02 19:14:27,512 - Step 03052: 7.5022 E_h, exp. variance=1.2027 E_h^2, pmove=0.49
2026-06-02 19:14:28,173 - Step 03053: 7.5589 E_h, exp. variance=1.0965 E_h^2, pmove=0.49
2026-06-02 19:14:28,836 - Step 03054: 8.0632 E_h, exp. variance=0.9889 E_h^2, pmove=0.49
2026-06-02 19:14:29,498 - Step 03055: 9.1300 E_h, exp. variance=1.0196 E_h^2, pmove=0.48
2026-06-02 19:14:30,159 - Step 03056: 7.6571 E_h, exp. variance=0.9315 E_h^2, pmove=0.49
2026-06-02 19:14:30,820 - Step 03057: 7.5741 E_h, exp. variance=0.8555 E_h^2, pmove=0.49
2026-06-02 19:14:31,483 - Step 03058: 7.7341 E_h, exp. variance=0.7748 E_h^2, pmove=0.48
2026-06-02 19:14:32,144 - Step 03059: 7.6885 E_h, exp. variance=0.7032 E_h^2, pmove=0.48
2026-06-02 19:14:32,805 - Step 03060: 7.7412 E_h, exp. variance=0.6357 E_h^2, pmove=0.48
2026-06-02 19:14:33,466 - Step 03061: 3303.7280 E_h, exp. variance=977623.7500 E_h^2, pmove=0.49
2026-06-02 19:14:34,126 - Step 03062: 8.0105 E_h, exp. variance=889631.0625 E_h^2, pmove=0.48
2026-06-02 19:14:34,799 - Step 03063: 7.7053 E_h, exp. variance=808597.6875 E_h^2, pmove=0.48
2026-06-02 19:14:35,460 - Step 03064: 7.7865 E_h, exp. variance=734157.0625 E_h^2, pmove=0.48
2026-06-02 19:14:36,122 - Step 03065: 7.7604 E_h, exp. variance=665942.0625 E_h^2, pmove=0.49
2026-06-02 19:14:36,782 - Step 03066: 7.6200 E_h, exp. variance=603565.8750 E_h^2, pmove=0.48
2026-06-02 19:14:37,442 - Step 03067: 7.6003 E_h, exp. variance=546626.5625 E_h^2, pmove=0.48
2026-06-02 19:14:38,102 - Step 03068: 7.6102 E_h, exp. variance=494731.5625 E_h^2, pmove=0.48
2026-06-02 19:14:38,762 - Step 03069: 7.7053 E_h, exp. variance=447497.5000 E_h^2, pmove=0.48
2026-06-02 19:14:39,424 - Step 03070: 7.6088 E_h, exp. variance=404563.9062 E_h^2, pmove=0.48
2026-06-02 19:14:40,087 - Step 03071: 7.6410 E_h, exp. variance=365577.8438 E_h^2, pmove=0.48
2026-06-02 19:14:40,748 - Step 03072: 7.6151 E_h, exp. variance=330211.5625 E_h^2, pmove=0.48
2026-06-02 19:14:41,408 - Step 03073: 7.6669 E_h, exp. variance=298154.5625 E_h^2, pmove=0.48
2026-06-02 19:14:42,068 - Step 03074: 7.8182 E_h, exp. variance=269117.5312 E_h^2, pmove=0.48
2026-06-02 19:14:42,729 - Step 03075: 9.4875 E_h, exp. variance=242811.4219 E_h^2, pmove=0.48
2026-06-02 19:14:43,392 - Step 03076: 9.2306 E_h, exp. variance=219024.2656 E_h^2, pmove=0.48
2026-06-02 19:14:44,052 - Step 03077: 11.3748 E_h, exp. variance=197496.6406 E_h^2, pmove=0.48
2026-06-02 19:14:44,714 - Step 03078: 8.3997 E_h, exp. variance=178082.4531 E_h^2, pmove=0.47
2026-06-02 19:14:45,374 - Step 03079: 9.8389 E_h, exp. variance=160531.9062 E_h^2, pmove=0.48
2026-06-02 19:14:46,034 - Step 03080: 7.7712 E_h, exp. variance=144705.7656 E_h^2, pmove=0.48
2026-06-02 19:14:46,695 - Step 03081: 7.6969 E_h, exp. variance=130419.7031 E_h^2, pmove=0.48
2026-06-02 19:14:47,355 - Step 03082: 7.6514 E_h, exp. variance=117527.5156 E_h^2, pmove=0.48
2026-06-02 19:14:48,016 - Step 03083: 7.5991 E_h, exp. variance=105896.4375 E_h^2, pmove=0.48
2026-06-02 19:14:48,677 - Step 03084: 7.8216 E_h, exp. variance=95404.0234 E_h^2, pmove=0.48
2026-06-02 19:14:49,338 - Step 03085: 7.7096 E_h, exp. variance=85942.9844 E_h^2, pmove=0.48
2026-06-02 19:14:49,999 - Step 03086: 9.5979 E_h, exp. variance=77404.2031 E_h^2, pmove=0.48
2026-06-02 19:14:50,660 - Step 03087: 7.9711 E_h, exp. variance=69715.5312 E_h^2, pmove=0.48
2026-06-02 19:14:51,320 - Step 03088: 7.5857 E_h, exp. variance=62787.4102 E_h^2, pmove=0.48
2026-06-02 19:14:51,983 - Step 03089: 7.6062 E_h, exp. variance=56543.7734 E_h^2, pmove=0.48
2026-06-02 19:14:52,645 - Step 03090: 7.7646 E_h, exp. variance=50917.3281 E_h^2, pmove=0.48
2026-06-02 19:14:53,306 - Step 03091: 7.7389 E_h, exp. variance=45848.2891 E_h^2, pmove=0.48
2026-06-02 19:14:53,967 - Step 03092: 7.5880 E_h, exp. variance=41282.2344 E_h^2, pmove=0.48
2026-06-02 19:14:54,627 - Step 03093: 7.5801 E_h, exp. variance=37169.2344 E_h^2, pmove=0.48
2026-06-02 19:14:55,291 - Step 03094: 7.6106 E_h, exp. variance=33464.5781 E_h^2, pmove=0.48
2026-06-02 19:14:55,952 - Step 03095: 7.7313 E_h, exp. variance=30127.8301 E_h^2, pmove=0.48
2026-06-02 19:14:56,612 - Step 03096: 9.1265 E_h, exp. variance=27120.7402 E_h^2, pmove=0.48
2026-06-02 19:14:57,273 - Step 03097: 7.7019 E_h, exp. variance=24415.2969 E_h^2, pmove=0.48
2026-06-02 19:14:57,938 - Step 03098: 7.7384 E_h, exp. variance=21979.0859 E_h^2, pmove=0.48
2026-06-02 19:14:58,602 - Step 03099: 7.6018 E_h, exp. variance=19785.6582 E_h^2, pmove=0.48
2026-06-02 19:14:59,264 - Step 03100: 7.6033 E_h, exp. variance=17810.7207 E_h^2, pmove=0.48
2026-06-02 19:14:59,925 - Step 03101: 7.6190 E_h, exp. variance=16032.5693 E_h^2, pmove=0.48
2026-06-02 19:15:00,587 - Step 03102: 7.5924 E_h, exp. variance=14431.7031 E_h^2, pmove=0.48
2026-06-02 19:15:01,251 - Step 03103: 7.7151 E_h, exp. variance=12990.3682 E_h^2, pmove=0.48
2026-06-02 19:15:01,912 - Step 03104: 7.6844 E_h, exp. variance=11692.8408 E_h^2, pmove=0.48
2026-06-02 19:15:02,574 - Step 03105: 7.7266 E_h, exp. variance=10524.7520 E_h^2, pmove=0.48
2026-06-02 19:15:03,234 - Step 03106: 7.7145 E_h, exp. variance=9473.2520 E_h^2, pmove=0.48
2026-06-02 19:15:03,897 - Step 03107: 7.6071 E_h, exp. variance=8526.7744 E_h^2, pmove=0.48
2026-06-02 19:15:04,558 - Step 03108: 7.6775 E_h, exp. variance=7674.7490 E_h^2, pmove=0.48
2026-06-02 19:15:05,219 - Step 03109: 7.9548 E_h, exp. variance=6907.6885 E_h^2, pmove=0.48
2026-06-02 19:15:05,879 - Step 03110: 7.7017 E_h, exp. variance=6217.3486 E_h^2, pmove=0.48
2026-06-02 19:15:06,539 - Step 03111: 7.6439 E_h, exp. variance=5595.9824 E_h^2, pmove=0.48
2026-06-02 19:15:07,203 - Step 03112: 7.6030 E_h, exp. variance=5036.6963 E_h^2, pmove=0.48
2026-06-02 19:15:07,864 - Step 03113: 7.6055 E_h, exp. variance=4533.2788 E_h^2, pmove=0.48
2026-06-02 19:15:08,525 - Step 03114: 18.4769 E_h, exp. variance=4087.8442 E_h^2, pmove=0.48
2026-06-02 19:15:09,186 - Step 03115: 7.5414 E_h, exp. variance=3679.6252 E_h^2, pmove=0.48
2026-06-02 19:15:09,851 - Step 03116: 7.5825 E_h, exp. variance=3312.1042 E_h^2, pmove=0.48
2026-06-02 19:15:10,513 - Step 03117: 9.1905 E_h, exp. variance=2980.9072 E_h^2, pmove=0.48
2026-06-02 19:15:11,173 - Step 03118: 7.5837 E_h, exp. variance=2683.1602 E_h^2, pmove=0.48
2026-06-02 19:15:11,835 - Step 03119: 11.9369 E_h, exp. variance=2415.4502 E_h^2, pmove=0.48
2026-06-02 19:15:12,496 - Step 03120: 7.5954 E_h, exp. variance=2174.2673 E_h^2, pmove=0.49
2026-06-02 19:15:13,160 - Step 03121: 7.5590 E_h, exp. variance=1957.1460 E_h^2, pmove=0.48
2026-06-02 19:15:13,822 - Step 03122: 7.8818 E_h, exp. variance=1761.5918 E_h^2, pmove=0.48
2026-06-02 19:15:14,483 - Step 03123: 7.5638 E_h, exp. variance=1585.6404 E_h^2, pmove=0.48
2026-06-02 19:15:15,144 - Step 03124: 11.9293 E_h, exp. variance=1427.8853 E_h^2, pmove=0.48
2026-06-02 19:15:15,807 - Step 03125: 7.5390 E_h, exp. variance=1285.3545 E_h^2, pmove=0.48
2026-06-02 19:15:16,468 - Step 03126: 7.5271 E_h, exp. variance=1157.0310 E_h^2, pmove=0.48
2026-06-02 19:15:17,128 - Step 03127: 7.5677 E_h, exp. variance=1041.4897 E_h^2, pmove=0.48
2026-06-02 19:15:17,789 - Step 03128: 7.7028 E_h, exp. variance=937.4442 E_h^2, pmove=0.48
2026-06-02 19:15:18,450 - Step 03129: 8.3849 E_h, exp. variance=843.7069 E_h^2, pmove=0.48
2026-06-02 19:15:19,114 - Step 03130: 7.6710 E_h, exp. variance=759.4205 E_h^2, pmove=0.48
2026-06-02 19:15:19,776 - Step 03131: 7.5742 E_h, exp. variance=683.5628 E_h^2, pmove=0.49
2026-06-02 19:15:20,437 - Step 03132: 7.5791 E_h, exp. variance=615.2740 E_h^2, pmove=0.48
2026-06-02 19:15:21,098 - Step 03133: 8.8888 E_h, exp. variance=553.7719 E_h^2, pmove=0.48
2026-06-02 19:15:21,762 - Step 03134: 7.6791 E_h, exp. variance=498.4430 E_h^2, pmove=0.48
2026-06-02 19:15:22,424 - Step 03135: 7.9581 E_h, exp. variance=448.6117 E_h^2, pmove=0.48
2026-06-02 19:15:23,089 - Step 03136: 7.7183 E_h, exp. variance=403.7810 E_h^2, pmove=0.48
2026-06-02 19:15:23,751 - Step 03137: 7.6953 E_h, exp. variance=363.4298 E_h^2, pmove=0.48
2026-06-02 19:15:24,414 - Step 03138: 7.5388 E_h, exp. variance=327.1247 E_h^2, pmove=0.48
2026-06-02 19:15:25,076 - Step 03139: 7.6223 E_h, exp. variance=294.4348 E_h^2, pmove=0.48
2026-06-02 19:15:25,737 - Step 03140: 7.6241 E_h, exp. variance=265.0094 E_h^2, pmove=0.48
2026-06-02 19:15:26,398 - Step 03141: 7.7385 E_h, exp. variance=238.5159 E_h^2, pmove=0.48
2026-06-02 19:15:27,059 - Step 03142: 7.5633 E_h, exp. variance=214.6814 E_h^2, pmove=0.48
2026-06-02 19:15:27,723 - Step 03143: 8.0550 E_h, exp. variance=193.2142 E_h^2, pmove=0.48
2026-06-02 19:15:28,385 - Step 03144: 7.6415 E_h, exp. variance=173.9022 E_h^2, pmove=0.48
2026-06-02 19:15:29,046 - Step 03145: 7.5898 E_h, exp. variance=156.5225 E_h^2, pmove=0.48
2026-06-02 19:15:29,706 - Step 03146: 7.5308 E_h, exp. variance=140.8825 E_h^2, pmove=0.48
2026-06-02 19:15:30,369 - Step 03147: 7.4764 E_h, exp. variance=126.8076 E_h^2, pmove=0.49
2026-06-02 19:15:31,031 - Step 03148: 7.5816 E_h, exp. variance=114.1321 E_h^2, pmove=0.48
2026-06-02 19:15:31,694 - Step 03149: 8.3523 E_h, exp. variance=102.7464 E_h^2, pmove=0.48
2026-06-02 19:15:32,356 - Step 03150: 7.5303 E_h, exp. variance=92.4812 E_h^2, pmove=0.49
2026-06-02 19:15:33,017 - Step 03151: 7.6069 E_h, exp. variance=83.2373 E_h^2, pmove=0.49
2026-06-02 19:15:33,678 - Step 03152: 7.6003 E_h, exp. variance=74.9171 E_h^2, pmove=0.48
2026-06-02 19:15:34,341 - Step 03153: 7.5574 E_h, exp. variance=67.4299 E_h^2, pmove=0.48
2026-06-02 19:15:35,002 - Step 03154: 7.9072 E_h, exp. variance=60.6889 E_h^2, pmove=0.48
2026-06-02 19:15:35,663 - Step 03155: 8.0320 E_h, exp. variance=54.6261 E_h^2, pmove=0.48
2026-06-02 19:15:36,325 - Step 03156: 7.6504 E_h, exp. variance=49.1654 E_h^2, pmove=0.49
2026-06-02 19:15:36,986 - Step 03157: 7.6689 E_h, exp. variance=44.2501 E_h^2, pmove=0.48
2026-06-02 19:15:37,649 - Step 03158: 7.5482 E_h, exp. variance=39.8296 E_h^2, pmove=0.48
2026-06-02 19:15:38,312 - Step 03159: 7.5314 E_h, exp. variance=35.8510 E_h^2, pmove=0.48
2026-06-02 19:15:38,974 - Step 03160: 8.5949 E_h, exp. variance=32.3335 E_h^2, pmove=0.48
2026-06-02 19:15:39,635 - Step 03161: 11.1453 E_h, exp. variance=30.0983 E_h^2, pmove=0.48
2026-06-02 19:15:40,296 - Step 03162: 7.6451 E_h, exp. variance=27.1112 E_h^2, pmove=0.48
2026-06-02 19:15:40,957 - Step 03163: 7.7088 E_h, exp. variance=24.4137 E_h^2, pmove=0.48
2026-06-02 19:15:41,617 - Step 03164: 7.6273 E_h, exp. variance=21.9891 E_h^2, pmove=0.48
2026-06-02 19:15:42,278 - Step 03165: 7.6390 E_h, exp. variance=19.8030 E_h^2, pmove=0.48
2026-06-02 19:15:42,940 - Step 03166: 7.6657 E_h, exp. variance=17.8315 E_h^2, pmove=0.48
2026-06-02 19:15:43,600 - Step 03167: 7.5859 E_h, exp. variance=16.0600 E_h^2, pmove=0.48
2026-06-02 19:15:44,261 - Step 03168: 8.2646 E_h, exp. variance=14.4653 E_h^2, pmove=0.48
2026-06-02 19:15:44,922 - Step 03169: 8.3048 E_h, exp. variance=13.0304 E_h^2, pmove=0.47
2026-06-02 19:15:45,585 - Step 03170: 7.6273 E_h, exp. variance=11.7386 E_h^2, pmove=0.48
2026-06-02 19:15:46,258 - Step 03171: 8.7435 E_h, exp. variance=10.6219 E_h^2, pmove=0.48
2026-06-02 19:15:46,919 - Step 03172: 8.1218 E_h, exp. variance=9.5606 E_h^2, pmove=0.47
2026-06-02 19:15:47,580 - Step 03173: 7.6069 E_h, exp. variance=8.6211 E_h^2, pmove=0.48
2026-06-02 19:15:48,242 - Step 03174: 9.9977 E_h, exp. variance=8.1207 E_h^2, pmove=0.48
2026-06-02 19:15:48,902 - Step 03175: 7.5817 E_h, exp. variance=7.3423 E_h^2, pmove=0.48
2026-06-02 19:15:49,564 - Step 03176: 14.0452 E_h, exp. variance=9.7548 E_h^2, pmove=0.48
2026-06-02 19:15:50,224 - Step 03177: 7.7426 E_h, exp. variance=8.8659 E_h^2, pmove=0.48
2026-06-02 19:15:50,886 - Step 03178: 7.6404 E_h, exp. variance=8.0666 E_h^2, pmove=0.48
2026-06-02 19:15:51,547 - Step 03179: 7.7668 E_h, exp. variance=7.3120 E_h^2, pmove=0.48
2026-06-02 19:15:52,209 - Step 03180: 8.0421 E_h, exp. variance=6.5958 E_h^2, pmove=0.48
2026-06-02 19:15:52,869 - Step 03181: 7.5997 E_h, exp. variance=5.9953 E_h^2, pmove=0.48
2026-06-02 19:15:53,529 - Step 03182: 7.7586 E_h, exp. variance=5.4251 E_h^2, pmove=0.48
2026-06-02 19:15:54,191 - Step 03183: 7.7132 E_h, exp. variance=4.9106 E_h^2, pmove=0.48
2026-06-02 19:15:54,851 - Step 03184: 7.5752 E_h, exp. variance=4.4565 E_h^2, pmove=0.48
2026-06-02 19:15:55,511 - Step 03185: 8.0855 E_h, exp. variance=4.0113 E_h^2, pmove=0.48
2026-06-02 19:15:56,172 - Step 03186: 7.5364 E_h, exp. variance=3.6435 E_h^2, pmove=0.48
2026-06-02 19:15:56,832 - Step 03187: 7.6509 E_h, exp. variance=3.2961 E_h^2, pmove=0.49
2026-06-02 19:15:57,493 - Step 03188: 8.5077 E_h, exp. variance=2.9861 E_h^2, pmove=0.49
2026-06-02 19:15:58,156 - Step 03189: 7.6167 E_h, exp. variance=2.7074 E_h^2, pmove=0.48
2026-06-02 19:15:58,816 - Step 03190: 7.5463 E_h, exp. variance=2.4587 E_h^2, pmove=0.48
2026-06-02 19:15:59,477 - Step 03191: 7.5616 E_h, exp. variance=2.2294 E_h^2, pmove=0.48
2026-06-02 19:16:00,139 - Step 03192: 7.5929 E_h, exp. variance=2.0178 E_h^2, pmove=0.49
2026-06-02 19:16:00,800 - Step 03193: 7.5222 E_h, exp. variance=1.8298 E_h^2, pmove=0.48
2026-06-02 19:16:01,461 - Step 03194: 7.5212 E_h, exp. variance=1.6580 E_h^2, pmove=0.48
2026-06-02 19:16:02,121 - Step 03195: 7.5590 E_h, exp. variance=1.4992 E_h^2, pmove=0.49
2026-06-02 19:16:02,781 - Step 03196: 16.0204 E_h, exp. variance=7.4156 E_h^2, pmove=0.49
2026-06-02 19:16:03,445 - Step 03197: 7.8932 E_h, exp. variance=6.7231 E_h^2, pmove=0.49
2026-06-02 19:16:04,106 - Step 03198: 7.6744 E_h, exp. variance=6.1210 E_h^2, pmove=0.48
2026-06-02 19:16:04,766 - Step 03199: 7.6119 E_h, exp. variance=5.5750 E_h^2, pmove=0.48
2026-06-02 19:16:05,426 - Step 03200: 7.6287 E_h, exp. variance=5.0688 E_h^2, pmove=0.49
2026-06-02 19:16:06,090 - Step 03201: 7.7259 E_h, exp. variance=4.5924 E_h^2, pmove=0.48
2026-06-02 19:16:06,751 - Step 03202: 8.2737 E_h, exp. variance=4.1333 E_h^2, pmove=0.48
2026-06-02 19:16:07,412 - Step 03203: 7.6359 E_h, exp. variance=3.7541 E_h^2, pmove=0.48
2026-06-02 19:16:08,072 - Step 03204: 7.5479 E_h, exp. variance=3.4159 E_h^2, pmove=0.48
2026-06-02 19:16:08,736 - Step 03205: 7.5263 E_h, exp. variance=3.1067 E_h^2, pmove=0.48
2026-06-02 19:16:09,397 - Step 03206: 7.6083 E_h, exp. variance=2.8149 E_h^2, pmove=0.48
2026-06-02 19:16:10,058 - Step 03207: 7.6084 E_h, exp. variance=2.5487 E_h^2, pmove=0.48
2026-06-02 19:16:10,718 - Step 03208: 7.5232 E_h, exp. variance=2.3126 E_h^2, pmove=0.48
2026-06-02 19:16:11,378 - Step 03209: 7.5100 E_h, exp. variance=2.0975 E_h^2, pmove=0.48
2026-06-02 19:16:12,041 - Step 03210: 7.5334 E_h, exp. variance=1.8992 E_h^2, pmove=0.48
2026-06-02 19:16:12,705 - Step 03211: 8.1115 E_h, exp. variance=1.7152 E_h^2, pmove=0.48
2026-06-02 19:16:13,365 - Step 03212: 7.6378 E_h, exp. variance=1.5490 E_h^2, pmove=0.48
2026-06-02 19:16:14,025 - Step 03213: 7.6507 E_h, exp. variance=1.3979 E_h^2, pmove=0.48
2026-06-02 19:16:14,687 - Step 03214: 7.5517 E_h, exp. variance=1.2654 E_h^2, pmove=0.48
2026-06-02 19:16:15,347 - Step 03215: 7.5444 E_h, exp. variance=1.1451 E_h^2, pmove=0.48
2026-06-02 19:16:16,007 - Step 03216: 7.6258 E_h, exp. variance=1.0328 E_h^2, pmove=0.48
2026-06-02 19:16:16,667 - Step 03217: 8.0239 E_h, exp. variance=0.9355 E_h^2, pmove=0.48
2026-06-02 19:16:17,328 - Step 03218: 7.5383 E_h, exp. variance=0.8477 E_h^2, pmove=0.49
2026-06-02 19:16:17,991 - Step 03219: 7.4925 E_h, exp. variance=0.7697 E_h^2, pmove=0.48
2026-06-02 19:16:18,652 - Step 03220: 8.5241 E_h, exp. variance=0.7482 E_h^2, pmove=0.49
2026-06-02 19:16:19,312 - Step 03221: 8.0683 E_h, exp. variance=0.6791 E_h^2, pmove=0.48
2026-06-02 19:16:19,973 - Step 03222: 7.5429 E_h, exp. variance=0.6192 E_h^2, pmove=0.49
2026-06-02 19:16:20,636 - Step 03223: 7.6854 E_h, exp. variance=0.5588 E_h^2, pmove=0.48
2026-06-02 19:16:21,296 - Step 03224: 7.6510 E_h, exp. variance=0.5049 E_h^2, pmove=0.48
2026-06-02 19:16:21,958 - Step 03225: 7.5812 E_h, exp. variance=0.4581 E_h^2, pmove=0.48
2026-06-02 19:16:22,618 - Step 03226: 7.5184 E_h, exp. variance=0.4178 E_h^2, pmove=0.48
2026-06-02 19:16:23,279 - Step 03227: 7.5573 E_h, exp. variance=0.3790 E_h^2, pmove=0.48
2026-06-02 19:16:23,942 - Step 03228: 7.5164 E_h, exp. variance=0.3449 E_h^2, pmove=0.48
2026-06-02 19:16:24,603 - Step 03229: 7.6122 E_h, exp. variance=0.3111 E_h^2, pmove=0.48
2026-06-02 19:16:25,263 - Step 03230: 12.0247 E_h, exp. variance=1.9693 E_h^2, pmove=0.48
2026-06-02 19:16:25,924 - Step 03231: 10.9553 E_h, exp. variance=2.4931 E_h^2, pmove=0.48
2026-06-02 19:16:26,588 - Step 03232: 7.6892 E_h, exp. variance=2.2904 E_h^2, pmove=0.48
2026-06-02 19:16:27,248 - Step 03233: 7.6714 E_h, exp. variance=2.1011 E_h^2, pmove=0.48
2026-06-02 19:16:27,910 - Step 03234: 7.5433 E_h, exp. variance=1.9386 E_h^2, pmove=0.48
2026-06-02 19:16:28,569 - Step 03235: 9.8923 E_h, exp. variance=2.0032 E_h^2, pmove=0.48
2026-06-02 19:16:29,229 - Step 03236: 7.7477 E_h, exp. variance=1.8374 E_h^2, pmove=0.48
2026-06-02 19:16:29,891 - Step 03237: 7.8469 E_h, exp. variance=1.6726 E_h^2, pmove=0.48
2026-06-02 19:16:30,552 - Step 03238: 7.5012 E_h, exp. variance=1.5570 E_h^2, pmove=0.48
2026-06-02 19:16:31,212 - Step 03239: 7.5215 E_h, exp. variance=1.4407 E_h^2, pmove=0.48
2026-06-02 19:16:31,874 - Step 03240: 7.5373 E_h, exp. variance=1.3269 E_h^2, pmove=0.48
2026-06-02 19:16:32,538 - Step 03241: 7.5342 E_h, exp. variance=1.2190 E_h^2, pmove=0.48
2026-06-02 19:16:33,198 - Step 03242: 7.5249 E_h, exp. variance=1.1180 E_h^2, pmove=0.48
2026-06-02 19:16:33,858 - Step 03243: 7.4943 E_h, exp. variance=1.0256 E_h^2, pmove=0.48
2026-06-02 19:16:34,518 - Step 03244: 7.5433 E_h, exp. variance=0.9353 E_h^2, pmove=0.49
2026-06-02 19:16:35,178 - Step 03245: 7.5535 E_h, exp. variance=0.8511 E_h^2, pmove=0.49
2026-06-02 19:16:35,841 - Step 03246: 7.7529 E_h, exp. variance=0.7667 E_h^2, pmove=0.48
2026-06-02 19:16:36,501 - Step 03247: 7.5982 E_h, exp. variance=0.6950 E_h^2, pmove=0.49
2026-06-02 19:16:37,161 - Step 03248: 7.4943 E_h, exp. variance=0.6345 E_h^2, pmove=0.48
2026-06-02 19:16:37,823 - Step 03249: 7.4666 E_h, exp. variance=0.5798 E_h^2, pmove=0.48
2026-06-02 19:16:38,486 - Step 03250: 8.1757 E_h, exp. variance=0.5384 E_h^2, pmove=0.48
2026-06-02 19:16:39,146 - Step 03251: 7.5259 E_h, exp. variance=0.4908 E_h^2, pmove=0.48
2026-06-02 19:16:39,807 - Step 03252: 7.5589 E_h, exp. variance=0.4455 E_h^2, pmove=0.49
2026-06-02 19:16:40,467 - Step 03253: 7.7848 E_h, exp. variance=0.4011 E_h^2, pmove=0.48
2026-06-02 19:16:41,128 - Step 03254: 7.5318 E_h, exp. variance=0.3652 E_h^2, pmove=0.48
2026-06-02 19:16:41,791 - Step 03255: 7.5144 E_h, exp. variance=0.3327 E_h^2, pmove=0.48
2026-06-02 19:16:42,452 - Step 03256: 7.5632 E_h, exp. variance=0.3012 E_h^2, pmove=0.48
2026-06-02 19:16:43,113 - Step 03257: 7.7456 E_h, exp. variance=0.2714 E_h^2, pmove=0.49
2026-06-02 19:16:43,774 - Step 03258: 7.5615 E_h, exp. variance=0.2459 E_h^2, pmove=0.49
2026-06-02 19:16:44,437 - Step 03259: 7.5156 E_h, exp. variance=0.2238 E_h^2, pmove=0.49
2026-06-02 19:16:45,098 - Step 03260: 11.1189 E_h, exp. variance=1.2745 E_h^2, pmove=0.49
2026-06-02 19:16:45,760 - Step 03261: 7.6413 E_h, exp. variance=1.1593 E_h^2, pmove=0.49
2026-06-02 19:16:46,421 - Step 03262: 7.8507 E_h, exp. variance=1.0448 E_h^2, pmove=0.48
2026-06-02 19:16:47,081 - Step 03263: 7.9416 E_h, exp. variance=0.9403 E_h^2, pmove=0.48
2026-06-02 19:16:47,744 - Step 03264: 7.5554 E_h, exp. variance=0.8610 E_h^2, pmove=0.48
2026-06-02 19:16:48,405 - Step 03265: 7.6120 E_h, exp. variance=0.7834 E_h^2, pmove=0.49
2026-06-02 19:16:49,066 - Step 03266: 7.5771 E_h, exp. variance=0.7138 E_h^2, pmove=0.48
2026-06-02 19:16:49,727 - Step 03267: 7.6476 E_h, exp. variance=0.6464 E_h^2, pmove=0.48
2026-06-02 19:16:50,388 - Step 03268: 7.5348 E_h, exp. variance=0.5900 E_h^2, pmove=0.48
2026-06-02 19:16:51,048 - Step 03269: 7.5460 E_h, exp. variance=0.5371 E_h^2, pmove=0.49
2026-06-02 19:16:51,710 - Step 03270: 7.6696 E_h, exp. variance=0.4845 E_h^2, pmove=0.48
2026-06-02 19:16:52,371 - Step 03271: 7.5887 E_h, exp. variance=0.4390 E_h^2, pmove=0.48
2026-06-02 19:16:53,033 - Step 03272: 7.5106 E_h, exp. variance=0.4003 E_h^2, pmove=0.48
2026-06-02 19:16:53,693 - Step 03273: 7.7051 E_h, exp. variance=0.3603 E_h^2, pmove=0.49
2026-06-02 19:16:54,354 - Step 03274: 7.5339 E_h, exp. variance=0.3275 E_h^2, pmove=0.48
2026-06-02 19:16:55,015 - Step 03275: 9.0932 E_h, exp. variance=0.4680 E_h^2, pmove=0.48
2026-06-02 19:16:55,676 - Step 03276: 11.3563 E_h, exp. variance=1.5311 E_h^2, pmove=0.48
2026-06-02 19:16:56,337 - Step 03277: 7.5160 E_h, exp. variance=1.4196 E_h^2, pmove=0.48
2026-06-02 19:16:56,999 - Step 03278: 7.7313 E_h, exp. variance=1.2918 E_h^2, pmove=0.48
2026-06-02 19:16:57,671 - Step 03279: 8.4921 E_h, exp. variance=1.1773 E_h^2, pmove=0.48
2026-06-02 19:16:58,333 - Step 03280: 266.0228 E_h, exp. variance=5986.9097 E_h^2, pmove=0.48
2026-06-02 19:16:58,995 - Step 03281: 7.5307 E_h, exp. variance=5450.8848 E_h^2, pmove=0.48
2026-06-02 19:16:59,657 - Step 03282: 7.4781 E_h, exp. variance=4956.7803 E_h^2, pmove=0.48
2026-06-02 19:17:00,319 - Step 03283: 7.6487 E_h, exp. variance=4501.7446 E_h^2, pmove=0.49
2026-06-02 19:17:00,981 - Step 03284: 7.5631 E_h, exp. variance=4084.7856 E_h^2, pmove=0.49
2026-06-02 19:17:01,641 - Step 03285: 7.5681 E_h, exp. variance=3703.1963 E_h^2, pmove=0.48
2026-06-02 19:17:02,303 - Step 03286: 7.5517 E_h, exp. variance=3354.7026 E_h^2, pmove=0.49
2026-06-02 19:17:02,965 - Step 03287: 7.5793 E_h, exp. variance=3036.8418 E_h^2, pmove=0.48
2026-06-02 19:17:03,627 - Step 03288: 7.6116 E_h, exp. variance=2747.3481 E_h^2, pmove=0.48
2026-06-02 19:17:04,288 - Step 03289: 7.4884 E_h, exp. variance=2484.3596 E_h^2, pmove=0.48
2026-06-02 19:17:04,949 - Step 03290: 7.4779 E_h, exp. variance=2245.4575 E_h^2, pmove=0.49
2026-06-02 19:17:05,610 - Step 03291: 7.5249 E_h, exp. variance=2028.5563 E_h^2, pmove=0.49
2026-06-02 19:17:06,272 - Step 03292: 7.4765 E_h, exp. variance=1831.9650 E_h^2, pmove=0.49
2026-06-02 19:17:06,933 - Step 03293: 7.6133 E_h, exp. variance=1653.6594 E_h^2, pmove=0.48
2026-06-02 19:17:07,594 - Step 03294: 7.4633 E_h, exp. variance=1492.4362 E_h^2, pmove=0.48
2026-06-02 19:17:08,258 - Step 03295: 7.5082 E_h, exp. variance=1346.4990 E_h^2, pmove=0.49
2026-06-02 19:17:08,919 - Step 03296: 7.6432 E_h, exp. variance=1214.3965 E_h^2, pmove=0.48
2026-06-02 19:17:09,583 - Step 03297: 7.5434 E_h, exp. variance=1095.1072 E_h^2, pmove=0.48
2026-06-02 19:17:10,246 - Step 03298: 7.5360 E_h, exp. variance=987.3441 E_h^2, pmove=0.48
2026-06-02 19:17:10,908 - Step 03299: 7.4642 E_h, exp. variance=890.0769 E_h^2, pmove=0.49
2026-06-02 19:17:11,569 - Step 03300: 7.4601 E_h, exp. variance=802.2604 E_h^2, pmove=0.49
2026-06-02 19:17:12,231 - Step 03301: 8.7508 E_h, exp. variance=722.3884 E_h^2, pmove=0.49
2026-06-02 19:17:12,894 - Step 03302: 7.8207 E_h, exp. variance=650.8132 E_h^2, pmove=0.48
2026-06-02 19:17:13,556 - Step 03303: 8.7541 E_h, exp. variance=585.9371 E_h^2, pmove=0.49
2026-06-02 19:17:14,218 - Step 03304: 7.7162 E_h, exp. variance=527.8606 E_h^2, pmove=0.48
2026-06-02 19:17:14,879 - Step 03305: 7.5095 E_h, exp. variance=475.5775 E_h^2, pmove=0.48
2026-06-02 19:17:15,542 - Step 03306: 7.7030 E_h, exp. variance=428.3565 E_h^2, pmove=0.48
2026-06-02 19:17:16,205 - Step 03307: 7.5825 E_h, exp. variance=385.8327 E_h^2, pmove=0.49
2026-06-02 19:17:16,869 - Step 03308: 7.6444 E_h, exp. variance=347.4836 E_h^2, pmove=0.49
2026-06-02 19:17:17,531 - Step 03309: 8.2467 E_h, exp. variance=312.8003 E_h^2, pmove=0.48
2026-06-02 19:17:18,194 - Step 03310: 7.8484 E_h, exp. variance=281.6420 E_h^2, pmove=0.49
2026-06-02 19:17:18,857 - Step 03311: 7.7449 E_h, exp. variance=253.5968 E_h^2, pmove=0.49
2026-06-02 19:17:19,522 - Step 03312: 8.5090 E_h, exp. variance=228.2438 E_h^2, pmove=0.49
2026-06-02 19:17:20,185 - Step 03313: 7.6118 E_h, exp. variance=205.5366 E_h^2, pmove=0.48
2026-06-02 19:17:20,847 - Step 03314: 7.6105 E_h, exp. variance=185.0781 E_h^2, pmove=0.48
2026-06-02 19:17:21,508 - Step 03315: 7.5426 E_h, exp. variance=166.6591 E_h^2, pmove=0.48
2026-06-02 19:17:22,173 - Step 03316: 7.5264 E_h, exp. variance=150.0678 E_h^2, pmove=0.48
2026-06-02 19:17:22,834 - Step 03317: 7.5039 E_h, exp. variance=135.1248 E_h^2, pmove=0.48
2026-06-02 19:17:23,496 - Step 03318: 7.5313 E_h, exp. variance=121.6603 E_h^2, pmove=0.48
2026-06-02 19:17:24,156 - Step 03319: 7.4926 E_h, exp. variance=109.5378 E_h^2, pmove=0.48
2026-06-02 19:17:24,819 - Step 03320: 7.5115 E_h, exp. variance=98.6172 E_h^2, pmove=0.48
2026-06-02 19:17:25,486 - Step 03321: 9.4963 E_h, exp. variance=88.9417 E_h^2, pmove=0.49
2026-06-02 19:17:26,148 - Step 03322: 7.6971 E_h, exp. variance=80.0704 E_h^2, pmove=0.48
2026-06-02 19:17:26,809 - Step 03323: 7.5401 E_h, exp. variance=72.0970 E_h^2, pmove=0.48
2026-06-02 19:17:27,471 - Step 03324: 7.5246 E_h, exp. variance=64.9161 E_h^2, pmove=0.48
2026-06-02 19:17:28,133 - Step 03325: 9.0773 E_h, exp. variance=58.5225 E_h^2, pmove=0.48
2026-06-02 19:17:28,795 - Step 03326: 7.4588 E_h, exp. variance=52.7118 E_h^2, pmove=0.48
2026-06-02 19:17:29,455 - Step 03327: 7.7379 E_h, exp. variance=47.4506 E_h^2, pmove=0.49
2026-06-02 19:17:30,116 - Step 03328: 7.5023 E_h, exp. variance=42.7312 E_h^2, pmove=0.48
2026-06-02 19:17:30,779 - Step 03329: 7.5328 E_h, exp. variance=38.4764 E_h^2, pmove=0.48
2026-06-02 19:17:31,440 - Step 03330: 7.7635 E_h, exp. variance=34.6315 E_h^2, pmove=0.49
2026-06-02 19:17:32,100 - Step 03331: 7.4673 E_h, exp. variance=31.1869 E_h^2, pmove=0.48
2026-06-02 19:17:32,762 - Step 03332: 7.5331 E_h, exp. variance=28.0787 E_h^2, pmove=0.48
2026-06-02 19:17:33,426 - Step 03333: 7.6103 E_h, exp. variance=25.2757 E_h^2, pmove=0.48
2026-06-02 19:17:34,088 - Step 03334: 7.6088 E_h, exp. variance=22.7520 E_h^2, pmove=0.49
2026-06-02 19:17:34,748 - Step 03335: 7.9911 E_h, exp. variance=20.4802 E_h^2, pmove=0.48
2026-06-02 19:17:35,409 - Step 03336: 7.8448 E_h, exp. variance=18.4323 E_h^2, pmove=0.48
2026-06-02 19:17:36,070 - Step 03337: 8.0144 E_h, exp. variance=16.5925 E_h^2, pmove=0.48
2026-06-02 19:17:36,733 - Step 03338: 7.9318 E_h, exp. variance=14.9340 E_h^2, pmove=0.48
2026-06-02 19:17:37,395 - Step 03339: 7.6825 E_h, exp. variance=13.4431 E_h^2, pmove=0.48
2026-06-02 19:17:38,056 - Step 03340: 8.2411 E_h, exp. variance=12.1138 E_h^2, pmove=0.48
2026-06-02 19:17:38,716 - Step 03341: 7.4945 E_h, exp. variance=10.9153 E_h^2, pmove=0.48
2026-06-02 19:17:39,381 - Step 03342: 7.5053 E_h, exp. variance=9.8336 E_h^2, pmove=0.48
2026-06-02 19:17:40,042 - Step 03343: 7.5076 E_h, exp. variance=8.8580 E_h^2, pmove=0.48
2026-06-02 19:17:40,706 - Step 03344: 7.5921 E_h, exp. variance=7.9751 E_h^2, pmove=0.48
2026-06-02 19:17:41,366 - Step 03345: 7.5490 E_h, exp. variance=7.1814 E_h^2, pmove=0.48
2026-06-02 19:17:42,030 - Step 03346: 7.4647 E_h, exp. variance=6.4698 E_h^2, pmove=0.49
2026-06-02 19:17:42,690 - Step 03347: 7.4970 E_h, exp. variance=5.8268 E_h^2, pmove=0.48
2026-06-02 19:17:43,351 - Step 03348: 7.5284 E_h, exp. variance=5.2463 E_h^2, pmove=0.48
2026-06-02 19:17:44,011 - Step 03349: 7.4960 E_h, exp. variance=4.7244 E_h^2, pmove=0.49
2026-06-02 19:17:44,672 - Step 03350: 7.6159 E_h, exp. variance=4.2521 E_h^2, pmove=0.48
2026-06-02 19:17:45,338 - Step 03351: 7.7960 E_h, exp. variance=3.8288 E_h^2, pmove=0.49
2026-06-02 19:17:45,998 - Step 03352: 7.5862 E_h, exp. variance=3.4465 E_h^2, pmove=0.49
2026-06-02 19:17:46,659 - Step 03353: 7.8869 E_h, exp. variance=3.1066 E_h^2, pmove=0.48
2026-06-02 19:17:47,320 - Step 03354: 7.4757 E_h, exp. variance=2.7997 E_h^2, pmove=0.49
2026-06-02 19:17:47,984 - Step 03355: 8.5552 E_h, exp. variance=2.5921 E_h^2, pmove=0.48
2026-06-02 19:17:48,645 - Step 03356: 7.4883 E_h, exp. variance=2.3389 E_h^2, pmove=0.49
2026-06-02 19:17:49,306 - Step 03357: 7.5370 E_h, exp. variance=2.1081 E_h^2, pmove=0.49
2026-06-02 19:17:49,966 - Step 03358: 7.4686 E_h, exp. variance=1.9023 E_h^2, pmove=0.49
2026-06-02 19:17:50,630 - Step 03359: 7.5355 E_h, exp. variance=1.7140 E_h^2, pmove=0.48
2026-06-02 19:17:51,291 - Step 03360: 7.5626 E_h, exp. variance=1.5435 E_h^2, pmove=0.48
2026-06-02 19:17:51,951 - Step 03361: 7.5974 E_h, exp. variance=1.3895 E_h^2, pmove=0.48
2026-06-02 19:17:52,612 - Step 03362: 7.5127 E_h, exp. variance=1.2522 E_h^2, pmove=0.48
2026-06-02 19:17:53,276 - Step 03363: 7.5305 E_h, exp. variance=1.1280 E_h^2, pmove=0.48
2026-06-02 19:17:53,937 - Step 03364: 7.5760 E_h, exp. variance=1.0154 E_h^2, pmove=0.48
2026-06-02 19:17:54,598 - Step 03365: 7.6079 E_h, exp. variance=0.9139 E_h^2, pmove=0.48
2026-06-02 19:17:55,259 - Step 03366: 7.5550 E_h, exp. variance=0.8229 E_h^2, pmove=0.48
2026-06-02 19:17:55,920 - Step 03367: 7.5411 E_h, exp. variance=0.7410 E_h^2, pmove=0.48
2026-06-02 19:17:56,594 - Step 03368: 7.4979 E_h, exp. variance=0.6680 E_h^2, pmove=0.48
2026-06-02 19:17:57,256 - Step 03369: 7.5250 E_h, exp. variance=0.6016 E_h^2, pmove=0.49
2026-06-02 19:17:57,918 - Step 03370: 9.3932 E_h, exp. variance=0.8348 E_h^2, pmove=0.48
2026-06-02 19:17:58,578 - Step 03371: 7.5452 E_h, exp. variance=0.7558 E_h^2, pmove=0.48
2026-06-02 19:17:59,241 - Step 03372: 7.5178 E_h, exp. variance=0.6849 E_h^2, pmove=0.48
2026-06-02 19:17:59,903 - Step 03373: 7.5068 E_h, exp. variance=0.6206 E_h^2, pmove=0.48
2026-06-02 19:18:00,565 - Step 03374: 7.5357 E_h, exp. variance=0.5611 E_h^2, pmove=0.49
2026-06-02 19:18:01,226 - Step 03375: 7.4367 E_h, exp. variance=0.5105 E_h^2, pmove=0.49
2026-06-02 19:18:01,888 - Step 03376: 7.6726 E_h, exp. variance=0.4595 E_h^2, pmove=0.48
2026-06-02 19:18:02,548 - Step 03377: 7.6002 E_h, exp. variance=0.4139 E_h^2, pmove=0.49
2026-06-02 19:18:03,209 - Step 03378: 7.4792 E_h, exp. variance=0.3753 E_h^2, pmove=0.48
2026-06-02 19:18:03,870 - Step 03379: 7.5499 E_h, exp. variance=0.3384 E_h^2, pmove=0.48
2026-06-02 19:18:04,530 - Step 03380: 7.5454 E_h, exp. variance=0.3052 E_h^2, pmove=0.48
2026-06-02 19:18:05,191 - Step 03381: 7.4780 E_h, exp. variance=0.2765 E_h^2, pmove=0.49
2026-06-02 19:18:05,852 - Step 03382: 7.5526 E_h, exp. variance=0.2491 E_h^2, pmove=0.49
2026-06-02 19:18:06,512 - Step 03383: 10.9892 E_h, exp. variance=1.2575 E_h^2, pmove=0.49
2026-06-02 19:18:07,173 - Step 03384: 7.5319 E_h, exp. variance=1.1467 E_h^2, pmove=0.49
2026-06-02 19:18:07,836 - Step 03385: 7.6150 E_h, exp. variance=1.0393 E_h^2, pmove=0.48
2026-06-02 19:18:08,497 - Step 03386: 7.5561 E_h, exp. variance=0.9443 E_h^2, pmove=0.48
2026-06-02 19:18:09,169 - Step 03387: 7.4857 E_h, exp. variance=0.8611 E_h^2, pmove=0.48
2026-06-02 19:18:09,830 - Step 03388: 7.4738 E_h, exp. variance=0.7848 E_h^2, pmove=0.49
2026-06-02 19:18:10,494 - Step 03389: 7.7181 E_h, exp. variance=0.7065 E_h^2, pmove=0.48
2026-06-02 19:18:11,157 - Step 03390: 7.5840 E_h, exp. variance=0.6388 E_h^2, pmove=0.49
2026-06-02 19:18:11,819 - Step 03391: 7.7400 E_h, exp. variance=0.5750 E_h^2, pmove=0.48
2026-06-02 19:18:12,481 - Step 03392: 9.2397 E_h, exp. variance=0.7181 E_h^2, pmove=0.49
2026-06-02 19:18:13,144 - Step 03393: 7.5228 E_h, exp. variance=0.6588 E_h^2, pmove=0.49
2026-06-02 19:18:13,807 - Step 03394: 7.5580 E_h, exp. variance=0.6011 E_h^2, pmove=0.49
2026-06-02 19:18:14,468 - Step 03395: 7.6261 E_h, exp. variance=0.5447 E_h^2, pmove=0.49
2026-06-02 19:18:15,131 - Step 03396: 7.7038 E_h, exp. variance=0.4912 E_h^2, pmove=0.48
2026-06-02 19:18:15,792 - Step 03397: 7.8643 E_h, exp. variance=0.4425 E_h^2, pmove=0.49
2026-06-02 19:18:16,454 - Step 03398: 12.3082 E_h, exp. variance=2.2237 E_h^2, pmove=0.48
2026-06-02 19:18:17,115 - Step 03399: 7.5494 E_h, exp. variance=2.0461 E_h^2, pmove=0.48
2026-06-02 19:18:17,775 - Step 03400: 7.4937 E_h, exp. variance=1.8844 E_h^2, pmove=0.48
2026-06-02 19:18:18,437 - Step 03401: 10.9403 E_h, exp. variance=2.4143 E_h^2, pmove=0.48
2026-06-02 19:18:19,101 - Step 03402: 7.6650 E_h, exp. variance=2.2212 E_h^2, pmove=0.48
2026-06-02 19:18:19,761 - Step 03403: 8.6302 E_h, exp. variance=2.0075 E_h^2, pmove=0.48
2026-06-02 19:18:20,423 - Step 03404: 9.9085 E_h, exp. variance=2.0239 E_h^2, pmove=0.49
2026-06-02 19:18:21,086 - Step 03405: 56.7710 E_h, exp. variance=211.4387 E_h^2, pmove=0.47
2026-06-02 19:18:21,749 - Step 03406: 8.0150 E_h, exp. variance=192.8434 E_h^2, pmove=0.47
2026-06-02 19:18:22,412 - Step 03407: 7.6508 E_h, exp. variance=175.9494 E_h^2, pmove=0.47
2026-06-02 19:18:23,074 - Step 03408: 7.5823 E_h, exp. variance=160.3481 E_h^2, pmove=0.47
2026-06-02 19:18:23,738 - Step 03409: 7.5438 E_h, exp. variance=145.9577 E_h^2, pmove=0.48
2026-06-02 19:18:24,402 - Step 03410: 7.6191 E_h, exp. variance=132.6423 E_h^2, pmove=0.48
2026-06-02 19:18:25,064 - Step 03411: 7.5937 E_h, exp. variance=120.4307 E_h^2, pmove=0.48
2026-06-02 19:18:25,725 - Step 03412: 7.5187 E_h, exp. variance=109.2824 E_h^2, pmove=0.48
2026-06-02 19:18:26,386 - Step 03413: 7.5581 E_h, exp. variance=99.0589 E_h^2, pmove=0.48
2026-06-02 19:18:27,048 - Step 03414: 7.4989 E_h, exp. variance=89.7509 E_h^2, pmove=0.48
2026-06-02 19:18:27,713 - Step 03415: 8.4118 E_h, exp. variance=80.9540 E_h^2, pmove=0.48
2026-06-02 19:18:28,376 - Step 03416: 7.5476 E_h, exp. variance=73.2671 E_h^2, pmove=0.48
2026-06-02 19:18:29,038 - Step 03417: 7.5670 E_h, exp. variance=66.2647 E_h^2, pmove=0.48
2026-06-02 19:18:29,702 - Step 03418: 7.5115 E_h, exp. variance=59.9182 E_h^2, pmove=0.48
2026-06-02 19:18:30,367 - Step 03419: 7.5005 E_h, exp. variance=54.1563 E_h^2, pmove=0.48
2026-06-02 19:18:31,029 - Step 03420: 7.4763 E_h, exp. variance=48.9332 E_h^2, pmove=0.48
2026-06-02 19:18:31,692 - Step 03421: 7.4657 E_h, exp. variance=44.1984 E_h^2, pmove=0.48
2026-06-02 19:18:32,355 - Step 03422: 8.0812 E_h, exp. variance=39.8087 E_h^2, pmove=0.48
2026-06-02 19:18:33,019 - Step 03423: 7.5537 E_h, exp. variance=35.9268 E_h^2, pmove=0.49
2026-06-02 19:18:33,685 - Step 03424: 10.1702 E_h, exp. variance=32.5860 E_h^2, pmove=0.48
2026-06-02 19:18:34,347 - Step 03425: 7.9912 E_h, exp. variance=29.3682 E_h^2, pmove=0.48
2026-06-02 19:18:35,010 - Step 03426: 10.7824 E_h, exp. variance=26.8611 E_h^2, pmove=0.48
2026-06-02 19:18:35,673 - Step 03427: 7.5142 E_h, exp. variance=24.3274 E_h^2, pmove=0.48
2026-06-02 19:18:36,338 - Step 03428: 7.5372 E_h, exp. variance=22.0134 E_h^2, pmove=0.48
2026-06-02 19:18:37,003 - Step 03429: 16.5254 E_h, exp. variance=25.5070 E_h^2, pmove=0.48
2026-06-02 19:18:37,665 - Step 03430: 9.7897 E_h, exp. variance=22.9724 E_h^2, pmove=0.48
2026-06-02 19:18:38,326 - Step 03431: 7.5537 E_h, exp. variance=20.9848 E_h^2, pmove=0.48
2026-06-02 19:18:38,989 - Step 03432: 7.4836 E_h, exp. variance=19.1587 E_h^2, pmove=0.48
2026-06-02 19:18:39,650 - Step 03433: 7.4598 E_h, exp. variance=17.4701 E_h^2, pmove=0.48
2026-06-02 19:18:40,310 - Step 03434: 8.1325 E_h, exp. variance=15.7748 E_h^2, pmove=0.48
2026-06-02 19:18:40,971 - Step 03435: 7.5937 E_h, exp. variance=14.3314 E_h^2, pmove=0.48
2026-06-02 19:18:41,634 - Step 03436: 7.5491 E_h, exp. variance=13.0159 E_h^2, pmove=0.48
2026-06-02 19:18:42,294 - Step 03437: 7.5554 E_h, exp. variance=11.8084 E_h^2, pmove=0.48
2026-06-02 19:18:42,954 - Step 03438: 7.5541 E_h, exp. variance=10.7041 E_h^2, pmove=0.48
2026-06-02 19:18:43,615 - Step 03439: 7.5859 E_h, exp. variance=9.6909 E_h^2, pmove=0.48
2026-06-02 19:18:44,277 - Step 03440: 7.5428 E_h, exp. variance=8.7740 E_h^2, pmove=0.48
2026-06-02 19:18:44,942 - Step 03441: 7.5655 E_h, exp. variance=7.9360 E_h^2, pmove=0.48
2026-06-02 19:18:45,605 - Step 03442: 7.5341 E_h, exp. variance=7.1779 E_h^2, pmove=0.48
2026-06-02 19:18:46,266 - Step 03443: 7.6780 E_h, exp. variance=6.4760 E_h^2, pmove=0.48
2026-06-02 19:18:46,928 - Step 03444: 7.4754 E_h, exp. variance=5.8588 E_h^2, pmove=0.48
2026-06-02 19:18:47,592 - Step 03445: 7.5057 E_h, exp. variance=5.2948 E_h^2, pmove=0.49
2026-06-02 19:18:48,255 - Step 03446: 7.5115 E_h, exp. variance=4.7826 E_h^2, pmove=0.49
2026-06-02 19:18:48,917 - Step 03447: 7.4814 E_h, exp. variance=4.3205 E_h^2, pmove=0.48
2026-06-02 19:18:49,579 - Step 03448: 7.9330 E_h, exp. variance=3.8889 E_h^2, pmove=0.48
2026-06-02 19:18:50,244 - Step 03449: 7.7078 E_h, exp. variance=3.5024 E_h^2, pmove=0.48
2026-06-02 19:18:50,906 - Step 03450: 7.5248 E_h, exp. variance=3.1619 E_h^2, pmove=0.48
2026-06-02 19:18:51,568 - Step 03451: 8.0612 E_h, exp. variance=2.8509 E_h^2, pmove=0.48
2026-06-02 19:18:52,230 - Step 03452: 7.5617 E_h, exp. variance=2.5730 E_h^2, pmove=0.48
2026-06-02 19:18:52,895 - Step 03453: 7.6652 E_h, exp. variance=2.3178 E_h^2, pmove=0.49
2026-06-02 19:18:53,559 - Step 03454: 7.5960 E_h, exp. variance=2.0898 E_h^2, pmove=0.49
2026-06-02 19:18:54,221 - Step 03455: 7.9744 E_h, exp. variance=1.8842 E_h^2, pmove=0.48
2026-06-02 19:18:54,881 - Step 03456: 7.4472 E_h, exp. variance=1.7070 E_h^2, pmove=0.49
2026-06-02 19:18:55,542 - Step 03457: 7.4982 E_h, exp. variance=1.5427 E_h^2, pmove=0.48
2026-06-02 19:18:56,206 - Step 03458: 7.4894 E_h, exp. variance=1.3940 E_h^2, pmove=0.48
2026-06-02 19:18:56,867 - Step 03459: 7.4492 E_h, exp. variance=1.2609 E_h^2, pmove=0.48
2026-06-02 19:18:57,528 - Step 03460: 7.7154 E_h, exp. variance=1.1349 E_h^2, pmove=0.48
2026-06-02 19:18:58,188 - Step 03461: 7.5079 E_h, exp. variance=1.0244 E_h^2, pmove=0.49
2026-06-02 19:18:58,851 - Step 03462: 7.6438 E_h, exp. variance=0.9220 E_h^2, pmove=0.49
2026-06-02 19:18:59,511 - Step 03463: 7.6255 E_h, exp. variance=0.8300 E_h^2, pmove=0.49
2026-06-02 19:19:00,174 - Step 03464: 7.5973 E_h, exp. variance=0.7474 E_h^2, pmove=0.48
2026-06-02 19:19:00,835 - Step 03465: 7.5395 E_h, exp. variance=0.6739 E_h^2, pmove=0.49
2026-06-02 19:19:01,498 - Step 03466: 7.4598 E_h, exp. variance=0.6096 E_h^2, pmove=0.48
2026-06-02 19:19:02,158 - Step 03467: 7.4704 E_h, exp. variance=0.5509 E_h^2, pmove=0.48
2026-06-02 19:19:02,819 - Step 03468: 7.4526 E_h, exp. variance=0.4981 E_h^2, pmove=0.48
2026-06-02 19:19:03,480 - Step 03469: 7.4691 E_h, exp. variance=0.4497 E_h^2, pmove=0.48
2026-06-02 19:19:04,141 - Step 03470: 7.6165 E_h, exp. variance=0.4048 E_h^2, pmove=0.49
2026-06-02 19:19:04,805 - Step 03471: 7.6442 E_h, exp. variance=0.3647 E_h^2, pmove=0.49
2026-06-02 19:19:05,466 - Step 03472: 7.5477 E_h, exp. variance=0.3284 E_h^2, pmove=0.49
2026-06-02 19:19:06,126 - Step 03473: 7.5157 E_h, exp. variance=0.2960 E_h^2, pmove=0.48
2026-06-02 19:19:06,786 - Step 03474: 7.4988 E_h, exp. variance=0.2670 E_h^2, pmove=0.48
2026-06-02 19:19:07,450 - Step 03475: 7.6238 E_h, exp. variance=0.2405 E_h^2, pmove=0.48
2026-06-02 19:19:08,110 - Step 03476: 7.7216 E_h, exp. variance=0.2184 E_h^2, pmove=0.48
2026-06-02 19:19:08,772 - Step 03477: 7.6067 E_h, exp. variance=0.1965 E_h^2, pmove=0.48
2026-06-02 19:19:09,433 - Step 03478: 8.3282 E_h, exp. variance=0.2255 E_h^2, pmove=0.48
2026-06-02 19:19:10,096 - Step 03479: 8.8564 E_h, exp. variance=0.3303 E_h^2, pmove=0.49
2026-06-02 19:19:10,757 - Step 03480: 7.6187 E_h, exp. variance=0.2998 E_h^2, pmove=0.48
2026-06-02 19:19:11,418 - Step 03481: 7.6187 E_h, exp. variance=0.2718 E_h^2, pmove=0.48
2026-06-02 19:19:12,079 - Step 03482: 7.4831 E_h, exp. variance=0.2512 E_h^2, pmove=0.49
2026-06-02 19:19:12,739 - Step 03483: 7.4663 E_h, exp. variance=0.2322 E_h^2, pmove=0.49
2026-06-02 19:19:13,400 - Step 03484: 7.4800 E_h, exp. variance=0.2134 E_h^2, pmove=0.48
2026-06-02 19:19:14,061 - Step 03485: 7.5402 E_h, exp. variance=0.1938 E_h^2, pmove=0.48
2026-06-02 19:19:14,722 - Step 03486: 7.4756 E_h, exp. variance=0.1776 E_h^2, pmove=0.48
2026-06-02 19:19:15,382 - Step 03487: 7.5171 E_h, exp. variance=0.1614 E_h^2, pmove=0.48
2026-06-02 19:19:16,043 - Step 03488: 7.9660 E_h, exp. variance=0.1552 E_h^2, pmove=0.48
2026-06-02 19:19:16,704 - Step 03489: 7.5415 E_h, exp. variance=0.1411 E_h^2, pmove=0.48
2026-06-02 19:19:17,365 - Step 03490: 7.7704 E_h, exp. variance=0.1282 E_h^2, pmove=0.48
2026-06-02 19:19:18,026 - Step 03491: 7.4885 E_h, exp. variance=0.1182 E_h^2, pmove=0.48
2026-06-02 19:19:18,687 - Step 03492: 7.8752 E_h, exp. variance=0.1110 E_h^2, pmove=0.48
2026-06-02 19:19:19,348 - Step 03493: 7.3844 E_h, exp. variance=0.1073 E_h^2, pmove=0.48
2026-06-02 19:19:20,008 - Step 03494: 7.4584 E_h, exp. variance=0.0996 E_h^2, pmove=0.49
2026-06-02 19:19:20,680 - Step 03495: 7.6659 E_h, exp. variance=0.0898 E_h^2, pmove=0.49
2026-06-02 19:19:21,341 - Step 03496: 35.1205 E_h, exp. variance=68.1069 E_h^2, pmove=0.49
2026-06-02 19:19:22,003 - Step 03497: 7.5921 E_h, exp. variance=61.9943 E_h^2, pmove=0.48
2026-06-02 19:19:22,665 - Step 03498: 7.5068 E_h, exp. variance=56.3994 E_h^2, pmove=0.49
2026-06-02 19:19:23,325 - Step 03499: 7.5054 E_h, exp. variance=51.2497 E_h^2, pmove=0.48
2026-06-02 19:19:23,985 - Step 03500: 7.5025 E_h, exp. variance=46.5230 E_h^2, pmove=0.48
2026-06-02 19:19:24,649 - Step 03501: 7.5801 E_h, exp. variance=42.1674 E_h^2, pmove=0.48
2026-06-02 19:19:25,310 - Step 03502: 9.1123 E_h, exp. variance=37.9516 E_h^2, pmove=0.48
2026-06-02 19:19:25,973 - Step 03503: 7.6179 E_h, exp. variance=34.3828 E_h^2, pmove=0.48
2026-06-02 19:19:26,634 - Step 03504: 7.5964 E_h, exp. variance=31.1335 E_h^2, pmove=0.49
2026-06-02 19:19:27,295 - Step 03505: 7.4468 E_h, exp. variance=28.2103 E_h^2, pmove=0.49
2026-06-02 19:19:27,956 - Step 03506: 7.6562 E_h, exp. variance=25.4979 E_h^2, pmove=0.48
2026-06-02 19:19:28,617 - Step 03507: 7.4105 E_h, exp. variance=23.0853 E_h^2, pmove=0.48
2026-06-02 19:19:29,278 - Step 03508: 7.4268 E_h, exp. variance=20.8847 E_h^2, pmove=0.49
2026-06-02 19:19:29,940 - Step 03509: 7.4345 E_h, exp. variance=18.8823 E_h^2, pmove=0.48
2026-06-02 19:19:30,603 - Step 03510: 7.4705 E_h, exp. variance=17.0582 E_h^2, pmove=0.49
2026-06-02 19:19:31,265 - Step 03511: 7.5271 E_h, exp. variance=15.3968 E_h^2, pmove=0.48
2026-06-02 19:19:31,926 - Step 03512: 7.4228 E_h, exp. variance=13.9060 E_h^2, pmove=0.49
2026-06-02 19:19:32,587 - Step 03513: 7.4111 E_h, exp. variance=12.5564 E_h^2, pmove=0.48
2026-06-02 19:19:33,249 - Step 03514: 7.4172 E_h, exp. variance=11.3333 E_h^2, pmove=0.49
2026-06-02 19:19:33,910 - Step 03515: 7.6636 E_h, exp. variance=10.2078 E_h^2, pmove=0.49
2026-06-02 19:19:34,571 - Step 03516: 7.6176 E_h, exp. variance=9.1958 E_h^2, pmove=0.49
2026-06-02 19:19:35,233 - Step 03517: 12.4750 E_h, exp. variance=10.1617 E_h^2, pmove=0.49
2026-06-02 19:19:35,896 - Step 03518: 7.4905 E_h, exp. variance=9.2129 E_h^2, pmove=0.49
2026-06-02 19:19:36,557 - Step 03519: 7.6074 E_h, exp. variance=8.3310 E_h^2, pmove=0.48
2026-06-02 19:19:37,218 - Step 03520: 7.8820 E_h, exp. variance=7.5072 E_h^2, pmove=0.48
2026-06-02 19:19:37,878 - Step 03521: 10.0199 E_h, exp. variance=7.0642 E_h^2, pmove=0.48
2026-06-02 19:19:38,542 - Step 03522: 7.7987 E_h, exp. variance=6.3857 E_h^2, pmove=0.48
2026-06-02 19:19:39,205 - Step 03523: 7.5068 E_h, exp. variance=5.8037 E_h^2, pmove=0.48
2026-06-02 19:19:39,866 - Step 03524: 7.4609 E_h, exp. variance=5.2753 E_h^2, pmove=0.48
2026-06-02 19:19:40,527 - Step 03525: 7.6245 E_h, exp. variance=4.7721 E_h^2, pmove=0.48
2026-06-02 19:19:41,190 - Step 03526: 7.6419 E_h, exp. variance=4.3132 E_h^2, pmove=0.48
2026-06-02 19:19:41,854 - Step 03527: 7.5626 E_h, exp. variance=3.9031 E_h^2, pmove=0.48
2026-06-02 19:19:42,516 - Step 03528: 7.7664 E_h, exp. variance=3.5176 E_h^2, pmove=0.48
2026-06-02 19:19:43,177 - Step 03529: 7.4730 E_h, exp. variance=3.1886 E_h^2, pmove=0.48
2026-06-02 19:19:43,837 - Step 03530: 7.4935 E_h, exp. variance=2.8866 E_h^2, pmove=0.48
2026-06-02 19:19:44,502 - Step 03531: 7.5189 E_h, exp. variance=2.6098 E_h^2, pmove=0.49
2026-06-02 19:19:45,163 - Step 03532: 7.7372 E_h, exp. variance=2.3499 E_h^2, pmove=0.48
2026-06-02 19:19:45,824 - Step 03533: 7.7645 E_h, exp. variance=2.1153 E_h^2, pmove=0.48
2026-06-02 19:19:46,487 - Step 03534: 7.4562 E_h, exp. variance=1.9163 E_h^2, pmove=0.48
2026-06-02 19:19:47,151 - Step 03535: 7.4656 E_h, exp. variance=1.7341 E_h^2, pmove=0.48
2026-06-02 19:19:47,815 - Step 03536: 7.5331 E_h, exp. variance=1.5653 E_h^2, pmove=0.48
2026-06-02 19:19:48,476 - Step 03537: 7.5462 E_h, exp. variance=1.4120 E_h^2, pmove=0.48
2026-06-02 19:19:49,137 - Step 03538: 7.7767 E_h, exp. variance=1.2711 E_h^2, pmove=0.49
2026-06-02 19:19:49,803 - Step 03539: 7.5039 E_h, exp. variance=1.1483 E_h^2, pmove=0.48
2026-06-02 19:19:50,465 - Step 03540: 7.5434 E_h, exp. variance=1.0357 E_h^2, pmove=0.48
2026-06-02 19:19:51,126 - Step 03541: 7.5599 E_h, exp. variance=0.9336 E_h^2, pmove=0.48
2026-06-02 19:19:51,787 - Step 03542: 7.4895 E_h, exp. variance=0.8432 E_h^2, pmove=0.48
2026-06-02 19:19:52,448 - Step 03543: 7.4348 E_h, exp. variance=0.7632 E_h^2, pmove=0.48
2026-06-02 19:19:53,112 - Step 03544: 7.4504 E_h, exp. variance=0.6899 E_h^2, pmove=0.49
2026-06-02 19:19:53,773 - Step 03545: 7.4636 E_h, exp. variance=0.6230 E_h^2, pmove=0.48
2026-06-02 19:19:54,435 - Step 03546: 7.4229 E_h, exp. variance=0.5635 E_h^2, pmove=0.48
2026-06-02 19:19:55,095 - Step 03547: 7.3948 E_h, exp. variance=0.5102 E_h^2, pmove=0.48
2026-06-02 19:19:55,759 - Step 03548: 7.4242 E_h, exp. variance=0.4610 E_h^2, pmove=0.48
2026-06-02 19:19:56,422 - Step 03549: 7.4057 E_h, exp. variance=0.4167 E_h^2, pmove=0.49
2026-06-02 19:19:57,084 - Step 03550: 7.4159 E_h, exp. variance=0.3763 E_h^2, pmove=0.48
2026-06-02 19:19:57,745 - Step 03551: 7.4912 E_h, exp. variance=0.3388 E_h^2, pmove=0.48
2026-06-02 19:19:58,409 - Step 03552: 7.4572 E_h, exp. variance=0.3052 E_h^2, pmove=0.49
2026-06-02 19:19:59,070 - Step 03553: 7.3667 E_h, exp. variance=0.2766 E_h^2, pmove=0.48
2026-06-02 19:19:59,731 - Step 03554: 7.4050 E_h, exp. variance=0.2498 E_h^2, pmove=0.49
2026-06-02 19:20:00,393 - Step 03555: 7.5113 E_h, exp. variance=0.2248 E_h^2, pmove=0.48
2026-06-02 19:20:01,055 - Step 03556: 7.4016 E_h, exp. variance=0.2031 E_h^2, pmove=0.49
2026-06-02 19:20:01,717 - Step 03557: 7.4678 E_h, exp. variance=0.1828 E_h^2, pmove=0.49
2026-06-02 19:20:02,377 - Step 03558: 7.4733 E_h, exp. variance=0.1645 E_h^2, pmove=0.48
2026-06-02 19:20:03,037 - Step 03559: 7.8356 E_h, exp. variance=0.1594 E_h^2, pmove=0.48
2026-06-02 19:20:03,698 - Step 03560: 7.4843 E_h, exp. variance=0.1436 E_h^2, pmove=0.48
2026-06-02 19:20:04,361 - Step 03561: 7.4505 E_h, exp. variance=0.1296 E_h^2, pmove=0.48
2026-06-02 19:20:05,021 - Step 03562: 7.4278 E_h, exp. variance=0.1172 E_h^2, pmove=0.48
2026-06-02 19:20:05,682 - Step 03563: 7.5044 E_h, exp. variance=0.1055 E_h^2, pmove=0.48
2026-06-02 19:20:06,342 - Step 03564: 7.6319 E_h, exp. variance=0.0965 E_h^2, pmove=0.48
2026-06-02 19:20:07,006 - Step 03565: 7.7812 E_h, exp. variance=0.0933 E_h^2, pmove=0.49
2026-06-02 19:20:07,666 - Step 03566: 7.4823 E_h, exp. variance=0.0843 E_h^2, pmove=0.48
2026-06-02 19:20:08,327 - Step 03567: 7.6959 E_h, exp. variance=0.0782 E_h^2, pmove=0.48
2026-06-02 19:20:08,988 - Step 03568: 41.3584 E_h, exp. variance=102.9421 E_h^2, pmove=0.48
2026-06-02 19:20:09,652 - Step 03569: 7.4931 E_h, exp. variance=93.7114 E_h^2, pmove=0.48
2026-06-02 19:20:10,311 - Step 03570: 7.5777 E_h, exp. variance=85.1553 E_h^2, pmove=0.48
2026-06-02 19:20:10,972 - Step 03571: 7.5446 E_h, exp. variance=77.3161 E_h^2, pmove=0.48
2026-06-02 19:20:11,633 - Step 03572: 7.4889 E_h, exp. variance=70.1574 E_h^2, pmove=0.48
2026-06-02 19:20:12,295 - Step 03573: 7.6382 E_h, exp. variance=63.5466 E_h^2, pmove=0.49
2026-06-02 19:20:12,958 - Step 03574: 7.6153 E_h, exp. variance=57.5279 E_h^2, pmove=0.48
2026-06-02 19:20:13,619 - Step 03575: 7.4804 E_h, exp. variance=52.0912 E_h^2, pmove=0.48
2026-06-02 19:20:14,280 - Step 03576: 7.7722 E_h, exp. variance=47.0571 E_h^2, pmove=0.48
2026-06-02 19:20:14,941 - Step 03577: 7.4979 E_h, exp. variance=42.5619 E_h^2, pmove=0.48
2026-06-02 19:20:15,605 - Step 03578: 7.5177 E_h, exp. variance=38.4714 E_h^2, pmove=0.48
2026-06-02 19:20:16,266 - Step 03579: 7.6209 E_h, exp. variance=34.7367 E_h^2, pmove=0.48
2026-06-02 19:20:16,926 - Step 03580: 7.4818 E_h, exp. variance=31.3811 E_h^2, pmove=0.47
2026-06-02 19:20:17,586 - Step 03581: 7.4166 E_h, exp. variance=28.3511 E_h^2, pmove=0.48
2026-06-02 19:20:18,251 - Step 03582: 7.4934 E_h, exp. variance=25.5904 E_h^2, pmove=0.49
2026-06-02 19:20:18,916 - Step 03583: 7.4721 E_h, exp. variance=23.0948 E_h^2, pmove=0.48
2026-06-02 19:20:19,577 - Step 03584: 9.3301 E_h, exp. variance=20.8947 E_h^2, pmove=0.48
2026-06-02 19:20:20,238 - Step 03585: 7.7777 E_h, exp. variance=18.8335 E_h^2, pmove=0.48
2026-06-02 19:20:20,900 - Step 03586: 7.4538 E_h, exp. variance=17.0119 E_h^2, pmove=0.48
2026-06-02 19:20:21,563 - Step 03587: 7.6383 E_h, exp. variance=15.3390 E_h^2, pmove=0.48
2026-06-02 19:20:22,225 - Step 03588: 7.4894 E_h, exp. variance=13.8436 E_h^2, pmove=0.48
2026-06-02 19:20:22,887 - Step 03589: 7.5456 E_h, exp. variance=12.4847 E_h^2, pmove=0.49
2026-06-02 19:20:23,547 - Step 03590: 8.6723 E_h, exp. variance=11.2740 E_h^2, pmove=0.48
2026-06-02 19:20:24,210 - Step 03591: 7.8774 E_h, exp. variance=10.1506 E_h^2, pmove=0.49
2026-06-02 19:20:24,871 - Step 03592: 8.0804 E_h, exp. variance=9.1356 E_h^2, pmove=0.48
2026-06-02 19:20:25,532 - Step 03593: 7.4394 E_h, exp. variance=8.2578 E_h^2, pmove=0.48
2026-06-02 19:20:26,195 - Step 03594: 7.5658 E_h, exp. variance=7.4494 E_h^2, pmove=0.48
2026-06-02 19:20:26,855 - Step 03595: 7.4515 E_h, exp. variance=6.7280 E_h^2, pmove=0.48
2026-06-02 19:20:27,516 - Step 03596: 7.4634 E_h, exp. variance=6.0732 E_h^2, pmove=0.48
2026-06-02 19:20:28,177 - Step 03597: 7.4932 E_h, exp. variance=5.4785 E_h^2, pmove=0.48
2026-06-02 19:20:28,838 - Step 03598: 7.5265 E_h, exp. variance=4.9389 E_h^2, pmove=0.48
2026-06-02 19:20:29,501 - Step 03599: 7.4765 E_h, exp. variance=4.4543 E_h^2, pmove=0.48
2026-06-02 19:20:30,163 - Step 03600: 7.5007 E_h, exp. variance=4.0153 E_h^2, pmove=0.48
2026-06-02 19:20:30,825 - Step 03601: 7.4207 E_h, exp. variance=3.6229 E_h^2, pmove=0.48
2026-06-02 19:20:31,486 - Step 03602: 7.5186 E_h, exp. variance=3.2638 E_h^2, pmove=0.48
2026-06-02 19:20:32,158 - Step 03603: 7.5156 E_h, exp. variance=2.9402 E_h^2, pmove=0.49
2026-06-02 19:20:32,821 - Step 03604: 7.7200 E_h, exp. variance=2.6464 E_h^2, pmove=0.49
2026-06-02 19:20:33,482 - Step 03605: 11.3427 E_h, exp. variance=3.5914 E_h^2, pmove=0.49
2026-06-02 19:20:34,144 - Step 03606: 40.9901 E_h, exp. variance=100.9267 E_h^2, pmove=0.48
2026-06-02 19:20:34,806 - Step 03607: 7.5086 E_h, exp. variance=92.1538 E_h^2, pmove=0.48
2026-06-02 19:20:35,469 - Step 03608: 7.4597 E_h, exp. variance=84.0379 E_h^2, pmove=0.48
2026-06-02 19:20:36,131 - Step 03609: 7.4802 E_h, exp. variance=76.5132 E_h^2, pmove=0.48
2026-06-02 19:20:36,793 - Step 03610: 7.4802 E_h, exp. variance=69.5739 E_h^2, pmove=0.48
2026-06-02 19:20:37,455 - Step 03611: 7.4919 E_h, exp. variance=63.1879 E_h^2, pmove=0.48
2026-06-02 19:20:38,117 - Step 03612: 7.5489 E_h, exp. variance=57.3090 E_h^2, pmove=0.49
2026-06-02 19:20:38,778 - Step 03613: 9.1239 E_h, exp. variance=51.5936 E_h^2, pmove=0.48
2026-06-02 19:20:39,438 - Step 03614: 7.4634 E_h, exp. variance=46.8065 E_h^2, pmove=0.48
2026-06-02 19:20:40,099 - Step 03615: 7.7608 E_h, exp. variance=42.3373 E_h^2, pmove=0.48
2026-06-02 19:20:40,760 - Step 03616: 8.2180 E_h, exp. variance=38.1802 E_h^2, pmove=0.48
2026-06-02 19:20:41,423 - Step 03617: 7.4294 E_h, exp. variance=34.5980 E_h^2, pmove=0.48
2026-06-02 19:20:42,085 - Step 03618: 7.4456 E_h, exp. variance=31.3250 E_h^2, pmove=0.48
2026-06-02 19:20:42,746 - Step 03619: 7.4149 E_h, exp. variance=28.3511 E_h^2, pmove=0.49
2026-06-02 19:20:43,407 - Step 03620: 7.4292 E_h, exp. variance=25.6414 E_h^2, pmove=0.48
2026-06-02 19:20:44,069 - Step 03621: 7.4649 E_h, exp. variance=23.1721 E_h^2, pmove=0.48
2026-06-02 19:20:44,730 - Step 03622: 7.3970 E_h, exp. variance=20.9434 E_h^2, pmove=0.48
2026-06-02 19:20:45,392 - Step 03623: 7.5648 E_h, exp. variance=18.8964 E_h^2, pmove=0.48
2026-06-02 19:20:46,053 - Step 03624: 7.6382 E_h, exp. variance=17.0369 E_h^2, pmove=0.49
2026-06-02 19:20:46,715 - Step 03625: 7.4388 E_h, exp. variance=15.3799 E_h^2, pmove=0.48
2026-06-02 19:20:47,375 - Step 03626: 7.4852 E_h, exp. variance=13.8745 E_h^2, pmove=0.49
2026-06-02 19:20:48,036 - Step 03627: 7.4064 E_h, exp. variance=12.5218 E_h^2, pmove=0.48
2026-06-02 19:20:48,698 - Step 03628: 7.6972 E_h, exp. variance=11.2760 E_h^2, pmove=0.49
2026-06-02 19:20:49,360 - Step 03629: 7.4644 E_h, exp. variance=10.1686 E_h^2, pmove=0.49
2026-06-02 19:20:50,023 - Step 03630: 7.4586 E_h, exp. variance=9.1686 E_h^2, pmove=0.48
2026-06-02 19:20:50,685 - Step 03631: 7.4607 E_h, exp. variance=8.2652 E_h^2, pmove=0.49
2026-06-02 19:20:51,346 - Step 03632: 7.5161 E_h, exp. variance=7.4464 E_h^2, pmove=0.48
2026-06-02 19:20:52,008 - Step 03633: 7.4246 E_h, exp. variance=6.7131 E_h^2, pmove=0.48
2026-06-02 19:20:52,671 - Step 03634: 7.4122 E_h, exp. variance=6.0517 E_h^2, pmove=0.49
2026-06-02 19:20:53,334 - Step 03635: 10.3864 E_h, exp. variance=6.0908 E_h^2, pmove=0.49
2026-06-02 19:20:53,995 - Step 03636: 23.2367 E_h, exp. variance=26.4349 E_h^2, pmove=0.49
2026-06-02 19:20:54,656 - Step 03637: 8.7384 E_h, exp. variance=23.8442 E_h^2, pmove=0.48
2026-06-02 19:20:55,320 - Step 03638: 7.6577 E_h, exp. variance=21.7418 E_h^2, pmove=0.48
2026-06-02 19:20:55,982 - Step 03639: 61.6307 E_h, exp. variance=266.4977 E_h^2, pmove=0.49
2026-06-02 19:20:56,643 - Step 03640: 9.6229 E_h, exp. variance=241.9788 E_h^2, pmove=0.48
2026-06-02 19:20:57,304 - Step 03641: 7.4886 E_h, exp. variance=221.5993 E_h^2, pmove=0.48
2026-06-02 19:20:57,969 - Step 03642: 8.0584 E_h, exp. variance=201.9602 E_h^2, pmove=0.48
2026-06-02 19:20:58,635 - Step 03643: 7.6797 E_h, exp. variance=184.1436 E_h^2, pmove=0.48
2026-06-02 19:20:59,295 - Step 03644: 8.4737 E_h, exp. variance=167.0520 E_h^2, pmove=0.48
2026-06-02 19:20:59,956 - Step 03645: 7.5710 E_h, exp. variance=152.0522 E_h^2, pmove=0.48
2026-06-02 19:21:00,619 - Step 03646: 7.4300 E_h, exp. variance=138.3295 E_h^2, pmove=0.48
2026-06-02 19:21:01,283 - Step 03647: 7.6291 E_h, exp. variance=125.5701 E_h^2, pmove=0.48
2026-06-02 19:21:01,944 - Step 03648: 47.7846 E_h, exp. variance=236.5373 E_h^2, pmove=0.48
2026-06-02 19:21:02,605 - Step 03649: 8.5861 E_h, exp. variance=215.9699 E_h^2, pmove=0.48
2026-06-02 19:21:03,266 - Step 03650: 7.4277 E_h, exp. variance=198.0927 E_h^2, pmove=0.47
2026-06-02 19:21:03,930 - Step 03651: 7.4664 E_h, exp. variance=181.2562 E_h^2, pmove=0.48
2026-06-02 19:21:04,591 - Step 03652: 7.4726 E_h, exp. variance=165.5327 E_h^2, pmove=0.48
2026-06-02 19:21:05,253 - Step 03653: 8.0410 E_h, exp. variance=150.4786 E_h^2, pmove=0.48
2026-06-02 19:21:05,914 - Step 03654: 7.4989 E_h, exp. variance=137.0299 E_h^2, pmove=0.48
2026-06-02 19:21:06,584 - Step 03655: 7.4752 E_h, exp. variance=124.6385 E_h^2, pmove=0.48
2026-06-02 19:21:07,246 - Step 03656: 7.5653 E_h, exp. variance=113.1820 E_h^2, pmove=0.48
2026-06-02 19:21:07,907 - Step 03657: 7.4437 E_h, exp. variance=102.7470 E_h^2, pmove=0.48
2026-06-02 19:21:08,568 - Step 03658: 7.4083 E_h, exp. variance=93.2058 E_h^2, pmove=0.48
2026-06-02 19:21:09,231 - Step 03659: 7.6948 E_h, exp. variance=84.3542 E_h^2, pmove=0.48
2026-06-02 19:21:09,893 - Step 03660: 7.3737 E_h, exp. variance=76.4267 E_h^2, pmove=0.48
2026-06-02 19:21:10,555 - Step 03661: 8.1262 E_h, exp. variance=68.9568 E_h^2, pmove=0.48
2026-06-02 19:21:11,216 - Step 03662: 7.5333 E_h, exp. variance=62.3658 E_h^2, pmove=0.49
2026-06-02 19:21:11,876 - Step 03663: 7.4060 E_h, exp. variance=56.4154 E_h^2, pmove=0.48
2026-06-02 19:21:12,540 - Step 03664: 7.5575 E_h, exp. variance=50.9640 E_h^2, pmove=0.48
2026-06-02 19:21:13,202 - Step 03665: 7.9385 E_h, exp. variance=45.9449 E_h^2, pmove=0.48
2026-06-02 19:21:13,864 - Step 03666: 7.4995 E_h, exp. variance=41.4963 E_h^2, pmove=0.48
2026-06-02 19:21:14,525 - Step 03667: 7.5277 E_h, exp. variance=37.4592 E_h^2, pmove=0.48
2026-06-02 19:21:15,189 - Step 03668: 7.6164 E_h, exp. variance=33.7890 E_h^2, pmove=0.48
2026-06-02 19:21:15,850 - Step 03669: 7.4148 E_h, exp. variance=30.5051 E_h^2, pmove=0.48
2026-06-02 19:21:16,511 - Step 03670: 7.4913 E_h, exp. variance=27.5193 E_h^2, pmove=0.49
2026-06-02 19:21:17,173 - Step 03671: 7.4383 E_h, exp. variance=24.8273 E_h^2, pmove=0.48
2026-06-02 19:21:17,838 - Step 03672: 7.4799 E_h, exp. variance=22.3878 E_h^2, pmove=0.49
2026-06-02 19:21:18,499 - Step 03673: 7.4159 E_h, exp. variance=20.1916 E_h^2, pmove=0.48
2026-06-02 19:21:19,160 - Step 03674: 7.4127 E_h, exp. variance=18.2072 E_h^2, pmove=0.48
2026-06-02 19:21:19,822 - Step 03675: 7.3353 E_h, exp. variance=16.4231 E_h^2, pmove=0.49
2026-06-02 19:21:20,483 - Step 03676: 7.3149 E_h, exp. variance=14.8125 E_h^2, pmove=0.49
2026-06-02 19:21:21,146 - Step 03677: 7.3537 E_h, exp. variance=13.3534 E_h^2, pmove=0.48
2026-06-02 19:21:21,806 - Step 03678: 7.3930 E_h, exp. variance=12.0329 E_h^2, pmove=0.48
2026-06-02 19:21:22,466 - Step 03679: 7.4051 E_h, exp. variance=10.8409 E_h^2, pmove=0.48
2026-06-02 19:21:23,126 - Step 03680: 7.4195 E_h, exp. variance=9.7652 E_h^2, pmove=0.48
2026-06-02 19:21:23,789 - Step 03681: 7.3719 E_h, exp. variance=8.7980 E_h^2, pmove=0.48
2026-06-02 19:21:24,449 - Step 03682: 8.1640 E_h, exp. variance=7.9409 E_h^2, pmove=0.49
2026-06-02 19:21:25,111 - Step 03683: 7.8143 E_h, exp. variance=7.1478 E_h^2, pmove=0.49
2026-06-02 19:21:25,772 - Step 03684: 7.5949 E_h, exp. variance=6.4344 E_h^2, pmove=0.49
2026-06-02 19:21:26,436 - Step 03685: 7.4042 E_h, exp. variance=5.7994 E_h^2, pmove=0.49
2026-06-02 19:21:27,096 - Step 03686: 7.3752 E_h, exp. variance=5.2277 E_h^2, pmove=0.48
2026-06-02 19:21:27,757 - Step 03687: 7.3461 E_h, exp. variance=4.7132 E_h^2, pmove=0.49
2026-06-02 19:21:28,419 - Step 03688: 7.4643 E_h, exp. variance=4.2440 E_h^2, pmove=0.48
2026-06-02 19:21:29,080 - Step 03689: 7.8331 E_h, exp. variance=3.8244 E_h^2, pmove=0.49
2026-06-02 19:21:29,744 - Step 03690: 7.6157 E_h, exp. variance=3.4419 E_h^2, pmove=0.48
2026-06-02 19:21:30,405 - Step 03691: 7.6214 E_h, exp. variance=3.0977 E_h^2, pmove=0.48
2026-06-02 19:21:30,406 - Saving checkpoint results/bilayer-bosons/BosonNet/N24_layers12_12_rs2.5_d2.5_D20.0_sq/qmcjax_ckpt_003691.npz
2026-06-02 19:21:31,133 - Step 03692: 7.6025 E_h, exp. variance=2.7880 E_h^2, pmove=0.48
2026-06-02 19:21:31,794 - Step 03693: 7.5674 E_h, exp. variance=2.5095 E_h^2, pmove=0.48
2026-06-02 19:21:32,457 - Step 03694: 1162.2019 E_h, exp. variance=119978.2969 E_h^2, pmove=0.48
2026-06-02 19:21:33,118 - Step 03695: 7.4195 E_h, exp. variance=109184.3281 E_h^2, pmove=0.48
2026-06-02 19:21:33,779 - Step 03696: 7.4379 E_h, exp. variance=99240.6797 E_h^2, pmove=0.49
2026-06-02 19:21:34,440 - Step 03697: 7.4181 E_h, exp. variance=90106.5234 E_h^2, pmove=0.49
2026-06-02 19:21:35,103 - Step 03698: 7.4421 E_h, exp. variance=81735.3359 E_h^2, pmove=0.49
2026-06-02 19:21:35,765 - Step 03699: 7.3957 E_h, exp. variance=74080.3984 E_h^2, pmove=0.48
2026-06-02 19:21:36,427 - Step 03700: 7.5411 E_h, exp. variance=67090.6328 E_h^2, pmove=0.49
2026-06-02 19:21:37,089 - Step 03701: 7.9899 E_h, exp. variance=60715.4336 E_h^2, pmove=0.48
2026-06-02 19:21:37,749 - Step 03702: 7.4862 E_h, exp. variance=54919.3125 E_h^2, pmove=0.48
2026-06-02 19:21:38,409 - Step 03703: 7.4432 E_h, exp. variance=49650.8594 E_h^2, pmove=0.48
2026-06-02 19:21:39,070 - Step 03704: 7.3994 E_h, exp. variance=44867.1445 E_h^2, pmove=0.48
2026-06-02 19:21:39,731 - Step 03705: 7.3671 E_h, exp. variance=40527.5742 E_h^2, pmove=0.48
2026-06-02 19:21:40,394 - Step 03706: 7.9710 E_h, exp. variance=36590.0820 E_h^2, pmove=0.48
2026-06-02 19:21:41,057 - Step 03707: 7.4930 E_h, exp. variance=33027.2305 E_h^2, pmove=0.48
2026-06-02 19:21:41,719 - Step 03708: 8.0823 E_h, exp. variance=29799.3047 E_h^2, pmove=0.48
2026-06-02 19:21:42,381 - Step 03709: 7.4683 E_h, exp. variance=26882.8613 E_h^2, pmove=0.48
2026-06-02 19:21:43,053 - Step 03710: 7.4087 E_h, exp. variance=24246.2559 E_h^2, pmove=0.48
2026-06-02 19:21:43,716 - Step 03711: 7.5030 E_h, exp. variance=21863.1270 E_h^2, pmove=0.49
2026-06-02 19:21:44,378 - Step 03712: 7.4010 E_h, exp. variance=19710.7812 E_h^2, pmove=0.48
2026-06-02 19:21:45,039 - Step 03713: 7.4216 E_h, exp. variance=17767.1523 E_h^2, pmove=0.49
2026-06-02 19:21:45,699 - Step 03714: 7.3466 E_h, exp. variance=16012.8838 E_h^2, pmove=0.49
2026-06-02 19:21:46,361 - Step 03715: 7.4925 E_h, exp. variance=14429.4062 E_h^2, pmove=0.49
2026-06-02 19:21:47,023 - Step 03716: 7.4439 E_h, exp. variance=13001.0029 E_h^2, pmove=0.49
2026-06-02 19:21:47,685 - Step 03717: 7.3674 E_h, exp. variance=11712.8359 E_h^2, pmove=0.49
2026-06-02 19:21:48,348 - Step 03718: 7.3789 E_h, exp. variance=10551.1963 E_h^2, pmove=0.48
2026-06-02 19:21:49,881 - Step 03719: 7.3555 E_h, exp. variance=9503.9277 E_h^2, pmove=0.49
2026-06-02 19:21:50,543 - Step 03720: 7.3368 E_h, exp. variance=8559.9229 E_h^2, pmove=0.49
2026-06-02 19:21:51,205 - Step 03721: 7.4026 E_h, exp. variance=7709.0146 E_h^2, pmove=0.49
2026-06-02 19:21:51,869 - Step 03722: 7.4102 E_h, exp. variance=6942.2222 E_h^2, pmove=0.48
2026-06-02 19:21:52,531 - Step 03723: 7.4764 E_h, exp. variance=6251.2563 E_h^2, pmove=0.49
2026-06-02 19:21:53,193 - Step 03724: 7.4402 E_h, exp. variance=5628.8037 E_h^2, pmove=0.49
2026-06-02 19:21:53,855 - Step 03725: 7.3717 E_h, exp. variance=5068.1494 E_h^2, pmove=0.48
2026-06-02 19:21:54,517 - Step 03726: 8.0340 E_h, exp. variance=4562.6436 E_h^2, pmove=0.49
2026-06-02 19:21:55,180 - Step 03727: 8.0472 E_h, exp. variance=4107.4312 E_h^2, pmove=0.49
2026-06-02 19:21:55,842 - Step 03728: 10.1506 E_h, exp. variance=3696.7732 E_h^2, pmove=0.49
2026-06-02 19:21:56,504 - Step 03729: 14.3793 E_h, exp. variance=3328.1069 E_h^2, pmove=0.48
2026-06-02 19:21:57,165 - Step 03730: 7.8026 E_h, exp. variance=2996.4365 E_h^2, pmove=0.48
2026-06-02 19:21:57,827 - Step 03731: 8.1808 E_h, exp. variance=2697.5112 E_h^2, pmove=0.47
2026-06-02 19:21:58,488 - Step 03732: 7.6954 E_h, exp. variance=2428.5854 E_h^2, pmove=0.48
2026-06-02 19:21:59,150 - Step 03733: 7.4962 E_h, exp. variance=2186.4968 E_h^2, pmove=0.48
2026-06-02 19:21:59,812 - Step 03734: 7.4527 E_h, exp. variance=1968.4916 E_h^2, pmove=0.48
2026-06-02 19:22:00,475 - Step 03735: 7.4391 E_h, exp. variance=1772.1703 E_h^2, pmove=0.48
2026-06-02 19:22:01,137 - Step 03736: 7.4457 E_h, exp. variance=1595.3782 E_h^2, pmove=0.48
2026-06-02 19:22:01,799 - Step 03737: 7.9924 E_h, exp. variance=1436.0189 E_h^2, pmove=0.48
2026-06-02 19:22:02,460 - Step 03738: 7.4202 E_h, exp. variance=1292.7219 E_h^2, pmove=0.48
2026-06-02 19:22:03,126 - Step 03739: 7.4208 E_h, exp. variance=1163.6964 E_h^2, pmove=0.48
2026-06-02 19:22:03,787 - Step 03740: 7.4442 E_h, exp. variance=1047.5203 E_h^2, pmove=0.48
2026-06-02 19:22:04,449 - Step 03741: 7.3845 E_h, exp. variance=942.9396 E_h^2, pmove=0.48
2026-06-02 19:22:05,112 - Step 03742: 7.4803 E_h, exp. variance=848.7638 E_h^2, pmove=0.48
2026-06-02 19:22:05,775 - Step 03743: 7.5139 E_h, exp. variance=763.9770 E_h^2, pmove=0.49
2026-06-02 19:22:06,439 - Step 03744: 7.4218 E_h, exp. variance=687.6675 E_h^2, pmove=0.49
2026-06-02 19:22:07,103 - Step 03745: 7.3848 E_h, exp. variance=618.9782 E_h^2, pmove=0.49
2026-06-02 19:22:07,766 - Step 03746: 7.4161 E_h, exp. variance=557.1385 E_h^2, pmove=0.49
2026-06-02 19:22:08,428 - Step 03747: 8.2779 E_h, exp. variance=501.4264 E_h^2, pmove=0.49
2026-06-02 19:22:09,094 - Step 03748: 7.8511 E_h, exp. variance=451.2920 E_h^2, pmove=0.48
2026-06-02 19:22:09,759 - Step 03749: 7.3788 E_h, exp. variance=406.2126 E_h^2, pmove=0.49
2026-06-02 19:22:10,422 - Step 03750: 7.3501 E_h, exp. variance=365.6353 E_h^2, pmove=0.49
2026-06-02 19:22:11,085 - Step 03751: 7.4372 E_h, exp. variance=329.0982 E_h^2, pmove=0.49
2026-06-02 19:22:11,749 - Step 03752: 7.5923 E_h, exp. variance=296.1983 E_h^2, pmove=0.48
2026-06-02 19:22:12,413 - Step 03753: 7.7584 E_h, exp. variance=266.5801 E_h^2, pmove=0.48
2026-06-02 19:22:13,076 - Step 03754: 7.4428 E_h, exp. variance=239.9391 E_h^2, pmove=0.48
2026-06-02 19:22:13,739 - Step 03755: 7.3870 E_h, exp. variance=215.9632 E_h^2, pmove=0.48
2026-06-02 19:22:14,404 - Step 03756: 7.3967 E_h, exp. variance=194.3808 E_h^2, pmove=0.48
2026-06-02 19:22:15,068 - Step 03757: 7.4222 E_h, exp. variance=174.9525 E_h^2, pmove=0.48
2026-06-02 19:22:15,730 - Step 03758: 7.4142 E_h, exp. variance=157.4655 E_h^2, pmove=0.48
2026-06-02 19:22:16,392 - Step 03759: 7.3947 E_h, exp. variance=141.7267 E_h^2, pmove=0.49
2026-06-02 19:22:17,054 - Step 03760: 7.4265 E_h, exp. variance=127.5588 E_h^2, pmove=0.49
2026-06-02 19:22:17,717 - Step 03761: 7.4028 E_h, exp. variance=114.8078 E_h^2, pmove=0.49
2026-06-02 19:22:18,377 - Step 03762: 7.4385 E_h, exp. variance=103.3297 E_h^2, pmove=0.49
2026-06-02 19:22:19,038 - Step 03763: 7.4762 E_h, exp. variance=92.9980 E_h^2, pmove=0.48
2026-06-02 19:22:19,699 - Step 03764: 8.3175 E_h, exp. variance=83.7468 E_h^2, pmove=0.48
2026-06-02 19:22:20,362 - Step 03765: 7.4062 E_h, exp. variance=75.3777 E_h^2, pmove=0.48
2026-06-02 19:22:21,023 - Step 03766: 7.3893 E_h, exp. variance=67.8452 E_h^2, pmove=0.49
2026-06-02 19:22:21,686 - Step 03767: 7.5533 E_h, exp. variance=61.0610 E_h^2, pmove=0.49
2026-06-02 19:22:22,347 - Step 03768: 7.4044 E_h, exp. variance=54.9584 E_h^2, pmove=0.49
2026-06-02 19:22:23,010 - Step 03769: 7.3894 E_h, exp. variance=49.4659 E_h^2, pmove=0.49
2026-06-02 19:22:23,671 - Step 03770: 7.4163 E_h, exp. variance=44.5212 E_h^2, pmove=0.48
2026-06-02 19:22:24,333 - Step 03771: 7.4568 E_h, exp. variance=40.0698 E_h^2, pmove=0.48
2026-06-02 19:22:24,994 - Step 03772: 7.4678 E_h, exp. variance=36.0633 E_h^2, pmove=0.48
2026-06-02 19:22:25,656 - Step 03773: 7.5055 E_h, exp. variance=32.4570 E_h^2, pmove=0.48
2026-06-02 19:22:26,321 - Step 03774: 7.4628 E_h, exp. variance=29.2117 E_h^2, pmove=0.48
2026-06-02 19:22:26,981 - Step 03775: 7.4977 E_h, exp. variance=26.2906 E_h^2, pmove=0.48
2026-06-02 19:22:27,643 - Step 03776: 7.3913 E_h, exp. variance=23.6630 E_h^2, pmove=0.48
2026-06-02 19:22:28,304 - Step 03777: 7.4311 E_h, exp. variance=21.2972 E_h^2, pmove=0.48
2026-06-02 19:22:28,967 - Step 03778: 7.6297 E_h, exp. variance=19.1690 E_h^2, pmove=0.48
2026-06-02 19:22:29,629 - Step 03779: 7.4433 E_h, exp. variance=17.2526 E_h^2, pmove=0.48
2026-06-02 19:22:30,290 - Step 03780: 7.4932 E_h, exp. variance=15.5273 E_h^2, pmove=0.48
2026-06-02 19:22:30,950 - Step 03781: 21.4833 E_h, exp. variance=31.5615 E_h^2, pmove=0.48
2026-06-02 19:22:31,621 - Step 03782: 7.5040 E_h, exp. variance=28.5813 E_h^2, pmove=0.48
2026-06-02 19:22:32,283 - Step 03783: 7.5176 E_h, exp. variance=25.8627 E_h^2, pmove=0.48
2026-06-02 19:22:32,944 - Step 03784: 7.5266 E_h, exp. variance=23.3875 E_h^2, pmove=0.48
2026-06-02 19:22:33,605 - Step 03785: 7.5167 E_h, exp. variance=21.1406 E_h^2, pmove=0.48
2026-06-02 19:22:34,267 - Step 03786: 15.0089 E_h, exp. variance=22.9269 E_h^2, pmove=0.48
2026-06-02 19:22:34,932 - Step 03787: 7.5308 E_h, exp. variance=20.8514 E_h^2, pmove=0.48
2026-06-02 19:22:35,594 - Step 03788: 7.3657 E_h, exp. variance=18.9861 E_h^2, pmove=0.48
2026-06-02 19:22:36,256 - Step 03789: 8.0760 E_h, exp. variance=17.1312 E_h^2, pmove=0.48
2026-06-02 19:22:36,917 - Step 03790: 7.5798 E_h, exp. variance=15.5316 E_h^2, pmove=0.49
2026-06-02 19:22:37,583 - Step 03791: 7.3940 E_h, exp. variance=14.1073 E_h^2, pmove=0.49
2026-06-02 19:22:38,244 - Step 03792: 7.4462 E_h, exp. variance=12.7910 E_h^2, pmove=0.49
2026-06-02 19:22:38,905 - Step 03793: 7.4267 E_h, exp. variance=11.5917 E_h^2, pmove=0.49
2026-06-02 19:22:39,566 - Step 03794: 7.4050 E_h, exp. variance=10.5006 E_h^2, pmove=0.49
2026-06-02 19:22:40,231 - Step 03795: 7.4059 E_h, exp. variance=9.5055 E_h^2, pmove=0.48
2026-06-02 19:22:40,892 - Step 03796: 7.3961 E_h, exp. variance=8.6007 E_h^2, pmove=0.49
2026-06-02 19:22:41,554 - Step 03797: 7.3926 E_h, exp. variance=7.7781 E_h^2, pmove=0.48
2026-06-02 19:22:42,215 - Step 03798: 7.5250 E_h, exp. variance=7.0184 E_h^2, pmove=0.48
2026-06-02 19:22:42,878 - Step 03799: 7.4422 E_h, exp. variance=6.3378 E_h^2, pmove=0.49
2026-06-02 19:22:43,540 - Step 03800: 7.4697 E_h, exp. variance=5.7192 E_h^2, pmove=0.49
2026-06-02 19:22:44,202 - Step 03801: 7.5336 E_h, exp. variance=5.1556 E_h^2, pmove=0.48
2026-06-02 19:22:44,863 - Step 03802: 7.7260 E_h, exp. variance=4.6407 E_h^2, pmove=0.49
2026-06-02 19:22:45,525 - Step 03803: 7.6497 E_h, exp. variance=4.1787 E_h^2, pmove=0.48
2026-06-02 19:22:46,186 - Step 03804: 10.2737 E_h, exp. variance=4.3182 E_h^2, pmove=0.49
2026-06-02 19:22:46,848 - Step 03805: 10.3935 E_h, exp. variance=4.3875 E_h^2, pmove=0.48
2026-06-02 19:22:47,511 - Step 03806: 7.7886 E_h, exp. variance=3.9696 E_h^2, pmove=0.48
2026-06-02 19:22:48,173 - Step 03807: 7.4136 E_h, exp. variance=3.6314 E_h^2, pmove=0.48
2026-06-02 19:22:48,835 - Step 03808: 7.5085 E_h, exp. variance=3.3043 E_h^2, pmove=0.48
2026-06-02 19:22:49,497 - Step 03809: 7.4397 E_h, exp. variance=3.0105 E_h^2, pmove=0.48
2026-06-02 19:22:50,158 - Step 03810: 7.4321 E_h, exp. variance=2.7399 E_h^2, pmove=0.48
2026-06-02 19:22:50,820 - Step 03811: 7.3742 E_h, exp. variance=2.4963 E_h^2, pmove=0.48
2026-06-02 19:22:51,484 - Step 03812: 7.4217 E_h, exp. variance=2.2671 E_h^2, pmove=0.48
2026-06-02 19:22:52,146 - Step 03813: 7.4867 E_h, exp. variance=2.0522 E_h^2, pmove=0.48
2026-06-02 19:22:52,808 - Step 03814: 7.4921 E_h, exp. variance=1.8563 E_h^2, pmove=0.48
2026-06-02 19:22:53,470 - Step 03815: 8.1465 E_h, exp. variance=1.6827 E_h^2, pmove=0.48
2026-06-02 19:22:54,134 - Step 03816: 7.4983 E_h, exp. variance=1.5236 E_h^2, pmove=0.49
2026-06-02 19:22:54,798 - Step 03817: 7.3884 E_h, exp. variance=1.3855 E_h^2, pmove=0.49
2026-06-02 19:22:55,461 - Step 03818: 7.4140 E_h, exp. variance=1.2569 E_h^2, pmove=0.48
2026-06-02 19:22:56,123 - Step 03819: 7.5800 E_h, exp. variance=1.1328 E_h^2, pmove=0.48
2026-06-02 19:22:56,786 - Step 03820: 7.9216 E_h, exp. variance=1.0239 E_h^2, pmove=0.49
2026-06-02 19:22:57,448 - Step 03821: 16.3281 E_h, exp. variance=7.5875 E_h^2, pmove=0.48
2026-06-02 19:22:58,110 - Step 03822: 7.4578 E_h, exp. variance=6.9426 E_h^2, pmove=0.48
2026-06-02 19:22:58,771 - Step 03823: 8.0216 E_h, exp. variance=6.2665 E_h^2, pmove=0.48
2026-06-02 19:22:59,433 - Step 03824: 7.7637 E_h, exp. variance=5.6792 E_h^2, pmove=0.48
2026-06-02 19:23:00,099 - Step 03825: 8.7488 E_h, exp. variance=5.1250 E_h^2, pmove=0.48
2026-06-02 19:23:00,764 - Step 03826: 7.5468 E_h, exp. variance=4.6777 E_h^2, pmove=0.48
2026-06-02 19:23:01,429 - Step 03827: 7.4707 E_h, exp. variance=4.2738 E_h^2, pmove=0.48
2026-06-02 19:23:02,092 - Step 03828: 7.4127 E_h, exp. variance=3.9063 E_h^2, pmove=0.48
2026-06-02 19:23:02,758 - Step 03829: 7.5361 E_h, exp. variance=3.5493 E_h^2, pmove=0.48
2026-06-02 19:23:03,421 - Step 03830: 8.0194 E_h, exp. variance=3.1947 E_h^2, pmove=0.48
2026-06-02 19:23:04,086 - Step 03831: 7.5071 E_h, exp. variance=2.9047 E_h^2, pmove=0.48
2026-06-02 19:23:04,750 - Step 03832: 7.5331 E_h, exp. variance=2.6358 E_h^2, pmove=0.48
2026-06-02 19:23:05,414 - Step 03833: 7.4362 E_h, exp. variance=2.3982 E_h^2, pmove=0.48
2026-06-02 19:23:06,078 - Step 03834: 7.3867 E_h, exp. variance=2.1839 E_h^2, pmove=0.48
2026-06-02 19:23:06,742 - Step 03835: 7.3732 E_h, exp. variance=1.9874 E_h^2, pmove=0.49
2026-06-02 19:23:07,405 - Step 03836: 7.4345 E_h, exp. variance=1.8018 E_h^2, pmove=0.48
2026-06-02 19:23:08,069 - Step 03837: 7.4075 E_h, exp. variance=1.6340 E_h^2, pmove=0.48
2026-06-02 19:23:08,732 - Step 03838: 7.4186 E_h, exp. variance=1.4800 E_h^2, pmove=0.48
2026-06-02 19:23:09,395 - Step 03839: 7.7003 E_h, exp. variance=1.3320 E_h^2, pmove=0.49
2026-06-02 19:23:10,060 - Step 03840: 7.3827 E_h, exp. variance=1.2084 E_h^2, pmove=0.48
2026-06-02 19:23:10,724 - Step 03841: 7.3495 E_h, exp. variance=1.0971 E_h^2, pmove=0.49
2026-06-02 19:23:11,389 - Step 03842: 7.3206 E_h, exp. variance=0.9968 E_h^2, pmove=0.48
2026-06-02 19:23:12,054 - Step 03843: 7.4906 E_h, exp. variance=0.8984 E_h^2, pmove=0.48
2026-06-02 19:23:12,717 - Step 03844: 7.3551 E_h, exp. variance=0.8139 E_h^2, pmove=0.49
2026-06-02 19:23:13,381 - Step 03845: 7.4438 E_h, exp. variance=0.7340 E_h^2, pmove=0.48
2026-06-02 19:23:14,047 - Step 03846: 7.4598 E_h, exp. variance=0.6616 E_h^2, pmove=0.49
2026-06-02 19:23:14,711 - Step 03847: 7.4802 E_h, exp. variance=0.5959 E_h^2, pmove=0.48
2026-06-02 19:23:15,376 - Step 03848: 19.8550 E_h, exp. variance=14.1763 E_h^2, pmove=0.49
2026-06-02 19:23:16,039 - Step 03849: 7.5135 E_h, exp. variance=12.9020 E_h^2, pmove=0.48
2026-06-02 19:23:16,701 - Step 03850: 7.3531 E_h, exp. variance=11.7629 E_h^2, pmove=0.49
2026-06-02 19:23:17,368 - Step 03851: 7.3688 E_h, exp. variance=10.7058 E_h^2, pmove=0.48
2026-06-02 19:23:18,032 - Step 03852: 7.3946 E_h, exp. variance=9.7270 E_h^2, pmove=0.49
2026-06-02 19:23:18,696 - Step 03853: 7.3355 E_h, exp. variance=8.8386 E_h^2, pmove=0.49
2026-06-02 19:23:19,359 - Step 03854: 7.5836 E_h, exp. variance=7.9897 E_h^2, pmove=0.48
2026-06-02 19:23:20,026 - Step 03855: 10.3790 E_h, exp. variance=7.6401 E_h^2, pmove=0.48
2026-06-02 19:23:20,694 - Step 03856: 7.3698 E_h, exp. variance=6.9658 E_h^2, pmove=0.48
2026-06-02 19:23:21,357 - Step 03857: 7.3629 E_h, exp. variance=6.3429 E_h^2, pmove=0.49
2026-06-02 19:23:22,021 - Step 03858: 7.5022 E_h, exp. variance=5.7497 E_h^2, pmove=0.49
2026-06-02 19:23:22,687 - Step 03859: 7.5467 E_h, exp. variance=5.2033 E_h^2, pmove=0.49
2026-06-02 19:23:23,350 - Step 03860: 8.0288 E_h, exp. variance=4.6830 E_h^2, pmove=0.49
2026-06-02 19:23:24,015 - Step 03861: 7.7437 E_h, exp. variance=4.2232 E_h^2, pmove=0.49
2026-06-02 19:23:24,678 - Step 03862: 8.4739 E_h, exp. variance=3.8194 E_h^2, pmove=0.49
2026-06-02 19:23:25,341 - Step 03863: 7.4460 E_h, exp. variance=3.4720 E_h^2, pmove=0.48
2026-06-02 19:23:26,007 - Step 03864: 7.7075 E_h, exp. variance=3.1327 E_h^2, pmove=0.48
2026-06-02 19:23:26,671 - Step 03865: 7.4164 E_h, exp. variance=2.8474 E_h^2, pmove=0.48
2026-06-02 19:23:27,335 - Step 03866: 7.4220 E_h, exp. variance=2.5849 E_h^2, pmove=0.48
2026-06-02 19:23:27,998 - Step 03867: 7.6854 E_h, exp. variance=2.3294 E_h^2, pmove=0.49
2026-06-02 19:23:28,672 - Step 03868: 7.6762 E_h, exp. variance=2.0992 E_h^2, pmove=0.49
2026-06-02 19:23:29,335 - Step 03869: 7.4011 E_h, exp. variance=1.9061 E_h^2, pmove=0.49
2026-06-02 19:23:29,999 - Step 03870: 7.3761 E_h, exp. variance=1.7309 E_h^2, pmove=0.49
2026-06-02 19:23:30,663 - Step 03871: 7.3799 E_h, exp. variance=1.5700 E_h^2, pmove=0.48
2026-06-02 19:23:31,330 - Step 03872: 7.4008 E_h, exp. variance=1.4217 E_h^2, pmove=0.49
2026-06-02 19:23:31,993 - Step 03873: 7.4572 E_h, exp. variance=1.2840 E_h^2, pmove=0.48
2026-06-02 19:23:32,657 - Step 03874: 10.7492 E_h, exp. variance=2.0155 E_h^2, pmove=0.48
2026-06-02 19:23:33,321 - Step 03875: 7.7856 E_h, exp. variance=1.8169 E_h^2, pmove=0.49
2026-06-02 19:23:33,988 - Step 03876: 9.1360 E_h, exp. variance=1.7620 E_h^2, pmove=0.48
2026-06-02 19:23:34,652 - Step 03877: 7.4352 E_h, exp. variance=1.6218 E_h^2, pmove=0.48
2026-06-02 19:23:35,316 - Step 03878: 7.5034 E_h, exp. variance=1.4823 E_h^2, pmove=0.48
2026-06-02 19:23:35,981 - Step 03879: 7.5459 E_h, exp. variance=1.3491 E_h^2, pmove=0.48
2026-06-02 19:23:36,645 - Step 03880: 7.6058 E_h, exp. variance=1.2227 E_h^2, pmove=0.49
2026-06-02 19:23:37,311 - Step 03881: 7.7428 E_h, exp. variance=1.1022 E_h^2, pmove=0.49
2026-06-02 19:23:37,974 - Step 03882: 7.4526 E_h, exp. variance=1.0075 E_h^2, pmove=0.48
2026-06-02 19:23:38,638 - Step 03883: 7.6223 E_h, exp. variance=0.9106 E_h^2, pmove=0.49
2026-06-02 19:23:39,302 - Step 03884: 7.6512 E_h, exp. variance=0.8217 E_h^2, pmove=0.49
2026-06-02 19:23:39,968 - Step 03885: 7.3081 E_h, exp. variance=0.7605 E_h^2, pmove=0.48
2026-06-02 19:23:40,631 - Step 03886: 7.4710 E_h, exp. variance=0.6911 E_h^2, pmove=0.49
2026-06-02 19:23:41,295 - Step 03887: 24.9510 E_h, exp. variance=27.3571 E_h^2, pmove=0.49
2026-06-02 19:23:41,968 - Step 03888: 7.4409 E_h, exp. variance=24.9808 E_h^2, pmove=0.48
2026-06-02 19:23:42,634 - Step 03889: 7.3384 E_h, exp. variance=22.8079 E_h^2, pmove=0.49
2026-06-02 19:23:43,296 - Step 03890: 7.7321 E_h, exp. variance=20.6833 E_h^2, pmove=0.48
2026-06-02 19:23:43,961 - Step 03891: 7.3867 E_h, exp. variance=18.8258 E_h^2, pmove=0.48
2026-06-02 19:23:44,625 - Step 03892: 7.3854 E_h, exp. variance=17.1144 E_h^2, pmove=0.49
2026-06-02 19:23:45,294 - Step 03893: 7.3938 E_h, exp. variance=15.5398 E_h^2, pmove=0.48
2026-06-02 19:23:45,958 - Step 03894: 7.4023 E_h, exp. variance=14.0949 E_h^2, pmove=0.49
2026-06-02 19:23:46,622 - Step 03895: 7.3704 E_h, exp. variance=12.7795 E_h^2, pmove=0.48
2026-06-02 19:23:47,285 - Step 03896: 7.4598 E_h, exp. variance=11.5637 E_h^2, pmove=0.48
2026-06-02 19:23:47,950 - Step 03897: 7.3668 E_h, exp. variance=10.4710 E_h^2, pmove=0.49
2026-06-02 19:23:48,617 - Step 03898: 7.3878 E_h, exp. variance=9.4727 E_h^2, pmove=0.48
2026-06-02 19:23:49,281 - Step 03899: 7.7158 E_h, exp. variance=8.5354 E_h^2, pmove=0.49
2026-06-02 19:23:49,946 - Step 03900: 7.3576 E_h, exp. variance=7.7210 E_h^2, pmove=0.49
2026-06-02 19:23:50,609 - Step 03901: 8.7520 E_h, exp. variance=7.0067 E_h^2, pmove=0.48
2026-06-02 19:23:51,277 - Step 03902: 8.6216 E_h, exp. variance=6.3374 E_h^2, pmove=0.48
2026-06-02 19:23:51,941 - Step 03903: 7.4358 E_h, exp. variance=5.7422 E_h^2, pmove=0.48
2026-06-02 19:23:52,605 - Step 03904: 7.7692 E_h, exp. variance=5.1738 E_h^2, pmove=0.48
2026-06-02 19:23:53,268 - Step 03905: 7.4294 E_h, exp. variance=4.6856 E_h^2, pmove=0.49
2026-06-02 19:23:53,935 - Step 03906: 10.6144 E_h, exp. variance=4.8598 E_h^2, pmove=0.49
2026-06-02 19:23:54,599 - Step 03907: 9.9206 E_h, exp. variance=4.6374 E_h^2, pmove=0.48
2026-06-02 19:23:55,264 - Step 03908: 7.5449 E_h, exp. variance=4.2365 E_h^2, pmove=0.48
2026-06-02 19:23:55,927 - Step 03909: 9.5067 E_h, exp. variance=3.9446 E_h^2, pmove=0.48
2026-06-02 19:23:56,591 - Step 03910: 7.4314 E_h, exp. variance=3.6377 E_h^2, pmove=0.49
2026-06-02 19:23:57,256 - Step 03911: 7.4149 E_h, exp. variance=3.3475 E_h^2, pmove=0.48
2026-06-02 19:23:57,920 - Step 03912: 7.4565 E_h, exp. variance=3.0664 E_h^2, pmove=0.48
2026-06-02 19:23:58,584 - Step 03913: 7.7389 E_h, exp. variance=2.7751 E_h^2, pmove=0.49
2026-06-02 19:23:59,248 - Step 03914: 7.4203 E_h, exp. variance=2.5405 E_h^2, pmove=0.49
2026-06-02 19:23:59,911 - Step 03915: 7.3915 E_h, exp. variance=2.3244 E_h^2, pmove=0.49
2026-06-02 19:24:00,575 - Step 03916: 7.4815 E_h, exp. variance=2.1140 E_h^2, pmove=0.49
2026-06-02 19:24:01,239 - Step 03917: 7.3099 E_h, exp. variance=1.9369 E_h^2, pmove=0.48
2026-06-02 19:24:01,901 - Step 03918: 7.5696 E_h, exp. variance=1.7510 E_h^2, pmove=0.48
2026-06-02 19:24:02,565 - Step 03919: 7.5073 E_h, exp. variance=1.5856 E_h^2, pmove=0.49
2026-06-02 19:24:03,229 - Step 03920: 7.5677 E_h, exp. variance=1.4320 E_h^2, pmove=0.49
2026-06-02 19:24:03,894 - Step 03921: 8.5501 E_h, exp. variance=1.3423 E_h^2, pmove=0.48
2026-06-02 19:24:04,558 - Step 03922: 8.5766 E_h, exp. variance=1.2548 E_h^2, pmove=0.49
2026-06-02 19:24:05,223 - Step 03923: 8.2745 E_h, exp. variance=1.1401 E_h^2, pmove=0.48
2026-06-02 19:24:05,886 - Step 03924: 7.4230 E_h, exp. variance=1.0523 E_h^2, pmove=0.48
2026-06-02 19:24:06,549 - Step 03925: 7.4127 E_h, exp. variance=0.9692 E_h^2, pmove=0.48
2026-06-02 19:24:07,212 - Step 03926: 7.5809 E_h, exp. variance=0.8793 E_h^2, pmove=0.48
2026-06-02 19:24:07,874 - Step 03927: 7.5865 E_h, exp. variance=0.7968 E_h^2, pmove=0.48
2026-06-02 19:24:08,536 - Step 03928: 7.5080 E_h, exp. variance=0.7251 E_h^2, pmove=0.48
2026-06-02 19:24:09,197 - Step 03929: 7.6553 E_h, exp. variance=0.6540 E_h^2, pmove=0.48
2026-06-02 19:24:09,858 - Step 03930: 7.5296 E_h, exp. variance=0.5935 E_h^2, pmove=0.49
2026-06-02 19:24:10,518 - Step 03931: 7.4210 E_h, exp. variance=0.5434 E_h^2, pmove=0.48
2026-06-02 19:24:11,179 - Step 03932: 7.5256 E_h, exp. variance=0.4921 E_h^2, pmove=0.49
2026-06-02 19:24:11,841 - Step 03933: 7.3977 E_h, exp. variance=0.4507 E_h^2, pmove=0.48
2026-06-02 19:24:12,503 - Step 03934: 7.3622 E_h, exp. variance=0.4137 E_h^2, pmove=0.49
2026-06-02 19:24:13,164 - Step 03935: 7.3943 E_h, exp. variance=0.3774 E_h^2, pmove=0.48
2026-06-02 19:24:13,828 - Step 03936: 7.3563 E_h, exp. variance=0.3453 E_h^2, pmove=0.48
2026-06-02 19:24:14,488 - Step 03937: 7.3790 E_h, exp. variance=0.3145 E_h^2, pmove=0.48
2026-06-02 19:24:15,150 - Step 03938: 7.4178 E_h, exp. variance=0.2850 E_h^2, pmove=0.48
2026-06-02 19:24:15,811 - Step 03939: 7.4060 E_h, exp. variance=0.2583 E_h^2, pmove=0.49
2026-06-02 19:24:16,472 - Step 03940: 7.4748 E_h, exp. variance=0.2328 E_h^2, pmove=0.48
2026-06-02 19:24:17,134 - Step 03941: 7.3956 E_h, exp. variance=0.2111 E_h^2, pmove=0.48
2026-06-02 19:24:17,796 - Step 03942: 7.4153 E_h, exp. variance=0.1908 E_h^2, pmove=0.48
2026-06-02 19:24:18,457 - Step 03943: 7.4208 E_h, exp. variance=0.1724 E_h^2, pmove=0.48
2026-06-02 19:24:19,117 - Step 03944: 7.3851 E_h, exp. variance=0.1563 E_h^2, pmove=0.49
2026-06-02 19:24:19,778 - Step 03945: 8.4507 E_h, exp. variance=0.2245 E_h^2, pmove=0.48
2026-06-02 19:24:20,438 - Step 03946: 7.5380 E_h, exp. variance=0.2023 E_h^2, pmove=0.48
2026-06-02 19:24:21,099 - Step 03947: 7.3672 E_h, exp. variance=0.1860 E_h^2, pmove=0.48
2026-06-02 19:24:21,760 - Step 03948: 7.4574 E_h, exp. variance=0.1683 E_h^2, pmove=0.48
2026-06-02 19:24:22,425 - Step 03949: 7.3180 E_h, exp. variance=0.1562 E_h^2, pmove=0.48
2026-06-02 19:24:23,089 - Step 03950: 7.3619 E_h, exp. variance=0.1429 E_h^2, pmove=0.49
2026-06-02 19:24:23,753 - Step 03951: 7.6940 E_h, exp. variance=0.1317 E_h^2, pmove=0.48
2026-06-02 19:24:24,416 - Step 03952: 7.3595 E_h, exp. variance=0.1211 E_h^2, pmove=0.48
2026-06-02 19:24:25,082 - Step 03953: 7.3606 E_h, exp. variance=0.1109 E_h^2, pmove=0.49
2026-06-02 19:24:25,745 - Step 03954: 7.3936 E_h, exp. variance=0.1008 E_h^2, pmove=0.48
2026-06-02 19:24:26,408 - Step 03955: 7.4606 E_h, exp. variance=0.0907 E_h^2, pmove=0.49
2026-06-02 19:24:27,071 - Step 03956: 7.4135 E_h, exp. variance=0.0821 E_h^2, pmove=0.48
2026-06-02 19:24:27,734 - Step 03957: 7.4115 E_h, exp. variance=0.0742 E_h^2, pmove=0.49
2026-06-02 19:24:28,398 - Step 03958: 7.3548 E_h, exp. variance=0.0680 E_h^2, pmove=0.48
2026-06-02 19:24:29,061 - Step 03959: 8.1718 E_h, exp. variance=0.1071 E_h^2, pmove=0.48
2026-06-02 19:24:29,724 - Step 03960: 10.8134 E_h, exp. variance=1.0673 E_h^2, pmove=0.49
2026-06-02 19:24:30,385 - Step 03961: 7.6887 E_h, exp. variance=0.9632 E_h^2, pmove=0.48
2026-06-02 19:24:31,050 - Step 03962: 7.5077 E_h, exp. variance=0.8768 E_h^2, pmove=0.48
2026-06-02 19:24:31,715 - Step 03963: 7.4033 E_h, exp. variance=0.8038 E_h^2, pmove=0.48
2026-06-02 19:24:32,376 - Step 03964: 7.7054 E_h, exp. variance=0.7238 E_h^2, pmove=0.48
2026-06-02 19:24:33,037 - Step 03965: 7.3632 E_h, exp. variance=0.6656 E_h^2, pmove=0.48
2026-06-02 19:24:33,701 - Step 03966: 7.3359 E_h, exp. variance=0.6124 E_h^2, pmove=0.48
2026-06-02 19:24:34,362 - Step 03967: 7.4455 E_h, exp. variance=0.5562 E_h^2, pmove=0.49
2026-06-02 19:24:35,024 - Step 03968: 7.5696 E_h, exp. variance=0.5013 E_h^2, pmove=0.48
2026-06-02 19:24:35,686 - Step 03969: 7.5276 E_h, exp. variance=0.4525 E_h^2, pmove=0.48
2026-06-02 19:24:36,349 - Step 03970: 13.2946 E_h, exp. variance=3.2875 E_h^2, pmove=0.49
2026-06-02 19:24:37,011 - Step 03971: 7.3555 E_h, exp. variance=3.0234 E_h^2, pmove=0.48
2026-06-02 19:24:37,672 - Step 03972: 7.6749 E_h, exp. variance=2.7388 E_h^2, pmove=0.48
2026-06-02 19:24:38,335 - Step 03973: 7.8625 E_h, exp. variance=2.4689 E_h^2, pmove=0.49
2026-06-02 19:24:38,996 - Step 03974: 7.3745 E_h, exp. variance=2.2635 E_h^2, pmove=0.48
2026-06-02 19:24:39,659 - Step 03975: 7.3644 E_h, exp. variance=2.0718 E_h^2, pmove=0.49
2026-06-02 19:24:40,320 - Step 03976: 7.4001 E_h, exp. variance=1.8892 E_h^2, pmove=0.48
2026-06-02 19:24:40,981 - Step 03977: 7.3689 E_h, exp. variance=1.7230 E_h^2, pmove=0.49
2026-06-02 19:24:41,644 - Step 03978: 7.4750 E_h, exp. variance=1.5614 E_h^2, pmove=0.48
2026-06-02 19:24:42,307 - Step 03979: 7.3794 E_h, exp. variance=1.4202 E_h^2, pmove=0.49
2026-06-02 19:24:42,968 - Step 03980: 7.5021 E_h, exp. variance=1.2835 E_h^2, pmove=0.48
2026-06-02 19:24:43,629 - Step 03981: 7.6782 E_h, exp. variance=1.1553 E_h^2, pmove=0.48
2026-06-02 19:24:44,290 - Step 03982: 7.3679 E_h, exp. variance=1.0507 E_h^2, pmove=0.48
2026-06-02 19:24:44,954 - Step 03983: 7.3324 E_h, exp. variance=0.9566 E_h^2, pmove=0.48
2026-06-02 19:24:45,615 - Step 03984: 7.4413 E_h, exp. variance=0.8648 E_h^2, pmove=0.48
2026-06-02 19:24:46,275 - Step 03985: 7.3408 E_h, exp. variance=0.7856 E_h^2, pmove=0.48
2026-06-02 19:24:46,935 - Step 03986: 7.5535 E_h, exp. variance=0.7073 E_h^2, pmove=0.48
2026-06-02 19:24:47,598 - Step 03987: 7.3720 E_h, exp. variance=0.6409 E_h^2, pmove=0.48
2026-06-02 19:24:48,262 - Step 03988: 7.4883 E_h, exp. variance=0.5775 E_h^2, pmove=0.49
2026-06-02 19:24:48,924 - Step 03989: 7.3775 E_h, exp. variance=0.5228 E_h^2, pmove=0.48
2026-06-02 19:24:49,585 - Step 03990: 7.4215 E_h, exp. variance=0.4719 E_h^2, pmove=0.48
2026-06-02 19:24:50,248 - Step 03991: 7.3663 E_h, exp. variance=0.4272 E_h^2, pmove=0.48
2026-06-02 19:24:50,912 - Step 03992: 7.6649 E_h, exp. variance=0.3865 E_h^2, pmove=0.48
2026-06-02 19:24:51,574 - Step 03993: 8.8715 E_h, exp. variance=0.5097 E_h^2, pmove=0.48
2026-06-02 19:24:52,235 - Step 03994: 8.0556 E_h, exp. variance=0.4725 E_h^2, pmove=0.48
2026-06-02 19:24:52,896 - Step 03995: 7.4557 E_h, exp. variance=0.4307 E_h^2, pmove=0.49
2026-06-02 19:24:53,570 - Step 03996: 7.3772 E_h, exp. variance=0.3959 E_h^2, pmove=0.49
2026-06-02 19:24:54,230 - Step 03997: 7.4350 E_h, exp. variance=0.3604 E_h^2, pmove=0.49
2026-06-02 19:24:54,892 - Step 03998: 7.4442 E_h, exp. variance=0.3274 E_h^2, pmove=0.48
2026-06-02 19:24:55,554 - Step 03999: 7.4045 E_h, exp. variance=0.2984 E_h^2, pmove=0.48
2026-06-02 19:24:56,218 - Step 04000: 7.4427 E_h, exp. variance=0.2705 E_h^2, pmove=0.48
2026-06-02 19:24:56,880 - Step 04001: 7.9123 E_h, exp. variance=0.2537 E_h^2, pmove=0.48
2026-06-02 19:24:57,543 - Step 04002: 7.4680 E_h, exp. variance=0.2301 E_h^2, pmove=0.49
2026-06-02 19:24:58,205 - Step 04003: 7.3970 E_h, exp. variance=0.2106 E_h^2, pmove=0.49
2026-06-02 19:24:58,867 - Step 04004: 7.4738 E_h, exp. variance=0.1904 E_h^2, pmove=0.49
2026-06-02 19:24:59,533 - Step 04005: 7.3686 E_h, exp. variance=0.1748 E_h^2, pmove=0.49
2026-06-02 19:25:00,196 - Step 04006: 7.3302 E_h, exp. variance=0.1615 E_h^2, pmove=0.48
2026-06-02 19:25:00,858 - Step 04007: 7.3898 E_h, exp. variance=0.1469 E_h^2, pmove=0.48
2026-06-02 19:25:01,520 - Step 04008: 7.5079 E_h, exp. variance=0.1322 E_h^2, pmove=0.49
2026-06-02 19:25:02,187 - Step 04009: 7.3237 E_h, exp. variance=0.1221 E_h^2, pmove=0.49
2026-06-02 19:25:02,850 - Step 04010: 7.4968 E_h, exp. variance=0.1099 E_h^2, pmove=0.49
2026-06-02 19:25:03,512 - Step 04011: 9.5327 E_h, exp. variance=0.4739 E_h^2, pmove=0.49
2026-06-02 19:25:04,175 - Step 04012: 7.3186 E_h, exp. variance=0.4393 E_h^2, pmove=0.48
2026-06-02 19:25:04,840 - Step 04013: 7.3320 E_h, exp. variance=0.4049 E_h^2, pmove=0.48
2026-06-02 19:25:05,506 - Step 04014: 7.6830 E_h, exp. variance=0.3647 E_h^2, pmove=0.48
2026-06-02 19:25:06,169 - Step 04015: 7.9873 E_h, exp. variance=0.3397 E_h^2, pmove=0.49
2026-06-02 19:25:06,833 - Step 04016: 7.3974 E_h, exp. variance=0.3122 E_h^2, pmove=0.48
2026-06-02 19:25:07,496 - Step 04017: 7.2969 E_h, exp. variance=0.2916 E_h^2, pmove=0.49
2026-06-02 19:25:08,161 - Step 04018: 7.3561 E_h, exp. variance=0.2680 E_h^2, pmove=0.48
2026-06-02 19:25:08,825 - Step 04019: 7.5565 E_h, exp. variance=0.2413 E_h^2, pmove=0.48
2026-06-02 19:25:09,488 - Step 04020: 7.3690 E_h, exp. variance=0.2211 E_h^2, pmove=0.49
2026-06-02 19:25:10,150 - Step 04021: 7.3436 E_h, exp. variance=0.2031 E_h^2, pmove=0.49
2026-06-02 19:25:10,812 - Step 04022: 7.3998 E_h, exp. variance=0.1844 E_h^2, pmove=0.48
2026-06-02 19:25:11,477 - Step 04023: 8.0920 E_h, exp. variance=0.1952 E_h^2, pmove=0.48
2026-06-02 19:25:12,139 - Step 04024: 7.3260 E_h, exp. variance=0.1815 E_h^2, pmove=0.49
2026-06-02 19:25:12,803 - Step 04025: 7.3386 E_h, exp. variance=0.1675 E_h^2, pmove=0.48
2026-06-02 19:25:13,467 - Step 04026: 7.3570 E_h, exp. variance=0.1535 E_h^2, pmove=0.48
2026-06-02 19:25:14,131 - Step 04027: 7.3465 E_h, exp. variance=0.1407 E_h^2, pmove=0.48
2026-06-02 19:25:14,794 - Step 04028: 7.3527 E_h, exp. variance=0.1285 E_h^2, pmove=0.48
2026-06-02 19:25:15,456 - Step 04029: 7.5476 E_h, exp. variance=0.1161 E_h^2, pmove=0.48
2026-06-02 19:25:16,122 - Step 04030: 7.5324 E_h, exp. variance=0.1046 E_h^2, pmove=0.49
2026-06-02 19:25:16,787 - Step 04031: 7.4103 E_h, exp. variance=0.0948 E_h^2, pmove=0.48
2026-06-02 19:25:17,452 - Step 04032: 7.3716 E_h, exp. variance=0.0865 E_h^2, pmove=0.49
2026-06-02 19:25:18,116 - Step 04033: 7.3585 E_h, exp. variance=0.0790 E_h^2, pmove=0.49
2026-06-02 19:25:18,781 - Step 04034: 7.5199 E_h, exp. variance=0.0714 E_h^2, pmove=0.48
2026-06-02 19:25:19,445 - Step 04035: 7.3767 E_h, exp. variance=0.0650 E_h^2, pmove=0.49
2026-06-02 19:25:20,109 - Step 04036: 7.7660 E_h, exp. variance=0.0670 E_h^2, pmove=0.49
2026-06-02 19:25:20,774 - Step 04037: 7.3750 E_h, exp. variance=0.0615 E_h^2, pmove=0.49
2026-06-02 19:25:21,438 - Step 04038: 7.3329 E_h, exp. variance=0.0573 E_h^2, pmove=0.49
2026-06-02 19:25:22,101 - Step 04039: 8.6829 E_h, exp. variance=0.1853 E_h^2, pmove=0.49
2026-06-02 19:25:22,765 - Step 04040: 7.3516 E_h, exp. variance=0.1717 E_h^2, pmove=0.48
2026-06-02 19:25:23,430 - Step 04041: 7.3330 E_h, exp. variance=0.1592 E_h^2, pmove=0.49
2026-06-02 19:25:24,094 - Step 04042: 7.3529 E_h, exp. variance=0.1465 E_h^2, pmove=0.49
2026-06-02 19:25:24,758 - Step 04043: 7.3334 E_h, exp. variance=0.1350 E_h^2, pmove=0.49
2026-06-02 19:25:25,421 - Step 04044: 7.3494 E_h, exp. variance=0.1236 E_h^2, pmove=0.49
2026-06-02 19:25:26,086 - Step 04045: 7.8176 E_h, exp. variance=0.1211 E_h^2, pmove=0.48
2026-06-02 19:25:26,749 - Step 04046: 7.3915 E_h, exp. variance=0.1104 E_h^2, pmove=0.49
2026-06-02 19:25:27,412 - Step 04047: 7.4543 E_h, exp. variance=0.0996 E_h^2, pmove=0.49
2026-06-02 19:25:28,075 - Step 04048: 7.8197 E_h, exp. variance=0.0988 E_h^2, pmove=0.48
2026-06-02 19:25:28,737 - Step 04049: 7.4173 E_h, exp. variance=0.0901 E_h^2, pmove=0.49
2026-06-02 19:25:29,401 - Step 04050: 7.4150 E_h, exp. variance=0.0821 E_h^2, pmove=0.48
2026-06-02 19:25:30,066 - Step 04051: 7.7791 E_h, exp. variance=0.0804 E_h^2, pmove=0.48
2026-06-02 19:25:30,739 - Step 04052: 7.4843 E_h, exp. variance=0.0726 E_h^2, pmove=0.48
2026-06-02 19:25:31,403 - Step 04053: 7.3721 E_h, exp. variance=0.0677 E_h^2, pmove=0.49
2026-06-02 19:25:32,067 - Step 04054: 7.3492 E_h, exp. variance=0.0634 E_h^2, pmove=0.49
2026-06-02 19:25:32,755 - Step 04055: 7.4395 E_h, exp. variance=0.0574 E_h^2, pmove=0.48
2026-06-02 19:25:33,423 - Step 04056: 7.4087 E_h, exp. variance=0.0523 E_h^2, pmove=0.49
2026-06-02 19:25:34,087 - Step 04057: 7.4535 E_h, exp. variance=0.0472 E_h^2, pmove=0.48
2026-06-02 19:25:34,752 - Step 04058: 7.3496 E_h, exp. variance=0.0440 E_h^2, pmove=0.49
2026-06-02 19:25:35,417 - Step 04059: 7.4139 E_h, exp. variance=0.0399 E_h^2, pmove=0.48
2026-06-02 19:25:36,125 - Step 04060: 7.4644 E_h, exp. variance=0.0359 E_h^2, pmove=0.48
2026-06-02 19:25:36,790 - Step 04061: 8.3040 E_h, exp. variance=0.0959 E_h^2, pmove=0.48
2026-06-02 19:25:37,455 - Step 04062: 7.3548 E_h, exp. variance=0.0897 E_h^2, pmove=0.48
2026-06-02 19:25:38,119 - Step 04063: 7.4808 E_h, exp. variance=0.0809 E_h^2, pmove=0.48
2026-06-02 19:25:38,786 - Step 04064: 7.4952 E_h, exp. variance=0.0729 E_h^2, pmove=0.48
2026-06-02 19:25:39,451 - Step 04065: 8.0066 E_h, exp. variance=0.0868 E_h^2, pmove=0.48
2026-06-02 19:25:40,117 - Step 04066: 9.3303 E_h, exp. variance=0.3573 E_h^2, pmove=0.48
2026-06-02 19:25:40,780 - Step 04067: 7.4846 E_h, exp. variance=0.3277 E_h^2, pmove=0.48
2026-06-02 19:25:41,444 - Step 04068: 11.2404 E_h, exp. variance=1.4107 E_h^2, pmove=0.48
2026-06-02 19:25:42,110 - Step 04069: 7.5395 E_h, exp. variance=1.2951 E_h^2, pmove=0.48
2026-06-02 19:25:42,777 - Step 04070: 7.4035 E_h, exp. variance=1.1996 E_h^2, pmove=0.48
2026-06-02 19:25:43,440 - Step 04071: 8.2033 E_h, exp. variance=1.0851 E_h^2, pmove=0.48
2026-06-02 19:25:44,104 - Step 04072: 7.5193 E_h, exp. variance=0.9958 E_h^2, pmove=0.48
2026-06-02 19:25:44,770 - Step 04073: 8.6744 E_h, exp. variance=0.9454 E_h^2, pmove=0.48
2026-06-02 19:25:45,437 - Step 04074: 7.5040 E_h, exp. variance=0.8739 E_h^2, pmove=0.48
2026-06-02 19:25:46,102 - Step 04075: 7.5875 E_h, exp. variance=0.7989 E_h^2, pmove=0.48
2026-06-02 19:25:46,768 - Step 04076: 7.5589 E_h, exp. variance=0.7308 E_h^2, pmove=0.48
2026-06-02 19:25:47,436 - Step 04077: 7.5070 E_h, exp. variance=0.6706 E_h^2, pmove=0.48
2026-06-02 19:25:48,100 - Step 04078: 7.4495 E_h, exp. variance=0.6178 E_h^2, pmove=0.48
2026-06-02 19:25:48,765 - Step 04079: 7.4658 E_h, exp. variance=0.5665 E_h^2, pmove=0.48
2026-06-02 19:25:49,429 - Step 04080: 7.5619 E_h, exp. variance=0.5139 E_h^2, pmove=0.48
2026-06-02 19:25:50,094 - Step 04081: 7.4894 E_h, exp. variance=0.4687 E_h^2, pmove=0.48
2026-06-02 19:25:50,762 - Step 04082: 7.3639 E_h, exp. variance=0.4337 E_h^2, pmove=0.48
2026-06-02 19:25:51,426 - Step 04083: 7.3136 E_h, exp. variance=0.4030 E_h^2, pmove=0.49
2026-06-02 19:25:52,091 - Step 04084: 7.3511 E_h, exp. variance=0.3709 E_h^2, pmove=0.49
2026-06-02 19:25:52,756 - Step 04085: 7.3297 E_h, exp. variance=0.3415 E_h^2, pmove=0.48
2026-06-02 19:25:53,424 - Step 04086: 7.3403 E_h, exp. variance=0.3131 E_h^2, pmove=0.49
2026-06-02 19:25:54,089 - Step 04087: 7.4491 E_h, exp. variance=0.2830 E_h^2, pmove=0.48
2026-06-02 19:25:54,753 - Step 04088: 7.7986 E_h, exp. variance=0.2600 E_h^2, pmove=0.48
2026-06-02 19:25:55,418 - Step 04089: 7.4105 E_h, exp. variance=0.2366 E_h^2, pmove=0.47
2026-06-02 19:25:56,085 - Step 04090: 7.3750 E_h, exp. variance=0.2161 E_h^2, pmove=0.48
2026-06-02 19:25:56,762 - Step 04091: 7.3884 E_h, exp. variance=0.1967 E_h^2, pmove=0.48
2026-06-02 19:25:57,426 - Step 04092: 7.4060 E_h, exp. variance=0.1784 E_h^2, pmove=0.48
2026-06-02 19:25:58,091 - Step 04093: 7.4100 E_h, exp. variance=0.1616 E_h^2, pmove=0.49
2026-06-02 19:25:58,758 - Step 04094: 7.4141 E_h, exp. variance=0.1462 E_h^2, pmove=0.48
2026-06-02 19:25:59,421 - Step 04095: 7.4016 E_h, exp. variance=0.1324 E_h^2, pmove=0.49
2026-06-02 19:26:00,087 - Step 04096: 7.3312 E_h, exp. variance=0.1213 E_h^2, pmove=0.48
2026-06-02 19:26:00,750 - Step 04097: 7.3733 E_h, exp. variance=0.1101 E_h^2, pmove=0.49
2026-06-02 19:26:01,413 - Step 04098: 7.4408 E_h, exp. variance=0.0991 E_h^2, pmove=0.48
2026-06-02 19:26:02,079 - Step 04099: 7.3717 E_h, exp. variance=0.0899 E_h^2, pmove=0.48
2026-06-02 19:26:02,741 - Step 04100: 7.3625 E_h, exp. variance=0.0816 E_h^2, pmove=0.49
2026-06-02 19:26:03,403 - Step 04101: 7.3474 E_h, exp. variance=0.0742 E_h^2, pmove=0.49
2026-06-02 19:26:04,065 - Step 04102: 7.3373 E_h, exp. variance=0.0676 E_h^2, pmove=0.48
2026-06-02 19:26:04,731 - Step 04103: 7.4130 E_h, exp. variance=0.0609 E_h^2, pmove=0.48
2026-06-02 19:26:05,394 - Step 04104: 7.3986 E_h, exp. variance=0.0548 E_h^2, pmove=0.48
2026-06-02 19:26:06,057 - Step 04105: 7.4050 E_h, exp. variance=0.0494 E_h^2, pmove=0.48
2026-06-02 19:26:06,720 - Step 04106: 7.4300 E_h, exp. variance=0.0444 E_h^2, pmove=0.48
2026-06-02 19:26:07,387 - Step 04107: 7.5156 E_h, exp. variance=0.0408 E_h^2, pmove=0.49
2026-06-02 19:26:08,051 - Step 04108: 7.4087 E_h, exp. variance=0.0368 E_h^2, pmove=0.49
2026-06-02 19:26:08,715 - Step 04109: 7.3822 E_h, exp. variance=0.0333 E_h^2, pmove=0.48
2026-06-02 19:26:09,379 - Step 04110: 7.7352 E_h, exp. variance=0.0388 E_h^2, pmove=0.48
2026-06-02 19:26:10,046 - Step 04111: 7.3751 E_h, exp. variance=0.0354 E_h^2, pmove=0.48
2026-06-02 19:26:10,709 - Step 04112: 8.0535 E_h, exp. variance=0.0651 E_h^2, pmove=0.48
2026-06-02 19:26:11,372 - Step 04113: 7.4275 E_h, exp. variance=0.0592 E_h^2, pmove=0.49
2026-06-02 19:26:12,035 - Step 04114: 7.3843 E_h, exp. variance=0.0544 E_h^2, pmove=0.48
2026-06-02 19:26:12,699 - Step 04115: 7.3917 E_h, exp. variance=0.0498 E_h^2, pmove=0.48
2026-06-02 19:26:13,366 - Step 04116: 7.3577 E_h, exp. variance=0.0461 E_h^2, pmove=0.48
2026-06-02 19:26:14,030 - Step 04117: 7.3894 E_h, exp. variance=0.0420 E_h^2, pmove=0.49
2026-06-02 19:26:14,694 - Step 04118: 9.4846 E_h, exp. variance=0.4074 E_h^2, pmove=0.48
2026-06-02 19:26:15,358 - Step 04119: 7.3772 E_h, exp. variance=0.3739 E_h^2, pmove=0.48
2026-06-02 19:26:16,025 - Step 04120: 7.4645 E_h, exp. variance=0.3391 E_h^2, pmove=0.48
2026-06-02 19:26:16,688 - Step 04121: 7.3867 E_h, exp. variance=0.3099 E_h^2, pmove=0.48
2026-06-02 19:26:17,351 - Step 04122: 7.3656 E_h, exp. variance=0.2835 E_h^2, pmove=0.48
2026-06-02 19:26:18,015 - Step 04123: 7.4693 E_h, exp. variance=0.2561 E_h^2, pmove=0.48
2026-06-02 19:26:18,678 - Step 04124: 7.6173 E_h, exp. variance=0.2308 E_h^2, pmove=0.48
2026-06-02 19:26:19,341 - Step 04125: 17.3526 E_h, exp. variance=8.8282 E_h^2, pmove=0.49
2026-06-02 19:26:20,004 - Step 04126: 7.4904 E_h, exp. variance=8.0454 E_h^2, pmove=0.48
2026-06-02 19:26:20,666 - Step 04127: 7.3621 E_h, exp. variance=7.3452 E_h^2, pmove=0.48
2026-06-02 19:26:21,329 - Step 04128: 7.3720 E_h, exp. variance=6.6935 E_h^2, pmove=0.48
2026-06-02 19:26:21,992 - Step 04129: 7.3603 E_h, exp. variance=6.0931 E_h^2, pmove=0.48
2026-06-02 19:26:22,655 - Step 04130: 7.5970 E_h, exp. variance=5.5111 E_h^2, pmove=0.48
2026-06-02 19:26:23,318 - Step 04131: 7.4441 E_h, exp. variance=4.9978 E_h^2, pmove=0.49
2026-06-02 19:26:23,981 - Step 04132: 7.9684 E_h, exp. variance=4.4984 E_h^2, pmove=0.48
2026-06-02 19:26:24,643 - Step 04133: 7.4882 E_h, exp. variance=4.0742 E_h^2, pmove=0.48
2026-06-02 19:26:25,306 - Step 04134: 7.5014 E_h, exp. variance=3.6864 E_h^2, pmove=0.49
2026-06-02 19:26:25,969 - Step 04135: 7.4458 E_h, exp. variance=3.3381 E_h^2, pmove=0.49
2026-06-02 19:26:26,634 - Step 04136: 18.1906 E_h, exp. variance=12.5828 E_h^2, pmove=0.49
2026-06-02 19:26:27,299 - Step 04137: 9.2609 E_h, exp. variance=11.3359 E_h^2, pmove=0.49
2026-06-02 19:26:27,963 - Step 04138: 7.6014 E_h, exp. variance=10.3639 E_h^2, pmove=0.48
2026-06-02 19:26:28,627 - Step 04139: 7.3680 E_h, exp. variance=9.5140 E_h^2, pmove=0.48
2026-06-02 19:26:29,291 - Step 04140: 8.4394 E_h, exp. variance=8.5671 E_h^2, pmove=0.49
2026-06-02 19:26:29,956 - Step 04141: 7.3537 E_h, exp. variance=7.8595 E_h^2, pmove=0.49
2026-06-02 19:26:30,621 - Step 04142: 7.3701 E_h, exp. variance=7.1910 E_h^2, pmove=0.49
2026-06-02 19:26:31,285 - Step 04143: 7.4922 E_h, exp. variance=6.5458 E_h^2, pmove=0.49
2026-06-02 19:26:31,948 - Step 04144: 7.6029 E_h, exp. variance=5.9359 E_h^2, pmove=0.49
2026-06-02 19:26:32,612 - Step 04145: 7.3829 E_h, exp. variance=5.4079 E_h^2, pmove=0.48
2026-06-02 19:26:33,277 - Step 04146: 7.7295 E_h, exp. variance=4.8832 E_h^2, pmove=0.48
2026-06-02 19:26:33,941 - Step 04147: 15.8256 E_h, exp. variance=9.7534 E_h^2, pmove=0.49
2026-06-02 19:26:34,605 - Step 04148: 7.7278 E_h, exp. variance=8.8978 E_h^2, pmove=0.48
2026-06-02 19:26:35,268 - Step 04149: 7.3600 E_h, exp. variance=8.1859 E_h^2, pmove=0.49
2026-06-02 19:26:35,932 - Step 04150: 7.6281 E_h, exp. variance=7.4567 E_h^2, pmove=0.48
2026-06-02 19:26:36,595 - Step 04151: 7.3431 E_h, exp. variance=6.8369 E_h^2, pmove=0.49
2026-06-02 19:26:37,258 - Step 04152: 7.3529 E_h, exp. variance=6.2532 E_h^2, pmove=0.48
2026-06-02 19:26:37,921 - Step 04153: 7.6089 E_h, exp. variance=5.6711 E_h^2, pmove=0.48
2026-06-02 19:26:38,587 - Step 04154: 7.4133 E_h, exp. variance=5.1644 E_h^2, pmove=0.48
2026-06-02 19:26:39,249 - Step 04155: 7.4760 E_h, exp. variance=4.6889 E_h^2, pmove=0.48
2026-06-02 19:26:39,913 - Step 04156: 8.5246 E_h, exp. variance=4.2376 E_h^2, pmove=0.48
2026-06-02 19:26:40,576 - Step 04157: 7.2945 E_h, exp. variance=3.8762 E_h^2, pmove=0.48
2026-06-02 19:26:41,238 - Step 04158: 7.3392 E_h, exp. variance=3.5333 E_h^2, pmove=0.49
2026-06-02 19:26:41,901 - Step 04159: 7.3746 E_h, exp. variance=3.2123 E_h^2, pmove=0.48
2026-06-02 19:26:42,564 - Step 04160: 7.3854 E_h, exp. variance=2.9161 E_h^2, pmove=0.49
2026-06-02 19:26:43,226 - Step 04161: 7.4007 E_h, exp. variance=2.6436 E_h^2, pmove=0.48
2026-06-02 19:26:43,888 - Step 04162: 7.4198 E_h, exp. variance=2.3933 E_h^2, pmove=0.49
2026-06-02 19:26:44,551 - Step 04163: 7.4411 E_h, exp. variance=2.1640 E_h^2, pmove=0.49
2026-06-02 19:26:45,214 - Step 04164: 7.5464 E_h, exp. variance=1.9510 E_h^2, pmove=0.49
2026-06-02 19:26:45,878 - Step 04165: 8.7822 E_h, exp. variance=1.8570 E_h^2, pmove=0.49
2026-06-02 19:26:46,543 - Step 04166: 7.3441 E_h, exp. variance=1.6924 E_h^2, pmove=0.48
2026-06-02 19:26:47,209 - Step 04167: 7.5379 E_h, exp. variance=1.5284 E_h^2, pmove=0.48
2026-06-02 19:26:47,873 - Step 04168: 7.4175 E_h, exp. variance=1.3859 E_h^2, pmove=0.48
2026-06-02 19:26:48,536 - Step 04169: 7.3183 E_h, exp. variance=1.2620 E_h^2, pmove=0.49
2026-06-02 19:26:49,199 - Step 04170: 7.4576 E_h, exp. variance=1.1403 E_h^2, pmove=0.49
2026-06-02 19:26:49,865 - Step 04171: 7.4041 E_h, exp. variance=1.0321 E_h^2, pmove=0.48
2026-06-02 19:26:50,528 - Step 04172: 7.3606 E_h, exp. variance=0.9356 E_h^2, pmove=0.49
2026-06-02 19:26:51,191 - Step 04173: 7.7420 E_h, exp. variance=0.8437 E_h^2, pmove=0.48
2026-06-02 19:26:51,855 - Step 04174: 7.4298 E_h, exp. variance=0.7626 E_h^2, pmove=0.48
2026-06-02 19:26:52,518 - Step 04175: 7.4201 E_h, exp. variance=0.6893 E_h^2, pmove=0.48
2026-06-02 19:26:53,184 - Step 04176: 7.9662 E_h, exp. variance=0.6336 E_h^2, pmove=0.49
2026-06-02 19:26:53,848 - Step 04177: 7.4195 E_h, exp. variance=0.5739 E_h^2, pmove=0.48
2026-06-02 19:26:54,511 - Step 04178: 7.5049 E_h, exp. variance=0.5173 E_h^2, pmove=0.48
2026-06-02 19:26:55,175 - Step 04179: 7.3536 E_h, exp. variance=0.4707 E_h^2, pmove=0.48
2026-06-02 19:26:55,842 - Step 04180: 7.3400 E_h, exp. variance=0.4283 E_h^2, pmove=0.49
2026-06-02 19:26:56,508 - Step 04181: 26.3151 E_h, exp. variance=32.0945 E_h^2, pmove=0.49
2026-06-02 19:26:57,171 - Step 04182: 8.0316 E_h, exp. variance=29.0590 E_h^2, pmove=0.48
2026-06-02 19:26:57,834 - Step 04183: 7.5501 E_h, exp. variance=26.4233 E_h^2, pmove=0.49
2026-06-02 19:26:58,500 - Step 04184: 7.4142 E_h, exp. variance=24.0396 E_h^2, pmove=0.48
2026-06-02 19:26:59,164 - Step 04185: 7.9578 E_h, exp. variance=21.7225 E_h^2, pmove=0.49
2026-06-02 19:26:59,827 - Step 04186: 7.6804 E_h, exp. variance=19.6716 E_h^2, pmove=0.48
2026-06-02 19:27:00,492 - Step 04187: 7.3285 E_h, exp. variance=17.8802 E_h^2, pmove=0.49
2026-06-02 19:27:01,157 - Step 04188: 7.3645 E_h, exp. variance=16.2264 E_h^2, pmove=0.49
2026-06-02 19:27:01,821 - Step 04189: 7.3276 E_h, exp. variance=14.7200 E_h^2, pmove=0.49
2026-06-02 19:27:02,485 - Step 04190: 7.3508 E_h, exp. variance=13.3379 E_h^2, pmove=0.49
2026-06-02 19:27:03,148 - Step 04191: 7.5459 E_h, exp. variance=12.0487 E_h^2, pmove=0.48
2026-06-02 19:27:03,812 - Step 04192: 7.4395 E_h, exp. variance=10.8932 E_h^2, pmove=0.49
2026-06-02 19:27:04,477 - Step 04193: 7.8010 E_h, exp. variance=9.8122 E_h^2, pmove=0.49
2026-06-02 19:27:05,140 - Step 04194: 7.4497 E_h, exp. variance=8.8662 E_h^2, pmove=0.49
2026-06-02 19:27:05,804 - Step 04195: 8.2671 E_h, exp. variance=7.9854 E_h^2, pmove=0.49
2026-06-02 19:27:06,469 - Step 04196: 7.3326 E_h, exp. variance=7.2317 E_h^2, pmove=0.49
2026-06-02 19:27:07,135 - Step 04197: 7.3922 E_h, exp. variance=6.5383 E_h^2, pmove=0.49
2026-06-02 19:27:07,797 - Step 04198: 7.6053 E_h, exp. variance=5.8928 E_h^2, pmove=0.49
2026-06-02 19:27:08,461 - Step 04199: 7.3860 E_h, exp. variance=5.3255 E_h^2, pmove=0.48
2026-06-02 19:27:09,124 - Step 04200: 257.6154 E_h, exp. variance=5620.1284 E_h^2, pmove=0.49
2026-06-02 19:27:09,790 - Step 04201: 7.3287 E_h, exp. variance=5116.5464 E_h^2, pmove=0.48
2026-06-02 19:27:10,454 - Step 04202: 7.3865 E_h, exp. variance=4651.9824 E_h^2, pmove=0.48
2026-06-02 19:27:11,117 - Step 04203: 7.4594 E_h, exp. variance=4224.6577 E_h^2, pmove=0.49
2026-06-02 19:27:11,781 - Step 04204: 7.3305 E_h, exp. variance=3833.2993 E_h^2, pmove=0.49
2026-06-02 19:27:12,447 - Step 04205: 9.7640 E_h, exp. variance=3468.3704 E_h^2, pmove=0.48
2026-06-02 19:27:13,112 - Step 04206: 8.5110 E_h, exp. variance=3139.4817 E_h^2, pmove=0.48
2026-06-02 19:27:13,776 - Step 04207: 7.4425 E_h, exp. variance=2842.6191 E_h^2, pmove=0.48
2026-06-02 19:27:14,439 - Step 04208: 7.3418 E_h, exp. variance=2572.4221 E_h^2, pmove=0.48
2026-06-02 19:27:15,103 - Step 04209: 7.3432 E_h, exp. variance=2326.5696 E_h^2, pmove=0.48
2026-06-02 19:27:15,771 - Step 04210: 8.1323 E_h, exp. variance=2101.7561 E_h^2, pmove=0.48
2026-06-02 19:27:16,435 - Step 04211: 7.2973 E_h, exp. variance=1899.2594 E_h^2, pmove=0.48
2026-06-02 19:27:17,098 - Step 04212: 7.3059 E_h, exp. variance=1715.5405 E_h^2, pmove=0.48
2026-06-02 19:27:17,762 - Step 04213: 7.3337 E_h, exp. variance=1548.9768 E_h^2, pmove=0.49
2026-06-02 19:27:18,428 - Step 04214: 7.3079 E_h, exp. variance=1398.1525 E_h^2, pmove=0.48
2026-06-02 19:27:19,091 - Step 04215: 7.3275 E_h, exp. variance=1261.6154 E_h^2, pmove=0.49
2026-06-02 19:27:19,755 - Step 04216: 7.3483 E_h, exp. variance=1138.0887 E_h^2, pmove=0.49
2026-06-02 19:27:20,417 - Step 04217: 7.3282 E_h, exp. variance=1026.4319 E_h^2, pmove=0.48
2026-06-02 19:27:21,084 - Step 04218: 7.4138 E_h, exp. variance=925.4647 E_h^2, pmove=0.49
2026-06-02 19:27:21,747 - Step 04219: 7.3895 E_h, exp. variance=834.2928 E_h^2, pmove=0.49
2026-06-02 19:27:22,411 - Step 04220: 7.4233 E_h, exp. variance=751.9556 E_h^2, pmove=0.49
2026-06-02 19:27:23,074 - Step 04221: 7.3340 E_h, exp. variance=677.6957 E_h^2, pmove=0.48
2026-06-02 19:27:23,736 - Step 04222: 7.3541 E_h, exp. variance=610.6736 E_h^2, pmove=0.49
2026-06-02 19:27:24,403 - Step 04223: 7.7411 E_h, exp. variance=550.0444 E_h^2, pmove=0.49
2026-06-02 19:27:25,066 - Step 04224: 7.3854 E_h, exp. variance=495.5335 E_h^2, pmove=0.48
2026-06-02 19:27:25,729 - Step 04225: 7.7004 E_h, exp. variance=446.2693 E_h^2, pmove=0.49
2026-06-02 19:27:26,394 - Step 04226: 8.6027 E_h, exp. variance=401.6879 E_h^2, pmove=0.48
2026-06-02 19:27:27,060 - Step 04227: 7.4330 E_h, exp. variance=361.8139 E_h^2, pmove=0.48
2026-06-02 19:27:27,724 - Step 04228: 7.4110 E_h, exp. variance=325.8777 E_h^2, pmove=0.48
2026-06-02 19:27:28,387 - Step 04229: 7.3939 E_h, exp. variance=293.4931 E_h^2, pmove=0.48
2026-06-02 19:27:29,050 - Step 04230: 7.3560 E_h, exp. variance=264.3178 E_h^2, pmove=0.48
2026-06-02 19:27:29,716 - Step 04231: 7.6712 E_h, exp. variance=237.9648 E_h^2, pmove=0.48
2026-06-02 19:27:30,379 - Step 04232: 7.3791 E_h, exp. variance=214.2842 E_h^2, pmove=0.48
2026-06-02 19:27:31,044 - Step 04233: 8.1970 E_h, exp. variance=192.8595 E_h^2, pmove=0.48
2026-06-02 19:27:31,707 - Step 04234: 7.6396 E_h, exp. variance=173.6229 E_h^2, pmove=0.48
2026-06-02 19:27:32,372 - Step 04235: 7.3665 E_h, exp. variance=156.3400 E_h^2, pmove=0.48
2026-06-02 19:27:33,036 - Step 04236: 7.3412 E_h, exp. variance=140.7742 E_h^2, pmove=0.48
2026-06-02 19:27:33,699 - Step 04237: 7.3277 E_h, exp. variance=126.7540 E_h^2, pmove=0.49
2026-06-02 19:27:34,363 - Step 04238: 7.6118 E_h, exp. variance=114.0955 E_h^2, pmove=0.49
2026-06-02 19:27:35,027 - Step 04239: 7.3666 E_h, exp. variance=102.7223 E_h^2, pmove=0.49
2026-06-02 19:27:35,691 - Step 04240: 9.4012 E_h, exp. variance=92.6426 E_h^2, pmove=0.48
2026-06-02 19:27:36,354 - Step 04241: 7.3859 E_h, exp. variance=83.4223 E_h^2, pmove=0.48
2026-06-02 19:27:37,018 - Step 04242: 7.4203 E_h, exp. variance=75.1119 E_h^2, pmove=0.48
2026-06-02 19:27:37,681 - Step 04243: 7.3691 E_h, exp. variance=67.6316 E_h^2, pmove=0.48
2026-06-02 19:27:38,344 - Step 04244: 7.4494 E_h, exp. variance=60.8864 E_h^2, pmove=0.48
2026-06-02 19:27:39,007 - Step 04245: 7.4346 E_h, exp. variance=54.8135 E_h^2, pmove=0.49
2026-06-02 19:27:39,694 - Step 04246: 7.6779 E_h, exp. variance=49.3337 E_h^2, pmove=0.48
2026-06-02 19:27:40,357 - Step 04247: 7.6015 E_h, exp. variance=44.4038 E_h^2, pmove=0.48
2026-06-02 19:27:41,021 - Step 04248: 7.7471 E_h, exp. variance=39.9635 E_h^2, pmove=0.48
2026-06-02 19:27:41,685 - Step 04249: 7.4812 E_h, exp. variance=35.9748 E_h^2, pmove=0.49
2026-06-02 19:27:42,348 - Step 04250: 7.9433 E_h, exp. variance=32.3809 E_h^2, pmove=0.49
2026-06-02 19:27:43,011 - Step 04251: 15.0511 E_h, exp. variance=33.9208 E_h^2, pmove=0.48
2026-06-02 19:27:43,675 - Step 04252: 7.2938 E_h, exp. variance=30.6583 E_h^2, pmove=0.47
2026-06-02 19:27:44,338 - Step 04253: 7.6960 E_h, exp. variance=27.6338 E_h^2, pmove=0.49
2026-06-02 19:27:45,002 - Step 04254: 7.4137 E_h, exp. variance=24.9420 E_h^2, pmove=0.48
2026-06-02 19:27:45,667 - Step 04255: 7.3322 E_h, exp. variance=22.5182 E_h^2, pmove=0.49
2026-06-02 19:27:46,333 - Step 04256: 7.3685 E_h, exp. variance=20.3183 E_h^2, pmove=0.48
2026-06-02 19:27:47,000 - Step 04257: 7.4493 E_h, exp. variance=18.3192 E_h^2, pmove=0.48
2026-06-02 19:27:47,666 - Step 04258: 7.4498 E_h, exp. variance=16.5137 E_h^2, pmove=0.48
2026-06-02 19:27:48,333 - Step 04259: 23.6652 E_h, exp. variance=37.1242 E_h^2, pmove=0.48
2026-06-02 19:27:48,998 - Step 04260: 7.2987 E_h, exp. variance=33.8521 E_h^2, pmove=0.48
2026-06-02 19:27:49,664 - Step 04261: 7.3660 E_h, exp. variance=30.7998 E_h^2, pmove=0.48
2026-06-02 19:27:50,329 - Step 04262: 7.4184 E_h, exp. variance=27.9734 E_h^2, pmove=0.49
2026-06-02 19:27:50,995 - Step 04263: 7.3309 E_h, exp. variance=25.4059 E_h^2, pmove=0.48
2026-06-02 19:27:51,661 - Step 04264: 7.3682 E_h, exp. variance=23.0420 E_h^2, pmove=0.48
2026-06-02 19:27:52,328 - Step 04265: 7.3911 E_h, exp. variance=20.8757 E_h^2, pmove=0.48
2026-06-02 19:27:52,993 - Step 04266: 7.5314 E_h, exp. variance=18.8735 E_h^2, pmove=0.48
2026-06-02 19:27:53,658 - Step 04267: 7.4510 E_h, exp. variance=17.0686 E_h^2, pmove=0.48
2026-06-02 19:27:54,323 - Step 04268: 7.3603 E_h, exp. variance=15.4433 E_h^2, pmove=0.48
2026-06-02 19:27:54,989 - Step 04269: 7.3342 E_h, exp. variance=13.9691 E_h^2, pmove=0.48
2026-06-02 19:27:55,654 - Step 04270: 7.3444 E_h, exp. variance=12.6276 E_h^2, pmove=0.49
2026-06-02 19:27:56,319 - Step 04271: 7.3309 E_h, exp. variance=11.4114 E_h^2, pmove=0.48
2026-06-02 19:27:56,985 - Step 04272: 7.3223 E_h, exp. variance=10.3090 E_h^2, pmove=0.49
2026-06-02 19:27:57,651 - Step 04273: 7.4317 E_h, exp. variance=9.2989 E_h^2, pmove=0.49
2026-06-02 19:27:58,317 - Step 04274: 7.3161 E_h, exp. variance=8.3961 E_h^2, pmove=0.49
2026-06-02 19:27:58,983 - Step 04275: 7.3732 E_h, exp. variance=7.5737 E_h^2, pmove=0.49
2026-06-02 19:27:59,648 - Step 04276: 7.3567 E_h, exp. variance=6.8314 E_h^2, pmove=0.49
2026-06-02 19:28:00,315 - Step 04277: 7.3618 E_h, exp. variance=6.1601 E_h^2, pmove=0.49
2026-06-02 19:28:00,984 - Step 04278: 7.7473 E_h, exp. variance=5.5444 E_h^2, pmove=0.49
2026-06-02 19:28:01,649 - Step 04279: 7.3513 E_h, exp. variance=5.0006 E_h^2, pmove=0.48
2026-06-02 19:28:02,316 - Step 04280: 7.3223 E_h, exp. variance=4.5108 E_h^2, pmove=0.49
2026-06-02 19:28:02,981 - Step 04281: 24.8550 E_h, exp. variance=30.7736 E_h^2, pmove=0.48
2026-06-02 19:28:03,649 - Step 04282: 7.3337 E_h, exp. variance=28.0619 E_h^2, pmove=0.48
2026-06-02 19:28:04,315 - Step 04283: 7.3883 E_h, exp. variance=25.5344 E_h^2, pmove=0.48
2026-06-02 19:28:04,980 - Step 04284: 7.9998 E_h, exp. variance=23.0660 E_h^2, pmove=0.48
2026-06-02 19:28:05,645 - Step 04285: 72.9924 E_h, exp. variance=390.7571 E_h^2, pmove=0.49
2026-06-02 19:28:06,311 - Step 04286: 7.3552 E_h, exp. variance=357.3428 E_h^2, pmove=0.49
2026-06-02 19:28:06,979 - Step 04287: 7.3947 E_h, exp. variance=326.1437 E_h^2, pmove=0.49
2026-06-02 19:28:07,644 - Step 04288: 7.7256 E_h, exp. variance=296.8321 E_h^2, pmove=0.49
2026-06-02 19:28:08,308 - Step 04289: 7.4334 E_h, exp. variance=270.1185 E_h^2, pmove=0.49
2026-06-02 19:28:08,972 - Step 04290: 7.3606 E_h, exp. variance=245.5804 E_h^2, pmove=0.48
2026-06-02 19:28:09,640 - Step 04291: 7.3061 E_h, exp. variance=223.0726 E_h^2, pmove=0.49
2026-06-02 19:28:10,308 - Step 04292: 7.2732 E_h, exp. variance=202.4516 E_h^2, pmove=0.49
2026-06-02 19:28:10,974 - Step 04293: 7.3108 E_h, exp. variance=183.5460 E_h^2, pmove=0.49
2026-06-02 19:28:11,638 - Step 04294: 7.7832 E_h, exp. variance=166.0013 E_h^2, pmove=0.48
2026-06-02 19:28:12,306 - Step 04295: 8.2542 E_h, exp. variance=149.8483 E_h^2, pmove=0.48
2026-06-02 19:28:12,970 - Step 04296: 9.2917 E_h, exp. variance=134.9478 E_h^2, pmove=0.48
2026-06-02 19:28:13,636 - Step 04297: 7.3535 E_h, exp. variance=122.1636 E_h^2, pmove=0.48
2026-06-02 19:28:14,301 - Step 04298: 7.3411 E_h, exp. variance=110.5284 E_h^2, pmove=0.48
2026-06-02 19:28:14,969 - Step 04299: 7.3378 E_h, exp. variance=99.9477 E_h^2, pmove=0.49
2026-06-02 19:28:15,634 - Step 04300: 7.7717 E_h, exp. variance=90.1913 E_h^2, pmove=0.49
2026-06-02 19:28:16,298 - Step 04301: 7.3150 E_h, exp. variance=81.5045 E_h^2, pmove=0.49
2026-06-02 19:28:16,963 - Step 04302: 7.3948 E_h, exp. variance=73.5989 E_h^2, pmove=0.49
2026-06-02 19:28:17,627 - Step 04303: 7.4588 E_h, exp. variance=66.4206 E_h^2, pmove=0.49
2026-06-02 19:28:18,294 - Step 04304: 7.6319 E_h, exp. variance=59.8885 E_h^2, pmove=0.48
2026-06-02 19:28:18,958 - Step 04305: 12.6064 E_h, exp. variance=55.3251 E_h^2, pmove=0.49
2026-06-02 19:28:19,622 - Step 04306: 7.5366 E_h, exp. variance=49.9918 E_h^2, pmove=0.48
2026-06-02 19:28:20,286 - Step 04307: 7.3413 E_h, exp. variance=45.2046 E_h^2, pmove=0.48
2026-06-02 19:28:20,953 - Step 04308: 7.2891 E_h, exp. variance=40.8690 E_h^2, pmove=0.48
2026-06-02 19:28:21,617 - Step 04309: 7.3781 E_h, exp. variance=36.9120 E_h^2, pmove=0.48
2026-06-02 19:28:22,281 - Step 04310: 7.2540 E_h, exp. variance=33.3515 E_h^2, pmove=0.48
2026-06-02 19:28:22,945 - Step 04311: 7.2906 E_h, exp. variance=30.1151 E_h^2, pmove=0.49
2026-06-02 19:28:23,612 - Step 04312: 7.2923 E_h, exp. variance=27.1834 E_h^2, pmove=0.49
2026-06-02 19:28:24,277 - Step 04313: 7.2832 E_h, exp. variance=24.5310 E_h^2, pmove=0.49
2026-06-02 19:28:24,940 - Step 04314: 7.3002 E_h, exp. variance=22.1291 E_h^2, pmove=0.49
2026-06-02 19:28:25,604 - Step 04315: 7.3490 E_h, exp. variance=19.9518 E_h^2, pmove=0.49
2026-06-02 19:28:26,271 - Step 04316: 7.3298 E_h, exp. variance=17.9875 E_h^2, pmove=0.49
2026-06-02 19:28:26,936 - Step 04317: 11.9964 E_h, exp. variance=17.7309 E_h^2, pmove=0.49
2026-06-02 19:28:27,599 - Step 04318: 7.6778 E_h, exp. variance=15.9895 E_h^2, pmove=0.48
2026-06-02 19:28:28,264 - Step 04319: 10.2164 E_h, exp. variance=14.7522 E_h^2, pmove=0.48
2026-06-02 19:28:28,928 - Step 04320: 7.4966 E_h, exp. variance=13.3524 E_h^2, pmove=0.48
2026-06-02 19:28:29,595 - Step 04321: 7.3372 E_h, exp. variance=12.1042 E_h^2, pmove=0.48
2026-06-02 19:28:30,259 - Step 04322: 7.3081 E_h, exp. variance=10.9690 E_h^2, pmove=0.48
2026-06-02 19:28:30,923 - Step 04323: 7.4170 E_h, exp. variance=9.9180 E_h^2, pmove=0.48
2026-06-02 19:28:31,588 - Step 04324: 7.2936 E_h, exp. variance=8.9790 E_h^2, pmove=0.49
2026-06-02 19:28:32,255 - Step 04325: 7.6188 E_h, exp. variance=8.0930 E_h^2, pmove=0.48
2026-06-02 19:28:32,918 - Step 04326: 8.1681 E_h, exp. variance=7.2881 E_h^2, pmove=0.49
2026-06-02 19:28:33,581 - Step 04327: 7.3840 E_h, exp. variance=6.5901 E_h^2, pmove=0.48
2026-06-02 19:28:34,244 - Step 04328: 7.3628 E_h, exp. variance=5.9580 E_h^2, pmove=0.48
2026-06-02 19:28:34,910 - Step 04329: 7.3020 E_h, exp. variance=5.3898 E_h^2, pmove=0.48
2026-06-02 19:28:35,573 - Step 04330: 7.8680 E_h, exp. variance=4.8512 E_h^2, pmove=0.48
2026-06-02 19:28:36,236 - Step 04331: 7.3356 E_h, exp. variance=4.3861 E_h^2, pmove=0.48
2026-06-02 19:28:36,899 - Step 04332: 7.2990 E_h, exp. variance=3.9666 E_h^2, pmove=0.49
2026-06-02 19:28:37,562 - Step 04333: 7.3203 E_h, exp. variance=3.5838 E_h^2, pmove=0.49
2026-06-02 19:28:38,230 - Step 04334: 7.3538 E_h, exp. variance=3.2347 E_h^2, pmove=0.48
2026-06-02 19:28:38,892 - Step 04335: 7.3444 E_h, exp. variance=2.9192 E_h^2, pmove=0.48
2026-06-02 19:28:39,554 - Step 04336: 7.3579 E_h, exp. variance=2.6331 E_h^2, pmove=0.48
2026-06-02 19:28:40,217 - Step 04337: 7.3578 E_h, exp. variance=2.3746 E_h^2, pmove=0.48
2026-06-02 19:28:40,883 - Step 04338: 7.7392 E_h, exp. variance=2.1399 E_h^2, pmove=0.48
2026-06-02 19:28:41,546 - Step 04339: 7.4005 E_h, exp. variance=1.9288 E_h^2, pmove=0.49
2026-06-02 19:28:42,209 - Step 04340: 8.1066 E_h, exp. variance=1.7625 E_h^2, pmove=0.48
2026-06-02 19:28:42,873 - Step 04341: 7.4083 E_h, exp. variance=1.5902 E_h^2, pmove=0.48
2026-06-02 19:28:43,538 - Step 04342: 7.3119 E_h, exp. variance=1.4385 E_h^2, pmove=0.48
2026-06-02 19:28:44,201 - Step 04343: 7.3161 E_h, exp. variance=1.3004 E_h^2, pmove=0.48
2026-06-02 19:28:44,865 - Step 04344: 7.3574 E_h, exp. variance=1.1734 E_h^2, pmove=0.48
2026-06-02 19:28:45,528 - Step 04345: 7.3566 E_h, exp. variance=1.0586 E_h^2, pmove=0.48
2026-06-02 19:28:46,192 - Step 04346: 7.3767 E_h, exp. variance=0.9543 E_h^2, pmove=0.49
2026-06-02 19:28:46,857 - Step 04347: 7.6107 E_h, exp. variance=0.8601 E_h^2, pmove=0.49
2026-06-02 19:28:47,520 - Step 04348: 7.3035 E_h, exp. variance=0.7778 E_h^2, pmove=0.49
2026-06-02 19:28:48,184 - Step 04349: 7.2934 E_h, exp. variance=0.7033 E_h^2, pmove=0.48
2026-06-02 19:28:48,848 - Step 04350: 7.2970 E_h, exp. variance=0.6356 E_h^2, pmove=0.48
2026-06-02 19:28:49,511 - Step 04351: 7.3669 E_h, exp. variance=0.5727 E_h^2, pmove=0.49
2026-06-02 19:28:50,174 - Step 04352: 7.3342 E_h, exp. variance=0.5164 E_h^2, pmove=0.49
2026-06-02 19:28:50,838 - Step 04353: 7.2830 E_h, exp. variance=0.4667 E_h^2, pmove=0.49
2026-06-02 19:28:51,501 - Step 04354: 7.3380 E_h, exp. variance=0.4206 E_h^2, pmove=0.49
2026-06-02 19:28:52,163 - Step 04355: 7.3120 E_h, exp. variance=0.3794 E_h^2, pmove=0.48
2026-06-02 19:28:52,826 - Step 04356: 7.3547 E_h, exp. variance=0.3416 E_h^2, pmove=0.49
2026-06-02 19:28:53,488 - Step 04357: 7.2934 E_h, exp. variance=0.3084 E_h^2, pmove=0.48
2026-06-02 19:28:54,151 - Step 04358: 7.3009 E_h, exp. variance=0.2782 E_h^2, pmove=0.48
2026-06-02 19:28:54,816 - Step 04359: 7.3558 E_h, exp. variance=0.2504 E_h^2, pmove=0.48
2026-06-02 19:28:55,479 - Step 04360: 8.1009 E_h, exp. variance=0.2729 E_h^2, pmove=0.48
2026-06-02 19:28:56,142 - Step 04361: 7.5050 E_h, exp. variance=0.2459 E_h^2, pmove=0.48
2026-06-02 19:28:56,806 - Step 04362: 7.6975 E_h, exp. variance=0.2268 E_h^2, pmove=0.48
2026-06-02 19:28:57,470 - Step 04363: 7.3328 E_h, exp. variance=0.2059 E_h^2, pmove=0.49
2026-06-02 19:28:58,135 - Step 04364: 7.3417 E_h, exp. variance=0.1867 E_h^2, pmove=0.48
2026-06-02 19:28:58,799 - Step 04365: 7.4199 E_h, exp. variance=0.1681 E_h^2, pmove=0.49
2026-06-02 19:28:59,462 - Step 04366: 7.4898 E_h, exp. variance=0.1514 E_h^2, pmove=0.48
2026-06-02 19:29:00,128 - Step 04367: 7.5907 E_h, exp. variance=0.1380 E_h^2, pmove=0.49
2026-06-02 19:29:00,794 - Step 04368: 12.0918 E_h, exp. variance=2.0505 E_h^2, pmove=0.49
2026-06-02 19:29:01,458 - Step 04369: 7.3285 E_h, exp. variance=1.8778 E_h^2, pmove=0.48
2026-06-02 19:29:02,122 - Step 04370: 7.5811 E_h, exp. variance=1.6974 E_h^2, pmove=0.48
2026-06-02 19:29:02,786 - Step 04371: 7.8466 E_h, exp. variance=1.5277 E_h^2, pmove=0.48
2026-06-02 19:29:03,451 - Step 04372: 7.3586 E_h, exp. variance=1.3958 E_h^2, pmove=0.48
2026-06-02 19:29:04,114 - Step 04373: 7.3502 E_h, exp. variance=1.2738 E_h^2, pmove=0.48
2026-06-02 19:29:04,777 - Step 04374: 7.3280 E_h, exp. variance=1.1623 E_h^2, pmove=0.49
2026-06-02 19:29:05,442 - Step 04375: 7.3075 E_h, exp. variance=1.0603 E_h^2, pmove=0.49
2026-06-02 19:29:06,108 - Step 04376: 7.3373 E_h, exp. variance=0.9640 E_h^2, pmove=0.48
2026-06-02 19:29:06,777 - Step 04377: 7.2743 E_h, exp. variance=0.8792 E_h^2, pmove=0.49
2026-06-02 19:29:07,442 - Step 04378: 7.2733 E_h, exp. variance=0.8007 E_h^2, pmove=0.49
2026-06-02 19:29:08,106 - Step 04379: 7.3186 E_h, exp. variance=0.7261 E_h^2, pmove=0.49
2026-06-02 19:29:08,770 - Step 04380: 10.4671 E_h, exp. variance=1.4245 E_h^2, pmove=0.49
2026-06-02 19:29:09,434 - Step 04381: 7.2824 E_h, exp. variance=1.3093 E_h^2, pmove=0.49
2026-06-02 19:29:10,099 - Step 04382: 7.3223 E_h, exp. variance=1.1971 E_h^2, pmove=0.49
2026-06-02 19:29:10,762 - Step 04383: 7.5133 E_h, exp. variance=1.0817 E_h^2, pmove=0.49
2026-06-02 19:29:11,425 - Step 04384: 7.2965 E_h, exp. variance=0.9889 E_h^2, pmove=0.48
2026-06-02 19:29:12,088 - Step 04385: 7.3162 E_h, exp. variance=0.9012 E_h^2, pmove=0.49
2026-06-02 19:29:12,751 - Step 04386: 7.3786 E_h, exp. variance=0.8170 E_h^2, pmove=0.48
2026-06-02 19:29:13,414 - Step 04387: 7.3258 E_h, exp. variance=0.7425 E_h^2, pmove=0.48
2026-06-02 19:29:14,076 - Step 04388: 7.3481 E_h, exp. variance=0.6731 E_h^2, pmove=0.48
2026-06-02 19:29:14,740 - Step 04389: 7.3146 E_h, exp. variance=0.6110 E_h^2, pmove=0.48
2026-06-02 19:29:15,403 - Step 04390: 7.2462 E_h, exp. variance=0.5573 E_h^2, pmove=0.48
2026-06-02 19:29:16,066 - Step 04391: 7.2990 E_h, exp. variance=0.5054 E_h^2, pmove=0.49
2026-06-02 19:29:16,730 - Step 04392: 7.9655 E_h, exp. variance=0.4757 E_h^2, pmove=0.49
2026-06-02 19:29:17,398 - Step 04393: 7.3218 E_h, exp. variance=0.4321 E_h^2, pmove=0.48
2026-06-02 19:29:18,063 - Step 04394: 7.5887 E_h, exp. variance=0.3895 E_h^2, pmove=0.48
2026-06-02 19:29:18,726 - Step 04395: 7.3181 E_h, exp. variance=0.3541 E_h^2, pmove=0.48
2026-06-02 19:29:19,389 - Step 04396: 7.3385 E_h, exp. variance=0.3210 E_h^2, pmove=0.49
2026-06-02 19:29:20,054 - Step 04397: 24.3054 E_h, exp. variance=25.7601 E_h^2, pmove=0.48
2026-06-02 19:29:20,721 - Step 04398: 7.2362 E_h, exp. variance=23.5188 E_h^2, pmove=0.48
2026-06-02 19:29:21,385 - Step 04399: 7.3207 E_h, exp. variance=21.4123 E_h^2, pmove=0.48
2026-06-02 19:29:22,048 - Step 04400: 7.3021 E_h, exp. variance=19.4748 E_h^2, pmove=0.48
2026-06-02 19:29:22,710 - Step 04401: 7.3621 E_h, exp. variance=17.6781 E_h^2, pmove=0.48
2026-06-02 19:29:23,377 - Step 04402: 18.6523 E_h, exp. variance=25.1374 E_h^2, pmove=0.49
2026-06-02 19:29:24,043 - Step 04403: 20.8898 E_h, exp. variance=34.2185 E_h^2, pmove=0.48
2026-06-02 19:29:24,706 - Step 04404: 7.4439 E_h, exp. variance=31.7359 E_h^2, pmove=0.48
2026-06-02 19:29:25,368 - Step 04405: 7.4587 E_h, exp. variance=29.3154 E_h^2, pmove=0.48
2026-06-02 19:29:26,032 - Step 04406: 8.2243 E_h, exp. variance=26.6878 E_h^2, pmove=0.49
2026-06-02 19:29:26,694 - Step 04407: 7.3302 E_h, exp. variance=24.6035 E_h^2, pmove=0.49
2026-06-02 19:29:27,357 - Step 04408: 7.3567 E_h, exp. variance=22.6056 E_h^2, pmove=0.49
2026-06-02 19:29:28,020 - Step 04409: 7.3681 E_h, exp. variance=20.7154 E_h^2, pmove=0.48
2026-06-02 19:29:28,683 - Step 04410: 7.3440 E_h, exp. variance=18.9519 E_h^2, pmove=0.48
2026-06-02 19:29:29,348 - Step 04411: 7.9941 E_h, exp. variance=17.1494 E_h^2, pmove=0.49
2026-06-02 19:29:30,012 - Step 04412: 10.1822 E_h, exp. variance=15.5807 E_h^2, pmove=0.48
2026-06-02 19:29:30,675 - Step 04413: 7.3548 E_h, exp. variance=14.2767 E_h^2, pmove=0.48
2026-06-02 19:29:31,337 - Step 04414: 7.3499 E_h, exp. variance=13.0562 E_h^2, pmove=0.48
2026-06-02 19:29:32,001 - Step 04415: 7.4856 E_h, exp. variance=11.8866 E_h^2, pmove=0.48
2026-06-02 19:29:32,664 - Step 04416: 7.4885 E_h, exp. variance=10.8076 E_h^2, pmove=0.49
2026-06-02 19:29:33,326 - Step 04417: 7.4007 E_h, exp. variance=9.8321 E_h^2, pmove=0.48
2026-06-02 19:29:33,989 - Step 04418: 7.3104 E_h, exp. variance=8.9507 E_h^2, pmove=0.48
2026-06-02 19:29:34,655 - Step 04419: 7.3197 E_h, exp. variance=8.1364 E_h^2, pmove=0.48
2026-06-02 19:29:35,318 - Step 04420: 7.3147 E_h, exp. variance=7.3890 E_h^2, pmove=0.49
2026-06-02 19:29:35,980 - Step 04421: 7.3239 E_h, exp. variance=6.7025 E_h^2, pmove=0.48
2026-06-02 19:29:36,642 - Step 04422: 7.6515 E_h, exp. variance=6.0439 E_h^2, pmove=0.48
2026-06-02 19:29:37,307 - Step 04423: 7.3013 E_h, exp. variance=5.4803 E_h^2, pmove=0.48
2026-06-02 19:29:37,970 - Step 04424: 7.3734 E_h, exp. variance=4.9579 E_h^2, pmove=0.49
2026-06-02 19:29:38,633 - Step 04425: 7.3337 E_h, exp. variance=4.4865 E_h^2, pmove=0.49
2026-06-02 19:29:39,296 - Step 04426: 7.3578 E_h, exp. variance=4.0556 E_h^2, pmove=0.49
2026-06-02 19:29:39,958 - Step 04427: 7.4638 E_h, exp. variance=3.6578 E_h^2, pmove=0.48
2026-06-02 19:29:40,624 - Step 04428: 8.6788 E_h, exp. variance=3.3733 E_h^2, pmove=0.48
2026-06-02 19:29:41,286 - Step 04429: 7.2824 E_h, exp. variance=3.0623 E_h^2, pmove=0.49
2026-06-02 19:29:41,949 - Step 04430: 7.4886 E_h, exp. variance=2.7632 E_h^2, pmove=0.49
2026-06-02 19:29:42,612 - Step 04431: 7.4323 E_h, exp. variance=2.4954 E_h^2, pmove=0.48
2026-06-02 19:29:43,278 - Step 04432: 8.1980 E_h, exp. variance=2.2673 E_h^2, pmove=0.48
2026-06-02 19:29:43,941 - Step 04433: 7.3063 E_h, exp. variance=2.0590 E_h^2, pmove=0.49
2026-06-02 19:29:44,603 - Step 04434: 7.2806 E_h, exp. variance=1.8700 E_h^2, pmove=0.49
2026-06-02 19:29:45,266 - Step 04435: 7.2894 E_h, exp. variance=1.6961 E_h^2, pmove=0.49
2026-06-02 19:29:45,931 - Step 04436: 7.3552 E_h, exp. variance=1.5334 E_h^2, pmove=0.49
2026-06-02 19:29:46,593 - Step 04437: 7.3487 E_h, exp. variance=1.3859 E_h^2, pmove=0.49
2026-06-02 19:29:47,256 - Step 04438: 7.2667 E_h, exp. variance=1.2561 E_h^2, pmove=0.48
2026-06-02 19:29:47,918 - Step 04439: 7.3038 E_h, exp. variance=1.1359 E_h^2, pmove=0.49
2026-06-02 19:29:48,582 - Step 04440: 7.4936 E_h, exp. variance=1.0223 E_h^2, pmove=0.49
2026-06-02 19:29:49,247 - Step 04441: 7.3804 E_h, exp. variance=0.9219 E_h^2, pmove=0.48
2026-06-02 19:29:49,910 - Step 04442: 7.4567 E_h, exp. variance=0.8299 E_h^2, pmove=0.49
2026-06-02 19:29:50,573 - Step 04443: 7.4720 E_h, exp. variance=0.7470 E_h^2, pmove=0.49
2026-06-02 19:29:51,236 - Step 04444: 7.9799 E_h, exp. variance=0.6932 E_h^2, pmove=0.49
2026-06-02 19:29:51,903 - Step 04445: 7.2979 E_h, exp. variance=0.6294 E_h^2, pmove=0.49
2026-06-02 19:29:52,565 - Step 04446: 7.2990 E_h, exp. variance=0.5709 E_h^2, pmove=0.49
2026-06-02 19:29:53,229 - Step 04447: 7.5021 E_h, exp. variance=0.5138 E_h^2, pmove=0.49
2026-06-02 19:29:53,892 - Step 04448: 7.3147 E_h, exp. variance=0.4655 E_h^2, pmove=0.49
2026-06-02 19:29:54,559 - Step 04449: 7.3162 E_h, exp. variance=0.4214 E_h^2, pmove=0.48
2026-06-02 19:29:55,223 - Step 04450: 7.3041 E_h, exp. variance=0.3816 E_h^2, pmove=0.49
2026-06-02 19:29:55,888 - Step 04451: 7.3217 E_h, exp. variance=0.3449 E_h^2, pmove=0.48
2026-06-02 19:29:56,552 - Step 04452: 7.3018 E_h, exp. variance=0.3120 E_h^2, pmove=0.49
2026-06-02 19:29:57,218 - Step 04453: 12.5910 E_h, exp. variance=2.6850 E_h^2, pmove=0.49
2026-06-02 19:29:57,882 - Step 04454: 7.3056 E_h, exp. variance=2.4526 E_h^2, pmove=0.48
2026-06-02 19:29:58,545 - Step 04455: 7.3741 E_h, exp. variance=2.2300 E_h^2, pmove=0.48
2026-06-02 19:29:59,208 - Step 04456: 7.3142 E_h, exp. variance=2.0306 E_h^2, pmove=0.48
2026-06-02 19:29:59,869 - Step 04457: 7.3011 E_h, exp. variance=1.8477 E_h^2, pmove=0.48
2026-06-02 19:30:00,536 - Step 04458: 7.2927 E_h, exp. variance=1.6799 E_h^2, pmove=0.48
2026-06-02 19:30:01,200 - Step 04459: 7.6402 E_h, exp. variance=1.5121 E_h^2, pmove=0.49
2026-06-02 19:30:01,864 - Step 04460: 8.8449 E_h, exp. variance=1.4831 E_h^2, pmove=0.49
2026-06-02 19:30:02,528 - Step 04461: 7.4091 E_h, exp. variance=1.3483 E_h^2, pmove=0.48
2026-06-02 19:30:03,191 - Step 04462: 10.2113 E_h, exp. variance=1.7554 E_h^2, pmove=0.48
2026-06-02 19:30:03,855 - Step 04463: 7.3909 E_h, exp. variance=1.6136 E_h^2, pmove=0.49
2026-06-02 19:30:04,519 - Step 04464: 7.3074 E_h, exp. variance=1.4884 E_h^2, pmove=0.48
2026-06-02 19:30:05,184 - Step 04465: 7.3313 E_h, exp. variance=1.3665 E_h^2, pmove=0.49
2026-06-02 19:30:05,848 - Step 04466: 7.3442 E_h, exp. variance=1.2505 E_h^2, pmove=0.48
2026-06-02 19:30:06,511 - Step 04467: 7.5003 E_h, exp. variance=1.1323 E_h^2, pmove=0.48
2026-06-02 19:30:07,173 - Step 04468: 7.3975 E_h, exp. variance=1.0301 E_h^2, pmove=0.49
2026-06-02 19:30:07,836 - Step 04469: 7.4098 E_h, exp. variance=0.9354 E_h^2, pmove=0.49
2026-06-02 19:30:08,500 - Step 04470: 7.4044 E_h, exp. variance=0.8488 E_h^2, pmove=0.48
2026-06-02 19:30:09,164 - Step 04471: 7.3746 E_h, exp. variance=0.7710 E_h^2, pmove=0.48
2026-06-02 19:30:09,825 - Step 04472: 7.3552 E_h, exp. variance=0.7005 E_h^2, pmove=0.49
2026-06-02 19:30:10,488 - Step 04473: 7.4351 E_h, exp. variance=0.6329 E_h^2, pmove=0.48
2026-06-02 19:30:11,152 - Step 04474: 7.3888 E_h, exp. variance=0.5730 E_h^2, pmove=0.49
2026-06-02 19:30:11,816 - Step 04475: 7.2985 E_h, exp. variance=0.5221 E_h^2, pmove=0.48
2026-06-02 19:30:12,478 - Step 04476: 7.2680 E_h, exp. variance=0.4764 E_h^2, pmove=0.49
2026-06-02 19:30:13,141 - Step 04477: 7.3630 E_h, exp. variance=0.4307 E_h^2, pmove=0.49
2026-06-02 19:30:13,805 - Step 04478: 7.3196 E_h, exp. variance=0.3904 E_h^2, pmove=0.49
2026-06-02 19:30:14,468 - Step 04479: 7.5307 E_h, exp. variance=0.3516 E_h^2, pmove=0.48
2026-06-02 19:30:15,134 - Step 04480: 7.4345 E_h, exp. variance=0.3167 E_h^2, pmove=0.48
2026-06-02 19:30:15,797 - Step 04481: 7.3736 E_h, exp. variance=0.2860 E_h^2, pmove=0.48
2026-06-02 19:30:16,460 - Step 04482: 7.4005 E_h, exp. variance=0.2578 E_h^2, pmove=0.49
2026-06-02 19:30:17,124 - Step 04483: 42.1709 E_h, exp. variance=108.6610 E_h^2, pmove=0.49
2026-06-02 19:30:17,787 - Step 04484: 7.4930 E_h, exp. variance=98.8594 E_h^2, pmove=0.48
2026-06-02 19:30:18,488 - Step 04485: 7.4003 E_h, exp. variance=89.8881 E_h^2, pmove=0.49
2026-06-02 19:30:19,151 - Step 04486: 7.4296 E_h, exp. variance=81.6251 E_h^2, pmove=0.48
2026-06-02 19:30:19,816 - Step 04487: 7.3101 E_h, exp. variance=74.1068 E_h^2, pmove=0.49
2026-06-02 19:30:20,484 - Step 04488: 7.3361 E_h, exp. variance=67.2067 E_h^2, pmove=0.48
2026-06-02 19:30:21,149 - Step 04489: 7.3269 E_h, exp. variance=60.9031 E_h^2, pmove=0.48
2026-06-02 19:30:21,813 - Step 04490: 7.3055 E_h, exp. variance=55.1582 E_h^2, pmove=0.48
2026-06-02 19:30:22,476 - Step 04491: 7.3711 E_h, exp. variance=49.9017 E_h^2, pmove=0.48
2026-06-02 19:30:23,139 - Step 04492: 7.3086 E_h, exp. variance=45.1391 E_h^2, pmove=0.48
2026-06-02 19:30:23,804 - Step 04493: 7.2839 E_h, exp. variance=40.8160 E_h^2, pmove=0.48
2026-06-02 19:30:24,468 - Step 04494: 7.3145 E_h, exp. variance=36.8818 E_h^2, pmove=0.48
2026-06-02 19:30:25,133 - Step 04495: 7.3406 E_h, exp. variance=33.3076 E_h^2, pmove=0.48
2026-06-02 19:30:25,797 - Step 04496: 7.4212 E_h, exp. variance=30.0551 E_h^2, pmove=0.49
2026-06-02 19:30:26,462 - Step 04497: 7.4449 E_h, exp. variance=27.1094 E_h^2, pmove=0.48
2026-06-02 19:30:27,126 - Step 04498: 7.5353 E_h, exp. variance=24.4358 E_h^2, pmove=0.49
2026-06-02 19:30:27,791 - Step 04499: 7.3026 E_h, exp. variance=22.0515 E_h^2, pmove=0.49
2026-06-02 19:30:28,458 - Step 04500: 7.3341 E_h, exp. variance=19.8904 E_h^2, pmove=0.49
2026-06-02 19:30:29,121 - Step 04501: 7.3621 E_h, exp. variance=17.9339 E_h^2, pmove=0.49
2026-06-02 19:30:29,786 - Step 04502: 7.5109 E_h, exp. variance=16.1543 E_h^2, pmove=0.49
2026-06-02 19:30:30,451 - Step 04503: 7.4801 E_h, exp. variance=14.5522 E_h^2, pmove=0.48
2026-06-02 19:30:31,116 - Step 04504: 7.3522 E_h, exp. variance=13.1171 E_h^2, pmove=0.49
2026-06-02 19:30:31,783 - Step 04505: 7.8520 E_h, exp. variance=11.8059 E_h^2, pmove=0.48
2026-06-02 19:30:32,448 - Step 04506: 7.3132 E_h, exp. variance=10.6454 E_h^2, pmove=0.48
2026-06-02 19:30:33,113 - Step 04507: 7.3352 E_h, exp. variance=9.5955 E_h^2, pmove=0.48
2026-06-02 19:30:33,776 - Step 04508: 7.8393 E_h, exp. variance=8.6377 E_h^2, pmove=0.48
2026-06-02 19:30:34,444 - Step 04509: 7.3913 E_h, exp. variance=7.7832 E_h^2, pmove=0.48
2026-06-02 19:30:35,108 - Step 04510: 7.4583 E_h, exp. variance=7.0093 E_h^2, pmove=0.48
2026-06-02 19:30:35,772 - Step 04511: 7.4466 E_h, exp. variance=6.3124 E_h^2, pmove=0.48
2026-06-02 19:30:36,436 - Step 04512: 7.6705 E_h, exp. variance=5.6813 E_h^2, pmove=0.49
2026-06-02 19:30:37,104 - Step 04513: 7.3262 E_h, exp. variance=5.1220 E_h^2, pmove=0.49
2026-06-02 19:30:37,771 - Step 04514: 7.3081 E_h, exp. variance=4.6180 E_h^2, pmove=0.48
2026-06-02 19:30:38,436 - Step 04515: 7.4703 E_h, exp. variance=4.1572 E_h^2, pmove=0.48
2026-06-02 19:30:39,101 - Step 04516: 7.4285 E_h, exp. variance=3.7433 E_h^2, pmove=0.48
2026-06-02 19:30:39,768 - Step 04517: 7.3904 E_h, exp. variance=3.3713 E_h^2, pmove=0.48
2026-06-02 19:30:40,432 - Step 04518: 7.2989 E_h, exp. variance=3.0393 E_h^2, pmove=0.49
2026-06-02 19:30:41,097 - Step 04519: 7.2924 E_h, exp. variance=2.7398 E_h^2, pmove=0.48
2026-06-02 19:30:41,763 - Step 04520: 7.2891 E_h, exp. variance=2.4695 E_h^2, pmove=0.49
2026-06-02 19:30:42,427 - Step 04521: 7.2511 E_h, exp. variance=2.2269 E_h^2, pmove=0.49
2026-06-02 19:30:43,094 - Step 04522: 7.2478 E_h, exp. variance=2.0079 E_h^2, pmove=0.48
2026-06-02 19:30:43,758 - Step 04523: 7.2840 E_h, exp. variance=1.8090 E_h^2, pmove=0.49
2026-06-02 19:30:44,422 - Step 04524: 7.2618 E_h, exp. variance=1.6302 E_h^2, pmove=0.48
2026-06-02 19:30:45,086 - Step 04525: 7.3419 E_h, exp. variance=1.4675 E_h^2, pmove=0.48
2026-06-02 19:30:45,752 - Step 04526: 7.3132 E_h, exp. variance=1.3213 E_h^2, pmove=0.48
2026-06-02 19:30:46,416 - Step 04527: 7.2913 E_h, exp. variance=1.1900 E_h^2, pmove=0.49
2026-06-02 19:30:47,081 - Step 04528: 7.2731 E_h, exp. variance=1.0719 E_h^2, pmove=0.48
2026-06-02 19:30:47,745 - Step 04529: 7.3080 E_h, exp. variance=0.9650 E_h^2, pmove=0.49
2026-06-02 19:30:48,412 - Step 04530: 7.3419 E_h, exp. variance=0.8686 E_h^2, pmove=0.49
2026-06-02 19:30:49,076 - Step 04531: 7.3172 E_h, exp. variance=0.7819 E_h^2, pmove=0.49
2026-06-02 19:30:49,739 - Step 04532: 15.7195 E_h, exp. variance=7.0018 E_h^2, pmove=0.48
2026-06-02 19:30:50,403 - Step 04533: 7.3433 E_h, exp. variance=6.3662 E_h^2, pmove=0.48
2026-06-02 19:30:51,070 - Step 04534: 7.3057 E_h, exp. variance=5.7872 E_h^2, pmove=0.48
2026-06-02 19:30:51,735 - Step 04535: 7.3277 E_h, exp. variance=5.2524 E_h^2, pmove=0.49
2026-06-02 19:30:52,410 - Step 04536: 7.3054 E_h, exp. variance=4.7652 E_h^2, pmove=0.48
2026-06-02 19:30:53,074 - Step 04537: 7.3001 E_h, exp. variance=4.3201 E_h^2, pmove=0.49
2026-06-02 19:30:53,739 - Step 04538: 7.6059 E_h, exp. variance=3.8927 E_h^2, pmove=0.48
2026-06-02 19:30:54,406 - Step 04539: 7.2544 E_h, exp. variance=3.5312 E_h^2, pmove=0.49
2026-06-02 19:30:55,071 - Step 04540: 7.3185 E_h, exp. variance=3.1951 E_h^2, pmove=0.48
2026-06-02 19:30:55,735 - Step 04541: 7.3421 E_h, exp. variance=2.8878 E_h^2, pmove=0.49
2026-06-02 19:30:56,400 - Step 04542: 7.3129 E_h, exp. variance=2.6107 E_h^2, pmove=0.49
2026-06-02 19:30:57,068 - Step 04543: 7.2704 E_h, exp. variance=2.3618 E_h^2, pmove=0.49
2026-06-02 19:30:57,733 - Step 04544: 7.3437 E_h, exp. variance=2.1315 E_h^2, pmove=0.48
2026-06-02 19:30:58,397 - Step 04545: 8.2936 E_h, exp. variance=1.9649 E_h^2, pmove=0.49
2026-06-02 19:30:59,061 - Step 04546: 9.5659 E_h, exp. variance=2.0998 E_h^2, pmove=0.49
2026-06-02 19:30:59,728 - Step 04547: 7.4861 E_h, exp. variance=1.9010 E_h^2, pmove=0.48
2026-06-02 19:31:00,394 - Step 04548: 7.3798 E_h, exp. variance=1.7271 E_h^2, pmove=0.49
2026-06-02 19:31:01,058 - Step 04549: 7.3441 E_h, exp. variance=1.5700 E_h^2, pmove=0.48
2026-06-02 19:31:01,722 - Step 04550: 7.3114 E_h, exp. variance=1.4280 E_h^2, pmove=0.48
2026-06-02 19:31:02,386 - Step 04551: 7.7740 E_h, exp. variance=1.2860 E_h^2, pmove=0.48
2026-06-02 19:31:03,053 - Step 04552: 7.4522 E_h, exp. variance=1.1624 E_h^2, pmove=0.49
2026-06-02 19:31:03,717 - Step 04553: 7.3935 E_h, exp. variance=1.0528 E_h^2, pmove=0.48
2026-06-02 19:31:04,382 - Step 04554: 7.4079 E_h, exp. variance=0.9523 E_h^2, pmove=0.48
2026-06-02 19:31:05,047 - Step 04555: 7.3262 E_h, exp. variance=0.8645 E_h^2, pmove=0.49
2026-06-02 19:31:05,714 - Step 04556: 7.2896 E_h, exp. variance=0.7860 E_h^2, pmove=0.48
2026-06-02 19:31:06,378 - Step 04557: 7.2835 E_h, exp. variance=0.7140 E_h^2, pmove=0.48
2026-06-02 19:31:07,043 - Step 04558: 7.3533 E_h, exp. variance=0.6454 E_h^2, pmove=0.49
2026-06-02 19:31:07,707 - Step 04559: 7.3067 E_h, exp. variance=0.5846 E_h^2, pmove=0.48
2026-06-02 19:31:08,377 - Step 04560: 7.3386 E_h, exp. variance=0.5283 E_h^2, pmove=0.49
2026-06-02 19:31:09,041 - Step 04561: 7.3621 E_h, exp. variance=0.4766 E_h^2, pmove=0.48
2026-06-02 19:31:09,705 - Step 04562: 7.2914 E_h, exp. variance=0.4316 E_h^2, pmove=0.49
2026-06-02 19:31:10,369 - Step 04563: 7.3744 E_h, exp. variance=0.3889 E_h^2, pmove=0.49
2026-06-02 19:31:11,035 - Step 04564: 7.2868 E_h, exp. variance=0.3521 E_h^2, pmove=0.49
2026-06-02 19:31:11,699 - Step 04565: 7.3130 E_h, exp. variance=0.3180 E_h^2, pmove=0.49
2026-06-02 19:31:12,364 - Step 04566: 7.3135 E_h, exp. variance=0.2871 E_h^2, pmove=0.49
2026-06-02 19:31:13,029 - Step 04567: 7.3424 E_h, exp. variance=0.2588 E_h^2, pmove=0.48
2026-06-02 19:31:13,693 - Step 04568: 7.3018 E_h, exp. variance=0.2337 E_h^2, pmove=0.48
2026-06-02 19:31:14,358 - Step 04569: 7.2926 E_h, exp. variance=0.2111 E_h^2, pmove=0.48
2026-06-02 19:31:15,073 - Step 04570: 7.2857 E_h, exp. variance=0.1908 E_h^2, pmove=0.48
2026-06-02 19:31:15,740 - Step 04571: 7.2542 E_h, exp. variance=0.1729 E_h^2, pmove=0.48
2026-06-02 19:31:16,408 - Step 04572: 7.2962 E_h, exp. variance=0.1560 E_h^2, pmove=0.49
2026-06-02 19:31:17,074 - Step 04573: 7.3625 E_h, exp. variance=0.1404 E_h^2, pmove=0.48
2026-06-02 19:31:17,739 - Step 04574: 7.6924 E_h, exp. variance=0.1367 E_h^2, pmove=0.48
2026-06-02 19:31:18,405 - Step 04575: 7.4599 E_h, exp. variance=0.1235 E_h^2, pmove=0.49
2026-06-02 19:31:19,069 - Step 04576: 7.3833 E_h, exp. variance=0.1112 E_h^2, pmove=0.49
2026-06-02 19:31:19,736 - Step 04577: 8.2444 E_h, exp. variance=0.1654 E_h^2, pmove=0.48
2026-06-02 19:31:20,403 - Step 04578: 7.6087 E_h, exp. variance=0.1504 E_h^2, pmove=0.49
2026-06-02 19:31:21,066 - Step 04579: 9.4496 E_h, exp. variance=0.4806 E_h^2, pmove=0.48
2026-06-02 19:31:21,729 - Step 04580: 7.4938 E_h, exp. variance=0.4359 E_h^2, pmove=0.48
2026-06-02 19:31:22,394 - Step 04581: 7.3299 E_h, exp. variance=0.4026 E_h^2, pmove=0.49
2026-06-02 19:31:23,057 - Step 04582: 7.2778 E_h, exp. variance=0.3737 E_h^2, pmove=0.49
2026-06-02 19:31:23,721 - Step 04583: 7.8240 E_h, exp. variance=0.3409 E_h^2, pmove=0.49
2026-06-02 19:31:24,384 - Step 04584: 7.3705 E_h, exp. variance=0.3125 E_h^2, pmove=0.48
2026-06-02 19:31:25,047 - Step 04585: 7.2527 E_h, exp. variance=0.2918 E_h^2, pmove=0.49
2026-06-02 19:31:25,710 - Step 04586: 7.2825 E_h, exp. variance=0.2696 E_h^2, pmove=0.49
2026-06-02 19:31:26,375 - Step 04587: 7.3204 E_h, exp. variance=0.2468 E_h^2, pmove=0.49
2026-06-02 19:31:27,041 - Step 04588: 7.3116 E_h, exp. variance=0.2257 E_h^2, pmove=0.49
2026-06-02 19:31:27,707 - Step 04589: 7.6150 E_h, exp. variance=0.2045 E_h^2, pmove=0.49
2026-06-02 19:31:28,374 - Step 04590: 7.3271 E_h, exp. variance=0.1869 E_h^2, pmove=0.48
2026-06-02 19:31:29,040 - Step 04591: 7.2737 E_h, exp. variance=0.1723 E_h^2, pmove=0.49
2026-06-02 19:31:29,705 - Step 04592: 7.2797 E_h, exp. variance=0.1581 E_h^2, pmove=0.48
2026-06-02 19:31:30,372 - Step 04593: 8.7170 E_h, exp. variance=0.2875 E_h^2, pmove=0.48
2026-06-02 19:31:31,038 - Step 04594: 7.2932 E_h, exp. variance=0.2659 E_h^2, pmove=0.49
2026-06-02 19:31:31,039 - Saving checkpoint results/bilayer-bosons/BosonNet/N24_layers12_12_rs2.5_d2.5_D20.0_sq/qmcjax_ckpt_004594.npz
2026-06-02 19:31:31,747 - Step 04595: 7.3817 E_h, exp. variance=0.2417 E_h^2, pmove=0.48
2026-06-02 19:31:32,413 - Step 04596: 7.2790 E_h, exp. variance=0.2232 E_h^2, pmove=0.49
2026-06-02 19:31:33,079 - Step 04597: 7.4090 E_h, exp. variance=0.2017 E_h^2, pmove=0.49
2026-06-02 19:31:33,746 - Step 04598: 8.3935 E_h, exp. variance=0.2542 E_h^2, pmove=0.49
2026-06-02 19:31:34,411 - Step 04599: 8.5291 E_h, exp. variance=0.3090 E_h^2, pmove=0.48
2026-06-02 19:31:35,077 - Step 04600: 7.4220 E_h, exp. variance=0.2841 E_h^2, pmove=0.48
2026-06-02 19:31:35,743 - Step 04601: 7.9822 E_h, exp. variance=0.2654 E_h^2, pmove=0.49
2026-06-02 19:31:36,409 - Step 04602: 7.3289 E_h, exp. variance=0.2504 E_h^2, pmove=0.49
2026-06-02 19:31:37,075 - Step 04603: 7.6498 E_h, exp. variance=0.2253 E_h^2, pmove=0.49
2026-06-02 19:31:37,740 - Step 04604: 7.3006 E_h, exp. variance=0.2138 E_h^2, pmove=0.49
2026-06-02 19:31:38,405 - Step 04605: 7.8802 E_h, exp. variance=0.1987 E_h^2, pmove=0.49
2026-06-02 19:31:39,070 - Step 04606: 7.6655 E_h, exp. variance=0.1789 E_h^2, pmove=0.49
2026-06-02 19:31:39,735 - Step 04607: 7.3322 E_h, exp. variance=0.1698 E_h^2, pmove=0.48
2026-06-02 19:31:40,400 - Step 04608: 7.2397 E_h, exp. variance=0.1654 E_h^2, pmove=0.49
2026-06-02 19:31:41,066 - Step 04609: 7.3378 E_h, exp. variance=0.1539 E_h^2, pmove=0.48
2026-06-02 19:31:41,731 - Step 04610: 7.3092 E_h, exp. variance=0.1438 E_h^2, pmove=0.48
2026-06-02 19:31:42,397 - Step 04611: 7.2108 E_h, exp. variance=0.1385 E_h^2, pmove=0.48
2026-06-02 19:31:43,061 - Step 04612: 7.2427 E_h, exp. variance=0.1304 E_h^2, pmove=0.48
2026-06-02 19:31:43,725 - Step 04613: 7.2419 E_h, exp. variance=0.1221 E_h^2, pmove=0.49
2026-06-02 19:31:44,388 - Step 04614: 8.0206 E_h, exp. variance=0.1394 E_h^2, pmove=0.49
2026-06-02 19:31:45,054 - Step 04615: 7.3211 E_h, exp. variance=0.1285 E_h^2, pmove=0.49
2026-06-02 19:31:45,717 - Step 04616: 7.4818 E_h, exp. variance=0.1157 E_h^2, pmove=0.49
2026-06-02 19:31:46,381 - Step 04617: 8.0754 E_h, exp. variance=0.1353 E_h^2, pmove=0.49
2026-06-02 19:31:47,044 - Step 04618: 7.3016 E_h, exp. variance=0.1271 E_h^2, pmove=0.48
2026-06-02 19:31:47,707 - Step 04619: 7.4054 E_h, exp. variance=0.1156 E_h^2, pmove=0.49
2026-06-02 19:31:48,373 - Step 04620: 7.4158 E_h, exp. variance=0.1048 E_h^2, pmove=0.49
2026-06-02 19:31:49,037 - Step 04621: 7.2613 E_h, exp. variance=0.0995 E_h^2, pmove=0.49
2026-06-02 19:31:49,701 - Step 04622: 7.2604 E_h, exp. variance=0.0937 E_h^2, pmove=0.49
2026-06-02 19:31:50,363 - Step 04623: 7.2816 E_h, exp. variance=0.0870 E_h^2, pmove=0.48
2026-06-02 19:31:51,030 - Step 04624: 7.4227 E_h, exp. variance=0.0784 E_h^2, pmove=0.49
2026-06-02 19:31:51,696 - Step 04625: 8.8728 E_h, exp. variance=0.2564 E_h^2, pmove=0.49
2026-06-02 19:31:52,359 - Step 04626: 7.8914 E_h, exp. variance=0.2395 E_h^2, pmove=0.48
2026-06-02 19:31:53,021 - Step 04627: 7.3965 E_h, exp. variance=0.2197 E_h^2, pmove=0.48
2026-06-02 19:31:53,689 - Step 04628: 8.6012 E_h, exp. variance=0.2899 E_h^2, pmove=0.49
2026-06-02 19:31:54,352 - Step 04629: 7.4881 E_h, exp. variance=0.2646 E_h^2, pmove=0.48
2026-06-02 19:31:55,016 - Step 04630: 7.6599 E_h, exp. variance=0.2381 E_h^2, pmove=0.48
2026-06-02 19:31:55,680 - Step 04631: 7.4527 E_h, exp. variance=0.2185 E_h^2, pmove=0.48
2026-06-02 19:31:56,343 - Step 04632: 7.4412 E_h, exp. variance=0.2005 E_h^2, pmove=0.48
2026-06-02 19:31:57,008 - Step 04633: 12.9560 E_h, exp. variance=2.7364 E_h^2, pmove=0.48
2026-06-02 19:31:57,671 - Step 04634: 7.3200 E_h, exp. variance=2.5262 E_h^2, pmove=0.48
2026-06-02 19:31:58,335 - Step 04635: 7.4071 E_h, exp. variance=2.3139 E_h^2, pmove=0.48
2026-06-02 19:31:58,997 - Step 04636: 7.5953 E_h, exp. variance=2.0979 E_h^2, pmove=0.48
2026-06-02 19:31:59,662 - Step 04637: 7.2969 E_h, exp. variance=1.9286 E_h^2, pmove=0.48
2026-06-02 19:32:00,326 - Step 04638: 7.5579 E_h, exp. variance=1.7463 E_h^2, pmove=0.48
2026-06-02 19:32:00,991 - Step 04639: 7.5709 E_h, exp. variance=1.5795 E_h^2, pmove=0.48
2026-06-02 19:32:01,656 - Step 04640: 7.3446 E_h, exp. variance=1.4433 E_h^2, pmove=0.48
2026-06-02 19:32:02,323 - Step 04641: 7.3210 E_h, exp. variance=1.3186 E_h^2, pmove=0.49
2026-06-02 19:32:02,987 - Step 04642: 10.0694 E_h, exp. variance=1.6747 E_h^2, pmove=0.48
2026-06-02 19:32:03,650 - Step 04643: 7.3402 E_h, exp. variance=1.5434 E_h^2, pmove=0.48
2026-06-02 19:32:04,313 - Step 04644: 7.2668 E_h, exp. variance=1.4263 E_h^2, pmove=0.49
2026-06-02 19:32:04,978 - Step 04645: 7.3710 E_h, exp. variance=1.3040 E_h^2, pmove=0.48
2026-06-02 19:32:05,640 - Step 04646: 7.3017 E_h, exp. variance=1.1958 E_h^2, pmove=0.48
2026-06-02 19:32:06,304 - Step 04647: 7.3269 E_h, exp. variance=1.0922 E_h^2, pmove=0.48
2026-06-02 19:32:06,967 - Step 04648: 7.3387 E_h, exp. variance=0.9952 E_h^2, pmove=0.48
2026-06-02 19:32:07,630 - Step 04649: 7.3032 E_h, exp. variance=0.9078 E_h^2, pmove=0.48
2026-06-02 19:32:08,296 - Step 04650: 8.8130 E_h, exp. variance=0.9423 E_h^2, pmove=0.49
2026-06-02 19:32:08,958 - Step 04651: 10.1003 E_h, exp. variance=1.3447 E_h^2, pmove=0.48
2026-06-02 19:32:09,621 - Step 04652: 7.4019 E_h, exp. variance=1.2409 E_h^2, pmove=0.48
2026-06-02 19:32:10,285 - Step 04653: 7.9126 E_h, exp. variance=1.1169 E_h^2, pmove=0.48
2026-06-02 19:32:10,951 - Step 04654: 7.2828 E_h, exp. variance=1.0424 E_h^2, pmove=0.49
2026-06-02 19:32:11,615 - Step 04655: 7.3071 E_h, exp. variance=0.9659 E_h^2, pmove=0.48
2026-06-02 19:32:12,279 - Step 04656: 7.3284 E_h, exp. variance=0.8899 E_h^2, pmove=0.48
2026-06-02 19:32:12,942 - Step 04657: 7.2273 E_h, exp. variance=0.8263 E_h^2, pmove=0.48
2026-06-02 19:32:13,608 - Step 04658: 7.2854 E_h, exp. variance=0.7595 E_h^2, pmove=0.48
2026-06-02 19:32:14,271 - Step 04659: 7.3011 E_h, exp. variance=0.6954 E_h^2, pmove=0.49
2026-06-02 19:32:14,935 - Step 04660: 7.3421 E_h, exp. variance=0.6332 E_h^2, pmove=0.48
2026-06-02 19:32:15,598 - Step 04661: 7.3269 E_h, exp. variance=0.5765 E_h^2, pmove=0.48
2026-06-02 19:32:16,263 - Step 04662: 7.2980 E_h, exp. variance=0.5256 E_h^2, pmove=0.48
2026-06-02 19:32:16,927 - Step 04663: 7.3132 E_h, exp. variance=0.4778 E_h^2, pmove=0.48
2026-06-02 19:32:17,591 - Step 04664: 7.3044 E_h, exp. variance=0.4343 E_h^2, pmove=0.48
2026-06-02 19:32:18,254 - Step 04665: 7.3433 E_h, exp. variance=0.3930 E_h^2, pmove=0.48
2026-06-02 19:32:18,918 - Step 04666: 7.2684 E_h, exp. variance=0.3579 E_h^2, pmove=0.48
2026-06-02 19:32:19,584 - Step 04667: 7.2940 E_h, exp. variance=0.3247 E_h^2, pmove=0.48
2026-06-02 19:32:20,247 - Step 04668: 9.7643 E_h, exp. variance=0.7761 E_h^2, pmove=0.49
2026-06-02 19:32:20,910 - Step 04669: 7.5060 E_h, exp. variance=0.7012 E_h^2, pmove=0.48
2026-06-02 19:32:21,573 - Step 04670: 51.1207 E_h, exp. variance=170.6243 E_h^2, pmove=0.48
2026-06-02 19:32:22,239 - Step 04671: 7.3157 E_h, exp. variance=155.5420 E_h^2, pmove=0.48
2026-06-02 19:32:22,902 - Step 04672: 7.3492 E_h, exp. variance=141.5663 E_h^2, pmove=0.48
2026-06-02 19:32:23,565 - Step 04673: 7.5517 E_h, exp. variance=128.5546 E_h^2, pmove=0.48
2026-06-02 19:32:24,228 - Step 04674: 7.5995 E_h, exp. variance=116.5991 E_h^2, pmove=0.48
2026-06-02 19:32:24,893 - Step 04675: 7.9137 E_h, exp. variance=105.5161 E_h^2, pmove=0.48
2026-06-02 19:32:25,557 - Step 04676: 7.3049 E_h, exp. variance=95.7148 E_h^2, pmove=0.48
2026-06-02 19:32:26,220 - Step 04677: 7.2574 E_h, exp. variance=86.7735 E_h^2, pmove=0.49
2026-06-02 19:32:26,883 - Step 04678: 7.3069 E_h, exp. variance=78.5856 E_h^2, pmove=0.48
2026-06-02 19:32:27,546 - Step 04679: 7.7009 E_h, exp. variance=70.9886 E_h^2, pmove=0.49
2026-06-02 19:32:28,211 - Step 04680: 7.8765 E_h, exp. variance=64.0559 E_h^2, pmove=0.49
2026-06-02 19:32:28,874 - Step 04681: 7.2802 E_h, exp. variance=57.9482 E_h^2, pmove=0.48
2026-06-02 19:32:29,538 - Step 04682: 7.2611 E_h, exp. variance=52.4003 E_h^2, pmove=0.48
2026-06-02 19:32:30,201 - Step 04683: 7.2398 E_h, exp. variance=47.3660 E_h^2, pmove=0.48
2026-06-02 19:32:30,863 - Step 04684: 7.2468 E_h, exp. variance=42.7944 E_h^2, pmove=0.48
2026-06-02 19:32:31,526 - Step 04685: 7.3400 E_h, exp. variance=38.6289 E_h^2, pmove=0.48
2026-06-02 19:32:32,188 - Step 04686: 7.3568 E_h, exp. variance=34.8553 E_h^2, pmove=0.48
2026-06-02 19:32:32,851 - Step 04687: 7.2618 E_h, exp. variance=31.4582 E_h^2, pmove=0.49
2026-06-02 19:32:33,514 - Step 04688: 7.2778 E_h, exp. variance=28.3815 E_h^2, pmove=0.49
2026-06-02 19:32:34,176 - Step 04689: 7.2728 E_h, exp. variance=25.6000 E_h^2, pmove=0.49
2026-06-02 19:32:34,839 - Step 04690: 7.2574 E_h, exp. variance=23.0879 E_h^2, pmove=0.49
2026-06-02 19:32:35,501 - Step 04691: 7.2977 E_h, exp. variance=20.8133 E_h^2, pmove=0.49
2026-06-02 19:32:36,166 - Step 04692: 7.2750 E_h, exp. variance=18.7620 E_h^2, pmove=0.49
2026-06-02 19:32:36,829 - Step 04693: 7.2838 E_h, exp. variance=16.9093 E_h^2, pmove=0.49
2026-06-02 19:32:37,491 - Step 04694: 10.0445 E_h, exp. variance=15.6948 E_h^2, pmove=0.49
2026-06-02 19:32:38,156 - Step 04695: 7.2411 E_h, exp. variance=14.1736 E_h^2, pmove=0.49
2026-06-02 19:32:38,819 - Step 04696: 7.2860 E_h, exp. variance=12.7902 E_h^2, pmove=0.49
2026-06-02 19:32:39,484 - Step 04697: 7.2351 E_h, exp. variance=11.5440 E_h^2, pmove=0.48
2026-06-02 19:32:40,147 - Step 04698: 7.2527 E_h, exp. variance=10.4145 E_h^2, pmove=0.48
2026-06-02 19:32:40,810 - Step 04699: 7.2468 E_h, exp. variance=9.3937 E_h^2, pmove=0.49
2026-06-02 19:32:41,474 - Step 04700: 7.3377 E_h, exp. variance=8.4648 E_h^2, pmove=0.49
2026-06-02 19:32:42,139 - Step 04701: 7.9024 E_h, exp. variance=7.6243 E_h^2, pmove=0.48
2026-06-02 19:32:42,802 - Step 04702: 7.2972 E_h, exp. variance=6.8744 E_h^2, pmove=0.49
2026-06-02 19:32:43,465 - Step 04703: 7.2417 E_h, exp. variance=6.2007 E_h^2, pmove=0.48
2026-06-02 19:32:44,128 - Step 04704: 7.2518 E_h, exp. variance=5.5911 E_h^2, pmove=0.49
2026-06-02 19:32:44,792 - Step 04705: 7.3469 E_h, exp. variance=5.0361 E_h^2, pmove=0.48
2026-06-02 19:32:45,456 - Step 04706: 7.3425 E_h, exp. variance=4.5359 E_h^2, pmove=0.49
2026-06-02 19:32:46,119 - Step 04707: 7.3001 E_h, exp. variance=4.0866 E_h^2, pmove=0.49
2026-06-02 19:32:46,781 - Step 04708: 7.2693 E_h, exp. variance=3.6826 E_h^2, pmove=0.49
2026-06-02 19:32:47,445 - Step 04709: 7.2478 E_h, exp. variance=3.3190 E_h^2, pmove=0.48
2026-06-02 19:32:48,110 - Step 04710: 7.3063 E_h, exp. variance=2.9890 E_h^2, pmove=0.49
2026-06-02 19:32:48,774 - Step 04711: 7.3258 E_h, exp. variance=2.6912 E_h^2, pmove=0.49
2026-06-02 19:32:49,437 - Step 04712: 8.3197 E_h, exp. variance=2.4940 E_h^2, pmove=0.49
2026-06-02 19:32:50,100 - Step 04713: 8.1151 E_h, exp. variance=2.2770 E_h^2, pmove=0.48
2026-06-02 19:32:50,764 - Step 04714: 7.3870 E_h, exp. variance=2.0525 E_h^2, pmove=0.49
2026-06-02 19:32:51,426 - Step 04715: 7.5369 E_h, exp. variance=1.8473 E_h^2, pmove=0.48
2026-06-02 19:32:52,090 - Step 04716: 8.1719 E_h, exp. variance=1.6968 E_h^2, pmove=0.49
2026-06-02 19:32:52,753 - Step 04717: 7.4154 E_h, exp. variance=1.5308 E_h^2, pmove=0.49
2026-06-02 19:32:53,416 - Step 04718: 7.2799 E_h, exp. variance=1.3867 E_h^2, pmove=0.49
2026-06-02 19:32:54,079 - Step 04719: 7.3318 E_h, exp. variance=1.2529 E_h^2, pmove=0.48
2026-06-02 19:32:54,741 - Step 04720: 9.1791 E_h, exp. variance=1.3691 E_h^2, pmove=0.49
2026-06-02 19:32:55,405 - Step 04721: 7.2914 E_h, exp. variance=1.2475 E_h^2, pmove=0.49
2026-06-02 19:32:56,069 - Step 04722: 7.2937 E_h, exp. variance=1.1351 E_h^2, pmove=0.49
2026-06-02 19:32:56,731 - Step 04723: 8.3754 E_h, exp. variance=1.0721 E_h^2, pmove=0.48
2026-06-02 19:32:57,395 - Step 04724: 7.3136 E_h, exp. variance=0.9784 E_h^2, pmove=0.48
2026-06-02 19:32:58,058 - Step 04725: 7.3285 E_h, exp. variance=0.8906 E_h^2, pmove=0.49
2026-06-02 19:32:58,720 - Step 04726: 7.3552 E_h, exp. variance=0.8083 E_h^2, pmove=0.49
2026-06-02 19:32:59,386 - Step 04727: 9.0535 E_h, exp. variance=0.9171 E_h^2, pmove=0.48
2026-06-02 19:33:00,052 - Step 04728: 7.3026 E_h, exp. variance=0.8432 E_h^2, pmove=0.49
2026-06-02 19:33:00,715 - Step 04729: 7.2586 E_h, exp. variance=0.7766 E_h^2, pmove=0.49
2026-06-02 19:33:01,378 - Step 04730: 7.2479 E_h, exp. variance=0.7141 E_h^2, pmove=0.49
2026-06-02 19:33:02,045 - Step 04731: 7.2417 E_h, exp. variance=0.6554 E_h^2, pmove=0.49
2026-06-02 19:33:02,708 - Step 04732: 7.2805 E_h, exp. variance=0.5979 E_h^2, pmove=0.49
2026-06-02 19:33:03,372 - Step 04733: 7.2304 E_h, exp. variance=0.5473 E_h^2, pmove=0.49
2026-06-02 19:33:04,034 - Step 04734: 7.2490 E_h, exp. variance=0.4991 E_h^2, pmove=0.49
2026-06-02 19:33:04,701 - Step 04735: 7.3316 E_h, exp. variance=0.4514 E_h^2, pmove=0.49
2026-06-02 19:33:05,367 - Step 04736: 7.6232 E_h, exp. variance=0.4083 E_h^2, pmove=0.49
2026-06-02 19:33:06,029 - Step 04737: 7.3218 E_h, exp. variance=0.3700 E_h^2, pmove=0.49
2026-06-02 19:33:06,692 - Step 04738: 7.2715 E_h, exp. variance=0.3366 E_h^2, pmove=0.49
2026-06-02 19:33:07,360 - Step 04739: 7.2529 E_h, exp. variance=0.3066 E_h^2, pmove=0.49
2026-06-02 19:33:08,025 - Step 04740: 7.1900 E_h, exp. variance=0.2812 E_h^2, pmove=0.49
2026-06-02 19:33:08,688 - Step 04741: 7.2688 E_h, exp. variance=0.2549 E_h^2, pmove=0.49
2026-06-02 19:33:09,352 - Step 04742: 7.2653 E_h, exp. variance=0.2309 E_h^2, pmove=0.48
2026-06-02 19:33:10,016 - Step 04743: 7.6744 E_h, exp. variance=0.2155 E_h^2, pmove=0.49
2026-06-02 19:33:10,681 - Step 04744: 7.2278 E_h, exp. variance=0.1970 E_h^2, pmove=0.49
2026-06-02 19:33:11,345 - Step 04745: 7.2107 E_h, exp. variance=0.1802 E_h^2, pmove=0.49
2026-06-02 19:33:12,009 - Step 04746: 7.2539 E_h, exp. variance=0.1635 E_h^2, pmove=0.49
2026-06-02 19:33:12,672 - Step 04747: 7.2342 E_h, exp. variance=0.1487 E_h^2, pmove=0.49
2026-06-02 19:33:13,337 - Step 04748: 7.2183 E_h, exp. variance=0.1353 E_h^2, pmove=0.49
2026-06-02 19:33:14,001 - Step 04749: 8.2480 E_h, exp. variance=0.1966 E_h^2, pmove=0.49
2026-06-02 19:33:14,664 - Step 04750: 7.3602 E_h, exp. variance=0.1773 E_h^2, pmove=0.49
2026-06-02 19:33:15,327 - Step 04751: 7.4078 E_h, exp. variance=0.1596 E_h^2, pmove=0.49
2026-06-02 19:33:15,993 - Step 04752: 7.3171 E_h, exp. variance=0.1446 E_h^2, pmove=0.49
2026-06-02 19:33:16,656 - Step 04753: 7.3116 E_h, exp. variance=0.1310 E_h^2, pmove=0.48
2026-06-02 19:33:17,318 - Step 04754: 7.2311 E_h, exp. variance=0.1205 E_h^2, pmove=0.49
2026-06-02 19:33:17,982 - Step 04755: 7.3501 E_h, exp. variance=0.1085 E_h^2, pmove=0.48
2026-06-02 19:33:18,645 - Step 04756: 7.3137 E_h, exp. variance=0.0980 E_h^2, pmove=0.49
2026-06-02 19:33:19,310 - Step 04757: 7.2375 E_h, exp. variance=0.0899 E_h^2, pmove=0.49
2026-06-02 19:33:19,973 - Step 04758: 7.2889 E_h, exp. variance=0.0813 E_h^2, pmove=0.49
2026-06-02 19:33:20,636 - Step 04759: 7.3425 E_h, exp. variance=0.0732 E_h^2, pmove=0.49
2026-06-02 19:33:21,298 - Step 04760: 7.2996 E_h, exp. variance=0.0661 E_h^2, pmove=0.49
2026-06-02 19:33:21,964 - Step 04761: 7.3050 E_h, exp. variance=0.0597 E_h^2, pmove=0.49
2026-06-02 19:33:22,627 - Step 04762: 7.7369 E_h, exp. variance=0.0677 E_h^2, pmove=0.49
2026-06-02 19:33:23,290 - Step 04763: 7.3432 E_h, exp. variance=0.0611 E_h^2, pmove=0.49
2026-06-02 19:33:23,953 - Step 04764: 7.5746 E_h, exp. variance=0.0585 E_h^2, pmove=0.49
2026-06-02 19:33:24,619 - Step 04765: 7.2853 E_h, exp. variance=0.0538 E_h^2, pmove=0.49
2026-06-02 19:33:25,283 - Step 04766: 7.2871 E_h, exp. variance=0.0493 E_h^2, pmove=0.48
2026-06-02 19:33:25,946 - Step 04767: 7.2119 E_h, exp. variance=0.0468 E_h^2, pmove=0.48
2026-06-02 19:33:26,609 - Step 04768: 7.2020 E_h, exp. variance=0.0443 E_h^2, pmove=0.49
2026-06-02 19:33:27,275 - Step 04769: 7.3292 E_h, exp. variance=0.0399 E_h^2, pmove=0.49
2026-06-02 19:33:27,938 - Step 04770: 7.2666 E_h, exp. variance=0.0365 E_h^2, pmove=0.48
2026-06-02 19:33:28,600 - Step 04771: 7.2468 E_h, exp. variance=0.0335 E_h^2, pmove=0.49
2026-06-02 19:33:29,264 - Step 04772: 7.2471 E_h, exp. variance=0.0307 E_h^2, pmove=0.49
2026-06-02 19:33:29,927 - Step 04773: 7.2444 E_h, exp. variance=0.0281 E_h^2, pmove=0.49
2026-06-02 19:33:30,591 - Step 04774: 7.5947 E_h, exp. variance=0.0326 E_h^2, pmove=0.49
2026-06-02 19:33:31,255 - Step 04775: 7.3976 E_h, exp. variance=0.0296 E_h^2, pmove=0.49
2026-06-02 19:33:31,918 - Step 04776: 7.2609 E_h, exp. variance=0.0273 E_h^2, pmove=0.49
2026-06-02 19:33:32,581 - Step 04777: 7.3201 E_h, exp. variance=0.0246 E_h^2, pmove=0.49
2026-06-02 19:33:33,247 - Step 04778: 7.3397 E_h, exp. variance=0.0221 E_h^2, pmove=0.49
2026-06-02 19:33:33,910 - Step 04779: 7.7604 E_h, exp. variance=0.0362 E_h^2, pmove=0.49
2026-06-02 19:33:34,573 - Step 04780: 8.1281 E_h, exp. variance=0.0832 E_h^2, pmove=0.48
2026-06-02 19:33:35,235 - Step 04781: 7.6456 E_h, exp. variance=0.0782 E_h^2, pmove=0.49
2026-06-02 19:33:35,903 - Step 04782: 7.3512 E_h, exp. variance=0.0717 E_h^2, pmove=0.48
2026-06-02 19:33:36,566 - Step 04783: 7.5279 E_h, exp. variance=0.0650 E_h^2, pmove=0.49
2026-06-02 19:33:37,227 - Step 04784: 7.2704 E_h, exp. variance=0.0619 E_h^2, pmove=0.48
2026-06-02 19:33:37,891 - Step 04785: 7.5814 E_h, exp. variance=0.0574 E_h^2, pmove=0.48
2026-06-02 19:33:38,554 - Step 04786: 7.2647 E_h, exp. variance=0.0551 E_h^2, pmove=0.49
2026-06-02 19:33:39,218 - Step 04787: 7.2501 E_h, exp. variance=0.0529 E_h^2, pmove=0.49
2026-06-02 19:33:39,882 - Step 04788: 7.2632 E_h, exp. variance=0.0498 E_h^2, pmove=0.48
2026-06-02 19:33:40,545 - Step 04789: 7.4333 E_h, exp. variance=0.0449 E_h^2, pmove=0.49
2026-06-02 19:33:41,208 - Step 04790: 8.3967 E_h, exp. variance=0.1283 E_h^2, pmove=0.49
2026-06-02 19:33:41,873 - Step 04791: 7.2771 E_h, exp. variance=0.1202 E_h^2, pmove=0.49
2026-06-02 19:33:42,536 - Step 04792: 7.2609 E_h, exp. variance=0.1127 E_h^2, pmove=0.49
2026-06-02 19:33:43,200 - Step 04793: 7.2417 E_h, exp. variance=0.1058 E_h^2, pmove=0.49
2026-06-02 19:33:43,863 - Step 04794: 7.2913 E_h, exp. variance=0.0972 E_h^2, pmove=0.49
2026-06-02 19:33:44,526 - Step 04795: 7.4433 E_h, exp. variance=0.0875 E_h^2, pmove=0.48
2026-06-02 19:33:45,188 - Step 04796: 7.3309 E_h, exp. variance=0.0796 E_h^2, pmove=0.49
2026-06-02 19:33:45,851 - Step 04797: 9.4897 E_h, exp. variance=0.4581 E_h^2, pmove=0.49
2026-06-02 19:33:46,515 - Step 04798: 8.1724 E_h, exp. variance=0.4393 E_h^2, pmove=0.49
2026-06-02 19:33:47,177 - Step 04799: 7.4071 E_h, exp. variance=0.4020 E_h^2, pmove=0.49
2026-06-02 19:33:47,840 - Step 04800: 7.3413 E_h, exp. variance=0.3705 E_h^2, pmove=0.49
2026-06-02 19:33:48,504 - Step 04801: 7.3950 E_h, exp. variance=0.3381 E_h^2, pmove=0.48
2026-06-02 19:33:49,167 - Step 04802: 7.3812 E_h, exp. variance=0.3085 E_h^2, pmove=0.49
2026-06-02 19:33:49,832 - Step 04803: 7.3229 E_h, exp. variance=0.2835 E_h^2, pmove=0.49
2026-06-02 19:33:50,497 - Step 04804: 7.3730 E_h, exp. variance=0.2580 E_h^2, pmove=0.49
2026-06-02 19:33:51,162 - Step 04805: 7.2703 E_h, exp. variance=0.2384 E_h^2, pmove=0.48
2026-06-02 19:33:51,826 - Step 04806: 7.3776 E_h, exp. variance=0.2161 E_h^2, pmove=0.49
2026-06-02 19:33:52,491 - Step 04807: 7.2412 E_h, exp. variance=0.2003 E_h^2, pmove=0.48
2026-06-02 19:33:53,156 - Step 04808: 7.4468 E_h, exp. variance=0.1803 E_h^2, pmove=0.48
2026-06-02 19:33:53,820 - Step 04809: 7.3122 E_h, exp. variance=0.1644 E_h^2, pmove=0.49
2026-06-02 19:33:54,606 - Step 04810: 7.4576 E_h, exp. variance=0.1480 E_h^2, pmove=0.49
2026-06-02 19:33:55,272 - Step 04811: 11.2469 E_h, exp. variance=1.4294 E_h^2, pmove=0.48
2026-06-02 19:33:55,939 - Step 04812: 7.3767 E_h, exp. variance=1.3050 E_h^2, pmove=0.48
2026-06-02 19:33:56,604 - Step 04813: 7.9951 E_h, exp. variance=1.1785 E_h^2, pmove=0.48
2026-06-02 19:33:57,270 - Step 04814: 7.3352 E_h, exp. variance=1.0806 E_h^2, pmove=0.48
2026-06-02 19:33:57,935 - Step 04815: 7.2959 E_h, exp. variance=0.9919 E_h^2, pmove=0.48
2026-06-02 19:33:58,601 - Step 04816: 7.3474 E_h, exp. variance=0.9048 E_h^2, pmove=0.48
2026-06-02 19:33:59,266 - Step 04817: 7.2849 E_h, exp. variance=0.8281 E_h^2, pmove=0.48
2026-06-02 19:33:59,931 - Step 04818: 8.2981 E_h, exp. variance=0.7846 E_h^2, pmove=0.49
2026-06-02 19:34:00,596 - Step 04819: 7.4065 E_h, exp. variance=0.7141 E_h^2, pmove=0.48
2026-06-02 19:34:01,262 - Step 04820: 7.4033 E_h, exp. variance=0.6493 E_h^2, pmove=0.49
2026-06-02 19:34:01,928 - Step 04821: 8.0096 E_h, exp. variance=0.5962 E_h^2, pmove=0.48
2026-06-02 19:34:02,593 - Step 04822: 7.6855 E_h, exp. variance=0.5366 E_h^2, pmove=0.48
2026-06-02 19:34:03,257 - Step 04823: 8.9840 E_h, exp. variance=0.6352 E_h^2, pmove=0.48
2026-06-02 19:34:03,922 - Step 04824: 7.7471 E_h, exp. variance=0.5720 E_h^2, pmove=0.48
2026-06-02 19:34:04,588 - Step 04825: 7.3204 E_h, exp. variance=0.5361 E_h^2, pmove=0.48
2026-06-02 19:34:05,252 - Step 04826: 7.3135 E_h, exp. variance=0.5003 E_h^2, pmove=0.48
2026-06-02 19:34:05,917 - Step 04827: 9.2548 E_h, exp. variance=0.6640 E_h^2, pmove=0.49
2026-06-02 19:34:06,580 - Step 04828: 7.3043 E_h, exp. variance=0.6262 E_h^2, pmove=0.48
2026-06-02 19:34:07,245 - Step 04829: 111.6961 E_h, exp. variance=971.8459 E_h^2, pmove=0.48
2026-06-02 19:34:07,908 - Step 04830: 7.3713 E_h, exp. variance=885.2147 E_h^2, pmove=0.48
2026-06-02 19:34:08,571 - Step 04831: 7.2832 E_h, exp. variance=805.3966 E_h^2, pmove=0.48
2026-06-02 19:34:09,235 - Step 04832: 7.2806 E_h, exp. variance=731.9109 E_h^2, pmove=0.48
2026-06-02 19:34:09,902 - Step 04833: 7.7586 E_h, exp. variance=663.7685 E_h^2, pmove=0.48
2026-06-02 19:34:10,567 - Step 04834: 7.4936 E_h, exp. variance=601.8088 E_h^2, pmove=0.49
2026-06-02 19:34:11,231 - Step 04835: 7.5374 E_h, exp. variance=545.1564 E_h^2, pmove=0.49
2026-06-02 19:34:11,895 - Step 04836: 7.2958 E_h, exp. variance=493.7492 E_h^2, pmove=0.48
2026-06-02 19:34:12,559 - Step 04837: 7.3737 E_h, exp. variance=446.8184 E_h^2, pmove=0.49
2026-06-02 19:34:13,226 - Step 04838: 7.6423 E_h, exp. variance=403.8961 E_h^2, pmove=0.48
2026-06-02 19:34:13,891 - Step 04839: 7.2694 E_h, exp. variance=365.2112 E_h^2, pmove=0.48
2026-06-02 19:34:14,556 - Step 04840: 7.3770 E_h, exp. variance=329.9962 E_h^2, pmove=0.48
2026-06-02 19:34:15,220 - Step 04841: 7.4343 E_h, exp. variance=298.0194 E_h^2, pmove=0.48
2026-06-02 19:34:15,887 - Step 04842: 7.3195 E_h, exp. variance=269.1098 E_h^2, pmove=0.48
2026-06-02 19:34:16,552 - Step 04843: 7.2635 E_h, exp. variance=242.9505 E_h^2, pmove=0.48
2026-06-02 19:34:17,215 - Step 04844: 7.4007 E_h, exp. variance=219.2018 E_h^2, pmove=0.48
2026-06-02 19:34:17,879 - Step 04845: 8.0966 E_h, exp. variance=197.4900 E_h^2, pmove=0.49
2026-06-02 19:34:18,548 - Step 04846: 7.3065 E_h, exp. variance=178.1607 E_h^2, pmove=0.48
2026-06-02 19:34:19,215 - Step 04847: 7.3511 E_h, exp. variance=160.6691 E_h^2, pmove=0.48
2026-06-02 19:34:19,879 - Step 04848: 7.3459 E_h, exp. variance=144.8667 E_h^2, pmove=0.48
2026-06-02 19:34:20,543 - Step 04849: 7.3328 E_h, exp. variance=130.5979 E_h^2, pmove=0.49
2026-06-02 19:34:21,210 - Step 04850: 7.2828 E_h, exp. variance=117.7274 E_h^2, pmove=0.49
2026-06-02 19:34:21,875 - Step 04851: 7.2482 E_h, exp. variance=106.1163 E_h^2, pmove=0.48
2026-06-02 19:34:22,539 - Step 04852: 7.3632 E_h, exp. variance=95.6117 E_h^2, pmove=0.48
2026-06-02 19:34:23,203 - Step 04853: 7.3071 E_h, exp. variance=86.1475 E_h^2, pmove=0.48
2026-06-02 19:34:23,867 - Step 04854: 7.3405 E_h, exp. variance=77.6058 E_h^2, pmove=0.49
2026-06-02 19:34:24,535 - Step 04855: 7.3074 E_h, exp. variance=69.9093 E_h^2, pmove=0.49
2026-06-02 19:34:25,199 - Step 04856: 7.3077 E_h, exp. variance=62.9702 E_h^2, pmove=0.48
2026-06-02 19:34:25,863 - Step 04857: 7.4155 E_h, exp. variance=56.7030 E_h^2, pmove=0.48
2026-06-02 19:34:26,527 - Step 04858: 7.3711 E_h, exp. variance=51.0611 E_h^2, pmove=0.48
2026-06-02 19:34:27,194 - Step 04859: 8.8594 E_h, exp. variance=46.0419 E_h^2, pmove=0.49
2026-06-02 19:34:27,858 - Step 04860: 10.5267 E_h, exp. variance=42.0235 E_h^2, pmove=0.48
2026-06-02 19:34:28,522 - Step 04861: 7.3988 E_h, exp. variance=37.8834 E_h^2, pmove=0.48
2026-06-02 19:34:29,187 - Step 04862: 7.4127 E_h, exp. variance=34.1436 E_h^2, pmove=0.48
2026-06-02 19:34:29,853 - Step 04863: 7.3284 E_h, exp. variance=30.7793 E_h^2, pmove=0.49
2026-06-02 19:34:30,517 - Step 04864: 7.2750 E_h, exp. variance=27.7486 E_h^2, pmove=0.48
2026-06-02 19:34:31,182 - Step 04865: 7.3280 E_h, exp. variance=25.0060 E_h^2, pmove=0.48
2026-06-02 19:34:31,845 - Step 04866: 7.2273 E_h, exp. variance=22.5422 E_h^2, pmove=0.49
2026-06-02 19:34:32,511 - Step 04867: 7.2345 E_h, exp. variance=20.3171 E_h^2, pmove=0.48
2026-06-02 19:34:33,176 - Step 04868: 7.2410 E_h, exp. variance=18.3083 E_h^2, pmove=0.49
2026-06-02 19:34:33,839 - Step 04869: 7.2705 E_h, exp. variance=16.4938 E_h^2, pmove=0.48
2026-06-02 19:34:34,502 - Step 04870: 7.2556 E_h, exp. variance=14.8586 E_h^2, pmove=0.48
2026-06-02 19:34:35,165 - Step 04871: 7.2727 E_h, exp. variance=13.3832 E_h^2, pmove=0.48
2026-06-02 19:34:35,831 - Step 04872: 7.3177 E_h, exp. variance=12.0510 E_h^2, pmove=0.48
2026-06-02 19:34:36,494 - Step 04873: 8.2915 E_h, exp. variance=10.8950 E_h^2, pmove=0.48
2026-06-02 19:34:37,158 - Step 04874: 7.2504 E_h, exp. variance=9.8183 E_h^2, pmove=0.48
2026-06-02 19:34:37,821 - Step 04875: 7.2813 E_h, exp. variance=8.8450 E_h^2, pmove=0.49
2026-06-02 19:34:38,487 - Step 04876: 7.2393 E_h, exp. variance=7.9697 E_h^2, pmove=0.49
2026-06-02 19:34:39,150 - Step 04877: 7.5078 E_h, exp. variance=7.1727 E_h^2, pmove=0.49
2026-06-02 19:34:39,813 - Step 04878: 7.3274 E_h, exp. variance=6.4590 E_h^2, pmove=0.48
2026-06-02 19:34:40,477 - Step 04879: 7.3115 E_h, exp. variance=5.8164 E_h^2, pmove=0.49
2026-06-02 19:34:41,143 - Step 04880: 7.3603 E_h, exp. variance=5.2362 E_h^2, pmove=0.48
2026-06-02 19:34:41,807 - Step 04881: 7.2978 E_h, exp. variance=4.7153 E_h^2, pmove=0.49
2026-06-02 19:34:42,469 - Step 04882: 7.3134 E_h, exp. variance=4.2456 E_h^2, pmove=0.49
2026-06-02 19:34:43,133 - Step 04883: 7.2513 E_h, exp. variance=3.8243 E_h^2, pmove=0.49
2026-06-02 19:34:43,796 - Step 04884: 7.2362 E_h, exp. variance=3.4450 E_h^2, pmove=0.49
2026-06-02 19:34:44,461 - Step 04885: 7.3061 E_h, exp. variance=3.1014 E_h^2, pmove=0.49
2026-06-02 19:34:45,125 - Step 04886: 7.2419 E_h, exp. variance=2.7933 E_h^2, pmove=0.49
2026-06-02 19:34:45,788 - Step 04887: 7.2578 E_h, exp. variance=2.5153 E_h^2, pmove=0.49
2026-06-02 19:34:46,452 - Step 04888: 7.2599 E_h, exp. variance=2.2648 E_h^2, pmove=0.49
2026-06-02 19:34:47,119 - Step 04889: 9.3557 E_h, exp. variance=2.3982 E_h^2, pmove=0.48
2026-06-02 19:34:47,782 - Step 04890: 7.9777 E_h, exp. variance=2.1744 E_h^2, pmove=0.48
2026-06-02 19:34:48,446 - Step 04891: 7.2713 E_h, exp. variance=1.9666 E_h^2, pmove=0.48
2026-06-02 19:34:49,109 - Step 04892: 7.4243 E_h, exp. variance=1.7717 E_h^2, pmove=0.48
2026-06-02 19:34:49,776 - Step 04893: 7.4421 E_h, exp. variance=1.5956 E_h^2, pmove=0.49
2026-06-02 19:34:50,439 - Step 04894: 7.3038 E_h, exp. variance=1.4411 E_h^2, pmove=0.49
2026-06-02 19:34:51,104 - Step 04895: 7.3044 E_h, exp. variance=1.3010 E_h^2, pmove=0.49
2026-06-02 19:34:51,767 - Step 04896: 7.4099 E_h, exp. variance=1.1716 E_h^2, pmove=0.49
2026-06-02 19:34:52,433 - Step 04897: 7.2191 E_h, exp. variance=1.0609 E_h^2, pmove=0.49
2026-06-02 19:34:53,097 - Step 04898: 7.2505 E_h, exp. variance=0.9588 E_h^2, pmove=0.49
2026-06-02 19:34:53,761 - Step 04899: 7.2228 E_h, exp. variance=0.8671 E_h^2, pmove=0.48
2026-06-02 19:34:54,424 - Step 04900: 7.2447 E_h, exp. variance=0.7831 E_h^2, pmove=0.49
2026-06-02 19:34:55,087 - Step 04901: 9.8056 E_h, exp. variance=1.2255 E_h^2, pmove=0.49
2026-06-02 19:34:55,752 - Step 04902: 155.1405 E_h, exp. variance=1959.1573 E_h^2, pmove=0.49
2026-06-02 19:34:56,417 - Step 04903: 12.1481 E_h, exp. variance=1772.6837 E_h^2, pmove=0.48
2026-06-02 19:34:57,082 - Step 04904: 7.3103 E_h, exp. variance=1613.1973 E_h^2, pmove=0.48
2026-06-02 19:34:57,746 - Step 04905: 7.3178 E_h, exp. variance=1466.2639 E_h^2, pmove=0.49
2026-06-02 19:34:58,410 - Step 04906: 7.3919 E_h, exp. variance=1331.1392 E_h^2, pmove=0.48
2026-06-02 19:34:59,074 - Step 04907: 7.7760 E_h, exp. variance=1206.6512 E_h^2, pmove=0.48
2026-06-02 19:34:59,737 - Step 04908: 7.2753 E_h, exp. variance=1093.7900 E_h^2, pmove=0.49
2026-06-02 19:35:00,405 - Step 04909: 7.2217 E_h, exp. variance=990.8133 E_h^2, pmove=0.49
2026-06-02 19:35:01,069 - Step 04910: 7.4513 E_h, exp. variance=896.6088 E_h^2, pmove=0.49
2026-06-02 19:35:01,733 - Step 04911: 7.2936 E_h, exp. variance=811.0884 E_h^2, pmove=0.49
2026-06-02 19:35:02,396 - Step 04912: 7.2739 E_h, exp. variance=733.3550 E_h^2, pmove=0.49
2026-06-02 19:35:03,059 - Step 04913: 7.2993 E_h, exp. variance=662.7286 E_h^2, pmove=0.48
2026-06-02 19:35:03,724 - Step 04914: 7.2865 E_h, exp. variance=598.6614 E_h^2, pmove=0.48
2026-06-02 19:35:04,388 - Step 04915: 7.2941 E_h, exp. variance=540.5758 E_h^2, pmove=0.49
2026-06-02 19:35:05,052 - Step 04916: 7.2776 E_h, exp. variance=487.9724 E_h^2, pmove=0.48
2026-06-02 19:35:05,715 - Step 04917: 7.2729 E_h, exp. variance=440.3560 E_h^2, pmove=0.49
2026-06-02 19:35:06,379 - Step 04918: 7.2764 E_h, exp. variance=397.2749 E_h^2, pmove=0.49
2026-06-02 19:35:07,044 - Step 04919: 7.3232 E_h, exp. variance=358.2961 E_h^2, pmove=0.49
2026-06-02 19:35:07,708 - Step 04920: 7.3029 E_h, exp. variance=323.0824 E_h^2, pmove=0.49
2026-06-02 19:35:08,374 - Step 04921: 7.2343 E_h, exp. variance=291.3026 E_h^2, pmove=0.49
2026-06-02 19:35:09,042 - Step 04922: 7.7725 E_h, exp. variance=262.4151 E_h^2, pmove=0.48
2026-06-02 19:35:09,709 - Step 04923: 7.3022 E_h, exp. variance=236.5153 E_h^2, pmove=0.49
2026-06-02 19:35:10,376 - Step 04924: 7.2313 E_h, exp. variance=213.1634 E_h^2, pmove=0.49
2026-06-02 19:35:11,044 - Step 04925: 7.2104 E_h, exp. variance=192.0960 E_h^2, pmove=0.49
2026-06-02 19:35:11,708 - Step 04926: 7.2731 E_h, exp. variance=173.0715 E_h^2, pmove=0.49
2026-06-02 19:35:12,373 - Step 04927: 7.3317 E_h, exp. variance=155.9009 E_h^2, pmove=0.49
2026-06-02 19:35:13,038 - Step 04928: 7.3515 E_h, exp. variance=140.4176 E_h^2, pmove=0.49
2026-06-02 19:35:13,701 - Step 04929: 7.2826 E_h, exp. variance=126.4748 E_h^2, pmove=0.49
2026-06-02 19:35:14,366 - Step 04930: 7.2608 E_h, exp. variance=113.9113 E_h^2, pmove=0.49
2026-06-02 19:35:15,031 - Step 04931: 7.2927 E_h, exp. variance=102.5833 E_h^2, pmove=0.48
2026-06-02 19:35:15,697 - Step 04932: 7.3557 E_h, exp. variance=92.3679 E_h^2, pmove=0.48
2026-06-02 19:35:16,361 - Step 04933: 7.3618 E_h, exp. variance=83.1652 E_h^2, pmove=0.49
2026-06-02 19:35:17,026 - Step 04934: 21.1331 E_h, exp. variance=90.5714 E_h^2, pmove=0.49
2026-06-02 19:35:17,697 - Step 04935: 10.9316 E_h, exp. variance=81.7726 E_h^2, pmove=0.48
2026-06-02 19:35:18,362 - Step 04936: 22.5279 E_h, exp. variance=89.0898 E_h^2, pmove=0.49
2026-06-02 19:35:19,026 - Step 04937: 7.2368 E_h, exp. variance=81.2721 E_h^2, pmove=0.48
2026-06-02 19:35:19,691 - Step 04938: 7.2174 E_h, exp. variance=74.0399 E_h^2, pmove=0.48
2026-06-02 19:35:20,355 - Step 04939: 7.2306 E_h, exp. variance=67.3541 E_h^2, pmove=0.49
2026-06-02 19:35:21,018 - Step 04940: 7.2695 E_h, exp. variance=61.1827 E_h^2, pmove=0.49
2026-06-02 19:35:21,682 - Step 04941: 7.4928 E_h, exp. variance=55.4353 E_h^2, pmove=0.49
2026-06-02 19:35:22,346 - Step 04942: 7.2859 E_h, exp. variance=50.2640 E_h^2, pmove=0.48
2026-06-02 19:35:23,010 - Step 04943: 7.4585 E_h, exp. variance=45.4849 E_h^2, pmove=0.49
2026-06-02 19:35:23,676 - Step 04944: 7.2853 E_h, exp. variance=41.1860 E_h^2, pmove=0.49
2026-06-02 19:35:24,341 - Step 04945: 7.2687 E_h, exp. variance=37.2740 E_h^2, pmove=0.49
2026-06-02 19:35:25,005 - Step 04946: 7.3094 E_h, exp. variance=33.7042 E_h^2, pmove=0.49
2026-06-02 19:35:25,667 - Step 04947: 7.3826 E_h, exp. variance=30.4461 E_h^2, pmove=0.49
2026-06-02 19:35:26,331 - Step 04948: 7.4208 E_h, exp. variance=27.4858 E_h^2, pmove=0.49
2026-06-02 19:35:26,998 - Step 04949: 7.5390 E_h, exp. variance=24.7882 E_h^2, pmove=0.49
2026-06-02 19:35:27,662 - Step 04950: 7.8727 E_h, exp. variance=22.3200 E_h^2, pmove=0.49
2026-06-02 19:35:28,327 - Step 04951: 7.4262 E_h, exp. variance=20.1394 E_h^2, pmove=0.48
2026-06-02 19:35:28,991 - Step 04952: 19.8031 E_h, exp. variance=30.4386 E_h^2, pmove=0.49
2026-06-02 19:35:29,657 - Step 04953: 7.2794 E_h, exp. variance=27.7535 E_h^2, pmove=0.48
2026-06-02 19:35:30,321 - Step 04954: 7.2514 E_h, exp. variance=25.2779 E_h^2, pmove=0.48
2026-06-02 19:35:30,984 - Step 04955: 7.3362 E_h, exp. variance=22.9685 E_h^2, pmove=0.49
2026-06-02 19:35:31,647 - Step 04956: 7.6356 E_h, exp. variance=20.7811 E_h^2, pmove=0.48
2026-06-02 19:35:32,314 - Step 04957: 7.3472 E_h, exp. variance=18.8506 E_h^2, pmove=0.48
2026-06-02 19:35:32,981 - Step 04958: 7.4886 E_h, exp. variance=17.0576 E_h^2, pmove=0.49
2026-06-02 19:35:33,645 - Step 04959: 7.3078 E_h, exp. variance=15.4589 E_h^2, pmove=0.49
2026-06-02 19:35:34,308 - Step 04960: 7.2784 E_h, exp. variance=14.0050 E_h^2, pmove=0.48
2026-06-02 19:35:34,975 - Step 04961: 7.3256 E_h, exp. variance=12.6716 E_h^2, pmove=0.48
2026-06-02 19:35:35,639 - Step 04962: 7.2775 E_h, exp. variance=11.4656 E_h^2, pmove=0.48
2026-06-02 19:35:36,301 - Step 04963: 10.0724 E_h, exp. variance=10.6983 E_h^2, pmove=0.49
2026-06-02 19:35:36,965 - Step 04964: 7.2946 E_h, exp. variance=9.7063 E_h^2, pmove=0.48
2026-06-02 19:35:37,628 - Step 04965: 7.3265 E_h, exp. variance=8.7941 E_h^2, pmove=0.48
2026-06-02 19:35:38,295 - Step 04966: 7.2806 E_h, exp. variance=7.9681 E_h^2, pmove=0.48
2026-06-02 19:35:38,958 - Step 04967: 7.3387 E_h, exp. variance=7.2077 E_h^2, pmove=0.48
2026-06-02 19:35:39,622 - Step 04968: 7.2859 E_h, exp. variance=6.5221 E_h^2, pmove=0.49
2026-06-02 19:35:40,286 - Step 04969: 7.4222 E_h, exp. variance=5.8862 E_h^2, pmove=0.49
2026-06-02 19:35:40,953 - Step 04970: 7.4219 E_h, exp. variance=5.3108 E_h^2, pmove=0.49
2026-06-02 19:35:41,617 - Step 04971: 9.0955 E_h, exp. variance=4.9385 E_h^2, pmove=0.49
2026-06-02 19:35:42,281 - Step 04972: 10.8185 E_h, exp. variance=5.2112 E_h^2, pmove=0.48
2026-06-02 19:35:42,944 - Step 04973: 7.5270 E_h, exp. variance=4.7299 E_h^2, pmove=0.48
2026-06-02 19:35:43,609 - Step 04974: 9.3592 E_h, exp. variance=4.3939 E_h^2, pmove=0.47
2026-06-02 19:35:44,271 - Step 04975: 7.6273 E_h, exp. variance=3.9892 E_h^2, pmove=0.48
2026-06-02 19:35:44,935 - Step 04976: 7.4874 E_h, exp. variance=3.6343 E_h^2, pmove=0.48
2026-06-02 19:35:45,599 - Step 04977: 7.3405 E_h, exp. variance=3.3251 E_h^2, pmove=0.48
2026-06-02 19:35:46,263 - Step 04978: 7.2634 E_h, exp. variance=3.0468 E_h^2, pmove=0.48
2026-06-02 19:35:46,929 - Step 04979: 7.5277 E_h, exp. variance=2.7590 E_h^2, pmove=0.48
2026-06-02 19:35:47,592 - Step 04980: 8.7938 E_h, exp. variance=2.5521 E_h^2, pmove=0.48
2026-06-02 19:35:48,256 - Step 04981: 7.3140 E_h, exp. variance=2.3400 E_h^2, pmove=0.48
2026-06-02 19:35:48,920 - Step 04982: 7.3312 E_h, exp. variance=2.1390 E_h^2, pmove=0.48
2026-06-02 19:35:49,585 - Step 04983: 7.2814 E_h, exp. variance=1.9569 E_h^2, pmove=0.48
2026-06-02 19:35:50,249 - Step 04984: 7.2973 E_h, exp. variance=1.7855 E_h^2, pmove=0.48
2026-06-02 19:35:50,912 - Step 04985: 7.2894 E_h, exp. variance=1.6273 E_h^2, pmove=0.48
2026-06-02 19:35:51,576 - Step 04986: 7.4304 E_h, exp. variance=1.4719 E_h^2, pmove=0.48
2026-06-02 19:35:52,242 - Step 04987: 7.9917 E_h, exp. variance=1.3330 E_h^2, pmove=0.48
2026-06-02 19:35:52,905 - Step 04988: 7.3877 E_h, exp. variance=1.2096 E_h^2, pmove=0.49
2026-06-02 19:35:53,568 - Step 04989: 7.5075 E_h, exp. variance=1.0915 E_h^2, pmove=0.48
2026-06-02 19:35:54,232 - Step 04990: 7.2790 E_h, exp. variance=0.9959 E_h^2, pmove=0.48
2026-06-02 19:35:54,898 - Step 04991: 7.2983 E_h, exp. variance=0.9062 E_h^2, pmove=0.48
2026-06-02 19:35:55,561 - Step 04992: 7.3708 E_h, exp. variance=0.8201 E_h^2, pmove=0.48
2026-06-02 19:35:56,226 - Step 04993: 7.2781 E_h, exp. variance=0.7460 E_h^2, pmove=0.48
2026-06-02 19:35:56,890 - Step 04994: 7.2192 E_h, exp. variance=0.6808 E_h^2, pmove=0.48
2026-06-02 19:35:57,554 - Step 04995: 9.1463 E_h, exp. variance=0.8533 E_h^2, pmove=0.48
2026-06-02 19:35:58,221 - Step 04996: 7.3431 E_h, exp. variance=0.7779 E_h^2, pmove=0.49
2026-06-02 19:35:58,885 - Step 04997: 7.3827 E_h, exp. variance=0.7062 E_h^2, pmove=0.49
2026-06-02 19:35:59,547 - Step 04998: 7.3959 E_h, exp. variance=0.6399 E_h^2, pmove=0.48
2026-06-02 19:36:00,213 - Step 04999: 7.2612 E_h, exp. variance=0.5859 E_h^2, pmove=0.48
2026-06-02 19:36:00,214 - Saving checkpoint results/bilayer-bosons/BosonNet/N24_layers12_12_rs2.5_d2.5_D20.0_sq/qmcjax_ckpt_004999.npz
2026-06-02 19:36:00,281 - Training completed after t [s] = 3476
