2026-06-12 16:42:30,667 - 
2026-06-12 16:42:30,669 - === Runtime Environment ===
2026-06-12 16:42:30,669 - Command line: /home/gridsan/hlo1/project/PeriodicWaveBoson/scripts/train/run_bilayer.py --results-dir results/rs_d_scan_N16_D20_sq --rs 0.9 --d 0.5 --seed 69
2026-06-12 16:42:30,669 - Working directory: /home/gridsan/hlo1/project/PeriodicWaveBoson
2026-06-12 16:42:30,669 - Host: d-12-15-1
2026-06-12 16:42:30,669 - Python version: 3.13.13
2026-06-12 16:42:30,669 - System: Linux #20260508 SMP PREEMPT_DYNAMIC Fri May  8 11:20:56 EDT 2026
2026-06-12 16:42:30,671 - Processor: x86_64
2026-06-12 16:42:30,671 - Numpy version: 2.4.6
2026-06-12 16:42:30,671 - 
2026-06-12 16:42:30,671 - === Scheduler Environment ===
2026-06-12 16:42:30,671 - LLSUB_RANK: 8
2026-06-12 16:42:30,671 - LLSUB_SIZE: 10
2026-06-12 16:42:30,671 - SLURM_JOB_ID: 4937767
2026-06-12 16:42:30,671 - SLURM_JOB_NAME: submit.sh
2026-06-12 16:42:30,671 - SLURM_NODELIST: d-12-15-1
2026-06-12 16:42:30,672 - SLURM_PROCID: 0
2026-06-12 16:42:30,672 - SLURM_LOCALID: 0
2026-06-12 16:42:30,672 - SLURM_GPUS: <unset>
2026-06-12 16:42:30,672 - SLURM_GPUS_ON_NODE: 2
2026-06-12 16:42:30,672 - SLURM_CPUS_PER_TASK: <unset>
2026-06-12 16:42:30,672 - 
2026-06-12 16:42:30,672 - === JAX Device Visibility ===
2026-06-12 16:42:30,672 - JAX version: 0.10.1
2026-06-12 16:42:30,672 - JAXlib version: 0.10.1
2026-06-12 16:42:30,672 - KFAC-JAX version: 0.0.8
2026-06-12 16:42:30,672 - Platform: gpu
2026-06-12 16:42:30,672 - jax_enable_x64: False
2026-06-12 16:42:30,672 - Default precision: float32
2026-06-12 16:42:30,672 - Default matmul precision: float32
2026-06-12 16:42:30,672 - CUDA_VISIBLE_DEVICES: GPU-42ce0213-d4cd-d418-0188-8a9184079632,GPU-75c5ba62-3e56-95b2-43d9-dfc60b12d658
2026-06-12 16:42:30,672 - XLA_PYTHON_CLIENT_PREALLOCATE: <unset>
2026-06-12 16:42:30,672 - XLA_PYTHON_CLIENT_MEM_FRACTION: <unset>
2026-06-12 16:42:30,672 - JAX process index/count: 0/1
2026-06-12 16:42:30,672 - JAX local device count: 2
2026-06-12 16:42:30,672 - JAX global device count: 2
2026-06-12 16:42:30,672 - JAX local devices: ['cuda:0', 'cuda:1']
2026-06-12 16:42:30,672 - JAX global devices: ['cuda:0', 'cuda:1']
2026-06-12 16:42:30,672 - JAX visible GPU kinds: ['Tesla V100-PCIE-32GB', 'Tesla V100-PCIE-32GB']
2026-06-12 16:42:30,672 - 
2026-06-12 16:42:30,672 - === Node NVIDIA State ===
2026-06-12 16:42:30,695 - nvidia-smi -L output (node-level, not necessarily JAX-visible):
GPU 0: Tesla V100-PCIE-32GB (UUID: GPU-75c5ba62-3e56-95b2-43d9-dfc60b12d658)
GPU 1: Tesla V100-PCIE-32GB (UUID: GPU-42ce0213-d4cd-d418-0188-8a9184079632)
2026-06-12 16:42:30,715 - nvidia-smi query (node-level, not necessarily JAX-visible):
index, uuid, name, driver_version, memory.total [MiB], memory.used [MiB], utilization.gpu [%]
0, GPU-75c5ba62-3e56-95b2-43d9-dfc60b12d658, Tesla V100-PCIE-32GB, 580.126.09, 32768 MiB, 314 MiB, 0 %
1, GPU-42ce0213-d4cd-d418-0188-8a9184079632, Tesla V100-PCIE-32GB, 580.126.09, 32768 MiB, 326 MiB, 0 %
2026-06-12 16:42:30,715 - 
2026-06-12 16:42:30,715 - === Training Log ===
2026-06-12 16:42:30,732 - Starting QMC with 2 XLA devices per host across 1 hosts.
2026-06-12 16:42:34,831 - No checkpoint found. Training new model.
2026-06-12 16:42:37,831 - Unregularized parameters masking info (for curvature calculations and L2 regularization)
2026-06-12 16:42:37,831 -   Not masking out (DictKey(key='embed'), DictKey(key='b'))
2026-06-12 16:42:37,831 -   Not masking out (DictKey(key='embed'), DictKey(key='w'))
2026-06-12 16:42:37,831 -   Not masking out (DictKey(key='phi'), SequenceKey(idx=0), SequenceKey(idx=0), DictKey(key='b'))
2026-06-12 16:42:37,832 -   Not masking out (DictKey(key='phi'), SequenceKey(idx=0), SequenceKey(idx=0), DictKey(key='w'))
2026-06-12 16:42:37,832 -   Not masking out (DictKey(key='phi'), SequenceKey(idx=0), SequenceKey(idx=1), DictKey(key='b'))
2026-06-12 16:42:37,832 -   Not masking out (DictKey(key='phi'), SequenceKey(idx=0), SequenceKey(idx=1), DictKey(key='w'))
2026-06-12 16:42:37,832 -   Not masking out (DictKey(key='phi'), SequenceKey(idx=1), SequenceKey(idx=0), DictKey(key='b'))
2026-06-12 16:42:37,832 -   Not masking out (DictKey(key='phi'), SequenceKey(idx=1), SequenceKey(idx=0), DictKey(key='w'))
2026-06-12 16:42:37,832 -   Not masking out (DictKey(key='phi'), SequenceKey(idx=1), SequenceKey(idx=1), DictKey(key='b'))
2026-06-12 16:42:37,832 -   Not masking out (DictKey(key='phi'), SequenceKey(idx=1), SequenceKey(idx=1), DictKey(key='w'))
2026-06-12 16:42:37,832 -   Not masking out (DictKey(key='phi'), SequenceKey(idx=2), SequenceKey(idx=0), DictKey(key='b'))
2026-06-12 16:42:37,832 -   Not masking out (DictKey(key='phi'), SequenceKey(idx=2), SequenceKey(idx=0), DictKey(key='w'))
2026-06-12 16:42:37,832 -   Not masking out (DictKey(key='phi'), SequenceKey(idx=2), SequenceKey(idx=1), DictKey(key='b'))
2026-06-12 16:42:37,832 -   Not masking out (DictKey(key='phi'), SequenceKey(idx=2), SequenceKey(idx=1), DictKey(key='w'))
2026-06-12 16:42:37,832 -   Not masking out (DictKey(key='phi'), SequenceKey(idx=3), SequenceKey(idx=0), DictKey(key='b'))
2026-06-12 16:42:37,832 -   Not masking out (DictKey(key='phi'), SequenceKey(idx=3), SequenceKey(idx=0), DictKey(key='w'))
2026-06-12 16:42:37,832 -   Not masking out (DictKey(key='phi'), SequenceKey(idx=3), SequenceKey(idx=1), DictKey(key='b'))
2026-06-12 16:42:37,832 -   Not masking out (DictKey(key='phi'), SequenceKey(idx=3), SequenceKey(idx=1), DictKey(key='w'))
2026-06-12 16:42:37,832 -   Not masking out (DictKey(key='rho'), SequenceKey(idx=0), DictKey(key='b'))
2026-06-12 16:42:37,832 -   Not masking out (DictKey(key='rho'), SequenceKey(idx=0), DictKey(key='w'))
2026-06-12 16:42:37,832 -   Not masking out (DictKey(key='rho'), SequenceKey(idx=1), DictKey(key='b'))
2026-06-12 16:42:37,832 -   Not masking out (DictKey(key='rho'), SequenceKey(idx=1), DictKey(key='w'))
2026-06-12 16:42:37,832 -   Not masking out (DictKey(key='transformer'), SequenceKey(idx=0), DictKey(key='attn_ln'), DictKey(key='offset'))
2026-06-12 16:42:37,832 -   Not masking out (DictKey(key='transformer'), SequenceKey(idx=0), DictKey(key='attn_ln'), DictKey(key='scale'))
2026-06-12 16:42:37,832 -   Not masking out (DictKey(key='transformer'), SequenceKey(idx=0), DictKey(key='distance_bias'), DictKey(key='inter_w'))
2026-06-12 16:42:37,832 -   Not masking out (DictKey(key='transformer'), SequenceKey(idx=0), DictKey(key='distance_bias'), DictKey(key='intra_w'))
2026-06-12 16:42:37,832 -   Not masking out (DictKey(key='transformer'), SequenceKey(idx=0), DictKey(key='ff1'), DictKey(key='b'))
2026-06-12 16:42:37,832 -   Not masking out (DictKey(key='transformer'), SequenceKey(idx=0), DictKey(key='ff1'), DictKey(key='w'))
2026-06-12 16:42:37,832 -   Not masking out (DictKey(key='transformer'), SequenceKey(idx=0), DictKey(key='ff2'), DictKey(key='b'))
2026-06-12 16:42:37,832 -   Not masking out (DictKey(key='transformer'), SequenceKey(idx=0), DictKey(key='ff2'), DictKey(key='w'))
2026-06-12 16:42:37,832 -   Not masking out (DictKey(key='transformer'), SequenceKey(idx=0), DictKey(key='ff_ln'), DictKey(key='offset'))
2026-06-12 16:42:37,832 -   Not masking out (DictKey(key='transformer'), SequenceKey(idx=0), DictKey(key='ff_ln'), DictKey(key='scale'))
2026-06-12 16:42:37,832 -   Not masking out (DictKey(key='transformer'), SequenceKey(idx=0), DictKey(key='k_w'))
2026-06-12 16:42:37,832 -   Not masking out (DictKey(key='transformer'), SequenceKey(idx=0), DictKey(key='out_w'))
2026-06-12 16:42:37,832 -   Not masking out (DictKey(key='transformer'), SequenceKey(idx=0), DictKey(key='q_w'))
2026-06-12 16:42:37,832 -   Not masking out (DictKey(key='transformer'), SequenceKey(idx=0), DictKey(key='v_w'))
2026-06-12 16:42:37,832 -   Not masking out (DictKey(key='transformer'), SequenceKey(idx=1), DictKey(key='attn_ln'), DictKey(key='offset'))
2026-06-12 16:42:37,832 -   Not masking out (DictKey(key='transformer'), SequenceKey(idx=1), DictKey(key='attn_ln'), DictKey(key='scale'))
2026-06-12 16:42:37,833 -   Not masking out (DictKey(key='transformer'), SequenceKey(idx=1), DictKey(key='distance_bias'), DictKey(key='inter_w'))
2026-06-12 16:42:37,833 -   Not masking out (DictKey(key='transformer'), SequenceKey(idx=1), DictKey(key='distance_bias'), DictKey(key='intra_w'))
2026-06-12 16:42:37,833 -   Not masking out (DictKey(key='transformer'), SequenceKey(idx=1), DictKey(key='ff1'), DictKey(key='b'))
2026-06-12 16:42:37,833 -   Not masking out (DictKey(key='transformer'), SequenceKey(idx=1), DictKey(key='ff1'), DictKey(key='w'))
2026-06-12 16:42:37,833 -   Not masking out (DictKey(key='transformer'), SequenceKey(idx=1), DictKey(key='ff2'), DictKey(key='b'))
2026-06-12 16:42:37,833 -   Not masking out (DictKey(key='transformer'), SequenceKey(idx=1), DictKey(key='ff2'), DictKey(key='w'))
2026-06-12 16:42:37,833 -   Not masking out (DictKey(key='transformer'), SequenceKey(idx=1), DictKey(key='ff_ln'), DictKey(key='offset'))
2026-06-12 16:42:37,833 -   Not masking out (DictKey(key='transformer'), SequenceKey(idx=1), DictKey(key='ff_ln'), DictKey(key='scale'))
2026-06-12 16:42:37,833 -   Not masking out (DictKey(key='transformer'), SequenceKey(idx=1), DictKey(key='k_w'))
2026-06-12 16:42:37,833 -   Not masking out (DictKey(key='transformer'), SequenceKey(idx=1), DictKey(key='out_w'))
2026-06-12 16:42:37,833 -   Not masking out (DictKey(key='transformer'), SequenceKey(idx=1), DictKey(key='q_w'))
2026-06-12 16:42:37,833 -   Not masking out (DictKey(key='transformer'), SequenceKey(idx=1), DictKey(key='v_w'))
2026-06-12 16:42:37,833 -   Not masking out (DictKey(key='transformer'), SequenceKey(idx=2), DictKey(key='attn_ln'), DictKey(key='offset'))
2026-06-12 16:42:37,833 -   Not masking out (DictKey(key='transformer'), SequenceKey(idx=2), DictKey(key='attn_ln'), DictKey(key='scale'))
2026-06-12 16:42:37,833 -   Not masking out (DictKey(key='transformer'), SequenceKey(idx=2), DictKey(key='distance_bias'), DictKey(key='inter_w'))
2026-06-12 16:42:37,833 -   Not masking out (DictKey(key='transformer'), SequenceKey(idx=2), DictKey(key='distance_bias'), DictKey(key='intra_w'))
2026-06-12 16:42:37,833 -   Not masking out (DictKey(key='transformer'), SequenceKey(idx=2), DictKey(key='ff1'), DictKey(key='b'))
2026-06-12 16:42:37,833 -   Not masking out (DictKey(key='transformer'), SequenceKey(idx=2), DictKey(key='ff1'), DictKey(key='w'))
2026-06-12 16:42:37,833 -   Not masking out (DictKey(key='transformer'), SequenceKey(idx=2), DictKey(key='ff2'), DictKey(key='b'))
2026-06-12 16:42:37,833 -   Not masking out (DictKey(key='transformer'), SequenceKey(idx=2), DictKey(key='ff2'), DictKey(key='w'))
2026-06-12 16:42:37,833 -   Not masking out (DictKey(key='transformer'), SequenceKey(idx=2), DictKey(key='ff_ln'), DictKey(key='offset'))
2026-06-12 16:42:37,833 -   Not masking out (DictKey(key='transformer'), SequenceKey(idx=2), DictKey(key='ff_ln'), DictKey(key='scale'))
2026-06-12 16:42:37,833 -   Not masking out (DictKey(key='transformer'), SequenceKey(idx=2), DictKey(key='k_w'))
2026-06-12 16:42:37,833 -   Not masking out (DictKey(key='transformer'), SequenceKey(idx=2), DictKey(key='out_w'))
2026-06-12 16:42:37,833 -   Not masking out (DictKey(key='transformer'), SequenceKey(idx=2), DictKey(key='q_w'))
2026-06-12 16:42:37,833 -   Not masking out (DictKey(key='transformer'), SequenceKey(idx=2), DictKey(key='v_w'))
2026-06-12 16:42:37,833 -   Not masking out (DictKey(key='transformer'), SequenceKey(idx=3), DictKey(key='attn_ln'), DictKey(key='offset'))
2026-06-12 16:42:37,833 -   Not masking out (DictKey(key='transformer'), SequenceKey(idx=3), DictKey(key='attn_ln'), DictKey(key='scale'))
2026-06-12 16:42:37,833 -   Not masking out (DictKey(key='transformer'), SequenceKey(idx=3), DictKey(key='distance_bias'), DictKey(key='inter_w'))
2026-06-12 16:42:37,833 -   Not masking out (DictKey(key='transformer'), SequenceKey(idx=3), DictKey(key='distance_bias'), DictKey(key='intra_w'))
2026-06-12 16:42:37,833 -   Not masking out (DictKey(key='transformer'), SequenceKey(idx=3), DictKey(key='ff1'), DictKey(key='b'))
2026-06-12 16:42:37,833 -   Not masking out (DictKey(key='transformer'), SequenceKey(idx=3), DictKey(key='ff1'), DictKey(key='w'))
2026-06-12 16:42:37,833 -   Not masking out (DictKey(key='transformer'), SequenceKey(idx=3), DictKey(key='ff2'), DictKey(key='b'))
2026-06-12 16:42:37,833 -   Not masking out (DictKey(key='transformer'), SequenceKey(idx=3), DictKey(key='ff2'), DictKey(key='w'))
2026-06-12 16:42:37,833 -   Not masking out (DictKey(key='transformer'), SequenceKey(idx=3), DictKey(key='ff_ln'), DictKey(key='offset'))
2026-06-12 16:42:37,833 -   Not masking out (DictKey(key='transformer'), SequenceKey(idx=3), DictKey(key='ff_ln'), DictKey(key='scale'))
2026-06-12 16:42:37,833 -   Not masking out (DictKey(key='transformer'), SequenceKey(idx=3), DictKey(key='k_w'))
2026-06-12 16:42:37,833 -   Not masking out (DictKey(key='transformer'), SequenceKey(idx=3), DictKey(key='out_w'))
2026-06-12 16:42:37,833 -   Not masking out (DictKey(key='transformer'), SequenceKey(idx=3), DictKey(key='q_w'))
2026-06-12 16:42:37,834 -   Not masking out (DictKey(key='transformer'), SequenceKey(idx=3), DictKey(key='v_w'))
2026-06-12 16:42:41,426 - ==================================================
2026-06-12 16:42:41,426 - Graph parameter registrations:
2026-06-12 16:42:41,427 - {'embed': {'b': 'Auto[tag_variant=repeated_dense(0)|match_type=repeated_dense1_with_bias]',
2026-06-12 16:42:41,427 -            'w': 'Auto[tag_variant=repeated_dense(0)|match_type=repeated_dense1_with_bias]'},
2026-06-12 16:42:41,427 -  'ln': [],
2026-06-12 16:42:41,427 -  'phi': [[{'b': 'Auto[generic(0)]', 'w': 'Auto[generic(1)]'},
2026-06-12 16:42:41,427 -           {'b': 'Auto[generic(2)]', 'w': 'Auto[generic(3)]'}],
2026-06-12 16:42:41,427 -          [{'b': 'Auto[generic(4)]', 'w': 'Auto[generic(5)]'},
2026-06-12 16:42:41,427 -           {'b': 'Auto[generic(6)]', 'w': 'Auto[generic(7)]'}],
2026-06-12 16:42:41,428 -          [{'b': 'Auto[generic(8)]', 'w': 'Auto[generic(9)]'},
2026-06-12 16:42:41,428 -           {'b': 'Auto[generic(10)]', 'w': 'Auto[generic(11)]'}],
2026-06-12 16:42:41,428 -          [{'b': 'Auto[generic(12)]', 'w': 'Auto[generic(13)]'},
2026-06-12 16:42:41,428 -           {'b': 'Auto[generic(14)]', 'w': 'Auto[generic(15)]'}]],
2026-06-12 16:42:41,428 -  'rho': [{'b': 'Auto[tag_variant=dense(0)|match_type=dense_with_bias_no_reshape]',
2026-06-12 16:42:41,428 -           'w': 'Auto[tag_variant=dense(0)|match_type=dense_with_bias_no_reshape]'},
2026-06-12 16:42:41,428 -          {'b': 'Auto[tag_variant=dense(1)|match_type=dense_with_bias_no_reshape]',
2026-06-12 16:42:41,428 -           'w': 'Auto[tag_variant=dense(1)|match_type=dense_with_bias_no_reshape]'}],
2026-06-12 16:42:41,428 -  'transformer': [{'attn_ln': {'offset': 'Auto[tag_variant=scale_and_shift(0)|match_type=normalization_haiku_broadcast_1]',
2026-06-12 16:42:41,428 -                               'scale': 'Auto[tag_variant=scale_and_shift(0)|match_type=normalization_haiku_broadcast_1]'},
2026-06-12 16:42:41,428 -                   'distance_bias': {'inter_w': 'Auto[generic(16)]',
2026-06-12 16:42:41,428 -                                     'intra_w': 'Auto[generic(17)]'},
2026-06-12 16:42:41,428 -                   'ff1': {'b': 'Auto[tag_variant=repeated_dense(5)|match_type=repeated_dense1_with_bias]',
2026-06-12 16:42:41,428 -                           'w': 'Auto[tag_variant=repeated_dense(5)|match_type=repeated_dense1_with_bias]'},
2026-06-12 16:42:41,428 -                   'ff2': {'b': 'Auto[tag_variant=repeated_dense(6)|match_type=repeated_dense1_with_bias]',
2026-06-12 16:42:41,428 -                           'w': 'Auto[tag_variant=repeated_dense(6)|match_type=repeated_dense1_with_bias]'},
2026-06-12 16:42:41,428 -                   'ff_ln': {'offset': 'Auto[tag_variant=scale_and_shift(1)|match_type=normalization_haiku_broadcast_1]',
2026-06-12 16:42:41,428 -                             'scale': 'Auto[tag_variant=scale_and_shift(1)|match_type=normalization_haiku_broadcast_1]'},
2026-06-12 16:42:41,428 -                   'k_w': 'Auto[tag_variant=repeated_dense(2)|match_type=repeated_dense1_no_bias]',
2026-06-12 16:42:41,428 -                   'out_w': 'Auto[tag_variant=repeated_dense(4)|match_type=repeated_dense1_no_bias]',
2026-06-12 16:42:41,428 -                   'q_w': 'Auto[tag_variant=repeated_dense(1)|match_type=repeated_dense1_no_bias]',
2026-06-12 16:42:41,428 -                   'v_w': 'Auto[tag_variant=repeated_dense(3)|match_type=repeated_dense1_no_bias]'},
2026-06-12 16:42:41,428 -                  {'attn_ln': {'offset': 'Auto[tag_variant=scale_and_shift(2)|match_type=normalization_haiku_broadcast_1]',
2026-06-12 16:42:41,428 -                               'scale': 'Auto[tag_variant=scale_and_shift(2)|match_type=normalization_haiku_broadcast_1]'},
2026-06-12 16:42:41,428 -                   'distance_bias': {'inter_w': 'Auto[generic(18)]',
2026-06-12 16:42:41,428 -                                     'intra_w': 'Auto[generic(19)]'},
2026-06-12 16:42:41,428 -                   'ff1': {'b': 'Auto[tag_variant=repeated_dense(11)|match_type=repeated_dense1_with_bias]',
2026-06-12 16:42:41,428 -                           'w': 'Auto[tag_variant=repeated_dense(11)|match_type=repeated_dense1_with_bias]'},
2026-06-12 16:42:41,428 -                   'ff2': {'b': 'Auto[tag_variant=repeated_dense(12)|match_type=repeated_dense1_with_bias]',
2026-06-12 16:42:41,428 -                           'w': 'Auto[tag_variant=repeated_dense(12)|match_type=repeated_dense1_with_bias]'},
2026-06-12 16:42:41,428 -                   'ff_ln': {'offset': 'Auto[tag_variant=scale_and_shift(3)|match_type=normalization_haiku_broadcast_1]',
2026-06-12 16:42:41,428 -                             'scale': 'Auto[tag_variant=scale_and_shift(3)|match_type=normalization_haiku_broadcast_1]'},
2026-06-12 16:42:41,428 -                   'k_w': 'Auto[tag_variant=repeated_dense(8)|match_type=repeated_dense1_no_bias]',
2026-06-12 16:42:41,428 -                   'out_w': 'Auto[tag_variant=repeated_dense(10)|match_type=repeated_dense1_no_bias]',
2026-06-12 16:42:41,428 -                   'q_w': 'Auto[tag_variant=repeated_dense(7)|match_type=repeated_dense1_no_bias]',
2026-06-12 16:42:41,428 -                   'v_w': 'Auto[tag_variant=repeated_dense(9)|match_type=repeated_dense1_no_bias]'},
2026-06-12 16:42:41,428 -                  {'attn_ln': {'offset': 'Auto[tag_variant=scale_and_shift(4)|match_type=normalization_haiku_broadcast_1]',
2026-06-12 16:42:41,428 -                               'scale': 'Auto[tag_variant=scale_and_shift(4)|match_type=normalization_haiku_broadcast_1]'},
2026-06-12 16:42:41,428 -                   'distance_bias': {'inter_w': 'Auto[generic(20)]',
2026-06-12 16:42:41,428 -                                     'intra_w': 'Auto[generic(21)]'},
2026-06-12 16:42:41,428 -                   'ff1': {'b': 'Auto[tag_variant=repeated_dense(17)|match_type=repeated_dense1_with_bias]',
2026-06-12 16:42:41,428 -                           'w': 'Auto[tag_variant=repeated_dense(17)|match_type=repeated_dense1_with_bias]'},
2026-06-12 16:42:41,428 -                   'ff2': {'b': 'Auto[tag_variant=repeated_dense(18)|match_type=repeated_dense1_with_bias]',
2026-06-12 16:42:41,428 -                           'w': 'Auto[tag_variant=repeated_dense(18)|match_type=repeated_dense1_with_bias]'},
2026-06-12 16:42:41,428 -                   'ff_ln': {'offset': 'Auto[tag_variant=scale_and_shift(5)|match_type=normalization_haiku_broadcast_1]',
2026-06-12 16:42:41,428 -                             'scale': 'Auto[tag_variant=scale_and_shift(5)|match_type=normalization_haiku_broadcast_1]'},
2026-06-12 16:42:41,428 -                   'k_w': 'Auto[tag_variant=repeated_dense(14)|match_type=repeated_dense1_no_bias]',
2026-06-12 16:42:41,428 -                   'out_w': 'Auto[tag_variant=repeated_dense(16)|match_type=repeated_dense1_no_bias]',
2026-06-12 16:42:41,429 -                   'q_w': 'Auto[tag_variant=repeated_dense(13)|match_type=repeated_dense1_no_bias]',
2026-06-12 16:42:41,429 -                   'v_w': 'Auto[tag_variant=repeated_dense(15)|match_type=repeated_dense1_no_bias]'},
2026-06-12 16:42:41,429 -                  {'attn_ln': {'offset': 'Auto[tag_variant=scale_and_shift(6)|match_type=normalization_haiku_broadcast_1]',
2026-06-12 16:42:41,429 -                               'scale': 'Auto[tag_variant=scale_and_shift(6)|match_type=normalization_haiku_broadcast_1]'},
2026-06-12 16:42:41,429 -                   'distance_bias': {'inter_w': 'Auto[generic(22)]',
2026-06-12 16:42:41,429 -                                     'intra_w': 'Auto[generic(23)]'},
2026-06-12 16:42:41,429 -                   'ff1': {'b': 'Auto[tag_variant=repeated_dense(23)|match_type=repeated_dense1_with_bias]',
2026-06-12 16:42:41,429 -                           'w': 'Auto[tag_variant=repeated_dense(23)|match_type=repeated_dense1_with_bias]'},
2026-06-12 16:42:41,429 -                   'ff2': {'b': 'Auto[tag_variant=repeated_dense(24)|match_type=repeated_dense1_with_bias]',
2026-06-12 16:42:41,429 -                           'w': 'Auto[tag_variant=repeated_dense(24)|match_type=repeated_dense1_with_bias]'},
2026-06-12 16:42:41,429 -                   'ff_ln': {'offset': 'Auto[tag_variant=scale_and_shift(7)|match_type=normalization_haiku_broadcast_1]',
2026-06-12 16:42:41,429 -                             'scale': 'Auto[tag_variant=scale_and_shift(7)|match_type=normalization_haiku_broadcast_1]'},
2026-06-12 16:42:41,429 -                   'k_w': 'Auto[tag_variant=repeated_dense(20)|match_type=repeated_dense1_no_bias]',
2026-06-12 16:42:41,429 -                   'out_w': 'Auto[tag_variant=repeated_dense(22)|match_type=repeated_dense1_no_bias]',
2026-06-12 16:42:41,429 -                   'q_w': 'Auto[tag_variant=repeated_dense(19)|match_type=repeated_dense1_no_bias]',
2026-06-12 16:42:41,429 -                   'v_w': 'Auto[tag_variant=repeated_dense(21)|match_type=repeated_dense1_no_bias]'}]}
2026-06-12 16:42:41,429 - ==================================================
2026-06-12 16:42:41,457 - Graph registered losses:
2026-06-12 16:42:41,457 - NormalMeanNegativeLogProbLoss(mean=Var(id=139758373977856):float32[1024,1], variance=Literal(0.5), weight=Literal(1.0), normalize_log_prob=Literal(True))
2026-06-12 16:42:41,457 - ==================================================
2026-06-12 16:42:41,460 - BlockDiagonalCurvature blocks:
2026-06-12 16:42:41,460 - RepeatedDenseBlock(parameter_specs=['ab -> (a)b', 'a -> 1a'], parameters_concat_axis=0), tag name: Auto[tag_variant=repeated_dense(0)|match_type=repeated_dense1_with_bias], params shapes: ((5, 64), (64,))
2026-06-12 16:42:41,460 - NaiveDiagonal, tag name: Auto[generic(0)], params shapes: ((64,),)
2026-06-12 16:42:41,460 - NaiveDiagonal, tag name: Auto[generic(1)], params shapes: ((64, 64),)
2026-06-12 16:42:41,460 - NaiveDiagonal, tag name: Auto[generic(2)], params shapes: ((64,),)
2026-06-12 16:42:41,460 - NaiveDiagonal, tag name: Auto[generic(3)], params shapes: ((64, 64),)
2026-06-12 16:42:41,460 - NaiveDiagonal, tag name: Auto[generic(4)], params shapes: ((64,),)
2026-06-12 16:42:41,460 - NaiveDiagonal, tag name: Auto[generic(5)], params shapes: ((64, 64),)
2026-06-12 16:42:41,460 - NaiveDiagonal, tag name: Auto[generic(6)], params shapes: ((64,),)
2026-06-12 16:42:41,460 - NaiveDiagonal, tag name: Auto[generic(7)], params shapes: ((64, 64),)
2026-06-12 16:42:41,460 - NaiveDiagonal, tag name: Auto[generic(8)], params shapes: ((64,),)
2026-06-12 16:42:41,460 - NaiveDiagonal, tag name: Auto[generic(9)], params shapes: ((64, 64),)
2026-06-12 16:42:41,461 - NaiveDiagonal, tag name: Auto[generic(10)], params shapes: ((64,),)
2026-06-12 16:42:41,461 - NaiveDiagonal, tag name: Auto[generic(11)], params shapes: ((64, 64),)
2026-06-12 16:42:41,461 - NaiveDiagonal, tag name: Auto[generic(12)], params shapes: ((64,),)
2026-06-12 16:42:41,461 - NaiveDiagonal, tag name: Auto[generic(13)], params shapes: ((64, 64),)
2026-06-12 16:42:41,461 - NaiveDiagonal, tag name: Auto[generic(14)], params shapes: ((64,),)
2026-06-12 16:42:41,461 - NaiveDiagonal, tag name: Auto[generic(15)], params shapes: ((64, 64),)
2026-06-12 16:42:41,461 - DenseTwoKroneckerFactored(parameter_specs=['ab -> (a)b', 'a -> 1a'], parameters_concat_axis=0), tag name: Auto[tag_variant=dense(0)|match_type=dense_with_bias_no_reshape], params shapes: ((64, 64), (64,))
2026-06-12 16:42:41,461 - DenseTwoKroneckerFactored(parameter_specs=['ab -> (a)b', 'a -> 1a'], parameters_concat_axis=0), tag name: Auto[tag_variant=dense(1)|match_type=dense_with_bias_no_reshape], params shapes: ((64, 1), (1,))
2026-06-12 16:42:41,461 - ScaleAndShiftDiagonal, tag name: Auto[tag_variant=scale_and_shift(0)|match_type=normalization_haiku_broadcast_1], params shapes: ((64,), (64,))
2026-06-12 16:42:41,461 - NaiveDiagonal, tag name: Auto[generic(16)], params shapes: ((17, 4),)
2026-06-12 16:42:41,461 - NaiveDiagonal, tag name: Auto[generic(17)], params shapes: ((17, 4),)
2026-06-12 16:42:41,461 - RepeatedDenseBlock(parameter_specs=['ab -> (a)b', 'a -> 1a'], parameters_concat_axis=0), tag name: Auto[tag_variant=repeated_dense(5)|match_type=repeated_dense1_with_bias], params shapes: ((64, 256), (256,))
2026-06-12 16:42:41,462 - RepeatedDenseBlock(parameter_specs=['ab -> (a)b', 'a -> 1a'], parameters_concat_axis=0), tag name: Auto[tag_variant=repeated_dense(6)|match_type=repeated_dense1_with_bias], params shapes: ((256, 64), (64,))
2026-06-12 16:42:41,462 - ScaleAndShiftDiagonal, tag name: Auto[tag_variant=scale_and_shift(1)|match_type=normalization_haiku_broadcast_1], params shapes: ((64,), (64,))
2026-06-12 16:42:41,462 - RepeatedDenseBlock(parameter_specs=['ab -> (a)b'], parameters_concat_axis=0), tag name: Auto[tag_variant=repeated_dense(2)|match_type=repeated_dense1_no_bias], params shapes: ((64, 64),)
2026-06-12 16:42:41,462 - RepeatedDenseBlock(parameter_specs=['ab -> (a)b'], parameters_concat_axis=0), tag name: Auto[tag_variant=repeated_dense(4)|match_type=repeated_dense1_no_bias], params shapes: ((64, 64),)
2026-06-12 16:42:41,462 - RepeatedDenseBlock(parameter_specs=['ab -> (a)b'], parameters_concat_axis=0), tag name: Auto[tag_variant=repeated_dense(1)|match_type=repeated_dense1_no_bias], params shapes: ((64, 64),)
2026-06-12 16:42:41,462 - RepeatedDenseBlock(parameter_specs=['ab -> (a)b'], parameters_concat_axis=0), tag name: Auto[tag_variant=repeated_dense(3)|match_type=repeated_dense1_no_bias], params shapes: ((64, 64),)
2026-06-12 16:42:41,462 - ScaleAndShiftDiagonal, tag name: Auto[tag_variant=scale_and_shift(2)|match_type=normalization_haiku_broadcast_1], params shapes: ((64,), (64,))
2026-06-12 16:42:41,462 - NaiveDiagonal, tag name: Auto[generic(18)], params shapes: ((17, 4),)
2026-06-12 16:42:41,462 - NaiveDiagonal, tag name: Auto[generic(19)], params shapes: ((17, 4),)
2026-06-12 16:42:41,462 - RepeatedDenseBlock(parameter_specs=['ab -> (a)b', 'a -> 1a'], parameters_concat_axis=0), tag name: Auto[tag_variant=repeated_dense(11)|match_type=repeated_dense1_with_bias], params shapes: ((64, 256), (256,))
2026-06-12 16:42:41,462 - RepeatedDenseBlock(parameter_specs=['ab -> (a)b', 'a -> 1a'], parameters_concat_axis=0), tag name: Auto[tag_variant=repeated_dense(12)|match_type=repeated_dense1_with_bias], params shapes: ((256, 64), (64,))
2026-06-12 16:42:41,463 - ScaleAndShiftDiagonal, tag name: Auto[tag_variant=scale_and_shift(3)|match_type=normalization_haiku_broadcast_1], params shapes: ((64,), (64,))
2026-06-12 16:42:41,463 - RepeatedDenseBlock(parameter_specs=['ab -> (a)b'], parameters_concat_axis=0), tag name: Auto[tag_variant=repeated_dense(8)|match_type=repeated_dense1_no_bias], params shapes: ((64, 64),)
2026-06-12 16:42:41,463 - RepeatedDenseBlock(parameter_specs=['ab -> (a)b'], parameters_concat_axis=0), tag name: Auto[tag_variant=repeated_dense(10)|match_type=repeated_dense1_no_bias], params shapes: ((64, 64),)
2026-06-12 16:42:41,463 - RepeatedDenseBlock(parameter_specs=['ab -> (a)b'], parameters_concat_axis=0), tag name: Auto[tag_variant=repeated_dense(7)|match_type=repeated_dense1_no_bias], params shapes: ((64, 64),)
2026-06-12 16:42:41,463 - RepeatedDenseBlock(parameter_specs=['ab -> (a)b'], parameters_concat_axis=0), tag name: Auto[tag_variant=repeated_dense(9)|match_type=repeated_dense1_no_bias], params shapes: ((64, 64),)
2026-06-12 16:42:41,463 - ScaleAndShiftDiagonal, tag name: Auto[tag_variant=scale_and_shift(4)|match_type=normalization_haiku_broadcast_1], params shapes: ((64,), (64,))
2026-06-12 16:42:41,463 - NaiveDiagonal, tag name: Auto[generic(20)], params shapes: ((17, 4),)
2026-06-12 16:42:41,463 - NaiveDiagonal, tag name: Auto[generic(21)], params shapes: ((17, 4),)
2026-06-12 16:42:41,463 - RepeatedDenseBlock(parameter_specs=['ab -> (a)b', 'a -> 1a'], parameters_concat_axis=0), tag name: Auto[tag_variant=repeated_dense(17)|match_type=repeated_dense1_with_bias], params shapes: ((64, 256), (256,))
2026-06-12 16:42:41,463 - RepeatedDenseBlock(parameter_specs=['ab -> (a)b', 'a -> 1a'], parameters_concat_axis=0), tag name: Auto[tag_variant=repeated_dense(18)|match_type=repeated_dense1_with_bias], params shapes: ((256, 64), (64,))
2026-06-12 16:42:41,464 - ScaleAndShiftDiagonal, tag name: Auto[tag_variant=scale_and_shift(5)|match_type=normalization_haiku_broadcast_1], params shapes: ((64,), (64,))
2026-06-12 16:42:41,464 - RepeatedDenseBlock(parameter_specs=['ab -> (a)b'], parameters_concat_axis=0), tag name: Auto[tag_variant=repeated_dense(14)|match_type=repeated_dense1_no_bias], params shapes: ((64, 64),)
2026-06-12 16:42:41,464 - RepeatedDenseBlock(parameter_specs=['ab -> (a)b'], parameters_concat_axis=0), tag name: Auto[tag_variant=repeated_dense(16)|match_type=repeated_dense1_no_bias], params shapes: ((64, 64),)
2026-06-12 16:42:41,464 - RepeatedDenseBlock(parameter_specs=['ab -> (a)b'], parameters_concat_axis=0), tag name: Auto[tag_variant=repeated_dense(13)|match_type=repeated_dense1_no_bias], params shapes: ((64, 64),)
2026-06-12 16:42:41,464 - RepeatedDenseBlock(parameter_specs=['ab -> (a)b'], parameters_concat_axis=0), tag name: Auto[tag_variant=repeated_dense(15)|match_type=repeated_dense1_no_bias], params shapes: ((64, 64),)
2026-06-12 16:42:41,464 - ScaleAndShiftDiagonal, tag name: Auto[tag_variant=scale_and_shift(6)|match_type=normalization_haiku_broadcast_1], params shapes: ((64,), (64,))
2026-06-12 16:42:41,464 - NaiveDiagonal, tag name: Auto[generic(22)], params shapes: ((17, 4),)
2026-06-12 16:42:41,464 - NaiveDiagonal, tag name: Auto[generic(23)], params shapes: ((17, 4),)
2026-06-12 16:42:41,464 - RepeatedDenseBlock(parameter_specs=['ab -> (a)b', 'a -> 1a'], parameters_concat_axis=0), tag name: Auto[tag_variant=repeated_dense(23)|match_type=repeated_dense1_with_bias], params shapes: ((64, 256), (256,))
2026-06-12 16:42:41,464 - RepeatedDenseBlock(parameter_specs=['ab -> (a)b', 'a -> 1a'], parameters_concat_axis=0), tag name: Auto[tag_variant=repeated_dense(24)|match_type=repeated_dense1_with_bias], params shapes: ((256, 64), (64,))
2026-06-12 16:42:41,464 - ScaleAndShiftDiagonal, tag name: Auto[tag_variant=scale_and_shift(7)|match_type=normalization_haiku_broadcast_1], params shapes: ((64,), (64,))
2026-06-12 16:42:41,465 - RepeatedDenseBlock(parameter_specs=['ab -> (a)b'], parameters_concat_axis=0), tag name: Auto[tag_variant=repeated_dense(20)|match_type=repeated_dense1_no_bias], params shapes: ((64, 64),)
2026-06-12 16:42:41,465 - RepeatedDenseBlock(parameter_specs=['ab -> (a)b'], parameters_concat_axis=0), tag name: Auto[tag_variant=repeated_dense(22)|match_type=repeated_dense1_no_bias], params shapes: ((64, 64),)
2026-06-12 16:42:41,465 - RepeatedDenseBlock(parameter_specs=['ab -> (a)b'], parameters_concat_axis=0), tag name: Auto[tag_variant=repeated_dense(19)|match_type=repeated_dense1_no_bias], params shapes: ((64, 64),)
2026-06-12 16:42:41,465 - RepeatedDenseBlock(parameter_specs=['ab -> (a)b'], parameters_concat_axis=0), tag name: Auto[tag_variant=repeated_dense(21)|match_type=repeated_dense1_no_bias], params shapes: ((64, 64),)
2026-06-12 16:42:41,465 - ==================================================
2026-06-12 16:42:56,440 - Initial energy: 301.3551 E_h
2026-06-12 16:42:56,498 - Starting training stage bold at step 0
2026-06-12 16:43:22,474 - [stage=bold step=00000 local=00000/01000] E/N=18.992 ewE/N=18.992 std/N=0.120874 ewstd/N=0 pmove=0.993 width=0.0520216 esjd/N=0.00226064 esjd/moved=0.00411025 score=19.1129
2026-06-12 16:43:51,127 - [stage=bold step=00010 local=00010/01000] E/N=17.3588 ewE/N=18.4929 std/N=19.9189 ewstd/N=0.692246 pmove=0.867 width=0.0749468 esjd/N=0.00383723 esjd/moved=0.00667345 score=38.4118
2026-06-12 16:43:54,012 - [stage=bold step=00020 local=00020/01000] E/N=383.986 ewE/N=118.961 std/N=5838.83 ewstd/N=141.847 pmove=0.781 width=0.10174 esjd/N=0.00707062 esjd/moved=0.0134679 score=5957.79
2026-06-12 16:43:56,856 - [stage=bold step=00030 local=00030/01000] E/N=468.324 ewE/N=284.988 std/N=6854.65 ewstd/N=229.135 pmove=0.678 width=0.13355 esjd/N=0.0112677 esjd/moved=0.0225353 score=7139.64
2026-06-12 16:43:59,698 - [stage=bold step=00040 local=00040/01000] E/N=1190.62 ewE/N=460.52 std/N=27687.3 ewstd/N=340.14 pmove=0.603 width=0.167515 esjd/N=0.0147566 esjd/moved=0.0281079 score=28147.8
2026-06-12 16:44:02,548 - [stage=bold step=00050 local=00050/01000] E/N=285.274 ewE/N=580.323 std/N=2628.43 ewstd/N=296.214 pmove=0.481 width=0.199303 esjd/N=0.0149142 esjd/moved=0.0271168 score=3208.75
2026-06-12 16:44:05,385 - [stage=bold step=00060 local=00060/01000] E/N=801.668 ewE/N=608.06 std/N=18549 ewstd/N=216.866 pmove=0.354 width=0.223177 esjd/N=0.0129477 esjd/moved=0.0235413 score=19157
2026-06-12 16:44:08,234 - [stage=bold step=00070 local=00070/01000] E/N=1106.79 ewE/N=552.691 std/N=21842.1 ewstd/N=282.82 pmove=0.302 width=0.238809 esjd/N=0.0109633 esjd/moved=0.0190665 score=22394.8
2026-06-12 16:44:11,087 - [stage=bold step=00080 local=00080/01000] E/N=929.595 ewE/N=558.14 std/N=19889.6 ewstd/N=320.3 pmove=0.240 width=0.243816 esjd/N=0.00958799 esjd/moved=0.0174327 score=20447.8
2026-06-12 16:44:13,942 - [stage=bold step=00090 local=00090/01000] E/N=236.314 ewE/N=557.801 std/N=4853.21 ewstd/N=252.296 pmove=0.196 width=0.246321 esjd/N=0.00906748 esjd/moved=0.0172714 score=5411.01
2026-06-12 16:44:16,796 - [stage=bold step=00100 local=00100/01000] E/N=291.516 ewE/N=389.609 std/N=4877.84 ewstd/N=203.946 pmove=0.163 width=0.245374 esjd/N=0.00716256 esjd/moved=0.013643 score=5267.45
2026-06-12 16:44:19,644 - [stage=bold step=00110 local=00110/01000] E/N=190.833 ewE/N=356.675 std/N=2895.12 ewstd/N=191.196 pmove=0.203 width=0.242149 esjd/N=0.0053118 esjd/moved=0.00885299 score=3251.8
2026-06-12 16:44:22,527 - [stage=bold step=00120 local=00120/01000] E/N=98.6965 ewE/N=229.189 std/N=741.001 ewstd/N=152.845 pmove=0.164 width=0.237919 esjd/N=0.00445979 esjd/moved=0.00775616 score=970.19
2026-06-12 16:44:25,394 - [stage=bold step=00130 local=00130/01000] E/N=95.498 ewE/N=148.092 std/N=1038.38 ewstd/N=109.957 pmove=0.159 width=0.230018 esjd/N=0.00390281 esjd/moved=0.0067875 score=1186.47
2026-06-12 16:44:28,247 - [stage=bold step=00140 local=00140/01000] E/N=61.3474 ewE/N=124.364 std/N=754.362 ewstd/N=85.7196 pmove=0.104 width=0.222718 esjd/N=0.00337713 esjd/moved=0.00643263 score=878.727
2026-06-12 16:44:31,116 - [stage=bold step=00150 local=00150/01000] E/N=89.7797 ewE/N=92.2316 std/N=1589.18 ewstd/N=59.9824 pmove=0.128 width=0.213517 esjd/N=0.00318226 esjd/moved=0.00578592 score=1681.42
2026-06-12 16:44:33,975 - [stage=bold step=00160 local=00160/01000] E/N=44.7725 ewE/N=101.998 std/N=524.762 ewstd/N=113.012 pmove=0.097 width=0.206422 esjd/N=0.00268138 esjd/moved=0.00510739 score=626.76
2026-06-12 16:44:36,833 - [stage=bold step=00170 local=00170/01000] E/N=27.809 ewE/N=57.614 std/N=167.823 ewstd/N=74.3964 pmove=0.168 width=0.200126 esjd/N=0.0025186 esjd/moved=0.00419767 score=225.437
2026-06-12 16:44:39,693 - [stage=bold step=00180 local=00180/01000] E/N=17.2409 ewE/N=69.1135 std/N=80.6968 ewstd/N=106.114 pmove=0.138 width=0.195002 esjd/N=0.00285614 esjd/moved=0.00519299 score=149.81
2026-06-12 16:44:42,564 - [stage=bold step=00190 local=00190/01000] E/N=11.6103 ewE/N=38.3806 std/N=86.8478 ewstd/N=68.2784 pmove=0.240 width=0.18982 esjd/N=0.00269944 esjd/moved=0.00415299 score=125.228
2026-06-12 16:44:45,416 - [stage=bold step=00200 local=00200/01000] E/N=14.4396 ewE/N=19.836 std/N=401.158 ewstd/N=42.8148 pmove=0.155 width=0.183365 esjd/N=0.00299407 esjd/moved=0.00544376 score=420.994
2026-06-12 16:44:48,274 - [stage=bold step=00210 local=00210/01000] E/N=-1.59341 ewE/N=9.09861 std/N=68.1167 ewstd/N=27.0288 pmove=0.117 width=0.1769 esjd/N=0.00242712 esjd/moved=0.00462309 score=77.2153
2026-06-12 16:44:51,131 - [stage=bold step=00220 local=00220/01000] E/N=-9.82717 ewE/N=-1.58722 std/N=40.0562 ewstd/N=17.8616 pmove=0.085 width=0.170734 esjd/N=0.00204714 esjd/moved=0.00409428 score=38.469
2026-06-12 16:44:53,992 - [stage=bold step=00230 local=00230/01000] E/N=-15.9652 ewE/N=-9.75481 std/N=37.5743 ewstd/N=12.1717 pmove=0.111 width=0.163868 esjd/N=0.00195301 esjd/moved=0.00372002 score=27.8195
2026-06-12 16:44:56,857 - [stage=bold step=00240 local=00240/01000] E/N=-23.9096 ewE/N=-16.9615 std/N=13.8296 ewstd/N=9.09186 pmove=0.129 width=0.159043 esjd/N=0.00173623 esjd/moved=0.00315679 score=-3.13188
2026-06-12 16:44:59,741 - [stage=bold step=00250 local=00250/01000] E/N=-27.382 ewE/N=-23.4563 std/N=46.7943 ewstd/N=7.23327 pmove=0.106 width=0.153105 esjd/N=0.00159462 esjd/moved=0.00303738 score=23.338
2026-06-12 16:45:02,622 - [stage=bold step=00260 local=00260/01000] E/N=-31.4454 ewE/N=-27.7853 std/N=19.4103 ewstd/N=5.38347 pmove=0.130 width=0.148017 esjd/N=0.00145133 esjd/moved=0.00263879 score=-8.37499
2026-06-12 16:45:05,503 - [stage=bold step=00270 local=00270/01000] E/N=-35.809 ewE/N=-31.3643 std/N=15.394 ewstd/N=4.22795 pmove=0.155 width=0.142658 esjd/N=0.00138153 esjd/moved=0.00240265 score=-15.9703
2026-06-12 16:45:08,381 - [stage=bold step=00280 local=00280/01000] E/N=-41.5045 ewE/N=-36.2005 std/N=13.7063 ewstd/N=4.5861 pmove=0.121 width=0.13795 esjd/N=0.00115272 esjd/moved=0.00209586 score=-22.4943
2026-06-12 16:45:11,235 - [stage=bold step=00290 local=00290/01000] E/N=-47.4036 ewE/N=-41.9621 std/N=14.5332 ewstd/N=5.25323 pmove=0.141 width=0.132251 esjd/N=0.00103471 esjd/moved=0.0017995 score=-27.4289
2026-06-12 16:45:14,100 - [stage=bold step=00300 local=00300/01000] E/N=-52.0292 ewE/N=-47.3192 std/N=17.0258 ewstd/N=5.14555 pmove=0.102 width=0.126523 esjd/N=0.00104892 esjd/moved=0.00199794 score=-30.2934
2026-06-12 16:45:16,982 - [stage=bold step=00310 local=00310/01000] E/N=-57.9925 ewE/N=-53.121 std/N=14.2755 ewstd/N=5.35919 pmove=0.122 width=0.122057 esjd/N=0.00090491 esjd/moved=0.00164529 score=-38.8454
2026-06-12 16:45:19,855 - [stage=bold step=00320 local=00320/01000] E/N=-63.3294 ewE/N=-58.7006 std/N=14.0026 ewstd/N=5.26873 pmove=0.146 width=0.116404 esjd/N=0.000832419 esjd/moved=0.00144769 score=-44.698
2026-06-12 16:45:22,741 - [stage=bold step=00330 local=00330/01000] E/N=-67.5325 ewE/N=-63.6516 std/N=13.0311 ewstd/N=4.86408 pmove=0.105 width=0.111202 esjd/N=0.000794301 esjd/moved=0.00151295 score=-50.6205
2026-06-12 16:45:25,618 - [stage=bold step=00340 local=00340/01000] E/N=-71.3753 ewE/N=-68.0315 std/N=11.4593 ewstd/N=4.37254 pmove=0.244 width=0.108211 esjd/N=0.000630756 esjd/moved=0.000934454 score=-56.5723
2026-06-12 16:45:28,518 - [stage=bold step=00350 local=00350/01000] E/N=-74.5342 ewE/N=-71.502 std/N=10.3353 ewstd/N=3.67835 pmove=0.067 width=0.103542 esjd/N=0.000570695 esjd/moved=0.00114139 score=-61.1666
2026-06-12 16:45:31,411 - [stage=bold step=00360 local=00360/01000] E/N=-76.9869 ewE/N=-74.7207 std/N=9.33755 ewstd/N=3.2478 pmove=0.103 width=0.0987487 esjd/N=0.00061468 esjd/moved=0.00117082 score=-65.3831
2026-06-12 16:45:34,307 - [stage=bold step=00370 local=00370/01000] E/N=-78.7898 ewE/N=-77.1111 std/N=8.28725 ewstd/N=2.62621 pmove=0.079 width=0.0950132 esjd/N=0.000581998 esjd/moved=0.001164 score=-68.8238
2026-06-12 16:45:37,204 - [stage=bold step=00380 local=00380/01000] E/N=-79.9255 ewE/N=-78.7855 std/N=8.08566 ewstd/N=1.98682 pmove=0.133 width=0.0924953 esjd/N=0.000540602 esjd/moved=0.000982912 score=-70.6998
2026-06-12 16:45:40,104 - [stage=bold step=00390 local=00390/01000] E/N=-80.4685 ewE/N=-79.6339 std/N=7.25223 ewstd/N=1.336 pmove=0.190 width=0.0902215 esjd/N=0.000542556 esjd/moved=0.000904259 score=-72.3817
2026-06-12 16:45:43,002 - [stage=bold step=00400 local=00400/01000] E/N=-81.3421 ewE/N=-80.6594 std/N=7.9876 ewstd/N=1.103 pmove=0.116 width=0.088136 esjd/N=0.000558155 esjd/moved=0.00106315 score=-72.6718
2026-06-12 16:45:45,892 - [stage=bold step=00410 local=00410/01000] E/N=-81.9323 ewE/N=-81.4034 std/N=7.39235 ewstd/N=0.865828 pmove=0.152 width=0.0856056 esjd/N=0.000570879 esjd/moved=0.00103796 score=-74.0111
2026-06-12 16:45:48,787 - [stage=bold step=00420 local=00420/01000] E/N=-81.8251 ewE/N=-81.8463 std/N=6.79465 ewstd/N=0.616538 pmove=0.180 width=0.0838374 esjd/N=0.000564461 esjd/moved=0.000981672 score=-75.0516
2026-06-12 16:45:51,684 - [stage=bold step=00430 local=00430/01000] E/N=-82.6754 ewE/N=-82.2577 std/N=6.89931 ewstd/N=0.487582 pmove=0.135 width=0.0820696 esjd/N=0.000602376 esjd/moved=0.00114738 score=-75.3583
2026-06-12 16:45:54,581 - [stage=bold step=00440 local=00440/01000] E/N=-82.6087 ewE/N=-82.6395 std/N=6.66543 ewstd/N=0.42772 pmove=0.143 width=0.0805356 esjd/N=0.000607667 esjd/moved=0.00115746 score=-75.974
2026-06-12 16:45:57,478 - [stage=bold step=00450 local=00450/01000] E/N=-83.0718 ewE/N=-82.8129 std/N=6.68797 ewstd/N=0.310633 pmove=0.201 width=0.0797145 esjd/N=0.000599311 esjd/moved=0.00104228 score=-76.1249
2026-06-12 16:46:00,376 - [stage=bold step=00460 local=00460/01000] E/N=-83.4745 ewE/N=-83.116 std/N=7.32873 ewstd/N=0.317659 pmove=0.122 width=0.0784894 esjd/N=0.000626665 esjd/moved=0.00125333 score=-75.7872
2026-06-12 16:46:03,264 - [stage=bold step=00470 local=00470/01000] E/N=-83.5834 ewE/N=-83.2907 std/N=7.10473 ewstd/N=0.247442 pmove=0.185 width=0.0779777 esjd/N=0.000640567 esjd/moved=0.00116467 score=-76.186
2026-06-12 16:46:06,158 - [stage=bold step=00480 local=00480/01000] E/N=-83.7484 ewE/N=-83.5748 std/N=5.91245 ewstd/N=0.26029 pmove=0.210 width=0.0776119 esjd/N=0.000610021 esjd/moved=0.00106091 score=-77.6624
2026-06-12 16:46:09,040 - [stage=bold step=00490 local=00490/01000] E/N=-84.071 ewE/N=-83.6752 std/N=6.17069 ewstd/N=0.244816 pmove=0.191 width=0.076801 esjd/N=0.000650619 esjd/moved=0.00118294 score=-77.5045
2026-06-12 16:46:11,924 - [stage=bold step=00500 local=00500/01000] E/N=-83.9865 ewE/N=-83.8328 std/N=6.16451 ewstd/N=0.19807 pmove=0.141 width=0.0762948 esjd/N=0.000687903 esjd/moved=0.00137581 score=-77.6683
2026-06-12 16:46:14,811 - [stage=bold step=00510 local=00510/01000] E/N=-83.9663 ewE/N=-83.9076 std/N=5.74277 ewstd/N=0.138461 pmove=0.162 width=0.0758101 esjd/N=0.000645621 esjd/moved=0.00122975 score=-78.1648
2026-06-12 16:46:17,714 - [stage=bold step=00520 local=00520/01000] E/N=-84.227 ewE/N=-84.0929 std/N=5.96042 ewstd/N=0.177057 pmove=0.201 width=0.0751666 esjd/N=0.00067985 esjd/moved=0.00123609 score=-78.1325
2026-06-12 16:46:20,608 - [stage=bold step=00530 local=00530/01000] E/N=-84.4926 ewE/N=-84.3205 std/N=6.01496 ewstd/N=0.214316 pmove=0.225 width=0.0754601 esjd/N=0.00064986 esjd/moved=0.00113019 score=-78.3056
2026-06-12 16:46:23,517 - [stage=bold step=00540 local=00540/01000] E/N=-84.4267 ewE/N=-84.363 std/N=5.93156 ewstd/N=0.168059 pmove=0.224 width=0.0755283 esjd/N=0.000631254 esjd/moved=0.00109783 score=-78.4314
2026-06-12 16:46:26,433 - [stage=bold step=00550 local=00550/01000] E/N=-84.7147 ewE/N=-84.529 std/N=5.19668 ewstd/N=0.204048 pmove=0.174 width=0.0750927 esjd/N=0.000681342 esjd/moved=0.00129779 score=-79.3323
2026-06-12 16:46:29,329 - [stage=bold step=00560 local=00560/01000] E/N=-84.4205 ewE/N=-84.6469 std/N=5.36108 ewstd/N=0.207716 pmove=0.171 width=0.074706 esjd/N=0.000672008 esjd/moved=0.00128002 score=-79.2858
2026-06-12 16:46:32,256 - [stage=bold step=00570 local=00570/01000] E/N=-84.6774 ewE/N=-84.7157 std/N=5.63558 ewstd/N=0.151097 pmove=0.199 width=0.0750139 esjd/N=0.000659816 esjd/moved=0.00119967 score=-79.0801
2026-06-12 16:46:35,166 - [stage=bold step=00580 local=00580/01000] E/N=-84.9128 ewE/N=-84.7704 std/N=5.32625 ewstd/N=0.13829 pmove=0.225 width=0.0748422 esjd/N=0.000639986 esjd/moved=0.00111302 score=-79.4441
2026-06-12 16:46:38,064 - [stage=bold step=00590 local=00590/01000] E/N=-84.9363 ewE/N=-84.8691 std/N=5.22844 ewstd/N=0.147419 pmove=0.175 width=0.0745324 esjd/N=0.000682508 esjd/moved=0.00130002 score=-79.6407
2026-06-12 16:46:40,981 - [stage=bold step=00600 local=00600/01000] E/N=-84.8673 ewE/N=-84.9875 std/N=4.98808 ewstd/N=0.154275 pmove=0.231 width=0.0750285 esjd/N=0.0006656 esjd/moved=0.00115756 score=-79.9994
2026-06-12 16:46:43,884 - [stage=bold step=00610 local=00610/01000] E/N=-85.0972 ewE/N=-85.0653 std/N=5.13801 ewstd/N=0.144688 pmove=0.200 width=0.0751295 esjd/N=0.000668156 esjd/moved=0.00121483 score=-79.9273
2026-06-12 16:46:46,797 - [stage=bold step=00620 local=00620/01000] E/N=-85.3481 ewE/N=-85.1377 std/N=5.24607 ewstd/N=0.1471 pmove=0.174 width=0.0747272 esjd/N=0.000686049 esjd/moved=0.00130676 score=-79.8917
2026-06-12 16:46:49,703 - [stage=bold step=00630 local=00630/01000] E/N=-85.2989 ewE/N=-85.2356 std/N=5.39934 ewstd/N=0.150344 pmove=0.249 width=0.0752562 esjd/N=0.000614297 esjd/moved=0.00102383 score=-79.8363
2026-06-12 16:46:52,599 - [stage=bold step=00640 local=00640/01000] E/N=-85.2617 ewE/N=-85.2912 std/N=5.11472 ewstd/N=0.120187 pmove=0.279 width=0.0756646 esjd/N=0.000612957 esjd/moved=0.000980731 score=-80.1765
2026-06-12 16:46:55,497 - [stage=bold step=00650 local=00650/01000] E/N=-85.3684 ewE/N=-85.3274 std/N=4.90607 ewstd/N=0.101102 pmove=0.146 width=0.075438 esjd/N=0.000704418 esjd/moved=0.00140884 score=-80.4214
2026-06-12 16:46:58,401 - [stage=bold step=00660 local=00660/01000] E/N=-85.5953 ewE/N=-85.4585 std/N=4.89927 ewstd/N=0.124567 pmove=0.230 width=0.0752669 esjd/N=0.000682147 esjd/moved=0.00118634 score=-80.5593
2026-06-12 16:47:01,316 - [stage=bold step=00670 local=00670/01000] E/N=-85.6206 ewE/N=-85.4914 std/N=4.68012 ewstd/N=0.12685 pmove=0.279 width=0.076014 esjd/N=0.000628291 esjd/moved=0.00100527 score=-80.8113
2026-06-12 16:47:04,235 - [stage=bold step=00680 local=00680/01000] E/N=-85.6993 ewE/N=-85.5952 std/N=4.79264 ewstd/N=0.112987 pmove=0.222 width=0.0766274 esjd/N=0.000651656 esjd/moved=0.00113331 score=-80.8026
2026-06-12 16:47:07,150 - [stage=bold step=00690 local=00690/01000] E/N=-85.8283 ewE/N=-85.761 std/N=4.75673 ewstd/N=0.147631 pmove=0.221 width=0.0766681 esjd/N=0.000642678 esjd/moved=0.0011177 score=-81.0043
2026-06-12 16:47:10,068 - [stage=bold step=00700 local=00700/01000] E/N=-85.8307 ewE/N=-85.7684 std/N=4.67904 ewstd/N=0.115715 pmove=0.223 width=0.0770766 esjd/N=0.000651879 esjd/moved=0.0011337 score=-81.0894
2026-06-12 16:47:12,985 - [stage=bold step=00710 local=00710/01000] E/N=-85.7525 ewE/N=-85.7388 std/N=4.69327 ewstd/N=0.0852762 pmove=0.167 width=0.0769429 esjd/N=0.000687183 esjd/moved=0.00130892 score=-81.0456
2026-06-12 16:47:15,929 - [stage=bold step=00720 local=00720/01000] E/N=-85.9165 ewE/N=-85.8035 std/N=4.76529 ewstd/N=0.0959563 pmove=0.295 width=0.0778176 esjd/N=0.000578456 esjd/moved=0.000889933 score=-81.0382
2026-06-12 16:47:18,876 - [stage=bold step=00730 local=00730/01000] E/N=-86.0898 ewE/N=-85.7919 std/N=4.68657 ewstd/N=0.131555 pmove=0.173 width=0.0767246 esjd/N=0.000697354 esjd/moved=0.00132829 score=-81.1053
2026-06-12 16:47:21,824 - [stage=bold step=00740 local=00740/01000] E/N=-85.7322 ewE/N=-85.8717 std/N=4.42646 ewstd/N=0.128715 pmove=0.168 width=0.0766095 esjd/N=0.000677918 esjd/moved=0.00129127 score=-81.4453
2026-06-12 16:47:24,775 - [stage=bold step=00750 local=00750/01000] E/N=-86.0124 ewE/N=-85.9203 std/N=4.57498 ewstd/N=0.125093 pmove=0.216 width=0.0768178 esjd/N=0.000634185 esjd/moved=0.00110293 score=-81.3453
2026-06-12 16:47:27,721 - [stage=bold step=00760 local=00760/01000] E/N=-86.0733 ewE/N=-86.0055 std/N=4.63118 ewstd/N=0.108961 pmove=0.193 width=0.0762366 esjd/N=0.000658952 esjd/moved=0.0011981 score=-81.3744
2026-06-12 16:47:30,670 - [stage=bold step=00770 local=00770/01000] E/N=-86.0072 ewE/N=-86.0523 std/N=4.42778 ewstd/N=0.10528 pmove=0.200 width=0.0755086 esjd/N=0.000664131 esjd/moved=0.00120751 score=-81.6246
2026-06-12 16:47:34,343 - [stage=bold step=00780 local=00780/01000] E/N=-86.026 ewE/N=-86.0399 std/N=4.5951 ewstd/N=0.122544 pmove=0.200 width=0.0755294 esjd/N=0.000684331 esjd/moved=0.00124424 score=-81.4448
2026-06-12 16:47:37,276 - [stage=bold step=00790 local=00790/01000] E/N=-86.0264 ewE/N=-86.1356 std/N=4.43656 ewstd/N=0.129445 pmove=0.145 width=0.0752329 esjd/N=0.000692321 esjd/moved=0.00138464 score=-81.699
2026-06-12 16:47:40,207 - [stage=bold step=00800 local=00800/01000] E/N=-86.2174 ewE/N=-86.1398 std/N=5.00614 ewstd/N=0.126996 pmove=0.152 width=0.0759453 esjd/N=0.000746311 esjd/moved=0.00149262 score=-81.1337
2026-06-12 16:47:43,134 - [stage=bold step=00810 local=00810/01000] E/N=-86.0624 ewE/N=-86.1313 std/N=4.39897 ewstd/N=0.109244 pmove=0.201 width=0.0756582 esjd/N=0.000677683 esjd/moved=0.00123215 score=-81.7323
2026-06-12 16:47:46,072 - [stage=bold step=00820 local=00820/01000] E/N=-86.2398 ewE/N=-86.1661 std/N=4.27801 ewstd/N=0.108481 pmove=0.202 width=0.0754772 esjd/N=0.000672243 esjd/moved=0.00122226 score=-81.8881
2026-06-12 16:47:49,013 - [stage=bold step=00830 local=00830/01000] E/N=-86.23 ewE/N=-86.1934 std/N=4.2457 ewstd/N=0.0903461 pmove=0.174 width=0.0757092 esjd/N=0.000696214 esjd/moved=0.00132612 score=-81.9477
2026-06-12 16:47:51,961 - [stage=bold step=00840 local=00840/01000] E/N=-86.3643 ewE/N=-86.2678 std/N=4.51733 ewstd/N=0.10067 pmove=0.170 width=0.0760272 esjd/N=0.0006876 esjd/moved=0.00130971 score=-81.7504
2026-06-12 16:47:54,908 - [stage=bold step=00850 local=00850/01000] E/N=-86.5459 ewE/N=-86.3249 std/N=4.38802 ewstd/N=0.116746 pmove=0.151 width=0.076268 esjd/N=0.000749235 esjd/moved=0.00149847 score=-81.9369
2026-06-12 16:47:57,857 - [stage=bold step=00860 local=00860/01000] E/N=-86.1988 ewE/N=-86.386 std/N=4.51397 ewstd/N=0.128296 pmove=0.203 width=0.0761651 esjd/N=0.000712982 esjd/moved=0.00129633 score=-81.872
2026-06-12 16:48:00,813 - [stage=bold step=00870 local=00870/01000] E/N=-86.2923 ewE/N=-86.3645 std/N=4.16017 ewstd/N=0.1121 pmove=0.148 width=0.0759334 esjd/N=0.000723462 esjd/moved=0.00144692 score=-82.2044
2026-06-12 16:48:03,786 - [stage=bold step=00880 local=00880/01000] E/N=-86.3908 ewE/N=-86.3991 std/N=4.31851 ewstd/N=0.087488 pmove=0.223 width=0.0770069 esjd/N=0.000654555 esjd/moved=0.00113836 score=-82.0805
2026-06-12 16:48:06,748 - [stage=bold step=00890 local=00890/01000] E/N=-86.3727 ewE/N=-86.4192 std/N=4.29364 ewstd/N=0.105919 pmove=0.199 width=0.0764576 esjd/N=0.000699034 esjd/moved=0.00127097 score=-82.1255
2026-06-12 16:48:09,725 - [stage=bold step=00900 local=00900/01000] E/N=-86.5143 ewE/N=-86.4697 std/N=4.21925 ewstd/N=0.0868911 pmove=0.228 width=0.0759269 esjd/N=0.000669163 esjd/moved=0.00116376 score=-82.2505
2026-06-12 16:48:12,678 - [stage=bold step=00910 local=00910/01000] E/N=-86.5915 ewE/N=-86.5292 std/N=4.10528 ewstd/N=0.106367 pmove=0.204 width=0.0755198 esjd/N=0.00069752 esjd/moved=0.00126822 score=-82.4239
2026-06-12 16:48:15,646 - [stage=bold step=00920 local=00920/01000] E/N=-86.582 ewE/N=-86.5383 std/N=4.09565 ewstd/N=0.0863386 pmove=0.180 width=0.0756861 esjd/N=0.00072522 esjd/moved=0.00138137 score=-82.4426
2026-06-12 16:48:18,602 - [stage=bold step=00930 local=00930/01000] E/N=-86.5554 ewE/N=-86.5581 std/N=4.29393 ewstd/N=0.0613244 pmove=0.209 width=0.0754384 esjd/N=0.000716836 esjd/moved=0.00130334 score=-82.2641
2026-06-12 16:48:21,575 - [stage=bold step=00940 local=00940/01000] E/N=-86.4144 ewE/N=-86.5437 std/N=4.07595 ewstd/N=0.0841592 pmove=0.205 width=0.0754651 esjd/N=0.000696806 esjd/moved=0.00126692 score=-82.4678
2026-06-12 16:48:24,547 - [stage=bold step=00950 local=00950/01000] E/N=-86.7066 ewE/N=-86.6228 std/N=4.16052 ewstd/N=0.109337 pmove=0.235 width=0.0752871 esjd/N=0.000681634 esjd/moved=0.00118545 score=-82.4623
2026-06-12 16:48:27,513 - [stage=bold step=00960 local=00960/01000] E/N=-86.645 ewE/N=-86.6346 std/N=4.02493 ewstd/N=0.0850978 pmove=0.184 width=0.0753518 esjd/N=0.000733347 esjd/moved=0.00139685 score=-82.6097
2026-06-12 16:48:30,479 - [stage=bold step=00970 local=00970/01000] E/N=-86.5583 ewE/N=-86.6216 std/N=3.93635 ewstd/N=0.0939962 pmove=0.177 width=0.0757353 esjd/N=0.000716396 esjd/moved=0.00136456 score=-82.6852
2026-06-12 16:48:33,441 - [stage=bold step=00980 local=00980/01000] E/N=-86.6186 ewE/N=-86.5763 std/N=4.40064 ewstd/N=0.0922475 pmove=0.171 width=0.0756933 esjd/N=0.000700254 esjd/moved=0.00133382 score=-82.1756
2026-06-12 16:48:36,400 - [stage=bold step=00990 local=00990/01000] E/N=-86.6513 ewE/N=-86.6209 std/N=3.80261 ewstd/N=0.0960695 pmove=0.173 width=0.0758613 esjd/N=0.000694929 esjd/moved=0.00132367 score=-82.8183
2026-06-12 16:48:39,076 - Starting training stage retune at step 1000
2026-06-12 16:48:42,273 - [stage=retune step=01000 local=00000/01000] E/N=-86.4687 ewE/N=-86.6517 std/N=4.08443 ewstd/N=0.107981 pmove=0.539 width=0.0765643 esjd/N=0.000475617 esjd/moved=0.00196807 score=-82.5673
2026-06-12 16:48:45,816 - [stage=retune step=01010 local=00010/01000] E/N=-86.7152 ewE/N=-86.615 std/N=4.16476 ewstd/N=0.0950172 pmove=0.498 width=0.087167 esjd/N=0.000518018 esjd/moved=0.00202153 score=-82.4502
2026-06-12 16:48:49,325 - [stage=retune step=01020 local=00020/01000] E/N=-86.5744 ewE/N=-86.5675 std/N=4.07053 ewstd/N=0.0811788 pmove=0.472 width=0.0966878 esjd/N=0.000547623 esjd/moved=0.00202199 score=-82.497
2026-06-12 16:48:52,852 - [stage=retune step=01030 local=00030/01000] E/N=-86.5385 ewE/N=-86.6115 std/N=4.14732 ewstd/N=0.0763163 pmove=0.402 width=0.105172 esjd/N=0.000600953 esjd/moved=0.00282802 score=-82.4642
2026-06-12 16:48:56,367 - [stage=retune step=01040 local=00040/01000] E/N=-86.6505 ewE/N=-86.6148 std/N=4.04105 ewstd/N=0.0635891 pmove=0.365 width=0.112525 esjd/N=0.000618318 esjd/moved=0.00312413 score=-82.5738
2026-06-12 16:48:59,890 - [stage=retune step=01050 local=00050/01000] E/N=-86.776 ewE/N=-86.6785 std/N=3.81452 ewstd/N=0.118982 pmove=0.323 width=0.119236 esjd/N=0.00064231 esjd/moved=0.00380628 score=-82.864
2026-06-12 16:49:03,394 - [stage=retune step=01060 local=00060/01000] E/N=-86.8182 ewE/N=-86.6913 std/N=3.9082 ewstd/N=0.103315 pmove=0.307 width=0.124732 esjd/N=0.000654006 esjd/moved=0.00387559 score=-82.7831
2026-06-12 16:49:07,039 - [stage=retune step=01070 local=00070/01000] E/N=-86.7256 ewE/N=-86.6943 std/N=3.75221 ewstd/N=0.0935763 pmove=0.301 width=0.129871 esjd/N=0.000646922 esjd/moved=0.00352867 score=-82.9421
2026-06-12 16:49:10,575 - [stage=retune step=01080 local=00080/01000] E/N=-86.6966 ewE/N=-86.7364 std/N=3.93232 ewstd/N=0.0735056 pmove=0.319 width=0.133402 esjd/N=0.000604824 esjd/moved=0.00266344 score=-82.804
2026-06-12 16:49:14,118 - [stage=retune step=01090 local=00090/01000] E/N=-86.8524 ewE/N=-86.765 std/N=3.92215 ewstd/N=0.0746107 pmove=0.334 width=0.137594 esjd/N=0.000601753 esjd/moved=0.0023483 score=-82.8429
2026-06-12 16:49:17,614 - [stage=retune step=01100 local=00100/01000] E/N=-86.7723 ewE/N=-86.7817 std/N=3.81324 ewstd/N=0.0606694 pmove=0.270 width=0.141074 esjd/N=0.000634984 esjd/moved=0.00346355 score=-82.9685
2026-06-12 16:49:21,185 - [stage=retune step=01110 local=00110/01000] E/N=-86.6625 ewE/N=-86.7845 std/N=3.69567 ewstd/N=0.108392 pmove=0.275 width=0.143356 esjd/N=0.000623214 esjd/moved=0.00314887 score=-83.0888
2026-06-12 16:49:24,675 - [stage=retune step=01120 local=00120/01000] E/N=-86.7344 ewE/N=-86.7994 std/N=3.91157 ewstd/N=0.110593 pmove=0.292 width=0.145406 esjd/N=0.000604171 esjd/moved=0.00266057 score=-82.8878
2026-06-12 16:49:28,195 - [stage=retune step=01130 local=00130/01000] E/N=-86.7793 ewE/N=-86.809 std/N=3.73639 ewstd/N=0.0790765 pmove=0.274 width=0.148134 esjd/N=0.000600278 esjd/moved=0.00282484 score=-83.0726
2026-06-12 16:49:31,713 - [stage=retune step=01140 local=00140/01000] E/N=-86.8828 ewE/N=-86.8221 std/N=3.70266 ewstd/N=0.0987386 pmove=0.270 width=0.149354 esjd/N=0.000602397 esjd/moved=0.00283481 score=-83.1194
2026-06-12 16:49:35,214 - [stage=retune step=01150 local=00150/01000] E/N=-86.923 ewE/N=-86.8396 std/N=3.5302 ewstd/N=0.0721777 pmove=0.258 width=0.150656 esjd/N=0.00061729 esjd/moved=0.00311894 score=-83.3094
2026-06-12 16:49:38,708 - [stage=retune step=01160 local=00160/01000] E/N=-86.7663 ewE/N=-86.8496 std/N=3.70226 ewstd/N=0.0666981 pmove=0.285 width=0.151726 esjd/N=0.000575338 esjd/moved=0.00238071 score=-83.1474
2026-06-12 16:49:42,196 - [stage=retune step=01170 local=00170/01000] E/N=-86.7736 ewE/N=-86.8392 std/N=3.72204 ewstd/N=0.0625665 pmove=0.296 width=0.152365 esjd/N=0.000564072 esjd/moved=0.00220126 score=-83.1171
2026-06-12 16:49:45,719 - [stage=retune step=01180 local=00180/01000] E/N=-86.8314 ewE/N=-86.88 std/N=3.58744 ewstd/N=0.104951 pmove=0.228 width=0.153722 esjd/N=0.000617389 esjd/moved=0.0036586 score=-83.2925
2026-06-12 16:49:49,239 - [stage=retune step=01190 local=00190/01000] E/N=-86.9634 ewE/N=-86.9311 std/N=3.65165 ewstd/N=0.086842 pmove=0.249 width=0.153685 esjd/N=0.000590809 esjd/moved=0.00298514 score=-83.2794
2026-06-12 16:49:52,878 - [stage=retune step=01200 local=00200/01000] E/N=-87.0292 ewE/N=-86.9077 std/N=3.81192 ewstd/N=0.0866651 pmove=0.231 width=0.154121 esjd/N=0.000630336 esjd/moved=0.00373533 score=-83.0958
2026-06-12 16:49:56,434 - [stage=retune step=01210 local=00210/01000] E/N=-87.062 ewE/N=-86.9387 std/N=3.631 ewstd/N=0.08253 pmove=0.257 width=0.154678 esjd/N=0.000580882 esjd/moved=0.00273356 score=-83.3077
2026-06-12 16:49:59,975 - [stage=retune step=01220 local=00220/01000] E/N=-86.8438 ewE/N=-86.9075 std/N=3.76646 ewstd/N=0.071842 pmove=0.248 width=0.154659 esjd/N=0.000601719 esjd/moved=0.00304027 score=-83.1411
2026-06-12 16:50:03,638 - [stage=retune step=01230 local=00230/01000] E/N=-86.9632 ewE/N=-86.9408 std/N=3.5836 ewstd/N=0.061918 pmove=0.247 width=0.155745 esjd/N=0.000612122 esjd/moved=0.00309283 score=-83.3572
2026-06-12 16:50:07,184 - [stage=retune step=01240 local=00240/01000] E/N=-86.9604 ewE/N=-86.966 std/N=3.66966 ewstd/N=0.0617366 pmove=0.245 width=0.156745 esjd/N=0.000598552 esjd/moved=0.00302426 score=-83.2964
2026-06-12 16:50:10,740 - [stage=retune step=01250 local=00250/01000] E/N=-87.1847 ewE/N=-87.0219 std/N=3.5915 ewstd/N=0.0841413 pmove=0.286 width=0.157067 esjd/N=0.000563512 esjd/moved=0.00219907 score=-83.4304
2026-06-12 16:50:14,386 - [stage=retune step=01260 local=00260/01000] E/N=-87.0188 ewE/N=-87.0398 std/N=3.45009 ewstd/N=0.0662391 pmove=0.265 width=0.158351 esjd/N=0.000587795 esjd/moved=0.00258845 score=-83.5897
2026-06-12 16:50:17,926 - [stage=retune step=01270 local=00270/01000] E/N=-86.894 ewE/N=-87.0149 std/N=3.75134 ewstd/N=0.0900623 pmove=0.243 width=0.15774 esjd/N=0.000603523 esjd/moved=0.00304938 score=-83.2636
2026-06-12 16:50:21,459 - [stage=retune step=01280 local=00280/01000] E/N=-87.0171 ewE/N=-87.0268 std/N=3.57823 ewstd/N=0.0835353 pmove=0.221 width=0.157738 esjd/N=0.000610236 esjd/moved=0.00361621 score=-83.4485
2026-06-12 16:50:25,004 - [stage=retune step=01290 local=00290/01000] E/N=-87.0419 ewE/N=-87.0827 std/N=3.58535 ewstd/N=0.0986366 pmove=0.260 width=0.158517 esjd/N=0.000565113 esjd/moved=0.00248857 score=-83.4974
2026-06-12 16:50:28,612 - [stage=retune step=01300 local=00300/01000] E/N=-87.1881 ewE/N=-87.105 std/N=4.19182 ewstd/N=0.0895008 pmove=0.261 width=0.157791 esjd/N=0.000580269 esjd/moved=0.00255531 score=-82.9132
2026-06-12 16:50:32,201 - [stage=retune step=01310 local=00310/01000] E/N=-86.9061 ewE/N=-87.0464 std/N=3.55783 ewstd/N=0.0943233 pmove=0.262 width=0.158085 esjd/N=0.000577398 esjd/moved=0.00254267 score=-83.4885
2026-06-12 16:50:35,778 - [stage=retune step=01320 local=00320/01000] E/N=-87.1331 ewE/N=-87.0783 std/N=3.79399 ewstd/N=0.0868268 pmove=0.228 width=0.15831 esjd/N=0.00059375 esjd/moved=0.00323864 score=-83.2843
2026-06-12 16:50:39,369 - [stage=retune step=01330 local=00330/01000] E/N=-87.1824 ewE/N=-87.0578 std/N=3.47536 ewstd/N=0.0934434 pmove=0.325 width=0.159069 esjd/N=0.000527199 esjd/moved=0.00167586 score=-83.5825
2026-06-12 16:50:42,970 - [stage=retune step=01340 local=00340/01000] E/N=-87.1708 ewE/N=-87.0927 std/N=3.49424 ewstd/N=0.0903227 pmove=0.220 width=0.158625 esjd/N=0.000610043 esjd/moved=0.00361507 score=-83.5985
2026-06-12 16:50:46,536 - [stage=retune step=01350 local=00350/01000] E/N=-87.0709 ewE/N=-87.1198 std/N=3.72644 ewstd/N=0.0935221 pmove=0.228 width=0.159592 esjd/N=0.000597486 esjd/moved=0.00325901 score=-83.3934
2026-06-12 16:50:50,251 - [stage=retune step=01360 local=00360/01000] E/N=-87.1249 ewE/N=-87.1434 std/N=3.56819 ewstd/N=0.104403 pmove=0.275 width=0.15946 esjd/N=0.000577969 esjd/moved=0.0023916 score=-83.5752
2026-06-12 16:50:53,839 - [stage=retune step=01370 local=00370/01000] E/N=-87.2767 ewE/N=-87.1454 std/N=3.76653 ewstd/N=0.0977172 pmove=0.210 width=0.158464 esjd/N=0.000621588 esjd/moved=0.00403192 score=-83.3788
2026-06-12 16:50:57,404 - [stage=retune step=01380 local=00380/01000] E/N=-87.1311 ewE/N=-87.1482 std/N=3.66989 ewstd/N=0.0870611 pmove=0.230 width=0.158683 esjd/N=0.000607973 esjd/moved=0.00331622 score=-83.4783
2026-06-12 16:51:00,957 - [stage=retune step=01390 local=00390/01000] E/N=-87.0862 ewE/N=-87.1497 std/N=3.41717 ewstd/N=0.0717561 pmove=0.207 width=0.158058 esjd/N=0.00061921 esjd/moved=0.00401649 score=-83.7325
2026-06-12 16:51:04,543 - [stage=retune step=01400 local=00400/01000] E/N=-87.2311 ewE/N=-87.1915 std/N=3.52012 ewstd/N=0.0632719 pmove=0.231 width=0.15903 esjd/N=0.000615214 esjd/moved=0.00335571 score=-83.6714
2026-06-12 16:51:08,157 - [stage=retune step=01410 local=00410/01000] E/N=-87.1688 ewE/N=-87.1994 std/N=3.37516 ewstd/N=0.0682154 pmove=0.252 width=0.159977 esjd/N=0.000588113 esjd/moved=0.00276759 score=-83.8242
2026-06-12 16:51:11,750 - [stage=retune step=01420 local=00420/01000] E/N=-87.3002 ewE/N=-87.2253 std/N=3.69042 ewstd/N=0.0770179 pmove=0.278 width=0.160558 esjd/N=0.000545431 esjd/moved=0.00212851 score=-83.5349
2026-06-12 16:51:15,330 - [stage=retune step=01430 local=00430/01000] E/N=-87.3061 ewE/N=-87.2454 std/N=3.4247 ewstd/N=0.0643503 pmove=0.254 width=0.160836 esjd/N=0.000565444 esjd/moved=0.00249003 score=-83.8207
2026-06-12 16:51:18,914 - [stage=retune step=01440 local=00440/01000] E/N=-87.3983 ewE/N=-87.2485 std/N=3.26898 ewstd/N=0.0750752 pmove=0.236 width=0.160762 esjd/N=0.000585832 esjd/moved=0.00296 score=-83.9795
2026-06-12 16:51:22,477 - [stage=retune step=01450 local=00450/01000] E/N=-87.1534 ewE/N=-87.2361 std/N=3.40445 ewstd/N=0.0797544 pmove=0.279 width=0.160771 esjd/N=0.00056151 esjd/moved=0.00219126 score=-83.8316
2026-06-12 16:51:26,051 - [stage=retune step=01460 local=00460/01000] E/N=-87.2382 ewE/N=-87.2454 std/N=3.35632 ewstd/N=0.0705706 pmove=0.239 width=0.160797 esjd/N=0.000604523 esjd/moved=0.00305443 score=-83.8891
2026-06-12 16:51:29,620 - [stage=retune step=01470 local=00470/01000] E/N=-87.2238 ewE/N=-87.2503 std/N=3.33356 ewstd/N=0.0749698 pmove=0.260 width=0.161617 esjd/N=0.000589399 esjd/moved=0.00259552 score=-83.9168
2026-06-12 16:51:33,195 - [stage=retune step=01480 local=00480/01000] E/N=-87.2535 ewE/N=-87.3013 std/N=3.42282 ewstd/N=0.0910075 pmove=0.278 width=0.161529 esjd/N=0.000562046 esjd/moved=0.00219335 score=-83.8785
2026-06-12 16:51:36,773 - [stage=retune step=01490 local=00490/01000] E/N=-87.23 ewE/N=-87.3023 std/N=3.63125 ewstd/N=0.0686479 pmove=0.258 width=0.160824 esjd/N=0.000578493 esjd/moved=0.00254749 score=-83.6711
2026-06-12 16:51:40,349 - [stage=retune step=01500 local=00500/01000] E/N=-87.38 ewE/N=-87.306 std/N=4.23422 ewstd/N=0.0710509 pmove=0.292 width=0.160664 esjd/N=0.000557809 esjd/moved=0.0020596 score=-83.0718
2026-06-12 16:51:43,924 - [stage=retune step=01510 local=00510/01000] E/N=-87.398 ewE/N=-87.3223 std/N=3.40639 ewstd/N=0.0563683 pmove=0.245 width=0.160925 esjd/N=0.000576171 esjd/moved=0.00271139 score=-83.9159
2026-06-12 16:51:47,494 - [stage=retune step=01520 local=00520/01000] E/N=-87.2139 ewE/N=-87.3331 std/N=3.4493 ewstd/N=0.0660155 pmove=0.226 width=0.161061 esjd/N=0.000599718 esjd/moved=0.00327119 score=-83.8838
2026-06-12 16:51:51,130 - [stage=retune step=01530 local=00530/01000] E/N=-87.2287 ewE/N=-87.3217 std/N=3.36318 ewstd/N=0.0616649 pmove=0.225 width=0.161198 esjd/N=0.000603916 esjd/moved=0.00329409 score=-83.9585
2026-06-12 16:51:54,770 - [stage=retune step=01540 local=00540/01000] E/N=-87.3722 ewE/N=-87.3352 std/N=3.43377 ewstd/N=0.064431 pmove=0.221 width=0.161486 esjd/N=0.000594822 esjd/moved=0.00324448 score=-83.9014
2026-06-12 16:51:58,468 - [stage=retune step=01550 local=00550/01000] E/N=-87.3148 ewE/N=-87.3799 std/N=3.44264 ewstd/N=0.0866585 pmove=0.235 width=0.161516 esjd/N=0.000588582 esjd/moved=0.00297389 score=-83.9373
2026-06-12 16:52:02,109 - [stage=retune step=01560 local=00560/01000] E/N=-87.3236 ewE/N=-87.3678 std/N=3.23844 ewstd/N=0.0687892 pmove=0.245 width=0.161112 esjd/N=0.000577942 esjd/moved=0.00271973 score=-84.1294
2026-06-12 16:52:05,761 - [stage=retune step=01570 local=00570/01000] E/N=-87.4487 ewE/N=-87.387 std/N=3.14661 ewstd/N=0.0675027 pmove=0.333 width=0.161033 esjd/N=0.000521849 esjd/moved=0.00158536 score=-84.2404
2026-06-12 16:52:09,379 - [stage=retune step=01580 local=00580/01000] E/N=-87.2927 ewE/N=-87.3787 std/N=3.48198 ewstd/N=0.0726861 pmove=0.247 width=0.159631 esjd/N=0.000580947 esjd/moved=0.00273387 score=-83.8967
2026-06-12 16:52:13,009 - [stage=retune step=01590 local=00590/01000] E/N=-87.4274 ewE/N=-87.3716 std/N=3.37571 ewstd/N=0.0653359 pmove=0.240 width=0.159734 esjd/N=0.000595363 esjd/moved=0.00300815 score=-83.9959
2026-06-12 16:52:16,620 - [stage=retune step=01600 local=00600/01000] E/N=-87.3139 ewE/N=-87.3822 std/N=3.3513 ewstd/N=0.0663263 pmove=0.238 width=0.160307 esjd/N=0.000598522 esjd/moved=0.00302411 score=-84.0309
2026-06-12 16:52:20,267 - [stage=retune step=01610 local=00610/01000] E/N=-87.4284 ewE/N=-87.3978 std/N=3.40209 ewstd/N=0.0739116 pmove=0.238 width=0.160561 esjd/N=0.000593853 esjd/moved=0.00300052 score=-83.9957
2026-06-12 16:52:24,136 - [stage=retune step=01620 local=00620/01000] E/N=-87.3976 ewE/N=-87.3988 std/N=3.28527 ewstd/N=0.0613109 pmove=0.249 width=0.160023 esjd/N=0.00058935 esjd/moved=0.00277341 score=-84.1135
2026-06-12 16:52:27,905 - [stage=retune step=01630 local=00630/01000] E/N=-87.4849 ewE/N=-87.4006 std/N=3.23734 ewstd/N=0.0601444 pmove=0.248 width=0.15999 esjd/N=0.000583798 esjd/moved=0.00274728 score=-84.1633
2026-06-12 16:52:31,553 - [stage=retune step=01640 local=00640/01000] E/N=-87.5042 ewE/N=-87.4247 std/N=3.21675 ewstd/N=0.0656211 pmove=0.271 width=0.160487 esjd/N=0.000574864 esjd/moved=0.00237875 score=-84.2079
2026-06-12 16:52:35,305 - [stage=retune step=01650 local=00650/01000] E/N=-87.4159 ewE/N=-87.3998 std/N=3.43271 ewstd/N=0.0627289 pmove=0.268 width=0.161343 esjd/N=0.000568903 esjd/moved=0.00235408 score=-83.9671
2026-06-12 16:52:38,951 - [stage=retune step=01660 local=00660/01000] E/N=-87.4015 ewE/N=-87.4151 std/N=3.13463 ewstd/N=0.0531251 pmove=0.288 width=0.161987 esjd/N=0.000555482 esjd/moved=0.00205101 score=-84.2805
2026-06-12 16:52:42,577 - [stage=retune step=01670 local=00670/01000] E/N=-87.3898 ewE/N=-87.4341 std/N=3.2149 ewstd/N=0.0559162 pmove=0.230 width=0.162522 esjd/N=0.000572794 esjd/moved=0.00289412 score=-84.2192
2026-06-12 16:52:46,201 - [stage=retune step=01680 local=00680/01000] E/N=-87.305 ewE/N=-87.4107 std/N=3.43438 ewstd/N=0.0709651 pmove=0.277 width=0.163363 esjd/N=0.000562825 esjd/moved=0.00219639 score=-83.9763
2026-06-12 16:52:49,849 - [stage=retune step=01690 local=00690/01000] E/N=-87.3034 ewE/N=-87.4409 std/N=3.70171 ewstd/N=0.0857074 pmove=0.276 width=0.162939 esjd/N=0.00055684 esjd/moved=0.00217303 score=-83.7392
2026-06-12 16:52:53,464 - [stage=retune step=01700 local=00700/01000] E/N=-87.4343 ewE/N=-87.4413 std/N=3.3146 ewstd/N=0.0734936 pmove=0.289 width=0.162514 esjd/N=0.000558208 esjd/moved=0.00206107 score=-84.1267
2026-06-12 16:52:57,099 - [stage=retune step=01710 local=00710/01000] E/N=-87.3152 ewE/N=-87.4515 std/N=3.84002 ewstd/N=0.0758719 pmove=0.245 width=0.161272 esjd/N=0.00057453 esjd/moved=0.00270367 score=-83.6115
2026-06-12 16:53:00,720 - [stage=retune step=01720 local=00720/01000] E/N=-87.5241 ewE/N=-87.4552 std/N=3.29039 ewstd/N=0.0858092 pmove=0.225 width=0.160929 esjd/N=0.00061223 esjd/moved=0.00333944 score=-84.1648
2026-06-12 16:53:04,336 - [stage=retune step=01730 local=00730/01000] E/N=-87.5121 ewE/N=-87.5159 std/N=3.18375 ewstd/N=0.0884996 pmove=0.196 width=0.159518 esjd/N=0.000631747 esjd/moved=0.00452595 score=-84.3321
2026-06-12 16:53:07,963 - [stage=retune step=01740 local=00740/01000] E/N=-87.4929 ewE/N=-87.4935 std/N=3.23402 ewstd/N=0.0586738 pmove=0.261 width=0.160366 esjd/N=0.000590291 esjd/moved=0.00259945 score=-84.2595
2026-06-12 16:53:11,590 - [stage=retune step=01750 local=00750/01000] E/N=-87.5579 ewE/N=-87.4633 std/N=3.12332 ewstd/N=0.0687942 pmove=0.257 width=0.160909 esjd/N=0.000577424 esjd/moved=0.00254278 score=-84.34
2026-06-12 16:53:15,222 - [stage=retune step=01760 local=00760/01000] E/N=-87.4926 ewE/N=-87.5061 std/N=3.22135 ewstd/N=0.0561584 pmove=0.241 width=0.160478 esjd/N=0.000605008 esjd/moved=0.00305688 score=-84.2848
2026-06-12 16:53:18,859 - [stage=retune step=01770 local=00770/01000] E/N=-87.5221 ewE/N=-87.51 std/N=3.29482 ewstd/N=0.0715857 pmove=0.258 width=0.160197 esjd/N=0.000574721 esjd/moved=0.00253088 score=-84.2152
2026-06-12 16:53:22,487 - [stage=retune step=01780 local=00780/01000] E/N=-87.5962 ewE/N=-87.5086 std/N=3.31638 ewstd/N=0.0675789 pmove=0.258 width=0.160584 esjd/N=0.000580142 esjd/moved=0.00255475 score=-84.1922
2026-06-12 16:53:26,173 - [stage=retune step=01790 local=00790/01000] E/N=-87.4772 ewE/N=-87.5189 std/N=3.37441 ewstd/N=0.0696719 pmove=0.241 width=0.160849 esjd/N=0.000614979 esjd/moved=0.00310726 score=-84.1445
2026-06-12 16:53:29,862 - [stage=retune step=01800 local=00800/01000] E/N=-87.6788 ewE/N=-87.5283 std/N=3.14627 ewstd/N=0.0749316 pmove=0.206 width=0.160727 esjd/N=0.000621866 esjd/moved=0.00403373 score=-84.382
2026-06-12 16:53:35,006 - [stage=retune step=01810 local=00810/01000] E/N=-87.6096 ewE/N=-87.5643 std/N=3.20331 ewstd/N=0.0709014 pmove=0.270 width=0.160504 esjd/N=0.00056134 esjd/moved=0.00232279 score=-84.361
2026-06-12 16:53:38,660 - [stage=retune step=01820 local=00820/01000] E/N=-87.5036 ewE/N=-87.5545 std/N=3.37045 ewstd/N=0.0624535 pmove=0.260 width=0.160251 esjd/N=0.000580609 esjd/moved=0.00255681 score=-84.184
2026-06-12 16:53:42,303 - [stage=retune step=01830 local=00830/01000] E/N=-87.6716 ewE/N=-87.5995 std/N=3.12309 ewstd/N=0.0818565 pmove=0.230 width=0.160236 esjd/N=0.000608531 esjd/moved=0.00331926 score=-84.4764
2026-06-12 16:53:45,951 - [stage=retune step=01840 local=00840/01000] E/N=-87.6404 ewE/N=-87.5714 std/N=3.38056 ewstd/N=0.0716248 pmove=0.248 width=0.160305 esjd/N=0.000595293 esjd/moved=0.00280138 score=-84.1909
2026-06-12 16:53:49,600 - [stage=retune step=01850 local=00850/01000] E/N=-87.5314 ewE/N=-87.5433 std/N=3.21281 ewstd/N=0.0597975 pmove=0.244 width=0.15994 esjd/N=0.000615714 esjd/moved=0.00311098 score=-84.3305
2026-06-12 16:53:53,241 - [stage=retune step=01860 local=00860/01000] E/N=-87.4465 ewE/N=-87.4969 std/N=3.76864 ewstd/N=0.0713805 pmove=0.281 width=0.160097 esjd/N=0.000563172 esjd/moved=0.00219774 score=-83.7283
2026-06-12 16:53:56,883 - [stage=retune step=01870 local=00870/01000] E/N=-87.6303 ewE/N=-87.5334 std/N=3.08432 ewstd/N=0.0680234 pmove=0.278 width=0.161241 esjd/N=0.000559373 esjd/moved=0.00218292 score=-84.449
2026-06-12 16:54:00,545 - [stage=retune step=01880 local=00880/01000] E/N=-87.4864 ewE/N=-87.5239 std/N=3.18289 ewstd/N=0.0763312 pmove=0.248 width=0.160982 esjd/N=0.000586521 esjd/moved=0.0027601 score=-84.341
2026-06-12 16:54:04,183 - [stage=retune step=01890 local=00890/01000] E/N=-87.6144 ewE/N=-87.5353 std/N=3.13703 ewstd/N=0.0773479 pmove=0.249 width=0.160339 esjd/N=0.000584694 esjd/moved=0.0027515 score=-84.3983
2026-06-12 16:54:07,838 - [stage=retune step=01900 local=00900/01000] E/N=-87.6349 ewE/N=-87.5704 std/N=2.96979 ewstd/N=0.0679083 pmove=0.323 width=0.160627 esjd/N=0.000527332 esjd/moved=0.00167629 score=-84.6006
2026-06-12 16:54:11,483 - [stage=retune step=01910 local=00910/01000] E/N=-87.6863 ewE/N=-87.6014 std/N=3.23095 ewstd/N=0.069826 pmove=0.207 width=0.160791 esjd/N=0.00063054 esjd/moved=0.00408999 score=-84.3704
2026-06-12 16:54:15,129 - [stage=retune step=01920 local=00920/01000] E/N=-87.6553 ewE/N=-87.5956 std/N=3.27914 ewstd/N=0.0833553 pmove=0.215 width=0.160989 esjd/N=0.00061406 esjd/moved=0.00363887 score=-84.3165
2026-06-12 16:54:18,780 - [stage=retune step=01930 local=00930/01000] E/N=-87.6867 ewE/N=-87.5919 std/N=3.39462 ewstd/N=0.0866893 pmove=0.272 width=0.161194 esjd/N=0.000589319 esjd/moved=0.00243856 score=-84.1973
2026-06-12 16:54:22,432 - [stage=retune step=01940 local=00940/01000] E/N=-87.6312 ewE/N=-87.6209 std/N=3.21409 ewstd/N=0.0732563 pmove=0.229 width=0.160203 esjd/N=0.000613877 esjd/moved=0.00334842 score=-84.4068
2026-06-12 16:54:26,081 - [stage=retune step=01950 local=00950/01000] E/N=-87.6225 ewE/N=-87.6451 std/N=3.40656 ewstd/N=0.0840711 pmove=0.282 width=0.15962 esjd/N=0.000564487 esjd/moved=0.00220288 score=-84.2385
2026-06-12 16:54:29,824 - [stage=retune step=01960 local=00960/01000] E/N=-87.634 ewE/N=-87.6223 std/N=3.07873 ewstd/N=0.0810016 pmove=0.240 width=0.160054 esjd/N=0.000603845 esjd/moved=0.00305101 score=-84.5436
2026-06-12 16:54:33,492 - [stage=retune step=01970 local=00970/01000] E/N=-87.5989 ewE/N=-87.5979 std/N=2.94977 ewstd/N=0.0782081 pmove=0.241 width=0.158748 esjd/N=0.000604144 esjd/moved=0.00305252 score=-84.6482
2026-06-12 16:54:37,280 - [stage=retune step=01980 local=00980/01000] E/N=-87.6397 ewE/N=-87.6044 std/N=3.06394 ewstd/N=0.0873583 pmove=0.243 width=0.157909 esjd/N=0.000603364 esjd/moved=0.00304858 score=-84.5405
2026-06-12 16:54:40,942 - [stage=retune step=01990 local=00990/01000] E/N=-87.5692 ewE/N=-87.5845 std/N=3.41176 ewstd/N=0.0767976 pmove=0.261 width=0.158405 esjd/N=0.000578514 esjd/moved=0.00254758 score=-84.1728
2026-06-12 16:54:44,281 - Starting training stage fine at step 2000
2026-06-12 16:54:47,785 - [stage=fine step=02000 local=00000/03000] E/N=-87.6923 ewE/N=-87.6204 std/N=3.03733 ewstd/N=0.0797849 pmove=0.222 width=0.158512 esjd/N=0.000632495 esjd/moved=0.00374812 score=-84.5831
2026-06-12 16:54:50,637 - [stage=fine step=02010 local=00010/03000] E/N=-87.5399 ewE/N=-87.5916 std/N=3.29104 ewstd/N=0.064773 pmove=0.209 width=0.158512 esjd/N=0.000617598 esjd/moved=0.00400604 score=-84.3006
2026-06-12 16:54:53,471 - [stage=fine step=02020 local=00020/03000] E/N=-87.5751 ewE/N=-87.6043 std/N=3.06214 ewstd/N=0.0547083 pmove=0.254 width=0.158512 esjd/N=0.000593807 esjd/moved=0.00279438 score=-84.5421
2026-06-12 16:54:56,304 - [stage=fine step=02030 local=00030/03000] E/N=-87.7144 ewE/N=-87.6403 std/N=3.08581 ewstd/N=0.0712468 pmove=0.222 width=0.158512 esjd/N=0.000635683 esjd/moved=0.00376701 score=-84.5545
2026-06-12 16:54:59,133 - [stage=fine step=02040 local=00040/03000] E/N=-87.7886 ewE/N=-87.6571 std/N=3.09083 ewstd/N=0.0718637 pmove=0.242 width=0.158512 esjd/N=0.000602596 esjd/moved=0.00304469 score=-84.5663
2026-06-12 16:55:01,971 - [stage=fine step=02050 local=00050/03000] E/N=-87.5801 ewE/N=-87.6425 std/N=3.13047 ewstd/N=0.0769415 pmove=0.190 width=0.158512 esjd/N=0.000658606 esjd/moved=0.00526885 score=-84.512
2026-06-12 16:55:04,816 - [stage=fine step=02060 local=00060/03000] E/N=-87.5767 ewE/N=-87.6737 std/N=3.10819 ewstd/N=0.074749 pmove=0.242 width=0.158512 esjd/N=0.00060893 esjd/moved=0.0030767 score=-84.5655
2026-06-12 16:55:07,645 - [stage=fine step=02070 local=00070/03000] E/N=-87.5974 ewE/N=-87.6539 std/N=2.96213 ewstd/N=0.0859224 pmove=0.192 width=0.158512 esjd/N=0.000666511 esjd/moved=0.00533209 score=-84.6918
2026-06-12 16:55:10,469 - [stage=fine step=02080 local=00080/03000] E/N=-87.6634 ewE/N=-87.6661 std/N=3.18629 ewstd/N=0.0627779 pmove=0.231 width=0.158512 esjd/N=0.000619596 esjd/moved=0.00337962 score=-84.4798
2026-06-12 16:55:13,295 - [stage=fine step=02090 local=00090/03000] E/N=-87.5799 ewE/N=-87.6439 std/N=3.3286 ewstd/N=0.0643563 pmove=0.219 width=0.158512 esjd/N=0.000620723 esjd/moved=0.00367836 score=-84.3153
2026-06-12 16:55:16,115 - [stage=fine step=02100 local=00100/03000] E/N=-87.5761 ewE/N=-87.6411 std/N=3.07285 ewstd/N=0.0512576 pmove=0.233 width=0.158512 esjd/N=0.000627275 esjd/moved=0.0034215 score=-84.5682
2026-06-12 16:55:18,945 - [stage=fine step=02110 local=00110/03000] E/N=-87.6427 ewE/N=-87.6441 std/N=3.10048 ewstd/N=0.0567574 pmove=0.190 width=0.158512 esjd/N=0.000648662 esjd/moved=0.0051893 score=-84.5436
2026-06-12 16:55:21,779 - [stage=fine step=02120 local=00120/03000] E/N=-87.7455 ewE/N=-87.7002 std/N=2.86054 ewstd/N=0.0592039 pmove=0.210 width=0.158512 esjd/N=0.000625764 esjd/moved=0.00405901 score=-84.8396
2026-06-12 16:55:24,607 - [stage=fine step=02130 local=00130/03000] E/N=-87.808 ewE/N=-87.6895 std/N=3.06606 ewstd/N=0.0701816 pmove=0.220 width=0.158512 esjd/N=0.000617684 esjd/moved=0.00366035 score=-84.6235
2026-06-12 16:55:27,433 - [stage=fine step=02140 local=00140/03000] E/N=-87.7161 ewE/N=-87.7151 std/N=3.06448 ewstd/N=0.0780124 pmove=0.233 width=0.158512 esjd/N=0.00062282 esjd/moved=0.0033972 score=-84.6506
2026-06-12 16:55:30,264 - [stage=fine step=02150 local=00150/03000] E/N=-87.7049 ewE/N=-87.7105 std/N=3.25224 ewstd/N=0.0776068 pmove=0.222 width=0.158512 esjd/N=0.000623901 esjd/moved=0.00369719 score=-84.4582
2026-06-12 16:55:33,094 - [stage=fine step=02160 local=00160/03000] E/N=-87.7578 ewE/N=-87.7264 std/N=3.25519 ewstd/N=0.0574362 pmove=0.202 width=0.158512 esjd/N=0.00064877 esjd/moved=0.0046479 score=-84.4712
2026-06-12 16:55:35,929 - [stage=fine step=02170 local=00170/03000] E/N=-87.5352 ewE/N=-87.7171 std/N=3.64321 ewstd/N=0.0925949 pmove=0.252 width=0.158512 esjd/N=0.000585315 esjd/moved=0.00275442 score=-84.0739
2026-06-12 16:55:38,759 - [stage=fine step=02180 local=00180/03000] E/N=-87.8171 ewE/N=-87.7195 std/N=3.0493 ewstd/N=0.0778127 pmove=0.240 width=0.158512 esjd/N=0.000589757 esjd/moved=0.00297983 score=-84.6702
2026-06-12 16:55:41,616 - [stage=fine step=02190 local=00190/03000] E/N=-87.826 ewE/N=-87.7196 std/N=3.09179 ewstd/N=0.0792809 pmove=0.223 width=0.158512 esjd/N=0.000626708 esjd/moved=0.00371383 score=-84.6278
2026-06-12 16:55:44,454 - [stage=fine step=02200 local=00200/03000] E/N=-87.7439 ewE/N=-87.7304 std/N=3.1447 ewstd/N=0.0706667 pmove=0.222 width=0.158512 esjd/N=0.000622538 esjd/moved=0.00368911 score=-84.5857
2026-06-12 16:55:47,283 - [stage=fine step=02210 local=00210/03000] E/N=-87.7489 ewE/N=-87.7203 std/N=3.1135 ewstd/N=0.0711517 pmove=0.198 width=0.158512 esjd/N=0.000644179 esjd/moved=0.00461501 score=-84.6068
2026-06-12 16:55:50,109 - [stage=fine step=02220 local=00220/03000] E/N=-87.7491 ewE/N=-87.7179 std/N=3.05777 ewstd/N=0.0719063 pmove=0.212 width=0.158512 esjd/N=0.000639112 esjd/moved=0.00414559 score=-84.6601
2026-06-12 16:55:52,940 - [stage=fine step=02230 local=00230/03000] E/N=-87.6818 ewE/N=-87.7098 std/N=3.41283 ewstd/N=0.0633785 pmove=0.238 width=0.158512 esjd/N=0.00058973 esjd/moved=0.00297969 score=-84.2969
2026-06-12 16:55:55,778 - [stage=fine step=02240 local=00240/03000] E/N=-87.6807 ewE/N=-87.7217 std/N=4.57534 ewstd/N=0.0689685 pmove=0.210 width=0.158512 esjd/N=0.000632359 esjd/moved=0.00410179 score=-83.1463
2026-06-12 16:55:58,605 - [stage=fine step=02250 local=00250/03000] E/N=-87.7177 ewE/N=-87.749 std/N=3.66442 ewstd/N=0.056895 pmove=0.187 width=0.158512 esjd/N=0.000641636 esjd/moved=0.00513309 score=-84.0846
2026-06-12 16:56:01,432 - [stage=fine step=02260 local=00260/03000] E/N=-87.7828 ewE/N=-87.775 std/N=3.08183 ewstd/N=0.0753446 pmove=0.198 width=0.158512 esjd/N=0.000643597 esjd/moved=0.00461085 score=-84.6931
2026-06-12 16:56:04,278 - [stage=fine step=02270 local=00270/03000] E/N=-87.8566 ewE/N=-87.7781 std/N=3.18498 ewstd/N=0.0740078 pmove=0.188 width=0.158512 esjd/N=0.000651883 esjd/moved=0.00521506 score=-84.5931
2026-06-12 16:56:07,107 - [stage=fine step=02280 local=00280/03000] E/N=-87.7741 ewE/N=-87.782 std/N=3.1268 ewstd/N=0.0596913 pmove=0.221 width=0.158512 esjd/N=0.000624693 esjd/moved=0.00370189 score=-84.6552
2026-06-12 16:56:09,944 - [stage=fine step=02290 local=00290/03000] E/N=-87.7419 ewE/N=-87.7507 std/N=2.96566 ewstd/N=0.0753662 pmove=0.202 width=0.158512 esjd/N=0.000651446 esjd/moved=0.00466708 score=-84.785
2026-06-12 16:56:12,772 - [stage=fine step=02300 local=00300/03000] E/N=-87.7987 ewE/N=-87.7529 std/N=3.07796 ewstd/N=0.0549139 pmove=0.231 width=0.158512 esjd/N=0.000614325 esjd/moved=0.00335087 score=-84.6749
2026-06-12 16:56:15,597 - [stage=fine step=02310 local=00310/03000] E/N=-87.6923 ewE/N=-87.7726 std/N=2.88357 ewstd/N=0.0733872 pmove=0.222 width=0.158512 esjd/N=0.000622084 esjd/moved=0.00368642 score=-84.889
2026-06-12 16:56:18,429 - [stage=fine step=02320 local=00320/03000] E/N=-87.7223 ewE/N=-87.76 std/N=2.91459 ewstd/N=0.0955099 pmove=0.201 width=0.158512 esjd/N=0.000645084 esjd/moved=0.0046215 score=-84.8454
2026-06-12 16:56:21,256 - [stage=fine step=02330 local=00330/03000] E/N=-87.8313 ewE/N=-87.7426 std/N=2.99114 ewstd/N=0.0767526 pmove=0.210 width=0.158512 esjd/N=0.000629573 esjd/moved=0.00408372 score=-84.7515
2026-06-12 16:56:24,086 - [stage=fine step=02340 local=00340/03000] E/N=-87.7992 ewE/N=-87.7601 std/N=3.02048 ewstd/N=0.0638261 pmove=0.220 width=0.158512 esjd/N=0.000622869 esjd/moved=0.00369107 score=-84.7396
2026-06-12 16:56:26,911 - [stage=fine step=02350 local=00350/03000] E/N=-87.7724 ewE/N=-87.7512 std/N=2.96682 ewstd/N=0.0797891 pmove=0.220 width=0.158512 esjd/N=0.000624426 esjd/moved=0.0037003 score=-84.7844
2026-06-12 16:56:29,739 - [stage=fine step=02360 local=00360/03000] E/N=-87.8845 ewE/N=-87.8008 std/N=2.78885 ewstd/N=0.072754 pmove=0.210 width=0.158512 esjd/N=0.000630335 esjd/moved=0.00408866 score=-85.012
2026-06-12 16:56:32,562 - [stage=fine step=02370 local=00370/03000] E/N=-87.9064 ewE/N=-87.8309 std/N=3.08066 ewstd/N=0.0702525 pmove=0.200 width=0.158512 esjd/N=0.000638807 esjd/moved=0.00457653 score=-84.7503
2026-06-12 16:56:35,387 - [stage=fine step=02380 local=00380/03000] E/N=-87.7913 ewE/N=-87.8081 std/N=3.21985 ewstd/N=0.0832529 pmove=0.250 width=0.158512 esjd/N=0.000586675 esjd/moved=0.00276082 score=-84.5882
2026-06-12 16:56:38,216 - [stage=fine step=02390 local=00390/03000] E/N=-87.7944 ewE/N=-87.7952 std/N=3.05645 ewstd/N=0.0637379 pmove=0.211 width=0.158512 esjd/N=0.000632945 esjd/moved=0.00410559 score=-84.7388
2026-06-12 16:56:41,048 - [stage=fine step=02400 local=00400/03000] E/N=-87.7017 ewE/N=-87.808 std/N=3.21925 ewstd/N=0.0766072 pmove=0.225 width=0.158512 esjd/N=0.000639624 esjd/moved=0.00379036 score=-84.5888
2026-06-12 16:56:43,891 - [stage=fine step=02410 local=00410/03000] E/N=-87.792 ewE/N=-87.8344 std/N=3.25499 ewstd/N=0.0718153 pmove=0.189 width=0.158512 esjd/N=0.000654942 esjd/moved=0.00523953 score=-84.5794
2026-06-12 16:56:46,722 - [stage=fine step=02420 local=00420/03000] E/N=-87.718 ewE/N=-87.7937 std/N=2.97913 ewstd/N=0.0933184 pmove=0.210 width=0.158512 esjd/N=0.000635396 esjd/moved=0.00412149 score=-84.8146
2026-06-12 16:56:49,558 - [stage=fine step=02430 local=00430/03000] E/N=-87.9231 ewE/N=-87.8342 std/N=3.06647 ewstd/N=0.0722782 pmove=0.215 width=0.158512 esjd/N=0.000645553 esjd/moved=0.00418737 score=-84.7677
2026-06-12 16:56:52,394 - [stage=fine step=02440 local=00440/03000] E/N=-87.8735 ewE/N=-87.8059 std/N=3.22301 ewstd/N=0.0586494 pmove=0.219 width=0.158512 esjd/N=0.000605471 esjd/moved=0.00358798 score=-84.5829
2026-06-12 16:56:55,220 - [stage=fine step=02450 local=00450/03000] E/N=-87.9138 ewE/N=-87.8398 std/N=2.97222 ewstd/N=0.0783695 pmove=0.307 width=0.158512 esjd/N=0.000555114 esjd/moved=0.00194493 score=-84.8676
2026-06-12 16:56:58,051 - [stage=fine step=02460 local=00460/03000] E/N=-87.8016 ewE/N=-87.8519 std/N=3.03177 ewstd/N=0.0892718 pmove=0.233 width=0.158512 esjd/N=0.000617175 esjd/moved=0.00336641 score=-84.8201
2026-06-12 16:57:00,882 - [stage=fine step=02470 local=00470/03000] E/N=-87.8118 ewE/N=-87.8303 std/N=2.98118 ewstd/N=0.0771473 pmove=0.244 width=0.158512 esjd/N=0.000615684 esjd/moved=0.00311083 score=-84.8492
2026-06-12 16:57:03,709 - [stage=fine step=02480 local=00480/03000] E/N=-87.8191 ewE/N=-87.8635 std/N=3.05069 ewstd/N=0.0785751 pmove=0.212 width=0.158512 esjd/N=0.000643869 esjd/moved=0.00417645 score=-84.8128
2026-06-12 16:57:06,537 - [stage=fine step=02490 local=00490/03000] E/N=-87.871 ewE/N=-87.8633 std/N=2.80702 ewstd/N=0.0600157 pmove=0.200 width=0.158512 esjd/N=0.000630303 esjd/moved=0.00451561 score=-85.0563
2026-06-12 16:57:09,364 - [stage=fine step=02500 local=00500/03000] E/N=-87.7702 ewE/N=-87.8506 std/N=3.12793 ewstd/N=0.0665285 pmove=0.222 width=0.158512 esjd/N=0.000628768 esjd/moved=0.00372603 score=-84.7227
2026-06-12 16:57:12,190 - [stage=fine step=02510 local=00510/03000] E/N=-87.7777 ewE/N=-87.8334 std/N=3.70539 ewstd/N=0.0681493 pmove=0.212 width=0.158512 esjd/N=0.000637269 esjd/moved=0.00413364 score=-84.128
2026-06-12 16:57:15,016 - [stage=fine step=02520 local=00520/03000] E/N=-87.7854 ewE/N=-87.8307 std/N=3.03156 ewstd/N=0.0676234 pmove=0.213 width=0.158512 esjd/N=0.000635629 esjd/moved=0.004123 score=-84.7991
2026-06-12 16:57:17,843 - [stage=fine step=02530 local=00530/03000] E/N=-87.7427 ewE/N=-87.8533 std/N=3.12447 ewstd/N=0.072557 pmove=0.233 width=0.158512 esjd/N=0.000619384 esjd/moved=0.00337846 score=-84.7289
2026-06-12 16:57:20,665 - [stage=fine step=02540 local=00540/03000] E/N=-87.8507 ewE/N=-87.8293 std/N=3.10413 ewstd/N=0.0682484 pmove=0.254 width=0.158512 esjd/N=0.000608838 esjd/moved=0.00286512 score=-84.7251
2026-06-12 16:57:23,485 - [stage=fine step=02550 local=00550/03000] E/N=-87.9217 ewE/N=-87.852 std/N=3.30718 ewstd/N=0.0692786 pmove=0.234 width=0.158512 esjd/N=0.000625982 esjd/moved=0.00341445 score=-84.5448
2026-06-12 16:57:26,316 - [stage=fine step=02560 local=00560/03000] E/N=-87.9273 ewE/N=-87.8608 std/N=3.00544 ewstd/N=0.0561307 pmove=0.224 width=0.158512 esjd/N=0.000634462 esjd/moved=0.00375977 score=-84.8554
2026-06-12 16:57:29,142 - [stage=fine step=02570 local=00570/03000] E/N=-87.8304 ewE/N=-87.8712 std/N=3.14227 ewstd/N=0.0422791 pmove=0.212 width=0.158512 esjd/N=0.000637766 esjd/moved=0.00413686 score=-84.7289
2026-06-12 16:57:31,969 - [stage=fine step=02580 local=00580/03000] E/N=-87.8912 ewE/N=-87.8771 std/N=3.03187 ewstd/N=0.0631714 pmove=0.221 width=0.158512 esjd/N=0.000622768 esjd/moved=0.00369048 score=-84.8453
2026-06-12 16:57:34,800 - [stage=fine step=02590 local=00590/03000] E/N=-87.8776 ewE/N=-87.8578 std/N=3.18355 ewstd/N=0.0677932 pmove=0.201 width=0.158512 esjd/N=0.000646183 esjd/moved=0.00462937 score=-84.6742
2026-06-12 16:57:37,633 - [stage=fine step=02600 local=00600/03000] E/N=-88.0303 ewE/N=-87.8785 std/N=2.70081 ewstd/N=0.0766146 pmove=0.211 width=0.158512 esjd/N=0.000631946 esjd/moved=0.00409911 score=-85.1777
2026-06-12 16:57:40,448 - [stage=fine step=02610 local=00610/03000] E/N=-87.8317 ewE/N=-87.8703 std/N=3.03102 ewstd/N=0.0589342 pmove=0.202 width=0.158512 esjd/N=0.000646086 esjd/moved=0.00462868 score=-84.8393
2026-06-12 16:57:43,283 - [stage=fine step=02620 local=00620/03000] E/N=-87.7505 ewE/N=-87.8792 std/N=3.06175 ewstd/N=0.0690757 pmove=0.234 width=0.158512 esjd/N=0.000626227 esjd/moved=0.00341579 score=-84.8175
2026-06-12 16:57:46,120 - [stage=fine step=02630 local=00630/03000] E/N=-87.8994 ewE/N=-87.8855 std/N=2.89169 ewstd/N=0.0586785 pmove=0.233 width=0.158512 esjd/N=0.000603374 esjd/moved=0.00329113 score=-84.9938
2026-06-12 16:57:48,943 - [stage=fine step=02640 local=00640/03000] E/N=-87.9143 ewE/N=-87.8855 std/N=2.88254 ewstd/N=0.0455733 pmove=0.229 width=0.158512 esjd/N=0.000607433 esjd/moved=0.00331327 score=-85.0029
2026-06-12 16:57:51,772 - [stage=fine step=02650 local=00650/03000] E/N=-87.7496 ewE/N=-87.8575 std/N=2.92595 ewstd/N=0.0703012 pmove=0.213 width=0.158512 esjd/N=0.000640304 esjd/moved=0.00415332 score=-84.9315
2026-06-12 16:57:54,588 - [stage=fine step=02660 local=00660/03000] E/N=-87.8976 ewE/N=-87.8774 std/N=3.06319 ewstd/N=0.0555355 pmove=0.190 width=0.158512 esjd/N=0.000650123 esjd/moved=0.00520098 score=-84.8143
2026-06-12 16:57:57,404 - [stage=fine step=02670 local=00670/03000] E/N=-87.9323 ewE/N=-87.892 std/N=2.73271 ewstd/N=0.0567599 pmove=0.244 width=0.158512 esjd/N=0.000610329 esjd/moved=0.00308377 score=-85.1593
2026-06-12 16:58:00,227 - [stage=fine step=02680 local=00680/03000] E/N=-87.9562 ewE/N=-87.889 std/N=2.9174 ewstd/N=0.0801788 pmove=0.233 width=0.158512 esjd/N=0.000617015 esjd/moved=0.00336554 score=-84.9716
2026-06-12 16:58:03,046 - [stage=fine step=02690 local=00690/03000] E/N=-87.9211 ewE/N=-87.9089 std/N=3.19497 ewstd/N=0.0589334 pmove=0.189 width=0.158512 esjd/N=0.000643184 esjd/moved=0.00514547 score=-84.7139
2026-06-12 16:58:05,864 - [stage=fine step=02700 local=00700/03000] E/N=-87.8916 ewE/N=-87.9041 std/N=3.07315 ewstd/N=0.0500376 pmove=0.224 width=0.158512 esjd/N=0.000635695 esjd/moved=0.00376708 score=-84.8309
2026-06-12 16:58:08,681 - [stage=fine step=02710 local=00710/03000] E/N=-87.8404 ewE/N=-87.8959 std/N=2.88994 ewstd/N=0.0514661 pmove=0.198 width=0.158512 esjd/N=0.000630942 esjd/moved=0.00452018 score=-85.006
2026-06-12 16:58:11,494 - [stage=fine step=02720 local=00720/03000] E/N=-87.8368 ewE/N=-87.9118 std/N=3.20293 ewstd/N=0.0523837 pmove=0.235 width=0.158512 esjd/N=0.000624364 esjd/moved=0.00340562 score=-84.7088
2026-06-12 16:58:14,316 - [stage=fine step=02730 local=00730/03000] E/N=-87.9846 ewE/N=-87.9396 std/N=2.81512 ewstd/N=0.0871844 pmove=0.235 width=0.158512 esjd/N=0.000627271 esjd/moved=0.00342148 score=-85.1244
2026-06-12 16:58:17,134 - [stage=fine step=02740 local=00740/03000] E/N=-87.7972 ewE/N=-87.9494 std/N=2.9852 ewstd/N=0.0903495 pmove=0.191 width=0.158512 esjd/N=0.000663065 esjd/moved=0.00530452 score=-84.9642
2026-06-12 16:58:19,951 - [stage=fine step=02750 local=00750/03000] E/N=-87.922 ewE/N=-87.9473 std/N=2.84661 ewstd/N=0.0613154 pmove=0.213 width=0.158512 esjd/N=0.000644662 esjd/moved=0.00418159 score=-85.1007
2026-06-12 16:58:22,766 - [stage=fine step=02760 local=00760/03000] E/N=-87.9266 ewE/N=-87.965 std/N=2.8908 ewstd/N=0.0608061 pmove=0.204 width=0.158512 esjd/N=0.000659398 esjd/moved=0.00472404 score=-85.0742
2026-06-12 16:58:25,586 - [stage=fine step=02770 local=00770/03000] E/N=-88.053 ewE/N=-87.9423 std/N=2.84284 ewstd/N=0.0657635 pmove=0.220 width=0.158512 esjd/N=0.000624684 esjd/moved=0.00370183 score=-85.0995
2026-06-12 16:58:28,405 - [stage=fine step=02780 local=00780/03000] E/N=-87.8389 ewE/N=-87.9335 std/N=3.08929 ewstd/N=0.0643013 pmove=0.211 width=0.158512 esjd/N=0.000623965 esjd/moved=0.00404734 score=-84.8442
2026-06-12 16:58:31,223 - [stage=fine step=02790 local=00790/03000] E/N=-87.9313 ewE/N=-87.9071 std/N=2.90616 ewstd/N=0.0791694 pmove=0.241 width=0.158512 esjd/N=0.000601009 esjd/moved=0.00303667 score=-85.0009
2026-06-12 16:58:34,041 - [stage=fine step=02800 local=00800/03000] E/N=-87.8941 ewE/N=-87.9196 std/N=2.92956 ewstd/N=0.0748143 pmove=0.224 width=0.158512 esjd/N=0.000639481 esjd/moved=0.00378951 score=-84.9901
2026-06-12 16:58:36,863 - [stage=fine step=02810 local=00810/03000] E/N=-87.8342 ewE/N=-87.9436 std/N=2.99743 ewstd/N=0.0815849 pmove=0.255 width=0.158512 esjd/N=0.000605209 esjd/moved=0.00284804 score=-84.9461
2026-06-12 16:58:39,678 - [stage=fine step=02820 local=00820/03000] E/N=-87.9182 ewE/N=-87.9142 std/N=3.01844 ewstd/N=0.0688965 pmove=0.210 width=0.158512 esjd/N=0.000628563 esjd/moved=0.00407716 score=-84.8958
2026-06-12 16:58:42,499 - [stage=fine step=02830 local=00830/03000] E/N=-87.8399 ewE/N=-87.9656 std/N=3.51051 ewstd/N=0.0954259 pmove=0.225 width=0.158512 esjd/N=0.000636026 esjd/moved=0.00376904 score=-84.4551
2026-06-12 16:58:45,330 - [stage=fine step=02840 local=00840/03000] E/N=-87.992 ewE/N=-87.9925 std/N=2.73776 ewstd/N=0.0649881 pmove=0.243 width=0.158512 esjd/N=0.0005991 esjd/moved=0.00302703 score=-85.2547
2026-06-12 16:58:48,149 - [stage=fine step=02850 local=00850/03000] E/N=-87.994 ewE/N=-87.9822 std/N=2.84299 ewstd/N=0.0679769 pmove=0.223 width=0.158512 esjd/N=0.00063358 esjd/moved=0.00375455 score=-85.1392
2026-06-12 16:58:50,966 - [stage=fine step=02860 local=00860/03000] E/N=-87.9435 ewE/N=-87.9687 std/N=2.83931 ewstd/N=0.0542929 pmove=0.224 width=0.158512 esjd/N=0.000629418 esjd/moved=0.00372988 score=-85.1294
2026-06-12 16:58:53,790 - [stage=fine step=02870 local=00870/03000] E/N=-87.8436 ewE/N=-87.95 std/N=3.31973 ewstd/N=0.0733002 pmove=0.214 width=0.158512 esjd/N=0.00064853 esjd/moved=0.00420668 score=-84.6303
2026-06-12 16:58:56,609 - [stage=fine step=02880 local=00880/03000] E/N=-87.9336 ewE/N=-87.9826 std/N=3.02745 ewstd/N=0.0716704 pmove=0.222 width=0.158512 esjd/N=0.00062076 esjd/moved=0.00367858 score=-84.9552
2026-06-12 16:58:59,422 - [stage=fine step=02890 local=00890/03000] E/N=-87.9844 ewE/N=-87.9657 std/N=2.82062 ewstd/N=0.0646094 pmove=0.233 width=0.158512 esjd/N=0.000623668 esjd/moved=0.00340183 score=-85.1451
2026-06-12 16:59:02,242 - [stage=fine step=02900 local=00900/03000] E/N=-88.006 ewE/N=-87.9678 std/N=2.76229 ewstd/N=0.0545535 pmove=0.233 width=0.158512 esjd/N=0.000618832 esjd/moved=0.00337545 score=-85.2055
2026-06-12 16:59:05,060 - [stage=fine step=02910 local=00910/03000] E/N=-88.0616 ewE/N=-87.9912 std/N=2.75305 ewstd/N=0.0573361 pmove=0.223 width=0.158512 esjd/N=0.000632994 esjd/moved=0.00375108 score=-85.2382
2026-06-12 16:59:07,883 - [stage=fine step=02920 local=00920/03000] E/N=-87.9233 ewE/N=-87.9414 std/N=3.15927 ewstd/N=0.0698515 pmove=0.235 width=0.158512 esjd/N=0.000626258 esjd/moved=0.00341596 score=-84.7821
2026-06-12 16:59:10,697 - [stage=fine step=02930 local=00930/03000] E/N=-87.7192 ewE/N=-87.9466 std/N=4.52763 ewstd/N=0.0932855 pmove=0.212 width=0.158512 esjd/N=0.000637318 esjd/moved=0.00413395 score=-83.419
2026-06-12 16:59:13,519 - [stage=fine step=02940 local=00940/03000] E/N=-88.0146 ewE/N=-87.9818 std/N=2.89438 ewstd/N=0.0766897 pmove=0.244 width=0.158512 esjd/N=0.000613074 esjd/moved=0.00309764 score=-85.0874
2026-06-12 16:59:16,328 - [stage=fine step=02950 local=00950/03000] E/N=-87.9232 ewE/N=-87.975 std/N=3.0191 ewstd/N=0.0543564 pmove=0.225 width=0.158512 esjd/N=0.000637516 esjd/moved=0.00377787 score=-84.9558
2026-06-12 16:59:19,149 - [stage=fine step=02960 local=00960/03000] E/N=-88.105 ewE/N=-88.004 std/N=2.76478 ewstd/N=0.060658 pmove=0.209 width=0.158512 esjd/N=0.000622554 esjd/moved=0.00403818 score=-85.2393
2026-06-12 16:59:21,960 - [stage=fine step=02970 local=00970/03000] E/N=-88.0617 ewE/N=-87.9964 std/N=2.66874 ewstd/N=0.0506592 pmove=0.203 width=0.158512 esjd/N=0.000665133 esjd/moved=0.00476513 score=-85.3276
2026-06-12 16:59:24,771 - [stage=fine step=02980 local=00980/03000] E/N=-88.0452 ewE/N=-88.0046 std/N=2.68424 ewstd/N=0.058815 pmove=0.232 width=0.158512 esjd/N=0.000609096 esjd/moved=0.00332234 score=-85.3203
2026-06-12 16:59:27,590 - [stage=fine step=02990 local=00990/03000] E/N=-88.0787 ewE/N=-88.0031 std/N=3.00034 ewstd/N=0.0637086 pmove=0.244 width=0.158512 esjd/N=0.000614152 esjd/moved=0.00310308 score=-85.0028
2026-06-12 16:59:30,405 - [stage=fine step=03000 local=01000/03000] E/N=-88.0351 ewE/N=-88.018 std/N=3.04453 ewstd/N=0.0567305 pmove=0.210 width=0.158512 esjd/N=0.000628916 esjd/moved=0.00407945 score=-84.9735
2026-06-12 16:59:33,220 - [stage=fine step=03010 local=01010/03000] E/N=-87.8838 ewE/N=-87.9898 std/N=3.55984 ewstd/N=0.0700046 pmove=0.231 width=0.158512 esjd/N=0.000603757 esjd/moved=0.00329322 score=-84.43
2026-06-12 16:59:36,035 - [stage=fine step=03020 local=01020/03000] E/N=-87.9962 ewE/N=-88.0121 std/N=2.67817 ewstd/N=0.0621637 pmove=0.257 width=0.158512 esjd/N=0.000618144 esjd/moved=0.00290892 score=-85.3339
2026-06-12 16:59:38,847 - [stage=fine step=03030 local=01030/03000] E/N=-87.9799 ewE/N=-88.0051 std/N=2.9502 ewstd/N=0.0595677 pmove=0.223 width=0.158512 esjd/N=0.000631846 esjd/moved=0.00374427 score=-85.0549
2026-06-12 16:59:41,656 - [stage=fine step=03040 local=01040/03000] E/N=-88.0635 ewE/N=-87.9914 std/N=2.84476 ewstd/N=0.0586798 pmove=0.212 width=0.158512 esjd/N=0.000637263 esjd/moved=0.0041336 score=-85.1466
2026-06-12 16:59:44,471 - [stage=fine step=03050 local=01050/03000] E/N=-87.9233 ewE/N=-87.9841 std/N=3.37874 ewstd/N=0.0706495 pmove=0.253 width=0.158512 esjd/N=0.000594306 esjd/moved=0.00279673 score=-84.6054
2026-06-12 16:59:47,288 - [stage=fine step=03060 local=01060/03000] E/N=-87.9841 ewE/N=-88.0421 std/N=3.4876 ewstd/N=0.0806669 pmove=0.232 width=0.158512 esjd/N=0.000613076 esjd/moved=0.00334405 score=-84.5545
2026-06-12 16:59:50,092 - [stage=fine step=03070 local=01070/03000] E/N=-88.066 ewE/N=-88.0412 std/N=2.94582 ewstd/N=0.0603356 pmove=0.222 width=0.158512 esjd/N=0.000634843 esjd/moved=0.00376203 score=-85.0954
2026-06-12 16:59:52,908 - [stage=fine step=03080 local=01080/03000] E/N=-88.0377 ewE/N=-88.0135 std/N=2.95148 ewstd/N=0.0630975 pmove=0.213 width=0.158512 esjd/N=0.000634445 esjd/moved=0.00411532 score=-85.062
2026-06-12 16:59:55,718 - [stage=fine step=03090 local=01090/03000] E/N=-88.1083 ewE/N=-88.0177 std/N=2.79197 ewstd/N=0.0598912 pmove=0.221 width=0.158512 esjd/N=0.000622972 esjd/moved=0.00369169 score=-85.2257
2026-06-12 16:59:58,528 - [stage=fine step=03100 local=01100/03000] E/N=-87.9386 ewE/N=-88.0158 std/N=2.94392 ewstd/N=0.0546771 pmove=0.187 width=0.158512 esjd/N=0.000645824 esjd/moved=0.0051666 score=-85.0719
2026-06-12 17:00:01,345 - [stage=fine step=03110 local=01110/03000] E/N=-88.0984 ewE/N=-88.0403 std/N=2.78859 ewstd/N=0.047147 pmove=0.201 width=0.158512 esjd/N=0.000641285 esjd/moved=0.00459428 score=-85.2517
2026-06-12 17:00:04,163 - [stage=fine step=03120 local=01120/03000] E/N=-88.0536 ewE/N=-88.0438 std/N=3.0189 ewstd/N=0.0733482 pmove=0.232 width=0.158512 esjd/N=0.00061585 esjd/moved=0.00335918 score=-85.0249
2026-06-12 17:00:06,974 - [stage=fine step=03130 local=01130/03000] E/N=-88.1372 ewE/N=-88.0424 std/N=2.72108 ewstd/N=0.0749915 pmove=0.255 width=0.158512 esjd/N=0.000600662 esjd/moved=0.00282664 score=-85.3214
2026-06-12 17:00:09,783 - [stage=fine step=03140 local=01140/03000] E/N=-88.0538 ewE/N=-88.0506 std/N=3.23424 ewstd/N=0.0613894 pmove=0.204 width=0.158512 esjd/N=0.000659145 esjd/moved=0.00472223 score=-84.8163
2026-06-12 17:00:12,594 - [stage=fine step=03150 local=01150/03000] E/N=-88.001 ewE/N=-88.0405 std/N=3.2494 ewstd/N=0.0628734 pmove=0.220 width=0.158512 esjd/N=0.000621223 esjd/moved=0.00368132 score=-84.7911
2026-06-12 17:00:15,405 - [stage=fine step=03160 local=01160/03000] E/N=-88.004 ewE/N=-88.0571 std/N=3.50236 ewstd/N=0.0671911 pmove=0.211 width=0.158512 esjd/N=0.000636925 esjd/moved=0.0041314 score=-84.5547
2026-06-12 17:00:18,220 - [stage=fine step=03170 local=01170/03000] E/N=-88.1246 ewE/N=-88.0675 std/N=2.60049 ewstd/N=0.0652642 pmove=0.216 width=0.158512 esjd/N=0.000661763 esjd/moved=0.00429251 score=-85.467
2026-06-12 17:00:21,031 - [stage=fine step=03180 local=01180/03000] E/N=-88.0038 ewE/N=-88.0344 std/N=2.87995 ewstd/N=0.0595804 pmove=0.194 width=0.158512 esjd/N=0.000667293 esjd/moved=0.00533834 score=-85.1544
2026-06-12 17:00:23,841 - [stage=fine step=03190 local=01190/03000] E/N=-88.0566 ewE/N=-88.0238 std/N=2.89911 ewstd/N=0.0743162 pmove=0.211 width=0.158512 esjd/N=0.000633756 esjd/moved=0.00411085 score=-85.1247
2026-06-12 17:00:26,655 - [stage=fine step=03200 local=01200/03000] E/N=-88.0447 ewE/N=-88.0412 std/N=2.71183 ewstd/N=0.0526735 pmove=0.211 width=0.158512 esjd/N=0.000632268 esjd/moved=0.0041012 score=-85.3294
2026-06-12 17:00:29,492 - [stage=fine step=03210 local=01210/03000] E/N=-87.97 ewE/N=-88.0531 std/N=2.95105 ewstd/N=0.056985 pmove=0.213 width=0.158512 esjd/N=0.00063323 esjd/moved=0.00410744 score=-85.1021
2026-06-12 17:00:32,312 - [stage=fine step=03220 local=01220/03000] E/N=-87.9479 ewE/N=-88.0474 std/N=3.22482 ewstd/N=0.0542967 pmove=0.224 width=0.158512 esjd/N=0.000625317 esjd/moved=0.00370558 score=-84.8226
2026-06-12 17:00:35,123 - [stage=fine step=03230 local=01230/03000] E/N=-87.9409 ewE/N=-88.0467 std/N=3.06373 ewstd/N=0.060966 pmove=0.222 width=0.158512 esjd/N=0.000633197 esjd/moved=0.00375228 score=-84.983
2026-06-12 17:00:37,939 - [stage=fine step=03240 local=01240/03000] E/N=-87.9579 ewE/N=-88.0234 std/N=2.84012 ewstd/N=0.0699211 pmove=0.243 width=0.158512 esjd/N=0.000604676 esjd/moved=0.00305521 score=-85.1833
2026-06-12 17:00:40,749 - [stage=fine step=03250 local=01250/03000] E/N=-88.0333 ewE/N=-88.0335 std/N=2.6909 ewstd/N=0.052823 pmove=0.201 width=0.158512 esjd/N=0.000648788 esjd/moved=0.00464803 score=-85.3426
2026-06-12 17:00:43,560 - [stage=fine step=03260 local=01260/03000] E/N=-88.1011 ewE/N=-88.0528 std/N=2.6088 ewstd/N=0.0493762 pmove=0.209 width=0.158512 esjd/N=0.000631855 esjd/moved=0.00409852 score=-85.444
2026-06-12 17:00:46,370 - [stage=fine step=03270 local=01270/03000] E/N=-88.0439 ewE/N=-88.0406 std/N=3.01159 ewstd/N=0.0436516 pmove=0.263 width=0.158512 esjd/N=0.000591236 esjd/moved=0.00260361 score=-85.029
2026-06-12 17:00:49,174 - [stage=fine step=03280 local=01280/03000] E/N=-88.1825 ewE/N=-88.0698 std/N=2.54484 ewstd/N=0.0731451 pmove=0.257 width=0.158512 esjd/N=0.00060843 esjd/moved=0.0028632 score=-85.525
2026-06-12 17:00:51,983 - [stage=fine step=03290 local=01290/03000] E/N=-88.0893 ewE/N=-88.0643 std/N=2.4935 ewstd/N=0.0560885 pmove=0.222 width=0.158512 esjd/N=0.000629472 esjd/moved=0.00373021 score=-85.5708
2026-06-12 17:00:54,793 - [stage=fine step=03300 local=01300/03000] E/N=-87.9124 ewE/N=-88.0299 std/N=3.16982 ewstd/N=0.0723927 pmove=0.222 width=0.158512 esjd/N=0.000636319 esjd/moved=0.00377078 score=-84.8601
2026-06-12 17:00:57,605 - [stage=fine step=03310 local=01310/03000] E/N=-88.1366 ewE/N=-88.0934 std/N=2.75754 ewstd/N=0.0885647 pmove=0.213 width=0.158512 esjd/N=0.00064564 esjd/moved=0.00418794 score=-85.3359
2026-06-12 17:01:00,418 - [stage=fine step=03320 local=01320/03000] E/N=-88.0465 ewE/N=-88.0792 std/N=3.44349 ewstd/N=0.0785638 pmove=0.224 width=0.158512 esjd/N=0.000635595 esjd/moved=0.00376649 score=-84.6357
2026-06-12 17:01:03,234 - [stage=fine step=03330 local=01330/03000] E/N=-88.07 ewE/N=-88.0723 std/N=2.97892 ewstd/N=0.0980447 pmove=0.233 width=0.158512 esjd/N=0.00062173 esjd/moved=0.00339125 score=-85.0934
2026-06-12 17:01:06,042 - [stage=fine step=03340 local=01340/03000] E/N=-88.077 ewE/N=-88.0774 std/N=2.85313 ewstd/N=0.071197 pmove=0.192 width=0.158512 esjd/N=0.000665952 esjd/moved=0.00532762 score=-85.2243
2026-06-12 17:01:08,854 - [stage=fine step=03350 local=01350/03000] E/N=-88.1577 ewE/N=-88.068 std/N=3.19507 ewstd/N=0.0705063 pmove=0.224 width=0.158512 esjd/N=0.000631063 esjd/moved=0.00373963 score=-84.8729
2026-06-12 17:01:11,663 - [stage=fine step=03360 local=01360/03000] E/N=-88.0848 ewE/N=-88.0719 std/N=2.77441 ewstd/N=0.0791987 pmove=0.201 width=0.158512 esjd/N=0.000643465 esjd/moved=0.0046099 score=-85.2975
2026-06-12 17:01:14,480 - [stage=fine step=03370 local=01370/03000] E/N=-87.9232 ewE/N=-88.0648 std/N=3.06637 ewstd/N=0.099738 pmove=0.199 width=0.158512 esjd/N=0.000637401 esjd/moved=0.00456646 score=-84.9985
2026-06-12 17:01:17,293 - [stage=fine step=03380 local=01380/03000] E/N=-88.1343 ewE/N=-88.0866 std/N=2.83894 ewstd/N=0.0785064 pmove=0.199 width=0.158512 esjd/N=0.000639172 esjd/moved=0.00457914 score=-85.2477
2026-06-12 17:01:20,112 - [stage=fine step=03390 local=01390/03000] E/N=-88.0561 ewE/N=-88.103 std/N=2.72884 ewstd/N=0.0683365 pmove=0.223 width=0.158512 esjd/N=0.000622698 esjd/moved=0.00369006 score=-85.3742
2026-06-12 17:01:22,930 - [stage=fine step=03400 local=01400/03000] E/N=-88.1431 ewE/N=-88.0991 std/N=2.60226 ewstd/N=0.0558496 pmove=0.224 width=0.158512 esjd/N=0.000639544 esjd/moved=0.00378989 score=-85.4968
2026-06-12 17:01:25,743 - [stage=fine step=03410 local=01410/03000] E/N=-88.2045 ewE/N=-88.1178 std/N=2.86229 ewstd/N=0.0586616 pmove=0.255 width=0.158512 esjd/N=0.00060811 esjd/moved=0.00286169 score=-85.2556
2026-06-12 17:01:28,556 - [stage=fine step=03420 local=01420/03000] E/N=-88.1283 ewE/N=-88.1211 std/N=2.81567 ewstd/N=0.0527628 pmove=0.220 width=0.158512 esjd/N=0.000622478 esjd/moved=0.00368876 score=-85.3054
2026-06-12 17:01:31,364 - [stage=fine step=03430 local=01430/03000] E/N=-88.0849 ewE/N=-88.0859 std/N=2.84296 ewstd/N=0.0575018 pmove=0.212 width=0.158512 esjd/N=0.000635873 esjd/moved=0.00412458 score=-85.243
2026-06-12 17:01:34,171 - [stage=fine step=03440 local=01440/03000] E/N=-88.117 ewE/N=-88.0981 std/N=3.40103 ewstd/N=0.0622641 pmove=0.233 width=0.158512 esjd/N=0.000628203 esjd/moved=0.00342656 score=-84.6971
2026-06-12 17:01:36,986 - [stage=fine step=03450 local=01450/03000] E/N=-88.0509 ewE/N=-88.0649 std/N=3.47688 ewstd/N=0.0627966 pmove=0.202 width=0.158512 esjd/N=0.000649676 esjd/moved=0.0046544 score=-84.588
2026-06-12 17:01:39,794 - [stage=fine step=03460 local=01460/03000] E/N=-88.0618 ewE/N=-88.1119 std/N=3.3634 ewstd/N=0.0635417 pmove=0.219 width=0.158512 esjd/N=0.000620414 esjd/moved=0.00367653 score=-84.7485
2026-06-12 17:01:42,606 - [stage=fine step=03470 local=01470/03000] E/N=-88.0244 ewE/N=-88.1007 std/N=3.46756 ewstd/N=0.0540889 pmove=0.255 width=0.158512 esjd/N=0.000612654 esjd/moved=0.00288308 score=-84.6332
2026-06-12 17:01:45,419 - [stage=fine step=03480 local=01480/03000] E/N=-88.1339 ewE/N=-88.12 std/N=2.71243 ewstd/N=0.0588173 pmove=0.224 width=0.158512 esjd/N=0.000639708 esjd/moved=0.00379086 score=-85.4076
2026-06-12 17:01:48,232 - [stage=fine step=03490 local=01490/03000] E/N=-88.2357 ewE/N=-88.1063 std/N=2.72278 ewstd/N=0.0856583 pmove=0.236 width=0.158512 esjd/N=0.00063281 esjd/moved=0.00345169 score=-85.3835
2026-06-12 17:01:51,045 - [stage=fine step=03500 local=01500/03000] E/N=-88.15 ewE/N=-88.124 std/N=2.80405 ewstd/N=0.0573689 pmove=0.222 width=0.158512 esjd/N=0.00062295 esjd/moved=0.00369156 score=-85.3199
2026-06-12 17:01:53,859 - [stage=fine step=03510 local=01510/03000] E/N=-88.1388 ewE/N=-88.1246 std/N=2.89212 ewstd/N=0.0481137 pmove=0.215 width=0.158512 esjd/N=0.000640358 esjd/moved=0.00415367 score=-85.2325
2026-06-12 17:01:56,671 - [stage=fine step=03520 local=01520/03000] E/N=-88.06 ewE/N=-88.1083 std/N=3.04937 ewstd/N=0.0424415 pmove=0.224 width=0.158512 esjd/N=0.000631523 esjd/moved=0.00374236 score=-85.0589
2026-06-12 17:01:59,486 - [stage=fine step=03530 local=01530/03000] E/N=-88.1958 ewE/N=-88.1594 std/N=2.80278 ewstd/N=0.0623148 pmove=0.253 width=0.158512 esjd/N=0.000604036 esjd/moved=0.00284252 score=-85.3567
2026-06-12 17:02:02,302 - [stage=fine step=03540 local=01540/03000] E/N=-88.1536 ewE/N=-88.1348 std/N=2.92366 ewstd/N=0.0643234 pmove=0.256 width=0.158512 esjd/N=0.000608182 esjd/moved=0.00286203 score=-85.2111
2026-06-12 17:02:05,116 - [stage=fine step=03550 local=01550/03000] E/N=-88.155 ewE/N=-88.1467 std/N=2.83019 ewstd/N=0.0459167 pmove=0.226 width=0.158512 esjd/N=0.000646445 esjd/moved=0.00383079 score=-85.3165
2026-06-12 17:02:07,927 - [stage=fine step=03560 local=01560/03000] E/N=-88.1634 ewE/N=-88.1581 std/N=2.75001 ewstd/N=0.050024 pmove=0.215 width=0.158512 esjd/N=0.000656301 esjd/moved=0.00425709 score=-85.4081
2026-06-12 17:02:10,742 - [stage=fine step=03570 local=01570/03000] E/N=-88.2587 ewE/N=-88.1773 std/N=2.64577 ewstd/N=0.0545435 pmove=0.217 width=0.158512 esjd/N=0.000646485 esjd/moved=0.00419341 score=-85.5316
2026-06-12 17:02:13,553 - [stage=fine step=03580 local=01580/03000] E/N=-87.9938 ewE/N=-88.1176 std/N=3.01552 ewstd/N=0.0661395 pmove=0.224 width=0.158512 esjd/N=0.000630196 esjd/moved=0.0037345 score=-85.1021
2026-06-12 17:02:16,369 - [stage=fine step=03590 local=01590/03000] E/N=-88.1848 ewE/N=-88.1084 std/N=2.51857 ewstd/N=0.0628174 pmove=0.214 width=0.158512 esjd/N=0.000646201 esjd/moved=0.00419157 score=-85.5898
2026-06-12 17:02:19,175 - [stage=fine step=03600 local=01600/03000] E/N=-88.1876 ewE/N=-88.1448 std/N=2.76959 ewstd/N=0.0618183 pmove=0.193 width=0.158512 esjd/N=0.000674123 esjd/moved=0.00539298 score=-85.3752
2026-06-12 17:02:22,004 - [stage=fine step=03610 local=01610/03000] E/N=-88.2287 ewE/N=-88.1687 std/N=2.48872 ewstd/N=0.054619 pmove=0.234 width=0.158512 esjd/N=0.000626747 esjd/moved=0.00341862 score=-85.68
2026-06-12 17:02:24,814 - [stage=fine step=03620 local=01620/03000] E/N=-88.0853 ewE/N=-88.1524 std/N=2.85163 ewstd/N=0.0674396 pmove=0.213 width=0.158512 esjd/N=0.00065474 esjd/moved=0.00424696 score=-85.3008
2026-06-12 17:02:27,624 - [stage=fine step=03630 local=01630/03000] E/N=-88.0907 ewE/N=-88.1365 std/N=2.78601 ewstd/N=0.0601499 pmove=0.241 width=0.158512 esjd/N=0.000605972 esjd/moved=0.00306175 score=-85.3505
2026-06-12 17:02:30,435 - [stage=fine step=03640 local=01640/03000] E/N=-88.1792 ewE/N=-88.1646 std/N=2.68689 ewstd/N=0.059363 pmove=0.232 width=0.158512 esjd/N=0.000613468 esjd/moved=0.00334619 score=-85.4777
2026-06-12 17:02:33,246 - [stage=fine step=03650 local=01650/03000] E/N=-88.2543 ewE/N=-88.1878 std/N=3.0328 ewstd/N=0.056527 pmove=0.210 width=0.158512 esjd/N=0.000631389 esjd/moved=0.0040955 score=-85.155
2026-06-12 17:02:36,050 - [stage=fine step=03660 local=01660/03000] E/N=-88.18 ewE/N=-88.1825 std/N=2.72779 ewstd/N=0.0493093 pmove=0.241 width=0.158512 esjd/N=0.000607094 esjd/moved=0.00306742 score=-85.4547
2026-06-12 17:02:38,859 - [stage=fine step=03670 local=01670/03000] E/N=-88.2469 ewE/N=-88.1657 std/N=2.64421 ewstd/N=0.0748487 pmove=0.190 width=0.158512 esjd/N=0.000651906 esjd/moved=0.00521524 score=-85.5215
2026-06-12 17:02:41,673 - [stage=fine step=03680 local=01680/03000] E/N=-88.0437 ewE/N=-88.1533 std/N=3.06792 ewstd/N=0.0610232 pmove=0.231 width=0.158512 esjd/N=0.000609523 esjd/moved=0.00332467 score=-85.0854
2026-06-12 17:02:44,489 - [stage=fine step=03690 local=01690/03000] E/N=-88.1675 ewE/N=-88.1542 std/N=2.68265 ewstd/N=0.0472825 pmove=0.214 width=0.158512 esjd/N=0.000648159 esjd/moved=0.00420427 score=-85.4715
2026-06-12 17:02:47,293 - [stage=fine step=03700 local=01700/03000] E/N=-88.1331 ewE/N=-88.1448 std/N=2.65498 ewstd/N=0.0474246 pmove=0.233 width=0.158512 esjd/N=0.000627498 esjd/moved=0.00342271 score=-85.4899
2026-06-12 17:02:50,108 - [stage=fine step=03710 local=01710/03000] E/N=-88.1754 ewE/N=-88.1342 std/N=3.12362 ewstd/N=0.0667599 pmove=0.220 width=0.158512 esjd/N=0.000621437 esjd/moved=0.00368259 score=-85.0106
2026-06-12 17:02:52,915 - [stage=fine step=03720 local=01720/03000] E/N=-88.2201 ewE/N=-88.1806 std/N=2.59128 ewstd/N=0.0602459 pmove=0.201 width=0.158512 esjd/N=0.000645058 esjd/moved=0.00462131 score=-85.5893
2026-06-12 17:02:55,727 - [stage=fine step=03730 local=01730/03000] E/N=-88.1548 ewE/N=-88.192 std/N=3.16921 ewstd/N=0.0565752 pmove=0.221 width=0.158512 esjd/N=0.000635579 esjd/moved=0.00376639 score=-85.0228
2026-06-12 17:02:58,539 - [stage=fine step=03740 local=01740/03000] E/N=-88.1772 ewE/N=-88.1523 std/N=2.71645 ewstd/N=0.0655498 pmove=0.212 width=0.158512 esjd/N=0.000632854 esjd/moved=0.004105 score=-85.4359
2026-06-12 17:03:01,359 - [stage=fine step=03750 local=01750/03000] E/N=-88.1661 ewE/N=-88.1524 std/N=3.55774 ewstd/N=0.0559045 pmove=0.255 width=0.158512 esjd/N=0.00059824 esjd/moved=0.00281525 score=-84.5946
2026-06-12 17:03:04,179 - [stage=fine step=03760 local=01760/03000] E/N=-88.0824 ewE/N=-88.1411 std/N=2.58094 ewstd/N=0.0584134 pmove=0.224 width=0.158512 esjd/N=0.000644681 esjd/moved=0.00382033 score=-85.5602
2026-06-12 17:03:06,998 - [stage=fine step=03770 local=01770/03000] E/N=-88.1176 ewE/N=-88.1719 std/N=3.23241 ewstd/N=0.0557856 pmove=0.230 width=0.158512 esjd/N=0.000606518 esjd/moved=0.00330828 score=-84.9395
2026-06-12 17:03:09,815 - [stage=fine step=03780 local=01780/03000] E/N=-88.2845 ewE/N=-88.1904 std/N=3.35149 ewstd/N=0.0625432 pmove=0.246 width=0.158512 esjd/N=0.000622229 esjd/moved=0.00314389 score=-84.8389
2026-06-12 17:03:12,635 - [stage=fine step=03790 local=01790/03000] E/N=-88.1799 ewE/N=-88.1879 std/N=2.79327 ewstd/N=0.0496985 pmove=0.244 width=0.158512 esjd/N=0.000607042 esjd/moved=0.00306716 score=-85.3946
2026-06-12 17:03:15,444 - [stage=fine step=03800 local=01800/03000] E/N=-88.2453 ewE/N=-88.1951 std/N=2.94185 ewstd/N=0.0603472 pmove=0.224 width=0.158512 esjd/N=0.000636127 esjd/moved=0.00376964 score=-85.2533
2026-06-12 17:03:18,254 - [stage=fine step=03810 local=01810/03000] E/N=-88.1228 ewE/N=-88.1926 std/N=2.64183 ewstd/N=0.0671763 pmove=0.223 width=0.158512 esjd/N=0.000628074 esjd/moved=0.00372192 score=-85.5508
2026-06-12 17:03:21,064 - [stage=fine step=03820 local=01820/03000] E/N=-88.1318 ewE/N=-88.1607 std/N=2.96505 ewstd/N=0.0730685 pmove=0.203 width=0.158512 esjd/N=0.000643968 esjd/moved=0.0046135 score=-85.1957
2026-06-12 17:03:23,873 - [stage=fine step=03830 local=01830/03000] E/N=-88.2745 ewE/N=-88.1833 std/N=2.62107 ewstd/N=0.0747525 pmove=0.210 width=0.158512 esjd/N=0.000631813 esjd/moved=0.00409825 score=-85.5622
2026-06-12 17:03:26,684 - [stage=fine step=03840 local=01840/03000] E/N=-88.2 ewE/N=-88.1826 std/N=2.69165 ewstd/N=0.0535026 pmove=0.225 width=0.158512 esjd/N=0.000641006 esjd/moved=0.00379855 score=-85.4909
2026-06-12 17:03:29,496 - [stage=fine step=03850 local=01850/03000] E/N=-88.2007 ewE/N=-88.1699 std/N=2.67597 ewstd/N=0.0439294 pmove=0.213 width=0.158512 esjd/N=0.000645171 esjd/moved=0.00418489 score=-85.4939
2026-06-12 17:03:32,306 - [stage=fine step=03860 local=01860/03000] E/N=-88.2261 ewE/N=-88.2007 std/N=2.81426 ewstd/N=0.0607699 pmove=0.224 width=0.158512 esjd/N=0.000640934 esjd/moved=0.00379813 score=-85.3865
2026-06-12 17:03:35,118 - [stage=fine step=03870 local=01870/03000] E/N=-88.256 ewE/N=-88.2389 std/N=3.1102 ewstd/N=0.0649321 pmove=0.224 width=0.158512 esjd/N=0.000636003 esjd/moved=0.00376891 score=-85.1287
2026-06-12 17:03:37,929 - [stage=fine step=03880 local=01880/03000] E/N=-88.0902 ewE/N=-88.2242 std/N=3.20304 ewstd/N=0.0765939 pmove=0.203 width=0.158512 esjd/N=0.000661732 esjd/moved=0.00474077 score=-85.0212
2026-06-12 17:03:40,743 - [stage=fine step=03890 local=01890/03000] E/N=-88.1541 ewE/N=-88.2128 std/N=2.84715 ewstd/N=0.0730517 pmove=0.224 width=0.158512 esjd/N=0.000636642 esjd/moved=0.00377269 score=-85.3656
2026-06-12 17:03:43,561 - [stage=fine step=03900 local=01900/03000] E/N=-88.2987 ewE/N=-88.1956 std/N=2.57353 ewstd/N=0.0723499 pmove=0.245 width=0.158512 esjd/N=0.000616211 esjd/moved=0.00311349 score=-85.6221
2026-06-12 17:03:46,373 - [stage=fine step=03910 local=01910/03000] E/N=-88.2385 ewE/N=-88.2166 std/N=2.75791 ewstd/N=0.0666128 pmove=0.223 width=0.158512 esjd/N=0.000626361 esjd/moved=0.00371177 score=-85.4587
2026-06-12 17:03:49,180 - [stage=fine step=03920 local=01920/03000] E/N=-88.1525 ewE/N=-88.2141 std/N=2.80745 ewstd/N=0.066071 pmove=0.212 width=0.158512 esjd/N=0.000641789 esjd/moved=0.00416296 score=-85.4067
2026-06-12 17:03:51,997 - [stage=fine step=03930 local=01930/03000] E/N=-88.2833 ewE/N=-88.2235 std/N=2.61159 ewstd/N=0.0690899 pmove=0.191 width=0.158512 esjd/N=0.000664125 esjd/moved=0.005313 score=-85.6119
2026-06-12 17:03:54,803 - [stage=fine step=03940 local=01940/03000] E/N=-88.3044 ewE/N=-88.2288 std/N=2.43356 ewstd/N=0.0571066 pmove=0.244 width=0.158512 esjd/N=0.000608057 esjd/moved=0.00307229 score=-85.7952
2026-06-12 17:03:57,609 - [stage=fine step=03950 local=01950/03000] E/N=-88.1875 ewE/N=-88.2021 std/N=3.39624 ewstd/N=0.0599825 pmove=0.222 width=0.158512 esjd/N=0.000628543 esjd/moved=0.0037247 score=-84.8059
2026-06-12 17:04:00,418 - [stage=fine step=03960 local=01960/03000] E/N=-88.1189 ewE/N=-88.1936 std/N=2.71623 ewstd/N=0.058065 pmove=0.200 width=0.158512 esjd/N=0.000643594 esjd/moved=0.00461082 score=-85.4773
2026-06-12 17:04:03,226 - [stage=fine step=03970 local=01970/03000] E/N=-88.249 ewE/N=-88.1828 std/N=2.78983 ewstd/N=0.0697265 pmove=0.232 width=0.158512 esjd/N=0.000620931 esjd/moved=0.0033869 score=-85.393
2026-06-12 17:04:06,030 - [stage=fine step=03980 local=01980/03000] E/N=-88.2442 ewE/N=-88.213 std/N=2.6095 ewstd/N=0.0575411 pmove=0.244 width=0.158512 esjd/N=0.000603914 esjd/moved=0.00305135 score=-85.6035
2026-06-12 17:04:08,841 - [stage=fine step=03990 local=01990/03000] E/N=-88.0981 ewE/N=-88.1918 std/N=3.86705 ewstd/N=0.0602971 pmove=0.248 width=0.158512 esjd/N=0.000626311 esjd/moved=0.00316452 score=-84.3247
2026-06-12 17:04:11,645 - [stage=fine step=04000 local=02000/03000] E/N=-88.1696 ewE/N=-88.1943 std/N=2.88756 ewstd/N=0.0504931 pmove=0.203 width=0.158512 esjd/N=0.00065866 esjd/moved=0.00471876 score=-85.3067
2026-06-12 17:04:14,450 - [stage=fine step=04010 local=02010/03000] E/N=-88.3435 ewE/N=-88.2045 std/N=2.45656 ewstd/N=0.0612551 pmove=0.231 width=0.158512 esjd/N=0.000610403 esjd/moved=0.00332947 score=-85.7479
2026-06-12 17:04:17,255 - [stage=fine step=04020 local=02020/03000] E/N=-88.2451 ewE/N=-88.2337 std/N=2.70834 ewstd/N=0.0603006 pmove=0.233 width=0.158512 esjd/N=0.0006198 esjd/moved=0.00338073 score=-85.5253
2026-06-12 17:04:20,060 - [stage=fine step=04030 local=02030/03000] E/N=-88.2874 ewE/N=-88.2326 std/N=2.7139 ewstd/N=0.0619778 pmove=0.190 width=0.158512 esjd/N=0.000656361 esjd/moved=0.00525089 score=-85.5187
2026-06-12 17:04:22,865 - [stage=fine step=04040 local=02040/03000] E/N=-88.1801 ewE/N=-88.2221 std/N=2.71833 ewstd/N=0.0612786 pmove=0.225 width=0.158512 esjd/N=0.000645849 esjd/moved=0.00382725 score=-85.5038
2026-06-12 17:04:25,673 - [stage=fine step=04050 local=02050/03000] E/N=-88.1978 ewE/N=-88.1945 std/N=2.65566 ewstd/N=0.0555982 pmove=0.210 width=0.158512 esjd/N=0.000632695 esjd/moved=0.00410397 score=-85.5388
2026-06-12 17:04:28,484 - [stage=fine step=04060 local=02060/03000] E/N=-88.2486 ewE/N=-88.2165 std/N=2.57271 ewstd/N=0.0594349 pmove=0.223 width=0.158512 esjd/N=0.000631532 esjd/moved=0.00374241 score=-85.6438
2026-06-12 17:04:31,292 - [stage=fine step=04070 local=02070/03000] E/N=-88.1696 ewE/N=-88.197 std/N=2.75458 ewstd/N=0.0595526 pmove=0.232 width=0.158512 esjd/N=0.0006228 esjd/moved=0.00339709 score=-85.4424
2026-06-12 17:04:34,102 - [stage=fine step=04080 local=02080/03000] E/N=-88.3163 ewE/N=-88.2375 std/N=2.75809 ewstd/N=0.0701422 pmove=0.224 width=0.158512 esjd/N=0.000637067 esjd/moved=0.00377521 score=-85.4794
2026-06-12 17:04:36,907 - [stage=fine step=04090 local=02090/03000] E/N=-88.3121 ewE/N=-88.2536 std/N=2.64607 ewstd/N=0.0557645 pmove=0.245 width=0.158512 esjd/N=0.000611582 esjd/moved=0.0030901 score=-85.6075
2026-06-12 17:04:39,714 - [stage=fine step=04100 local=02100/03000] E/N=-88.2303 ewE/N=-88.2253 std/N=2.75031 ewstd/N=0.0543185 pmove=0.222 width=0.158512 esjd/N=0.000616132 esjd/moved=0.00365115 score=-85.475
2026-06-12 17:04:42,519 - [stage=fine step=04110 local=02110/03000] E/N=-88.1612 ewE/N=-88.235 std/N=2.68381 ewstd/N=0.056036 pmove=0.232 width=0.158512 esjd/N=0.000621915 esjd/moved=0.00339226 score=-85.5512
2026-06-12 17:04:45,326 - [stage=fine step=04120 local=02120/03000] E/N=-88.2294 ewE/N=-88.258 std/N=2.50845 ewstd/N=0.0723123 pmove=0.204 width=0.158512 esjd/N=0.00065504 esjd/moved=0.00469282 score=-85.7496
2026-06-12 17:04:48,134 - [stage=fine step=04130 local=02130/03000] E/N=-88.2088 ewE/N=-88.2471 std/N=2.7265 ewstd/N=0.06055 pmove=0.215 width=0.158512 esjd/N=0.000650155 esjd/moved=0.00421722 score=-85.5206
2026-06-12 17:04:50,945 - [stage=fine step=04140 local=02140/03000] E/N=-88.2622 ewE/N=-88.2231 std/N=2.50054 ewstd/N=0.0557858 pmove=0.213 width=0.158512 esjd/N=0.000636146 esjd/moved=0.00412635 score=-85.7226
2026-06-12 17:04:53,755 - [stage=fine step=04150 local=02150/03000] E/N=-88.2506 ewE/N=-88.235 std/N=2.67482 ewstd/N=0.0429693 pmove=0.223 width=0.158512 esjd/N=0.000630899 esjd/moved=0.00373866 score=-85.5602
2026-06-12 17:04:56,564 - [stage=fine step=04160 local=02160/03000] E/N=-88.2617 ewE/N=-88.2283 std/N=2.78126 ewstd/N=0.0523012 pmove=0.198 width=0.158512 esjd/N=0.000635739 esjd/moved=0.00455455 score=-85.4471
2026-06-12 17:04:59,370 - [stage=fine step=04170 local=02170/03000] E/N=-88.2181 ewE/N=-88.2414 std/N=2.62813 ewstd/N=0.0530871 pmove=0.213 width=0.158512 esjd/N=0.00064884 esjd/moved=0.00420869 score=-85.6133
2026-06-12 17:05:02,189 - [stage=fine step=04180 local=02180/03000] E/N=-88.1918 ewE/N=-88.2165 std/N=2.96898 ewstd/N=0.0552502 pmove=0.212 width=0.158512 esjd/N=0.000637259 esjd/moved=0.00413357 score=-85.2475
2026-06-12 17:05:04,991 - [stage=fine step=04190 local=02190/03000] E/N=-88.2153 ewE/N=-88.2129 std/N=3.12229 ewstd/N=0.0633073 pmove=0.204 width=0.158512 esjd/N=0.000649523 esjd/moved=0.0046533 score=-85.0906
2026-06-12 17:05:07,804 - [stage=fine step=04200 local=02200/03000] E/N=-88.2754 ewE/N=-88.1957 std/N=2.66227 ewstd/N=0.0605369 pmove=0.243 width=0.158512 esjd/N=0.000610068 esjd/moved=0.00308245 score=-85.5335
2026-06-12 17:05:10,612 - [stage=fine step=04210 local=02210/03000] E/N=-88.2829 ewE/N=-88.2257 std/N=2.58352 ewstd/N=0.0620035 pmove=0.269 width=0.158512 esjd/N=0.000613686 esjd/moved=0.00270247 score=-85.6422
2026-06-12 17:05:13,422 - [stage=fine step=04220 local=02220/03000] E/N=-88.0976 ewE/N=-88.2177 std/N=2.74226 ewstd/N=0.0648987 pmove=0.235 width=0.158512 esjd/N=0.000624925 esjd/moved=0.00340868 score=-85.4754
2026-06-12 17:05:16,232 - [stage=fine step=04230 local=02230/03000] E/N=-88.2957 ewE/N=-88.236 std/N=2.47671 ewstd/N=0.0770402 pmove=0.202 width=0.158512 esjd/N=0.000647098 esjd/moved=0.00463593 score=-85.7593
2026-06-12 17:05:19,047 - [stage=fine step=04240 local=02240/03000] E/N=-88.2037 ewE/N=-88.2413 std/N=2.59454 ewstd/N=0.0665191 pmove=0.235 width=0.158512 esjd/N=0.000624092 esjd/moved=0.00340414 score=-85.6468
2026-06-12 17:05:21,863 - [stage=fine step=04250 local=02250/03000] E/N=-88.1264 ewE/N=-88.2311 std/N=2.91118 ewstd/N=0.0611621 pmove=0.225 width=0.158512 esjd/N=0.000641124 esjd/moved=0.00379925 score=-85.3199
2026-06-12 17:05:24,675 - [stage=fine step=04260 local=02260/03000] E/N=-88.3578 ewE/N=-88.2728 std/N=2.49133 ewstd/N=0.0625113 pmove=0.215 width=0.158512 esjd/N=0.000648307 esjd/moved=0.00420523 score=-85.7814
2026-06-12 17:05:27,483 - [stage=fine step=04270 local=02270/03000] E/N=-88.2455 ewE/N=-88.266 std/N=2.57955 ewstd/N=0.0597092 pmove=0.200 width=0.158512 esjd/N=0.000647081 esjd/moved=0.00463581 score=-85.6864
2026-06-12 17:05:30,295 - [stage=fine step=04280 local=02280/03000] E/N=-88.2926 ewE/N=-88.2577 std/N=2.54446 ewstd/N=0.0688544 pmove=0.213 width=0.158512 esjd/N=0.000637844 esjd/moved=0.00413737 score=-85.7132
2026-06-12 17:05:33,103 - [stage=fine step=04290 local=02290/03000] E/N=-88.1805 ewE/N=-88.2526 std/N=3.38911 ewstd/N=0.0602208 pmove=0.245 width=0.158512 esjd/N=0.000622604 esjd/moved=0.00314579 score=-84.8635
2026-06-12 17:05:35,916 - [stage=fine step=04300 local=02300/03000] E/N=-88.1705 ewE/N=-88.248 std/N=2.352 ewstd/N=0.0567622 pmove=0.213 width=0.158512 esjd/N=0.000645994 esjd/moved=0.00419023 score=-85.896
2026-06-12 17:05:38,730 - [stage=fine step=04310 local=02310/03000] E/N=-88.2141 ewE/N=-88.2444 std/N=2.90813 ewstd/N=0.0502799 pmove=0.212 width=0.158512 esjd/N=0.000631377 esjd/moved=0.00409542 score=-85.3363
2026-06-12 17:05:41,540 - [stage=fine step=04320 local=02320/03000] E/N=-88.371 ewE/N=-88.2739 std/N=2.52448 ewstd/N=0.0687928 pmove=0.201 width=0.158512 esjd/N=0.000641123 esjd/moved=0.00459312 score=-85.7495
2026-06-12 17:05:44,356 - [stage=fine step=04330 local=02330/03000] E/N=-88.2789 ewE/N=-88.2572 std/N=2.49143 ewstd/N=0.0601261 pmove=0.193 width=0.158512 esjd/N=0.00066719 esjd/moved=0.00533752 score=-85.7658
2026-06-12 17:05:47,171 - [stage=fine step=04340 local=02340/03000] E/N=-88.3165 ewE/N=-88.2642 std/N=3.03108 ewstd/N=0.0520027 pmove=0.215 width=0.158512 esjd/N=0.000648377 esjd/moved=0.00420569 score=-85.2332
2026-06-12 17:05:49,981 - [stage=fine step=04350 local=02350/03000] E/N=-88.2154 ewE/N=-88.2689 std/N=3.00446 ewstd/N=0.0501281 pmove=0.227 width=0.158512 esjd/N=0.000649554 esjd/moved=0.00384921 score=-85.2645
2026-06-12 17:05:52,789 - [stage=fine step=04360 local=02360/03000] E/N=-88.2318 ewE/N=-88.2621 std/N=3.03068 ewstd/N=0.0524085 pmove=0.222 width=0.158512 esjd/N=0.000628056 esjd/moved=0.00372182 score=-85.2314
2026-06-12 17:05:55,595 - [stage=fine step=04370 local=02370/03000] E/N=-88.2899 ewE/N=-88.2707 std/N=2.86635 ewstd/N=0.0516925 pmove=0.210 width=0.158512 esjd/N=0.000633576 esjd/moved=0.00410968 score=-85.4044
2026-06-12 17:05:58,402 - [stage=fine step=04380 local=02380/03000] E/N=-88.3245 ewE/N=-88.2583 std/N=2.67539 ewstd/N=0.0598355 pmove=0.245 width=0.158512 esjd/N=0.000611454 esjd/moved=0.00308945 score=-85.583
2026-06-12 17:06:01,214 - [stage=fine step=04390 local=02390/03000] E/N=-88.3344 ewE/N=-88.2719 std/N=2.65365 ewstd/N=0.069574 pmove=0.222 width=0.158512 esjd/N=0.000624547 esjd/moved=0.00370102 score=-85.6183
2026-06-12 17:06:04,001 - [stage=fine step=04400 local=02400/03000] E/N=-88.2866 ewE/N=-88.2775 std/N=3.27658 ewstd/N=0.0487956 pmove=0.212 width=0.158512 esjd/N=0.000644947 esjd/moved=0.00418344 score=-85.0009
2026-06-12 17:06:06,787 - [stage=fine step=04410 local=02410/03000] E/N=-88.254 ewE/N=-88.2781 std/N=2.70742 ewstd/N=0.0507383 pmove=0.225 width=0.158512 esjd/N=0.000645456 esjd/moved=0.00382492 score=-85.5707
2026-06-12 17:06:09,599 - [stage=fine step=04420 local=02420/03000] E/N=-88.3241 ewE/N=-88.2993 std/N=2.72596 ewstd/N=0.0547772 pmove=0.213 width=0.158512 esjd/N=0.000649622 esjd/moved=0.00421376 score=-85.5734
2026-06-12 17:06:12,414 - [stage=fine step=04430 local=02430/03000] E/N=-88.271 ewE/N=-88.2708 std/N=2.63419 ewstd/N=0.0659222 pmove=0.222 width=0.158512 esjd/N=0.00062379 esjd/moved=0.00369653 score=-85.6366
2026-06-12 17:06:15,226 - [stage=fine step=04440 local=02440/03000] E/N=-88.2241 ewE/N=-88.2647 std/N=2.40673 ewstd/N=0.0559339 pmove=0.214 width=0.158512 esjd/N=0.000644336 esjd/moved=0.00417948 score=-85.858
2026-06-12 17:06:18,035 - [stage=fine step=04450 local=02450/03000] E/N=-88.2357 ewE/N=-88.2508 std/N=2.62103 ewstd/N=0.0608094 pmove=0.213 width=0.158512 esjd/N=0.000641612 esjd/moved=0.00416181 score=-85.6298
2026-06-12 17:06:20,845 - [stage=fine step=04460 local=02460/03000] E/N=-88.3362 ewE/N=-88.2959 std/N=2.57555 ewstd/N=0.0561396 pmove=0.214 width=0.158512 esjd/N=0.000653399 esjd/moved=0.00423826 score=-85.7204
2026-06-12 17:06:23,661 - [stage=fine step=04470 local=02470/03000] E/N=-88.2861 ewE/N=-88.302 std/N=2.52712 ewstd/N=0.0450521 pmove=0.203 width=0.158512 esjd/N=0.000660586 esjd/moved=0.00473255 score=-85.7748
2026-06-12 17:06:26,480 - [stage=fine step=04480 local=02480/03000] E/N=-88.2977 ewE/N=-88.2939 std/N=2.61304 ewstd/N=0.0677416 pmove=0.211 width=0.158512 esjd/N=0.000639866 esjd/moved=0.00415048 score=-85.6809
2026-06-12 17:06:29,292 - [stage=fine step=04490 local=02490/03000] E/N=-88.303 ewE/N=-88.3054 std/N=2.4881 ewstd/N=0.0628463 pmove=0.237 width=0.158512 esjd/N=0.00063628 esjd/moved=0.00347062 score=-85.8173
2026-06-12 17:06:32,106 - [stage=fine step=04500 local=02500/03000] E/N=-88.244 ewE/N=-88.2975 std/N=2.65176 ewstd/N=0.0527528 pmove=0.224 width=0.158512 esjd/N=0.000643048 esjd/moved=0.00381066 score=-85.6458
2026-06-12 17:06:34,919 - [stage=fine step=04510 local=02510/03000] E/N=-88.1932 ewE/N=-88.2788 std/N=2.98163 ewstd/N=0.0519496 pmove=0.222 width=0.158512 esjd/N=0.000631051 esjd/moved=0.00373956 score=-85.2972
2026-06-12 17:06:37,730 - [stage=fine step=04520 local=02520/03000] E/N=-88.2812 ewE/N=-88.2956 std/N=2.35873 ewstd/N=0.046648 pmove=0.263 width=0.158512 esjd/N=0.000586112 esjd/moved=0.00258104 score=-85.9369
2026-06-12 17:06:40,540 - [stage=fine step=04530 local=02530/03000] E/N=-88.3625 ewE/N=-88.2941 std/N=2.66869 ewstd/N=0.0514721 pmove=0.223 width=0.158512 esjd/N=0.000633786 esjd/moved=0.00375577 score=-85.6254
2026-06-12 17:06:43,354 - [stage=fine step=04540 local=02540/03000] E/N=-88.3809 ewE/N=-88.3091 std/N=2.4843 ewstd/N=0.0655106 pmove=0.199 width=0.158512 esjd/N=0.000637421 esjd/moved=0.0045666 score=-85.8248
2026-06-12 17:06:46,162 - [stage=fine step=04550 local=02550/03000] E/N=-88.3478 ewE/N=-88.2961 std/N=2.4001 ewstd/N=0.072622 pmove=0.211 width=0.158512 esjd/N=0.000627434 esjd/moved=0.00406984 score=-85.896
2026-06-12 17:06:48,970 - [stage=fine step=04560 local=02560/03000] E/N=-88.4179 ewE/N=-88.3216 std/N=2.66162 ewstd/N=0.0700433 pmove=0.200 width=0.158512 esjd/N=0.000645139 esjd/moved=0.00462189 score=-85.66
2026-06-12 17:06:51,776 - [stage=fine step=04570 local=02570/03000] E/N=-88.2836 ewE/N=-88.3182 std/N=3.19395 ewstd/N=0.0526359 pmove=0.235 width=0.158512 esjd/N=0.000629659 esjd/moved=0.0034345 score=-85.1242
2026-06-12 17:06:54,578 - [stage=fine step=04580 local=02580/03000] E/N=-88.2963 ewE/N=-88.3013 std/N=2.80181 ewstd/N=0.0556487 pmove=0.214 width=0.158512 esjd/N=0.000655838 esjd/moved=0.00425409 score=-85.4995
2026-06-12 17:06:57,384 - [stage=fine step=04590 local=02590/03000] E/N=-88.172 ewE/N=-88.2972 std/N=2.95129 ewstd/N=0.0593448 pmove=0.216 width=0.158512 esjd/N=0.000649233 esjd/moved=0.00421124 score=-85.3459
2026-06-12 17:07:00,196 - [stage=fine step=04600 local=02600/03000] E/N=-88.3589 ewE/N=-88.2994 std/N=2.79366 ewstd/N=0.054086 pmove=0.192 width=0.158512 esjd/N=0.000659165 esjd/moved=0.00527332 score=-85.5057
2026-06-12 17:07:03,015 - [stage=fine step=04610 local=02610/03000] E/N=-88.2514 ewE/N=-88.3119 std/N=2.94977 ewstd/N=0.0636822 pmove=0.223 width=0.158512 esjd/N=0.000634591 esjd/moved=0.00376054 score=-85.3621
2026-06-12 17:07:05,822 - [stage=fine step=04620 local=02620/03000] E/N=-88.3874 ewE/N=-88.3233 std/N=2.42388 ewstd/N=0.0531896 pmove=0.227 width=0.158512 esjd/N=0.000647635 esjd/moved=0.00383784 score=-85.8994
2026-06-12 17:07:08,632 - [stage=fine step=04630 local=02630/03000] E/N=-88.3335 ewE/N=-88.3372 std/N=2.77098 ewstd/N=0.0429232 pmove=0.215 width=0.158512 esjd/N=0.000651787 esjd/moved=0.00422781 score=-85.5662
2026-06-12 17:07:11,446 - [stage=fine step=04640 local=02640/03000] E/N=-88.3599 ewE/N=-88.3326 std/N=2.43516 ewstd/N=0.0354639 pmove=0.226 width=0.158512 esjd/N=0.000647137 esjd/moved=0.00383489 score=-85.8974
2026-06-12 17:07:14,256 - [stage=fine step=04650 local=02650/03000] E/N=-88.2907 ewE/N=-88.3168 std/N=2.49893 ewstd/N=0.0461698 pmove=0.191 width=0.158512 esjd/N=0.000661726 esjd/moved=0.00529381 score=-85.8179
2026-06-12 17:07:17,064 - [stage=fine step=04660 local=02660/03000] E/N=-88.4192 ewE/N=-88.3096 std/N=2.59905 ewstd/N=0.0552796 pmove=0.213 width=0.158512 esjd/N=0.000642887 esjd/moved=0.00417008 score=-85.7106
2026-06-12 17:07:19,871 - [stage=fine step=04670 local=02670/03000] E/N=-88.3018 ewE/N=-88.3113 std/N=2.64789 ewstd/N=0.0447072 pmove=0.213 width=0.158512 esjd/N=0.000645915 esjd/moved=0.00418972 score=-85.6634
2026-06-12 17:07:22,708 - [stage=fine step=04680 local=02680/03000] E/N=-88.3215 ewE/N=-88.3161 std/N=3.01636 ewstd/N=0.057714 pmove=0.235 width=0.158512 esjd/N=0.000619562 esjd/moved=0.00337943 score=-85.2997
2026-06-12 17:07:25,521 - [stage=fine step=04690 local=02690/03000] E/N=-88.2759 ewE/N=-88.3194 std/N=2.85207 ewstd/N=0.0535064 pmove=0.223 width=0.158512 esjd/N=0.000627901 esjd/moved=0.0037209 score=-85.4674
2026-06-12 17:07:28,336 - [stage=fine step=04700 local=02700/03000] E/N=-88.3168 ewE/N=-88.307 std/N=2.45794 ewstd/N=0.0669256 pmove=0.243 width=0.158512 esjd/N=0.000614176 esjd/moved=0.0031032 score=-85.849
2026-06-12 17:07:31,136 - [stage=fine step=04710 local=02710/03000] E/N=-88.3424 ewE/N=-88.3122 std/N=2.67415 ewstd/N=0.0537078 pmove=0.213 width=0.158512 esjd/N=0.000639629 esjd/moved=0.00414895 score=-85.6381
2026-06-12 17:07:33,978 - [stage=fine step=04720 local=02720/03000] E/N=-88.3646 ewE/N=-88.3248 std/N=2.76189 ewstd/N=0.0540482 pmove=0.254 width=0.158512 esjd/N=0.000611827 esjd/moved=0.00287919 score=-85.5629
2026-06-12 17:07:36,787 - [stage=fine step=04730 local=02730/03000] E/N=-88.3147 ewE/N=-88.3506 std/N=2.83681 ewstd/N=0.0529419 pmove=0.224 width=0.158512 esjd/N=0.000631836 esjd/moved=0.00374421 score=-85.5138
2026-06-12 17:07:39,596 - [stage=fine step=04740 local=02740/03000] E/N=-88.349 ewE/N=-88.357 std/N=2.5931 ewstd/N=0.0472794 pmove=0.208 width=0.158512 esjd/N=0.000628793 esjd/moved=0.00407865 score=-85.7639
2026-06-12 17:07:42,405 - [stage=fine step=04750 local=02750/03000] E/N=-88.3278 ewE/N=-88.3285 std/N=2.60207 ewstd/N=0.0547429 pmove=0.235 width=0.158512 esjd/N=0.000625747 esjd/moved=0.00341317 score=-85.7264
2026-06-12 17:07:45,250 - [stage=fine step=04760 local=02760/03000] E/N=-88.4438 ewE/N=-88.3533 std/N=2.51348 ewstd/N=0.0777961 pmove=0.201 width=0.158512 esjd/N=0.000647671 esjd/moved=0.00464003 score=-85.8398
2026-06-12 17:07:48,056 - [stage=fine step=04770 local=02770/03000] E/N=-88.3232 ewE/N=-88.3736 std/N=2.59475 ewstd/N=0.0676208 pmove=0.276 width=0.158512 esjd/N=0.000589808 esjd/moved=0.00244058 score=-85.7788
2026-06-12 17:07:50,865 - [stage=fine step=04780 local=02780/03000] E/N=-88.3768 ewE/N=-88.3423 std/N=2.78799 ewstd/N=0.0626671 pmove=0.244 width=0.158512 esjd/N=0.000615299 esjd/moved=0.00310888 score=-85.5543
2026-06-12 17:07:53,676 - [stage=fine step=04790 local=02790/03000] E/N=-88.4626 ewE/N=-88.3463 std/N=2.44715 ewstd/N=0.0651892 pmove=0.224 width=0.158512 esjd/N=0.000642252 esjd/moved=0.00380594 score=-85.8991
2026-06-12 17:07:56,505 - [stage=fine step=04800 local=02800/03000] E/N=-88.3251 ewE/N=-88.3434 std/N=2.90629 ewstd/N=0.077962 pmove=0.213 width=0.158512 esjd/N=0.00063503 esjd/moved=0.00411911 score=-85.4371
2026-06-12 17:07:59,312 - [stage=fine step=04810 local=02810/03000] E/N=-88.2657 ewE/N=-88.3214 std/N=2.96844 ewstd/N=0.0791989 pmove=0.213 width=0.158512 esjd/N=0.000651863 esjd/moved=0.0042283 score=-85.3529
2026-06-12 17:08:02,127 - [stage=fine step=04820 local=02820/03000] E/N=-88.2938 ewE/N=-88.3317 std/N=2.61918 ewstd/N=0.0587402 pmove=0.214 width=0.158512 esjd/N=0.000648574 esjd/moved=0.00420697 score=-85.7125
2026-06-12 17:08:04,937 - [stage=fine step=04830 local=02830/03000] E/N=-88.3671 ewE/N=-88.3607 std/N=2.46455 ewstd/N=0.051113 pmove=0.211 width=0.158512 esjd/N=0.000645413 esjd/moved=0.00418646 score=-85.8962
2026-06-12 17:08:07,750 - [stage=fine step=04840 local=02840/03000] E/N=-88.3322 ewE/N=-88.3393 std/N=2.92386 ewstd/N=0.0486167 pmove=0.248 width=0.158512 esjd/N=0.000635519 esjd/moved=0.00321104 score=-85.4154
2026-06-12 17:08:10,558 - [stage=fine step=04850 local=02850/03000] E/N=-88.3573 ewE/N=-88.3369 std/N=2.61647 ewstd/N=0.0553183 pmove=0.225 width=0.158512 esjd/N=0.000648792 esjd/moved=0.00384469 score=-85.7204
2026-06-12 17:08:13,365 - [stage=fine step=04860 local=02860/03000] E/N=-88.4426 ewE/N=-88.3636 std/N=2.75221 ewstd/N=0.0533353 pmove=0.236 width=0.158512 esjd/N=0.000624957 esjd/moved=0.00340886 score=-85.6114
2026-06-12 17:08:16,174 - [stage=fine step=04870 local=02870/03000] E/N=-88.3625 ewE/N=-88.3816 std/N=2.81188 ewstd/N=0.056898 pmove=0.215 width=0.158512 esjd/N=0.000645761 esjd/moved=0.00418872 score=-85.5697
2026-06-12 17:08:18,980 - [stage=fine step=04880 local=02880/03000] E/N=-88.4137 ewE/N=-88.3645 std/N=2.47979 ewstd/N=0.0500844 pmove=0.202 width=0.158512 esjd/N=0.000650503 esjd/moved=0.00466032 score=-85.8847
2026-06-12 17:08:21,793 - [stage=fine step=04890 local=02890/03000] E/N=-88.3186 ewE/N=-88.3492 std/N=2.53494 ewstd/N=0.0499963 pmove=0.224 width=0.158512 esjd/N=0.000632452 esjd/moved=0.00374786 score=-85.8142
2026-06-12 17:08:24,601 - [stage=fine step=04900 local=02900/03000] E/N=-88.4276 ewE/N=-88.3498 std/N=2.5307 ewstd/N=0.0598607 pmove=0.222 width=0.158512 esjd/N=0.000631142 esjd/moved=0.0037401 score=-85.8191
2026-06-12 17:08:27,406 - [stage=fine step=04910 local=02910/03000] E/N=-88.3744 ewE/N=-88.3682 std/N=2.46486 ewstd/N=0.0633773 pmove=0.245 width=0.158512 esjd/N=0.000615085 esjd/moved=0.0031078 score=-85.9033
2026-06-12 17:08:30,213 - [stage=fine step=04920 local=02920/03000] E/N=-88.3564 ewE/N=-88.3523 std/N=2.60092 ewstd/N=0.0589355 pmove=0.219 width=0.158512 esjd/N=0.000620091 esjd/moved=0.00367461 score=-85.7514
2026-06-12 17:08:33,015 - [stage=fine step=04930 local=02930/03000] E/N=-88.3785 ewE/N=-88.3485 std/N=2.5087 ewstd/N=0.0524804 pmove=0.219 width=0.158512 esjd/N=0.0006161 esjd/moved=0.00365096 score=-85.8398
2026-06-12 17:08:35,817 - [stage=fine step=04940 local=02940/03000] E/N=-88.3696 ewE/N=-88.3665 std/N=2.52469 ewstd/N=0.0458971 pmove=0.246 width=0.158512 esjd/N=0.000624511 esjd/moved=0.00315542 score=-85.8418
2026-06-12 17:08:38,624 - [stage=fine step=04950 local=02950/03000] E/N=-88.443 ewE/N=-88.3509 std/N=2.30338 ewstd/N=0.0666515 pmove=0.203 width=0.158512 esjd/N=0.000657823 esjd/moved=0.00471276 score=-86.0475
2026-06-12 17:08:41,432 - [stage=fine step=04960 local=02960/03000] E/N=-88.3574 ewE/N=-88.3706 std/N=3.12427 ewstd/N=0.0620845 pmove=0.234 width=0.158512 esjd/N=0.000621421 esjd/moved=0.00338957 score=-85.2463
2026-06-12 17:08:44,243 - [stage=fine step=04970 local=02970/03000] E/N=-88.375 ewE/N=-88.3841 std/N=2.3512 ewstd/N=0.0507766 pmove=0.214 width=0.158512 esjd/N=0.000646205 esjd/moved=0.0041916 score=-86.0329
2026-06-12 17:08:47,057 - [stage=fine step=04980 local=02980/03000] E/N=-88.4051 ewE/N=-88.3851 std/N=3.20649 ewstd/N=0.04545 pmove=0.234 width=0.158512 esjd/N=0.00063073 esjd/moved=0.00344034 score=-85.1786
2026-06-12 17:08:49,872 - [stage=fine step=04990 local=02990/03000] E/N=-88.4002 ewE/N=-88.3727 std/N=2.42914 ewstd/N=0.0535452 pmove=0.224 width=0.158512 esjd/N=0.000637269 esjd/moved=0.00377641 score=-85.9436
2026-06-12 17:08:52,393 - Saving checkpoint results/rs_d_scan_N16_D20_sq/N16_layers8_8_rs0.9_d0.5_D20.0_seed69_sq/qmcjax_ckpt_004999.npz
2026-06-12 17:08:52,955 - Saved best-candidate checkpoint results/rs_d_scan_N16_D20_sq/N16_layers8_8_rs0.9_d0.5_D20.0_seed69_sq/qmcjax_best_004999.npz with score -86.01226
2026-06-12 17:08:52,973 - Training completed after t [s] = 1582
