2026-06-02 21:32:02,389 - JAX version: 0.10.1
2026-06-02 21:32:02,390 - jax_enable_x64: False
2026-06-02 21:32:02,390 - JAXlib version: 0.10.1
2026-06-02 21:32:02,390 - KFAC-JAX version: 0.0.8
2026-06-02 21:32:02,390 - Available devices: ['cuda:0']
2026-06-02 21:32:02,390 - Platform: gpu
2026-06-02 21:32:02,390 - Default precision: float32
2026-06-02 21:32:02,390 - Default matmul precision: float32
2026-06-02 21:32:02,390 - GPU information: ['Tesla V100-PCIE-32GB']
2026-06-02 21:32:02,390 - Python version: 3.13.13
2026-06-02 21:32:02,390 - System: Linux #20260508 SMP PREEMPT_DYNAMIC Fri May  8 11:20:56 EDT 2026
2026-06-02 21:32:02,390 - Processor: x86_64
2026-06-02 21:32:02,390 - Numpy version: 2.4.6
2026-06-02 21:32:02,390 - CUDA_VISIBLE_DEVICES: GPU-b88ef8f2-7b8d-92de-8e58-9be73cfe5e61
2026-06-02 21:32:02,390 - NVIDIA driver version: 580.126.09
580.126.09
2026-06-02 21:32:02,390 - GPU models: Tesla V100-PCIE-32GB, Tesla V100-PCIE-32GB
2026-06-02 21:32:02,414 - Starting QMC with 1 XLA devices per host across 1 hosts.
2026-06-02 21:32:04,805 - No checkpoint found. Training new model.
2026-06-02 21:32:06,658 - Using adam_kfac optimizer: Adam until step 500, then KFAC.
2026-06-02 21:32:06,681 - Burning in MCMC chain for 2000 steps
2026-06-02 21:35:21,774 - Completed burn-in MCMC steps
2026-06-02 21:35:28,013 - Initial energy: 579.6277 E_h
2026-06-02 21:35:36,780 - Step 00000: 633.0833 E_h, exp. variance=0.0000 E_h^2, pmove=1.00
2026-06-02 21:35:44,909 - Step 00001: 1097.9884 E_h, exp. variance=19452.3125 E_h^2, pmove=1.00
2026-06-02 21:35:45,469 - Step 00002: 437.8771 E_h, exp. variance=22764.6348 E_h^2, pmove=1.00
2026-06-02 21:35:46,029 - Step 00003: 1816.8425 E_h, exp. variance=141892.7188 E_h^2, pmove=1.00
2026-06-02 21:35:46,589 - Step 00004: 776.2972 E_h, exp. variance=127705.4688 E_h^2, pmove=1.00
2026-06-02 21:35:47,149 - Step 00005: 256.9333 E_h, exp. variance=138813.4844 E_h^2, pmove=1.00
2026-06-02 21:35:47,708 - Step 00006: 340.0253 E_h, exp. variance=137961.5781 E_h^2, pmove=1.00
2026-06-02 21:35:48,269 - Step 00007: 478.7601 E_h, exp. variance=127900.0234 E_h^2, pmove=1.00
2026-06-02 21:35:48,830 - Step 00008: 1971.1738 E_h, exp. variance=269342.0000 E_h^2, pmove=1.00
2026-06-02 21:35:49,390 - Step 00009: 686.3204 E_h, exp. variance=243432.0781 E_h^2, pmove=1.00
2026-06-02 21:35:49,949 - Step 00010: 506.2731 E_h, exp. variance=225947.7344 E_h^2, pmove=1.00
2026-06-02 21:35:50,509 - Step 00011: 1165.1382 E_h, exp. variance=218512.2344 E_h^2, pmove=1.00
2026-06-02 21:35:51,069 - Step 00012: 1194.4452 E_h, exp. variance=210965.8438 E_h^2, pmove=1.00
2026-06-02 21:35:51,628 - Step 00013: 211.8774 E_h, exp. variance=224886.0625 E_h^2, pmove=1.00
2026-06-02 21:35:52,188 - Step 00014: 521.4960 E_h, exp. variance=208102.1562 E_h^2, pmove=1.00
2026-06-02 21:35:52,748 - Step 00015: 1607.6489 E_h, exp. variance=253788.5469 E_h^2, pmove=1.00
2026-06-02 21:35:53,308 - Step 00016: 267.2103 E_h, exp. variance=257326.4219 E_h^2, pmove=1.00
2026-06-02 21:35:53,868 - Step 00017: 640.0007 E_h, exp. variance=233291.8125 E_h^2, pmove=1.00
2026-06-02 21:35:54,428 - Step 00018: 490.8257 E_h, exp. variance=216660.2344 E_h^2, pmove=1.00
2026-06-02 21:35:54,988 - Step 00019: 456.8249 E_h, exp. variance=202025.9062 E_h^2, pmove=1.00
2026-06-02 21:35:55,548 - Step 00020: 2126.7654 E_h, exp. variance=362884.1562 E_h^2, pmove=1.00
2026-06-02 21:35:56,108 - Step 00021: 1618.3790 E_h, exp. variance=379700.7500 E_h^2, pmove=1.00
2026-06-02 21:35:56,667 - Step 00022: 411.3370 E_h, exp. variance=365666.4062 E_h^2, pmove=1.00
2026-06-02 21:35:57,227 - Step 00023: 678.0665 E_h, exp. variance=332606.9688 E_h^2, pmove=1.00
2026-06-02 21:35:57,787 - Step 00024: 754.1508 E_h, exp. variance=300274.9375 E_h^2, pmove=1.00
2026-06-02 21:35:58,347 - Step 00025: 1951.4277 E_h, exp. variance=380309.5938 E_h^2, pmove=1.00
2026-06-02 21:35:58,907 - Step 00026: 577.9639 E_h, exp. variance=355151.5000 E_h^2, pmove=1.00
2026-06-02 21:35:59,467 - Step 00027: 371.5421 E_h, exp. variance=346545.2500 E_h^2, pmove=1.00
2026-06-02 21:36:00,027 - Step 00028: 2891.9797 E_h, exp. variance=682158.0000 E_h^2, pmove=1.00
2026-06-02 21:36:00,587 - Step 00029: 291.8596 E_h, exp. variance=667947.1250 E_h^2, pmove=1.00
2026-06-02 21:36:01,147 - Step 00030: 1251.5088 E_h, exp. variance=607353.0000 E_h^2, pmove=1.00
2026-06-02 21:36:01,707 - Step 00031: 3491.6135 E_h, exp. variance=1098519.7500 E_h^2, pmove=1.00
2026-06-02 21:36:02,267 - Step 00032: 710.7507 E_h, exp. variance=1016106.9375 E_h^2, pmove=1.00
2026-06-02 21:36:02,827 - Step 00033: 206.8760 E_h, exp. variance=1004643.6250 E_h^2, pmove=1.00
2026-06-02 21:36:03,386 - Step 00034: 398.4871 E_h, exp. variance=949436.5000 E_h^2, pmove=1.00
2026-06-02 21:36:03,947 - Step 00035: 1149.2705 E_h, exp. variance=855633.3125 E_h^2, pmove=1.00
2026-06-02 21:36:04,506 - Step 00036: 1409.7798 E_h, exp. variance=781852.3750 E_h^2, pmove=1.00
2026-06-02 21:36:05,066 - Step 00037: 631.7488 E_h, exp. variance=722086.2500 E_h^2, pmove=0.99
2026-06-02 21:36:05,626 - Step 00038: 2207.0142 E_h, exp. variance=772681.6875 E_h^2, pmove=1.00
2026-06-02 21:36:06,186 - Step 00039: 682.0771 E_h, exp. variance=715603.1250 E_h^2, pmove=1.00
2026-06-02 21:36:06,746 - Step 00040: 354.6223 E_h, exp. variance=695172.0000 E_h^2, pmove=0.99
2026-06-02 21:36:07,306 - Step 00041: 430.5513 E_h, exp. variance=658317.1250 E_h^2, pmove=0.99
2026-06-02 21:36:07,866 - Step 00042: 1005.8702 E_h, exp. variance=592584.2500 E_h^2, pmove=0.99
2026-06-02 21:36:08,426 - Step 00043: 276.4429 E_h, exp. variance=577376.0000 E_h^2, pmove=0.99
2026-06-02 21:36:08,986 - Step 00044: 500.2944 E_h, exp. variance=534458.4375 E_h^2, pmove=0.99
2026-06-02 21:36:09,546 - Step 00045: 2417.6577 E_h, exp. variance=697837.9375 E_h^2, pmove=0.99
2026-06-02 21:36:10,106 - Step 00046: 286.2469 E_h, exp. variance=676605.0000 E_h^2, pmove=0.99
2026-06-02 21:36:10,665 - Step 00047: 6027.9194 E_h, exp. variance=2932110.0000 E_h^2, pmove=0.99
2026-06-02 21:36:11,226 - Step 00048: 3368.1360 E_h, exp. variance=2968190.0000 E_h^2, pmove=0.99
2026-06-02 21:36:11,786 - Step 00049: 1511.8666 E_h, exp. variance=2673005.0000 E_h^2, pmove=0.99
2026-06-02 21:36:12,346 - Step 00050: 1136.3813 E_h, exp. variance=2427914.0000 E_h^2, pmove=0.99
2026-06-02 21:36:12,906 - Step 00051: 719.1933 E_h, exp. variance=2252349.7500 E_h^2, pmove=0.99
2026-06-02 21:36:13,467 - Step 00052: 477.6434 E_h, exp. variance=2120640.0000 E_h^2, pmove=0.99
2026-06-02 21:36:14,027 - Step 00053: 803.2297 E_h, exp. variance=1940103.8750 E_h^2, pmove=0.99
2026-06-02 21:36:14,586 - Step 00054: 3204.2493 E_h, exp. variance=2060254.5000 E_h^2, pmove=0.99
2026-06-02 21:36:15,146 - Step 00055: 1170.6736 E_h, exp. variance=1865385.1250 E_h^2, pmove=0.99
2026-06-02 21:36:15,706 - Step 00056: 707.3013 E_h, exp. variance=1733636.0000 E_h^2, pmove=0.99
2026-06-02 21:36:16,267 - Step 00057: 1196.9789 E_h, exp. variance=1564337.8750 E_h^2, pmove=0.99
2026-06-02 21:36:16,827 - Step 00058: 559.8820 E_h, exp. variance=1469663.2500 E_h^2, pmove=0.99
2026-06-02 21:36:17,387 - Step 00059: 598.9780 E_h, exp. variance=1367612.8750 E_h^2, pmove=0.99
2026-06-02 21:36:17,948 - Step 00060: 468.7260 E_h, exp. variance=1283666.8750 E_h^2, pmove=0.99
2026-06-02 21:36:18,508 - Step 00061: 3654.8198 E_h, exp. variance=1716291.7500 E_h^2, pmove=0.99
2026-06-02 21:36:19,068 - Step 00062: 925.6074 E_h, exp. variance=1565591.7500 E_h^2, pmove=0.99
2026-06-02 21:36:19,628 - Step 00063: 720.1015 E_h, exp. variance=1445840.5000 E_h^2, pmove=0.99
2026-06-02 21:36:20,188 - Step 00064: 1523.1672 E_h, exp. variance=1305914.6250 E_h^2, pmove=0.99
2026-06-02 21:36:20,748 - Step 00065: 1163.8448 E_h, exp. variance=1177473.3750 E_h^2, pmove=0.99
2026-06-02 21:36:21,307 - Step 00066: 285.2349 E_h, exp. variance=1152944.2500 E_h^2, pmove=0.98
2026-06-02 21:36:21,867 - Step 00067: 903.8650 E_h, exp. variance=1045605.6875 E_h^2, pmove=0.98
2026-06-02 21:36:22,426 - Step 00068: 754.0231 E_h, exp. variance=956727.4375 E_h^2, pmove=0.99
2026-06-02 21:36:22,986 - Step 00069: 7210.1963 E_h, exp. variance=4188563.0000 E_h^2, pmove=0.98
2026-06-02 21:36:23,545 - Step 00070: 675.0200 E_h, exp. variance=3871354.0000 E_h^2, pmove=0.98
2026-06-02 21:36:24,105 - Step 00071: 601.4777 E_h, exp. variance=3579700.7500 E_h^2, pmove=0.98
2026-06-02 21:36:24,664 - Step 00072: 1573.3352 E_h, exp. variance=3221911.7500 E_h^2, pmove=0.98
2026-06-02 21:36:25,223 - Step 00073: 291.9699 E_h, exp. variance=3038327.7500 E_h^2, pmove=0.98
2026-06-02 21:36:25,782 - Step 00074: 536.4851 E_h, exp. variance=2802989.7500 E_h^2, pmove=0.98
2026-06-02 21:36:26,342 - Step 00075: 380.2592 E_h, exp. variance=2602447.0000 E_h^2, pmove=0.98
2026-06-02 21:36:26,901 - Step 00076: 1059.3774 E_h, exp. variance=2344745.7500 E_h^2, pmove=0.98
2026-06-02 21:36:27,461 - Step 00077: 487.1549 E_h, exp. variance=2157385.5000 E_h^2, pmove=0.98
2026-06-02 21:36:28,020 - Step 00078: 400.2743 E_h, exp. variance=1990672.1250 E_h^2, pmove=0.98
2026-06-02 21:36:28,581 - Step 00079: 373.9404 E_h, exp. variance=1834526.3750 E_h^2, pmove=0.98
2026-06-02 21:36:29,140 - Step 00080: 568.8796 E_h, exp. variance=1667451.5000 E_h^2, pmove=0.98
2026-06-02 21:36:29,700 - Step 00081: 571.4105 E_h, exp. variance=1513798.0000 E_h^2, pmove=0.98
2026-06-02 21:36:30,259 - Step 00082: 654.5979 E_h, exp. variance=1368505.3750 E_h^2, pmove=0.98
2026-06-02 21:36:30,819 - Step 00083: 2452.0708 E_h, exp. variance=1451637.5000 E_h^2, pmove=0.97
2026-06-02 21:36:31,379 - Step 00084: 3158.2927 E_h, exp. variance=1708413.8750 E_h^2, pmove=0.97
2026-06-02 21:36:31,939 - Step 00085: 716.0855 E_h, exp. variance=1563840.2500 E_h^2, pmove=0.97
2026-06-02 21:36:32,498 - Step 00086: 778.6232 E_h, exp. variance=1423611.8750 E_h^2, pmove=0.97
2026-06-02 21:36:33,059 - Step 00087: 1249.0149 E_h, exp. variance=1281964.7500 E_h^2, pmove=0.97
2026-06-02 21:36:33,618 - Step 00088: 7737.6177 E_h, exp. variance=5037157.5000 E_h^2, pmove=0.97
2026-06-02 21:36:34,179 - Step 00089: 1605.1595 E_h, exp. variance=4537820.0000 E_h^2, pmove=0.97
2026-06-02 21:36:34,739 - Step 00090: 540.0632 E_h, exp. variance=4227740.5000 E_h^2, pmove=0.97
2026-06-02 21:36:35,299 - Step 00091: 447.6009 E_h, exp. variance=3941062.0000 E_h^2, pmove=0.97
2026-06-02 21:36:35,858 - Step 00092: 6152.8052 E_h, exp. variance=5450089.0000 E_h^2, pmove=0.97
2026-06-02 21:36:36,417 - Step 00093: 5397.9487 E_h, exp. variance=5935568.5000 E_h^2, pmove=0.97
2026-06-02 21:36:36,976 - Step 00094: 1084.6011 E_h, exp. variance=5486706.0000 E_h^2, pmove=0.97
2026-06-02 21:36:37,537 - Step 00095: 362.0620 E_h, exp. variance=5250639.5000 E_h^2, pmove=0.97
2026-06-02 21:36:38,097 - Step 00096: 379.2855 E_h, exp. variance=4973611.5000 E_h^2, pmove=0.97
2026-06-02 21:36:38,657 - Step 00097: 518.9323 E_h, exp. variance=4641358.5000 E_h^2, pmove=0.97
2026-06-02 21:36:39,216 - Step 00098: 750.2554 E_h, exp. variance=4265019.0000 E_h^2, pmove=0.97
2026-06-02 21:36:39,776 - Step 00099: 6759.4731 E_h, exp. variance=6198093.0000 E_h^2, pmove=0.97
2026-06-02 21:36:40,336 - Step 00100: 1378.7119 E_h, exp. variance=5631989.5000 E_h^2, pmove=0.97
2026-06-02 21:36:40,896 - Step 00101: 731.2894 E_h, exp. variance=5231037.0000 E_h^2, pmove=0.96
2026-06-02 21:36:41,456 - Step 00102: 163.9165 E_h, exp. variance=4991735.0000 E_h^2, pmove=0.96
2026-06-02 21:36:42,016 - Step 00103: 1084.5159 E_h, exp. variance=4533883.0000 E_h^2, pmove=0.96
2026-06-02 21:36:42,576 - Step 00104: 641.0205 E_h, exp. variance=4180349.5000 E_h^2, pmove=0.96
2026-06-02 21:36:43,136 - Step 00105: 305.5146 E_h, exp. variance=3910578.2500 E_h^2, pmove=0.96
2026-06-02 21:36:43,696 - Step 00106: 745.7029 E_h, exp. variance=3565525.7500 E_h^2, pmove=0.96
2026-06-02 21:36:44,257 - Step 00107: 295.7851 E_h, exp. variance=3316567.2500 E_h^2, pmove=0.96
2026-06-02 21:36:44,817 - Step 00108: 915.1657 E_h, exp. variance=2996878.7500 E_h^2, pmove=0.96
2026-06-02 21:36:45,377 - Step 00109: 527.6727 E_h, exp. variance=2743290.2500 E_h^2, pmove=0.96
2026-06-02 21:36:45,937 - Step 00110: 543.6283 E_h, exp. variance=2504474.7500 E_h^2, pmove=0.95
2026-06-02 21:36:46,497 - Step 00111: 441.8943 E_h, exp. variance=2294077.5000 E_h^2, pmove=0.96
2026-06-02 21:36:47,057 - Step 00112: 3345.6213 E_h, exp. variance=2542158.0000 E_h^2, pmove=0.95
2026-06-02 21:36:47,618 - Step 00113: 4334.2319 E_h, exp. variance=3131562.2500 E_h^2, pmove=0.95
2026-06-02 21:36:48,177 - Step 00114: 1497.8680 E_h, exp. variance=2818995.0000 E_h^2, pmove=0.95
2026-06-02 21:36:48,737 - Step 00115: 1113.8806 E_h, exp. variance=2555875.2500 E_h^2, pmove=0.95
2026-06-02 21:36:49,297 - Step 00116: 4764.9204 E_h, exp. variance=3245026.2500 E_h^2, pmove=0.95
2026-06-02 21:36:49,856 - Step 00117: 873.3187 E_h, exp. variance=3006197.7500 E_h^2, pmove=0.95
2026-06-02 21:36:50,417 - Step 00118: 1578.0381 E_h, exp. variance=2708283.5000 E_h^2, pmove=0.95
2026-06-02 21:36:50,977 - Step 00119: 683.8131 E_h, exp. variance=2536731.5000 E_h^2, pmove=0.95
2026-06-02 21:36:51,537 - Step 00120: 704.2067 E_h, exp. variance=2360039.7500 E_h^2, pmove=0.95
2026-06-02 21:36:52,097 - Step 00121: 423.6376 E_h, exp. variance=2235512.0000 E_h^2, pmove=0.95
2026-06-02 21:36:52,656 - Step 00122: 549.6538 E_h, exp. variance=2080965.5000 E_h^2, pmove=0.95
2026-06-02 21:36:53,216 - Step 00123: 1055.8704 E_h, exp. variance=1880018.2500 E_h^2, pmove=0.95
2026-06-02 21:36:53,776 - Step 00124: 1213.0691 E_h, exp. variance=1692853.8750 E_h^2, pmove=0.95
2026-06-02 21:36:54,337 - Step 00125: 953.7646 E_h, exp. variance=1534350.5000 E_h^2, pmove=0.95
2026-06-02 21:36:54,897 - Step 00126: 370.4722 E_h, exp. variance=1452975.7500 E_h^2, pmove=0.95
2026-06-02 21:36:55,456 - Step 00127: 590.5326 E_h, exp. variance=1338505.8750 E_h^2, pmove=0.95
2026-06-02 21:36:56,016 - Step 00128: 1052.3660 E_h, exp. variance=1205034.3750 E_h^2, pmove=0.95
2026-06-02 21:36:56,577 - Step 00129: 2064.8972 E_h, exp. variance=1166462.0000 E_h^2, pmove=0.95
2026-06-02 21:36:57,137 - Step 00130: 736.4591 E_h, exp. variance=1069673.8750 E_h^2, pmove=0.95
2026-06-02 21:36:57,697 - Step 00131: 412.1558 E_h, exp. variance=1012935.4375 E_h^2, pmove=0.95
2026-06-02 21:36:58,258 - Step 00132: 3914.9038 E_h, exp. variance=1632643.3750 E_h^2, pmove=0.95
2026-06-02 21:36:58,818 - Step 00133: 224.9242 E_h, exp. variance=1586882.3750 E_h^2, pmove=0.95
2026-06-02 21:36:59,378 - Step 00134: 162.2116 E_h, exp. variance=1535334.2500 E_h^2, pmove=0.94
2026-06-02 21:36:59,938 - Step 00135: 623.5828 E_h, exp. variance=1406192.7500 E_h^2, pmove=0.94
2026-06-02 21:37:00,498 - Step 00136: 493.5934 E_h, exp. variance=1297814.5000 E_h^2, pmove=0.94
2026-06-02 21:37:01,059 - Step 00137: 2257.1274 E_h, exp. variance=1303058.5000 E_h^2, pmove=0.94
2026-06-02 21:37:01,619 - Step 00138: 381.7425 E_h, exp. variance=1226531.6250 E_h^2, pmove=0.93
2026-06-02 21:37:02,180 - Step 00139: 332.8233 E_h, exp. variance=1153781.0000 E_h^2, pmove=0.93
2026-06-02 21:37:02,740 - Step 00140: 293.5335 E_h, exp. variance=1083702.3750 E_h^2, pmove=0.93
2026-06-02 21:37:03,300 - Step 00141: 2481.5405 E_h, exp. variance=1191416.8750 E_h^2, pmove=0.93
2026-06-02 21:37:03,861 - Step 00142: 1277.7902 E_h, exp. variance=1075551.5000 E_h^2, pmove=0.93
2026-06-02 21:37:04,422 - Step 00143: 344.9150 E_h, exp. variance=1020138.8125 E_h^2, pmove=0.93
2026-06-02 21:37:04,981 - Step 00144: 1135.8707 E_h, exp. variance=919134.5000 E_h^2, pmove=0.93
2026-06-02 21:37:05,541 - Step 00145: 7466.3022 E_h, exp. variance=4543349.5000 E_h^2, pmove=0.92
2026-06-02 21:37:06,101 - Step 00146: 1428.0713 E_h, exp. variance=4094869.0000 E_h^2, pmove=0.91
2026-06-02 21:37:06,661 - Step 00147: 316.2619 E_h, exp. variance=3847313.5000 E_h^2, pmove=0.90
2026-06-02 21:37:07,221 - Step 00148: 1569.7834 E_h, exp. variance=3462775.0000 E_h^2, pmove=0.90
2026-06-02 21:37:07,782 - Step 00149: 751.2477 E_h, exp. variance=3170814.2500 E_h^2, pmove=0.90
2026-06-02 21:37:08,342 - Step 00150: 331.3224 E_h, exp. variance=2966448.2500 E_h^2, pmove=0.90
2026-06-02 21:37:08,903 - Step 00151: 187.5636 E_h, exp. variance=2789025.7500 E_h^2, pmove=0.90
2026-06-02 21:37:09,463 - Step 00152: 688.7654 E_h, exp. variance=2535850.2500 E_h^2, pmove=0.89
2026-06-02 21:37:10,023 - Step 00153: 677.7084 E_h, exp. variance=2304072.7500 E_h^2, pmove=0.89
2026-06-02 21:37:10,584 - Step 00154: 232.4712 E_h, exp. variance=2144675.7500 E_h^2, pmove=0.89
2026-06-02 21:37:11,143 - Step 00155: 517.4405 E_h, exp. variance=1954028.6250 E_h^2, pmove=0.89
2026-06-02 21:37:11,703 - Step 00156: 644.8231 E_h, exp. variance=1768764.3750 E_h^2, pmove=0.90
2026-06-02 21:37:12,263 - Step 00157: 311.2314 E_h, exp. variance=1628254.0000 E_h^2, pmove=0.90
2026-06-02 21:37:12,824 - Step 00158: 9552.4990 E_h, exp. variance=8229335.0000 E_h^2, pmove=0.90
2026-06-02 21:37:13,384 - Step 00159: 1573.8135 E_h, exp. variance=7409203.0000 E_h^2, pmove=0.90
2026-06-02 21:37:13,943 - Step 00160: 286.1945 E_h, exp. variance=6856571.0000 E_h^2, pmove=0.90
2026-06-02 21:37:14,504 - Step 00161: 1236.5441 E_h, exp. variance=6182028.5000 E_h^2, pmove=0.91
2026-06-02 21:37:15,063 - Step 00162: 1211.8352 E_h, exp. variance=5574290.0000 E_h^2, pmove=0.91
2026-06-02 21:37:15,623 - Step 00163: 320.9835 E_h, exp. variance=5145972.5000 E_h^2, pmove=0.91
2026-06-02 21:37:16,182 - Step 00164: 479.1933 E_h, exp. variance=4707510.5000 E_h^2, pmove=0.91
2026-06-02 21:37:16,743 - Step 00165: 2984.7297 E_h, exp. variance=4490097.5000 E_h^2, pmove=0.91
2026-06-02 21:37:17,303 - Step 00166: 356.3002 E_h, exp. variance=4153671.0000 E_h^2, pmove=0.91
2026-06-02 21:37:17,863 - Step 00167: 379.3239 E_h, exp. variance=3825372.5000 E_h^2, pmove=0.91
2026-06-02 21:37:18,424 - Step 00168: 528.5859 E_h, exp. variance=3491582.2500 E_h^2, pmove=0.91
2026-06-02 21:37:18,985 - Step 00169: 640.1673 E_h, exp. variance=3169726.2500 E_h^2, pmove=0.92
2026-06-02 21:37:19,545 - Step 00170: 433.5312 E_h, exp. variance=2897148.7500 E_h^2, pmove=0.92
2026-06-02 21:37:20,105 - Step 00171: 3988.7292 E_h, exp. variance=3376435.7500 E_h^2, pmove=0.92
2026-06-02 21:37:20,666 - Step 00172: 1872.7968 E_h, exp. variance=3062648.5000 E_h^2, pmove=0.93
2026-06-02 21:37:21,225 - Step 00173: 1290.9094 E_h, exp. variance=2757647.7500 E_h^2, pmove=0.93
2026-06-02 21:37:21,785 - Step 00174: 226.9415 E_h, exp. variance=2605218.2500 E_h^2, pmove=0.94
2026-06-02 21:37:22,345 - Step 00175: 422.5483 E_h, exp. variance=2410946.0000 E_h^2, pmove=0.94
2026-06-02 21:37:22,904 - Step 00176: 284.1108 E_h, exp. variance=2244480.0000 E_h^2, pmove=0.94
2026-06-02 21:37:23,463 - Step 00177: 2553.7883 E_h, exp. variance=2209291.0000 E_h^2, pmove=0.94
2026-06-02 21:37:24,022 - Step 00178: 723.5446 E_h, exp. variance=2013180.0000 E_h^2, pmove=0.95
2026-06-02 21:37:24,580 - Step 00179: 379.3885 E_h, exp. variance=1871902.1250 E_h^2, pmove=0.95
2026-06-02 21:37:25,139 - Step 00180: 1361.3385 E_h, exp. variance=1690196.3750 E_h^2, pmove=0.95
2026-06-02 21:37:25,698 - Step 00181: 1316.1692 E_h, exp. variance=1523996.3750 E_h^2, pmove=0.95
2026-06-02 21:37:26,257 - Step 00182: 220.5944 E_h, exp. variance=1450491.2500 E_h^2, pmove=0.95
2026-06-02 21:37:26,817 - Step 00183: 438.8256 E_h, exp. variance=1340532.5000 E_h^2, pmove=0.96
2026-06-02 21:37:27,376 - Step 00184: 4481.8789 E_h, exp. variance=2297092.2500 E_h^2, pmove=0.96
2026-06-02 21:37:27,936 - Step 00185: 6843.4438 E_h, exp. variance=4784477.5000 E_h^2, pmove=0.95
2026-06-02 21:37:28,495 - Step 00186: 443.3466 E_h, exp. variance=4496565.5000 E_h^2, pmove=0.95
2026-06-02 21:37:29,054 - Step 00187: 409.0976 E_h, exp. variance=4209421.5000 E_h^2, pmove=0.95
2026-06-02 21:37:29,614 - Step 00188: 1550.0671 E_h, exp. variance=3788900.5000 E_h^2, pmove=0.94
2026-06-02 21:37:30,174 - Step 00189: 989.7036 E_h, exp. variance=3444823.0000 E_h^2, pmove=0.95
2026-06-02 21:37:30,734 - Step 00190: 317.1011 E_h, exp. variance=3237021.5000 E_h^2, pmove=0.94
2026-06-02 21:37:31,293 - Step 00191: 326.8022 E_h, exp. variance=3022102.7500 E_h^2, pmove=0.94
2026-06-02 21:37:31,852 - Step 00192: 309.5573 E_h, exp. variance=2811105.2500 E_h^2, pmove=0.94
2026-06-02 21:37:32,412 - Step 00193: 403.4726 E_h, exp. variance=2589354.5000 E_h^2, pmove=0.94
2026-06-02 21:37:32,971 - Step 00194: 326.9253 E_h, exp. variance=2389098.5000 E_h^2, pmove=0.95
2026-06-02 21:37:33,531 - Step 00195: 1825.4777 E_h, exp. variance=2203804.5000 E_h^2, pmove=0.95
2026-06-02 21:37:34,090 - Step 00196: 793.6697 E_h, exp. variance=1993654.5000 E_h^2, pmove=0.95
2026-06-02 21:37:34,649 - Step 00197: 3845.6343 E_h, exp. variance=2474184.0000 E_h^2, pmove=0.95
2026-06-02 21:37:35,209 - Step 00198: 666.9277 E_h, exp. variance=2271502.0000 E_h^2, pmove=0.95
2026-06-02 21:37:35,768 - Step 00199: 1783.6693 E_h, exp. variance=2065279.2500 E_h^2, pmove=0.96
2026-06-02 21:37:36,327 - Step 00200: 177.4763 E_h, exp. variance=1982416.6250 E_h^2, pmove=0.95
2026-06-02 21:37:36,887 - Step 00201: 789.1392 E_h, exp. variance=1801862.8750 E_h^2, pmove=0.95
2026-06-02 21:37:37,446 - Step 00202: 754.0836 E_h, exp. variance=1638632.0000 E_h^2, pmove=0.95
2026-06-02 21:37:38,007 - Step 00203: 559.2435 E_h, exp. variance=1505619.5000 E_h^2, pmove=0.96
2026-06-02 21:37:38,566 - Step 00204: 1632.6777 E_h, exp. variance=1381937.3750 E_h^2, pmove=0.96
2026-06-02 21:37:39,126 - Step 00205: 3212.5076 E_h, exp. variance=1630011.7500 E_h^2, pmove=0.96
2026-06-02 21:37:39,686 - Step 00206: 278.8594 E_h, exp. variance=1569884.7500 E_h^2, pmove=0.96
2026-06-02 21:37:40,246 - Step 00207: 616.5371 E_h, exp. variance=1448001.1250 E_h^2, pmove=0.96
2026-06-02 21:37:40,805 - Step 00208: 445.7985 E_h, exp. variance=1351534.2500 E_h^2, pmove=0.96
2026-06-02 21:37:41,366 - Step 00209: 382.0903 E_h, exp. variance=1263459.3750 E_h^2, pmove=0.96
2026-06-02 21:37:41,926 - Step 00210: 7285.0981 E_h, exp. variance=4655079.5000 E_h^2, pmove=0.96
2026-06-02 21:37:42,486 - Step 00211: 476.1384 E_h, exp. variance=4315331.0000 E_h^2, pmove=0.96
2026-06-02 21:37:43,046 - Step 00212: 893.8899 E_h, exp. variance=3921371.0000 E_h^2, pmove=0.96
2026-06-02 21:37:43,607 - Step 00213: 424.1736 E_h, exp. variance=3628691.5000 E_h^2, pmove=0.97
2026-06-02 21:37:44,167 - Step 00214: 968.0340 E_h, exp. variance=3280384.5000 E_h^2, pmove=0.97
2026-06-02 21:37:44,727 - Step 00215: 1518.0428 E_h, exp. variance=2955526.5000 E_h^2, pmove=0.97
2026-06-02 21:37:45,287 - Step 00216: 232.9966 E_h, exp. variance=2772036.5000 E_h^2, pmove=0.97
2026-06-02 21:37:45,847 - Step 00217: 939.6400 E_h, exp. variance=2502805.2500 E_h^2, pmove=0.97
2026-06-02 21:37:46,407 - Step 00218: 576.5226 E_h, exp. variance=2288357.2500 E_h^2, pmove=0.97
2026-06-02 21:37:46,967 - Step 00219: 747.0653 E_h, exp. variance=2073730.8750 E_h^2, pmove=0.97
2026-06-02 21:37:47,528 - Step 00220: 250.2081 E_h, exp. variance=1932067.7500 E_h^2, pmove=0.97
2026-06-02 21:37:48,089 - Step 00221: 7002.8643 E_h, exp. variance=4961213.0000 E_h^2, pmove=0.97
2026-06-02 21:37:48,649 - Step 00222: 2752.2490 E_h, exp. variance=4580962.0000 E_h^2, pmove=0.97
2026-06-02 21:37:49,210 - Step 00223: 4902.4131 E_h, exp. variance=5028040.5000 E_h^2, pmove=0.97
2026-06-02 21:37:49,770 - Step 00224: 328.3662 E_h, exp. variance=4791438.5000 E_h^2, pmove=0.97
2026-06-02 21:37:50,330 - Step 00225: 203.0114 E_h, exp. variance=4564258.0000 E_h^2, pmove=0.98
2026-06-02 21:37:50,890 - Step 00226: 1402.7094 E_h, exp. variance=4116269.2500 E_h^2, pmove=0.97
2026-06-02 21:37:51,450 - Step 00227: 1223.0905 E_h, exp. variance=3723289.2500 E_h^2, pmove=0.98
2026-06-02 21:37:52,009 - Step 00228: 2403.5508 E_h, exp. variance=3404431.7500 E_h^2, pmove=0.98
2026-06-02 21:37:52,568 - Step 00229: 388.9463 E_h, exp. variance=3221015.2500 E_h^2, pmove=0.98
2026-06-02 21:37:53,128 - Step 00230: 2172.5334 E_h, exp. variance=2930753.2500 E_h^2, pmove=0.98
2026-06-02 21:37:53,687 - Step 00231: 526.8845 E_h, exp. variance=2748634.5000 E_h^2, pmove=0.98
2026-06-02 21:37:54,247 - Step 00232: 666.7813 E_h, exp. variance=2540243.5000 E_h^2, pmove=0.98
2026-06-02 21:37:54,806 - Step 00233: 1202.8486 E_h, exp. variance=2291291.5000 E_h^2, pmove=0.98
2026-06-02 21:37:55,366 - Step 00234: 691.6346 E_h, exp. variance=2109452.0000 E_h^2, pmove=0.98
2026-06-02 21:37:55,926 - Step 00235: 606.6125 E_h, exp. variance=1947446.2500 E_h^2, pmove=0.98
2026-06-02 21:37:56,485 - Step 00236: 714.9646 E_h, exp. variance=1780455.5000 E_h^2, pmove=0.98
2026-06-02 21:37:57,045 - Step 00237: 580.7328 E_h, exp. variance=1638587.7500 E_h^2, pmove=0.98
2026-06-02 21:37:57,604 - Step 00238: 4000.0220 E_h, exp. variance=2205074.2500 E_h^2, pmove=0.98
2026-06-02 21:37:58,164 - Step 00239: 1043.1027 E_h, exp. variance=1998475.1250 E_h^2, pmove=0.98
2026-06-02 21:37:58,723 - Step 00240: 6667.4570 E_h, exp. variance=4298713.5000 E_h^2, pmove=0.98
2026-06-02 21:37:59,284 - Step 00241: 286.5181 E_h, exp. variance=4110151.5000 E_h^2, pmove=0.98
2026-06-02 21:37:59,843 - Step 00242: 211.5394 E_h, exp. variance=3914991.7500 E_h^2, pmove=0.98
2026-06-02 21:38:00,403 - Step 00243: 1490.8379 E_h, exp. variance=3524672.5000 E_h^2, pmove=0.98
2026-06-02 21:38:00,963 - Step 00244: 212.7490 E_h, exp. variance=3343886.2500 E_h^2, pmove=0.97
2026-06-02 21:38:01,524 - Step 00245: 699.7223 E_h, exp. variance=3060943.7500 E_h^2, pmove=0.97
2026-06-02 21:38:02,083 - Step 00246: 518.5929 E_h, exp. variance=2821658.5000 E_h^2, pmove=0.97
2026-06-02 21:38:02,643 - Step 00247: 382.3019 E_h, exp. variance=2614302.7500 E_h^2, pmove=0.97
2026-06-02 21:38:03,202 - Step 00248: 822.8021 E_h, exp. variance=2365871.2500 E_h^2, pmove=0.98
2026-06-02 21:38:03,763 - Step 00249: 990.4344 E_h, exp. variance=2132021.7500 E_h^2, pmove=0.98
2026-06-02 21:38:04,322 - Step 00250: 3458.5530 E_h, exp. variance=2399547.7500 E_h^2, pmove=0.98
2026-06-02 21:38:04,881 - Step 00251: 746.4247 E_h, exp. variance=2195551.5000 E_h^2, pmove=0.97
2026-06-02 21:38:05,441 - Step 00252: 682.6702 E_h, exp. variance=2012017.0000 E_h^2, pmove=0.97
2026-06-02 21:38:06,000 - Step 00253: 985.7675 E_h, exp. variance=1817196.5000 E_h^2, pmove=0.97
2026-06-02 21:38:06,560 - Step 00254: 613.4633 E_h, exp. variance=1669180.6250 E_h^2, pmove=0.97
2026-06-02 21:38:07,119 - Step 00255: 366.7239 E_h, exp. variance=1559502.6250 E_h^2, pmove=0.97
2026-06-02 21:38:07,679 - Step 00256: 591.4270 E_h, exp. variance=1425430.6250 E_h^2, pmove=0.97
2026-06-02 21:38:08,239 - Step 00257: 9328.2822 E_h, exp. variance=7472705.5000 E_h^2, pmove=0.97
2026-06-02 21:38:08,799 - Step 00258: 505.9703 E_h, exp. variance=6891534.0000 E_h^2, pmove=0.97
2026-06-02 21:38:09,360 - Step 00259: 1784.5502 E_h, exp. variance=6202661.5000 E_h^2, pmove=0.97
2026-06-02 21:38:09,920 - Step 00260: 871.9456 E_h, exp. variance=5649311.5000 E_h^2, pmove=0.96
2026-06-02 21:38:10,480 - Step 00261: 355.1162 E_h, exp. variance=5234818.0000 E_h^2, pmove=0.95
2026-06-02 21:38:11,040 - Step 00262: 408.1257 E_h, exp. variance=4822340.5000 E_h^2, pmove=0.94
2026-06-02 21:38:11,599 - Step 00263: 1088.9210 E_h, exp. variance=4349249.0000 E_h^2, pmove=0.94
2026-06-02 21:38:12,159 - Step 00264: 566.0323 E_h, exp. variance=3973335.2500 E_h^2, pmove=0.94
2026-06-02 21:38:12,718 - Step 00265: 1389.4204 E_h, exp. variance=3576807.2500 E_h^2, pmove=0.93
2026-06-02 21:38:13,277 - Step 00266: 199.9192 E_h, exp. variance=3328888.0000 E_h^2, pmove=0.93
2026-06-02 21:38:13,839 - Step 00267: 1103.2482 E_h, exp. variance=2996737.5000 E_h^2, pmove=0.93
2026-06-02 21:38:14,400 - Step 00268: 390.0540 E_h, exp. variance=2753905.2500 E_h^2, pmove=0.93
2026-06-02 21:38:14,960 - Step 00269: 1425.4009 E_h, exp. variance=2487736.5000 E_h^2, pmove=0.93
2026-06-02 21:38:15,520 - Step 00270: 1139.4534 E_h, exp. variance=2238963.2500 E_h^2, pmove=0.92
2026-06-02 21:38:16,079 - Step 00271: 638.2952 E_h, exp. variance=2037497.3750 E_h^2, pmove=0.92
2026-06-02 21:38:16,639 - Step 00272: 268.6432 E_h, exp. variance=1894109.7500 E_h^2, pmove=0.92
2026-06-02 21:38:17,199 - Step 00273: 419.1617 E_h, exp. variance=1735661.6250 E_h^2, pmove=0.92
2026-06-02 21:38:17,759 - Step 00274: 1894.0977 E_h, exp. variance=1642816.2500 E_h^2, pmove=0.92
2026-06-02 21:38:18,319 - Step 00275: 294.9226 E_h, exp. variance=1528732.8750 E_h^2, pmove=0.92
2026-06-02 21:38:18,879 - Step 00276: 6564.4014 E_h, exp. variance=4195568.5000 E_h^2, pmove=0.92
2026-06-02 21:38:19,439 - Step 00277: 179.5710 E_h, exp. variance=3939365.2500 E_h^2, pmove=0.92
2026-06-02 21:38:19,999 - Step 00278: 665.0499 E_h, exp. variance=3593000.5000 E_h^2, pmove=0.92
2026-06-02 21:38:20,559 - Step 00279: 1008.8979 E_h, exp. variance=3242376.2500 E_h^2, pmove=0.92
2026-06-02 21:38:21,119 - Step 00280: 3205.3340 E_h, exp. variance=3248879.7500 E_h^2, pmove=0.92
2026-06-02 21:38:21,679 - Step 00281: 364.3255 E_h, exp. variance=3036023.5000 E_h^2, pmove=0.93
2026-06-02 21:38:22,239 - Step 00282: 1206.3572 E_h, exp. variance=2734786.0000 E_h^2, pmove=0.93
2026-06-02 21:38:22,799 - Step 00283: 814.7954 E_h, exp. variance=2487304.5000 E_h^2, pmove=0.94
2026-06-02 21:38:23,359 - Step 00284: 415.0770 E_h, exp. variance=2308813.7500 E_h^2, pmove=0.94
2026-06-02 21:38:23,920 - Step 00285: 556.4410 E_h, exp. variance=2116393.7500 E_h^2, pmove=0.94
2026-06-02 21:38:24,480 - Step 00286: 425.8099 E_h, exp. variance=1951278.2500 E_h^2, pmove=0.94
2026-06-02 21:38:25,040 - Step 00287: 7166.2417 E_h, exp. variance=5097753.5000 E_h^2, pmove=0.94
2026-06-02 21:38:25,600 - Step 00288: 1898.5616 E_h, exp. variance=4592190.0000 E_h^2, pmove=0.95
2026-06-02 21:38:26,161 - Step 00289: 500.9572 E_h, exp. variance=4263198.5000 E_h^2, pmove=0.95
2026-06-02 21:38:26,721 - Step 00290: 774.5463 E_h, exp. variance=3895785.2500 E_h^2, pmove=0.95
2026-06-02 21:38:27,281 - Step 00291: 698.6833 E_h, exp. variance=3564381.7500 E_h^2, pmove=0.95
2026-06-02 21:38:27,842 - Step 00292: 976.5060 E_h, exp. variance=3225827.0000 E_h^2, pmove=0.95
2026-06-02 21:38:28,401 - Step 00293: 3626.2639 E_h, exp. variance=3358290.7500 E_h^2, pmove=0.95
2026-06-02 21:38:28,961 - Step 00294: 386.7693 E_h, exp. variance=3155492.5000 E_h^2, pmove=0.95
2026-06-02 21:38:29,522 - Step 00295: 785.0877 E_h, exp. variance=2883526.0000 E_h^2, pmove=0.96
2026-06-02 21:38:30,081 - Step 00296: 432.1070 E_h, exp. variance=2681481.7500 E_h^2, pmove=0.96
2026-06-02 21:38:30,642 - Step 00297: 2274.7815 E_h, exp. variance=2496506.7500 E_h^2, pmove=0.96
2026-06-02 21:38:31,202 - Step 00298: 476.9337 E_h, exp. variance=2325142.0000 E_h^2, pmove=0.96
2026-06-02 21:38:31,763 - Step 00299: 523.4750 E_h, exp. variance=2149202.5000 E_h^2, pmove=0.96
2026-06-02 21:38:32,323 - Step 00300: 964.5952 E_h, exp. variance=1940962.5000 E_h^2, pmove=0.96
2026-06-02 21:38:32,882 - Step 00301: 6731.7534 E_h, exp. variance=4491149.5000 E_h^2, pmove=0.96
2026-06-02 21:38:33,443 - Step 00302: 641.3765 E_h, exp. variance=4155054.2500 E_h^2, pmove=0.96
2026-06-02 21:38:34,003 - Step 00303: 2427.9531 E_h, exp. variance=3794027.7500 E_h^2, pmove=0.96
2026-06-02 21:38:34,562 - Step 00304: 1346.6780 E_h, exp. variance=3427693.0000 E_h^2, pmove=0.97
2026-06-02 21:38:35,122 - Step 00305: 2340.0298 E_h, exp. variance=3122995.7500 E_h^2, pmove=0.97
2026-06-02 21:38:35,682 - Step 00306: 338.3885 E_h, exp. variance=2991222.0000 E_h^2, pmove=0.97
2026-06-02 21:38:36,241 - Step 00307: 365.5135 E_h, exp. variance=2832168.2500 E_h^2, pmove=0.97
2026-06-02 21:38:36,801 - Step 00308: 5346.5029 E_h, exp. variance=3888677.2500 E_h^2, pmove=0.97
2026-06-02 21:38:37,360 - Step 00309: 476.7447 E_h, exp. variance=3675545.5000 E_h^2, pmove=0.97
2026-06-02 21:38:37,920 - Step 00310: 1558.5171 E_h, exp. variance=3310774.0000 E_h^2, pmove=0.97
2026-06-02 21:38:38,480 - Step 00311: 830.0510 E_h, exp. variance=3050463.2500 E_h^2, pmove=0.97
2026-06-02 21:38:39,039 - Step 00312: 287.2204 E_h, exp. variance=2907236.0000 E_h^2, pmove=0.97
2026-06-02 21:38:39,599 - Step 00313: 4673.5254 E_h, exp. variance=3526343.5000 E_h^2, pmove=0.97
2026-06-02 21:38:40,159 - Step 00314: 1609.7792 E_h, exp. variance=3177388.5000 E_h^2, pmove=0.98
2026-06-02 21:38:40,720 - Step 00315: 4380.3887 E_h, exp. variance=3462742.2500 E_h^2, pmove=0.98
2026-06-02 21:38:41,279 - Step 00316: 295.5177 E_h, exp. variance=3393701.7500 E_h^2, pmove=0.97
2026-06-02 21:38:41,840 - Step 00317: 833.0906 E_h, exp. variance=3152053.5000 E_h^2, pmove=0.98
2026-06-02 21:38:42,400 - Step 00318: 844.4180 E_h, exp. variance=2914102.2500 E_h^2, pmove=0.98
2026-06-02 21:38:42,961 - Step 00319: 1354.6868 E_h, exp. variance=2632114.7500 E_h^2, pmove=0.98
2026-06-02 21:38:43,521 - Step 00320: 1827.7794 E_h, exp. variance=2371880.5000 E_h^2, pmove=0.98
2026-06-02 21:38:44,081 - Step 00321: 3062.2437 E_h, exp. variance=2310628.0000 E_h^2, pmove=0.97
2026-06-02 21:38:44,641 - Step 00322: 741.1637 E_h, exp. variance=2181212.5000 E_h^2, pmove=0.98
2026-06-02 21:38:45,201 - Step 00323: 435.1062 E_h, exp. variance=2106548.0000 E_h^2, pmove=0.97
2026-06-02 21:38:45,762 - Step 00324: 4689.7954 E_h, exp. variance=2771101.0000 E_h^2, pmove=0.97
2026-06-02 21:38:46,322 - Step 00325: 619.4721 E_h, exp. variance=2637725.7500 E_h^2, pmove=0.98
2026-06-02 21:38:46,883 - Step 00326: 1666.2531 E_h, exp. variance=2374691.7500 E_h^2, pmove=0.98
2026-06-02 21:38:47,442 - Step 00327: 549.0786 E_h, exp. variance=2266543.2500 E_h^2, pmove=0.98
2026-06-02 21:38:48,001 - Step 00328: 1209.0427 E_h, exp. variance=2055679.6250 E_h^2, pmove=0.98
2026-06-02 21:38:48,561 - Step 00329: 825.5923 E_h, exp. variance=1902155.1250 E_h^2, pmove=0.98
2026-06-02 21:38:49,120 - Step 00330: 946.8317 E_h, exp. variance=1740482.1250 E_h^2, pmove=0.98
2026-06-02 21:38:49,680 - Step 00331: 515.9418 E_h, exp. variance=1645573.6250 E_h^2, pmove=0.98
2026-06-02 21:38:50,239 - Step 00332: 3902.1431 E_h, exp. variance=2062688.1250 E_h^2, pmove=0.98
2026-06-02 21:38:50,799 - Step 00333: 414.5141 E_h, exp. variance=1985934.3750 E_h^2, pmove=0.98
2026-06-02 21:38:51,360 - Step 00334: 395.6830 E_h, exp. variance=1895939.5000 E_h^2, pmove=0.98
2026-06-02 21:38:51,920 - Step 00335: 4287.9170 E_h, exp. variance=2465128.2500 E_h^2, pmove=0.98
2026-06-02 21:38:52,479 - Step 00336: 473.0975 E_h, exp. variance=2348555.7500 E_h^2, pmove=0.98
2026-06-02 21:38:53,039 - Step 00337: 572.5244 E_h, exp. variance=2200487.5000 E_h^2, pmove=0.98
2026-06-02 21:38:53,599 - Step 00338: 224.0858 E_h, exp. variance=2117094.0000 E_h^2, pmove=0.98
2026-06-02 21:38:54,159 - Step 00339: 1944.5891 E_h, exp. variance=1939038.0000 E_h^2, pmove=0.98
2026-06-02 21:38:54,718 - Step 00340: 659.8959 E_h, exp. variance=1793668.0000 E_h^2, pmove=0.98
2026-06-02 21:38:55,277 - Step 00341: 1014.7788 E_h, exp. variance=1622730.0000 E_h^2, pmove=0.98
2026-06-02 21:38:55,836 - Step 00342: 2273.8269 E_h, exp. variance=1547533.1250 E_h^2, pmove=0.98
2026-06-02 21:38:56,396 - Step 00343: 700.7604 E_h, exp. variance=1435356.8750 E_h^2, pmove=0.98
2026-06-02 21:38:56,955 - Step 00344: 2026.5767 E_h, exp. variance=1336780.8750 E_h^2, pmove=0.98
2026-06-02 21:38:57,515 - Step 00345: 1270.6490 E_h, exp. variance=1204394.8750 E_h^2, pmove=0.98
2026-06-02 21:38:58,075 - Step 00346: 4618.9136 E_h, exp. variance=2028990.1250 E_h^2, pmove=0.98
2026-06-02 21:38:58,634 - Step 00347: 308.8054 E_h, exp. variance=2000912.3750 E_h^2, pmove=0.98
2026-06-02 21:38:59,193 - Step 00348: 1056.9756 E_h, exp. variance=1823880.6250 E_h^2, pmove=0.98
2026-06-02 21:38:59,752 - Step 00349: 988.3511 E_h, exp. variance=1666221.8750 E_h^2, pmove=0.98
2026-06-02 21:39:00,311 - Step 00350: 3567.6755 E_h, exp. variance=1899361.5000 E_h^2, pmove=0.99
2026-06-02 21:39:00,871 - Step 00351: 353.1079 E_h, exp. variance=1865711.0000 E_h^2, pmove=0.98
2026-06-02 21:39:01,430 - Step 00352: 447.3945 E_h, exp. variance=1786403.2500 E_h^2, pmove=0.98
2026-06-02 21:39:01,989 - Step 00353: 795.7156 E_h, exp. variance=1643963.0000 E_h^2, pmove=0.98
2026-06-02 21:39:02,549 - Step 00354: 535.0325 E_h, exp. variance=1541787.8750 E_h^2, pmove=0.98
2026-06-02 21:39:03,109 - Step 00355: 3473.0374 E_h, exp. variance=1819131.5000 E_h^2, pmove=0.98
2026-06-02 21:39:03,668 - Step 00356: 200.2435 E_h, exp. variance=1789806.1250 E_h^2, pmove=0.98
2026-06-02 21:39:04,228 - Step 00357: 2616.8052 E_h, exp. variance=1750257.6250 E_h^2, pmove=0.99
2026-06-02 21:39:04,788 - Step 00358: 482.1216 E_h, exp. variance=1667854.3750 E_h^2, pmove=0.99
2026-06-02 21:39:05,348 - Step 00359: 358.4819 E_h, exp. variance=1597788.3750 E_h^2, pmove=0.99
2026-06-02 21:39:05,907 - Step 00360: 6014.5254 E_h, exp. variance=3445658.5000 E_h^2, pmove=0.99
2026-06-02 21:39:06,467 - Step 00361: 1185.9803 E_h, exp. variance=3131139.2500 E_h^2, pmove=0.99
2026-06-02 21:39:07,027 - Step 00362: 997.6468 E_h, exp. variance=2863184.0000 E_h^2, pmove=0.99
2026-06-02 21:39:07,588 - Step 00363: 280.8558 E_h, exp. variance=2741939.2500 E_h^2, pmove=0.99
2026-06-02 21:39:08,148 - Step 00364: 378.2803 E_h, exp. variance=2580934.5000 E_h^2, pmove=0.99
2026-06-02 21:39:08,708 - Step 00365: 591.5330 E_h, exp. variance=2379874.5000 E_h^2, pmove=0.99
2026-06-02 21:39:09,267 - Step 00366: 2379.5845 E_h, exp. variance=2245236.7500 E_h^2, pmove=0.99
2026-06-02 21:39:09,828 - Step 00367: 1157.1558 E_h, exp. variance=2026703.2500 E_h^2, pmove=0.99
2026-06-02 21:39:10,388 - Step 00368: 431.2810 E_h, exp. variance=1906642.5000 E_h^2, pmove=0.99
2026-06-02 21:39:10,949 - Step 00369: 199.4443 E_h, exp. variance=1823711.7500 E_h^2, pmove=0.99
2026-06-02 21:39:11,509 - Step 00370: 2813.5269 E_h, exp. variance=1880285.0000 E_h^2, pmove=0.99
2026-06-02 21:39:12,069 - Step 00371: 643.0549 E_h, exp. variance=1736863.6250 E_h^2, pmove=0.99
2026-06-02 21:39:12,630 - Step 00372: 742.6663 E_h, exp. variance=1588841.2500 E_h^2, pmove=0.99
2026-06-02 21:39:13,191 - Step 00373: 471.1490 E_h, exp. variance=1480868.3750 E_h^2, pmove=0.99
2026-06-02 21:39:13,751 - Step 00374: 3133.7512 E_h, exp. variance=1687650.5000 E_h^2, pmove=0.99
2026-06-02 21:39:14,311 - Step 00375: 758.0583 E_h, exp. variance=1550062.2500 E_h^2, pmove=0.99
2026-06-02 21:39:14,871 - Step 00376: 506.1244 E_h, exp. variance=1450043.0000 E_h^2, pmove=0.99
2026-06-02 21:39:15,432 - Step 00377: 967.7437 E_h, exp. variance=1310303.3750 E_h^2, pmove=0.99
2026-06-02 21:39:15,993 - Step 00378: 1050.0828 E_h, exp. variance=1180921.3750 E_h^2, pmove=0.99
2026-06-02 21:39:16,554 - Step 00379: 473.3871 E_h, exp. variance=1106740.1250 E_h^2, pmove=0.99
2026-06-02 21:39:17,114 - Step 00380: 680.7382 E_h, exp. variance=1012040.3125 E_h^2, pmove=0.99
2026-06-02 21:39:17,675 - Step 00381: 546.5594 E_h, exp. variance=934553.3750 E_h^2, pmove=0.99
2026-06-02 21:39:18,236 - Step 00382: 4996.3452 E_h, exp. variance=2272309.2500 E_h^2, pmove=0.99
2026-06-02 21:39:18,795 - Step 00383: 10456.0205 E_h, exp. variance=9414142.0000 E_h^2, pmove=0.99
2026-06-02 21:39:19,354 - Step 00384: 1210.0282 E_h, exp. variance=8582061.0000 E_h^2, pmove=0.99
2026-06-02 21:39:19,914 - Step 00385: 499.4037 E_h, exp. variance=7984748.5000 E_h^2, pmove=0.99
2026-06-02 21:39:20,473 - Step 00386: 6697.7856 E_h, exp. variance=9145754.0000 E_h^2, pmove=0.99
2026-06-02 21:39:21,035 - Step 00387: 993.5933 E_h, exp. variance=8434963.0000 E_h^2, pmove=0.99
2026-06-02 21:39:21,594 - Step 00388: 536.2078 E_h, exp. variance=7886856.5000 E_h^2, pmove=0.99
2026-06-02 21:39:22,153 - Step 00389: 500.0946 E_h, exp. variance=7348152.5000 E_h^2, pmove=0.99
2026-06-02 21:39:22,713 - Step 00390: 4379.6846 E_h, exp. variance=7122980.5000 E_h^2, pmove=0.99
2026-06-02 21:39:23,274 - Step 00391: 11201.7256 E_h, exp. variance=13642029.0000 E_h^2, pmove=0.99
2026-06-02 21:39:23,835 - Step 00392: 1548.0813 E_h, exp. variance=12504295.0000 E_h^2, pmove=0.99
2026-06-02 21:39:24,395 - Step 00393: 1083.2345 E_h, exp. variance=11576209.0000 E_h^2, pmove=0.99
2026-06-02 21:39:24,955 - Step 00394: 346.3007 E_h, exp. variance=10954497.0000 E_h^2, pmove=0.99
2026-06-02 21:39:25,515 - Step 00395: 365.3506 E_h, exp. variance=10285636.0000 E_h^2, pmove=0.99
2026-06-02 21:39:26,074 - Step 00396: 2557.5562 E_h, exp. variance=9261949.0000 E_h^2, pmove=0.99
2026-06-02 21:39:26,634 - Step 00397: 393.3814 E_h, exp. variance=8679617.0000 E_h^2, pmove=0.99
2026-06-02 21:39:27,193 - Step 00398: 413.4395 E_h, exp. variance=8083869.0000 E_h^2, pmove=0.99
2026-06-02 21:39:27,752 - Step 00399: 3495.8718 E_h, exp. variance=7482654.5000 E_h^2, pmove=0.99
2026-06-02 21:39:28,311 - Step 00400: 650.3625 E_h, exp. variance=6931530.5000 E_h^2, pmove=0.99
2026-06-02 21:39:28,870 - Step 00401: 2072.7710 E_h, exp. variance=6239112.5000 E_h^2, pmove=0.99
2026-06-02 21:39:29,429 - Step 00402: 614.9087 E_h, exp. variance=5785731.5000 E_h^2, pmove=0.99
2026-06-02 21:39:29,988 - Step 00403: 3329.4951 E_h, exp. variance=5403157.0000 E_h^2, pmove=0.99
2026-06-02 21:39:30,547 - Step 00404: 1897.9846 E_h, exp. variance=4863803.0000 E_h^2, pmove=0.99
2026-06-02 21:39:31,106 - Step 00405: 399.8970 E_h, exp. variance=4605269.5000 E_h^2, pmove=0.99
2026-06-02 21:39:31,666 - Step 00406: 1350.7451 E_h, exp. variance=4165578.0000 E_h^2, pmove=0.99
2026-06-02 21:39:32,225 - Step 00407: 717.6843 E_h, exp. variance=3851310.5000 E_h^2, pmove=0.99
2026-06-02 21:39:32,784 - Step 00408: 244.0556 E_h, exp. variance=3651023.2500 E_h^2, pmove=0.99
2026-06-02 21:39:33,343 - Step 00409: 562.3602 E_h, exp. variance=3370863.7500 E_h^2, pmove=0.99
2026-06-02 21:39:33,902 - Step 00410: 240.4614 E_h, exp. variance=3162568.2500 E_h^2, pmove=0.99
2026-06-02 21:39:34,461 - Step 00411: 1086.7775 E_h, exp. variance=2851085.2500 E_h^2, pmove=0.99
2026-06-02 21:39:35,020 - Step 00412: 671.8810 E_h, exp. variance=2600815.7500 E_h^2, pmove=0.99
2026-06-02 21:39:35,579 - Step 00413: 775.3033 E_h, exp. variance=2359492.2500 E_h^2, pmove=0.99
2026-06-02 21:39:36,140 - Step 00414: 485.3282 E_h, exp. variance=2167750.7500 E_h^2, pmove=0.99
2026-06-02 21:39:36,699 - Step 00415: 1138.8792 E_h, exp. variance=1951022.3750 E_h^2, pmove=0.99
2026-06-02 21:39:37,258 - Step 00416: 1631.7228 E_h, exp. variance=1779637.3750 E_h^2, pmove=0.99
2026-06-02 21:39:37,817 - Step 00417: 654.8137 E_h, exp. variance=1625534.2500 E_h^2, pmove=0.99
2026-06-02 21:39:38,376 - Step 00418: 1446.6874 E_h, exp. variance=1472690.8750 E_h^2, pmove=0.99
2026-06-02 21:39:38,935 - Step 00419: 444.4995 E_h, exp. variance=1370353.2500 E_h^2, pmove=0.99
2026-06-02 21:39:39,495 - Step 00420: 408.4986 E_h, exp. variance=1273949.8750 E_h^2, pmove=0.99
2026-06-02 21:39:40,055 - Step 00421: 533.9442 E_h, exp. variance=1167228.2500 E_h^2, pmove=0.99
2026-06-02 21:39:40,614 - Step 00422: 398.0007 E_h, exp. variance=1079469.2500 E_h^2, pmove=0.99
2026-06-02 21:39:41,174 - Step 00423: 718.6188 E_h, exp. variance=974769.3750 E_h^2, pmove=0.99
2026-06-02 21:39:41,733 - Step 00424: 395.7393 E_h, exp. variance=899240.5000 E_h^2, pmove=0.99
2026-06-02 21:39:42,292 - Step 00425: 1313.3788 E_h, exp. variance=829468.5000 E_h^2, pmove=0.98
2026-06-02 21:39:42,852 - Step 00426: 10387.5654 E_h, exp. variance=8869125.0000 E_h^2, pmove=0.99
2026-06-02 21:39:43,411 - Step 00427: 630.8549 E_h, exp. variance=8113254.0000 E_h^2, pmove=0.99
2026-06-02 21:39:43,971 - Step 00428: 519.3189 E_h, exp. variance=7430994.5000 E_h^2, pmove=0.99
2026-06-02 21:39:44,530 - Step 00429: 978.2448 E_h, exp. variance=6722362.5000 E_h^2, pmove=0.99
2026-06-02 21:39:45,089 - Step 00430: 631.9561 E_h, exp. variance=6123554.0000 E_h^2, pmove=0.99
2026-06-02 21:39:45,649 - Step 00431: 1400.1373 E_h, exp. variance=5511378.5000 E_h^2, pmove=0.99
2026-06-02 21:39:46,208 - Step 00432: 220.8461 E_h, exp. variance=5094100.0000 E_h^2, pmove=0.99
2026-06-02 21:39:46,767 - Step 00433: 246.8513 E_h, exp. variance=4688039.5000 E_h^2, pmove=0.99
2026-06-02 21:39:47,327 - Step 00434: 612.0421 E_h, exp. variance=4251554.5000 E_h^2, pmove=0.99
2026-06-02 21:39:47,886 - Step 00435: 2824.9719 E_h, exp. variance=4078485.0000 E_h^2, pmove=0.99
2026-06-02 21:39:48,446 - Step 00436: 581.7518 E_h, exp. variance=3719518.2500 E_h^2, pmove=0.99
2026-06-02 21:39:49,006 - Step 00437: 257.0958 E_h, exp. variance=3435407.5000 E_h^2, pmove=0.99
2026-06-02 21:39:49,566 - Step 00438: 3186.5190 E_h, exp. variance=3466514.5000 E_h^2, pmove=0.99
2026-06-02 21:39:50,126 - Step 00439: 1717.2273 E_h, exp. variance=3131982.5000 E_h^2, pmove=0.99
2026-06-02 21:39:50,686 - Step 00440: 643.9587 E_h, exp. variance=2868469.0000 E_h^2, pmove=0.99
2026-06-02 21:39:51,246 - Step 00441: 787.8691 E_h, exp. variance=2606408.7500 E_h^2, pmove=0.99
2026-06-02 21:39:51,806 - Step 00442: 344.3226 E_h, exp. variance=2421259.5000 E_h^2, pmove=0.99
2026-06-02 21:39:52,366 - Step 00443: 738.2167 E_h, exp. variance=2195803.7500 E_h^2, pmove=0.99
2026-06-02 21:39:52,926 - Step 00444: 1984.3562 E_h, exp. variance=2042601.5000 E_h^2, pmove=0.99
2026-06-02 21:39:53,485 - Step 00445: 279.8117 E_h, exp. variance=1916454.7500 E_h^2, pmove=0.99
2026-06-02 21:39:54,045 - Step 00446: 598.6015 E_h, exp. variance=1749114.7500 E_h^2, pmove=0.99
2026-06-02 21:39:54,605 - Step 00447: 3340.3911 E_h, exp. variance=2039634.1250 E_h^2, pmove=0.99
2026-06-02 21:39:55,165 - Step 00448: 405.9605 E_h, exp. variance=1906600.5000 E_h^2, pmove=0.99
2026-06-02 21:39:55,724 - Step 00449: 180.9003 E_h, exp. variance=1810319.7500 E_h^2, pmove=0.99
2026-06-02 21:39:56,283 - Step 00450: 708.5930 E_h, exp. variance=1643255.0000 E_h^2, pmove=0.99
2026-06-02 21:39:56,842 - Step 00451: 903.9028 E_h, exp. variance=1481211.6250 E_h^2, pmove=0.99
2026-06-02 21:39:57,401 - Step 00452: 463.1820 E_h, exp. variance=1363789.3750 E_h^2, pmove=0.99
2026-06-02 21:39:57,960 - Step 00453: 1009.4765 E_h, exp. variance=1227448.8750 E_h^2, pmove=0.99
2026-06-02 21:39:58,520 - Step 00454: 1008.7397 E_h, exp. variance=1104732.6250 E_h^2, pmove=0.99
2026-06-02 21:39:59,079 - Step 00455: 713.5446 E_h, exp. variance=1001271.1250 E_h^2, pmove=0.99
2026-06-02 21:39:59,639 - Step 00456: 3304.2878 E_h, exp. variance=1393751.5000 E_h^2, pmove=0.99
2026-06-02 21:40:00,199 - Step 00457: 1521.4727 E_h, exp. variance=1263752.2500 E_h^2, pmove=0.99
2026-06-02 21:40:00,759 - Step 00458: 521.6927 E_h, exp. variance=1182655.5000 E_h^2, pmove=0.99
2026-06-02 21:40:01,318 - Step 00459: 1013.4166 E_h, exp. variance=1066325.1250 E_h^2, pmove=0.99
2026-06-02 21:40:01,877 - Step 00460: 1262.7142 E_h, exp. variance=960931.4375 E_h^2, pmove=0.99
2026-06-02 21:40:02,437 - Step 00461: 422.7937 E_h, exp. variance=913369.9375 E_h^2, pmove=0.99
2026-06-02 21:40:02,997 - Step 00462: 555.6559 E_h, exp. variance=847126.7500 E_h^2, pmove=0.99
2026-06-02 21:40:03,556 - Step 00463: 467.1547 E_h, exp. variance=791015.5625 E_h^2, pmove=0.98
2026-06-02 21:40:04,116 - Step 00464: 450.2501 E_h, exp. variance=736650.6875 E_h^2, pmove=0.99
2026-06-02 21:40:04,676 - Step 00465: 3112.2068 E_h, exp. variance=1094681.6250 E_h^2, pmove=0.99
2026-06-02 21:40:05,235 - Step 00466: 306.6836 E_h, exp. variance=1047875.9375 E_h^2, pmove=0.99
2026-06-02 21:40:05,795 - Step 00467: 847.1400 E_h, exp. variance=947076.9375 E_h^2, pmove=0.98
2026-06-02 21:40:06,355 - Step 00468: 1106.7402 E_h, exp. variance=852811.9375 E_h^2, pmove=0.98
2026-06-02 21:40:06,914 - Step 00469: 350.4427 E_h, exp. variance=810775.1875 E_h^2, pmove=0.98
2026-06-02 21:40:07,474 - Step 00470: 503.4301 E_h, exp. variance=749652.4375 E_h^2, pmove=0.98
2026-06-02 21:40:08,034 - Step 00471: 449.9919 E_h, exp. variance=695183.8750 E_h^2, pmove=0.98
2026-06-02 21:40:08,594 - Step 00472: 4259.8936 E_h, exp. variance=1654105.6250 E_h^2, pmove=0.98
2026-06-02 21:40:09,154 - Step 00473: 1374.5298 E_h, exp. variance=1490913.3750 E_h^2, pmove=0.98
2026-06-02 21:40:09,713 - Step 00474: 5320.7686 E_h, exp. variance=2845537.7500 E_h^2, pmove=0.98
2026-06-02 21:40:10,273 - Step 00475: 936.2689 E_h, exp. variance=2605807.2500 E_h^2, pmove=0.98
2026-06-02 21:40:10,833 - Step 00476: 498.8145 E_h, exp. variance=2448768.7500 E_h^2, pmove=0.98
2026-06-02 21:40:11,394 - Step 00477: 437.3895 E_h, exp. variance=2298773.7500 E_h^2, pmove=0.98
2026-06-02 21:40:11,955 - Step 00478: 259.9868 E_h, exp. variance=2178091.7500 E_h^2, pmove=0.98
2026-06-02 21:40:12,515 - Step 00479: 1222.0662 E_h, exp. variance=1960359.7500 E_h^2, pmove=0.98
2026-06-02 21:40:13,075 - Step 00480: 866.0637 E_h, exp. variance=1777480.1250 E_h^2, pmove=0.98
2026-06-02 21:40:13,635 - Step 00481: 2641.2178 E_h, exp. variance=1784043.2500 E_h^2, pmove=0.98
2026-06-02 21:40:14,196 - Step 00482: 853.5251 E_h, exp. variance=1628116.2500 E_h^2, pmove=0.98
2026-06-02 21:40:14,756 - Step 00483: 512.9601 E_h, exp. variance=1521521.7500 E_h^2, pmove=0.98
2026-06-02 21:40:15,316 - Step 00484: 441.3657 E_h, exp. variance=1424533.3750 E_h^2, pmove=0.98
2026-06-02 21:40:15,876 - Step 00485: 1171.7406 E_h, exp. variance=1282139.7500 E_h^2, pmove=0.98
2026-06-02 21:40:16,436 - Step 00486: 365.2234 E_h, exp. variance=1209150.0000 E_h^2, pmove=0.98
2026-06-02 21:40:16,996 - Step 00487: 2522.9773 E_h, exp. variance=1278180.6250 E_h^2, pmove=0.98
2026-06-02 21:40:17,557 - Step 00488: 726.7738 E_h, exp. variance=1171858.7500 E_h^2, pmove=0.98
2026-06-02 21:40:18,117 - Step 00489: 185.8167 E_h, exp. variance=1141251.0000 E_h^2, pmove=0.98
2026-06-02 21:40:18,677 - Step 00490: 188.7824 E_h, exp. variance=1096783.7500 E_h^2, pmove=0.98
2026-06-02 21:40:19,237 - Step 00491: 197.0319 E_h, exp. variance=1042358.6250 E_h^2, pmove=0.98
2026-06-02 21:40:19,796 - Step 00492: 2273.4485 E_h, exp. variance=1107348.7500 E_h^2, pmove=0.97
2026-06-02 21:40:20,356 - Step 00493: 336.3530 E_h, exp. variance=1041090.5000 E_h^2, pmove=0.97
2026-06-02 21:40:20,916 - Step 00494: 887.6904 E_h, exp. variance=937577.0000 E_h^2, pmove=0.97
2026-06-02 21:40:21,477 - Step 00495: 443.8086 E_h, exp. variance=867884.1250 E_h^2, pmove=0.97
2026-06-02 21:40:22,037 - Step 00496: 749.2753 E_h, exp. variance=783397.3125 E_h^2, pmove=0.97
2026-06-02 21:40:22,599 - Step 00497: 517.5770 E_h, exp. variance=717756.0000 E_h^2, pmove=0.97
2026-06-02 21:40:23,160 - Step 00498: 4700.8525 E_h, exp. variance=1976690.2500 E_h^2, pmove=0.97
2026-06-02 21:40:23,720 - Step 00499: 1572.2998 E_h, exp. variance=1788949.6250 E_h^2, pmove=0.97
2026-06-02 21:40:23,720 - Switching optimizer from Adam to KFAC at step 500.
2026-06-02 21:40:23,720 - Unregularized parameters masking info (for curvature calculations and L2 regularization)
2026-06-02 21:40:23,721 -   Not masking out (DictKey(key='embed'), DictKey(key='b'))
2026-06-02 21:40:23,721 -   Not masking out (DictKey(key='embed'), DictKey(key='w'))
2026-06-02 21:40:23,721 -   Not masking out (DictKey(key='phi'), SequenceKey(idx=0), SequenceKey(idx=0), DictKey(key='b'))
2026-06-02 21:40:23,721 -   Not masking out (DictKey(key='phi'), SequenceKey(idx=0), SequenceKey(idx=0), DictKey(key='w'))
2026-06-02 21:40:23,721 -   Not masking out (DictKey(key='phi'), SequenceKey(idx=0), SequenceKey(idx=1), DictKey(key='b'))
2026-06-02 21:40:23,721 -   Not masking out (DictKey(key='phi'), SequenceKey(idx=0), SequenceKey(idx=1), DictKey(key='w'))
2026-06-02 21:40:23,721 -   Not masking out (DictKey(key='phi'), SequenceKey(idx=1), SequenceKey(idx=0), DictKey(key='b'))
2026-06-02 21:40:23,721 -   Not masking out (DictKey(key='phi'), SequenceKey(idx=1), SequenceKey(idx=0), DictKey(key='w'))
2026-06-02 21:40:23,721 -   Not masking out (DictKey(key='phi'), SequenceKey(idx=1), SequenceKey(idx=1), DictKey(key='b'))
2026-06-02 21:40:23,721 -   Not masking out (DictKey(key='phi'), SequenceKey(idx=1), SequenceKey(idx=1), DictKey(key='w'))
2026-06-02 21:40:23,721 -   Not masking out (DictKey(key='phi'), SequenceKey(idx=2), SequenceKey(idx=0), DictKey(key='b'))
2026-06-02 21:40:23,721 -   Not masking out (DictKey(key='phi'), SequenceKey(idx=2), SequenceKey(idx=0), DictKey(key='w'))
2026-06-02 21:40:23,721 -   Not masking out (DictKey(key='phi'), SequenceKey(idx=2), SequenceKey(idx=1), DictKey(key='b'))
2026-06-02 21:40:23,721 -   Not masking out (DictKey(key='phi'), SequenceKey(idx=2), SequenceKey(idx=1), DictKey(key='w'))
2026-06-02 21:40:23,721 -   Not masking out (DictKey(key='rho'), SequenceKey(idx=0), DictKey(key='b'))
2026-06-02 21:40:23,721 -   Not masking out (DictKey(key='rho'), SequenceKey(idx=0), DictKey(key='w'))
2026-06-02 21:40:23,721 -   Not masking out (DictKey(key='rho'), SequenceKey(idx=1), DictKey(key='b'))
2026-06-02 21:40:23,721 -   Not masking out (DictKey(key='rho'), SequenceKey(idx=1), DictKey(key='w'))
2026-06-02 21:40:23,721 -   Not masking out (DictKey(key='transformer'), SequenceKey(idx=0), DictKey(key='attn_ln'), DictKey(key='offset'))
2026-06-02 21:40:23,721 -   Not masking out (DictKey(key='transformer'), SequenceKey(idx=0), DictKey(key='attn_ln'), DictKey(key='scale'))
2026-06-02 21:40:23,721 -   Not masking out (DictKey(key='transformer'), SequenceKey(idx=0), DictKey(key='ff1'), DictKey(key='b'))
2026-06-02 21:40:23,721 -   Not masking out (DictKey(key='transformer'), SequenceKey(idx=0), DictKey(key='ff1'), DictKey(key='w'))
2026-06-02 21:40:23,721 -   Not masking out (DictKey(key='transformer'), SequenceKey(idx=0), DictKey(key='ff2'), DictKey(key='b'))
2026-06-02 21:40:23,721 -   Not masking out (DictKey(key='transformer'), SequenceKey(idx=0), DictKey(key='ff2'), DictKey(key='w'))
2026-06-02 21:40:23,721 -   Not masking out (DictKey(key='transformer'), SequenceKey(idx=0), DictKey(key='ff_ln'), DictKey(key='offset'))
2026-06-02 21:40:23,721 -   Not masking out (DictKey(key='transformer'), SequenceKey(idx=0), DictKey(key='ff_ln'), DictKey(key='scale'))
2026-06-02 21:40:23,721 -   Not masking out (DictKey(key='transformer'), SequenceKey(idx=0), DictKey(key='k_w'))
2026-06-02 21:40:23,721 -   Not masking out (DictKey(key='transformer'), SequenceKey(idx=0), DictKey(key='out_w'))
2026-06-02 21:40:23,721 -   Not masking out (DictKey(key='transformer'), SequenceKey(idx=0), DictKey(key='q_w'))
2026-06-02 21:40:23,721 -   Not masking out (DictKey(key='transformer'), SequenceKey(idx=0), DictKey(key='v_w'))
2026-06-02 21:40:23,721 -   Not masking out (DictKey(key='transformer'), SequenceKey(idx=1), DictKey(key='attn_ln'), DictKey(key='offset'))
2026-06-02 21:40:23,721 -   Not masking out (DictKey(key='transformer'), SequenceKey(idx=1), DictKey(key='attn_ln'), DictKey(key='scale'))
2026-06-02 21:40:23,722 -   Not masking out (DictKey(key='transformer'), SequenceKey(idx=1), DictKey(key='ff1'), DictKey(key='b'))
2026-06-02 21:40:23,722 -   Not masking out (DictKey(key='transformer'), SequenceKey(idx=1), DictKey(key='ff1'), DictKey(key='w'))
2026-06-02 21:40:23,722 -   Not masking out (DictKey(key='transformer'), SequenceKey(idx=1), DictKey(key='ff2'), DictKey(key='b'))
2026-06-02 21:40:23,722 -   Not masking out (DictKey(key='transformer'), SequenceKey(idx=1), DictKey(key='ff2'), DictKey(key='w'))
2026-06-02 21:40:23,722 -   Not masking out (DictKey(key='transformer'), SequenceKey(idx=1), DictKey(key='ff_ln'), DictKey(key='offset'))
2026-06-02 21:40:23,722 -   Not masking out (DictKey(key='transformer'), SequenceKey(idx=1), DictKey(key='ff_ln'), DictKey(key='scale'))
2026-06-02 21:40:23,722 -   Not masking out (DictKey(key='transformer'), SequenceKey(idx=1), DictKey(key='k_w'))
2026-06-02 21:40:23,722 -   Not masking out (DictKey(key='transformer'), SequenceKey(idx=1), DictKey(key='out_w'))
2026-06-02 21:40:23,722 -   Not masking out (DictKey(key='transformer'), SequenceKey(idx=1), DictKey(key='q_w'))
2026-06-02 21:40:23,722 -   Not masking out (DictKey(key='transformer'), SequenceKey(idx=1), DictKey(key='v_w'))
2026-06-02 21:40:23,722 -   Not masking out (DictKey(key='transformer'), SequenceKey(idx=2), DictKey(key='attn_ln'), DictKey(key='offset'))
2026-06-02 21:40:23,722 -   Not masking out (DictKey(key='transformer'), SequenceKey(idx=2), DictKey(key='attn_ln'), DictKey(key='scale'))
2026-06-02 21:40:23,722 -   Not masking out (DictKey(key='transformer'), SequenceKey(idx=2), DictKey(key='ff1'), DictKey(key='b'))
2026-06-02 21:40:23,722 -   Not masking out (DictKey(key='transformer'), SequenceKey(idx=2), DictKey(key='ff1'), DictKey(key='w'))
2026-06-02 21:40:23,722 -   Not masking out (DictKey(key='transformer'), SequenceKey(idx=2), DictKey(key='ff2'), DictKey(key='b'))
2026-06-02 21:40:23,722 -   Not masking out (DictKey(key='transformer'), SequenceKey(idx=2), DictKey(key='ff2'), DictKey(key='w'))
2026-06-02 21:40:23,722 -   Not masking out (DictKey(key='transformer'), SequenceKey(idx=2), DictKey(key='ff_ln'), DictKey(key='offset'))
2026-06-02 21:40:23,722 -   Not masking out (DictKey(key='transformer'), SequenceKey(idx=2), DictKey(key='ff_ln'), DictKey(key='scale'))
2026-06-02 21:40:23,722 -   Not masking out (DictKey(key='transformer'), SequenceKey(idx=2), DictKey(key='k_w'))
2026-06-02 21:40:23,722 -   Not masking out (DictKey(key='transformer'), SequenceKey(idx=2), DictKey(key='out_w'))
2026-06-02 21:40:23,722 -   Not masking out (DictKey(key='transformer'), SequenceKey(idx=2), DictKey(key='q_w'))
2026-06-02 21:40:23,722 -   Not masking out (DictKey(key='transformer'), SequenceKey(idx=2), DictKey(key='v_w'))
2026-06-02 21:40:25,632 - ==================================================
2026-06-02 21:40:25,632 - Graph parameter registrations:
2026-06-02 21:40:25,633 - {'embed': {'b': 'Auto[tag_variant=repeated_dense(0)|match_type=repeated_dense1_with_bias]',
2026-06-02 21:40:25,633 -            'w': 'Auto[tag_variant=repeated_dense(0)|match_type=repeated_dense1_with_bias]'},
2026-06-02 21:40:25,633 -  'ln': [],
2026-06-02 21:40:25,633 -  'phi': [[{'b': 'Auto[generic(0)]', 'w': 'Auto[generic(1)]'},
2026-06-02 21:40:25,633 -           {'b': 'Auto[generic(2)]', 'w': 'Auto[generic(3)]'}],
2026-06-02 21:40:25,633 -          [{'b': 'Auto[generic(4)]', 'w': 'Auto[generic(5)]'},
2026-06-02 21:40:25,634 -           {'b': 'Auto[generic(6)]', 'w': 'Auto[generic(7)]'}],
2026-06-02 21:40:25,634 -          [{'b': 'Auto[generic(8)]', 'w': 'Auto[generic(9)]'},
2026-06-02 21:40:25,634 -           {'b': 'Auto[generic(10)]', 'w': 'Auto[generic(11)]'}]],
2026-06-02 21:40:25,634 -  'rho': [{'b': 'Auto[tag_variant=dense(0)|match_type=dense_with_bias_no_reshape]',
2026-06-02 21:40:25,634 -           'w': 'Auto[tag_variant=dense(0)|match_type=dense_with_bias_no_reshape]'},
2026-06-02 21:40:25,634 -          {'b': 'Auto[tag_variant=dense(1)|match_type=dense_with_bias_no_reshape]',
2026-06-02 21:40:25,634 -           'w': 'Auto[tag_variant=dense(1)|match_type=dense_with_bias_no_reshape]'}],
2026-06-02 21:40:25,634 -  'transformer': [{'attn_ln': {'offset': 'Auto[tag_variant=scale_and_shift(0)|match_type=normalization_haiku_broadcast_1]',
2026-06-02 21:40:25,634 -                               'scale': 'Auto[tag_variant=scale_and_shift(0)|match_type=normalization_haiku_broadcast_1]'},
2026-06-02 21:40:25,634 -                   'ff1': {'b': 'Auto[tag_variant=repeated_dense(5)|match_type=repeated_dense1_with_bias]',
2026-06-02 21:40:25,634 -                           'w': 'Auto[tag_variant=repeated_dense(5)|match_type=repeated_dense1_with_bias]'},
2026-06-02 21:40:25,634 -                   'ff2': {'b': 'Auto[tag_variant=repeated_dense(6)|match_type=repeated_dense1_with_bias]',
2026-06-02 21:40:25,634 -                           'w': 'Auto[tag_variant=repeated_dense(6)|match_type=repeated_dense1_with_bias]'},
2026-06-02 21:40:25,634 -                   'ff_ln': {'offset': 'Auto[tag_variant=scale_and_shift(1)|match_type=normalization_haiku_broadcast_1]',
2026-06-02 21:40:25,634 -                             'scale': 'Auto[tag_variant=scale_and_shift(1)|match_type=normalization_haiku_broadcast_1]'},
2026-06-02 21:40:25,634 -                   'k_w': 'Auto[tag_variant=repeated_dense(2)|match_type=repeated_dense1_no_bias]',
2026-06-02 21:40:25,634 -                   'out_w': 'Auto[tag_variant=repeated_dense(4)|match_type=repeated_dense1_no_bias]',
2026-06-02 21:40:25,634 -                   'q_w': 'Auto[tag_variant=repeated_dense(1)|match_type=repeated_dense1_no_bias]',
2026-06-02 21:40:25,634 -                   'v_w': 'Auto[tag_variant=repeated_dense(3)|match_type=repeated_dense1_no_bias]'},
2026-06-02 21:40:25,634 -                  {'attn_ln': {'offset': 'Auto[tag_variant=scale_and_shift(2)|match_type=normalization_haiku_broadcast_1]',
2026-06-02 21:40:25,634 -                               'scale': 'Auto[tag_variant=scale_and_shift(2)|match_type=normalization_haiku_broadcast_1]'},
2026-06-02 21:40:25,634 -                   'ff1': {'b': 'Auto[tag_variant=repeated_dense(11)|match_type=repeated_dense1_with_bias]',
2026-06-02 21:40:25,634 -                           'w': 'Auto[tag_variant=repeated_dense(11)|match_type=repeated_dense1_with_bias]'},
2026-06-02 21:40:25,634 -                   'ff2': {'b': 'Auto[tag_variant=repeated_dense(12)|match_type=repeated_dense1_with_bias]',
2026-06-02 21:40:25,634 -                           'w': 'Auto[tag_variant=repeated_dense(12)|match_type=repeated_dense1_with_bias]'},
2026-06-02 21:40:25,634 -                   'ff_ln': {'offset': 'Auto[tag_variant=scale_and_shift(3)|match_type=normalization_haiku_broadcast_1]',
2026-06-02 21:40:25,634 -                             'scale': 'Auto[tag_variant=scale_and_shift(3)|match_type=normalization_haiku_broadcast_1]'},
2026-06-02 21:40:25,634 -                   'k_w': 'Auto[tag_variant=repeated_dense(8)|match_type=repeated_dense1_no_bias]',
2026-06-02 21:40:25,634 -                   'out_w': 'Auto[tag_variant=repeated_dense(10)|match_type=repeated_dense1_no_bias]',
2026-06-02 21:40:25,634 -                   'q_w': 'Auto[tag_variant=repeated_dense(7)|match_type=repeated_dense1_no_bias]',
2026-06-02 21:40:25,634 -                   'v_w': 'Auto[tag_variant=repeated_dense(9)|match_type=repeated_dense1_no_bias]'},
2026-06-02 21:40:25,634 -                  {'attn_ln': {'offset': 'Auto[tag_variant=scale_and_shift(4)|match_type=normalization_haiku_broadcast_1]',
2026-06-02 21:40:25,634 -                               'scale': 'Auto[tag_variant=scale_and_shift(4)|match_type=normalization_haiku_broadcast_1]'},
2026-06-02 21:40:25,634 -                   'ff1': {'b': 'Auto[tag_variant=repeated_dense(17)|match_type=repeated_dense1_with_bias]',
2026-06-02 21:40:25,634 -                           'w': 'Auto[tag_variant=repeated_dense(17)|match_type=repeated_dense1_with_bias]'},
2026-06-02 21:40:25,634 -                   'ff2': {'b': 'Auto[tag_variant=repeated_dense(18)|match_type=repeated_dense1_with_bias]',
2026-06-02 21:40:25,634 -                           'w': 'Auto[tag_variant=repeated_dense(18)|match_type=repeated_dense1_with_bias]'},
2026-06-02 21:40:25,634 -                   'ff_ln': {'offset': 'Auto[tag_variant=scale_and_shift(5)|match_type=normalization_haiku_broadcast_1]',
2026-06-02 21:40:25,634 -                             'scale': 'Auto[tag_variant=scale_and_shift(5)|match_type=normalization_haiku_broadcast_1]'},
2026-06-02 21:40:25,634 -                   'k_w': 'Auto[tag_variant=repeated_dense(14)|match_type=repeated_dense1_no_bias]',
2026-06-02 21:40:25,634 -                   'out_w': 'Auto[tag_variant=repeated_dense(16)|match_type=repeated_dense1_no_bias]',
2026-06-02 21:40:25,634 -                   'q_w': 'Auto[tag_variant=repeated_dense(13)|match_type=repeated_dense1_no_bias]',
2026-06-02 21:40:25,634 -                   'v_w': 'Auto[tag_variant=repeated_dense(15)|match_type=repeated_dense1_no_bias]'}]}
2026-06-02 21:40:25,634 - ==================================================
2026-06-02 21:40:25,646 - Graph registered losses:
2026-06-02 21:40:25,646 - NormalMeanNegativeLogProbLoss(mean=Var(id=139967285094848):float32[2048,1], variance=Literal(0.5), weight=Literal(1.0), normalize_log_prob=Literal(True))
2026-06-02 21:40:25,647 - ==================================================
2026-06-02 21:40:25,648 - BlockDiagonalCurvature blocks:
2026-06-02 21:40:25,648 - RepeatedDenseBlock(parameter_specs=['ab -> (a)b', 'a -> 1a'], parameters_concat_axis=0), tag name: Auto[tag_variant=repeated_dense(0)|match_type=repeated_dense1_with_bias], params shapes: ((5, 64), (64,))
2026-06-02 21:40:25,648 - NaiveDiagonal, tag name: Auto[generic(0)], params shapes: ((64,),)
2026-06-02 21:40:25,649 - NaiveDiagonal, tag name: Auto[generic(1)], params shapes: ((64, 64),)
2026-06-02 21:40:25,649 - NaiveDiagonal, tag name: Auto[generic(2)], params shapes: ((64,),)
2026-06-02 21:40:25,649 - NaiveDiagonal, tag name: Auto[generic(3)], params shapes: ((64, 64),)
2026-06-02 21:40:25,649 - NaiveDiagonal, tag name: Auto[generic(4)], params shapes: ((64,),)
2026-06-02 21:40:25,649 - NaiveDiagonal, tag name: Auto[generic(5)], params shapes: ((64, 64),)
2026-06-02 21:40:25,649 - NaiveDiagonal, tag name: Auto[generic(6)], params shapes: ((64,),)
2026-06-02 21:40:25,649 - NaiveDiagonal, tag name: Auto[generic(7)], params shapes: ((64, 64),)
2026-06-02 21:40:25,649 - NaiveDiagonal, tag name: Auto[generic(8)], params shapes: ((64,),)
2026-06-02 21:40:25,649 - NaiveDiagonal, tag name: Auto[generic(9)], params shapes: ((64, 64),)
2026-06-02 21:40:25,649 - NaiveDiagonal, tag name: Auto[generic(10)], params shapes: ((64,),)
2026-06-02 21:40:25,649 - NaiveDiagonal, tag name: Auto[generic(11)], params shapes: ((64, 64),)
2026-06-02 21:40:25,649 - DenseTwoKroneckerFactored(parameter_specs=['ab -> (a)b', 'a -> 1a'], parameters_concat_axis=0), tag name: Auto[tag_variant=dense(0)|match_type=dense_with_bias_no_reshape], params shapes: ((64, 64), (64,))
2026-06-02 21:40:25,649 - DenseTwoKroneckerFactored(parameter_specs=['ab -> (a)b', 'a -> 1a'], parameters_concat_axis=0), tag name: Auto[tag_variant=dense(1)|match_type=dense_with_bias_no_reshape], params shapes: ((64, 1), (1,))
2026-06-02 21:40:25,650 - ScaleAndShiftDiagonal, tag name: Auto[tag_variant=scale_and_shift(0)|match_type=normalization_haiku_broadcast_1], params shapes: ((64,), (64,))
2026-06-02 21:40:25,650 - RepeatedDenseBlock(parameter_specs=['ab -> (a)b', 'a -> 1a'], parameters_concat_axis=0), tag name: Auto[tag_variant=repeated_dense(5)|match_type=repeated_dense1_with_bias], params shapes: ((64, 256), (256,))
2026-06-02 21:40:25,650 - RepeatedDenseBlock(parameter_specs=['ab -> (a)b', 'a -> 1a'], parameters_concat_axis=0), tag name: Auto[tag_variant=repeated_dense(6)|match_type=repeated_dense1_with_bias], params shapes: ((256, 64), (64,))
2026-06-02 21:40:25,650 - ScaleAndShiftDiagonal, tag name: Auto[tag_variant=scale_and_shift(1)|match_type=normalization_haiku_broadcast_1], params shapes: ((64,), (64,))
2026-06-02 21:40:25,650 - RepeatedDenseBlock(parameter_specs=['ab -> (a)b'], parameters_concat_axis=0), tag name: Auto[tag_variant=repeated_dense(2)|match_type=repeated_dense1_no_bias], params shapes: ((64, 64),)
2026-06-02 21:40:25,650 - RepeatedDenseBlock(parameter_specs=['ab -> (a)b'], parameters_concat_axis=0), tag name: Auto[tag_variant=repeated_dense(4)|match_type=repeated_dense1_no_bias], params shapes: ((64, 64),)
2026-06-02 21:40:25,650 - RepeatedDenseBlock(parameter_specs=['ab -> (a)b'], parameters_concat_axis=0), tag name: Auto[tag_variant=repeated_dense(1)|match_type=repeated_dense1_no_bias], params shapes: ((64, 64),)
2026-06-02 21:40:25,650 - RepeatedDenseBlock(parameter_specs=['ab -> (a)b'], parameters_concat_axis=0), tag name: Auto[tag_variant=repeated_dense(3)|match_type=repeated_dense1_no_bias], params shapes: ((64, 64),)
2026-06-02 21:40:25,650 - ScaleAndShiftDiagonal, tag name: Auto[tag_variant=scale_and_shift(2)|match_type=normalization_haiku_broadcast_1], params shapes: ((64,), (64,))
2026-06-02 21:40:25,651 - RepeatedDenseBlock(parameter_specs=['ab -> (a)b', 'a -> 1a'], parameters_concat_axis=0), tag name: Auto[tag_variant=repeated_dense(11)|match_type=repeated_dense1_with_bias], params shapes: ((64, 256), (256,))
2026-06-02 21:40:25,651 - RepeatedDenseBlock(parameter_specs=['ab -> (a)b', 'a -> 1a'], parameters_concat_axis=0), tag name: Auto[tag_variant=repeated_dense(12)|match_type=repeated_dense1_with_bias], params shapes: ((256, 64), (64,))
2026-06-02 21:40:25,651 - ScaleAndShiftDiagonal, tag name: Auto[tag_variant=scale_and_shift(3)|match_type=normalization_haiku_broadcast_1], params shapes: ((64,), (64,))
2026-06-02 21:40:25,651 - RepeatedDenseBlock(parameter_specs=['ab -> (a)b'], parameters_concat_axis=0), tag name: Auto[tag_variant=repeated_dense(8)|match_type=repeated_dense1_no_bias], params shapes: ((64, 64),)
2026-06-02 21:40:25,651 - RepeatedDenseBlock(parameter_specs=['ab -> (a)b'], parameters_concat_axis=0), tag name: Auto[tag_variant=repeated_dense(10)|match_type=repeated_dense1_no_bias], params shapes: ((64, 64),)
2026-06-02 21:40:25,651 - RepeatedDenseBlock(parameter_specs=['ab -> (a)b'], parameters_concat_axis=0), tag name: Auto[tag_variant=repeated_dense(7)|match_type=repeated_dense1_no_bias], params shapes: ((64, 64),)
2026-06-02 21:40:25,651 - RepeatedDenseBlock(parameter_specs=['ab -> (a)b'], parameters_concat_axis=0), tag name: Auto[tag_variant=repeated_dense(9)|match_type=repeated_dense1_no_bias], params shapes: ((64, 64),)
2026-06-02 21:40:25,651 - ScaleAndShiftDiagonal, tag name: Auto[tag_variant=scale_and_shift(4)|match_type=normalization_haiku_broadcast_1], params shapes: ((64,), (64,))
2026-06-02 21:40:25,651 - RepeatedDenseBlock(parameter_specs=['ab -> (a)b', 'a -> 1a'], parameters_concat_axis=0), tag name: Auto[tag_variant=repeated_dense(17)|match_type=repeated_dense1_with_bias], params shapes: ((64, 256), (256,))
2026-06-02 21:40:25,651 - RepeatedDenseBlock(parameter_specs=['ab -> (a)b', 'a -> 1a'], parameters_concat_axis=0), tag name: Auto[tag_variant=repeated_dense(18)|match_type=repeated_dense1_with_bias], params shapes: ((256, 64), (64,))
2026-06-02 21:40:25,652 - ScaleAndShiftDiagonal, tag name: Auto[tag_variant=scale_and_shift(5)|match_type=normalization_haiku_broadcast_1], params shapes: ((64,), (64,))
2026-06-02 21:40:25,652 - RepeatedDenseBlock(parameter_specs=['ab -> (a)b'], parameters_concat_axis=0), tag name: Auto[tag_variant=repeated_dense(14)|match_type=repeated_dense1_no_bias], params shapes: ((64, 64),)
2026-06-02 21:40:25,652 - RepeatedDenseBlock(parameter_specs=['ab -> (a)b'], parameters_concat_axis=0), tag name: Auto[tag_variant=repeated_dense(16)|match_type=repeated_dense1_no_bias], params shapes: ((64, 64),)
2026-06-02 21:40:25,652 - RepeatedDenseBlock(parameter_specs=['ab -> (a)b'], parameters_concat_axis=0), tag name: Auto[tag_variant=repeated_dense(13)|match_type=repeated_dense1_no_bias], params shapes: ((64, 64),)
2026-06-02 21:40:25,652 - RepeatedDenseBlock(parameter_specs=['ab -> (a)b'], parameters_concat_axis=0), tag name: Auto[tag_variant=repeated_dense(15)|match_type=repeated_dense1_no_bias], params shapes: ((64, 64),)
2026-06-02 21:40:25,652 - ==================================================
2026-06-02 21:40:37,857 - Step 00500: 603.1195 E_h, exp. variance=1650486.3750 E_h^2, pmove=0.97
2026-06-02 21:40:38,498 - Step 00501: 312.0056 E_h, exp. variance=1557424.2500 E_h^2, pmove=0.97
2026-06-02 21:40:39,137 - Step 00502: 449.8781 E_h, exp. variance=1441726.1250 E_h^2, pmove=0.96
2026-06-02 21:40:39,776 - Step 00503: 4880.4858 E_h, exp. variance=2617944.0000 E_h^2, pmove=0.92
2026-06-02 21:40:40,413 - Step 00504: 395.9761 E_h, exp. variance=2452981.7500 E_h^2, pmove=0.96
2026-06-02 21:40:41,051 - Step 00505: 3679.3513 E_h, exp. variance=2704640.2500 E_h^2, pmove=0.96
2026-06-02 21:40:41,690 - Step 00506: 345.0990 E_h, exp. variance=2567999.7500 E_h^2, pmove=0.97
2026-06-02 21:40:42,327 - Step 00507: 435.4590 E_h, exp. variance=2402481.7500 E_h^2, pmove=0.96
2026-06-02 21:40:42,969 - Step 00508: 8781.3193 E_h, exp. variance=7143351.0000 E_h^2, pmove=0.97
2026-06-02 21:40:43,610 - Step 00509: 261.2329 E_h, exp. variance=6728628.0000 E_h^2, pmove=0.98
2026-06-02 21:40:44,248 - Step 00510: 403.7272 E_h, exp. variance=6258159.5000 E_h^2, pmove=0.97
2026-06-02 21:40:44,887 - Step 00511: 279.5838 E_h, exp. variance=5827829.0000 E_h^2, pmove=0.96
2026-06-02 21:40:45,526 - Step 00512: 6670.5435 E_h, exp. variance=7553512.5000 E_h^2, pmove=0.96
2026-06-02 21:40:46,165 - Step 00513: 1315.6099 E_h, exp. variance=6855307.5000 E_h^2, pmove=0.96
2026-06-02 21:40:46,803 - Step 00514: 637.3902 E_h, exp. variance=6345014.0000 E_h^2, pmove=0.95
2026-06-02 21:40:47,441 - Step 00515: 328.3704 E_h, exp. variance=5930903.0000 E_h^2, pmove=0.93
2026-06-02 21:40:48,081 - Step 00516: 1052.8650 E_h, exp. variance=5379904.5000 E_h^2, pmove=0.90
2026-06-02 21:40:48,720 - Step 00517: 1471.4641 E_h, exp. variance=4845403.0000 E_h^2, pmove=0.93
2026-06-02 21:40:49,360 - Step 00518: 1765.3237 E_h, exp. variance=4362087.5000 E_h^2, pmove=0.94
2026-06-02 21:40:49,998 - Step 00519: 451.9175 E_h, exp. variance=4057302.5000 E_h^2, pmove=0.93
2026-06-02 21:40:50,637 - Step 00520: 442.7354 E_h, exp. variance=3759830.7500 E_h^2, pmove=0.91
2026-06-02 21:40:51,275 - Step 00521: 962.2299 E_h, exp. variance=3403525.0000 E_h^2, pmove=0.90
2026-06-02 21:40:51,914 - Step 00522: 454.1695 E_h, exp. variance=3140827.2500 E_h^2, pmove=0.91
2026-06-02 21:40:52,553 - Step 00523: 433.1326 E_h, exp. variance=2892850.2500 E_h^2, pmove=0.90
2026-06-02 21:40:53,191 - Step 00524: 6956.6284 E_h, exp. variance=5581430.0000 E_h^2, pmove=0.89
2026-06-02 21:40:53,829 - Step 00525: 704.7720 E_h, exp. variance=5127275.5000 E_h^2, pmove=0.88
2026-06-02 21:40:54,467 - Step 00526: 703.4731 E_h, exp. variance=4699005.0000 E_h^2, pmove=0.85
2026-06-02 21:40:55,106 - Step 00527: 1197.4865 E_h, exp. variance=4241952.5000 E_h^2, pmove=0.86
2026-06-02 21:40:55,748 - Step 00528: 938.2875 E_h, exp. variance=3850076.2500 E_h^2, pmove=0.88
2026-06-02 21:40:56,387 - Step 00529: 5641.9766 E_h, exp. variance=5025844.0000 E_h^2, pmove=0.88
2026-06-02 21:40:57,025 - Step 00530: 440.0682 E_h, exp. variance=4713524.5000 E_h^2, pmove=0.86
2026-06-02 21:40:57,664 - Step 00531: 333.7442 E_h, exp. variance=4422348.0000 E_h^2, pmove=0.89
2026-06-02 21:40:58,302 - Step 00532: 559.7925 E_h, exp. variance=4078840.7500 E_h^2, pmove=0.89
2026-06-02 21:40:58,941 - Step 00533: 2019.3843 E_h, exp. variance=3695009.0000 E_h^2, pmove=0.91
2026-06-02 21:40:59,579 - Step 00534: 1944.3440 E_h, exp. variance=3339212.7500 E_h^2, pmove=0.91
2026-06-02 21:41:00,218 - Step 00535: 425.6606 E_h, exp. variance=3127962.2500 E_h^2, pmove=0.89
2026-06-02 21:41:00,859 - Step 00536: 511.4996 E_h, exp. variance=2898957.7500 E_h^2, pmove=0.90
2026-06-02 21:41:01,498 - Step 00537: 6835.8623 E_h, exp. variance=5288135.5000 E_h^2, pmove=0.91
2026-06-02 21:41:02,138 - Step 00538: 741.0420 E_h, exp. variance=4885586.5000 E_h^2, pmove=0.92
2026-06-02 21:41:02,776 - Step 00539: 824.6239 E_h, exp. variance=4483893.0000 E_h^2, pmove=0.90
2026-06-02 21:41:03,415 - Step 00540: 1172.3696 E_h, exp. variance=4061403.0000 E_h^2, pmove=0.90
2026-06-02 21:41:04,054 - Step 00541: 178.1764 E_h, exp. variance=3851597.5000 E_h^2, pmove=0.89
2026-06-02 21:41:04,692 - Step 00542: 467.9934 E_h, exp. variance=3563683.2500 E_h^2, pmove=0.89
2026-06-02 21:41:05,331 - Step 00543: 192.2369 E_h, exp. variance=3339363.5000 E_h^2, pmove=0.88
2026-06-02 21:41:05,970 - Step 00544: 385.1052 E_h, exp. variance=3077888.0000 E_h^2, pmove=0.87
2026-06-02 21:41:06,609 - Step 00545: 343.0154 E_h, exp. variance=2835070.2500 E_h^2, pmove=0.89
2026-06-02 21:41:07,247 - Step 00546: 2373.5415 E_h, exp. variance=2695775.2500 E_h^2, pmove=0.89
2026-06-02 21:41:07,886 - Step 00547: 341.8172 E_h, exp. variance=2497882.2500 E_h^2, pmove=0.87
2026-06-02 21:41:08,524 - Step 00548: 9893.4512 E_h, exp. variance=9136223.0000 E_h^2, pmove=0.86
2026-06-02 21:41:09,163 - Step 00549: 381.3810 E_h, exp. variance=8464221.0000 E_h^2, pmove=0.85
2026-06-02 21:41:09,802 - Step 00550: 288.2795 E_h, exp. variance=7839004.5000 E_h^2, pmove=0.87
2026-06-02 21:41:10,442 - Step 00551: 349.0645 E_h, exp. variance=7219175.0000 E_h^2, pmove=0.86
2026-06-02 21:41:11,082 - Step 00552: 827.7805 E_h, exp. variance=6546070.0000 E_h^2, pmove=0.89
2026-06-02 21:41:11,721 - Step 00553: 226.9792 E_h, exp. variance=6035166.5000 E_h^2, pmove=0.87
2026-06-02 21:41:12,360 - Step 00554: 2747.8215 E_h, exp. variance=5603939.5000 E_h^2, pmove=0.87
2026-06-02 21:41:12,999 - Step 00555: 4034.5461 E_h, exp. variance=5620519.0000 E_h^2, pmove=0.86
2026-06-02 21:41:13,638 - Step 00556: 475.1905 E_h, exp. variance=5206060.0000 E_h^2, pmove=0.85
2026-06-02 21:41:14,277 - Step 00557: 306.8261 E_h, exp. variance=4842483.0000 E_h^2, pmove=0.87
2026-06-02 21:41:14,917 - Step 00558: 1925.7493 E_h, exp. variance=4374884.5000 E_h^2, pmove=0.85
2026-06-02 21:41:15,556 - Step 00559: 613.7508 E_h, exp. variance=4014384.7500 E_h^2, pmove=0.87
2026-06-02 21:41:16,194 - Step 00560: 243.0754 E_h, exp. variance=3743212.5000 E_h^2, pmove=0.85
2026-06-02 21:41:16,833 - Step 00561: 576.8062 E_h, exp. variance=3419387.0000 E_h^2, pmove=0.84
2026-06-02 21:41:17,471 - Step 00562: 1954.4388 E_h, exp. variance=3121989.7500 E_h^2, pmove=0.85
2026-06-02 21:41:18,111 - Step 00563: 393.7724 E_h, exp. variance=2887217.2500 E_h^2, pmove=0.88
2026-06-02 21:41:18,750 - Step 00564: 236.8184 E_h, exp. variance=2687011.7500 E_h^2, pmove=0.88
2026-06-02 21:41:19,388 - Step 00565: 607.1733 E_h, exp. variance=2442852.5000 E_h^2, pmove=0.88
2026-06-02 21:41:20,029 - Step 00566: 5303.8057 E_h, exp. variance=3806383.5000 E_h^2, pmove=0.88
2026-06-02 21:41:20,667 - Step 00567: 519.2036 E_h, exp. variance=3512289.0000 E_h^2, pmove=0.87
2026-06-02 21:41:21,306 - Step 00568: 482.5455 E_h, exp. variance=3237105.0000 E_h^2, pmove=0.85
2026-06-02 21:41:21,946 - Step 00569: 366.8215 E_h, exp. variance=2993428.7500 E_h^2, pmove=0.87
2026-06-02 21:41:22,585 - Step 00570: 5051.6982 E_h, exp. variance=4018541.2500 E_h^2, pmove=0.87
2026-06-02 21:41:23,225 - Step 00571: 690.5543 E_h, exp. variance=3690985.7500 E_h^2, pmove=0.87
2026-06-02 21:41:23,865 - Step 00572: 1272.9976 E_h, exp. variance=3326869.7500 E_h^2, pmove=0.84
2026-06-02 21:41:24,505 - Step 00573: 416.4435 E_h, exp. variance=3096899.7500 E_h^2, pmove=0.86
2026-06-02 21:41:25,147 - Step 00574: 5892.9019 E_h, exp. variance=4621858.5000 E_h^2, pmove=0.87
2026-06-02 21:41:25,788 - Step 00575: 7455.5845 E_h, exp. variance=7008502.5000 E_h^2, pmove=0.86
2026-06-02 21:41:26,436 - Step 00576: 966.5082 E_h, exp. variance=6490545.0000 E_h^2, pmove=0.86
2026-06-02 21:41:27,075 - Step 00577: 536.7546 E_h, exp. variance=6105501.5000 E_h^2, pmove=0.87
2026-06-02 21:41:27,714 - Step 00578: 363.8962 E_h, exp. variance=5759451.5000 E_h^2, pmove=0.86
2026-06-02 21:41:28,353 - Step 00579: 2161.7043 E_h, exp. variance=5189355.0000 E_h^2, pmove=0.85
2026-06-02 21:41:28,993 - Step 00580: 900.3070 E_h, exp. variance=4766266.0000 E_h^2, pmove=0.86
2026-06-02 21:41:29,632 - Step 00581: 183.6155 E_h, exp. variance=4533319.0000 E_h^2, pmove=0.85
2026-06-02 21:41:30,272 - Step 00582: 245.5255 E_h, exp. variance=4261209.0000 E_h^2, pmove=0.83
2026-06-02 21:41:30,912 - Step 00583: 409.9500 E_h, exp. variance=3946513.5000 E_h^2, pmove=0.84
2026-06-02 21:41:31,551 - Step 00584: 1627.1501 E_h, exp. variance=3556053.0000 E_h^2, pmove=0.83
2026-06-02 21:41:32,191 - Step 00585: 388.3622 E_h, exp. variance=3298651.0000 E_h^2, pmove=0.84
2026-06-02 21:41:32,830 - Step 00586: 228.7012 E_h, exp. variance=3077642.7500 E_h^2, pmove=0.84
2026-06-02 21:41:33,471 - Step 00587: 244.0908 E_h, exp. variance=2855332.0000 E_h^2, pmove=0.85
2026-06-02 21:41:34,111 - Step 00588: 279.2928 E_h, exp. variance=2633571.0000 E_h^2, pmove=0.83
2026-06-02 21:41:34,750 - Step 00589: 2150.1309 E_h, exp. variance=2481752.0000 E_h^2, pmove=0.83
2026-06-02 21:41:35,390 - Step 00590: 433.8918 E_h, exp. variance=2279499.5000 E_h^2, pmove=0.82
2026-06-02 21:41:36,031 - Step 00591: 604.9478 E_h, exp. variance=2071585.7500 E_h^2, pmove=0.82
2026-06-02 21:41:36,671 - Step 00592: 288.2689 E_h, exp. variance=1913888.0000 E_h^2, pmove=0.82
2026-06-02 21:41:37,311 - Step 00593: 2058.7107 E_h, exp. variance=1832043.1250 E_h^2, pmove=0.82
2026-06-02 21:41:37,949 - Step 00594: 226.6885 E_h, exp. variance=1712206.7500 E_h^2, pmove=0.81
2026-06-02 21:41:38,589 - Step 00595: 640.8419 E_h, exp. variance=1551453.6250 E_h^2, pmove=0.81
2026-06-02 21:41:39,228 - Step 00596: 2259.7917 E_h, exp. variance=1551233.2500 E_h^2, pmove=0.80
2026-06-02 21:41:39,874 - Step 00597: 359.8132 E_h, exp. variance=1442657.3750 E_h^2, pmove=0.79
2026-06-02 21:41:40,513 - Step 00598: 120.9984 E_h, exp. variance=1369051.0000 E_h^2, pmove=0.79
2026-06-02 21:41:41,155 - Step 00599: 1695.2047 E_h, exp. variance=1286446.7500 E_h^2, pmove=0.80
2026-06-02 21:41:41,795 - Step 00600: 542.0819 E_h, exp. variance=1176356.3750 E_h^2, pmove=0.79
2026-06-02 21:41:42,435 - Step 00601: 983.1812 E_h, exp. variance=1058815.5000 E_h^2, pmove=0.78
2026-06-02 21:41:43,331 - Step 00602: 493.4760 E_h, exp. variance=972018.8750 E_h^2, pmove=0.79
2026-06-02 21:41:43,970 - Step 00603: 2825.1494 E_h, exp. variance=1205635.8750 E_h^2, pmove=0.79
2026-06-02 21:41:44,609 - Step 00604: 417.8396 E_h, exp. variance=1126909.3750 E_h^2, pmove=0.79
2026-06-02 21:41:45,248 - Step 00605: 324.4148 E_h, exp. variance=1059211.0000 E_h^2, pmove=0.78
2026-06-02 21:41:45,892 - Step 00606: 197.5699 E_h, exp. variance=1005710.9375 E_h^2, pmove=0.77
2026-06-02 21:41:46,531 - Step 00607: 423.0670 E_h, exp. variance=924297.6250 E_h^2, pmove=0.78
2026-06-02 21:41:47,170 - Step 00608: 312.9268 E_h, exp. variance=856709.5625 E_h^2, pmove=0.76
2026-06-02 21:41:47,809 - Step 00609: 247.2852 E_h, exp. variance=797135.0000 E_h^2, pmove=0.79
2026-06-02 21:41:48,450 - Step 00610: 8234.7930 E_h, exp. variance=5783805.5000 E_h^2, pmove=0.79
2026-06-02 21:41:49,090 - Step 00611: 903.8602 E_h, exp. variance=5235528.0000 E_h^2, pmove=0.79
2026-06-02 21:41:49,730 - Step 00612: 645.4585 E_h, exp. variance=4766578.5000 E_h^2, pmove=0.78
2026-06-02 21:41:50,369 - Step 00613: 161.2722 E_h, exp. variance=4416345.0000 E_h^2, pmove=0.79
2026-06-02 21:41:51,011 - Step 00614: 157.7043 E_h, exp. variance=4077800.5000 E_h^2, pmove=0.78
2026-06-02 21:41:51,651 - Step 00615: 679.8188 E_h, exp. variance=3687532.7500 E_h^2, pmove=0.78
2026-06-02 21:41:52,291 - Step 00616: 625.2663 E_h, exp. variance=3337130.5000 E_h^2, pmove=0.79
2026-06-02 21:41:52,931 - Step 00617: 302.4383 E_h, exp. variance=3051277.0000 E_h^2, pmove=0.78
2026-06-02 21:41:53,570 - Step 00618: 404.0244 E_h, exp. variance=2773843.2500 E_h^2, pmove=0.78
2026-06-02 21:41:54,209 - Step 00619: 1271.5430 E_h, exp. variance=2508665.0000 E_h^2, pmove=0.80
2026-06-02 21:41:54,849 - Step 00620: 1478.8809 E_h, exp. variance=2283924.2500 E_h^2, pmove=0.77
2026-06-02 21:41:55,488 - Step 00621: 148.5266 E_h, exp. variance=2119862.5000 E_h^2, pmove=0.76
2026-06-02 21:41:56,131 - Step 00622: 1650.0526 E_h, exp. variance=1957243.0000 E_h^2, pmove=0.74
2026-06-02 21:41:56,771 - Step 00623: 1425.0767 E_h, exp. variance=1779068.2500 E_h^2, pmove=0.75
2026-06-02 21:41:57,411 - Step 00624: 474.9900 E_h, exp. variance=1628650.5000 E_h^2, pmove=0.77
2026-06-02 21:41:58,049 - Step 00625: 387.7727 E_h, exp. variance=1496544.8750 E_h^2, pmove=0.76
2026-06-02 21:41:58,688 - Step 00626: 2763.5649 E_h, exp. variance=1654795.5000 E_h^2, pmove=0.76
2026-06-02 21:41:59,327 - Step 00627: 545.1951 E_h, exp. variance=1516907.7500 E_h^2, pmove=0.75
2026-06-02 21:41:59,966 - Step 00628: 555.5362 E_h, exp. variance=1386648.3750 E_h^2, pmove=0.76
2026-06-02 21:42:00,606 - Step 00629: 278.7482 E_h, exp. variance=1294119.1250 E_h^2, pmove=0.76
2026-06-02 21:42:01,248 - Step 00630: 2868.5718 E_h, exp. variance=1505336.3750 E_h^2, pmove=0.75
2026-06-02 21:42:01,888 - Step 00631: 205.8003 E_h, exp. variance=1429638.0000 E_h^2, pmove=0.74
2026-06-02 21:42:02,528 - Step 00632: 255.8424 E_h, exp. variance=1340123.8750 E_h^2, pmove=0.75
2026-06-02 21:42:03,167 - Step 00633: 913.6666 E_h, exp. variance=1206226.5000 E_h^2, pmove=0.73
2026-06-02 21:42:03,806 - Step 00634: 862.6179 E_h, exp. variance=1086227.1250 E_h^2, pmove=0.74
2026-06-02 21:42:04,445 - Step 00635: 186.3804 E_h, exp. variance=1028383.3750 E_h^2, pmove=0.73
2026-06-02 21:42:05,085 - Step 00636: 248.6316 E_h, exp. variance=959449.6875 E_h^2, pmove=0.73
2026-06-02 21:42:05,729 - Step 00637: 369.3607 E_h, exp. variance=880275.0625 E_h^2, pmove=0.72
2026-06-02 21:42:06,372 - Step 00638: 1741.1550 E_h, exp. variance=879265.3750 E_h^2, pmove=0.73
2026-06-02 21:42:07,012 - Step 00639: 761.0151 E_h, exp. variance=792154.1250 E_h^2, pmove=0.71
2026-06-02 21:42:07,651 - Step 00640: 1045.7657 E_h, exp. variance=716506.0625 E_h^2, pmove=0.71
2026-06-02 21:42:08,292 - Step 00641: 454.7673 E_h, exp. variance=660118.6875 E_h^2, pmove=0.71
2026-06-02 21:42:08,932 - Step 00642: 715.8698 E_h, exp. variance=595186.5000 E_h^2, pmove=0.71
2026-06-02 21:42:09,572 - Step 00643: 419.9828 E_h, exp. variance=549672.1250 E_h^2, pmove=0.71
2026-06-02 21:42:10,212 - Step 00644: 684.6414 E_h, exp. variance=495439.7500 E_h^2, pmove=0.70
2026-06-02 21:42:10,855 - Step 00645: 374.9887 E_h, exp. variance=459653.4062 E_h^2, pmove=0.70
2026-06-02 21:42:11,494 - Step 00646: 386.8348 E_h, exp. variance=424094.0938 E_h^2, pmove=0.71
2026-06-02 21:42:12,135 - Step 00647: 1281.1663 E_h, exp. variance=412833.5625 E_h^2, pmove=0.71
2026-06-02 21:42:12,775 - Step 00648: 531.1677 E_h, exp. variance=375927.0938 E_h^2, pmove=0.70
2026-06-02 21:42:13,414 - Step 00649: 1014.8774 E_h, exp. variance=345656.6875 E_h^2, pmove=0.68
2026-06-02 21:42:14,054 - Step 00650: 1465.1886 E_h, exp. variance=356080.3438 E_h^2, pmove=0.68
2026-06-02 21:42:14,694 - Step 00651: 873.2375 E_h, exp. variance=320649.5000 E_h^2, pmove=0.68
2026-06-02 21:42:15,334 - Step 00652: 113.3120 E_h, exp. variance=335239.6250 E_h^2, pmove=0.69
2026-06-02 21:42:15,974 - Step 00653: 1244.9382 E_h, exp. variance=322766.7188 E_h^2, pmove=0.68
2026-06-02 21:42:16,616 - Step 00654: 127.7993 E_h, exp. variance=332335.1875 E_h^2, pmove=0.67
2026-06-02 21:42:17,256 - Step 00655: 522.4167 E_h, exp. variance=303420.7188 E_h^2, pmove=0.68
2026-06-02 21:42:17,896 - Step 00656: 708.5295 E_h, exp. variance=273089.5938 E_h^2, pmove=0.69
2026-06-02 21:42:18,541 - Step 00657: 132.2767 E_h, exp. variance=276706.7500 E_h^2, pmove=0.69
2026-06-02 21:42:19,181 - Step 00658: 453.0726 E_h, exp. variance=252884.2500 E_h^2, pmove=0.71
2026-06-02 21:42:19,821 - Step 00659: 4678.6992 E_h, exp. variance=1696194.8750 E_h^2, pmove=0.71
2026-06-02 21:42:20,461 - Step 00660: 1140.3889 E_h, exp. variance=1527426.7500 E_h^2, pmove=0.71
2026-06-02 21:42:21,102 - Step 00661: 311.4873 E_h, exp. variance=1424150.0000 E_h^2, pmove=0.70
2026-06-02 21:42:21,743 - Step 00662: 181.6976 E_h, exp. variance=1338906.5000 E_h^2, pmove=0.69
2026-06-02 21:42:22,382 - Step 00663: 163.1298 E_h, exp. variance=1253753.1250 E_h^2, pmove=0.70
2026-06-02 21:42:23,022 - Step 00664: 584.0669 E_h, exp. variance=1133620.6250 E_h^2, pmove=0.70
2026-06-02 21:42:23,662 - Step 00665: 831.3472 E_h, exp. variance=1020339.8750 E_h^2, pmove=0.70
2026-06-02 21:42:24,301 - Step 00666: 723.5154 E_h, exp. variance=918893.1875 E_h^2, pmove=0.70
2026-06-02 21:42:24,942 - Step 00667: 1671.6982 E_h, exp. variance=895985.8125 E_h^2, pmove=0.71
2026-06-02 21:42:25,582 - Step 00668: 231.6299 E_h, exp. variance=844662.4375 E_h^2, pmove=0.69
2026-06-02 21:42:26,221 - Step 00669: 1345.8298 E_h, exp. variance=785218.1250 E_h^2, pmove=0.70
2026-06-02 21:42:26,862 - Step 00670: 1445.2527 E_h, exp. variance=736346.3125 E_h^2, pmove=0.70
2026-06-02 21:42:27,502 - Step 00671: 171.5071 E_h, exp. variance=714309.2500 E_h^2, pmove=0.70
2026-06-02 21:42:28,142 - Step 00672: 178.5251 E_h, exp. variance=683815.9375 E_h^2, pmove=0.69
2026-06-02 21:42:28,781 - Step 00673: 261.3150 E_h, exp. variance=640165.1875 E_h^2, pmove=0.67
2026-06-02 21:42:29,421 - Step 00674: 335.8953 E_h, exp. variance=590347.8125 E_h^2, pmove=0.67
2026-06-02 21:42:30,061 - Step 00675: 1672.0354 E_h, exp. variance=617512.6250 E_h^2, pmove=0.67
2026-06-02 21:42:30,701 - Step 00676: 1205.4587 E_h, exp. variance=571203.1250 E_h^2, pmove=0.68
2026-06-02 21:42:31,343 - Step 00677: 113.4005 E_h, exp. variance=560643.3750 E_h^2, pmove=0.67
2026-06-02 21:42:31,983 - Step 00678: 131.8658 E_h, exp. variance=540172.2500 E_h^2, pmove=0.68
2026-06-02 21:42:32,623 - Step 00679: 207.4532 E_h, exp. variance=507799.0625 E_h^2, pmove=0.67
2026-06-02 21:42:33,263 - Step 00680: 446.8524 E_h, exp. variance=460690.0000 E_h^2, pmove=0.67
2026-06-02 21:42:33,903 - Step 00681: 223.8197 E_h, exp. variance=429368.3125 E_h^2, pmove=0.66
2026-06-02 21:42:34,544 - Step 00682: 324.3698 E_h, exp. variance=392692.9688 E_h^2, pmove=0.66
2026-06-02 21:42:35,185 - Step 00683: 177.9042 E_h, exp. variance=366684.6562 E_h^2, pmove=0.66
2026-06-02 21:42:35,826 - Step 00684: 383.3959 E_h, exp. variance=331779.6250 E_h^2, pmove=0.66
2026-06-02 21:42:36,466 - Step 00685: 250.5870 E_h, exp. variance=304629.0938 E_h^2, pmove=0.67
2026-06-02 21:42:37,107 - Step 00686: 344.7056 E_h, exp. variance=275899.8438 E_h^2, pmove=0.67
2026-06-02 21:42:37,748 - Step 00687: 119.9206 E_h, exp. variance=259315.7812 E_h^2, pmove=0.66
2026-06-02 21:42:38,389 - Step 00688: 401.7224 E_h, exp. variance=233481.7656 E_h^2, pmove=0.68
2026-06-02 21:42:39,028 - Step 00689: 151.6765 E_h, exp. variance=217173.4062 E_h^2, pmove=0.68
2026-06-02 21:42:39,668 - Step 00690: 143.0120 E_h, exp. variance=201557.6562 E_h^2, pmove=0.68
2026-06-02 21:42:40,308 - Step 00691: 127.9184 E_h, exp. variance=187001.3281 E_h^2, pmove=0.67
2026-06-02 21:42:40,949 - Step 00692: 836.9312 E_h, exp. variance=189429.9375 E_h^2, pmove=0.66
2026-06-02 21:42:41,590 - Step 00693: 438.0079 E_h, exp. variance=170611.1406 E_h^2, pmove=0.66
2026-06-02 21:42:42,230 - Step 00694: 459.1227 E_h, exp. variance=153817.8281 E_h^2, pmove=0.66
2026-06-02 21:42:42,871 - Step 00695: 398.6834 E_h, exp. variance=138447.6250 E_h^2, pmove=0.66
2026-06-02 21:42:43,511 - Step 00696: 6026.1401 E_h, exp. variance=2964413.2500 E_h^2, pmove=0.66
2026-06-02 21:42:44,151 - Step 00697: 249.3455 E_h, exp. variance=2714793.0000 E_h^2, pmove=0.65
2026-06-02 21:42:44,793 - Step 00698: 946.4629 E_h, exp. variance=2443520.7500 E_h^2, pmove=0.66
2026-06-02 21:42:45,435 - Step 00699: 194.6805 E_h, exp. variance=2244359.7500 E_h^2, pmove=0.64
2026-06-02 21:42:46,076 - Step 00700: 113.2566 E_h, exp. variance=2066472.3750 E_h^2, pmove=0.65
2026-06-02 21:42:46,717 - Step 00701: 2002.2396 E_h, exp. variance=1998595.2500 E_h^2, pmove=0.64
2026-06-02 21:42:47,358 - Step 00702: 254.0064 E_h, exp. variance=1834533.5000 E_h^2, pmove=0.63
2026-06-02 21:42:47,998 - Step 00703: 152.9671 E_h, exp. variance=1691318.3750 E_h^2, pmove=0.64
2026-06-02 21:42:48,639 - Step 00704: 127.9303 E_h, exp. variance=1557547.8750 E_h^2, pmove=0.64
2026-06-02 21:42:49,280 - Step 00705: 343.4512 E_h, exp. variance=1412731.1250 E_h^2, pmove=0.64
2026-06-02 21:42:49,920 - Step 00706: 290.8449 E_h, exp. variance=1283537.8750 E_h^2, pmove=0.65
2026-06-02 21:42:50,562 - Step 00707: 3655.0256 E_h, exp. variance=1983896.5000 E_h^2, pmove=0.65
2026-06-02 21:42:51,203 - Step 00708: 5432.2461 E_h, exp. variance=3614679.0000 E_h^2, pmove=0.64
2026-06-02 21:42:51,844 - Step 00709: 84.6445 E_h, exp. variance=3403025.2500 E_h^2, pmove=0.65
2026-06-02 21:42:52,485 - Step 00710: 1233.4305 E_h, exp. variance=3062736.2500 E_h^2, pmove=0.66
2026-06-02 21:42:53,125 - Step 00711: 109.4598 E_h, exp. variance=2872427.5000 E_h^2, pmove=0.65
2026-06-02 21:42:53,766 - Step 00712: 189.3639 E_h, exp. variance=2664997.2500 E_h^2, pmove=0.63
2026-06-02 21:42:54,407 - Step 00713: 649.6537 E_h, exp. variance=2411993.7500 E_h^2, pmove=0.63
2026-06-02 21:42:55,050 - Step 00714: 299.9387 E_h, exp. variance=2214672.2500 E_h^2, pmove=0.63
2026-06-02 21:42:55,691 - Step 00715: 133.1331 E_h, exp. variance=2050118.2500 E_h^2, pmove=0.64
2026-06-02 21:42:56,331 - Step 00716: 509.2867 E_h, exp. variance=1855482.3750 E_h^2, pmove=0.65
2026-06-02 21:42:56,972 - Step 00717: 1367.3790 E_h, exp. variance=1697407.6250 E_h^2, pmove=0.65
2026-06-02 21:42:57,614 - Step 00718: 5254.2998 E_h, exp. variance=3257555.7500 E_h^2, pmove=0.64
2026-06-02 21:42:58,254 - Step 00719: 502.9961 E_h, exp. variance=2990201.5000 E_h^2, pmove=0.64
2026-06-02 21:42:58,901 - Step 00720: 597.7622 E_h, exp. variance=2726928.0000 E_h^2, pmove=0.64
2026-06-02 21:42:59,543 - Step 00721: 154.3891 E_h, exp. variance=2546149.0000 E_h^2, pmove=0.63
2026-06-02 21:43:00,185 - Step 00722: 246.0415 E_h, exp. variance=2351735.5000 E_h^2, pmove=0.62
2026-06-02 21:43:00,826 - Step 00723: 5529.1714 E_h, exp. variance=3977371.7500 E_h^2, pmove=0.62
2026-06-02 21:43:01,467 - Step 00724: 270.5743 E_h, exp. variance=3702047.2500 E_h^2, pmove=0.62
2026-06-02 21:43:02,107 - Step 00725: 204.6544 E_h, exp. variance=3443842.5000 E_h^2, pmove=0.62
2026-06-02 21:43:03,260 - Step 00726: 364.9644 E_h, exp. variance=3163520.2500 E_h^2, pmove=0.62
2026-06-02 21:43:03,901 - Step 00727: 199.6998 E_h, exp. variance=2924104.2500 E_h^2, pmove=0.62
2026-06-02 21:43:04,545 - Step 00728: 89.2401 E_h, exp. variance=2711655.0000 E_h^2, pmove=0.62
2026-06-02 21:43:05,187 - Step 00729: 1280.9946 E_h, exp. variance=2451104.5000 E_h^2, pmove=0.61
2026-06-02 21:43:05,828 - Step 00730: 338.5823 E_h, exp. variance=2242092.7500 E_h^2, pmove=0.61
2026-06-02 21:43:06,468 - Step 00731: 595.1169 E_h, exp. variance=2026726.3750 E_h^2, pmove=0.61
2026-06-02 21:43:07,109 - Step 00732: 113.2229 E_h, exp. variance=1876587.0000 E_h^2, pmove=0.59
2026-06-02 21:43:07,749 - Step 00733: 104.4871 E_h, exp. variance=1732568.2500 E_h^2, pmove=0.59
2026-06-02 21:43:08,390 - Step 00734: 854.9067 E_h, exp. variance=1560688.8750 E_h^2, pmove=0.59
2026-06-02 21:43:09,034 - Step 00735: 1615.3169 E_h, exp. variance=1473015.6250 E_h^2, pmove=0.57
2026-06-02 21:43:09,675 - Step 00736: 236.8190 E_h, exp. variance=1357460.7500 E_h^2, pmove=0.57
2026-06-02 21:43:10,317 - Step 00737: 1675.8142 E_h, exp. variance=1295340.0000 E_h^2, pmove=0.58
2026-06-02 21:43:10,958 - Step 00738: 527.5226 E_h, exp. variance=1175862.3750 E_h^2, pmove=0.58
2026-06-02 21:43:11,599 - Step 00739: 416.8992 E_h, exp. variance=1073513.6250 E_h^2, pmove=0.58
2026-06-02 21:43:12,239 - Step 00740: 6862.9746 E_h, exp. variance=4288493.5000 E_h^2, pmove=0.58
2026-06-02 21:43:12,880 - Step 00741: 358.1618 E_h, exp. variance=3956359.0000 E_h^2, pmove=0.57
2026-06-02 21:43:13,525 - Step 00742: 102.2233 E_h, exp. variance=3687938.5000 E_h^2, pmove=0.59
2026-06-02 21:43:14,166 - Step 00743: 405.8851 E_h, exp. variance=3372001.7500 E_h^2, pmove=0.59
2026-06-02 21:43:14,806 - Step 00744: 310.1548 E_h, exp. variance=3090325.5000 E_h^2, pmove=0.58
2026-06-02 21:43:15,447 - Step 00745: 806.3984 E_h, exp. variance=2785286.7500 E_h^2, pmove=0.58
2026-06-02 21:43:16,089 - Step 00746: 933.7687 E_h, exp. variance=2507106.5000 E_h^2, pmove=0.58
2026-06-02 21:43:16,729 - Step 00747: 115.4532 E_h, exp. variance=2325194.7500 E_h^2, pmove=0.57
2026-06-02 21:43:17,369 - Step 00748: 299.9128 E_h, exp. variance=2125337.7500 E_h^2, pmove=0.56
2026-06-02 21:43:18,014 - Step 00749: 172.4544 E_h, exp. variance=1953162.0000 E_h^2, pmove=0.57
2026-06-02 21:43:18,657 - Step 00750: 157.4898 E_h, exp. variance=1792179.1250 E_h^2, pmove=0.56
2026-06-02 21:43:19,299 - Step 00751: 156.7349 E_h, exp. variance=1640846.8750 E_h^2, pmove=0.56
2026-06-02 21:43:19,941 - Step 00752: 149.7188 E_h, exp. variance=1499986.6250 E_h^2, pmove=0.55
2026-06-02 21:43:20,583 - Step 00753: 641.6895 E_h, exp. variance=1350096.8750 E_h^2, pmove=0.55
2026-06-02 21:43:21,226 - Step 00754: 154.3131 E_h, exp. variance=1233807.2500 E_h^2, pmove=0.55
2026-06-02 21:43:21,869 - Step 00755: 251.4762 E_h, exp. variance=1119260.6250 E_h^2, pmove=0.54
2026-06-02 21:43:22,514 - Step 00756: 216.2243 E_h, exp. variance=1016391.2500 E_h^2, pmove=0.54
2026-06-02 21:43:23,157 - Step 00757: 631.0867 E_h, exp. variance=916258.1875 E_h^2, pmove=0.53
2026-06-02 21:43:23,800 - Step 00758: 241.5307 E_h, exp. variance=831346.3750 E_h^2, pmove=0.54
2026-06-02 21:43:24,443 - Step 00759: 491.4202 E_h, exp. variance=748213.2500 E_h^2, pmove=0.54
2026-06-02 21:43:25,086 - Step 00760: 1078.0468 E_h, exp. variance=704751.8750 E_h^2, pmove=0.55
2026-06-02 21:43:25,728 - Step 00761: 650.1702 E_h, exp. variance=635238.6875 E_h^2, pmove=0.55
2026-06-02 21:43:26,371 - Step 00762: 353.3682 E_h, exp. variance=575451.2500 E_h^2, pmove=0.56
2026-06-02 21:43:27,015 - Step 00763: 1489.6003 E_h, exp. variance=599619.6250 E_h^2, pmove=0.56
2026-06-02 21:43:27,660 - Step 00764: 134.2827 E_h, exp. variance=561955.6250 E_h^2, pmove=0.56
2026-06-02 21:43:28,303 - Step 00765: 725.9595 E_h, exp. variance=507618.5625 E_h^2, pmove=0.55
2026-06-02 21:43:28,946 - Step 00766: 156.5270 E_h, exp. variance=474288.6875 E_h^2, pmove=0.55
2026-06-02 21:43:29,588 - Step 00767: 154.6701 E_h, exp. variance=441112.4375 E_h^2, pmove=0.56
2026-06-02 21:43:30,232 - Step 00768: 142.1223 E_h, exp. variance=409368.9062 E_h^2, pmove=0.56
2026-06-02 21:43:30,875 - Step 00769: 331.8603 E_h, exp. variance=370295.4688 E_h^2, pmove=0.58
2026-06-02 21:43:31,517 - Step 00770: 123.4928 E_h, exp. variance=343540.0312 E_h^2, pmove=0.57
2026-06-02 21:43:32,161 - Step 00771: 208.8485 E_h, exp. variance=313491.7812 E_h^2, pmove=0.57
2026-06-02 21:43:32,804 - Step 00772: 3520.2705 E_h, exp. variance=1155189.8750 E_h^2, pmove=0.57
2026-06-02 21:43:33,451 - Step 00773: 197.8577 E_h, exp. variance=1063941.6250 E_h^2, pmove=0.58
2026-06-02 21:43:34,095 - Step 00774: 123.2264 E_h, exp. variance=983986.6250 E_h^2, pmove=0.55
2026-06-02 21:43:34,738 - Step 00775: 1044.5791 E_h, exp. variance=902504.8125 E_h^2, pmove=0.56
2026-06-02 21:43:35,380 - Step 00776: 167.5970 E_h, exp. variance=833580.9375 E_h^2, pmove=0.56
2026-06-02 21:43:36,024 - Step 00777: 132.8605 E_h, exp. variance=770345.3125 E_h^2, pmove=0.55
2026-06-02 21:43:36,669 - Step 00778: 220.5380 E_h, exp. variance=703585.6250 E_h^2, pmove=0.54
2026-06-02 21:43:37,312 - Step 00779: 909.3453 E_h, exp. variance=646547.3750 E_h^2, pmove=0.53
2026-06-02 21:43:37,955 - Step 00780: 172.1304 E_h, exp. variance=595650.0625 E_h^2, pmove=0.53
2026-06-02 21:43:38,599 - Step 00781: 113.7498 E_h, exp. variance=551233.0000 E_h^2, pmove=0.53
2026-06-02 21:43:39,241 - Step 00782: 1779.7734 E_h, exp. variance=647460.0000 E_h^2, pmove=0.53
2026-06-02 21:43:39,885 - Step 00783: 111.8503 E_h, exp. variance=605286.9375 E_h^2, pmove=0.54
2026-06-02 21:43:40,528 - Step 00784: 558.1871 E_h, exp. variance=544760.0000 E_h^2, pmove=0.53
2026-06-02 21:43:41,171 - Step 00785: 202.8679 E_h, exp. variance=501900.9062 E_h^2, pmove=0.53
2026-06-02 21:43:41,814 - Step 00786: 364.1594 E_h, exp. variance=454074.3125 E_h^2, pmove=0.52
2026-06-02 21:43:42,457 - Step 00787: 2037.2197 E_h, exp. variance=618580.8125 E_h^2, pmove=0.52
2026-06-02 21:43:43,101 - Step 00788: 345.2595 E_h, exp. variance=565793.5625 E_h^2, pmove=0.53
2026-06-02 21:43:43,744 - Step 00789: 805.8911 E_h, exp. variance=511967.5625 E_h^2, pmove=0.53
2026-06-02 21:43:44,387 - Step 00790: 295.9002 E_h, exp. variance=471958.4688 E_h^2, pmove=0.52
2026-06-02 21:43:45,030 - Step 00791: 2957.0278 E_h, exp. variance=919173.5625 E_h^2, pmove=0.52
2026-06-02 21:43:45,675 - Step 00792: 637.2004 E_h, exp. variance=831240.1875 E_h^2, pmove=0.53
2026-06-02 21:43:46,320 - Step 00793: 350.6848 E_h, exp. variance=768497.0625 E_h^2, pmove=0.52
2026-06-02 21:43:46,965 - Step 00794: 196.4843 E_h, exp. variance=722183.3750 E_h^2, pmove=0.52
2026-06-02 21:43:47,608 - Step 00795: 374.3911 E_h, exp. variance=660760.0625 E_h^2, pmove=0.52
2026-06-02 21:43:48,252 - Step 00796: 191.6368 E_h, exp. variance=616687.4375 E_h^2, pmove=0.51
2026-06-02 21:43:48,896 - Step 00797: 451.0903 E_h, exp. variance=558117.3750 E_h^2, pmove=0.51
2026-06-02 21:43:49,540 - Step 00798: 78.2714 E_h, exp. variance=528531.8125 E_h^2, pmove=0.51
2026-06-02 21:43:50,182 - Step 00799: 783.0024 E_h, exp. variance=479991.0312 E_h^2, pmove=0.51
2026-06-02 21:43:50,827 - Step 00800: 265.4400 E_h, exp. variance=441239.9375 E_h^2, pmove=0.51
2026-06-02 21:43:51,470 - Step 00801: 1257.2306 E_h, exp. variance=441631.4688 E_h^2, pmove=0.52
2026-06-02 21:43:52,114 - Step 00802: 417.8353 E_h, exp. variance=401303.6562 E_h^2, pmove=0.51
2026-06-02 21:43:52,757 - Step 00803: 529.6039 E_h, exp. variance=361666.4375 E_h^2, pmove=0.51
2026-06-02 21:43:53,401 - Step 00804: 527.2171 E_h, exp. variance=325928.3438 E_h^2, pmove=0.51
2026-06-02 21:43:54,044 - Step 00805: 81.1336 E_h, exp. variance=316578.5938 E_h^2, pmove=0.51
2026-06-02 21:43:54,689 - Step 00806: 164.8995 E_h, exp. variance=297482.9688 E_h^2, pmove=0.51
2026-06-02 21:43:55,331 - Step 00807: 150.7560 E_h, exp. variance=278784.0938 E_h^2, pmove=0.51
2026-06-02 21:43:55,974 - Step 00808: 99.6651 E_h, exp. variance=262990.7188 E_h^2, pmove=0.51
2026-06-02 21:43:56,617 - Step 00809: 79.2196 E_h, exp. variance=247731.8594 E_h^2, pmove=0.51
2026-06-02 21:43:57,260 - Step 00810: 925.1487 E_h, exp. variance=248307.6250 E_h^2, pmove=0.49
2026-06-02 21:43:57,903 - Step 00811: 199.4553 E_h, exp. variance=229014.5781 E_h^2, pmove=0.51
2026-06-02 21:43:58,546 - Step 00812: 777.0613 E_h, exp. variance=217414.4219 E_h^2, pmove=0.50
2026-06-02 21:43:59,189 - Step 00813: 305.5064 E_h, exp. variance=197769.6719 E_h^2, pmove=0.50
2026-06-02 21:43:59,832 - Step 00814: 69.1936 E_h, exp. variance=190560.1094 E_h^2, pmove=0.50
2026-06-02 21:44:00,476 - Step 00815: 142.7888 E_h, exp. variance=177715.9844 E_h^2, pmove=0.50
2026-06-02 21:44:01,118 - Step 00816: 349.1034 E_h, exp. variance=160026.0938 E_h^2, pmove=0.50
2026-06-02 21:44:01,761 - Step 00817: 248.5223 E_h, exp. variance=145491.1250 E_h^2, pmove=0.51
2026-06-02 21:44:02,405 - Step 00818: 199.3677 E_h, exp. variance=133365.1406 E_h^2, pmove=0.50
2026-06-02 21:44:03,048 - Step 00819: 89.4166 E_h, exp. variance=126002.0781 E_h^2, pmove=0.51
2026-06-02 21:44:03,691 - Step 00820: 49.1949 E_h, exp. variance=120064.6406 E_h^2, pmove=0.50
2026-06-02 21:44:04,337 - Step 00821: 70.5947 E_h, exp. variance=112552.9766 E_h^2, pmove=0.51
2026-06-02 21:44:04,980 - Step 00822: 158.5869 E_h, exp. variance=102449.6875 E_h^2, pmove=0.51
2026-06-02 21:44:05,622 - Step 00823: 347.1453 E_h, exp. variance=92881.7734 E_h^2, pmove=0.52
2026-06-02 21:44:06,266 - Step 00824: 458.4440 E_h, exp. variance=86820.7344 E_h^2, pmove=0.52
2026-06-02 21:44:06,910 - Step 00825: 108.2321 E_h, exp. variance=81047.7969 E_h^2, pmove=0.51
2026-06-02 21:44:07,554 - Step 00826: 94.9720 E_h, exp. variance=75701.4531 E_h^2, pmove=0.51
2026-06-02 21:44:08,198 - Step 00827: 164.5293 E_h, exp. variance=68828.3516 E_h^2, pmove=0.51
2026-06-02 21:44:08,842 - Step 00828: 100.7354 E_h, exp. variance=63785.8867 E_h^2, pmove=0.51
2026-06-02 21:44:09,487 - Step 00829: 671.5879 E_h, exp. variance=75002.2969 E_h^2, pmove=0.51
2026-06-02 21:44:10,130 - Step 00830: 110.0153 E_h, exp. variance=69911.9141 E_h^2, pmove=0.50
2026-06-02 21:44:10,774 - Step 00831: 116.5128 E_h, exp. variance=64704.2617 E_h^2, pmove=0.50
2026-06-02 21:44:11,417 - Step 00832: 2631.6519 E_h, exp. variance=571653.2500 E_h^2, pmove=0.49
2026-06-02 21:44:12,060 - Step 00833: 110.4771 E_h, exp. variance=526914.1250 E_h^2, pmove=0.50
2026-06-02 21:44:12,704 - Step 00834: 96.0631 E_h, exp. variance=485174.2500 E_h^2, pmove=0.49
2026-06-02 21:44:13,350 - Step 00835: 230.8885 E_h, exp. variance=439544.5000 E_h^2, pmove=0.49
2026-06-02 21:44:13,993 - Step 00836: 303.7813 E_h, exp. variance=396292.0625 E_h^2, pmove=0.49
2026-06-02 21:44:14,636 - Step 00837: 1154.9501 E_h, exp. variance=410257.2188 E_h^2, pmove=0.49
2026-06-02 21:44:15,280 - Step 00838: 398.3840 E_h, exp. variance=369578.0312 E_h^2, pmove=0.49
2026-06-02 21:44:15,930 - Step 00839: 1855.0465 E_h, exp. variance=509225.7812 E_h^2, pmove=0.48
2026-06-02 21:44:16,574 - Step 00840: 113.2733 E_h, exp. variance=479129.0625 E_h^2, pmove=0.47
2026-06-02 21:44:17,219 - Step 00841: 112.0722 E_h, exp. variance=448178.8438 E_h^2, pmove=0.47
2026-06-02 21:44:17,864 - Step 00842: 126.7934 E_h, exp. variance=416084.9062 E_h^2, pmove=0.47
2026-06-02 21:44:18,507 - Step 00843: 103.3344 E_h, exp. variance=386261.2500 E_h^2, pmove=0.47
2026-06-02 21:44:19,151 - Step 00844: 922.9434 E_h, exp. variance=369592.5625 E_h^2, pmove=0.48
2026-06-02 21:44:19,795 - Step 00845: 301.9804 E_h, exp. variance=335434.5312 E_h^2, pmove=0.48
2026-06-02 21:44:20,439 - Step 00846: 83.2530 E_h, exp. variance=314717.1250 E_h^2, pmove=0.47
2026-06-02 21:44:21,082 - Step 00847: 748.1270 E_h, exp. variance=292758.5312 E_h^2, pmove=0.47
2026-06-02 21:44:21,728 - Step 00848: 136.2173 E_h, exp. variance=272658.6250 E_h^2, pmove=0.48
2026-06-02 21:44:22,372 - Step 00849: 233.8220 E_h, exp. variance=248633.8594 E_h^2, pmove=0.48
2026-06-02 21:44:23,015 - Step 00850: 142.9628 E_h, exp. variance=229931.9844 E_h^2, pmove=0.47
2026-06-02 21:44:23,658 - Step 00851: 709.2543 E_h, exp. variance=216787.6875 E_h^2, pmove=0.48
2026-06-02 21:44:24,301 - Step 00852: 84.5871 E_h, exp. variance=204729.1250 E_h^2, pmove=0.48
2026-06-02 21:44:24,944 - Step 00853: 426.1230 E_h, exp. variance=184457.4531 E_h^2, pmove=0.48
2026-06-02 21:44:25,587 - Step 00854: 54.2739 E_h, exp. variance=175770.5781 E_h^2, pmove=0.48
2026-06-02 21:44:26,234 - Step 00855: 2687.9756 E_h, exp. variance=649877.9375 E_h^2, pmove=0.48
2026-06-02 21:44:26,877 - Step 00856: 123.2454 E_h, exp. variance=604027.2500 E_h^2, pmove=0.47
2026-06-02 21:44:27,520 - Step 00857: 760.1972 E_h, exp. variance=548057.6875 E_h^2, pmove=0.48
2026-06-02 21:44:28,164 - Step 00858: 4387.4512 E_h, exp. variance=1811385.8750 E_h^2, pmove=0.49
2026-06-02 21:44:28,807 - Step 00859: 119.4634 E_h, exp. variance=1691308.7500 E_h^2, pmove=0.49
2026-06-02 21:44:29,450 - Step 00860: 260.6635 E_h, exp. variance=1554590.6250 E_h^2, pmove=0.49
2026-06-02 21:44:30,096 - Step 00861: 310.1716 E_h, exp. variance=1420793.3750 E_h^2, pmove=0.49
2026-06-02 21:44:30,744 - Step 00862: 202.8629 E_h, exp. variance=1305825.0000 E_h^2, pmove=0.49
2026-06-02 21:44:31,390 - Step 00863: 1698.5187 E_h, exp. variance=1265547.5000 E_h^2, pmove=0.48
2026-06-02 21:44:32,034 - Step 00864: 400.9920 E_h, exp. variance=1153106.3750 E_h^2, pmove=0.47
2026-06-02 21:44:32,678 - Step 00865: 768.7078 E_h, exp. variance=1037807.1875 E_h^2, pmove=0.48
2026-06-02 21:44:33,322 - Step 00866: 67.6022 E_h, exp. variance=976990.2500 E_h^2, pmove=0.48
2026-06-02 21:44:33,966 - Step 00867: 222.4060 E_h, exp. variance=898921.5625 E_h^2, pmove=0.47
2026-06-02 21:44:34,610 - Step 00868: 100.3213 E_h, exp. variance=835508.1250 E_h^2, pmove=0.46
2026-06-02 21:44:35,257 - Step 00869: 226.9135 E_h, exp. variance=763723.6875 E_h^2, pmove=0.47
2026-06-02 21:44:35,901 - Step 00870: 137.7962 E_h, exp. variance=702816.8750 E_h^2, pmove=0.47
2026-06-02 21:44:36,544 - Step 00871: 2979.0452 E_h, exp. variance=1180801.3750 E_h^2, pmove=0.47
2026-06-02 21:44:37,188 - Step 00872: 807.2233 E_h, exp. variance=1062941.8750 E_h^2, pmove=0.46
2026-06-02 21:44:37,831 - Step 00873: 100.3926 E_h, exp. variance=996120.0625 E_h^2, pmove=0.47
2026-06-02 21:44:38,475 - Step 00874: 107.8585 E_h, exp. variance=927684.6875 E_h^2, pmove=0.46
2026-06-02 21:44:39,121 - Step 00875: 135.2111 E_h, exp. variance=857628.6250 E_h^2, pmove=0.46
2026-06-02 21:44:39,765 - Step 00876: 169.2050 E_h, exp. variance=787600.3750 E_h^2, pmove=0.45
2026-06-02 21:44:40,409 - Step 00877: 78.8760 E_h, exp. variance=728438.2500 E_h^2, pmove=0.45
2026-06-02 21:44:41,053 - Step 00878: 1492.7804 E_h, exp. variance=744504.5000 E_h^2, pmove=0.44
2026-06-02 21:44:41,696 - Step 00879: 71.0318 E_h, exp. variance=695070.0625 E_h^2, pmove=0.44
2026-06-02 21:44:42,339 - Step 00880: 269.2652 E_h, exp. variance=632431.8125 E_h^2, pmove=0.44
2026-06-02 21:44:42,982 - Step 00881: 233.9425 E_h, exp. variance=576445.4375 E_h^2, pmove=0.44
2026-06-02 21:44:43,627 - Step 00882: 85.7594 E_h, exp. variance=533471.7500 E_h^2, pmove=0.44
2026-06-02 21:44:44,271 - Step 00883: 195.1378 E_h, exp. variance=485930.5625 E_h^2, pmove=0.43
2026-06-02 21:44:44,917 - Step 00884: 65.5681 E_h, exp. variance=448882.6875 E_h^2, pmove=0.43
2026-06-02 21:44:45,561 - Step 00885: 420.3539 E_h, exp. variance=404089.1250 E_h^2, pmove=0.44
2026-06-02 21:44:46,204 - Step 00886: 50.3659 E_h, exp. variance=374132.7188 E_h^2, pmove=0.43
2026-06-02 21:44:46,849 - Step 00887: 77.3360 E_h, exp. variance=343762.4688 E_h^2, pmove=0.44
2026-06-02 21:44:47,492 - Step 00888: 104.7569 E_h, exp. variance=313916.0938 E_h^2, pmove=0.43
2026-06-02 21:44:48,138 - Step 00889: 170.2545 E_h, exp. variance=284199.2812 E_h^2, pmove=0.44
2026-06-02 21:44:48,784 - Step 00890: 108.8858 E_h, exp. variance=258831.1094 E_h^2, pmove=0.44
2026-06-02 21:44:49,429 - Step 00891: 238.0260 E_h, exp. variance=233068.4688 E_h^2, pmove=0.44
2026-06-02 21:44:50,074 - Step 00892: 845.4227 E_h, exp. variance=239462.7969 E_h^2, pmove=0.44
2026-06-02 21:44:50,718 - Step 00893: 297.4068 E_h, exp. variance=215602.9688 E_h^2, pmove=0.44
2026-06-02 21:44:51,362 - Step 00894: 391.5022 E_h, exp. variance=194437.0938 E_h^2, pmove=0.44
2026-06-02 21:44:52,006 - Step 00895: 173.5720 E_h, exp. variance=177250.1094 E_h^2, pmove=0.43
2026-06-02 21:44:52,650 - Step 00896: 125.5469 E_h, exp. variance=162792.5938 E_h^2, pmove=0.43
2026-06-02 21:44:53,295 - Step 00897: 78.0381 E_h, exp. variance=150829.6250 E_h^2, pmove=0.43
2026-06-02 21:44:53,938 - Step 00898: 145.7617 E_h, exp. variance=137253.0000 E_h^2, pmove=0.43
2026-06-02 21:44:54,582 - Step 00899: 247.7231 E_h, exp. variance=123546.5547 E_h^2, pmove=0.43
2026-06-02 21:44:55,226 - Step 00900: 120.7930 E_h, exp. variance=112954.7891 E_h^2, pmove=0.43
2026-06-02 21:44:55,870 - Step 00901: 102.9418 E_h, exp. variance=103520.6719 E_h^2, pmove=0.43
2026-06-02 21:44:56,514 - Step 00902: 7602.0449 E_h, exp. variance=4981254.5000 E_h^2, pmove=0.43
2026-06-02 21:44:57,158 - Step 00903: 643.8311 E_h, exp. variance=4492665.0000 E_h^2, pmove=0.44
2026-06-02 21:44:57,802 - Step 00904: 98.9791 E_h, exp. variance=4106571.7500 E_h^2, pmove=0.43
2026-06-02 21:44:58,447 - Step 00905: 99.9807 E_h, exp. variance=3746949.0000 E_h^2, pmove=0.44
2026-06-02 21:44:59,091 - Step 00906: 62.9610 E_h, exp. variance=3418231.5000 E_h^2, pmove=0.44
2026-06-02 21:44:59,735 - Step 00907: 145.4415 E_h, exp. variance=3104712.0000 E_h^2, pmove=0.43
2026-06-02 21:45:00,386 - Step 00908: 136.5623 E_h, exp. variance=2817980.5000 E_h^2, pmove=0.44
2026-06-02 21:45:01,031 - Step 00909: 127.7265 E_h, exp. variance=2556153.5000 E_h^2, pmove=0.44
2026-06-02 21:45:01,676 - Step 00910: 136.9127 E_h, exp. variance=2316021.5000 E_h^2, pmove=0.44
2026-06-02 21:45:02,320 - Step 00911: 2124.8672 E_h, exp. variance=2319060.2500 E_h^2, pmove=0.43
2026-06-02 21:45:02,964 - Step 00912: 3062.5112 E_h, exp. variance=2601603.0000 E_h^2, pmove=0.43
2026-06-02 21:45:03,609 - Step 00913: 150.0116 E_h, exp. variance=2393528.7500 E_h^2, pmove=0.43
2026-06-02 21:45:04,254 - Step 00914: 56.8184 E_h, exp. variance=2208632.5000 E_h^2, pmove=0.44
2026-06-02 21:45:04,898 - Step 00915: 1193.2164 E_h, exp. variance=2004903.0000 E_h^2, pmove=0.44
2026-06-02 21:45:05,542 - Step 00916: 157.4789 E_h, exp. variance=1841628.8750 E_h^2, pmove=0.45
2026-06-02 21:45:06,188 - Step 00917: 134.4516 E_h, exp. variance=1690057.6250 E_h^2, pmove=0.44
2026-06-02 21:45:06,834 - Step 00918: 81.0594 E_h, exp. variance=1552912.7500 E_h^2, pmove=0.44
2026-06-02 21:45:07,479 - Step 00919: 56.5497 E_h, exp. variance=1425845.3750 E_h^2, pmove=0.43
2026-06-02 21:45:08,123 - Step 00920: 455.6770 E_h, exp. variance=1284250.6250 E_h^2, pmove=0.44
2026-06-02 21:45:08,768 - Step 00921: 138.8987 E_h, exp. variance=1171040.5000 E_h^2, pmove=0.44
2026-06-02 21:45:09,412 - Step 00922: 47.9300 E_h, exp. variance=1073064.6250 E_h^2, pmove=0.44
2026-06-02 21:45:10,058 - Step 00923: 120.3715 E_h, exp. variance=976314.0000 E_h^2, pmove=0.44
2026-06-02 21:45:10,703 - Step 00924: 524.0720 E_h, exp. variance=879503.0000 E_h^2, pmove=0.43
2026-06-02 21:45:11,348 - Step 00925: 56.1147 E_h, exp. variance=804687.8125 E_h^2, pmove=0.44
2026-06-02 21:45:11,991 - Step 00926: 62.8873 E_h, exp. variance=734443.4375 E_h^2, pmove=0.44
2026-06-02 21:45:12,635 - Step 00927: 102.6265 E_h, exp. variance=667253.1875 E_h^2, pmove=0.44
2026-06-02 21:45:13,279 - Step 00928: 175.2940 E_h, exp. variance=602965.6875 E_h^2, pmove=0.44
2026-06-02 21:45:13,924 - Step 00929: 69.3915 E_h, exp. variance=548476.6875 E_h^2, pmove=0.44
2026-06-02 21:45:14,569 - Step 00930: 219.2626 E_h, exp. variance=494187.1875 E_h^2, pmove=0.43
2026-06-02 21:45:15,213 - Step 00931: 471.9005 E_h, exp. variance=447741.8125 E_h^2, pmove=0.44
2026-06-02 21:45:15,857 - Step 00932: 64.9298 E_h, exp. variance=408298.8750 E_h^2, pmove=0.44
2026-06-02 21:45:16,500 - Step 00933: 82.9142 E_h, exp. variance=371107.3125 E_h^2, pmove=0.44
2026-06-02 21:45:17,145 - Step 00934: 223.2899 E_h, exp. variance=334144.7812 E_h^2, pmove=0.44
2026-06-02 21:45:17,789 - Step 00935: 177.2363 E_h, exp. variance=301343.9688 E_h^2, pmove=0.44
2026-06-02 21:45:18,435 - Step 00936: 660.5656 E_h, exp. variance=286265.6562 E_h^2, pmove=0.44
2026-06-02 21:45:19,079 - Step 00937: 105.3169 E_h, exp. variance=260790.9688 E_h^2, pmove=0.44
2026-06-02 21:45:19,723 - Step 00938: 124.4236 E_h, exp. variance=236718.5000 E_h^2, pmove=0.44
2026-06-02 21:45:20,368 - Step 00939: 236.0676 E_h, exp. variance=213093.1875 E_h^2, pmove=0.44
2026-06-02 21:45:21,012 - Step 00940: 512.8726 E_h, exp. variance=197697.6406 E_h^2, pmove=0.44
2026-06-02 21:45:21,657 - Step 00941: 182.1561 E_h, exp. variance=178828.1094 E_h^2, pmove=0.45
2026-06-02 21:45:22,302 - Step 00942: 231.8229 E_h, exp. variance=161091.7969 E_h^2, pmove=0.44
2026-06-02 21:45:22,949 - Step 00943: 76.6093 E_h, exp. variance=148283.9531 E_h^2, pmove=0.44
2026-06-02 21:45:23,593 - Step 00944: 2198.2556 E_h, exp. variance=475425.9375 E_h^2, pmove=0.44
2026-06-02 21:45:24,237 - Step 00945: 39.5105 E_h, exp. variance=442601.7500 E_h^2, pmove=0.43
2026-06-02 21:45:24,882 - Step 00946: 2203.9487 E_h, exp. variance=690097.0625 E_h^2, pmove=0.44
2026-06-02 21:45:25,527 - Step 00947: 1049.4691 E_h, exp. variance=640627.3750 E_h^2, pmove=0.44
2026-06-02 21:45:26,171 - Step 00948: 83.7167 E_h, exp. variance=603433.9375 E_h^2, pmove=0.44
2026-06-02 21:45:26,817 - Step 00949: 353.3955 E_h, exp. variance=547529.1875 E_h^2, pmove=0.45
2026-06-02 21:45:27,462 - Step 00950: 121.6439 E_h, exp. variance=509542.9688 E_h^2, pmove=0.44
2026-06-02 21:45:28,106 - Step 00951: 131.8467 E_h, exp. variance=471465.6250 E_h^2, pmove=0.44
2026-06-02 21:45:28,751 - Step 00952: 42.2702 E_h, exp. variance=440960.5938 E_h^2, pmove=0.45
2026-06-02 21:45:28,751 - Saving checkpoint results/bilayer-bosons/BosonNet/N24_layers12_12_rs4.0_d2.5_D20.0_sq/qmcjax_ckpt_000952.npz
2026-06-02 21:45:29,517 - Step 00953: 130.7618 E_h, exp. variance=404884.5000 E_h^2, pmove=0.45
2026-06-02 21:45:30,160 - Step 00954: 77.6145 E_h, exp. variance=373716.5938 E_h^2, pmove=0.45
2026-06-02 21:45:30,806 - Step 00955: 3147.7493 E_h, exp. variance=1032153.8125 E_h^2, pmove=0.45
2026-06-02 21:45:31,451 - Step 00956: 255.3853 E_h, exp. variance=942621.0625 E_h^2, pmove=0.45
2026-06-02 21:45:32,096 - Step 00957: 39.9564 E_h, exp. variance=877226.3750 E_h^2, pmove=0.45
2026-06-02 21:45:32,740 - Step 00958: 33.5616 E_h, exp. variance=813476.7500 E_h^2, pmove=0.44
2026-06-02 21:45:33,384 - Step 00959: 254.4890 E_h, exp. variance=737468.3750 E_h^2, pmove=0.45
2026-06-02 21:45:34,028 - Step 00960: 123.2777 E_h, exp. variance=674773.2500 E_h^2, pmove=0.45
2026-06-02 21:45:34,673 - Step 00961: 41.2210 E_h, exp. variance=621512.0000 E_h^2, pmove=0.45
2026-06-02 21:45:35,320 - Step 00962: 212.5793 E_h, exp. variance=562485.6875 E_h^2, pmove=0.45
2026-06-02 21:45:35,964 - Step 00963: 49.7598 E_h, exp. variance=516069.0938 E_h^2, pmove=0.45
2026-06-02 21:45:36,609 - Step 00964: 55.7285 E_h, exp. variance=472109.7188 E_h^2, pmove=0.44
2026-06-02 21:45:37,254 - Step 00965: 49.7741 E_h, exp. variance=431377.6250 E_h^2, pmove=0.45
2026-06-02 21:45:37,898 - Step 00966: 82.8081 E_h, exp. variance=392150.1250 E_h^2, pmove=0.45
2026-06-02 21:45:38,541 - Step 00967: 98.5312 E_h, exp. variance=355593.7500 E_h^2, pmove=0.46
2026-06-02 21:45:39,189 - Step 00968: 99.0627 E_h, exp. variance=322173.0938 E_h^2, pmove=0.46
2026-06-02 21:45:39,833 - Step 00969: 48.7400 E_h, exp. variance=293172.7812 E_h^2, pmove=0.45
2026-06-02 21:45:40,478 - Step 00970: 115.1926 E_h, exp. variance=264823.3750 E_h^2, pmove=0.46
2026-06-02 21:45:41,122 - Step 00971: 120.5200 E_h, exp. variance=239038.0781 E_h^2, pmove=0.45
2026-06-02 21:45:41,767 - Step 00972: 349.0458 E_h, exp. variance=217140.9688 E_h^2, pmove=0.44
2026-06-02 21:45:42,412 - Step 00973: 64.0279 E_h, exp. variance=197468.8750 E_h^2, pmove=0.45
2026-06-02 21:45:43,065 - Step 00974: 38.4833 E_h, exp. variance=180058.0938 E_h^2, pmove=0.45
2026-06-02 21:45:43,713 - Step 00975: 58.2004 E_h, exp. variance=163464.9062 E_h^2, pmove=0.45
2026-06-02 21:45:44,358 - Step 00976: 121.9111 E_h, exp. variance=147334.8906 E_h^2, pmove=0.44
2026-06-02 21:45:45,002 - Step 00977: 72.7551 E_h, exp. variance=133384.7656 E_h^2, pmove=0.44
2026-06-02 21:45:45,647 - Step 00978: 82.0817 E_h, exp. variance=120547.6719 E_h^2, pmove=0.44
2026-06-02 21:45:46,292 - Step 00979: 199.6409 E_h, exp. variance=108721.3672 E_h^2, pmove=0.44
2026-06-02 21:45:46,936 - Step 00980: 84.6630 E_h, exp. variance=98285.6094 E_h^2, pmove=0.45
2026-06-02 21:45:47,584 - Step 00981: 405.7142 E_h, exp. variance=94465.5625 E_h^2, pmove=0.45
2026-06-02 21:45:48,228 - Step 00982: 127.8273 E_h, exp. variance=85204.0469 E_h^2, pmove=0.45
2026-06-02 21:45:48,873 - Step 00983: 128.0671 E_h, exp. variance=76831.7656 E_h^2, pmove=0.45
2026-06-02 21:45:49,517 - Step 00984: 595.6215 E_h, exp. variance=85870.3594 E_h^2, pmove=0.45
2026-06-02 21:45:50,162 - Step 00985: 470.0641 E_h, exp. variance=83479.2500 E_h^2, pmove=0.45
2026-06-02 21:45:50,807 - Step 00986: 165.2023 E_h, exp. variance=75556.3359 E_h^2, pmove=0.45
2026-06-02 21:45:51,455 - Step 00987: 78.5177 E_h, exp. variance=69986.2578 E_h^2, pmove=0.45
2026-06-02 21:45:52,100 - Step 00988: 167.2171 E_h, exp. variance=63169.7109 E_h^2, pmove=0.45
2026-06-02 21:45:52,745 - Step 00989: 39.3563 E_h, exp. variance=59403.2539 E_h^2, pmove=0.45
2026-06-02 21:45:53,391 - Step 00990: 42.4992 E_h, exp. variance=55444.0234 E_h^2, pmove=0.45
2026-06-02 21:45:54,036 - Step 00991: 2527.0032 E_h, exp. variance=547337.3750 E_h^2, pmove=0.45
2026-06-02 21:45:54,681 - Step 00992: 52.9754 E_h, exp. variance=504148.0312 E_h^2, pmove=0.45
2026-06-02 21:45:55,330 - Step 00993: 87.7016 E_h, exp. variance=461177.9062 E_h^2, pmove=0.45
2026-06-02 21:45:55,975 - Step 00994: 82.5635 E_h, exp. variance=421332.0625 E_h^2, pmove=0.45
2026-06-02 21:45:56,620 - Step 00995: 236.4327 E_h, exp. variance=379829.6250 E_h^2, pmove=0.45
2026-06-02 21:45:57,266 - Step 00996: 33.5756 E_h, exp. variance=348812.4062 E_h^2, pmove=0.45
2026-06-02 21:45:57,911 - Step 00997: 34.6061 E_h, exp. variance=319527.0625 E_h^2, pmove=0.45
2026-06-02 21:45:58,556 - Step 00998: 55.2817 E_h, exp. variance=291310.3125 E_h^2, pmove=0.46
2026-06-02 21:45:59,202 - Step 00999: 118.5581 E_h, exp. variance=263477.2500 E_h^2, pmove=0.46
2026-06-02 21:45:59,848 - Step 01000: 69.4784 E_h, exp. variance=239352.4844 E_h^2, pmove=0.46
2026-06-02 21:46:00,494 - Step 01001: 374.3315 E_h, exp. variance=217820.4062 E_h^2, pmove=0.45
2026-06-02 21:46:01,139 - Step 01002: 101.1436 E_h, exp. variance=197469.9531 E_h^2, pmove=0.45
2026-06-02 21:46:01,785 - Step 01003: 2945.9666 E_h, exp. variance=849129.8125 E_h^2, pmove=0.46
2026-06-02 21:46:02,429 - Step 01004: 45.4500 E_h, exp. variance=781826.1250 E_h^2, pmove=0.45
2026-06-02 21:46:03,075 - Step 01005: 36.3655 E_h, exp. variance=718565.5000 E_h^2, pmove=0.45
2026-06-02 21:46:03,721 - Step 01006: 38.3158 E_h, exp. variance=658667.3750 E_h^2, pmove=0.46
2026-06-02 21:46:04,367 - Step 01007: 595.5086 E_h, exp. variance=597525.6250 E_h^2, pmove=0.46
2026-06-02 21:46:05,012 - Step 01008: 47.8900 E_h, exp. variance=548263.1250 E_h^2, pmove=0.46
2026-06-02 21:46:05,658 - Step 01009: 35.0048 E_h, exp. variance=502661.3438 E_h^2, pmove=0.45
2026-06-02 21:46:06,303 - Step 01010: 48.4699 E_h, exp. variance=459185.0312 E_h^2, pmove=0.46
2026-06-02 21:46:06,949 - Step 01011: 190.0161 E_h, exp. variance=414271.1875 E_h^2, pmove=0.46
2026-06-02 21:46:07,593 - Step 01012: 25.9278 E_h, exp. variance=378889.6250 E_h^2, pmove=0.45
2026-06-02 21:46:08,239 - Step 01013: 274.3828 E_h, exp. variance=341021.4375 E_h^2, pmove=0.46
2026-06-02 21:46:08,884 - Step 01014: 113.0946 E_h, exp. variance=308880.3438 E_h^2, pmove=0.46
2026-06-02 21:46:09,530 - Step 01015: 78.6991 E_h, exp. variance=280509.7500 E_h^2, pmove=0.46
2026-06-02 21:46:10,176 - Step 01016: 64.0430 E_h, exp. variance=254914.3281 E_h^2, pmove=0.45
2026-06-02 21:46:10,821 - Step 01017: 40.8105 E_h, exp. variance=232082.1406 E_h^2, pmove=0.46
2026-06-02 21:46:11,466 - Step 01018: 43.7056 E_h, exp. variance=210948.0625 E_h^2, pmove=0.45
2026-06-02 21:46:12,113 - Step 01019: 25.8957 E_h, exp. variance=191999.8438 E_h^2, pmove=0.46
2026-06-02 21:46:12,759 - Step 01020: 36.5192 E_h, exp. variance=174282.9531 E_h^2, pmove=0.45
2026-06-02 21:46:13,405 - Step 01021: 22.4406 E_h, exp. variance=158366.5781 E_h^2, pmove=0.45
2026-06-02 21:46:14,051 - Step 01022: 28.7082 E_h, exp. variance=143626.5156 E_h^2, pmove=0.46
2026-06-02 21:46:14,697 - Step 01023: 386.5042 E_h, exp. variance=135275.5781 E_h^2, pmove=0.46
2026-06-02 21:46:15,344 - Step 01024: 80.7572 E_h, exp. variance=122229.4922 E_h^2, pmove=0.46
2026-06-02 21:46:15,990 - Step 01025: 41.4925 E_h, exp. variance=111000.5234 E_h^2, pmove=0.45
2026-06-02 21:46:16,636 - Step 01026: 44.1507 E_h, exp. variance=100660.9766 E_h^2, pmove=0.45
2026-06-02 21:46:17,283 - Step 01027: 42.6676 E_h, exp. variance=91233.1719 E_h^2, pmove=0.45
2026-06-02 21:46:17,928 - Step 01028: 23.5351 E_h, exp. variance=82920.8359 E_h^2, pmove=0.46
2026-06-02 21:46:18,575 - Step 01029: 22.9593 E_h, exp. variance=75294.5312 E_h^2, pmove=0.46
2026-06-02 21:46:19,221 - Step 01030: 21.9891 E_h, exp. variance=68317.9609 E_h^2, pmove=0.45
2026-06-02 21:46:19,868 - Step 01031: 43.7505 E_h, exp. variance=61700.3086 E_h^2, pmove=0.46
2026-06-02 21:46:20,514 - Step 01032: 78.9895 E_h, exp. variance=55537.0312 E_h^2, pmove=0.46
2026-06-02 21:46:21,161 - Step 01033: 64.8063 E_h, exp. variance=50026.8047 E_h^2, pmove=0.46
2026-06-02 21:46:21,808 - Step 01034: 19.8319 E_h, exp. variance=45401.5195 E_h^2, pmove=0.45
2026-06-02 21:46:22,454 - Step 01035: 29.3108 E_h, exp. variance=41075.7070 E_h^2, pmove=0.45
2026-06-02 21:46:23,100 - Step 01036: 60.1818 E_h, exp. variance=36983.4648 E_h^2, pmove=0.45
2026-06-02 21:46:23,746 - Step 01037: 34.1322 E_h, exp. variance=33413.6758 E_h^2, pmove=0.46
2026-06-02 21:46:24,393 - Step 01038: 42.2128 E_h, exp. variance=30132.8438 E_h^2, pmove=0.46
2026-06-02 21:46:25,040 - Step 01039: 80.5369 E_h, exp. variance=27139.7637 E_h^2, pmove=0.46
2026-06-02 21:46:25,686 - Step 01040: 27.2898 E_h, exp. variance=24568.0820 E_h^2, pmove=0.47
2026-06-02 21:46:26,332 - Step 01041: 67.2513 E_h, exp. variance=22112.8438 E_h^2, pmove=0.48
2026-06-02 21:46:26,978 - Step 01042: 448.1207 E_h, exp. variance=33215.9844 E_h^2, pmove=0.47
2026-06-02 21:46:27,623 - Step 01043: 110.6280 E_h, exp. variance=29901.1523 E_h^2, pmove=0.47
2026-06-02 21:46:28,272 - Step 01044: 189.7258 E_h, exp. variance=27590.7168 E_h^2, pmove=0.46
2026-06-02 21:46:28,925 - Step 01045: 7194.9014 E_h, exp. variance=4540526.0000 E_h^2, pmove=0.46
2026-06-02 21:46:29,570 - Step 01046: 411.0135 E_h, exp. variance=4101516.7500 E_h^2, pmove=0.46
2026-06-02 21:46:30,216 - Step 01047: 35.6358 E_h, exp. variance=3741093.7500 E_h^2, pmove=0.46
2026-06-02 21:46:30,861 - Step 01048: 19.5300 E_h, exp. variance=3409227.5000 E_h^2, pmove=0.45
2026-06-02 21:46:31,508 - Step 01049: 50.6264 E_h, exp. variance=3099157.2500 E_h^2, pmove=0.47
2026-06-02 21:46:32,154 - Step 01050: 319.4183 E_h, exp. variance=2795239.5000 E_h^2, pmove=0.46
2026-06-02 21:46:32,803 - Step 01051: 136.7929 E_h, exp. variance=2531213.2500 E_h^2, pmove=0.46
2026-06-02 21:46:33,450 - Step 01052: 19.8713 E_h, exp. variance=2299735.2500 E_h^2, pmove=0.46
2026-06-02 21:46:34,096 - Step 01053: 33.2220 E_h, exp. variance=2086248.3750 E_h^2, pmove=0.47
2026-06-02 21:46:34,742 - Step 01054: 19.9314 E_h, exp. variance=1891915.1250 E_h^2, pmove=0.47
2026-06-02 21:46:35,387 - Step 01055: 80.2126 E_h, exp. variance=1710735.3750 E_h^2, pmove=0.47
2026-06-02 21:46:36,034 - Step 01056: 43.1320 E_h, exp. variance=1548067.3750 E_h^2, pmove=0.47
2026-06-02 21:46:36,681 - Step 01057: 18.9639 E_h, exp. variance=1401318.2500 E_h^2, pmove=0.48
2026-06-02 21:46:37,327 - Step 01058: 364.5020 E_h, exp. variance=1261709.6250 E_h^2, pmove=0.48
2026-06-02 21:46:37,974 - Step 01059: 207.2627 E_h, exp. variance=1136245.5000 E_h^2, pmove=0.48
2026-06-02 21:46:38,621 - Step 01060: 76.6818 E_h, exp. variance=1026602.6250 E_h^2, pmove=0.47
2026-06-02 21:46:39,267 - Step 01061: 63.7111 E_h, exp. variance=927624.6875 E_h^2, pmove=0.47
2026-06-02 21:46:39,913 - Step 01062: 39.7052 E_h, exp. variance=838683.3750 E_h^2, pmove=0.47
2026-06-02 21:46:40,560 - Step 01063: 26.2763 E_h, exp. variance=758374.6875 E_h^2, pmove=0.46
2026-06-02 21:46:41,207 - Step 01064: 58.8901 E_h, exp. variance=684465.5000 E_h^2, pmove=0.47
2026-06-02 21:46:41,852 - Step 01065: 26.4990 E_h, exp. variance=618443.3750 E_h^2, pmove=0.46
2026-06-02 21:46:42,499 - Step 01066: 21.7794 E_h, exp. variance=558690.3125 E_h^2, pmove=0.47
2026-06-02 21:46:43,146 - Step 01067: 21.0400 E_h, exp. variance=504533.5312 E_h^2, pmove=0.47
2026-06-02 21:46:43,791 - Step 01068: 21.5284 E_h, exp. variance=455456.1875 E_h^2, pmove=0.47
2026-06-02 21:46:44,437 - Step 01069: 84.6968 E_h, exp. variance=410118.9375 E_h^2, pmove=0.48
2026-06-02 21:46:45,085 - Step 01070: 19.5112 E_h, exp. variance=370166.3438 E_h^2, pmove=0.47
2026-06-02 21:46:45,731 - Step 01071: 21.9483 E_h, exp. variance=333965.4375 E_h^2, pmove=0.48
2026-06-02 21:46:46,377 - Step 01072: 85.2812 E_h, exp. variance=300613.8438 E_h^2, pmove=0.48
2026-06-02 21:46:47,023 - Step 01073: 21.7636 E_h, exp. variance=271181.9375 E_h^2, pmove=0.48
2026-06-02 21:46:47,670 - Step 01074: 124.1005 E_h, exp. variance=244129.6562 E_h^2, pmove=0.49
2026-06-02 21:46:48,317 - Step 01075: 27.4304 E_h, exp. variance=220187.2656 E_h^2, pmove=0.48
2026-06-02 21:46:48,965 - Step 01076: 47.7364 E_h, exp. variance=198348.9375 E_h^2, pmove=0.49
2026-06-02 21:46:49,609 - Step 01077: 44.1287 E_h, exp. variance=178687.5156 E_h^2, pmove=0.49
2026-06-02 21:46:50,254 - Step 01078: 23.9083 E_h, exp. variance=161139.8906 E_h^2, pmove=0.49
2026-06-02 21:46:50,900 - Step 01079: 63.0440 E_h, exp. variance=145045.1562 E_h^2, pmove=0.49
2026-06-02 21:46:51,545 - Step 01080: 51.1257 E_h, exp. variance=130597.2500 E_h^2, pmove=0.49
2026-06-02 21:46:52,191 - Step 01081: 26.0133 E_h, exp. variance=117742.1641 E_h^2, pmove=0.49
2026-06-02 21:46:52,836 - Step 01082: 22.7241 E_h, exp. variance=106160.0859 E_h^2, pmove=0.49
2026-06-02 21:46:53,486 - Step 01083: 13.0690 E_h, exp. variance=95780.3750 E_h^2, pmove=0.49
2026-06-02 21:46:54,134 - Step 01084: 137.8483 E_h, exp. variance=86759.2500 E_h^2, pmove=0.50
2026-06-02 21:46:54,779 - Step 01085: 16.7673 E_h, exp. variance=78310.8828 E_h^2, pmove=0.50
2026-06-02 21:46:55,424 - Step 01086: 44.6647 E_h, exp. variance=70506.9141 E_h^2, pmove=0.51
2026-06-02 21:46:56,069 - Step 01087: 50.6866 E_h, exp. variance=63464.5195 E_h^2, pmove=0.50
2026-06-02 21:46:56,715 - Step 01088: 22.2097 E_h, exp. variance=57242.0586 E_h^2, pmove=0.50
2026-06-02 21:46:57,362 - Step 01089: 221.1671 E_h, exp. variance=53984.5156 E_h^2, pmove=0.50
2026-06-02 21:46:58,007 - Step 01090: 68.2873 E_h, exp. variance=48587.4180 E_h^2, pmove=0.50
2026-06-02 21:46:58,652 - Step 01091: 23.0375 E_h, exp. variance=43942.5195 E_h^2, pmove=0.51
2026-06-02 21:46:59,298 - Step 01092: 31.6465 E_h, exp. variance=39660.1680 E_h^2, pmove=0.51
2026-06-02 21:46:59,943 - Step 01093: 71.3776 E_h, exp. variance=35699.9062 E_h^2, pmove=0.50
2026-06-02 21:47:00,589 - Step 01094: 22.0251 E_h, exp. variance=32289.8555 E_h^2, pmove=0.50
2026-06-02 21:47:01,237 - Step 01095: 130.8340 E_h, exp. variance=29512.8809 E_h^2, pmove=0.50
2026-06-02 21:47:01,883 - Step 01096: 57.1993 E_h, exp. variance=26570.3301 E_h^2, pmove=0.50
2026-06-02 21:47:02,528 - Step 01097: 253.6361 E_h, exp. variance=27079.6895 E_h^2, pmove=0.50
2026-06-02 21:47:03,174 - Step 01098: 87.7260 E_h, exp. variance=24372.4766 E_h^2, pmove=0.50
2026-06-02 21:47:03,820 - Step 01099: 32.7636 E_h, exp. variance=22181.8809 E_h^2, pmove=0.50
2026-06-02 21:47:04,466 - Step 01100: 28.4577 E_h, exp. variance=20201.6660 E_h^2, pmove=0.50
2026-06-02 21:47:05,111 - Step 01101: 66.0528 E_h, exp. variance=18188.2852 E_h^2, pmove=0.50
2026-06-02 21:47:05,760 - Step 01102: 44.1348 E_h, exp. variance=16449.0254 E_h^2, pmove=0.50
2026-06-02 21:47:06,406 - Step 01103: 49.3034 E_h, exp. variance=14846.0811 E_h^2, pmove=0.50
2026-06-02 21:47:07,052 - Step 01104: 38.7246 E_h, exp. variance=13442.5342 E_h^2, pmove=0.49
2026-06-02 21:47:07,698 - Step 01105: 29.0113 E_h, exp. variance=12219.6562 E_h^2, pmove=0.50
2026-06-02 21:47:08,345 - Step 01106: 25.3976 E_h, exp. variance=11118.6787 E_h^2, pmove=0.49
2026-06-02 21:47:08,991 - Step 01107: 1270.0529 E_h, exp. variance=142136.9062 E_h^2, pmove=0.50
2026-06-02 21:47:09,640 - Step 01108: 29.7482 E_h, exp. variance=129943.1797 E_h^2, pmove=0.50
2026-06-02 21:47:10,285 - Step 01109: 94.9766 E_h, exp. variance=117384.8828 E_h^2, pmove=0.49
2026-06-02 21:47:10,931 - Step 01110: 19.5098 E_h, exp. variance=107363.0938 E_h^2, pmove=0.49
2026-06-02 21:47:11,576 - Step 01111: 19.6512 E_h, exp. variance=98014.1484 E_h^2, pmove=0.48
2026-06-02 21:47:12,221 - Step 01112: 24.1043 E_h, exp. variance=89248.7188 E_h^2, pmove=0.49
2026-06-02 21:47:12,867 - Step 01113: 21.2442 E_h, exp. variance=81213.4375 E_h^2, pmove=0.49
2026-06-02 21:47:13,514 - Step 01114: 42.6325 E_h, exp. variance=73509.3516 E_h^2, pmove=0.49
2026-06-02 21:47:14,160 - Step 01115: 24.6509 E_h, exp. variance=66723.8359 E_h^2, pmove=0.49
2026-06-02 21:47:14,807 - Step 01116: 43.8651 E_h, exp. variance=60295.9570 E_h^2, pmove=0.49
2026-06-02 21:47:15,459 - Step 01117: 14.5000 E_h, exp. variance=54789.9648 E_h^2, pmove=0.49
2026-06-02 21:47:16,104 - Step 01118: 80.7973 E_h, exp. variance=49311.4609 E_h^2, pmove=0.50
2026-06-02 21:47:16,750 - Step 01119: 30.9416 E_h, exp. variance=44623.4023 E_h^2, pmove=0.49
2026-06-02 21:47:17,396 - Step 01120: 13.4954 E_h, exp. variance=40532.2383 E_h^2, pmove=0.49
2026-06-02 21:47:18,042 - Step 01121: 12.0082 E_h, exp. variance=36795.3398 E_h^2, pmove=0.49
2026-06-02 21:47:18,689 - Step 01122: 22.5166 E_h, exp. variance=33281.0430 E_h^2, pmove=0.50
2026-06-02 21:47:19,334 - Step 01123: 19.0107 E_h, exp. variance=30112.2207 E_h^2, pmove=0.50
2026-06-02 21:47:19,980 - Step 01124: 34.4269 E_h, exp. variance=27146.3418 E_h^2, pmove=0.50
2026-06-02 21:47:20,626 - Step 01125: 28.5303 E_h, exp. variance=24493.0078 E_h^2, pmove=0.50
2026-06-02 21:47:21,272 - Step 01126: 21.4381 E_h, exp. variance=22127.8711 E_h^2, pmove=0.50
2026-06-02 21:47:21,919 - Step 01127: 25.7234 E_h, exp. variance=19963.6797 E_h^2, pmove=0.50
2026-06-02 21:47:22,566 - Step 01128: 243.6781 E_h, exp. variance=21461.5820 E_h^2, pmove=0.50
2026-06-02 21:47:23,213 - Step 01129: 28.8904 E_h, exp. variance=19441.6523 E_h^2, pmove=0.50
2026-06-02 21:47:23,861 - Step 01130: 18.6220 E_h, exp. variance=17671.5215 E_h^2, pmove=0.50
2026-06-02 21:47:24,508 - Step 01131: 31.1602 E_h, exp. variance=15970.1660 E_h^2, pmove=0.50
2026-06-02 21:47:25,156 - Step 01132: 28.3756 E_h, exp. variance=14439.3389 E_h^2, pmove=0.50
2026-06-02 21:47:25,805 - Step 01133: 14.4144 E_h, exp. variance=13127.8975 E_h^2, pmove=0.50
2026-06-02 21:47:26,452 - Step 01134: 55.2076 E_h, exp. variance=11818.6357 E_h^2, pmove=0.51
2026-06-02 21:47:27,098 - Step 01135: 16.3180 E_h, exp. variance=10736.2979 E_h^2, pmove=0.50
2026-06-02 21:47:27,745 - Step 01136: 14.2001 E_h, exp. variance=9755.0967 E_h^2, pmove=0.51
2026-06-02 21:47:28,391 - Step 01137: 19.8407 E_h, exp. variance=8828.0342 E_h^2, pmove=0.50
2026-06-02 21:47:29,039 - Step 01138: 73.6356 E_h, exp. variance=8042.7285 E_h^2, pmove=0.51
2026-06-02 21:47:29,686 - Step 01139: 15.4878 E_h, exp. variance=7311.6890 E_h^2, pmove=0.50
2026-06-02 21:47:30,332 - Step 01140: 11.2723 E_h, exp. variance=6660.9185 E_h^2, pmove=0.51
2026-06-02 21:47:30,979 - Step 01141: 14.6831 E_h, exp. variance=6044.4814 E_h^2, pmove=0.51
2026-06-02 21:47:31,626 - Step 01142: 16.8317 E_h, exp. variance=5472.4932 E_h^2, pmove=0.51
2026-06-02 21:47:32,272 - Step 01143: 8.8999 E_h, exp. variance=4981.6021 E_h^2, pmove=0.51
2026-06-02 21:47:32,918 - Step 01144: 22.8737 E_h, exp. variance=4490.0176 E_h^2, pmove=0.53
2026-06-02 21:47:33,565 - Step 01145: 12.5932 E_h, exp. variance=4070.0898 E_h^2, pmove=0.53
2026-06-02 21:47:34,213 - Step 01146: 13.0389 E_h, exp. variance=3685.3511 E_h^2, pmove=0.53
2026-06-02 21:47:34,860 - Step 01147: 41.5045 E_h, exp. variance=3335.2410 E_h^2, pmove=0.53
2026-06-02 21:47:35,507 - Step 01148: 34.0331 E_h, exp. variance=3004.3469 E_h^2, pmove=0.53
2026-06-02 21:47:36,153 - Step 01149: 42.1369 E_h, exp. variance=2719.0500 E_h^2, pmove=0.53
2026-06-02 21:47:36,800 - Step 01150: 18.2455 E_h, exp. variance=2460.5828 E_h^2, pmove=0.53
2026-06-02 21:47:37,446 - Step 01151: 179.4924 E_h, exp. variance=4246.2720 E_h^2, pmove=0.53
2026-06-02 21:47:38,092 - Step 01152: 10.7006 E_h, exp. variance=3923.0525 E_h^2, pmove=0.52
2026-06-02 21:47:38,739 - Step 01153: 11.0848 E_h, exp. variance=3610.8110 E_h^2, pmove=0.53
2026-06-02 21:47:39,385 - Step 01154: 50.8521 E_h, exp. variance=3264.7617 E_h^2, pmove=0.53
2026-06-02 21:47:40,033 - Step 01155: 21.9063 E_h, exp. variance=2965.2668 E_h^2, pmove=0.53
2026-06-02 21:47:40,679 - Step 01156: 12.8343 E_h, exp. variance=2723.4480 E_h^2, pmove=0.52
2026-06-02 21:47:41,325 - Step 01157: 16.7089 E_h, exp. variance=2481.2925 E_h^2, pmove=0.53
2026-06-02 21:47:41,971 - Step 01158: 31.3865 E_h, exp. variance=2233.4568 E_h^2, pmove=0.52
2026-06-02 21:47:42,619 - Step 01159: 30.0868 E_h, exp. variance=2010.8810 E_h^2, pmove=0.53
2026-06-02 21:47:43,266 - Step 01160: 12.7186 E_h, exp. variance=1845.7952 E_h^2, pmove=0.53
2026-06-02 21:47:43,911 - Step 01161: 24.0439 E_h, exp. variance=1665.2260 E_h^2, pmove=0.53
2026-06-02 21:47:44,559 - Step 01162: 13.9627 E_h, exp. variance=1522.0002 E_h^2, pmove=0.53
2026-06-02 21:47:45,205 - Step 01163: 447.8840 E_h, exp. variance=17203.5840 E_h^2, pmove=0.54
2026-06-02 21:47:45,851 - Step 01164: 14.1054 E_h, exp. variance=15768.3086 E_h^2, pmove=0.53
2026-06-02 21:47:46,499 - Step 01165: 11.0915 E_h, exp. variance=14450.6924 E_h^2, pmove=0.53
2026-06-02 21:47:47,146 - Step 01166: 16.4598 E_h, exp. variance=13171.5088 E_h^2, pmove=0.53
2026-06-02 21:47:47,793 - Step 01167: 159.1220 E_h, exp. variance=12828.2324 E_h^2, pmove=0.53
2026-06-02 21:47:48,440 - Step 01168: 14.8190 E_h, exp. variance=11776.5889 E_h^2, pmove=0.53
2026-06-02 21:47:49,086 - Step 01169: 43.1248 E_h, exp. variance=10625.8906 E_h^2, pmove=0.53
2026-06-02 21:47:49,732 - Step 01170: 12.9813 E_h, exp. variance=9751.4365 E_h^2, pmove=0.53
2026-06-02 21:47:50,380 - Step 01171: 10.2686 E_h, exp. variance=8949.4365 E_h^2, pmove=0.53
2026-06-02 21:47:51,027 - Step 01172: 18.3677 E_h, exp. variance=8143.0942 E_h^2, pmove=0.53
2026-06-02 21:47:51,675 - Step 01173: 13.1906 E_h, exp. variance=7429.2793 E_h^2, pmove=0.53
2026-06-02 21:47:52,320 - Step 01174: 14.7429 E_h, exp. variance=6759.5654 E_h^2, pmove=0.53
2026-06-02 21:47:52,967 - Step 01175: 11.5789 E_h, exp. variance=6158.4331 E_h^2, pmove=0.53
2026-06-02 21:47:53,614 - Step 01176: 12.6942 E_h, exp. variance=5598.0991 E_h^2, pmove=0.52
2026-06-02 21:47:54,268 - Step 01177: 10.3151 E_h, exp. variance=5093.3330 E_h^2, pmove=0.53
2026-06-02 21:47:54,916 - Step 01178: 12.8041 E_h, exp. variance=4619.1709 E_h^2, pmove=0.54
2026-06-02 21:47:55,563 - Step 01179: 25.0991 E_h, exp. variance=4159.9731 E_h^2, pmove=0.54
2026-06-02 21:47:56,211 - Step 01180: 783.8644 E_h, exp. variance=54885.7578 E_h^2, pmove=0.54
2026-06-02 21:47:56,858 - Step 01181: 22.1617 E_h, exp. variance=50021.1758 E_h^2, pmove=0.53
2026-06-02 21:47:57,506 - Step 01182: 10.6490 E_h, exp. variance=45691.7148 E_h^2, pmove=0.53
2026-06-02 21:47:58,157 - Step 01183: 13.2850 E_h, exp. variance=41631.1055 E_h^2, pmove=0.53
2026-06-02 21:47:58,805 - Step 01184: 27.3301 E_h, exp. variance=37726.6445 E_h^2, pmove=0.53
2026-06-02 21:47:59,452 - Step 01185: 28.7789 E_h, exp. variance=34151.0938 E_h^2, pmove=0.53
2026-06-02 21:48:00,103 - Step 01186: 10.9620 E_h, exp. variance=31059.2949 E_h^2, pmove=0.53
2026-06-02 21:48:00,750 - Step 01187: 229.0214 E_h, exp. variance=30377.4570 E_h^2, pmove=0.53
2026-06-02 21:48:01,397 - Step 01188: 29.2722 E_h, exp. variance=27583.4824 E_h^2, pmove=0.52
2026-06-02 21:48:02,047 - Step 01189: 15.6728 E_h, exp. variance=25153.8926 E_h^2, pmove=0.52
2026-06-02 21:48:02,693 - Step 01190: 36.3118 E_h, exp. variance=22741.0547 E_h^2, pmove=0.52
2026-06-02 21:48:03,340 - Step 01191: 8.7562 E_h, exp. variance=20769.0430 E_h^2, pmove=0.52
2026-06-02 21:48:03,988 - Step 01192: 8.8715 E_h, exp. variance=18935.7539 E_h^2, pmove=0.53
2026-06-02 21:48:04,635 - Step 01193: 11.6216 E_h, exp. variance=17217.0078 E_h^2, pmove=0.54
2026-06-02 21:48:05,282 - Step 01194: 9.7044 E_h, exp. variance=15650.9385 E_h^2, pmove=0.54
2026-06-02 21:48:05,932 - Step 01195: 432.7399 E_h, exp. variance=27468.3828 E_h^2, pmove=0.55
2026-06-02 21:48:06,582 - Step 01196: 20.4359 E_h, exp. variance=25104.7852 E_h^2, pmove=0.55
2026-06-02 21:48:07,228 - Step 01197: 55.7953 E_h, exp. variance=22643.4609 E_h^2, pmove=0.54
2026-06-02 21:48:07,875 - Step 01198: 19.1946 E_h, exp. variance=20678.0645 E_h^2, pmove=0.54
2026-06-02 21:48:08,523 - Step 01199: 8.5314 E_h, exp. variance=18962.1992 E_h^2, pmove=0.54
2026-06-02 21:48:09,171 - Step 01200: 30.6227 E_h, exp. variance=17171.1777 E_h^2, pmove=0.55
2026-06-02 21:48:09,821 - Step 01201: 9.5837 E_h, exp. variance=15695.6377 E_h^2, pmove=0.55
2026-06-02 21:48:10,470 - Step 01202: 49.6378 E_h, exp. variance=14129.9639 E_h^2, pmove=0.55
2026-06-02 21:48:11,117 - Step 01203: 22.0629 E_h, exp. variance=12817.9189 E_h^2, pmove=0.55
2026-06-02 21:48:11,765 - Step 01204: 17.8133 E_h, exp. variance=11642.5801 E_h^2, pmove=0.55
2026-06-02 21:48:12,413 - Step 01205: 16.1742 E_h, exp. variance=10573.9229 E_h^2, pmove=0.54
2026-06-02 21:48:13,061 - Step 01206: 28.4970 E_h, exp. variance=9542.5703 E_h^2, pmove=0.55
2026-06-02 21:48:13,711 - Step 01207: 13.7384 E_h, exp. variance=8669.6777 E_h^2, pmove=0.54
2026-06-02 21:48:14,359 - Step 01208: 10.7933 E_h, exp. variance=7883.7412 E_h^2, pmove=0.55
2026-06-02 21:48:15,007 - Step 01209: 32.3011 E_h, exp. variance=7098.0869 E_h^2, pmove=0.56
2026-06-02 21:48:15,655 - Step 01210: 20.3003 E_h, exp. variance=6414.1309 E_h^2, pmove=0.56
2026-06-02 21:48:16,302 - Step 01211: 8.9399 E_h, exp. variance=5836.4653 E_h^2, pmove=0.56
2026-06-02 21:48:16,950 - Step 01212: 9.3376 E_h, exp. variance=5302.7544 E_h^2, pmove=0.56
2026-06-02 21:48:17,601 - Step 01213: 29.0675 E_h, exp. variance=4772.6729 E_h^2, pmove=0.57
2026-06-02 21:48:18,249 - Step 01214: 11.2030 E_h, exp. variance=4328.5391 E_h^2, pmove=0.56
2026-06-02 21:48:18,897 - Step 01215: 16.8406 E_h, exp. variance=3907.8601 E_h^2, pmove=0.57
2026-06-02 21:48:19,544 - Step 01216: 15.3310 E_h, exp. variance=3529.9851 E_h^2, pmove=0.57
2026-06-02 21:48:20,193 - Step 01217: 16.8157 E_h, exp. variance=3184.7620 E_h^2, pmove=0.57
2026-06-02 21:48:20,841 - Step 01218: 14.7403 E_h, exp. variance=2876.0967 E_h^2, pmove=0.57
2026-06-02 21:48:21,492 - Step 01219: 44.0329 E_h, exp. variance=2624.1130 E_h^2, pmove=0.57
2026-06-02 21:48:22,140 - Step 01220: 10.4053 E_h, exp. variance=2383.9458 E_h^2, pmove=0.57
2026-06-02 21:48:22,788 - Step 01221: 9.3755 E_h, exp. variance=2166.2874 E_h^2, pmove=0.57
2026-06-02 21:48:23,437 - Step 01222: 11.6002 E_h, exp. variance=1961.4298 E_h^2, pmove=0.57
2026-06-02 21:48:24,085 - Step 01223: 10.5226 E_h, exp. variance=1776.9225 E_h^2, pmove=0.57
2026-06-02 21:48:24,732 - Step 01224: 12.5907 E_h, exp. variance=1605.2306 E_h^2, pmove=0.57
2026-06-02 21:48:25,382 - Step 01225: 12.9498 E_h, exp. variance=1449.1044 E_h^2, pmove=0.57
2026-06-02 21:48:26,030 - Step 01226: 28.0319 E_h, exp. variance=1311.1499 E_h^2, pmove=0.56
2026-06-02 21:48:26,678 - Step 01227: 42.7864 E_h, exp. variance=1226.2755 E_h^2, pmove=0.56
2026-06-02 21:48:27,325 - Step 01228: 14.8487 E_h, exp. variance=1108.7614 E_h^2, pmove=0.56
2026-06-02 21:48:27,973 - Step 01229: 9.2937 E_h, exp. variance=1011.5872 E_h^2, pmove=0.55
2026-06-02 21:48:28,621 - Step 01230: 9.5539 E_h, exp. variance=921.0131 E_h^2, pmove=0.56
2026-06-02 21:48:29,270 - Step 01231: 8.1389 E_h, exp. variance=840.1516 E_h^2, pmove=0.56
2026-06-02 21:48:29,918 - Step 01232: 9.5727 E_h, exp. variance=762.8298 E_h^2, pmove=0.57
2026-06-02 21:48:30,567 - Step 01233: 33.8845 E_h, exp. variance=711.1989 E_h^2, pmove=0.57
2026-06-02 21:48:31,214 - Step 01234: 8.4579 E_h, exp. variance=650.0609 E_h^2, pmove=0.57
2026-06-02 21:48:31,861 - Step 01235: 13.3048 E_h, exp. variance=586.9852 E_h^2, pmove=0.57
2026-06-02 21:48:32,508 - Step 01236: 9.5593 E_h, exp. variance=533.9230 E_h^2, pmove=0.57
2026-06-02 21:48:33,160 - Step 01237: 22.6067 E_h, exp. variance=483.6903 E_h^2, pmove=0.57
2026-06-02 21:48:33,808 - Step 01238: 20.0560 E_h, exp. variance=436.0177 E_h^2, pmove=0.57
2026-06-02 21:48:34,455 - Step 01239: 19.1655 E_h, exp. variance=392.6501 E_h^2, pmove=0.56
2026-06-02 21:48:35,103 - Step 01240: 8.4926 E_h, exp. variance=361.0377 E_h^2, pmove=0.56
2026-06-02 21:48:35,752 - Step 01241: 9.9216 E_h, exp. variance=329.1815 E_h^2, pmove=0.56
2026-06-02 21:48:36,400 - Step 01242: 9.2029 E_h, exp. variance=300.5503 E_h^2, pmove=0.56
2026-06-02 21:48:37,048 - Step 01243: 25.8223 E_h, exp. variance=280.2445 E_h^2, pmove=0.56
2026-06-02 21:48:37,697 - Step 01244: 13.3059 E_h, exp. variance=253.1127 E_h^2, pmove=0.56
2026-06-02 21:48:38,344 - Step 01245: 23.7755 E_h, exp. variance=233.0482 E_h^2, pmove=0.56
2026-06-02 21:48:38,993 - Step 01246: 8.5025 E_h, exp. variance=216.0957 E_h^2, pmove=0.55
2026-06-02 21:48:39,642 - Step 01247: 9.2068 E_h, exp. variance=198.7176 E_h^2, pmove=0.56
2026-06-02 21:48:40,290 - Step 01248: 303.1105 E_h, exp. variance=7629.9458 E_h^2, pmove=0.55
2026-06-02 21:48:40,941 - Step 01249: 42.7473 E_h, exp. variance=6867.1284 E_h^2, pmove=0.55
2026-06-02 21:48:41,590 - Step 01250: 9.1402 E_h, exp. variance=6289.8521 E_h^2, pmove=0.55
2026-06-02 21:48:42,238 - Step 01251: 9.3215 E_h, exp. variance=5748.4893 E_h^2, pmove=0.55
2026-06-02 21:48:42,886 - Step 01252: 8.1431 E_h, exp. variance=5250.6958 E_h^2, pmove=0.56
2026-06-02 21:48:43,534 - Step 01253: 167.6691 E_h, exp. variance=6322.2271 E_h^2, pmove=0.56
2026-06-02 21:48:44,181 - Step 01254: 274.5614 E_h, exp. variance=10318.0059 E_h^2, pmove=0.55
2026-06-02 21:48:44,830 - Step 01255: 43.3833 E_h, exp. variance=9352.2520 E_h^2, pmove=0.56
2026-06-02 21:48:45,478 - Step 01256: 8.6691 E_h, exp. variance=8731.3262 E_h^2, pmove=0.55
2026-06-02 21:48:46,127 - Step 01257: 11.5097 E_h, exp. variance=8086.3091 E_h^2, pmove=0.56
2026-06-02 21:48:46,775 - Step 01258: 180.5165 E_h, exp. variance=8654.7500 E_h^2, pmove=0.56
2026-06-02 21:48:47,422 - Step 01259: 335.2669 E_h, exp. variance=14161.0068 E_h^2, pmove=0.56
2026-06-02 21:48:48,070 - Step 01260: 14.1899 E_h, exp. variance=13344.2881 E_h^2, pmove=0.55
2026-06-02 21:48:48,719 - Step 01261: 18.4573 E_h, exp. variance=12440.5801 E_h^2, pmove=0.55
2026-06-02 21:48:49,367 - Step 01262: 9.7512 E_h, exp. variance=11649.7979 E_h^2, pmove=0.55
2026-06-02 21:48:50,014 - Step 01263: 28.2252 E_h, exp. variance=10670.2969 E_h^2, pmove=0.56
2026-06-02 21:48:50,663 - Step 01264: 25.8499 E_h, exp. variance=9771.4805 E_h^2, pmove=0.55
2026-06-02 21:48:51,311 - Step 01265: 13.9139 E_h, exp. variance=9027.0029 E_h^2, pmove=0.55
2026-06-02 21:48:51,959 - Step 01266: 15.7914 E_h, exp. variance=8297.6182 E_h^2, pmove=0.56
2026-06-02 21:48:52,609 - Step 01267: 14.0045 E_h, exp. variance=7621.2324 E_h^2, pmove=0.56
2026-06-02 21:48:53,256 - Step 01268: 10.4243 E_h, exp. variance=7008.4404 E_h^2, pmove=0.56
2026-06-02 21:48:53,904 - Step 01269: 27.6948 E_h, exp. variance=6341.4336 E_h^2, pmove=0.56
2026-06-02 21:48:54,552 - Step 01270: 9.8361 E_h, exp. variance=5819.4990 E_h^2, pmove=0.56
2026-06-02 21:48:55,200 - Step 01271: 9.2234 E_h, exp. variance=5331.9771 E_h^2, pmove=0.56
2026-06-02 21:48:55,849 - Step 01272: 16.8844 E_h, exp. variance=4840.3477 E_h^2, pmove=0.56
2026-06-02 21:48:56,499 - Step 01273: 10.7639 E_h, exp. variance=4414.6636 E_h^2, pmove=0.56
2026-06-02 21:48:57,146 - Step 01274: 7.5575 E_h, exp. variance=4034.6133 E_h^2, pmove=0.56
2026-06-02 21:48:57,794 - Step 01275: 7.4729 E_h, exp. variance=3681.2573 E_h^2, pmove=0.57
2026-06-02 21:48:58,441 - Step 01276: 9.7176 E_h, exp. variance=3345.5901 E_h^2, pmove=0.57
2026-06-02 21:48:59,089 - Step 01277: 14.2127 E_h, exp. variance=3025.3120 E_h^2, pmove=0.57
2026-06-02 21:48:59,736 - Step 01278: 17.2837 E_h, exp. variance=2728.9302 E_h^2, pmove=0.56
2026-06-02 21:49:00,388 - Step 01279: 23.2353 E_h, exp. variance=2456.2363 E_h^2, pmove=0.57
2026-06-02 21:49:01,036 - Step 01280: 59.4341 E_h, exp. variance=2319.9810 E_h^2, pmove=0.56
2026-06-02 21:49:01,684 - Step 01281: 208.4006 E_h, exp. variance=5015.0176 E_h^2, pmove=0.56
2026-06-02 21:49:02,332 - Step 01282: 8.1455 E_h, exp. variance=4643.1260 E_h^2, pmove=0.56
2026-06-02 21:49:02,979 - Step 01283: 11.1137 E_h, exp. variance=4266.3433 E_h^2, pmove=0.56
2026-06-02 21:49:03,627 - Step 01284: 7.0518 E_h, exp. variance=3932.6135 E_h^2, pmove=0.56
2026-06-02 21:49:04,277 - Step 01285: 9.1942 E_h, exp. variance=3603.8672 E_h^2, pmove=0.57
2026-06-02 21:49:04,926 - Step 01286: 15.0260 E_h, exp. variance=3273.5042 E_h^2, pmove=0.56
2026-06-02 21:49:05,574 - Step 01287: 10.0657 E_h, exp. variance=2987.3640 E_h^2, pmove=0.56
2026-06-02 21:49:06,222 - Step 01288: 26.9132 E_h, exp. variance=2689.1506 E_h^2, pmove=0.56
2026-06-02 21:49:06,870 - Step 01289: 8.1694 E_h, exp. variance=2459.6003 E_h^2, pmove=0.56
2026-06-02 21:49:07,521 - Step 01290: 20.1186 E_h, exp. variance=2217.8918 E_h^2, pmove=0.56
2026-06-02 21:49:08,169 - Step 01291: 7.1303 E_h, exp. variance=2029.1910 E_h^2, pmove=0.56
2026-06-02 21:49:08,818 - Step 01292: 9.3875 E_h, exp. variance=1846.5206 E_h^2, pmove=0.57
2026-06-02 21:49:09,466 - Step 01293: 71.5502 E_h, exp. variance=1874.9968 E_h^2, pmove=0.56
2026-06-02 21:49:10,114 - Step 01294: 202.3133 E_h, exp. variance=4429.9019 E_h^2, pmove=0.56
2026-06-02 21:49:10,762 - Step 01295: 6.8358 E_h, exp. variance=4119.4395 E_h^2, pmove=0.56
2026-06-02 21:49:11,414 - Step 01296: 7.7466 E_h, exp. variance=3809.2561 E_h^2, pmove=0.57
2026-06-02 21:49:12,067 - Step 01297: 7.6099 E_h, exp. variance=3511.5024 E_h^2, pmove=0.57
2026-06-02 21:49:12,715 - Step 01298: 98.1446 E_h, exp. variance=3519.5505 E_h^2, pmove=0.57
2026-06-02 21:49:13,362 - Step 01299: 6.0360 E_h, exp. variance=3279.4324 E_h^2, pmove=0.57
2026-06-02 21:49:14,011 - Step 01300: 7.6200 E_h, exp. variance=3033.2571 E_h^2, pmove=0.57
2026-06-02 21:49:14,659 - Step 01301: 39.5284 E_h, exp. variance=2731.9883 E_h^2, pmove=0.57
2026-06-02 21:49:15,311 - Step 01302: 21.2718 E_h, exp. variance=2476.3137 E_h^2, pmove=0.57
2026-06-02 21:49:15,960 - Step 01303: 7.5935 E_h, exp. variance=2290.6360 E_h^2, pmove=0.57
2026-06-02 21:49:16,609 - Step 01304: 7.3062 E_h, exp. variance=2112.9834 E_h^2, pmove=0.57
2026-06-02 21:49:17,257 - Step 01305: 11.8576 E_h, exp. variance=1927.5699 E_h^2, pmove=0.56
2026-06-02 21:49:17,905 - Step 01306: 13.7391 E_h, exp. variance=1750.9291 E_h^2, pmove=0.56
2026-06-02 21:49:18,556 - Step 01307: 114.5903 E_h, exp. variance=2285.6494 E_h^2, pmove=0.56
2026-06-02 21:49:19,211 - Step 01308: 31.6059 E_h, exp. variance=2057.9258 E_h^2, pmove=0.56
2026-06-02 21:49:19,859 - Step 01309: 8.8029 E_h, exp. variance=1910.9070 E_h^2, pmove=0.56
2026-06-02 21:49:20,508 - Step 01310: 10.7199 E_h, exp. variance=1759.8177 E_h^2, pmove=0.56
2026-06-02 21:49:21,156 - Step 01311: 8.0146 E_h, exp. variance=1626.1353 E_h^2, pmove=0.56
2026-06-02 21:49:21,805 - Step 01312: 6.9367 E_h, exp. variance=1501.6746 E_h^2, pmove=0.56
2026-06-02 21:49:22,456 - Step 01313: 15.6744 E_h, exp. variance=1360.1377 E_h^2, pmove=0.56
2026-06-02 21:49:23,105 - Step 01314: 9.8229 E_h, exp. variance=1243.4792 E_h^2, pmove=0.56
2026-06-02 21:49:23,754 - Step 01315: 11.7963 E_h, exp. variance=1130.4714 E_h^2, pmove=0.55
2026-06-02 21:49:24,402 - Step 01316: 13.9180 E_h, exp. variance=1023.1566 E_h^2, pmove=0.55
2026-06-02 21:49:25,051 - Step 01317: 6.2675 E_h, exp. variance=940.6432 E_h^2, pmove=0.56
2026-06-02 21:49:25,699 - Step 01318: 13.4630 E_h, exp. variance=849.9878 E_h^2, pmove=0.56
2026-06-02 21:49:26,350 - Step 01319: 11.1986 E_h, exp. variance=770.4693 E_h^2, pmove=0.56
2026-06-02 21:49:26,999 - Step 01320: 6.2427 E_h, exp. variance=706.3368 E_h^2, pmove=0.56
2026-06-02 21:49:27,647 - Step 01321: 7.2168 E_h, exp. variance=644.3589 E_h^2, pmove=0.56
2026-06-02 21:49:28,296 - Step 01322: 8.3812 E_h, exp. variance=585.2063 E_h^2, pmove=0.56
2026-06-02 21:49:28,944 - Step 01323: 8.8714 E_h, exp. variance=530.3784 E_h^2, pmove=0.56
2026-06-02 21:49:29,593 - Step 01324: 6.4377 E_h, exp. variance=483.3901 E_h^2, pmove=0.56
2026-06-02 21:49:30,244 - Step 01325: 9.5323 E_h, exp. variance=436.7030 E_h^2, pmove=0.56
2026-06-02 21:49:30,891 - Step 01326: 11.0984 E_h, exp. variance=393.5045 E_h^2, pmove=0.56
2026-06-02 21:49:31,540 - Step 01327: 7.0344 E_h, exp. variance=357.5301 E_h^2, pmove=0.57
2026-06-02 21:49:32,188 - Step 01328: 6.9079 E_h, exp. variance=324.6386 E_h^2, pmove=0.56
2026-06-02 21:49:32,837 - Step 01329: 7.5251 E_h, exp. variance=293.9630 E_h^2, pmove=0.56
2026-06-02 21:49:33,488 - Step 01330: 11.0389 E_h, exp. variance=264.5891 E_h^2, pmove=0.56
2026-06-02 21:49:34,136 - Step 01331: 37.5752 E_h, exp. variance=299.3830 E_h^2, pmove=0.56
2026-06-02 21:49:34,785 - Step 01332: 10.7195 E_h, exp. variance=270.4708 E_h^2, pmove=0.56
2026-06-02 21:49:35,434 - Step 01333: 6.5094 E_h, exp. variance=248.1529 E_h^2, pmove=0.55
2026-06-02 21:49:36,082 - Step 01334: 14.8740 E_h, exp. variance=223.6424 E_h^2, pmove=0.56
2026-06-02 21:49:36,731 - Step 01335: 253.7870 E_h, exp. variance=5409.9097 E_h^2, pmove=0.56
2026-06-02 21:49:37,383 - Step 01336: 11.1404 E_h, exp. variance=4930.3877 E_h^2, pmove=0.55
2026-06-02 21:49:38,032 - Step 01337: 108.1290 E_h, exp. variance=4923.1274 E_h^2, pmove=0.55
2026-06-02 21:49:38,681 - Step 01338: 6.3527 E_h, exp. variance=4545.2305 E_h^2, pmove=0.55
2026-06-02 21:49:39,329 - Step 01339: 7.6615 E_h, exp. variance=4175.9790 E_h^2, pmove=0.55
2026-06-02 21:49:39,979 - Step 01340: 10.1901 E_h, exp. variance=3815.4172 E_h^2, pmove=0.55
2026-06-02 21:49:40,628 - Step 01341: 9.3137 E_h, exp. variance=3483.7183 E_h^2, pmove=0.53
2026-06-02 21:49:41,278 - Step 01342: 7.1259 E_h, exp. variance=3184.4905 E_h^2, pmove=0.53
2026-06-02 21:49:41,928 - Step 01343: 15.2568 E_h, exp. variance=2881.0181 E_h^2, pmove=0.54
2026-06-02 21:49:42,577 - Step 01344: 15.5460 E_h, exp. variance=2604.4507 E_h^2, pmove=0.53
2026-06-02 21:49:43,226 - Step 01345: 10.4271 E_h, exp. variance=2365.0947 E_h^2, pmove=0.53
2026-06-02 21:49:43,874 - Step 01346: 7.7128 E_h, exp. variance=2153.0615 E_h^2, pmove=0.53
2026-06-02 21:49:44,524 - Step 01347: 7.5379 E_h, exp. variance=1958.0510 E_h^2, pmove=0.53
2026-06-02 21:49:45,173 - Step 01348: 8.7647 E_h, exp. variance=1775.8365 E_h^2, pmove=0.54
2026-06-02 21:49:45,822 - Step 01349: 47.0276 E_h, exp. variance=1664.8545 E_h^2, pmove=0.53
2026-06-02 21:49:46,471 - Step 01350: 39.7263 E_h, exp. variance=1524.9379 E_h^2, pmove=0.52
2026-06-02 21:49:47,121 - Step 01351: 7.8345 E_h, exp. variance=1396.7338 E_h^2, pmove=0.52
2026-06-02 21:49:47,770 - Step 01352: 8.9374 E_h, exp. variance=1273.9094 E_h^2, pmove=0.52
2026-06-02 21:49:48,419 - Step 01353: 6.9632 E_h, exp. variance=1164.8928 E_h^2, pmove=0.52
2026-06-02 21:49:49,068 - Step 01354: 5.8501 E_h, exp. variance=1065.9749 E_h^2, pmove=0.52
2026-06-02 21:49:49,717 - Step 01355: 16.7724 E_h, exp. variance=959.6234 E_h^2, pmove=0.53
2026-06-02 21:49:50,366 - Step 01356: 6.1285 E_h, exp. variance=876.9071 E_h^2, pmove=0.53
2026-06-02 21:49:51,021 - Step 01357: 32.3485 E_h, exp. variance=810.2885 E_h^2, pmove=0.53
2026-06-02 21:49:51,671 - Step 01358: 6.7964 E_h, exp. variance=741.7505 E_h^2, pmove=0.53
2026-06-02 21:49:52,321 - Step 01359: 8.9234 E_h, exp. variance=674.0410 E_h^2, pmove=0.53
2026-06-02 21:49:52,969 - Step 01360: 49.5866 E_h, exp. variance=704.8549 E_h^2, pmove=0.53
2026-06-02 21:49:53,618 - Step 01361: 9.6820 E_h, exp. variance=643.6836 E_h^2, pmove=0.53
2026-06-02 21:49:54,267 - Step 01362: 7.8271 E_h, exp. variance=590.2263 E_h^2, pmove=0.53
2026-06-02 21:49:54,916 - Step 01363: 5.6730 E_h, exp. variance=544.3015 E_h^2, pmove=0.52
2026-06-02 21:49:55,564 - Step 01364: 5.3704 E_h, exp. variance=501.0803 E_h^2, pmove=0.53
2026-06-02 21:49:56,213 - Step 01365: 15.6736 E_h, exp. variance=450.9783 E_h^2, pmove=0.53
2026-06-02 21:49:56,862 - Step 01366: 5.9477 E_h, exp. variance=413.9902 E_h^2, pmove=0.53
2026-06-02 21:49:57,511 - Step 01367: 18.2982 E_h, exp. variance=373.8956 E_h^2, pmove=0.53
2026-06-02 21:49:58,160 - Step 01368: 276.8210 E_h, exp. variance=6512.0771 E_h^2, pmove=0.52
2026-06-02 21:49:58,810 - Step 01369: 5.0694 E_h, exp. variance=5977.4917 E_h^2, pmove=0.52
2026-06-02 21:49:59,459 - Step 01370: 10.6445 E_h, exp. variance=5444.4922 E_h^2, pmove=0.52
2026-06-02 21:50:00,110 - Step 01371: 35.4734 E_h, exp. variance=4900.0854 E_h^2, pmove=0.52
2026-06-02 21:50:00,760 - Step 01372: 5.7655 E_h, exp. variance=4486.2275 E_h^2, pmove=0.52
2026-06-02 21:50:01,410 - Step 01373: 6.2690 E_h, exp. variance=4096.9365 E_h^2, pmove=0.53
2026-06-02 21:50:02,059 - Step 01374: 5.6071 E_h, exp. variance=3738.0945 E_h^2, pmove=0.53
2026-06-02 21:50:02,709 - Step 01375: 5.9556 E_h, exp. variance=3404.1438 E_h^2, pmove=0.53
2026-06-02 21:50:03,359 - Step 01376: 10.2494 E_h, exp. variance=3083.0356 E_h^2, pmove=0.52
2026-06-02 21:50:04,008 - Step 01377: 6.2069 E_h, exp. variance=2801.4324 E_h^2, pmove=0.52
2026-06-02 21:50:04,657 - Step 01378: 7.7098 E_h, exp. variance=2538.9263 E_h^2, pmove=0.52
2026-06-02 21:50:05,306 - Step 01379: 7.2165 E_h, exp. variance=2300.4602 E_h^2, pmove=0.52
2026-06-02 21:50:05,955 - Step 01380: 15.8452 E_h, exp. variance=2071.3096 E_h^2, pmove=0.52
2026-06-02 21:50:06,605 - Step 01381: 5.4895 E_h, exp. variance=1879.8473 E_h^2, pmove=0.52
2026-06-02 21:50:07,255 - Step 01382: 10.5508 E_h, exp. variance=1696.0411 E_h^2, pmove=0.52
2026-06-02 21:50:07,904 - Step 01383: 6.5175 E_h, exp. variance=1535.7379 E_h^2, pmove=0.52
2026-06-02 21:50:08,553 - Step 01384: 96.7839 E_h, exp. variance=1974.3635 E_h^2, pmove=0.52
2026-06-02 21:50:09,202 - Step 01385: 6.7346 E_h, exp. variance=1803.0714 E_h^2, pmove=0.51
2026-06-02 21:50:09,850 - Step 01386: 8.0386 E_h, exp. variance=1640.4935 E_h^2, pmove=0.52
2026-06-02 21:50:10,501 - Step 01387: 6.4478 E_h, exp. variance=1494.6499 E_h^2, pmove=0.52
2026-06-02 21:50:11,151 - Step 01388: 4.7235 E_h, exp. variance=1364.1720 E_h^2, pmove=0.51
2026-06-02 21:50:11,800 - Step 01389: 9.8118 E_h, exp. variance=1233.4916 E_h^2, pmove=0.52
2026-06-02 21:50:12,449 - Step 01390: 8.4426 E_h, exp. variance=1116.7289 E_h^2, pmove=0.52
2026-06-02 21:50:13,097 - Step 01391: 6.1158 E_h, exp. variance=1014.1029 E_h^2, pmove=0.52
2026-06-02 21:50:13,747 - Step 01392: 11.8494 E_h, exp. variance=913.6667 E_h^2, pmove=0.52
2026-06-02 21:50:14,398 - Step 01393: 7.4637 E_h, exp. variance=827.1575 E_h^2, pmove=0.52
2026-06-02 21:50:15,048 - Step 01394: 8.2731 E_h, exp. variance=747.4719 E_h^2, pmove=0.51
2026-06-02 21:50:15,697 - Step 01395: 6.9466 E_h, exp. variance=676.5845 E_h^2, pmove=0.51
2026-06-02 21:50:16,346 - Step 01396: 9.9521 E_h, exp. variance=609.6769 E_h^2, pmove=0.51
2026-06-02 21:50:16,996 - Step 01397: 6.5225 E_h, exp. variance=551.9808 E_h^2, pmove=0.51
2026-06-02 21:50:17,648 - Step 01398: 694.0970 E_h, exp. variance=42376.1562 E_h^2, pmove=0.51
2026-06-02 21:50:18,298 - Step 01399: 7.1737 E_h, exp. variance=38618.0156 E_h^2, pmove=0.50
2026-06-02 21:50:18,948 - Step 01400: 5.3753 E_h, exp. variance=35166.1445 E_h^2, pmove=0.51
2026-06-02 21:50:19,597 - Step 01401: 13.3523 E_h, exp. variance=31900.0879 E_h^2, pmove=0.50
2026-06-02 21:50:20,247 - Step 01402: 6.5901 E_h, exp. variance=28974.9453 E_h^2, pmove=0.50
2026-06-02 21:50:20,896 - Step 01403: 6.0371 E_h, exp. variance=26296.8809 E_h^2, pmove=0.50
2026-06-02 21:50:21,549 - Step 01404: 4829.4243 E_h, exp. variance=2079118.1250 E_h^2, pmove=0.50
2026-06-02 21:50:22,199 - Step 01405: 6.8930 E_h, exp. variance=1895680.7500 E_h^2, pmove=0.51
2026-06-02 21:50:22,848 - Step 01406: 7.8737 E_h, exp. variance=1725854.2500 E_h^2, pmove=0.50
2026-06-02 21:50:23,497 - Step 01407: 7.2796 E_h, exp. variance=1569304.6250 E_h^2, pmove=0.50
2026-06-02 21:50:24,147 - Step 01408: 7.2085 E_h, exp. variance=1425368.0000 E_h^2, pmove=0.50
2026-06-02 21:50:24,799 - Step 01409: 16.3387 E_h, exp. variance=1292801.7500 E_h^2, pmove=0.50
2026-06-02 21:50:25,449 - Step 01410: 4.8638 E_h, exp. variance=1172228.2500 E_h^2, pmove=0.50
2026-06-02 21:50:26,099 - Step 01411: 5.0794 E_h, exp. variance=1062047.0000 E_h^2, pmove=0.50
2026-06-02 21:50:26,748 - Step 01412: 15.7039 E_h, exp. variance=961074.6250 E_h^2, pmove=0.50
2026-06-02 21:50:27,397 - Step 01413: 5.7045 E_h, exp. variance=869604.9375 E_h^2, pmove=0.50
2026-06-02 21:50:28,051 - Step 01414: 123.0922 E_h, exp. variance=783324.3125 E_h^2, pmove=0.50
2026-06-02 21:50:28,701 - Step 01415: 4.8536 E_h, exp. variance=708465.6875 E_h^2, pmove=0.50
2026-06-02 21:50:29,350 - Step 01416: 4.3251 E_h, exp. variance=640449.7500 E_h^2, pmove=0.50
2026-06-02 21:50:30,005 - Step 01417: 10.5185 E_h, exp. variance=578523.0625 E_h^2, pmove=0.50
2026-06-02 21:50:30,655 - Step 01418: 4.6499 E_h, exp. variance=522535.5312 E_h^2, pmove=0.51
2026-06-02 21:50:31,306 - Step 01419: 184.8827 E_h, exp. variance=470513.1562 E_h^2, pmove=0.51
2026-06-02 21:50:31,959 - Step 01420: 4.6226 E_h, exp. variance=425093.5000 E_h^2, pmove=0.51
2026-06-02 21:50:32,612 - Step 01421: 4.3245 E_h, exp. variance=383912.2812 E_h^2, pmove=0.51
2026-06-02 21:50:33,261 - Step 01422: 4.3681 E_h, exp. variance=346595.9688 E_h^2, pmove=0.51
2026-06-02 21:50:33,911 - Step 01423: 7.5842 E_h, exp. variance=312751.0625 E_h^2, pmove=0.51
2026-06-02 21:50:34,560 - Step 01424: 5.6002 E_h, exp. variance=282166.7812 E_h^2, pmove=0.51
2026-06-02 21:50:35,212 - Step 01425: 4.3833 E_h, exp. variance=254527.0781 E_h^2, pmove=0.51
2026-06-02 21:50:35,862 - Step 01426: 5.3421 E_h, exp. variance=229529.3750 E_h^2, pmove=0.51
2026-06-02 21:50:36,512 - Step 01427: 5.0054 E_h, exp. variance=206948.8750 E_h^2, pmove=0.50
2026-06-02 21:50:37,162 - Step 01428: 2110.0552 E_h, exp. variance=563429.3750 E_h^2, pmove=0.50
2026-06-02 21:50:37,812 - Step 01429: 5.0369 E_h, exp. variance=513291.7500 E_h^2, pmove=0.50
2026-06-02 21:50:38,463 - Step 01430: 5.3416 E_h, exp. variance=466975.9688 E_h^2, pmove=0.50
2026-06-02 21:50:39,115 - Step 01431: 12.3731 E_h, exp. variance=424074.8125 E_h^2, pmove=0.50
2026-06-02 21:50:39,765 - Step 01432: 19.4616 E_h, exp. variance=384511.0938 E_h^2, pmove=0.50
2026-06-02 21:50:40,415 - Step 01433: 5.1353 E_h, exp. variance=348794.4688 E_h^2, pmove=0.49
2026-06-02 21:50:41,065 - Step 01434: 15.4371 E_h, exp. variance=315848.5938 E_h^2, pmove=0.50
2026-06-02 21:50:41,714 - Step 01435: 2870.5168 E_h, exp. variance=951668.8750 E_h^2, pmove=0.50
2026-06-02 21:50:42,365 - Step 01436: 8.8303 E_h, exp. variance=871693.0625 E_h^2, pmove=0.49
2026-06-02 21:50:43,014 - Step 01437: 4.9443 E_h, exp. variance=797088.5000 E_h^2, pmove=0.50
2026-06-02 21:50:43,663 - Step 01438: 5.2253 E_h, exp. variance=727540.1250 E_h^2, pmove=0.49
2026-06-02 21:50:44,313 - Step 01439: 4.8662 E_h, exp. variance=663035.6875 E_h^2, pmove=0.50
2026-06-02 21:50:44,962 - Step 01440: 5.7147 E_h, exp. variance=603372.6875 E_h^2, pmove=0.49
2026-06-02 21:50:45,612 - Step 01441: 7.8064 E_h, exp. variance=548322.6250 E_h^2, pmove=0.50
2026-06-02 21:50:46,264 - Step 01442: 4.8513 E_h, exp. variance=497889.8438 E_h^2, pmove=0.50
2026-06-02 21:50:46,914 - Step 01443: 5.8065 E_h, exp. variance=451630.2812 E_h^2, pmove=0.50
2026-06-02 21:50:47,564 - Step 01444: 4.5751 E_h, exp. variance=409365.7188 E_h^2, pmove=0.49
2026-06-02 21:50:48,214 - Step 01445: 6.5551 E_h, exp. variance=370719.6875 E_h^2, pmove=0.49
2026-06-02 21:50:48,864 - Step 01446: 5.0144 E_h, exp. variance=335543.1250 E_h^2, pmove=0.48
2026-06-02 21:50:49,518 - Step 01447: 8.8135 E_h, exp. variance=303436.0625 E_h^2, pmove=0.48
2026-06-02 21:50:50,167 - Step 01448: 6.0400 E_h, exp. variance=274322.3750 E_h^2, pmove=0.48
2026-06-02 21:50:50,816 - Step 01449: 4.1684 E_h, exp. variance=247922.1562 E_h^2, pmove=0.49
2026-06-02 21:50:51,466 - Step 01450: 7.0536 E_h, exp. variance=223916.5625 E_h^2, pmove=0.49
2026-06-02 21:50:52,116 - Step 01451: 5.0489 E_h, exp. variance=202192.7969 E_h^2, pmove=0.48
2026-06-02 21:50:52,772 - Step 01452: 7.0110 E_h, exp. variance=182487.4688 E_h^2, pmove=0.48
2026-06-02 21:50:53,421 - Step 01453: 52.7828 E_h, exp. variance=164283.2344 E_h^2, pmove=0.48
2026-06-02 21:50:54,071 - Step 01454: 6.3489 E_h, exp. variance=148252.3125 E_h^2, pmove=0.47
2026-06-02 21:50:54,720 - Step 01455: 11.9687 E_h, exp. variance=133691.3281 E_h^2, pmove=0.48
2026-06-02 21:50:55,371 - Step 01456: 4.4580 E_h, exp. variance=120607.2422 E_h^2, pmove=0.48
2026-06-02 21:50:56,022 - Step 01457: 4.2725 E_h, exp. variance=108779.0938 E_h^2, pmove=0.48
2026-06-02 21:50:56,673 - Step 01458: 15.6812 E_h, exp. variance=98007.3359 E_h^2, pmove=0.48
2026-06-02 21:50:57,322 - Step 01459: 6.3691 E_h, exp. variance=88352.1953 E_h^2, pmove=0.48
2026-06-02 21:50:57,972 - Step 01460: 12.3632 E_h, exp. variance=79599.0859 E_h^2, pmove=0.48
2026-06-02 21:50:58,621 - Step 01461: 7.1540 E_h, exp. variance=71733.6094 E_h^2, pmove=0.48
2026-06-02 21:50:59,272 - Step 01462: 7.1692 E_h, exp. variance=64636.6641 E_h^2, pmove=0.48
2026-06-02 21:50:59,923 - Step 01463: 3.9842 E_h, exp. variance=58250.8398 E_h^2, pmove=0.48
2026-06-02 21:51:00,574 - Step 01464: 4.0993 E_h, exp. variance=52488.2617 E_h^2, pmove=0.48
2026-06-02 21:51:01,224 - Step 01465: 4.1872 E_h, exp. variance=47289.6914 E_h^2, pmove=0.49
2026-06-02 21:51:01,875 - Step 01466: 7.4838 E_h, exp. variance=42589.7891 E_h^2, pmove=0.49
2026-06-02 21:51:02,526 - Step 01467: 3.6503 E_h, exp. variance=38366.8320 E_h^2, pmove=0.49
2026-06-02 21:51:03,176 - Step 01468: 4.3882 E_h, exp. variance=34556.9844 E_h^2, pmove=0.49
2026-06-02 21:51:03,827 - Step 01469: 5.8797 E_h, exp. variance=31119.0527 E_h^2, pmove=0.49
2026-06-02 21:51:04,477 - Step 01470: 18.8606 E_h, exp. variance=28007.1582 E_h^2, pmove=0.49
2026-06-02 21:51:05,127 - Step 01471: 3.4851 E_h, exp. variance=25226.8906 E_h^2, pmove=0.49
2026-06-02 21:51:05,778 - Step 01472: 3.7987 E_h, exp. variance=22720.0078 E_h^2, pmove=0.48
2026-06-02 21:51:06,429 - Step 01473: 6.8744 E_h, exp. variance=20455.0586 E_h^2, pmove=0.49
2026-06-02 21:51:07,082 - Step 01474: 4.0020 E_h, exp. variance=18420.1250 E_h^2, pmove=0.49
2026-06-02 21:51:07,733 - Step 01475: 7.4462 E_h, exp. variance=16581.6953 E_h^2, pmove=0.48
2026-06-02 21:51:08,385 - Step 01476: 3.2944 E_h, exp. variance=14932.2246 E_h^2, pmove=0.49
2026-06-02 21:51:09,042 - Step 01477: 4.4329 E_h, exp. variance=13444.3516 E_h^2, pmove=0.48
2026-06-02 21:51:09,694 - Step 01478: 252.4296 E_h, exp. variance=17329.7168 E_h^2, pmove=0.48
2026-06-02 21:51:10,345 - Step 01479: 3.4515 E_h, exp. variance=15689.0547 E_h^2, pmove=0.47
2026-06-02 21:51:10,998 - Step 01480: 4.0295 E_h, exp. variance=14191.9512 E_h^2, pmove=0.47
2026-06-02 21:51:11,649 - Step 01481: 4.2002 E_h, exp. variance=12830.1367 E_h^2, pmove=0.48
2026-06-02 21:51:12,301 - Step 01482: 6.4243 E_h, exp. variance=11584.9492 E_h^2, pmove=0.47
2026-06-02 21:51:12,952 - Step 01483: 3.5280 E_h, exp. variance=10467.4678 E_h^2, pmove=0.47
2026-06-02 21:51:13,604 - Step 01484: 5.6980 E_h, exp. variance=9446.8613 E_h^2, pmove=0.48
2026-06-02 21:51:14,255 - Step 01485: 3.7813 E_h, exp. variance=8528.9707 E_h^2, pmove=0.47
2026-06-02 21:51:14,907 - Step 01486: 69.4803 E_h, exp. variance=7902.6021 E_h^2, pmove=0.47
2026-06-02 21:51:15,558 - Step 01487: 3.1950 E_h, exp. variance=7152.5352 E_h^2, pmove=0.47
2026-06-02 21:51:16,207 - Step 01488: 3.6321 E_h, exp. variance=6468.3589 E_h^2, pmove=0.47
2026-06-02 21:51:16,857 - Step 01489: 3.1890 E_h, exp. variance=5848.0469 E_h^2, pmove=0.47
2026-06-02 21:51:17,508 - Step 01490: 10.1695 E_h, exp. variance=5269.6987 E_h^2, pmove=0.47
2026-06-02 21:51:18,168 - Step 01491: 3.2202 E_h, exp. variance=4761.8403 E_h^2, pmove=0.47
2026-06-02 21:51:18,820 - Step 01492: 8.3417 E_h, exp. variance=4291.4067 E_h^2, pmove=0.47
2026-06-02 21:51:19,470 - Step 01493: 3.5300 E_h, exp. variance=3875.2385 E_h^2, pmove=0.47
2026-06-02 21:51:20,120 - Step 01494: 5.6220 E_h, exp. variance=3494.5476 E_h^2, pmove=0.47
2026-06-02 21:51:20,771 - Step 01495: 8.2017 E_h, exp. variance=3147.5852 E_h^2, pmove=0.47
2026-06-02 21:51:21,422 - Step 01496: 181.3199 E_h, exp. variance=5384.5547 E_h^2, pmove=0.46
2026-06-02 21:51:22,073 - Step 01497: 5.2475 E_h, exp. variance=4900.2471 E_h^2, pmove=0.45
2026-06-02 21:51:22,724 - Step 01498: 3.2722 E_h, exp. variance=4462.2827 E_h^2, pmove=0.46
2026-06-02 21:51:23,374 - Step 01499: 3.7507 E_h, exp. variance=4056.3794 E_h^2, pmove=0.46
2026-06-02 21:51:24,024 - Step 01500: 7.7990 E_h, exp. variance=3670.9973 E_h^2, pmove=0.46
2026-06-02 21:51:24,677 - Step 01501: 19.7091 E_h, exp. variance=3304.1255 E_h^2, pmove=0.46
2026-06-02 21:51:25,328 - Step 01502: 5.3500 E_h, exp. variance=2996.1575 E_h^2, pmove=0.45
2026-06-02 21:51:25,979 - Step 01503: 3.1710 E_h, exp. variance=2720.7234 E_h^2, pmove=0.46
2026-06-02 21:51:26,628 - Step 01504: 11.4291 E_h, exp. variance=2452.4470 E_h^2, pmove=0.46
2026-06-02 21:51:27,278 - Step 01505: 13.4707 E_h, exp. variance=2208.5042 E_h^2, pmove=0.46
2026-06-02 21:51:27,929 - Step 01506: 3.8032 E_h, exp. variance=2003.0760 E_h^2, pmove=0.46
2026-06-02 21:51:28,581 - Step 01507: 3.2010 E_h, exp. variance=1816.5703 E_h^2, pmove=0.45
2026-06-02 21:51:29,232 - Step 01508: 3.5103 E_h, exp. variance=1645.4810 E_h^2, pmove=0.46
2026-06-02 21:51:29,884 - Step 01509: 3.6199 E_h, exp. variance=1489.3013 E_h^2, pmove=0.46
2026-06-02 21:51:30,535 - Step 01510: 8.6995 E_h, exp. variance=1341.5369 E_h^2, pmove=0.46
2026-06-02 21:51:31,185 - Step 01511: 10.3453 E_h, exp. variance=1207.6116 E_h^2, pmove=0.46
2026-06-02 21:51:31,837 - Step 01512: 51.1918 E_h, exp. variance=1226.6523 E_h^2, pmove=0.45
2026-06-02 21:51:32,488 - Step 01513: 5.3978 E_h, exp. variance=1113.5773 E_h^2, pmove=0.45
2026-06-02 21:51:33,138 - Step 01514: 9.4783 E_h, exp. variance=1004.6624 E_h^2, pmove=0.46
2026-06-02 21:51:33,789 - Step 01515: 2.7952 E_h, exp. variance=915.8353 E_h^2, pmove=0.45
2026-06-02 21:51:34,440 - Step 01516: 17.4260 E_h, exp. variance=825.9910 E_h^2, pmove=0.45
2026-06-02 21:51:35,095 - Step 01517: 8.3834 E_h, exp. variance=745.7202 E_h^2, pmove=0.45
2026-06-02 21:51:35,745 - Step 01518: 4.0145 E_h, exp. variance=678.3517 E_h^2, pmove=0.45
2026-06-02 21:51:36,396 - Step 01519: 3.7902 E_h, exp. variance=616.6810 E_h^2, pmove=0.45
2026-06-02 21:51:37,047 - Step 01520: 4.4119 E_h, exp. variance=559.2075 E_h^2, pmove=0.45
2026-06-02 21:51:37,697 - Step 01521: 4.4130 E_h, exp. variance=506.6831 E_h^2, pmove=0.45
2026-06-02 21:51:38,348 - Step 01522: 2.3781 E_h, exp. variance=461.1636 E_h^2, pmove=0.44
2026-06-02 21:51:39,001 - Step 01523: 3.9139 E_h, exp. variance=417.5482 E_h^2, pmove=0.45
2026-06-02 21:51:39,653 - Step 01524: 2.3090 E_h, exp. variance=379.4214 E_h^2, pmove=0.44
2026-06-02 21:51:40,304 - Step 01525: 2.6141 E_h, exp. variance=344.1126 E_h^2, pmove=0.44
2026-06-02 21:51:40,954 - Step 01526: 2.3450 E_h, exp. variance=312.0767 E_h^2, pmove=0.44
2026-06-02 21:51:41,606 - Step 01527: 2.8109 E_h, exp. variance=282.4248 E_h^2, pmove=0.44
2026-06-02 21:51:42,261 - Step 01528: 2.5071 E_h, exp. variance=255.6554 E_h^2, pmove=0.45
2026-06-02 21:51:42,914 - Step 01529: 2.2925 E_h, exp. variance=231.4279 E_h^2, pmove=0.45
2026-06-02 21:51:43,565 - Step 01530: 36.7869 E_h, exp. variance=294.9099 E_h^2, pmove=0.45
2026-06-02 21:51:44,215 - Step 01531: 2.0374 E_h, exp. variance=269.6145 E_h^2, pmove=0.44
2026-06-02 21:51:44,866 - Step 01532: 2.2867 E_h, exp. variance=245.7814 E_h^2, pmove=0.44
2026-06-02 21:51:45,517 - Step 01533: 5.2000 E_h, exp. variance=221.7185 E_h^2, pmove=0.44
2026-06-02 21:51:46,170 - Step 01534: 3.1957 E_h, exp. variance=201.1025 E_h^2, pmove=0.44
2026-06-02 21:51:46,821 - Step 01535: 2.0082 E_h, exp. variance=183.1793 E_h^2, pmove=0.44
2026-06-02 21:51:47,471 - Step 01536: 2.0648 E_h, exp. variance=166.5880 E_h^2, pmove=0.44
2026-06-02 21:51:48,126 - Step 01537: 2.8438 E_h, exp. variance=150.8295 E_h^2, pmove=0.44
2026-06-02 21:51:48,777 - Step 01538: 3.0378 E_h, exp. variance=136.3799 E_h^2, pmove=0.44
2026-06-02 21:51:49,430 - Step 01539: 2.2673 E_h, exp. variance=123.6394 E_h^2, pmove=0.43
2026-06-02 21:51:50,081 - Step 01540: 1.9261 E_h, exp. variance=112.1875 E_h^2, pmove=0.44
2026-06-02 21:51:50,731 - Step 01541: 1.9643 E_h, exp. variance=101.6879 E_h^2, pmove=0.44
2026-06-02 21:51:52,019 - Step 01542: 4.2774 E_h, exp. variance=91.5239 E_h^2, pmove=0.44
2026-06-02 21:51:52,672 - Step 01543: 3.0174 E_h, exp. variance=82.5655 E_h^2, pmove=0.44
2026-06-02 21:51:53,323 - Step 01544: 2.2175 E_h, exp. variance=74.7138 E_h^2, pmove=0.43
2026-06-02 21:51:53,975 - Step 01545: 1.8757 E_h, exp. variance=67.6983 E_h^2, pmove=0.43
2026-06-02 21:51:54,626 - Step 01546: 2.9724 E_h, exp. variance=61.0061 E_h^2, pmove=0.43
2026-06-02 21:51:55,276 - Step 01547: 28.2536 E_h, exp. variance=108.6864 E_h^2, pmove=0.43
2026-06-02 21:51:55,927 - Step 01548: 2.6241 E_h, exp. variance=99.0030 E_h^2, pmove=0.43
2026-06-02 21:51:56,581 - Step 01549: 2.9338 E_h, exp. variance=89.8893 E_h^2, pmove=0.43
2026-06-02 21:51:57,233 - Step 01550: 2.2081 E_h, exp. variance=81.9324 E_h^2, pmove=0.43
2026-06-02 21:51:57,884 - Step 01551: 1.4147 E_h, exp. variance=75.0671 E_h^2, pmove=0.43
2026-06-02 21:51:58,535 - Step 01552: 1.6727 E_h, exp. variance=68.4814 E_h^2, pmove=0.42
2026-06-02 21:51:59,185 - Step 01553: 3.0193 E_h, exp. variance=61.8446 E_h^2, pmove=0.43
2026-06-02 21:51:59,839 - Step 01554: 2.0971 E_h, exp. variance=56.1368 E_h^2, pmove=0.43
2026-06-02 21:52:00,490 - Step 01555: 2.4653 E_h, exp. variance=50.7842 E_h^2, pmove=0.42
2026-06-02 21:52:01,143 - Step 01556: 82.7266 E_h, exp. variance=603.5415 E_h^2, pmove=0.42
2026-06-02 21:52:01,796 - Step 01557: 1.6341 E_h, exp. variance=552.6187 E_h^2, pmove=0.42
2026-06-02 21:52:02,449 - Step 01558: 1.4510 E_h, exp. variance=505.3029 E_h^2, pmove=0.43
2026-06-02 21:52:03,103 - Step 01559: 1.6979 E_h, exp. variance=460.8385 E_h^2, pmove=0.41
2026-06-02 21:52:03,758 - Step 01560: 3.8964 E_h, exp. variance=417.1792 E_h^2, pmove=0.42
2026-06-02 21:52:04,412 - Step 01561: 2.1021 E_h, exp. variance=379.2236 E_h^2, pmove=0.42
2026-06-02 21:52:05,065 - Step 01562: 9.0131 E_h, exp. variance=341.4086 E_h^2, pmove=0.41
2026-06-02 21:52:05,719 - Step 01563: 2.0354 E_h, exp. variance=310.5022 E_h^2, pmove=0.40
2026-06-02 21:52:06,371 - Step 01564: 2.2762 E_h, exp. variance=281.8433 E_h^2, pmove=0.40
2026-06-02 21:52:07,026 - Step 01565: 3.7621 E_h, exp. variance=254.5538 E_h^2, pmove=0.41
2026-06-02 21:52:07,677 - Step 01566: 3.7015 E_h, exp. variance=229.8546 E_h^2, pmove=0.40
2026-06-02 21:52:08,329 - Step 01567: 1.3024 E_h, exp. variance=209.1261 E_h^2, pmove=0.40
2026-06-02 21:52:08,981 - Step 01568: 3.1671 E_h, exp. variance=188.8418 E_h^2, pmove=0.40
2026-06-02 21:52:09,632 - Step 01569: 2.0004 E_h, exp. variance=171.0885 E_h^2, pmove=0.39
2026-06-02 21:52:10,286 - Step 01570: 1.9467 E_h, exp. variance=154.9268 E_h^2, pmove=0.39
2026-06-02 21:52:10,939 - Step 01571: 1.7413 E_h, exp. variance=140.3130 E_h^2, pmove=0.39
2026-06-02 21:52:11,591 - Step 01572: 1.3974 E_h, exp. variance=127.1784 E_h^2, pmove=0.38
2026-06-02 21:52:12,243 - Step 01573: 1.4998 E_h, exp. variance=115.1354 E_h^2, pmove=0.39
2026-06-02 21:52:12,896 - Step 01574: 0.8724 E_h, exp. variance=104.4822 E_h^2, pmove=0.38
2026-06-02 21:52:13,548 - Step 01575: 0.9031 E_h, exp. variance=94.7156 E_h^2, pmove=0.38
2026-06-02 21:52:14,201 - Step 01576: 0.7313 E_h, exp. variance=85.8754 E_h^2, pmove=0.38
2026-06-02 21:52:14,853 - Step 01577: 1.8839 E_h, exp. variance=77.4243 E_h^2, pmove=0.38
2026-06-02 21:52:15,506 - Step 01578: 0.7876 E_h, exp. variance=70.1192 E_h^2, pmove=0.37
2026-06-02 21:52:16,158 - Step 01579: 1.0304 E_h, exp. variance=63.3801 E_h^2, pmove=0.37
2026-06-02 21:52:16,809 - Step 01580: 4.2122 E_h, exp. variance=57.2767 E_h^2, pmove=0.37
2026-06-02 21:52:17,461 - Step 01581: 0.5708 E_h, exp. variance=51.9800 E_h^2, pmove=0.37
2026-06-02 21:52:18,114 - Step 01582: 0.9275 E_h, exp. variance=47.0160 E_h^2, pmove=0.36
2026-06-02 21:52:18,766 - Step 01583: 6.5672 E_h, exp. variance=43.8932 E_h^2, pmove=0.36
2026-06-02 21:52:19,418 - Step 01584: 0.3278 E_h, exp. variance=40.0529 E_h^2, pmove=0.35
2026-06-02 21:52:20,071 - Step 01585: 0.2755 E_h, exp. variance=36.5135 E_h^2, pmove=0.35
2026-06-02 21:52:20,730 - Step 01586: 0.2275 E_h, exp. variance=33.2574 E_h^2, pmove=0.35
2026-06-02 21:52:21,383 - Step 01587: 0.3370 E_h, exp. variance=30.2157 E_h^2, pmove=0.35
2026-06-02 21:52:22,035 - Step 01588: 0.0857 E_h, exp. variance=27.5022 E_h^2, pmove=0.35
2026-06-02 21:52:22,688 - Step 01589: 1.1961 E_h, exp. variance=24.7797 E_h^2, pmove=0.34
2026-06-02 21:52:23,341 - Step 01590: 0.9542 E_h, exp. variance=22.3512 E_h^2, pmove=0.33
2026-06-02 21:52:23,994 - Step 01591: 0.5109 E_h, exp. variance=20.2271 E_h^2, pmove=0.33
2026-06-02 21:52:24,648 - Step 01592: 0.0300 E_h, exp. variance=18.4016 E_h^2, pmove=0.33
2026-06-02 21:52:25,302 - Step 01593: -0.1624 E_h, exp. variance=16.7706 E_h^2, pmove=0.33
2026-06-02 21:52:25,954 - Step 01594: -0.3215 E_h, exp. variance=15.3046 E_h^2, pmove=0.33
2026-06-02 21:52:26,607 - Step 01595: -0.3817 E_h, exp. variance=13.9603 E_h^2, pmove=0.32
2026-06-02 21:52:27,265 - Step 01596: 0.1478 E_h, exp. variance=12.6169 E_h^2, pmove=0.33
2026-06-02 21:52:27,921 - Step 01597: -0.4277 E_h, exp. variance=11.4991 E_h^2, pmove=0.33
2026-06-02 21:52:28,579 - Step 01598: -0.4149 E_h, exp. variance=10.4630 E_h^2, pmove=0.33
2026-06-02 21:52:29,236 - Step 01599: -0.4818 E_h, exp. variance=9.5215 E_h^2, pmove=0.32
2026-06-02 21:52:29,893 - Step 01600: -0.4316 E_h, exp. variance=8.6457 E_h^2, pmove=0.32
2026-06-02 21:52:30,551 - Step 01601: 0.0010 E_h, exp. variance=7.7953 E_h^2, pmove=0.32
2026-06-02 21:52:31,208 - Step 01602: -0.3673 E_h, exp. variance=7.0631 E_h^2, pmove=0.32
2026-06-02 21:52:31,867 - Step 01603: -0.5053 E_h, exp. variance=6.4130 E_h^2, pmove=0.31
2026-06-02 21:52:32,524 - Step 01604: -0.2568 E_h, exp. variance=5.7910 E_h^2, pmove=0.32
2026-06-02 21:52:33,181 - Step 01605: -0.5050 E_h, exp. variance=5.2517 E_h^2, pmove=0.31
2026-06-02 21:52:33,837 - Step 01606: -0.6891 E_h, exp. variance=4.7816 E_h^2, pmove=0.32
2026-06-02 21:52:34,494 - Step 01607: -0.6082 E_h, exp. variance=4.3384 E_h^2, pmove=0.31
2026-06-02 21:52:35,153 - Step 01608: 1.1909 E_h, exp. variance=4.0426 E_h^2, pmove=0.31
2026-06-02 21:52:35,810 - Step 01609: -0.7426 E_h, exp. variance=3.6987 E_h^2, pmove=0.31
2026-06-02 21:52:36,467 - Step 01610: -0.8021 E_h, exp. variance=3.3860 E_h^2, pmove=0.31
2026-06-02 21:52:37,124 - Step 01611: -0.8374 E_h, exp. variance=3.0983 E_h^2, pmove=0.32
2026-06-02 21:52:37,782 - Step 01612: -0.5339 E_h, exp. variance=2.8011 E_h^2, pmove=0.32
2026-06-02 21:52:38,442 - Step 01613: -1.0695 E_h, exp. variance=2.5894 E_h^2, pmove=0.32
2026-06-02 21:52:39,098 - Step 01614: -1.0502 E_h, exp. variance=2.3832 E_h^2, pmove=0.32
2026-06-02 21:52:39,755 - Step 01615: -1.0327 E_h, exp. variance=2.1854 E_h^2, pmove=0.32
2026-06-02 21:52:40,412 - Step 01616: -0.9990 E_h, exp. variance=1.9962 E_h^2, pmove=0.32
2026-06-02 21:52:41,069 - Step 01617: -1.0438 E_h, exp. variance=1.8246 E_h^2, pmove=0.32
2026-06-02 21:52:41,729 - Step 01618: -1.0959 E_h, exp. variance=1.6698 E_h^2, pmove=0.32
2026-06-02 21:52:42,387 - Step 01619: -1.1635 E_h, exp. variance=1.5317 E_h^2, pmove=0.32
2026-06-02 21:52:43,044 - Step 01620: -1.2701 E_h, exp. variance=1.4128 E_h^2, pmove=0.32
2026-06-02 21:52:43,701 - Step 01621: -1.3385 E_h, exp. variance=1.3065 E_h^2, pmove=0.32
2026-06-02 21:52:44,358 - Step 01622: -1.3940 E_h, exp. variance=1.2101 E_h^2, pmove=0.33
2026-06-02 21:52:45,018 - Step 01623: -1.4352 E_h, exp. variance=1.1210 E_h^2, pmove=0.33
2026-06-02 21:52:45,675 - Step 01624: -1.4884 E_h, exp. variance=1.0402 E_h^2, pmove=0.33
2026-06-02 21:52:46,332 - Step 01625: -1.4538 E_h, exp. variance=0.9584 E_h^2, pmove=0.33
2026-06-02 21:52:46,989 - Step 01626: -1.6355 E_h, exp. variance=0.8980 E_h^2, pmove=0.33
2026-06-02 21:52:47,646 - Step 01627: -1.5429 E_h, exp. variance=0.8283 E_h^2, pmove=0.34
2026-06-02 21:52:48,308 - Step 01628: -1.5884 E_h, exp. variance=0.7655 E_h^2, pmove=0.34
2026-06-02 21:52:48,965 - Step 01629: -1.6481 E_h, exp. variance=0.7100 E_h^2, pmove=0.33
2026-06-02 21:52:49,622 - Step 01630: -1.5996 E_h, exp. variance=0.6524 E_h^2, pmove=0.33
2026-06-02 21:52:50,279 - Step 01631: -1.7274 E_h, exp. variance=0.6076 E_h^2, pmove=0.34
2026-06-02 21:52:50,934 - Step 01632: -1.8235 E_h, exp. variance=0.5716 E_h^2, pmove=0.34
2026-06-02 21:52:51,591 - Step 01633: -1.7551 E_h, exp. variance=0.5291 E_h^2, pmove=0.34
2026-06-02 21:52:52,250 - Step 01634: -1.7848 E_h, exp. variance=0.4900 E_h^2, pmove=0.34
2026-06-02 21:52:52,907 - Step 01635: -1.8557 E_h, exp. variance=0.4573 E_h^2, pmove=0.35
2026-06-02 21:52:53,564 - Step 01636: -1.8271 E_h, exp. variance=0.4228 E_h^2, pmove=0.34
2026-06-02 21:52:54,221 - Step 01637: -1.8584 E_h, exp. variance=0.3915 E_h^2, pmove=0.34
2026-06-02 21:52:54,877 - Step 01638: -1.8491 E_h, exp. variance=0.3607 E_h^2, pmove=0.34
2026-06-02 21:52:55,537 - Step 01639: -1.8993 E_h, exp. variance=0.3341 E_h^2, pmove=0.34
2026-06-02 21:52:56,196 - Step 01640: -1.9886 E_h, exp. variance=0.3138 E_h^2, pmove=0.34
2026-06-02 21:52:56,853 - Step 01641: -2.0937 E_h, exp. variance=0.3006 E_h^2, pmove=0.34
2026-06-02 21:52:57,510 - Step 01642: -2.0544 E_h, exp. variance=0.2825 E_h^2, pmove=0.34
2026-06-02 21:52:58,166 - Step 01643: -2.0833 E_h, exp. variance=0.2657 E_h^2, pmove=0.35
2026-06-02 21:52:58,826 - Step 01644: -2.1178 E_h, exp. variance=0.2505 E_h^2, pmove=0.36
2026-06-02 21:52:59,483 - Step 01645: -2.1212 E_h, exp. variance=0.2349 E_h^2, pmove=0.35
2026-06-02 21:53:00,142 - Step 01646: -2.1056 E_h, exp. variance=0.2182 E_h^2, pmove=0.35
2026-06-02 21:53:00,798 - Step 01647: -2.1408 E_h, exp. variance=0.2036 E_h^2, pmove=0.36
2026-06-02 21:53:01,460 - Step 01648: -2.1083 E_h, exp. variance=0.1877 E_h^2, pmove=0.36
2026-06-02 21:53:02,120 - Step 01649: -2.1796 E_h, exp. variance=0.1756 E_h^2, pmove=0.36
2026-06-02 21:53:02,777 - Step 01650: -2.1365 E_h, exp. variance=0.1617 E_h^2, pmove=0.36
2026-06-02 21:53:03,434 - Step 01651: -2.2291 E_h, exp. variance=0.1522 E_h^2, pmove=0.36
2026-06-02 21:53:04,090 - Step 01652: -2.2504 E_h, exp. variance=0.1435 E_h^2, pmove=0.36
2026-06-02 21:53:04,747 - Step 01653: -2.2818 E_h, exp. variance=0.1358 E_h^2, pmove=0.36
2026-06-02 21:53:05,406 - Step 01654: -2.2938 E_h, exp. variance=0.1281 E_h^2, pmove=0.36
2026-06-02 21:53:06,063 - Step 01655: -2.2512 E_h, exp. variance=0.1185 E_h^2, pmove=0.36
2026-06-02 21:53:06,718 - Step 01656: -2.2123 E_h, exp. variance=0.1082 E_h^2, pmove=0.36
2026-06-02 21:53:07,374 - Step 01657: -2.2446 E_h, exp. variance=0.0994 E_h^2, pmove=0.36
2026-06-02 21:53:08,030 - Step 01658: -2.2180 E_h, exp. variance=0.0906 E_h^2, pmove=0.36
2026-06-02 21:53:08,689 - Step 01659: -2.3618 E_h, exp. variance=0.0867 E_h^2, pmove=0.37
2026-06-02 21:53:09,346 - Step 01660: -2.2254 E_h, exp. variance=0.0787 E_h^2, pmove=0.37
2026-06-02 21:53:10,002 - Step 01661: -2.1861 E_h, exp. variance=0.0709 E_h^2, pmove=0.36
2026-06-02 21:53:10,658 - Step 01662: -2.3561 E_h, exp. variance=0.0674 E_h^2, pmove=0.35
2026-06-02 21:53:11,315 - Step 01663: -2.3821 E_h, exp. variance=0.0645 E_h^2, pmove=0.36
2026-06-02 21:53:11,975 - Step 01664: -2.3478 E_h, exp. variance=0.0601 E_h^2, pmove=0.36
2026-06-02 21:53:12,631 - Step 01665: -2.3104 E_h, exp. variance=0.0550 E_h^2, pmove=0.36
2026-06-02 21:53:13,291 - Step 01666: -2.4061 E_h, exp. variance=0.0525 E_h^2, pmove=0.36
2026-06-02 21:53:13,946 - Step 01667: -2.3571 E_h, exp. variance=0.0485 E_h^2, pmove=0.36
2026-06-02 21:53:14,603 - Step 01668: -2.4017 E_h, exp. variance=0.0457 E_h^2, pmove=0.36
2026-06-02 21:53:15,262 - Step 01669: -1.8777 E_h, exp. variance=0.0547 E_h^2, pmove=0.36
2026-06-02 21:53:15,919 - Step 01670: -2.3519 E_h, exp. variance=0.0507 E_h^2, pmove=0.36
2026-06-02 21:53:16,574 - Step 01671: -2.3790 E_h, exp. variance=0.0473 E_h^2, pmove=0.36
2026-06-02 21:53:17,231 - Step 01672: -2.3964 E_h, exp. variance=0.0444 E_h^2, pmove=0.36
2026-06-02 21:53:17,888 - Step 01673: -2.4044 E_h, exp. variance=0.0416 E_h^2, pmove=0.36
2026-06-02 21:53:18,549 - Step 01674: -2.3798 E_h, exp. variance=0.0383 E_h^2, pmove=0.36
2026-06-02 21:53:19,205 - Step 01675: -2.4575 E_h, exp. variance=0.0370 E_h^2, pmove=0.36
2026-06-02 21:53:19,861 - Step 01676: -2.4357 E_h, exp. variance=0.0347 E_h^2, pmove=0.37
2026-06-02 21:53:20,519 - Step 01677: -2.4351 E_h, exp. variance=0.0324 E_h^2, pmove=0.36
2026-06-02 21:53:21,176 - Step 01678: -2.4399 E_h, exp. variance=0.0302 E_h^2, pmove=0.36
2026-06-02 21:53:21,831 - Step 01679: -2.4244 E_h, exp. variance=0.0278 E_h^2, pmove=0.36
2026-06-02 21:53:22,490 - Step 01680: -2.4032 E_h, exp. variance=0.0253 E_h^2, pmove=0.35
2026-06-02 21:53:23,146 - Step 01681: -2.3243 E_h, exp. variance=0.0228 E_h^2, pmove=0.36
2026-06-02 21:53:23,802 - Step 01682: -2.2281 E_h, exp. variance=0.0220 E_h^2, pmove=0.36
2026-06-02 21:53:24,458 - Step 01683: -2.3504 E_h, exp. variance=0.0198 E_h^2, pmove=0.36
2026-06-02 21:53:25,115 - Step 01684: -2.4539 E_h, exp. variance=0.0189 E_h^2, pmove=0.36
2026-06-02 21:53:25,773 - Step 01685: -2.4422 E_h, exp. variance=0.0177 E_h^2, pmove=0.36
2026-06-02 21:53:26,430 - Step 01686: 5.9199 E_h, exp. variance=6.1888 E_h^2, pmove=0.36
2026-06-02 21:53:27,088 - Step 01687: -2.1171 E_h, exp. variance=5.6006 E_h^2, pmove=0.36
2026-06-02 21:53:27,746 - Step 01688: -2.4896 E_h, exp. variance=5.1130 E_h^2, pmove=0.36
2026-06-02 21:53:28,404 - Step 01689: -2.3105 E_h, exp. variance=4.6373 E_h^2, pmove=0.35
2026-06-02 21:53:29,062 - Step 01690: -2.4766 E_h, exp. variance=4.2218 E_h^2, pmove=0.36
2026-06-02 21:53:29,719 - Step 01691: -2.5317 E_h, exp. variance=3.8455 E_h^2, pmove=0.35
2026-06-02 21:53:30,376 - Step 01692: -2.5912 E_h, exp. variance=3.5053 E_h^2, pmove=0.35
2026-06-02 21:53:31,033 - Step 01693: -2.5367 E_h, exp. variance=3.1847 E_h^2, pmove=0.35
2026-06-02 21:53:31,689 - Step 01694: -2.5783 E_h, exp. variance=2.8946 E_h^2, pmove=0.36
2026-06-02 21:53:32,347 - Step 01695: -2.6164 E_h, exp. variance=2.6317 E_h^2, pmove=0.35
2026-06-02 21:53:33,005 - Step 01696: -2.6190 E_h, exp. variance=2.3903 E_h^2, pmove=0.36
2026-06-02 21:53:33,663 - Step 01697: -2.5489 E_h, exp. variance=2.1637 E_h^2, pmove=0.36
2026-06-02 21:53:34,321 - Step 01698: -2.6436 E_h, exp. variance=1.9639 E_h^2, pmove=0.36
2026-06-02 21:53:34,978 - Step 01699: -2.5870 E_h, exp. variance=1.7774 E_h^2, pmove=0.36
2026-06-02 21:53:35,635 - Step 01700: -2.6157 E_h, exp. variance=1.6092 E_h^2, pmove=0.36
2026-06-02 21:53:36,294 - Step 01701: -2.6608 E_h, exp. variance=1.4586 E_h^2, pmove=0.36
2026-06-02 21:53:36,952 - Step 01702: -2.5789 E_h, exp. variance=1.3172 E_h^2, pmove=0.36
2026-06-02 21:53:37,609 - Step 01703: -2.6864 E_h, exp. variance=1.1940 E_h^2, pmove=0.36
2026-06-02 21:53:38,266 - Step 01704: -2.6556 E_h, exp. variance=1.0800 E_h^2, pmove=0.36
2026-06-02 21:53:38,925 - Step 01705: -2.7285 E_h, exp. variance=0.9798 E_h^2, pmove=0.36
2026-06-02 21:53:39,585 - Step 01706: -2.6155 E_h, exp. variance=0.8839 E_h^2, pmove=0.36
2026-06-02 21:53:40,243 - Step 01707: -2.5628 E_h, exp. variance=0.7962 E_h^2, pmove=0.36
2026-06-02 21:53:40,901 - Step 01708: -2.7096 E_h, exp. variance=0.7210 E_h^2, pmove=0.36
2026-06-02 21:53:41,560 - Step 01709: -2.7069 E_h, exp. variance=0.6524 E_h^2, pmove=0.36
2026-06-02 21:53:42,218 - Step 01710: -2.7458 E_h, exp. variance=0.5914 E_h^2, pmove=0.36
2026-06-02 21:53:42,876 - Step 01711: -1.8956 E_h, exp. variance=0.5709 E_h^2, pmove=0.36
2026-06-02 21:53:43,533 - Step 01712: -2.7152 E_h, exp. variance=0.5186 E_h^2, pmove=0.36
2026-06-02 21:53:44,191 - Step 01713: -2.7510 E_h, exp. variance=0.4720 E_h^2, pmove=0.35
2026-06-02 21:53:44,849 - Step 01714: 16.4552 E_h, exp. variance=32.8727 E_h^2, pmove=0.36
2026-06-02 21:53:45,507 - Step 01715: 1.4393 E_h, exp. variance=29.9722 E_h^2, pmove=0.35
2026-06-02 21:53:46,165 - Step 01716: -2.6592 E_h, exp. variance=27.4236 E_h^2, pmove=0.35
2026-06-02 21:53:46,823 - Step 01717: -2.7661 E_h, exp. variance=25.0844 E_h^2, pmove=0.35
2026-06-02 21:53:47,481 - Step 01718: -2.7487 E_h, exp. variance=22.8965 E_h^2, pmove=0.35
2026-06-02 21:53:48,140 - Step 01719: -2.6841 E_h, exp. variance=20.8472 E_h^2, pmove=0.35
2026-06-02 21:53:48,807 - Step 01720: -2.7057 E_h, exp. variance=18.9629 E_h^2, pmove=0.35
2026-06-02 21:53:49,465 - Step 01721: -2.6642 E_h, exp. variance=17.2190 E_h^2, pmove=0.35
2026-06-02 21:53:50,124 - Step 01722: -2.7758 E_h, exp. variance=15.6452 E_h^2, pmove=0.36
2026-06-02 21:53:50,782 - Step 01723: -2.6942 E_h, exp. variance=14.1843 E_h^2, pmove=0.36
2026-06-02 21:53:51,439 - Step 01724: -2.7045 E_h, exp. variance=12.8517 E_h^2, pmove=0.36
2026-06-02 21:53:52,099 - Step 01725: -2.8565 E_h, exp. variance=11.6620 E_h^2, pmove=0.36
2026-06-02 21:53:52,759 - Step 01726: -2.8169 E_h, exp. variance=10.5668 E_h^2, pmove=0.36
2026-06-02 21:53:53,417 - Step 01727: -2.8398 E_h, exp. variance=9.5709 E_h^2, pmove=0.36
2026-06-02 21:53:54,075 - Step 01728: -2.7243 E_h, exp. variance=8.6489 E_h^2, pmove=0.36
2026-06-02 21:53:54,733 - Step 01729: -2.8557 E_h, exp. variance=7.8272 E_h^2, pmove=0.36
2026-06-02 21:53:55,392 - Step 01730: -2.8316 E_h, exp. variance=7.0769 E_h^2, pmove=0.36
2026-06-02 21:53:56,051 - Step 01731: -2.8574 E_h, exp. variance=6.3980 E_h^2, pmove=0.36
2026-06-02 21:53:56,710 - Step 01732: -2.8545 E_h, exp. variance=5.7813 E_h^2, pmove=0.36
2026-06-02 21:53:57,369 - Step 01733: -2.8239 E_h, exp. variance=5.2194 E_h^2, pmove=0.36
2026-06-02 21:53:58,026 - Step 01734: -2.7923 E_h, exp. variance=4.7085 E_h^2, pmove=0.35
2026-06-02 21:53:58,685 - Step 01735: -2.8136 E_h, exp. variance=4.2479 E_h^2, pmove=0.36
2026-06-02 21:53:59,341 - Step 01736: -2.8689 E_h, exp. variance=3.8347 E_h^2, pmove=0.36
2026-06-02 21:53:59,998 - Step 01737: -2.8117 E_h, exp. variance=3.4576 E_h^2, pmove=0.35
2026-06-02 21:54:00,656 - Step 01738: -2.8501 E_h, exp. variance=3.1187 E_h^2, pmove=0.35
2026-06-02 21:54:01,312 - Step 01739: -2.9116 E_h, exp. variance=2.8156 E_h^2, pmove=0.36
2026-06-02 21:54:01,972 - Step 01740: -2.8717 E_h, exp. variance=2.5392 E_h^2, pmove=0.36
2026-06-02 21:54:02,627 - Step 01741: -2.9300 E_h, exp. variance=2.2921 E_h^2, pmove=0.36
2026-06-02 21:54:03,284 - Step 01742: -2.9067 E_h, exp. variance=2.0674 E_h^2, pmove=0.36
2026-06-02 21:54:03,940 - Step 01743: -2.8961 E_h, exp. variance=1.8639 E_h^2, pmove=0.36
2026-06-02 21:54:04,596 - Step 01744: -2.9205 E_h, exp. variance=1.6810 E_h^2, pmove=0.36
2026-06-02 21:54:05,256 - Step 01745: -2.9083 E_h, exp. variance=1.5153 E_h^2, pmove=0.36
2026-06-02 21:54:05,911 - Step 01746: -2.9544 E_h, exp. variance=1.3672 E_h^2, pmove=0.36
2026-06-02 21:54:06,567 - Step 01747: -2.8970 E_h, exp. variance=1.2317 E_h^2, pmove=0.36
2026-06-02 21:54:07,224 - Step 01748: -2.8853 E_h, exp. variance=1.1093 E_h^2, pmove=0.36
2026-06-02 21:54:07,880 - Step 01749: -2.9340 E_h, exp. variance=1.0000 E_h^2, pmove=0.35
2026-06-02 21:54:08,541 - Step 01750: -2.9629 E_h, exp. variance=0.9020 E_h^2, pmove=0.36
2026-06-02 21:54:09,200 - Step 01751: -2.8805 E_h, exp. variance=0.8120 E_h^2, pmove=0.35
2026-06-02 21:54:09,856 - Step 01752: -2.9128 E_h, exp. variance=0.7314 E_h^2, pmove=0.35
2026-06-02 21:54:10,512 - Step 01753: -2.8906 E_h, exp. variance=0.6584 E_h^2, pmove=0.36
2026-06-02 21:54:11,169 - Step 01754: -2.9107 E_h, exp. variance=0.5929 E_h^2, pmove=0.35
2026-06-02 21:54:11,827 - Step 01755: -2.9228 E_h, exp. variance=0.5341 E_h^2, pmove=0.36
2026-06-02 21:54:12,484 - Step 01756: -2.9604 E_h, exp. variance=0.4816 E_h^2, pmove=0.36
2026-06-02 21:54:13,141 - Step 01757: -3.0135 E_h, exp. variance=0.4353 E_h^2, pmove=0.36
2026-06-02 21:54:13,799 - Step 01758: -2.9754 E_h, exp. variance=0.3925 E_h^2, pmove=0.36
2026-06-02 21:54:14,457 - Step 01759: -3.0094 E_h, exp. variance=0.3544 E_h^2, pmove=0.36
2026-06-02 21:54:15,114 - Step 01760: -2.9643 E_h, exp. variance=0.3193 E_h^2, pmove=0.36
2026-06-02 21:54:15,772 - Step 01761: 187.3126 E_h, exp. variance=3256.9458 E_h^2, pmove=0.36
2026-06-02 21:54:16,428 - Step 01762: -2.8836 E_h, exp. variance=2963.7234 E_h^2, pmove=0.36
2026-06-02 21:54:17,086 - Step 01763: -2.9251 E_h, exp. variance=2693.7815 E_h^2, pmove=0.36
2026-06-02 21:54:17,746 - Step 01764: -3.0081 E_h, exp. variance=2446.0430 E_h^2, pmove=0.36
2026-06-02 21:54:18,404 - Step 01765: -3.0218 E_h, exp. variance=2219.0012 E_h^2, pmove=0.36
2026-06-02 21:54:19,061 - Step 01766: -2.9978 E_h, exp. variance=2011.2726 E_h^2, pmove=0.36
2026-06-02 21:54:19,717 - Step 01767: -3.0220 E_h, exp. variance=1821.6733 E_h^2, pmove=0.36
2026-06-02 21:54:20,374 - Step 01768: -3.0539 E_h, exp. variance=1648.9022 E_h^2, pmove=0.35
2026-06-02 21:54:21,034 - Step 01769: -3.0225 E_h, exp. variance=1491.5710 E_h^2, pmove=0.36
2026-06-02 21:54:21,691 - Step 01770: -3.0205 E_h, exp. variance=1348.5339 E_h^2, pmove=0.36
2026-06-02 21:54:22,348 - Step 01771: -3.0587 E_h, exp. variance=1218.6888 E_h^2, pmove=0.36
2026-06-02 21:54:23,005 - Step 01772: -3.0712 E_h, exp. variance=1100.8918 E_h^2, pmove=0.36
2026-06-02 21:54:23,663 - Step 01773: -3.0572 E_h, exp. variance=994.0856 E_h^2, pmove=0.36
2026-06-02 21:54:24,322 - Step 01774: -3.1124 E_h, exp. variance=897.3905 E_h^2, pmove=0.36
2026-06-02 21:54:24,978 - Step 01775: -2.9005 E_h, exp. variance=809.6650 E_h^2, pmove=0.36
2026-06-02 21:54:25,635 - Step 01776: -2.7808 E_h, exp. variance=730.2390 E_h^2, pmove=0.36
2026-06-02 21:54:26,293 - Step 01777: 0.7046 E_h, exp. variance=657.2202 E_h^2, pmove=0.36
2026-06-02 21:54:26,950 - Step 01778: -2.8018 E_h, exp. variance=592.7440 E_h^2, pmove=0.36
2026-06-02 21:54:27,610 - Step 01779: -2.9714 E_h, exp. variance=534.5836 E_h^2, pmove=0.36
2026-06-02 21:54:28,266 - Step 01780: -3.0675 E_h, exp. variance=482.0831 E_h^2, pmove=0.36
2026-06-02 21:54:28,923 - Step 01781: -3.0441 E_h, exp. variance=434.6384 E_h^2, pmove=0.36
2026-06-02 21:54:29,580 - Step 01782: -3.0608 E_h, exp. variance=391.8010 E_h^2, pmove=0.35
2026-06-02 21:54:30,243 - Step 01783: -3.0737 E_h, exp. variance=353.1338 E_h^2, pmove=0.36
2026-06-02 21:54:30,902 - Step 01784: -3.0581 E_h, exp. variance=318.2299 E_h^2, pmove=0.35
2026-06-02 21:54:31,559 - Step 01785: -3.0858 E_h, exp. variance=286.7482 E_h^2, pmove=0.36
2026-06-02 21:54:32,216 - Step 01786: -3.1070 E_h, exp. variance=258.3566 E_h^2, pmove=0.36
2026-06-02 21:54:32,873 - Step 01787: -3.1225 E_h, exp. variance=232.7547 E_h^2, pmove=0.35
2026-06-02 21:54:33,529 - Step 01788: -3.0759 E_h, exp. variance=209.6567 E_h^2, pmove=0.36
2026-06-02 21:54:34,189 - Step 01789: -3.0448 E_h, exp. variance=188.8278 E_h^2, pmove=0.36
2026-06-02 21:54:34,846 - Step 01790: -3.1011 E_h, exp. variance=170.0673 E_h^2, pmove=0.36
2026-06-02 21:54:35,502 - Step 01791: -3.1036 E_h, exp. variance=153.1601 E_h^2, pmove=0.36
2026-06-02 21:54:36,161 - Step 01792: -3.0803 E_h, exp. variance=137.9208 E_h^2, pmove=0.36
2026-06-02 21:54:36,818 - Step 01793: -3.0869 E_h, exp. variance=124.1918 E_h^2, pmove=0.36
2026-06-02 21:54:37,477 - Step 01794: -3.1008 E_h, exp. variance=111.8256 E_h^2, pmove=0.36
2026-06-02 21:54:38,135 - Step 01795: -3.1123 E_h, exp. variance=100.6875 E_h^2, pmove=0.36
2026-06-02 21:54:38,791 - Step 01796: -3.1604 E_h, exp. variance=90.6604 E_h^2, pmove=0.36
2026-06-02 21:54:39,449 - Step 01797: -3.1646 E_h, exp. variance=81.6285 E_h^2, pmove=0.36
2026-06-02 21:54:40,107 - Step 01798: -3.0302 E_h, exp. variance=73.4816 E_h^2, pmove=0.36
2026-06-02 21:54:40,766 - Step 01799: -3.0727 E_h, exp. variance=66.1494 E_h^2, pmove=0.36
2026-06-02 21:54:41,424 - Step 01800: -3.0571 E_h, exp. variance=59.5463 E_h^2, pmove=0.36
2026-06-02 21:54:42,081 - Step 01801: -2.1534 E_h, exp. variance=53.6216 E_h^2, pmove=0.36
2026-06-02 21:54:42,739 - Step 01802: -3.1471 E_h, exp. variance=48.2797 E_h^2, pmove=0.36
2026-06-02 21:54:43,396 - Step 01803: -3.0966 E_h, exp. variance=43.4645 E_h^2, pmove=0.36
2026-06-02 21:54:44,053 - Step 01804: -3.0313 E_h, exp. variance=39.1248 E_h^2, pmove=0.36
2026-06-02 21:54:44,710 - Step 01805: -3.1764 E_h, exp. variance=35.2261 E_h^2, pmove=0.36
2026-06-02 21:54:45,368 - Step 01806: -3.1820 E_h, exp. variance=31.7150 E_h^2, pmove=0.36
2026-06-02 21:54:46,025 - Step 01807: -3.2600 E_h, exp. variance=28.5579 E_h^2, pmove=0.36
2026-06-02 21:54:46,685 - Step 01808: -3.2528 E_h, exp. variance=25.7133 E_h^2, pmove=0.36
2026-06-02 21:54:47,343 - Step 01809: -3.1941 E_h, exp. variance=23.1480 E_h^2, pmove=0.36
2026-06-02 21:54:48,000 - Step 01810: -3.0884 E_h, exp. variance=20.8347 E_h^2, pmove=0.36
2026-06-02 21:54:48,658 - Step 01811: -3.0840 E_h, exp. variance=18.7523 E_h^2, pmove=0.36
2026-06-02 21:54:49,316 - Step 01812: -3.1670 E_h, exp. variance=16.8800 E_h^2, pmove=0.36
2026-06-02 21:54:49,975 - Step 01813: -3.1266 E_h, exp. variance=15.1934 E_h^2, pmove=0.36
2026-06-02 21:54:50,634 - Step 01814: -3.1664 E_h, exp. variance=13.6761 E_h^2, pmove=0.36
2026-06-02 21:54:51,291 - Step 01815: -3.2034 E_h, exp. variance=12.3112 E_h^2, pmove=0.36
2026-06-02 21:54:51,949 - Step 01816: -3.2196 E_h, exp. variance=11.0827 E_h^2, pmove=0.36
2026-06-02 21:54:52,607 - Step 01817: -3.2593 E_h, exp. variance=9.9779 E_h^2, pmove=0.36
2026-06-02 21:54:53,265 - Step 01818: -3.2234 E_h, exp. variance=8.9818 E_h^2, pmove=0.36
2026-06-02 21:54:53,924 - Step 01819: -3.2440 E_h, exp. variance=8.0855 E_h^2, pmove=0.36
2026-06-02 21:54:54,583 - Step 01820: -2.8806 E_h, exp. variance=7.2818 E_h^2, pmove=0.36
2026-06-02 21:54:55,240 - Step 01821: -3.1662 E_h, exp. variance=6.5542 E_h^2, pmove=0.36
2026-06-02 21:54:55,897 - Step 01822: -3.2674 E_h, exp. variance=5.9014 E_h^2, pmove=0.36
2026-06-02 21:54:56,558 - Step 01823: -3.2298 E_h, exp. variance=5.3124 E_h^2, pmove=0.36
2026-06-02 21:54:57,217 - Step 01824: -3.3001 E_h, exp. variance=4.7839 E_h^2, pmove=0.36
2026-06-02 21:54:57,874 - Step 01825: -3.2130 E_h, exp. variance=4.3060 E_h^2, pmove=0.36
2026-06-02 21:54:58,531 - Step 01826: -3.2727 E_h, exp. variance=3.8767 E_h^2, pmove=0.36
2026-06-02 21:54:59,189 - Step 01827: -3.2195 E_h, exp. variance=3.4893 E_h^2, pmove=0.36
2026-06-02 21:54:59,847 - Step 01828: -3.2508 E_h, exp. variance=3.1410 E_h^2, pmove=0.36
2026-06-02 21:55:00,508 - Step 01829: -3.2734 E_h, exp. variance=2.8278 E_h^2, pmove=0.35
2026-06-02 21:55:01,166 - Step 01830: -3.2566 E_h, exp. variance=2.5454 E_h^2, pmove=0.36
2026-06-02 21:55:01,824 - Step 01831: -3.2663 E_h, exp. variance=2.2914 E_h^2, pmove=0.36
2026-06-02 21:55:02,481 - Step 01832: -3.3083 E_h, exp. variance=2.0633 E_h^2, pmove=0.36
2026-06-02 21:55:03,139 - Step 01833: -3.2782 E_h, exp. variance=1.8574 E_h^2, pmove=0.36
2026-06-02 21:55:03,797 - Step 01834: -3.3057 E_h, exp. variance=1.6723 E_h^2, pmove=0.36
2026-06-02 21:55:04,459 - Step 01835: -3.2915 E_h, exp. variance=1.5055 E_h^2, pmove=0.36
2026-06-02 21:55:05,117 - Step 01836: -3.3025 E_h, exp. variance=1.3553 E_h^2, pmove=0.36
2026-06-02 21:55:05,775 - Step 01837: -3.3767 E_h, exp. variance=1.2215 E_h^2, pmove=0.36
2026-06-02 21:55:06,434 - Step 01838: -3.2481 E_h, exp. variance=1.0993 E_h^2, pmove=0.36
2026-06-02 21:55:07,093 - Step 01839: -3.2722 E_h, exp. variance=0.9894 E_h^2, pmove=0.37
2026-06-02 21:55:07,751 - Step 01840: -3.3655 E_h, exp. variance=0.8916 E_h^2, pmove=0.36
2026-06-02 21:55:08,410 - Step 01841: -3.3576 E_h, exp. variance=0.8032 E_h^2, pmove=0.36
2026-06-02 21:55:09,070 - Step 01842: -3.2732 E_h, exp. variance=0.7229 E_h^2, pmove=0.36
2026-06-02 21:55:09,731 - Step 01843: -3.3091 E_h, exp. variance=0.6507 E_h^2, pmove=0.36
2026-06-02 21:55:10,389 - Step 01844: -3.3393 E_h, exp. variance=0.5859 E_h^2, pmove=0.36
2026-06-02 21:55:11,047 - Step 01845: -3.3324 E_h, exp. variance=0.5276 E_h^2, pmove=0.36
2026-06-02 21:55:11,710 - Step 01846: -3.3637 E_h, exp. variance=0.4753 E_h^2, pmove=0.36
2026-06-02 21:55:12,372 - Step 01847: -3.3232 E_h, exp. variance=0.4278 E_h^2, pmove=0.36
2026-06-02 21:55:13,031 - Step 01848: -3.3193 E_h, exp. variance=0.3851 E_h^2, pmove=0.36
2026-06-02 21:55:13,689 - Step 01849: -3.3526 E_h, exp. variance=0.3468 E_h^2, pmove=0.36
2026-06-02 21:55:14,348 - Step 01850: -3.3692 E_h, exp. variance=0.3125 E_h^2, pmove=0.36
2026-06-02 21:55:15,007 - Step 01851: -3.3307 E_h, exp. variance=0.2813 E_h^2, pmove=0.36
2026-06-02 21:55:15,669 - Step 01852: -3.2793 E_h, exp. variance=0.2533 E_h^2, pmove=0.36
2026-06-02 21:55:16,328 - Step 01853: -3.2817 E_h, exp. variance=0.2280 E_h^2, pmove=0.36
2026-06-02 21:55:16,986 - Step 01854: -3.3803 E_h, exp. variance=0.2057 E_h^2, pmove=0.35
2026-06-02 21:55:17,645 - Step 01855: -3.3024 E_h, exp. variance=0.1851 E_h^2, pmove=0.36
2026-06-02 21:55:18,303 - Step 01856: -3.2961 E_h, exp. variance=0.1666 E_h^2, pmove=0.36
2026-06-02 21:55:18,966 - Step 01857: -2.5160 E_h, exp. variance=0.2070 E_h^2, pmove=0.36
2026-06-02 21:55:19,627 - Step 01858: -3.3205 E_h, exp. variance=0.1870 E_h^2, pmove=0.36
2026-06-02 21:55:20,287 - Step 01859: -3.3533 E_h, exp. variance=0.1695 E_h^2, pmove=0.36
2026-06-02 21:55:20,946 - Step 01860: -3.3258 E_h, exp. variance=0.1530 E_h^2, pmove=0.35
2026-06-02 21:55:21,604 - Step 01861: -3.4047 E_h, exp. variance=0.1396 E_h^2, pmove=0.35
2026-06-02 21:55:22,265 - Step 01862: -3.2832 E_h, exp. variance=0.1256 E_h^2, pmove=0.36
2026-06-02 21:55:22,924 - Step 01863: -3.3386 E_h, exp. variance=0.1134 E_h^2, pmove=0.36
2026-06-02 21:55:23,582 - Step 01864: -3.3979 E_h, exp. variance=0.1033 E_h^2, pmove=0.36
2026-06-02 21:55:24,242 - Step 01865: -3.4357 E_h, exp. variance=0.0948 E_h^2, pmove=0.36
2026-06-02 21:55:24,901 - Step 01866: -3.3772 E_h, exp. variance=0.0858 E_h^2, pmove=0.36
2026-06-02 21:55:25,564 - Step 01867: -3.4256 E_h, exp. variance=0.0783 E_h^2, pmove=0.36
2026-06-02 21:55:26,223 - Step 01868: -3.4465 E_h, exp. variance=0.0718 E_h^2, pmove=0.36
2026-06-02 21:55:26,882 - Step 01869: -3.4850 E_h, exp. variance=0.0666 E_h^2, pmove=0.36
2026-06-02 21:55:27,540 - Step 01870: -3.4834 E_h, exp. variance=0.0614 E_h^2, pmove=0.36
2026-06-02 21:55:28,199 - Step 01871: -3.4241 E_h, exp. variance=0.0556 E_h^2, pmove=0.37
2026-06-02 21:55:28,859 - Step 01872: -3.4223 E_h, exp. variance=0.0503 E_h^2, pmove=0.36
2026-06-02 21:55:29,517 - Step 01873: -3.3615 E_h, exp. variance=0.0453 E_h^2, pmove=0.37
2026-06-02 21:55:29,517 - Saving checkpoint results/bilayer-bosons/BosonNet/N24_layers12_12_rs4.0_d2.5_D20.0_sq/qmcjax_ckpt_001873.npz
2026-06-02 21:55:30,225 - Step 01874: -3.2915 E_h, exp. variance=0.0414 E_h^2, pmove=0.36
2026-06-02 21:55:30,882 - Step 01875: -3.2942 E_h, exp. variance=0.0377 E_h^2, pmove=0.36
2026-06-02 21:55:31,540 - Step 01876: -3.3355 E_h, exp. variance=0.0340 E_h^2, pmove=0.36
2026-06-02 21:55:32,201 - Step 01877: -3.1163 E_h, exp. variance=0.0358 E_h^2, pmove=0.36
2026-06-02 21:55:32,858 - Step 01878: -3.3540 E_h, exp. variance=0.0323 E_h^2, pmove=0.36
2026-06-02 21:55:33,516 - Step 01879: -3.3852 E_h, exp. variance=0.0293 E_h^2, pmove=0.36
2026-06-02 21:55:34,173 - Step 01880: -3.4212 E_h, exp. variance=0.0269 E_h^2, pmove=0.36
2026-06-02 21:55:34,835 - Step 01881: -3.4294 E_h, exp. variance=0.0248 E_h^2, pmove=0.36
2026-06-02 21:55:35,494 - Step 01882: -3.4467 E_h, exp. variance=0.0231 E_h^2, pmove=0.36
2026-06-02 21:55:36,152 - Step 01883: -3.4359 E_h, exp. variance=0.0212 E_h^2, pmove=0.36
2026-06-02 21:55:36,811 - Step 01884: -3.4825 E_h, exp. variance=0.0202 E_h^2, pmove=0.36
2026-06-02 21:55:37,470 - Step 01885: -3.4354 E_h, exp. variance=0.0184 E_h^2, pmove=0.36
2026-06-02 21:55:38,131 - Step 01886: -3.4437 E_h, exp. variance=0.0168 E_h^2, pmove=0.36
2026-06-02 21:55:38,789 - Step 01887: -3.4388 E_h, exp. variance=0.0153 E_h^2, pmove=0.35
2026-06-02 21:55:39,448 - Step 01888: -3.5136 E_h, exp. variance=0.0150 E_h^2, pmove=0.35
2026-06-02 21:55:40,106 - Step 01889: 3282.7786 E_h, exp. variance=971913.2500 E_h^2, pmove=0.36
2026-06-02 21:55:40,765 - Step 01890: -3.4185 E_h, exp. variance=884441.5000 E_h^2, pmove=0.36
2026-06-02 21:55:41,427 - Step 01891: -3.4971 E_h, exp. variance=803874.4375 E_h^2, pmove=0.36
2026-06-02 21:55:42,085 - Step 01892: -3.4917 E_h, exp. variance=729867.1250 E_h^2, pmove=0.36
2026-06-02 21:55:42,743 - Step 01893: -3.5059 E_h, exp. variance=662049.0000 E_h^2, pmove=0.36
2026-06-02 21:55:43,401 - Step 01894: -3.4744 E_h, exp. variance=600029.3750 E_h^2, pmove=0.36
2026-06-02 21:55:44,060 - Step 01895: -3.4660 E_h, exp. variance=543416.1875 E_h^2, pmove=0.36
2026-06-02 21:55:44,721 - Step 01896: -2.8800 E_h, exp. variance=491801.9062 E_h^2, pmove=0.36
2026-06-02 21:55:45,379 - Step 01897: -2.6546 E_h, exp. variance=444824.5000 E_h^2, pmove=0.36
2026-06-02 21:55:46,037 - Step 01898: -3.1397 E_h, exp. variance=402138.6250 E_h^2, pmove=0.36
2026-06-02 21:55:46,695 - Step 01899: -3.5159 E_h, exp. variance=363388.5938 E_h^2, pmove=0.36
2026-06-02 21:55:47,354 - Step 01900: -3.4576 E_h, exp. variance=328234.2500 E_h^2, pmove=0.36
2026-06-02 21:55:48,015 - Step 01901: -3.4204 E_h, exp. variance=296369.5938 E_h^2, pmove=0.36
2026-06-02 21:55:48,674 - Step 01902: -1.2171 E_h, exp. variance=267472.8125 E_h^2, pmove=0.35
2026-06-02 21:55:49,333 - Step 01903: -3.4966 E_h, exp. variance=241359.0469 E_h^2, pmove=0.35
2026-06-02 21:55:49,991 - Step 01904: -3.4928 E_h, exp. variance=217736.2344 E_h^2, pmove=0.35
2026-06-02 21:55:50,650 - Step 01905: -3.5148 E_h, exp. variance=196378.4844 E_h^2, pmove=0.36
2026-06-02 21:55:51,308 - Step 01906: -3.5179 E_h, exp. variance=177077.5312 E_h^2, pmove=0.36
2026-06-02 21:55:51,967 - Step 01907: -3.4964 E_h, exp. variance=159642.4531 E_h^2, pmove=0.36
2026-06-02 21:55:52,631 - Step 01908: -3.1262 E_h, exp. variance=143895.7812 E_h^2, pmove=0.36
2026-06-02 21:55:53,288 - Step 01909: -3.4774 E_h, exp. variance=129685.2422 E_h^2, pmove=0.36
2026-06-02 21:55:53,946 - Step 01910: -3.5646 E_h, exp. variance=116862.3750 E_h^2, pmove=0.36
2026-06-02 21:55:54,605 - Step 01911: -3.5229 E_h, exp. variance=105293.8438 E_h^2, pmove=0.36
2026-06-02 21:55:55,264 - Step 01912: -3.1045 E_h, exp. variance=94857.3672 E_h^2, pmove=0.36
2026-06-02 21:55:55,923 - Step 01913: -3.5011 E_h, exp. variance=85448.9688 E_h^2, pmove=0.36
2026-06-02 21:55:56,581 - Step 01914: -1.0634 E_h, exp. variance=76955.6719 E_h^2, pmove=0.35
2026-06-02 21:55:57,240 - Step 01915: -3.4385 E_h, exp. variance=69311.6172 E_h^2, pmove=0.35
2026-06-02 21:55:57,898 - Step 01916: -3.5324 E_h, exp. variance=62422.5508 E_h^2, pmove=0.36
2026-06-02 21:55:58,556 - Step 01917: -3.5370 E_h, exp. variance=56214.4062 E_h^2, pmove=0.35
2026-06-02 21:55:59,215 - Step 01918: -3.5066 E_h, exp. variance=50620.5000 E_h^2, pmove=0.35
2026-06-02 21:55:59,874 - Step 01919: -3.5630 E_h, exp. variance=45580.9141 E_h^2, pmove=0.36
2026-06-02 21:56:00,535 - Step 01920: -3.5313 E_h, exp. variance=41040.9375 E_h^2, pmove=0.36
2026-06-02 21:56:01,194 - Step 01921: -3.5328 E_h, exp. variance=36951.5195 E_h^2, pmove=0.36
2026-06-02 21:56:01,853 - Step 01922: -3.5781 E_h, exp. variance=33268.3477 E_h^2, pmove=0.36
2026-06-02 21:56:02,512 - Step 01923: -3.5289 E_h, exp. variance=29951.1230 E_h^2, pmove=0.36
2026-06-02 21:56:03,171 - Step 01924: -3.6089 E_h, exp. variance=26963.9316 E_h^2, pmove=0.36
2026-06-02 21:56:03,830 - Step 01925: -3.5603 E_h, exp. variance=24273.8809 E_h^2, pmove=0.36
2026-06-02 21:56:04,490 - Step 01926: -3.6035 E_h, exp. variance=21851.6875 E_h^2, pmove=0.36
2026-06-02 21:56:05,149 - Step 01927: -3.5245 E_h, exp. variance=19670.6289 E_h^2, pmove=0.36
2026-06-02 21:56:05,808 - Step 01928: -3.5415 E_h, exp. variance=17706.9160 E_h^2, pmove=0.36
2026-06-02 21:56:06,466 - Step 01929: -3.5997 E_h, exp. variance=15938.9941 E_h^2, pmove=0.36
2026-06-02 21:56:07,126 - Step 01930: -3.5958 E_h, exp. variance=14347.3359 E_h^2, pmove=0.35
2026-06-02 21:56:07,785 - Step 01931: -3.6203 E_h, exp. variance=12914.4375 E_h^2, pmove=0.36
2026-06-02 21:56:08,444 - Step 01932: -3.5144 E_h, exp. variance=11624.4033 E_h^2, pmove=0.36
2026-06-02 21:56:09,104 - Step 01933: -3.5586 E_h, exp. variance=10463.1338 E_h^2, pmove=0.36
2026-06-02 21:56:09,763 - Step 01934: -3.5873 E_h, exp. variance=9417.7852 E_h^2, pmove=0.36
2026-06-02 21:56:10,423 - Step 01935: -3.5942 E_h, exp. variance=8476.7920 E_h^2, pmove=0.35
2026-06-02 21:56:11,083 - Step 01936: -3.4330 E_h, exp. variance=7629.6743 E_h^2, pmove=0.35
2026-06-02 21:56:11,743 - Step 01937: -3.5835 E_h, exp. variance=6867.2246 E_h^2, pmove=0.35
2026-06-02 21:56:12,402 - Step 01938: -3.0091 E_h, exp. variance=6180.7280 E_h^2, pmove=0.35
2026-06-02 21:56:13,062 - Step 01939: -3.4299 E_h, exp. variance=5562.9619 E_h^2, pmove=0.36
2026-06-02 21:56:13,722 - Step 01940: -3.5436 E_h, exp. variance=5006.9497 E_h^2, pmove=0.36
2026-06-02 21:56:14,381 - Step 01941: -3.6507 E_h, exp. variance=4506.5161 E_h^2, pmove=0.36
2026-06-02 21:56:15,042 - Step 01942: -3.5593 E_h, exp. variance=4056.0520 E_h^2, pmove=0.35
2026-06-02 21:56:15,702 - Step 01943: -3.6050 E_h, exp. variance=3650.6094 E_h^2, pmove=0.35
2026-06-02 21:56:16,363 - Step 01944: -3.5899 E_h, exp. variance=3285.6770 E_h^2, pmove=0.36
2026-06-02 21:56:17,024 - Step 01945: -3.5961 E_h, exp. variance=2957.2144 E_h^2, pmove=0.35
2026-06-02 21:56:17,684 - Step 01946: -3.5474 E_h, exp. variance=2661.5698 E_h^2, pmove=0.35
2026-06-02 21:56:18,345 - Step 01947: -3.5689 E_h, exp. variance=2395.4785 E_h^2, pmove=0.36
2026-06-02 21:56:19,005 - Step 01948: -3.6297 E_h, exp. variance=2155.9927 E_h^2, pmove=0.35
2026-06-02 21:56:19,668 - Step 01949: -3.6230 E_h, exp. variance=1940.4426 E_h^2, pmove=0.36
2026-06-02 21:56:20,330 - Step 01950: -3.5906 E_h, exp. variance=1746.4343 E_h^2, pmove=0.35
2026-06-02 21:56:20,992 - Step 01951: -3.5201 E_h, exp. variance=1571.8132 E_h^2, pmove=0.36
2026-06-02 21:56:21,652 - Step 01952: -3.6005 E_h, exp. variance=1414.6571 E_h^2, pmove=0.36
2026-06-02 21:56:22,314 - Step 01953: -3.5582 E_h, exp. variance=1273.2084 E_h^2, pmove=0.36
2026-06-02 21:56:22,976 - Step 01954: -3.6050 E_h, exp. variance=1145.9048 E_h^2, pmove=0.35
2026-06-02 21:56:23,636 - Step 01955: -3.6566 E_h, exp. variance=1031.3322 E_h^2, pmove=0.36
2026-06-02 21:56:24,298 - Step 01956: -3.6716 E_h, exp. variance=928.2145 E_h^2, pmove=0.36
2026-06-02 21:56:24,959 - Step 01957: -3.6355 E_h, exp. variance=835.4034 E_h^2, pmove=0.36
2026-06-02 21:56:25,621 - Step 01958: -3.6681 E_h, exp. variance=751.8732 E_h^2, pmove=0.35
2026-06-02 21:56:26,285 - Step 01959: -3.6768 E_h, exp. variance=676.6947 E_h^2, pmove=0.36
2026-06-02 21:56:26,947 - Step 01960: -3.6169 E_h, exp. variance=609.0296 E_h^2, pmove=0.35
2026-06-02 21:56:27,608 - Step 01961: -3.6271 E_h, exp. variance=548.1306 E_h^2, pmove=0.36
2026-06-02 21:56:28,268 - Step 01962: -3.6196 E_h, exp. variance=493.3205 E_h^2, pmove=0.36
2026-06-02 21:56:28,932 - Step 01963: -3.6512 E_h, exp. variance=443.9918 E_h^2, pmove=0.35
2026-06-02 21:56:29,594 - Step 01964: -3.6426 E_h, exp. variance=399.5951 E_h^2, pmove=0.35
2026-06-02 21:56:30,255 - Step 01965: -3.6390 E_h, exp. variance=359.6375 E_h^2, pmove=0.36
2026-06-02 21:56:30,917 - Step 01966: -3.6630 E_h, exp. variance=323.6759 E_h^2, pmove=0.36
2026-06-02 21:56:31,577 - Step 01967: -2.3187 E_h, exp. variance=291.4389 E_h^2, pmove=0.36
2026-06-02 21:56:32,242 - Step 01968: -2.9454 E_h, exp. variance=262.3138 E_h^2, pmove=0.36
2026-06-02 21:56:32,906 - Step 01969: -3.6751 E_h, exp. variance=236.0915 E_h^2, pmove=0.36
2026-06-02 21:56:33,567 - Step 01970: -3.7305 E_h, exp. variance=212.4929 E_h^2, pmove=0.36
2026-06-02 21:56:34,228 - Step 01971: -3.7033 E_h, exp. variance=191.2507 E_h^2, pmove=0.35
2026-06-02 21:56:34,889 - Step 01972: -3.7368 E_h, exp. variance=172.1329 E_h^2, pmove=0.36
2026-06-02 21:56:35,553 - Step 01973: -3.7825 E_h, exp. variance=154.9279 E_h^2, pmove=0.36
2026-06-02 21:56:36,214 - Step 01974: -3.7358 E_h, exp. variance=139.4397 E_h^2, pmove=0.36
2026-06-02 21:56:36,872 - Step 01975: -3.7272 E_h, exp. variance=125.4992 E_h^2, pmove=0.36
2026-06-02 21:56:37,532 - Step 01976: -3.7480 E_h, exp. variance=112.9527 E_h^2, pmove=0.36
2026-06-02 21:56:38,194 - Step 01977: -3.7812 E_h, exp. variance=101.6614 E_h^2, pmove=0.36
2026-06-02 21:56:38,853 - Step 01978: -3.7433 E_h, exp. variance=91.4973 E_h^2, pmove=0.36
2026-06-02 21:56:39,512 - Step 01979: -3.7530 E_h, exp. variance=82.3495 E_h^2, pmove=0.35
2026-06-02 21:56:40,172 - Step 01980: -3.7352 E_h, exp. variance=74.1157 E_h^2, pmove=0.37
2026-06-02 21:56:40,831 - Step 01981: -3.7211 E_h, exp. variance=66.7048 E_h^2, pmove=0.36
2026-06-02 21:56:41,496 - Step 01982: -3.7380 E_h, exp. variance=60.0351 E_h^2, pmove=0.35
2026-06-02 21:56:42,157 - Step 01983: -3.7988 E_h, exp. variance=54.0336 E_h^2, pmove=0.36
2026-06-02 21:56:42,819 - Step 01984: -3.7916 E_h, exp. variance=48.6316 E_h^2, pmove=0.37
2026-06-02 21:56:43,480 - Step 01985: -3.7326 E_h, exp. variance=43.7687 E_h^2, pmove=0.36
2026-06-02 21:56:44,143 - Step 01986: -3.7232 E_h, exp. variance=39.3920 E_h^2, pmove=0.36
2026-06-02 21:56:44,805 - Step 01987: -3.7722 E_h, exp. variance=35.4534 E_h^2, pmove=0.36
2026-06-02 21:56:45,466 - Step 01988: -3.7937 E_h, exp. variance=31.9089 E_h^2, pmove=0.36
2026-06-02 21:56:46,128 - Step 01989: -3.7249 E_h, exp. variance=28.7181 E_h^2, pmove=0.36
2026-06-02 21:56:46,788 - Step 01990: -3.7731 E_h, exp. variance=25.8466 E_h^2, pmove=0.36
2026-06-02 21:56:47,451 - Step 01991: -3.7577 E_h, exp. variance=23.2621 E_h^2, pmove=0.36
2026-06-02 21:56:48,110 - Step 01992: -3.7311 E_h, exp. variance=20.9359 E_h^2, pmove=0.36
2026-06-02 21:56:48,770 - Step 01993: -3.8018 E_h, exp. variance=18.8429 E_h^2, pmove=0.36
2026-06-02 21:56:49,428 - Step 01994: -3.7376 E_h, exp. variance=16.9587 E_h^2, pmove=0.36
2026-06-02 21:56:50,088 - Step 01995: -3.6910 E_h, exp. variance=15.2629 E_h^2, pmove=0.36
2026-06-02 21:56:50,750 - Step 01996: -3.7516 E_h, exp. variance=13.7367 E_h^2, pmove=0.36
2026-06-02 21:56:51,411 - Step 01997: -3.6423 E_h, exp. variance=12.3637 E_h^2, pmove=0.36
2026-06-02 21:56:52,074 - Step 01998: -3.7518 E_h, exp. variance=11.1274 E_h^2, pmove=0.36
2026-06-02 21:56:52,743 - Step 01999: -3.1265 E_h, exp. variance=10.0467 E_h^2, pmove=0.36
2026-06-02 21:56:53,407 - Step 02000: -3.7464 E_h, exp. variance=9.0426 E_h^2, pmove=0.36
2026-06-02 21:56:54,068 - Step 02001: -3.7258 E_h, exp. variance=8.1386 E_h^2, pmove=0.36
2026-06-02 21:56:54,730 - Step 02002: -3.7014 E_h, exp. variance=7.3248 E_h^2, pmove=0.36
2026-06-02 21:56:55,392 - Step 02003: -3.4474 E_h, exp. variance=6.5972 E_h^2, pmove=0.36
2026-06-02 21:56:56,055 - Step 02004: -3.6892 E_h, exp. variance=5.9376 E_h^2, pmove=0.36
2026-06-02 21:56:56,718 - Step 02005: -3.4246 E_h, exp. variance=5.3488 E_h^2, pmove=0.36
2026-06-02 21:56:57,378 - Step 02006: -3.7935 E_h, exp. variance=4.8161 E_h^2, pmove=0.36
2026-06-02 21:56:58,039 - Step 02007: -3.8438 E_h, exp. variance=4.3378 E_h^2, pmove=0.36
2026-06-02 21:56:58,698 - Step 02008: -3.7708 E_h, exp. variance=3.9049 E_h^2, pmove=0.36
2026-06-02 21:56:59,358 - Step 02009: -3.7185 E_h, exp. variance=3.5146 E_h^2, pmove=0.36
2026-06-02 21:57:00,023 - Step 02010: -3.7371 E_h, exp. variance=3.1634 E_h^2, pmove=0.36
2026-06-02 21:57:00,684 - Step 02011: -3.8004 E_h, exp. variance=2.8481 E_h^2, pmove=0.36
2026-06-02 21:57:01,345 - Step 02012: -3.7259 E_h, exp. variance=2.5634 E_h^2, pmove=0.36
2026-06-02 21:57:02,006 - Step 02013: -3.6526 E_h, exp. variance=2.3073 E_h^2, pmove=0.36
2026-06-02 21:57:02,667 - Step 02014: -3.7300 E_h, exp. variance=2.0766 E_h^2, pmove=0.35
2026-06-02 21:57:03,330 - Step 02015: -3.7274 E_h, exp. variance=1.8690 E_h^2, pmove=0.36
2026-06-02 21:57:03,991 - Step 02016: -3.7832 E_h, exp. variance=1.6827 E_h^2, pmove=0.35
2026-06-02 21:57:04,652 - Step 02017: -3.7313 E_h, exp. variance=1.5145 E_h^2, pmove=0.35
2026-06-02 21:57:05,312 - Step 02018: -3.5098 E_h, exp. variance=1.3668 E_h^2, pmove=0.35
2026-06-02 21:57:05,973 - Step 02019: -3.7266 E_h, exp. variance=1.2302 E_h^2, pmove=0.36
2026-06-02 21:57:06,634 - Step 02020: -3.7083 E_h, exp. variance=1.1072 E_h^2, pmove=0.35
2026-06-02 21:57:07,294 - Step 02021: -3.7710 E_h, exp. variance=0.9969 E_h^2, pmove=0.36
2026-06-02 21:57:07,955 - Step 02022: -3.7541 E_h, exp. variance=0.8975 E_h^2, pmove=0.35
2026-06-02 21:57:08,616 - Step 02023: -3.7844 E_h, exp. variance=0.8082 E_h^2, pmove=0.36
2026-06-02 21:57:09,277 - Step 02024: -3.8057 E_h, exp. variance=0.7281 E_h^2, pmove=0.35
2026-06-02 21:57:09,938 - Step 02025: -3.7833 E_h, exp. variance=0.6556 E_h^2, pmove=0.35
2026-06-02 21:57:10,601 - Step 02026: -3.8080 E_h, exp. variance=0.5905 E_h^2, pmove=0.36
2026-06-02 21:57:11,262 - Step 02027: -3.8190 E_h, exp. variance=0.5320 E_h^2, pmove=0.36
2026-06-02 21:57:11,927 - Step 02028: -3.8216 E_h, exp. variance=0.4793 E_h^2, pmove=0.36
2026-06-02 21:57:12,589 - Step 02029: -3.7928 E_h, exp. variance=0.4315 E_h^2, pmove=0.36
2026-06-02 21:57:13,250 - Step 02030: -3.8176 E_h, exp. variance=0.3887 E_h^2, pmove=0.35
2026-06-02 21:57:13,912 - Step 02031: -3.7774 E_h, exp. variance=0.3498 E_h^2, pmove=0.36
2026-06-02 21:57:14,573 - Step 02032: -3.8034 E_h, exp. variance=0.3150 E_h^2, pmove=0.36
2026-06-02 21:57:15,236 - Step 02033: -3.7971 E_h, exp. variance=0.2835 E_h^2, pmove=0.36
2026-06-02 21:57:15,900 - Step 02034: -3.8548 E_h, exp. variance=0.2558 E_h^2, pmove=0.36
2026-06-02 21:57:16,562 - Step 02035: -3.8880 E_h, exp. variance=0.2313 E_h^2, pmove=0.36
2026-06-02 21:57:17,228 - Step 02036: -3.8236 E_h, exp. variance=0.2082 E_h^2, pmove=0.36
2026-06-02 21:57:17,891 - Step 02037: -3.8834 E_h, exp. variance=0.1881 E_h^2, pmove=0.36
2026-06-02 21:57:18,554 - Step 02038: -3.8006 E_h, exp. variance=0.1693 E_h^2, pmove=0.36
2026-06-02 21:57:19,216 - Step 02039: -3.7180 E_h, exp. variance=0.1530 E_h^2, pmove=0.36
2026-06-02 21:57:19,878 - Step 02040: -3.7829 E_h, exp. variance=0.1377 E_h^2, pmove=0.36
2026-06-02 21:57:20,539 - Step 02041: -3.8152 E_h, exp. variance=0.1240 E_h^2, pmove=0.36
2026-06-02 21:57:21,202 - Step 02042: -3.2509 E_h, exp. variance=0.1383 E_h^2, pmove=0.36
2026-06-02 21:57:21,863 - Step 02043: -3.8333 E_h, exp. variance=0.1252 E_h^2, pmove=0.36
2026-06-02 21:57:22,524 - Step 02044: -3.9228 E_h, exp. variance=0.1154 E_h^2, pmove=0.36
2026-06-02 21:57:23,187 - Step 02045: -3.8476 E_h, exp. variance=0.1044 E_h^2, pmove=0.36
2026-06-02 21:57:23,847 - Step 02046: -3.8825 E_h, exp. variance=0.0950 E_h^2, pmove=0.36
2026-06-02 21:57:24,509 - Step 02047: -3.8272 E_h, exp. variance=0.0857 E_h^2, pmove=0.36
2026-06-02 21:57:25,170 - Step 02048: -3.8181 E_h, exp. variance=0.0772 E_h^2, pmove=0.36
2026-06-02 21:57:25,831 - Step 02049: -3.8820 E_h, exp. variance=0.0702 E_h^2, pmove=0.36
2026-06-02 21:57:26,492 - Step 02050: -3.8919 E_h, exp. variance=0.0639 E_h^2, pmove=0.36
2026-06-02 21:57:27,152 - Step 02051: -3.8768 E_h, exp. variance=0.0579 E_h^2, pmove=0.36
2026-06-02 21:57:27,817 - Step 02052: -3.2859 E_h, exp. variance=0.0775 E_h^2, pmove=0.36
2026-06-02 21:57:28,480 - Step 02053: -3.7850 E_h, exp. variance=0.0698 E_h^2, pmove=0.36
2026-06-02 21:57:29,142 - Step 02054: -3.8492 E_h, exp. variance=0.0634 E_h^2, pmove=0.36
2026-06-02 21:57:29,803 - Step 02055: -3.8898 E_h, exp. variance=0.0583 E_h^2, pmove=0.35
2026-06-02 21:57:30,467 - Step 02056: -3.8884 E_h, exp. variance=0.0534 E_h^2, pmove=0.36
2026-06-02 21:57:31,129 - Step 02057: -3.8597 E_h, exp. variance=0.0484 E_h^2, pmove=0.36
2026-06-02 21:57:31,789 - Step 02058: -3.8803 E_h, exp. variance=0.0441 E_h^2, pmove=0.35
2026-06-02 21:57:32,450 - Step 02059: -3.9485 E_h, exp. variance=0.0414 E_h^2, pmove=0.36
2026-06-02 21:57:33,112 - Step 02060: -3.9253 E_h, exp. variance=0.0382 E_h^2, pmove=0.36
2026-06-02 21:57:33,778 - Step 02061: -3.9151 E_h, exp. variance=0.0350 E_h^2, pmove=0.35
2026-06-02 21:57:34,438 - Step 02062: -3.8979 E_h, exp. variance=0.0317 E_h^2, pmove=0.36
2026-06-02 21:57:35,101 - Step 02063: -3.9216 E_h, exp. variance=0.0291 E_h^2, pmove=0.36
2026-06-02 21:57:35,763 - Step 02064: -3.9008 E_h, exp. variance=0.0263 E_h^2, pmove=0.36
2026-06-02 21:57:36,424 - Step 02065: -3.8786 E_h, exp. variance=0.0237 E_h^2, pmove=0.36
2026-06-02 21:57:37,088 - Step 02066: -3.9003 E_h, exp. variance=0.0215 E_h^2, pmove=0.36
2026-06-02 21:57:37,749 - Step 02067: -3.8648 E_h, exp. variance=0.0193 E_h^2, pmove=0.36
2026-06-02 21:57:38,409 - Step 02068: -3.9124 E_h, exp. variance=0.0176 E_h^2, pmove=0.36
2026-06-02 21:57:39,071 - Step 02069: -3.9342 E_h, exp. variance=0.0162 E_h^2, pmove=0.36
2026-06-02 21:57:39,736 - Step 02070: -3.9165 E_h, exp. variance=0.0147 E_h^2, pmove=0.36
2026-06-02 21:57:40,398 - Step 02071: -3.9308 E_h, exp. variance=0.0135 E_h^2, pmove=0.36
2026-06-02 21:57:41,059 - Step 02072: -3.9402 E_h, exp. variance=0.0124 E_h^2, pmove=0.36
2026-06-02 21:57:41,721 - Step 02073: -3.8865 E_h, exp. variance=0.0112 E_h^2, pmove=0.36
2026-06-02 21:57:42,382 - Step 02074: -3.8956 E_h, exp. variance=0.0101 E_h^2, pmove=0.35
2026-06-02 21:57:43,047 - Step 02075: -3.6799 E_h, exp. variance=0.0131 E_h^2, pmove=0.36
2026-06-02 21:57:43,711 - Step 02076: -3.6570 E_h, exp. variance=0.0158 E_h^2, pmove=0.36
2026-06-02 21:57:44,372 - Step 02077: -3.9204 E_h, exp. variance=0.0147 E_h^2, pmove=0.36
2026-06-02 21:57:45,034 - Step 02078: -3.8992 E_h, exp. variance=0.0134 E_h^2, pmove=0.36
2026-06-02 21:57:45,695 - Step 02079: -3.9219 E_h, exp. variance=0.0124 E_h^2, pmove=0.36
2026-06-02 21:57:46,359 - Step 02080: -3.9186 E_h, exp. variance=0.0114 E_h^2, pmove=0.36
2026-06-02 21:57:47,022 - Step 02081: -3.8810 E_h, exp. variance=0.0103 E_h^2, pmove=0.36
2026-06-02 21:57:47,683 - Step 02082: -3.2139 E_h, exp. variance=0.0483 E_h^2, pmove=0.36
2026-06-02 21:57:48,345 - Step 02083: -3.8850 E_h, exp. variance=0.0440 E_h^2, pmove=0.36
2026-06-02 21:57:49,008 - Step 02084: -3.9398 E_h, exp. variance=0.0410 E_h^2, pmove=0.36
2026-06-02 21:57:49,668 - Step 02085: -3.8637 E_h, exp. variance=0.0371 E_h^2, pmove=0.36
2026-06-02 21:57:50,330 - Step 02086: -3.8826 E_h, exp. variance=0.0336 E_h^2, pmove=0.36
2026-06-02 21:57:50,991 - Step 02087: -3.8897 E_h, exp. variance=0.0305 E_h^2, pmove=0.36
2026-06-02 21:57:51,654 - Step 02088: -3.9042 E_h, exp. variance=0.0278 E_h^2, pmove=0.36
2026-06-02 21:57:52,318 - Step 02089: -3.9708 E_h, exp. variance=0.0264 E_h^2, pmove=0.36
2026-06-02 21:57:52,979 - Step 02090: -3.9772 E_h, exp. variance=0.0250 E_h^2, pmove=0.36
2026-06-02 21:57:53,640 - Step 02091: -4.0030 E_h, exp. variance=0.0240 E_h^2, pmove=0.36
2026-06-02 21:57:54,301 - Step 02092: -3.9546 E_h, exp. variance=0.0221 E_h^2, pmove=0.36
2026-06-02 21:57:54,961 - Step 02093: -3.9394 E_h, exp. variance=0.0201 E_h^2, pmove=0.36
2026-06-02 21:57:55,625 - Step 02094: -3.9552 E_h, exp. variance=0.0184 E_h^2, pmove=0.36
2026-06-02 21:57:56,285 - Step 02095: -3.8452 E_h, exp. variance=0.0168 E_h^2, pmove=0.36
2026-06-02 21:57:56,945 - Step 02096: -3.9055 E_h, exp. variance=0.0152 E_h^2, pmove=0.36
2026-06-02 21:57:57,606 - Step 02097: -3.9689 E_h, exp. variance=0.0141 E_h^2, pmove=0.36
2026-06-02 21:57:58,269 - Step 02098: -3.9181 E_h, exp. variance=0.0127 E_h^2, pmove=0.36
2026-06-02 21:57:58,931 - Step 02099: -3.9811 E_h, exp. variance=0.0119 E_h^2, pmove=0.35
2026-06-02 21:57:59,591 - Step 02100: -3.9735 E_h, exp. variance=0.0111 E_h^2, pmove=0.36
2026-06-02 21:58:00,253 - Step 02101: -3.9071 E_h, exp. variance=0.0100 E_h^2, pmove=0.36
2026-06-02 21:58:00,913 - Step 02102: -3.9361 E_h, exp. variance=0.0090 E_h^2, pmove=0.36
2026-06-02 21:58:01,576 - Step 02103: -3.9832 E_h, exp. variance=0.0085 E_h^2, pmove=0.36
2026-06-02 21:58:02,236 - Step 02104: -3.9707 E_h, exp. variance=0.0078 E_h^2, pmove=0.35
2026-06-02 21:58:02,897 - Step 02105: -3.9130 E_h, exp. variance=0.0070 E_h^2, pmove=0.36
2026-06-02 21:58:03,556 - Step 02106: -3.9231 E_h, exp. variance=0.0063 E_h^2, pmove=0.35
2026-06-02 21:58:04,219 - Step 02107: -3.9386 E_h, exp. variance=0.0057 E_h^2, pmove=0.35
2026-06-02 21:58:04,881 - Step 02108: -3.8992 E_h, exp. variance=0.0052 E_h^2, pmove=0.36
2026-06-02 21:58:05,541 - Step 02109: -3.8566 E_h, exp. variance=0.0051 E_h^2, pmove=0.36
2026-06-02 21:58:06,202 - Step 02110: -3.9485 E_h, exp. variance=0.0047 E_h^2, pmove=0.35
2026-06-02 21:58:06,862 - Step 02111: -3.9482 E_h, exp. variance=0.0043 E_h^2, pmove=0.35
2026-06-02 21:58:07,525 - Step 02112: -3.9687 E_h, exp. variance=0.0040 E_h^2, pmove=0.36
2026-06-02 21:58:08,186 - Step 02113: -3.9599 E_h, exp. variance=0.0037 E_h^2, pmove=0.36
2026-06-02 21:58:08,848 - Step 02114: -3.9916 E_h, exp. variance=0.0037 E_h^2, pmove=0.36
2026-06-02 21:58:09,510 - Step 02115: -4.0084 E_h, exp. variance=0.0037 E_h^2, pmove=0.36
2026-06-02 21:58:10,171 - Step 02116: -4.0379 E_h, exp. variance=0.0041 E_h^2, pmove=0.36
2026-06-02 21:58:10,846 - Step 02117: -3.9798 E_h, exp. variance=0.0038 E_h^2, pmove=0.36
2026-06-02 21:58:11,507 - Step 02118: -3.9642 E_h, exp. variance=0.0034 E_h^2, pmove=0.36
2026-06-02 21:58:12,167 - Step 02119: -3.9667 E_h, exp. variance=0.0031 E_h^2, pmove=0.36
2026-06-02 21:58:12,828 - Step 02120: -4.0371 E_h, exp. variance=0.0033 E_h^2, pmove=0.35
2026-06-02 21:58:13,490 - Step 02121: -4.0152 E_h, exp. variance=0.0032 E_h^2, pmove=0.36
2026-06-02 21:58:14,151 - Step 02122: -4.0508 E_h, exp. variance=0.0034 E_h^2, pmove=0.36
2026-06-02 21:58:14,812 - Step 02123: -3.9355 E_h, exp. variance=0.0033 E_h^2, pmove=0.36
2026-06-02 21:58:15,474 - Step 02124: -3.9920 E_h, exp. variance=0.0030 E_h^2, pmove=0.36
2026-06-02 21:58:16,135 - Step 02125: -3.7016 E_h, exp. variance=0.0095 E_h^2, pmove=0.36
2026-06-02 21:58:16,797 - Step 02126: -3.8447 E_h, exp. variance=0.0095 E_h^2, pmove=0.36
2026-06-02 21:58:17,458 - Step 02127: -4.0242 E_h, exp. variance=0.0092 E_h^2, pmove=0.36
2026-06-02 21:58:18,119 - Step 02128: -3.6597 E_h, exp. variance=0.0157 E_h^2, pmove=0.36
2026-06-02 21:58:18,780 - Step 02129: -3.9169 E_h, exp. variance=0.0142 E_h^2, pmove=0.36
2026-06-02 21:58:19,440 - Step 02130: -4.0083 E_h, exp. variance=0.0135 E_h^2, pmove=0.36
2026-06-02 21:58:20,101 - Step 02131: -3.9952 E_h, exp. variance=0.0125 E_h^2, pmove=0.35
2026-06-02 21:58:20,762 - Step 02132: -3.9853 E_h, exp. variance=0.0115 E_h^2, pmove=0.36
2026-06-02 21:58:21,423 - Step 02133: -3.9675 E_h, exp. variance=0.0104 E_h^2, pmove=0.36
2026-06-02 21:58:22,085 - Step 02134: -3.9508 E_h, exp. variance=0.0094 E_h^2, pmove=0.36
2026-06-02 21:58:22,746 - Step 02135: -4.0181 E_h, exp. variance=0.0090 E_h^2, pmove=0.36
2026-06-02 21:58:23,407 - Step 02136: -4.0039 E_h, exp. variance=0.0083 E_h^2, pmove=0.36
2026-06-02 21:58:24,068 - Step 02137: -4.0222 E_h, exp. variance=0.0079 E_h^2, pmove=0.36
2026-06-02 21:58:24,729 - Step 02138: -4.0681 E_h, exp. variance=0.0081 E_h^2, pmove=0.36
2026-06-02 21:58:25,391 - Step 02139: -3.9771 E_h, exp. variance=0.0073 E_h^2, pmove=0.35
2026-06-02 21:58:26,053 - Step 02140: -4.0299 E_h, exp. variance=0.0069 E_h^2, pmove=0.36
2026-06-02 21:58:26,715 - Step 02141: -4.0115 E_h, exp. variance=0.0063 E_h^2, pmove=0.36
2026-06-02 21:58:27,376 - Step 02142: -4.0358 E_h, exp. variance=0.0059 E_h^2, pmove=0.35
2026-06-02 21:58:28,037 - Step 02143: -4.0110 E_h, exp. variance=0.0054 E_h^2, pmove=0.36
2026-06-02 21:58:28,699 - Step 02144: -4.0168 E_h, exp. variance=0.0049 E_h^2, pmove=0.36
2026-06-02 21:58:29,360 - Step 02145: -3.7409 E_h, exp. variance=0.0101 E_h^2, pmove=0.36
2026-06-02 21:58:30,020 - Step 02146: -3.2463 E_h, exp. variance=0.0559 E_h^2, pmove=0.36
2026-06-02 21:58:30,682 - Step 02147: -3.9437 E_h, exp. variance=0.0505 E_h^2, pmove=0.36
2026-06-02 21:58:31,343 - Step 02148: -4.0400 E_h, exp. variance=0.0472 E_h^2, pmove=0.36
2026-06-02 21:58:32,005 - Step 02149: -3.9697 E_h, exp. variance=0.0428 E_h^2, pmove=0.36
2026-06-02 21:58:32,666 - Step 02150: -3.9573 E_h, exp. variance=0.0386 E_h^2, pmove=0.36
2026-06-02 21:58:33,328 - Step 02151: -4.0155 E_h, exp. variance=0.0355 E_h^2, pmove=0.36
2026-06-02 21:58:33,988 - Step 02152: -4.0779 E_h, exp. variance=0.0339 E_h^2, pmove=0.35
2026-06-02 21:58:34,650 - Step 02153: -4.0309 E_h, exp. variance=0.0311 E_h^2, pmove=0.36
2026-06-02 21:58:35,314 - Step 02154: -4.0671 E_h, exp. variance=0.0291 E_h^2, pmove=0.36
2026-06-02 21:58:35,975 - Step 02155: -3.9080 E_h, exp. variance=0.0265 E_h^2, pmove=0.36
2026-06-02 21:58:36,636 - Step 02156: -4.0699 E_h, exp. variance=0.0249 E_h^2, pmove=0.36
2026-06-02 21:58:37,296 - Step 02157: -4.0741 E_h, exp. variance=0.0234 E_h^2, pmove=0.35
2026-06-02 21:58:37,957 - Step 02158: -4.0671 E_h, exp. variance=0.0217 E_h^2, pmove=0.36
2026-06-02 21:58:38,618 - Step 02159: -4.0296 E_h, exp. variance=0.0197 E_h^2, pmove=0.36
2026-06-02 21:58:39,279 - Step 02160: -4.0126 E_h, exp. variance=0.0177 E_h^2, pmove=0.35
2026-06-02 21:58:39,939 - Step 02161: -3.4837 E_h, exp. variance=0.0396 E_h^2, pmove=0.36
2026-06-02 21:58:40,600 - Step 02162: -4.0148 E_h, exp. variance=0.0361 E_h^2, pmove=0.36
2026-06-02 21:58:41,264 - Step 02163: -4.0404 E_h, exp. variance=0.0332 E_h^2, pmove=0.36
2026-06-02 21:58:41,925 - Step 02164: -4.0803 E_h, exp. variance=0.0311 E_h^2, pmove=0.36
2026-06-02 21:58:42,586 - Step 02165: -4.0391 E_h, exp. variance=0.0284 E_h^2, pmove=0.36
2026-06-02 21:58:43,246 - Step 02166: -4.0599 E_h, exp. variance=0.0262 E_h^2, pmove=0.36
2026-06-02 21:58:43,906 - Step 02167: -3.9767 E_h, exp. variance=0.0236 E_h^2, pmove=0.36
2026-06-02 21:58:44,569 - Step 02168: -4.0737 E_h, exp. variance=0.0219 E_h^2, pmove=0.36
2026-06-02 21:58:45,230 - Step 02169: -4.0649 E_h, exp. variance=0.0201 E_h^2, pmove=0.36
2026-06-02 21:58:45,891 - Step 02170: -3.9973 E_h, exp. variance=0.0181 E_h^2, pmove=0.36
2026-06-02 21:58:46,552 - Step 02171: -4.0308 E_h, exp. variance=0.0164 E_h^2, pmove=0.36
2026-06-02 21:58:47,213 - Step 02172: -4.1034 E_h, exp. variance=0.0156 E_h^2, pmove=0.35
2026-06-02 21:58:47,878 - Step 02173: -4.1251 E_h, exp. variance=0.0152 E_h^2, pmove=0.36
2026-06-02 21:58:48,538 - Step 02174: -4.1061 E_h, exp. variance=0.0142 E_h^2, pmove=0.35
2026-06-02 21:58:49,197 - Step 02175: -4.1146 E_h, exp. variance=0.0134 E_h^2, pmove=0.36
2026-06-02 21:58:49,858 - Step 02176: -4.1059 E_h, exp. variance=0.0124 E_h^2, pmove=0.36
2026-06-02 21:58:50,522 - Step 02177: -4.1539 E_h, exp. variance=0.0122 E_h^2, pmove=0.35
2026-06-02 21:58:51,184 - Step 02178: -4.0928 E_h, exp. variance=0.0111 E_h^2, pmove=0.36
2026-06-02 21:58:51,845 - Step 02179: -4.0851 E_h, exp. variance=0.0100 E_h^2, pmove=0.36
2026-06-02 21:58:52,506 - Step 02180: -4.1463 E_h, exp. variance=0.0096 E_h^2, pmove=0.35
2026-06-02 21:58:53,167 - Step 02181: -4.1205 E_h, exp. variance=0.0089 E_h^2, pmove=0.36
2026-06-02 21:58:53,830 - Step 02182: -4.1633 E_h, exp. variance=0.0086 E_h^2, pmove=0.36
2026-06-02 21:58:54,494 - Step 02183: -4.0784 E_h, exp. variance=0.0078 E_h^2, pmove=0.36
2026-06-02 21:58:55,155 - Step 02184: -4.1394 E_h, exp. variance=0.0073 E_h^2, pmove=0.36
2026-06-02 21:58:55,817 - Step 02185: -4.1081 E_h, exp. variance=0.0066 E_h^2, pmove=0.36
2026-06-02 21:58:56,478 - Step 02186: -4.0499 E_h, exp. variance=0.0061 E_h^2, pmove=0.36
2026-06-02 21:58:57,141 - Step 02187: -3.9782 E_h, exp. variance=0.0066 E_h^2, pmove=0.36
2026-06-02 21:58:57,802 - Step 02188: -4.0775 E_h, exp. variance=0.0059 E_h^2, pmove=0.36
2026-06-02 21:58:58,464 - Step 02189: -4.0180 E_h, exp. variance=0.0056 E_h^2, pmove=0.36
2026-06-02 21:58:59,125 - Step 02190: -4.1209 E_h, exp. variance=0.0053 E_h^2, pmove=0.36
2026-06-02 21:58:59,787 - Step 02191: -4.0595 E_h, exp. variance=0.0048 E_h^2, pmove=0.36
2026-06-02 21:59:00,448 - Step 02192: -4.0856 E_h, exp. variance=0.0043 E_h^2, pmove=0.36
2026-06-02 21:59:01,108 - Step 02193: -4.1826 E_h, exp. variance=0.0049 E_h^2, pmove=0.36
2026-06-02 21:59:01,768 - Step 02194: -4.1393 E_h, exp. variance=0.0047 E_h^2, pmove=0.36
2026-06-02 21:59:02,429 - Step 02195: -4.0700 E_h, exp. variance=0.0043 E_h^2, pmove=0.36
2026-06-02 21:59:03,091 - Step 02196: -4.0967 E_h, exp. variance=0.0038 E_h^2, pmove=0.36
2026-06-02 21:59:03,752 - Step 02197: -4.0731 E_h, exp. variance=0.0035 E_h^2, pmove=0.36
2026-06-02 21:59:04,413 - Step 02198: -4.0495 E_h, exp. variance=0.0033 E_h^2, pmove=0.36
2026-06-02 21:59:05,072 - Step 02199: -4.1116 E_h, exp. variance=0.0030 E_h^2, pmove=0.36
2026-06-02 21:59:05,733 - Step 02200: -4.1361 E_h, exp. variance=0.0029 E_h^2, pmove=0.36
2026-06-02 21:59:06,396 - Step 02201: -4.0729 E_h, exp. variance=0.0027 E_h^2, pmove=0.36
2026-06-02 21:59:07,056 - Step 02202: -4.0660 E_h, exp. variance=0.0024 E_h^2, pmove=0.36
2026-06-02 21:59:07,716 - Step 02203: -4.0395 E_h, exp. variance=0.0024 E_h^2, pmove=0.35
2026-06-02 21:59:08,377 - Step 02204: -4.0913 E_h, exp. variance=0.0022 E_h^2, pmove=0.36
2026-06-02 21:59:09,041 - Step 02205: -4.0750 E_h, exp. variance=0.0020 E_h^2, pmove=0.36
2026-06-02 21:59:09,702 - Step 02206: -4.1635 E_h, exp. variance=0.0024 E_h^2, pmove=0.36
2026-06-02 21:59:10,364 - Step 02207: -4.1799 E_h, exp. variance=0.0028 E_h^2, pmove=0.36
2026-06-02 21:59:11,025 - Step 02208: -4.1032 E_h, exp. variance=0.0025 E_h^2, pmove=0.36
2026-06-02 21:59:11,686 - Step 02209: -4.1681 E_h, exp. variance=0.0027 E_h^2, pmove=0.36
2026-06-02 21:59:12,350 - Step 02210: -4.1699 E_h, exp. variance=0.0028 E_h^2, pmove=0.36
2026-06-02 21:59:13,012 - Step 02211: -4.1688 E_h, exp. variance=0.0028 E_h^2, pmove=0.36
2026-06-02 21:59:13,674 - Step 02212: -4.1291 E_h, exp. variance=0.0025 E_h^2, pmove=0.36
2026-06-02 21:59:14,334 - Step 02213: -4.1564 E_h, exp. variance=0.0024 E_h^2, pmove=0.36
2026-06-02 21:59:14,995 - Step 02214: -4.0333 E_h, exp. variance=0.0029 E_h^2, pmove=0.36
2026-06-02 21:59:15,659 - Step 02215: -4.0903 E_h, exp. variance=0.0026 E_h^2, pmove=0.36
2026-06-02 21:59:16,319 - Step 02216: -4.1072 E_h, exp. variance=0.0024 E_h^2, pmove=0.36
2026-06-02 21:59:16,982 - Step 02217: -4.0804 E_h, exp. variance=0.0022 E_h^2, pmove=0.36
2026-06-02 21:59:17,643 - Step 02218: -3.9690 E_h, exp. variance=0.0038 E_h^2, pmove=0.36
2026-06-02 21:59:18,306 - Step 02219: -4.1155 E_h, exp. variance=0.0034 E_h^2, pmove=0.36
2026-06-02 21:59:18,968 - Step 02220: -4.0685 E_h, exp. variance=0.0032 E_h^2, pmove=0.35
2026-06-02 21:59:19,628 - Step 02221: -4.0406 E_h, exp. variance=0.0031 E_h^2, pmove=0.35
2026-06-02 21:59:20,289 - Step 02222: -4.1371 E_h, exp. variance=0.0030 E_h^2, pmove=0.35
2026-06-02 21:59:20,950 - Step 02223: -4.0969 E_h, exp. variance=0.0027 E_h^2, pmove=0.35
2026-06-02 21:59:21,614 - Step 02224: -4.1527 E_h, exp. variance=0.0027 E_h^2, pmove=0.36
2026-06-02 21:59:22,285 - Step 02225: -4.1457 E_h, exp. variance=0.0027 E_h^2, pmove=0.36
2026-06-02 21:59:22,946 - Step 02226: -4.1305 E_h, exp. variance=0.0025 E_h^2, pmove=0.35
2026-06-02 21:59:23,606 - Step 02227: -4.1233 E_h, exp. variance=0.0022 E_h^2, pmove=0.36
2026-06-02 21:59:24,267 - Step 02228: -4.1343 E_h, exp. variance=0.0021 E_h^2, pmove=0.35
2026-06-02 21:59:24,929 - Step 02229: -4.1108 E_h, exp. variance=0.0019 E_h^2, pmove=0.36
2026-06-02 21:59:25,589 - Step 02230: -4.1553 E_h, exp. variance=0.0019 E_h^2, pmove=0.35
2026-06-02 21:59:26,249 - Step 02231: -4.1757 E_h, exp. variance=0.0020 E_h^2, pmove=0.35
2026-06-02 21:59:26,909 - Step 02232: -4.1795 E_h, exp. variance=0.0021 E_h^2, pmove=0.36
2026-06-02 21:59:27,571 - Step 02233: -4.1879 E_h, exp. variance=0.0022 E_h^2, pmove=0.36
2026-06-02 21:59:28,232 - Step 02234: -4.1784 E_h, exp. variance=0.0022 E_h^2, pmove=0.36
2026-06-02 21:59:28,892 - Step 02235: -4.1705 E_h, exp. variance=0.0021 E_h^2, pmove=0.36
2026-06-02 21:59:29,552 - Step 02236: -4.1565 E_h, exp. variance=0.0019 E_h^2, pmove=0.36
2026-06-02 21:59:30,212 - Step 02237: -4.2078 E_h, exp. variance=0.0021 E_h^2, pmove=0.36
2026-06-02 21:59:30,873 - Step 02238: -4.1080 E_h, exp. variance=0.0020 E_h^2, pmove=0.36
2026-06-02 21:59:31,533 - Step 02239: -4.2223 E_h, exp. variance=0.0023 E_h^2, pmove=0.36
2026-06-02 21:59:32,194 - Step 02240: -4.2083 E_h, exp. variance=0.0024 E_h^2, pmove=0.36
2026-06-02 21:59:32,854 - Step 02241: -4.1792 E_h, exp. variance=0.0022 E_h^2, pmove=0.36
2026-06-02 21:59:33,514 - Step 02242: -4.0686 E_h, exp. variance=0.0027 E_h^2, pmove=0.36
2026-06-02 21:59:34,173 - Step 02243: -4.1826 E_h, exp. variance=0.0025 E_h^2, pmove=0.36
2026-06-02 21:59:34,834 - Step 02244: -4.1722 E_h, exp. variance=0.0023 E_h^2, pmove=0.36
2026-06-02 21:59:35,494 - Step 02245: -4.0880 E_h, exp. variance=0.0025 E_h^2, pmove=0.36
2026-06-02 21:59:36,154 - Step 02246: -4.1956 E_h, exp. variance=0.0024 E_h^2, pmove=0.36
2026-06-02 21:59:36,816 - Step 02247: -3.9562 E_h, exp. variance=0.0057 E_h^2, pmove=0.36
2026-06-02 21:59:37,476 - Step 02248: -4.2250 E_h, exp. variance=0.0059 E_h^2, pmove=0.35
2026-06-02 21:59:38,136 - Step 02249: -4.1885 E_h, exp. variance=0.0055 E_h^2, pmove=0.36
2026-06-02 21:59:38,796 - Step 02250: -4.1546 E_h, exp. variance=0.0049 E_h^2, pmove=0.36
2026-06-02 21:59:39,456 - Step 02251: -4.1672 E_h, exp. variance=0.0045 E_h^2, pmove=0.36
2026-06-02 21:59:40,118 - Step 02252: -4.1054 E_h, exp. variance=0.0042 E_h^2, pmove=0.36
2026-06-02 21:59:40,778 - Step 02253: -4.1841 E_h, exp. variance=0.0039 E_h^2, pmove=0.36
2026-06-02 21:59:41,437 - Step 02254: -4.2049 E_h, exp. variance=0.0038 E_h^2, pmove=0.36
2026-06-02 21:59:42,098 - Step 02255: -4.2172 E_h, exp. variance=0.0038 E_h^2, pmove=0.36
2026-06-02 21:59:42,758 - Step 02256: -4.2037 E_h, exp. variance=0.0036 E_h^2, pmove=0.36
2026-06-02 21:59:43,421 - Step 02257: -4.1997 E_h, exp. variance=0.0033 E_h^2, pmove=0.36
2026-06-02 21:59:44,081 - Step 02258: -4.1503 E_h, exp. variance=0.0030 E_h^2, pmove=0.36
2026-06-02 21:59:44,744 - Step 02259: -4.1699 E_h, exp. variance=0.0027 E_h^2, pmove=0.36
2026-06-02 21:59:45,405 - Step 02260: -4.1761 E_h, exp. variance=0.0024 E_h^2, pmove=0.36
2026-06-02 21:59:46,067 - Step 02261: -4.2144 E_h, exp. variance=0.0024 E_h^2, pmove=0.36
2026-06-02 21:59:46,728 - Step 02262: -4.1079 E_h, exp. variance=0.0025 E_h^2, pmove=0.36
2026-06-02 21:59:47,388 - Step 02263: -4.1672 E_h, exp. variance=0.0023 E_h^2, pmove=0.36
2026-06-02 21:59:48,047 - Step 02264: -4.2269 E_h, exp. variance=0.0024 E_h^2, pmove=0.36
2026-06-02 21:59:48,708 - Step 02265: -4.2407 E_h, exp. variance=0.0026 E_h^2, pmove=0.36
2026-06-02 21:59:49,370 - Step 02266: -4.2266 E_h, exp. variance=0.0025 E_h^2, pmove=0.36
2026-06-02 21:59:50,030 - Step 02267: -4.2281 E_h, exp. variance=0.0024 E_h^2, pmove=0.36
2026-06-02 21:59:50,691 - Step 02268: -4.2581 E_h, exp. variance=0.0026 E_h^2, pmove=0.36
2026-06-02 21:59:51,353 - Step 02269: -4.2019 E_h, exp. variance=0.0024 E_h^2, pmove=0.36
2026-06-02 21:59:52,014 - Step 02270: -4.1936 E_h, exp. variance=0.0021 E_h^2, pmove=0.36
2026-06-02 21:59:52,674 - Step 02271: -4.2176 E_h, exp. variance=0.0020 E_h^2, pmove=0.36
2026-06-02 21:59:53,335 - Step 02272: -4.1410 E_h, exp. variance=0.0021 E_h^2, pmove=0.36
2026-06-02 21:59:53,996 - Step 02273: -4.1589 E_h, exp. variance=0.0019 E_h^2, pmove=0.36
2026-06-02 21:59:54,657 - Step 02274: -4.1260 E_h, exp. variance=0.0021 E_h^2, pmove=0.36
2026-06-02 21:59:55,321 - Step 02275: -4.2044 E_h, exp. variance=0.0019 E_h^2, pmove=0.36
2026-06-02 21:59:55,984 - Step 02276: -4.1698 E_h, exp. variance=0.0018 E_h^2, pmove=0.36
2026-06-02 21:59:56,645 - Step 02277: -4.2472 E_h, exp. variance=0.0020 E_h^2, pmove=0.36
2026-06-02 21:59:57,307 - Step 02278: -4.1675 E_h, exp. variance=0.0018 E_h^2, pmove=0.36
2026-06-02 21:59:57,970 - Step 02279: -4.1637 E_h, exp. variance=0.0017 E_h^2, pmove=0.36
2026-06-02 21:59:58,635 - Step 02280: -3.5102 E_h, exp. variance=0.0425 E_h^2, pmove=0.36
2026-06-02 21:59:59,297 - Step 02281: -4.2165 E_h, exp. variance=0.0391 E_h^2, pmove=0.36
2026-06-02 21:59:59,958 - Step 02282: -4.2432 E_h, exp. variance=0.0364 E_h^2, pmove=0.36
2026-06-02 22:00:00,621 - Step 02283: -4.2364 E_h, exp. variance=0.0336 E_h^2, pmove=0.36
2026-06-02 22:00:01,289 - Step 02284: -4.2731 E_h, exp. variance=0.0317 E_h^2, pmove=0.35
2026-06-02 22:00:01,954 - Step 02285: -4.2807 E_h, exp. variance=0.0298 E_h^2, pmove=0.36
2026-06-02 22:00:02,616 - Step 02286: -4.2112 E_h, exp. variance=0.0269 E_h^2, pmove=0.36
2026-06-02 22:00:03,277 - Step 02287: -4.2323 E_h, exp. variance=0.0245 E_h^2, pmove=0.36
2026-06-02 22:00:03,938 - Step 02288: -4.2239 E_h, exp. variance=0.0222 E_h^2, pmove=0.36
2026-06-02 22:00:04,602 - Step 02289: -4.2518 E_h, exp. variance=0.0204 E_h^2, pmove=0.36
2026-06-02 22:00:05,265 - Step 02290: -4.3068 E_h, exp. variance=0.0195 E_h^2, pmove=0.36
2026-06-02 22:00:05,926 - Step 02291: -4.2595 E_h, exp. variance=0.0178 E_h^2, pmove=0.36
2026-06-02 22:00:06,587 - Step 02292: -4.1933 E_h, exp. variance=0.0161 E_h^2, pmove=0.36
2026-06-02 22:00:07,248 - Step 02293: -4.2536 E_h, exp. variance=0.0146 E_h^2, pmove=0.36
2026-06-02 22:00:07,913 - Step 02294: -4.2190 E_h, exp. variance=0.0132 E_h^2, pmove=0.36
2026-06-02 22:00:08,578 - Step 02295: -4.2389 E_h, exp. variance=0.0119 E_h^2, pmove=0.36
2026-06-02 22:00:09,239 - Step 02296: -4.2701 E_h, exp. variance=0.0110 E_h^2, pmove=0.36
2026-06-02 22:00:09,902 - Step 02297: -4.2825 E_h, exp. variance=0.0102 E_h^2, pmove=0.36
2026-06-02 22:00:10,565 - Step 02298: -4.2608 E_h, exp. variance=0.0093 E_h^2, pmove=0.36
2026-06-02 22:00:11,226 - Step 02299: -4.2614 E_h, exp. variance=0.0085 E_h^2, pmove=0.36
2026-06-02 22:00:11,887 - Step 02300: -4.2406 E_h, exp. variance=0.0076 E_h^2, pmove=0.36
2026-06-02 22:00:12,547 - Step 02301: -4.2096 E_h, exp. variance=0.0069 E_h^2, pmove=0.36
2026-06-02 22:00:13,209 - Step 02302: -4.1963 E_h, exp. variance=0.0063 E_h^2, pmove=0.36
2026-06-02 22:00:13,873 - Step 02303: -4.2407 E_h, exp. variance=0.0057 E_h^2, pmove=0.36
2026-06-02 22:00:14,534 - Step 02304: -4.2284 E_h, exp. variance=0.0051 E_h^2, pmove=0.36
2026-06-02 22:00:15,195 - Step 02305: -4.2775 E_h, exp. variance=0.0048 E_h^2, pmove=0.36
2026-06-02 22:00:15,856 - Step 02306: -4.2546 E_h, exp. variance=0.0044 E_h^2, pmove=0.36
2026-06-02 22:00:16,517 - Step 02307: -4.2275 E_h, exp. variance=0.0040 E_h^2, pmove=0.36
2026-06-02 22:00:17,181 - Step 02308: -4.2795 E_h, exp. variance=0.0037 E_h^2, pmove=0.36
2026-06-02 22:00:17,841 - Step 02309: -4.2404 E_h, exp. variance=0.0034 E_h^2, pmove=0.36
2026-06-02 22:00:18,501 - Step 02310: -4.2987 E_h, exp. variance=0.0033 E_h^2, pmove=0.36
2026-06-02 22:00:19,162 - Step 02311: -4.3021 E_h, exp. variance=0.0033 E_h^2, pmove=0.36
2026-06-02 22:00:19,826 - Step 02312: -4.2935 E_h, exp. variance=0.0031 E_h^2, pmove=0.36
2026-06-02 22:00:20,487 - Step 02313: -4.2337 E_h, exp. variance=0.0028 E_h^2, pmove=0.36
2026-06-02 22:00:21,148 - Step 02314: -4.2643 E_h, exp. variance=0.0026 E_h^2, pmove=0.36
2026-06-02 22:00:21,810 - Step 02315: -4.2089 E_h, exp. variance=0.0025 E_h^2, pmove=0.36
2026-06-02 22:00:22,472 - Step 02316: -4.2128 E_h, exp. variance=0.0024 E_h^2, pmove=0.36
2026-06-02 22:00:23,136 - Step 02317: -4.2030 E_h, exp. variance=0.0023 E_h^2, pmove=0.36
2026-06-02 22:00:23,798 - Step 02318: -4.1792 E_h, exp. variance=0.0024 E_h^2, pmove=0.36
2026-06-02 22:00:24,460 - Step 02319: -4.2165 E_h, exp. variance=0.0022 E_h^2, pmove=0.36
2026-06-02 22:00:25,122 - Step 02320: -4.2559 E_h, exp. variance=0.0020 E_h^2, pmove=0.36
2026-06-02 22:00:25,784 - Step 02321: -4.2880 E_h, exp. variance=0.0021 E_h^2, pmove=0.36
2026-06-02 22:00:26,448 - Step 02322: -3.8440 E_h, exp. variance=0.0161 E_h^2, pmove=0.36
2026-06-02 22:00:27,110 - Step 02323: -4.2456 E_h, exp. variance=0.0146 E_h^2, pmove=0.35
2026-06-02 22:00:27,771 - Step 02324: -4.2342 E_h, exp. variance=0.0133 E_h^2, pmove=0.36
2026-06-02 22:00:28,435 - Step 02325: -3.6406 E_h, exp. variance=0.0410 E_h^2, pmove=0.36
2026-06-02 22:00:29,099 - Step 02326: -4.2067 E_h, exp. variance=0.0371 E_h^2, pmove=0.36
2026-06-02 22:00:29,762 - Step 02327: -4.2586 E_h, exp. variance=0.0344 E_h^2, pmove=0.36
2026-06-02 22:00:30,424 - Step 02328: -4.2678 E_h, exp. variance=0.0318 E_h^2, pmove=0.36
2026-06-02 22:00:31,087 - Step 02329: -4.2786 E_h, exp. variance=0.0296 E_h^2, pmove=0.36
2026-06-02 22:00:31,750 - Step 02330: -4.1791 E_h, exp. variance=0.0266 E_h^2, pmove=0.36
2026-06-02 22:00:32,415 - Step 02331: -4.2335 E_h, exp. variance=0.0241 E_h^2, pmove=0.35
2026-06-02 22:00:33,076 - Step 02332: -4.3248 E_h, exp. variance=0.0233 E_h^2, pmove=0.36
2026-06-02 22:00:33,736 - Step 02333: -4.3247 E_h, exp. variance=0.0223 E_h^2, pmove=0.36
2026-06-02 22:00:34,397 - Step 02334: -4.2703 E_h, exp. variance=0.0203 E_h^2, pmove=0.36
2026-06-02 22:00:35,068 - Step 02335: -4.2668 E_h, exp. variance=0.0185 E_h^2, pmove=0.36
2026-06-02 22:00:35,732 - Step 02336: -4.3228 E_h, exp. variance=0.0175 E_h^2, pmove=0.36
2026-06-02 22:00:36,394 - Step 02337: -4.3360 E_h, exp. variance=0.0166 E_h^2, pmove=0.36
2026-06-02 22:00:37,056 - Step 02338: -4.2862 E_h, exp. variance=0.0151 E_h^2, pmove=0.36
2026-06-02 22:00:37,718 - Step 02339: -4.3223 E_h, exp. variance=0.0140 E_h^2, pmove=0.36
2026-06-02 22:00:38,383 - Step 02340: -4.3247 E_h, exp. variance=0.0131 E_h^2, pmove=0.36
2026-06-02 22:00:39,045 - Step 02341: -4.3348 E_h, exp. variance=0.0122 E_h^2, pmove=0.36
2026-06-02 22:00:39,707 - Step 02342: -4.2946 E_h, exp. variance=0.0110 E_h^2, pmove=0.35
2026-06-02 22:00:40,368 - Step 02343: -4.2702 E_h, exp. variance=0.0099 E_h^2, pmove=0.36
2026-06-02 22:00:41,030 - Step 02344: -4.3254 E_h, exp. variance=0.0092 E_h^2, pmove=0.36
2026-06-02 22:00:41,695 - Step 02345: -4.3310 E_h, exp. variance=0.0085 E_h^2, pmove=0.36
2026-06-02 22:00:42,359 - Step 02346: -4.3262 E_h, exp. variance=0.0078 E_h^2, pmove=0.36
2026-06-02 22:00:43,022 - Step 02347: -4.3555 E_h, exp. variance=0.0074 E_h^2, pmove=0.36
2026-06-02 22:00:43,685 - Step 02348: -4.2991 E_h, exp. variance=0.0067 E_h^2, pmove=0.36
2026-06-02 22:00:44,347 - Step 02349: -4.3664 E_h, exp. variance=0.0065 E_h^2, pmove=0.36
2026-06-02 22:00:45,010 - Step 02350: -4.3512 E_h, exp. variance=0.0061 E_h^2, pmove=0.36
2026-06-02 22:00:45,672 - Step 02351: -4.2664 E_h, exp. variance=0.0056 E_h^2, pmove=0.36
2026-06-02 22:00:46,334 - Step 02352: -4.2915 E_h, exp. variance=0.0051 E_h^2, pmove=0.36
2026-06-02 22:00:46,996 - Step 02353: -4.2761 E_h, exp. variance=0.0046 E_h^2, pmove=0.36
2026-06-02 22:00:47,659 - Step 02354: -4.2514 E_h, exp. variance=0.0044 E_h^2, pmove=0.36
2026-06-02 22:00:48,321 - Step 02355: -4.3060 E_h, exp. variance=0.0039 E_h^2, pmove=0.36
2026-06-02 22:00:48,984 - Step 02356: -4.2748 E_h, exp. variance=0.0036 E_h^2, pmove=0.36
2026-06-02 22:00:49,646 - Step 02357: -4.3019 E_h, exp. variance=0.0032 E_h^2, pmove=0.36
2026-06-02 22:00:50,308 - Step 02358: -4.3452 E_h, exp. variance=0.0031 E_h^2, pmove=0.36
2026-06-02 22:00:50,972 - Step 02359: -4.2051 E_h, exp. variance=0.0036 E_h^2, pmove=0.36
2026-06-02 22:00:51,635 - Step 02360: -4.2688 E_h, exp. variance=0.0033 E_h^2, pmove=0.36
2026-06-02 22:00:52,296 - Step 02361: -4.2542 E_h, exp. variance=0.0031 E_h^2, pmove=0.36
2026-06-02 22:00:52,958 - Step 02362: -4.2129 E_h, exp. variance=0.0032 E_h^2, pmove=0.36
2026-06-02 22:00:53,621 - Step 02363: -4.2048 E_h, exp. variance=0.0034 E_h^2, pmove=0.36
2026-06-02 22:00:54,284 - Step 02364: -4.2408 E_h, exp. variance=0.0031 E_h^2, pmove=0.36
2026-06-02 22:00:54,947 - Step 02365: -4.2936 E_h, exp. variance=0.0029 E_h^2, pmove=0.36
2026-06-02 22:00:55,609 - Step 02366: -4.3062 E_h, exp. variance=0.0027 E_h^2, pmove=0.35
2026-06-02 22:00:56,273 - Step 02367: -4.1866 E_h, exp. variance=0.0031 E_h^2, pmove=0.35
2026-06-02 22:00:56,936 - Step 02368: -3.8530 E_h, exp. variance=0.0181 E_h^2, pmove=0.35
2026-06-02 22:00:57,599 - Step 02369: -3.7190 E_h, exp. variance=0.0392 E_h^2, pmove=0.36
2026-06-02 22:00:58,261 - Step 02370: -4.2572 E_h, exp. variance=0.0359 E_h^2, pmove=0.36
2026-06-02 22:00:58,924 - Step 02371: -4.2952 E_h, exp. variance=0.0335 E_h^2, pmove=0.36
2026-06-02 22:00:59,587 - Step 02372: -4.2691 E_h, exp. variance=0.0306 E_h^2, pmove=0.36
2026-06-02 22:01:00,251 - Step 02373: -4.2596 E_h, exp. variance=0.0279 E_h^2, pmove=0.36
2026-06-02 22:01:00,913 - Step 02374: -4.2954 E_h, exp. variance=0.0258 E_h^2, pmove=0.36
2026-06-02 22:01:01,577 - Step 02375: -4.2953 E_h, exp. variance=0.0238 E_h^2, pmove=0.36
2026-06-02 22:01:02,239 - Step 02376: -4.2796 E_h, exp. variance=0.0217 E_h^2, pmove=0.36
2026-06-02 22:01:02,902 - Step 02377: -4.3112 E_h, exp. variance=0.0201 E_h^2, pmove=0.36
2026-06-02 22:01:03,564 - Step 02378: -4.3351 E_h, exp. variance=0.0190 E_h^2, pmove=0.36
2026-06-02 22:01:04,226 - Step 02379: -4.3342 E_h, exp. variance=0.0178 E_h^2, pmove=0.35
2026-06-02 22:01:04,888 - Step 02380: -4.3116 E_h, exp. variance=0.0163 E_h^2, pmove=0.36
2026-06-02 22:01:05,549 - Step 02381: -4.2830 E_h, exp. variance=0.0147 E_h^2, pmove=0.35
2026-06-02 22:01:06,212 - Step 02382: -4.3615 E_h, exp. variance=0.0141 E_h^2, pmove=0.36
2026-06-02 22:01:06,875 - Step 02383: -4.3569 E_h, exp. variance=0.0133 E_h^2, pmove=0.36
2026-06-02 22:01:07,538 - Step 02384: -4.3537 E_h, exp. variance=0.0125 E_h^2, pmove=0.36
2026-06-02 22:01:08,199 - Step 02385: -2.3997 E_h, exp. variance=0.3324 E_h^2, pmove=0.36
2026-06-02 22:01:08,863 - Step 02386: -4.3678 E_h, exp. variance=0.3056 E_h^2, pmove=0.36
2026-06-02 22:01:09,525 - Step 02387: -4.3739 E_h, exp. variance=0.2805 E_h^2, pmove=0.36
2026-06-02 22:01:10,187 - Step 02388: -3.5814 E_h, exp. variance=0.2817 E_h^2, pmove=0.36
2026-06-02 22:01:10,849 - Step 02389: -4.3099 E_h, exp. variance=0.2577 E_h^2, pmove=0.36
2026-06-02 22:01:11,510 - Step 02390: -4.2611 E_h, exp. variance=0.2339 E_h^2, pmove=0.36
2026-06-02 22:01:12,175 - Step 02391: -4.2995 E_h, exp. variance=0.2130 E_h^2, pmove=0.36
2026-06-02 22:01:12,837 - Step 02392: -4.2935 E_h, exp. variance=0.1937 E_h^2, pmove=0.36
2026-06-02 22:01:13,499 - Step 02393: -4.3050 E_h, exp. variance=0.1761 E_h^2, pmove=0.37
2026-06-02 22:01:14,162 - Step 02394: -4.1862 E_h, exp. variance=0.1585 E_h^2, pmove=0.36
2026-06-02 22:01:14,826 - Step 02395: -4.2997 E_h, exp. variance=0.1440 E_h^2, pmove=0.36
2026-06-02 22:01:15,486 - Step 02396: -4.2925 E_h, exp. variance=0.1306 E_h^2, pmove=0.36
2026-06-02 22:01:16,147 - Step 02397: -4.3831 E_h, exp. variance=0.1205 E_h^2, pmove=0.36
2026-06-02 22:01:16,807 - Step 02398: -4.3185 E_h, exp. variance=0.1094 E_h^2, pmove=0.36
2026-06-02 22:01:17,467 - Step 02399: -4.3740 E_h, exp. variance=0.1004 E_h^2, pmove=0.36
2026-06-02 22:01:18,130 - Step 02400: -4.1854 E_h, exp. variance=0.0906 E_h^2, pmove=0.36
2026-06-02 22:01:18,790 - Step 02401: -4.2199 E_h, exp. variance=0.0816 E_h^2, pmove=0.36
2026-06-02 22:01:19,450 - Step 02402: -4.3377 E_h, exp. variance=0.0744 E_h^2, pmove=0.36
2026-06-02 22:01:20,110 - Step 02403: -4.3195 E_h, exp. variance=0.0674 E_h^2, pmove=0.36
2026-06-02 22:01:20,773 - Step 02404: -4.2425 E_h, exp. variance=0.0607 E_h^2, pmove=0.36
2026-06-02 22:01:21,436 - Step 02405: -4.2705 E_h, exp. variance=0.0547 E_h^2, pmove=0.35
2026-06-02 22:01:22,096 - Step 02406: -4.0341 E_h, exp. variance=0.0535 E_h^2, pmove=0.36
2026-06-02 22:01:22,756 - Step 02407: -4.3097 E_h, exp. variance=0.0487 E_h^2, pmove=0.35
2026-06-02 22:01:23,416 - Step 02408: -4.3787 E_h, exp. variance=0.0456 E_h^2, pmove=0.36
2026-06-02 22:01:24,078 - Step 02409: -4.3684 E_h, exp. variance=0.0422 E_h^2, pmove=0.36
2026-06-02 22:01:24,737 - Step 02410: -4.3499 E_h, exp. variance=0.0387 E_h^2, pmove=0.35
2026-06-02 22:01:25,396 - Step 02411: -4.3247 E_h, exp. variance=0.0350 E_h^2, pmove=0.36
2026-06-02 22:01:26,057 - Step 02412: -4.2839 E_h, exp. variance=0.0315 E_h^2, pmove=0.36
2026-06-02 22:01:26,718 - Step 02413: -4.2934 E_h, exp. variance=0.0284 E_h^2, pmove=0.35
2026-06-02 22:01:27,379 - Step 02414: -4.3599 E_h, exp. variance=0.0261 E_h^2, pmove=0.36
2026-06-02 22:01:28,038 - Step 02415: -4.3625 E_h, exp. variance=0.0240 E_h^2, pmove=0.36
2026-06-02 22:01:28,698 - Step 02416: -4.4112 E_h, exp. variance=0.0228 E_h^2, pmove=0.36
2026-06-02 22:01:29,357 - Step 02417: -4.4135 E_h, exp. variance=0.0215 E_h^2, pmove=0.36
2026-06-02 22:01:30,020 - Step 02418: -4.3802 E_h, exp. variance=0.0197 E_h^2, pmove=0.36
2026-06-02 22:01:30,681 - Step 02419: -4.3540 E_h, exp. variance=0.0178 E_h^2, pmove=0.35
2026-06-02 22:01:31,343 - Step 02420: -4.3699 E_h, exp. variance=0.0162 E_h^2, pmove=0.36
2026-06-02 22:01:32,006 - Step 02421: -4.3810 E_h, exp. variance=0.0148 E_h^2, pmove=0.36
2026-06-02 22:01:32,671 - Step 02422: -4.3683 E_h, exp. variance=0.0134 E_h^2, pmove=0.36
2026-06-02 22:01:33,334 - Step 02423: -4.3107 E_h, exp. variance=0.0122 E_h^2, pmove=0.36
2026-06-02 22:01:33,995 - Step 02424: -4.3710 E_h, exp. variance=0.0110 E_h^2, pmove=0.36
2026-06-02 22:01:34,657 - Step 02425: -4.3838 E_h, exp. variance=0.0101 E_h^2, pmove=0.36
2026-06-02 22:01:35,319 - Step 02426: -4.3809 E_h, exp. variance=0.0092 E_h^2, pmove=0.36
2026-06-02 22:01:35,983 - Step 02427: -4.3885 E_h, exp. variance=0.0084 E_h^2, pmove=0.36
2026-06-02 22:01:36,646 - Step 02428: -4.3992 E_h, exp. variance=0.0078 E_h^2, pmove=0.36
2026-06-02 22:01:37,308 - Step 02429: -4.3874 E_h, exp. variance=0.0071 E_h^2, pmove=0.36
2026-06-02 22:01:37,968 - Step 02430: -4.3372 E_h, exp. variance=0.0064 E_h^2, pmove=0.36
2026-06-02 22:01:38,633 - Step 02431: -4.1328 E_h, exp. variance=0.0103 E_h^2, pmove=0.36
2026-06-02 22:01:39,295 - Step 02432: -4.3426 E_h, exp. variance=0.0093 E_h^2, pmove=0.36
2026-06-02 22:01:39,957 - Step 02433: -4.3334 E_h, exp. variance=0.0084 E_h^2, pmove=0.36
2026-06-02 22:01:40,618 - Step 02434: -4.3523 E_h, exp. variance=0.0076 E_h^2, pmove=0.36
2026-06-02 22:01:41,283 - Step 02435: -4.3876 E_h, exp. variance=0.0070 E_h^2, pmove=0.36
2026-06-02 22:01:41,945 - Step 02436: -4.3772 E_h, exp. variance=0.0064 E_h^2, pmove=0.36
2026-06-02 22:01:42,606 - Step 02437: -4.3305 E_h, exp. variance=0.0058 E_h^2, pmove=0.36
2026-06-02 22:01:43,267 - Step 02438: -4.3576 E_h, exp. variance=0.0053 E_h^2, pmove=0.36
2026-06-02 22:01:43,929 - Step 02439: -4.3385 E_h, exp. variance=0.0047 E_h^2, pmove=0.36
2026-06-02 22:01:44,592 - Step 02440: -4.3637 E_h, exp. variance=0.0043 E_h^2, pmove=0.36
2026-06-02 22:01:45,253 - Step 02441: -4.3936 E_h, exp. variance=0.0041 E_h^2, pmove=0.36
2026-06-02 22:01:45,914 - Step 02442: -4.4043 E_h, exp. variance=0.0039 E_h^2, pmove=0.36
2026-06-02 22:01:46,575 - Step 02443: -4.4001 E_h, exp. variance=0.0037 E_h^2, pmove=0.36
2026-06-02 22:01:47,238 - Step 02444: -4.4416 E_h, exp. variance=0.0039 E_h^2, pmove=0.36
2026-06-02 22:01:47,898 - Step 02445: -4.3086 E_h, exp. variance=0.0038 E_h^2, pmove=0.36
2026-06-02 22:01:48,559 - Step 02446: -4.3968 E_h, exp. variance=0.0036 E_h^2, pmove=0.36
2026-06-02 22:01:49,219 - Step 02447: -4.4406 E_h, exp. variance=0.0037 E_h^2, pmove=0.36
2026-06-02 22:01:49,880 - Step 02448: -4.3654 E_h, exp. variance=0.0033 E_h^2, pmove=0.36
2026-06-02 22:01:50,543 - Step 02449: -4.3190 E_h, exp. variance=0.0033 E_h^2, pmove=0.37
2026-06-02 22:01:51,215 - Step 02450: -4.3939 E_h, exp. variance=0.0030 E_h^2, pmove=0.36
2026-06-02 22:01:51,876 - Step 02451: -4.4185 E_h, exp. variance=0.0029 E_h^2, pmove=0.36
2026-06-02 22:01:52,537 - Step 02452: -4.4040 E_h, exp. variance=0.0027 E_h^2, pmove=0.36
2026-06-02 22:01:53,199 - Step 02453: -4.3912 E_h, exp. variance=0.0024 E_h^2, pmove=0.36
2026-06-02 22:01:53,858 - Step 02454: -4.3721 E_h, exp. variance=0.0022 E_h^2, pmove=0.36
2026-06-02 22:01:54,519 - Step 02455: -4.4060 E_h, exp. variance=0.0020 E_h^2, pmove=0.36
2026-06-02 22:01:55,178 - Step 02456: -4.3859 E_h, exp. variance=0.0018 E_h^2, pmove=0.36
2026-06-02 22:01:55,839 - Step 02457: -4.3658 E_h, exp. variance=0.0017 E_h^2, pmove=0.36
2026-06-02 22:01:56,500 - Step 02458: -4.4194 E_h, exp. variance=0.0017 E_h^2, pmove=0.36
2026-06-02 22:01:57,162 - Step 02459: -4.3978 E_h, exp. variance=0.0015 E_h^2, pmove=0.36
2026-06-02 22:01:57,823 - Step 02460: -4.4279 E_h, exp. variance=0.0015 E_h^2, pmove=0.35
2026-06-02 22:01:58,484 - Step 02461: -4.4257 E_h, exp. variance=0.0015 E_h^2, pmove=0.36
2026-06-02 22:01:59,144 - Step 02462: -4.4308 E_h, exp. variance=0.0015 E_h^2, pmove=0.36
2026-06-02 22:01:59,804 - Step 02463: -4.4793 E_h, exp. variance=0.0019 E_h^2, pmove=0.36
2026-06-02 22:02:00,466 - Step 02464: -4.5072 E_h, exp. variance=0.0027 E_h^2, pmove=0.36
2026-06-02 22:02:01,126 - Step 02465: -4.4285 E_h, exp. variance=0.0024 E_h^2, pmove=0.36
2026-06-02 22:02:01,786 - Step 02466: -4.4628 E_h, exp. variance=0.0024 E_h^2, pmove=0.36
2026-06-02 22:02:02,447 - Step 02467: -4.4099 E_h, exp. variance=0.0021 E_h^2, pmove=0.36
2026-06-02 22:02:03,108 - Step 02468: -4.4051 E_h, exp. variance=0.0019 E_h^2, pmove=0.36
2026-06-02 22:02:03,770 - Step 02469: -4.4149 E_h, exp. variance=0.0018 E_h^2, pmove=0.37
2026-06-02 22:02:04,431 - Step 02470: -4.4247 E_h, exp. variance=0.0016 E_h^2, pmove=0.36
2026-06-02 22:02:05,093 - Step 02471: -4.4445 E_h, exp. variance=0.0015 E_h^2, pmove=0.37
2026-06-02 22:02:05,754 - Step 02472: -4.3776 E_h, exp. variance=0.0015 E_h^2, pmove=0.36
2026-06-02 22:02:06,416 - Step 02473: -4.3602 E_h, exp. variance=0.0016 E_h^2, pmove=0.36
2026-06-02 22:02:07,076 - Step 02474: -4.3700 E_h, exp. variance=0.0016 E_h^2, pmove=0.36
2026-06-02 22:02:07,737 - Step 02475: -4.3833 E_h, exp. variance=0.0015 E_h^2, pmove=0.37
2026-06-02 22:02:08,398 - Step 02476: -4.4136 E_h, exp. variance=0.0014 E_h^2, pmove=0.37
2026-06-02 22:02:09,058 - Step 02477: -4.4039 E_h, exp. variance=0.0012 E_h^2, pmove=0.36
2026-06-02 22:02:09,722 - Step 02478: -4.4365 E_h, exp. variance=0.0012 E_h^2, pmove=0.36
2026-06-02 22:02:10,384 - Step 02479: -4.3778 E_h, exp. variance=0.0012 E_h^2, pmove=0.36
2026-06-02 22:02:11,046 - Step 02480: -4.3819 E_h, exp. variance=0.0011 E_h^2, pmove=0.37
2026-06-02 22:02:11,708 - Step 02481: -4.3635 E_h, exp. variance=0.0011 E_h^2, pmove=0.36
2026-06-02 22:02:12,369 - Step 02482: -4.4295 E_h, exp. variance=0.0011 E_h^2, pmove=0.36
2026-06-02 22:02:13,029 - Step 02483: -4.4375 E_h, exp. variance=0.0011 E_h^2, pmove=0.36
2026-06-02 22:02:13,691 - Step 02484: -4.4839 E_h, exp. variance=0.0015 E_h^2, pmove=0.36
2026-06-02 22:02:14,354 - Step 02485: -4.4059 E_h, exp. variance=0.0014 E_h^2, pmove=0.36
2026-06-02 22:02:15,015 - Step 02486: -4.4495 E_h, exp. variance=0.0014 E_h^2, pmove=0.36
2026-06-02 22:02:15,677 - Step 02487: -4.4231 E_h, exp. variance=0.0012 E_h^2, pmove=0.36
2026-06-02 22:02:16,338 - Step 02488: -4.4226 E_h, exp. variance=0.0011 E_h^2, pmove=0.36
2026-06-02 22:02:16,999 - Step 02489: -4.4707 E_h, exp. variance=0.0013 E_h^2, pmove=0.36
2026-06-02 22:02:17,659 - Step 02490: -4.4763 E_h, exp. variance=0.0014 E_h^2, pmove=0.36
2026-06-02 22:02:18,318 - Step 02491: -4.4609 E_h, exp. variance=0.0013 E_h^2, pmove=0.36
2026-06-02 22:02:18,979 - Step 02492: -4.4386 E_h, exp. variance=0.0012 E_h^2, pmove=0.36
2026-06-02 22:02:19,638 - Step 02493: -4.4462 E_h, exp. variance=0.0011 E_h^2, pmove=0.36
2026-06-02 22:02:20,300 - Step 02494: -4.4295 E_h, exp. variance=0.0010 E_h^2, pmove=0.36
2026-06-02 22:02:20,960 - Step 02495: -4.4186 E_h, exp. variance=0.0009 E_h^2, pmove=0.36
2026-06-02 22:02:21,621 - Step 02496: -4.4538 E_h, exp. variance=0.0009 E_h^2, pmove=0.36
2026-06-02 22:02:22,282 - Step 02497: -4.4794 E_h, exp. variance=0.0010 E_h^2, pmove=0.36
2026-06-02 22:02:22,944 - Step 02498: -4.4003 E_h, exp. variance=0.0010 E_h^2, pmove=0.36
2026-06-02 22:02:23,604 - Step 02499: -4.4209 E_h, exp. variance=0.0009 E_h^2, pmove=0.36
2026-06-02 22:02:24,264 - Step 02500: -4.4427 E_h, exp. variance=0.0008 E_h^2, pmove=0.36
2026-06-02 22:02:24,924 - Step 02501: -4.3739 E_h, exp. variance=0.0011 E_h^2, pmove=0.36
2026-06-02 22:02:25,584 - Step 02502: -3.9374 E_h, exp. variance=0.0227 E_h^2, pmove=0.36
2026-06-02 22:02:26,247 - Step 02503: -4.4469 E_h, exp. variance=0.0208 E_h^2, pmove=0.36
2026-06-02 22:02:26,907 - Step 02504: -4.4599 E_h, exp. variance=0.0192 E_h^2, pmove=0.36
2026-06-02 22:02:27,568 - Step 02505: -4.3586 E_h, exp. variance=0.0174 E_h^2, pmove=0.36
2026-06-02 22:02:28,228 - Step 02506: -4.4045 E_h, exp. variance=0.0157 E_h^2, pmove=0.36
2026-06-02 22:02:28,891 - Step 02507: -4.4164 E_h, exp. variance=0.0142 E_h^2, pmove=0.36
2026-06-02 22:02:29,551 - Step 02508: -4.4458 E_h, exp. variance=0.0130 E_h^2, pmove=0.36
2026-06-02 22:02:30,211 - Step 02509: -4.4395 E_h, exp. variance=0.0118 E_h^2, pmove=0.37
2026-06-02 22:02:30,872 - Step 02510: -4.4462 E_h, exp. variance=0.0108 E_h^2, pmove=0.36
2026-06-02 22:02:31,536 - Step 02511: -4.4418 E_h, exp. variance=0.0099 E_h^2, pmove=0.36
2026-06-02 22:02:32,202 - Step 02512: -4.4744 E_h, exp. variance=0.0092 E_h^2, pmove=0.36
2026-06-02 22:02:32,862 - Step 02513: -4.4828 E_h, exp. variance=0.0087 E_h^2, pmove=0.36
2026-06-02 22:02:33,522 - Step 02514: -4.4609 E_h, exp. variance=0.0080 E_h^2, pmove=0.36
2026-06-02 22:02:34,182 - Step 02515: -4.3972 E_h, exp. variance=0.0072 E_h^2, pmove=0.36
2026-06-02 22:02:34,845 - Step 02516: -4.4086 E_h, exp. variance=0.0065 E_h^2, pmove=0.37
2026-06-02 22:02:35,506 - Step 02517: -4.4004 E_h, exp. variance=0.0059 E_h^2, pmove=0.37
2026-06-02 22:02:36,166 - Step 02518: -4.4675 E_h, exp. variance=0.0055 E_h^2, pmove=0.36
2026-06-02 22:02:36,827 - Step 02519: -4.5041 E_h, exp. variance=0.0055 E_h^2, pmove=0.36
2026-06-02 22:02:37,490 - Step 02520: -4.4354 E_h, exp. variance=0.0050 E_h^2, pmove=0.37
2026-06-02 22:02:38,149 - Step 02521: -4.4833 E_h, exp. variance=0.0047 E_h^2, pmove=0.36
2026-06-02 22:02:38,810 - Step 02522: -4.4970 E_h, exp. variance=0.0045 E_h^2, pmove=0.36
2026-06-02 22:02:39,471 - Step 02523: -4.5392 E_h, exp. variance=0.0049 E_h^2, pmove=0.36
2026-06-02 22:02:40,131 - Step 02524: -4.4720 E_h, exp. variance=0.0044 E_h^2, pmove=0.36
2026-06-02 22:02:40,796 - Step 02525: -4.5141 E_h, exp. variance=0.0043 E_h^2, pmove=0.36
2026-06-02 22:02:41,456 - Step 02526: -4.4967 E_h, exp. variance=0.0040 E_h^2, pmove=0.36
2026-06-02 22:02:42,117 - Step 02527: -4.4671 E_h, exp. variance=0.0036 E_h^2, pmove=0.36
2026-06-02 22:02:42,778 - Step 02528: -4.4926 E_h, exp. variance=0.0033 E_h^2, pmove=0.37
2026-06-02 22:02:43,443 - Step 02529: -4.4596 E_h, exp. variance=0.0030 E_h^2, pmove=0.37
2026-06-02 22:02:44,104 - Step 02530: -3.7371 E_h, exp. variance=0.0506 E_h^2, pmove=0.36
2026-06-02 22:02:44,764 - Step 02531: -4.4871 E_h, exp. variance=0.0463 E_h^2, pmove=0.36
2026-06-02 22:02:45,426 - Step 02532: -4.4977 E_h, exp. variance=0.0425 E_h^2, pmove=0.37
2026-06-02 22:02:46,088 - Step 02533: -4.4958 E_h, exp. variance=0.0389 E_h^2, pmove=0.36
2026-06-02 22:02:46,752 - Step 02534: -4.4745 E_h, exp. variance=0.0352 E_h^2, pmove=0.36
2026-06-02 22:02:47,414 - Step 02535: -3.9667 E_h, exp. variance=0.0507 E_h^2, pmove=0.36
2026-06-02 22:02:48,075 - Step 02536: -4.4845 E_h, exp. variance=0.0466 E_h^2, pmove=0.36
2026-06-02 22:02:48,738 - Step 02537: -4.2957 E_h, exp. variance=0.0428 E_h^2, pmove=0.36
2026-06-02 22:02:49,402 - Step 02538: -4.4605 E_h, exp. variance=0.0391 E_h^2, pmove=0.36
2026-06-02 22:02:50,064 - Step 02539: -4.4736 E_h, exp. variance=0.0358 E_h^2, pmove=0.36
2026-06-02 22:02:50,729 - Step 02540: -4.4008 E_h, exp. variance=0.0322 E_h^2, pmove=0.36
2026-06-02 22:02:51,396 - Step 02541: -4.4516 E_h, exp. variance=0.0293 E_h^2, pmove=0.36
2026-06-02 22:02:52,057 - Step 02542: -4.5339 E_h, exp. variance=0.0279 E_h^2, pmove=0.36
2026-06-02 22:02:52,730 - Step 02543: -4.5519 E_h, exp. variance=0.0267 E_h^2, pmove=0.36
2026-06-02 22:02:53,393 - Step 02544: -4.5002 E_h, exp. variance=0.0245 E_h^2, pmove=0.36
2026-06-02 22:02:54,055 - Step 02545: -4.4569 E_h, exp. variance=0.0221 E_h^2, pmove=0.36
2026-06-02 22:02:54,716 - Step 02546: -4.4782 E_h, exp. variance=0.0200 E_h^2, pmove=0.36
2026-06-02 22:02:55,382 - Step 02547: -4.4917 E_h, exp. variance=0.0182 E_h^2, pmove=0.36
2026-06-02 22:02:56,044 - Step 02548: -4.3590 E_h, exp. variance=0.0171 E_h^2, pmove=0.36
2026-06-02 22:02:56,704 - Step 02549: -4.3988 E_h, exp. variance=0.0156 E_h^2, pmove=0.36
2026-06-02 22:02:57,365 - Step 02550: -4.4457 E_h, exp. variance=0.0140 E_h^2, pmove=0.36
2026-06-02 22:02:58,025 - Step 02551: -4.3427 E_h, exp. variance=0.0134 E_h^2, pmove=0.35
2026-06-02 22:02:58,688 - Step 02552: -4.4535 E_h, exp. variance=0.0121 E_h^2, pmove=0.36
2026-06-02 22:02:59,351 - Step 02553: -4.4562 E_h, exp. variance=0.0110 E_h^2, pmove=0.36
2026-06-02 22:03:00,013 - Step 02554: -4.4973 E_h, exp. variance=0.0103 E_h^2, pmove=0.36
2026-06-02 22:03:00,674 - Step 02555: -4.5069 E_h, exp. variance=0.0097 E_h^2, pmove=0.36
2026-06-02 22:03:01,338 - Step 02556: -4.4345 E_h, exp. variance=0.0087 E_h^2, pmove=0.36
2026-06-02 22:03:01,999 - Step 02557: -4.4984 E_h, exp. variance=0.0081 E_h^2, pmove=0.36
2026-06-02 22:03:02,659 - Step 02558: -4.1193 E_h, exp. variance=0.0171 E_h^2, pmove=0.36
2026-06-02 22:03:03,320 - Step 02559: -4.4515 E_h, exp. variance=0.0155 E_h^2, pmove=0.36
2026-06-02 22:03:03,980 - Step 02560: -4.3565 E_h, exp. variance=0.0143 E_h^2, pmove=0.36
2026-06-02 22:03:04,642 - Step 02561: -4.4709 E_h, exp. variance=0.0132 E_h^2, pmove=0.37
2026-06-02 22:03:05,304 - Step 02562: -4.4499 E_h, exp. variance=0.0119 E_h^2, pmove=0.36
2026-06-02 22:03:05,965 - Step 02563: -4.4822 E_h, exp. variance=0.0111 E_h^2, pmove=0.36
2026-06-02 22:03:06,626 - Step 02564: -4.4878 E_h, exp. variance=0.0103 E_h^2, pmove=0.36
2026-06-02 22:03:07,287 - Step 02565: -4.4906 E_h, exp. variance=0.0095 E_h^2, pmove=0.36
2026-06-02 22:03:07,948 - Step 02566: -4.4872 E_h, exp. variance=0.0088 E_h^2, pmove=0.36
2026-06-02 22:03:08,609 - Step 02567: -4.5051 E_h, exp. variance=0.0082 E_h^2, pmove=0.37
2026-06-02 22:03:09,269 - Step 02568: -4.4742 E_h, exp. variance=0.0075 E_h^2, pmove=0.36
2026-06-02 22:03:09,931 - Step 02569: -4.4607 E_h, exp. variance=0.0067 E_h^2, pmove=0.36
2026-06-02 22:03:10,591 - Step 02570: -3.8886 E_h, exp. variance=0.0348 E_h^2, pmove=0.36
2026-06-02 22:03:11,266 - Step 02571: -4.3749 E_h, exp. variance=0.0314 E_h^2, pmove=0.36
2026-06-02 22:03:11,928 - Step 02572: -4.4233 E_h, exp. variance=0.0283 E_h^2, pmove=0.36
2026-06-02 22:03:12,589 - Step 02573: -4.4682 E_h, exp. variance=0.0259 E_h^2, pmove=0.36
2026-06-02 22:03:13,252 - Step 02574: -4.4657 E_h, exp. variance=0.0237 E_h^2, pmove=0.36
2026-06-02 22:03:13,914 - Step 02575: -4.4940 E_h, exp. variance=0.0219 E_h^2, pmove=0.36
2026-06-02 22:03:14,576 - Step 02576: -4.5120 E_h, exp. variance=0.0205 E_h^2, pmove=0.36
2026-06-02 22:03:15,236 - Step 02577: -4.4635 E_h, exp. variance=0.0186 E_h^2, pmove=0.36
2026-06-02 22:03:15,897 - Step 02578: -4.4379 E_h, exp. variance=0.0167 E_h^2, pmove=0.36
2026-06-02 22:03:16,558 - Step 02579: -4.4566 E_h, exp. variance=0.0151 E_h^2, pmove=0.36
2026-06-02 22:03:17,994 - Step 02580: -4.4942 E_h, exp. variance=0.0139 E_h^2, pmove=0.36
2026-06-02 22:03:18,655 - Step 02581: -4.3989 E_h, exp. variance=0.0127 E_h^2, pmove=0.36
2026-06-02 22:03:19,316 - Step 02582: -4.3997 E_h, exp. variance=0.0115 E_h^2, pmove=0.36
2026-06-02 22:03:19,977 - Step 02583: -4.3978 E_h, exp. variance=0.0105 E_h^2, pmove=0.36
2026-06-02 22:03:20,637 - Step 02584: -4.4644 E_h, exp. variance=0.0095 E_h^2, pmove=0.36
2026-06-02 22:03:21,298 - Step 02585: -4.4565 E_h, exp. variance=0.0086 E_h^2, pmove=0.36
2026-06-02 22:03:21,959 - Step 02586: -4.5193 E_h, exp. variance=0.0084 E_h^2, pmove=0.36
2026-06-02 22:03:22,620 - Step 02587: -4.5019 E_h, exp. variance=0.0079 E_h^2, pmove=0.36
2026-06-02 22:03:23,280 - Step 02588: -4.4216 E_h, exp. variance=0.0072 E_h^2, pmove=0.36
2026-06-02 22:03:23,941 - Step 02589: -4.4850 E_h, exp. variance=0.0066 E_h^2, pmove=0.36
2026-06-02 22:03:24,603 - Step 02590: -4.5311 E_h, exp. variance=0.0065 E_h^2, pmove=0.36
2026-06-02 22:03:25,263 - Step 02591: -4.5414 E_h, exp. variance=0.0065 E_h^2, pmove=0.36
2026-06-02 22:03:25,923 - Step 02592: -4.5249 E_h, exp. variance=0.0061 E_h^2, pmove=0.36
2026-06-02 22:03:26,584 - Step 02593: -4.5122 E_h, exp. variance=0.0056 E_h^2, pmove=0.36
2026-06-02 22:03:27,244 - Step 02594: -4.5038 E_h, exp. variance=0.0051 E_h^2, pmove=0.36
2026-06-02 22:03:27,903 - Step 02595: -4.5399 E_h, exp. variance=0.0050 E_h^2, pmove=0.36
2026-06-02 22:03:28,564 - Step 02596: -4.5030 E_h, exp. variance=0.0045 E_h^2, pmove=0.36
2026-06-02 22:03:29,224 - Step 02597: -4.5247 E_h, exp. variance=0.0042 E_h^2, pmove=0.36
2026-06-02 22:03:29,884 - Step 02598: -4.5147 E_h, exp. variance=0.0038 E_h^2, pmove=0.37
2026-06-02 22:03:30,547 - Step 02599: -4.4886 E_h, exp. variance=0.0034 E_h^2, pmove=0.36
2026-06-02 22:03:31,207 - Step 02600: -4.4391 E_h, exp. variance=0.0033 E_h^2, pmove=0.36
2026-06-02 22:03:31,867 - Step 02601: -4.5290 E_h, exp. variance=0.0032 E_h^2, pmove=0.36
2026-06-02 22:03:32,528 - Step 02602: -4.5446 E_h, exp. variance=0.0031 E_h^2, pmove=0.36
2026-06-02 22:03:33,187 - Step 02603: -4.4016 E_h, exp. variance=0.0036 E_h^2, pmove=0.36
2026-06-02 22:03:33,850 - Step 02604: -4.4886 E_h, exp. variance=0.0032 E_h^2, pmove=0.37
2026-06-02 22:03:34,509 - Step 02605: -4.5145 E_h, exp. variance=0.0030 E_h^2, pmove=0.36
2026-06-02 22:03:35,169 - Step 02606: -4.4848 E_h, exp. variance=0.0027 E_h^2, pmove=0.36
2026-06-02 22:03:35,828 - Step 02607: -4.4768 E_h, exp. variance=0.0024 E_h^2, pmove=0.36
2026-06-02 22:03:36,490 - Step 02608: -4.4946 E_h, exp. variance=0.0022 E_h^2, pmove=0.36
2026-06-02 22:03:37,151 - Step 02609: -4.5338 E_h, exp. variance=0.0022 E_h^2, pmove=0.36
2026-06-02 22:03:37,811 - Step 02610: -4.5162 E_h, exp. variance=0.0020 E_h^2, pmove=0.36
2026-06-02 22:03:38,472 - Step 02611: -4.5222 E_h, exp. variance=0.0019 E_h^2, pmove=0.36
2026-06-02 22:03:39,135 - Step 02612: -4.5020 E_h, exp. variance=0.0017 E_h^2, pmove=0.36
2026-06-02 22:03:39,798 - Step 02613: -4.3397 E_h, exp. variance=0.0038 E_h^2, pmove=0.36
2026-06-02 22:03:40,459 - Step 02614: -4.3719 E_h, exp. variance=0.0045 E_h^2, pmove=0.37
2026-06-02 22:03:41,118 - Step 02615: -4.5036 E_h, exp. variance=0.0041 E_h^2, pmove=0.36
2026-06-02 22:03:41,777 - Step 02616: -4.5077 E_h, exp. variance=0.0038 E_h^2, pmove=0.36
2026-06-02 22:03:42,441 - Step 02617: -4.5291 E_h, exp. variance=0.0037 E_h^2, pmove=0.36
2026-06-02 22:03:43,104 - Step 02618: -4.5578 E_h, exp. variance=0.0038 E_h^2, pmove=0.36
2026-06-02 22:03:43,764 - Step 02619: -4.5531 E_h, exp. variance=0.0038 E_h^2, pmove=0.37
2026-06-02 22:03:44,425 - Step 02620: -4.4536 E_h, exp. variance=0.0036 E_h^2, pmove=0.36
2026-06-02 22:03:45,086 - Step 02621: -4.3087 E_h, exp. variance=0.0063 E_h^2, pmove=0.36
2026-06-02 22:03:45,752 - Step 02622: -4.4975 E_h, exp. variance=0.0057 E_h^2, pmove=0.36
2026-06-02 22:03:46,415 - Step 02623: -4.4616 E_h, exp. variance=0.0051 E_h^2, pmove=0.36
2026-06-02 22:03:47,078 - Step 02624: -4.5007 E_h, exp. variance=0.0047 E_h^2, pmove=0.36
2026-06-02 22:03:47,740 - Step 02625: -4.5151 E_h, exp. variance=0.0043 E_h^2, pmove=0.36
2026-06-02 22:03:48,405 - Step 02626: -4.5528 E_h, exp. variance=0.0044 E_h^2, pmove=0.36
2026-06-02 22:03:49,068 - Step 02627: -4.5774 E_h, exp. variance=0.0046 E_h^2, pmove=0.36
2026-06-02 22:03:49,731 - Step 02628: -4.5576 E_h, exp. variance=0.0045 E_h^2, pmove=0.37
2026-06-02 22:03:50,394 - Step 02629: -4.5165 E_h, exp. variance=0.0041 E_h^2, pmove=0.36
2026-06-02 22:03:51,057 - Step 02630: -4.5557 E_h, exp. variance=0.0039 E_h^2, pmove=0.37
2026-06-02 22:03:51,723 - Step 02631: -4.5318 E_h, exp. variance=0.0035 E_h^2, pmove=0.37
2026-06-02 22:03:52,385 - Step 02632: -4.5108 E_h, exp. variance=0.0032 E_h^2, pmove=0.37
2026-06-02 22:03:53,047 - Step 02633: -4.5448 E_h, exp. variance=0.0030 E_h^2, pmove=0.37
2026-06-02 22:03:53,709 - Step 02634: -4.6008 E_h, exp. variance=0.0033 E_h^2, pmove=0.36
2026-06-02 22:03:54,375 - Step 02635: -4.6147 E_h, exp. variance=0.0037 E_h^2, pmove=0.36
2026-06-02 22:03:55,038 - Step 02636: -4.5629 E_h, exp. variance=0.0035 E_h^2, pmove=0.36
2026-06-02 22:03:55,700 - Step 02637: -4.5537 E_h, exp. variance=0.0031 E_h^2, pmove=0.36
2026-06-02 22:03:56,364 - Step 02638: -4.5667 E_h, exp. variance=0.0029 E_h^2, pmove=0.36
2026-06-02 22:03:57,027 - Step 02639: -4.4236 E_h, exp. variance=0.0038 E_h^2, pmove=0.36
2026-06-02 22:03:57,693 - Step 02640: -4.5536 E_h, exp. variance=0.0035 E_h^2, pmove=0.36
2026-06-02 22:03:58,355 - Step 02641: -4.4866 E_h, exp. variance=0.0033 E_h^2, pmove=0.36
2026-06-02 22:03:59,017 - Step 02642: -4.4948 E_h, exp. variance=0.0031 E_h^2, pmove=0.36
2026-06-02 22:03:59,686 - Step 02643: -4.4419 E_h, exp. variance=0.0034 E_h^2, pmove=0.36
2026-06-02 22:04:00,353 - Step 02644: -2.5659 E_h, exp. variance=0.3451 E_h^2, pmove=0.36
2026-06-02 22:04:01,017 - Step 02645: -3.1439 E_h, exp. variance=0.4352 E_h^2, pmove=0.36
2026-06-02 22:04:01,679 - Step 02646: -4.4418 E_h, exp. variance=0.3968 E_h^2, pmove=0.36
2026-06-02 22:04:02,341 - Step 02647: -4.4533 E_h, exp. variance=0.3618 E_h^2, pmove=0.36
2026-06-02 22:04:03,007 - Step 02648: -3.9151 E_h, exp. variance=0.3357 E_h^2, pmove=0.36
2026-06-02 22:04:03,669 - Step 02649: -4.4521 E_h, exp. variance=0.3071 E_h^2, pmove=0.35
2026-06-02 22:04:04,329 - Step 02650: -4.4391 E_h, exp. variance=0.2800 E_h^2, pmove=0.36
2026-06-02 22:04:04,989 - Step 02651: -4.3892 E_h, exp. variance=0.2535 E_h^2, pmove=0.35
2026-06-02 22:04:05,649 - Step 02652: -4.4263 E_h, exp. variance=0.2303 E_h^2, pmove=0.36
2026-06-02 22:04:06,312 - Step 02653: -4.5414 E_h, exp. variance=0.2130 E_h^2, pmove=0.36
2026-06-02 22:04:06,971 - Step 02654: -4.5028 E_h, exp. variance=0.1950 E_h^2, pmove=0.36
2026-06-02 22:04:07,632 - Step 02655: -4.4266 E_h, exp. variance=0.1763 E_h^2, pmove=0.36
2026-06-02 22:04:08,293 - Step 02656: -4.3476 E_h, exp. variance=0.1586 E_h^2, pmove=0.36
2026-06-02 22:04:08,955 - Step 02657: -4.5395 E_h, exp. variance=0.1463 E_h^2, pmove=0.36
2026-06-02 22:04:09,616 - Step 02658: -4.5380 E_h, exp. variance=0.1344 E_h^2, pmove=0.36
2026-06-02 22:04:10,276 - Step 02659: -4.5055 E_h, exp. variance=0.1224 E_h^2, pmove=0.36
2026-06-02 22:04:10,935 - Step 02660: -4.5640 E_h, exp. variance=0.1128 E_h^2, pmove=0.36
2026-06-02 22:04:11,595 - Step 02661: -4.5709 E_h, exp. variance=0.1039 E_h^2, pmove=0.36
2026-06-02 22:04:12,258 - Step 02662: -4.5304 E_h, exp. variance=0.0945 E_h^2, pmove=0.36
2026-06-02 22:04:12,919 - Step 02663: -4.4201 E_h, exp. variance=0.0851 E_h^2, pmove=0.36
2026-06-02 22:04:13,578 - Step 02664: -3.6592 E_h, exp. variance=0.1307 E_h^2, pmove=0.36
2026-06-02 22:04:14,238 - Step 02665: -4.5489 E_h, exp. variance=0.1209 E_h^2, pmove=0.36
2026-06-02 22:04:14,900 - Step 02666: -4.5282 E_h, exp. variance=0.1109 E_h^2, pmove=0.36
2026-06-02 22:04:15,561 - Step 02667: -4.5339 E_h, exp. variance=0.1016 E_h^2, pmove=0.36
2026-06-02 22:04:16,221 - Step 02668: -4.4959 E_h, exp. variance=0.0922 E_h^2, pmove=0.36
2026-06-02 22:04:16,882 - Step 02669: -4.5201 E_h, exp. variance=0.0840 E_h^2, pmove=0.36
2026-06-02 22:04:17,542 - Step 02670: -4.1282 E_h, exp. variance=0.0835 E_h^2, pmove=0.36
2026-06-02 22:04:18,204 - Step 02671: -4.3466 E_h, exp. variance=0.0754 E_h^2, pmove=0.36
2026-06-02 22:04:18,865 - Step 02672: -4.5197 E_h, exp. variance=0.0694 E_h^2, pmove=0.36
2026-06-02 22:04:19,524 - Step 02673: -4.4229 E_h, exp. variance=0.0624 E_h^2, pmove=0.36
2026-06-02 22:04:20,185 - Step 02674: -3.6265 E_h, exp. variance=0.1108 E_h^2, pmove=0.36
2026-06-02 22:04:20,845 - Step 02675: -4.5682 E_h, exp. variance=0.1049 E_h^2, pmove=0.36
2026-06-02 22:04:21,505 - Step 02676: -4.5559 E_h, exp. variance=0.0982 E_h^2, pmove=0.36
2026-06-02 22:04:22,166 - Step 02677: -4.5662 E_h, exp. variance=0.0918 E_h^2, pmove=0.36
2026-06-02 22:04:22,826 - Step 02678: -4.5843 E_h, exp. variance=0.0859 E_h^2, pmove=0.36
2026-06-02 22:04:23,486 - Step 02679: -4.5158 E_h, exp. variance=0.0783 E_h^2, pmove=0.36
2026-06-02 22:04:24,147 - Step 02680: -4.4765 E_h, exp. variance=0.0708 E_h^2, pmove=0.36
2026-06-02 22:04:24,808 - Step 02681: -4.5142 E_h, exp. variance=0.0644 E_h^2, pmove=0.36
2026-06-02 22:04:25,468 - Step 02682: -4.5309 E_h, exp. variance=0.0588 E_h^2, pmove=0.36
2026-06-02 22:04:26,128 - Step 02683: -4.5086 E_h, exp. variance=0.0533 E_h^2, pmove=0.36
2026-06-02 22:04:26,789 - Step 02684: -4.5666 E_h, exp. variance=0.0491 E_h^2, pmove=0.36
2026-06-02 22:04:27,448 - Step 02685: -4.4755 E_h, exp. variance=0.0442 E_h^2, pmove=0.36
2026-06-02 22:04:28,108 - Step 02686: -4.5522 E_h, exp. variance=0.0405 E_h^2, pmove=0.36
2026-06-02 22:04:28,768 - Step 02687: -3.6582 E_h, exp. variance=0.0962 E_h^2, pmove=0.36
2026-06-02 22:04:29,430 - Step 02688: -4.5621 E_h, exp. variance=0.0892 E_h^2, pmove=0.36
2026-06-02 22:04:30,093 - Step 02689: -4.5755 E_h, exp. variance=0.0828 E_h^2, pmove=0.36
2026-06-02 22:04:30,754 - Step 02690: -4.5561 E_h, exp. variance=0.0761 E_h^2, pmove=0.36
2026-06-02 22:04:31,414 - Step 02691: -4.5580 E_h, exp. variance=0.0697 E_h^2, pmove=0.36
2026-06-02 22:04:32,074 - Step 02692: -4.5772 E_h, exp. variance=0.0642 E_h^2, pmove=0.36
2026-06-02 22:04:32,735 - Step 02693: -4.5375 E_h, exp. variance=0.0583 E_h^2, pmove=0.36
2026-06-02 22:04:33,396 - Step 02694: -4.5542 E_h, exp. variance=0.0531 E_h^2, pmove=0.36
2026-06-02 22:04:34,057 - Step 02695: -4.5870 E_h, exp. variance=0.0488 E_h^2, pmove=0.37
2026-06-02 22:04:34,717 - Step 02696: -3.8891 E_h, exp. variance=0.0764 E_h^2, pmove=0.36
2026-06-02 22:04:35,377 - Step 02697: -4.4691 E_h, exp. variance=0.0689 E_h^2, pmove=0.36
2026-06-02 22:04:36,041 - Step 02698: -4.4866 E_h, exp. variance=0.0623 E_h^2, pmove=0.36
2026-06-02 22:04:36,701 - Step 02699: -4.4954 E_h, exp. variance=0.0563 E_h^2, pmove=0.36
2026-06-02 22:04:37,362 - Step 02700: -4.5379 E_h, exp. variance=0.0515 E_h^2, pmove=0.36
2026-06-02 22:04:38,023 - Step 02701: -4.6064 E_h, exp. variance=0.0484 E_h^2, pmove=0.36
2026-06-02 22:04:38,683 - Step 02702: -3.9242 E_h, exp. variance=0.0703 E_h^2, pmove=0.36
2026-06-02 22:04:39,343 - Step 02703: -4.2078 E_h, exp. variance=0.0671 E_h^2, pmove=0.36
2026-06-02 22:04:40,004 - Step 02704: -4.5522 E_h, exp. variance=0.0627 E_h^2, pmove=0.36
2026-06-02 22:04:40,664 - Step 02705: -4.5791 E_h, exp. variance=0.0590 E_h^2, pmove=0.36
2026-06-02 22:04:41,324 - Step 02706: -4.5244 E_h, exp. variance=0.0539 E_h^2, pmove=0.36
2026-06-02 22:04:41,985 - Step 02707: -4.2350 E_h, exp. variance=0.0522 E_h^2, pmove=0.36
2026-06-02 22:04:42,647 - Step 02708: -4.5403 E_h, exp. variance=0.0484 E_h^2, pmove=0.37
2026-06-02 22:04:43,306 - Step 02709: -4.5351 E_h, exp. variance=0.0446 E_h^2, pmove=0.36
2026-06-02 22:04:43,966 - Step 02710: -4.5230 E_h, exp. variance=0.0407 E_h^2, pmove=0.36
2026-06-02 22:04:44,628 - Step 02711: -4.5543 E_h, exp. variance=0.0377 E_h^2, pmove=0.36
2026-06-02 22:04:45,289 - Step 02712: -4.5764 E_h, exp. variance=0.0352 E_h^2, pmove=0.36
2026-06-02 22:04:45,951 - Step 02713: -4.5789 E_h, exp. variance=0.0327 E_h^2, pmove=0.36
2026-06-02 22:04:46,611 - Step 02714: -4.5818 E_h, exp. variance=0.0304 E_h^2, pmove=0.36
2026-06-02 22:04:47,270 - Step 02715: -4.6135 E_h, exp. variance=0.0287 E_h^2, pmove=0.36
2026-06-02 22:04:47,932 - Step 02716: -4.6137 E_h, exp. variance=0.0269 E_h^2, pmove=0.36
2026-06-02 22:04:48,593 - Step 02717: -4.6069 E_h, exp. variance=0.0250 E_h^2, pmove=0.36
2026-06-02 22:04:49,254 - Step 02718: -4.6079 E_h, exp. variance=0.0231 E_h^2, pmove=0.36
2026-06-02 22:04:49,915 - Step 02719: -4.5955 E_h, exp. variance=0.0212 E_h^2, pmove=0.36
2026-06-02 22:04:50,578 - Step 02720: -4.5488 E_h, exp. variance=0.0191 E_h^2, pmove=0.36
2026-06-02 22:04:51,237 - Step 02721: -4.5866 E_h, exp. variance=0.0174 E_h^2, pmove=0.36
2026-06-02 22:04:51,898 - Step 02722: -4.5998 E_h, exp. variance=0.0159 E_h^2, pmove=0.36
2026-06-02 22:04:52,557 - Step 02723: -4.6108 E_h, exp. variance=0.0146 E_h^2, pmove=0.36
2026-06-02 22:04:53,219 - Step 02724: -4.5786 E_h, exp. variance=0.0132 E_h^2, pmove=0.36
2026-06-02 22:04:53,886 - Step 02725: -4.5545 E_h, exp. variance=0.0119 E_h^2, pmove=0.37
2026-06-02 22:04:54,545 - Step 02726: -4.5873 E_h, exp. variance=0.0108 E_h^2, pmove=0.37
2026-06-02 22:04:55,205 - Step 02727: -4.6111 E_h, exp. variance=0.0099 E_h^2, pmove=0.37
2026-06-02 22:04:55,865 - Step 02728: -4.6276 E_h, exp. variance=0.0093 E_h^2, pmove=0.36
2026-06-02 22:04:56,527 - Step 02729: -3.9329 E_h, exp. variance=0.0451 E_h^2, pmove=0.36
2026-06-02 22:04:57,187 - Step 02730: -4.5124 E_h, exp. variance=0.0406 E_h^2, pmove=0.37
2026-06-02 22:04:57,847 - Step 02731: -4.5255 E_h, exp. variance=0.0366 E_h^2, pmove=0.36
2026-06-02 22:04:58,508 - Step 02732: -4.5565 E_h, exp. variance=0.0331 E_h^2, pmove=0.36
2026-06-02 22:04:59,172 - Step 02733: -4.5211 E_h, exp. variance=0.0298 E_h^2, pmove=0.37
2026-06-02 22:04:59,833 - Step 02734: -4.5582 E_h, exp. variance=0.0270 E_h^2, pmove=0.36
2026-06-02 22:05:00,496 - Step 02735: -4.5833 E_h, exp. variance=0.0247 E_h^2, pmove=0.36
2026-06-02 22:05:01,155 - Step 02736: -4.5688 E_h, exp. variance=0.0224 E_h^2, pmove=0.36
2026-06-02 22:05:01,815 - Step 02737: -4.5906 E_h, exp. variance=0.0204 E_h^2, pmove=0.36
2026-06-02 22:05:02,478 - Step 02738: -4.6190 E_h, exp. variance=0.0190 E_h^2, pmove=0.36
2026-06-02 22:05:03,137 - Step 02739: -4.6292 E_h, exp. variance=0.0178 E_h^2, pmove=0.36
2026-06-02 22:05:03,798 - Step 02740: -4.5947 E_h, exp. variance=0.0161 E_h^2, pmove=0.35
2026-06-02 22:05:04,458 - Step 02741: -4.6450 E_h, exp. variance=0.0152 E_h^2, pmove=0.36
2026-06-02 22:05:05,121 - Step 02742: -4.6073 E_h, exp. variance=0.0138 E_h^2, pmove=0.36
2026-06-02 22:05:05,782 - Step 02743: -4.6306 E_h, exp. variance=0.0128 E_h^2, pmove=0.36
2026-06-02 22:05:06,443 - Step 02744: -4.6129 E_h, exp. variance=0.0116 E_h^2, pmove=0.36
2026-06-02 22:05:07,105 - Step 02745: -4.6003 E_h, exp. variance=0.0105 E_h^2, pmove=0.36
2026-06-02 22:05:07,766 - Step 02746: -4.5719 E_h, exp. variance=0.0095 E_h^2, pmove=0.36
2026-06-02 22:05:08,430 - Step 02747: -4.5780 E_h, exp. variance=0.0085 E_h^2, pmove=0.36
2026-06-02 22:05:09,090 - Step 02748: -4.5634 E_h, exp. variance=0.0077 E_h^2, pmove=0.36
2026-06-02 22:05:09,764 - Step 02749: -4.6296 E_h, exp. variance=0.0072 E_h^2, pmove=0.36
2026-06-02 22:05:10,425 - Step 02750: -4.6221 E_h, exp. variance=0.0066 E_h^2, pmove=0.36
2026-06-02 22:05:11,088 - Step 02751: -4.5736 E_h, exp. variance=0.0059 E_h^2, pmove=0.36
2026-06-02 22:05:11,749 - Step 02752: -4.5748 E_h, exp. variance=0.0054 E_h^2, pmove=0.36
2026-06-02 22:05:12,412 - Step 02753: -4.5785 E_h, exp. variance=0.0048 E_h^2, pmove=0.36
2026-06-02 22:05:13,074 - Step 02754: -4.5805 E_h, exp. variance=0.0043 E_h^2, pmove=0.36
2026-06-02 22:05:13,735 - Step 02755: -4.5981 E_h, exp. variance=0.0039 E_h^2, pmove=0.36
2026-06-02 22:05:14,400 - Step 02756: -4.6035 E_h, exp. variance=0.0036 E_h^2, pmove=0.36
2026-06-02 22:05:15,063 - Step 02757: -4.6138 E_h, exp. variance=0.0033 E_h^2, pmove=0.37
2026-06-02 22:05:15,725 - Step 02758: -4.6340 E_h, exp. variance=0.0031 E_h^2, pmove=0.37
2026-06-02 22:05:16,387 - Step 02759: -4.5891 E_h, exp. variance=0.0028 E_h^2, pmove=0.36
2026-06-02 22:05:17,052 - Step 02760: -3.8314 E_h, exp. variance=0.0548 E_h^2, pmove=0.37
2026-06-02 22:05:17,713 - Step 02761: -4.5336 E_h, exp. variance=0.0494 E_h^2, pmove=0.37
2026-06-02 22:05:18,374 - Step 02762: -4.5264 E_h, exp. variance=0.0444 E_h^2, pmove=0.36
2026-06-02 22:05:19,034 - Step 02763: -4.5929 E_h, exp. variance=0.0405 E_h^2, pmove=0.36
2026-06-02 22:05:19,694 - Step 02764: -4.4724 E_h, exp. variance=0.0367 E_h^2, pmove=0.36
2026-06-02 22:05:20,357 - Step 02765: -4.5407 E_h, exp. variance=0.0331 E_h^2, pmove=0.36
2026-06-02 22:05:21,017 - Step 02766: -4.6247 E_h, exp. variance=0.0307 E_h^2, pmove=0.36
2026-06-02 22:05:21,678 - Step 02767: -4.5996 E_h, exp. variance=0.0280 E_h^2, pmove=0.36
2026-06-02 22:05:22,338 - Step 02768: -4.6459 E_h, exp. variance=0.0262 E_h^2, pmove=0.36
2026-06-02 22:05:23,001 - Step 02769: -4.6201 E_h, exp. variance=0.0240 E_h^2, pmove=0.36
2026-06-02 22:05:23,661 - Step 02770: -4.5730 E_h, exp. variance=0.0216 E_h^2, pmove=0.36
2026-06-02 22:05:24,322 - Step 02771: -4.5488 E_h, exp. variance=0.0195 E_h^2, pmove=0.36
2026-06-02 22:05:24,982 - Step 02772: -4.6231 E_h, exp. variance=0.0179 E_h^2, pmove=0.36
2026-06-02 22:05:25,642 - Step 02773: -4.5859 E_h, exp. variance=0.0162 E_h^2, pmove=0.36
2026-06-02 22:05:26,305 - Step 02774: -4.6585 E_h, exp. variance=0.0153 E_h^2, pmove=0.36
2026-06-02 22:05:26,966 - Step 02775: -4.5995 E_h, exp. variance=0.0138 E_h^2, pmove=0.36
2026-06-02 22:05:27,628 - Step 02776: -4.6223 E_h, exp. variance=0.0126 E_h^2, pmove=0.36
2026-06-02 22:05:28,290 - Step 02777: -4.5631 E_h, exp. variance=0.0114 E_h^2, pmove=0.36
2026-06-02 22:05:28,953 - Step 02778: -4.6140 E_h, exp. variance=0.0103 E_h^2, pmove=0.36
2026-06-02 22:05:29,616 - Step 02779: -4.6100 E_h, exp. variance=0.0094 E_h^2, pmove=0.36
2026-06-02 22:05:29,616 - Saving checkpoint results/bilayer-bosons/BosonNet/N24_layers12_12_rs4.0_d2.5_D20.0_sq/qmcjax_ckpt_002779.npz
2026-06-02 22:05:30,334 - Step 02780: -4.6111 E_h, exp. variance=0.0085 E_h^2, pmove=0.36
2026-06-02 22:05:30,996 - Step 02781: -4.6446 E_h, exp. variance=0.0079 E_h^2, pmove=0.36
2026-06-02 22:05:31,657 - Step 02782: -4.6423 E_h, exp. variance=0.0073 E_h^2, pmove=0.36
2026-06-02 22:05:32,319 - Step 02783: -4.5721 E_h, exp. variance=0.0067 E_h^2, pmove=0.36
2026-06-02 22:05:32,981 - Step 02784: -4.6165 E_h, exp. variance=0.0060 E_h^2, pmove=0.36
2026-06-02 22:05:33,643 - Step 02785: -4.6841 E_h, exp. variance=0.0061 E_h^2, pmove=0.37
2026-06-02 22:05:34,305 - Step 02786: -4.6699 E_h, exp. variance=0.0058 E_h^2, pmove=0.36
2026-06-02 22:05:34,967 - Step 02787: -4.6318 E_h, exp. variance=0.0053 E_h^2, pmove=0.36
2026-06-02 22:05:35,629 - Step 02788: -4.6510 E_h, exp. variance=0.0049 E_h^2, pmove=0.36
2026-06-02 22:05:36,292 - Step 02789: -4.6261 E_h, exp. variance=0.0044 E_h^2, pmove=0.37
2026-06-02 22:05:36,954 - Step 02790: -4.4188 E_h, exp. variance=0.0076 E_h^2, pmove=0.37
2026-06-02 22:05:37,618 - Step 02791: -4.6380 E_h, exp. variance=0.0070 E_h^2, pmove=0.37
2026-06-02 22:05:38,281 - Step 02792: -4.6054 E_h, exp. variance=0.0063 E_h^2, pmove=0.37
2026-06-02 22:05:38,944 - Step 02793: -4.6227 E_h, exp. variance=0.0057 E_h^2, pmove=0.37
2026-06-02 22:05:39,606 - Step 02794: -4.6413 E_h, exp. variance=0.0052 E_h^2, pmove=0.37
2026-06-02 22:05:40,268 - Step 02795: -4.6188 E_h, exp. variance=0.0047 E_h^2, pmove=0.37
2026-06-02 22:05:40,929 - Step 02796: -4.6625 E_h, exp. variance=0.0045 E_h^2, pmove=0.37
2026-06-02 22:05:41,591 - Step 02797: -4.6733 E_h, exp. variance=0.0043 E_h^2, pmove=0.37
2026-06-02 22:05:42,252 - Step 02798: -4.6472 E_h, exp. variance=0.0040 E_h^2, pmove=0.36
2026-06-02 22:05:42,913 - Step 02799: -4.6445 E_h, exp. variance=0.0036 E_h^2, pmove=0.37
2026-06-02 22:05:43,574 - Step 02800: -4.6264 E_h, exp. variance=0.0032 E_h^2, pmove=0.36
2026-06-02 22:05:44,234 - Step 02801: -4.6463 E_h, exp. variance=0.0030 E_h^2, pmove=0.36
2026-06-02 22:05:44,895 - Step 02802: -4.6130 E_h, exp. variance=0.0027 E_h^2, pmove=0.36
2026-06-02 22:05:45,556 - Step 02803: -4.6897 E_h, exp. variance=0.0028 E_h^2, pmove=0.36
2026-06-02 22:05:46,216 - Step 02804: -4.6363 E_h, exp. variance=0.0025 E_h^2, pmove=0.36
2026-06-02 22:05:46,878 - Step 02805: -4.6737 E_h, exp. variance=0.0024 E_h^2, pmove=0.36
2026-06-02 22:05:47,539 - Step 02806: -4.6818 E_h, exp. variance=0.0023 E_h^2, pmove=0.36
2026-06-02 22:05:48,201 - Step 02807: -4.6365 E_h, exp. variance=0.0021 E_h^2, pmove=0.36
2026-06-02 22:05:48,863 - Step 02808: -4.7086 E_h, exp. variance=0.0023 E_h^2, pmove=0.36
2026-06-02 22:05:49,525 - Step 02809: -4.6694 E_h, exp. variance=0.0021 E_h^2, pmove=0.36
2026-06-02 22:05:50,187 - Step 02810: -4.6191 E_h, exp. variance=0.0020 E_h^2, pmove=0.36
2026-06-02 22:05:50,848 - Step 02811: -4.6727 E_h, exp. variance=0.0019 E_h^2, pmove=0.36
2026-06-02 22:05:51,510 - Step 02812: -4.6243 E_h, exp. variance=0.0017 E_h^2, pmove=0.36
2026-06-02 22:05:52,172 - Step 02813: -4.6008 E_h, exp. variance=0.0017 E_h^2, pmove=0.36
2026-06-02 22:05:52,836 - Step 02814: -4.6144 E_h, exp. variance=0.0016 E_h^2, pmove=0.36
2026-06-02 22:05:53,498 - Step 02815: -4.6367 E_h, exp. variance=0.0015 E_h^2, pmove=0.36
2026-06-02 22:05:54,160 - Step 02816: -4.6311 E_h, exp. variance=0.0013 E_h^2, pmove=0.36
2026-06-02 22:05:54,821 - Step 02817: -4.6126 E_h, exp. variance=0.0013 E_h^2, pmove=0.36
2026-06-02 22:05:55,485 - Step 02818: -4.6448 E_h, exp. variance=0.0011 E_h^2, pmove=0.36
2026-06-02 22:05:56,146 - Step 02819: -4.6513 E_h, exp. variance=0.0010 E_h^2, pmove=0.36
2026-06-02 22:05:56,808 - Step 02820: -4.6384 E_h, exp. variance=0.0009 E_h^2, pmove=0.36
2026-06-02 22:05:57,469 - Step 02821: -4.6650 E_h, exp. variance=0.0009 E_h^2, pmove=0.36
2026-06-02 22:05:58,130 - Step 02822: -4.6563 E_h, exp. variance=0.0008 E_h^2, pmove=0.36
2026-06-02 22:05:58,795 - Step 02823: -4.6397 E_h, exp. variance=0.0008 E_h^2, pmove=0.36
2026-06-02 22:05:59,457 - Step 02824: -4.6927 E_h, exp. variance=0.0009 E_h^2, pmove=0.36
2026-06-02 22:06:00,120 - Step 02825: -4.6742 E_h, exp. variance=0.0009 E_h^2, pmove=0.36
2026-06-02 22:06:00,783 - Step 02826: -4.6155 E_h, exp. variance=0.0009 E_h^2, pmove=0.36
2026-06-02 22:06:01,448 - Step 02827: -4.6040 E_h, exp. variance=0.0010 E_h^2, pmove=0.36
2026-06-02 22:06:02,109 - Step 02828: -4.6702 E_h, exp. variance=0.0009 E_h^2, pmove=0.37
2026-06-02 22:06:02,770 - Step 02829: -4.6752 E_h, exp. variance=0.0009 E_h^2, pmove=0.36
2026-06-02 22:06:03,433 - Step 02830: -4.6446 E_h, exp. variance=0.0008 E_h^2, pmove=0.36
2026-06-02 22:06:04,095 - Step 02831: -4.6714 E_h, exp. variance=0.0008 E_h^2, pmove=0.36
2026-06-02 22:06:04,761 - Step 02832: -4.6567 E_h, exp. variance=0.0007 E_h^2, pmove=0.36
2026-06-02 22:06:05,425 - Step 02833: -4.6611 E_h, exp. variance=0.0007 E_h^2, pmove=0.37
2026-06-02 22:06:06,088 - Step 02834: -4.6822 E_h, exp. variance=0.0007 E_h^2, pmove=0.36
2026-06-02 22:06:06,750 - Step 02835: -4.6973 E_h, exp. variance=0.0008 E_h^2, pmove=0.36
2026-06-02 22:06:07,415 - Step 02836: -4.7070 E_h, exp. variance=0.0009 E_h^2, pmove=0.36
2026-06-02 22:06:08,077 - Step 02837: -4.6379 E_h, exp. variance=0.0009 E_h^2, pmove=0.36
2026-06-02 22:06:08,739 - Step 02838: -4.6608 E_h, exp. variance=0.0008 E_h^2, pmove=0.36
2026-06-02 22:06:09,401 - Step 02839: -4.6103 E_h, exp. variance=0.0009 E_h^2, pmove=0.36
2026-06-02 22:06:10,064 - Step 02840: -4.7009 E_h, exp. variance=0.0010 E_h^2, pmove=0.36
2026-06-02 22:06:10,729 - Step 02841: -2.5644 E_h, exp. variance=0.3964 E_h^2, pmove=0.36
2026-06-02 22:06:11,391 - Step 02842: -4.6488 E_h, exp. variance=0.3603 E_h^2, pmove=0.36
2026-06-02 22:06:12,054 - Step 02843: -4.6196 E_h, exp. variance=0.3263 E_h^2, pmove=0.36
2026-06-02 22:06:12,717 - Step 02844: -4.6382 E_h, exp. variance=0.2957 E_h^2, pmove=0.36
2026-06-02 22:06:13,381 - Step 02845: -4.6461 E_h, exp. variance=0.2680 E_h^2, pmove=0.36
2026-06-02 22:06:14,043 - Step 02846: -4.6805 E_h, exp. variance=0.2437 E_h^2, pmove=0.36
2026-06-02 22:06:14,706 - Step 02847: -4.6592 E_h, exp. variance=0.2208 E_h^2, pmove=0.36
2026-06-02 22:06:15,368 - Step 02848: -4.6431 E_h, exp. variance=0.1996 E_h^2, pmove=0.36
2026-06-02 22:06:16,032 - Step 02849: -4.6622 E_h, exp. variance=0.1807 E_h^2, pmove=0.36
2026-06-02 22:06:16,694 - Step 02850: -4.6271 E_h, exp. variance=0.1629 E_h^2, pmove=0.35
2026-06-02 22:06:17,356 - Step 02851: -4.6131 E_h, exp. variance=0.1468 E_h^2, pmove=0.36
2026-06-02 22:06:18,029 - Step 02852: -4.6606 E_h, exp. variance=0.1328 E_h^2, pmove=0.36
2026-06-02 22:06:18,691 - Step 02853: -4.6893 E_h, exp. variance=0.1205 E_h^2, pmove=0.36
2026-06-02 22:06:19,356 - Step 02854: -4.6805 E_h, exp. variance=0.1091 E_h^2, pmove=0.36
2026-06-02 22:06:20,018 - Step 02855: -4.7052 E_h, exp. variance=0.0991 E_h^2, pmove=0.36
2026-06-02 22:06:20,681 - Step 02856: -4.6521 E_h, exp. variance=0.0894 E_h^2, pmove=0.36
2026-06-02 22:06:21,343 - Step 02857: -4.6435 E_h, exp. variance=0.0805 E_h^2, pmove=0.36
2026-06-02 22:06:22,007 - Step 02858: -4.6522 E_h, exp. variance=0.0725 E_h^2, pmove=0.36
2026-06-02 22:06:22,668 - Step 02859: -4.7012 E_h, exp. variance=0.0658 E_h^2, pmove=0.36
2026-06-02 22:06:23,330 - Step 02860: -4.6808 E_h, exp. variance=0.0595 E_h^2, pmove=0.37
2026-06-02 22:06:23,993 - Step 02861: -4.7084 E_h, exp. variance=0.0540 E_h^2, pmove=0.36
2026-06-02 22:06:24,655 - Step 02862: -4.6993 E_h, exp. variance=0.0489 E_h^2, pmove=0.36
2026-06-02 22:06:25,319 - Step 02863: -4.6415 E_h, exp. variance=0.0440 E_h^2, pmove=0.36
2026-06-02 22:06:25,982 - Step 02864: -4.6756 E_h, exp. variance=0.0397 E_h^2, pmove=0.36
2026-06-02 22:06:26,644 - Step 02865: -4.6659 E_h, exp. variance=0.0357 E_h^2, pmove=0.36
2026-06-02 22:06:27,305 - Step 02866: -4.6641 E_h, exp. variance=0.0322 E_h^2, pmove=0.37
2026-06-02 22:06:27,970 - Step 02867: -4.6710 E_h, exp. variance=0.0290 E_h^2, pmove=0.36
2026-06-02 22:06:28,631 - Step 02868: -4.6034 E_h, exp. variance=0.0263 E_h^2, pmove=0.36
2026-06-02 22:06:29,294 - Step 02869: -4.6366 E_h, exp. variance=0.0237 E_h^2, pmove=0.36
2026-06-02 22:06:29,956 - Step 02870: -4.5859 E_h, exp. variance=0.0217 E_h^2, pmove=0.36
2026-06-02 22:06:30,619 - Step 02871: -4.6192 E_h, exp. variance=0.0196 E_h^2, pmove=0.36
2026-06-02 22:06:31,285 - Step 02872: -4.6577 E_h, exp. variance=0.0176 E_h^2, pmove=0.36
2026-06-02 22:06:31,946 - Step 02873: -4.5855 E_h, exp. variance=0.0162 E_h^2, pmove=0.36
2026-06-02 22:06:32,607 - Step 02874: -4.6122 E_h, exp. variance=0.0146 E_h^2, pmove=0.36
2026-06-02 22:06:33,269 - Step 02875: -3.8531 E_h, exp. variance=0.0680 E_h^2, pmove=0.35
2026-06-02 22:06:33,933 - Step 02876: -4.6096 E_h, exp. variance=0.0614 E_h^2, pmove=0.36
2026-06-02 22:06:34,595 - Step 02877: -1.1913 E_h, exp. variance=1.0773 E_h^2, pmove=0.36
2026-06-02 22:06:35,256 - Step 02878: -4.6745 E_h, exp. variance=0.9878 E_h^2, pmove=0.36
2026-06-02 22:06:35,919 - Step 02879: -4.4884 E_h, exp. variance=0.8934 E_h^2, pmove=0.36
2026-06-02 22:06:36,580 - Step 02880: -4.0359 E_h, exp. variance=0.8099 E_h^2, pmove=0.36
2026-06-02 22:06:37,244 - Step 02881: -4.6952 E_h, exp. variance=0.7455 E_h^2, pmove=0.36
2026-06-02 22:06:37,906 - Step 02882: -4.6573 E_h, exp. variance=0.6819 E_h^2, pmove=0.36
2026-06-02 22:06:38,569 - Step 02883: -4.6617 E_h, exp. variance=0.6228 E_h^2, pmove=0.36
2026-06-02 22:06:39,231 - Step 02884: -4.6174 E_h, exp. variance=0.5658 E_h^2, pmove=0.36
2026-06-02 22:06:39,894 - Step 02885: -4.6290 E_h, exp. variance=0.5140 E_h^2, pmove=0.36
2026-06-02 22:06:40,557 - Step 02886: -4.6759 E_h, exp. variance=0.4684 E_h^2, pmove=0.36
2026-06-02 22:06:41,219 - Step 02887: -4.6932 E_h, exp. variance=0.4270 E_h^2, pmove=0.36
2026-06-02 22:06:41,882 - Step 02888: -4.7060 E_h, exp. variance=0.3892 E_h^2, pmove=0.37
2026-06-02 22:06:42,545 - Step 02889: -4.6662 E_h, exp. variance=0.3529 E_h^2, pmove=0.37
2026-06-02 22:06:43,207 - Step 02890: -4.7051 E_h, exp. variance=0.3209 E_h^2, pmove=0.36
2026-06-02 22:06:43,869 - Step 02891: -4.6897 E_h, exp. variance=0.2911 E_h^2, pmove=0.37
2026-06-02 22:06:44,531 - Step 02892: -4.6937 E_h, exp. variance=0.2639 E_h^2, pmove=0.36
2026-06-02 22:06:45,194 - Step 02893: -4.6653 E_h, exp. variance=0.2384 E_h^2, pmove=0.36
2026-06-02 22:06:45,857 - Step 02894: -4.7081 E_h, exp. variance=0.2162 E_h^2, pmove=0.36
2026-06-02 22:06:46,521 - Step 02895: -4.6960 E_h, exp. variance=0.1957 E_h^2, pmove=0.36
2026-06-02 22:06:47,184 - Step 02896: -4.4017 E_h, exp. variance=0.1796 E_h^2, pmove=0.36
2026-06-02 22:06:47,847 - Step 02897: -4.6400 E_h, exp. variance=0.1620 E_h^2, pmove=0.36
2026-06-02 22:06:48,512 - Step 02898: -4.6334 E_h, exp. variance=0.1460 E_h^2, pmove=0.36
2026-06-02 22:06:49,176 - Step 02899: -4.4840 E_h, exp. variance=0.1324 E_h^2, pmove=0.36
2026-06-02 22:06:49,839 - Step 02900: -4.6966 E_h, exp. variance=0.1204 E_h^2, pmove=0.36
2026-06-02 22:06:50,502 - Step 02901: -4.6924 E_h, exp. variance=0.1093 E_h^2, pmove=0.36
2026-06-02 22:06:51,164 - Step 02902: -4.6824 E_h, exp. variance=0.0990 E_h^2, pmove=0.36
2026-06-02 22:06:51,828 - Step 02903: -4.5533 E_h, exp. variance=0.0894 E_h^2, pmove=0.36
2026-06-02 22:06:52,491 - Step 02904: -4.6710 E_h, exp. variance=0.0808 E_h^2, pmove=0.36
2026-06-02 22:06:53,154 - Step 02905: -4.6683 E_h, exp. variance=0.0731 E_h^2, pmove=0.36
2026-06-02 22:06:53,817 - Step 02906: -4.4032 E_h, exp. variance=0.0698 E_h^2, pmove=0.36
2026-06-02 22:06:54,480 - Step 02907: -4.6922 E_h, exp. variance=0.0637 E_h^2, pmove=0.36
2026-06-02 22:06:55,143 - Step 02908: -4.6415 E_h, exp. variance=0.0575 E_h^2, pmove=0.36
2026-06-02 22:06:55,806 - Step 02909: -4.6703 E_h, exp. variance=0.0521 E_h^2, pmove=0.36
2026-06-02 22:06:56,468 - Step 02910: -4.6656 E_h, exp. variance=0.0471 E_h^2, pmove=0.36
2026-06-02 22:06:57,131 - Step 02911: -4.6932 E_h, exp. variance=0.0429 E_h^2, pmove=0.37
2026-06-02 22:06:57,795 - Step 02912: -4.6636 E_h, exp. variance=0.0387 E_h^2, pmove=0.36
2026-06-02 22:06:58,458 - Step 02913: -4.6963 E_h, exp. variance=0.0352 E_h^2, pmove=0.36
2026-06-02 22:06:59,120 - Step 02914: -4.6527 E_h, exp. variance=0.0317 E_h^2, pmove=0.36
2026-06-02 22:06:59,784 - Step 02915: -4.7226 E_h, exp. variance=0.0292 E_h^2, pmove=0.37
2026-06-02 22:07:00,448 - Step 02916: -4.7028 E_h, exp. variance=0.0265 E_h^2, pmove=0.36
2026-06-02 22:07:01,110 - Step 02917: -4.6719 E_h, exp. variance=0.0239 E_h^2, pmove=0.36
2026-06-02 22:07:01,771 - Step 02918: -4.6490 E_h, exp. variance=0.0215 E_h^2, pmove=0.37
2026-06-02 22:07:02,433 - Step 02919: -4.7591 E_h, exp. variance=0.0204 E_h^2, pmove=0.37
2026-06-02 22:07:03,096 - Step 02920: -4.7020 E_h, exp. variance=0.0185 E_h^2, pmove=0.36
2026-06-02 22:07:03,760 - Step 02921: -4.6757 E_h, exp. variance=0.0166 E_h^2, pmove=0.37
2026-06-02 22:07:04,422 - Step 02922: -4.5991 E_h, exp. variance=0.0154 E_h^2, pmove=0.36
2026-06-02 22:07:05,085 - Step 02923: -0.6817 E_h, exp. variance=1.4397 E_h^2, pmove=0.36
2026-06-02 22:07:05,748 - Step 02924: -4.6538 E_h, exp. variance=1.3094 E_h^2, pmove=0.36
2026-06-02 22:07:06,413 - Step 02925: -4.6500 E_h, exp. variance=1.1893 E_h^2, pmove=0.36
2026-06-02 22:07:07,075 - Step 02926: -4.6427 E_h, exp. variance=1.0788 E_h^2, pmove=0.36
2026-06-02 22:07:07,736 - Step 02927: -4.6568 E_h, exp. variance=0.9784 E_h^2, pmove=0.36
2026-06-02 22:07:08,398 - Step 02928: -4.7123 E_h, exp. variance=0.8895 E_h^2, pmove=0.36
2026-06-02 22:07:09,059 - Step 02929: -4.6983 E_h, exp. variance=0.8071 E_h^2, pmove=0.36
2026-06-02 22:07:09,724 - Step 02930: -4.6774 E_h, exp. variance=0.7308 E_h^2, pmove=0.36
2026-06-02 22:07:10,387 - Step 02931: -4.6824 E_h, exp. variance=0.6615 E_h^2, pmove=0.36
2026-06-02 22:07:11,049 - Step 02932: -4.6868 E_h, exp. variance=0.5986 E_h^2, pmove=0.36
2026-06-02 22:07:11,712 - Step 02933: -4.6461 E_h, exp. variance=0.5402 E_h^2, pmove=0.36
2026-06-02 22:07:12,377 - Step 02934: -4.6450 E_h, exp. variance=0.4874 E_h^2, pmove=0.37
2026-06-02 22:07:13,039 - Step 02935: -4.7179 E_h, exp. variance=0.4414 E_h^2, pmove=0.36
2026-06-02 22:07:13,701 - Step 02936: -4.7362 E_h, exp. variance=0.4001 E_h^2, pmove=0.36
2026-06-02 22:07:14,363 - Step 02937: -4.7259 E_h, exp. variance=0.3621 E_h^2, pmove=0.36
2026-06-02 22:07:15,025 - Step 02938: -4.7249 E_h, exp. variance=0.3275 E_h^2, pmove=0.36
2026-06-02 22:07:15,695 - Step 02939: -4.6769 E_h, exp. variance=0.2952 E_h^2, pmove=0.37
2026-06-02 22:07:16,360 - Step 02940: -4.7054 E_h, exp. variance=0.2665 E_h^2, pmove=0.37
2026-06-02 22:07:17,022 - Step 02941: -4.6818 E_h, exp. variance=0.2401 E_h^2, pmove=0.37
2026-06-02 22:07:17,685 - Step 02942: -4.7788 E_h, exp. variance=0.2182 E_h^2, pmove=0.36
2026-06-02 22:07:18,349 - Step 02943: -4.7102 E_h, exp. variance=0.1968 E_h^2, pmove=0.36
2026-06-02 22:07:19,011 - Step 02944: -4.6751 E_h, exp. variance=0.1772 E_h^2, pmove=0.36
2026-06-02 22:07:19,672 - Step 02945: -4.6707 E_h, exp. variance=0.1595 E_h^2, pmove=0.36
2026-06-02 22:07:20,335 - Step 02946: -4.6707 E_h, exp. variance=0.1436 E_h^2, pmove=0.36
2026-06-02 22:07:20,997 - Step 02947: -4.7034 E_h, exp. variance=0.1294 E_h^2, pmove=0.36
2026-06-02 22:07:21,664 - Step 02948: -4.6971 E_h, exp. variance=0.1166 E_h^2, pmove=0.36
2026-06-02 22:07:22,326 - Step 02949: -4.7017 E_h, exp. variance=0.1051 E_h^2, pmove=0.36
2026-06-02 22:07:22,989 - Step 02950: -4.7035 E_h, exp. variance=0.0947 E_h^2, pmove=0.36
2026-06-02 22:07:23,653 - Step 02951: -4.6878 E_h, exp. variance=0.0852 E_h^2, pmove=0.36
2026-06-02 22:07:24,321 - Step 02952: -4.7463 E_h, exp. variance=0.0772 E_h^2, pmove=0.36
2026-06-02 22:07:24,983 - Step 02953: -4.7535 E_h, exp. variance=0.0699 E_h^2, pmove=0.37
2026-06-02 22:07:25,646 - Step 02954: -4.7060 E_h, exp. variance=0.0630 E_h^2, pmove=0.36
2026-06-02 22:07:26,309 - Step 02955: -4.7277 E_h, exp. variance=0.0568 E_h^2, pmove=0.36
2026-06-02 22:07:26,975 - Step 02956: -4.7151 E_h, exp. variance=0.0512 E_h^2, pmove=0.36
2026-06-02 22:07:27,639 - Step 02957: -4.6730 E_h, exp. variance=0.0461 E_h^2, pmove=0.36
2026-06-02 22:07:28,301 - Step 02958: -4.7000 E_h, exp. variance=0.0415 E_h^2, pmove=0.37
2026-06-02 22:07:28,964 - Step 02959: -4.7424 E_h, exp. variance=0.0376 E_h^2, pmove=0.36
2026-06-02 22:07:29,638 - Step 02960: -4.6799 E_h, exp. variance=0.0338 E_h^2, pmove=0.37
2026-06-02 22:07:30,303 - Step 02961: -4.6886 E_h, exp. variance=0.0305 E_h^2, pmove=0.36
2026-06-02 22:07:30,966 - Step 02962: -4.6659 E_h, exp. variance=0.0275 E_h^2, pmove=0.36
2026-06-02 22:07:31,629 - Step 02963: -4.7470 E_h, exp. variance=0.0250 E_h^2, pmove=0.36
2026-06-02 22:07:32,292 - Step 02964: -4.7000 E_h, exp. variance=0.0225 E_h^2, pmove=0.36
2026-06-02 22:07:32,957 - Step 02965: -4.7353 E_h, exp. variance=0.0204 E_h^2, pmove=0.36
2026-06-02 22:07:33,619 - Step 02966: -4.7474 E_h, exp. variance=0.0185 E_h^2, pmove=0.36
2026-06-02 22:07:34,282 - Step 02967: -4.7367 E_h, exp. variance=0.0168 E_h^2, pmove=0.36
2026-06-02 22:07:34,944 - Step 02968: -4.7017 E_h, exp. variance=0.0151 E_h^2, pmove=0.36
2026-06-02 22:07:35,608 - Step 02969: -4.7303 E_h, exp. variance=0.0136 E_h^2, pmove=0.37
2026-06-02 22:07:36,273 - Step 02970: -4.7255 E_h, exp. variance=0.0123 E_h^2, pmove=0.36
2026-06-02 22:07:36,936 - Step 02971: -4.7499 E_h, exp. variance=0.0112 E_h^2, pmove=0.37
2026-06-02 22:07:37,598 - Step 02972: -4.7261 E_h, exp. variance=0.0101 E_h^2, pmove=0.36
2026-06-02 22:07:38,261 - Step 02973: -4.5427 E_h, exp. variance=0.0118 E_h^2, pmove=0.37
2026-06-02 22:07:38,926 - Step 02974: -4.6961 E_h, exp. variance=0.0106 E_h^2, pmove=0.37
2026-06-02 22:07:39,589 - Step 02975: -4.6552 E_h, exp. variance=0.0097 E_h^2, pmove=0.36
2026-06-02 22:07:40,252 - Step 02976: -4.7235 E_h, exp. variance=0.0088 E_h^2, pmove=0.36
2026-06-02 22:07:40,915 - Step 02977: -4.7111 E_h, exp. variance=0.0080 E_h^2, pmove=0.36
2026-06-02 22:07:41,579 - Step 02978: -4.1151 E_h, exp. variance=0.0379 E_h^2, pmove=0.36
2026-06-02 22:07:42,245 - Step 02979: -4.6940 E_h, exp. variance=0.0343 E_h^2, pmove=0.36
2026-06-02 22:07:42,906 - Step 02980: -4.7396 E_h, exp. variance=0.0317 E_h^2, pmove=0.36
2026-06-02 22:07:43,569 - Step 02981: -4.7158 E_h, exp. variance=0.0288 E_h^2, pmove=0.36
2026-06-02 22:07:44,232 - Step 02982: -4.5216 E_h, exp. variance=0.0277 E_h^2, pmove=0.36
2026-06-02 22:07:44,898 - Step 02983: -3.0562 E_h, exp. variance=0.2529 E_h^2, pmove=0.36
2026-06-02 22:07:45,560 - Step 02984: -4.6664 E_h, exp. variance=0.2304 E_h^2, pmove=0.37
2026-06-02 22:07:46,224 - Step 02985: -3.9716 E_h, exp. variance=0.2331 E_h^2, pmove=0.36
2026-06-02 22:07:46,886 - Step 02986: -4.7077 E_h, exp. variance=0.2156 E_h^2, pmove=0.36
2026-06-02 22:07:47,550 - Step 02987: -4.7191 E_h, exp. variance=0.1993 E_h^2, pmove=0.36
2026-06-02 22:07:48,216 - Step 02988: -4.6569 E_h, exp. variance=0.1815 E_h^2, pmove=0.37
2026-06-02 22:07:48,879 - Step 02989: -4.7220 E_h, exp. variance=0.1671 E_h^2, pmove=0.36
2026-06-02 22:07:49,541 - Step 02990: -4.7012 E_h, exp. variance=0.1528 E_h^2, pmove=0.37
2026-06-02 22:07:50,204 - Step 02991: -4.7110 E_h, exp. variance=0.1397 E_h^2, pmove=0.36
2026-06-02 22:07:50,868 - Step 02992: -4.7778 E_h, exp. variance=0.1296 E_h^2, pmove=0.36
2026-06-02 22:07:51,531 - Step 02993: -4.7271 E_h, exp. variance=0.1183 E_h^2, pmove=0.36
2026-06-02 22:07:52,194 - Step 02994: -4.7574 E_h, exp. variance=0.1086 E_h^2, pmove=0.36
2026-06-02 22:07:52,856 - Step 02995: -4.7723 E_h, exp. variance=0.0998 E_h^2, pmove=0.37
2026-06-02 22:07:53,517 - Step 02996: -4.7867 E_h, exp. variance=0.0919 E_h^2, pmove=0.36
2026-06-02 22:07:54,177 - Step 02997: -4.7113 E_h, exp. variance=0.0831 E_h^2, pmove=0.36
2026-06-02 22:07:54,838 - Step 02998: -4.7454 E_h, exp. variance=0.0755 E_h^2, pmove=0.36
2026-06-02 22:07:55,498 - Step 02999: -4.7241 E_h, exp. variance=0.0682 E_h^2, pmove=0.36
2026-06-02 22:07:56,158 - Step 03000: -4.7376 E_h, exp. variance=0.0618 E_h^2, pmove=0.37
2026-06-02 22:07:56,819 - Step 03001: -4.7014 E_h, exp. variance=0.0557 E_h^2, pmove=0.36
2026-06-02 22:07:57,480 - Step 03002: -4.6134 E_h, exp. variance=0.0505 E_h^2, pmove=0.36
2026-06-02 22:07:58,141 - Step 03003: -4.6740 E_h, exp. variance=0.0455 E_h^2, pmove=0.36
2026-06-02 22:07:58,801 - Step 03004: -4.6624 E_h, exp. variance=0.0409 E_h^2, pmove=0.36
2026-06-02 22:07:59,465 - Step 03005: -4.7628 E_h, exp. variance=0.0376 E_h^2, pmove=0.36
2026-06-02 22:08:00,129 - Step 03006: -4.7234 E_h, exp. variance=0.0340 E_h^2, pmove=0.36
2026-06-02 22:08:00,790 - Step 03007: -4.7431 E_h, exp. variance=0.0309 E_h^2, pmove=0.36
2026-06-02 22:08:01,452 - Step 03008: -4.7252 E_h, exp. variance=0.0279 E_h^2, pmove=0.36
2026-06-02 22:08:02,111 - Step 03009: -4.6492 E_h, exp. variance=0.0253 E_h^2, pmove=0.36
2026-06-02 22:08:02,772 - Step 03010: -4.7050 E_h, exp. variance=0.0228 E_h^2, pmove=0.36
2026-06-02 22:08:03,433 - Step 03011: -4.6866 E_h, exp. variance=0.0205 E_h^2, pmove=0.36
2026-06-02 22:08:04,094 - Step 03012: -4.7504 E_h, exp. variance=0.0188 E_h^2, pmove=0.36
2026-06-02 22:08:04,757 - Step 03013: -4.7266 E_h, exp. variance=0.0170 E_h^2, pmove=0.36
2026-06-02 22:08:05,419 - Step 03014: -4.7370 E_h, exp. variance=0.0154 E_h^2, pmove=0.36
2026-06-02 22:08:06,082 - Step 03015: -4.7196 E_h, exp. variance=0.0139 E_h^2, pmove=0.36
2026-06-02 22:08:06,745 - Step 03016: -4.7039 E_h, exp. variance=0.0125 E_h^2, pmove=0.36
2026-06-02 22:08:07,407 - Step 03017: -4.7442 E_h, exp. variance=0.0114 E_h^2, pmove=0.36
2026-06-02 22:08:08,069 - Step 03018: -4.7660 E_h, exp. variance=0.0105 E_h^2, pmove=0.36
2026-06-02 22:08:08,731 - Step 03019: -4.7500 E_h, exp. variance=0.0096 E_h^2, pmove=0.36
2026-06-02 22:08:09,393 - Step 03020: -4.7424 E_h, exp. variance=0.0087 E_h^2, pmove=0.36
2026-06-02 22:08:10,055 - Step 03021: -4.7439 E_h, exp. variance=0.0079 E_h^2, pmove=0.36
2026-06-02 22:08:10,717 - Step 03022: -4.7114 E_h, exp. variance=0.0071 E_h^2, pmove=0.36
2026-06-02 22:08:11,381 - Step 03023: -4.7115 E_h, exp. variance=0.0064 E_h^2, pmove=0.36
2026-06-02 22:08:12,042 - Step 03024: -4.6984 E_h, exp. variance=0.0058 E_h^2, pmove=0.36
2026-06-02 22:08:12,704 - Step 03025: -3.1671 E_h, exp. variance=0.2218 E_h^2, pmove=0.36
2026-06-02 22:08:13,369 - Step 03026: -4.7287 E_h, exp. variance=0.2021 E_h^2, pmove=0.36
2026-06-02 22:08:14,031 - Step 03027: -4.7735 E_h, exp. variance=0.1853 E_h^2, pmove=0.36
2026-06-02 22:08:14,693 - Step 03028: -4.7370 E_h, exp. variance=0.1685 E_h^2, pmove=0.36
2026-06-02 22:08:15,354 - Step 03029: -4.6921 E_h, exp. variance=0.1522 E_h^2, pmove=0.36
2026-06-02 22:08:16,017 - Step 03030: -4.4711 E_h, exp. variance=0.1390 E_h^2, pmove=0.36
2026-06-02 22:08:16,680 - Step 03031: -4.0710 E_h, exp. variance=0.1508 E_h^2, pmove=0.36
2026-06-02 22:08:17,343 - Step 03032: -4.7569 E_h, exp. variance=0.1395 E_h^2, pmove=0.36
2026-06-02 22:08:18,006 - Step 03033: -4.7057 E_h, exp. variance=0.1272 E_h^2, pmove=0.37
2026-06-02 22:08:18,667 - Step 03034: -4.7426 E_h, exp. variance=0.1166 E_h^2, pmove=0.37
2026-06-02 22:08:19,328 - Step 03035: -4.7153 E_h, exp. variance=0.1061 E_h^2, pmove=0.36
2026-06-02 22:08:19,990 - Step 03036: -4.7591 E_h, exp. variance=0.0974 E_h^2, pmove=0.36
2026-06-02 22:08:20,655 - Step 03037: -4.7495 E_h, exp. variance=0.0890 E_h^2, pmove=0.36
2026-06-02 22:08:21,317 - Step 03038: -4.7475 E_h, exp. variance=0.0812 E_h^2, pmove=0.37
2026-06-02 22:08:21,980 - Step 03039: -4.7120 E_h, exp. variance=0.0734 E_h^2, pmove=0.37
2026-06-02 22:08:22,643 - Step 03040: -4.7467 E_h, exp. variance=0.0668 E_h^2, pmove=0.36
2026-06-02 22:08:23,308 - Step 03041: -4.6969 E_h, exp. variance=0.0602 E_h^2, pmove=0.37
2026-06-02 22:08:23,969 - Step 03042: -4.7428 E_h, exp. variance=0.0547 E_h^2, pmove=0.37
2026-06-02 22:08:24,631 - Step 03043: -4.6837 E_h, exp. variance=0.0492 E_h^2, pmove=0.37
2026-06-02 22:08:25,294 - Step 03044: -4.7311 E_h, exp. variance=0.0445 E_h^2, pmove=0.36
2026-06-02 22:08:25,955 - Step 03045: -4.7570 E_h, exp. variance=0.0406 E_h^2, pmove=0.36
2026-06-02 22:08:26,619 - Step 03046: -4.7316 E_h, exp. variance=0.0367 E_h^2, pmove=0.37
2026-06-02 22:08:27,279 - Step 03047: -1.9901 E_h, exp. variance=0.6910 E_h^2, pmove=0.37
2026-06-02 22:08:27,939 - Step 03048: -4.6335 E_h, exp. variance=0.6259 E_h^2, pmove=0.36
2026-06-02 22:08:28,602 - Step 03049: -4.5686 E_h, exp. variance=0.5647 E_h^2, pmove=0.36
2026-06-02 22:08:29,267 - Step 03050: -4.6900 E_h, exp. variance=0.5131 E_h^2, pmove=0.37
2026-06-02 22:08:29,931 - Step 03051: -4.7205 E_h, exp. variance=0.4670 E_h^2, pmove=0.36
2026-06-02 22:08:30,592 - Step 03052: -4.7628 E_h, exp. variance=0.4263 E_h^2, pmove=0.36
2026-06-02 22:08:31,252 - Step 03053: -4.7796 E_h, exp. variance=0.3893 E_h^2, pmove=0.36
2026-06-02 22:08:31,914 - Step 03054: -4.7660 E_h, exp. variance=0.3543 E_h^2, pmove=0.37
2026-06-02 22:08:32,578 - Step 03055: -4.7483 E_h, exp. variance=0.3216 E_h^2, pmove=0.36
2026-06-02 22:08:33,239 - Step 03056: -4.7690 E_h, exp. variance=0.2922 E_h^2, pmove=0.37
2026-06-02 22:08:33,900 - Step 03057: -4.8295 E_h, exp. variance=0.2673 E_h^2, pmove=0.37
2026-06-02 22:08:34,563 - Step 03058: -4.6780 E_h, exp. variance=0.2407 E_h^2, pmove=0.37
2026-06-02 22:08:35,227 - Step 03059: -4.7279 E_h, exp. variance=0.2174 E_h^2, pmove=0.36
2026-06-02 22:08:35,888 - Step 03060: -4.7079 E_h, exp. variance=0.1960 E_h^2, pmove=0.36
2026-06-02 22:08:36,549 - Step 03061: -4.8035 E_h, exp. variance=0.1784 E_h^2, pmove=0.37
2026-06-02 22:08:37,209 - Step 03062: -4.7995 E_h, exp. variance=0.1622 E_h^2, pmove=0.37
2026-06-02 22:08:37,874 - Step 03063: -4.7837 E_h, exp. variance=0.1469 E_h^2, pmove=0.37
2026-06-02 22:08:38,538 - Step 03064: -4.7644 E_h, exp. variance=0.1327 E_h^2, pmove=0.37
2026-06-02 22:08:39,199 - Step 03065: -4.7894 E_h, exp. variance=0.1202 E_h^2, pmove=0.37
2026-06-02 22:08:39,861 - Step 03066: -4.7708 E_h, exp. variance=0.1085 E_h^2, pmove=0.37
2026-06-02 22:08:40,533 - Step 03067: -4.8034 E_h, exp. variance=0.0984 E_h^2, pmove=0.37
2026-06-02 22:08:41,198 - Step 03068: -4.7790 E_h, exp. variance=0.0888 E_h^2, pmove=0.37
2026-06-02 22:08:41,859 - Step 03069: -4.7640 E_h, exp. variance=0.0801 E_h^2, pmove=0.37
2026-06-02 22:08:42,521 - Step 03070: -4.7321 E_h, exp. variance=0.0721 E_h^2, pmove=0.37
2026-06-02 22:08:43,183 - Step 03071: -4.6911 E_h, exp. variance=0.0650 E_h^2, pmove=0.37
2026-06-02 22:08:43,847 - Step 03072: -4.3309 E_h, exp. variance=0.0727 E_h^2, pmove=0.37
2026-06-02 22:08:44,507 - Step 03073: -4.6997 E_h, exp. variance=0.0654 E_h^2, pmove=0.36
2026-06-02 22:08:45,169 - Step 03074: -4.7213 E_h, exp. variance=0.0590 E_h^2, pmove=0.36
2026-06-02 22:08:45,830 - Step 03075: -4.7416 E_h, exp. variance=0.0533 E_h^2, pmove=0.36
2026-06-02 22:08:46,492 - Step 03076: -4.7290 E_h, exp. variance=0.0481 E_h^2, pmove=0.36
2026-06-02 22:08:47,156 - Step 03077: -4.7030 E_h, exp. variance=0.0433 E_h^2, pmove=0.36
2026-06-02 22:08:47,818 - Step 03078: -4.4918 E_h, exp. variance=0.0429 E_h^2, pmove=0.36
2026-06-02 22:08:48,478 - Step 03079: -4.7544 E_h, exp. variance=0.0391 E_h^2, pmove=0.36
2026-06-02 22:08:49,139 - Step 03080: -4.7400 E_h, exp. variance=0.0354 E_h^2, pmove=0.37
2026-06-02 22:08:49,803 - Step 03081: -4.7365 E_h, exp. variance=0.0320 E_h^2, pmove=0.36
2026-06-02 22:08:50,465 - Step 03082: -4.7254 E_h, exp. variance=0.0289 E_h^2, pmove=0.36
2026-06-02 22:08:51,126 - Step 03083: -4.7532 E_h, exp. variance=0.0263 E_h^2, pmove=0.36
2026-06-02 22:08:51,787 - Step 03084: -4.7659 E_h, exp. variance=0.0240 E_h^2, pmove=0.36
2026-06-02 22:08:52,449 - Step 03085: -4.7131 E_h, exp. variance=0.0216 E_h^2, pmove=0.36
2026-06-02 22:08:53,113 - Step 03086: -4.7777 E_h, exp. variance=0.0198 E_h^2, pmove=0.37
2026-06-02 22:08:53,775 - Step 03087: -4.6567 E_h, exp. variance=0.0182 E_h^2, pmove=0.36
2026-06-02 22:08:54,436 - Step 03088: -4.7716 E_h, exp. variance=0.0167 E_h^2, pmove=0.36
2026-06-02 22:08:55,097 - Step 03089: -4.5761 E_h, exp. variance=0.0168 E_h^2, pmove=0.36
2026-06-02 22:08:55,761 - Step 03090: -4.7387 E_h, exp. variance=0.0152 E_h^2, pmove=0.36
2026-06-02 22:08:56,422 - Step 03091: -4.7538 E_h, exp. variance=0.0139 E_h^2, pmove=0.36
2026-06-02 22:08:57,084 - Step 03092: -4.7485 E_h, exp. variance=0.0126 E_h^2, pmove=0.36
2026-06-02 22:08:57,745 - Step 03093: -4.7614 E_h, exp. variance=0.0116 E_h^2, pmove=0.36
2026-06-02 22:08:58,407 - Step 03094: -4.7921 E_h, exp. variance=0.0109 E_h^2, pmove=0.36
2026-06-02 22:08:59,072 - Step 03095: -4.7453 E_h, exp. variance=0.0098 E_h^2, pmove=0.36
2026-06-02 22:08:59,734 - Step 03096: -4.7984 E_h, exp. variance=0.0093 E_h^2, pmove=0.37
2026-06-02 22:09:00,397 - Step 03097: -4.7702 E_h, exp. variance=0.0085 E_h^2, pmove=0.37
2026-06-02 22:09:01,058 - Step 03098: -4.7954 E_h, exp. variance=0.0079 E_h^2, pmove=0.37
2026-06-02 22:09:01,721 - Step 03099: -4.7953 E_h, exp. variance=0.0073 E_h^2, pmove=0.37
2026-06-02 22:09:02,384 - Step 03100: -4.8160 E_h, exp. variance=0.0070 E_h^2, pmove=0.36
2026-06-02 22:09:03,046 - Step 03101: -4.7190 E_h, exp. variance=0.0064 E_h^2, pmove=0.36
2026-06-02 22:09:03,707 - Step 03102: -4.7217 E_h, exp. variance=0.0059 E_h^2, pmove=0.37
2026-06-02 22:09:04,369 - Step 03103: -4.7682 E_h, exp. variance=0.0053 E_h^2, pmove=0.36
2026-06-02 22:09:05,033 - Step 03104: -4.7811 E_h, exp. variance=0.0049 E_h^2, pmove=0.36
2026-06-02 22:09:05,696 - Step 03105: -4.7657 E_h, exp. variance=0.0044 E_h^2, pmove=0.36
2026-06-02 22:09:06,359 - Step 03106: -4.7722 E_h, exp. variance=0.0040 E_h^2, pmove=0.37
2026-06-02 22:09:07,021 - Step 03107: -4.7460 E_h, exp. variance=0.0036 E_h^2, pmove=0.36
2026-06-02 22:09:07,684 - Step 03108: -4.7640 E_h, exp. variance=0.0032 E_h^2, pmove=0.37
2026-06-02 22:09:08,346 - Step 03109: -4.7628 E_h, exp. variance=0.0029 E_h^2, pmove=0.36
2026-06-02 22:09:09,009 - Step 03110: -4.7700 E_h, exp. variance=0.0026 E_h^2, pmove=0.37
2026-06-02 22:09:09,671 - Step 03111: -4.8023 E_h, exp. variance=0.0025 E_h^2, pmove=0.36
2026-06-02 22:09:10,335 - Step 03112: -4.8135 E_h, exp. variance=0.0025 E_h^2, pmove=0.36
2026-06-02 22:09:10,997 - Step 03113: -4.8215 E_h, exp. variance=0.0025 E_h^2, pmove=0.37
2026-06-02 22:09:11,659 - Step 03114: -4.7897 E_h, exp. variance=0.0023 E_h^2, pmove=0.36
2026-06-02 22:09:12,321 - Step 03115: -4.6942 E_h, exp. variance=0.0026 E_h^2, pmove=0.37
2026-06-02 22:09:12,983 - Step 03116: -4.7297 E_h, exp. variance=0.0025 E_h^2, pmove=0.36
2026-06-02 22:09:13,646 - Step 03117: -4.7792 E_h, exp. variance=0.0023 E_h^2, pmove=0.36
2026-06-02 22:09:14,309 - Step 03118: -4.7863 E_h, exp. variance=0.0021 E_h^2, pmove=0.37
2026-06-02 22:09:14,971 - Step 03119: -4.7990 E_h, exp. variance=0.0020 E_h^2, pmove=0.37
2026-06-02 22:09:15,634 - Step 03120: -4.7987 E_h, exp. variance=0.0019 E_h^2, pmove=0.37
2026-06-02 22:09:16,297 - Step 03121: -4.8077 E_h, exp. variance=0.0018 E_h^2, pmove=0.37
2026-06-02 22:09:16,959 - Step 03122: -4.7864 E_h, exp. variance=0.0016 E_h^2, pmove=0.36
2026-06-02 22:09:17,621 - Step 03123: -4.8042 E_h, exp. variance=0.0015 E_h^2, pmove=0.36
2026-06-02 22:09:18,283 - Step 03124: -4.8127 E_h, exp. variance=0.0015 E_h^2, pmove=0.36
2026-06-02 22:09:18,946 - Step 03125: -4.8070 E_h, exp. variance=0.0014 E_h^2, pmove=0.36
2026-06-02 22:09:19,608 - Step 03126: -4.7775 E_h, exp. variance=0.0012 E_h^2, pmove=0.36
2026-06-02 22:09:20,272 - Step 03127: -4.7394 E_h, exp. variance=0.0013 E_h^2, pmove=0.37
2026-06-02 22:09:20,935 - Step 03128: -4.7604 E_h, exp. variance=0.0012 E_h^2, pmove=0.36
2026-06-02 22:09:21,598 - Step 03129: -4.7937 E_h, exp. variance=0.0011 E_h^2, pmove=0.36
2026-06-02 22:09:22,261 - Step 03130: -4.8224 E_h, exp. variance=0.0012 E_h^2, pmove=0.36
2026-06-02 22:09:22,924 - Step 03131: -4.8176 E_h, exp. variance=0.0011 E_h^2, pmove=0.36
2026-06-02 22:09:23,586 - Step 03132: -4.8025 E_h, exp. variance=0.0010 E_h^2, pmove=0.36
2026-06-02 22:09:24,247 - Step 03133: -4.8169 E_h, exp. variance=0.0010 E_h^2, pmove=0.36
2026-06-02 22:09:24,909 - Step 03134: -4.7995 E_h, exp. variance=0.0009 E_h^2, pmove=0.37
2026-06-02 22:09:25,572 - Step 03135: -4.7949 E_h, exp. variance=0.0008 E_h^2, pmove=0.36
2026-06-02 22:09:26,236 - Step 03136: -4.8063 E_h, exp. variance=0.0008 E_h^2, pmove=0.36
2026-06-02 22:09:26,898 - Step 03137: -4.8163 E_h, exp. variance=0.0007 E_h^2, pmove=0.36
2026-06-02 22:09:27,559 - Step 03138: -4.8303 E_h, exp. variance=0.0008 E_h^2, pmove=0.36
2026-06-02 22:09:28,222 - Step 03139: -4.7931 E_h, exp. variance=0.0007 E_h^2, pmove=0.37
2026-06-02 22:09:28,885 - Step 03140: -4.8027 E_h, exp. variance=0.0006 E_h^2, pmove=0.36
2026-06-02 22:09:29,547 - Step 03141: -4.8197 E_h, exp. variance=0.0006 E_h^2, pmove=0.36
2026-06-02 22:09:30,209 - Step 03142: -4.8103 E_h, exp. variance=0.0005 E_h^2, pmove=0.37
2026-06-02 22:09:30,870 - Step 03143: -4.8010 E_h, exp. variance=0.0005 E_h^2, pmove=0.37
2026-06-02 22:09:31,535 - Step 03144: -4.7740 E_h, exp. variance=0.0005 E_h^2, pmove=0.36
2026-06-02 22:09:32,198 - Step 03145: -4.7916 E_h, exp. variance=0.0005 E_h^2, pmove=0.36
2026-06-02 22:09:32,862 - Step 03146: -4.8262 E_h, exp. variance=0.0005 E_h^2, pmove=0.36
2026-06-02 22:09:33,524 - Step 03147: -4.7863 E_h, exp. variance=0.0005 E_h^2, pmove=0.37
2026-06-02 22:09:34,191 - Step 03148: -4.7808 E_h, exp. variance=0.0004 E_h^2, pmove=0.36
2026-06-02 22:09:34,855 - Step 03149: -4.7908 E_h, exp. variance=0.0004 E_h^2, pmove=0.36
2026-06-02 22:09:35,519 - Step 03150: -4.8132 E_h, exp. variance=0.0004 E_h^2, pmove=0.37
2026-06-02 22:09:36,182 - Step 03151: -4.8036 E_h, exp. variance=0.0004 E_h^2, pmove=0.37
2026-06-02 22:09:36,845 - Step 03152: -4.7871 E_h, exp. variance=0.0003 E_h^2, pmove=0.36
2026-06-02 22:09:37,511 - Step 03153: -4.8150 E_h, exp. variance=0.0003 E_h^2, pmove=0.36
2026-06-02 22:09:38,174 - Step 03154: -4.8006 E_h, exp. variance=0.0003 E_h^2, pmove=0.36
2026-06-02 22:09:38,837 - Step 03155: -4.7226 E_h, exp. variance=0.0008 E_h^2, pmove=0.36
2026-06-02 22:09:39,500 - Step 03156: -4.7429 E_h, exp. variance=0.0009 E_h^2, pmove=0.37
2026-06-02 22:09:40,166 - Step 03157: -4.7942 E_h, exp. variance=0.0008 E_h^2, pmove=0.36
2026-06-02 22:09:40,829 - Step 03158: -4.8597 E_h, exp. variance=0.0012 E_h^2, pmove=0.36
2026-06-02 22:09:41,490 - Step 03159: -4.8599 E_h, exp. variance=0.0015 E_h^2, pmove=0.36
2026-06-02 22:09:42,153 - Step 03160: -4.8354 E_h, exp. variance=0.0014 E_h^2, pmove=0.36
2026-06-02 22:09:42,816 - Step 03161: -4.8493 E_h, exp. variance=0.0015 E_h^2, pmove=0.36
2026-06-02 22:09:43,481 - Step 03162: -4.8682 E_h, exp. variance=0.0016 E_h^2, pmove=0.37
2026-06-02 22:09:44,146 - Step 03163: -4.8013 E_h, exp. variance=0.0015 E_h^2, pmove=0.37
2026-06-02 22:09:44,809 - Step 03164: -4.8228 E_h, exp. variance=0.0013 E_h^2, pmove=0.36
2026-06-02 22:09:45,471 - Step 03165: -4.7947 E_h, exp. variance=0.0012 E_h^2, pmove=0.37
2026-06-02 22:09:46,136 - Step 03166: -4.7994 E_h, exp. variance=0.0011 E_h^2, pmove=0.37
2026-06-02 22:09:46,798 - Step 03167: -4.7589 E_h, exp. variance=0.0013 E_h^2, pmove=0.36
2026-06-02 22:09:47,459 - Step 03168: -4.7829 E_h, exp. variance=0.0012 E_h^2, pmove=0.36
2026-06-02 22:09:48,121 - Step 03169: -4.6183 E_h, exp. variance=0.0042 E_h^2, pmove=0.36
2026-06-02 22:09:48,785 - Step 03170: -4.7151 E_h, exp. variance=0.0042 E_h^2, pmove=0.36
2026-06-02 22:09:49,447 - Step 03171: -4.7599 E_h, exp. variance=0.0038 E_h^2, pmove=0.36
2026-06-02 22:09:50,109 - Step 03172: -4.7894 E_h, exp. variance=0.0034 E_h^2, pmove=0.36
2026-06-02 22:09:50,770 - Step 03173: -4.7840 E_h, exp. variance=0.0031 E_h^2, pmove=0.36
2026-06-02 22:09:51,433 - Step 03174: -4.7956 E_h, exp. variance=0.0028 E_h^2, pmove=0.37
2026-06-02 22:09:52,110 - Step 03175: -4.7910 E_h, exp. variance=0.0025 E_h^2, pmove=0.36
2026-06-02 22:09:52,774 - Step 03176: -4.7965 E_h, exp. variance=0.0023 E_h^2, pmove=0.37
2026-06-02 22:09:53,437 - Step 03177: -4.7930 E_h, exp. variance=0.0021 E_h^2, pmove=0.36
2026-06-02 22:09:54,101 - Step 03178: -4.8120 E_h, exp. variance=0.0020 E_h^2, pmove=0.36
2026-06-02 22:09:54,769 - Step 03179: -4.7967 E_h, exp. variance=0.0018 E_h^2, pmove=0.36
2026-06-02 22:09:55,432 - Step 03180: -4.7861 E_h, exp. variance=0.0016 E_h^2, pmove=0.37
2026-06-02 22:09:56,096 - Step 03181: -4.7154 E_h, exp. variance=0.0019 E_h^2, pmove=0.36
2026-06-02 22:09:56,760 - Step 03182: -4.5160 E_h, exp. variance=0.0080 E_h^2, pmove=0.36
2026-06-02 22:09:57,423 - Step 03183: -4.7599 E_h, exp. variance=0.0072 E_h^2, pmove=0.36
2026-06-02 22:09:58,090 - Step 03184: -4.7452 E_h, exp. variance=0.0065 E_h^2, pmove=0.36
2026-06-02 22:09:58,755 - Step 03185: -4.7390 E_h, exp. variance=0.0059 E_h^2, pmove=0.36
2026-06-02 22:09:59,418 - Step 03186: -4.7100 E_h, exp. variance=0.0054 E_h^2, pmove=0.36
2026-06-02 22:10:00,084 - Step 03187: -4.8025 E_h, exp. variance=0.0052 E_h^2, pmove=0.36
2026-06-02 22:10:00,752 - Step 03188: -4.7736 E_h, exp. variance=0.0047 E_h^2, pmove=0.36
2026-06-02 22:10:01,415 - Step 03189: -4.8015 E_h, exp. variance=0.0044 E_h^2, pmove=0.37
2026-06-02 22:10:02,079 - Step 03190: -4.7558 E_h, exp. variance=0.0040 E_h^2, pmove=0.36
2026-06-02 22:10:02,742 - Step 03191: -4.7475 E_h, exp. variance=0.0036 E_h^2, pmove=0.37
2026-06-02 22:10:03,405 - Step 03192: -4.6937 E_h, exp. variance=0.0036 E_h^2, pmove=0.37
2026-06-02 22:10:04,072 - Step 03193: -4.7969 E_h, exp. variance=0.0034 E_h^2, pmove=0.36
2026-06-02 22:10:04,735 - Step 03194: -4.8023 E_h, exp. variance=0.0033 E_h^2, pmove=0.36
2026-06-02 22:10:05,399 - Step 03195: -4.4938 E_h, exp. variance=0.0094 E_h^2, pmove=0.37
2026-06-02 22:10:06,062 - Step 03196: -2.9707 E_h, exp. variance=0.2883 E_h^2, pmove=0.37
2026-06-02 22:10:06,738 - Step 03197: -4.7895 E_h, exp. variance=0.2643 E_h^2, pmove=0.36
2026-06-02 22:10:07,400 - Step 03198: -4.8071 E_h, exp. variance=0.2425 E_h^2, pmove=0.36
2026-06-02 22:10:08,063 - Step 03199: -4.7823 E_h, exp. variance=0.2211 E_h^2, pmove=0.36
2026-06-02 22:10:08,726 - Step 03200: -4.8467 E_h, exp. variance=0.2036 E_h^2, pmove=0.36
2026-06-02 22:10:09,389 - Step 03201: -4.8491 E_h, exp. variance=0.1870 E_h^2, pmove=0.37
2026-06-02 22:10:10,055 - Step 03202: -4.8193 E_h, exp. variance=0.1705 E_h^2, pmove=0.36
2026-06-02 22:10:10,718 - Step 03203: 7.3669 E_h, exp. variance=13.2149 E_h^2, pmove=0.36
2026-06-02 22:10:11,381 - Step 03204: -4.8434 E_h, exp. variance=12.0619 E_h^2, pmove=0.36
2026-06-02 22:10:12,044 - Step 03205: -4.8011 E_h, exp. variance=10.9829 E_h^2, pmove=0.37
2026-06-02 22:10:12,711 - Step 03206: -4.7643 E_h, exp. variance=9.9807 E_h^2, pmove=0.36
2026-06-02 22:10:13,374 - Step 03207: -4.8164 E_h, exp. variance=9.0694 E_h^2, pmove=0.36
2026-06-02 22:10:14,037 - Step 03208: -4.7872 E_h, exp. variance=8.2282 E_h^2, pmove=0.36
2026-06-02 22:10:14,699 - Step 03209: -4.8152 E_h, exp. variance=7.4626 E_h^2, pmove=0.37
2026-06-02 22:10:15,364 - Step 03210: -4.7852 E_h, exp. variance=6.7589 E_h^2, pmove=0.36
2026-06-02 22:10:16,029 - Step 03211: -4.7911 E_h, exp. variance=6.1181 E_h^2, pmove=0.37
2026-06-02 22:10:16,693 - Step 03212: -4.8092 E_h, exp. variance=5.5366 E_h^2, pmove=0.36
2026-06-02 22:10:17,356 - Step 03213: -4.8299 E_h, exp. variance=5.0095 E_h^2, pmove=0.37
2026-06-02 22:10:18,019 - Step 03214: -4.7988 E_h, exp. variance=4.5274 E_h^2, pmove=0.37
2026-06-02 22:10:18,684 - Step 03215: -4.8003 E_h, exp. variance=4.0900 E_h^2, pmove=0.36
2026-06-02 22:10:19,348 - Step 03216: -4.7832 E_h, exp. variance=3.6923 E_h^2, pmove=0.36
2026-06-02 22:10:20,012 - Step 03217: -4.7854 E_h, exp. variance=3.3324 E_h^2, pmove=0.36
2026-06-02 22:10:20,676 - Step 03218: -4.7974 E_h, exp. variance=3.0073 E_h^2, pmove=0.37
2026-06-02 22:10:21,339 - Step 03219: -4.8015 E_h, exp. variance=2.7134 E_h^2, pmove=0.36
2026-06-02 22:10:22,003 - Step 03220: -4.7243 E_h, exp. variance=2.4447 E_h^2, pmove=0.36
2026-06-02 22:10:22,666 - Step 03221: -4.8162 E_h, exp. variance=2.2057 E_h^2, pmove=0.36
2026-06-02 22:10:23,329 - Step 03222: -4.8062 E_h, exp. variance=1.9891 E_h^2, pmove=0.36
2026-06-02 22:10:23,993 - Step 03223: -4.8060 E_h, exp. variance=1.7934 E_h^2, pmove=0.36
2026-06-02 22:10:24,657 - Step 03224: -4.7729 E_h, exp. variance=1.6158 E_h^2, pmove=0.36
2026-06-02 22:10:25,320 - Step 03225: -4.8140 E_h, exp. variance=1.4566 E_h^2, pmove=0.36
2026-06-02 22:10:25,983 - Step 03226: -4.7963 E_h, exp. variance=1.3125 E_h^2, pmove=0.36
2026-06-02 22:10:26,647 - Step 03227: -4.7756 E_h, exp. variance=1.1821 E_h^2, pmove=0.36
2026-06-02 22:10:27,309 - Step 03228: -4.7840 E_h, exp. variance=1.0647 E_h^2, pmove=0.36
2026-06-02 22:10:27,974 - Step 03229: -4.8162 E_h, exp. variance=0.9595 E_h^2, pmove=0.36
2026-06-02 22:10:28,637 - Step 03230: -4.8106 E_h, exp. variance=0.8645 E_h^2, pmove=0.36
2026-06-02 22:10:29,303 - Step 03231: -4.8220 E_h, exp. variance=0.7790 E_h^2, pmove=0.37
2026-06-02 22:10:29,967 - Step 03232: -4.8297 E_h, exp. variance=0.7020 E_h^2, pmove=0.36
2026-06-02 22:10:30,632 - Step 03233: -4.8094 E_h, exp. variance=0.6322 E_h^2, pmove=0.37
2026-06-02 22:10:31,296 - Step 03234: -4.8270 E_h, exp. variance=0.5696 E_h^2, pmove=0.36
2026-06-02 22:10:31,959 - Step 03235: -4.8268 E_h, exp. variance=0.5131 E_h^2, pmove=0.36
2026-06-02 22:10:32,622 - Step 03236: -4.8331 E_h, exp. variance=0.4622 E_h^2, pmove=0.36
2026-06-02 22:10:33,287 - Step 03237: -4.8645 E_h, exp. variance=0.4168 E_h^2, pmove=0.36
2026-06-02 22:10:33,952 - Step 03238: -4.8205 E_h, exp. variance=0.3753 E_h^2, pmove=0.36
2026-06-02 22:10:34,616 - Step 03239: -4.8102 E_h, exp. variance=0.3378 E_h^2, pmove=0.36
2026-06-02 22:10:35,281 - Step 03240: -4.5928 E_h, exp. variance=0.3074 E_h^2, pmove=0.36
2026-06-02 22:10:35,943 - Step 03241: -4.8350 E_h, exp. variance=0.2771 E_h^2, pmove=0.36
2026-06-02 22:10:36,607 - Step 03242: -4.8295 E_h, exp. variance=0.2497 E_h^2, pmove=0.36
2026-06-02 22:10:37,271 - Step 03243: -4.7808 E_h, exp. variance=0.2247 E_h^2, pmove=0.36
2026-06-02 22:10:37,932 - Step 03244: -4.8134 E_h, exp. variance=0.2023 E_h^2, pmove=0.36
2026-06-02 22:10:38,595 - Step 03245: -4.8245 E_h, exp. variance=0.1823 E_h^2, pmove=0.36
2026-06-02 22:10:39,258 - Step 03246: -4.7945 E_h, exp. variance=0.1640 E_h^2, pmove=0.37
2026-06-02 22:10:39,922 - Step 03247: -4.8071 E_h, exp. variance=0.1477 E_h^2, pmove=0.37
2026-06-02 22:10:40,585 - Step 03248: -4.8002 E_h, exp. variance=0.1329 E_h^2, pmove=0.36
2026-06-02 22:10:41,248 - Step 03249: -4.8158 E_h, exp. variance=0.1197 E_h^2, pmove=0.36
2026-06-02 22:10:41,912 - Step 03250: -4.8043 E_h, exp. variance=0.1077 E_h^2, pmove=0.36
2026-06-02 22:10:42,576 - Step 03251: -4.8314 E_h, exp. variance=0.0971 E_h^2, pmove=0.36
2026-06-02 22:10:43,239 - Step 03252: -4.8211 E_h, exp. variance=0.0874 E_h^2, pmove=0.36
2026-06-02 22:10:43,901 - Step 03253: -4.8178 E_h, exp. variance=0.0787 E_h^2, pmove=0.36
2026-06-02 22:10:44,565 - Step 03254: -4.7777 E_h, exp. variance=0.0709 E_h^2, pmove=0.36
2026-06-02 22:10:45,230 - Step 03255: -4.8340 E_h, exp. variance=0.0639 E_h^2, pmove=0.37
2026-06-02 22:10:45,894 - Step 03256: -4.8388 E_h, exp. variance=0.0576 E_h^2, pmove=0.36
2026-06-02 22:10:46,556 - Step 03257: -4.8270 E_h, exp. variance=0.0519 E_h^2, pmove=0.37
2026-06-02 22:10:47,219 - Step 03258: -4.8241 E_h, exp. variance=0.0467 E_h^2, pmove=0.36
2026-06-02 22:10:47,885 - Step 03259: -4.8391 E_h, exp. variance=0.0421 E_h^2, pmove=0.36
2026-06-02 22:10:48,548 - Step 03260: -4.8073 E_h, exp. variance=0.0379 E_h^2, pmove=0.37
2026-06-02 22:10:49,210 - Step 03261: -4.8397 E_h, exp. variance=0.0342 E_h^2, pmove=0.36
2026-06-02 22:10:49,872 - Step 03262: -4.8485 E_h, exp. variance=0.0309 E_h^2, pmove=0.36
2026-06-02 22:10:50,536 - Step 03263: -4.8509 E_h, exp. variance=0.0279 E_h^2, pmove=0.36
2026-06-02 22:10:51,199 - Step 03264: -4.8416 E_h, exp. variance=0.0251 E_h^2, pmove=0.36
2026-06-02 22:10:51,862 - Step 03265: -4.8152 E_h, exp. variance=0.0226 E_h^2, pmove=0.36
2026-06-02 22:10:52,524 - Step 03266: -4.8137 E_h, exp. variance=0.0204 E_h^2, pmove=0.36
2026-06-02 22:10:53,187 - Step 03267: -4.7654 E_h, exp. variance=0.0186 E_h^2, pmove=0.37
2026-06-02 22:10:53,851 - Step 03268: -4.8355 E_h, exp. variance=0.0168 E_h^2, pmove=0.36
2026-06-02 22:10:54,513 - Step 03269: -4.8046 E_h, exp. variance=0.0151 E_h^2, pmove=0.36
2026-06-02 22:10:55,175 - Step 03270: -4.8321 E_h, exp. variance=0.0136 E_h^2, pmove=0.36
2026-06-02 22:10:55,836 - Step 03271: -4.8089 E_h, exp. variance=0.0123 E_h^2, pmove=0.37
2026-06-02 22:10:56,502 - Step 03272: -4.7741 E_h, exp. variance=0.0112 E_h^2, pmove=0.36
2026-06-02 22:10:57,167 - Step 03273: -4.8218 E_h, exp. variance=0.0101 E_h^2, pmove=0.36
2026-06-02 22:10:57,831 - Step 03274: -4.7664 E_h, exp. variance=0.0093 E_h^2, pmove=0.36
2026-06-02 22:10:58,493 - Step 03275: -4.8150 E_h, exp. variance=0.0084 E_h^2, pmove=0.36
2026-06-02 22:10:59,158 - Step 03276: -4.8522 E_h, exp. variance=0.0077 E_h^2, pmove=0.37
2026-06-02 22:10:59,821 - Step 03277: -4.7817 E_h, exp. variance=0.0070 E_h^2, pmove=0.36
2026-06-02 22:11:00,483 - Step 03278: -4.6123 E_h, exp. variance=0.0099 E_h^2, pmove=0.36
2026-06-02 22:11:01,144 - Step 03279: -4.8565 E_h, exp. variance=0.0093 E_h^2, pmove=0.36
2026-06-02 22:11:01,808 - Step 03280: -4.8319 E_h, exp. variance=0.0084 E_h^2, pmove=0.36
2026-06-02 22:11:02,468 - Step 03281: -4.8210 E_h, exp. variance=0.0076 E_h^2, pmove=0.36
2026-06-02 22:11:03,129 - Step 03282: -4.7487 E_h, exp. variance=0.0071 E_h^2, pmove=0.36
2026-06-02 22:11:03,801 - Step 03283: -4.7746 E_h, exp. variance=0.0065 E_h^2, pmove=0.36
2026-06-02 22:11:04,463 - Step 03284: -4.8393 E_h, exp. variance=0.0060 E_h^2, pmove=0.36
2026-06-02 22:11:05,126 - Step 03285: -4.8544 E_h, exp. variance=0.0057 E_h^2, pmove=0.36
2026-06-02 22:11:05,787 - Step 03286: -4.8251 E_h, exp. variance=0.0051 E_h^2, pmove=0.37
2026-06-02 22:11:06,447 - Step 03287: -4.8010 E_h, exp. variance=0.0046 E_h^2, pmove=0.37
2026-06-02 22:11:07,108 - Step 03288: -4.7815 E_h, exp. variance=0.0042 E_h^2, pmove=0.36
2026-06-02 22:11:07,772 - Step 03289: -4.7770 E_h, exp. variance=0.0039 E_h^2, pmove=0.36
2026-06-02 22:11:08,432 - Step 03290: -4.8113 E_h, exp. variance=0.0035 E_h^2, pmove=0.36
2026-06-02 22:11:09,094 - Step 03291: -4.8476 E_h, exp. variance=0.0033 E_h^2, pmove=0.37
2026-06-02 22:11:09,756 - Step 03292: -4.8377 E_h, exp. variance=0.0031 E_h^2, pmove=0.36
2026-06-02 22:11:10,420 - Step 03293: -4.8149 E_h, exp. variance=0.0028 E_h^2, pmove=0.36
2026-06-02 22:11:11,082 - Step 03294: -4.7980 E_h, exp. variance=0.0025 E_h^2, pmove=0.36
2026-06-02 22:11:11,743 - Step 03295: -4.8033 E_h, exp. variance=0.0023 E_h^2, pmove=0.36
2026-06-02 22:11:12,404 - Step 03296: -4.7914 E_h, exp. variance=0.0021 E_h^2, pmove=0.37
2026-06-02 22:11:13,066 - Step 03297: -4.7795 E_h, exp. variance=0.0019 E_h^2, pmove=0.36
2026-06-02 22:11:13,730 - Step 03298: -4.8027 E_h, exp. variance=0.0017 E_h^2, pmove=0.36
2026-06-02 22:11:14,392 - Step 03299: -4.8315 E_h, exp. variance=0.0016 E_h^2, pmove=0.36
2026-06-02 22:11:15,053 - Step 03300: -4.8208 E_h, exp. variance=0.0015 E_h^2, pmove=0.36
2026-06-02 22:11:15,715 - Step 03301: -4.8381 E_h, exp. variance=0.0014 E_h^2, pmove=0.37
2026-06-02 22:11:16,380 - Step 03302: -4.8014 E_h, exp. variance=0.0013 E_h^2, pmove=0.36
2026-06-02 22:11:17,042 - Step 03303: -4.4240 E_h, exp. variance=0.0146 E_h^2, pmove=0.36
2026-06-02 22:11:17,704 - Step 03304: -4.7868 E_h, exp. variance=0.0131 E_h^2, pmove=0.36
2026-06-02 22:11:18,367 - Step 03305: -4.7959 E_h, exp. variance=0.0119 E_h^2, pmove=0.36
2026-06-02 22:11:19,032 - Step 03306: -4.3130 E_h, exp. variance=0.0299 E_h^2, pmove=0.36
2026-06-02 22:11:19,696 - Step 03307: -4.8127 E_h, exp. variance=0.0276 E_h^2, pmove=0.37
2026-06-02 22:11:20,358 - Step 03308: -4.8225 E_h, exp. variance=0.0255 E_h^2, pmove=0.36
2026-06-02 22:11:21,020 - Step 03309: -4.7756 E_h, exp. variance=0.0230 E_h^2, pmove=0.36
2026-06-02 22:11:21,687 - Step 03310: -4.8561 E_h, exp. variance=0.0217 E_h^2, pmove=0.36
2026-06-02 22:11:22,349 - Step 03311: -4.4156 E_h, exp. variance=0.0302 E_h^2, pmove=0.37
2026-06-02 22:11:23,012 - Step 03312: -4.8394 E_h, exp. variance=0.0284 E_h^2, pmove=0.36
2026-06-02 22:11:23,675 - Step 03313: -4.7675 E_h, exp. variance=0.0256 E_h^2, pmove=0.36
2026-06-02 22:11:24,339 - Step 03314: -1.9777 E_h, exp. variance=0.7096 E_h^2, pmove=0.36
2026-06-02 22:11:25,004 - Step 03315: -4.8395 E_h, exp. variance=0.6514 E_h^2, pmove=0.36
2026-06-02 22:11:25,667 - Step 03316: -4.7216 E_h, exp. variance=0.5906 E_h^2, pmove=0.36
2026-06-02 22:11:26,330 - Step 03317: -4.8076 E_h, exp. variance=0.5389 E_h^2, pmove=0.36
2026-06-02 22:11:26,993 - Step 03318: -4.8965 E_h, exp. variance=0.4957 E_h^2, pmove=0.36
2026-06-02 22:11:27,659 - Step 03319: -4.8983 E_h, exp. variance=0.4549 E_h^2, pmove=0.36
2026-06-02 22:11:28,322 - Step 03320: -4.8101 E_h, exp. variance=0.4127 E_h^2, pmove=0.36
2026-06-02 22:11:28,985 - Step 03321: -4.3835 E_h, exp. variance=0.3772 E_h^2, pmove=0.36
2026-06-02 22:11:29,647 - Step 03322: -4.7465 E_h, exp. variance=0.3411 E_h^2, pmove=0.36
2026-06-02 22:11:30,311 - Step 03323: -4.7717 E_h, exp. variance=0.3090 E_h^2, pmove=0.37
2026-06-02 22:11:30,976 - Step 03324: -4.8502 E_h, exp. variance=0.2821 E_h^2, pmove=0.37
2026-06-02 22:11:31,639 - Step 03325: -4.8661 E_h, exp. variance=0.2577 E_h^2, pmove=0.36
2026-06-02 22:11:32,302 - Step 03326: -4.8390 E_h, exp. variance=0.2341 E_h^2, pmove=0.37
2026-06-02 22:11:32,966 - Step 03327: -4.7873 E_h, exp. variance=0.2115 E_h^2, pmove=0.36
2026-06-02 22:11:33,630 - Step 03328: -4.8120 E_h, exp. variance=0.1913 E_h^2, pmove=0.36
2026-06-02 22:11:34,294 - Step 03329: -4.8096 E_h, exp. variance=0.1730 E_h^2, pmove=0.36
2026-06-02 22:11:34,957 - Step 03330: -4.7839 E_h, exp. variance=0.1560 E_h^2, pmove=0.36
2026-06-02 22:11:35,621 - Step 03331: -4.7868 E_h, exp. variance=0.1407 E_h^2, pmove=0.36
2026-06-02 22:11:36,285 - Step 03332: -3.4926 E_h, exp. variance=0.2660 E_h^2, pmove=0.36
2026-06-02 22:11:36,947 - Step 03333: -4.7234 E_h, exp. variance=0.2405 E_h^2, pmove=0.36
2026-06-02 22:11:37,610 - Step 03334: -4.6648 E_h, exp. variance=0.2166 E_h^2, pmove=0.36
2026-06-02 22:11:38,272 - Step 03335: -0.8073 E_h, exp. variance=1.5087 E_h^2, pmove=0.36
2026-06-02 22:11:38,935 - Step 03336: -4.8780 E_h, exp. variance=1.3938 E_h^2, pmove=0.36
2026-06-02 22:11:39,598 - Step 03337: -4.8705 E_h, exp. variance=1.2828 E_h^2, pmove=0.36
2026-06-02 22:11:40,261 - Step 03338: -4.8686 E_h, exp. variance=1.1773 E_h^2, pmove=0.36
2026-06-02 22:11:40,924 - Step 03339: -4.8083 E_h, exp. variance=1.0734 E_h^2, pmove=0.36
2026-06-02 22:11:41,588 - Step 03340: -4.8755 E_h, exp. variance=0.9820 E_h^2, pmove=0.36
2026-06-02 22:11:42,252 - Step 03341: -4.8386 E_h, exp. variance=0.8943 E_h^2, pmove=0.36
2026-06-02 22:11:42,915 - Step 03342: -4.8128 E_h, exp. variance=0.8121 E_h^2, pmove=0.36
2026-06-02 22:11:43,578 - Step 03343: -4.8521 E_h, exp. variance=0.7386 E_h^2, pmove=0.36
2026-06-02 22:11:44,241 - Step 03344: -4.8136 E_h, exp. variance=0.6693 E_h^2, pmove=0.37
2026-06-02 22:11:44,906 - Step 03345: -4.8399 E_h, exp. variance=0.6071 E_h^2, pmove=0.36
2026-06-02 22:11:45,569 - Step 03346: -4.8432 E_h, exp. variance=0.5503 E_h^2, pmove=0.37
2026-06-02 22:11:46,232 - Step 03347: -4.8189 E_h, exp. variance=0.4977 E_h^2, pmove=0.36
2026-06-02 22:11:46,895 - Step 03348: -4.8459 E_h, exp. variance=0.4507 E_h^2, pmove=0.36
2026-06-02 22:11:47,559 - Step 03349: -4.7923 E_h, exp. variance=0.4066 E_h^2, pmove=0.36
2026-06-02 22:11:48,222 - Step 03350: -4.8379 E_h, exp. variance=0.3676 E_h^2, pmove=0.36
2026-06-02 22:11:48,885 - Step 03351: -4.8168 E_h, exp. variance=0.3318 E_h^2, pmove=0.36
2026-06-02 22:11:49,547 - Step 03352: -4.8650 E_h, exp. variance=0.3005 E_h^2, pmove=0.36
2026-06-02 22:11:50,213 - Step 03353: -4.8351 E_h, exp. variance=0.2713 E_h^2, pmove=0.36
2026-06-02 22:11:50,875 - Step 03354: -4.7406 E_h, exp. variance=0.2442 E_h^2, pmove=0.36
2026-06-02 22:11:51,538 - Step 03355: -4.8317 E_h, exp. variance=0.2204 E_h^2, pmove=0.36
2026-06-02 22:11:52,202 - Step 03356: -4.8145 E_h, exp. variance=0.1987 E_h^2, pmove=0.37
2026-06-02 22:11:52,865 - Step 03357: -4.8575 E_h, exp. variance=0.1796 E_h^2, pmove=0.37
2026-06-02 22:11:53,528 - Step 03358: -4.8007 E_h, exp. variance=0.1618 E_h^2, pmove=0.36
2026-06-02 22:11:54,191 - Step 03359: -4.7845 E_h, exp. variance=0.1456 E_h^2, pmove=0.36
2026-06-02 22:11:54,855 - Step 03360: -4.3475 E_h, exp. variance=0.1475 E_h^2, pmove=0.36
2026-06-02 22:11:55,518 - Step 03361: -4.8389 E_h, exp. variance=0.1337 E_h^2, pmove=0.36
2026-06-02 22:11:56,183 - Step 03362: -4.8225 E_h, exp. variance=0.1209 E_h^2, pmove=0.36
2026-06-02 22:11:56,847 - Step 03363: -4.8538 E_h, exp. variance=0.1098 E_h^2, pmove=0.36
2026-06-02 22:11:57,512 - Step 03364: -4.8452 E_h, exp. variance=0.0995 E_h^2, pmove=0.36
2026-06-02 22:11:58,177 - Step 03365: -4.8350 E_h, exp. variance=0.0899 E_h^2, pmove=0.36
2026-06-02 22:11:58,843 - Step 03366: -4.8527 E_h, exp. variance=0.0814 E_h^2, pmove=0.36
2026-06-02 22:11:59,506 - Step 03367: -4.7891 E_h, exp. variance=0.0733 E_h^2, pmove=0.37
2026-06-02 22:12:00,171 - Step 03368: -4.8678 E_h, exp. variance=0.0666 E_h^2, pmove=0.36
2026-06-02 22:12:00,835 - Step 03369: -4.8490 E_h, exp. variance=0.0602 E_h^2, pmove=0.36
2026-06-02 22:12:01,501 - Step 03370: -4.8526 E_h, exp. variance=0.0545 E_h^2, pmove=0.37
2026-06-02 22:12:02,164 - Step 03371: -4.7779 E_h, exp. variance=0.0491 E_h^2, pmove=0.36
2026-06-02 22:12:02,827 - Step 03372: -4.7768 E_h, exp. variance=0.0442 E_h^2, pmove=0.36
2026-06-02 22:12:03,493 - Step 03373: -4.8101 E_h, exp. variance=0.0398 E_h^2, pmove=0.36
2026-06-02 22:12:04,156 - Step 03374: -4.8801 E_h, exp. variance=0.0364 E_h^2, pmove=0.37
2026-06-02 22:12:04,822 - Step 03375: -4.8645 E_h, exp. variance=0.0331 E_h^2, pmove=0.36
2026-06-02 22:12:05,485 - Step 03376: -4.8576 E_h, exp. variance=0.0299 E_h^2, pmove=0.36
2026-06-02 22:12:06,148 - Step 03377: -4.8465 E_h, exp. variance=0.0270 E_h^2, pmove=0.37
2026-06-02 22:12:06,812 - Step 03378: -4.8472 E_h, exp. variance=0.0244 E_h^2, pmove=0.36
2026-06-02 22:12:07,480 - Step 03379: -4.8864 E_h, exp. variance=0.0223 E_h^2, pmove=0.37
2026-06-02 22:12:08,147 - Step 03380: -4.8888 E_h, exp. variance=0.0204 E_h^2, pmove=0.37
2026-06-02 22:12:08,809 - Step 03381: -4.9063 E_h, exp. variance=0.0188 E_h^2, pmove=0.37
2026-06-02 22:12:09,474 - Step 03382: -4.8534 E_h, exp. variance=0.0169 E_h^2, pmove=0.36
2026-06-02 22:12:10,141 - Step 03383: -4.8553 E_h, exp. variance=0.0152 E_h^2, pmove=0.37
2026-06-02 22:12:10,804 - Step 03384: -4.8000 E_h, exp. variance=0.0139 E_h^2, pmove=0.37
2026-06-02 22:12:11,465 - Step 03385: -4.8865 E_h, exp. variance=0.0127 E_h^2, pmove=0.36
2026-06-02 22:12:12,127 - Step 03386: -4.9007 E_h, exp. variance=0.0117 E_h^2, pmove=0.36
2026-06-02 22:12:12,791 - Step 03387: -4.8711 E_h, exp. variance=0.0106 E_h^2, pmove=0.36
2026-06-02 22:12:13,453 - Step 03388: -4.8769 E_h, exp. variance=0.0096 E_h^2, pmove=0.37
2026-06-02 22:12:14,116 - Step 03389: -4.8706 E_h, exp. variance=0.0086 E_h^2, pmove=0.36
2026-06-02 22:12:14,778 - Step 03390: -4.8725 E_h, exp. variance=0.0078 E_h^2, pmove=0.37
2026-06-02 22:12:15,451 - Step 03391: 13.5583 E_h, exp. variance=30.5321 E_h^2, pmove=0.37
2026-06-02 22:12:16,117 - Step 03392: -4.8788 E_h, exp. variance=27.7910 E_h^2, pmove=0.37
2026-06-02 22:12:16,780 - Step 03393: -4.9079 E_h, exp. variance=25.2736 E_h^2, pmove=0.36
2026-06-02 22:12:17,443 - Step 03394: -4.8893 E_h, exp. variance=22.9531 E_h^2, pmove=0.37
2026-06-02 22:12:18,107 - Step 03395: -4.8738 E_h, exp. variance=20.8215 E_h^2, pmove=0.37
2026-06-02 22:12:18,773 - Step 03396: -4.8715 E_h, exp. variance=18.8715 E_h^2, pmove=0.36
2026-06-02 22:12:19,435 - Step 03397: -4.9002 E_h, exp. variance=17.0971 E_h^2, pmove=0.37
2026-06-02 22:12:20,096 - Step 03398: -4.9032 E_h, exp. variance=15.4793 E_h^2, pmove=0.36
2026-06-02 22:12:20,757 - Step 03399: -4.9003 E_h, exp. variance=14.0053 E_h^2, pmove=0.36
2026-06-02 22:12:21,423 - Step 03400: 4.2753 E_h, exp. variance=18.8946 E_h^2, pmove=0.37
2026-06-02 22:12:22,085 - Step 03401: -4.8711 E_h, exp. variance=17.2421 E_h^2, pmove=0.37
2026-06-02 22:12:22,747 - Step 03402: -4.9020 E_h, exp. variance=15.7180 E_h^2, pmove=0.36
2026-06-02 22:12:23,408 - Step 03403: -4.8704 E_h, exp. variance=14.3008 E_h^2, pmove=0.36
2026-06-02 22:12:24,068 - Step 03404: -4.8333 E_h, exp. variance=12.9882 E_h^2, pmove=0.37
2026-06-02 22:12:24,733 - Step 03405: -4.9109 E_h, exp. variance=11.7994 E_h^2, pmove=0.36
2026-06-02 22:12:25,394 - Step 03406: -4.9034 E_h, exp. variance=10.7072 E_h^2, pmove=0.37
2026-06-02 22:12:26,056 - Step 03407: -4.9033 E_h, exp. variance=9.7076 E_h^2, pmove=0.37
2026-06-02 22:12:26,717 - Step 03408: -3.4514 E_h, exp. variance=8.7751 E_h^2, pmove=0.36
2026-06-02 22:12:27,382 - Step 03409: -4.8916 E_h, exp. variance=7.9631 E_h^2, pmove=0.36
2026-06-02 22:12:28,044 - Step 03410: -4.8899 E_h, exp. variance=7.2197 E_h^2, pmove=0.36
2026-06-02 22:12:28,705 - Step 03411: -4.8536 E_h, exp. variance=6.5361 E_h^2, pmove=0.37
2026-06-02 22:12:29,367 - Step 03412: -4.8933 E_h, exp. variance=5.9180 E_h^2, pmove=0.37
2026-06-02 22:12:30,031 - Step 03413: -4.8828 E_h, exp. variance=5.3538 E_h^2, pmove=0.36
2026-06-02 22:12:30,692 - Step 03414: -4.8582 E_h, exp. variance=4.8387 E_h^2, pmove=0.36
2026-06-02 22:12:31,352 - Step 03415: -4.8629 E_h, exp. variance=4.3716 E_h^2, pmove=0.37
2026-06-02 22:12:32,014 - Step 03416: -4.8184 E_h, exp. variance=3.9451 E_h^2, pmove=0.36
2026-06-02 22:12:32,677 - Step 03417: -4.8848 E_h, exp. variance=3.5633 E_h^2, pmove=0.37
2026-06-02 22:12:33,340 - Step 03418: -4.8572 E_h, exp. variance=3.2157 E_h^2, pmove=0.36
2026-06-02 22:12:34,001 - Step 03419: -4.8899 E_h, exp. variance=2.9029 E_h^2, pmove=0.36
2026-06-02 22:12:34,662 - Step 03420: -4.2678 E_h, exp. variance=2.6231 E_h^2, pmove=0.36
2026-06-02 22:12:35,323 - Step 03421: -4.8357 E_h, exp. variance=2.3669 E_h^2, pmove=0.36
2026-06-02 22:12:35,986 - Step 03422: -4.6696 E_h, exp. variance=2.1306 E_h^2, pmove=0.36
2026-06-02 22:12:36,648 - Step 03423: -4.8033 E_h, exp. variance=1.9210 E_h^2, pmove=0.36
2026-06-02 22:12:37,308 - Step 03424: -4.8485 E_h, exp. variance=1.7333 E_h^2, pmove=0.37
2026-06-02 22:12:37,967 - Step 03425: -4.8581 E_h, exp. variance=1.5639 E_h^2, pmove=0.36
2026-06-02 22:12:38,631 - Step 03426: -4.8696 E_h, exp. variance=1.4111 E_h^2, pmove=0.36
2026-06-02 22:12:39,294 - Step 03427: -4.8759 E_h, exp. variance=1.2731 E_h^2, pmove=0.36
2026-06-02 22:12:39,955 - Step 03428: -4.8712 E_h, exp. variance=1.1482 E_h^2, pmove=0.36
2026-06-02 22:12:40,617 - Step 03429: -4.8171 E_h, exp. variance=1.0341 E_h^2, pmove=0.36
2026-06-02 22:12:41,278 - Step 03430: -4.8875 E_h, exp. variance=0.9328 E_h^2, pmove=0.37
2026-06-02 22:12:41,939 - Step 03431: -4.8807 E_h, exp. variance=0.8411 E_h^2, pmove=0.36
2026-06-02 22:12:42,600 - Step 03432: -4.8856 E_h, exp. variance=0.7583 E_h^2, pmove=0.36
2026-06-02 22:12:43,260 - Step 03433: -4.9074 E_h, exp. variance=0.6841 E_h^2, pmove=0.36
2026-06-02 22:12:43,922 - Step 03434: -4.8971 E_h, exp. variance=0.6167 E_h^2, pmove=0.36
2026-06-02 22:12:44,584 - Step 03435: -4.8829 E_h, exp. variance=0.5557 E_h^2, pmove=0.36
2026-06-02 22:12:45,247 - Step 03436: -4.8910 E_h, exp. variance=0.5008 E_h^2, pmove=0.36
2026-06-02 22:12:45,907 - Step 03437: -4.8587 E_h, exp. variance=0.4508 E_h^2, pmove=0.36
2026-06-02 22:12:46,568 - Step 03438: -4.8717 E_h, exp. variance=0.4060 E_h^2, pmove=0.36
2026-06-02 22:12:47,228 - Step 03439: -4.8723 E_h, exp. variance=0.3656 E_h^2, pmove=0.36
2026-06-02 22:12:47,889 - Step 03440: -4.8854 E_h, exp. variance=0.3293 E_h^2, pmove=0.36
2026-06-02 22:12:48,550 - Step 03441: -4.9088 E_h, exp. variance=0.2969 E_h^2, pmove=0.36
2026-06-02 22:12:49,211 - Step 03442: -4.8816 E_h, exp. variance=0.2673 E_h^2, pmove=0.36
2026-06-02 22:12:49,874 - Step 03443: -4.8987 E_h, exp. variance=0.2408 E_h^2, pmove=0.36
2026-06-02 22:12:50,536 - Step 03444: -4.8365 E_h, exp. variance=0.2168 E_h^2, pmove=0.36
2026-06-02 22:12:51,198 - Step 03445: -4.8898 E_h, exp. variance=0.1952 E_h^2, pmove=0.37
2026-06-02 22:12:51,859 - Step 03446: -4.9034 E_h, exp. variance=0.1759 E_h^2, pmove=0.37
2026-06-02 22:12:52,521 - Step 03447: -4.8261 E_h, exp. variance=0.1584 E_h^2, pmove=0.36
2026-06-02 22:12:53,184 - Step 03448: -4.8075 E_h, exp. variance=0.1428 E_h^2, pmove=0.36
2026-06-02 22:12:53,845 - Step 03449: -4.8664 E_h, exp. variance=0.1285 E_h^2, pmove=0.36
2026-06-02 22:12:54,507 - Step 03450: -4.8546 E_h, exp. variance=0.1157 E_h^2, pmove=0.36
2026-06-02 22:12:55,168 - Step 03451: -4.9107 E_h, exp. variance=0.1044 E_h^2, pmove=0.36
2026-06-02 22:12:55,832 - Step 03452: -4.8707 E_h, exp. variance=0.0940 E_h^2, pmove=0.36
2026-06-02 22:12:56,494 - Step 03453: -4.8382 E_h, exp. variance=0.0846 E_h^2, pmove=0.37
2026-06-02 22:12:57,156 - Step 03454: -4.9045 E_h, exp. variance=0.0764 E_h^2, pmove=0.36
2026-06-02 22:12:57,818 - Step 03455: -4.8753 E_h, exp. variance=0.0687 E_h^2, pmove=0.36
2026-06-02 22:12:58,480 - Step 03456: -4.8510 E_h, exp. variance=0.0619 E_h^2, pmove=0.37
2026-06-02 22:12:59,141 - Step 03457: -4.8866 E_h, exp. variance=0.0557 E_h^2, pmove=0.36
2026-06-02 22:12:59,802 - Step 03458: -4.8955 E_h, exp. variance=0.0503 E_h^2, pmove=0.37
2026-06-02 22:13:00,464 - Step 03459: -4.9028 E_h, exp. variance=0.0453 E_h^2, pmove=0.36
2026-06-02 22:13:01,127 - Step 03460: -4.8417 E_h, exp. variance=0.0409 E_h^2, pmove=0.37
2026-06-02 22:13:01,789 - Step 03461: -4.8936 E_h, exp. variance=0.0369 E_h^2, pmove=0.37
2026-06-02 22:13:02,449 - Step 03462: -4.8492 E_h, exp. variance=0.0332 E_h^2, pmove=0.37
2026-06-02 22:13:03,112 - Step 03463: -4.8547 E_h, exp. variance=0.0299 E_h^2, pmove=0.37
2026-06-02 22:13:03,772 - Step 03464: -4.8802 E_h, exp. variance=0.0269 E_h^2, pmove=0.36
2026-06-02 22:13:04,434 - Step 03465: -4.8660 E_h, exp. variance=0.0242 E_h^2, pmove=0.36
2026-06-02 22:13:05,094 - Step 03466: -4.9310 E_h, exp. variance=0.0222 E_h^2, pmove=0.36
2026-06-02 22:13:05,756 - Step 03467: -4.9089 E_h, exp. variance=0.0201 E_h^2, pmove=0.36
2026-06-02 22:13:06,416 - Step 03468: -4.9009 E_h, exp. variance=0.0181 E_h^2, pmove=0.36
2026-06-02 22:13:07,079 - Step 03469: -4.9284 E_h, exp. variance=0.0165 E_h^2, pmove=0.36
2026-06-02 22:13:07,740 - Step 03470: -4.9008 E_h, exp. variance=0.0149 E_h^2, pmove=0.37
2026-06-02 22:13:08,402 - Step 03471: -4.9195 E_h, exp. variance=0.0135 E_h^2, pmove=0.37
2026-06-02 22:13:09,064 - Step 03472: -4.9070 E_h, exp. variance=0.0122 E_h^2, pmove=0.37
2026-06-02 22:13:09,728 - Step 03473: -4.9258 E_h, exp. variance=0.0110 E_h^2, pmove=0.36
2026-06-02 22:13:10,389 - Step 03474: -4.8827 E_h, exp. variance=0.0100 E_h^2, pmove=0.36
2026-06-02 22:13:11,050 - Step 03475: -4.9310 E_h, exp. variance=0.0091 E_h^2, pmove=0.36
2026-06-02 22:13:11,711 - Step 03476: -4.9008 E_h, exp. variance=0.0082 E_h^2, pmove=0.36
2026-06-02 22:13:12,372 - Step 03477: -4.8306 E_h, exp. variance=0.0078 E_h^2, pmove=0.37
2026-06-02 22:13:13,036 - Step 03478: -4.8672 E_h, exp. variance=0.0070 E_h^2, pmove=0.37
2026-06-02 22:13:13,699 - Step 03479: -4.8785 E_h, exp. variance=0.0063 E_h^2, pmove=0.37
2026-06-02 22:13:14,362 - Step 03480: -4.9223 E_h, exp. variance=0.0058 E_h^2, pmove=0.36
2026-06-02 22:13:15,025 - Step 03481: -4.9162 E_h, exp. variance=0.0053 E_h^2, pmove=0.37
2026-06-02 22:13:15,691 - Step 03482: -4.8953 E_h, exp. variance=0.0048 E_h^2, pmove=0.37
2026-06-02 22:13:16,353 - Step 03483: -4.9182 E_h, exp. variance=0.0043 E_h^2, pmove=0.37
2026-06-02 22:13:17,016 - Step 03484: -4.9199 E_h, exp. variance=0.0040 E_h^2, pmove=0.37
2026-06-02 22:13:17,687 - Step 03485: -4.9154 E_h, exp. variance=0.0036 E_h^2, pmove=0.36
2026-06-02 22:13:18,354 - Step 03486: -4.9065 E_h, exp. variance=0.0032 E_h^2, pmove=0.36
2026-06-02 22:13:19,020 - Step 03487: -4.9101 E_h, exp. variance=0.0029 E_h^2, pmove=0.36
2026-06-02 22:13:19,682 - Step 03488: -4.8983 E_h, exp. variance=0.0026 E_h^2, pmove=0.37
2026-06-02 22:13:20,345 - Step 03489: -4.9109 E_h, exp. variance=0.0024 E_h^2, pmove=0.37
2026-06-02 22:13:21,011 - Step 03490: -4.9101 E_h, exp. variance=0.0021 E_h^2, pmove=0.36
2026-06-02 22:13:21,676 - Step 03491: -4.8779 E_h, exp. variance=0.0020 E_h^2, pmove=0.37
2026-06-02 22:13:22,338 - Step 03492: -4.8942 E_h, exp. variance=0.0018 E_h^2, pmove=0.37
2026-06-02 22:13:23,001 - Step 03493: -4.8694 E_h, exp. variance=0.0017 E_h^2, pmove=0.36
2026-06-02 22:13:23,663 - Step 03494: -4.8873 E_h, exp. variance=0.0015 E_h^2, pmove=0.37
2026-06-02 22:13:24,328 - Step 03495: -4.8209 E_h, exp. variance=0.0019 E_h^2, pmove=0.36
2026-06-02 22:13:24,991 - Step 03496: -4.6750 E_h, exp. variance=0.0058 E_h^2, pmove=0.37
2026-06-02 22:13:25,653 - Step 03497: -4.8575 E_h, exp. variance=0.0052 E_h^2, pmove=0.36
2026-06-02 22:13:26,316 - Step 03498: -4.8436 E_h, exp. variance=0.0048 E_h^2, pmove=0.36
2026-06-02 22:13:26,992 - Step 03499: -4.8942 E_h, exp. variance=0.0044 E_h^2, pmove=0.36
2026-06-02 22:13:27,654 - Step 03500: -4.8591 E_h, exp. variance=0.0039 E_h^2, pmove=0.36
2026-06-02 22:13:28,317 - Step 03501: -4.8814 E_h, exp. variance=0.0036 E_h^2, pmove=0.37
2026-06-02 22:13:28,979 - Step 03502: -4.8714 E_h, exp. variance=0.0032 E_h^2, pmove=0.37
2026-06-02 22:13:29,644 - Step 03503: -4.9114 E_h, exp. variance=0.0031 E_h^2, pmove=0.36
2026-06-02 22:13:30,306 - Step 03504: -4.8831 E_h, exp. variance=0.0028 E_h^2, pmove=0.37
2026-06-02 22:13:30,969 - Step 03505: -4.8933 E_h, exp. variance=0.0025 E_h^2, pmove=0.36
2026-06-02 22:13:31,632 - Step 03506: -4.9350 E_h, exp. variance=0.0026 E_h^2, pmove=0.36
2026-06-02 22:13:32,294 - Step 03507: -4.8579 E_h, exp. variance=0.0024 E_h^2, pmove=0.36
2026-06-02 22:13:32,960 - Step 03508: -4.8586 E_h, exp. variance=0.0022 E_h^2, pmove=0.36
2026-06-02 22:13:33,622 - Step 03509: -4.8342 E_h, exp. variance=0.0021 E_h^2, pmove=0.36
2026-06-02 22:13:34,284 - Step 03510: -4.8944 E_h, exp. variance=0.0020 E_h^2, pmove=0.36
2026-06-02 22:13:34,947 - Step 03511: -4.8928 E_h, exp. variance=0.0018 E_h^2, pmove=0.36
2026-06-02 22:13:35,612 - Step 03512: -4.8937 E_h, exp. variance=0.0016 E_h^2, pmove=0.36
2026-06-02 22:13:36,275 - Step 03513: -4.8827 E_h, exp. variance=0.0015 E_h^2, pmove=0.36
2026-06-02 22:13:36,939 - Step 03514: -4.9350 E_h, exp. variance=0.0016 E_h^2, pmove=0.36
2026-06-02 22:13:37,602 - Step 03515: -4.9032 E_h, exp. variance=0.0015 E_h^2, pmove=0.36
2026-06-02 22:13:38,269 - Step 03516: -4.8723 E_h, exp. variance=0.0013 E_h^2, pmove=0.36
2026-06-02 22:13:38,932 - Step 03517: -4.9184 E_h, exp. variance=0.0013 E_h^2, pmove=0.36
2026-06-02 22:13:39,595 - Step 03518: -4.8904 E_h, exp. variance=0.0012 E_h^2, pmove=0.36
2026-06-02 22:13:40,257 - Step 03519: -4.8958 E_h, exp. variance=0.0011 E_h^2, pmove=0.36
2026-06-02 22:13:40,922 - Step 03520: -4.9069 E_h, exp. variance=0.0010 E_h^2, pmove=0.36
2026-06-02 22:13:41,585 - Step 03521: -4.8880 E_h, exp. variance=0.0009 E_h^2, pmove=0.36
2026-06-02 22:13:42,248 - Step 03522: -4.9015 E_h, exp. variance=0.0008 E_h^2, pmove=0.36
2026-06-02 22:13:42,911 - Step 03523: -4.8956 E_h, exp. variance=0.0007 E_h^2, pmove=0.36
2026-06-02 22:13:43,576 - Step 03524: -4.9279 E_h, exp. variance=0.0008 E_h^2, pmove=0.36
2026-06-02 22:13:44,242 - Step 03525: -4.9159 E_h, exp. variance=0.0007 E_h^2, pmove=0.36
2026-06-02 22:13:44,906 - Step 03526: -4.9229 E_h, exp. variance=0.0007 E_h^2, pmove=0.36
2026-06-02 22:13:45,569 - Step 03527: -4.9429 E_h, exp. variance=0.0008 E_h^2, pmove=0.36
2026-06-02 22:13:46,232 - Step 03528: -4.8585 E_h, exp. variance=0.0009 E_h^2, pmove=0.36
2026-06-02 22:13:46,899 - Step 03529: -4.8489 E_h, exp. variance=0.0011 E_h^2, pmove=0.36
2026-06-02 22:13:47,561 - Step 03530: -4.8765 E_h, exp. variance=0.0010 E_h^2, pmove=0.36
2026-06-02 22:13:48,224 - Step 03531: -4.8506 E_h, exp. variance=0.0010 E_h^2, pmove=0.37
2026-06-02 22:13:48,886 - Step 03532: -4.8873 E_h, exp. variance=0.0009 E_h^2, pmove=0.37
2026-06-02 22:13:49,552 - Step 03533: -4.7824 E_h, exp. variance=0.0019 E_h^2, pmove=0.36
2026-06-02 22:13:50,216 - Step 03534: -3.9410 E_h, exp. variance=0.0807 E_h^2, pmove=0.37
2026-06-02 22:13:50,880 - Step 03535: -4.8754 E_h, exp. variance=0.0734 E_h^2, pmove=0.36
2026-06-02 22:13:51,543 - Step 03536: -4.8809 E_h, exp. variance=0.0667 E_h^2, pmove=0.37
2026-06-02 22:13:52,206 - Step 03537: -4.8881 E_h, exp. variance=0.0607 E_h^2, pmove=0.37
2026-06-02 22:13:52,871 - Step 03538: -4.7615 E_h, exp. variance=0.0549 E_h^2, pmove=0.37
2026-06-02 22:13:53,534 - Step 03539: -4.6126 E_h, exp. variance=0.0527 E_h^2, pmove=0.37
2026-06-02 22:13:54,198 - Step 03540: -2.3505 E_h, exp. variance=0.5815 E_h^2, pmove=0.36
2026-06-02 22:13:54,861 - Step 03541: -4.9014 E_h, exp. variance=0.5349 E_h^2, pmove=0.37
2026-06-02 22:13:55,526 - Step 03542: -4.8834 E_h, exp. variance=0.4898 E_h^2, pmove=0.37
2026-06-02 22:13:56,189 - Step 03543: -4.8864 E_h, exp. variance=0.4477 E_h^2, pmove=0.36
2026-06-02 22:13:56,855 - Step 03544: -4.8951 E_h, exp. variance=0.4089 E_h^2, pmove=0.37
2026-06-02 22:13:57,517 - Step 03545: -4.9122 E_h, exp. variance=0.3737 E_h^2, pmove=0.36
2026-06-02 22:13:58,180 - Step 03546: -4.9542 E_h, exp. variance=0.3427 E_h^2, pmove=0.37
2026-06-02 22:13:58,843 - Step 03547: -4.9623 E_h, exp. variance=0.3139 E_h^2, pmove=0.36
2026-06-02 22:13:59,506 - Step 03548: -4.9814 E_h, exp. variance=0.2878 E_h^2, pmove=0.36
2026-06-02 22:14:00,171 - Step 03549: -4.9898 E_h, exp. variance=0.2637 E_h^2, pmove=0.36
2026-06-02 22:14:00,836 - Step 03550: -4.9314 E_h, exp. variance=0.2392 E_h^2, pmove=0.37
2026-06-02 22:14:01,500 - Step 03551: -4.9141 E_h, exp. variance=0.2164 E_h^2, pmove=0.36
2026-06-02 22:14:02,163 - Step 03552: -4.8587 E_h, exp. variance=0.1950 E_h^2, pmove=0.37
2026-06-02 22:14:02,826 - Step 03553: -4.9196 E_h, exp. variance=0.1765 E_h^2, pmove=0.36
2026-06-02 22:14:03,488 - Step 03554: -4.8991 E_h, exp. variance=0.1593 E_h^2, pmove=0.37
2026-06-02 22:14:04,152 - Step 03555: -4.8976 E_h, exp. variance=0.1437 E_h^2, pmove=0.36
2026-06-02 22:14:04,821 - Step 03556: -4.8992 E_h, exp. variance=0.1296 E_h^2, pmove=0.37
2026-06-02 22:14:05,484 - Step 03557: -4.8665 E_h, exp. variance=0.1167 E_h^2, pmove=0.37
2026-06-02 22:14:06,147 - Step 03558: -4.9118 E_h, exp. variance=0.1054 E_h^2, pmove=0.36
2026-06-02 22:14:06,810 - Step 03559: -4.9597 E_h, exp. variance=0.0959 E_h^2, pmove=0.36
2026-06-02 22:14:07,473 - Step 03560: -4.9204 E_h, exp. variance=0.0865 E_h^2, pmove=0.37
2026-06-02 22:14:08,136 - Step 03561: -4.9150 E_h, exp. variance=0.0781 E_h^2, pmove=0.36
2026-06-02 22:14:08,800 - Step 03562: -4.8383 E_h, exp. variance=0.0704 E_h^2, pmove=0.36
2026-06-02 22:14:09,464 - Step 03563: -4.9076 E_h, exp. variance=0.0635 E_h^2, pmove=0.36
2026-06-02 22:14:10,127 - Step 03564: -3.1851 E_h, exp. variance=0.3141 E_h^2, pmove=0.36
2026-06-02 22:14:10,790 - Step 03565: -4.8854 E_h, exp. variance=0.2856 E_h^2, pmove=0.36
2026-06-02 22:14:11,453 - Step 03566: -4.8796 E_h, exp. variance=0.2592 E_h^2, pmove=0.36
2026-06-02 22:14:12,117 - Step 03567: -4.9523 E_h, exp. variance=0.2374 E_h^2, pmove=0.36
2026-06-02 22:14:12,781 - Step 03568: -4.9162 E_h, exp. variance=0.2158 E_h^2, pmove=0.36
2026-06-02 22:14:13,444 - Step 03569: -4.9276 E_h, exp. variance=0.1963 E_h^2, pmove=0.36
2026-06-02 22:14:14,107 - Step 03570: -4.9564 E_h, exp. variance=0.1791 E_h^2, pmove=0.36
2026-06-02 22:14:14,770 - Step 03571: -4.9312 E_h, exp. variance=0.1626 E_h^2, pmove=0.36
2026-06-02 22:14:15,434 - Step 03572: -4.8787 E_h, exp. variance=0.1466 E_h^2, pmove=0.36
2026-06-02 22:14:16,096 - Step 03573: -4.9063 E_h, exp. variance=0.1325 E_h^2, pmove=0.36
2026-06-02 22:14:16,760 - Step 03574: -4.9327 E_h, exp. variance=0.1202 E_h^2, pmove=0.36
2026-06-02 22:14:17,422 - Step 03575: -4.7020 E_h, exp. variance=0.1100 E_h^2, pmove=0.37
2026-06-02 22:14:18,087 - Step 03576: -4.9270 E_h, exp. variance=0.0998 E_h^2, pmove=0.37
2026-06-02 22:14:18,749 - Step 03577: -4.9480 E_h, exp. variance=0.0909 E_h^2, pmove=0.37
2026-06-02 22:14:19,412 - Step 03578: -4.9159 E_h, exp. variance=0.0822 E_h^2, pmove=0.37
2026-06-02 22:14:20,077 - Step 03579: -4.8986 E_h, exp. variance=0.0741 E_h^2, pmove=0.36
2026-06-02 22:14:20,743 - Step 03580: -4.9260 E_h, exp. variance=0.0671 E_h^2, pmove=0.36
2026-06-02 22:14:21,407 - Step 03581: -4.9127 E_h, exp. variance=0.0606 E_h^2, pmove=0.36
2026-06-02 22:14:22,070 - Step 03582: -4.9375 E_h, exp. variance=0.0549 E_h^2, pmove=0.36
2026-06-02 22:14:22,733 - Step 03583: -4.9242 E_h, exp. variance=0.0496 E_h^2, pmove=0.36
2026-06-02 22:14:23,397 - Step 03584: -4.9530 E_h, exp. variance=0.0451 E_h^2, pmove=0.37
2026-06-02 22:14:24,063 - Step 03585: -4.9192 E_h, exp. variance=0.0406 E_h^2, pmove=0.36
2026-06-02 22:14:24,727 - Step 03586: -4.8906 E_h, exp. variance=0.0366 E_h^2, pmove=0.36
2026-06-02 22:14:25,390 - Step 03587: -4.9038 E_h, exp. variance=0.0329 E_h^2, pmove=0.36
2026-06-02 22:14:26,054 - Step 03588: -4.9031 E_h, exp. variance=0.0296 E_h^2, pmove=0.37
2026-06-02 22:14:26,721 - Step 03589: -4.9139 E_h, exp. variance=0.0267 E_h^2, pmove=0.36
2026-06-02 22:14:27,384 - Step 03590: -4.9191 E_h, exp. variance=0.0241 E_h^2, pmove=0.36
2026-06-02 22:14:28,047 - Step 03591: -4.9314 E_h, exp. variance=0.0218 E_h^2, pmove=0.36
2026-06-02 22:14:28,711 - Step 03592: -4.9746 E_h, exp. variance=0.0201 E_h^2, pmove=0.36
2026-06-02 22:14:29,377 - Step 03593: -4.9516 E_h, exp. variance=0.0182 E_h^2, pmove=0.37
2026-06-02 22:14:30,044 - Step 03594: -4.9260 E_h, exp. variance=0.0164 E_h^2, pmove=0.36
2026-06-02 22:14:30,708 - Step 03595: -4.8903 E_h, exp. variance=0.0148 E_h^2, pmove=0.37
2026-06-02 22:14:31,370 - Step 03596: -4.9345 E_h, exp. variance=0.0134 E_h^2, pmove=0.37
2026-06-02 22:14:32,035 - Step 03597: -4.9359 E_h, exp. variance=0.0121 E_h^2, pmove=0.37
2026-06-02 22:14:32,701 - Step 03598: -4.8774 E_h, exp. variance=0.0110 E_h^2, pmove=0.36
2026-06-02 22:14:33,365 - Step 03599: -4.9249 E_h, exp. variance=0.0099 E_h^2, pmove=0.36
2026-06-02 22:14:34,028 - Step 03600: -4.8787 E_h, exp. variance=0.0090 E_h^2, pmove=0.36
2026-06-02 22:14:34,692 - Step 03601: -4.9139 E_h, exp. variance=0.0081 E_h^2, pmove=0.36
2026-06-02 22:14:35,357 - Step 03602: -4.9317 E_h, exp. variance=0.0074 E_h^2, pmove=0.36
2026-06-02 22:14:36,020 - Step 03603: -4.9115 E_h, exp. variance=0.0066 E_h^2, pmove=0.36
2026-06-02 22:14:36,683 - Step 03604: -4.9099 E_h, exp. variance=0.0060 E_h^2, pmove=0.37
2026-06-02 22:14:37,346 - Step 03605: -4.8863 E_h, exp. variance=0.0054 E_h^2, pmove=0.36
2026-06-02 22:14:38,012 - Step 03606: -4.7363 E_h, exp. variance=0.0076 E_h^2, pmove=0.36
2026-06-02 22:14:38,685 - Step 03607: -4.9290 E_h, exp. variance=0.0070 E_h^2, pmove=0.37
2026-06-02 22:14:39,348 - Step 03608: -4.9189 E_h, exp. variance=0.0063 E_h^2, pmove=0.36
2026-06-02 22:14:40,011 - Step 03609: -4.9451 E_h, exp. variance=0.0059 E_h^2, pmove=0.36
2026-06-02 22:14:40,676 - Step 03610: -4.9234 E_h, exp. variance=0.0053 E_h^2, pmove=0.37
2026-06-02 22:14:41,338 - Step 03611: -4.9327 E_h, exp. variance=0.0049 E_h^2, pmove=0.36
2026-06-02 22:14:42,001 - Step 03612: -4.9635 E_h, exp. variance=0.0047 E_h^2, pmove=0.37
2026-06-02 22:14:42,665 - Step 03613: -4.9366 E_h, exp. variance=0.0042 E_h^2, pmove=0.37
2026-06-02 22:14:43,326 - Step 03614: -4.9254 E_h, exp. variance=0.0038 E_h^2, pmove=0.36
2026-06-02 22:14:43,991 - Step 03615: -4.9180 E_h, exp. variance=0.0034 E_h^2, pmove=0.37
2026-06-02 22:14:44,654 - Step 03616: -4.9276 E_h, exp. variance=0.0031 E_h^2, pmove=0.36
2026-06-02 22:14:45,317 - Step 03617: -4.9268 E_h, exp. variance=0.0028 E_h^2, pmove=0.37
2026-06-02 22:14:45,980 - Step 03618: -4.9177 E_h, exp. variance=0.0025 E_h^2, pmove=0.36
2026-06-02 22:14:46,645 - Step 03619: -4.9733 E_h, exp. variance=0.0025 E_h^2, pmove=0.37
2026-06-02 22:14:47,307 - Step 03620: -4.8952 E_h, exp. variance=0.0024 E_h^2, pmove=0.37
2026-06-02 22:14:47,970 - Step 03621: -4.9375 E_h, exp. variance=0.0021 E_h^2, pmove=0.37
2026-06-02 22:14:48,633 - Step 03622: -4.9405 E_h, exp. variance=0.0020 E_h^2, pmove=0.37
2026-06-02 22:14:49,298 - Step 03623: -4.9296 E_h, exp. variance=0.0018 E_h^2, pmove=0.37
2026-06-02 22:14:49,962 - Step 03624: -4.9245 E_h, exp. variance=0.0016 E_h^2, pmove=0.37
2026-06-02 22:14:50,626 - Step 03625: -4.9163 E_h, exp. variance=0.0014 E_h^2, pmove=0.37
2026-06-02 22:14:51,288 - Step 03626: -4.8859 E_h, exp. variance=0.0014 E_h^2, pmove=0.37
2026-06-02 22:14:51,954 - Step 03627: -4.9266 E_h, exp. variance=0.0013 E_h^2, pmove=0.36
2026-06-02 22:14:52,618 - Step 03628: -4.8749 E_h, exp. variance=0.0014 E_h^2, pmove=0.36
2026-06-02 22:14:53,280 - Step 03629: -4.9218 E_h, exp. variance=0.0012 E_h^2, pmove=0.36
2026-06-02 22:14:53,944 - Step 03630: -4.9019 E_h, exp. variance=0.0011 E_h^2, pmove=0.37
2026-06-02 22:14:54,607 - Step 03631: -4.9495 E_h, exp. variance=0.0011 E_h^2, pmove=0.37
2026-06-02 22:14:55,273 - Step 03632: -4.9127 E_h, exp. variance=0.0010 E_h^2, pmove=0.36
2026-06-02 22:14:55,936 - Step 03633: -4.9111 E_h, exp. variance=0.0009 E_h^2, pmove=0.36
2026-06-02 22:14:56,601 - Step 03634: -4.8823 E_h, exp. variance=0.0009 E_h^2, pmove=0.37
2026-06-02 22:14:57,264 - Step 03635: -4.9402 E_h, exp. variance=0.0009 E_h^2, pmove=0.37
2026-06-02 22:14:57,931 - Step 03636: -4.9101 E_h, exp. variance=0.0008 E_h^2, pmove=0.37
2026-06-02 22:14:58,594 - Step 03637: -4.8829 E_h, exp. variance=0.0008 E_h^2, pmove=0.36
2026-06-02 22:14:59,257 - Step 03638: -4.9129 E_h, exp. variance=0.0007 E_h^2, pmove=0.37
2026-06-02 22:14:59,920 - Step 03639: -4.9288 E_h, exp. variance=0.0007 E_h^2, pmove=0.37
2026-06-02 22:15:00,587 - Step 03640: -4.7784 E_h, exp. variance=0.0023 E_h^2, pmove=0.37
2026-06-02 22:15:01,251 - Step 03641: -1.0940 E_h, exp. variance=1.3063 E_h^2, pmove=0.37
2026-06-02 22:15:01,914 - Step 03642: -4.9024 E_h, exp. variance=1.1888 E_h^2, pmove=0.36
2026-06-02 22:15:02,578 - Step 03643: -4.9140 E_h, exp. variance=1.0813 E_h^2, pmove=0.36
2026-06-02 22:15:03,241 - Step 03644: -4.7759 E_h, exp. variance=0.9762 E_h^2, pmove=0.37
2026-06-02 22:15:03,905 - Step 03645: -4.9317 E_h, exp. variance=0.8877 E_h^2, pmove=0.36
2026-06-02 22:15:04,567 - Step 03646: -4.9245 E_h, exp. variance=0.8061 E_h^2, pmove=0.36
2026-06-02 22:15:05,228 - Step 03647: -4.8349 E_h, exp. variance=0.7278 E_h^2, pmove=0.36
2026-06-02 22:15:05,889 - Step 03648: -4.9215 E_h, exp. variance=0.6599 E_h^2, pmove=0.37
2026-06-02 22:15:06,552 - Step 03649: -4.9075 E_h, exp. variance=0.5974 E_h^2, pmove=0.37
2026-06-02 22:15:07,213 - Step 03650: -4.8866 E_h, exp. variance=0.5398 E_h^2, pmove=0.37
2026-06-02 22:15:07,875 - Step 03651: -4.9322 E_h, exp. variance=0.4889 E_h^2, pmove=0.36
2026-06-02 22:15:08,537 - Step 03652: -4.9743 E_h, exp. variance=0.4440 E_h^2, pmove=0.36
2026-06-02 22:15:09,200 - Step 03653: -4.9675 E_h, exp. variance=0.4025 E_h^2, pmove=0.36
2026-06-02 22:15:09,861 - Step 03654: -4.9424 E_h, exp. variance=0.3640 E_h^2, pmove=0.36
2026-06-02 22:15:10,522 - Step 03655: -4.9321 E_h, exp. variance=0.3288 E_h^2, pmove=0.36
2026-06-02 22:15:11,184 - Step 03656: -4.8986 E_h, exp. variance=0.2963 E_h^2, pmove=0.36
2026-06-02 22:15:11,845 - Step 03657: -4.9563 E_h, exp. variance=0.2680 E_h^2, pmove=0.36
2026-06-02 22:15:12,508 - Step 03658: -4.9376 E_h, exp. variance=0.2419 E_h^2, pmove=0.36
2026-06-02 22:15:13,171 - Step 03659: -4.9681 E_h, exp. variance=0.2188 E_h^2, pmove=0.36
2026-06-02 22:15:13,833 - Step 03660: -4.9596 E_h, exp. variance=0.1977 E_h^2, pmove=0.37
2026-06-02 22:15:14,496 - Step 03661: -4.9175 E_h, exp. variance=0.1781 E_h^2, pmove=0.36
2026-06-02 22:15:15,158 - Step 03662: -4.9095 E_h, exp. variance=0.1603 E_h^2, pmove=0.36
2026-06-02 22:15:15,820 - Step 03663: -4.9283 E_h, exp. variance=0.1445 E_h^2, pmove=0.36
2026-06-02 22:15:16,482 - Step 03664: -4.9284 E_h, exp. variance=0.1302 E_h^2, pmove=0.37
2026-06-02 22:15:17,144 - Step 03665: -4.9245 E_h, exp. variance=0.1172 E_h^2, pmove=0.37
2026-06-02 22:15:17,806 - Step 03666: -4.9213 E_h, exp. variance=0.1056 E_h^2, pmove=0.36
2026-06-02 22:15:18,468 - Step 03667: -4.9464 E_h, exp. variance=0.0952 E_h^2, pmove=0.36
2026-06-02 22:15:19,129 - Step 03668: -4.9627 E_h, exp. variance=0.0860 E_h^2, pmove=0.37
2026-06-02 22:15:19,790 - Step 03669: -4.9215 E_h, exp. variance=0.0774 E_h^2, pmove=0.36
2026-06-02 22:15:20,454 - Step 03670: -3.0519 E_h, exp. variance=0.3805 E_h^2, pmove=0.37
2026-06-02 22:15:21,116 - Step 03671: -4.9238 E_h, exp. variance=0.3461 E_h^2, pmove=0.36
2026-06-02 22:15:21,778 - Step 03672: -4.9856 E_h, exp. variance=0.3167 E_h^2, pmove=0.36
2026-06-02 22:15:22,439 - Step 03673: -4.9399 E_h, exp. variance=0.2877 E_h^2, pmove=0.36
2026-06-02 22:15:23,102 - Step 03674: -4.9305 E_h, exp. variance=0.2608 E_h^2, pmove=0.36
2026-06-02 22:15:23,767 - Step 03675: -4.9264 E_h, exp. variance=0.2361 E_h^2, pmove=0.36
2026-06-02 22:15:24,429 - Step 03676: -4.9169 E_h, exp. variance=0.2135 E_h^2, pmove=0.36
2026-06-02 22:15:25,090 - Step 03677: -4.9478 E_h, exp. variance=0.1935 E_h^2, pmove=0.36
2026-06-02 22:15:25,752 - Step 03678: -4.9580 E_h, exp. variance=0.1755 E_h^2, pmove=0.36
2026-06-02 22:15:26,415 - Step 03679: -4.9669 E_h, exp. variance=0.1593 E_h^2, pmove=0.36
2026-06-02 22:15:27,078 - Step 03680: -4.9957 E_h, exp. variance=0.1450 E_h^2, pmove=0.36
2026-06-02 22:15:27,739 - Step 03681: -4.9761 E_h, exp. variance=0.1314 E_h^2, pmove=0.36
2026-06-02 22:15:28,400 - Step 03682: -4.9172 E_h, exp. variance=0.1184 E_h^2, pmove=0.36
2026-06-02 22:15:29,064 - Step 03683: -4.9018 E_h, exp. variance=0.1066 E_h^2, pmove=0.36
2026-06-02 22:15:29,727 - Step 03684: -4.9331 E_h, exp. variance=0.0961 E_h^2, pmove=0.37
2026-06-02 22:15:29,727 - Saving checkpoint results/bilayer-bosons/BosonNet/N24_layers12_12_rs4.0_d2.5_D20.0_sq/qmcjax_ckpt_003684.npz
2026-06-02 22:15:30,421 - Step 03685: -4.9428 E_h, exp. variance=0.0867 E_h^2, pmove=0.37
2026-06-02 22:15:31,084 - Step 03686: -4.9775 E_h, exp. variance=0.0786 E_h^2, pmove=0.36
2026-06-02 22:15:31,748 - Step 03687: -4.9497 E_h, exp. variance=0.0709 E_h^2, pmove=0.36
2026-06-02 22:15:32,409 - Step 03688: -4.9490 E_h, exp. variance=0.0640 E_h^2, pmove=0.37
2026-06-02 22:15:33,071 - Step 03689: -4.9689 E_h, exp. variance=0.0578 E_h^2, pmove=0.37
2026-06-02 22:15:33,733 - Step 03690: -4.9891 E_h, exp. variance=0.0525 E_h^2, pmove=0.37
2026-06-02 22:15:34,395 - Step 03691: -4.9438 E_h, exp. variance=0.0473 E_h^2, pmove=0.37
2026-06-02 22:15:35,059 - Step 03692: -4.9417 E_h, exp. variance=0.0426 E_h^2, pmove=0.37
2026-06-02 22:15:35,721 - Step 03693: -4.9452 E_h, exp. variance=0.0383 E_h^2, pmove=0.37
2026-06-02 22:15:36,382 - Step 03694: -4.9471 E_h, exp. variance=0.0345 E_h^2, pmove=0.37
2026-06-02 22:15:37,045 - Step 03695: -4.9553 E_h, exp. variance=0.0311 E_h^2, pmove=0.37
2026-06-02 22:15:37,709 - Step 03696: -4.4942 E_h, exp. variance=0.0455 E_h^2, pmove=0.36
2026-06-02 22:15:38,370 - Step 03697: -4.9492 E_h, exp. variance=0.0412 E_h^2, pmove=0.37
2026-06-02 22:15:39,033 - Step 03698: -4.9389 E_h, exp. variance=0.0373 E_h^2, pmove=0.37
2026-06-02 22:15:39,694 - Step 03699: -4.9000 E_h, exp. variance=0.0335 E_h^2, pmove=0.37
2026-06-02 22:15:40,359 - Step 03700: -4.8937 E_h, exp. variance=0.0302 E_h^2, pmove=0.36
2026-06-02 22:15:41,025 - Step 03701: -4.9073 E_h, exp. variance=0.0272 E_h^2, pmove=0.36
2026-06-02 22:15:41,687 - Step 03702: -4.9143 E_h, exp. variance=0.0245 E_h^2, pmove=0.37
2026-06-02 22:15:42,351 - Step 03703: -4.9471 E_h, exp. variance=0.0222 E_h^2, pmove=0.37
2026-06-02 22:15:43,013 - Step 03704: -4.9484 E_h, exp. variance=0.0201 E_h^2, pmove=0.36
2026-06-02 22:15:43,679 - Step 03705: -4.9893 E_h, exp. variance=0.0187 E_h^2, pmove=0.36
2026-06-02 22:15:44,341 - Step 03706: -4.9610 E_h, exp. variance=0.0170 E_h^2, pmove=0.36
2026-06-02 22:15:45,005 - Step 03707: -4.9813 E_h, exp. variance=0.0156 E_h^2, pmove=0.36
2026-06-02 22:15:45,668 - Step 03708: -4.9732 E_h, exp. variance=0.0142 E_h^2, pmove=0.36
2026-06-02 22:15:46,333 - Step 03709: -4.9752 E_h, exp. variance=0.0129 E_h^2, pmove=0.37
2026-06-02 22:15:46,997 - Step 03710: -4.9534 E_h, exp. variance=0.0117 E_h^2, pmove=0.36
2026-06-02 22:15:47,659 - Step 03711: -4.9338 E_h, exp. variance=0.0105 E_h^2, pmove=0.37
2026-06-02 22:15:48,333 - Step 03712: -4.9679 E_h, exp. variance=0.0095 E_h^2, pmove=0.37
2026-06-02 22:15:48,998 - Step 03713: -4.9328 E_h, exp. variance=0.0086 E_h^2, pmove=0.37
2026-06-02 22:15:49,660 - Step 03714: -4.9175 E_h, exp. variance=0.0078 E_h^2, pmove=0.36
2026-06-02 22:15:50,323 - Step 03715: -4.9042 E_h, exp. variance=0.0071 E_h^2, pmove=0.37
2026-06-02 22:15:50,987 - Step 03716: -4.9377 E_h, exp. variance=0.0064 E_h^2, pmove=0.37
2026-06-02 22:15:51,653 - Step 03717: -4.9784 E_h, exp. variance=0.0059 E_h^2, pmove=0.36
2026-06-02 22:15:52,316 - Step 03718: -4.9443 E_h, exp. variance=0.0053 E_h^2, pmove=0.36
2026-06-02 22:15:52,977 - Step 03719: -4.9149 E_h, exp. variance=0.0049 E_h^2, pmove=0.37
2026-06-02 22:15:53,638 - Step 03720: -4.9622 E_h, exp. variance=0.0044 E_h^2, pmove=0.37
2026-06-02 22:15:55,163 - Step 03721: -4.9725 E_h, exp. variance=0.0041 E_h^2, pmove=0.36
2026-06-02 22:15:55,824 - Step 03722: -4.9449 E_h, exp. variance=0.0037 E_h^2, pmove=0.37
2026-06-02 22:15:56,486 - Step 03723: -4.9743 E_h, exp. variance=0.0034 E_h^2, pmove=0.37
2026-06-02 22:15:57,150 - Step 03724: -4.9429 E_h, exp. variance=0.0031 E_h^2, pmove=0.37
2026-06-02 22:15:57,813 - Step 03725: -4.9388 E_h, exp. variance=0.0028 E_h^2, pmove=0.37
2026-06-02 22:15:58,476 - Step 03726: -4.6037 E_h, exp. variance=0.0130 E_h^2, pmove=0.37
2026-06-02 22:15:59,140 - Step 03727: -4.7375 E_h, exp. variance=0.0144 E_h^2, pmove=0.37
2026-06-02 22:15:59,803 - Step 03728: -4.9105 E_h, exp. variance=0.0130 E_h^2, pmove=0.37
2026-06-02 22:16:00,469 - Step 03729: -4.9288 E_h, exp. variance=0.0118 E_h^2, pmove=0.36
2026-06-02 22:16:01,131 - Step 03730: -4.9577 E_h, exp. variance=0.0109 E_h^2, pmove=0.36
2026-06-02 22:16:01,794 - Step 03731: -4.9672 E_h, exp. variance=0.0102 E_h^2, pmove=0.36
2026-06-02 22:16:02,455 - Step 03732: -4.9527 E_h, exp. variance=0.0093 E_h^2, pmove=0.36
2026-06-02 22:16:03,120 - Step 03733: -4.9684 E_h, exp. variance=0.0086 E_h^2, pmove=0.37
2026-06-02 22:16:03,784 - Step 03734: -4.9775 E_h, exp. variance=0.0081 E_h^2, pmove=0.37
2026-06-02 22:16:04,446 - Step 03735: -4.9681 E_h, exp. variance=0.0074 E_h^2, pmove=0.36
2026-06-02 22:16:05,109 - Step 03736: -4.9635 E_h, exp. variance=0.0068 E_h^2, pmove=0.37
2026-06-02 22:16:05,775 - Step 03737: -4.9605 E_h, exp. variance=0.0062 E_h^2, pmove=0.37
2026-06-02 22:16:06,437 - Step 03738: -4.9532 E_h, exp. variance=0.0056 E_h^2, pmove=0.37
2026-06-02 22:16:07,100 - Step 03739: -4.9455 E_h, exp. variance=0.0050 E_h^2, pmove=0.36
2026-06-02 22:16:07,762 - Step 03740: -4.9200 E_h, exp. variance=0.0046 E_h^2, pmove=0.36
2026-06-02 22:16:08,428 - Step 03741: -4.9349 E_h, exp. variance=0.0041 E_h^2, pmove=0.36
2026-06-02 22:16:09,092 - Step 03742: -4.9643 E_h, exp. variance=0.0038 E_h^2, pmove=0.36
2026-06-02 22:16:09,754 - Step 03743: -4.9626 E_h, exp. variance=0.0034 E_h^2, pmove=0.36
2026-06-02 22:16:10,416 - Step 03744: -4.9697 E_h, exp. variance=0.0032 E_h^2, pmove=0.36
2026-06-02 22:16:11,078 - Step 03745: -4.9789 E_h, exp. variance=0.0029 E_h^2, pmove=0.36
2026-06-02 22:16:11,743 - Step 03746: -4.9687 E_h, exp. variance=0.0027 E_h^2, pmove=0.37
2026-06-02 22:16:12,406 - Step 03747: -4.8424 E_h, exp. variance=0.0035 E_h^2, pmove=0.36
2026-06-02 22:16:13,069 - Step 03748: -4.6171 E_h, exp. variance=0.0125 E_h^2, pmove=0.36
2026-06-02 22:16:13,730 - Step 03749: -4.3391 E_h, exp. variance=0.0403 E_h^2, pmove=0.36
2026-06-02 22:16:14,395 - Step 03750: -4.9459 E_h, exp. variance=0.0370 E_h^2, pmove=0.36
2026-06-02 22:16:15,058 - Step 03751: 13.3957 E_h, exp. variance=30.0272 E_h^2, pmove=0.36
2026-06-02 22:16:15,720 - Step 03752: -4.9808 E_h, exp. variance=27.3655 E_h^2, pmove=0.36
2026-06-02 22:16:16,383 - Step 03753: -4.9718 E_h, exp. variance=24.9023 E_h^2, pmove=0.36
2026-06-02 22:16:17,048 - Step 03754: -4.9659 E_h, exp. variance=22.6319 E_h^2, pmove=0.36
2026-06-02 22:16:17,712 - Step 03755: -4.8669 E_h, exp. variance=20.5225 E_h^2, pmove=0.36
2026-06-02 22:16:18,375 - Step 03756: -4.9306 E_h, exp. variance=18.6087 E_h^2, pmove=0.36
2026-06-02 22:16:19,038 - Step 03757: -4.9572 E_h, exp. variance=16.8654 E_h^2, pmove=0.36
2026-06-02 22:16:19,701 - Step 03758: -4.9464 E_h, exp. variance=15.2721 E_h^2, pmove=0.36
2026-06-02 22:16:20,363 - Step 03759: -4.9532 E_h, exp. variance=13.8216 E_h^2, pmove=0.36
2026-06-02 22:16:21,026 - Step 03760: -4.9853 E_h, exp. variance=12.5064 E_h^2, pmove=0.37
2026-06-02 22:16:21,688 - Step 03761: -5.0073 E_h, exp. variance=11.3131 E_h^2, pmove=0.37
2026-06-02 22:16:22,351 - Step 03762: -4.9794 E_h, exp. variance=10.2247 E_h^2, pmove=0.36
2026-06-02 22:16:23,014 - Step 03763: -5.0130 E_h, exp. variance=9.2409 E_h^2, pmove=0.37
2026-06-02 22:16:23,679 - Step 03764: -4.9557 E_h, exp. variance=8.3423 E_h^2, pmove=0.37
2026-06-02 22:16:24,342 - Step 03765: -4.9596 E_h, exp. variance=7.5291 E_h^2, pmove=0.36
2026-06-02 22:16:25,004 - Step 03766: -4.9762 E_h, exp. variance=6.7945 E_h^2, pmove=0.36
2026-06-02 22:16:25,667 - Step 03767: -4.9215 E_h, exp. variance=6.1262 E_h^2, pmove=0.37
2026-06-02 22:16:26,332 - Step 03768: -4.9535 E_h, exp. variance=5.5245 E_h^2, pmove=0.37
2026-06-02 22:16:26,995 - Step 03769: -4.9750 E_h, exp. variance=4.9821 E_h^2, pmove=0.36
2026-06-02 22:16:27,660 - Step 03770: -4.9356 E_h, exp. variance=4.4901 E_h^2, pmove=0.37
2026-06-02 22:16:28,324 - Step 03771: -4.9509 E_h, exp. variance=4.0468 E_h^2, pmove=0.36
2026-06-02 22:16:28,988 - Step 03772: -4.9586 E_h, exp. variance=3.6470 E_h^2, pmove=0.36
2026-06-02 22:16:29,652 - Step 03773: -4.9160 E_h, exp. variance=3.2848 E_h^2, pmove=0.36
2026-06-02 22:16:30,314 - Step 03774: -4.9555 E_h, exp. variance=2.9596 E_h^2, pmove=0.37
2026-06-02 22:16:30,977 - Step 03775: -4.9301 E_h, exp. variance=2.6656 E_h^2, pmove=0.37
2026-06-02 22:16:31,640 - Step 03776: -4.9580 E_h, exp. variance=2.4013 E_h^2, pmove=0.36
2026-06-02 22:16:32,302 - Step 03777: -4.9341 E_h, exp. variance=2.1625 E_h^2, pmove=0.36
2026-06-02 22:16:32,964 - Step 03778: -4.9266 E_h, exp. variance=1.9471 E_h^2, pmove=0.36
2026-06-02 22:16:33,625 - Step 03779: -4.9717 E_h, exp. variance=1.7541 E_h^2, pmove=0.37
2026-06-02 22:16:34,287 - Step 03780: -4.9076 E_h, exp. variance=1.5789 E_h^2, pmove=0.37
2026-06-02 22:16:34,949 - Step 03781: -4.9169 E_h, exp. variance=1.4214 E_h^2, pmove=0.37
2026-06-02 22:16:35,610 - Step 03782: -4.9455 E_h, exp. variance=1.2799 E_h^2, pmove=0.37
2026-06-02 22:16:36,271 - Step 03783: -4.9448 E_h, exp. variance=1.1524 E_h^2, pmove=0.36
2026-06-02 22:16:36,941 - Step 03784: -4.7426 E_h, exp. variance=1.0388 E_h^2, pmove=0.36
2026-06-02 22:16:37,604 - Step 03785: -4.9890 E_h, exp. variance=0.9363 E_h^2, pmove=0.36
2026-06-02 22:16:38,266 - Step 03786: -4.9547 E_h, exp. variance=0.8432 E_h^2, pmove=0.36
2026-06-02 22:16:38,929 - Step 03787: -4.9889 E_h, exp. variance=0.7599 E_h^2, pmove=0.37
2026-06-02 22:16:39,591 - Step 03788: -4.8546 E_h, exp. variance=0.6840 E_h^2, pmove=0.36
2026-06-02 22:16:40,256 - Step 03789: -4.9799 E_h, exp. variance=0.6164 E_h^2, pmove=0.37
2026-06-02 22:16:40,917 - Step 03790: -4.9291 E_h, exp. variance=0.5548 E_h^2, pmove=0.37
2026-06-02 22:16:41,580 - Step 03791: -4.9586 E_h, exp. variance=0.4996 E_h^2, pmove=0.37
2026-06-02 22:16:42,242 - Step 03792: -4.8095 E_h, exp. variance=0.4505 E_h^2, pmove=0.37
2026-06-02 22:16:42,907 - Step 03793: -4.9948 E_h, exp. variance=0.4063 E_h^2, pmove=0.37
2026-06-02 22:16:43,569 - Step 03794: -4.9729 E_h, exp. variance=0.3660 E_h^2, pmove=0.36
2026-06-02 22:16:44,232 - Step 03795: -4.9818 E_h, exp. variance=0.3299 E_h^2, pmove=0.36
2026-06-02 22:16:44,895 - Step 03796: -4.9780 E_h, exp. variance=0.2972 E_h^2, pmove=0.37
2026-06-02 22:16:45,559 - Step 03797: -4.9862 E_h, exp. variance=0.2678 E_h^2, pmove=0.37
2026-06-02 22:16:46,221 - Step 03798: -4.9835 E_h, exp. variance=0.2412 E_h^2, pmove=0.37
2026-06-02 22:16:46,884 - Step 03799: -5.0192 E_h, exp. variance=0.2177 E_h^2, pmove=0.36
2026-06-02 22:16:47,546 - Step 03800: -4.9738 E_h, exp. variance=0.1960 E_h^2, pmove=0.37
2026-06-02 22:16:48,209 - Step 03801: -4.9950 E_h, exp. variance=0.1766 E_h^2, pmove=0.36
2026-06-02 22:16:48,875 - Step 03802: -4.9527 E_h, exp. variance=0.1589 E_h^2, pmove=0.36
2026-06-02 22:16:49,537 - Step 03803: -4.9578 E_h, exp. variance=0.1430 E_h^2, pmove=0.36
2026-06-02 22:16:50,199 - Step 03804: -4.9843 E_h, exp. variance=0.1288 E_h^2, pmove=0.37
2026-06-02 22:16:50,861 - Step 03805: 497.1249 E_h, exp. variance=22687.8672 E_h^2, pmove=0.37
2026-06-02 22:16:51,528 - Step 03806: -4.9439 E_h, exp. variance=20645.8398 E_h^2, pmove=0.36
2026-06-02 22:16:52,193 - Step 03807: -4.9638 E_h, exp. variance=18765.0918 E_h^2, pmove=0.36
2026-06-02 22:16:52,857 - Step 03808: -4.9736 E_h, exp. variance=17037.5625 E_h^2, pmove=0.37
2026-06-02 22:16:53,519 - Step 03809: -4.9653 E_h, exp. variance=15454.4248 E_h^2, pmove=0.37
2026-06-02 22:16:54,184 - Step 03810: -4.9146 E_h, exp. variance=14006.3828 E_h^2, pmove=0.36
2026-06-02 22:16:54,846 - Step 03811: -3.8456 E_h, exp. variance=12679.0449 E_h^2, pmove=0.37
2026-06-02 22:16:55,507 - Step 03812: -4.9290 E_h, exp. variance=11475.6279 E_h^2, pmove=0.37
2026-06-02 22:16:56,170 - Step 03813: -5.0086 E_h, exp. variance=10380.6455 E_h^2, pmove=0.36
2026-06-02 22:16:56,835 - Step 03814: -4.9309 E_h, exp. variance=9384.8672 E_h^2, pmove=0.36
2026-06-02 22:16:57,497 - Step 03815: -4.9533 E_h, exp. variance=8480.7109 E_h^2, pmove=0.37
2026-06-02 22:16:58,159 - Step 03816: -4.9507 E_h, exp. variance=7660.4395 E_h^2, pmove=0.37
2026-06-02 22:16:58,820 - Step 03817: -4.5929 E_h, exp. variance=6915.9062 E_h^2, pmove=0.37
2026-06-02 22:16:59,484 - Step 03818: -4.9197 E_h, exp. variance=6242.5674 E_h^2, pmove=0.37
2026-06-02 22:17:00,150 - Step 03819: -4.0841 E_h, exp. variance=5631.2295 E_h^2, pmove=0.36
2026-06-02 22:17:00,814 - Step 03820: -4.9442 E_h, exp. variance=5080.3071 E_h^2, pmove=0.37
2026-06-02 22:17:01,476 - Step 03821: -4.9629 E_h, exp. variance=4582.1938 E_h^2, pmove=0.36
2026-06-02 22:17:02,138 - Step 03822: -4.9535 E_h, exp. variance=4131.9917 E_h^2, pmove=0.37
2026-06-02 22:17:02,803 - Step 03823: -4.9742 E_h, exp. variance=3725.3184 E_h^2, pmove=0.36
2026-06-02 22:17:03,465 - Step 03824: -4.9708 E_h, exp. variance=3358.0676 E_h^2, pmove=0.36
2026-06-02 22:17:04,127 - Step 03825: -4.9932 E_h, exp. variance=3026.5664 E_h^2, pmove=0.37
2026-06-02 22:17:04,789 - Step 03826: -4.9545 E_h, exp. variance=2727.3540 E_h^2, pmove=0.36
2026-06-02 22:17:05,454 - Step 03827: -4.9854 E_h, exp. variance=2457.4397 E_h^2, pmove=0.36
2026-06-02 22:17:06,116 - Step 03828: -1.7478 E_h, exp. variance=2211.9878 E_h^2, pmove=0.36
2026-06-02 22:17:06,778 - Step 03829: -4.9732 E_h, exp. variance=1992.9030 E_h^2, pmove=0.37
2026-06-02 22:17:07,441 - Step 03830: -4.9596 E_h, exp. variance=1795.3142 E_h^2, pmove=0.37
2026-06-02 22:17:08,105 - Step 03831: -4.9477 E_h, exp. variance=1617.1526 E_h^2, pmove=0.36
2026-06-02 22:17:08,768 - Step 03832: -4.9585 E_h, exp. variance=1456.5537 E_h^2, pmove=0.36
2026-06-02 22:17:09,431 - Step 03833: -4.9430 E_h, exp. variance=1311.7938 E_h^2, pmove=0.36
2026-06-02 22:17:10,093 - Step 03834: -4.9112 E_h, exp. variance=1181.3236 E_h^2, pmove=0.36
2026-06-02 22:17:10,756 - Step 03835: -4.9474 E_h, exp. variance=1063.7822 E_h^2, pmove=0.36
2026-06-02 22:17:11,421 - Step 03836: -4.8808 E_h, exp. variance=957.8555 E_h^2, pmove=0.36
2026-06-02 22:17:12,084 - Step 03837: -4.9374 E_h, exp. variance=862.4565 E_h^2, pmove=0.36
2026-06-02 22:17:12,748 - Step 03838: -4.9778 E_h, exp. variance=776.5376 E_h^2, pmove=0.36
2026-06-02 22:17:13,411 - Step 03839: -4.9756 E_h, exp. variance=699.1479 E_h^2, pmove=0.36
2026-06-02 22:17:14,077 - Step 03840: -4.9703 E_h, exp. variance=629.4455 E_h^2, pmove=0.36
2026-06-02 22:17:14,739 - Step 03841: -4.9633 E_h, exp. variance=566.6712 E_h^2, pmove=0.36
2026-06-02 22:17:15,402 - Step 03842: -4.9914 E_h, exp. variance=510.1483 E_h^2, pmove=0.36
2026-06-02 22:17:16,065 - Step 03843: -4.9991 E_h, exp. variance=459.2519 E_h^2, pmove=0.36
2026-06-02 22:17:16,731 - Step 03844: -4.9987 E_h, exp. variance=413.4226 E_h^2, pmove=0.37
2026-06-02 22:17:17,394 - Step 03845: -4.9935 E_h, exp. variance=372.1571 E_h^2, pmove=0.36
2026-06-02 22:17:18,056 - Step 03846: -4.9503 E_h, exp. variance=334.9973 E_h^2, pmove=0.37
2026-06-02 22:17:18,718 - Step 03847: -4.9913 E_h, exp. variance=301.5482 E_h^2, pmove=0.37
2026-06-02 22:17:19,380 - Step 03848: -4.9835 E_h, exp. variance=271.4335 E_h^2, pmove=0.37
2026-06-02 22:17:20,047 - Step 03849: -5.0091 E_h, exp. variance=244.3254 E_h^2, pmove=0.37
2026-06-02 22:17:20,709 - Step 03850: -4.9975 E_h, exp. variance=219.9203 E_h^2, pmove=0.37
2026-06-02 22:17:21,371 - Step 03851: -4.9710 E_h, exp. variance=197.9482 E_h^2, pmove=0.36
2026-06-02 22:17:22,036 - Step 03852: -4.9832 E_h, exp. variance=178.1705 E_h^2, pmove=0.38
2026-06-02 22:17:22,701 - Step 03853: -4.9753 E_h, exp. variance=160.3667 E_h^2, pmove=0.37
2026-06-02 22:17:23,364 - Step 03854: -4.9078 E_h, exp. variance=144.3370 E_h^2, pmove=0.37
2026-06-02 22:17:24,028 - Step 03855: -4.9801 E_h, exp. variance=129.9126 E_h^2, pmove=0.37
2026-06-02 22:17:24,690 - Step 03856: -4.9512 E_h, exp. variance=116.9275 E_h^2, pmove=0.36
2026-06-02 22:17:25,354 - Step 03857: -4.9695 E_h, exp. variance=105.2406 E_h^2, pmove=0.37
2026-06-02 22:17:26,019 - Step 03858: -4.9832 E_h, exp. variance=94.7218 E_h^2, pmove=0.37
2026-06-02 22:17:26,683 - Step 03859: -4.9650 E_h, exp. variance=85.2532 E_h^2, pmove=0.36
2026-06-02 22:17:27,346 - Step 03860: -4.9512 E_h, exp. variance=76.7303 E_h^2, pmove=0.37
2026-06-02 22:17:28,010 - Step 03861: -4.9427 E_h, exp. variance=69.0591 E_h^2, pmove=0.37
2026-06-02 22:17:28,674 - Step 03862: -4.9479 E_h, exp. variance=62.1547 E_h^2, pmove=0.36
2026-06-02 22:17:29,339 - Step 03863: -4.9882 E_h, exp. variance=55.9415 E_h^2, pmove=0.37
2026-06-02 22:17:30,003 - Step 03864: -4.9629 E_h, exp. variance=50.3486 E_h^2, pmove=0.36
2026-06-02 22:17:30,667 - Step 03865: -5.0058 E_h, exp. variance=45.3158 E_h^2, pmove=0.36
2026-06-02 22:17:31,331 - Step 03866: -5.0019 E_h, exp. variance=40.7857 E_h^2, pmove=0.36
2026-06-02 22:17:31,995 - Step 03867: -4.9403 E_h, exp. variance=36.7074 E_h^2, pmove=0.37
2026-06-02 22:17:32,658 - Step 03868: -4.9579 E_h, exp. variance=33.0371 E_h^2, pmove=0.37
2026-06-02 22:17:33,320 - Step 03869: -4.9371 E_h, exp. variance=29.7335 E_h^2, pmove=0.37
2026-06-02 22:17:33,985 - Step 03870: -4.9327 E_h, exp. variance=26.7603 E_h^2, pmove=0.37
2026-06-02 22:17:34,649 - Step 03871: -4.9317 E_h, exp. variance=24.0843 E_h^2, pmove=0.36
2026-06-02 22:17:35,313 - Step 03872: -4.9653 E_h, exp. variance=21.6762 E_h^2, pmove=0.37
2026-06-02 22:17:35,977 - Step 03873: -4.9990 E_h, exp. variance=19.5092 E_h^2, pmove=0.36
2026-06-02 22:17:36,642 - Step 03874: -5.0070 E_h, exp. variance=17.5590 E_h^2, pmove=0.36
2026-06-02 22:17:37,306 - Step 03875: -5.0141 E_h, exp. variance=15.8037 E_h^2, pmove=0.37
2026-06-02 22:17:37,969 - Step 03876: -4.9547 E_h, exp. variance=14.2234 E_h^2, pmove=0.36
2026-06-02 22:17:38,632 - Step 03877: -4.8685 E_h, exp. variance=12.8015 E_h^2, pmove=0.36
2026-06-02 22:17:39,295 - Step 03878: -4.9343 E_h, exp. variance=11.5213 E_h^2, pmove=0.36
2026-06-02 22:17:39,960 - Step 03879: -4.8486 E_h, exp. variance=10.3698 E_h^2, pmove=0.36
2026-06-02 22:17:40,626 - Step 03880: -4.9539 E_h, exp. variance=9.3329 E_h^2, pmove=0.36
2026-06-02 22:17:41,290 - Step 03881: 1.7305 E_h, exp. variance=12.3893 E_h^2, pmove=0.36
2026-06-02 22:17:41,952 - Step 03882: -4.9186 E_h, exp. variance=11.1892 E_h^2, pmove=0.36
2026-06-02 22:17:42,617 - Step 03883: -4.9601 E_h, exp. variance=10.1063 E_h^2, pmove=0.36
2026-06-02 22:17:43,281 - Step 03884: -5.0029 E_h, exp. variance=9.1294 E_h^2, pmove=0.36
2026-06-02 22:17:43,945 - Step 03885: -4.9733 E_h, exp. variance=8.2409 E_h^2, pmove=0.36
2026-06-02 22:17:44,608 - Step 03886: -4.9713 E_h, exp. variance=7.4365 E_h^2, pmove=0.36
2026-06-02 22:17:45,274 - Step 03887: -4.9530 E_h, exp. variance=6.7074 E_h^2, pmove=0.36
2026-06-02 22:17:45,937 - Step 03888: -4.7696 E_h, exp. variance=6.0395 E_h^2, pmove=0.36
2026-06-02 22:17:46,600 - Step 03889: -4.9521 E_h, exp. variance=5.4462 E_h^2, pmove=0.37
2026-06-02 22:17:47,276 - Step 03890: -4.9766 E_h, exp. variance=4.9116 E_h^2, pmove=0.36
2026-06-02 22:17:47,940 - Step 03891: -4.9644 E_h, exp. variance=4.4279 E_h^2, pmove=0.37
2026-06-02 22:17:48,603 - Step 03892: -4.9573 E_h, exp. variance=3.9908 E_h^2, pmove=0.36
2026-06-02 22:17:49,266 - Step 03893: -4.1202 E_h, exp. variance=3.6252 E_h^2, pmove=0.36
2026-06-02 22:17:49,929 - Step 03894: -5.0050 E_h, exp. variance=3.2728 E_h^2, pmove=0.36
2026-06-02 22:17:50,592 - Step 03895: -4.9771 E_h, exp. variance=2.9523 E_h^2, pmove=0.36
2026-06-02 22:17:51,256 - Step 03896: -4.9379 E_h, exp. variance=2.6610 E_h^2, pmove=0.36
2026-06-02 22:17:51,919 - Step 03897: -4.9674 E_h, exp. variance=2.3991 E_h^2, pmove=0.36
2026-06-02 22:17:52,581 - Step 03898: -4.7767 E_h, exp. variance=2.1592 E_h^2, pmove=0.36
2026-06-02 22:17:53,246 - Step 03899: -4.9729 E_h, exp. variance=1.9468 E_h^2, pmove=0.36
2026-06-02 22:17:53,911 - Step 03900: -4.9687 E_h, exp. variance=1.7549 E_h^2, pmove=0.36
2026-06-02 22:17:54,575 - Step 03901: -5.0199 E_h, exp. variance=1.5834 E_h^2, pmove=0.36
2026-06-02 22:17:55,240 - Step 03902: -4.9663 E_h, exp. variance=1.4267 E_h^2, pmove=0.36
2026-06-02 22:17:55,903 - Step 03903: -4.9308 E_h, exp. variance=1.2847 E_h^2, pmove=0.36
2026-06-02 22:17:56,568 - Step 03904: -5.0080 E_h, exp. variance=1.1583 E_h^2, pmove=0.36
2026-06-02 22:17:57,231 - Step 03905: -4.9699 E_h, exp. variance=1.0434 E_h^2, pmove=0.36
2026-06-02 22:17:57,894 - Step 03906: -4.9844 E_h, exp. variance=0.9401 E_h^2, pmove=0.37
2026-06-02 22:17:58,557 - Step 03907: -4.9776 E_h, exp. variance=0.8468 E_h^2, pmove=0.36
2026-06-02 22:17:59,222 - Step 03908: -4.9925 E_h, exp. variance=0.7629 E_h^2, pmove=0.36
2026-06-02 22:17:59,887 - Step 03909: -4.9600 E_h, exp. variance=0.6868 E_h^2, pmove=0.36
2026-06-02 22:18:00,551 - Step 03910: -5.0156 E_h, exp. variance=0.6191 E_h^2, pmove=0.36
2026-06-02 22:18:01,215 - Step 03911: -4.9934 E_h, exp. variance=0.5576 E_h^2, pmove=0.36
2026-06-02 22:18:01,878 - Step 03912: -5.0163 E_h, exp. variance=0.5025 E_h^2, pmove=0.36
2026-06-02 22:18:02,544 - Step 03913: -4.9607 E_h, exp. variance=0.4523 E_h^2, pmove=0.36
2026-06-02 22:18:03,209 - Step 03914: -4.9532 E_h, exp. variance=0.4071 E_h^2, pmove=0.37
2026-06-02 22:18:03,872 - Step 03915: -4.9051 E_h, exp. variance=0.3665 E_h^2, pmove=0.36
2026-06-02 22:18:04,535 - Step 03916: -4.9158 E_h, exp. variance=0.3299 E_h^2, pmove=0.37
2026-06-02 22:18:05,201 - Step 03917: -4.7166 E_h, exp. variance=0.3013 E_h^2, pmove=0.36
2026-06-02 22:18:05,864 - Step 03918: -4.9815 E_h, exp. variance=0.2715 E_h^2, pmove=0.36
2026-06-02 22:18:06,526 - Step 03919: -4.9529 E_h, exp. variance=0.2445 E_h^2, pmove=0.36
2026-06-02 22:18:07,189 - Step 03920: -4.9378 E_h, exp. variance=0.2201 E_h^2, pmove=0.37
2026-06-02 22:18:07,854 - Step 03921: -4.9791 E_h, exp. variance=0.1983 E_h^2, pmove=0.36
2026-06-02 22:18:08,517 - Step 03922: -4.9926 E_h, exp. variance=0.1788 E_h^2, pmove=0.37
2026-06-02 22:18:09,178 - Step 03923: -5.0304 E_h, exp. variance=0.1617 E_h^2, pmove=0.37
2026-06-02 22:18:09,841 - Step 03924: -4.9906 E_h, exp. variance=0.1457 E_h^2, pmove=0.36
2026-06-02 22:18:10,505 - Step 03925: -4.9991 E_h, exp. variance=0.1314 E_h^2, pmove=0.37
2026-06-02 22:18:11,170 - Step 03926: -4.9296 E_h, exp. variance=0.1183 E_h^2, pmove=0.37
2026-06-02 22:18:11,832 - Step 03927: -4.9337 E_h, exp. variance=0.1065 E_h^2, pmove=0.37
2026-06-02 22:18:12,496 - Step 03928: -4.9836 E_h, exp. variance=0.0959 E_h^2, pmove=0.37
2026-06-02 22:18:13,158 - Step 03929: -4.9726 E_h, exp. variance=0.0864 E_h^2, pmove=0.37
2026-06-02 22:18:13,823 - Step 03930: -4.9756 E_h, exp. variance=0.0778 E_h^2, pmove=0.37
2026-06-02 22:18:14,486 - Step 03931: -4.9483 E_h, exp. variance=0.0700 E_h^2, pmove=0.37
2026-06-02 22:18:15,149 - Step 03932: -5.0035 E_h, exp. variance=0.0632 E_h^2, pmove=0.37
2026-06-02 22:18:15,811 - Step 03933: -4.4886 E_h, exp. variance=0.0770 E_h^2, pmove=0.37
2026-06-02 22:18:16,476 - Step 03934: -4.9284 E_h, exp. variance=0.0693 E_h^2, pmove=0.37
2026-06-02 22:18:17,140 - Step 03935: -4.9828 E_h, exp. variance=0.0628 E_h^2, pmove=0.37
2026-06-02 22:18:17,802 - Step 03936: -5.0149 E_h, exp. variance=0.0573 E_h^2, pmove=0.36
2026-06-02 22:18:18,464 - Step 03937: -5.0313 E_h, exp. variance=0.0525 E_h^2, pmove=0.37
2026-06-02 22:18:19,129 - Step 03938: -5.0354 E_h, exp. variance=0.0480 E_h^2, pmove=0.37
2026-06-02 22:18:19,792 - Step 03939: -5.0463 E_h, exp. variance=0.0440 E_h^2, pmove=0.37
2026-06-02 22:18:20,455 - Step 03940: -5.0071 E_h, exp. variance=0.0398 E_h^2, pmove=0.37
2026-06-02 22:18:21,117 - Step 03941: -4.9803 E_h, exp. variance=0.0359 E_h^2, pmove=0.37
2026-06-02 22:18:21,778 - Step 03942: -5.0230 E_h, exp. variance=0.0325 E_h^2, pmove=0.36
2026-06-02 22:18:22,444 - Step 03943: -4.9945 E_h, exp. variance=0.0293 E_h^2, pmove=0.36
2026-06-02 22:18:23,107 - Step 03944: -4.9721 E_h, exp. variance=0.0264 E_h^2, pmove=0.36
2026-06-02 22:18:23,769 - Step 03945: -5.0115 E_h, exp. variance=0.0239 E_h^2, pmove=0.36
2026-06-02 22:18:24,431 - Step 03946: -5.0379 E_h, exp. variance=0.0218 E_h^2, pmove=0.36
2026-06-02 22:18:25,096 - Step 03947: -5.0392 E_h, exp. variance=0.0199 E_h^2, pmove=0.36
2026-06-02 22:18:25,760 - Step 03948: -5.0287 E_h, exp. variance=0.0181 E_h^2, pmove=0.36
2026-06-02 22:18:26,424 - Step 03949: -5.0320 E_h, exp. variance=0.0164 E_h^2, pmove=0.37
2026-06-02 22:18:27,086 - Step 03950: -5.0013 E_h, exp. variance=0.0147 E_h^2, pmove=0.37
2026-06-02 22:18:27,752 - Step 03951: -4.9870 E_h, exp. variance=0.0133 E_h^2, pmove=0.37
2026-06-02 22:18:28,414 - Step 03952: -4.9968 E_h, exp. variance=0.0120 E_h^2, pmove=0.37
2026-06-02 22:18:29,077 - Step 03953: -4.9815 E_h, exp. variance=0.0108 E_h^2, pmove=0.37
2026-06-02 22:18:29,739 - Step 03954: -5.0025 E_h, exp. variance=0.0097 E_h^2, pmove=0.36
2026-06-02 22:18:30,401 - Step 03955: -5.0190 E_h, exp. variance=0.0088 E_h^2, pmove=0.37
2026-06-02 22:18:31,068 - Step 03956: -4.9988 E_h, exp. variance=0.0079 E_h^2, pmove=0.37
2026-06-02 22:18:31,731 - Step 03957: -5.0287 E_h, exp. variance=0.0072 E_h^2, pmove=0.37
2026-06-02 22:18:32,395 - Step 03958: -5.0370 E_h, exp. variance=0.0066 E_h^2, pmove=0.36
2026-06-02 22:18:33,058 - Step 03959: -5.0529 E_h, exp. variance=0.0061 E_h^2, pmove=0.36
2026-06-02 22:18:33,724 - Step 03960: -3.9630 E_h, exp. variance=0.1041 E_h^2, pmove=0.37
2026-06-02 22:18:34,387 - Step 03961: -4.9961 E_h, exp. variance=0.0945 E_h^2, pmove=0.37
2026-06-02 22:18:35,051 - Step 03962: -5.0033 E_h, exp. variance=0.0857 E_h^2, pmove=0.37
2026-06-02 22:18:35,715 - Step 03963: -4.9790 E_h, exp. variance=0.0774 E_h^2, pmove=0.36
2026-06-02 22:18:36,380 - Step 03964: -5.0293 E_h, exp. variance=0.0706 E_h^2, pmove=0.36
2026-06-02 22:18:37,046 - Step 03965: -5.0338 E_h, exp. variance=0.0644 E_h^2, pmove=0.37
2026-06-02 22:18:37,711 - Step 03966: -5.0305 E_h, exp. variance=0.0585 E_h^2, pmove=0.36
2026-06-02 22:18:38,375 - Step 03967: -5.0134 E_h, exp. variance=0.0530 E_h^2, pmove=0.37
2026-06-02 22:18:39,042 - Step 03968: -5.0074 E_h, exp. variance=0.0479 E_h^2, pmove=0.37
2026-06-02 22:18:39,707 - Step 03969: -5.0221 E_h, exp. variance=0.0434 E_h^2, pmove=0.36
2026-06-02 22:18:40,370 - Step 03970: -5.0173 E_h, exp. variance=0.0392 E_h^2, pmove=0.37
2026-06-02 22:18:41,035 - Step 03971: -4.9882 E_h, exp. variance=0.0353 E_h^2, pmove=0.37
2026-06-02 22:18:41,699 - Step 03972: -4.9602 E_h, exp. variance=0.0318 E_h^2, pmove=0.37
2026-06-02 22:18:42,363 - Step 03973: -4.9825 E_h, exp. variance=0.0286 E_h^2, pmove=0.36
2026-06-02 22:18:43,027 - Step 03974: -5.0016 E_h, exp. variance=0.0258 E_h^2, pmove=0.36
2026-06-02 22:18:43,690 - Step 03975: -5.0204 E_h, exp. variance=0.0234 E_h^2, pmove=0.37
2026-06-02 22:18:44,355 - Step 03976: -5.0166 E_h, exp. variance=0.0211 E_h^2, pmove=0.37
2026-06-02 22:18:45,019 - Step 03977: -5.0164 E_h, exp. variance=0.0191 E_h^2, pmove=0.37
2026-06-02 22:18:45,682 - Step 03978: -4.9115 E_h, exp. variance=0.0177 E_h^2, pmove=0.36
2026-06-02 22:18:46,345 - Step 03979: -4.9834 E_h, exp. variance=0.0160 E_h^2, pmove=0.37
2026-06-02 22:18:47,008 - Step 03980: -4.9999 E_h, exp. variance=0.0144 E_h^2, pmove=0.36
2026-06-02 22:18:47,671 - Step 03981: -5.0201 E_h, exp. variance=0.0131 E_h^2, pmove=0.36
2026-06-02 22:18:48,335 - Step 03982: -5.0282 E_h, exp. variance=0.0119 E_h^2, pmove=0.37
2026-06-02 22:18:48,999 - Step 03983: -5.0561 E_h, exp. variance=0.0111 E_h^2, pmove=0.37
2026-06-02 22:18:49,663 - Step 03984: -5.0169 E_h, exp. variance=0.0100 E_h^2, pmove=0.36
2026-06-02 22:18:50,326 - Step 03985: -5.0066 E_h, exp. variance=0.0090 E_h^2, pmove=0.36
2026-06-02 22:18:50,991 - Step 03986: -5.0390 E_h, exp. variance=0.0083 E_h^2, pmove=0.37
2026-06-02 22:18:51,654 - Step 03987: -5.0060 E_h, exp. variance=0.0074 E_h^2, pmove=0.36
2026-06-02 22:18:52,317 - Step 03988: -5.0247 E_h, exp. variance=0.0067 E_h^2, pmove=0.37
2026-06-02 22:18:52,980 - Step 03989: -3.5789 E_h, exp. variance=0.1895 E_h^2, pmove=0.36
2026-06-02 22:18:53,645 - Step 03990: -5.0076 E_h, exp. variance=0.1724 E_h^2, pmove=0.36
2026-06-02 22:18:54,308 - Step 03991: -4.9646 E_h, exp. variance=0.1558 E_h^2, pmove=0.36
2026-06-02 22:18:54,971 - Step 03992: -4.9617 E_h, exp. variance=0.1407 E_h^2, pmove=0.36
2026-06-02 22:18:55,635 - Step 03993: -5.0136 E_h, exp. variance=0.1280 E_h^2, pmove=0.36
2026-06-02 22:18:56,300 - Step 03994: -5.0117 E_h, exp. variance=0.1162 E_h^2, pmove=0.36
2026-06-02 22:18:56,964 - Step 03995: -4.9964 E_h, exp. variance=0.1051 E_h^2, pmove=0.37
2026-06-02 22:18:57,627 - Step 03996: -4.9598 E_h, exp. variance=0.0947 E_h^2, pmove=0.36
2026-06-02 22:18:58,292 - Step 03997: -4.9718 E_h, exp. variance=0.0854 E_h^2, pmove=0.37
2026-06-02 22:18:58,970 - Step 03998: -1.8183 E_h, exp. variance=0.9498 E_h^2, pmove=0.36
2026-06-02 22:18:59,634 - Step 03999: -4.2708 E_h, exp. variance=0.8658 E_h^2, pmove=0.36
2026-06-02 22:19:00,297 - Step 04000: -5.0020 E_h, exp. variance=0.7948 E_h^2, pmove=0.37
2026-06-02 22:19:00,959 - Step 04001: -5.0537 E_h, exp. variance=0.7317 E_h^2, pmove=0.36
2026-06-02 22:19:01,624 - Step 04002: -4.8327 E_h, exp. variance=0.6609 E_h^2, pmove=0.37
2026-06-02 22:19:02,288 - Step 04003: -5.0182 E_h, exp. variance=0.6047 E_h^2, pmove=0.37
2026-06-02 22:19:02,952 - Step 04004: -4.9930 E_h, exp. variance=0.5509 E_h^2, pmove=0.37
2026-06-02 22:19:03,616 - Step 04005: -5.0056 E_h, exp. variance=0.5019 E_h^2, pmove=0.36
2026-06-02 22:19:04,281 - Step 04006: -5.0283 E_h, exp. variance=0.4575 E_h^2, pmove=0.36
2026-06-02 22:19:04,947 - Step 04007: -5.0195 E_h, exp. variance=0.4162 E_h^2, pmove=0.36
2026-06-02 22:19:05,610 - Step 04008: -4.9437 E_h, exp. variance=0.3759 E_h^2, pmove=0.37
2026-06-02 22:19:06,275 - Step 04009: -5.0048 E_h, exp. variance=0.3410 E_h^2, pmove=0.36
2026-06-02 22:19:06,939 - Step 04010: -4.9997 E_h, exp. variance=0.3089 E_h^2, pmove=0.37
2026-06-02 22:19:07,606 - Step 04011: -4.9983 E_h, exp. variance=0.2796 E_h^2, pmove=0.37
2026-06-02 22:19:08,270 - Step 04012: -5.0149 E_h, exp. variance=0.2533 E_h^2, pmove=0.37
2026-06-02 22:19:08,935 - Step 04013: -5.0096 E_h, exp. variance=0.2293 E_h^2, pmove=0.37
2026-06-02 22:19:09,600 - Step 04014: -4.9879 E_h, exp. variance=0.2070 E_h^2, pmove=0.36
2026-06-02 22:19:10,267 - Step 04015: -5.0261 E_h, exp. variance=0.1874 E_h^2, pmove=0.37
2026-06-02 22:19:10,934 - Step 04016: -2.0282 E_h, exp. variance=0.9232 E_h^2, pmove=0.36
2026-06-02 22:19:11,598 - Step 04017: -4.9867 E_h, exp. variance=0.8421 E_h^2, pmove=0.36
2026-06-02 22:19:12,263 - Step 04018: -5.0094 E_h, exp. variance=0.7683 E_h^2, pmove=0.36
2026-06-02 22:19:12,927 - Step 04019: -5.0122 E_h, exp. variance=0.7000 E_h^2, pmove=0.36
2026-06-02 22:19:13,594 - Step 04020: -4.9845 E_h, exp. variance=0.6357 E_h^2, pmove=0.36
2026-06-02 22:19:14,258 - Step 04021: -4.9890 E_h, exp. variance=0.5769 E_h^2, pmove=0.36
2026-06-02 22:19:14,922 - Step 04022: -4.6512 E_h, exp. variance=0.5207 E_h^2, pmove=0.36
2026-06-02 22:19:15,587 - Step 04023: -4.9765 E_h, exp. variance=0.4725 E_h^2, pmove=0.36
2026-06-02 22:19:16,255 - Step 04024: -4.9254 E_h, exp. variance=0.4269 E_h^2, pmove=0.36
2026-06-02 22:19:16,922 - Step 04025: -5.0389 E_h, exp. variance=0.3892 E_h^2, pmove=0.36
2026-06-02 22:19:17,585 - Step 04026: -5.0000 E_h, exp. variance=0.3530 E_h^2, pmove=0.37
2026-06-02 22:19:18,248 - Step 04027: -5.0027 E_h, exp. variance=0.3199 E_h^2, pmove=0.36
2026-06-02 22:19:18,914 - Step 04028: -4.9921 E_h, exp. variance=0.2895 E_h^2, pmove=0.36
2026-06-02 22:19:19,578 - Step 04029: -5.0331 E_h, exp. variance=0.2629 E_h^2, pmove=0.37
2026-06-02 22:19:20,242 - Step 04030: -5.0307 E_h, exp. variance=0.2384 E_h^2, pmove=0.36
2026-06-02 22:19:20,906 - Step 04031: -4.9636 E_h, exp. variance=0.2149 E_h^2, pmove=0.36
2026-06-02 22:19:21,569 - Step 04032: -4.9813 E_h, exp. variance=0.1938 E_h^2, pmove=0.36
2026-06-02 22:19:22,237 - Step 04033: -4.9687 E_h, exp. variance=0.1747 E_h^2, pmove=0.36
2026-06-02 22:19:22,900 - Step 04034: -4.9775 E_h, exp. variance=0.1575 E_h^2, pmove=0.36
2026-06-02 22:19:23,564 - Step 04035: -0.3679 E_h, exp. variance=2.0127 E_h^2, pmove=0.36
2026-06-02 22:19:24,228 - Step 04036: -4.9401 E_h, exp. variance=1.8312 E_h^2, pmove=0.37
2026-06-02 22:19:24,894 - Step 04037: -4.9969 E_h, exp. variance=1.6687 E_h^2, pmove=0.36
2026-06-02 22:19:25,556 - Step 04038: -3.4621 E_h, exp. variance=1.6116 E_h^2, pmove=0.36
2026-06-02 22:19:26,219 - Step 04039: -4.9988 E_h, exp. variance=1.4769 E_h^2, pmove=0.36
2026-06-02 22:19:26,883 - Step 04040: -5.0260 E_h, exp. variance=1.3532 E_h^2, pmove=0.36
2026-06-02 22:19:27,547 - Step 04041: 246.8317 E_h, exp. variance=5689.0957 E_h^2, pmove=0.37
2026-06-02 22:19:28,211 - Step 04042: -4.9750 E_h, exp. variance=5178.9507 E_h^2, pmove=0.36
2026-06-02 22:19:28,875 - Step 04043: -4.9967 E_h, exp. variance=4708.7446 E_h^2, pmove=0.36
2026-06-02 22:19:29,537 - Step 04044: -5.0246 E_h, exp. variance=4276.6025 E_h^2, pmove=0.37
2026-06-02 22:19:30,204 - Step 04045: -4.9973 E_h, exp. variance=3880.2239 E_h^2, pmove=0.37
2026-06-02 22:19:30,868 - Step 04046: -5.0087 E_h, exp. variance=3517.5740 E_h^2, pmove=0.37
2026-06-02 22:19:31,533 - Step 04047: -5.0021 E_h, exp. variance=3186.3503 E_h^2, pmove=0.37
2026-06-02 22:19:32,197 - Step 04048: -4.9625 E_h, exp. variance=2884.2507 E_h^2, pmove=0.37
2026-06-02 22:19:32,862 - Step 04049: -5.0066 E_h, exp. variance=2609.3164 E_h^2, pmove=0.37
2026-06-02 22:19:33,528 - Step 04050: -4.9815 E_h, exp. variance=2359.2625 E_h^2, pmove=0.37
2026-06-02 22:19:34,193 - Step 04051: -4.9657 E_h, exp. variance=2132.1191 E_h^2, pmove=0.37
2026-06-02 22:19:34,874 - Step 04052: -4.9925 E_h, exp. variance=1926.0643 E_h^2, pmove=0.37
2026-06-02 22:19:35,539 - Step 04053: -5.0155 E_h, exp. variance=1739.2885 E_h^2, pmove=0.37
2026-06-02 22:19:36,207 - Step 04054: -5.0308 E_h, exp. variance=1570.1023 E_h^2, pmove=0.37
2026-06-02 22:19:36,909 - Step 04055: -5.0272 E_h, exp. variance=1416.9294 E_h^2, pmove=0.37
2026-06-02 22:19:37,575 - Step 04056: -5.0122 E_h, exp. variance=1278.3289 E_h^2, pmove=0.37
2026-06-02 22:19:38,241 - Step 04057: -4.9642 E_h, exp. variance=1152.9553 E_h^2, pmove=0.37
2026-06-02 22:19:38,910 - Step 04058: -3.9994 E_h, exp. variance=1038.9186 E_h^2, pmove=0.37
2026-06-02 22:19:39,576 - Step 04059: 773.3920 E_h, exp. variance=54855.4023 E_h^2, pmove=0.37
2026-06-02 22:19:40,300 - Step 04060: -5.0378 E_h, exp. variance=49972.1758 E_h^2, pmove=0.36
2026-06-02 22:19:40,968 - Step 04061: -5.0567 E_h, exp. variance=45463.0820 E_h^2, pmove=0.37
2026-06-02 22:19:41,639 - Step 04062: -5.0014 E_h, exp. variance=41311.4922 E_h^2, pmove=0.37
2026-06-02 22:19:42,305 - Step 04063: -5.0268 E_h, exp. variance=37500.3359 E_h^2, pmove=0.37
2026-06-02 22:19:42,970 - Step 04064: -5.0409 E_h, exp. variance=34009.6367 E_h^2, pmove=0.37
2026-06-02 22:19:43,636 - Step 04065: -4.9095 E_h, exp. variance=30817.5918 E_h^2, pmove=0.37
2026-06-02 22:19:44,306 - Step 04066: -5.0524 E_h, exp. variance=27906.1738 E_h^2, pmove=0.36
2026-06-02 22:19:44,973 - Step 04067: -5.0845 E_h, exp. variance=25253.7578 E_h^2, pmove=0.37
2026-06-02 22:19:45,639 - Step 04068: -5.0290 E_h, exp. variance=22839.9746 E_h^2, pmove=0.37
2026-06-02 22:19:46,304 - Step 04069: -4.9361 E_h, exp. variance=20645.8379 E_h^2, pmove=0.36
2026-06-02 22:19:46,971 - Step 04070: -5.0078 E_h, exp. variance=18654.4082 E_h^2, pmove=0.37
2026-06-02 22:19:47,640 - Step 04071: -5.0287 E_h, exp. variance=16848.3203 E_h^2, pmove=0.36
2026-06-02 22:19:48,306 - Step 04072: -5.0299 E_h, exp. variance=15211.5674 E_h^2, pmove=0.36
2026-06-02 22:19:48,973 - Step 04073: -4.9833 E_h, exp. variance=13729.1807 E_h^2, pmove=0.37
2026-06-02 22:19:49,640 - Step 04074: -5.0200 E_h, exp. variance=12387.7891 E_h^2, pmove=0.36
2026-06-02 22:19:50,308 - Step 04075: -5.0002 E_h, exp. variance=11174.4873 E_h^2, pmove=0.36
2026-06-02 22:19:50,976 - Step 04076: -5.0342 E_h, exp. variance=10077.7676 E_h^2, pmove=0.36
2026-06-02 22:19:51,645 - Step 04077: -5.0494 E_h, exp. variance=9086.8193 E_h^2, pmove=0.36
2026-06-02 22:19:52,313 - Step 04078: -5.0322 E_h, exp. variance=8191.7305 E_h^2, pmove=0.37
2026-06-02 22:19:52,982 - Step 04079: -5.0560 E_h, exp. variance=7383.6147 E_h^2, pmove=0.36
2026-06-02 22:19:53,648 - Step 04080: -5.0299 E_h, exp. variance=6654.1631 E_h^2, pmove=0.37
2026-06-02 22:19:54,315 - Step 04081: -5.0294 E_h, exp. variance=5995.9629 E_h^2, pmove=0.36
2026-06-02 22:19:54,981 - Step 04082: -5.0199 E_h, exp. variance=5402.1982 E_h^2, pmove=0.37
2026-06-02 22:19:55,647 - Step 04083: -4.9945 E_h, exp. variance=4866.6685 E_h^2, pmove=0.37
2026-06-02 22:19:56,314 - Step 04084: -4.9977 E_h, exp. variance=4383.8047 E_h^2, pmove=0.37
2026-06-02 22:19:56,982 - Step 04085: -5.0523 E_h, exp. variance=3948.5623 E_h^2, pmove=0.36
2026-06-02 22:19:57,649 - Step 04086: -5.0241 E_h, exp. variance=3556.2209 E_h^2, pmove=0.37
2026-06-02 22:19:58,316 - Step 04087: -4.9944 E_h, exp. variance=3202.6106 E_h^2, pmove=0.37
2026-06-02 22:19:58,981 - Step 04088: -4.6010 E_h, exp. variance=2883.6917 E_h^2, pmove=0.36
2026-06-02 22:19:59,648 - Step 04089: -4.9633 E_h, exp. variance=2596.6479 E_h^2, pmove=0.36
2026-06-02 22:20:00,316 - Step 04090: -4.9284 E_h, exp. variance=2338.0352 E_h^2, pmove=0.36
2026-06-02 22:20:00,984 - Step 04091: -4.9662 E_h, exp. variance=2105.1050 E_h^2, pmove=0.37
2026-06-02 22:20:01,649 - Step 04092: -4.9960 E_h, exp. variance=1895.3169 E_h^2, pmove=0.37
2026-06-02 22:20:02,316 - Step 04093: -5.0345 E_h, exp. variance=1706.3882 E_h^2, pmove=0.37
2026-06-02 22:20:02,980 - Step 04094: -5.0240 E_h, exp. variance=1536.2334 E_h^2, pmove=0.37
2026-06-02 22:20:03,646 - Step 04095: -5.0002 E_h, exp. variance=1382.9932 E_h^2, pmove=0.36
2026-06-02 22:20:04,311 - Step 04096: -4.9940 E_h, exp. variance=1245.0022 E_h^2, pmove=0.36
2026-06-02 22:20:04,977 - Step 04097: -4.9735 E_h, exp. variance=1120.7456 E_h^2, pmove=0.36
2026-06-02 22:20:05,644 - Step 04098: -5.0356 E_h, exp. variance=1008.8853 E_h^2, pmove=0.36
2026-06-02 22:20:06,309 - Step 04099: -4.9837 E_h, exp. variance=908.1575 E_h^2, pmove=0.36
2026-06-02 22:20:06,974 - Step 04100: -5.0324 E_h, exp. variance=817.4827 E_h^2, pmove=0.37
2026-06-02 22:20:07,640 - Step 04101: -5.0515 E_h, exp. variance=735.8526 E_h^2, pmove=0.37
2026-06-02 22:20:08,305 - Step 04102: -5.0464 E_h, exp. variance=662.3620 E_h^2, pmove=0.36
2026-06-02 22:20:08,970 - Step 04103: -5.0206 E_h, exp. variance=596.1983 E_h^2, pmove=0.37
2026-06-02 22:20:09,635 - Step 04104: -4.9865 E_h, exp. variance=536.6323 E_h^2, pmove=0.36
2026-06-02 22:20:10,301 - Step 04105: -4.9576 E_h, exp. variance=483.0092 E_h^2, pmove=0.37
2026-06-02 22:20:10,966 - Step 04106: -4.8464 E_h, exp. variance=434.7298 E_h^2, pmove=0.36
2026-06-02 22:20:11,630 - Step 04107: -5.0169 E_h, exp. variance=391.2905 E_h^2, pmove=0.37
2026-06-02 22:20:12,295 - Step 04108: -5.0428 E_h, exp. variance=352.1913 E_h^2, pmove=0.36
2026-06-02 22:20:12,962 - Step 04109: -5.0211 E_h, exp. variance=316.9943 E_h^2, pmove=0.36
2026-06-02 22:20:13,626 - Step 04110: -5.0490 E_h, exp. variance=285.3152 E_h^2, pmove=0.37
2026-06-02 22:20:14,291 - Step 04111: -5.0619 E_h, exp. variance=256.8011 E_h^2, pmove=0.36
2026-06-02 22:20:14,955 - Step 04112: -5.0174 E_h, exp. variance=231.1321 E_h^2, pmove=0.36
2026-06-02 22:20:15,620 - Step 04113: -4.9947 E_h, exp. variance=208.0267 E_h^2, pmove=0.37
2026-06-02 22:20:16,284 - Step 04114: -4.9550 E_h, exp. variance=187.2285 E_h^2, pmove=0.36
2026-06-02 22:20:16,949 - Step 04115: -4.9745 E_h, exp. variance=168.5101 E_h^2, pmove=0.37
2026-06-02 22:20:17,613 - Step 04116: -5.0253 E_h, exp. variance=151.6647 E_h^2, pmove=0.37
2026-06-02 22:20:18,278 - Step 04117: -5.0659 E_h, exp. variance=136.5046 E_h^2, pmove=0.37
2026-06-02 22:20:18,953 - Step 04118: -5.0529 E_h, exp. variance=122.8588 E_h^2, pmove=0.36
2026-06-02 22:20:19,619 - Step 04119: -5.0494 E_h, exp. variance=110.5765 E_h^2, pmove=0.36
2026-06-02 22:20:20,286 - Step 04120: -5.0082 E_h, exp. variance=99.5206 E_h^2, pmove=0.36
2026-06-02 22:20:20,953 - Step 04121: -5.0565 E_h, exp. variance=89.5712 E_h^2, pmove=0.36
2026-06-02 22:20:21,623 - Step 04122: 0.4737 E_h, exp. variance=83.2134 E_h^2, pmove=0.37
2026-06-02 22:20:22,289 - Step 04123: -5.0328 E_h, exp. variance=74.9324 E_h^2, pmove=0.37
2026-06-02 22:20:22,956 - Step 04124: -4.9751 E_h, exp. variance=67.4659 E_h^2, pmove=0.37
2026-06-02 22:20:23,622 - Step 04125: -4.9721 E_h, exp. variance=60.7407 E_h^2, pmove=0.36
2026-06-02 22:20:24,292 - Step 04126: -5.0561 E_h, exp. variance=54.6913 E_h^2, pmove=0.37
2026-06-02 22:20:24,958 - Step 04127: -5.0154 E_h, exp. variance=49.2388 E_h^2, pmove=0.36
2026-06-02 22:20:25,626 - Step 04128: -3.8346 E_h, exp. variance=44.3716 E_h^2, pmove=0.37
2026-06-02 22:20:26,293 - Step 04129: -5.0466 E_h, exp. variance=39.9567 E_h^2, pmove=0.36
2026-06-02 22:20:26,962 - Step 04130: -5.0501 E_h, exp. variance=35.9794 E_h^2, pmove=0.37
2026-06-02 22:20:27,629 - Step 04131: -5.0171 E_h, exp. variance=32.3940 E_h^2, pmove=0.37
2026-06-02 22:20:28,296 - Step 04132: -5.0392 E_h, exp. variance=29.1661 E_h^2, pmove=0.36
2026-06-02 22:20:28,963 - Step 04133: -5.0622 E_h, exp. variance=26.2602 E_h^2, pmove=0.37
2026-06-02 22:20:29,630 - Step 04134: -5.0579 E_h, exp. variance=23.6426 E_h^2, pmove=0.37
2026-06-02 22:20:30,300 - Step 04135: -5.0513 E_h, exp. variance=21.2849 E_h^2, pmove=0.37
2026-06-02 22:20:30,969 - Step 04136: -5.0642 E_h, exp. variance=19.1622 E_h^2, pmove=0.36
2026-06-02 22:20:31,635 - Step 04137: -5.0389 E_h, exp. variance=17.2498 E_h^2, pmove=0.37
2026-06-02 22:20:32,299 - Step 04138: -5.0220 E_h, exp. variance=15.5273 E_h^2, pmove=0.37
2026-06-02 22:20:32,966 - Step 04139: -5.0172 E_h, exp. variance=13.9765 E_h^2, pmove=0.37
2026-06-02 22:20:33,630 - Step 04140: -5.0164 E_h, exp. variance=12.5803 E_h^2, pmove=0.37
2026-06-02 22:20:34,294 - Step 04141: -5.0286 E_h, exp. variance=11.3238 E_h^2, pmove=0.37
2026-06-02 22:20:34,958 - Step 04142: -5.0685 E_h, exp. variance=10.1936 E_h^2, pmove=0.37
2026-06-02 22:20:35,625 - Step 04143: -5.0750 E_h, exp. variance=9.1762 E_h^2, pmove=0.37
2026-06-02 22:20:36,290 - Step 04144: -5.0557 E_h, exp. variance=8.2597 E_h^2, pmove=0.37
2026-06-02 22:20:36,953 - Step 04145: -5.0032 E_h, exp. variance=7.4340 E_h^2, pmove=0.37
2026-06-02 22:20:37,618 - Step 04146: -5.0122 E_h, exp. variance=6.6908 E_h^2, pmove=0.36
2026-06-02 22:20:38,284 - Step 04147: -5.0301 E_h, exp. variance=6.0222 E_h^2, pmove=0.37
2026-06-02 22:20:38,948 - Step 04148: -5.0446 E_h, exp. variance=5.4204 E_h^2, pmove=0.37
2026-06-02 22:20:39,611 - Step 04149: -5.0379 E_h, exp. variance=4.8787 E_h^2, pmove=0.37
2026-06-02 22:20:40,275 - Step 04150: -5.0116 E_h, exp. variance=4.3909 E_h^2, pmove=0.37
2026-06-02 22:20:40,939 - Step 04151: -5.0377 E_h, exp. variance=3.9520 E_h^2, pmove=0.36
2026-06-02 22:20:41,605 - Step 04152: -5.0647 E_h, exp. variance=3.5573 E_h^2, pmove=0.37
2026-06-02 22:20:42,269 - Step 04153: -5.0540 E_h, exp. variance=3.2019 E_h^2, pmove=0.37
2026-06-02 22:20:42,932 - Step 04154: -5.0969 E_h, exp. variance=2.8824 E_h^2, pmove=0.37
2026-06-02 22:20:43,596 - Step 04155: -5.0438 E_h, exp. variance=2.5943 E_h^2, pmove=0.37
2026-06-02 22:20:44,262 - Step 04156: -5.0513 E_h, exp. variance=2.3350 E_h^2, pmove=0.37
2026-06-02 22:20:44,926 - Step 04157: -5.0383 E_h, exp. variance=2.1015 E_h^2, pmove=0.36
2026-06-02 22:20:45,590 - Step 04158: -5.0251 E_h, exp. variance=1.8913 E_h^2, pmove=0.37
2026-06-02 22:20:46,254 - Step 04159: -5.0243 E_h, exp. variance=1.7022 E_h^2, pmove=0.36
2026-06-02 22:20:46,924 - Step 04160: -4.9980 E_h, exp. variance=1.5320 E_h^2, pmove=0.37
2026-06-02 22:20:47,589 - Step 04161: -4.9629 E_h, exp. variance=1.3791 E_h^2, pmove=0.36
2026-06-02 22:20:48,255 - Step 04162: -4.8559 E_h, exp. variance=1.2435 E_h^2, pmove=0.36
2026-06-02 22:20:48,921 - Step 04163: -4.9869 E_h, exp. variance=1.1191 E_h^2, pmove=0.37
2026-06-02 22:20:49,588 - Step 04164: -5.0385 E_h, exp. variance=1.0074 E_h^2, pmove=0.37
2026-06-02 22:20:50,256 - Step 04165: -5.0275 E_h, exp. variance=0.9067 E_h^2, pmove=0.36
2026-06-02 22:20:50,921 - Step 04166: -5.0109 E_h, exp. variance=0.8160 E_h^2, pmove=0.37
2026-06-02 22:20:51,587 - Step 04167: -5.0123 E_h, exp. variance=0.7344 E_h^2, pmove=0.36
2026-06-02 22:20:52,251 - Step 04168: -5.0443 E_h, exp. variance=0.6611 E_h^2, pmove=0.36
2026-06-02 22:20:52,918 - Step 04169: -5.0306 E_h, exp. variance=0.5951 E_h^2, pmove=0.37
2026-06-02 22:20:53,583 - Step 04170: -5.0042 E_h, exp. variance=0.5356 E_h^2, pmove=0.36
2026-06-02 22:20:54,249 - Step 04171: -5.0247 E_h, exp. variance=0.4820 E_h^2, pmove=0.36
2026-06-02 22:20:54,913 - Step 04172: -5.0555 E_h, exp. variance=0.4340 E_h^2, pmove=0.36
2026-06-02 22:20:55,581 - Step 04173: -5.0877 E_h, exp. variance=0.3910 E_h^2, pmove=0.36
2026-06-02 22:20:56,248 - Step 04174: -5.0592 E_h, exp. variance=0.3521 E_h^2, pmove=0.37
2026-06-02 22:20:56,913 - Step 04175: -5.0528 E_h, exp. variance=0.3169 E_h^2, pmove=0.36
2026-06-02 22:20:57,578 - Step 04176: -5.0855 E_h, exp. variance=0.2855 E_h^2, pmove=0.37
2026-06-02 22:20:58,247 - Step 04177: -5.0674 E_h, exp. variance=0.2570 E_h^2, pmove=0.37
2026-06-02 22:20:58,913 - Step 04178: -5.0060 E_h, exp. variance=0.2314 E_h^2, pmove=0.36
2026-06-02 22:20:59,578 - Step 04179: -5.0707 E_h, exp. variance=0.2084 E_h^2, pmove=0.36
2026-06-02 22:21:00,245 - Step 04180: -5.0054 E_h, exp. variance=0.1877 E_h^2, pmove=0.36
2026-06-02 22:21:00,911 - Step 04181: -4.9666 E_h, exp. variance=0.1693 E_h^2, pmove=0.36
2026-06-02 22:21:01,579 - Step 04182: -4.9758 E_h, exp. variance=0.1526 E_h^2, pmove=0.37
2026-06-02 22:21:02,245 - Step 04183: -5.0586 E_h, exp. variance=0.1375 E_h^2, pmove=0.37
2026-06-02 22:21:02,910 - Step 04184: -5.0812 E_h, exp. variance=0.1240 E_h^2, pmove=0.37
2026-06-02 22:21:03,576 - Step 04185: -5.0399 E_h, exp. variance=0.1116 E_h^2, pmove=0.37
2026-06-02 22:21:04,242 - Step 04186: -5.0411 E_h, exp. variance=0.1005 E_h^2, pmove=0.37
2026-06-02 22:21:04,909 - Step 04187: -5.0288 E_h, exp. variance=0.0904 E_h^2, pmove=0.37
2026-06-02 22:21:05,575 - Step 04188: -5.0683 E_h, exp. variance=0.0815 E_h^2, pmove=0.37
2026-06-02 22:21:06,238 - Step 04189: -5.0600 E_h, exp. variance=0.0734 E_h^2, pmove=0.37
2026-06-02 22:21:06,905 - Step 04190: -5.0765 E_h, exp. variance=0.0662 E_h^2, pmove=0.37
2026-06-02 22:21:07,571 - Step 04191: -5.0350 E_h, exp. variance=0.0596 E_h^2, pmove=0.37
2026-06-02 22:21:08,237 - Step 04192: -5.0134 E_h, exp. variance=0.0537 E_h^2, pmove=0.37
2026-06-02 22:21:08,902 - Step 04193: -5.0162 E_h, exp. variance=0.0484 E_h^2, pmove=0.36
2026-06-02 22:21:09,568 - Step 04194: -5.0759 E_h, exp. variance=0.0437 E_h^2, pmove=0.37
2026-06-02 22:21:10,234 - Step 04195: -5.0717 E_h, exp. variance=0.0394 E_h^2, pmove=0.37
2026-06-02 22:21:10,899 - Step 04196: -5.0339 E_h, exp. variance=0.0354 E_h^2, pmove=0.37
2026-06-02 22:21:11,565 - Step 04197: -5.0871 E_h, exp. variance=0.0321 E_h^2, pmove=0.37
2026-06-02 22:21:12,230 - Step 04198: -5.0907 E_h, exp. variance=0.0290 E_h^2, pmove=0.37
2026-06-02 22:21:12,894 - Step 04199: -5.0559 E_h, exp. variance=0.0261 E_h^2, pmove=0.37
2026-06-02 22:21:13,559 - Step 04200: -5.0516 E_h, exp. variance=0.0235 E_h^2, pmove=0.37
2026-06-02 22:21:14,225 - Step 04201: -5.0186 E_h, exp. variance=0.0213 E_h^2, pmove=0.37
2026-06-02 22:21:14,890 - Step 04202: -5.0428 E_h, exp. variance=0.0191 E_h^2, pmove=0.36
2026-06-02 22:21:15,556 - Step 04203: -5.1115 E_h, exp. variance=0.0176 E_h^2, pmove=0.37
2026-06-02 22:21:16,221 - Step 04204: -5.0943 E_h, exp. variance=0.0160 E_h^2, pmove=0.37
2026-06-02 22:21:16,886 - Step 04205: -5.0496 E_h, exp. variance=0.0144 E_h^2, pmove=0.37
2026-06-02 22:21:17,550 - Step 04206: -5.1043 E_h, exp. variance=0.0131 E_h^2, pmove=0.36
2026-06-02 22:21:18,216 - Step 04207: -5.0670 E_h, exp. variance=0.0118 E_h^2, pmove=0.37
2026-06-02 22:21:18,880 - Step 04208: -5.0784 E_h, exp. variance=0.0107 E_h^2, pmove=0.37
2026-06-02 22:21:19,546 - Step 04209: -5.0432 E_h, exp. variance=0.0096 E_h^2, pmove=0.37
2026-06-02 22:21:20,212 - Step 04210: -5.0555 E_h, exp. variance=0.0087 E_h^2, pmove=0.36
2026-06-02 22:21:20,877 - Step 04211: -5.0738 E_h, exp. variance=0.0078 E_h^2, pmove=0.37
2026-06-02 22:21:21,544 - Step 04212: -5.1028 E_h, exp. variance=0.0072 E_h^2, pmove=0.37
2026-06-02 22:21:22,209 - Step 04213: -5.0840 E_h, exp. variance=0.0065 E_h^2, pmove=0.37
2026-06-02 22:21:22,875 - Step 04214: -5.0551 E_h, exp. variance=0.0059 E_h^2, pmove=0.37
2026-06-02 22:21:23,540 - Step 04215: -5.0920 E_h, exp. variance=0.0053 E_h^2, pmove=0.37
2026-06-02 22:21:24,207 - Step 04216: -5.0769 E_h, exp. variance=0.0048 E_h^2, pmove=0.37
2026-06-02 22:21:24,873 - Step 04217: -5.0796 E_h, exp. variance=0.0043 E_h^2, pmove=0.36
2026-06-02 22:21:25,537 - Step 04218: -5.0401 E_h, exp. variance=0.0040 E_h^2, pmove=0.37
2026-06-02 22:21:26,204 - Step 04219: -5.0281 E_h, exp. variance=0.0037 E_h^2, pmove=0.37
2026-06-02 22:21:26,872 - Step 04220: -5.0667 E_h, exp. variance=0.0034 E_h^2, pmove=0.37
2026-06-02 22:21:27,537 - Step 04221: -5.1099 E_h, exp. variance=0.0032 E_h^2, pmove=0.37
2026-06-02 22:21:28,202 - Step 04222: -5.0980 E_h, exp. variance=0.0030 E_h^2, pmove=0.37
2026-06-02 22:21:28,868 - Step 04223: -5.0940 E_h, exp. variance=0.0027 E_h^2, pmove=0.37
2026-06-02 22:21:29,534 - Step 04224: -5.0423 E_h, exp. variance=0.0025 E_h^2, pmove=0.37
2026-06-02 22:21:30,199 - Step 04225: -5.0442 E_h, exp. variance=0.0023 E_h^2, pmove=0.37
2026-06-02 22:21:30,865 - Step 04226: -5.0617 E_h, exp. variance=0.0021 E_h^2, pmove=0.37
2026-06-02 22:21:31,531 - Step 04227: -5.0636 E_h, exp. variance=0.0019 E_h^2, pmove=0.37
2026-06-02 22:21:32,199 - Step 04228: -5.0515 E_h, exp. variance=0.0017 E_h^2, pmove=0.37
2026-06-02 22:21:32,868 - Step 04229: -5.0582 E_h, exp. variance=0.0016 E_h^2, pmove=0.37
2026-06-02 22:21:33,535 - Step 04230: -5.0376 E_h, exp. variance=0.0015 E_h^2, pmove=0.36
2026-06-02 22:21:34,200 - Step 04231: -5.0649 E_h, exp. variance=0.0013 E_h^2, pmove=0.36
2026-06-02 22:21:34,866 - Step 04232: -5.0340 E_h, exp. variance=0.0013 E_h^2, pmove=0.36
2026-06-02 22:21:35,533 - Step 04233: -5.0356 E_h, exp. variance=0.0012 E_h^2, pmove=0.37
2026-06-02 22:21:36,197 - Step 04234: -5.0555 E_h, exp. variance=0.0011 E_h^2, pmove=0.36
2026-06-02 22:21:36,862 - Step 04235: -5.0594 E_h, exp. variance=0.0010 E_h^2, pmove=0.36
2026-06-02 22:21:37,525 - Step 04236: -4.9975 E_h, exp. variance=0.0012 E_h^2, pmove=0.36
2026-06-02 22:21:38,192 - Step 04237: -5.0502 E_h, exp. variance=0.0011 E_h^2, pmove=0.37
2026-06-02 22:21:38,856 - Step 04238: -4.9272 E_h, exp. variance=0.0023 E_h^2, pmove=0.37
2026-06-02 22:21:39,520 - Step 04239: -5.0220 E_h, exp. variance=0.0021 E_h^2, pmove=0.36
2026-06-02 22:21:40,184 - Step 04240: -4.9921 E_h, exp. variance=0.0021 E_h^2, pmove=0.36
2026-06-02 22:21:40,849 - Step 04241: -4.7003 E_h, exp. variance=0.0118 E_h^2, pmove=0.37
2026-06-02 22:21:41,512 - Step 04242: -4.9639 E_h, exp. variance=0.0108 E_h^2, pmove=0.37
2026-06-02 22:21:42,176 - Step 04243: -5.0502 E_h, exp. variance=0.0100 E_h^2, pmove=0.36
2026-06-02 22:21:42,839 - Step 04244: -5.0453 E_h, exp. variance=0.0091 E_h^2, pmove=0.37
2026-06-02 22:21:43,503 - Step 04245: -5.0822 E_h, exp. variance=0.0087 E_h^2, pmove=0.37
2026-06-02 22:21:44,171 - Step 04246: -5.0250 E_h, exp. variance=0.0079 E_h^2, pmove=0.37
2026-06-02 22:21:44,838 - Step 04247: -5.0339 E_h, exp. variance=0.0071 E_h^2, pmove=0.36
2026-06-02 22:21:45,501 - Step 04248: -5.0550 E_h, exp. variance=0.0065 E_h^2, pmove=0.37
2026-06-02 22:21:46,167 - Step 04249: -4.9151 E_h, exp. variance=0.0069 E_h^2, pmove=0.36
2026-06-02 22:21:46,835 - Step 04250: -5.0170 E_h, exp. variance=0.0062 E_h^2, pmove=0.37
2026-06-02 22:21:47,502 - Step 04251: -5.0275 E_h, exp. variance=0.0056 E_h^2, pmove=0.37
2026-06-02 22:21:48,166 - Step 04252: -5.0462 E_h, exp. variance=0.0052 E_h^2, pmove=0.36
2026-06-02 22:21:48,832 - Step 04253: -5.0191 E_h, exp. variance=0.0046 E_h^2, pmove=0.37
2026-06-02 22:21:49,500 - Step 04254: -5.0298 E_h, exp. variance=0.0042 E_h^2, pmove=0.36
2026-06-02 22:21:50,166 - Step 04255: -5.0364 E_h, exp. variance=0.0038 E_h^2, pmove=0.36
2026-06-02 22:21:50,830 - Step 04256: 35.9720 E_h, exp. variance=151.2285 E_h^2, pmove=0.36
2026-06-02 22:21:51,496 - Step 04257: -5.0219 E_h, exp. variance=137.6199 E_h^2, pmove=0.36
2026-06-02 22:21:52,164 - Step 04258: -4.9805 E_h, exp. variance=125.0571 E_h^2, pmove=0.36
2026-06-02 22:21:52,830 - Step 04259: -5.0424 E_h, exp. variance=113.5596 E_h^2, pmove=0.36
2026-06-02 22:21:53,496 - Step 04260: -5.0347 E_h, exp. variance=103.0162 E_h^2, pmove=0.36
2026-06-02 22:21:54,160 - Step 04261: -5.0717 E_h, exp. variance=93.3908 E_h^2, pmove=0.36
2026-06-02 22:21:54,826 - Step 04262: -5.0234 E_h, exp. variance=84.5783 E_h^2, pmove=0.37
2026-06-02 22:21:55,494 - Step 04263: -5.0536 E_h, exp. variance=76.5589 E_h^2, pmove=0.36
2026-06-02 22:21:56,160 - Step 04264: -3.4315 E_h, exp. variance=68.9150 E_h^2, pmove=0.36
2026-06-02 22:21:56,826 - Step 04265: -5.0679 E_h, exp. variance=62.3707 E_h^2, pmove=0.36
2026-06-02 22:21:57,491 - Step 04266: -5.0989 E_h, exp. variance=56.4249 E_h^2, pmove=0.36
2026-06-02 22:21:58,158 - Step 04267: -5.0791 E_h, exp. variance=51.0125 E_h^2, pmove=0.36
2026-06-02 22:21:58,822 - Step 04268: -5.0780 E_h, exp. variance=46.0974 E_h^2, pmove=0.36
2026-06-02 22:21:59,486 - Step 04269: -5.0721 E_h, exp. variance=41.6371 E_h^2, pmove=0.36
2026-06-02 22:22:00,152 - Step 04270: -5.0484 E_h, exp. variance=37.5895 E_h^2, pmove=0.37
2026-06-02 22:22:00,819 - Step 04271: -5.0505 E_h, exp. variance=33.9250 E_h^2, pmove=0.36
2026-06-02 22:22:01,483 - Step 04272: -4.5138 E_h, exp. variance=30.5458 E_h^2, pmove=0.36
2026-06-02 22:22:02,147 - Step 04273: -5.0761 E_h, exp. variance=27.5656 E_h^2, pmove=0.36
2026-06-02 22:22:02,813 - Step 04274: -5.1055 E_h, exp. variance=24.8737 E_h^2, pmove=0.36
2026-06-02 22:22:03,480 - Step 04275: -5.0753 E_h, exp. variance=22.4346 E_h^2, pmove=0.36
2026-06-02 22:22:04,146 - Step 04276: -5.0809 E_h, exp. variance=20.2310 E_h^2, pmove=0.36
2026-06-02 22:22:04,812 - Step 04277: -5.1010 E_h, exp. variance=18.2423 E_h^2, pmove=0.37
2026-06-02 22:22:05,477 - Step 04278: -5.0590 E_h, exp. variance=16.4419 E_h^2, pmove=0.36
2026-06-02 22:22:06,144 - Step 04279: -5.0712 E_h, exp. variance=14.8181 E_h^2, pmove=0.37
2026-06-02 22:22:06,811 - Step 04280: -5.0501 E_h, exp. variance=13.3512 E_h^2, pmove=0.37
2026-06-02 22:22:07,476 - Step 04281: -5.0800 E_h, exp. variance=12.0302 E_h^2, pmove=0.37
2026-06-02 22:22:08,141 - Step 04282: -5.0645 E_h, exp. variance=10.8376 E_h^2, pmove=0.37
2026-06-02 22:22:08,807 - Step 04283: -5.0616 E_h, exp. variance=9.7621 E_h^2, pmove=0.37
2026-06-02 22:22:09,475 - Step 04284: -4.9604 E_h, exp. variance=8.7886 E_h^2, pmove=0.37
2026-06-02 22:22:10,141 - Step 04285: -5.1148 E_h, exp. variance=7.9184 E_h^2, pmove=0.37
2026-06-02 22:22:10,806 - Step 04286: -5.1022 E_h, exp. variance=7.1329 E_h^2, pmove=0.37
2026-06-02 22:22:11,470 - Step 04287: -5.0880 E_h, exp. variance=6.4242 E_h^2, pmove=0.37
2026-06-02 22:22:12,139 - Step 04288: -5.0057 E_h, exp. variance=5.7830 E_h^2, pmove=0.37
2026-06-02 22:22:12,804 - Step 04289: -5.0209 E_h, exp. variance=5.2061 E_h^2, pmove=0.37
2026-06-02 22:22:13,467 - Step 04290: -5.0201 E_h, exp. variance=4.6866 E_h^2, pmove=0.37
2026-06-02 22:22:14,131 - Step 04291: -5.0496 E_h, exp. variance=4.2194 E_h^2, pmove=0.37
2026-06-02 22:22:14,796 - Step 04292: -5.0490 E_h, exp. variance=3.7987 E_h^2, pmove=0.37
2026-06-02 22:22:15,463 - Step 04293: -5.0389 E_h, exp. variance=3.4196 E_h^2, pmove=0.37
2026-06-02 22:22:16,153 - Step 04294: -5.0817 E_h, exp. variance=3.0791 E_h^2, pmove=0.37
2026-06-02 22:22:16,818 - Step 04295: -5.0694 E_h, exp. variance=2.7721 E_h^2, pmove=0.37
2026-06-02 22:22:17,482 - Step 04296: -4.9922 E_h, exp. variance=2.4949 E_h^2, pmove=0.37
2026-06-02 22:22:18,148 - Step 04297: -5.0265 E_h, exp. variance=2.2456 E_h^2, pmove=0.37
2026-06-02 22:22:18,813 - Step 04298: -5.0481 E_h, exp. variance=2.0215 E_h^2, pmove=0.36
2026-06-02 22:22:19,478 - Step 04299: -4.9923 E_h, exp. variance=1.8193 E_h^2, pmove=0.37
2026-06-02 22:22:20,142 - Step 04300: -5.0898 E_h, exp. variance=1.6383 E_h^2, pmove=0.37
2026-06-02 22:22:20,808 - Step 04301: -5.0951 E_h, exp. variance=1.4752 E_h^2, pmove=0.37
2026-06-02 22:22:21,473 - Step 04302: -4.9586 E_h, exp. variance=1.3280 E_h^2, pmove=0.37
2026-06-02 22:22:22,138 - Step 04303: -5.0568 E_h, exp. variance=1.1954 E_h^2, pmove=0.37
2026-06-02 22:22:22,801 - Step 04304: -5.0511 E_h, exp. variance=1.0760 E_h^2, pmove=0.37
2026-06-02 22:22:23,466 - Step 04305: -5.0969 E_h, exp. variance=0.9690 E_h^2, pmove=0.37
2026-06-02 22:22:24,131 - Step 04306: -5.0981 E_h, exp. variance=0.8727 E_h^2, pmove=0.37
2026-06-02 22:22:24,796 - Step 04307: -5.1058 E_h, exp. variance=0.7859 E_h^2, pmove=0.37
2026-06-02 22:22:25,460 - Step 04308: -5.1267 E_h, exp. variance=0.7080 E_h^2, pmove=0.36
2026-06-02 22:22:26,124 - Step 04309: -5.0860 E_h, exp. variance=0.6374 E_h^2, pmove=0.37
2026-06-02 22:22:26,788 - Step 04310: -5.1062 E_h, exp. variance=0.5739 E_h^2, pmove=0.37
2026-06-02 22:22:27,452 - Step 04311: -5.0959 E_h, exp. variance=0.5167 E_h^2, pmove=0.37
2026-06-02 22:22:28,117 - Step 04312: -5.0671 E_h, exp. variance=0.4650 E_h^2, pmove=0.37
2026-06-02 22:22:28,780 - Step 04313: -5.0717 E_h, exp. variance=0.4185 E_h^2, pmove=0.37
2026-06-02 22:22:29,445 - Step 04314: -5.0719 E_h, exp. variance=0.3767 E_h^2, pmove=0.37
2026-06-02 22:22:30,111 - Step 04315: -5.0730 E_h, exp. variance=0.3390 E_h^2, pmove=0.37
2026-06-02 22:22:30,775 - Step 04316: -5.0910 E_h, exp. variance=0.3052 E_h^2, pmove=0.37
2026-06-02 22:22:31,439 - Step 04317: -5.0866 E_h, exp. variance=0.2747 E_h^2, pmove=0.37
2026-06-02 22:22:32,103 - Step 04318: -5.0899 E_h, exp. variance=0.2473 E_h^2, pmove=0.37
2026-06-02 22:22:32,768 - Step 04319: -5.0524 E_h, exp. variance=0.2226 E_h^2, pmove=0.36
2026-06-02 22:22:33,432 - Step 04320: -5.0811 E_h, exp. variance=0.2003 E_h^2, pmove=0.37
2026-06-02 22:22:34,096 - Step 04321: -5.0786 E_h, exp. variance=0.1803 E_h^2, pmove=0.37
2026-06-02 22:22:34,763 - Step 04322: -5.0830 E_h, exp. variance=0.1623 E_h^2, pmove=0.37
2026-06-02 22:22:35,428 - Step 04323: -5.0807 E_h, exp. variance=0.1461 E_h^2, pmove=0.37
2026-06-02 22:22:36,092 - Step 04324: -5.0420 E_h, exp. variance=0.1315 E_h^2, pmove=0.36
2026-06-02 22:22:36,757 - Step 04325: -5.0828 E_h, exp. variance=0.1184 E_h^2, pmove=0.36
2026-06-02 22:22:37,421 - Step 04326: -4.9501 E_h, exp. variance=0.1079 E_h^2, pmove=0.37
2026-06-02 22:22:38,086 - Step 04327: -5.0931 E_h, exp. variance=0.0972 E_h^2, pmove=0.36
2026-06-02 22:22:38,752 - Step 04328: -5.0638 E_h, exp. variance=0.0875 E_h^2, pmove=0.37
2026-06-02 22:22:39,418 - Step 04329: -5.0424 E_h, exp. variance=0.0788 E_h^2, pmove=0.37
2026-06-02 22:22:40,083 - Step 04330: -5.0845 E_h, exp. variance=0.0709 E_h^2, pmove=0.37
2026-06-02 22:22:40,751 - Step 04331: -5.0852 E_h, exp. variance=0.0639 E_h^2, pmove=0.37
2026-06-02 22:22:41,418 - Step 04332: -5.0721 E_h, exp. variance=0.0575 E_h^2, pmove=0.36
2026-06-02 22:22:42,084 - Step 04333: -5.0281 E_h, exp. variance=0.0519 E_h^2, pmove=0.36
2026-06-02 22:22:42,751 - Step 04334: -5.0185 E_h, exp. variance=0.0469 E_h^2, pmove=0.36
2026-06-02 22:22:43,417 - Step 04335: -5.0382 E_h, exp. variance=0.0422 E_h^2, pmove=0.37
2026-06-02 22:22:44,083 - Step 04336: -5.0276 E_h, exp. variance=0.0381 E_h^2, pmove=0.37
2026-06-02 22:22:44,748 - Step 04337: -5.0443 E_h, exp. variance=0.0343 E_h^2, pmove=0.36
2026-06-02 22:22:45,413 - Step 04338: -5.0348 E_h, exp. variance=0.0309 E_h^2, pmove=0.36
2026-06-02 22:22:46,082 - Step 04339: -5.0743 E_h, exp. variance=0.0278 E_h^2, pmove=0.36
2026-06-02 22:22:46,747 - Step 04340: -5.0916 E_h, exp. variance=0.0252 E_h^2, pmove=0.37
2026-06-02 22:22:47,412 - Step 04341: -5.0889 E_h, exp. variance=0.0228 E_h^2, pmove=0.37
2026-06-02 22:22:48,076 - Step 04342: -5.0838 E_h, exp. variance=0.0205 E_h^2, pmove=0.37
2026-06-02 22:22:48,742 - Step 04343: -5.0766 E_h, exp. variance=0.0185 E_h^2, pmove=0.37
2026-06-02 22:22:49,410 - Step 04344: -5.0748 E_h, exp. variance=0.0167 E_h^2, pmove=0.36
2026-06-02 22:22:50,076 - Step 04345: -5.0958 E_h, exp. variance=0.0151 E_h^2, pmove=0.37
2026-06-02 22:22:50,741 - Step 04346: -5.0856 E_h, exp. variance=0.0136 E_h^2, pmove=0.37
2026-06-02 22:22:51,406 - Step 04347: -5.0686 E_h, exp. variance=0.0122 E_h^2, pmove=0.37
2026-06-02 22:22:52,074 - Step 04348: -5.0474 E_h, exp. variance=0.0111 E_h^2, pmove=0.37
2026-06-02 22:22:52,739 - Step 04349: -5.0432 E_h, exp. variance=0.0100 E_h^2, pmove=0.36
2026-06-02 22:22:53,405 - Step 04350: -5.0499 E_h, exp. variance=0.0090 E_h^2, pmove=0.37
2026-06-02 22:22:54,070 - Step 04351: -5.0768 E_h, exp. variance=0.0081 E_h^2, pmove=0.37
2026-06-02 22:22:54,738 - Step 04352: -5.0835 E_h, exp. variance=0.0074 E_h^2, pmove=0.37
2026-06-02 22:22:55,403 - Step 04353: -5.0804 E_h, exp. variance=0.0066 E_h^2, pmove=0.37
2026-06-02 22:22:56,067 - Step 04354: -5.0843 E_h, exp. variance=0.0060 E_h^2, pmove=0.37
2026-06-02 22:22:56,732 - Step 04355: -5.0712 E_h, exp. variance=0.0054 E_h^2, pmove=0.37
2026-06-02 22:22:57,399 - Step 04356: -5.0718 E_h, exp. variance=0.0049 E_h^2, pmove=0.37
2026-06-02 22:22:58,070 - Step 04357: -5.0884 E_h, exp. variance=0.0044 E_h^2, pmove=0.36
2026-06-02 22:22:58,736 - Step 04358: -5.0947 E_h, exp. variance=0.0040 E_h^2, pmove=0.37
2026-06-02 22:22:59,400 - Step 04359: -5.0432 E_h, exp. variance=0.0037 E_h^2, pmove=0.37
2026-06-02 22:23:00,068 - Step 04360: -5.0701 E_h, exp. variance=0.0033 E_h^2, pmove=0.37
2026-06-02 22:23:00,735 - Step 04361: -5.0727 E_h, exp. variance=0.0030 E_h^2, pmove=0.36
2026-06-02 22:23:01,401 - Step 04362: -5.0986 E_h, exp. variance=0.0028 E_h^2, pmove=0.36
2026-06-02 22:23:02,065 - Step 04363: -5.0722 E_h, exp. variance=0.0025 E_h^2, pmove=0.37
2026-06-02 22:23:02,729 - Step 04364: -5.0705 E_h, exp. variance=0.0022 E_h^2, pmove=0.37
2026-06-02 22:23:03,396 - Step 04365: -5.0694 E_h, exp. variance=0.0020 E_h^2, pmove=0.37
2026-06-02 22:23:04,061 - Step 04366: -4.9478 E_h, exp. variance=0.0032 E_h^2, pmove=0.36
2026-06-02 22:23:04,726 - Step 04367: -5.0910 E_h, exp. variance=0.0030 E_h^2, pmove=0.37
2026-06-02 22:23:05,392 - Step 04368: -5.1017 E_h, exp. variance=0.0028 E_h^2, pmove=0.37
2026-06-02 22:23:06,060 - Step 04369: -5.0632 E_h, exp. variance=0.0025 E_h^2, pmove=0.37
2026-06-02 22:23:06,724 - Step 04370: -5.0939 E_h, exp. variance=0.0023 E_h^2, pmove=0.37
2026-06-02 22:23:07,389 - Step 04371: -5.0923 E_h, exp. variance=0.0022 E_h^2, pmove=0.37
2026-06-02 22:23:08,054 - Step 04372: -5.0634 E_h, exp. variance=0.0020 E_h^2, pmove=0.37
2026-06-02 22:23:08,719 - Step 04373: -5.0700 E_h, exp. variance=0.0018 E_h^2, pmove=0.37
2026-06-02 22:23:09,386 - Step 04374: -5.0560 E_h, exp. variance=0.0016 E_h^2, pmove=0.37
2026-06-02 22:23:10,052 - Step 04375: -5.0723 E_h, exp. variance=0.0014 E_h^2, pmove=0.37
2026-06-02 22:23:10,717 - Step 04376: -5.0825 E_h, exp. variance=0.0013 E_h^2, pmove=0.37
2026-06-02 22:23:11,382 - Step 04377: -5.0859 E_h, exp. variance=0.0012 E_h^2, pmove=0.36
2026-06-02 22:23:12,050 - Step 04378: -5.0634 E_h, exp. variance=0.0011 E_h^2, pmove=0.37
2026-06-02 22:23:12,715 - Step 04379: -5.0607 E_h, exp. variance=0.0010 E_h^2, pmove=0.37
2026-06-02 22:23:13,380 - Step 04380: -5.0895 E_h, exp. variance=0.0009 E_h^2, pmove=0.37
2026-06-02 22:23:14,045 - Step 04381: -5.0940 E_h, exp. variance=0.0009 E_h^2, pmove=0.37
2026-06-02 22:23:14,712 - Step 04382: -5.0511 E_h, exp. variance=0.0008 E_h^2, pmove=0.37
2026-06-02 22:23:15,377 - Step 04383: -5.0847 E_h, exp. variance=0.0008 E_h^2, pmove=0.37
2026-06-02 22:23:16,041 - Step 04384: -5.0879 E_h, exp. variance=0.0007 E_h^2, pmove=0.37
2026-06-02 22:23:16,706 - Step 04385: -5.0464 E_h, exp. variance=0.0007 E_h^2, pmove=0.37
2026-06-02 22:23:17,373 - Step 04386: -3.5995 E_h, exp. variance=0.1958 E_h^2, pmove=0.37
2026-06-02 22:23:18,037 - Step 04387: -5.0866 E_h, exp. variance=0.1786 E_h^2, pmove=0.37
2026-06-02 22:23:18,701 - Step 04388: -5.0908 E_h, exp. variance=0.1627 E_h^2, pmove=0.37
2026-06-02 22:23:19,365 - Step 04389: -5.1006 E_h, exp. variance=0.1483 E_h^2, pmove=0.37
2026-06-02 22:23:20,030 - Step 04390: -5.0885 E_h, exp. variance=0.1348 E_h^2, pmove=0.36
2026-06-02 22:23:20,697 - Step 04391: -5.1011 E_h, exp. variance=0.1226 E_h^2, pmove=0.37
2026-06-02 22:23:21,359 - Step 04392: -5.0718 E_h, exp. variance=0.1108 E_h^2, pmove=0.37
2026-06-02 22:23:22,023 - Step 04393: -5.0833 E_h, exp. variance=0.1004 E_h^2, pmove=0.36
2026-06-02 22:23:22,687 - Step 04394: -5.0820 E_h, exp. variance=0.0908 E_h^2, pmove=0.36
2026-06-02 22:23:23,354 - Step 04395: -5.0920 E_h, exp. variance=0.0822 E_h^2, pmove=0.36
2026-06-02 22:23:24,017 - Step 04396: -5.0288 E_h, exp. variance=0.0740 E_h^2, pmove=0.37
2026-06-02 22:23:24,681 - Step 04397: -5.0689 E_h, exp. variance=0.0668 E_h^2, pmove=0.36
2026-06-02 22:23:25,346 - Step 04398: -5.0767 E_h, exp. variance=0.0603 E_h^2, pmove=0.36
2026-06-02 22:23:26,014 - Step 04399: -5.1038 E_h, exp. variance=0.0547 E_h^2, pmove=0.37
2026-06-02 22:23:26,679 - Step 04400: -5.1221 E_h, exp. variance=0.0498 E_h^2, pmove=0.37
2026-06-02 22:23:27,344 - Step 04401: -5.0972 E_h, exp. variance=0.0450 E_h^2, pmove=0.37
2026-06-02 22:23:28,009 - Step 04402: -5.0862 E_h, exp. variance=0.0406 E_h^2, pmove=0.37
2026-06-02 22:23:28,677 - Step 04403: -5.0833 E_h, exp. variance=0.0366 E_h^2, pmove=0.37
2026-06-02 22:23:29,342 - Step 04404: -5.0582 E_h, exp. variance=0.0330 E_h^2, pmove=0.37
2026-06-02 22:23:30,007 - Step 04405: -5.0638 E_h, exp. variance=0.0297 E_h^2, pmove=0.37
2026-06-02 22:23:30,673 - Step 04406: -5.1133 E_h, exp. variance=0.0270 E_h^2, pmove=0.37
2026-06-02 22:23:31,337 - Step 04407: -5.1135 E_h, exp. variance=0.0245 E_h^2, pmove=0.37
2026-06-02 22:23:32,004 - Step 04408: -5.1250 E_h, exp. variance=0.0223 E_h^2, pmove=0.37
2026-06-02 22:23:32,669 - Step 04409: -5.1088 E_h, exp. variance=0.0202 E_h^2, pmove=0.36
2026-06-02 22:23:33,334 - Step 04410: -5.0485 E_h, exp. variance=0.0182 E_h^2, pmove=0.36
2026-06-02 22:23:33,999 - Step 04411: -5.0874 E_h, exp. variance=0.0164 E_h^2, pmove=0.37
2026-06-02 22:23:34,665 - Step 04412: -4.8721 E_h, exp. variance=0.0186 E_h^2, pmove=0.37
2026-06-02 22:23:35,330 - Step 04413: -5.0628 E_h, exp. variance=0.0167 E_h^2, pmove=0.37
2026-06-02 22:23:35,996 - Step 04414: -5.0790 E_h, exp. variance=0.0151 E_h^2, pmove=0.37
2026-06-02 22:23:36,662 - Step 04415: -5.0883 E_h, exp. variance=0.0136 E_h^2, pmove=0.37
2026-06-02 22:23:37,326 - Step 04416: -5.0917 E_h, exp. variance=0.0124 E_h^2, pmove=0.37
2026-06-02 22:23:37,991 - Step 04417: -5.0785 E_h, exp. variance=0.0111 E_h^2, pmove=0.37
2026-06-02 22:23:38,656 - Step 04418: -5.0773 E_h, exp. variance=0.0100 E_h^2, pmove=0.37
2026-06-02 22:23:39,320 - Step 04419: -5.0843 E_h, exp. variance=0.0091 E_h^2, pmove=0.36
2026-06-02 22:23:39,986 - Step 04420: -5.0778 E_h, exp. variance=0.0082 E_h^2, pmove=0.37
2026-06-02 22:23:40,650 - Step 04421: -5.0624 E_h, exp. variance=0.0073 E_h^2, pmove=0.37
2026-06-02 22:23:41,313 - Step 04422: -4.9789 E_h, exp. variance=0.0073 E_h^2, pmove=0.36
2026-06-02 22:23:41,977 - Step 04423: -5.0672 E_h, exp. variance=0.0066 E_h^2, pmove=0.37
2026-06-02 22:23:42,641 - Step 04424: -3.9087 E_h, exp. variance=0.1255 E_h^2, pmove=0.37
2026-06-02 22:23:43,305 - Step 04425: -5.1031 E_h, exp. variance=0.1151 E_h^2, pmove=0.37
2026-06-02 22:23:43,969 - Step 04426: -5.1285 E_h, exp. variance=0.1061 E_h^2, pmove=0.37
2026-06-02 22:23:44,634 - Step 04427: -5.1254 E_h, exp. variance=0.0975 E_h^2, pmove=0.37
2026-06-02 22:23:45,298 - Step 04428: -5.0916 E_h, exp. variance=0.0886 E_h^2, pmove=0.37
2026-06-02 22:23:45,964 - Step 04429: -5.1206 E_h, exp. variance=0.0810 E_h^2, pmove=0.37
2026-06-02 22:23:46,628 - Step 04430: -5.0902 E_h, exp. variance=0.0734 E_h^2, pmove=0.37
2026-06-02 22:23:47,293 - Step 04431: -5.0999 E_h, exp. variance=0.0666 E_h^2, pmove=0.36
2026-06-02 22:23:47,957 - Step 04432: -5.0699 E_h, exp. variance=0.0601 E_h^2, pmove=0.36
2026-06-02 22:23:48,623 - Step 04433: -5.0654 E_h, exp. variance=0.0542 E_h^2, pmove=0.37
2026-06-02 22:23:49,289 - Step 04434: -5.1155 E_h, exp. variance=0.0493 E_h^2, pmove=0.36
2026-06-02 22:23:49,955 - Step 04435: -5.0948 E_h, exp. variance=0.0446 E_h^2, pmove=0.37
2026-06-02 22:23:50,621 - Step 04436: -5.1106 E_h, exp. variance=0.0405 E_h^2, pmove=0.37
2026-06-02 22:23:51,285 - Step 04437: -5.1388 E_h, exp. variance=0.0370 E_h^2, pmove=0.37
2026-06-02 22:23:51,951 - Step 04438: -5.0877 E_h, exp. variance=0.0334 E_h^2, pmove=0.37
2026-06-02 22:23:52,617 - Step 04439: -5.0845 E_h, exp. variance=0.0301 E_h^2, pmove=0.37
2026-06-02 22:23:53,282 - Step 04440: -5.1216 E_h, exp. variance=0.0273 E_h^2, pmove=0.37
2026-06-02 22:23:53,947 - Step 04441: -5.0938 E_h, exp. variance=0.0246 E_h^2, pmove=0.37
2026-06-02 22:23:54,612 - Step 04442: -5.0989 E_h, exp. variance=0.0222 E_h^2, pmove=0.37
2026-06-02 22:23:55,276 - Step 04443: -5.0568 E_h, exp. variance=0.0200 E_h^2, pmove=0.37
2026-06-02 22:23:55,941 - Step 04444: -5.1015 E_h, exp. variance=0.0181 E_h^2, pmove=0.37
2026-06-02 22:23:56,605 - Step 04445: -5.1205 E_h, exp. variance=0.0164 E_h^2, pmove=0.37
2026-06-02 22:23:57,269 - Step 04446: -5.1227 E_h, exp. variance=0.0149 E_h^2, pmove=0.37
2026-06-02 22:23:57,933 - Step 04447: -5.0264 E_h, exp. variance=0.0138 E_h^2, pmove=0.37
2026-06-02 22:23:58,597 - Step 04448: -5.0859 E_h, exp. variance=0.0124 E_h^2, pmove=0.37
2026-06-02 22:23:59,261 - Step 04449: -5.0670 E_h, exp. variance=0.0112 E_h^2, pmove=0.37
2026-06-02 22:23:59,929 - Step 04450: -4.9880 E_h, exp. variance=0.0108 E_h^2, pmove=0.37
2026-06-02 22:24:00,594 - Step 04451: -4.6952 E_h, exp. variance=0.0224 E_h^2, pmove=0.37
2026-06-02 22:24:01,259 - Step 04452: -5.0662 E_h, exp. variance=0.0203 E_h^2, pmove=0.37
2026-06-02 22:24:01,925 - Step 04453: -5.0825 E_h, exp. variance=0.0184 E_h^2, pmove=0.37
2026-06-02 22:24:02,590 - Step 04454: -5.0786 E_h, exp. variance=0.0167 E_h^2, pmove=0.36
2026-06-02 22:24:03,257 - Step 04455: -5.0695 E_h, exp. variance=0.0151 E_h^2, pmove=0.37
2026-06-02 22:24:03,922 - Step 04456: -5.0443 E_h, exp. variance=0.0136 E_h^2, pmove=0.36
2026-06-02 22:24:04,589 - Step 04457: -5.0250 E_h, exp. variance=0.0123 E_h^2, pmove=0.36
2026-06-02 22:24:05,255 - Step 04458: -5.0554 E_h, exp. variance=0.0111 E_h^2, pmove=0.36
2026-06-02 22:24:05,921 - Step 04459: -5.0560 E_h, exp. variance=0.0100 E_h^2, pmove=0.36
2026-06-02 22:24:06,585 - Step 04460: -5.1061 E_h, exp. variance=0.0093 E_h^2, pmove=0.37
2026-06-02 22:24:07,248 - Step 04461: -4.8731 E_h, exp. variance=0.0113 E_h^2, pmove=0.37
2026-06-02 22:24:07,912 - Step 04462: -5.0900 E_h, exp. variance=0.0104 E_h^2, pmove=0.37
2026-06-02 22:24:08,581 - Step 04463: -5.0798 E_h, exp. variance=0.0095 E_h^2, pmove=0.37
2026-06-02 22:24:09,246 - Step 04464: -5.0751 E_h, exp. variance=0.0086 E_h^2, pmove=0.37
2026-06-02 22:24:09,909 - Step 04465: -5.0630 E_h, exp. variance=0.0078 E_h^2, pmove=0.37
2026-06-02 22:24:10,573 - Step 04466: -5.0248 E_h, exp. variance=0.0071 E_h^2, pmove=0.36
2026-06-02 22:24:11,240 - Step 04467: -4.9827 E_h, exp. variance=0.0067 E_h^2, pmove=0.37
2026-06-02 22:24:11,909 - Step 04468: -5.1442 E_h, exp. variance=0.0070 E_h^2, pmove=0.37
2026-06-02 22:24:12,575 - Step 04469: -5.1457 E_h, exp. variance=0.0071 E_h^2, pmove=0.37
2026-06-02 22:24:13,239 - Step 04470: -5.1166 E_h, exp. variance=0.0067 E_h^2, pmove=0.37
2026-06-02 22:24:13,903 - Step 04471: -5.1097 E_h, exp. variance=0.0062 E_h^2, pmove=0.37
2026-06-02 22:24:14,570 - Step 04472: -5.1203 E_h, exp. variance=0.0058 E_h^2, pmove=0.37
2026-06-02 22:24:15,239 - Step 04473: -4.8463 E_h, exp. variance=0.0100 E_h^2, pmove=0.37
2026-06-02 22:24:15,903 - Step 04474: -5.0421 E_h, exp. variance=0.0090 E_h^2, pmove=0.36
2026-06-02 22:24:16,567 - Step 04475: -5.0895 E_h, exp. variance=0.0082 E_h^2, pmove=0.37
2026-06-02 22:24:17,233 - Step 04476: -5.0717 E_h, exp. variance=0.0074 E_h^2, pmove=0.37
2026-06-02 22:24:17,898 - Step 04477: -5.0803 E_h, exp. variance=0.0067 E_h^2, pmove=0.37
2026-06-02 22:24:18,561 - Step 04478: -5.1098 E_h, exp. variance=0.0063 E_h^2, pmove=0.37
2026-06-02 22:24:19,226 - Step 04479: -5.1048 E_h, exp. variance=0.0058 E_h^2, pmove=0.37
2026-06-02 22:24:19,894 - Step 04480: -5.1111 E_h, exp. variance=0.0054 E_h^2, pmove=0.36
2026-06-02 22:24:20,558 - Step 04481: -5.1308 E_h, exp. variance=0.0052 E_h^2, pmove=0.37
2026-06-02 22:24:21,222 - Step 04482: -5.0849 E_h, exp. variance=0.0046 E_h^2, pmove=0.36
2026-06-02 22:24:21,887 - Step 04483: -5.0623 E_h, exp. variance=0.0042 E_h^2, pmove=0.37
2026-06-02 22:24:22,552 - Step 04484: -5.1418 E_h, exp. variance=0.0042 E_h^2, pmove=0.37
2026-06-02 22:24:23,219 - Step 04485: -5.0930 E_h, exp. variance=0.0037 E_h^2, pmove=0.37
2026-06-02 22:24:23,883 - Step 04486: -5.1083 E_h, exp. variance=0.0034 E_h^2, pmove=0.37
2026-06-02 22:24:24,548 - Step 04487: -5.0987 E_h, exp. variance=0.0031 E_h^2, pmove=0.37
2026-06-02 22:24:25,212 - Step 04488: -5.0352 E_h, exp. variance=0.0030 E_h^2, pmove=0.37
2026-06-02 22:24:25,879 - Step 04489: -5.0876 E_h, exp. variance=0.0027 E_h^2, pmove=0.37
2026-06-02 22:24:26,544 - Step 04490: -5.0399 E_h, exp. variance=0.0026 E_h^2, pmove=0.37
2026-06-02 22:24:27,208 - Step 04491: -5.1016 E_h, exp. variance=0.0024 E_h^2, pmove=0.37
2026-06-02 22:24:27,871 - Step 04492: -5.1124 E_h, exp. variance=0.0023 E_h^2, pmove=0.37
2026-06-02 22:24:28,538 - Step 04493: -5.1017 E_h, exp. variance=0.0021 E_h^2, pmove=0.36
2026-06-02 22:24:29,203 - Step 04494: -4.1732 E_h, exp. variance=0.0769 E_h^2, pmove=0.37
2026-06-02 22:24:29,866 - Step 04495: -5.0842 E_h, exp. variance=0.0699 E_h^2, pmove=0.36
2026-06-02 22:24:30,530 - Step 04496: -5.0781 E_h, exp. variance=0.0634 E_h^2, pmove=0.37
2026-06-02 22:24:31,198 - Step 04497: -5.0986 E_h, exp. variance=0.0578 E_h^2, pmove=0.37
2026-06-02 22:24:31,861 - Step 04498: -5.0770 E_h, exp. variance=0.0523 E_h^2, pmove=0.37
2026-06-02 22:24:32,525 - Step 04499: -5.1186 E_h, exp. variance=0.0478 E_h^2, pmove=0.37
2026-06-02 22:24:33,190 - Step 04500: -5.1100 E_h, exp. variance=0.0435 E_h^2, pmove=0.36
2026-06-02 22:24:33,856 - Step 04501: -4.6431 E_h, exp. variance=0.0535 E_h^2, pmove=0.37
2026-06-02 22:24:34,524 - Step 04502: -5.1205 E_h, exp. variance=0.0494 E_h^2, pmove=0.37
2026-06-02 22:24:35,189 - Step 04503: -5.1124 E_h, exp. variance=0.0454 E_h^2, pmove=0.37
2026-06-02 22:24:35,854 - Step 04504: -5.0507 E_h, exp. variance=0.0409 E_h^2, pmove=0.37
2026-06-02 22:24:36,519 - Step 04505: -5.0564 E_h, exp. variance=0.0369 E_h^2, pmove=0.37
2026-06-02 22:24:37,186 - Step 04506: -5.0778 E_h, exp. variance=0.0334 E_h^2, pmove=0.37
2026-06-02 22:24:37,852 - Step 04507: -5.1009 E_h, exp. variance=0.0305 E_h^2, pmove=0.37
2026-06-02 22:24:38,516 - Step 04508: -4.8776 E_h, exp. variance=0.0298 E_h^2, pmove=0.36
2026-06-02 22:24:39,181 - Step 04509: -5.0849 E_h, exp. variance=0.0272 E_h^2, pmove=0.36
2026-06-02 22:24:39,849 - Step 04510: -5.1121 E_h, exp. variance=0.0250 E_h^2, pmove=0.37
2026-06-02 22:24:40,514 - Step 04511: -5.1278 E_h, exp. variance=0.0232 E_h^2, pmove=0.37
2026-06-02 22:24:41,179 - Step 04512: -5.1172 E_h, exp. variance=0.0214 E_h^2, pmove=0.37
2026-06-02 22:24:41,844 - Step 04513: -5.0796 E_h, exp. variance=0.0193 E_h^2, pmove=0.37
2026-06-02 22:24:42,512 - Step 04514: -5.1343 E_h, exp. variance=0.0179 E_h^2, pmove=0.37
2026-06-02 22:24:43,177 - Step 04515: -5.1192 E_h, exp. variance=0.0164 E_h^2, pmove=0.37
2026-06-02 22:24:43,842 - Step 04516: -4.8356 E_h, exp. variance=0.0197 E_h^2, pmove=0.37
2026-06-02 22:24:44,507 - Step 04517: -5.1324 E_h, exp. variance=0.0184 E_h^2, pmove=0.37
2026-06-02 22:24:45,172 - Step 04518: -4.9905 E_h, exp. variance=0.0169 E_h^2, pmove=0.37
2026-06-02 22:24:45,838 - Step 04519: -5.1266 E_h, exp. variance=0.0158 E_h^2, pmove=0.37
2026-06-02 22:24:46,504 - Step 04520: -5.1363 E_h, exp. variance=0.0148 E_h^2, pmove=0.37
2026-06-02 22:24:47,170 - Step 04521: -4.6977 E_h, exp. variance=0.0254 E_h^2, pmove=0.37
2026-06-02 22:24:47,835 - Step 04522: -5.0509 E_h, exp. variance=0.0229 E_h^2, pmove=0.37
2026-06-02 22:24:48,502 - Step 04523: -5.0737 E_h, exp. variance=0.0208 E_h^2, pmove=0.37
2026-06-02 22:24:49,168 - Step 04524: -5.0748 E_h, exp. variance=0.0189 E_h^2, pmove=0.37
2026-06-02 22:24:49,835 - Step 04525: -5.1101 E_h, exp. variance=0.0174 E_h^2, pmove=0.37
2026-06-02 22:24:50,501 - Step 04526: -5.1096 E_h, exp. variance=0.0161 E_h^2, pmove=0.36
2026-06-02 22:24:51,166 - Step 04527: -5.1222 E_h, exp. variance=0.0149 E_h^2, pmove=0.37
2026-06-02 22:24:51,831 - Step 04528: -5.0740 E_h, exp. variance=0.0134 E_h^2, pmove=0.37
2026-06-02 22:24:52,497 - Step 04529: -5.0651 E_h, exp. variance=0.0121 E_h^2, pmove=0.37
2026-06-02 22:24:53,163 - Step 04530: -5.0392 E_h, exp. variance=0.0109 E_h^2, pmove=0.37
2026-06-02 22:24:53,828 - Step 04531: -5.1106 E_h, exp. variance=0.0101 E_h^2, pmove=0.37
2026-06-02 22:24:54,494 - Step 04532: -5.1043 E_h, exp. variance=0.0092 E_h^2, pmove=0.37
2026-06-02 22:24:55,195 - Step 04533: -5.0615 E_h, exp. variance=0.0083 E_h^2, pmove=0.36
2026-06-02 22:24:55,860 - Step 04534: -5.1257 E_h, exp. variance=0.0078 E_h^2, pmove=0.37
2026-06-02 22:24:56,526 - Step 04535: -5.1163 E_h, exp. variance=0.0072 E_h^2, pmove=0.37
2026-06-02 22:24:57,192 - Step 04536: -5.1042 E_h, exp. variance=0.0065 E_h^2, pmove=0.36
2026-06-02 22:24:57,858 - Step 04537: -5.0802 E_h, exp. variance=0.0059 E_h^2, pmove=0.37
2026-06-02 22:24:58,524 - Step 04538: -5.1027 E_h, exp. variance=0.0053 E_h^2, pmove=0.37
2026-06-02 22:24:59,189 - Step 04539: -5.0904 E_h, exp. variance=0.0048 E_h^2, pmove=0.37
2026-06-02 22:24:59,855 - Step 04540: -5.1391 E_h, exp. variance=0.0046 E_h^2, pmove=0.36
2026-06-02 22:25:00,526 - Step 04541: -5.1098 E_h, exp. variance=0.0042 E_h^2, pmove=0.37
2026-06-02 22:25:01,193 - Step 04542: -5.1648 E_h, exp. variance=0.0042 E_h^2, pmove=0.37
2026-06-02 22:25:01,858 - Step 04543: -5.1297 E_h, exp. variance=0.0039 E_h^2, pmove=0.37
2026-06-02 22:25:02,525 - Step 04544: -5.1340 E_h, exp. variance=0.0036 E_h^2, pmove=0.37
2026-06-02 22:25:03,190 - Step 04545: -5.1133 E_h, exp. variance=0.0033 E_h^2, pmove=0.37
2026-06-02 22:25:03,857 - Step 04546: -5.0998 E_h, exp. variance=0.0029 E_h^2, pmove=0.37
2026-06-02 22:25:04,522 - Step 04547: -5.1173 E_h, exp. variance=0.0027 E_h^2, pmove=0.36
2026-06-02 22:25:05,189 - Step 04548: -5.0770 E_h, exp. variance=0.0025 E_h^2, pmove=0.37
2026-06-02 22:25:05,855 - Step 04549: -5.0691 E_h, exp. variance=0.0023 E_h^2, pmove=0.36
2026-06-02 22:25:06,519 - Step 04550: -5.0691 E_h, exp. variance=0.0022 E_h^2, pmove=0.36
2026-06-02 22:25:07,186 - Step 04551: -5.1292 E_h, exp. variance=0.0021 E_h^2, pmove=0.36
2026-06-02 22:25:07,853 - Step 04552: -5.1081 E_h, exp. variance=0.0019 E_h^2, pmove=0.37
2026-06-02 22:25:08,519 - Step 04553: -5.1241 E_h, exp. variance=0.0017 E_h^2, pmove=0.37
2026-06-02 22:25:09,184 - Step 04554: -5.1122 E_h, exp. variance=0.0016 E_h^2, pmove=0.37
2026-06-02 22:25:09,849 - Step 04555: -5.1003 E_h, exp. variance=0.0014 E_h^2, pmove=0.37
2026-06-02 22:25:10,514 - Step 04556: -5.0942 E_h, exp. variance=0.0013 E_h^2, pmove=0.37
2026-06-02 22:25:11,179 - Step 04557: -5.1221 E_h, exp. variance=0.0012 E_h^2, pmove=0.37
2026-06-02 22:25:11,844 - Step 04558: -5.0418 E_h, exp. variance=0.0014 E_h^2, pmove=0.37
2026-06-02 22:25:12,510 - Step 04559: -5.0615 E_h, exp. variance=0.0014 E_h^2, pmove=0.37
2026-06-02 22:25:13,175 - Step 04560: -5.0830 E_h, exp. variance=0.0013 E_h^2, pmove=0.37
2026-06-02 22:25:13,842 - Step 04561: -5.0810 E_h, exp. variance=0.0012 E_h^2, pmove=0.36
2026-06-02 22:25:14,508 - Step 04562: -4.9491 E_h, exp. variance=0.0029 E_h^2, pmove=0.37
2026-06-02 22:25:15,173 - Step 04563: -5.0670 E_h, exp. variance=0.0026 E_h^2, pmove=0.37
2026-06-02 22:25:15,837 - Step 04564: -5.0925 E_h, exp. variance=0.0024 E_h^2, pmove=0.36
2026-06-02 22:25:16,503 - Step 04565: -5.0403 E_h, exp. variance=0.0023 E_h^2, pmove=0.36
2026-06-02 22:25:17,173 - Step 04566: -5.1278 E_h, exp. variance=0.0023 E_h^2, pmove=0.36
2026-06-02 22:25:17,838 - Step 04567: -5.1408 E_h, exp. variance=0.0024 E_h^2, pmove=0.36
2026-06-02 22:25:18,503 - Step 04568: -5.1172 E_h, exp. variance=0.0022 E_h^2, pmove=0.36
2026-06-02 22:25:19,169 - Step 04569: -5.0703 E_h, exp. variance=0.0020 E_h^2, pmove=0.36
2026-06-02 22:25:19,904 - Step 04570: -5.0733 E_h, exp. variance=0.0019 E_h^2, pmove=0.37
2026-06-02 22:25:20,570 - Step 04571: -5.0338 E_h, exp. variance=0.0019 E_h^2, pmove=0.37
2026-06-02 22:25:21,240 - Step 04572: -5.0742 E_h, exp. variance=0.0017 E_h^2, pmove=0.37
2026-06-02 22:25:21,907 - Step 04573: -5.0784 E_h, exp. variance=0.0016 E_h^2, pmove=0.36
2026-06-02 22:25:22,576 - Step 04574: -4.9983 E_h, exp. variance=0.0020 E_h^2, pmove=0.37
2026-06-02 22:25:23,242 - Step 04575: -5.0868 E_h, exp. variance=0.0018 E_h^2, pmove=0.37
2026-06-02 22:25:23,908 - Step 04576: -5.1256 E_h, exp. variance=0.0019 E_h^2, pmove=0.37
2026-06-02 22:25:24,576 - Step 04577: -5.1369 E_h, exp. variance=0.0020 E_h^2, pmove=0.37
2026-06-02 22:25:25,247 - Step 04578: -5.1304 E_h, exp. variance=0.0020 E_h^2, pmove=0.36
2026-06-02 22:25:25,916 - Step 04579: -5.0836 E_h, exp. variance=0.0018 E_h^2, pmove=0.37
2026-06-02 22:25:26,581 - Step 04580: -5.0796 E_h, exp. variance=0.0016 E_h^2, pmove=0.37
2026-06-02 22:25:27,247 - Step 04581: -5.0572 E_h, exp. variance=0.0015 E_h^2, pmove=0.37
2026-06-02 22:25:27,916 - Step 04582: -2.5023 E_h, exp. variance=0.6015 E_h^2, pmove=0.37
2026-06-02 22:25:28,584 - Step 04583: -5.0669 E_h, exp. variance=0.5465 E_h^2, pmove=0.36
2026-06-02 22:25:29,250 - Step 04584: -5.1098 E_h, exp. variance=0.4979 E_h^2, pmove=0.36
2026-06-02 22:25:29,916 - Step 04585: -5.1248 E_h, exp. variance=0.4537 E_h^2, pmove=0.37
2026-06-02 22:25:29,916 - Saving checkpoint results/bilayer-bosons/BosonNet/N24_layers12_12_rs4.0_d2.5_D20.0_sq/qmcjax_ckpt_004585.npz
2026-06-02 22:25:30,616 - Step 04586: -5.0725 E_h, exp. variance=0.4110 E_h^2, pmove=0.36
2026-06-02 22:25:31,284 - Step 04587: -5.0677 E_h, exp. variance=0.3719 E_h^2, pmove=0.36
2026-06-02 22:25:31,954 - Step 04588: -4.8444 E_h, exp. variance=0.3354 E_h^2, pmove=0.37
2026-06-02 22:25:32,623 - Step 04589: -5.0974 E_h, exp. variance=0.3046 E_h^2, pmove=0.37
2026-06-02 22:25:33,289 - Step 04590: -4.8886 E_h, exp. variance=0.2744 E_h^2, pmove=0.36
2026-06-02 22:25:33,958 - Step 04591: -5.0602 E_h, exp. variance=0.2483 E_h^2, pmove=0.37
2026-06-02 22:25:34,626 - Step 04592: -5.1128 E_h, exp. variance=0.2259 E_h^2, pmove=0.37
2026-06-02 22:25:35,293 - Step 04593: -4.9820 E_h, exp. variance=0.2033 E_h^2, pmove=0.36
2026-06-02 22:25:35,958 - Step 04594: -4.8309 E_h, exp. variance=0.1847 E_h^2, pmove=0.37
2026-06-02 22:25:36,626 - Step 04595: -4.9469 E_h, exp. variance=0.1662 E_h^2, pmove=0.37
2026-06-02 22:25:37,292 - Step 04596: -5.1066 E_h, exp. variance=0.1517 E_h^2, pmove=0.37
2026-06-02 22:25:37,958 - Step 04597: -5.1103 E_h, exp. variance=0.1384 E_h^2, pmove=0.36
2026-06-02 22:25:38,624 - Step 04598: -5.1065 E_h, exp. variance=0.1259 E_h^2, pmove=0.37
2026-06-02 22:25:39,292 - Step 04599: -5.1051 E_h, exp. variance=0.1144 E_h^2, pmove=0.36
2026-06-02 22:25:39,959 - Step 04600: -5.0775 E_h, exp. variance=0.1034 E_h^2, pmove=0.37
2026-06-02 22:25:40,625 - Step 04601: -5.1077 E_h, exp. variance=0.0939 E_h^2, pmove=0.37
2026-06-02 22:25:41,290 - Step 04602: -5.1517 E_h, exp. variance=0.0860 E_h^2, pmove=0.37
2026-06-02 22:25:41,957 - Step 04603: -5.1468 E_h, exp. variance=0.0785 E_h^2, pmove=0.37
2026-06-02 22:25:42,625 - Step 04604: -5.1179 E_h, exp. variance=0.0711 E_h^2, pmove=0.36
2026-06-02 22:25:43,291 - Step 04605: -5.1107 E_h, exp. variance=0.0643 E_h^2, pmove=0.37
2026-06-02 22:25:43,956 - Step 04606: -5.0784 E_h, exp. variance=0.0579 E_h^2, pmove=0.37
2026-06-02 22:25:44,622 - Step 04607: -5.1203 E_h, exp. variance=0.0524 E_h^2, pmove=0.37
2026-06-02 22:25:45,288 - Step 04608: -5.0028 E_h, exp. variance=0.0476 E_h^2, pmove=0.37
2026-06-02 22:25:45,955 - Step 04609: -5.0854 E_h, exp. variance=0.0429 E_h^2, pmove=0.36
2026-06-02 22:25:46,620 - Step 04610: -5.0822 E_h, exp. variance=0.0386 E_h^2, pmove=0.36
2026-06-02 22:25:47,286 - Step 04611: -5.1334 E_h, exp. variance=0.0352 E_h^2, pmove=0.37
2026-06-02 22:25:47,953 - Step 04612: -5.1092 E_h, exp. variance=0.0318 E_h^2, pmove=0.36
2026-06-02 22:25:48,618 - Step 04613: -5.1082 E_h, exp. variance=0.0287 E_h^2, pmove=0.36
2026-06-02 22:25:49,283 - Step 04614: -5.0986 E_h, exp. variance=0.0259 E_h^2, pmove=0.37
2026-06-02 22:25:49,949 - Step 04615: -5.1192 E_h, exp. variance=0.0234 E_h^2, pmove=0.37
2026-06-02 22:25:50,617 - Step 04616: -5.1207 E_h, exp. variance=0.0212 E_h^2, pmove=0.36
2026-06-02 22:25:51,282 - Step 04617: -5.0958 E_h, exp. variance=0.0191 E_h^2, pmove=0.37
2026-06-02 22:25:51,947 - Step 04618: -5.0764 E_h, exp. variance=0.0172 E_h^2, pmove=0.36
2026-06-02 22:25:52,613 - Step 04619: -5.1250 E_h, exp. variance=0.0156 E_h^2, pmove=0.37
2026-06-02 22:25:53,279 - Step 04620: -5.0631 E_h, exp. variance=0.0141 E_h^2, pmove=0.37
2026-06-02 22:25:53,947 - Step 04621: -5.0339 E_h, exp. variance=0.0130 E_h^2, pmove=0.36
2026-06-02 22:25:54,612 - Step 04622: -5.0795 E_h, exp. variance=0.0117 E_h^2, pmove=0.37
2026-06-02 22:25:55,277 - Step 04623: -5.0767 E_h, exp. variance=0.0105 E_h^2, pmove=0.36
2026-06-02 22:25:55,943 - Step 04624: -5.0332 E_h, exp. variance=0.0097 E_h^2, pmove=0.37
2026-06-02 22:25:56,612 - Step 04625: 12.8768 E_h, exp. variance=29.0203 E_h^2, pmove=0.37
2026-06-02 22:25:57,277 - Step 04626: -4.9654 E_h, exp. variance=26.3734 E_h^2, pmove=0.37
2026-06-02 22:25:57,942 - Step 04627: -5.0784 E_h, exp. variance=23.9746 E_h^2, pmove=0.36
2026-06-02 22:25:58,609 - Step 04628: -4.8016 E_h, exp. variance=21.7043 E_h^2, pmove=0.37
2026-06-02 22:25:59,276 - Step 04629: -4.6930 E_h, exp. variance=19.6170 E_h^2, pmove=0.37
2026-06-02 22:25:59,942 - Step 04630: -5.0882 E_h, exp. variance=17.7982 E_h^2, pmove=0.36
2026-06-02 22:26:00,609 - Step 04631: -4.5278 E_h, exp. variance=16.0480 E_h^2, pmove=0.37
2026-06-02 22:26:01,276 - Step 04632: -5.0459 E_h, exp. variance=14.5395 E_h^2, pmove=0.37
2026-06-02 22:26:01,943 - Step 04633: -5.0752 E_h, exp. variance=13.1686 E_h^2, pmove=0.37
2026-06-02 22:26:02,611 - Step 04634: -5.0362 E_h, exp. variance=11.9130 E_h^2, pmove=0.37
2026-06-02 22:26:03,277 - Step 04635: -5.0006 E_h, exp. variance=10.7667 E_h^2, pmove=0.36
2026-06-02 22:26:03,942 - Step 04636: -5.0833 E_h, exp. variance=9.7366 E_h^2, pmove=0.37
2026-06-02 22:26:04,608 - Step 04637: -5.0621 E_h, exp. variance=8.7982 E_h^2, pmove=0.37
2026-06-02 22:26:05,274 - Step 04638: -5.0653 E_h, exp. variance=7.9473 E_h^2, pmove=0.36
2026-06-02 22:26:05,940 - Step 04639: -5.0545 E_h, exp. variance=7.1750 E_h^2, pmove=0.37
2026-06-02 22:26:06,606 - Step 04640: -5.0594 E_h, exp. variance=6.4761 E_h^2, pmove=0.37
2026-06-02 22:26:07,273 - Step 04641: -5.0762 E_h, exp. variance=5.8447 E_h^2, pmove=0.37
2026-06-02 22:26:07,939 - Step 04642: -4.9038 E_h, exp. variance=5.2643 E_h^2, pmove=0.37
2026-06-02 22:26:08,606 - Step 04643: -5.0809 E_h, exp. variance=4.7499 E_h^2, pmove=0.36
2026-06-02 22:26:09,271 - Step 04644: -5.0243 E_h, exp. variance=4.2817 E_h^2, pmove=0.36
2026-06-02 22:26:09,937 - Step 04645: -5.0746 E_h, exp. variance=3.8614 E_h^2, pmove=0.36
2026-06-02 22:26:10,605 - Step 04646: -4.7443 E_h, exp. variance=3.4756 E_h^2, pmove=0.36
2026-06-02 22:26:11,272 - Step 04647: -4.7750 E_h, exp. variance=3.1281 E_h^2, pmove=0.36
2026-06-02 22:26:11,938 - Step 04648: -5.1014 E_h, exp. variance=2.8236 E_h^2, pmove=0.36
2026-06-02 22:26:12,604 - Step 04649: -5.0603 E_h, exp. variance=2.5460 E_h^2, pmove=0.36
2026-06-02 22:26:13,270 - Step 04650: -5.0602 E_h, exp. variance=2.2953 E_h^2, pmove=0.36
2026-06-02 22:26:13,937 - Step 04651: -5.0542 E_h, exp. variance=2.0687 E_h^2, pmove=0.36
2026-06-02 22:26:14,602 - Step 04652: -5.1132 E_h, exp. variance=1.8663 E_h^2, pmove=0.36
2026-06-02 22:26:15,269 - Step 04653: -5.0956 E_h, exp. variance=1.6826 E_h^2, pmove=0.36
2026-06-02 22:26:15,936 - Step 04654: -5.1115 E_h, exp. variance=1.5173 E_h^2, pmove=0.37
2026-06-02 22:26:16,604 - Step 04655: -5.1052 E_h, exp. variance=1.3677 E_h^2, pmove=0.36
2026-06-02 22:26:17,271 - Step 04656: -5.0633 E_h, exp. variance=1.2318 E_h^2, pmove=0.36
2026-06-02 22:26:17,936 - Step 04657: -5.0946 E_h, exp. variance=1.1099 E_h^2, pmove=0.36
2026-06-02 22:26:18,602 - Step 04658: -5.1267 E_h, exp. variance=1.0007 E_h^2, pmove=0.37
2026-06-02 22:26:19,269 - Step 04659: -5.1304 E_h, exp. variance=0.9021 E_h^2, pmove=0.37
2026-06-02 22:26:19,935 - Step 04660: -5.1445 E_h, exp. variance=0.8135 E_h^2, pmove=0.37
2026-06-02 22:26:20,600 - Step 04661: -5.1308 E_h, exp. variance=0.7331 E_h^2, pmove=0.36
2026-06-02 22:26:21,264 - Step 04662: -5.1294 E_h, exp. variance=0.6605 E_h^2, pmove=0.36
2026-06-02 22:26:21,930 - Step 04663: -5.1434 E_h, exp. variance=0.5953 E_h^2, pmove=0.36
2026-06-02 22:26:22,596 - Step 04664: -5.1099 E_h, exp. variance=0.5361 E_h^2, pmove=0.37
2026-06-02 22:26:23,260 - Step 04665: -5.0226 E_h, exp. variance=0.4826 E_h^2, pmove=0.37
2026-06-02 22:26:23,925 - Step 04666: -4.9555 E_h, exp. variance=0.4353 E_h^2, pmove=0.37
2026-06-02 22:26:24,590 - Step 04667: -5.0998 E_h, exp. variance=0.3920 E_h^2, pmove=0.37
2026-06-02 22:26:25,255 - Step 04668: -5.1076 E_h, exp. variance=0.3531 E_h^2, pmove=0.37
2026-06-02 22:26:25,919 - Step 04669: -5.0181 E_h, exp. variance=0.3179 E_h^2, pmove=0.36
2026-06-02 22:26:26,585 - Step 04670: -5.0301 E_h, exp. variance=0.2862 E_h^2, pmove=0.36
2026-06-02 22:26:27,250 - Step 04671: -4.8948 E_h, exp. variance=0.2598 E_h^2, pmove=0.37
2026-06-02 22:26:27,916 - Step 04672: -4.0947 E_h, exp. variance=0.3135 E_h^2, pmove=0.36
2026-06-02 22:26:28,581 - Step 04673: -4.9523 E_h, exp. variance=0.2822 E_h^2, pmove=0.37
2026-06-02 22:26:29,246 - Step 04674: -5.1310 E_h, exp. variance=0.2572 E_h^2, pmove=0.36
2026-06-02 22:26:29,910 - Step 04675: -5.1892 E_h, exp. variance=0.2361 E_h^2, pmove=0.37
2026-06-02 22:26:30,578 - Step 04676: -5.1373 E_h, exp. variance=0.2146 E_h^2, pmove=0.37
2026-06-02 22:26:31,243 - Step 04677: -5.0525 E_h, exp. variance=0.1934 E_h^2, pmove=0.37
2026-06-02 22:26:31,907 - Step 04678: -5.1129 E_h, exp. variance=0.1751 E_h^2, pmove=0.37
2026-06-02 22:26:32,572 - Step 04679: -5.1137 E_h, exp. variance=0.1584 E_h^2, pmove=0.37
2026-06-02 22:26:33,238 - Step 04680: -5.1110 E_h, exp. variance=0.1433 E_h^2, pmove=0.37
2026-06-02 22:26:33,903 - Step 04681: -5.1022 E_h, exp. variance=0.1293 E_h^2, pmove=0.36
2026-06-02 22:26:34,567 - Step 04682: -5.1063 E_h, exp. variance=0.1168 E_h^2, pmove=0.36
2026-06-02 22:26:35,233 - Step 04683: -5.0937 E_h, exp. variance=0.1053 E_h^2, pmove=0.37
2026-06-02 22:26:35,898 - Step 04684: -5.1246 E_h, exp. variance=0.0953 E_h^2, pmove=0.37
2026-06-02 22:26:36,566 - Step 04685: -5.1096 E_h, exp. variance=0.0860 E_h^2, pmove=0.36
2026-06-02 22:26:37,232 - Step 04686: -5.1269 E_h, exp. variance=0.0777 E_h^2, pmove=0.37
2026-06-02 22:26:37,898 - Step 04687: -5.1265 E_h, exp. variance=0.0702 E_h^2, pmove=0.37
2026-06-02 22:26:38,564 - Step 04688: -5.1191 E_h, exp. variance=0.0634 E_h^2, pmove=0.37
2026-06-02 22:26:39,234 - Step 04689: -5.0898 E_h, exp. variance=0.0570 E_h^2, pmove=0.37
2026-06-02 22:26:39,904 - Step 04690: -5.1601 E_h, exp. variance=0.0519 E_h^2, pmove=0.37
2026-06-02 22:26:40,570 - Step 04691: -5.0838 E_h, exp. variance=0.0467 E_h^2, pmove=0.37
2026-06-02 22:26:41,236 - Step 04692: -5.1106 E_h, exp. variance=0.0421 E_h^2, pmove=0.37
2026-06-02 22:26:41,906 - Step 04693: -4.1339 E_h, exp. variance=0.1203 E_h^2, pmove=0.36
2026-06-02 22:26:42,572 - Step 04694: -4.8904 E_h, exp. variance=0.1093 E_h^2, pmove=0.37
2026-06-02 22:26:43,238 - Step 04695: -5.1251 E_h, exp. variance=0.1001 E_h^2, pmove=0.37
2026-06-02 22:26:43,904 - Step 04696: -5.1483 E_h, exp. variance=0.0921 E_h^2, pmove=0.37
2026-06-02 22:26:44,572 - Step 04697: -5.1682 E_h, exp. variance=0.0850 E_h^2, pmove=0.37
2026-06-02 22:26:45,239 - Step 04698: -5.1020 E_h, exp. variance=0.0770 E_h^2, pmove=0.36
2026-06-02 22:26:45,905 - Step 04699: -5.1592 E_h, exp. variance=0.0707 E_h^2, pmove=0.37
2026-06-02 22:26:46,570 - Step 04700: -5.1363 E_h, exp. variance=0.0643 E_h^2, pmove=0.37
2026-06-02 22:26:47,236 - Step 04701: -5.1594 E_h, exp. variance=0.0588 E_h^2, pmove=0.37
2026-06-02 22:26:47,904 - Step 04702: -5.1483 E_h, exp. variance=0.0535 E_h^2, pmove=0.37
2026-06-02 22:26:48,570 - Step 04703: -5.1349 E_h, exp. variance=0.0485 E_h^2, pmove=0.37
2026-06-02 22:26:49,237 - Step 04704: -5.1234 E_h, exp. variance=0.0438 E_h^2, pmove=0.37
2026-06-02 22:26:49,903 - Step 04705: -5.1135 E_h, exp. variance=0.0395 E_h^2, pmove=0.37
2026-06-02 22:26:50,571 - Step 04706: -5.1242 E_h, exp. variance=0.0356 E_h^2, pmove=0.37
2026-06-02 22:26:51,237 - Step 04707: -5.1053 E_h, exp. variance=0.0321 E_h^2, pmove=0.37
2026-06-02 22:26:51,902 - Step 04708: -5.1383 E_h, exp. variance=0.0291 E_h^2, pmove=0.37
2026-06-02 22:26:52,568 - Step 04709: -5.0638 E_h, exp. variance=0.0263 E_h^2, pmove=0.37
2026-06-02 22:26:53,237 - Step 04710: -5.1245 E_h, exp. variance=0.0237 E_h^2, pmove=0.37
2026-06-02 22:26:53,902 - Step 04711: -5.1313 E_h, exp. variance=0.0214 E_h^2, pmove=0.37
2026-06-02 22:26:54,567 - Step 04712: -5.0988 E_h, exp. variance=0.0193 E_h^2, pmove=0.37
2026-06-02 22:26:55,233 - Step 04713: -5.1231 E_h, exp. variance=0.0174 E_h^2, pmove=0.37
2026-06-02 22:26:55,900 - Step 04714: -5.1173 E_h, exp. variance=0.0157 E_h^2, pmove=0.37
2026-06-02 22:26:56,566 - Step 04715: -5.1214 E_h, exp. variance=0.0141 E_h^2, pmove=0.37
2026-06-02 22:26:57,232 - Step 04716: -5.1270 E_h, exp. variance=0.0128 E_h^2, pmove=0.37
2026-06-02 22:26:57,897 - Step 04717: -5.1223 E_h, exp. variance=0.0115 E_h^2, pmove=0.36
2026-06-02 22:26:58,562 - Step 04718: -5.1417 E_h, exp. variance=0.0105 E_h^2, pmove=0.37
2026-06-02 22:26:59,231 - Step 04719: -5.1289 E_h, exp. variance=0.0094 E_h^2, pmove=0.37
2026-06-02 22:26:59,900 - Step 04720: -5.1408 E_h, exp. variance=0.0086 E_h^2, pmove=0.37
2026-06-02 22:27:00,567 - Step 04721: -5.1409 E_h, exp. variance=0.0077 E_h^2, pmove=0.37
2026-06-02 22:27:01,234 - Step 04722: -5.1146 E_h, exp. variance=0.0070 E_h^2, pmove=0.36
2026-06-02 22:27:01,903 - Step 04723: -5.1188 E_h, exp. variance=0.0063 E_h^2, pmove=0.37
2026-06-02 22:27:02,569 - Step 04724: -5.1278 E_h, exp. variance=0.0057 E_h^2, pmove=0.36
2026-06-02 22:27:03,235 - Step 04725: -5.1309 E_h, exp. variance=0.0051 E_h^2, pmove=0.36
2026-06-02 22:27:03,902 - Step 04726: -5.1251 E_h, exp. variance=0.0046 E_h^2, pmove=0.36
2026-06-02 22:27:04,571 - Step 04727: -5.1216 E_h, exp. variance=0.0041 E_h^2, pmove=0.36
2026-06-02 22:27:05,238 - Step 04728: -5.1181 E_h, exp. variance=0.0037 E_h^2, pmove=0.36
2026-06-02 22:27:05,903 - Step 04729: -5.1225 E_h, exp. variance=0.0034 E_h^2, pmove=0.37
2026-06-02 22:27:06,568 - Step 04730: -5.1002 E_h, exp. variance=0.0031 E_h^2, pmove=0.37
2026-06-02 22:27:07,237 - Step 04731: -5.1205 E_h, exp. variance=0.0027 E_h^2, pmove=0.37
2026-06-02 22:27:07,906 - Step 04732: -5.1343 E_h, exp. variance=0.0025 E_h^2, pmove=0.37
2026-06-02 22:27:08,572 - Step 04733: -5.0860 E_h, exp. variance=0.0024 E_h^2, pmove=0.37
2026-06-02 22:27:09,239 - Step 04734: -5.1548 E_h, exp. variance=0.0022 E_h^2, pmove=0.36
2026-06-02 22:27:09,906 - Step 04735: -5.1072 E_h, exp. variance=0.0020 E_h^2, pmove=0.37
2026-06-02 22:27:10,576 - Step 04736: -5.0932 E_h, exp. variance=0.0019 E_h^2, pmove=0.37
2026-06-02 22:27:11,241 - Step 04737: -5.1219 E_h, exp. variance=0.0017 E_h^2, pmove=0.37
2026-06-02 22:27:11,907 - Step 04738: -5.0882 E_h, exp. variance=0.0016 E_h^2, pmove=0.36
2026-06-02 22:27:12,573 - Step 04739: -5.1067 E_h, exp. variance=0.0015 E_h^2, pmove=0.36
2026-06-02 22:27:13,242 - Step 04740: -5.1117 E_h, exp. variance=0.0013 E_h^2, pmove=0.37
2026-06-02 22:27:13,909 - Step 04741: -5.1119 E_h, exp. variance=0.0012 E_h^2, pmove=0.37
2026-06-02 22:27:14,577 - Step 04742: -5.1006 E_h, exp. variance=0.0011 E_h^2, pmove=0.37
2026-06-02 22:27:15,244 - Step 04743: -5.0754 E_h, exp. variance=0.0011 E_h^2, pmove=0.37
2026-06-02 22:27:15,913 - Step 04744: -5.1095 E_h, exp. variance=0.0010 E_h^2, pmove=0.37
2026-06-02 22:27:16,580 - Step 04745: -5.1527 E_h, exp. variance=0.0011 E_h^2, pmove=0.37
2026-06-02 22:27:17,247 - Step 04746: -5.1661 E_h, exp. variance=0.0012 E_h^2, pmove=0.36
2026-06-02 22:27:17,912 - Step 04747: -5.1581 E_h, exp. variance=0.0012 E_h^2, pmove=0.37
2026-06-02 22:27:18,580 - Step 04748: -5.1586 E_h, exp. variance=0.0012 E_h^2, pmove=0.36
2026-06-02 22:27:19,246 - Step 04749: -5.1893 E_h, exp. variance=0.0015 E_h^2, pmove=0.37
2026-06-02 22:27:19,913 - Step 04750: -5.1367 E_h, exp. variance=0.0013 E_h^2, pmove=0.37
2026-06-02 22:27:20,579 - Step 04751: -5.1352 E_h, exp. variance=0.0012 E_h^2, pmove=0.37
2026-06-02 22:27:21,245 - Step 04752: -5.1044 E_h, exp. variance=0.0011 E_h^2, pmove=0.37
2026-06-02 22:27:21,911 - Step 04753: -5.0453 E_h, exp. variance=0.0017 E_h^2, pmove=0.37
2026-06-02 22:27:22,577 - Step 04754: -0.9595 E_h, exp. variance=1.5606 E_h^2, pmove=0.37
2026-06-02 22:27:23,243 - Step 04755: -5.0983 E_h, exp. variance=1.4184 E_h^2, pmove=0.37
2026-06-02 22:27:23,910 - Step 04756: -5.1381 E_h, exp. variance=1.2905 E_h^2, pmove=0.37
2026-06-02 22:27:24,580 - Step 04757: -5.0854 E_h, exp. variance=1.1696 E_h^2, pmove=0.37
2026-06-02 22:27:25,246 - Step 04758: -5.1498 E_h, exp. variance=1.0628 E_h^2, pmove=0.37
2026-06-02 22:27:25,912 - Step 04759: -5.1211 E_h, exp. variance=0.9632 E_h^2, pmove=0.37
2026-06-02 22:27:26,577 - Step 04760: -5.0725 E_h, exp. variance=0.8704 E_h^2, pmove=0.37
2026-06-02 22:27:27,244 - Step 04761: -4.1118 E_h, exp. variance=0.8386 E_h^2, pmove=0.37
2026-06-02 22:27:27,911 - Step 04762: -5.1588 E_h, exp. variance=0.7653 E_h^2, pmove=0.37
2026-06-02 22:27:28,578 - Step 04763: -5.1389 E_h, exp. variance=0.6962 E_h^2, pmove=0.37
2026-06-02 22:27:29,244 - Step 04764: -5.1682 E_h, exp. variance=0.6341 E_h^2, pmove=0.36
2026-06-02 22:27:29,911 - Step 04765: -5.1576 E_h, exp. variance=0.5763 E_h^2, pmove=0.37
2026-06-02 22:27:30,578 - Step 04766: -5.1640 E_h, exp. variance=0.5234 E_h^2, pmove=0.36
2026-06-02 22:27:31,244 - Step 04767: -5.1546 E_h, exp. variance=0.4746 E_h^2, pmove=0.37
2026-06-02 22:27:31,909 - Step 04768: -5.0956 E_h, exp. variance=0.4284 E_h^2, pmove=0.37
2026-06-02 22:27:32,574 - Step 04769: -5.0959 E_h, exp. variance=0.3866 E_h^2, pmove=0.37
2026-06-02 22:27:33,240 - Step 04770: -5.1098 E_h, exp. variance=0.3491 E_h^2, pmove=0.36
2026-06-02 22:27:33,906 - Step 04771: -5.1222 E_h, exp. variance=0.3153 E_h^2, pmove=0.36
2026-06-02 22:27:34,570 - Step 04772: -5.1353 E_h, exp. variance=0.2849 E_h^2, pmove=0.37
2026-06-02 22:27:35,235 - Step 04773: -5.0467 E_h, exp. variance=0.2565 E_h^2, pmove=0.36
2026-06-02 22:27:35,902 - Step 04774: 2.8873 E_h, exp. variance=5.8781 E_h^2, pmove=0.37
2026-06-02 22:27:36,567 - Step 04775: -4.7529 E_h, exp. variance=5.3138 E_h^2, pmove=0.37
2026-06-02 22:27:37,232 - Step 04776: -4.2492 E_h, exp. variance=4.7826 E_h^2, pmove=0.37
2026-06-02 22:27:37,896 - Step 04777: -5.1246 E_h, exp. variance=4.3672 E_h^2, pmove=0.36
2026-06-02 22:27:38,561 - Step 04778: -0.1323 E_h, exp. variance=5.5484 E_h^2, pmove=0.37
2026-06-02 22:27:39,227 - Step 04779: -5.1177 E_h, exp. variance=5.1167 E_h^2, pmove=0.37
2026-06-02 22:27:39,893 - Step 04780: -5.0949 E_h, exp. variance=4.7005 E_h^2, pmove=0.37
2026-06-02 22:27:40,559 - Step 04781: -5.1299 E_h, exp. variance=4.3137 E_h^2, pmove=0.37
2026-06-02 22:27:41,225 - Step 04782: -5.1324 E_h, exp. variance=3.9501 E_h^2, pmove=0.37
2026-06-02 22:27:41,892 - Step 04783: -5.1118 E_h, exp. variance=3.6072 E_h^2, pmove=0.37
2026-06-02 22:27:42,558 - Step 04784: -5.1035 E_h, exp. variance=3.2876 E_h^2, pmove=0.36
2026-06-02 22:27:43,224 - Step 04785: -5.1255 E_h, exp. variance=2.9947 E_h^2, pmove=0.37
2026-06-02 22:27:43,890 - Step 04786: -5.1389 E_h, exp. variance=2.7256 E_h^2, pmove=0.37
2026-06-02 22:27:44,558 - Step 04787: -5.1539 E_h, exp. variance=2.4791 E_h^2, pmove=0.37
2026-06-02 22:27:45,224 - Step 04788: -5.1691 E_h, exp. variance=2.2536 E_h^2, pmove=0.36
2026-06-02 22:27:45,889 - Step 04789: -5.1454 E_h, exp. variance=2.0445 E_h^2, pmove=0.36
2026-06-02 22:27:46,554 - Step 04790: -5.1415 E_h, exp. variance=1.8530 E_h^2, pmove=0.37
2026-06-02 22:27:47,222 - Step 04791: -5.1498 E_h, exp. variance=1.6787 E_h^2, pmove=0.37
2026-06-02 22:27:47,888 - Step 04792: -5.1328 E_h, exp. variance=1.5188 E_h^2, pmove=0.37
2026-06-02 22:27:48,554 - Step 04793: -5.1520 E_h, exp. variance=1.3744 E_h^2, pmove=0.37
2026-06-02 22:27:49,219 - Step 04794: -5.1560 E_h, exp. variance=1.2431 E_h^2, pmove=0.37
2026-06-02 22:27:49,887 - Step 04795: -5.1508 E_h, exp. variance=1.1236 E_h^2, pmove=0.37
2026-06-02 22:27:50,555 - Step 04796: -5.1554 E_h, exp. variance=1.0153 E_h^2, pmove=0.37
2026-06-02 22:27:51,219 - Step 04797: -5.1346 E_h, exp. variance=0.9164 E_h^2, pmove=0.37
2026-06-02 22:27:51,884 - Step 04798: -5.1521 E_h, exp. variance=0.8274 E_h^2, pmove=0.37
2026-06-02 22:27:52,550 - Step 04799: -5.1589 E_h, exp. variance=0.7470 E_h^2, pmove=0.37
2026-06-02 22:27:53,219 - Step 04800: -5.1484 E_h, exp. variance=0.6739 E_h^2, pmove=0.36
2026-06-02 22:27:53,888 - Step 04801: -5.1070 E_h, exp. variance=0.6071 E_h^2, pmove=0.36
2026-06-02 22:27:54,555 - Step 04802: -5.1595 E_h, exp. variance=0.5477 E_h^2, pmove=0.36
2026-06-02 22:27:55,219 - Step 04803: -5.1528 E_h, exp. variance=0.4939 E_h^2, pmove=0.37
2026-06-02 22:27:55,888 - Step 04804: -5.1477 E_h, exp. variance=0.4453 E_h^2, pmove=0.37
2026-06-02 22:27:56,554 - Step 04805: -5.1511 E_h, exp. variance=0.4014 E_h^2, pmove=0.37
2026-06-02 22:27:57,219 - Step 04806: -5.1322 E_h, exp. variance=0.3615 E_h^2, pmove=0.37
2026-06-02 22:27:57,884 - Step 04807: -5.1306 E_h, exp. variance=0.3256 E_h^2, pmove=0.37
2026-06-02 22:27:58,554 - Step 04808: -5.1777 E_h, exp. variance=0.2938 E_h^2, pmove=0.37
2026-06-02 22:27:59,221 - Step 04809: -5.1463 E_h, exp. variance=0.2646 E_h^2, pmove=0.37
2026-06-02 22:27:59,887 - Step 04810: -5.1774 E_h, exp. variance=0.2387 E_h^2, pmove=0.37
2026-06-02 22:28:00,554 - Step 04811: -5.1473 E_h, exp. variance=0.2150 E_h^2, pmove=0.37
2026-06-02 22:28:01,222 - Step 04812: -5.1570 E_h, exp. variance=0.1936 E_h^2, pmove=0.37
2026-06-02 22:28:01,889 - Step 04813: -5.1774 E_h, exp. variance=0.1746 E_h^2, pmove=0.37
2026-06-02 22:28:02,556 - Step 04814: -5.1812 E_h, exp. variance=0.1575 E_h^2, pmove=0.37
2026-06-02 22:28:03,221 - Step 04815: -5.1637 E_h, exp. variance=0.1418 E_h^2, pmove=0.37
2026-06-02 22:28:03,888 - Step 04816: -5.1449 E_h, exp. variance=0.1277 E_h^2, pmove=0.37
2026-06-02 22:28:04,557 - Step 04817: -5.1170 E_h, exp. variance=0.1149 E_h^2, pmove=0.37
2026-06-02 22:28:05,223 - Step 04818: -5.1195 E_h, exp. variance=0.1034 E_h^2, pmove=0.37
2026-06-02 22:28:05,889 - Step 04819: -5.0988 E_h, exp. variance=0.0932 E_h^2, pmove=0.37
2026-06-02 22:28:06,554 - Step 04820: -5.1223 E_h, exp. variance=0.0839 E_h^2, pmove=0.37
2026-06-02 22:28:07,222 - Step 04821: -5.1370 E_h, exp. variance=0.0755 E_h^2, pmove=0.36
2026-06-02 22:28:07,887 - Step 04822: -5.0602 E_h, exp. variance=0.0684 E_h^2, pmove=0.37
2026-06-02 22:28:08,552 - Step 04823: -5.1422 E_h, exp. variance=0.0616 E_h^2, pmove=0.37
2026-06-02 22:28:09,216 - Step 04824: -5.1249 E_h, exp. variance=0.0554 E_h^2, pmove=0.37
2026-06-02 22:28:09,884 - Step 04825: -5.1171 E_h, exp. variance=0.0499 E_h^2, pmove=0.37
2026-06-02 22:28:10,549 - Step 04826: -5.1291 E_h, exp. variance=0.0449 E_h^2, pmove=0.36
2026-06-02 22:28:11,215 - Step 04827: -5.1182 E_h, exp. variance=0.0404 E_h^2, pmove=0.37
2026-06-02 22:28:11,880 - Step 04828: -5.1184 E_h, exp. variance=0.0364 E_h^2, pmove=0.36
2026-06-02 22:28:12,547 - Step 04829: -5.1630 E_h, exp. variance=0.0329 E_h^2, pmove=0.37
2026-06-02 22:28:13,212 - Step 04830: -5.1246 E_h, exp. variance=0.0296 E_h^2, pmove=0.37
2026-06-02 22:28:13,876 - Step 04831: -5.1154 E_h, exp. variance=0.0266 E_h^2, pmove=0.37
2026-06-02 22:28:14,541 - Step 04832: -5.1347 E_h, exp. variance=0.0240 E_h^2, pmove=0.37
2026-06-02 22:28:15,205 - Step 04833: -5.1337 E_h, exp. variance=0.0216 E_h^2, pmove=0.37
2026-06-02 22:28:15,872 - Step 04834: -5.1310 E_h, exp. variance=0.0194 E_h^2, pmove=0.36
2026-06-02 22:28:16,537 - Step 04835: -5.1738 E_h, exp. variance=0.0177 E_h^2, pmove=0.37
2026-06-02 22:28:17,203 - Step 04836: -5.1547 E_h, exp. variance=0.0160 E_h^2, pmove=0.37
2026-06-02 22:28:17,870 - Step 04837: -5.1608 E_h, exp. variance=0.0144 E_h^2, pmove=0.37
2026-06-02 22:28:18,539 - Step 04838: -5.2064 E_h, exp. variance=0.0134 E_h^2, pmove=0.37
2026-06-02 22:28:19,204 - Step 04839: -5.1417 E_h, exp. variance=0.0121 E_h^2, pmove=0.37
2026-06-02 22:28:19,871 - Step 04840: -5.1637 E_h, exp. variance=0.0109 E_h^2, pmove=0.37
2026-06-02 22:28:20,537 - Step 04841: -5.1525 E_h, exp. variance=0.0098 E_h^2, pmove=0.37
2026-06-02 22:28:21,206 - Step 04842: -5.1689 E_h, exp. variance=0.0089 E_h^2, pmove=0.37
2026-06-02 22:28:21,873 - Step 04843: -5.1675 E_h, exp. variance=0.0080 E_h^2, pmove=0.37
2026-06-02 22:28:22,539 - Step 04844: -5.1505 E_h, exp. variance=0.0072 E_h^2, pmove=0.37
2026-06-02 22:28:23,204 - Step 04845: -5.1429 E_h, exp. variance=0.0065 E_h^2, pmove=0.37
2026-06-02 22:28:23,873 - Step 04846: -5.1592 E_h, exp. variance=0.0059 E_h^2, pmove=0.37
2026-06-02 22:28:24,539 - Step 04847: -5.1823 E_h, exp. variance=0.0054 E_h^2, pmove=0.37
2026-06-02 22:28:25,205 - Step 04848: -5.1426 E_h, exp. variance=0.0048 E_h^2, pmove=0.37
2026-06-02 22:28:25,870 - Step 04849: -5.1498 E_h, exp. variance=0.0044 E_h^2, pmove=0.37
2026-06-02 22:28:26,537 - Step 04850: -5.1719 E_h, exp. variance=0.0040 E_h^2, pmove=0.37
2026-06-02 22:28:27,205 - Step 04851: -5.1676 E_h, exp. variance=0.0036 E_h^2, pmove=0.37
2026-06-02 22:28:27,872 - Step 04852: -5.1831 E_h, exp. variance=0.0033 E_h^2, pmove=0.37
2026-06-02 22:28:28,539 - Step 04853: -5.1205 E_h, exp. variance=0.0031 E_h^2, pmove=0.37
2026-06-02 22:28:29,205 - Step 04854: -5.0359 E_h, exp. variance=0.0040 E_h^2, pmove=0.37
2026-06-02 22:28:29,873 - Step 04855: -5.0955 E_h, exp. variance=0.0038 E_h^2, pmove=0.37
2026-06-02 22:28:30,540 - Step 04856: -5.1229 E_h, exp. variance=0.0035 E_h^2, pmove=0.37
2026-06-02 22:28:31,208 - Step 04857: -5.0951 E_h, exp. variance=0.0033 E_h^2, pmove=0.36
2026-06-02 22:28:31,875 - Step 04858: -5.1373 E_h, exp. variance=0.0030 E_h^2, pmove=0.36
2026-06-02 22:28:32,542 - Step 04859: -5.0663 E_h, exp. variance=0.0031 E_h^2, pmove=0.37
2026-06-02 22:28:33,209 - Step 04860: -5.1542 E_h, exp. variance=0.0028 E_h^2, pmove=0.37
2026-06-02 22:28:33,874 - Step 04861: -5.1521 E_h, exp. variance=0.0026 E_h^2, pmove=0.37
2026-06-02 22:28:34,541 - Step 04862: -5.1422 E_h, exp. variance=0.0023 E_h^2, pmove=0.37
2026-06-02 22:28:35,207 - Step 04863: -1.3343 E_h, exp. variance=1.3004 E_h^2, pmove=0.37
2026-06-02 22:28:35,872 - Step 04864: -5.1345 E_h, exp. variance=1.1835 E_h^2, pmove=0.37
2026-06-02 22:28:36,539 - Step 04865: -5.1294 E_h, exp. variance=1.0755 E_h^2, pmove=0.37
2026-06-02 22:28:37,205 - Step 04866: -5.1969 E_h, exp. variance=0.9804 E_h^2, pmove=0.37
2026-06-02 22:28:37,872 - Step 04867: -5.1765 E_h, exp. variance=0.8913 E_h^2, pmove=0.37
2026-06-02 22:28:38,540 - Step 04868: -5.1805 E_h, exp. variance=0.8096 E_h^2, pmove=0.37
2026-06-02 22:28:39,208 - Step 04869: 80.0638 E_h, exp. variance=650.7620 E_h^2, pmove=0.37
2026-06-02 22:28:39,875 - Step 04870: -5.1315 E_h, exp. variance=592.5104 E_h^2, pmove=0.37
2026-06-02 22:28:40,540 - Step 04871: -5.1472 E_h, exp. variance=538.8094 E_h^2, pmove=0.37
2026-06-02 22:28:41,209 - Step 04872: -5.1628 E_h, exp. variance=489.4440 E_h^2, pmove=0.36
2026-06-02 22:28:41,876 - Step 04873: -5.1053 E_h, exp. variance=444.0914 E_h^2, pmove=0.37
2026-06-02 22:28:42,543 - Step 04874: -5.0969 E_h, exp. variance=402.5831 E_h^2, pmove=0.37
2026-06-02 22:28:43,212 - Step 04875: -5.1463 E_h, exp. variance=364.7201 E_h^2, pmove=0.37
2026-06-02 22:28:43,897 - Step 04876: -5.0949 E_h, exp. variance=330.1455 E_h^2, pmove=0.36
2026-06-02 22:28:44,564 - Step 04877: -5.1431 E_h, exp. variance=298.7040 E_h^2, pmove=0.37
2026-06-02 22:28:45,231 - Step 04878: -5.1530 E_h, exp. variance=270.1145 E_h^2, pmove=0.37
2026-06-02 22:28:45,896 - Step 04879: -5.1260 E_h, exp. variance=244.1241 E_h^2, pmove=0.37
2026-06-02 22:28:46,561 - Step 04880: -5.1396 E_h, exp. variance=220.5462 E_h^2, pmove=0.37
2026-06-02 22:28:47,360 - Step 04881: -5.1683 E_h, exp. variance=199.1817 E_h^2, pmove=0.37
2026-06-02 22:28:48,026 - Step 04882: -5.1302 E_h, exp. variance=179.8056 E_h^2, pmove=0.37
2026-06-02 22:28:48,691 - Step 04883: -5.0762 E_h, exp. variance=162.2430 E_h^2, pmove=0.37
2026-06-02 22:28:49,356 - Step 04884: -5.1138 E_h, exp. variance=146.3704 E_h^2, pmove=0.37
2026-06-02 22:28:50,023 - Step 04885: -5.1639 E_h, exp. variance=132.0346 E_h^2, pmove=0.37
2026-06-02 22:28:50,688 - Step 04886: -5.1546 E_h, exp. variance=119.0723 E_h^2, pmove=0.37
2026-06-02 22:28:51,353 - Step 04887: -5.1601 E_h, exp. variance=107.3619 E_h^2, pmove=0.37
2026-06-02 22:28:52,018 - Step 04888: -5.1405 E_h, exp. variance=96.7805 E_h^2, pmove=0.37
2026-06-02 22:28:52,684 - Step 04889: -5.1641 E_h, exp. variance=87.2329 E_h^2, pmove=0.37
2026-06-02 22:28:53,349 - Step 04890: -5.1712 E_h, exp. variance=78.6166 E_h^2, pmove=0.37
2026-06-02 22:28:54,013 - Step 04891: -5.1544 E_h, exp. variance=70.8387 E_h^2, pmove=0.37
2026-06-02 22:28:54,679 - Step 04892: -5.1376 E_h, exp. variance=63.8201 E_h^2, pmove=0.37
2026-06-02 22:28:55,347 - Step 04893: -5.1580 E_h, exp. variance=57.4938 E_h^2, pmove=0.37
2026-06-02 22:28:56,012 - Step 04894: -5.1406 E_h, exp. variance=51.7873 E_h^2, pmove=0.37
2026-06-02 22:28:56,677 - Step 04895: -5.1440 E_h, exp. variance=46.6438 E_h^2, pmove=0.37
2026-06-02 22:28:57,342 - Step 04896: -5.1448 E_h, exp. variance=42.0079 E_h^2, pmove=0.37
2026-06-02 22:28:58,010 - Step 04897: -5.1313 E_h, exp. variance=37.8291 E_h^2, pmove=0.37
2026-06-02 22:28:58,676 - Step 04898: -5.1404 E_h, exp. variance=34.0646 E_h^2, pmove=0.37
2026-06-02 22:28:59,342 - Step 04899: -5.1360 E_h, exp. variance=30.6728 E_h^2, pmove=0.36
2026-06-02 22:29:00,009 - Step 04900: -5.1293 E_h, exp. variance=27.6170 E_h^2, pmove=0.37
2026-06-02 22:29:00,679 - Step 04901: -5.1231 E_h, exp. variance=24.8642 E_h^2, pmove=0.37
2026-06-02 22:29:01,346 - Step 04902: -5.1352 E_h, exp. variance=22.3856 E_h^2, pmove=0.37
2026-06-02 22:29:02,014 - Step 04903: -5.1634 E_h, exp. variance=20.1548 E_h^2, pmove=0.37
2026-06-02 22:29:02,680 - Step 04904: -5.0889 E_h, exp. variance=18.1426 E_h^2, pmove=0.37
2026-06-02 22:29:03,349 - Step 04905: -4.9863 E_h, exp. variance=16.3287 E_h^2, pmove=0.37
2026-06-02 22:29:04,014 - Step 04906: -5.1377 E_h, exp. variance=14.7000 E_h^2, pmove=0.37
2026-06-02 22:29:04,681 - Step 04907: -5.1483 E_h, exp. variance=13.2336 E_h^2, pmove=0.37
2026-06-02 22:29:05,346 - Step 04908: -5.2029 E_h, exp. variance=11.9153 E_h^2, pmove=0.37
2026-06-02 22:29:06,016 - Step 04909: -4.9441 E_h, exp. variance=10.7240 E_h^2, pmove=0.37
2026-06-02 22:29:06,686 - Step 04910: -5.0064 E_h, exp. variance=9.6516 E_h^2, pmove=0.37
2026-06-02 22:29:07,352 - Step 04911: -5.1355 E_h, exp. variance=8.6884 E_h^2, pmove=0.37
2026-06-02 22:29:08,018 - Step 04912: -5.1816 E_h, exp. variance=7.8225 E_h^2, pmove=0.37
2026-06-02 22:29:08,687 - Step 04913: -5.1437 E_h, exp. variance=7.0416 E_h^2, pmove=0.37
2026-06-02 22:29:09,352 - Step 04914: -5.1669 E_h, exp. variance=6.3391 E_h^2, pmove=0.37
2026-06-02 22:29:10,019 - Step 04915: -5.1388 E_h, exp. variance=5.7059 E_h^2, pmove=0.37
2026-06-02 22:29:10,694 - Step 04916: -5.1423 E_h, exp. variance=5.1360 E_h^2, pmove=0.37
2026-06-02 22:29:11,364 - Step 04917: -5.1342 E_h, exp. variance=4.6229 E_h^2, pmove=0.37
2026-06-02 22:29:12,030 - Step 04918: -5.1400 E_h, exp. variance=4.1610 E_h^2, pmove=0.37
2026-06-02 22:29:12,695 - Step 04919: -5.1328 E_h, exp. variance=3.7452 E_h^2, pmove=0.37
2026-06-02 22:29:13,362 - Step 04920: -5.1521 E_h, exp. variance=3.3711 E_h^2, pmove=0.37
2026-06-02 22:29:14,029 - Step 04921: -5.1523 E_h, exp. variance=3.0343 E_h^2, pmove=0.37
2026-06-02 22:29:14,699 - Step 04922: -5.1352 E_h, exp. variance=2.7310 E_h^2, pmove=0.37
2026-06-02 22:29:15,366 - Step 04923: -5.1641 E_h, exp. variance=2.4583 E_h^2, pmove=0.37
2026-06-02 22:29:16,034 - Step 04924: -5.1964 E_h, exp. variance=2.2132 E_h^2, pmove=0.37
2026-06-02 22:29:16,701 - Step 04925: -5.1775 E_h, exp. variance=1.9922 E_h^2, pmove=0.37
2026-06-02 22:29:17,371 - Step 04926: -5.1386 E_h, exp. variance=1.7930 E_h^2, pmove=0.37
2026-06-02 22:29:18,039 - Step 04927: -5.1494 E_h, exp. variance=1.6138 E_h^2, pmove=0.36
2026-06-02 22:29:18,707 - Step 04928: -5.1240 E_h, exp. variance=1.4524 E_h^2, pmove=0.36
2026-06-02 22:29:19,375 - Step 04929: -5.0323 E_h, exp. variance=1.3079 E_h^2, pmove=0.37
2026-06-02 22:29:20,045 - Step 04930: -5.1457 E_h, exp. variance=1.1772 E_h^2, pmove=0.37
2026-06-02 22:29:20,712 - Step 04931: -5.1516 E_h, exp. variance=1.0596 E_h^2, pmove=0.36
2026-06-02 22:29:21,380 - Step 04932: -5.1787 E_h, exp. variance=0.9539 E_h^2, pmove=0.37
2026-06-02 22:29:22,047 - Step 04933: -5.1362 E_h, exp. variance=0.8585 E_h^2, pmove=0.37
2026-06-02 22:29:22,716 - Step 04934: -5.1136 E_h, exp. variance=0.7727 E_h^2, pmove=0.37
2026-06-02 22:29:23,384 - Step 04935: -5.1701 E_h, exp. variance=0.6956 E_h^2, pmove=0.36
2026-06-02 22:29:24,052 - Step 04936: -5.1444 E_h, exp. variance=0.6260 E_h^2, pmove=0.37
2026-06-02 22:29:24,719 - Step 04937: -5.1578 E_h, exp. variance=0.5635 E_h^2, pmove=0.37
2026-06-02 22:29:25,389 - Step 04938: -5.1760 E_h, exp. variance=0.5073 E_h^2, pmove=0.36
2026-06-02 22:29:26,055 - Step 04939: -5.1283 E_h, exp. variance=0.4566 E_h^2, pmove=0.37
2026-06-02 22:29:26,721 - Step 04940: -5.1382 E_h, exp. variance=0.4109 E_h^2, pmove=0.37
2026-06-02 22:29:27,387 - Step 04941: -5.1448 E_h, exp. variance=0.3698 E_h^2, pmove=0.37
2026-06-02 22:29:28,056 - Step 04942: -5.1465 E_h, exp. variance=0.3329 E_h^2, pmove=0.37
2026-06-02 22:29:28,722 - Step 04943: -5.1541 E_h, exp. variance=0.2996 E_h^2, pmove=0.37
2026-06-02 22:29:29,387 - Step 04944: -5.1384 E_h, exp. variance=0.2696 E_h^2, pmove=0.37
2026-06-02 22:29:30,054 - Step 04945: -5.1111 E_h, exp. variance=0.2427 E_h^2, pmove=0.37
2026-06-02 22:29:30,722 - Step 04946: -5.0242 E_h, exp. variance=0.2196 E_h^2, pmove=0.37
2026-06-02 22:29:31,388 - Step 04947: -4.8760 E_h, exp. variance=0.2033 E_h^2, pmove=0.37
2026-06-02 22:29:32,054 - Step 04948: -4.2039 E_h, exp. variance=0.2555 E_h^2, pmove=0.37
2026-06-02 22:29:32,719 - Step 04949: -3.8775 E_h, exp. variance=0.3457 E_h^2, pmove=0.36
2026-06-02 22:29:33,388 - Step 04950: -5.0981 E_h, exp. variance=0.3148 E_h^2, pmove=0.37
2026-06-02 22:29:34,054 - Step 04951: -5.0116 E_h, exp. variance=0.2841 E_h^2, pmove=0.36
2026-06-02 22:29:34,720 - Step 04952: -5.1422 E_h, exp. variance=0.2598 E_h^2, pmove=0.37
2026-06-02 22:29:35,387 - Step 04953: -4.3817 E_h, exp. variance=0.2628 E_h^2, pmove=0.36
2026-06-02 22:29:36,056 - Step 04954: -4.7933 E_h, exp. variance=0.2374 E_h^2, pmove=0.36
2026-06-02 22:29:36,723 - Step 04955: -5.0693 E_h, exp. variance=0.2168 E_h^2, pmove=0.36
2026-06-02 22:29:37,389 - Step 04956: -5.1412 E_h, exp. variance=0.2003 E_h^2, pmove=0.36
2026-06-02 22:29:38,054 - Step 04957: -5.0784 E_h, exp. variance=0.1824 E_h^2, pmove=0.36
2026-06-02 22:29:38,722 - Step 04958: -5.1052 E_h, exp. variance=0.1666 E_h^2, pmove=0.36
2026-06-02 22:29:39,389 - Step 04959: -5.0881 E_h, exp. variance=0.1515 E_h^2, pmove=0.37
2026-06-02 22:29:40,056 - Step 04960: -5.1387 E_h, exp. variance=0.1389 E_h^2, pmove=0.36
2026-06-02 22:29:40,723 - Step 04961: -5.0892 E_h, exp. variance=0.1260 E_h^2, pmove=0.36
2026-06-02 22:29:41,390 - Step 04962: -5.1142 E_h, exp. variance=0.1146 E_h^2, pmove=0.37
2026-06-02 22:29:42,058 - Step 04963: -5.1198 E_h, exp. variance=0.1042 E_h^2, pmove=0.37
2026-06-02 22:29:42,726 - Step 04964: -5.1206 E_h, exp. variance=0.0947 E_h^2, pmove=0.37
2026-06-02 22:29:43,393 - Step 04965: -5.1769 E_h, exp. variance=0.0872 E_h^2, pmove=0.36
2026-06-02 22:29:44,060 - Step 04966: -5.1382 E_h, exp. variance=0.0793 E_h^2, pmove=0.36
2026-06-02 22:29:44,726 - Step 04967: -5.1598 E_h, exp. variance=0.0723 E_h^2, pmove=0.36
2026-06-02 22:29:45,394 - Step 04968: -5.1372 E_h, exp. variance=0.0656 E_h^2, pmove=0.37
2026-06-02 22:29:46,061 - Step 04969: -4.0459 E_h, exp. variance=0.1538 E_h^2, pmove=0.37
2026-06-02 22:29:46,728 - Step 04970: -5.1599 E_h, exp. variance=0.1417 E_h^2, pmove=0.36
2026-06-02 22:29:47,395 - Step 04971: -5.0496 E_h, exp. variance=0.1278 E_h^2, pmove=0.37
2026-06-02 22:29:48,063 - Step 04972: -5.1526 E_h, exp. variance=0.1173 E_h^2, pmove=0.36
2026-06-02 22:29:48,730 - Step 04973: -5.1485 E_h, exp. variance=0.1073 E_h^2, pmove=0.37
2026-06-02 22:29:49,397 - Step 04974: -4.9785 E_h, exp. variance=0.0967 E_h^2, pmove=0.36
2026-06-02 22:29:50,067 - Step 04975: 18.1214 E_h, exp. variance=48.2823 E_h^2, pmove=0.36
2026-06-02 22:29:50,735 - Step 04976: -5.1206 E_h, exp. variance=43.9791 E_h^2, pmove=0.36
2026-06-02 22:29:51,403 - Step 04977: -5.1477 E_h, exp. variance=40.0171 E_h^2, pmove=0.37
2026-06-02 22:29:52,071 - Step 04978: -5.1570 E_h, exp. variance=36.3718 E_h^2, pmove=0.36
2026-06-02 22:29:52,739 - Step 04979: -5.1207 E_h, exp. variance=33.0117 E_h^2, pmove=0.36
2026-06-02 22:29:53,407 - Step 04980: -5.1911 E_h, exp. variance=29.9554 E_h^2, pmove=0.36
2026-06-02 22:29:54,076 - Step 04981: -5.1470 E_h, exp. variance=27.1466 E_h^2, pmove=0.36
2026-06-02 22:29:54,744 - Step 04982: -5.1418 E_h, exp. variance=24.5820 E_h^2, pmove=0.36
2026-06-02 22:29:55,412 - Step 04983: -5.1839 E_h, exp. variance=22.2543 E_h^2, pmove=0.37
2026-06-02 22:29:56,080 - Step 04984: -5.1724 E_h, exp. variance=20.1324 E_h^2, pmove=0.37
2026-06-02 22:29:56,748 - Step 04985: -5.1218 E_h, exp. variance=18.1944 E_h^2, pmove=0.36
2026-06-02 22:29:57,415 - Step 04986: -5.1546 E_h, exp. variance=16.4409 E_h^2, pmove=0.37
2026-06-02 22:29:58,085 - Step 04987: -5.1632 E_h, exp. variance=14.8514 E_h^2, pmove=0.36
2026-06-02 22:29:58,753 - Step 04988: -5.1223 E_h, exp. variance=13.4055 E_h^2, pmove=0.37
2026-06-02 22:29:59,420 - Step 04989: -4.7598 E_h, exp. variance=12.0698 E_h^2, pmove=0.37
2026-06-02 22:30:00,089 - Step 04990: 30.8665 E_h, exp. variance=123.7609 E_h^2, pmove=0.36
2026-06-02 22:30:00,758 - Step 04991: -5.1437 E_h, exp. variance=112.9230 E_h^2, pmove=0.37
2026-06-02 22:30:01,426 - Step 04992: -5.1363 E_h, exp. variance=102.8716 E_h^2, pmove=0.37
2026-06-02 22:30:02,093 - Step 04993: -5.1352 E_h, exp. variance=93.5890 E_h^2, pmove=0.37
2026-06-02 22:30:02,759 - Step 04994: -4.9614 E_h, exp. variance=84.9524 E_h^2, pmove=0.37
2026-06-02 22:30:03,426 - Step 04995: -5.0468 E_h, exp. variance=77.0821 E_h^2, pmove=0.36
2026-06-02 22:30:04,092 - Step 04996: -5.1436 E_h, exp. variance=69.9222 E_h^2, pmove=0.37
2026-06-02 22:30:04,759 - Step 04997: -5.1578 E_h, exp. variance=63.3799 E_h^2, pmove=0.37
2026-06-02 22:30:05,426 - Step 04998: -5.1448 E_h, exp. variance=57.4016 E_h^2, pmove=0.37
2026-06-02 22:30:06,095 - Step 04999: -5.1467 E_h, exp. variance=51.9534 E_h^2, pmove=0.37
2026-06-02 22:30:06,096 - Saving checkpoint results/bilayer-bosons/BosonNet/N24_layers12_12_rs4.0_d2.5_D20.0_sq/qmcjax_ckpt_004999.npz
2026-06-02 22:30:06,133 - Training completed after t [s] = 3483
