step,energy,ewmean,ewvar,pmove,locstd
0,633.0305,633.0305,0.0,0.9989502,15300.348
1,1097.9574,679.5232,19454.129,0.9989746,30509.426
2,437.8247,655.35333,22766.35,0.998584,5449.73
3,1816.7888,771.4969,141893.62,0.99853516,51913.12
4,776.2519,771.9724,127706.3,0.9985108,21298.756
5,256.92072,720.4672,138810.7,0.9986572,2210.314
6,339.966,682.4171,137959.92,0.9982422,4894.0366
7,478.74832,662.05023,127897.21,0.998584,6423.2344
8,1971.1858,792.9638,269352.72,0.99833983,55081.98
9,686.28186,782.2956,243441.72,0.997876,16362.974
10,506.26373,754.6924,225954.97,0.99794924,11623.1455
11,1165.2114,795.74426,218526.8,0.9979004,31071.398
12,1194.4576,835.6156,210981.62,0.9981201,33573.08
13,211.90862,773.2449,224894.39,0.99748534,1504.6365
14,521.43604,748.06396,208111.64,0.9977539,12646.973
15,1607.538,834.01135,253783.06,0.99763185,36038.688
16,267.08566,777.3188,257331.17,0.99726564,3072.2551
17,639.91925,763.57886,233297.12,0.9972168,8460.482
18,490.6769,736.28864,216670.2,0.9975342,7907.4873
19,456.6163,708.3214,202042.67,0.99714357,5656.7217
20,2126.6316,850.15247,362882.75,0.99741215,74017.76
21,1618.3304,926.9703,379703.25,0.9972901,37180.98
22,411.3063,875.4039,365664.75,0.9971924,4890.408
23,677.9453,855.658,332607.38,0.99660647,17106.99
24,753.70386,845.4626,300282.16,0.99663085,19406.402
25,1951.2467,956.041,380302.22,0.9968506,77944.75
26,576.80164,918.11707,355216.0,0.9967529,10373.046
27,371.51337,863.45667,346584.2,0.9964356,5025.035
28,2891.4414,1066.2551,682070.75,0.99655765,114847.69
29,290.77872,988.70746,667986.4,0.9966797,3457.809
30,1251.2242,1014.9591,607390.06,0.99660647,33422.402
31,3491.4536,1262.6085,1.0986234e+06,0.9968262,102824.54
32,710.64594,1207.4122,1.0161806e+06,0.9967041,16387.139
33,207.30746,1107.4017,1.00458144e+06,0.99582523,1603.5834
34,398.4674,1036.5083,949356.2,0.9959961,8701.792
35,1148.8213,1047.7396,855555.8,0.99587405,28926.04
36,1409.5574,1083.9214,781782.25,0.9954834,27245.986
37,1563.0322,1131.8325,724263.25,0.99487305,44196.992
38,2207.4495,1239.3942,755962.56,0.99538577,72230.445
39,682.2522,1183.6799,708302.9,0.995166,17130.174
40,356.15045,1100.927,699105.0,0.9945801,4027.3064
41,457.4002,1036.5743,666465.9,0.9942139,6105.8813
42,1007.5306,1033.6699,599895.2,0.9939209,28061.9
43,276.41708,957.94464,591514.5,0.99370116,3523.6277
44,466.43054,908.7932,554105.8,0.99382323,5907.197
45,2416.233,1059.5372,703208.94,0.9937744,82952.62
46,284.2446,982.008,686985.1,0.9931885,4380.9927
47,6037.154,1487.5226,2.9181918e+06,0.99311525,225777.03
48,3384.0488,1677.1752,2.9500855e+06,0.99333495,137706.22
49,1515.383,1660.996,2.6574328e+06,0.9926025,46309.312
50,519.47473,1546.8439,2.5089658e+06,0.99311525,6202.353
51,730.89716,1465.2491,2.3179885e+06,0.9920166,11207.698
52,564.6579,1375.1901,2.1591855e+06,0.9916016,11458.923
53,605.38574,1298.2096,1.9966006e+06,0.9913818,12813.221
54,1333.0717,1301.6958,1.7970499e+06,0.9910645,29250.152
55,1180.4172,1289.568,1.6186686e+06,0.9908447,23649.17
56,714.7057,1232.0818,1.4865436e+06,0.9913818,16826.12
57,1338.5675,1242.7303,1.3389098e+06,0.9908447,27493.982
58,410.36194,1159.4935,1.2673741e+06,0.9893066,3821.9983
59,641.00867,1107.645,1.164831e+06,0.9892578,15991.165
60,396.8799,1036.5685,1.0938148e+06,0.98913574,6738.5215
61,3796.3484,1312.5465,1.6699079e+06,0.9890137,142952.47
62,923.13293,1273.6051,1.5165649e+06,0.9874512,19532.52
63,689.0765,1215.1522,1.395659e+06,0.9873535,14458.286
64,1470.7129,1240.7083,1.2619711e+06,0.9865479,20902.994
65,1230.5178,1239.6892,1.1357834e+06,0.9877197,42147.023
66,411.95245,1156.9155,1.0838684e+06,0.9852051,8188.3696
67,5065.0947,1547.7334,2.3501295e+06,0.9855957,198615.81
68,1560.7783,1549.0378,2.1151318e+06,0.98620605,58264.64
69,7241.8477,2118.3188,4.820346e+06,0.98481447,311872.53
70,799.1281,1986.3998,4.494935e+06,0.9838379,20621.854
71,630.2451,1850.7843,4.2109655e+06,0.983252,10596.502
72,711.2156,1736.8274,3.9067442e+06,0.9824951,12902.114
73,224.9216,1585.6368,3.7217972e+06,0.9825684,2152.488
74,2493.1956,1676.3927,3.423747e+06,0.9810547,69792.36
75,679.9099,1576.7444,3.1707402e+06,0.98063964,14284.505
76,762.499,1495.3198,2.9133358e+06,0.9808106,14062.024
77,455.83636,1391.3715,2.7192492e+06,0.9791016,5879.264
78,644.041,1316.6384,2.4975895e+06,0.9795899,8890.345
79,645.001,1249.4747,2.2884292e+06,0.9786865,9131.616
80,2237.9624,1348.3235,2.147526e+06,0.9794678,63606.457
81,4138.367,1627.3279,2.6333645e+06,0.9775879,142101.06
82,1144.0026,1578.9954,2.3910522e+06,0.976709,42297.82
83,2424.0818,1663.504,2.2162222e+06,0.97595215,100275.984
84,2074.9712,1704.6508,2.0098374e+06,0.9758301,60845.55
85,1522.3071,1686.4164,1.811846e+06,0.97592777,34958.21
86,458.33743,1563.6085,1.7663974e+06,0.9746582,4937.893
87,1587.1292,1565.9606,1.5898074e+06,0.97612303,37649.785
88,5350.83,1944.4475,2.720098e+06,0.97612303,227849.31
89,223.21414,1772.3242,2.7147262e+06,0.9763428,1782.5651
90,1216.3878,1716.7306,2.4710695e+06,0.9729004,24538.092
91,1354.7949,1680.537,2.2357522e+06,0.9734131,44530.06
92,7016.5825,2214.1416,4.5747815e+06,0.9697022,259366.47
93,1113.9753,2104.125,4.226236e+06,0.9713135,22487.059
94,2009.7184,2094.6843,3.8044148e+06,0.9702393,72026.32
95,1375.2582,2022.7417,3.470555e+06,0.96914065,53257.89
96,837.4188,1904.2095,3.2499485e+06,0.96882325,21635.438
97,489.91483,1762.78,3.1049742e+06,0.9680664,8270.934
98,655.07825,1652.0099,2.904907e+06,0.9677246,11800.357
99,3848.9883,1871.7078,3.0488205e+06,0.9691162,138754.11
100,1982.1938,1882.7563,2.745037e+06,0.9700684,70118.47
101,2412.5918,1935.7399,2.4957985e+06,0.96850586,84831.52
102,613.8519,1803.551,2.4034835e+06,0.9667725,12445.573
103,2221.4602,1845.3419,2.1788532e+06,0.9671387,60620.523
104,513.957,1712.2034,2.1205005e+06,0.96430665,13232.007
105,390.3802,1580.021,2.0657e+06,0.9633545,6234.7173
106,354.8123,1457.5001,1.9942324e+06,0.96123046,6022.24
107,1020.1865,1413.7688,1.812021e+06,0.95993656,37175.89
108,988.0965,1371.2015,1.6471266e+06,0.95788574,17741.07
109,513.2727,1285.4087,1.5486576e+06,0.95717776,7424.9897
110,462.97394,1203.1652,1.4546678e+06,0.95383304,8351.876
111,1764.5024,1259.2988,1.33756e+06,0.95590824,58518.066
112,606.3682,1194.0057,1.2421726e+06,0.9525391,15567.903
113,628.349,1137.4401,1.1467524e+06,0.9478027,9895.162
114,7445.9355,1768.2896,4.6138175e+06,0.9510986,250533.58
115,5428.196,2134.2803,5.357978e+06,0.95007324,223172.84
116,452.90985,1966.1432,5.0766105e+06,0.9523682,6473.9126
117,278.25867,1797.3547,4.8253555e+06,0.9548584,2142.59
118,5632.699,2180.8892,5.6667075e+06,0.95874023,237647.67
119,4479.505,2410.7507,5.575564e+06,0.9565918,164763.06
120,963.62195,2266.0378,5.2064835e+06,0.9597168,21556.621
121,3422.1074,2381.6448,4.8061195e+06,0.9580566,143790.1
122,421.68933,2185.6492,4.6712355e+06,0.96030277,6532.578
123,590.2135,2026.1056,4.433199e+06,0.96015626,7872.001
124,1171.5944,1940.6544,4.055596e+06,0.960669,41667.426
125,7029.7485,2449.564,5.9809355e+06,0.96047366,297498.3
126,441.5659,2248.7642,5.7457265e+06,0.9574219,8047.722
127,487.55286,2072.643,5.4503215e+06,0.95703125,5626.699
128,1046.6349,1970.0422,5.000032e+06,0.9547119,21184.467
129,455.00513,1818.5386,4.706609e+06,0.9545166,7982.012
130,1265.2253,1763.2073,4.263502e+06,0.9494873,34504.89
131,263.0598,1613.1925,4.0396912e+06,0.94746095,3327.8938
132,1038.121,1555.6853,3.6654858e+06,0.9480225,18334.898
133,5319.8027,1932.097,4.5741095e+06,0.9468994,219813.64
134,352.0762,1774.095,4.3413805e+06,0.946582,6829.695
135,189.07867,1615.5934,4.133347e+06,0.9463135,1491.7272
136,358.5293,1489.887,3.862231e+06,0.9472168,6323.3765
137,439.77145,1384.8754,3.5752548e+06,0.94760746,5683.799
138,330.28287,1279.4161,3.317824e+06,0.9466309,4296.564
139,703.0813,1221.7827,3.0159362e+06,0.9473877,22335.598
140,928.3149,1192.4359,2.7220935e+06,0.9499268,14243.49
141,631.9523,1136.3876,2.478157e+06,0.9467041,10580.745
142,342.23883,1056.9727,2.2871018e+06,0.9511475,6644.821
143,8017.355,1753.011,6.4186145e+06,0.9477051,353428.88
144,5803.7764,2158.0874,7.253536e+06,0.9499268,248729.36
145,322.03833,1974.4825,6.831579e+06,0.9422119,3118.3835
146,697.5633,1846.7906,6.295168e+06,0.94235843,10808.156
147,4905.7114,2152.6826,6.5077805e+06,0.9404541,207815.56
148,1313.0586,2068.7202,5.9204495e+06,0.93806154,45349.17
149,641.1295,1925.9612,5.511826e+06,0.93740237,16257.176
150,320.24197,1765.3893,5.1926935e+06,0.9359619,4118.3
151,2295.8032,1818.4307,4.6987445e+06,0.9335694,68229.67
152,2037.9738,1840.385,4.233208e+06,0.9324463,73171.74
153,344.14658,1690.7612,4.0113728e+06,0.9326416,6544.6675
154,1689.456,1690.6307,3.6102355e+06,0.93237305,52249.12
155,647.2875,1586.2964,3.3471828e+06,0.93576664,11583.271
156,1655.2417,1593.1909,3.012892e+06,0.93666995,39778.52
157,221.49596,1456.0215,2.880942e+06,0.939209,2538.412
158,380.5832,1348.4777,2.6969388e+06,0.94035643,5571.8193
159,2324.9114,1446.1211,2.5130528e+06,0.94208986,91587.77
160,5485.7285,1850.0818,3.7304058e+06,0.9455078,224024.28
161,1180.3579,1783.1094,3.3977328e+06,0.942749,27637.91
162,437.73444,1648.5719,3.2208625e+06,0.9432129,6293.0845
163,559.07715,1539.6224,3.0056062e+06,0.943335,8613.159
164,692.1749,1454.8777,2.7696808e+06,0.9475586,18868.604
165,592.0012,1368.5901,2.5597225e+06,0.9454102,13724.563
166,5086.0835,1740.3395,3.5475282e+06,0.9468506,163548.12
167,210.51152,1587.3567,3.4034088e+06,0.95012206,1774.3948
168,738.17,1502.438,3.1279682e+06,0.9508301,18880.139
169,256.21042,1377.8152,2.9549488e+06,0.95456547,2730.5393
170,351.95764,1275.2295,2.7541682e+06,0.9549317,5178.2866
171,660.1317,1213.7197,2.5128025e+06,0.9556885,10344.634
172,658.59106,1158.2069,2.2892572e+06,0.9566895,14657.473
173,201.89653,1062.5759,2.1426392e+06,0.9576904,1824.1705
174,1264.0151,1082.7198,1.9320272e+06,0.9610596,34227.473
175,378.9571,1012.34357,1.7833999e+06,0.96340334,6137.6216
176,1585.4784,1069.6571,1.6346234e+06,0.96467286,46660.465
177,762.0049,1038.8918,1.4796795e+06,0.9665772,22171.34
178,503.25787,985.3284,1.3575329e+06,0.96669924,6856.687
179,383.64627,925.1602,1.2543615e+06,0.9677979,6518.698
180,3847.7686,1217.421,1.8976729e+06,0.9684326,160337.36
181,843.933,1180.0723,1.72046e+06,0.96623534,26347.836
182,395.6059,1101.6256,1.6037989e+06,0.9666504,6926.611
183,2290.9148,1220.5546,1.5707158e+06,0.9668701,87472.08
184,321.61865,1130.661,1.4863719e+06,0.96655273,6709.335
185,1224.687,1140.0636,1.3385304e+06,0.9674072,36468.06
186,1339.6301,1160.0203,1.2082616e+06,0.9667236,24935.498
187,569.9649,1101.0148,1.1187702e+06,0.9659668,9755.434
188,2174.8508,1208.3984,1.1106744e+06,0.9648682,48450.59
189,625.26624,1150.0852,1.0302109e+06,0.96711427,10448.09
190,274.14212,1062.4908,996244.6,0.96447754,2847.815
191,1053.958,1061.6376,896626.7,0.96479493,30267.918
192,4113.9883,1366.8727,1.64548e+06,0.96489257,131336.66
193,313.8557,1261.571,1.580728e+06,0.96689457,4879.101
194,1361.2051,1271.5344,1.4235486e+06,0.9710205,54010.938
195,279.23077,1172.3041,1.3698138e+06,0.97233886,3998.6626
196,981.7928,1153.2529,1.2360989e+06,0.9761719,17759.053
197,516.99426,1089.6271,1.1489232e+06,0.977832,12627.612
198,443.4348,1025.0078,1.0716118e+06,0.97834474,7107.2725
199,537.4184,976.2489,985847.5,0.98095703,5769.1626
200,919.84174,970.60815,887549.1,0.98339844,21141.143
201,656.9629,939.24365,807647.75,0.9821045,9810.269
202,308.47946,876.16724,762690.7,0.98264164,4977.5522
203,1054.0348,893.954,689268.94,0.98381346,36149.363
204,222.49396,826.808,660919.3,0.98396,2813.038
205,1019.7761,846.1048,598178.7,0.9836914,21587.293
206,934.58435,854.95276,539065.4,0.9852783,31716.93
207,578.3516,827.29266,492044.56,0.98657227,11827.735
208,1477.4645,892.3098,480885.2,0.98552245,28341.27
209,436.08392,846.68726,451529.47,0.9854248,6710.425
210,1421.2133,904.13983,436083.75,0.98562014,34074.93
211,253.86731,839.11255,430532.25,0.9858643,3982.5825
212,247.35402,779.9367,418995.03,0.9858643,3045.3926
213,695.51855,771.4949,377736.9,0.98742676,13176.262
214,3233.7207,1017.71747,885593.25,0.98669434,62144.594
215,526.49646,968.59534,818750.75,0.9864014,11021.1
216,548.2854,926.56433,752775.1,0.9866211,9693.018
217,572.3453,891.14246,688790.0,0.98706055,13890.707
218,322.72638,834.30084,648989.7,0.98635256,3702.1357
219,220.33997,772.9048,618016.06,0.9869629,2205.373
220,418.32233,737.44653,567530.0,0.9874024,5764.4785
221,7526.572,1416.3591,4.6590765e+06,0.9874024,293631.25
222,679.5089,1342.6741,4.242034e+06,0.98657227,14160.393
223,1231.4606,1331.5527,3.8189438e+06,0.9861817,42648.16
224,431.3769,1241.5352,3.5099778e+06,0.98552245,6781.6357
225,820.10834,1199.3925,3.174964e+06,0.9865967,28960.299
226,335.5988,1113.0131,2.92462e+06,0.98515624,4784.868
227,9632.603,1964.972,9.164665e+06,0.98603517,266826.4
228,4454.9185,2213.9668,8.806183e+06,0.98413086,169020.45
229,492.74387,2041.8445,8.1921995e+06,0.98095703,10144.109
230,352.54657,1872.9147,7.6298145e+06,0.97592777,3843.5115
231,408.3518,1726.4584,7.059878e+06,0.9727783,7812.514
232,448.13208,1598.6257,6.500961e+06,0.96875,6165.783
233,319.8851,1470.7517,5.998031e+06,0.96535647,6829.5283
234,332.31888,1356.9084,5.5148705e+06,0.95896,3523.5278
235,356.83414,1256.901,5.053397e+06,0.95476073,6019.9077
236,3765.6465,1507.7755,5.1144995e+06,0.95075685,114694.1
237,2202.1487,1577.2129,4.6464435e+06,0.9504151,78945.445
238,2882.826,1707.7742,4.3352155e+06,0.94970703,106885.71
239,1166.523,1653.649,3.9280598e+06,0.9411133,22932.479
240,242.31126,1512.5153,3.7145225e+06,0.93688965,2895.1985
241,1017.1893,1462.9827,3.3651515e+06,0.932251,19361.78
242,378.7584,1354.5603,3.134435e+06,0.9300537,4702.816
243,2605.1978,1479.624,2.96176e+06,0.9265137,94389.68
244,297.74286,1361.4359,2.7912998e+06,0.92226565,3856.8765
245,1506.0854,1375.9009,2.5140528e+06,0.920166,38553.094
246,1479.8003,1386.2908,2.263619e+06,0.9209229,55416.164
247,1561.3942,1403.8011,2.0400165e+06,0.91982424,56561.53
248,4092.0562,1672.6267,2.4864192e+06,0.9172363,156943.61
249,3248.177,1830.1818,2.4611898e+06,0.9088135,128118.914
250,1288.2186,1775.9855,2.241506e+06,0.91296387,36108.543
251,642.72504,1662.6594,2.1329405e+06,0.91137695,13551.921
252,704.7244,1566.866,2.002234e+06,0.9125244,13872.263
253,3017.375,1711.9169,1.9913685e+06,0.9127197,90792.85
254,258.91724,1566.617,1.9822402e+06,0.9200684,2663.8232
255,346.0531,1444.5605,1.9180959e+06,0.9265137,3417.5256
256,284.54187,1328.5587,1.8473941e+06,0.93188477,3893.6863
257,314.11194,1227.114,1.7552739e+06,0.93620604,4443.3267
258,822.42664,1186.6453,1.5944859e+06,0.9407471,18058.344
259,1871.9298,1255.1737,1.4773026e+06,0.9456299,58372.797
260,1103.6133,1240.0177,1.3316396e+06,0.948584,15401.373
261,881.3436,1204.1503,1.2100539e+06,0.9525391,21822.432
262,1096.9028,1193.4255,1.0900836e+06,0.95595706,26730.086
263,2064.9297,1280.5759,1.049432e+06,0.95830077,68064.3
264,2480.5554,1400.5739,1.0740844e+06,0.9628174,49600.984
265,1082.9839,1368.8148,975753.6,0.9628906,21416.477
266,1386.3005,1370.5634,878205.75,0.96325684,36062.29
267,897.48254,1323.2552,810527.7,0.9647705,28083.049
268,175.24908,1208.4546,848087.5,0.96611327,1295.2626
269,1415.923,1229.2014,767152.6,0.9660889,33045.547
270,660.0093,1172.2822,719595.56,0.96623534,15357.371
271,1161.1177,1171.1658,647647.2,0.96547854,36213.305
272,2783.4702,1332.3962,816839.75,0.9678467,117151.98
273,424.552,1241.6118,809332.06,0.9667725,4412.0283
274,1503.7457,1267.8252,734583.1,0.9669434,38529.31
275,270.7307,1168.1157,750602.56,0.969336,3302.0764
276,3113.2778,1362.632,1.0160713e+06,0.97004396,97119.23
277,611.5532,1287.524,965234.9,0.97233886,11177.795
278,331.36337,1191.908,950993.3,0.974585,3737.419
279,444.69653,1117.1868,906143.2,0.97397465,8291.586
280,1412.3875,1146.7068,823371.8,0.9739014,34776.72
281,932.69806,1125.3059,745156.6,0.974292,20327.29
282,565.46594,1069.3219,698848.8,0.9742188,9494.956
283,775.8009,1039.9698,636717.8,0.9745361,19671.912
284,2767.8508,1212.7579,841747.56,0.9749756,93525.24
285,4161.3447,1507.6167,1.5400475e+06,0.97578126,160906.47
286,780.2194,1434.877,1.4336622e+06,0.97646487,17355.223
287,2284.2944,1519.8187,1.3552319e+06,0.97734374,76784.36
288,249.73578,1392.8104,1.3648886e+06,0.9798096,2840.8223
289,757.05206,1329.2346,1.2647768e+06,0.9790527,17891.338
290,1124.6552,1308.7766,1.1420658e+06,0.98078614,24301.37
291,4313.1323,1609.2122,1.8402129e+06,0.9794434,131608.64
292,1455.6987,1593.8608,1.6583125e+06,0.98056644,53035.875
293,410.7026,1475.545,1.618469e+06,0.9795166,7299.731
294,5307.636,1858.7542,2.7782652e+06,0.9803467,216382.17
295,1706.8623,1843.565,2.502515e+06,0.98164064,38854.73
296,1466.7203,1805.8805,2.2650445e+06,0.9824951,33570.34
297,711.7075,1696.4631,2.1462892e+06,0.9828125,16306.487
298,455.08105,1572.325,2.070353e+06,0.9845703,6245.1562
299,368.4328,1451.9358,1.9937596e+06,0.98251957,5454.9463
300,351.98062,1341.9403,1.9032748e+06,0.98308104,3711.806
301,374.28485,1245.1748,1.7972194e+06,0.98339844,4940.006
302,987.08466,1219.3658,1.6234922e+06,0.98264164,32898.31
303,4752.212,1572.6505,2.5844332e+06,0.9824707,144258.42
304,636.23645,1479.0092,2.4049085e+06,0.9833252,20647.234
305,4408.5576,1771.964,2.9368205e+06,0.9805908,175508.06
306,885.2036,1683.288,2.7139095e+06,0.98386234,25011.154
307,1384.0139,1653.3606,2.4505792e+06,0.9836182,45802.57
308,6441.7227,2132.1968,4.269079e+06,0.9846436,256840.03
309,822.6626,2001.2434,3.9965102e+06,0.98493654,19070.041
310,432.85303,1844.4044,3.8182455e+06,0.98422855,6242.538
311,261.75473,1686.1394,3.661851e+06,0.98408204,3016.5403
312,460.12265,1563.5377,3.4309465e+06,0.98466796,6911.2725
313,576.2869,1464.8126,3.1755715e+06,0.98354495,12898.897
314,3510.5225,1669.3835,3.234658e+06,0.98393553,148554.78
315,299.1206,1532.3573,3.080178e+06,0.9844238,3464.221
316,1794.2727,1558.5488,2.7783342e+06,0.98427737,54604.195
317,5014.591,1904.1531,3.5754812e+06,0.98513186,208708.48
318,1870.4058,1900.7783,3.2180358e+06,0.9850586,54453.83
319,6208.2417,2331.5247,4.566114e+06,0.9857178,241389.23
320,573.3026,2155.7024,4.3877235e+06,0.9864014,10022.8125
321,1162.1282,2056.345,4.0377982e+06,0.98603517,26423.592
322,1957.8212,2046.4926,3.634892e+06,0.98706055,42908.016
323,407.0708,1882.5504,3.5132962e+06,0.98684084,6402.9604
324,530.72736,1747.3682,3.3264348e+06,0.98635256,11407.102
325,1149.9597,1687.6273,3.025912e+06,0.98769534,21094.82
326,237.08452,1542.573,2.9126875e+06,0.98710936,2769.4683
327,244.81633,1412.7974,2.7729942e+06,0.9884766,2407.4207
328,967.5695,1368.2745,2.5135352e+06,0.9876221,22405.754
329,1004.36694,1331.8838,2.2741002e+06,0.9871338,28629.43
330,987.7982,1297.4752,2.0573458e+06,0.98876953,26863.707
331,8929.801,2060.7078,7.094327e+06,0.9879883,282151.06
332,514.48254,1906.0852,6.600067e+06,0.98791504,13689.288
333,437.69128,1759.2458,6.1341165e+06,0.9878662,8576.159
334,936.6419,1676.9855,5.5816055e+06,0.9886231,26671.287
335,257.90762,1535.0776,5.204685e+06,0.9888672,2589.0679
336,444.11652,1425.9816,4.791334e+06,0.9882569,11666.374
337,373.65353,1320.7488,4.411866e+06,0.9888428,5858.7446
338,969.9815,1285.672,3.981753e+06,0.98896486,18627.293
339,333.73956,1190.4788,3.6651332e+06,0.989209,4094.8408
340,1142.7806,1185.709,3.2988245e+06,0.98950195,28603.49
341,455.33673,1112.6718,3.0169518e+06,0.9893066,10307.722
342,1470.2751,1148.4321,2.7267658e+06,0.9895264,43166.57
343,419.6067,1075.5496,2.501896e+06,0.98964846,6513.2593
344,6849.9224,1652.9868,5.252611e+06,0.98964846,178726.75
345,253.27438,1513.0156,4.9036775e+06,0.9894776,2805.9365
346,184.82544,1380.1967,4.5720775e+06,0.988501,1572.6628
347,324.02603,1274.5796,4.215264e+06,0.9902344,3916.1
348,1038.941,1251.0157,3.7987348e+06,0.9892578,33673.684
349,448.88464,1170.8026,3.4767685e+06,0.98955077,9728.323
350,518.39746,1105.5621,3.1673985e+06,0.99040526,10100.43
351,363.38168,1031.3441,2.9002335e+06,0.9894043,4663.5625
352,5941.6113,1522.3708,4.7801755e+06,0.98828125,192317.81
353,180.41745,1388.1755,4.4642335e+06,0.9888672,1639.3278
354,5381.689,1787.5269,5.4531435e+06,0.9891602,198410.28
355,450.26965,1653.8011,5.068772e+06,0.9898926,5173.3945
356,7222.329,2210.6538,7.3526595e+06,0.99003905,313168.22
357,309.4273,2020.5311,6.942713e+06,0.99108887,4089.6296
358,682.58496,1886.7366,6.4095505e+06,0.990625,13767.46
359,2105.0962,1908.5725,5.7728865e+06,0.9909668,66766.625
360,1421.2393,1859.8392,5.2169725e+06,0.9903809,27576.715
361,396.0973,1713.4651,4.8881035e+06,0.9913086,7111.382
362,9704.158,2512.5344,1.01459e+07,0.9907959,410320.44
363,158.31442,2277.1123,9.630121e+06,0.99072266,1319.0164
364,2258.9438,2275.2954,8.667138e+06,0.9906006,64972.305
365,559.9297,2103.7588,8.065247e+06,0.9901123,13271.186
366,2287.9639,2122.1792,7.261776e+06,0.99045414,65289.043
367,444.4674,1954.408,6.7889225e+06,0.990625,6611.394
368,264.502,1785.4174,6.3670505e+06,0.9904785,2375.0847
369,1296.2878,1736.5044,5.751878e+06,0.99050295,28156.521
370,404.8935,1603.3433,5.336277e+06,0.98945314,8260.555
371,801.8203,1523.1909,4.860469e+06,0.9902832,22088.242
372,4843.8535,1855.2572,5.366834e+06,0.98967284,197253.92
373,317.0315,1701.4346,5.043103e+06,0.99035645,3254.0737
374,533.8136,1584.6725,4.661493e+06,0.9894043,8341.71
375,1005.516,1526.7568,4.2255315e+06,0.9893555,20821.127
376,549.8773,1429.0688,3.8888648e+06,0.9898926,8522.847
377,208.37312,1306.9993,3.634087e+06,0.9903076,1736.5342
378,6848.4346,1861.1428,6.034354e+06,0.9889404,283496.4
379,4732.0654,2148.235,6.172716e+06,0.9902588,190321.42
380,284.93036,1961.9047,5.8679155e+06,0.9903076,2623.5388
381,127.33704,1778.4479,5.5840315e+06,0.9893066,918.0749
382,2793.9136,1879.9944,5.1184335e+06,0.9897217,76596.02
383,9679.457,2659.9407,1.0081436e+07,0.98999023,273093.28
384,324.43933,2426.3906,9.564203e+06,0.99013674,3578.296
385,1070.1759,2290.769,8.773321e+06,0.9906006,20274.957
386,390.7392,2100.766,8.2208985e+06,0.9906983,7244.8486
387,338.40063,1924.5295,7.6783425e+06,0.9902344,4664.583
388,257.176,1757.7942,7.1607145e+06,0.99035645,2146.6843
389,489.18704,1630.9335,6.5894855e+06,0.99118656,7465.0454
390,974.2267,1565.2628,5.9693505e+06,0.9923828,18153.21
391,1642.4607,1572.9827,5.3729515e+06,0.99152833,32082.822
392,1770.041,1592.6885,4.839151e+06,0.99204105,63020.066
393,693.71216,1502.7909,4.42797e+06,0.9920654,14003.182
394,624.26166,1414.938,4.0546362e+06,0.9915039,12000.523
395,965.2285,1369.967,3.667374e+06,0.99194336,26058.5
396,1457.3042,1378.7008,3.301323e+06,0.9923828,34449.816
397,232.79802,1264.1105,3.089369e+06,0.9927246,2175.7969
398,513.07043,1189.0065,2.8311975e+06,0.9918213,12310.355
399,340.64532,1104.1704,2.6128522e+06,0.99262697,3786.9077
400,274.60574,1021.2139,2.413503e+06,0.99306643,2376.5872
401,2921.2397,1211.2166,2.4970615e+06,0.99194336,110504.34
402,1506.5874,1240.7537,2.2552072e+06,0.99221194,27338.512
403,9777.716,2094.45,8.588861e+06,0.99311525,424478.3
404,351.28162,1920.133,8.0034525e+06,0.9921875,3906.3118
405,207.32034,1748.8518,7.4671425e+06,0.99240726,2026.8655
406,554.993,1629.466,6.848705e+06,0.9925537,10826.535
407,804.68274,1546.9877,6.225058e+06,0.99306643,23032.684
408,345.60495,1426.8494,5.732451e+06,0.993457,5462.8896
409,3147.1855,1598.8829,5.4255655e+06,0.99328613,89178.85
410,478.0287,1486.7975,4.996077e+06,0.9934082,7459.629
411,4086.3008,1746.7478,5.104637e+06,0.993457,176517.34
412,366.49786,1608.7228,4.7656315e+06,0.993042,4760.602
413,148.96115,1462.7466,4.4808495e+06,0.9935547,1231.5061
414,227.7088,1339.2428,4.1700432e+06,0.9936035,2782.8054
415,313.31137,1236.6497,3.8477672e+06,0.99311525,4339.446
416,5849.167,1697.9014,5.377769e+06,0.99382323,225971.0
417,389.85092,1567.0963,4.9939815e+06,0.994043,4951.628
418,1630.046,1573.3912,4.49494e+06,0.993042,53352.77
419,1408.5732,1556.9094,4.0478908e+06,0.9932129,38669.906
420,2812.4897,1682.4674,3.784985e+06,0.99365234,98607.12
421,282.7865,1542.4993,3.582806e+06,0.9923828,4329.908
422,700.91626,1458.341,3.288269e+06,0.9935547,10309.771
423,963.09064,1408.8159,2.9815165e+06,0.9937744,18389.113
424,672.60864,1335.1952,2.7321448e+06,0.9930908,15797.94
425,502.02887,1251.8785,2.521405e+06,0.99257815,6800.6465
426,9939.955,2120.686,9.062705e+06,0.9926514,373217.38
427,665.41846,1975.1593,8.3470365e+06,0.9927002,10082.483
428,1656.4662,1943.29,7.5214735e+06,0.99257815,43369.04
429,757.4537,1824.7064,6.895885e+06,0.99162596,10778.461
430,801.96643,1722.4324,6.300436e+06,0.9925049,11898.12
431,310.42563,1581.2317,5.849831e+06,0.99328613,5494.829
432,229.08224,1446.0167,5.4293955e+06,0.9926514,3443.0564
433,858.67664,1387.2827,4.917503e+06,0.9928223,21413.326
434,463.04782,1294.8593,4.5026315e+06,0.9923828,7466.032
435,271.82806,1192.5562,4.1465618e+06,0.9923584,3083.0854
436,4235.1426,1496.8148,4.5650655e+06,0.99248046,144730.78
437,7763.0557,2123.439,7.6424785e+06,0.9927246,296213.47
438,599.21704,1971.0167,7.0873235e+06,0.99279785,14003.989
439,891.1571,1863.0308,6.4835395e+06,0.9924561,17493.688
440,851.7687,1761.9045,5.927224e+06,0.9931885,18848.174
441,334.5733,1619.1714,5.517856e+06,0.9920654,5695.8086
442,471.13638,1504.3679,5.084689e+06,0.9911377,6236.442
443,4803.175,1834.2487,5.5556115e+06,0.99099123,203186.84
444,4068.1365,2057.6375,5.449173e+06,0.99157715,112151.39
445,381.6026,1890.0339,5.157074e+06,0.99140626,6543.1533
446,994.15656,1800.4462,4.7136e+06,0.991333,25728.486
447,346.83246,1655.0848,4.4324095e+06,0.9906494,5295.663
448,473.45752,1536.9221,4.1148305e+06,0.9917969,6108.003
449,1221.7344,1505.4033,3.7122882e+06,0.99072266,28753.057
450,346.37442,1389.5005,3.4619605e+06,0.9913818,2958.4756
451,216.23987,1272.1744,3.239653e+06,0.9904785,1962.7488
452,273.76373,1172.3334,3.0054018e+06,0.99108887,2545.0962
453,815.29224,1136.6293,2.7163345e+06,0.9905762,16593.553
454,2873.8242,1310.3488,2.716307e+06,0.9904785,112107.4
455,930.3329,1272.3472,2.4576732e+06,0.9901611,17378.023
456,847.5131,1229.8638,2.2281495e+06,0.99033207,18375.799
457,821.6615,1189.0436,2.0203312e+06,0.99052733,12127.952
458,1175.5219,1187.6914,1.8183145e+06,0.99050295,31498.643
459,377.23502,1106.6458,1.6955986e+06,0.99013674,6504.6377
460,680.77734,1064.059,1.5423615e+06,0.9893555,16676.45
461,123.53754,970.00684,1.4677375e+06,0.9885742,825.2131
462,406.0086,913.607,1.3495921e+06,0.98945314,5610.1377
463,445.28522,866.77484,1.2343721e+06,0.9876465,8803.411
464,467.02576,826.7999,1.1253168e+06,0.9880859,6888.2573
465,232.49219,767.36914,1.0445732e+06,0.98881835,2015.339
466,5557.046,1246.3368,3.004806e+06,0.9888672,235221.1
467,334.57312,1155.1604,2.7791435e+06,0.98774415,4683.718
468,601.01025,1099.7454,2.5288665e+06,0.9865479,16445.934
469,692.5895,1059.0298,2.2908995e+06,0.9878174,11302.109
470,418.32227,994.95905,2.098755e+06,0.9871338,9410.91
471,744.4088,969.90405,1.8945292e+06,0.9874024,20368.312
472,1660.9387,1039.0076,1.7480539e+06,0.9864258,51364.703
473,567.15625,991.82245,1.5932864e+06,0.98615724,10835.134
474,3231.8628,1215.8264,1.885558e+06,0.9848389,117828.96
475,5355.82,1629.8257,3.2395612e+06,0.98684084,158444.1
476,348.56903,1501.7001,3.0633505e+06,0.9857178,5209.1943
477,743.27814,1425.8579,2.8087838e+06,0.9857178,13210.275
478,11524.551,2435.7273,1.170643e+07,0.98647463,356336.1
479,3309.006,2523.0552,1.0604423e+07,0.9873047,118634.38
480,310.378,2301.7874,9.984615e+06,0.98657227,4652.857
481,2645.5684,2336.1655,8.99679e+06,0.9869629,65295.715
482,3497.2463,2452.2737,8.2184405e+06,0.98615724,109210.49
483,547.1846,2261.7646,7.723239e+06,0.98759764,7912.7104
484,8049.4824,2840.5364,9.965706e+06,0.9873535,357621.5
485,627.6684,2619.2495,9.409845e+06,0.98635256,9302.407
486,322.88544,2389.613,8.943456e+06,0.9871826,4257.486
487,436.14667,2194.2664,8.392553e+06,0.9879883,6685.7554
488,765.59753,2051.3994,7.7369955e+06,0.98811036,15697.214
489,2922.53,2138.5125,7.031594e+06,0.98779297,103882.19
490,582.1858,1982.8798,6.5464285e+06,0.98757327,10972.393
491,1133.7043,1897.9622,5.9566845e+06,0.98752445,35344.176
492,873.1294,1795.4789,5.455541e+06,0.98737794,25012.328
493,219.05402,1637.8364,5.133647e+06,0.9877686,1672.2056
494,1480.4613,1622.0989,4.622511e+06,0.9881348,54147.074
495,622.9727,1522.1863,4.2501025e+06,0.9873535,15971.336
496,840.02246,1453.9698,3.8669732e+06,0.98891604,20956.803
497,2863.9492,1594.9678,3.6591998e+06,0.9880859,73830.445
498,336.9039,1469.1614,3.435725e+06,0.98774415,6703.7197
499,965.01874,1418.7471,3.1150268e+06,0.9881592,20935.537
500,533.58704,1330.2311,2.8740398e+06,0.98701173,13574.44
501,441.08167,1241.3162,2.6577885e+06,0.96037596,5793.4565
502,362.05814,1153.3904,2.4615882e+06,0.9787842,8340.985
503,327.25455,1070.7769,2.2768542e+06,0.97929686,4299.913
504,1415.8755,1105.2867,2.0598871e+06,0.9889893,27597.033
505,345.69452,1029.3275,1.9058266e+06,0.9812256,3602.8972
506,1399.7144,1066.3662,1.7275906e+06,0.95915526,29807.828
507,994.14624,1059.1442,1.555301e+06,0.93508303,28993.828
508,484.88638,1001.7184,1.4294504e+06,0.92353517,8132.355
509,357.45697,937.29224,1.3238619e+06,0.9210205,5702.9014
510,3282.025,1171.7655,1.686275e+06,0.9072022,107546.34
511,517.0265,1106.2916,1.556229e+06,0.93837893,7716.817
512,655.07166,1061.1697,1.41893e+06,0.9416016,16280.933
513,290.55008,984.1077,1.3304839e+06,0.94013673,3405.7036
514,3767.374,1262.4343,1.8946269e+06,0.93806154,150483.12
515,1420.0612,1278.197,1.7074002e+06,0.9365479,36950.21
516,439.76578,1194.3539,1.5999272e+06,0.93134767,7690.0513
517,576.14996,1132.5334,1.4743304e+06,0.9190674,12495.846
518,2735.2622,1292.8063,1.5580838e+06,0.9060303,95820.43
519,399.95197,1203.5209,1.4740224e+06,0.9241455,6301.5933
520,1101.2723,1193.296,1.327561e+06,0.9109131,37874.785
521,2173.06,1291.2725,1.2811992e+06,0.88811034,87785.414
522,2155.337,1377.679,1.220274e+06,0.8683106,58298.76
523,381.7993,1278.091,1.1875064e+06,0.9131836,5019.9927
524,312.23492,1181.5054,1.1527146e+06,0.9365967,3455.0493
525,2018.9142,1265.2462,1.100556e+06,0.9302002,50432.68
526,1516.2957,1290.3512,996172.75,0.9338135,60973.766
527,4363.1025,1597.6263,1.7463176e+06,0.9058594,165308.36
528,568.0846,1494.6721,1.6670819e+06,0.930957,11253.861
529,211.69498,1366.3744,1.6485164e+06,0.9503174,1819.543
530,936.22815,1323.3597,1.500317e+06,0.9337158,29349.879
531,728.2971,1263.8535,1.3821542e+06,0.942334,11882.126
532,161.69864,1153.6381,1.3532659e+06,0.9419922,1480.0334
533,351.40717,1073.4149,1.275861e+06,0.94624025,5582.9595
534,566.86914,1022.7603,1.1713679e+06,0.938501,12745.73
535,6242.7207,1544.7563,3.5065498e+06,0.92265624,261050.0
536,2836.352,1673.9159,3.3060345e+06,0.9259766,106805.65
537,308.49945,1537.3743,3.1432235e+06,0.9220215,3887.619
538,1117.252,1495.362,2.8447862e+06,0.90844727,40182.47
539,1694.3235,1515.2582,2.5638702e+06,0.893335,60190.56
540,503.19186,1414.0515,2.3996682e+06,0.90163577,11025.858
541,248.19101,1297.4655,2.282032e+06,0.9055176,2140.1948
542,423.05536,1210.0244,2.122642e+06,0.90217286,5254.056
543,725.63416,1161.5854,1.9314949e+06,0.90861815,14160.196
544,533.67346,1098.7942,1.77383e+06,0.9032227,6641.458
545,571.93054,1046.1078,1.6214296e+06,0.9067871,11093.749
546,864.003,1027.8973,1.4622712e+06,0.893335,18401.07
547,445.0496,969.61255,1.3466181e+06,0.9077881,5647.011
548,180.73538,890.72485,1.2679658e+06,0.9170899,1862.9443
549,306.36105,832.28845,1.1719025e+06,0.9145752,6081.6724
550,4977.6787,1246.8275,2.6012955e+06,0.9065186,201982.83
551,5057.9434,1627.9391,3.64838e+06,0.8901367,180962.48
552,477.10126,1512.8553,3.4027405e+06,0.9015137,12750.591
553,313.17484,1392.8873,3.1919972e+06,0.91472167,5300.617
554,924.03796,1346.0024,2.8925812e+06,0.89936525,19035.88
555,1566.911,1368.0933,2.607715e+06,0.87773436,57101.695
556,1682.478,1399.5317,2.3558388e+06,0.86806643,59983.957
557,1454.2313,1405.0017,2.1205242e+06,0.8769043,29303.465
558,285.23795,1293.0254,2.0213201e+06,0.864917,3224.3083
559,324.4029,1196.1631,1.9036286e+06,0.8763428,4838.005
560,290.2923,1105.576,1.7871199e+06,0.8766846,5888.1543
561,504.2597,1045.4445,1.6409501e+06,0.898584,9575.703
562,201.66641,961.06665,1.5409316e+06,0.89047855,1824.2319
563,3967.1736,1261.6774,2.2001395e+06,0.86796874,169964.75
564,744.90906,1210.0005,2.00416e+06,0.863501,19265.146
565,485.9681,1137.5973,1.850924e+06,0.8564941,14356.289
566,7689.6846,1792.806,5.529518e+06,0.8668701,341007.66
567,288.83307,1642.4087,5.18014e+06,0.88618165,4387.018
568,316.4779,1509.8157,4.820354e+06,0.8725342,4060.8367
569,182.61823,1377.096,4.4968495e+06,0.8638428,2046.2474
570,455.7821,1284.9646,4.1235582e+06,0.8442139,8174.008
571,283.57834,1184.8259,3.8014518e+06,0.83840334,4699.293
572,1114.0999,1177.7533,3.4217568e+06,0.8359375,31948.451
573,926.1963,1152.5977,3.0852762e+06,0.84089357,16392.197
574,349.80182,1072.3181,2.8347518e+06,0.83288574,4433.9424
575,1319.0984,1096.9961,2.5567575e+06,0.8406494,46441.94
576,420.28848,1029.3253,2.3422955e+06,0.8298584,6196.6074
577,6097.518,1536.1447,4.419858e+06,0.8316895,261084.44
578,320.15225,1414.5454,4.1109498e+06,0.8270996,5260.342
579,838.145,1356.9054,3.729756e+06,0.83718264,16140.653
580,1700.3523,1391.2501,3.3673962e+06,0.82087404,45948.57
581,247.12149,1276.8373,3.1484692e+06,0.8350342,2856.1726
582,264.3479,1175.5884,2.9258845e+06,0.8312988,3029.5493
583,1325.9554,1190.6251,2.635331e+06,0.8330078,38458.203
584,765.7249,1148.1351,2.3880465e+06,0.84404296,13756.08
585,5204.1426,1553.7358,3.6298492e+06,0.8448731,219500.2
586,1904.4066,1588.803,3.2779315e+06,0.8352539,49040.016
587,406.98688,1470.6213,3.0758402e+06,0.84291995,7278.2017
588,794.5427,1403.0134,2.8093935e+06,0.84265137,19219.5
589,979.169,1360.629,2.5446222e+06,0.82756346,29477.639
590,270.57373,1251.6235,2.3970998e+06,0.84865725,3224.975
591,3481.2742,1474.5886,2.6048105e+06,0.8389649,147648.64
592,2370.4724,1564.177,2.416564e+06,0.81586915,73663.15
593,459.46884,1453.7062,2.2847418e+06,0.8392334,9147.511
594,352.3477,1343.5703,2.1654365e+06,0.8272217,7598.907
595,2670.8599,1476.2993,2.1074455e+06,0.8352539,110810.64
596,973.7715,1426.0465,1.919429e+06,0.83623046,15524.117
597,377.58685,1321.2006,1.8264201e+06,0.8197266,7357.503
598,277.56662,1216.8372,1.7418035e+06,0.8223633,2621.3296
599,2168.2058,1311.974,1.6490824e+06,0.8161621,79108.77
600,1585.4606,1339.3226,1.4909056e+06,0.81076664,48013.33
601,295.4776,1234.9381,1.4398801e+06,0.80358887,5032.9937
602,3688.9465,1480.339,1.8378861e+06,0.81184083,157151.88
603,1056.0305,1437.9082,1.6703009e+06,0.8051514,24484.945
604,338.96204,1328.0135,1.6119621e+06,0.8162109,6531.6616
605,911.2234,1286.3345,1.4664001e+06,0.7937012,31583.365
606,1008.70386,1258.5714,1.3266971e+06,0.78186035,17205.652
607,536.40564,1186.3549,1.2409645e+06,0.78005373,8754.714
608,778.28937,1145.5483,1.1318546e+06,0.7936768,14791.534
609,519.7058,1082.9641,1.0539202e+06,0.7845459,14687.61
610,492.40128,1023.90784,979917.06,0.79301757,8962.669
611,1620.5609,1083.5731,913964.9,0.7859619,64150.684
612,1040.1803,1079.2339,822737.9,0.7837402,35672.207
613,2146.408,1185.9513,842961.5,0.7940918,64020.023
614,178.86841,1085.243,849944.8,0.786084,2146.9153
615,196.0156,996.3203,836115.6,0.7701172,1863.6921
616,5484.881,1445.1764,2.5657498e+06,0.776709,234840.19
617,407.42026,1341.4008,2.406099e+06,0.7621582,8317.592
618,1853.6903,1392.6298,2.1891088e+06,0.7788086,40674.95
619,272.42358,1280.6091,2.0831355e+06,0.78041995,3752.4995
620,185.79738,1171.1279,1.982697e+06,0.77451175,1348.3641
621,3635.9705,1417.6122,2.3312178e+06,0.76308596,153198.55
622,414.2254,1317.2736,2.1887065e+06,0.7596192,9315.841
623,1234.03,1308.9492,1.9704595e+06,0.77038574,27757.05
624,4264.04,1604.4583,2.559344e+06,0.77121586,173564.81
625,199.15828,1463.9282,2.4811475e+06,0.77622074,2959.3594
626,738.5067,1391.3861,2.280394e+06,0.78203124,16763.379
627,248.63535,1277.1111,2.1698838e+06,0.76640624,3365.6794
628,381.0772,1187.5077,2.0251542e+06,0.7626465,6307.8447
629,427.7217,1111.529,1.8745935e+06,0.756543,9324.129
630,311.14417,1031.4906,1.7447896e+06,0.7630127,5434.7534
631,405.2461,968.86615,1.605607e+06,0.7616211,6972.482
632,1081.6558,980.14514,1.4461911e+06,0.7688721,33845.367
633,152.77925,897.40857,1.36318e+06,0.76188964,1200.77
634,235.78139,831.24585,1.2662595e+06,0.7765381,3978.8599
635,351.33447,783.2547,1.1603619e+06,0.761792,4216.275
636,309.4733,735.8766,1.0645279e+06,0.7551514,4342.7944
637,1850.0884,847.2978,1.0698071e+06,0.75061035,55992.207
638,639.4636,826.5144,966713.94,0.75979006,13972.542
639,83.17652,752.1806,919772.1,0.76831055,439.3612
640,499.5854,726.9211,833537.3,0.76835936,9220.898
641,348.3328,689.06226,763083.2,0.7685059,4478.8257
642,1746.6039,794.8164,787430.3,0.77146,62689.547
643,1333.1577,848.6505,734770.25,0.7570068,29015.87
644,757.6352,839.54895,662038.75,0.7567383,20529.459
645,1047.5586,860.3499,599729.0,0.7619873,21529.916
646,162.65396,790.5803,583566.25,0.7556885,1503.1465
647,578.5182,769.3741,529256.94,0.7435791,11192.446
648,441.38297,736.57495,486013.25,0.7423828,8287.172
649,274.16916,690.33435,456655.62,0.7488281,4332.5913
650,8659.742,1487.2751,6.127021e+06,0.7400635,359535.53
651,554.9375,1394.0414,5.5925515e+06,0.7427002,10544.815
652,175.32793,1272.17,5.16697e+06,0.7303955,1578.3887
653,935.3539,1238.4884,4.660483e+06,0.7420654,21226.21
654,183.79074,1133.0187,4.294549e+06,0.73737794,2293.5498
655,1588.258,1178.5426,3.883746e+06,0.7336914,50161.133
656,1749.0154,1235.5898,3.524661e+06,0.7423828,48944.66
657,575.30096,1169.5609,3.2114332e+06,0.7435547,7799.4907
658,1350.0554,1187.6104,2.8932218e+06,0.7468262,37925.66
659,2865.674,1355.4167,2.8573302e+06,0.73271483,86631.18
660,1006.97394,1320.5725,2.5825242e+06,0.72631836,30397.8
661,401.10577,1228.6259,2.4003595e+06,0.71931154,9472.864
662,272.45215,1133.0085,2.2426075e+06,0.7255371,7696.1426
663,272.4881,1046.9565,2.0849912e+06,0.7208252,5573.9907
664,275.20892,969.7818,1.9300956e+06,0.7246338,5795.7476
665,2807.893,1153.5929,2.0411649e+06,0.7242676,67746.336
666,385.1536,1076.749,1.8901932e+06,0.71982425,5895.76
667,213.15475,990.3896,1.7682954e+06,0.713208,2196.3848
668,680.05554,959.3562,1.6001335e+06,0.7113037,16000.506
669,296.52423,893.073,1.4796612e+06,0.71445316,4438.139
670,306.31467,834.39716,1.3626808e+06,0.71123046,4519.8486
671,314.19257,782.3767,1.2507678e+06,0.711792,6002.066
672,524.3477,756.5738,1.131683e+06,0.7114014,8023.7676
673,116.340546,692.5505,1.0554055e+06,0.7039795,852.67487
674,372.1013,660.50555,959106.8,0.71086425,6807.961
675,230.51958,617.50696,879836.06,0.7049805,3139.5723
676,561.91846,611.9481,792130.56,0.7027832,8072.962
677,507.23108,601.47644,713904.4,0.7041748,9912.413
678,537.7937,595.10815,642878.94,0.7099854,16648.752
679,619.7083,597.5682,578645.5,0.71589357,14516.187
680,186.64714,556.4761,535978.0,0.7088135,1785.7009
681,312.0559,532.03406,487756.9,0.7068359,3930.5771
682,123.20546,491.15118,454023.88,0.69863284,733.1048
683,583.45215,500.3813,409388.22,0.6975342,15128.622
684,470.82605,497.42575,368528.0,0.6917969,14011.773
685,490.7073,496.7539,331679.25,0.6843506,11486.852
686,1425.707,589.64923,376177.2,0.69257814,36671.316
687,3657.6978,896.4541,1.1857225e+06,0.6847412,139412.52
688,1089.1753,915.7262,1.0704929e+06,0.6937256,27488.996
689,769.9258,901.1462,965356.75,0.7059326,18768.686
690,206.01712,831.6333,912309.44,0.69565433,1941.2703
691,235.57669,772.02765,853054.0,0.69931644,3686.5833
692,251.13113,719.938,792168.56,0.6886963,3498.373
693,5467.6157,1194.7058,2.7415918e+06,0.67768556,239361.55
694,385.4753,1113.7827,2.5263695e+06,0.682251,6200.4717
695,196.38991,1022.04346,2.3494775e+06,0.6866211,2151.2678
696,183.98065,938.2372,2.1777412e+06,0.68693846,1951.5756
697,230.46094,867.45953,2.0050524e+06,0.6766602,3817.1965
698,174.48636,798.16223,1.8477661e+06,0.6723389,2331.0378
699,469.51126,765.2971,1.6727105e+06,0.6807373,8756.692
700,4968.6055,1185.6279,3.0955418e+06,0.6751465,200648.34
701,3193.2795,1386.3931,3.1487472e+06,0.6695313,104956.305
702,1651.4746,1412.9012,2.8401965e+06,0.6753418,65472.438
703,851.09375,1356.7205,2.5845832e+06,0.6865967,19528.697
704,643.2468,1285.373,2.371939e+06,0.6802002,16533.455
705,329.14612,1189.7504,2.2170382e+06,0.67519534,4927.25
706,606.95984,1131.4713,2.0259024e+06,0.67141116,11884.306
707,300.52136,1048.3763,1.8854551e+06,0.6899414,5448.8125
708,212.53122,964.7918,1.759787e+06,0.68549806,2873.2427
709,849.588,953.2714,1.5850028e+06,0.6886963,22105.516
710,271.59076,885.10333,1.4683244e+06,0.6917481,3366.5972
711,138.474,810.4404,1.3716629e+06,0.6871826,1441.4348
712,976.3392,827.0303,1.2369736e+06,0.68039554,28671.295
713,3159.925,1060.3197,1.6030921e+06,0.68757325,129349.82
714,179.28197,972.21594,1.5126434e+06,0.69487303,1656.4619
715,819.1629,956.91064,1.3634872e+06,0.6852295,18937.02
716,1676.8846,1028.9081,1.2737911e+06,0.6885498,32008.674
717,959.79846,1021.99713,1.1468419e+06,0.684375,28967.717
718,222.7382,942.0712,1.089651e+06,0.68178713,2858.9685
719,1193.9838,967.26245,986397.25,0.6709717,39412.8
720,813.71454,951.90765,889879.44,0.6868164,22446.139
721,274.00412,884.1173,842251.25,0.6731445,4829.2744
722,321.08972,827.8146,786556.1,0.66950685,5771.8735
723,394.79108,784.5122,724776.3,0.6674072,8965.019
724,1668.8306,872.94403,722680.4,0.6672363,43662.426
725,2564.2637,1042.0759,907862.9,0.6530518,69611.86
726,173.05772,955.17413,885043.9,0.661499,2693.7874
727,382.97876,897.9546,826006.1,0.66066897,6729.6567
728,160.45941,824.2051,792356.44,0.6652588,2691.9
729,499.25308,791.7099,722624.2,0.6762207,13393.292
730,400.96622,752.63556,664103.0,0.67146,6269.4795
731,138.36223,691.20825,631652.56,0.6647949,1251.0426
732,119.24046,634.0115,597930.5,0.66567385,1115.0748
733,357.4907,606.3594,545019.2,0.6596436,9503.147
734,454.64078,591.1875,492588.94,0.66828614,8923.845
735,216.0625,553.675,455994.72,0.6689941,3357.4539
736,264.56522,524.76404,417917.84,0.6563721,6363.2573
737,369.86426,509.27405,378285.5,0.6549072,7777.3154
738,387.2781,497.07446,341796.44,0.6615967,6067.7495
739,122.89918,459.65692,320217.44,0.65822756,1894.2649
740,85.49371,422.2406,300795.53,0.6407471,630.7431
741,694.829,449.49945,277403.38,0.63618165,19227.205
742,87.47633,413.29715,261458.48,0.6331299,676.05054
743,318.8036,403.84778,236116.23,0.6370117,5819.867
744,655.68445,429.03143,218212.56,0.6487549,9412.99
745,1045.7953,490.70782,230627.1,0.62990725,25839.516
746,699.16797,511.55383,211475.39,0.6336426,13949.2295
747,218.48183,482.24664,198058.06,0.6278076,2706.475
748,1056.4205,539.66406,207923.06,0.61918944,29780.049
749,395.29297,525.2269,189006.62,0.6119629,8331.755
750,167.90378,489.49463,181597.14,0.599585,2252.0532
751,694.20917,509.9661,167209.14,0.6151611,12414.65
752,533.2722,512.2967,150537.11,0.606543,14045.358
753,1555.7277,616.6398,233470.72,0.61423343,57789.25
754,860.22345,640.99817,215463.61,0.60966796,21360.031
755,342.19836,611.11816,201952.56,0.6074463,5593.9653
756,7921.056,1342.112,4.9909245e+06,0.5951416,314760.56
757,197.8948,1227.6903,4.609663e+06,0.6004883,2953.5205
758,646.57837,1169.5791,4.1790888e+06,0.6056641,19071.084
759,380.2408,1090.6453,3.8172545e+06,0.60686034,5831.609
760,345.5755,1016.1383,3.4854908e+06,0.61672366,6350.59
761,467.07825,961.2323,3.1640738e+06,0.612085,13996.094
762,160.02524,881.1116,2.9054402e+06,0.6111817,2102.0808
763,1412.3641,934.2368,2.6402968e+06,0.62443846,57626.426
764,152.00356,856.0135,2.431337e+06,0.63151854,1484.4185
765,309.45203,801.35736,2.215089e+06,0.61870116,7897.5923
766,619.0873,783.1304,1.9965701e+06,0.620166,17125.209
767,846.33075,789.45044,1.7972725e+06,0.6230469,28877.455
768,821.75745,792.68115,1.6176391e+06,0.62785643,29506.275
769,281.23077,741.53613,1.4794175e+06,0.62041014,7665.51
770,491.56918,716.5394,1.3370992e+06,0.6168457,11869.003
771,209.66548,665.85205,1.2265122e+06,0.61757815,3563.4697
772,284.01886,627.6687,1.1169826e+06,0.6168701,3911.0764
773,890.1345,653.9153,1.0114843e+06,0.60886234,28207.977
774,1024.5856,690.9823,922701.5,0.6078369,35633.484
775,1079.3287,729.81696,844004.5,0.6124756,41471.83
776,291.55792,685.991,776890.44,0.6088379,7755.6406
777,3598.3926,977.2312,1.4625889e+06,0.6058106,152204.0
778,376.51025,917.1591,1.3488079e+06,0.60217285,8034.79
779,266.46722,852.0899,1.252033e+06,0.5917725,8091.1147
780,484.46725,815.32764,1.1389929e+06,0.5902832,11046.323
781,8168.5103,1550.646,5.89133e+06,0.5906494,325231.7
782,736.0823,1469.1896,5.361913e+06,0.58898926,16391.95
783,335.27948,1355.7986,4.941439e+06,0.5947022,8619.03
784,243.92798,1244.6116,4.558558e+06,0.59802246,5174.4014
785,893.904,1209.5408,4.1137718e+06,0.5917969,14887.85
786,185.59874,1107.1466,3.7967558e+06,0.5881104,2147.6082
787,126.39104,1009.07104,3.5036495e+06,0.581958,1140.5973
788,288.88477,937.0524,3.1999645e+06,0.58408207,5632.3433
789,573.17224,900.6644,2.8918848e+06,0.5821533,16772.273
790,554.33124,866.0311,2.6134915e+06,0.5779541,10279.307
791,306.4783,810.07587,2.3803212e+06,0.57395023,7508.5444
792,382.71527,767.3398,2.1587265e+06,0.573877,5846.0186
793,882.42957,778.84875,1.9440459e+06,0.5730225,18118.18
794,220.01126,722.965,1.7777482e+06,0.57297367,4813.2915
795,248.60367,675.5289,1.6202251e+06,0.5795166,6266.647
796,367.26816,644.7028,1.4667549e+06,0.5838135,6895.498
797,742.59705,654.49225,1.3209419e+06,0.58288574,14238.026
798,335.29648,622.5727,1.1980174e+06,0.58112794,7009.25
799,368.9511,597.2105,1.0840048e+06,0.58339846,6975.4995
800,113.211494,548.8106,996687.2,0.58750004,876.7469
801,837.1264,577.6422,904499.8,0.58234864,30517.795
802,136.01431,533.47943,831602.94,0.5746582,1585.6448
803,117.11381,491.84286,764045.06,0.5678467,1296.9362
804,545.344,497.193,687898.2,0.5682861,11551.576
805,7282.7915,1175.7529,4.7630995e+06,0.5707275,323750.38
806,7433.399,1801.5176,7.8110215e+06,0.57177734,332545.6
807,310.66824,1652.4326,7.229956e+06,0.5753174,5249.9834
808,500.96942,1537.2863,6.626288e+06,0.5817871,17978.281
809,146.59644,1398.2173,6.137721e+06,0.57854,2857.306
810,1360.9216,1394.4877,5.524074e+06,0.56953126,55667.19
811,404.0611,1295.4451,5.0599515e+06,0.5688965,11052.313
812,6013.5454,1767.2551,6.557399e+06,0.5651123,261903.86
813,113.76888,1601.9065,6.1477205e+06,0.56601566,985.957
814,403.96808,1482.1127,5.6621035e+06,0.5605713,7697.784
815,130.92557,1346.9939,5.2602065e+06,0.5710449,1154.7678
816,445.29834,1256.8243,4.8073605e+06,0.56235355,12025.53
817,203.12785,1151.4547,4.426549e+06,0.56394047,2169.354
818,207.1726,1057.0265,4.0641442e+06,0.553125,4697.6206
819,96.63981,960.9878,3.7407405e+06,0.5622803,1009.7156
820,856.8187,950.57086,3.3676428e+06,0.56413573,25789.852
821,431.62527,898.67633,3.0551158e+06,0.5664307,9386.48
822,105.72664,819.38135,2.8061935e+06,0.56140137,1120.5991
823,426.29678,780.0729,2.5394805e+06,0.5600098,8366.37
824,607.06116,762.7717,2.2882262e+06,0.5579834,13713.093
825,866.2302,773.11755,2.0603668e+06,0.5615967,20861.473
826,186.9229,714.4981,1.8852561e+06,0.56203616,3311.526
827,3954.9185,1038.5402,2.6417595e+06,0.5571289,163980.84
828,208.75034,955.56116,2.439553e+06,0.5666748,3669.8809
829,127.86749,872.7918,2.2572545e+06,0.56081545,1296.2937
830,181.73438,803.68604,2.0745094e+06,0.5583008,3379.9265
831,1127.6755,836.08496,1.8765056e+06,0.5453369,39367.875
832,190.50253,771.52673,1.7263649e+06,0.54758304,2796.874
833,425.42914,736.917,1.5645089e+06,0.55214846,13746.227
834,358.90906,699.1162,1.420918e+06,0.54291993,9978.704
835,131.92662,642.3973,1.3077795e+06,0.5407471,1782.1692
836,165.95526,594.75305,1.1974312e+06,0.53742677,2621.083
837,134.65874,548.74365,1.0967399e+06,0.548584,1738.5084
838,128.2459,506.69388,1.00297956e+06,0.554419,1441.2482
839,173.45488,473.36996,912675.94,0.5543457,2805.8997
840,610.79456,487.11243,823108.0,0.56030273,21136.58
841,1057.8751,544.1887,770116.5,0.5513916,29255.012
842,157.57132,505.52698,706557.44,0.54743654,2581.2532
843,538.8337,508.85764,636001.5,0.5469727,13522.766
844,144.12589,472.38446,584374.0,0.54020995,3429.0994
845,215.16539,446.66257,531891.1,0.5371826,5928.4673
846,105.62127,412.55844,489169.84,0.5371826,1728.298
847,118.9026,383.19287,448013.88,0.5333252,947.3004
848,161.20819,360.99442,407647.44,0.52829593,2067.9421
849,103.29787,335.22476,372859.34,0.5230713,903.03046
850,238.1203,325.5143,336422.03,0.5203125,3839.3005
851,159.13553,308.87643,305271.2,0.5265625,2312.6448
852,148.70245,292.85904,277053.06,0.52250975,3158.255
853,154.79999,279.05313,251063.17,0.522583,3944.1577
854,279.6644,279.11426,225956.88,0.5166748,5383.673
855,132.01636,264.40448,205308.58,0.5098877,2607.7568
856,116.73109,249.63715,186740.39,0.5105713,1617.4866
857,215.79205,246.25264,168169.44,0.50200194,3516.1738
858,126.02586,234.22997,152653.39,0.50322264,1419.3402
859,84.252625,219.23224,139412.44,0.50715333,977.8537
860,1166.6147,313.9705,206249.22,0.50517577,37103.46
861,157.28848,298.30228,187833.72,0.50944823,1888.3601
862,809.64355,349.4364,192582.62,0.50729984,28752.025
863,419.69608,356.46237,173768.64,0.50979006,9974.208
864,214.63431,342.27957,158202.14,0.50341797,3416.3179
865,472.17444,355.26904,143900.47,0.49628907,13823.259
866,422.5677,361.9989,129918.03,0.4881836,9006.014
867,1666.531,492.45212,270088.6,0.49072266,67619.19
868,1629.2925,606.13617,359396.25,0.4876465,62573.207
869,238.07042,569.3296,335649.16,0.491626,6288.1094
870,111.27238,523.52386,320967.72,0.49233398,1716.7104
871,137.77275,484.94876,302263.3,0.48583984,2073.3508
872,84.285706,444.88245,286484.75,0.48337403,976.5078
873,170.37622,417.43182,264618.1,0.48623046,2630.3477
874,361.99133,411.8878,238432.92,0.4822754,13106.91
875,227.55223,393.45422,217647.78,0.47287598,4665.48
876,579.63806,412.0726,199002.8,0.4748291,16539.523
877,118.36064,382.70142,186866.52,0.4765869,1409.0176
878,84.78383,352.90967,176167.8,0.47473145,1040.0658
879,4254.541,743.0728,1.5285964e+06,0.4748291,189545.05
880,5789.3296,1247.6985,3.6675608e+06,0.4798828,255659.3
881,1591.4987,1282.0785,3.3114422e+06,0.47416994,35914.312
882,382.42783,1192.1134,3.0531415e+06,0.4790283,14447.152
883,104.532166,1083.3552,2.8542822e+06,0.47243652,1211.8406
884,260.31534,1001.0512,2.6298195e+06,0.46894532,6788.858
885,717.91327,972.7374,2.3740525e+06,0.47519532,19022.648
886,307.34976,906.19867,2.1764938e+06,0.47158203,10569.198
887,141.07687,829.68646,2.0115315e+06,0.46083984,2209.9004
888,605.962,807.314,1.814883e+06,0.46025392,13756.4375
889,163.85956,742.96857,1.6706578e+06,0.45825195,2848.509
890,4522.772,1120.949,2.789414e+06,0.45510253,184094.72
891,123.351875,1021.1893,2.6000405e+06,0.45480958,1285.0557
892,7954.8477,1714.5552,6.666842e+06,0.46140137,355486.53
893,1784.9125,1721.591,6.000603e+06,0.46242675,74149.23
894,192.7942,1568.7113,5.6108925e+06,0.4591797,3815.7178
895,1136.2078,1525.4609,5.0666385e+06,0.46228027,45208.45
896,123.33436,1385.2483,4.736911e+06,0.45910645,1578.2861
897,1022.4895,1348.9724,4.2750635e+06,0.46899414,25520.361
898,81.79854,1222.255,3.9920728e+06,0.46882325,784.3099
899,511.8687,1151.2164,3.6382838e+06,0.46884766,13218.92
900,65.84316,1042.6791,3.3804785e+06,0.46411133,702.61346
901,808.82715,1019.2939,3.0473525e+06,0.46313477,32413.773
902,561.66406,973.5309,2.7614655e+06,0.4633789,22006.432
903,162.84995,892.46277,2.544467e+06,0.46120605,2742.1345
904,422.74277,845.4908,2.3098775e+06,0.4666992,10873.229
905,147.08601,775.6503,2.122789e+06,0.46086428,3190.0586
906,108.29865,708.91516,1.9505922e+06,0.46020508,2092.5906
907,1003.1893,738.3426,1.7633268e+06,0.45698243,32522.238
908,360.04187,700.5125,1.599874e+06,0.45612794,12780.134
909,119.66702,642.428,1.4702509e+06,0.45661622,1627.4894
910,150.79495,593.26465,1.344979e+06,0.46330568,4144.165
911,92.32546,543.1707,1.2330656e+06,0.4609619,1480.3391
912,253.1289,514.1665,1.1173301e+06,0.46354982,6585.4844
913,86.020584,471.3519,1.0220949e+06,0.46264648,821.5575
914,53.39866,429.55658,935607.0,0.45439455,484.07025
915,218.433,408.4442,846057.9,0.46064454,4906.9585
916,61.938183,373.7936,772258.0,0.45568848,435.03137
917,101.651695,346.5794,701697.7,0.46357423,1229.903
918,60.24951,317.9464,638906.56,0.46518555,735.65875
919,741.60785,360.31256,591169.9,0.46462402,30905.846
920,1081.425,432.42383,578853.1,0.46279296,39363.613
921,344.54416,423.63586,521662.88,0.46296388,13122.925
922,562.5282,437.5251,471232.75,0.46015626,22788.12
923,406.38156,434.41074,424196.75,0.4585205,13327.223
924,64.05897,397.37555,394121.5,0.45529786,679.1173
925,238.6863,381.50662,356975.75,0.45534667,5509.672
926,386.9135,382.0473,321280.8,0.45544434,8931.2705
927,264.08133,370.2507,290405.16,0.4567627,7168.2744
928,327.49716,365.97534,261529.14,0.4636719,9369.878
929,106.597824,340.0376,241431.12,0.4625,1798.741
930,339.39667,339.9735,217288.05,0.45666504,8034.077
931,449.43155,350.9193,196637.53,0.4613037,14992.064
932,1019.59344,417.78674,217215.03,0.4572998,35526.387
933,465.74808,422.5829,195700.55,0.46054688,17335.557
934,75.96362,387.92096,186943.52,0.4534668,874.13025
935,209.53452,370.0823,171113.11,0.45444337,4063.3315
936,124.42677,345.51675,159433.0,0.45185548,2153.0776
937,63.390278,317.3041,150653.28,0.45236817,554.88916
938,62.46263,291.81995,141432.92,0.45114747,610.4179
939,57.999638,268.43793,132210.1,0.44802245,540.25055
940,43.505325,245.94467,123542.6,0.44011232,242.051
941,65.55251,227.90546,114117.055,0.4398926,703.3507
942,43.173103,209.43222,105776.69,0.44968262,383.68466
943,93.39564,197.82857,96410.82,0.44052735,1791.0724
944,4701.0366,648.14935,1.911869e+06,0.43759766,209869.58
945,55.919518,588.9264,1.7522484e+06,0.44658205,601.6985
946,171.11555,547.1453,1.5927345e+06,0.45078126,3517.9019
947,138.9435,506.32513,1.4484576e+06,0.44592285,2381.56
948,642.1468,519.9073,1.3052721e+06,0.43774414,24370.684
949,64.99554,474.4161,1.1933699e+06,0.44943848,660.2543
950,4315.0083,858.47534,2.4015462e+06,0.446875,189826.27
951,90.26865,781.65466,2.2145045e+06,0.45002443,1892.6509
952,101.49457,713.6387,2.0346896e+06,0.44831544,2566.4978
953,113.52092,653.6269,1.8636334e+06,0.44658205,2087.3613
954,122.78249,600.5425,1.7026316e+06,0.44172364,1278.954
955,123.674164,552.85565,1.5528348e+06,0.44138184,2205.7932
956,156.78719,513.2488,1.4116695e+06,0.4386963,2250.1785
957,84.762764,470.40018,1.2870265e+06,0.43371582,1932.5947
958,2650.0884,688.369,1.5859175e+06,0.42661133,112584.164
959,204.26604,639.95874,1.4484178e+06,0.43041992,5290.8774
960,65.49758,582.51263,1.3332765e+06,0.4387451,626.5516
961,197.08917,543.9703,1.2133184e+06,0.43889162,3661.637
962,110.13808,500.58707,1.1089254e+06,0.4387451,1580.5948
963,3410.8435,791.6127,1.760296e+06,0.44099122,116976.64
964,783.0465,790.75604,1.584273e+06,0.43911132,21143.566
965,277.80316,739.46075,1.4495266e+06,0.43317872,8919.44
966,65.213974,672.0361,1.3454888e+06,0.4263916,764.5204
967,2027.6576,807.59827,1.3763338e+06,0.43046877,62367.703
968,1342.8552,861.12396,1.2644854e+06,0.4328125,57921.773
969,68.22597,781.83417,1.1946186e+06,0.42902833,1170.8701
970,262.71494,729.92224,1.0994104e+06,0.43161622,6556.0547
971,94.130745,666.3431,1.0258501e+06,0.426709,1093.364
972,678.41455,667.55023,923278.2,0.42946777,28128.234
973,80.22926,608.8181,861995.44,0.43808594,1196.8232
974,327.28168,580.6645,782929.5,0.43205568,10732.457
975,949.9609,617.5941,716910.75,0.42709962,40030.434
976,616.161,617.4508,645219.8,0.42229006,24344.318
977,218.47873,577.5536,595023.9,0.4190918,7499.2373
978,88.595345,528.6578,557038.7,0.42570803,1019.755
979,180.04047,493.79605,512272.84,0.4255371,3141.8694
980,5444.4077,988.85724,2.6668155e+06,0.42331544,233094.72
981,100.361435,900.0077,2.4711822e+06,0.4284668,1321.9674
982,474.3792,857.4448,2.2403682e+06,0.42351076,18453.723
983,75.06284,779.2066,2.0714224e+06,0.4227539,800.5433
984,89.70502,710.2565,1.9070671e+06,0.4203125,1651.9382
985,61.103546,645.3412,1.7542864e+06,0.41826174,928.81903
986,70.98302,587.9054,1.6085476e+06,0.4165039,1207.1818
987,43.23681,533.43854,1.4743925e+06,0.41833496,542.8873
988,209.74457,501.06915,1.3363832e+06,0.4194092,3563.1606
989,48.00219,455.76245,1.2212192e+06,0.4186035,547.1975
990,7676.3916,1177.8254,5.791471e+06,0.4234131,336416.9
991,54.84665,1065.5276,5.325821e+06,0.4209717,612.8117
992,68.603165,965.83514,4.882686e+06,0.42590332,1339.3988
993,227.87378,892.039,4.44343e+06,0.41826174,6009.3438
994,60.18741,808.8538,4.0613648e+06,0.4239746,740.5019
995,73.58011,735.3265,3.7038848e+06,0.4266846,1599.8429
996,73.78717,669.17255,3.3728832e+06,0.42868653,1132.1625
997,40.80946,606.33624,3.0711305e+06,0.43027344,316.5824
998,240.07092,569.7097,2.776091e+06,0.4267334,5886.807
999,246.19621,537.3584,2.5079012e+06,0.43032226,8689.413
1000,78.972336,491.5198,2.2760218e+06,0.42607424,1456.8616
1001,30.365244,445.40436,2.0675591e+06,0.42592773,209.14595
1002,62.83735,407.14764,1.8739754e+06,0.4303467,899.926
1003,117.68147,378.20102,1.694119e+06,0.4345215,2443.296
1004,122.90022,352.67093,1.5305731e+06,0.41921386,4094.9111
1005,353.0515,352.70898,1.3775158e+06,0.41601562,13210.429
1006,51.13883,322.55197,1.2479492e+06,0.41704103,687.5949
1007,106.854126,300.98218,1.1273415e+06,0.4180664,2080.167
1008,43.379826,275.22195,1.0205796e+06,0.4165283,570.1536
1009,48.661148,252.56587,923141.3,0.41240236,384.4845
1010,149.89023,242.29831,831776.0,0.4171875,4401.541
1011,1823.8296,400.45142,973710.06,0.41289064,80149.41
1012,128.65869,373.27216,882987.44,0.40949708,4091.417
1013,74.37805,343.38275,802729.06,0.4099121,922.27277
1014,335.6645,342.61093,722461.5,0.41694337,13555.694
1015,582.26666,366.5765,655384.5,0.42229006,24523.164
1016,290.808,358.99966,590362.7,0.41166994,11476.412
1017,62.52492,329.3522,539237.2,0.41379395,853.2857
1018,36.716537,300.08862,493020.66,0.4116455,265.04388
1019,43.199104,274.39966,449657.88,0.42023927,349.1112
1020,165.38681,263.49838,405761.62,0.41486818,2544.9448
1021,58.159836,242.96452,368980.22,0.41430664,974.0757
1022,292.50153,247.91823,332303.06,0.41313478,8259.626
1023,55.56892,228.6833,302402.6,0.414917,552.80884
1024,105.184525,216.33342,273535.0,0.40959474,1810.5319
1025,56.024635,200.30254,248494.38,0.4123047,749.72217
1026,99.17651,190.18994,224565.31,0.40556642,2424.3445
1027,100.37164,181.20811,202834.84,0.40791017,2785.994
1028,96.516655,172.73897,183196.89,0.4024414,2181.8157
1029,54.864967,160.95157,166127.67,0.40581056,887.4451
1030,38.72203,148.7286,150859.5,0.39948732,326.03296
1031,97.74924,143.63068,136007.45,0.40581056,1699.6842
1032,134.20012,142.68762,122414.7,0.40341797,4615.027
1033,47.063477,133.12521,110996.19,0.404126,430.7356
1034,77.13391,127.526085,100178.72,0.40617678,1201.4276
1035,71.74806,121.94828,90440.85,0.406543,985.9161
1036,429.86368,152.73982,89929.836,0.41345215,12194.91
1037,118.38574,149.30441,81043.07,0.4102539,2625.247
1038,39.95998,138.36996,74014.82,0.4114502,825.6764
1039,151.60893,139.69386,66629.11,0.41582033,4919.832
1040,69.61847,132.68633,60408.145,0.4147461,908.89343
1041,528.351,172.25279,68456.875,0.42016602,22523.723
1042,79.11168,162.93867,62391.957,0.41311035,1418.1322
1043,40.417755,150.68658,57503.78,0.41711426,319.6858
1044,51.38136,140.75606,52640.938,0.41499025,596.414
1045,61.47162,132.8276,47942.582,0.4050049,917.15814
1046,369.40274,156.48512,48185.426,0.41303712,11482.102
1047,127.26116,153.56273,43443.746,0.40544435,4580.311
1048,96.88088,147.89455,39388.523,0.4090088,1994.6277
1049,110.28672,144.13376,35576.96,0.4083252,3555.6836
1050,70.29975,136.75035,32509.895,0.40585938,1207.3574
1051,37.54535,126.82985,30144.652,0.408667,316.79468
1052,129.54788,127.101654,27130.852,0.40842286,3378.2185
1053,325.97852,146.98933,27977.447,0.4020508,10784.481
1054,177.92383,150.08278,25265.826,0.41081545,4806.798
1055,85.7069,143.64519,23112.227,0.4036377,2095.4587
1056,184.63391,147.74406,20952.21,0.40202639,4881.5474
1057,289.16168,161.88583,20656.895,0.40131837,8071.413
1058,214.14037,167.11128,18836.951,0.404834,5983.795
1059,22.786354,152.67879,18827.928,0.40187988,130.09998
1060,38.621346,141.27304,18115.953,0.41120607,822.30615
1061,111.15694,138.26143,16385.984,0.41374514,2331.7375
1062,76.43091,132.07837,15091.456,0.41203615,1305.3438
1063,23.886923,121.259224,14635.795,0.4137207,107.84065
1064,24.138409,111.54714,14021.136,0.41743165,141.78401
1065,35.681633,103.960594,13137.023,0.41328126,332.4897
1066,39.275314,97.492065,12199.897,0.41303712,709.5443
1067,9234.051,1011.14795,7.5238835e+06,0.41999513,381200.25
1068,260.83914,936.11707,6.822162e+06,0.4229004,8915.135
1069,26.952288,845.20056,6.214338e+06,0.42651367,149.3892
1070,124.99039,773.17957,5.6395875e+06,0.42229006,3719.436
1071,146.57726,710.51935,5.1109655e+06,0.4286377,4870.0806
1072,61.340687,645.6015,4.637798e+06,0.42700195,1118.1183
1073,41.286316,585.17,4.2068855e+06,0.4239258,545.88367
1074,29.869999,529.64,3.8139492e+06,0.43095705,269.34476
1075,33.38829,480.01483,3.454718e+06,0.4289795,374.33517
1076,26.291649,434.64252,3.127774e+06,0.43496093,173.72185
1077,47.774536,395.95572,2.8284665e+06,0.435083,1019.1919
1078,43.6799,360.72815,2.5567885e+06,0.4308838,868.0773
1079,116.74283,336.32962,2.3064672e+06,0.4314209,3994.6877
1080,82.41052,310.9377,2.0816232e+06,0.43474123,1622.979
1081,108.21541,290.6655,1.8771595e+06,0.4317627,2446.1443
1082,27.207005,264.31964,1.6956904e+06,0.44013673,241.96584
1083,168.1712,254.7048,1.5269534e+06,0.4374756,3748.2407
1084,72.70953,236.50528,1.377239e+06,0.43706056,2048.2017
1085,151.40076,227.99483,1.2401669e+06,0.43493652,5634.981
1086,200.86626,225.28197,1.1162164e+06,0.4341797,5847.433
1087,51.315426,207.88531,1.00731844e+06,0.4275635,789.44104
1088,25.951603,189.69194,909565.56,0.43288574,190.73488
1089,63.634384,177.08618,820039.1,0.43999025,1194.8059
1090,19.391516,161.31671,740273.25,0.44013673,81.90213
1091,43.542603,149.5393,667494.25,0.44638672,422.20068
1092,45.74061,139.15944,601714.5,0.4534424,999.66943
1093,108.589485,136.10245,541627.1,0.4489258,3537.3923
1094,38.811344,126.37334,488316.3,0.4449463,534.37616
1095,24.148586,116.15086,440425.16,0.44787598,134.07455
1096,57.35331,110.27111,396693.78,0.446875,1282.1128
1097,39.483963,103.1924,357475.38,0.44846192,471.81012
1098,48.42462,97.71562,321997.78,0.44865724,1112.7332
1099,212.09897,109.15395,290975.5,0.44748536,6791.0317
1100,33.091717,101.54773,262398.62,0.442334,391.7283
1101,29.862385,94.379196,236621.25,0.45197755,303.15137
1102,133.94008,98.33528,213099.97,0.44375,2931.916
1103,143.20232,102.82198,191971.14,0.45246583,3529.1204
1104,472.3987,139.77966,185066.86,0.44504395,14245.802
1105,115.12874,137.31458,166614.86,0.44504395,3259.5125
1106,106.26881,134.20999,150040.12,0.44663087,2119.4685
1107,208.72952,141.66194,135535.89,0.4416748,6305.2305
1108,38.996048,131.39536,122930.93,0.43774414,481.36194
1109,73.876205,125.64344,110935.59,0.43896484,2118.7268
1110,179.388,131.0179,100102.0,0.4415039,4164.8765
1111,36.05639,121.52174,90903.38,0.4300049,739.8163
1112,52.82925,114.6525,82237.73,0.44055176,889.9939
1113,32.86107,106.47335,74616.04,0.43427736,359.4104
1114,274.79108,123.30512,69704.21,0.43911132,9823.667
1115,35.621765,114.53679,63425.742,0.437793,400.66412
1116,59.531197,109.03623,57355.473,0.43737793,1178.574
1117,33.213684,101.45398,52137.34,0.4392334,358.43652
1118,56.189842,96.92757,47108.0,0.43325195,816.57605
1119,20.63393,89.2982,42921.062,0.44064942,93.18439
1120,64.00075,86.768456,38686.55,0.44309083,1787.6627
1121,227.6113,100.85274,36603.2,0.44218752,8979.711
1122,32.299675,93.99743,33365.836,0.4393799,310.6256
1123,19.358849,86.53357,30530.637,0.4362793,167.30943
1124,26.53901,80.53411,27801.514,0.4407959,199.9567
1125,41.26036,76.606735,25160.18,0.43920898,693.11755
1126,1555.1248,224.45854,219385.56,0.44340822,68405.79
1127,77.66406,209.7791,199386.38,0.4435547,2218.4646
1128,79.12836,196.71402,180984.0,0.44033203,2505.5063
1129,216.54378,198.69699,162920.98,0.44343263,8348.304
1130,49.458305,183.77312,148633.38,0.4363037,594.41986
1131,53.192215,170.71503,135304.66,0.44084474,795.3035
1132,1065.9614,260.2397,193906.14,0.44074708,47149.07
1133,53.013805,239.51709,178380.34,0.44414064,1581.9607
1134,28.10379,218.37576,164564.9,0.44621584,499.5625
1135,26.319595,199.17015,151428.12,0.44335938,228.31749
1136,30.420044,182.29514,138848.2,0.44611818,282.7645
1137,63.143963,170.38002,126241.11,0.44177246,1125.9692
1138,1053.5516,258.69717,183816.28,0.4471924,46415.75
1139,20.01405,234.82886,170561.92,0.44543457,144.17451
1140,19.257042,213.27168,157688.14,0.44428712,142.74802
1141,24.600847,194.4046,145123.03,0.44401857,293.8308
1142,32.390717,178.20322,132973.08,0.44987795,482.7341
1143,35.08447,163.89134,121519.234,0.45073244,306.41367
1144,2638.0898,411.3112,660316.56,0.45043945,118018.46
1145,24.407658,372.62085,607757.4,0.4453125,192.98334
1146,27.973106,338.15607,557672.0,0.4571289,368.7539
1147,75.27516,311.86798,508124.34,0.45354006,1989.5188
1148,30.334717,283.71466,464445.38,0.44831544,385.58652
1149,318.90237,287.23343,418112.25,0.44904786,9366.043
1150,31.270576,261.63715,382197.53,0.45366213,522.818
1151,166.04076,252.07751,344800.25,0.45161134,5716.6016
1152,24.124395,229.2822,314996.84,0.45229492,323.57028
1153,84.8408,214.83806,285374.88,0.45166016,2850.4756
1154,38.914444,197.2457,259622.8,0.4534668,712.1716
1155,36.71218,181.19235,235979.9,0.45856935,664.964
1156,28.244238,165.89754,214487.3,0.45239258,372.46844
1157,122.68212,161.57599,193206.64,0.45939943,4580.474
1158,710.957,216.51408,201049.73,0.4555176,27865.63
1159,23.205334,197.18321,184307.9,0.45561525,216.8027
1160,18.531721,179.31807,168749.6,0.45600587,125.68625
1161,21.37243,163.5235,154119.84,0.45864257,159.19199
1162,18.285358,148.99968,140606.33,0.46062014,121.247345
1163,24.390781,136.53879,127943.16,0.4613037,364.18958
1164,91.39905,132.02481,115332.22,0.46115723,2524.929
1165,21.953156,121.01765,104889.414,0.46967775,188.61786
1166,17.352755,110.65115,95367.65,0.4671875,117.28931
1167,40.319405,103.61798,86276.07,0.46948242,931.82355
1168,81.31113,101.3873,77693.24,0.47258303,1643.2859
1169,29.750492,94.22362,70385.78,0.46765137,417.97357
1170,15.37524,86.33878,63906.734,0.47036132,72.260086
1171,32.62719,80.96762,57775.703,0.47287598,659.6979
1172,1709.0038,243.77124,290543.28,0.47219238,56072.727
1173,50.67608,224.46173,264844.66,0.47102052,1255.5474
1174,16.575922,203.67316,242249.67,0.4712158,100.60026
1175,442.9031,227.59615,223175.48,0.48046875,19091.098
1176,39.224834,208.75902,204051.47,0.4819092,608.5362
1177,342.40442,222.12357,185253.81,0.48291016,14079.185
1178,1484.6459,348.3758,310185.06,0.48283693,66214.59
1179,27.625332,316.30075,288425.84,0.47795412,358.93378
1180,30.00959,287.67163,266959.88,0.4817627,420.94144
1181,27.128443,261.6173,246373.33,0.4814453,496.80075
1182,13.33776,236.78935,227283.84,0.4811035,65.641365
1183,24.50803,215.56122,208611.16,0.48513183,402.66956
1184,15.359279,195.54103,191357.31,0.48950195,104.42036
1185,27.267416,178.71367,174770.02,0.48791504,313.68607
1186,53.590897,166.20139,158702.03,0.49020997,1213.1984
1187,24.160929,151.99734,144647.61,0.48901367,258.62445
1188,19.535898,138.7512,131762.0,0.48959962,160.19652
1189,2997.8887,424.66498,854305.9,0.4901367,134609.14
1190,73.43382,389.54187,779977.94,0.4888428,2031.2998
1191,23.21208,352.90887,714057.9,0.48786622,301.2045
1192,17.600288,319.37802,652770.94,0.4966553,140.66464
1193,26.191046,290.05933,595230.1,0.49382326,578.3256
1194,22.49673,263.30307,542150.2,0.49067384,208.55794
1195,80.31041,245.0038,490948.9,0.49111328,2163.8428
1196,30.851171,223.58853,445981.53,0.49030763,514.4508
1197,18.767002,203.10638,405159.03,0.49282226,157.78302
1198,56.029427,188.39868,366589.97,0.49025878,1239.0337
1199,80.06757,177.56557,330987.16,0.4886963,2798.226
1200,74.114784,167.22049,298851.62,0.49355468,1613.5922
1201,24.203045,152.91875,270807.3,0.48867187,428.0293
1202,25.554718,140.18234,245186.52,0.48964843,360.56274
1203,39.837204,130.14783,221574.1,0.48637697,1022.8691
1204,14.789968,118.612045,200614.36,0.48876953,113.24091
1205,155.3912,122.28996,180674.66,0.48815918,3697.5032
1206,13.83188,111.44415,163665.88,0.4828125,68.42874
1207,17.650526,102.06479,148091.03,0.48151857,178.67894
1208,31.561954,95.0145,133729.28,0.47993165,489.49976
1209,13.713602,86.884415,120951.234,0.47702637,85.48732
1210,293.0754,107.50352,112682.43,0.4859375,12325.797
1211,39.971302,100.7503,101824.64,0.4883301,910.9211
1212,27.668636,93.44213,92122.86,0.48510742,431.56754
1213,14.91553,85.58947,83465.55,0.4826416,113.87233
1214,26.557419,79.686264,75432.62,0.48569337,388.12756
1215,51.228172,76.840454,67962.24,0.48845217,1099.8533
1216,11.791725,70.33558,61546.836,0.4840332,54.90086
1217,18.442913,65.14631,55634.508,0.48623046,149.23824
1218,13.13405,59.945084,50314.53,0.48950195,73.42509
1219,11.349834,55.08556,45495.61,0.48244628,35.809387
1220,11.802041,50.75721,41114.66,0.488916,41.655254
1221,63.629158,52.044403,37018.105,0.49160156,1561.9718
1222,57.65545,52.605507,33319.13,0.48671874,1716.3167
1223,12.750988,48.620056,30130.172,0.48881838,62.612087
1224,1150.5752,158.81557,136404.6,0.49299318,51080.086
1225,391.78314,182.11232,127648.78,0.49020997,12476.372
1226,35.26995,167.42809,116824.54,0.49089357,653.54675
1227,29.35856,153.62114,106857.77,0.4942871,570.23785
1228,204.17242,158.67627,96401.984,0.48862305,7424.9087
1229,45.841244,147.39276,87907.64,0.49025878,1414.1587
1230,33.931595,136.04665,80275.484,0.48498535,722.41125
1231,92.779526,131.71994,72416.414,0.4852539,2292.216
1232,18.186457,120.36659,66334.86,0.48906252,134.88614
1233,40.858387,112.41577,60270.312,0.48388672,863.58453
1234,483.91418,149.56561,66664.28,0.48322755,20975.678
1235,14.09477,136.01852,61649.562,0.48044434,98.2649
1236,81.58449,130.57512,55751.277,0.48374024,2442.0173
1237,22.918652,119.80947,51219.242,0.48425293,386.1401
1238,26.630215,110.49155,46878.73,0.48828125,511.51343
1239,19.848309,101.42722,42930.316,0.489209,184.40689
1240,14.992246,92.78372,39309.676,0.49143067,114.187225
1241,132.63911,96.769264,35521.668,0.4913086,5403.9766
1242,14.102569,88.502594,32584.541,0.4862793,128.49818
1243,34.996483,83.151985,29583.748,0.48916015,563.68414
1244,88.483536,83.68514,26627.93,0.488916,2347.9863
1245,17.51562,77.06819,24359.191,0.48542482,188.4031
1246,12.07548,70.568924,22303.438,0.4873047,72.818985
1247,233.67783,86.879814,22467.5,0.49360353,8878.327
1248,15.198559,79.711685,20683.188,0.48989257,210.11752
1249,15.405136,73.28103,18987.049,0.4895508,134.82271
1250,172.26138,83.17906,17970.084,0.48876953,7212.1904
1251,34.062134,78.26737,16390.2,0.49274904,774.34625
1252,19.825397,72.42317,15058.571,0.49418947,361.88397
1253,23.050776,67.48593,13772.102,0.4921631,398.01492
1254,44.011875,65.13853,12444.484,0.491333,1110.4119
1255,11.7244215,59.797115,11456.812,0.49311525,43.49587
1256,13.614509,55.178856,10503.085,0.49594727,113.964226
1257,541.74634,103.8356,30760.086,0.49731445,23424.158
1258,18.844065,95.33645,28334.197,0.49714357,275.89847
1259,10.021017,86.80491,26155.863,0.49809572,28.236994
1260,10.489452,79.17336,24064.44,0.5050293,30.546614
1261,16.71004,72.92703,22009.145,0.5051026,222.09721
1262,13.7540045,67.00973,20123.36,0.50874025,120.88836
1263,15.380388,61.846794,18350.926,0.51235354,131.6675
1264,10.751126,56.73723,16750.8,0.5083252,88.788284
1265,44.22238,55.485744,15089.816,0.5083496,1260.1566
1266,69.69581,56.90675,13599.008,0.51176757,1908.8226
1267,22.478012,53.463875,12345.787,0.5131348,326.41974
1268,425.16,90.633484,23545.43,0.50771487,15405.952
1269,69.306564,88.50079,21231.822,0.5051514,2088.0205
1270,41.171494,83.76786,19310.244,0.50271,824.3396
1271,11.449066,76.53598,17849.92,0.4975342,55.60204
1272,46.869095,73.56929,16144.138,0.4989502,1498.835
1273,16.901848,67.90254,14818.731,0.4994629,238.50572
1274,162.7001,77.3823,14145.65,0.48623046,6751.1772
1275,9.862102,70.63028,13141.393,0.4909424,39.091347
1276,27.159393,66.28319,11997.327,0.49921876,689.28815
1277,15.338011,61.18867,11031.181,0.49523926,134.08664
1278,15.873522,56.657158,10112.874,0.49516603,153.59988
1279,4842.9795,535.28937,2.0709006e+06,0.49594727,218137.8
1280,8.374594,482.5979,1.888798e+06,0.495459,17.630774
1281,19.057102,436.24384,1.7192565e+06,0.5005127,327.8388
1282,32.24398,395.84384,1.5620202e+06,0.49687502,773.06366
1283,2865.72,642.8315,1.954844e+06,0.5010498,129035.945
1284,60.512314,584.59955,1.7898781e+06,0.4975586,1582.2057
1285,128.1814,538.95776,1.6296389e+06,0.501709,3536.014
1286,33.622566,488.42426,1.4896576e+06,0.49555665,552.4423
1287,57.6915,445.35098,1.3573896e+06,0.49592286,1368.2285
1288,10.069925,401.82288,1.2387029e+06,0.48999023,35.070446
1289,10.120147,362.6526,1.1286414e+06,0.49724123,62.24692
1290,8.882755,327.2756,1.02704094e+06,0.498584,21.980217
1291,15.333961,296.08145,933094.5,0.50251466,232.73482
1292,13.30239,267.80356,846981.75,0.5074951,174.92679
1293,50.66698,246.0899,766526.9,0.5104004,1570.5999
1294,34.68813,224.94972,693896.3,0.51059574,777.13336
1295,19.09718,204.36447,628320.44,0.50932616,354.89987
1296,12.122002,185.14023,568814.5,0.5111084,121.41254
1297,37.031677,170.32938,513907.3,0.5119629,986.84924
1298,20.56569,155.35301,464535.2,0.51010746,475.92395
1299,12.285957,141.04631,419923.78,0.5113037,148.27118
1300,63.53659,133.29533,378472.1,0.5119873,2269.434
1301,8.501192,120.81592,342026.5,0.5097656,26.217682
1302,23.41688,111.07601,308677.62,0.51276857,620.93005
1303,11.08596,101.077,278709.7,0.5158936,79.01473
1304,11.02165,92.07147,251568.61,0.51655275,84.55502
1305,18.689117,84.73324,226896.39,0.5143555,216.18561
1306,139.84515,90.24443,204480.11,0.514917,5755.7417
1307,14.046991,82.62469,184554.64,0.51518553,208.72691
1308,9.526491,75.314865,166580.06,0.512793,74.69782
1309,12.631884,69.04657,150275.69,0.50991213,183.72067
1310,9.697643,63.11168,135565.12,0.5152344,39.63241
1311,10.632877,57.8638,122256.48,0.51389164,78.358154
1312,11.080824,53.1855,110227.805,0.5185547,93.42589
1313,9.729812,48.83993,99374.98,0.51464844,50.21118
1314,27.101704,46.666107,89480.01,0.5148926,725.64874
1315,15.261077,43.525604,80620.766,0.5121338,178.81416
1316,43.108753,43.483917,72558.7,0.5088135,1447.8783
1317,39.385216,43.074047,65304.344,0.51220703,1435.1737
1318,13.097939,40.076435,58854.777,0.51018065,190.53398
1319,16.562508,37.725044,53019.06,0.51533204,191.10748
1320,60.096794,39.96222,47762.195,0.51396483,1341.3513
1321,17.520277,37.718025,43031.3,0.510083,168.64383
1322,11.746584,35.12088,38788.88,0.5042481,95.88199
1323,11.886162,32.79741,34958.574,0.5061035,108.73601
1324,10.560197,30.573689,31507.22,0.5108887,76.53823
1325,24.672173,29.983538,28359.633,0.50263673,437.40033
1326,32.27724,30.212908,25524.143,0.507544,833.98193
1327,29.482311,30.139849,22971.775,0.51010746,788.4011
1328,8.259517,27.951815,20717.686,0.50847167,46.41466
1329,14.779154,26.634548,18661.533,0.5076172,311.48547
1330,11.240507,25.095144,16816.707,0.5049316,129.23787
1331,96.92001,32.27763,15599.329,0.50878906,3403.1523
1332,16.13556,30.663424,14062.847,0.5083008,290.41846
1333,13.759348,28.973017,12682.279,0.50283206,174.52347
1334,10.679266,27.143642,11444.17,0.5035645,81.17749
1335,8.901875,25.319466,10329.701,0.49855956,51.182297
1336,16.989391,24.486458,9302.977,0.5013672,327.01028
1337,8.810098,22.918821,8394.796,0.49831542,44.404144
1338,9.752481,21.602188,7570.9175,0.49658203,73.88544
1339,7.909195,20.23289,6830.7007,0.4967041,27.949324
1340,10.256894,19.23529,6156.5874,0.5036621,111.29819
1341,9.794237,18.291185,5548.9507,0.5025879,87.326935
1342,11.0764885,17.569715,4998.74,0.50107425,97.03517
1343,84.246185,24.237362,4898.984,0.50197756,2590.121
1344,16.698809,23.483507,4414.2,0.4986084,352.49033
1345,15.658142,22.70097,3978.2913,0.50146484,273.74503
1346,7.8666277,21.217535,3600.2673,0.49836427,29.037155
1347,10.0460825,20.10039,3251.4727,0.49658203,80.45694
1348,7.7781844,18.86817,2939.9905,0.49516603,33.764977
1349,12.456728,18.227026,2649.691,0.49030763,178.41719
1350,10.282951,17.43262,2390.4014,0.49235842,102.654144
1351,11.136623,16.80302,2154.9287,0.48967287,185.49239
1352,72.86616,22.409334,2222.3127,0.49125978,2953.5295
1353,8.081169,20.976517,2018.558,0.48964843,75.15042
1354,21.788124,21.057678,1816.7615,0.49091798,430.3433
1355,7.0451384,19.656424,1652.757,0.49145508,35.784786
1356,7.144188,18.405201,1501.5713,0.4888672,46.51081
1357,6.188511,17.183533,1364.8464,0.4859375,23.452366
1358,7.95216,16.260395,1236.0314,0.48266602,41.52056
1359,109.98577,25.632933,1903.0284,0.48527834,4632.1284
1360,9.788135,24.048452,1735.3207,0.4875,104.22796
1361,73.479034,28.99151,1781.693,0.49116212,1728.5961
1362,7.7807207,26.870432,1644.0144,0.48864746,41.411903
1363,137.03484,37.88687,2571.8706,0.48146972,4193.635
1364,8.954805,34.993664,2390.0193,0.4811035,80.97657
1365,6.0466266,32.09896,2226.4312,0.48095703,22.489086
1366,9.011607,29.790226,2051.7603,0.4822754,61.682114
1367,57.467342,32.557938,1915.5262,0.48395997,1597.1549
1368,10.395643,30.34171,1768.1786,0.48454592,86.91564
1369,10.03293,28.310831,1628.4808,0.48198244,77.29383
1370,9.40737,26.420485,1497.7935,0.48322755,112.489204
1371,13.760603,25.154497,1362.4386,0.48237306,301.92844
1372,21.221407,24.761189,1227.5869,0.48000488,534.93835
1373,11.526948,23.437765,1120.5913,0.47595215,219.41495
1374,11.12849,22.206837,1022.1688,0.47548828,258.77127
1375,11.586075,21.14476,930.10394,0.47246096,178.97496
1376,5.613473,19.59163,858.8034,0.47763672,14.245839
1377,19.42531,19.574999,772.92554,0.4774414,459.8631
1378,9.35064,18.552563,705.0413,0.48081055,165.98921
1379,6.2887287,17.32618,648.0733,0.4671631,41.79551
1380,5.7319393,16.166756,595.3643,0.47001955,20.127695
1381,26.181795,17.168259,544.855,0.47263184,828.4323
1382,18.887314,17.340164,490.63544,0.46799317,424.62823
1383,8.1859045,16.424738,449.11392,0.46765137,73.21467
1384,33.753258,18.157589,431.2275,0.46989748,1093.243
1385,16.275684,17.969398,388.4235,0.46186525,358.85855
1386,8.620263,17.034485,357.4477,0.45786133,167.27145
1387,5.3989897,15.870935,333.88754,0.4612549,35.026062
1388,34.68157,17.751999,332.3444,0.44697267,1237.374
1389,13.58947,17.335747,300.66934,0.44711915,286.2617
1390,5.340713,16.136244,283.5517,0.44606933,22.564333
1391,7.477118,15.270331,261.94476,0.4419922,55.02539
1392,5.2774343,14.271042,244.7375,0.4456299,33.582695
1393,36.434998,16.487438,264.47543,0.44194338,1206.9535
1394,5.873594,15.426054,248.16673,0.43854982,51.02764
1395,9.083537,14.791802,226.97054,0.43720704,130.2047
1396,51.31052,18.443674,324.29898,0.4303711,1448.7106
1397,6.26589,17.225895,305.2159,0.42973635,73.01438
1398,7.261258,16.229431,283.6308,0.42204592,89.393234
1399,6.635363,15.270024,263.55188,0.41845703,64.94172
1400,51.629997,18.906021,356.18097,0.41591796,1868.7529
1401,10.69021,18.08444,326.63785,0.4104004,294.5226
1402,25.205814,18.796577,298.53833,0.4062744,605.1171
1403,47.564354,21.673355,343.1671,0.4019043,1897.4658
1404,70.19734,26.525753,520.7624,0.4069092,2957.1716
1405,25.2629,26.399467,468.82968,0.40236816,789.1151
1406,6.0097227,24.360493,459.36343,0.39916992,61.04031
1407,34.259624,25.350407,422.24643,0.39506838,1088.3881
1408,6.043569,23.419724,413.56964,0.3876709,59.666687
1409,8.312889,21.90904,392.75217,0.38532716,147.22691
1410,5.664694,20.284605,377.22604,0.37868652,50.690453
1411,11.273603,19.383505,346.81125,0.37351075,225.0819
1412,3.0580087,17.750956,336.1171,0.36938477,16.677382
1413,5.61073,16.536934,315.77002,0.36555177,73.2204
1414,17.990559,16.682297,284.38318,0.3616211,478.57208
1415,89.164215,23.930489,728.7714,0.36135253,2194.958
1416,6.422827,22.179722,683.4809,0.35888672,107.13396
1417,8.745908,20.83634,631.3749,0.35634765,219.33885
1418,10.07642,19.760347,578.65717,0.3542969,310.94043
1419,13.327921,19.117105,524.5153,0.34719238,330.63074
1420,9.362162,18.141611,480.62805,0.34487304,182.17876
1421,6.391157,16.966566,444.99182,0.34379885,122.026436
1422,4.105261,15.680435,415.37982,0.34414062,69.076775
1423,5.793914,14.691783,382.63873,0.34313965,133.28476
1424,6.4956384,13.872169,350.42078,0.3348877,193.08005
1425,6.8527536,13.170227,319.81317,0.33342287,171.12674
1426,5.7019215,12.423396,292.85162,0.32556152,162.98709
1427,3.255738,11.50663,271.13058,0.32346192,76.90934
1428,6.8682504,11.042792,245.95383,0.3164795,229.76521
1429,2.5670362,10.195217,227.8239,0.3145752,75.24249
1430,5.697508,9.745446,206.86214,0.318042,254.10178
1431,6.870373,9.457939,186.91986,0.3192627,294.23953
1432,10.087752,9.520921,168.26358,0.3157959,433.48645
1433,16.79833,10.248662,156.20367,0.31379396,583.2286
1434,5.989337,9.822729,142.21606,0.30644533,160.70502
1435,0.053412184,8.845798,136.58401,0.30483398,25.332115
1436,2.718125,8.23303,126.30496,0.30612794,158.32495
1437,2.7713056,7.6868577,116.35921,0.30036622,117.95426
1438,14.822091,8.400381,109.30532,0.29956055,664.5014
1439,1.9549987,7.7558427,102.113655,0.2958252,146.566
1440,13.591078,8.339366,94.96679,0.2869629,470.9298
1441,267.2757,34.233,6119.793,0.29106447,12166.721
1442,10.746504,31.884352,5557.459,0.2939453,465.87567
1443,0.3068967,28.726606,5091.455,0.286084,81.624084
1444,-1.9591606,25.65803,4667.0547,0.2824219,22.358175
1445,2.9767354,23.3899,4246.649,0.28261718,172.9183
1446,4090.2993,430.08084,1.4923996e+06,0.27702639,184949.88
1447,0.31781995,387.10455,1.3597822e+06,0.2755127,106.969185
1448,3.8753452,348.78162,1.2370219e+06,0.2776123,278.1451
1449,-1.5438296,313.74908,1.1243651e+06,0.2761719,43.663956
1450,-1.1838923,282.2558,1.020855e+06,0.26748046,134.90375
1451,-4.194852,253.61073,926154.3,0.2704834,10.6462
1452,-1.4958034,228.10008,839396.0,0.26691896,151.8765
1453,-5.349869,204.75508,760361.25,0.26359865,9.986211
1454,-1.2452294,184.15504,688144.4,0.25874025,151.0265
1455,-5.0102544,165.23851,622550.44,0.2619873,13.610487
1456,-5.119917,148.20267,562907.4,0.25827637,22.922117
1457,-2.2069058,133.16171,508652.72,0.2515137,152.89073
1458,-5.161851,119.32935,459509.44,0.24990235,31.078869
1459,-0.9178667,107.304634,414859.8,0.24763183,141.04147
1460,-6.1185646,95.96231,374531.66,0.24870606,22.043957
1461,5.7676525,86.94285,337810.62,0.25078127,407.10388
1462,-6.8388124,77.56468,304821.1,0.25024414,16.764252
1463,-0.5272739,69.755486,274887.84,0.2489502,241.46756
1464,-2.5865324,62.521282,247870.06,0.24221192,185.63329
1465,-5.793659,55.68979,223503.06,0.2411377,66.53067
1466,-6.5168447,49.469124,201501.02,0.2399414,27.283613
1467,-6.329048,43.889305,181631.12,0.23637696,41.39956
1468,1.6523898,39.665615,163628.56,0.2291504,370.7741
1469,-2.6048014,35.438572,147426.5,0.22514649,128.15793
1470,-1.4653525,31.74818,132806.42,0.2279297,311.35733
1471,-6.228139,27.950548,119655.57,0.22939454,65.68058
1472,-7.2795057,24.427544,107801.72,0.22561036,48.86818
1473,-7.2105036,21.263739,97111.625,0.22143555,57.087147
1474,-2.3489475,18.90247,87450.64,0.2263916,209.2514
1475,317.88263,48.800484,86750.59,0.21701661,14402.785
1476,-9.056601,43.014774,78376.8,0.21833496,24.149536
1477,-2.116179,38.50168,70722.43,0.21054688,167.85866
1478,-5.7547464,34.076035,63826.457,0.21079102,109.89018
1479,5.36992,31.205423,57517.973,0.20969239,422.66068
1480,-7.927825,27.292099,51904.0,0.2084961,62.22695
1481,40.92492,28.65538,46730.324,0.21303712,2290.9695
1482,2.812282,26.07107,42117.4,0.21235351,523.8697
1483,-5.3643456,22.927528,37994.598,0.21154785,224.36993
1484,-10.342478,19.600529,34294.754,0.21086426,35.53563
1485,-10.799614,16.560514,30948.453,0.20246582,37.327187
1486,158.29889,30.734352,29661.686,0.20107423,7540.5156
1487,5398.6943,567.5304,2.620045e+06,0.20258789,244617.31
1488,-12.217234,509.55563,2.38829e+06,0.20290528,25.119858
1489,-13.198176,457.28024,2.1740555e+06,0.19760743,12.795371
1490,4.6108885,412.0133,1.9750918e+06,0.19445801,826.3336
1491,-13.239716,369.488,1.7938581e+06,0.19770508,25.32186
1492,-11.725999,331.3666,1.6275514e+06,0.19528809,56.860233
1493,-13.207426,296.9092,1.475482e+06,0.19448243,41.408886
1494,-13.783063,265.84,1.3366215e+06,0.18984376,37.1846
1495,-14.768761,237.77911,1.210046e+06,0.19145508,28.876392
1496,-10.678481,212.93335,1.0945971e+06,0.18410645,230.84012
1497,-14.578867,190.18213,989795.9,0.18278809,89.92506
1498,-13.875069,169.77641,894563.8,0.1777832,153.53712
1499,-10.58173,151.7406,808035.0,0.17858887,238.92162
1500,25.08516,139.07506,728675.25,0.17592774,1862.5555
1501,-17.975767,123.36997,658027.56,0.17448731,21.528614
1502,-17.342937,109.29868,594006.8,0.17219238,65.97984
1503,189.23874,117.29269,535181.25,0.16992188,9393.911
1504,155.68002,121.131424,481795.75,0.17270508,7919.0366
1505,-15.683073,107.449974,435300.78,0.17302246,206.43248
1506,-19.904636,94.714516,393230.4,0.16860352,14.331158
1507,-19.03146,83.33992,355071.78,0.16777344,40.215294
1508,-19.998285,73.0061,320525.7,0.16694336,20.90867
1509,-6.3152566,65.07397,289039.38,0.16567384,661.27313
1510,-21.136478,56.452923,260804.33,0.16376953,16.619617
1511,-19.816273,48.826004,235247.42,0.1628418,72.0323
1512,-21.541039,41.7893,212168.31,0.16281739,23.499207
1513,2.789853,37.889355,191088.36,0.15830079,802.7827
1514,-19.08213,32.192207,172271.64,0.15405273,184.47997
1515,-21.135849,26.859402,155300.42,0.15534668,73.97037
1516,-22.342466,21.939215,139988.25,0.15515137,22.825304
1517,-23.445852,17.400707,126174.805,0.15441895,14.841001
1518,-24.212463,13.239389,113713.17,0.15131836,15.112179
1519,-24.693106,9.44614,102471.35,0.14880371,13.094982
1520,-23.286587,6.172868,92320.64,0.15063477,85.148
1521,-21.43163,3.4124181,83157.16,0.14821778,183.23912
1522,-25.984243,0.47275186,74919.21,0.14831543,15.093664
1523,-26.170835,-2.191607,67491.17,0.14777832,13.669601
1524,-26.67295,-4.6397414,60795.996,0.14841309,13.076023
1525,-26.770351,-6.8528023,54760.473,0.1473877,22.863216
1526,-26.326471,-8.800169,49318.555,0.14929199,32.541008
1527,-23.91214,-10.311366,44407.25,0.14560547,147.9959
1528,-27.720758,-12.052305,39993.8,0.14584962,13.357752
1529,717.969,60.94982,83958.21,0.14487305,33756.75
1530,-28.207195,52.03412,76277.8,0.14499512,12.912518
1531,-28.33001,43.997704,69231.266,0.14658204,12.756359
1532,-29.19308,36.678627,62790.258,0.1404541,12.446577
1533,-29.192982,30.091465,56901.746,0.14265136,12.306663
1534,-29.047417,24.177576,51526.34,0.13889161,12.657986
1535,-29.744305,18.785387,46635.387,0.14128418,12.188166
1536,-30.2108,13.885769,42187.902,0.13554688,12.791309
1537,-28.181932,9.678999,38128.383,0.13911133,102.56033
1538,-30.54625,5.6564736,34461.17,0.13698731,12.452331
1539,-30.406109,2.0502152,31132.1,0.1385498,13.318952
1540,-30.744497,-1.2292559,28115.684,0.13547364,12.960209
1541,-30.915638,-4.197894,25383.43,0.14353028,11.974897
1542,-31.707354,-6.94884,22913.195,0.13632813,12.025639
1543,-31.801037,-9.43406,20677.463,0.13955079,15.409184
1544,-32.275375,-11.718192,18656.67,0.14377442,11.818122
1545,-31.42839,-13.689212,16825.967,0.14001465,21.967367
1546,-31.976837,-15.517974,15173.469,0.13891602,11.409425
1547,-32.552933,-17.22147,13682.238,0.13820802,11.947621
1548,-31.785233,-18.677847,12333.104,0.13903809,32.418922
1549,-32.766533,-20.086716,11117.656,0.13813476,11.82734
1550,-32.698597,-21.347904,10020.206,0.13647461,11.4630575
1551,-32.63784,-22.476898,9029.656,0.13366699,11.343992
1552,-32.98699,-23.527908,8136.632,0.13271485,11.850522
1553,-33.064396,-24.481558,7331.1533,0.13110352,11.805518
1554,-32.860928,-25.319494,6604.357,0.13239746,14.470626
1555,-33.346478,-26.122192,5949.72,0.12932129,11.1857815
1556,-33.81743,-26.891716,5360.0776,0.13125001,11.698401
1557,-33.80467,-27.583012,4828.3706,0.13542481,11.3423195
1558,-34.239326,-28.248644,4349.521,0.13183594,11.336311
1559,-34.303528,-28.854132,3917.8682,0.12678222,10.828183
1560,-34.6444,-29.433159,3529.0989,0.12900391,12.979371
1561,-34.57362,-29.947205,3178.567,0.12578125,10.755474
1562,-35.030544,-30.455538,2863.0356,0.123095706,11.244946
1563,-34.885757,-30.89856,2578.4983,0.12629394,10.543846
1564,-34.83767,-31.29247,2322.045,0.12749024,10.735609
1565,-35.47048,-31.710272,2091.4114,0.1274414,14.132031
1566,-35.728767,-32.11212,1883.7235,0.130542,10.663559
1567,-36.509495,-32.551857,1697.0914,0.12895508,10.758684
1568,-32.339985,-32.53067,1527.3864,0.12587892,176.42519
1569,-35.44429,-32.822033,1375.4116,0.12670898,68.58727
1570,-36.52912,-33.19274,1239.1073,0.12722169,10.273805
1571,-36.702103,-33.54368,1116.3049,0.12543945,10.547505
1572,-36.497284,-33.83904,1005.4596,0.12700196,10.901475
1573,-37.215378,-34.176674,905.9396,0.12548828,12.721674
1574,-37.23089,-34.482094,816.1851,0.12617187,10.679646
1575,-37.25444,-34.759327,735.25836,0.12233887,12.024611
1576,-36.97478,-34.980873,662.17426,0.12561035,11.420783
1577,-36.821907,-35.164978,596.26184,0.12229004,10.502369
1578,-37.06317,-35.354797,536.9599,0.123535156,11.097104
1579,-37.248985,-35.544216,483.5868,0.121435545,10.458437
1580,-37.53427,-35.74322,435.58453,0.11989746,10.450605
1581,-37.381905,-35.90709,392.26773,0.12160645,9.859293
1582,-37.79415,-36.095795,353.36145,0.121191405,10.414155
1583,-37.691742,-36.25539,318.25452,0.12160645,9.642742
1584,-37.893433,-36.419193,286.67053,0.12358399,10.095125
1585,-38.12181,-36.589455,258.26437,0.11945801,10.689733
1586,-38.54419,-36.784927,232.78183,0.11816406,10.095694
1587,-38.899643,-36.9964,209.90613,0.121167,10.0177555
1588,-38.70314,-37.167072,189.17767,0.12141114,9.750311
1589,-38.915565,-37.341923,170.53505,0.11931153,9.7166195
1590,-39.30379,-37.53811,153.82794,0.12053223,9.396372
1591,-38.980377,-37.682335,138.63235,0.11960449,9.530332
1592,-38.750397,-37.789143,124.87178,0.11843262,9.710756
1593,-36.812546,-37.691483,112.470436,0.1206543,97.06759
1594,-39.088825,-37.831215,101.399124,0.116723634,9.78768
1595,-39.047695,-37.95286,91.39239,0.11887207,10.03838
1596,-39.48691,-38.106266,82.46494,0.118896484,10.019941
1597,-39.17052,-38.212692,74.32039,0.11682129,9.740069
1598,-39.721077,-38.36353,67.09312,0.11550293,9.681685
1599,-40.028217,-38.53,60.633205,0.11433106,10.112703
1600,-39.74995,-38.651993,54.703827,0.112255864,9.594689
1601,-39.947193,-38.781513,49.384422,0.11254883,9.477582
1602,-40.394943,-38.942856,44.680264,0.112988286,9.023565
1603,-40.42621,-39.09119,40.410263,0.109399416,9.480493
1604,-40.166428,-39.198715,36.473286,0.11850586,9.641713
1605,-40.293224,-39.308167,32.933773,0.11289062,9.386043
1606,-40.601635,-39.437515,29.79097,0.11071777,9.427586
1607,-40.59183,-39.552948,26.931793,0.11220703,9.451347
1608,-40.686756,-39.66633,24.35431,0.11525879,9.536815
1609,-40.75672,-39.775368,22.025885,0.11264648,9.646754
1610,-40.926205,-39.89045,19.942493,0.11662598,9.190748
1611,-41.098465,-40.01125,18.07958,0.1138916,10.133678
1612,-41.22363,-40.13249,16.40391,0.11472168,9.41206
1613,-41.35895,-40.255135,14.898897,0.113378905,9.533772
1614,-41.117928,-40.341415,13.476004,0.112695314,9.515501
1615,-41.737106,-40.480984,12.303719,0.109204106,10.321504
1616,-41.330803,-40.565964,11.138344,0.110961914,9.436578
1617,-41.089485,-40.618317,10.049176,0.10998535,9.019708
1618,-41.307842,-40.68727,9.087049,0.109643556,9.192046
1619,-41.51743,-40.770287,8.240368,0.114746094,9.359024
1620,-41.445168,-40.837776,7.4573226,0.10932618,9.163127
1621,-41.881622,-40.94216,6.8096557,0.109472655,9.038823
1622,-41.76729,-41.024673,6.189965,0.10944825,9.067866
1623,-41.734016,-41.095608,5.6162534,0.11013184,8.923876
1624,-41.895405,-41.175587,5.112199,0.108471684,8.765795
1625,-41.74418,-41.232445,4.6300755,0.11037598,8.753353
1626,-42.168983,-41.3261,4.246007,0.107104495,8.756942
1627,-42.102913,-41.40378,3.8757155,0.107543945,8.865685
1628,-42.247948,-41.488197,3.5522792,0.10507812,9.936774
1629,-41.742813,-41.51366,3.2028859,0.10478516,22.228785
1630,-42.14231,-41.576527,2.9181654,0.10515137,10.710973
1631,-42.386772,-41.65755,2.6854336,0.105542,9.180692
1632,-42.43701,-41.735497,2.4715705,0.10822754,8.896214
1633,-42.48166,-41.810112,2.2745216,0.10454102,8.955488
1634,-42.56794,-41.885895,2.0987566,0.1060791,8.951968
1635,-42.68606,-41.96591,1.946505,0.105004884,9.100982
1636,-42.647144,-42.034035,1.7936214,0.103442386,9.613358
1637,-42.625885,-42.09322,1.6457851,0.10429688,8.759991
1638,-42.844337,-42.16833,1.5319825,0.10756836,8.709362
1639,-42.782158,-42.229713,1.4126948,0.10297852,9.101057
1640,-42.992737,-42.306015,1.3238238,0.10773926,8.855804
1641,-43.171967,-42.39261,1.2589298,0.10354004,9.511359
1642,-42.643173,-42.417664,1.1386873,0.10371094,8.571667
1643,-43.058334,-42.48173,1.0617598,0.10527344,8.819352
1644,-43.079216,-42.54148,0.98771274,0.10688477,8.477098
1645,-43.158802,-42.603214,0.92323905,0.10422363,9.0286875
1646,-43.269302,-42.669823,0.87084574,0.103442386,8.95806
1647,-43.095226,-42.712364,0.8000483,0.101782225,8.923666
1648,-43.46244,-42.787373,0.7706787,0.10595703,8.657915
1649,-43.630424,-42.871677,0.7575771,0.1048584,9.154245
1650,-43.363335,-42.920845,0.7035748,0.10681152,8.760384
1651,-43.365288,-42.96529,0.6509949,0.10458984,8.557681
1652,-43.46232,-43.01499,0.6081288,0.10463867,8.491104
1653,-43.690598,-43.082554,0.5883958,0.10507812,8.513204
1654,-43.916412,-43.16594,0.59213495,0.105322264,8.571409
1655,-44.22579,-43.271923,0.6340166,0.10563965,8.822093
1656,-39.598286,-42.90456,1.7852199,0.10366211,211.32693
1657,-43.913055,-43.00541,1.6982335,0.10625,8.903558
1658,-43.57301,-43.06217,1.5574055,0.10649414,8.891384
1659,-43.793022,-43.135254,1.4497383,0.104931645,8.558431
1660,-44.022346,-43.223965,1.3755883,0.10551758,8.298402
1661,-44.296394,-43.331207,1.3415389,0.105297856,9.223038
1662,-43.993607,-43.397446,1.2468745,0.1095459,8.491667
1663,-43.97338,-43.45504,1.1520401,0.10725098,8.500772
1664,-44.203316,-43.52987,1.0872285,0.10600586,8.696274
1665,-44.31555,-43.608437,1.0340624,0.106982425,8.26074
1666,-44.67442,-43.715034,1.0329249,0.10893555,8.517885
1667,-44.727493,-43.81628,1.0218889,0.10708008,8.244597
1668,-44.475258,-43.88218,0.9587825,0.1060791,8.177696
1669,-44.504692,-43.94443,0.8977812,0.10627442,8.263333
1670,-44.133217,-43.96331,0.81121063,0.107666016,8.470177
1671,-44.357777,-44.002758,0.7440939,0.105444334,8.460107
1672,-44.78254,-44.080734,0.7244098,0.10708008,8.003832
1673,-44.913605,-44.16402,0.71439946,0.10219727,8.280132
1674,-44.91758,-44.239376,0.6940661,0.105297856,8.093201
1675,-44.85095,-44.300533,0.6583214,0.10439453,8.157872
1676,-45.189083,-44.38939,0.6635461,0.107299805,8.252157
1677,-45.25122,-44.47557,0.6640393,0.10563965,8.174952
1678,-45.081978,-44.536213,0.63073105,0.10917969,8.246912
1679,-45.035828,-44.586174,0.59012324,0.10354004,8.326797
1680,-45.248585,-44.652416,0.5706018,0.10424805,8.162892
1681,-45.092033,-44.696377,0.53093535,0.10412598,8.108468
1682,-45.241257,-44.750866,0.50456226,0.10539551,8.110169
1683,-45.018944,-44.77767,0.46057394,0.106738284,8.022493
1684,-45.208515,-44.820755,0.43122286,0.10668945,8.1027975
1685,-45.52405,-44.891083,0.43261692,0.10615235,7.953138
1686,-45.644234,-44.966396,0.44040647,0.105737306,8.263037
1687,-45.562927,-45.02605,0.42839226,0.103125,8.149828
1688,-45.57499,-45.080944,0.41267306,0.104687504,7.837595
1689,-45.621773,-45.135025,0.39773035,0.10483398,8.210574
1690,-45.9505,-45.21657,0.41780734,0.10671387,8.103498
1691,-45.782486,-45.273163,0.4048499,0.10715332,8.111161
1692,-46.069824,-45.35283,0.42148513,0.10576172,7.9427733
1693,-45.654816,-45.383026,0.38754424,0.10449219,8.3449745
1694,-45.771133,-45.421837,0.36234626,0.10627442,8.084891
1695,-45.477425,-45.427395,0.32638973,0.105322264,7.9458895
1696,-46.010155,-45.485672,0.32431558,0.105566405,7.7228556
1697,-46.04165,-45.54127,0.31970394,0.105371095,7.9683504
1698,-45.95334,-45.582478,0.3030155,0.1032959,7.7763877
1699,-40.359146,-45.060143,2.7282012,0.10410156,252.56622
1700,-46.031136,-45.15724,2.5402355,0.1048584,8.604157
1701,-46.28238,-45.269756,2.400146,0.10454102,8.13664
1702,-46.578163,-45.400597,2.314205,0.10788574,7.703327
1703,-46.078934,-45.46843,2.124197,0.11000977,7.6536393
1704,-46.163074,-45.537895,1.955205,0.10405274,7.687071
1705,-46.18348,-45.602455,1.7971945,0.10656738,7.831304
1706,-46.4329,-45.6855,1.6795424,0.10622559,7.9069667
1707,-46.098377,-45.726788,1.5269302,0.10510254,7.598154
1708,-45.984512,-45.75256,1.3802152,0.10439453,7.7794967
1709,-46.18464,-45.79577,1.2589959,0.104809575,7.785985
1710,-46.201694,-45.83636,1.1479261,0.10803223,8.104526
1711,-46.466125,-45.899338,1.0688277,0.104687504,7.9724646
1712,-46.46389,-45.95579,0.9906297,0.105297856,7.5103774
1713,-46.577282,-46.01794,0.9263292,0.10571289,7.5751243
1714,-46.7501,-46.091156,0.8819413,0.10432129,7.615133
1715,-46.596195,-46.14166,0.81670296,0.10700684,7.706641
1716,-46.98777,-46.22627,0.79946405,0.10541993,7.6850395
1717,-46.73787,-46.277428,0.7430738,0.10585938,7.676922
1718,-46.74654,-46.32434,0.6885724,0.106933594,7.8237467
1719,-46.671368,-46.359043,0.63055366,0.10786133,7.7220373
1720,-46.91756,-46.414894,0.595573,0.10610352,7.555959
1721,-46.743195,-46.447723,0.545716,0.10759278,7.495108
1722,-46.72235,-46.475185,0.4979322,0.10576172,7.600989
1723,-46.697655,-46.497433,0.4525933,0.10441895,7.5436745
1724,-46.632656,-46.510956,0.40897965,0.10861816,7.227074
1725,-46.787594,-46.53862,0.37496924,0.10603028,7.6007395
1726,-47.148743,-46.599632,0.37097478,0.10371094,7.3964334
1727,-47.236824,-46.663353,0.3704185,0.107421875,7.5634604
1728,-47.3391,-46.730927,0.3744737,0.10371094,7.610605
1729,-47.196175,-46.77745,0.35650733,0.10703125,7.751168
1730,-47.209187,-46.820625,0.3376322,0.10458984,7.79191
1731,-46.98088,-46.83665,0.30618036,0.10390625,7.6405597
1732,-41.98037,-46.35102,2.3980742,0.106933594,229.7439
1733,-44.892044,-46.205124,2.3498418,0.106860355,103.35756
1734,-47.06153,-46.290764,2.1808665,0.10288086,7.868865
1735,-47.40052,-46.40174,2.07362,0.10437012,7.9555764
1736,-47.36871,-46.498436,1.9504105,0.10817871,7.638825
1737,-47.233185,-46.57191,1.8039563,0.10358887,7.5638957
1738,-47.389038,-46.653625,1.6836534,0.10358887,7.45421
1739,-47.36723,-46.724987,1.5611187,0.105297856,7.3876405
1740,-47.35072,-46.78756,1.4402455,0.10192871,7.26351
1741,-47.366653,-46.84547,1.3264024,0.10644531,7.4541025
1742,-47.373203,-46.898243,1.2188272,0.10046387,7.407499
1743,-47.496838,-46.958103,1.129193,0.10749512,7.5326037
1744,-47.436516,-47.005943,1.0368726,0.1079834,8.518379
1745,-47.11053,-47.016403,0.9341698,0.10439453,13.456982
1746,-47.36322,-47.051086,0.85157824,0.10522461,7.452741
1747,-47.07993,-47.05397,0.7664953,0.105126955,20.985832
1748,-47.36621,-47.085194,0.6986202,0.10446777,7.7040644
1749,-47.448326,-47.121506,0.640626,0.105249025,7.5372033
1750,-47.380302,-47.147385,0.58259124,0.101391606,7.410616
1751,-47.259533,-47.1586,0.52546406,0.10239258,7.2617335
1752,-47.598785,-47.202618,0.49035636,0.10261231,7.3790574
1753,-47.65983,-47.248337,0.46013445,0.10117187,7.411675
1754,-47.603622,-47.283867,0.42548153,0.10317383,7.3319616
1755,-47.763695,-47.33185,0.40365452,0.10463867,7.386978
1756,-47.994507,-47.398113,0.40280956,0.10761719,7.3646398
1757,-47.76949,-47.43525,0.3749414,0.10410156,7.193588
1758,-47.99071,-47.490795,0.36521566,0.10703125,7.1226454
1759,-47.590538,-47.50077,0.32958946,0.10463867,15.47149
1760,-47.606735,-47.511368,0.29764107,0.10236817,7.2799034
1761,-47.69848,-47.53008,0.2710279,0.10273438,7.8671823
1762,-47.823006,-47.559372,0.25164762,0.10615235,7.560453
1763,-47.83451,-47.586887,0.23329599,0.1032959,7.5304575
1764,-47.860203,-47.61422,0.21668951,0.104443364,7.597652
1765,-47.82781,-47.63558,0.19912638,0.1050293,7.2889943
1766,-47.93098,-47.66512,0.18706737,0.10583496,7.107247
1767,-48.067287,-47.705338,0.18291716,0.10559082,7.24068
1768,-48.09152,-47.743958,0.17804766,0.1034668,7.2329493
1769,-48.14416,-47.783978,0.17465755,0.10546875,7.402972
1770,-48.154564,-47.821037,0.16955188,0.10454102,7.1005087
1771,-48.291927,-47.868126,0.17255306,0.1060791,7.6956577
1772,-48.096886,-47.891003,0.16000755,0.10571289,7.489168
1773,-48.01042,-47.902946,0.14529027,0.10651856,7.3248186
1774,-47.912445,-47.903896,0.13076936,0.106933594,7.428895
1775,-48.233727,-47.93688,0.12748332,0.1079834,9.565317
1776,-48.586166,-48.00181,0.15267675,0.10632324,8.227543
1777,-48.456486,-48.047276,0.15601492,0.10612793,7.3534923
1778,-48.543907,-48.09694,0.16261129,0.10683594,7.4815507
1779,-48.35387,-48.12263,0.15229139,0.10354004,7.3481297
1780,-48.58565,-48.168934,0.15635714,0.10241699,7.318495
1781,-48.527115,-48.20475,0.15226784,0.1043457,7.134031
1782,-48.46852,-48.23113,0.14330281,0.10551758,7.1771784
1783,-48.60333,-48.26835,0.14144048,0.10429688,7.154512
1784,-48.767204,-48.318233,0.14969355,0.10788574,7.1975474
1785,-48.53349,-48.33976,0.13889433,0.105810545,7.2805023
1786,-48.65547,-48.37133,0.13397557,0.10632324,7.2117934
1787,-48.286167,-48.362816,0.12123075,0.105322264,7.2461047
1788,-48.442238,-48.370758,0.109675385,0.10390625,7.414264
1789,-48.285614,-48.362244,0.099360295,0.1045166,7.1970134
1790,-48.633904,-48.38941,0.09606618,0.104565434,7.3211675
1791,-48.549767,-48.405445,0.08877389,0.1065918,7.1579137
1792,-48.530033,-48.417904,0.08129349,0.10546875,7.2224283
1793,-48.4001,-48.416122,0.07319267,0.10905762,7.21771
1794,-48.528778,-48.427387,0.06701562,0.10458984,7.228785
1795,-48.661194,-48.450768,0.06523395,0.10617676,7.092458
1796,-48.96371,-48.50206,0.082390524,0.10617676,7.2890577
1797,-48.544334,-48.506287,0.07431231,0.10600586,6.977751
1798,-48.26716,-48.482372,0.072027475,0.101660155,7.057519
1799,-48.542374,-48.488373,0.06514874,0.105688475,7.0048437
1800,-48.532875,-48.492825,0.058812104,0.105566405,7.032312
1801,-48.72104,-48.515648,0.057618245,0.107177734,6.920447
1802,-48.88856,-48.55294,0.06437221,0.10749512,6.893237
1803,-48.80488,-48.578133,0.06364753,0.106054686,7.0130296
1804,-48.811325,-48.60145,0.06217686,0.10424805,6.9899654
1805,-48.823494,-48.623657,0.06039641,0.10656738,6.952656
1806,-48.940628,-48.655354,0.06339911,0.10620117,6.945627
1807,-48.60344,-48.65016,0.05730176,0.1076416,7.2362967
1808,-48.728024,-48.657948,0.052117202,0.107470706,7.2297754
1809,-48.78199,-48.670353,0.048290268,0.10854492,7.188208
1810,-48.95838,-48.699158,0.050927687,0.10874023,7.121758
1811,-48.959686,-48.725212,0.05194368,0.10808106,7.0680895
1812,-48.844078,-48.7371,0.048020933,0.106616214,7.1900406
1813,-49.017097,-48.7651,0.050274774,0.10861816,7.0557094
1814,-49.153248,-48.803913,0.05880668,0.10703125,7.0330987
1815,-49.130775,-48.8366,0.06254152,0.10463867,7.079561
1816,-48.94607,-48.84755,0.057365905,0.1064209,7.114153
1817,-49.204338,-48.88323,0.063086145,0.10856934,6.968807
1818,-49.18113,-48.913017,0.06476459,0.10473633,6.879439
1819,-49.212322,-48.942947,0.06635064,0.10368653,6.932434
1820,-49.274998,-48.97615,0.069638744,0.105249025,7.2154536
1821,-49.379105,-49.016445,0.077288345,0.10632324,6.9983253
1822,-49.313866,-49.04619,0.07752082,0.10898437,6.8264794
1823,-49.5878,-49.10035,0.09616953,0.10595703,7.0390086
1824,-49.35132,-49.125446,0.09222126,0.10786133,7.1079845
1825,-49.23502,-49.136402,0.0840797,0.10598145,7.256049
1826,-49.313572,-49.154118,0.07849675,0.105615236,7.061054
1827,-49.191402,-49.157845,0.07077218,0.107055664,7.156632
1828,-49.294685,-49.171528,0.065380245,0.10522461,7.1037865
1829,-49.499214,-49.204296,0.06850627,0.10390625,7.0576754
1830,-49.24557,-49.208424,0.06180897,0.107543945,6.9554954
1831,-49.057274,-49.19331,0.057684235,0.10874023,7.1148314
1832,-49.333405,-49.20732,0.0536822,0.10864258,7.0945115
1833,-49.29294,-49.21588,0.048973706,0.10571289,7.050068
1834,-49.518898,-49.24618,0.052340053,0.10898437,6.967572
1835,-49.48873,-49.270435,0.052400786,0.1060791,6.9392285
1836,-49.551,-49.298492,0.05424513,0.1079834,6.976861
1837,-49.383102,-49.306953,0.04946491,0.10625,6.9778357
1838,-49.49518,-49.325775,0.04770699,0.10688477,6.8368263
1839,-49.13286,-49.306484,0.04628581,0.105615236,6.963102
1840,-49.1616,-49.291996,0.043546505,0.10700684,7.033204
1841,-49.404068,-49.303204,0.040322263,0.10639649,7.002011
1842,-49.25573,-49.298454,0.036492873,0.10637207,7.1147833
1843,-49.186188,-49.287228,0.033977926,0.10405274,7.2507524
1844,-49.295288,-49.288033,0.03058598,0.10668945,7.0329733
1845,-49.52218,-49.311447,0.032461576,0.10458984,6.8441396
1846,-49.681828,-49.348484,0.041561767,0.106054686,6.7954645
1847,-49.594345,-49.37307,0.04284588,0.10583496,6.801054
1848,-49.651016,-49.400864,0.045514174,0.10402832,6.813958
1849,-49.79627,-49.440403,0.055033803,0.10566407,6.875171
1850,-49.848633,-49.481224,0.06452907,0.10432129,6.7669444
1851,-49.914658,-49.524567,0.074983984,0.10571289,6.640016
1852,-49.783417,-49.550453,0.073515885,0.10681152,6.8563232
1853,-49.94916,-49.590324,0.08047145,0.10629883,6.640354
1854,-49.931686,-49.624462,0.08291183,0.105810545,6.601724
1855,-49.685387,-49.630554,0.0749547,0.10407715,6.7382503
1856,-49.942497,-49.661747,0.076216996,0.104882814,6.68174
1857,-49.676697,-49.663242,0.068615414,0.10808106,6.8353024
1858,-49.619625,-49.658882,0.06192509,0.105249025,6.817595
1859,-49.78511,-49.671505,0.057166602,0.106982425,6.610846
1860,-49.912514,-49.695606,0.05667761,0.106616214,6.7201095
1861,-49.792328,-49.705276,0.0518518,0.10612793,6.813143
1862,-49.462585,-49.681007,0.051967524,0.106616214,6.870501
1863,-49.44763,-49.65767,0.051672544,0.10839844,6.919354
1864,-49.492676,-49.64117,0.04895534,0.10644531,6.930676
1865,-49.662548,-49.643307,0.044100937,0.10563965,6.8430724
1866,-49.817837,-49.66076,0.04243231,0.1064209,6.791658
1867,-50.119293,-49.70661,0.057111908,0.10563965,6.697207
1868,-49.70421,-49.70637,0.051401235,0.10322266,6.7318583
1869,-49.853638,-49.7211,0.048212975,0.10646973,6.6301417
1870,-49.992504,-49.74824,0.0500211,0.10629883,6.4892263
1871,-50.223927,-49.79581,0.06538386,0.10649414,6.881399
1872,-50.026825,-49.818913,0.06364856,0.10427246,6.6365128
1873,-49.927124,-49.829735,0.058337577,0.10849609,6.710984
1874,-49.897186,-49.83648,0.05291329,0.107177734,6.6481085
1875,-50.138657,-49.866695,0.055839967,0.1083252,6.6458073
1876,-49.892044,-49.869232,0.050313797,0.10720215,6.7221127
1877,-50.19789,-49.9021,0.055003926,0.109033205,7.205123
1878,-50.162544,-49.928143,0.055608362,0.1083252,6.562822
1879,-50.229214,-49.95825,0.05820547,0.10671387,6.7405915
1880,-49.974358,-49.959858,0.052408278,0.109960936,6.8316956
1881,-50.084267,-49.972298,0.048560426,0.1095459,6.865155
1882,-50.127975,-49.987865,0.045885585,0.108349614,6.889458
1883,-50.011646,-49.990242,0.041347925,0.10925293,6.6841993
1884,-49.79168,-49.970387,0.04076157,0.10974121,6.768855
1885,-49.718704,-49.945217,0.04238637,0.10671387,6.6709733
1886,-49.830242,-49.93372,0.039337464,0.107177734,6.8116355
1887,-49.78428,-49.918777,0.037413646,0.109204106,6.82884
1888,-49.697227,-49.89662,0.038089875,0.10541993,6.9661245
1889,-50.071266,-49.914085,0.03702595,0.11000977,6.64323
1890,-49.787857,-49.901463,0.03475738,0.10849609,6.653916
1891,-49.857033,-49.89702,0.0314593,0.108349614,6.6558056
1892,-49.816513,-49.88897,0.02889667,0.103637695,6.726255
1893,-50.11086,-49.91116,0.03043815,0.11018067,6.8147497
1894,-49.9677,-49.916813,0.027682059,0.10681152,6.728423
1895,-50.103474,-49.93548,0.028049655,0.10703125,6.5959225
1896,-50.118065,-49.953735,0.028245099,0.10986328,6.4557395
1897,-50.27606,-49.98597,0.03477087,0.11020508,6.6699004
1898,-50.204384,-50.007812,0.035587214,0.10751953,6.676355
1899,-50.25289,-50.032322,0.037434228,0.107910156,6.5898156
1900,-50.34491,-50.06358,0.0424848,0.10732422,6.6116886
1901,-50.336105,-50.09083,0.044920646,0.10634766,6.5674067
1902,-50.30314,-50.11206,0.044485264,0.1081543,6.4180603
1903,-50.34091,-50.134945,0.0447503,0.106933594,6.443334
1904,-50.530727,-50.174522,0.05437321,0.10905762,6.6345387
1905,-50.32409,-50.18948,0.0509492,0.10546875,6.6909113
1906,-50.54172,-50.224705,0.057020947,0.1098877,6.454003
1907,-50.414375,-50.24367,0.054556593,0.109643556,6.594751
1908,-50.33678,-50.252983,0.04988117,0.110522464,6.6269593
1909,-50.508602,-50.278545,0.05077375,0.11013184,6.821354
1910,-50.31356,-50.282047,0.04580672,0.10961914,6.5535874
1911,-50.46234,-50.300076,0.04415158,0.110839844,6.5743623
1912,-50.611908,-50.33126,0.048487972,0.10715332,6.579383
1913,-50.35748,-50.33388,0.043701038,0.105688475,6.387538
1914,-50.48513,-50.349007,0.041389793,0.10759278,6.7042527
1915,-50.312035,-50.34531,0.037373837,0.10783692,6.6086955
1916,-50.433846,-50.354164,0.034341916,0.10864258,6.499184
1917,-50.50152,-50.3689,0.032861914,0.10803223,6.6794415
1918,-50.630074,-50.39502,0.035714757,0.105493166,6.6308136
1919,-50.586235,-50.414143,0.035433985,0.10688477,6.5279593
1920,-50.704544,-50.443184,0.039480556,0.1095459,6.558922
1921,-50.537804,-50.452644,0.036338262,0.1045166,6.6561136
1922,-50.557156,-50.463097,0.03368747,0.1064209,6.5982275
1923,-50.507904,-50.46758,0.030499415,0.10578614,6.6818776
1924,-50.568665,-50.477688,0.028369121,0.10708008,6.661593
1925,-50.506832,-50.480602,0.025608653,0.10703125,6.6112022
1926,-50.691414,-50.501682,0.027047526,0.10725098,6.6081443
1927,-50.480015,-50.499516,0.024385026,0.10749512,6.5770903
1928,-50.5048,-50.500046,0.021949036,0.1076416,6.428956
1929,-50.526546,-50.502697,0.019817337,0.10825195,6.4373603
1930,-50.5523,-50.507656,0.018057039,0.10744629,6.6459775
1931,-50.681778,-50.52507,0.018979993,0.10559082,6.627594
1932,-50.831352,-50.5557,0.025524775,0.10874023,6.350433
1933,-50.652756,-50.565403,0.023820108,0.11032715,6.43443
1934,-50.6724,-50.576103,0.022468477,0.1067627,6.5679607
1935,-50.47924,-50.566418,0.021066045,0.10703125,6.4860935
1936,-50.69725,-50.579502,0.020499988,0.10842285,6.3730125
1937,-50.691772,-50.59073,0.019584404,0.109033205,6.3770313
1938,-50.768494,-50.608505,0.020469995,0.107055664,6.2253485
1939,-50.455555,-50.59321,0.020528438,0.10876465,6.4904604
1940,-50.466484,-50.580536,0.019920906,0.1078125,6.524729
1941,-50.67398,-50.58988,0.018714689,0.109716795,6.611652
1942,-50.44553,-50.575447,0.018718593,0.10893555,6.464842
1943,-50.57422,-50.575325,0.01684687,0.1067627,6.5617285
1944,-50.610107,-50.578804,0.015271066,0.10769043,6.380734
1945,-50.769127,-50.597836,0.017004011,0.10737305,6.4012055
1946,-50.614418,-50.599495,0.015328358,0.10432129,6.4362254
1947,-50.791946,-50.61874,0.017128903,0.10756836,6.295854
1948,-50.69767,-50.626633,0.015976707,0.10720215,6.456437
1949,-50.69678,-50.633648,0.014821908,0.107543945,6.4694896
1950,-50.732277,-50.64351,0.014215208,0.10725098,6.5377073
1951,-50.63519,-50.642677,0.012799916,0.10646973,6.5261836
1952,-50.86103,-50.664513,0.015810957,0.10603028,6.3053446
1953,-50.856895,-50.68375,0.017560864,0.10671387,6.435252
1954,-51.131844,-50.72856,0.03387567,0.109277345,6.420172
1955,-50.964752,-50.752182,0.035508852,0.10622559,6.3807864
1956,-50.862064,-50.76317,0.03304464,0.10771485,6.3601103
1957,-50.938953,-50.780746,0.03252121,0.10622559,6.4019446
1958,-51.03846,-50.80652,0.035246544,0.10810547,6.7076373
1959,-51.004807,-50.826347,0.03526052,0.11057129,6.7049694
1960,-51.110355,-50.854748,0.03899392,0.109033205,6.689101
1961,-51.15503,-50.884777,0.043209735,0.10844727,6.5642614
1962,-51.23032,-50.91933,0.04963475,0.1050293,6.790465
1963,-51.40042,-50.967438,0.06550161,0.105053715,6.3672223
1964,-51.167225,-50.987415,0.06254379,0.10664063,6.5424504
1965,-51.16025,-51.0047,0.05897792,0.10629883,6.5897155
1966,-51.09114,-51.013344,0.053752612,0.107470706,6.6377945
1967,-51.2754,-51.03955,0.05455788,0.1067627,6.4546185
1968,-50.79467,-51.015064,0.05449908,0.106738284,6.451623
1969,-50.782345,-50.99179,0.05392342,0.108837895,6.4804673
1970,-50.724953,-50.965107,0.054939307,0.10656738,6.385418
1971,-50.86122,-50.95472,0.05041668,0.10786133,6.39491
1972,-50.90979,-50.950226,0.045556687,0.109960936,6.440993
1973,-51.0468,-50.959885,0.04184039,0.11015625,6.4522576
1974,-51.171013,-50.981,0.041668113,0.10720215,6.4149504
1975,-51.101067,-50.993004,0.038798764,0.10744629,6.1345606
1976,-51.32309,-51.026012,0.044724982,0.10856934,6.5256195
1977,-51.348145,-51.058228,0.0495917,0.109716795,6.525637
1978,-51.020138,-51.05442,0.044763103,0.10651856,6.469239
1979,-51.27398,-51.076378,0.044625334,0.10678711,6.2096744
1980,-51.184704,-51.08721,0.041218907,0.10898437,6.267202
1981,-50.94363,-51.072853,0.03895242,0.10603028,6.2643065
1982,-51.025932,-51.06816,0.03525532,0.105053715,6.445419
1983,-51.05917,-51.06726,0.031737063,0.10476074,6.325842
1984,-51.170708,-51.077606,0.02952647,0.11044922,6.2773676
1985,-51.12774,-51.08262,0.026800018,0.105737306,6.362462
1986,-51.132023,-51.08756,0.024339685,0.10864258,6.4117293
1987,-51.306374,-51.10944,0.02621491,0.105297856,6.4182415
1988,-51.43729,-51.142223,0.033267144,0.10744629,6.1791925
1989,-51.323467,-51.160347,0.03289687,0.107226565,6.227129
1990,-51.292946,-51.173607,0.031189604,0.1038086,6.3476686
1991,-51.200356,-51.17628,0.028135037,0.10737305,6.3919787
1992,-51.38428,-51.197083,0.0292153,0.10795899,6.2411914
1993,-51.2498,-51.202354,0.026543908,0.1109375,6.374055
1994,-51.39295,-51.221413,0.027158855,0.10905762,6.233764
1995,-51.40869,-51.24014,0.027599568,0.10830078,6.3639936
1996,-51.41252,-51.257378,0.02751402,0.10749512,6.5289006
1997,-51.09597,-51.241238,0.02710733,0.11105957,6.2973733
1998,-51.312428,-51.248356,0.024852715,0.109033205,6.336237
1999,-51.145195,-51.23804,0.023325238,0.11044922,6.4103494
2000,-51.16391,-51.23063,0.0214873,0.109838866,6.3388658
2001,-51.342422,-51.24181,0.02046337,0.11135254,6.26795
2002,-51.255928,-51.24322,0.018434972,0.111010745,6.481653
2003,-51.595222,-51.27842,0.02774291,0.10854492,6.4911213
2004,-51.32026,-51.282604,0.025126167,0.1081543,6.3849177
2005,-51.41777,-51.29612,0.024257839,0.109155275,6.4192934
2006,-51.33881,-51.30039,0.021996077,0.10827637,6.274904
2007,-51.24228,-51.29458,0.020100372,0.10649414,6.282292
2008,-51.125496,-51.27767,0.02066334,0.10712891,6.2922244
2009,-51.28715,-51.278618,0.018605093,0.10854492,6.313906
2010,-51.40175,-51.29093,0.018109089,0.108593754,6.347509
2011,-51.547733,-51.316612,0.022233415,0.109472655,6.40315
2012,-51.521366,-51.33709,0.023783248,0.109277345,6.1565676
2013,-51.408737,-51.344254,0.021866927,0.112695314,6.1861997
2014,-51.562286,-51.36606,0.023958683,0.11191406,6.19595
2015,-51.447334,-51.374187,0.022157334,0.10898437,6.244364
2016,-51.576878,-51.394455,0.023639096,0.108471684,6.2613416
2017,-51.477455,-51.402756,0.021895198,0.109228514,6.1503124
2018,-51.663544,-51.428833,0.02582661,0.109350584,6.359096
2019,-51.364838,-51.422432,0.023612535,0.109960936,6.2058535
2020,-51.473236,-51.427513,0.021483576,0.109472655,5.9749074
2021,-51.408653,-51.42563,0.01936723,0.10825195,6.1047363
2022,-51.514156,-51.434483,0.01813585,0.10588379,6.147608
2023,-51.634575,-51.45449,0.019925589,0.109838866,6.340054
2024,-51.452587,-51.4543,0.017933356,0.10874023,6.220938
2025,-51.652546,-51.474125,0.019677153,0.11010742,6.041101
2026,-51.66371,-51.493084,0.020944316,0.109350584,6.4418283
2027,-51.749527,-51.51873,0.024768557,0.10913086,6.321556
2028,-51.531937,-51.52005,0.022307398,0.11320801,6.26031
2029,-51.6222,-51.530266,0.021015773,0.10842285,6.3338246
2030,-51.422993,-51.51954,0.019949872,0.10712891,6.0671053
2031,-51.66262,-51.533848,0.019797398,0.10839844,6.155988
2032,-51.6445,-51.544914,0.018919623,0.10732422,6.2807
2033,-51.822453,-51.57267,0.023960136,0.11027832,6.2412024
2034,-51.701546,-51.585556,0.023058927,0.1098877,6.08349
2035,-51.639908,-51.590992,0.021018904,0.10869141,6.16816
2036,-51.553192,-51.58721,0.019045608,0.11054688,6.087681
2037,-51.550346,-51.583527,0.01726336,0.10881348,6.298226
2038,-51.53775,-51.57895,0.015725616,0.106982425,6.206129
2039,-51.51639,-51.572693,0.014505261,0.10646973,6.033501
2040,-51.628166,-51.57824,0.013331691,0.107543945,6.2590857
2041,-51.738075,-51.594223,0.014297795,0.10820313,6.23756
2042,-51.792053,-51.614006,0.016390326,0.109033205,6.226144
2043,-51.94761,-51.647366,0.024767473,0.10966797,6.316139
2044,-51.651844,-51.64781,0.02229253,0.10712891,6.328716
2045,-51.565334,-51.639565,0.020675506,0.10681152,6.320712
2046,-51.636227,-51.63923,0.018608958,0.10820313,6.407934
2047,-51.69905,-51.64521,0.017070143,0.10683594,6.2240067
2048,-51.75643,-51.656334,0.016476445,0.10852051,6.3074126
2049,-51.684013,-51.659103,0.014897753,0.107348636,6.129216
2050,-51.76942,-51.670135,0.014503267,0.10725098,6.1420064
2051,-51.695606,-51.672684,0.013111328,0.10695801,6.1972456
2052,-51.88952,-51.694366,0.016031764,0.1098877,6.0140414
2053,-51.88695,-51.713623,0.017766595,0.10808106,6.1177163
2054,-51.781384,-51.720398,0.016403168,0.10820313,6.191013
2055,-51.701256,-51.718483,0.014795829,0.10854492,6.108847
2056,-51.70937,-51.71757,0.013323721,0.11035156,6.188536
2057,-51.73181,-51.718994,0.012009599,0.10786133,6.0284615
2058,-51.909447,-51.73804,0.014073136,0.10703125,6.20003
2059,-51.84429,-51.748665,0.013681852,0.11069336,6.2699146
2060,-51.883743,-51.762173,0.013955823,0.11140137,6.2626276
2061,-52.005054,-51.78646,0.01786948,0.109960936,6.264441
2062,-51.851116,-51.792927,0.01645876,0.109838866,6.191142
2063,-51.865578,-51.800194,0.015287917,0.11213379,6.183248
2064,-51.812004,-51.801376,0.013771678,0.10993653,6.316156
2065,-52.0093,-51.82217,0.016285421,0.11213379,6.3058796
2066,-51.754642,-51.81542,0.015067278,0.10893555,6.093901
2067,-52.001938,-51.83407,0.01669161,0.108789064,6.166332
2068,-51.881042,-51.838764,0.015221042,0.10756836,6.2094135
2069,-52.05297,-51.860184,0.017828543,0.10720215,5.9564366
2070,-51.932014,-51.867367,0.016510056,0.11022949,5.9081664
2071,-51.82003,-51.862633,0.015060717,0.11066895,6.289874
2072,-51.851784,-51.86155,0.013565239,0.1100586,6.1597247
2073,-52.15795,-51.89119,0.020115586,0.10827637,6.3746724
2074,-51.842575,-51.88633,0.018316729,0.11130371,6.3301206
2075,-51.769955,-51.87469,0.017703937,0.10881348,6.152872
2076,-51.888844,-51.876106,0.01595157,0.109472655,6.267483
2077,-51.872177,-51.875713,0.014357802,0.10942383,6.0478516
2078,-51.72044,-51.860188,0.015091908,0.10991211,6.221615
2079,-51.863678,-51.860535,0.013583814,0.10793457,5.9806056
2080,-51.792892,-51.85377,0.012637224,0.106933594,6.0181007
2081,-51.923462,-51.86074,0.011810613,0.10759278,6.1222425
2082,-51.929993,-51.867664,0.011061178,0.106982425,6.1203165
2083,-51.9746,-51.878357,0.010984264,0.109472655,5.9128366
2084,-51.883007,-51.878822,0.009887784,0.11020508,5.923
2085,-51.988518,-51.889793,0.009981983,0.10610352,6.1183534
2086,-52.109535,-51.911766,0.013329566,0.10732422,5.9483876
2087,-51.976654,-51.918255,0.01237555,0.10881348,5.7840347
2088,-51.92408,-51.91884,0.011141049,0.11069336,5.889434
2089,-51.92796,-51.91975,0.010034431,0.10788574,5.91085
2090,-51.9524,-51.923016,0.00912693,0.109106444,5.7864046
2091,-52.104126,-51.941128,0.011166324,0.107299805,6.0560865
2092,-52.066788,-51.953693,0.011470829,0.110766605,6.1274977
2093,-51.998238,-51.95815,0.0105023235,0.110766605,5.9640465
2094,-52.036095,-51.965942,0.009998889,0.1064209,5.9875755
2095,-52.15866,-51.985214,0.012341638,0.10844727,6.0093904
2096,-52.11675,-51.998367,0.012664596,0.11037598,6.1952467
2097,-52.061184,-52.00465,0.0117532695,0.109155275,6.0880394
2098,-52.243813,-52.028564,0.015725823,0.1116211,5.9839406
2099,-52.096863,-52.035393,0.01457306,0.108715825,6.0337267
2100,-51.930023,-52.024857,0.014115,0.10646973,6.035065
2101,-51.87761,-52.01013,0.014654859,0.10866699,5.924988
2102,-52.00734,-52.009853,0.013190074,0.11315918,6.032497
2103,-51.98047,-52.006916,0.011948777,0.11044922,6.1183343
2104,-51.886368,-51.99486,0.012061769,0.10712891,6.150785
2105,-52.07514,-52.00289,0.011435635,0.11018067,5.9848495
2106,-52.029446,-52.005547,0.010355533,0.10668945,6.021907
2107,-52.09588,-52.01458,0.0100543685,0.11186524,6.047518
2108,-52.246788,-52.0378,0.013901792,0.110961914,5.908107
2109,-52.032097,-52.03723,0.012514539,0.11196289,5.9323006
2110,-52.002075,-52.033714,0.011374321,0.110888675,6.083429
2111,-51.9433,-52.024673,0.010972642,0.11047363,6.2254033
2112,-52.171844,-52.03939,0.011824716,0.11149903,6.0459614
2113,-52.177773,-52.05323,0.012365705,0.10942383,6.2847767
2114,-52.317852,-52.079693,0.017431354,0.108349614,6.181542
2115,-52.14673,-52.086395,0.016092658,0.11123047,6.0974984
2116,-52.180077,-52.095764,0.015273249,0.109521486,6.1598415
2117,-52.330544,-52.119244,0.018706845,0.10993653,6.296637
2118,-52.243256,-52.131645,0.018220266,0.109350584,6.0663686
2119,-52.231483,-52.14163,0.01729533,0.108959965,6.110604
2120,-52.370064,-52.16447,0.020262249,0.11186524,6.123848
2121,-51.992348,-52.14726,0.020902392,0.106982425,5.920949
2122,-52.007607,-52.133293,0.0205674,0.112988286,6.045875
2123,-51.978024,-52.117767,0.020680439,0.10725098,5.9097104
2124,-51.89418,-52.09541,0.023111599,0.10925293,6.010284
2125,-52.12165,-52.098034,0.020862412,0.10827637,5.9843874
2126,-52.13736,-52.101967,0.018915357,0.10761719,6.034412
2127,-52.255466,-52.117317,0.019144412,0.11071777,6.0598445
2128,-52.248375,-52.130424,0.018775823,0.105737306,6.0508065
2129,-52.145542,-52.131935,0.016918808,0.10825195,6.0074854
2130,-52.230072,-52.14175,0.016093703,0.11152344,6.0948367
2131,-52.33592,-52.161167,0.017877445,0.10913086,5.9879117
2132,-52.710434,-52.216095,0.043242164,0.11054688,5.9608417
2133,-52.68833,-52.263317,0.058988616,0.10981446,6.065239
2134,-52.13649,-52.250633,0.054537416,0.10881348,6.1151986
2135,-52.17335,-52.242905,0.0496212,0.111376956,6.076789
2136,-52.29727,-52.24834,0.044925097,0.10664063,6.0062094
2137,-52.37953,-52.26146,0.04198159,0.109155275,6.069001
2138,-52.28209,-52.263523,0.037821732,0.109472655,5.9411345
2139,-52.226696,-52.259842,0.03416162,0.10876465,6.037157
2140,-52.278618,-52.26172,0.030777184,0.10732422,6.006523
2141,-51.936256,-52.22917,0.037232783,0.10773926,6.058755
2142,-52.02932,-52.209187,0.03710418,0.105566405,5.9138284
2143,-52.092712,-52.19754,0.03461472,0.108349614,5.986249
2144,-51.968185,-52.174606,0.035887573,0.10900879,6.168991
2145,-52.057503,-52.162895,0.033533007,0.108837895,6.066008
2146,-52.185608,-52.165165,0.030226134,0.111694336,6.00453
2147,-52.540936,-52.202744,0.039911836,0.10881348,5.9707475
2148,-52.27532,-52.21,0.03639469,0.10898437,6.0120106
2149,-52.505295,-52.23953,0.04060318,0.111132815,6.167005
2150,-52.6678,-52.282356,0.053050403,0.109521486,5.900714
2151,-52.438854,-52.298004,0.04994961,0.10986328,5.9223723
2152,-52.466064,-52.31481,0.047496628,0.109228514,6.0463343
2153,-52.445915,-52.327923,0.044293895,0.11025391,6.1013045
2154,-52.43539,-52.33867,0.04090394,0.111694336,6.0453825
2155,-52.284714,-52.333275,0.03707555,0.1078125,6.135719
2156,-52.397617,-52.33971,0.033740588,0.10678711,6.056928
2157,-52.503143,-52.356052,0.032770462,0.10805664,5.9569316
2158,-52.384407,-52.358887,0.029565774,0.10976563,6.167509
2159,-52.461723,-52.36917,0.02756098,0.11176758,6.084496
2160,-52.267105,-52.358963,0.025742453,0.106738284,6.0620418
2161,-52.35932,-52.358997,0.02316822,0.10979004,6.1136165
2162,-52.26164,-52.349262,0.021704482,0.10932618,5.980854
2163,-52.36264,-52.3506,0.019550141,0.11020508,6.0140886
2164,-52.221897,-52.33773,0.019085953,0.108471684,6.030252
2165,-52.300613,-52.33402,0.017301347,0.10732422,5.992956
2166,-52.29055,-52.329674,0.015741268,0.10803223,6.0117106
2167,-52.34103,-52.33081,0.014178748,0.109643556,6.0133195
2168,-52.520023,-52.34973,0.015983006,0.10769043,5.8659697
2169,-52.40857,-52.355614,0.014696276,0.11042481,5.9196687
2170,-52.65547,-52.3856,0.021318987,0.11062012,5.8250823
2171,-52.820152,-52.429054,0.036182217,0.10854492,5.8573203
2172,-52.681927,-52.45434,0.038319,0.10795899,6.0090256
2173,-52.621696,-52.471077,0.03700778,0.10820313,6.0008507
2174,-52.830345,-52.507004,0.044923626,0.10991211,5.72833
2175,-52.812737,-52.53758,0.048843786,0.10839844,5.884129
2176,-52.678646,-52.551685,0.04575041,0.11433106,5.919285
2177,-52.37927,-52.534443,0.043850843,0.11118164,5.9781966
2178,-52.54503,-52.5355,0.039475843,0.10585938,5.922968
2179,-52.565628,-52.538513,0.035609953,0.10864258,6.0974207
2180,-52.53483,-52.538143,0.03205018,0.1081543,6.065278
2181,-52.847435,-52.569073,0.03745469,0.10751953,6.140927
2182,-52.75202,-52.587368,0.036721554,0.1128418,5.9437356
2183,-52.718895,-52.60052,0.034606338,0.11098633,5.7774687
2184,-52.54371,-52.59484,0.03143619,0.112377934,5.8744273
2185,-52.677345,-52.603092,0.028905196,0.10864258,6.0010996
2186,-52.643642,-52.607147,0.026162665,0.107788086,5.8883567
2187,-52.498417,-52.596275,0.024610404,0.10986328,6.0657363
2188,-52.719833,-52.60863,0.023523357,0.1095459,5.9928064
2189,-52.713165,-52.619083,0.022154486,0.11044922,6.162497
2190,-52.590805,-52.616257,0.020011008,0.11159668,5.9153156
2191,-52.701683,-52.624798,0.018666696,0.10957032,6.0767355
2192,-52.569748,-52.619293,0.017072769,0.11018067,5.9724827
2193,-52.496735,-52.607037,0.016717346,0.11025391,6.08873
2194,-52.5675,-52.603085,0.0151862865,0.10961914,5.774733
2195,-52.528854,-52.59566,0.014163569,0.10969239,6.0203037
2196,-52.61921,-52.598015,0.012797118,0.11032715,6.132411
2197,-52.739414,-52.612156,0.013316846,0.10744629,6.150858
2198,-52.70112,-52.62105,0.012697452,0.112744145,6.269977
2199,-52.707474,-52.629692,0.012099895,0.11264648,6.0608926
2200,-52.550045,-52.621727,0.011460834,0.11054688,6.140031
2201,-52.59385,-52.61894,0.010384696,0.1079834,6.191544
2202,-52.416283,-52.59867,0.013042469,0.110644534,6.044922
2203,-52.480804,-52.586884,0.012988548,0.108789064,6.1152124
2204,-52.517414,-52.579937,0.012124033,0.109399416,5.973084
2205,-52.66907,-52.588852,0.011626671,0.10993653,6.0594935
2206,-52.512257,-52.581192,0.010992019,0.11035156,6.0256834
2207,-52.535995,-52.57667,0.0100766625,0.10822754,5.807576
2208,-52.658962,-52.5849,0.009678453,0.10773926,5.8459845
2209,-52.54624,-52.581036,0.008845109,0.10715332,5.9623046
2210,-52.556427,-52.578575,0.0080151,0.10852051,5.949363
2211,-52.77711,-52.598427,0.010761076,0.11364746,6.0357237
2212,-52.70839,-52.609425,0.010773225,0.11149903,5.8937736
2213,-52.831024,-52.631584,0.014115477,0.11152344,5.872482
2214,-52.817486,-52.650173,0.015814276,0.11015625,5.9357295
2215,-52.74298,-52.659454,0.0150080435,0.111254886,5.929397
2216,-52.794586,-52.672966,0.015150693,0.109082036,6.0121284
2217,-52.666695,-52.67234,0.013639163,0.111010745,6.008765
2218,-52.75474,-52.68058,0.012886344,0.11201172,6.129736
2219,-52.660675,-52.67859,0.011633369,0.112255864,6.227023
2220,-52.762634,-52.686993,0.011105759,0.109960936,6.068201
2221,-52.83567,-52.70186,0.011984641,0.10898437,5.919067
2222,-52.79836,-52.71151,0.011624285,0.1116211,6.106949
2223,-52.65611,-52.70597,0.01073809,0.111132815,5.8866024
2224,-52.747726,-52.710148,0.009821199,0.10820313,6.028696
2225,-52.759163,-52.71505,0.009055302,0.1105957,6.0623684
2226,-52.743317,-52.717876,0.008221683,0.11091309,5.8848257
2227,-52.762985,-52.72239,0.007582647,0.11035156,5.810877
2228,-52.634846,-52.713634,0.0075141294,0.10861816,5.842655
2229,-52.893013,-52.73157,0.009658615,0.109375,5.873758
2230,-52.86622,-52.745037,0.010324446,0.106738284,5.7328453
2231,-52.6928,-52.739815,0.009537598,0.107421875,5.840538
2232,-52.665985,-52.732433,0.009074411,0.10830078,5.8472633
2233,-52.599075,-52.719097,0.009767562,0.11105957,5.843818
2234,-52.65995,-52.71318,0.009105657,0.108789064,5.7047567
2235,-53.12229,-52.754093,0.023258558,0.1123291,6.1158633
2236,-53.07421,-52.786106,0.030155499,0.11357422,5.7054815
2237,-53.000786,-52.807575,0.03128781,0.11042481,5.63706
2238,-52.826096,-52.809425,0.0281899,0.111450195,5.693948
2239,-52.932766,-52.82176,0.02674007,0.10876465,5.729679
2240,-52.783974,-52.817978,0.024194553,0.10771485,5.674292
2241,-52.777184,-52.8139,0.021924874,0.10991211,5.7926083
2242,-52.902405,-52.82275,0.020437364,0.111694336,5.893453
2243,-52.98593,-52.83907,0.020790158,0.11193848,6.0133157
2244,-52.954758,-52.85064,0.019915683,0.110766605,5.7877154
2245,-52.888992,-52.854473,0.0180565,0.10874023,5.771317
2246,-52.904133,-52.85944,0.016472798,0.11411133,5.889478
2247,-53.19832,-52.893326,0.025161002,0.11000977,6.051396
2248,-52.969078,-52.9009,0.023161357,0.10817871,5.986454
2249,-52.88588,-52.8994,0.020865532,0.11430664,6.051112
2250,-52.80571,-52.89003,0.019568965,0.112817384,6.013834
2251,-52.766815,-52.87771,0.018978436,0.1109375,5.788913
2252,-53.02793,-52.89273,0.019111611,0.11230469,5.9531636
2253,-52.66129,-52.869587,0.022021314,0.11049805,5.8159103
2254,-52.872635,-52.869892,0.01982002,0.11347657,5.859694
2255,-53.127617,-52.895664,0.023816003,0.110888675,5.8923426
2256,-53.054058,-52.911503,0.023692377,0.111816406,5.912315
2257,-52.97336,-52.917686,0.021667486,0.109106444,6.061236
2258,-53.009003,-52.92682,0.020251216,0.11057129,5.8493505
2259,-52.931572,-52.927296,0.018228129,0.11352539,5.8382125
2260,-52.823177,-52.916885,0.017380971,0.11369629,5.951407
2261,-52.977154,-52.922913,0.01596978,0.110766605,5.9049773
2262,-52.727303,-52.90335,0.017816497,0.11206055,5.919302
2263,-52.76245,-52.88926,0.017821591,0.11247559,5.864385
2264,-52.993614,-52.899696,0.017019525,0.113500975,6.000466
2265,-53.004982,-52.910225,0.016315227,0.11398926,6.0044737
2266,-52.970303,-52.916233,0.015008544,0.11481934,6.04201
2267,-52.97692,-52.922302,0.013839162,0.11252441,6.145023
2268,-52.72432,-52.902504,0.015982991,0.11091309,5.8319407
2269,-52.846558,-52.896908,0.014666391,0.11271973,5.9360642
2270,-53.03463,-52.91068,0.014906813,0.113378905,6.0421214
2271,-53.02775,-52.922386,0.0146496,0.112500004,5.96774
2272,-53.216114,-52.95176,0.020949485,0.11054688,5.9791393
2273,-52.88532,-52.945114,0.019251827,0.113378905,6.0176215
2274,-53.082764,-52.958878,0.01903191,0.11372071,5.981422
2275,-53.04,-52.96699,0.017721009,0.11186524,6.073425
2276,-53.255947,-52.995888,0.023463493,0.1144043,5.932451
2277,-53.09543,-53.00584,0.022008896,0.11010742,5.888892
2278,-53.044735,-53.00973,0.019944157,0.11230469,5.9556975
2279,-53.046497,-53.01341,0.018071398,0.109838866,5.9573317
2280,-53.02018,-53.014084,0.016268384,0.1109375,5.9019914
2281,-53.11601,-53.024277,0.0155765265,0.110961914,5.9237065
2282,-52.937515,-53.015602,0.014696352,0.11291504,5.650236
2283,-53.12431,-53.026474,0.014290274,0.11259766,6.0086646
2284,-53.09709,-53.033535,0.013310064,0.11303711,5.6479597
2285,-53.25557,-53.05574,0.016415995,0.11218262,5.9125266
2286,-52.912666,-53.04143,0.01661671,0.11149903,5.8354597
2287,-53.075554,-53.044846,0.015059829,0.10991211,5.9102693
2288,-53.142536,-53.054615,0.014412756,0.10842285,6.067635
2289,-53.250164,-53.07417,0.016413027,0.110961914,5.8155417
2290,-53.29548,-53.0963,0.019179743,0.11401367,6.0815988
2291,-53.165577,-53.103226,0.017693726,0.11418457,5.8063407
2292,-53.031433,-53.096046,0.01638823,0.1123291,5.9669247
2293,-53.282562,-53.114697,0.01788034,0.113745116,6.0129395
2294,-53.06369,-53.109596,0.016326454,0.116284184,5.987418
2295,-53.146675,-53.113304,0.014817543,0.11550293,5.774771
2296,-53.051754,-53.107147,0.013676746,0.112695314,5.748182
2297,-52.98344,-53.094776,0.013686375,0.11271973,5.862915
2298,-52.95276,-53.080574,0.014132941,0.11586914,5.759167
2299,-53.135075,-53.086025,0.012986975,0.11577149,5.910623
2300,-53.00532,-53.077953,0.012274455,0.11589356,5.8917346
2301,-52.78921,-53.04908,0.018550487,0.11599121,5.841155
2302,-53.003387,-53.04451,0.01688334,0.11184082,5.9677954
2303,-53.147682,-53.05483,0.016153013,0.11140137,5.771468
2304,-53.077072,-53.057053,0.014582241,0.11291504,5.800853
2305,-52.956013,-53.046947,0.014042832,0.11032715,5.7821245
2306,-52.98211,-53.040462,0.01301691,0.109228514,5.843768
2307,-53.01046,-53.03746,0.011796232,0.111083984,5.8272367
2308,-52.93341,-53.027054,0.011590979,0.10900879,5.761022
2309,-53.12067,-53.036415,0.011220645,0.11186524,5.822631
2310,-53.178627,-53.050636,0.011918761,0.11079102,5.7341104
2311,-53.126637,-53.058235,0.011246728,0.11152344,5.5271053
2312,-53.358955,-53.088306,0.018260993,0.110839844,5.8007445
2313,-53.23814,-53.10329,0.018455405,0.110766605,5.976969
2314,-53.362938,-53.129257,0.022677373,0.11191406,5.86253
2315,-53.22748,-53.13908,0.021277962,0.11027832,5.833322
2316,-53.3592,-53.16109,0.0235109,0.11022949,5.72406
2317,-53.59903,-53.204884,0.038420934,0.10969239,5.7889733
2318,-53.348423,-53.21924,0.03643316,0.1138916,5.8899436
2319,-53.37878,-53.23519,0.035080675,0.110888675,5.7344074
2320,-53.281708,-53.23984,0.031767346,0.10788574,5.7648516
2321,-53.30052,-53.24591,0.028922,0.11188965,5.6767154
2322,-53.56466,-53.277786,0.035173852,0.108349614,5.888066
2323,-53.735836,-53.323593,0.050539326,0.109082036,5.615564
2324,-53.655945,-53.356827,0.05542658,0.11208496,5.558451
2325,-53.411705,-53.362316,0.050154965,0.11022949,5.528454
2326,-53.394,-53.365486,0.045229822,0.114550784,5.7415633
2327,-53.349113,-53.36385,0.040730964,0.11203613,5.8583813
2328,-53.32965,-53.360428,0.036763128,0.11289062,5.6798615
2329,-53.349766,-53.35936,0.033097047,0.10930176,5.8051767
2330,-53.450165,-53.36844,0.030529441,0.11018067,5.6850276
2331,-53.50772,-53.382366,0.029222455,0.11000977,5.6018043
2332,-53.54709,-53.398838,0.028742222,0.11152344,5.656159
2333,-53.352467,-53.3942,0.026061527,0.11252441,5.7546144
2334,-53.22695,-53.377476,0.025972838,0.11074219,5.7846375
2335,-53.34071,-53.3738,0.023497209,0.11271973,5.8395
2336,-53.299637,-53.366383,0.02164248,0.11164551,5.581483
2337,-53.472424,-53.376987,0.020490253,0.111816406,5.6663537
2338,-53.200375,-53.359325,0.021248516,0.10993653,5.8031745
2339,-53.12193,-53.335587,0.02419579,0.10727539,5.8186984
2340,-53.16112,-53.31814,0.02451564,0.1111084,6.003175
2341,-53.340355,-53.32036,0.022108497,0.1081543,5.892136
2342,-53.172836,-53.305607,0.021856293,0.10837402,5.922476
2343,-53.482002,-53.323246,0.022471044,0.11186524,5.924978
2344,-53.236153,-53.314537,0.020906612,0.11430664,5.9842873
2345,-53.486244,-53.331707,0.021469451,0.10917969,5.926547
2346,-53.352314,-53.333767,0.019360725,0.10930176,5.848272
2347,-53.427864,-53.343178,0.018221537,0.11149903,5.8564487
2348,-53.38099,-53.34696,0.016528055,0.109375,5.8725166
2349,-53.540604,-53.36632,0.01825012,0.10842285,5.815683
2350,-53.38643,-53.368332,0.016461495,0.10732422,5.7093067
2351,-53.56104,-53.387604,0.018157586,0.11057129,5.858261
2352,-53.267464,-53.37559,0.017640855,0.11184082,5.7942157
2353,-53.314735,-53.369507,0.01621008,0.11254883,5.892858
2354,-53.358368,-53.368393,0.014600237,0.111816406,5.6560836
2355,-53.462776,-53.37783,0.01394195,0.113183595,5.5824823
2356,-53.133244,-53.35337,0.017931804,0.11188965,5.6136627
2357,-53.39155,-53.35719,0.0162698,0.11201172,5.690947
2358,-53.47587,-53.369057,0.015910443,0.10930176,5.789801
2359,-53.644806,-53.396633,0.021162784,0.11201172,5.923665
2360,-53.276123,-53.384583,0.020353546,0.11379395,5.644432
2361,-53.444664,-53.39059,0.018643072,0.11123047,5.8344502
2362,-53.335987,-53.38513,0.017047103,0.11279297,5.711281
2363,-53.42902,-53.38952,0.0155157475,0.11218262,5.6805267
2364,-53.319347,-53.3825,0.014407335,0.11264648,5.7238464
2365,-53.326523,-53.376904,0.0132486075,0.112744145,5.753114
2366,-53.19619,-53.358833,0.014862915,0.11271973,5.8473344
2367,-53.249187,-53.34787,0.014458622,0.109716795,5.9534655
2368,-53.31405,-53.344486,0.013115708,0.11289062,5.9490776
2369,-53.438824,-53.35392,0.012605097,0.1126709,5.7115192
2370,-53.311455,-53.349674,0.011506883,0.10981446,5.8603168
2371,-53.37669,-53.352375,0.010421881,0.11062012,5.7750916
2372,-53.14785,-53.331924,0.013144435,0.109033205,5.7071705
2373,-53.225067,-53.32124,0.012857655,0.111816406,5.864817
2374,-53.32317,-53.321434,0.011572224,0.11347657,5.8227763
2375,-53.69491,-53.35878,0.022968464,0.11166992,5.792663
2376,-53.489807,-53.371883,0.022216748,0.10942383,5.605733
2377,-53.5439,-53.389084,0.022658132,0.109716795,5.6157236
2378,-53.643444,-53.41452,0.026215238,0.112377934,5.685339
2379,-53.523407,-53.425407,0.024660783,0.11352539,5.755475
2380,-53.56865,-53.43973,0.024041345,0.10898437,5.526103
2381,-53.779377,-53.473698,0.03201952,0.113134764,5.5840535
2382,-53.683384,-53.494667,0.032774717,0.11259766,5.599641
2383,-53.529457,-53.498146,0.029606175,0.112500004,5.717808
2384,-53.690506,-53.517384,0.029975766,0.113061525,5.6427946
2385,-53.37835,-53.50348,0.028717935,0.111816406,5.6918654
2386,-53.52283,-53.505413,0.025879847,0.11003418,5.7303157
2387,-53.68451,-53.523323,0.026178652,0.11032715,5.5406003
2388,-53.73068,-53.54406,0.027430454,0.11074219,5.581781
2389,-53.50286,-53.53994,0.024840169,0.11245117,5.74506
2390,-53.461803,-53.532127,0.02290563,0.11208496,5.6176467
2391,-53.43203,-53.522118,0.021516824,0.114550784,5.606372
2392,-53.342896,-53.504196,0.022255993,0.111328125,5.5200963
2393,-53.264877,-53.480263,0.025185008,0.10739746,5.6839995
2394,-53.20139,-53.452377,0.02966584,0.11264648,5.626278
2395,-53.351418,-53.44228,0.027616614,0.11315918,5.520177
2396,-53.26521,-53.424572,0.027676811,0.11022949,5.6375566
2397,-53.616516,-53.443768,0.028224958,0.1098877,5.7048197
2398,-53.486984,-53.44809,0.025570555,0.108789064,5.5279737
2399,-53.474266,-53.450706,0.023075167,0.10874023,5.642711
2400,-53.460632,-53.4517,0.020776516,0.109716795,5.600627
2401,-53.508327,-53.45736,0.01898748,0.109960936,5.4673734
2402,-53.389137,-53.45054,0.017507615,0.11213379,5.686811
2403,-53.35639,-53.441124,0.016554577,0.112988286,5.6343703
2404,-53.476067,-53.44462,0.015009007,0.11049805,5.8031793
2405,-53.360157,-53.436172,0.014150139,0.11037598,5.828145
2406,-53.522423,-53.444798,0.013404645,0.11184082,5.6857142
2407,-53.722458,-53.472565,0.019002756,0.11071777,5.814764
2408,-53.593678,-53.484676,0.018422628,0.11472168,5.636951
2409,-53.52195,-53.488403,0.016705403,0.1111084,5.6235943
2410,-53.49579,-53.489143,0.015039771,0.114428714,5.8348136
2411,-53.149246,-53.455154,0.023933502,0.11057129,5.6402364
2412,-53.578888,-53.46753,0.022918051,0.112377934,5.6286125
2413,-53.4289,-53.463665,0.020760534,0.10656738,5.691967
2414,-53.48389,-53.465687,0.018721297,0.11333008,5.7895017
2415,-53.62381,-53.4815,0.019099427,0.11218262,5.6957784
2416,-53.49678,-53.48303,0.017210502,0.109716795,5.652291
2417,-53.501385,-53.484863,0.015519777,0.10969239,5.6284614
2418,-53.485596,-53.484936,0.013967847,0.11020508,5.601263
2419,-53.63631,-53.500072,0.014633353,0.1111084,5.6225333
2420,-53.54683,-53.50475,0.013366775,0.11140137,5.5237303
2421,-53.46762,-53.501038,0.012154164,0.1138916,5.6729436
2422,-53.60152,-53.511086,0.011847461,0.112255864,5.500209
2423,-53.607635,-53.52074,0.011501685,0.1154541,5.6695137
2424,-53.74299,-53.542965,0.014796996,0.10993653,5.6540365
2425,-53.502296,-53.5389,0.013466149,0.11069336,5.5116916
2426,-53.38099,-53.52311,0.014363716,0.11000977,6.2291455
2427,-41.38681,-52.30948,13.269005,0.109594725,556.51337
2428,-53.58745,-52.437275,12.089092,0.111572266,5.643498
2429,-53.314095,-52.524956,10.949376,0.11433106,5.9194283
2430,-53.576523,-52.63011,9.953959,0.11413574,5.9637156
2431,-53.520943,-52.719196,9.029985,0.11176758,5.7740393
2432,-53.612045,-52.80848,8.198732,0.11032715,5.6344347
2433,-53.55783,-52.883415,7.429396,0.11193848,5.8060317
2434,-53.415222,-52.936596,6.71191,0.11220703,5.875472
2435,-53.14505,-52.957443,6.0446296,0.112866215,20.051664
2436,-53.213013,-52.983,5.446045,0.108789064,16.632217
2437,-53.495575,-53.03426,4.925086,0.112817384,9.523667
2438,-53.732193,-53.104053,4.4764175,0.11445313,5.754015
2439,-53.562107,-53.14986,4.047659,0.113549806,5.7428513
2440,-53.751114,-53.209984,3.6754284,0.111010745,5.624701
2441,-53.545704,-53.243557,3.3180292,0.11296387,5.55977
2442,-53.683136,-53.287514,3.0036168,0.11008301,5.619081
2443,-53.714466,-53.330208,2.719661,0.11257324,5.667825
2444,-53.743706,-53.37156,2.463083,0.11203613,5.6635604
2445,-53.93298,-53.4277,2.245142,0.11447754,5.5544605
2446,-53.752472,-53.46018,2.0301206,0.113061525,5.6272206
2447,-53.756195,-53.48978,1.8349948,0.113867186,5.5622
2448,-53.875988,-53.5284,1.6649193,0.11391602,5.568487
2449,-54.058586,-53.58142,1.523726,0.11550293,5.6754184
2450,-53.82409,-53.605686,1.3766533,0.11357422,5.6614094
2451,-53.855774,-53.630695,1.244617,0.11408692,5.685306
2452,-53.747246,-53.64235,1.1213778,0.117016606,5.6170363
2453,-53.727028,-53.650818,1.0098853,0.117016606,5.6181808
2454,-53.81225,-53.66696,0.9112422,0.11452637,5.5570393
2455,-53.735153,-53.673782,0.8205365,0.11481934,5.625517
2456,-53.77955,-53.68436,0.7394896,0.11208496,5.430194
2457,-53.84195,-53.70012,0.66777575,0.11506348,5.537126
2458,-53.87126,-53.71723,0.60363424,0.11481934,5.378839
2459,-53.717064,-53.717216,0.5432708,0.11608887,5.51633
2460,-53.907654,-53.73626,0.4922077,0.112817384,5.438479
2461,-53.94061,-53.756695,0.44674522,0.113623045,5.516306
2462,-54.02052,-53.783077,0.40833497,0.112500004,5.732593
2463,-53.903492,-53.79512,0.36880645,0.118457034,5.445681
2464,-53.969685,-53.812576,0.33466834,0.11323243,5.6536546
2465,-54.009567,-53.832275,0.30469397,0.11328125,5.4968
2466,-53.94866,-53.843914,0.27544367,0.112744145,5.74062
2467,-53.961517,-53.855675,0.24914406,0.11477051,5.65733
2468,-53.756744,-53.845783,0.2251105,0.11357422,5.7205405
2469,-53.947952,-53.856,0.20353891,0.11450195,5.7371306
2470,-53.834812,-53.85388,0.18322541,0.11555176,5.723358
2471,-53.43757,-53.812252,0.18050136,0.11625977,6.367859
2472,-53.762512,-53.807278,0.16267388,0.113305666,5.9301796
2473,-53.752422,-53.801792,0.1466773,0.1178711,5.5559974
2474,-53.647728,-53.786385,0.13414578,0.11496582,5.5791545
2475,-53.692734,-53.77702,0.12152055,0.11230469,5.5358057
2476,-53.86252,-53.78557,0.1100264,0.11520996,5.4215245
2477,-53.673225,-53.774334,0.10015964,0.11245117,5.5484943
2478,-53.940613,-53.790962,0.09263205,0.113500975,5.4734445
2479,-53.88499,-53.800365,0.08416457,0.11235352,5.5911875
2480,-53.778435,-53.798172,0.075791396,0.112939455,5.4316306
2481,-53.827408,-53.801094,0.06828918,0.11247559,5.6736493
2482,-53.695217,-53.790504,0.062469155,0.11428223,5.512128
2483,-53.835373,-53.79499,0.05640342,0.11462402,5.499144
2484,-53.70076,-53.78557,0.051562224,0.11328125,5.411145
2485,-53.8329,-53.790302,0.046607636,0.111572266,5.4530387
2486,-53.715893,-53.78286,0.042445183,0.11357422,5.4917793
2487,-53.8799,-53.792564,0.03904821,0.1133545,5.484361
2488,-53.76815,-53.790123,0.03519703,0.111328125,5.4981
2489,-53.5818,-53.76929,0.035583243,0.11323243,5.5519395
2490,-53.607204,-53.753082,0.0343894,0.115039065,5.4210906
2491,-53.923523,-53.770126,0.033564962,0.112988286,5.467093
2492,-53.88233,-53.781345,0.03134157,0.11079102,5.601842
2493,-53.807053,-53.783916,0.028266892,0.11008301,5.469603
2494,-53.643936,-53.76992,0.027203705,0.11259766,5.3912687
2495,-53.812496,-53.774178,0.024646478,0.11025391,5.5684977
2496,-53.94876,-53.791637,0.024924973,0.10773926,5.5520964
2497,-53.907257,-53.8032,0.023635587,0.1109375,5.5694118
2498,-53.80966,-53.803844,0.021275787,0.11381836,5.5376663
2499,-53.774776,-53.800938,0.019224253,0.112695314,5.4163413
2500,-53.905605,-53.811405,0.018287806,0.11379395,5.5497684
2501,-53.88778,-53.819042,0.016983995,0.111132815,5.4956303
2502,-53.800423,-53.81718,0.015316797,0.11103516,5.617693
2503,-54.037487,-53.83921,0.01815326,0.11242676,5.548665
2504,-53.695946,-53.824883,0.018185165,0.11508789,5.511113
2505,-54.032677,-53.84566,0.020252706,0.113256834,5.5750017
2506,-53.821877,-53.843285,0.01827835,0.1100586,5.56381
2507,-53.905117,-53.84947,0.016794605,0.11086426,5.4962606
2508,-53.817684,-53.84629,0.015206064,0.11582031,5.5015445
2509,-53.847927,-53.846455,0.013685699,0.11367188,5.366297
2510,-53.60984,-53.822792,0.017355895,0.11154785,5.5008545
2511,-53.900894,-53.8306,0.016169298,0.11340332,5.640692
2512,-53.952847,-53.842827,0.015897332,0.11452637,5.6026335
2513,-53.976334,-53.85618,0.015911764,0.1138916,5.6590652
2514,-53.945114,-53.86507,0.01503245,0.110888675,5.635511
2515,-53.94574,-53.87314,0.014114885,0.11398926,5.674259
2516,-53.962234,-53.88205,0.013417826,0.11291504,5.5975776
2517,-53.91631,-53.885475,0.01218168,0.11501465,5.5286303
2518,-53.981926,-53.89512,0.0118007595,0.11435547,5.5923157
2519,-54.158752,-53.921482,0.016875928,0.11408692,5.693928
2520,-54.08488,-53.93782,0.017591259,0.11379395,5.5675387
2521,-54.044617,-53.9485,0.016858622,0.115039065,5.5547495
2522,-54.016796,-53.95533,0.015592532,0.11259766,5.4948907
2523,-54.218998,-53.981697,0.020290155,0.1123291,5.497924
2524,-53.930855,-53.976612,0.018493785,0.112377934,5.6797194
2525,-54.161655,-53.995117,0.0197261,0.1128418,5.657637
2526,-54.12535,-54.00814,0.019279964,0.113134764,5.4652495
2527,-54.07332,-54.01466,0.0177343,0.11247559,5.6452613
2528,-54.055084,-54.018703,0.016107943,0.112695314,5.683685
2529,-54.1816,-54.034992,0.016885284,0.11308594,5.590697
2530,-54.12304,-54.043797,0.01589446,0.113623045,5.698781
2531,-54.042297,-54.043648,0.014305216,0.11411133,5.5745835
2532,-54.018967,-54.04118,0.012929519,0.11655273,5.5476856
2533,-53.948242,-54.031887,0.01241393,0.11396485,5.4937944
2534,-54.058155,-54.034515,0.011234637,0.11618652,5.6674013
2535,-54.00321,-54.031384,0.010199387,0.11364746,5.7365065
2536,-53.849968,-54.01324,0.012141492,0.113867186,5.6536965
2537,-54.16253,-54.028168,0.012933169,0.11540528,5.5917068
2538,-54.014683,-54.026817,0.011656217,0.116162114,5.6529016
2539,-53.958473,-54.01998,0.010910978,0.11542969,5.7810855
2540,-54.05725,-54.02371,0.009944892,0.11115723,5.5675855
2541,-54.077213,-54.02906,0.009208052,0.11582031,5.6702085
2542,-54.117012,-54.037857,0.008983441,0.1144043,5.6329484
2543,-53.986088,-54.03268,0.008326301,0.11555176,5.764228
2544,-54.09381,-54.038795,0.007829996,0.11433106,5.566656
2545,-53.957985,-54.030716,0.007634727,0.11086426,5.57225
2546,-53.906578,-54.018303,0.008258172,0.11445313,5.6396475
2547,-53.938774,-54.01035,0.00800159,0.1105957,5.583536
2548,-53.948215,-54.004135,0.007548886,0.11210938,5.528098
2549,-54.09004,-54.012726,0.007458139,0.11174317,5.640816
2550,-54.037586,-54.015213,0.0067679486,0.11135254,5.5714464
2551,-53.91077,-54.00477,0.007072897,0.1145752,5.5029154
2552,-54.14437,-54.01873,0.008119609,0.11428223,5.5482106
2553,-54.09397,-54.026253,0.007817158,0.111328125,5.5654955
2554,-54.14006,-54.037632,0.008201139,0.11123047,5.524849
2555,-54.006443,-54.03451,0.0074685724,0.11372071,5.5724115
2556,-54.16513,-54.047573,0.008257235,0.112695314,5.5400443
2557,-54.32214,-54.07503,0.014216328,0.11447754,5.5498357
2558,-54.176407,-54.085167,0.013719626,0.11357422,5.579453
2559,-54.069008,-54.08355,0.012371163,0.113012694,5.528993
2560,-54.23736,-54.09893,0.013263184,0.11328125,5.703041
2561,-53.907867,-54.079823,0.0152223185,0.112500004,5.5170703
2562,-53.993515,-54.07119,0.014370496,0.111206055,5.4351964
2563,-54.049915,-54.06906,0.012974181,0.11240234,5.4497023
2564,-54.05507,-54.06766,0.011694383,0.1121582,5.2681174
2565,-54.17559,-54.078453,0.01157333,0.11186524,5.414395
2566,-54.38633,-54.10924,0.018946916,0.11396485,5.499335
2567,-54.095387,-54.107857,0.0170695,0.11552735,5.3788023
2568,-53.89247,-54.08632,0.01953773,0.11638184,5.5589647
2569,-54.11198,-54.088886,0.017643223,0.11635742,5.5728483
2570,-54.180756,-54.098072,0.016638499,0.11376953,5.529714
2571,-54.06363,-54.094627,0.015081417,0.11418457,5.607013
2572,-54.088852,-54.09405,0.0135762775,0.11530762,5.6282344
2573,-54.1295,-54.097595,0.012331752,0.11352539,5.449636
2574,-54.018784,-54.089714,0.011657592,0.1157959,5.5638094
2575,-54.104893,-54.091232,0.010512568,0.11379395,5.591109
2576,-54.15262,-54.09737,0.009800454,0.11408692,5.5211024
2577,-54.066757,-54.094307,0.008904751,0.113183595,5.523722
2578,-53.897408,-54.074615,0.0115035195,0.11364746,5.4746513
2579,-53.96496,-54.06365,0.011435392,0.11291504,5.3303704
2580,-54.03081,-54.060364,0.010388897,0.11359864,5.5503173
2581,-54.079437,-54.06227,0.009382749,0.11357422,5.464141
2582,-54.141468,-54.07019,0.009008967,0.11398926,5.4078164
2583,-54.297752,-54.092945,0.01276867,0.11433106,5.4961743
2584,-54.19461,-54.10311,0.012422032,0.11147461,5.380183
2585,-54.288177,-54.121616,0.014262284,0.113110356,5.6034646
2586,-54.3136,-54.140816,0.016153203,0.11154785,5.496569
2587,-54.393,-54.166035,0.020261675,0.11203613,5.387196
2588,-54.050777,-54.15451,0.019431088,0.11196289,5.3694806
2589,-54.061897,-54.14525,0.018259928,0.11062012,5.6716733
2590,-54.00302,-54.131027,0.018254505,0.111132815,5.576091
2591,-53.81491,-54.099415,0.025422713,0.11152344,5.504451
2592,-54.019913,-54.091465,0.023449294,0.111132815,5.627098
2593,-54.168377,-54.099155,0.021636754,0.111816406,5.4936256
2594,-54.07067,-54.096306,0.019546099,0.114428714,5.645555
2595,-54.26834,-54.11351,0.020255141,0.11142578,5.4597154
2596,-54.264526,-54.128613,0.020282159,0.11372071,5.5071387
2597,-54.204132,-54.136166,0.01876723,0.11372071,5.485904
2598,-54.193565,-54.141907,0.017187033,0.113427736,5.4498277
2599,-54.29414,-54.15713,0.017554073,0.11147461,5.520643
2600,-54.09636,-54.151054,0.016131056,0.11599121,5.3909388
2601,-54.225758,-54.158524,0.015020203,0.11425781,5.374756
2602,-54.09512,-54.152184,0.013879989,0.113867186,5.452762
2603,-54.129105,-54.149876,0.012539927,0.11555176,5.5456257
2604,-54.119507,-54.14684,0.011368938,0.12028809,5.4234548
2605,-54.22256,-54.15441,0.010748084,0.11459961,5.494799
2606,-54.080105,-54.14698,0.010170206,0.117016606,5.389232
2607,-54.20742,-54.153023,0.009481955,0.113623045,5.3683596
2608,-54.05535,-54.143257,0.009392335,0.11201172,5.4325385
2609,-54.455627,-54.174496,0.01723487,0.11271973,5.4334793
2610,-54.140656,-54.171112,0.015614446,0.112500004,5.2708135
2611,-54.0803,-54.16203,0.014795225,0.1161377,5.27197
2612,-54.19094,-54.16492,0.013390931,0.114916995,5.4305663
2613,-54.317898,-54.180218,0.014158015,0.111132815,5.5276437
2614,-54.180763,-54.18027,0.01274224,0.11550293,5.5554476
2615,-54.262894,-54.188534,0.012082399,0.11367188,5.4739347
2616,-54.27822,-54.197502,0.011598103,0.112939455,5.5188704
2617,-54.13709,-54.19146,0.010766773,0.11252441,5.365513
2618,-54.197586,-54.192074,0.009693473,0.11411133,5.5309663
2619,-54.0997,-54.18284,0.009492072,0.1121582,5.4402995
2620,-53.93125,-54.15768,0.014239502,0.11032715,5.472142
2621,-54.08419,-54.15033,0.013301624,0.111816406,5.401329
2622,-53.850258,-54.120323,0.020075334,0.112255864,5.467797
2623,-54.153923,-54.123684,0.018169405,0.10961914,5.4595046
2624,-54.29926,-54.141243,0.019126864,0.11525879,5.4941187
2625,-54.37587,-54.164707,0.022168651,0.11115723,5.4385777
2626,-54.32297,-54.180534,0.022206064,0.11208496,5.515641
2627,-54.181362,-54.18062,0.01998552,0.113745116,5.478878
2628,-54.21015,-54.18357,0.018065467,0.11398926,5.245175
2629,-54.161587,-54.181374,0.016302418,0.11223145,5.4888725
2630,-54.05312,-54.16855,0.016152592,0.11604004,5.713439
2631,-53.956383,-54.14733,0.018588623,0.115356445,5.589591
2632,-54.185715,-54.15117,0.016862357,0.113549806,5.6063185
2633,-53.89261,-54.125313,0.021192923,0.11201172,5.6436563
2634,-54.25329,-54.13811,0.020547625,0.11604004,5.727348
2635,-54.122696,-54.13657,0.01851425,0.11242676,5.521808
2636,-54.247017,-54.147614,0.01776069,0.11367188,5.3918123
2637,-54.20099,-54.15295,0.016241023,0.11435547,5.5385613
2638,-54.120872,-54.149742,0.014709529,0.112939455,5.528621
2639,-54.302166,-54.164986,0.015329548,0.112866215,5.486316
2640,-54.414772,-54.189964,0.019411985,0.11191406,5.5305533
2641,-54.159935,-54.186962,0.017551944,0.113061525,5.4737825
2642,-54.317715,-54.20004,0.01733541,0.111572266,5.3663125
2643,-54.1812,-54.198154,0.015633816,0.112866215,5.2506933
2644,-53.98375,-54.176712,0.018207692,0.115039065,5.4855905
2645,-54.033623,-54.162403,0.018229632,0.11345215,5.4989586
2646,-54.15584,-54.161747,0.016410543,0.11540528,5.420559
2647,-54.341015,-54.179672,0.017661816,0.11496582,5.476086
2648,-54.345154,-54.19622,0.018360207,0.116723634,5.3214083
2649,-54.31887,-54.208485,0.017878061,0.11413574,5.3757415
2650,-54.312996,-54.218937,0.017073289,0.11323243,5.456521
2651,-54.321514,-54.229195,0.016312947,0.11403809,5.384624
2652,-54.331776,-54.239452,0.01562871,0.11599121,5.3960366
2653,-54.40914,-54.25642,0.016657338,0.11682129,5.500336
2654,-54.396435,-54.27042,0.016755972,0.11496582,5.4991493
2655,-54.29832,-54.27321,0.015150435,0.11264648,5.551974
2656,-54.21337,-54.267223,0.013957637,0.11472168,5.5367866
2657,-54.357574,-54.27626,0.0132965725,0.114550784,5.5637946
2658,-54.3765,-54.286285,0.012871218,0.11430664,5.3345003
2659,-54.16475,-54.27413,0.012913492,0.114550784,5.365457
2660,-54.25097,-54.271816,0.011670428,0.11333008,5.544605
2661,-54.23942,-54.268578,0.010597831,0.11484375,5.5599895
2662,-54.370193,-54.27874,0.010467369,0.11381836,5.5435925
2663,-54.097977,-54.260662,0.012361414,0.113549806,5.364225
2664,-54.365288,-54.271126,0.01211046,0.1157959,5.610885
2665,-54.464905,-54.290504,0.014278941,0.1112793,5.4266553
2666,-54.417915,-54.303246,0.014312064,0.11135254,5.5671
2667,-54.591026,-54.332024,0.020334456,0.11518555,5.5578613
2668,-54.392853,-54.338108,0.018634027,0.11196289,5.6069446
2669,-54.270565,-54.331352,0.01718121,0.11555176,5.3952274
2670,-54.149178,-54.313133,0.018449973,0.11315918,5.510848
2671,-54.307137,-54.312534,0.016608212,0.11210938,5.515579
2672,-54.449768,-54.326256,0.01664237,0.115161136,5.5093045
2673,-54.362892,-54.329918,0.015098932,0.1159668,5.430645
2674,-54.318142,-54.32874,0.013601519,0.114672855,5.2837987
2675,-54.357464,-54.33161,0.012315626,0.113745116,5.3961644
2676,-54.387108,-54.337162,0.011361248,0.11254883,5.473486
2677,-54.34085,-54.337532,0.0102263475,0.11416016,5.40645
2678,-54.538933,-54.357674,0.012854316,0.111376956,5.3361998
2679,-54.41989,-54.363895,0.011917278,0.11303711,5.327464
2680,-54.48417,-54.375923,0.012027467,0.11369629,5.4018574
2681,-54.629395,-54.40127,0.016607016,0.114428714,5.5034814
2682,-54.448807,-54.406025,0.015149676,0.11569824,5.368329
2683,-54.488003,-54.414223,0.01423954,0.115112305,5.3164377
2684,-54.616856,-54.434486,0.016510995,0.11525879,5.4567814
2685,-54.491005,-54.44014,0.015147386,0.11450195,5.5371556
2686,-54.32202,-54.42833,0.014888322,0.1171875,5.4495764
2687,-54.28223,-54.41372,0.015320535,0.11357422,5.36362
2688,-54.315342,-54.40388,0.014659507,0.11767578,5.4368606
2689,-54.475067,-54.411,0.013649628,0.11621094,5.3867207
2690,-54.41772,-54.41167,0.012288731,0.1161377,5.2666554
2691,-54.359573,-54.40646,0.011304129,0.112988286,5.450153
2692,-54.692448,-54.43506,0.01753473,0.113623045,5.4201365
2693,-54.49993,-54.441547,0.016160019,0.11308594,5.461075
2694,-54.46762,-54.444153,0.014605201,0.11552735,5.3516164
2695,-54.54673,-54.45441,0.014091669,0.113110356,5.5493503
2696,-54.739136,-54.482883,0.019978661,0.11369629,5.526799
2697,-54.597435,-54.49434,0.01916178,0.11259766,5.3482103
2698,-54.692238,-54.51413,0.020770358,0.11396485,5.244915
2699,-54.50981,-54.5137,0.018695,0.113183595,5.3613176
2700,-54.320366,-54.494366,0.020189477,0.1116211,5.41109
2701,-54.30654,-54.475582,0.021345545,0.11166992,5.577511
2702,-54.53246,-54.48127,0.01950214,0.112500004,5.4256334
2703,-54.529457,-54.486088,0.017760906,0.11494141,5.5297337
2704,-54.533722,-54.490852,0.016189028,0.111694336,5.569278
2705,-54.179283,-54.459694,0.023306906,0.1126709,5.512388
2706,-54.3946,-54.453186,0.021357564,0.11220703,5.4975243
2707,-54.515995,-54.459465,0.019576855,0.114672855,5.471152
2708,-54.33894,-54.44741,0.018926542,0.11494141,5.3225117
2709,-54.420296,-54.4447,0.017100058,0.11469727,5.4067426
2710,-54.53093,-54.453323,0.016059278,0.11223145,5.471718
2711,-54.40187,-54.448177,0.014691614,0.11364746,5.252728
2712,-54.202065,-54.423565,0.01867389,0.114672855,5.3031025
2713,-54.305206,-54.411728,0.01806729,0.11203613,5.525726
2714,-54.272823,-54.39784,0.017997062,0.113867186,5.4776387
2715,-54.34575,-54.39263,0.016441556,0.11171875,5.2527766
2716,-54.393913,-54.39276,0.014797547,0.11091309,5.321862
2717,-54.479176,-54.4014,0.013989861,0.11308594,5.4164033
2718,-54.73981,-54.43524,0.02289776,0.11416016,5.4430065
2719,-54.353806,-54.427097,0.02120485,0.11118164,5.4541206
2720,-54.65803,-54.45019,0.023884118,0.11323243,5.5082345
2721,-54.77219,-54.48239,0.030827183,0.11408692,5.441088
2722,-54.643517,-54.498505,0.030080983,0.11230469,5.216405
2723,-54.560005,-54.504654,0.027413294,0.11296387,5.236739
2724,-54.57457,-54.511646,0.025111903,0.11196289,5.2555113
2725,-54.868282,-54.54731,0.034047745,0.11376953,5.318662
2726,-54.649063,-54.557484,0.031574804,0.11289062,5.13296
2727,-54.513702,-54.553104,0.028589835,0.11425781,5.3722324
2728,-54.565506,-54.554344,0.025744693,0.11149903,5.4375443
2729,-54.734985,-54.572407,0.026107034,0.1126709,5.2214627
2730,-54.613205,-54.576485,0.023646135,0.115112305,5.4911146
2731,-54.407776,-54.559612,0.02384316,0.113745116,5.383365
2732,-54.51832,-54.55548,0.02161231,0.116162114,5.2665215
2733,-54.60844,-54.560776,0.019703502,0.112622075,5.267426
2734,-54.58142,-54.56284,0.017771512,0.1133545,5.319151
2735,-54.412598,-54.547813,0.018025896,0.11525879,5.259996
2736,-54.47236,-54.540268,0.016735714,0.116845705,5.3320894
2737,-54.428417,-54.529083,0.016188094,0.11799317,4.997905
2738,-54.40129,-54.516304,0.016039064,0.11674805,5.2082105
2739,-54.425507,-54.507225,0.0151771335,0.11462402,5.134598
2740,-54.495182,-54.50602,0.013672473,0.1154541,5.3863134
2741,-54.75923,-54.53134,0.018075693,0.11452637,5.4560704
2742,-54.656986,-54.543907,0.017688917,0.11530762,5.3588824
2743,-54.749947,-54.56451,0.019740727,0.1138916,5.4631276
2744,-54.61796,-54.569855,0.01802379,0.11611328,5.3487997
2745,-54.489258,-54.561794,0.016806038,0.11748047,5.3870893
2746,-54.477577,-54.55337,0.015763761,0.11586914,5.5540347
2747,-54.597137,-54.557747,0.014359777,0.11779785,5.394047
2748,-54.437355,-54.545708,0.014228277,0.11193848,5.2722454
2749,-54.525993,-54.543736,0.012840428,0.11328125,5.4734983
2750,-54.80157,-54.56952,0.017539503,0.11425781,5.5284305
2751,-54.832355,-54.595802,0.022003021,0.11437988,5.2681975
2752,-54.907528,-54.626976,0.028548276,0.11359864,5.329228
2753,-54.590958,-54.623375,0.025810208,0.11391602,5.4669785
2754,-54.349686,-54.596004,0.029970711,0.113378905,5.467281
2755,-54.572388,-54.593643,0.027023837,0.112939455,5.4394755
2756,-54.52802,-54.587082,0.024709042,0.11462402,5.460314
2757,-54.636948,-54.592068,0.02246193,0.11193848,5.4078364
2758,-54.614067,-54.59427,0.020259295,0.11259766,5.3371224
2759,-54.50008,-54.58485,0.019031802,0.1144043,5.31077
2760,-54.6781,-54.594177,0.017911226,0.11584473,5.3626623
2761,-54.610966,-54.595856,0.01614547,0.117016606,5.388253
2762,-54.63389,-54.59966,0.014661105,0.11750489,5.3134437
2763,-54.487865,-54.588478,0.014319795,0.11257324,5.434182
2764,-54.474083,-54.577038,0.014065578,0.11452637,5.4382215
2765,-54.519936,-54.571327,0.0129524795,0.11279297,5.3194327
2766,-54.629837,-54.57718,0.011965337,0.11340332,5.5006313
2767,-54.46592,-54.56605,0.011882883,0.115039065,5.411413
2768,-54.52144,-54.561592,0.010873722,0.114550784,5.389912
2769,-54.55104,-54.560535,0.009796369,0.11433106,5.454503
2770,-54.531796,-54.557663,0.00889107,0.11557617,5.4423695
2771,-54.635002,-54.565395,0.008540284,0.113134764,5.445378
2772,-54.61425,-54.570282,0.007901067,0.113256834,5.1445026
2773,-54.581505,-54.571404,0.007122296,0.116601564,5.2735033
2774,-54.54225,-54.56849,0.0064865514,0.11384278,5.238468
2775,-54.516533,-54.563293,0.006080846,0.11074219,5.368188
2776,-54.934525,-54.600418,0.017875887,0.11333008,5.388369
2777,-54.784306,-54.618805,0.019131614,0.11240234,5.377389
2778,-54.746414,-54.631565,0.018684022,0.11364746,5.0787535
2779,-54.653355,-54.633743,0.01685835,0.11469727,5.311924
2780,-54.803947,-54.650764,0.017779766,0.11459961,5.328856
2781,-54.735016,-54.65919,0.016640635,0.11540528,5.253926
2782,-54.633484,-54.65662,0.015036049,0.11308594,5.412177
2783,-54.740097,-54.664967,0.0141596,0.11428223,5.2550206
2784,-54.776787,-54.676147,0.013868978,0.115161136,5.347777
2785,-54.552166,-54.66375,0.013865506,0.117163084,5.46291
2786,-54.399693,-54.637344,0.01875431,0.1154541,5.410621
2787,-54.684402,-54.64205,0.017078182,0.11520996,5.3232703
2788,-54.68902,-54.646748,0.015568891,0.1184082,5.2915816
2789,-54.833157,-54.66539,0.01713935,0.11606445,5.3339033
2790,-54.73793,-54.672646,0.015899,0.11794434,5.4363537
2791,-54.571854,-54.662567,0.015223412,0.115722656,5.37054
2792,-54.62247,-54.658558,0.013845765,0.11589356,5.335287
2793,-54.438976,-54.6366,0.016800636,0.119189456,5.28435
2794,-54.605747,-54.633514,0.015206246,0.11381836,5.364768
2795,-54.444324,-54.614594,0.016906975,0.11533203,5.3649592
2796,-54.492836,-54.602417,0.016550517,0.11601563,5.451021
2797,-54.622375,-54.604412,0.014931316,0.114550784,5.3600793
2798,-54.549313,-54.598904,0.01371142,0.11518555,5.405114
2799,-54.67544,-54.606556,0.012867505,0.11860352,5.401046
2800,-54.516903,-54.59759,0.012304144,0.115112305,5.288311
2801,-54.562164,-54.594048,0.011186686,0.113745116,5.405969
2802,-54.59356,-54.593998,0.010068039,0.116528325,5.5066085
2803,-54.701355,-54.604733,0.010098534,0.1142334,5.267473
2804,-54.845097,-54.62877,0.014288421,0.1154541,5.2469387
2805,-54.77339,-54.64323,0.014741997,0.11748047,5.491321
2806,-54.814003,-54.66031,0.01589249,0.115161136,5.2904234
2807,-54.60177,-54.654453,0.014611669,0.116918944,5.461372
2808,-54.67183,-54.65619,0.013177675,0.11826172,5.4086366
2809,-54.66136,-54.656708,0.011862315,0.11657715,5.4251237
2810,-54.75288,-54.666325,0.011508504,0.116406254,5.324006
2811,-54.865326,-54.686226,0.01392179,0.11796875,5.4558225
2812,-54.579304,-54.675533,0.013558522,0.11447754,5.525294
2813,-54.666634,-54.674644,0.012209798,0.11884766,5.5675635
2814,-54.721157,-54.679295,0.011183526,0.11489258,5.454213
2815,-54.73262,-54.684628,0.0103211,0.113134764,5.3892126
2816,-54.70913,-54.687077,0.009343021,0.11682129,5.385654
2817,-54.633762,-54.681744,0.008664534,0.11601563,5.4638715
2818,-54.553284,-54.6689,0.009283257,0.1166748,5.418063
2819,-54.848045,-54.686813,0.011243321,0.11682129,5.3518248
2820,-54.737743,-54.691906,0.010352436,0.11430664,5.4522357
2821,-54.618332,-54.684547,0.0098043755,0.1154541,5.3544073
2822,-54.569973,-54.673088,0.010005395,0.11682129,5.2255526
2823,-54.584816,-54.66426,0.009706132,0.11582031,5.3323746
2824,-54.710697,-54.668903,0.008929588,0.114868164,5.338183
2825,-54.78647,-54.68066,0.00928057,0.111694336,5.2248387
2826,-54.77772,-54.690365,0.00920039,0.11403809,5.184708
2827,-54.738293,-54.695156,0.008487089,0.11254883,5.187828
2828,-54.706665,-54.69631,0.0076503004,0.11657715,5.120671
2829,-54.635605,-54.69024,0.00721691,0.11611328,5.301773
2830,-54.620346,-54.68325,0.00693487,0.11599121,5.31055
2831,-54.57203,-54.672127,0.007354699,0.11381836,5.4441686
2832,-54.66218,-54.67113,0.00662813,0.11594238,5.344987
2833,-54.62664,-54.666683,0.006143466,0.11418457,5.1763487
2834,-54.714237,-54.67144,0.005732644,0.11555176,5.3569765
2835,-54.677734,-54.67207,0.005162945,0.11142578,5.2332573
2836,-54.43952,-54.648815,0.009513712,0.11645508,5.1964154
2837,-54.63434,-54.64737,0.008581202,0.11345215,5.3269057
2838,-54.46702,-54.629333,0.010650474,0.1133545,5.4147625
2839,-54.53629,-54.62003,0.010364577,0.11606445,5.216004
2840,-54.679855,-54.62601,0.009650242,0.111572266,5.3229227
2841,-54.665367,-54.629948,0.008824619,0.11643066,5.2653694
2842,-54.857788,-54.652733,0.01261417,0.116406254,5.236826
2843,-54.773144,-54.664772,0.012657644,0.11496582,5.320046
2844,-54.720005,-54.670296,0.011666441,0.11411133,5.3054037
2845,-54.733803,-54.676647,0.01086278,0.11606445,5.101992
2846,-54.68431,-54.677414,0.009781787,0.11435547,5.2275996
2847,-54.816345,-54.691307,0.01054078,0.115039065,5.214864
2848,-54.59504,-54.68168,0.010320773,0.113183595,5.122726
2849,-54.622154,-54.675728,0.009607581,0.11525879,5.1317754
2850,-54.58367,-54.666523,0.009409515,0.11130371,5.1478434
2851,-54.557358,-54.655605,0.009541097,0.11020508,5.167068
2852,-54.703537,-54.6604,0.008793757,0.11464844,5.193629
2853,-54.717045,-54.666065,0.008203154,0.111254886,5.057156
2854,-54.641884,-54.663647,0.007435465,0.11140137,5.1184077
2855,-54.556046,-54.652885,0.007733939,0.11196289,5.267458
2856,-54.628983,-54.650494,0.0070119663,0.112988286,5.281064
2857,-54.56008,-54.641453,0.007046461,0.110766605,5.283227
2858,-54.80294,-54.6576,0.008688857,0.11308594,5.2115426
2859,-54.738316,-54.665672,0.008406315,0.11496582,5.158223
2860,-54.860096,-54.685116,0.010967734,0.112377934,5.1658134
2861,-54.88082,-54.704685,0.013318015,0.11462402,5.0765142
2862,-54.91156,-54.725372,0.015837962,0.111694336,5.1220064
2863,-54.790974,-54.731934,0.014641483,0.11433106,5.2341723
2864,-54.79241,-54.73798,0.01350652,0.11401367,5.2520385
2865,-54.76648,-54.74083,0.012228968,0.1138916,5.020816
2866,-54.815155,-54.74826,0.011503257,0.11398926,5.2774906
2867,-54.624023,-54.735836,0.011742067,0.11230469,5.234097
2868,-54.75283,-54.737534,0.010593853,0.11230469,5.1854606
2869,-54.79641,-54.74342,0.009846442,0.11276855,5.218118
2870,-54.573364,-54.726414,0.011464492,0.11435547,5.1632257
2871,-54.775623,-54.731335,0.010535986,0.1112793,5.205126
2872,-54.705124,-54.728714,0.009544218,0.1105957,5.1193266
2873,-54.839966,-54.739838,0.009703723,0.113500975,5.232072
2874,-54.838028,-54.749657,0.009601071,0.11115723,5.1506753
2875,-54.774582,-54.752148,0.008696877,0.11235352,5.15642
2876,-55.055202,-54.78245,0.01609299,0.11347657,5.2451696
2877,-55.04651,-54.808857,0.020759046,0.11555176,5.2042303
2878,-55.07022,-54.83499,0.024831142,0.1128418,5.3318434
2879,-54.776283,-54.82912,0.022658227,0.11577149,5.2083716
2880,-54.747883,-54.820995,0.020986365,0.11357422,5.063639
2881,-54.87412,-54.82631,0.019141719,0.111010745,5.229496
2882,-54.958633,-54.839542,0.01880342,0.113378905,5.3904905
2883,-54.782227,-54.83381,0.017218737,0.11464844,5.243845
2884,-54.80984,-54.831413,0.0155485645,0.11247559,5.316154
2885,-54.794716,-54.827744,0.01411491,0.11594238,5.3635597
2886,-54.9341,-54.83838,0.013721493,0.112866215,5.443719
2887,-54.72789,-54.82733,0.013448045,0.10998535,5.3703556
2888,-54.578377,-54.802437,0.017681303,0.114550784,5.3137226
2889,-54.578903,-54.780083,0.020410227,0.11171875,5.322317
2890,-54.729286,-54.775,0.018601429,0.11159668,5.2501407
2891,-54.837185,-54.78122,0.017089296,0.11401367,5.316294
2892,-54.77422,-54.780518,0.0153847765,0.112695314,5.3572216
2893,-54.93099,-54.795563,0.015884029,0.11828613,5.3421206
2894,-55.008938,-54.816902,0.01839323,0.11687012,5.295143
2895,-54.93975,-54.829185,0.017912164,0.11340332,5.2990284
2896,-54.968597,-54.84313,0.017870158,0.11425781,5.2331824
2897,-55.00747,-54.859562,0.018513858,0.11760254,5.3048973
2898,-54.838997,-54.857506,0.016700534,0.11586914,5.422384
2899,-54.73808,-54.845562,0.016314127,0.11530762,5.3010244
2900,-54.592514,-54.82026,0.020445708,0.11921387,5.0759587
2901,-54.770317,-54.815266,0.018625615,0.114868164,5.250238
2902,-54.90857,-54.824596,0.017546555,0.11472168,5.291587
2903,-55.02195,-54.84433,0.019297251,0.112817384,5.2686396
2904,-54.936092,-54.853508,0.018125359,0.11791992,5.282292
2905,-54.879227,-54.85608,0.016372353,0.11987305,5.26572
2906,-54.788746,-54.849346,0.015143157,0.11416016,5.1962566
2907,-54.9392,-54.85833,0.014355497,0.11494141,5.2593203
2908,-54.840843,-54.856583,0.012947468,0.11403809,5.265068
2909,-54.67572,-54.838497,0.0145967305,0.112866215,5.187625
2910,-54.719334,-54.82658,0.014415053,0.112622075,5.1387854
2911,-55.05141,-54.849064,0.01752294,0.1140625,5.204608
2912,-54.939896,-54.858147,0.016513182,0.11430664,5.2597666
2913,-54.881603,-54.860493,0.0149113815,0.115478516,5.267447
2914,-55.122456,-54.88669,0.019596454,0.11513672,5.1837716
2915,-54.92609,-54.89063,0.017776534,0.11655273,5.256122
2916,-54.85165,-54.88673,0.01613562,0.11557617,5.1696463
2917,-54.81187,-54.879246,0.015026414,0.114428714,5.174517
2918,-55.112328,-54.902554,0.018413214,0.11811524,5.124093
2919,-54.8456,-54.89686,0.016863823,0.11364746,5.2633357
2920,-54.98518,-54.90569,0.015879504,0.11345215,5.3262286
2921,-54.929016,-54.90802,0.0143405255,0.11850586,5.2693076
2922,-54.868477,-54.904064,0.0130472025,0.11555176,5.1929564
2923,-54.679855,-54.881645,0.016266746,0.11188965,5.0950084
2924,-54.815643,-54.875046,0.015032133,0.11608887,5.174795
2925,-54.96253,-54.883793,0.0142177055,0.11604004,5.169956
2926,-54.872894,-54.8827,0.012806625,0.11638184,5.0888042
2927,-54.905197,-54.884953,0.011571505,0.113500975,5.107582
2928,-54.946598,-54.891117,0.01075637,0.11437988,5.156912
2929,-54.87029,-54.889034,0.009719776,0.11520996,5.1522427
2930,-54.700165,-54.870148,0.01195825,0.11726075,5.2801642
2931,-54.932854,-54.87642,0.011116308,0.11538086,5.1866765
2932,-54.980675,-54.886845,0.010982909,0.11611328,5.063258
2933,-54.87799,-54.88596,0.009891673,0.11726075,5.1757855
2934,-54.837154,-54.88108,0.009116881,0.117529295,5.1856503
2935,-54.899746,-54.882946,0.008236548,0.11625977,5.148673
2936,-54.849155,-54.879566,0.007515655,0.116967775,5.435888
2937,-54.77147,-54.868755,0.007815737,0.11291504,5.3111434
2938,-54.92557,-54.874435,0.0073246895,0.11513672,5.3526087
2939,-54.972183,-54.88421,0.007452137,0.11611328,5.210148
2940,-54.905556,-54.886345,0.0067479354,0.117016606,5.1058507
2941,-54.95115,-54.892826,0.006451103,0.11508789,5.16243
2942,-54.892883,-54.89283,0.005805993,0.11650391,5.3087664
2943,-55.009796,-54.904526,0.006456693,0.116528325,5.425616
2944,-54.99772,-54.913845,0.006592669,0.11472168,5.341364
2945,-54.946987,-54.91716,0.006032258,0.11625977,5.3010287
2946,-55.07057,-54.932503,0.0075471997,0.11970215,5.370978
2947,-54.777355,-54.91699,0.008958848,0.11806641,5.134447
2948,-54.77585,-54.902874,0.009855808,0.118945315,5.1722
2949,-54.765667,-54.889153,0.010564546,0.116967775,5.260356
2950,-54.650116,-54.86525,0.014650553,0.11687012,5.0674725
2951,-54.890404,-54.867764,0.013242444,0.11682129,5.2946086
2952,-54.843697,-54.865356,0.011970329,0.119140625,5.3227563
2953,-54.713177,-54.85014,0.012857576,0.11496582,5.1995754
2954,-54.91848,-54.85697,0.011992154,0.11379395,5.3730817
2955,-55.11685,-54.88296,0.016871326,0.11188965,5.407433
2956,-55.01498,-54.896164,0.016752806,0.11796875,5.1741633
2957,-55.12417,-54.918964,0.019756267,0.11398926,5.227247
2958,-54.811527,-54.908222,0.018819487,0.11591797,5.1371555
2959,-54.810036,-54.898403,0.01780519,0.11608887,5.2409887
2960,-55.02634,-54.911198,0.017497787,0.11738282,5.2179956
2961,-54.966583,-54.916737,0.01602409,0.1154541,5.2115846
2962,-54.91065,-54.916126,0.014425017,0.11105957,5.3626714
2963,-54.900787,-54.914593,0.01300369,0.11799317,5.2118692
2964,-54.990074,-54.922142,0.01221609,0.1177002,5.1114726
2965,-55.038788,-54.933807,0.0122190425,0.11418457,5.280882
2966,-54.88112,-54.92854,0.011246986,0.11425781,5.213412
2967,-54.903454,-54.92603,0.010178922,0.11533203,5.244721
2968,-54.810978,-54.914524,0.0103523405,0.11506348,5.0970225
2969,-54.90558,-54.913628,0.009324308,0.11643066,5.0829973
2970,-54.878517,-54.91012,0.008502823,0.11123047,5.1830735
2971,-54.954346,-54.91454,0.007828589,0.11816406,5.1604705
2972,-54.77256,-54.90034,0.0088599585,0.11352539,4.9868736
2973,-54.922207,-54.902527,0.008016992,0.1140625,5.096692
2974,-55.042496,-54.916523,0.008978508,0.11577149,5.1080003
2975,-54.886917,-54.913563,0.008159542,0.11403809,5.1222787
2976,-54.95439,-54.917645,0.0074936165,0.11525879,5.098248
2977,-55.02681,-54.928562,0.007816789,0.115161136,5.2981544
2978,-55.069016,-54.942608,0.008810553,0.11550293,5.1821074
2979,-54.98097,-54.946445,0.008061935,0.1178711,5.0787673
2980,-55.165363,-54.968338,0.011568994,0.11242676,5.0266433
2981,-54.91369,-54.96287,0.010680884,0.11398926,5.144947
2982,-55.124702,-54.979053,0.011969827,0.11518555,5.173017
2983,-54.888443,-54.969994,0.011511767,0.11364746,5.0616426
2984,-54.77144,-54.950138,0.013908758,0.11394043,5.119703
2985,-55.059097,-54.961033,0.013586371,0.1154541,5.1352677
2986,-54.94598,-54.959526,0.012248127,0.1098877,5.1427197
2987,-54.880806,-54.951653,0.011581031,0.11359864,5.1706004
2988,-54.97703,-54.95419,0.010480897,0.112817384,5.084191
2989,-54.877472,-54.946518,0.009962507,0.11635742,5.2297616
2990,-54.776405,-54.92951,0.011570702,0.111694336,5.1364994
2991,-54.750217,-54.91158,0.013306699,0.111816406,5.2099314
2992,-54.841965,-54.904617,0.012412183,0.112866215,5.289696
2993,-55.009186,-54.915073,0.012155076,0.11418457,5.273643
2994,-54.99582,-54.92315,0.0115263555,0.11447754,5.304093
2995,-55.052177,-54.93605,0.011872067,0.11435547,5.310077
2996,-55.06475,-54.94892,0.012175598,0.11198731,5.2216296
2997,-54.958237,-54.949852,0.010965848,0.11369629,5.2440352
2998,-54.801464,-54.935013,0.011850971,0.11494141,5.0950723
2999,-55.00947,-54.94246,0.011164847,0.11213379,5.2002325
3000,-55.105644,-54.95878,0.0124450065,0.11413574,5.1485796
3001,-55.134792,-54.97638,0.013988787,0.1111084,5.079303
3002,-55.01311,-54.980053,0.012711338,0.113867186,5.1746078
3003,-55.02417,-54.984467,0.011615371,0.117089845,5.263932
3004,-55.16287,-55.002308,0.013318287,0.11552735,5.0603275
3005,-54.922813,-54.994358,0.012555202,0.12121582,5.1976175
3006,-55.19155,-55.014076,0.0147993425,0.12038574,5.1593122
3007,-54.943626,-55.00703,0.013766094,0.11813965,4.9998794
3008,-55.223698,-55.028698,0.016614504,0.12009277,5.1219354
3009,-55.07489,-55.033318,0.015145088,0.11958008,5.2090125
3010,-55.058407,-55.035828,0.013687231,0.116967775,5.1275125
3011,-55.081184,-55.040363,0.012503658,0.1161377,5.1806035
3012,-55.09211,-55.04554,0.011494284,0.11713868,5.2509136
3013,-54.96952,-55.037937,0.010864959,0.11772461,5.114739
3014,-55.067585,-55.0409,0.009857573,0.11589356,5.069263
3015,-55.098473,-55.046658,0.009170117,0.1145752,5.051545
3016,-55.175945,-55.059586,0.009757483,0.1166748,5.1492796
3017,-54.845497,-55.038177,0.012906782,0.11694336,5.030171
3018,-55.20356,-55.054714,0.014077725,0.11501465,4.931291
3019,-55.082817,-55.057526,0.012741031,0.11540528,5.261143
3020,-55.10875,-55.06265,0.011703076,0.11533203,4.9793787
3021,-55.20831,-55.077213,0.012442294,0.1157959,5.127882
3022,-55.250557,-55.094547,0.013902386,0.11674805,5.161755
3023,-55.070896,-55.092182,0.012562491,0.11635742,5.148868
3024,-55.14762,-55.097725,0.011582855,0.116284184,5.223451
3025,-55.218643,-55.109818,0.01174048,0.11574707,5.0103536
3026,-55.071205,-55.105957,0.010700614,0.11345215,5.1155987
3027,-55.326984,-55.12806,0.014027332,0.11604004,5.26481
3028,-55.31159,-55.14641,0.015656056,0.11418457,5.200463
3029,-55.215347,-55.153305,0.014518138,0.116918944,5.093463
3030,-55.035545,-55.14153,0.014314386,0.117333986,5.006098
3031,-55.29795,-55.157173,0.015085043,0.11975098,5.0380383
3032,-55.106697,-55.152126,0.013805844,0.11604004,5.1282725
3033,-55.080265,-55.14494,0.012890023,0.11638184,5.1603985
3034,-55.23784,-55.15423,0.012377746,0.11472168,5.2838736
3035,-55.15461,-55.154266,0.011139985,0.11494141,5.2219043
3036,-55.310932,-55.169933,0.012234962,0.11245117,5.173389
3037,-55.113792,-55.164318,0.011295127,0.11806641,5.2683053
3038,-55.00822,-55.14871,0.012358589,0.115161136,5.2570724
3039,-54.977085,-55.131546,0.013773638,0.119018555,5.2848063
3040,-55.093452,-55.127735,0.012526874,0.11879883,5.311014
3041,-55.118923,-55.126854,0.011281176,0.11645508,5.3291993
3042,-55.026337,-55.116802,0.011062393,0.11411133,5.18229
3043,-55.08641,-55.11376,0.010039283,0.11416016,5.362887
3044,-55.01436,-55.10382,0.009924647,0.1171875,5.264078
3045,-54.983253,-55.091763,0.010240466,0.11552735,5.308317
3046,-55.13939,-55.096527,0.009420565,0.114868164,5.137511
3047,-55.321453,-55.11902,0.013031762,0.117773436,5.120224
3048,-55.219017,-55.129017,0.012628558,0.11884766,5.156267
3049,-55.079163,-55.12403,0.011589392,0.11853027,5.359078
3050,-54.87709,-55.09934,0.015918622,0.11772461,5.124131
3051,-55.10852,-55.100258,0.014334346,0.11804199,5.233053
3052,-55.03584,-55.093815,0.013274391,0.12104493,5.165951
3053,-55.012444,-55.08568,0.012542868,0.11791992,5.306256
3054,-55.00256,-55.077366,0.011910361,0.117773436,5.1127386
3055,-55.27316,-55.096947,0.014169471,0.11501465,5.1485004
3056,-55.30168,-55.11742,0.016524993,0.11655273,5.2255025
3057,-55.221954,-55.127872,0.015855959,0.117211916,5.1769323
3058,-55.325493,-55.147636,0.017785206,0.115039065,5.187373
3059,-55.16884,-55.149757,0.016047142,0.11394043,5.2398157
3060,-55.207306,-55.155514,0.014740493,0.11359864,5.30662
3061,-55.115566,-55.15152,0.013410065,0.11425781,5.2651806
3062,-55.265625,-55.16293,0.013240859,0.115356445,5.131063
3063,-55.255844,-55.172222,0.0126937535,0.11411133,4.9914193
3064,-55.29622,-55.184624,0.012808144,0.114990234,5.0945277
3065,-55.444912,-55.21065,0.017624827,0.11452637,5.1538553
3066,-55.55413,-55.245,0.02648036,0.11782227,5.156092
3067,-55.301308,-55.25063,0.024117684,0.11433106,5.0934863
3068,-55.343357,-55.259903,0.022479773,0.118652344,5.1794496
3069,-55.25125,-55.259037,0.020238532,0.11452637,5.1534276
3070,-55.147503,-55.247883,0.019334266,0.11706543,5.259998
3071,-54.92082,-55.215176,0.027028246,0.12275391,5.2381916
3072,-55.061287,-55.199787,0.026456775,0.11699219,5.2600794
3073,-54.99541,-55.179348,0.027570365,0.11594238,5.0726523
3074,-55.099953,-55.17141,0.025380654,0.119506836,5.0897574
3075,-55.080975,-55.162365,0.023578653,0.1178711,5.1811004
3076,-55.137012,-55.15983,0.021278635,0.11994629,5.1835747
3077,-55.24032,-55.167877,0.01973385,0.11428223,5.2560563
3078,-55.452957,-55.196384,0.025074817,0.11384278,5.2420597
3079,-55.068695,-55.183617,0.024034746,0.113427736,5.144499
3080,-55.22459,-55.187714,0.021782367,0.1140625,5.1341496
3081,-55.295696,-55.198513,0.020653551,0.117041014,5.31012
3082,-55.211475,-55.19981,0.01860332,0.11567383,5.333602
3083,-55.096275,-55.189457,0.017707735,0.1178711,5.2330313
3084,-54.956615,-55.166172,0.020816326,0.115356445,5.1556187
3085,-55.18094,-55.16765,0.018754318,0.1140625,5.220556
3086,-55.163612,-55.167244,0.016880352,0.11459961,5.1190352
3087,-55.20647,-55.171165,0.015330801,0.11643066,5.176492
3088,-55.147575,-55.168808,0.013847805,0.11308594,5.1737666
3089,-55.13018,-55.164944,0.012597312,0.11828613,5.233509
3090,-55.119804,-55.16043,0.01152096,0.120190434,5.210963
3091,-55.201263,-55.164513,0.010518921,0.116162114,5.067596
3092,-55.241325,-55.172195,0.009998046,0.11789551,5.249719
3093,-54.987465,-55.15372,0.012069524,0.118579105,5.146539
3094,-55.05686,-55.144035,0.011706921,0.11899414,5.2879786
3095,-55.183464,-55.14798,0.010676145,0.11428223,5.2154408
3096,-55.37333,-55.170513,0.014178943,0.11623535,5.14481
3097,-55.183086,-55.171772,0.012775276,0.11591797,4.7971573
3098,-55.177727,-55.172367,0.011500939,0.11835938,5.0829835
3099,-55.34099,-55.189228,0.01290982,0.11896973,5.270874
3100,-55.23165,-55.19347,0.011780814,0.11853027,5.089638
3101,-55.142715,-55.188393,0.010834575,0.11428223,5.317073
3102,-55.200806,-55.189632,0.009764985,0.11899414,5.3129506
3103,-55.382935,-55.20896,0.0121514015,0.11533203,5.220561
3104,-55.42455,-55.230522,0.015119283,0.11682129,5.157059
3105,-55.200943,-55.227566,0.013686098,0.11459961,5.1459365
3106,-55.17172,-55.22198,0.0125981895,0.120922856,5.1354547
3107,-55.20945,-55.220726,0.011352503,0.114746094,5.2403393
3108,-55.193295,-55.217983,0.010284976,0.11608887,5.0819387
3109,-55.27236,-55.22342,0.00952261,0.11799317,5.065447
3110,-55.126328,-55.21371,0.00941876,0.11713868,5.060189
3111,-55.19203,-55.211544,0.008519182,0.11381836,5.120702
3112,-55.259434,-55.21633,0.007873672,0.11555176,5.294647
3113,-55.18265,-55.212963,0.0071883956,0.11447754,5.0108614
3114,-55.066063,-55.198273,0.008411726,0.113378905,4.9849143
3115,-55.32247,-55.210693,0.008958836,0.11687012,5.0541005
3116,-55.235176,-55.213142,0.008116899,0.11772461,5.063203
3117,-55.144463,-55.206276,0.0077297315,0.11760254,5.099485
3118,-55.08927,-55.194576,0.008188861,0.11621094,4.999184
3119,-55.081696,-55.18329,0.008516761,0.11630859,5.1769547
3120,-55.13051,-55.17801,0.007915801,0.11999512,5.0938425
3121,-55.196213,-55.17983,0.0071540447,0.11821289,5.214203
3122,-55.386124,-55.20046,0.010268827,0.11657715,5.223039
3123,-55.278572,-55.20827,0.0097910995,0.11726075,5.077935
3124,-55.13365,-55.20081,0.009313113,0.11247559,5.0378118
3125,-55.146347,-55.195362,0.008648756,0.11791992,5.0664244
3126,-55.162712,-55.192097,0.007879822,0.11591797,5.0663786
3127,-55.207092,-55.193596,0.0071120774,0.11948242,5.136723
3128,-55.116226,-55.18586,0.0069396156,0.11972656,5.1964226
3129,-55.171055,-55.18438,0.0062653804,0.117407225,5.4035463
3130,-55.21173,-55.187115,0.005706171,0.11411133,5.1220694
3131,-55.135567,-55.18196,0.0053747017,0.11213379,4.964025
3132,-55.183178,-55.182083,0.004837365,0.11816406,5.1547556
3133,-55.13943,-55.17782,0.0045173564,0.11242676,5.162869
3134,-55.097595,-55.169796,0.004644837,0.11867676,5.0007386
3135,-55.390648,-55.19188,0.008570154,0.116918944,4.925956
3136,-55.412872,-55.213978,0.012108552,0.1171875,5.100824
3137,-55.220062,-55.214584,0.010901028,0.11899414,4.998702
3138,-55.160812,-55.209206,0.010071153,0.11650391,5.028415
3139,-55.2186,-55.210144,0.0090719825,0.1177002,4.9679074
3140,-55.223103,-55.21144,0.008179897,0.11694336,5.070138
3141,-55.150227,-55.20532,0.0076991557,0.11611328,5.108192
3142,-55.177437,-55.20253,0.0069992044,0.11638184,5.060184
3143,-55.134453,-55.19572,0.006716388,0.114428714,5.067232
3144,-55.012,-55.17735,0.00908251,0.11772461,5.0584936
3145,-55.179832,-55.177597,0.008174813,0.115356445,5.1175385
3146,-55.070652,-55.1669,0.008386683,0.1171875,5.0772705
3147,-55.154884,-55.1657,0.0075610094,0.11796875,5.1859617
3148,-55.111725,-55.1603,0.007067097,0.11540528,5.0991654
3149,-55.300888,-55.17436,0.008139207,0.11291504,5.133362
3150,-55.28025,-55.184948,0.00833447,0.11848145,4.944147
3151,-55.195435,-55.185997,0.00751092,0.11506348,4.9380994
3152,-55.174236,-55.184822,0.0067722765,0.113549806,4.949097
3153,-55.325718,-55.198914,0.007881696,0.11464844,4.939117
3154,-55.353622,-55.214386,0.009247662,0.11674805,5.0631685
3155,-55.166748,-55.20962,0.008527138,0.11462402,5.126857
3156,-55.082897,-55.19695,0.009119738,0.11630859,5.188304
3157,-55.316986,-55.208954,0.009504565,0.11508789,5.1347184
3158,-55.290054,-55.217064,0.0091460645,0.11555176,5.1733994
3159,-55.502533,-55.24561,0.01556579,0.11484375,5.1845527
3160,-55.333412,-55.25439,0.014703051,0.114794925,4.9561663
3161,-55.16617,-55.245567,0.013933235,0.11201172,5.0950456
3162,-55.28654,-55.249664,0.012691007,0.116845705,4.9886065
3163,-55.1232,-55.23702,0.012861309,0.116528325,5.1029534
3164,-55.254585,-55.238777,0.01160295,0.11403809,5.069766
3165,-55.23076,-55.237976,0.010448442,0.11323243,5.1183105
3166,-55.29023,-55.243202,0.009649338,0.116162114,5.0428185
3167,-55.434093,-55.26229,0.011963957,0.111816406,5.038151
3168,-55.216816,-55.257744,0.010953679,0.11401367,5.040718
3169,-55.085167,-55.240486,0.012538762,0.11462402,4.949004
3170,-55.11809,-55.22825,0.012633123,0.115112305,5.072839
3171,-55.310707,-55.236496,0.011981756,0.113745116,5.237258
3172,-55.18663,-55.23151,0.011007374,0.11826172,5.103729
3173,-55.392235,-55.24758,0.012231553,0.11469727,5.2430434
3174,-55.31414,-55.25424,0.011407104,0.11767578,5.1415515
3175,-55.297604,-55.258575,0.010435645,0.11774903,5.0927196
3176,-55.216904,-55.25441,0.009548368,0.113745116,5.2556095
3177,-55.349365,-55.263905,0.009405019,0.114672855,5.138038
3178,-55.315613,-55.269073,0.008705153,0.11193848,5.0752807
3179,-55.383568,-55.28052,0.0090144435,0.1121582,5.1047244
3180,-55.386665,-55.291138,0.009126987,0.113110356,5.160717
3181,-55.427658,-55.30479,0.009891692,0.11315918,5.026756
3182,-55.389526,-55.313263,0.009548738,0.113549806,5.0347686
3183,-55.44088,-55.326023,0.01005961,0.11738282,5.185
3184,-55.42042,-55.335464,0.009855646,0.11884766,4.9362664
3185,-55.417755,-55.343693,0.009479539,0.11638184,5.0372314
3186,-55.315456,-55.34087,0.008603341,0.11506348,5.0715866
3187,-55.43621,-55.350403,0.008561093,0.11694336,5.09003
3188,-55.486984,-55.36406,0.009383887,0.11743164,5.048464
3189,-55.319786,-55.35963,0.008621911,0.11530762,4.924737
3190,-55.49807,-55.373474,0.009484606,0.11542969,4.947383
3191,-55.450035,-55.38113,0.009063688,0.11518555,5.045387
3192,-55.447052,-55.387722,0.00854843,0.11364746,5.076475
3193,-55.140694,-55.363018,0.013185657,0.1142334,4.9580636
3194,-55.174137,-55.34413,0.01507793,0.11408692,5.0356007
3195,-55.493042,-55.359024,0.0155658275,0.11477051,5.132986
3196,-55.690598,-55.39218,0.023903932,0.11069336,5.008306
3197,-55.478477,-55.40081,0.022183768,0.11364746,5.0911098
3198,-55.34855,-55.395584,0.020211203,0.11582031,5.0201206
3199,-55.4822,-55.404247,0.0188653,0.11513672,4.8202524
3200,-55.442123,-55.408035,0.017107885,0.112817384,5.0521264
3201,-55.281483,-55.39538,0.016838497,0.11496582,5.0749125
3202,-55.083694,-55.36421,0.023897849,0.117285155,5.0739646
3203,-55.218975,-55.349686,0.023406403,0.11430664,5.1903386
3204,-55.295162,-55.344234,0.021333314,0.11586914,5.0819154
3205,-55.2795,-55.33776,0.019577144,0.11557617,5.0312624
3206,-55.24267,-55.32825,0.018433267,0.11757813,5.2956185
3207,-55.31429,-55.326855,0.016607484,0.11811524,5.088484
3208,-55.134293,-55.3076,0.01828395,0.112988286,5.100831
3209,-55.48049,-55.324886,0.01914585,0.1161377,5.1870813
3210,-55.414692,-55.333866,0.01795712,0.11784668,5.108973
3211,-55.489426,-55.349422,0.018339297,0.117089845,5.1640935
3212,-55.200233,-55.334503,0.01850853,0.11333008,4.972169
3213,-55.28165,-55.329216,0.016909083,0.11643066,4.9897823
3214,-55.356422,-55.331936,0.0152847925,0.11347657,4.840254
3215,-55.259636,-55.324707,0.014226768,0.119262695,4.9975543
3216,-55.396515,-55.331886,0.013268164,0.11430664,5.010471
3217,-55.51539,-55.350235,0.014971923,0.118945315,5.0138965
3218,-55.547478,-55.36996,0.016976153,0.11469727,4.96332
3219,-55.40893,-55.37386,0.015415223,0.11813965,4.9604177
3220,-55.45194,-55.381668,0.014422373,0.114794925,4.9538264
3221,-55.39439,-55.382942,0.012994701,0.11650391,4.8304815
3222,-55.636528,-55.408302,0.017482748,0.114428714,5.0459538
3223,-55.511753,-55.418648,0.01669766,0.118774414,4.9318185
3224,-55.547676,-55.43155,0.01652624,0.11713868,4.898909
3225,-55.511738,-55.439568,0.015452338,0.11408692,4.880956
3226,-55.411903,-55.436802,0.013975982,0.11398926,5.0219927
3227,-55.31445,-55.42457,0.013925698,0.11428223,4.962305
3228,-55.47654,-55.429764,0.01277622,0.11760254,4.983992
3229,-55.44993,-55.43178,0.011535193,0.12001953,5.128693
3230,-55.4039,-55.428993,0.010451638,0.11936035,4.947447
3231,-55.475906,-55.433685,0.00960455,0.11816406,5.017589
3232,-55.36997,-55.427315,0.0090094805,0.117089845,5.1172795
3233,-55.28111,-55.412693,0.0100323865,0.12128907,5.0578265
3234,-55.22787,-55.39421,0.012103477,0.11525879,5.1353993
3235,-55.404034,-55.395195,0.010901812,0.11872559,5.0981107
3236,-55.581818,-55.413857,0.012946151,0.119628906,5.1560974
3237,-55.596123,-55.432083,0.014641425,0.11804199,5.0132127
3238,-55.4176,-55.430634,0.013196164,0.11818848,5.1126585
3239,-55.460506,-55.43362,0.011956862,0.113427736,5.057409
3240,-55.36737,-55.426994,0.011156189,0.11408692,5.083175
3241,-55.322952,-55.41659,0.011014798,0.117456056,5.225038
3242,-55.262863,-55.40122,0.012040238,0.11650391,5.1262426
3243,-55.41673,-55.40277,0.010857866,0.11723633,5.1156507
3244,-55.538166,-55.41631,0.011421943,0.11970215,5.0017133
3245,-55.478348,-55.422512,0.010626137,0.117456056,5.1255126
3246,-55.369255,-55.417187,0.0098187905,0.11606445,4.9462624
3247,-55.36716,-55.412186,0.009062145,0.119189456,5.045619
3248,-55.53089,-55.424057,0.009424126,0.117285155,5.0912256
3249,-55.36882,-55.418533,0.008756313,0.11826172,4.9694433
3250,-55.26012,-55.40269,0.010139201,0.11218262,5.0984383
3251,-55.33927,-55.396347,0.009487261,0.11271973,4.9704814
3252,-55.48608,-55.40532,0.009263218,0.11679687,5.094222
3253,-55.37555,-55.402344,0.008416658,0.11379395,5.1278343
3254,-55.52482,-55.414593,0.0089249965,0.11679687,5.1408296
3255,-55.384323,-55.411568,0.008114959,0.115112305,4.928489
3256,-55.39402,-55.409813,0.007331176,0.11513672,5.0139217
3257,-55.257797,-55.39461,0.008677848,0.11555176,4.918353
3258,-55.380806,-55.39323,0.007827216,0.11403809,4.9539104
3259,-55.347923,-55.3887,0.0072292406,0.11599121,5.0904393
3260,-55.480286,-55.397858,0.0072612534,0.11513672,4.965737
3261,-55.53294,-55.411366,0.008177377,0.11538086,5.0155883
3262,-55.42431,-55.41266,0.007374717,0.1133545,5.1066694
3263,-55.4618,-55.417572,0.00685458,0.1140625,4.82741
3264,-55.481247,-55.42394,0.006534026,0.11538086,5.095488
3265,-55.446327,-55.426178,0.005925735,0.11171875,4.9504495
3266,-55.44909,-55.42847,0.0053804037,0.11647949,4.970701
3267,-55.383514,-55.423973,0.0050242585,0.11254883,4.9634547
3268,-55.41159,-55.422733,0.004535632,0.1144043,4.938802
3269,-55.65156,-55.445618,0.00879469,0.11645508,4.8705673
3270,-55.39324,-55.44038,0.00816211,0.11513672,4.876943
3271,-55.683167,-55.46466,0.01265097,0.11550293,4.9810495
3272,-55.392982,-55.457493,0.011848272,0.111816406,4.8356557
3273,-55.590813,-55.470825,0.012263121,0.11884766,4.8117285
3274,-55.53138,-55.47688,0.011366826,0.11501465,4.9797783
3275,-55.54296,-55.483486,0.010623158,0.11650391,4.79345
3276,-55.474693,-55.482605,0.009567801,0.11750489,4.893222
3277,-55.55232,-55.48958,0.009048419,0.11520996,4.941741
3278,-55.583237,-55.498943,0.008933049,0.11555176,5.047581
3279,-55.535027,-55.502552,0.008156924,0.11584473,5.1012745
3280,-55.73716,-55.526012,0.012294901,0.11569824,5.342164
3281,-55.578186,-55.53123,0.011310399,0.117333986,5.073033
3282,-55.627098,-55.540817,0.011006504,0.11567383,5.056558
3283,-55.52809,-55.539543,0.0099204285,0.11550293,5.3134546
3284,-55.825104,-55.5681,0.016267423,0.11564942,5.0937586
3285,-55.768208,-55.58811,0.018244553,0.116601564,5.1130652
3286,-55.6358,-55.59288,0.016624767,0.11748047,5.1330223
3287,-55.511196,-55.584713,0.015562797,0.11896973,5.1266456
3288,-55.479042,-55.574146,0.015011488,0.11508789,4.9502916
3289,-55.417694,-55.558502,0.015713295,0.11396485,4.962628
3290,-55.566185,-55.55927,0.014147278,0.11462402,4.898891
3291,-55.634052,-55.566746,0.013235879,0.11862793,4.8553634
3292,-55.706963,-55.58077,0.013681759,0.11606445,5.0960016
3293,-55.7804,-55.60073,0.015900303,0.11599121,5.022587
3294,-55.630722,-55.60373,0.014391225,0.11638184,5.1229596
3295,-55.600586,-55.603416,0.012952992,0.118823245,5.0891623
3296,-55.607494,-55.603825,0.011659189,0.1171875,5.115797
3297,-55.547737,-55.598217,0.010776392,0.11594238,4.961377
3298,-55.456657,-55.58406,0.011502273,0.11435547,5.0134425
3299,-55.353622,-55.561016,0.015131205,0.115234375,4.9770217
3300,-55.679726,-55.572887,0.014886361,0.11564942,4.962604
3301,-55.57032,-55.57263,0.013398318,0.116650395,5.135013
3302,-55.411125,-55.55648,0.014406082,0.11574707,5.021295
3303,-55.211716,-55.522003,0.023663117,0.115356445,4.9616547
3304,-55.403183,-55.51012,0.022567445,0.11757813,4.995082
3305,-55.54299,-55.51341,0.020407947,0.12089844,4.958103
3306,-55.45614,-55.507683,0.01866234,0.11574707,4.973092
3307,-55.38187,-55.495102,0.018220697,0.11774903,4.9846582
3308,-55.2428,-55.46987,0.022127613,0.11611328,5.1230707
3309,-55.4681,-55.469696,0.019915134,0.112695314,5.0208764
3310,-55.457756,-55.468502,0.017936451,0.1171875,4.9994335
3311,-55.564804,-55.478134,0.016977472,0.1154541,4.963915
3312,-55.55726,-55.486046,0.015843187,0.11794434,4.8019743
3313,-55.516823,-55.489124,0.014344119,0.11484375,4.8756566
3314,-55.536568,-55.49387,0.013112285,0.11767578,4.897404
3315,-55.457787,-55.49026,0.0119182365,0.11574707,4.950759
3316,-55.470848,-55.48832,0.01076033,0.11513672,4.8244333
3317,-55.41577,-55.481064,0.010157985,0.11784668,5.0253654
3318,-55.45881,-55.47884,0.009186761,0.11345215,4.9648657
3319,-55.52409,-55.483364,0.008452365,0.11484375,5.0595355
3320,-55.46517,-55.481544,0.0076369145,0.11989746,4.9840627
3321,-55.431026,-55.476494,0.007102909,0.1161377,5.1055703
3322,-55.52695,-55.48154,0.00662175,0.116284184,5.054744
3323,-55.62223,-55.49561,0.007741002,0.11813965,4.9086943
3324,-55.6257,-55.508617,0.00849007,0.11555176,4.9028807
3325,-55.57912,-55.515667,0.008088426,0.11806641,5.0495896
3326,-55.555183,-55.51962,0.007420122,0.11862793,5.083735
3327,-55.736065,-55.541264,0.010894505,0.11594238,5.155005
3328,-55.690582,-55.556194,0.011811701,0.11530762,5.0349526
3329,-55.591473,-55.559723,0.010742541,0.117456056,5.068341
3330,-55.48504,-55.552254,0.010170282,0.12026367,4.990879
3331,-55.49323,-55.546352,0.009466807,0.11411133,4.978899
3332,-55.47976,-55.539692,0.008919245,0.11398926,5.092976
3333,-55.480156,-55.533737,0.008346328,0.11816406,5.154105
3334,-55.448227,-55.525185,0.008169775,0.11779785,5.031833
3335,-55.470367,-55.519703,0.0076232404,0.11884766,5.0689387
3336,-55.51718,-55.51945,0.0068614883,0.116528325,5.018091
3337,-55.773613,-55.54487,0.011989181,0.11481934,5.0070567
3338,-55.6214,-55.55252,0.011317384,0.117041014,5.090345
3339,-55.586304,-55.5559,0.010288361,0.11425781,5.22231
3340,-55.578728,-55.55818,0.0093064215,0.11240234,4.978563
3341,-55.439003,-55.546265,0.009654102,0.11574707,4.928655
3342,-55.471252,-55.538765,0.009195106,0.11506348,4.922577
3343,-55.53534,-55.53842,0.008276652,0.11481934,4.9900846
3344,-55.36631,-55.52121,0.0101149995,0.11726075,4.8037024
3345,-55.697704,-55.53886,0.011907031,0.119018555,5.02659
3346,-55.865337,-55.571507,0.020309182,0.119189456,4.914413
3347,-55.656403,-55.579994,0.018926924,0.11872559,5.054018
3348,-55.51605,-55.5736,0.017402247,0.119067386,4.9529557
3349,-55.643578,-55.580597,0.01610273,0.1206543,4.862852
3350,-55.66175,-55.58871,0.015085192,0.11835938,4.960496
3351,-55.682137,-55.598053,0.014362226,0.115356445,4.8239145
3352,-55.77176,-55.615425,0.015641645,0.120751955,5.0604753
3353,-55.676224,-55.621506,0.014410162,0.11767578,5.091978
3354,-55.641598,-55.623516,0.013005478,0.11679687,4.9588737
3355,-55.52408,-55.61357,0.012594838,0.11669922,5.163447
3356,-55.658424,-55.618057,0.011516417,0.11574707,5.0031095
3357,-55.70994,-55.627247,0.011124626,0.11799317,5.084199
3358,-55.54676,-55.619198,0.010595188,0.11835938,5.1578946
3359,-55.462242,-55.6035,0.011752828,0.11674805,5.0298195
3360,-55.569084,-55.60006,0.0106841475,0.118896484,4.9688845
3361,-55.52541,-55.592594,0.010117266,0.11452637,4.9887443
3362,-55.593227,-55.59266,0.009105575,0.118823245,4.9265294
3363,-55.517174,-55.58511,0.008707839,0.120312504,4.912579
3364,-55.515648,-55.578163,0.0082713,0.11533203,5.005342
3365,-55.383026,-55.55865,0.010871231,0.119067386,5.0112915
3366,-55.4162,-55.544407,0.011610446,0.119506836,4.943817
3367,-55.49536,-55.5395,0.010665893,0.12036133,5.0115323
3368,-55.455795,-55.53113,0.010229904,0.118823245,4.845171
3369,-55.704483,-55.548466,0.011911473,0.11823731,5.1150784
3370,-55.668594,-55.56048,0.012019105,0.11791992,5.135371
3371,-55.780136,-55.582443,0.015159657,0.117651366,5.0032473
3372,-55.810825,-55.60528,0.018337946,0.116406254,5.025946
3373,-55.66574,-55.61133,0.016833128,0.11796875,5.050404
3374,-55.444107,-55.594604,0.017666474,0.11823731,5.754892
3375,-55.561012,-55.591244,0.016001387,0.11760254,5.192812
3376,-55.5424,-55.58636,0.014615959,0.113256834,5.138453
3377,-55.58081,-55.585808,0.013157135,0.117651366,5.1094484
3378,-55.39628,-55.566856,0.015074346,0.11564942,5.1224084
3379,-55.3992,-55.55009,0.016096678,0.11264648,5.003806
3380,-55.303104,-55.52539,0.019977214,0.117773436,5.1372123
3381,-55.425514,-55.515404,0.01887727,0.11774903,4.976471
3382,-55.692093,-55.533073,0.019799257,0.11772461,4.9679365
3383,-55.657177,-55.545483,0.019205483,0.11574707,4.9377255
3384,-55.67897,-55.55883,0.018888641,0.11711426,5.0927167
3385,-55.59526,-55.562473,0.017119221,0.11843262,4.922283
3386,-55.614525,-55.56768,0.015651142,0.11569824,5.0534244
3387,-55.52728,-55.56364,0.014232933,0.116845705,5.0723147
3388,-55.41272,-55.54855,0.014859579,0.11621094,5.013362
3389,-55.52166,-55.54586,0.013438696,0.116650395,5.1153555
3390,-55.53022,-55.544296,0.012116842,0.11821289,4.9392166
3391,-55.386646,-55.52853,0.013141974,0.11813965,4.9429207
3392,-55.47326,-55.523003,0.012102717,0.11506348,4.848287
3393,-55.85445,-55.55615,0.02077962,0.11979981,5.0422893
3394,-55.796566,-55.58019,0.023903709,0.11655273,5.1088195
3395,-55.739082,-55.596077,0.023785582,0.115722656,5.15819
3396,-55.801346,-55.616604,0.025199201,0.11484375,4.967004
3397,-55.72136,-55.62708,0.023666913,0.120874025,4.927226
3398,-55.60675,-55.625046,0.021337412,0.11711426,4.9875183
3399,-55.568512,-55.619392,0.019491317,0.116406254,4.8270216
3400,-55.56697,-55.61415,0.017789505,0.11826172,4.9113083
3401,-55.55218,-55.607956,0.016356178,0.11540528,4.7996783
3402,-55.625767,-55.609737,0.01474911,0.11799317,4.8047285
3403,-55.869083,-55.635674,0.019327631,0.11489258,4.941075
3404,-55.74781,-55.64689,0.01852659,0.1142334,4.9616885
3405,-55.639366,-55.646137,0.016679022,0.11367188,4.8832436
3406,-55.57322,-55.638847,0.015489653,0.11518555,4.9471703
3407,-55.595695,-55.634533,0.014108275,0.11784668,4.8510604
3408,-55.52053,-55.62313,0.013867132,0.11650391,4.8842473
3409,-55.5035,-55.611168,0.013768416,0.114916995,4.953259
3410,-55.536037,-55.603653,0.012899587,0.11589356,4.8863435
3411,-55.64241,-55.60753,0.01174482,0.11706543,4.8583775
3412,-55.667503,-55.613525,0.010894064,0.11992188,4.9306717
3413,-55.72635,-55.62481,0.010950279,0.116845705,5.0371118
3414,-55.61823,-55.624153,0.009859148,0.11911621,4.897994
3415,-55.37979,-55.599716,0.014247379,0.1217041,4.9310284
3416,-55.636375,-55.603382,0.012943592,0.11828613,5.0628643
3417,-55.698196,-55.61286,0.0124583095,0.1184082,4.9844375
3418,-55.87878,-55.639454,0.017576627,0.116650395,5.032601
3419,-55.75505,-55.651012,0.0170216,0.11694336,5.071205
3420,-55.715637,-55.657475,0.015695313,0.11464844,4.873101
3421,-55.7306,-55.664787,0.014607022,0.12028809,4.7669973
3422,-55.672516,-55.66556,0.013151695,0.11635742,4.9994125
3423,-55.613895,-55.660397,0.012076772,0.11887207,4.9612722
3424,-55.761543,-55.67051,0.011789853,0.119506836,4.858798
3425,-55.741814,-55.67764,0.011068455,0.117285155,4.87914
3426,-55.87783,-55.69766,0.013568507,0.11555176,4.8403845
3427,-55.72563,-55.700455,0.01228208,0.11591797,5.0960197
3428,-55.770996,-55.707508,0.011501719,0.114746094,4.975904
3429,-55.662045,-55.70296,0.010537571,0.11726075,4.882737
3430,-55.695824,-55.702248,0.009488399,0.115356445,5.075227
3431,-55.562866,-55.68831,0.010288005,0.11398926,5.0004992
3432,-55.616013,-55.68108,0.00972961,0.112817384,4.992257
3433,-55.76754,-55.689728,0.009429431,0.11359864,4.9036326
3434,-55.775085,-55.698265,0.009142221,0.11433106,4.9917707
3435,-55.620567,-55.690495,0.008771324,0.11384278,5.0615277
3436,-55.714127,-55.692856,0.0079444535,0.11413574,4.86339
3437,-55.751587,-55.69873,0.0074604484,0.11357422,4.9139357
3438,-55.70732,-55.69959,0.0067210454,0.11606445,4.834513
3439,-55.69455,-55.699085,0.006051226,0.11469727,4.822572
3440,-55.72136,-55.701313,0.005490755,0.113427736,4.7833624
3441,-55.7417,-55.705353,0.0050884737,0.11450195,4.824899
3442,-55.81613,-55.71643,0.005684101,0.113378905,4.830791
3443,-55.71084,-55.71587,0.0051185056,0.11538086,4.891339
3444,-55.731182,-55.7174,0.004627757,0.11303711,5.010313
3445,-55.75767,-55.721428,0.004310944,0.11555176,4.909661
3446,-55.692986,-55.718582,0.003952657,0.11582031,4.8876057
3447,-55.654854,-55.712208,0.003922908,0.11462402,4.889316
3448,-55.81532,-55.72252,0.004487491,0.1145752,4.88123
3449,-55.821487,-55.732414,0.0049202708,0.11813965,4.8641424
3450,-55.711624,-55.730335,0.004467144,0.11530762,4.9024887
3451,-55.51761,-55.70906,0.008093164,0.11809082,4.8894343
3452,-55.51819,-55.689972,0.010562745,0.11608887,4.85231
3453,-55.890774,-55.710052,0.013135394,0.11916504,4.9197855
3454,-55.792385,-55.718285,0.012431934,0.11542969,4.7797303
3455,-55.800957,-55.72655,0.011803861,0.11750489,4.9048877
3456,-55.793274,-55.733223,0.011024149,0.116723634,4.8033156
3457,-55.698666,-55.729767,0.010029213,0.11811524,4.720122
3458,-55.75965,-55.732754,0.009106668,0.117211916,4.7922783
3459,-55.77953,-55.73743,0.008392919,0.11838379,4.9413333
3460,-55.693882,-55.733074,0.00772431,0.119262695,4.878935
3461,-55.667847,-55.72655,0.0073347953,0.12033691,4.9756365
3462,-55.59788,-55.713684,0.008091346,0.115039065,4.852768
3463,-55.6795,-55.710266,0.007387378,0.117285155,4.9009476
3464,-55.695538,-55.708794,0.0066681635,0.115478516,4.790411
3465,-55.694366,-55.70735,0.0060200803,0.11538086,4.8579817
3466,-55.593037,-55.69592,0.0065941857,0.11420899,4.8777037
3467,-55.495407,-55.67587,0.00955322,0.112695314,4.642016
3468,-55.565506,-55.664833,0.009694098,0.11425781,4.7061405
3469,-55.789993,-55.67735,0.010134544,0.115356445,4.8252954
3470,-55.816628,-55.691277,0.010866953,0.11599121,4.8213234
3471,-55.835907,-55.705738,0.011662874,0.11608887,4.81496
3472,-55.81648,-55.716812,0.011600302,0.11289062,4.789436
3473,-55.7446,-55.71959,0.010509758,0.11159668,4.84946
3474,-55.701256,-55.717754,0.009489032,0.1140625,4.945916
3475,-55.642307,-55.71021,0.009052432,0.11657715,4.913731
3476,-55.5476,-55.693947,0.010526943,0.1166748,4.9972897
3477,-55.754616,-55.700012,0.009805513,0.11711426,4.8823547
3478,-55.762466,-55.706257,0.009176008,0.11743164,4.752584
3479,-55.689674,-55.704597,0.008283156,0.11884766,4.8113317
3480,-55.815063,-55.715645,0.008553087,0.11767578,4.950032
3481,-55.76902,-55.72098,0.00795418,0.11965332,4.8998055
3482,-55.808674,-55.72975,0.007850856,0.119018555,4.8938365
3483,-55.76803,-55.733578,0.0071976287,0.11791992,4.815322
3484,-55.81289,-55.74151,0.007043992,0.11638184,4.9108095
3485,-55.935738,-55.760933,0.009734838,0.11364746,4.868736
3486,-55.758507,-55.76069,0.008761884,0.115039065,4.9712167
3487,-55.783443,-55.762962,0.007932295,0.11638184,4.839063
3488,-55.723705,-55.759037,0.007277766,0.113745116,4.9656177
3489,-55.69073,-55.752205,0.0069699027,0.11848145,5.003173
3490,-55.631653,-55.74015,0.0075808647,0.11379395,5.0114746
3491,-55.6256,-55.728695,0.008003764,0.11542969,5.0466533
3492,-55.788353,-55.73466,0.0075237053,0.11630859,5.0402246
3493,-55.609547,-55.72215,0.008180161,0.11647949,5.0276375
3494,-55.621975,-55.71213,0.008265279,0.116894536,4.904304
3495,-55.682297,-55.70915,0.007518861,0.11669922,4.9615054
3496,-55.626945,-55.700928,0.007375133,0.117456056,4.9010196
3497,-55.84302,-55.715137,0.0084547745,0.11748047,5.020198
3498,-55.647827,-55.708405,0.008017058,0.1159668,4.9831214
3499,-55.649857,-55.70255,0.0075238594,0.113623045,4.947608
3500,-55.67932,-55.700226,0.0068200305,0.1128418,4.899091
3501,-55.786385,-55.708843,0.006806127,0.11520996,4.8388314
3502,-55.79471,-55.71743,0.006789066,0.11618652,4.9741583
3503,-56.014954,-55.74718,0.01407698,0.11291504,4.7465167
3504,-55.87115,-55.75958,0.014052453,0.114746094,4.7613864
3505,-55.80107,-55.76373,0.012802154,0.11757813,4.8405848
3506,-55.743088,-55.761665,0.011560284,0.11826172,4.763691
3507,-55.567535,-55.742252,0.013796034,0.11611328,4.8899384
3508,-55.689117,-55.73694,0.01267053,0.11584473,4.855055
3509,-55.634197,-55.726665,0.012353495,0.114916995,4.7312503
3510,-55.73751,-55.72775,0.01112873,0.117041014,4.889341
3511,-55.585026,-55.713478,0.011849145,0.11518555,4.713529
3512,-55.563652,-55.698494,0.012684536,0.11469727,4.8507333
3513,-55.852768,-55.71392,0.013558123,0.11506348,4.910237
3514,-55.825714,-55.7251,0.0133271115,0.114746094,4.7066894
3515,-55.66813,-55.719406,0.012286528,0.118701175,4.751139
3516,-55.687645,-55.71623,0.011148664,0.11809082,4.899876
3517,-55.686646,-55.713272,0.010112561,0.11586914,4.860027
3518,-55.733704,-55.715317,0.009138875,0.1159668,4.9310236
3519,-55.752728,-55.71906,0.008350948,0.11520996,4.8762507
3520,-55.759033,-55.723057,0.007659667,0.11520996,4.9862075
3521,-55.820465,-55.732796,0.0077476543,0.11540528,4.888031
3522,-55.790035,-55.738518,0.007267761,0.116601564,4.798984
3523,-55.83063,-55.74773,0.0073046256,0.11618652,4.8742614
3524,-55.691093,-55.742065,0.0068628583,0.11621094,4.8700547
3525,-55.847588,-55.752617,0.007178716,0.116723634,4.9020076
3526,-55.79732,-55.757088,0.006640708,0.115283206,4.8903985
3527,-55.647106,-55.74609,0.007065272,0.11601563,4.8230305
3528,-55.802944,-55.751774,0.0066496613,0.117285155,4.873828
3529,-55.697197,-55.746315,0.006252772,0.11352539,4.91789
3530,-55.619423,-55.733627,0.0070766397,0.11425781,4.9382434
3531,-55.754356,-55.7357,0.006407648,0.116528325,4.984536
3532,-55.836044,-55.745735,0.0066731144,0.1145752,4.8071823
3533,-55.815228,-55.752686,0.0064404295,0.114990234,4.8391895
3534,-55.728073,-55.750225,0.0058509056,0.11647949,4.770139
3535,-55.73142,-55.748344,0.0052976464,0.11196289,4.902351
3536,-55.821365,-55.755646,0.005247767,0.11540528,4.7360454
3537,-55.616005,-55.74168,0.00647795,0.11550293,4.884844
3538,-55.75306,-55.742817,0.005841809,0.114868164,5.025422
3539,-55.888706,-55.757404,0.0071731587,0.11657715,4.780617
3540,-55.66083,-55.747746,0.007295212,0.113012694,5.060498
3541,-55.692505,-55.74222,0.0068403278,0.11757813,4.8926263
3542,-55.707207,-55.73872,0.00626664,0.11379395,4.8097906
3543,-55.64739,-55.729588,0.0063907057,0.11472168,4.8867793
3544,-55.799892,-55.736618,0.006196485,0.11743164,4.9416766
3545,-55.725197,-55.735477,0.005588576,0.11623535,4.7229137
3546,-55.85407,-55.747337,0.006295469,0.11428223,4.9373627
3547,-55.9226,-55.764862,0.008430445,0.11713868,4.770631
3548,-55.964012,-55.78478,0.011156867,0.11391602,4.671001
3549,-56.051975,-55.811497,0.016466644,0.116845705,4.917953
3550,-55.796288,-55.809975,0.0148407975,0.11806641,4.8846993
3551,-55.833267,-55.812305,0.013405547,0.113427736,4.914022
3552,-55.81905,-55.81298,0.012069086,0.11364746,4.805321
3553,-55.975193,-55.8292,0.013230333,0.11450195,4.8096857
3554,-55.781845,-55.824467,0.01210913,0.114794925,4.7744484
3555,-55.775536,-55.819572,0.0111136995,0.116723634,4.8878493
3556,-56.07348,-55.844963,0.015804484,0.11564942,4.792524
3557,-55.821815,-55.842648,0.014272259,0.11584473,4.804208
3558,-55.87378,-55.84576,0.01293226,0.115356445,4.783231
3559,-55.71746,-55.83293,0.013120507,0.11608887,4.9280105
3560,-55.898926,-55.83953,0.012200428,0.11755371,5.0062294
3561,-55.85006,-55.840584,0.010990361,0.115722656,4.8098593
3562,-55.905277,-55.847054,0.010267996,0.11674805,4.880574
3563,-55.865154,-55.84886,0.009270684,0.11853027,4.961184
3564,-55.713997,-55.835377,0.009980582,0.11767578,4.841817
3565,-55.63804,-55.815643,0.012487333,0.11591797,4.799739
3566,-55.83467,-55.817547,0.011271184,0.11520996,4.83345
3567,-55.84967,-55.82076,0.0102369385,0.11855469,4.784318
3568,-55.797188,-55.8184,0.009263247,0.11630859,4.68242
3569,-55.78855,-55.815414,0.008417115,0.11650391,4.809899
3570,-55.886078,-55.82248,0.008024802,0.118457034,4.9706564
3571,-55.974052,-55.837635,0.009290021,0.11860352,5.0483665
3572,-55.87829,-55.8417,0.008509761,0.116406254,4.8270884
3573,-55.743095,-55.83184,0.008533869,0.11633301,5.0567083
3574,-55.856064,-55.834263,0.007733291,0.11826172,4.9693503
3575,-55.933697,-55.844208,0.0078498,0.11567383,4.8906865
3576,-55.93306,-55.853092,0.0077753398,0.117773436,4.9479637
3577,-55.864697,-55.85425,0.007009925,0.119067386,4.718895
3578,-56.0422,-55.873047,0.009488076,0.11601563,4.8978796
3579,-55.97666,-55.883408,0.00950551,0.11633301,4.841514
3580,-55.878433,-55.88291,0.008557186,0.11796875,4.8190374
3581,-55.77358,-55.87198,0.008777302,0.117016606,4.832364
3582,-55.816452,-55.866425,0.008177061,0.120800786,4.8957763
3583,-55.83474,-55.863255,0.007449708,0.11987305,4.8938146
3584,-55.786987,-55.85563,0.0072282394,0.12202149,4.867148
3585,-55.69537,-55.839603,0.008816888,0.11748047,5.091557
3586,-55.7254,-55.828182,0.009109036,0.119262695,4.8418937
3587,-55.73863,-55.819225,0.008919923,0.11713868,5.0523953
3588,-55.75198,-55.8125,0.008434906,0.11916504,5.0058966
3589,-55.88331,-55.81958,0.00804266,0.11557617,5.0760183
3590,-55.82047,-55.819668,0.007238465,0.11540528,4.9581537
3591,-55.849846,-55.822685,0.006596583,0.11853027,5.1148
3592,-55.832405,-55.823658,0.005945427,0.118457034,4.885899
3593,-56.069088,-55.8482,0.010772113,0.117016606,5.057996
3594,-55.975754,-55.86096,0.011159157,0.1173584,5.106809
3595,-55.744354,-55.849297,0.011266922,0.1171875,6.5470448
3596,-54.942924,-55.75866,0.08407616,0.11826172,47.35509
3597,-55.88642,-55.771435,0.07713762,0.11618652,4.999404
3598,-55.773746,-55.771667,0.06942434,0.116723634,5.0190864
3599,-55.7525,-55.769753,0.062514976,0.114794925,4.95189
3600,-55.849495,-55.777725,0.056835774,0.117016606,5.0299735
3601,-55.88079,-55.788033,0.052108217,0.113867186,5.115766
3602,-55.65902,-55.77513,0.048395388,0.11518555,4.980165
3603,-55.735012,-55.77112,0.043700706,0.116528325,4.92228
3604,-55.807686,-55.774776,0.03945098,0.11884766,4.9115453
3605,-55.755623,-55.77286,0.0355389,0.11748047,4.9004073
3606,-55.857513,-55.781326,0.032629948,0.1154541,4.9077497
3607,-55.911148,-55.794308,0.030883785,0.11904297,4.8327317
3608,-55.79208,-55.794086,0.027795851,0.117407225,4.818248
3609,-55.680702,-55.78275,0.026173305,0.116601564,4.8023376
3610,-55.628105,-55.767284,0.025708303,0.11228027,5.041383
3611,-55.831303,-55.773685,0.023506323,0.11501465,4.872929
3612,-55.751335,-55.77145,0.02120065,0.113110356,4.784803
3613,-56.025352,-55.79684,0.024882564,0.115112305,4.8298726
3614,-55.795418,-55.7967,0.02239449,0.11823731,4.7943325
3615,-55.767883,-55.79382,0.020229774,0.11760254,4.7592964
3616,-55.760803,-55.79052,0.018304903,0.117041014,4.744491
3617,-55.863655,-55.797832,0.016955804,0.11657715,4.8030696
3618,-55.867023,-55.804752,0.015691089,0.11647949,4.9945397
3619,-55.819145,-55.80619,0.014140624,0.11674805,4.940402
3620,-55.860794,-55.81165,0.012994901,0.11791992,4.843915
3621,-55.99913,-55.8304,0.014858829,0.1177002,4.9619093
3622,-55.860397,-55.833397,0.013453939,0.11713868,4.9259753
3623,-55.82561,-55.83262,0.0121140005,0.11713868,4.8029084
3624,-55.72584,-55.82194,0.011928723,0.1190918,4.819468
3625,-55.913788,-55.831127,0.01149507,0.116528325,4.9044514
3626,-55.820126,-55.83003,0.010356455,0.116406254,4.8106003
3627,-55.720707,-55.819096,0.010396418,0.11606445,4.6934505
3628,-55.792572,-55.816444,0.009420091,0.11767578,4.7824287
3629,-55.808624,-55.815662,0.008483586,0.11791992,4.7983413
3630,-55.910156,-55.82511,0.008438845,0.11799317,4.7160215
3631,-55.952324,-55.837833,0.009051433,0.116772465,4.777446
3632,-55.984116,-55.852463,0.010072152,0.11713868,4.699948
3633,-55.696056,-55.836823,0.011266603,0.11955567,4.8727207
3634,-55.6657,-55.81971,0.012775435,0.11965332,4.817999
3635,-55.722652,-55.810005,0.012345703,0.11481934,4.8622584
3636,-55.74954,-55.80396,0.011440193,0.11816406,4.9216247
3637,-55.746857,-55.79825,0.010589633,0.11630859,4.7282743
3638,-55.885094,-55.806934,0.010209461,0.12033691,4.8202486
3639,-55.785774,-55.804817,0.0092288125,0.11826172,4.845358
3640,-55.910625,-55.8154,0.009313516,0.11699219,4.907693
3641,-55.88592,-55.822453,0.00882977,0.11723633,4.901041
3642,-56.029984,-55.843204,0.0118230125,0.11525879,4.767587
3643,-55.90851,-55.849735,0.011024524,0.11774903,4.8929696
3644,-55.991737,-55.863937,0.011736886,0.11713868,4.814334
3645,-56.109154,-55.88846,0.015974993,0.11508789,4.788799
3646,-55.921368,-55.89175,0.014474967,0.11315918,4.8739533
3647,-56.07811,-55.910385,0.016153155,0.11606445,4.9104376
3648,-55.94144,-55.91349,0.0146246385,0.11662598,4.9142866
3649,-55.89671,-55.91181,0.013187517,0.11955567,4.8706183
3650,-55.840355,-55.904667,0.012328314,0.11801758,4.778356
3651,-55.89103,-55.903305,0.011112221,0.11789551,4.830279
3652,-55.975067,-55.91048,0.01046448,0.11911621,4.902798
3653,-55.96061,-55.915493,0.0096441945,0.11723633,4.840316
3654,-56.079422,-55.931885,0.01109832,0.11811524,4.749541
3655,-55.85961,-55.924656,0.010458596,0.118652344,4.980391
3656,-56.088596,-55.94105,0.011831618,0.11591797,4.8138313
3657,-55.97346,-55.944294,0.01074299,0.11884766,4.6728334
3658,-55.944855,-55.94435,0.00966872,0.118896484,4.89707
3659,-55.993153,-55.94923,0.00891619,0.12011719,4.8145905
3660,-55.9885,-55.953156,0.0081633525,0.11916504,4.756941
3661,-55.87343,-55.945183,0.007919095,0.11674805,4.6859202
3662,-55.868958,-55.93756,0.0076501127,0.11657715,4.815012
3663,-55.899742,-55.93378,0.0070138257,0.116650395,4.728994
3664,-55.91909,-55.932312,0.0063318657,0.1199707,4.739183
3665,-55.945724,-55.933655,0.0057148696,0.118823245,4.597388
3666,-56.094803,-55.949768,0.007480565,0.11706543,4.660424
3667,-56.059006,-55.960693,0.007806467,0.11599121,4.873538
3668,-56.08635,-55.97326,0.008446872,0.118579105,4.8640037
3669,-56.00846,-55.97678,0.007713711,0.116162114,4.6687407
3670,-56.05366,-55.984467,0.007474307,0.11791992,4.9334035
3671,-56.11412,-55.997433,0.008239789,0.11799317,5.0072722
3672,-56.22076,-56.019764,0.0119045805,0.1177002,4.8188157
3673,-56.08086,-56.025875,0.011050069,0.11425781,4.7492094
3674,-55.954014,-56.01869,0.0104098255,0.120068364,4.8187428
3675,-56.047634,-56.021584,0.009444251,0.119262695,4.849958
3676,-55.916023,-56.01103,0.009502693,0.11953125,4.710303
3677,-56.06633,-56.01656,0.008827669,0.11831055,4.8600783
3678,-56.159523,-56.030857,0.00978437,0.11501465,4.8053713
3679,-56.05376,-56.033146,0.008853144,0.11662598,4.6912107
3680,-55.995884,-56.02942,0.00809279,0.115234375,4.781429
3681,-55.946827,-56.02116,0.00789744,0.11599121,4.9062166
3682,-56.06199,-56.02524,0.0072577246,0.11794434,4.9438405
3683,-55.924545,-56.01517,0.007444534,0.117211916,4.861544
3684,-55.947655,-56.00842,0.0071103415,0.11828613,4.68876
3685,-56.030975,-56.010674,0.0064450977,0.11791992,4.728706
3686,-55.932083,-56.002815,0.006356468,0.11867676,4.8912106
3687,-56.044895,-56.007023,0.005880186,0.119189456,4.951435
3688,-56.100224,-56.016342,0.00607394,0.12138672,5.08583
3689,-56.123035,-56.02701,0.0064910566,0.12026367,4.9305778
3690,-55.93746,-56.01806,0.0065636793,0.11762696,4.9107213
3691,-56.04557,-56.02081,0.005975431,0.11958008,4.9686675
3692,-55.905655,-56.009293,0.006571333,0.11806641,4.7556176
3693,-55.932095,-56.00157,0.006450558,0.11831055,4.884255
3694,-56.139366,-56.01535,0.007514361,0.11848145,4.9218154
3695,-55.9713,-56.010944,0.0069375774,0.11513672,4.738873
3696,-55.983658,-56.008217,0.0063108294,0.11782227,4.7654047
3697,-56.106934,-56.01809,0.0065567954,0.11933594,4.7941575
3698,-56.08047,-56.024326,0.006251349,0.11743164,4.6865892
3699,-56.14048,-56.035942,0.006840466,0.116528325,4.892394
3700,-56.160973,-56.048447,0.0075633563,0.119189456,4.930537
3701,-55.884434,-56.032043,0.009228041,0.1201416,4.868649
3702,-56.218903,-56.050728,0.011447707,0.11821289,4.894128
3703,-55.9779,-56.043446,0.010780268,0.122558594,4.9718194
3704,-55.89858,-56.028957,0.01159102,0.11713868,4.8393416
3705,-55.777596,-56.003822,0.016118368,0.118774414,4.686021
3706,-56.021023,-56.005543,0.014533158,0.11760254,4.987511
3707,-55.994812,-56.00447,0.013090205,0.12001953,5.0878124
3708,-56.05117,-56.00914,0.011977461,0.11799317,4.8053575
3709,-56.081406,-56.016365,0.011249723,0.11584473,4.9703135
3710,-55.963387,-56.011066,0.010377356,0.12009277,4.849502
3711,-56.171677,-56.027126,0.011661227,0.11933594,4.815554
3712,-56.207077,-56.04512,0.013409507,0.117285155,4.78999
3713,-55.978653,-56.038475,0.012466167,0.11574707,4.798446
3714,-56.087112,-56.04334,0.011432454,0.11289062,4.748371
3715,-55.9177,-56.030777,0.011709829,0.120190434,4.8245215
3716,-55.857506,-56.01345,0.013240907,0.11823731,4.892268
3717,-55.82653,-55.99476,0.015061339,0.11972656,4.7835155
3718,-55.995907,-55.994873,0.013555324,0.11853027,4.7649927
3719,-56.06067,-56.001453,0.01258941,0.121167,4.9062486
3720,-56.1121,-56.01252,0.012432283,0.11723633,4.960073
3721,-56.06675,-56.017944,0.011453732,0.11860352,4.7799606
3722,-56.107216,-56.02687,0.011025606,0.11828613,4.91287
3723,-55.920296,-56.016212,0.010945286,0.11582031,4.9382133
3724,-55.96792,-56.011383,0.010060666,0.11713868,4.973297
3725,-55.80195,-55.99044,0.013002252,0.11601563,4.937014
3726,-55.983303,-55.989727,0.011706611,0.114990234,4.8447294
3727,-55.895576,-55.980312,0.011333739,0.11289062,4.8867183
3728,-55.801895,-55.96247,0.013065308,0.11555176,4.7821236
3729,-56.09558,-55.97578,0.013353422,0.11625977,4.851955
3730,-55.917862,-55.96999,0.01231999,0.12016602,4.857677
3731,-56.103386,-55.98333,0.012689498,0.116772465,4.6882234
3732,-55.753853,-55.96038,0.016159916,0.12036133,4.8058033
3733,-55.940044,-55.958347,0.014581145,0.122851565,4.763088
3734,-55.874645,-55.949978,0.013753573,0.11687012,4.8143344
3735,-55.942333,-55.949215,0.012383475,0.118945315,4.8986225
3736,-55.994377,-55.95373,0.0113286935,0.11789551,4.7533183
3737,-56.231026,-55.98146,0.017116107,0.1171875,4.8200526
3738,-56.20365,-56.00368,0.019847685,0.119628906,4.7828517
3739,-55.888542,-55.99217,0.019056045,0.11621094,4.816378
3740,-55.811745,-55.974125,0.020080185,0.11726075,4.7894826
3741,-56.09518,-55.98623,0.019391067,0.117333986,4.7973266
3742,-56.172478,-56.004852,0.020573935,0.11606445,4.8027506
3743,-55.989372,-56.003304,0.018538108,0.11662598,4.87135
3744,-56.026722,-56.005646,0.016733654,0.11782227,4.9643
3745,-55.868305,-55.991913,0.016757907,0.12011719,4.879629
3746,-55.978207,-55.990543,0.015099024,0.11835938,4.8595176
3747,-55.9185,-55.983337,0.014056257,0.11679687,4.6357007
3748,-55.984947,-55.983498,0.012650864,0.11794434,4.830783
3749,-55.887245,-55.973873,0.0122195855,0.11975098,4.751903
3750,-56.178017,-55.994286,0.014748339,0.119067386,4.783469
3751,-56.313614,-56.02622,0.022450855,0.1201416,4.807774
3752,-55.8564,-56.009235,0.02280123,0.11650391,4.7605667
3753,-56.008545,-56.009167,0.020521149,0.11848145,5.019104
3754,-56.00659,-56.00891,0.01846963,0.118945315,4.853337
3755,-56.052395,-56.01326,0.016792841,0.1142334,4.721806
3756,-55.962128,-56.00815,0.015348862,0.11916504,4.842406
3757,-55.95763,-56.003098,0.014043662,0.11828613,4.7864375
3758,-55.929207,-55.99571,0.01313068,0.1171875,4.836932
3759,-56.056496,-56.001785,0.012150169,0.11706543,4.746383
3760,-56.063515,-56.007957,0.011278099,0.118457034,4.9056363
3761,-56.176113,-56.024773,0.012695159,0.11904297,4.705414
3762,-56.194267,-56.04172,0.014011201,0.117089845,4.856256
3763,-56.432198,-56.08077,0.026332533,0.11960449,4.9388967
3764,-55.97998,-56.07069,0.024613522,0.118823245,4.731847
3765,-55.96853,-56.060474,0.023091495,0.11513672,4.6452236
3766,-55.89174,-56.043602,0.023344794,0.12026367,4.768228
3767,-55.93622,-56.032864,0.022048129,0.11850586,4.742805
3768,-55.93834,-56.02341,0.020647453,0.12028809,4.636097
3769,-55.946068,-56.01568,0.019121082,0.117456056,4.765883
3770,-55.961113,-56.010223,0.017476939,0.11953125,4.8771024
3771,-56.094788,-56.01868,0.016372845,0.116918944,4.8974795
3772,-56.06849,-56.023663,0.01495884,0.117089845,4.821547
3773,-56.000366,-56.02133,0.0135118,0.11630859,4.9922028
3774,-55.825848,-56.001785,0.015599885,0.11916504,4.7497787
3775,-55.966427,-55.99825,0.014152416,0.11706543,4.770545
3776,-56.086132,-56.00704,0.013432282,0.11557617,4.704548
3777,-56.16686,-56.02302,0.014387889,0.12038574,4.6955457
3778,-56.096222,-56.030342,0.013431344,0.11916504,4.7860007
3779,-56.284813,-56.05579,0.017916195,0.11904297,4.7098947
3780,-55.9678,-56.04699,0.016821375,0.11818848,4.691681
3781,-55.984024,-56.04069,0.015496055,0.118774414,4.7339435
3782,-56.16941,-56.053562,0.015437628,0.12026367,4.730068
3783,-55.94529,-56.042736,0.01494893,0.117285155,4.787373
3784,-56.015015,-56.039963,0.0135232,0.117163084,4.84651
3785,-56.04215,-56.04018,0.012171309,0.11674805,4.778286
3786,-56.026405,-56.038803,0.010971256,0.11591797,4.759501
3787,-55.92536,-56.02746,0.011032337,0.11679687,4.7282286
3788,-55.891464,-56.01386,0.011593595,0.11977539,4.73499
3789,-56.109024,-56.023376,0.011249313,0.11674805,4.8599725
3790,-56.00709,-56.021748,0.01014825,0.11599121,4.7591963
3791,-56.314533,-56.051025,0.016848534,0.11411133,4.8238125
3792,-56.303673,-56.07629,0.020908443,0.11694336,4.784891
3793,-56.094677,-56.07813,0.018848024,0.11569824,4.664595
3794,-56.302986,-56.100616,0.021513695,0.11867676,4.831124
3795,-56.18226,-56.10878,0.019962214,0.11555176,4.7864723
3796,-56.178474,-56.11575,0.018403152,0.117333986,4.815849
3797,-56.170525,-56.121227,0.016832866,0.11416016,4.7719197
3798,-56.24185,-56.13329,0.016459104,0.11818848,4.9538903
3799,-56.23829,-56.14379,0.015805434,0.117041014,4.9314713
3800,-56.08914,-56.138325,0.01449368,0.11799317,4.7150846
3801,-56.224678,-56.14696,0.013715432,0.1173584,4.8749943
3802,-56.062927,-56.138557,0.012979442,0.12084961,4.689786
3803,-56.11715,-56.136417,0.011722745,0.122607425,4.826468
3804,-55.936,-56.116375,0.014165483,0.11811524,4.9710755
3805,-55.917046,-56.096443,0.016324833,0.11806641,4.881986
3806,-56.031776,-56.089977,0.01506871,0.12121582,4.7052083
3807,-55.98111,-56.07909,0.014628533,0.11835938,7.948443
3808,-56.08333,-56.079514,0.013167297,0.119384766,4.907938
3809,-56.003788,-56.07194,0.012366659,0.11896973,4.834477
3810,-56.088516,-56.0736,0.011154718,0.11638184,4.859225
3811,-56.03862,-56.070103,0.010149375,0.11960449,4.745472
3812,-56.186188,-56.08171,0.010347253,0.11711426,4.8875914
3813,-56.10698,-56.084236,0.009369992,0.118652344,4.855647
3814,-56.12803,-56.088615,0.008605594,0.120996095,4.9752088
3815,-56.204933,-56.100246,0.008962718,0.11674805,4.9519453
3816,-56.17034,-56.107254,0.008508644,0.11904297,4.8580756
3817,-56.09886,-56.106415,0.007664119,0.11965332,4.756826
3818,-56.161736,-56.111946,0.007173141,0.1217041,4.860419
3819,-55.995342,-56.100285,0.007679508,0.11823731,4.8273354
3820,-56.056664,-56.095924,0.0070828088,0.12172852,4.711377
3821,-56.027496,-56.08908,0.0067959432,0.11552735,4.8135386
3822,-55.964867,-56.07666,0.007504973,0.1217041,4.8470225
3823,-55.988472,-56.06784,0.0074544195,0.11796875,7.46691
3824,-56.15069,-56.076126,0.007326713,0.12084961,4.862965
3825,-56.07196,-56.07571,0.0065956027,0.11904297,5.118231
3826,-56.109512,-56.07909,0.0060388744,0.1171875,4.891433
3827,-56.129395,-56.08412,0.0056627346,0.11564942,4.7603927
3828,-55.9152,-56.06723,0.0076645915,0.12001953,4.61989
3829,-56.125145,-56.07302,0.0072000027,0.11762696,4.6946816
3830,-56.082817,-56.074,0.006488639,0.119067386,4.6118617
3831,-55.959267,-56.062527,0.0070245382,0.12026367,4.802506
3832,-55.977127,-56.053986,0.006978463,0.12070312,4.793003
3833,-56.083923,-56.05698,0.0063612806,0.11867676,4.8064194
3834,-56.075104,-56.058792,0.0057547144,0.1189209,4.827906
3835,-56.18358,-56.07127,0.0065806904,0.117041014,4.703143
3836,-55.998455,-56.063988,0.0063998024,0.117773436,4.557286
3837,-56.191677,-56.076756,0.0072272336,0.11933594,4.7253823
3838,-56.080246,-56.077103,0.006505606,0.11594238,4.805354
3839,-56.169987,-56.08639,0.006631516,0.11623535,4.8302007
3840,-56.172997,-56.09505,0.006643404,0.114794925,4.87976
3841,-56.12054,-56.0976,0.0060375393,0.12148438,4.772524
3842,-56.236755,-56.111515,0.0071765897,0.119384766,4.675266
3843,-56.270336,-56.127396,0.008729103,0.114550784,4.7604113
3844,-56.165188,-56.131176,0.007984735,0.11445313,4.818326
3845,-56.243477,-56.142406,0.0083212955,0.11520996,4.738151
3846,-56.23391,-56.151558,0.00824272,0.11176758,4.609627
3847,-56.34224,-56.170628,0.010690795,0.11496582,4.8442864
3848,-56.281155,-56.18168,0.010721176,0.11650391,4.7149158
3849,-56.28501,-56.192013,0.010610043,0.11647949,4.8757687
3850,-56.36825,-56.209637,0.012344456,0.11784668,4.844337
3851,-56.11092,-56.199764,0.01198706,0.118334964,4.6544657
3852,-56.114986,-56.191288,0.011435209,0.120922856,4.5754967
3853,-56.061333,-56.17829,0.011811642,0.120629884,4.793142
3854,-56.215687,-56.18203,0.010756335,0.11821289,4.6822505
3855,-56.138016,-56.177628,0.009855052,0.11723633,4.632235
3856,-56.191772,-56.179043,0.008887554,0.11564942,4.640915
3857,-56.091927,-56.17033,0.008681829,0.11933594,4.6450133
3858,-56.080368,-56.161335,0.008542031,0.11779785,4.784254
3859,-55.981346,-56.143337,0.010603467,0.1159668,4.685286
3860,-55.962677,-56.12527,0.012480551,0.11750489,4.6175704
3861,-55.97334,-56.110077,0.013309989,0.11604004,4.7226872
3862,-56.092216,-56.10829,0.012007699,0.116845705,4.7085686
3863,-56.052803,-56.10274,0.011084037,0.11533203,4.7159915
3864,-56.14535,-56.107002,0.010139039,0.11669922,4.5672045
3865,-56.108383,-56.10714,0.009125306,0.1157959,4.658277
3866,-56.14422,-56.110847,0.008336511,0.11801758,4.6647577
3867,-55.9574,-56.095505,0.009621976,0.11477051,4.691508
3868,-56.322586,-56.118214,0.01330071,0.11520996,4.7307806
3869,-56.102043,-56.116596,0.011994173,0.116918944,4.7395267
3870,-56.18628,-56.123566,0.011231771,0.1201416,4.716533
3871,-56.112865,-56.122498,0.010118898,0.1190918,4.7826147
3872,-56.17919,-56.128166,0.009396288,0.117089845,4.8024163
3873,-56.10819,-56.126167,0.008492578,0.11564942,4.795196
3874,-56.15332,-56.128883,0.007709676,0.12053223,4.718549
3875,-56.151913,-56.131187,0.0069864397,0.116650395,4.6070275
3876,-56.254887,-56.14356,0.007664929,0.11044922,4.75537
3877,-56.14773,-56.143974,0.0069000036,0.11638184,4.898366
3878,-56.09629,-56.139206,0.0064146393,0.11730957,4.863035
3879,-56.11398,-56.136684,0.0058304495,0.11638184,4.7728844
3880,-56.166004,-56.139618,0.0053247726,0.118334964,4.6675506
3881,-56.143044,-56.13996,0.0047933515,0.1199707,4.727278
3882,-56.02532,-56.128498,0.00549689,0.11408692,4.831026
3883,-55.901367,-56.105785,0.009590161,0.11606445,4.7581615
3884,-56.025192,-56.097725,0.009215717,0.116162114,4.686591
3885,-56.158978,-56.10385,0.008631814,0.117773436,4.711858
3886,-56.066257,-56.10009,0.00789583,0.11784668,4.654593
3887,-55.957672,-56.08585,0.008931705,0.11713868,4.7350807
3888,-55.95337,-56.0726,0.009618135,0.1204834,4.7838826
3889,-56.17684,-56.083027,0.009634268,0.12084961,4.8526506
3890,-56.05493,-56.080215,0.008741882,0.11608887,4.842472
3891,-56.089016,-56.081097,0.007874664,0.11484375,4.541091
3892,-56.183395,-56.091328,0.00802905,0.11823731,4.544449
3893,-56.272507,-56.109444,0.010180471,0.12001953,4.8239207
3894,-56.26838,-56.125336,0.011435869,0.11821289,4.7124343
3895,-56.25324,-56.138126,0.011764607,0.11679687,4.6998
3896,-56.24553,-56.148865,0.011626329,0.1206543,4.7567477
3897,-56.21743,-56.15572,0.010886805,0.11848145,4.647259
3898,-56.1147,-56.15162,0.0099495575,0.116723634,4.734984
3899,-56.02437,-56.138893,0.010411948,0.11599121,4.5998726
3900,-56.146603,-56.139664,0.009376102,0.118334964,4.611636
3901,-56.06347,-56.132046,0.008961,0.114672855,4.6577334
3902,-56.14566,-56.133408,0.008081581,0.11662598,4.6710706
3903,-56.177776,-56.137844,0.0074505955,0.11647949,4.519178
3904,-56.188343,-56.142895,0.006935049,0.115600586,4.794231
3905,-56.044266,-56.133034,0.0071170353,0.11772461,4.7105756
3906,-56.07247,-56.126976,0.006735431,0.11828613,4.8093333
3907,-51.51395,-55.665672,1.9212624,0.117163084,213.56493
3908,-56.059143,-55.70502,1.7430699,0.11679687,4.871844
3909,-56.06654,-55.741173,1.5805255,0.11799317,5.075498
3910,-56.15767,-55.78282,1.4380851,0.11875,4.8101277
3911,-56.08629,-55.813168,1.3025647,0.117016606,4.8219175
3912,-56.199196,-55.85177,1.1857198,0.11772461,4.905687
3913,-55.99111,-55.865704,1.0688953,0.11552735,4.8399863
3914,-55.9482,-55.873955,0.9626183,0.11772461,4.759727
3915,-55.90881,-55.87744,0.86646575,0.11816406,4.75317
3916,-56.05237,-55.894936,0.7825731,0.1177002,4.9900393
3917,-55.855583,-55.891,0.70445514,0.11506348,4.8787746
3918,-56.128723,-55.914772,0.6390958,0.115722656,4.8775544
3919,-56.196953,-55.94299,0.5823525,0.114428714,4.987061
3920,-56.102592,-55.95895,0.52640986,0.117407225,6.3570647
3921,-55.901955,-55.95325,0.47406122,0.115356445,10.995995
3922,-56.05015,-55.96294,0.42750016,0.11508789,10.913414
3923,-56.056343,-55.972282,0.3855353,0.116406254,4.8621855
3924,-56.034355,-55.97849,0.34732854,0.117651366,4.6556716
3925,-56.041786,-55.984818,0.31295627,0.116162114,6.387801
3926,-55.52915,-55.93925,0.30034775,0.11791992,26.824959
3927,-56.0075,-55.946075,0.27073216,0.115478516,12.1191845
3928,-56.135815,-55.96505,0.24689902,0.11826172,9.054114
3929,-56.24107,-55.992653,0.22906595,0.1171875,4.769315
3930,-56.089867,-56.002373,0.2070099,0.118945315,4.846503
3931,-56.21749,-56.023884,0.19047374,0.11638184,4.7352552
3932,-56.182816,-56.039776,0.17369969,0.118652344,4.8269877
3933,-56.10528,-56.046326,0.15671591,0.11567383,4.8272285
3934,-56.064037,-56.048096,0.14107256,0.117285155,4.6404343
3935,-56.033268,-56.04661,0.12698507,0.117089845,4.7143273
3936,-56.043343,-56.046284,0.114287525,0.11574707,4.713329
3937,-56.183838,-56.06004,0.10456167,0.11530762,4.7996993
3938,-56.11152,-56.065186,0.09434401,0.1142334,4.7349825
3939,-56.147633,-56.07343,0.085521385,0.117529295,4.645803
3940,-56.255035,-56.09159,0.07993752,0.11513672,4.605323
3941,-56.392532,-56.121685,0.08009468,0.116528325,4.636872
3942,-56.277157,-56.137234,0.074260645,0.1161377,4.660201
3943,-56.22452,-56.14596,0.067520306,0.118652344,4.656297
3944,-56.115128,-56.14288,0.060853843,0.117456056,4.6868186
3945,-56.39734,-56.168327,0.060595922,0.116772465,4.695002
3946,-56.04762,-56.156258,0.05584768,0.11694336,4.697141
3947,-56.252632,-56.165894,0.051098835,0.11779785,4.739924
3948,-56.2444,-56.173744,0.046543643,0.118652344,4.658652
3949,-56.18943,-56.175312,0.041911423,0.12016602,4.787248
3950,-56.27275,-56.185055,0.038574766,0.119018555,4.702953
3951,-56.246254,-56.191174,0.035054367,0.120190434,4.8357854
3952,-56.40711,-56.21277,0.035745434,0.12009277,4.9605403
3953,-56.331856,-56.224678,0.03344725,0.11931153,4.589221
3954,-56.252083,-56.227417,0.030170117,0.12338867,4.6315303
3955,-56.09974,-56.21465,0.028620252,0.11872559,4.714483
3956,-56.408794,-56.234062,0.029150538,0.11625977,4.843575
3957,-56.375336,-56.248188,0.028031722,0.118774414,4.581413
3958,-56.17301,-56.24067,0.025737181,0.12207031,4.8930144
3959,-56.132843,-56.229885,0.024209848,0.1199707,4.7152486
3960,-56.188026,-56.2257,0.021946557,0.12192383,4.683513
3961,-56.08956,-56.212086,0.021419942,0.116772465,4.697423
3962,-56.286293,-56.219505,0.019773552,0.119018555,4.6912518
3963,-56.268265,-56.22438,0.01801017,0.11809082,4.699673
3964,-56.365025,-56.238445,0.01798942,0.11960449,4.6722693
3965,-56.339535,-56.248554,0.017110195,0.11823731,4.7857184
3966,-56.189884,-56.242687,0.01570897,0.11794434,4.74968
3967,-56.205143,-56.238934,0.014264935,0.117456056,4.6973
3968,-56.30873,-56.245914,0.013276894,0.12148438,4.87315
3969,-56.391804,-56.2605,0.013864735,0.11682129,4.8234363
3970,-56.004963,-56.234947,0.018355275,0.120434575,4.739066
3971,-56.14245,-56.225697,0.01728979,0.119506836,4.6783876
3972,-56.11911,-56.21504,0.01658327,0.11945801,4.9648123
3973,-56.115326,-56.205067,0.015819773,0.121313475,4.7473907
3974,-55.95577,-56.180138,0.019831253,0.122802734,4.6979737
3975,-56.116936,-56.173817,0.01820763,0.11911621,4.699739
3976,-56.369656,-56.1934,0.019838627,0.11496582,4.76291
3977,-56.36216,-56.210278,0.02041791,0.116894536,4.6982713
3978,-56.29261,-56.21851,0.018986197,0.11723633,4.8060546
3979,-56.24038,-56.220695,0.017130623,0.120751955,4.7650805
3980,-56.259262,-56.224552,0.015551424,0.12175293,4.663517
3981,-56.290596,-56.231155,0.0143888425,0.11899414,4.7195387
3982,-56.46266,-56.254307,0.017773526,0.1199707,4.8122063
3983,-56.363937,-56.26527,0.01707787,0.11945801,4.758617
3984,-56.423393,-56.281082,0.017620342,0.116162114,4.611815
3985,-56.425484,-56.29552,0.01773497,0.11633301,4.8235974
3986,-56.391228,-56.30509,0.016785856,0.116284184,4.8287163
3987,-56.245007,-56.299084,0.015432191,0.118896484,4.6489587
3988,-56.21463,-56.290638,0.014530889,0.12004395,4.6237655
3989,-56.311943,-56.29277,0.013118652,0.11884766,4.647678
3990,-56.28862,-56.292355,0.011808337,0.11860352,4.688222
3991,-56.177185,-56.280838,0.011821264,0.11650391,4.7101426
3992,-56.320362,-56.28479,0.010779732,0.11430664,4.772816
3993,-56.17373,-56.273685,0.010811869,0.11755371,4.6285024
3994,-56.31861,-56.27818,0.009912331,0.11586914,4.546455
3995,-56.31031,-56.28139,0.009014015,0.11799317,4.827462
3996,-56.256237,-56.278877,0.008169559,0.11899414,4.788534
3997,-56.23687,-56.274677,0.007511419,0.1159668,4.727337
3998,-56.153168,-56.262527,0.008089088,0.11679687,4.7375355
3999,-56.138844,-56.25016,0.008656974,0.120190434,4.827116
4000,-56.20958,-56.2461,0.007939489,0.11977539,4.837456
4001,-56.171124,-56.2386,0.0076514906,0.11835938,4.7727947
4002,-56.295135,-56.244255,0.0071739876,0.117016606,4.7622633
4003,-56.29493,-56.24932,0.0066876994,0.11762696,4.651077
4004,-56.422035,-56.266594,0.008703647,0.1232666,4.7517033
4005,-56.34615,-56.27455,0.0084029,0.118896484,4.6161613
4006,-56.480415,-56.29514,0.0113768075,0.1189209,4.7556
4007,-56.39084,-56.30471,0.011063378,0.11584473,4.673128
4008,-56.263596,-56.3006,0.010109179,0.11975098,4.8809714
4009,-56.22283,-56.29282,0.009642546,0.120312504,4.833543
4010,-56.362293,-56.299767,0.009112679,0.120751955,4.6444664
4011,-56.34693,-56.30448,0.008401619,0.11958008,4.688111
4012,-56.537106,-56.327744,0.012431713,0.11762696,4.5716877
4013,-56.37465,-56.332436,0.011386553,0.120996095,4.7182546
4014,-56.285923,-56.327785,0.010442605,0.11643066,4.7665772
4015,-56.29812,-56.324818,0.009477556,0.12219238,4.7097435
4016,-56.116467,-56.30398,0.012436717,0.117041014,4.6506705
4017,-56.244972,-56.29808,0.011506436,0.11828613,4.8319964
4018,-56.095085,-56.277782,0.014064431,0.119262695,4.6015882
4019,-56.208973,-56.2709,0.013084115,0.118945315,4.7508163
4020,-56.25704,-56.269516,0.011792999,0.1199707,4.7202754
4021,-56.29275,-56.27184,0.0106622875,0.11953125,4.654503
4022,-56.41948,-56.286602,0.011557846,0.11823731,4.5857377
4023,-56.27732,-56.285675,0.010409814,0.118823245,4.721992
4024,-56.25334,-56.28244,0.009462923,0.11862793,4.665827
4025,-56.345856,-56.28878,0.008878567,0.11799317,4.671085
4026,-56.374454,-56.297348,0.008651317,0.12175293,4.7460513
4027,-56.3607,-56.303684,0.008147383,0.120068364,4.743289
4028,-56.27761,-56.30108,0.007393829,0.11928711,4.597693
4029,-56.246845,-56.295654,0.006919161,0.1201416,4.6309333
4030,-56.25064,-56.291153,0.0064096036,0.11823731,4.795532
4031,-56.288208,-56.29086,0.0057694237,0.11630859,4.7771645
4032,-56.299107,-56.291683,0.005198603,0.117163084,4.758261
4033,-56.219456,-56.284462,0.0051482553,0.116162114,4.7191052
4034,-56.29634,-56.28565,0.0046461294,0.119262695,4.7875905
4035,-56.286827,-56.285767,0.004181641,0.118334964,4.6672544
4036,-56.30063,-56.287254,0.0037833564,0.11813965,4.631888
4037,-56.23262,-56.28179,0.0036736603,0.11862793,4.6803713
4038,-56.35858,-56.28947,0.0038369955,0.11809082,4.697166
4039,-56.117416,-56.272266,0.0061175367,0.12036133,4.7557
4040,-56.225124,-56.26755,0.0057057966,0.116406254,4.6386414
4041,-56.345688,-56.275364,0.0056846943,0.11711426,4.7043195
4042,-56.42816,-56.29064,0.0072174673,0.12072754,4.657648
4043,-56.30417,-56.291996,0.0065121884,0.11884766,4.840241
4044,-56.212128,-56.284008,0.006435075,0.11960449,4.71551
4045,-56.326088,-56.288216,0.005950932,0.11992188,4.698504
4046,-56.32663,-56.292057,0.0054886458,0.120507814,4.6488533
4047,-56.29596,-56.292446,0.0049411515,0.11921387,4.673715
4048,-56.43231,-56.30643,0.006207562,0.11813965,4.6518
4049,-56.095894,-56.285378,0.009576128,0.12160645,4.700756
4050,-56.183247,-56.275166,0.00955728,0.12197266,4.650749
4051,-56.218193,-56.26947,0.008893679,0.1206543,4.7995777
4052,-56.19596,-56.26212,0.008490635,0.11804199,4.727371
4053,-56.50032,-56.28594,0.012748152,0.11970215,4.783807
4054,-56.450256,-56.30237,0.013903376,0.12133789,4.6880193
4055,-56.45384,-56.317516,0.014577926,0.121167,4.823962
4056,-56.154243,-56.30119,0.0155193545,0.11835938,4.6322613
4057,-56.07009,-56.27808,0.018773992,0.117089845,4.701509
4058,-56.069878,-56.25726,0.020797933,0.11804199,4.6255026
4059,-56.410343,-56.272568,0.020827256,0.11843262,4.811964
4060,-56.39209,-56.28452,0.020030228,0.11867676,4.664386
4061,-56.43952,-56.30002,0.020189527,0.11816406,4.735027
4062,-56.380936,-56.30811,0.01875986,0.11850586,4.6977196
4063,-56.3207,-56.30937,0.016898144,0.11960449,4.5976253
4064,-56.29453,-56.307884,0.015228148,0.11779785,4.629871
4065,-56.442513,-56.321346,0.015336562,0.12038574,4.773451
4066,-56.457535,-56.334965,0.015472163,0.11791992,4.645354
4067,-56.27395,-56.328865,0.0142600145,0.1157959,4.5821815
4068,-56.31098,-56.327076,0.012862796,0.118945315,4.7801495
4069,-56.562977,-56.350666,0.016584946,0.116162114,4.6454964
4070,-56.27959,-56.34356,0.015381105,0.11748047,4.6426277
4071,-56.348038,-56.344006,0.0138448,0.11816406,4.75731
4072,-56.151146,-56.32472,0.015807856,0.116284184,4.8135266
4073,-56.381958,-56.330444,0.014521942,0.11784668,4.713677
4074,-56.15624,-56.313023,0.015801035,0.117407225,4.747172
4075,-56.362244,-56.317944,0.014438975,0.11931153,4.8670063
4076,-56.3518,-56.321327,0.013098233,0.11982422,4.6249585
4077,-56.266747,-56.31587,0.012056524,0.11862793,4.5733733
4078,-56.334663,-56.31775,0.010882664,0.11699219,4.737723
4079,-56.21539,-56.307514,0.0107373735,0.120629884,4.6322193
4080,-56.258347,-56.302597,0.009881207,0.12009277,4.60936
4081,-56.313,-56.30364,0.008902825,0.11767578,4.7801137
4082,-56.413696,-56.314644,0.009102688,0.120874025,4.7091994
4083,-56.20508,-56.303688,0.009272837,0.1217041,4.6403913
4084,-56.12763,-56.286083,0.011135286,0.12036133,4.7712007
4085,-56.1687,-56.274345,0.011261825,0.11608887,4.6261544
4086,-56.162918,-56.263203,0.011253087,0.12009277,4.641342
4087,-56.32459,-56.26934,0.01046692,0.11594238,4.545402
4088,-56.267998,-56.269207,0.00942039,0.11723633,4.4183555
4089,-56.364075,-56.278694,0.009288341,0.11826172,4.543155
4090,-56.405155,-56.29134,0.009798822,0.11879883,4.6601686
4091,-56.34555,-56.29676,0.009083431,0.115600586,4.6513963
4092,-56.38778,-56.305862,0.008920684,0.116772465,4.584406
4093,-56.462605,-56.321537,0.010239744,0.11987305,4.610272
4094,-56.294746,-56.31886,0.009280365,0.11970215,4.494088
4095,-56.427483,-56.32972,0.009414244,0.121069334,4.469874
4096,-56.27694,-56.32444,0.0087235365,0.11687012,4.5912166
4097,-56.521225,-56.34412,0.011336372,0.114868164,4.5899067
4098,-56.428474,-56.352554,0.010843145,0.116528325,4.4949565
4099,-56.318245,-56.349125,0.009864773,0.11333008,4.52503
4100,-56.65664,-56.379875,0.017389143,0.1166748,4.6738343
4101,-56.51393,-56.39328,0.017267622,0.11835938,4.5628037
4102,-56.401726,-56.394123,0.01554728,0.11811524,4.642328
4103,-56.39296,-56.394005,0.013992674,0.12045898,4.596716
4104,-56.391624,-56.39377,0.012593916,0.117407225,4.560026
4105,-56.257294,-56.38012,0.013010802,0.1173584,4.525772
4106,-56.518867,-56.393993,0.013442316,0.11940918,4.584192
4107,-56.58239,-56.412834,0.015292473,0.11826172,4.383666
4108,-56.47046,-56.4186,0.014062081,0.11823731,4.7153044
4109,-56.555145,-56.43225,0.014333933,0.115234375,4.523728
4110,-56.479813,-56.437008,0.013104129,0.11633301,4.7046084
4111,-56.308327,-56.42414,0.013284012,0.116918944,4.55534
4112,-56.347725,-56.4165,0.012481158,0.117211916,4.6377373
4113,-56.269646,-56.401814,0.013174001,0.12028809,4.749998
4114,-56.076187,-56.36925,0.02139953,0.11940918,4.568437
4115,-56.248566,-56.35718,0.020570427,0.11799317,4.5766954
4116,-56.44524,-56.365986,0.019211272,0.118579105,4.7864223
4117,-56.364777,-56.365864,0.017290277,0.12084961,4.7042494
4118,-56.36886,-56.366165,0.015562056,0.117089845,4.655007
4119,-56.23596,-56.353146,0.015531698,0.11806641,4.4667163
4120,-56.28164,-56.345993,0.014438715,0.11809082,4.6058283
4121,-56.23581,-56.334976,0.014087484,0.11801758,4.6802645
4122,-56.494987,-56.35098,0.014983061,0.11359864,4.5751123
4123,-56.467678,-56.362648,0.0147104375,0.11723633,4.6344385
4124,-56.524395,-56.378822,0.01559398,0.121557616,4.696237
4125,-56.49031,-56.389973,0.01515325,0.11826172,4.7002425
4126,-56.477627,-56.39874,0.014329417,0.11853027,4.6366906
4127,-56.36402,-56.395267,0.013004952,0.117456056,4.411015
4128,-56.421104,-56.39785,0.011764536,0.11804199,4.790697
4129,-56.316284,-56.389694,0.01118685,0.11960449,4.6820197
4130,-56.2855,-56.379276,0.011045252,0.118457034,4.6529756
4131,-56.495102,-56.390858,0.011148129,0.116723634,4.6536684
4132,-56.363262,-56.3881,0.010101852,0.11945801,4.7398543
4133,-56.198807,-56.36917,0.012316529,0.11994629,4.6147046
4134,-56.387028,-56.370956,0.011113573,0.11762696,4.596368
4135,-56.555927,-56.389454,0.013081495,0.11921387,4.673958
4136,-56.423347,-56.392845,0.011876735,0.12023926,4.6602507
4137,-56.388992,-56.39246,0.010690398,0.11899414,4.7304425
4138,-56.284584,-56.38167,0.010668705,0.11843262,4.6521473
4139,-56.411133,-56.384617,0.00967995,0.11723633,4.595478
4140,-56.493935,-56.39555,0.009787489,0.11662598,4.776667
4141,-56.408485,-56.396843,0.008823799,0.120190434,4.7164516
4142,-56.35582,-56.392742,0.00809288,0.117773436,4.5758204
4143,-56.42401,-56.39587,0.0073715905,0.11967774,4.791204
4144,-56.351208,-56.391403,0.0068139574,0.12121582,4.7652164
4145,-56.22025,-56.374287,0.008768994,0.12072754,4.81696
4146,-56.64263,-56.401123,0.014372902,0.11831055,4.6552963
4147,-56.38178,-56.39919,0.01296929,0.12177735,4.717084
4148,-56.422565,-56.401527,0.011721542,0.120068364,4.563725
4149,-56.2591,-56.387283,0.012375041,0.12045898,4.61495
4150,-56.268925,-56.375446,0.012398325,0.11577149,4.731173
4151,-56.372055,-56.375107,0.011159527,0.118579105,4.6326437
4152,-56.3605,-56.373646,0.010062776,0.11823731,4.4779778
4153,-56.29929,-56.36621,0.009554092,0.115039065,4.5016527
4154,-56.26378,-56.35597,0.009542995,0.11589356,4.530098
4155,-56.26368,-56.34674,0.009355248,0.11687012,4.686527
4156,-56.295067,-56.34157,0.008660041,0.11604004,4.4848223
4157,-56.445587,-56.351974,0.008767764,0.11816406,4.688177
4158,-56.486736,-56.36545,0.009525455,0.11750489,4.5110006
4159,-56.29008,-56.357914,0.009084177,0.11945801,4.529904
4160,-56.43256,-56.36538,0.008677241,0.118774414,4.718382
4161,-56.30917,-56.359756,0.008093873,0.11784668,4.6697884
4162,-56.27413,-56.351192,0.007944328,0.1177002,4.795621
4163,-56.361015,-56.352173,0.0071585784,0.11791992,4.8065963
4164,-56.47416,-56.364372,0.0077819815,0.11779785,4.7373686
4165,-56.51806,-56.37974,0.009129543,0.115600586,4.738239
4166,-56.304337,-56.3722,0.008728322,0.11767578,5.1002645
4167,-56.212326,-56.356213,0.01015586,0.11809082,6.7208977
4168,-56.29542,-56.350132,0.009472873,0.11821289,9.714355
4169,-56.371975,-56.352318,0.008568526,0.11958008,4.567239
4170,-56.453346,-56.36242,0.00863028,0.11867676,4.4391513
4171,-56.43908,-56.370087,0.008296162,0.11799317,4.5218215
4172,-56.53321,-56.3864,0.009861398,0.12028809,4.693773
4173,-56.437107,-56.391468,0.009106682,0.117456056,4.374361
4174,-56.468185,-56.39914,0.008725714,0.117163084,4.512856
4175,-56.441456,-56.40337,0.008014304,0.117773436,4.4643846
4176,-56.429657,-56.406,0.0072750645,0.11911621,4.5005355
4177,-56.469215,-56.41232,0.0069072344,0.1220459,4.45797
4178,-56.379032,-56.40899,0.0063162334,0.1206543,4.523268
4179,-56.42335,-56.410423,0.005703175,0.11750489,4.5507994
4180,-56.395164,-56.408897,0.005153812,0.1171875,4.667074
4181,-56.386803,-56.40669,0.0046823667,0.118652344,4.554116
4182,-56.42791,-56.40881,0.00425466,0.11975098,4.565349
4183,-56.295326,-56.39746,0.0049882582,0.11804199,4.727087
4184,-56.400547,-56.39777,0.0044902894,0.11972656,4.4586716
4185,-56.45588,-56.40358,0.0043451623,0.11972656,4.5449915
4186,-56.45423,-56.408646,0.004141548,0.11826172,4.579957
4187,-56.379787,-56.40576,0.0038023447,0.121362306,4.718013
4188,-56.414345,-56.40662,0.0034287404,0.11860352,4.5726657
4189,-56.526558,-56.418613,0.004380525,0.11860352,4.705741
4190,-56.526604,-56.429413,0.0049920436,0.11967774,4.70681
4191,-56.53833,-56.440304,0.0055605057,0.11835938,4.6922436
4192,-56.56739,-56.45301,0.0064580464,0.11987305,4.7101536
4193,-56.50618,-56.45833,0.006066669,0.11916504,4.639207
4194,-56.48829,-56.461323,0.0055407896,0.119384766,4.690502
4195,-56.47895,-56.463085,0.0050146766,0.1206543,4.743921
4196,-56.42186,-56.45896,0.0046661673,0.12214356,4.580077
4197,-56.417076,-56.454773,0.004357445,0.11843262,4.597394
4198,-56.514412,-56.460735,0.0042418134,0.118701175,4.6494536
4199,-56.36164,-56.450825,0.004701405,0.11923828,4.6542845
4200,-56.33264,-56.439007,0.005488317,0.11711426,4.7149863
4201,-56.414368,-56.436543,0.0049941232,0.119628906,4.470047
4202,-56.386307,-56.43152,0.0047218376,0.120825194,4.651222
4203,-56.509285,-56.439297,0.004793939,0.11706543,4.6074643
4204,-56.48666,-56.444035,0.0045164404,0.120190434,4.5147567
4205,-56.42723,-56.442352,0.0040902095,0.12114258,4.5530734
4206,-56.390106,-56.437126,0.0039268574,0.11843262,4.6296463
4207,-56.51361,-56.444775,0.0040606633,0.11984863,4.6137576
4208,-56.433434,-56.44364,0.0036661727,0.12026367,4.604686
4209,-56.54108,-56.453384,0.004154044,0.121118166,4.5644865
4210,-56.52411,-56.460457,0.004188815,0.11809082,4.789596
4211,-56.479233,-56.462334,0.003801662,0.121362306,4.6807046
4212,-56.478405,-56.46394,0.0034447417,0.118701175,4.757387
4213,-56.535248,-56.47107,0.0035579042,0.12307129,4.6287847
4214,-56.578682,-56.48183,0.0042443564,0.120190434,4.637035
4215,-56.556778,-56.489326,0.00432546,0.119018555,4.7869577
4216,-56.346382,-56.475033,0.0057318914,0.11989746,4.6181827
4217,-56.50352,-56.477882,0.0052317437,0.118579105,4.6452994
4218,-56.441574,-56.47425,0.0048272153,0.12041016,4.668539
4219,-56.434437,-56.47027,0.0044871573,0.11806641,4.5352893
4220,-56.236343,-56.446877,0.008963317,0.115625,4.617056
4221,-56.351448,-56.437332,0.0088865785,0.117456056,4.5109315
4222,-56.453205,-56.43892,0.008020596,0.118334964,4.6074166
4223,-56.505394,-56.445568,0.0076162377,0.120629884,4.478126
4224,-56.389626,-56.439972,0.007136275,0.11643066,4.630098
4225,-56.29692,-56.425667,0.008264374,0.11965332,4.707171
4226,-56.47059,-56.43016,0.0076195537,0.11762696,4.524357
4227,-56.561188,-56.443264,0.00840273,0.120922856,4.5514646
4228,-56.48415,-56.447353,0.007712906,0.11855469,4.6509485
4229,-56.498486,-56.452465,0.007176921,0.12319336,4.7083306
4230,-56.555595,-56.462776,0.007416457,0.121313475,4.709035
4231,-56.467384,-56.463238,0.0066767223,0.12060547,4.677906
4232,-56.485767,-56.465492,0.0060547325,0.11782227,4.4557195
4233,-56.650375,-56.483982,0.008525618,0.120825194,4.5645723
4234,-56.6137,-56.496956,0.009187482,0.11813965,4.4981155
4235,-56.49793,-56.497055,0.008268819,0.11999512,4.5294166
4236,-56.441116,-56.491463,0.0077235596,0.11813965,4.4170394
4237,-56.492718,-56.49159,0.006951345,0.120312504,4.5925
4238,-56.43762,-56.48619,0.006518362,0.118701175,4.621801
4239,-56.51828,-56.4894,0.0059592,0.11818848,4.531062
4240,-56.45925,-56.486385,0.0054450785,0.116162114,4.735087
4241,-56.502686,-56.488014,0.004924483,0.12038574,4.739443
4242,-56.43474,-56.482685,0.0046874853,0.11823731,4.677953
4243,-56.532455,-56.487663,0.004441675,0.11682129,4.6318755
4244,-56.62536,-56.501434,0.005703907,0.11796875,4.6591067
4245,-56.44468,-56.495758,0.0054234187,0.120068364,4.751053
4246,-56.58088,-56.50427,0.0055331816,0.12148438,4.6534014
4247,-56.350536,-56.488895,0.007106889,0.11789551,4.6524744
4248,-56.33782,-56.47379,0.008450391,0.11806641,4.520398
4249,-56.493813,-56.475792,0.0076414356,0.117456056,4.6369567
4250,-56.538998,-56.482113,0.007236839,0.11860352,4.6399875
4251,-56.466522,-56.480553,0.006535031,0.12216797,4.7978067
4252,-56.4365,-56.476147,0.0060561807,0.12104493,4.8229375
4253,-56.353004,-56.463833,0.0068153236,0.11999512,4.648685
4254,-56.436077,-56.461056,0.006203125,0.11940918,4.659304
4255,-56.565975,-56.471546,0.0065735406,0.11821289,4.8718967
4256,-56.50963,-56.475353,0.0060467087,0.12084961,4.721718
4257,-56.588306,-56.48665,0.0065902956,0.11933594,4.6650815
4258,-56.31904,-56.469887,0.008459651,0.11904297,4.5233974
4259,-56.51449,-56.474346,0.0077927215,0.11821289,4.6168475
4260,-56.340336,-56.460945,0.008629738,0.12180176,4.6900306
4261,-56.472645,-56.462116,0.007779084,0.11887207,4.6472507
4262,-56.39447,-56.455353,0.0074130143,0.117773436,4.625169
4263,-56.498486,-56.459667,0.006839152,0.117529295,4.626177
4264,-56.5722,-56.47092,0.007294979,0.11823731,4.458406
4265,-56.46638,-56.470467,0.006567335,0.12053223,4.580675
4266,-56.259525,-56.44937,0.009915263,0.11828613,4.625437
4267,-56.408966,-56.44533,0.00907067,0.120312504,4.585007
4268,-56.57419,-56.458218,0.009657966,0.11867676,4.6153345
4269,-56.599655,-56.472363,0.010492581,0.120434575,4.6016173
4270,-56.49705,-56.47483,0.009498181,0.12177735,4.5956755
4271,-56.516357,-56.478985,0.008703565,0.119018555,4.54267
4272,-56.41815,-56.4729,0.008166267,0.1204834,4.5179844
4273,-56.587673,-56.48438,0.008535191,0.1194336,4.6272454
4274,-56.708336,-56.506775,0.012195781,0.11928711,4.6136684
4275,-56.603664,-56.516464,0.011821084,0.1189209,4.532302
4276,-56.515366,-56.516354,0.010639084,0.118457034,4.5572176
4277,-56.568176,-56.521538,0.0098168785,0.1204834,4.4525785
4278,-56.594643,-56.528847,0.009316179,0.12114258,4.5039206
4279,-56.355583,-56.51152,0.011086384,0.11855469,4.4247947
4280,-56.467766,-56.507145,0.010150047,0.11552735,4.3764267
4281,-56.54903,-56.511333,0.009292937,0.11811524,4.512258
4282,-56.562992,-56.5165,0.008603818,0.11904297,4.4373617
4283,-56.517555,-56.516605,0.0077435365,0.11879883,4.529839
4284,-56.369576,-56.501904,0.008914784,0.12089844,4.4564753
4285,-56.27358,-56.479073,0.012715207,0.11469727,4.409439
4286,-56.40461,-56.471626,0.011942712,0.1161377,4.4991956
4287,-56.72924,-56.497387,0.016721295,0.118823245,4.5379977
4288,-56.533928,-56.50104,0.015169336,0.117041014,4.372554
4289,-56.687214,-56.519657,0.01677182,0.117773436,4.525885
4290,-56.640636,-56.531754,0.016411876,0.117016606,4.6211023
4291,-56.620804,-56.540657,0.015484384,0.119262695,4.428038
4292,-56.546646,-56.541256,0.013939173,0.12128907,4.4346886
4293,-56.594566,-56.546585,0.012801035,0.11989746,4.457115
4294,-56.34737,-56.526665,0.015092724,0.12294922,4.626747
4295,-56.355007,-56.5095,0.016235419,0.121167,4.607878
4296,-56.55436,-56.513985,0.014793001,0.12133789,4.633249
4297,-56.447388,-56.507324,0.013712865,0.11979981,4.588073
4298,-56.52726,-56.50932,0.012377348,0.1190918,4.759847
4299,-56.6749,-56.52588,0.013607141,0.11982422,4.624184
4300,-56.815643,-56.554855,0.019803133,0.11911621,4.653767
4301,-56.676548,-56.567024,0.019155638,0.11755371,4.786024
4302,-56.56759,-56.56708,0.017240103,0.12084961,4.658064
4303,-56.484676,-56.55884,0.016127247,0.12194824,4.4521194
4304,-56.52458,-56.555416,0.014620181,0.11855469,4.675921
4305,-56.542076,-56.55408,0.013174179,0.11948242,4.653475
4306,-56.489704,-56.54764,0.012229755,0.11774903,4.4880395
4307,-56.531174,-56.545994,0.011031187,0.11655273,4.719665
4308,-56.573765,-56.54877,0.009997479,0.11936035,4.4668097
4309,-56.679375,-56.561832,0.010532892,0.121240236,4.5097113
4310,-56.622086,-56.567856,0.009806342,0.11784668,4.5044255
4311,-56.61795,-56.572865,0.00905156,0.120825194,4.502478
4312,-56.523758,-56.567955,0.008363435,0.12185059,4.630837
4313,-56.57981,-56.56914,0.007539742,0.12258301,4.548315
4314,-56.584457,-56.57067,0.0068068802,0.11872559,4.538837
4315,-56.431717,-56.556774,0.007863936,0.11972656,4.5668077
4316,-56.55876,-56.556973,0.0070778974,0.12033691,4.671877
4317,-56.593475,-56.560623,0.0064900285,0.11743164,4.6168556
4318,-56.37671,-56.542233,0.008885223,0.120874025,4.823348
4319,-56.5729,-56.5453,0.008081338,0.11748047,4.433268
4320,-56.565407,-56.54731,0.007309592,0.117041014,4.505596
4321,-56.390865,-56.531666,0.0087813735,0.119506836,4.47364
4322,-56.423836,-56.52088,0.008949695,0.11953125,4.6594253
4323,-56.466484,-56.51544,0.008321044,0.12011719,4.6438274
4324,-56.504826,-56.51438,0.0074990834,0.11782227,4.561439
4325,-56.440292,-56.506973,0.007243201,0.11838379,6.7061906
4326,-56.66335,-56.52261,0.008719688,0.11618652,4.479312
4327,-56.716347,-56.541985,0.011225783,0.11682129,4.501131
4328,-56.69719,-56.557507,0.012271171,0.11965332,4.476939
4329,-56.651787,-56.566933,0.011844043,0.11977539,4.5599256
4330,-56.605217,-56.570763,0.01079155,0.11975098,4.512873
4331,-56.767883,-56.590473,0.013209485,0.12250977,4.48615
4332,-56.578003,-56.589226,0.011902532,0.119628906,4.4319935
4333,-56.520287,-56.582333,0.011140013,0.120922856,4.4011765
4334,-56.751236,-56.599224,0.012593563,0.11799317,4.5217304
4335,-56.528465,-56.592148,0.011784819,0.11896973,4.481787
4336,-56.594048,-56.59234,0.010606662,0.120629884,4.5519857
4337,-56.390476,-56.57215,0.013213352,0.11992188,4.5206575
4338,-56.653748,-56.58031,0.012491234,0.1201416,4.7146287
4339,-56.677086,-56.58999,0.012084996,0.119628906,4.5889497
4340,-56.748764,-56.605865,0.013145361,0.11955567,4.6153574
4341,-56.545914,-56.59987,0.012154304,0.11970215,4.542734
4342,-56.514732,-56.591354,0.011591213,0.11755371,4.591633
4343,-56.52375,-56.584595,0.010843419,0.120922856,4.5282063
4344,-56.402725,-56.566406,0.012735963,0.11645508,4.545001
4345,-56.46434,-56.5562,0.012399939,0.1184082,4.433126
4346,-56.711197,-56.571697,0.013322161,0.12004395,4.4135437
4347,-56.625893,-56.577118,0.012254287,0.11970215,4.6077695
4348,-56.607338,-56.58014,0.011111051,0.11706543,4.4696856
4349,-56.514565,-56.57358,0.0103869485,0.11779785,4.5014787
4350,-56.391994,-56.555424,0.012315907,0.1199707,4.5434723
4351,-56.481583,-56.54804,0.011575041,0.12011719,4.5202928
4352,-56.483364,-56.541573,0.010793987,0.11826172,4.504706
4353,-56.575504,-56.544968,0.009818211,0.11730957,4.497318
4354,-56.486725,-56.539143,0.00914169,0.11965332,4.6005416
4355,-56.528046,-56.538033,0.008238603,0.11818848,4.591001
4356,-56.58977,-56.543205,0.007655664,0.11706543,4.451957
4357,-56.64766,-56.55365,0.007872055,0.12011719,4.638396
4358,-56.468063,-56.54509,0.0077441046,0.11953125,4.4524
4359,-56.532837,-56.543865,0.0069832057,0.120507814,4.599023
4360,-56.535988,-56.543076,0.00629047,0.11784668,4.5532727
4361,-56.58802,-56.54757,0.005843226,0.12097168,4.5676146
4362,-56.65442,-56.558254,0.0062864195,0.11999512,4.57259
4363,-56.73825,-56.576256,0.008573663,0.12355957,4.499829
4364,-56.6753,-56.58616,0.008599185,0.11989746,4.471078
4365,-56.553467,-56.58289,0.007835455,0.11804199,4.488486
4366,-56.52031,-56.57663,0.0074043735,0.121118166,4.4454374
4367,-56.600533,-56.57902,0.0067153573,0.120874025,4.4590263
4368,-56.599354,-56.581055,0.006081028,0.121167,4.5067134
4369,-56.6335,-56.5863,0.0057204627,0.11977539,4.424495
4370,-56.511482,-56.57882,0.0056522074,0.12163086,4.459391
4371,-56.5001,-56.570946,0.0056447033,0.1194336,4.4825096
4372,-56.62027,-56.57588,0.0052991905,0.120434575,4.6352634
4373,-56.41928,-56.56022,0.006976311,0.11760254,4.701094
4374,-56.40374,-56.54457,0.008482387,0.11821289,4.767402
4375,-56.51734,-56.541847,0.0077008777,0.12009277,6.0673194
4376,-56.5786,-56.545525,0.0070523703,0.11948242,5.247518
4377,-56.52359,-56.54333,0.006390434,0.120068364,4.5967917
4378,-56.74941,-56.56394,0.009573508,0.11911621,4.544817
4379,-56.706055,-56.578148,0.010433896,0.11801758,4.616122
4380,-56.715195,-56.591854,0.011080871,0.11999512,4.531495
4381,-56.549515,-56.58762,0.01013412,0.11811524,4.5847826
4382,-56.69512,-56.59837,0.010160808,0.12333985,4.5532026
4383,-56.60166,-56.598698,0.009145703,0.12229004,4.384745
4384,-56.545654,-56.59339,0.008484357,0.11662598,4.511046
4385,-56.482933,-56.582344,0.008734016,0.11853027,4.485537
4386,-56.50011,-56.57412,0.008469224,0.120751955,4.539449
4387,-56.598114,-56.57652,0.0076741176,0.12028809,4.50271
4388,-56.54598,-56.573463,0.00699065,0.11904297,4.4418025
4389,-56.62372,-56.578487,0.006518884,0.11821289,4.493235
4390,-56.559273,-56.576565,0.0059002237,0.119628906,4.5554047
4391,-56.598385,-56.578747,0.0053530517,0.11779785,4.4961615
4392,-56.520763,-56.57295,0.0051203333,0.11955567,4.484309
4393,-56.560196,-56.571674,0.0046229362,0.11972656,4.4737277
4394,-56.3963,-56.55414,0.006928657,0.120800786,4.498711
4395,-56.407578,-56.539482,0.008168994,0.11887207,4.473207
4396,-56.359505,-56.521484,0.010267364,0.11975098,4.4479065
4397,-56.42512,-56.51185,0.010076353,0.12077637,4.550199
4398,-56.464893,-56.507153,0.009267149,0.120507814,4.54458
4399,-56.49016,-56.505455,0.008366415,0.120678715,4.5753827
4400,-56.484196,-56.50333,0.00757045,0.11791992,4.4456186
4401,-56.543434,-56.50734,0.006958154,0.12004395,4.4067254
4402,-56.660103,-56.522617,0.008362636,0.11967774,4.5707827
4403,-56.569176,-56.527275,0.0077214637,0.12053223,4.501254
4404,-56.521324,-56.52668,0.006952504,0.12265625,4.801779
4405,-56.455875,-56.5196,0.0067084497,0.1189209,4.6518693
4406,-56.544785,-56.522118,0.0060946885,0.11958008,4.422801
4407,-56.60492,-56.5304,0.0061022723,0.11867676,4.4644213
4408,-56.54066,-56.531425,0.0055015218,0.11860352,4.523351
4409,-56.620956,-56.54038,0.0056727906,0.11767578,4.4632983
4410,-56.584484,-56.54479,0.0052805883,0.11796875,4.5686383
4411,-56.473587,-56.537666,0.0052087964,0.121435545,4.52
4412,-56.376015,-56.5215,0.007039729,0.11569824,4.4977875
4413,-56.641808,-56.53353,0.007638416,0.11757813,4.482782
4414,-56.643658,-56.544544,0.00796608,0.11694336,4.5954685
4415,-56.578934,-56.54798,0.007275909,0.117333986,4.5645423
4416,-56.65389,-56.55857,0.0075577926,0.11821289,4.6332755
4417,-56.43087,-56.5458,0.008269688,0.119140625,4.4979925
4418,-56.56819,-56.54804,0.0074878465,0.118701175,4.6872296
4419,-56.667717,-56.560005,0.008028126,0.11826172,4.5272207
4420,-56.383324,-56.542336,0.010034786,0.11850586,4.456726
4421,-56.63758,-56.55186,0.009847757,0.11940918,4.5100913
4422,-56.515343,-56.54821,0.008983003,0.119067386,4.63582
4423,-56.568344,-56.550224,0.008121186,0.12153321,4.56282
4424,-56.47189,-56.54239,0.007861339,0.11987305,4.4598417
4425,-56.611702,-56.54932,0.0075075915,0.12145996,4.55424
4426,-56.622414,-56.55663,0.00723767,0.119506836,4.5801682
4427,-56.518906,-56.552856,0.006641979,0.11679687,4.554407
4428,-56.487587,-56.54633,0.00636119,0.1173584,4.5089617
4429,-56.435333,-56.53523,0.0068338863,0.11813965,4.5050783
4430,-56.25847,-56.507553,0.0130441515,0.120825194,4.5520334
4431,-56.38413,-56.49521,0.0131107615,0.116967775,4.4644465
4432,-56.532673,-56.498955,0.011926006,0.11992188,4.498512
4433,-56.686295,-56.51769,0.013892062,0.12026367,4.590938
4434,-56.629387,-56.52886,0.013625739,0.11743164,4.5555415
4435,-56.734253,-56.549397,0.016059995,0.11838379,4.4834886
4436,-56.701946,-56.56465,0.016548423,0.11960449,4.459996
4437,-56.587116,-56.5669,0.014939,0.11816406,4.4761276
4438,-56.53811,-56.56402,0.013519695,0.117333986,4.5650396
4439,-56.457233,-56.55334,0.013193996,0.11564942,4.461049
4440,-56.59466,-56.557472,0.012028263,0.116528325,4.4430656
4441,-56.5002,-56.551746,0.011120663,0.117089845,4.429459
4442,-56.714478,-56.56802,0.012391925,0.116528325,4.432522
4443,-56.776085,-56.588825,0.015048928,0.11774903,4.4160056
4444,-56.86071,-56.616013,0.020196961,0.11989746,4.4300513
4445,-56.654877,-56.6199,0.018313203,0.12114258,4.3852453
4446,-56.503506,-56.60826,0.017701164,0.11958008,4.553692
4447,-56.68203,-56.61564,0.01642081,0.11945801,4.6283007
4448,-56.658005,-56.619877,0.014940267,0.118334964,4.5428066
4449,-56.597755,-56.617664,0.013490282,0.11965332,4.5987806
4450,-56.584488,-56.614346,0.012240314,0.118896484,4.4256077
4451,-56.5196,-56.60487,0.011824189,0.12177735,4.464665
4452,-56.500095,-56.59439,0.011629762,0.12084961,4.53414
4453,-56.569504,-56.591904,0.010522529,0.12126465,4.6292396
4454,-56.677803,-56.600494,0.010134359,0.118334964,4.600608
4455,-56.568306,-56.597275,0.009214171,0.11650391,4.5503926
4456,-56.60704,-56.59825,0.008301337,0.12026367,4.568606
4457,-56.641373,-56.602562,0.007638554,0.11730957,4.4322166
4458,-56.677746,-56.61008,0.007383434,0.11557617,4.4535613
4459,-56.801117,-56.629185,0.009929626,0.11816406,4.615435
4460,-56.534035,-56.61967,0.009751481,0.11760254,4.598243
4461,-56.79323,-56.637028,0.011487324,0.11931153,4.5572815
4462,-56.598892,-56.633213,0.0104694795,0.121313475,4.449416
4463,-56.668045,-56.636696,0.009531726,0.12141114,4.5437074
4464,-56.63756,-56.636784,0.008578621,0.1217041,4.4463787
4465,-56.460724,-56.61918,0.01051049,0.11987305,4.6650915
4466,-56.535805,-56.61084,0.010085051,0.11850586,4.319703
4467,-56.541008,-56.603855,0.00951543,0.118701175,4.4819674
4468,-56.527637,-56.596233,0.009086709,0.118652344,4.519324
4469,-56.616467,-56.598255,0.008214882,0.11804199,4.669356
4470,-56.569363,-56.595367,0.0074685235,0.11813965,4.6584353
4471,-56.540855,-56.589916,0.0069891117,0.11982422,4.5322266
4472,-56.701073,-56.601032,0.0074022184,0.1204834,4.575138
4473,-56.85606,-56.626534,0.012515521,0.12070312,4.549154
4474,-56.64685,-56.628567,0.011301119,0.11774903,4.638025
4475,-56.622124,-56.627922,0.010174743,0.11630859,4.4365377
4476,-56.318916,-56.597023,0.017750878,0.11706543,4.6270385
4477,-56.67597,-56.60492,0.0165367,0.11967774,4.5681605
4478,-56.54094,-56.598522,0.015251441,0.11928711,4.472505
4479,-56.735653,-56.612236,0.015418732,0.11806641,4.6300683
4480,-56.650845,-56.616096,0.014011014,0.1184082,4.4579177
4481,-56.55359,-56.609844,0.012961561,0.117211916,4.355539
4482,-56.45257,-56.594116,0.013891517,0.11899414,4.476635
4483,-56.59411,-56.594116,0.012502365,0.121313475,4.5824833
4484,-56.77719,-56.612423,0.014268607,0.11633301,4.5478797
4485,-56.67206,-56.618385,0.013161818,0.12021484,4.515859
4486,-56.76368,-56.632915,0.0137455715,0.11960449,4.5304813
4487,-56.705746,-56.640198,0.012848395,0.11811524,4.4229054
4488,-56.550957,-56.631275,0.012280311,0.118774414,4.5627117
4489,-56.724945,-56.64064,0.011841944,0.118579105,4.4588275
4490,-56.592896,-56.635864,0.01086291,0.11923828,4.428833
4491,-56.565193,-56.628796,0.010226116,0.12001953,4.421077
4492,-56.57762,-56.62368,0.0094391955,0.11875,4.497108
4493,-56.62695,-56.62401,0.008496238,0.120947264,4.5789957
4494,-56.446716,-56.606277,0.01047553,0.11999512,4.432411
4495,-56.617264,-56.607376,0.00943884,0.11848145,4.434722
4496,-56.479866,-56.594624,0.009958249,0.1178711,4.551629
4497,-56.66207,-56.601368,0.00937185,0.12001953,4.4603896
4498,-56.619865,-56.603218,0.008465459,0.11828613,4.4168897
4499,-56.692894,-56.612186,0.008342671,0.116601564,4.4101605
4500,-56.67925,-56.618893,0.007913167,0.11643066,4.536529
4501,-56.772785,-56.63428,0.009253312,0.11674805,4.5804086
4502,-56.815163,-56.65237,0.011272611,0.118896484,4.492985
4503,-56.82694,-56.669827,0.012888014,0.12045898,4.570286
4504,-56.609238,-56.66377,0.011929603,0.11748047,4.597326
4505,-56.573746,-56.654766,0.011466016,0.11774903,4.5023904
4506,-56.54521,-56.64381,0.011399607,0.120874025,4.3780804
4507,-56.5979,-56.63922,0.010449341,0.118945315,4.529756
4508,-56.646748,-56.639973,0.009409504,0.1194336,4.483576
4509,-56.6315,-56.639126,0.008475014,0.121118166,4.385304
4510,-56.607304,-56.635944,0.0077186516,0.12150879,4.4868464
4511,-56.67305,-56.639656,0.0070707,0.117163084,4.431845
4512,-56.788475,-56.654537,0.008356868,0.120751955,4.492082
4513,-56.724052,-56.661488,0.007956094,0.12009277,4.4286656
4514,-56.473953,-56.642735,0.010325706,0.120190434,4.39755
4515,-56.663784,-56.64484,0.009333013,0.11750489,4.38936
4516,-56.574406,-56.6378,0.008846204,0.115112305,4.435532
4517,-56.528046,-56.626823,0.009045691,0.1159668,4.5826364
4518,-56.62653,-56.626793,0.008141129,0.1178711,4.4085665
4519,-56.69848,-56.63396,0.0077895126,0.12045898,4.447405
4520,-56.63244,-56.63381,0.00701077,0.11850586,4.4545064
4521,-56.755287,-56.645958,0.0076378365,0.118823245,4.5691977
4522,-56.691147,-56.65048,0.0070578363,0.11965332,4.321257
4523,-56.753754,-56.660805,0.0073119733,0.11784668,4.2616634
4524,-56.694145,-56.66414,0.0066808183,0.1206543,4.5328746
4525,-56.645824,-56.662308,0.006042924,0.121240236,4.3146496
4526,-56.430817,-56.63916,0.010261563,0.12089844,4.4853578
4527,-56.539055,-56.62915,0.010137302,0.12060547,4.4773974
4528,-56.493637,-56.6156,0.010776319,0.120751955,4.486885
4529,-56.47449,-56.60149,0.011490756,0.11921387,4.577896
4530,-56.65509,-56.60685,0.010600249,0.12036133,4.6100745
4531,-56.68988,-56.615154,0.010160693,0.11838379,4.5043664
4532,-56.76843,-56.63048,0.011259001,0.11953125,4.494698
4533,-56.623634,-56.6298,0.01013732,0.12016602,4.586511
4534,-56.59978,-56.626797,0.009204684,0.120800786,4.371946
4535,-56.72012,-56.636127,0.009068037,0.11955567,4.42434
4536,-56.614563,-56.633972,0.0082030855,0.12160645,4.4369955
4537,-56.473026,-56.617878,0.0097141,0.120800786,4.377995
4538,-56.7967,-56.63576,0.011620633,0.12177735,4.3949995
4539,-56.756485,-56.647835,0.011770249,0.1199707,4.381556
4540,-56.679844,-56.651035,0.010685436,0.120190434,4.520853
4541,-56.876976,-56.67363,0.01421132,0.11933594,4.452381
4542,-56.70039,-56.676308,0.012854638,0.120312504,4.416801
4543,-56.72747,-56.681423,0.0118047595,0.116894536,4.5276403
4544,-56.635498,-56.67683,0.010814104,0.12265625,4.613659
4545,-56.62626,-56.671772,0.009962866,0.12016602,4.550209
4546,-56.403683,-56.644962,0.015435048,0.11879883,4.6034927
4547,-56.552414,-56.635708,0.014662411,0.11762696,4.583617
4548,-56.450424,-56.61718,0.016285874,0.11862793,4.3126793
4549,-56.66196,-56.62166,0.014837763,0.11804199,4.4362574
4550,-56.479446,-56.607437,0.015174168,0.11816406,4.483033
4551,-56.66114,-56.61281,0.0139163155,0.11967774,4.429241
4552,-56.953968,-56.646923,0.022999784,0.11923828,4.5193524
4553,-56.59474,-56.641705,0.020944865,0.121557616,4.4654274
4554,-56.671265,-56.64466,0.018929021,0.12004395,4.4190993
4555,-56.76533,-56.656727,0.018346637,0.12194824,4.553132
4556,-56.602722,-56.651325,0.016774459,0.123974614,4.3952665
4557,-56.752235,-56.661415,0.01601347,0.12104493,4.517452
4558,-56.605263,-56.6558,0.0146959,0.12160645,4.4654126
4559,-56.69913,-56.660133,0.013395292,0.11933594,4.380971
4560,-56.742096,-56.66833,0.01266037,0.11953125,4.4827447
4561,-56.824535,-56.683952,0.013590311,0.11879883,4.619415
4562,-56.72926,-56.688484,0.012416026,0.12045898,4.4378977
4563,-56.89304,-56.70894,0.01494029,0.11940918,4.5388203
4564,-56.92491,-56.730537,0.017644247,0.118701175,4.46576
4565,-57.042717,-56.761757,0.024650868,0.11972656,4.381862
4566,-56.819984,-56.76758,0.02249092,0.12299805,4.4342947
4567,-56.735733,-56.764393,0.020333098,0.11872559,4.392329
4568,-56.693176,-56.75727,0.01875625,0.118945315,4.473996
4569,-56.703705,-56.751915,0.017138863,0.11975098,4.4313617
4570,-56.729782,-56.749702,0.015469063,0.1145752,4.5078545
4571,-56.562935,-56.731026,0.017061548,0.1173584,4.465288
4572,-56.673058,-56.725227,0.01565782,0.11608887,4.417934
4573,-56.908974,-56.743603,0.017130682,0.117333986,4.5065346
4574,-56.694393,-56.73868,0.015635556,0.11755371,4.439585
4575,-56.661057,-56.73092,0.01461431,0.120678715,4.4047217
4576,-56.545498,-56.712376,0.016247164,0.114916995,4.4687023
4577,-56.654526,-56.70659,0.014923643,0.11879883,4.4772363
4578,-56.5877,-56.6947,0.014703388,0.11850586,4.4582314
4579,-56.559467,-56.681175,0.0148789175,0.11931153,4.4882984
4580,-56.703026,-56.68336,0.013433996,0.11960449,4.4552784
4581,-56.758293,-56.690853,0.01259593,0.11887207,4.365083
4582,-56.666283,-56.688396,0.011390671,0.119384766,4.391491
4583,-56.641846,-56.683743,0.010446631,0.11999512,4.4830294
4584,-56.805923,-56.69596,0.010745504,0.119189456,4.519554
4585,-56.85813,-56.712177,0.012037885,0.12158203,4.43284
4586,-56.784393,-56.7194,0.01130346,0.120922856,4.441467
4587,-56.811184,-56.728577,0.010931325,0.12070312,4.5329266
4588,-56.77629,-56.73335,0.01004309,0.11887207,4.356543
4589,-56.665123,-56.726524,0.00945771,0.12294922,4.5977225
4590,-56.67555,-56.721428,0.008745806,0.11633301,4.416732
4591,-56.607445,-56.71003,0.00904052,0.11835938,4.4121943
4592,-56.718426,-56.71087,0.008142811,0.11643066,4.3596654
4593,-56.75377,-56.71516,0.0074941674,0.118579105,4.479873
4594,-56.67145,-56.71079,0.006916692,0.11831055,4.4568706
4595,-56.694824,-56.70919,0.0062479605,0.11887207,4.4794903
4596,-56.792274,-56.7175,0.0062444312,0.12368164,4.4640307
4597,-56.686817,-56.71443,0.0057047107,0.11887207,4.4225106
4598,-56.633797,-56.706367,0.005719421,0.11813965,4.3447604
4599,-56.770676,-56.7128,0.0055196774,0.11679687,4.49565
4600,-56.583595,-56.69988,0.0064701354,0.1178711,4.5378437
4601,-56.68834,-56.698723,0.005835106,0.120434575,4.2973456
4602,-56.559837,-56.684834,0.0069876215,0.11828613,4.586466
4603,-56.77027,-56.69338,0.0069458243,0.11862793,4.508678
4604,-56.79664,-56.703705,0.007210879,0.12036133,4.603539
4605,-56.62969,-56.696304,0.006982852,0.12016602,4.40787
4606,-56.964256,-56.7231,0.0127464095,0.11738282,4.3032093
4607,-56.9924,-56.75003,0.017998906,0.11853027,4.4810367
4608,-56.837475,-56.758774,0.016887201,0.12084961,4.5251594
4609,-56.784386,-56.761333,0.015257518,0.12058105,4.4281335
4610,-56.650875,-56.750286,0.014829861,0.120947264,4.453528
4611,-56.828686,-56.758125,0.01390006,0.118896484,4.5390797
4612,-56.775196,-56.759834,0.012536281,0.11916504,4.482103
4613,-56.844475,-56.7683,0.011927414,0.11982422,4.3772182
4614,-56.803127,-56.771782,0.010843842,0.12038574,4.4383373
4615,-56.741283,-56.76873,0.0098431725,0.11923828,4.3777413
4616,-56.791115,-56.77097,0.008903951,0.12009277,4.5992746
4617,-56.59581,-56.753452,0.010774831,0.121435545,4.374165
4618,-56.70667,-56.748775,0.00989433,0.12060547,4.531631
4619,-56.748016,-56.7487,0.008904949,0.11921387,4.492765
4620,-56.7591,-56.74974,0.008024193,0.12319336,4.442141
4621,-56.710503,-56.745815,0.007360339,0.1199707,4.5746565
4622,-56.66433,-56.737667,0.0072218985,0.1201416,4.545733
4623,-56.781673,-56.74207,0.0066739987,0.11760254,4.5209575
4624,-56.615696,-56.72943,0.007443918,0.11867676,4.4466457
4625,-56.857353,-56.74222,0.00817229,0.11862793,4.5403285
4626,-56.814568,-56.74946,0.007826112,0.11828613,4.543444
4627,-56.70515,-56.745026,0.0072201863,0.11831055,4.5484657
4628,-56.74767,-56.74529,0.0064987964,0.1206543,4.462685
4629,-56.682106,-56.73897,0.0062082033,0.119262695,4.543691
4630,-56.985,-56.763573,0.011035102,0.11796875,4.474695
4631,-56.91046,-56.778263,0.0118734585,0.12077637,4.4923935
4632,-56.758823,-56.776318,0.010720124,0.1199707,4.5650687
4633,-56.879337,-56.78662,0.010603286,0.1189209,4.4126263
4634,-56.66565,-56.774525,0.010860031,0.11987305,4.4137864
4635,-56.786396,-56.77571,0.009786711,0.11828613,4.338086
4636,-56.78552,-56.77669,0.008816697,0.12114258,4.460852
4637,-56.696053,-56.768627,0.008520264,0.1190918,4.579541
4638,-56.670025,-56.758766,0.008543255,0.12263184,4.4621553
4639,-56.666916,-56.74958,0.008448212,0.12133789,4.357757
4640,-56.647057,-56.739326,0.008549392,0.11936035,4.498572
4641,-56.604324,-56.725826,0.009334754,0.123168945,4.6266375
4642,-56.715893,-56.724834,0.0084101595,0.12158203,4.209853
4643,-56.811073,-56.73346,0.008238486,0.11860352,4.3955097
4644,-56.641365,-56.72425,0.008177961,0.11948242,4.4719963
4645,-56.68933,-56.72076,0.00746991,0.12026367,4.4935074
4646,-56.489086,-56.697594,0.011553482,0.11804199,4.40627
4647,-56.891678,-56.717003,0.013788314,0.11867676,4.560558
4648,-56.61029,-56.706333,0.013434359,0.116918944,4.4137354
4649,-56.645123,-56.70021,0.012428129,0.11586914,4.3700747
4650,-56.682274,-56.698418,0.011214271,0.120434575,4.515861
4651,-56.646378,-56.693214,0.01033658,0.11557617,4.4818344
4652,-56.72989,-56.69688,0.009423973,0.11655273,4.3397703
4653,-56.738384,-56.70103,0.008636607,0.11794434,4.508061
4654,-56.93105,-56.724033,0.012534717,0.12109375,4.4299955
4655,-56.954308,-56.747063,0.016053604,0.11848145,4.496722
4656,-56.96216,-56.768574,0.01861219,0.11513672,4.524025
4657,-56.966515,-56.78837,0.02027722,0.11987305,4.502947
4658,-56.784607,-56.78799,0.018250773,0.12072754,4.528113
4659,-56.81833,-56.791023,0.01650853,0.120996095,4.3281713
4660,-56.83982,-56.795902,0.015071986,0.12070312,4.477061
4661,-56.95162,-56.811474,0.015747057,0.11921387,4.467402
4662,-56.79241,-56.809566,0.014205054,0.12028809,4.328248
4663,-56.854706,-56.81408,0.012967928,0.11933594,4.1928563
4664,-56.831375,-56.815807,0.011698059,0.1199707,4.315236
4665,-56.761906,-56.810417,0.010789738,0.120751955,4.2263236
4666,-56.63747,-56.79312,0.012402722,0.12009277,4.393513
4667,-56.883305,-56.80214,0.011894421,0.11970215,4.6326356
4668,-56.886,-56.810524,0.011337938,0.11757813,4.6123075
4669,-56.625965,-56.79207,0.0132697215,0.12072754,4.3660426
4670,-56.726006,-56.78546,0.012335537,0.11828613,4.4413457
4671,-56.748062,-56.781723,0.011227867,0.12487793,4.428045
4672,-56.78299,-56.78185,0.010105224,0.120800786,4.3316293
4673,-56.63772,-56.767437,0.010964331,0.11982422,4.476869
4674,-56.716072,-56.7623,0.01010535,0.11979981,4.5520215
4675,-56.74176,-56.760246,0.009132779,0.12243652,4.361447
4676,-56.730114,-56.757233,0.008301217,0.12084961,4.6094103
4677,-56.895348,-56.771046,0.009187911,0.11933594,4.4229617
4678,-56.747738,-56.768715,0.008318012,0.12026367,4.489521
4679,-56.83637,-56.775482,0.007898142,0.119384766,4.371431
4680,-56.69743,-56.767677,0.0076566255,0.120556645,4.4801173
4681,-56.81157,-56.772068,0.0070643476,0.118334964,4.3854775
4682,-56.6774,-56.7626,0.007164518,0.11923828,4.4122715
4683,-56.718975,-56.758236,0.0066193477,0.12243652,4.49271
4684,-56.65303,-56.747715,0.0069535514,0.1189209,4.3298454
4685,-56.635986,-56.73654,0.007381693,0.11838379,4.442903
4686,-56.697163,-56.732605,0.006783088,0.11887207,4.3519506
4687,-56.71796,-56.73114,0.006124081,0.1204834,4.4241967
4688,-56.852913,-56.743317,0.0068462472,0.11831055,4.3938723
4689,-56.932137,-56.7622,0.0093703875,0.118823245,4.387169
4690,-56.780357,-56.764015,0.008463023,0.118701175,4.5670757
4691,-56.706444,-56.75826,0.007915023,0.11831055,4.4234133
4692,-56.84201,-56.766632,0.007754811,0.118457034,4.5113826
4693,-56.740456,-56.764015,0.007040999,0.11972656,4.675312
4694,-56.882454,-56.77586,0.0075993943,0.11994629,4.4674044
4695,-56.93917,-56.79219,0.009239798,0.12033691,4.4240427
4696,-56.666107,-56.779583,0.00974655,0.11989746,4.344605
4697,-56.86891,-56.788517,0.009490061,0.115356445,4.340316
4698,-56.63042,-56.77271,0.010790554,0.11884766,4.4852653
4699,-56.837914,-56.77923,0.010094146,0.12368164,4.453742
4700,-56.77806,-56.77911,0.009084853,0.12148438,4.3155503
4701,-56.856186,-56.78682,0.008711031,0.122485355,4.37696
4702,-56.877388,-56.795876,0.008578167,0.121362306,4.595006
4703,-56.928955,-56.809185,0.009314265,0.12145996,4.5112295
4704,-56.792545,-56.80752,0.008407758,0.121362306,4.4524198
4705,-56.624474,-56.789215,0.010582581,0.11931153,4.5043225
4706,-56.702385,-56.780533,0.010202875,0.11826172,4.4654737
4707,-56.669632,-56.769444,0.010289499,0.12102051,4.471501
4708,-56.734627,-56.76596,0.009369647,0.12216797,4.405245
4709,-56.77043,-56.766407,0.008434481,0.118896484,4.541436
4710,-56.782074,-56.767975,0.0076131234,0.1204834,4.3746777
4711,-56.63839,-56.755016,0.008363121,0.12070312,4.4482393
4712,-56.753345,-56.75485,0.0075270603,0.120629884,4.4009395
4713,-56.749943,-56.754356,0.00677652,0.11977539,4.4920797
4714,-56.670498,-56.74597,0.00673177,0.124584965,4.553401
4715,-56.718075,-56.743183,0.0061286343,0.11748047,4.4271526
4716,-56.837227,-56.752586,0.006311751,0.12133789,4.5070963
4717,-56.98208,-56.775536,0.010420576,0.121191405,4.47535
4718,-56.964684,-56.79445,0.012598443,0.12011719,4.5104313
4719,-56.74772,-56.789776,0.011535131,0.11936035,4.4341044
4720,-56.944336,-56.805233,0.012531612,0.12202149,4.4648113
4721,-56.800938,-56.804802,0.011280111,0.122241214,4.4510994
4722,-56.75595,-56.799915,0.010366878,0.12282715,4.3438993
4723,-56.74784,-56.79471,0.0095742475,0.12358399,4.4138746
4724,-56.675102,-56.78275,0.009904327,0.11821289,4.4756527
4725,-56.70681,-56.775154,0.009432903,0.1190918,4.471503
4726,-56.685024,-56.76614,0.009220717,0.117016606,4.3679824
4727,-56.68921,-56.758446,0.008831299,0.11821289,4.303074
4728,-56.70025,-56.752625,0.0082529895,0.120068364,4.3905864
4729,-56.96541,-56.773903,0.011502616,0.11784668,4.413332
4730,-56.772957,-56.773808,0.010352435,0.12209473,4.562443
4731,-56.77348,-56.773773,0.009317201,0.12214356,4.440419
4732,-56.612995,-56.757694,0.010711943,0.11657715,4.433974
4733,-56.81919,-56.763844,0.009981114,0.12072754,4.397639
4734,-56.771065,-56.764565,0.008987696,0.11743164,4.536403
4735,-56.717876,-56.759895,0.008285106,0.11799317,4.454597
4736,-56.76738,-56.760643,0.0074616373,0.1173584,4.398254
4737,-56.833916,-56.76797,0.007198673,0.11828613,4.4265003
4738,-56.82128,-56.7733,0.0067345854,0.119628906,4.468905
4739,-56.81348,-56.777317,0.006206427,0.11564942,4.42038
4740,-56.88283,-56.78787,0.0065877824,0.120800786,4.513666
4741,-56.737076,-56.78279,0.0061611948,0.12163086,4.4897156
4742,-56.895306,-56.794044,0.006684431,0.117651366,4.335464
4743,-56.873734,-56.802013,0.0065875184,0.12165528,4.395418
4744,-56.869522,-56.808765,0.0063389344,0.119140625,4.3450255
4745,-56.81538,-56.809425,0.0057089785,0.11975098,4.1980486
4746,-56.789886,-56.807472,0.00517244,0.118701175,4.3983045
4747,-56.860962,-56.81282,0.004912699,0.12141114,4.407805
4748,-56.867107,-56.81825,0.0046866657,0.117529295,4.489233
4749,-56.78077,-56.8145,0.0043444224,0.11657715,4.320116
4750,-56.791862,-56.812237,0.0039560967,0.120507814,4.3943458
4751,-56.84395,-56.815407,0.003650993,0.117089845,4.381728
4752,-56.633747,-56.79724,0.006255916,0.119140625,4.3682365
4753,-56.746456,-56.792164,0.005862445,0.11835938,4.4305553
4754,-56.774025,-56.79035,0.005305812,0.11979981,4.414309
4755,-56.636627,-56.77498,0.006902045,0.11887207,4.427329
4756,-56.793007,-56.776783,0.006241092,0.11965332,4.4196343
4757,-56.80375,-56.77948,0.005682428,0.12153321,4.4625306
4758,-56.780113,-56.779545,0.005114221,0.121167,4.44803
4759,-56.714993,-56.77309,0.004977829,0.12390137,4.43502
4760,-56.660995,-56.76188,0.0056109196,0.123168945,4.3154607
4761,-56.814796,-56.76717,0.005301851,0.12072754,4.3977637
4762,-56.753445,-56.765797,0.00478862,0.120751955,4.406064
4763,-56.862118,-56.77543,0.005144756,0.12148438,4.386615
4764,-57.094246,-56.807312,0.013778274,0.11838379,4.4374013
4765,-56.91816,-56.818398,0.0135062905,0.11762696,4.4707527
4766,-56.94427,-56.830986,0.0135816345,0.11772461,4.409754
4767,-56.821175,-56.830006,0.012232134,0.1217041,4.4807873
4768,-56.736347,-56.82064,0.011798392,0.119628906,4.478303
4769,-56.96163,-56.83474,0.0124076195,0.118774414,4.341724
4770,-56.87112,-56.83838,0.011285977,0.120190434,4.5099015
4771,-56.90499,-56.84504,0.010556727,0.12128907,4.426698
4772,-56.921513,-56.852688,0.010027388,0.12109375,4.308736
4773,-56.86074,-56.853493,0.0090304855,0.120190434,4.463816
4774,-56.749634,-56.843105,0.009098238,0.12109375,4.4789305
4775,-56.864574,-56.845253,0.008229897,0.12258301,4.306868
4776,-56.757652,-56.836494,0.008097557,0.12233887,4.25675
4777,-56.744232,-56.827267,0.008053911,0.11601563,4.3309464
4778,-56.835518,-56.82809,0.0072546466,0.11958008,4.3526583
4779,-56.939514,-56.839233,0.0076465495,0.11862793,4.3653297
4780,-56.945915,-56.849903,0.007906185,0.11921387,4.467585
4781,-56.946312,-56.859543,0.007952087,0.12165528,4.386965
4782,-56.87732,-56.86132,0.0071853185,0.12009277,4.317941
4783,-56.86154,-56.861343,0.006466791,0.120629884,4.388378
4784,-56.92266,-56.867474,0.0061584963,0.1190918,4.480039
4785,-56.813934,-56.86212,0.005800627,0.12109375,4.459583
4786,-56.570488,-56.83296,0.012875078,0.11960449,4.43744
4787,-56.77488,-56.82715,0.011891153,0.122607425,4.452216
4788,-56.85514,-56.82995,0.010772558,0.1232666,4.4410763
4789,-56.899315,-56.836884,0.010128356,0.118774414,4.463308
4790,-56.739662,-56.82716,0.009966199,0.12145996,4.337131
4791,-56.828194,-56.827263,0.008969676,0.12033691,4.5157223
4792,-56.798023,-56.82434,0.008149654,0.11899414,4.506692
4793,-56.9172,-56.833626,0.008110712,0.1201416,4.503897
4794,-56.86262,-56.836525,0.007375308,0.1206543,4.378958
4795,-56.859398,-56.838814,0.006684862,0.121118166,4.5071783
4796,-56.845924,-56.839523,0.0060209264,0.12041016,4.460819
4797,-57.053616,-56.86093,0.009544029,0.122241214,4.468016
4798,-56.860382,-56.860878,0.008589652,0.121191405,4.4028945
4799,-56.83602,-56.85839,0.0077862935,0.121313475,4.481247
4800,-56.964615,-56.869015,0.008023184,0.11958008,4.631877
4801,-56.967354,-56.87885,0.008091217,0.11799317,4.3858724
4802,-56.94966,-56.88593,0.0077333883,0.11921387,4.3557653
4803,-56.805305,-56.87787,0.0075450647,0.12165528,4.3369336
4804,-56.899574,-56.88004,0.00683296,0.12145996,4.3477516
4805,-56.944244,-56.88646,0.0065206713,0.11821289,4.2904406
4806,-56.945072,-56.89232,0.0061777956,0.11955567,4.2869267
4807,-56.781403,-56.881226,0.0066672307,0.1189209,4.243677
4808,-56.85141,-56.878242,0.006080515,0.11748047,4.641549
4809,-57.124416,-56.90286,0.010926605,0.11726075,4.404926
4810,-56.90628,-56.903202,0.009834998,0.11794434,4.316586
4811,-56.82663,-56.895546,0.009379199,0.12004395,4.3499885
4812,-56.89583,-56.895573,0.008441286,0.1223877,4.366519
4813,-56.85608,-56.891624,0.007737534,0.11940918,4.436037
4814,-57.217533,-56.924217,0.016523262,0.122363284,4.263126
4815,-57.103195,-56.942116,0.017753916,0.120751955,4.3177304
4816,-57.1321,-56.961113,0.019226955,0.1236084,4.4862742
4817,-57.10189,-56.97519,0.01908791,0.11958008,4.4361863
4818,-56.919914,-56.96966,0.017454097,0.12426758,4.4404593
4819,-57.005447,-56.97324,0.015823942,0.12060547,4.442627
4820,-56.986057,-56.97452,0.014256333,0.122485355,4.4647636
4821,-57.03053,-56.98012,0.0131130135,0.11806641,4.380933
4822,-57.003014,-56.98241,0.011848876,0.11945801,4.4227276
4823,-56.733925,-56.95756,0.016221045,0.11821289,4.3599176
4824,-56.754482,-56.937252,0.018310646,0.11931153,4.5265455
4825,-56.882042,-56.931732,0.016753916,0.12277832,4.4857774
4826,-56.915207,-56.93008,0.015103101,0.118579105,4.38389
4827,-56.90423,-56.927494,0.01365294,0.11887207,4.4430556
4828,-56.97836,-56.93258,0.0125205,0.11706543,4.5331235
4829,-56.97296,-56.93662,0.011415216,0.12189942,4.4581585
4830,-56.743916,-56.917347,0.013615803,0.12070312,4.4995856
4831,-56.920414,-56.917652,0.012255069,0.11982422,4.383822
4832,-56.984272,-56.924313,0.011429001,0.121875,4.4702163
4833,-56.809853,-56.912865,0.011465198,0.11967774,4.431966
4834,-56.818794,-56.903458,0.0111151105,0.12021484,4.5184975
4835,-56.96994,-56.910107,0.010401392,0.11806641,4.4383144
4836,-56.965794,-56.915676,0.009640346,0.1222168,4.4105153
4837,-56.818745,-56.905983,0.009521925,0.12294922,4.4055147
4838,-56.9377,-56.909153,0.00866026,0.11984863,4.2528567
4839,-56.96492,-56.91473,0.00807413,0.11958008,4.270426
4840,-56.963066,-56.919563,0.00747699,0.12045898,4.365083
4841,-56.99288,-56.926895,0.007213095,0.12182617,4.285207
4842,-56.837723,-56.917976,0.0072074393,0.1222168,4.416231
4843,-56.850426,-56.91122,0.006897373,0.12294922,4.481232
4844,-56.746876,-56.894787,0.008638465,0.11984863,4.3408537
4845,-56.76115,-56.881424,0.0093819015,0.12009277,4.2919874
4846,-56.816486,-56.87493,0.008823231,0.12202149,4.4628315
4847,-56.847427,-56.87218,0.0080089895,0.122363284,4.5453224
4848,-56.76576,-56.861538,0.008227406,0.12128907,4.5106688
4849,-56.90194,-56.865578,0.00755157,0.12045898,4.559113
4850,-57.04798,-56.88382,0.009790809,0.12319336,4.446283
4851,-56.857273,-56.881165,0.008875152,0.11928711,4.4296656
4852,-57.03675,-56.896725,0.010166273,0.1222168,4.5241823
4853,-56.9967,-56.906723,0.010049207,0.12192383,4.5453973
4854,-57.00735,-56.916786,0.009955624,0.122802734,4.4447703
4855,-56.830677,-56.908176,0.0096273925,0.122851565,4.446219
4856,-56.85726,-56.903084,0.008897962,0.120507814,4.406591
4857,-56.890057,-56.90178,0.008023439,0.12023926,4.3778906
4858,-56.949417,-56.906544,0.0074253385,0.12016602,4.4860115
4859,-56.97229,-56.913116,0.007071837,0.122485355,4.4128356
4860,-57.100296,-56.931835,0.009517911,0.11813965,4.506401
4861,-57.005413,-56.939194,0.009053353,0.12138672,4.4299216
4862,-56.905807,-56.935856,0.008248336,0.119189456,4.357175
4863,-56.94122,-56.936394,0.007426091,0.11933594,4.264527
4864,-56.839066,-56.926662,0.0075360313,0.12128907,4.518164
4865,-56.95128,-56.929123,0.0068369643,0.12128907,4.4386377
4866,-56.924965,-56.928707,0.0061548236,0.122680664,4.373856
4867,-56.708,-56.906635,0.009923381,0.117456056,4.326388
4868,-56.91323,-56.907295,0.008934958,0.12053223,4.345881
4869,-56.896915,-56.906258,0.008051159,0.120556645,4.504327
4870,-56.855927,-56.901226,0.007474033,0.12084961,4.328663
4871,-56.832153,-56.894318,0.0071560238,0.122729495,4.31881
4872,-56.864326,-56.89132,0.0065213735,0.11940918,4.5153847
4873,-56.885498,-56.890736,0.005872286,0.11982422,4.546988
4874,-56.86927,-56.888588,0.0053265253,0.1194336,4.3948107
4875,-56.92759,-56.892487,0.004930773,0.12214356,4.6754375
4876,-56.896484,-56.892887,0.0044391337,0.11760254,4.5763955
4877,-56.913406,-56.89494,0.004033114,0.120190434,4.54554
4878,-56.848495,-56.890297,0.003823936,0.11782227,4.3631573
4879,-56.738434,-56.87511,0.005517158,0.119140625,4.393128
4880,-56.896324,-56.87723,0.0050059436,0.1201416,4.514692
4881,-56.86556,-56.876064,0.004517612,0.1173584,4.405647
4882,-56.850094,-56.873466,0.0041265525,0.118457034,4.423572
4883,-56.830254,-56.869144,0.003881959,0.11623535,4.546811
4884,-56.698418,-56.852074,0.00611705,0.118945315,4.383619
4885,-56.953857,-56.86225,0.006437739,0.1206543,4.4878607
4886,-56.9501,-56.871037,0.00648853,0.11872559,4.4983015
4887,-56.763275,-56.86026,0.0068848035,0.121118166,4.482223
4888,-56.686447,-56.84288,0.008915305,0.12197266,4.2329226
4889,-56.69941,-56.828533,0.009876322,0.119067386,4.3784456
4890,-56.78356,-56.824036,0.009070708,0.116772465,4.518145
4891,-56.68458,-56.81009,0.009913902,0.11730957,4.40563
4892,-56.798965,-56.808975,0.008933648,0.11860352,4.424486
4893,-56.761345,-56.80421,0.00824446,0.120800786,4.7270403
4894,-55.566578,-56.680447,0.14527614,0.11713868,56.199715
4895,-56.777355,-56.690136,0.13159375,0.11970215,5.5249133
4896,-57.01681,-56.722805,0.1280389,0.11948242,4.4651504
4897,-56.925987,-56.743122,0.11895048,0.11958008,4.495349
4898,-56.847164,-56.753525,0.108029656,0.12153321,4.383311
4899,-56.898865,-56.76806,0.09912782,0.117529295,4.620131
4900,-56.777203,-56.768974,0.08922256,0.11977539,6.9406323
4901,-56.95833,-56.78791,0.083527245,0.11982422,4.4359603
4902,-56.624916,-56.77161,0.077565566,0.12038574,6.5462604
4903,-55.668846,-56.661335,0.17925699,0.11955567,51.47776
4904,-56.73139,-56.668343,0.16177301,0.12023926,4.497914
4905,-56.916206,-56.69313,0.15112498,0.12250977,4.4861717
4906,-56.93031,-56.71685,0.14107533,0.12089844,5.0585785
4907,-56.977806,-56.742947,0.1330966,0.12026367,4.4945564
4908,-56.773235,-56.745975,0.119869515,0.12097168,4.4716396
4909,-56.65732,-56.73711,0.10858998,0.12023926,7.908991
4910,-56.78071,-56.74147,0.097902045,0.11855469,5.148098
4911,-56.83537,-56.750862,0.08890537,0.12038574,4.4959345
4912,-56.86544,-56.76232,0.08119637,0.12138672,4.4947104
4913,-56.829422,-56.76903,0.07348195,0.1201416,4.494002
4914,-56.73297,-56.765427,0.06625078,0.11804199,4.276297
4915,-56.732674,-56.76215,0.059722245,0.121240236,4.332863
4916,-56.861477,-56.772083,0.054637946,0.11931153,4.3035426
4917,-56.7711,-56.771984,0.049174238,0.116967775,4.381857
4918,-56.629036,-56.75769,0.04609589,0.1177002,4.318669
4919,-56.999187,-56.78184,0.046735175,0.119506836,4.4705973
4920,-56.777405,-56.7814,0.042063426,0.12026367,4.6165814
4921,-56.876057,-56.790863,0.03866349,0.11760254,4.366015
4922,-57.037815,-56.81556,0.04028582,0.1194336,4.28726
4923,-57.106575,-56.84466,0.04387934,0.12045898,4.3776174
4924,-56.956127,-56.85581,0.040609617,0.12460937,4.3218875
4925,-56.889145,-56.859142,0.036648672,0.118701175,4.571776
4926,-56.86412,-56.859642,0.032986034,0.116528325,4.578299
4927,-56.89951,-56.86363,0.029830474,0.11948242,4.5022697
4928,-56.815548,-56.85882,0.027055481,0.118652344,4.3512244
4929,-56.607193,-56.83366,0.030048471,0.12358399,4.1919656
4930,-56.825058,-56.8328,0.027050283,0.11774903,4.35362
4931,-56.869576,-56.83648,0.024466962,0.11850586,4.3804817
4932,-56.813354,-56.834167,0.022068392,0.11982422,4.4197235
4933,-56.760704,-56.82682,0.020347273,0.11958008,4.273432
4934,-56.861588,-56.830296,0.018421333,0.119262695,4.334708
4935,-56.699615,-56.817226,0.018116156,0.11679687,4.371665
4936,-56.84627,-56.82013,0.016380465,0.11875,4.5018578
4937,-57.00412,-56.838528,0.017789142,0.116894536,4.2958717
4938,-56.955925,-56.850266,0.017250618,0.1189209,4.214149
4939,-56.82744,-56.847984,0.015572453,0.12053223,4.3342686
4940,-56.954838,-56.85867,0.015042797,0.11811524,4.3272796
4941,-56.91023,-56.863827,0.013777771,0.120556645,4.186185
4942,-56.81688,-56.85913,0.01259836,0.11940918,4.3779573
4943,-56.676697,-56.84089,0.014333921,0.11989746,4.2930207
4944,-56.834217,-56.84022,0.012904535,0.1199707,4.4817905
4945,-56.99436,-56.855637,0.013752417,0.11904297,4.3595147
4946,-56.886246,-56.858696,0.012461497,0.1204834,4.2992373
4947,-57.014576,-56.874283,0.013402219,0.12241211,4.3701777
4948,-56.889977,-56.87585,0.012084163,0.12468262,4.3109083
4949,-56.872112,-56.875477,0.010877004,0.12128907,4.4808583
4950,-56.7233,-56.86026,0.011873478,0.11987305,4.4076133
4951,-56.758617,-56.850098,0.011615939,0.12028809,4.478263
4952,-56.862114,-56.8513,0.01046734,0.120800786,4.3954
4953,-56.839905,-56.85016,0.009432292,0.1201416,4.272275
4954,-56.798492,-56.844994,0.008729309,0.118579105,4.3125353
4955,-56.87519,-56.848015,0.007938446,0.12023926,4.3540606
4956,-56.794533,-56.842667,0.0074020308,0.12011719,4.3154516
4957,-56.847862,-56.843185,0.006664257,0.11848145,4.380487
4958,-57.02128,-56.860996,0.008852371,0.12070312,4.501508
4959,-56.785393,-56.853436,0.008481564,0.121362306,4.8701663
4960,-56.815163,-56.84961,0.0077652405,0.1217041,4.3561325
4961,-56.86782,-56.85143,0.007018565,0.11828613,4.248356
4962,-56.793026,-56.84559,0.0066236905,0.11669922,4.2742295
4963,-56.933723,-56.8544,0.0066604177,0.12126465,4.3784447
4964,-57.036354,-56.872597,0.008974011,0.11936035,4.2628727
4965,-56.901657,-56.875504,0.008152615,0.11760254,4.231245
4966,-56.917374,-56.879692,0.0074951327,0.119140625,4.337732
4967,-57.019863,-56.893707,0.008513932,0.11730957,4.1799154
4968,-56.970306,-56.901367,0.008190607,0.12070312,4.2801285
4969,-56.932213,-56.904453,0.007457177,0.120507814,4.209949
4970,-56.80146,-56.894154,0.0076661394,0.11975098,4.3022604
4971,-57.10643,-56.915382,0.010955041,0.11960449,4.405314
4972,-57.124023,-56.936245,0.013777335,0.11940918,4.276969
4973,-57.00728,-56.943348,0.012853719,0.11945801,4.4084263
4974,-57.00425,-56.94944,0.011902158,0.121167,4.35188
4975,-56.945724,-56.94907,0.010713184,0.121118166,4.24525
4976,-57.00983,-56.955147,0.009974131,0.11916504,4.279409
4977,-56.893414,-56.948975,0.009319707,0.11972656,4.415711
4978,-56.712242,-56.9253,0.01343154,0.11911621,4.3825703
4979,-56.927757,-56.925545,0.012088928,0.11711426,4.2638917
4980,-56.94697,-56.92769,0.010921356,0.11855469,4.163784
4981,-56.91974,-56.926895,0.009834908,0.11726075,4.342404
4982,-57.0057,-56.934776,0.009410324,0.11999512,4.3815703
4983,-56.95764,-56.93706,0.008516345,0.11838379,4.250305
4984,-56.845108,-56.927864,0.008425697,0.11796875,4.272452
4985,-56.756905,-56.910767,0.01021357,0.11799317,4.2674904
4986,-56.87773,-56.907463,0.009290433,0.12180176,4.1765437
4987,-56.975883,-56.914307,0.008782711,0.120434575,4.1635556
4988,-56.9285,-56.915726,0.007922573,0.12287598,4.243617
4989,-56.721996,-56.896355,0.010508113,0.1220459,4.3124957
4990,-56.8744,-56.894157,0.009500678,0.117333986,4.168968
4991,-56.74572,-56.879314,0.010533641,0.12026367,4.2046456
4992,-56.805435,-56.871925,0.00997151,0.12128907,4.2920914
4993,-56.768993,-56.861633,0.009927908,0.11977539,4.4052534
4994,-56.86249,-56.861717,0.008935183,0.11916504,4.279469
4995,-56.800156,-56.85556,0.00838275,0.11789551,4.345821
4996,-56.958355,-56.86584,0.008495481,0.120434575,4.3618965
4997,-56.826958,-56.861954,0.0077820034,0.120068364,4.280564
4998,-56.96166,-56.871925,0.0078984955,0.11774903,4.2454867
4999,-56.872284,-56.87196,0.0071086576,0.115234375,4.299674
