2026-05-29 17:12:23,208 - JAX version: 0.10.1
2026-05-29 17:12:23,210 - jax_enable_x64: False
2026-05-29 17:12:23,210 - JAXlib version: 0.10.1
2026-05-29 17:12:23,210 - KFAC-JAX version: 0.0.8
2026-05-29 17:12:23,210 - Available devices: ['cuda:0', 'cuda:1']
2026-05-29 17:12:23,210 - Platform: gpu
2026-05-29 17:12:23,210 - Default precision: float32
2026-05-29 17:12:23,210 - Default matmul precision: float32
2026-05-29 17:12:23,210 - GPU information: ['Tesla V100-PCIE-32GB', 'Tesla V100-PCIE-32GB']
2026-05-29 17:12:23,210 - Python version: 3.13.13
2026-05-29 17:12:23,210 - System: Linux #20260508 SMP PREEMPT_DYNAMIC Fri May  8 11:20:56 EDT 2026
2026-05-29 17:12:23,210 - Processor: x86_64
2026-05-29 17:12:23,210 - Numpy version: 2.4.6
2026-05-29 17:12:23,210 - CUDA_VISIBLE_DEVICES: GPU-67f38dfd-164e-7ad4-4481-7a32d26f7874,GPU-40d2d2e2-f6ca-d191-b489-a6333d7f8837
2026-05-29 17:12:23,210 - NVIDIA driver version: 580.126.09
580.126.09
2026-05-29 17:12:23,210 - GPU models: Tesla V100-PCIE-32GB, Tesla V100-PCIE-32GB
2026-05-29 17:12:23,254 - Starting QMC with 2 XLA devices per host across 1 hosts.
2026-05-29 17:12:26,554 - No checkpoint found. Training new model.
2026-05-29 17:12:28,389 - Using adam_kfac optimizer: Adam until step 300, then KFAC.
2026-05-29 17:12:28,458 - Burning in MCMC chain for 500 steps
2026-05-29 17:12:38,457 - Completed burn-in MCMC steps
2026-05-29 17:12:43,580 - Initial energy: 258797.4062 E_h
2026-05-29 17:12:51,525 - Step 00000: 187321.7812 E_h, exp. variance=0.0000 E_h^2, pmove=0.95
2026-05-29 17:12:58,954 - Step 00001: 176635.1875 E_h, exp. variance=10278296.0000 E_h^2, pmove=0.96
2026-05-29 17:12:59,025 - Step 00002: 219194.6562 E_h, exp. variance=106913464.0000 E_h^2, pmove=0.96
2026-05-29 17:12:59,107 - Step 00003: 222968.3750 E_h, exp. variance=196749376.0000 E_h^2, pmove=0.96
2026-05-29 17:12:59,177 - Step 00004: 214551.0781 E_h, exp. variance=219305008.0000 E_h^2, pmove=0.96
2026-05-29 17:12:59,266 - Step 00005: 142214.8906 E_h, exp. variance=448666784.0000 E_h^2, pmove=0.96
2026-05-29 17:12:59,339 - Step 00006: 202474.8438 E_h, exp. variance=418323840.0000 E_h^2, pmove=0.97
2026-05-29 17:12:59,403 - Step 00007: 199068.4531 E_h, exp. variance=382289824.0000 E_h^2, pmove=0.97
2026-05-29 17:12:59,468 - Step 00008: 176809.2344 E_h, exp. variance=364406144.0000 E_h^2, pmove=0.97
2026-05-29 17:12:59,532 - Step 00009: 191163.5781 E_h, exp. variance=328026432.0000 E_h^2, pmove=0.97
2026-05-29 17:12:59,597 - Step 00010: 210289.0625 E_h, exp. variance=330742432.0000 E_h^2, pmove=0.97
2026-05-29 17:12:59,662 - Step 00011: 226878.1875 E_h, exp. variance=404594496.0000 E_h^2, pmove=0.97
2026-05-29 17:12:59,726 - Step 00012: 149049.8750 E_h, exp. variance=561313664.0000 E_h^2, pmove=0.97
2026-05-29 17:12:59,791 - Step 00013: 207964.0000 E_h, exp. variance=530547712.0000 E_h^2, pmove=0.97
2026-05-29 17:12:59,860 - Step 00014: 135418.7656 E_h, exp. variance=774393408.0000 E_h^2, pmove=0.97
2026-05-29 17:12:59,939 - Step 00015: 149195.3438 E_h, exp. variance=826338944.0000 E_h^2, pmove=0.98
2026-05-29 17:13:00,012 - Step 00016: 126285.2109 E_h, exp. variance=1036467968.0000 E_h^2, pmove=0.97
2026-05-29 17:13:00,088 - Step 00017: 132228.7344 E_h, exp. variance=1118222720.0000 E_h^2, pmove=0.97
2026-05-29 17:13:00,166 - Step 00018: 163252.9688 E_h, exp. variance=1015087168.0000 E_h^2, pmove=0.97
2026-05-29 17:13:00,245 - Step 00019: 145622.9375 E_h, exp. variance=976647616.0000 E_h^2, pmove=0.97
2026-05-29 17:13:00,324 - Step 00020: 198544.3750 E_h, exp. variance=955177984.0000 E_h^2, pmove=0.97
2026-05-29 17:13:00,404 - Step 00021: 186405.1562 E_h, exp. variance=877420672.0000 E_h^2, pmove=0.97
2026-05-29 17:13:00,482 - Step 00022: 154271.2812 E_h, exp. variance=823869184.0000 E_h^2, pmove=0.97
2026-05-29 17:13:00,556 - Step 00023: 156941.3281 E_h, exp. variance=761387456.0000 E_h^2, pmove=0.96
2026-05-29 17:13:00,624 - Step 00024: 179923.7812 E_h, exp. variance=693539392.0000 E_h^2, pmove=0.96
2026-05-29 17:13:00,701 - Step 00025: 155735.2188 E_h, exp. variance=645948992.0000 E_h^2, pmove=0.96
2026-05-29 17:13:00,769 - Step 00026: 214814.4844 E_h, exp. variance=764283712.0000 E_h^2, pmove=0.96
2026-05-29 17:13:00,846 - Step 00027: 182569.3438 E_h, exp. variance=694100800.0000 E_h^2, pmove=0.96
2026-05-29 17:13:00,919 - Step 00028: 160458.6406 E_h, exp. variance=643910400.0000 E_h^2, pmove=0.96
2026-05-29 17:13:00,984 - Step 00029: 99511.7656 E_h, exp. variance=1073678272.0000 E_h^2, pmove=0.96
2026-05-29 17:13:01,048 - Step 00030: 196109.5000 E_h, exp. variance=1046817984.0000 E_h^2, pmove=0.96
2026-05-29 17:13:01,112 - Step 00031: 150551.8906 E_h, exp. variance=973406016.0000 E_h^2, pmove=0.95
2026-05-29 17:13:01,177 - Step 00032: 156997.9531 E_h, exp. variance=885668736.0000 E_h^2, pmove=0.95
2026-05-29 17:13:01,243 - Step 00033: 178062.5156 E_h, exp. variance=809565120.0000 E_h^2, pmove=0.95
2026-05-29 17:13:01,307 - Step 00034: 218907.1250 E_h, exp. variance=966714624.0000 E_h^2, pmove=0.95
2026-05-29 17:13:01,371 - Step 00035: 178313.7812 E_h, exp. variance=872965952.0000 E_h^2, pmove=0.95
2026-05-29 17:13:01,435 - Step 00036: 131975.7500 E_h, exp. variance=938507200.0000 E_h^2, pmove=0.95
2026-05-29 17:13:01,499 - Step 00037: 133359.8750 E_h, exp. variance=959387264.0000 E_h^2, pmove=0.94
2026-05-29 17:13:01,563 - Step 00038: 166587.1719 E_h, exp. variance=863556160.0000 E_h^2, pmove=0.94
2026-05-29 17:13:01,627 - Step 00039: 189221.4062 E_h, exp. variance=827405248.0000 E_h^2, pmove=0.94
2026-05-29 17:13:01,691 - Step 00040: 199115.3438 E_h, exp. variance=831996736.0000 E_h^2, pmove=0.94
2026-05-29 17:13:01,755 - Step 00041: 176425.3438 E_h, exp. variance=751368704.0000 E_h^2, pmove=0.92
2026-05-29 17:13:01,820 - Step 00042: 201345.3594 E_h, exp. variance=755785472.0000 E_h^2, pmove=0.92
2026-05-29 17:13:01,884 - Step 00043: 149624.9375 E_h, exp. variance=736288576.0000 E_h^2, pmove=0.92
2026-05-29 17:13:01,949 - Step 00044: 142305.8906 E_h, exp. variance=742504768.0000 E_h^2, pmove=0.92
2026-05-29 17:13:02,013 - Step 00045: 181632.5781 E_h, exp. variance=682361472.0000 E_h^2, pmove=0.91
2026-05-29 17:13:02,077 - Step 00046: 166236.5000 E_h, exp. variance=615659072.0000 E_h^2, pmove=0.91
2026-05-29 17:13:02,142 - Step 00047: 161834.5312 E_h, exp. variance=560023360.0000 E_h^2, pmove=0.92
2026-05-29 17:13:02,206 - Step 00048: 151242.4062 E_h, exp. variance=532850624.0000 E_h^2, pmove=0.92
2026-05-29 17:13:02,270 - Step 00049: 153213.2031 E_h, exp. variance=497552928.0000 E_h^2, pmove=0.92
2026-05-29 17:13:02,334 - Step 00050: 183600.1875 E_h, exp. variance=475877664.0000 E_h^2, pmove=0.92
2026-05-29 17:13:02,398 - Step 00051: 217290.1250 E_h, exp. variance=649589248.0000 E_h^2, pmove=0.92
2026-05-29 17:13:02,462 - Step 00052: 168565.0625 E_h, exp. variance=586140736.0000 E_h^2, pmove=0.92
2026-05-29 17:13:02,526 - Step 00053: 163352.4844 E_h, exp. variance=534654816.0000 E_h^2, pmove=0.92
2026-05-29 17:13:02,592 - Step 00054: 146788.5625 E_h, exp. variance=535536576.0000 E_h^2, pmove=0.92
2026-05-29 17:13:02,667 - Step 00055: 217274.6719 E_h, exp. variance=692551488.0000 E_h^2, pmove=0.92
2026-05-29 17:13:02,743 - Step 00056: 211069.0469 E_h, exp. variance=748695808.0000 E_h^2, pmove=0.92
2026-05-29 17:13:02,820 - Step 00057: 124940.2422 E_h, exp. variance=922212288.0000 E_h^2, pmove=0.92
2026-05-29 17:13:02,896 - Step 00058: 160268.6719 E_h, exp. variance=842848384.0000 E_h^2, pmove=0.92
2026-05-29 17:13:02,963 - Step 00059: 162114.8125 E_h, exp. variance=765710080.0000 E_h^2, pmove=0.92
2026-05-29 17:13:03,027 - Step 00060: 178300.3594 E_h, exp. variance=695140032.0000 E_h^2, pmove=0.91
2026-05-29 17:13:03,092 - Step 00061: 181550.7188 E_h, exp. variance=635737344.0000 E_h^2, pmove=0.91
2026-05-29 17:13:03,156 - Step 00062: 207731.5625 E_h, exp. variance=686998464.0000 E_h^2, pmove=0.91
2026-05-29 17:13:03,220 - Step 00063: 208414.4062 E_h, exp. variance=715308224.0000 E_h^2, pmove=0.91
2026-05-29 17:13:03,284 - Step 00064: 158113.9688 E_h, exp. variance=682536960.0000 E_h^2, pmove=0.90
2026-05-29 17:13:03,348 - Step 00065: 172286.6875 E_h, exp. variance=616109312.0000 E_h^2, pmove=0.90
2026-05-29 17:13:03,416 - Step 00066: 194372.6094 E_h, exp. variance=583761856.0000 E_h^2, pmove=0.90
2026-05-29 17:13:03,485 - Step 00067: 183446.7812 E_h, exp. variance=527916544.0000 E_h^2, pmove=0.89
2026-05-29 17:13:03,555 - Step 00068: 162592.3125 E_h, exp. variance=498401216.0000 E_h^2, pmove=0.89
2026-05-29 17:13:03,630 - Step 00069: 140948.5938 E_h, exp. variance=565963008.0000 E_h^2, pmove=0.89
2026-05-29 17:13:03,704 - Step 00070: 218237.2031 E_h, exp. variance=689862848.0000 E_h^2, pmove=0.88
2026-05-29 17:13:03,771 - Step 00071: 151251.3281 E_h, exp. variance=684946432.0000 E_h^2, pmove=0.87
2026-05-29 17:13:03,844 - Step 00072: 140136.7812 E_h, exp. variance=727507392.0000 E_h^2, pmove=0.87
2026-05-29 17:13:03,909 - Step 00073: 145591.4844 E_h, exp. variance=716348544.0000 E_h^2, pmove=0.87
2026-05-29 17:13:03,973 - Step 00074: 213139.0938 E_h, exp. variance=818981056.0000 E_h^2, pmove=0.86
2026-05-29 17:13:04,040 - Step 00075: 181333.7500 E_h, exp. variance=742555392.0000 E_h^2, pmove=0.86
2026-05-29 17:13:04,111 - Step 00076: 163918.1250 E_h, exp. variance=678029824.0000 E_h^2, pmove=0.86
2026-05-29 17:13:04,188 - Step 00077: 160993.7031 E_h, exp. variance=623803776.0000 E_h^2, pmove=0.86
2026-05-29 17:13:04,265 - Step 00078: 169223.3750 E_h, exp. variance=562141312.0000 E_h^2, pmove=0.86
2026-05-29 17:13:04,347 - Step 00079: 151114.9531 E_h, exp. variance=544306560.0000 E_h^2, pmove=0.85
2026-05-29 17:13:04,422 - Step 00080: 186363.1250 E_h, exp. variance=514864384.0000 E_h^2, pmove=0.86
2026-05-29 17:13:04,486 - Step 00081: 217773.3750 E_h, exp. variance=657201152.0000 E_h^2, pmove=0.84
2026-05-29 17:13:04,550 - Step 00082: 122522.3281 E_h, exp. variance=848938304.0000 E_h^2, pmove=0.85
2026-05-29 17:13:04,614 - Step 00083: 157478.2812 E_h, exp. variance=779679680.0000 E_h^2, pmove=0.84
2026-05-29 17:13:04,678 - Step 00084: 216572.5000 E_h, exp. variance=902487488.0000 E_h^2, pmove=0.84
2026-05-29 17:13:04,742 - Step 00085: 131178.5938 E_h, exp. variance=977761920.0000 E_h^2, pmove=0.84
2026-05-29 17:13:04,807 - Step 00086: 174786.0938 E_h, exp. variance=882245440.0000 E_h^2, pmove=0.83
2026-05-29 17:13:04,871 - Step 00087: 125980.4609 E_h, exp. variance=970612736.0000 E_h^2, pmove=0.84
2026-05-29 17:13:04,935 - Step 00088: 174266.4062 E_h, exp. variance=879931520.0000 E_h^2, pmove=0.83
2026-05-29 17:13:04,999 - Step 00089: 181752.4219 E_h, exp. variance=812360512.0000 E_h^2, pmove=0.83
2026-05-29 17:13:05,064 - Step 00090: 139601.2188 E_h, exp. variance=804709504.0000 E_h^2, pmove=0.82
2026-05-29 17:13:05,128 - Step 00091: 150087.7188 E_h, exp. variance=745163776.0000 E_h^2, pmove=0.81
2026-05-29 17:13:05,192 - Step 00092: 126871.7891 E_h, exp. variance=793452544.0000 E_h^2, pmove=0.81
2026-05-29 17:13:05,256 - Step 00093: 154059.3125 E_h, exp. variance=717409856.0000 E_h^2, pmove=0.81
2026-05-29 17:13:05,321 - Step 00094: 119153.2031 E_h, exp. variance=792258432.0000 E_h^2, pmove=0.80
2026-05-29 17:13:05,385 - Step 00095: 200059.0000 E_h, exp. variance=891924928.0000 E_h^2, pmove=0.80
2026-05-29 17:13:05,449 - Step 00096: 97099.5703 E_h, exp. variance=1158065280.0000 E_h^2, pmove=0.80
2026-05-29 17:13:05,513 - Step 00097: 146910.3750 E_h, exp. variance=1046347200.0000 E_h^2, pmove=0.79
2026-05-29 17:13:05,581 - Step 00098: 189979.5000 E_h, exp. variance=1064943104.0000 E_h^2, pmove=0.80
2026-05-29 17:13:05,669 - Step 00099: 198836.6562 E_h, exp. variance=1118420352.0000 E_h^2, pmove=0.79
2026-05-29 17:13:05,749 - Step 00100: 140438.1094 E_h, exp. variance=1044233344.0000 E_h^2, pmove=0.79
2026-05-29 17:13:05,824 - Step 00101: 193087.6562 E_h, exp. variance=1045326528.0000 E_h^2, pmove=0.77
2026-05-29 17:13:05,889 - Step 00102: 162528.6875 E_h, exp. variance=940799872.0000 E_h^2, pmove=0.76
2026-05-29 17:13:05,953 - Step 00103: 161516.2969 E_h, exp. variance=846774720.0000 E_h^2, pmove=0.76
2026-05-29 17:13:06,021 - Step 00104: 133879.0312 E_h, exp. variance=834380864.0000 E_h^2, pmove=0.76
2026-05-29 17:13:06,091 - Step 00105: 188271.6094 E_h, exp. variance=826042176.0000 E_h^2, pmove=0.74
2026-05-29 17:13:06,156 - Step 00106: 139855.6250 E_h, exp. variance=788668992.0000 E_h^2, pmove=0.74
2026-05-29 17:13:06,220 - Step 00107: 127704.7188 E_h, exp. variance=803855872.0000 E_h^2, pmove=0.74
2026-05-29 17:13:06,284 - Step 00108: 129846.0625 E_h, exp. variance=788852352.0000 E_h^2, pmove=0.73
2026-05-29 17:13:06,348 - Step 00109: 230820.9531 E_h, exp. variance=1239664000.0000 E_h^2, pmove=0.73
2026-05-29 17:13:06,413 - Step 00110: 136857.3125 E_h, exp. variance=1171580160.0000 E_h^2, pmove=0.73
2026-05-29 17:13:06,478 - Step 00111: 150397.7969 E_h, exp. variance=1061528448.0000 E_h^2, pmove=0.71
2026-05-29 17:13:06,542 - Step 00112: 192784.9062 E_h, exp. variance=1061814848.0000 E_h^2, pmove=0.71
2026-05-29 17:13:06,606 - Step 00113: 123268.5938 E_h, exp. variance=1089490176.0000 E_h^2, pmove=0.71
2026-05-29 17:13:06,671 - Step 00114: 120304.3125 E_h, exp. variance=1108275712.0000 E_h^2, pmove=0.71
2026-05-29 17:13:06,735 - Step 00115: 161617.2031 E_h, exp. variance=1002385792.0000 E_h^2, pmove=0.70
2026-05-29 17:13:06,800 - Step 00116: 147883.1250 E_h, exp. variance=906643072.0000 E_h^2, pmove=0.70
2026-05-29 17:13:06,864 - Step 00117: 168922.8125 E_h, exp. variance=835370496.0000 E_h^2, pmove=0.70
2026-05-29 17:13:06,928 - Step 00118: 111801.2188 E_h, exp. variance=925367552.0000 E_h^2, pmove=0.70
2026-05-29 17:13:06,993 - Step 00119: 161873.0312 E_h, exp. variance=842852032.0000 E_h^2, pmove=0.68
2026-05-29 17:13:07,057 - Step 00120: 184806.3438 E_h, exp. variance=853221504.0000 E_h^2, pmove=0.68
2026-05-29 17:13:07,134 - Step 00121: 134278.5312 E_h, exp. variance=808887232.0000 E_h^2, pmove=0.65
2026-05-29 17:13:07,220 - Step 00122: 148257.0781 E_h, exp. variance=730458368.0000 E_h^2, pmove=0.65
2026-05-29 17:13:07,308 - Step 00123: 146162.5625 E_h, exp. variance=661573760.0000 E_h^2, pmove=0.64
2026-05-29 17:13:07,386 - Step 00124: 148233.5156 E_h, exp. variance=596891712.0000 E_h^2, pmove=0.63
2026-05-29 17:13:07,451 - Step 00125: 128903.6172 E_h, exp. variance=584704192.0000 E_h^2, pmove=0.62
2026-05-29 17:13:07,515 - Step 00126: 113160.3984 E_h, exp. variance=645609024.0000 E_h^2, pmove=0.62
2026-05-29 17:13:07,580 - Step 00127: 103922.4844 E_h, exp. variance=739926144.0000 E_h^2, pmove=0.62
2026-05-29 17:13:07,645 - Step 00128: 156127.3438 E_h, exp. variance=684572096.0000 E_h^2, pmove=0.62
2026-05-29 17:13:07,710 - Step 00129: 164358.0625 E_h, exp. variance=656497536.0000 E_h^2, pmove=0.62
2026-05-29 17:13:07,775 - Step 00130: 187728.1250 E_h, exp. variance=752907776.0000 E_h^2, pmove=0.62
2026-05-29 17:13:07,839 - Step 00131: 195180.3750 E_h, exp. variance=865113280.0000 E_h^2, pmove=0.59
2026-05-29 17:13:07,904 - Step 00132: 136829.7500 E_h, exp. variance=805450432.0000 E_h^2, pmove=0.58
2026-05-29 17:13:07,968 - Step 00133: 144078.0938 E_h, exp. variance=731099968.0000 E_h^2, pmove=0.59
2026-05-29 17:13:08,033 - Step 00134: 108712.8672 E_h, exp. variance=823101504.0000 E_h^2, pmove=0.58
2026-05-29 17:13:08,097 - Step 00135: 163067.1719 E_h, exp. variance=763274816.0000 E_h^2, pmove=0.58
2026-05-29 17:13:08,162 - Step 00136: 132184.8750 E_h, exp. variance=711919168.0000 E_h^2, pmove=0.58
2026-05-29 17:13:08,226 - Step 00137: 139018.3750 E_h, exp. variance=646717056.0000 E_h^2, pmove=0.58
2026-05-29 17:13:08,291 - Step 00138: 179347.6250 E_h, exp. variance=679978112.0000 E_h^2, pmove=0.57
2026-05-29 17:13:08,356 - Step 00139: 151782.3594 E_h, exp. variance=612385984.0000 E_h^2, pmove=0.57
2026-05-29 17:13:08,420 - Step 00140: 145482.8125 E_h, exp. variance=552880896.0000 E_h^2, pmove=0.56
2026-05-29 17:13:08,485 - Step 00141: 197633.2188 E_h, exp. variance=706688448.0000 E_h^2, pmove=0.54
2026-05-29 17:13:08,550 - Step 00142: 92378.0469 E_h, exp. variance=980583168.0000 E_h^2, pmove=0.54
2026-05-29 17:13:08,615 - Step 00143: 127606.4062 E_h, exp. variance=920195904.0000 E_h^2, pmove=0.54
2026-05-29 17:13:08,680 - Step 00144: 144131.1875 E_h, exp. variance=828497152.0000 E_h^2, pmove=0.54
2026-05-29 17:13:08,745 - Step 00145: 141663.6250 E_h, exp. variance=747210176.0000 E_h^2, pmove=0.53
2026-05-29 17:13:08,810 - Step 00146: 110643.4609 E_h, exp. variance=781297664.0000 E_h^2, pmove=0.53
2026-05-29 17:13:08,875 - Step 00147: 150541.1875 E_h, exp. variance=709830976.0000 E_h^2, pmove=0.53
2026-05-29 17:13:08,940 - Step 00148: 126005.6016 E_h, exp. variance=664224320.0000 E_h^2, pmove=0.52
2026-05-29 17:13:09,005 - Step 00149: 126677.9766 E_h, exp. variance=616568448.0000 E_h^2, pmove=0.51
2026-05-29 17:13:09,070 - Step 00150: 141889.5312 E_h, exp. variance=555353344.0000 E_h^2, pmove=0.49
2026-05-29 17:13:09,135 - Step 00151: 210991.0938 E_h, exp. variance=954728512.0000 E_h^2, pmove=0.50
2026-05-29 17:13:09,199 - Step 00152: 97730.9688 E_h, exp. variance=1077771136.0000 E_h^2, pmove=0.51
2026-05-29 17:13:09,264 - Step 00153: 147680.1719 E_h, exp. variance=972818816.0000 E_h^2, pmove=0.50
2026-05-29 17:13:09,328 - Step 00154: 158208.6562 E_h, exp. variance=897356928.0000 E_h^2, pmove=0.49
2026-05-29 17:13:09,393 - Step 00155: 168269.1406 E_h, exp. variance=859781632.0000 E_h^2, pmove=0.48
2026-05-29 17:13:09,457 - Step 00156: 155344.2500 E_h, exp. variance=780681088.0000 E_h^2, pmove=0.49
2026-05-29 17:13:09,522 - Step 00157: 147652.6875 E_h, exp. variance=702615744.0000 E_h^2, pmove=0.49
2026-05-29 17:13:09,587 - Step 00158: 145140.8906 E_h, exp. variance=632852608.0000 E_h^2, pmove=0.48
2026-05-29 17:13:09,652 - Step 00159: 103292.6797 E_h, exp. variance=743540032.0000 E_h^2, pmove=0.48
2026-05-29 17:13:09,716 - Step 00160: 143529.6250 E_h, exp. variance=669226112.0000 E_h^2, pmove=0.48
2026-05-29 17:13:09,781 - Step 00161: 204072.9062 E_h, exp. variance=938775104.0000 E_h^2, pmove=0.50
2026-05-29 17:13:09,845 - Step 00162: 102462.3203 E_h, exp. variance=1040179456.0000 E_h^2, pmove=0.50
2026-05-29 17:13:09,910 - Step 00163: 139035.9062 E_h, exp. variance=938736960.0000 E_h^2, pmove=0.49
2026-05-29 17:13:09,975 - Step 00164: 135515.0938 E_h, exp. variance=851116160.0000 E_h^2, pmove=0.50
2026-05-29 17:13:10,039 - Step 00165: 136484.0938 E_h, exp. variance=769845440.0000 E_h^2, pmove=0.49
2026-05-29 17:13:10,111 - Step 00166: 149553.7656 E_h, exp. variance=697513792.0000 E_h^2, pmove=0.49
2026-05-29 17:13:10,191 - Step 00167: 117215.2109 E_h, exp. variance=687983232.0000 E_h^2, pmove=0.48
2026-05-29 17:13:10,270 - Step 00168: 205175.0938 E_h, exp. variance=995691328.0000 E_h^2, pmove=0.47
2026-05-29 17:13:10,335 - Step 00169: 171428.9062 E_h, exp. variance=949991104.0000 E_h^2, pmove=0.48
2026-05-29 17:13:10,399 - Step 00170: 146242.6562 E_h, exp. variance=855895040.0000 E_h^2, pmove=0.47
2026-05-29 17:13:10,463 - Step 00171: 107567.4531 E_h, exp. variance=925502784.0000 E_h^2, pmove=0.51
2026-05-29 17:13:10,527 - Step 00172: 158129.7969 E_h, exp. variance=848607680.0000 E_h^2, pmove=0.49
2026-05-29 17:13:10,591 - Step 00173: 118496.3828 E_h, exp. variance=833119552.0000 E_h^2, pmove=0.49
2026-05-29 17:13:10,655 - Step 00174: 147524.9219 E_h, exp. variance=751277568.0000 E_h^2, pmove=0.48
2026-05-29 17:13:10,719 - Step 00175: 112539.3281 E_h, exp. variance=764593984.0000 E_h^2, pmove=0.47
2026-05-29 17:13:10,784 - Step 00176: 141638.0938 E_h, exp. variance=688205120.0000 E_h^2, pmove=0.48
2026-05-29 17:13:10,850 - Step 00177: 133555.3125 E_h, exp. variance=624162304.0000 E_h^2, pmove=0.47
2026-05-29 17:13:10,915 - Step 00178: 191485.8438 E_h, exp. variance=799273984.0000 E_h^2, pmove=0.47
2026-05-29 17:13:10,986 - Step 00179: 177384.6875 E_h, exp. variance=812283904.0000 E_h^2, pmove=0.46
2026-05-29 17:13:11,066 - Step 00180: 201938.4375 E_h, exp. variance=988416896.0000 E_h^2, pmove=0.45
2026-05-29 17:13:11,138 - Step 00181: 98291.2344 E_h, exp. variance=1166994944.0000 E_h^2, pmove=0.47
2026-05-29 17:13:11,204 - Step 00182: 148212.2812 E_h, exp. variance=1050295680.0000 E_h^2, pmove=0.47
2026-05-29 17:13:11,271 - Step 00183: 137435.7812 E_h, exp. variance=955799808.0000 E_h^2, pmove=0.46
2026-05-29 17:13:11,334 - Step 00184: 115170.1250 E_h, exp. variance=952393408.0000 E_h^2, pmove=0.46
2026-05-29 17:13:11,408 - Step 00185: 96931.3594 E_h, exp. variance=1056310144.0000 E_h^2, pmove=0.45
2026-05-29 17:13:11,486 - Step 00186: 152096.2344 E_h, exp. variance=965489472.0000 E_h^2, pmove=0.45
2026-05-29 17:13:11,551 - Step 00187: 147153.8125 E_h, exp. variance=872864256.0000 E_h^2, pmove=0.44
2026-05-29 17:13:11,615 - Step 00188: 163424.5781 E_h, exp. variance=829986688.0000 E_h^2, pmove=0.44
2026-05-29 17:13:11,680 - Step 00189: 196550.5938 E_h, exp. variance=1000925056.0000 E_h^2, pmove=0.44
2026-05-29 17:13:11,744 - Step 00190: 163018.2969 E_h, exp. variance=919169536.0000 E_h^2, pmove=0.43
2026-05-29 17:13:11,808 - Step 00191: 120369.3125 E_h, exp. variance=907189312.0000 E_h^2, pmove=0.47
2026-05-29 17:13:11,878 - Step 00192: 154846.2188 E_h, exp. variance=821743872.0000 E_h^2, pmove=0.47
2026-05-29 17:13:11,942 - Step 00193: 92884.4531 E_h, exp. variance=1012538048.0000 E_h^2, pmove=0.46
2026-05-29 17:13:12,006 - Step 00194: 141512.9219 E_h, exp. variance=911363200.0000 E_h^2, pmove=0.45
2026-05-29 17:13:12,071 - Step 00195: 124103.2656 E_h, exp. variance=850211648.0000 E_h^2, pmove=0.46
2026-05-29 17:13:12,135 - Step 00196: 97346.0156 E_h, exp. variance=933033536.0000 E_h^2, pmove=0.45
2026-05-29 17:13:12,200 - Step 00197: 135085.9688 E_h, exp. variance=839844352.0000 E_h^2, pmove=0.46
2026-05-29 17:13:12,264 - Step 00198: 105592.5938 E_h, exp. variance=839621184.0000 E_h^2, pmove=0.45
2026-05-29 17:13:12,328 - Step 00199: 148540.4688 E_h, exp. variance=777257920.0000 E_h^2, pmove=0.44
2026-05-29 17:13:12,392 - Step 00200: 95312.6797 E_h, exp. variance=838433152.0000 E_h^2, pmove=0.44
2026-05-29 17:13:12,458 - Step 00201: 94162.2188 E_h, exp. variance=874540544.0000 E_h^2, pmove=0.46
2026-05-29 17:13:12,523 - Step 00202: 87344.8672 E_h, exp. variance=928748544.0000 E_h^2, pmove=0.46
2026-05-29 17:13:12,587 - Step 00203: 139948.8438 E_h, exp. variance=861570688.0000 E_h^2, pmove=0.45
2026-05-29 17:13:12,652 - Step 00204: 84734.9219 E_h, exp. variance=919458560.0000 E_h^2, pmove=0.44
2026-05-29 17:13:12,716 - Step 00205: 147756.7188 E_h, exp. variance=893201280.0000 E_h^2, pmove=0.43
2026-05-29 17:13:12,780 - Step 00206: 108866.3359 E_h, exp. variance=823002112.0000 E_h^2, pmove=0.43
2026-05-29 17:13:12,844 - Step 00207: 100958.0469 E_h, exp. variance=780492224.0000 E_h^2, pmove=0.42
2026-05-29 17:13:12,909 - Step 00208: 97833.8281 E_h, exp. variance=746193664.0000 E_h^2, pmove=0.41
2026-05-29 17:13:12,974 - Step 00209: 97644.7891 E_h, exp. variance=707690752.0000 E_h^2, pmove=0.40
2026-05-29 17:13:13,038 - Step 00210: 88373.5000 E_h, exp. variance=703999616.0000 E_h^2, pmove=0.40
2026-05-29 17:13:13,102 - Step 00211: 120227.9766 E_h, exp. variance=638374912.0000 E_h^2, pmove=0.43
2026-05-29 17:13:13,166 - Step 00212: 72456.9688 E_h, exp. variance=727420352.0000 E_h^2, pmove=0.42
2026-05-29 17:13:13,231 - Step 00213: 115997.3906 E_h, exp. variance=658418688.0000 E_h^2, pmove=0.42
2026-05-29 17:13:13,295 - Step 00214: 102527.1250 E_h, exp. variance=597868992.0000 E_h^2, pmove=0.41
2026-05-29 17:13:13,359 - Step 00215: 132892.1875 E_h, exp. variance=587630848.0000 E_h^2, pmove=0.41
2026-05-29 17:13:13,434 - Step 00216: 131321.7344 E_h, exp. variance=563254784.0000 E_h^2, pmove=0.41
2026-05-29 17:13:13,498 - Step 00217: 77718.7969 E_h, exp. variance=623639360.0000 E_h^2, pmove=0.40
2026-05-29 17:13:13,572 - Step 00218: 91281.0000 E_h, exp. variance=593246016.0000 E_h^2, pmove=0.40
2026-05-29 17:13:13,649 - Step 00219: 102696.6719 E_h, exp. variance=536690752.0000 E_h^2, pmove=0.39
2026-05-29 17:13:13,713 - Step 00220: 107648.3906 E_h, exp. variance=483021824.0000 E_h^2, pmove=0.39
2026-05-29 17:13:13,777 - Step 00221: 101208.1328 E_h, exp. variance=438495104.0000 E_h^2, pmove=0.42
2026-05-29 17:13:13,842 - Step 00222: 82672.2344 E_h, exp. variance=448074688.0000 E_h^2, pmove=0.42
2026-05-29 17:13:13,906 - Step 00223: 110376.7266 E_h, exp. variance=406269728.0000 E_h^2, pmove=0.42
2026-05-29 17:13:13,972 - Step 00224: 106781.8672 E_h, exp. variance=365874144.0000 E_h^2, pmove=0.43
2026-05-29 17:13:14,048 - Step 00225: 107329.5859 E_h, exp. variance=329643424.0000 E_h^2, pmove=0.42
2026-05-29 17:13:14,123 - Step 00226: 108712.3750 E_h, exp. variance=297586080.0000 E_h^2, pmove=0.41
2026-05-29 17:13:14,199 - Step 00227: 116729.0625 E_h, exp. variance=278468992.0000 E_h^2, pmove=0.40
2026-05-29 17:13:14,276 - Step 00228: 143055.6562 E_h, exp. variance=367995488.0000 E_h^2, pmove=0.40
2026-05-29 17:13:14,354 - Step 00229: 108708.3047 E_h, exp. variance=331502496.0000 E_h^2, pmove=0.39
2026-05-29 17:13:14,429 - Step 00230: 76676.1172 E_h, exp. variance=400523552.0000 E_h^2, pmove=0.40
2026-05-29 17:13:14,512 - Step 00231: 128253.1719 E_h, exp. variance=401123712.0000 E_h^2, pmove=0.43
2026-05-29 17:13:14,588 - Step 00232: 106023.3672 E_h, exp. variance=361877344.0000 E_h^2, pmove=0.42
2026-05-29 17:13:14,653 - Step 00233: 78852.7188 E_h, exp. variance=406486976.0000 E_h^2, pmove=0.42
2026-05-29 17:13:14,717 - Step 00234: 91335.3125 E_h, exp. variance=384718016.0000 E_h^2, pmove=0.41
2026-05-29 17:13:14,781 - Step 00235: 114342.3281 E_h, exp. variance=355195424.0000 E_h^2, pmove=0.40
2026-05-29 17:13:14,845 - Step 00236: 168395.3438 E_h, exp. variance=677198784.0000 E_h^2, pmove=0.39
2026-05-29 17:13:14,910 - Step 00237: 101213.6875 E_h, exp. variance=619319936.0000 E_h^2, pmove=0.39
2026-05-29 17:13:14,974 - Step 00238: 95147.5000 E_h, exp. variance=578947200.0000 E_h^2, pmove=0.39
2026-05-29 17:13:15,038 - Step 00239: 119289.0156 E_h, exp. variance=530437984.0000 E_h^2, pmove=0.38
2026-05-29 17:13:15,103 - Step 00240: 80871.5312 E_h, exp. variance=554272448.0000 E_h^2, pmove=0.37
2026-05-29 17:13:15,169 - Step 00241: 107643.2578 E_h, exp. variance=498864896.0000 E_h^2, pmove=0.41
2026-05-29 17:13:15,234 - Step 00242: 98938.6172 E_h, exp. variance=455154272.0000 E_h^2, pmove=0.40
2026-05-29 17:13:15,298 - Step 00243: 108934.5156 E_h, exp. variance=410219712.0000 E_h^2, pmove=0.40
2026-05-29 17:13:15,364 - Step 00244: 84769.9531 E_h, exp. variance=412276352.0000 E_h^2, pmove=0.40
2026-05-29 17:13:15,428 - Step 00245: 86641.3594 E_h, exp. variance=399624832.0000 E_h^2, pmove=0.40
2026-05-29 17:13:15,492 - Step 00246: 95584.3594 E_h, exp. variance=364191584.0000 E_h^2, pmove=0.40
2026-05-29 17:13:15,567 - Step 00247: 100928.8359 E_h, exp. variance=327869792.0000 E_h^2, pmove=0.39
2026-05-29 17:13:15,651 - Step 00248: 88148.1562 E_h, exp. variance=312016320.0000 E_h^2, pmove=0.39
2026-05-29 17:13:15,715 - Step 00249: 83848.0859 E_h, exp. variance=305750240.0000 E_h^2, pmove=0.40
2026-05-29 17:13:15,779 - Step 00250: 104668.7812 E_h, exp. variance=278244736.0000 E_h^2, pmove=0.39
2026-05-29 17:13:15,844 - Step 00251: 87811.6250 E_h, exp. variance=262533024.0000 E_h^2, pmove=0.42
2026-05-29 17:13:15,908 - Step 00252: 94476.8125 E_h, exp. variance=237562832.0000 E_h^2, pmove=0.43
2026-05-29 17:13:15,973 - Step 00253: 123916.5391 E_h, exp. variance=274840832.0000 E_h^2, pmove=0.42
2026-05-29 17:13:16,037 - Step 00254: 81948.2969 E_h, exp. variance=278262240.0000 E_h^2, pmove=0.42
2026-05-29 17:13:16,110 - Step 00255: 66601.2031 E_h, exp. variance=342739520.0000 E_h^2, pmove=0.41
2026-05-29 17:13:16,189 - Step 00256: 141437.1250 E_h, exp. variance=499017408.0000 E_h^2, pmove=0.40
2026-05-29 17:13:16,266 - Step 00257: 99745.7500 E_h, exp. variance=449122688.0000 E_h^2, pmove=0.40
2026-05-29 17:13:16,331 - Step 00258: 63498.5938 E_h, exp. variance=524102720.0000 E_h^2, pmove=0.39
2026-05-29 17:13:16,395 - Step 00259: 90581.8359 E_h, exp. variance=474683968.0000 E_h^2, pmove=0.38
2026-05-29 17:13:16,459 - Step 00260: 111068.5859 E_h, exp. variance=448277952.0000 E_h^2, pmove=0.37
2026-05-29 17:13:16,524 - Step 00261: 105442.3438 E_h, exp. variance=409416256.0000 E_h^2, pmove=0.41
2026-05-29 17:13:16,588 - Step 00262: 54855.9297 E_h, exp. variance=536893056.0000 E_h^2, pmove=0.40
2026-05-29 17:13:16,652 - Step 00263: 96739.2812 E_h, exp. variance=483987200.0000 E_h^2, pmove=0.40
2026-05-29 17:13:16,717 - Step 00264: 81310.5312 E_h, exp. variance=450272576.0000 E_h^2, pmove=0.39
2026-05-29 17:13:16,780 - Step 00265: 50411.8125 E_h, exp. variance=567003072.0000 E_h^2, pmove=0.39
2026-05-29 17:13:16,845 - Step 00266: 42444.9219 E_h, exp. variance=701755072.0000 E_h^2, pmove=0.38
2026-05-29 17:13:16,909 - Step 00267: 84783.4531 E_h, exp. variance=631641344.0000 E_h^2, pmove=0.37
2026-05-29 17:13:16,973 - Step 00268: 94648.1094 E_h, exp. variance=578609472.0000 E_h^2, pmove=0.37
2026-05-29 17:13:17,038 - Step 00269: 50365.1562 E_h, exp. variance=629326336.0000 E_h^2, pmove=0.36
2026-05-29 17:13:17,103 - Step 00270: 84565.9922 E_h, exp. variance=567171904.0000 E_h^2, pmove=0.36
2026-05-29 17:13:17,167 - Step 00271: 47715.2812 E_h, exp. variance=615747776.0000 E_h^2, pmove=0.39
2026-05-29 17:13:17,231 - Step 00272: 62322.7617 E_h, exp. variance=577723392.0000 E_h^2, pmove=0.39
2026-05-29 17:13:17,295 - Step 00273: 43593.6562 E_h, exp. variance=619677632.0000 E_h^2, pmove=0.38
2026-05-29 17:13:17,360 - Step 00274: 113201.1094 E_h, exp. variance=699190144.0000 E_h^2, pmove=0.38
2026-05-29 17:13:17,424 - Step 00275: 50677.6289 E_h, exp. variance=694104960.0000 E_h^2, pmove=0.38
2026-05-29 17:13:17,488 - Step 00276: 57572.5781 E_h, exp. variance=651508928.0000 E_h^2, pmove=0.37
2026-05-29 17:13:17,552 - Step 00277: 93782.2656 E_h, exp. variance=624828544.0000 E_h^2, pmove=0.37
2026-05-29 17:13:17,621 - Step 00278: 95049.7422 E_h, exp. variance=597896640.0000 E_h^2, pmove=0.36
2026-05-29 17:13:17,703 - Step 00279: 43656.1289 E_h, exp. variance=639147008.0000 E_h^2, pmove=0.36
2026-05-29 17:13:17,782 - Step 00280: 77422.4609 E_h, exp. variance=576405632.0000 E_h^2, pmove=0.36
2026-05-29 17:13:17,857 - Step 00281: 98611.1094 E_h, exp. variance=572515840.0000 E_h^2, pmove=0.39
2026-05-29 17:13:17,922 - Step 00282: 129203.2812 E_h, exp. variance=764146240.0000 E_h^2, pmove=0.38
2026-05-29 17:13:17,986 - Step 00283: 98342.0625 E_h, exp. variance=712135488.0000 E_h^2, pmove=0.37
2026-05-29 17:13:18,050 - Step 00284: 45541.0391 E_h, exp. variance=770751552.0000 E_h^2, pmove=0.37
2026-05-29 17:13:18,114 - Step 00285: 37772.9805 E_h, exp. variance=852065408.0000 E_h^2, pmove=0.36
2026-05-29 17:13:18,178 - Step 00286: 88222.1875 E_h, exp. variance=781359872.0000 E_h^2, pmove=0.36
2026-05-29 17:13:18,242 - Step 00287: 137758.5625 E_h, exp. variance=1037679616.0000 E_h^2, pmove=0.36
2026-05-29 17:13:18,307 - Step 00288: 58552.3438 E_h, exp. variance=987238848.0000 E_h^2, pmove=0.36
2026-05-29 17:13:18,371 - Step 00289: 52643.1719 E_h, exp. variance=958154752.0000 E_h^2, pmove=0.35
2026-05-29 17:13:18,435 - Step 00290: 82211.9375 E_h, exp. variance=864189056.0000 E_h^2, pmove=0.35
2026-05-29 17:13:18,499 - Step 00291: 65152.4062 E_h, exp. variance=792931648.0000 E_h^2, pmove=0.39
2026-05-29 17:13:18,572 - Step 00292: 52016.8789 E_h, exp. variance=769067328.0000 E_h^2, pmove=0.38
2026-05-29 17:13:18,654 - Step 00293: 71468.2188 E_h, exp. variance=692909120.0000 E_h^2, pmove=0.38
2026-05-29 17:13:18,738 - Step 00294: 91777.3594 E_h, exp. variance=651857920.0000 E_h^2, pmove=0.38
2026-05-29 17:13:18,815 - Step 00295: 47185.0312 E_h, exp. variance=660546176.0000 E_h^2, pmove=0.38
2026-05-29 17:13:18,893 - Step 00296: 52343.7930 E_h, exp. variance=632781312.0000 E_h^2, pmove=0.36
2026-05-29 17:13:18,973 - Step 00297: 113827.5000 E_h, exp. variance=735295168.0000 E_h^2, pmove=0.36
2026-05-29 17:13:19,052 - Step 00298: 44434.5078 E_h, exp. variance=746948800.0000 E_h^2, pmove=0.35
2026-05-29 17:13:19,131 - Step 00299: 54896.9297 E_h, exp. variance=698960064.0000 E_h^2, pmove=0.35
2026-05-29 17:13:19,131 - Switching optimizer from Adam to KFAC at step 300.
2026-05-29 17:13:19,132 - Unregularized parameters masking info (for curvature calculations and L2 regularization)
2026-05-29 17:13:19,132 -   Not masking out (DictKey(key='embed'), DictKey(key='b'))
2026-05-29 17:13:19,132 -   Not masking out (DictKey(key='embed'), DictKey(key='w'))
2026-05-29 17:13:19,132 -   Not masking out (DictKey(key='phi'), SequenceKey(idx=0), SequenceKey(idx=0), DictKey(key='b'))
2026-05-29 17:13:19,132 -   Not masking out (DictKey(key='phi'), SequenceKey(idx=0), SequenceKey(idx=0), DictKey(key='w'))
2026-05-29 17:13:19,132 -   Not masking out (DictKey(key='phi'), SequenceKey(idx=0), SequenceKey(idx=1), DictKey(key='b'))
2026-05-29 17:13:19,132 -   Not masking out (DictKey(key='phi'), SequenceKey(idx=0), SequenceKey(idx=1), DictKey(key='w'))
2026-05-29 17:13:19,132 -   Not masking out (DictKey(key='phi'), SequenceKey(idx=1), SequenceKey(idx=0), DictKey(key='b'))
2026-05-29 17:13:19,132 -   Not masking out (DictKey(key='phi'), SequenceKey(idx=1), SequenceKey(idx=0), DictKey(key='w'))
2026-05-29 17:13:19,132 -   Not masking out (DictKey(key='phi'), SequenceKey(idx=1), SequenceKey(idx=1), DictKey(key='b'))
2026-05-29 17:13:19,132 -   Not masking out (DictKey(key='phi'), SequenceKey(idx=1), SequenceKey(idx=1), DictKey(key='w'))
2026-05-29 17:13:19,132 -   Not masking out (DictKey(key='phi'), SequenceKey(idx=2), SequenceKey(idx=0), DictKey(key='b'))
2026-05-29 17:13:19,132 -   Not masking out (DictKey(key='phi'), SequenceKey(idx=2), SequenceKey(idx=0), DictKey(key='w'))
2026-05-29 17:13:19,132 -   Not masking out (DictKey(key='phi'), SequenceKey(idx=2), SequenceKey(idx=1), DictKey(key='b'))
2026-05-29 17:13:19,132 -   Not masking out (DictKey(key='phi'), SequenceKey(idx=2), SequenceKey(idx=1), DictKey(key='w'))
2026-05-29 17:13:19,132 -   Not masking out (DictKey(key='rho'), SequenceKey(idx=0), DictKey(key='b'))
2026-05-29 17:13:19,132 -   Not masking out (DictKey(key='rho'), SequenceKey(idx=0), DictKey(key='w'))
2026-05-29 17:13:19,132 -   Not masking out (DictKey(key='rho'), SequenceKey(idx=1), DictKey(key='b'))
2026-05-29 17:13:19,132 -   Not masking out (DictKey(key='rho'), SequenceKey(idx=1), DictKey(key='w'))
2026-05-29 17:13:19,133 -   Not masking out (DictKey(key='transformer'), SequenceKey(idx=0), DictKey(key='attn_ln'), DictKey(key='offset'))
2026-05-29 17:13:19,133 -   Not masking out (DictKey(key='transformer'), SequenceKey(idx=0), DictKey(key='attn_ln'), DictKey(key='scale'))
2026-05-29 17:13:19,133 -   Not masking out (DictKey(key='transformer'), SequenceKey(idx=0), DictKey(key='ff1'), DictKey(key='b'))
2026-05-29 17:13:19,133 -   Not masking out (DictKey(key='transformer'), SequenceKey(idx=0), DictKey(key='ff1'), DictKey(key='w'))
2026-05-29 17:13:19,133 -   Not masking out (DictKey(key='transformer'), SequenceKey(idx=0), DictKey(key='ff2'), DictKey(key='b'))
2026-05-29 17:13:19,133 -   Not masking out (DictKey(key='transformer'), SequenceKey(idx=0), DictKey(key='ff2'), DictKey(key='w'))
2026-05-29 17:13:19,133 -   Not masking out (DictKey(key='transformer'), SequenceKey(idx=0), DictKey(key='ff_ln'), DictKey(key='offset'))
2026-05-29 17:13:19,133 -   Not masking out (DictKey(key='transformer'), SequenceKey(idx=0), DictKey(key='ff_ln'), DictKey(key='scale'))
2026-05-29 17:13:19,133 -   Not masking out (DictKey(key='transformer'), SequenceKey(idx=0), DictKey(key='k_w'))
2026-05-29 17:13:19,133 -   Not masking out (DictKey(key='transformer'), SequenceKey(idx=0), DictKey(key='out_w'))
2026-05-29 17:13:19,133 -   Not masking out (DictKey(key='transformer'), SequenceKey(idx=0), DictKey(key='q_w'))
2026-05-29 17:13:19,133 -   Not masking out (DictKey(key='transformer'), SequenceKey(idx=0), DictKey(key='v_w'))
2026-05-29 17:13:19,133 -   Not masking out (DictKey(key='transformer'), SequenceKey(idx=1), DictKey(key='attn_ln'), DictKey(key='offset'))
2026-05-29 17:13:19,133 -   Not masking out (DictKey(key='transformer'), SequenceKey(idx=1), DictKey(key='attn_ln'), DictKey(key='scale'))
2026-05-29 17:13:19,133 -   Not masking out (DictKey(key='transformer'), SequenceKey(idx=1), DictKey(key='ff1'), DictKey(key='b'))
2026-05-29 17:13:19,133 -   Not masking out (DictKey(key='transformer'), SequenceKey(idx=1), DictKey(key='ff1'), DictKey(key='w'))
2026-05-29 17:13:19,133 -   Not masking out (DictKey(key='transformer'), SequenceKey(idx=1), DictKey(key='ff2'), DictKey(key='b'))
2026-05-29 17:13:19,133 -   Not masking out (DictKey(key='transformer'), SequenceKey(idx=1), DictKey(key='ff2'), DictKey(key='w'))
2026-05-29 17:13:19,133 -   Not masking out (DictKey(key='transformer'), SequenceKey(idx=1), DictKey(key='ff_ln'), DictKey(key='offset'))
2026-05-29 17:13:19,133 -   Not masking out (DictKey(key='transformer'), SequenceKey(idx=1), DictKey(key='ff_ln'), DictKey(key='scale'))
2026-05-29 17:13:19,133 -   Not masking out (DictKey(key='transformer'), SequenceKey(idx=1), DictKey(key='k_w'))
2026-05-29 17:13:19,133 -   Not masking out (DictKey(key='transformer'), SequenceKey(idx=1), DictKey(key='out_w'))
2026-05-29 17:13:19,133 -   Not masking out (DictKey(key='transformer'), SequenceKey(idx=1), DictKey(key='q_w'))
2026-05-29 17:13:19,133 -   Not masking out (DictKey(key='transformer'), SequenceKey(idx=1), DictKey(key='v_w'))
2026-05-29 17:13:19,133 -   Not masking out (DictKey(key='transformer'), SequenceKey(idx=2), DictKey(key='attn_ln'), DictKey(key='offset'))
2026-05-29 17:13:19,133 -   Not masking out (DictKey(key='transformer'), SequenceKey(idx=2), DictKey(key='attn_ln'), DictKey(key='scale'))
2026-05-29 17:13:19,133 -   Not masking out (DictKey(key='transformer'), SequenceKey(idx=2), DictKey(key='ff1'), DictKey(key='b'))
2026-05-29 17:13:19,133 -   Not masking out (DictKey(key='transformer'), SequenceKey(idx=2), DictKey(key='ff1'), DictKey(key='w'))
2026-05-29 17:13:19,134 -   Not masking out (DictKey(key='transformer'), SequenceKey(idx=2), DictKey(key='ff2'), DictKey(key='b'))
2026-05-29 17:13:19,134 -   Not masking out (DictKey(key='transformer'), SequenceKey(idx=2), DictKey(key='ff2'), DictKey(key='w'))
2026-05-29 17:13:19,134 -   Not masking out (DictKey(key='transformer'), SequenceKey(idx=2), DictKey(key='ff_ln'), DictKey(key='offset'))
2026-05-29 17:13:19,134 -   Not masking out (DictKey(key='transformer'), SequenceKey(idx=2), DictKey(key='ff_ln'), DictKey(key='scale'))
2026-05-29 17:13:19,134 -   Not masking out (DictKey(key='transformer'), SequenceKey(idx=2), DictKey(key='k_w'))
2026-05-29 17:13:19,134 -   Not masking out (DictKey(key='transformer'), SequenceKey(idx=2), DictKey(key='out_w'))
2026-05-29 17:13:19,134 -   Not masking out (DictKey(key='transformer'), SequenceKey(idx=2), DictKey(key='q_w'))
2026-05-29 17:13:19,134 -   Not masking out (DictKey(key='transformer'), SequenceKey(idx=2), DictKey(key='v_w'))
2026-05-29 17:13:21,146 - ==================================================
2026-05-29 17:13:21,146 - Graph parameter registrations:
2026-05-29 17:13:21,147 - {'embed': {'b': 'Auto[tag_variant=repeated_dense(0)|match_type=repeated_dense1_with_bias]',
2026-05-29 17:13:21,147 -            'w': 'Auto[tag_variant=repeated_dense(0)|match_type=repeated_dense1_with_bias]'},
2026-05-29 17:13:21,147 -  'ln': [],
2026-05-29 17:13:21,147 -  'phi': [[{'b': 'Auto[generic(0)]', 'w': 'Auto[generic(1)]'},
2026-05-29 17:13:21,147 -           {'b': 'Auto[generic(2)]', 'w': 'Auto[generic(3)]'}],
2026-05-29 17:13:21,147 -          [{'b': 'Auto[generic(4)]', 'w': 'Auto[generic(5)]'},
2026-05-29 17:13:21,147 -           {'b': 'Auto[generic(6)]', 'w': 'Auto[generic(7)]'}],
2026-05-29 17:13:21,147 -          [{'b': 'Auto[generic(8)]', 'w': 'Auto[generic(9)]'},
2026-05-29 17:13:21,147 -           {'b': 'Auto[generic(10)]', 'w': 'Auto[generic(11)]'}]],
2026-05-29 17:13:21,147 -  'rho': [{'b': 'Auto[tag_variant=dense(0)|match_type=dense_with_bias_no_reshape]',
2026-05-29 17:13:21,147 -           'w': 'Auto[tag_variant=dense(0)|match_type=dense_with_bias_no_reshape]'},
2026-05-29 17:13:21,147 -          {'b': 'Auto[tag_variant=dense(1)|match_type=dense_with_bias_no_reshape]',
2026-05-29 17:13:21,147 -           'w': 'Auto[tag_variant=dense(1)|match_type=dense_with_bias_no_reshape]'}],
2026-05-29 17:13:21,147 -  'transformer': [{'attn_ln': {'offset': 'Auto[tag_variant=scale_and_shift(0)|match_type=normalization_haiku_broadcast_1]',
2026-05-29 17:13:21,147 -                               'scale': 'Auto[tag_variant=scale_and_shift(0)|match_type=normalization_haiku_broadcast_1]'},
2026-05-29 17:13:21,147 -                   'ff1': {'b': 'Auto[tag_variant=repeated_dense(5)|match_type=repeated_dense1_with_bias]',
2026-05-29 17:13:21,147 -                           'w': 'Auto[tag_variant=repeated_dense(5)|match_type=repeated_dense1_with_bias]'},
2026-05-29 17:13:21,147 -                   'ff2': {'b': 'Auto[tag_variant=repeated_dense(6)|match_type=repeated_dense1_with_bias]',
2026-05-29 17:13:21,147 -                           'w': 'Auto[tag_variant=repeated_dense(6)|match_type=repeated_dense1_with_bias]'},
2026-05-29 17:13:21,147 -                   'ff_ln': {'offset': 'Auto[tag_variant=scale_and_shift(1)|match_type=normalization_haiku_broadcast_1]',
2026-05-29 17:13:21,147 -                             'scale': 'Auto[tag_variant=scale_and_shift(1)|match_type=normalization_haiku_broadcast_1]'},
2026-05-29 17:13:21,147 -                   'k_w': 'Auto[tag_variant=repeated_dense(2)|match_type=repeated_dense1_no_bias]',
2026-05-29 17:13:21,147 -                   'out_w': 'Auto[tag_variant=repeated_dense(4)|match_type=repeated_dense1_no_bias]',
2026-05-29 17:13:21,147 -                   'q_w': 'Auto[tag_variant=repeated_dense(1)|match_type=repeated_dense1_no_bias]',
2026-05-29 17:13:21,147 -                   'v_w': 'Auto[tag_variant=repeated_dense(3)|match_type=repeated_dense1_no_bias]'},
2026-05-29 17:13:21,147 -                  {'attn_ln': {'offset': 'Auto[tag_variant=scale_and_shift(2)|match_type=normalization_haiku_broadcast_1]',
2026-05-29 17:13:21,147 -                               'scale': 'Auto[tag_variant=scale_and_shift(2)|match_type=normalization_haiku_broadcast_1]'},
2026-05-29 17:13:21,147 -                   'ff1': {'b': 'Auto[tag_variant=repeated_dense(11)|match_type=repeated_dense1_with_bias]',
2026-05-29 17:13:21,147 -                           'w': 'Auto[tag_variant=repeated_dense(11)|match_type=repeated_dense1_with_bias]'},
2026-05-29 17:13:21,147 -                   'ff2': {'b': 'Auto[tag_variant=repeated_dense(12)|match_type=repeated_dense1_with_bias]',
2026-05-29 17:13:21,147 -                           'w': 'Auto[tag_variant=repeated_dense(12)|match_type=repeated_dense1_with_bias]'},
2026-05-29 17:13:21,148 -                   'ff_ln': {'offset': 'Auto[tag_variant=scale_and_shift(3)|match_type=normalization_haiku_broadcast_1]',
2026-05-29 17:13:21,148 -                             'scale': 'Auto[tag_variant=scale_and_shift(3)|match_type=normalization_haiku_broadcast_1]'},
2026-05-29 17:13:21,148 -                   'k_w': 'Auto[tag_variant=repeated_dense(8)|match_type=repeated_dense1_no_bias]',
2026-05-29 17:13:21,148 -                   'out_w': 'Auto[tag_variant=repeated_dense(10)|match_type=repeated_dense1_no_bias]',
2026-05-29 17:13:21,148 -                   'q_w': 'Auto[tag_variant=repeated_dense(7)|match_type=repeated_dense1_no_bias]',
2026-05-29 17:13:21,148 -                   'v_w': 'Auto[tag_variant=repeated_dense(9)|match_type=repeated_dense1_no_bias]'},
2026-05-29 17:13:21,148 -                  {'attn_ln': {'offset': 'Auto[tag_variant=scale_and_shift(4)|match_type=normalization_haiku_broadcast_1]',
2026-05-29 17:13:21,148 -                               'scale': 'Auto[tag_variant=scale_and_shift(4)|match_type=normalization_haiku_broadcast_1]'},
2026-05-29 17:13:21,148 -                   'ff1': {'b': 'Auto[tag_variant=repeated_dense(17)|match_type=repeated_dense1_with_bias]',
2026-05-29 17:13:21,148 -                           'w': 'Auto[tag_variant=repeated_dense(17)|match_type=repeated_dense1_with_bias]'},
2026-05-29 17:13:21,148 -                   'ff2': {'b': 'Auto[tag_variant=repeated_dense(18)|match_type=repeated_dense1_with_bias]',
2026-05-29 17:13:21,148 -                           'w': 'Auto[tag_variant=repeated_dense(18)|match_type=repeated_dense1_with_bias]'},
2026-05-29 17:13:21,148 -                   'ff_ln': {'offset': 'Auto[tag_variant=scale_and_shift(5)|match_type=normalization_haiku_broadcast_1]',
2026-05-29 17:13:21,148 -                             'scale': 'Auto[tag_variant=scale_and_shift(5)|match_type=normalization_haiku_broadcast_1]'},
2026-05-29 17:13:21,148 -                   'k_w': 'Auto[tag_variant=repeated_dense(14)|match_type=repeated_dense1_no_bias]',
2026-05-29 17:13:21,148 -                   'out_w': 'Auto[tag_variant=repeated_dense(16)|match_type=repeated_dense1_no_bias]',
2026-05-29 17:13:21,148 -                   'q_w': 'Auto[tag_variant=repeated_dense(13)|match_type=repeated_dense1_no_bias]',
2026-05-29 17:13:21,148 -                   'v_w': 'Auto[tag_variant=repeated_dense(15)|match_type=repeated_dense1_no_bias]'}]}
2026-05-29 17:13:21,148 - ==================================================
2026-05-29 17:13:21,162 - Graph registered losses:
2026-05-29 17:13:21,162 - NormalMeanNegativeLogProbLoss(mean=Var(id=140205251451264):float32[1024,1], variance=Literal(0.5), weight=Literal(1.0), normalize_log_prob=Literal(True))
2026-05-29 17:13:21,162 - ==================================================
2026-05-29 17:13:21,164 - BlockDiagonalCurvature blocks:
2026-05-29 17:13:21,164 - RepeatedDenseBlock(parameter_specs=['ab -> (a)b', 'a -> 1a'], parameters_concat_axis=0), tag name: Auto[tag_variant=repeated_dense(0)|match_type=repeated_dense1_with_bias], params shapes: ((5, 64), (64,))
2026-05-29 17:13:21,164 - NaiveDiagonal, tag name: Auto[generic(0)], params shapes: ((64,),)
2026-05-29 17:13:21,164 - NaiveDiagonal, tag name: Auto[generic(1)], params shapes: ((64, 64),)
2026-05-29 17:13:21,164 - NaiveDiagonal, tag name: Auto[generic(2)], params shapes: ((64,),)
2026-05-29 17:13:21,164 - NaiveDiagonal, tag name: Auto[generic(3)], params shapes: ((64, 64),)
2026-05-29 17:13:21,164 - NaiveDiagonal, tag name: Auto[generic(4)], params shapes: ((64,),)
2026-05-29 17:13:21,164 - NaiveDiagonal, tag name: Auto[generic(5)], params shapes: ((64, 64),)
2026-05-29 17:13:21,164 - NaiveDiagonal, tag name: Auto[generic(6)], params shapes: ((64,),)
2026-05-29 17:13:21,164 - NaiveDiagonal, tag name: Auto[generic(7)], params shapes: ((64, 64),)
2026-05-29 17:13:21,164 - NaiveDiagonal, tag name: Auto[generic(8)], params shapes: ((64,),)
2026-05-29 17:13:21,165 - NaiveDiagonal, tag name: Auto[generic(9)], params shapes: ((64, 64),)
2026-05-29 17:13:21,165 - NaiveDiagonal, tag name: Auto[generic(10)], params shapes: ((64,),)
2026-05-29 17:13:21,165 - NaiveDiagonal, tag name: Auto[generic(11)], params shapes: ((64, 64),)
2026-05-29 17:13:21,165 - DenseTwoKroneckerFactored(parameter_specs=['ab -> (a)b', 'a -> 1a'], parameters_concat_axis=0), tag name: Auto[tag_variant=dense(0)|match_type=dense_with_bias_no_reshape], params shapes: ((64, 64), (64,))
2026-05-29 17:13:21,165 - DenseTwoKroneckerFactored(parameter_specs=['ab -> (a)b', 'a -> 1a'], parameters_concat_axis=0), tag name: Auto[tag_variant=dense(1)|match_type=dense_with_bias_no_reshape], params shapes: ((64, 1), (1,))
2026-05-29 17:13:21,165 - ScaleAndShiftDiagonal, tag name: Auto[tag_variant=scale_and_shift(0)|match_type=normalization_haiku_broadcast_1], params shapes: ((64,), (64,))
2026-05-29 17:13:21,165 - RepeatedDenseBlock(parameter_specs=['ab -> (a)b', 'a -> 1a'], parameters_concat_axis=0), tag name: Auto[tag_variant=repeated_dense(5)|match_type=repeated_dense1_with_bias], params shapes: ((64, 256), (256,))
2026-05-29 17:13:21,165 - RepeatedDenseBlock(parameter_specs=['ab -> (a)b', 'a -> 1a'], parameters_concat_axis=0), tag name: Auto[tag_variant=repeated_dense(6)|match_type=repeated_dense1_with_bias], params shapes: ((256, 64), (64,))
2026-05-29 17:13:21,165 - ScaleAndShiftDiagonal, tag name: Auto[tag_variant=scale_and_shift(1)|match_type=normalization_haiku_broadcast_1], params shapes: ((64,), (64,))
2026-05-29 17:13:21,165 - RepeatedDenseBlock(parameter_specs=['ab -> (a)b'], parameters_concat_axis=0), tag name: Auto[tag_variant=repeated_dense(2)|match_type=repeated_dense1_no_bias], params shapes: ((64, 64),)
2026-05-29 17:13:21,165 - RepeatedDenseBlock(parameter_specs=['ab -> (a)b'], parameters_concat_axis=0), tag name: Auto[tag_variant=repeated_dense(4)|match_type=repeated_dense1_no_bias], params shapes: ((64, 64),)
2026-05-29 17:13:21,166 - RepeatedDenseBlock(parameter_specs=['ab -> (a)b'], parameters_concat_axis=0), tag name: Auto[tag_variant=repeated_dense(1)|match_type=repeated_dense1_no_bias], params shapes: ((64, 64),)
2026-05-29 17:13:21,166 - RepeatedDenseBlock(parameter_specs=['ab -> (a)b'], parameters_concat_axis=0), tag name: Auto[tag_variant=repeated_dense(3)|match_type=repeated_dense1_no_bias], params shapes: ((64, 64),)
2026-05-29 17:13:21,166 - ScaleAndShiftDiagonal, tag name: Auto[tag_variant=scale_and_shift(2)|match_type=normalization_haiku_broadcast_1], params shapes: ((64,), (64,))
2026-05-29 17:13:21,166 - RepeatedDenseBlock(parameter_specs=['ab -> (a)b', 'a -> 1a'], parameters_concat_axis=0), tag name: Auto[tag_variant=repeated_dense(11)|match_type=repeated_dense1_with_bias], params shapes: ((64, 256), (256,))
2026-05-29 17:13:21,166 - RepeatedDenseBlock(parameter_specs=['ab -> (a)b', 'a -> 1a'], parameters_concat_axis=0), tag name: Auto[tag_variant=repeated_dense(12)|match_type=repeated_dense1_with_bias], params shapes: ((256, 64), (64,))
2026-05-29 17:13:21,166 - ScaleAndShiftDiagonal, tag name: Auto[tag_variant=scale_and_shift(3)|match_type=normalization_haiku_broadcast_1], params shapes: ((64,), (64,))
2026-05-29 17:13:21,166 - RepeatedDenseBlock(parameter_specs=['ab -> (a)b'], parameters_concat_axis=0), tag name: Auto[tag_variant=repeated_dense(8)|match_type=repeated_dense1_no_bias], params shapes: ((64, 64),)
2026-05-29 17:13:21,166 - RepeatedDenseBlock(parameter_specs=['ab -> (a)b'], parameters_concat_axis=0), tag name: Auto[tag_variant=repeated_dense(10)|match_type=repeated_dense1_no_bias], params shapes: ((64, 64),)
2026-05-29 17:13:21,166 - RepeatedDenseBlock(parameter_specs=['ab -> (a)b'], parameters_concat_axis=0), tag name: Auto[tag_variant=repeated_dense(7)|match_type=repeated_dense1_no_bias], params shapes: ((64, 64),)
2026-05-29 17:13:21,166 - RepeatedDenseBlock(parameter_specs=['ab -> (a)b'], parameters_concat_axis=0), tag name: Auto[tag_variant=repeated_dense(9)|match_type=repeated_dense1_no_bias], params shapes: ((64, 64),)
2026-05-29 17:13:21,167 - ScaleAndShiftDiagonal, tag name: Auto[tag_variant=scale_and_shift(4)|match_type=normalization_haiku_broadcast_1], params shapes: ((64,), (64,))
2026-05-29 17:13:21,167 - RepeatedDenseBlock(parameter_specs=['ab -> (a)b', 'a -> 1a'], parameters_concat_axis=0), tag name: Auto[tag_variant=repeated_dense(17)|match_type=repeated_dense1_with_bias], params shapes: ((64, 256), (256,))
2026-05-29 17:13:21,167 - RepeatedDenseBlock(parameter_specs=['ab -> (a)b', 'a -> 1a'], parameters_concat_axis=0), tag name: Auto[tag_variant=repeated_dense(18)|match_type=repeated_dense1_with_bias], params shapes: ((256, 64), (64,))
2026-05-29 17:13:21,167 - ScaleAndShiftDiagonal, tag name: Auto[tag_variant=scale_and_shift(5)|match_type=normalization_haiku_broadcast_1], params shapes: ((64,), (64,))
2026-05-29 17:13:21,167 - RepeatedDenseBlock(parameter_specs=['ab -> (a)b'], parameters_concat_axis=0), tag name: Auto[tag_variant=repeated_dense(14)|match_type=repeated_dense1_no_bias], params shapes: ((64, 64),)
2026-05-29 17:13:21,167 - RepeatedDenseBlock(parameter_specs=['ab -> (a)b'], parameters_concat_axis=0), tag name: Auto[tag_variant=repeated_dense(16)|match_type=repeated_dense1_no_bias], params shapes: ((64, 64),)
2026-05-29 17:13:21,167 - RepeatedDenseBlock(parameter_specs=['ab -> (a)b'], parameters_concat_axis=0), tag name: Auto[tag_variant=repeated_dense(13)|match_type=repeated_dense1_no_bias], params shapes: ((64, 64),)
2026-05-29 17:13:21,167 - RepeatedDenseBlock(parameter_specs=['ab -> (a)b'], parameters_concat_axis=0), tag name: Auto[tag_variant=repeated_dense(15)|match_type=repeated_dense1_no_bias], params shapes: ((64, 64),)
2026-05-29 17:13:21,167 - ==================================================
2026-05-29 17:13:33,810 - Step 00300: 73357.5156 E_h, exp. variance=629851072.0000 E_h^2, pmove=0.34
2026-05-29 17:13:33,954 - Step 00301: 34436.8281 E_h, exp. variance=685191744.0000 E_h^2, pmove=0.37
2026-05-29 17:13:34,088 - Step 00302: 30332.2520 E_h, exp. variance=738142976.0000 E_h^2, pmove=0.37
2026-05-29 17:13:34,220 - Step 00303: 41554.1016 E_h, exp. variance=707266112.0000 E_h^2, pmove=0.36
2026-05-29 17:13:34,351 - Step 00304: 45111.6016 E_h, exp. variance=659869824.0000 E_h^2, pmove=0.34
2026-05-29 17:13:34,482 - Step 00305: 35842.7344 E_h, exp. variance=644688320.0000 E_h^2, pmove=0.33
2026-05-29 17:13:34,617 - Step 00306: 29279.4609 E_h, exp. variance=650510912.0000 E_h^2, pmove=0.33
2026-05-29 17:13:34,755 - Step 00307: 43243.8750 E_h, exp. variance=596724416.0000 E_h^2, pmove=0.32
2026-05-29 17:13:34,890 - Step 00308: 40187.7031 E_h, exp. variance=552555840.0000 E_h^2, pmove=0.30
2026-05-29 17:13:35,025 - Step 00309: 78938.0469 E_h, exp. variance=562608512.0000 E_h^2, pmove=0.29
2026-05-29 17:13:35,158 - Step 00310: 32156.6406 E_h, exp. variance=552061568.0000 E_h^2, pmove=0.28
2026-05-29 17:13:35,293 - Step 00311: 54700.7578 E_h, exp. variance=497315264.0000 E_h^2, pmove=0.31
2026-05-29 17:13:35,429 - Step 00312: 49757.6094 E_h, exp. variance=448345184.0000 E_h^2, pmove=0.31
2026-05-29 17:13:35,567 - Step 00313: 24738.8359 E_h, exp. variance=472250976.0000 E_h^2, pmove=0.30
2026-05-29 17:13:35,700 - Step 00314: 17056.6719 E_h, exp. variance=520410976.0000 E_h^2, pmove=0.28
2026-05-29 17:13:35,832 - Step 00315: 21217.0996 E_h, exp. variance=525247808.0000 E_h^2, pmove=0.26
2026-05-29 17:13:35,969 - Step 00316: 17736.3555 E_h, exp. variance=534060032.0000 E_h^2, pmove=0.25
2026-05-29 17:13:36,106 - Step 00317: 16801.5703 E_h, exp. variance=534369024.0000 E_h^2, pmove=0.24
2026-05-29 17:13:36,245 - Step 00318: 12208.1182 E_h, exp. variance=544519680.0000 E_h^2, pmove=0.23
2026-05-29 17:13:36,383 - Step 00319: 15430.1748 E_h, exp. variance=528633600.0000 E_h^2, pmove=0.22
2026-05-29 17:13:36,517 - Step 00320: 22278.1562 E_h, exp. variance=488264576.0000 E_h^2, pmove=0.20
2026-05-29 17:13:36,649 - Step 00321: 32525.9199 E_h, exp. variance=439449536.0000 E_h^2, pmove=0.23
2026-05-29 17:13:36,783 - Step 00322: 10261.8916 E_h, exp. variance=441411296.0000 E_h^2, pmove=0.21
2026-05-29 17:13:36,918 - Step 00323: 32377.7441 E_h, exp. variance=397558368.0000 E_h^2, pmove=0.20
2026-05-29 17:13:37,052 - Step 00324: 7828.6553 E_h, exp. variance=405158400.0000 E_h^2, pmove=0.20
2026-05-29 17:13:37,186 - Step 00325: 23406.8594 E_h, exp. variance=366952768.0000 E_h^2, pmove=0.18
2026-05-29 17:13:37,323 - Step 00326: 22371.0859 E_h, exp. variance=333075456.0000 E_h^2, pmove=0.18
2026-05-29 17:13:37,456 - Step 00327: 12608.6387 E_h, exp. variance=319477472.0000 E_h^2, pmove=0.16
2026-05-29 17:13:37,589 - Step 00328: 5168.9150 E_h, exp. variance=326311584.0000 E_h^2, pmove=0.15
2026-05-29 17:13:37,721 - Step 00329: 11110.9316 E_h, exp. variance=308289280.0000 E_h^2, pmove=0.14
2026-05-29 17:13:37,855 - Step 00330: 7517.9902 E_h, exp. variance=297871040.0000 E_h^2, pmove=0.13
2026-05-29 17:13:37,988 - Step 00331: 12556.6152 E_h, exp. variance=274609152.0000 E_h^2, pmove=0.16
2026-05-29 17:13:38,125 - Step 00332: 4796.5635 E_h, exp. variance=268557568.0000 E_h^2, pmove=0.15
2026-05-29 17:13:38,260 - Step 00333: 4504.2114 E_h, exp. variance=259781520.0000 E_h^2, pmove=0.15
2026-05-29 17:13:38,394 - Step 00334: 4406.8965 E_h, exp. variance=248672240.0000 E_h^2, pmove=0.14
2026-05-29 17:13:38,529 - Step 00335: 4317.7837 E_h, exp. variance=236035056.0000 E_h^2, pmove=0.15
2026-05-29 17:13:38,666 - Step 00336: 4107.3389 E_h, exp. variance=222739296.0000 E_h^2, pmove=0.15
2026-05-29 17:13:38,800 - Step 00337: 4265.5498 E_h, exp. variance=208542592.0000 E_h^2, pmove=0.14
2026-05-29 17:13:38,938 - Step 00338: 4146.9150 E_h, exp. variance=194414224.0000 E_h^2, pmove=0.14
2026-05-29 17:13:39,074 - Step 00339: 4146.1406 E_h, exp. variance=180421856.0000 E_h^2, pmove=0.15
2026-05-29 17:13:39,209 - Step 00340: 3966.4448 E_h, exp. variance=167022832.0000 E_h^2, pmove=0.15
2026-05-29 17:13:39,343 - Step 00341: 3927.7532 E_h, exp. variance=154126656.0000 E_h^2, pmove=0.20
2026-05-29 17:13:39,479 - Step 00342: 3926.3923 E_h, exp. variance=141798368.0000 E_h^2, pmove=0.20
2026-05-29 17:13:39,616 - Step 00343: 4762.9473 E_h, exp. variance=129386504.0000 E_h^2, pmove=0.21
2026-05-29 17:13:39,750 - Step 00344: 3854.6912 E_h, exp. variance=118606288.0000 E_h^2, pmove=0.20
2026-05-29 17:13:39,885 - Step 00345: 3841.5979 E_h, exp. variance=108504392.0000 E_h^2, pmove=0.22
2026-05-29 17:13:40,021 - Step 00346: 3818.8308 E_h, exp. variance=99094880.0000 E_h^2, pmove=0.21
2026-05-29 17:13:40,164 - Step 00347: 3807.4470 E_h, exp. variance=90359936.0000 E_h^2, pmove=0.22
2026-05-29 17:13:40,301 - Step 00348: 3780.9470 E_h, exp. variance=82290896.0000 E_h^2, pmove=0.23
2026-05-29 17:13:40,436 - Step 00349: 3789.0938 E_h, exp. variance=74840712.0000 E_h^2, pmove=0.23
2026-05-29 17:13:40,569 - Step 00350: 3747.3477 E_h, exp. variance=68007616.0000 E_h^2, pmove=0.24
2026-05-29 17:13:40,719 - Step 00351: 3742.9463 E_h, exp. variance=61736060.0000 E_h^2, pmove=0.28
2026-05-29 17:13:40,879 - Step 00352: 3753.8752 E_h, exp. variance=55986828.0000 E_h^2, pmove=0.29
2026-05-29 17:13:41,024 - Step 00353: 3768.6687 E_h, exp. variance=50726704.0000 E_h^2, pmove=0.29
2026-05-29 17:13:41,161 - Step 00354: 3718.1108 E_h, exp. variance=45944380.0000 E_h^2, pmove=0.29
2026-05-29 17:13:41,295 - Step 00355: 3715.4482 E_h, exp. variance=41585900.0000 E_h^2, pmove=0.30
2026-05-29 17:13:41,430 - Step 00356: 3706.4629 E_h, exp. variance=37620800.0000 E_h^2, pmove=0.30
2026-05-29 17:13:41,565 - Step 00357: 3702.5142 E_h, exp. variance=34016384.0000 E_h^2, pmove=0.30
2026-05-29 17:13:41,700 - Step 00358: 3689.5869 E_h, exp. variance=30745242.0000 E_h^2, pmove=0.31
2026-05-29 17:13:41,833 - Step 00359: 3689.9268 E_h, exp. variance=27776354.0000 E_h^2, pmove=0.31
2026-05-29 17:13:41,968 - Step 00360: 3678.6382 E_h, exp. variance=25086276.0000 E_h^2, pmove=0.30
2026-05-29 17:13:42,100 - Step 00361: 3670.5835 E_h, exp. variance=22649862.0000 E_h^2, pmove=0.37
2026-05-29 17:13:42,231 - Step 00362: 3664.2227 E_h, exp. variance=20444296.0000 E_h^2, pmove=0.35
2026-05-29 17:13:42,362 - Step 00363: 3662.9126 E_h, exp. variance=18448168.0000 E_h^2, pmove=0.36
2026-05-29 17:13:42,497 - Step 00364: 3657.5071 E_h, exp. variance=16643120.0000 E_h^2, pmove=0.36
2026-05-29 17:13:42,630 - Step 00365: 3650.8306 E_h, exp. variance=15011744.0000 E_h^2, pmove=0.37
2026-05-29 17:13:42,767 - Step 00366: 3652.3169 E_h, exp. variance=13537102.0000 E_h^2, pmove=0.37
2026-05-29 17:13:42,903 - Step 00367: 3645.1343 E_h, exp. variance=12205520.0000 E_h^2, pmove=0.37
2026-05-29 17:13:43,042 - Step 00368: 3667.4126 E_h, exp. variance=11001147.0000 E_h^2, pmove=0.37
2026-05-29 17:13:43,180 - Step 00369: 3641.0752 E_h, exp. variance=9916008.0000 E_h^2, pmove=0.37
2026-05-29 17:13:43,312 - Step 00370: 3639.0388 E_h, exp. variance=8936673.0000 E_h^2, pmove=0.37
2026-05-29 17:13:43,450 - Step 00371: 3636.8672 E_h, exp. variance=8053071.0000 E_h^2, pmove=0.42
2026-05-29 17:13:43,587 - Step 00372: 3642.1919 E_h, exp. variance=7255631.0000 E_h^2, pmove=0.42
2026-05-29 17:13:43,588 - Saving checkpoint results/bilayer-bosons/BosonNet/N10_layers10_0_rs0.5_d0.0_D50.0_sq/qmcjax_ckpt_000372.npz
2026-05-29 17:13:43,914 - Step 00373: 3634.6182 E_h, exp. variance=6536808.5000 E_h^2, pmove=0.41
2026-05-29 17:13:44,048 - Step 00374: 3630.1169 E_h, exp. variance=5888788.5000 E_h^2, pmove=0.42
2026-05-29 17:13:44,182 - Step 00375: 3623.7358 E_h, exp. variance=5304758.0000 E_h^2, pmove=0.43
2026-05-29 17:13:44,315 - Step 00376: 3624.8340 E_h, exp. variance=4778168.5000 E_h^2, pmove=0.43
2026-05-29 17:13:44,449 - Step 00377: 3622.3193 E_h, exp. variance=4303584.5000 E_h^2, pmove=0.43
2026-05-29 17:13:44,581 - Step 00378: 3623.3328 E_h, exp. variance=3875813.5000 E_h^2, pmove=0.42
2026-05-29 17:13:44,713 - Step 00379: 3617.8911 E_h, exp. variance=3490480.2500 E_h^2, pmove=0.42
2026-05-29 17:13:44,847 - Step 00380: 3617.1304 E_h, exp. variance=3143272.7500 E_h^2, pmove=0.42
2026-05-29 17:13:44,981 - Step 00381: 3621.6367 E_h, exp. variance=2830333.7500 E_h^2, pmove=0.47
2026-05-29 17:13:45,114 - Step 00382: 3622.3940 E_h, exp. variance=2548409.5000 E_h^2, pmove=0.46
2026-05-29 17:13:45,253 - Step 00383: 3639.2888 E_h, exp. variance=2294188.7500 E_h^2, pmove=0.46
2026-05-29 17:13:45,393 - Step 00384: 3637.9492 E_h, exp. variance=2065290.5000 E_h^2, pmove=0.46
2026-05-29 17:13:45,530 - Step 00385: 3664.6377 E_h, exp. variance=1858918.5000 E_h^2, pmove=0.46
2026-05-29 17:13:45,672 - Step 00386: 3610.9294 E_h, exp. variance=1673776.7500 E_h^2, pmove=0.46
2026-05-29 17:13:45,808 - Step 00387: 3619.9731 E_h, exp. variance=1506880.2500 E_h^2, pmove=0.47
2026-05-29 17:13:45,941 - Step 00388: 3605.8359 E_h, exp. variance=1356767.3750 E_h^2, pmove=0.47
2026-05-29 17:13:46,076 - Step 00389: 3605.4404 E_h, exp. variance=1221561.7500 E_h^2, pmove=0.46
2026-05-29 17:13:46,213 - Step 00390: 3602.1646 E_h, exp. variance=1099826.5000 E_h^2, pmove=0.47
2026-05-29 17:13:46,349 - Step 00391: 3602.3599 E_h, exp. variance=990182.6875 E_h^2, pmove=0.51
2026-05-29 17:13:46,483 - Step 00392: 3604.6465 E_h, exp. variance=891416.5625 E_h^2, pmove=0.52
2026-05-29 17:13:46,622 - Step 00393: 3597.6816 E_h, exp. variance=802543.2500 E_h^2, pmove=0.52
2026-05-29 17:13:46,761 - Step 00394: 3598.3745 E_h, exp. variance=722500.1875 E_h^2, pmove=0.52
2026-05-29 17:13:46,895 - Step 00395: 3598.5283 E_h, exp. variance=650420.0625 E_h^2, pmove=0.51
2026-05-29 17:13:47,029 - Step 00396: 3600.0669 E_h, exp. variance=585505.0625 E_h^2, pmove=0.52
2026-05-29 17:13:47,162 - Step 00397: 3595.6260 E_h, exp. variance=527086.2500 E_h^2, pmove=0.51
2026-05-29 17:13:47,294 - Step 00398: 3599.5303 E_h, exp. variance=474461.4688 E_h^2, pmove=0.51
2026-05-29 17:13:47,426 - Step 00399: 3600.7563 E_h, exp. variance=427077.3125 E_h^2, pmove=0.51
2026-05-29 17:13:47,560 - Step 00400: 3600.1968 E_h, exp. variance=384422.1875 E_h^2, pmove=0.51
2026-05-29 17:13:47,700 - Step 00401: 3592.4849 E_h, exp. variance=346058.1562 E_h^2, pmove=0.51
2026-05-29 17:13:47,841 - Step 00402: 3592.4231 E_h, exp. variance=311515.9375 E_h^2, pmove=0.52
2026-05-29 17:13:47,977 - Step 00403: 3594.2686 E_h, exp. variance=280408.2500 E_h^2, pmove=0.52
2026-05-29 17:13:48,118 - Step 00404: 3593.6831 E_h, exp. variance=252405.1094 E_h^2, pmove=0.52
2026-05-29 17:13:48,257 - Step 00405: 3590.7708 E_h, exp. variance=227205.5312 E_h^2, pmove=0.51
2026-05-29 17:13:48,397 - Step 00406: 3590.5479 E_h, exp. variance=204518.9062 E_h^2, pmove=0.52
2026-05-29 17:13:48,538 - Step 00407: 3590.6206 E_h, exp. variance=184094.2656 E_h^2, pmove=0.52
2026-05-29 17:13:48,673 - Step 00408: 3589.9722 E_h, exp. variance=165708.7812 E_h^2, pmove=0.52
2026-05-29 17:13:48,807 - Step 00409: 3589.0164 E_h, exp. variance=149159.9062 E_h^2, pmove=0.52
2026-05-29 17:13:48,943 - Step 00410: 3588.3110 E_h, exp. variance=134263.5781 E_h^2, pmove=0.52
2026-05-29 17:13:49,076 - Step 00411: 3587.3594 E_h, exp. variance=120855.5000 E_h^2, pmove=0.52
2026-05-29 17:13:49,209 - Step 00412: 3586.8193 E_h, exp. variance=108786.0312 E_h^2, pmove=0.53
2026-05-29 17:13:49,344 - Step 00413: 3587.2070 E_h, exp. variance=97919.6250 E_h^2, pmove=0.52
2026-05-29 17:13:49,478 - Step 00414: 3585.7568 E_h, exp. variance=88140.4609 E_h^2, pmove=0.53
2026-05-29 17:13:49,610 - Step 00415: 3600.8235 E_h, exp. variance=79328.1016 E_h^2, pmove=0.52
2026-05-29 17:13:49,744 - Step 00416: 3591.5981 E_h, exp. variance=71397.8438 E_h^2, pmove=0.51
2026-05-29 17:13:49,875 - Step 00417: 3589.2739 E_h, exp. variance=64262.6211 E_h^2, pmove=0.52
2026-05-29 17:13:50,010 - Step 00418: 3584.4080 E_h, exp. variance=57847.7930 E_h^2, pmove=0.52
2026-05-29 17:13:50,144 - Step 00419: 3584.2156 E_h, exp. variance=52072.6328 E_h^2, pmove=0.52
2026-05-29 17:13:50,277 - Step 00420: 3580.8645 E_h, exp. variance=46879.7812 E_h^2, pmove=0.53
2026-05-29 17:13:50,410 - Step 00421: 3582.0146 E_h, exp. variance=42201.2383 E_h^2, pmove=0.52
2026-05-29 17:13:50,547 - Step 00422: 3579.5962 E_h, exp. variance=37993.2969 E_h^2, pmove=0.52
2026-05-29 17:13:50,682 - Step 00423: 3579.7375 E_h, exp. variance=34203.5664 E_h^2, pmove=0.53
2026-05-29 17:13:50,815 - Step 00424: 3581.8013 E_h, exp. variance=30787.9160 E_h^2, pmove=0.53
2026-05-29 17:13:50,950 - Step 00425: 3580.2827 E_h, exp. variance=27714.9238 E_h^2, pmove=0.53
2026-05-29 17:13:51,086 - Step 00426: 3578.8120 E_h, exp. variance=24950.2363 E_h^2, pmove=0.53
2026-05-29 17:13:51,221 - Step 00427: 3577.6602 E_h, exp. variance=22462.4668 E_h^2, pmove=0.53
2026-05-29 17:13:51,357 - Step 00428: 3578.9775 E_h, exp. variance=20220.3359 E_h^2, pmove=0.53
2026-05-29 17:13:51,492 - Step 00429: 3578.6030 E_h, exp. variance=18202.0586 E_h^2, pmove=0.53
2026-05-29 17:13:51,629 - Step 00430: 3576.0942 E_h, exp. variance=16388.0879 E_h^2, pmove=0.53
2026-05-29 17:13:51,765 - Step 00431: 3578.9570 E_h, exp. variance=14751.2070 E_h^2, pmove=0.53
2026-05-29 17:13:51,900 - Step 00432: 3578.7139 E_h, exp. variance=13277.8359 E_h^2, pmove=0.53
2026-05-29 17:13:52,038 - Step 00433: 3577.3931 E_h, exp. variance=11952.5693 E_h^2, pmove=0.52
2026-05-29 17:13:52,178 - Step 00434: 3576.9170 E_h, exp. variance=10759.7793 E_h^2, pmove=0.53
2026-05-29 17:13:52,313 - Step 00435: 3577.0828 E_h, exp. variance=9685.6621 E_h^2, pmove=0.53
2026-05-29 17:13:52,447 - Step 00436: 3575.9526 E_h, exp. variance=8719.5508 E_h^2, pmove=0.54
2026-05-29 17:13:52,583 - Step 00437: 3574.4243 E_h, exp. variance=7851.0864 E_h^2, pmove=0.53
2026-05-29 17:13:52,719 - Step 00438: 3573.9258 E_h, exp. variance=7069.3311 E_h^2, pmove=0.54
2026-05-29 17:13:52,855 - Step 00439: 3574.1838 E_h, exp. variance=6364.8647 E_h^2, pmove=0.54
2026-05-29 17:13:52,990 - Step 00440: 3574.9468 E_h, exp. variance=5729.7817 E_h^2, pmove=0.53
2026-05-29 17:13:53,126 - Step 00441: 3575.0657 E_h, exp. variance=5157.8657 E_h^2, pmove=0.53
2026-05-29 17:13:53,265 - Step 00442: 3575.3445 E_h, exp. variance=4642.7915 E_h^2, pmove=0.53
2026-05-29 17:13:53,400 - Step 00443: 3573.2598 E_h, exp. variance=4180.4307 E_h^2, pmove=0.53
2026-05-29 17:13:53,532 - Step 00444: 3573.8682 E_h, exp. variance=3763.5195 E_h^2, pmove=0.53
2026-05-29 17:13:53,667 - Step 00445: 3572.7065 E_h, exp. variance=3388.8730 E_h^2, pmove=0.53
2026-05-29 17:13:53,805 - Step 00446: 3573.4277 E_h, exp. variance=3050.9055 E_h^2, pmove=0.53
2026-05-29 17:13:53,940 - Step 00447: 3573.8755 E_h, exp. variance=2746.3462 E_h^2, pmove=0.54
2026-05-29 17:13:54,075 - Step 00448: 3572.1753 E_h, exp. variance=2473.0713 E_h^2, pmove=0.53
2026-05-29 17:13:54,210 - Step 00449: 3573.1978 E_h, exp. variance=2226.3157 E_h^2, pmove=0.54
2026-05-29 17:13:54,347 - Step 00450: 3573.1833 E_h, exp. variance=2004.1367 E_h^2, pmove=0.52
2026-05-29 17:13:54,488 - Step 00451: 3572.6929 E_h, exp. variance=1804.2894 E_h^2, pmove=0.53
2026-05-29 17:13:54,626 - Step 00452: 3573.1250 E_h, exp. variance=1624.1604 E_h^2, pmove=0.52
2026-05-29 17:13:54,762 - Step 00453: 3572.5337 E_h, exp. variance=1462.1936 E_h^2, pmove=0.53
2026-05-29 17:13:54,901 - Step 00454: 3570.6562 E_h, exp. variance=1317.3350 E_h^2, pmove=0.53
2026-05-29 17:13:55,038 - Step 00455: 3571.4155 E_h, exp. variance=1186.2772 E_h^2, pmove=0.54
2026-05-29 17:13:55,174 - Step 00456: 3571.8193 E_h, exp. variance=1068.0323 E_h^2, pmove=0.53
2026-05-29 17:13:55,311 - Step 00457: 3571.2891 E_h, exp. variance=961.7417 E_h^2, pmove=0.53
2026-05-29 17:13:55,448 - Step 00458: 3571.5518 E_h, exp. variance=865.8874 E_h^2, pmove=0.53
2026-05-29 17:13:55,584 - Step 00459: 3571.4111 E_h, exp. variance=779.6025 E_h^2, pmove=0.53
2026-05-29 17:13:55,720 - Step 00460: 3572.6187 E_h, exp. variance=701.6601 E_h^2, pmove=0.53
2026-05-29 17:13:55,872 - Step 00461: 3571.5085 E_h, exp. variance=631.6997 E_h^2, pmove=0.53
2026-05-29 17:13:56,010 - Step 00462: 3570.3672 E_h, exp. variance=569.0930 E_h^2, pmove=0.53
2026-05-29 17:13:56,147 - Step 00463: 3571.9070 E_h, exp. variance=512.2293 E_h^2, pmove=0.53
2026-05-29 17:13:56,283 - Step 00464: 3572.1226 E_h, exp. variance=461.0226 E_h^2, pmove=0.53
2026-05-29 17:13:56,419 - Step 00465: 3569.7476 E_h, exp. variance=415.6046 E_h^2, pmove=0.54
2026-05-29 17:13:56,556 - Step 00466: 3571.9932 E_h, exp. variance=374.0491 E_h^2, pmove=0.53
2026-05-29 17:13:56,692 - Step 00467: 3568.8401 E_h, exp. variance=337.6636 E_h^2, pmove=0.52
2026-05-29 17:13:56,827 - Step 00468: 3568.9729 E_h, exp. variance=304.6521 E_h^2, pmove=0.54
2026-05-29 17:13:56,962 - Step 00469: 3568.0127 E_h, exp. variance=275.3320 E_h^2, pmove=0.53
2026-05-29 17:13:57,098 - Step 00470: 3567.7908 E_h, exp. variance=248.8589 E_h^2, pmove=0.53
2026-05-29 17:13:57,236 - Step 00471: 3567.0337 E_h, exp. variance=225.3042 E_h^2, pmove=0.54
2026-05-29 17:13:57,374 - Step 00472: 3568.5103 E_h, exp. variance=203.1284 E_h^2, pmove=0.54
2026-05-29 17:13:57,509 - Step 00473: 3568.2339 E_h, exp. variance=183.1985 E_h^2, pmove=0.54
2026-05-29 17:13:57,644 - Step 00474: 3570.0352 E_h, exp. variance=164.8789 E_h^2, pmove=0.53
2026-05-29 17:13:57,780 - Step 00475: 3567.6726 E_h, exp. variance=148.9146 E_h^2, pmove=0.53
2026-05-29 17:13:57,914 - Step 00476: 3568.1133 E_h, exp. variance=134.2926 E_h^2, pmove=0.54
2026-05-29 17:13:58,050 - Step 00477: 3566.6418 E_h, exp. variance=121.6888 E_h^2, pmove=0.53
2026-05-29 17:13:58,188 - Step 00478: 3566.3152 E_h, exp. variance=110.3585 E_h^2, pmove=0.53
2026-05-29 17:13:58,327 - Step 00479: 3567.9539 E_h, exp. variance=99.4333 E_h^2, pmove=0.54
2026-05-29 17:13:58,465 - Step 00480: 3565.7170 E_h, exp. variance=90.4316 E_h^2, pmove=0.53
2026-05-29 17:13:58,605 - Step 00481: 3568.2310 E_h, exp. variance=81.4027 E_h^2, pmove=0.55
2026-05-29 17:13:58,741 - Step 00482: 3567.5579 E_h, exp. variance=73.3580 E_h^2, pmove=0.53
2026-05-29 17:13:58,877 - Step 00483: 3566.3564 E_h, exp. variance=66.4301 E_h^2, pmove=0.54
2026-05-29 17:13:59,013 - Step 00484: 3567.8032 E_h, exp. variance=59.8069 E_h^2, pmove=0.54
2026-05-29 17:13:59,150 - Step 00485: 3566.8926 E_h, exp. variance=53.9861 E_h^2, pmove=0.54
2026-05-29 17:13:59,290 - Step 00486: 3568.7773 E_h, exp. variance=48.6297 E_h^2, pmove=0.55
2026-05-29 17:13:59,432 - Step 00487: 3567.0562 E_h, exp. variance=43.8766 E_h^2, pmove=0.53
2026-05-29 17:13:59,577 - Step 00488: 3565.3330 E_h, exp. variance=40.1535 E_h^2, pmove=0.54
2026-05-29 17:13:59,723 - Step 00489: 3566.0774 E_h, exp. variance=36.3986 E_h^2, pmove=0.54
2026-05-29 17:13:59,859 - Step 00490: 3566.0190 E_h, exp. variance=32.9861 E_h^2, pmove=0.54
2026-05-29 17:13:59,998 - Step 00491: 3567.2266 E_h, exp. variance=29.6919 E_h^2, pmove=0.54
2026-05-29 17:14:00,144 - Step 00492: 3566.7964 E_h, exp. variance=26.7586 E_h^2, pmove=0.54
2026-05-29 17:14:00,283 - Step 00493: 3567.1270 E_h, exp. variance=24.0878 E_h^2, pmove=0.53
2026-05-29 17:14:00,420 - Step 00494: 3566.4399 E_h, exp. variance=21.7520 E_h^2, pmove=0.53
2026-05-29 17:14:00,557 - Step 00495: 3564.4346 E_h, exp. variance=20.2904 E_h^2, pmove=0.54
2026-05-29 17:14:00,694 - Step 00496: 3564.5625 E_h, exp. variance=18.7826 E_h^2, pmove=0.54
2026-05-29 17:14:00,831 - Step 00497: 3564.4250 E_h, exp. variance=17.3818 E_h^2, pmove=0.54
2026-05-29 17:14:00,968 - Step 00498: 3564.4775 E_h, exp. variance=16.0110 E_h^2, pmove=0.53
2026-05-29 17:14:01,104 - Step 00499: 3565.0049 E_h, exp. variance=14.5599 E_h^2, pmove=0.54
2026-05-29 17:14:01,242 - Step 00500: 3564.8755 E_h, exp. variance=13.2540 E_h^2, pmove=0.54
2026-05-29 17:14:01,379 - Step 00501: 3565.5518 E_h, exp. variance=11.9498 E_h^2, pmove=0.54
2026-05-29 17:14:01,524 - Step 00502: 3565.5703 E_h, exp. variance=10.7706 E_h^2, pmove=0.54
2026-05-29 17:14:01,659 - Step 00503: 3565.1284 E_h, exp. variance=9.7539 E_h^2, pmove=0.54
2026-05-29 17:14:01,797 - Step 00504: 3566.0947 E_h, exp. variance=8.7833 E_h^2, pmove=0.54
2026-05-29 17:14:01,934 - Step 00505: 3566.3420 E_h, exp. variance=7.9234 E_h^2, pmove=0.54
2026-05-29 17:14:02,071 - Step 00506: 3566.4937 E_h, exp. variance=7.1593 E_h^2, pmove=0.54
2026-05-29 17:14:02,209 - Step 00507: 3565.4592 E_h, exp. variance=6.4687 E_h^2, pmove=0.54
2026-05-29 17:14:02,349 - Step 00508: 3566.6929 E_h, exp. variance=5.8733 E_h^2, pmove=0.54
2026-05-29 17:14:02,485 - Step 00509: 3564.6985 E_h, exp. variance=5.4413 E_h^2, pmove=0.53
2026-05-29 17:14:02,622 - Step 00510: 3564.7495 E_h, exp. variance=5.0125 E_h^2, pmove=0.54
2026-05-29 17:14:02,758 - Step 00511: 3564.2114 E_h, exp. variance=4.7293 E_h^2, pmove=0.54
2026-05-29 17:14:02,895 - Step 00512: 3564.7021 E_h, exp. variance=4.3309 E_h^2, pmove=0.54
2026-05-29 17:14:03,031 - Step 00513: 3565.4072 E_h, exp. variance=3.8990 E_h^2, pmove=0.54
2026-05-29 17:14:03,172 - Step 00514: 3563.9307 E_h, exp. variance=3.7335 E_h^2, pmove=0.53
2026-05-29 17:14:03,309 - Step 00515: 3564.0723 E_h, exp. variance=3.5075 E_h^2, pmove=0.54
2026-05-29 17:14:03,446 - Step 00516: 3563.4468 E_h, exp. variance=3.4410 E_h^2, pmove=0.54
2026-05-29 17:14:03,584 - Step 00517: 3562.9150 E_h, exp. variance=3.5056 E_h^2, pmove=0.53
2026-05-29 17:14:03,721 - Step 00518: 3563.6848 E_h, exp. variance=3.2737 E_h^2, pmove=0.54
2026-05-29 17:14:03,858 - Step 00519: 3563.8682 E_h, exp. variance=3.0114 E_h^2, pmove=0.54
2026-05-29 17:14:03,994 - Step 00520: 3564.5205 E_h, exp. variance=2.7114 E_h^2, pmove=0.53
2026-05-29 17:14:04,129 - Step 00521: 3564.1343 E_h, exp. variance=2.4617 E_h^2, pmove=0.54
2026-05-29 17:14:04,266 - Step 00522: 3565.5376 E_h, exp. variance=2.2992 E_h^2, pmove=0.54
2026-05-29 17:14:04,402 - Step 00523: 3564.1616 E_h, exp. variance=2.0925 E_h^2, pmove=0.54
2026-05-29 17:14:04,539 - Step 00524: 3565.7527 E_h, exp. variance=1.9990 E_h^2, pmove=0.54
2026-05-29 17:14:04,678 - Step 00525: 3561.9824 E_h, exp. variance=2.4796 E_h^2, pmove=0.54
2026-05-29 17:14:04,817 - Step 00526: 3563.3540 E_h, exp. variance=2.3412 E_h^2, pmove=0.54
2026-05-29 17:14:04,958 - Step 00527: 3565.3384 E_h, exp. variance=2.1955 E_h^2, pmove=0.54
2026-05-29 17:14:05,098 - Step 00528: 3564.1221 E_h, exp. variance=1.9854 E_h^2, pmove=0.54
2026-05-29 17:14:05,236 - Step 00529: 3572.5178 E_h, exp. variance=7.6980 E_h^2, pmove=0.54
2026-05-29 17:14:05,372 - Step 00530: 3564.8193 E_h, exp. variance=6.9429 E_h^2, pmove=0.53
2026-05-29 17:14:05,512 - Step 00531: 3568.7705 E_h, exp. variance=7.4066 E_h^2, pmove=0.54
2026-05-29 17:14:05,653 - Step 00532: 3567.5000 E_h, exp. variance=7.0109 E_h^2, pmove=0.53
2026-05-29 17:14:05,792 - Step 00533: 3563.9805 E_h, exp. variance=6.5878 E_h^2, pmove=0.54
2026-05-29 17:14:05,930 - Step 00534: 3564.3633 E_h, exp. variance=6.0584 E_h^2, pmove=0.54
2026-05-29 17:14:06,069 - Step 00535: 3563.2529 E_h, exp. variance=5.8840 E_h^2, pmove=0.54
2026-05-29 17:14:06,209 - Step 00536: 3562.7974 E_h, exp. variance=5.8253 E_h^2, pmove=0.53
2026-05-29 17:14:06,349 - Step 00537: 3565.4702 E_h, exp. variance=5.2643 E_h^2, pmove=0.54
2026-05-29 17:14:06,494 - Step 00538: 3561.2170 E_h, exp. variance=6.0462 E_h^2, pmove=0.53
2026-05-29 17:14:06,638 - Step 00539: 3563.4495 E_h, exp. variance=5.5710 E_h^2, pmove=0.55
2026-05-29 17:14:06,778 - Step 00540: 3563.1042 E_h, exp. variance=5.1965 E_h^2, pmove=0.54
2026-05-29 17:14:06,918 - Step 00541: 3562.4121 E_h, exp. variance=5.0276 E_h^2, pmove=0.54
2026-05-29 17:14:07,057 - Step 00542: 3561.2256 E_h, exp. variance=5.3150 E_h^2, pmove=0.53
2026-05-29 17:14:07,195 - Step 00543: 3560.9111 E_h, exp. variance=5.5834 E_h^2, pmove=0.54
2026-05-29 17:14:07,331 - Step 00544: 3563.0166 E_h, exp. variance=5.0551 E_h^2, pmove=0.54
2026-05-29 17:14:07,472 - Step 00545: 3563.8682 E_h, exp. variance=4.5595 E_h^2, pmove=0.54
2026-05-29 17:14:07,611 - Step 00546: 3565.1240 E_h, exp. variance=4.3210 E_h^2, pmove=0.54
2026-05-29 17:14:07,768 - Step 00547: 3564.2559 E_h, exp. variance=3.9143 E_h^2, pmove=0.53
2026-05-29 17:14:07,909 - Step 00548: 3563.2810 E_h, exp. variance=3.5451 E_h^2, pmove=0.54
2026-05-29 17:14:08,050 - Step 00549: 3561.7148 E_h, exp. variance=3.5554 E_h^2, pmove=0.54
2026-05-29 17:14:08,205 - Step 00550: 3562.4880 E_h, exp. variance=3.2970 E_h^2, pmove=0.53
2026-05-29 17:14:08,348 - Step 00551: 3562.7278 E_h, exp. variance=3.0108 E_h^2, pmove=0.55
2026-05-29 17:14:08,489 - Step 00552: 3563.2073 E_h, exp. variance=2.7116 E_h^2, pmove=0.53
2026-05-29 17:14:08,628 - Step 00553: 3562.2441 E_h, exp. variance=2.5483 E_h^2, pmove=0.55
2026-05-29 17:14:08,767 - Step 00554: 3562.1626 E_h, exp. variance=2.3958 E_h^2, pmove=0.53
2026-05-29 17:14:08,904 - Step 00555: 3562.8401 E_h, exp. variance=2.1634 E_h^2, pmove=0.54
2026-05-29 17:14:09,043 - Step 00556: 3563.3193 E_h, exp. variance=1.9516 E_h^2, pmove=0.53
2026-05-29 17:14:09,182 - Step 00557: 3562.5828 E_h, exp. variance=1.7821 E_h^2, pmove=0.54
2026-05-29 17:14:09,323 - Step 00558: 3562.3564 E_h, exp. variance=1.6489 E_h^2, pmove=0.53
2026-05-29 17:14:09,461 - Step 00559: 3562.1294 E_h, exp. variance=1.5511 E_h^2, pmove=0.54
2026-05-29 17:14:09,605 - Step 00560: 3561.7146 E_h, exp. variance=1.5238 E_h^2, pmove=0.53
2026-05-29 17:14:09,747 - Step 00561: 3562.7922 E_h, exp. variance=1.3714 E_h^2, pmove=0.55
2026-05-29 17:14:09,887 - Step 00562: 3562.2947 E_h, exp. variance=1.2561 E_h^2, pmove=0.53
2026-05-29 17:14:10,025 - Step 00563: 3561.6243 E_h, exp. variance=1.2422 E_h^2, pmove=0.54
2026-05-29 17:14:10,166 - Step 00564: 3560.1682 E_h, exp. variance=1.6621 E_h^2, pmove=0.53
2026-05-29 17:14:10,304 - Step 00565: 3560.7734 E_h, exp. variance=1.7285 E_h^2, pmove=0.54
2026-05-29 17:14:10,444 - Step 00566: 3561.8755 E_h, exp. variance=1.5663 E_h^2, pmove=0.54
2026-05-29 17:14:10,583 - Step 00567: 3562.2549 E_h, exp. variance=1.4101 E_h^2, pmove=0.55
2026-05-29 17:14:10,723 - Step 00568: 3561.8833 E_h, exp. variance=1.2777 E_h^2, pmove=0.54
2026-05-29 17:14:10,873 - Step 00569: 3561.2881 E_h, exp. variance=1.2186 E_h^2, pmove=0.54
2026-05-29 17:14:11,012 - Step 00570: 3562.0525 E_h, exp. variance=1.0968 E_h^2, pmove=0.53
2026-05-29 17:14:11,150 - Step 00571: 3561.3735 E_h, exp. variance=1.0310 E_h^2, pmove=0.54
2026-05-29 17:14:11,304 - Step 00572: 3561.6079 E_h, exp. variance=0.9419 E_h^2, pmove=0.54
2026-05-29 17:14:11,483 - Step 00573: 3561.4663 E_h, exp. variance=0.8699 E_h^2, pmove=0.54
2026-05-29 17:14:11,622 - Step 00574: 3561.6843 E_h, exp. variance=0.7876 E_h^2, pmove=0.54
2026-05-29 17:14:11,760 - Step 00575: 3562.4331 E_h, exp. variance=0.7354 E_h^2, pmove=0.54
2026-05-29 17:14:11,898 - Step 00576: 3561.6313 E_h, exp. variance=0.6707 E_h^2, pmove=0.54
2026-05-29 17:14:12,043 - Step 00577: 3560.1409 E_h, exp. variance=0.8864 E_h^2, pmove=0.54
2026-05-29 17:14:12,187 - Step 00578: 3561.5552 E_h, exp. variance=0.8007 E_h^2, pmove=0.55
2026-05-29 17:14:12,330 - Step 00579: 3560.2202 E_h, exp. variance=0.9225 E_h^2, pmove=0.53
2026-05-29 17:14:12,469 - Step 00580: 3561.4065 E_h, exp. variance=0.8326 E_h^2, pmove=0.55
2026-05-29 17:14:12,611 - Step 00581: 3560.6213 E_h, exp. variance=0.8273 E_h^2, pmove=0.54
2026-05-29 17:14:12,752 - Step 00582: 3561.9253 E_h, exp. variance=0.7642 E_h^2, pmove=0.54
2026-05-29 17:14:12,890 - Step 00583: 3562.2988 E_h, exp. variance=0.7443 E_h^2, pmove=0.54
2026-05-29 17:14:13,034 - Step 00584: 3563.0874 E_h, exp. variance=0.8730 E_h^2, pmove=0.54
2026-05-29 17:14:13,177 - Step 00585: 3562.4568 E_h, exp. variance=0.8325 E_h^2, pmove=0.53
2026-05-29 17:14:13,316 - Step 00586: 3561.8835 E_h, exp. variance=0.7498 E_h^2, pmove=0.54
2026-05-29 17:14:13,452 - Step 00587: 3560.7126 E_h, exp. variance=0.7842 E_h^2, pmove=0.54
2026-05-29 17:14:13,592 - Step 00588: 3562.2310 E_h, exp. variance=0.7307 E_h^2, pmove=0.55
2026-05-29 17:14:13,731 - Step 00589: 3562.5098 E_h, exp. variance=0.7086 E_h^2, pmove=0.54
2026-05-29 17:14:13,871 - Step 00590: 3562.8616 E_h, exp. variance=0.7330 E_h^2, pmove=0.53
2026-05-29 17:14:14,011 - Step 00591: 3560.7776 E_h, exp. variance=0.7804 E_h^2, pmove=0.54
2026-05-29 17:14:14,149 - Step 00592: 3562.1213 E_h, exp. variance=0.7106 E_h^2, pmove=0.55
2026-05-29 17:14:14,291 - Step 00593: 3562.2383 E_h, exp. variance=0.6531 E_h^2, pmove=0.55
2026-05-29 17:14:14,428 - Step 00594: 3561.4658 E_h, exp. variance=0.6039 E_h^2, pmove=0.54
2026-05-29 17:14:14,568 - Step 00595: 3561.2920 E_h, exp. variance=0.5712 E_h^2, pmove=0.54
2026-05-29 17:14:14,706 - Step 00596: 3560.2168 E_h, exp. variance=0.7372 E_h^2, pmove=0.53
2026-05-29 17:14:14,846 - Step 00597: 3560.9736 E_h, exp. variance=0.7027 E_h^2, pmove=0.55
2026-05-29 17:14:14,984 - Step 00598: 3561.7351 E_h, exp. variance=0.6349 E_h^2, pmove=0.54
2026-05-29 17:14:15,123 - Step 00599: 3561.8755 E_h, exp. variance=0.5790 E_h^2, pmove=0.54
2026-05-29 17:14:15,266 - Step 00600: 3560.2207 E_h, exp. variance=0.6957 E_h^2, pmove=0.54
2026-05-29 17:14:15,407 - Step 00601: 3560.2568 E_h, exp. variance=0.7595 E_h^2, pmove=0.55
2026-05-29 17:14:15,547 - Step 00602: 3560.6758 E_h, exp. variance=0.7248 E_h^2, pmove=0.55
2026-05-29 17:14:15,687 - Step 00603: 3559.5996 E_h, exp. variance=0.9078 E_h^2, pmove=0.53
2026-05-29 17:14:15,826 - Step 00604: 3561.3584 E_h, exp. variance=0.8223 E_h^2, pmove=0.54
2026-05-29 17:14:15,966 - Step 00605: 3563.0271 E_h, exp. variance=1.0605 E_h^2, pmove=0.54
2026-05-29 17:14:16,105 - Step 00606: 3561.0662 E_h, exp. variance=0.9606 E_h^2, pmove=0.54
2026-05-29 17:14:16,247 - Step 00607: 3561.6309 E_h, exp. variance=0.8743 E_h^2, pmove=0.55
2026-05-29 17:14:16,385 - Step 00608: 3562.3164 E_h, exp. variance=0.8734 E_h^2, pmove=0.54
2026-05-29 17:14:16,525 - Step 00609: 3561.8936 E_h, exp. variance=0.8051 E_h^2, pmove=0.54
2026-05-29 17:14:16,665 - Step 00610: 3560.7007 E_h, exp. variance=0.7792 E_h^2, pmove=0.54
2026-05-29 17:14:16,804 - Step 00611: 3559.4111 E_h, exp. variance=1.0579 E_h^2, pmove=0.54
2026-05-29 17:14:16,944 - Step 00612: 3561.7568 E_h, exp. variance=0.9797 E_h^2, pmove=0.54
2026-05-29 17:14:17,086 - Step 00613: 3560.8901 E_h, exp. variance=0.8939 E_h^2, pmove=0.54
2026-05-29 17:14:17,228 - Step 00614: 3561.9973 E_h, exp. variance=0.8588 E_h^2, pmove=0.54
2026-05-29 17:14:17,370 - Step 00615: 3560.1125 E_h, exp. variance=0.8995 E_h^2, pmove=0.54
2026-05-29 17:14:17,508 - Step 00616: 3563.9526 E_h, exp. variance=1.5014 E_h^2, pmove=0.55
2026-05-29 17:14:17,647 - Step 00617: 3561.5688 E_h, exp. variance=1.3524 E_h^2, pmove=0.53
2026-05-29 17:14:17,790 - Step 00618: 3560.9741 E_h, exp. variance=1.2391 E_h^2, pmove=0.54
2026-05-29 17:14:17,931 - Step 00619: 3560.0823 E_h, exp. variance=1.2761 E_h^2, pmove=0.54
2026-05-29 17:14:18,071 - Step 00620: 3561.9902 E_h, exp. variance=1.1932 E_h^2, pmove=0.53
2026-05-29 17:14:18,211 - Step 00621: 3561.8269 E_h, exp. variance=1.0938 E_h^2, pmove=0.54
2026-05-29 17:14:18,350 - Step 00622: 3561.2588 E_h, exp. variance=0.9863 E_h^2, pmove=0.53
2026-05-29 17:14:18,492 - Step 00623: 3560.9741 E_h, exp. variance=0.9032 E_h^2, pmove=0.54
2026-05-29 17:14:18,631 - Step 00624: 3561.6614 E_h, exp. variance=0.8217 E_h^2, pmove=0.54
2026-05-29 17:14:18,772 - Step 00625: 3559.4531 E_h, exp. variance=1.0732 E_h^2, pmove=0.54
2026-05-29 17:14:18,912 - Step 00626: 3560.4204 E_h, exp. variance=1.0187 E_h^2, pmove=0.54
2026-05-29 17:14:19,071 - Step 00627: 3560.5874 E_h, exp. variance=0.9413 E_h^2, pmove=0.54
2026-05-29 17:14:19,216 - Step 00628: 3559.7847 E_h, exp. variance=0.9929 E_h^2, pmove=0.54
2026-05-29 17:14:19,359 - Step 00629: 3560.8159 E_h, exp. variance=0.8948 E_h^2, pmove=0.54
2026-05-29 17:14:19,497 - Step 00630: 3559.7686 E_h, exp. variance=0.9243 E_h^2, pmove=0.54
2026-05-29 17:14:19,640 - Step 00631: 3561.6243 E_h, exp. variance=0.8925 E_h^2, pmove=0.55
2026-05-29 17:14:19,780 - Step 00632: 3561.2786 E_h, exp. variance=0.8172 E_h^2, pmove=0.54
2026-05-29 17:14:19,927 - Step 00633: 3563.6104 E_h, exp. variance=1.3846 E_h^2, pmove=0.55
2026-05-29 17:14:20,069 - Step 00634: 3560.0864 E_h, exp. variance=1.3564 E_h^2, pmove=0.54
2026-05-29 17:14:20,210 - Step 00635: 3560.8237 E_h, exp. variance=1.2268 E_h^2, pmove=0.54
2026-05-29 17:14:20,355 - Step 00636: 3560.6980 E_h, exp. variance=1.1157 E_h^2, pmove=0.55
2026-05-29 17:14:20,500 - Step 00637: 3560.1807 E_h, exp. variance=1.0677 E_h^2, pmove=0.54
2026-05-29 17:14:21,301 - Step 00638: 3562.4255 E_h, exp. variance=1.1603 E_h^2, pmove=0.54
2026-05-29 17:14:21,441 - Step 00639: 3561.0945 E_h, exp. variance=1.0443 E_h^2, pmove=0.54
2026-05-29 17:14:21,580 - Step 00640: 3561.4102 E_h, exp. variance=0.9493 E_h^2, pmove=0.54
2026-05-29 17:14:21,719 - Step 00641: 3562.6067 E_h, exp. variance=1.0535 E_h^2, pmove=0.54
2026-05-29 17:14:21,861 - Step 00642: 3559.5886 E_h, exp. variance=1.2019 E_h^2, pmove=0.54
2026-05-29 17:14:22,001 - Step 00643: 3561.6948 E_h, exp. variance=1.1136 E_h^2, pmove=0.54
2026-05-29 17:14:22,141 - Step 00644: 3561.7271 E_h, exp. variance=1.0312 E_h^2, pmove=0.54
2026-05-29 17:14:22,281 - Step 00645: 3562.2163 E_h, exp. variance=1.0181 E_h^2, pmove=0.54
2026-05-29 17:14:22,420 - Step 00646: 3563.6335 E_h, exp. variance=1.3995 E_h^2, pmove=0.54
2026-05-29 17:14:22,559 - Step 00647: 3561.7598 E_h, exp. variance=1.2636 E_h^2, pmove=0.53
2026-05-29 17:14:22,700 - Step 00648: 3560.7603 E_h, exp. variance=1.1962 E_h^2, pmove=0.54
2026-05-29 17:14:22,839 - Step 00649: 3561.1912 E_h, exp. variance=1.0845 E_h^2, pmove=0.54
2026-05-29 17:14:22,978 - Step 00650: 3559.2422 E_h, exp. variance=1.4182 E_h^2, pmove=0.53
2026-05-29 17:14:23,119 - Step 00651: 3559.7358 E_h, exp. variance=1.4792 E_h^2, pmove=0.55
2026-05-29 17:14:23,260 - Step 00652: 3558.9639 E_h, exp. variance=1.7370 E_h^2, pmove=0.53
2026-05-29 17:14:23,400 - Step 00653: 3560.7822 E_h, exp. variance=1.5640 E_h^2, pmove=0.55
2026-05-29 17:14:23,544 - Step 00654: 3558.5244 E_h, exp. variance=1.9008 E_h^2, pmove=0.53
2026-05-29 17:14:23,684 - Step 00655: 3559.7241 E_h, exp. variance=1.7847 E_h^2, pmove=0.53
2026-05-29 17:14:23,825 - Step 00656: 3561.3940 E_h, exp. variance=1.6718 E_h^2, pmove=0.54
2026-05-29 17:14:23,964 - Step 00657: 3559.7737 E_h, exp. variance=1.5700 E_h^2, pmove=0.54
2026-05-29 17:14:24,101 - Step 00658: 3559.2495 E_h, exp. variance=1.5631 E_h^2, pmove=0.55
2026-05-29 17:14:24,243 - Step 00659: 3558.6809 E_h, exp. variance=1.6764 E_h^2, pmove=0.54
2026-05-29 17:14:24,405 - Step 00660: 3560.7607 E_h, exp. variance=1.5333 E_h^2, pmove=0.54
2026-05-29 17:14:24,544 - Step 00661: 3560.0244 E_h, exp. variance=1.3863 E_h^2, pmove=0.54
2026-05-29 17:14:24,681 - Step 00662: 3560.2661 E_h, exp. variance=1.2477 E_h^2, pmove=0.55
2026-05-29 17:14:24,820 - Step 00663: 3559.0913 E_h, exp. variance=1.2468 E_h^2, pmove=0.54
2026-05-29 17:14:24,962 - Step 00664: 3560.2346 E_h, exp. variance=1.1228 E_h^2, pmove=0.54
2026-05-29 17:14:25,107 - Step 00665: 3559.2188 E_h, exp. variance=1.0895 E_h^2, pmove=0.54
2026-05-29 17:14:25,257 - Step 00666: 3561.2534 E_h, exp. variance=1.1083 E_h^2, pmove=0.55
2026-05-29 17:14:25,403 - Step 00667: 3561.0557 E_h, exp. variance=1.0663 E_h^2, pmove=0.53
2026-05-29 17:14:25,546 - Step 00668: 3560.6133 E_h, exp. variance=0.9704 E_h^2, pmove=0.54
2026-05-29 17:14:25,685 - Step 00669: 3559.9084 E_h, exp. variance=0.8874 E_h^2, pmove=0.53
2026-05-29 17:14:25,829 - Step 00670: 3560.2910 E_h, exp. variance=0.7987 E_h^2, pmove=0.54
2026-05-29 17:14:25,970 - Step 00671: 3559.3784 E_h, exp. variance=0.7897 E_h^2, pmove=0.54
2026-05-29 17:14:26,113 - Step 00672: 3559.3179 E_h, exp. variance=0.7772 E_h^2, pmove=0.55
2026-05-29 17:14:26,259 - Step 00673: 3559.7114 E_h, exp. variance=0.7125 E_h^2, pmove=0.54
2026-05-29 17:14:26,398 - Step 00674: 3559.7725 E_h, exp. variance=0.6483 E_h^2, pmove=0.55
2026-05-29 17:14:26,544 - Step 00675: 3559.2351 E_h, exp. variance=0.6397 E_h^2, pmove=0.54
2026-05-29 17:14:26,690 - Step 00676: 3560.3137 E_h, exp. variance=0.5879 E_h^2, pmove=0.55
2026-05-29 17:14:26,832 - Step 00677: 3562.3994 E_h, exp. variance=1.0546 E_h^2, pmove=0.54
2026-05-29 17:14:26,971 - Step 00678: 3559.9751 E_h, exp. variance=0.9548 E_h^2, pmove=0.53
2026-05-29 17:14:27,117 - Step 00679: 3560.7012 E_h, exp. variance=0.8819 E_h^2, pmove=0.54
2026-05-29 17:14:27,262 - Step 00680: 3559.5942 E_h, exp. variance=0.8324 E_h^2, pmove=0.54
2026-05-29 17:14:27,399 - Step 00681: 3558.9932 E_h, exp. variance=0.8768 E_h^2, pmove=0.54
2026-05-29 17:14:27,538 - Step 00682: 3558.5581 E_h, exp. variance=0.9935 E_h^2, pmove=0.54
2026-05-29 17:14:27,689 - Step 00683: 3557.7397 E_h, exp. variance=1.3197 E_h^2, pmove=0.54
2026-05-29 17:14:27,831 - Step 00684: 3557.7029 E_h, exp. variance=1.5456 E_h^2, pmove=0.54
2026-05-29 17:14:27,971 - Step 00685: 3558.3352 E_h, exp. variance=1.5125 E_h^2, pmove=0.54
2026-05-29 17:14:28,114 - Step 00686: 3559.3662 E_h, exp. variance=1.3613 E_h^2, pmove=0.55
2026-05-29 17:14:28,257 - Step 00687: 3560.6868 E_h, exp. variance=1.3790 E_h^2, pmove=0.54
2026-05-29 17:14:28,397 - Step 00688: 3559.1858 E_h, exp. variance=1.2505 E_h^2, pmove=0.54
2026-05-29 17:14:28,535 - Step 00689: 3560.3042 E_h, exp. variance=1.1869 E_h^2, pmove=0.54
2026-05-29 17:14:28,680 - Step 00690: 3558.8096 E_h, exp. variance=1.1190 E_h^2, pmove=0.54
2026-05-29 17:14:28,824 - Step 00691: 3558.4805 E_h, exp. variance=1.0980 E_h^2, pmove=0.54
2026-05-29 17:14:28,966 - Step 00692: 3560.1382 E_h, exp. variance=1.0393 E_h^2, pmove=0.54
2026-05-29 17:14:29,107 - Step 00693: 3559.5442 E_h, exp. variance=0.9360 E_h^2, pmove=0.54
2026-05-29 17:14:29,246 - Step 00694: 3560.5496 E_h, exp. variance=0.9476 E_h^2, pmove=0.55
2026-05-29 17:14:29,386 - Step 00695: 3560.1597 E_h, exp. variance=0.8834 E_h^2, pmove=0.54
2026-05-29 17:14:29,530 - Step 00696: 3560.2522 E_h, exp. variance=0.8293 E_h^2, pmove=0.55
2026-05-29 17:14:29,673 - Step 00697: 3558.3423 E_h, exp. variance=0.9115 E_h^2, pmove=0.54
2026-05-29 17:14:29,812 - Step 00698: 3560.5071 E_h, exp. variance=0.9009 E_h^2, pmove=0.55
2026-05-29 17:14:29,951 - Step 00699: 3557.7876 E_h, exp. variance=1.1249 E_h^2, pmove=0.54
2026-05-29 17:14:30,097 - Step 00700: 3559.4575 E_h, exp. variance=1.0124 E_h^2, pmove=0.55
2026-05-29 17:14:30,236 - Step 00701: 3558.0969 E_h, exp. variance=1.0803 E_h^2, pmove=0.54
2026-05-29 17:14:30,374 - Step 00702: 3559.0222 E_h, exp. variance=0.9808 E_h^2, pmove=0.54
2026-05-29 17:14:30,514 - Step 00703: 3557.8591 E_h, exp. variance=1.0696 E_h^2, pmove=0.54
2026-05-29 17:14:30,658 - Step 00704: 3560.4529 E_h, exp. variance=1.1140 E_h^2, pmove=0.54
2026-05-29 17:14:30,799 - Step 00705: 3558.8281 E_h, exp. variance=1.0214 E_h^2, pmove=0.54
2026-05-29 17:14:30,947 - Step 00706: 3560.8960 E_h, exp. variance=1.1662 E_h^2, pmove=0.54
2026-05-29 17:14:31,088 - Step 00707: 3559.5942 E_h, exp. variance=1.0528 E_h^2, pmove=0.54
2026-05-29 17:14:31,229 - Step 00708: 3560.9189 E_h, exp. variance=1.1486 E_h^2, pmove=0.54
2026-05-29 17:14:31,370 - Step 00709: 3559.7163 E_h, exp. variance=1.0356 E_h^2, pmove=0.54
2026-05-29 17:14:31,511 - Step 00710: 3562.2703 E_h, exp. variance=1.5796 E_h^2, pmove=0.54
2026-05-29 17:14:31,654 - Step 00711: 3559.5652 E_h, exp. variance=1.4293 E_h^2, pmove=0.53
2026-05-29 17:14:31,794 - Step 00712: 3560.8169 E_h, exp. variance=1.3745 E_h^2, pmove=0.54
2026-05-29 17:14:31,937 - Step 00713: 3560.0229 E_h, exp. variance=1.2379 E_h^2, pmove=0.54
2026-05-29 17:14:32,076 - Step 00714: 3560.7129 E_h, exp. variance=1.1684 E_h^2, pmove=0.54
2026-05-29 17:14:32,220 - Step 00715: 3559.8794 E_h, exp. variance=1.0532 E_h^2, pmove=0.54
2026-05-29 17:14:32,366 - Step 00716: 3558.3228 E_h, exp. variance=1.2011 E_h^2, pmove=0.54
2026-05-29 17:14:32,510 - Step 00717: 3559.6853 E_h, exp. variance=1.0829 E_h^2, pmove=0.54
2026-05-29 17:14:32,653 - Step 00718: 3559.9756 E_h, exp. variance=0.9769 E_h^2, pmove=0.54
2026-05-29 17:14:32,797 - Step 00719: 3558.3198 E_h, exp. variance=1.0854 E_h^2, pmove=0.54
2026-05-29 17:14:32,938 - Step 00720: 3558.4658 E_h, exp. variance=1.1100 E_h^2, pmove=0.54
2026-05-29 17:14:33,079 - Step 00721: 3558.8535 E_h, exp. variance=1.0440 E_h^2, pmove=0.54
2026-05-29 17:14:33,221 - Step 00722: 3558.3071 E_h, exp. variance=1.0655 E_h^2, pmove=0.54
2026-05-29 17:14:33,364 - Step 00723: 3558.8765 E_h, exp. variance=0.9810 E_h^2, pmove=0.54
2026-05-29 17:14:33,507 - Step 00724: 3560.5767 E_h, exp. variance=1.0246 E_h^2, pmove=0.54
2026-05-29 17:14:33,649 - Step 00725: 3559.5134 E_h, exp. variance=0.9225 E_h^2, pmove=0.54
2026-05-29 17:14:33,791 - Step 00726: 3559.4810 E_h, exp. variance=0.8303 E_h^2, pmove=0.54
2026-05-29 17:14:33,934 - Step 00727: 3560.1592 E_h, exp. variance=0.7917 E_h^2, pmove=0.54
2026-05-29 17:14:34,077 - Step 00728: 3560.2295 E_h, exp. variance=0.7569 E_h^2, pmove=0.54
2026-05-29 17:14:34,223 - Step 00729: 3558.4365 E_h, exp. variance=0.8025 E_h^2, pmove=0.54
2026-05-29 17:14:34,370 - Step 00730: 3559.8740 E_h, exp. variance=0.7361 E_h^2, pmove=0.55
2026-05-29 17:14:34,514 - Step 00731: 3557.0327 E_h, exp. variance=1.2196 E_h^2, pmove=0.54
2026-05-29 17:14:34,663 - Step 00732: 3558.8315 E_h, exp. variance=1.1151 E_h^2, pmove=0.55
2026-05-29 17:14:34,808 - Step 00733: 3557.9792 E_h, exp. variance=1.1440 E_h^2, pmove=0.54
2026-05-29 17:14:34,950 - Step 00734: 3558.4932 E_h, exp. variance=1.0631 E_h^2, pmove=0.55
2026-05-29 17:14:35,094 - Step 00735: 3557.4697 E_h, exp. variance=1.1792 E_h^2, pmove=0.54
2026-05-29 17:14:35,234 - Step 00736: 3558.9712 E_h, exp. variance=1.0620 E_h^2, pmove=0.55
2026-05-29 17:14:35,375 - Step 00737: 3558.5103 E_h, exp. variance=0.9690 E_h^2, pmove=0.54
2026-05-29 17:14:35,517 - Step 00738: 3559.1812 E_h, exp. variance=0.8817 E_h^2, pmove=0.54
2026-05-29 17:14:35,661 - Step 00739: 3558.7070 E_h, exp. variance=0.7964 E_h^2, pmove=0.54
2026-05-29 17:14:35,803 - Step 00740: 3558.7068 E_h, exp. variance=0.7192 E_h^2, pmove=0.55
2026-05-29 17:14:35,952 - Step 00741: 3558.1333 E_h, exp. variance=0.6939 E_h^2, pmove=0.54
2026-05-29 17:14:36,094 - Step 00742: 3559.0337 E_h, exp. variance=0.6303 E_h^2, pmove=0.54
2026-05-29 17:14:36,243 - Step 00743: 3560.0029 E_h, exp. variance=0.6961 E_h^2, pmove=0.54
2026-05-29 17:14:36,384 - Step 00744: 3558.2686 E_h, exp. variance=0.6654 E_h^2, pmove=0.54
2026-05-29 17:14:36,532 - Step 00745: 3558.8853 E_h, exp. variance=0.5989 E_h^2, pmove=0.54
2026-05-29 17:14:36,684 - Step 00746: 3559.0732 E_h, exp. variance=0.5430 E_h^2, pmove=0.54
2026-05-29 17:14:36,826 - Step 00747: 3559.6348 E_h, exp. variance=0.5395 E_h^2, pmove=0.54
2026-05-29 17:14:36,970 - Step 00748: 3559.4192 E_h, exp. variance=0.5046 E_h^2, pmove=0.54
2026-05-29 17:14:37,116 - Step 00749: 3558.7656 E_h, exp. variance=0.4593 E_h^2, pmove=0.54
2026-05-29 17:14:37,258 - Step 00750: 3558.2842 E_h, exp. variance=0.4570 E_h^2, pmove=0.55
2026-05-29 17:14:37,405 - Step 00751: 3558.6670 E_h, exp. variance=0.4167 E_h^2, pmove=0.54
2026-05-29 17:14:37,549 - Step 00752: 3559.3062 E_h, exp. variance=0.3908 E_h^2, pmove=0.54
2026-05-29 17:14:37,692 - Step 00753: 3558.4207 E_h, exp. variance=0.3750 E_h^2, pmove=0.55
2026-05-29 17:14:37,832 - Step 00754: 3558.3210 E_h, exp. variance=0.3654 E_h^2, pmove=0.54
2026-05-29 17:14:37,974 - Step 00755: 3559.4121 E_h, exp. variance=0.3602 E_h^2, pmove=0.54
2026-05-29 17:14:38,115 - Step 00756: 3559.1409 E_h, exp. variance=0.3302 E_h^2, pmove=0.54
2026-05-29 17:14:38,256 - Step 00757: 3559.1035 E_h, exp. variance=0.3007 E_h^2, pmove=0.54
2026-05-29 17:14:38,400 - Step 00758: 3559.7920 E_h, exp. variance=0.3380 E_h^2, pmove=0.54
2026-05-29 17:14:38,541 - Step 00759: 3561.9719 E_h, exp. variance=1.0921 E_h^2, pmove=0.54
2026-05-29 17:14:38,698 - Step 00760: 3562.3999 E_h, exp. variance=1.8426 E_h^2, pmove=0.53
2026-05-29 17:14:38,855 - Step 00761: 3560.2478 E_h, exp. variance=1.6941 E_h^2, pmove=0.54
2026-05-29 17:14:38,996 - Step 00762: 3558.6069 E_h, exp. variance=1.6285 E_h^2, pmove=0.53
2026-05-29 17:14:39,152 - Step 00763: 3559.9871 E_h, exp. variance=1.4810 E_h^2, pmove=0.55
2026-05-29 17:14:39,295 - Step 00764: 3558.3245 E_h, exp. variance=1.4828 E_h^2, pmove=0.54
2026-05-29 17:14:39,435 - Step 00765: 3559.5371 E_h, exp. variance=1.3348 E_h^2, pmove=0.55
2026-05-29 17:14:39,579 - Step 00766: 3558.6260 E_h, exp. variance=1.2686 E_h^2, pmove=0.53
2026-05-29 17:14:39,724 - Step 00767: 3559.6511 E_h, exp. variance=1.1472 E_h^2, pmove=0.55
2026-05-29 17:14:39,868 - Step 00768: 3558.0583 E_h, exp. variance=1.2016 E_h^2, pmove=0.54
2026-05-29 17:14:40,012 - Step 00769: 3559.7966 E_h, exp. variance=1.1044 E_h^2, pmove=0.55
2026-05-29 17:14:40,154 - Step 00770: 3557.9941 E_h, exp. variance=1.1576 E_h^2, pmove=0.53
2026-05-29 17:14:40,303 - Step 00771: 3558.4709 E_h, exp. variance=1.0907 E_h^2, pmove=0.55
2026-05-29 17:14:40,445 - Step 00772: 3558.5054 E_h, exp. variance=1.0172 E_h^2, pmove=0.54
2026-05-29 17:14:40,590 - Step 00773: 3559.0591 E_h, exp. variance=0.9155 E_h^2, pmove=0.55
2026-05-29 17:14:40,734 - Step 00774: 3559.4080 E_h, exp. variance=0.8342 E_h^2, pmove=0.54
2026-05-29 17:14:40,880 - Step 00775: 3558.9521 E_h, exp. variance=0.7529 E_h^2, pmove=0.54
2026-05-29 17:14:41,023 - Step 00776: 3558.9678 E_h, exp. variance=0.6789 E_h^2, pmove=0.54
2026-05-29 17:14:41,164 - Step 00777: 3558.0691 E_h, exp. variance=0.7024 E_h^2, pmove=0.54
2026-05-29 17:14:41,306 - Step 00778: 3559.0842 E_h, exp. variance=0.6332 E_h^2, pmove=0.55
2026-05-29 17:14:41,448 - Step 00779: 3560.3813 E_h, exp. variance=0.7450 E_h^2, pmove=0.55
2026-05-29 17:14:41,593 - Step 00780: 3558.7822 E_h, exp. variance=0.6811 E_h^2, pmove=0.54
2026-05-29 17:14:41,735 - Step 00781: 3558.6948 E_h, exp. variance=0.6272 E_h^2, pmove=0.54
2026-05-29 17:14:41,878 - Step 00782: 3558.6152 E_h, exp. variance=0.5816 E_h^2, pmove=0.54
2026-05-29 17:14:42,021 - Step 00783: 3558.3735 E_h, exp. variance=0.5597 E_h^2, pmove=0.54
2026-05-29 17:14:42,164 - Step 00784: 3558.3281 E_h, exp. variance=0.5379 E_h^2, pmove=0.55
2026-05-29 17:14:42,315 - Step 00785: 3558.8093 E_h, exp. variance=0.4846 E_h^2, pmove=0.54
2026-05-29 17:14:42,457 - Step 00786: 3558.7119 E_h, exp. variance=0.4385 E_h^2, pmove=0.54
2026-05-29 17:14:42,603 - Step 00787: 3558.5876 E_h, exp. variance=0.4013 E_h^2, pmove=0.54
2026-05-29 17:14:42,748 - Step 00788: 3558.6643 E_h, exp. variance=0.3637 E_h^2, pmove=0.54
2026-05-29 17:14:42,892 - Step 00789: 3558.8630 E_h, exp. variance=0.3276 E_h^2, pmove=0.54
2026-05-29 17:14:43,036 - Step 00790: 3558.6633 E_h, exp. variance=0.2970 E_h^2, pmove=0.54
2026-05-29 17:14:43,181 - Step 00791: 3558.2158 E_h, exp. variance=0.2985 E_h^2, pmove=0.54
2026-05-29 17:14:43,332 - Step 00792: 3558.0317 E_h, exp. variance=0.3145 E_h^2, pmove=0.53
2026-05-29 17:14:43,474 - Step 00793: 3557.9971 E_h, exp. variance=0.3243 E_h^2, pmove=0.54
2026-05-29 17:14:43,624 - Step 00794: 3558.8298 E_h, exp. variance=0.2964 E_h^2, pmove=0.54
2026-05-29 17:14:43,767 - Step 00795: 3557.6416 E_h, exp. variance=0.3545 E_h^2, pmove=0.54
2026-05-29 17:14:43,910 - Step 00796: 3558.4648 E_h, exp. variance=0.3194 E_h^2, pmove=0.54
2026-05-29 17:14:43,911 - Saving checkpoint results/bilayer-bosons/BosonNet/N10_layers10_0_rs0.5_d0.0_D50.0_sq/qmcjax_ckpt_000796.npz
2026-05-29 17:14:44,163 - Step 00797: 3557.2578 E_h, exp. variance=0.4317 E_h^2, pmove=0.54
2026-05-29 17:14:44,307 - Step 00798: 3557.7637 E_h, exp. variance=0.4246 E_h^2, pmove=0.54
2026-05-29 17:14:44,452 - Step 00799: 3557.7610 E_h, exp. variance=0.4117 E_h^2, pmove=0.54
2026-05-29 17:14:44,597 - Step 00800: 3556.7515 E_h, exp. variance=0.5798 E_h^2, pmove=0.55
2026-05-29 17:14:44,742 - Step 00801: 3558.4233 E_h, exp. variance=0.5299 E_h^2, pmove=0.55
2026-05-29 17:14:44,888 - Step 00802: 3559.0972 E_h, exp. variance=0.5570 E_h^2, pmove=0.54
2026-05-29 17:14:45,031 - Step 00803: 3559.1304 E_h, exp. variance=0.5714 E_h^2, pmove=0.55
2026-05-29 17:14:45,175 - Step 00804: 3560.2712 E_h, exp. variance=0.8512 E_h^2, pmove=0.54
2026-05-29 17:14:45,318 - Step 00805: 3558.5771 E_h, exp. variance=0.7663 E_h^2, pmove=0.54
2026-05-29 17:14:45,463 - Step 00806: 3559.1396 E_h, exp. variance=0.7226 E_h^2, pmove=0.54
2026-05-29 17:14:45,607 - Step 00807: 3559.4404 E_h, exp. variance=0.7147 E_h^2, pmove=0.54
2026-05-29 17:14:45,750 - Step 00808: 3558.9426 E_h, exp. variance=0.6495 E_h^2, pmove=0.54
2026-05-29 17:14:45,894 - Step 00809: 3558.5649 E_h, exp. variance=0.5863 E_h^2, pmove=0.54
2026-05-29 17:14:46,039 - Step 00810: 3558.4692 E_h, exp. variance=0.5321 E_h^2, pmove=0.55
2026-05-29 17:14:46,181 - Step 00811: 3558.6104 E_h, exp. variance=0.4792 E_h^2, pmove=0.55
2026-05-29 17:14:46,327 - Step 00812: 3558.2925 E_h, exp. variance=0.4437 E_h^2, pmove=0.55
2026-05-29 17:14:46,475 - Step 00813: 3557.8379 E_h, exp. variance=0.4553 E_h^2, pmove=0.54
2026-05-29 17:14:46,621 - Step 00814: 3557.4453 E_h, exp. variance=0.5191 E_h^2, pmove=0.54
2026-05-29 17:14:46,767 - Step 00815: 3558.5913 E_h, exp. variance=0.4693 E_h^2, pmove=0.55
2026-05-29 17:14:46,910 - Step 00816: 3558.3584 E_h, exp. variance=0.4232 E_h^2, pmove=0.54
2026-05-29 17:14:47,055 - Step 00817: 3558.4690 E_h, exp. variance=0.3809 E_h^2, pmove=0.54
2026-05-29 17:14:47,197 - Step 00818: 3558.1521 E_h, exp. variance=0.3506 E_h^2, pmove=0.54
2026-05-29 17:14:47,338 - Step 00819: 3558.3264 E_h, exp. variance=0.3163 E_h^2, pmove=0.54
2026-05-29 17:14:47,483 - Step 00820: 3557.6963 E_h, exp. variance=0.3302 E_h^2, pmove=0.55
2026-05-29 17:14:47,626 - Step 00821: 3558.0330 E_h, exp. variance=0.3054 E_h^2, pmove=0.54
2026-05-29 17:14:47,769 - Step 00822: 3557.3618 E_h, exp. variance=0.3552 E_h^2, pmove=0.55
2026-05-29 17:14:47,914 - Step 00823: 3558.1934 E_h, exp. variance=0.3197 E_h^2, pmove=0.55
2026-05-29 17:14:48,059 - Step 00824: 3556.6284 E_h, exp. variance=0.5128 E_h^2, pmove=0.54
2026-05-29 17:14:48,204 - Step 00825: 3559.1816 E_h, exp. variance=0.5764 E_h^2, pmove=0.55
2026-05-29 17:14:48,346 - Step 00826: 3557.5920 E_h, exp. variance=0.5483 E_h^2, pmove=0.54
2026-05-29 17:14:48,488 - Step 00827: 3558.7686 E_h, exp. variance=0.5328 E_h^2, pmove=0.55
2026-05-29 17:14:48,630 - Step 00828: 3557.9165 E_h, exp. variance=0.4855 E_h^2, pmove=0.54
2026-05-29 17:14:48,784 - Step 00829: 3558.8823 E_h, exp. variance=0.4855 E_h^2, pmove=0.54
2026-05-29 17:14:48,931 - Step 00830: 3559.0229 E_h, exp. variance=0.4947 E_h^2, pmove=0.55
2026-05-29 17:14:49,073 - Step 00831: 3557.5767 E_h, exp. variance=0.4926 E_h^2, pmove=0.54
2026-05-29 17:14:49,214 - Step 00832: 3559.8188 E_h, exp. variance=0.6708 E_h^2, pmove=0.54
2026-05-29 17:14:49,362 - Step 00833: 3557.8979 E_h, exp. variance=0.6253 E_h^2, pmove=0.54
2026-05-29 17:14:49,506 - Step 00834: 3557.6260 E_h, exp. variance=0.6085 E_h^2, pmove=0.55
2026-05-29 17:14:49,648 - Step 00835: 3557.0469 E_h, exp. variance=0.6818 E_h^2, pmove=0.54
2026-05-29 17:14:49,790 - Step 00836: 3558.4368 E_h, exp. variance=0.6212 E_h^2, pmove=0.55
2026-05-29 17:14:49,933 - Step 00837: 3557.8616 E_h, exp. variance=0.5679 E_h^2, pmove=0.53
2026-05-29 17:14:50,075 - Step 00838: 3558.2957 E_h, exp. variance=0.5132 E_h^2, pmove=0.55
2026-05-29 17:14:50,221 - Step 00839: 3558.9880 E_h, exp. variance=0.5238 E_h^2, pmove=0.54
2026-05-29 17:14:50,365 - Step 00840: 3559.5034 E_h, exp. variance=0.6148 E_h^2, pmove=0.54
2026-05-29 17:14:50,508 - Step 00841: 3559.3306 E_h, exp. variance=0.6368 E_h^2, pmove=0.53
2026-05-29 17:14:50,653 - Step 00842: 3559.2061 E_h, exp. variance=0.6227 E_h^2, pmove=0.54
2026-05-29 17:14:50,794 - Step 00843: 3559.0298 E_h, exp. variance=0.5821 E_h^2, pmove=0.53
2026-05-29 17:14:50,938 - Step 00844: 3559.1218 E_h, exp. variance=0.5497 E_h^2, pmove=0.54
2026-05-29 17:14:51,080 - Step 00845: 3558.4331 E_h, exp. variance=0.4986 E_h^2, pmove=0.54
2026-05-29 17:14:51,221 - Step 00846: 3558.5950 E_h, exp. variance=0.4488 E_h^2, pmove=0.54
2026-05-29 17:14:51,364 - Step 00847: 3557.1631 E_h, exp. variance=0.5943 E_h^2, pmove=0.54
2026-05-29 17:14:51,507 - Step 00848: 3556.9495 E_h, exp. variance=0.7434 E_h^2, pmove=0.54
2026-05-29 17:14:51,648 - Step 00849: 3556.9434 E_h, exp. variance=0.8396 E_h^2, pmove=0.54
2026-05-29 17:14:51,788 - Step 00850: 3557.3789 E_h, exp. variance=0.8136 E_h^2, pmove=0.55
2026-05-29 17:14:51,934 - Step 00851: 3557.2327 E_h, exp. variance=0.8002 E_h^2, pmove=0.55
2026-05-29 17:14:52,077 - Step 00852: 3557.0364 E_h, exp. variance=0.8063 E_h^2, pmove=0.54
2026-05-29 17:14:52,220 - Step 00853: 3556.4634 E_h, exp. variance=0.9158 E_h^2, pmove=0.54
2026-05-29 17:14:52,363 - Step 00854: 3556.5950 E_h, exp. variance=0.9488 E_h^2, pmove=0.54
2026-05-29 17:14:52,508 - Step 00855: 3557.5430 E_h, exp. variance=0.8550 E_h^2, pmove=0.54
2026-05-29 17:14:52,650 - Step 00856: 3559.5527 E_h, exp. variance=1.0978 E_h^2, pmove=0.55
2026-05-29 17:14:52,793 - Step 00857: 3557.2947 E_h, exp. variance=1.0142 E_h^2, pmove=0.54
2026-05-29 17:14:52,937 - Step 00858: 3557.8872 E_h, exp. variance=0.9138 E_h^2, pmove=0.54
2026-05-29 17:14:53,090 - Step 00859: 3558.5605 E_h, exp. variance=0.8758 E_h^2, pmove=0.54
2026-05-29 17:14:53,234 - Step 00860: 3559.2471 E_h, exp. variance=0.9595 E_h^2, pmove=0.54
2026-05-29 17:14:53,380 - Step 00861: 3559.0210 E_h, exp. variance=0.9564 E_h^2, pmove=0.54
2026-05-29 17:14:53,527 - Step 00862: 3562.3767 E_h, exp. variance=2.5015 E_h^2, pmove=0.54
2026-05-29 17:14:53,676 - Step 00863: 3559.2898 E_h, exp. variance=2.3028 E_h^2, pmove=0.54
2026-05-29 17:14:53,820 - Step 00864: 3559.2769 E_h, exp. variance=2.1126 E_h^2, pmove=0.55
2026-05-29 17:14:53,964 - Step 00865: 3557.6909 E_h, exp. variance=1.9887 E_h^2, pmove=0.54
2026-05-29 17:14:54,109 - Step 00866: 3557.9722 E_h, exp. variance=1.8228 E_h^2, pmove=0.55
2026-05-29 17:14:54,253 - Step 00867: 3557.5557 E_h, exp. variance=1.7237 E_h^2, pmove=0.54
2026-05-29 17:14:54,395 - Step 00868: 3559.1738 E_h, exp. variance=1.6024 E_h^2, pmove=0.55
2026-05-29 17:14:54,543 - Step 00869: 3557.4517 E_h, exp. variance=1.5403 E_h^2, pmove=0.53
2026-05-29 17:14:54,688 - Step 00870: 3558.7832 E_h, exp. variance=1.4001 E_h^2, pmove=0.54
2026-05-29 17:14:54,832 - Step 00871: 3558.4182 E_h, exp. variance=1.2601 E_h^2, pmove=0.54
2026-05-29 17:14:54,974 - Step 00872: 3557.6814 E_h, exp. variance=1.1845 E_h^2, pmove=0.55
2026-05-29 17:14:55,120 - Step 00873: 3557.0332 E_h, exp. variance=1.2232 E_h^2, pmove=0.54
2026-05-29 17:14:55,270 - Step 00874: 3556.3164 E_h, exp. variance=1.4279 E_h^2, pmove=0.55
2026-05-29 17:14:55,417 - Step 00875: 3557.0015 E_h, exp. variance=1.3807 E_h^2, pmove=0.55
2026-05-29 17:14:55,562 - Step 00876: 3558.2690 E_h, exp. variance=1.2530 E_h^2, pmove=0.54
2026-05-29 17:14:55,705 - Step 00877: 3557.2852 E_h, exp. variance=1.1691 E_h^2, pmove=0.54
2026-05-29 17:14:55,847 - Step 00878: 3555.9236 E_h, exp. variance=1.4020 E_h^2, pmove=0.55
2026-05-29 17:14:55,999 - Step 00879: 3556.9211 E_h, exp. variance=1.3160 E_h^2, pmove=0.54
2026-05-29 17:14:56,146 - Step 00880: 3556.3113 E_h, exp. variance=1.3386 E_h^2, pmove=0.55
2026-05-29 17:14:56,299 - Step 00881: 3557.6230 E_h, exp. variance=1.2064 E_h^2, pmove=0.55
2026-05-29 17:14:56,442 - Step 00882: 3559.4380 E_h, exp. variance=1.4228 E_h^2, pmove=0.54
2026-05-29 17:14:56,587 - Step 00883: 3557.4976 E_h, exp. variance=1.2841 E_h^2, pmove=0.54
2026-05-29 17:14:56,732 - Step 00884: 3558.7495 E_h, exp. variance=1.2593 E_h^2, pmove=0.55
2026-05-29 17:14:56,881 - Step 00885: 3557.2566 E_h, exp. variance=1.1584 E_h^2, pmove=0.53
2026-05-29 17:14:57,029 - Step 00886: 3557.9336 E_h, exp. variance=1.0462 E_h^2, pmove=0.55
2026-05-29 17:14:57,172 - Step 00887: 3559.0833 E_h, exp. variance=1.1013 E_h^2, pmove=0.54
2026-05-29 17:14:57,319 - Step 00888: 3558.8022 E_h, exp. variance=1.0670 E_h^2, pmove=0.55
2026-05-29 17:14:57,464 - Step 00889: 3557.6182 E_h, exp. variance=0.9718 E_h^2, pmove=0.54
2026-05-29 17:14:57,608 - Step 00890: 3556.5220 E_h, exp. variance=1.0557 E_h^2, pmove=0.55
2026-05-29 17:14:57,754 - Step 00891: 3557.0293 E_h, exp. variance=1.0034 E_h^2, pmove=0.54
2026-05-29 17:14:57,898 - Step 00892: 3558.0134 E_h, exp. variance=0.9107 E_h^2, pmove=0.55
2026-05-29 17:14:58,045 - Step 00893: 3558.3755 E_h, exp. variance=0.8548 E_h^2, pmove=0.54
2026-05-29 17:14:58,187 - Step 00894: 3558.2300 E_h, exp. variance=0.7849 E_h^2, pmove=0.55
2026-05-29 17:14:58,330 - Step 00895: 3557.6880 E_h, exp. variance=0.7089 E_h^2, pmove=0.55
2026-05-29 17:14:58,475 - Step 00896: 3557.8547 E_h, exp. variance=0.6381 E_h^2, pmove=0.55
2026-05-29 17:14:58,620 - Step 00897: 3559.0625 E_h, exp. variance=0.7087 E_h^2, pmove=0.55
2026-05-29 17:14:58,766 - Step 00898: 3558.1624 E_h, exp. variance=0.6415 E_h^2, pmove=0.54
2026-05-29 17:14:58,911 - Step 00899: 3558.5483 E_h, exp. variance=0.6061 E_h^2, pmove=0.55
2026-05-29 17:14:59,060 - Step 00900: 3557.2100 E_h, exp. variance=0.6074 E_h^2, pmove=0.54
2026-05-29 17:14:59,204 - Step 00901: 3558.4019 E_h, exp. variance=0.5645 E_h^2, pmove=0.54
2026-05-29 17:14:59,347 - Step 00902: 3557.3044 E_h, exp. variance=0.5517 E_h^2, pmove=0.54
2026-05-29 17:14:59,488 - Step 00903: 3556.8796 E_h, exp. variance=0.5961 E_h^2, pmove=0.55
2026-05-29 17:14:59,633 - Step 00904: 3556.5122 E_h, exp. variance=0.6918 E_h^2, pmove=0.54
2026-05-29 17:14:59,777 - Step 00905: 3557.4385 E_h, exp. variance=0.6285 E_h^2, pmove=0.54
2026-05-29 17:14:59,921 - Step 00906: 3558.5122 E_h, exp. variance=0.6297 E_h^2, pmove=0.54
2026-05-29 17:15:00,070 - Step 00907: 3557.0444 E_h, exp. variance=0.6119 E_h^2, pmove=0.54
2026-05-29 17:15:00,217 - Step 00908: 3556.9004 E_h, exp. variance=0.6057 E_h^2, pmove=0.54
2026-05-29 17:15:00,365 - Step 00909: 3557.6279 E_h, exp. variance=0.5452 E_h^2, pmove=0.54
2026-05-29 17:15:00,514 - Step 00910: 3559.0684 E_h, exp. variance=0.6830 E_h^2, pmove=0.54
2026-05-29 17:15:00,662 - Step 00911: 3558.8716 E_h, exp. variance=0.7273 E_h^2, pmove=0.54
2026-05-29 17:15:00,806 - Step 00912: 3558.3052 E_h, exp. variance=0.6720 E_h^2, pmove=0.54
2026-05-29 17:15:00,955 - Step 00913: 3558.3948 E_h, exp. variance=0.6261 E_h^2, pmove=0.54
2026-05-29 17:15:01,103 - Step 00914: 3557.7239 E_h, exp. variance=0.5684 E_h^2, pmove=0.54
2026-05-29 17:15:01,251 - Step 00915: 3557.5664 E_h, exp. variance=0.5237 E_h^2, pmove=0.54
2026-05-29 17:15:01,394 - Step 00916: 3557.8608 E_h, exp. variance=0.4714 E_h^2, pmove=0.54
2026-05-29 17:15:01,538 - Step 00917: 3556.6094 E_h, exp. variance=0.5727 E_h^2, pmove=0.54
2026-05-29 17:15:01,685 - Step 00918: 3556.7192 E_h, exp. variance=0.6138 E_h^2, pmove=0.55
2026-05-29 17:15:01,828 - Step 00919: 3557.4480 E_h, exp. variance=0.5565 E_h^2, pmove=0.54
2026-05-29 17:15:01,970 - Step 00920: 3557.0889 E_h, exp. variance=0.5281 E_h^2, pmove=0.54
2026-05-29 17:15:02,119 - Step 00921: 3556.6416 E_h, exp. variance=0.5553 E_h^2, pmove=0.54
2026-05-29 17:15:02,264 - Step 00922: 3556.9436 E_h, exp. variance=0.5266 E_h^2, pmove=0.55
2026-05-29 17:15:02,411 - Step 00923: 3555.8901 E_h, exp. variance=0.6888 E_h^2, pmove=0.54
2026-05-29 17:15:02,555 - Step 00924: 3557.2690 E_h, exp. variance=0.6199 E_h^2, pmove=0.55
2026-05-29 17:15:02,698 - Step 00925: 3556.6531 E_h, exp. variance=0.5933 E_h^2, pmove=0.54
2026-05-29 17:15:02,841 - Step 00926: 3557.9141 E_h, exp. variance=0.5777 E_h^2, pmove=0.55
2026-05-29 17:15:02,987 - Step 00927: 3556.5896 E_h, exp. variance=0.5637 E_h^2, pmove=0.54
2026-05-29 17:15:03,139 - Step 00928: 3557.8855 E_h, exp. variance=0.5475 E_h^2, pmove=0.55
2026-05-29 17:15:03,282 - Step 00929: 3557.0557 E_h, exp. variance=0.4975 E_h^2, pmove=0.54
2026-05-29 17:15:03,426 - Step 00930: 3557.6641 E_h, exp. variance=0.4623 E_h^2, pmove=0.54
2026-05-29 17:15:03,575 - Step 00931: 3557.6816 E_h, exp. variance=0.4291 E_h^2, pmove=0.55
2026-05-29 17:15:03,723 - Step 00932: 3557.1472 E_h, exp. variance=0.3895 E_h^2, pmove=0.54
2026-05-29 17:15:03,871 - Step 00933: 3558.4360 E_h, exp. variance=0.4627 E_h^2, pmove=0.55
2026-05-29 17:15:04,020 - Step 00934: 3558.6689 E_h, exp. variance=0.5542 E_h^2, pmove=0.53
2026-05-29 17:15:04,171 - Step 00935: 3558.5510 E_h, exp. variance=0.5880 E_h^2, pmove=0.54
2026-05-29 17:15:04,321 - Step 00936: 3558.0767 E_h, exp. variance=0.5452 E_h^2, pmove=0.54
2026-05-29 17:15:04,468 - Step 00937: 3556.9487 E_h, exp. variance=0.5411 E_h^2, pmove=0.54
2026-05-29 17:15:04,613 - Step 00938: 3557.0469 E_h, exp. variance=0.5168 E_h^2, pmove=0.54
2026-05-29 17:15:04,761 - Step 00939: 3556.2297 E_h, exp. variance=0.6255 E_h^2, pmove=0.55
2026-05-29 17:15:04,908 - Step 00940: 3557.3625 E_h, exp. variance=0.5634 E_h^2, pmove=0.54
2026-05-29 17:15:05,053 - Step 00941: 3556.0547 E_h, exp. variance=0.6759 E_h^2, pmove=0.53
2026-05-29 17:15:05,197 - Step 00942: 3557.7666 E_h, exp. variance=0.6289 E_h^2, pmove=0.55
2026-05-29 17:15:05,340 - Step 00943: 3556.9299 E_h, exp. variance=0.5808 E_h^2, pmove=0.54
2026-05-29 17:15:05,482 - Step 00944: 3557.6152 E_h, exp. variance=0.5320 E_h^2, pmove=0.55
2026-05-29 17:15:05,624 - Step 00945: 3556.1938 E_h, exp. variance=0.5943 E_h^2, pmove=0.54
2026-05-29 17:15:05,766 - Step 00946: 3555.9243 E_h, exp. variance=0.6844 E_h^2, pmove=0.55
2026-05-29 17:15:05,908 - Step 00947: 3557.3113 E_h, exp. variance=0.6206 E_h^2, pmove=0.54
2026-05-29 17:15:06,052 - Step 00948: 3557.0347 E_h, exp. variance=0.5590 E_h^2, pmove=0.54
2026-05-29 17:15:06,193 - Step 00949: 3557.8340 E_h, exp. variance=0.5516 E_h^2, pmove=0.54
2026-05-29 17:15:06,333 - Step 00950: 3556.7847 E_h, exp. variance=0.5101 E_h^2, pmove=0.54
2026-05-29 17:15:06,477 - Step 00951: 3557.6628 E_h, exp. variance=0.4842 E_h^2, pmove=0.54
2026-05-29 17:15:06,619 - Step 00952: 3557.5063 E_h, exp. variance=0.4449 E_h^2, pmove=0.55
2026-05-29 17:15:06,765 - Step 00953: 3558.1870 E_h, exp. variance=0.4847 E_h^2, pmove=0.54
2026-05-29 17:15:06,908 - Step 00954: 3557.1047 E_h, exp. variance=0.4403 E_h^2, pmove=0.55
2026-05-29 17:15:07,053 - Step 00955: 3558.6523 E_h, exp. variance=0.5621 E_h^2, pmove=0.55
2026-05-29 17:15:07,196 - Step 00956: 3557.0020 E_h, exp. variance=0.5224 E_h^2, pmove=0.54
2026-05-29 17:15:07,341 - Step 00957: 3557.8223 E_h, exp. variance=0.4872 E_h^2, pmove=0.55
2026-05-29 17:15:07,488 - Step 00958: 3555.4785 E_h, exp. variance=0.7816 E_h^2, pmove=0.53
2026-05-29 17:15:07,635 - Step 00959: 3560.1235 E_h, exp. variance=1.4539 E_h^2, pmove=0.55
2026-05-29 17:15:07,781 - Step 00960: 3555.0784 E_h, exp. variance=1.8471 E_h^2, pmove=0.53
2026-05-29 17:15:07,926 - Step 00961: 3556.5339 E_h, exp. variance=1.7125 E_h^2, pmove=0.55
2026-05-29 17:15:08,075 - Step 00962: 3556.6870 E_h, exp. variance=1.5654 E_h^2, pmove=0.54
2026-05-29 17:15:08,228 - Step 00963: 3558.2073 E_h, exp. variance=1.5088 E_h^2, pmove=0.55
2026-05-29 17:15:08,378 - Step 00964: 3556.7432 E_h, exp. variance=1.3819 E_h^2, pmove=0.54
2026-05-29 17:15:08,524 - Step 00965: 3556.1055 E_h, exp. variance=1.3530 E_h^2, pmove=0.55
2026-05-29 17:15:08,668 - Step 00966: 3555.9663 E_h, exp. variance=1.3329 E_h^2, pmove=0.54
2026-05-29 17:15:08,814 - Step 00967: 3556.4160 E_h, exp. variance=1.2286 E_h^2, pmove=0.54
2026-05-29 17:15:08,959 - Step 00968: 3555.9663 E_h, exp. variance=1.1889 E_h^2, pmove=0.54
2026-05-29 17:15:09,104 - Step 00969: 3556.3335 E_h, exp. variance=1.0923 E_h^2, pmove=0.55
2026-05-29 17:15:09,247 - Step 00970: 3556.7466 E_h, exp. variance=0.9832 E_h^2, pmove=0.54
2026-05-29 17:15:09,394 - Step 00971: 3556.9143 E_h, exp. variance=0.8866 E_h^2, pmove=0.55
2026-05-29 17:15:09,539 - Step 00972: 3557.3564 E_h, exp. variance=0.8266 E_h^2, pmove=0.55
2026-05-29 17:15:09,682 - Step 00973: 3558.2468 E_h, exp. variance=0.9200 E_h^2, pmove=0.55
2026-05-29 17:15:09,828 - Step 00974: 3557.0645 E_h, exp. variance=0.8285 E_h^2, pmove=0.54
2026-05-29 17:15:09,974 - Step 00975: 3557.3992 E_h, exp. variance=0.7603 E_h^2, pmove=0.54
2026-05-29 17:15:10,119 - Step 00976: 3556.3081 E_h, exp. variance=0.7320 E_h^2, pmove=0.55
2026-05-29 17:15:10,262 - Step 00977: 3557.6577 E_h, exp. variance=0.7022 E_h^2, pmove=0.55
2026-05-29 17:15:10,406 - Step 00978: 3557.0557 E_h, exp. variance=0.6320 E_h^2, pmove=0.54
2026-05-29 17:15:10,552 - Step 00979: 3556.8865 E_h, exp. variance=0.5708 E_h^2, pmove=0.54
2026-05-29 17:15:10,696 - Step 00980: 3556.7705 E_h, exp. variance=0.5193 E_h^2, pmove=0.54
2026-05-29 17:15:10,840 - Step 00981: 3557.3115 E_h, exp. variance=0.4764 E_h^2, pmove=0.54
2026-05-29 17:15:10,994 - Step 00982: 3556.8530 E_h, exp. variance=0.4315 E_h^2, pmove=0.54
2026-05-29 17:15:11,140 - Step 00983: 3556.4114 E_h, exp. variance=0.4205 E_h^2, pmove=0.55
2026-05-29 17:15:11,285 - Step 00984: 3556.4526 E_h, exp. variance=0.4007 E_h^2, pmove=0.54
2026-05-29 17:15:11,430 - Step 00985: 3557.0342 E_h, exp. variance=0.3623 E_h^2, pmove=0.55
2026-05-29 17:15:11,574 - Step 00986: 3556.3633 E_h, exp. variance=0.3533 E_h^2, pmove=0.54
2026-05-29 17:15:11,719 - Step 00987: 3557.4902 E_h, exp. variance=0.3539 E_h^2, pmove=0.55
2026-05-29 17:15:11,866 - Step 00988: 3558.2119 E_h, exp. variance=0.4683 E_h^2, pmove=0.54
2026-05-29 17:15:12,010 - Step 00989: 3557.7727 E_h, exp. variance=0.4684 E_h^2, pmove=0.54
2026-05-29 17:15:12,155 - Step 00990: 3557.6323 E_h, exp. variance=0.4449 E_h^2, pmove=0.54
2026-05-29 17:15:12,298 - Step 00991: 3557.1514 E_h, exp. variance=0.4005 E_h^2, pmove=0.54
2026-05-29 17:15:12,443 - Step 00992: 3557.8398 E_h, exp. variance=0.4006 E_h^2, pmove=0.55
2026-05-29 17:15:12,585 - Step 00993: 3556.7363 E_h, exp. variance=0.3832 E_h^2, pmove=0.54
2026-05-29 17:15:12,730 - Step 00994: 3556.8308 E_h, exp. variance=0.3564 E_h^2, pmove=0.54
2026-05-29 17:15:12,874 - Step 00995: 3556.4116 E_h, exp. variance=0.3702 E_h^2, pmove=0.54
2026-05-29 17:15:13,019 - Step 00996: 3556.7349 E_h, exp. variance=0.3438 E_h^2, pmove=0.55
2026-05-29 17:15:13,165 - Step 00997: 3556.6050 E_h, exp. variance=0.3268 E_h^2, pmove=0.54
2026-05-29 17:15:13,308 - Step 00998: 3557.1782 E_h, exp. variance=0.2970 E_h^2, pmove=0.55
2026-05-29 17:15:13,451 - Step 00999: 3557.3044 E_h, exp. variance=0.2747 E_h^2, pmove=0.54
2026-05-29 17:15:13,595 - Step 01000: 3556.4412 E_h, exp. variance=0.2802 E_h^2, pmove=0.55
2026-05-29 17:15:13,738 - Step 01001: 3558.2959 E_h, exp. variance=0.4066 E_h^2, pmove=0.55
2026-05-29 17:15:13,884 - Step 01002: 3557.1487 E_h, exp. variance=0.3660 E_h^2, pmove=0.54
2026-05-29 17:15:14,029 - Step 01003: 3557.5234 E_h, exp. variance=0.3440 E_h^2, pmove=0.54
2026-05-29 17:15:14,175 - Step 01004: 3557.7812 E_h, exp. variance=0.3443 E_h^2, pmove=0.54
2026-05-29 17:15:14,325 - Step 01005: 3558.7185 E_h, exp. variance=0.5112 E_h^2, pmove=0.54
2026-05-29 17:15:14,467 - Step 01006: 3558.4399 E_h, exp. variance=0.5627 E_h^2, pmove=0.53
2026-05-29 17:15:14,614 - Step 01007: 3558.2690 E_h, exp. variance=0.5626 E_h^2, pmove=0.54
2026-05-29 17:15:14,760 - Step 01008: 3557.0874 E_h, exp. variance=0.5263 E_h^2, pmove=0.54
2026-05-29 17:15:14,905 - Step 01009: 3559.4097 E_h, exp. variance=0.7981 E_h^2, pmove=0.54
2026-05-29 17:15:15,050 - Step 01010: 3558.0054 E_h, exp. variance=0.7266 E_h^2, pmove=0.54
2026-05-29 17:15:15,194 - Step 01011: 3558.0339 E_h, exp. variance=0.6622 E_h^2, pmove=0.53
2026-05-29 17:15:15,342 - Step 01012: 3555.8145 E_h, exp. variance=0.9373 E_h^2, pmove=0.54
2026-05-29 17:15:15,487 - Step 01013: 3557.2310 E_h, exp. variance=0.8537 E_h^2, pmove=0.54
2026-05-29 17:15:15,632 - Step 01014: 3557.1060 E_h, exp. variance=0.7847 E_h^2, pmove=0.54
2026-05-29 17:15:15,778 - Step 01015: 3556.9773 E_h, exp. variance=0.7300 E_h^2, pmove=0.54
2026-05-29 17:15:15,928 - Step 01016: 3556.7617 E_h, exp. variance=0.6983 E_h^2, pmove=0.54
2026-05-29 17:15:16,071 - Step 01017: 3555.9788 E_h, exp. variance=0.8031 E_h^2, pmove=0.54
2026-05-29 17:15:16,217 - Step 01018: 3556.6387 E_h, exp. variance=0.7545 E_h^2, pmove=0.54
2026-05-29 17:15:16,362 - Step 01019: 3557.0740 E_h, exp. variance=0.6799 E_h^2, pmove=0.54
2026-05-29 17:15:16,508 - Step 01020: 3558.3496 E_h, exp. variance=0.7386 E_h^2, pmove=0.54
2026-05-29 17:15:16,652 - Step 01021: 3557.9868 E_h, exp. variance=0.7095 E_h^2, pmove=0.54
2026-05-29 17:15:16,796 - Step 01022: 3557.1428 E_h, exp. variance=0.6425 E_h^2, pmove=0.54
2026-05-29 17:15:16,940 - Step 01023: 3556.3640 E_h, exp. variance=0.6625 E_h^2, pmove=0.55
2026-05-29 17:15:17,085 - Step 01024: 3557.0447 E_h, exp. variance=0.5995 E_h^2, pmove=0.54
2026-05-29 17:15:17,231 - Step 01025: 3557.4658 E_h, exp. variance=0.5452 E_h^2, pmove=0.55
2026-05-29 17:15:17,376 - Step 01026: 3555.7395 E_h, exp. variance=0.6935 E_h^2, pmove=0.55
2026-05-29 17:15:17,519 - Step 01027: 3556.2715 E_h, exp. variance=0.6845 E_h^2, pmove=0.55
2026-05-29 17:15:17,664 - Step 01028: 3557.1970 E_h, exp. variance=0.6192 E_h^2, pmove=0.54
2026-05-29 17:15:17,808 - Step 01029: 3556.6597 E_h, exp. variance=0.5695 E_h^2, pmove=0.54
2026-05-29 17:15:17,952 - Step 01030: 3556.5918 E_h, exp. variance=0.5269 E_h^2, pmove=0.54
2026-05-29 17:15:18,099 - Step 01031: 3558.0476 E_h, exp. variance=0.5824 E_h^2, pmove=0.54
2026-05-29 17:15:18,244 - Step 01032: 3558.2554 E_h, exp. variance=0.6527 E_h^2, pmove=0.54
2026-05-29 17:15:18,386 - Step 01033: 3557.0298 E_h, exp. variance=0.5894 E_h^2, pmove=0.54
2026-05-29 17:15:18,534 - Step 01034: 3556.5706 E_h, exp. variance=0.5623 E_h^2, pmove=0.55
2026-05-29 17:15:18,679 - Step 01035: 3556.7476 E_h, exp. variance=0.5176 E_h^2, pmove=0.54
2026-05-29 17:15:18,827 - Step 01036: 3556.9661 E_h, exp. variance=0.4668 E_h^2, pmove=0.54
2026-05-29 17:15:18,971 - Step 01037: 3556.1262 E_h, exp. variance=0.4985 E_h^2, pmove=0.55
2026-05-29 17:15:19,114 - Step 01038: 3556.4082 E_h, exp. variance=0.4766 E_h^2, pmove=0.54
2026-05-29 17:15:19,257 - Step 01039: 3556.2661 E_h, exp. variance=0.4663 E_h^2, pmove=0.54
2026-05-29 17:15:19,407 - Step 01040: 3556.7207 E_h, exp. variance=0.4211 E_h^2, pmove=0.55
2026-05-29 17:15:19,553 - Step 01041: 3555.1521 E_h, exp. variance=0.6333 E_h^2, pmove=0.54
2026-05-29 17:15:19,702 - Step 01042: 3558.7410 E_h, exp. variance=0.9579 E_h^2, pmove=0.55
2026-05-29 17:15:19,849 - Step 01043: 3557.5251 E_h, exp. variance=0.9004 E_h^2, pmove=0.54
2026-05-29 17:15:19,994 - Step 01044: 3558.8826 E_h, exp. variance=1.1508 E_h^2, pmove=0.54
2026-05-29 17:15:20,138 - Step 01045: 3558.0513 E_h, exp. variance=1.1117 E_h^2, pmove=0.54
2026-05-29 17:15:20,281 - Step 01046: 3556.1431 E_h, exp. variance=1.1057 E_h^2, pmove=0.54
2026-05-29 17:15:20,430 - Step 01047: 3556.5557 E_h, exp. variance=1.0234 E_h^2, pmove=0.54
2026-05-29 17:15:20,577 - Step 01048: 3557.6812 E_h, exp. variance=0.9558 E_h^2, pmove=0.55
2026-05-29 17:15:20,730 - Step 01049: 3557.4592 E_h, exp. variance=0.8704 E_h^2, pmove=0.54
2026-05-29 17:15:20,881 - Step 01050: 3556.5659 E_h, exp. variance=0.8147 E_h^2, pmove=0.54
2026-05-29 17:15:21,026 - Step 01051: 3556.1550 E_h, exp. variance=0.8130 E_h^2, pmove=0.54
2026-05-29 17:15:21,174 - Step 01052: 3556.6021 E_h, exp. variance=0.7462 E_h^2, pmove=0.54
2026-05-29 17:15:21,322 - Step 01053: 3555.9585 E_h, exp. variance=0.7622 E_h^2, pmove=0.54
2026-05-29 17:15:21,472 - Step 01054: 3556.4187 E_h, exp. variance=0.7037 E_h^2, pmove=0.55
2026-05-29 17:15:21,623 - Step 01055: 3556.9075 E_h, exp. variance=0.6341 E_h^2, pmove=0.54
2026-05-29 17:15:21,768 - Step 01056: 3556.3145 E_h, exp. variance=0.5943 E_h^2, pmove=0.54
2026-05-29 17:15:21,913 - Step 01057: 3555.9585 E_h, exp. variance=0.5949 E_h^2, pmove=0.54
2026-05-29 17:15:22,059 - Step 01058: 3557.6284 E_h, exp. variance=0.6141 E_h^2, pmove=0.55
2026-05-29 17:15:22,203 - Step 01059: 3556.8477 E_h, exp. variance=0.5530 E_h^2, pmove=0.54
2026-05-29 17:15:22,350 - Step 01060: 3556.1538 E_h, exp. variance=0.5345 E_h^2, pmove=0.54
2026-05-29 17:15:22,496 - Step 01061: 3557.2271 E_h, exp. variance=0.5033 E_h^2, pmove=0.54
2026-05-29 17:15:22,642 - Step 01062: 3557.8918 E_h, exp. variance=0.5645 E_h^2, pmove=0.54
2026-05-29 17:15:22,792 - Step 01063: 3555.3835 E_h, exp. variance=0.7124 E_h^2, pmove=0.54
2026-05-29 17:15:22,935 - Step 01064: 3557.9216 E_h, exp. variance=0.7668 E_h^2, pmove=0.55
2026-05-29 17:15:23,081 - Step 01065: 3556.7363 E_h, exp. variance=0.6915 E_h^2, pmove=0.54
2026-05-29 17:15:23,229 - Step 01066: 3560.2056 E_h, exp. variance=1.6383 E_h^2, pmove=0.55
2026-05-29 17:15:23,375 - Step 01067: 3558.0913 E_h, exp. variance=1.5490 E_h^2, pmove=0.54
2026-05-29 17:15:23,521 - Step 01068: 3557.6677 E_h, exp. variance=1.4081 E_h^2, pmove=0.54
2026-05-29 17:15:23,669 - Step 01069: 3557.7651 E_h, exp. variance=1.2858 E_h^2, pmove=0.54
2026-05-29 17:15:23,814 - Step 01070: 3557.4561 E_h, exp. variance=1.1581 E_h^2, pmove=0.54
2026-05-29 17:15:23,957 - Step 01071: 3557.3052 E_h, exp. variance=1.0426 E_h^2, pmove=0.55
2026-05-29 17:15:24,100 - Step 01072: 3557.2683 E_h, exp. variance=0.9391 E_h^2, pmove=0.54
2026-05-29 17:15:24,245 - Step 01073: 3557.2646 E_h, exp. variance=0.8459 E_h^2, pmove=0.54
2026-05-29 17:15:24,391 - Step 01074: 3556.6992 E_h, exp. variance=0.7986 E_h^2, pmove=0.54
2026-05-29 17:15:24,536 - Step 01075: 3556.7107 E_h, exp. variance=0.7478 E_h^2, pmove=0.54
2026-05-29 17:15:24,678 - Step 01076: 3557.0176 E_h, exp. variance=0.6767 E_h^2, pmove=0.54
2026-05-29 17:15:24,823 - Step 01077: 3557.2446 E_h, exp. variance=0.6092 E_h^2, pmove=0.54
2026-05-29 17:15:24,965 - Step 01078: 3556.2886 E_h, exp. variance=0.6240 E_h^2, pmove=0.54
2026-05-29 17:15:25,110 - Step 01079: 3556.1318 E_h, exp. variance=0.6484 E_h^2, pmove=0.54
2026-05-29 17:15:25,257 - Step 01080: 3556.8308 E_h, exp. variance=0.5866 E_h^2, pmove=0.54
2026-05-29 17:15:25,407 - Step 01081: 3557.1226 E_h, exp. variance=0.5294 E_h^2, pmove=0.54
2026-05-29 17:15:25,553 - Step 01082: 3557.1155 E_h, exp. variance=0.4774 E_h^2, pmove=0.54
2026-05-29 17:15:25,698 - Step 01083: 3557.5454 E_h, exp. variance=0.4545 E_h^2, pmove=0.54
2026-05-29 17:15:25,845 - Step 01084: 3557.6069 E_h, exp. variance=0.4348 E_h^2, pmove=0.54
2026-05-29 17:15:25,992 - Step 01085: 3555.5508 E_h, exp. variance=0.6146 E_h^2, pmove=0.54
2026-05-29 17:15:26,137 - Step 01086: 3555.9607 E_h, exp. variance=0.6446 E_h^2, pmove=0.55
2026-05-29 17:15:26,282 - Step 01087: 3556.0908 E_h, exp. variance=0.6344 E_h^2, pmove=0.54
2026-05-29 17:15:26,429 - Step 01088: 3556.6611 E_h, exp. variance=0.5725 E_h^2, pmove=0.55
2026-05-29 17:15:26,572 - Step 01089: 3557.0247 E_h, exp. variance=0.5207 E_h^2, pmove=0.54
2026-05-29 17:15:26,716 - Step 01090: 3556.5410 E_h, exp. variance=0.4748 E_h^2, pmove=0.55
2026-05-29 17:15:26,862 - Step 01091: 3556.3538 E_h, exp. variance=0.4433 E_h^2, pmove=0.54
2026-05-29 17:15:27,007 - Step 01092: 3557.0625 E_h, exp. variance=0.4087 E_h^2, pmove=0.54
2026-05-29 17:15:27,156 - Step 01093: 3556.7854 E_h, exp. variance=0.3679 E_h^2, pmove=0.54
2026-05-29 17:15:27,302 - Step 01094: 3556.3940 E_h, exp. variance=0.3437 E_h^2, pmove=0.54
2026-05-29 17:15:27,450 - Step 01095: 3557.1548 E_h, exp. variance=0.3255 E_h^2, pmove=0.55
2026-05-29 17:15:27,598 - Step 01096: 3557.0166 E_h, exp. variance=0.2983 E_h^2, pmove=0.54
2026-05-29 17:15:27,745 - Step 01097: 3557.3970 E_h, exp. variance=0.3008 E_h^2, pmove=0.54
2026-05-29 17:15:27,889 - Step 01098: 3556.1162 E_h, exp. variance=0.3202 E_h^2, pmove=0.54
2026-05-29 17:15:28,033 - Step 01099: 3556.7700 E_h, exp. variance=0.2882 E_h^2, pmove=0.54
2026-05-29 17:15:28,179 - Step 01100: 3555.8860 E_h, exp. variance=0.3316 E_h^2, pmove=0.54
2026-05-29 17:15:28,325 - Step 01101: 3555.5286 E_h, exp. variance=0.4204 E_h^2, pmove=0.54
2026-05-29 17:15:28,471 - Step 01102: 3555.4419 E_h, exp. variance=0.4942 E_h^2, pmove=0.55
2026-05-29 17:15:28,616 - Step 01103: 3556.6279 E_h, exp. variance=0.4472 E_h^2, pmove=0.55
2026-05-29 17:15:28,762 - Step 01104: 3556.3193 E_h, exp. variance=0.4048 E_h^2, pmove=0.55
2026-05-29 17:15:28,909 - Step 01105: 3556.2109 E_h, exp. variance=0.3701 E_h^2, pmove=0.54
2026-05-29 17:15:29,055 - Step 01106: 3555.8843 E_h, exp. variance=0.3607 E_h^2, pmove=0.54
2026-05-29 17:15:29,207 - Step 01107: 3557.0728 E_h, exp. variance=0.3674 E_h^2, pmove=0.54
2026-05-29 17:15:29,355 - Step 01108: 3556.3735 E_h, exp. variance=0.3313 E_h^2, pmove=0.54
2026-05-29 17:15:29,502 - Step 01109: 3558.0007 E_h, exp. variance=0.5162 E_h^2, pmove=0.55
2026-05-29 17:15:29,646 - Step 01110: 3556.2510 E_h, exp. variance=0.4755 E_h^2, pmove=0.54
2026-05-29 17:15:29,793 - Step 01111: 3557.3457 E_h, exp. variance=0.4828 E_h^2, pmove=0.55
2026-05-29 17:15:29,938 - Step 01112: 3556.3120 E_h, exp. variance=0.4444 E_h^2, pmove=0.53
2026-05-29 17:15:30,087 - Step 01113: 3556.2307 E_h, exp. variance=0.4129 E_h^2, pmove=0.55
2026-05-29 17:15:30,234 - Step 01114: 3556.7939 E_h, exp. variance=0.3761 E_h^2, pmove=0.55
2026-05-29 17:15:30,385 - Step 01115: 3555.5225 E_h, exp. variance=0.4418 E_h^2, pmove=0.55
2026-05-29 17:15:30,540 - Step 01116: 3556.8911 E_h, exp. variance=0.4124 E_h^2, pmove=0.54
2026-05-29 17:15:30,685 - Step 01117: 3556.6753 E_h, exp. variance=0.3731 E_h^2, pmove=0.54
2026-05-29 17:15:30,834 - Step 01118: 3556.3184 E_h, exp. variance=0.3403 E_h^2, pmove=0.54
2026-05-29 17:15:30,980 - Step 01119: 3555.4229 E_h, exp. variance=0.4146 E_h^2, pmove=0.54
2026-05-29 17:15:31,126 - Step 01120: 3556.7363 E_h, exp. variance=0.3827 E_h^2, pmove=0.55
2026-05-29 17:15:31,291 - Step 01121: 3555.6860 E_h, exp. variance=0.3960 E_h^2, pmove=0.54
2026-05-29 17:15:31,461 - Step 01122: 3556.0911 E_h, exp. variance=0.3632 E_h^2, pmove=0.55
2026-05-29 17:15:31,611 - Step 01123: 3555.6362 E_h, exp. variance=0.3714 E_h^2, pmove=0.54
2026-05-29 17:15:31,760 - Step 01124: 3557.7842 E_h, exp. variance=0.5408 E_h^2, pmove=0.55
2026-05-29 17:15:31,910 - Step 01125: 3555.4424 E_h, exp. variance=0.5729 E_h^2, pmove=0.54
2026-05-29 17:15:32,056 - Step 01126: 3558.2349 E_h, exp. variance=0.8446 E_h^2, pmove=0.55
2026-05-29 17:15:32,201 - Step 01127: 3556.3325 E_h, exp. variance=0.7631 E_h^2, pmove=0.54
2026-05-29 17:15:32,349 - Step 01128: 3556.4492 E_h, exp. variance=0.6870 E_h^2, pmove=0.55
2026-05-29 17:15:32,492 - Step 01129: 3556.2793 E_h, exp. variance=0.6223 E_h^2, pmove=0.54
2026-05-29 17:15:32,638 - Step 01130: 3555.8936 E_h, exp. variance=0.5900 E_h^2, pmove=0.54
2026-05-29 17:15:32,783 - Step 01131: 3556.8687 E_h, exp. variance=0.5498 E_h^2, pmove=0.54
2026-05-29 17:15:32,929 - Step 01132: 3555.7725 E_h, exp. variance=0.5371 E_h^2, pmove=0.54
2026-05-29 17:15:33,075 - Step 01133: 3556.8755 E_h, exp. variance=0.5046 E_h^2, pmove=0.55
2026-05-29 17:15:33,223 - Step 01134: 3555.0281 E_h, exp. variance=0.6331 E_h^2, pmove=0.54
2026-05-29 17:15:33,371 - Step 01135: 3556.7695 E_h, exp. variance=0.5899 E_h^2, pmove=0.55
2026-05-29 17:15:33,538 - Step 01136: 3557.3052 E_h, exp. variance=0.6140 E_h^2, pmove=0.54
2026-05-29 17:15:33,708 - Step 01137: 3557.0632 E_h, exp. variance=0.5875 E_h^2, pmove=0.54
2026-05-29 17:15:33,855 - Step 01138: 3555.6709 E_h, exp. variance=0.5911 E_h^2, pmove=0.55
2026-05-29 17:15:34,001 - Step 01139: 3557.7129 E_h, exp. variance=0.6825 E_h^2, pmove=0.54
2026-05-29 17:15:34,148 - Step 01140: 3556.6260 E_h, exp. variance=0.6148 E_h^2, pmove=0.54
2026-05-29 17:15:34,295 - Step 01141: 3557.5032 E_h, exp. variance=0.6340 E_h^2, pmove=0.54
2026-05-29 17:15:34,444 - Step 01142: 3555.9304 E_h, exp. variance=0.6173 E_h^2, pmove=0.54
2026-05-29 17:15:34,593 - Step 01143: 3556.0557 E_h, exp. variance=0.5803 E_h^2, pmove=0.55
2026-05-29 17:15:34,739 - Step 01144: 3556.1516 E_h, exp. variance=0.5349 E_h^2, pmove=0.55
2026-05-29 17:15:34,884 - Step 01145: 3556.3340 E_h, exp. variance=0.4836 E_h^2, pmove=0.54
2026-05-29 17:15:35,031 - Step 01146: 3555.1499 E_h, exp. variance=0.5930 E_h^2, pmove=0.54
2026-05-29 17:15:35,177 - Step 01147: 3554.7490 E_h, exp. variance=0.7618 E_h^2, pmove=0.55
2026-05-29 17:15:35,326 - Step 01148: 3556.7036 E_h, exp. variance=0.7101 E_h^2, pmove=0.55
2026-05-29 17:15:35,477 - Step 01149: 3555.4138 E_h, exp. variance=0.6997 E_h^2, pmove=0.54
2026-05-29 17:15:35,628 - Step 01150: 3556.3572 E_h, exp. variance=0.6335 E_h^2, pmove=0.56
2026-05-29 17:15:35,778 - Step 01151: 3556.2395 E_h, exp. variance=0.5706 E_h^2, pmove=0.55
2026-05-29 17:15:35,930 - Step 01152: 3556.6958 E_h, exp. variance=0.5375 E_h^2, pmove=0.54
2026-05-29 17:15:36,077 - Step 01153: 3556.5483 E_h, exp. variance=0.4928 E_h^2, pmove=0.54
2026-05-29 17:15:36,225 - Step 01154: 3555.6504 E_h, exp. variance=0.4773 E_h^2, pmove=0.53
2026-05-29 17:15:36,378 - Step 01155: 3557.0728 E_h, exp. variance=0.4979 E_h^2, pmove=0.54
2026-05-29 17:15:36,542 - Step 01156: 3556.1807 E_h, exp. variance=0.4491 E_h^2, pmove=0.53
2026-05-29 17:15:36,706 - Step 01157: 3556.6133 E_h, exp. variance=0.4144 E_h^2, pmove=0.54
2026-05-29 17:15:36,854 - Step 01158: 3556.8911 E_h, exp. variance=0.4032 E_h^2, pmove=0.54
2026-05-29 17:15:37,003 - Step 01159: 3556.3533 E_h, exp. variance=0.3629 E_h^2, pmove=0.55
2026-05-29 17:15:37,166 - Step 01160: 3555.6567 E_h, exp. variance=0.3721 E_h^2, pmove=0.54
2026-05-29 17:15:37,345 - Step 01161: 3555.9961 E_h, exp. variance=0.3430 E_h^2, pmove=0.54
2026-05-29 17:15:37,492 - Step 01162: 3555.2578 E_h, exp. variance=0.4003 E_h^2, pmove=0.54
2026-05-29 17:15:37,638 - Step 01163: 3557.1804 E_h, exp. variance=0.4529 E_h^2, pmove=0.55
2026-05-29 17:15:37,787 - Step 01164: 3556.2625 E_h, exp. variance=0.4076 E_h^2, pmove=0.54
2026-05-29 17:15:37,939 - Step 01165: 3557.3359 E_h, exp. variance=0.4697 E_h^2, pmove=0.55
2026-05-29 17:15:38,088 - Step 01166: 3554.8464 E_h, exp. variance=0.6327 E_h^2, pmove=0.54
2026-05-29 17:15:38,233 - Step 01167: 3556.1074 E_h, exp. variance=0.5706 E_h^2, pmove=0.55
2026-05-29 17:15:38,380 - Step 01168: 3556.6235 E_h, exp. variance=0.5290 E_h^2, pmove=0.54
2026-05-29 17:15:38,527 - Step 01169: 3557.2937 E_h, exp. variance=0.5739 E_h^2, pmove=0.54
2026-05-29 17:15:38,673 - Step 01170: 3556.6860 E_h, exp. variance=0.5264 E_h^2, pmove=0.54
2026-05-29 17:15:38,821 - Step 01171: 3556.5830 E_h, exp. variance=0.4772 E_h^2, pmove=0.55
2026-05-29 17:15:38,971 - Step 01172: 3556.0415 E_h, exp. variance=0.4415 E_h^2, pmove=0.55
2026-05-29 17:15:39,128 - Step 01173: 3556.3960 E_h, exp. variance=0.3974 E_h^2, pmove=0.54
2026-05-29 17:15:39,276 - Step 01174: 3555.9146 E_h, exp. variance=0.3766 E_h^2, pmove=0.54
2026-05-29 17:15:39,425 - Step 01175: 3557.4009 E_h, exp. variance=0.4426 E_h^2, pmove=0.55
2026-05-29 17:15:39,581 - Step 01176: 3556.8975 E_h, exp. variance=0.4176 E_h^2, pmove=0.54
2026-05-29 17:15:39,729 - Step 01177: 3555.6772 E_h, exp. variance=0.4340 E_h^2, pmove=0.54
2026-05-29 17:15:39,880 - Step 01178: 3557.4282 E_h, exp. variance=0.4856 E_h^2, pmove=0.54
2026-05-29 17:15:40,040 - Step 01179: 3555.5796 E_h, exp. variance=0.5139 E_h^2, pmove=0.55
2026-05-29 17:15:40,192 - Step 01180: 3555.4324 E_h, exp. variance=0.5487 E_h^2, pmove=0.54
2026-05-29 17:15:40,357 - Step 01181: 3555.5671 E_h, exp. variance=0.5440 E_h^2, pmove=0.54
2026-05-29 17:15:40,503 - Step 01182: 3556.8062 E_h, exp. variance=0.5186 E_h^2, pmove=0.54
2026-05-29 17:15:40,650 - Step 01183: 3556.6631 E_h, exp. variance=0.4789 E_h^2, pmove=0.55
2026-05-29 17:15:40,797 - Step 01184: 3556.0657 E_h, exp. variance=0.4374 E_h^2, pmove=0.54
2026-05-29 17:15:40,945 - Step 01185: 3557.3616 E_h, exp. variance=0.4940 E_h^2, pmove=0.55
2026-05-29 17:15:41,089 - Step 01186: 3556.0093 E_h, exp. variance=0.4591 E_h^2, pmove=0.55
2026-05-29 17:15:41,236 - Step 01187: 3556.8770 E_h, exp. variance=0.4363 E_h^2, pmove=0.55
2026-05-29 17:15:41,381 - Step 01188: 3556.2676 E_h, exp. variance=0.3948 E_h^2, pmove=0.54
2026-05-29 17:15:41,526 - Step 01189: 3556.9473 E_h, exp. variance=0.3817 E_h^2, pmove=0.55
2026-05-29 17:15:41,674 - Step 01190: 3555.8062 E_h, exp. variance=0.3820 E_h^2, pmove=0.54
2026-05-29 17:15:41,822 - Step 01191: 3556.4380 E_h, exp. variance=0.3440 E_h^2, pmove=0.54
2026-05-29 17:15:41,968 - Step 01192: 3555.7224 E_h, exp. variance=0.3508 E_h^2, pmove=0.54
2026-05-29 17:15:42,113 - Step 01193: 3556.5483 E_h, exp. variance=0.3199 E_h^2, pmove=0.55
2026-05-29 17:15:42,260 - Step 01194: 3555.4839 E_h, exp. variance=0.3560 E_h^2, pmove=0.54
2026-05-29 17:15:42,407 - Step 01195: 3557.2002 E_h, exp. variance=0.3989 E_h^2, pmove=0.55
2026-05-29 17:15:42,555 - Step 01196: 3556.1335 E_h, exp. variance=0.3636 E_h^2, pmove=0.54
2026-05-29 17:15:42,704 - Step 01197: 3555.8005 E_h, exp. variance=0.3531 E_h^2, pmove=0.55
2026-05-29 17:15:42,851 - Step 01198: 3555.2627 E_h, exp. variance=0.4116 E_h^2, pmove=0.55
2026-05-29 17:15:43,001 - Step 01199: 3555.9292 E_h, exp. variance=0.3762 E_h^2, pmove=0.54
2026-05-29 17:15:43,148 - Step 01200: 3556.4233 E_h, exp. variance=0.3450 E_h^2, pmove=0.54
2026-05-29 17:15:43,295 - Step 01201: 3555.9341 E_h, exp. variance=0.3160 E_h^2, pmove=0.55
2026-05-29 17:15:43,441 - Step 01202: 3558.2651 E_h, exp. variance=0.6841 E_h^2, pmove=0.55
2026-05-29 17:15:43,600 - Step 01203: 3555.5869 E_h, exp. variance=0.6706 E_h^2, pmove=0.54
2026-05-29 17:15:43,753 - Step 01204: 3557.4194 E_h, exp. variance=0.7183 E_h^2, pmove=0.55
2026-05-29 17:15:43,913 - Step 01205: 3554.9990 E_h, exp. variance=0.8239 E_h^2, pmove=0.54
2026-05-29 17:15:44,064 - Step 01206: 3557.5713 E_h, exp. variance=0.8956 E_h^2, pmove=0.55
2026-05-29 17:15:44,064 - Saving checkpoint results/bilayer-bosons/BosonNet/N10_layers10_0_rs0.5_d0.0_D50.0_sq/qmcjax_ckpt_001206.npz
2026-05-29 17:15:44,331 - Step 01207: 3555.9058 E_h, exp. variance=0.8275 E_h^2, pmove=0.54
2026-05-29 17:15:44,480 - Step 01208: 3557.0898 E_h, exp. variance=0.7947 E_h^2, pmove=0.55
2026-05-29 17:15:44,629 - Step 01209: 3557.4214 E_h, exp. variance=0.8056 E_h^2, pmove=0.54
2026-05-29 17:15:44,778 - Step 01210: 3557.4590 E_h, exp. variance=0.8044 E_h^2, pmove=0.54
2026-05-29 17:15:44,934 - Step 01211: 3556.4326 E_h, exp. variance=0.7269 E_h^2, pmove=0.54
2026-05-29 17:15:45,082 - Step 01212: 3556.8748 E_h, exp. variance=0.6613 E_h^2, pmove=0.54
2026-05-29 17:15:45,229 - Step 01213: 3555.8853 E_h, exp. variance=0.6442 E_h^2, pmove=0.53
2026-05-29 17:15:45,376 - Step 01214: 3556.8674 E_h, exp. variance=0.5888 E_h^2, pmove=0.54
2026-05-29 17:15:45,525 - Step 01215: 3556.7109 E_h, exp. variance=0.5315 E_h^2, pmove=0.55
2026-05-29 17:15:45,672 - Step 01216: 3557.6011 E_h, exp. variance=0.5696 E_h^2, pmove=0.55
2026-05-29 17:15:45,820 - Step 01217: 3556.1877 E_h, exp. variance=0.5357 E_h^2, pmove=0.54
2026-05-29 17:15:45,968 - Step 01218: 3556.8701 E_h, exp. variance=0.4868 E_h^2, pmove=0.55
2026-05-29 17:15:46,115 - Step 01219: 3555.7847 E_h, exp. variance=0.5081 E_h^2, pmove=0.53
2026-05-29 17:15:46,267 - Step 01220: 3556.5610 E_h, exp. variance=0.4573 E_h^2, pmove=0.55
2026-05-29 17:15:46,417 - Step 01221: 3555.1738 E_h, exp. variance=0.5888 E_h^2, pmove=0.54
2026-05-29 17:15:46,566 - Step 01222: 3556.4492 E_h, exp. variance=0.5299 E_h^2, pmove=0.55
2026-05-29 17:15:46,712 - Step 01223: 3556.1738 E_h, exp. variance=0.4832 E_h^2, pmove=0.54
2026-05-29 17:15:46,859 - Step 01224: 3556.2498 E_h, exp. variance=0.4372 E_h^2, pmove=0.55
2026-05-29 17:15:47,006 - Step 01225: 3555.4067 E_h, exp. variance=0.4814 E_h^2, pmove=0.54
2026-05-29 17:15:47,154 - Step 01226: 3556.3984 E_h, exp. variance=0.4342 E_h^2, pmove=0.55
2026-05-29 17:15:47,301 - Step 01227: 3556.8921 E_h, exp. variance=0.4217 E_h^2, pmove=0.55
2026-05-29 17:15:47,448 - Step 01228: 3557.2861 E_h, exp. variance=0.4558 E_h^2, pmove=0.54
2026-05-29 17:15:47,594 - Step 01229: 3556.5664 E_h, exp. variance=0.4113 E_h^2, pmove=0.55
2026-05-29 17:15:47,741 - Step 01230: 3555.9229 E_h, exp. variance=0.3970 E_h^2, pmove=0.53
2026-05-29 17:15:47,887 - Step 01231: 3556.6475 E_h, exp. variance=0.3622 E_h^2, pmove=0.55
2026-05-29 17:15:48,043 - Step 01232: 3556.0359 E_h, exp. variance=0.3405 E_h^2, pmove=0.54
2026-05-29 17:15:48,191 - Step 01233: 3556.5847 E_h, exp. variance=0.3096 E_h^2, pmove=0.55
2026-05-29 17:15:48,338 - Step 01234: 3555.1033 E_h, exp. variance=0.4337 E_h^2, pmove=0.53
2026-05-29 17:15:48,486 - Step 01235: 3555.9626 E_h, exp. variance=0.3997 E_h^2, pmove=0.55
2026-05-29 17:15:48,632 - Step 01236: 3556.4092 E_h, exp. variance=0.3619 E_h^2, pmove=0.54
2026-05-29 17:15:48,780 - Step 01237: 3557.5674 E_h, exp. variance=0.4777 E_h^2, pmove=0.55
2026-05-29 17:15:48,932 - Step 01238: 3555.5376 E_h, exp. variance=0.4965 E_h^2, pmove=0.54
2026-05-29 17:15:49,082 - Step 01239: 3556.2043 E_h, exp. variance=0.4479 E_h^2, pmove=0.55
2026-05-29 17:15:49,232 - Step 01240: 3554.8779 E_h, exp. variance=0.5854 E_h^2, pmove=0.54
2026-05-29 17:15:49,384 - Step 01241: 3556.5107 E_h, exp. variance=0.5380 E_h^2, pmove=0.55
2026-05-29 17:15:49,533 - Step 01242: 3556.1807 E_h, exp. variance=0.4843 E_h^2, pmove=0.54
2026-05-29 17:15:49,683 - Step 01243: 3555.5142 E_h, exp. variance=0.4773 E_h^2, pmove=0.55
2026-05-29 17:15:49,838 - Step 01244: 3555.4497 E_h, exp. variance=0.4706 E_h^2, pmove=0.55
2026-05-29 17:15:49,988 - Step 01245: 3556.1929 E_h, exp. variance=0.4252 E_h^2, pmove=0.54
2026-05-29 17:15:50,136 - Step 01246: 3555.2607 E_h, exp. variance=0.4417 E_h^2, pmove=0.55
2026-05-29 17:15:50,288 - Step 01247: 3556.7378 E_h, exp. variance=0.4479 E_h^2, pmove=0.55
2026-05-29 17:15:50,441 - Step 01248: 3556.3186 E_h, exp. variance=0.4089 E_h^2, pmove=0.55
2026-05-29 17:15:50,590 - Step 01249: 3557.1626 E_h, exp. variance=0.4716 E_h^2, pmove=0.55
2026-05-29 17:15:50,737 - Step 01250: 3556.8398 E_h, exp. variance=0.4616 E_h^2, pmove=0.55
2026-05-29 17:15:50,886 - Step 01251: 3557.2690 E_h, exp. variance=0.5069 E_h^2, pmove=0.55
2026-05-29 17:15:51,038 - Step 01252: 3556.8857 E_h, exp. variance=0.4809 E_h^2, pmove=0.55
2026-05-29 17:15:51,189 - Step 01253: 3556.6218 E_h, exp. variance=0.4367 E_h^2, pmove=0.54
2026-05-29 17:15:51,336 - Step 01254: 3555.6594 E_h, exp. variance=0.4472 E_h^2, pmove=0.54
2026-05-29 17:15:51,485 - Step 01255: 3555.4961 E_h, exp. variance=0.4693 E_h^2, pmove=0.55
2026-05-29 17:15:51,652 - Step 01256: 3556.2188 E_h, exp. variance=0.4226 E_h^2, pmove=0.55
2026-05-29 17:15:51,799 - Step 01257: 3555.8984 E_h, exp. variance=0.3925 E_h^2, pmove=0.55
2026-05-29 17:15:51,950 - Step 01258: 3556.1870 E_h, exp. variance=0.3534 E_h^2, pmove=0.54
2026-05-29 17:15:52,099 - Step 01259: 3556.3906 E_h, exp. variance=0.3205 E_h^2, pmove=0.54
2026-05-29 17:15:52,248 - Step 01260: 3556.5522 E_h, exp. variance=0.2972 E_h^2, pmove=0.54
2026-05-29 17:15:52,394 - Step 01261: 3555.2910 E_h, exp. variance=0.3542 E_h^2, pmove=0.54
2026-05-29 17:15:52,542 - Step 01262: 3555.3784 E_h, exp. variance=0.3758 E_h^2, pmove=0.54
2026-05-29 17:15:52,694 - Step 01263: 3554.8389 E_h, exp. variance=0.4802 E_h^2, pmove=0.55
2026-05-29 17:15:52,844 - Step 01264: 3556.4778 E_h, exp. variance=0.4555 E_h^2, pmove=0.55
2026-05-29 17:15:52,992 - Step 01265: 3556.1689 E_h, exp. variance=0.4119 E_h^2, pmove=0.54
2026-05-29 17:15:53,144 - Step 01266: 3557.1626 E_h, exp. variance=0.4852 E_h^2, pmove=0.54
2026-05-29 17:15:53,297 - Step 01267: 3555.7761 E_h, exp. variance=0.4491 E_h^2, pmove=0.55
2026-05-29 17:15:53,450 - Step 01268: 3556.8726 E_h, exp. variance=0.4564 E_h^2, pmove=0.53
2026-05-29 17:15:53,598 - Step 01269: 3557.2104 E_h, exp. variance=0.5051 E_h^2, pmove=0.55
2026-05-29 17:15:53,751 - Step 01270: 3555.4072 E_h, exp. variance=0.5246 E_h^2, pmove=0.54
2026-05-29 17:15:53,904 - Step 01271: 3556.4277 E_h, exp. variance=0.4768 E_h^2, pmove=0.54
2026-05-29 17:15:54,053 - Step 01272: 3555.6675 E_h, exp. variance=0.4569 E_h^2, pmove=0.54
2026-05-29 17:15:54,202 - Step 01273: 3555.6592 E_h, exp. variance=0.4345 E_h^2, pmove=0.55
2026-05-29 17:15:54,349 - Step 01274: 3554.7607 E_h, exp. variance=0.5567 E_h^2, pmove=0.55
2026-05-29 17:15:54,497 - Step 01275: 3555.3862 E_h, exp. variance=0.5329 E_h^2, pmove=0.55
2026-05-29 17:15:54,644 - Step 01276: 3556.3232 E_h, exp. variance=0.4941 E_h^2, pmove=0.54
2026-05-29 17:15:54,792 - Step 01277: 3555.6060 E_h, exp. variance=0.4561 E_h^2, pmove=0.54
2026-05-29 17:15:54,940 - Step 01278: 3556.4932 E_h, exp. variance=0.4394 E_h^2, pmove=0.55
2026-05-29 17:15:55,087 - Step 01279: 3556.2075 E_h, exp. variance=0.4000 E_h^2, pmove=0.54
2026-05-29 17:15:55,236 - Step 01280: 3556.2356 E_h, exp. variance=0.3648 E_h^2, pmove=0.55
2026-05-29 17:15:55,385 - Step 01281: 3555.7559 E_h, exp. variance=0.3350 E_h^2, pmove=0.54
2026-05-29 17:15:55,532 - Step 01282: 3556.5205 E_h, exp. variance=0.3258 E_h^2, pmove=0.55
2026-05-29 17:15:55,681 - Step 01283: 3555.5679 E_h, exp. variance=0.3144 E_h^2, pmove=0.55
2026-05-29 17:15:55,830 - Step 01284: 3557.8765 E_h, exp. variance=0.5984 E_h^2, pmove=0.55
2026-05-29 17:15:55,979 - Step 01285: 3554.9258 E_h, exp. variance=0.6827 E_h^2, pmove=0.54
2026-05-29 17:15:56,127 - Step 01286: 3556.5232 E_h, exp. variance=0.6334 E_h^2, pmove=0.55
2026-05-29 17:15:56,274 - Step 01287: 3555.9307 E_h, exp. variance=0.5729 E_h^2, pmove=0.54
2026-05-29 17:15:56,422 - Step 01288: 3557.3396 E_h, exp. variance=0.6556 E_h^2, pmove=0.55
2026-05-29 17:15:56,569 - Step 01289: 3556.1611 E_h, exp. variance=0.5903 E_h^2, pmove=0.54
2026-05-29 17:15:56,717 - Step 01290: 3555.8521 E_h, exp. variance=0.5429 E_h^2, pmove=0.54
2026-05-29 17:15:56,863 - Step 01291: 3556.0024 E_h, exp. variance=0.4913 E_h^2, pmove=0.54
2026-05-29 17:15:57,017 - Step 01292: 3555.0986 E_h, exp. variance=0.5433 E_h^2, pmove=0.54
2026-05-29 17:15:57,166 - Step 01293: 3555.9666 E_h, exp. variance=0.4897 E_h^2, pmove=0.55
2026-05-29 17:15:57,316 - Step 01294: 3556.0957 E_h, exp. variance=0.4409 E_h^2, pmove=0.55
2026-05-29 17:15:57,465 - Step 01295: 3556.7012 E_h, exp. variance=0.4351 E_h^2, pmove=0.55
2026-05-29 17:15:57,615 - Step 01296: 3556.5352 E_h, exp. variance=0.4075 E_h^2, pmove=0.54
2026-05-29 17:15:57,762 - Step 01297: 3555.8279 E_h, exp. variance=0.3765 E_h^2, pmove=0.54
2026-05-29 17:15:57,914 - Step 01298: 3557.3799 E_h, exp. variance=0.4809 E_h^2, pmove=0.55
2026-05-29 17:15:58,063 - Step 01299: 3556.2441 E_h, exp. variance=0.4328 E_h^2, pmove=0.54
2026-05-29 17:15:58,215 - Step 01300: 3557.0889 E_h, exp. variance=0.4530 E_h^2, pmove=0.54
2026-05-29 17:15:58,365 - Step 01301: 3561.0952 E_h, exp. variance=2.4490 E_h^2, pmove=0.54
2026-05-29 17:15:58,515 - Step 01302: 3557.6895 E_h, exp. variance=2.2739 E_h^2, pmove=0.54
2026-05-29 17:15:58,664 - Step 01303: 3560.1265 E_h, exp. variance=2.9850 E_h^2, pmove=0.54
2026-05-29 17:15:58,814 - Step 01304: 3556.8281 E_h, exp. variance=2.7003 E_h^2, pmove=0.54
2026-05-29 17:15:58,961 - Step 01305: 3556.0474 E_h, exp. variance=2.5460 E_h^2, pmove=0.54
2026-05-29 17:15:59,111 - Step 01306: 3556.4141 E_h, exp. variance=2.3298 E_h^2, pmove=0.54
2026-05-29 17:15:59,260 - Step 01307: 3555.7048 E_h, exp. variance=2.2483 E_h^2, pmove=0.54
2026-05-29 17:15:59,409 - Step 01308: 3555.5078 E_h, exp. variance=2.1911 E_h^2, pmove=0.55
2026-05-29 17:15:59,561 - Step 01309: 3555.9746 E_h, exp. variance=2.0242 E_h^2, pmove=0.56
2026-05-29 17:15:59,713 - Step 01310: 3555.2852 E_h, exp. variance=1.9919 E_h^2, pmove=0.53
2026-05-29 17:15:59,863 - Step 01311: 3556.5645 E_h, exp. variance=1.7928 E_h^2, pmove=0.55
2026-05-29 17:16:00,018 - Step 01312: 3555.5356 E_h, exp. variance=1.7019 E_h^2, pmove=0.54
2026-05-29 17:16:00,183 - Step 01313: 3555.5254 E_h, exp. variance=1.6050 E_h^2, pmove=0.55
2026-05-29 17:16:00,331 - Step 01314: 3555.2007 E_h, exp. variance=1.5608 E_h^2, pmove=0.54
2026-05-29 17:16:00,479 - Step 01315: 3556.2346 E_h, exp. variance=1.4047 E_h^2, pmove=0.54
2026-05-29 17:16:00,630 - Step 01316: 3555.4102 E_h, exp. variance=1.3239 E_h^2, pmove=0.54
2026-05-29 17:16:00,779 - Step 01317: 3555.9492 E_h, exp. variance=1.1949 E_h^2, pmove=0.55
2026-05-29 17:16:00,928 - Step 01318: 3555.2588 E_h, exp. variance=1.1428 E_h^2, pmove=0.54
2026-05-29 17:16:01,077 - Step 01319: 3555.3191 E_h, exp. variance=1.0749 E_h^2, pmove=0.54
2026-05-29 17:16:01,225 - Step 01320: 3555.2466 E_h, exp. variance=1.0140 E_h^2, pmove=0.54
2026-05-29 17:16:01,373 - Step 01321: 3555.5366 E_h, exp. variance=0.9240 E_h^2, pmove=0.55
2026-05-29 17:16:01,523 - Step 01322: 3555.4736 E_h, exp. variance=0.8449 E_h^2, pmove=0.55
2026-05-29 17:16:01,672 - Step 01323: 3556.2725 E_h, exp. variance=0.7789 E_h^2, pmove=0.55
2026-05-29 17:16:01,823 - Step 01324: 3554.4915 E_h, exp. variance=0.8707 E_h^2, pmove=0.54
2026-05-29 17:16:01,984 - Step 01325: 3556.2490 E_h, exp. variance=0.8081 E_h^2, pmove=0.55
2026-05-29 17:16:02,135 - Step 01326: 3556.0625 E_h, exp. variance=0.7345 E_h^2, pmove=0.55
2026-05-29 17:16:02,287 - Step 01327: 3556.7156 E_h, exp. variance=0.7352 E_h^2, pmove=0.54
2026-05-29 17:16:02,434 - Step 01328: 3555.3191 E_h, exp. variance=0.6919 E_h^2, pmove=0.55
2026-05-29 17:16:02,584 - Step 01329: 3555.8687 E_h, exp. variance=0.6228 E_h^2, pmove=0.54
2026-05-29 17:16:02,734 - Step 01330: 3555.6287 E_h, exp. variance=0.5647 E_h^2, pmove=0.54
2026-05-29 17:16:02,887 - Step 01331: 3556.8394 E_h, exp. variance=0.6013 E_h^2, pmove=0.54
2026-05-29 17:16:03,039 - Step 01332: 3556.7388 E_h, exp. variance=0.6010 E_h^2, pmove=0.54
2026-05-29 17:16:03,186 - Step 01333: 3556.6636 E_h, exp. variance=0.5799 E_h^2, pmove=0.54
2026-05-29 17:16:03,335 - Step 01334: 3555.4814 E_h, exp. variance=0.5532 E_h^2, pmove=0.55
2026-05-29 17:16:03,483 - Step 01335: 3556.2119 E_h, exp. variance=0.5015 E_h^2, pmove=0.55
2026-05-29 17:16:03,631 - Step 01336: 3555.9795 E_h, exp. variance=0.4516 E_h^2, pmove=0.54
2026-05-29 17:16:03,780 - Step 01337: 3556.4707 E_h, exp. variance=0.4241 E_h^2, pmove=0.54
2026-05-29 17:16:03,928 - Step 01338: 3555.5933 E_h, exp. variance=0.4023 E_h^2, pmove=0.54
2026-05-29 17:16:04,076 - Step 01339: 3556.2441 E_h, exp. variance=0.3665 E_h^2, pmove=0.54
2026-05-29 17:16:04,224 - Step 01340: 3556.0273 E_h, exp. variance=0.3298 E_h^2, pmove=0.55
2026-05-29 17:16:04,371 - Step 01341: 3557.6736 E_h, exp. variance=0.5359 E_h^2, pmove=0.54
2026-05-29 17:16:04,520 - Step 01342: 3557.6824 E_h, exp. variance=0.6783 E_h^2, pmove=0.54
2026-05-29 17:16:04,669 - Step 01343: 3555.3877 E_h, exp. variance=0.6946 E_h^2, pmove=0.55
2026-05-29 17:16:04,817 - Step 01344: 3554.9829 E_h, exp. variance=0.7713 E_h^2, pmove=0.54
2026-05-29 17:16:04,966 - Step 01345: 3555.1177 E_h, exp. variance=0.7865 E_h^2, pmove=0.55
2026-05-29 17:16:05,114 - Step 01346: 3554.5488 E_h, exp. variance=0.9049 E_h^2, pmove=0.53
2026-05-29 17:16:05,263 - Step 01347: 3555.7183 E_h, exp. variance=0.8168 E_h^2, pmove=0.55
2026-05-29 17:16:05,411 - Step 01348: 3554.9062 E_h, exp. variance=0.8178 E_h^2, pmove=0.55
2026-05-29 17:16:05,563 - Step 01349: 3555.9487 E_h, exp. variance=0.7389 E_h^2, pmove=0.54
2026-05-29 17:16:05,712 - Step 01350: 3555.6157 E_h, exp. variance=0.6677 E_h^2, pmove=0.55
2026-05-29 17:16:05,863 - Step 01351: 3555.1748 E_h, exp. variance=0.6327 E_h^2, pmove=0.54
2026-05-29 17:16:06,018 - Step 01352: 3554.9487 E_h, exp. variance=0.6216 E_h^2, pmove=0.55
2026-05-29 17:16:06,167 - Step 01353: 3555.7456 E_h, exp. variance=0.5606 E_h^2, pmove=0.54
2026-05-29 17:16:06,321 - Step 01354: 3554.2268 E_h, exp. variance=0.6855 E_h^2, pmove=0.54
2026-05-29 17:16:06,473 - Step 01355: 3555.2356 E_h, exp. variance=0.6234 E_h^2, pmove=0.55
2026-05-29 17:16:06,624 - Step 01356: 3554.6287 E_h, exp. variance=0.6257 E_h^2, pmove=0.54
2026-05-29 17:16:06,775 - Step 01357: 3556.1016 E_h, exp. variance=0.6085 E_h^2, pmove=0.54
2026-05-29 17:16:06,925 - Step 01358: 3555.0664 E_h, exp. variance=0.5618 E_h^2, pmove=0.54
2026-05-29 17:16:07,076 - Step 01359: 3555.3335 E_h, exp. variance=0.5064 E_h^2, pmove=0.54
2026-05-29 17:16:07,227 - Step 01360: 3556.9849 E_h, exp. variance=0.6778 E_h^2, pmove=0.55
2026-05-29 17:16:07,378 - Step 01361: 3556.1665 E_h, exp. variance=0.6419 E_h^2, pmove=0.54
2026-05-29 17:16:07,530 - Step 01362: 3556.2651 E_h, exp. variance=0.6140 E_h^2, pmove=0.55
2026-05-29 17:16:07,679 - Step 01363: 3555.5176 E_h, exp. variance=0.5554 E_h^2, pmove=0.54
2026-05-29 17:16:07,826 - Step 01364: 3557.4966 E_h, exp. variance=0.7980 E_h^2, pmove=0.54
2026-05-29 17:16:07,975 - Step 01365: 3556.4768 E_h, exp. variance=0.7526 E_h^2, pmove=0.54
2026-05-29 17:16:08,126 - Step 01366: 3556.4641 E_h, exp. variance=0.7040 E_h^2, pmove=0.55
2026-05-29 17:16:08,275 - Step 01367: 3554.7207 E_h, exp. variance=0.7751 E_h^2, pmove=0.54
2026-05-29 17:16:08,425 - Step 01368: 3555.0154 E_h, exp. variance=0.7601 E_h^2, pmove=0.54
2026-05-29 17:16:08,576 - Step 01369: 3555.2800 E_h, exp. variance=0.7053 E_h^2, pmove=0.55
2026-05-29 17:16:08,730 - Step 01370: 3555.5530 E_h, exp. variance=0.6372 E_h^2, pmove=0.54
2026-05-29 17:16:08,882 - Step 01371: 3556.1255 E_h, exp. variance=0.5897 E_h^2, pmove=0.54
2026-05-29 17:16:09,033 - Step 01372: 3554.6562 E_h, exp. variance=0.6371 E_h^2, pmove=0.54
2026-05-29 17:16:09,183 - Step 01373: 3556.2249 E_h, exp. variance=0.6047 E_h^2, pmove=0.54
2026-05-29 17:16:09,334 - Step 01374: 3554.9873 E_h, exp. variance=0.5892 E_h^2, pmove=0.55
2026-05-29 17:16:09,484 - Step 01375: 3555.9463 E_h, exp. variance=0.5397 E_h^2, pmove=0.55
2026-05-29 17:16:09,634 - Step 01376: 3555.1682 E_h, exp. variance=0.5070 E_h^2, pmove=0.54
2026-05-29 17:16:09,784 - Step 01377: 3555.4609 E_h, exp. variance=0.4582 E_h^2, pmove=0.55
2026-05-29 17:16:09,932 - Step 01378: 3554.9614 E_h, exp. variance=0.4482 E_h^2, pmove=0.55
2026-05-29 17:16:10,082 - Step 01379: 3555.2681 E_h, exp. variance=0.4095 E_h^2, pmove=0.54
2026-05-29 17:16:10,232 - Step 01380: 3554.8813 E_h, exp. variance=0.4033 E_h^2, pmove=0.55
2026-05-29 17:16:10,382 - Step 01381: 3555.8643 E_h, exp. variance=0.3791 E_h^2, pmove=0.54
2026-05-29 17:16:10,532 - Step 01382: 3555.5610 E_h, exp. variance=0.3418 E_h^2, pmove=0.55
2026-05-29 17:16:10,697 - Step 01383: 3555.9788 E_h, exp. variance=0.3290 E_h^2, pmove=0.54
2026-05-29 17:16:10,875 - Step 01384: 3555.5088 E_h, exp. variance=0.2962 E_h^2, pmove=0.54
2026-05-29 17:16:11,055 - Step 01385: 3555.2695 E_h, exp. variance=0.2730 E_h^2, pmove=0.54
2026-05-29 17:16:11,208 - Step 01386: 3555.5369 E_h, exp. variance=0.2458 E_h^2, pmove=0.55
2026-05-29 17:16:11,361 - Step 01387: 3556.6953 E_h, exp. variance=0.3471 E_h^2, pmove=0.55
2026-05-29 17:16:11,512 - Step 01388: 3555.7471 E_h, exp. variance=0.3136 E_h^2, pmove=0.54
2026-05-29 17:16:11,662 - Step 01389: 3556.0305 E_h, exp. variance=0.2958 E_h^2, pmove=0.54
2026-05-29 17:16:11,810 - Step 01390: 3555.1782 E_h, exp. variance=0.2890 E_h^2, pmove=0.54
2026-05-29 17:16:11,958 - Step 01391: 3556.8037 E_h, exp. variance=0.3839 E_h^2, pmove=0.55
2026-05-29 17:16:12,107 - Step 01392: 3556.1001 E_h, exp. variance=0.3566 E_h^2, pmove=0.54
2026-05-29 17:16:12,256 - Step 01393: 3556.6826 E_h, exp. variance=0.3937 E_h^2, pmove=0.54
2026-05-29 17:16:12,406 - Step 01394: 3555.7869 E_h, exp. variance=0.3550 E_h^2, pmove=0.54
2026-05-29 17:16:12,556 - Step 01395: 3556.1489 E_h, exp. variance=0.3268 E_h^2, pmove=0.54
2026-05-29 17:16:12,705 - Step 01396: 3556.3584 E_h, exp. variance=0.3136 E_h^2, pmove=0.54
2026-05-29 17:16:12,857 - Step 01397: 3555.2742 E_h, exp. variance=0.3221 E_h^2, pmove=0.54
2026-05-29 17:16:13,011 - Step 01398: 3556.2065 E_h, exp. variance=0.2999 E_h^2, pmove=0.54
2026-05-29 17:16:13,165 - Step 01399: 3554.7532 E_h, exp. variance=0.3896 E_h^2, pmove=0.54
2026-05-29 17:16:13,315 - Step 01400: 3555.9214 E_h, exp. variance=0.3522 E_h^2, pmove=0.54
2026-05-29 17:16:13,464 - Step 01401: 3555.1719 E_h, exp. variance=0.3529 E_h^2, pmove=0.54
2026-05-29 17:16:13,615 - Step 01402: 3555.5598 E_h, exp. variance=0.3206 E_h^2, pmove=0.55
2026-05-29 17:16:13,764 - Step 01403: 3556.2217 E_h, exp. variance=0.3109 E_h^2, pmove=0.54
2026-05-29 17:16:13,913 - Step 01404: 3556.0442 E_h, exp. variance=0.2865 E_h^2, pmove=0.54
2026-05-29 17:16:14,061 - Step 01405: 3556.1270 E_h, exp. variance=0.2675 E_h^2, pmove=0.54
2026-05-29 17:16:14,209 - Step 01406: 3555.1887 E_h, exp. variance=0.2780 E_h^2, pmove=0.54
2026-05-29 17:16:14,356 - Step 01407: 3555.6348 E_h, exp. variance=0.2518 E_h^2, pmove=0.54
2026-05-29 17:16:14,503 - Step 01408: 3556.2520 E_h, exp. variance=0.2489 E_h^2, pmove=0.55
2026-05-29 17:16:14,650 - Step 01409: 3556.0945 E_h, exp. variance=0.2316 E_h^2, pmove=0.55
2026-05-29 17:16:14,798 - Step 01410: 3556.3584 E_h, exp. variance=0.2332 E_h^2, pmove=0.55
2026-05-29 17:16:14,948 - Step 01411: 3554.3184 E_h, exp. variance=0.4311 E_h^2, pmove=0.54
2026-05-29 17:16:15,102 - Step 01412: 3555.6826 E_h, exp. variance=0.3882 E_h^2, pmove=0.55
2026-05-29 17:16:15,261 - Step 01413: 3555.3594 E_h, exp. variance=0.3613 E_h^2, pmove=0.54
2026-05-29 17:16:15,408 - Step 01414: 3555.4380 E_h, exp. variance=0.3308 E_h^2, pmove=0.55
2026-05-29 17:16:15,556 - Step 01415: 3555.6670 E_h, exp. variance=0.2978 E_h^2, pmove=0.54
2026-05-29 17:16:15,705 - Step 01416: 3556.3186 E_h, exp. variance=0.3066 E_h^2, pmove=0.55
2026-05-29 17:16:16,557 - Step 01417: 3555.0054 E_h, exp. variance=0.3231 E_h^2, pmove=0.54
2026-05-29 17:16:16,707 - Step 01418: 3555.5576 E_h, exp. variance=0.2916 E_h^2, pmove=0.55
2026-05-29 17:16:16,856 - Step 01419: 3554.1677 E_h, exp. variance=0.4593 E_h^2, pmove=0.54
2026-05-29 17:16:17,004 - Step 01420: 3556.1484 E_h, exp. variance=0.4514 E_h^2, pmove=0.55
2026-05-29 17:16:17,155 - Step 01421: 3555.3657 E_h, exp. variance=0.4098 E_h^2, pmove=0.54
2026-05-29 17:16:17,309 - Step 01422: 3555.6064 E_h, exp. variance=0.3692 E_h^2, pmove=0.55
2026-05-29 17:16:17,474 - Step 01423: 3554.8135 E_h, exp. variance=0.3811 E_h^2, pmove=0.54
2026-05-29 17:16:17,641 - Step 01424: 3555.3779 E_h, exp. variance=0.3439 E_h^2, pmove=0.55
2026-05-29 17:16:17,792 - Step 01425: 3555.1333 E_h, exp. variance=0.3195 E_h^2, pmove=0.54
2026-05-29 17:16:17,943 - Step 01426: 3554.9324 E_h, exp. variance=0.3101 E_h^2, pmove=0.55
2026-05-29 17:16:18,092 - Step 01427: 3555.1025 E_h, exp. variance=0.2862 E_h^2, pmove=0.54
2026-05-29 17:16:18,242 - Step 01428: 3555.7510 E_h, exp. variance=0.2717 E_h^2, pmove=0.55
2026-05-29 17:16:18,393 - Step 01429: 3555.2014 E_h, exp. variance=0.2479 E_h^2, pmove=0.54
2026-05-29 17:16:18,543 - Step 01430: 3556.6001 E_h, exp. variance=0.3581 E_h^2, pmove=0.54
2026-05-29 17:16:18,693 - Step 01431: 3555.3052 E_h, exp. variance=0.3256 E_h^2, pmove=0.55
2026-05-29 17:16:18,842 - Step 01432: 3555.9861 E_h, exp. variance=0.3162 E_h^2, pmove=0.55
2026-05-29 17:16:18,992 - Step 01433: 3555.1567 E_h, exp. variance=0.2971 E_h^2, pmove=0.54
2026-05-29 17:16:19,142 - Step 01434: 3556.4304 E_h, exp. variance=0.3466 E_h^2, pmove=0.55
2026-05-29 17:16:19,292 - Step 01435: 3555.9673 E_h, exp. variance=0.3250 E_h^2, pmove=0.54
2026-05-29 17:16:19,444 - Step 01436: 3556.6094 E_h, exp. variance=0.3799 E_h^2, pmove=0.55
2026-05-29 17:16:19,594 - Step 01437: 3556.0249 E_h, exp. variance=0.3501 E_h^2, pmove=0.54
2026-05-29 17:16:19,743 - Step 01438: 3556.5293 E_h, exp. variance=0.3694 E_h^2, pmove=0.54
2026-05-29 17:16:19,892 - Step 01439: 3556.0388 E_h, exp. variance=0.3363 E_h^2, pmove=0.54
2026-05-29 17:16:20,060 - Step 01440: 3554.9370 E_h, exp. variance=0.3779 E_h^2, pmove=0.54
2026-05-29 17:16:20,212 - Step 01441: 3556.0391 E_h, exp. variance=0.3472 E_h^2, pmove=0.55
2026-05-29 17:16:20,363 - Step 01442: 3555.9658 E_h, exp. variance=0.3153 E_h^2, pmove=0.54
2026-05-29 17:16:20,514 - Step 01443: 3556.1504 E_h, exp. variance=0.2945 E_h^2, pmove=0.55
2026-05-29 17:16:20,664 - Step 01444: 3555.7900 E_h, exp. variance=0.2653 E_h^2, pmove=0.55
2026-05-29 17:16:20,813 - Step 01445: 3555.4211 E_h, exp. variance=0.2542 E_h^2, pmove=0.55
2026-05-29 17:16:20,962 - Step 01446: 3554.9609 E_h, exp. variance=0.2911 E_h^2, pmove=0.54
2026-05-29 17:16:21,113 - Step 01447: 3555.3013 E_h, exp. variance=0.2771 E_h^2, pmove=0.56
2026-05-29 17:16:21,264 - Step 01448: 3555.8652 E_h, exp. variance=0.2528 E_h^2, pmove=0.54
2026-05-29 17:16:21,414 - Step 01449: 3555.8274 E_h, exp. variance=0.2292 E_h^2, pmove=0.54
2026-05-29 17:16:21,564 - Step 01450: 3554.4370 E_h, exp. variance=0.3505 E_h^2, pmove=0.54
2026-05-29 17:16:21,722 - Step 01451: 3556.4644 E_h, exp. variance=0.3865 E_h^2, pmove=0.55
2026-05-29 17:16:21,875 - Step 01452: 3554.4590 E_h, exp. variance=0.4787 E_h^2, pmove=0.54
2026-05-29 17:16:22,029 - Step 01453: 3555.4922 E_h, exp. variance=0.4311 E_h^2, pmove=0.54
2026-05-29 17:16:22,179 - Step 01454: 3555.2400 E_h, exp. variance=0.3961 E_h^2, pmove=0.54
2026-05-29 17:16:22,328 - Step 01455: 3555.8027 E_h, exp. variance=0.3642 E_h^2, pmove=0.55
2026-05-29 17:16:22,478 - Step 01456: 3555.2432 E_h, exp. variance=0.3356 E_h^2, pmove=0.54
2026-05-29 17:16:22,629 - Step 01457: 3555.6899 E_h, exp. variance=0.3050 E_h^2, pmove=0.55
2026-05-29 17:16:22,781 - Step 01458: 3555.9111 E_h, exp. variance=0.2878 E_h^2, pmove=0.55
2026-05-29 17:16:22,934 - Step 01459: 3556.0603 E_h, exp. variance=0.2811 E_h^2, pmove=0.55
2026-05-29 17:16:23,083 - Step 01460: 3555.4529 E_h, exp. variance=0.2553 E_h^2, pmove=0.55
2026-05-29 17:16:23,237 - Step 01461: 3555.5356 E_h, exp. variance=0.2301 E_h^2, pmove=0.55
2026-05-29 17:16:23,394 - Step 01462: 3556.5068 E_h, exp. variance=0.2824 E_h^2, pmove=0.54
2026-05-29 17:16:23,546 - Step 01463: 3555.5156 E_h, exp. variance=0.2567 E_h^2, pmove=0.54
2026-05-29 17:16:23,696 - Step 01464: 3557.0000 E_h, exp. variance=0.3909 E_h^2, pmove=0.55
2026-05-29 17:16:23,847 - Step 01465: 3555.3843 E_h, exp. variance=0.3674 E_h^2, pmove=0.54
2026-05-29 17:16:23,998 - Step 01466: 3555.0327 E_h, exp. variance=0.3781 E_h^2, pmove=0.55
2026-05-29 17:16:24,150 - Step 01467: 3555.1147 E_h, exp. variance=0.3697 E_h^2, pmove=0.55
2026-05-29 17:16:24,300 - Step 01468: 3554.8108 E_h, exp. variance=0.3930 E_h^2, pmove=0.54
2026-05-29 17:16:24,451 - Step 01469: 3554.9041 E_h, exp. variance=0.3909 E_h^2, pmove=0.55
2026-05-29 17:16:24,602 - Step 01470: 3555.4121 E_h, exp. variance=0.3523 E_h^2, pmove=0.54
2026-05-29 17:16:24,754 - Step 01471: 3555.3374 E_h, exp. variance=0.3188 E_h^2, pmove=0.54
2026-05-29 17:16:24,905 - Step 01472: 3555.4709 E_h, exp. variance=0.2869 E_h^2, pmove=0.55
2026-05-29 17:16:25,055 - Step 01473: 3556.5598 E_h, exp. variance=0.3665 E_h^2, pmove=0.54
2026-05-29 17:16:25,206 - Step 01474: 3557.0615 E_h, exp. variance=0.5294 E_h^2, pmove=0.54
2026-05-29 17:16:25,357 - Step 01475: 3555.9736 E_h, exp. variance=0.4822 E_h^2, pmove=0.54
2026-05-29 17:16:25,510 - Step 01476: 3555.8020 E_h, exp. variance=0.4343 E_h^2, pmove=0.54
2026-05-29 17:16:25,663 - Step 01477: 3555.8723 E_h, exp. variance=0.3921 E_h^2, pmove=0.54
2026-05-29 17:16:25,816 - Step 01478: 3555.5144 E_h, exp. variance=0.3585 E_h^2, pmove=0.54
2026-05-29 17:16:25,966 - Step 01479: 3556.7881 E_h, exp. variance=0.4217 E_h^2, pmove=0.55
2026-05-29 17:16:26,115 - Step 01480: 3555.7244 E_h, exp. variance=0.3808 E_h^2, pmove=0.54
2026-05-29 17:16:26,266 - Step 01481: 3555.2642 E_h, exp. variance=0.3718 E_h^2, pmove=0.55
2026-05-29 17:16:26,417 - Step 01482: 3555.2939 E_h, exp. variance=0.3555 E_h^2, pmove=0.54
2026-05-29 17:16:26,567 - Step 01483: 3556.0278 E_h, exp. variance=0.3280 E_h^2, pmove=0.55
2026-05-29 17:16:26,716 - Step 01484: 3554.8330 E_h, exp. variance=0.3721 E_h^2, pmove=0.55
2026-05-29 17:16:26,866 - Step 01485: 3555.3403 E_h, exp. variance=0.3444 E_h^2, pmove=0.55
2026-05-29 17:16:27,018 - Step 01486: 3554.5881 E_h, exp. variance=0.4081 E_h^2, pmove=0.54
2026-05-29 17:16:27,178 - Step 01487: 3554.4563 E_h, exp. variance=0.4706 E_h^2, pmove=0.55
2026-05-29 17:16:27,337 - Step 01488: 3554.8069 E_h, exp. variance=0.4575 E_h^2, pmove=0.55
2026-05-29 17:16:27,495 - Step 01489: 3554.7708 E_h, exp. variance=0.4429 E_h^2, pmove=0.55
2026-05-29 17:16:27,646 - Step 01490: 3554.8848 E_h, exp. variance=0.4142 E_h^2, pmove=0.55
2026-05-29 17:16:27,800 - Step 01491: 3555.3569 E_h, exp. variance=0.3736 E_h^2, pmove=0.55
2026-05-29 17:16:27,951 - Step 01492: 3554.9766 E_h, exp. variance=0.3439 E_h^2, pmove=0.55
2026-05-29 17:16:28,110 - Step 01493: 3555.2690 E_h, exp. variance=0.3096 E_h^2, pmove=0.54
2026-05-29 17:16:28,265 - Step 01494: 3555.0703 E_h, exp. variance=0.2813 E_h^2, pmove=0.54
2026-05-29 17:16:28,420 - Step 01495: 3556.4761 E_h, exp. variance=0.3940 E_h^2, pmove=0.54
2026-05-29 17:16:28,574 - Step 01496: 3554.5112 E_h, exp. variance=0.4180 E_h^2, pmove=0.54
2026-05-29 17:16:28,730 - Step 01497: 3555.2222 E_h, exp. variance=0.3763 E_h^2, pmove=0.55
2026-05-29 17:16:28,885 - Step 01498: 3555.4050 E_h, exp. variance=0.3406 E_h^2, pmove=0.54
2026-05-29 17:16:29,040 - Step 01499: 3554.7925 E_h, exp. variance=0.3276 E_h^2, pmove=0.54
2026-05-29 17:16:29,194 - Step 01500: 3555.4199 E_h, exp. variance=0.2981 E_h^2, pmove=0.55
2026-05-29 17:16:29,346 - Step 01501: 3554.3179 E_h, exp. variance=0.3460 E_h^2, pmove=0.55
2026-05-29 17:16:29,497 - Step 01502: 3555.3555 E_h, exp. variance=0.3151 E_h^2, pmove=0.55
2026-05-29 17:16:29,645 - Step 01503: 3554.3130 E_h, exp. variance=0.3503 E_h^2, pmove=0.55
2026-05-29 17:16:29,794 - Step 01504: 3554.7917 E_h, exp. variance=0.3232 E_h^2, pmove=0.55
2026-05-29 17:16:29,944 - Step 01505: 3554.0649 E_h, exp. variance=0.3797 E_h^2, pmove=0.55
2026-05-29 17:16:30,093 - Step 01506: 3555.9084 E_h, exp. variance=0.4229 E_h^2, pmove=0.55
2026-05-29 17:16:30,244 - Step 01507: 3555.3516 E_h, exp. variance=0.3885 E_h^2, pmove=0.55
2026-05-29 17:16:30,394 - Step 01508: 3555.2617 E_h, exp. variance=0.3525 E_h^2, pmove=0.54
2026-05-29 17:16:30,544 - Step 01509: 3555.8022 E_h, exp. variance=0.3614 E_h^2, pmove=0.55
2026-05-29 17:16:30,694 - Step 01510: 3555.7229 E_h, exp. variance=0.3526 E_h^2, pmove=0.55
2026-05-29 17:16:30,853 - Step 01511: 3555.9019 E_h, exp. variance=0.3583 E_h^2, pmove=0.55
2026-05-29 17:16:31,007 - Step 01512: 3555.1748 E_h, exp. variance=0.3238 E_h^2, pmove=0.55
2026-05-29 17:16:31,157 - Step 01513: 3554.7915 E_h, exp. variance=0.3131 E_h^2, pmove=0.54
2026-05-29 17:16:31,307 - Step 01514: 3555.2021 E_h, exp. variance=0.2819 E_h^2, pmove=0.55
2026-05-29 17:16:31,456 - Step 01515: 3556.0059 E_h, exp. variance=0.3078 E_h^2, pmove=0.55
2026-05-29 17:16:31,605 - Step 01516: 3554.8391 E_h, exp. variance=0.2968 E_h^2, pmove=0.54
2026-05-29 17:16:31,754 - Step 01517: 3555.8188 E_h, exp. variance=0.2952 E_h^2, pmove=0.54
2026-05-29 17:16:31,904 - Step 01518: 3556.0625 E_h, exp. variance=0.3157 E_h^2, pmove=0.54
2026-05-29 17:16:32,055 - Step 01519: 3555.6213 E_h, exp. variance=0.2889 E_h^2, pmove=0.54
2026-05-29 17:16:32,207 - Step 01520: 3555.5181 E_h, exp. variance=0.2609 E_h^2, pmove=0.54
2026-05-29 17:16:32,373 - Step 01521: 3555.0234 E_h, exp. variance=0.2494 E_h^2, pmove=0.54
2026-05-29 17:16:32,538 - Step 01522: 3555.0471 E_h, exp. variance=0.2347 E_h^2, pmove=0.55
2026-05-29 17:16:32,711 - Step 01523: 3555.5857 E_h, exp. variance=0.2162 E_h^2, pmove=0.55
2026-05-29 17:16:32,865 - Step 01524: 3555.3867 E_h, exp. variance=0.1946 E_h^2, pmove=0.55
2026-05-29 17:16:33,015 - Step 01525: 3554.4619 E_h, exp. variance=0.2503 E_h^2, pmove=0.54
2026-05-29 17:16:33,170 - Step 01526: 3554.8809 E_h, exp. variance=0.2399 E_h^2, pmove=0.55
2026-05-29 17:16:33,330 - Step 01527: 3554.7017 E_h, exp. variance=0.2424 E_h^2, pmove=0.55
2026-05-29 17:16:33,483 - Step 01528: 3553.9062 E_h, exp. variance=0.3665 E_h^2, pmove=0.55
2026-05-29 17:16:33,635 - Step 01529: 3554.4146 E_h, exp. variance=0.3675 E_h^2, pmove=0.54
2026-05-29 17:16:33,790 - Step 01530: 3554.7700 E_h, exp. variance=0.3354 E_h^2, pmove=0.54
2026-05-29 17:16:33,945 - Step 01531: 3554.9358 E_h, exp. variance=0.3020 E_h^2, pmove=0.55
2026-05-29 17:16:34,101 - Step 01532: 3554.8950 E_h, exp. variance=0.2723 E_h^2, pmove=0.54
2026-05-29 17:16:34,257 - Step 01533: 3554.2075 E_h, exp. variance=0.2964 E_h^2, pmove=0.55
2026-05-29 17:16:34,411 - Step 01534: 3554.4116 E_h, exp. variance=0.2871 E_h^2, pmove=0.54
2026-05-29 17:16:34,579 - Step 01535: 3554.3481 E_h, exp. variance=0.2801 E_h^2, pmove=0.55
2026-05-29 17:16:34,734 - Step 01536: 3555.0684 E_h, exp. variance=0.2590 E_h^2, pmove=0.55
2026-05-29 17:16:34,889 - Step 01537: 3555.8838 E_h, exp. variance=0.3353 E_h^2, pmove=0.55
2026-05-29 17:16:35,044 - Step 01538: 3556.0693 E_h, exp. variance=0.4197 E_h^2, pmove=0.55
2026-05-29 17:16:35,198 - Step 01539: 3555.1289 E_h, exp. variance=0.3784 E_h^2, pmove=0.54
2026-05-29 17:16:35,352 - Step 01540: 3555.8862 E_h, exp. variance=0.4038 E_h^2, pmove=0.54
2026-05-29 17:16:35,505 - Step 01541: 3555.0977 E_h, exp. variance=0.3635 E_h^2, pmove=0.54
2026-05-29 17:16:35,665 - Step 01542: 3556.0005 E_h, exp. variance=0.3956 E_h^2, pmove=0.55
2026-05-29 17:16:35,824 - Step 01543: 3555.5610 E_h, exp. variance=0.3667 E_h^2, pmove=0.54
2026-05-29 17:16:35,979 - Step 01544: 3556.0532 E_h, exp. variance=0.3881 E_h^2, pmove=0.55
2026-05-29 17:16:36,137 - Step 01545: 3554.9526 E_h, exp. variance=0.3621 E_h^2, pmove=0.54
2026-05-29 17:16:36,289 - Step 01546: 3556.7676 E_h, exp. variance=0.5217 E_h^2, pmove=0.54
2026-05-29 17:16:36,448 - Step 01547: 3554.8857 E_h, exp. variance=0.4972 E_h^2, pmove=0.54
2026-05-29 17:16:36,606 - Step 01548: 3555.4858 E_h, exp. variance=0.4484 E_h^2, pmove=0.54
2026-05-29 17:16:36,763 - Step 01549: 3555.7896 E_h, exp. variance=0.4176 E_h^2, pmove=0.54
2026-05-29 17:16:36,915 - Step 01550: 3554.8223 E_h, exp. variance=0.4095 E_h^2, pmove=0.54
2026-05-29 17:16:37,070 - Step 01551: 3555.9819 E_h, exp. variance=0.4019 E_h^2, pmove=0.54
2026-05-29 17:16:37,223 - Step 01552: 3555.2686 E_h, exp. variance=0.3642 E_h^2, pmove=0.54
2026-05-29 17:16:37,379 - Step 01553: 3554.7402 E_h, exp. variance=0.3690 E_h^2, pmove=0.55
2026-05-29 17:16:37,532 - Step 01554: 3554.8872 E_h, exp. variance=0.3514 E_h^2, pmove=0.54
2026-05-29 17:16:37,684 - Step 01555: 3555.3694 E_h, exp. variance=0.3166 E_h^2, pmove=0.55
2026-05-29 17:16:37,840 - Step 01556: 3554.1853 E_h, exp. variance=0.3988 E_h^2, pmove=0.55
2026-05-29 17:16:37,994 - Step 01557: 3554.3833 E_h, exp. variance=0.4186 E_h^2, pmove=0.55
2026-05-29 17:16:38,148 - Step 01558: 3554.2295 E_h, exp. variance=0.4475 E_h^2, pmove=0.54
2026-05-29 17:16:38,301 - Step 01559: 3554.8042 E_h, exp. variance=0.4073 E_h^2, pmove=0.54
2026-05-29 17:16:38,453 - Step 01560: 3554.8508 E_h, exp. variance=0.3687 E_h^2, pmove=0.55
2026-05-29 17:16:38,605 - Step 01561: 3554.5813 E_h, exp. variance=0.3468 E_h^2, pmove=0.54
2026-05-29 17:16:38,765 - Step 01562: 3554.3843 E_h, exp. variance=0.3409 E_h^2, pmove=0.54
2026-05-29 17:16:38,916 - Step 01563: 3556.1660 E_h, exp. variance=0.4527 E_h^2, pmove=0.54
2026-05-29 17:16:39,070 - Step 01564: 3554.5466 E_h, exp. variance=0.4276 E_h^2, pmove=0.54
2026-05-29 17:16:39,224 - Step 01565: 3554.3394 E_h, exp. variance=0.4209 E_h^2, pmove=0.55
2026-05-29 17:16:39,378 - Step 01566: 3554.6660 E_h, exp. variance=0.3842 E_h^2, pmove=0.54
2026-05-29 17:16:39,532 - Step 01567: 3556.0723 E_h, exp. variance=0.4726 E_h^2, pmove=0.54
2026-05-29 17:16:39,685 - Step 01568: 3556.4053 E_h, exp. variance=0.6022 E_h^2, pmove=0.54
2026-05-29 17:16:39,842 - Step 01569: 3557.4961 E_h, exp. variance=1.0399 E_h^2, pmove=0.55
2026-05-29 17:16:39,997 - Step 01570: 3555.2261 E_h, exp. variance=0.9380 E_h^2, pmove=0.54
2026-05-29 17:16:40,154 - Step 01571: 3555.4238 E_h, exp. variance=0.8446 E_h^2, pmove=0.54
2026-05-29 17:16:40,307 - Step 01572: 3555.9229 E_h, exp. variance=0.7877 E_h^2, pmove=0.54
2026-05-29 17:16:40,463 - Step 01573: 3554.3918 E_h, exp. variance=0.8050 E_h^2, pmove=0.54
2026-05-29 17:16:40,616 - Step 01574: 3555.4895 E_h, exp. variance=0.7270 E_h^2, pmove=0.54
2026-05-29 17:16:40,768 - Step 01575: 3555.5957 E_h, exp. variance=0.6602 E_h^2, pmove=0.54
2026-05-29 17:16:40,924 - Step 01576: 3555.2183 E_h, exp. variance=0.5961 E_h^2, pmove=0.54
2026-05-29 17:16:41,080 - Step 01577: 3556.3796 E_h, exp. variance=0.6320 E_h^2, pmove=0.54
2026-05-29 17:16:41,235 - Step 01578: 3554.2500 E_h, exp. variance=0.6990 E_h^2, pmove=0.54
2026-05-29 17:16:41,387 - Step 01579: 3555.2654 E_h, exp. variance=0.6295 E_h^2, pmove=0.55
2026-05-29 17:16:41,541 - Step 01580: 3553.7952 E_h, exp. variance=0.7774 E_h^2, pmove=0.54
2026-05-29 17:16:41,694 - Step 01581: 3555.8547 E_h, exp. variance=0.7415 E_h^2, pmove=0.55
2026-05-29 17:16:41,848 - Step 01582: 3554.6294 E_h, exp. variance=0.7010 E_h^2, pmove=0.53
2026-05-29 17:16:42,005 - Step 01583: 3556.3950 E_h, exp. variance=0.7638 E_h^2, pmove=0.55
2026-05-29 17:16:42,160 - Step 01584: 3555.6860 E_h, exp. variance=0.7008 E_h^2, pmove=0.53
2026-05-29 17:16:42,315 - Step 01585: 3555.1685 E_h, exp. variance=0.6333 E_h^2, pmove=0.55
2026-05-29 17:16:42,469 - Step 01586: 3555.7686 E_h, exp. variance=0.5879 E_h^2, pmove=0.55
2026-05-29 17:16:42,624 - Step 01587: 3554.6499 E_h, exp. variance=0.5754 E_h^2, pmove=0.54
2026-05-29 17:16:42,778 - Step 01588: 3555.0249 E_h, exp. variance=0.5245 E_h^2, pmove=0.54
2026-05-29 17:16:42,932 - Step 01589: 3554.4526 E_h, exp. variance=0.5320 E_h^2, pmove=0.54
2026-05-29 17:16:43,086 - Step 01590: 3555.4561 E_h, exp. variance=0.4853 E_h^2, pmove=0.55
2026-05-29 17:16:43,239 - Step 01591: 3554.2839 E_h, exp. variance=0.5146 E_h^2, pmove=0.54
2026-05-29 17:16:43,393 - Step 01592: 3554.5261 E_h, exp. variance=0.4949 E_h^2, pmove=0.55
2026-05-29 17:16:43,547 - Step 01593: 3554.2825 E_h, exp. variance=0.5000 E_h^2, pmove=0.54
2026-05-29 17:16:43,701 - Step 01594: 3554.7104 E_h, exp. variance=0.4567 E_h^2, pmove=0.55
2026-05-29 17:16:43,856 - Step 01595: 3555.0576 E_h, exp. variance=0.4120 E_h^2, pmove=0.54
2026-05-29 17:16:44,012 - Step 01596: 3555.3621 E_h, exp. variance=0.3849 E_h^2, pmove=0.54
2026-05-29 17:16:44,165 - Step 01597: 3554.7366 E_h, exp. variance=0.3529 E_h^2, pmove=0.54
2026-05-29 17:16:44,318 - Step 01598: 3555.3472 E_h, exp. variance=0.3298 E_h^2, pmove=0.55
2026-05-29 17:16:44,319 - Saving checkpoint results/bilayer-bosons/BosonNet/N10_layers10_0_rs0.5_d0.0_D50.0_sq/qmcjax_ckpt_001598.npz
2026-05-29 17:16:44,553 - Step 01599: 3555.6121 E_h, exp. variance=0.3288 E_h^2, pmove=0.54
2026-05-29 17:16:44,709 - Step 01600: 3556.0862 E_h, exp. variance=0.3879 E_h^2, pmove=0.55
2026-05-29 17:16:44,867 - Step 01601: 3554.7178 E_h, exp. variance=0.3681 E_h^2, pmove=0.54
2026-05-29 17:16:45,022 - Step 01602: 3555.6279 E_h, exp. variance=0.3535 E_h^2, pmove=0.55
2026-05-29 17:16:45,176 - Step 01603: 3555.7632 E_h, exp. variance=0.3487 E_h^2, pmove=0.55
2026-05-29 17:16:45,335 - Step 01604: 3555.6006 E_h, exp. variance=0.3256 E_h^2, pmove=0.54
2026-05-29 17:16:45,490 - Step 01605: 3555.7861 E_h, exp. variance=0.3166 E_h^2, pmove=0.54
2026-05-29 17:16:45,648 - Step 01606: 3556.1318 E_h, exp. variance=0.3434 E_h^2, pmove=0.55
2026-05-29 17:16:45,802 - Step 01607: 3554.8281 E_h, exp. variance=0.3392 E_h^2, pmove=0.55
2026-05-29 17:16:45,956 - Step 01608: 3555.7690 E_h, exp. variance=0.3211 E_h^2, pmove=0.55
2026-05-29 17:16:46,108 - Step 01609: 3554.8535 E_h, exp. variance=0.3150 E_h^2, pmove=0.54
2026-05-29 17:16:46,263 - Step 01610: 3554.7417 E_h, exp. variance=0.3154 E_h^2, pmove=0.55
2026-05-29 17:16:46,416 - Step 01611: 3554.6860 E_h, exp. variance=0.3153 E_h^2, pmove=0.55
2026-05-29 17:16:46,568 - Step 01612: 3556.1392 E_h, exp. variance=0.3601 E_h^2, pmove=0.54
2026-05-29 17:16:46,721 - Step 01613: 3556.2090 E_h, exp. variance=0.3968 E_h^2, pmove=0.54
2026-05-29 17:16:46,875 - Step 01614: 3554.8240 E_h, exp. variance=0.3870 E_h^2, pmove=0.54
2026-05-29 17:16:47,028 - Step 01615: 3554.8838 E_h, exp. variance=0.3672 E_h^2, pmove=0.54
2026-05-29 17:16:47,184 - Step 01616: 3555.2825 E_h, exp. variance=0.3305 E_h^2, pmove=0.55
2026-05-29 17:16:47,338 - Step 01617: 3554.9006 E_h, exp. variance=0.3115 E_h^2, pmove=0.55
2026-05-29 17:16:47,491 - Step 01618: 3555.8330 E_h, exp. variance=0.3103 E_h^2, pmove=0.55
2026-05-29 17:16:47,645 - Step 01619: 3554.6392 E_h, exp. variance=0.3202 E_h^2, pmove=0.54
2026-05-29 17:16:47,797 - Step 01620: 3554.9897 E_h, exp. variance=0.2941 E_h^2, pmove=0.55
2026-05-29 17:16:47,949 - Step 01621: 3554.5249 E_h, exp. variance=0.3082 E_h^2, pmove=0.54
2026-05-29 17:16:48,103 - Step 01622: 3555.1301 E_h, exp. variance=0.2775 E_h^2, pmove=0.55
2026-05-29 17:16:48,256 - Step 01623: 3554.7842 E_h, exp. variance=0.2617 E_h^2, pmove=0.54
2026-05-29 17:16:48,412 - Step 01624: 3554.8884 E_h, exp. variance=0.2400 E_h^2, pmove=0.55
2026-05-29 17:16:48,570 - Step 01625: 3554.1135 E_h, exp. variance=0.3019 E_h^2, pmove=0.54
2026-05-29 17:16:48,724 - Step 01626: 3554.9321 E_h, exp. variance=0.2720 E_h^2, pmove=0.54
2026-05-29 17:16:48,877 - Step 01627: 3554.7854 E_h, exp. variance=0.2484 E_h^2, pmove=0.54
2026-05-29 17:16:49,031 - Step 01628: 3555.0479 E_h, exp. variance=0.2242 E_h^2, pmove=0.55
2026-05-29 17:16:49,186 - Step 01629: 3555.2744 E_h, exp. variance=0.2099 E_h^2, pmove=0.55
2026-05-29 17:16:49,339 - Step 01630: 3555.5203 E_h, exp. variance=0.2128 E_h^2, pmove=0.54
2026-05-29 17:16:49,494 - Step 01631: 3555.5251 E_h, exp. variance=0.2114 E_h^2, pmove=0.55
2026-05-29 17:16:49,649 - Step 01632: 3555.1348 E_h, exp. variance=0.1903 E_h^2, pmove=0.55
2026-05-29 17:16:49,806 - Step 01633: 3556.1130 E_h, exp. variance=0.2626 E_h^2, pmove=0.55
2026-05-29 17:16:49,966 - Step 01634: 3555.1396 E_h, exp. variance=0.2367 E_h^2, pmove=0.54
2026-05-29 17:16:50,128 - Step 01635: 3555.3481 E_h, exp. variance=0.2150 E_h^2, pmove=0.55
2026-05-29 17:16:50,290 - Step 01636: 3554.9719 E_h, exp. variance=0.1988 E_h^2, pmove=0.54
2026-05-29 17:16:50,444 - Step 01637: 3555.3748 E_h, exp. variance=0.1820 E_h^2, pmove=0.55
2026-05-29 17:16:50,597 - Step 01638: 3555.2178 E_h, exp. variance=0.1638 E_h^2, pmove=0.54
2026-05-29 17:16:50,757 - Step 01639: 3555.1572 E_h, exp. variance=0.1477 E_h^2, pmove=0.55
2026-05-29 17:16:50,911 - Step 01640: 3555.3337 E_h, exp. variance=0.1344 E_h^2, pmove=0.55
2026-05-29 17:16:51,066 - Step 01641: 3555.3701 E_h, exp. variance=0.1231 E_h^2, pmove=0.54
2026-05-29 17:16:51,218 - Step 01642: 3555.2971 E_h, exp. variance=0.1111 E_h^2, pmove=0.54
2026-05-29 17:16:51,372 - Step 01643: 3556.0483 E_h, exp. variance=0.1589 E_h^2, pmove=0.54
2026-05-29 17:16:51,526 - Step 01644: 3556.0552 E_h, exp. variance=0.1917 E_h^2, pmove=0.54
2026-05-29 17:16:51,680 - Step 01645: 3555.9861 E_h, exp. variance=0.2041 E_h^2, pmove=0.54
2026-05-29 17:16:51,834 - Step 01646: 3555.5999 E_h, exp. variance=0.1856 E_h^2, pmove=0.54
2026-05-29 17:16:51,988 - Step 01647: 3555.9321 E_h, exp. variance=0.1865 E_h^2, pmove=0.54
2026-05-29 17:16:52,142 - Step 01648: 3554.2578 E_h, exp. variance=0.3099 E_h^2, pmove=0.54
2026-05-29 17:16:52,296 - Step 01649: 3554.1021 E_h, exp. variance=0.4277 E_h^2, pmove=0.55
2026-05-29 17:16:52,455 - Step 01650: 3554.5156 E_h, exp. variance=0.4348 E_h^2, pmove=0.54
2026-05-29 17:16:52,615 - Step 01651: 3554.9346 E_h, exp. variance=0.3969 E_h^2, pmove=0.55
2026-05-29 17:16:52,772 - Step 01652: 3554.5769 E_h, exp. variance=0.3878 E_h^2, pmove=0.54
2026-05-29 17:16:52,933 - Step 01653: 3554.6611 E_h, exp. variance=0.3665 E_h^2, pmove=0.55
2026-05-29 17:16:53,090 - Step 01654: 3554.2192 E_h, exp. variance=0.3931 E_h^2, pmove=0.54
2026-05-29 17:16:53,247 - Step 01655: 3555.1050 E_h, exp. variance=0.3554 E_h^2, pmove=0.56
2026-05-29 17:16:53,403 - Step 01656: 3554.3574 E_h, exp. variance=0.3555 E_h^2, pmove=0.55
2026-05-29 17:16:53,558 - Step 01657: 3555.7834 E_h, exp. variance=0.3864 E_h^2, pmove=0.54
2026-05-29 17:16:53,711 - Step 01658: 3555.6321 E_h, exp. variance=0.3826 E_h^2, pmove=0.55
2026-05-29 17:16:53,866 - Step 01659: 3555.4565 E_h, exp. variance=0.3576 E_h^2, pmove=0.55
2026-05-29 17:16:54,021 - Step 01660: 3554.4878 E_h, exp. variance=0.3568 E_h^2, pmove=0.55
2026-05-29 17:16:54,175 - Step 01661: 3554.6738 E_h, exp. variance=0.3337 E_h^2, pmove=0.54
2026-05-29 17:16:54,329 - Step 01662: 3554.7720 E_h, exp. variance=0.3055 E_h^2, pmove=0.54
2026-05-29 17:16:54,482 - Step 01663: 3555.4451 E_h, exp. variance=0.2938 E_h^2, pmove=0.55
2026-05-29 17:16:54,635 - Step 01664: 3554.3684 E_h, exp. variance=0.3042 E_h^2, pmove=0.54
2026-05-29 17:16:54,789 - Step 01665: 3555.2290 E_h, exp. variance=0.2800 E_h^2, pmove=0.55
2026-05-29 17:16:54,943 - Step 01666: 3554.7363 E_h, exp. variance=0.2579 E_h^2, pmove=0.54
2026-05-29 17:16:55,097 - Step 01667: 3555.9795 E_h, exp. variance=0.3244 E_h^2, pmove=0.54
2026-05-29 17:16:55,251 - Step 01668: 3555.2407 E_h, exp. variance=0.2946 E_h^2, pmove=0.53
2026-05-29 17:16:55,421 - Step 01669: 3555.4146 E_h, exp. variance=0.2749 E_h^2, pmove=0.55
2026-05-29 17:16:55,595 - Step 01670: 3555.2866 E_h, exp. variance=0.2499 E_h^2, pmove=0.54
2026-05-29 17:16:55,750 - Step 01671: 3555.3140 E_h, exp. variance=0.2278 E_h^2, pmove=0.55
2026-05-29 17:16:55,905 - Step 01672: 3554.3240 E_h, exp. variance=0.2669 E_h^2, pmove=0.54
2026-05-29 17:16:56,067 - Step 01673: 3556.2769 E_h, exp. variance=0.3712 E_h^2, pmove=0.54
2026-05-29 17:16:56,225 - Step 01674: 3554.8804 E_h, exp. variance=0.3428 E_h^2, pmove=0.55
2026-05-29 17:16:56,383 - Step 01675: 3555.3735 E_h, exp. variance=0.3126 E_h^2, pmove=0.54
2026-05-29 17:16:56,537 - Step 01676: 3554.5254 E_h, exp. variance=0.3201 E_h^2, pmove=0.54
2026-05-29 17:16:56,692 - Step 01677: 3555.2795 E_h, exp. variance=0.2905 E_h^2, pmove=0.56
2026-05-29 17:16:56,864 - Step 01678: 3555.3755 E_h, exp. variance=0.2668 E_h^2, pmove=0.55
2026-05-29 17:16:57,024 - Step 01679: 3555.7456 E_h, exp. variance=0.2714 E_h^2, pmove=0.55
2026-05-29 17:16:57,181 - Step 01680: 3554.6938 E_h, exp. variance=0.2687 E_h^2, pmove=0.54
2026-05-29 17:16:57,337 - Step 01681: 3555.0742 E_h, exp. variance=0.2425 E_h^2, pmove=0.54
2026-05-29 17:16:57,494 - Step 01682: 3554.5674 E_h, exp. variance=0.2493 E_h^2, pmove=0.54
2026-05-29 17:16:57,650 - Step 01683: 3554.4426 E_h, exp. variance=0.2627 E_h^2, pmove=0.55
2026-05-29 17:16:57,806 - Step 01684: 3555.5571 E_h, exp. variance=0.2614 E_h^2, pmove=0.54
2026-05-29 17:16:57,960 - Step 01685: 3554.7314 E_h, exp. variance=0.2464 E_h^2, pmove=0.54
2026-05-29 17:16:58,115 - Step 01686: 3555.2559 E_h, exp. variance=0.2257 E_h^2, pmove=0.54
2026-05-29 17:16:58,273 - Step 01687: 3554.9858 E_h, exp. variance=0.2037 E_h^2, pmove=0.54
2026-05-29 17:16:58,427 - Step 01688: 3554.6382 E_h, exp. variance=0.1994 E_h^2, pmove=0.55
2026-05-29 17:16:58,586 - Step 01689: 3554.4807 E_h, exp. variance=0.2054 E_h^2, pmove=0.55
2026-05-29 17:16:58,742 - Step 01690: 3555.7649 E_h, exp. variance=0.2426 E_h^2, pmove=0.54
2026-05-29 17:16:58,902 - Step 01691: 3555.1877 E_h, exp. variance=0.2202 E_h^2, pmove=0.54
2026-05-29 17:16:59,060 - Step 01692: 3555.0024 E_h, exp. variance=0.1984 E_h^2, pmove=0.54
2026-05-29 17:16:59,217 - Step 01693: 3555.6040 E_h, exp. variance=0.2059 E_h^2, pmove=0.54
2026-05-29 17:16:59,373 - Step 01694: 3555.3047 E_h, exp. variance=0.1888 E_h^2, pmove=0.54
2026-05-29 17:16:59,529 - Step 01695: 3555.1689 E_h, exp. variance=0.1700 E_h^2, pmove=0.55
2026-05-29 17:16:59,685 - Step 01696: 3554.7607 E_h, exp. variance=0.1654 E_h^2, pmove=0.55
2026-05-29 17:16:59,845 - Step 01697: 3555.6318 E_h, exp. variance=0.1748 E_h^2, pmove=0.55
2026-05-29 17:17:00,001 - Step 01698: 3554.5264 E_h, exp. variance=0.1922 E_h^2, pmove=0.54
2026-05-29 17:17:00,162 - Step 01699: 3555.9878 E_h, exp. variance=0.2461 E_h^2, pmove=0.55
2026-05-29 17:17:00,324 - Step 01700: 3555.3911 E_h, exp. variance=0.2256 E_h^2, pmove=0.54
2026-05-29 17:17:00,480 - Step 01701: 3555.0417 E_h, exp. variance=0.2053 E_h^2, pmove=0.55
2026-05-29 17:17:00,637 - Step 01702: 3554.7070 E_h, exp. variance=0.2051 E_h^2, pmove=0.55
2026-05-29 17:17:00,796 - Step 01703: 3555.2310 E_h, exp. variance=0.1854 E_h^2, pmove=0.55
2026-05-29 17:17:00,953 - Step 01704: 3556.3816 E_h, exp. variance=0.3047 E_h^2, pmove=0.55
2026-05-29 17:17:01,108 - Step 01705: 3553.5840 E_h, exp. variance=0.5294 E_h^2, pmove=0.54
2026-05-29 17:17:01,265 - Step 01706: 3555.4331 E_h, exp. variance=0.4865 E_h^2, pmove=0.55
2026-05-29 17:17:01,423 - Step 01707: 3554.4805 E_h, exp. variance=0.4762 E_h^2, pmove=0.54
2026-05-29 17:17:01,580 - Step 01708: 3555.2720 E_h, exp. variance=0.4323 E_h^2, pmove=0.55
2026-05-29 17:17:01,737 - Step 01709: 3555.6382 E_h, exp. variance=0.4163 E_h^2, pmove=0.54
2026-05-29 17:17:01,895 - Step 01710: 3554.7725 E_h, exp. variance=0.3870 E_h^2, pmove=0.54
2026-05-29 17:17:02,052 - Step 01711: 3555.0950 E_h, exp. variance=0.3483 E_h^2, pmove=0.54
2026-05-29 17:17:02,209 - Step 01712: 3555.4473 E_h, exp. variance=0.3241 E_h^2, pmove=0.55
2026-05-29 17:17:02,365 - Step 01713: 3555.7170 E_h, exp. variance=0.3217 E_h^2, pmove=0.54
2026-05-29 17:17:02,519 - Step 01714: 3556.3081 E_h, exp. variance=0.4006 E_h^2, pmove=0.54
2026-05-29 17:17:02,675 - Step 01715: 3555.1462 E_h, exp. variance=0.3629 E_h^2, pmove=0.54
2026-05-29 17:17:02,830 - Step 01716: 3555.7607 E_h, exp. variance=0.3464 E_h^2, pmove=0.54
2026-05-29 17:17:02,985 - Step 01717: 3555.7839 E_h, exp. variance=0.3296 E_h^2, pmove=0.54
2026-05-29 17:17:03,173 - Step 01718: 3555.8267 E_h, exp. variance=0.3143 E_h^2, pmove=0.54
2026-05-29 17:17:03,353 - Step 01719: 3555.8921 E_h, exp. variance=0.3023 E_h^2, pmove=0.54
2026-05-29 17:17:03,513 - Step 01720: 3555.3210 E_h, exp. variance=0.2742 E_h^2, pmove=0.55
2026-05-29 17:17:03,668 - Step 01721: 3555.1853 E_h, exp. variance=0.2535 E_h^2, pmove=0.54
2026-05-29 17:17:03,825 - Step 01722: 3554.7229 E_h, exp. variance=0.2733 E_h^2, pmove=0.54
2026-05-29 17:17:03,982 - Step 01723: 3555.0559 E_h, exp. variance=0.2543 E_h^2, pmove=0.54
2026-05-29 17:17:04,148 - Step 01724: 3554.1978 E_h, exp. variance=0.3443 E_h^2, pmove=0.54
2026-05-29 17:17:04,307 - Step 01725: 3555.3767 E_h, exp. variance=0.3122 E_h^2, pmove=0.55
2026-05-29 17:17:04,465 - Step 01726: 3554.7131 E_h, exp. variance=0.3053 E_h^2, pmove=0.54
2026-05-29 17:17:04,625 - Step 01727: 3555.2207 E_h, exp. variance=0.2749 E_h^2, pmove=0.55
2026-05-29 17:17:04,785 - Step 01728: 3555.2634 E_h, exp. variance=0.2480 E_h^2, pmove=0.54
2026-05-29 17:17:04,946 - Step 01729: 3558.7549 E_h, exp. variance=1.3652 E_h^2, pmove=0.54
2026-05-29 17:17:05,104 - Step 01730: 3555.6689 E_h, exp. variance=1.2300 E_h^2, pmove=0.55
2026-05-29 17:17:05,259 - Step 01731: 3554.8379 E_h, exp. variance=1.1540 E_h^2, pmove=0.54
2026-05-29 17:17:05,417 - Step 01732: 3554.7129 E_h, exp. variance=1.0928 E_h^2, pmove=0.54
2026-05-29 17:17:05,573 - Step 01733: 3554.1724 E_h, exp. variance=1.1216 E_h^2, pmove=0.55
2026-05-29 17:17:05,732 - Step 01734: 3554.5024 E_h, exp. variance=1.0648 E_h^2, pmove=0.55
2026-05-29 17:17:05,889 - Step 01735: 3555.1904 E_h, exp. variance=0.9584 E_h^2, pmove=0.55
2026-05-29 17:17:06,048 - Step 01736: 3554.6831 E_h, exp. variance=0.8872 E_h^2, pmove=0.54
2026-05-29 17:17:06,211 - Step 01737: 3554.6875 E_h, exp. variance=0.8181 E_h^2, pmove=0.54
2026-05-29 17:17:06,370 - Step 01738: 3555.0576 E_h, exp. variance=0.7366 E_h^2, pmove=0.54
2026-05-29 17:17:06,527 - Step 01739: 3554.9700 E_h, exp. variance=0.6645 E_h^2, pmove=0.55
2026-05-29 17:17:06,683 - Step 01740: 3555.1060 E_h, exp. variance=0.5981 E_h^2, pmove=0.55
2026-05-29 17:17:06,838 - Step 01741: 3554.8999 E_h, exp. variance=0.5416 E_h^2, pmove=0.55
2026-05-29 17:17:06,995 - Step 01742: 3555.2668 E_h, exp. variance=0.4908 E_h^2, pmove=0.55
2026-05-29 17:17:07,156 - Step 01743: 3554.5232 E_h, exp. variance=0.4708 E_h^2, pmove=0.54
2026-05-29 17:17:07,314 - Step 01744: 3554.9199 E_h, exp. variance=0.4249 E_h^2, pmove=0.55
2026-05-29 17:17:07,470 - Step 01745: 3554.7432 E_h, exp. variance=0.3895 E_h^2, pmove=0.55
2026-05-29 17:17:07,626 - Step 01746: 3555.7751 E_h, exp. variance=0.4053 E_h^2, pmove=0.55
2026-05-29 17:17:07,781 - Step 01747: 3554.7134 E_h, exp. variance=0.3764 E_h^2, pmove=0.55
2026-05-29 17:17:07,936 - Step 01748: 3554.3262 E_h, exp. variance=0.3843 E_h^2, pmove=0.55
2026-05-29 17:17:08,091 - Step 01749: 3553.7476 E_h, exp. variance=0.4795 E_h^2, pmove=0.54
2026-05-29 17:17:08,261 - Step 01750: 3554.2097 E_h, exp. variance=0.4679 E_h^2, pmove=0.54
2026-05-29 17:17:08,452 - Step 01751: 3554.3311 E_h, exp. variance=0.4393 E_h^2, pmove=0.55
2026-05-29 17:17:08,611 - Step 01752: 3554.4644 E_h, exp. variance=0.4020 E_h^2, pmove=0.55
2026-05-29 17:17:08,767 - Step 01753: 3554.7861 E_h, exp. variance=0.3623 E_h^2, pmove=0.55
2026-05-29 17:17:08,925 - Step 01754: 3554.5835 E_h, exp. variance=0.3277 E_h^2, pmove=0.53
2026-05-29 17:17:09,082 - Step 01755: 3554.6489 E_h, exp. variance=0.2952 E_h^2, pmove=0.55
2026-05-29 17:17:09,236 - Step 01756: 3554.6895 E_h, exp. variance=0.2657 E_h^2, pmove=0.54
2026-05-29 17:17:09,392 - Step 01757: 3554.3418 E_h, exp. variance=0.2505 E_h^2, pmove=0.55
2026-05-29 17:17:09,548 - Step 01758: 3554.9360 E_h, exp. variance=0.2322 E_h^2, pmove=0.55
2026-05-29 17:17:09,709 - Step 01759: 3555.1174 E_h, exp. variance=0.2255 E_h^2, pmove=0.54
2026-05-29 17:17:09,867 - Step 01760: 3555.2690 E_h, exp. variance=0.2289 E_h^2, pmove=0.55
2026-05-29 17:17:10,025 - Step 01761: 3555.8665 E_h, exp. variance=0.3112 E_h^2, pmove=0.54
2026-05-29 17:17:10,184 - Step 01762: 3554.9275 E_h, exp. variance=0.2802 E_h^2, pmove=0.54
2026-05-29 17:17:10,342 - Step 01763: 3554.8271 E_h, exp. variance=0.2526 E_h^2, pmove=0.55
2026-05-29 17:17:10,497 - Step 01764: 3555.3120 E_h, exp. variance=0.2433 E_h^2, pmove=0.54
2026-05-29 17:17:10,656 - Step 01765: 3554.1084 E_h, exp. variance=0.2801 E_h^2, pmove=0.55
2026-05-29 17:17:10,813 - Step 01766: 3555.1787 E_h, exp. variance=0.2618 E_h^2, pmove=0.55
2026-05-29 17:17:10,967 - Step 01767: 3554.1333 E_h, exp. variance=0.2862 E_h^2, pmove=0.54
2026-05-29 17:17:11,125 - Step 01768: 3554.9253 E_h, exp. variance=0.2588 E_h^2, pmove=0.54
2026-05-29 17:17:11,283 - Step 01769: 3554.0571 E_h, exp. variance=0.2853 E_h^2, pmove=0.54
2026-05-29 17:17:11,438 - Step 01770: 3555.5400 E_h, exp. variance=0.3139 E_h^2, pmove=0.55
2026-05-29 17:17:11,595 - Step 01771: 3554.4810 E_h, exp. variance=0.2930 E_h^2, pmove=0.54
2026-05-29 17:17:11,750 - Step 01772: 3555.7222 E_h, exp. variance=0.3421 E_h^2, pmove=0.55
2026-05-29 17:17:11,910 - Step 01773: 3554.8335 E_h, exp. variance=0.3081 E_h^2, pmove=0.54
2026-05-29 17:17:12,069 - Step 01774: 3555.6982 E_h, exp. variance=0.3379 E_h^2, pmove=0.55
2026-05-29 17:17:12,230 - Step 01775: 3555.7776 E_h, exp. variance=0.3644 E_h^2, pmove=0.54
2026-05-29 17:17:12,387 - Step 01776: 3555.2351 E_h, exp. variance=0.3313 E_h^2, pmove=0.55
2026-05-29 17:17:12,545 - Step 01777: 3555.0693 E_h, exp. variance=0.2982 E_h^2, pmove=0.55
2026-05-29 17:17:12,702 - Step 01778: 3555.1396 E_h, exp. variance=0.2689 E_h^2, pmove=0.55
2026-05-29 17:17:12,857 - Step 01779: 3554.6899 E_h, exp. variance=0.2550 E_h^2, pmove=0.54
2026-05-29 17:17:13,015 - Step 01780: 3555.1558 E_h, exp. variance=0.2309 E_h^2, pmove=0.55
2026-05-29 17:17:13,172 - Step 01781: 3554.7334 E_h, exp. variance=0.2165 E_h^2, pmove=0.55
2026-05-29 17:17:13,327 - Step 01782: 3555.2539 E_h, exp. variance=0.2000 E_h^2, pmove=0.55
2026-05-29 17:17:13,484 - Step 01783: 3554.9712 E_h, exp. variance=0.1804 E_h^2, pmove=0.54
2026-05-29 17:17:13,641 - Step 01784: 3554.6853 E_h, exp. variance=0.1731 E_h^2, pmove=0.54
2026-05-29 17:17:13,797 - Step 01785: 3554.9700 E_h, exp. variance=0.1559 E_h^2, pmove=0.55
2026-05-29 17:17:13,955 - Step 01786: 3555.4846 E_h, exp. variance=0.1620 E_h^2, pmove=0.55
2026-05-29 17:17:14,112 - Step 01787: 3553.8540 E_h, exp. variance=0.2729 E_h^2, pmove=0.54
2026-05-29 17:17:14,270 - Step 01788: 3554.3970 E_h, exp. variance=0.2706 E_h^2, pmove=0.55
2026-05-29 17:17:14,428 - Step 01789: 3554.1340 E_h, exp. variance=0.2924 E_h^2, pmove=0.54
2026-05-29 17:17:14,587 - Step 01790: 3555.5298 E_h, exp. variance=0.3115 E_h^2, pmove=0.56
2026-05-29 17:17:14,745 - Step 01791: 3554.6021 E_h, exp. variance=0.2868 E_h^2, pmove=0.54
2026-05-29 17:17:14,903 - Step 01792: 3554.8110 E_h, exp. variance=0.2582 E_h^2, pmove=0.55
2026-05-29 17:17:15,059 - Step 01793: 3554.9087 E_h, exp. variance=0.2328 E_h^2, pmove=0.54
2026-05-29 17:17:15,217 - Step 01794: 3554.4470 E_h, exp. variance=0.2239 E_h^2, pmove=0.55
2026-05-29 17:17:15,376 - Step 01795: 3554.4707 E_h, exp. variance=0.2117 E_h^2, pmove=0.54
2026-05-29 17:17:15,533 - Step 01796: 3555.1182 E_h, exp. variance=0.2013 E_h^2, pmove=0.54
2026-05-29 17:17:15,689 - Step 01797: 3554.6484 E_h, exp. variance=0.1834 E_h^2, pmove=0.55
2026-05-29 17:17:15,847 - Step 01798: 3554.7100 E_h, exp. variance=0.1657 E_h^2, pmove=0.55
2026-05-29 17:17:16,004 - Step 01799: 3555.2651 E_h, exp. variance=0.1700 E_h^2, pmove=0.54
2026-05-29 17:17:16,158 - Step 01800: 3554.5417 E_h, exp. variance=0.1605 E_h^2, pmove=0.54
2026-05-29 17:17:16,316 - Step 01801: 3555.0640 E_h, exp. variance=0.1506 E_h^2, pmove=0.54
2026-05-29 17:17:16,474 - Step 01802: 3554.3704 E_h, exp. variance=0.1545 E_h^2, pmove=0.55
2026-05-29 17:17:16,629 - Step 01803: 3554.9268 E_h, exp. variance=0.1409 E_h^2, pmove=0.55
2026-05-29 17:17:16,785 - Step 01804: 3553.9048 E_h, exp. variance=0.1985 E_h^2, pmove=0.55
2026-05-29 17:17:16,942 - Step 01805: 3554.4717 E_h, exp. variance=0.1837 E_h^2, pmove=0.54
2026-05-29 17:17:17,097 - Step 01806: 3554.9851 E_h, exp. variance=0.1735 E_h^2, pmove=0.55
2026-05-29 17:17:17,252 - Step 01807: 3555.0620 E_h, exp. variance=0.1670 E_h^2, pmove=0.54
2026-05-29 17:17:17,406 - Step 01808: 3555.1201 E_h, exp. variance=0.1627 E_h^2, pmove=0.54
2026-05-29 17:17:17,564 - Step 01809: 3554.6655 E_h, exp. variance=0.1477 E_h^2, pmove=0.54
2026-05-29 17:17:17,720 - Step 01810: 3555.5647 E_h, exp. variance=0.1892 E_h^2, pmove=0.55
2026-05-29 17:17:17,875 - Step 01811: 3554.6086 E_h, exp. variance=0.1757 E_h^2, pmove=0.54
2026-05-29 17:17:18,030 - Step 01812: 3555.8188 E_h, exp. variance=0.2463 E_h^2, pmove=0.55
2026-05-29 17:17:18,186 - Step 01813: 3554.6196 E_h, exp. variance=0.2302 E_h^2, pmove=0.54
2026-05-29 17:17:18,344 - Step 01814: 3555.6899 E_h, exp. variance=0.2638 E_h^2, pmove=0.54
2026-05-29 17:17:18,504 - Step 01815: 3553.6763 E_h, exp. variance=0.3895 E_h^2, pmove=0.54
2026-05-29 17:17:18,660 - Step 01816: 3556.2100 E_h, exp. variance=0.5180 E_h^2, pmove=0.55
2026-05-29 17:17:18,815 - Step 01817: 3554.4673 E_h, exp. variance=0.4901 E_h^2, pmove=0.54
2026-05-29 17:17:18,975 - Step 01818: 3555.9434 E_h, exp. variance=0.5333 E_h^2, pmove=0.55
2026-05-29 17:17:19,131 - Step 01819: 3554.5991 E_h, exp. variance=0.4968 E_h^2, pmove=0.54
2026-05-29 17:17:19,296 - Step 01820: 3554.9460 E_h, exp. variance=0.4473 E_h^2, pmove=0.55
2026-05-29 17:17:19,454 - Step 01821: 3553.7834 E_h, exp. variance=0.5325 E_h^2, pmove=0.54
2026-05-29 17:17:19,609 - Step 01822: 3554.7771 E_h, exp. variance=0.4799 E_h^2, pmove=0.55
2026-05-29 17:17:19,768 - Step 01823: 3553.5303 E_h, exp. variance=0.5901 E_h^2, pmove=0.54
2026-05-29 17:17:19,926 - Step 01824: 3555.1528 E_h, exp. variance=0.5477 E_h^2, pmove=0.55
2026-05-29 17:17:20,084 - Step 01825: 3554.5898 E_h, exp. variance=0.4957 E_h^2, pmove=0.54
2026-05-29 17:17:20,242 - Step 01826: 3554.7554 E_h, exp. variance=0.4462 E_h^2, pmove=0.55
2026-05-29 17:17:20,403 - Step 01827: 3553.5105 E_h, exp. variance=0.5397 E_h^2, pmove=0.55
2026-05-29 17:17:20,565 - Step 01828: 3553.9263 E_h, exp. variance=0.5297 E_h^2, pmove=0.54
2026-05-29 17:17:20,728 - Step 01829: 3555.1182 E_h, exp. variance=0.5052 E_h^2, pmove=0.55
2026-05-29 17:17:20,885 - Step 01830: 3555.2598 E_h, exp. variance=0.4925 E_h^2, pmove=0.55
2026-05-29 17:17:21,041 - Step 01831: 3555.1128 E_h, exp. variance=0.4604 E_h^2, pmove=0.55
2026-05-29 17:17:21,199 - Step 01832: 3554.2544 E_h, exp. variance=0.4339 E_h^2, pmove=0.55
2026-05-29 17:17:21,362 - Step 01833: 3555.1580 E_h, exp. variance=0.4116 E_h^2, pmove=0.55
2026-05-29 17:17:21,522 - Step 01834: 3554.3618 E_h, exp. variance=0.3821 E_h^2, pmove=0.55
2026-05-29 17:17:21,680 - Step 01835: 3554.7537 E_h, exp. variance=0.3443 E_h^2, pmove=0.55
2026-05-29 17:17:21,836 - Step 01836: 3556.0154 E_h, exp. variance=0.4673 E_h^2, pmove=0.54
2026-05-29 17:17:21,997 - Step 01837: 3554.6052 E_h, exp. variance=0.4249 E_h^2, pmove=0.54
2026-05-29 17:17:22,154 - Step 01838: 3555.1055 E_h, exp. variance=0.3907 E_h^2, pmove=0.55
2026-05-29 17:17:22,309 - Step 01839: 3555.0835 E_h, exp. variance=0.3572 E_h^2, pmove=0.54
2026-05-29 17:17:22,466 - Step 01840: 3555.1270 E_h, exp. variance=0.3280 E_h^2, pmove=0.54
2026-05-29 17:17:22,626 - Step 01841: 3554.5942 E_h, exp. variance=0.3028 E_h^2, pmove=0.54
2026-05-29 17:17:22,785 - Step 01842: 3555.2805 E_h, exp. variance=0.2887 E_h^2, pmove=0.55
2026-05-29 17:17:22,942 - Step 01843: 3554.2930 E_h, exp. variance=0.2929 E_h^2, pmove=0.54
2026-05-29 17:17:23,099 - Step 01844: 3555.0049 E_h, exp. variance=0.2661 E_h^2, pmove=0.55
2026-05-29 17:17:23,257 - Step 01845: 3555.5215 E_h, exp. variance=0.2795 E_h^2, pmove=0.54
2026-05-29 17:17:23,415 - Step 01846: 3554.6689 E_h, exp. variance=0.2573 E_h^2, pmove=0.55
2026-05-29 17:17:23,575 - Step 01847: 3555.1777 E_h, exp. variance=0.2387 E_h^2, pmove=0.54
2026-05-29 17:17:23,733 - Step 01848: 3554.8701 E_h, exp. variance=0.2151 E_h^2, pmove=0.54
2026-05-29 17:17:23,892 - Step 01849: 3555.0859 E_h, exp. variance=0.1961 E_h^2, pmove=0.54
2026-05-29 17:17:24,052 - Step 01850: 3553.4033 E_h, exp. variance=0.3878 E_h^2, pmove=0.55
2026-05-29 17:17:24,210 - Step 01851: 3553.8486 E_h, exp. variance=0.4274 E_h^2, pmove=0.55
2026-05-29 17:17:24,368 - Step 01852: 3554.6802 E_h, exp. variance=0.3847 E_h^2, pmove=0.55
2026-05-29 17:17:24,525 - Step 01853: 3554.7927 E_h, exp. variance=0.3472 E_h^2, pmove=0.55
2026-05-29 17:17:24,683 - Step 01854: 3554.1304 E_h, exp. variance=0.3415 E_h^2, pmove=0.55
2026-05-29 17:17:24,844 - Step 01855: 3554.5781 E_h, exp. variance=0.3077 E_h^2, pmove=0.54
2026-05-29 17:17:25,000 - Step 01856: 3554.1111 E_h, exp. variance=0.3017 E_h^2, pmove=0.55
2026-05-29 17:17:25,158 - Step 01857: 3554.7520 E_h, exp. variance=0.2741 E_h^2, pmove=0.55
2026-05-29 17:17:25,318 - Step 01858: 3553.9741 E_h, exp. variance=0.2819 E_h^2, pmove=0.55
2026-05-29 17:17:25,476 - Step 01859: 3555.1880 E_h, exp. variance=0.2918 E_h^2, pmove=0.55
2026-05-29 17:17:25,637 - Step 01860: 3554.0952 E_h, exp. variance=0.2858 E_h^2, pmove=0.54
2026-05-29 17:17:25,797 - Step 01861: 3554.2117 E_h, exp. variance=0.2676 E_h^2, pmove=0.55
2026-05-29 17:17:25,956 - Step 01862: 3554.1804 E_h, exp. variance=0.2511 E_h^2, pmove=0.54
2026-05-29 17:17:26,113 - Step 01863: 3554.7007 E_h, exp. variance=0.2302 E_h^2, pmove=0.55
2026-05-29 17:17:26,269 - Step 01864: 3554.9854 E_h, exp. variance=0.2279 E_h^2, pmove=0.54
2026-05-29 17:17:26,427 - Step 01865: 3554.1758 E_h, exp. variance=0.2180 E_h^2, pmove=0.54
2026-05-29 17:17:26,588 - Step 01866: 3554.1213 E_h, exp. variance=0.2102 E_h^2, pmove=0.54
2026-05-29 17:17:26,747 - Step 01867: 3554.7852 E_h, exp. variance=0.1977 E_h^2, pmove=0.55
2026-05-29 17:17:26,906 - Step 01868: 3554.4219 E_h, exp. variance=0.1786 E_h^2, pmove=0.54
2026-05-29 17:17:27,063 - Step 01869: 3554.2747 E_h, exp. variance=0.1653 E_h^2, pmove=0.55
2026-05-29 17:17:27,219 - Step 01870: 3555.1306 E_h, exp. variance=0.1873 E_h^2, pmove=0.55
2026-05-29 17:17:27,375 - Step 01871: 3555.3662 E_h, exp. variance=0.2297 E_h^2, pmove=0.54
2026-05-29 17:17:27,532 - Step 01872: 3555.6809 E_h, exp. variance=0.3072 E_h^2, pmove=0.54
2026-05-29 17:17:27,689 - Step 01873: 3555.3044 E_h, exp. variance=0.3062 E_h^2, pmove=0.55
2026-05-29 17:17:27,846 - Step 01874: 3553.8857 E_h, exp. variance=0.3488 E_h^2, pmove=0.54
2026-05-29 17:17:28,007 - Step 01875: 3554.0425 E_h, exp. variance=0.3525 E_h^2, pmove=0.55
2026-05-29 17:17:28,166 - Step 01876: 3554.9678 E_h, exp. variance=0.3274 E_h^2, pmove=0.54
2026-05-29 17:17:28,327 - Step 01877: 3554.0952 E_h, exp. variance=0.3239 E_h^2, pmove=0.55
2026-05-29 17:17:28,489 - Step 01878: 3554.1367 E_h, exp. variance=0.3115 E_h^2, pmove=0.55
2026-05-29 17:17:28,647 - Step 01879: 3554.3452 E_h, exp. variance=0.2846 E_h^2, pmove=0.55
2026-05-29 17:17:28,809 - Step 01880: 3554.2793 E_h, exp. variance=0.2622 E_h^2, pmove=0.54
2026-05-29 17:17:28,966 - Step 01881: 3554.4102 E_h, exp. variance=0.2370 E_h^2, pmove=0.55
2026-05-29 17:17:29,124 - Step 01882: 3554.6516 E_h, exp. variance=0.2153 E_h^2, pmove=0.54
2026-05-29 17:17:29,280 - Step 01883: 3554.7910 E_h, exp. variance=0.2004 E_h^2, pmove=0.54
2026-05-29 17:17:29,444 - Step 01884: 3553.7175 E_h, exp. variance=0.2421 E_h^2, pmove=0.54
2026-05-29 17:17:29,603 - Step 01885: 3554.5457 E_h, exp. variance=0.2185 E_h^2, pmove=0.55
2026-05-29 17:17:29,763 - Step 01886: 3553.0815 E_h, exp. variance=0.3704 E_h^2, pmove=0.54
2026-05-29 17:17:29,924 - Step 01887: 3554.0562 E_h, exp. variance=0.3402 E_h^2, pmove=0.55
2026-05-29 17:17:30,083 - Step 01888: 3554.5166 E_h, exp. variance=0.3102 E_h^2, pmove=0.54
2026-05-29 17:17:30,244 - Step 01889: 3554.6841 E_h, exp. variance=0.2908 E_h^2, pmove=0.55
2026-05-29 17:17:30,404 - Step 01890: 3554.8652 E_h, exp. variance=0.2845 E_h^2, pmove=0.54
2026-05-29 17:17:30,563 - Step 01891: 3555.2266 E_h, exp. variance=0.3158 E_h^2, pmove=0.54
2026-05-29 17:17:30,723 - Step 01892: 3556.0444 E_h, exp. variance=0.5007 E_h^2, pmove=0.55
2026-05-29 17:17:30,883 - Step 01893: 3555.6919 E_h, exp. variance=0.5487 E_h^2, pmove=0.55
2026-05-29 17:17:31,042 - Step 01894: 3553.6689 E_h, exp. variance=0.5995 E_h^2, pmove=0.54
2026-05-29 17:17:31,199 - Step 01895: 3555.1685 E_h, exp. variance=0.5643 E_h^2, pmove=0.55
2026-05-29 17:17:31,356 - Step 01896: 3553.9810 E_h, exp. variance=0.5540 E_h^2, pmove=0.54
2026-05-29 17:17:31,520 - Step 01897: 3554.5806 E_h, exp. variance=0.4987 E_h^2, pmove=0.55
2026-05-29 17:17:31,680 - Step 01898: 3554.4849 E_h, exp. variance=0.4505 E_h^2, pmove=0.54
2026-05-29 17:17:31,840 - Step 01899: 3555.5952 E_h, exp. variance=0.4933 E_h^2, pmove=0.54
2026-05-29 17:17:32,000 - Step 01900: 3553.7710 E_h, exp. variance=0.5227 E_h^2, pmove=0.54
2026-05-29 17:17:32,161 - Step 01901: 3554.7144 E_h, exp. variance=0.4714 E_h^2, pmove=0.55
2026-05-29 17:17:32,320 - Step 01902: 3554.5522 E_h, exp. variance=0.4247 E_h^2, pmove=0.55
2026-05-29 17:17:32,477 - Step 01903: 3555.6938 E_h, exp. variance=0.4868 E_h^2, pmove=0.54
2026-05-29 17:17:32,637 - Step 01904: 3555.5391 E_h, exp. variance=0.4980 E_h^2, pmove=0.54
2026-05-29 17:17:32,795 - Step 01905: 3555.7974 E_h, exp. variance=0.5368 E_h^2, pmove=0.55
2026-05-29 17:17:32,954 - Step 01906: 3554.0640 E_h, exp. variance=0.5467 E_h^2, pmove=0.55
2026-05-29 17:17:33,114 - Step 01907: 3554.9482 E_h, exp. variance=0.4935 E_h^2, pmove=0.55
2026-05-29 17:17:33,274 - Step 01908: 3554.3738 E_h, exp. variance=0.4631 E_h^2, pmove=0.55
2026-05-29 17:17:33,453 - Step 01909: 3554.4175 E_h, exp. variance=0.4291 E_h^2, pmove=0.55
2026-05-29 17:17:33,614 - Step 01910: 3553.8276 E_h, exp. variance=0.4628 E_h^2, pmove=0.54
2026-05-29 17:17:33,777 - Step 01911: 3555.7834 E_h, exp. variance=0.5305 E_h^2, pmove=0.55
2026-05-29 17:17:33,939 - Step 01912: 3555.1482 E_h, exp. variance=0.4903 E_h^2, pmove=0.54
2026-05-29 17:17:34,099 - Step 01913: 3555.8345 E_h, exp. variance=0.5360 E_h^2, pmove=0.55
2026-05-29 17:17:34,259 - Step 01914: 3554.4062 E_h, exp. variance=0.5053 E_h^2, pmove=0.53
2026-05-29 17:17:34,417 - Step 01915: 3554.7258 E_h, exp. variance=0.4564 E_h^2, pmove=0.55
2026-05-29 17:17:34,577 - Step 01916: 3554.4697 E_h, exp. variance=0.4236 E_h^2, pmove=0.55
2026-05-29 17:17:34,736 - Step 01917: 3554.2744 E_h, exp. variance=0.4070 E_h^2, pmove=0.54
2026-05-29 17:17:34,896 - Step 01918: 3554.7991 E_h, exp. variance=0.3664 E_h^2, pmove=0.55
2026-05-29 17:17:35,054 - Step 01919: 3554.4307 E_h, exp. variance=0.3396 E_h^2, pmove=0.55
2026-05-29 17:17:35,213 - Step 01920: 3555.2544 E_h, exp. variance=0.3306 E_h^2, pmove=0.55
2026-05-29 17:17:35,373 - Step 01921: 3554.5850 E_h, exp. variance=0.3010 E_h^2, pmove=0.54
2026-05-29 17:17:35,534 - Step 01922: 3555.2451 E_h, exp. variance=0.2920 E_h^2, pmove=0.55
2026-05-29 17:17:35,696 - Step 01923: 3555.1787 E_h, exp. variance=0.2752 E_h^2, pmove=0.54
2026-05-29 17:17:35,858 - Step 01924: 3555.5244 E_h, exp. variance=0.2891 E_h^2, pmove=0.55
2026-05-29 17:17:36,021 - Step 01925: 3554.4451 E_h, exp. variance=0.2799 E_h^2, pmove=0.54
2026-05-29 17:17:36,180 - Step 01926: 3555.4502 E_h, exp. variance=0.2826 E_h^2, pmove=0.55
2026-05-29 17:17:36,342 - Step 01927: 3555.0398 E_h, exp. variance=0.2555 E_h^2, pmove=0.55
2026-05-29 17:17:36,501 - Step 01928: 3556.2893 E_h, exp. variance=0.3947 E_h^2, pmove=0.55
2026-05-29 17:17:36,659 - Step 01929: 3555.4478 E_h, exp. variance=0.3679 E_h^2, pmove=0.54
2026-05-29 17:17:36,818 - Step 01930: 3555.4011 E_h, exp. variance=0.3388 E_h^2, pmove=0.55
2026-05-29 17:17:36,977 - Step 01931: 3554.2642 E_h, exp. variance=0.3737 E_h^2, pmove=0.54
2026-05-29 17:17:37,136 - Step 01932: 3555.3525 E_h, exp. variance=0.3445 E_h^2, pmove=0.55
2026-05-29 17:17:37,295 - Step 01933: 3555.0596 E_h, exp. variance=0.3101 E_h^2, pmove=0.55
2026-05-29 17:17:37,454 - Step 01934: 3554.7939 E_h, exp. variance=0.2864 E_h^2, pmove=0.54
2026-05-29 17:17:37,611 - Step 01935: 3555.0498 E_h, exp. variance=0.2578 E_h^2, pmove=0.55
2026-05-29 17:17:37,775 - Step 01936: 3554.7922 E_h, exp. variance=0.2380 E_h^2, pmove=0.54
2026-05-29 17:17:37,937 - Step 01937: 3554.0728 E_h, exp. variance=0.2958 E_h^2, pmove=0.55
2026-05-29 17:17:38,097 - Step 01938: 3554.5911 E_h, exp. variance=0.2765 E_h^2, pmove=0.55
2026-05-29 17:17:38,259 - Step 01939: 3553.9824 E_h, exp. variance=0.3239 E_h^2, pmove=0.55
2026-05-29 17:17:38,424 - Step 01940: 3553.8862 E_h, exp. variance=0.3673 E_h^2, pmove=0.55
2026-05-29 17:17:38,586 - Step 01941: 3554.1333 E_h, exp. variance=0.3608 E_h^2, pmove=0.55
2026-05-29 17:17:38,747 - Step 01942: 3553.7385 E_h, exp. variance=0.4002 E_h^2, pmove=0.55
2026-05-29 17:17:38,913 - Step 01943: 3554.6658 E_h, exp. variance=0.3611 E_h^2, pmove=0.55
2026-05-29 17:17:39,075 - Step 01944: 3554.6963 E_h, exp. variance=0.3264 E_h^2, pmove=0.54
2026-05-29 17:17:39,234 - Step 01945: 3555.1665 E_h, exp. variance=0.3241 E_h^2, pmove=0.55
2026-05-29 17:17:39,394 - Step 01946: 3553.9202 E_h, exp. variance=0.3388 E_h^2, pmove=0.54
2026-05-29 17:17:39,554 - Step 01947: 3554.5991 E_h, exp. variance=0.3050 E_h^2, pmove=0.55
2026-05-29 17:17:39,717 - Step 01948: 3554.1191 E_h, exp. variance=0.2931 E_h^2, pmove=0.54
2026-05-29 17:17:39,879 - Step 01949: 3554.7637 E_h, exp. variance=0.2688 E_h^2, pmove=0.55
2026-05-29 17:17:40,039 - Step 01950: 3553.5496 E_h, exp. variance=0.3324 E_h^2, pmove=0.55
2026-05-29 17:17:40,198 - Step 01951: 3555.5642 E_h, exp. variance=0.4105 E_h^2, pmove=0.55
2026-05-29 17:17:40,361 - Step 01952: 3554.2173 E_h, exp. variance=0.3802 E_h^2, pmove=0.55
2026-05-29 17:17:40,539 - Step 01953: 3555.1401 E_h, exp. variance=0.3759 E_h^2, pmove=0.55
2026-05-29 17:17:40,702 - Step 01954: 3554.4543 E_h, exp. variance=0.3399 E_h^2, pmove=0.55
2026-05-29 17:17:40,864 - Step 01955: 3556.0449 E_h, exp. variance=0.5001 E_h^2, pmove=0.55
2026-05-29 17:17:41,024 - Step 01956: 3553.9431 E_h, exp. variance=0.5049 E_h^2, pmove=0.55
2026-05-29 17:17:41,187 - Step 01957: 3555.0632 E_h, exp. variance=0.4701 E_h^2, pmove=0.55
2026-05-29 17:17:41,349 - Step 01958: 3555.3765 E_h, exp. variance=0.4659 E_h^2, pmove=0.55
2026-05-29 17:17:41,512 - Step 01959: 3555.9702 E_h, exp. variance=0.5520 E_h^2, pmove=0.54
2026-05-29 17:17:41,677 - Step 01960: 3554.5303 E_h, exp. variance=0.5077 E_h^2, pmove=0.54
2026-05-29 17:17:41,838 - Step 01961: 3555.2637 E_h, exp. variance=0.4729 E_h^2, pmove=0.54
2026-05-29 17:17:41,999 - Step 01962: 3554.3232 E_h, exp. variance=0.4540 E_h^2, pmove=0.54
2026-05-29 17:17:42,160 - Step 01963: 3554.2241 E_h, exp. variance=0.4414 E_h^2, pmove=0.55
2026-05-29 17:17:42,329 - Step 01964: 3553.6040 E_h, exp. variance=0.5193 E_h^2, pmove=0.54
2026-05-29 17:17:42,491 - Step 01965: 3554.6785 E_h, exp. variance=0.4674 E_h^2, pmove=0.55
2026-05-29 17:17:42,654 - Step 01966: 3555.2131 E_h, exp. variance=0.4488 E_h^2, pmove=0.54
2026-05-29 17:17:42,816 - Step 01967: 3555.6743 E_h, exp. variance=0.4875 E_h^2, pmove=0.55
2026-05-29 17:17:42,976 - Step 01968: 3553.7761 E_h, exp. variance=0.5344 E_h^2, pmove=0.54
2026-05-29 17:17:43,139 - Step 01969: 3555.0552 E_h, exp. variance=0.4921 E_h^2, pmove=0.55
2026-05-29 17:17:43,300 - Step 01970: 3554.1748 E_h, exp. variance=0.4715 E_h^2, pmove=0.54
2026-05-29 17:17:43,461 - Step 01971: 3554.8911 E_h, exp. variance=0.4282 E_h^2, pmove=0.55
2026-05-29 17:17:43,624 - Step 01972: 3555.1318 E_h, exp. variance=0.4020 E_h^2, pmove=0.54
2026-05-29 17:17:43,789 - Step 01973: 3555.7246 E_h, exp. variance=0.4479 E_h^2, pmove=0.55
2026-05-29 17:17:43,949 - Step 01974: 3553.7942 E_h, exp. variance=0.5023 E_h^2, pmove=0.54
2026-05-29 17:17:44,117 - Step 01975: 3555.1082 E_h, exp. variance=0.4644 E_h^2, pmove=0.55
2026-05-29 17:17:44,278 - Step 01976: 3555.5757 E_h, exp. variance=0.4755 E_h^2, pmove=0.54
2026-05-29 17:17:44,441 - Step 01977: 3554.9319 E_h, exp. variance=0.4285 E_h^2, pmove=0.54
2026-05-29 17:17:44,441 - Saving checkpoint results/bilayer-bosons/BosonNet/N10_layers10_0_rs0.5_d0.0_D50.0_sq/qmcjax_ckpt_001977.npz
2026-05-29 17:17:44,683 - Step 01978: 3553.3379 E_h, exp. variance=0.5951 E_h^2, pmove=0.54
2026-05-29 17:17:44,844 - Step 01979: 3554.4204 E_h, exp. variance=0.5432 E_h^2, pmove=0.55
2026-05-29 17:17:45,004 - Step 01980: 3554.1733 E_h, exp. variance=0.5121 E_h^2, pmove=0.54
2026-05-29 17:17:45,164 - Step 01981: 3554.0581 E_h, exp. variance=0.4905 E_h^2, pmove=0.55
2026-05-29 17:17:45,324 - Step 01982: 3554.0012 E_h, exp. variance=0.4709 E_h^2, pmove=0.54
2026-05-29 17:17:45,483 - Step 01983: 3555.7383 E_h, exp. variance=0.5582 E_h^2, pmove=0.55
2026-05-29 17:17:45,644 - Step 01984: 3554.5842 E_h, exp. variance=0.5026 E_h^2, pmove=0.55
2026-05-29 17:17:45,808 - Step 01985: 3554.7109 E_h, exp. variance=0.4529 E_h^2, pmove=0.55
2026-05-29 17:17:45,968 - Step 01986: 3553.7856 E_h, exp. variance=0.4735 E_h^2, pmove=0.55
2026-05-29 17:17:46,128 - Step 01987: 3554.3289 E_h, exp. variance=0.4308 E_h^2, pmove=0.55
2026-05-29 17:17:46,288 - Step 01988: 3554.3511 E_h, exp. variance=0.3907 E_h^2, pmove=0.55
2026-05-29 17:17:46,452 - Step 01989: 3555.0652 E_h, exp. variance=0.3789 E_h^2, pmove=0.54
2026-05-29 17:17:46,611 - Step 01990: 3553.7949 E_h, exp. variance=0.3950 E_h^2, pmove=0.55
2026-05-29 17:17:46,773 - Step 01991: 3554.5168 E_h, exp. variance=0.3556 E_h^2, pmove=0.55
2026-05-29 17:17:46,938 - Step 01992: 3553.9043 E_h, exp. variance=0.3514 E_h^2, pmove=0.54
2026-05-29 17:17:47,099 - Step 01993: 3553.6826 E_h, exp. variance=0.3673 E_h^2, pmove=0.55
2026-05-29 17:17:47,261 - Step 01994: 3555.8638 E_h, exp. variance=0.5340 E_h^2, pmove=0.55
2026-05-29 17:17:47,423 - Step 01995: 3555.4832 E_h, exp. variance=0.5657 E_h^2, pmove=0.55
2026-05-29 17:17:47,584 - Step 01996: 3554.8125 E_h, exp. variance=0.5129 E_h^2, pmove=0.54
2026-05-29 17:17:47,745 - Step 01997: 3554.0310 E_h, exp. variance=0.4937 E_h^2, pmove=0.54
2026-05-29 17:17:47,904 - Step 01998: 3554.2788 E_h, exp. variance=0.4519 E_h^2, pmove=0.54
2026-05-29 17:17:48,064 - Step 01999: 3554.3933 E_h, exp. variance=0.4087 E_h^2, pmove=0.55
2026-05-29 17:17:48,225 - Step 02000: 3554.8247 E_h, exp. variance=0.3759 E_h^2, pmove=0.55
2026-05-29 17:17:48,386 - Step 02001: 3554.7361 E_h, exp. variance=0.3412 E_h^2, pmove=0.55
2026-05-29 17:17:48,546 - Step 02002: 3555.3464 E_h, exp. variance=0.3610 E_h^2, pmove=0.54
2026-05-29 17:17:48,706 - Step 02003: 3554.8784 E_h, exp. variance=0.3295 E_h^2, pmove=0.54
2026-05-29 17:17:48,867 - Step 02004: 3554.1211 E_h, exp. variance=0.3240 E_h^2, pmove=0.55
2026-05-29 17:17:49,027 - Step 02005: 3554.7146 E_h, exp. variance=0.2925 E_h^2, pmove=0.54
2026-05-29 17:17:49,188 - Step 02006: 3554.5300 E_h, exp. variance=0.2641 E_h^2, pmove=0.55
2026-05-29 17:17:49,364 - Step 02007: 3555.4187 E_h, exp. variance=0.2954 E_h^2, pmove=0.55
2026-05-29 17:17:49,546 - Step 02008: 3554.7959 E_h, exp. variance=0.2667 E_h^2, pmove=0.54
2026-05-29 17:17:49,711 - Step 02009: 3554.6309 E_h, exp. variance=0.2406 E_h^2, pmove=0.54
2026-05-29 17:17:49,872 - Step 02010: 3554.3982 E_h, exp. variance=0.2247 E_h^2, pmove=0.55
2026-05-29 17:17:50,032 - Step 02011: 3554.1289 E_h, exp. variance=0.2286 E_h^2, pmove=0.55
2026-05-29 17:17:50,194 - Step 02012: 3554.3096 E_h, exp. variance=0.2142 E_h^2, pmove=0.55
2026-05-29 17:17:50,355 - Step 02013: 3555.5757 E_h, exp. variance=0.2810 E_h^2, pmove=0.55
2026-05-29 17:17:50,515 - Step 02014: 3554.3345 E_h, exp. variance=0.2640 E_h^2, pmove=0.54
2026-05-29 17:17:50,676 - Step 02015: 3554.8887 E_h, exp. variance=0.2427 E_h^2, pmove=0.55
2026-05-29 17:17:50,836 - Step 02016: 3554.8101 E_h, exp. variance=0.2201 E_h^2, pmove=0.54
2026-05-29 17:17:50,997 - Step 02017: 3554.9526 E_h, exp. variance=0.2045 E_h^2, pmove=0.55
2026-05-29 17:17:51,155 - Step 02018: 3554.2319 E_h, exp. variance=0.2049 E_h^2, pmove=0.54
2026-05-29 17:17:51,316 - Step 02019: 3554.1450 E_h, exp. variance=0.2088 E_h^2, pmove=0.54
2026-05-29 17:17:51,478 - Step 02020: 3554.3667 E_h, exp. variance=0.1934 E_h^2, pmove=0.55
2026-05-29 17:17:51,640 - Step 02021: 3553.7104 E_h, exp. variance=0.2435 E_h^2, pmove=0.54
2026-05-29 17:17:51,802 - Step 02022: 3554.1108 E_h, exp. variance=0.2328 E_h^2, pmove=0.55
2026-05-29 17:17:51,967 - Step 02023: 3553.9138 E_h, exp. variance=0.2366 E_h^2, pmove=0.55
2026-05-29 17:17:52,132 - Step 02024: 3554.4343 E_h, exp. variance=0.2130 E_h^2, pmove=0.54
2026-05-29 17:17:52,294 - Step 02025: 3554.1934 E_h, exp. variance=0.1959 E_h^2, pmove=0.55
2026-05-29 17:17:52,454 - Step 02026: 3554.1477 E_h, exp. variance=0.1815 E_h^2, pmove=0.54
2026-05-29 17:17:52,625 - Step 02027: 3554.3408 E_h, exp. variance=0.1634 E_h^2, pmove=0.54
2026-05-29 17:17:52,790 - Step 02028: 3554.0903 E_h, exp. variance=0.1537 E_h^2, pmove=0.54
2026-05-29 17:17:52,952 - Step 02029: 3554.6230 E_h, exp. variance=0.1458 E_h^2, pmove=0.55
2026-05-29 17:17:53,114 - Step 02030: 3554.0312 E_h, exp. variance=0.1412 E_h^2, pmove=0.54
2026-05-29 17:17:53,274 - Step 02031: 3554.2400 E_h, exp. variance=0.1278 E_h^2, pmove=0.55
2026-05-29 17:17:53,437 - Step 02032: 3554.3967 E_h, exp. variance=0.1155 E_h^2, pmove=0.55
2026-05-29 17:17:53,598 - Step 02033: 3553.8025 E_h, exp. variance=0.1289 E_h^2, pmove=0.55
2026-05-29 17:17:53,760 - Step 02034: 3554.3555 E_h, exp. variance=0.1166 E_h^2, pmove=0.54
2026-05-29 17:17:53,939 - Step 02035: 3554.5876 E_h, exp. variance=0.1132 E_h^2, pmove=0.55
2026-05-29 17:17:54,104 - Step 02036: 3554.0273 E_h, exp. variance=0.1093 E_h^2, pmove=0.55
2026-05-29 17:17:54,268 - Step 02037: 3554.4170 E_h, exp. variance=0.0999 E_h^2, pmove=0.55
2026-05-29 17:17:54,434 - Step 02038: 3554.1772 E_h, exp. variance=0.0913 E_h^2, pmove=0.55
2026-05-29 17:17:54,597 - Step 02039: 3555.0210 E_h, exp. variance=0.1307 E_h^2, pmove=0.54
2026-05-29 17:17:54,760 - Step 02040: 3554.0386 E_h, exp. variance=0.1269 E_h^2, pmove=0.55
2026-05-29 17:17:54,943 - Step 02041: 3555.0676 E_h, exp. variance=0.1635 E_h^2, pmove=0.55
2026-05-29 17:17:55,108 - Step 02042: 3554.6865 E_h, exp. variance=0.1544 E_h^2, pmove=0.54
2026-05-29 17:17:55,272 - Step 02043: 3554.3755 E_h, exp. variance=0.1393 E_h^2, pmove=0.55
2026-05-29 17:17:55,436 - Step 02044: 3555.3247 E_h, exp. variance=0.1982 E_h^2, pmove=0.54
2026-05-29 17:17:55,599 - Step 02045: 3553.5801 E_h, exp. variance=0.2570 E_h^2, pmove=0.54
2026-05-29 17:17:55,763 - Step 02046: 3555.0981 E_h, exp. variance=0.2726 E_h^2, pmove=0.55
2026-05-29 17:17:55,927 - Step 02047: 3554.2217 E_h, exp. variance=0.2517 E_h^2, pmove=0.53
2026-05-29 17:17:56,091 - Step 02048: 3555.6106 E_h, exp. variance=0.3452 E_h^2, pmove=0.56
2026-05-29 17:17:56,256 - Step 02049: 3554.6289 E_h, exp. variance=0.3109 E_h^2, pmove=0.54
2026-05-29 17:17:56,419 - Step 02050: 3553.5229 E_h, exp. variance=0.3808 E_h^2, pmove=0.54
2026-05-29 17:17:56,583 - Step 02051: 3554.4414 E_h, exp. variance=0.3429 E_h^2, pmove=0.55
2026-05-29 17:17:56,747 - Step 02052: 3554.2913 E_h, exp. variance=0.3115 E_h^2, pmove=0.55
2026-05-29 17:17:56,915 - Step 02053: 3554.6758 E_h, exp. variance=0.2848 E_h^2, pmove=0.54
2026-05-29 17:17:57,077 - Step 02054: 3555.3335 E_h, exp. variance=0.3223 E_h^2, pmove=0.55
2026-05-29 17:17:57,237 - Step 02055: 3554.1179 E_h, exp. variance=0.3079 E_h^2, pmove=0.54
2026-05-29 17:17:57,398 - Step 02056: 3554.4670 E_h, exp. variance=0.2773 E_h^2, pmove=0.55
2026-05-29 17:17:57,558 - Step 02057: 3553.1851 E_h, exp. variance=0.4084 E_h^2, pmove=0.55
2026-05-29 17:17:57,722 - Step 02058: 3554.8459 E_h, exp. variance=0.3870 E_h^2, pmove=0.55
2026-05-29 17:17:57,886 - Step 02059: 3553.6016 E_h, exp. variance=0.4097 E_h^2, pmove=0.54
2026-05-29 17:17:58,049 - Step 02060: 3554.8718 E_h, exp. variance=0.3937 E_h^2, pmove=0.55
2026-05-29 17:17:58,211 - Step 02061: 3554.0093 E_h, exp. variance=0.3679 E_h^2, pmove=0.55
2026-05-29 17:17:58,372 - Step 02062: 3554.4731 E_h, exp. variance=0.3323 E_h^2, pmove=0.55
2026-05-29 17:17:58,533 - Step 02063: 3554.7288 E_h, exp. variance=0.3106 E_h^2, pmove=0.54
2026-05-29 17:17:58,695 - Step 02064: 3555.0854 E_h, exp. variance=0.3212 E_h^2, pmove=0.55
2026-05-29 17:17:58,856 - Step 02065: 3554.3979 E_h, exp. variance=0.2896 E_h^2, pmove=0.55
2026-05-29 17:17:59,017 - Step 02066: 3554.9756 E_h, exp. variance=0.2840 E_h^2, pmove=0.54
2026-05-29 17:17:59,183 - Step 02067: 3553.3999 E_h, exp. variance=0.3679 E_h^2, pmove=0.54
2026-05-29 17:17:59,346 - Step 02068: 3554.2637 E_h, exp. variance=0.3329 E_h^2, pmove=0.55
2026-05-29 17:17:59,508 - Step 02069: 3553.9731 E_h, exp. variance=0.3153 E_h^2, pmove=0.54
2026-05-29 17:17:59,670 - Step 02070: 3554.4858 E_h, exp. variance=0.2855 E_h^2, pmove=0.55
2026-05-29 17:17:59,834 - Step 02071: 3552.6316 E_h, exp. variance=0.5268 E_h^2, pmove=0.55
2026-05-29 17:17:59,997 - Step 02072: 3554.6042 E_h, exp. variance=0.4895 E_h^2, pmove=0.55
2026-05-29 17:18:00,160 - Step 02073: 3553.4124 E_h, exp. variance=0.5010 E_h^2, pmove=0.55
2026-05-29 17:18:00,331 - Step 02074: 3554.5139 E_h, exp. variance=0.4628 E_h^2, pmove=0.55
2026-05-29 17:18:00,496 - Step 02075: 3553.9331 E_h, exp. variance=0.4223 E_h^2, pmove=0.54
2026-05-29 17:18:00,658 - Step 02076: 3555.2510 E_h, exp. variance=0.4870 E_h^2, pmove=0.55
2026-05-29 17:18:00,825 - Step 02077: 3554.6501 E_h, exp. variance=0.4514 E_h^2, pmove=0.55
2026-05-29 17:18:00,987 - Step 02078: 3555.1880 E_h, exp. variance=0.4759 E_h^2, pmove=0.54
2026-05-29 17:18:01,149 - Step 02079: 3554.5635 E_h, exp. variance=0.4309 E_h^2, pmove=0.54
2026-05-29 17:18:01,318 - Step 02080: 3553.5962 E_h, exp. variance=0.4478 E_h^2, pmove=0.55
2026-05-29 17:18:01,484 - Step 02081: 3554.5381 E_h, exp. variance=0.4069 E_h^2, pmove=0.54
2026-05-29 17:18:01,645 - Step 02082: 3553.9980 E_h, exp. variance=0.3775 E_h^2, pmove=0.55
2026-05-29 17:18:01,807 - Step 02083: 3554.9043 E_h, exp. variance=0.3708 E_h^2, pmove=0.55
2026-05-29 17:18:01,968 - Step 02084: 3555.0298 E_h, exp. variance=0.3723 E_h^2, pmove=0.55
2026-05-29 17:18:02,130 - Step 02085: 3554.8667 E_h, exp. variance=0.3514 E_h^2, pmove=0.54
2026-05-29 17:18:02,295 - Step 02086: 3554.6846 E_h, exp. variance=0.3199 E_h^2, pmove=0.55
2026-05-29 17:18:02,458 - Step 02087: 3553.6118 E_h, exp. variance=0.3595 E_h^2, pmove=0.54
2026-05-29 17:18:02,619 - Step 02088: 3555.0640 E_h, exp. variance=0.3615 E_h^2, pmove=0.54
2026-05-29 17:18:02,786 - Step 02089: 3554.7119 E_h, exp. variance=0.3302 E_h^2, pmove=0.55
2026-05-29 17:18:02,949 - Step 02090: 3554.2778 E_h, exp. variance=0.3017 E_h^2, pmove=0.55
2026-05-29 17:18:03,115 - Step 02091: 3553.9556 E_h, exp. variance=0.2963 E_h^2, pmove=0.54
2026-05-29 17:18:03,282 - Step 02092: 3554.2568 E_h, exp. variance=0.2693 E_h^2, pmove=0.54
2026-05-29 17:18:03,443 - Step 02093: 3554.8081 E_h, exp. variance=0.2566 E_h^2, pmove=0.55
2026-05-29 17:18:03,604 - Step 02094: 3554.7412 E_h, exp. variance=0.2386 E_h^2, pmove=0.54
2026-05-29 17:18:03,766 - Step 02095: 3554.4368 E_h, exp. variance=0.2149 E_h^2, pmove=0.55
2026-05-29 17:18:03,926 - Step 02096: 3553.7263 E_h, exp. variance=0.2438 E_h^2, pmove=0.55
2026-05-29 17:18:04,085 - Step 02097: 3554.4453 E_h, exp. variance=0.2196 E_h^2, pmove=0.55
2026-05-29 17:18:04,247 - Step 02098: 3553.3955 E_h, exp. variance=0.2894 E_h^2, pmove=0.55
2026-05-29 17:18:04,406 - Step 02099: 3554.2573 E_h, exp. variance=0.2606 E_h^2, pmove=0.55
2026-05-29 17:18:04,571 - Step 02100: 3553.7324 E_h, exp. variance=0.2635 E_h^2, pmove=0.54
2026-05-29 17:18:04,734 - Step 02101: 3553.4705 E_h, exp. variance=0.2908 E_h^2, pmove=0.55
2026-05-29 17:18:04,896 - Step 02102: 3554.0769 E_h, exp. variance=0.2624 E_h^2, pmove=0.54
2026-05-29 17:18:05,056 - Step 02103: 3555.0015 E_h, exp. variance=0.3004 E_h^2, pmove=0.55
2026-05-29 17:18:05,218 - Step 02104: 3554.7822 E_h, exp. variance=0.2967 E_h^2, pmove=0.55
2026-05-29 17:18:05,379 - Step 02105: 3554.5771 E_h, exp. variance=0.2742 E_h^2, pmove=0.55
2026-05-29 17:18:05,544 - Step 02106: 3554.1213 E_h, exp. variance=0.2504 E_h^2, pmove=0.54
2026-05-29 17:18:05,706 - Step 02107: 3554.3894 E_h, exp. variance=0.2261 E_h^2, pmove=0.54
2026-05-29 17:18:05,867 - Step 02108: 3553.9336 E_h, exp. variance=0.2163 E_h^2, pmove=0.54
2026-05-29 17:18:06,029 - Step 02109: 3554.6616 E_h, exp. variance=0.2082 E_h^2, pmove=0.54
2026-05-29 17:18:06,189 - Step 02110: 3552.7324 E_h, exp. variance=0.4122 E_h^2, pmove=0.54
2026-05-29 17:18:06,352 - Step 02111: 3553.8477 E_h, exp. variance=0.3794 E_h^2, pmove=0.55
2026-05-29 17:18:06,514 - Step 02112: 3553.0703 E_h, exp. variance=0.4414 E_h^2, pmove=0.55
2026-05-29 17:18:06,676 - Step 02113: 3554.9426 E_h, exp. variance=0.4741 E_h^2, pmove=0.55
2026-05-29 17:18:06,837 - Step 02114: 3553.6143 E_h, exp. variance=0.4489 E_h^2, pmove=0.53
2026-05-29 17:18:06,996 - Step 02115: 3555.0977 E_h, exp. variance=0.5007 E_h^2, pmove=0.55
2026-05-29 17:18:07,159 - Step 02116: 3553.2705 E_h, exp. variance=0.5226 E_h^2, pmove=0.54
2026-05-29 17:18:07,321 - Step 02117: 3555.0447 E_h, exp. variance=0.5549 E_h^2, pmove=0.55
2026-05-29 17:18:07,482 - Step 02118: 3554.7197 E_h, exp. variance=0.5263 E_h^2, pmove=0.54
2026-05-29 17:18:07,644 - Step 02119: 3553.9316 E_h, exp. variance=0.4816 E_h^2, pmove=0.55
2026-05-29 17:18:07,812 - Step 02120: 3553.7471 E_h, exp. variance=0.4517 E_h^2, pmove=0.54
2026-05-29 17:18:07,976 - Step 02121: 3554.5059 E_h, exp. variance=0.4178 E_h^2, pmove=0.55
2026-05-29 17:18:08,138 - Step 02122: 3553.6499 E_h, exp. variance=0.4020 E_h^2, pmove=0.54
2026-05-29 17:18:08,302 - Step 02123: 3554.6018 E_h, exp. variance=0.3815 E_h^2, pmove=0.55
2026-05-29 17:18:08,463 - Step 02124: 3553.0112 E_h, exp. variance=0.4665 E_h^2, pmove=0.54
2026-05-29 17:18:08,626 - Step 02125: 3554.7983 E_h, exp. variance=0.4684 E_h^2, pmove=0.55
2026-05-29 17:18:08,789 - Step 02126: 3554.2812 E_h, exp. variance=0.4234 E_h^2, pmove=0.54
2026-05-29 17:18:08,951 - Step 02127: 3554.5684 E_h, exp. variance=0.3967 E_h^2, pmove=0.55
2026-05-29 17:18:09,121 - Step 02128: 3554.3384 E_h, exp. variance=0.3589 E_h^2, pmove=0.54
2026-05-29 17:18:09,287 - Step 02129: 3554.8345 E_h, exp. variance=0.3583 E_h^2, pmove=0.55
2026-05-29 17:18:09,449 - Step 02130: 3555.1191 E_h, exp. variance=0.3872 E_h^2, pmove=0.55
2026-05-29 17:18:09,613 - Step 02131: 3554.4990 E_h, exp. variance=0.3503 E_h^2, pmove=0.55
2026-05-29 17:18:09,774 - Step 02132: 3554.6760 E_h, exp. variance=0.3237 E_h^2, pmove=0.55
2026-05-29 17:18:09,937 - Step 02133: 3553.9692 E_h, exp. variance=0.3081 E_h^2, pmove=0.55
2026-05-29 17:18:10,098 - Step 02134: 3554.0593 E_h, exp. variance=0.2853 E_h^2, pmove=0.54
2026-05-29 17:18:10,261 - Step 02135: 3554.8706 E_h, exp. variance=0.2833 E_h^2, pmove=0.55
2026-05-29 17:18:10,421 - Step 02136: 3554.1392 E_h, exp. variance=0.2603 E_h^2, pmove=0.54
2026-05-29 17:18:10,584 - Step 02137: 3554.8169 E_h, exp. variance=0.2532 E_h^2, pmove=0.56
2026-05-29 17:18:10,745 - Step 02138: 3554.0977 E_h, exp. variance=0.2363 E_h^2, pmove=0.54
2026-05-29 17:18:10,906 - Step 02139: 3555.1682 E_h, exp. variance=0.2696 E_h^2, pmove=0.55
2026-05-29 17:18:11,068 - Step 02140: 3553.9839 E_h, exp. variance=0.2624 E_h^2, pmove=0.54
2026-05-29 17:18:11,235 - Step 02141: 3554.2485 E_h, exp. variance=0.2384 E_h^2, pmove=0.54
2026-05-29 17:18:11,398 - Step 02142: 3554.2917 E_h, exp. variance=0.2154 E_h^2, pmove=0.55
2026-05-29 17:18:11,562 - Step 02143: 3553.4280 E_h, exp. variance=0.2755 E_h^2, pmove=0.55
2026-05-29 17:18:11,727 - Step 02144: 3553.8491 E_h, exp. variance=0.2651 E_h^2, pmove=0.55
2026-05-29 17:18:11,895 - Step 02145: 3553.6360 E_h, exp. variance=0.2716 E_h^2, pmove=0.55
2026-05-29 17:18:12,063 - Step 02146: 3553.3340 E_h, exp. variance=0.3090 E_h^2, pmove=0.55
2026-05-29 17:18:12,240 - Step 02147: 3554.0098 E_h, exp. variance=0.2787 E_h^2, pmove=0.55
2026-05-29 17:18:12,404 - Step 02148: 3553.6045 E_h, exp. variance=0.2719 E_h^2, pmove=0.54
2026-05-29 17:18:12,578 - Step 02149: 3554.0020 E_h, exp. variance=0.2448 E_h^2, pmove=0.55
2026-05-29 17:18:12,740 - Step 02150: 3553.9045 E_h, exp. variance=0.2219 E_h^2, pmove=0.54
2026-05-29 17:18:12,903 - Step 02151: 3553.7686 E_h, exp. variance=0.2055 E_h^2, pmove=0.54
2026-05-29 17:18:13,072 - Step 02152: 3553.9863 E_h, exp. variance=0.1850 E_h^2, pmove=0.55
2026-05-29 17:18:13,235 - Step 02153: 3553.6079 E_h, exp. variance=0.1800 E_h^2, pmove=0.54
2026-05-29 17:18:13,397 - Step 02154: 3553.1816 E_h, exp. variance=0.2162 E_h^2, pmove=0.55
2026-05-29 17:18:13,559 - Step 02155: 3554.0361 E_h, exp. variance=0.1967 E_h^2, pmove=0.55
2026-05-29 17:18:13,719 - Step 02156: 3553.3640 E_h, exp. variance=0.2025 E_h^2, pmove=0.55
2026-05-29 17:18:13,883 - Step 02157: 3554.4817 E_h, exp. variance=0.2191 E_h^2, pmove=0.55
2026-05-29 17:18:14,045 - Step 02158: 3554.9385 E_h, exp. variance=0.2931 E_h^2, pmove=0.54
2026-05-29 17:18:14,206 - Step 02159: 3555.2952 E_h, exp. variance=0.4126 E_h^2, pmove=0.55
2026-05-29 17:18:14,371 - Step 02160: 3553.7368 E_h, exp. variance=0.3858 E_h^2, pmove=0.54
2026-05-29 17:18:14,536 - Step 02161: 3554.4631 E_h, exp. variance=0.3592 E_h^2, pmove=0.54
2026-05-29 17:18:14,696 - Step 02162: 3553.6050 E_h, exp. variance=0.3486 E_h^2, pmove=0.54
2026-05-29 17:18:14,861 - Step 02163: 3553.7776 E_h, exp. variance=0.3220 E_h^2, pmove=0.54
2026-05-29 17:18:15,024 - Step 02164: 3554.3901 E_h, exp. variance=0.3001 E_h^2, pmove=0.55
2026-05-29 17:18:15,185 - Step 02165: 3554.9521 E_h, exp. variance=0.3378 E_h^2, pmove=0.55
2026-05-29 17:18:15,346 - Step 02166: 3554.2427 E_h, exp. variance=0.3044 E_h^2, pmove=0.55
2026-05-29 17:18:15,508 - Step 02167: 3554.3445 E_h, exp. variance=0.2765 E_h^2, pmove=0.54
2026-05-29 17:18:15,669 - Step 02168: 3554.2329 E_h, exp. variance=0.2489 E_h^2, pmove=0.55
2026-05-29 17:18:15,829 - Step 02169: 3554.3218 E_h, exp. variance=0.2254 E_h^2, pmove=0.54
2026-05-29 17:18:15,988 - Step 02170: 3553.8135 E_h, exp. variance=0.2171 E_h^2, pmove=0.55
2026-05-29 17:18:16,151 - Step 02171: 3553.0386 E_h, exp. variance=0.3109 E_h^2, pmove=0.55
2026-05-29 17:18:16,313 - Step 02172: 3554.0859 E_h, exp. variance=0.2799 E_h^2, pmove=0.55
2026-05-29 17:18:16,474 - Step 02173: 3554.4976 E_h, exp. variance=0.2691 E_h^2, pmove=0.54
2026-05-29 17:18:16,638 - Step 02174: 3555.2297 E_h, exp. variance=0.3561 E_h^2, pmove=0.55
2026-05-29 17:18:16,824 - Step 02175: 3554.0547 E_h, exp. variance=0.3228 E_h^2, pmove=0.54
2026-05-29 17:18:16,992 - Step 02176: 3555.0786 E_h, exp. variance=0.3599 E_h^2, pmove=0.55
2026-05-29 17:18:17,156 - Step 02177: 3554.3691 E_h, exp. variance=0.3245 E_h^2, pmove=0.53
2026-05-29 17:18:17,317 - Step 02178: 3555.7771 E_h, exp. variance=0.4893 E_h^2, pmove=0.55
2026-05-29 17:18:17,476 - Step 02179: 3554.0847 E_h, exp. variance=0.4520 E_h^2, pmove=0.54
2026-05-29 17:18:17,637 - Step 02180: 3554.4961 E_h, exp. variance=0.4075 E_h^2, pmove=0.55
2026-05-29 17:18:17,798 - Step 02181: 3553.7686 E_h, exp. variance=0.4047 E_h^2, pmove=0.54
2026-05-29 17:18:17,959 - Step 02182: 3553.8630 E_h, exp. variance=0.3858 E_h^2, pmove=0.55
2026-05-29 17:18:18,119 - Step 02183: 3553.8477 E_h, exp. variance=0.3659 E_h^2, pmove=0.55
2026-05-29 17:18:18,280 - Step 02184: 3555.3945 E_h, exp. variance=0.4456 E_h^2, pmove=0.55
2026-05-29 17:18:18,442 - Step 02185: 3553.1199 E_h, exp. variance=0.5420 E_h^2, pmove=0.54
2026-05-29 17:18:18,606 - Step 02186: 3555.5022 E_h, exp. variance=0.6298 E_h^2, pmove=0.54
2026-05-29 17:18:18,769 - Step 02187: 3554.0366 E_h, exp. variance=0.5769 E_h^2, pmove=0.54
2026-05-29 17:18:18,931 - Step 02188: 3554.8206 E_h, exp. variance=0.5401 E_h^2, pmove=0.54
2026-05-29 17:18:19,094 - Step 02189: 3554.5693 E_h, exp. variance=0.4891 E_h^2, pmove=0.54
2026-05-29 17:18:19,257 - Step 02190: 3553.8237 E_h, exp. variance=0.4706 E_h^2, pmove=0.54
2026-05-29 17:18:19,420 - Step 02191: 3553.5955 E_h, exp. variance=0.4744 E_h^2, pmove=0.54
2026-05-29 17:18:19,579 - Step 02192: 3554.1343 E_h, exp. variance=0.4286 E_h^2, pmove=0.55
2026-05-29 17:18:19,743 - Step 02193: 3553.8726 E_h, exp. variance=0.3992 E_h^2, pmove=0.54
2026-05-29 17:18:19,910 - Step 02194: 3553.7959 E_h, exp. variance=0.3754 E_h^2, pmove=0.55
2026-05-29 17:18:20,073 - Step 02195: 3554.4375 E_h, exp. variance=0.3439 E_h^2, pmove=0.54
2026-05-29 17:18:20,251 - Step 02196: 3553.1257 E_h, exp. variance=0.4141 E_h^2, pmove=0.55
2026-05-29 17:18:20,415 - Step 02197: 3555.0217 E_h, exp. variance=0.4498 E_h^2, pmove=0.55
2026-05-29 17:18:20,583 - Step 02198: 3554.7593 E_h, exp. variance=0.4342 E_h^2, pmove=0.54
2026-05-29 17:18:20,749 - Step 02199: 3555.4543 E_h, exp. variance=0.5223 E_h^2, pmove=0.55
2026-05-29 17:18:20,916 - Step 02200: 3555.3264 E_h, exp. variance=0.5531 E_h^2, pmove=0.54
2026-05-29 17:18:21,086 - Step 02201: 3554.3242 E_h, exp. variance=0.4995 E_h^2, pmove=0.55
2026-05-29 17:18:21,254 - Step 02202: 3554.1292 E_h, exp. variance=0.4587 E_h^2, pmove=0.54
2026-05-29 17:18:21,422 - Step 02203: 3554.5005 E_h, exp. variance=0.4135 E_h^2, pmove=0.55
2026-05-29 17:18:21,590 - Step 02204: 3554.1038 E_h, exp. variance=0.3814 E_h^2, pmove=0.54
2026-05-29 17:18:21,757 - Step 02205: 3554.4834 E_h, exp. variance=0.3440 E_h^2, pmove=0.55
2026-05-29 17:18:21,922 - Step 02206: 3553.4932 E_h, exp. variance=0.3839 E_h^2, pmove=0.55
2026-05-29 17:18:22,088 - Step 02207: 3554.5627 E_h, exp. variance=0.3512 E_h^2, pmove=0.55
2026-05-29 17:18:22,254 - Step 02208: 3553.1421 E_h, exp. variance=0.4444 E_h^2, pmove=0.54
2026-05-29 17:18:22,418 - Step 02209: 3554.3743 E_h, exp. variance=0.4022 E_h^2, pmove=0.55
2026-05-29 17:18:22,582 - Step 02210: 3553.7537 E_h, exp. variance=0.3826 E_h^2, pmove=0.54
2026-05-29 17:18:22,748 - Step 02211: 3554.2642 E_h, exp. variance=0.3449 E_h^2, pmove=0.55
2026-05-29 17:18:22,912 - Step 02212: 3554.2041 E_h, exp. variance=0.3104 E_h^2, pmove=0.54
2026-05-29 17:18:23,075 - Step 02213: 3554.5063 E_h, exp. variance=0.2882 E_h^2, pmove=0.55
2026-05-29 17:18:23,243 - Step 02214: 3554.9736 E_h, exp. variance=0.3098 E_h^2, pmove=0.54
2026-05-29 17:18:23,407 - Step 02215: 3554.7305 E_h, exp. variance=0.2955 E_h^2, pmove=0.55
2026-05-29 17:18:23,571 - Step 02216: 3554.6287 E_h, exp. variance=0.2733 E_h^2, pmove=0.54
2026-05-29 17:18:23,735 - Step 02217: 3554.6086 E_h, exp. variance=0.2510 E_h^2, pmove=0.55
2026-05-29 17:18:23,903 - Step 02218: 3554.6960 E_h, exp. variance=0.2340 E_h^2, pmove=0.55
2026-05-29 17:18:24,079 - Step 02219: 3555.0173 E_h, exp. variance=0.2422 E_h^2, pmove=0.55
2026-05-29 17:18:24,243 - Step 02220: 3553.7224 E_h, exp. variance=0.2702 E_h^2, pmove=0.54
2026-05-29 17:18:24,412 - Step 02221: 3553.9985 E_h, exp. variance=0.2583 E_h^2, pmove=0.55
2026-05-29 17:18:24,577 - Step 02222: 3554.0029 E_h, exp. variance=0.2444 E_h^2, pmove=0.55
2026-05-29 17:18:24,740 - Step 02223: 3554.3408 E_h, exp. variance=0.2200 E_h^2, pmove=0.55
2026-05-29 17:18:24,904 - Step 02224: 3554.0344 E_h, exp. variance=0.2059 E_h^2, pmove=0.55
2026-05-29 17:18:25,066 - Step 02225: 3554.2632 E_h, exp. variance=0.1855 E_h^2, pmove=0.55
2026-05-29 17:18:25,231 - Step 02226: 3554.5168 E_h, exp. variance=0.1712 E_h^2, pmove=0.54
2026-05-29 17:18:25,395 - Step 02227: 3554.4473 E_h, exp. variance=0.1556 E_h^2, pmove=0.54
2026-05-29 17:18:25,558 - Step 02228: 3553.9875 E_h, exp. variance=0.1507 E_h^2, pmove=0.55
2026-05-29 17:18:25,719 - Step 02229: 3554.3057 E_h, exp. variance=0.1357 E_h^2, pmove=0.54
2026-05-29 17:18:25,880 - Step 02230: 3554.6692 E_h, exp. variance=0.1344 E_h^2, pmove=0.55
2026-05-29 17:18:26,043 - Step 02231: 3555.2810 E_h, exp. variance=0.2013 E_h^2, pmove=0.55
2026-05-29 17:18:26,207 - Step 02232: 3555.6338 E_h, exp. variance=0.3115 E_h^2, pmove=0.55
2026-05-29 17:18:26,368 - Step 02233: 3555.1541 E_h, exp. variance=0.3131 E_h^2, pmove=0.55
2026-05-29 17:18:26,536 - Step 02234: 3553.2065 E_h, exp. variance=0.4594 E_h^2, pmove=0.54
2026-05-29 17:18:26,697 - Step 02235: 3555.2317 E_h, exp. variance=0.4655 E_h^2, pmove=0.55
2026-05-29 17:18:26,858 - Step 02236: 3554.1570 E_h, exp. variance=0.4327 E_h^2, pmove=0.54
2026-05-29 17:18:27,020 - Step 02237: 3554.0449 E_h, exp. variance=0.4087 E_h^2, pmove=0.54
2026-05-29 17:18:27,182 - Step 02238: 3553.9958 E_h, exp. variance=0.3874 E_h^2, pmove=0.54
2026-05-29 17:18:27,343 - Step 02239: 3553.7361 E_h, exp. variance=0.3901 E_h^2, pmove=0.55
2026-05-29 17:18:27,503 - Step 02240: 3553.4097 E_h, exp. variance=0.4302 E_h^2, pmove=0.54
2026-05-29 17:18:27,667 - Step 02241: 3555.4028 E_h, exp. variance=0.5061 E_h^2, pmove=0.55
2026-05-29 17:18:27,834 - Step 02242: 3554.5962 E_h, exp. variance=0.4601 E_h^2, pmove=0.54
2026-05-29 17:18:28,002 - Step 02243: 3554.3394 E_h, exp. variance=0.4144 E_h^2, pmove=0.54
2026-05-29 17:18:28,167 - Step 02244: 3554.1196 E_h, exp. variance=0.3793 E_h^2, pmove=0.55
2026-05-29 17:18:28,328 - Step 02245: 3553.7520 E_h, exp. variance=0.3746 E_h^2, pmove=0.55
2026-05-29 17:18:28,504 - Step 02246: 3554.3774 E_h, exp. variance=0.3377 E_h^2, pmove=0.55
2026-05-29 17:18:28,677 - Step 02247: 3553.1963 E_h, exp. variance=0.4148 E_h^2, pmove=0.54
2026-05-29 17:18:28,848 - Step 02248: 3553.7371 E_h, exp. variance=0.3923 E_h^2, pmove=0.56
2026-05-29 17:18:29,010 - Step 02249: 3554.1284 E_h, exp. variance=0.3531 E_h^2, pmove=0.55
2026-05-29 17:18:29,176 - Step 02250: 3554.2832 E_h, exp. variance=0.3194 E_h^2, pmove=0.55
2026-05-29 17:18:29,341 - Step 02251: 3553.6050 E_h, exp. variance=0.3153 E_h^2, pmove=0.55
2026-05-29 17:18:29,508 - Step 02252: 3553.5513 E_h, exp. variance=0.3114 E_h^2, pmove=0.55
2026-05-29 17:18:29,675 - Step 02253: 3553.7646 E_h, exp. variance=0.2876 E_h^2, pmove=0.54
2026-05-29 17:18:29,837 - Step 02254: 3553.7285 E_h, exp. variance=0.2665 E_h^2, pmove=0.54
2026-05-29 17:18:29,999 - Step 02255: 3553.6313 E_h, exp. variance=0.2516 E_h^2, pmove=0.55
2026-05-29 17:18:30,160 - Step 02256: 3553.5195 E_h, exp. variance=0.2435 E_h^2, pmove=0.55
2026-05-29 17:18:30,320 - Step 02257: 3553.7561 E_h, exp. variance=0.2214 E_h^2, pmove=0.55
2026-05-29 17:18:30,482 - Step 02258: 3553.5977 E_h, exp. variance=0.2073 E_h^2, pmove=0.54
2026-05-29 17:18:30,645 - Step 02259: 3554.6372 E_h, exp. variance=0.2400 E_h^2, pmove=0.55
2026-05-29 17:18:30,822 - Step 02260: 3554.6938 E_h, exp. variance=0.2666 E_h^2, pmove=0.54
2026-05-29 17:18:30,985 - Step 02261: 3554.1731 E_h, exp. variance=0.2421 E_h^2, pmove=0.54
2026-05-29 17:18:31,146 - Step 02262: 3554.0671 E_h, exp. variance=0.2180 E_h^2, pmove=0.55
2026-05-29 17:18:31,308 - Step 02263: 3553.5967 E_h, exp. variance=0.2137 E_h^2, pmove=0.55
2026-05-29 17:18:31,472 - Step 02264: 3553.8081 E_h, exp. variance=0.1954 E_h^2, pmove=0.55
2026-05-29 17:18:31,634 - Step 02265: 3553.6475 E_h, exp. variance=0.1855 E_h^2, pmove=0.55
2026-05-29 17:18:31,795 - Step 02266: 3553.9272 E_h, exp. variance=0.1670 E_h^2, pmove=0.55
2026-05-29 17:18:31,960 - Step 02267: 3554.1304 E_h, exp. variance=0.1535 E_h^2, pmove=0.54
2026-05-29 17:18:32,123 - Step 02268: 3554.4302 E_h, exp. variance=0.1581 E_h^2, pmove=0.55
2026-05-29 17:18:32,287 - Step 02269: 3554.4707 E_h, exp. variance=0.1616 E_h^2, pmove=0.55
2026-05-29 17:18:32,448 - Step 02270: 3554.5728 E_h, exp. variance=0.1698 E_h^2, pmove=0.54
2026-05-29 17:18:32,610 - Step 02271: 3553.3369 E_h, exp. variance=0.2059 E_h^2, pmove=0.55
2026-05-29 17:18:32,773 - Step 02272: 3553.6289 E_h, exp. variance=0.1997 E_h^2, pmove=0.55
2026-05-29 17:18:32,934 - Step 02273: 3554.0928 E_h, exp. variance=0.1807 E_h^2, pmove=0.55
2026-05-29 17:18:33,099 - Step 02274: 3553.2866 E_h, exp. variance=0.2083 E_h^2, pmove=0.55
2026-05-29 17:18:33,262 - Step 02275: 3553.8237 E_h, exp. variance=0.1884 E_h^2, pmove=0.55
2026-05-29 17:18:33,426 - Step 02276: 3553.2676 E_h, exp. variance=0.2075 E_h^2, pmove=0.54
2026-05-29 17:18:33,589 - Step 02277: 3554.0903 E_h, exp. variance=0.1919 E_h^2, pmove=0.55
2026-05-29 17:18:33,755 - Step 02278: 3554.4729 E_h, exp. variance=0.2048 E_h^2, pmove=0.54
2026-05-29 17:18:33,917 - Step 02279: 3553.0837 E_h, exp. variance=0.2496 E_h^2, pmove=0.54
2026-05-29 17:18:34,079 - Step 02280: 3554.1201 E_h, exp. variance=0.2312 E_h^2, pmove=0.55
2026-05-29 17:18:34,240 - Step 02281: 3553.8862 E_h, exp. variance=0.2081 E_h^2, pmove=0.55
2026-05-29 17:18:34,404 - Step 02282: 3553.7393 E_h, exp. variance=0.1890 E_h^2, pmove=0.55
2026-05-29 17:18:34,572 - Step 02283: 3553.9668 E_h, exp. variance=0.1710 E_h^2, pmove=0.55
2026-05-29 17:18:34,735 - Step 02284: 3553.7947 E_h, exp. variance=0.1545 E_h^2, pmove=0.54
2026-05-29 17:18:34,898 - Step 02285: 3553.6738 E_h, exp. variance=0.1424 E_h^2, pmove=0.55
2026-05-29 17:18:35,066 - Step 02286: 3553.0920 E_h, exp. variance=0.1795 E_h^2, pmove=0.55
2026-05-29 17:18:35,242 - Step 02287: 3554.5710 E_h, exp. variance=0.2190 E_h^2, pmove=0.55
2026-05-29 17:18:35,405 - Step 02288: 3553.7654 E_h, exp. variance=0.1978 E_h^2, pmove=0.55
2026-05-29 17:18:35,568 - Step 02289: 3554.7898 E_h, exp. variance=0.2587 E_h^2, pmove=0.55
2026-05-29 17:18:35,732 - Step 02290: 3553.1377 E_h, exp. variance=0.2904 E_h^2, pmove=0.54
2026-05-29 17:18:35,894 - Step 02291: 3552.9829 E_h, exp. variance=0.3303 E_h^2, pmove=0.55
2026-05-29 17:18:36,055 - Step 02292: 3553.5303 E_h, exp. variance=0.3025 E_h^2, pmove=0.55
2026-05-29 17:18:36,216 - Step 02293: 3553.7278 E_h, exp. variance=0.2722 E_h^2, pmove=0.55
2026-05-29 17:18:36,377 - Step 02294: 3554.3379 E_h, exp. variance=0.2767 E_h^2, pmove=0.54
2026-05-29 17:18:36,538 - Step 02295: 3553.7302 E_h, exp. variance=0.2495 E_h^2, pmove=0.55
2026-05-29 17:18:36,698 - Step 02296: 3553.7095 E_h, exp. variance=0.2253 E_h^2, pmove=0.55
2026-05-29 17:18:36,858 - Step 02297: 3554.2275 E_h, exp. variance=0.2201 E_h^2, pmove=0.54
2026-05-29 17:18:37,018 - Step 02298: 3554.0046 E_h, exp. variance=0.2008 E_h^2, pmove=0.55
2026-05-29 17:18:37,184 - Step 02299: 3555.0513 E_h, exp. variance=0.3108 E_h^2, pmove=0.55
2026-05-29 17:18:37,344 - Step 02300: 3554.4683 E_h, exp. variance=0.3021 E_h^2, pmove=0.54
2026-05-29 17:18:37,505 - Step 02301: 3554.7227 E_h, exp. variance=0.3165 E_h^2, pmove=0.55
2026-05-29 17:18:37,665 - Step 02302: 3553.7253 E_h, exp. variance=0.2967 E_h^2, pmove=0.54
2026-05-29 17:18:37,826 - Step 02303: 3554.0225 E_h, exp. variance=0.2672 E_h^2, pmove=0.55
2026-05-29 17:18:37,987 - Step 02304: 3553.6401 E_h, exp. variance=0.2555 E_h^2, pmove=0.54
2026-05-29 17:18:38,150 - Step 02305: 3554.6946 E_h, exp. variance=0.2723 E_h^2, pmove=0.55
2026-05-29 17:18:38,314 - Step 02306: 3554.0686 E_h, exp. variance=0.2451 E_h^2, pmove=0.55
2026-05-29 17:18:38,477 - Step 02307: 3554.7378 E_h, exp. variance=0.2600 E_h^2, pmove=0.55
2026-05-29 17:18:38,639 - Step 02308: 3553.6816 E_h, exp. variance=0.2531 E_h^2, pmove=0.54
2026-05-29 17:18:38,802 - Step 02309: 3553.3982 E_h, exp. variance=0.2716 E_h^2, pmove=0.55
2026-05-29 17:18:38,965 - Step 02310: 3554.4688 E_h, exp. variance=0.2621 E_h^2, pmove=0.54
2026-05-29 17:18:39,126 - Step 02311: 3553.9219 E_h, exp. variance=0.2379 E_h^2, pmove=0.54
2026-05-29 17:18:39,287 - Step 02312: 3553.6523 E_h, exp. variance=0.2287 E_h^2, pmove=0.54
2026-05-29 17:18:39,447 - Step 02313: 3553.9146 E_h, exp. variance=0.2068 E_h^2, pmove=0.55
2026-05-29 17:18:39,608 - Step 02314: 3554.0928 E_h, exp. variance=0.1868 E_h^2, pmove=0.55
2026-05-29 17:18:39,769 - Step 02315: 3553.1353 E_h, exp. variance=0.2377 E_h^2, pmove=0.54
2026-05-29 17:18:39,935 - Step 02316: 3554.6013 E_h, exp. variance=0.2549 E_h^2, pmove=0.55
2026-05-29 17:18:40,100 - Step 02317: 3553.4688 E_h, exp. variance=0.2542 E_h^2, pmove=0.54
2026-05-29 17:18:40,264 - Step 02318: 3553.7009 E_h, exp. variance=0.2340 E_h^2, pmove=0.55
2026-05-29 17:18:40,426 - Step 02319: 3554.0732 E_h, exp. variance=0.2128 E_h^2, pmove=0.55
2026-05-29 17:18:40,589 - Step 02320: 3552.9292 E_h, exp. variance=0.2822 E_h^2, pmove=0.54
2026-05-29 17:18:40,749 - Step 02321: 3555.2778 E_h, exp. variance=0.4419 E_h^2, pmove=0.56
2026-05-29 17:18:40,914 - Step 02322: 3553.7524 E_h, exp. variance=0.4023 E_h^2, pmove=0.54
2026-05-29 17:18:41,078 - Step 02323: 3554.5425 E_h, exp. variance=0.3931 E_h^2, pmove=0.55
2026-05-29 17:18:41,241 - Step 02324: 3554.4785 E_h, exp. variance=0.3733 E_h^2, pmove=0.55
2026-05-29 17:18:41,401 - Step 02325: 3555.4985 E_h, exp. variance=0.5222 E_h^2, pmove=0.54
2026-05-29 17:18:41,563 - Step 02326: 3554.3079 E_h, exp. variance=0.4709 E_h^2, pmove=0.54
2026-05-29 17:18:41,725 - Step 02327: 3554.5225 E_h, exp. variance=0.4324 E_h^2, pmove=0.54
2026-05-29 17:18:41,889 - Step 02328: 3553.3406 E_h, exp. variance=0.4628 E_h^2, pmove=0.55
2026-05-29 17:18:42,054 - Step 02329: 3554.7214 E_h, exp. variance=0.4454 E_h^2, pmove=0.55
2026-05-29 17:18:42,218 - Step 02330: 3555.3074 E_h, exp. variance=0.5090 E_h^2, pmove=0.54
2026-05-29 17:18:42,383 - Step 02331: 3553.9712 E_h, exp. variance=0.4691 E_h^2, pmove=0.54
2026-05-29 17:18:42,547 - Step 02332: 3555.1812 E_h, exp. variance=0.4943 E_h^2, pmove=0.55
2026-05-29 17:18:42,711 - Step 02333: 3553.3413 E_h, exp. variance=0.5411 E_h^2, pmove=0.54
2026-05-29 17:18:42,872 - Step 02334: 3554.0078 E_h, exp. variance=0.4933 E_h^2, pmove=0.55
2026-05-29 17:18:43,034 - Step 02335: 3553.8018 E_h, exp. variance=0.4617 E_h^2, pmove=0.54
2026-05-29 17:18:43,196 - Step 02336: 3553.4001 E_h, exp. variance=0.4733 E_h^2, pmove=0.55
2026-05-29 17:18:43,358 - Step 02337: 3552.6831 E_h, exp. variance=0.6122 E_h^2, pmove=0.54
2026-05-29 17:18:43,519 - Step 02338: 3553.4316 E_h, exp. variance=0.5778 E_h^2, pmove=0.54
2026-05-29 17:18:43,680 - Step 02339: 3552.9565 E_h, exp. variance=0.6040 E_h^2, pmove=0.54
2026-05-29 17:18:43,842 - Step 02340: 3554.4419 E_h, exp. variance=0.5778 E_h^2, pmove=0.55
2026-05-29 17:18:44,004 - Step 02341: 3554.1748 E_h, exp. variance=0.5274 E_h^2, pmove=0.54
2026-05-29 17:18:44,166 - Step 02342: 3554.8650 E_h, exp. variance=0.5556 E_h^2, pmove=0.55
2026-05-29 17:18:44,338 - Step 02343: 3553.1956 E_h, exp. variance=0.5599 E_h^2, pmove=0.55
2026-05-29 17:18:44,502 - Step 02344: 3554.2217 E_h, exp. variance=0.5116 E_h^2, pmove=0.55
2026-05-29 17:18:44,668 - Step 02345: 3554.0439 E_h, exp. variance=0.4611 E_h^2, pmove=0.54
2026-05-29 17:18:44,669 - Saving checkpoint results/bilayer-bosons/BosonNet/N10_layers10_0_rs0.5_d0.0_D50.0_sq/qmcjax_ckpt_002345.npz
2026-05-29 17:18:44,929 - Step 02346: 3554.2173 E_h, exp. variance=0.4206 E_h^2, pmove=0.55
2026-05-29 17:18:45,094 - Step 02347: 3553.5776 E_h, exp. variance=0.3940 E_h^2, pmove=0.54
2026-05-29 17:18:45,259 - Step 02348: 3554.4941 E_h, exp. variance=0.3812 E_h^2, pmove=0.55
2026-05-29 17:18:45,423 - Step 02349: 3554.3054 E_h, exp. variance=0.3512 E_h^2, pmove=0.54
2026-05-29 17:18:45,586 - Step 02350: 3555.3862 E_h, exp. variance=0.4803 E_h^2, pmove=0.54
2026-05-29 17:18:45,748 - Step 02351: 3555.8975 E_h, exp. variance=0.7007 E_h^2, pmove=0.55
2026-05-29 17:18:45,912 - Step 02352: 3556.9243 E_h, exp. variance=1.2303 E_h^2, pmove=0.55
2026-05-29 17:18:46,076 - Step 02353: 3552.6069 E_h, exp. variance=1.4652 E_h^2, pmove=0.54
2026-05-29 17:18:46,239 - Step 02354: 3554.5845 E_h, exp. variance=1.3217 E_h^2, pmove=0.55
2026-05-29 17:18:46,402 - Step 02355: 3553.2793 E_h, exp. variance=1.3066 E_h^2, pmove=0.54
2026-05-29 17:18:46,563 - Step 02356: 3553.9119 E_h, exp. variance=1.1899 E_h^2, pmove=0.55
2026-05-29 17:18:46,726 - Step 02357: 3553.8142 E_h, exp. variance=1.0893 E_h^2, pmove=0.54
2026-05-29 17:18:46,889 - Step 02358: 3554.0503 E_h, exp. variance=0.9830 E_h^2, pmove=0.55
2026-05-29 17:18:47,054 - Step 02359: 3554.1553 E_h, exp. variance=0.8849 E_h^2, pmove=0.54
2026-05-29 17:18:47,216 - Step 02360: 3554.6719 E_h, exp. variance=0.8165 E_h^2, pmove=0.55
2026-05-29 17:18:47,377 - Step 02361: 3554.5120 E_h, exp. variance=0.7412 E_h^2, pmove=0.55
2026-05-29 17:18:47,539 - Step 02362: 3553.8042 E_h, exp. variance=0.6869 E_h^2, pmove=0.55
2026-05-29 17:18:47,703 - Step 02363: 3554.0732 E_h, exp. variance=0.6203 E_h^2, pmove=0.54
2026-05-29 17:18:47,866 - Step 02364: 3554.8447 E_h, exp. variance=0.5944 E_h^2, pmove=0.55
2026-05-29 17:18:48,030 - Step 02365: 3554.4519 E_h, exp. variance=0.5378 E_h^2, pmove=0.55
2026-05-29 17:18:48,191 - Step 02366: 3555.0918 E_h, exp. variance=0.5416 E_h^2, pmove=0.55
2026-05-29 17:18:48,352 - Step 02367: 3554.2588 E_h, exp. variance=0.4886 E_h^2, pmove=0.55
2026-05-29 17:18:48,514 - Step 02368: 3554.3508 E_h, exp. variance=0.4397 E_h^2, pmove=0.55
2026-05-29 17:18:48,677 - Step 02369: 3553.8979 E_h, exp. variance=0.4150 E_h^2, pmove=0.54
2026-05-29 17:18:48,841 - Step 02370: 3554.6138 E_h, exp. variance=0.3816 E_h^2, pmove=0.55
2026-05-29 17:18:49,006 - Step 02371: 3554.1653 E_h, exp. variance=0.3463 E_h^2, pmove=0.55
2026-05-29 17:18:49,169 - Step 02372: 3553.5369 E_h, exp. variance=0.3677 E_h^2, pmove=0.55
2026-05-29 17:18:49,346 - Step 02373: 3554.7124 E_h, exp. variance=0.3504 E_h^2, pmove=0.55
2026-05-29 17:18:49,508 - Step 02374: 3554.2607 E_h, exp. variance=0.3155 E_h^2, pmove=0.54
2026-05-29 17:18:49,671 - Step 02375: 3554.3804 E_h, exp. variance=0.2846 E_h^2, pmove=0.54
2026-05-29 17:18:49,842 - Step 02376: 3554.4822 E_h, exp. variance=0.2592 E_h^2, pmove=0.54
2026-05-29 17:18:50,008 - Step 02377: 3554.1995 E_h, exp. variance=0.2345 E_h^2, pmove=0.54
2026-05-29 17:18:50,173 - Step 02378: 3554.2561 E_h, exp. variance=0.2113 E_h^2, pmove=0.55
2026-05-29 17:18:50,342 - Step 02379: 3554.5283 E_h, exp. variance=0.1948 E_h^2, pmove=0.54
2026-05-29 17:18:50,506 - Step 02380: 3554.1672 E_h, exp. variance=0.1775 E_h^2, pmove=0.55
2026-05-29 17:18:50,672 - Step 02381: 3555.0596 E_h, exp. variance=0.2106 E_h^2, pmove=0.55
2026-05-29 17:18:51,677 - Step 02382: 3553.9182 E_h, exp. variance=0.2090 E_h^2, pmove=0.54
2026-05-29 17:18:51,839 - Step 02383: 3554.9158 E_h, exp. variance=0.2183 E_h^2, pmove=0.55
2026-05-29 17:18:52,002 - Step 02384: 3554.3171 E_h, exp. variance=0.1970 E_h^2, pmove=0.54
2026-05-29 17:18:52,165 - Step 02385: 3554.8105 E_h, exp. variance=0.1934 E_h^2, pmove=0.54
2026-05-29 17:18:52,328 - Step 02386: 3553.9883 E_h, exp. variance=0.1916 E_h^2, pmove=0.55
2026-05-29 17:18:52,490 - Step 02387: 3554.8667 E_h, exp. variance=0.1933 E_h^2, pmove=0.55
2026-05-29 17:18:52,652 - Step 02388: 3554.3140 E_h, exp. variance=0.1753 E_h^2, pmove=0.55
2026-05-29 17:18:52,815 - Step 02389: 3554.9209 E_h, exp. variance=0.1802 E_h^2, pmove=0.55
2026-05-29 17:18:52,991 - Step 02390: 3554.3857 E_h, exp. variance=0.1628 E_h^2, pmove=0.55
2026-05-29 17:18:53,157 - Step 02391: 3555.3923 E_h, exp. variance=0.2243 E_h^2, pmove=0.55
2026-05-29 17:18:53,322 - Step 02392: 3554.6230 E_h, exp. variance=0.2023 E_h^2, pmove=0.53
2026-05-29 17:18:53,488 - Step 02393: 3553.9668 E_h, exp. variance=0.2140 E_h^2, pmove=0.55
2026-05-29 17:18:53,652 - Step 02394: 3554.3315 E_h, exp. variance=0.1953 E_h^2, pmove=0.55
2026-05-29 17:18:53,815 - Step 02395: 3553.5063 E_h, exp. variance=0.2621 E_h^2, pmove=0.54
2026-05-29 17:18:53,982 - Step 02396: 3554.5327 E_h, exp. variance=0.2378 E_h^2, pmove=0.54
2026-05-29 17:18:54,146 - Step 02397: 3554.1443 E_h, exp. variance=0.2200 E_h^2, pmove=0.55
2026-05-29 17:18:54,323 - Step 02398: 3554.6172 E_h, exp. variance=0.2032 E_h^2, pmove=0.54
2026-05-29 17:18:54,487 - Step 02399: 3554.2571 E_h, exp. variance=0.1847 E_h^2, pmove=0.54
2026-05-29 17:18:54,649 - Step 02400: 3553.5647 E_h, exp. variance=0.2270 E_h^2, pmove=0.55
2026-05-29 17:18:54,813 - Step 02401: 3554.1345 E_h, exp. variance=0.2069 E_h^2, pmove=0.55
2026-05-29 17:18:54,976 - Step 02402: 3554.1013 E_h, exp. variance=0.1893 E_h^2, pmove=0.55
2026-05-29 17:18:55,139 - Step 02403: 3554.3916 E_h, exp. variance=0.1717 E_h^2, pmove=0.55
2026-05-29 17:18:55,305 - Step 02404: 3553.2393 E_h, exp. variance=0.2522 E_h^2, pmove=0.54
2026-05-29 17:18:55,466 - Step 02405: 3552.9780 E_h, exp. variance=0.3562 E_h^2, pmove=0.55
2026-05-29 17:18:55,628 - Step 02406: 3553.3589 E_h, exp. variance=0.3644 E_h^2, pmove=0.55
2026-05-29 17:18:55,792 - Step 02407: 3553.5415 E_h, exp. variance=0.3458 E_h^2, pmove=0.54
2026-05-29 17:18:55,954 - Step 02408: 3553.9629 E_h, exp. variance=0.3113 E_h^2, pmove=0.55
2026-05-29 17:18:56,122 - Step 02409: 3553.5581 E_h, exp. variance=0.2936 E_h^2, pmove=0.54
2026-05-29 17:18:56,286 - Step 02410: 3554.4751 E_h, exp. variance=0.2934 E_h^2, pmove=0.55
2026-05-29 17:18:56,456 - Step 02411: 3553.6946 E_h, exp. variance=0.2705 E_h^2, pmove=0.54
2026-05-29 17:18:56,626 - Step 02412: 3554.2500 E_h, exp. variance=0.2524 E_h^2, pmove=0.54
2026-05-29 17:18:56,802 - Step 02413: 3554.0796 E_h, exp. variance=0.2283 E_h^2, pmove=0.55
2026-05-29 17:18:56,966 - Step 02414: 3554.5718 E_h, exp. variance=0.2371 E_h^2, pmove=0.54
2026-05-29 17:18:57,128 - Step 02415: 3553.9189 E_h, exp. variance=0.2147 E_h^2, pmove=0.55
2026-05-29 17:18:57,299 - Step 02416: 3554.4570 E_h, exp. variance=0.2099 E_h^2, pmove=0.54
2026-05-29 17:18:57,464 - Step 02417: 3554.4424 E_h, exp. variance=0.2015 E_h^2, pmove=0.54
2026-05-29 17:18:57,630 - Step 02418: 3554.0068 E_h, exp. variance=0.1822 E_h^2, pmove=0.54
2026-05-29 17:18:57,799 - Step 02419: 3553.9858 E_h, exp. variance=0.1651 E_h^2, pmove=0.54
2026-05-29 17:18:57,964 - Step 02420: 3553.7886 E_h, exp. variance=0.1565 E_h^2, pmove=0.55
2026-05-29 17:18:58,128 - Step 02421: 3554.0879 E_h, exp. variance=0.1410 E_h^2, pmove=0.55
2026-05-29 17:18:58,306 - Step 02422: 3554.4902 E_h, exp. variance=0.1436 E_h^2, pmove=0.55
2026-05-29 17:18:58,477 - Step 02423: 3554.0586 E_h, exp. variance=0.1294 E_h^2, pmove=0.54
2026-05-29 17:18:58,646 - Step 02424: 3553.3188 E_h, exp. variance=0.1711 E_h^2, pmove=0.55
2026-05-29 17:18:58,813 - Step 02425: 3553.6270 E_h, exp. variance=0.1679 E_h^2, pmove=0.54
2026-05-29 17:18:58,979 - Step 02426: 3553.3494 E_h, exp. variance=0.1869 E_h^2, pmove=0.55
2026-05-29 17:18:59,144 - Step 02427: 3554.2861 E_h, exp. variance=0.1805 E_h^2, pmove=0.55
2026-05-29 17:18:59,306 - Step 02428: 3553.1528 E_h, exp. variance=0.2202 E_h^2, pmove=0.55
2026-05-29 17:18:59,470 - Step 02429: 3553.7874 E_h, exp. variance=0.1989 E_h^2, pmove=0.55
2026-05-29 17:18:59,633 - Step 02430: 3552.8599 E_h, exp. variance=0.2700 E_h^2, pmove=0.55
2026-05-29 17:18:59,795 - Step 02431: 3554.4722 E_h, exp. variance=0.2880 E_h^2, pmove=0.55
2026-05-29 17:18:59,957 - Step 02432: 3553.5205 E_h, exp. variance=0.2682 E_h^2, pmove=0.54
2026-05-29 17:19:00,120 - Step 02433: 3553.8345 E_h, exp. variance=0.2414 E_h^2, pmove=0.55
2026-05-29 17:19:00,283 - Step 02434: 3554.0505 E_h, exp. variance=0.2226 E_h^2, pmove=0.55
2026-05-29 17:19:00,446 - Step 02435: 3554.1948 E_h, exp. variance=0.2122 E_h^2, pmove=0.55
2026-05-29 17:19:00,606 - Step 02436: 3554.3015 E_h, exp. variance=0.2079 E_h^2, pmove=0.55
2026-05-29 17:19:00,768 - Step 02437: 3553.7661 E_h, exp. variance=0.1890 E_h^2, pmove=0.55
2026-05-29 17:19:00,930 - Step 02438: 3554.1494 E_h, exp. variance=0.1759 E_h^2, pmove=0.55
2026-05-29 17:19:01,096 - Step 02439: 3554.4465 E_h, exp. variance=0.1830 E_h^2, pmove=0.54
2026-05-29 17:19:01,258 - Step 02440: 3553.8765 E_h, exp. variance=0.1656 E_h^2, pmove=0.54
2026-05-29 17:19:01,424 - Step 02441: 3553.6436 E_h, exp. variance=0.1583 E_h^2, pmove=0.55
2026-05-29 17:19:01,600 - Step 02442: 3553.7100 E_h, exp. variance=0.1470 E_h^2, pmove=0.55
2026-05-29 17:19:01,763 - Step 02443: 3553.4980 E_h, exp. variance=0.1476 E_h^2, pmove=0.55
2026-05-29 17:19:01,938 - Step 02444: 3553.8899 E_h, exp. variance=0.1328 E_h^2, pmove=0.55
2026-05-29 17:19:02,103 - Step 02445: 3553.9199 E_h, exp. variance=0.1198 E_h^2, pmove=0.54
2026-05-29 17:19:02,264 - Step 02446: 3554.4136 E_h, exp. variance=0.1338 E_h^2, pmove=0.55
2026-05-29 17:19:02,427 - Step 02447: 3553.8252 E_h, exp. variance=0.1214 E_h^2, pmove=0.55
2026-05-29 17:19:02,590 - Step 02448: 3553.4978 E_h, exp. variance=0.1253 E_h^2, pmove=0.55
2026-05-29 17:19:02,754 - Step 02449: 3552.8374 E_h, exp. variance=0.2100 E_h^2, pmove=0.55
2026-05-29 17:19:02,917 - Step 02450: 3554.2070 E_h, exp. variance=0.2059 E_h^2, pmove=0.55
2026-05-29 17:19:03,082 - Step 02451: 3553.6919 E_h, exp. variance=0.1867 E_h^2, pmove=0.54
2026-05-29 17:19:03,247 - Step 02452: 3553.8904 E_h, exp. variance=0.1687 E_h^2, pmove=0.55
2026-05-29 17:19:03,409 - Step 02453: 3554.2192 E_h, exp. variance=0.1668 E_h^2, pmove=0.54
2026-05-29 17:19:03,576 - Step 02454: 3554.6863 E_h, exp. variance=0.2125 E_h^2, pmove=0.55
2026-05-29 17:19:03,741 - Step 02455: 3553.2461 E_h, exp. variance=0.2342 E_h^2, pmove=0.55
2026-05-29 17:19:03,906 - Step 02456: 3553.5002 E_h, exp. variance=0.2229 E_h^2, pmove=0.55
2026-05-29 17:19:04,068 - Step 02457: 3553.9556 E_h, exp. variance=0.2020 E_h^2, pmove=0.54
2026-05-29 17:19:04,230 - Step 02458: 3552.8372 E_h, exp. variance=0.2729 E_h^2, pmove=0.54
2026-05-29 17:19:04,396 - Step 02459: 3553.6719 E_h, exp. variance=0.2461 E_h^2, pmove=0.54
2026-05-29 17:19:04,559 - Step 02460: 3553.5200 E_h, exp. variance=0.2256 E_h^2, pmove=0.54
2026-05-29 17:19:04,722 - Step 02461: 3553.3843 E_h, exp. variance=0.2129 E_h^2, pmove=0.55
2026-05-29 17:19:04,886 - Step 02462: 3553.9768 E_h, exp. variance=0.1995 E_h^2, pmove=0.55
2026-05-29 17:19:05,049 - Step 02463: 3553.2061 E_h, exp. variance=0.2024 E_h^2, pmove=0.54
2026-05-29 17:19:05,212 - Step 02464: 3553.8032 E_h, exp. variance=0.1840 E_h^2, pmove=0.55
2026-05-29 17:19:05,375 - Step 02465: 3553.5300 E_h, exp. variance=0.1675 E_h^2, pmove=0.54
2026-05-29 17:19:05,552 - Step 02466: 3553.4717 E_h, exp. variance=0.1540 E_h^2, pmove=0.55
2026-05-29 17:19:05,715 - Step 02467: 3553.5913 E_h, exp. variance=0.1388 E_h^2, pmove=0.55
2026-05-29 17:19:05,878 - Step 02468: 3554.2104 E_h, exp. variance=0.1546 E_h^2, pmove=0.54
2026-05-29 17:19:06,040 - Step 02469: 3553.7793 E_h, exp. variance=0.1398 E_h^2, pmove=0.54
2026-05-29 17:19:06,204 - Step 02470: 3554.4424 E_h, exp. variance=0.1751 E_h^2, pmove=0.55
2026-05-29 17:19:06,367 - Step 02471: 3553.4976 E_h, exp. variance=0.1646 E_h^2, pmove=0.54
2026-05-29 17:19:06,531 - Step 02472: 3554.7549 E_h, exp. variance=0.2393 E_h^2, pmove=0.54
2026-05-29 17:19:06,694 - Step 02473: 3553.9048 E_h, exp. variance=0.2157 E_h^2, pmove=0.54
2026-05-29 17:19:06,857 - Step 02474: 3553.7874 E_h, exp. variance=0.1945 E_h^2, pmove=0.55
2026-05-29 17:19:07,020 - Step 02475: 3553.9424 E_h, exp. variance=0.1759 E_h^2, pmove=0.54
2026-05-29 17:19:07,184 - Step 02476: 3554.3940 E_h, exp. variance=0.1842 E_h^2, pmove=0.54
2026-05-29 17:19:07,348 - Step 02477: 3554.2051 E_h, exp. variance=0.1736 E_h^2, pmove=0.54
2026-05-29 17:19:07,511 - Step 02478: 3553.8467 E_h, exp. variance=0.1570 E_h^2, pmove=0.55
2026-05-29 17:19:07,674 - Step 02479: 3553.6550 E_h, exp. variance=0.1482 E_h^2, pmove=0.54
2026-05-29 17:19:07,837 - Step 02480: 3554.1953 E_h, exp. variance=0.1410 E_h^2, pmove=0.56
2026-05-29 17:19:08,000 - Step 02481: 3552.8525 E_h, exp. variance=0.2319 E_h^2, pmove=0.54
2026-05-29 17:19:08,162 - Step 02482: 3553.4019 E_h, exp. variance=0.2248 E_h^2, pmove=0.55
2026-05-29 17:19:08,326 - Step 02483: 3553.7168 E_h, exp. variance=0.2027 E_h^2, pmove=0.54
2026-05-29 17:19:08,488 - Step 02484: 3553.9502 E_h, exp. variance=0.1852 E_h^2, pmove=0.54
2026-05-29 17:19:08,654 - Step 02485: 3554.6343 E_h, exp. variance=0.2303 E_h^2, pmove=0.55
2026-05-29 17:19:08,818 - Step 02486: 3553.5449 E_h, exp. variance=0.2172 E_h^2, pmove=0.54
2026-05-29 17:19:08,981 - Step 02487: 3553.6895 E_h, exp. variance=0.1977 E_h^2, pmove=0.55
2026-05-29 17:19:09,145 - Step 02488: 3554.1802 E_h, exp. variance=0.1890 E_h^2, pmove=0.54
2026-05-29 17:19:09,306 - Step 02489: 3553.4949 E_h, exp. variance=0.1824 E_h^2, pmove=0.55
2026-05-29 17:19:09,470 - Step 02490: 3553.3357 E_h, exp. variance=0.1859 E_h^2, pmove=0.54
2026-05-29 17:19:09,633 - Step 02491: 3553.9563 E_h, exp. variance=0.1702 E_h^2, pmove=0.54
2026-05-29 17:19:09,796 - Step 02492: 3553.3376 E_h, exp. variance=0.1720 E_h^2, pmove=0.54
2026-05-29 17:19:09,958 - Step 02493: 3554.1677 E_h, exp. variance=0.1705 E_h^2, pmove=0.55
2026-05-29 17:19:10,120 - Step 02494: 3553.6333 E_h, exp. variance=0.1557 E_h^2, pmove=0.54
2026-05-29 17:19:10,284 - Step 02495: 3553.6899 E_h, exp. variance=0.1408 E_h^2, pmove=0.55
2026-05-29 17:19:10,449 - Step 02496: 3553.9141 E_h, exp. variance=0.1287 E_h^2, pmove=0.54
2026-05-29 17:19:10,612 - Step 02497: 3554.1118 E_h, exp. variance=0.1256 E_h^2, pmove=0.55
2026-05-29 17:19:10,775 - Step 02498: 3553.8325 E_h, exp. variance=0.1131 E_h^2, pmove=0.55
2026-05-29 17:19:10,941 - Step 02499: 3554.2656 E_h, exp. variance=0.1199 E_h^2, pmove=0.55
2026-05-29 17:19:11,108 - Step 02500: 3553.5825 E_h, exp. variance=0.1149 E_h^2, pmove=0.54
2026-05-29 17:19:11,275 - Step 02501: 3553.8525 E_h, exp. variance=0.1035 E_h^2, pmove=0.55
2026-05-29 17:19:11,440 - Step 02502: 3552.7727 E_h, exp. variance=0.1948 E_h^2, pmove=0.54
2026-05-29 17:19:11,603 - Step 02503: 3553.9087 E_h, exp. variance=0.1782 E_h^2, pmove=0.55
2026-05-29 17:19:11,768 - Step 02504: 3554.4182 E_h, exp. variance=0.2009 E_h^2, pmove=0.54
2026-05-29 17:19:11,938 - Step 02505: 3553.7222 E_h, exp. variance=0.1816 E_h^2, pmove=0.54
2026-05-29 17:19:12,102 - Step 02506: 3554.3496 E_h, exp. variance=0.1901 E_h^2, pmove=0.54
2026-05-29 17:19:12,263 - Step 02507: 3553.4780 E_h, exp. variance=0.1842 E_h^2, pmove=0.54
2026-05-29 17:19:12,433 - Step 02508: 3554.1006 E_h, exp. variance=0.1728 E_h^2, pmove=0.56
2026-05-29 17:19:12,597 - Step 02509: 3553.4277 E_h, exp. variance=0.1715 E_h^2, pmove=0.54
2026-05-29 17:19:12,757 - Step 02510: 3553.9785 E_h, exp. variance=0.1570 E_h^2, pmove=0.55
2026-05-29 17:19:12,918 - Step 02511: 3553.8975 E_h, exp. variance=0.1418 E_h^2, pmove=0.54
2026-05-29 17:19:13,079 - Step 02512: 3552.9678 E_h, exp. variance=0.1948 E_h^2, pmove=0.55
2026-05-29 17:19:13,239 - Step 02513: 3554.8411 E_h, exp. variance=0.2834 E_h^2, pmove=0.56
2026-05-29 17:19:13,401 - Step 02514: 3553.7073 E_h, exp. variance=0.2570 E_h^2, pmove=0.54
2026-05-29 17:19:13,562 - Step 02515: 3554.1968 E_h, exp. variance=0.2427 E_h^2, pmove=0.55
2026-05-29 17:19:13,724 - Step 02516: 3553.8303 E_h, exp. variance=0.2187 E_h^2, pmove=0.54
2026-05-29 17:19:13,886 - Step 02517: 3554.3618 E_h, exp. variance=0.2185 E_h^2, pmove=0.55
2026-05-29 17:19:14,047 - Step 02518: 3553.6187 E_h, exp. variance=0.2048 E_h^2, pmove=0.54
2026-05-29 17:19:14,208 - Step 02519: 3554.0400 E_h, exp. variance=0.1863 E_h^2, pmove=0.55
2026-05-29 17:19:14,369 - Step 02520: 3553.3979 E_h, exp. variance=0.1909 E_h^2, pmove=0.55
2026-05-29 17:19:14,530 - Step 02521: 3553.3896 E_h, exp. variance=0.1912 E_h^2, pmove=0.55
2026-05-29 17:19:14,694 - Step 02522: 3553.5017 E_h, exp. variance=0.1805 E_h^2, pmove=0.54
2026-05-29 17:19:14,857 - Step 02523: 3555.1699 E_h, exp. variance=0.3370 E_h^2, pmove=0.55
2026-05-29 17:19:15,022 - Step 02524: 3553.7891 E_h, exp. variance=0.3048 E_h^2, pmove=0.54
2026-05-29 17:19:15,186 - Step 02525: 3553.4170 E_h, exp. variance=0.2956 E_h^2, pmove=0.55
2026-05-29 17:19:15,347 - Step 02526: 3554.6548 E_h, exp. variance=0.3236 E_h^2, pmove=0.55
2026-05-29 17:19:15,510 - Step 02527: 3554.0625 E_h, exp. variance=0.2927 E_h^2, pmove=0.54
2026-05-29 17:19:15,672 - Step 02528: 3553.7698 E_h, exp. variance=0.2663 E_h^2, pmove=0.55
2026-05-29 17:19:15,833 - Step 02529: 3553.6609 E_h, exp. variance=0.2462 E_h^2, pmove=0.55
2026-05-29 17:19:15,994 - Step 02530: 3553.6873 E_h, exp. variance=0.2257 E_h^2, pmove=0.55
2026-05-29 17:19:16,155 - Step 02531: 3553.2803 E_h, exp. variance=0.2357 E_h^2, pmove=0.55
2026-05-29 17:19:16,319 - Step 02532: 3553.6238 E_h, exp. variance=0.2157 E_h^2, pmove=0.55
2026-05-29 17:19:16,482 - Step 02533: 3554.1702 E_h, exp. variance=0.2063 E_h^2, pmove=0.54
2026-05-29 17:19:16,644 - Step 02534: 3553.0720 E_h, exp. variance=0.2386 E_h^2, pmove=0.55
2026-05-29 17:19:16,806 - Step 02535: 3553.1531 E_h, exp. variance=0.2481 E_h^2, pmove=0.55
2026-05-29 17:19:16,970 - Step 02536: 3553.2275 E_h, exp. variance=0.2435 E_h^2, pmove=0.55
2026-05-29 17:19:17,132 - Step 02537: 3553.1782 E_h, exp. variance=0.2395 E_h^2, pmove=0.55
2026-05-29 17:19:17,295 - Step 02538: 3553.8818 E_h, exp. variance=0.2224 E_h^2, pmove=0.54
2026-05-29 17:19:17,457 - Step 02539: 3553.5796 E_h, exp. variance=0.2004 E_h^2, pmove=0.55
2026-05-29 17:19:17,618 - Step 02540: 3552.9541 E_h, exp. variance=0.2213 E_h^2, pmove=0.54
2026-05-29 17:19:17,783 - Step 02541: 3553.6899 E_h, exp. variance=0.2006 E_h^2, pmove=0.56
2026-05-29 17:19:17,947 - Step 02542: 3553.3687 E_h, exp. variance=0.1844 E_h^2, pmove=0.54
2026-05-29 17:19:18,111 - Step 02543: 3553.7700 E_h, exp. variance=0.1702 E_h^2, pmove=0.55
2026-05-29 17:19:18,273 - Step 02544: 3553.4565 E_h, exp. variance=0.1544 E_h^2, pmove=0.55
2026-05-29 17:19:18,436 - Step 02545: 3553.6697 E_h, exp. variance=0.1400 E_h^2, pmove=0.55
2026-05-29 17:19:18,596 - Step 02546: 3554.3604 E_h, exp. variance=0.1816 E_h^2, pmove=0.55
2026-05-29 17:19:18,760 - Step 02547: 3553.7273 E_h, exp. variance=0.1640 E_h^2, pmove=0.55
2026-05-29 17:19:18,923 - Step 02548: 3553.9023 E_h, exp. variance=0.1529 E_h^2, pmove=0.55
2026-05-29 17:19:19,085 - Step 02549: 3553.2437 E_h, exp. variance=0.1551 E_h^2, pmove=0.55
2026-05-29 17:19:19,259 - Step 02550: 3553.8125 E_h, exp. variance=0.1422 E_h^2, pmove=0.55
2026-05-29 17:19:19,421 - Step 02551: 3554.1646 E_h, exp. variance=0.1511 E_h^2, pmove=0.55
2026-05-29 17:19:19,583 - Step 02552: 3554.4358 E_h, exp. variance=0.1837 E_h^2, pmove=0.54
2026-05-29 17:19:19,747 - Step 02553: 3553.9575 E_h, exp. variance=0.1681 E_h^2, pmove=0.54
2026-05-29 17:19:19,910 - Step 02554: 3554.4160 E_h, exp. variance=0.1856 E_h^2, pmove=0.55
2026-05-29 17:19:20,074 - Step 02555: 3553.9016 E_h, exp. variance=0.1672 E_h^2, pmove=0.54
2026-05-29 17:19:20,237 - Step 02556: 3553.8477 E_h, exp. variance=0.1505 E_h^2, pmove=0.54
2026-05-29 17:19:20,399 - Step 02557: 3553.8398 E_h, exp. variance=0.1355 E_h^2, pmove=0.54
2026-05-29 17:19:20,561 - Step 02558: 3553.5146 E_h, exp. variance=0.1327 E_h^2, pmove=0.55
2026-05-29 17:19:20,727 - Step 02559: 3552.8135 E_h, exp. variance=0.2117 E_h^2, pmove=0.54
2026-05-29 17:19:20,892 - Step 02560: 3554.2524 E_h, exp. variance=0.2156 E_h^2, pmove=0.55
2026-05-29 17:19:21,054 - Step 02561: 3553.2346 E_h, exp. variance=0.2206 E_h^2, pmove=0.54
2026-05-29 17:19:21,218 - Step 02562: 3552.9756 E_h, exp. variance=0.2488 E_h^2, pmove=0.55
2026-05-29 17:19:21,380 - Step 02563: 3553.1890 E_h, exp. variance=0.2429 E_h^2, pmove=0.55
2026-05-29 17:19:21,547 - Step 02564: 3553.3594 E_h, exp. variance=0.2239 E_h^2, pmove=0.55
2026-05-29 17:19:21,714 - Step 02565: 3553.2065 E_h, exp. variance=0.2140 E_h^2, pmove=0.54
2026-05-29 17:19:21,878 - Step 02566: 3554.1558 E_h, exp. variance=0.2266 E_h^2, pmove=0.55
2026-05-29 17:19:22,046 - Step 02567: 3553.1365 E_h, exp. variance=0.2235 E_h^2, pmove=0.55
2026-05-29 17:19:22,216 - Step 02568: 3554.3398 E_h, exp. variance=0.2564 E_h^2, pmove=0.55
2026-05-29 17:19:22,380 - Step 02569: 3553.2068 E_h, exp. variance=0.2472 E_h^2, pmove=0.54
2026-05-29 17:19:22,550 - Step 02570: 3553.3315 E_h, exp. variance=0.2286 E_h^2, pmove=0.55
2026-05-29 17:19:22,714 - Step 02571: 3553.5303 E_h, exp. variance=0.2059 E_h^2, pmove=0.55
2026-05-29 17:19:22,876 - Step 02572: 3553.8481 E_h, exp. variance=0.1926 E_h^2, pmove=0.55
2026-05-29 17:19:23,039 - Step 02573: 3553.6836 E_h, exp. variance=0.1742 E_h^2, pmove=0.54
2026-05-29 17:19:23,201 - Step 02574: 3554.7798 E_h, exp. variance=0.2820 E_h^2, pmove=0.55
2026-05-29 17:19:23,367 - Step 02575: 3554.1592 E_h, exp. variance=0.2714 E_h^2, pmove=0.54
2026-05-29 17:19:23,535 - Step 02576: 3553.8860 E_h, exp. variance=0.2456 E_h^2, pmove=0.55
2026-05-29 17:19:23,698 - Step 02577: 3553.7729 E_h, exp. variance=0.2211 E_h^2, pmove=0.54
2026-05-29 17:19:23,859 - Step 02578: 3554.6646 E_h, exp. variance=0.2703 E_h^2, pmove=0.55
2026-05-29 17:19:24,020 - Step 02579: 3554.2178 E_h, exp. variance=0.2546 E_h^2, pmove=0.55
2026-05-29 17:19:24,184 - Step 02580: 3553.9431 E_h, exp. variance=0.2293 E_h^2, pmove=0.55
2026-05-29 17:19:24,346 - Step 02581: 3553.9478 E_h, exp. variance=0.2066 E_h^2, pmove=0.54
2026-05-29 17:19:24,508 - Step 02582: 3553.4502 E_h, exp. variance=0.2047 E_h^2, pmove=0.55
2026-05-29 17:19:24,668 - Step 02583: 3553.3467 E_h, exp. variance=0.2081 E_h^2, pmove=0.55
2026-05-29 17:19:24,838 - Step 02584: 3553.5957 E_h, exp. variance=0.1915 E_h^2, pmove=0.54
2026-05-29 17:19:25,020 - Step 02585: 3554.0952 E_h, exp. variance=0.1808 E_h^2, pmove=0.55
2026-05-29 17:19:25,182 - Step 02586: 3554.0786 E_h, exp. variance=0.1687 E_h^2, pmove=0.55
2026-05-29 17:19:25,348 - Step 02587: 3553.2363 E_h, exp. variance=0.1852 E_h^2, pmove=0.54
2026-05-29 17:19:25,513 - Step 02588: 3554.2251 E_h, exp. variance=0.1842 E_h^2, pmove=0.55
2026-05-29 17:19:25,674 - Step 02589: 3553.5530 E_h, exp. variance=0.1726 E_h^2, pmove=0.54
2026-05-29 17:19:25,834 - Step 02590: 3554.0957 E_h, exp. variance=0.1632 E_h^2, pmove=0.55
2026-05-29 17:19:25,996 - Step 02591: 3553.1519 E_h, exp. variance=0.1883 E_h^2, pmove=0.55
2026-05-29 17:19:26,158 - Step 02592: 3554.1572 E_h, exp. variance=0.1835 E_h^2, pmove=0.55
2026-05-29 17:19:26,318 - Step 02593: 3554.4053 E_h, exp. variance=0.1979 E_h^2, pmove=0.54
2026-05-29 17:19:26,478 - Step 02594: 3554.7544 E_h, exp. variance=0.2497 E_h^2, pmove=0.55
2026-05-29 17:19:26,641 - Step 02595: 3554.4241 E_h, exp. variance=0.2448 E_h^2, pmove=0.54
2026-05-29 17:19:26,803 - Step 02596: 3554.9072 E_h, exp. variance=0.2945 E_h^2, pmove=0.54
2026-05-29 17:19:26,965 - Step 02597: 3554.2500 E_h, exp. variance=0.2674 E_h^2, pmove=0.54
2026-05-29 17:19:27,127 - Step 02598: 3555.2798 E_h, exp. variance=0.3647 E_h^2, pmove=0.54
2026-05-29 17:19:27,288 - Step 02599: 3553.7769 E_h, exp. variance=0.3461 E_h^2, pmove=0.54
2026-05-29 17:19:27,454 - Step 02600: 3554.6736 E_h, exp. variance=0.3336 E_h^2, pmove=0.55
2026-05-29 17:19:27,617 - Step 02601: 3553.6726 E_h, exp. variance=0.3280 E_h^2, pmove=0.54
2026-05-29 17:19:27,779 - Step 02602: 3554.0879 E_h, exp. variance=0.2958 E_h^2, pmove=0.54
2026-05-29 17:19:27,941 - Step 02603: 3553.9480 E_h, exp. variance=0.2705 E_h^2, pmove=0.54
2026-05-29 17:19:28,102 - Step 02604: 3554.0327 E_h, exp. variance=0.2445 E_h^2, pmove=0.55
2026-05-29 17:19:28,265 - Step 02605: 3553.3203 E_h, exp. variance=0.2793 E_h^2, pmove=0.54
2026-05-29 17:19:28,427 - Step 02606: 3553.6731 E_h, exp. variance=0.2642 E_h^2, pmove=0.55
2026-05-29 17:19:28,591 - Step 02607: 3553.9990 E_h, exp. variance=0.2378 E_h^2, pmove=0.54
2026-05-29 17:19:28,755 - Step 02608: 3553.1753 E_h, exp. variance=0.2769 E_h^2, pmove=0.55
2026-05-29 17:19:28,918 - Step 02609: 3553.7686 E_h, exp. variance=0.2515 E_h^2, pmove=0.54
2026-05-29 17:19:29,079 - Step 02610: 3553.8589 E_h, exp. variance=0.2266 E_h^2, pmove=0.55
2026-05-29 17:19:29,244 - Step 02611: 3554.1172 E_h, exp. variance=0.2079 E_h^2, pmove=0.55
2026-05-29 17:19:29,409 - Step 02612: 3554.1790 E_h, exp. variance=0.1928 E_h^2, pmove=0.55
2026-05-29 17:19:29,573 - Step 02613: 3553.5537 E_h, exp. variance=0.1879 E_h^2, pmove=0.55
2026-05-29 17:19:29,736 - Step 02614: 3553.6755 E_h, exp. variance=0.1741 E_h^2, pmove=0.55
2026-05-29 17:19:29,898 - Step 02615: 3554.0591 E_h, exp. variance=0.1593 E_h^2, pmove=0.55
2026-05-29 17:19:30,061 - Step 02616: 3553.9392 E_h, exp. variance=0.1435 E_h^2, pmove=0.54
2026-05-29 17:19:30,225 - Step 02617: 3554.4954 E_h, exp. variance=0.1600 E_h^2, pmove=0.55
2026-05-29 17:19:30,386 - Step 02618: 3554.1545 E_h, exp. variance=0.1471 E_h^2, pmove=0.54
2026-05-29 17:19:30,548 - Step 02619: 3554.7021 E_h, exp. variance=0.1785 E_h^2, pmove=0.54
2026-05-29 17:19:30,711 - Step 02620: 3553.5146 E_h, exp. variance=0.1872 E_h^2, pmove=0.55
2026-05-29 17:19:30,873 - Step 02621: 3554.5974 E_h, exp. variance=0.2002 E_h^2, pmove=0.55
2026-05-29 17:19:31,037 - Step 02622: 3553.6514 E_h, exp. variance=0.1955 E_h^2, pmove=0.54
2026-05-29 17:19:31,199 - Step 02623: 3553.4219 E_h, exp. variance=0.2083 E_h^2, pmove=0.55
2026-05-29 17:19:31,362 - Step 02624: 3553.3833 E_h, exp. variance=0.2176 E_h^2, pmove=0.55
2026-05-29 17:19:31,523 - Step 02625: 3553.1597 E_h, exp. variance=0.2457 E_h^2, pmove=0.54
2026-05-29 17:19:31,684 - Step 02626: 3553.8953 E_h, exp. variance=0.2215 E_h^2, pmove=0.54
2026-05-29 17:19:31,846 - Step 02627: 3553.3457 E_h, exp. variance=0.2210 E_h^2, pmove=0.55
2026-05-29 17:19:32,007 - Step 02628: 3553.8411 E_h, exp. variance=0.1992 E_h^2, pmove=0.55
2026-05-29 17:19:32,168 - Step 02629: 3553.5510 E_h, exp. variance=0.1845 E_h^2, pmove=0.54
2026-05-29 17:19:32,329 - Step 02630: 3553.2627 E_h, exp. variance=0.1891 E_h^2, pmove=0.55
2026-05-29 17:19:32,496 - Step 02631: 3553.9072 E_h, exp. variance=0.1734 E_h^2, pmove=0.55
2026-05-29 17:19:32,661 - Step 02632: 3553.2363 E_h, exp. variance=0.1786 E_h^2, pmove=0.54
2026-05-29 17:19:32,824 - Step 02633: 3553.9277 E_h, exp. variance=0.1660 E_h^2, pmove=0.54
2026-05-29 17:19:32,985 - Step 02634: 3553.4980 E_h, exp. variance=0.1535 E_h^2, pmove=0.55
2026-05-29 17:19:33,147 - Step 02635: 3553.6155 E_h, exp. variance=0.1386 E_h^2, pmove=0.55
2026-05-29 17:19:33,308 - Step 02636: 3553.9707 E_h, exp. variance=0.1322 E_h^2, pmove=0.55
2026-05-29 17:19:33,470 - Step 02637: 3553.8560 E_h, exp. variance=0.1209 E_h^2, pmove=0.55
2026-05-29 17:19:33,632 - Step 02638: 3553.8967 E_h, exp. variance=0.1114 E_h^2, pmove=0.54
2026-05-29 17:19:33,795 - Step 02639: 3553.7710 E_h, exp. variance=0.1004 E_h^2, pmove=0.54
2026-05-29 17:19:33,957 - Step 02640: 3554.0811 E_h, exp. variance=0.1005 E_h^2, pmove=0.55
2026-05-29 17:19:34,133 - Step 02641: 3553.6240 E_h, exp. variance=0.0926 E_h^2, pmove=0.54
2026-05-29 17:19:34,297 - Step 02642: 3552.9800 E_h, exp. variance=0.1386 E_h^2, pmove=0.55
2026-05-29 17:19:34,463 - Step 02643: 3553.7563 E_h, exp. variance=0.1252 E_h^2, pmove=0.55
2026-05-29 17:19:34,629 - Step 02644: 3553.4502 E_h, exp. variance=0.1179 E_h^2, pmove=0.54
2026-05-29 17:19:34,794 - Step 02645: 3553.2935 E_h, exp. variance=0.1188 E_h^2, pmove=0.55
2026-05-29 17:19:34,955 - Step 02646: 3552.7617 E_h, exp. variance=0.1749 E_h^2, pmove=0.54
2026-05-29 17:19:35,117 - Step 02647: 3553.7124 E_h, exp. variance=0.1600 E_h^2, pmove=0.55
2026-05-29 17:19:35,279 - Step 02648: 3553.6902 E_h, exp. variance=0.1455 E_h^2, pmove=0.54
2026-05-29 17:19:35,446 - Step 02649: 3553.3960 E_h, exp. variance=0.1338 E_h^2, pmove=0.56
2026-05-29 17:19:35,608 - Step 02650: 3553.0815 E_h, exp. variance=0.1406 E_h^2, pmove=0.54
2026-05-29 17:19:35,770 - Step 02651: 3553.6626 E_h, exp. variance=0.1287 E_h^2, pmove=0.56
2026-05-29 17:19:35,932 - Step 02652: 3553.7612 E_h, exp. variance=0.1209 E_h^2, pmove=0.55
2026-05-29 17:19:36,092 - Step 02653: 3553.5745 E_h, exp. variance=0.1089 E_h^2, pmove=0.55
2026-05-29 17:19:36,253 - Step 02654: 3553.5415 E_h, exp. variance=0.0980 E_h^2, pmove=0.55
2026-05-29 17:19:36,413 - Step 02655: 3553.3887 E_h, exp. variance=0.0905 E_h^2, pmove=0.55
2026-05-29 17:19:36,574 - Step 02656: 3554.2488 E_h, exp. variance=0.1276 E_h^2, pmove=0.54
2026-05-29 17:19:36,734 - Step 02657: 3553.7407 E_h, exp. variance=0.1165 E_h^2, pmove=0.55
2026-05-29 17:19:36,907 - Step 02658: 3554.1179 E_h, exp. variance=0.1273 E_h^2, pmove=0.55
2026-05-29 17:19:37,067 - Step 02659: 3554.2078 E_h, exp. variance=0.1407 E_h^2, pmove=0.54
2026-05-29 17:19:37,228 - Step 02660: 3553.6646 E_h, exp. variance=0.1270 E_h^2, pmove=0.54
2026-05-29 17:19:37,390 - Step 02661: 3553.5776 E_h, exp. variance=0.1160 E_h^2, pmove=0.55
2026-05-29 17:19:37,551 - Step 02662: 3553.8525 E_h, exp. variance=0.1064 E_h^2, pmove=0.55
2026-05-29 17:19:37,713 - Step 02663: 3554.2520 E_h, exp. variance=0.1215 E_h^2, pmove=0.55
2026-05-29 17:19:37,874 - Step 02664: 3554.6206 E_h, exp. variance=0.1743 E_h^2, pmove=0.55
2026-05-29 17:19:38,039 - Step 02665: 3553.9634 E_h, exp. variance=0.1579 E_h^2, pmove=0.54
2026-05-29 17:19:38,202 - Step 02666: 3553.8376 E_h, exp. variance=0.1422 E_h^2, pmove=0.55
2026-05-29 17:19:38,367 - Step 02667: 3553.3062 E_h, exp. variance=0.1560 E_h^2, pmove=0.55
2026-05-29 17:19:38,531 - Step 02668: 3553.2375 E_h, exp. variance=0.1697 E_h^2, pmove=0.55
2026-05-29 17:19:38,696 - Step 02669: 3554.2659 E_h, exp. variance=0.1766 E_h^2, pmove=0.54
2026-05-29 17:19:38,862 - Step 02670: 3553.6550 E_h, exp. variance=0.1609 E_h^2, pmove=0.54
2026-05-29 17:19:39,027 - Step 02671: 3552.7197 E_h, exp. variance=0.2474 E_h^2, pmove=0.55
2026-05-29 17:19:39,196 - Step 02672: 3553.0217 E_h, exp. variance=0.2618 E_h^2, pmove=0.54
2026-05-29 17:19:39,363 - Step 02673: 3553.6267 E_h, exp. variance=0.2357 E_h^2, pmove=0.54
2026-05-29 17:19:39,527 - Step 02674: 3553.1733 E_h, exp. variance=0.2298 E_h^2, pmove=0.55
2026-05-29 17:19:39,692 - Step 02675: 3553.4709 E_h, exp. variance=0.2077 E_h^2, pmove=0.56
2026-05-29 17:19:39,857 - Step 02676: 3553.2505 E_h, exp. variance=0.1957 E_h^2, pmove=0.55
2026-05-29 17:19:40,023 - Step 02677: 3553.4470 E_h, exp. variance=0.1767 E_h^2, pmove=0.55
2026-05-29 17:19:40,186 - Step 02678: 3553.0479 E_h, exp. variance=0.1793 E_h^2, pmove=0.55
2026-05-29 17:19:40,355 - Step 02679: 3552.4680 E_h, exp. variance=0.2527 E_h^2, pmove=0.54
2026-05-29 17:19:40,523 - Step 02680: 3553.0444 E_h, exp. variance=0.2372 E_h^2, pmove=0.55
2026-05-29 17:19:40,688 - Step 02681: 3553.5229 E_h, exp. variance=0.2165 E_h^2, pmove=0.55
2026-05-29 17:19:40,859 - Step 02682: 3553.3989 E_h, exp. variance=0.1950 E_h^2, pmove=0.54
2026-05-29 17:19:41,027 - Step 02683: 3552.5837 E_h, exp. variance=0.2302 E_h^2, pmove=0.54
2026-05-29 17:19:41,190 - Step 02684: 3553.4280 E_h, exp. variance=0.2090 E_h^2, pmove=0.55
2026-05-29 17:19:41,355 - Step 02685: 3553.3416 E_h, exp. variance=0.1882 E_h^2, pmove=0.55
2026-05-29 17:19:41,520 - Step 02686: 3553.8037 E_h, exp. variance=0.1919 E_h^2, pmove=0.56
2026-05-29 17:19:41,683 - Step 02687: 3552.0005 E_h, exp. variance=0.3376 E_h^2, pmove=0.55
2026-05-29 17:19:41,847 - Step 02688: 3553.0752 E_h, exp. variance=0.3057 E_h^2, pmove=0.55
2026-05-29 17:19:42,015 - Step 02689: 3553.2141 E_h, exp. variance=0.2751 E_h^2, pmove=0.54
2026-05-29 17:19:42,180 - Step 02690: 3553.0339 E_h, exp. variance=0.2503 E_h^2, pmove=0.55
2026-05-29 17:19:42,348 - Step 02691: 3553.2856 E_h, exp. variance=0.2261 E_h^2, pmove=0.54
2026-05-29 17:19:42,520 - Step 02692: 3553.3679 E_h, exp. variance=0.2061 E_h^2, pmove=0.55
2026-05-29 17:19:42,687 - Step 02693: 3553.2246 E_h, exp. variance=0.1855 E_h^2, pmove=0.55
2026-05-29 17:19:42,852 - Step 02694: 3553.1077 E_h, exp. variance=0.1680 E_h^2, pmove=0.55
2026-05-29 17:19:43,019 - Step 02695: 3553.1816 E_h, exp. variance=0.1512 E_h^2, pmove=0.55
2026-05-29 17:19:43,185 - Step 02696: 3553.5703 E_h, exp. variance=0.1483 E_h^2, pmove=0.55
2026-05-29 17:19:43,355 - Step 02697: 3553.8149 E_h, exp. variance=0.1632 E_h^2, pmove=0.54
2026-05-29 17:19:43,525 - Step 02698: 3553.4434 E_h, exp. variance=0.1488 E_h^2, pmove=0.55
2026-05-29 17:19:43,709 - Step 02699: 3553.9485 E_h, exp. variance=0.1704 E_h^2, pmove=0.54
2026-05-29 17:19:43,895 - Step 02700: 3553.7896 E_h, exp. variance=0.1688 E_h^2, pmove=0.55
2026-05-29 17:19:44,092 - Step 02701: 3553.4255 E_h, exp. variance=0.1519 E_h^2, pmove=0.54
2026-05-29 17:19:44,257 - Step 02702: 3553.8540 E_h, exp. variance=0.1538 E_h^2, pmove=0.55
2026-05-29 17:19:44,422 - Step 02703: 3552.8496 E_h, exp. variance=0.1721 E_h^2, pmove=0.54
2026-05-29 17:19:44,667 - Step 02704: 3554.1353 E_h, exp. variance=0.2035 E_h^2, pmove=0.55
2026-05-29 17:19:44,833 - Step 02705: 3553.7458 E_h, exp. variance=0.1898 E_h^2, pmove=0.54
2026-05-29 17:19:44,833 - Saving checkpoint results/bilayer-bosons/BosonNet/N10_layers10_0_rs0.5_d0.0_D50.0_sq/qmcjax_ckpt_002705.npz
2026-05-29 17:19:45,074 - Step 02706: 3553.6465 E_h, exp. variance=0.1728 E_h^2, pmove=0.55
2026-05-29 17:19:45,240 - Step 02707: 3553.7439 E_h, exp. variance=0.1602 E_h^2, pmove=0.54
2026-05-29 17:19:45,410 - Step 02708: 3554.2598 E_h, exp. variance=0.1910 E_h^2, pmove=0.54
2026-05-29 17:19:45,579 - Step 02709: 3553.7529 E_h, exp. variance=0.1737 E_h^2, pmove=0.55
2026-05-29 17:19:45,746 - Step 02710: 3553.4465 E_h, exp. variance=0.1592 E_h^2, pmove=0.55
2026-05-29 17:19:45,912 - Step 02711: 3554.0564 E_h, exp. variance=0.1614 E_h^2, pmove=0.55
2026-05-29 17:19:46,081 - Step 02712: 3553.1909 E_h, exp. variance=0.1644 E_h^2, pmove=0.55
2026-05-29 17:19:46,247 - Step 02713: 3554.6431 E_h, exp. variance=0.2448 E_h^2, pmove=0.55
2026-05-29 17:19:46,414 - Step 02714: 3553.4531 E_h, exp. variance=0.2263 E_h^2, pmove=0.54
2026-05-29 17:19:46,580 - Step 02715: 3554.6487 E_h, exp. variance=0.2874 E_h^2, pmove=0.55
2026-05-29 17:19:46,747 - Step 02716: 3554.0591 E_h, exp. variance=0.2657 E_h^2, pmove=0.55
2026-05-29 17:19:46,913 - Step 02717: 3553.3965 E_h, exp. variance=0.2544 E_h^2, pmove=0.55
2026-05-29 17:19:47,082 - Step 02718: 3553.3872 E_h, exp. variance=0.2419 E_h^2, pmove=0.54
2026-05-29 17:19:47,248 - Step 02719: 3553.4866 E_h, exp. variance=0.2230 E_h^2, pmove=0.55
2026-05-29 17:19:47,414 - Step 02720: 3554.1042 E_h, exp. variance=0.2150 E_h^2, pmove=0.55
2026-05-29 17:19:47,580 - Step 02721: 3553.4722 E_h, exp. variance=0.2002 E_h^2, pmove=0.55
2026-05-29 17:19:47,745 - Step 02722: 3553.9888 E_h, exp. variance=0.1868 E_h^2, pmove=0.55
2026-05-29 17:19:47,910 - Step 02723: 3553.7947 E_h, exp. variance=0.1684 E_h^2, pmove=0.55
2026-05-29 17:19:48,076 - Step 02724: 3553.8347 E_h, exp. variance=0.1522 E_h^2, pmove=0.55
2026-05-29 17:19:48,244 - Step 02725: 3553.6838 E_h, exp. variance=0.1375 E_h^2, pmove=0.55
2026-05-29 17:19:48,409 - Step 02726: 3553.6733 E_h, exp. variance=0.1243 E_h^2, pmove=0.54
2026-05-29 17:19:48,574 - Step 02727: 3554.4536 E_h, exp. variance=0.1573 E_h^2, pmove=0.54
2026-05-29 17:19:48,745 - Step 02728: 3554.7507 E_h, exp. variance=0.2205 E_h^2, pmove=0.55
2026-05-29 17:19:48,911 - Step 02729: 3554.3218 E_h, exp. variance=0.2139 E_h^2, pmove=0.55
2026-05-29 17:19:49,077 - Step 02730: 3554.5242 E_h, exp. variance=0.2223 E_h^2, pmove=0.55
2026-05-29 17:19:49,241 - Step 02731: 3554.1318 E_h, exp. variance=0.2015 E_h^2, pmove=0.54
2026-05-29 17:19:49,407 - Step 02732: 3553.9023 E_h, exp. variance=0.1825 E_h^2, pmove=0.55
2026-05-29 17:19:49,575 - Step 02733: 3553.2437 E_h, exp. variance=0.2168 E_h^2, pmove=0.54
2026-05-29 17:19:49,741 - Step 02734: 3553.8760 E_h, exp. variance=0.1954 E_h^2, pmove=0.55
2026-05-29 17:19:49,912 - Step 02735: 3553.1562 E_h, exp. variance=0.2291 E_h^2, pmove=0.55
2026-05-29 17:19:50,080 - Step 02736: 3553.8196 E_h, exp. variance=0.2063 E_h^2, pmove=0.55
2026-05-29 17:19:50,247 - Step 02737: 3552.5994 E_h, exp. variance=0.3255 E_h^2, pmove=0.54
2026-05-29 17:19:50,414 - Step 02738: 3553.5071 E_h, exp. variance=0.2970 E_h^2, pmove=0.55
2026-05-29 17:19:50,578 - Step 02739: 3553.4253 E_h, exp. variance=0.2741 E_h^2, pmove=0.54
2026-05-29 17:19:50,741 - Step 02740: 3553.3923 E_h, exp. variance=0.2538 E_h^2, pmove=0.55
2026-05-29 17:19:50,915 - Step 02741: 3552.8535 E_h, exp. variance=0.2847 E_h^2, pmove=0.55
2026-05-29 17:19:51,089 - Step 02742: 3553.1631 E_h, exp. variance=0.2707 E_h^2, pmove=0.56
2026-05-29 17:19:51,255 - Step 02743: 3553.2158 E_h, exp. variance=0.2523 E_h^2, pmove=0.55
2026-05-29 17:19:51,420 - Step 02744: 3554.2090 E_h, exp. variance=0.2731 E_h^2, pmove=0.55
2026-05-29 17:19:51,585 - Step 02745: 3553.7056 E_h, exp. variance=0.2475 E_h^2, pmove=0.54
2026-05-29 17:19:51,748 - Step 02746: 3554.0591 E_h, exp. variance=0.2435 E_h^2, pmove=0.55
2026-05-29 17:19:51,915 - Step 02747: 3553.8938 E_h, exp. variance=0.2255 E_h^2, pmove=0.54
2026-05-29 17:19:52,080 - Step 02748: 3553.9685 E_h, exp. variance=0.2119 E_h^2, pmove=0.55
2026-05-29 17:19:52,245 - Step 02749: 3554.2515 E_h, exp. variance=0.2195 E_h^2, pmove=0.54
2026-05-29 17:19:52,409 - Step 02750: 3554.7378 E_h, exp. variance=0.2868 E_h^2, pmove=0.54
2026-05-29 17:19:52,579 - Step 02751: 3553.7036 E_h, exp. variance=0.2598 E_h^2, pmove=0.55
2026-05-29 17:19:52,749 - Step 02752: 3553.7756 E_h, exp. variance=0.2341 E_h^2, pmove=0.55
2026-05-29 17:19:52,921 - Step 02753: 3553.7197 E_h, exp. variance=0.2116 E_h^2, pmove=0.55
2026-05-29 17:19:53,087 - Step 02754: 3553.5876 E_h, exp. variance=0.1950 E_h^2, pmove=0.55
2026-05-29 17:19:53,255 - Step 02755: 3554.0874 E_h, exp. variance=0.1835 E_h^2, pmove=0.54
2026-05-29 17:19:53,420 - Step 02756: 3554.0442 E_h, exp. variance=0.1697 E_h^2, pmove=0.55
2026-05-29 17:19:53,584 - Step 02757: 3552.9346 E_h, exp. variance=0.2268 E_h^2, pmove=0.54
2026-05-29 17:19:53,749 - Step 02758: 3552.9087 E_h, exp. variance=0.2681 E_h^2, pmove=0.55
2026-05-29 17:19:53,917 - Step 02759: 3553.4668 E_h, exp. variance=0.2449 E_h^2, pmove=0.55
2026-05-29 17:19:54,097 - Step 02760: 3554.7886 E_h, exp. variance=0.3376 E_h^2, pmove=0.55
2026-05-29 17:19:54,262 - Step 02761: 3554.2144 E_h, exp. variance=0.3224 E_h^2, pmove=0.55
2026-05-29 17:19:54,426 - Step 02762: 3553.4785 E_h, exp. variance=0.2998 E_h^2, pmove=0.54
2026-05-29 17:19:54,589 - Step 02763: 3553.8552 E_h, exp. variance=0.2704 E_h^2, pmove=0.55
2026-05-29 17:19:54,757 - Step 02764: 3553.4248 E_h, exp. variance=0.2549 E_h^2, pmove=0.55
2026-05-29 17:19:54,924 - Step 02765: 3554.0293 E_h, exp. variance=0.2366 E_h^2, pmove=0.55
2026-05-29 17:19:55,088 - Step 02766: 3554.1646 E_h, exp. variance=0.2266 E_h^2, pmove=0.55
2026-05-29 17:19:55,252 - Step 02767: 3553.5054 E_h, exp. variance=0.2125 E_h^2, pmove=0.54
2026-05-29 17:19:55,417 - Step 02768: 3554.7661 E_h, exp. variance=0.2782 E_h^2, pmove=0.55
2026-05-29 17:19:55,584 - Step 02769: 3553.5940 E_h, exp. variance=0.2579 E_h^2, pmove=0.54
2026-05-29 17:19:55,756 - Step 02770: 3553.5085 E_h, exp. variance=0.2427 E_h^2, pmove=0.55
2026-05-29 17:19:55,923 - Step 02771: 3554.0979 E_h, exp. variance=0.2255 E_h^2, pmove=0.55
2026-05-29 17:19:56,090 - Step 02772: 3554.0391 E_h, exp. variance=0.2063 E_h^2, pmove=0.55
2026-05-29 17:19:56,257 - Step 02773: 3554.3130 E_h, exp. variance=0.2037 E_h^2, pmove=0.55
2026-05-29 17:19:56,422 - Step 02774: 3553.9136 E_h, exp. variance=0.1833 E_h^2, pmove=0.55
2026-05-29 17:19:56,588 - Step 02775: 3553.7732 E_h, exp. variance=0.1667 E_h^2, pmove=0.55
2026-05-29 17:19:56,754 - Step 02776: 3553.0811 E_h, exp. variance=0.2099 E_h^2, pmove=0.55
2026-05-29 17:19:56,919 - Step 02777: 3553.8120 E_h, exp. variance=0.1889 E_h^2, pmove=0.55
2026-05-29 17:19:57,085 - Step 02778: 3553.3975 E_h, exp. variance=0.1857 E_h^2, pmove=0.54
2026-05-29 17:19:57,251 - Step 02779: 3554.5930 E_h, exp. variance=0.2276 E_h^2, pmove=0.55
2026-05-29 17:19:57,416 - Step 02780: 3553.6904 E_h, exp. variance=0.2073 E_h^2, pmove=0.54
2026-05-29 17:19:57,583 - Step 02781: 3553.7412 E_h, exp. variance=0.1874 E_h^2, pmove=0.55
2026-05-29 17:19:57,749 - Step 02782: 3553.4514 E_h, exp. variance=0.1815 E_h^2, pmove=0.54
2026-05-29 17:19:57,917 - Step 02783: 3554.0273 E_h, exp. variance=0.1684 E_h^2, pmove=0.55
2026-05-29 17:19:58,081 - Step 02784: 3553.0044 E_h, exp. variance=0.2107 E_h^2, pmove=0.54
2026-05-29 17:19:58,246 - Step 02785: 3554.3799 E_h, exp. variance=0.2272 E_h^2, pmove=0.56
2026-05-29 17:19:58,414 - Step 02786: 3553.6440 E_h, exp. variance=0.2066 E_h^2, pmove=0.54
2026-05-29 17:19:58,588 - Step 02787: 3554.4929 E_h, exp. variance=0.2313 E_h^2, pmove=0.54
2026-05-29 17:19:58,755 - Step 02788: 3554.7495 E_h, exp. variance=0.2803 E_h^2, pmove=0.54
2026-05-29 17:19:58,920 - Step 02789: 3554.2622 E_h, exp. variance=0.2614 E_h^2, pmove=0.55
2026-05-29 17:19:59,085 - Step 02790: 3553.7212 E_h, exp. variance=0.2411 E_h^2, pmove=0.54
2026-05-29 17:19:59,251 - Step 02791: 3553.5728 E_h, exp. variance=0.2298 E_h^2, pmove=0.55
2026-05-29 17:19:59,416 - Step 02792: 3552.9744 E_h, exp. variance=0.2860 E_h^2, pmove=0.55
2026-05-29 17:19:59,580 - Step 02793: 3553.8682 E_h, exp. variance=0.2576 E_h^2, pmove=0.55
2026-05-29 17:19:59,745 - Step 02794: 3553.2305 E_h, exp. variance=0.2635 E_h^2, pmove=0.55
2026-05-29 17:19:59,911 - Step 02795: 3553.2852 E_h, exp. variance=0.2578 E_h^2, pmove=0.55
2026-05-29 17:20:00,086 - Step 02796: 3552.9692 E_h, exp. variance=0.2822 E_h^2, pmove=0.54
2026-05-29 17:20:00,256 - Step 02797: 3553.7012 E_h, exp. variance=0.2543 E_h^2, pmove=0.55
2026-05-29 17:20:00,427 - Step 02798: 3553.6499 E_h, exp. variance=0.2289 E_h^2, pmove=0.55
2026-05-29 17:20:00,595 - Step 02799: 3553.2710 E_h, exp. variance=0.2188 E_h^2, pmove=0.54
2026-05-29 17:20:00,758 - Step 02800: 3552.9390 E_h, exp. variance=0.2374 E_h^2, pmove=0.55
2026-05-29 17:20:00,921 - Step 02801: 3553.6365 E_h, exp. variance=0.2145 E_h^2, pmove=0.54
2026-05-29 17:20:01,086 - Step 02802: 3553.2534 E_h, exp. variance=0.2011 E_h^2, pmove=0.55
2026-05-29 17:20:01,250 - Step 02803: 3553.0461 E_h, exp. variance=0.2014 E_h^2, pmove=0.55
2026-05-29 17:20:01,415 - Step 02804: 3553.6299 E_h, exp. variance=0.1834 E_h^2, pmove=0.54
2026-05-29 17:20:01,582 - Step 02805: 3552.9934 E_h, exp. variance=0.1873 E_h^2, pmove=0.55
2026-05-29 17:20:01,748 - Step 02806: 3552.7041 E_h, exp. variance=0.2174 E_h^2, pmove=0.54
2026-05-29 17:20:01,914 - Step 02807: 3553.3911 E_h, exp. variance=0.1957 E_h^2, pmove=0.55
2026-05-29 17:20:02,078 - Step 02808: 3553.1489 E_h, exp. variance=0.1805 E_h^2, pmove=0.55
2026-05-29 17:20:02,250 - Step 02809: 3553.4893 E_h, exp. variance=0.1642 E_h^2, pmove=0.55
2026-05-29 17:20:02,415 - Step 02810: 3553.0625 E_h, exp. variance=0.1559 E_h^2, pmove=0.54
2026-05-29 17:20:02,579 - Step 02811: 3552.8804 E_h, exp. variance=0.1586 E_h^2, pmove=0.55
2026-05-29 17:20:02,749 - Step 02812: 3553.0078 E_h, exp. variance=0.1497 E_h^2, pmove=0.54
2026-05-29 17:20:02,919 - Step 02813: 3553.8914 E_h, exp. variance=0.1708 E_h^2, pmove=0.54
2026-05-29 17:20:03,087 - Step 02814: 3553.9116 E_h, exp. variance=0.1850 E_h^2, pmove=0.54
2026-05-29 17:20:03,250 - Step 02815: 3553.3501 E_h, exp. variance=0.1666 E_h^2, pmove=0.55
2026-05-29 17:20:03,413 - Step 02816: 3554.0237 E_h, exp. variance=0.1875 E_h^2, pmove=0.55
2026-05-29 17:20:03,577 - Step 02817: 3553.4487 E_h, exp. variance=0.1688 E_h^2, pmove=0.54
2026-05-29 17:20:03,742 - Step 02818: 3553.7075 E_h, exp. variance=0.1582 E_h^2, pmove=0.55
2026-05-29 17:20:03,905 - Step 02819: 3553.0894 E_h, exp. variance=0.1554 E_h^2, pmove=0.54
2026-05-29 17:20:04,068 - Step 02820: 3553.5693 E_h, exp. variance=0.1415 E_h^2, pmove=0.54
2026-05-29 17:20:04,238 - Step 02821: 3551.9709 E_h, exp. variance=0.3230 E_h^2, pmove=0.54
2026-05-29 17:20:04,405 - Step 02822: 3553.9888 E_h, exp. variance=0.3337 E_h^2, pmove=0.55
2026-05-29 17:20:04,569 - Step 02823: 3552.9277 E_h, exp. variance=0.3177 E_h^2, pmove=0.54
2026-05-29 17:20:04,736 - Step 02824: 3553.4021 E_h, exp. variance=0.2865 E_h^2, pmove=0.55
2026-05-29 17:20:04,901 - Step 02825: 3552.7910 E_h, exp. variance=0.2840 E_h^2, pmove=0.54
2026-05-29 17:20:05,064 - Step 02826: 3553.2566 E_h, exp. variance=0.2557 E_h^2, pmove=0.55
2026-05-29 17:20:05,231 - Step 02827: 3553.3762 E_h, exp. variance=0.2310 E_h^2, pmove=0.55
2026-05-29 17:20:05,400 - Step 02828: 3553.6348 E_h, exp. variance=0.2189 E_h^2, pmove=0.55
2026-05-29 17:20:05,575 - Step 02829: 3553.7480 E_h, exp. variance=0.2135 E_h^2, pmove=0.55
2026-05-29 17:20:05,737 - Step 02830: 3553.5935 E_h, exp. variance=0.1970 E_h^2, pmove=0.55
2026-05-29 17:20:05,901 - Step 02831: 3552.3040 E_h, exp. variance=0.2826 E_h^2, pmove=0.54
2026-05-29 17:20:06,065 - Step 02832: 3553.5928 E_h, exp. variance=0.2633 E_h^2, pmove=0.55
2026-05-29 17:20:06,227 - Step 02833: 3552.9849 E_h, exp. variance=0.2464 E_h^2, pmove=0.54
2026-05-29 17:20:06,390 - Step 02834: 3553.5537 E_h, exp. variance=0.2287 E_h^2, pmove=0.55
2026-05-29 17:20:06,552 - Step 02835: 3553.0063 E_h, exp. variance=0.2138 E_h^2, pmove=0.54
2026-05-29 17:20:06,715 - Step 02836: 3554.1370 E_h, exp. variance=0.2594 E_h^2, pmove=0.54
2026-05-29 17:20:06,884 - Step 02837: 3554.3354 E_h, exp. variance=0.3190 E_h^2, pmove=0.54
2026-05-29 17:20:07,048 - Step 02838: 3554.1079 E_h, exp. variance=0.3251 E_h^2, pmove=0.54
2026-05-29 17:20:07,211 - Step 02839: 3553.4097 E_h, exp. variance=0.2937 E_h^2, pmove=0.54
2026-05-29 17:20:07,376 - Step 02840: 3553.0498 E_h, exp. variance=0.2836 E_h^2, pmove=0.55
2026-05-29 17:20:07,539 - Step 02841: 3553.1660 E_h, exp. variance=0.2633 E_h^2, pmove=0.55
2026-05-29 17:20:07,700 - Step 02842: 3553.1609 E_h, exp. variance=0.2437 E_h^2, pmove=0.55
2026-05-29 17:20:07,864 - Step 02843: 3553.2815 E_h, exp. variance=0.2208 E_h^2, pmove=0.55
2026-05-29 17:20:08,028 - Step 02844: 3553.2598 E_h, exp. variance=0.2004 E_h^2, pmove=0.54
2026-05-29 17:20:08,194 - Step 02845: 3553.2690 E_h, exp. variance=0.1815 E_h^2, pmove=0.56
2026-05-29 17:20:08,357 - Step 02846: 3553.9722 E_h, exp. variance=0.1959 E_h^2, pmove=0.55
2026-05-29 17:20:08,523 - Step 02847: 3552.5752 E_h, exp. variance=0.2422 E_h^2, pmove=0.55
2026-05-29 17:20:08,688 - Step 02848: 3553.8599 E_h, exp. variance=0.2418 E_h^2, pmove=0.55
2026-05-29 17:20:08,852 - Step 02849: 3552.7661 E_h, exp. variance=0.2534 E_h^2, pmove=0.54
2026-05-29 17:20:09,018 - Step 02850: 3554.0981 E_h, exp. variance=0.2807 E_h^2, pmove=0.55
2026-05-29 17:20:09,184 - Step 02851: 3552.9507 E_h, exp. variance=0.2716 E_h^2, pmove=0.55
2026-05-29 17:20:09,353 - Step 02852: 3553.4536 E_h, exp. variance=0.2452 E_h^2, pmove=0.55
2026-05-29 17:20:09,517 - Step 02853: 3553.3008 E_h, exp. variance=0.2211 E_h^2, pmove=0.54
2026-05-29 17:20:09,680 - Step 02854: 3553.0430 E_h, exp. variance=0.2084 E_h^2, pmove=0.54
2026-05-29 17:20:09,843 - Step 02855: 3553.7886 E_h, exp. variance=0.2062 E_h^2, pmove=0.55
2026-05-29 17:20:10,005 - Step 02856: 3552.8555 E_h, exp. variance=0.2102 E_h^2, pmove=0.55
2026-05-29 17:20:10,170 - Step 02857: 3553.2903 E_h, exp. variance=0.1893 E_h^2, pmove=0.55
2026-05-29 17:20:10,338 - Step 02858: 3553.2275 E_h, exp. variance=0.1712 E_h^2, pmove=0.55
2026-05-29 17:20:10,504 - Step 02859: 3553.1562 E_h, exp. variance=0.1563 E_h^2, pmove=0.55
2026-05-29 17:20:10,671 - Step 02860: 3553.2659 E_h, exp. variance=0.1408 E_h^2, pmove=0.55
2026-05-29 17:20:10,836 - Step 02861: 3552.7029 E_h, exp. variance=0.1582 E_h^2, pmove=0.55
2026-05-29 17:20:11,000 - Step 02862: 3553.1240 E_h, exp. variance=0.1435 E_h^2, pmove=0.55
2026-05-29 17:20:11,164 - Step 02863: 3553.1494 E_h, exp. variance=0.1297 E_h^2, pmove=0.54
2026-05-29 17:20:11,333 - Step 02864: 3553.7437 E_h, exp. variance=0.1417 E_h^2, pmove=0.55
2026-05-29 17:20:11,497 - Step 02865: 3553.1060 E_h, exp. variance=0.1299 E_h^2, pmove=0.55
2026-05-29 17:20:11,660 - Step 02866: 3553.3760 E_h, exp. variance=0.1183 E_h^2, pmove=0.55
2026-05-29 17:20:11,827 - Step 02867: 3553.5039 E_h, exp. variance=0.1116 E_h^2, pmove=0.54
2026-05-29 17:20:12,001 - Step 02868: 3553.4763 E_h, exp. variance=0.1036 E_h^2, pmove=0.55
2026-05-29 17:20:12,168 - Step 02869: 3553.3215 E_h, exp. variance=0.0932 E_h^2, pmove=0.55
2026-05-29 17:20:12,334 - Step 02870: 3552.5615 E_h, exp. variance=0.1343 E_h^2, pmove=0.54
2026-05-29 17:20:12,500 - Step 02871: 3552.5852 E_h, exp. variance=0.1588 E_h^2, pmove=0.55
2026-05-29 17:20:12,665 - Step 02872: 3553.7112 E_h, exp. variance=0.1693 E_h^2, pmove=0.54
2026-05-29 17:20:12,828 - Step 02873: 3553.3369 E_h, exp. variance=0.1535 E_h^2, pmove=0.55
2026-05-29 17:20:12,990 - Step 02874: 3553.6538 E_h, exp. variance=0.1539 E_h^2, pmove=0.55
2026-05-29 17:20:13,155 - Step 02875: 3552.6968 E_h, exp. variance=0.1688 E_h^2, pmove=0.54
2026-05-29 17:20:13,319 - Step 02876: 3553.1787 E_h, exp. variance=0.1521 E_h^2, pmove=0.55
2026-05-29 17:20:13,490 - Step 02877: 3553.1804 E_h, exp. variance=0.1370 E_h^2, pmove=0.54
2026-05-29 17:20:13,655 - Step 02878: 3553.9141 E_h, exp. variance=0.1677 E_h^2, pmove=0.55
2026-05-29 17:20:13,818 - Step 02879: 3552.7842 E_h, exp. variance=0.1732 E_h^2, pmove=0.54
2026-05-29 17:20:13,981 - Step 02880: 3554.0312 E_h, exp. variance=0.2134 E_h^2, pmove=0.55
2026-05-29 17:20:14,145 - Step 02881: 3553.9673 E_h, exp. variance=0.2308 E_h^2, pmove=0.55
2026-05-29 17:20:14,310 - Step 02882: 3553.4478 E_h, exp. variance=0.2081 E_h^2, pmove=0.54
2026-05-29 17:20:14,478 - Step 02883: 3553.3511 E_h, exp. variance=0.1874 E_h^2, pmove=0.55
2026-05-29 17:20:14,646 - Step 02884: 3553.0063 E_h, exp. variance=0.1813 E_h^2, pmove=0.54
2026-05-29 17:20:14,811 - Step 02885: 3554.3320 E_h, exp. variance=0.2511 E_h^2, pmove=0.55
2026-05-29 17:20:14,975 - Step 02886: 3553.4648 E_h, exp. variance=0.2260 E_h^2, pmove=0.54
2026-05-29 17:20:15,139 - Step 02887: 3553.4851 E_h, exp. variance=0.2036 E_h^2, pmove=0.55
2026-05-29 17:20:15,303 - Step 02888: 3553.6001 E_h, exp. variance=0.1853 E_h^2, pmove=0.54
2026-05-29 17:20:15,465 - Step 02889: 3552.5835 E_h, exp. variance=0.2365 E_h^2, pmove=0.54
2026-05-29 17:20:15,631 - Step 02890: 3553.2114 E_h, exp. variance=0.2153 E_h^2, pmove=0.55
2026-05-29 17:20:15,797 - Step 02891: 3553.1685 E_h, exp. variance=0.1970 E_h^2, pmove=0.55
2026-05-29 17:20:15,960 - Step 02892: 3553.6128 E_h, exp. variance=0.1840 E_h^2, pmove=0.55
2026-05-29 17:20:16,125 - Step 02893: 3553.9434 E_h, exp. variance=0.1954 E_h^2, pmove=0.55
2026-05-29 17:20:16,288 - Step 02894: 3554.4932 E_h, exp. variance=0.2785 E_h^2, pmove=0.55
2026-05-29 17:20:16,453 - Step 02895: 3553.6257 E_h, exp. variance=0.2515 E_h^2, pmove=0.55
2026-05-29 17:20:16,617 - Step 02896: 3553.4922 E_h, exp. variance=0.2265 E_h^2, pmove=0.55
2026-05-29 17:20:16,779 - Step 02897: 3554.4189 E_h, exp. variance=0.2740 E_h^2, pmove=0.55
2026-05-29 17:20:16,946 - Step 02898: 3554.0132 E_h, exp. variance=0.2602 E_h^2, pmove=0.54
2026-05-29 17:20:17,113 - Step 02899: 3554.0879 E_h, exp. variance=0.2504 E_h^2, pmove=0.55
2026-05-29 17:20:17,278 - Step 02900: 3552.8013 E_h, exp. variance=0.2990 E_h^2, pmove=0.54
2026-05-29 17:20:17,443 - Step 02901: 3552.6602 E_h, exp. variance=0.3512 E_h^2, pmove=0.55
2026-05-29 17:20:17,609 - Step 02902: 3552.4155 E_h, exp. variance=0.4258 E_h^2, pmove=0.55
2026-05-29 17:20:17,773 - Step 02903: 3553.6157 E_h, exp. variance=0.3871 E_h^2, pmove=0.55
2026-05-29 17:20:17,938 - Step 02904: 3553.8931 E_h, exp. variance=0.3676 E_h^2, pmove=0.54
2026-05-29 17:20:18,102 - Step 02905: 3553.6328 E_h, exp. variance=0.3331 E_h^2, pmove=0.55
2026-05-29 17:20:18,267 - Step 02906: 3553.9280 E_h, exp. variance=0.3169 E_h^2, pmove=0.55
2026-05-29 17:20:18,436 - Step 02907: 3553.4844 E_h, exp. variance=0.2854 E_h^2, pmove=0.55
2026-05-29 17:20:18,603 - Step 02908: 3553.9146 E_h, exp. variance=0.2701 E_h^2, pmove=0.55
2026-05-29 17:20:18,768 - Step 02909: 3553.4402 E_h, exp. variance=0.2446 E_h^2, pmove=0.55
2026-05-29 17:20:18,932 - Step 02910: 3552.8247 E_h, exp. variance=0.2683 E_h^2, pmove=0.55
2026-05-29 17:20:19,094 - Step 02911: 3553.6912 E_h, exp. variance=0.2453 E_h^2, pmove=0.55
2026-05-29 17:20:19,258 - Step 02912: 3553.4612 E_h, exp. variance=0.2210 E_h^2, pmove=0.54
2026-05-29 17:20:19,423 - Step 02913: 3553.4509 E_h, exp. variance=0.1991 E_h^2, pmove=0.55
2026-05-29 17:20:19,589 - Step 02914: 3553.2317 E_h, exp. variance=0.1854 E_h^2, pmove=0.54
2026-05-29 17:20:19,757 - Step 02915: 3552.7310 E_h, exp. variance=0.2158 E_h^2, pmove=0.55
2026-05-29 17:20:19,919 - Step 02916: 3552.6797 E_h, exp. variance=0.2402 E_h^2, pmove=0.54
2026-05-29 17:20:20,082 - Step 02917: 3553.2666 E_h, exp. variance=0.2165 E_h^2, pmove=0.55
2026-05-29 17:20:20,248 - Step 02918: 3552.8345 E_h, exp. variance=0.2158 E_h^2, pmove=0.54
2026-05-29 17:20:20,414 - Step 02919: 3554.3608 E_h, exp. variance=0.3015 E_h^2, pmove=0.55
2026-05-29 17:20:20,579 - Step 02920: 3553.1094 E_h, exp. variance=0.2779 E_h^2, pmove=0.54
2026-05-29 17:20:20,742 - Step 02921: 3553.6787 E_h, exp. variance=0.2597 E_h^2, pmove=0.56
2026-05-29 17:20:20,909 - Step 02922: 3553.8271 E_h, exp. variance=0.2514 E_h^2, pmove=0.54
2026-05-29 17:20:21,075 - Step 02923: 3553.1172 E_h, exp. variance=0.2350 E_h^2, pmove=0.55
2026-05-29 17:20:21,239 - Step 02924: 3553.3804 E_h, exp. variance=0.2115 E_h^2, pmove=0.54
2026-05-29 17:20:21,403 - Step 02925: 3553.2141 E_h, exp. variance=0.1933 E_h^2, pmove=0.55
2026-05-29 17:20:21,569 - Step 02926: 3552.7627 E_h, exp. variance=0.2080 E_h^2, pmove=0.55
2026-05-29 17:20:21,734 - Step 02927: 3553.2710 E_h, exp. variance=0.1874 E_h^2, pmove=0.55
2026-05-29 17:20:21,900 - Step 02928: 3552.7583 E_h, exp. variance=0.1962 E_h^2, pmove=0.55
2026-05-29 17:20:22,067 - Step 02929: 3553.5408 E_h, exp. variance=0.1839 E_h^2, pmove=0.54
2026-05-29 17:20:22,232 - Step 02930: 3553.3206 E_h, exp. variance=0.1656 E_h^2, pmove=0.54
2026-05-29 17:20:22,396 - Step 02931: 3553.7319 E_h, exp. variance=0.1667 E_h^2, pmove=0.54
2026-05-29 17:20:22,561 - Step 02932: 3553.5696 E_h, exp. variance=0.1551 E_h^2, pmove=0.55
2026-05-29 17:20:22,724 - Step 02933: 3553.1741 E_h, exp. variance=0.1426 E_h^2, pmove=0.55
2026-05-29 17:20:22,887 - Step 02934: 3553.2139 E_h, exp. variance=0.1297 E_h^2, pmove=0.54
2026-05-29 17:20:23,049 - Step 02935: 3552.1477 E_h, exp. variance=0.2416 E_h^2, pmove=0.54
2026-05-29 17:20:23,212 - Step 02936: 3553.3076 E_h, exp. variance=0.2184 E_h^2, pmove=0.55
2026-05-29 17:20:23,375 - Step 02937: 3554.1543 E_h, exp. variance=0.2754 E_h^2, pmove=0.55
2026-05-29 17:20:23,540 - Step 02938: 3554.3579 E_h, exp. variance=0.3464 E_h^2, pmove=0.54
2026-05-29 17:20:23,705 - Step 02939: 3553.5747 E_h, exp. variance=0.3140 E_h^2, pmove=0.54
2026-05-29 17:20:23,870 - Step 02940: 3553.8223 E_h, exp. variance=0.2963 E_h^2, pmove=0.55
2026-05-29 17:20:24,036 - Step 02941: 3553.2979 E_h, exp. variance=0.2694 E_h^2, pmove=0.55
2026-05-29 17:20:24,202 - Step 02942: 3554.1284 E_h, exp. variance=0.2834 E_h^2, pmove=0.55
2026-05-29 17:20:24,365 - Step 02943: 3552.8232 E_h, exp. variance=0.2989 E_h^2, pmove=0.54
2026-05-29 17:20:24,529 - Step 02944: 3553.7935 E_h, exp. variance=0.2796 E_h^2, pmove=0.54
2026-05-29 17:20:24,693 - Step 02945: 3553.9744 E_h, exp. variance=0.2731 E_h^2, pmove=0.54
2026-05-29 17:20:24,858 - Step 02946: 3554.0369 E_h, exp. variance=0.2685 E_h^2, pmove=0.55
2026-05-29 17:20:25,022 - Step 02947: 3553.7034 E_h, exp. variance=0.2429 E_h^2, pmove=0.55
2026-05-29 17:20:25,186 - Step 02948: 3555.1050 E_h, exp. variance=0.4234 E_h^2, pmove=0.54
2026-05-29 17:20:25,350 - Step 02949: 3553.1836 E_h, exp. variance=0.4097 E_h^2, pmove=0.54
2026-05-29 17:20:25,514 - Step 02950: 3554.6423 E_h, exp. variance=0.4501 E_h^2, pmove=0.55
2026-05-29 17:20:25,678 - Step 02951: 3552.5576 E_h, exp. variance=0.5410 E_h^2, pmove=0.54
2026-05-29 17:20:25,846 - Step 02952: 3553.6001 E_h, exp. variance=0.4873 E_h^2, pmove=0.55
2026-05-29 17:20:26,011 - Step 02953: 3553.6987 E_h, exp. variance=0.4387 E_h^2, pmove=0.54
2026-05-29 17:20:26,178 - Step 02954: 3553.8950 E_h, exp. variance=0.3997 E_h^2, pmove=0.55
2026-05-29 17:20:26,344 - Step 02955: 3553.1292 E_h, exp. variance=0.3876 E_h^2, pmove=0.54
2026-05-29 17:20:26,511 - Step 02956: 3553.2598 E_h, exp. variance=0.3611 E_h^2, pmove=0.55
2026-05-29 17:20:26,675 - Step 02957: 3553.5801 E_h, exp. variance=0.3250 E_h^2, pmove=0.55
2026-05-29 17:20:26,843 - Step 02958: 3553.5508 E_h, exp. variance=0.2926 E_h^2, pmove=0.54
2026-05-29 17:20:27,009 - Step 02959: 3553.4253 E_h, exp. variance=0.2657 E_h^2, pmove=0.55
2026-05-29 17:20:27,175 - Step 02960: 3553.7234 E_h, exp. variance=0.2412 E_h^2, pmove=0.55
2026-05-29 17:20:27,339 - Step 02961: 3553.5894 E_h, exp. variance=0.2171 E_h^2, pmove=0.55
2026-05-29 17:20:27,503 - Step 02962: 3554.1348 E_h, exp. variance=0.2225 E_h^2, pmove=0.54
2026-05-29 17:20:27,673 - Step 02963: 3552.9629 E_h, exp. variance=0.2416 E_h^2, pmove=0.55
2026-05-29 17:20:27,838 - Step 02964: 3553.4136 E_h, exp. variance=0.2198 E_h^2, pmove=0.55
2026-05-29 17:20:28,004 - Step 02965: 3553.6611 E_h, exp. variance=0.1988 E_h^2, pmove=0.54
2026-05-29 17:20:28,169 - Step 02966: 3554.2075 E_h, exp. variance=0.2157 E_h^2, pmove=0.55
2026-05-29 17:20:28,334 - Step 02967: 3553.1055 E_h, exp. variance=0.2191 E_h^2, pmove=0.54
2026-05-29 17:20:28,502 - Step 02968: 3553.4705 E_h, exp. variance=0.1982 E_h^2, pmove=0.55
2026-05-29 17:20:28,668 - Step 02969: 3553.6809 E_h, exp. variance=0.1795 E_h^2, pmove=0.54
2026-05-29 17:20:28,830 - Step 02970: 3553.2698 E_h, exp. variance=0.1702 E_h^2, pmove=0.55
2026-05-29 17:20:28,994 - Step 02971: 3554.0010 E_h, exp. variance=0.1716 E_h^2, pmove=0.55
2026-05-29 17:20:29,158 - Step 02972: 3552.7954 E_h, exp. variance=0.2118 E_h^2, pmove=0.55
2026-05-29 17:20:29,325 - Step 02973: 3553.5945 E_h, exp. variance=0.1912 E_h^2, pmove=0.55
2026-05-29 17:20:29,493 - Step 02974: 3552.9966 E_h, exp. variance=0.1969 E_h^2, pmove=0.55
2026-05-29 17:20:29,657 - Step 02975: 3553.4087 E_h, exp. variance=0.1776 E_h^2, pmove=0.55
2026-05-29 17:20:29,837 - Step 02976: 3554.0020 E_h, exp. variance=0.1859 E_h^2, pmove=0.54
2026-05-29 17:20:30,004 - Step 02977: 3553.3721 E_h, exp. variance=0.1692 E_h^2, pmove=0.54
2026-05-29 17:20:30,172 - Step 02978: 3552.9692 E_h, exp. variance=0.1779 E_h^2, pmove=0.55
2026-05-29 17:20:30,336 - Step 02979: 3553.2275 E_h, exp. variance=0.1646 E_h^2, pmove=0.55
2026-05-29 17:20:30,502 - Step 02980: 3553.7185 E_h, exp. variance=0.1558 E_h^2, pmove=0.55
2026-05-29 17:20:30,678 - Step 02981: 3554.5400 E_h, exp. variance=0.2459 E_h^2, pmove=0.55
2026-05-29 17:20:30,848 - Step 02982: 3553.6418 E_h, exp. variance=0.2218 E_h^2, pmove=0.54
2026-05-29 17:20:31,009 - Step 02983: 3554.6265 E_h, exp. variance=0.2996 E_h^2, pmove=0.55
2026-05-29 17:20:31,173 - Step 02984: 3553.1943 E_h, exp. variance=0.2907 E_h^2, pmove=0.55
2026-05-29 17:20:31,339 - Step 02985: 3553.9802 E_h, exp. variance=0.2727 E_h^2, pmove=0.55
2026-05-29 17:20:31,502 - Step 02986: 3553.6646 E_h, exp. variance=0.2454 E_h^2, pmove=0.54
2026-05-29 17:20:31,667 - Step 02987: 3553.7864 E_h, exp. variance=0.2222 E_h^2, pmove=0.54
2026-05-29 17:20:31,833 - Step 02988: 3554.3337 E_h, exp. variance=0.2388 E_h^2, pmove=0.56
2026-05-29 17:20:31,998 - Step 02989: 3553.9619 E_h, exp. variance=0.2193 E_h^2, pmove=0.54
2026-05-29 17:20:32,163 - Step 02990: 3554.2378 E_h, exp. variance=0.2175 E_h^2, pmove=0.55
2026-05-29 17:20:32,325 - Step 02991: 3553.6384 E_h, exp. variance=0.1984 E_h^2, pmove=0.55
2026-05-29 17:20:32,490 - Step 02992: 3553.7495 E_h, exp. variance=0.1788 E_h^2, pmove=0.55
2026-05-29 17:20:32,652 - Step 02993: 3552.9182 E_h, exp. variance=0.2293 E_h^2, pmove=0.55
2026-05-29 17:20:32,815 - Step 02994: 3553.1733 E_h, exp. variance=0.2316 E_h^2, pmove=0.54
2026-05-29 17:20:32,980 - Step 02995: 3553.6824 E_h, exp. variance=0.2086 E_h^2, pmove=0.55
2026-05-29 17:20:33,144 - Step 02996: 3553.7119 E_h, exp. variance=0.1880 E_h^2, pmove=0.55
2026-05-29 17:20:33,308 - Step 02997: 3553.5896 E_h, exp. variance=0.1696 E_h^2, pmove=0.55
2026-05-29 17:20:33,472 - Step 02998: 3554.2017 E_h, exp. variance=0.1799 E_h^2, pmove=0.55
2026-05-29 17:20:33,636 - Step 02999: 3553.2500 E_h, exp. variance=0.1807 E_h^2, pmove=0.55
2026-05-29 17:20:33,637 - Saving checkpoint results/bilayer-bosons/BosonNet/N10_layers10_0_rs0.5_d0.0_D50.0_sq/qmcjax_ckpt_002999.npz
2026-05-29 17:20:33,732 - Training completed after t [s] = 490
