step,energy,ewmean,ewvar,pmove,locstd
0,539959.75,539959.75,0.0,0.97437745,1.5856868e+06
1,602436.75,546207.44,3.513038e+08,0.971106,1.770677e+06
2,545333.1,546120.0,3.162422e+08,0.97072756,1.7586022e+06
3,512634.7,542771.5,3.8553194e+08,0.9728882,1.6266089e+06
4,580091.7,546503.5,4.723304e+08,0.97293705,1.8465391e+06
5,539688.25,545822.0,4.2927763e+08,0.97540283,1.5034664e+06
6,619717.8,553211.56,8.778031e+08,0.9776489,1.717999e+06
7,518155.38,549705.94,9.00627e+08,0.97902834,1.4484218e+06
8,507218.2,545457.2,9.730331e+08,0.9781861,1.5540849e+06
9,515237.88,542435.25,9.579184e+08,0.9779175,1.4775856e+06
10,552163.4,543408.06,8.706438e+08,0.9763428,1.6632552e+06
11,519694.5,541036.7,8.341893e+08,0.97257084,1.542075e+06
12,595440.56,546477.06,1.0171508e+09,0.97215575,1.7474892e+06
13,500179.3,541847.3,1.108349e+09,0.9716553,1.5466826e+06
14,608162.5,548478.8,1.3933075e+09,0.97188723,1.8165305e+06
15,516779.56,545308.9,1.3444125e+09,0.97139895,1.5417852e+06
16,562076.75,546985.7,1.2352759e+09,0.97146,1.763498e+06
17,504547.44,542741.9,1.2738387e+09,0.9741333,1.476067e+06
18,590173.5,547485.06,1.3489331e+09,0.97658694,1.7178806e+06
19,529470.25,545683.56,1.2432479e+09,0.9790161,1.5981839e+06
20,559942.0,547109.4,1.1372202e+09,0.97989506,1.8134354e+06
21,546972.5,547095.7,1.0234999e+09,0.9797241,1.5960426e+06
22,599301.2,552316.25,1.1664371e+09,0.9788208,1.8053974e+06
23,528274.5,549912.06,1.1018139e+09,0.97871095,1.4666829e+06
24,542699.7,549190.8,9.963141e+08,0.9772827,1.6071646e+06
25,543686.4,548640.4,8.994096e+08,0.97663575,1.6565422e+06
26,607460.5,554522.4,1.1208513e+09,0.97631836,1.8486334e+06
27,586297.9,557699.94,1.0996375e+09,0.9765137,1.8274214e+06
28,545015.1,556431.44,1.0041552e+09,0.9748535,1.6279929e+06
29,579274.25,558715.75,9.507011e+08,0.9751465,1.7895454e+06
30,526735.1,555517.7,9.476794e+08,0.9740357,1.6046326e+06
31,498649.7,549830.9,1.1439686e+09,0.97387695,1.4059542e+06
32,547472.9,549595.06,1.0300722e+09,0.9714722,1.6735549e+06
33,535916.75,548227.25,9.439036e+08,0.97266847,1.6110432e+06
34,462091.94,539613.75,1.5172495e+09,0.96954346,1.4149434e+06
35,505598.06,536212.2,1.4696607e+09,0.96831053,1.4707409e+06
36,571321.5,539723.1,1.4336343e+09,0.96800536,1.7548495e+06
37,566070.1,542357.8,1.3527456e+09,0.9660889,1.8939766e+06
38,557656.7,543887.7,1.2385361e+09,0.9662964,1.6712454e+06
39,542801.3,543779.06,1.1147886e+09,0.96705323,1.5997948e+06
40,521936.03,541594.75,1.0462503e+09,0.9687134,1.6242288e+06
41,527721.94,540207.5,9.589462e+08,0.9679932,1.6218148e+06
42,597659.0,545952.6,1.1601123e+09,0.96999514,1.6780988e+06
43,513606.94,542718.06,1.1382629e+09,0.97053224,1.5942818e+06
44,569386.25,545384.9,1.0884439e+09,0.9717285,1.7817856e+06
45,547585.75,545604.94,9.800354e+08,0.973938,1.7204105e+06
46,555131.06,546557.56,8.9019904e+08,0.9735718,1.754214e+06
47,470286.7,538930.5,1.3247313e+09,0.9744507,1.3412651e+06
48,539225.1,538959.94,1.192266e+09,0.97600096,1.6872255e+06
49,619698.4,547033.75,1.6597219e+09,0.97519535,1.8730904e+06
50,558334.3,548163.8,1.5052429e+09,0.9749512,1.6977058e+06
51,565161.7,549863.6,1.380722e+09,0.9745361,1.7198182e+06
52,553230.1,550200.25,1.2436698e+09,0.97379154,1.6591952e+06
53,479098.12,543090.06,1.5742989e+09,0.97382814,1.3263605e+06
54,540496.25,542830.7,1.4174744e+09,0.97355956,1.5880406e+06
55,509929.12,539540.5,1.3731532e+09,0.9724609,1.4920248e+06
56,546540.6,540240.5,1.240248e+09,0.97111815,1.557379e+06
57,555382.0,541754.6,1.1368571e+09,0.96895754,1.7080449e+06
58,546047.2,542183.9,1.02482963e+09,0.96759033,1.6124288e+06
59,518525.72,539818.06,9.7272045e+08,0.96499026,1.5453301e+06
60,634777.0,549313.94,1.6869964e+09,0.9646851,1.9307992e+06
61,597429.75,554125.5,1.7266586e+09,0.9602539,1.8146355e+06
62,494322.7,548145.25,1.8758665e+09,0.9588623,1.4569656e+06
63,534232.75,546754.0,1.7057e+09,0.9571411,1.6727435e+06
64,515275.06,543606.1,1.6243131e+09,0.9560791,1.5327814e+06
65,537318.4,542977.4,1.4654399e+09,0.9570557,1.5668302e+06
66,603763.3,549056.0,1.6514395e+09,0.9555664,1.910766e+06
67,545722.9,548722.7,1.4872954e+09,0.9533081,1.6876489e+06
68,568021.2,550652.56,1.3720847e+09,0.95249027,1.6423848e+06
69,509281.78,546515.5,1.388915e+09,0.94957274,1.5355525e+06
70,561442.9,548008.25,1.2700778e+09,0.94882816,1.5899638e+06
71,529305.75,546138.0,1.1745505e+09,0.9494263,1.492181e+06
72,543428.75,545867.06,1.057756e+09,0.9505127,1.5838958e+06
73,555664.3,546846.8,9.6061914e+08,0.94923097,1.7262018e+06
74,560210.9,548183.25,8.8063104e+08,0.9510254,1.8237841e+06
75,559600.5,549325.0,8.042997e+08,0.9481934,1.7643524e+06
76,576541.4,552046.6,7.905355e+08,0.9493775,1.7562339e+06
77,585159.1,555357.9,8.1016134e+08,0.9484253,1.8227556e+06
78,589883.5,558810.44,8.364269e+08,0.9507813,1.7612102e+06
79,550550.6,557984.44,7.589244e+08,0.9508301,1.695691e+06
80,494897.44,551675.75,1.0412292e+09,0.95025635,1.4174015e+06
81,509373.4,547445.5,1.0981603e+09,0.94916993,1.4962725e+06
82,584317.9,551132.75,1.1107057e+09,0.9475342,1.7910331e+06
83,559251.3,551944.6,1.00556704e+09,0.9483032,1.7314221e+06
84,582568.25,555007.0,9.894129e+08,0.94705814,1.8452888e+06
85,550097.25,554516.0,8.926411e+08,0.94741213,1.6834606e+06
86,589123.5,557976.75,9.1116806e+08,0.9485962,1.863005e+06
87,622452.9,564424.4,1.1941966e+09,0.9476685,1.7799369e+06
88,487007.72,556682.7,1.6141774e+09,0.9485718,1.4239289e+06
89,509167.0,551931.1,1.6559564e+09,0.94851077,1.6023524e+06
90,565506.7,553288.7,1.5069473e+09,0.95152587,1.6435171e+06
91,513789.2,549338.75,1.4966715e+09,0.9501953,1.5034731e+06
92,538017.3,548206.6,1.35854e+09,0.95152587,1.6900988e+06
93,519221.12,545308.06,1.2983003e+09,0.9533569,1.4603705e+06
94,537923.6,544569.6,1.1733779e+09,0.95301515,1.6446932e+06
95,503586.97,540471.4,1.207202e+09,0.9538452,1.5025296e+06
96,491029.3,535527.2,1.3064884e+09,0.9524536,1.3664601e+06
97,565496.7,538524.1,1.256675e+09,0.95219725,1.7246138e+06
98,578341.1,542505.8,1.2736929e+09,0.95129395,1.7383629e+06
99,523129.72,540568.2,1.1801125e+09,0.95057374,1.6456366e+06
100,536287.5,540140.1,1.06375046e+09,0.9508545,1.663492e+06
101,516180.72,537744.2,1.00904026e+09,0.95012206,1.5917686e+06
102,508471.47,534816.94,9.852565e+08,0.95107424,1.5119418e+06
103,567436.25,538078.9,9.824926e+08,0.9519043,1.7281235e+06
104,556436.6,539914.6,9.1457395e+08,0.9515015,1.7147802e+06
105,500729.97,535996.2,9.613059e+08,0.951062,1.454031e+06
106,543211.0,536717.7,8.6986016e+08,0.9506592,1.6379879e+06
107,549936.75,538039.6,7.98601e+08,0.94973147,1.6950618e+06
108,489620.8,533197.75,9.2973523e+08,0.9492432,1.4682092e+06
109,515884.4,531466.44,8.637393e+08,0.95012206,1.4934109e+06
110,529474.8,531267.25,7.777224e+08,0.9494629,1.5625324e+06
111,527054.75,530846.0,7.015472e+08,0.94940186,1.6116006e+06
112,530771.0,530838.5,6.3139296e+08,0.95043945,1.5986944e+06
113,512781.0,529032.75,5.9760026e+08,0.9487427,1.6160085e+06
114,533163.6,529445.8,5.39376e+08,0.9478882,1.5023688e+06
115,488018.78,525303.1,6.398963e+08,0.9477173,1.547129e+06
116,531897.1,525962.5,5.7981997e+08,0.94816893,1.5760282e+06
117,561933.94,529559.6,6.382929e+08,0.9493775,1.6576254e+06
118,497912.78,526394.94,6.6460064e+08,0.94835204,1.5576981e+06
119,523808.8,526136.3,5.9874246e+08,0.9495972,1.5705231e+06
120,567115.0,530234.2,6.9000096e+08,0.9495606,1.6877025e+06
121,529096.4,530120.4,6.211174e+08,0.9495117,1.6840236e+06
122,613833.1,538491.6,1.1897098e+09,0.9480835,1.8360369e+06
123,595182.6,544160.75,1.3599871e+09,0.9483887,1.8320802e+06
124,498670.9,539611.75,1.4102277e+09,0.9461548,1.4414845e+06
125,527637.4,538414.3,1.2821096e+09,0.94466555,1.6370426e+06
126,576104.4,542183.3,1.2817472e+09,0.9421143,1.7194402e+06
127,507543.12,538719.3,1.2615672e+09,0.94073486,1.4627354e+06
128,553479.7,540195.4,1.1550186e+09,0.9407715,1.7226205e+06
129,578592.6,544035.1,1.1722081e+09,0.9413819,1.8275939e+06
130,538247.8,543456.4,1.0580016e+09,0.93928224,1.5546595e+06
131,561507.44,545261.5,9.815271e+08,0.93878174,1.8620171e+06
132,493605.75,540095.94,1.1235228e+09,0.9376831,1.4863389e+06
133,550812.25,541167.56,1.02150605e+09,0.93698734,1.5805721e+06
134,562454.56,543296.25,9.601377e+08,0.93648684,1.7888718e+06
135,498291.12,538795.75,1.0464155e+09,0.9335694,1.3896875e+06
136,539530.94,538869.25,9.418226e+08,0.93387455,1.6610619e+06
137,490526.53,534035.0,1.05797203e+09,0.93216556,1.5668032e+06
138,525680.56,533199.56,9.584565e+08,0.9313721,1.6612444e+06
139,601569.6,540036.56,1.2833128e+09,0.9292969,1.7660415e+06
140,566429.44,542675.9,1.217674e+09,0.9290039,1.8220262e+06
141,478587.5,536267.06,1.4655653e+09,0.9270752,1.3726796e+06
142,557373.4,538377.7,1.3591016e+09,0.9276245,1.713513e+06
143,555977.0,540137.6,1.2510676e+09,0.9277344,1.655656e+06
144,554455.6,541569.44,1.1444113e+09,0.92922366,1.7416234e+06
145,533799.25,540792.44,1.03540397e+09,0.934021,1.6178844e+06
146,492479.72,535961.2,1.1419342e+09,0.93319094,1.4030624e+06
147,569484.75,539313.56,1.1288854e+09,0.93463135,1.734603e+06
148,563963.75,541778.56,1.07068365e+09,0.9356567,1.8243602e+06
149,574283.2,545029.0,1.0587048e+09,0.9359375,1.7194768e+06
150,558280.56,546354.1,9.6863866e+08,0.93649906,1.7153762e+06
151,457901.62,537508.9,1.5759208e+09,0.9355469,1.3655036e+06
152,516225.3,535380.5,1.4590977e+09,0.9343628,1.4623836e+06
153,533325.0,535174.94,1.3135683e+09,0.9329834,1.7261228e+06
154,567775.2,538434.94,1.2778612e+09,0.9337891,1.7348585e+06
155,552042.25,539795.7,1.1667393e+09,0.9309937,1.6741642e+06
156,550236.0,540839.75,1.0598753e+09,0.9309937,1.6796828e+06
157,509994.5,537755.25,1.0395164e+09,0.92855227,1.657471e+06
158,534920.6,537471.8,9.3628794e+08,0.9270264,1.6337715e+06
159,569634.9,540688.1,9.357608e+08,0.92583007,1.7434234e+06
160,530702.25,539689.56,8.511593e+08,0.92551273,1.6143464e+06
161,462132.62,531933.9,1.3074004e+09,0.92258304,1.4457179e+06
162,582300.06,536970.5,1.4049681e+09,0.92280275,1.7543305e+06
163,516671.3,534940.56,1.3015564e+09,0.9193848,1.4633192e+06
164,482526.3,529699.1,1.4186536e+09,0.916687,1.4986189e+06
165,519373.88,528666.6,1.2863832e+09,0.91236573,1.595335e+06
166,524589.44,528258.9,1.159241e+09,0.909021,1.5664371e+06
167,530306.1,528463.6,1.043694e+09,0.9050049,1.5509272e+06
168,502409.34,525858.2,1.0004189e+09,0.90144044,1.4336969e+06
169,492493.7,522521.75,1.00056403e+09,0.9018799,1.3629245e+06
170,552485.5,525518.1,9.8131194e+08,0.89868164,1.6679631e+06
171,548882.44,527854.56,9.323109e+08,0.8985596,1.6159449e+06
172,458275.47,520896.66,1.2747923e+09,0.89506835,1.3994119e+06
173,514279.28,520234.9,1.1512541e+09,0.89743656,1.574484e+06
174,501584.47,518369.88,1.0674342e+09,0.89520264,1.500492e+06
175,584696.3,525002.5,1.3566185e+09,0.8952759,1.8294455e+06
176,544361.6,526938.44,1.2546865e+09,0.8953369,1.8549551e+06
177,541905.5,528435.1,1.149379e+09,0.8940674,1.6792322e+06
178,595279.2,535119.5,1.4365725e+09,0.89384764,1.8071198e+06
179,572225.75,538830.1,1.4168339e+09,0.89436036,1.8077032e+06
180,554301.6,540377.25,1.2966936e+09,0.8918579,1.7233299e+06
181,570358.94,543375.44,1.2479254e+09,0.89399415,1.8901171e+06
182,552118.9,544249.75,1.1300132e+09,0.89377445,1.6074184e+06
183,541729.4,543997.7,1.01758355e+09,0.8967163,1.7092488e+06
184,539653.6,543563.25,9.175236e+08,0.899646,1.6153309e+06
185,482530.78,537460.0,1.1610179e+09,0.90040284,1.4262922e+06
186,509400.44,534654.06,1.1157766e+09,0.9015259,1.6192548e+06
187,518303.84,533019.06,1.02825856e+09,0.90072024,1.5454059e+06
188,597944.4,539511.6,1.3048093e+09,0.9001099,1.8513366e+06
189,533593.5,538919.8,1.1774806e+09,0.8978516,1.6509646e+06
190,541131.3,539140.94,1.0601727e+09,0.89810795,1.7037966e+06
191,625252.6,547752.1,1.6215254e+09,0.8960938,1.8791278e+06
192,602475.44,553224.44,1.7288905e+09,0.8957642,1.910017e+06
193,550299.94,552932.0,1.5567712e+09,0.89501953,1.6617509e+06
194,529209.4,550559.75,1.4517427e+09,0.8954956,1.6377116e+06
195,564346.1,551938.4,1.3236742e+09,0.8962769,1.7560045e+06
196,508212.7,547565.8,1.363381e+09,0.897229,1.6143849e+06
197,572093.7,550018.6,1.2811884e+09,0.8965454,1.7069909e+06
198,519233.7,546940.1,1.2383635e+09,0.8984863,1.4972374e+06
199,555781.75,547824.3,1.1215629e+09,0.8959473,1.8424451e+06
200,512978.8,544339.75,1.1186854e+09,0.89558107,1.698032e+06
201,567732.0,546679.0,1.05606464e+09,0.8913452,1.6733045e+06
202,526231.25,544634.25,9.880881e+08,0.88876957,1.5114239e+06
203,522809.88,542451.8,9.321466e+08,0.88707274,1.5754638e+06
204,498663.88,538073.0,1.0114964e+09,0.8841797,1.5127264e+06
205,546692.0,538934.9,9.170326e+08,0.8819214,1.6277401e+06
206,528206.5,537862.06,8.356881e+08,0.8772217,1.6701005e+06
207,511668.0,535242.6,8.1387085e+08,0.8722534,1.6085338e+06
208,575299.4,539248.3,8.768927e+08,0.8729004,1.8476855e+06
209,516882.16,537011.7,8.342255e+08,0.86932373,1.6161236e+06
210,530883.9,536398.9,7.541824e+08,0.8685425,1.5515914e+06
211,555228.4,538281.8,7.106736e+08,0.8644287,1.6256485e+06
212,521729.44,536626.56,6.642645e+08,0.86035156,1.6833819e+06
213,539194.75,536883.4,5.984317e+08,0.8619873,1.616389e+06
214,549391.25,538134.2,5.526687e+08,0.8589722,1.6232144e+06
215,507153.3,535036.1,5.837851e+08,0.8612671,1.5018762e+06
216,501981.6,531730.7,6.2374074e+08,0.8616333,1.5235402e+06
217,506118.8,529169.5,6.204038e+08,0.86237794,1.6277728e+06
218,498213.28,526073.9,6.446092e+08,0.8661377,1.5881295e+06
219,466390.8,520105.56,9.007344e+08,0.86712646,1.3414735e+06
220,511777.94,519272.8,8.1690234e+08,0.86915284,1.5609791e+06
221,534841.75,520829.72,7.570273e+08,0.86604005,1.6498652e+06
222,469898.22,515736.56,9.147861e+08,0.86639404,1.4347998e+06
223,495044.56,513667.38,8.618418e+08,0.8640747,1.4547046e+06
224,508367.56,513137.4,7.7818554e+08,0.8590332,1.5169286e+06
225,526106.1,514434.28,7.155039e+08,0.85489506,1.6126896e+06
226,520520.38,515042.88,6.472871e+08,0.849292,1.6704738e+06
227,564644.6,520003.06,8.0398835e+08,0.84454346,1.7565816e+06
228,488282.3,516831.0,8.1414803e+08,0.8401123,1.4802809e+06
229,509940.75,516141.97,7.37006e+08,0.8409668,1.4616665e+06
230,529221.6,517449.94,6.7870234e+08,0.83669436,1.6424389e+06
231,498480.06,515552.94,6.4321914e+08,0.83371586,1.4637931e+06
232,500103.5,514008.0,6.003788e+08,0.8331421,1.4452288e+06
233,544603.1,517067.5,6.2458643e+08,0.83582765,1.7058814e+06
234,494046.6,514765.4,6.098244e+08,0.8350952,1.4811899e+06
235,496422.22,512931.1,5.791244e+08,0.83721924,1.4909652e+06
236,532173.1,514855.3,5.54535e+08,0.8374268,1.5959948e+06
237,548920.0,518261.78,6.0351776e+08,0.8385498,1.8055799e+06
238,498396.75,516275.28,5.786817e+08,0.84178466,1.6279968e+06
239,467675.9,511415.34,7.333845e+08,0.8418579,1.4403725e+06
240,523919.62,512665.78,6.741182e+08,0.8437378,1.6474025e+06
241,510493.16,512448.53,6.071312e+08,0.842981,1.598133e+06
242,482272.7,509430.94,6.283704e+08,0.8428955,1.4207371e+06
243,528598.1,511347.66,5.985977e+08,0.8466797,1.557623e+06
244,541894.7,514402.38,6.2271885e+08,0.84886473,1.6247145e+06
245,482233.06,511185.44,6.535848e+08,0.8518921,1.630922e+06
246,464133.88,506480.28,7.874727e+08,0.8510254,1.3546742e+06
247,567930.25,512625.28,1.04857434e+09,0.8547241,1.6294148e+06
248,544386.5,515801.4,1.03450656e+09,0.8532959,1.6111831e+06
249,506700.3,514891.3,9.385106e+08,0.85073245,1.5000301e+06
250,587956.06,522197.78,1.3251206e+09,0.8512207,1.9366261e+06
251,538007.9,523778.78,1.2151049e+09,0.84851074,1.5883585e+06
252,507384.0,522139.3,1.1177853e+09,0.8489502,1.5524325e+06
253,513213.2,521246.7,1.01317766e+09,0.8475586,1.4886634e+06
254,474152.0,516537.22,1.1114717e+09,0.84396976,1.4451552e+06
255,493843.56,514267.84,1.0466747e+09,0.84414065,1.546134e+06
256,536038.2,516444.88,9.846625e+08,0.8407593,1.6717854e+06
257,484590.6,513259.44,9.7751885e+08,0.8397461,1.5307789e+06
258,453653.6,507298.84,1.199524e+09,0.8384766,1.3928048e+06
259,537861.4,510355.1,1.1636378e+09,0.83795166,1.7484224e+06
260,503605.25,509680.12,1.0513744e+09,0.8385498,1.5424692e+06
261,458341.06,504546.22,1.1834499e+09,0.8329956,1.348639e+06
262,542443.8,508335.97,1.1943653e+09,0.8302124,1.573348e+06
263,534317.75,510934.16,1.1356835e+09,0.82819825,1.7127651e+06
264,548095.8,514650.3,1.146404e+09,0.82786864,1.669814e+06
265,515381.2,514723.4,1.0318116e+09,0.8239746,1.5482094e+06
266,504641.9,513715.25,9.3777766e+08,0.8199707,1.4781714e+06
267,518233.25,514167.06,8.45837e+08,0.81931156,1.7271545e+06
268,517511.06,514501.47,7.6225965e+08,0.81252444,1.5773422e+06
269,569383.94,519989.72,9.5712134e+08,0.8093628,1.7846395e+06
270,526471.56,520637.9,8.6519046e+08,0.80493164,1.5509116e+06
271,468469.25,515421.03,1.02361254e+09,0.8,1.3979349e+06
272,538024.75,517681.4,9.672348e+08,0.79691166,1.724398e+06
273,529333.06,518846.56,8.8272986e+08,0.7967041,1.64618e+06
274,458640.72,512825.97,1.1206838e+09,0.8021973,1.3727312e+06
275,496726.12,511216.0,1.0319438e+09,0.8015869,1.5081789e+06
276,486575.78,508751.97,9.83392e+08,0.80303955,1.3595392e+06
277,466869.66,504563.75,1.04292435e+09,0.8055298,1.448521e+06
278,498107.06,503918.1,9.423839e+08,0.80452883,1.5194571e+06
279,580061.0,511532.38,1.3699423e+09,0.8010254,1.86893e+06
280,536631.1,514042.25,1.2896433e+09,0.80113524,1.6438299e+06
281,493501.25,511988.16,1.1986528e+09,0.79853517,1.5410146e+06
282,549936.1,515782.94,1.2083918e+09,0.79622805,1.7618326e+06
283,494697.03,513674.34,1.127568e+09,0.79559326,1.5595074e+06
284,505678.94,512874.8,1.0205646e+09,0.7956299,1.5674708e+06
285,537985.2,515385.84,9.752559e+08,0.79447025,1.7416288e+06
286,578492.8,521696.53,1.2361542e+09,0.7946045,1.894487e+06
287,460646.44,515591.53,1.447979e+09,0.79473877,1.319192e+06
288,584976.9,522530.06,1.7364704e+09,0.79348147,1.9446351e+06
289,480840.0,518361.06,1.7192488e+09,0.7914429,1.437126e+06
290,509529.9,517477.94,1.5543429e+09,0.7945313,1.5644212e+06
291,503557.75,516085.9,1.416348e+09,0.78962404,1.6132198e+06
292,515996.88,516077.0,1.2747139e+09,0.786084,1.6563911e+06
293,467265.5,511195.84,1.3616731e+09,0.7833252,1.4108424e+06
294,522881.56,512364.4,1.2377957e+09,0.78181154,1.5956284e+06
295,497158.66,510843.84,1.1348255e+09,0.7806274,1.6284952e+06
296,492773.5,509036.8,1.0507312e+09,0.77943116,1.5339375e+06
297,522408.44,510373.97,9.6175014e+08,0.77440184,1.5905232e+06
298,487275.8,508064.16,9.135924e+08,0.77142334,1.515009e+06
299,512872.62,508545.0,8.2431405e+08,0.7645874,1.5681978e+06
300,506519.1,508342.4,7.42252e+08,0.764209,1.6118585e+06
301,508400.3,508348.2,6.680271e+08,0.76009524,1.5956899e+06
302,561155.6,513628.94,8.5220064e+08,0.7588379,1.7296899e+06
303,473978.5,509663.9,9.084747e+08,0.75841063,1.3766809e+06
304,507318.1,509429.3,8.1812243e+08,0.75683594,1.5417666e+06
305,575174.0,516003.78,1.1253229e+09,0.7533081,1.7723742e+06
306,497601.9,514163.6,1.0432672e+09,0.7527466,1.5953122e+06
307,529521.44,515699.38,9.601682e+08,0.75305176,1.6491368e+06
308,543176.8,518447.12,9.321022e+08,0.75313723,1.6571955e+06
309,505235.7,517125.97,8.5460077e+08,0.75169677,1.5291501e+06
310,518970.12,517310.38,7.694468e+08,0.7522095,1.6324461e+06
311,489458.12,514525.16,7.6231936e+08,0.7514038,1.5864454e+06
312,502084.94,513281.12,7.0001574e+08,0.7501221,1.6695471e+06
313,463878.3,508340.84,8.4967155e+08,0.7515381,1.436226e+06
314,520127.62,509519.53,7.772079e+08,0.7515869,1.5972294e+06
315,489867.44,507554.3,7.342455e+08,0.7454834,1.5641272e+06
316,496353.62,506434.25,6.7211194e+08,0.7446777,1.5982008e+06
317,535630.06,509353.84,6.816163e+08,0.7474243,1.7242711e+06
318,490066.75,507425.12,6.4693395e+08,0.74691164,1.5396459e+06
319,434367.06,500119.3,1.06261376e+09,0.74730223,1.2857622e+06
320,517377.78,501845.16,9.831593e+08,0.74522704,1.5943831e+06
321,467263.7,498387.0,9.924724e+08,0.742273,1.5310162e+06
322,453700.75,493918.38,1.0729426e+09,0.7402954,1.2740448e+06
323,536692.3,498195.78,1.1303132e+09,0.7395386,1.6950435e+06
324,484919.0,496868.1,1.03314643e+09,0.73819584,1.3695025e+06
325,487407.1,495922.0,9.378877e+08,0.73881835,1.6349932e+06
326,493858.4,495715.62,8.444822e+08,0.7357788,1.6296862e+06
327,489106.16,495054.7,7.639656e+08,0.7347412,1.5080462e+06
328,474900.3,493039.25,7.241269e+08,0.7331665,1.4696011e+06
329,488326.4,492567.97,6.537132e+08,0.7315796,1.5930894e+06
330,554841.44,498795.3,9.373605e+08,0.73043215,1.7143869e+06
331,501378.56,499053.62,8.44225e+08,0.724353,1.5009318e+06
332,492401.8,498388.44,7.637847e+08,0.72091067,1.5751048e+06
333,507256.56,499275.25,6.9448416e+08,0.7167603,1.6306394e+06
334,468937.2,496241.44,7.0787155e+08,0.7149536,1.4091579e+06
335,515606.97,498178.0,6.7083654e+08,0.714148,1.5751919e+06
336,453235.34,493683.75,7.855387e+08,0.708667,1.3341491e+06
337,428304.5,487145.8,1.091685e+09,0.70874023,1.2957128e+06
338,521603.75,490591.6,1.0893779e+09,0.7097656,1.6050785e+06
339,515465.06,493078.94,1.0361221e+09,0.70405275,1.5905892e+06
340,513209.12,495091.97,9.689801e+08,0.701355,1.6739252e+06
341,491536.44,494736.4,8.7321984e+08,0.69637454,1.5552409e+06
342,488849.97,494147.75,7.890164e+08,0.69525146,1.5849828e+06
343,510575.03,495790.47,7.344017e+08,0.6933716,1.5901368e+06
344,539811.1,500192.53,8.353652e+08,0.6864624,1.6822655e+06
345,528848.75,503058.16,8.257347e+08,0.686438,1.7070146e+06
346,525832.4,505335.56,7.898411e+08,0.6811035,1.6188476e+06
347,524403.1,507242.3,7.4357843e+08,0.67659914,1.6940711e+06
348,468457.06,503363.78,8.0460717e+08,0.6755005,1.4951569e+06
349,473312.5,500358.66,8.054236e+08,0.6735962,1.5212845e+06
350,478473.7,498170.16,7.679869e+08,0.6691284,1.6129008e+06
351,541275.2,502480.66,8.584121e+08,0.6665894,1.8435021e+06
352,462984.47,498531.03,9.129663e+08,0.6632568,1.3997071e+06
353,532085.06,501886.44,9.2299814e+08,0.6575562,1.6872639e+06
354,485923.3,500290.12,8.536322e+08,0.6558838,1.4050536e+06
355,482733.38,498534.44,7.960105e+08,0.64881593,1.6868978e+06
356,515870.2,500268.0,7.4345696e+08,0.6468506,1.6266964e+06
357,502832.75,500524.47,6.6970323e+08,0.6395508,1.4864062e+06
358,496233.5,500095.38,6.0439e+08,0.63776857,1.5240996e+06
359,495498.56,499635.7,5.458528e+08,0.63582766,1.5300589e+06
360,461937.03,495865.8,6.1917446e+08,0.63306886,1.4582989e+06
361,483668.8,494646.12,5.70646e+08,0.6304199,1.4363405e+06
362,457474.66,490928.97,6.37936e+08,0.6250855,1.3861178e+06
363,490679.7,490904.03,5.74148e+08,0.62507325,1.4808689e+06
364,477012.8,489514.9,5.3410006e+08,0.6218872,1.5485059e+06
365,489105.8,489474.0,4.8070512e+08,0.6204468,1.5987222e+06
366,462721.06,486798.72,4.970494e+08,0.6184082,1.5138151e+06
367,579881.5,496107.0,1.2271407e+09,0.61833495,1.7659389e+06
368,491993.56,495695.66,1.1059494e+09,0.61843264,1.4673449e+06
369,505980.0,496724.1,1.00487354e+09,0.61920166,1.5937334e+06
370,514795.0,498531.2,9.337763e+08,0.623584,1.5920178e+06
371,467938.5,495471.9,9.246308e+08,0.62490237,1.4785105e+06
372,555891.8,501513.9,1.1607186e+09,0.6270508,1.7877964e+06
373,523461.12,503708.62,1.087998e+09,0.6289429,1.7655588e+06
374,439814.38,497319.2,1.3466209e+09,0.625647,1.4476095e+06
375,488627.5,496450.03,1.2187579e+09,0.6242798,1.5599259e+06
376,490304.75,495835.5,1.100281e+09,0.62363285,1.5293456e+06
377,482418.38,494493.78,1.0064546e+09,0.6231201,1.5891242e+06
378,539843.75,499028.78,1.090905e+09,0.6228272,1.7186994e+06
379,419501.56,491076.06,1.5510264e+09,0.6169678,1.2728304e+06
380,490503.94,491018.84,1.3959533e+09,0.6143921,1.7200529e+06
381,438299.25,485746.88,1.5064998e+09,0.6117676,1.2780492e+06
382,480958.22,485268.0,1.3579136e+09,0.6115845,1.4549409e+06
383,507181.62,487459.38,1.2653409e+09,0.60889894,1.6774781e+06
384,521783.4,490891.78,1.2448393e+09,0.60648197,1.7799319e+06
385,542281.4,496030.75,1.3580355e+09,0.605188,1.9375328e+06
386,488737.22,495301.4,1.2270195e+09,0.6032349,1.6226895e+06
387,477988.25,493570.1,1.1312946e+09,0.6057373,1.5603102e+06
388,470862.75,491299.38,1.06457126e+09,0.60335696,1.5195878e+06
389,503271.62,492496.6,9.710142e+08,0.5967285,1.6583068e+06
390,434279.12,486674.84,1.1789475e+09,0.5962891,1.3769775e+06
391,404659.1,478473.28,1.6664452e+09,0.5937622,1.2841915e+06
392,481796.88,478805.62,1.5007948e+09,0.5894165,1.4806696e+06
393,464693.6,477394.44,1.3686386e+09,0.58415526,1.4635601e+06
394,535663.5,483221.34,1.5373501e+09,0.5829468,1.819977e+06
395,497075.75,484606.78,1.4008901e+09,0.5792481,1.7546851e+06
396,489876.88,485133.78,1.2633007e+09,0.5751465,1.5947205e+06
397,510645.28,487684.94,1.1955459e+09,0.5762451,1.6533692e+06
398,533951.56,492311.6,1.2686452e+09,0.5740967,1.7079908e+06
399,453855.56,488466.0,1.2748786e+09,0.5689697,1.5610155e+06
400,426901.6,482309.56,1.4885065e+09,0.57092285,1.37218e+06
401,497442.34,483822.84,1.3602659e+09,0.56726074,1.7321759e+06
402,462493.3,481689.88,1.2651846e+09,0.56668705,1.4320284e+06
403,454564.7,478977.34,1.204886e+09,0.5617432,1.4215185e+06
404,489603.2,480039.94,1.0945592e+09,0.56190187,1.7323349e+06
405,481264.38,480162.38,9.852382e+08,0.56206053,1.5111136e+06
406,437758.12,475921.94,1.0485452e+09,0.55832523,1.3750122e+06
407,449846.25,473314.38,1.00488544e+09,0.55217284,1.4733004e+06
408,405882.16,466571.16,1.3136362e+09,0.55200195,1.2912215e+06
409,516241.88,471538.22,1.4043188e+09,0.55490726,1.670129e+06
410,451033.44,469487.75,1.301727e+09,0.5524292,1.4786846e+06
411,467961.75,469335.16,1.1717638e+09,0.54951173,1.4383151e+06
412,461207.5,468522.38,1.0605327e+09,0.55255127,1.447733e+06
413,454976.62,467167.8,9.709932e+08,0.54392093,1.4237244e+06
414,423453.75,462796.4,1.0458766e+09,0.5398804,1.2219444e+06
415,484038.88,464920.66,9.8190074e+08,0.53723145,1.5204856e+06
416,490613.75,467489.97,9.431228e+08,0.5354981,1.5422734e+06
417,472423.1,467983.28,8.5100077e+08,0.536792,1.551043e+06
418,416242.7,462809.22,1.00683866e+09,0.5322998,1.37e+06
419,440177.25,460546.03,9.522533e+08,0.5296875,1.5729475e+06
420,422246.44,456716.06,9.890452e+08,0.53011477,1.3073849e+06
421,478330.2,458877.47,9.32186e+08,0.5270996,1.6124854e+06
422,432510.44,456240.75,9.015372e+08,0.5235596,1.3502992e+06
423,516783.25,462295.0,1.141269e+09,0.51822513,1.8206744e+06
424,468567.75,462922.28,1.0306833e+09,0.5145386,1.4254132e+06
425,466245.03,463254.56,9.2860864e+08,0.51236576,1.5344072e+06
426,438079.94,460737.1,8.927863e+08,0.5066406,1.3258912e+06
427,448282.66,459491.66,8.1746784e+08,0.49798584,1.4021401e+06
428,458860.03,459428.5,7.357569e+08,0.49655762,1.5465762e+06
429,460145.5,459500.2,6.6222746e+08,0.4914795,1.621578e+06
430,568588.0,470408.97,1.6670182e+09,0.4876587,1.8144786e+06
431,478565.66,471224.62,1.5063043e+09,0.48150635,1.5565864e+06
432,403624.38,464464.6,1.7669551e+09,0.4798462,1.294528e+06
433,456782.8,463696.4,1.5955704e+09,0.47946778,1.5536444e+06
434,489806.88,466307.44,1.4973714e+09,0.47802734,1.5964141e+06
435,489037.88,468580.47,1.3941348e+09,0.48005372,1.5923194e+06
436,499890.12,471711.44,1.3429477e+09,0.48200685,1.5559442e+06
437,481684.97,472708.78,1.2176054e+09,0.4837036,1.6028218e+06
438,410155.6,466453.47,1.4480059e+09,0.47995606,1.4036378e+06
439,473597.88,467167.9,1.307799e+09,0.47889405,1.501714e+06
440,500126.94,470463.8,1.2747859e+09,0.47277832,1.7955861e+06
441,471285.62,470546.0,1.1473681e+09,0.472522,1.4935441e+06
442,498405.72,473331.97,1.102486e+09,0.47447512,1.7257309e+06
443,504305.56,476429.3,1.0785801e+09,0.46772462,1.6934049e+06
444,492389.5,478025.34,9.9364755e+08,0.46627197,1.5486904e+06
445,516539.7,481876.78,1.02778464e+09,0.46539307,1.7562298e+06
446,533078.3,486996.94,1.1609499e+09,0.46522218,1.9159672e+06
447,433036.75,481600.9,1.306908e+09,0.46330568,1.3223906e+06
448,431551.88,476596.0,1.4016586e+09,0.45913085,1.3955625e+06
449,421601.44,471096.53,1.5336888e+09,0.4555908,1.4282264e+06
450,445247.47,468511.62,1.4404556e+09,0.45402834,1.451955e+06
451,451581.06,466818.56,1.322208e+09,0.4548706,1.3946151e+06
452,464065.16,466543.22,1.1906694e+09,0.44797364,1.5206871e+06
453,481821.03,468071.0,1.0926095e+09,0.44869384,1.551629e+06
454,429174.44,464181.34,1.1195133e+09,0.4459961,1.4177794e+06
455,476167.3,465379.94,1.0204917e+09,0.4465332,1.6547764e+06
456,407311.84,459573.12,1.2219139e+09,0.44641113,1.3941272e+06
457,378209.78,451436.78,1.6955218e+09,0.4375,1.216972e+06
458,455634.22,451856.53,1.5275552e+09,0.4381836,1.4486021e+06
459,501551.06,456826.0,1.5970588e+09,0.43704835,1.8200948e+06
460,415160.56,452659.47,1.5935937e+09,0.43668213,1.3053302e+06
461,438468.25,451240.34,1.4523594e+09,0.43225098,1.3871695e+06
462,512235.8,457339.88,1.6419638e+09,0.4312378,1.7063538e+06
463,486328.38,460238.72,1.5533972e+09,0.43167725,1.6234381e+06
464,480743.88,462289.25,1.4358991e+09,0.42873535,1.6880789e+06
465,476492.8,463709.6,1.3104659e+09,0.4255127,1.5132192e+06
466,473591.3,464697.75,1.1882076e+09,0.42331544,1.6160758e+06
467,505145.56,468742.53,1.2166291e+09,0.42044678,1.587246e+06
468,485539.25,470422.2,1.1203579e+09,0.41901857,1.6694526e+06
469,461553.75,469535.34,1.0154005e+09,0.419104,1.451868e+06
470,485812.8,471163.1,9.377065e+08,0.41962892,1.5911198e+06
471,439705.4,468017.3,9.329985e+08,0.41829833,1.46638e+06
472,480706.84,469286.25,8.541908e+08,0.4196411,1.5738109e+06
473,457049.25,468062.56,7.8224864e+08,0.419458,1.4538126e+06
474,466951.78,467951.5,7.041348e+08,0.41973877,1.5098724e+06
475,426744.4,463830.78,7.8654355e+08,0.4218628,1.4094716e+06
476,421533.38,459601.03,8.6890554e+08,0.42100832,1.3786332e+06
477,441730.5,457813.97,8.10757e+08,0.42545167,1.4133266e+06
478,413655.03,453398.06,9.0518234e+08,0.42384034,1.3200991e+06
479,411284.28,449186.7,9.7428544e+08,0.42222902,1.4080046e+06
480,456940.94,449962.12,8.822685e+08,0.42242432,1.5361775e+06
481,478921.44,452858.06,8.6951936e+08,0.41695556,1.6032836e+06
482,452011.3,452773.38,7.8263194e+08,0.4182251,1.445979e+06
483,423397.5,449835.78,7.8203354e+08,0.41879883,1.4681525e+06
484,411933.47,446045.56,8.331228e+08,0.41169435,1.4794996e+06
485,399349.16,441375.94,9.460604e+08,0.40963134,1.2490552e+06
486,404602.66,437698.62,9.73159e+08,0.4048706,1.3627731e+06
487,453301.2,439258.88,8.9775264e+08,0.4018921,1.499761e+06
488,440403.8,439373.38,8.080953e+08,0.40123293,1.5192138e+06
489,477806.0,443216.62,8.6022176e+08,0.4007202,1.5971672e+06
490,402354.25,439130.38,9.244756e+08,0.38896486,1.2899808e+06
491,440032.47,439220.6,8.3210125e+08,0.39067385,1.527269e+06
492,468255.2,442124.06,8.247618e+08,0.38433838,1.6014838e+06
493,444276.94,442339.34,7.427027e+08,0.38215333,1.5462625e+06
494,357978.56,433903.25,1.3089391e+09,0.3770508,1.0860375e+06
495,475378.75,438050.8,1.3328648e+09,0.3775757,1.4221682e+06
496,430677.62,437313.5,1.204471e+09,0.37496337,1.419614e+06
497,452290.75,438811.22,1.1042125e+09,0.37189943,1.4838368e+06
498,430093.8,437939.47,1.00063066e+09,0.37193605,1.3279686e+06
499,410626.6,435208.2,9.6770694e+08,0.36954346,1.381604e+06
500,395820.7,431269.44,1.01055994e+09,0.36650392,1.2662044e+06
501,474118.94,435554.38,1.0747511e+09,0.3625122,1.642978e+06
502,481296.7,440128.6,1.1555884e+09,0.35385743,1.5923391e+06
503,433182.84,439434.03,1.0443714e+09,0.3446045,1.575688e+06
504,418260.84,437316.72,9.802816e+08,0.34018555,1.4664378e+06
505,416064.0,435191.44,9.2290445e+08,0.32136232,1.4385591e+06
506,366255.28,428297.8,1.2583114e+09,0.30950928,1.2024806e+06
507,420052.2,427473.25,1.1385993e+09,0.3086548,1.3808679e+06
508,443929.75,429118.9,1.04911277e+09,0.30457765,1.5830376e+06
509,420575.75,428264.6,9.507702e+08,0.2939209,1.3014389e+06
510,461614.8,431599.62,9.557944e+08,0.28917238,1.4902609e+06
511,385014.62,426941.12,1.05552954e+09,0.28322753,1.2802639e+06
512,410787.62,425325.78,9.7346074e+08,0.27150878,1.3385565e+06
513,418151.3,424608.34,8.8074726e+08,0.26287842,1.5007898e+06
514,372148.06,419362.3,1.0403599e+09,0.2591919,1.1601251e+06
515,373138.38,414739.9,1.1286226e+09,0.25620118,1.3494784e+06
516,375580.53,410823.97,1.1537714e+09,0.2487915,1.2863118e+06
517,434454.5,413187.03,1.0886505e+09,0.24310303,1.4395725e+06
518,394293.2,411297.66,1.0119134e+09,0.24230957,1.3488341e+06
519,371714.2,407339.3,1.0517386e+09,0.23608398,1.238647e+06
520,330843.88,399689.78,1.4732044e+09,0.23157959,1.1256049e+06
521,430118.56,402732.66,1.4092159e+09,0.22452393,1.5380494e+06
522,417298.72,404189.25,1.2873896e+09,0.22991943,1.4734374e+06
523,396895.7,403459.9,1.1634382e+09,0.2168213,1.5462518e+06
524,351980.88,398312.0,1.2856024e+09,0.20864259,1.3410908e+06
525,333538.44,391834.66,1.5346474e+09,0.20219727,1.154454e+06
526,426156.66,395266.84,1.4872026e+09,0.19290772,1.5765974e+06
527,319205.38,387660.7,1.8591634e+09,0.19255371,1.0302271e+06
528,354335.44,384328.16,1.7731986e+09,0.1864746,1.2411365e+06
529,326250.6,378520.4,1.899449e+09,0.17884521,1.1854369e+06
530,386899.53,379358.3,1.7158228e+09,0.1689209,1.4867552e+06
531,371187.47,378541.22,1.5502491e+09,0.17747803,1.3032442e+06
532,352402.44,375927.34,1.4567154e+09,0.16611329,1.1956352e+06
533,357488.0,374083.4,1.3416447e+09,0.16002198,1.362273e+06
534,377103.5,374385.4,1.208301e+09,0.1529419,1.3580302e+06
535,340251.94,370972.06,1.1923293e+09,0.1418579,1.2645734e+06
536,356330.84,369507.94,1.0923892e+09,0.13391113,1.18264e+06
537,364399.56,368997.1,9.854989e+08,0.13208008,1.3465031e+06
538,365011.22,368598.5,8.883788e+08,0.1272705,1.335401e+06
539,304332.38,362171.88,1.1712531e+09,0.11931153,1.1075871e+06
540,358277.97,361782.5,1.0554924e+09,0.11584473,1.32787e+06
541,282053.12,353809.56,1.5220527e+09,0.11796875,1.00602994e+06
542,330446.4,351473.25,1.4189728e+09,0.11223145,1.3462752e+06
543,363263.03,352652.22,1.2895854e+09,0.109399416,1.3556971e+06
544,294305.78,346817.56,1.4670145e+09,0.10639649,1.1014808e+06
545,311067.38,343242.53,1.4353399e+09,0.102026366,1.1907018e+06
546,298420.44,338760.3,1.4726177e+09,0.10187989,1.0540926e+06
547,347154.12,339599.7,1.331697e+09,0.09387207,1.3073641e+06
548,342581.78,339897.9,1.1993277e+09,0.087890625,1.3992518e+06
549,307143.8,336622.5,1.1759497e+09,0.082177736,1.2202014e+06
550,269322.78,329892.53,1.4659875e+09,0.08154297,935911.5
551,274741.88,324377.47,1.5931322e+09,0.08371582,959140.5
552,314047.8,323344.5,1.4434221e+09,0.07648926,1.2407392e+06
553,338687.94,324878.84,1.3202678e+09,0.07713623,1.3192109e+06
554,287341.94,321125.16,1.3150527e+09,0.07575684,1.0438426e+06
555,276801.2,316692.75,1.3603626e+09,0.079992674,1.0918175e+06
556,285550.7,313578.53,1.3116109e+09,0.076574706,1.0882984e+06
557,310861.22,313306.8,1.1811144e+09,0.07121582,1.2255218e+06
558,340896.38,316065.78,1.1315095e+09,0.07108154,1.3791082e+06
559,323744.53,316833.66,1.0236652e+09,0.069531254,1.2841085e+06
560,313734.2,316523.72,9.2216326e+08,0.06502686,1.2003406e+06
561,276161.06,312487.44,9.7656986e+08,0.06254883,1.0628871e+06
562,290564.4,310295.12,9.221686e+08,0.06094971,1.17302e+06
563,280437.78,307309.38,9.101832e+08,0.05428467,1.1028264e+06
564,263402.0,302918.62,9.9267206e+08,0.051220704,971804.8
565,294264.06,302053.16,9.00146e+08,0.050805666,1.2087572e+06
566,285441.1,300391.94,8.349678e+08,0.046203613,1.108292e+06
567,286781.2,299030.88,7.6814374e+08,0.04633789,1.1955519e+06
568,319193.12,301047.1,7.2791584e+08,0.04333496,1.513502e+06
569,310352.94,301977.7,6.6291814e+08,0.040722657,1.4150639e+06
570,287873.3,300567.25,6.145303e+08,0.03845215,1.2640425e+06
571,286045.34,299115.06,5.7205696e+08,0.03739014,1.2343221e+06
572,244922.95,293695.84,7.7916186e+08,0.03701172,1.1678735e+06
573,266089.12,290935.2,7.6983744e+08,0.036193848,1.1309531e+06
574,241986.34,286040.3,9.084927e+08,0.034240723,994398.75
575,264413.88,283877.66,8.5973664e+08,0.030273438,1.1450536e+06
576,253318.33,280821.72,8.578115e+08,0.027856445,1.0569869e+06
577,227860.7,275525.62,1.0244685e+09,0.02565918,955405.94
578,207876.84,268760.75,1.3338939e+09,0.022961427,805773.8
579,247446.94,266629.38,1.2413896e+09,0.021704102,1.1031924e+06
580,234559.94,263422.44,1.2098111e+09,0.019311523,965261.6
581,247286.25,261808.81,1.1122638e+09,0.02211914,1.0623202e+06
582,184369.12,254064.84,1.5407588e+09,0.020458985,732172.75
583,217145.4,250372.9,1.5093569e+09,0.018701172,939943.3
584,220564.14,247392.03,1.4383918e+09,0.01694336,964199.4
585,237275.38,246380.36,1.3037637e+09,0.016650392,1.0401806e+06
586,236289.62,245371.28,1.1825513e+09,0.015905762,1.0182782e+06
587,212820.6,242116.22,1.1596553e+09,0.015417481,938235.8
588,191689.44,237073.55,1.2725472e+09,0.014526367,841110.25
589,225313.03,235897.5,1.1577403e+09,0.013903809,1.0408217e+06
590,210429.11,233350.66,1.1003437e+09,0.014880371,916087.2
591,237259.84,233741.58,9.916847e+08,0.015429688,1.10656e+06
592,228149.2,233182.34,8.9533094e+08,0.013232422,1.0319275e+06
593,210737.9,230937.9,8.511356e+08,0.013439941,988620.4
594,192119.25,227056.05,9.01642e+08,0.012866211,869304.25
595,177756.39,222126.08,1.0302188e+09,0.013623047,739548.06
596,181957.78,218109.25,1.0724112e+09,0.012609864,825037.06
597,185751.47,214873.47,1.05940243e+09,0.012060547,864074.2
598,183925.86,211778.7,1.03966e+09,0.0108154295,824010.0
599,190177.28,209618.56,9.776899e+08,0.010705567,901085.8
600,201479.03,208804.61,8.858836e+08,0.009082031,947174.9
601,208274.64,208751.61,7.973205e+08,0.009692383,1.0386287e+06
602,201644.23,208040.88,7.221348e+08,0.009155273,970090.75
603,197200.56,206956.84,6.604974e+08,0.0079223635,997590.94
604,193079.81,205569.14,6.1177914e+08,0.008496094,959157.9
605,200753.28,205087.56,5.526885e+08,0.008129883,1.0578034e+06
606,208959.2,205474.72,4.987687e+08,0.007836915,1.0769192e+06
607,193838.19,204311.06,4.6107862e+08,0.007043457,945462.06
608,187523.81,202632.34,4.4033382e+08,0.0072143557,855721.25
609,173070.33,199676.14,4.749526e+08,0.006713867,811897.0
610,164631.14,196171.64,5.3799104e+08,0.006555176,734910.56
611,178219.88,194376.47,5.1319584e+08,0.006604004,839193.94
612,153924.88,190331.31,6.0914605e+08,0.006481934,639408.4
613,129243.12,184222.5,8.840905e+08,0.005810547,518200.78
614,134277.92,179228.05,1.020183e+09,0.0060791015,604792.6
615,150371.28,176342.38,9.9310874e+08,0.0052612307,713085.44
616,138550.69,172563.2,1.02233683e+09,0.0052490234,613602.8
617,156650.75,170971.95,9.428917e+08,0.0048217773,717521.56
618,154358.61,169310.62,8.734428e+08,0.0044555664,697050.9
619,163875.12,168767.08,7.8875757e+08,0.0047119143,837667.56
620,171160.66,169006.44,7.1039744e+08,0.004296875,916030.25
621,164527.67,168558.56,6.41163e+08,0.0044677737,906285.94
622,177107.05,169413.4,5.8362355e+08,0.0037475587,991417.8
623,137798.75,166251.94,6.15215e+08,0.0047485353,721418.4
624,137216.56,163348.4,6.295682e+08,0.0041259765,765585.6
625,127456.02,159759.17,6.82555e+08,0.0039550783,722540.7
626,128470.89,156630.34,7.024056e+08,0.0044677737,669849.06
627,129333.07,153900.61,6.992278e+08,0.004211426,659459.44
628,139755.72,152486.12,6.47312e+08,0.0039916993,740321.25
629,136541.84,150891.7,6.054606e+08,0.003491211,603582.0
630,130754.97,148878.03,5.8140845e+08,0.0036499023,595534.5
631,118711.57,145861.39,6.0516896e+08,0.00390625,510671.78
632,116072.8,142882.53,6.245145e+08,0.0034667968,561969.0
633,113883.92,139982.67,6.377458e+08,0.0038085938,584474.94
634,119518.37,137936.23,6.116621e+08,0.0031860352,564719.7
635,116526.21,135795.23,5.9175085e+08,0.0033447265,556280.5
636,115897.95,133805.5,5.682069e+08,0.0033569336,555279.25
637,108769.305,131301.88,5.677992e+08,0.0028320313,617462.3
638,102940.61,128465.75,5.834118e+08,0.0028320313,605168.0
639,118114.73,127430.65,5.347135e+08,0.003027344,678557.06
640,115179.2,126205.5,4.947509e+08,0.0024536133,674915.25
641,119332.55,125518.2,4.4952717e+08,0.0029785156,661482.94
642,108585.0,123824.88,4.3038045e+08,0.003027344,620710.9
643,122582.96,123700.69,3.874812e+08,0.0028930665,755023.8
644,153489.66,126679.586,4.2859754e+08,0.0025878907,993006.75
645,146763.19,128687.945,4.2203936e+08,0.0024169923,976796.06
646,134807.6,129299.91,3.8320592e+08,0.002709961,882257.94
647,136092.64,129979.18,3.49038e+08,0.002661133,888552.3
648,114049.86,128386.25,3.369711e+08,0.002697754,699992.3
649,118525.484,127400.17,3.120251e+08,0.0024536133,751321.0
650,108148.78,125475.03,3.1417802e+08,0.0025634766,701623.44
651,115142.11,124441.74,2.9236944e+08,0.0023559572,733628.8
652,111999.79,123197.55,2.770647e+08,0.003027344,731598.75
653,107071.66,121584.96,2.7276224e+08,0.0025512695,671457.75
654,101008.016,119527.266,2.8359296e+08,0.0027709962,637977.4
655,113866.22,118961.164,2.5811792e+08,0.0022705079,711747.2
656,108119.09,117876.95,2.4288566e+08,0.0021728517,698804.44
657,112657.25,117354.984,2.2104917e+08,0.0024414062,770646.1
658,101170.02,115736.484,2.2252002e+08,0.0024414062,656101.3
659,92448.766,113407.71,2.4907662e+08,0.0025268556,500950.3
660,101027.69,112169.71,2.379628e+08,0.0023071289,567699.0
661,118395.484,112792.29,2.1765494e+08,0.0023925782,735141.3
662,103511.89,111864.25,2.0364077e+08,0.0024658204,635495.0
663,109350.984,111612.92,1.8384517e+08,0.0028686523,734673.4
664,97898.28,110241.46,1.8238886e+08,0.0025634766,603136.1
665,92399.78,108457.3,1.9279928e+08,0.002294922,559976.25
666,93057.31,106917.3,1.948637e+08,0.0025268556,631135.06
667,103471.99,106572.766,1.7644563e+08,0.0024536133,759012.3
668,95393.625,105454.85,1.7004864e+08,0.001953125,653737.7
669,95868.7,104496.234,1.6131426e+08,0.0019775392,659433.75
670,93278.09,103374.42,1.5650902e+08,0.0022460937,651367.8
671,97354.39,102772.42,1.4411979e+08,0.002282715,672780.6
672,107872.59,103282.44,1.3204886e+08,0.002331543,766111.06
673,111255.44,104079.734,1.2456517e+08,0.0024291992,820992.2
674,96212.18,103292.98,1.176795e+08,0.0025268556,730009.44
675,101738.234,103137.5,1.06129096e+08,0.0026855469,733286.94
676,81944.55,101018.2,1.3593891e+08,0.00234375,437288.84
677,87681.45,99684.53,1.3835322e+08,0.002282715,466168.47
678,81120.53,97828.13,1.5553387e+08,0.0024658204,463487.2
679,85270.195,96572.336,1.5417363e+08,0.0023559572,472257.88
680,99649.836,96880.086,1.3960866e+08,0.002294922,583860.6
681,96397.52,96831.83,1.2566874e+08,0.0025878907,578493.5
682,95120.09,96660.66,1.1336556e+08,0.002734375,587390.94
683,90015.25,95996.12,1.0600353e+08,0.00279541,547697.3
684,93660.28,95762.53,9.589422e+07,0.00234375,575484.9
685,82109.375,94397.22,1.03081576e+08,0.002368164,452260.34
686,107755.2,95733.016,1.0883263e+08,0.0020507814,701759.56
687,103989.91,96558.7,1.04085224e+08,0.0020385743,629623.7
688,98643.9,96767.22,9.406802e+07,0.0021606446,614663.0
689,113142.0,98404.695,1.08793224e+08,0.002282715,758609.44
690,96994.74,98263.7,9.809282e+07,0.001965332,613070.7
691,88214.41,97258.77,9.737249e+07,0.0025878907,498865.66
692,83052.19,95838.12,1.0579968e+08,0.002746582,452762.16
693,92164.81,95470.79,9.64341e+07,0.0028198243,639644.75
694,92938.31,95217.54,8.7367896e+07,0.0024902343,643659.94
695,84708.34,94166.62,8.857099e+07,0.0023071289,597651.56
696,82620.484,93012.0,9.171208e+07,0.002380371,511557.78
697,76466.67,91357.47,1.0717818e+08,0.0021118165,463218.0
698,89477.48,91169.47,9.677845e+07,0.0022705079,600616.8
699,89556.3,91008.15,8.733481e+07,0.0021240234,602799.7
700,91113.875,91018.72,7.860234e+07,0.0022094727,594903.25
701,100630.01,91979.84,7.905602e+07,0.002319336,745251.94
702,91111.87,91893.05,7.1218216e+07,0.0025024414,662785.1
703,99611.25,92664.87,6.945775e+07,0.0023071289,720902.44
704,96346.64,93033.05,6.3731964e+07,0.0024291992,646804.75
705,95828.56,93312.6,5.8062108e+07,0.0020385743,651396.6
706,101272.48,94108.586,5.795826e+07,0.0019042969,676830.9
707,98843.17,94582.05,5.41799e+07,0.001940918,692069.5
708,102824.016,95406.24,5.4875612e+07,0.0020141602,737871.94
709,96644.61,95530.08,4.9526068e+07,0.0022216798,683950.44
710,85293.81,94506.45,5.4003764e+07,0.001965332,585255.4
711,91919.125,94247.72,4.920587e+07,0.002294922,605656.5
712,103613.44,95184.29,5.2179784e+07,0.0022583008,699591.5
713,103801.67,96046.03,5.364514e+07,0.0022216798,692628.4
714,99899.42,96431.37,4.9617e+07,0.0021972656,685911.0
715,103127.64,97100.99,4.8690904e+07,0.0021484375,707608.0
716,89840.664,96374.96,4.8565924e+07,0.0022094727,591685.25
717,79871.734,94724.64,6.822141e+07,0.0021118165,491623.4
718,88294.2,94081.59,6.5120816e+07,0.002282715,543268.5
719,78761.91,92549.625,7.973109e+07,0.0020263672,412635.84
720,79819.664,91276.625,8.634265e+07,0.002294922,420027.9
721,84485.46,90597.51,8.1859176e+07,0.0022216798,504242.78
722,82179.26,89755.68,8.005128e+07,0.0026123046,530126.94
723,74858.445,88265.95,9.201963e+07,0.0025634766,379452.28
724,65263.92,85965.75,1.3043607e+08,0.002380371,271751.25
725,66734.05,84042.58,1.5067973e+08,0.0024902343,349499.0
726,75316.36,83169.95,1.4246498e+08,0.0024902343,437049.44
727,76797.2,82532.68,1.3187355e+08,0.0022460937,475567.22
728,76291.08,81908.516,1.22192376e+08,0.0024169923,469583.44
729,66775.0,80395.164,1.3058523e+08,0.002319336,414932.38
730,66178.32,78973.48,1.3571739e+08,0.0021972656,328067.78
731,69284.11,78004.54,1.3059519e+08,0.0025634766,333659.66
732,79069.695,78111.055,1.17637784e+08,0.0025268556,554123.6
733,85593.3,78859.28,1.1091255e+08,0.00279541,609122.06
734,88353.4,79808.695,1.07933736e+08,0.0025512695,619482.5
735,82325.164,80060.34,9.7710296e+07,0.0022460937,444277.22
736,81843.93,80238.7,8.8225576e+07,0.002380371,405698.12
737,89405.55,81155.39,8.696581e+07,0.0020263672,539234.75
738,83420.7,81381.92,7.873108e+07,0.0022583008,514191.16
739,73413.234,80585.055,7.657297e+07,0.0021606446,307505.1
740,75413.96,80067.945,7.132229e+07,0.0020874024,318262.0
741,71417.11,79202.86,7.0925384e+07,0.0026855469,294267.3
742,82802.25,79562.8,6.499885e+07,0.0024658204,547418.2
743,90340.56,80640.57,6.8953384e+07,0.0025024414,587196.75
744,106702.46,83246.76,1.2318804e+08,0.0024047852,711374.8
745,98204.11,84742.49,1.3100424e+08,0.0024291992,576120.7
746,87987.58,85067.0,1.1885156e+08,0.0024414062,522537.53
747,89687.305,85529.03,1.0888765e+08,0.0026367188,534315.6
748,94033.25,86379.45,1.0450784e+08,0.0026245117,508985.75
749,86325.016,86374.01,9.405732e+07,0.0028564453,537404.2
750,78155.625,85552.17,9.073035e+07,0.002661133,502455.78
751,86610.11,85657.97,8.175804e+07,0.0029418946,613283.44
752,75408.36,84633.01,8.303714e+07,0.0030029297,566012.5
753,80381.625,84207.87,7.6360104e+07,0.002734375,545333.1
754,69384.59,82725.54,8.849974e+07,0.002709961,364798.84
755,74633.875,81916.375,8.554252e+07,0.0026733398,412919.34
756,81398.13,81864.55,7.701244e+07,0.002758789,471067.06
757,75486.5,81226.74,7.297235e+07,0.002380371,435908.28
758,76564.58,80760.52,6.7631336e+07,0.0023071289,448686.03
759,83325.7,81017.04,6.1460416e+07,0.002380371,481808.2
760,79914.09,80906.74,5.5423856e+07,0.0025024414,492505.2
761,72217.375,80037.805,5.667693e+07,0.0030517578,319843.7
762,78372.375,79871.266,5.125886e+07,0.0028686523,368147.53
763,77864.93,79670.63,4.649526e+07,0.002746582,387851.56
764,90128.9,80716.46,5.168951e+07,0.0028076172,567474.3
765,95889.2,82233.734,6.723965e+07,0.0030517578,641607.5
766,99959.58,84006.32,8.879418e+07,0.0026123046,693756.75
767,78093.22,83415.01,8.306159e+07,0.0029785156,376509.16
768,82916.25,83365.13,7.4777816e+07,0.0025634766,516219.38
769,93506.97,84379.31,7.655715e+07,0.0024780275,618971.2
770,91620.5,85103.43,7.362057e+07,0.0025634766,628165.1
771,94622.28,86055.31,7.441328e+07,0.0031860352,652178.56
772,80357.75,85485.555,6.989355e+07,0.0029296875,474643.9
773,83372.86,85274.28,6.330591e+07,0.0026733398,455393.56
774,86041.48,85351.0,5.7028292e+07,0.002746582,464797.72
775,80582.02,84874.1,5.3372344e+07,0.0025390626,385721.2
776,78805.516,84267.24,5.1349604e+07,0.0025756836,393137.53
777,81449.89,83985.51,4.6929016e+07,0.0028076172,459601.7
778,85279.95,84114.95,4.2386916e+07,0.0024414062,509442.94
779,86919.89,84395.445,3.8856316e+07,0.0026245117,553062.25
780,95639.78,85519.875,4.634984e+07,0.0024169923,603369.3
781,83499.52,85317.84,4.208222e+07,0.0030151368,516109.03
782,69106.08,83696.664,6.1527916e+07,0.0029663087,396474.22
783,64744.086,81801.41,8.7703144e+07,0.0024414062,319025.4
784,61953.9,79816.66,1.1438595e+08,0.002734375,260792.8
785,58610.2,77696.01,1.434216e+08,0.002661133,234831.86
786,68855.92,76812.0,1.3611269e+08,0.0026367188,343288.28
787,68552.516,75986.055,1.2864113e+08,0.002722168,377055.84
788,64939.695,74881.42,1.2675899e+08,0.0026000978,247886.88
789,60385.55,73431.836,1.3299481e+08,0.002709961,202812.98
790,63876.62,72476.31,1.2791252e+08,0.0025390626,243659.9
791,62981.164,71526.8,1.2323547e+08,0.0028564453,223491.2
792,63546.523,70728.766,1.1664355e+08,0.0026367188,312529.47
793,67042.64,70360.16,1.0620207e+08,0.0026733398,326979.03
794,73783.88,70702.53,9.663683e+07,0.003125,456224.34
795,69267.734,70559.055,8.7158424e+07,0.003112793,437360.22
796,68693.55,70372.5,7.8755784e+07,0.0028930665,354641.03
797,71489.86,70484.234,7.099257e+07,0.002746582,366096.1
798,72116.5,70647.46,6.41331e+07,0.0029418946,426714.44
799,72680.49,70850.766,5.8091776e+07,0.0029418946,434452.75
800,64794.53,70245.14,5.5583612e+07,0.0026000978,335878.75
801,65252.242,69745.85,5.2268864e+07,0.0033081055,345996.72
802,65506.03,69321.87,4.8659824e+07,0.0032104494,308709.56
803,78220.72,70211.75,5.09209e+07,0.0031982423,565857.1
804,78717.72,71062.34,5.2340444e+07,0.0033691407,581958.56
805,80059.59,71962.07,5.4391944e+07,0.0030029297,585077.3
806,78941.19,72659.984,5.3336476e+07,0.0030029297,592142.56
807,69866.875,72380.67,4.870496e+07,0.0030395507,490794.2
808,64382.895,71580.89,4.9591264e+07,0.0030517578,469220.8
809,81950.42,72617.84,5.4309584e+07,0.0026245117,722392.0
810,84549.13,73810.97,6.1690636e+07,0.0025268556,695509.75
811,79872.75,74417.15,5.882864e+07,0.0034179688,665378.56
812,68208.39,73796.27,5.6415156e+07,0.0032348633,528993.1
813,76794.08,74096.055,5.1582456e+07,0.0030029297,573156.9
814,82327.2,74919.17,5.252187e+07,0.0031982423,606083.56
815,80134.69,75440.73,4.9717828e+07,0.003100586,645734.25
816,89308.72,76827.52,6.2054956e+07,0.0031372071,694384.1
817,88006.14,77945.38,6.709599e+07,0.0029174804,748371.6
818,93964.89,79547.336,8.348261e+07,0.0029907227,698881.5
819,95846.2,81177.22,9.904313e+07,0.0024047852,727781.6
820,85928.92,81652.39,9.11709e+07,0.0028198243,652562.4
821,74958.92,80983.05,8.608603e+07,0.0031494142,543986.2
822,93569.91,82241.734,9.173604e+07,0.0028808594,820598.9
823,82163.33,82233.89,8.256299e+07,0.0028564453,667852.6
824,89329.875,82943.49,7.8838456e+07,0.0025634766,724753.5
825,77593.06,82408.45,7.353105e+07,0.003027344,655515.3
826,85342.766,82701.88,6.6952856e+07,0.0028808594,700168.0
827,80330.016,82464.695,6.076389e+07,0.0029296875,688004.4
828,78408.73,82059.1,5.6168076e+07,0.0025878907,645374.6
829,86369.375,82490.125,5.222333e+07,0.0030151368,715076.0
830,89493.37,83190.45,5.141508e+07,0.002734375,726253.9
831,85455.66,83416.98,4.6735376e+07,0.003088379,684852.25
832,73123.34,82387.61,5.1598136e+07,0.0029663087,608217.56
833,97358.2,83884.67,6.6609e+07,0.003063965,724507.06
834,80147.53,83510.96,6.120506e+07,0.0032104494,483782.97
835,92198.3,84379.695,6.1876836e+07,0.0027709962,735465.56
836,83104.84,84252.21,5.5835424e+07,0.0032592774,607724.0
837,78167.92,83643.78,5.358355e+07,0.0028564453,607624.2
838,70639.41,82343.34,6.344543e+07,0.0032348633,485888.25
839,64149.09,80523.92,8.689366e+07,0.0028076172,329568.7
840,67540.83,79225.61,9.337476e+07,0.0025024414,356241.56
841,56490.203,76952.07,1.3055818e+08,0.003076172,227364.48
842,71848.05,76441.67,1.1984695e+08,0.003088379,506728.94
843,82347.914,77032.3,1.11001784e+08,0.003076172,594422.44
844,72759.66,76605.03,1.0154459e+08,0.003100586,478693.47
845,68965.53,75841.08,9.66427e+07,0.0029785156,448431.06
846,69764.22,75233.39,9.0301976e+07,0.0028686523,448155.12
847,65961.92,74306.24,8.900819e+07,0.0031982423,374911.5
848,69949.74,73870.59,8.181549e+07,0.002758789,407417.66
849,69175.55,73401.086,7.561785e+07,0.002661133,392154.62
850,62703.68,72331.34,7.835517e+07,0.0027709962,323392.94
851,65021.58,71600.37,7.5328584e+07,0.0034301758,410495.22
852,69577.42,71398.07,6.816403e+07,0.0033081055,446825.97
853,70592.74,71317.54,6.1405996e+07,0.0029541017,454387.78
854,62985.21,70484.305,6.151389e+07,0.0029785156,393558.22
855,69664.375,70402.31,5.5423004e+07,0.003491211,452353.44
856,68624.375,70224.516,5.01652e+07,0.0035644532,448233.72
857,63365.004,69538.56,4.9383436e+07,0.0033447265,409071.34
858,68179.375,69402.64,4.4611356e+07,0.003027344,467179.28
859,69779.17,69440.3,4.0162976e+07,0.0028198243,472229.8
860,67805.85,69276.85,3.6387104e+07,0.0029785156,455792.88
861,60750.83,68424.25,3.929077e+07,0.0034057617,319300.12
862,56824.0,67264.23,4.7472612e+07,0.0036499023,302180.72
863,57359.1,66273.71,5.1555384e+07,0.003100586,257086.44
864,64847.164,66131.055,4.6582996e+07,0.0033691407,446089.72
865,68705.53,66388.5,4.252121e+07,0.0032714845,498500.4
866,58596.74,65609.32,4.373313e+07,0.003125,419142.06
867,56596.914,64708.08,4.666993e+07,0.0032714845,289189.0
868,59816.855,64218.957,4.41561e+07,0.0031738281,301611.03
869,54522.457,63249.31,4.820248e+07,0.0028320313,279274.53
870,51768.688,62101.246,5.524465e+07,0.0032714845,260214.05
871,57745.566,61665.68,5.142766e+07,0.0033935548,320663.28
872,72517.19,62750.832,5.6882864e+07,0.0035766603,433961.72
873,76686.92,64144.44,6.867389e+07,0.0036499023,519896.44
874,71199.08,64849.906,6.6285612e+07,0.0035156251,484841.28
875,56339.73,63998.89,6.617513e+07,0.0030029297,365233.66
876,58017.715,63400.773,6.2777316e+07,0.0033447265,359138.9
877,60031.137,63063.81,5.7521484e+07,0.0033325197,367821.28
878,59565.53,62713.98,5.287075e+07,0.0031372071,406458.8
879,55364.297,61979.01,5.244528e+07,0.0032836914,363142.16
880,55320.113,61313.12,5.119143e+07,0.003076172,363395.28
881,65486.977,61730.508,4.7640184e+07,0.0037353516,525003.94
882,69548.734,62512.332,4.8377384e+07,0.0034179688,565846.06
883,80018.36,64262.934,7.112114e+07,0.0033691407,676381.75
884,71417.2,64978.36,6.8615544e+07,0.0035766603,568654.5
885,75587.875,66039.31,7.188455e+07,0.0036621094,588765.5
886,77989.05,67234.29,7.754775e+07,0.003027344,694335.5
887,86286.664,69139.52,1.02462344e+08,0.0033569336,738460.2
888,65813.33,68806.91,9.321183e+07,0.0032958984,465051.62
889,64607.945,68387.01,8.5477464e+07,0.0029296875,461790.2
890,51772.28,66725.53,1.01774136e+08,0.0033569336,214415.1
891,51356.848,65188.664,1.1285439e+08,0.0037963868,174678.61
892,51972.984,63867.098,1.1728782e+08,0.003881836,177601.62
893,56951.57,63175.547,1.0986324e+08,0.003881836,320559.16
894,57146.105,62572.6,1.0214878e+08,0.0037475587,321606.56
895,47949.76,61110.316,1.11178376e+08,0.0038452148,173364.66
896,54408.375,60440.12,1.0410298e+08,0.0037353516,262369.9
897,75778.81,61973.992,1.14867464e+08,0.0036865235,541267.8
898,64135.613,62190.156,1.03801256e+08,0.0036132813,530936.0
899,63950.66,62366.207,9.370007e+07,0.0036499023,525298.9
900,72276.484,63357.234,9.316929e+07,0.0034667968,556621.1
901,72241.29,64245.64,9.0955736e+07,0.0040893555,549646.7
902,72221.27,65043.203,8.758513e+07,0.004199219,494535.22
903,80954.445,66634.33,1.016117e+08,0.0037841797,619563.94
904,94206.586,69391.555,1.5987117e+08,0.0036987306,755570.2
905,84697.83,70922.18,1.6496942e+08,0.0038452148,634967.25
906,76189.61,71448.92,1.509696e+08,0.0035766603,566624.06
907,84064.34,72710.46,1.5019603e+08,0.0036865235,596810.5
908,75017.86,72941.2,1.356556e+08,0.0034057617,506242.44
909,65240.797,72171.164,1.274267e+08,0.0032226562,414577.72
910,64901.438,71444.19,1.1944044e+08,0.0034179688,405367.03
911,54962.906,69796.06,1.31943336e+08,0.0036621094,229229.2
912,56269.32,68443.39,1.3521654e+08,0.0037597658,231823.34
913,62619.883,67861.04,1.2474708e+08,0.0037841797,320484.66
914,72018.21,68276.76,1.1382776e+08,0.0037841797,474718.03
915,74970.35,68946.12,1.0647735e+08,0.004162598,521806.38
916,76590.06,69710.516,1.010883e+08,0.0036865235,528335.56
917,64708.625,69210.33,9.323117e+07,0.0037353516,372939.84
918,64411.047,68730.4,8.598103e+07,0.0040649413,377849.16
919,64802.676,68337.625,7.877136e+07,0.0036376955,328360.5
920,81902.945,69694.16,8.745583e+07,0.0033691407,556729.2
921,61499.18,68874.66,8.475444e+07,0.0040527345,374989.78
922,62284.594,68215.65,8.01876e+07,0.0037963868,380262.2
923,57537.188,67147.805,8.2431496e+07,0.004101563,298593.9
924,59937.766,66426.8,7.886696e+07,0.0036743165,436041.12
925,65145.86,66298.7,7.112794e+07,0.0040527345,517401.25
926,76686.625,67337.49,7.372694e+07,0.003820801,617122.4
927,64777.484,67081.49,6.694408e+07,0.0036743165,501428.6
928,68429.375,67216.28,6.0413184e+07,0.003491211,562333.5
929,73167.11,67811.37,5.7558976e+07,0.0036621094,574351.3
930,64289.438,67459.17,5.2919436e+07,0.0032470704,461224.12
931,54401.04,66153.36,6.2973828e+07,0.004333496,348208.28
932,82873.016,67825.33,8.183566e+07,0.0041259765,727189.44
933,71556.77,68198.47,7.4905224e+07,0.0041503906,633051.56
934,55010.43,66879.664,8.3067896e+07,0.003820801,291180.4
935,63107.07,66502.41,7.6042024e+07,0.0038452148,403918.1
936,61890.992,66041.266,7.035168e+07,0.003881836,398563.62
937,50600.46,64497.184,8.477417e+07,0.0035766603,213627.45
938,46784.055,62725.87,1.04534696e+08,0.0034057617,187026.48
939,53797.965,61833.082,1.01254904e+08,0.0032470704,459435.2
940,66467.81,62296.555,9.306267e+07,0.003442383,626577.1
941,65715.4,62638.438,8.480837e+07,0.0037597658,604687.56
942,56573.31,62031.926,7.963825e+07,0.0044311523,579508.25
943,49480.637,60776.797,8.585256e+07,0.0040771486,439847.7
944,43015.98,59000.715,1.0565749e+08,0.0040649413,126545.164
945,52267.875,58327.43,9.917154e+07,0.004003906,242031.4
946,59852.43,58479.93,8.946369e+07,0.0037841797,339500.34
947,59151.29,58547.066,8.055788e+07,0.0036865235,335400.44
948,47911.555,57483.516,8.268236e+07,0.0041870116,230783.73
949,50298.258,56764.99,7.906063e+07,0.0035156251,234557.08
950,51362.57,56224.746,7.378132e+07,0.003491211,247247.5
951,45726.527,55174.926,7.632232e+07,0.004101563,197584.03
952,47203.758,54377.81,7.440864e+07,0.0044677737,230124.31
953,47794.035,53719.43,7.086892e+07,0.0042846682,239773.12
954,45087.363,52856.223,7.048816e+07,0.004309082,185959.81
955,48428.066,52413.406,6.520411e+07,0.0045532226,222627.8
956,44384.7,51610.535,6.448511e+07,0.0043945312,175136.53
957,49696.055,51419.086,5.836647e+07,0.0036865235,304423.44
958,52709.844,51548.16,5.267977e+07,0.003894043,319981.3
959,52666.57,51660.0,4.7524364e+07,0.0044311523,319286.1
960,51331.32,51627.133,4.2781652e+07,0.004138184,316534.72
961,48538.965,51318.316,3.9361796e+07,0.0048828125,296670.66
962,48708.457,51057.332,3.6038636e+07,0.0047119143,288605.3
963,57985.977,51750.195,3.6755324e+07,0.0049194335,501851.5
964,54538.855,52029.062,3.377969e+07,0.0041259765,374545.66
965,59485.62,52774.72,3.5405744e+07,0.004650879,396159.4
966,56246.59,53121.906,3.2950018e+07,0.004223633,380004.38
967,54630.258,53272.742,2.9859776e+07,0.003881836,362871.75
968,45045.902,52450.06,3.2965076e+07,0.00423584,152621.28
969,53079.67,52513.02,2.9704246e+07,0.0040283203,271975.1
970,60442.168,53305.934,3.2392244e+07,0.0040649413,429410.7
971,57209.125,53696.254,3.0524162e+07,0.0048461915,436367.66
972,61167.555,54443.383,3.2495576e+07,0.0044555664,488000.22
973,49739.184,53972.96,3.123767e+07,0.004602051,311556.5
974,52741.453,53849.81,2.8250398e+07,0.004333496,326636.94
975,48047.79,53269.605,2.8455068e+07,0.0044189454,296272.16
976,47420.184,52684.664,2.8688978e+07,0.0044433596,292590.72
977,38196.953,51235.895,4.471052e+07,0.0047119143,61785.17
978,43645.11,50476.816,4.5425268e+07,0.0045776367,159382.19
979,42816.21,49710.758,4.616438e+07,0.0045410157,145793.66
980,47320.9,49471.773,4.2061972e+07,0.004211426,245983.02
981,47677.117,49292.31,3.8145644e+07,0.004589844,249281.81
982,43409.008,48703.977,3.744627e+07,0.005029297,156800.64
983,47530.055,48586.586,3.382567e+07,0.0048583983,259624.08
984,47629.273,48490.855,3.0525584e+07,0.004931641,249024.52
985,40747.277,47716.496,3.2869694e+07,0.004626465,95734.96
986,45823.414,47527.188,2.9905262e+07,0.0043945312,199342.62
987,45557.797,47330.25,2.72638e+07,0.0046142577,200147.02
988,43835.01,46980.727,2.5636922e+07,0.0047729495,188368.97
989,50358.457,47318.5,2.4100044e+07,0.004956055,263493.4
990,50524.617,47639.113,2.2615166e+07,0.0044799806,244008.17
991,50570.8,47932.28,2.112718e+07,0.00546875,258702.28
992,49646.707,48103.723,1.9278994e+07,0.005810547,250722.38
993,47438.562,48037.207,1.7390914e+07,0.0049194335,221533.42
994,46610.43,47894.53,1.5835035e+07,0.0049072267,216620.33
995,46874.89,47792.566,1.4345101e+07,0.0047729495,203156.36
996,43843.312,47397.64,1.4314285e+07,0.0044921874,149929.02
997,46291.277,47287.004,1.299302e+07,0.005004883,171892.97
998,42529.08,46811.21,1.3731125e+07,0.005041504,125475.13
999,48754.04,47005.492,1.2697724e+07,0.0046875,391165.9
1000,40598.29,46364.773,1.5122655e+07,0.004724121,125308.13
1001,56071.07,47335.402,2.2089488e+07,0.0058715823,449581.9
1002,58066.906,48408.555,3.0245406e+07,0.005444336,434830.88
1003,65910.56,50158.754,5.478969e+07,0.004797363,552513.5
1004,43796.434,49522.523,5.295384e+07,0.0051391604,196292.67
1005,43022.03,48872.473,5.1461532e+07,0.0052246093,175809.12
1006,63632.812,50348.508,6.5923464e+07,0.0047729495,629092.9
1007,52477.86,50561.44,5.9739188e+07,0.004650879,493200.75
1008,48580.35,50363.332,5.4118492e+07,0.0049804687,457379.75
1009,56018.25,50928.824,5.1584668e+07,0.0056152344,598515.94
1010,53686.53,51204.594,4.711065e+07,0.0052856444,589237.2
1011,61221.867,52206.32,5.14307e+07,0.00546875,662372.1
1012,63933.457,53379.035,5.8664944e+07,0.005749512,667177.06
1013,50798.305,53120.96,5.3397864e+07,0.0060180663,445939.53
1014,49442.2,52753.086,4.927607e+07,0.005419922,335518.5
1015,52862.92,52764.07,4.434955e+07,0.005688477,384451.94
1016,45896.6,52077.324,4.4159188e+07,0.005456543,273123.2
1017,42184.453,51088.04,4.855147e+07,0.00489502,184736.9
1018,46349.332,50614.168,4.5717304e+07,0.0055786134,237860.73
1019,41266.336,49679.383,4.9009948e+07,0.005883789,187749.53
1020,41368.64,48848.31,5.032511e+07,0.0048828125,167379.98
1021,51663.055,49129.78,4.6005652e+07,0.0059936526,315144.34
1022,42223.78,48439.18,4.569744e+07,0.00579834,175805.44
1023,57746.473,49369.91,4.8924004e+07,0.00559082,502500.75
1024,49605.594,49393.477,4.4036604e+07,0.0052978517,384626.8
1025,52808.383,49734.97,4.068249e+07,0.005529785,395661.88
1026,47872.0,49548.67,3.6926596e+07,0.0059082033,263050.38
1027,50838.6,49677.664,3.3383688e+07,0.005749512,275194.78
1028,45638.17,49273.715,3.1513892e+07,0.005480957,242536.33
1029,41283.727,48474.715,3.4108096e+07,0.006091309,129050.95
1030,46670.523,48294.297,3.0990246e+07,0.005834961,215601.8
1031,44044.27,47869.293,2.9516868e+07,0.00559082,195459.11
1032,43125.418,47394.906,2.8590572e+07,0.0063598636,178783.16
1033,42427.176,46898.133,2.7952564e+07,0.006323242,168244.11
1034,40619.055,46270.227,2.870572e+07,0.0064086914,105052.5
1035,43981.234,46041.33,2.63067e+07,0.006286621,181055.2
1036,44375.242,45874.72,2.3925854e+07,0.0063720704,163179.44
1037,43108.305,45598.08,2.2222042e+07,0.006689453,154516.52
1038,44818.605,45520.133,2.005452e+07,0.0060791015,179304.38
1039,48166.473,45784.766,1.8679348e+07,0.0060791015,292501.34
1040,46628.97,45869.188,1.6875554e+07,0.006213379,283174.6
1041,49932.79,46275.547,1.6674156e+07,0.0070312503,306519.84
1042,47591.195,46407.113,1.5162525e+07,0.007019043,235217.0
1043,47372.11,46503.613,1.3730082e+07,0.007080078,228102.17
1044,46493.414,46502.594,1.2357082e+07,0.007043457,224566.34
1045,42487.21,46101.055,1.257247e+07,0.007055664,124219.92
1046,49112.992,46402.25,1.2131682e+07,0.0068603517,274313.53
1047,42224.742,45984.5,1.2489155e+07,0.0063842773,188242.42
1048,44224.125,45808.46,1.1519142e+07,0.006225586,237772.81
1049,39171.164,45144.73,1.4332061e+07,0.006213379,103707.59
1050,39826.445,44612.902,1.5444428e+07,0.0067260745,109027.94
1051,44640.035,44615.617,1.3900051e+07,0.0068237307,241819.38
1052,42489.582,44403.016,1.2916848e+07,0.0076171877,167921.4
1053,43964.227,44359.137,1.1642491e+07,0.0075927735,256773.17
1054,45114.21,44434.645,1.0529554e+07,0.0075195315,270646.94
1055,46615.16,44652.695,9.904517e+06,0.0072631836,274405.53
1056,41657.938,44353.22,9.721236e+06,0.0075561525,161659.94
1057,45348.58,44452.754,8.838279e+06,0.0075317384,212971.78
1058,41251.688,44132.65,8.876666e+06,0.0072143557,165782.11
1059,41240.156,43843.4,8.741985e+06,0.006994629,168783.19
1060,43007.207,43759.78,7.930716e+06,0.0071777343,231652.28
1061,41485.164,43532.32,7.6032935e+06,0.007751465,225071.52
1062,38979.906,43077.08,8.708167e+06,0.008325196,211217.02
1063,34436.785,42213.047,1.455627e+07,0.008300781,38300.465
1064,34974.117,41489.152,1.7816832e+07,0.008215332,47594.684
1065,35275.945,40867.832,1.9509502e+07,0.008251953,58328.2
1066,41624.82,40943.53,1.7610124e+07,0.008483887,296432.28
1067,44136.62,41262.84,1.6766735e+07,0.007983399,314712.7
1068,39859.273,41122.484,1.526736e+07,0.008459473,146554.6
1069,49644.355,41974.67,2.0276628e+07,0.00834961,358501.16
1070,56172.56,43394.46,3.6391164e+07,0.008386231,477855.44
1071,44222.35,43477.25,3.2813732e+07,0.009057618,263608.6
1072,42370.85,43366.61,2.9642528e+07,0.009423829,244908.19
1073,54294.992,44459.45,3.7426936e+07,0.00904541,429806.2
1074,57596.824,45773.188,4.92174e+07,0.0086425785,512383.5
1075,45538.22,45749.69,4.4300628e+07,0.008935547,339938.1
1076,52634.625,46438.184,4.4136772e+07,0.008300781,387132.44
1077,44935.188,46287.883,3.9926404e+07,0.009216309,233122.83
1078,44403.004,46099.395,3.625351e+07,0.008044434,258614.11
1079,40350.707,45524.527,3.5602424e+07,0.008227539,208344.17
1080,44153.242,45387.4,3.221142e+07,0.007836915,233104.98
1081,48613.594,45710.02,2.9927028e+07,0.009924317,289382.34
1082,45797.793,45718.797,2.6935018e+07,0.009020996,296290.7
1083,41757.71,45322.688,2.5653634e+07,0.009289551,245379.92
1084,52522.223,46042.64,2.7753266e+07,0.009619141,389512.97
1085,53241.97,46762.574,2.9642668e+07,0.009191895,387532.22
1086,42728.67,46359.184,2.8142912e+07,0.0088623045,284744.53
1087,38316.32,45554.9,3.1150508e+07,0.008837891,91060.77
1088,43121.105,45311.52,2.8568558e+07,0.009106445,164646.78
1089,45139.055,45294.273,2.5714378e+07,0.00916748,187069.1
1090,38988.5,44663.695,2.672159e+07,0.008557129,117943.42
1091,43921.656,44589.492,2.4098986e+07,0.010241699,166914.22
1092,41165.5,44247.094,2.2744222e+07,0.010290528,142255.47
1093,38663.047,43688.688,2.3276142e+07,0.009838867,124148.19
1094,45102.367,43830.055,2.1128392e+07,0.010644532,336236.03
1095,42179.742,43665.023,1.926067e+07,0.010632324,214554.8
1096,53346.67,44633.188,2.5770692e+07,0.010144043,334382.62
1097,48242.63,44994.133,2.4366148e+07,0.00979004,284074.0
1098,39259.273,44420.65,2.4889508e+07,0.009985352,201644.98
1099,36568.715,43635.453,2.7949314e+07,0.0095825195,62934.906
1100,44501.08,43722.016,2.5221818e+07,0.009765625,217386.45
1101,43824.03,43732.22,2.2700572e+07,0.010864258,212813.12
1102,44780.977,43837.094,2.0529506e+07,0.011486816,196540.08
1103,53422.97,44795.68,2.6746564e+07,0.010559082,484830.9
1104,38855.883,44201.7,2.7247214e+07,0.010681152,153956.98
1105,41642.1,43945.74,2.511213e+07,0.010839844,175345.11
1106,36626.113,43213.777,2.7422838e+07,0.010571289,79024.14
1107,35683.805,42460.78,2.9783596e+07,0.009985352,70987.984
1108,35007.477,41715.45,3.1804894e+07,0.010375977,56339.855
1109,37111.953,41255.1,3.05317e+07,0.0106689455,97229.46
1110,36794.78,40809.07,2.926903e+07,0.010070801,68698.39
1111,36699.977,40398.16,2.7861746e+07,0.012231446,106440.68
1112,34317.1,39790.055,2.8403706e+07,0.011877442,34820.074
1113,37461.53,39557.203,2.6051316e+07,0.012023926,104723.08
1114,34834.85,39084.97,2.5453238e+07,0.012243653,46810.49
1115,41630.492,39339.52,2.3491086e+07,0.012353516,200004.31
1116,38840.01,39289.57,2.1164432e+07,0.0116088865,104812.914
1117,37911.09,39151.723,1.9219006e+07,0.011938477,103068.805
1118,40494.844,39286.035,1.7459464e+07,0.0125,169804.1
1119,49868.867,40344.32,2.5793186e+07,0.011791992,502767.8
1120,42507.95,40560.684,2.3635184e+07,0.011169434,307210.84
1121,44885.4,40993.156,2.295495e+07,0.012878418,381461.22
1122,34361.586,40330.0,2.461745e+07,0.013623047,47572.586
1123,33778.34,39674.836,2.6018888e+07,0.012854004,42250.79
1124,40721.055,39779.457,2.351551e+07,0.012976075,196688.14
1125,40766.766,39878.188,2.1251688e+07,0.013659668,214694.31
1126,45519.76,40442.344,2.1990982e+07,0.0134887695,303107.6
1127,38393.45,40237.453,2.01697e+07,0.013366699,155417.38
1128,40404.023,40254.11,1.8155226e+07,0.013391114,175243.2
1129,41740.734,40402.773,1.6538608e+07,0.012438965,187240.3
1130,40949.184,40457.414,1.4911617e+07,0.0127685545,221661.67
1131,33809.18,39792.59,1.7398368e+07,0.013500976,53209.438
1132,36378.742,39451.203,1.6707423e+07,0.013684082,127398.32
1133,34133.074,38919.39,1.7582104e+07,0.015344239,50281.656
1134,37436.758,38771.13,1.6021731e+07,0.014111328,169333.9
1135,38830.656,38777.082,1.4419876e+07,0.01484375,144600.39
1136,37989.723,38698.348,1.3033682e+07,0.015283204,118009.04
1137,33990.17,38227.53,1.3725336e+07,0.015283204,50919.164
1138,35788.11,37983.59,1.2888372e+07,0.015722657,76963.09
1139,37282.84,37913.516,1.1643729e+07,0.014440918,168048.45
1140,35447.598,37666.92,1.1026623e+07,0.0152954105,74120.41
1141,37845.992,37684.83,9.926847e+06,0.017407227,182739.8
1142,34005.203,37316.867,1.015273e+07,0.018127441,54222.87
1143,45163.586,38101.54,1.4678847e+07,0.018408203,356246.38
1144,42229.426,38514.33,1.4744512e+07,0.017749025,286775.38
1145,42865.25,38949.42,1.4973807e+07,0.017773438,226480.69
1146,40490.254,39103.504,1.36901e+07,0.01793213,205362.55
1147,40593.133,39252.47,1.2520799e+07,0.017578125,176352.36
1148,37090.25,39036.246,1.1689486e+07,0.0178833,118979.836
1149,46973.195,39829.94,1.6190101e+07,0.01673584,303257.25
1150,45445.547,40391.5,1.7409244e+07,0.017089844,379349.94
1151,32647.707,39617.12,2.1065288e+07,0.019714355,46818.953
1152,33949.996,39050.41,2.1849226e+07,0.019458009,58581.29
1153,36683.33,38813.703,2.016858e+07,0.019519044,147451.14
1154,32843.297,38216.664,2.135984e+07,0.018664552,48939.234
1155,35209.742,37915.973,2.0037598e+07,0.01977539,134182.14
1156,32211.61,37345.535,2.0962416e+07,0.019482423,37332.742
1157,42821.83,37893.164,2.1565254e+07,0.020935059,382645.47
1158,33114.035,37415.25,2.1464336e+07,0.02006836,48662.56
1159,35669.67,37240.69,1.9592136e+07,0.020336915,100161.766
1160,33084.176,36825.04,1.9187818e+07,0.021264648,60012.883
1161,33562.04,36498.74,1.8227282e+07,0.024401857,86301.266
1162,39075.594,36756.42,1.700217e+07,0.025158692,198345.42
1163,32516.293,36332.41,1.6920036e+07,0.024987793,87429.58
1164,32881.6,35987.33,1.6299759e+07,0.024401857,80723.96
1165,31484.807,35537.074,1.6494325e+07,0.026464844,32164.352
1166,35090.12,35492.38,1.4862871e+07,0.02614746,110968.57
1167,35660.21,35509.164,1.3379119e+07,0.026489258,107629.6
1168,32164.203,35174.668,1.3048195e+07,0.026306152,49091.52
1169,40053.01,35662.504,1.3885217e+07,0.026354982,340232.78
1170,30837.123,35179.965,1.4592282e+07,0.02758789,27775.414
1171,40923.85,35754.35,1.6102355e+07,0.030212402,344570.72
1172,39765.504,36155.47,1.5940161e+07,0.029748535,341506.84
1173,33590.883,35899.01,1.4938084e+07,0.030603027,95562.664
1174,33257.406,35634.85,1.4072302e+07,0.03005371,66812.32
1175,33849.273,35456.293,1.2952018e+07,0.029724121,89623.336
1176,32049.57,35115.62,1.2701334e+07,0.030322267,50272.676
1177,30885.264,34692.586,1.3041833e+07,0.028601075,18609.87
1178,35311.164,34754.445,1.1772087e+07,0.028674318,126618.836
1179,37754.85,35054.484,1.1405098e+07,0.029077148,168958.88
1180,39306.547,35479.69,1.1891791e+07,0.02878418,301564.9
1181,42291.48,36160.87,1.4878654e+07,0.030895997,323643.94
1182,44163.082,36961.094,1.9153972e+07,0.030969238,347676.3
1183,40102.25,37275.21,1.8126592e+07,0.029504394,316173.38
1184,33030.414,36850.73,1.793558e+07,0.029272461,55366.246
1185,32985.805,36464.24,1.748641e+07,0.02965088,69011.63
1186,34768.43,36294.656,1.5996587e+07,0.03166504,88318.93
1187,32347.766,35899.97,1.5798943e+07,0.0296875,40215.9
1188,33689.508,35678.92,1.4658801e+07,0.030395508,76545.22
1189,34937.516,35604.78,1.3242392e+07,0.02956543,165847.62
1190,31339.9,35178.293,1.3555181e+07,0.0298584,33432.906
1191,31829.012,34843.363,1.3209255e+07,0.03453369,36708.445
1192,44381.78,35797.203,2.0076656e+07,0.03487549,298877.47
1193,31047.334,35322.215,2.0099504e+07,0.035827637,37317.254
1194,32386.5,35028.645,1.886521e+07,0.036328126,106618.32
1195,41837.465,35709.527,2.1151092e+07,0.037841797,339662.88
1196,30883.828,35226.957,2.1131846e+07,0.037902832,39679.258
1197,30761.826,34780.445,2.0813026e+07,0.037731934,31584.12
1198,39724.65,35274.867,2.0931786e+07,0.03737793,296548.1
1199,33658.367,35113.22,1.9073784e+07,0.03817139,150313.89
1200,29665.629,34568.46,1.9837266e+07,0.03765869,20607.139
1201,31001.559,34211.77,1.899859e+07,0.043371584,48797.973
1202,29551.379,33745.73,1.9053462e+07,0.04345703,22612.021
1203,29293.18,33300.477,1.8932384e+07,0.044873048,16413.705
1204,36824.36,33652.863,1.8156744e+07,0.045788575,222696.94
1205,45866.54,34874.23,2.9766718e+07,0.04572754,446419.34
1206,31159.383,34502.746,2.8032054e+07,0.045532227,64329.34
1207,33442.84,34396.754,2.5329954e+07,0.04836426,183274.47
1208,33016.55,34258.734,2.2968404e+07,0.04770508,144979.97
1209,31473.543,33980.215,2.136972e+07,0.046069335,65453.39
1210,31699.48,33752.14,1.9700904e+07,0.049523927,70049.59
1211,32400.988,33617.023,1.7895118e+07,0.0513916,72278.45
1212,32760.008,33531.32,1.6171709e+07,0.051501464,94802.08
1213,35716.617,33749.85,1.4984335e+07,0.0510376,208706.25
1214,36292.695,34004.137,1.4067846e+07,0.04975586,223883.88
1215,30023.664,33606.09,1.4087035e+07,0.047570802,31129.814
1216,30096.895,33255.17,1.3786632e+07,0.04935303,32087.395
1217,29859.72,32915.625,1.3445587e+07,0.047814943,33920.01
1218,29874.09,32611.47,1.2933613e+07,0.048547365,33002.87
1219,31593.297,32509.652,1.1733553e+07,0.049084473,80462.01
1220,39887.113,33247.4,1.5458621e+07,0.051538087,298610.66
1221,30109.879,32933.65,1.4798721e+07,0.05581055,45854.49
1222,29405.633,32580.848,1.4439069e+07,0.057275392,37050.363
1223,29357.691,32258.531,1.3930148e+07,0.05966797,29637.969
1224,30762.516,32108.93,1.2738558e+07,0.059887696,69675.21
1225,29328.18,31830.855,1.2160633e+07,0.062597655,33229.363
1226,29335.465,31581.316,1.1504997e+07,0.06221924,47995.973
1227,30022.93,31425.479,1.0573068e+07,0.06303711,63129.94
1228,32570.402,31539.97,9.633737e+06,0.06490479,121012.78
1229,39044.234,32290.396,1.373862e+07,0.06463623,270092.28
1230,30293.637,32090.72,1.2723592e+07,0.06633301,51317.39
1231,33354.56,32217.105,1.1594989e+07,0.069885254,107670.8
1232,29898.906,31985.285,1.0919154e+07,0.06954346,52106.195
1233,28193.484,31606.105,1.1121236e+07,0.069885254,21081.271
1234,28291.121,31274.607,1.0998133e+07,0.070092775,40182.945
1235,27596.91,30906.838,1.1115611e+07,0.071301274,13233.695
1236,27205.25,30536.68,1.1237207e+07,0.07225342,8388.938
1237,27234.896,30206.502,1.1094645e+07,0.07172852,8066.8257
1238,27315.098,29917.361,1.07376e+07,0.070617676,14064.694
1239,27816.666,29707.291,1.0061003e+07,0.07365723,23783.654
1240,28294.23,29565.984,9.234609e+06,0.07824707,41143.047
1241,29566.594,29566.045,8.311148e+06,0.083630376,126161.55
1242,31195.14,29728.955,7.7188885e+06,0.08496094,114568.125
1243,34726.695,30228.729,9.194966e+06,0.08673096,227525.86
1244,27530.107,29958.867,8.9309e+06,0.08322754,21489.936
1245,27928.834,29755.863,8.408703e+06,0.08461914,55722.613
1246,29698.523,29750.129,7.5681285e+06,0.086401366,88455.71
1247,33596.79,30134.795,8.143027e+06,0.08673096,334930.16
1248,34354.17,30556.732,8.931007e+06,0.08774414,335541.56
1249,36562.555,31157.314,1.1284197e+07,0.08852539,409973.97
1250,27977.902,30839.373,1.1065556e+07,0.0887085,65861.266
1251,26614.059,30416.842,1.1565795e+07,0.09438477,14884.762
1252,27810.543,30156.21,1.1020566e+07,0.097399905,67068.26
1253,28062.355,29946.826,1.031309e+07,0.09884033,95165.445
1254,26488.162,29600.959,1.0358393e+07,0.09790039,23072.045
1255,26026.938,29243.557,1.047218e+07,0.099084474,12996.531
1256,28677.104,29186.912,9.45384e+06,0.09987793,76928.5
1257,28597.645,29127.984,8.539707e+06,0.101428226,85088.61
1258,29398.041,29154.99,7.6923e+06,0.100903325,151458.97
1259,30540.81,29293.572,7.095915e+06,0.10275879,174706.58
1260,28059.734,29170.188,6.5233355e+06,0.102026366,120419.445
1261,25699.31,28823.1,6.9552305e+06,0.10932618,12109.53
1262,25419.238,28482.713,7.302472e+06,0.11187744,8412.882
1263,25845.992,28219.041,7.197931e+06,0.115075685,21578.682
1264,27503.684,28147.506,6.524194e+06,0.11584473,93978.414
1265,29361.707,28268.926,6.00446e+06,0.11912842,146142.1
1266,25734.055,28015.44,5.982315e+06,0.11999512,29786.385
1267,24945.867,27708.482,6.232088e+06,0.117651366,8683.3955
1268,24828.686,27420.502,6.3552695e+06,0.12277832,10279.329
1269,24723.756,27150.828,6.374262e+06,0.12606202,7907.0356
1270,24597.562,26895.502,6.3235605e+06,0.1288208,8966.176
1271,24643.205,26670.271,6.14776e+06,0.13806152,10606.009
1272,27816.49,26784.893,5.6512275e+06,0.14210205,113839.98
1273,25144.07,26620.81,5.3284115e+06,0.14274903,27074.615
1274,24622.768,26421.006,5.154866e+06,0.14151612,14091.779
1275,25548.328,26333.738,4.70792e+06,0.13951416,35713.973
1276,24337.506,26134.115,4.595773e+06,0.14119874,13177.081
1277,25454.992,26066.203,4.1777045e+06,0.14331055,43604.805
1278,23953.117,25854.895,4.1617958e+06,0.14350586,4237.16
1279,24425.096,25711.914,3.929605e+06,0.14421387,17572.76
1280,24331.352,25573.857,3.7081802e+06,0.14970703,18475.35
1281,26104.516,25626.924,3.362706e+06,0.15817872,113452.47
1282,23875.414,25451.773,3.3025362e+06,0.15812989,9064.763
1283,23863.041,25292.9,3.1994488e+06,0.16171876,13359.144
1284,23557.328,25119.344,3.150603e+06,0.16409913,7413.4106
1285,24232.088,25030.617,2.9063928e+06,0.16684571,26664.754
1286,23552.246,24882.78,2.8124555e+06,0.17181396,13248.387
1287,23046.938,24699.195,2.8345382e+06,0.17354737,1939.1028
1288,23024.0,24531.676,2.8036495e+06,0.17867433,3061.0872
1289,22826.754,24361.184,2.784893e+06,0.18115234,1882.0535
1290,22715.465,24196.611,2.7501588e+06,0.18602295,1662.5367
1291,22769.467,24053.896,2.6584498e+06,0.19467774,4222.469
1292,22574.8,23905.986,2.5895e+06,0.19826661,3476.0977
1293,22646.64,23780.05,2.4732858e+06,0.20385742,5414.6953
1294,22492.021,23651.248,2.375269e+06,0.20701905,2536.9797
1295,22792.16,23565.34,2.204165e+06,0.20732422,10895.674
1296,23869.725,23595.777,1.992087e+06,0.20804444,49556.836
1297,26825.918,23918.791,2.7319212e+06,0.21044922,169190.98
1298,24856.219,24012.533,2.5378182e+06,0.20865479,65625.43
1299,22529.492,23864.229,2.4819832e+06,0.2046875,5106.2383
1300,22450.516,23722.857,2.4136575e+06,0.2112915,8058.747
1301,22211.404,23571.713,2.3778958e+06,0.22357178,2459.3853
1302,21999.574,23414.5,2.362552e+06,0.22723389,1365.627
1303,22127.094,23285.76,2.275464e+06,0.23143311,6155.672
1304,22882.86,23245.469,2.062527e+06,0.23637696,23298.09
1305,21980.846,23119.006,2.0002088e+06,0.23931885,5928.6587
1306,22020.875,23009.193,1.9087181e+06,0.23951416,10217.574
1307,22654.086,22973.684,1.7291954e+06,0.2390625,27583.896
1308,21953.477,22871.662,1.6499499e+06,0.24104004,5784.6846
1309,29489.54,23533.45,5.4266215e+06,0.24726562,339070.97
1310,21953.418,23375.445,5.108644e+06,0.24710694,9332.293
1311,22288.309,23266.732,4.7041475e+06,0.25755617,18473.182
1312,24953.324,23435.39,4.4897455e+06,0.25687256,135766.05
1313,21947.36,23286.588,4.240052e+06,0.25804445,12790.582
1314,21614.34,23119.363,4.067724e+06,0.2590576,2963.2456
1315,21539.4,22961.367,3.8856172e+06,0.26042482,2323.233
1316,21487.79,22814.01,3.6924842e+06,0.26381835,2696.6357
1317,25824.012,23115.01,4.1386458e+06,0.26922607,189268.97
1318,21632.219,22966.73,3.9226612e+06,0.2666626,5106.607
1319,24825.992,23152.656,3.8415118e+06,0.26879883,152113.08
1320,21425.918,22979.982,3.7257068e+06,0.26590577,2490.0635
1321,21336.72,22815.656,3.596164e+06,0.27664796,2026.3291
1322,21424.64,22676.555,3.4106908e+06,0.27873537,5760.2188
1323,21451.383,22554.037,3.2047158e+06,0.2852173,6625.075
1324,21233.652,22421.998,3.0411515e+06,0.28493652,2461.685
1325,23651.889,22544.986,2.873173e+06,0.28876954,108277.64
1326,21393.28,22429.816,2.7052342e+06,0.28884277,7705.097
1327,21361.693,22323.004,2.5373908e+06,0.29003906,5285.8667
1328,21667.621,22257.465,2.322309e+06,0.28947756,19250.95
1329,23001.117,22331.83,2.1398498e+06,0.2892456,58455.832
1330,21151.545,22213.8,2.0512412e+06,0.28564453,2892.003
1331,21314.6,22123.88,1.9188878e+06,0.29958495,8120.681
1332,21732.984,22084.791,1.7407509e+06,0.2999878,24949.195
1333,21142.65,21990.576,1.6465624e+06,0.2997925,4760.834
1334,21545.785,21946.098,1.4997116e+06,0.30460206,21109.826
1335,24489.555,22200.443,1.931966e+06,0.3050293,155986.47
1336,21156.5,22096.049,1.8368529e+06,0.3037842,5683.2104
1337,21153.195,22001.764,1.7331751e+06,0.30510256,7877.811
1338,21144.906,21916.078,1.625936e+06,0.30209962,10697.148
1339,20977.334,21822.203,1.542654e+06,0.3011841,6239.081
1340,21068.88,21746.871,1.4394631e+06,0.30448,6430.223
1341,20987.068,21670.89,1.3474738e+06,0.3088379,6554.89
1342,20935.053,21597.307,1.2614575e+06,0.31062013,5274.846
1343,20792.803,21516.855,1.1935621e+06,0.31843263,1863.6882
1344,20739.762,21439.146,1.1285546e+06,0.31838378,1779.276
1345,20897.617,21384.994,1.042092e+06,0.3210205,11373.687
1346,20910.324,21337.527,958160.8,0.32613525,6311.015
1347,21132.219,21316.996,866138.4,0.32469484,14334.363
1348,25988.352,21784.13,2.743465e+06,0.3239502,239947.2
1349,20919.92,21697.709,2.5363358e+06,0.32198486,9368.702
1350,20595.158,21587.453,2.3921078e+06,0.3237793,1262.9143
1351,20649.754,21493.684,2.232032e+06,0.3300293,1754.2769
1352,20561.312,21400.447,2.0870671e+06,0.32835695,990.9235
1353,20561.84,21316.586,1.9416539e+06,0.33222657,1399.8284
1354,20867.047,21271.633,1.7656761e+06,0.33529052,11384.176
1355,20610.016,21205.47,1.6285049e+06,0.3369751,3248.6575
1356,20730.434,21157.967,1.4859638e+06,0.3372925,8312.421
1357,20467.086,21088.879,1.3803258e+06,0.33902588,964.4332
1358,20470.156,21027.006,1.2767468e+06,0.34279785,1508.2815
1359,20568.396,20981.145,1.1680011e+06,0.34705812,5738.0
1360,20447.236,20927.754,1.0768561e+06,0.34473878,1019.0563
1361,24064.203,21241.398,1.8545288e+06,0.3505127,156788.45
1362,20541.4,21171.398,1.7131756e+06,0.3444458,3195.3872
1363,20590.527,21113.31,1.572225e+06,0.3486084,6467.4883
1364,20429.672,21044.947,1.457065e+06,0.3505005,1981.1887
1365,20452.395,20985.691,1.3429591e+06,0.3486084,2487.042
1366,20418.672,20928.99,1.2375992e+06,0.3543457,2338.4365
1367,20385.82,20874.674,1.1403924e+06,0.35428467,1648.1953
1368,20330.918,20820.299,1.0529634e+06,0.35585937,911.8301
1369,20314.992,20769.768,970647.2,0.3570923,1165.2332
1370,20321.621,20724.953,891657.6,0.3609253,1639.4456
1371,20312.836,20683.742,817777.5,0.3642334,2209.898
1372,21014.207,20716.79,745828.4,0.36607668,31880.752
1373,20709.469,20716.057,671250.4,0.36302492,18545.041
1374,20350.482,20679.5,616153.3,0.36242676,2968.558
1375,20407.113,20652.262,561215.44,0.3656006,5186.9985
1376,20218.848,20608.92,522000.16,0.3695801,1132.4108
1377,20432.14,20591.242,472612.72,0.36586913,11164.346
1378,20173.12,20549.43,441085.84,0.36975098,807.3517
1379,20147.91,20509.277,411486.84,0.37104493,755.60205
1380,20225.23,20480.873,377599.56,0.3756836,1783.027
1381,20504.27,20483.213,339888.88,0.37800294,9456.383
1382,20219.098,20456.8,312178.1,0.37769777,2065.4717
1383,20353.352,20446.455,281923.44,0.37713623,5085.7886
1384,20356.305,20437.44,254462.53,0.3754761,5536.592
1385,20215.264,20415.223,233458.86,0.37293702,1771.0239
1386,20324.998,20406.2,210845.61,0.37384033,5725.855
1387,20552.066,20420.785,191675.98,0.36999512,14854.238
1388,20140.148,20392.72,179596.52,0.3697876,1114.0505
1389,20754.48,20428.896,173415.17,0.37564698,27726.457
1390,20396.094,20425.617,156170.5,0.37312013,6092.741
1391,20136.91,20396.746,148055.1,0.376062,1218.4495
1392,20411.969,20398.268,133270.44,0.38128662,12371.454
1393,20153.82,20373.822,125321.3,0.377417,1732.5905
1394,20346.215,20371.062,112857.76,0.37645265,7025.5234
1395,22268.514,20560.809,425600.84,0.3761963,91149.01
1396,20174.662,20522.193,396460.56,0.37613526,3305.3967
1397,20102.91,20480.266,372636.34,0.37960204,1502.3336
1398,20244.68,20456.707,340367.75,0.38061523,8362.126
1399,20095.63,20420.6,318064.8,0.37718508,2163.497
1400,20208.174,20399.357,290319.53,0.37888184,5981.7
1401,20448.047,20404.227,261500.92,0.38023683,11884.423
1402,20051.082,20368.912,246574.83,0.37614748,1552.0173
1403,20013.227,20333.344,233303.44,0.38430175,820.64886
1404,19995.66,20299.576,220235.8,0.38414308,596.33136
1405,19999.52,20269.57,206315.28,0.38288575,875.471
1406,19963.982,20239.012,194088.3,0.38814697,741.182
1407,19979.236,20213.035,180752.95,0.39066163,1593.6025
1408,20027.387,20194.47,165779.53,0.39067385,2196.4
1409,21304.008,20305.424,259998.1,0.39089355,57171.43
1410,25450.244,20819.906,2.616224e+06,0.38837892,247914.6
1411,20036.635,20741.578,2.409818e+06,0.3850952,3633.6829
1412,19928.348,20660.256,2.2283572e+06,0.39174804,1060.7217
1413,19939.043,20588.135,2.0523348e+06,0.39293215,1483.5956
1414,19938.633,20523.184,1.885068e+06,0.39313966,1854.2933
1415,19979.277,20468.793,1.7231862e+06,0.3925049,3246.154
1416,20131.43,20435.057,1.5611109e+06,0.3925049,6146.2793
1417,20004.92,20392.043,1.4216514e+06,0.39265138,4138.7656
1418,20077.738,20360.613,1.2883771e+06,0.3906494,6938.3193
1419,20203.14,20344.865,1.1617711e+06,0.38603517,10487.328
1420,19959.867,20306.365,1.0589341e+06,0.3873535,1737.7295
1421,20537.22,20329.451,957837.1,0.38829347,25897.955
1422,20011.754,20297.682,871137.2,0.38381347,4167.533
1423,19919.406,20259.854,796901.75,0.38763428,1667.8988
1424,19974.21,20231.29,724554.8,0.38551027,3864.2478
1425,19884.512,20196.611,662922.2,0.39035645,1730.2587
1426,19845.066,20161.457,607752.5,0.39420167,1133.2921
1427,19812.477,20126.559,557938.1,0.3962036,721.09393
1428,19843.68,20098.271,509346.16,0.39794922,1526.7535
1429,19889.969,20077.441,462316.62,0.3989136,4508.527
1430,19768.656,20046.562,424666.28,0.40177003,574.3149
1431,20248.719,20066.777,385877.7,0.40791017,20833.768
1432,19884.516,20048.55,350279.66,0.40065917,2443.982
1433,19882.28,20031.924,317739.84,0.4051636,2914.7847
1434,20757.973,20104.53,333409.06,0.40506592,30395.504
1435,19888.281,20082.904,304276.84,0.39812014,4470.5566
1436,19763.246,20050.938,283045.47,0.40389404,502.58536
1437,19758.596,20021.703,262432.66,0.40579835,1033.5812
1438,20446.637,20064.197,252440.55,0.4097534,31769.246
1439,19754.127,20033.19,235849.4,0.40169677,688.4986
1440,19756.264,20005.496,219166.36,0.405542,1038.9562
1441,20293.43,20034.29,204711.23,0.4103882,26239.787
1442,19782.355,20009.096,189952.45,0.4058716,1675.455
1443,22324.377,20240.623,653404.6,0.41033936,108170.51
1444,19839.238,20200.484,602564.06,0.4022095,4057.3882
1445,19902.934,20170.729,550275.9,0.40895995,5835.6997
1446,19763.781,20130.033,510152.84,0.4076294,1944.0437
1447,19753.83,20092.412,471875.16,0.40802002,1704.83
1448,19786.363,20061.807,433117.56,0.4036133,2200.9001
1449,19769.682,20032.594,397486.12,0.40837404,3154.9255
1450,19801.84,20009.518,362529.78,0.40965578,3068.7175
1451,19789.207,19987.486,330645.12,0.41242677,2399.961
1452,19709.377,19959.676,304541.62,0.406543,655.8327
1453,19659.652,19929.674,282188.72,0.41636965,422.6633
1454,19661.248,19902.832,260454.56,0.41899416,448.46124
1455,19687.637,19881.312,238576.92,0.4163452,1261.6548
1456,19665.133,19859.695,218925.25,0.41771242,462.1193
1457,19672.055,19840.932,200201.53,0.41722414,511.30872
1458,19670.586,19823.896,182792.97,0.41529542,703.4653
1459,19687.56,19810.264,166186.55,0.4140381,969.92804
1460,19663.67,19795.604,151501.95,0.41407472,886.6902
1461,20120.684,19828.111,145862.69,0.42023927,21302.81
1462,19703.945,19815.695,132663.97,0.41273195,2049.1406
1463,19836.746,19817.8,119437.45,0.413208,7504.4136
1464,19717.604,19807.781,108397.266,0.41651613,1755.6471
1465,19668.748,19793.879,99297.26,0.41269532,571.8483
1466,19682.082,19782.7,90492.4,0.41799316,1712.1602
1467,19622.957,19766.725,83739.74,0.42302248,514.22833
1468,19627.105,19752.762,77120.18,0.42399904,527.7356
1469,19616.203,19739.105,71086.51,0.42718506,448.46927
1470,19620.434,19727.238,65245.33,0.42407227,853.09906
1471,19699.662,19724.48,58789.234,0.42717287,3191.3535
1472,19619.234,19713.955,53907.22,0.42368165,689.47235
1473,19706.258,19713.186,48521.83,0.42694092,3439.0527
1474,20412.96,19783.164,87741.35,0.42834473,31190.742
1475,19726.242,19777.473,79258.82,0.42227784,4508.124
1476,19849.955,19784.72,71805.766,0.42678222,9206.522
1477,19592.525,19765.502,67949.7,0.4272217,460.2154
1478,19583.277,19747.28,64143.25,0.42972413,425.56387
1479,19578.71,19730.422,60286.3,0.43394777,664.6689
1480,19576.152,19714.994,56399.59,0.43598634,481.52457
1481,19602.984,19703.793,51888.785,0.43861085,1290.8334
1482,19663.012,19699.715,46849.586,0.43570557,2796.0159
1483,19600.285,19689.771,43054.39,0.43283692,795.74426
1484,19583.809,19679.176,39759.48,0.43669435,748.87384
1485,19644.99,19675.758,35888.707,0.4369873,3080.1152
1486,19598.428,19668.025,32838.027,0.43323976,1300.6919
1487,19681.902,19669.414,29571.557,0.434021,4593.154
1488,19616.855,19664.158,26863.016,0.43211672,1537.219
1489,19591.816,19656.924,24647.715,0.43168947,767.23816
1490,19560.453,19647.277,23020.537,0.43170166,487.09576
1491,19608.732,19643.422,20852.195,0.43276367,1536.0005
1492,19566.309,19635.71,19302.156,0.43745118,546.6572
1493,19605.617,19632.701,17453.447,0.438208,1550.4133
1494,19924.758,19661.906,23384.84,0.43663332,14607.757
1495,20288.762,19724.592,56411.652,0.43305665,27917.457
1496,19579.42,19710.074,52667.227,0.42910156,585.99384
1497,19668.27,19705.895,47557.79,0.43356934,4344.905
1498,19614.48,19696.754,43554.098,0.4329834,1231.1155
1499,19693.816,19696.46,39199.465,0.43126222,4256.7856
1500,19574.418,19684.256,36620.023,0.43482667,773.13025
1501,19568.14,19672.645,34171.465,0.4373291,749.0636
1502,19903.07,19695.688,35532.96,0.43272707,15480.644
1503,20010.674,19727.186,40909.14,0.43513185,17320.578
1504,19573.996,19711.867,38930.254,0.43347168,754.844
1505,20444.828,19785.164,83388.086,0.43256837,38982.28
1506,19742.842,19780.932,75210.484,0.42821047,7562.6616
1507,19952.654,19798.104,70343.414,0.43480226,18850.426
1508,19857.482,19804.041,63626.4,0.43425295,14109.638
1509,19568.508,19780.488,62256.586,0.4367554,617.2154
1510,19545.148,19756.955,61015.562,0.4355347,476.86188
1511,19531.59,19734.418,59485.055,0.4364136,426.74225
1512,19568.14,19717.791,56024.883,0.43789062,1337.3694
1513,19553.596,19701.371,52848.805,0.43865967,900.75934
1514,19527.383,19683.973,50288.395,0.43847656,445.53418
1515,19531.988,19668.773,47338.49,0.43962404,813.7187
1516,19848.658,19686.762,45516.906,0.4442505,15359.281
1517,19518.326,19669.918,43518.562,0.44064942,476.33368
1518,19513.1,19654.236,41379.984,0.4451294,533.82446
1519,19849.4,19673.752,40669.996,0.43986818,14285.175
1520,19531.0,19659.477,38437.027,0.44176027,600.2584
1521,19551.273,19648.656,35647.04,0.43839112,763.66705
1522,19535.34,19637.324,33237.992,0.43458253,704.43036
1523,19565.348,19630.127,30380.45,0.4383789,1014.16174
1524,19623.3,19629.445,27346.598,0.436792,3283.6729
1525,19756.316,19642.133,26060.602,0.4374756,10104.567
1526,19605.39,19638.459,23576.04,0.43151855,2342.0176
1527,19703.111,19644.924,21594.627,0.43293458,7377.1865
1528,19557.793,19636.21,20118.424,0.43323976,1793.462
1529,19530.898,19625.68,19104.746,0.4319214,637.8201
1530,19502.043,19613.316,18570.014,0.43878174,367.182
1531,19509.348,19602.92,17685.867,0.4399658,355.01602
1532,19515.55,19594.184,16604.283,0.43764648,533.6366
1533,19504.695,19585.234,15664.588,0.44057617,512.8172
1534,19502.766,19576.988,14710.228,0.44476318,383.41104
1535,19525.686,19571.857,13476.082,0.44462892,1516.0452
1536,19491.857,19563.857,12704.474,0.445105,450.37723
1537,19571.92,19564.664,11439.876,0.4423462,2114.389
1538,19510.156,19559.213,10563.287,0.44468996,417.40717
1539,19511.133,19554.404,9715.01,0.4459839,1002.86237
1540,19566.043,19555.568,8755.7,0.44432375,2976.568
1541,19516.662,19551.678,8016.3633,0.4445679,1012.8015
1542,19507.79,19547.29,7388.086,0.4444092,598.33954
1543,19556.115,19548.172,6656.288,0.44349366,2164.6504
1544,19588.572,19552.21,6137.5566,0.44074708,2546.2058
1545,19502.666,19547.256,5744.7236,0.44038087,440.5534
1546,19517.934,19544.324,5247.633,0.4447754,554.497
1547,20650.416,19654.934,114832.39,0.44067383,51739.08
1548,19496.145,19639.055,105618.41,0.43990478,392.51654
1549,19499.379,19625.088,96812.4,0.44360352,719.2908
1550,19669.076,19629.486,87305.305,0.4449341,7657.091
1551,19579.318,19624.469,78801.28,0.43997803,3352.613
1552,19545.69,19616.59,71479.7,0.43811035,1944.417
1553,19522.402,19607.172,65130.145,0.43514404,703.43695
1554,19497.676,19596.223,59696.176,0.43968508,1011.09753
1555,19520.807,19588.682,54238.438,0.44368896,1110.247
1556,19521.13,19581.926,49225.273,0.44774172,1078.6364
1557,19495.754,19573.309,44971.047,0.44034424,489.90854
1558,19493.68,19565.346,41044.613,0.44627687,500.10226
1559,19521.2,19560.932,37115.55,0.44556886,1241.9318
1560,19508.676,19555.707,33649.754,0.43929443,1006.97565
1561,19481.68,19548.305,30777.98,0.44537354,596.6185
1562,19468.707,19540.346,28270.402,0.44921875,368.101
1563,19461.172,19532.428,26007.525,0.44904786,341.11206
1564,19482.84,19527.469,23628.078,0.44541016,351.07584
1565,19509.59,19525.682,21294.04,0.44415283,923.72504
1566,19490.72,19522.186,19274.639,0.4435791,613.5889
1567,19486.143,19518.582,17464.094,0.4442749,440.8207
1568,19608.96,19527.62,16452.834,0.44036865,5477.1216
1569,19511.555,19526.012,14830.776,0.44152832,1271.128
1570,19482.738,19521.684,13516.231,0.44218752,488.7091
1571,19490.922,19518.607,12249.773,0.442334,1004.77057
1572,19468.625,19513.61,11249.638,0.44711915,415.06534
1573,19476.473,19509.896,10248.796,0.44647217,459.94067
1574,19490.916,19507.998,9256.339,0.44387206,829.97705
1575,19489.107,19506.11,8362.821,0.44155273,577.9093
1576,19497.338,19505.232,7533.464,0.4472168,503.9912
1577,19489.21,19503.63,6803.219,0.44195557,403.95035
1578,19474.137,19500.682,6201.1885,0.4425171,413.30518
1579,19472.102,19497.824,5654.5835,0.4457886,386.9252
1580,19469.07,19494.95,5163.5356,0.4466919,400.46887
1581,19472.652,19492.719,4691.9253,0.4419922,562.3976
1582,19473.922,19490.84,4254.5312,0.44716796,776.1185
1583,19469.486,19488.705,3870.1155,0.4517456,640.3461
1584,19466.965,19486.531,3525.641,0.45407715,826.89545
1585,19474.37,19485.314,3186.3894,0.45441896,602.6234
1586,19512.434,19488.027,2933.9407,0.4475586,2632.2463
1587,19461.895,19485.414,2702.0098,0.4494873,509.4419
1588,19451.41,19482.014,2535.8726,0.45166016,331.9783
1589,19464.656,19480.277,2309.4004,0.45063478,461.87943
1590,19439.537,19476.203,2227.839,0.44992676,379.38382
1591,19454.004,19473.982,2049.4077,0.45316163,464.60513
1592,19465.371,19473.121,1851.1409,0.4501587,394.73502
1593,19457.477,19471.557,1688.0543,0.4492798,432.81125
1594,19482.307,19472.63,1529.6495,0.44764405,687.7752
1595,19481.404,19473.508,1383.612,0.44603273,1048.6989
1596,19457.797,19471.938,1267.4658,0.45023194,519.58716
1597,19447.213,19469.465,1195.7368,0.45041505,356.05014
1598,19497.36,19472.254,1146.1926,0.45042726,2186.564
1599,19494.906,19474.52,1077.7549,0.4468506,1898.1393
1600,23047.902,19831.857,1.1501858e+06,0.45043945,160448.16
1601,19477.09,19796.38,1.04649456e+06,0.4418579,792.78595
1602,19463.605,19763.104,951811.6,0.4446167,395.73743
1603,19444.82,19731.275,865747.8,0.44749758,352.44455
1604,19607.027,19718.852,780562.4,0.44995117,7207.069
1605,19491.102,19696.076,707174.44,0.44819337,1372.9801
1606,19586.518,19685.121,637537.25,0.4473633,5673.1177
1607,19495.525,19666.162,577018.7,0.43686524,1861.3126
1608,19466.244,19646.17,522913.88,0.4453369,594.05566
1609,20526.941,19734.246,540440.75,0.44594726,48436.31
1610,19471.34,19707.955,492617.47,0.44052735,590.0686
1611,19461.018,19683.262,448843.75,0.4439331,679.28723
1612,19481.703,19663.105,407615.7,0.45043945,900.2993
1613,19455.668,19642.361,370726.84,0.44768068,447.94876
1614,19445.17,19622.643,337153.75,0.4477051,338.42502
1615,19467.633,19607.14,305600.9,0.44934082,1225.351
1616,19427.457,19589.172,277946.56,0.446167,341.29977
1617,19423.57,19572.611,252620.03,0.4529175,402.32404
1618,19437.281,19559.078,229006.3,0.45507812,323.0195
1619,19443.459,19547.516,207308.77,0.45285645,384.48395
1620,20218.367,19614.602,227081.66,0.45144042,34757.258
1621,19532.213,19606.363,204984.4,0.44466552,3218.0017
1622,19460.438,19591.771,186402.45,0.443042,599.7538
1623,19484.781,19581.072,168792.42,0.44385988,1649.4435
1624,19481.06,19571.07,152813.39,0.44136962,1747.3595
1625,19427.887,19556.752,139377.19,0.4477539,347.60672
1626,19439.453,19545.021,126677.78,0.45334473,416.9044
1627,19459.832,19536.502,114663.16,0.450708,1040.0652
1628,19438.473,19526.7,104061.72,0.44654542,346.68887
1629,19438.748,19517.904,94351.73,0.45108643,335.34518
1630,19430.945,19509.209,85597.12,0.45371094,291.52896
1631,19428.943,19501.182,77617.234,0.4526123,389.4259
1632,19544.297,19505.492,70022.81,0.45249024,3762.5327
1633,19443.164,19499.26,63370.16,0.44979247,650.3336
1634,19434.107,19492.744,57415.18,0.45220947,650.81934
1635,19438.133,19487.283,51942.074,0.45286867,355.07236
1636,19447.525,19483.307,46890.125,0.45249024,547.5103
1637,19477.809,19482.758,42203.832,0.4506592,1366.4176
1638,19466.559,19481.139,38007.066,0.44816896,626.43164
1639,19465.7,19479.594,34227.812,0.44941407,908.54504
1640,19484.969,19480.13,30807.633,0.45163575,1807.556
1641,19439.098,19476.027,27878.404,0.44659424,349.97668
1642,19430.719,19471.496,25275.322,0.4475708,336.47794
1643,19436.07,19467.953,22860.738,0.4461792,370.90375
1644,19431.332,19464.291,20695.363,0.4456055,314.40833
1645,19419.621,19459.824,18805.414,0.45286867,305.09824
1646,19438.227,19457.664,16966.854,0.45078126,377.23547
1647,19427.9,19454.688,15349.896,0.45010987,479.076
1648,19450.344,19454.254,13816.6045,0.45090333,450.28662
1649,19794.82,19488.31,22873.637,0.4466675,10504.309
1650,19554.566,19494.936,20981.36,0.43447265,3085.4116
1651,19454.559,19490.898,19029.95,0.44117433,505.24057
1652,19455.002,19487.309,17242.924,0.44570312,432.187
1653,19444.533,19483.031,15683.307,0.44893798,404.90625
1654,19449.402,19479.668,14216.758,0.45166016,526.9372
1655,19429.01,19474.602,13026.044,0.4506958,339.22415
1656,19429.408,19470.082,11907.259,0.45244142,381.50125
1657,19426.93,19465.768,10884.124,0.45009765,356.96136
1658,19432.24,19462.414,9896.879,0.44792482,588.95264
1659,19458.385,19462.012,8908.651,0.45087892,728.2031
1660,19443.746,19460.186,8047.813,0.45046386,638.83734
1661,19465.352,19460.703,7245.4336,0.456604,1795.1755
1662,19430.725,19457.705,6601.774,0.45449218,668.25
1663,19447.332,19456.668,5951.281,0.45498046,1186.9601
1664,19433.746,19454.375,5403.4395,0.45722657,575.3941
1665,19420.64,19451.002,4965.516,0.45562744,347.86435
1666,19423.125,19448.215,4538.906,0.4550171,316.31277
1667,19428.72,19446.266,4119.217,0.45072022,446.32285
1668,19451.207,19446.76,3709.4927,0.4501953,757.7337
1669,19470.668,19449.15,3389.9875,0.4493164,2316.424
1670,19418.75,19446.11,3134.1653,0.45510253,402.00797
1671,19413.668,19442.865,2915.4685,0.45628664,555.9955
1672,19405.703,19439.148,2748.2136,0.45698243,293.4079
1673,19412.828,19436.516,2535.7405,0.46101075,346.2299
1674,19435.41,19436.404,2282.2764,0.45822755,475.34695
1675,19429.275,19435.691,2058.6226,0.45356447,399.81854
1676,19414.105,19433.533,1894.6959,0.4513672,338.58737
1677,19437.506,19433.93,1706.6467,0.46156007,933.1689
1678,19426.84,19433.22,1540.506,0.45665285,460.57697
1679,19446.91,19434.59,1403.3214,0.453833,1168.4711
1680,19418.863,19433.018,1285.2484,0.45216066,391.697
1681,19423.621,19432.078,1164.6699,0.45513916,420.7255
1682,19437.484,19432.62,1050.8334,0.45386964,648.09155
1683,19425.238,19431.88,950.653,0.45133057,365.69296
1684,19420.377,19430.73,867.4983,0.45389405,473.86975
1685,19505.582,19438.215,1284.9965,0.4543213,3449.5857
1686,19957.3,19490.123,25407.016,0.45706788,24658.002
1687,19410.28,19482.139,23440.064,0.4550293,385.56302
1688,19412.332,19475.158,21534.625,0.46051025,454.82803
1689,19420.508,19469.693,19649.96,0.45960695,685.74805
1690,20083.123,19531.037,51551.6,0.46030274,30354.607
1691,19446.297,19522.562,47042.723,0.45670167,1197.8438
1692,19422.398,19512.547,43241.406,0.4541626,483.72382
1693,19419.879,19503.28,39690.125,0.45345458,384.8729
1694,19430.668,19496.018,36195.63,0.45739746,838.3474
1695,19409.479,19487.363,33250.08,0.4547119,300.71393
1696,19410.172,19479.645,30461.336,0.45654297,377.8689
1697,19416.805,19473.361,27770.598,0.4546753,317.79114
1698,19421.543,19468.18,25235.2,0.44776613,420.49814
1699,19435.96,19464.957,22805.104,0.4543457,551.3958
1700,19432.998,19461.762,20616.516,0.4503296,421.2819
1701,19415.715,19457.156,18745.691,0.45114747,298.8353
1702,19409.52,19452.393,17075.355,0.45507812,292.39627
1703,19414.754,19448.629,15495.319,0.45560303,267.32465
1704,19416.154,19445.38,14040.701,0.4567871,339.84723
1705,19436.646,19444.508,12643.497,0.45523682,751.2263
1706,19417.47,19441.805,11444.9375,0.44749758,296.01807
1707,19428.547,19440.479,10316.263,0.45307618,498.12265
1708,19418.203,19438.25,9329.293,0.45125732,456.72366
1709,19401.586,19434.584,8517.347,0.4536377,327.32187
1710,19411.723,19432.297,7712.649,0.45338136,343.2802
1711,19404.734,19429.541,7009.7563,0.4541504,272.52322
1712,19413.207,19427.908,6332.7925,0.45513916,316.55148
1713,19395.69,19424.686,5792.9375,0.45456544,362.2814
1714,19407.344,19422.951,5240.71,0.4569214,574.1141
1715,19419.406,19422.598,4717.77,0.45653078,507.04642
1716,19498.84,19430.223,4769.1514,0.45181885,3119.4353
1717,19413.557,19428.557,4317.234,0.44832763,363.04855
1718,19415.723,19427.273,3900.3345,0.44901124,317.73486
1719,19408.734,19425.42,3541.2336,0.45498046,359.5305
1720,19420.902,19424.969,3188.9468,0.45723876,429.92654
1721,21198.844,19602.355,286066.97,0.45646974,81290.69
1722,19443.357,19586.455,259735.5,0.44812012,1282.8348
1723,19417.465,19569.557,236332.14,0.45122072,537.7794
1724,19413.66,19553.967,214886.27,0.45909426,652.73615
1725,19417.027,19540.273,195085.34,0.45426026,803.7041
1726,19398.262,19526.072,177391.86,0.45635986,432.84116
1727,19406.234,19514.088,160945.17,0.45374757,327.08603
1728,19417.914,19504.47,145683.1,0.4515625,349.89584
1729,19415.273,19495.55,131830.83,0.45473632,644.99524
1730,19406.184,19486.613,119366.53,0.45184326,373.31396
1731,19386.977,19476.65,108323.35,0.45389405,259.76358
1732,19398.977,19468.883,98034.0,0.45853272,298.0066
1733,19403.965,19462.39,88609.89,0.45718995,341.41318
1734,19465.7,19462.72,79749.88,0.45958254,2689.602
1735,19446.305,19461.078,71799.14,0.45402834,1776.2052
1736,19409.238,19455.895,64861.086,0.45150146,531.21246
1737,19423.984,19452.703,58466.617,0.45334473,908.5475
1738,19423.203,19449.754,52698.273,0.44995117,878.5176
1739,19416.305,19446.408,47529.145,0.45794678,427.6124
1740,19393.46,19441.113,43028.535,0.45028076,293.98077
1741,19457.8,19442.781,38750.742,0.45523682,2953.03
1742,19390.992,19437.602,35117.06,0.45474854,281.6974
1743,19402.13,19434.055,31718.586,0.45834962,396.8942
1744,19405.893,19431.238,28618.105,0.45869142,412.52988
1745,19405.586,19428.674,25815.518,0.4560669,543.3072
1746,19393.918,19425.2,23342.682,0.45687255,276.8501
1747,19396.234,19422.303,21083.92,0.4571289,309.26508
1748,19392.805,19419.354,19053.84,0.4557495,381.69412
1749,19461.832,19423.602,17310.854,0.45732424,3145.6602
1750,19415.805,19422.822,15585.24,0.455896,516.8414
1751,19404.176,19420.957,14058.009,0.45305178,348.41577
1752,19400.164,19418.877,12691.118,0.46004638,412.3207
1753,19394.457,19416.436,11475.676,0.4569336,631.0618
1754,19396.61,19414.453,10363.484,0.45742187,371.1195
1755,19401.295,19413.137,9342.718,0.4588867,465.81
1756,19649.031,19436.727,13416.606,0.45449218,11684.413
1757,19396.732,19432.727,12218.903,0.45336914,485.26346
1758,19399.006,19429.355,11099.351,0.4600342,398.6675
1759,19400.008,19426.42,10066.932,0.45856935,274.942
1760,19396.031,19423.38,9143.351,0.45810547,279.8281
1761,19401.42,19421.186,8272.421,0.45335695,300.17114
1762,19394.238,19418.49,7510.532,0.4552246,398.07822
1763,19388.68,19415.51,6839.459,0.45512697,347.3797
1764,19391.479,19413.107,6207.488,0.45924073,267.74484
1765,20011.75,19472.973,37840.3,0.4579834,28253.504
1766,19405.383,19466.213,34467.426,0.4498169,551.47516
1767,19392.111,19458.803,31514.877,0.45803222,371.85657
1768,19394.555,19452.379,28734.893,0.45281982,284.17578
1769,19385.172,19445.658,26267.912,0.46113282,285.99356
1770,19409.418,19442.035,23759.322,0.4588623,1127.9502
1771,19395.133,19437.346,21581.373,0.46038818,445.05185
1772,19421.896,19435.8,19444.715,0.46080324,1742.0665
1773,19396.998,19431.92,17635.75,0.45483398,430.188
1774,19387.176,19427.445,16052.357,0.4536255,294.20618
1775,19396.121,19424.312,14535.431,0.45583495,294.7352
1776,19392.883,19421.17,13170.791,0.45877686,277.82858
1777,19388.73,19417.926,11948.42,0.45306396,269.68954
1778,19385.268,19414.66,10849.568,0.4569336,285.9327
1779,19386.46,19411.84,9836.179,0.45555422,277.23773
1780,19381.95,19408.852,8932.971,0.45986328,276.37717
1781,19381.701,19406.137,8106.0166,0.45490724,312.15204
1782,19411.957,19406.719,7298.464,0.4564453,1379.8524
1783,19422.98,19408.346,6592.417,0.45648193,1832.6549
1784,19380.55,19405.566,6002.7056,0.45765382,294.0699
1785,19379.848,19402.994,5461.966,0.45864257,266.64264
1786,19385.645,19401.26,4942.86,0.46170655,310.3113
1787,19379.76,19399.11,4490.1763,0.4572754,268.7313
1788,19391.121,19398.31,4046.9019,0.45903322,328.88876
1789,19383.852,19396.865,3661.027,0.45825195,303.31992
1790,19377.7,19394.95,3327.9846,0.45926514,424.0059
1791,19378.578,19393.312,3019.3071,0.45906982,403.05246
1792,19378.117,19391.793,2738.1572,0.46032715,289.883
1793,19375.562,19390.17,2488.05,0.46212158,283.84268
1794,19384.832,19389.637,2241.8093,0.45887452,243.99408
1795,19387.58,19389.432,2018.0092,0.45756838,282.07138
1796,19375.355,19388.023,1834.0406,0.45742187,301.22855
1797,19371.82,19386.402,1674.2653,0.4630005,252.15498
1798,19376.77,19385.44,1515.1898,0.46450195,419.27734
1799,19372.855,19384.182,1377.923,0.46151122,255.86009
1800,19385.705,19384.334,1240.3395,0.46053466,559.1005
1801,19375.418,19383.441,1123.4601,0.45738527,352.4691
1802,19374.754,19382.572,1017.90656,0.46098635,276.51465
1803,19415.285,19385.844,1012.4279,0.4616211,1080.9313
1804,19386.047,19385.863,911.18884,0.45845947,298.26624
1805,19382.049,19385.482,821.37946,0.4604126,329.00232
1806,19387.488,19385.684,739.6036,0.46148682,599.6871
1807,19381.66,19385.281,667.10016,0.45960695,279.6223
1808,19389.283,19385.682,601.83154,0.45583495,313.6699
1809,19427.676,19389.88,700.36414,0.45451662,1716.6213
1810,19384.137,19389.307,633.29724,0.4546631,289.21555
1811,19439.088,19394.285,793.00305,0.45412597,2130.5967
1812,19473.668,19402.223,1280.8495,0.45479736,3753.2173
1813,19674.676,19429.469,7833.528,0.45141602,13215.086
1814,19408.246,19427.346,7090.711,0.45150146,819.95807
1815,19383.148,19422.926,6557.4453,0.457959,303.59427
1816,19387.02,19419.336,6017.734,0.4572754,277.79306
1817,19381.533,19415.555,5544.5747,0.45439455,320.97977
1818,19372.475,19411.246,5157.1475,0.45944825,338.9838
1819,19383.44,19408.465,4711.0215,0.45903322,783.72546
1820,19391.107,19406.729,4267.034,0.46032715,379.38742
1821,19373.523,19403.408,3939.5627,0.45959473,255.31784
1822,19374.914,19400.559,3618.679,0.46051025,263.5145
1823,19369.863,19397.488,3341.6091,0.4612549,248.79208
1824,19384.79,19396.219,3021.9624,0.46119386,352.0378
1825,19374.465,19394.043,2762.357,0.45228273,269.3739
1826,19379.69,19392.607,2504.6633,0.45806885,275.56012
1827,19380.674,19391.414,2267.014,0.45739746,345.47534
1828,19376.664,19389.94,2059.893,0.45892334,264.57043
1829,19373.852,19388.33,1877.1976,0.460376,238.19157
1830,19380.531,19387.55,1694.9518,0.4638672,367.59256
1831,19377.754,19386.57,1534.0947,0.4616455,238.13876
1832,19376.389,19385.553,1390.0151,0.45737305,253.35104
1833,19384.373,19385.436,1251.1388,0.45806885,563.0306
1834,19376.635,19384.555,1132.9957,0.4602295,253.35597
1835,19375.055,19383.605,1027.8186,0.46254882,422.4503
1836,19363.928,19381.637,959.8859,0.46230468,234.7819
1837,19359.85,19379.457,906.61835,0.46293947,273.10007
1838,19364.535,19377.965,835.9961,0.46291503,289.35886
1839,19368.934,19377.062,759.7372,0.4602661,249.56972
1840,19378.86,19377.242,684.054,0.45892334,408.71954
1841,19425.682,19382.086,826.8229,0.45524904,1978.5853
1842,19455.012,19389.379,1222.7759,0.45357665,2974.9438
1843,19395.023,19389.943,1103.3657,0.45546874,541.7211
1844,19376.232,19388.572,1009.9482,0.4609375,316.7475
1845,19373.043,19387.02,930.65765,0.4598877,271.20822
1846,19402.219,19388.54,858.3833,0.4615967,1052.3219
1847,19412.303,19390.916,823.369,0.45603028,1581.3617
1848,19381.125,19389.938,749.65985,0.4604248,365.27527
1849,19377.338,19388.678,688.9813,0.4598877,443.33765
1850,19375.068,19387.316,636.7525,0.46113282,269.5952
1851,19383.207,19386.906,574.5971,0.45682374,280.57217
1852,19380.844,19386.3,520.44525,0.4586792,321.92114
1853,19372.846,19384.955,484.69427,0.4614624,251.4229
1854,19376.71,19384.13,442.34177,0.46002197,285.54526
1855,19369.906,19382.709,416.31815,0.4642578,270.99768
1856,19399.844,19384.422,401.11032,0.46000978,1368.4408
1857,19371.809,19383.16,375.3178,0.46169433,380.9442
1858,19362.96,19381.14,374.50677,0.46346435,285.55673
1859,19362.31,19379.258,368.96756,0.46334228,241.41112
1860,19362.238,19377.557,358.1406,0.4670166,259.9651
1861,19355.184,19375.32,367.3763,0.46044922,253.14377
1862,19353.568,19373.145,373.22195,0.4654419,217.15833
1863,19366.746,19372.504,339.58435,0.46640626,285.02927
1864,19371.316,19372.385,305.75284,0.46712646,288.3107
1865,19371.098,19372.256,275.32666,0.46553954,248.55705
1866,19375.203,19372.55,248.57578,0.45838624,266.94144
1867,19370.094,19372.305,224.26152,0.45900878,244.37639
1868,19356.521,19370.727,224.25522,0.46384278,251.99948
1869,19362.564,19369.91,207.8255,0.4628296,320.33603
1870,19356.734,19368.592,202.66705,0.46132812,277.122
1871,19366.97,19368.43,182.63686,0.46343994,270.5617
1872,19367.363,19368.322,164.47552,0.4633789,307.1284
1873,19372.996,19368.79,149.99399,0.46591797,278.28143
1874,19374.86,19369.396,138.31097,0.46381837,329.82736
1875,19361.293,19368.586,130.3899,0.46158448,241.972
1876,19376.797,19369.406,123.41865,0.4654419,786.0235
1877,19388.617,19371.328,144.29219,0.4650757,543.98846
1878,19738.273,19408.023,12248.26,0.4555176,16227.981
1879,19378.553,19405.076,11101.601,0.45135498,383.23178
1880,19414.168,19405.984,9998.879,0.45456544,1820.9366
1881,19439.07,19409.293,9097.512,0.4560425,2864.558
1882,19536.076,19421.97,9634.419,0.45783693,6312.5537
1883,19393.262,19419.1,8745.155,0.4537842,642.3599
1884,19413.617,19418.55,7873.3447,0.45858154,2050.4236
1885,19382.992,19414.994,7199.807,0.45557863,342.78918
1886,19365.432,19410.037,6700.906,0.45861816,410.51642
1887,19370.89,19406.123,6168.7354,0.4595581,270.5924
1888,19953.305,19460.842,32498.56,0.45776367,26679.13
1889,19383.977,19453.156,29780.447,0.45755616,470.50262
1890,19402.96,19448.137,27029.164,0.45787355,1330.718
1891,19375.445,19440.867,24801.81,0.45632324,472.279
1892,19361.86,19432.967,22883.43,0.4569458,247.4016
1893,19359.992,19425.67,21074.363,0.46293947,258.82928
1894,19356.145,19418.717,19401.967,0.46343994,269.23346
1895,19377.297,19414.574,17616.174,0.462146,531.18274
1896,19365.062,19409.623,16075.183,0.45976564,345.14322
1897,19360.674,19404.729,14683.307,0.45859376,240.78088
1898,19362.955,19400.55,13372.027,0.46464846,247.56754
1899,19361.105,19396.605,12174.858,0.46119386,236.74944
1900,19372.203,19394.166,11010.966,0.46342775,437.2517
1901,19389.281,19393.678,9912.017,0.46135256,588.2216
1902,19516.057,19405.916,10268.709,0.45914307,7199.4146
1903,19370.121,19402.336,9357.153,0.45878908,245.83104
1904,19387.32,19400.834,8441.7295,0.46523437,1213.2407
1905,19372.664,19398.018,7668.9756,0.46212158,469.37576
1906,19369.553,19395.172,6975.0005,0.46099854,279.51303
1907,19352.0,19390.855,6445.243,0.46311036,247.30458
1908,19359.477,19387.717,5889.336,0.4688843,257.16614
1909,19365.094,19385.455,5346.4644,0.4661255,255.12169
1910,19358.135,19382.723,4878.994,0.46110842,245.23137
1911,19376.605,19382.111,4394.4624,0.46203613,604.42096
1912,19359.457,19379.846,4001.2056,0.4599243,241.65385
1913,19414.95,19383.355,3711.988,0.45993653,1949.0051
1914,19364.23,19381.443,3373.7083,0.45889893,311.17493
1915,19365.848,19379.883,3058.2275,0.46293947,399.59943
1916,19351.402,19377.035,2825.407,0.4630005,262.07858
1917,19479.148,19387.246,3481.3071,0.46148682,5308.237
1918,19377.727,19386.295,3141.3323,0.4621338,857.4328
1919,19374.465,19385.111,2839.7947,0.46661377,421.764
1920,19357.898,19382.39,2622.4639,0.45760497,232.31815
1921,19358.672,19380.02,2410.8494,0.4604248,214.92274
1922,19377.262,19379.744,2170.4487,0.46295166,514.0097
1923,19362.621,19378.031,1979.7916,0.45648193,259.02182
1924,19357.184,19375.947,1820.9287,0.46170655,239.24161
1925,19359.98,19374.352,1661.7803,0.46105957,292.37497
1926,19360.871,19373.004,1511.9573,0.46182862,292.41864
1927,19370.941,19372.797,1361.1444,0.45994875,789.86456
1928,19360.395,19371.557,1238.8735,0.45921633,251.38907
1929,19360.031,19370.404,1126.9413,0.4589966,250.69174
1930,19368.094,19370.174,1014.72754,0.46401367,349.46887
1931,19354.85,19368.64,934.3896,0.4580078,225.53166
1932,19352.207,19366.998,865.2563,0.46334228,216.5319
1933,19356.723,19365.97,788.23315,0.46741945,394.5467
1934,19351.73,19364.547,727.6604,0.45791015,234.11768
1935,19357.316,19363.824,659.5995,0.46505126,242.0111
1936,19603.19,19387.762,5750.254,0.46295166,11057.766
1937,19364.82,19385.467,5222.596,0.4604004,283.24918
1938,19369.31,19383.852,4723.8286,0.46262208,318.231
1939,19352.957,19380.762,4337.348,0.45784912,270.9488
1940,19351.764,19377.861,3979.2932,0.46256104,224.10747
1941,19351.125,19375.188,3645.6987,0.46518555,246.79135
1942,19388.035,19376.473,3295.9844,0.465271,1914.6217
1943,19912.775,19430.104,28852.244,0.45821533,25431.55
1944,19566.496,19443.742,27641.283,0.4609619,9551.485
1945,19365.584,19435.926,25426.938,0.462854,226.95688
1946,19365.48,19428.88,23330.871,0.4595581,348.0759
1947,19385.832,19424.576,21164.572,0.46292725,1416.1497
1948,19361.46,19418.266,19406.633,0.46230468,260.28012
1949,19352.27,19411.666,17857.963,0.4640381,363.6598
1950,19348.504,19405.35,16431.217,0.46677247,230.3974
1951,19353.945,19400.209,15025.911,0.46219483,245.40462
1952,19359.297,19396.117,13673.962,0.46201172,270.32162
1953,19365.137,19393.02,12392.946,0.46087646,361.6772
1954,19385.527,19392.27,11158.703,0.4609253,876.31384
1955,19359.738,19389.016,10138.078,0.4576416,246.70848
1956,19341.156,19384.23,9330.417,0.4633545,220.20555
1957,19338.783,19379.686,8583.267,0.46757814,206.95671
1958,19349.906,19376.707,7804.7524,0.46456298,249.2737
1959,19364.79,19375.516,7037.06,0.4614136,509.71143
1960,19348.65,19372.828,6398.3105,0.4626709,222.86627
1961,19349.953,19370.541,5805.573,0.46136475,258.9925
1962,19349.564,19368.443,5264.617,0.46147463,242.11589
1963,19345.703,19366.17,4784.6963,0.46131593,234.86852
1964,19345.86,19364.139,4343.3535,0.46434328,212.44867
1965,19345.012,19362.227,3941.9436,0.46710205,230.07555
1966,19359.076,19361.912,3548.6423,0.46433106,465.36533
1967,19356.197,19361.34,3196.7173,0.4630005,281.25983
1968,19592.48,19384.453,7685.385,0.46258545,10439.407
1969,19360.398,19382.047,6968.923,0.46523437,472.15826
1970,19357.113,19379.553,6327.982,0.4634888,267.7652
1971,19355.705,19377.168,5746.3677,0.4642334,505.82504
1972,19357.143,19375.166,5207.8223,0.4647095,344.64178
1973,19350.572,19372.707,4741.4766,0.46184084,240.3365
1974,19358.236,19371.26,4286.175,0.46746826,284.48688
1975,19342.17,19368.352,3933.717,0.46418458,215.47606
1976,19358.3,19367.346,3549.4368,0.47011718,314.12946
1977,19349.598,19365.57,3222.8423,0.46269533,290.59283
1978,19357.266,19364.74,2906.7651,0.46566162,462.55203
1979,19360.572,19364.324,2617.652,0.46147463,434.7608
1980,19381.406,19366.033,2382.1484,0.46264648,1446.3132
1981,19348.102,19364.24,2172.8723,0.46207276,304.81097
1982,19359.28,19363.744,1957.8,0.46264648,617.47473
1983,19354.766,19362.846,1769.2753,0.46534425,291.6645
1984,19352.285,19361.79,1602.3849,0.4661377,258.60675
1985,19362.285,19361.838,1442.1686,0.4577759,380.6463
1986,19354.633,19361.117,1302.6239,0.46217042,234.98003
1987,19362.156,19361.22,1172.4586,0.45982668,305.20224
1988,19351.137,19360.213,1064.3645,0.463562,251.71017
1989,19358.643,19360.057,958.14996,0.46191406,404.1249
1990,19360.453,19360.096,862.3491,0.46082765,513.97253
1991,19367.346,19360.82,780.8448,0.46594238,660.53564
1992,19353.494,19360.088,707.5909,0.45836183,345.81027
1993,19345.404,19358.62,656.2365,0.45898438,239.92828
1994,19347.838,19357.541,601.07404,0.46557617,237.75838
1995,19337.764,19355.562,576.1695,0.4654785,212.53677
1996,19355.184,19355.525,518.5654,0.4671997,271.85815
1997,19354.117,19355.385,466.88736,0.4597168,327.01038
1998,19347.395,19354.586,425.94458,0.46618652,211.77234
1999,19351.703,19354.297,384.09805,0.4597168,260.41714
2000,19357.305,19354.598,346.50247,0.46483156,316.66736
2001,19348.207,19353.959,315.52783,0.4640381,237.46767
2002,19353.271,19353.89,284.01758,0.4591919,231.63507
2003,19351.596,19353.66,256.0898,0.46707764,254.81766
2004,19348.977,19353.191,232.45506,0.45799562,291.5148
2005,19360.85,19353.957,214.48788,0.46119386,918.6477
2006,19344.047,19352.967,201.8781,0.4667847,221.77443
2007,19357.324,19353.402,183.39912,0.46555176,327.29315
2008,19355.145,19353.576,165.33238,0.46308595,412.6529
2009,19386.566,19356.875,246.75114,0.4626709,1201.1057
2010,19407.066,19361.895,448.80197,0.46435547,1910.583
2011,19360.59,19361.764,404.07498,0.4611206,407.3711
2012,19347.172,19360.305,382.83032,0.46254882,221.80742
2013,19347.527,19359.027,359.24072,0.4671509,238.61105
2014,19362.76,19359.4,324.57043,0.46103516,274.7723
2015,19342.52,19357.713,317.7601,0.46414796,250.04443
2016,19337.113,19355.652,324.17502,0.4618042,230.41801
2017,19351.691,19355.256,293.16953,0.46885988,358.5013
2018,19343.752,19354.105,275.76315,0.46237794,405.11044
2019,19340.836,19352.78,264.0341,0.4640625,210.50726
2020,19344.277,19351.93,244.13617,0.46296388,255.5735
2021,19343.701,19351.107,225.8163,0.46020508,219.67221
2022,19349.172,19350.914,203.57184,0.46496582,285.0343
2023,19348.785,19350.701,183.62254,0.46198732,255.10518
2024,19342.09,19349.84,171.93423,0.46481934,212.66884
2025,19343.666,19349.223,158.17126,0.4593628,265.34338
2026,19352.848,19349.586,143.53679,0.46726075,560.6307
2027,19341.443,19348.771,135.15025,0.4638672,267.55466
2028,19338.371,19347.73,131.37036,0.4657837,212.86763
2029,19344.18,19347.375,119.36804,0.4664673,236.16664
2030,19350.08,19347.645,108.089806,0.46650392,583.46576
2031,19342.574,19347.137,99.59455,0.46394044,221.98065
2032,19343.498,19346.773,90.82668,0.46331787,239.0208
2033,19342.38,19346.334,83.48054,0.46572265,249.93314
2034,19355.25,19347.227,82.28706,0.4659668,356.35468
2035,19411.16,19353.62,441.93378,0.45885012,2180.6787
2036,19345.863,19352.844,403.1542,0.46135256,258.1049
2037,19345.242,19352.084,368.0393,0.46209717,236.17494
2038,19368.008,19353.676,354.05652,0.46499023,986.0491
2039,19349.559,19353.264,320.17648,0.46043703,242.08708
2040,19345.39,19352.477,293.73746,0.46468505,243.63962
2041,19345.828,19351.812,268.34186,0.46619874,261.48828
2042,19346.887,19351.32,243.69136,0.46506348,234.38777
2043,19337.793,19349.967,235.79123,0.46546632,256.00055
2044,19339.836,19348.953,221.44919,0.4642334,248.85365
2045,19348.344,19348.893,199.33769,0.46256104,360.73993
2046,19350.055,19349.008,179.52547,0.46384278,299.57788
2047,19338.564,19347.963,171.38866,0.46748048,231.0661
2048,19333.775,19346.545,172.36546,0.46365967,212.85042
2049,19347.898,19346.68,155.2938,0.46682128,239.96028
2050,19342.51,19346.262,141.32936,0.4631836,274.20905
2051,19355.043,19347.14,134.13635,0.46654055,332.04633
2052,19336.441,19346.07,131.02531,0.46148682,212.46378
2053,19340.598,19345.523,120.61828,0.4604126,245.17072
2054,19341.428,19345.113,110.06618,0.4643921,216.78012
2055,19336.36,19344.238,105.95634,0.46793213,240.56296
2056,19338.861,19343.701,97.962746,0.46359864,206.06114
2057,19343.79,19343.71,88.16716,0.46575928,229.51617
2058,19340.715,19343.412,80.15833,0.4624878,241.65302
2059,19340.02,19343.072,73.17836,0.46442872,239.86388
2060,19338.398,19342.605,67.82654,0.46418458,219.11443
2061,19338.828,19342.229,62.328033,0.46833497,234.40265
2062,19340.139,19342.02,56.4883,0.46270752,203.69176
2063,19341.99,19342.016,50.839546,0.469043,219.82771
2064,19356.867,19343.5,65.6068,0.4635376,473.05063
2065,19340.88,19343.238,59.663506,0.46418458,249.83838
2066,19329.457,19341.86,70.790215,0.46153566,218.57207
2067,19348.594,19342.533,67.792854,0.46708986,274.11072
2068,19350.938,19343.373,67.37047,0.4633789,419.247
2069,19426.188,19351.654,677.87445,0.4642334,2789.386
2070,19352.34,19351.723,610.1293,0.46010742,252.18408
2071,19341.945,19350.744,557.72,0.46190187,284.36493
2072,19335.465,19349.217,522.9591,0.46257326,239.09845
2073,19336.318,19347.928,485.63644,0.46655273,237.61134
2074,19345.598,19347.695,437.56143,0.46500245,365.74808
2075,19353.062,19348.232,396.3979,0.46694335,342.31403
2076,19346.805,19348.09,356.94156,0.4649048,330.76154
2077,19343.244,19347.605,323.36066,0.4599243,229.38652
2078,19339.9,19346.836,296.36774,0.461438,217.27614
2079,19338.467,19346.0,273.03476,0.46411133,249.61266
2080,19340.012,19345.4,248.95862,0.4664795,234.29822
2081,19345.057,19345.365,224.07338,0.4671631,248.12576
2082,19341.543,19344.982,202.98091,0.46431884,306.73712
2083,19336.113,19344.096,189.76236,0.46295166,221.27203
2084,19328.688,19342.555,192.15326,0.46411133,195.74431
2085,19345.297,19342.828,173.61469,0.46986085,423.0034
2086,19344.854,19343.031,156.6224,0.4655884,422.32864
2087,19337.16,19342.443,144.06244,0.46226808,237.53131
2088,19352.113,19343.41,138.07185,0.46221924,276.18445
2089,19347.7,19343.84,125.9203,0.4629883,442.28052
2090,19330.93,19342.549,128.32877,0.46414796,246.52678
2091,19329.262,19341.22,131.38513,0.46468505,209.36714
2092,19324.312,19339.53,143.97647,0.4699707,211.27515
2093,19328.621,19338.438,140.28783,0.46499023,215.84233
2094,19329.875,19337.582,132.85751,0.46896973,207.11777
2095,19331.945,19337.018,122.4313,0.46325684,226.25116
2096,19331.004,19336.416,113.44295,0.46721193,217.69937
2097,19327.291,19335.504,109.59255,0.46702883,248.17255
2098,19336.041,19335.559,98.659256,0.46920165,250.8832
2099,19330.445,19335.047,91.14643,0.46829835,196.71986
2100,19333.115,19334.854,82.3676,0.46287844,229.11061
2101,19336.332,19335.002,74.327576,0.4652466,217.99802
2102,19337.43,19335.244,67.42526,0.4621582,227.89645
2103,19339.152,19335.635,62.0574,0.46518555,227.73279
2104,19335.887,19335.66,55.857372,0.46082765,224.75902
2105,19341.52,19336.246,53.361538,0.46450195,556.0695
2106,19333.84,19336.006,48.546486,0.46756592,228.44797
2107,19335.031,19335.908,43.777325,0.4643921,225.40892
2108,19332.373,19335.555,40.52435,0.4654053,234.37636
2109,19335.535,19335.553,36.471947,0.46325684,218.35645
2110,19333.057,19335.303,33.385494,0.46538088,232.89847
2111,19338.822,19335.654,31.161781,0.46225587,202.80347
2112,19338.004,19335.889,28.542463,0.46668702,223.72034
2113,19333.588,19335.658,26.16464,0.4648926,196.74438
2114,19325.604,19334.652,32.64688,0.46193847,203.60428
2115,19331.074,19334.295,30.534458,0.4651123,192.5779
2116,19325.537,19333.42,34.38395,0.46341553,242.94608
2117,19345.574,19334.635,44.24098,0.4676636,437.4643
2118,19338.594,19335.031,41.2275,0.4644165,231.21758
2119,19337.46,19335.273,37.636055,0.4692505,260.01404
2120,19352.484,19336.994,60.53192,0.4638916,859.0459
2121,19343.488,19337.645,58.274372,0.4663208,314.20844
2122,19328.803,19336.76,59.4829,0.46289062,265.9871
2123,19339.195,19337.004,54.068478,0.47126466,318.6921
2124,19333.047,19336.607,50.070858,0.465979,210.90208
2125,19332.613,19336.207,46.499557,0.46384278,185.47615
2126,19337.371,19336.324,41.971558,0.4624878,243.9844
2127,19332.055,19335.896,39.415005,0.46640626,301.8239
2128,19330.79,19335.387,37.821224,0.46607667,242.04572
2129,19331.852,19335.033,35.16386,0.46140137,203.47417
2130,19327.037,19334.234,37.40185,0.46394044,195.38991
2131,19334.207,19334.232,33.661736,0.46759033,215.5022
2132,19334.898,19334.299,30.335484,0.46679688,221.12883
2133,19329.434,19333.812,29.43228,0.46497804,203.94223
2134,19329.137,19333.346,28.456715,0.4699463,195.40454
2135,19333.479,19333.36,25.61263,0.4605591,243.79916
2136,19324.104,19332.434,30.761753,0.46295166,208.1634
2137,19329.191,19332.11,28.631638,0.46993408,199.6476
2138,19328.21,19331.719,27.136276,0.46778566,217.73706
2139,19330.662,19331.613,24.523132,0.46850586,220.13292
2140,19328.828,19331.334,22.768957,0.4661499,210.83374
2141,19330.525,19331.254,20.550905,0.4683838,232.64743
2142,19328.887,19331.018,19.000137,0.46636963,191.4643
2143,19331.648,19331.08,17.135942,0.4717163,303.0636
2144,19339.285,19331.9,21.481445,0.46968994,360.9195
2145,19334.541,19332.164,19.960861,0.46488038,287.41858
2146,19341.719,19333.12,26.181059,0.46458742,827.6909
2147,19333.945,19333.201,23.624384,0.4644409,213.57431
2148,19335.125,19333.395,21.595045,0.46726075,260.48056
2149,19328.13,19332.867,21.929102,0.46500245,221.45929
2150,19327.969,19332.377,21.895714,0.47216797,236.4688
2151,19334.027,19332.543,19.951283,0.4675171,224.76067
2152,19327.605,19332.049,20.150255,0.46430665,218.19467
2153,19329.434,19331.787,18.75078,0.46812746,232.7334
2154,19326.992,19331.309,18.944916,0.46560058,202.94258
2155,19340.34,19332.21,24.391136,0.4647827,221.74791
2156,19624.807,19361.47,7727.054,0.4618042,12186.831
2157,19340.662,19359.39,6993.3184,0.45986328,260.9198
2158,19329.14,19356.365,6376.3423,0.46320802,194.9041
2159,19317.3,19352.459,5876.051,0.4654419,179.33894
2160,19348.809,19352.094,5289.645,0.47037354,1051.1766
2161,19328.645,19349.748,4810.1685,0.4631714,211.30504
2162,19320.617,19346.836,4405.5264,0.46365967,188.54237
2163,19314.012,19343.553,4061.9424,0.46760255,225.55121
2164,19328.48,19342.045,3676.1936,0.4708252,285.05585
2165,19333.877,19341.229,3314.5786,0.46677247,250.04689
2166,19324.307,19339.537,3008.892,0.46479493,197.63748
2167,19323.203,19337.904,2732.0146,0.4701538,215.7218
2168,19327.902,19336.904,2467.8167,0.46813965,228.25987
2169,19326.402,19335.854,2230.9612,0.4689331,207.6689
2170,19330.223,19335.291,2010.7186,0.4633301,212.7259
2171,19326.21,19334.383,1817.067,0.46679688,208.12463
2172,19331.018,19334.047,1636.3795,0.46765137,218.59874
2173,19328.059,19333.447,1475.9689,0.46806642,206.66719
2174,19330.658,19333.168,1329.072,0.46918947,249.46654
2175,19334.207,19333.271,1196.262,0.46621093,270.7111
2176,19324.639,19332.408,1083.343,0.46610108,197.92262
2177,19322.54,19331.422,983.77466,0.4718872,195.55789
2178,19333.38,19331.617,885.74255,0.4682129,213.6614
2179,19336.73,19332.129,799.52136,0.46293947,294.5124
2180,19338.312,19332.748,723.0105,0.46269533,310.88132
2181,19332.941,19332.768,650.71277,0.46453857,242.78197
2182,19337.35,19333.227,587.531,0.4699219,299.5581
2183,19337.54,19333.658,530.45166,0.46607667,376.4932
2184,19419.639,19342.256,1142.7443,0.4626343,3478.3748
2185,19337.418,19341.771,1030.5763,0.45805666,365.37677
2186,19329.66,19340.56,940.7203,0.46517333,335.88727
2187,19333.22,19339.826,851.4968,0.46958008,280.79987
2188,19322.953,19338.139,791.9701,0.4671997,241.6688
2189,19321.729,19336.498,737.00946,0.4727173,204.14864
2190,19317.787,19334.627,694.81744,0.47091064,192.99292
2191,19321.777,19333.342,640.1958,0.4711426,211.43504
2192,19323.16,19332.324,585.5061,0.46409914,190.65453
2193,19330.61,19332.152,527.22015,0.46801758,209.6215
2194,19320.977,19331.035,485.73895,0.46619874,245.07925
2195,19329.744,19330.906,437.31506,0.46965334,263.42294
2196,19377.543,19335.57,589.33203,0.4675293,2395.4644
2197,19323.377,19334.352,543.77985,0.4678711,235.07434
2198,19327.342,19333.65,493.8242,0.4682251,194.67072
2199,19320.088,19332.295,460.9965,0.4668335,308.91116
2200,19315.885,19330.654,439.1332,0.4696167,243.79268
2201,19320.07,19329.596,405.30176,0.46726075,213.67407
2202,19320.945,19328.73,371.50623,0.46791992,211.10709
2203,19326.803,19328.537,334.69003,0.47175294,311.4981
2204,19325.2,19328.203,302.2238,0.46853027,240.37563
2205,19324.775,19327.86,273.05884,0.46673584,207.67047
2206,19348.273,19329.9,283.259,0.46697998,609.0894
2207,19333.828,19330.293,256.32153,0.4567627,307.5129
2208,19316.867,19328.951,246.912,0.46594238,195.02504
2209,19322.24,19328.28,226.2741,0.46342775,212.3389
2210,19318.29,19327.281,212.62912,0.46937257,202.0511
2211,19319.816,19326.535,196.38135,0.46671143,221.57874
2212,19330.998,19326.98,178.53578,0.46885988,306.18884
2213,19333.094,19327.592,164.0457,0.46193847,531.63965
2214,19324.41,19327.273,148.55219,0.46687013,190.33028
2215,19326.014,19327.148,133.8398,0.46671143,208.08609
2216,19326.082,19327.041,120.55817,0.46654055,198.97029
2217,19326.492,19326.986,108.52946,0.46397707,235.43752
2218,19321.89,19326.477,100.013466,0.46721193,188.94713
2219,19318.33,19325.662,95.984985,0.46697998,187.4867
2220,19325.469,19325.643,86.38985,0.46905518,225.61896
2221,19321.148,19325.193,79.56862,0.4647339,208.82062
2222,19327.406,19325.414,72.052475,0.47210693,233.84656
2223,19316.88,19324.56,71.40063,0.46905518,207.76718
2224,19316.58,19323.762,69.99247,0.46663818,184.15247
2225,19319.193,19323.305,64.87151,0.4664917,191.716
2226,19325.389,19323.514,58.775227,0.46383056,222.85446
2227,19402.197,19331.383,610.09735,0.46707764,3615.4746
2228,19333.994,19331.645,549.7013,0.45629883,323.48297
2229,19329.277,19331.408,495.23547,0.46604005,233.77275
2230,19325.637,19330.832,448.7098,0.46573487,231.66501
2231,19320.91,19329.84,412.69873,0.4677002,261.47546
2232,19320.832,19328.94,378.7315,0.4671509,283.7967
2233,19322.469,19328.293,344.62665,0.47442627,213.80054
2234,19321.682,19327.633,314.09784,0.46950683,199.39688
2235,19317.871,19326.656,291.26425,0.4647461,193.26646
2236,19320.84,19326.074,265.18256,0.47353515,215.33134
2237,19317.129,19325.18,245.86597,0.4665161,232.69096
2238,19320.09,19324.67,223.61095,0.46936035,198.55818
2239,19318.795,19324.082,204.35626,0.4673706,224.49934
2240,19313.416,19323.016,194.15938,0.4694214,185.65309
2241,19313.492,19322.062,182.90605,0.4685791,181.13507
2242,19320.975,19321.953,164.72195,0.47089845,264.93256
2243,19329.11,19322.668,152.85883,0.46993408,382.49347
2244,19334.336,19323.834,149.82567,0.46617433,302.6298
2245,19329.516,19324.402,137.7484,0.46929932,368.05777
2246,19317.998,19323.762,127.66491,0.46483156,188.46814
2247,19316.111,19322.996,120.165985,0.4706665,197.65598
2248,19321.15,19322.812,108.45598,0.46905518,201.41449
2249,19349.18,19325.45,160.18095,0.46739504,1330.4745
2250,19315.195,19324.424,153.6257,0.4683716,206.29013
2251,19319.293,19323.91,140.63245,0.4687744,225.6383
2252,19323.54,19323.873,126.58159,0.47009277,231.86116
2253,19329.625,19324.45,116.90108,0.46645507,262.60544
2254,19322.28,19324.232,105.634735,0.4633789,202.35342
2255,19322.227,19324.031,95.433365,0.47338867,222.62662
2256,19332.084,19324.836,91.72621,0.46702883,409.7486
2257,19322.441,19324.596,83.06963,0.46594238,304.9866
2258,19320.293,19324.166,76.42888,0.46658936,193.84624
2259,19315.879,19323.338,74.96684,0.4655884,197.65625
2260,19321.01,19323.105,67.95797,0.46398926,212.26828
2261,19321.148,19322.91,61.506866,0.46790773,239.8238
2262,19322.373,19322.855,55.38214,0.46827394,193.72945
2263,19313.273,19321.896,58.107307,0.46762696,260.35767
2264,19315.877,19321.295,55.5577,0.46884766,192.50865
2265,19327.477,19321.914,53.44107,0.4699951,320.42007
2266,19323.064,19322.03,48.21607,0.46530762,199.51184
2267,19316.78,19321.504,45.875084,0.46536866,172.03235
2268,19314.902,19320.844,45.20983,0.4659668,177.71037
2269,19320.578,19320.816,40.695198,0.46921387,190.54349
2270,19314.355,19320.17,40.38261,0.47088623,187.96173
2271,19316.766,19319.83,37.38738,0.4741211,211.20457
2272,19324.527,19320.3,35.63443,0.4675049,239.387
2273,19318.447,19320.115,32.380184,0.46754152,198.48894
2274,19323.281,19320.432,30.044294,0.47088623,205.52168
2275,19321.547,19320.543,27.151802,0.4626343,191.00285
2276,19315.672,19320.057,26.572102,0.46728516,175.15477
2277,19324.332,19320.484,25.559998,0.46418458,197.87663
2278,19329.195,19321.355,29.833237,0.46783447,228.42574
2279,19330.55,19322.275,34.45975,0.46517333,253.5871
2280,19326.7,19322.719,32.7751,0.46427003,216.58356
2281,19317.477,19322.195,31.970839,0.46347657,203.20805
2282,19309.557,19320.932,43.149998,0.46829835,191.59837
2283,19328.373,19321.676,43.818703,0.46506348,350.77628
2284,19314.104,19320.918,44.59736,0.4667847,178.39328
2285,19315.334,19320.36,42.9439,0.46936035,189.62598
2286,19319.652,19320.29,38.6945,0.4669922,188.1359
2287,19317.367,19319.996,35.59341,0.4703003,211.23755
2288,19319.133,19319.91,32.10114,0.46986085,326.42093
2289,19315.889,19319.508,30.346535,0.47061768,187.35628
2290,19310.754,19318.633,34.208656,0.46938476,178.94434
2291,19321.309,19318.9,31.432173,0.4683716,205.5135
2292,19354.885,19322.498,144.82773,0.469812,1298.6426
2293,19330.01,19323.25,135.42328,0.46776125,378.63702
2294,19322.094,19323.135,122.001274,0.46225587,218.79385
2295,19319.766,19322.797,110.82274,0.4690674,223.3879
2296,19323.672,19322.885,99.809364,0.46933594,234.97145
2297,19323.36,19322.932,89.848694,0.46844482,215.3818
2298,19317.871,19322.426,83.16865,0.46884766,400.4213
2299,19323.2,19322.504,74.905624,0.46820068,189.22658
2300,19320.916,19322.346,67.64198,0.46431884,209.13565
2301,19338.125,19323.924,83.286545,0.46920165,501.5017
2302,19314.094,19322.941,83.654625,0.46724853,207.08513
2303,19330.564,19323.703,80.51914,0.46689454,512.99255
2304,19349.328,19326.266,131.56488,0.46622315,903.36053
2305,19321.121,19325.752,120.79035,0.4633789,197.88939
2306,19321.234,19325.3,110.54808,0.46486816,192.11432
2307,19316.816,19324.453,105.971886,0.46832275,196.02513
2308,19321.25,19324.133,96.298096,0.4682129,202.54776
2309,19319.766,19323.695,88.384796,0.466626,204.50279
2310,19317.709,19323.098,82.77156,0.4649048,188.23076
2311,19313.504,19322.139,82.77801,0.47149658,189.03458
2312,19316.027,19321.527,77.86156,0.46622315,190.41371
2313,19318.092,19321.184,71.137665,0.46871337,185.9641
2314,19321.121,19321.178,64.02425,0.46433106,252.08394
2315,19311.8,19320.24,65.53527,0.46749267,179.3648
2316,19316.238,19319.84,60.42315,0.4675049,229.42863
2317,19312.72,19319.129,58.942226,0.47097167,188.7929
2318,19308.992,19318.115,62.295776,0.47088623,195.85779
2319,19315.566,19317.86,56.650883,0.47136232,204.02089
2320,19319.934,19318.066,51.373005,0.4713745,199.58633
2321,19321.879,19318.447,47.543865,0.4648926,211.09427
2322,19320.383,19318.64,43.126648,0.46777344,199.7474
2323,19308.076,19317.584,48.858673,0.46514893,203.02533
2324,19312.059,19317.031,46.720497,0.46892092,192.33151
2325,19313.023,19316.63,43.494076,0.47154543,216.31918
2326,19318.81,19316.85,39.57226,0.46982422,188.85085
2327,19306.418,19315.807,45.408756,0.46710205,174.0684
2328,19311.55,19315.38,42.49799,0.4716919,221.95679
2329,19314.652,19315.309,38.295956,0.4699463,199.95004
2330,19318.412,19315.62,35.33322,0.46702883,208.82663
2331,19315.53,19315.61,31.800627,0.46684572,173.47556
2332,19316.615,19315.71,28.71162,0.46546632,183.85739
2333,19309.885,19315.129,28.895443,0.46634522,193.00789
2334,19312.74,19314.89,26.519417,0.46842042,175.25444
2335,19304.559,19313.857,33.47505,0.46677247,180.68738
2336,19305.285,19313.0,36.74108,0.47227785,180.32382
2337,19304.283,19312.129,39.905403,0.47023925,184.16405
2338,19312.7,19312.186,35.944134,0.47479248,208.91614
2339,19321.645,19313.13,40.402233,0.4685425,546.5916
2340,19310.342,19312.852,37.062107,0.4682373,196.17992
2341,19316.469,19313.213,34.53346,0.4711914,201.43132
2342,19310.627,19312.955,31.68195,0.4675171,197.62361
2343,19316.15,19313.275,29.432657,0.4675049,192.03784
2344,19316.89,19313.637,27.665684,0.467334,177.59471
2345,19318.309,19314.104,26.863493,0.46435547,238.11316
2346,19316.902,19314.383,24.882153,0.46710205,291.6096
2347,19312.178,19314.162,22.831549,0.46602783,202.21968
2348,19305.389,19313.285,27.475983,0.4647095,179.9329
2349,19310.969,19313.053,25.2113,0.47287598,171.53809
2350,19313.227,19313.07,22.692888,0.4737427,202.24512
2351,19319.855,19313.748,24.567049,0.4718872,323.4642
2352,19323.023,19314.676,29.8533,0.46636963,260.1793
2353,19307.281,19313.936,31.789087,0.4666992,169.34631
2354,19313.98,19313.94,28.61036,0.46512452,174.80135
2355,19308.422,19313.387,28.489252,0.46341553,209.6212
2356,19314.441,19313.492,25.740438,0.4692749,189.80621
2357,19311.918,19313.334,23.38943,0.46848145,188.58868
2358,19308.076,19312.809,23.5385,0.4716919,180.0381
2359,19305.996,19312.127,25.361563,0.4718872,176.18655
2360,19317.61,19312.676,25.53053,0.47154543,214.45288
2361,19307.14,19312.123,25.734892,0.4697632,185.83458
2362,19318.852,19312.797,27.235966,0.46691895,273.22427
2363,19301.531,19311.67,35.934654,0.46627197,202.66533
2364,19312.875,19311.791,32.471886,0.4680054,273.03433
2365,19321.852,19312.797,38.33401,0.47332764,208.02289
2366,19313.926,19312.91,34.615307,0.46845704,252.58618
2367,19318.76,19313.496,34.23339,0.46810302,237.08536
2368,19316.164,19313.764,31.450678,0.4635376,221.38638
2369,19310.086,19313.396,29.522924,0.47263184,317.91812
2370,19318.445,19313.902,28.864792,0.469043,571.34796
2371,19316.926,19314.205,26.801018,0.47229004,289.17233
2372,19317.457,19314.531,25.072683,0.46965334,279.89423
2373,19314.014,19314.48,22.589523,0.46967775,204.92659
2374,19317.096,19314.742,20.946121,0.47280273,185.69398
2375,19312.473,19314.516,19.315079,0.46964112,172.12561
2376,19304.906,19313.555,25.694178,0.4680542,164.31189
2377,19307.18,19312.918,26.782415,0.4666992,178.81387
2378,19312.275,19312.854,24.141335,0.47189942,172.13995
2379,19307.654,19312.334,24.16007,0.46903077,221.37965
2380,19310.832,19312.184,21.94709,0.46938476,198.11343
2381,19311.568,19312.121,19.786448,0.47086182,194.57143
2382,19308.629,19311.771,18.905386,0.46657714,185.44212
2383,19308.102,19311.404,18.226995,0.4725464,186.34062
2384,19308.164,19311.08,17.349216,0.47191164,202.7294
2385,19314.541,19311.426,16.692322,0.47235107,223.32182
2386,19320.404,19312.324,22.278326,0.46923828,387.02048
2387,19840.85,19365.176,25160.568,0.46799317,23957.852
2388,19305.152,19359.174,22968.764,0.46661377,205.29642
2389,19305.475,19353.805,20931.412,0.46970215,185.20166
2390,19309.203,19349.344,19017.307,0.46844482,189.90396
2391,19312.355,19345.645,17238.707,0.47120363,201.3968
2392,19314.174,19342.498,15603.973,0.46912843,212.2901
2393,19311.256,19339.373,14131.422,0.465979,225.18031
2394,19302.285,19335.664,12842.075,0.46982422,168.25935
2395,19304.607,19332.559,11644.674,0.470105,169.89464
2396,19306.244,19329.928,10542.526,0.4692749,173.95177
2397,19307.637,19327.7,9532.993,0.46815187,215.57388
2398,19397.492,19334.678,9018.089,0.46811524,3446.2212
2399,19316.445,19332.855,8146.1978,0.46330568,266.5513
2400,19318.098,19331.379,7351.179,0.46726075,250.8909
2401,19318.76,19330.117,6630.393,0.46782228,240.04056
2402,19309.873,19328.094,6004.238,0.4652588,203.1427
2403,19319.346,19327.219,5410.7017,0.46688232,195.80229
2404,19322.037,19326.701,4872.048,0.46395263,283.6229
2405,19307.443,19324.775,4418.2207,0.46810302,176.1901
2406,19320.645,19324.363,3977.9343,0.4711426,246.27007
2407,19322.957,19324.223,3580.3188,0.4673706,254.97054
2408,19315.596,19323.36,3228.985,0.4678467,279.07806
2409,19306.377,19321.66,2932.0427,0.46693116,176.28688
2410,19314.977,19320.992,2642.8586,0.4718506,223.0664
2411,19326.328,19321.525,2381.1353,0.46560058,327.53915
2412,19308.496,19320.223,2158.3003,0.46625978,169.11295
2413,19313.996,19319.6,1945.9595,0.46634522,195.90494
2414,19340.838,19321.723,1791.9592,0.46835938,1118.2792
2415,19437.924,19333.344,2828.0073,0.46657714,5391.187
2416,19317.424,19331.752,2568.0166,0.46605226,447.5915
2417,19309.092,19329.486,2357.4285,0.4689087,180.88077
2418,19316.172,19328.154,2137.6404,0.47061768,205.4514
2419,19315.885,19326.928,1937.425,0.47138673,235.48973
2420,19309.844,19325.219,1769.9502,0.46793213,211.18845
2421,19314.121,19324.11,1604.0393,0.4689575,195.02365
2422,19317.518,19323.45,1447.546,0.46781006,197.15126
2423,19315.377,19322.643,1308.6559,0.46912843,173.0136
2424,19318.758,19322.254,1179.1486,0.46512452,195.18498
2425,19316.504,19321.68,1064.2094,0.46572265,399.4954
2426,19311.926,19320.705,966.3509,0.4713745,203.52408
2427,19304.002,19319.035,894.82526,0.46774903,182.98007
2428,19303.516,19317.482,827.0197,0.4722534,180.86198
2429,19312.93,19317.027,746.1832,0.46972656,203.4845
2430,19316.932,19317.018,671.56573,0.47006837,349.33002
2431,19323.66,19317.682,608.3803,0.46763918,473.25195
2432,19304.258,19316.34,563.7602,0.46589357,165.51988
2433,19311.562,19315.861,509.43823,0.47037354,181.26082
2434,19302.39,19314.514,474.8258,0.4673462,183.94398
2435,19312.406,19314.303,427.74292,0.47230226,174.79869
2436,19310.754,19313.947,386.1021,0.46885988,266.45505
2437,19314.07,19313.959,347.49326,0.47180176,235.43613
2438,19304.008,19312.965,321.65625,0.46783447,188.63963
2439,19307.477,19312.416,292.2015,0.47244874,181.01857
2440,19306.0,19311.773,266.68622,0.4697754,166.11978
2441,19324.885,19313.084,255.48923,0.46929932,726.4976
2442,19312.484,19313.023,229.97266,0.46796876,219.15195
2443,19310.7,19312.791,207.46156,0.4668579,198.9852
2444,19311.98,19312.71,186.77454,0.46580812,188.0609
2445,19310.266,19312.467,168.63524,0.46831056,193.8911
2446,19307.371,19311.957,154.10867,0.4685547,184.14017
2447,19327.637,19313.525,160.82454,0.46790773,1023.16223
2448,19315.832,19313.756,145.22093,0.46712646,277.04517
2449,19318.89,19314.27,133.07176,0.46706542,434.59564
2450,19316.312,19314.475,120.14022,0.4709839,206.8459
2451,19315.299,19314.557,108.18733,0.47003174,433.1526
2452,19315.305,19314.63,97.41895,0.46983644,219.69666
2453,19309.541,19314.121,90.008644,0.4668091,193.55621
2454,19306.443,19313.354,86.313065,0.46984863,179.05081
2455,19304.63,19312.48,84.52938,0.4669678,169.21063
2456,19310.787,19312.31,76.33451,0.46851808,170.43108
2457,19315.54,19312.633,69.63915,0.46447754,184.85374
2458,19309.553,19312.324,63.529053,0.4675171,201.94456
2459,19334.031,19314.494,99.58372,0.4720703,1115.4915
2460,19351.768,19318.22,214.66318,0.4652588,1982.7996
2461,19305.244,19316.924,208.35205,0.4668579,186.3328
2462,19309.691,19316.201,192.22455,0.47073975,175.82954
2463,19306.195,19315.201,182.01263,0.4687378,192.004
2464,19304.307,19314.111,174.49353,0.47131348,202.27289
2465,19297.46,19312.445,181.99538,0.47434083,163.94804
2466,19316.895,19312.89,165.57744,0.4716797,242.30704
2467,19332.93,19314.895,185.16045,0.4708008,1105.0023
2468,19308.504,19314.256,170.32,0.46564943,368.12292
2469,19298.094,19312.64,176.79724,0.46618652,154.49228
2470,19304.352,19311.812,165.30128,0.4702637,170.79231
2471,19303.623,19310.994,154.80719,0.4732544,203.21783
2472,19301.182,19310.014,147.99213,0.4739502,184.20317
2473,19303.07,19309.32,137.53183,0.47077638,176.77637
2474,19309.457,19309.334,123.78032,0.47415772,172.18933
2475,19304.79,19308.879,113.26135,0.46878663,189.31323
2476,19304.396,19308.43,103.7435,0.47194824,210.3911
2477,19303.352,19307.922,95.69001,0.46781006,163.11769
2478,19308.904,19308.02,86.20787,0.46846923,190.07437
2479,19313.043,19308.521,79.85822,0.46616212,203.58287
2480,19309.213,19308.59,71.91542,0.46583253,174.33762
2481,19308.703,19308.602,64.72503,0.4713013,176.1963
2482,19308.39,19308.58,58.256527,0.46724853,182.94392
2483,19308.107,19308.533,52.450977,0.4685669,328.0902
2484,19302.71,19307.951,50.256767,0.4699219,226.19586
2485,19307.68,19307.924,45.23772,0.4709961,215.26213
2486,19300.748,19307.207,45.348213,0.4715088,163.03998
2487,19309.879,19307.475,41.45589,0.4709961,198.1187
2488,19301.727,19306.9,40.283905,0.46983644,170.97458
2489,19301.633,19306.373,38.752777,0.46462402,195.61354
2490,19305.98,19306.334,34.89137,0.47364503,196.17998
2491,19303.75,19306.076,32.00316,0.47197267,178.90387
2492,19302.174,19305.686,30.173386,0.46607667,170.58192
2493,19305.67,19305.684,27.156069,0.466333,196.71027
2494,19300.957,19305.21,26.451097,0.46979982,194.5511
2495,19303.527,19305.043,24.06109,0.47092286,185.75179
2496,19299.035,19304.441,24.903423,0.46562502,176.73833
2497,19302.867,19304.283,22.636114,0.47341308,187.266
2498,19299.898,19303.844,22.102858,0.47183838,185.18257
2499,19309.826,19304.441,23.113615,0.4661499,200.12097
2500,19309.133,19304.91,22.783089,0.47038576,194.56697
2501,19311.92,19305.611,24.927092,0.47347412,293.88773
2502,19304.11,19305.46,22.63741,0.46929932,210.46596
2503,19306.578,19305.572,20.485998,0.47314453,436.7028
2504,19311.035,19306.12,21.123283,0.4715088,321.0279
2505,19303.25,19305.832,19.751831,0.47380373,196.3331
2506,19303.45,19305.594,18.28765,0.47172853,211.85916
2507,19301.508,19305.186,17.961424,0.4737793,169.52357
2508,19304.79,19305.146,16.17943,0.4717163,186.57222
2509,19303.398,19304.973,14.836496,0.4714844,172.74419
2510,19310.227,19305.498,15.837164,0.47161865,207.17107
2511,19319.328,19306.88,31.467844,0.4668335,489.8827
2512,19308.219,19307.016,28.482155,0.46619874,199.29718
2513,19299.492,19306.264,30.728127,0.46468505,169.70522
2514,19300.336,19305.672,30.817734,0.4737915,198.6476
2515,19303.758,19305.48,28.065687,0.47009277,192.7413
2516,19303.98,19305.33,25.461618,0.4742798,175.03209
2517,19302.828,19305.08,23.478834,0.46965334,165.70032
2518,19301.988,19304.771,21.99128,0.46923828,182.38725
2519,19305.742,19304.87,19.876955,0.46827394,184.90247
2520,19297.916,19304.174,22.240395,0.46694335,176.569
2521,19297.83,19303.54,23.638239,0.47073975,171.36867
2522,19304.064,19303.592,21.299257,0.46759033,176.3591
2523,19306.32,19303.865,19.839363,0.4692749,195.68243
2524,19307.432,19304.223,19.000158,0.47086182,222.56192
2525,19314.115,19305.21,25.907822,0.4647339,401.69724
2526,19297.863,19304.477,28.175964,0.46745607,169.7352
2527,19300.133,19304.043,27.056501,0.4687256,178.88971
2528,19297.094,19303.348,28.697098,0.47022706,220.0096
2529,19295.73,19302.586,31.049326,0.46898195,200.23816
2530,19299.348,19302.262,28.888174,0.4729248,177.19661
2531,19299.373,19301.973,26.750355,0.47045898,242.95012
2532,19296.41,19301.416,26.860046,0.47017822,165.46796
2533,19304.68,19301.742,25.13268,0.46898195,169.02591
2534,19308.836,19302.451,27.148329,0.47177735,199.64598
2535,19299.12,19302.117,25.432714,0.46777344,184.48404
2536,19299.467,19301.852,23.521654,0.46610108,161.37923
2537,19306.217,19302.29,22.884462,0.46815187,233.28142
2538,19308.375,19302.898,23.929493,0.46953127,186.31424
2539,19307.932,19303.402,23.816525,0.46607667,184.57965
2540,19318.717,19304.934,42.542797,0.46572265,775.08636
2541,19306.727,19305.113,38.577843,0.4717163,222.16669
2542,19307.295,19305.332,35.14842,0.46783447,200.46858
2543,19305.912,19305.39,31.66386,0.46901855,162.98016
2544,19308.92,19305.744,29.618507,0.47014162,212.86568
2545,19304.236,19305.594,26.86127,0.4645996,173.94373
2546,19309.652,19306.0,25.65764,0.46483156,312.94043
2547,19304.275,19305.828,23.359562,0.47036132,193.50835
2548,19310.227,19306.268,22.764769,0.4690674,339.31784
2549,19305.598,19306.201,20.528683,0.4696289,231.52293
2550,19300.746,19305.656,21.154024,0.46588135,167.0782
2551,19300.86,19305.176,21.109522,0.4661133,187.66672
2552,19301.883,19304.846,19.974497,0.47136232,166.85243
2553,19303.979,19304.76,18.044727,0.46947023,179.70569
2554,19302.242,19304.508,16.810692,0.4675171,172.08672
2555,19294.18,19303.475,24.729935,0.47163087,166.22101
2556,19297.89,19302.916,25.06322,0.47197267,163.53096
2557,19298.643,19302.488,24.2005,0.47041017,190.25401
2558,19302.938,19302.533,21.79861,0.4730835,196.75104
2559,19299.918,19302.271,20.234299,0.47104493,167.0585
2560,19307.943,19302.838,21.106182,0.4708008,278.98386
2561,19300.623,19302.617,19.437061,0.47089845,180.1238
2562,19298.521,19302.207,19.003086,0.46923828,174.29425
2563,19302.746,19302.262,17.12893,0.47147217,264.5901
2564,19301.016,19302.137,15.555783,0.4695923,166.9598
2565,19305.105,19302.434,14.793417,0.4662964,187.1398
2566,19307.068,19302.896,15.24737,0.46401367,197.62509
2567,19395.766,19312.184,789.94354,0.46860352,4022.1372
2568,19299.537,19310.918,725.3432,0.4647095,200.42557
2569,19304.742,19310.3,656.2415,0.46777344,181.6907
2570,19296.762,19308.947,607.1149,0.4687378,190.62303
2571,19306.271,19308.68,547.04785,0.46816406,185.50366
2572,19302.246,19308.037,496.06824,0.47375488,182.98534
2573,19311.703,19308.404,447.67096,0.46835938,246.91762
2574,19299.473,19307.512,410.08353,0.47175294,177.80211
2575,19298.344,19306.596,376.6398,0.4717041,153.65248
2576,19296.61,19305.598,347.95123,0.4699219,169.43849
2577,19294.316,19304.469,324.61008,0.47120363,167.14891
2578,19300.07,19304.03,293.89023,0.472229,168.02078
2579,19297.176,19303.344,268.72858,0.47479248,199.66405
2580,19296.262,19302.635,246.36966,0.46954346,180.24007
2581,19311.062,19303.477,228.12509,0.4727417,821.6522
2582,19300.992,19303.229,205.86807,0.47263184,180.23201
2583,19297.36,19302.64,188.38148,0.4727295,161.44734
2584,19302.947,19302.672,169.55179,0.46990967,169.96613
2585,19305.348,19302.94,153.24098,0.47226563,276.31845
2586,19304.035,19303.049,138.02493,0.47149658,211.22163
2587,19303.23,19303.066,124.2254,0.46938476,194.13771
2588,19300.91,19302.852,112.221306,0.47296143,248.23177
2589,19298.828,19302.45,102.4561,0.4710083,259.8406
2590,19304.66,19302.67,92.65043,0.47092286,186.35316
2591,19302.803,19302.684,83.38697,0.4671997,195.52138
2592,19299.719,19302.387,75.83939,0.46634522,172.98965
2593,19306.256,19302.773,69.602776,0.47172853,232.9173
2594,19302.441,19302.74,62.65242,0.46881104,180.13524
2595,19305.625,19303.03,57.136147,0.47333986,170.05647
2596,19302.348,19302.96,51.464348,0.46721193,177.8588
2597,19298.89,19302.555,47.808983,0.47000733,163.79727
2598,19306.564,19302.955,44.475124,0.4718506,171.20564
2599,19305.766,19303.236,40.738537,0.4661377,170.02739
2600,19303.348,19303.248,36.6658,0.46820068,165.38431
2601,19313.914,19304.314,43.23797,0.47351074,513.4126
2602,19303.184,19304.201,39.029266,0.46826172,164.21605
2603,19294.84,19303.266,43.01344,0.46947023,160.55334
2604,19290.164,19301.955,54.16068,0.47020265,162.40039
2605,19290.24,19300.783,61.095993,0.4746216,162.19908
2606,19292.559,19299.96,61.07437,0.47624514,160.87979
2607,19295.133,19299.479,57.064903,0.46676025,182.47728
2608,19298.89,19299.42,51.389515,0.4725708,167.28812
2609,19298.895,19299.367,46.275406,0.47128907,160.12509
2610,19300.18,19299.45,41.70728,0.47333986,190.9317
2611,19293.215,19298.826,41.03462,0.47426757,173.72324
2612,19299.91,19298.934,37.03691,0.4739502,174.8335
2613,19300.004,19299.041,33.436317,0.4675293,222.38892
2614,19293.863,19298.523,32.50549,0.47208253,144.7298
2615,19296.805,19298.352,29.52081,0.47431642,199.64006
2616,19300.848,19298.602,27.12947,0.4717041,190.62218
2617,19295.766,19298.318,25.140352,0.47160646,170.3068
2618,19298.66,19298.352,22.636831,0.47282717,179.33858
2619,19304.34,19298.951,23.600504,0.46918947,214.48822
2620,19295.754,19298.63,22.160479,0.4678955,162.17984
2621,19300.828,19298.852,20.378948,0.46928713,162.69005
2622,19297.748,19298.742,18.45065,0.46679688,163.4352
2623,19296.51,19298.52,17.054117,0.4711426,166.92517
2624,19293.074,19297.975,18.017334,0.47286376,162.37988
2625,19296.64,19297.842,16.375757,0.47476807,156.33154
2626,19299.715,19298.03,15.053928,0.46862793,182.92155
2627,19304.934,19298.719,17.838774,0.4713013,198.8457
2628,19301.402,19298.986,16.703047,0.4680786,182.24834
2629,19295.473,19298.635,16.143871,0.4689331,182.41362
2630,19297.848,19298.557,14.585243,0.47200927,175.24588
2631,19300.238,19298.725,13.38123,0.4685913,181.73238
2632,19303.404,19299.193,14.01406,0.47069094,204.46097
2633,19303.367,19299.611,14.18053,0.4639038,182.5344
2634,19292.379,19298.889,17.47019,0.47191164,158.25613
2635,19297.48,19298.748,15.901644,0.46986085,165.34425
2636,19293.672,19298.24,16.630556,0.47022706,150.80743
2637,19300.385,19298.455,15.381412,0.47320557,213.24637
2638,19297.773,19298.387,13.885087,0.47370607,186.25287
2639,19301.793,19298.727,13.540807,0.47678223,166.36487
2640,19300.873,19298.941,12.601391,0.46993408,184.1179
2641,19298.037,19298.852,11.414849,0.46730956,172.18353
2642,19295.14,19298.48,11.512759,0.46652833,162.21407
2643,19299.457,19298.578,10.447313,0.4667847,165.75757
2644,19297.496,19298.47,9.507953,0.46862793,168.74187
2645,19301.371,19298.762,9.314261,0.46530762,178.9838
2646,19300.555,19298.941,8.672162,0.4703369,177.21588
2647,19303.39,19299.387,9.586545,0.47265625,199.1511
2648,19300.77,19299.525,8.799986,0.47111818,154.05849
2649,19298.932,19299.467,7.9517155,0.46954346,213.92377
2650,19293.414,19298.861,10.453747,0.46879885,160.43233
2651,19298.438,19298.818,9.424539,0.4737427,215.33868
2652,19292.11,19298.148,12.533027,0.46673584,177.47606
2653,19294.523,19297.785,12.46238,0.4708374,169.344
2654,19303.453,19298.352,14.1074705,0.46934816,215.99083
2655,19299.11,19298.428,12.748408,0.4685791,159.40295
2656,19305.924,19299.178,16.530794,0.46938476,182.40865
2657,19300.941,19299.354,15.157663,0.46795654,159.75125
2658,19313.67,19300.785,32.08825,0.46951905,528.6998
2659,19300.83,19300.79,28.879606,0.4683838,250.40785
2660,19294.152,19300.125,29.955788,0.4638916,186.07005
2661,19298.715,19299.984,27.139177,0.4682129,179.29428
2662,19294.367,19299.422,27.26501,0.47416994,159.75964
2663,19298.926,19299.373,24.56066,0.4713013,160.81781
2664,19303.17,19299.752,23.402056,0.47147217,148.72983
2665,19304.82,19300.258,23.373793,0.4659668,178.78018
2666,19307.23,19300.955,25.412027,0.46782228,401.44794
2667,19302.668,19301.127,23.134884,0.47092286,240.85432
2668,19291.246,19300.139,29.60822,0.47364503,156.13876
2669,19292.951,19299.42,31.29681,0.47060546,172.52953
2670,19293.016,19298.78,31.85848,0.46937257,151.47232
2671,19292.238,19298.125,32.523273,0.4746216,176.54417
2672,19291.965,19297.51,32.686222,0.47575685,162.00105
2673,19291.096,19296.87,33.120216,0.47458497,161.86711
2674,19291.816,19296.363,32.105904,0.46975097,154.63129
2675,19297.188,19296.445,28.956451,0.47261962,188.34612
2676,19300.957,19296.896,27.89281,0.47092286,178.54799
2677,19295.633,19296.77,25.247248,0.4713013,165.87822
2678,19294.848,19296.578,23.054947,0.4729004,188.97618
2679,19299.105,19296.83,21.324324,0.47092286,179.46416
2680,19293.965,19296.543,19.930752,0.46639404,161.15274
2681,19298.836,19296.771,18.41087,0.46794435,152.41698
2682,19296.05,19296.7,16.61653,0.47036132,182.66106
2683,19295.531,19296.582,15.07765,0.47541505,182.34962
2684,19293.5,19296.273,14.4247875,0.47242433,199.33252
2685,19299.71,19296.617,14.045785,0.47431642,186.51207
2686,19291.594,19296.115,14.912349,0.47194824,177.94066
2687,19299.664,19296.47,14.554589,0.4734009,221.62874
2688,19301.723,19296.996,15.581601,0.47194824,171.37924
2689,19298.95,19297.191,14.366763,0.4685913,282.44604
2690,19293.18,19296.791,14.378537,0.4729248,163.82147
2691,19303.217,19297.434,16.656841,0.4661133,163.60039
2692,19298.578,19297.549,15.109052,0.46795654,174.71869
2693,19290.828,19296.877,17.663254,0.46813965,160.92387
2694,19294.885,19296.678,16.254122,0.47124025,167.74515
2695,19292.447,19296.254,16.239428,0.47131348,162.96436
2696,19294.459,19296.074,14.905441,0.4723877,204.33371
2697,19291.402,19295.607,15.379274,0.47226563,188.04326
2698,19295.21,19295.568,13.8554945,0.4758911,248.49844
2699,19291.621,19295.174,13.872227,0.46970215,162.61696
2700,19298.912,19295.547,13.74273,0.4699219,221.83827
2701,19304.723,19296.465,19.946005,0.46949464,366.59747
2702,19306.734,19297.492,27.443098,0.46616212,226.54916
2703,19295.172,19297.26,25.183334,0.47247314,156.21141
2704,19295.121,19297.047,23.076653,0.46853027,170.34773
2705,19289.262,19296.268,26.223766,0.47343752,157.40633
2706,19286.195,19295.26,32.731937,0.47248536,171.89357
2707,19293.309,19295.064,29.801378,0.4764038,173.36111
2708,19299.176,19295.477,28.342512,0.47263184,158.61879
2709,19300.678,19295.996,27.942957,0.46979982,200.24243
2710,19294.705,19295.867,25.298666,0.47174072,147.97626
2711,19290.822,19295.363,25.05941,0.46450195,166.51953
2712,19297.445,19295.572,22.943605,0.47341308,154.58829
2713,19291.559,19295.172,22.099104,0.47211915,165.80965
2714,19301.71,19295.826,23.737534,0.47370607,266.32385
2715,19296.832,19295.926,21.454838,0.46871337,184.817
2716,19302.73,19296.605,23.476692,0.4724121,263.17252
2717,19289.93,19295.938,25.139967,0.47041017,180.04897
2718,19288.629,19295.207,27.433369,0.46900636,175.43938
2719,19292.318,19294.918,25.441029,0.47180176,159.69418
2720,19286.14,19294.041,29.830685,0.4734497,160.29004
2721,19294.309,19294.068,26.85406,0.4742798,159.15862
2722,19307.95,19295.457,41.509697,0.47113037,470.99823
2723,19298.898,19295.8,38.42462,0.46394044,215.4999
2724,19289.09,19295.129,38.63546,0.47154543,151.82079
2725,19291.15,19294.73,36.196487,0.46618652,148.65755
2726,19295.543,19294.812,32.636253,0.47193605,158.81354
2727,19289.96,19294.328,31.491018,0.47211915,155.36832
2728,19296.293,19294.525,28.689371,0.46834716,156.5541
2729,19294.537,19294.527,25.820446,0.47008058,231.59123
2730,19294.559,19294.531,23.23849,0.47302246,176.9394
2731,19298.414,19294.92,22.271502,0.47235107,194.59465
2732,19293.133,19294.742,20.331789,0.4696289,154.26877
2733,19294.646,19294.732,18.299433,0.47128907,183.19551
2734,19294.605,19294.719,16.47094,0.4717163,164.89204
2735,19289.309,19294.178,17.458126,0.46850586,155.12183
2736,19309.963,19295.756,38.13772,0.47598878,421.87372
2737,19301.287,19296.309,37.07747,0.46566162,236.2588
2738,19295.01,19296.18,33.521545,0.4680786,153.07474
2739,19286.95,19295.256,37.837532,0.47089845,165.13522
2740,19290.314,19294.762,36.251354,0.4729126,153.01369
2741,19293.295,19294.615,32.81985,0.47076416,158.46707
2742,19294.646,19294.62,29.537954,0.47027588,162.9617
2743,19294.113,19294.568,26.60719,0.46810302,180.78764
2744,19298.453,19294.957,25.304695,0.47058105,235.26285
2745,19294.709,19294.932,22.779762,0.46816406,154.88858
2746,19291.172,19294.555,21.774012,0.4702637,143.88028
2747,19296.404,19294.74,19.904505,0.47382814,209.08946
2748,19286.787,19293.945,23.606752,0.46932372,143.30498
2749,19288.957,19293.447,23.485542,0.4725952,159.92397
2750,19297.186,19293.82,22.394714,0.47341308,236.86798
2751,19293.688,19293.807,20.15683,0.47005615,160.64998
2752,19297.645,19294.191,19.466793,0.46833497,176.60757
2753,19297.2,19294.492,18.334337,0.46951905,211.52129
2754,19298.094,19294.852,17.668316,0.47298583,235.9501
2755,19291.203,19294.486,17.099483,0.47109374,164.78476
2756,19291.117,19294.148,16.411135,0.47115478,161.81277
2757,19293.586,19294.092,14.798498,0.47077638,171.88345
2758,19290.445,19293.727,14.515365,0.47229004,226.27747
2759,19288.527,19293.207,15.496696,0.46933594,162.7106
2760,19301.53,19294.04,20.180435,0.4765503,206.3925
2761,19284.121,19293.047,27.01534,0.46772462,147.04683
2762,19286.668,19292.408,27.975946,0.47144777,155.27089
2763,19288.84,19292.05,26.324339,0.4711914,161.13792
2764,19290.012,19291.848,24.066103,0.470813,164.74577
2765,19291.465,19291.809,21.67268,0.47192383,173.92734
2766,19291.133,19291.74,19.546513,0.46831056,177.36737
2767,19290.953,19291.662,17.64762,0.46958008,174.68805
2768,19304.525,19292.95,30.77462,0.47249755,309.95404
2769,19327.973,19296.451,138.09488,0.46795654,1598.5035
2770,19292.125,19296.02,125.96981,0.4713745,290.2824
2771,19288.37,19295.254,118.640396,0.47219238,201.84093
2772,19295.771,19295.305,106.80046,0.47489014,233.1061
2773,19291.95,19294.969,97.133736,0.4706421,222.03299
2774,19287.994,19294.271,91.79842,0.47403565,153.3356
2775,19294.936,19294.338,82.658264,0.4699219,180.97551
2776,19295.102,19294.414,74.44492,0.4724121,193.15634
2777,19290.748,19294.047,68.21,0.4741089,150.29015
2778,19293.076,19293.95,61.473797,0.47404787,156.35004
2779,19293.309,19293.885,55.36335,0.46591797,161.88516
2780,19290.512,19293.547,50.850983,0.47050783,161.03886
2781,19291.352,19293.328,46.19963,0.4677124,163.73334
2782,19295.082,19293.504,41.85652,0.47373047,163.06522
2783,19299.236,19294.078,40.628326,0.47109374,324.48984
2784,19289.652,19293.635,38.328373,0.4779419,176.22191
2785,19292.395,19293.512,34.633972,0.46829835,149.92744
2786,19292.367,19293.396,31.288471,0.47174072,164.1678
2787,19294.273,19293.484,28.228838,0.47011718,221.18077
2788,19298.438,19293.98,27.613964,0.4734009,256.701
2789,19293.21,19293.904,24.905863,0.47020265,180.9071
2790,19288.979,19293.412,24.598974,0.4716675,213.60927
2791,19293.094,19293.38,22.1482,0.47250977,163.91666
2792,19293.723,19293.414,19.943893,0.46950683,207.70071
2793,19286.574,19292.73,22.160015,0.47226563,154.23148
2794,19290.434,19292.5,20.41882,0.47449952,161.22145
2795,19292.586,19292.508,18.377602,0.4706543,157.1071
2796,19284.557,19291.713,22.229742,0.46939698,186.1837
2797,19297.285,19292.27,22.801281,0.47309572,191.23935
2798,19288.965,19291.94,21.50404,0.4692749,164.95123
2799,19296.273,19292.373,21.044144,0.4697876,179.38974
2800,19289.672,19292.104,19.5964,0.47154543,172.63335
2801,19293.27,19292.22,17.759123,0.47285157,159.44643
2802,19305.438,19293.543,31.704742,0.47127685,481.53122
2803,19342.715,19298.46,246.14285,0.46831056,2468.286
2804,19293.266,19297.941,223.95778,0.47264406,168.25108
2805,19295.625,19297.709,202.0449,0.4745972,236.70944
2806,19291.395,19297.078,185.42891,0.47436523,192.36447
2807,19325.713,19299.941,240.68149,0.4699463,1503.1929
2808,19293.883,19299.336,219.91692,0.46853027,174.50887
2809,19282.879,19297.69,222.30026,0.46866456,161.33636
2810,19290.16,19296.938,205.17236,0.4734497,173.19395
2811,19297.436,19296.988,184.67744,0.4699951,163.57005
2812,19289.838,19296.273,170.81122,0.46762696,161.9281
2813,19286.898,19295.336,161.64024,0.46989748,161.41373
2814,19284.105,19294.213,156.82733,0.47633058,144.7098
2815,19286.914,19293.482,145.93915,0.47352296,168.64919
2816,19290.79,19293.213,131.99811,0.4725952,150.54706
2817,19288.816,19292.773,120.53791,0.47373047,155.91154
2818,19301.086,19293.605,114.7029,0.47276613,428.04016
2819,21153.062,19479.55,311285.47,0.47106934,84404.65
2820,19293.816,19460.977,283261.66,0.46713868,179.46127
2821,19300.176,19444.896,257262.61,0.47813722,381.73166
2822,19293.574,19429.764,233597.2,0.4676636,173.79695
2823,19287.744,19415.562,212052.73,0.4728882,167.99474
2824,19288.191,19402.826,192307.56,0.47479248,161.3055
2825,19296.035,19392.146,174103.2,0.47348633,180.17436
2826,19294.734,19382.406,157546.89,0.46984863,173.68379
2827,19291.186,19373.285,142541.11,0.46939698,149.94713
2828,19296.418,19365.598,128818.766,0.47790527,201.65672
2829,19288.082,19357.846,116477.664,0.469812,158.64447
2830,19292.027,19351.264,105219.78,0.47510988,172.7978
2831,19295.22,19345.66,94980.47,0.47528076,200.56735
2832,19295.111,19340.605,85712.38,0.47332764,192.87386
2833,19294.643,19336.01,77331.27,0.47351074,171.63449
2834,19293.473,19331.756,69760.984,0.47052002,174.99925
2835,19288.777,19327.457,62951.133,0.47177735,159.23343
2836,19292.113,19323.922,56768.445,0.47093508,175.62384
2837,19284.678,19319.998,51230.21,0.47303468,145.6654
2838,19290.748,19317.072,46184.188,0.4732666,163.72437
2839,19287.912,19314.156,41642.297,0.46722412,170.3956
2840,19285.85,19311.326,37550.18,0.47386476,165.04324
2841,19288.281,19309.021,33842.957,0.46983644,155.81918
2842,19293.94,19307.514,30479.133,0.47733155,174.56326
2843,19289.445,19305.707,27460.602,0.4706299,156.66052
2844,19302.828,19305.42,24715.285,0.47110596,822.50684
2845,19287.688,19303.646,22272.055,0.47055665,151.34877
2846,19285.46,19301.828,20074.613,0.47161865,162.0409
2847,19289.58,19300.604,18080.652,0.47503662,157.33234
2848,19294.223,19299.965,16276.252,0.471521,177.1509
2849,19296.008,19299.568,14650.035,0.46772462,169.69124
2850,19295.322,19299.145,13186.653,0.46990967,164.70912
2851,19292.346,19298.465,11872.147,0.4722046,155.5155
2852,19287.61,19297.379,10695.538,0.4736084,138.49118
2853,19285.285,19296.17,9639.147,0.47178957,149.56558
2854,19285.379,19295.09,8685.713,0.47403565,151.42299
2855,19286.672,19294.248,7823.5186,0.47147217,148.2835
2856,19291.012,19293.924,7042.1094,0.46918947,162.20345
2857,19288.492,19293.38,6340.553,0.47337648,209.50122
2858,19289.977,19293.041,5707.5405,0.4699951,182.77391
2859,19289.426,19292.68,5137.963,0.4758911,177.2266
2860,19290.64,19292.477,4624.541,0.47250977,152.03976
2861,19285.95,19291.824,4165.9214,0.4675293,156.56995
2862,19288.957,19291.537,3750.069,0.47182617,159.89122
2863,19286.03,19290.986,3377.7925,0.47431642,147.1426
2864,19293.035,19291.191,3040.3909,0.47299805,155.10703
2865,19293.883,19291.46,2737.0037,0.47159424,164.04684
2866,19289.89,19291.305,2463.5251,0.46900636,173.69359
2867,19285.742,19290.748,2219.9573,0.47144777,138.90923
2868,19294.41,19291.113,1999.1685,0.4694458,343.25293
2869,19293.762,19291.379,1799.8828,0.47440186,163.39987
2870,19293.004,19291.541,1620.1321,0.46744385,163.53568
2871,19292.484,19291.635,1458.199,0.4702881,162.53506
2872,19293.021,19291.773,1312.5521,0.46970215,179.54031
2873,19291.604,19291.756,1181.2996,0.47037354,182.9279
2874,19298.557,19292.436,1067.3322,0.47235107,180.95656
2875,19291.133,19292.305,960.75165,0.47208253,155.8342
2876,19289.762,19292.05,865.2585,0.47205812,155.94463
2877,19283.943,19291.24,784.6484,0.46824953,148.7959
2878,19284.898,19290.605,709.80316,0.47304687,153.28662
2879,19290.875,19290.633,638.82935,0.47303468,154.1046
2880,19286.254,19290.195,576.6721,0.47227785,165.92143
2881,19285.348,19289.71,521.1199,0.47646484,153.1401
2882,19287.887,19289.53,469.30737,0.47034913,153.08891
2883,19288.86,19289.463,422.41702,0.47424316,144.01144
2884,19291.688,19289.686,380.62073,0.4703003,163.20937
2885,19290.426,19289.76,342.60797,0.46949464,161.60468
2886,19289.07,19289.691,308.38995,0.47164306,186.13872
2887,19302.555,19290.979,292.4427,0.47235107,275.7427
2888,19290.133,19290.895,263.2628,0.4722168,159.7918
2889,19289.11,19290.717,237.2233,0.4690918,182.64774
2890,19290.557,19290.701,213.50327,0.4758911,145.4972
2891,19290.238,19290.654,192.17221,0.46864015,153.13449
2892,19290.785,19290.668,172.95653,0.47382814,144.78085
2893,19294.307,19291.031,156.85246,0.47313234,165.86017
2894,19287.672,19290.695,142.18289,0.47592774,146.848
2895,19286.293,19290.256,129.70886,0.47087404,153.5905
2896,19281.9,19289.42,123.02122,0.47335204,136.42445
2897,19285.562,19289.035,112.058266,0.47659913,149.28882
2898,19284.684,19288.6,102.55669,0.4694214,163.37843
2899,19286.887,19288.428,92.56507,0.47407228,152.47716
2900,19282.018,19287.787,87.00667,0.47352296,146.66942
2901,19287.922,19287.8,78.30763,0.47415772,142.1754
2902,19291.414,19288.162,71.651886,0.47043458,143.8083
2903,19281.69,19287.516,68.25727,0.4677124,147.52898
2904,19281.934,19286.957,64.235855,0.47200927,145.6107
2905,19286.416,19286.902,57.838608,0.47508547,177.53767
2906,19287.742,19286.986,52.118225,0.4723877,134.21815
2907,19284.291,19286.717,47.560226,0.47436523,148.57286
2908,19291.502,19287.195,44.864998,0.47463378,170.60902
2909,19286.77,19287.152,40.394814,0.47197267,157.89041
2910,19292.957,19287.732,39.387825,0.47282717,164.91617
2911,19288.113,19287.77,35.462093,0.46702883,193.99756
2912,19281.62,19287.154,35.32034,0.47623292,142.95734
2913,19287.516,19287.191,31.800056,0.47546387,158.15007
2914,19288.021,19287.273,28.682062,0.47526857,158.65005
2915,19285.787,19287.125,26.01268,0.4680298,159.94379
2916,19286.291,19287.041,23.474009,0.46993408,153.24919
2917,19287.262,19287.062,21.130991,0.4794922,163.47437
2918,19286.273,19286.984,19.073927,0.46541747,179.47139
2919,19285.258,19286.812,17.434826,0.47420654,152.18492
2920,19283.951,19286.527,16.42819,0.4784546,145.71866
2921,19286.639,19286.54,14.786487,0.4751831,218.22601
2922,19287.016,19286.586,13.328278,0.4744873,176.43314
2923,19287.951,19286.723,12.163197,0.46679688,179.13435
2924,19293.84,19287.434,15.505769,0.4708374,328.2442
2925,19286.799,19287.371,13.991455,0.47227785,153.73276
2926,19285.238,19287.158,13.00171,0.47510988,173.3729
2927,19290.645,19287.508,12.795443,0.47302246,164.25798
2928,19286.48,19287.404,11.610887,0.47718507,153.67249
2929,19289.943,19287.658,11.030013,0.47606203,178.03967
2930,19286.521,19287.545,10.0433035,0.4706421,154.9961
2931,19286.26,19287.416,9.187619,0.47572023,160.42146
2932,19293.164,19287.99,11.242461,0.47071534,179.7949
2933,19291.025,19288.293,10.94731,0.4697632,205.06181
2934,19289.326,19288.396,9.948654,0.47276613,147.8071
2935,19291.5,19288.707,9.820651,0.46756592,162.17644
2936,19289.676,19288.805,8.923048,0.4688843,164.45659
2937,19287.424,19288.666,8.202353,0.46743163,150.16547
2938,19290.758,19288.875,7.775922,0.47398683,168.19781
2939,19290.855,19289.072,7.351332,0.4659546,163.11191
2940,19285.834,19288.748,7.5599804,0.4675537,149.35965
2941,19285.262,19288.398,7.897886,0.47369385,152.0316
2942,19288.469,19288.406,7.108542,0.4725952,162.03218
2943,19288.54,19288.42,6.399275,0.47246096,140.77843
2944,19285.385,19288.117,6.588443,0.46975097,258.35303
2945,19284.541,19287.76,7.080609,0.47087404,180.26608
2946,19291.475,19288.13,7.6145535,0.47456056,153.07649
2947,19284.912,19287.809,7.78553,0.47003174,156.17967
2948,19285.096,19287.537,7.6693563,0.4736084,149.43994
2949,19287.719,19287.555,6.90539,0.47319338,156.25356
2950,19288.969,19287.695,6.394812,0.46842042,159.05487
2951,19291.742,19288.1,7.2292786,0.46914062,167.94165
2952,19283.072,19287.598,8.781027,0.4716675,146.62935
2953,19288.809,19287.719,8.034897,0.47298583,163.02492
2954,19288.492,19287.797,7.285245,0.4731079,165.09091
2955,19281.156,19287.133,10.525531,0.47078857,143.35689
2956,19282.902,19286.709,11.083695,0.47747803,159.7293
2957,19287.645,19286.803,10.054097,0.47473145,150.73691
2958,19283.023,19286.426,10.334165,0.46826172,152.2462
2959,19285.395,19286.322,9.3964615,0.47348633,143.6439
2960,19284.719,19286.162,8.688229,0.47014162,143.5911
2961,19282.293,19285.775,9.166728,0.47322997,152.44945
2962,19286.113,19285.809,8.26033,0.47452393,151.30579
2963,19273.738,19284.602,20.546618,0.47487792,145.78476
2964,19282.43,19284.385,18.916489,0.4751831,165.69452
2965,19286.662,19284.613,17.491606,0.47521973,176.65326
2966,19284.133,19284.564,15.763221,0.46879885,228.36623
2967,19289.02,19285.01,15.973194,0.47424316,154.08464
2968,19282.37,19284.746,15.003436,0.46967775,161.5532
2969,19284.523,19284.725,13.507554,0.4745117,165.61662
2970,19285.523,19284.805,12.21423,0.47027588,156.81482
2971,19290.385,19285.363,13.795161,0.47684327,183.27779
2972,19281.094,19284.936,14.056246,0.4690918,154.40742
2973,19282.738,19284.715,13.085138,0.47761232,154.66994
2974,19282.137,19284.457,12.374829,0.47061768,159.12817
2975,19278.674,19283.879,14.147436,0.4720215,168.68942
2976,19286.438,19284.135,13.321868,0.47161865,176.2421
2977,19281.215,19283.844,12.757016,0.47529298,140.66176
2978,19285.77,19284.037,11.815091,0.47576904,150.54327
2979,19288.727,19284.506,12.612769,0.46666262,148.44427
2980,19286.281,19284.684,11.635173,0.47199708,144.60411
2981,19282.938,19284.51,10.746051,0.46894532,161.13559
2982,19287.045,19284.764,10.249877,0.47471926,145.42201
2983,19283.984,19284.686,9.279546,0.4741089,183.13173
2984,19285.625,19284.78,8.431022,0.47445068,152.81332
2985,19284.055,19284.707,7.6351743,0.47175294,136.89568
2986,19279.363,19284.172,9.441667,0.47408447,142.79886
2987,19283.477,19284.102,8.541011,0.47705078,234.53175
2988,19280.535,19283.744,8.831643,0.47404787,176.61061
2989,19287.117,19284.082,8.972449,0.47625732,180.07838
2990,19280.48,19283.723,9.242618,0.46920165,145.53638
2991,19278.047,19283.154,11.21766,0.4748047,132.73268
2992,19290.754,19283.914,15.293759,0.47183838,238.174
2993,19288.105,19284.334,15.345493,0.47019044,243.90886
2994,19279.895,19283.89,15.584731,0.4725708,155.04347
2995,19278.027,19283.305,17.120283,0.47485352,132.85597
2996,19285.207,19283.494,15.733956,0.46934816,150.53226
2997,19282.473,19283.393,14.25447,0.47320557,141.54695
2998,19282.168,19283.27,12.963993,0.47283936,147.0063
2999,19288.035,19283.746,13.711599,0.47575685,186.82126
3000,19290.086,19284.38,15.957865,0.46853027,287.51898
3001,19286.324,19284.574,14.701976,0.46618652,192.5541
3002,19282.719,19284.389,13.541627,0.47102052,146.42632
3003,19291.533,19285.104,16.781454,0.47469482,395.00345
3004,19282.45,19284.838,15.737384,0.46917725,165.6127
3005,19281.117,19284.465,15.409571,0.47315675,139.8136
3006,19287.443,19284.762,14.667053,0.4706299,156.44908
3007,19293.53,19285.639,20.118685,0.4727539,199.6832
3008,19285.031,19285.578,18.140022,0.47154543,187.16418
3009,19283.152,19285.336,16.855618,0.47569582,296.62048
3010,19274.621,19284.264,25.502766,0.4765503,146.26797
3011,19282.418,19284.078,23.259085,0.47471926,170.92786
3012,19286.89,19284.36,21.64509,0.4703003,153.81853
3013,19281.824,19284.105,20.059013,0.4734253,158.58987
3014,19283.143,19284.01,18.136557,0.4751587,147.21469
3015,19278.879,19283.496,18.692215,0.4751465,147.52243
3016,19282.361,19283.383,16.938885,0.4758545,156.4659
3017,19282.168,19283.262,15.377822,0.4750122,141.57979
3018,19285.008,19283.436,14.114435,0.47709963,166.43532
3019,19288.064,19283.898,14.631401,0.4727417,187.25038
3020,19280.332,19283.541,14.312993,0.4725952,146.57668
3021,19287.004,19283.887,13.960938,0.47208253,169.15134
3022,19303.555,19285.854,47.37945,0.47061768,798.79895
3023,19290.246,19286.293,44.378033,0.47175294,176.58774
3024,19290.193,19286.684,41.309402,0.47524413,167.01514
3025,19283.668,19286.383,37.99692,0.47175294,141.30415
3026,19289.754,19286.72,35.220013,0.47237548,176.21075
3027,19281.215,19286.17,34.426315,0.46953127,158.53076
3028,19289.82,19286.535,32.182964,0.47526857,291.3299
3029,19285.07,19286.389,29.157785,0.4723633,140.09897
3030,19284.734,19286.223,26.48831,0.4754761,148.71262
3031,19283.486,19285.95,24.513351,0.47214356,168.54369
3032,19282.598,19285.613,23.072983,0.4724121,151.67363
3033,19286.473,19285.7,20.832151,0.46816406,151.20975
3034,19283.285,19285.457,19.273428,0.46905518,145.39037
3035,19287.191,19285.63,17.61681,0.47141114,144.47383
3036,19281.043,19285.172,17.749516,0.4715088,146.88055
3037,19281.17,19284.771,17.41597,0.4768799,163.21309
3038,19282.846,19284.578,16.008148,0.47404787,173.07199
3039,19284.363,19284.557,14.411488,0.4756592,163.58252
3040,19280.867,19284.188,14.195424,0.47592774,141.98967
3041,19281.26,19283.895,13.547328,0.4749634,203.54457
3042,19286.805,19284.186,12.954805,0.46834716,154.24033
3043,19284.268,19284.193,11.65993,0.47576904,140.53085
3044,19282.236,19283.998,10.8386345,0.4722046,142.02876
3045,19282.291,19283.828,10.017027,0.4727417,146.45638
3046,19282.166,19283.662,9.263958,0.47156984,142.1483
3047,19274.234,19282.719,16.336958,0.47198486,155.39995
3048,19278.031,19282.25,16.680801,0.47489014,146.05156
3049,19283.037,19282.328,15.06848,0.47592774,148.13673
3050,19282.895,19282.385,13.590505,0.47038576,160.06714
3051,19285.316,19282.678,13.00496,0.4671875,157.40915
3052,19279.824,19282.393,12.437293,0.47641602,146.68985
3053,19275.418,19281.695,15.57163,0.47280273,136.44737
3054,19281.4,19281.666,14.022294,0.4741455,159.77928
3055,19285.996,19282.1,14.307527,0.47608644,146.26553
3056,19282.143,19282.104,12.87694,0.4720459,144.71916
3057,19287.83,19282.676,14.540663,0.47788087,161.01808
3058,19287.453,19283.154,15.140667,0.47277832,162.48425
3059,19284.617,19283.3,13.819204,0.47445068,147.42804
3060,19284.938,19283.465,12.67838,0.46964112,161.9733
3061,19293.852,19284.504,21.120094,0.47408447,167.90044
3062,19295.883,19285.643,30.661242,0.46901855,186.91818
3063,19286.465,19285.725,27.655968,0.4713501,150.27544
3064,19282.21,19285.373,26.0015,0.4712158,148.0651
3065,19281.79,19285.016,24.557394,0.47491455,141.3269
3066,19279.57,19284.47,24.770283,0.47197267,144.50241
3067,19283.281,19284.352,22.420586,0.4737915,147.62698
3068,19280.805,19283.996,21.310755,0.47120363,139.65619
3069,19284.578,19284.055,19.210167,0.47569582,156.72165
3070,19284.697,19284.12,17.326311,0.46928713,146.40459
3071,19284.516,19284.158,15.607828,0.47056887,155.73094
3072,19279.664,19283.709,15.864801,0.46801758,151.88286
3073,19289.178,19284.256,16.96997,0.4751831,243.82784
3074,19286.7,19284.5,15.810273,0.47017822,142.27068
3075,19282.254,19284.275,14.683289,0.47407228,135.18259
3076,19282.842,19284.133,13.399926,0.47528076,132.47385
3077,19278.791,19283.598,14.628065,0.4727051,144.17456
3078,19282.297,19283.467,13.317541,0.47097167,151.43166
3079,19285.455,19283.666,12.34158,0.47243652,135.78497
3080,19286.895,19283.988,12.045521,0.47387695,146.02979
3081,19281.842,19283.773,11.255633,0.47149658,240.35081
3082,19273.098,19282.705,20.387577,0.47615966,145.44672
3083,19286.086,19283.043,19.377537,0.47265625,159.1048
3084,19280.28,19282.766,18.127192,0.47403565,146.78076
3085,19280.55,19282.545,16.75597,0.47279054,133.49593
3086,19285.102,19282.8,15.66865,0.47264406,184.68228
3087,19277.043,19282.225,17.0855,0.47509766,139.55486
3088,19278.926,19281.895,16.356354,0.4718628,145.31181
3089,19283.914,19282.096,15.087783,0.47735596,161.58919
3090,19282.531,19282.139,13.596078,0.4704468,153.86798
3091,19286.326,19282.557,13.814634,0.472229,184.12915
3092,19295.629,19283.863,27.812742,0.4749878,514.3411
3093,19279.805,19283.457,26.513964,0.47102052,137.9731
3094,19280.465,19283.158,24.668354,0.47301027,174.45174
3095,19271.375,19281.98,34.697468,0.47593996,145.31602
3096,19279.654,19281.748,31.714716,0.47277832,174.09169
3097,19283.121,19281.885,28.712917,0.47277832,453.5379
3098,19277.191,19281.416,27.824112,0.47681886,148.7703
3099,19278.805,19281.154,25.655413,0.473938,151.86987
3100,19279.816,19281.02,23.250967,0.4734253,142.27122
3101,19283.701,19281.287,21.573078,0.47009277,173.08481
3102,19283.469,19281.506,19.84413,0.47576904,216.84668
3103,19279.51,19281.307,18.218311,0.47545168,157.33151
3104,19277.45,19280.922,17.735653,0.4740967,184.00053
3105,19284.277,19281.258,16.975412,0.47479248,252.20062
3106,19284.586,19281.59,16.274748,0.47445068,178.82346
3107,19278.793,19281.31,15.351299,0.47642824,130.58289
3108,19279.791,19281.158,14.023977,0.4695923,145.39597
3109,19288.145,19281.857,17.01437,0.47629395,197.032
3110,19279.422,19281.613,15.846803,0.4709961,203.00706
3111,19287.293,19282.182,17.165419,0.47583008,480.31998
3112,19291.457,19283.11,23.191833,0.47371826,524.01587
3113,21214.576,19476.256,335771.62,0.4692749,87504.69
3114,19291.002,19457.73,305283.16,0.4629883,169.51088
3115,19277.305,19439.688,277684.66,0.47199708,136.59192
3116,19284.734,19424.191,252077.14,0.46973878,144.8847
3117,19279.525,19409.725,228752.97,0.47530517,141.54326
3118,19285.23,19397.275,207272.55,0.4732666,193.00053
3119,19280.469,19385.594,187773.22,0.47452393,153.86263
3120,19280.309,19375.064,169993.55,0.47495118,154.28516
3121,19281.469,19365.705,153782.61,0.47110596,139.4051
3122,19277.482,19356.883,139104.84,0.4725464,144.68738
3123,19285.58,19349.752,125651.92,0.47418213,176.39166
3124,19282.664,19343.043,113491.8,0.46849367,153.9148
3125,19281.6,19336.898,102482.39,0.47128907,133.38474
3126,19283.383,19331.547,92491.9,0.47281495,153.67836
3127,19279.1,19326.303,83490.27,0.46983644,153.08467
3128,19277.285,19321.4,75357.49,0.4722534,152.53734
3129,19280.375,19317.297,67973.22,0.47440186,161.30063
3130,19288.523,19314.42,61250.406,0.47343752,181.37573
3131,19284.672,19311.445,55205.01,0.4772339,200.37166
3132,19276.3,19307.932,49795.67,0.47530517,168.8957
3133,19282.152,19305.354,44875.914,0.47484133,171.68152
3134,19282.656,19303.084,40434.688,0.47351074,177.52873
3135,19278.643,19300.64,36444.98,0.47331545,153.18639
3136,19278.504,19298.428,32844.586,0.47375488,143.01509
3137,19275.268,19296.111,29608.402,0.4732178,140.52545
3138,19279.375,19294.438,26672.77,0.47283936,142.9632
3139,19283.07,19293.3,24017.121,0.4735596,193.76463
3140,19283.072,19292.277,21624.824,0.4694092,158.63612
3141,19279.727,19291.021,19476.518,0.47183838,147.42282
3142,19276.71,19289.59,17547.297,0.473584,140.78099
3143,19278.557,19288.486,15803.523,0.47407228,152.02919
3144,19278.387,19287.477,14232.351,0.47303468,150.62329
3145,19289.988,19287.729,12809.683,0.479834,258.53894
3146,19280.5,19287.006,11533.417,0.47149658,188.04501
3147,19280.818,19286.387,10383.5205,0.4717163,203.16655
3148,19286.605,19286.408,9345.173,0.47178957,190.39828
3149,19282.027,19285.97,8412.383,0.469812,147.79797
3150,19280.414,19285.414,7573.9233,0.47431642,132.86472
3151,19278.371,19284.709,6820.995,0.4727173,145.75844
3152,19278.348,19284.072,6142.5376,0.473584,139.81903
3153,19277.672,19283.432,5531.9707,0.47510988,137.07713
3154,19278.186,19282.906,4981.2505,0.47548828,140.22835
3155,19275.21,19282.137,4488.455,0.47458497,143.34969
3156,19270.338,19280.957,4052.1387,0.47382814,176.79932
3157,19278.957,19280.758,3647.2847,0.47764894,161.96451
3158,19278.973,19280.58,3282.8428,0.47214356,146.90817
3159,19279.576,19280.48,2954.6492,0.47442627,140.37277
3160,19281.32,19280.564,2659.2478,0.47626954,165.83325
3161,19277.828,19280.291,2393.9968,0.46983644,151.29984
3162,19285.85,19280.848,2157.378,0.47490236,151.30469
3163,19283.56,19281.12,1942.3026,0.46845704,156.60611
3164,19279.469,19280.953,1748.3174,0.46987304,141.81465
3165,19281.365,19280.994,1573.5009,0.47219238,149.0068
3166,19281.832,19281.078,1416.2139,0.47362062,172.96936
3167,19278.865,19280.857,1275.0332,0.4722046,164.65468
3168,19290.258,19281.797,1155.4829,0.47034913,292.2352
3169,19283.969,19282.014,1040.3591,0.47244874,190.78793
3170,19282.57,19282.07,936.3511,0.46939698,157.74257
3171,19286.666,19282.53,844.6168,0.47320557,157.69193
3172,19281.188,19282.395,760.31714,0.46850586,142.582
3173,19284.912,19282.646,684.8559,0.46583253,177.45677
3174,19283.36,19282.719,616.4161,0.4728882,174.23466
3175,19279.836,19282.43,555.5224,0.47418213,150.22813
3176,19278.387,19282.025,501.44128,0.47061768,143.7133
3177,19280.145,19281.838,451.61554,0.4697754,146.3758
3178,19278.855,19281.54,407.25452,0.4741455,165.25557
3179,19280.135,19281.398,366.70654,0.47475585,141.97066
3180,19279.428,19281.201,330.3854,0.4740967,150.94667
3181,19279.871,19281.068,297.50607,0.4775757,181.4095
3182,19277.02,19280.664,269.23083,0.4748047,139.09737
3183,19279.014,19280.5,242.55287,0.47069094,159.57861
3184,19280.844,19280.535,218.30821,0.47728273,151.36006
3185,19274.73,19279.955,199.50989,0.47449952,141.71721
3186,19275.062,19279.465,181.71326,0.47486573,140.12059
3187,19277.045,19279.223,164.06897,0.47131348,146.5465
3188,19280.672,19279.367,147.85109,0.47857666,146.26817
3189,19279.193,19279.35,133.0687,0.474292,171.0325
3190,19285.047,19279.92,122.68311,0.47315675,169.52368
3191,19280.014,19279.93,110.41559,0.4739624,145.73706
3192,19278.559,19279.793,99.54321,0.47790527,148.02283
3193,19279.637,19279.777,89.59109,0.474646,140.66206
3194,19276.27,19279.426,81.7394,0.46903077,149.85732
3195,19293.355,19280.818,91.02872,0.47216797,528.4428
3196,19286.963,19281.434,85.32382,0.47138673,210.58324
3197,19279.184,19281.209,77.24706,0.4713257,146.73534
3198,19279.717,19281.06,69.722755,0.47368166,141.10591
3199,19276.777,19280.633,64.401596,0.47302246,147.67207
3200,19278.008,19280.371,58.581593,0.47590333,150.16492
3201,19285.594,19280.893,55.178288,0.47561035,170.58612
3202,19278.264,19280.629,50.282463,0.4713257,153.80733
3203,19280.941,19280.66,45.263004,0.4750122,134.75703
3204,19277.596,19280.354,41.581882,0.47319338,147.18524
3205,19275.438,19279.861,39.598743,0.47390136,133.56255
3206,19287.059,19280.582,40.300926,0.4704956,168.47318
3207,19283.51,19280.875,37.04228,0.47258303,151.52809
3208,19277.467,19280.535,34.383476,0.47304687,132.23766
3209,19273.264,19279.809,35.70383,0.47407228,129.65886
3210,19272.664,19279.094,36.72744,0.47470704,128.27565
3211,19276.887,19278.873,33.493084,0.47763672,138.9892
3212,19278.812,19278.867,30.144104,0.46866456,147.05037
3213,19282.05,19279.186,28.041866,0.47172853,165.62288
3214,19279.61,19279.229,25.253845,0.47285157,153.05324
3215,19276.543,19278.96,23.377554,0.47615966,129.73589
3216,19283.688,19279.434,23.050434,0.4750122,146.0298
3217,19281.693,19279.66,21.204979,0.46783447,137.86536
3218,19286.045,19280.299,22.753351,0.47465822,244.2561
3219,19280.318,19280.3,20.47805,0.47436523,142.21762
3220,19285.127,19280.783,20.526518,0.47332764,144.7693
3221,19279.648,19280.67,18.589758,0.47144777,143.7325
3222,19281.5,19280.754,16.792795,0.47458497,145.43481
3223,19281.816,19280.86,15.2151165,0.4739624,192.4322
3224,19292.777,19282.05,26.477022,0.4782959,665.1364
3225,19278.822,19281.729,24.767418,0.4748291,161.54709
3226,19283.305,19281.887,22.514265,0.47468263,158.04047
3227,19279.996,19281.697,20.58454,0.47000733,152.13858
3228,19275.729,19281.1,21.732422,0.47224122,132.32121
3229,19274.883,19280.479,23.03755,0.47695312,167.54062
3230,19282.467,19280.678,21.089588,0.4751587,157.20404
3231,19281.688,19280.78,19.072395,0.47052002,153.414
3232,19282.209,19280.922,17.349115,0.47281495,206.14473
3233,19280.965,19280.926,15.61437,0.47139892,152.4179
3234,19283.814,19281.215,14.803931,0.47027588,483.05344
3235,19277.422,19280.836,14.618332,0.47664794,157.90482
3236,19285.613,19281.314,15.210569,0.472229,151.32141
3237,19280.379,19281.22,13.768284,0.47214356,129.74652
3238,19275.383,19280.637,15.458742,0.46971437,147.99956
3239,19274.367,19280.01,17.450499,0.4734497,130.0685
3240,19279.111,19279.92,15.778095,0.47540283,137.268
3241,19284.102,19280.338,15.774035,0.471875,162.1388
3242,19276.566,19279.96,15.476801,0.473584,135.44136
3243,19275.898,19279.555,15.414472,0.47335204,154.67465
3244,19274.201,19279.02,16.452436,0.4706421,135.5843
3245,19281.45,19279.262,15.338496,0.47364503,147.30954
3246,19280.178,19279.354,13.880163,0.4734253,165.72682
3247,19273.21,19278.738,15.88796,0.4724121,144.02512
3248,19276.732,19278.537,14.661277,0.47543946,135.12292
3249,19280.768,19278.76,13.642899,0.4737793,150.85521
3250,19279.248,19278.809,12.300066,0.4737427,136.02448
3251,19280.18,19278.945,11.23925,0.4739624,140.97856
3252,19279.3,19278.98,10.126698,0.47111818,132.08351
3253,19281.25,19279.207,9.577598,0.47281495,328.32294
3254,19278.867,19279.174,8.630232,0.4708252,156.53412
3255,19277.203,19278.977,8.116738,0.47159424,140.01678
3256,19276.082,19278.688,8.059113,0.46883544,144.62239
3257,19278.34,19278.652,7.264079,0.47286376,150.68976
3258,19279.984,19278.785,6.6973586,0.4732422,179.58989
3259,19275.785,19278.484,6.8376226,0.4792969,133.06921
3260,19276.707,19278.307,6.4381657,0.47154543,139.01436
3261,19276.436,19278.12,6.109438,0.4718628,160.46252
3262,19274.195,19277.727,6.8841724,0.4741089,147.94243
3263,19275.783,19277.531,6.535653,0.47453615,131.6123
3264,19277.46,19277.523,5.8825326,0.47131348,130.87442
3265,19279.334,19277.705,5.5893064,0.47352296,141.11575
3266,19279.857,19277.92,5.447308,0.4736084,143.02652
3267,19280.842,19278.213,5.670939,0.47194824,141.0946
3268,19284.523,19278.844,8.687915,0.4732544,138.68845
3269,19278.08,19278.768,7.87161,0.4699219,132.22824
3270,19278.24,19278.715,7.109477,0.4737427,144.25937
3271,19276.203,19278.463,6.9663153,0.47089845,149.08008
3272,19278.953,19278.512,6.291313,0.47698975,142.44609
3273,19272.145,19277.875,9.310879,0.46998292,154.41748
3274,19276.863,19277.773,8.471912,0.47702637,139.79503
3275,19283.625,19278.36,10.706391,0.47352296,195.78694
3276,19281.555,19278.68,10.554654,0.4727173,135.6549
3277,19284.082,19279.22,12.125868,0.4725708,156.30157
3278,19275.719,19278.871,12.017012,0.47191164,131.7794
3279,19278.543,19278.838,10.825001,0.4720459,145.46944
3280,19279.941,19278.95,9.8520975,0.474292,167.02458
3281,19276.922,19278.746,9.236799,0.47313234,150.75525
3282,19277.18,19278.59,8.533946,0.47469482,135.8307
3283,19284.703,19279.201,11.04405,0.47441408,262.47202
3284,19279.398,19279.22,9.943147,0.47351074,151.37398
3285,19272.115,19278.51,13.492723,0.4687256,138.4905
3286,19278.115,19278.47,12.15746,0.4796753,143.38332
3287,19280.312,19278.654,11.247014,0.47346193,160.20923
3288,19291.932,19279.982,25.98822,0.4758179,350.6254
3289,19280.195,19280.004,23.393476,0.47089845,187.83736
3290,19282.074,19280.21,21.439886,0.47298583,201.7331
3291,19275.77,19279.768,21.071245,0.46993408,139.91826
3292,19279.578,19279.748,18.96735,0.4720337,142.11052
3293,19280.896,19279.863,17.189316,0.47159424,181.55946
3294,19282.523,19280.129,16.107264,0.47530517,158.1372
3295,19279.906,19280.107,14.5009985,0.4723877,276.3434
3296,19275.504,19279.646,14.95821,0.4793335,156.59264
3297,19279.352,19279.617,13.470217,0.47630617,297.32996
3298,19274.725,19279.129,14.277554,0.47493896,135.37263
3299,19275.918,19278.809,13.777708,0.47645265,156.76695
3300,19279.496,19278.877,12.442476,0.47525635,130.71632
3301,19276.484,19278.637,11.713427,0.47331545,148.32552
3302,19277.27,19278.5,10.710312,0.46965334,133.86151
3303,19274.947,19278.145,10.775253,0.47261962,142.82074
3304,19277.12,19278.043,9.7923565,0.47364503,137.83784
3305,19282.79,19278.518,10.840407,0.47280273,172.83315
3306,19284.105,19279.076,12.566574,0.46845704,140.21431
3307,19283.855,19279.555,13.365667,0.4720337,161.41235
3308,19278.605,19279.459,12.110191,0.47022706,143.60768
3309,19275.518,19279.064,12.297294,0.47260743,146.60533
3310,19277.486,19278.906,11.291707,0.47014162,171.68831
3311,19283.168,19279.332,11.797138,0.47404787,155.15349
3312,19273.117,19278.71,14.09361,0.47244874,133.72083
3313,19277.537,19278.594,12.808257,0.4800415,201.34694
3314,19272.066,19277.941,15.36199,0.47032472,125.760735
3315,19277.941,19277.941,13.82579,0.47591552,154.40009
3316,19275.402,19277.688,13.023426,0.47193605,141.08795
3317,19277.668,19277.686,11.721117,0.4755493,146.60448
3318,19278.514,19277.768,10.610726,0.47402343,150.14003
3319,19279.47,19277.938,9.810711,0.4690674,159.21468
3320,19284.242,19278.568,12.407058,0.47539064,321.31296
3321,19285.484,19279.26,15.471167,0.47232667,165.39502
3322,19278.727,19279.207,13.949637,0.47178957,151.44342
3323,19279.777,19279.264,12.583947,0.47508547,143.9788
3324,19280.504,19279.387,11.463988,0.473584,130.91304
3325,19275.555,19279.004,11.639192,0.47420654,138.18442
3326,19278.176,19278.922,10.536993,0.47492677,140.28818
3327,19275.824,19278.611,10.346886,0.4795166,137.92659
3328,19274.646,19278.215,10.726995,0.47265625,156.66525
3329,19273.535,19277.746,11.625248,0.478479,134.55872
3330,19275.352,19277.506,10.978763,0.4765381,141.38005
3331,19274.953,19277.25,10.467367,0.47365722,142.7719
3332,19273.953,19276.92,10.398875,0.47542724,156.45915
3333,19273.31,19276.559,10.53147,0.4764038,138.22855
3334,19273.025,19276.205,10.601841,0.4730591,129.84775
3335,19281.965,19276.781,12.527397,0.47487792,207.97665
3336,19274.896,19276.594,11.594368,0.47349855,145.12785
3337,19275.836,19276.518,10.486616,0.4750122,132.0936
3338,19269.48,19275.814,13.894836,0.47009277,136.1852
3339,19270.805,19275.312,14.76415,0.4723877,124.766914
3340,19269.053,19274.688,16.814356,0.47648928,133.5655
3341,19273.342,19274.553,15.295902,0.47595215,124.5541
3342,19276.758,19274.773,14.203924,0.474646,198.96
3343,19272.264,19274.523,13.350434,0.47211915,128.19423
3344,19270.906,19274.162,13.192955,0.47646484,126.984184
3345,19270.305,19273.777,13.212832,0.47593996,135.53462
3346,19275.45,19273.945,12.143113,0.4732666,132.60196
3347,19275.766,19274.127,11.22702,0.4720337,156.67891
3348,19275.162,19274.23,10.200757,0.475,151.12027
3349,19273.54,19274.162,9.223704,0.47484133,128.56294
3350,19270.502,19273.797,9.507041,0.47193605,130.55551
3351,19275.867,19274.004,8.942094,0.47474366,137.1257
3352,19275.768,19274.18,8.327833,0.4762085,154.77667
3353,19275.39,19274.3,7.6270227,0.47401124,160.71634
3354,19276.303,19274.5,7.2250237,0.47458497,156.18979
3355,19277.027,19274.752,7.077393,0.4729126,155.15976
3356,19274.371,19274.715,6.3827085,0.47583008,156.7435
3357,19277.322,19274.977,6.356316,0.47387695,135.85378
3358,19275.0,19274.979,5.7207336,0.47125244,151.01527
3359,19276.24,19275.105,5.2919345,0.4712158,125.38676
3360,19276.895,19275.285,5.050808,0.47675782,141.6019
3361,19274.926,19275.25,4.5573506,0.4727173,144.54147
3362,19276.297,19275.355,4.2002506,0.47781983,156.18037
3363,19275.293,19275.35,3.780577,0.46921387,183.27199
3364,19276.027,19275.418,3.4438581,0.47108155,147.46811
3365,19276.904,19275.566,3.2982976,0.46967775,142.12543
3366,19277.336,19275.744,3.2502797,0.47294924,180.51604
3367,19274.441,19275.613,3.077992,0.47659913,143.39548
3368,19276.004,19275.652,2.7839255,0.47648928,153.62627
3369,19274.969,19275.584,2.54759,0.47415772,134.69951
3370,19273.023,19275.328,2.8829072,0.47299805,132.20142
3371,19276.64,19275.459,2.7496552,0.47767335,134.22182
3372,19274.088,19275.322,2.6438804,0.4742798,136.28554
3373,19276.004,19275.39,2.4213095,0.4741089,130.11551
3374,19278.258,19275.678,2.919047,0.46796876,132.6733
3375,19274.947,19275.605,2.675165,0.47304687,146.09593
3376,19276.898,19275.734,2.5581074,0.47280273,144.24753
3377,19277.775,19275.938,2.6772137,0.47016603,138.28604
3378,19276.547,19275.998,2.4429126,0.47102052,136.29765
3379,19275.67,19275.965,2.208311,0.47230226,128.5573
3380,19273.838,19275.752,2.3946338,0.47316894,134.6212
3381,19273.508,19275.527,2.6084254,0.47694093,138.01813
3382,19273.033,19275.277,2.9074492,0.47491455,158.37405
3383,19273.969,19275.146,2.7708218,0.47542724,141.10219
3384,19278.676,19275.5,3.614774,0.47319338,180.36728
3385,19278.25,19275.775,3.9339216,0.47156984,155.65416
3386,19273.477,19275.545,4.0161443,0.47506103,136.7814
3387,19277.703,19275.762,4.0337353,0.47606203,139.77219
3388,19275.162,19275.701,3.6627195,0.47209474,143.9105
3389,19271.527,19275.283,4.864323,0.47424316,132.87779
3390,19278.656,19275.621,5.4018607,0.47425538,130.8852
3391,19275.383,19275.598,4.8667846,0.4754761,130.48938
3392,19276.348,19275.672,4.4307313,0.47144777,149.67053
3393,19274.29,19275.533,4.1597533,0.47421876,143.41525
3394,19271.027,19275.082,5.571027,0.4739624,132.6899
3395,19272.12,19274.785,5.804009,0.47946778,135.97682
3396,19277.105,19275.018,5.708154,0.47452393,148.59795
3397,19275.39,19275.055,5.1498637,0.4709961,133.22366
3398,19278.004,19275.35,5.4176874,0.47537842,143.25706
3399,19272.48,19275.062,5.6167955,0.47592774,124.94357
3400,19277.938,19275.35,5.799022,0.47402343,143.54756
3401,19276.686,19275.482,5.3797455,0.46820068,134.65367
3402,19278.14,19275.748,5.477715,0.47463378,145.35384
3403,19280.107,19276.184,6.640317,0.47486573,295.77194
3404,19274.598,19276.025,6.202653,0.47598878,147.7496
3405,19277.55,19276.178,5.791801,0.4749878,143.87866
3406,19277.719,19276.332,5.4263463,0.47183838,141.72586
3407,19274.234,19276.123,5.279726,0.47508547,137.98393
3408,19274.096,19275.92,5.121664,0.47579345,133.21315
3409,19274.133,19275.742,4.896936,0.4747803,131.78442
3410,19271.68,19275.336,5.892594,0.4720703,123.09068
3411,19274.812,19275.283,5.327993,0.47349855,135.04872
3412,19271.742,19274.93,5.9236846,0.4753418,129.61314
3413,19273.986,19274.836,5.4114094,0.47652587,143.71596
3414,19270.623,19274.414,6.4676285,0.4692261,131.22678
3415,19272.203,19274.193,6.2608075,0.4720337,145.30972
3416,19273.363,19274.11,5.696739,0.47858888,125.40799
3417,19270.139,19273.713,6.5460486,0.4760376,137.42262
3418,19270.371,19273.379,6.8965282,0.47535402,132.06952
3419,19275.951,19273.637,6.802365,0.47623292,143.37642
3420,19276.871,19273.96,7.0636344,0.47104493,162.33456
3421,19278.27,19274.393,8.028029,0.4737793,148.08661
3422,19280.158,19274.969,10.217046,0.47266847,136.26653
3423,19278.467,19275.318,10.296612,0.47768554,131.17409
3424,19270.227,19274.809,11.600327,0.4708008,165.734
3425,19273.49,19274.676,10.59672,0.47849122,143.80649
3426,19278.766,19275.084,11.042461,0.47019044,264.42413
3427,19274.96,19275.072,9.939578,0.47626954,147.30931
3428,19277.666,19275.332,9.551099,0.4755493,161.47092
3429,19271.523,19274.951,9.901473,0.47598878,143.18211
3430,19272.027,19274.658,9.680716,0.47557375,128.26286
3431,19278.844,19275.076,10.289336,0.47445068,152.1564
3432,19275.02,19275.07,9.260691,0.4765869,298.4315
3433,19273.363,19274.9,8.596877,0.47652587,141.03352
3434,19268.488,19274.26,11.437552,0.47408447,133.17389
3435,19276.943,19274.527,10.941947,0.4753174,140.0719
3436,19273.99,19274.473,9.873715,0.4744385,153.013
3437,19271.207,19274.146,9.846131,0.47489014,143.87656
3438,19273.32,19274.064,8.922949,0.47485352,143.25447
3439,19272.326,19273.89,8.3026,0.476355,137.3057
3440,19272.176,19273.719,7.737002,0.47032472,135.39828
3441,19275.086,19273.855,7.13153,0.47578126,123.95779
3442,19276.045,19274.074,6.84981,0.4744629,135.09619
3443,19273.738,19274.041,6.174986,0.47183838,130.88014
3444,19275.414,19274.178,5.7271605,0.47147217,131.59868
3445,19274.797,19274.24,5.1889443,0.46970215,142.16557
3446,19272.84,19274.1,4.846548,0.46776125,134.3475
3447,19275.217,19274.21,4.4742227,0.47122803,144.37946
3448,19271.465,19273.936,4.705493,0.4758545,128.82684
3449,19273.84,19273.926,4.235768,0.47609863,136.38402
3450,19272.312,19273.764,4.046432,0.47287598,129.10641
3451,19276.168,19274.004,4.162047,0.47109374,153.64043
3452,19275.592,19274.162,3.9727678,0.47302246,127.655495
3453,19271.68,19273.914,4.130109,0.47176513,130.67598
3454,19272.781,19273.8,3.8325915,0.4779419,137.29372
3455,19274.566,19273.877,3.5020885,0.47347412,131.93558
3456,19277.307,19274.22,4.210528,0.4751709,165.70099
3457,19278.71,19274.67,5.6040735,0.4717163,146.88574
3458,19272.54,19274.457,5.4523168,0.47070312,127.59031
3459,19272.332,19274.244,5.3134913,0.47713622,131.44304
3460,19281.441,19274.965,9.4442,0.4748047,154.61949
3461,19278.426,19275.31,9.577807,0.47094727,135.38934
3462,19277.27,19275.506,8.965412,0.47419435,138.2359
3463,19273.25,19275.281,8.526872,0.4716797,152.31851
3464,19270.871,19274.84,9.424638,0.47850344,132.03548
3465,19268.91,19274.246,11.646682,0.47440186,131.76265
3466,19271.984,19274.02,10.942397,0.4732666,205.60704
3467,19267.633,19273.38,13.519273,0.4749756,140.345
3468,19274.598,19273.502,12.300599,0.47580567,134.86484
3469,19274.295,19273.582,11.1271305,0.47316894,137.24776
3470,19269.678,19273.191,11.386334,0.47484133,133.68202
3471,19270.695,19272.941,10.808445,0.47991943,130.74934
3472,19266.027,19272.25,14.0299835,0.4772339,128.79378
3473,19268.047,19271.83,14.2169485,0.47613525,125.27049
3474,19271.75,19271.822,12.79583,0.4755249,135.93335
3475,19267.906,19271.43,12.896413,0.47297364,132.17331
3476,19270.434,19271.33,11.69607,0.4739624,142.15749
3477,19272.771,19271.475,10.713451,0.47370607,135.10626
3478,19269.4,19271.268,10.029321,0.4727173,169.34055
3479,19269.473,19271.088,9.316345,0.47661135,137.46877
3480,19273.2,19271.299,8.785904,0.4760498,146.47229
3481,19272.385,19271.408,8.013447,0.47615966,132.36845
3482,19274.871,19271.754,8.2913475,0.472522,134.12378
3483,19275.375,19272.115,8.642321,0.47370607,150.51309
3484,19273.586,19272.262,7.972756,0.4727417,137.71446
3485,19272.385,19272.273,7.1768427,0.47266847,143.34373
3486,19275.312,19272.578,7.290389,0.47576904,145.3617
3487,19272.973,19272.617,6.575359,0.47354737,139.68958
3488,19274.465,19272.803,6.225068,0.4755249,146.78789
3489,19274.79,19273.002,5.957656,0.47595215,139.549
3490,19273.973,19273.1,5.446694,0.47208253,132.63742
3491,19271.143,19272.904,5.2467217,0.47248536,191.42459
3492,19274.363,19273.05,4.9136267,0.4744385,133.8956
3493,19276.354,19273.38,5.403989,0.4713257,166.79916
3494,19283.285,19274.371,13.692149,0.47652587,629.3973
3495,22273.844,19574.318,809727.56,0.4751587,135546.16
3496,19288.78,19545.764,736092.7,0.4650757,216.83183
3497,19275.883,19518.775,669038.6,0.47406006,124.574066
3498,19271.0,19493.998,607660.06,0.47465822,141.85188
3499,19272.496,19471.848,551309.75,0.47347412,135.78755
3500,19277.73,19452.436,499570.06,0.47268066,163.4266
3501,19278.252,19435.018,452343.66,0.47423097,139.67593
3502,19273.18,19418.834,409466.53,0.4760498,125.291916
3503,19274.96,19404.447,370382.8,0.47523195,134.09633
3504,19276.63,19391.666,334814.88,0.4751709,145.17537
3505,19272.19,19379.719,302618.1,0.4717163,133.07872
3506,19275.418,19369.29,273335.38,0.47977296,145.86647
3507,19281.844,19360.545,246690.02,0.4725586,141.07433
3508,19273.2,19351.81,222707.64,0.47242433,127.94837
3509,19280.492,19344.68,200894.64,0.47800294,262.45157
3510,19271.316,19337.344,181289.56,0.4725464,127.17686
3511,19271.984,19330.809,163545.08,0.47382814,160.46017
3512,19275.342,19325.262,147467.45,0.4722534,135.50433
3513,19270.418,19319.777,132991.4,0.47232667,127.77006
3514,19271.04,19314.904,119906.055,0.47541505,130.45573
3515,19270.541,19310.469,108092.58,0.47561035,120.27727
3516,19276.734,19307.096,97385.74,0.47330323,149.20998
3517,19272.066,19303.594,87757.6,0.47456056,144.95892
3518,19279.104,19301.145,79035.82,0.47648928,194.47455
3519,19274.102,19298.44,71198.055,0.47072753,140.70389
3520,19274.158,19296.012,64131.312,0.47421876,121.49421
3521,19277.98,19294.209,57747.44,0.47474366,127.390236
3522,19273.121,19292.1,52012.72,0.47442627,131.01901
3523,19271.543,19290.043,46849.477,0.47247314,144.5967
3524,19275.332,19288.572,42184.004,0.473584,145.87558
3525,19273.04,19287.02,37987.32,0.46861574,133.45969
3526,19274.676,19285.785,34202.3,0.47827148,129.80934
3527,19275.967,19284.803,30790.746,0.47375488,160.29753
3528,19278.27,19284.148,27715.512,0.47583008,162.86172
3529,19275.488,19283.283,24950.709,0.47115478,140.00955
3530,19273.793,19282.334,22463.742,0.47824708,137.91315
3531,19276.64,19281.766,20220.285,0.4718506,140.99135
3532,19273.15,19280.904,18204.936,0.4730835,137.03166
3533,19269.322,19279.746,16396.514,0.47596437,130.08966
3534,19273.361,19279.107,14760.53,0.47670898,138.23674
3535,19276.566,19278.854,13285.058,0.4749756,146.28877
3536,19275.766,19278.545,11957.409,0.4683716,135.25822
3537,19275.98,19278.29,10762.26,0.47198486,132.1781
3538,19274.283,19277.889,9687.478,0.47397462,130.67232
3539,19273.062,19277.406,8720.826,0.46938476,133.31845
3540,19281.422,19277.809,7850.1943,0.47539064,361.96442
3541,19274.09,19277.438,7066.4194,0.4703125,133.0551
3542,19273.594,19277.053,6361.107,0.47503662,161.98941
3543,19272.168,19276.564,5727.1436,0.4782593,135.3112
3544,19274.945,19276.402,5154.665,0.47509766,135.31424
3545,19268.893,19275.652,4644.274,0.47282717,122.82795
3546,19272.361,19275.324,4180.8213,0.47646484,132.70744
3547,19272.348,19275.027,3763.5366,0.4728882,137.14044
3548,19283.234,19275.848,3393.2449,0.47597656,208.51323
3549,19275.377,19275.8,3053.9402,0.47014162,132.40118
3550,19274.994,19275.72,2748.6047,0.47122803,150.44966
3551,19276.717,19275.82,2473.8335,0.47630617,157.92268
3552,19270.45,19275.283,2229.0464,0.4737671,154.77856
3553,19270.21,19274.775,2008.4572,0.47489014,123.22462
3554,19274.537,19274.752,1807.6166,0.47408447,133.9813
3555,19276.139,19274.89,1627.028,0.47250977,139.69643
3556,19270.172,19274.418,1466.3291,0.47567138,132.76755
3557,19267.484,19273.725,1324.023,0.47664794,136.61845
3558,19278.182,19274.17,1193.4086,0.47529298,246.1458
3559,19274.238,19274.176,1074.0681,0.47296143,128.52826
3560,19274.783,19274.236,966.69446,0.47436523,119.78036
3561,19271.559,19273.969,870.67035,0.4721802,153.34285
3562,19274.797,19274.05,783.66504,0.47441408,198.29282
3563,19271.006,19273.746,706.133,0.47506103,128.46404
3564,19280.96,19274.467,640.2045,0.4732422,163.52834
3565,19275.26,19274.547,576.24066,0.46728516,131.59662
3566,19273.773,19274.469,518.6704,0.4758179,121.413155
3567,19270.387,19274.06,468.30304,0.47491455,142.6306
3568,19274.236,19274.078,421.4755,0.47652587,133.17366
3569,19270.812,19273.752,380.28772,0.4727417,132.65463
3570,19277.148,19274.092,343.2972,0.4701294,135.07538
3571,19277.035,19274.387,309.7472,0.47634277,153.72867
3572,19280.357,19274.984,281.98093,0.4753174,319.95898
3573,19275.086,19274.994,253.78377,0.4725952,142.27313
3574,19271.078,19274.602,229.78555,0.4689575,138.10492
3575,19265.89,19273.73,213.63623,0.47834474,124.97236
3576,19268.41,19273.2,194.82011,0.47598878,125.65612
3577,19268.176,19272.697,177.60925,0.47768554,131.79657
3578,19265.379,19271.965,164.66858,0.47548828,128.17764
3579,19274.32,19272.201,148.70107,0.47486573,142.57942
3580,19271.77,19272.158,133.84772,0.47391358,165.96178
3581,19273.61,19272.303,120.65247,0.47493896,148.7362
3582,19271.78,19272.25,108.61188,0.4782837,148.1454
3583,19268.762,19271.9,98.84582,0.47122803,140.14479
3584,19271.666,19271.877,88.96618,0.4722168,139.65523
3585,19274.494,19272.139,80.68603,0.47385255,203.36943
3586,19270.867,19272.012,72.762924,0.4774048,135.59354
3587,19271.14,19271.924,65.554924,0.47109374,136.56331
3588,19269.666,19271.697,59.458225,0.47963867,138.07451
3589,19269.844,19271.512,53.821598,0.47161865,127.478424
3590,19273.582,19271.719,48.825195,0.47281495,133.68515
3591,19271.39,19271.686,43.952362,0.4732544,136.53687
3592,19272.914,19271.809,39.69296,0.4749878,130.91458
3593,19268.613,19271.488,36.642567,0.47293702,134.36305
3594,19272.486,19271.588,33.06796,0.47381592,142.69673
3595,19268.996,19271.328,30.36573,0.47562256,126.952965
3596,19274.213,19271.617,28.078125,0.47473145,126.09768
3597,19275.613,19272.018,26.7075,0.47277832,187.44142
3598,19274.16,19272.232,24.449907,0.47343752,134.02637
3599,19274.791,19272.488,22.594091,0.47921142,144.36465
3600,19270.314,19272.271,20.75998,0.4716797,126.19015
3601,19270.889,19272.133,18.856077,0.47680664,130.66702
3602,19272.693,19272.19,16.998749,0.47347412,136.4809
3603,19267.688,19271.738,17.122955,0.47454834,128.8156
3604,19274.707,19272.035,16.203873,0.47172853,142.02786
3605,19268.855,19271.717,15.4934225,0.4758545,125.16815
3606,19272.105,19271.756,13.957676,0.47546387,128.43114
3607,19270.738,19271.654,12.6551,0.47628173,119.46977
3608,19275.87,19272.076,12.988432,0.47208253,137.10231
3609,19270.047,19271.873,12.060212,0.47197267,135.99033
3610,19273.012,19271.986,10.970882,0.47182617,142.40825
3611,19276.867,19272.475,12.017844,0.476001,161.73743
3612,19277.176,19272.945,12.80515,0.470105,142.9588
3613,19274.83,19273.133,11.844345,0.47468263,141.03432
3614,19272.07,19273.027,10.761512,0.47596437,126.92628
3615,19276.629,19273.387,10.852774,0.47614747,185.01692
3616,19271.605,19273.209,10.053053,0.4711914,126.411354
3617,19273.184,19273.207,9.047806,0.47487792,121.43681
3618,19268.926,19272.78,9.7926445,0.4741333,129.35208
3619,19270.04,19272.506,9.48918,0.47508547,128.31033
3620,19269.059,19272.16,9.609789,0.47365722,121.05849
3621,19269.652,19271.91,9.21483,0.4697876,130.18204
3622,19268.795,19271.598,9.166769,0.47200927,125.88626
3623,19266.363,19271.074,10.715973,0.47938234,122.817924
3624,19269.578,19270.924,9.845821,0.47248536,123.61753
3625,19272.777,19271.11,9.170436,0.47111818,145.49417
3626,19274.938,19271.492,9.572301,0.47647706,196.38142
3627,19272.715,19271.615,8.74961,0.4732422,176.57454
3628,19266.953,19271.148,9.830822,0.47437745,132.85751
3629,19267.635,19270.797,9.958869,0.47921142,124.78499
3630,19271.82,19270.898,9.05725,0.47075197,137.7209
3631,19269.273,19270.736,8.389181,0.47473145,136.30083
3632,19274.152,19271.078,8.600487,0.47486573,140.38263
3633,19273.547,19271.324,8.288963,0.4727051,143.00365
3634,19273.004,19271.492,7.7139883,0.47735596,157.50667
3635,19271.035,19271.447,6.9613886,0.47398683,152.34892
3636,19271.174,19271.42,6.271979,0.47917482,127.98957
3637,19268.707,19271.148,6.307161,0.476355,119.87533
3638,19267.68,19270.8,6.759345,0.476355,133.26015
3639,19268.777,19270.598,6.4518976,0.47979736,127.47048
3640,19267.605,19270.299,6.6124945,0.47351074,119.761604
3641,19269.482,19270.217,6.0112314,0.47471926,138.04065
3642,19274.453,19270.64,7.025291,0.4761841,133.69276
3643,19270.426,19270.62,6.3269157,0.47558594,138.65648
3644,19271.996,19270.758,5.864864,0.47711182,123.66747
3645,19273.715,19271.053,6.0653405,0.4694458,145.93913
3646,19271.102,19271.059,5.459021,0.4748169,111.99464
3647,19271.877,19271.14,4.973393,0.47509766,132.6961
3648,19269.193,19270.945,4.8173194,0.4751709,126.40121
3649,19270.65,19270.916,4.3434157,0.47644043,128.54253
3650,19271.61,19270.984,3.9523413,0.470813,132.47438
3651,19269.17,19270.803,3.8534086,0.47980958,151.05814
3652,19272.852,19271.008,3.8458602,0.4745117,152.36353
3653,19267.502,19270.656,4.5674686,0.47561035,153.63132
3654,19263.777,19269.969,8.369464,0.47633058,129.68735
3655,19272.95,19270.268,8.332005,0.47623292,171.17007
3656,19271.05,19270.346,7.5540104,0.4741333,135.50864
3657,19270.957,19270.406,6.832244,0.4739502,161.44888
3658,19283.225,19271.688,20.93695,0.4710083,361.4585
3659,19271.848,19271.703,18.845564,0.46793213,140.26059
3660,19276.986,19272.23,19.473108,0.47646484,210.80505
3661,19272.445,19272.252,17.529951,0.47009277,135.59894
3662,19266.277,19271.654,18.989592,0.47734377,150.91402
3663,19267.094,19271.2,18.962505,0.4734497,133.54459
3664,19271.738,19271.254,17.092407,0.47509766,117.69851
3665,19272.97,19271.426,15.648431,0.46663818,126.18585
3666,19270.734,19271.357,14.126611,0.47192383,135.19354
3667,19265.574,19270.78,15.724039,0.4761963,123.63599
3668,19267.406,19270.441,15.175605,0.47244874,132.18651
3669,19269.367,19270.334,13.761899,0.4777832,131.63197
3670,19270.309,19270.332,12.385767,0.47661135,130.65881
3671,19262.893,19269.588,16.12828,0.47113037,118.26627
3672,19262.043,19268.834,19.638779,0.47905275,119.44634
3673,19272.215,19269.172,18.703619,0.4751709,140.6961
3674,19270.934,19269.348,17.112585,0.47176513,134.22935
3675,19266.79,19269.092,15.990502,0.47509766,118.40654
3676,19267.762,19268.959,14.550672,0.47615966,129.2431
3677,19267.871,19268.85,13.20212,0.4739258,117.93001
3678,19270.906,19269.055,12.262588,0.47423097,127.755035
3679,19268.686,19269.018,11.048592,0.47269288,140.67422
3680,19276.092,19269.725,14.447743,0.4713501,134.67703
3681,19274.488,19270.201,15.0453005,0.46861574,149.48268
3682,19273.297,19270.512,14.403275,0.47382814,133.29428
3683,19273.297,19270.791,13.661085,0.46851808,136.34584
3684,19267.68,19270.48,13.166209,0.47857666,127.25318
3685,19265.896,19270.021,13.740749,0.47546387,124.72116
3686,19269.506,19269.97,12.390602,0.4767212,134.27425
3687,19268.0,19269.773,11.501072,0.47817382,123.34573
3688,19268.293,19269.625,10.548225,0.4727295,117.84831
3689,19266.527,19269.314,10.356995,0.47595215,122.724976
3690,19268.156,19269.2,9.442024,0.47593996,130.0764
3691,19276.322,19269.912,13.064223,0.47628173,165.2396
3692,19266.416,19269.562,12.8578415,0.4718628,132.67444
3693,19273.426,19269.95,12.915302,0.4731079,135.28291
3694,19272.285,19270.184,12.114865,0.4732178,132.52875
3695,19268.947,19270.06,11.040944,0.47415772,133.00667
3696,19269.035,19269.957,10.031478,0.47629395,126.21393
3697,19269.668,19269.928,9.035851,0.4792969,171.99544
3698,19283.242,19271.26,24.086985,0.47714844,604.6037
3699,19271.57,19271.291,21.686964,0.47634277,124.61946
3700,19274.895,19271.652,20.686947,0.46899414,137.57716
3701,19273.598,19271.848,18.958834,0.4751587,128.37616
3702,19272.293,19271.893,17.080797,0.47177735,137.75304
3703,19275.795,19272.283,16.743263,0.475708,138.37482
3704,19276.016,19272.656,16.322723,0.47299805,123.68505
3705,19269.492,19272.34,15.591467,0.4699585,123.81569
3706,19267.787,19271.885,15.897784,0.47695312,116.45698
3707,19268.709,19271.566,15.215709,0.47763672,122.451904
3708,19270.031,19271.412,13.90624,0.4734497,132.91826
3709,19270.086,19271.28,12.673902,0.47397462,122.13096
3710,19271.818,19271.334,11.432664,0.4744873,125.43888
3711,19271.725,19271.373,10.30313,0.47193605,138.48419
3712,19270.906,19271.326,9.292427,0.47673342,137.97507
3713,19269.184,19271.111,8.776342,0.47277832,199.08604
3714,19266.13,19270.613,10.131165,0.47628173,121.68149
3715,19271.84,19270.736,9.253449,0.47904053,129.77344
3716,19270.406,19270.703,8.33791,0.4763916,119.4174
3717,19270.088,19270.64,7.5381846,0.47402343,152.75586
3718,19275.932,19271.17,9.303903,0.47104493,156.71461
3719,19270.99,19271.152,8.376418,0.4748047,140.78719
3720,19266.016,19270.639,9.913506,0.4767456,129.35185
3721,19266.895,19270.264,10.183828,0.47243652,126.389694
3722,19266.904,19269.928,10.181131,0.48120117,120.488335
3723,19269.9,19269.926,9.163085,0.4794922,136.24751
3724,19273.736,19270.307,9.553601,0.4735596,152.6718
3725,19269.977,19270.273,8.608047,0.4690674,136.59637
3726,19267.184,19269.965,8.606484,0.47253418,123.94934
3727,19270.895,19270.059,7.823624,0.47104493,138.17316
3728,19266.332,19269.686,8.291116,0.48120117,128.87347
3729,19265.734,19269.291,8.867063,0.47667238,121.99244
3730,19267.781,19269.14,8.185502,0.47316894,124.053764
3731,19271.877,19269.414,8.040826,0.47630617,148.99353
3732,19269.87,19269.459,7.255382,0.47424316,144.8186
3733,19269.496,19269.463,6.529968,0.4722534,135.73125
3734,19271.41,19269.658,6.2182364,0.4755127,121.43741
3735,19265.252,19269.217,7.343766,0.47160646,139.81152
3736,19267.82,19269.078,6.7849045,0.47819826,130.80486
3737,19267.97,19268.967,6.2167883,0.472522,127.94699
3738,19270.65,19269.135,5.850213,0.47431642,129.6346
3739,19268.023,19269.023,5.376346,0.47354737,123.875
3740,19265.23,19268.645,6.1335063,0.4720703,120.72892
3741,19267.598,19268.54,5.6187906,0.47196046,121.39278
3742,19268.666,19268.55,5.058362,0.47247314,127.46221
3743,19266.146,19268.31,5.0727835,0.47645265,137.06665
3744,19264.91,19267.97,5.606144,0.47628173,122.03889
3745,19271.738,19268.348,6.3230476,0.47681886,130.64604
3746,19265.871,19268.1,6.2427454,0.4722534,125.16263
3747,19272.105,19268.5,7.0626926,0.47364503,138.6972
3748,19273.016,19268.951,8.191602,0.47508547,121.02942
3749,19266.367,19268.693,7.9733696,0.4706299,119.28611
3750,19264.54,19268.277,8.729269,0.47567138,133.46756
3751,19266.193,19268.068,8.247211,0.47696534,126.77729
3752,19265.637,19267.824,7.954649,0.47286376,132.70091
3753,19269.72,19268.014,7.4828825,0.4745972,133.59784
3754,19272.957,19268.508,8.933907,0.47664794,212.0838
3755,19268.223,19268.479,8.047833,0.4758179,153.52303
3756,19272.758,19268.906,8.891165,0.47508547,140.50146
3757,19267.2,19268.736,8.264304,0.48015139,118.893845
3758,19267.266,19268.59,7.632541,0.47662354,124.828514
3759,19269.34,19268.664,6.919912,0.47733155,135.08122
3760,19276.625,19269.46,11.9318075,0.4772461,152.78702
3761,19268.473,19269.361,10.8265295,0.467334,119.172195
3762,19269.582,19269.383,9.7482605,0.4744385,121.49631
3763,19265.695,19269.014,9.997224,0.47319338,128.39516
3764,19268.445,19268.957,9.026574,0.47624514,132.2448
3765,19270.629,19269.125,8.375481,0.47504884,135.86458
3766,19274.477,19269.66,10.115462,0.4749878,143.71074
3767,19274.21,19270.115,10.967781,0.4748047,135.06201
3768,19267.027,19269.807,10.729158,0.4687744,138.04488
3769,19265.582,19269.385,11.262502,0.48012695,122.06123
3770,19262.445,19268.691,14.470291,0.4718872,127.419106
3771,19268.014,19268.623,13.064601,0.47595215,184.16835
3772,19269.268,19268.688,11.795528,0.4763916,132.3376
3773,19271.816,19269.0,11.497081,0.4725586,127.49778
3774,19264.9,19268.59,11.859984,0.47302246,134.6422
3775,19268.922,19268.623,10.6839075,0.479834,140.1437
3776,19263.957,19268.156,11.57497,0.4761963,132.66347
3777,19265.266,19267.867,11.169487,0.47850344,128.88881
3778,19267.557,19267.836,10.061217,0.47746584,118.01712
3779,19266.938,19267.746,9.127743,0.4751465,129.93668
3780,19266.746,19267.646,8.304969,0.47806397,124.00942
3781,19268.8,19267.762,7.5943875,0.47353515,135.08711
3782,19270.389,19268.023,7.4560275,0.47420654,155.6856
3783,19275.11,19268.732,11.229371,0.47087404,137.08223
3784,19277.164,19269.576,16.504765,0.47075197,129.12384
3785,19263.633,19268.982,18.033405,0.47369385,129.70786
3786,19268.45,19268.93,16.255651,0.47768554,198.2839
3787,19270.973,19269.135,15.00572,0.47614747,180.59708
3788,19263.904,19268.611,15.96735,0.4721802,156.3093
3789,19272.918,19269.043,16.039858,0.47678223,157.14787
3790,19268.922,19269.031,14.437192,0.47487792,133.59952
3791,19269.986,19269.127,13.075568,0.4745972,133.23401
3792,19266.66,19268.88,12.315669,0.47592774,167.56552
3793,19267.324,19268.725,11.302184,0.4770386,122.43313
3794,19267.566,19268.61,10.292695,0.47667238,135.49362
3795,19271.58,19268.906,10.057682,0.47800294,133.72092
3796,19272.57,19269.273,10.260195,0.4704712,144.09901
3797,19265.527,19268.898,10.497165,0.47349855,126.60585
3798,19270.469,19269.055,9.669377,0.47539064,125.66384
3799,19264.59,19268.607,10.496574,0.47369385,129.64629
3800,19273.139,19269.06,11.294817,0.47896728,198.0161
3801,19272.467,19269.4,11.209563,0.46528322,131.47394
3802,19265.965,19269.057,11.150875,0.4763672,129.00153
3803,19261.543,19268.305,15.116761,0.47214356,126.715706
3804,19268.514,19268.326,13.609015,0.47795412,130.89395
3805,19269.328,19268.426,12.338466,0.47242433,146.38052
3806,19265.598,19268.143,11.824466,0.47283936,119.98398
3807,19270.059,19268.334,10.972419,0.47755128,126.10973
3808,19263.951,19267.896,11.6039915,0.47263184,130.52951
3809,19261.844,19267.291,13.740795,0.47982177,119.92947
3810,19272.422,19267.805,14.736031,0.47821045,138.37378
3811,19272.328,19268.258,15.103961,0.47160646,138.72794
3812,19268.844,19268.316,13.624464,0.4751709,120.283806
3813,19269.375,19268.422,12.362873,0.47058105,143.84381
3814,19269.803,19268.56,11.298195,0.47449952,123.632256
3815,19268.201,19268.525,10.179998,0.47609863,129.66116
3816,19266.285,19268.3,9.613677,0.4761963,150.29301
3817,19269.486,19268.42,8.778807,0.47545168,140.51227
3818,19273.238,19268.902,9.990419,0.48024902,131.29277
3819,19267.613,19268.773,9.140928,0.47382814,119.74789
3820,19265.807,19268.477,9.019005,0.47384033,126.24275
3821,19263.928,19268.021,9.979369,0.47338867,125.90943
3822,19263.338,19267.553,10.955677,0.47474366,122.43627
3823,19262.414,19267.04,12.236644,0.47747803,110.72829
3824,19261.95,19266.53,13.344565,0.47926027,117.669266
3825,19265.05,19266.38,12.20685,0.4762207,127.13088
3826,19263.77,19266.12,11.599878,0.4741211,129.41446
3827,19262.037,19265.71,11.939558,0.47735596,122.99077
3828,19264.7,19265.61,10.837724,0.4730835,124.62845
3829,19270.633,19266.111,12.025095,0.4709961,124.82451
3830,19268.19,19266.318,11.211259,0.47939453,128.11029
3831,19265.166,19266.203,10.209643,0.47404787,124.63127
3832,19269.523,19266.535,10.1808815,0.47976074,146.84001
3833,19265.938,19266.475,9.194941,0.47309572,135.01883
3834,19268.29,19266.656,8.571748,0.47666016,132.13734
3835,19274.703,19267.46,13.542271,0.47734377,143.07312
3836,19271.664,19267.88,13.778007,0.471521,122.97297
3837,19268.936,19267.986,12.500319,0.47050783,143.9984
3838,19266.209,19267.809,11.534592,0.47800294,132.29851
3839,19274.701,19268.498,14.656818,0.47479248,130.48546
3840,19269.652,19268.613,13.311052,0.47077638,128.39244
3841,19274.2,19269.172,14.78819,0.46882325,123.85075
3842,19270.852,19269.34,13.5632925,0.46826172,128.78648
3843,19273.08,19269.715,13.466004,0.47563478,147.62697
3844,19271.35,19269.879,12.359925,0.47347412,131.65878
3845,19268.697,19269.762,11.249598,0.47624514,132.19151
3846,19269.43,19269.729,10.13456,0.47659913,127.13006
3847,19267.795,19269.535,9.457594,0.47072753,132.38867
3848,19268.14,19269.396,8.686858,0.47774658,151.14505
3849,19269.375,19269.395,7.8182135,0.47855225,123.17883
3850,19270.344,19269.49,7.1174836,0.47384033,126.77555
3851,19264.426,19268.984,8.714117,0.47113037,126.443405
3852,19263.732,19268.459,10.325176,0.4782593,122.64533
3853,19259.287,19267.541,16.863756,0.4762085,112.23139
3854,19267.5,19267.537,15.177531,0.47399902,133.9118
3855,19264.22,19267.205,14.649647,0.47404787,135.00623
3856,19271.459,19267.63,14.813296,0.4755249,136.05899
3857,19268.168,19267.684,13.35793,0.47071534,120.14266
3858,19268.002,19267.715,12.031259,0.4717041,117.448616
3859,19269.71,19267.914,11.186728,0.47282717,133.26137
3860,19270.363,19268.158,10.607935,0.47391358,128.3014
3861,19267.152,19268.059,9.638199,0.48128662,120.05978
3862,19264.715,19267.725,9.680639,0.47242433,124.47047
3863,19266.879,19267.64,8.776945,0.47921142,125.00174
3864,19270.465,19267.924,8.617109,0.47855225,190.02733
3865,19267.514,19267.883,7.770539,0.46979982,142.93105
3866,19269.994,19268.094,7.3946786,0.47434083,141.21707
3867,19268.926,19268.178,6.7175155,0.4729126,129.24074
3868,19269.674,19268.328,6.2472105,0.47818604,124.46909
3869,19268.252,19268.32,5.6230116,0.47163087,121.49144
3870,19271.074,19268.596,5.7432704,0.47625732,117.00465
3871,19269.158,19268.652,5.1974196,0.47233889,130.83116
3872,19266.621,19268.45,5.0490155,0.47647706,130.41594
3873,19270.482,19268.652,4.9161663,0.47530517,126.06581
3874,19261.75,19267.963,8.71236,0.47624514,130.91066
3875,19266.105,19267.777,8.151626,0.4795288,139.4121
3876,19267.23,19267.723,7.3633795,0.47453615,171.25618
3877,19271.832,19268.133,8.146869,0.47535402,276.30206
3878,19267.105,19268.03,7.4271703,0.4737915,187.07063
3879,19262.73,19267.5,9.211435,0.4765625,122.16975
3880,19262.398,19266.99,10.632627,0.47928467,123.029205
3881,19266.277,19266.918,9.615103,0.4796631,121.74227
3882,19266.207,19266.848,8.69908,0.4756592,125.33546
3883,19263.857,19266.549,8.633907,0.47593996,122.350876
3884,19263.695,19266.264,8.5033455,0.47327882,131.32916
3885,19266.008,19266.238,7.658902,0.47663575,126.65012
3886,19260.422,19265.656,9.937764,0.47447512,121.93411
3887,19259.98,19265.088,11.843292,0.4755493,116.65333
3888,19260.402,19264.62,12.634853,0.47502443,129.62474
3889,19265.486,19264.705,11.439049,0.47873536,127.54327
3890,19266.4,19264.875,10.553812,0.47313234,155.93713
3891,19264.402,19264.828,9.5185375,0.47801515,114.48349
3892,19265.88,19264.934,8.666426,0.47476807,128.23332
3893,19263.602,19264.8,7.9594707,0.47165528,125.05787
3894,19265.367,19264.857,7.192397,0.47539064,119.12447
3895,19267.602,19265.133,7.150885,0.4795288,123.25622
3896,19266.781,19265.297,6.6803575,0.4696289,125.29214
3897,19270.87,19265.854,8.806834,0.47948,138.07173
3898,19272.643,19266.533,12.074374,0.4696045,131.95557
3899,19268.352,19266.715,11.164515,0.47385255,125.23083
3900,19268.154,19266.86,10.234546,0.47160646,129.27951
3901,19267.236,19266.896,9.22388,0.47591552,116.207756
3902,19267.328,19266.94,8.318259,0.47382814,137.75592
3903,19271.664,19267.412,9.495408,0.47805175,123.12808
3904,19270.299,19267.701,9.295851,0.47302246,129.57822
3905,19272.453,19268.176,10.3985615,0.47495118,121.19806
3906,19263.84,19267.742,11.050736,0.4734009,118.78063
3907,19268.637,19267.832,10.017679,0.47631836,131.19983
3908,19267.28,19267.777,9.043407,0.4782593,114.32905
3909,19265.18,19267.518,8.74637,0.47770998,126.192825
3910,19270.582,19267.824,8.716911,0.46951905,139.00896
3911,19263.678,19267.41,9.39262,0.47456056,124.14007
3912,19267.691,19267.438,8.460477,0.4760254,119.52145
3913,19268.729,19267.566,7.7644334,0.46778566,139.2972
3914,19267.537,19267.562,6.988067,0.47401124,119.15579
3915,19269.404,19267.746,6.5945597,0.472522,123.56075
3916,19264.46,19267.418,6.906406,0.4730591,127.773865
3917,19265.816,19267.258,6.446615,0.4772339,118.38632
3918,19266.242,19267.156,5.894788,0.47382814,140.40544
3919,19259.363,19266.377,10.771041,0.4704956,115.6603
3920,19255.277,19265.268,20.782055,0.48000488,113.383385
3921,19255.754,19264.316,26.849745,0.47696534,109.252556
3922,19260.723,19263.957,25.327124,0.4786255,149.91515
3923,19264.115,19263.973,22.796663,0.4789551,123.56061
3924,19263.793,19263.955,20.519903,0.48016357,127.1284
3925,19262.715,19263.832,18.606348,0.47935793,121.45878
3926,19268.05,19264.254,18.347519,0.47513428,122.04927
3927,19272.691,19265.098,22.919992,0.47335204,134.93848
3928,19265.95,19265.184,20.693256,0.47609863,135.66037
3929,19264.953,19265.16,18.628712,0.47224122,121.26954
3930,19265.229,19265.168,16.76626,0.47629395,125.77817
3931,19270.39,19265.69,17.544485,0.4761963,158.13644
3932,19270.602,19266.18,17.96163,0.47247314,136.29152
3933,19269.457,19266.508,17.132154,0.47304687,125.498184
3934,19265.031,19266.36,15.61516,0.47495118,122.70191
3935,19262.693,19265.992,15.263214,0.47352296,119.6143
3936,19269.111,19266.305,14.612506,0.47529298,121.30207
3937,19263.846,19266.059,13.695449,0.4685669,136.38141
3938,19263.754,19265.828,12.8039465,0.4791138,115.31397
3939,19268.395,19266.084,12.116331,0.47214356,120.82949
3940,19261.738,19265.648,12.60436,0.47242433,115.17607
3941,19267.02,19265.785,11.513115,0.47821045,128.26231
3942,19264.53,19265.66,10.50375,0.47506103,119.66778
3943,19266.102,19265.705,9.47091,0.47989503,156.3656
3944,19267.709,19265.906,8.885226,0.47506103,137.40396
3945,19266.047,19265.92,7.9984837,0.47567138,179.36041
3946,19269.562,19266.285,8.392789,0.47746584,166.65756
3947,19270.516,19266.709,9.164228,0.47524413,134.4616
3948,19263.855,19266.424,8.980635,0.47445068,113.98683
3949,19266.816,19266.463,8.096441,0.47597656,133.04677
3950,19267.383,19266.555,7.36296,0.47525635,124.51392
3951,19264.7,19266.37,6.9365125,0.47441408,120.83064
3952,19266.852,19266.418,6.263807,0.47485352,126.979904
3953,19261.465,19265.922,7.845436,0.4749634,117.79814
3954,19262.537,19265.584,8.09199,0.47945556,134.4476
3955,19267.367,19265.762,7.568975,0.47285157,126.93811
3956,19273.168,19266.502,11.748806,0.47541505,121.77346
3957,19268.426,19266.695,10.907025,0.47183838,150.8722
3958,19268.574,19266.883,10.134048,0.4747803,171.07132
3959,19264.15,19266.61,9.792595,0.470105,125.51301
3960,19263.297,19266.277,9.800874,0.4754761,116.48193
3961,19265.242,19266.174,8.917226,0.47233889,123.530464
3962,19264.84,19266.041,8.185659,0.4791626,133.93915
3963,19270.18,19266.455,8.908668,0.47092286,129.95415
3964,19271.102,19266.92,9.960885,0.47249755,130.66684
3965,19266.645,19266.893,8.9716215,0.47138673,131.97804
3966,19266.521,19266.855,8.086853,0.4735596,129.96402
3967,19265.734,19266.744,7.391284,0.4714844,125.54174
3968,19265.984,19266.668,6.7041073,0.47366944,121.21996
3969,19264.355,19266.438,6.5149856,0.4748169,129.33476
3970,19266.992,19266.492,5.891178,0.4753662,131.55396
3971,19265.309,19266.373,5.4281406,0.4767456,123.344246
3972,19264.336,19266.17,5.2588096,0.47512206,121.53481
3973,19261.785,19265.73,6.4632835,0.47530517,126.488655
3974,19269.492,19266.107,7.0905027,0.47485352,307.15652
3975,19271.434,19266.64,8.934582,0.47298583,131.91571
3976,19266.129,19266.59,8.064691,0.47784424,117.4013
3977,19268.482,19266.78,7.580588,0.47351074,125.68175
3978,19265.36,19266.637,7.003985,0.47304687,124.04436
3979,19263.94,19266.367,6.9583583,0.4789795,122.00781
3980,19268.021,19266.533,6.508825,0.47347412,123.37226
3981,19263.281,19266.207,6.80971,0.4697632,114.71456
3982,19265.758,19266.162,6.1469007,0.47860107,142.55977
3983,19267.004,19266.246,5.5959864,0.4767212,119.613335
3984,19266.62,19266.283,5.0489125,0.4706421,139.76169
3985,19264.57,19266.111,4.8080807,0.47731933,121.53405
3986,19268.53,19266.354,4.853464,0.47662354,159.76413
3987,19264.598,19266.178,4.6455913,0.47208253,139.71109
3988,19269.523,19266.512,5.1884675,0.47946778,165.71315
3989,19265.488,19266.41,4.763889,0.47493896,133.39398
3990,19270.57,19266.826,5.845121,0.47608644,120.88355
3991,19263.602,19266.504,6.1964383,0.47091064,126.63334
3992,19265.523,19266.406,5.663313,0.47593996,119.48701
3993,19264.596,19266.225,5.392009,0.46986085,116.55893
3994,19266.555,19266.258,4.8626137,0.47921142,129.3221
3995,19262.982,19265.93,5.3418884,0.47391358,125.077995
3996,19267.61,19266.098,5.061621,0.47465822,121.164
3997,19267.672,19266.256,4.778494,0.47299805,121.23233
3998,19267.719,19266.402,4.493249,0.4755493,140.74304
3999,19261.77,19265.94,5.9755893,0.473584,127.160934
4000,19262.953,19265.64,6.180664,0.47601318,127.81614
4001,19264.312,19265.508,5.7213497,0.47053224,121.10995
4002,19263.664,19265.324,5.455162,0.4772339,119.589134
4003,19270.328,19265.824,7.163163,0.47304687,134.39438
4004,19269.33,19266.176,7.553041,0.4760376,142.38806
4005,19272.701,19266.828,10.630002,0.4756836,132.12631
4006,19270.113,19267.156,10.538304,0.47304687,137.71844
4007,19268.887,19267.33,9.753981,0.47322997,154.59883
4008,19270.562,19267.652,9.718952,0.47403565,188.8772
4009,19265.879,19267.475,9.030114,0.47043458,116.97223
4010,19261.637,19266.89,11.194389,0.47524413,121.76636
4011,19264.264,19266.629,10.69603,0.47231445,130.94917
4012,19264.824,19266.45,9.919547,0.47908935,118.193214
4013,19264.242,19266.229,9.365981,0.47601318,118.73744
4014,19264.656,19266.07,8.651864,0.47512206,128.82062
4015,19263.125,19265.775,8.567415,0.47564697,119.757996
4016,19269.527,19266.15,8.977617,0.4747803,130.15474
4017,19264.098,19265.945,8.459089,0.48109132,122.05915
4018,19261.285,19265.479,9.567715,0.47823486,124.499596
4019,19263.064,19265.236,9.135435,0.47546387,128.55444
4020,19261.76,19264.889,9.309675,0.4819336,129.28966
4021,19259.234,19264.324,11.2561035,0.47713622,131.24716
4022,19266.703,19264.562,10.639821,0.47822267,126.96393
4023,19260.906,19264.197,10.778974,0.4725708,119.667175
4024,19264.852,19264.262,9.739605,0.47808838,128.39265
4025,19262.266,19264.062,9.12424,0.47575685,120.36117
4026,19263.959,19264.053,8.21278,0.4784668,114.64603
4027,19262.336,19263.88,7.656767,0.4734253,128.61877
4028,19260.896,19263.582,7.6926746,0.47502443,118.55255
4029,19263.623,19263.586,6.9235587,0.48013917,182.65689
4030,19263.047,19263.531,6.2573557,0.47888184,119.88296
4031,19265.617,19263.74,6.023222,0.47327882,129.51723
4032,19262.62,19263.629,5.534016,0.476355,154.22598
4033,19265.73,19263.84,5.378105,0.47542724,125.0525
4034,19264.465,19263.902,4.8754506,0.4762207,111.69628
4035,19264.773,19263.99,4.4561977,0.47664794,138.53665
4036,19263.793,19263.97,4.01408,0.47795412,115.96155
4037,19258.797,19263.453,6.0218363,0.47332764,121.39301
4038,19259.43,19263.05,6.876577,0.47592774,112.084625
4039,19264.469,19263.193,6.3698764,0.47772217,130.89792
4040,19266.906,19263.564,6.973589,0.47416994,123.64951
4041,19265.27,19263.734,6.537886,0.47276613,121.200836
4042,19266.727,19264.033,6.689884,0.48067626,160.70047
4043,19263.904,19264.02,6.0223913,0.4730835,129.6834
4044,19268.506,19264.469,7.231594,0.4747803,125.31295
4045,19267.617,19264.783,7.400574,0.47243652,142.11537
4046,19265.68,19264.873,6.732848,0.4762085,115.344345
4047,19264.652,19264.852,6.063947,0.46846923,115.29989
4048,19258.004,19264.166,9.677688,0.47607422,120.03842
4049,19266.174,19264.367,9.072737,0.47817382,126.00209
4050,19265.414,19264.473,8.264098,0.47258303,122.348404
4051,19262.928,19264.318,7.6524982,0.4758179,123.44805
4052,19265.975,19264.484,7.134133,0.47327882,127.022865
4053,19267.312,19264.768,7.1405654,0.477417,155.30267
4054,19272.215,19265.512,11.418068,0.47191164,191.63153
4055,19295.566,19268.518,91.571846,0.47276613,1171.6572
4056,19269.791,19268.645,82.56061,0.4708496,246.18013
4057,19266.848,19268.465,74.59513,0.47564697,153.17603
4058,19266.059,19268.225,67.656715,0.47476807,155.05211
4059,19261.072,19267.51,65.49508,0.47269288,123.970726
4060,19272.148,19267.973,60.882122,0.47508547,152.73627
4061,19266.02,19267.777,55.13723,0.46865234,134.5524
4062,19265.223,19267.521,50.210884,0.47495118,116.88434
4063,19263.59,19267.129,46.580997,0.47597656,158.93147
4064,19266.191,19267.035,42.002,0.47714844,114.01523
4065,19266.361,19266.969,37.84266,0.47133788,128.8001
4066,19264.324,19266.705,34.687813,0.47595215,111.42587
4067,19263.037,19266.338,32.42989,0.47587892,118.644394
4068,19267.766,19266.48,29.370358,0.4784668,140.92207
4069,19271.896,19267.021,29.07331,0.4756592,149.5576
4070,19264.258,19266.746,26.853388,0.4692505,114.18674
4071,19262.832,19266.355,25.546837,0.47662354,133.94455
4072,19267.504,19266.47,23.110855,0.4739624,132.28185
4073,19264.477,19266.271,21.157663,0.4714844,125.10241
4074,19268.562,19266.5,19.514284,0.47647706,230.38182
4075,19268.27,19266.678,17.844667,0.4721802,132.0821
4076,19264.559,19266.465,16.464369,0.47739258,119.01069
4077,19260.312,19265.85,18.224552,0.47598878,116.517876
4078,19260.072,19265.271,19.40609,0.4751831,121.69168
4079,19260.445,19264.79,19.561754,0.47994384,123.31816
4080,19264.195,19264.73,17.637306,0.4758667,130.24892
4081,19263.734,19264.63,15.962873,0.4723877,118.49947
4082,19266.836,19264.852,14.804198,0.4753418,124.177795
4083,19260.807,19264.447,14.796304,0.47598878,111.64909
4084,19262.82,19264.285,13.554901,0.4739258,116.54844
4085,19268.404,19264.697,13.726469,0.47316894,174.16989
4086,19265.773,19264.805,12.458055,0.4777588,129.47253
4087,19261.182,19264.441,12.393631,0.47416994,122.14906
4088,19259.66,19263.963,13.2116995,0.47907716,136.95901
4089,19263.75,19263.941,11.894608,0.4772339,139.69481
4090,19262.463,19263.793,10.901888,0.47679445,125.918724
4091,19266.703,19264.084,10.57391,0.4774292,138.95909
4092,19264.383,19264.113,9.524556,0.47558594,126.442566
4093,19262.902,19263.992,8.704074,0.47457275,126.6685
4094,19263.846,19263.977,7.8355975,0.47485352,121.11704
4095,19258.11,19263.39,10.1501875,0.47651368,112.14524
4096,19259.09,19262.96,10.799873,0.47661135,125.27268
4097,19264.143,19263.078,9.845551,0.47490236,126.630226
4098,19264.719,19263.242,9.103244,0.47524413,163.9352
4099,19268.184,19263.736,10.390493,0.47541505,120.35942
4100,19262.525,19263.615,9.4834175,0.47346193,121.66346
4101,19261.492,19263.402,8.940736,0.47802734,115.36179
4102,19261.072,19263.17,8.535296,0.47799072,129.77028
4103,19266.2,19263.473,8.507664,0.47615966,119.935936
4104,19266.83,19263.809,8.671402,0.4716797,137.25131
4105,19260.293,19263.457,8.916627,0.4758423,112.91096
4106,19262.43,19263.354,8.119953,0.47504884,126.09728
4107,19264.38,19263.457,7.4029465,0.4775757,109.28037
4108,19262.488,19263.36,6.7471147,0.47681886,119.77961
4109,19265.207,19263.545,6.379648,0.47941896,120.42082
4110,19268.16,19264.006,7.6587186,0.471167,120.64651
4111,19260.744,19263.68,7.850339,0.47447512,110.38253
4112,19264.15,19263.727,7.0852456,0.4730713,124.62045
4113,19265.664,19263.92,6.7145724,0.47447512,125.474945
4114,19263.488,19263.877,6.059883,0.47264406,121.42094
4115,19265.17,19264.006,5.604354,0.47520754,114.90264
4116,19266.598,19264.266,5.648485,0.47318116,124.965904
4117,19264.559,19264.295,5.0913615,0.4755005,121.72156
4118,19262.875,19264.152,4.7636814,0.47458497,114.35212
4119,19262.268,19263.965,4.6070237,0.47495118,115.957924
4120,19262.129,19263.781,4.4496813,0.4774048,114.08653
4121,19262.305,19263.633,4.2009344,0.47438964,117.71381
4122,19263.246,19263.594,3.7943003,0.47955322,120.021515
4123,19267.89,19264.023,5.076552,0.47391358,173.12566
4124,19263.113,19263.932,4.643451,0.4709961,127.41341
4125,19264.648,19264.004,4.2253475,0.4805298,123.26753
4126,19267.266,19264.33,4.7603054,0.46849367,149.50189
4127,19260.352,19263.932,5.7088475,0.47579345,117.54386
4128,19262.805,19263.818,5.2522645,0.4729004,123.4484
4129,19266.299,19264.066,5.280783,0.47625732,128.84476
4130,19263.059,19263.965,4.8441167,0.47567138,122.739746
4131,19259.742,19263.543,5.964479,0.47878417,116.22102
4132,19263.21,19263.51,5.377953,0.47786865,131.56654
4133,19263.805,19263.54,4.8479857,0.4754761,111.71304
4134,19261.656,19263.352,4.6822357,0.47904053,137.53935
4135,19256.242,19262.64,8.762901,0.47457275,117.97814
4136,19260.291,19262.406,8.3834715,0.4804077,117.53106
4137,19259.496,19262.115,8.307335,0.47298583,126.22826
4138,19262.863,19262.19,7.526963,0.47955322,122.03255
4139,19260.766,19262.047,6.9567227,0.47452393,131.83548
4140,19262.68,19262.11,6.297091,0.47751465,121.95314
4141,19264.06,19262.305,6.0100183,0.47630617,117.429825
4142,19260.203,19262.094,5.806507,0.47365722,146.59776
4143,19261.062,19261.99,5.321569,0.47930908,115.55335
4144,19261.742,19261.965,4.7949495,0.47495118,131.3247
4145,19259.422,19261.71,4.8974566,0.47077638,119.06172
4146,19265.262,19262.066,5.542435,0.47738037,126.991516
4147,19268.865,19262.746,9.148357,0.4730591,135.95242
4148,19268.299,19263.3,11.008479,0.469043,124.93425
4149,19266.389,19263.61,10.765787,0.4758911,134.72035
4150,19261.168,19263.365,10.22565,0.4745972,124.5095
4151,19260.168,19263.045,10.123111,0.47755128,113.65513
4152,19261.254,19262.865,9.399496,0.4807129,123.29157
4153,19260.775,19262.656,8.852616,0.47475585,134.97443
4154,19257.965,19262.188,9.948191,0.48048097,110.80077
4155,19257.648,19261.734,10.807649,0.4767212,107.49185
4156,19264.24,19261.984,10.292024,0.47611085,130.74402
4157,19264.492,19262.234,9.828842,0.4760376,122.06614
4158,19266.283,19262.639,10.321329,0.47253418,145.30637
4159,19263.03,19262.678,9.302929,0.4734497,134.24365
4160,19261.25,19262.535,8.556094,0.47753906,123.243164
4161,19264.617,19262.744,8.090621,0.47381592,123.896935
4162,19269.566,19263.426,11.470457,0.4735596,123.16952
4163,19263.037,19263.387,10.337007,0.473291,121.60927
4164,19261.525,19263.201,9.615115,0.47436523,117.63562
4165,19264.35,19263.316,8.7723055,0.47563478,126.206406
4166,19262.787,19263.264,7.9202886,0.4758667,117.15724
4167,19262.945,19263.232,7.137381,0.4805664,116.837875
4168,19264.531,19263.363,6.5754685,0.47546387,114.86386
4169,19265.457,19263.572,6.3124623,0.4745972,121.97444
4170,19266.035,19263.818,6.227141,0.47276613,135.93459
4171,19262.434,19263.68,5.7770085,0.4727417,126.8488
4172,19264.154,19263.727,5.21958,0.47235107,119.92894
4173,19264.914,19263.846,4.824536,0.47973633,134.8085
4174,19267.977,19264.258,5.877842,0.4723633,213.0428
4175,19263.719,19264.203,5.3162107,0.47849122,109.93081
4176,19268.236,19264.605,6.2485948,0.47181398,139.53864
4177,19260.965,19264.242,6.816609,0.47930908,123.17935
4178,19263.041,19264.121,6.264801,0.4755249,115.90903
4179,19266.613,19264.371,6.197311,0.47940674,126.58343
4180,19264.08,19264.342,5.5852017,0.4751587,119.36291
4181,19258.523,19263.76,8.073479,0.47728273,109.83485
4182,19262.436,19263.627,7.423951,0.47457275,112.485306
4183,19265.836,19263.848,7.120721,0.47319338,122.08534
4184,19262.568,19263.719,6.5559425,0.47266847,114.11113
4185,19259.008,19263.248,7.897712,0.47543946,115.00759
4186,19268.836,19263.807,9.918148,0.47872314,124.46314
4187,19265.084,19263.934,9.073177,0.4748169,126.25276
4188,19264.996,19264.04,8.267461,0.47801515,116.979546
4189,19264.719,19264.107,7.4822927,0.46982422,131.59125
4190,19266.895,19264.387,7.4331813,0.47541505,159.26433
4191,19262.695,19264.217,6.94734,0.47285157,110.8065
4192,19260.537,19263.85,7.4712143,0.47401124,120.23971
4193,19259.615,19263.426,8.337787,0.47921142,118.34635
4194,19269.7,19264.053,11.04605,0.4758911,135.25835
4195,19264.047,19264.053,9.941448,0.47702637,120.70522
4196,19268.898,19264.537,11.060578,0.4737671,128.5339
4197,19263.133,19264.396,10.132005,0.47506103,115.78383
4198,19261.143,19264.07,10.071716,0.47200927,118.13362
4199,19257.816,19263.445,12.584565,0.47779542,122.29235
4200,19263.582,19263.459,11.32779,0.47539064,156.31644
4201,19258.494,19262.963,12.413481,0.47542724,136.36436
4202,19260.004,19262.668,11.960135,0.47750244,114.03313
4203,19260.922,19262.494,11.038517,0.47977296,116.54518
4204,19260.96,19262.34,10.146229,0.47303468,110.9489
4205,19264.518,19262.559,9.558434,0.47438964,111.98794
4206,19263.834,19262.686,8.748986,0.47397462,109.93176
4207,19263.06,19262.723,7.886744,0.47677,118.44883
4208,19261.988,19262.648,7.146607,0.47297364,118.821106
4209,19261.55,19262.54,6.5403824,0.4714844,116.94837
4210,19261.537,19262.44,5.976696,0.476001,124.11032
4211,19261.254,19262.32,5.505523,0.47739258,109.9959
4212,19263.047,19262.393,5.002481,0.47419435,119.85305
4213,19260.682,19262.22,4.7656903,0.47545168,110.50445
4214,19267.219,19262.72,6.5373635,0.47454834,132.25221
4215,19265.324,19262.98,6.4936733,0.4758545,117.73211
4216,19265.242,19263.207,6.3046894,0.47615966,121.458084
4217,19266.453,19263.531,6.6225615,0.472522,137.38268
4218,19266.555,19263.834,6.783011,0.47717285,110.75216
4219,19263.074,19263.758,6.1566615,0.47244874,126.00476
4220,19266.223,19264.004,6.087786,0.47755128,136.80185
4221,19264.07,19264.01,5.4794044,0.47611085,141.5399
4222,19260.016,19263.61,6.367248,0.47784424,133.15485
4223,19263.586,19263.607,5.730572,0.47607422,141.4285
4224,19265.445,19263.791,5.4615207,0.47580567,125.14863
4225,19258.621,19263.273,7.3208966,0.4772461,119.862976
4226,19265.428,19263.488,7.0064964,0.47987062,125.38537
4227,19267.098,19263.85,7.4783297,0.47418213,119.74466
4228,19268.25,19264.29,8.4732065,0.4751831,165.09685
4229,19267.473,19264.607,8.53806,0.4783081,127.888504
4230,19267.705,19264.918,8.547846,0.47268066,288.1413
4231,19263.316,19264.758,7.923911,0.47617188,180.77556
4232,19264.744,19264.756,7.1315365,0.46921387,135.80194
4233,19262.918,19264.572,6.7223887,0.4756836,118.62729
4234,19267.83,19264.898,7.0053506,0.4728882,154.09439
4235,19265.309,19264.94,6.319956,0.47226563,169.93265
4236,19260.768,19264.521,7.2543683,0.47445068,117.31006
4237,19259.545,19264.023,8.757887,0.47415772,125.80579
4238,19261.47,19263.768,8.468579,0.4786621,116.21208
4239,19261.582,19263.549,8.051616,0.4736328,119.43953
4240,19259.137,19263.107,8.998458,0.47426757,112.41026
4241,19263.85,19263.182,8.148188,0.47416994,112.88626
4242,19257.812,19262.645,9.927858,0.47694093,121.6864
4243,19255.492,19261.93,13.539114,0.47841796,103.87719
4244,19257.59,19261.496,13.880284,0.4760498,117.17465
4245,19262.3,19261.576,12.550533,0.47994384,119.9209
4246,19262.566,19261.676,11.383731,0.4753418,106.751656
4247,19263.482,19261.855,10.539113,0.47607422,115.80012
4248,19262.723,19261.941,9.552882,0.47420654,116.43234
4249,19258.469,19261.594,9.682935,0.4749878,124.58049
4250,19263.582,19261.793,9.070435,0.47509766,117.705475
4251,19262.207,19261.834,8.178822,0.47128907,110.73948
4252,19264.098,19262.06,7.822118,0.47086182,119.10813
4253,19257.598,19261.613,8.832471,0.47716066,116.67301
4254,19265.787,19262.031,9.517099,0.4743286,166.28673
4255,19260.35,19261.863,8.819901,0.47595215,119.19253
4256,19262.584,19261.936,7.984658,0.47991943,114.87276
4257,19263.543,19262.096,7.418734,0.47319338,119.1855
4258,19261.342,19262.02,6.7280145,0.47404787,112.090576
4259,19257.998,19261.617,7.510723,0.4803345,115.30451
4260,19260.756,19261.531,6.8264203,0.47747803,114.04982
4261,19259.404,19261.318,6.550932,0.4741089,150.11455
4262,19263.36,19261.523,6.270756,0.47678223,157.10606
4263,19257.584,19261.129,7.0404162,0.47397462,114.46709
4264,19262.38,19261.254,6.4774394,0.47384033,112.88162
4265,19263.535,19261.482,6.298064,0.47872314,112.68195
4266,19261.215,19261.455,5.674701,0.47651368,111.56363
4267,19264.82,19261.791,6.126463,0.47786865,144.4274
4268,19264.055,19262.018,5.9749956,0.4770386,114.82549
4269,19262.59,19262.074,5.4069695,0.47651368,115.59962
4270,19260.648,19261.932,5.049229,0.47347412,124.884346
4271,19262.273,19261.965,4.5548205,0.4745117,120.06986
4272,19265.889,19262.357,5.485017,0.47633058,129.25409
4273,19263.422,19262.465,5.0384903,0.47244874,118.05976
4274,19257.977,19262.016,6.3476615,0.4777344,113.54897
4275,19261.676,19261.982,5.7232895,0.47219238,126.78494
4276,19258.598,19261.645,6.182058,0.47818604,108.85195
4277,19260.96,19261.576,5.605909,0.4753174,131.26895
4278,19262.887,19261.707,5.199896,0.47475585,155.40576
4279,19260.715,19261.607,4.768505,0.47523195,130.04588
4280,19266.393,19262.086,6.3524494,0.47476807,119.87843
4281,19268.074,19262.686,8.94456,0.47559816,112.37347
4282,19261.992,19262.617,8.093371,0.4768799,117.80159
4283,19257.975,19262.152,9.223851,0.4732544,111.8922
4284,19264.672,19262.404,8.872789,0.47729492,207.23828
4285,19260.578,19262.223,8.285651,0.47907716,123.250244
4286,19262.96,19262.297,7.5061417,0.47541505,120.78124
4287,19260.219,19262.09,7.1442018,0.4775757,114.577126
4288,19263.723,19262.254,6.6697283,0.47583008,134.6145
4289,19261.805,19262.209,6.020917,0.4728882,112.09572
4290,19260.527,19262.041,5.6733375,0.4741211,118.13858
4291,19263.346,19262.172,5.2592025,0.47827148,120.01398
4292,19267.87,19262.742,7.6545773,0.47772217,126.24482
4293,19265.408,19263.008,7.5288067,0.4756592,131.80775
4294,19266.67,19263.375,7.9829197,0.4736084,122.52392
4295,19260.367,19263.074,7.998852,0.47105715,121.81877
4296,19262.98,19263.064,7.1997576,0.47972414,126.71255
4297,19261.137,19262.871,6.814236,0.4755005,115.360695
4298,19258.045,19262.389,8.229087,0.47587892,117.700775
4299,19260.535,19262.203,7.7153745,0.4777588,114.08747
4300,19263.566,19262.34,7.111105,0.47269288,129.8562
4301,19262.285,19262.334,6.4002633,0.4744629,113.91793
4302,19260.805,19262.182,5.970724,0.47348633,101.99283
4303,19260.705,19262.033,5.569873,0.47799072,113.182396
4304,19258.418,19261.672,6.1891785,0.4788086,114.54176
4305,19259.91,19261.496,5.8495893,0.4753662,116.793945
4306,19255.35,19260.88,8.664764,0.47573242,109.434944
4307,19263.078,19261.102,8.232805,0.47944337,130.55013
4308,19264.93,19261.484,8.728434,0.4763916,122.4866
4309,19259.252,19261.262,8.304124,0.47955322,111.737885
4310,19259.45,19261.08,7.769376,0.48085937,105.66868
4311,19263.316,19261.305,7.4425426,0.47651368,132.89201
4312,19259.95,19261.17,6.8636446,0.47382814,108.387505
4313,19261.24,19261.178,6.177725,0.47486573,140.19028
4314,19260.883,19261.148,5.5677805,0.47513428,119.246315
4315,19265.25,19261.559,6.5250554,0.4761963,130.63983
4316,19256.55,19261.059,8.129586,0.47525635,120.37222
4317,19256.379,19260.59,9.2875805,0.47563478,115.246895
4318,19258.965,19260.428,8.596478,0.47614747,110.91588
4319,19256.238,19260.008,9.316467,0.47822267,123.327385
4320,19258.154,19259.822,8.694016,0.47858888,121.376076
4321,19262.797,19260.12,8.620962,0.47746584,122.63444
4322,19265.875,19260.695,10.740559,0.4696045,149.36948
4323,19264.734,19261.1,11.134765,0.47803956,122.84225
4324,19260.562,19261.047,10.047252,0.47052002,111.46429
4325,19261.04,19261.047,9.042531,0.4751587,120.74362
4326,19261.844,19261.127,8.195429,0.47094727,118.21211
4327,19258.344,19260.848,8.073046,0.477063,110.77503
4328,19261.2,19260.883,7.2768645,0.47418213,116.82223
4329,19261.707,19260.965,6.610318,0.47353515,119.18932
4330,19269.492,19261.818,12.49369,0.47644043,146.64136
4331,19266.18,19262.254,12.956227,0.4727173,119.88935
4332,19262.23,19262.252,11.660654,0.47299805,116.78521
4333,19260.578,19262.084,10.746742,0.47790527,124.8766
4334,19261.605,19262.035,9.692676,0.47719726,110.362595
4335,19261.672,19261.998,8.735285,0.47362062,134.87383
4336,19264.492,19262.248,8.421623,0.47945556,202.8544
4337,19259.406,19261.965,8.306284,0.47718507,115.35818
4338,19256.938,19261.463,9.750332,0.47823486,108.88063
4339,19260.566,19261.373,8.84763,0.4722046,111.7894
4340,19260.785,19261.314,7.9939713,0.47843018,119.57153
4341,19263.607,19261.543,7.6677675,0.47493896,113.51747
4342,19256.148,19261.004,9.520078,0.47642824,117.9232
4343,19260.137,19260.918,8.635751,0.4788452,114.642334
4344,19260.328,19260.86,7.8034883,0.47371826,117.98949
4345,19262.074,19260.98,7.1559653,0.48028564,130.23093
4346,19262.229,19261.105,6.5805545,0.47094727,119.12819
4347,19266.314,19261.627,8.364515,0.4754761,122.94905
4348,19265.348,19262.0,8.773991,0.47354737,118.15057
4349,19261.623,19261.963,7.90938,0.47279054,109.75259
4350,19260.184,19261.785,7.4033723,0.4739258,124.708
4351,19260.076,19261.613,6.9258914,0.47352296,105.48044
4352,19263.021,19261.754,6.4117756,0.47769776,112.440506
4353,19258.742,19261.453,6.5869384,0.47404787,119.246925
4354,19257.076,19261.016,7.652439,0.47322997,122.01805
4355,19260.84,19260.998,6.889976,0.48032227,131.91122
4356,19261.637,19261.062,6.2376895,0.4713257,123.83313
4357,19264.04,19261.36,6.4113135,0.47915038,123.556435
4358,19261.605,19261.385,5.775633,0.4758423,118.92007
4359,19258.209,19261.066,6.1057725,0.47370607,114.50207
4360,19261.652,19261.125,5.526094,0.47836915,123.57133
4361,19259.795,19260.992,5.1327043,0.4786621,204.65642
4362,19264.785,19261.371,5.9142284,0.4791138,131.83391
4363,19263.562,19261.59,5.7550087,0.4748047,132.45598
4364,19263.219,19261.752,5.418308,0.47546387,140.36736
4365,19257.56,19261.332,6.457587,0.47802734,124.45607
4366,19258.295,19261.027,6.641991,0.47561035,110.84922
4367,19260.996,19261.023,5.97788,0.48149416,115.91014
4368,19259.684,19260.889,5.5416584,0.4725708,102.64105
4369,19259.346,19260.734,5.2017603,0.47736818,110.79051
4370,19260.855,19260.746,4.682904,0.47840577,115.16998
4371,19260.807,19260.752,4.2149434,0.47663575,115.88944
4372,19257.566,19260.434,4.706743,0.47851562,114.512344
4373,19261.111,19260.502,4.2774076,0.47485352,121.59814
4374,19261.719,19260.623,3.9829202,0.47076416,126.39737
4375,19264.645,19261.025,5.0401382,0.4824097,154.28612
4376,19260.062,19260.93,4.6195683,0.47580567,111.82201
4377,19257.332,19260.57,5.322493,0.47513428,105.53849
4378,19258.492,19260.363,5.178918,0.47563478,107.38639
4379,19259.861,19260.312,4.683702,0.47391358,110.5455
4380,19260.3,19260.31,4.215344,0.4777832,111.82967
4381,19257.156,19259.996,4.6892724,0.47679445,111.1459
4382,19260.588,19260.055,4.251865,0.4731079,120.52645
4383,19263.68,19260.418,5.0093346,0.47160646,153.0824
4384,19262.846,19260.66,5.0388513,0.47449952,116.50384
4385,19262.164,19260.81,4.738522,0.47520754,120.11423
4386,19259.193,19260.648,4.5000463,0.47390136,108.18978
4387,19264.605,19261.045,5.45927,0.47258303,115.47906
4388,19261.637,19261.104,4.944863,0.47624514,120.7808
4389,19262.244,19261.217,4.5674686,0.4776001,120.996925
4390,19258.938,19260.988,4.578289,0.47487792,117.7048
4391,19260.582,19260.947,4.1353135,0.47679445,116.83694
4392,19266.246,19261.477,6.248764,0.47553712,162.49918
4393,19262.434,19261.572,5.7063193,0.47415772,118.2624
4394,19258.969,19261.312,5.7457337,0.47530517,119.843735
4395,19259.855,19261.166,5.362225,0.47644043,109.3905
4396,19260.486,19261.098,4.86758,0.47940674,112.07697
4397,19268.582,19261.846,9.422251,0.478479,128.26505
4398,19261.465,19261.809,8.49308,0.47253418,109.25052
4399,19265.441,19262.172,8.831532,0.47709963,120.75638
4400,19256.1,19261.564,11.266894,0.47194824,119.37611
4401,19264.75,19261.883,11.053499,0.47841796,136.96866
4402,19263.703,19262.064,10.246367,0.47362062,130.42883
4403,19265.406,19262.398,10.226815,0.4751709,124.17235
4404,19260.082,19262.166,9.68705,0.47052002,113.24205
4405,19260.75,19262.023,8.898804,0.47745362,113.189064
4406,19264.434,19262.264,8.531719,0.47489014,116.82226
4407,19264.121,19262.45,7.989048,0.4777344,126.21109
4408,19261.672,19262.371,7.244527,0.47562256,119.19346
4409,19262.293,19262.363,6.520623,0.47399902,115.10515
4410,19260.402,19262.168,6.214636,0.47747803,116.005135
4411,19262.998,19262.25,5.6551847,0.47351074,103.612175
4412,19267.16,19262.74,7.259534,0.47524413,130.08466
4413,19263.172,19262.783,6.5503488,0.47343752,106.933304
4414,19261.508,19262.656,6.0417094,0.47402343,110.76506
4415,19257.418,19262.133,7.907101,0.47896728,123.627144
4416,19264.457,19262.365,7.6025696,0.47944337,122.033
4417,19258.797,19262.008,7.9883,0.4713013,112.08487
4418,19260.11,19261.818,7.5138354,0.478479,111.306984
4419,19254.887,19261.125,11.08674,0.47268066,112.76837
4420,19261.1,19261.123,9.978124,0.48118898,111.285645
4421,19261.19,19261.129,8.980707,0.47406006,180.7657
4422,19263.473,19261.363,8.577021,0.47491455,122.821465
4423,19258.932,19261.121,8.251477,0.47601318,127.3372
4424,19264.957,19261.504,8.7506275,0.47678223,128.45447
4425,19259.562,19261.31,8.21478,0.47319338,126.27906
4426,19263.5,19261.53,7.8247347,0.4762207,119.20218
4427,19259.21,19261.297,7.5259924,0.47219238,117.11286
4428,19260.264,19261.193,6.8694687,0.47877198,118.402534
4429,19261.758,19261.25,6.2111964,0.47578126,111.65087
4430,19257.814,19260.906,6.652345,0.4740967,117.146576
4431,19259.25,19260.74,6.233995,0.4781006,100.29897
4432,19262.84,19260.95,6.0073476,0.47268066,122.24623
4433,19264.807,19261.336,6.745786,0.47335204,120.89174
4434,19260.951,19261.297,6.0845313,0.47237548,111.81939
4435,19259.955,19261.162,5.6381154,0.47463378,116.68143
4436,19261.82,19261.229,5.1132946,0.47767335,117.99389
4437,19268.469,19261.953,9.319855,0.47689208,116.34294
4438,19262.186,19261.977,8.392731,0.4704712,112.85254
4439,19259.15,19261.693,8.27231,0.47460938,146.0551
4440,19262.426,19261.766,7.4933586,0.47839355,112.337074
4441,19262.344,19261.824,6.774103,0.4774414,120.266136
4442,19272.152,19262.857,15.697008,0.47540283,511.3581
4443,19264.113,19262.982,14.269254,0.47956544,310.9004
4444,19275.607,19264.244,27.187485,0.4755493,822.3328
4445,19262.877,19264.107,24.636963,0.47575685,159.65854
4446,19258.754,19263.572,24.752678,0.47470704,109.73046
4447,19259.398,19263.154,23.845285,0.4708374,113.10448
4448,19256.668,19262.506,25.247276,0.47612306,127.27813
4449,19254.754,19261.73,28.130898,0.471167,108.88877
4450,19257.2,19261.277,27.165707,0.48096925,110.7201
4451,19258.365,19260.986,25.21237,0.47561035,119.79995
4452,19257.094,19260.598,24.054827,0.4764038,111.77938
4453,19256.176,19260.156,23.409111,0.4805664,113.119835
4454,19257.363,19259.877,21.77026,0.4732666,105.32724
4455,19265.61,19260.45,22.550694,0.4810791,128.24425
4456,19265.354,19260.94,22.460314,0.47449952,113.73867
4457,19264.303,19261.275,21.232332,0.47435305,124.12824
4458,19260.96,19261.244,19.117998,0.47661135,105.32487
4459,19257.57,19260.877,18.420929,0.48032227,111.43501
4460,19260.242,19260.812,16.615099,0.47265625,122.86288
4461,19260.566,19260.787,14.959039,0.47686768,110.94081
4462,19264.877,19261.195,14.968549,0.47365722,120.54317
4463,19263.666,19261.441,14.021088,0.47302246,164.42409
4464,19260.184,19261.316,12.761367,0.47651368,108.86549
4465,19257.271,19260.912,12.957756,0.47608644,132.6282
4466,19258.895,19260.71,12.028337,0.47731933,107.83638
4467,19257.883,19260.428,11.545349,0.48111573,110.90303
4468,19260.12,19260.396,10.399385,0.47675782,162.99
4469,19258.857,19260.242,9.572631,0.479834,125.04809
4470,19261.664,19260.385,8.797323,0.47418213,121.67177
4471,19253.504,19259.697,12.178751,0.47559816,111.08207
4472,19258.291,19259.557,11.138854,0.4840332,107.86971
4473,19258.594,19259.46,10.108413,0.47647706,109.949036
4474,19257.746,19259.29,9.362233,0.47521973,117.33079
4475,19262.81,19259.64,9.542087,0.47415772,113.087555
4476,19266.451,19260.322,12.762398,0.4689331,352.6541
4477,19260.918,19260.383,11.518095,0.47357178,110.87967
4478,19257.803,19260.125,10.965397,0.47530517,112.41598
4479,19260.81,19260.193,9.911155,0.47736818,124.399414
4480,19257.76,19259.95,9.4530525,0.47567138,113.300674
4481,19258.984,19259.854,8.59153,0.47609863,108.55667
4482,19266.373,19260.506,11.557763,0.47208253,128.59453
4483,19257.047,19260.16,11.478799,0.47276613,115.08543
4484,19259.922,19260.137,10.336029,0.47697756,115.51003
4485,19258.24,19259.947,9.626124,0.4756836,116.30764
4486,19262.861,19260.238,9.427771,0.4795288,114.069855
4487,19259.395,19260.154,8.549066,0.47131348,105.35617
4488,19257.828,19259.922,8.181155,0.4779419,109.559006
4489,19255.416,19259.47,9.190289,0.4779663,105.866035
4490,19250.91,19258.615,14.866726,0.47579345,107.02941
4491,19260.547,19258.809,13.715864,0.48057863,101.77714
4492,19257.738,19258.701,12.447379,0.47309572,115.786674
4493,19256.637,19258.494,11.586218,0.48254395,114.9142
4494,19260.559,19258.701,10.811173,0.474646,116.08479
4495,19262.316,19259.062,10.906349,0.47579345,120.766685
4496,19260.621,19259.219,10.034344,0.47232667,126.43503
4497,19258.602,19259.156,9.065191,0.47375488,124.85667
4498,19255.033,19258.744,9.688628,0.47573242,113.08014
4499,19257.766,19258.646,8.805939,0.47960207,104.35585
4500,19259.309,19258.713,7.9647994,0.4768799,107.47596
4501,19262.664,19259.107,8.573378,0.47230226,110.97237
4502,19257.135,19258.91,8.066263,0.47435305,108.538826
4503,19258.445,19258.863,7.279084,0.47843018,108.18572
4504,19261.05,19259.082,6.9818397,0.47445068,111.02232
4505,19260.18,19259.191,6.3920918,0.47463378,104.24926
4506,19260.596,19259.332,5.930367,0.47438964,113.753975
4507,19258.594,19259.258,5.3863854,0.4749878,162.02597
4508,19264.39,19259.771,7.2188654,0.4788452,394.1069
4509,19260.225,19259.816,6.5154576,0.47445068,108.90317
4510,19257.934,19259.629,6.18296,0.47803956,110.30311
4511,19257.91,19259.457,5.830533,0.4766968,111.573166
4512,19260.053,19259.516,5.279417,0.48128662,113.45143
4513,19259.873,19259.55,4.762973,0.4727295,128.1451
4514,19260.842,19259.68,4.4366803,0.48164064,137.53564
4515,19256.719,19259.383,4.782056,0.47227785,114.81877
4516,19260.059,19259.451,4.3449516,0.47799072,110.529755
4517,19258.281,19259.334,4.033641,0.47435305,114.94732
4518,19261.25,19259.525,3.9606771,0.4800415,111.76752
4519,19264.98,19260.07,6.2428184,0.47561035,119.77031
4520,19258.195,19259.883,5.9349427,0.47281495,109.861725
4521,19256.416,19259.535,6.4231296,0.4814087,108.45232
4522,19258.365,19259.418,5.904001,0.47423097,110.631134
4523,19260.361,19259.512,5.3936944,0.47435305,102.80708
4524,19257.895,19259.35,5.089701,0.4781006,111.13081
4525,19262.07,19259.621,5.246931,0.4744873,118.51719
4526,19260.734,19259.732,4.8337836,0.47835693,125.22482
4527,19256.184,19259.377,5.4838815,0.47301027,106.680626
4528,19256.703,19259.11,5.578935,0.47666016,109.08954
4529,19260.973,19259.295,5.333505,0.47623292,133.10042
4530,19264.3,19259.795,7.055431,0.47281495,116.90812
4531,19256.494,19259.465,7.330452,0.47205812,118.42938
4532,19256.473,19259.166,7.4031935,0.47729492,115.476814
4533,19255.98,19258.848,7.576168,0.47381592,105.78563
4534,19263.91,19259.354,9.125153,0.47437745,118.368515
4535,19264.135,19259.832,10.270069,0.47404787,106.29335
4536,19259.738,19259.822,9.243854,0.47354737,119.6381
4537,19263.363,19260.176,9.44796,0.4729004,117.89092
4538,19262.574,19260.416,9.020889,0.47447512,118.640114
4539,19264.086,19260.783,9.330949,0.4734497,112.19125
4540,19265.68,19261.273,10.555654,0.47473145,119.6813
4541,19262.0,19261.346,9.547599,0.47469482,104.90202
4542,19264.031,19261.613,9.241933,0.47158203,118.58846
4543,19263.273,19261.78,8.56579,0.47426757,110.196335
4544,19262.482,19261.85,7.7537055,0.47806397,108.80859
4545,19261.438,19261.809,6.99362,0.46968994,111.611244
4546,19259.137,19261.541,6.93676,0.47795412,112.71968
4547,19258.047,19261.191,7.341895,0.4716919,109.34165
4548,19258.945,19260.967,7.06175,0.48111573,106.00329
4549,19262.629,19261.133,6.6042094,0.47869873,113.95016
4550,19259.998,19261.02,6.059681,0.47458497,146.72337
4551,19255.672,19260.484,8.027481,0.4786499,114.702156
4552,19262.691,19260.705,7.6631217,0.4758179,123.146484
4553,19259.73,19260.607,6.982297,0.47214356,118.28215
4554,19258.877,19260.434,6.553574,0.4772583,106.496025
4555,19261.77,19260.566,6.058842,0.47503662,120.91638
4556,19262.525,19260.762,5.7983437,0.47539064,118.617714
4557,19257.64,19260.45,6.0952196,0.48000488,113.53635
4558,19258.02,19260.207,6.017002,0.47700197,100.5349
4559,19257.518,19259.938,6.066286,0.4758911,107.66031
4560,19257.357,19259.68,6.0587697,0.4720703,107.8786
4561,19259.906,19259.703,5.4575124,0.47700197,118.850006
4562,19258.209,19259.555,5.112682,0.47421876,108.38504
4563,19256.656,19259.266,5.357498,0.4751465,109.49099
4564,19259.137,19259.252,4.8232436,0.47592774,133.23064
4565,19261.84,19259.512,4.943665,0.47697756,122.55751
4566,19258.082,19259.37,4.633259,0.47624514,113.56728
4567,19255.943,19259.027,5.226171,0.47558594,116.365486
4568,19259.342,19259.059,4.7124534,0.4713257,134.50116
4569,19257.025,19258.855,4.6132603,0.47364503,112.02739
4570,19256.715,19258.64,4.564339,0.47449952,119.81295
4571,19257.371,19258.514,4.252959,0.476355,140.40633
4572,19253.562,19258.02,6.033932,0.47561035,110.1745
4573,19259.463,19258.164,5.618035,0.47592774,111.27614
4574,19259.234,19258.271,5.1593323,0.47263184,135.83167
4575,19262.266,19258.672,6.079183,0.47381592,128.6172
4576,19260.422,19258.848,5.7468896,0.4750122,112.05539
4577,19259.207,19258.883,5.183824,0.47634277,120.73963
4578,19259.64,19258.959,4.717127,0.4784668,107.095184
4579,19261.469,19259.21,4.8123174,0.47930908,109.19275
4580,19263.256,19259.615,5.803611,0.47399902,121.79377
4581,19262.068,19259.861,5.7648535,0.47434083,116.24816
4582,19261.97,19260.072,5.5888195,0.47786865,127.49034
4583,19257.21,19259.785,5.766785,0.47160646,113.04476
4584,19260.48,19259.855,5.233618,0.4765625,106.69858
4585,19255.188,19259.389,6.6713495,0.47667238,105.44989
4586,19254.834,19258.934,7.8712797,0.4815796,105.45066
4587,19257.043,19258.744,7.4058537,0.47857666,108.03409
4588,19256.387,19258.508,7.1654377,0.47919923,117.68439
4589,19255.758,19258.232,7.1295185,0.47651368,107.11542
4590,19258.098,19258.219,6.418201,0.48344728,122.2306
4591,19257.55,19258.152,5.816537,0.47753906,114.19862
4592,19257.12,19258.049,5.330959,0.47576904,107.67599
4593,19258.023,19258.047,4.7979207,0.4755127,115.76508
4594,19257.05,19257.947,4.407427,0.47507325,113.79169
4595,19260.713,19258.225,4.6550655,0.4701294,110.95799
4596,19257.904,19258.193,4.198793,0.47607422,107.6666
4597,19259.383,19258.312,3.9062455,0.47641602,114.5384
4598,19256.781,19258.16,3.7266462,0.4709961,111.9782
4599,19262.074,19258.55,4.732771,0.47609863,126.21047
4600,19256.879,19258.383,4.511059,0.4704956,124.69013
4601,19263.684,19258.912,6.5887976,0.47854003,113.31958
4602,19259.182,19258.94,5.9364557,0.4692627,117.70617
4603,19259.445,19258.99,5.3658404,0.47319338,114.67279
4604,19262.992,19259.39,6.270663,0.47335204,130.29213
4605,19259.463,19259.398,5.6440663,0.47763672,104.33485
4606,19262.254,19259.684,5.813493,0.471167,102.08642
4607,19258.36,19259.55,5.389963,0.47385255,118.80599
4608,19257.885,19259.385,5.1007714,0.47670898,104.334305
4609,19253.344,19258.781,7.875142,0.47877198,102.98955
4610,19256.48,19258.55,7.5640516,0.47850344,106.023506
4611,19256.242,19258.32,7.287311,0.47630617,107.77387
4612,19254.547,19257.943,7.8400745,0.47991943,108.026184
4613,19256.326,19257.781,7.291444,0.47509766,106.416695
4614,19259.994,19258.002,7.003019,0.47628173,112.76519
4615,19257.2,19257.922,6.360711,0.47465822,115.82632
4616,19258.945,19258.023,5.818908,0.4762207,108.92871
4617,19258.828,19258.104,5.2952943,0.47624514,116.220184
4618,19258.758,19258.168,4.804294,0.47196046,113.62656
4619,19260.129,19258.363,4.6699395,0.47370607,115.874626
4620,19259.814,19258.508,4.3924766,0.47332764,108.97453
4621,19257.87,19258.443,3.98994,0.47530517,142.16418
4622,19255.822,19258.182,4.209258,0.47769776,114.41678
4623,19257.41,19258.105,3.8418992,0.47689208,108.75088
4624,19257.547,19258.049,3.4857917,0.47519532,117.14235
4625,19262.322,19258.477,4.7808166,0.4784546,110.792244
4626,19262.178,19258.848,5.5356154,0.47463378,124.201256
4627,19261.598,19259.123,5.6626787,0.47738037,130.63739
4628,19259.8,19259.191,5.1377497,0.47050783,116.09611
4629,19259.145,19259.188,4.624172,0.47370607,110.040115
4630,19261.012,19259.37,4.4612546,0.4745972,116.970894
4631,19254.832,19258.916,5.867811,0.47213134,107.79521
4632,19256.766,19258.701,5.697206,0.47869873,113.142876
4633,19255.102,19258.342,6.293632,0.47369385,117.00782
4634,19261.412,19258.648,6.5126824,0.4754761,118.1465
4635,19258.617,19258.645,5.861502,0.47336426,105.70118
4636,19258.666,19258.646,5.2753935,0.47556153,118.83532
4637,19257.807,19258.562,4.8113346,0.47832033,104.52001
4638,19260.312,19258.738,4.605826,0.47719726,112.50011
4639,19255.828,19258.447,4.907454,0.47541505,106.50856
4640,19254.518,19258.055,5.806528,0.47615966,106.14962
4641,19254.387,19257.688,6.4367347,0.4781128,103.435844
4642,19257.047,19257.623,5.829997,0.47437745,110.81738
4643,19257.713,19257.633,5.2477236,0.47587892,107.84251
4644,19257.918,19257.662,4.7302694,0.47652587,131.5715
4645,19260.977,19257.994,5.2459464,0.47315675,135.93446
4646,19262.732,19258.469,6.7419696,0.47313234,149.69508
4647,19258.885,19258.51,6.0833488,0.4764038,120.956505
4648,19259.422,19258.602,5.5498886,0.47161865,116.67052
4649,19257.117,19258.453,5.193203,0.47686768,104.42591
4650,19258.559,19258.463,4.674884,0.47888184,124.366615
4651,19260.057,19258.623,4.435999,0.47593996,121.0695
4652,19258.713,19258.633,3.9931254,0.4784424,122.26944
4653,19258.951,19258.664,3.6029344,0.4763794,117.77717
4654,19258.21,19258.62,3.2611198,0.47423097,108.96957
4655,19262.38,19258.996,4.208555,0.47509766,113.72186
4656,19256.918,19258.79,4.176374,0.47591552,115.28865
4657,19257.96,19258.707,3.8204577,0.4796997,115.80442
4658,19254.617,19258.299,4.943826,0.47407228,109.4476
4659,19257.562,19258.225,4.4982395,0.4769043,104.026955
4660,19260.195,19258.422,4.397946,0.46950683,118.84931
4661,19258.041,19258.383,3.971206,0.47712404,114.41275
4662,19256.008,19258.145,4.0817413,0.4758179,118.08068
4663,19257.195,19258.049,3.7546587,0.47784424,109.27793
4664,19261.25,19258.37,4.301468,0.47767335,112.76496
4665,19259.52,19258.484,3.990427,0.47286376,117.62513
4666,19259.82,19258.617,3.7520099,0.47875977,118.36018
4667,19254.639,19258.219,4.8013816,0.47293702,111.13535
4668,19262.746,19258.672,6.165959,0.47919923,120.55306
4669,19255.988,19258.404,6.1975136,0.4694092,121.81683
4670,19260.191,19258.582,5.8652005,0.4786133,107.27897
4671,19262.797,19259.004,6.877522,0.4748291,108.85169
4672,19259.496,19259.053,6.2115717,0.47336426,104.86408
4673,19258.21,19258.969,5.6541905,0.47607422,103.80073
4674,19258.45,19258.916,5.113064,0.48021242,100.31623
4675,19260.248,19259.049,4.761445,0.47200927,114.634926
4676,19258.766,19259.02,4.2925186,0.47601318,112.636856
4677,19261.7,19259.287,4.509532,0.47930908,119.75914
4678,19262.172,19259.576,4.807547,0.47977296,131.66872
4679,19258.281,19259.447,4.4777064,0.4782837,124.04976
4680,19260.77,19259.58,4.18729,0.47641602,112.342155
4681,19259.777,19259.6,3.7720635,0.4753296,169.1659
4682,19254.578,19259.098,5.6642346,0.47789308,110.045876
4683,19259.053,19259.094,5.0979924,0.47719726,117.45317
4684,19257.973,19258.982,4.7013097,0.4776245,108.81424
4685,19261.027,19259.188,4.607532,0.47574463,117.06137
4686,19258.633,19259.133,4.17447,0.47191164,109.451004
4687,19258.734,19259.094,3.7713106,0.47766113,108.17139
4688,19260.107,19259.195,3.4866574,0.47475585,114.721954
4689,19258.605,19259.137,3.169304,0.47338867,105.82385
4690,19259.71,19259.193,2.8820488,0.47504884,144.7008
4691,19257.496,19259.023,2.853108,0.48076174,113.18328
4692,19257.996,19258.92,2.6627862,0.47679445,109.99537
4693,19260.637,19259.092,2.661773,0.47694093,164.3489
4694,19257.406,19258.924,2.6512918,0.47661135,99.58836
4695,19262.639,19259.295,3.6281683,0.47849122,110.078674
4696,19254.086,19258.773,5.707368,0.47453615,104.2996
4697,19256.746,19258.57,5.5065417,0.47906494,128.16422
4698,19259.855,19258.7,5.1045337,0.47156984,135.5228
4699,19256.707,19258.5,4.951273,0.47401124,103.95321
4700,19256.361,19258.285,4.8677983,0.47487792,113.292755
4701,19258.723,19258.328,4.398245,0.48120117,113.66879
4702,19258.059,19258.3,3.9649584,0.47447512,111.93594
4703,19257.89,19258.26,3.5836031,0.47822267,115.147194
4704,19259.125,19258.346,3.2926195,0.47369385,117.22143
4705,19258.652,19258.377,2.9718199,0.47479248,101.35409
4706,19254.672,19258.006,3.9101222,0.47495118,107.1833
4707,19257.195,19257.926,3.5782387,0.47587892,104.17349
4708,19567.004,19288.834,8600.855,0.47525635,14032.611
4709,19263.383,19286.29,7799.0684,0.46695557,154.51622
4710,19256.598,19283.32,7098.504,0.4809204,103.509636
4711,19258.266,19280.814,6445.15,0.47587892,106.90081
4712,19257.621,19278.496,5849.0483,0.4736328,118.06827
4713,19253.098,19275.957,5322.2007,0.47851562,107.73883
4714,19256.844,19274.045,4822.859,0.47907716,107.577545
4715,19258.352,19272.477,4362.738,0.4746216,108.65747
4716,19261.79,19271.408,3936.7441,0.4765625,133.11111
4717,19260.783,19270.346,3553.2297,0.47491455,115.49935
4718,19257.15,19269.025,3213.5771,0.48228762,104.071106
4719,19258.643,19267.986,2901.9216,0.47435305,125.90971
4720,19256.535,19266.842,2623.5312,0.47540283,104.2981
4721,19259.5,19266.107,2366.0293,0.47745362,109.005974
4722,19254.457,19264.941,2141.6423,0.4750122,109.1945
4723,19258.516,19264.299,1931.1943,0.47806397,144.90451
4724,19253.455,19263.215,1748.6577,0.47574463,113.647415
4725,19254.166,19262.31,1581.1613,0.47795412,103.30288
4726,19256.777,19261.758,1425.8005,0.47835693,103.12072
4727,19259.258,19261.508,1283.783,0.4777344,124.096115
4728,19255.688,19260.926,1158.4535,0.4758911,109.297485
4729,19258.238,19260.656,1043.2582,0.47867432,105.82938
4730,19256.25,19260.215,940.6797,0.47558594,109.54007
4731,19256.297,19259.822,847.9932,0.477771,107.60286
4732,19259.621,19259.803,763.1975,0.47561035,103.19118
4733,19254.977,19259.32,688.97406,0.47506103,106.16837
4734,19253.523,19258.74,623.10095,0.475708,116.850914
4735,19260.64,19258.93,561.11584,0.48321533,135.43416
4736,19255.432,19258.58,506.10553,0.47705078,116.295784
4737,19259.053,19258.627,455.51508,0.47338867,202.70195
4738,19254.434,19258.207,411.54614,0.4746216,116.8787
4739,19254.967,19257.883,371.33646,0.4772339,99.89002
4740,19258.725,19257.967,334.26657,0.47548828,152.83281
4741,19257.793,19257.95,300.84262,0.47436523,102.04197
4742,19253.062,19257.46,272.90756,0.4784546,108.7693
4743,19254.445,19257.16,246.43526,0.4784668,104.832985
4744,19254.887,19256.934,222.25688,0.47489014,110.232056
4745,19251.96,19256.436,202.25665,0.47663575,105.49533
4746,19256.031,19256.395,182.04568,0.4758911,114.765396
4747,19255.566,19256.312,163.90283,0.47702637,152.79826
4748,19258.701,19256.55,148.02606,0.47719726,108.86966
4749,19263.945,19257.291,138.14458,0.4704956,117.56783
4750,19259.05,19257.467,124.608826,0.47634277,121.79799
4751,19253.703,19257.09,113.422806,0.4763916,103.55205
4752,19252.867,19256.668,103.685295,0.477417,108.91708
4753,19255.664,19256.568,93.40747,0.4774048,113.518036
4754,19253.037,19256.215,85.188995,0.478479,106.88308
4755,19257.74,19256.367,76.87951,0.47418213,112.60229
4756,19260.246,19256.756,70.54569,0.46845704,117.75573
4757,19254.742,19256.555,63.85606,0.474292,100.59743
4758,19259.633,19256.863,58.32319,0.47578126,112.76153
4759,19256.963,19256.873,52.49176,0.47366944,144.55034
4760,19259.348,19257.121,47.793716,0.47904053,118.46868
4761,19257.441,19257.152,43.02358,0.47447512,121.63792
4762,19256.25,19257.062,38.7945,0.47663575,101.99707
4763,19258.371,19257.193,35.069164,0.47799072,102.260826
4764,19256.059,19257.08,31.678139,0.4751587,107.30743
4765,19257.088,19257.08,28.51033,0.47510988,103.335075
4766,19261.115,19257.484,27.12472,0.476355,115.99708
4767,19257.406,19257.477,24.412796,0.473584,109.73037
4768,19256.812,19257.41,22.011204,0.47445068,104.97074
4769,19258.08,19257.477,19.850475,0.47564697,106.72329
4770,19261.24,19257.854,19.140299,0.47857666,106.1801
4771,19257.484,19257.816,17.238531,0.47487792,108.12024
4772,19259.7,19258.004,15.833726,0.4798828,115.01495
4773,19258.06,19258.01,14.250642,0.47371826,107.57803
4774,19261.812,19258.39,14.1270485,0.47974855,107.1014
4775,19260.727,19258.625,13.205438,0.46785888,114.57615
4776,19256.762,19258.44,12.197357,0.47437745,116.49982
4777,19259.668,19258.562,11.113453,0.47990724,104.73819
4778,19259.402,19258.646,10.065588,0.47131348,109.37135
4779,19261.715,19258.953,9.9063635,0.47453615,125.1423
4780,19256.523,19258.71,9.447031,0.47851562,104.91496
4781,19254.76,19258.316,9.907387,0.4749756,115.082466
4782,19256.424,19258.127,9.239015,0.47668457,109.18204
4783,19257.135,19258.027,8.403712,0.47843018,110.56389
4784,19261.832,19258.408,8.866149,0.4770752,209.09732
4785,19255.586,19258.125,8.696401,0.47634277,109.26694
4786,19260.719,19258.385,8.43224,0.47989503,128.53107
4787,19255.686,19258.115,8.244736,0.47261962,122.100174
4788,19255.086,19257.812,8.24616,0.47941896,107.56615
4789,19258.527,19257.885,7.467533,0.4747803,102.55908
4790,19254.72,19257.568,7.6217957,0.4796997,115.604454
4791,19259.258,19257.738,7.1164985,0.47728273,101.27729
4792,19257.81,19257.746,6.4053183,0.47802734,241.47128
4793,19260.477,19258.02,6.4357777,0.47573242,117.35819
4794,19274.426,19259.66,30.017052,0.47180176,658.19965
4795,19267.512,19260.445,32.56358,0.4769287,552.06836
4796,19255.383,19259.94,31.613821,0.47614747,121.73876
4797,19258.387,19259.785,28.669426,0.47734377,131.43123
4798,19256.057,19259.412,27.053646,0.47786865,106.2294
4799,19254.977,19258.969,26.118948,0.4746216,102.64249
4800,19261.062,19259.178,23.901594,0.47449952,118.93843
4801,19256.809,19258.941,22.016588,0.476001,104.12775
4802,19257.303,19258.777,20.0566,0.47781983,104.37639
4803,19257.898,19258.69,18.120462,0.47332764,108.93595
4804,19255.82,19258.402,17.049292,0.47557375,108.19996
4805,19258.156,19258.377,15.3498125,0.4760254,105.83343
4806,19253.621,19257.902,15.85047,0.4741211,101.5689
4807,19259.242,19258.037,14.426989,0.4788086,132.41093
4808,19257.39,19257.973,13.021904,0.47575685,109.3263
4809,19256.896,19257.865,11.823946,0.47489014,109.14127
4810,19257.406,19257.82,10.660511,0.4762207,116.14889
4811,19254.266,19257.465,10.731682,0.4769043,115.547
4812,19255.86,19257.305,9.8904915,0.4710327,113.75872
4813,19257.504,19257.324,8.905014,0.47944337,106.70717
4814,19256.523,19257.244,8.072225,0.47319338,121.53898
4815,19253.377,19256.857,8.610965,0.47979736,105.63951
4816,19252.166,19256.389,9.730704,0.4793213,107.9147
4817,19249.936,19255.744,12.505488,0.47833252,99.68592
4818,19255.992,19255.77,11.260477,0.47800294,108.94151
4819,19256.229,19255.816,10.153389,0.47349855,110.999695
4820,19258.803,19256.115,9.940683,0.47885743,105.577835
4821,19254.19,19255.922,9.280392,0.4740967,102.623
4822,19257.744,19256.104,8.651212,0.47901613,106.24414
4823,19255.096,19256.002,7.877502,0.476001,119.18702
4824,19253.572,19255.76,7.621056,0.4766968,109.001724
4825,19253.625,19255.547,7.2691,0.47979736,110.49818
4826,19257.51,19255.742,6.8889546,0.47453615,114.236015
4827,19257.195,19255.887,6.3901005,0.47783205,123.68022
4828,19262.809,19256.578,10.063202,0.47806397,189.15204
4829,19258.11,19256.73,9.267906,0.47385255,243.80162
4830,19312.875,19262.346,292.0399,0.47628173,2704.4058
4831,19256.76,19261.787,265.64413,0.4716797,125.22094
4832,19254.676,19261.076,243.6311,0.482251,117.6311
4833,19258.54,19260.822,219.8473,0.4727173,127.17516
4834,19257.121,19260.453,199.09546,0.4730835,112.55338
4835,19253.691,19259.777,183.30078,0.47659913,107.824974
4836,19256.137,19259.414,166.16357,0.47836915,112.46163
4837,19255.191,19258.992,151.152,0.47297364,111.25493
4838,19260.207,19259.113,136.16962,0.473584,149.08887
4839,19256.705,19258.873,123.0746,0.47539064,116.63331
4840,19257.709,19258.756,110.88909,0.47559816,109.91039
4841,19255.256,19258.406,100.90268,0.4784546,106.75264
4842,19256.61,19258.227,91.103,0.47175294,104.366875
4843,19259.922,19258.396,82.25136,0.47440186,107.79539
4844,19252.275,19257.785,77.39832,0.47177735,108.01366
4845,19257.77,19257.783,69.65851,0.47668457,111.73223
4846,19253.016,19257.307,64.738335,0.47268066,111.95466
4847,19256.447,19257.22,58.330967,0.47705078,105.7403
4848,19256.473,19257.146,52.54823,0.47907716,104.55759
4849,19257.271,19257.158,47.29481,0.4728882,107.65117
4850,19256.564,19257.1,42.597057,0.4742798,105.397224
4851,19255.633,19256.953,38.530983,0.47675782,117.40766
4852,19256.814,19256.94,34.679615,0.478125,98.12167
4853,19252.656,19256.512,32.862778,0.47818604,108.268
4854,19254.734,19256.334,29.860806,0.47944337,101.50184
4855,19257.705,19256.47,27.043915,0.47712404,112.775345
4856,19256.29,19256.453,24.342493,0.47279054,120.89701
4857,19258.863,19256.693,22.43104,0.47528076,129.40372
4858,19261.797,19257.203,22.532064,0.47961426,116.40562
4859,19260.533,19257.535,21.276905,0.47465822,117.56909
4860,19256.072,19257.389,19.341818,0.47749025,109.46782
4861,19258.64,19257.514,17.5487,0.47573242,109.00582
4862,19256.047,19257.367,15.987464,0.47573242,116.236626
4863,19257.367,19257.367,14.388718,0.4758545,107.63165
4864,19252.84,19256.914,14.794561,0.47401124,103.62002
4865,19256.57,19256.879,13.325739,0.47915038,124.49772
4866,19256.902,19256.88,11.993215,0.47397462,115.676056
4867,19251.7,19256.363,13.21034,0.47650146,110.912384
4868,19259.238,19256.65,12.633212,0.47353515,124.01311
4869,19256.484,19256.633,11.372371,0.47764894,111.96221
4870,19252.867,19256.256,11.511328,0.47574463,103.88083
4871,19256.484,19256.28,10.364895,0.4821167,109.82167
4872,19250.848,19255.736,11.983649,0.47370607,118.51912
4873,19253.557,19255.518,11.212877,0.48076174,107.63003
4874,19254.164,19255.383,10.25647,0.4751831,108.40153
4875,19252.344,19255.078,10.062054,0.4781006,113.48485
4876,19252.754,19254.846,9.542027,0.4798584,105.436844
4877,19256.629,19255.023,8.874008,0.4805542,108.392586
4878,19259.848,19255.506,10.081185,0.4788086,110.745415
4879,19260.777,19256.033,11.574036,0.47281495,119.19386
4880,19259.36,19256.365,11.41234,0.47508547,107.26952
4881,19257.852,19256.514,10.469931,0.47008058,107.911804
4882,19253.951,19256.258,10.013914,0.47322997,104.978676
4883,19256.824,19256.314,9.041396,0.47800294,117.3148
4884,19255.727,19256.256,8.168362,0.47352296,120.56935
4885,19254.398,19256.07,7.6620264,0.47763672,109.67118
4886,19255.7,19256.033,6.9082174,0.47264406,116.25678
4887,19259.262,19256.355,7.1554937,0.47852784,117.77239
4888,19261.816,19256.902,9.12391,0.47280273,273.0928
4889,19257.346,19256.947,8.22921,0.47979736,115.463066
4890,19253.379,19256.59,8.552276,0.47125244,103.452934
4891,19256.137,19256.545,7.715527,0.47580567,105.56153
4892,19257.127,19256.604,6.9744625,0.4777832,110.75844
4893,19254.059,19256.35,6.8599124,0.47330323,104.01812
4894,19258.363,19256.55,6.53886,0.47701415,109.58282
4895,19256.805,19256.576,5.8907757,0.47398683,103.60207
4896,19253.406,19256.26,6.206054,0.47440186,103.96389
4897,19254.656,19256.1,5.816862,0.47965088,113.26928
4898,19256.988,19256.188,5.306252,0.47420654,121.091995
4899,19252.752,19255.844,5.837895,0.4772217,101.72977
4900,19256.113,19255.871,5.2606435,0.47486573,105.90687
4901,19255.492,19255.834,4.7475004,0.4764038,100.83824
4902,19254.824,19255.732,4.3645167,0.47529298,105.12727
4903,19257.105,19255.87,4.0977383,0.4758667,113.05385
4904,19252.43,19255.525,4.75265,0.4774414,101.12775
4905,19252.934,19255.266,4.881952,0.47362062,101.742
4906,19252.688,19255.008,4.991962,0.47641602,103.49398
4907,19252.791,19254.785,4.9350424,0.47369385,105.535706
4908,19252.098,19254.516,5.091577,0.4781494,104.217476
4909,19254.69,19254.533,4.585139,0.4725708,127.32913
4910,19251.941,19254.273,4.7311916,0.4774048,107.680626
4911,19252.438,19254.09,4.5614324,0.47745362,119.56332
4912,19254.418,19254.123,4.114979,0.47827148,110.19864
4913,19257.398,19254.451,4.6690173,0.47415772,107.27093
4914,19260.896,19255.096,7.940901,0.4758179,107.13113
4915,19260.39,19255.625,9.670068,0.47819826,110.469986
4916,19255.637,19255.627,8.703073,0.47232667,110.611694
4917,19257.38,19255.803,8.109622,0.4756592,111.6392
4918,19253.885,19255.611,7.6297345,0.4768799,106.614586
4919,19260.111,19256.06,8.6892605,0.4788086,123.467766
4920,19255.057,19255.96,7.9110384,0.47508547,115.60626
4921,19256.203,19255.984,7.1252136,0.47838137,100.80075
4922,19251.64,19255.55,8.1108265,0.47548828,113.82089
4923,19258.582,19255.854,8.126707,0.47974855,131.08661
4924,19260.836,19256.352,9.5482435,0.4739624,124.1306
4925,19259.41,19256.658,9.435369,0.47803956,107.68798
4926,19259.96,19256.988,9.4735565,0.47423097,125.32084
4927,19255.74,19256.863,8.666387,0.47891846,106.342514
4928,19257.605,19256.938,7.8493237,0.47989503,100.8237
4929,19252.824,19256.525,8.587109,0.4755127,94.549126
4930,19255.365,19256.41,7.849534,0.4812622,102.40153
4931,19256.385,19256.408,7.0646386,0.47104493,110.63153
4932,19256.55,19256.422,6.360004,0.4795288,113.74434
4933,19255.115,19256.291,5.877661,0.4734009,105.879166
4934,19253.742,19256.035,5.8745823,0.47513428,116.2707
4935,19258.643,19256.297,5.899002,0.47386476,109.87461
4936,19256.967,19256.363,5.349493,0.47611085,111.03348
4937,19257.242,19256.451,4.8840666,0.48005372,118.250336
4938,19250.27,19255.832,7.834801,0.47172853,103.95421
4939,19252.277,19255.477,8.188542,0.47697756,104.105034
4940,19253.35,19255.264,7.776841,0.46988526,109.04624
4941,19254.945,19255.232,7.0082784,0.4815796,105.888954
4942,19255.639,19255.273,6.322304,0.4808838,173.04437
4943,19257.193,19255.465,6.021822,0.47797853,111.54412
4944,19256.148,19255.533,5.4616966,0.4720703,160.6573
4945,19256.35,19255.615,4.9755135,0.4763672,96.25492
4946,19253.738,19255.428,4.7950277,0.47008058,110.56174
4947,19252.328,19255.117,5.180207,0.4770874,106.89443
4948,19255.879,19255.193,4.7144055,0.47683105,105.80843
4949,19251.082,19254.781,5.7642365,0.47486573,105.396576
4950,19256.898,19254.992,5.591236,0.4828247,104.12604
4951,19255.904,19255.084,5.106987,0.4754761,125.56935
4952,19255.73,19255.148,4.633903,0.4769043,200.05685
4953,19252.975,19254.932,4.59581,0.47397462,106.72221
4954,19258.479,19255.287,5.268458,0.4805176,112.41571
4955,19250.44,19254.803,6.856591,0.4727173,106.16818
4956,19254.38,19254.76,6.18695,0.4814209,95.64408
4957,19255.28,19254.812,5.5925474,0.47548828,108.29417
4958,19255.318,19254.863,5.056323,0.47634277,108.06237
4959,19253.812,19254.758,4.650063,0.47628173,103.04728
4960,19256.898,19254.973,4.5974617,0.47930908,112.8885
4961,19257.05,19255.18,4.5263896,0.47158203,104.903275
4962,19254.723,19255.135,4.09255,0.48018798,95.4309
4963,19255.596,19255.182,3.7024164,0.4766968,108.39546
4964,19253.85,19255.049,3.4918623,0.47155762,95.49698
4965,19253.97,19254.941,3.2472878,0.4739502,103.53893
4966,19254.816,19254.93,2.9239652,0.47734377,101.50635
4967,19254.09,19254.846,2.695049,0.4812378,108.13181
4968,19256.674,19255.03,2.726328,0.4791382,115.74918
4969,19257.953,19255.322,3.2230842,0.47281495,112.57249
4970,19259.117,19255.701,4.1969047,0.4765625,108.7692
4971,19249.56,19255.088,7.170869,0.4748169,100.65909
4972,19255.176,19255.098,6.454477,0.4793457,112.7714
4973,19258.602,19255.447,6.9139915,0.47564697,114.9079
4974,19253.387,19255.242,6.604719,0.47664794,109.63273
4975,19249.973,19254.715,8.443364,0.47006837,107.176674
4976,19255.861,19254.83,7.717326,0.47849122,105.42946
4977,19254.734,19254.82,6.946418,0.47645265,111.59652
4978,19255.328,19254.871,6.2749844,0.4770874,100.94821
4979,19257.994,19255.184,6.525294,0.47399902,118.21931
4980,19255.965,19255.262,5.9276958,0.4777832,108.35262
4981,19254.525,19255.188,5.3837223,0.47735596,106.08218
4982,19256.379,19255.307,4.9731,0.47889405,102.93509
4983,19255.334,19255.309,4.4758573,0.4791138,106.68672
4984,19254.545,19255.232,4.080759,0.47801515,121.13301
4985,19251.693,19254.879,4.7999296,0.47962648,106.135574
4986,19253.072,19254.7,4.6136923,0.47994384,106.17625
4987,19251.299,19254.36,5.192962,0.47473145,105.2751
4988,19251.318,19254.055,5.5059657,0.47785646,96.938644
4989,19254.805,19254.129,5.0059943,0.47695312,112.349434
4990,19256.914,19254.408,5.2035336,0.47681886,112.44928
4991,19251.598,19254.127,5.394106,0.47667238,112.370636
4992,19255.11,19254.225,4.941559,0.48205566,103.39867
4993,19252.922,19254.094,4.6001434,0.47940674,127.79893
4994,19252.143,19253.898,4.4827657,0.47276613,95.00984
4995,19252.418,19253.75,4.23175,0.4758667,97.06072
4996,19253.895,19253.764,3.810455,0.4756592,106.54727
4997,19255.738,19253.96,3.7803268,0.47683105,104.10107
4998,19257.695,19254.334,4.657394,0.47479248,109.622375
4999,19258.762,19254.777,5.956089,0.4764038,115.33697
