step,energy,ewmean,ewvar,pmove,locstd
0,2.119085e+06,2.119085e+06,0.0,0.9660889,3.1972205e+06
1,2.186153e+06,2.1257918e+06,4.048305e+08,0.96651614,3.236788e+06
2,2.2186805e+06,2.1350805e+06,1.1408961e+09,0.96832275,3.4752075e+06
3,2.178867e+06,2.1394592e+06,1.1993596e+09,0.97039795,3.2237375e+06
4,2.2496268e+06,2.150476e+06,2.1717425e+09,0.97248536,3.3964162e+06
5,2.3578335e+06,2.1712118e+06,5.82431e+09,0.9750366,3.5907568e+06
6,2.257645e+06,2.179855e+06,5.914242e+09,0.97762454,3.342187e+06
7,2.284211e+06,2.1902905e+06,6.3029335e+09,0.9768311,3.3566848e+06
8,2.2117455e+06,2.192436e+06,5.7140685e+09,0.97645265,3.3654825e+06
9,2.2936065e+06,2.202553e+06,6.0638536e+09,0.975708,3.330186e+06
10,2.1265745e+06,2.1949552e+06,5.9770143e+09,0.9744019,3.2083705e+06
11,2.106075e+06,2.1860672e+06,6.0902856e+09,0.9719605,3.1290915e+06
12,2.1197282e+06,2.1794332e+06,5.877334e+09,0.9713257,3.0544288e+06
13,2.2594515e+06,2.187435e+06,5.865863e+09,0.9704834,3.3604332e+06
14,2.195468e+06,2.1882382e+06,5.285084e+09,0.96990967,3.2811462e+06
15,2.1559155e+06,2.185006e+06,4.850604e+09,0.96982425,3.2137108e+06
16,2.223613e+06,2.1888668e+06,4.4996884e+09,0.9692505,3.2410978e+06
17,2.203218e+06,2.190302e+06,4.0682557e+09,0.9696167,3.4101598e+06
18,2.137368e+06,2.1850085e+06,3.9136108e+09,0.9699829,3.1980662e+06
19,2.1728205e+06,2.1837898e+06,3.5356188e+09,0.97108155,3.2076365e+06
20,2.1191585e+06,2.1773265e+06,3.5580047e+09,0.971167,3.138357e+06
21,2.1963455e+06,2.1792285e+06,3.2347592e+09,0.9711426,3.1353892e+06
22,2.2577545e+06,2.187081e+06,3.466253e+09,0.97248536,3.6101522e+06
23,2.1805435e+06,2.1864272e+06,3.1234742e+09,0.9716553,3.2992828e+06
24,2.1981505e+06,2.1875995e+06,2.8234957e+09,0.97198486,3.3254775e+06
25,2.1801635e+06,2.186856e+06,2.5461225e+09,0.97229004,3.262543e+06
26,2.2582445e+06,2.1939948e+06,2.7501788e+09,0.9711426,3.542903e+06
27,2.2780515e+06,2.2024005e+06,3.1110592e+09,0.971814,3.2761258e+06
28,2.1897275e+06,2.2011332e+06,2.8144077e+09,0.97108155,3.2089722e+06
29,2.0534595e+06,2.186366e+06,4.4956447e+09,0.9724243,3.256226e+06
30,2.2667805e+06,2.1944075e+06,4.628064e+09,0.9703369,3.45925e+06
31,2.1017728e+06,2.185144e+06,4.937565e+09,0.9710938,3.136564e+06
32,2.3096365e+06,2.1975932e+06,5.838663e+09,0.97091067,3.5396648e+06
33,2.26078e+06,2.203912e+06,5.6141276e+09,0.97103274,3.3441712e+06
34,2.157984e+06,2.1993192e+06,5.2425595e+09,0.97264403,3.2330882e+06
35,2.265218e+06,2.205909e+06,5.1091415e+09,0.9723267,3.4446278e+06
36,2.0762132e+06,2.1929395e+06,6.112116e+09,0.97432864,3.1041118e+06
37,2.115645e+06,2.18521e+06,6.0386043e+09,0.973999,3.1149042e+06
38,2.1506785e+06,2.1817568e+06,5.5420616e+09,0.97419435,3.3582895e+06
39,2.199539e+06,2.183535e+06,5.016314e+09,0.9739624,3.3941945e+06
40,2.14252e+06,2.1794335e+06,4.6660833e+09,0.9736816,3.167882e+06
41,2.1494972e+06,2.17644e+06,4.280131e+09,0.9725952,3.2374038e+06
42,2.2225188e+06,2.181048e+06,4.0432102e+09,0.97320557,3.4207968e+06
43,2.2201825e+06,2.1849615e+06,3.776725e+09,0.9723633,3.300071e+06
44,2.110007e+06,2.177466e+06,3.904688e+09,0.9718628,3.2018022e+06
45,2.3372455e+06,2.193444e+06,5.811873e+09,0.9716797,3.5863542e+06
46,2.108027e+06,2.1849022e+06,5.887331e+09,0.9716919,3.2268925e+06
47,2.2641722e+06,2.1928292e+06,5.8641336e+09,0.9708252,3.5338808e+06
48,2.1576295e+06,2.1893092e+06,5.389232e+09,0.97093505,3.3008692e+06
49,2.135402e+06,2.1839185e+06,5.111848e+09,0.97086185,3.1769448e+06
50,2.181947e+06,2.1837212e+06,4.6010127e+09,0.9682007,3.2506035e+06
51,2.391804e+06,2.2045295e+06,8.03777e+09,0.9692505,3.6121115e+06
52,2.2017772e+06,2.2042542e+06,7.2346747e+09,0.9685425,3.2954762e+06
53,2.0695608e+06,2.190785e+06,8.144018e+09,0.9687012,3.132176e+06
54,2.1989375e+06,2.1916002e+06,7.3355976e+09,0.9685181,3.3534185e+06
55,2.270367e+06,2.199477e+06,7.1604157e+09,0.9675049,3.410129e+06
56,2.2226855e+06,2.2017978e+06,6.492851e+09,0.9680664,3.2098618e+06
57,2.2125445e+06,2.2028725e+06,5.85396e+09,0.96643066,3.349696e+06
58,2.2272935e+06,2.2053145e+06,5.322239e+09,0.96483153,3.2575718e+06
59,2.141989e+06,2.198982e+06,5.1509253e+09,0.9651001,3.2896218e+06
60,2.282204e+06,2.2073042e+06,5.2591636e+09,0.9633667,3.4698818e+06
61,2.132912e+06,2.199865e+06,5.2313257e+09,0.96226805,3.1227798e+06
62,2.192058e+06,2.1990842e+06,4.7136783e+09,0.962439,3.2989995e+06
63,2.1822158e+06,2.1973975e+06,4.2679194e+09,0.9611328,3.2535285e+06
64,2.3304042e+06,2.2106982e+06,5.433299e+09,0.95874023,3.5946042e+06
65,2.174816e+06,2.20711e+06,5.005847e+09,0.957251,3.2722175e+06
66,2.155268e+06,2.2019258e+06,4.7471457e+09,0.9551148,3.1629392e+06
67,2.2198048e+06,2.2037138e+06,4.3012004e+09,0.9539429,3.3435412e+06
68,2.1774902e+06,2.2010915e+06,3.9329708e+09,0.9518189,3.2135e+06
69,2.083948e+06,2.1893772e+06,4.7747077e+09,0.9495606,3.2603802e+06
70,2.2381375e+06,2.1942532e+06,4.5112177e+09,0.9495972,3.5067378e+06
71,2.247213e+06,2.1995492e+06,4.312522e+09,0.94768065,3.3513458e+06
72,2.1693175e+06,2.196526e+06,3.9635264e+09,0.9505982,3.2451435e+06
73,2.0436762e+06,2.181241e+06,5.669848e+09,0.9537598,3.024136e+06
74,2.2390322e+06,2.18702e+06,5.403448e+09,0.95689696,3.279186e+06
75,2.2235585e+06,2.1906738e+06,4.983258e+09,0.96115726,3.380864e+06
76,2.2228405e+06,2.1938905e+06,4.578055e+09,0.9619629,3.2844812e+06
77,2.2032812e+06,2.1948295e+06,4.1281864e+09,0.96186525,3.1510912e+06
78,2.1339835e+06,2.188745e+06,4.0485688e+09,0.9598633,3.1472808e+06
79,2.2321498e+06,2.1930855e+06,3.8132695e+09,0.95896,3.2957352e+06
80,2.101511e+06,2.183928e+06,4.1866724e+09,0.9587769,3.2154402e+06
81,2.1867285e+06,2.184208e+06,3.768711e+09,0.9598755,3.3262458e+06
82,2.0958248e+06,2.1753698e+06,4.0948833e+09,0.9623901,3.1414382e+06
83,2.1527468e+06,2.1731075e+06,3.731457e+09,0.96390384,3.0851935e+06
84,2.0883045e+06,2.1646272e+06,4.0055503e+09,0.9640991,3.12343e+06
85,2.2360038e+06,2.171765e+06,4.0635095e+09,0.9647461,3.454345e+06
86,2.2292638e+06,2.177515e+06,3.954708e+09,0.9644165,3.4603765e+06
87,2.232549e+06,2.1830185e+06,3.831824e+09,0.9638184,3.3983838e+06
88,2.1217502e+06,2.1768918e+06,3.7864835e+09,0.9636597,3.1550978e+06
89,2.2064542e+06,2.179848e+06,3.4864896e+09,0.9626709,3.3284492e+06
90,2.256488e+06,2.187512e+06,3.6664727e+09,0.96104735,3.4041688e+06
91,2.1773665e+06,2.1864975e+06,3.309089e+09,0.9574585,3.3963882e+06
92,2.216358e+06,2.1894835e+06,3.0584287e+09,0.95627445,3.3179458e+06
93,2.3218618e+06,2.2027212e+06,4.329746e+09,0.95468754,3.5407785e+06
94,2.1255402e+06,2.1950032e+06,4.4328924e+09,0.952417,3.14775e+06
95,2.224365e+06,2.1979395e+06,4.067193e+09,0.9540405,3.2617872e+06
96,2.288719e+06,2.2070175e+06,4.4021565e+09,0.9519531,3.3623362e+06
97,2.2235338e+06,2.208669e+06,3.9864916e+09,0.951062,3.29851e+06
98,2.1079302e+06,2.198595e+06,4.501189e+09,0.9493775,3.1439802e+06
99,2.2532665e+06,2.2040622e+06,4.320078e+09,0.95079345,3.4293722e+06
100,2.2552848e+06,2.2091845e+06,4.1242068e+09,0.9504761,3.5211935e+06
101,2.191491e+06,2.2074152e+06,3.7399613e+09,0.9515625,3.3637402e+06
102,2.1899922e+06,2.205673e+06,3.3932854e+09,0.9505493,3.2354698e+06
103,2.194302e+06,2.204536e+06,3.0655939e+09,0.95090336,3.2107072e+06
104,2.1126565e+06,2.195348e+06,3.5188004e+09,0.95030516,3.1851502e+06
105,2.145927e+06,2.190406e+06,3.3867395e+09,0.9516968,3.278365e+06
106,2.1517015e+06,2.1865355e+06,3.1828887e+09,0.951416,3.4382175e+06
107,2.2187375e+06,2.1897558e+06,2.957927e+09,0.9509155,3.3554078e+06
108,2.244481e+06,2.1952282e+06,2.9316708e+09,0.95120853,3.468391e+06
109,2.3825665e+06,2.213962e+06,5.797109e+09,0.9506592,3.4679302e+06
110,2.246535e+06,2.2172192e+06,5.3128883e+09,0.951062,3.427498e+06
111,2.130399e+06,2.2085372e+06,5.459997e+09,0.9493042,3.1802422e+06
112,2.24524e+06,2.2122075e+06,5.035236e+09,0.9486084,3.4755198e+06
113,2.3194745e+06,2.2229342e+06,5.5672714e+09,0.9475708,3.4151432e+06
114,2.2673882e+06,2.2273798e+06,5.188398e+09,0.95070803,3.3943185e+06
115,2.156077e+06,2.2202495e+06,5.1271255e+09,0.94971925,3.2765688e+06
116,2.1688132e+06,2.215106e+06,4.8525245e+09,0.9505493,3.3411705e+06
117,2.1356892e+06,2.2071642e+06,4.934904e+09,0.94904786,3.2920888e+06
118,2.271453e+06,2.213593e+06,4.8133873e+09,0.9452271,3.549376e+06
119,2.0504888e+06,2.1972825e+06,6.7263176e+09,0.94401854,3.0242665e+06
120,2.1303305e+06,2.1905872e+06,6.457117e+09,0.94329834,3.239966e+06
121,2.1333298e+06,2.1848615e+06,6.106463e+09,0.9434326,3.2175048e+06
122,2.1123725e+06,2.1776125e+06,5.9687357e+09,0.9437256,3.1343155e+06
123,2.1059472e+06,2.170446e+06,5.8340936e+09,0.9407471,3.142073e+06
124,2.127096e+06,2.166111e+06,5.4198144e+09,0.938855,3.2575362e+06
125,2.2243492e+06,2.1719348e+06,5.183085e+09,0.9362305,3.3071668e+06
126,2.171979e+06,2.1719392e+06,4.664776e+09,0.9340698,3.2989125e+06
127,2.0844182e+06,2.1631872e+06,4.887692e+09,0.92908937,3.0964835e+06
128,2.2048648e+06,2.167355e+06,4.555254e+09,0.9265137,3.344237e+06
129,2.2888548e+06,2.179505e+06,5.4283254e+09,0.92506105,3.585918e+06
130,2.1032282e+06,2.1718772e+06,5.4091254e+09,0.92735595,3.223569e+06
131,2.2964722e+06,2.1843368e+06,6.2653645e+09,0.92406005,3.537048e+06
132,2.267674e+06,2.1926705e+06,6.2638863e+09,0.92452395,3.5325905e+06
133,2.088476e+06,2.182251e+06,6.614582e+09,0.92437744,3.07532e+06
134,2.0706431e+06,2.1710902e+06,7.0741924e+09,0.9239502,2.998422e+06
135,2.0836896e+06,2.1623502e+06,7.0542715e+09,0.9244019,3.0821108e+06
136,2.226999e+06,2.168815e+06,6.7249956e+09,0.92645264,3.4474018e+06
137,2.265976e+06,2.178531e+06,6.9021194e+09,0.9284546,3.436581e+06
138,2.129269e+06,2.1736048e+06,6.4303145e+09,0.93270266,3.1552075e+06
139,2.0808872e+06,2.164333e+06,6.5609713e+09,0.9310547,3.032765e+06
140,2.1206865e+06,2.1599682e+06,6.076326e+09,0.9310913,3.3128068e+06
141,2.2410958e+06,2.168081e+06,6.0610437e+09,0.92821044,3.3404962e+06
142,2.138166e+06,2.1650895e+06,5.535481e+09,0.9296875,3.145949e+06
143,2.1742072e+06,2.1660012e+06,4.9894144e+09,0.9264893,3.3974368e+06
144,2.0675294e+06,2.156154e+06,5.363177e+09,0.9263916,3.1355125e+06
145,2.2593515e+06,2.1664738e+06,5.7853343e+09,0.92664796,3.50471e+06
146,2.0421299e+06,2.1540392e+06,6.598327e+09,0.92407227,3.0944295e+06
147,2.234471e+06,2.1620825e+06,6.520728e+09,0.922461,3.457117e+06
148,2.239127e+06,2.169787e+06,6.402882e+09,0.9229126,3.4248342e+06
149,2.1484768e+06,2.167656e+06,5.803465e+09,0.91850585,3.3182695e+06
150,2.191206e+06,2.170011e+06,5.2730327e+09,0.9172241,3.2969608e+06
151,2.1866782e+06,2.1716778e+06,4.770731e+09,0.91391605,3.3490572e+06
152,2.2436195e+06,2.178872e+06,4.759463e+09,0.911084,3.4960148e+06
153,2.1170485e+06,2.1726898e+06,4.62751e+09,0.909021,3.1809038e+06
154,2.1631685e+06,2.1717375e+06,4.1729175e+09,0.90681154,3.262796e+06
155,2.2474105e+06,2.1793048e+06,4.271002e+09,0.90424806,3.3981402e+06
156,2.1042215e+06,2.1717965e+06,4.351276e+09,0.90072024,3.215461e+06
157,2.0637561e+06,2.1609925e+06,4.9666934e+09,0.8998901,3.1801345e+06
158,2.2101505e+06,2.1659082e+06,4.6875095e+09,0.899939,3.4244182e+06
159,2.157894e+06,2.1651068e+06,4.2245391e+09,0.8998535,3.2857728e+06
160,2.1407498e+06,2.162671e+06,3.855479e+09,0.89921874,3.2657475e+06
161,2.029783e+06,2.1493822e+06,5.059261e+09,0.89294434,2.9778595e+06
162,2.0993902e+06,2.144383e+06,4.7782625e+09,0.88948977,3.3726045e+06
163,2.15665e+06,2.1456098e+06,4.313979e+09,0.88532716,3.3113475e+06
164,2.102221e+06,2.141271e+06,4.0520133e+09,0.88288575,3.2812542e+06
165,2.1509695e+06,2.1422408e+06,3.6552776e+09,0.87904054,3.1561552e+06
166,2.1091608e+06,2.1389328e+06,3.3882355e+09,0.8751587,3.2078982e+06
167,2.1928575e+06,2.1443252e+06,3.311121e+09,0.87525636,3.3400442e+06
168,2.1983798e+06,2.1497308e+06,3.2429788e+09,0.8711182,3.2828538e+06
169,2.0658658e+06,2.1413442e+06,3.5516813e+09,0.8695435,3.1422742e+06
170,2.0567378e+06,2.1328835e+06,3.8407565e+09,0.8671631,3.0033038e+06
171,2.144771e+06,2.1340722e+06,3.4693988e+09,0.86307377,3.347815e+06
172,2.1138915e+06,2.1320542e+06,3.1591124e+09,0.86391604,3.2751092e+06
173,2.1962808e+06,2.138477e+06,3.214455e+09,0.86291504,3.634873e+06
174,2.073111e+06,2.1319405e+06,3.2775537e+09,0.861084,3.1689848e+06
175,1.9987424e+06,2.1186208e+06,4.546555e+09,0.8621216,3.0213898e+06
176,2.1182355e+06,2.1185822e+06,4.0919127e+09,0.8609253,3.1091962e+06
177,2.1702452e+06,2.1237485e+06,3.9229373e+09,0.8612305,3.177463e+06
178,2.1200775e+06,2.1233815e+06,3.5318564e+09,0.85926515,3.127726e+06
179,2.2672675e+06,2.13777e+06,5.041957e+09,0.85963136,3.4200952e+06
180,2.0606728e+06,2.1300602e+06,5.07272e+09,0.85651857,3.1110615e+06
181,2.1429865e+06,2.131353e+06,4.5804856e+09,0.85216063,3.3103862e+06
182,2.2136298e+06,2.1395808e+06,4.731689e+09,0.854187,3.4129212e+06
183,2.2240735e+06,2.14803e+06,4.9010324e+09,0.84987795,3.2421005e+06
184,2.0116198e+06,2.134389e+06,6.085627e+09,0.8505127,3.0351405e+06
185,2.153284e+06,2.1362785e+06,5.5091963e+09,0.8499512,3.476006e+06
186,2.10293e+06,2.1329438e+06,5.0583675e+09,0.8498535,3.192483e+06
187,2.1386795e+06,2.1335172e+06,4.555492e+09,0.84293216,3.267004e+06
188,2.0270794e+06,2.1228735e+06,5.119554e+09,0.83442384,3.0995012e+06
189,2.2135792e+06,2.131944e+06,5.3480765e+09,0.8297486,3.3474152e+06
190,2.0805995e+06,2.1268095e+06,5.050532e+09,0.8188721,3.171428e+06
191,2.1602405e+06,2.1301525e+06,4.646065e+09,0.80976564,3.4226385e+06
192,2.1005305e+06,2.1271902e+06,4.26043e+09,0.80489504,3.134311e+06
193,2.162678e+06,2.130739e+06,3.9477312e+09,0.8011719,3.2036982e+06
194,2.1930572e+06,2.1369708e+06,3.9024786e+09,0.8023438,3.4645762e+06
195,2.1867222e+06,2.141946e+06,3.7349998e+09,0.811731,3.2897122e+06
196,1.981975e+06,2.125949e+06,5.664665e+09,0.818689,3.0603795e+06
197,1.9770266e+06,2.1110568e+06,7.094207e+09,0.8196899,2.858046e+06
198,2.2115835e+06,2.1211095e+06,7.2942925e+09,0.8177002,3.4525345e+06
199,2.1445642e+06,2.123455e+06,6.6143744e+09,0.81781006,3.2912168e+06
200,2.0338478e+06,2.1144942e+06,6.675588e+09,0.8192383,3.0925872e+06
201,2.0799288e+06,2.1110378e+06,6.1155584e+09,0.82016605,3.1582875e+06
202,1.9593422e+06,2.0958682e+06,7.5750395e+09,0.82570803,2.9151285e+06
203,2.2646942e+06,2.1127508e+06,9.382735e+09,0.8239136,3.4423958e+06
204,2.1257605e+06,2.1140518e+06,8.459694e+09,0.82680666,3.3096035e+06
205,2.0031906e+06,2.1029658e+06,8.719841e+09,0.8281128,3.0267018e+06
206,2.0912068e+06,2.1017898e+06,7.8603013e+09,0.8275757,3.0072152e+06
207,2.1702955e+06,2.1086402e+06,7.4966446e+09,0.82542723,3.2129745e+06
208,2.104054e+06,2.1081815e+06,6.7488727e+09,0.8180542,3.102287e+06
209,2.131337e+06,2.110497e+06,6.122241e+09,0.8145386,3.1902308e+06
210,2.0536961e+06,2.104817e+06,5.800387e+09,0.80850834,3.2135505e+06
211,2.0395296e+06,2.0982882e+06,5.603968e+09,0.808313,3.0917045e+06
212,2.0719085e+06,2.0956502e+06,5.106201e+09,0.8085327,3.2383298e+06
213,2.1074182e+06,2.096827e+06,4.6080445e+09,0.80628663,3.1804628e+06
214,2.171916e+06,2.104336e+06,4.6546924e+09,0.80078125,3.4468725e+06
215,2.0545105e+06,2.0993535e+06,4.412655e+09,0.79815674,3.0267758e+06
216,2.0637246e+06,2.0957906e+06,4.085637e+09,0.7961182,3.1088812e+06
217,2.1628285e+06,2.1024945e+06,4.08154e+09,0.7932617,3.3639822e+06
218,2.0859744e+06,2.1008425e+06,3.6979482e+09,0.79174805,3.2010162e+06
219,2.2583995e+06,2.1165982e+06,5.5623316e+09,0.7898926,3.4088738e+06
220,2.0689088e+06,2.1118292e+06,5.2107843e+09,0.7921509,3.0828978e+06
221,2.1962922e+06,2.1202755e+06,5.331766e+09,0.7820923,3.37542e+06
222,2.1508348e+06,2.1233315e+06,4.8826373e+09,0.7734131,3.331623e+06
223,2.1728672e+06,2.128285e+06,4.6152146e+09,0.7680664,3.393624e+06
224,2.1272458e+06,2.128181e+06,4.1537902e+09,0.7577881,3.4067738e+06
225,2.1269258e+06,2.1280555e+06,3.7385528e+09,0.7589844,3.2404568e+06
226,2.103748e+06,2.1256248e+06,3.4178744e+09,0.7536255,3.0978082e+06
227,2.1513505e+06,2.1281972e+06,3.13565e+09,0.7559204,3.3024288e+06
228,2.008366e+06,2.116214e+06,4.1144425e+09,0.7545288,3.039432e+06
229,2.1378048e+06,2.118373e+06,3.7449526e+09,0.7510132,3.3808418e+06
230,2.157542e+06,2.12229e+06,3.508536e+09,0.75260013,3.2780685e+06
231,2.1470745e+06,2.1247685e+06,3.212967e+09,0.74989015,3.3516458e+06
232,2.0244488e+06,2.1147365e+06,3.797435e+09,0.7487793,3.0968542e+06
233,2.1050135e+06,2.1137642e+06,3.4261996e+09,0.7473389,3.2434168e+06
234,2.0841141e+06,2.1107992e+06,3.162701e+09,0.7473267,3.0572952e+06
235,2.0753902e+06,2.1072582e+06,2.9592727e+09,0.7416626,3.3801372e+06
236,2.1340795e+06,2.1099405e+06,2.7280896e+09,0.73941654,3.4240758e+06
237,1.9887945e+06,2.097826e+06,3.7761526e+09,0.7395142,2.8379102e+06
238,2.1577705e+06,2.1038205e+06,3.7219382e+09,0.739209,3.3685272e+06
239,2.0748852e+06,2.100927e+06,3.4250967e+09,0.7379761,3.2023328e+06
240,2.0064335e+06,2.0914776e+06,3.886199e+09,0.74031985,3.092526e+06
241,2.039173e+06,2.0862471e+06,3.7437988e+09,0.73616946,3.166183e+06
242,2.0571025e+06,2.0833326e+06,3.4458655e+09,0.73269045,3.2089372e+06
243,1.9904069e+06,2.07404e+06,3.8784466e+09,0.7260254,3.0092215e+06
244,2.048405e+06,2.0714765e+06,3.5497454e+09,0.72382814,2.9860052e+06
245,2.0797344e+06,2.0723022e+06,3.2009083e+09,0.7218628,3.2350978e+06
246,2.106037e+06,2.0756758e+06,2.9832402e+09,0.7210083,3.1319578e+06
247,2.1856645e+06,2.0866746e+06,3.7736934e+09,0.7157349,3.2914685e+06
248,2.0094396e+06,2.0789511e+06,3.933196e+09,0.709314,3.0704378e+06
249,2.181625e+06,2.0892185e+06,4.488649e+09,0.70355225,3.2730672e+06
250,2.052994e+06,2.085596e+06,4.1578836e+09,0.6993408,3.2757085e+06
251,2.0616989e+06,2.0832062e+06,3.7934917e+09,0.6945557,3.0808455e+06
252,2.1144918e+06,2.0863348e+06,3.5022328e+09,0.690625,3.4088472e+06
253,2.0233626e+06,2.0800375e+06,3.5089034e+09,0.6888062,3.15304e+06
254,2.096278e+06,2.0816615e+06,3.1817508e+09,0.6793213,3.1237505e+06
255,2.0388418e+06,2.0773795e+06,3.0285934e+09,0.6732178,3.0769428e+06
256,2.067006e+06,2.0763421e+06,2.735419e+09,0.6738281,3.2343678e+06
257,2.1338985e+06,2.0820978e+06,2.7600233e+09,0.662854,3.1493135e+06
258,2.107101e+06,2.0845981e+06,2.5402854e+09,0.65371096,3.217616e+06
259,2.0612468e+06,2.082263e+06,2.3353326e+09,0.6442383,3.2198582e+06
260,1.9960596e+06,2.0736426e+06,2.7705912e+09,0.63388675,3.148595e+06
261,2.1774512e+06,2.0840235e+06,3.4633928e+09,0.6294678,3.3619145e+06
262,2.1998278e+06,2.0956039e+06,4.32401e+09,0.6253052,3.4809465e+06
263,2.1665055e+06,2.102694e+06,4.3440425e+09,0.6154419,3.201633e+06
264,2.1659352e+06,2.109018e+06,4.2695892e+09,0.61409914,3.2558042e+06
265,2.1783342e+06,2.1159495e+06,4.2750572e+09,0.61635745,3.3490098e+06
266,2.257147e+06,2.1300692e+06,5.641857e+09,0.61978763,3.4744615e+06
267,2.2269588e+06,2.1397582e+06,5.922553e+09,0.6249634,3.3596042e+06
268,2.1970495e+06,2.1454875e+06,5.6257034e+09,0.62972414,3.251741e+06
269,2.13689e+06,2.1446278e+06,5.0697856e+09,0.6322632,3.351699e+06
270,2.0619836e+06,2.1363632e+06,5.177512e+09,0.6344849,3.1389622e+06
271,1.9864848e+06,2.1213755e+06,6.681481e+09,0.6379761,3.0545768e+06
272,1.99524e+06,2.108762e+06,7.4452475e+09,0.6453735,3.0580325e+06
273,1.9866629e+06,2.0965521e+06,8.04246e+09,0.6504639,3.0339418e+06
274,2.04425e+06,2.0913219e+06,7.4844104e+09,0.64517826,3.0967302e+06
275,2.0930582e+06,2.0914955e+06,6.7362406e+09,0.6461304,3.1797322e+06
276,2.0634516e+06,2.0886911e+06,6.1333975e+09,0.63739014,3.1874935e+06
277,2.0235665e+06,2.0821786e+06,5.901767e+09,0.6360962,3.146501e+06
278,2.1007995e+06,2.0840408e+06,5.342797e+09,0.6382446,3.1910795e+06
279,2.0864035e+06,2.084277e+06,4.8090194e+09,0.6346558,3.208923e+06
280,2.0830545e+06,2.0841548e+06,4.328252e+09,0.6293335,3.467897e+06
281,2.0038872e+06,2.076128e+06,4.475285e+09,0.62977296,3.0637642e+06
282,2.0255529e+06,2.0710705e+06,4.2579625e+09,0.6285767,3.111975e+06
283,1.9830055e+06,2.062264e+06,4.530156e+09,0.6242676,3.0870242e+06
284,2.046838e+06,2.0607214e+06,4.098557e+09,0.62141114,3.1341975e+06
285,2.0441242e+06,2.0590616e+06,3.713493e+09,0.6171875,3.1980498e+06
286,2.0609206e+06,2.0592475e+06,3.3424545e+09,0.6177246,3.1093108e+06
287,2.0678845e+06,2.0601112e+06,3.0149228e+09,0.6151611,3.22658e+06
288,1.9937608e+06,2.0534762e+06,3.1096453e+09,0.61652833,3.132942e+06
289,1.9770525e+06,2.0458339e+06,3.3243336e+09,0.6136719,3.222547e+06
290,2.0742185e+06,2.0486724e+06,3.064412e+09,0.6102417,3.3552645e+06
291,2.0875926e+06,2.0525644e+06,2.8943014e+09,0.6085205,3.2570382e+06
292,1.9651515e+06,2.0438231e+06,3.2925622e+09,0.6072876,3.0550358e+06
293,2.1747175e+06,2.0569125e+06,4.505306e+09,0.60755616,3.3344525e+06
294,2.0935846e+06,2.0605798e+06,4.1758113e+09,0.6051392,3.2631158e+06
295,2.1478015e+06,2.0693019e+06,4.442917e+09,0.60231936,3.3178205e+06
296,2.0393525e+06,2.066307e+06,4.0793518e+09,0.5957398,3.1297872e+06
297,1.9358274e+06,2.053259e+06,5.2036603e+09,0.5973145,2.84792e+06
298,2.0833614e+06,2.0562692e+06,4.764848e+09,0.5907715,3.385808e+06
299,2.1280925e+06,2.0634516e+06,4.7526354e+09,0.59395754,3.4318375e+06
300,2.0388041e+06,2.0609869e+06,4.3320463e+09,0.58288574,3.1703838e+06
301,2.137837e+06,2.0686719e+06,4.4303764e+09,0.5772827,3.324624e+06
302,2.1500455e+06,2.0768092e+06,4.5832883e+09,0.5640259,3.2341855e+06
303,2.0900229e+06,2.0781306e+06,4.1406735e+09,0.56270754,3.258103e+06
304,1.9970878e+06,2.0700264e+06,4.317721e+09,0.5608277,3.0814932e+06
305,2.074192e+06,2.070443e+06,3.8875105e+09,0.5600586,3.1210345e+06
306,2.0288678e+06,2.0662855e+06,3.6543245e+09,0.56206053,3.0471398e+06
307,1.986026e+06,2.0582595e+06,3.868635e+09,0.56845707,2.9790795e+06
308,2.0647568e+06,2.0589092e+06,3.4855706e+09,0.5748047,3.135156e+06
309,2.0085295e+06,2.0538712e+06,3.365444e+09,0.57087404,3.1552522e+06
310,1.9292072e+06,2.0414049e+06,4.4276e+09,0.5697632,2.9135092e+06
311,2.0873468e+06,2.045999e+06,4.1747986e+09,0.5647705,3.3496708e+06
312,2.0346534e+06,2.0448645e+06,3.768904e+09,0.5696289,3.292581e+06
313,2.017653e+06,2.0421434e+06,3.4586552e+09,0.5683838,3.1536235e+06
314,1.976178e+06,2.0355469e+06,3.5044186e+09,0.5611206,3.049409e+06
315,2.0157775e+06,2.03357e+06,3.189151e+09,0.557666,3.1105892e+06
316,1.9271232e+06,2.0229254e+06,3.8900178e+09,0.5550537,2.9523355e+06
317,2.0525572e+06,2.0258885e+06,3.5800404e+09,0.55421144,3.1742502e+06
318,1.8993452e+06,2.0132341e+06,4.663224e+09,0.5491333,2.9860682e+06
319,1.9427274e+06,2.0061835e+06,4.6443095e+09,0.5484619,3.045427e+06
320,2.0391294e+06,2.0094781e+06,4.2775672e+09,0.5487549,3.213809e+06
321,1.96672e+06,2.0052022e+06,4.0143537e+09,0.5449341,3.1264752e+06
322,2.1073935e+06,2.0154214e+06,4.5527926e+09,0.55106205,3.2199822e+06
323,2.005742e+06,2.0144535e+06,4.1059453e+09,0.5464234,3.1748635e+06
324,1.945234e+06,2.0075315e+06,4.1265713e+09,0.54677737,2.9589495e+06
325,1.9831999e+06,2.0050984e+06,3.7671967e+09,0.5461426,3.161254e+06
326,1.9771371e+06,2.0023022e+06,3.4608417e+09,0.53912354,3.010762e+06
327,2.1217425e+06,2.0142462e+06,4.3986954e+09,0.532605,3.2004402e+06
328,2.1914588e+06,2.0319675e+06,6.78521e+09,0.52941895,3.5807172e+06
329,1.9818956e+06,2.0269602e+06,6.332336e+09,0.52906495,3.0576442e+06
330,2.0851062e+06,2.0327749e+06,6.0033884e+09,0.5225952,3.2626975e+06
331,2.0433312e+06,2.0338305e+06,5.4130785e+09,0.5197632,3.1446155e+06
332,1.9725809e+06,2.0277055e+06,5.209407e+09,0.5266968,3.0300308e+06
333,2.0775865e+06,2.0326936e+06,4.9123963e+09,0.52174073,3.301079e+06
334,1.9920105e+06,2.0286252e+06,4.570117e+09,0.52210695,3.1684178e+06
335,2.0308068e+06,2.0288434e+06,4.1135334e+09,0.521167,3.180388e+06
336,2.013797e+06,2.0273388e+06,3.7225554e+09,0.5237061,3.1935702e+06
337,2.0915158e+06,2.0337565e+06,3.7209815e+09,0.51799315,3.3977665e+06
338,1.9014759e+06,2.0205285e+06,4.923718e+09,0.52487797,2.98881e+06
339,1.9276646e+06,2.0112421e+06,5.207479e+09,0.52318114,2.9389462e+06
340,2.102902e+06,2.0204081e+06,5.4428687e+09,0.525293,3.183543e+06
341,2.0003922e+06,2.0184065e+06,4.934639e+09,0.5175415,3.1360975e+06
342,2.0077495e+06,2.0173408e+06,4.4513966e+09,0.52327883,3.2033128e+06
343,2.0163068e+06,2.0172374e+06,4.0063532e+09,0.52110595,3.1561112e+06
344,1.892223e+06,2.004736e+06,5.012291e+09,0.52297366,3.0495918e+06
345,1.9650532e+06,2.0007678e+06,4.6527867e+09,0.516272,3.199146e+06
346,1.8952581e+06,1.9902168e+06,5.1894134e+09,0.5147339,2.8974492e+06
347,1.9341015e+06,1.9846052e+06,4.953875e+09,0.5130127,2.9944748e+06
348,2.0116515e+06,1.9873099e+06,4.5243223e+09,0.5079712,3.1007198e+06
349,1.9630001e+06,1.9848789e+06,4.125077e+09,0.50833744,3.17312e+06
350,1.9093255e+06,1.9773235e+06,4.2263173e+09,0.5039429,2.93655e+06
351,1.8633225e+06,1.9659234e+06,4.9733463e+09,0.50318605,2.9214862e+06
352,2.047067e+06,1.9740378e+06,5.068598e+09,0.50395507,3.1138815e+06
353,2.0806291e+06,1.9846969e+06,5.584293e+09,0.49846193,3.47947e+06
354,2.0271081e+06,1.988938e+06,5.1877473e+09,0.49189454,3.3368808e+06
355,2.0381332e+06,1.9938575e+06,4.886788e+09,0.48808596,3.2029595e+06
356,2.0450051e+06,1.9989722e+06,4.6335565e+09,0.48812255,3.304122e+06
357,2.0595662e+06,2.0050316e+06,4.500648e+09,0.4840332,3.23893e+06
358,2.059711e+06,2.0104995e+06,4.319668e+09,0.47910157,3.1728528e+06
359,2.0240132e+06,2.0118509e+06,3.9041372e+09,0.4803589,3.18864e+06
360,2.0420715e+06,2.014873e+06,3.595919e+09,0.48330078,3.209811e+06
361,2.0126006e+06,2.0146458e+06,3.2367918e+09,0.48260498,3.1663732e+06
362,2.0276444e+06,2.0159456e+06,2.9283195e+09,0.48482665,3.1627928e+06
363,2.0194725e+06,2.0162982e+06,2.636607e+09,0.48499757,3.1322132e+06
364,2.0328938e+06,2.0179578e+06,2.397733e+09,0.48098144,3.3207882e+06
365,1.9291925e+06,2.0090812e+06,2.867094e+09,0.48010254,3.076956e+06
366,2.0334011e+06,2.0115132e+06,2.6336156e+09,0.47333986,3.2687122e+06
367,2.0715735e+06,2.0175192e+06,2.694905e+09,0.47294924,3.2249022e+06
368,1.9663315e+06,2.0124005e+06,2.661231e+09,0.46898195,3.0988815e+06
369,1.918511e+06,2.0030115e+06,3.1884792e+09,0.46343994,3.0294108e+06
370,1.8536272e+06,1.9880731e+06,4.8780396e+09,0.46170655,2.7087025e+06
371,1.9654894e+06,1.9858148e+06,4.4361375e+09,0.4556763,2.9499698e+06
372,1.9984822e+06,1.9870815e+06,4.0069655e+09,0.4569702,3.2330835e+06
373,1.9250398e+06,1.9808774e+06,3.9526948e+09,0.45336914,3.1282502e+06
374,2.0417251e+06,1.9869621e+06,3.8906458e+09,0.44774172,3.3565638e+06
375,1.9627265e+06,1.9845385e+06,3.554444e+09,0.44638672,3.0560802e+06
376,1.9987592e+06,1.9859606e+06,3.2172e+09,0.43980715,3.145506e+06
377,1.9251679e+06,1.9798814e+06,3.2280983e+09,0.43535158,3.060107e+06
378,2.0129605e+06,1.9831892e+06,3.0037688e+09,0.43392333,3.2372292e+06
379,1.8969816e+06,1.9745685e+06,3.3722499e+09,0.4305664,3.0704632e+06
380,1.8143154e+06,1.9585432e+06,5.3463204e+09,0.42960206,2.917853e+06
381,1.9069599e+06,1.9533849e+06,5.051164e+09,0.42424318,3.0731855e+06
382,1.9372795e+06,1.9517744e+06,4.569392e+09,0.42071533,3.0270282e+06
383,1.9196856e+06,1.9485655e+06,4.2051249e+09,0.42204592,3.0432315e+06
384,1.8315362e+06,1.9368626e+06,5.017238e+09,0.41809082,2.9227545e+06
385,2.114083e+06,1.9545846e+06,7.342149e+09,0.4220093,3.3968472e+06
386,1.963272e+06,1.9554534e+06,6.614726e+09,0.42214355,3.1523062e+06
387,1.8588539e+06,1.9457934e+06,6.793085e+09,0.40769044,2.9513102e+06
388,1.9016772e+06,1.9413818e+06,6.2889375e+09,0.40705568,2.9726768e+06
389,2.0735539e+06,1.954599e+06,7.232296e+09,0.4005005,3.3387712e+06
390,1.9416055e+06,1.9532996e+06,6.524261e+09,0.39395753,2.9366695e+06
391,2.0267051e+06,1.9606401e+06,6.356787e+09,0.3913208,3.3737585e+06
392,1.9279004e+06,1.9573661e+06,5.8175785e+09,0.38846436,3.0919128e+06
393,1.9394042e+06,1.95557e+06,5.264857e+09,0.38269043,3.0396778e+06
394,1.9812955e+06,1.9581425e+06,4.7979336e+09,0.3798584,3.100069e+06
395,1.905737e+06,1.952902e+06,4.5653105e+09,0.36882326,3.0501202e+06
396,1.8709141e+06,1.9447032e+06,4.7137603e+09,0.36707765,2.8806408e+06
397,1.8653788e+06,1.9367708e+06,4.808698e+09,0.3619995,3.0320255e+06
398,1.9000278e+06,1.9330965e+06,4.449332e+09,0.3597412,2.939638e+06
399,1.8686579e+06,1.9266526e+06,4.378109e+09,0.36079103,2.8891015e+06
400,1.9238418e+06,1.9263715e+06,3.941009e+09,0.352771,3.1980618e+06
401,1.8503341e+06,1.9187678e+06,4.0672594e+09,0.3495972,3.0026062e+06
402,1.8110208e+06,1.907993e+06,4.705381e+09,0.34987792,2.9615222e+06
403,1.8692065e+06,1.9041144e+06,4.370238e+09,0.34869385,3.067203e+06
404,1.9092998e+06,1.9046329e+06,3.9356342e+09,0.34281006,3.216739e+06
405,1.8177804e+06,1.8959476e+06,4.2209725e+09,0.33728027,2.8824422e+06
406,1.8746629e+06,1.8938191e+06,3.8396488e+09,0.33619386,2.9045195e+06
407,1.9698738e+06,1.9014246e+06,3.976271e+09,0.3295288,3.1662335e+06
408,1.7702699e+06,1.8883091e+06,5.126785e+09,0.32207033,2.8696305e+06
409,1.83141e+06,1.8826192e+06,4.905482e+09,0.32104492,2.849687e+06
410,1.86461e+06,1.8808184e+06,4.4441236e+09,0.31088868,3.1470482e+06
411,1.793024e+06,1.872039e+06,4.693418e+09,0.31278077,2.9374165e+06
412,1.8809602e+06,1.8729311e+06,4.2312392e+09,0.29946288,3.1292398e+06
413,1.7035882e+06,1.8559969e+06,6.3890463e+09,0.29770508,2.6578222e+06
414,1.6979376e+06,1.840191e+06,7.9985864e+09,0.29863283,2.7387502e+06
415,1.8042025e+06,1.8365921e+06,7.3152927e+09,0.29382324,3.0498342e+06
416,1.8811978e+06,1.8410528e+06,6.762833e+09,0.2866333,3.0885185e+06
417,1.8480028e+06,1.8417478e+06,6.0908964e+09,0.28675538,3.1435595e+06
418,1.849728e+06,1.8425458e+06,5.487538e+09,0.28085938,2.9329865e+06
419,1.7082721e+06,1.8291184e+06,6.5614305e+09,0.27419433,2.6839788e+06
420,1.9517635e+06,1.8413829e+06,7.259052e+09,0.27659914,3.148822e+06
421,1.6718282e+06,1.8244274e+06,9.120536e+09,0.2739624,2.8774242e+06
422,1.8355011e+06,1.8255348e+06,8.219518e+09,0.26622316,2.9389275e+06
423,1.7257624e+06,1.8155575e+06,8.293474e+09,0.26136476,2.788783e+06
424,1.8284245e+06,1.8168442e+06,7.4790267e+09,0.25787354,2.9290788e+06
425,1.7185469e+06,1.8070145e+06,7.6007373e+09,0.24987793,2.7137972e+06
426,1.6965769e+06,1.7959708e+06,7.938345e+09,0.24637452,2.7730145e+06
427,1.7848922e+06,1.7948629e+06,7.1555564e+09,0.23972169,2.9437982e+06
428,1.703525e+06,1.7857291e+06,7.190835e+09,0.2348877,2.9371512e+06
429,1.748223e+06,1.7819785e+06,6.5983555e+09,0.23007813,2.926733e+06
430,1.8262498e+06,1.7864056e+06,6.1149143e+09,0.22437744,3.174065e+06
431,1.7638625e+06,1.7841512e+06,5.54916e+09,0.21710205,2.9580702e+06
432,1.7586922e+06,1.7816054e+06,5.0525783e+09,0.21376954,2.7748018e+06
433,1.7047681e+06,1.7739216e+06,5.078677e+09,0.20269775,2.9043808e+06
434,1.7012208e+06,1.7666515e+06,5.046497e+09,0.19759522,2.85182e+06
435,1.6970872e+06,1.7596951e+06,4.9773737e+09,0.19414063,2.8427975e+06
436,1.6321155e+06,1.7469371e+06,5.944527e+09,0.18389893,2.730749e+06
437,1.8038106e+06,1.7526245e+06,5.641188e+09,0.18258058,3.0023848e+06
438,1.7937958e+06,1.7567416e+06,5.2296253e+09,0.17763673,3.0274918e+06
439,1.7291542e+06,1.7539829e+06,4.7751583e+09,0.17406006,2.9588822e+06
440,1.6415512e+06,1.7427398e+06,5.435321e+09,0.17226563,2.783306e+06
441,1.765728e+06,1.7450386e+06,4.93935e+09,0.17595215,3.009517e+06
442,1.5616144e+06,1.7266962e+06,7.473416e+09,0.17335205,2.5673622e+06
443,1.7791025e+06,1.7319369e+06,6.9732516e+09,0.16624756,3.0111935e+06
444,1.7019042e+06,1.7289336e+06,6.3571026e+09,0.16345215,2.7131675e+06
445,1.764296e+06,1.7324699e+06,5.833937e+09,0.15919189,2.9547722e+06
446,1.6247509e+06,1.721698e+06,6.2948475e+09,0.1477417,2.6410975e+06
447,1.8138305e+06,1.7309112e+06,6.429318e+09,0.14237061,2.9704988e+06
448,1.7822482e+06,1.736045e+06,6.02358e+09,0.13874511,3.0020918e+06
449,1.7597108e+06,1.7384116e+06,5.471628e+09,0.13520508,2.9067162e+06
450,1.7590912e+06,1.7404796e+06,4.962953e+09,0.13333741,2.870983e+06
451,1.7219604e+06,1.7386278e+06,4.497524e+09,0.1395752,2.958551e+06
452,1.6582219e+06,1.7305871e+06,4.629631e+09,0.13719483,2.8609185e+06
453,1.8051205e+06,1.7380405e+06,4.666638e+09,0.13671875,3.0308905e+06
454,1.6114055e+06,1.725377e+06,5.643252e+09,0.13800049,2.6676122e+06
455,1.7540498e+06,1.7282442e+06,5.1529185e+09,0.1328125,2.9196192e+06
456,1.6480829e+06,1.7202281e+06,5.215953e+09,0.12850343,2.6915272e+06
457,1.7323784e+06,1.7214431e+06,4.7076444e+09,0.12138672,2.8931908e+06
458,1.7915856e+06,1.7284574e+06,4.6796774e+09,0.11697998,3.1587958e+06
459,1.7464292e+06,1.7302545e+06,4.2407788e+09,0.10992432,2.9066118e+06
460,1.6569536e+06,1.7229244e+06,4.3002726e+09,0.10987549,2.6463928e+06
461,1.7206321e+06,1.7226951e+06,3.870718e+09,0.10816651,3.0320138e+06
462,1.6682332e+06,1.717249e+06,3.7505946e+09,0.10683594,2.91601e+06
463,1.4864816e+06,1.6941722e+06,8.1683574e+09,0.102832034,2.3649995e+06
464,1.5999258e+06,1.6847476e+06,8.150938e+09,0.1001709,2.6153495e+06
465,1.6200348e+06,1.6782764e+06,7.712742e+09,0.09682617,2.7650962e+06
466,1.6278639e+06,1.6732351e+06,7.1701955e+09,0.092846684,2.840255e+06
467,1.6582165e+06,1.6717332e+06,6.473476e+09,0.08956299,2.8514842e+06
468,1.6118982e+06,1.6657498e+06,6.148349e+09,0.084912114,2.7894708e+06
469,1.662403e+06,1.6654151e+06,5.5345224e+09,0.08334961,3.0089502e+06
470,1.5580849e+06,1.6546821e+06,6.0178504e+09,0.08067627,2.6712252e+06
471,1.7498628e+06,1.6642002e+06,6.231407e+09,0.08479004,2.991219e+06
472,1.6122282e+06,1.659003e+06,5.851364e+09,0.083020024,2.7460675e+06
473,1.6899025e+06,1.662093e+06,5.352157e+09,0.08115234,2.9476178e+06
474,1.4528606e+06,1.6411698e+06,8.756979e+09,0.08190918,2.3834468e+06
475,1.4875655e+06,1.6258094e+06,1.0004764e+10,0.08483887,2.6490928e+06
476,1.5661538e+06,1.6198438e+06,9.324578e+09,0.086242676,2.7130995e+06
477,1.5387854e+06,1.6117379e+06,8.983462e+09,0.08122559,2.6886512e+06
478,1.4804774e+06,1.5986119e+06,9.635754e+09,0.07906494,2.5573218e+06
479,1.5654274e+06,1.5952934e+06,8.771287e+09,0.07475586,2.7274618e+06
480,1.5024211e+06,1.5860061e+06,8.670431e+09,0.072302245,2.7767982e+06
481,1.5896165e+06,1.5863671e+06,7.804561e+09,0.06955566,2.713375e+06
482,1.5008916e+06,1.5778196e+06,7.68165e+09,0.06738281,2.6215205e+06
483,1.5016648e+06,1.5702041e+06,7.4354463e+09,0.061669923,2.5980668e+06
484,1.5221142e+06,1.5653951e+06,6.9000387e+09,0.057788085,2.6216138e+06
485,1.568082e+06,1.5656638e+06,6.2106844e+09,0.057641603,2.5979742e+06
486,1.5458038e+06,1.5636778e+06,5.6251136e+09,0.05617676,2.7024232e+06
487,1.4737856e+06,1.5546885e+06,5.789856e+09,0.056030273,2.5333762e+06
488,1.590905e+06,1.5583101e+06,5.3289175e+09,0.055725098,2.7679052e+06
489,1.5637082e+06,1.55885e+06,4.798648e+09,0.05218506,2.813842e+06
490,1.6201232e+06,1.5649774e+06,4.65668e+09,0.052526858,2.9351988e+06
491,1.6038466e+06,1.5688642e+06,4.3269857e+09,0.055700686,2.9028822e+06
492,1.5760695e+06,1.5695848e+06,3.8989596e+09,0.05869141,2.7118912e+06
493,1.5909905e+06,1.5717254e+06,3.5503022e+09,0.062036134,2.8106075e+06
494,1.7075958e+06,1.5853124e+06,4.8567404e+09,0.06278076,2.9256962e+06
495,1.5194462e+06,1.5787258e+06,4.761517e+09,0.0633667,2.6719275e+06
496,1.5147621e+06,1.5723294e+06,4.6535864e+09,0.05620117,2.5374498e+06
497,1.6129472e+06,1.5763911e+06,4.3367107e+09,0.055444337,2.990472e+06
498,1.5064884e+06,1.5694009e+06,4.342815e+09,0.05041504,2.637113e+06
499,1.537293e+06,1.5661901e+06,4.001316e+09,0.05075684,2.6734955e+06
500,1.5238022e+06,1.5619514e+06,3.7628902e+09,0.04921875,2.7115132e+06
501,1.5363385e+06,1.5593901e+06,3.445643e+09,0.05419922,2.7611778e+06
502,1.475547e+06,1.5510058e+06,3.733749e+09,0.051550295,2.5246868e+06
503,1.532394e+06,1.5491446e+06,3.3915497e+09,0.0493042,2.7102798e+06
504,1.4726695e+06,1.5414971e+06,3.5787548e+09,0.046154786,2.6017198e+06
505,1.351945e+06,1.5225419e+06,6.45458e+09,0.0423584,2.3896302e+06
506,1.4154802e+06,1.5118358e+06,6.8407194e+09,0.0404541,2.5316672e+06
507,1.3753901e+06,1.4981912e+06,7.8322135e+09,0.03843994,2.4447042e+06
508,1.3795998e+06,1.4863321e+06,8.314747e+09,0.035705566,2.4161405e+06
509,1.2678004e+06,1.464479e+06,1.1781323e+10,0.03186035,2.2841562e+06
510,1.2628808e+06,1.4443191e+06,1.4260957e+10,0.027770996,2.2433928e+06
511,1.3264055e+06,1.4325278e+06,1.4086187e+10,0.029052734,2.325812e+06
512,1.3068605e+06,1.419961e+06,1.4098871e+10,0.029077148,2.3182545e+06
513,1.2162588e+06,1.3995908e+06,1.6423498e+10,0.024523927,2.188237e+06
514,1.2011274e+06,1.3797444e+06,1.832604e+10,0.022558594,2.155143e+06
515,1.1900135e+06,1.3607712e+06,1.9733238e+10,0.021325683,2.2023312e+06
516,1.1840085e+06,1.343095e+06,2.057197e+10,0.020812988,2.1212398e+06
517,1.2512428e+06,1.3339098e+06,1.9274088e+10,0.019238282,2.3500482e+06
518,1.1763748e+06,1.3181562e+06,1.9580234e+10,0.016381836,2.2345852e+06
519,1.120628e+06,1.2984034e+06,2.1133777e+10,0.01673584,2.0297011e+06
520,1.0650328e+06,1.2750662e+06,2.3921965e+10,0.01517334,1.9445899e+06
521,1.1830798e+06,1.2658676e+06,2.2291304e+10,0.0138549805,2.418557e+06
522,1.1603118e+06,1.255312e+06,2.1064958e+10,0.013439941,2.2177122e+06
523,1.1157166e+06,1.2413525e+06,2.071228e+10,0.011682129,2.0650706e+06
524,1.0654948e+06,1.2237668e+06,2.1424386e+10,0.011010743,2.0103464e+06
525,1.0655641e+06,1.2079465e+06,2.1534474e+10,0.0098754885,2.0225104e+06
526,1.02893425e+06,1.1900452e+06,2.226511e+10,0.0107421875,2.0321701e+06
527,1.0545738e+06,1.1764981e+06,2.1690327e+10,0.01003418,2.1858638e+06
528,1.04615006e+06,1.1634634e+06,2.105045e+10,0.008935547,2.124835e+06
529,990251.75,1.1461422e+06,2.1645607e+10,0.008691407,1.9028491e+06
530,1.00637894e+06,1.1321659e+06,2.1239087e+10,0.008898926,1.916197e+06
531,1.0199704e+06,1.1209464e+06,2.0248082e+10,0.0086425785,2.0587916e+06
532,967997.2,1.1056515e+06,2.0328686e+10,0.007788086,1.9369088e+06
533,949593.5,1.0900458e+06,2.0487686e+10,0.008129883,1.8208751e+06
534,933416.44,1.0743829e+06,2.0646865e+10,0.007385254,1.765777e+06
535,959600.25,1.0629046e+06,1.9767933e+10,0.007641602,1.8843786e+06
536,996531.56,1.0562674e+06,1.8187624e+10,0.0072875977,2.0234625e+06
537,963213.44,1.046962e+06,1.7148174e+10,0.006713867,1.9772214e+06
538,941966.1,1.03646244e+06,1.6425529e+10,0.005761719,1.911252e+06
539,935705.6,1.02638675e+06,1.569665e+10,0.0057006837,1.9363536e+06
540,924446.25,1.0161927e+06,1.5062254e+10,0.0060058595,1.8771854e+06
541,889946.5,1.00356806e+06,1.4990457e+10,0.005688477,1.7691212e+06
542,859598.9,989171.1,1.5356852e+10,0.005859375,1.6990809e+06
543,882922.75,978546.3,1.4837152e+10,0.0052978517,1.779588e+06
544,856390.75,966330.75,1.4696415e+10,0.0043945312,1.7678011e+06
545,827707.7,952468.44,1.4956245e+10,0.0043212892,1.6569739e+06
546,865411.25,943762.75,1.4142726e+10,0.0040893555,1.821962e+06
547,835906.1,932977.06,1.3775428e+10,0.0047485353,1.7873432e+06
548,844734.75,924152.8,1.3098687e+10,0.004260254,1.7520451e+06
549,813190.5,913056.56,1.2896955e+10,0.0040405276,1.6738846e+06
550,801019.25,901852.8,1.2736972e+10,0.0036743165,1.7442909e+06
551,855371.9,897204.75,1.1657717e+10,0.0043457034,1.9529036e+06
552,796897.9,887174.06,1.1397476e+10,0.0037231445,1.6716241e+06
553,795406.7,877997.3,1.1015641e+10,0.0039794925,1.6919104e+06
554,808790.56,871076.6,1.0345138e+10,0.0041503906,1.7591149e+06
555,802403.2,864209.25,9.735068e+09,0.0035156251,1.7633871e+06
556,761206.75,853909.0,9.716417e+09,0.003442383,1.5534586e+06
557,749605.06,843478.6,9.723913e+09,0.0034179688,1.440823e+06
558,732194.0,832350.2,9.866106e+09,0.0028686523,1.3157974e+06
559,757409.9,824856.1,9.38494e+09,0.0028808594,1.4620215e+06
560,732619.75,815632.5,9.212124e+09,0.0028320313,1.38626e+06
561,703570.0,804426.25,9.421132e+09,0.0033813477,1.2414381e+06
562,696292.7,793612.9,9.531377e+09,0.0030395507,1.230235e+06
563,752131.6,789464.75,8.733102e+09,0.0026000978,1.4804934e+06
564,737749.5,784293.25,8.1004933e+09,0.0027832033,1.4463279e+06
565,737748.5,779638.75,7.485421e+09,0.0026855469,1.4200964e+06
566,735085.2,775183.4,6.91553e+09,0.0025268556,1.442825e+06
567,743857.25,772050.75,6.3122964e+09,0.0025146485,1.5635719e+06
568,755718.5,770417.5,5.7050737e+09,0.0020507814,1.5774312e+06
569,763803.06,769756.06,5.1385037e+09,0.0022705079,1.6303725e+06
570,760651.4,768845.6,4.6321137e+09,0.001953125,1.6694154e+06
571,755733.9,767534.44,4.184375e+09,0.002331543,1.649524e+06
572,769542.25,767735.25,3.7663004e+09,0.0022583008,1.7241811e+06
573,779943.5,768956.06,3.403084e+09,0.002331543,1.7989806e+06
574,772422.25,769302.7,3.063857e+09,0.0020385743,1.7750725e+06
575,768021.3,769174.56,2.757619e+09,0.0025146485,1.8096579e+06
576,768406.25,769097.75,2.4819103e+09,0.0021606446,1.8212419e+06
577,766795.25,768867.5,2.2341962e+09,0.0018432618,1.8429385e+06
578,733869.1,765367.7,2.1210163e+09,0.0017700195,1.7237302e+06
579,753220.44,764152.94,1.9221947e+09,0.0018432618,1.7874316e+06
580,727726.7,760510.3,1.8493935e+09,0.0018554687,1.6863581e+06
581,720526.0,756511.9,1.8083412e+09,0.0018920898,1.6553959e+06
582,718019.06,752662.6,1.7608598e+09,0.0019775392,1.6556928e+06
583,705099.1,747906.25,1.7883795e+09,0.0018188477,1.6290812e+06
584,712662.25,744381.9,1.7213341e+09,0.0018676758,1.6614995e+06
585,698165.75,739760.25,1.7414345e+09,0.0018676758,1.6338545e+06
586,697577.25,735541.94,1.7274376e+09,0.0015869141,1.6143435e+06
587,681491.94,730136.94,1.81762e+09,0.001953125,1.5562088e+06
588,666548.3,723778.06,1.9997741e+09,0.0015991211,1.5243206e+06
589,687330.9,720133.4,1.9193524e+09,0.0015625,1.6094264e+06
590,662199.25,714339.94,2.0294899e+09,0.0016479492,1.5719945e+06
591,632802.7,706186.2,2.4248899e+09,0.0019897462,1.4312748e+06
592,639599.94,699527.56,2.5814364e+09,0.0019042969,1.45749e+06
593,624943.5,692069.1,2.8239432e+09,0.0016967774,1.4095592e+06
594,627433.25,685605.56,2.9175506e+09,0.0017944336,1.4316632e+06
595,611816.75,678226.7,3.1158264e+09,0.002001953,1.3601612e+06
596,635695.7,673973.56,2.9670433e+09,0.0016601563,1.4488471e+06
597,599386.5,666514.9,3.1710298e+09,0.0016113281,1.3556992e+06
598,608820.9,660745.5,3.1535004e+09,0.0018798829,1.3790804e+06
599,626958.5,657366.8,2.9408906e+09,0.0015625,1.4234182e+06
600,605510.0,652181.1,2.888823e+09,0.0013427734,1.301117e+06
601,622561.25,649219.1,2.678901e+09,0.002001953,1.3691424e+06
602,632822.0,647579.44,2.4352087e+09,0.0017333984,1.4429792e+06
603,682808.25,651102.3,2.303384e+09,0.0016967774,1.5779158e+06
604,660319.9,652024.06,2.0806924e+09,0.0016113281,1.5169216e+06
605,643156.06,651137.25,1.8797009e+09,0.0016601563,1.5229666e+06
606,631100.1,649133.56,1.7278644e+09,0.001513672,1.4330081e+06
607,625108.7,646731.06,1.6070254e+09,0.0014648438,1.4511202e+06
608,640817.56,646139.7,1.4494701e+09,0.001513672,1.4944702e+06
609,632363.1,644762.0,1.3216045e+09,0.0012207031,1.4729494e+06
610,607055.1,640991.3,1.3174067e+09,0.0014282226,1.3958272e+06
611,606299.8,637522.2,1.293981e+09,0.0017211915,1.4241852e+06
612,609884.0,634758.4,1.2333312e+09,0.0016723633,1.459965e+06
613,614691.75,632751.7,1.1462383e+09,0.001513672,1.4948851e+06
614,601988.0,629675.3,1.1167909e+09,0.0016723633,1.4657615e+06
615,589223.9,625630.2,1.1523804e+09,0.0016723633,1.4096715e+06
616,571591.5,620226.3,1.2999585e+09,0.0013183594,1.2493346e+06
617,575946.25,615798.3,1.3464279e+09,0.0015625,1.277632e+06
618,565276.06,610746.06,1.4415099e+09,0.0018188477,1.2654654e+06
619,588333.44,608504.8,1.3425682e+09,0.0013183594,1.412581e+06
620,589390.8,606593.44,1.2411924e+09,0.001550293,1.3982514e+06
621,590903.9,605024.5,1.1392278e+09,0.0016967774,1.4060051e+06
622,604270.75,604949.1,1.0253561e+09,0.0016723633,1.4635414e+06
623,620871.9,606541.4,9.456385e+08,0.0018554687,1.5413802e+06
624,599455.56,605832.8,8.555934e+08,0.0014282226,1.3971685e+06
625,575490.1,602798.56,8.5289517e+08,0.0017944336,1.2727652e+06
626,572468.4,599765.56,8.503984e+08,0.0014282226,1.2724516e+06
627,569285.0,596717.5,8.489744e+08,0.0015258789,1.2704738e+06
628,562756.8,593321.44,8.678765e+08,0.001538086,1.2371674e+06
629,578710.1,591860.3,8.00303e+08,0.0013549805,1.3239234e+06
630,585649.94,591239.25,7.237439e+08,0.0014526368,1.3638465e+06
631,575623.9,589677.7,6.733151e+08,0.0016723633,1.3383562e+06
632,578349.25,588544.9,6.175336e+08,0.0014160157,1.380889e+06
633,601813.7,589871.75,5.716257e+08,0.0017578126,1.5164829e+06
634,611593.75,592043.94,5.569292e+08,0.0013427734,1.5662311e+06
635,612297.0,594069.25,5.381531e+08,0.0015014649,1.5675878e+06
636,628620.8,597524.4,5.9178074e+08,0.0016967774,1.6086868e+06
637,626110.25,600382.94,6.061463e+08,0.001513672,1.6407962e+06
638,616166.8,601961.3,5.679534e+08,0.0016601563,1.6410611e+06
639,618920.0,603657.2,5.370418e+08,0.0012329102,1.6336356e+06
640,611835.75,604475.06,4.893576e+08,0.0016357423,1.64242e+06
641,614755.75,605503.1,4.4993414e+08,0.0016357423,1.6359034e+06
642,586623.0,603615.1,4.3702205e+08,0.0016113281,1.5167846e+06
643,579738.9,601227.5,4.446266e+08,0.0015014649,1.4631796e+06
644,584383.9,599543.1,4.2569763e+08,0.0015991211,1.4686356e+06
645,569699.75,596558.8,4.632843e+08,0.0013549805,1.3440245e+06
646,563062.6,593209.2,5.179354e+08,0.0014160157,1.3347124e+06
647,563206.25,590208.9,5.471577e+08,0.0016113281,1.3001161e+06
648,539795.06,585167.5,7.2118163e+08,0.0014648438,1.2236875e+06
649,535973.25,580248.06,8.6687014e+08,0.0015014649,1.2404366e+06
650,530516.75,575274.94,1.0027714e+09,0.0014282226,1.2139336e+06
651,533695.75,571117.0,1.0580888e+09,0.0016479492,1.223731e+06
652,548616.1,568866.94,9.97846e+08,0.0016357423,1.283469e+06
653,530792.7,565059.5,1.0285298e+09,0.0016723633,1.2489602e+06
654,535724.8,562126.0,1.0031239e+09,0.0015258789,1.293822e+06
655,544654.8,560378.9,9.3028326e+08,0.0016479492,1.3974082e+06
656,521368.75,556477.9,9.7421594e+08,0.0016479492,1.320734e+06
657,537498.6,554579.94,9.092134e+08,0.0018554687,1.3617404e+06
658,519934.25,551115.4,9.2632115e+08,0.0017822266,1.2141688e+06
659,529182.4,548922.06,8.769841e+08,0.0015869141,1.221101e+06
660,543061.75,548336.0,7.923766e+08,0.0015991211,1.3431299e+06
661,552894.3,548791.8,7.1500896e+08,0.001965332,1.3810321e+06
662,543313.0,548243.94,6.462096e+08,0.0017456055,1.3556789e+06
663,543017.06,547721.25,5.840474e+08,0.0016845703,1.3325535e+06
664,544036.06,547352.75,5.2686493e+08,0.0018310547,1.3208812e+06
665,533475.1,545965.0,4.915114e+08,0.0018432618,1.2293185e+06
666,533341.75,544702.7,4.5670144e+08,0.0014770508,1.2702762e+06
667,524983.5,542730.75,4.4602746e+08,0.0016357423,1.2487728e+06
668,511494.9,539607.2,4.892357e+08,0.0016235352,1.2264248e+06
669,512676.38,536914.1,5.055863e+08,0.0014526368,1.2263355e+06
670,496947.75,532917.5,5.987856e+08,0.0014160157,1.2073111e+06
671,490191.3,528644.9,7.032045e+08,0.0016235352,1.2143969e+06
672,485349.4,524315.3,8.0158874e+08,0.0017822266,1.2304979e+06
673,488016.8,520685.47,8.400121e+08,0.001550293,1.2851788e+06
674,484470.25,517063.94,8.7404966e+08,0.0016845703,1.2714354e+06
675,466875.7,512045.12,1.01334214e+09,0.0016723633,1.1728171e+06
676,480176.25,508858.25,1.0034142e+09,0.0015747071,1.2391315e+06
677,491859.5,507158.38,9.290789e+08,0.001513672,1.2637092e+06
678,485710.25,505013.56,8.775729e+08,0.0015258789,1.2050471e+06
679,475303.12,502042.53,8.692595e+08,0.0014770508,1.1936902e+06
680,456249.97,497463.28,9.7105984e+08,0.0014160157,1.0645128e+06
681,444177.8,492134.75,1.1294945e+09,0.0014648438,970930.2
682,443370.34,487258.3,1.230562e+09,0.0017578126,1.0028158e+06
683,439842.78,482516.75,1.3098468e+09,0.0015014649,983794.6
684,433175.5,477582.62,1.3979724e+09,0.0016479492,906510.94
685,423560.94,472180.47,1.5208259e+09,0.0014892578,746130.7
686,415984.6,466560.88,1.6529612e+09,0.0015625,721569.44
687,416855.12,461590.3,1.7100246e+09,0.001538086,714339.56
688,432634.88,458694.78,1.6144797e+09,0.0016601563,880374.0
689,441319.3,456957.25,1.4802034e+09,0.0016601563,933556.2
690,466785.25,457940.06,1.3408762e+09,0.0017211915,1.0640278e+06
691,478048.1,459950.88,1.2431785e+09,0.0016723633,1.1506046e+06
692,447084.5,458664.25,1.1337595e+09,0.0016479492,1.04189444e+06
693,457255.88,458523.4,1.02056205e+09,0.0017333984,1.0704704e+06
694,465201.78,459191.25,9.2251994e+08,0.0017211915,1.1430472e+06
695,480551.94,461327.3,8.7133306e+08,0.0017822266,1.1871472e+06
696,502053.0,465399.88,9.3347206e+08,0.0015747071,1.288592e+06
697,505963.16,469456.2,9.882091e+08,0.0014404297,1.2571481e+06
698,480808.97,470591.47,9.009879e+08,0.0014160157,1.163781e+06
699,485146.1,472046.94,8.299544e+08,0.001538086,1.1752804e+06
700,487905.88,473632.84,7.695945e+08,0.0014770508,1.1969548e+06
701,473510.6,473620.62,6.9263635e+08,0.0019042969,1.1010141e+06
702,454554.12,471713.97,6.5609056e+08,0.0016479492,1.02316906e+06
703,447181.34,469260.72,6.4464794e+08,0.0016235352,978662.94
704,468602.25,469194.88,5.8022214e+08,0.0016113281,1.0814244e+06
705,476919.25,469967.3,5.2756986e+08,0.0017089844,1.0900562e+06
706,470224.0,469992.97,4.7481878e+08,0.0015869141,1.0547219e+06
707,468712.0,469864.88,4.2748458e+08,0.0016601563,1.0522271e+06
708,437859.78,466664.38,4.7692544e+08,0.0017089844,892416.4
709,441534.3,464151.38,4.860697e+08,0.0013916016,904533.44
710,423296.3,460065.88,5.876849e+08,0.0016357423,842586.1
711,420663.5,456125.62,6.686457e+08,0.0017944336,828638.25
712,412548.56,451767.9,7.7268755e+08,0.0016357423,855453.56
713,407801.38,447371.25,8.693938e+08,0.0020751953,839178.94
714,426548.34,445288.97,8.214778e+08,0.001538086,932049.8
715,427397.34,443499.8,7.681399e+08,0.0015625,907889.4
716,442544.94,443404.3,6.91408e+08,0.0018676758,1.00119375e+06
717,435466.88,442610.56,6.279375e+08,0.0017211915,1.0158415e+06
718,428705.62,441220.06,5.8254496e+08,0.0016235352,972198.1
719,419388.7,439036.94,5.671852e+08,0.0018188477,950660.94
720,429124.22,438045.66,5.1931024e+08,0.0016967774,1.0081019e+06
721,431791.88,437420.28,4.7089907e+08,0.0020263672,992732.8
722,430997.28,436777.97,4.275221e+08,0.0020751953,999858.4
723,417423.84,434842.56,4.1848227e+08,0.0021362305,912234.1
724,430760.25,434434.34,3.7813392e+08,0.0018798829,1.0514782e+06
725,448259.44,435816.84,3.575225e+08,0.0018432618,1.2210328e+06
726,461286.75,438363.84,3.801547e+08,0.0019042969,1.2237925e+06
727,463265.16,440853.97,3.9794602e+08,0.0017456055,1.2212844e+06
728,491691.56,445937.72,5.907529e+08,0.0019897462,1.3627092e+06
729,494522.03,450796.16,7.4411674e+08,0.0017700195,1.4069272e+06
730,509384.6,456655.0,9.7863955e+08,0.0018920898,1.4742642e+06
731,464403.12,457429.8,8.8617856e+08,0.0019897462,1.2359986e+06
732,480509.38,459737.78,8.455007e+08,0.0019165039,1.2119519e+06
733,495332.5,463297.25,8.7497914e+08,0.001953125,1.2800502e+06
734,502096.88,467177.22,9.229682e+08,0.0017578126,1.2966421e+06
735,496160.22,470075.53,9.0627264e+08,0.0019775392,1.290803e+06
736,492355.78,472303.56,8.6032224e+08,0.0018310547,1.2393685e+06
737,478686.4,472941.84,7.779566e+08,0.0017700195,1.1930366e+06
738,457640.75,471411.75,7.2123206e+08,0.0017211915,1.1542926e+06
739,436404.44,467911.03,7.5940486e+08,0.0017944336,1.0739252e+06
740,441419.06,465261.84,7.4662854e+08,0.0019775392,1.0843169e+06
741,460317.2,464767.38,6.7416614e+08,0.0020141602,1.1524561e+06
742,462506.25,464541.25,6.0720966e+08,0.0021118165,1.1110151e+06
743,470324.56,465119.6,5.494989e+08,0.0020629882,1.1494771e+06
744,485086.94,467116.3,5.3043152e+08,0.0022583008,1.2567521e+06
745,470707.44,467475.44,4.7854902e+08,0.0017822266,1.2303141e+06
746,470492.84,467777.2,4.3151354e+08,0.0018188477,1.2533878e+06
747,469796.8,467979.16,3.8872928e+08,0.001928711,1.252316e+06
748,473532.94,468534.53,3.5263235e+08,0.0018920898,1.2937924e+06
749,479020.12,469583.1,3.2726442e+08,0.0018920898,1.3092004e+06
750,468940.47,469518.84,2.9457514e+08,0.0018554687,1.2671325e+06
751,471310.0,469697.97,2.6540637e+08,0.0018310547,1.28158e+06
752,499322.88,472660.47,3.178529e+08,0.0018676758,1.4043475e+06
753,482706.3,473665.06,2.951503e+08,0.0019897462,1.3868968e+06
754,482818.06,474580.38,2.7317523e+08,0.0019042969,1.39662e+06
755,481964.56,475318.78,2.5076506e+08,0.001928711,1.3828464e+06
756,484025.62,476189.47,2.3251136e+08,0.001928711,1.3641815e+06
757,474489.3,476019.44,2.0952037e+08,0.0017333984,1.3355799e+06
758,469027.38,475320.22,1.9296834e+08,0.0021362305,1.3799889e+06
759,470339.56,474822.16,1.7590411e+08,0.0018798829,1.3385978e+06
760,454483.25,472788.25,1.955441e+08,0.0021606446,1.3041625e+06
761,463818.7,471891.28,1.8323046e+08,0.0022583008,1.3167481e+06
762,438097.0,468511.84,2.6769222e+08,0.0023925782,1.1925288e+06
763,448444.6,466505.12,2.771655e+08,0.0020874024,1.2326406e+06
764,451028.3,464957.44,2.7100682e+08,0.0022338869,1.2809108e+06
765,447674.75,463229.16,2.7078832e+08,0.0018432618,1.2685714e+06
766,448420.7,461748.3,2.6344566e+08,0.002331543,1.2828982e+06
767,430437.2,458617.2,3.2533587e+08,0.0021972656,1.1689094e+06
768,446918.66,457447.34,3.051193e+08,0.0021484375,1.2149141e+06
769,455275.44,457230.16,2.750319e+08,0.001940918,1.2489594e+06
770,437542.56,455261.4,2.8241283e+08,0.0018798829,1.1905888e+06
771,406589.34,450394.2,4.673788e+08,0.0021972656,1.03604875e+06
772,410659.0,446420.66,5.627406e+08,0.0018920898,1.0152401e+06
773,388716.38,440650.22,8.0614714e+08,0.0022583008,898964.5
774,397549.72,436340.16,8.9272115e+08,0.0018920898,994024.1
775,397008.38,432406.97,9.42678e+08,0.0018554687,1.01576956e+06
776,405230.5,429689.3,9.1488064e+08,0.0019042969,1.04289194e+06
777,386157.25,425336.1,9.9394624e+08,0.0018798829,947978.06
778,378188.94,420621.38,1.0946085e+09,0.0018554687,948941.94
779,373773.12,415936.56,1.1826758e+09,0.0016967774,854180.75
780,372293.75,411572.28,1.2358308e+09,0.0017822266,844736.0
781,388154.2,409230.47,1.1616044e+09,0.0023071289,951595.0
782,397915.62,408099.0,1.0569662e+09,0.0019775392,972151.06
783,405820.8,407871.2,9.517367e+08,0.0018676758,1.0145816e+06
784,404981.56,407582.22,8.573145e+08,0.0020874024,1.0602145e+06
785,416541.62,408478.16,7.7880736e+08,0.001928711,1.1556361e+06
786,415489.97,409179.34,7.053515e+08,0.0018798829,1.1585264e+06
787,435903.7,411851.78,6.990935e+08,0.001940918,1.228361e+06
788,408588.0,411525.4,6.3014285e+08,0.0017333984,1.0923069e+06
789,407207.44,411093.62,5.688066e+08,0.0017822266,1.0794421e+06
790,413393.88,411323.66,5.124021e+08,0.0017333984,1.1382488e+06
791,419564.72,412147.75,4.6727427e+08,0.0020751953,1.1634552e+06
792,418555.0,412788.47,4.242416e+08,0.0018920898,1.106595e+06
793,422204.16,413730.03,3.8979638e+08,0.0020385743,1.1328712e+06
794,396224.25,411979.44,3.7839747e+08,0.001965332,1.0426318e+06
795,393012.2,410082.72,3.729358e+08,0.0018310547,992415.8
796,394707.62,408545.22,3.5691763e+08,0.0020507814,1.0547898e+06
797,404886.88,408179.38,3.2243037e+08,0.0020263672,1.0513478e+06
798,426587.8,410020.22,3.206857e+08,0.0018554687,1.1444681e+06
799,419980.7,411016.25,2.975461e+08,0.0019042969,1.1361252e+06
800,441387.5,414053.38,3.5080864e+08,0.0020629882,1.2340938e+06
801,430649.75,415713.0,3.4051734e+08,0.0021362305,1.2333614e+06
802,426754.0,416817.1,3.1743693e+08,0.0023071289,1.1696216e+06
803,421105.06,417245.88,2.8734803e+08,0.0020996095,1.1027831e+06
804,406965.1,416217.8,2.6812571e+08,0.0020507814,1.0619074e+06
805,375399.1,412135.94,3.9126822e+08,0.0021728517,954008.7
806,382186.06,409140.94,4.3287094e+08,0.0020996095,975524.94
807,395513.0,407778.16,4.062987e+08,0.0021728517,1.0785845e+06
808,410623.75,408062.72,3.6639757e+08,0.0020874024,1.1152966e+06
809,399133.2,407169.75,3.369341e+08,0.0017822266,1.01456794e+06
810,385381.3,404990.9,3.4596694e+08,0.001940918,970446.8
811,393837.62,403875.56,3.2256586e+08,0.0022583008,969329.5
812,396808.25,403168.84,2.9480448e+08,0.0023559572,1.00585994e+06
813,382390.12,401090.97,3.0418198e+08,0.0021240234,957654.7
814,360668.12,397048.7,4.2082432e+08,0.0019775392,834314.44
815,362447.2,393588.53,4.8649565e+08,0.0020141602,909869.94
816,362478.38,390477.5,5.249518e+08,0.0021362305,875771.56
817,386615.88,390091.34,4.737987e+08,0.0020385743,1.03062144e+06
818,392848.22,390367.03,4.2710285e+08,0.0019775392,1.053284e+06
819,380146.03,389344.94,3.9379475e+08,0.0017578126,972747.0
820,368301.12,387240.56,3.9427107e+08,0.0016845703,912811.9
821,390450.4,387561.56,3.5577123e+08,0.001940918,979016.5
822,390884.03,387893.8,3.211876e+08,0.0019897462,1.0021314e+06
823,374496.25,386554.06,3.0522333e+08,0.0020874024,908658.3
824,391831.5,387081.8,2.7720758e+08,0.0021118165,963560.94
825,379207.2,386294.34,2.5506768e+08,0.002294922,1.0135094e+06
826,388403.1,386505.22,2.2996112e+08,0.0021972656,1.0850861e+06
827,381551.38,386009.84,2.0917366e+08,0.0021606446,1.0426739e+06
828,378023.12,385211.2,1.9399718e+08,0.0021484375,1.01970394e+06
829,386074.75,385297.53,1.7466458e+08,0.0015625,1.0759658e+06
830,376282.75,384396.06,1.6451208e+08,0.0017211915,1.0353717e+06
831,362300.38,382186.5,1.920006e+08,0.0019897462,996301.44
832,364221.8,380390.03,2.0184624e+08,0.0020874024,994921.7
833,355302.25,377881.25,2.3830733e+08,0.0020996095,852316.94
834,375271.0,377620.22,2.150898e+08,0.0021362305,987016.1
835,361555.03,376013.7,2.1680893e+08,0.001965332,915743.94
836,365207.38,374933.06,2.056379e+08,0.0021484375,920805.6
837,354459.5,372885.72,2.2279912e+08,0.0020385743,891051.0
838,377845.25,373381.7,2.0273293e+08,0.001965332,1.0128618e+06
839,359099.53,371953.47,2.0081782e+08,0.0022338869,942320.75
840,348780.8,369636.2,2.2906352e+08,0.0021240234,867601.25
841,369604.2,369633.0,2.0615725e+08,0.0024291992,942808.25
842,362954.06,368965.1,1.8955626e+08,0.002661133,900567.8
843,380594.88,370128.06,1.827733e+08,0.0022216798,1.03006844e+06
844,388582.7,371973.53,1.9514755e+08,0.002319336,1.0775119e+06
845,367846.2,371560.8,1.7716595e+08,0.0024291992,929959.75
846,363656.5,370770.38,1.6507238e+08,0.0025146485,897858.5
847,369118.75,370605.22,1.4881064e+08,0.0023925782,946542.2
848,359749.28,369519.62,1.445362e+08,0.001940918,886434.44
849,366326.12,369200.28,1.31000424e+08,0.00234375,908836.8
850,358294.3,368109.7,1.28604984e+08,0.0021606446,888746.44
851,365000.3,367798.75,1.1661462e+08,0.0025390626,903119.8
852,365175.0,367536.38,1.0557273e+08,0.0022705079,930078.0
853,368166.56,367599.4,9.505119e+07,0.0026245117,933072.56
854,388459.06,369685.38,1.24707336e+08,0.0022094727,990974.4
855,384307.4,371147.56,1.31478936e+08,0.00234375,992168.8
856,401532.56,374186.06,2.0142338e+08,0.0022338869,1.0969404e+06
857,391348.44,375902.3,2.0779027e+08,0.0022094727,1.0720865e+06
858,411258.56,379437.94,2.9951702e+08,0.002380371,1.1611662e+06
859,398892.06,381383.34,3.0362698e+08,0.002319336,1.03557725e+06
860,386336.56,381878.66,2.7547235e+08,0.002282715,984041.6
861,369151.5,380605.94,2.6250336e+08,0.0026367188,861417.06
862,355705.62,378115.9,2.9205533e+08,0.0024291992,838507.4
863,363753.66,376679.7,2.8141446e+08,0.0024658204,923391.75
864,370790.38,376090.75,2.563946e+08,0.0025024414,1.00044e+06
865,384771.44,376958.8,2.3753702e+08,0.0026123046,1.0617846e+06
866,367013.6,375964.28,2.2268498e+08,0.0022216798,1.0145986e+06
867,361312.8,374499.12,2.1973638e+08,0.002331543,988822.06
868,362950.88,373344.3,2.0976533e+08,0.0020507814,969876.5
869,394526.25,375462.5,2.2916949e+08,0.002294922,1.1474416e+06
870,399352.78,377851.53,2.5761962e+08,0.0020874024,1.1838712e+06
871,388042.84,378870.66,2.4120531e+08,0.0026000978,1.1317526e+06
872,378187.12,378802.3,2.1712682e+08,0.0025024414,1.0745618e+06
873,392966.6,380218.75,2.1347054e+08,0.0025024414,1.144795e+06
874,402394.12,382436.28,2.3638075e+08,0.0022216798,1.1816985e+06
875,409789.25,385171.56,2.800793e+08,0.0023071289,1.196248e+06
876,410223.56,387676.75,3.085556e+08,0.0023071289,1.1864909e+06
877,410597.03,389968.78,3.2498054e+08,0.0022094727,1.1852578e+06
878,425795.2,393551.44,4.0800032e+08,0.002368164,1.262062e+06
879,391198.56,393316.16,3.6769853e+08,0.002294922,1.0881428e+06
880,394663.06,393450.84,3.3109194e+08,0.0018920898,1.138966e+06
881,390187.2,393124.47,2.9894138e+08,0.0024536133,1.1005591e+06
882,376634.62,391475.5,2.9351958e+08,0.0025512695,992491.3
883,395263.88,391854.34,2.6545926e+08,0.0026733398,1.1320744e+06
884,403070.1,392975.9,2.502347e+08,0.0024169923,1.1941385e+06
885,377762.5,391454.56,2.4604154e+08,0.002294922,1.054187e+06
886,381385.22,390447.62,2.3056262e+08,0.0026245117,1.1191922e+06
887,357595.72,387162.44,3.0463866e+08,0.0025390626,931332.0
888,357888.44,384235.03,3.5130182e+08,0.002294922,989411.7
889,348499.4,380661.47,4.3110477e+08,0.001928711,954351.5
890,349607.3,377556.06,4.7478675e+08,0.0021362305,960782.8
891,360925.3,375893.0,4.5220042e+08,0.002294922,1.0073269e+06
892,371741.3,375477.84,4.0853165e+08,0.0028564453,1.0873031e+06
893,388128.9,376742.94,3.820829e+08,0.002368164,1.1765461e+06
894,426185.4,381687.2,5.638848e+08,0.002661133,1.3648041e+06
895,397491.1,383267.56,5.29975e+08,0.0024291992,1.2120108e+06
896,396882.8,384629.1,4.9366125e+08,0.0026855469,1.1909871e+06
897,385038.56,384670.03,4.443102e+08,0.0022216798,1.1520542e+06
898,373472.12,383550.25,4.1116454e+08,0.00234375,1.125591e+06
899,358340.56,381029.28,4.2724563e+08,0.0020507814,1.0545495e+06
900,362279.53,379154.3,4.1616086e+08,0.0021850585,1.0612552e+06
901,370676.25,378306.5,3.8101373e+08,0.0025024414,1.0998029e+06
902,385541.5,379030.0,3.4762342e+08,0.0023925782,1.1917539e+06
903,380577.56,379184.75,3.130766e+08,0.0026733398,1.1098872e+06
904,371065.3,378372.8,2.877022e+08,0.002319336,1.049986e+06
905,346627.1,375198.25,3.4963315e+08,0.0023925782,928754.0
906,325825.66,370261.0,5.340586e+08,0.0025390626,783393.06
907,319998.75,365234.78,7.080192e+08,0.0024414062,757222.6
908,314926.94,360204.0,8.649964e+08,0.0026000978,701364.75
909,321638.0,356347.4,9.12357e+08,0.0025146485,751562.1
910,328280.94,353540.75,8.920167e+08,0.0022705079,766955.06
911,322527.56,350439.44,8.893786e+08,0.0029907227,780257.44
912,330391.66,348434.66,8.36613e+08,0.002746582,884149.4
913,322971.2,345888.3,8.113066e+08,0.0024902343,775494.2
914,330902.62,344389.75,7.503873e+08,0.0026367188,857749.3
915,334457.56,343396.53,6.8422694e+08,0.0024536133,875786.56
916,342412.9,343298.16,6.158913e+08,0.00234375,909300.3
917,358455.7,344813.9,5.749798e+08,0.002294922,993047.06
918,355280.3,345860.56,5.273409e+08,0.0022460937,975108.25
919,328405.12,344115.03,5.020291e+08,0.0021362305,851367.25
920,324751.56,342178.7,4.855711e+08,0.002294922,810682.25
921,343172.7,342278.1,4.371029e+08,0.002331543,910043.56
922,334200.06,341470.28,3.9926554e+08,0.0029174804,858880.06
923,331120.75,340435.3,3.6897914e+08,0.0024291992,857945.44
924,340688.25,340460.6,3.3208698e+08,0.0025268556,954998.8
925,331054.12,339519.94,3.068416e+08,0.0024169923,936885.1
926,339557.38,339523.7,2.7615754e+08,0.0026367188,959007.9
927,340550.84,339626.4,2.4863674e+08,0.0024902343,952494.0
928,342382.0,339901.97,2.2445645e+08,0.0022216798,999442.8
929,348994.94,340811.25,2.094522e+08,0.002368164,994150.4
930,335969.75,340327.1,1.9061658e+08,0.002368164,886871.6
931,335929.3,339887.3,1.7329555e+08,0.0028076172,897117.8
932,357731.78,341671.75,1.8462426e+08,0.0027709962,1.075521e+06
933,363432.16,343847.78,2.087782e+08,0.002697754,1.1324074e+06
934,357053.5,345168.34,2.0359557e+08,0.0027709962,1.136785e+06
935,353613.56,346012.88,1.8965496e+08,0.00234375,1.0905526e+06
936,381822.3,349593.8,2.8609786e+08,0.0025390626,1.2286784e+06
937,374288.8,352063.3,3.1237395e+08,0.0023071289,1.2032416e+06
938,352842.7,352141.25,2.811912e+08,0.0024902343,1.05725e+06
939,333675.88,350294.72,2.8375936e+08,0.0025756836,982787.5
940,327034.84,347968.72,3.0407536e+08,0.0023925782,958013.94
941,349049.22,348076.78,2.7377286e+08,0.0028808594,1.1392971e+06
942,340914.12,347360.5,2.510129e+08,0.0025268556,1.0655078e+06
943,337687.22,346393.2,2.343331e+08,0.0025512695,1.0007869e+06
944,333707.66,345124.62,2.2538283e+08,0.0026733398,915223.56
945,314800.8,342092.25,2.8560256e+08,0.0026000978,831333.6
946,314435.47,339326.56,3.2588307e+08,0.002282715,766141.4
947,313691.97,336763.1,3.5243667e+08,0.0025634766,737632.1
948,311765.88,334263.38,3.7343046e+08,0.002368164,764512.4
949,331977.44,334034.78,3.3655773e+08,0.0024169923,955899.2
950,339890.38,334620.34,3.0598787e+08,0.002331543,952077.1
951,357122.56,336870.56,3.2096054e+08,0.002722168,1.0328981e+06
952,355610.34,338744.53,3.2047062e+08,0.0029174804,1.0213729e+06
953,356502.28,340520.3,3.1680394e+08,0.0026489259,1.0813232e+06
954,340475.38,340515.8,2.851237e+08,0.0024780275,964347.4
955,340588.66,340523.1,2.5661182e+08,0.0024414062,879031.7
956,341458.38,340616.62,2.3102936e+08,0.002746582,875293.06
957,318824.0,338437.38,2.5066909e+08,0.002294922,704074.7
958,299765.88,334570.22,3.6019584e+08,0.0025756836,594395.3
959,306470.12,331760.22,3.9524163e+08,0.0022705079,660797.3
960,308048.12,329389.0,4.0632115e+08,0.0025390626,666447.44
961,305940.38,327044.12,4.1517446e+08,0.002722168,681867.5
962,293823.72,323722.1,4.729806e+08,0.0026855469,560714.06
963,292288.28,320578.72,5.1461014e+08,0.0029785156,568961.94
964,306236.5,319144.5,4.8166205e+08,0.002722168,642388.44
965,304775.25,317707.56,4.520786e+08,0.002734375,667689.9
966,299936.75,315930.47,4.352929e+08,0.0027832033,653904.3
967,298121.06,314149.53,4.2030934e+08,0.0025756836,677290.7
968,299207.8,312655.38,3.9837136e+08,0.0023925782,724595.2
969,296600.06,311049.84,3.817338e+08,0.002734375,712090.2
970,279686.88,307913.56,4.320876e+08,0.002697754,551442.0
971,288080.2,305930.22,4.242815e+08,0.002758789,658087.75
972,301174.16,305454.62,3.8388915e+08,0.0031860352,744962.6
973,324765.75,307385.75,3.79063e+08,0.0029296875,963944.3
974,315392.5,308186.44,3.4692643e+08,0.0032470704,879838.25
975,319747.1,309342.5,3.2426214e+08,0.00279541,910454.6
976,322593.56,310667.6,3.0763907e+08,0.0028930665,947316.6
977,297284.8,309329.3,2.9299405e+08,0.0029785156,695381.2
978,299821.28,308378.5,2.7183088e+08,0.0025878907,707840.4
979,299237.34,307464.38,2.5216824e+08,0.0024902343,719629.44
980,298825.3,306600.47,2.3366842e+08,0.003063965,755914.3
981,299362.75,305876.7,2.150162e+08,0.0032592774,802512.75
982,304915.56,305780.56,1.9359771e+08,0.0029296875,785064.2
983,313706.84,306573.2,1.7989227e+08,0.0030151368,861386.0
984,311850.22,307100.88,1.6440928e+08,0.0029907227,841838.7
985,315005.88,307891.38,1.5359235e+08,0.0028198243,843599.4
986,307196.12,307821.84,1.382766e+08,0.0030395507,842851.1
987,309361.44,307975.8,1.2466228e+08,0.0029296875,877251.94
988,295344.88,306712.72,1.26554696e+08,0.0029541017,746496.94
989,284512.88,304492.75,1.5825419e+08,0.002746582,656179.3
990,275421.9,301585.66,2.1848904e+08,0.0028442384,583870.9
991,283312.94,299758.38,2.2669043e+08,0.0033203126,710652.56
992,284314.12,298213.94,2.254886e+08,0.0033447265,720578.7
993,292429.0,297635.44,2.0595163e+08,0.0032470704,766928.5
994,297908.7,297662.75,1.8536318e+08,0.0028564453,836414.56
995,296358.56,297532.34,1.6697995e+08,0.0032958984,831700.3
996,299404.12,297719.53,1.5059726e+08,0.0032226562,848797.1
997,316767.1,299624.28,1.681904e+08,0.0033081055,919276.3
998,307922.8,300454.12,1.5756926e+08,0.003161621,824529.5
999,298429.12,300251.62,1.4218139e+08,0.0031982423,838958.94
1000,293101.94,299536.66,1.3256388e+08,0.0031738281,833979.4
1001,295961.9,299179.2,1.2045758e+08,0.0035888671,770839.3
1002,280737.2,297335.0,1.3902149e+08,0.0036376955,651684.06
1003,280397.12,295641.22,1.5093958e+08,0.003088379,538692.7
1004,302071.12,296284.22,1.3956656e+08,0.0035522461,781614.4
1005,296195.56,296275.34,1.2561061e+08,0.003442383,747471.3
1006,299182.47,296566.06,1.1381017e+08,0.0033081055,822508.94
1007,288227.88,295732.25,1.0868643e+08,0.0032348633,699421.6
1008,287966.0,294955.62,1.03246104e+08,0.0035156251,673250.6
1009,283507.5,293810.8,1.04716856e+08,0.0029663087,626211.94
1010,288044.44,293234.2,9.723777e+07,0.0031982423,667373.0
1011,290691.03,292979.88,8.809608e+07,0.0036376955,711783.8
1012,293358.38,293017.72,7.929937e+07,0.003527832,746529.1
1013,296135.3,293329.47,7.224417e+07,0.0036987306,733318.75
1014,309896.03,294986.12,8.972034e+07,0.00345459,926682.7
1015,314515.38,296939.06,1.15073544e+08,0.003527832,908369.8
1016,289091.62,296154.3,1.0910859e+08,0.003100586,637009.25
1017,295956.5,296134.53,9.820125e+07,0.0033447265,751758.6
1018,321408.6,298661.94,1.4587117e+08,0.0036987306,1.0296098e+06
1019,293918.62,298187.6,1.3330896e+08,0.003088379,759710.9
1020,289241.97,297293.03,1.2718023e+08,0.0033081055,718349.7
1021,290576.9,296621.4,1.1852178e+08,0.0035522461,743559.0
1022,280667.28,295026.0,1.2957766e+08,0.0036743165,698117.2
1023,291438.66,294667.25,1.1777811e+08,0.0037231445,727821.25
1024,285002.8,293700.8,1.14406424e+08,0.0038330078,710378.4
1025,279097.44,292240.47,1.2215906e+08,0.003442383,589450.9
1026,274059.06,290422.3,1.3969386e+08,0.0037109375,571605.0
1027,275496.78,288929.75,1.457739e+08,0.0033569336,582567.9
1028,277614.12,287798.2,1.4272042e+08,0.0033569336,597242.06
1029,257458.88,284764.25,2.1129102e+08,0.0034057617,398523.84
1030,285077.2,284795.53,1.9017074e+08,0.0035522461,812517.56
1031,286739.34,284989.9,1.7149371e+08,0.0037475587,786588.44
1032,276621.2,284153.03,1.6064754e+08,0.003857422,649605.9
1033,291373.94,284875.12,1.492755e+08,0.0037597658,713065.25
1034,290237.28,285411.34,1.369357e+08,0.0035522461,723680.4
1035,285796.94,285449.9,1.232555e+08,0.0034179688,666743.94
1036,287158.56,285620.78,1.111927e+08,0.0036865235,695519.4
1037,289504.8,286009.2,1.01431144e+08,0.0037109375,742274.06
1038,291650.16,286573.28,9.415188e+07,0.0035156251,702377.9
1039,280293.38,285945.28,8.828604e+07,0.003894043,660596.44
1040,283074.03,285658.16,8.01994e+07,0.0035644532,712109.56
1041,293928.0,286485.12,7.8334584e+07,0.0044311523,741535.4
1042,303807.06,288217.3,9.7505576e+07,0.004174805,824202.56
1043,294995.94,288895.2,9.18905e+07,0.00390625,702646.5
1044,302159.78,290221.66,9.85369e+07,0.004272461,802523.0
1045,294197.38,290619.22,9.010578e+07,0.0036865235,743821.75
1046,279200.56,289477.34,9.28299e+07,0.0036254884,575072.5
1047,280298.22,288559.44,9.1129976e+07,0.0037109375,621573.75
1048,272645.47,286968.03,1.0480987e+08,0.0040161135,571915.25
1049,283756.75,286646.9,9.525699e+07,0.0037963868,596403.8
1050,278287.2,285810.94,9.202093e+07,0.0039794925,582292.2
1051,281510.03,285380.84,8.448363e+07,0.0048583983,708511.7
1052,282558.5,285098.62,7.675217e+07,0.0041137696,712624.4
1053,299821.62,286570.94,8.858595e+07,0.0037963868,829597.75
1054,310103.8,288924.22,1.2956901e+08,0.0035888671,900214.5
1055,278704.2,287902.22,1.2601253e+08,0.003540039,675792.1
1056,285842.75,287696.28,1.13793e+08,0.0041259765,717302.6
1057,280020.06,286928.66,1.0771689e+08,0.0041503906,723536.56
1058,277262.75,285962.06,1.0535387e+08,0.0036010742,702200.44
1059,278014.5,285167.3,1.00503224e+08,0.0033935548,685047.9
1060,279147.28,284565.3,9.371457e+07,0.0036254884,694854.4
1061,264685.06,282577.28,1.19913304e+08,0.0036987306,557548.8
1062,258752.45,280194.8,1.59008e+08,0.0036987306,525940.4
1063,280391.5,280214.47,1.4311069e+08,0.0039550783,729595.1
1064,282853.62,280478.38,1.2942648e+08,0.0036254884,715167.25
1065,275655.9,279996.12,1.1857689e+08,0.0036621094,624296.94
1066,299413.2,281937.84,1.406512e+08,0.003881836,862077.56
1067,285485.38,282292.6,1.2771872e+08,0.0041503906,782814.25
1068,297035.78,283766.9,1.3450939e+08,0.0037719726,872866.8
1069,277246.44,283114.88,1.24884936e+08,0.0038330078,646072.0
1070,298194.62,284622.84,1.3286233e+08,0.0037719726,806094.06
1071,284025.1,284563.06,1.1960825e+08,0.004101563,771197.6
1072,283943.12,284501.06,1.0768201e+08,0.0040893555,724498.4
1073,281563.28,284207.28,9.769055e+07,0.0040161135,697321.6
1074,287609.94,284547.56,8.896352e+07,0.0040527345,751133.7
1075,300383.8,286131.2,1.02637976e+08,0.00390625,820436.0
1076,294513.12,286969.38,9.86973e+07,0.004162598,779601.3
1077,284423.06,286714.75,8.9411096e+07,0.003930664,715290.94
1078,296711.56,287714.44,8.946425e+07,0.0040771486,826885.94
1079,298763.7,288819.38,9.150555e+07,0.004101563,856299.25
1080,307779.94,290715.44,1.1471026e+08,0.0037719726,938928.8
1081,301097.5,291753.66,1.1294007e+08,0.004626465,893488.9
1082,295105.84,292088.88,1.0265741e+08,0.0048339847,832350.3
1083,293897.1,292269.7,9.268594e+07,0.004333496,841283.25
1084,295317.12,292574.44,8.425316e+07,0.00423584,843178.7
1085,300817.38,293398.72,8.1942984e+07,0.0036499023,897511.56
1086,307298.44,294788.7,9.113688e+07,0.004248047,985771.44
1087,293492.47,294659.06,8.217441e+07,0.0040649413,881680.06
1088,288171.5,294010.3,7.774493e+07,0.0044677737,728284.06
1089,275556.12,292164.9,1.0062057e+08,0.004528809,549132.1
1090,272887.88,290237.2,1.2400286e+08,0.003894043,632753.8
1091,271840.0,288397.47,1.4206366e+08,0.004724121,608865.44
1092,263203.66,285878.1,1.8498283e+08,0.004528809,513751.97
1093,266611.7,283951.44,1.9989203e+08,0.00423584,510863.72
1094,274561.7,283012.47,1.8783789e+08,0.0040771486,597859.1
1095,269405.06,281651.72,1.8571862e+08,0.004296875,562625.06
1096,262553.5,279741.9,1.9997354e+08,0.0040161135,667338.1
1097,264793.5,278247.06,2.0008712e+08,0.004260254,603407.06
1098,274190.8,277841.44,1.8155918e+08,0.0039794925,746810.0
1099,267002.78,276757.56,1.7397614e+08,0.004138184,627264.6
1100,267322.3,275814.03,1.6459069e+08,0.003930664,620940.5
1101,254200.8,273652.72,1.9017347e+08,0.0044555664,515379.03
1102,259605.16,272247.97,1.889162e+08,0.0045043947,630152.6
1103,263504.7,271373.62,1.769046e+08,0.0045043947,676385.25
1104,255486.88,269784.94,1.8192914e+08,0.004650879,626157.75
1105,242287.19,267035.16,2.3178758e+08,0.0041137696,366394.06
1106,250527.9,265384.44,2.3313285e+08,0.0037963868,449264.4
1107,251003.9,263946.38,2.2843154e+08,0.004260254,443642.3
1108,259712.06,263522.94,2.0720203e+08,0.0045043947,583872.75
1109,268961.25,264066.78,1.8914358e+08,0.004272461,673855.94
1110,258523.16,263512.4,1.7299509e+08,0.004333496,526772.0
1111,269616.94,264122.88,1.5904946e+08,0.0047485353,669320.5
1112,281072.84,265817.88,1.6900163e+08,0.0048706057,816193.44
1113,276537.66,266889.84,1.624437e+08,0.004248047,791092.2
1114,263974.7,266598.3,1.4696414e+08,0.004797363,614192.4
1115,259019.8,265840.47,1.3743678e+08,0.0041870116,632367.75
1116,291622.7,268418.7,1.8351814e+08,0.0040405276,855238.4
1117,296381.7,271215.0,2.3553995e+08,0.0040527345,893530.06
1118,282978.0,272391.3,2.2443909e+08,0.004602051,801371.94
1119,291412.0,274293.38,2.3455597e+08,0.0040771486,896456.9
1120,258409.88,272705.03,2.3380606e+08,0.0041137696,620092.4
1121,255895.45,271024.06,2.3585603e+08,0.004638672,514944.94
1122,260878.62,270009.53,2.2153411e+08,0.0047851563,579937.6
1123,271693.06,270177.88,1.9963578e+08,0.0047851563,630700.94
1124,259600.9,269120.2,1.897407e+08,0.0044555664,555023.7
1125,270642.72,269272.44,1.7097526e+08,0.00456543,639973.94
1126,274112.75,269756.47,1.559863e+08,0.0044067386,677159.1
1127,269202.5,269701.06,1.404153e+08,0.004333496,632163.75
1128,264686.2,269199.56,1.2863717e+08,0.004370117,582887.9
1129,260193.58,268298.97,1.2307314e+08,0.004528809,581004.2
1130,269179.12,268387.0,1.1083554e+08,0.004309082,628285.5
1131,274016.62,268949.97,1.0260432e+08,0.0049072267,699371.06
1132,258202.08,267875.2,1.02740424e+08,0.0047119143,460357.38
1133,256287.22,266716.38,1.0455167e+08,0.0051391604,444157.22
1134,255892.3,265633.97,1.0464096e+08,0.0051513673,439587.38
1135,258252.44,264895.8,9.9080696e+07,0.004931641,464600.8
1136,246194.12,263025.66,1.2065041e+08,0.0043945312,300508.16
1137,256065.97,262329.7,1.1294472e+08,0.0042846682,510263.84
1138,257686.44,261865.36,1.0359062e+08,0.00456543,536182.0
1139,261471.62,261825.98,9.324551e+07,0.0044311523,582079.6
1140,259007.64,261544.16,8.463583e+07,0.0048583983,583154.2
1141,260231.6,261412.9,7.63273e+07,0.005358887,596241.6
1142,261406.84,261412.3,6.869457e+07,0.0051757814,607327.2
1143,259265.6,261197.62,6.223986e+07,0.004663086,537178.9
1144,261089.0,261186.77,5.6016936e+07,0.0049804687,509970.72
1145,273556.5,262423.75,6.418617e+07,0.005053711,718584.44
1146,268349.0,263016.28,6.092732e+07,0.0046142577,690186.44
1147,257350.06,262449.66,5.7724132e+07,0.0044799806,556809.0
1148,259787.25,262183.4,5.258967e+07,0.004760742,477886.78
1149,251693.0,261134.36,5.723508e+07,0.0044921874,442252.97
1150,246525.78,259673.5,7.071852e+07,0.004663086,371570.75
1151,247611.03,258467.25,7.6741944e+07,0.0056152344,372837.56
1152,236822.9,256302.81,1.1123073e+08,0.0048583983,284534.47
1153,252874.56,255959.98,1.0116541e+08,0.005004883,497852.8
1154,246075.97,254971.58,9.9841304e+07,0.004736328,477039.2
1155,245075.69,253981.98,9.867075e+07,0.0053344727,382149.47
1156,250654.73,253649.27,8.9800024e+07,0.0051513673,585892.4
1157,253808.77,253665.22,8.082231e+07,0.0049438477,576825.9
1158,248735.48,253172.25,7.492729e+07,0.004638672,537221.7
1159,251999.2,253054.94,6.75584e+07,0.005053711,563286.2
1160,256175.75,253367.02,6.1679108e+07,0.005053711,565653.9
1161,262065.5,254236.86,6.2320924e+07,0.0052124024,671887.3
1162,279658.0,256778.97,1.1424992e+08,0.005847168,790827.3
1163,281735.62,259274.64,1.5888005e+08,0.0055786134,728413.7
1164,269723.5,260319.53,1.5281813e+08,0.005419922,635273.9
1165,279038.7,262191.44,1.6907293e+08,0.005749512,800516.94
1166,252608.53,261233.14,1.6043053e+08,0.0053466796,530369.3
1167,259890.81,261098.9,1.4454965e+08,0.0055419924,618492.7
1168,246104.66,259599.48,1.5032915e+08,0.005090332,455098.38
1169,245438.84,258183.42,1.5334336e+08,0.0059448243,450337.53
1170,238036.67,256168.75,1.7453926e+08,0.004638672,269201.2
1171,246888.38,255240.72,1.6483662e+08,0.0063842773,331435.97
1172,272252.7,256941.92,1.7439958e+08,0.0059082033,638499.94
1173,249975.06,256245.23,1.6132797e+08,0.005480957,345412.75
1174,248661.97,255486.9,1.503707e+08,0.005822754,423133.2
1175,273598.7,257298.08,1.6485693e+08,0.005957031,599445.0
1176,266982.34,258266.5,1.5681187e+08,0.0053466796,600861.6
1177,263801.94,258820.05,1.4388838e+08,0.005554199,537333.7
1178,268520.56,259790.1,1.3796854e+08,0.005126953,610479.0
1179,265887.53,260399.84,1.2751777e+08,0.005444336,607494.1
1180,257572.38,260117.1,1.15485496e+08,0.0056518554,543041.0
1181,254652.4,259570.62,1.0662459e+08,0.006152344,470416.03
1182,253369.81,258950.55,9.942264e+07,0.0064208987,505568.3
1183,257708.23,258826.31,8.961928e+07,0.00657959,563539.25
1184,272931.2,260236.8,9.856262e+07,0.0062377932,760121.6
1185,265728.62,260785.98,9.1420776e+07,0.0056152344,666422.94
1186,258086.47,260516.03,8.293456e+07,0.0059814453,561616.9
1187,260917.89,260556.22,7.465564e+07,0.006201172,586004.7
1188,253366.83,259837.28,7.184194e+07,0.005322266,490192.9
1189,271563.44,261009.89,7.7032984e+07,0.0062744142,649768.5
1190,253543.78,260263.28,7.4346536e+07,0.006286621,488692.56
1191,261390.0,260375.95,6.7026136e+07,0.006628418,562277.8
1192,272207.94,261559.16,7.2923144e+07,0.0065673827,647894.56
1193,256206.5,261023.89,6.8209416e+07,0.0064086914,496277.9
1194,250970.94,260018.6,7.048404e+07,0.006188965,397796.66
1195,264698.38,260486.58,6.5406664e+07,0.006286621,604616.75
1196,264774.3,260915.34,6.0520612e+07,0.005749512,537593.9
1197,261999.3,261023.73,5.4574296e+07,0.005957031,509378.78
1198,253196.38,260241.0,5.4630944e+07,0.0059326175,421582.2
1199,263362.66,260553.17,5.004487e+07,0.0059082033,698284.06
1200,266792.3,261177.1,4.8543804e+07,0.0059082033,728295.1
1201,269075.2,261966.9,4.9303612e+07,0.007080078,669321.25
1202,262884.4,262058.66,4.4449012e+07,0.00690918,706458.7
1203,250472.52,260900.05,5.208559e+07,0.0070312503,501441.88
1204,273187.44,262128.78,6.046523e+07,0.0063720704,745647.0
1205,268513.25,262767.22,5.8087236e+07,0.0063354494,736295.7
1206,245159.66,261006.47,8.018087e+07,0.0060791015,475700.9
1207,251123.03,260018.12,8.095419e+07,0.0063598636,573240.3
1208,258699.84,259886.3,7.3015176e+07,0.0064331056,639312.7
1209,245537.02,258451.38,8.4244824e+07,0.005957031,486743.03
1210,256581.42,258264.38,7.613505e+07,0.0056152344,668713.4
1211,257558.28,258193.77,6.856641e+07,0.0068237307,634566.1
1212,243660.86,256740.47,8.071825e+07,0.006884766,374921.6
1213,239870.97,255053.52,9.825862e+07,0.0072998046,282762.5
1214,243092.97,253857.47,1.0130768e+08,0.0067016603,327424.16
1215,242217.39,252693.47,1.0337114e+08,0.006616211,355414.06
1216,241068.53,251530.97,1.0519654e+08,0.0068603517,379125.06
1217,238776.06,250255.48,1.0931877e+08,0.006225586,259086.67
1218,235921.12,248822.05,1.1687954e+08,0.0076171877,218542.47
1219,240434.19,247983.27,1.1152363e+08,0.0064941407,251738.81
1220,243102.88,247495.22,1.02514904e+08,0.0063354494,261881.48
1221,239771.28,246722.83,9.763274e+07,0.008093262,261076.12
1222,247211.25,246771.67,8.789093e+07,0.008386231,415514.88
1223,254091.05,247503.61,8.392343e+07,0.008007812,460345.22
1224,253588.72,248112.12,7.8863656e+07,0.008239746,564303.3
1225,252210.16,248521.92,7.248874e+07,0.007958985,538081.25
1226,253065.44,248976.28,6.7097776e+07,0.0075927735,499235.38
1227,251249.03,249203.56,6.085288e+07,0.007421875,367405.12
1228,250974.25,249380.62,5.504977e+07,0.007836915,371646.53
1229,254426.88,249885.25,5.183661e+07,0.0071044923,514647.2
1230,243341.58,249230.88,5.050671e+07,0.007678223,298588.12
1231,252041.72,249511.95,4.6167116e+07,0.0086425785,469234.12
1232,259773.03,250538.06,5.1026476e+07,0.008447266,532057.25
1233,257866.02,251270.86,5.075673e+07,0.008459473,521604.06
1234,261540.16,252297.78,5.5172316e+07,0.008093262,559848.06
1235,248237.11,251891.72,5.1139096e+07,0.008251953,348906.12
1236,253019.03,252004.45,4.613956e+07,0.0079956055,482445.47
1237,245413.27,251345.33,4.543554e+07,0.007348633,425316.7
1238,258282.38,252039.03,4.522302e+07,0.007421875,592394.9
1239,237416.27,250576.75,5.994499e+07,0.0075927735,279589.34
1240,239240.23,249443.1,6.551698e+07,0.007336426,281414.1
1241,238238.06,248322.6,7.026503e+07,0.008813477,246841.89
1242,246794.14,248169.75,6.344878e+07,0.008435058,481952.66
1243,247200.62,248072.84,5.7188428e+07,0.008398438,478546.22
1244,252239.14,248489.47,5.303181e+07,0.008398438,465229.88
1245,253737.9,249014.31,5.0207772e+07,0.008410645,471636.1
1246,257641.36,249877.02,5.188533e+07,0.0088623045,575375.7
1247,259838.1,250873.12,5.562687e+07,0.008483887,612992.2
1248,254852.36,251271.05,5.148927e+07,0.00847168,566636.8
1249,253870.9,251531.03,4.694868e+07,0.008508301,619229.06
1250,258452.39,252223.17,4.656528e+07,0.008288574,636047.3
1251,263436.28,253344.48,5.3224796e+07,0.00859375,596534.25
1252,256451.47,253655.19,4.8771116e+07,0.008825684,484809.78
1253,257146.5,254004.31,4.499104e+07,0.008703614,531689.56
1254,249943.66,253598.25,4.1975936e+07,0.008752442,508997.34
1255,250228.62,253261.28,3.880023e+07,0.00859375,491510.34
1256,263342.1,254269.36,4.406626e+07,0.008300781,663682.9
1257,253086.69,254151.1,3.9785516e+07,0.00847168,598995.5
1258,244531.25,253189.11,4.413569e+07,0.0080688475,472341.12
1259,237969.94,251667.19,6.0568204e+07,0.008435058,291431.5
1260,238827.88,250383.25,6.93477e+07,0.008215332,455965.1
1261,226407.72,247985.7,1.1414727e+08,0.009570313,198046.17
1262,230781.53,246265.28,1.29371064e+08,0.009448242,219824.5
1263,245580.5,246196.8,1.1647616e+08,0.008959961,408066.78
1264,238858.38,245462.95,1.0967526e+08,0.009020996,330211.97
1265,237968.53,244713.52,1.0376271e+08,0.009472656,326388.75
1266,230111.77,243253.34,1.1257544e+08,0.009558106,205055.8
1267,248319.0,243759.9,1.0362738e+08,0.009643555,518660.1
1268,247456.92,244129.61,9.449475e+07,0.009375,479052.3
1269,243007.12,244017.36,8.515867e+07,0.008996583,441143.25
1270,242359.48,243851.58,7.689018e+07,0.009533691,418686.62
1271,240658.06,243532.22,7.011902e+07,0.0107421875,391757.88
1272,242974.2,243476.42,6.3135144e+07,0.0108154295,294399.72
1273,243416.19,243470.4,5.6821956e+07,0.0107421875,349949.84
1274,239797.38,243103.11,5.2353964e+07,0.010070801,317479.2
1275,251044.45,243897.25,5.279441e+07,0.010327148,579876.4
1276,246957.6,244203.28,4.835788e+07,0.011047363,450959.5
1277,235471.44,243330.1,5.0384148e+07,0.009643555,260754.31
1278,235386.02,242535.69,5.1025484e+07,0.009973145,274513.12
1279,248280.62,243110.19,4.8893324e+07,0.0108154295,446795.0
1280,244077.53,243206.92,4.408821e+07,0.009960937,423632.8
1281,236553.47,242541.58,4.3663544e+07,0.0116088865,330858.4
1282,243290.88,242616.5,3.934772e+07,0.01159668,414158.16
1283,243767.47,242731.6,3.5532172e+07,0.011962891,363663.7
1284,240325.1,242490.94,3.2500166e+07,0.012292481,326476.2
1285,237190.5,241960.89,3.1778664e+07,0.0119750975,286863.22
1286,249752.28,242740.03,3.4064316e+07,0.011584473,430361.72
1287,259950.9,244461.12,5.731716e+07,0.011779785,559309.1
1288,257399.27,245754.94,6.665104e+07,0.011218262,580269.0
1289,258121.2,246991.56,7.3749144e+07,0.011083985,536899.06
1290,245748.38,246867.25,6.6513324e+07,0.011877442,412103.06
1291,243494.94,246530.02,6.0885516e+07,0.013085938,409395.47
1292,236504.6,245527.47,6.384278e+07,0.013464356,266707.66
1293,245477.86,245522.5,5.7458724e+07,0.011853027,360800.84
1294,243039.28,245274.17,5.2267824e+07,0.012927246,345115.22
1295,244482.42,245195.0,4.709746e+07,0.012854004,396707.16
1296,247007.25,245376.22,4.2683296e+07,0.012792969,477227.28
1297,243737.22,245212.31,3.8656736e+07,0.012487793,499898.1
1298,243950.22,245086.11,3.493442e+07,0.013110352,531184.94
1299,232429.31,243820.44,4.5858484e+07,0.01295166,237995.69
1300,234636.98,242902.1,4.8862856e+07,0.012683106,245053.53
1301,232874.98,241899.38,5.302543e+07,0.014245606,254512.1
1302,234387.25,241148.16,5.2801772e+07,0.014282227,296859.03
1303,230004.0,240033.73,5.8698892e+07,0.013171387,289003.4
1304,235801.25,239610.48,5.4441256e+07,0.013684082,342735.8
1305,225875.6,238237.0,6.5975384e+07,0.0137817385,175690.92
1306,227021.73,237115.47,7.069824e+07,0.0146484375,222832.9
1307,237589.23,237162.84,6.3648616e+07,0.013635254,442620.44
1308,241341.45,237580.7,5.885522e+07,0.013989258,440877.94
1309,237324.95,237555.12,5.2975584e+07,0.013476563,418321.06
1310,243893.05,238188.92,5.1293256e+07,0.0137084965,429348.1
1311,226877.05,237057.73,5.7680196e+07,0.015551758,175451.92
1312,231393.2,236491.28,5.4799996e+07,0.01616211,277397.75
1313,219888.44,234831.0,7.41289e+07,0.016088868,111865.08
1314,220092.48,233357.16,8.626615e+07,0.016003419,111181.71
1315,217748.94,231796.33,9.9565016e+07,0.01591797,109294.586
1316,220002.56,230616.95,1.0212687e+08,0.017919922,178704.1
1317,219263.0,229481.56,1.0351628e+08,0.01763916,120045.59
1318,222599.2,228793.33,9.742767e+07,0.017712403,189526.97
1319,218857.53,227799.75,9.656971e+07,0.018493652,145061.98
1320,220675.5,227087.33,9.148069e+07,0.017907714,152623.98
1321,217908.45,226169.44,8.991527e+07,0.020019531,115273.19
1322,220195.47,225572.05,8.413569e+07,0.019909669,124545.17
1323,227770.97,225791.94,7.61573e+07,0.01970215,353615.8
1324,225807.02,225793.44,6.854158e+07,0.019628907,222279.9
1325,228238.61,226037.95,6.2225524e+07,0.020690918,253528.48
1326,230271.62,226461.31,5.761613e+07,0.019213868,329341.34
1327,244023.14,228217.5,7.961212e+07,0.019555664,543177.5
1328,224026.45,227798.39,7.323174e+07,0.01920166,176083.58
1329,225870.72,227605.62,6.6243e+07,0.01986084,281272.75
1330,226649.47,227510.02,5.970098e+07,0.018811036,387422.03
1331,223046.28,227063.64,5.5524124e+07,0.021484375,165415.47
1332,223328.55,226690.12,5.1227292e+07,0.02034912,187758.77
1333,226973.44,226718.45,4.6111788e+07,0.019921875,240538.75
1334,236824.61,227729.06,5.0692704e+07,0.020678712,417863.97
1335,224131.88,227369.34,4.6788012e+07,0.019433593,264789.7
1336,232673.33,227899.75,4.464111e+07,0.01973877,401002.3
1337,221738.86,227283.66,4.3593092e+07,0.018615723,175988.33
1338,242969.7,228852.27,6.137847e+07,0.019189453,559789.8
1339,229774.88,228944.53,5.531723e+07,0.019726563,401485.34
1340,217843.78,227834.45,6.0875904e+07,0.018286133,152354.86
1341,217788.28,226829.84,6.3871616e+07,0.021704102,153213.47
1342,222884.8,226435.34,5.888516e+07,0.021411134,246335.5
1343,226251.27,226416.94,5.2999692e+07,0.02142334,435582.03
1344,214951.03,225270.34,5.953175e+07,0.02154541,102878.93
1345,216941.05,224437.4,5.9822524e+07,0.0220459,161838.03
1346,212271.45,223220.81,6.716121e+07,0.021533204,66240.69
1347,212093.0,222108.03,7.1589624e+07,0.022473145,86279.55
1348,210889.89,220986.22,7.5756856e+07,0.02199707,59390.363
1349,215861.16,220473.72,7.054513e+07,0.022766113,155516.05
1350,222164.12,220642.77,6.3747784e+07,0.022851562,294134.88
1351,220434.1,220621.9,5.7376924e+07,0.025878906,289188.88
1352,221997.9,220759.5,5.180963e+07,0.026098633,286236.88
1353,216706.34,220354.19,4.8107196e+07,0.027380371,241003.17
1354,219357.81,220254.55,4.3385824e+07,0.026879882,272919.5
1355,226479.55,220877.05,4.25348e+07,0.026635742,430148.1
1356,219876.6,220777.0,3.83714e+07,0.025415039,232406.58
1357,222082.34,220907.53,3.4687612e+07,0.02602539,311183.9
1358,221630.44,220979.83,3.1265884e+07,0.025939941,228006.4
1359,218546.44,220736.48,2.867222e+07,0.027282715,224474.42
1360,217382.58,220401.1,2.6817378e+07,0.027026368,235261.1
1361,215741.25,219935.11,2.6089912e+07,0.031140137,206434.53
1362,216174.9,219559.1,2.475344e+07,0.031445313,205631.7
1363,215838.4,219187.03,2.3524012e+07,0.032592773,209382.94
1364,225979.62,219866.3,2.5324148e+07,0.033374023,506097.88
1365,221806.81,220060.34,2.3130636e+07,0.03336182,397194.4
1366,214597.28,219514.03,2.3503628e+07,0.03450928,243111.03
1367,219327.66,219495.39,2.1156392e+07,0.03355713,320030.2
1368,226040.84,220149.94,2.2896618e+07,0.032995608,452954.38
1369,224623.53,220597.3,2.240813e+07,0.03284912,534816.44
1370,211858.72,219723.44,2.7039962e+07,0.034362793,161783.78
1371,209947.0,218745.8,3.2938052e+07,0.039416503,144152.17
1372,219954.72,218866.69,2.9775782e+07,0.04083252,374415.75
1373,214242.11,218404.23,2.8723008e+07,0.04145508,328079.8
1374,206041.94,217168.0,3.9605084e+07,0.041955568,117362.54
1375,213663.62,216817.56,3.674983e+07,0.04219971,246118.53
1376,210956.25,216231.44,3.6166796e+07,0.04140625,219536.42
1377,217417.14,216350.0,3.2676644e+07,0.041003417,376628.53
1378,212117.84,215926.78,3.1020984e+07,0.041955568,309552.66
1379,206142.75,214948.38,3.653434e+07,0.044555664,286023.16
1380,201383.8,213591.92,4.9440708e+07,0.04202881,69838.78
1381,204777.98,212710.53,5.148833e+07,0.048498537,145109.22
1382,201945.55,211634.03,5.6769132e+07,0.049450684,87175.37
1383,210897.72,211560.4,5.1141012e+07,0.047509767,356186.97
1384,202226.06,210626.97,5.3868604e+07,0.04807129,87915.97
1385,212997.83,210864.06,4.8987628e+07,0.04921875,433053.25
1386,204598.94,210237.55,4.7621524e+07,0.050732423,210601.33
1387,205324.73,209746.27,4.5031584e+07,0.051257323,220192.17
1388,201827.33,208954.38,4.6172284e+07,0.05062256,129840.945
1389,198109.56,207869.89,5.213995e+07,0.049938966,55837.027
1390,207046.0,207787.5,4.698705e+07,0.051745605,327548.03
1391,197822.25,206790.97,5.12259e+07,0.056311037,88473.26
1392,198382.25,205950.1,5.24669e+07,0.057543945,149992.77
1393,211712.94,206526.38,5.020914e+07,0.059570312,452530.22
1394,196523.9,205526.12,5.419267e+07,0.061328124,69583.5
1395,200000.4,204973.55,5.1521424e+07,0.06097412,234588.98
1396,193794.88,203855.69,5.7615924e+07,0.061340332,51786.16
1397,193289.33,202799.05,6.190265e+07,0.06478272,56368.25
1398,198750.12,202394.16,5.718782e+07,0.06708985,202469.33
1399,196300.06,201784.75,5.4811452e+07,0.06789551,130276.89
1400,199253.22,201531.6,4.9907084e+07,0.06893311,251172.83
1401,199376.47,201316.08,4.5334384e+07,0.074438475,247233.44
1402,192029.22,200387.39,4.8563064e+07,0.07784424,97382.82
1403,189791.27,199327.78,5.3811764e+07,0.07817383,66974.67
1404,189250.88,198320.1,5.7569548e+07,0.079919435,76033.26
1405,193766.73,197864.75,5.367857e+07,0.08236084,326776.53
1406,189018.98,196980.17,5.535299e+07,0.082092285,111670.78
1407,188101.9,196092.34,5.6911816e+07,0.08187256,77925.26
1408,187264.03,195209.52,5.823515e+07,0.08364258,66348.58
1409,188927.3,194581.3,5.59636e+07,0.08417969,135808.3
1410,184424.6,193565.62,5.9651516e+07,0.085791014,38047.06
1411,194134.27,193622.48,5.3715464e+07,0.09388428,228005.75
1412,188128.08,193073.05,5.106088e+07,0.09437256,132230.4
1413,191670.6,192932.8,4.613181e+07,0.095629886,261175.28
1414,184273.5,192066.88,4.8267136e+07,0.09487305,49320.215
1415,186212.72,191481.45,4.6524824e+07,0.09317627,115720.81
1416,183967.55,190730.06,4.695363e+07,0.09512939,68892.555
1417,184114.7,190068.53,4.6196932e+07,0.09793701,120692.984
1418,189979.88,190059.67,4.1577944e+07,0.09543457,251392.73
1419,194134.58,190467.16,3.8914588e+07,0.09786377,348610.88
1420,190502.11,190470.66,3.502324e+07,0.09980469,256022.64
1421,182159.1,189639.5,3.7738304e+07,0.106945805,66232.99
1422,184009.03,189076.45,3.6817668e+07,0.109021,125866.87
1423,180725.94,188241.4,3.94117e+07,0.107385255,44775.52
1424,184134.94,187830.77,3.698821e+07,0.107299805,173329.17
1425,183400.39,187387.73,3.505593e+07,0.10874023,197359.52
1426,182192.45,186868.2,3.397952e+07,0.10998535,98368.2
1427,182688.81,186450.27,3.2153626e+07,0.11270752,172084.47
1428,180150.6,185820.3,3.250999e+07,0.112780765,90547.69
1429,181729.77,185411.25,3.0764912e+07,0.116320804,142189.7
1430,188436.81,185713.81,2.8512282e+07,0.11419678,437429.62
1431,178004.95,184942.92,3.1009438e+07,0.119421385,37848.277
1432,179689.06,184417.53,3.0392766e+07,0.12576905,102174.13
1433,176207.98,183596.58,3.3419188e+07,0.130542,28777.771
1434,175863.22,182823.25,3.5459704e+07,0.13034669,22401.594
1435,180447.69,182585.69,3.2421628e+07,0.13486329,217598.94
1436,176539.53,181981.08,3.2469504e+07,0.13547364,51458.473
1437,177279.06,181510.88,3.121236e+07,0.13527833,115949.95
1438,176575.69,181017.36,3.028317e+07,0.14123535,84335.625
1439,177384.05,180654.03,2.8442938e+07,0.14156495,122711.73
1440,176640.14,180252.64,2.7048662e+07,0.1399292,114119.75
1441,173710.73,179598.45,2.8195484e+07,0.15090333,38368.17
1442,173692.69,179007.88,2.8514962e+07,0.15379639,52162.414
1443,171895.45,178296.62,3.0216254e+07,0.1555542,14485.491
1444,171749.94,177641.95,3.105195e+07,0.15811768,16151.992
1445,175027.58,177380.52,2.85619e+07,0.15921631,130193.49
1446,176387.38,177281.2,2.5794478e+07,0.16270752,202295.03
1447,174911.06,177044.19,2.372061e+07,0.16156006,108214.836
1448,177277.5,177067.52,2.1353448e+07,0.1607788,154175.08
1449,171527.66,176513.53,2.1980206e+07,0.16247559,35448.703
1450,170215.31,175883.7,2.3352266e+07,0.16427003,17284.66
1451,171508.66,175446.2,2.2739732e+07,0.17036133,72926.98
1452,169563.66,174857.95,2.358015e+07,0.17563477,20305.836
1453,168671.0,174239.25,2.4667188e+07,0.17850342,17775.1
1454,167805.77,173595.9,2.5925544e+07,0.18056642,9729.914
1455,167633.58,172999.67,2.6532432e+07,0.18126221,13910.946
1456,167532.53,172452.95,2.6569254e+07,0.18819581,17294.344
1457,166873.88,171895.05,2.6713678e+07,0.18914795,13303.381
1458,167124.19,171417.97,2.6090808e+07,0.1916626,31420.576
1459,166606.44,170936.81,2.5565302e+07,0.19445801,16631.477
1460,165869.77,170430.11,2.5319518e+07,0.19786377,9347.524
1461,165502.44,169937.34,2.497294e+07,0.20878907,10441.072
1462,165946.89,169538.3,2.390878e+07,0.21263428,30008.988
1463,169869.72,169571.44,2.1527788e+07,0.2178589,225660.14
1464,164653.39,169079.62,2.1551854e+07,0.21511231,10600.391
1465,164025.95,168574.25,2.1695232e+07,0.22122803,8205.174
1466,164014.53,168118.28,2.1396902e+07,0.22379151,12896.668
1467,163805.58,167687.02,2.0931158e+07,0.22647706,16561.963
1468,165791.22,167497.44,1.9161506e+07,0.22893067,102134.82
1469,165153.16,167263.02,1.7739964e+07,0.23104249,82790.76
1470,163444.03,166881.12,1.7278584e+07,0.23586427,31056.799
1471,162576.64,166450.67,1.7218298e+07,0.24562989,15763.631
1472,162922.5,166097.86,1.6616788e+07,0.25014648,35307.363
1473,162324.61,165720.53,1.6236477e+07,0.2525757,17292.648
1474,163133.66,165461.84,1.5215103e+07,0.24934082,38297.47
1475,163263.6,165242.02,1.4128499e+07,0.25129396,61261.902
1476,161833.78,164901.19,1.3761094e+07,0.25378418,10601.591
1477,161617.75,164572.84,1.3355271e+07,0.2540039,11493.335
1478,161622.84,164277.84,1.2802969e+07,0.25823975,17000.244
1479,162093.66,164059.42,1.1952032e+07,0.25974122,28871.908
1480,161580.5,163811.53,1.1309883e+07,0.2553955,12215.617
1481,161772.67,163607.64,1.055302e+07,0.2617676,25955.494
1482,166630.6,163909.94,1.032016e+07,0.26419678,230659.72
1483,162153.28,163734.27,9.565869e+06,0.26362306,43104.48
1484,161556.61,163516.5,9.036079e+06,0.26400146,19498.531
1485,161162.88,163281.14,8.63103e+06,0.26705322,21648.967
1486,161400.06,163093.03,8.086388e+06,0.26746827,26254.97
1487,160896.31,162873.36,7.7120505e+06,0.26359865,17399.129
1488,160856.03,162671.62,7.3071105e+06,0.26870117,26066.682
1489,160352.66,162439.73,7.0603845e+06,0.2716797,12958.776
1490,161086.3,162304.39,6.5192075e+06,0.27038574,34217.695
1491,163806.44,162454.6,6.0703395e+06,0.279834,154980.52
1492,164807.5,162689.89,5.9615605e+06,0.28051758,151034.31
1493,161228.53,162543.75,5.5576055e+06,0.28129885,32218.71
1494,161672.64,162456.64,5.0701395e+06,0.28288576,46047.266
1495,161144.55,162325.44,4.7180685e+06,0.28214112,42627.215
1496,160819.34,162174.83,4.4504105e+06,0.2798706,33226.25
1497,160017.56,161959.1,4.424211e+06,0.27982178,15120.648
1498,160876.38,161850.83,4.087295e+06,0.27908936,63550.43
1499,162123.66,161878.11,3.6852645e+06,0.2812378,94676.69
1500,159623.95,161652.69,3.7740478e+06,0.2789673,14166.311
1501,159101.81,161397.6,3.9822695e+06,0.28537598,7118.114
1502,159879.28,161245.77,3.7915172e+06,0.28630373,35051.367
1503,159496.81,161070.88,3.6876608e+06,0.2883911,27555.953
1504,160126.22,160976.4,3.3992082e+06,0.2871704,60698.65
1505,158630.17,160741.78,3.5547208e+06,0.28963622,11536.708
1506,158611.94,160528.8,3.6075098e+06,0.29125977,6913.236
1507,161028.69,160578.78,3.2692488e+06,0.29588625,104828.66
1508,158817.25,160402.62,3.221593e+06,0.2933716,23652.83
1509,158248.75,160187.23,3.3169595e+06,0.2958252,9947.7
1510,158706.64,160039.17,3.1825578e+06,0.29786378,14121.303
1511,158127.53,159848.0,3.1931952e+06,0.29501954,8143.417
1512,158763.36,159739.53,2.9797558e+06,0.29803467,30127.012
1513,158385.53,159604.12,2.8467785e+06,0.29919434,18745.725
1514,160781.97,159721.9,2.686959e+06,0.301416,100166.69
1515,159619.38,159711.66,2.4192092e+06,0.29907227,54996.14
1516,159130.94,159653.58,2.2076395e+06,0.29675293,28381.85
1517,158996.73,159587.89,2.0257055e+06,0.2930664,24383.012
1518,158022.58,159431.36,2.0436531e+06,0.28909913,8592.151
1519,157780.39,159266.27,2.0846006e+06,0.29553223,7006.163
1520,157998.22,159139.47,2.0208555e+06,0.30006105,14919.41
1521,157955.83,159021.11,1.9448604e+06,0.29959717,10880.845
1522,157652.6,158884.25,1.9189295e+06,0.29902345,7709.125
1523,157450.61,158740.89,1.9120158e+06,0.29995117,5955.7544
1524,157363.56,158603.16,1.891547e+06,0.29987794,6611.717
1525,162362.88,158979.12,2.9745858e+06,0.30317384,237744.08
1526,161311.95,159212.4,3.166915e+06,0.30018312,174897.7
1527,157511.9,159042.36,3.1104765e+06,0.2986084,12864.446
1528,157508.58,158888.98,3.0111525e+06,0.30275878,9242.97
1529,157960.19,158796.11,2.7876768e+06,0.30004883,21506.328
1530,156987.66,158615.27,2.8032542e+06,0.3041748,5385.6406
1531,157166.27,158470.36,2.7118928e+06,0.30784914,10411.836
1532,157042.2,158327.55,2.62427e+06,0.30611572,12472.924
1533,161001.77,158594.97,3.005473e+06,0.30828857,195998.52
1534,157197.23,158455.19,2.8807552e+06,0.30671388,20099.9
1535,156697.25,158279.39,2.8708108e+06,0.30981445,7004.5127
1536,157021.66,158153.62,2.7261002e+06,0.30842286,14970.603
1537,158687.31,158207.0,2.4791242e+06,0.3071533,93745.63
1538,157599.86,158146.28,2.2643875e+06,0.30532226,38820.26
1539,158088.92,158140.55,2.0382448e+06,0.30599365,66875.4
1540,156574.22,157983.9,2.0552246e+06,0.30529785,10027.3955
1541,163007.25,158486.23,4.1207605e+06,0.31052247,250624.45
1542,157694.42,158407.05,3.7651115e+06,0.30047607,33909.902
1543,157449.39,158311.28,3.4711398e+06,0.30269775,30612.47
1544,158809.72,158361.12,3.1463852e+06,0.30522463,83374.2
1545,157852.4,158310.25,2.8550382e+06,0.3010376,61422.69
1546,156463.83,158125.61,2.876369e+06,0.29890138,5376.821
1547,156964.14,158009.47,2.710143e+06,0.3059326,38492.594
1548,156415.33,157850.06,2.6678442e+06,0.30483398,9545.247
1549,156321.73,157697.23,2.6112808e+06,0.30395508,6250.1714
1550,156304.62,157557.97,2.524695e+06,0.3034668,15028.414
1551,155893.28,157391.5,2.521632e+06,0.3046753,4007.8901
1552,155891.97,157241.55,2.4718422e+06,0.30880126,4448.602
1553,156297.62,157147.16,2.3048468e+06,0.3074219,21152.312
1554,155586.44,156991.08,2.2935878e+06,0.31430665,6919.3887
1555,155720.34,156864.0,2.2095578e+06,0.31790772,12995.454
1556,155454.97,156723.1,2.1672852e+06,0.31899413,5844.691
1557,155319.7,156582.75,2.127812e+06,0.3163208,5938.9966
1558,155168.67,156441.34,2.0949964e+06,0.3225586,5249.7075
1559,155335.78,156330.78,1.9955009e+06,0.3251221,11221.981
1560,154936.38,156191.34,1.9709439e+06,0.3232666,3997.3955
1561,154967.81,156068.98,1.908582e+06,0.3272217,3917.462
1562,158204.97,156282.58,2.1283425e+06,0.328418,152196.33
1563,155506.97,156205.02,1.9696495e+06,0.3321289,28002.531
1564,154943.45,156078.86,1.9159231e+06,0.32901612,7925.1206
1565,155049.69,155975.94,1.8196584e+06,0.32823488,9265.024
1566,161602.05,156538.55,4.486472e+06,0.32471925,312558.72
1567,154739.17,156358.61,4.329222e+06,0.32419434,3784.279
1568,154664.16,156189.16,4.154705e+06,0.32114258,4331.9014
1569,154456.77,156015.92,4.0093402e+06,0.3289917,4377.698
1570,154429.94,155857.33,3.8347875e+06,0.33249512,5478.938
1571,154370.84,155708.69,3.6501758e+06,0.32658693,3858.305
1572,154356.83,155573.5,3.4496352e+06,0.33111572,4169.908
1573,154287.08,155444.86,3.253611e+06,0.33416748,4398.7075
1574,154320.31,155332.4,3.0420642e+06,0.3345215,4632.485
1575,154307.53,155229.92,2.832391e+06,0.33364257,4587.261
1576,157305.81,155437.52,2.9369908e+06,0.3269287,138764.42
1577,154176.78,155311.44,2.7863422e+06,0.32677004,5274.6787
1578,154035.88,155183.88,2.6541432e+06,0.32781982,3341.5254
1579,154048.19,155070.31,2.5048095e+06,0.33416748,3299.1323
1580,154014.12,154964.69,2.3547265e+06,0.334375,3915.544
1581,154014.0,154869.62,2.2005965e+06,0.3315552,4625.127
1582,154822.95,154864.95,1.9807328e+06,0.33256838,40131.152
1583,154004.1,154778.88,1.8493565e+06,0.33309326,8077.8887
1584,153928.7,154693.86,1.7294721e+06,0.33087158,6840.6387
1585,153693.88,154593.86,1.646522e+06,0.33427736,3786.3237
1586,153631.22,154497.6,1.5652708e+06,0.33631593,4672.2676
1587,153739.88,154421.83,1.460416e+06,0.34124756,4034.664
1588,153557.23,154335.38,1.3816514e+06,0.33912355,3617.324
1589,153450.16,154246.86,1.3140114e+06,0.33665773,3513.491
1590,153546.08,154176.78,1.2268086e+06,0.34244385,6282.658
1591,153592.12,154118.31,1.1348918e+06,0.33820802,7216.4414
1592,153371.66,154043.64,1.0715771e+06,0.3390381,3834.4653
1593,153286.81,153967.95,1.0159704e+06,0.33864745,3011.0464
1594,153235.27,153894.69,962688.1,0.33668214,2937.303
1595,153152.9,153820.52,915940.8,0.3386963,3367.9858
1596,153113.66,153749.83,869315.2,0.34136963,4185.1626
1597,153021.56,153677.0,830117.0,0.3399048,3440.3118
1598,153105.83,153619.88,776466.6,0.3414795,3300.1897
1599,153045.03,153562.39,728560.06,0.34191895,3160.329
1600,153044.6,153510.61,679834.25,0.33618164,3228.742
1601,153044.75,153464.03,631383.06,0.33985597,4827.9375
1602,152880.1,153405.64,598933.25,0.3440674,2836.546
1603,152872.78,153352.36,564594.44,0.33653566,3108.3042
1604,152785.12,153295.64,537092.94,0.3411255,3285.725
1605,152757.94,153241.88,509404.8,0.34344482,3280.204
1606,152612.78,153178.97,494082.6,0.34299317,2730.4927
1607,152717.45,153132.81,463844.0,0.3402466,7583.5093
1608,153094.66,153129.0,417590.62,0.33914796,27480.545
1609,152505.66,153066.67,410801.72,0.34057617,3437.2375
1610,152495.53,153009.56,399079.7,0.34451905,3271.6697
1611,152423.94,152951.0,390037.8,0.34392092,2813.1392
1612,152338.52,152889.75,384796.38,0.34366456,2717.6572
1613,152250.12,152825.78,383137.53,0.34504396,3322.694
1614,152381.78,152781.38,362566.0,0.34604493,12509.125
1615,152139.97,152717.23,363335.56,0.3456543,3037.338
1616,152005.03,152646.02,372653.0,0.34785157,2968.113
1617,152068.9,152588.31,365362.66,0.35375977,2912.0344
1618,151866.12,152516.1,375766.3,0.3494385,2888.4822
1619,151894.75,152453.95,372935.8,0.35083008,2955.2947
1620,151841.1,152392.67,369445.9,0.35239258,2587.247
1621,151869.06,152340.31,357176.3,0.35079345,3182.4243
1622,151874.16,152293.7,341015.8,0.3534546,3278.411
1623,151804.44,152244.78,328458.5,0.35316163,3149.485
1624,154299.44,152450.25,675557.75,0.34747314,110850.31
1625,151896.5,152394.88,635599.44,0.34986573,3126.7007
1626,151802.56,152335.64,603614.56,0.34423828,3713.3826
1627,151618.88,152263.97,589490.9,0.35322267,2904.7583
1628,151481.61,152185.73,585629.56,0.34919435,2797.2458
1629,151472.48,152114.4,572851.9,0.3524414,2876.51
1630,151396.94,152042.66,561895.2,0.35209963,2688.8262
1631,151367.0,151975.1,546791.7,0.3477417,2462.9124
1632,151293.53,151906.94,533920.0,0.3518555,2639.95
1633,151283.4,151844.58,515519.2,0.35125732,2686.6204
1634,151232.52,151783.38,497683.12,0.35200197,2635.3025
1635,151194.25,151724.47,479150.94,0.35355225,2606.2961
1636,151045.52,151656.58,472723.8,0.35319826,2545.7505
1637,151007.53,151591.67,463365.0,0.35173342,2724.373
1638,151012.23,151533.73,447245.78,0.35643312,2814.0884
1639,150979.81,151478.34,430135.84,0.35548097,2819.1128
1640,150828.12,151413.33,425172.84,0.35583496,2364.2368
1641,150866.19,151358.61,409598.2,0.3559204,2361.544
1642,150907.08,151313.45,386987.62,0.35809326,3276.0886
1643,150873.92,151269.5,365675.75,0.35643312,3571.9065
1644,151338.97,151276.45,329542.5,0.35435793,24109.715
1645,151329.94,151281.8,296845.7,0.35228273,26580.982
1646,150809.89,151234.61,287203.72,0.3546997,3443.0583
1647,150698.36,151180.98,284364.1,0.35684815,2807.5012
1648,150641.53,151127.03,282118.56,0.35703126,3108.1377
1649,150598.1,151074.14,279086.44,0.35445556,2850.2937
1650,153297.23,151296.45,695970.9,0.3578125,124406.49
1651,151425.88,151309.39,627881.25,0.3561035,33045.746
1652,150805.27,151258.98,587965.9,0.3508667,10196.842
1653,151193.28,151252.4,529557.8,0.3555542,27349.848
1654,151093.17,151236.48,478884.03,0.35030517,21293.842
1655,150472.4,151160.08,483539.0,0.35543212,3608.6035
1656,150602.1,151104.28,463206.28,0.35736084,10248.786
1657,150368.1,151030.66,465663.12,0.35728762,2616.5247
1658,150208.69,150948.45,479903.72,0.3553345,2634.922
1659,150352.0,150888.81,463931.4,0.35854492,3071.5198
1660,150417.9,150841.72,437496.0,0.35753176,3750.0593
1661,150341.28,150791.67,416285.78,0.3532959,2735.7344
1662,150350.12,150747.52,392203.94,0.35648194,5086.9834
1663,150372.38,150710.0,365649.28,0.35560304,8484.603
1664,150202.19,150659.22,352292.97,0.35944825,3424.1936
1665,150161.67,150609.47,339343.4,0.35264894,2603.1255
1666,150132.11,150561.73,325917.53,0.3532593,2266.3513
1667,150095.02,150515.06,312930.12,0.35360107,4158.9067
1668,150081.92,150471.75,298522.1,0.35620117,2536.4033
1669,150027.98,150427.38,286393.38,0.35579833,2719.204
1670,150068.97,150391.53,269314.97,0.35744628,4034.9646
1671,149958.0,150348.17,259298.9,0.35628662,2987.7783
1672,149853.38,150298.69,255403.17,0.36428222,3498.9985
1673,149725.12,150241.33,259470.5,0.36326906,2574.735
1674,149750.48,150192.25,255206.92,0.36357424,2185.1675
1675,149810.19,150154.05,242823.67,0.36140138,2292.0183
1676,149735.75,150112.22,234288.81,0.35999757,2328.7937
1677,149694.12,150070.4,226592.14,0.3604126,2290.7266
1678,149720.03,150035.38,214981.56,0.36026612,2647.6624
1679,149732.38,150005.08,201746.22,0.3612671,3117.2896
1680,149659.23,149970.5,192336.31,0.360083,2306.027
1681,149643.92,149937.84,182701.47,0.3640747,3047.4475
1682,149611.75,149905.23,174001.67,0.3637085,4033.327
1683,149538.45,149868.56,168709.06,0.3621094,2584.5623
1684,149612.02,149842.9,157761.61,0.36462402,3657.2979
1685,149605.33,149819.16,147065.36,0.3663086,2920.3337
1686,149452.28,149782.47,144472.58,0.35942385,2643.7327
1687,149446.78,149748.9,140167.06,0.36621094,2251.7454
1688,149427.6,149716.78,135442.11,0.36435547,2361.0022
1689,149486.75,149693.78,126660.19,0.3671753,3773.3281
1690,149480.16,149672.42,118101.375,0.3659424,3305.8965
1691,149535.75,149658.75,107972.37,0.36555177,6639.9185
1692,149950.98,149687.97,104861.21,0.36520997,17552.9
1693,151015.94,149820.77,253090.17,0.36204836,73126.62
1694,149354.72,149774.16,247329.11,0.3587036,2477.8403
1695,149291.31,149725.88,243578.61,0.36478272,2184.611
1696,149341.2,149687.4,232538.27,0.3692871,2351.8582
1697,149253.6,149644.03,226221.83,0.36453858,1912.7018
1698,149207.28,149600.36,220767.2,0.3641846,1993.9446
1699,149243.27,149564.66,210166.9,0.36704102,2563.6653
1700,149216.66,149529.86,200049.58,0.36939698,2211.7578
1701,149213.62,149498.23,189045.0,0.3687744,2277.3079
1702,149219.58,149470.38,177128.94,0.36619875,3076.9932
1703,149029.23,149426.27,176930.48,0.36704102,1926.092
1704,148931.72,149376.81,181249.33,0.37211916,1851.7911
1705,149044.31,149343.56,173074.45,0.3732666,2067.242
1706,149051.47,149314.36,163445.69,0.374292,2090.76
1707,149029.8,149285.9,154388.94,0.37160644,1982.9241
1708,149002.89,149257.61,146158.84,0.37436524,2299.1506
1709,149163.78,149248.22,132335.3,0.3737671,5314.3984
1710,149080.44,149231.44,121635.32,0.36807862,3302.0046
1711,149121.81,149220.47,110553.375,0.3692383,3852.9807
1712,148987.1,149197.12,104399.79,0.36875,2168.5789
1713,148930.58,149170.47,100354.06,0.36810303,1976.3086
1714,148954.58,149148.88,94513.44,0.37598878,2218.6772
1715,148849.5,149118.94,93128.375,0.37352297,1852.9395
1716,148948.69,149101.9,86424.195,0.36914062,1898.8329
1717,148967.94,149088.52,79397.06,0.37158203,2094.9465
1718,148906.28,149070.3,74446.195,0.3687378,2052.8245
1719,148888.22,149052.1,69985.29,0.37147218,1914.5038
1720,148813.08,149028.19,68128.32,0.37131348,1838.5798
1721,148821.17,149007.48,65172.48,0.3718872,2203.1633
1722,150051.33,149111.88,156720.11,0.3742554,43630.52
1723,149086.62,149109.34,141105.47,0.37041017,8716.915
1724,148957.62,149094.17,129066.59,0.3730347,7740.161
1725,149045.81,149089.34,116370.41,0.37219238,10266.199
1726,149041.89,149084.6,104936.02,0.37128907,6670.135
1727,148903.1,149066.44,97407.22,0.3687256,3127.1836
1728,149249.34,149084.73,90677.414,0.3729004,13846.27
1729,148925.22,149068.78,83899.74,0.37156984,2515.6272
1730,148864.94,149048.39,79249.47,0.37078857,2225.9124
1731,149117.67,149055.31,71756.516,0.3672119,11633.559
1732,148820.72,149031.86,69533.945,0.36988527,2141.0112
1733,148783.1,149006.98,68150.13,0.36867675,2633.1301
1734,148895.1,148995.8,62461.875,0.37060547,3948.7239
1735,148880.77,148984.3,57406.582,0.36507568,4786.4697
1736,148775.6,148963.42,55586.05,0.37121582,1901.0621
1737,148853.06,148952.39,51123.57,0.37197265,3957.461
1738,148761.88,148933.34,49277.87,0.37043458,1835.2465
1739,148740.95,148914.11,47681.355,0.3689087,1875.6271
1740,148713.86,148894.08,46522.227,0.3748413,1788.6157
1741,148694.56,148874.12,45452.586,0.37086183,2035.4479
1742,148715.6,148858.27,43169.22,0.37539062,1821.7667
1743,148741.78,148846.62,40073.47,0.37330323,1839.7289
1744,148730.72,148835.03,37275.203,0.37138674,2226.5535
1745,148779.77,148829.5,33822.57,0.37365723,3902.3455
1746,148655.94,148812.14,33151.47,0.3727417,1890.5149
1747,148693.8,148800.31,31096.793,0.37368163,1852.598
1748,148725.03,148792.78,28497.166,0.37631837,1806.7496
1749,148724.53,148785.95,26066.674,0.36749268,2099.8308
1750,148755.56,148782.9,23543.129,0.37209472,2343.7188
1751,148622.72,148766.89,23498.219,0.37347412,1804.1427
1752,148599.98,148750.2,23655.588,0.3774414,1921.0734
1753,148540.84,148729.27,25234.85,0.37993166,1687.6964
1754,148637.69,148720.11,23466.154,0.38098145,2270.0547
1755,148571.72,148705.27,23101.318,0.373584,1762.8126
1756,148619.7,148696.7,21450.07,0.37122804,1817.8145
1757,148569.47,148683.98,20762.037,0.3697388,1707.62
1758,148590.22,148674.61,19477.111,0.3761963,1624.4095
1759,148606.69,148667.81,17944.604,0.37563476,1738.1268
1760,148559.97,148657.03,17196.867,0.37365723,1952.8724
1761,148615.22,148652.84,15634.525,0.3786621,2188.6042
1762,148593.88,148646.95,14384.031,0.37611085,3687.911
1763,148506.53,148632.9,14720.274,0.3753662,1842.5254
1764,148625.94,148632.2,13252.617,0.38135988,1780.7819
1765,148563.27,148625.31,12355.069,0.37598878,1916.0974
1766,148488.75,148611.66,12798.001,0.37816164,1963.9342
1767,148532.94,148603.78,12075.898,0.3737793,1802.47
1768,148588.86,148602.28,10888.349,0.38009033,2734.8174
1769,149117.78,148653.83,33716.137,0.3764038,26618.299
1770,148636.64,148652.11,30371.111,0.37486574,2139.9978
1771,148515.56,148638.45,29012.055,0.37110597,1930.1025
1772,148498.38,148624.44,27876.816,0.37695312,1766.3824
1773,148551.0,148617.1,25574.51,0.3826416,3085.437
1774,148479.69,148603.36,24716.303,0.38120118,1753.7839
1775,148451.97,148588.22,24307.393,0.37974855,1831.4247
1776,148445.25,148573.92,23716.258,0.38358155,2320.7625
1777,148476.16,148564.14,22204.863,0.3820923,1856.9761
1778,148440.31,148551.75,21364.383,0.3777832,1884.337
1779,148492.31,148545.81,19545.896,0.38200685,3508.418
1780,148475.1,148538.73,18041.408,0.38339844,2135.4014
1781,148462.84,148531.14,16755.613,0.3802124,2312.7346
1782,148457.0,148523.72,15574.767,0.38585207,1699.8804
1783,148486.44,148519.98,14142.38,0.38188478,1771.1147
1784,148555.58,148523.55,12842.164,0.37821046,3004.0056
1785,148512.28,148522.42,11569.369,0.37596437,1933.0336
1786,148537.0,148523.88,10431.559,0.38026124,5387.0913
1787,148446.11,148516.1,9932.677,0.37987062,2161.8958
1788,148510.12,148515.5,8942.615,0.37833253,5177.5737
1789,148390.25,148502.97,9460.233,0.3786133,1667.7023
1790,148511.84,148503.86,8521.299,0.3796753,1738.7783
1791,148511.75,148504.66,7674.7725,0.37929687,2020.1824
1792,148488.27,148503.02,6931.4736,0.3779663,2928.6282
1793,148416.19,148494.33,6916.847,0.38431397,1936.0809
1794,148502.5,148495.14,6231.1724,0.37628174,2113.6843
1795,148461.25,148491.75,5711.427,0.37790528,1907.4562
1796,148465.75,148489.16,5201.124,0.37471923,1989.0414
1797,148391.03,148479.34,5547.5776,0.37657472,1776.5797
1798,148446.03,148476.02,5092.695,0.38120118,2051.2034
1799,148417.69,148470.19,4889.6206,0.3803711,1967.983
1800,148469.4,148470.11,4400.7134,0.37918702,2368.0222
1801,148469.88,148470.1,3960.6467,0.3826294,4729.4897
1802,148464.78,148469.56,3567.122,0.37869874,2343.8025
1803,148439.47,148466.55,3291.917,0.3787964,1787.6978
1804,148387.72,148458.66,3521.9736,0.38277587,2226.2258
1805,148384.75,148451.27,3661.3682,0.38305664,1757.2875
1806,148467.12,148452.84,3317.868,0.38475344,3265.381
1807,148339.84,148441.55,4135.291,0.3789917,1612.9001
1808,148385.75,148435.97,4001.958,0.3826172,1626.1173
1809,148411.1,148433.48,3657.451,0.37858889,1921.8478
1810,148421.81,148432.31,3303.9668,0.3789917,2022.8914
1811,148439.81,148433.06,2978.6326,0.3781128,1968.9672
1812,148434.72,148433.23,2681.016,0.37774658,3188.34
1813,148356.73,148425.58,2939.617,0.38270265,1513.2689
1814,148409.45,148423.97,2669.0564,0.3796509,1653.7709
1815,148507.25,148432.3,3026.3696,0.37927246,5797.9097
1816,148401.1,148429.17,2811.3599,0.38223878,3606.1995
1817,148333.06,148419.56,3361.555,0.38236085,1715.1697
1818,148308.25,148408.44,4140.542,0.3845459,1851.9023
1819,148409.23,148408.52,3726.545,0.38734132,1891.3337
1820,148654.34,148433.1,8792.722,0.37893066,8603.408
1821,148416.25,148431.4,7938.9834,0.3779419,2152.8452
1822,148419.48,148430.22,7157.8765,0.3815918,2551.2744
1823,148394.1,148426.61,6559.54,0.3774414,2166.7292
1824,148382.22,148422.17,6080.933,0.37963867,1618.7546
1825,148356.1,148415.56,5865.808,0.382605,1846.9421
1826,148383.06,148412.31,5374.2896,0.37958986,3288.92
1827,148410.34,148412.11,4837.2095,0.38615724,2218.8818
1828,148351.78,148406.08,4681.042,0.37802735,1881.4993
1829,148320.9,148397.56,4865.82,0.38065186,1609.2666
1830,148270.38,148384.84,5835.137,0.3820679,1737.0823
1831,148308.17,148377.17,5780.6953,0.38041994,1984.7313
1832,148407.0,148380.16,5282.7,0.38481447,2307.265
1833,148442.2,148386.36,5100.9136,0.37750244,3429.7341
1834,148301.11,148377.83,5244.903,0.3799927,1569.1083
1835,148354.34,148375.48,4770.049,0.37886962,1819.5334
1836,148322.47,148370.19,4546.003,0.37923583,1937.6034
1837,148343.06,148367.47,4157.6216,0.38153076,2671.0889
1838,148329.75,148363.7,3869.9028,0.38082275,2777.4534
1839,148295.14,148356.84,3905.9858,0.3802124,1548.6141
1840,148325.44,148353.7,3604.159,0.38101807,1874.2059
1841,148397.06,148358.03,3412.9463,0.38424072,1960.0938
1842,148332.34,148355.47,3131.0378,0.37963867,1416.7009
1843,148327.36,148352.66,2889.0464,0.3782837,1548.9374
1844,148333.3,148350.72,2633.8723,0.38337404,2326.3254
1845,148284.06,148344.05,2770.36,0.38399658,1758.6227
1846,148229.78,148332.62,3668.421,0.38394776,1582.4069
1847,148333.4,148332.7,3301.6335,0.38314208,1941.6697
1848,148335.0,148332.94,2971.9448,0.38117677,1599.7542
1849,148299.28,148329.58,2776.6973,0.38414308,1637.4901
1850,148331.66,148329.78,2499.4163,0.37807617,2433.1145
1851,148308.02,148327.61,2292.1113,0.37963867,1822.3094
1852,148297.1,148324.56,2146.7085,0.38587648,1742.9957
1853,148300.66,148322.17,1983.4734,0.37902832,1856.713
1854,148323.05,148322.27,1785.195,0.38336182,4257.526
1855,149037.48,148393.78,47645.082,0.3850586,32989.914
1856,148236.08,148378.02,45118.9,0.38212892,2289.1748
1857,148233.22,148363.53,42493.96,0.38703614,1494.7529
1858,148310.25,148358.2,38500.066,0.3866089,2572.3623
1859,148272.55,148349.64,35310.387,0.38724366,2412.9204
1860,148278.0,148342.47,32241.262,0.3871704,1852.6412
1861,148273.92,148335.61,29440.016,0.38215333,1741.7699
1862,148290.6,148331.11,26678.39,0.38311768,1506.8306
1863,148223.92,148320.39,25044.576,0.3812256,1375.0305
1864,148225.02,148310.86,23358.793,0.38823244,1703.8193
1865,148258.0,148305.58,21274.385,0.3834961,1611.0402
1866,148278.58,148302.88,19212.557,0.3849121,2632.5457
1867,148193.5,148291.94,18367.96,0.3824463,1421.7872
1868,148139.94,148276.73,18610.525,0.3859497,1410.4213
1869,148211.67,148270.23,17130.453,0.3831543,1840.2427
1870,148215.3,148264.73,15689.039,0.38155517,1605.2202
1871,148219.25,148260.19,14306.329,0.38441163,1473.0521
1872,148251.62,148259.33,12882.295,0.38605958,1634.7944
1873,148260.27,148259.42,11594.145,0.3821411,1778.2505
1874,148261.39,148259.62,10435.079,0.3855469,1853.0457
1875,148274.06,148261.06,9410.33,0.38291016,1883.3485
1876,148232.22,148258.17,8544.174,0.3787964,1777.4504
1877,148226.5,148255.0,7780.0356,0.38754883,1674.2803
1878,148170.33,148246.53,7647.2715,0.38773194,1659.9479
1879,148234.73,148245.34,6895.069,0.38826904,2086.4678
1880,148273.38,148248.14,6276.2793,0.38304445,2555.3557
1881,148181.39,148241.47,6049.652,0.3849121,1696.6246
1882,148140.9,148231.4,6354.84,0.38649902,1365.3699
1883,148157.56,148224.02,6210.1167,0.3835083,1428.6526
1884,148226.08,148224.22,5589.488,0.38603517,1516.168
1885,148258.19,148227.61,5134.3877,0.3880127,1616.1703
1886,148218.4,148226.69,4628.572,0.384375,1495.3695
1887,148256.03,148229.62,4243.2095,0.3862427,1602.7637
1888,148219.1,148228.58,3828.87,0.38693848,1729.9435
1889,148191.69,148224.89,3568.4656,0.3862427,2048.5466
1890,148250.95,148227.5,3272.7517,0.38652346,3590.4644
1891,148206.22,148225.38,2986.2366,0.38843995,1877.7107
1892,148231.9,148226.03,2691.452,0.386084,1927.996
1893,148173.34,148220.77,2672.1443,0.3845459,1526.0757
1894,148299.12,148228.6,2957.547,0.38997802,5860.549
1895,148219.47,148227.69,2669.2864,0.38358155,2050.995
1896,148213.31,148226.25,2420.9553,0.38569337,1532.8555
1897,148225.53,148226.17,2178.9062,0.38259277,1755.8977
1898,148172.38,148220.8,2221.4849,0.38737795,1542.8578
1899,148253.5,148224.06,2095.5908,0.38847658,1768.7057
1900,148207.86,148222.44,1909.6604,0.38088378,1641.3225
1901,148193.28,148219.52,1795.2021,0.38668212,1579.7666
1902,148199.47,148217.52,1651.8508,0.38388672,3703.5547
1903,148216.03,148217.38,1486.864,0.38155517,1476.9987
1904,148176.83,148213.31,1486.142,0.38500977,1654.3317
1905,148137.28,148205.7,1857.7953,0.38687745,1481.9951
1906,148153.69,148200.5,1915.5221,0.38861084,1782.9382
1907,148175.88,148198.03,1778.5449,0.3848633,1572.0239
1908,148128.58,148191.1,2034.8265,0.38605958,1364.0507
1909,148156.75,148187.66,1937.4983,0.38806152,1520.8455
1910,148152.83,148184.17,1852.9182,0.38859865,1561.7867
1911,148128.75,148178.62,1944.069,0.38549805,1484.7307
1912,148111.08,148171.88,2160.2944,0.38791505,1401.8273
1913,148165.64,148171.25,1947.763,0.38386232,1513.7874
1914,148170.56,148171.19,1753.0292,0.38569337,1716.6217
1915,148276.47,148181.72,2575.299,0.38703614,3881.7947
1916,148163.94,148179.94,2346.2246,0.38513184,1413.9744
1917,148183.25,148180.27,2112.5896,0.38952637,1489.1128
1918,148220.38,148184.28,2046.1191,0.3853638,1710.174
1919,148138.25,148179.67,2032.206,0.38540038,1494.238
1920,148157.72,148177.47,1872.3599,0.38565674,1522.0392
1921,148135.19,148173.23,1846.0173,0.38588867,1606.9034
1922,148121.73,148168.08,1900.1182,0.3838501,1367.4115
1923,148139.9,148165.27,1781.5353,0.384021,1441.6858
1924,148113.81,148160.12,1841.6499,0.3876587,1391.9438
1925,148176.72,148161.78,1682.2666,0.39017335,1485.966
1926,148156.16,148161.22,1516.8876,0.38586426,1742.7356
1927,148142.92,148159.39,1395.3286,0.38797608,1451.8857
1928,148188.4,148162.3,1331.5674,0.39007568,1864.7369
1929,148181.44,148164.22,1231.3833,0.38542482,1688.2695
1930,148189.17,148166.72,1164.2842,0.3833252,1809.6227
1931,148110.86,148161.12,1328.68,0.38414308,1523.8049
1932,148113.84,148156.39,1397.0084,0.38586426,1395.6654
1933,148149.44,148155.69,1261.6587,0.38552245,1787.2318
1934,148155.06,148155.62,1135.528,0.38239747,2120.916
1935,148122.36,148152.3,1121.5692,0.38327637,1423.0396
1936,148088.12,148145.88,1380.0349,0.3840576,1491.4954
1937,148126.47,148143.94,1275.9257,0.3836548,1454.553
1938,148131.45,148142.69,1162.3604,0.38967285,1469.3453
1939,148128.47,148141.27,1064.3198,0.3880127,1936.2009
1940,148193.81,148146.52,1206.3936,0.3912964,2288.2544
1941,148099.67,148141.83,1283.2445,0.38573,1408.5659
1942,148174.39,148145.08,1250.3485,0.38513184,1842.9943
1943,148218.72,148152.44,1613.3784,0.38529053,2588.4812
1944,148285.22,148165.72,3038.8179,0.38666993,4235.1367
1945,148505.64,148199.72,13134.155,0.38616943,15592.058
1946,148326.17,148212.36,13259.875,0.3859497,9871.696
1947,148148.38,148205.97,12302.348,0.38548586,1805.9598
1948,148163.25,148201.7,11236.353,0.38688967,1605.2959
1949,148181.88,148199.72,10148.101,0.38251954,1750.8418
1950,148109.48,148190.69,9866.093,0.3859375,1396.1969
1951,148122.11,148183.83,9302.75,0.38878176,1509.2089
1952,148107.97,148176.25,8890.394,0.38843995,1635.2466
1953,148160.72,148174.7,8023.064,0.39136964,3605.5105
1954,148654.67,148222.7,27954.057,0.38343507,23673.838
1955,148262.34,148226.67,25300.074,0.38619384,5879.4033
1956,148155.06,148219.52,23231.578,0.38533935,2984.6528
1957,148125.3,148210.1,21707.365,0.3876465,2295.9302
1958,148109.52,148200.03,20447.064,0.38391113,1334.8181
1959,148094.69,148189.5,19401.115,0.38916016,1387.3191
1960,148140.5,148184.6,17677.094,0.38874513,1607.6306
1961,148106.69,148176.8,16455.627,0.3873169,1465.0281
1962,148113.7,148170.48,15168.338,0.38840333,1338.2643
1963,148135.62,148167.0,13760.869,0.3904175,2850.7783
1964,148102.14,148160.52,12763.389,0.3876587,2410.4622
1965,148045.28,148149.0,12682.156,0.3912842,1527.833
1966,148071.4,148141.23,11955.812,0.38614503,1524.802
1967,148106.6,148137.77,10868.228,0.38955078,1592.2069
1968,148145.4,148138.53,9786.658,0.3873047,2110.6318
1969,148141.56,148138.83,8808.819,0.39072266,1566.6342
1970,148139.78,148138.92,7928.019,0.38496095,1507.691
1971,148099.38,148134.97,7275.973,0.3845337,1379.8304
1972,148122.78,148133.75,6561.7437,0.38894042,1723.4128
1973,148114.6,148131.83,5938.5957,0.39056396,1516.7837
1974,148107.34,148129.38,5398.6895,0.391687,1457.0994
1975,148142.81,148130.72,4875.0713,0.385437,1824.9292
1976,148128.14,148130.47,4388.162,0.3869873,3081.8503
1977,148077.66,148125.19,4200.37,0.39155275,2142.4536
1978,148144.03,148127.08,3812.291,0.3888916,2681.285
1979,148091.84,148123.56,3542.7932,0.38547364,1887.2639
1980,148113.16,148122.52,3198.26,0.38743898,1833.6154
1981,148043.27,148114.6,3443.6846,0.38566896,1426.0055
1982,148053.1,148108.44,3439.7185,0.3879883,1621.5364
1983,148081.81,148105.78,3159.5469,0.39169922,1394.9738
1984,148146.03,148109.81,2989.3977,0.38808593,1553.209
1985,148106.69,148109.5,2691.3367,0.38460693,1780.5813
1986,148032.9,148101.84,2950.1973,0.38547364,1465.0833
1987,147979.72,148089.62,3997.484,0.3894043,1286.6993
1988,148086.14,148089.28,3598.8281,0.39002687,1436.121
1989,148174.72,148097.83,3895.906,0.38531494,3667.4783
1990,148053.61,148093.4,3682.2922,0.3869629,1404.3652
1991,148063.81,148090.45,3392.884,0.38771972,1401.1024
1992,148111.44,148092.55,3093.2266,0.38814697,1483.0343
1993,148056.7,148088.97,2899.5337,0.38386232,1481.2285
1994,148059.28,148086.0,2688.9016,0.38632813,1354.977
1995,148094.22,148086.83,2426.0908,0.38946533,1352.4264
1996,148030.28,148081.17,2471.261,0.38779297,1268.5464
1997,148021.3,148075.19,2546.7864,0.39190674,1342.9403
1998,148123.53,148080.02,2502.4485,0.39167482,3423.468
1999,148177.17,148089.73,3101.744,0.39224854,3637.5186
2000,148090.31,148089.8,2791.5996,0.38573,1603.9022
2001,148203.0,148101.12,3665.7847,0.38742676,3547.7874
2002,148047.08,148095.72,3562.1018,0.3833252,1365.5481
2003,148064.39,148092.6,3294.2222,0.3897461,1278.4019
2004,148026.69,148086.0,3355.7268,0.38535157,1283.531
2005,148075.19,148084.92,3030.6758,0.38913575,1311.3658
2006,148062.56,148082.69,2772.6028,0.3874634,1267.5437
2007,148093.42,148083.77,2505.713,0.38618165,1461.3969
2008,148090.02,148084.39,2258.6572,0.38813478,1650.1733
2009,148058.9,148081.84,2091.2422,0.38875732,1703.0527
2010,148028.28,148076.48,2140.3225,0.38929445,1283.1436
2011,148034.25,148072.27,2086.8271,0.38778076,1410.1127
2012,148076.88,148072.72,1880.0564,0.39140627,1407.5529
2013,148541.6,148119.61,21477.99,0.38736573,21229.139
2014,148049.42,148112.6,19773.557,0.38460693,1473.5734
2015,148047.78,148106.11,18174.26,0.3880249,1418.7395
2016,148025.02,148098.0,16948.691,0.39023438,1538.0835
2017,147990.72,148087.27,16289.655,0.38814697,1397.0093
2018,147991.94,148077.73,15478.56,0.39018556,1269.9104
2019,147995.6,148069.52,14537.94,0.38914797,1288.2378
2020,148012.72,148063.84,13374.476,0.38813478,1259.0217
2021,148048.05,148062.27,12059.486,0.3866211,1372.2351
2022,148027.16,148058.75,10964.478,0.38946533,1329.3392
2023,148026.22,148055.5,9963.274,0.38885498,1650.1621
2024,148048.53,148054.8,8971.317,0.38776857,1578.7651
2025,148048.88,148054.2,8077.342,0.38719484,1462.1567
2026,148899.81,148138.77,71624.58,0.38653564,38959.125
2027,148163.22,148141.22,64515.938,0.38482666,6837.521
2028,148139.39,148141.03,58064.645,0.3876587,2127.403
2029,148028.08,148129.73,53406.434,0.39086914,1294.4307
2030,147978.44,148114.61,50125.957,0.38773194,1256.8184
2031,147969.3,148100.08,47013.777,0.39274904,1288.6565
2032,148024.16,148092.48,42831.17,0.3920044,1317.5502
2033,148020.47,148085.28,39014.816,0.38883057,1276.9783
2034,148009.44,148077.7,35631.04,0.3926758,1408.9753
2035,148226.22,148092.56,34053.055,0.38950196,8274.068
2036,148092.1,148092.52,30647.77,0.39414063,1620.3953
2037,148009.9,148084.25,28197.18,0.38586426,1640.5315
2038,148033.75,148079.2,25606.984,0.3916504,1360.2764
2039,147965.47,148067.83,24210.48,0.38829347,1303.2325
2040,147962.88,148057.33,22780.795,0.38944092,1359.8461
2041,148052.66,148056.86,20504.68,0.39108887,1445.7277
2042,148077.0,148058.88,18490.719,0.39143068,1458.7529
2043,148035.53,148056.55,16690.69,0.38931885,1410.1517
2044,148024.81,148053.38,15112.257,0.3925171,1355.5533
2045,148018.03,148049.84,13713.457,0.39116213,1522.8318
2046,148039.25,148048.78,12352.211,0.38913575,1275.8422
2047,148009.4,148044.84,11256.524,0.38666993,1571.5684
2048,148044.4,148044.8,10130.89,0.3869751,1858.3892
2049,147990.44,148039.36,9383.745,0.38621828,1450.189
2050,147969.75,148032.4,8881.463,0.3909668,1224.3926
2051,148002.16,148029.38,8075.672,0.38913575,1347.9108
2052,147986.55,148025.1,7433.187,0.3909424,1284.6974
2053,148027.17,148025.3,6690.257,0.38786623,1374.2683
2054,148020.56,148024.83,6023.248,0.38804933,1462.5907
2055,148004.84,148022.83,5456.8667,0.38710937,1661.9695
2056,148039.44,148024.48,4936.0083,0.38898927,2127.5962
2057,147974.95,148019.53,4663.2085,0.39519045,1380.9955
2058,147995.44,148017.12,4249.1333,0.39107665,1388.8546
2059,148038.34,148019.25,3864.741,0.38918456,1325.7289
2060,148010.9,148018.42,3484.5325,0.38616943,1421.4119
2061,147996.34,148016.22,3179.949,0.38757324,1200.4395
2062,148004.4,148015.03,2874.5122,0.3937256,1280.1987
2063,147966.77,148010.2,2796.7222,0.3883911,1230.5165
2064,147989.22,148008.11,2556.681,0.3911499,1384.1008
2065,147953.89,148002.69,2565.5833,0.3918701,1284.7418
2066,147982.75,148000.69,2344.8003,0.3935669,1381.7124
2067,147981.16,147998.73,2144.6526,0.3918335,1261.8977
2068,147961.7,147995.03,2053.6055,0.38872072,1419.5557
2069,147973.1,147992.84,1891.5579,0.3961548,1517.988
2070,148013.97,147994.95,1742.5659,0.38789064,1737.8905
2071,148005.53,147996.02,1578.38,0.3876953,1524.2523
2072,147998.16,147996.23,1420.9543,0.38936767,1260.6184
2073,148398.97,148036.5,15876.407,0.39001465,19832.074
2074,151145.88,148347.44,884427.94,0.39353028,142309.42
2075,148144.7,148327.16,799684.25,0.38669434,7989.2734
2076,148060.86,148300.53,726098.06,0.38952637,1924.1764
2077,148006.34,148271.11,661277.4,0.38823244,1284.8419
2078,148082.84,148252.28,598339.56,0.39294434,1711.8745
2079,147991.03,148226.16,544648.25,0.38918456,1468.3939
2080,148025.66,148206.11,493801.4,0.3859497,1314.8285
2081,147948.42,148180.34,450397.5,0.390271,1226.7119
2082,147962.83,148158.6,409615.9,0.39086914,1510.0631
2083,148019.28,148144.66,370401.03,0.387854,1553.2627
2084,148024.69,148132.66,334656.25,0.38760987,1317.914
2085,147979.78,148117.38,303293.97,0.38869628,1245.5156
2086,147969.69,148102.61,274927.6,0.38797608,1458.5688
2087,147956.45,148088.0,249357.38,0.38806152,1617.5728
2088,148008.3,148080.03,224993.38,0.3926758,1523.4067
2089,148081.73,148080.2,202494.3,0.3878052,2624.7637
2090,147987.84,148070.97,183012.6,0.38614503,1334.3597
2091,148002.69,148064.14,165130.94,0.38985595,1638.3063
2092,147966.28,148054.36,149479.72,0.3890747,1426.5688
2093,147954.78,148044.4,135424.16,0.39073488,1278.3632
2094,147953.94,148035.36,122618.34,0.39277345,1282.8
2095,147928.28,148024.66,111388.42,0.3949829,1530.7361
2096,147905.78,148012.77,101521.39,0.3911011,1254.68
2097,147976.75,148009.16,91485.99,0.39161378,1352.4336
2098,147965.31,148004.77,82510.4,0.3913086,1430.1519
2099,148012.0,148005.48,74264.07,0.39116213,1456.3262
2100,147963.0,148001.23,67000.1,0.3873535,1259.0018
2101,147949.77,147996.1,60538.504,0.39332277,1251.0043
2102,147964.95,147992.98,54571.926,0.39490968,1455.2645
2103,147972.45,147990.94,49152.668,0.39257812,1297.2096
2104,147953.16,147987.16,44365.867,0.3925049,1280.1656
2105,147901.94,147978.64,40582.88,0.3904297,1177.8997
2106,147912.66,147972.05,36916.445,0.39174804,1196.94
2107,147941.84,147969.03,33306.9,0.3912842,1251.4384
2108,147989.86,147971.11,30015.252,0.39432374,1295.6881
2109,148045.72,147978.56,27514.717,0.39278564,3038.3635
2110,148125.02,147993.2,26693.611,0.39014894,10020.027
2111,147923.53,147986.23,24461.125,0.39104006,1538.036
2112,148179.03,148005.52,25360.367,0.39119872,10845.66
2113,147974.42,148002.4,22911.344,0.39207765,1234.1038
2114,147980.14,148000.19,20664.828,0.38861084,1353.0961
2115,147970.3,147997.2,18678.756,0.39030764,1873.145
2116,148004.36,147997.92,16815.488,0.38803712,1669.9292
2117,147977.12,147995.84,15172.866,0.38846436,1291.2524
2118,148023.44,147998.61,13724.106,0.38845214,1440.7693
2119,147936.14,147992.36,12702.906,0.38666993,1365.2798
2120,147943.25,147987.45,11649.671,0.38908693,1223.1475
2121,147948.52,147983.56,10621.155,0.38648683,1269.4143
2122,147958.66,147981.08,9614.868,0.39155275,1205.4927
2123,147954.4,147978.4,8717.406,0.39122316,1276.1918
2124,147939.8,147974.55,7979.827,0.39323732,1247.5729
2125,148009.9,147978.08,7294.3696,0.38950196,1569.1613
2126,147956.53,147975.92,6606.717,0.39299318,1212.0262
2127,147936.38,147971.97,6086.801,0.3932007,1174.0636
2128,147916.69,147966.44,5753.162,0.39248046,1254.5632
2129,147943.06,147964.1,5227.021,0.39367676,1431.4398
2130,147972.1,147964.89,4710.0786,0.39291993,1785.6421
2131,147967.61,147965.16,4239.736,0.39337158,1448.4191
2132,147901.6,147958.8,4179.3794,0.3966919,1288.602
2133,147921.4,147955.06,3887.2664,0.39293215,1293.7556
2134,147926.33,147952.19,3572.8494,0.393396,1239.0323
2135,147974.11,147954.38,3258.8154,0.39418945,1376.6147
2136,148010.62,147960.0,3217.6995,0.39210206,1616.4448
2137,147977.52,147961.75,2923.5413,0.3904419,1472.4103
2138,147952.03,147960.78,2639.6877,0.3907593,1316.3668
2139,147960.4,147960.75,2375.7317,0.3904541,1572.0568
2140,147964.23,147961.1,2139.2512,0.3874634,1260.5303
2141,147966.72,147961.66,1928.1737,0.38928223,1186.3538
2142,148011.95,147966.69,1963.0361,0.38973388,1803.2957
2143,149025.58,148072.58,102679.18,0.39053956,48872.06
2144,148042.4,148069.56,92493.19,0.3868164,5041.4536
2145,147961.69,148058.78,84291.2,0.38936767,2087.8245
2146,147978.72,148050.78,76438.984,0.39084473,1457.1754
2147,147954.25,148041.12,69633.73,0.39019775,1260.81
2148,147967.66,148033.78,63156.14,0.3900635,1314.0466
2149,147994.12,148029.81,56982.062,0.39089355,1446.5322
2150,147940.47,148020.88,52002.26,0.38869628,1269.4078
2151,147942.31,148013.02,47357.52,0.39344484,1291.6815
2152,147966.86,148008.4,42813.5,0.39257812,1342.7167
2153,147922.56,147999.83,39195.37,0.3920044,1303.2944
2154,147920.02,147991.84,35849.137,0.39400634,1426.3588
2155,147871.36,147979.8,33570.707,0.3897217,1293.3433
2156,147885.25,147970.34,31018.154,0.3956665,1140.4413
2157,147926.6,147965.97,28088.604,0.39729005,1301.4291
2158,147890.75,147958.45,25788.95,0.39544678,1179.8931
2159,147918.69,147954.47,23352.371,0.39411622,1335.4781
2160,147951.81,147954.2,21017.768,0.39323732,1355.532
2161,147934.44,147952.22,18951.152,0.39084473,1480.6376
2162,147900.75,147947.08,17294.45,0.3925293,1557.1656
2163,147924.84,147944.86,15609.498,0.39366457,1441.7527
2164,147915.52,147941.92,14126.043,0.39371338,1305.6814
2165,147909.56,147938.69,12807.68,0.3922119,1286.1888
2166,147919.31,147936.75,11560.696,0.3892456,1645.3829
2167,147931.16,147936.19,10407.442,0.39145508,1458.0156
2168,147966.11,147939.19,9447.277,0.39411622,1608.5377
2169,147912.9,147936.56,8564.713,0.39038086,1213.9211
2170,147981.9,147941.1,7893.286,0.39207765,1430.2577
2171,147949.8,147941.97,7110.774,0.38978273,1469.0569
2172,147939.36,147941.7,6400.309,0.3904419,1163.0612
2173,147914.66,147939.0,5826.116,0.38901368,1357.6389
2174,147969.44,147942.05,5326.8843,0.39295655,1571.5907
2175,147965.94,147944.44,4845.5645,0.39172363,2206.4634
2176,148028.53,147952.84,4997.4663,0.39210206,3805.5728
2177,147908.56,147948.42,4674.1943,0.3897217,1217.3489
2178,147940.4,147947.62,4212.557,0.3866577,1446.223
2179,147951.64,147948.03,3792.7524,0.3890503,1302.1207
2180,147936.5,147946.88,3425.4443,0.38863525,1325.4108
2181,147902.73,147942.47,3258.2551,0.39281008,1341.5994
2182,147943.97,147942.62,2932.632,0.3911255,1493.3915
2183,147920.19,147940.38,2684.6787,0.39384767,1207.0021
2184,147914.62,147937.8,2475.8862,0.3952759,1283.1185
2185,147971.81,147941.2,2332.433,0.3932495,1632.9674
2186,147938.25,147940.9,2099.9746,0.39333495,1347.1481
2187,147901.88,147937.0,2027.0864,0.39219972,1439.8226
2188,148047.88,147948.1,2930.7717,0.39328614,6432.857
2189,147960.11,147949.3,2650.6882,0.39329836,1436.2319
2190,147979.97,147952.36,2470.288,0.39116213,1215.4459
2191,147952.83,147952.4,2223.279,0.38945314,1287.6261
2192,147925.1,147949.67,2068.0886,0.3909424,1241.2574
2193,147906.19,147945.33,2031.46,0.38966066,1220.4619
2194,147899.69,147940.77,2015.7899,0.39135742,1356.2026
2195,147844.53,147931.14,2647.7058,0.3883667,1116.0447
2196,147903.94,147928.42,2449.5361,0.3946167,1457.012
2197,147909.64,147926.55,2236.3286,0.3939209,1131.7926
2198,147914.5,147925.34,2025.7571,0.39316407,1338.3501
2199,147906.47,147923.45,1855.2451,0.38825685,1238.6716
2200,147900.22,147921.12,1718.3058,0.3949341,1488.5624
2201,147885.06,147917.52,1663.5205,0.39310303,1286.0005
2202,147959.9,147921.75,1658.8953,0.39510497,1281.7632
2203,147979.9,147927.56,1797.3992,0.39172363,2327.4285
2204,147922.56,147927.06,1619.9092,0.38979492,1313.6896
2205,147928.11,147927.17,1458.0168,0.39420167,1305.9225
2206,147869.52,147921.4,1611.397,0.39167482,1250.1735
2207,147913.66,147920.62,1455.6628,0.3946167,1260.08
2208,147833.44,147911.9,1994.246,0.3904663,1126.1313
2209,147871.1,147907.83,1944.7307,0.39018556,1216.898
2210,147895.58,147906.61,1763.7632,0.39614257,1220.298
2211,147850.64,147901.02,1869.3118,0.3912964,1218.6506
2212,147879.2,147898.83,1725.2012,0.395459,1239.7931
2213,147843.94,147893.34,1823.8492,0.39630127,1118.5198
2214,147896.28,147893.64,1642.2408,0.39422607,1312.9061
2215,147949.75,147899.25,1761.3602,0.39364013,2452.8994
2216,147883.22,147897.64,1608.3542,0.3954834,1494.2921
2217,147920.23,147899.9,1493.4618,0.39178467,1681.1454
2218,147900.9,147900.0,1344.2056,0.39246827,1319.2058
2219,147965.5,147906.55,1595.9075,0.38950196,3059.145
2220,147916.22,147907.52,1444.7357,0.38812256,1476.5957
2221,147872.92,147904.06,1407.9675,0.39603272,1286.8341
2222,147828.33,147896.48,1783.3833,0.39201662,1153.0052
2223,147863.45,147893.19,1703.2406,0.39388427,1169.1665
2224,147937.97,147897.67,1713.3989,0.39569092,1703.5637
2225,147929.45,147900.84,1632.9633,0.39429933,1735.134
2226,148765.3,147987.28,68724.79,0.3897217,39120.047
2227,147969.0,147985.45,61882.387,0.38587648,5055.8496
2228,147907.19,147977.62,56245.44,0.3898804,1400.2214
2229,147888.0,147968.66,51343.836,0.38981935,1320.5576
2230,147878.78,147959.67,46936.426,0.38726807,1143.2532
2231,147930.34,147956.73,42320.195,0.38864747,1247.7872
2232,147905.25,147951.6,38326.73,0.3921753,1257.2734
2233,147947.19,147951.16,34495.805,0.39100343,1303.4604
2234,147872.8,147943.31,31598.842,0.38709718,1346.5728
2235,147916.48,147940.62,28503.734,0.39229736,1424.1724
2236,147874.5,147934.02,26046.887,0.38603517,1251.365
2237,147905.62,147931.17,23514.74,0.39031982,1191.3146
2238,147882.22,147926.28,21378.941,0.39207765,1242.6434
2239,147880.25,147921.67,19431.744,0.39416504,1309.6442
2240,147909.27,147920.44,17502.42,0.38973388,1231.0536
2241,147952.19,147923.61,15842.903,0.3920044,1267.3868
2242,147917.47,147923.0,14262.006,0.39481202,1408.9207
2243,147865.66,147917.27,13131.752,0.39454347,1139.8612
2244,147891.02,147914.64,11880.592,0.3966797,1169.8251
2245,147892.72,147912.45,10735.783,0.39052734,1227.3802
2246,147903.86,147911.6,9668.851,0.396521,1144.4646
2247,147849.83,147905.42,9045.314,0.39093018,1113.3551
2248,147893.47,147904.22,8153.642,0.39528808,1898.8087
2249,147842.0,147898.0,7686.6836,0.39403078,1165.5566
2250,147882.06,147896.4,6940.8755,0.39571533,1390.1265
2251,147872.97,147894.06,6296.226,0.39173585,1196.2417
2252,147795.33,147884.19,6543.9663,0.3920044,1064.04
2253,147870.47,147882.81,5906.508,0.39710695,1350.6023
2254,147917.33,147886.27,5423.0767,0.39504394,2162.1729
2255,147907.75,147888.4,4922.311,0.3929077,1312.7247
2256,147885.25,147888.1,4430.976,0.39123535,1175.6344
2257,147930.39,147892.33,4148.8906,0.3927246,1620.6265
2258,147881.03,147891.2,3745.487,0.39307863,1450.785
2259,147898.4,147891.92,3375.608,0.39294434,1824.4033
2260,147833.47,147886.08,3345.5562,0.3930908,1230.0095
2261,147843.44,147881.81,3174.6404,0.3966797,1194.9109
2262,147867.9,147880.42,2874.5808,0.39030764,1420.8412
2263,149338.75,148026.25,193992.0,0.39456788,66401.63
2264,148963.03,148119.92,253573.11,0.38885498,49301.043
2265,147935.19,148101.45,231287.2,0.39311525,1714.3752
2266,147912.9,148082.6,211357.98,0.3890381,1320.567
2267,147916.31,148065.97,192710.64,0.3923706,2164.6335
2268,147867.84,148046.16,176972.39,0.3946167,1291.9985
2269,147831.86,148024.72,163408.23,0.39852294,1177.5709
2270,147877.66,148010.02,149013.88,0.39783937,1172.2886
2271,147853.02,147994.31,136330.9,0.39310303,1169.774
2272,147897.5,147984.62,123541.35,0.39068604,1220.8408
2273,147883.28,147974.48,112111.56,0.39139405,1149.575
2274,147885.25,147965.56,101617.055,0.3911255,1360.917
2275,147880.78,147957.08,92102.26,0.3911377,1254.392
2276,147835.72,147944.94,84217.56,0.39504394,1177.9943
2277,147903.27,147940.77,75952.09,0.39367676,1553.3937
2278,147888.14,147935.5,68606.125,0.39420167,1273.7034
2279,147902.86,147932.23,61841.395,0.39273682,1384.4363
2280,147837.95,147922.81,56457.258,0.39456788,1108.2057
2281,147801.25,147910.66,52141.5,0.3920044,1158.1176
2282,147872.53,147906.84,47058.164,0.39360353,1413.1625
2283,147787.9,147894.95,43625.5,0.39682618,1148.6448
2284,147838.6,147889.31,39548.82,0.3975586,1269.3969
2285,147878.88,147888.27,35603.742,0.3961792,1405.6112
2286,147874.64,147886.9,32060.074,0.39489746,1459.2649
2287,147824.56,147880.67,29203.873,0.39248046,1105.2413
2288,147847.52,147877.36,26382.426,0.3935913,1233.4503
2289,147865.77,147876.2,23756.28,0.39519045,1166.2192
2290,147922.8,147880.86,21576.04,0.39378664,2712.3926
2291,147896.0,147882.38,19439.066,0.39246827,1329.905
2292,147820.58,147876.19,17838.855,0.39482424,1104.735
2293,147882.48,147876.81,16058.538,0.39266357,1222.659
2294,147840.75,147873.2,14569.7295,0.3960083,1269.0736
2295,147856.47,147871.53,13137.96,0.39431152,1145.8943
2296,147925.92,147876.97,12090.414,0.39328614,2776.7932
2297,147890.2,147878.3,10897.136,0.39007568,1350.702
2298,147884.94,147878.97,9811.391,0.3915039,2302.2644
2299,147850.1,147876.08,8905.291,0.38975832,1141.2106
2300,147846.08,147873.08,8095.7617,0.39014894,1531.2156
2301,148060.19,147891.78,10437.078,0.39121094,10254.749
2302,147850.72,147887.67,9545.122,0.39055178,1521.0713
2303,147913.08,147890.22,8648.703,0.39152834,2814.51
2304,147841.16,147885.31,8000.474,0.39090577,1181.2404
2305,147909.7,147887.75,7253.968,0.3929077,1194.7289
2306,147882.05,147887.19,6531.498,0.3904419,1136.5789
2307,147898.19,147888.28,5889.2383,0.39176026,1244.9175
2308,147856.4,147885.1,5391.756,0.3907837,1248.6342
2309,147930.44,147889.62,5037.625,0.39082032,1521.4471
2310,147865.42,147887.2,4586.5835,0.38825685,1618.6238
2311,147853.22,147883.81,4231.869,0.39038086,1250.9104
2312,147841.34,147879.56,3971.0056,0.39167482,1826.5972
2313,147888.19,147880.42,3580.6,0.3946289,1769.1365
2314,147871.22,147879.5,3230.1628,0.39123535,1229.8385
2315,147824.28,147873.98,3181.5664,0.39818117,1222.1558
2316,147839.25,147870.52,2971.9927,0.39334717,1250.5737
2317,147839.53,147867.42,2761.1963,0.39276123,1180.3555
2318,147840.22,147864.7,2551.6775,0.3958008,1154.7997
2319,147865.81,147864.81,2296.6204,0.39437255,1259.9238
2320,147825.9,147860.92,2203.191,0.3946289,1103.4833
2321,147861.22,147860.95,1982.8796,0.39829102,1222.607
2322,147823.7,147857.23,1909.4723,0.39367676,1083.195
2323,147860.25,147857.53,1719.3435,0.39176026,1108.3303
2324,147846.83,147856.47,1557.7192,0.39116213,1099.4896
2325,147834.8,147854.3,1444.2177,0.38959962,1101.2246
2326,147857.89,147854.66,1300.9583,0.39549562,1326.6796
2327,147832.84,147852.47,1213.683,0.39658204,1153.0634
2328,147873.6,147854.58,1132.4786,0.39588624,2810.5571
2329,147928.16,147861.94,1506.4674,0.39277345,3739.9966
2330,147828.16,147858.56,1458.5262,0.39331055,1219.3846
2331,147849.73,147857.69,1319.6879,0.39803466,1102.0471
2332,147873.03,147859.22,1208.9078,0.39228517,1318.5475
2333,147824.64,147855.77,1195.6252,0.39395753,1181.2699
2334,147885.97,147858.78,1158.1633,0.3923462,1513.5139
2335,147876.19,147860.52,1069.6149,0.3915039,1215.3474
2336,147903.25,147864.78,1127.0138,0.38771972,2208.4558
2337,147901.33,147868.44,1134.5231,0.39483643,1674.3298
2338,147964.97,147878.1,1859.7162,0.39281008,5292.355
2339,147879.78,147878.27,1674.0009,0.38978273,1267.9857
2340,147828.62,147873.3,1728.378,0.3961792,1139.7808
2341,147936.22,147879.6,1911.865,0.38867188,2418.6633
2342,147882.25,147879.86,1721.3135,0.39456788,1345.7911
2343,147926.97,147884.56,1748.9185,0.39100343,1331.2444
2344,147828.83,147878.98,1853.5955,0.39294434,1186.2548
2345,147816.6,147872.75,2018.569,0.3939453,1199.0869
2346,147799.34,147865.4,2301.675,0.39088136,1177.1425
2347,147883.86,147867.25,2102.154,0.39754638,1295.0354
2348,147831.28,147863.66,2008.3761,0.39206544,1106.7365
2349,147845.17,147861.81,1838.289,0.39525148,1195.0527
2350,147854.44,147861.08,1659.3552,0.39503175,1176.4004
2351,147862.08,147861.17,1493.5096,0.39455566,1302.3955
2352,147881.81,147863.23,1382.5018,0.39334717,1518.3281
2353,148995.86,147976.5,116699.8,0.39370117,50718.055
2354,147876.75,147966.53,105925.32,0.388501,1227.991
2355,147861.77,147956.06,96320.61,0.3899292,1191.1683
2356,147864.88,147946.94,87436.914,0.39437255,1172.4664
2357,147857.19,147937.97,79418.18,0.39169922,1092.4093
2358,147809.75,147925.14,72955.97,0.39229736,1037.8969
2359,147814.22,147914.05,66767.7,0.3909912,1142.2152
2360,147818.28,147904.47,60916.33,0.3904541,1009.05896
2361,147804.56,147894.48,55723.008,0.39210206,1073.1725
2362,147816.67,147886.7,50695.633,0.39310303,1185.0314
2363,147843.12,147882.34,45796.984,0.39958498,1132.495
2364,147788.67,147872.97,42006.98,0.39233398,1152.0249
2365,147815.03,147867.17,38108.39,0.39980468,1603.0238
2366,147820.45,147862.5,34493.99,0.3935791,1115.8179
2367,147801.6,147856.4,31378.45,0.39371338,1065.8716
2368,147813.1,147852.08,28409.441,0.39433596,1117.7484
2369,147851.31,147852.0,25568.549,0.3940918,1389.7046
2370,147863.39,147853.14,23023.371,0.39069825,1312.7175
2371,147850.62,147852.89,20721.604,0.3907837,1143.0674
2372,147825.38,147850.14,18717.582,0.39167482,1134.4423
2373,147851.4,147850.27,16845.967,0.38875732,1281.6296
2374,147876.4,147852.88,15222.87,0.39311525,1306.0122
2375,147858.0,147853.39,13702.947,0.39453125,1091.8882
2376,147839.11,147851.97,12351.008,0.39018556,1138.6726
2377,147837.8,147850.55,11133.982,0.39406738,1140.241
2378,147821.94,147847.69,10094.249,0.3899292,1131.3833
2379,147831.38,147846.06,9108.772,0.39533693,1175.8196
2380,147846.78,147846.14,8197.941,0.39279786,1094.1277
2381,147841.92,147845.72,7379.7485,0.3937378,1245.7091
2382,147808.38,147841.98,6767.2837,0.39626464,1165.5103
2383,147762.72,147834.06,6656.029,0.39553222,1087.9966
2384,147844.23,147835.08,5999.738,0.3956177,1703.706
2385,147811.7,147832.73,5448.939,0.3934082,1146.9344
2386,147812.39,147830.7,4941.293,0.3904419,1159.145
2387,147820.7,147829.7,4456.1636,0.39154053,1041.2576
2388,147819.66,147828.7,4019.6316,0.39534912,1094.967
2389,147829.23,147828.75,3617.6938,0.3984131,1399.2909
2390,147877.34,147833.61,3468.446,0.39383546,1367.2391
2391,147849.81,147835.23,3145.23,0.3947998,1165.426
2392,147853.42,147837.05,2860.4775,0.3894043,1269.5758
2393,147835.83,147836.92,2574.5632,0.39510497,2063.3867
2394,147822.38,147835.47,2336.1519,0.39337158,1188.1978
2395,147794.69,147831.39,2252.2166,0.39265138,1060.7625
2396,147796.03,147827.86,2139.5205,0.39671633,1109.9161
2397,147813.12,147826.39,1945.1075,0.39440918,1307.7405
2398,147838.56,147827.61,1763.9307,0.39521486,1140.8086
2399,147823.0,147827.16,1589.4497,0.39468995,1129.0905
2400,147769.38,147821.38,1730.9852,0.39562988,1178.4526
2401,147789.69,147818.2,1648.2555,0.39466554,1117.284
2402,147798.66,147816.25,1517.8171,0.39248046,1038.2401
2403,147829.0,147817.53,1380.666,0.39672852,1163.8597
2404,147800.5,147815.83,1268.7051,0.39691162,1361.1904
2405,147861.72,147820.42,1331.37,0.3991089,1171.715
2406,147793.4,147817.72,1263.919,0.39057618,1057.0555
2407,147795.95,147815.55,1180.1638,0.39331055,1099.2666
2408,147829.73,147816.97,1080.2631,0.39365235,1500.3303
2409,147859.42,147821.22,1134.4408,0.39393312,1469.7101
2410,147823.44,147821.44,1021.43976,0.39421389,1222.8167
2411,147835.16,147822.81,936.2341,0.3947998,1162.8862
2412,147840.1,147824.55,869.48834,0.39613038,1145.1942
2413,147798.25,147821.92,844.7768,0.39470217,1592.6698
2414,147799.03,147819.62,807.45734,0.3921875,1383.2454
2415,147830.02,147820.66,736.42847,0.3941284,2226.015
2416,147882.16,147826.81,1003.18805,0.39387208,3916.041
2417,147796.36,147823.77,986.3346,0.3920044,1034.1101
2418,147851.86,147826.58,958.73444,0.39244387,1082.975
2419,147799.2,147823.84,930.3061,0.39090577,1059.9287
2420,147798.72,147821.33,894.0894,0.39510497,1153.1
2421,147798.84,147819.08,850.1797,0.39093018,1025.8038
2422,147809.12,147818.08,774.0775,0.3960083,1483.9601
2423,147795.7,147815.84,741.7274,0.39329836,1270.9462
2424,147825.22,147816.78,675.46484,0.39693603,1233.5433
2425,147796.25,147814.73,645.8562,0.3907837,1054.8789
2426,147808.47,147814.11,584.8038,0.39108887,1085.514
2427,147746.9,147807.39,932.7868,0.394104,1109.059
2428,147775.33,147804.19,932.02844,0.39969483,1082.6356
2429,147777.56,147801.53,902.62573,0.40006104,1103.197
2430,147825.0,147803.88,861.93353,0.39860842,1159.5565
2431,147813.75,147804.86,784.5166,0.39425048,1164.3909
2432,147801.28,147804.5,707.21716,0.39468995,1228.1776
2433,147823.34,147806.39,668.45325,0.4018677,1083.2681
2434,147793.81,147805.12,615.84674,0.395166,1104.5449
2435,147791.66,147803.78,570.58875,0.39387208,1144.6257
2436,147825.88,147805.98,557.46185,0.39348146,1351.6477
2437,147774.56,147802.84,590.57574,0.39157715,1205.3306
2438,147767.67,147799.33,642.85364,0.39588624,1215.4998
2439,147761.23,147795.52,709.1703,0.39526367,1078.4292
2440,147768.62,147792.83,703.3327,0.39680177,1230.462
2441,147800.19,147793.56,637.87384,0.39748535,1162.1438
2442,147889.42,147803.16,1401.0983,0.39868164,4405.455
2443,147798.44,147802.69,1262.9924,0.39587402,1665.074
2444,147784.4,147800.86,1166.7715,0.39387208,1148.1793
2445,147785.62,147799.34,1070.982,0.3947754,1113.042
2446,147801.67,147799.58,964.37164,0.39593506,2007.487
2447,147800.42,147799.66,867.99854,0.3951416,1174.5759
2448,147867.08,147806.4,1190.3125,0.39603272,1945.4227
2449,147839.08,147809.67,1167.3518,0.39145508,1128.3955
2450,147785.9,147807.3,1101.449,0.3932495,1190.2452
2451,147817.06,147808.28,999.88715,0.39611816,1208.6375
2452,147759.06,147803.36,1117.9221,0.395166,1033.632
2453,147831.5,147806.17,1077.4004,0.39942628,1200.016
2454,147821.5,147807.7,990.8059,0.39082032,1216.0048
2455,147782.1,147805.14,950.75085,0.39681396,1145.5443
2456,147811.22,147805.75,859.0007,0.39613038,1225.9507
2457,147786.94,147803.88,804.95245,0.39697266,1120.8418
2458,147797.6,147803.25,728.00806,0.39486083,1188.0664
2459,147779.23,147800.84,707.11475,0.3954346,1096.3677
2460,147785.25,147799.28,658.28815,0.39766845,1085.0785
2461,147792.88,147798.64,596.1529,0.39727783,1154.7289
2462,147780.2,147796.8,567.1323,0.3959839,1317.5851
2463,147857.56,147802.88,842.74054,0.397876,1240.9938
2464,147803.72,147802.95,758.5305,0.39429933,1244.4973
2465,147764.67,147799.12,814.5683,0.39116213,1049.1461
2466,147782.61,147797.47,757.6604,0.39606935,1008.20856
2467,147773.2,147795.05,734.8882,0.39307863,1105.4248
2468,147771.42,147792.69,711.632,0.39736328,1135.9205
2469,147808.9,147794.31,664.1431,0.39608154,1158.0883
2470,147933.22,147808.2,2334.274,0.39731446,6717.7803
2471,148112.12,147838.6,10414.013,0.3955078,14951.7
2472,147830.34,147837.77,9378.737,0.392688,1297.6583
2473,147806.69,147834.66,8527.79,0.392688,1418.4559
2474,147787.81,147829.97,7872.501,0.39603272,1132.8768
2475,147814.34,147828.4,7107.223,0.39349365,2596.796
2476,147848.14,147830.38,6431.551,0.39433596,1287.1298
2477,147815.75,147828.9,5807.646,0.39346924,1195.3152
2478,147808.38,147826.86,5264.8193,0.3946289,1127.0308
2479,147789.84,147823.16,4861.6514,0.39348146,1228.291
2480,147815.56,147822.39,4380.6763,0.39691162,1365.352
2481,147796.47,147819.8,4003.0835,0.3972046,1113.3518
2482,147781.44,147815.97,3735.2046,0.39650878,1030.1283
2483,147765.95,147810.97,3586.8247,0.39379883,1023.3555
2484,147782.53,147808.12,3300.9243,0.39437255,1098.2734
2485,147822.08,147809.52,2988.354,0.39522704,1120.6129
2486,147780.38,147806.6,2765.9443,0.3931763,1049.2816
2487,147792.03,147805.14,2508.4358,0.39536133,1099.2804
2488,147763.19,147800.94,2415.998,0.3944458,1054.2147
2489,147793.31,147800.17,2179.6309,0.39870605,1102.673
2490,147747.38,147794.89,2212.5437,0.39470217,1317.7075
2491,147798.39,147795.23,1992.3918,0.39466554,1513.0156
2492,147814.56,147797.17,1826.7745,0.39879152,1588.3966
2493,147795.34,147796.98,1644.3978,0.3944336,1375.1052
2494,147743.72,147791.66,1735.3083,0.3973511,1043.8573
2495,147805.53,147793.05,1579.1039,0.3964966,1198.1809
2496,147770.34,147790.78,1467.5824,0.3987549,1127.8878
2497,147792.31,147790.94,1321.0352,0.39675292,1165.7081
2498,147783.75,147790.22,1193.581,0.39788818,1113.4131
2499,147785.7,147789.77,1076.0581,0.39775392,1093.275
2500,147758.03,147786.6,1059.0886,0.39243165,1052.0151
2501,147769.1,147784.84,980.74225,0.39661866,1002.04944
2502,147788.1,147785.17,883.61865,0.39986572,1142.1936
2503,147828.75,147789.53,966.1715,0.39559326,2481.3862
2504,147801.89,147790.77,883.3022,0.39780274,1154.9099
2505,147765.53,147788.25,852.28156,0.39411622,1187.4023
2506,147765.9,147786.02,811.9853,0.3977417,1056.4501
2507,147766.44,147784.06,765.28406,0.3973999,1161.1165
2508,147869.28,147792.58,1342.3568,0.39456788,2906.0337
2509,149454.3,147958.75,249725.92,0.39713135,75372.18
2510,153740.92,148536.97,3.2337695e+06,0.39302978,270964.38
2511,147849.16,148468.19,2.95297e+06,0.38883057,2161.8796
2512,148192.67,148440.64,2.6645048e+06,0.3996826,19876.34
2513,147858.62,148382.44,2.428541e+06,0.39793703,1835.2089
2514,147786.47,148322.84,2.217653e+06,0.3932007,1072.1786
2515,147770.81,148267.64,2.023314e+06,0.39556885,1094.0178
2516,147820.53,148222.94,1.8389741e+06,0.39765626,1187.5166
2517,147827.12,148183.36,1.6691768e+06,0.39425048,1112.8204
2518,147818.44,148146.88,1.5142441e+06,0.39188233,1235.3615
2519,147776.98,148109.89,1.3751334e+06,0.3934082,1043.7803
2520,147744.02,148073.3,1.2496679e+06,0.39506838,1100.0155
2521,147749.44,148040.9,1.1341408e+06,0.3953247,957.9972
2522,147761.12,148012.92,1.0277716e+06,0.39663085,1070.6417
2523,147748.05,147986.44,931308.75,0.39858398,1017.31635
2524,147754.5,147963.25,843019.4,0.3966797,1125.8636
2525,147739.72,147940.89,763214.4,0.39141846,1040.8466
2526,147725.56,147919.36,691065.9,0.3945923,979.3245
2527,147741.83,147901.61,624795.9,0.39567873,1102.4783
2528,147768.8,147888.33,563903.8,0.399646,1096.0874
2529,147802.0,147879.69,508184.16,0.3972412,1093.1433
2530,147789.31,147870.66,458100.8,0.39281008,1190.2349
2531,147823.72,147865.97,412489.0,0.39233398,1692.6356
2532,147809.47,147860.31,371527.38,0.3908325,1148.4095
2533,147781.25,147852.4,334937.22,0.39277345,1043.1504
2534,147746.0,147841.77,302462.5,0.39713135,1127.8405
2535,147838.47,147841.44,272217.22,0.39750978,1501.113
2536,147802.62,147837.56,245131.08,0.39436036,1218.732
2537,147793.73,147833.19,220790.84,0.39211425,1402.6653
2538,147860.81,147835.95,198780.44,0.395813,2190.1042
2539,147771.3,147829.48,179278.62,0.3954834,1185.9626
2540,147784.94,147825.03,161529.36,0.39450684,1029.4526
2541,147771.34,147819.66,145635.83,0.39531252,1147.804
2542,147782.12,147815.9,131199.02,0.3932251,1091.1987
2543,147776.9,147812.0,118215.99,0.39427492,2359.4128
2544,147740.84,147804.89,106850.08,0.39431152,995.5635
2545,147741.62,147798.56,96525.3,0.3923706,1069.6605
2546,147736.1,147792.31,87223.98,0.39852294,1053.3326
2547,147702.9,147783.38,79220.99,0.39802247,1018.4759
2548,147738.69,147778.9,71478.62,0.39924318,1057.5508
2549,147757.84,147776.8,64370.676,0.3932495,1041.1964
2550,147759.23,147775.05,57961.367,0.40093994,1083.784
2551,147765.22,147774.06,52173.92,0.4011963,1009.4486
2552,147759.5,147772.61,46975.613,0.3984375,1083.2949
2553,147752.89,147770.64,42313.047,0.39744875,1124.6622
2554,147745.92,147768.17,38136.734,0.39382324,1017.42395
2555,147777.08,147769.06,34330.2,0.39648438,1136.235
2556,147713.23,147763.48,31177.69,0.39343262,1137.6573
2557,147743.86,147761.52,28094.582,0.40078124,965.79425
2558,147780.5,147763.4,25317.56,0.3959717,1441.0432
2559,147745.25,147761.6,22815.473,0.39810792,1079.2272
2560,147741.4,147759.58,20570.604,0.39796144,1042.6262
2561,147712.19,147754.84,18715.672,0.39482424,1072.1842
2562,147728.86,147752.25,16904.871,0.40065917,1001.68964
2563,147775.69,147754.6,15263.822,0.39816895,1087.8633
2564,147790.17,147758.16,13851.361,0.3940918,1163.7567
2565,147763.83,147758.72,12469.12,0.39038086,1014.738
2566,147768.03,147759.66,11230.013,0.39727783,1192.6433
2567,147761.12,147759.8,10107.205,0.39465332,1040.8937
2568,147739.36,147757.75,9134.077,0.39741212,1092.2169
2569,147756.12,147757.6,8220.906,0.39534912,1099.799
2570,147722.0,147754.03,7512.838,0.39698488,1064.7101
2571,147761.12,147754.73,6766.083,0.39533693,1033.3994
2572,147722.1,147751.47,6185.3613,0.39223632,1008.4378
2573,147760.88,147752.4,5574.788,0.39454347,1087.7098
2574,147773.14,147754.48,5056.0015,0.39630127,1042.9209
2575,147816.31,147760.67,4894.446,0.39521486,1522.7097
2576,147753.4,147759.94,4409.752,0.3946289,989.79504
2577,147745.67,147758.52,3987.0923,0.39680177,1057.8674
2578,147767.34,147759.4,3595.397,0.39989015,1005.99146
2579,147731.03,147756.56,3308.3198,0.39531252,969.3501
2580,147755.11,147756.42,2977.6777,0.39678955,1104.6338
2581,147793.31,147760.11,2802.3926,0.39621583,1090.0833
2582,147801.5,147764.25,2676.3398,0.39420167,1268.7701
2583,147722.9,147760.11,2562.5435,0.39404297,1093.2046
2584,147776.86,147761.78,2331.5396,0.3955078,1130.4028
2585,147714.16,147757.02,2302.518,0.39593506,1050.0652
2586,147740.56,147755.38,2096.6296,0.39619142,1148.9703
2587,147722.14,147752.05,1986.3738,0.39643556,1002.9292
2588,147797.78,147756.62,1975.9834,0.3954712,1266.5032
2589,147802.9,147761.25,1971.1608,0.395459,1485.4652
2590,147747.14,147759.84,1791.9614,0.39411622,1267.4784
2591,147725.0,147756.36,1722.0331,0.3973755,999.897
2592,147711.38,147751.86,1731.9531,0.399292,933.96655
2593,147738.67,147750.55,1574.4097,0.3980957,1019.7994
2594,147756.9,147751.19,1420.6084,0.39610597,1054.2075
2595,147749.52,147751.02,1278.7991,0.39595947,1080.2317
2596,147775.25,147753.44,1203.7766,0.3949341,1013.5266
2597,147705.58,147748.66,1289.5458,0.3970337,937.44836
2598,147746.72,147748.47,1160.929,0.3989502,1385.3073
2599,147804.16,147754.03,1323.9348,0.3963379,1501.0817
2600,147776.9,147756.31,1238.6351,0.39400634,2630.6555
2601,147753.89,147756.06,1115.2994,0.39699706,1231.2471
2602,147757.97,147756.25,1004.09656,0.39431152,1097.6948
2603,147741.47,147754.77,923.3505,0.40006104,1111.9802
2604,147771.94,147756.48,857.554,0.39614257,1041.8096
2605,147767.73,147757.61,783.1892,0.39420167,1115.4684
2606,147759.0,147757.75,705.0443,0.39418945,1251.8553
2607,147812.61,147763.23,905.3994,0.3964722,1505.4075
2608,147851.4,147772.05,1514.5446,0.395166,2105.6719
2609,147754.7,147770.31,1390.1626,0.3956543,1487.6752
2610,147766.14,147769.89,1252.7128,0.39505616,1022.59686
2611,147773.44,147770.25,1128.5737,0.39395753,1156.4976
2612,149713.02,147964.53,340706.16,0.39154053,86477.305
2613,147803.88,147948.47,308958.47,0.39089355,2776.9333
2614,147774.06,147931.03,280800.2,0.3989136,1082.2144
2615,147779.44,147915.88,254788.42,0.39578858,1139.5928
2616,147759.53,147900.23,231509.48,0.39279786,1306.7285
2617,147760.12,147886.22,210125.28,0.39916992,1024.2079
2618,147717.1,147869.31,191687.05,0.39395753,1053.0597
2619,147718.62,147854.25,174561.94,0.39899904,1090.2926
2620,147701.77,147839.0,159198.38,0.39573976,989.39264
2621,147724.62,147827.56,144455.88,0.39318848,1126.4642
2622,147705.53,147815.36,131350.53,0.39718017,1062.0698
2623,147732.31,147807.06,118836.18,0.39924318,1080.2518
2624,147750.78,147801.44,107237.64,0.3989502,1106.9418
2625,147736.12,147794.9,96897.79,0.39549562,1579.2979
2626,147768.94,147792.31,87268.7,0.39716798,1897.6409
2627,147760.4,147789.12,78633.45,0.39434814,1228.2457
2628,147722.4,147782.45,71170.734,0.39697266,945.61707
2629,147723.56,147776.56,64365.79,0.39967042,971.70233
2630,147728.1,147771.72,58140.637,0.4008789,1043.3849
2631,147739.34,147768.48,52420.902,0.3958252,1029.981
2632,147723.27,147763.97,47362.836,0.40003663,978.04456
2633,147702.17,147757.78,42970.25,0.40070802,1007.2365
2634,147710.28,147753.03,38876.285,0.39996338,1035.5123
2635,147712.67,147749.0,35135.254,0.4032471,979.1541
2636,147716.83,147745.78,31714.88,0.39611816,1023.5469
2637,147693.78,147740.58,28786.752,0.39484864,971.7883
2638,147677.84,147734.31,26262.281,0.40070802,968.1361
2639,147733.94,147734.28,23636.064,0.39919433,1019.069
2640,147754.17,147736.27,21308.066,0.40108642,1040.7694
2641,147695.64,147732.2,19325.795,0.39941406,959.4077
2642,147731.62,147732.14,17393.244,0.39890137,995.76733
2643,147716.05,147730.53,15677.2295,0.39793703,1034.8899
2644,147713.94,147728.88,14134.288,0.39473876,1076.3395
2645,147707.2,147726.7,12763.129,0.3985718,996.6718
2646,147673.48,147721.38,11741.717,0.39866945,1040.4259
2647,147816.42,147730.88,11380.597,0.3970337,1790.1091
2648,147719.61,147729.75,10253.959,0.39675292,1055.8116
2649,147697.69,147726.55,9321.084,0.3939209,1019.32715
2650,147748.58,147728.75,8432.659,0.39752197,1213.2073
2651,147759.94,147731.88,7676.932,0.3942383,1238.562
2652,147778.61,147736.55,7105.808,0.3940918,2527.6572
2653,147737.31,147736.62,6395.28,0.39641115,1305.3586
2654,147747.95,147737.75,5767.301,0.39641115,1190.4774
2655,147747.78,147738.75,5199.627,0.39672852,1084.6948
2656,147737.83,147738.66,4679.7407,0.3970337,1145.6129
2657,147727.03,147737.5,4223.929,0.3939453,1357.9104
2658,147755.69,147739.31,3831.307,0.3966919,1168.8119
2659,147755.3,147740.9,3471.1711,0.39770508,1165.9031
2660,147735.0,147740.31,3127.1934,0.39345703,1099.7002
2661,147759.69,147742.25,2848.259,0.3963623,1379.214
2662,147845.22,147752.55,3517.6638,0.3954346,3878.4229
2663,148340.34,147811.33,34261.363,0.39440918,29130.969
2664,151791.9,148209.39,1.4568854e+06,0.39383546,184553.7
2665,147892.5,148177.7,1.3202346e+06,0.3951172,7575.644
2666,147799.88,148139.92,1.201059e+06,0.39708254,1779.4814
2667,147731.56,148099.1,1.0959612e+06,0.39715576,1037.8704
2668,147767.0,148065.89,996290.9,0.39948732,4346.29
2669,147737.61,148033.06,906360.94,0.39925537,2130.9382
2670,147758.8,148005.64,822494.8,0.4006836,1502.8143
2671,147792.16,147984.3,744347.1,0.3928589,1236.2643
2672,147748.88,147960.75,674900.56,0.39732668,1277.7443
2673,147686.27,147933.3,614191.25,0.39605713,1051.6025
2674,147757.48,147915.72,555554.0,0.39812014,1945.5837
2675,147726.02,147896.75,503237.47,0.39876708,1259.6969
2676,147763.77,147883.45,454505.38,0.3994507,1813.5421
2677,147742.28,147869.34,410848.47,0.39698488,1154.03
2678,147701.47,147852.56,372299.97,0.3970337,1049.3846
2679,147706.75,147837.98,336983.47,0.3939453,1128.0378
2680,147730.66,147827.25,304321.84,0.39455566,1091.5603
2681,147757.28,147820.25,274330.25,0.39823,1109.0022
2682,147752.28,147813.45,247312.98,0.3944702,1102.521
2683,147732.84,147805.39,223166.48,0.39849854,1049.8671
2684,147738.67,147798.72,201250.45,0.3923584,1359.6749
2685,147688.72,147787.72,182214.4,0.3984131,965.66925
2686,147730.84,147782.03,164284.08,0.39449462,1011.0911
2687,147690.77,147772.9,148605.31,0.3970215,1031.9358
2688,147697.62,147765.38,134254.84,0.39228517,967.463
2689,147723.03,147761.14,120990.73,0.3961792,1027.9148
2690,147715.39,147756.56,109080.02,0.39678955,1006.5959
2691,147724.5,147753.36,98264.54,0.3965454,1106.583
2692,147709.1,147748.94,88614.43,0.39844972,1022.0305
2693,147718.28,147745.88,79837.57,0.39761963,1014.20135
2694,147697.53,147741.05,72064.15,0.39534912,952.5197
2695,147711.84,147738.12,64934.484,0.39860842,1036.7325
2696,147677.12,147732.03,58775.926,0.3917969,1049.2954
2697,147727.72,147731.6,52900.004,0.3975342,1216.5164
2698,147694.94,147727.92,47730.934,0.39345703,985.2291
2699,147696.16,147724.75,43048.656,0.39716798,963.1545
2700,147729.72,147725.25,38746.01,0.3954834,1011.7163
2701,147745.55,147727.28,34908.484,0.39658204,952.1227
2702,147731.6,147727.72,31419.309,0.3966797,1007.0229
2703,147802.52,147735.2,28780.889,0.3949341,2424.405
2704,147707.22,147732.4,25973.281,0.39422607,1017.906
2705,147723.22,147731.48,23383.549,0.3990967,1063.122
2706,147707.1,147729.05,21098.734,0.3989502,1147.2172
2707,147740.17,147730.16,19000.0,0.39467773,1267.2587
2708,147677.33,147724.88,17351.174,0.39630127,979.4233
2709,147708.53,147723.23,15640.096,0.39611816,966.2413
2710,147726.8,147723.6,14077.229,0.39940187,1006.098
2711,147733.47,147724.58,12678.282,0.39329836,1169.275
2712,149552.14,147907.33,312009.06,0.3940796,84868.36
2713,148742.56,147990.84,343593.62,0.39035645,47373.52
2714,148195.64,148011.33,313009.03,0.3950928,19370.807
2715,147828.0,147993.0,284732.94,0.3934082,2508.3362
2716,147783.44,147972.05,260212.12,0.39725342,1664.6473
2717,147768.42,147951.69,237922.6,0.3941284,1357.8651
2718,147784.19,147934.94,216655.39,0.39818117,1268.834
2719,147709.25,147912.38,199573.98,0.3892334,1033.4552
2720,147677.28,147888.86,184590.8,0.39517823,1035.666
2721,147681.17,147868.1,170013.78,0.3999878,1109.5486
2722,147731.62,147854.45,154688.53,0.39936525,1181.2627
2723,147705.64,147839.58,141212.73,0.39676514,992.0573
2724,147723.08,147827.92,128312.95,0.3993042,1010.0126
2725,147695.69,147814.7,117055.39,0.39605713,1050.8555
2726,147726.94,147805.92,106043.1,0.3984253,1066.8706
2727,147711.61,147796.48,96239.33,0.39722902,1007.033
2728,147724.78,147789.31,87078.11,0.39154053,1062.2125
2729,147703.55,147780.73,79032.32,0.3977295,1001.5578
2730,147709.31,147773.6,71588.19,0.39924318,992.02783
2731,147702.25,147766.45,64887.46,0.3949341,1111.5261
2732,147782.53,147768.06,58421.98,0.39903566,2481.1262
2733,147706.22,147761.88,52924.0,0.39641115,1028.9691
2734,147729.78,147758.67,47724.297,0.3973755,1005.7491
2735,147718.67,147754.67,43095.867,0.3953247,948.67755
2736,147671.12,147746.31,39414.49,0.40042725,885.87976
2737,147665.62,147738.25,36058.98,0.39539796,932.32733
2738,147694.6,147733.89,32624.61,0.401062,1022.12915
2739,147691.14,147729.61,29526.629,0.39812014,980.11115
2740,147708.22,147727.47,26615.146,0.39888915,1012.7633
2741,147736.14,147728.34,23960.398,0.3961792,975.0806
2742,147685.81,147724.1,21727.16,0.39549562,1057.3523
2743,147680.16,147719.7,19728.19,0.39835206,1044.5096
2744,147700.28,147717.77,17789.318,0.39552003,1026.3419
2745,147684.72,147714.47,16108.674,0.40134278,1004.70715
2746,147719.06,147714.92,14499.705,0.4010376,1236.6816
2747,147715.5,147714.98,13049.764,0.39707032,1014.94586
2748,147722.4,147715.72,11749.745,0.3987793,1100.8079
2749,147730.56,147717.2,10594.602,0.39569092,1478.2598
2750,147718.6,147717.34,9535.315,0.3935669,1197.6849
2751,147678.28,147713.44,8719.112,0.39757082,964.72876
2752,147708.44,147712.94,7849.4507,0.40146485,1042.1718
2753,147710.56,147712.7,7065.013,0.39671633,1061.5885
2754,147690.66,147710.5,6402.2573,0.39870605,941.23596
2755,147723.4,147711.8,5777.023,0.39937744,1033.3888
2756,147684.69,147709.1,5265.463,0.40197754,958.7037
2757,147666.11,147704.8,4905.2056,0.39775392,900.2872
2758,147656.34,147699.95,4625.9785,0.40218505,919.06055
2759,147673.4,147697.3,4226.8066,0.39858398,985.2421
2760,147681.14,147695.69,3827.6182,0.39865723,1006.9044
2761,147692.97,147695.42,3445.5215,0.4017578,947.3585
2762,147698.12,147695.69,3101.627,0.39798585,1026.7366
2763,147692.56,147695.38,2792.343,0.39810792,1088.4583
2764,147811.12,147706.95,3718.9343,0.39471436,4245.342
2765,147714.06,147707.66,3351.5898,0.39344484,1122.1664
2766,147716.81,147708.58,3023.976,0.3942871,973.9131
2767,147694.62,147707.19,2739.1006,0.39658204,1006.1029
2768,147715.25,147708.0,2471.041,0.39993897,1077.9929
2769,147711.53,147708.36,2225.0593,0.39813232,1512.0393
2770,147831.9,147720.72,3376.298,0.40037844,5549.6865
2771,147735.19,147722.17,3057.5093,0.39626464,1135.7457
2772,147701.9,147720.14,2788.721,0.39761963,1005.5834
2773,147739.83,147722.11,2544.7327,0.39475098,1240.7288
2774,147668.38,147716.73,2550.1238,0.39436036,939.72284
2775,147675.25,147712.6,2449.9973,0.4008789,1005.5267
2776,147715.66,147712.9,2205.8418,0.39833984,1010.88245
2777,147650.97,147706.72,2330.5205,0.395459,896.90216
2778,147682.36,147704.28,2150.8726,0.40124512,972.47406
2779,147697.84,147703.64,1939.5149,0.39708254,1119.5487
2780,147683.05,147701.58,1783.7327,0.39754638,1001.566
2781,147670.44,147698.47,1692.6359,0.4009888,953.1471
2782,147678.9,147696.52,1557.8145,0.39718017,938.61127
2783,147673.69,147694.23,1448.9341,0.40145263,936.1499
2784,147673.6,147692.17,1342.3838,0.39918214,936.25433
2785,147651.14,147688.06,1359.666,0.39897463,1072.9707
2786,147680.4,147687.3,1228.975,0.4027588,1154.9469
2787,147699.88,147688.56,1120.3163,0.39813232,1022.4873
2788,147704.67,147690.17,1031.6406,0.39866945,1064.4463
2789,147725.06,147693.66,1038.0386,0.3984375,2285.011
2790,147643.97,147688.69,1156.431,0.39578858,995.7071
2791,147691.08,147688.92,1041.3022,0.39814454,967.8039
2792,147690.31,147689.06,937.346,0.39707032,1036.1167
2793,147721.53,147692.31,938.49115,0.395813,1165.4968
2794,147676.9,147690.77,866.0037,0.39635012,1024.7354
2795,147650.9,147686.78,922.39264,0.3968384,875.1646
2796,147654.38,147683.55,924.6682,0.40107423,916.8566
2797,147659.44,147681.14,884.51495,0.39727783,1017.0888
2798,147672.12,147680.23,803.3788,0.3968628,1031.4683
2799,147654.69,147677.69,781.77875,0.3973999,949.3829
2800,147686.92,147678.61,711.27545,0.39656982,1227.497
2801,147699.2,147680.67,678.31714,0.3989136,964.6178
2802,147680.72,147680.67,610.48566,0.39752197,955.13916
2803,147714.25,147684.03,650.91125,0.39726564,1033.2396
2804,147654.53,147681.08,664.14264,0.3946289,906.08344
2805,147670.6,147680.03,607.62134,0.39733887,1018.8009
2806,147674.81,147679.52,549.31036,0.39604494,929.8701
2807,147656.88,147677.25,540.5131,0.39948732,933.5028
2808,147695.1,147679.03,515.11774,0.39801025,1016.86646
2809,147668.3,147677.95,473.97638,0.39866945,1149.8428
2810,147693.06,147679.47,447.12512,0.39874268,1082.0223
2811,147667.3,147678.25,415.74652,0.39783937,986.4935
2812,147694.92,147679.92,399.18747,0.39672852,1008.66235
2813,147689.25,147680.86,367.09995,0.39903566,1001.64307
2814,147692.75,147682.05,343.11478,0.40058595,964.381
2815,147695.44,147683.39,324.94107,0.39642334,980.4392
2816,147687.25,147683.78,293.78748,0.39124757,977.08923
2817,147680.28,147683.44,265.51123,0.39572755,952.56757
2818,147683.94,147683.48,238.98259,0.40028077,974.97314
2819,147706.6,147685.8,263.1482,0.39470217,1057.3937
2820,147667.11,147683.92,268.2634,0.39639893,998.38666
2821,147699.06,147685.44,262.0685,0.40336916,1114.7952
2822,147655.08,147682.4,318.8139,0.3986206,1021.5171
2823,147639.47,147678.11,452.85913,0.39818117,997.3065
2824,147678.78,147678.17,407.61383,0.39888915,1032.1514
2825,147702.84,147680.64,421.63556,0.39555666,1526.0857
2826,147723.5,147684.92,544.79535,0.39835206,1072.1501
2827,147675.47,147683.97,498.35834,0.39853516,935.1978
2828,147658.03,147681.38,509.07034,0.3998413,1177.3757
2829,147681.5,147681.39,458.1647,0.3996094,1022.419
2830,147661.1,147679.36,449.4249,0.3968872,1008.63995
2831,147682.6,147679.69,405.4239,0.39874268,1027.2263
2832,147691.97,147680.92,378.45612,0.39671633,1528.0293
2833,147763.86,147689.22,959.6871,0.39855957,1663.7682
2834,147698.12,147690.11,870.85724,0.39940187,1078.7798
2835,147693.4,147690.44,784.7497,0.397876,1033.3224
2836,147690.34,147690.42,706.27545,0.40147707,1039.6644
2837,147670.75,147688.45,670.4763,0.39521486,1068.3046
2838,147690.6,147688.67,603.8411,0.39919433,1072.0283
2839,147669.67,147686.77,575.94696,0.39632568,999.36444
2840,147675.0,147685.6,530.811,0.39908448,1204.0848
2841,147663.44,147683.38,521.9108,0.39348146,1077.7178
2842,147671.31,147682.17,482.8151,0.39906007,963.17883
2843,147705.48,147684.5,483.4461,0.39810792,1424.9982
2844,147776.06,147693.66,1189.6337,0.3988037,4165.1357
2845,147724.31,147696.72,1155.2528,0.3947998,2331.7515
2846,147718.06,147698.86,1080.7275,0.3987305,978.4364
2847,147619.38,147690.9,1541.2537,0.39331055,933.72876
2848,147637.42,147685.56,1644.5803,0.3956543,1001.85504
2849,147660.9,147683.1,1534.836,0.40112305,900.6577
2850,147711.02,147685.89,1451.5193,0.3953247,1193.7819
2851,147673.61,147684.66,1319.9419,0.39794922,1288.9551
2852,147652.16,147681.4,1283.0101,0.39978027,991.0458
2853,147672.66,147680.53,1161.5997,0.39918214,1001.18494
2854,147696.14,147682.1,1067.3684,0.3980957,983.5346
2855,147671.88,147681.08,970.0296,0.39943847,1004.258
2856,147679.1,147680.88,873.38104,0.39915773,1016.73926
2857,147641.78,147676.97,923.5918,0.39593506,1010.73535
2858,147625.19,147671.8,1072.5493,0.40115967,981.79047
2859,147662.7,147670.89,972.73706,0.40246582,977.79333
2860,147681.31,147671.94,885.2388,0.39926758,1242.261
2861,147656.3,147670.38,818.73145,0.39763185,1131.2583
2862,147694.64,147672.8,789.8522,0.39853516,1004.20593
2863,147721.64,147677.69,925.581,0.39482424,1351.3843
2864,147663.05,147676.22,852.3142,0.39644775,971.3373
2865,147699.53,147678.55,815.9953,0.3942627,994.7626
2866,147711.95,147681.89,834.83374,0.39210206,992.7484
2867,147677.81,147681.48,752.8471,0.39716798,1127.2572
2868,147689.39,147682.28,683.1882,0.39415285,1023.7186
2869,147634.81,147677.53,817.66473,0.39752197,959.8914
2870,147696.56,147679.44,768.49524,0.39786378,933.82043
2871,147705.42,147682.03,752.4126,0.3956421,918.0748
2872,147697.56,147683.58,698.88104,0.39571533,1056.0425
2873,147667.22,147681.94,653.0796,0.39483643,930.9601
2874,147666.31,147680.38,609.74426,0.3962036,978.512
2875,147667.16,147679.05,564.496,0.39624023,996.7738
2876,147674.53,147678.6,509.88153,0.39879152,948.0797
2877,147620.55,147672.78,762.14294,0.39603272,949.4426
2878,147650.1,147670.52,732.25366,0.39757082,885.3572
2879,147648.33,147668.3,703.3339,0.39938965,970.4857
2880,147647.94,147666.27,670.3059,0.39954835,898.4504
2881,147671.73,147666.81,605.967,0.39802247,881.6816
2882,147632.7,147663.4,650.08075,0.40111086,878.7143
2883,147643.83,147661.45,619.56995,0.39908448,942.711
2884,147637.31,147659.03,610.0622,0.3982666,920.9047
2885,147712.19,147664.34,803.3588,0.3984131,1177.1493
2886,147683.16,147666.22,754.8748,0.39693603,984.1596
2887,147699.56,147669.55,779.4498,0.3953247,1116.2762
2888,147686.03,147671.19,725.96094,0.39445803,1080.8639
2889,147652.05,147669.28,686.3375,0.3955078,980.7535
2890,147640.72,147666.42,691.12726,0.394397,945.42
2891,147645.06,147664.28,663.0746,0.39980468,912.1718
2892,147662.1,147664.06,597.19775,0.40161133,877.81024
2893,147647.81,147662.44,561.2436,0.40458986,893.0854
2894,147689.19,147665.11,569.51984,0.39420167,968.0729
2895,147676.05,147666.2,523.3344,0.3973877,1164.3909
2896,147652.53,147664.84,487.82376,0.39560547,947.2675
2897,147687.62,147667.12,485.75006,0.39698488,993.049
2898,147667.22,147667.14,437.17584,0.40076905,941.50793
2899,147639.31,147664.36,463.1547,0.39855957,959.8649
2900,147664.48,147664.38,416.8406,0.40134278,960.3993
2901,147626.6,147660.6,503.62457,0.4005127,872.5348
2902,147642.28,147658.77,483.44342,0.39975587,957.5453
2903,147633.44,147656.23,492.83536,0.40278322,1048.1576
2904,147626.88,147653.3,521.1294,0.39904785,907.0683
2905,147632.88,147651.25,506.55124,0.40091553,942.1354
2906,147656.6,147651.78,458.4661,0.40123293,958.25824
2907,147677.95,147654.4,474.26648,0.39932862,1318.3225
2908,147658.86,147654.84,428.62454,0.39918214,956.526
2909,147655.45,147654.9,385.7955,0.40310058,972.3795
2910,147692.25,147658.64,472.72598,0.39942628,1198.3081
2911,147657.12,147658.48,425.6601,0.39991456,923.9059
2912,147684.31,147661.06,443.13235,0.39993897,970.00287
2913,147644.34,147659.39,423.97562,0.39736328,928.4636
2914,147662.4,147659.69,382.39648,0.39907226,897.6097
2915,147670.97,147660.81,355.6108,0.39749756,987.93207
2916,147654.25,147660.16,323.9257,0.39549562,1045.5924
2917,147657.19,147659.86,292.32632,0.40057373,1031.2344
2918,147657.6,147659.62,263.55566,0.3968628,917.8233
2919,147658.75,147659.53,237.269,0.39316407,1012.551
2920,147678.55,147661.44,246.08556,0.40020752,1034.8824
2921,147683.62,147663.66,265.78268,0.39865723,978.5606
2922,147649.86,147662.28,256.33624,0.39622805,906.4073
2923,147659.95,147662.05,231.19043,0.3970215,935.1318
2924,147664.81,147662.33,208.75975,0.39604494,926.7555
2925,147675.78,147663.67,204.17256,0.40062258,921.0724
2926,147681.47,147665.45,212.2609,0.39796144,1005.4919
2927,147670.16,147665.92,193.02554,0.39630127,1574.0725
2928,147673.22,147666.66,178.51497,0.39660645,912.42926
2929,147659.22,147665.9,165.64195,0.3952759,891.0951
2930,147646.06,147663.92,184.51746,0.40262452,920.63965
2931,147617.28,147659.25,361.84702,0.397876,901.86475
2932,147724.34,147665.77,707.00995,0.39725342,2764.9126
2933,147681.17,147667.31,657.67065,0.40247804,1044.6968
2934,147655.94,147666.17,603.54877,0.3972412,903.5627
2935,147622.27,147661.78,716.69214,0.39940187,924.0296
2936,147625.3,147658.12,764.82275,0.40152588,901.816
2937,147671.14,147659.42,703.58704,0.39907226,1033.1696
2938,147645.97,147658.08,649.5171,0.39863282,1145.5845
2939,147644.58,147656.73,600.96783,0.3994629,935.43774
2940,147647.53,147655.81,548.4938,0.39624023,947.2744
2941,147726.92,147662.92,948.7332,0.39785156,1589.2635
2942,147679.84,147664.61,879.6314,0.39570314,1123.1024
2943,147676.19,147665.77,803.733,0.39552003,973.9622
2944,147624.72,147661.66,874.9958,0.39926758,891.3625
2945,147611.66,147656.66,1012.4962,0.39775392,913.1591
2946,147627.22,147653.72,989.23755,0.39833984,919.9696
2947,147624.92,147650.84,964.9472,0.40201417,905.75653
2948,147623.38,147648.1,936.36035,0.3980591,938.09143
2949,147630.88,147646.38,869.408,0.39627686,882.1317
2950,147664.34,147648.17,811.52606,0.4022583,973.9682
2951,147680.89,147651.44,826.72,0.40113527,957.7292
2952,147661.86,147652.48,753.82336,0.39653322,922.15607
2953,147656.86,147652.92,680.1637,0.39497072,944.04047
2954,147661.69,147653.8,619.06256,0.39468995,923.5847
2955,147680.4,147656.45,620.8816,0.3938965,1438.1554
2956,147642.34,147655.05,576.71014,0.39388427,965.60974
2957,147671.47,147656.69,543.3101,0.40065917,1074.15
2958,147647.75,147655.8,496.1682,0.39866945,1012.9356
2959,147642.28,147654.44,462.99188,0.3989502,993.77295
2960,147666.7,147655.66,430.2328,0.3992798,1008.6621
2961,147669.62,147657.05,404.77084,0.39781496,947.5362
2962,147668.55,147658.2,376.19626,0.39567873,996.966
2963,147671.97,147659.58,355.63095,0.39785156,1019.9682
2964,147686.38,147662.25,384.69437,0.40146485,1276.2356
2965,147687.45,147664.77,403.3927,0.39918214,963.48944
2966,147650.3,147663.31,381.89444,0.39869386,1021.4807
2967,147641.81,147661.16,385.3075,0.40010986,1030.0021
2968,147612.36,147656.28,561.0789,0.39799806,902.50305
2969,147612.05,147651.86,681.07227,0.39868164,906.6309
2970,147634.0,147650.08,641.6712,0.40023193,921.3082
2971,147675.84,147652.66,637.2522,0.40184328,961.8498
2972,147653.19,147652.7,573.55237,0.39871827,1031.2188
2973,147647.17,147652.16,518.9506,0.3977173,1101.3191
2974,147697.72,147656.72,653.8903,0.39515382,952.88434
2975,147690.72,147660.12,692.5413,0.3938965,1079.3456
2976,147701.19,147664.23,775.0388,0.39782715,3000.8518
2977,147651.88,147663.0,711.2828,0.39748535,1058.6
2978,147833.36,147680.03,3252.1628,0.39660645,8876.471
2979,147865.1,147698.53,6009.278,0.4015503,10770.632
2980,147651.16,147693.8,5610.3447,0.39606935,1074.8894
2981,147668.72,147691.28,5105.912,0.3993164,1048.412
2982,147660.56,147688.2,4680.2485,0.3964722,979.3021
2983,147645.3,147683.9,4377.9087,0.39869386,1055.2616
2984,147665.19,147682.03,3971.6528,0.39978027,958.0853
2985,147617.12,147675.55,3953.6414,0.40115967,859.7074
2986,147602.34,147668.22,4040.56,0.40104982,873.89606
2987,147608.25,147662.22,3960.1665,0.40039062,902.4887
2988,147654.31,147661.42,3569.7756,0.40270996,1112.4531
2989,147580.78,147653.36,3798.06,0.39716798,1126.1663
2990,147573.77,147645.4,3988.419,0.40187988,888.083
2991,147570.6,147637.92,4093.2988,0.40042725,871.83997
2992,147622.5,147636.38,3705.3738,0.40230712,952.2168
2993,147647.3,147637.47,3345.5723,0.39698488,1073.0675
2994,147603.05,147634.03,3117.6528,0.3962036,901.8187
2995,147587.56,147629.39,3000.2285,0.40177003,887.3463
2996,147604.69,147626.92,2755.1277,0.4014038,918.7583
2997,147647.61,147628.98,2518.1326,0.40145263,1236.0774
2998,147638.86,147629.97,2275.0955,0.39780274,1088.7832
2999,147724.67,147639.44,2854.767,0.39812014,4506.0513
3000,148514.55,147726.95,71492.766,0.3989136,42064.574
3001,147991.72,147753.44,70652.56,0.39954835,14833.344
3002,147676.84,147745.78,64115.3,0.39940187,1407.0565
3003,147695.2,147740.72,57934.004,0.39387208,1222.9899
3004,147666.38,147733.28,52638.03,0.39959717,933.3224
3005,147686.1,147728.56,47574.625,0.39951172,1182.5905
3006,147668.52,147722.56,43141.668,0.40024415,1047.278
3007,147641.03,147714.4,39425.76,0.3956421,869.61884
3008,147675.22,147710.48,35621.395,0.40092775,1149.4
3009,147634.92,147702.92,32573.127,0.40058595,997.512
3010,147609.34,147693.56,30103.93,0.39975587,975.9937
3011,147661.38,147690.34,27186.78,0.39764404,1045.4225
3012,147640.11,147685.31,24695.215,0.39645997,929.79083
3013,147593.88,147676.17,22978.166,0.40218505,903.8103
3014,147613.11,147669.86,21038.268,0.4015625,933.96686
3015,147623.9,147665.27,19124.494,0.40026855,959.9986
3016,147668.08,147665.55,17212.756,0.401062,1023.0343
3017,147604.19,147659.4,15830.328,0.39975587,998.4316
3018,147655.34,147659.0,14248.78,0.40092775,1118.6644
3019,147650.67,147658.17,12830.144,0.4015625,1986.47
3020,147635.56,147655.9,11593.135,0.40426025,979.66205
3021,147590.9,147649.4,10814.071,0.3990967,898.39246
3022,147628.05,147647.27,9773.724,0.40440676,1055.103
3023,147628.8,147645.42,8827.05,0.39986572,906.95154
3024,147656.38,147646.52,7955.142,0.3990967,1181.1536
3025,147682.5,147650.11,7276.1665,0.39898682,1284.7319
3026,147628.67,147647.97,6589.9106,0.39725342,1024.4183
3027,147599.75,147643.14,6140.174,0.39954835,1013.55963
3028,147630.03,147641.83,5541.623,0.40178224,956.56555
3029,147686.47,147646.3,5166.811,0.39746094,1756.8486
3030,147658.84,147647.55,4664.298,0.39876708,1237.8427
3031,147693.06,147652.1,4384.3184,0.40174562,1173.2786
3032,147664.9,147653.38,3960.661,0.3972046,1079.5453
3033,147664.78,147654.52,3576.304,0.39122316,900.0788
3034,147635.0,147652.56,3252.951,0.39754638,954.409
3035,147644.16,147651.72,2934.0156,0.40065917,992.0595
3036,147635.9,147650.14,2663.1172,0.39584962,971.05023
3037,147615.16,147646.64,2506.957,0.39953613,1040.5831
3038,147650.31,147647.0,2257.4746,0.39851075,1040.4476
3039,147685.84,147650.89,2167.5225,0.40024415,1012.8742
3040,147660.28,147651.83,1958.7067,0.3947632,1252.3558
3041,147633.6,147650.0,1792.7603,0.3977295,1083.2059
3042,147673.6,147652.36,1663.584,0.39908448,2137.3906
3043,147685.62,147655.69,1596.8197,0.39764404,1027.4849
3044,147646.69,147654.78,1444.4276,0.4,850.6539
3045,147631.47,147652.45,1348.8973,0.39754638,927.65704
3046,147638.12,147651.02,1232.4841,0.39628908,1102.1224
3047,147644.27,147650.34,1113.3363,0.39782715,917.27386
3048,147610.05,147646.31,1148.1481,0.39666748,910.49994
3049,147646.66,147646.34,1033.3439,0.39982912,926.8849
3050,147618.16,147643.53,1001.5176,0.39542237,978.2788
3051,147633.56,147642.53,910.30963,0.3940918,997.7551
3052,147631.42,147641.42,830.3863,0.39918214,945.7076
3053,147639.1,147641.19,747.83545,0.39754638,921.10785
3054,147614.66,147638.53,736.40356,0.39829102,919.7982
3055,147649.72,147639.66,674.0276,0.39890137,962.8487
3056,147611.31,147636.83,678.9279,0.39919433,851.6548
3057,147608.88,147634.03,681.3591,0.4010376,920.0755
3058,147603.75,147631.0,695.749,0.40061036,910.56464
3059,147624.39,147630.34,630.10565,0.40102538,921.29407
3060,147605.56,147627.86,622.365,0.39899904,905.3112
3061,147616.28,147626.7,572.19324,0.39836428,950.9688
3062,147622.62,147626.3,516.4707,0.40252686,969.46576
3063,147608.56,147624.53,493.12933,0.39747316,1028.4198
3064,147628.53,147624.94,445.2564,0.40162355,984.7
3065,147632.61,147625.7,406.02795,0.3977661,953.4841
3066,147602.02,147623.33,415.92395,0.39592287,896.8595
3067,147623.34,147623.33,374.33157,0.4017578,931.4893
3068,147609.66,147621.97,353.72122,0.40395507,911.60034
3069,147626.55,147622.42,320.2354,0.39920655,868.4074
3070,147645.75,147624.75,337.18997,0.40333253,914.5407
3071,147654.53,147627.73,383.29404,0.4006836,944.99084
3072,147615.4,147626.5,358.64307,0.39986572,973.82153
3073,147614.06,147625.25,336.701,0.39868164,911.7351
3074,147589.92,147621.72,415.35776,0.39904785,881.8624
3075,147638.62,147623.4,399.54587,0.40100098,917.3787
3076,147619.36,147623.0,361.06522,0.40042725,938.68195
3077,147627.3,147623.44,326.62036,0.3984375,1008.7575
3078,147632.56,147624.34,301.45224,0.40095216,994.29376
3079,147630.66,147624.97,274.8933,0.40144044,895.6142
3080,147626.44,147625.11,247.59813,0.4020508,940.20123
3081,147620.31,147624.62,224.90921,0.39621583,895.1164
3082,147598.31,147622.0,264.72958,0.3971924,931.477
3083,147588.97,147618.7,336.45233,0.39851075,895.8144
3084,147619.17,147618.75,302.82687,0.3994629,1046.3463
3085,147598.22,147616.7,310.4821,0.39948732,935.9977
3086,147622.6,147617.3,282.55682,0.4024048,922.9846
3087,147621.62,147617.73,255.98708,0.39916992,1015.84186
3088,147618.28,147617.78,230.41527,0.39525148,885.85486
3089,147611.38,147617.14,211.06734,0.39696047,852.3134
3090,147608.56,147616.28,196.58319,0.39920655,984.91736
3091,147619.73,147616.62,177.99803,0.40102538,887.0899
3092,147633.94,147618.36,187.17326,0.39711913,921.7107
3093,147597.62,147616.28,207.14821,0.40114745,951.82086
3094,147601.92,147614.84,204.99063,0.40268555,880.91254
3095,147599.34,147613.3,206.11406,0.3987793,956.0372
3096,147605.6,147612.53,190.84308,0.40263674,889.0295
3097,147622.61,147613.53,180.89993,0.4037842,883.29706
3098,147602.31,147612.4,174.13736,0.39890137,874.3547
3099,147625.69,147613.73,172.59886,0.3999512,976.9446
3100,147628.88,147615.25,175.97044,0.39637452,1109.0459
3101,147602.84,147614.02,172.22575,0.3970581,918.0541
3102,147607.36,147613.34,158.99069,0.39798585,866.84717
3103,147599.7,147611.98,159.83762,0.39953613,896.0265
3104,147610.11,147611.8,144.17026,0.39943847,985.74634
3105,147632.3,147613.84,167.57573,0.40114745,1037.9913
3106,147610.22,147613.48,152.00081,0.39967042,889.4919
3107,147591.58,147611.3,179.99026,0.39697266,962.1634
3108,147612.0,147611.38,162.03574,0.4001831,894.37506
3109,147624.9,147612.73,162.31068,0.39779052,974.49207
3110,147600.88,147611.55,158.73764,0.40142822,884.2139
3111,147615.22,147611.9,144.07732,0.40216064,984.5917
3112,147622.27,147612.94,139.32808,0.40064698,890.64496
3113,147625.39,147614.19,139.3525,0.39821777,955.49194
3114,147587.03,147611.47,191.78882,0.4022095,941.57074
3115,147591.47,147609.47,208.60992,0.40179443,923.17737
3116,147650.66,147613.6,340.42584,0.3982422,1108.2821
3117,147594.88,147611.72,337.9185,0.39798585,874.0999
3118,147634.23,147613.97,349.75244,0.39957276,960.84503
3119,147642.98,147616.88,390.54877,0.39881593,990.5151
3120,147676.97,147622.89,676.5072,0.39775392,1922.0792
3121,147648.14,147625.42,666.23706,0.39350587,1199.9225
3122,147660.77,147628.95,712.0396,0.40092775,1258.682
3123,147623.34,147628.39,643.6675,0.39519045,932.78296
3124,147631.31,147628.69,580.0691,0.4017578,944.3915
3125,147631.0,147628.92,522.54346,0.39899904,1098.7916
3126,147719.5,147637.98,1208.6848,0.39874268,5121.473
3127,147743.27,147648.52,2085.3892,0.39920655,7502.9116
3128,147651.44,147648.81,1877.6185,0.399646,1087.3151
3129,147638.11,147647.75,1700.1667,0.3991455,1079.8767
3130,147606.56,147643.62,1682.8269,0.39812014,941.5536
3131,147616.23,147640.89,1582.0664,0.40124512,1148.5769
3132,147595.52,147636.36,1609.1599,0.39870605,933.67786
3133,147617.98,147634.52,1478.6315,0.40112305,933.4744
3134,147629.94,147634.06,1332.6547,0.40253907,853.27356
3135,147641.08,147634.77,1203.8188,0.39898682,991.14014
3136,147611.56,147632.44,1131.8916,0.4008545,934.96075
3137,147566.94,147625.89,1404.825,0.3959961,876.5247
3138,147573.12,147620.61,1514.9214,0.40334472,883.75653
3139,147603.95,147618.94,1388.398,0.39991456,873.1081
3140,147621.19,147619.16,1250.0137,0.39952394,921.5732
3141,147589.19,147616.16,1205.8436,0.40230712,867.70825
3142,147600.5,147614.6,1107.32,0.4019043,1056.8046
3143,147573.52,147610.48,1148.455,0.3991455,926.59045
3144,147629.78,147612.4,1067.1227,0.402771,892.24915
3145,147692.23,147620.39,1533.938,0.40288088,3120.129
3146,147772.34,147635.6,3458.6216,0.39693603,7805.7393
3147,147680.34,147640.06,3292.99,0.40076905,2448.8508
3148,147633.53,147639.4,2967.53,0.40212402,885.3375
3149,147614.3,147636.89,2727.5203,0.39916992,881.2941
3150,147568.75,147630.08,2872.6511,0.39760742,826.1637
3151,147581.06,147625.17,2801.6138,0.40266114,831.18677
3152,147600.53,147622.7,2576.0967,0.4029053,902.38416
3153,147624.72,147622.9,2318.8525,0.4017578,949.8767
3154,147644.38,147625.05,2128.449,0.39919433,988.9156
3155,147623.97,147624.94,1915.7086,0.39713135,1017.67523
3156,147581.88,147620.62,1891.0317,0.39754638,1040.3776
3157,147614.42,147620.0,1705.3916,0.3989502,859.227
3158,147580.4,147616.05,1675.9423,0.3989136,898.8373
3159,147577.28,147612.17,1643.5977,0.4017578,825.4439
3160,147574.16,147608.38,1609.3048,0.39677736,908.62274
3161,147630.06,147610.55,1490.7056,0.40054932,997.3601
3162,147574.9,147606.98,1455.9578,0.39858398,885.4149
3163,147602.83,147606.56,1311.9166,0.4034546,988.1175
3164,147607.55,147606.66,1180.8121,0.39992675,934.3354
3165,147608.81,147606.88,1063.1494,0.3963867,1011.6532
3166,147623.36,147608.53,981.2906,0.40010986,1019.78815
3167,147609.56,147608.64,883.2572,0.39865723,825.09735
3168,147551.97,147602.97,1083.9846,0.39901122,883.912
3169,147554.28,147598.1,1188.9286,0.3982666,805.8333
3170,147569.28,147595.22,1144.7501,0.40150148,877.1886
3171,147576.67,147593.36,1061.2339,0.40603027,913.9531
3172,147559.33,147589.95,1059.3418,0.3991455,916.3919
3173,147561.5,147587.11,1026.2698,0.40385744,883.0742
3174,147588.9,147587.28,923.93335,0.40427247,1004.92035
3175,147622.89,147590.84,945.6625,0.3992798,1104.7822
3176,147592.89,147591.05,851.47327,0.3985718,936.98785
3177,147571.97,147589.14,799.0836,0.4006836,882.4309
3178,147582.69,147588.5,722.9231,0.39935303,915.4818
3179,147601.47,147589.8,665.76776,0.40273437,898.5828
3180,147599.4,147590.75,607.5016,0.3998169,1140.0602
3181,147575.06,147589.19,568.9002,0.39814454,916.5207
3182,147591.95,147589.47,512.69855,0.39710695,848.76764
3183,147595.31,147590.05,464.5021,0.40042725,874.1238
3184,147561.03,147587.14,493.82346,0.4011963,825.58734
3185,147594.28,147587.86,449.03006,0.4013916,921.42883
3186,147581.97,147587.27,407.25,0.40074465,985.77277
3187,147592.02,147587.73,368.55563,0.39923096,1006.29333
3188,147600.77,147589.03,346.98328,0.4066162,937.9553
3189,147625.33,147592.66,430.85663,0.3973999,879.34235
3190,147614.52,147594.84,430.77588,0.3994629,1087.197
3191,147566.64,147592.03,459.28574,0.40079346,1007.01984
3192,147584.4,147591.27,418.5898,0.40280762,874.9415
3193,147587.88,147590.92,377.76547,0.39855957,954.9992
3194,147568.48,147588.67,385.29865,0.40124512,973.4217
3195,147588.0,147588.61,346.8094,0.39831543,948.4033
3196,147612.62,147591.02,364.03595,0.40212402,973.92
3197,147641.97,147596.11,561.29224,0.39722902,1147.7748
3198,147569.75,147593.47,567.69653,0.39635012,916.3289
3199,147600.66,147594.19,515.5763,0.40269777,1118.0886
3200,147601.45,147594.9,468.76968,0.40058595,1092.3864
3201,147590.98,147594.52,423.277,0.40096435,871.379
3202,147580.6,147593.12,398.39297,0.40112305,910.87085
3203,147588.56,147592.67,360.42712,0.4018677,909.1546
3204,147606.56,147594.06,341.74985,0.3980713,880.2577
3205,147604.69,147595.12,317.73502,0.39885256,907.4055
3206,147602.36,147595.84,290.67175,0.39840087,1035.6416
3207,147610.19,147597.28,280.12146,0.39708254,1632.0283
3208,147717.84,147609.34,1560.2878,0.40145263,5375.6504
3209,147600.16,147608.42,1411.856,0.39918214,1194.2249
3210,147629.8,147610.56,1311.7905,0.39799806,962.9147
3211,147623.19,147611.83,1194.9567,0.40178224,1207.6415
3212,147620.6,147612.7,1082.3762,0.401062,918.7213
3213,147612.56,147612.69,974.1403,0.39848635,1514.6022
3214,147610.64,147612.48,877.10333,0.39727783,948.1408
3215,147613.52,147612.6,789.48865,0.3996338,864.8834
3216,147544.77,147605.81,1124.5986,0.3980957,833.1799
3217,147584.44,147603.67,1053.2589,0.39992675,845.0251
3218,147569.97,147600.3,1050.1641,0.4013916,862.666
3219,147582.25,147598.5,974.4597,0.39879152,855.3232
3220,147608.12,147599.47,885.3514,0.40306398,882.4296
3221,147568.81,147596.4,881.39874,0.3990967,801.54565
3222,147607.11,147597.47,803.569,0.4017334,1016.53406
3223,147584.72,147596.19,737.84265,0.39898682,855.59216
3224,147598.1,147596.38,664.38544,0.40126953,1558.5583
3225,147587.4,147595.48,605.18634,0.40064698,908.3764
3226,147594.95,147595.44,544.69305,0.39940187,956.3063
3227,147561.72,147592.06,592.5496,0.39941406,994.68036
3228,147572.5,147590.11,567.7369,0.4017212,877.9502
3229,147797.23,147610.83,4372.032,0.39925537,9361.048
3230,147582.45,147607.98,4007.2917,0.39741212,898.27795
3231,147588.22,147606.0,3641.7239,0.40047607,836.7599
3232,147553.67,147600.77,3523.9924,0.39848635,1054.7773
3233,147610.83,147601.77,3180.706,0.40255126,1360.6625
3234,147604.73,147602.06,2863.4285,0.40086672,906.6883
3235,147559.44,147597.8,2740.6057,0.40229493,859.46796
3236,147555.44,147593.56,2628.0334,0.40091553,842.4676
3237,147557.0,147589.9,2485.5435,0.40216064,1061.365
3238,147580.44,147588.95,2245.0583,0.40061036,962.71893
3239,147605.86,147590.64,2046.2762,0.40159914,892.08984
3240,147624.73,147594.05,1946.2632,0.40272218,984.75024
3241,147607.39,147595.38,1767.6619,0.400354,973.47723
3242,147561.66,147592.0,1693.2216,0.39674073,854.97504
3243,147576.88,147590.48,1544.4883,0.40041503,947.35645
3244,147592.48,147590.69,1390.3994,0.3977295,1039.9329
3245,147579.56,147589.58,1262.4984,0.39515382,999.8506
3246,147587.0,147589.31,1136.8468,0.4038086,959.9613
3247,147579.22,147588.3,1032.3317,0.40317383,886.5848
3248,147585.92,147588.06,929.60614,0.40178224,894.73126
3249,147564.12,147585.67,888.2159,0.40161133,875.4175
3250,147603.25,147587.44,827.2034,0.40179443,1025.192
3251,147558.89,147584.58,817.82623,0.39958498,833.4737
3252,147549.83,147581.11,844.72424,0.40185547,798.11914
3253,147603.64,147583.36,805.941,0.40336916,940.8817
3254,147585.88,147583.61,725.9164,0.39757082,960.8628
3255,147620.92,147587.34,778.62476,0.39874268,957.35895
3256,147585.92,147587.2,700.9442,0.40046388,912.8578
3257,147602.58,147588.73,652.12494,0.40063477,1071.2789
3258,147587.97,147588.66,586.96515,0.4012085,1141.1514
3259,147587.92,147588.58,528.3172,0.4020752,950.2335
3260,147603.84,147590.11,496.459,0.40147707,858.96564
3261,147615.11,147592.61,503.06308,0.3993042,895.8885
3262,147562.9,147589.64,532.16156,0.39594728,845.3814
3263,147586.23,147589.3,479.98965,0.40148926,898.4539
3264,147614.67,147591.83,489.94083,0.4003418,938.929
3265,147571.28,147589.78,478.94238,0.40081787,919.87683
3266,147621.38,147592.94,520.883,0.39863282,1239.9316
3267,147579.72,147591.61,484.52084,0.40374756,862.2542
3268,147594.88,147591.94,437.02853,0.3994751,998.1045
3269,147601.47,147592.89,401.5017,0.39799806,1024.842
3270,147616.62,147595.27,412.05038,0.39865723,916.9724
3271,147616.94,147597.44,413.11563,0.3996338,1021.3296
3272,147595.84,147597.28,372.03265,0.39656982,926.18335
3273,147612.84,147598.84,356.62662,0.39718017,1014.54944
3274,147610.55,147600.02,333.29065,0.40030518,989.894
3275,147582.56,147598.27,327.37662,0.39713135,988.36945
3276,147588.97,147597.34,302.41782,0.3980835,885.58484
3277,147570.38,147594.64,337.63425,0.4024414,900.6945
3278,147592.7,147594.45,304.20868,0.4034668,896.3536
3279,147599.19,147594.92,275.80508,0.3984375,878.9656
3280,147585.83,147594.02,255.66724,0.40076905,892.4384
3281,147589.19,147593.53,232.19849,0.39823,974.3046
3282,147567.94,147590.97,267.93222,0.40025637,859.1891
3283,147590.2,147590.89,241.19176,0.40463868,1002.5279
3284,147580.22,147589.83,227.32257,0.40184328,872.8953
3285,147575.11,147588.36,224.08804,0.39948732,846.8486
3286,147568.53,147586.38,237.06314,0.39901122,863.33545
3287,147576.62,147585.4,221.91245,0.39840087,905.6132
3288,147558.94,147582.77,262.77472,0.40080568,799.01294
3289,147567.0,147581.19,258.8672,0.39863282,854.808
3290,147586.53,147581.72,235.55046,0.39816895,834.2364
3291,147576.11,147581.16,214.82727,0.39371338,892.5337
3292,147577.0,147580.73,194.89925,0.40152588,860.5447
3293,147612.2,147583.88,264.53473,0.39920655,900.58
3294,147572.16,147582.7,250.44087,0.39920655,887.7761
3295,147579.72,147582.4,226.19836,0.3982788,923.67957
3296,147574.0,147581.56,209.93837,0.40478516,906.3385
3297,147587.1,147582.11,191.69806,0.40233156,1198.0896
3298,147584.48,147582.34,173.0359,0.40020752,920.5895
3299,147601.34,147584.25,188.2223,0.4031128,873.4652
3300,147591.39,147584.97,173.98903,0.398938,1304.1101
3301,147545.75,147581.05,295.02005,0.40118408,912.6853
3302,147540.75,147577.02,411.66348,0.4003296,807.6781
3303,147561.62,147575.47,391.81555,0.39934084,836.9282
3304,147547.7,147572.69,422.01767,0.4022827,864.9632
3305,147574.5,147572.88,380.11157,0.40334472,903.50507
3306,147587.97,147574.39,362.60434,0.40184328,893.8384
3307,147547.81,147571.73,389.91962,0.40245363,874.3077
3308,147554.81,147570.05,376.69913,0.4037964,843.483
3309,147568.5,147569.89,339.24457,0.4011963,877.4396
3310,147629.81,147575.88,628.47687,0.39848635,2544.613
3311,147548.48,147573.14,633.15137,0.3968384,861.4438
3312,147563.47,147572.17,578.25525,0.40158692,843.4618
3313,147543.97,147569.34,592.01715,0.40283203,854.71796
3314,147572.1,147569.62,533.49603,0.40267333,887.2942
3315,147568.64,147569.53,480.23364,0.3999512,1117.7633
3316,147549.83,147567.56,467.1494,0.39962158,826.52765
3317,147601.22,147570.92,522.38135,0.4005127,944.62256
3318,147591.31,147572.97,507.56317,0.39609376,1909.415
3319,147601.12,147575.78,528.15656,0.40411377,1080.8066
3320,147567.62,147574.97,481.3281,0.39488527,852.4695
3321,147577.34,147575.2,433.7029,0.40354005,848.83044
3322,147613.66,147579.05,523.41046,0.40014648,1180.435
3323,147598.19,147580.97,504.0421,0.40166017,1280.3759
3324,147574.02,147580.28,457.989,0.39874268,942.835
3325,147579.6,147580.22,412.23264,0.40494385,800.2271
3326,147558.88,147578.08,412.00937,0.3984253,873.033
3327,147567.81,147577.05,380.29288,0.40168458,820.6841
3328,147556.16,147574.95,381.5412,0.3991455,842.4226
3329,147629.98,147580.45,615.94653,0.4056885,1819.4695
3330,147595.88,147582.0,575.75696,0.40245363,933.2115
3331,147613.06,147585.11,605.0204,0.40212402,1282.2057
3332,147562.66,147582.86,589.89124,0.3971924,872.67444
3333,147617.67,147586.34,639.97406,0.40091553,1665.7174
3334,147583.94,147586.11,576.49774,0.39716798,912.2132
3335,147620.4,147589.53,624.71277,0.3994507,1234.7855
3336,147553.44,147585.92,679.48975,0.39643556,900.19226
3337,147560.94,147583.42,667.72046,0.39768067,866.7732
3338,147553.12,147580.39,683.55945,0.4003418,863.9204
3339,147611.44,147583.5,701.95526,0.40318605,898.5658
3340,147587.05,147583.86,632.89197,0.39797363,921.5497
3341,147593.98,147584.88,578.82916,0.39921877,868.1925
3342,147609.81,147587.38,576.9153,0.39622805,1484.764
3343,147599.44,147588.58,532.3191,0.39768067,1258.0388
3344,147588.34,147588.56,479.0921,0.4006958,862.8618
3345,147592.69,147588.97,432.7143,0.39942628,883.7914
3346,147525.97,147582.67,746.6529,0.398938,816.2893
3347,147569.47,147581.34,687.67664,0.4022339,899.2136
3348,147555.97,147578.81,676.8591,0.40062258,855.77673
3349,147637.47,147584.67,918.8232,0.40133056,1748.6295
3350,147600.56,147586.27,849.66693,0.39417726,1105.9507
3351,147581.52,147585.8,766.73083,0.39818117,920.03503
3352,147543.12,147581.53,853.9377,0.39847413,828.3988
3353,147573.4,147580.72,774.4853,0.40270996,860.8848
3354,147578.98,147580.55,697.30743,0.40086672,868.9798
3355,147560.34,147578.53,664.31165,0.40161133,856.0752
3356,147598.1,147580.48,632.3227,0.4032715,928.2057
3357,147536.03,147576.03,746.9376,0.39451906,874.5616
3358,147590.1,147577.44,690.0417,0.3994507,1352.7195
3359,147698.36,147589.53,1937.0265,0.4006836,6291.1133
3360,147574.66,147588.05,1763.2377,0.39868164,1251.2893
3361,147558.75,147585.12,1664.1615,0.40019533,1133.578
3362,147531.81,147579.8,1753.5454,0.40107423,852.3211
3363,147559.47,147577.77,1615.3817,0.40211183,1056.3226
3364,147569.62,147576.95,1459.8077,0.40366212,930.7151
3365,147550.0,147574.25,1379.2094,0.40036622,904.3656
3366,147574.23,147574.25,1241.2883,0.40570068,862.9178
3367,147580.94,147574.92,1121.1846,0.40301514,904.94635
3368,147590.17,147576.45,1029.9967,0.39821777,941.87164
3369,147587.19,147577.53,937.36743,0.39711913,890.72064
3370,147605.89,147580.38,916.01355,0.39890137,1572.391
3371,147611.08,147583.44,909.25354,0.39382324,1037.0062
3372,147601.44,147585.23,847.48816,0.4017334,1090.4072
3373,147562.19,147582.94,810.5436,0.40185547,1007.5992
3374,147574.6,147582.11,735.7548,0.4018677,916.67084
3375,147566.38,147580.53,684.4607,0.39887697,953.53546
3376,147557.88,147578.27,662.2121,0.4010132,855.56006
3377,147554.72,147575.9,645.89185,0.40126953,866.05884
3378,147542.66,147572.58,680.8033,0.4032471,1006.6148
3379,147582.38,147573.56,621.361,0.4044678,1219.1667
3380,147552.97,147571.5,597.39417,0.40131837,804.9629
3381,147571.66,147571.52,537.6569,0.4041504,877.9173
3382,147562.97,147570.66,490.46567,0.4008545,835.2588
3383,147541.69,147567.77,516.94604,0.40385744,827.9631
3384,147537.02,147564.69,550.35205,0.3984619,840.9713
3385,147530.69,147561.28,599.3568,0.4057251,831.7897
3386,147531.25,147558.28,620.58997,0.40040284,790.2906
3387,147559.55,147558.4,558.6751,0.4032715,895.36725
3388,147556.55,147558.22,503.1187,0.4032959,892.8898
3389,147549.31,147557.33,459.94574,0.40406495,839.0694
3390,147565.55,147558.16,420.03046,0.4001831,963.0322
3391,147556.67,147558.0,378.2257,0.39958498,905.14026
3392,147606.95,147562.89,556.0799,0.40152588,994.39307
3393,147570.16,147563.62,505.22293,0.40338135,939.7553
3394,147571.97,147564.45,460.96628,0.39696047,968.91473
3395,147591.56,147567.16,481.0123,0.4019165,1160.3054
3396,147603.06,147570.75,548.94434,0.40131837,1890.5647
3397,147600.67,147573.75,574.62854,0.396875,2261.8696
3398,147574.02,147573.78,517.17206,0.40255126,902.3882
3399,147575.27,147573.94,465.65314,0.39899904,875.5312
3400,147575.6,147574.11,419.33472,0.39814454,840.2753
3401,147596.97,147576.39,424.43082,0.40167236,960.80115
3402,147562.66,147575.02,398.9647,0.396875,918.03705
3403,147553.25,147572.84,401.70502,0.4032715,855.42975
3404,147560.69,147571.62,374.8342,0.40236816,859.0191
3405,147565.97,147571.06,340.23016,0.39849854,924.0719
3406,147587.38,147572.69,330.15594,0.4006958,939.37506
3407,147549.84,147570.4,344.10565,0.39898682,819.1937
3408,147554.16,147568.78,333.4607,0.4046509,909.0553
3409,147539.56,147565.86,376.9508,0.4036133,854.8788
3410,147581.02,147567.38,359.92978,0.40231934,904.3871
3411,147549.56,147565.6,352.49246,0.4017334,893.93604
3412,147542.9,147563.33,363.56824,0.40187988,849.15155
3413,147573.55,147564.34,336.60947,0.40423584,918.0367
3414,147543.47,147562.25,342.16742,0.40391847,855.51556
3415,147611.19,147567.14,523.4898,0.39902344,1175.3909
3416,147574.6,147567.89,476.14026,0.40006104,908.9687
3417,147589.75,147570.08,471.5311,0.40008545,942.94336
3418,147555.4,147568.61,443.75174,0.4015381,965.86346
3419,147575.14,147569.27,403.2157,0.3965454,887.87775
3420,147603.06,147572.64,465.69473,0.39837646,837.83264
3421,147556.16,147571.0,443.58136,0.3998413,861.27795
3422,147584.25,147572.33,415.02383,0.40007326,928.163
3423,147545.89,147569.69,436.42615,0.3985962,839.3656
3424,147530.25,147565.75,532.76196,0.4005127,818.2237
3425,147558.11,147564.98,484.73987,0.4019043,817.18036
3426,147558.66,147564.34,439.86993,0.39707032,834.2887
3427,147545.8,147562.48,426.8417,0.39962158,902.3303
3428,147574.45,147563.69,397.0501,0.40144044,874.1128
3429,147562.12,147563.53,357.56482,0.3976929,855.7325
3430,147561.36,147563.31,322.23288,0.4006714,829.8307
3431,147531.52,147560.12,381.0033,0.39973146,905.92194
3432,147550.88,147559.2,350.60358,0.40278322,805.6219
3433,147533.22,147556.61,376.3101,0.40058595,810.18146
3434,147580.9,147559.03,391.8095,0.4010376,1110.1097
3435,147565.44,147559.67,356.32214,0.4003418,921.1208
3436,147527.47,147556.45,414.02365,0.40070802,862.9459
3437,147544.78,147555.28,384.8822,0.401355,853.7825
3438,147548.69,147554.62,350.30695,0.40006104,854.1795
3439,147590.12,147558.17,428.69873,0.4010132,1100.3054
3440,147531.28,147555.48,450.90836,0.39973146,796.27203
3441,147528.52,147552.78,471.27573,0.4043579,786.3077
3442,147557.9,147553.3,426.51205,0.40330812,912.2797
3443,147539.12,147551.88,401.9366,0.4022583,1082.986
3444,147572.31,147553.92,399.33517,0.40456542,920.907
3445,147570.97,147555.62,385.5553,0.40264893,847.511
3446,147581.06,147558.17,405.23572,0.4019409,1183.9379
3447,147544.84,147556.84,380.69965,0.40147707,958.2943
3448,147527.39,147553.9,420.70346,0.40270996,823.99756
3449,147573.5,147555.86,413.18546,0.4027588,862.8647
3450,147540.58,147554.33,392.8834,0.40368652,849.10425
3451,147543.67,147553.27,363.81503,0.401709,840.5893
3452,147550.75,147553.02,328.00308,0.40200195,963.389
3453,147554.06,147553.12,295.3014,0.40510255,964.7008
3454,147573.53,147555.17,303.2486,0.40196535,942.10236
3455,147546.84,147554.34,279.16592,0.40074465,965.22076
3456,147516.62,147550.58,379.2927,0.40020752,849.16235
3457,147567.48,147552.27,367.0873,0.40270996,1004.1413
3458,147567.9,147553.83,352.3952,0.39978027,928.72675
3459,147567.58,147555.2,334.1713,0.39747316,829.3655
3460,147577.11,147557.39,343.9437,0.40118408,846.5597
3461,147542.39,147555.89,329.79932,0.40058595,871.18585
3462,147530.45,147553.34,355.05536,0.40418702,836.2264
3463,147546.72,147552.69,323.49997,0.40180665,812.08496
3464,147542.12,147551.62,301.19095,0.4038208,843.257
3465,147552.39,147551.7,271.1246,0.40632325,1053.2499
3466,147573.88,147553.92,288.25543,0.4078125,1102.2645
3467,147554.62,147554.0,259.47437,0.40021974,1063.9625
3468,147538.72,147552.47,254.54341,0.4003296,873.0397
3469,147549.22,147552.14,230.03969,0.40296632,844.7953
3470,147571.77,147554.11,241.69836,0.40133056,908.5551
3471,147604.31,147559.12,444.36038,0.40334472,1165.9476
3472,147547.88,147558.0,411.31497,0.40008545,1003.9188
3473,147531.22,147555.33,434.73465,0.39948732,820.2549
3474,147538.19,147553.61,417.70325,0.40112305,876.9763
3475,147521.97,147550.44,466.03455,0.40148926,854.5643
3476,147535.81,147548.97,438.68124,0.4026001,1158.0208
3477,147526.9,147546.77,438.62094,0.3989502,869.8261
3478,147599.86,147552.08,648.46405,0.40366212,944.8684
3479,147573.47,147554.22,624.7979,0.40131837,993.80835
3480,147525.97,147551.39,634.14374,0.39886475,922.41534
3481,147548.25,147551.08,571.61707,0.40371093,850.3496
3482,147528.97,147548.88,558.4495,0.3998413,809.51013
3483,147533.61,147547.34,523.5781,0.40195313,860.9602
3484,147560.56,147548.67,486.94647,0.4013672,880.6616
3485,147568.5,147550.66,473.6357,0.39892578,850.7556
3486,147563.77,147551.97,441.73914,0.40405273,876.56525
3487,147534.4,147550.22,425.32495,0.4019043,891.8167
3488,147532.5,147548.45,411.0483,0.40073243,780.6317
3489,147582.44,147551.84,473.88788,0.40062258,861.5076
3490,147567.5,147553.4,448.55972,0.40074465,841.37994
3491,147516.28,147549.69,527.7476,0.39879152,788.6852
3492,147542.94,147549.02,479.0735,0.40217286,889.9104
3493,147561.78,147550.3,445.83264,0.40374756,882.34937
3494,147567.88,147552.06,429.0585,0.39432374,825.46765
3495,147528.17,147549.67,437.5212,0.39871827,849.54565
3496,147532.97,147548.0,418.87857,0.40461427,830.65967
3497,147581.88,147551.39,480.2671,0.40046388,1010.68506
3498,147562.53,147552.5,443.41058,0.3958008,866.09155
3499,147565.19,147553.77,413.55704,0.39855957,894.0845
3500,147598.38,147558.22,551.30096,0.40104982,884.3604
3501,147543.39,147556.73,515.9594,0.40134278,882.87524
3502,147558.34,147556.89,464.5966,0.40330812,847.3886
3503,147561.88,147557.39,420.3729,0.40445557,772.24805
3504,147558.66,147557.52,378.47977,0.39818117,835.36707
3505,147537.2,147555.48,377.76556,0.4022095,783.5567
3506,147528.66,147552.8,404.76633,0.4026123,874.0342
3507,147539.03,147551.42,381.344,0.40028077,774.47174
3508,147521.1,147548.39,425.99115,0.40336916,839.5972
3509,147523.4,147545.89,439.57175,0.4026123,819.2646
3510,147517.0,147543.0,470.7347,0.40302736,832.2245
3511,147570.38,147545.73,491.10638,0.4043579,894.0632
3512,147557.56,147546.92,454.58713,0.39853516,847.97205
3513,147547.8,147547.02,409.19733,0.40404055,916.50995
3514,147579.25,147550.23,461.79254,0.4009888,815.22943
3515,147569.88,147552.2,450.33115,0.39967042,866.0904
3516,147524.02,147549.39,476.80618,0.39750978,802.04083
3517,147557.1,147550.16,434.46597,0.39698488,845.538
3518,147572.6,147552.4,436.3291,0.40006104,817.0259
3519,147531.14,147550.28,433.3966,0.4005127,828.344
3520,147568.28,147552.08,419.21692,0.39837646,871.36804
3521,147562.88,147553.16,387.78674,0.3991211,904.6263
3522,147543.44,147552.19,357.5089,0.400354,776.7025
3523,147554.81,147552.45,322.37817,0.40021974,833.73846
3524,147541.77,147551.39,300.42038,0.39782715,827.5719
3525,147537.72,147550.03,287.20114,0.39871827,816.88324
3526,147548.4,147549.88,258.7187,0.40323487,793.8054
3527,147550.31,147549.92,232.86403,0.40319824,754.61975
3528,147564.19,147551.34,227.89336,0.4027588,894.58936
3529,147582.62,147554.47,293.1705,0.3992798,879.75806
3530,147538.16,147552.84,287.80225,0.4020508,913.0032
3531,147526.78,147550.23,320.15485,0.39925537,861.30316
3532,147543.02,147549.52,292.82928,0.3999878,815.2015
3533,147501.4,147544.7,471.8524,0.40148926,821.5728
3534,147558.4,147546.08,441.56693,0.40585938,850.65283
3535,147566.78,147548.16,435.98596,0.39903566,886.99
3536,147545.06,147547.84,393.24878,0.4040161,890.3247
3537,147545.95,147547.66,354.2456,0.40089113,818.8681
3538,147573.6,147550.25,379.3689,0.40126953,888.7946
3539,147567.69,147552.0,368.79797,0.39832765,1033.8489
3540,147558.22,147552.62,335.3987,0.4011719,1039.7025
3541,147568.02,147554.16,323.17725,0.4014038,890.22955
3542,147556.05,147554.34,291.1812,0.4011963,865.4763
3543,147542.25,147553.14,275.22638,0.39941406,870.8328
3544,147566.7,147554.5,264.25845,0.40086672,1056.2961
3545,147526.5,147551.7,308.3926,0.39952394,809.36816
3546,147532.45,147549.78,310.90396,0.39666748,814.5274
3547,147549.9,147549.8,279.81497,0.40426025,1207.0629
3548,147536.72,147548.48,267.22684,0.4003296,801.56866
3549,147555.45,147549.19,244.87486,0.4029541,798.46515
3550,147541.38,147548.4,225.88054,0.39918214,828.6718
3551,147569.53,147550.52,243.45639,0.3994507,838.8856
3552,147547.06,147550.17,220.18391,0.39832765,795.4539
3553,147538.73,147549.03,209.939,0.40366212,827.02423
3554,147536.47,147547.78,203.14857,0.40227053,960.7113
3555,147572.69,147550.27,238.66261,0.39996338,909.76666
3556,147539.75,147549.22,224.7484,0.3968384,837.42645
3557,147508.72,147545.17,349.89606,0.39785156,776.90643
3558,147530.92,147543.75,333.18207,0.39932862,826.7546
3559,147579.34,147547.31,413.8862,0.39989015,1014.2619
3560,147549.9,147547.58,373.10306,0.39980468,836.2894
3561,147555.6,147548.38,341.57526,0.40029296,863.9803
3562,147540.97,147547.64,312.35446,0.39693603,841.49786
3563,147558.19,147548.69,291.1303,0.39992675,1258.3058
3564,147592.64,147553.08,435.88623,0.40214846,1254.842
3565,147580.0,147555.77,457.52844,0.3975586,1002.2189
3566,147566.53,147556.84,422.20648,0.4039917,938.52515
3567,147559.31,147557.1,380.53433,0.39832765,930.0467
3568,147544.72,147555.86,356.26355,0.4005371,809.2935
3569,147527.28,147553.0,394.14102,0.40130615,785.35895
3570,147531.61,147550.86,395.9072,0.40161133,838.2876
3571,147576.78,147553.45,416.79138,0.40102538,822.9879
3572,147577.86,147555.89,428.72208,0.3963623,997.769
3573,147544.92,147554.8,396.67807,0.39886475,870.1122
3574,147568.6,147556.17,374.1421,0.39871827,816.9785
3575,147590.88,147559.64,445.1155,0.4006714,1828.3129
3576,147582.5,147561.92,447.63354,0.39713135,969.14246
3577,147585.98,147564.33,454.98053,0.39801025,898.46814
3578,147575.38,147565.44,420.46548,0.3994995,916.8757
3579,147589.16,147567.81,429.05103,0.39980468,883.04706
3580,147576.27,147568.66,392.5769,0.3984375,889.2876
3581,147544.03,147566.19,407.89438,0.3975586,847.9773
3582,147536.83,147563.25,444.6825,0.39761963,789.4564
3583,147549.84,147561.9,416.3897,0.3985962,857.7824
3584,147545.38,147560.25,399.34613,0.39959717,823.4123
3585,147562.66,147560.48,359.93262,0.40162355,812.273
3586,147545.6,147559.0,343.8951,0.3994507,892.926
3587,147542.23,147557.33,334.80334,0.40064698,816.2933
3588,147529.83,147554.58,369.3855,0.3982422,870.2798
3589,147536.83,147552.8,360.80258,0.4006958,830.61664
3590,147526.36,147550.16,387.62704,0.39919433,756.58655
3591,147520.75,147547.22,426.6898,0.40037844,887.789
3592,147520.6,147544.56,447.82095,0.4036255,795.1756
3593,147525.39,147542.64,436.11932,0.40427247,804.2029
3594,147556.06,147543.98,408.72058,0.4,877.4941
3595,147532.84,147542.88,379.01874,0.4004883,846.65784
3596,147554.66,147544.05,353.60867,0.401355,971.2703
3597,147538.28,147543.47,321.23962,0.40134278,849.8757
3598,147546.25,147543.75,289.81183,0.4045044,862.9735
3599,147555.2,147544.89,272.6363,0.39921877,997.41846
3600,147539.19,147544.31,248.29996,0.4051636,834.2963
3601,147537.27,147543.61,227.93922,0.4013672,792.4808
3602,147517.6,147541.0,266.05844,0.40056154,793.90643
3603,147536.22,147540.52,241.51003,0.3999878,787.7828
3604,147507.06,147537.17,318.07907,0.39838868,754.66754
3605,147495.28,147532.98,444.20535,0.40296632,790.12537
3606,147499.44,147529.62,501.07016,0.40104982,829.9215
3607,147553.62,147532.03,502.80313,0.40491945,935.3212
3608,147523.66,147531.19,458.83548,0.39920655,803.818
3609,147513.22,147529.39,442.01077,0.40316162,806.8999
3610,147537.83,147530.23,404.21692,0.4010132,838.174
3611,147536.9,147530.9,367.80145,0.40238038,830.74695
3612,147506.19,147528.44,386.0128,0.40198976,825.07184
3613,147548.72,147530.47,384.43112,0.40556642,854.0891
3614,147551.12,147532.53,384.38925,0.40574953,862.5762
3615,147524.12,147531.69,352.31015,0.4041748,875.5032
3616,147569.47,147535.47,445.54718,0.40115967,930.6739
3617,147535.0,147535.42,401.01224,0.40109864,896.9987
3618,147502.05,147532.08,461.16116,0.40063477,897.165
3619,147500.12,147528.88,506.9352,0.40219727,809.51807
3620,147501.53,147526.14,523.5329,0.40159914,778.7872
3621,147529.55,147526.48,472.22385,0.40107423,858.10614
3622,147544.78,147528.31,455.13126,0.40102538,845.9669
3623,147558.1,147531.3,489.4412,0.40039062,849.0557
3624,147548.97,147533.06,468.60364,0.3979126,846.0967
3625,147513.52,147531.11,456.1305,0.40026855,821.324
3626,147539.1,147531.9,416.25497,0.40579835,921.1483
3627,147555.5,147534.27,424.7293,0.39757082,979.67413
3628,147545.64,147535.4,393.90152,0.39936525,1002.0784
3629,147562.62,147538.12,421.18878,0.4029419,984.0039
3630,147561.28,147540.44,427.32895,0.40100098,967.25867
3631,147584.78,147544.88,561.56915,0.40148926,1459.3174
3632,147564.06,147546.8,538.54663,0.40400392,1503.5571
3633,147541.8,147546.3,486.94196,0.40246582,904.52484
3634,147537.19,147545.39,445.716,0.39488527,854.1294
3635,147523.64,147543.22,443.72,0.4046997,886.0083
3636,147517.23,147540.62,460.11487,0.40164796,849.87396
3637,147538.0,147540.36,414.7235,0.40092775,837.65625
3638,147530.36,147539.36,382.25116,0.40065917,834.2821
3639,147548.97,147540.31,352.33664,0.39897463,847.7586
3640,147531.36,147539.42,324.31723,0.3972046,872.1751
3641,147535.94,147539.08,292.97818,0.4019409,886.1328
3642,147536.84,147538.86,264.12967,0.4001587,844.91516
3643,147528.75,147537.84,246.91464,0.39954835,854.4197
3644,147519.27,147535.98,253.28638,0.40528566,960.21497
3645,147535.0,147535.89,228.04494,0.4029297,1456.5631
3646,147528.25,147535.12,210.49457,0.3970215,801.8627
3647,147542.62,147535.88,194.5076,0.4005127,833.8197
3648,147521.25,147534.4,194.30699,0.40046388,763.5648
3649,147553.19,147536.28,206.62248,0.4031372,860.01404
3650,147516.31,147534.28,221.84782,0.40042725,912.8002
3651,147504.58,147531.31,279.06784,0.4070923,780.8211
3652,147520.75,147530.25,261.20203,0.40214846,1047.9016
3653,147552.11,147532.44,278.08673,0.39958498,827.5144
3654,147557.75,147534.97,307.94308,0.39866945,826.2822
3655,147569.7,147538.44,385.73166,0.3984253,1024.3613
3656,147564.6,147541.05,408.73193,0.39978027,893.16766
3657,147561.78,147543.12,406.55103,0.39885256,817.7587
3658,147565.62,147545.38,411.4584,0.39974365,941.7058
3659,147520.66,147542.9,425.30405,0.39831543,773.6922
3660,147552.19,147543.83,390.52637,0.40104982,887.63904
3661,147527.34,147542.19,375.92984,0.4007202,865.8127
3662,147531.36,147541.11,348.8892,0.399646,857.35065
3663,147535.56,147540.56,316.76938,0.40092775,800.48773
3664,147496.0,147536.11,463.8159,0.394104,761.7992
3665,147528.86,147535.39,422.16492,0.40540773,814.4847
3666,147535.48,147535.4,379.94922,0.40303954,824.6056
3667,147490.38,147530.9,524.4575,0.40280762,819.89075
3668,147471.05,147524.92,794.49475,0.402771,803.7274
3669,147515.72,147524.0,722.668,0.40561524,818.6817
3670,147523.95,147524.0,650.4014,0.40753174,763.82184
3671,147502.84,147521.89,625.64404,0.40318605,822.56415
3672,147539.28,147523.62,590.2987,0.4069458,849.1942
3673,147527.88,147524.05,532.8945,0.4025879,819.82556
3674,147537.9,147525.44,496.89243,0.40158692,887.5152
3675,147556.9,147528.58,536.32855,0.40208742,899.5417
3676,147523.53,147528.08,484.9881,0.39863282,823.85956
3677,147554.17,147530.69,497.76883,0.40300295,824.798
3678,147538.31,147531.45,453.22458,0.40305176,832.74426
3679,147520.88,147530.39,417.9728,0.40270996,821.5768
3680,147566.81,147534.03,495.56528,0.40097657,868.0719
3681,147527.2,147533.34,450.20483,0.3980591,874.2031
3682,147523.86,147532.39,413.28015,0.40131837,862.3282
3683,147521.89,147531.34,381.87463,0.40527344,887.2916
3684,147513.62,147529.58,371.94302,0.40229493,772.51495
3685,147549.98,147531.62,372.22607,0.4020996,788.08575
3686,147519.97,147530.45,347.2316,0.39937744,873.18414
3687,147502.9,147527.7,380.80316,0.40010986,812.15924
3688,147520.44,147526.97,347.47388,0.4046875,896.6488
3689,147541.25,147528.39,331.08237,0.40280762,939.1537
3690,147527.47,147528.3,298.05063,0.4022583,854.60474
3691,147549.31,147530.4,307.99463,0.40021974,935.7584
3692,147521.1,147529.47,285.0002,0.39886475,1457.2313
3693,147540.9,147530.61,268.27365,0.40344238,1030.4557
3694,147517.98,147529.34,255.79143,0.3991455,797.75574
3695,147555.9,147532.0,293.71326,0.40148926,861.9661
3696,147512.62,147530.06,298.12708,0.40037844,776.32635
3697,147496.72,147526.73,368.37686,0.40107423,849.21704
3698,147537.16,147527.78,341.31454,0.40463868,871.35266
3699,147561.69,147531.17,410.65012,0.3998413,871.2804
3700,147540.16,147532.06,376.8498,0.40046388,833.91144
3701,147529.55,147531.81,339.73438,0.40355226,782.5256
3702,147544.64,147533.1,320.5714,0.4024048,795.1827
3703,147540.86,147533.88,293.9417,0.39882812,796.5632
3704,147511.17,147531.61,310.9364,0.40001222,801.205
3705,147486.55,147527.11,462.59933,0.40262452,751.566
3706,147525.66,147526.97,416.52942,0.4036133,876.58527
3707,147540.69,147528.34,391.81482,0.4058838,827.41455
3708,147550.3,147530.53,396.0079,0.40212402,785.26855
3709,147546.16,147532.1,378.37976,0.39757082,850.05444
3710,147511.94,147530.08,377.10648,0.39603272,775.27264
3711,147498.8,147526.95,427.4623,0.4009033,754.30536
3712,147482.84,147522.55,559.82336,0.39919433,822.8513
3713,147534.72,147523.77,517.1749,0.40263674,790.87616
3714,147537.97,147525.19,483.61298,0.40023193,838.1681
3715,147525.3,147525.2,435.25275,0.40112305,766.2918
3716,147549.0,147527.58,442.69366,0.40009767,768.8528
3717,147527.53,147527.58,398.42447,0.3966553,732.28143
3718,147507.78,147525.6,393.85446,0.40201417,826.1384
3719,147530.0,147526.03,356.21634,0.40197754,926.30743
3720,147530.92,147526.52,322.74734,0.39779052,890.72687
3721,147506.16,147524.48,327.77798,0.4032471,1356.7697
3722,147519.2,147523.95,297.5104,0.4005127,932.19196
3723,147527.16,147524.28,268.68277,0.40145263,820.53467
3724,147498.12,147521.67,303.38794,0.4041748,817.8883
3725,147503.56,147519.86,302.5646,0.40305176,842.2128
3726,147537.27,147521.6,299.5761,0.4060669,889.09845
3727,147520.9,147521.53,269.66104,0.40386963,874.3828
3728,147520.9,147521.47,242.73009,0.40159914,820.9094
3729,147531.4,147522.47,227.34492,0.39920655,986.8604
3730,147512.19,147521.44,214.1238,0.39975587,784.65625
3731,147514.77,147520.77,196.71765,0.40227053,895.5599
3732,147529.12,147521.6,183.335,0.40296632,867.0795
3733,147545.36,147523.97,215.83395,0.401355,1080.8209
3734,147531.25,147524.7,199.02205,0.40202639,879.2473
3735,147499.0,147522.12,238.57838,0.40025637,830.08325
3736,147540.2,147523.94,244.13422,0.40145263,806.22754
3737,147545.92,147526.14,263.21893,0.40063477,1481.7006
3738,147524.06,147525.94,237.2857,0.39765626,768.6221
3739,147528.12,147526.16,213.9878,0.40231934,804.7796
3740,147527.86,147526.33,192.85007,0.40081787,792.98975
3741,147501.3,147523.83,229.95576,0.3991089,775.7574
3742,147524.0,147523.84,206.96284,0.40307617,784.0142
3743,147518.52,147523.31,188.82156,0.39901122,801.1053
3744,147542.95,147525.28,204.65727,0.40107423,878.418
3745,147539.19,147526.67,201.59608,0.39752197,840.68164
3746,147483.4,147522.34,349.90875,0.40670165,837.7813
3747,147508.03,147520.9,333.35416,0.4027588,811.41364
3748,147506.23,147519.44,319.3925,0.40386963,797.4128
3749,147499.55,147517.45,323.06055,0.40355226,788.193
3750,147528.38,147518.55,301.49036,0.4026001,921.2238
3751,147495.97,147516.28,317.22076,0.39996338,772.18274
3752,147503.53,147515.0,300.1293,0.40158692,754.6559
3753,147516.45,147515.14,270.3064,0.40246582,775.22504
3754,147488.6,147512.48,306.70206,0.40178224,732.94977
3755,147480.03,147509.23,370.8203,0.4037842,852.6496
3756,147500.64,147508.38,340.385,0.40667725,806.0572
3757,147485.11,147506.05,355.06253,0.3997925,788.4854
3758,147546.61,147510.11,467.63474,0.40317383,974.53534
3759,147506.9,147509.78,421.79465,0.39886475,889.7646
3760,147538.6,147512.66,454.3296,0.40270996,835.44775
3761,147522.16,147513.61,417.0191,0.3984619,787.4768
3762,147517.69,147514.02,376.814,0.40716553,825.6318
3763,147513.16,147513.94,339.19907,0.40185547,765.3785
3764,147514.4,147513.98,305.29892,0.4024292,767.52216
3765,147518.97,147514.48,277.00497,0.40081787,797.1866
3766,147518.88,147514.92,251.03946,0.4042847,847.64594
3767,147510.38,147514.47,227.79617,0.40152588,777.3132
3768,147478.75,147510.89,319.8412,0.4069092,780.40393
3769,147493.12,147509.11,316.26263,0.40437013,789.21497
3770,147509.72,147509.17,284.6698,0.4046509,879.19684
3771,147532.4,147511.5,304.78806,0.40651855,842.3515
3772,147500.98,147510.45,284.2613,0.40570068,782.22656
3773,147498.53,147509.27,268.62695,0.406958,787.685
3774,147497.06,147508.05,255.16672,0.40310058,820.0111
3775,147509.9,147508.23,229.9612,0.4032715,838.58405
3776,147508.48,147508.27,206.9707,0.40566406,787.1578
3777,147533.44,147510.78,243.29973,0.39838868,984.0326
3778,147505.73,147510.28,221.26213,0.40498048,837.713
3779,147534.97,147512.75,253.98846,0.40269777,852.2251
3780,147510.44,147512.52,229.07089,0.39731446,756.89453
3781,147539.5,147515.22,271.69788,0.40678713,861.2004
3782,147530.34,147516.73,265.11697,0.40212402,846.8493
3783,147503.33,147515.39,254.78075,0.4014038,773.36896
3784,147533.19,147517.17,257.80826,0.40238038,1118.2192
3785,147508.61,147516.31,238.6259,0.4060913,801.3227
3786,147485.94,147513.28,297.80096,0.40159914,765.3237
3787,147498.0,147511.75,289.03735,0.40386963,792.95386
3788,147498.34,147510.4,276.30908,0.40402833,844.48944
3789,147482.28,147507.6,319.86957,0.4036377,791.2113
3790,147517.06,147508.55,295.95175,0.40217286,795.02124
3791,147536.5,147511.34,336.6805,0.40249023,1009.1467
3792,147504.14,147510.62,307.6821,0.40198976,856.45105
3793,147502.03,147509.77,283.5606,0.40115967,835.7437
3794,147468.42,147505.62,409.04205,0.40432128,738.4362
3795,147535.5,147508.61,448.46423,0.4008789,884.5387
3796,147487.92,147506.55,442.13535,0.4036133,852.92096
3797,147516.77,147507.56,407.31985,0.40096435,809.1738
3798,147531.12,147509.92,416.55508,0.40427247,841.5915
3799,147499.9,147508.92,383.9277,0.40472412,823.0677
3800,147509.08,147508.94,345.5371,0.40289307,834.9252
3801,147521.64,147510.2,325.50662,0.40187988,834.96625
3802,147526.64,147511.84,317.27316,0.4019043,829.42114
3803,147527.6,147513.42,307.87146,0.40096435,818.0273
3804,147524.86,147514.56,288.8578,0.4036133,884.4098
3805,147501.9,147513.3,274.38828,0.40236816,794.6013
3806,147507.08,147512.67,250.43,0.4000244,915.6105
3807,147518.56,147513.27,228.50993,0.40316162,824.0487
3808,147495.81,147511.52,233.07399,0.4011719,1025.2484
3809,147489.78,147509.34,252.28105,0.40854493,770.90155
3810,147498.53,147508.27,237.57486,0.40134278,762.0271
3811,147509.0,147508.34,213.8659,0.4048706,839.2936
3812,147526.11,147510.12,220.88487,0.3999512,866.04266
3813,147516.66,147510.78,202.63553,0.40421143,848.13617
3814,147492.75,147508.98,211.63332,0.3977661,1010.56506
3815,147492.33,147507.31,215.43875,0.40147707,746.1022
3816,147522.1,147508.8,213.55856,0.40180665,905.15106
3817,147478.28,147505.75,276.011,0.4046997,801.1299
3818,147513.95,147506.56,254.4661,0.40679932,779.95337
3819,147522.89,147508.19,253.01418,0.40112305,786.40906
3820,147499.34,147507.3,234.75182,0.39801025,767.15845
3821,147512.81,147507.84,214.01462,0.40593264,748.07117
3822,147527.56,147509.81,227.60776,0.40319824,816.9107
3823,147521.98,147511.03,218.1809,0.40025637,828.76624
3824,147498.73,147509.8,209.97197,0.40562746,794.65826
3825,147519.22,147510.73,196.96422,0.40445557,825.08844
3826,147469.3,147506.6,331.80377,0.39904785,723.16943
3827,147508.27,147506.77,298.87494,0.4041504,926.9149
3828,147494.38,147505.53,282.8049,0.4044922,915.8277
3829,147509.34,147505.9,255.83258,0.4044678,817.0493
3830,147507.58,147506.08,230.50087,0.39837646,763.9142
3831,147502.33,147505.7,208.7164,0.40301514,817.3242
3832,147492.38,147504.38,203.83224,0.4036377,914.8181
3833,147462.86,147500.22,338.56824,0.40620118,788.04535
3834,147510.03,147501.2,313.37708,0.40227053,818.9577
3835,147499.31,147501.02,282.36105,0.40357667,798.4397
3836,147478.47,147498.77,299.87747,0.40230712,813.3892
3837,147507.44,147499.62,276.65784,0.3991455,823.5784
3838,147512.16,147500.88,263.12494,0.39908448,989.0504
3839,147514.0,147502.19,252.31635,0.39874268,853.3732
3840,147526.1,147504.58,278.5205,0.40096435,843.1104
3841,147511.9,147505.31,255.50159,0.40302736,791.4113
3842,147518.19,147506.6,244.87033,0.40355226,858.3848
3843,147501.62,147506.1,222.60526,0.40351564,797.03735
3844,147492.0,147504.69,218.22176,0.4013794,858.91266
3845,147537.78,147508.0,294.96725,0.40458986,848.5588
3846,147511.38,147508.34,266.4957,0.40184328,757.0173
3847,147495.19,147507.03,255.42393,0.40021974,738.8213
3848,147490.19,147505.34,255.41562,0.40162355,782.37036
3849,147520.66,147506.88,250.9766,0.40251467,813.30164
3850,147521.34,147508.33,244.71996,0.39882812,863.07776
3851,147536.72,147511.17,292.79044,0.40473634,1531.7839
3852,147531.12,147513.17,299.34283,0.40097657,2163.17
3853,147509.66,147512.81,270.5209,0.40429688,925.5555
3854,147492.67,147510.8,279.97684,0.39956054,834.1719
3855,147545.11,147514.23,357.94043,0.40097657,934.10846
3856,147516.02,147514.4,322.43195,0.4048462,799.34985
3857,147505.25,147513.48,297.73407,0.4038208,748.76697
3858,147521.47,147514.28,273.69818,0.39996338,805.2146
3859,147520.95,147514.95,250.33461,0.40108642,820.8535
3860,147506.5,147514.11,231.73212,0.39855957,777.3945
3861,147494.12,147512.11,244.50267,0.40174562,784.42053
3862,147509.84,147511.88,220.51437,0.403479,954.8462
3863,147520.78,147512.77,205.60185,0.3997925,761.9177
3864,147507.12,147512.2,187.90517,0.40230712,752.6557
3865,147519.12,147512.89,173.42676,0.404834,816.4881
3866,147524.9,147514.1,169.07785,0.4027466,888.699
3867,147513.47,147514.03,152.20522,0.40389404,1303.7148
3868,147502.81,147512.9,148.31212,0.4046631,864.87244
3869,147487.81,147510.39,190.15358,0.40512696,835.04584
3870,147522.62,147511.61,184.6094,0.40184328,944.4941
3871,147518.25,147512.28,170.11728,0.40150148,819.4909
3872,147526.61,147513.72,171.5821,0.40159914,822.2808
3873,147514.44,147513.8,154.4704,0.39779052,781.4024
3874,147537.64,147516.19,190.19055,0.40249023,823.9243
3875,147488.72,147513.44,239.07939,0.39865723,784.98303
3876,147486.81,147510.78,278.9716,0.40102538,733.0628
3877,147516.52,147511.36,254.03389,0.40716553,739.4144
3878,147519.56,147512.19,234.68669,0.4036377,804.784
3879,147513.56,147512.33,211.38817,0.3999878,779.05493
3880,147472.44,147508.34,333.46292,0.39982912,779.1704
3881,147492.53,147506.77,322.61978,0.40208742,772.1358
3882,147521.31,147508.22,309.40283,0.40124512,1015.38586
3883,147521.06,147509.5,293.3091,0.40252686,814.2515
3884,147514.0,147509.95,265.8007,0.40009767,792.8601
3885,147482.67,147507.22,306.20462,0.40001222,874.21967
3886,147514.6,147507.95,280.4793,0.40218505,787.607
3887,147502.03,147507.36,255.58755,0.399646,830.19476
3888,147494.28,147506.05,245.42215,0.40263674,794.81775
3889,147530.95,147508.53,276.70886,0.40125734,825.6274
3890,147523.98,147510.08,270.52988,0.4018921,1008.8869
3891,147474.5,147506.52,357.39914,0.40227053,778.5273
3892,147505.44,147506.4,321.76382,0.40222168,792.37634
3893,147512.6,147507.03,293.0331,0.40233156,749.1167
3894,147497.5,147506.08,271.90582,0.40146485,866.04425
3895,147494.22,147504.89,257.37326,0.40255126,764.88727
3896,147528.45,147507.25,281.60315,0.4044678,797.7898
3897,147541.1,147510.64,356.52878,0.39973146,832.74207
3898,147506.27,147510.2,322.59854,0.403479,769.52075
3899,147514.47,147510.62,291.9763,0.39715576,767.2214
3900,147518.84,147511.45,268.85797,0.40310058,780.7777
3901,147497.69,147510.08,259.0265,0.4012085,844.52545
3902,147485.62,147507.62,286.93982,0.40444335,892.0094
3903,147475.56,147504.42,350.76617,0.40644532,853.1845
3904,147578.27,147511.81,806.4505,0.4027588,2990.585
3905,147468.97,147507.53,891.0083,0.40178224,779.3641
3906,147495.2,147506.3,815.5859,0.40729982,885.2317
3907,147472.42,147502.9,837.3037,0.40463868,765.71533
3908,147513.55,147503.97,763.76337,0.40214846,751.88086
3909,147482.53,147501.83,728.748,0.40434572,764.566
3910,147476.88,147499.33,711.9125,0.4027466,763.88007
3911,147470.75,147496.47,714.22504,0.40872803,739.5246
3912,147475.28,147494.34,683.2044,0.40673828,817.5284
3913,147488.44,147493.75,618.0235,0.4011719,724.6366
3914,147505.81,147494.95,569.3165,0.40216064,807.6004
3915,147512.84,147496.75,541.1916,0.40445557,762.13306
3916,147501.97,147497.27,489.5236,0.402417,799.947
3917,147500.31,147497.56,441.40674,0.4009888,953.51807
3918,147488.94,147496.7,403.9612,0.40356445,853.52
3919,147489.73,147496.0,367.9358,0.40124512,773.7385
3920,147491.69,147495.56,332.816,0.40028077,734.56116
3921,147504.4,147496.45,306.5735,0.4026001,752.90753
3922,147480.75,147494.88,298.10907,0.39959717,836.40216
3923,147501.14,147495.5,271.8314,0.4041748,802.3392
3924,147523.44,147498.3,314.8936,0.40250245,781.94116
3925,147516.5,147500.12,313.22604,0.39976808,809.70844
3926,147492.66,147499.38,286.92383,0.40493163,954.7572
3927,147502.03,147499.64,258.86646,0.40427247,791.3383
3928,147510.39,147500.72,243.38042,0.40195313,857.91254
3929,147518.19,147502.47,246.50653,0.4015747,808.9378
3930,147503.1,147502.53,221.89102,0.40211183,800.08606
3931,147490.39,147501.31,212.96744,0.3984253,839.1248
3932,147468.45,147498.03,288.84714,0.4038208,734.19055
3933,147481.44,147496.38,284.74414,0.40432128,750.2499
3934,147492.78,147496.02,257.43207,0.40303954,788.83105
3935,147527.02,147499.11,318.17886,0.40070802,1245.6063
3936,147497.34,147498.94,286.64154,0.39847413,1115.0339
3937,147483.25,147497.38,280.12616,0.40437013,836.36914
3938,147505.14,147498.16,257.541,0.40268555,880.4355
3939,147494.66,147497.81,232.88939,0.40340576,840.5282
3940,147497.23,147497.75,209.63052,0.39932862,810.27246
3941,147478.02,147495.78,223.71756,0.40491945,801.2769
3942,147518.56,147498.06,248.05447,0.4034668,1052.0298
3943,147508.48,147499.11,233.02441,0.40169677,889.0586
3944,147504.25,147499.62,212.10031,0.40024415,775.19135
3945,147509.39,147500.6,199.47334,0.4001709,883.2108
3946,147500.61,147500.6,179.52603,0.4022095,810.21436
3947,147477.14,147498.25,211.07785,0.39823,832.547
3948,147512.94,147499.72,209.3851,0.4029297,850.2222
3949,147499.47,147499.69,188.45221,0.39779052,731.4591
3950,147509.16,147500.64,177.67613,0.40216064,899.7122
3951,147512.97,147501.88,173.58696,0.40231934,790.3186
3952,147482.39,147499.92,190.39595,0.39884034,826.2512
3953,147497.61,147499.69,171.83763,0.40570068,772.09705
3954,147488.31,147498.55,166.29901,0.40177003,793.56024
3955,147491.86,147497.88,153.69414,0.40350342,890.23376
3956,147509.81,147499.06,151.15007,0.40526125,777.4283
3957,147523.2,147501.47,188.48434,0.40158692,901.3149
3958,147518.69,147503.19,196.31958,0.39838868,828.3403
3959,147501.12,147502.98,177.07047,0.4027466,804.28687
3960,147511.34,147503.81,165.65254,0.40423584,772.08673
3961,147487.42,147502.17,173.26602,0.39937744,804.18713
3962,147492.66,147501.22,164.08867,0.4055054,817.2063
3963,147508.81,147501.98,152.86966,0.4015381,900.1272
3964,147512.08,147503.0,146.75224,0.40283203,1047.6444
3965,147474.95,147500.19,202.87346,0.39948732,804.8157
3966,147484.69,147498.64,204.20862,0.40600586,860.16205
3967,147508.1,147499.6,191.83029,0.40180665,871.5438
3968,147506.5,147500.28,176.93991,0.40141603,912.77985
3969,147486.62,147498.92,176.0303,0.40251467,877.97876
3970,147475.19,147496.55,209.12613,0.40065917,1016.85724
3971,147518.06,147498.7,229.8765,0.40651855,1043.4329
3972,147491.58,147497.98,211.45775,0.4015625,778.0763
3973,147533.94,147501.58,306.6484,0.40202639,973.0869
3974,147497.84,147501.2,277.23868,0.4017212,928.69507
3975,147526.48,147503.73,307.03754,0.39813232,853.8902
3976,147496.69,147503.03,280.80304,0.39901122,854.97894
3977,147475.36,147500.27,321.63867,0.40447998,762.9742
3978,147493.03,147499.55,294.18506,0.40339357,761.60626
3979,147493.36,147498.92,268.21222,0.40114745,864.95447
3980,147482.34,147497.27,266.12607,0.40219727,739.8878
3981,147516.22,147499.16,271.84332,0.3984375,875.54376
3982,147536.02,147502.84,366.9342,0.39833984,1815.0303
3983,147487.89,147501.34,350.3644,0.4024048,776.9249
3984,147492.56,147500.47,322.26788,0.39853516,766.34576
3985,147500.45,147500.47,290.0411,0.40142822,777.02026
3986,147496.38,147500.06,262.5453,0.4036499,785.5128
3987,147524.3,147502.48,289.1482,0.40073243,790.89764
3988,147478.92,147500.12,310.2006,0.4015503,797.5955
3989,147499.94,147500.11,279.1837,0.4024414,831.632
3990,147498.8,147499.98,251.42035,0.40169677,769.0881
3991,147527.27,147502.72,293.2623,0.39804688,943.1995
3992,147500.19,147502.47,264.5127,0.4014038,837.5705
3993,147555.9,147507.81,495.06238,0.40452883,875.77765
3994,147536.44,147510.67,519.30133,0.3947632,771.9956
3995,147507.77,147510.38,468.13132,0.39967042,789.2711
3996,147507.22,147510.06,422.21475,0.40047607,791.3617
3997,147537.34,147512.8,446.97726,0.404834,969.5708
3998,147520.33,147513.55,407.3843,0.4048584,887.58685
3999,147466.94,147508.89,562.1649,0.4015625,731.62506
4000,147527.45,147510.75,536.9594,0.40413818,1463.9182
4001,147502.4,147509.92,489.52908,0.40213624,913.7927
4002,147500.4,147508.97,448.7254,0.39996338,814.76025
4003,147501.53,147508.22,408.83133,0.401062,1055.2853
4004,147484.34,147505.83,419.24957,0.4042847,801.78467
4005,147488.42,147504.1,404.5926,0.4022461,791.2121
4006,147506.5,147504.33,364.65442,0.40310058,907.6159
4007,147485.81,147502.47,359.04352,0.39969483,764.0546
4008,147480.19,147500.23,367.82004,0.4009033,726.81165
4009,147468.47,147497.06,421.85297,0.4041504,721.49286
4010,147460.12,147493.38,502.4618,0.4006714,766.8887
4011,147504.19,147494.45,462.73755,0.40358886,783.2447
4012,147492.47,147494.25,416.81818,0.4055054,775.9161
4013,147485.36,147493.36,382.25024,0.40302736,853.8856
4014,147459.98,147490.02,444.27536,0.40280762,787.1285
4015,147693.88,147510.4,4140.126,0.4058838,8821.763
4016,147494.31,147508.8,3749.424,0.40056154,1053.9465
4017,147582.34,147516.16,3861.3044,0.40185547,2900.9612
4018,147530.81,147517.62,3494.5063,0.39782715,938.5098
4019,147468.94,147512.75,3358.3982,0.40336916,777.5817
4020,147504.4,147511.92,3028.824,0.406543,916.0535
4021,147461.4,147506.88,2955.606,0.40061036,761.0621
4022,147472.86,147503.47,2764.181,0.40272218,824.1144
4023,147492.97,147502.42,2497.685,0.40386963,843.3403
4024,147499.81,147502.16,2248.5293,0.40423584,871.09283
4025,147517.97,147503.73,2046.1794,0.39940187,853.7717
4026,147482.56,147501.62,1881.9039,0.40386963,1028.1461
4027,147463.69,147497.83,1823.2463,0.3996094,781.1672
4028,147519.44,147499.98,1682.9485,0.4015381,725.8518
4029,147436.53,147493.64,1877.0205,0.3984619,735.597
4030,147529.38,147497.22,1804.2435,0.40462646,1136.2908
4031,147458.31,147493.33,1760.0518,0.40202639,855.2175
4032,147466.69,147490.66,1647.9216,0.40689698,757.7503
4033,147468.22,147488.4,1528.4391,0.4046753,728.26556
4034,147496.16,147489.19,1381.0007,0.40316162,822.61707
4035,147527.4,147493.02,1374.3612,0.4027954,909.99805
4036,147494.6,147493.17,1237.1492,0.40177003,804.34216
4037,147488.84,147492.73,1115.1202,0.40164796,870.60614
4038,147471.56,147490.62,1043.9506,0.40249023,978.6247
4039,147474.78,147489.05,962.14764,0.4037964,814.57074
4040,147481.28,147488.27,871.36035,0.40218505,716.88696
4041,147477.4,147487.19,794.83765,0.40439454,824.4494
4042,147499.34,147488.4,728.65356,0.40214846,761.11597
4043,147526.86,147492.25,788.866,0.39936525,784.32855
4044,147496.66,147492.69,711.7268,0.40230712,750.0881
4045,147476.6,147491.08,663.8649,0.40006104,804.6381
4046,147494.4,147491.4,598.47534,0.4037964,820.89386
4047,147485.69,147490.83,541.57117,0.39973146,762.4527
4048,147471.47,147488.89,521.1447,0.40091553,808.83203
4049,147476.66,147487.67,482.50143,0.4015625,852.6864
4050,147465.28,147485.44,479.3719,0.40531006,758.2461
4051,147504.45,147487.34,463.97818,0.40533447,833.9549
4052,147491.34,147487.75,419.02036,0.39823,781.01
4053,147500.56,147489.03,391.89273,0.40495607,807.6336
4054,147469.9,147487.12,385.62234,0.40452883,769.3587
4055,147480.03,147486.42,351.58902,0.40201417,881.6304
4056,147455.98,147483.38,399.8098,0.40524903,835.747
4057,147480.78,147483.11,360.4343,0.40769044,789.0947
4058,147493.62,147484.16,334.3429,0.4043091,777.952
4059,147492.34,147484.97,306.94177,0.40374756,949.5918
4060,147485.16,147484.98,276.25073,0.40144044,776.1161
4061,147503.05,147486.8,277.9885,0.40321046,865.835
4062,147465.0,147484.62,292.94897,0.4008545,779.19476
4063,147470.03,147483.17,282.82205,0.40097657,781.4859
4064,147470.86,147481.94,268.18362,0.4007202,768.33075
4065,147469.6,147480.7,255.07838,0.4046875,716.35187
4066,147478.89,147480.52,229.86621,0.40496826,740.3883
4067,147659.56,147498.42,3092.08,0.4009888,6549.8057
4068,147515.28,147500.11,2808.4534,0.40166017,877.4456
4069,147448.84,147494.98,2764.1428,0.40113527,767.14087
4070,147462.81,147491.77,2580.881,0.40478516,846.4001
4071,147492.44,147491.83,2322.8335,0.40351564,764.9316
4072,147471.67,147489.81,2127.1147,0.40581056,766.5199
4073,147491.12,147489.94,1914.5583,0.40354005,837.5982
4074,147452.23,147486.17,1851.0398,0.40438232,736.5907
4075,147485.64,147486.12,1665.9612,0.40375978,730.0407
4076,147495.67,147487.08,1507.5679,0.40208742,865.058
4077,147490.0,147487.38,1357.5795,0.40307617,906.991
4078,147512.56,147489.89,1278.9185,0.40057373,866.71277
4079,147474.88,147488.39,1171.3187,0.40161133,764.2681
4080,147466.19,147486.17,1098.5549,0.40375978,819.0791
4081,147502.6,147487.81,1012.9704,0.40197754,919.4408
4082,147453.9,147484.42,1015.14044,0.4037842,757.58844
4083,147498.84,147485.86,932.34546,0.40512696,837.6702
4084,147448.42,147482.11,965.25183,0.40162355,698.04114
4085,147495.38,147483.44,884.5645,0.40582275,862.9649
4086,147474.06,147482.5,804.0182,0.40283203,823.3612
4087,147494.14,147483.66,735.8117,0.40317383,785.319
4088,147475.88,147482.88,667.6799,0.40238038,732.2413
4089,147524.73,147487.06,758.6105,0.4036499,791.2256
4090,147472.6,147485.61,701.5904,0.4009888,851.1552
4091,147494.19,147486.47,638.0539,0.40463868,761.3232
4092,147484.73,147486.3,574.51917,0.40047607,757.79535
4093,147465.66,147484.23,555.4104,0.40457764,731.866
4094,147434.11,147479.22,725.9958,0.40344238,727.4267
4095,147447.42,147476.03,744.3899,0.40400392,728.6988
4096,147466.69,147475.1,677.8084,0.40620118,807.1322
4097,147458.67,147473.45,634.2985,0.40238038,756.15704
4098,147498.66,147475.97,628.03644,0.40118408,815.59485
4099,147452.08,147473.58,616.6013,0.39733887,749.0959
4100,147470.0,147473.22,556.09344,0.40227053,716.9336
4101,147458.52,147471.75,519.9404,0.4041748,729.7034
4102,147495.7,147474.14,519.5841,0.40203857,946.4184
4103,147498.14,147476.55,519.46564,0.4067505,771.9216
4104,147480.69,147476.97,469.0621,0.4001343,718.6745
4105,147480.17,147477.28,423.07928,0.40439454,738.7885
4106,147463.75,147475.92,397.24988,0.40439454,1034.5715
4107,147472.08,147475.53,358.85458,0.40593264,751.377
4108,147475.06,147475.48,322.9889,0.40354005,1012.9249
4109,147489.84,147476.92,309.24725,0.39985353,1087.3927
4110,147468.8,147476.11,284.26392,0.39940187,821.15063
4111,147477.17,147476.22,255.93912,0.40104982,829.97437
4112,147496.08,147478.2,265.84073,0.40249023,820.35284
4113,147474.58,147477.84,240.4393,0.40269777,826.25055
4114,147472.47,147477.31,218.99553,0.4027588,725.1965
4115,147476.4,147477.22,197.16988,0.40280762,800.6742
4116,147521.27,147481.62,352.06433,0.4036499,1388.6512
4117,147464.31,147479.89,343.83292,0.4052368,742.17773
4118,147466.22,147478.53,326.27243,0.40377197,760.0302
4119,147462.73,147476.95,316.1039,0.40158692,766.95325
4120,147442.72,147473.53,389.97284,0.40476075,704.0256
4121,147481.47,147474.33,356.6459,0.40522462,780.3386
4122,147462.22,147473.12,334.17862,0.4039795,738.56036
4123,147496.73,147475.48,350.92697,0.4029053,910.89514
4124,147502.34,147478.17,380.7626,0.4043579,796.0105
4125,147506.02,147480.95,412.46103,0.4048462,787.7202
4126,147455.44,147478.4,429.80914,0.39919433,737.41675
4127,147478.03,147478.38,386.84088,0.4027588,939.7792
4128,147476.88,147478.22,348.35928,0.40770265,724.1367
4129,147455.56,147475.95,359.72086,0.4005249,749.9989
4130,147492.3,147477.6,347.7894,0.40596923,1010.93994
4131,147474.88,147477.33,313.6757,0.4034302,796.981
4132,147479.4,147477.53,282.69678,0.39980468,778.9723
4133,147472.23,147477.0,256.9522,0.4026001,737.6001
4134,147461.9,147475.48,251.76091,0.40631104,743.1991
4135,147488.88,147476.83,242.72261,0.40086672,826.062
4136,147458.83,147475.03,247.61035,0.40020752,802.1853
4137,147459.94,147473.52,243.35323,0.40206298,774.3898
4138,147480.81,147474.25,223.80989,0.39989015,991.61536
4139,147468.62,147473.69,204.27655,0.4022095,697.74536
4140,147454.94,147471.81,215.48952,0.3989624,747.11566
4141,147477.39,147472.38,196.74095,0.40617678,755.05145
4142,147502.78,147475.42,260.27545,0.40238038,1002.85504
4143,147501.0,147477.98,293.12955,0.4050537,1030.3896
4144,147468.23,147477.02,272.37222,0.40019533,771.6038
4145,147495.69,147478.88,276.51248,0.4024414,878.6477
4146,147451.83,147476.17,314.69925,0.40246582,738.72076
4147,147497.44,147478.3,323.92975,0.40134278,890.0995
4148,147477.66,147478.23,291.5737,0.4011963,708.5153
4149,147484.56,147478.88,266.0204,0.402417,838.6719
4150,147468.64,147477.84,248.84515,0.39953613,707.7215
4151,147462.94,147476.36,243.9583,0.40385744,719.43726
4152,147437.84,147472.5,353.07327,0.40478516,718.7164
4153,147471.22,147472.38,317.91367,0.40390626,770.1042
4154,147450.0,147470.14,331.17993,0.404834,748.0162
4155,147468.48,147469.97,298.3088,0.4048584,721.7589
4156,147464.22,147469.39,271.45355,0.40289307,774.5053
4157,147462.16,147468.67,249.01845,0.40388185,737.47565
4158,147467.31,147468.53,224.2829,0.40095216,767.6076
4159,147470.89,147468.77,202.3556,0.40600586,761.43195
4160,147496.19,147471.5,249.79636,0.40615234,732.61523
4161,147449.5,147469.3,268.3767,0.4022583,763.25757
4162,147466.08,147468.97,242.47147,0.40262452,795.5179
4163,147464.17,147468.48,220.29521,0.4062744,782.763
4164,147479.12,147469.55,208.45575,0.40109864,820.6868
4165,147455.92,147468.19,204.31783,0.4039795,804.9505
4166,147486.72,147470.05,214.79268,0.40360108,732.8798
4167,147465.5,147469.6,195.17407,0.40249023,750.2213
4168,147481.7,147470.81,188.85399,0.4015625,670.26025
4169,147449.56,147468.69,210.6092,0.39903566,714.69366
4170,147462.06,147468.03,193.49844,0.40092775,764.61053
4171,147469.44,147468.17,174.32657,0.402417,722.8313
4172,147471.97,147468.55,158.19136,0.4058716,742.25977
4173,147466.53,147468.34,142.73787,0.40291747,780.32916
4174,147484.6,147469.97,152.2297,0.40461427,758.5942
4175,147467.97,147469.77,137.36673,0.39967042,828.6107
4176,147510.84,147473.88,275.49716,0.40340576,745.4886
4177,147506.0,147477.1,340.82886,0.40076905,768.2466
4178,147469.31,147476.31,312.19525,0.39974365,726.51654
4179,147478.16,147476.5,281.28165,0.40439454,760.7987
4180,147459.67,147474.81,278.6402,0.4020752,730.7363
4181,147464.33,147473.77,260.66916,0.40509033,700.9239
4182,147439.33,147470.33,341.33698,0.40358886,749.8937
4183,147474.27,147470.72,308.5986,0.404834,810.7506
4184,147470.84,147470.73,277.74014,0.40010986,720.1156
4185,147442.33,147467.89,322.58847,0.40280762,786.95447
4186,147474.02,147468.5,293.70602,0.4046875,762.07513
4187,147479.81,147469.62,275.85297,0.39980468,784.2821
4188,147440.73,147466.73,323.38782,0.40522462,742.57623
4189,147483.81,147468.44,317.29865,0.4046875,754.6813
4190,147481.11,147469.7,300.02066,0.4024048,737.7127
4191,147450.72,147467.81,302.45517,0.40141603,779.44867
4192,147455.7,147466.6,285.40698,0.40593264,766.4055
4193,147456.67,147465.6,265.7262,0.40732422,741.958
4194,147489.81,147468.02,291.94287,0.40407714,794.6989
4195,147489.94,147470.2,305.99976,0.4046509,823.768
4196,147457.94,147468.97,288.93988,0.4032471,768.1304
4197,147502.06,147472.28,358.61356,0.40452883,836.31793
4198,147500.14,147475.06,392.60522,0.3996338,750.80896
4199,147465.9,147474.14,360.89,0.40187988,758.0008
4200,147507.72,147477.5,426.27515,0.40093994,792.48627
4201,147469.38,147476.69,389.58902,0.40231934,735.1492
4202,147486.22,147477.64,358.80612,0.4036255,758.48706
4203,147458.69,147475.75,355.25537,0.4032471,736.5649
4204,147449.81,147473.16,380.27768,0.4034302,749.259
4205,147469.5,147472.8,343.45303,0.40687257,800.74023
4206,147441.16,147469.62,399.20935,0.40838623,781.66187
4207,147440.3,147466.69,436.7009,0.4022461,735.9354
4208,147475.08,147467.53,399.36703,0.40097657,831.54614
4209,147495.28,147470.31,428.73596,0.4019165,743.6391
4210,147465.81,147469.86,387.68484,0.4022095,805.495
4211,147464.48,147469.33,351.5165,0.40769044,780.3484
4212,147499.06,147472.3,395.93683,0.4039917,732.02985
4213,147493.66,147474.44,397.4032,0.4034302,767.72705
4214,147469.0,147473.89,360.32385,0.40145263,779.64624
4215,147474.81,147473.98,324.36795,0.40169677,791.41876
4216,147451.78,147471.77,336.29926,0.4065918,727.9846
4217,147455.62,147470.16,326.1161,0.40540773,841.70557
4218,147499.72,147473.11,372.15918,0.40341797,788.56964
4219,147478.9,147473.69,337.9676,0.39849854,867.96814
4220,147532.11,147479.53,611.35126,0.40318605,977.4948
4221,147512.75,147482.86,649.52985,0.39736328,852.98236
4222,147481.19,147482.69,584.8284,0.40166017,763.76764
4223,147473.5,147481.77,533.9425,0.3989136,756.0686
4224,147463.94,147479.98,509.154,0.40385744,698.0547
4225,147474.84,147479.47,460.61694,0.39786378,709.50006
4226,147483.89,147479.9,416.315,0.39935303,809.48413
4227,147481.11,147480.03,374.81375,0.40513918,749.6779
4228,147481.42,147480.17,337.5064,0.40301514,814.4765
4229,147468.94,147479.05,315.11478,0.40437013,713.89514
4230,147467.56,147477.9,295.47348,0.4029419,694.5015
4231,147457.5,147475.86,303.40347,0.4026001,787.0809
4232,147471.69,147475.44,274.62952,0.40272218,729.8706
4233,147514.6,147479.36,385.15564,0.4000244,825.5554
4234,147483.78,147479.8,348.39984,0.40426025,799.52484
4235,147462.0,147478.02,342.06543,0.405542,746.554
4236,147466.75,147476.89,319.28116,0.40389404,916.93115
4237,147453.97,147474.6,334.64014,0.4046997,871.2456
4238,147459.8,147473.11,320.88138,0.40767822,800.2119
4239,147445.77,147470.38,356.0845,0.40454102,762.30414
4240,147444.28,147467.77,381.75558,0.4074219,858.9512
4241,147487.88,147469.78,379.97482,0.4053467,836.0548
4242,147469.03,147469.7,342.02795,0.4029297,1068.0032
4243,147485.06,147471.23,329.05707,0.40644532,1009.0287
4244,147457.86,147469.89,312.25153,0.4026123,952.3631
4245,147424.08,147465.31,469.91705,0.40253907,706.58905
4246,147445.06,147463.28,459.83096,0.40183106,768.9258
4247,147451.12,147462.06,427.14755,0.4046509,727.81757
4248,147439.69,147459.83,429.49045,0.4046631,717.2984
4249,147452.97,147459.14,390.776,0.4046875,718.44586
4250,147466.47,147459.88,356.53152,0.4053955,780.0244
4251,147487.53,147462.64,389.7165,0.40330812,790.6096
4252,147452.67,147461.64,359.68866,0.40163574,756.4743
4253,147460.4,147461.52,323.85693,0.40168458,714.23914
4254,147437.34,147459.1,344.0564,0.4059082,745.42645
4255,147469.66,147460.16,319.69174,0.40427247,863.96216
4256,147490.12,147463.16,368.5539,0.4032471,1148.9309
4257,147466.03,147463.44,332.4424,0.40253907,759.67633
4258,147481.16,147465.2,327.45404,0.40300295,789.4186
4259,147466.08,147465.3,294.77753,0.4008301,775.1907
4260,147473.4,147466.11,271.21835,0.40404055,752.43
4261,147473.19,147466.81,248.6055,0.4043335,780.355
4262,147469.88,147467.12,224.58905,0.4007202,775.7868
4263,147522.31,147472.64,476.23956,0.40247804,1367.2611
4264,147460.14,147471.39,442.6781,0.4077637,774.92755
4265,147484.92,147472.75,414.88882,0.4010132,768.55273
4266,147433.53,147468.83,511.82983,0.40375978,724.343
4267,147452.16,147467.16,485.66248,0.4036255,802.2593
4268,147439.22,147464.36,507.34158,0.40355226,825.29364
4269,147491.75,147467.1,524.1296,0.40390626,772.9401
4270,147468.75,147467.27,471.96347,0.4000244,759.39355
4271,147461.6,147466.7,427.6624,0.40025637,733.334
4272,147472.03,147467.23,387.45117,0.4052368,755.3957
4273,147462.19,147466.73,350.9984,0.3999512,708.29614
4274,147449.77,147465.03,341.81302,0.40548095,720.13293
4275,147465.7,147465.1,307.67233,0.40583497,745.42365
4276,147469.17,147465.5,278.4019,0.4032715,793.809
4277,147466.83,147465.62,250.72044,0.3999878,901.7225
4278,147471.7,147466.23,228.97333,0.40229493,801.187
4279,147493.47,147468.95,272.83,0.40316162,797.5402
4280,147480.62,147470.12,257.80792,0.4015381,835.1001
4281,147456.75,147468.78,248.12729,0.40269777,807.80786
4282,147506.75,147472.58,353.06088,0.40491945,1310.2125
4283,147435.25,147468.84,443.1598,0.40625,756.9233
4284,147468.4,147468.8,398.86102,0.40388185,736.6808
4285,147458.16,147467.73,369.16498,0.40350342,749.985
4286,147476.47,147468.61,339.1145,0.4031128,780.4412
4287,147482.34,147469.98,322.18002,0.4018677,762.31055
4288,147463.86,147469.38,293.3384,0.40201417,704.4141
4289,147472.88,147469.72,265.10706,0.39925537,841.2549
4290,147511.6,147473.9,396.41275,0.40179443,769.7876
4291,147491.97,147475.72,386.1343,0.39962158,804.2622
4292,147476.47,147475.8,347.57147,0.40218505,744.0791
4293,147455.19,147473.73,351.0415,0.39785156,752.58136
4294,147498.11,147476.17,369.41,0.40400392,918.1639
4295,147482.5,147476.81,336.07306,0.4018921,753.55347
4296,147435.52,147472.69,455.95462,0.39958498,701.59595
4297,147454.75,147470.89,439.317,0.4064087,780.1167
4298,147464.12,147470.22,399.5049,0.40915528,745.9748
4299,147463.17,147469.52,364.02368,0.4024292,750.92664
4300,147469.77,147469.55,327.62692,0.40126953,895.8494
4301,147418.53,147464.44,529.0977,0.40356445,764.8042
4302,147422.72,147460.27,632.8288,0.40385744,762.31885
4303,147468.52,147461.1,575.6716,0.4059082,828.76025
4304,147453.19,147460.3,523.73016,0.40039062,783.2818
4305,147448.62,147459.12,483.6181,0.40471193,784.0236
4306,147451.61,147458.38,440.3399,0.40286866,706.7623
4307,147452.1,147457.75,399.85678,0.4037842,830.6762
4308,147461.72,147458.14,361.2887,0.40338135,749.06366
4309,147441.4,147456.47,350.36337,0.40373537,754.02716
4310,147474.53,147458.28,344.68988,0.40471193,891.4967
4311,147472.27,147459.69,327.82153,0.40616456,1026.3209
4312,147452.84,147459.0,299.2547,0.40198976,753.503
4313,147428.08,147455.9,355.38385,0.39989015,696.0294
4314,147460.55,147456.38,321.78363,0.40651855,728.6433
4315,147485.28,147459.27,364.80667,0.40269777,874.883
4316,147468.4,147460.19,335.84558,0.4015625,864.54016
4317,147454.6,147459.62,305.07712,0.39996338,804.0223
4318,147476.16,147461.28,299.1648,0.40463868,774.3485
4319,147477.9,147462.94,294.12347,0.40528566,900.1286
4320,147487.38,147465.38,318.45834,0.4,897.4727
4321,147476.11,147466.45,296.9829,0.4027466,784.94965
4322,147445.88,147464.39,305.39594,0.4005371,716.3
4323,147468.14,147464.77,276.12195,0.40159914,826.5158
4324,147491.72,147467.47,313.89212,0.39954835,799.69305
4325,147495.2,147470.25,351.7305,0.40323487,802.9721
4326,147496.4,147472.86,378.1309,0.39926758,756.2706
4327,147473.44,147472.92,340.34787,0.40201417,741.6337
4328,147462.31,147471.86,316.4434,0.3999512,798.142
4329,147472.92,147471.97,284.90063,0.40100098,772.23926
4330,147487.0,147473.47,276.74503,0.4018921,759.6737
4331,147442.72,147470.39,334.17114,0.40372315,718.9909
4332,147439.03,147467.25,389.26096,0.40524903,697.59143
4333,147422.62,147462.78,529.56,0.40131837,648.20374
4334,147440.94,147460.6,519.5474,0.4102417,689.88293
4335,147484.1,147462.94,517.29517,0.40166017,746.632
4336,147457.73,147462.42,468.0022,0.40144044,769.3255
4337,147465.94,147462.78,422.31433,0.40108642,755.0577
4338,147462.06,147462.7,380.1294,0.4027466,735.03534
4339,147483.02,147464.73,379.25024,0.40145263,757.63104
4340,147458.69,147464.12,344.61603,0.40108642,708.0451
4341,147445.9,147462.3,340.02747,0.40460205,707.93976
4342,147492.61,147465.33,388.721,0.40367433,779.20197
4343,147468.56,147465.66,350.7904,0.40201417,705.3685
4344,147450.66,147464.16,335.96136,0.40183106,745.6112
4345,147469.75,147464.72,305.1813,0.40219727,772.5185
4346,147493.95,147467.64,351.58154,0.40084228,761.2494
4347,147447.34,147465.61,353.50006,0.40108642,695.72217
4348,147460.14,147465.06,320.8417,0.4076294,722.2401
4349,147444.06,147462.97,328.44754,0.40490723,776.63245
4350,147468.1,147463.48,297.96667,0.40008545,849.5199
4351,147487.22,147465.86,318.86887,0.40159914,789.97864
4352,147459.16,147465.19,291.02585,0.39782715,732.07117
4353,147457.22,147464.39,267.63834,0.40559083,790.7337
4354,147456.03,147463.56,247.16362,0.40310058,743.12506
4355,147473.06,147464.52,230.56976,0.40545654,757.24396
4356,147476.06,147465.67,219.51251,0.40371093,867.83673
4357,147456.38,147464.75,205.34012,0.40264893,811.4831
4358,147433.12,147461.6,274.81876,0.40770265,749.4036
4359,147458.7,147461.31,248.08888,0.40461427,729.4109
4360,147433.3,147458.52,293.91876,0.40126953,715.19507
4361,147457.56,147458.42,264.60864,0.4052368,714.4155
4362,147431.81,147455.77,301.87305,0.403833,717.87775
4363,147444.88,147454.67,282.36023,0.40107423,758.0943
4364,147422.34,147451.44,348.1839,0.40367433,749.3077
4365,147470.2,147453.31,345.0589,0.40314943,961.6741
4366,147436.97,147451.67,334.59363,0.40084228,769.6153
4367,147444.52,147450.95,305.74332,0.40817872,707.8439
4368,147451.62,147451.02,275.2096,0.40151367,721.5246
4369,147425.6,147448.47,305.8531,0.40238038,669.0768
4370,147408.66,147444.48,417.92096,0.40111086,704.43005
4371,147440.97,147444.12,377.2412,0.40198976,727.1424
4372,147436.08,147443.31,345.3448,0.4055542,688.58044
4373,147446.84,147443.67,311.9326,0.40413818,840.68335
4374,147470.72,147446.38,346.57733,0.40196535,754.4698
4375,147449.6,147446.7,312.85202,0.3992798,786.2843
4376,147438.25,147445.86,287.9978,0.40231934,714.30524
4377,147467.72,147448.05,302.2029,0.40932617,807.05707
4378,147466.78,147449.92,303.57053,0.40646973,716.9375
4379,147452.1,147450.14,273.638,0.4038208,717.8672
4380,147462.16,147451.34,259.26797,0.40247804,754.8999
4381,147434.0,147449.61,260.41367,0.39888915,711.85
4382,147484.36,147453.08,343.05292,0.4038086,787.1904
4383,147459.47,147453.72,312.42322,0.40461427,695.3386
4384,147446.73,147453.02,285.57123,0.40344238,697.43463
4385,147469.53,147454.67,281.56302,0.40391847,765.6124
4386,147530.5,147462.25,770.8981,0.40144044,3185.892
4387,147499.17,147465.94,816.4985,0.40024415,1244.8201
4388,147445.5,147463.89,772.44086,0.4004883,767.67236
4389,147447.69,147462.27,718.8255,0.4050293,728.9229
4390,147439.8,147460.02,692.37897,0.40386963,690.47156
4391,147451.81,147459.19,629.19727,0.4086914,744.2859
4392,147464.08,147459.67,568.4302,0.40112305,769.2282
4393,147461.06,147459.81,511.76117,0.40455323,760.17554
4394,147485.81,147462.4,521.42505,0.4050171,858.1445
4395,147426.47,147458.81,585.5179,0.3994507,729.5792
4396,147432.28,147456.16,590.31775,0.4013794,748.3258
4397,147484.0,147458.94,601.06067,0.39982912,941.4771
4398,147455.17,147458.56,542.2308,0.40229493,786.46625
4399,147457.3,147458.44,488.15182,0.4032959,811.23883
4400,147447.94,147457.39,449.25912,0.40404055,710.47406
4401,147409.38,147452.6,611.8282,0.40109864,671.73724
4402,147430.23,147450.36,595.6401,0.4045044,692.5192
4403,147426.53,147447.97,587.1762,0.40286866,728.97504
4404,147512.94,147454.47,908.3431,0.4044678,1833.3597
4405,147640.73,147473.1,3940.0483,0.40039062,9002.403
4406,147496.5,147475.44,3595.35,0.4022339,1779.336
4407,147482.52,147476.14,3240.324,0.40130615,976.74066
4408,147446.28,147473.16,2996.534,0.40526125,730.24506
4409,147437.19,147469.56,2813.3179,0.40476075,775.9219
4410,147442.7,147466.88,2596.9143,0.40351564,737.5363
4411,147433.94,147463.58,2434.8618,0.40305176,740.43445
4412,147460.97,147463.31,2191.9883,0.40025637,767.7434
4413,147443.75,147461.36,2007.2316,0.40111086,839.65674
4414,147441.56,147459.38,1841.7809,0.40231934,780.5394
4415,147428.6,147456.3,1742.8765,0.40227053,714.5059
4416,147431.16,147453.78,1625.4734,0.40874025,695.0631
4417,147471.19,147455.52,1490.194,0.40219727,789.3388
4418,147453.25,147455.28,1341.6365,0.40179443,752.4186
4419,147465.94,147456.34,1217.6929,0.40496826,744.03723
4420,147469.64,147457.67,1111.8362,0.40352783,738.52985
4421,147426.58,147454.56,1087.6665,0.4050537,719.0658
4422,147429.31,147452.03,1036.2804,0.40079346,728.8862
4423,147465.4,147453.38,948.75244,0.40612793,777.8897
4424,147489.39,147456.97,970.61847,0.4,767.17554
4425,147443.19,147455.6,890.64966,0.4011963,717.84955
4426,147466.72,147456.7,812.7236,0.40113527,822.7768
4427,147449.4,147455.97,736.2432,0.40426025,808.19934
4428,147471.38,147457.52,683.9806,0.4055054,734.6157
4429,147447.84,147456.55,624.0016,0.40212402,738.13983
4430,147398.72,147450.77,862.56964,0.4046753,726.0016
4431,147461.1,147451.8,785.91296,0.4053467,793.913
4432,147464.2,147453.03,721.17395,0.4046875,783.7559
4433,147445.03,147452.23,654.8166,0.40457764,838.3098
4434,147466.14,147453.62,606.73944,0.40366212,738.113
4435,147476.84,147455.95,594.5854,0.40371093,733.50024
4436,147475.84,147457.94,570.7342,0.40234375,784.213
4437,147469.47,147459.1,525.62805,0.4024048,804.46875
4438,147432.34,147456.42,537.4659,0.40081787,705.94086
4439,147436.03,147454.38,521.1393,0.40352783,717.77185
4440,147453.77,147454.31,469.05875,0.40494385,813.93726
4441,147449.98,147453.88,423.8388,0.407312,1139.1792
4442,147465.16,147455.0,392.9089,0.40432128,805.2484
4443,147484.75,147457.97,433.27362,0.40321046,750.34753
4444,147444.7,147456.64,405.78418,0.39902344,738.19415
4445,147464.22,147457.4,370.37427,0.4041504,700.00616
4446,147452.7,147456.94,335.32758,0.4050171,1193.5007
4447,147461.19,147457.36,303.42044,0.40280762,769.3911
4448,147449.77,147456.6,278.26825,0.40498048,820.6604
4449,147460.25,147456.95,251.64456,0.40504152,766.9857
4450,147449.36,147456.19,231.66995,0.4051636,717.56793
4451,147441.17,147454.69,228.79517,0.40303954,690.91376
4452,147443.48,147453.56,217.21153,0.4043091,686.9447
4453,147427.69,147450.97,255.74677,0.40577394,751.924
4454,147411.47,147447.02,370.5946,0.4062256,724.0812
4455,147442.05,147446.52,335.75708,0.4046997,724.6123
4456,147430.75,147444.94,324.5513,0.40174562,787.41174
4457,147444.44,147444.89,292.11865,0.40438232,773.62
4458,147474.83,147447.89,343.56964,0.40330812,719.2239
4459,147434.95,147446.6,324.27676,0.4022339,729.8056
4460,147447.9,147446.72,292.00412,0.407605,812.7518
4461,147431.97,147445.25,282.38434,0.4058716,716.02765
4462,147418.97,147442.62,316.30927,0.4071167,710.4734
4463,147423.25,147440.69,318.4635,0.40655518,757.4132
4464,147453.36,147441.95,301.06903,0.40125734,721.4452
4465,147430.8,147440.84,282.1637,0.40270996,1030.3406
4466,147449.94,147441.75,261.38998,0.4069336,869.2597
4467,147461.47,147443.72,270.2456,0.40356445,721.2473
4468,147446.53,147444.0,243.93295,0.40325928,705.29865
4469,147421.56,147441.75,264.8494,0.40075684,724.82385
4470,147422.25,147439.8,272.58694,0.40841064,725.4165
4471,147442.75,147440.1,246.11313,0.40506592,715.25134
4472,147450.81,147441.17,231.84206,0.40075684,755.8344
4473,147460.31,147443.1,241.63055,0.4027466,839.26434
4474,147430.19,147441.8,232.45891,0.40714112,702.18134
4475,147433.48,147440.97,215.4318,0.4062378,853.9783
4476,147449.23,147441.8,200.03746,0.4052002,732.96295
4477,147429.56,147440.58,193.5049,0.40075684,661.74365
4478,147455.73,147442.1,194.82848,0.4088745,723.5517
4479,147433.53,147441.23,181.94409,0.40108642,722.21075
4480,147448.23,147441.94,168.15967,0.40458986,887.3547
4481,147461.06,147443.84,184.2626,0.4036133,789.3753
4482,147446.52,147444.11,166.47885,0.40480956,742.1887
4483,147450.53,147444.75,153.54262,0.4053955,815.47125
4484,147473.78,147447.66,214.04156,0.40150148,1072.9429
4485,147453.44,147448.23,195.64546,0.40360108,770.2489
4486,147468.16,147450.22,211.80022,0.40402833,780.224
4487,147451.08,147450.31,190.68666,0.40197754,829.405
4488,147434.73,147448.75,193.45901,0.40687257,738.47266
4489,147456.6,147449.53,179.6503,0.40405273,852.8229
4490,147478.02,147452.38,234.70763,0.4009033,841.3222
4491,147463.05,147453.44,221.48686,0.40180665,715.36017
4492,147444.95,147452.6,205.81679,0.40358886,730.2355
4493,147452.75,147452.61,185.2373,0.40358886,747.34106
4494,147470.86,147454.44,196.6892,0.40115967,910.31006
4495,147451.12,147454.11,178.0078,0.4001831,727.3028
4496,147445.6,147453.25,166.73344,0.39970705,729.17694
4497,147451.31,147453.06,150.39795,0.40285644,709.77014
4498,147437.61,147451.52,156.85007,0.4006958,659.1773
4499,147449.97,147451.36,141.38042,0.40748292,698.0732
4500,147455.53,147451.78,128.80878,0.4029541,728.2222
4501,147453.25,147451.92,116.122055,0.4036499,733.8341
4502,147473.66,147454.1,147.02432,0.40374756,830.726
4503,147464.94,147455.17,142.90471,0.40251467,720.257
4504,147456.2,147455.28,128.70995,0.40302736,740.4101
4505,147431.56,147452.9,166.47107,0.40819094,747.17694
4506,147451.19,147452.73,150.08983,0.4074707,716.0073
4507,147422.31,147449.69,218.37498,0.40211183,656.07556
4508,147432.47,147447.97,223.22118,0.40455323,720.20325
4509,147453.44,147448.52,203.5907,0.40144044,670.3241
4510,147468.17,147450.48,218.00475,0.405896,713.1958
4511,147465.44,147451.98,216.32791,0.398938,839.8283
4512,147443.55,147451.14,201.10234,0.40256348,692.17426
4513,147470.14,147453.05,213.48209,0.40349123,792.29724
4514,147439.66,147451.7,208.27167,0.4012207,763.06067
4515,147464.9,147453.03,203.13351,0.40283203,781.0947
4516,147436.28,147451.36,208.07077,0.40081787,749.0895
4517,147455.9,147451.81,189.12436,0.40708008,740.46344
4518,147465.53,147453.19,187.15028,0.40273437,818.9579
4519,147461.39,147454.0,174.49147,0.40037844,732.7997
4520,147424.73,147451.08,234.12524,0.40168458,681.19476
4521,147425.31,147448.5,270.4608,0.4042847,712.426
4522,147460.95,147449.75,257.37192,0.4029419,837.0469
4523,147437.12,147448.48,245.97987,0.40775147,680.89905
4524,147443.44,147447.98,223.67426,0.40074465,754.63477
4525,147437.38,147446.92,211.43712,0.4055054,722.4543
4526,147405.66,147442.8,343.55005,0.4036499,680.68945
4527,147443.75,147442.89,309.2768,0.40574953,740.7225
4528,147440.48,147442.66,278.8702,0.4014038,852.4728
4529,147464.06,147444.8,292.22366,0.40515137,726.45
4530,147441.62,147444.48,263.90677,0.40368652,757.17993
4531,147504.9,147450.53,566.0883,0.40400392,1356.0577
4532,147473.19,147452.8,555.677,0.40444335,1080.4666
4533,147452.94,147452.81,500.11105,0.40062258,811.8952
4534,147406.1,147448.14,646.5377,0.39829102,729.06445
4535,147453.7,147448.7,584.66864,0.40341797,705.24493
4536,147446.88,147448.52,526.50256,0.40352783,807.82446
4537,147482.56,147451.92,578.1793,0.40434572,783.70087
4538,147467.06,147453.44,540.9928,0.40303954,796.2504
4539,147438.25,147451.92,507.65295,0.40212402,702.665
4540,147480.47,147454.78,530.23083,0.4015747,769.88257
4541,147464.03,147455.7,484.9084,0.40043947,703.56757
4542,147442.9,147454.42,451.15594,0.40476075,731.0472
4543,147443.44,147453.33,416.8994,0.4019165,709.0624
4544,147461.5,147454.14,381.2196,0.40655518,738.4943
4545,147452.75,147454.0,343.2717,0.4040161,713.2551
4546,147459.31,147454.53,311.48456,0.4055786,794.96405
4547,147418.36,147450.9,398.0925,0.40495607,687.0581
4548,147464.44,147452.27,374.76178,0.40245363,812.6862
4549,147449.08,147451.95,338.2,0.4041504,820.50256
4550,147418.39,147448.6,405.75974,0.40372315,699.90216
4551,147449.61,147448.69,365.27658,0.40511474,713.4369
4552,147457.78,147449.6,336.1916,0.4048706,785.0885
4553,147434.1,147448.05,324.19492,0.4050171,685.7528
4554,147431.27,147446.38,317.12036,0.40118408,717.8869
4555,147458.7,147447.61,299.08676,0.40596923,764.58246
4556,147426.73,147445.52,308.397,0.40212402,724.202
4557,147434.5,147444.4,288.47824,0.40427247,698.39435
4558,147469.9,147446.95,318.1529,0.4019165,851.04047
4559,147454.1,147447.67,290.92654,0.40272218,709.29266
4560,147433.7,147446.28,279.39523,0.40499267,732.5063
4561,147456.4,147447.3,260.6821,0.4034302,784.86194
4562,147431.94,147445.77,255.84581,0.40142822,681.1097
4563,147434.78,147444.67,241.12032,0.40599367,694.23975
4564,147474.25,147447.62,295.7462,0.4034546,716.04376
4565,147460.84,147448.95,281.89774,0.404834,721.98456
4566,147460.8,147450.14,266.33264,0.3991089,808.6193
4567,147434.9,147448.62,260.58713,0.4026123,725.233
4568,147449.36,147448.7,234.57693,0.4039673,712.60266
4569,147437.58,147447.6,222.25813,0.40146485,750.0895
4570,147416.94,147444.53,284.61484,0.40184328,714.7283
4571,147430.52,147443.12,273.83273,0.4043091,769.5482
4572,147455.02,147444.31,259.1743,0.4043579,798.87213
4573,147463.02,147446.19,264.73947,0.40416262,809.8368
4574,147447.19,147446.28,238.35553,0.40233156,727.7829
4575,147451.84,147446.84,217.3047,0.40146485,757.5466
4576,147452.62,147447.42,198.58229,0.4050049,848.9475
4577,147447.45,147447.42,178.72414,0.40410158,721.653
4578,147410.88,147443.77,281.0624,0.40653077,745.83594
4579,147410.69,147440.45,351.43076,0.4099121,750.275
4580,147450.94,147441.5,326.18066,0.4072876,774.95386
4581,147453.77,147442.72,307.1027,0.40682372,826.83014
4582,147409.28,147439.38,377.0184,0.40164796,719.6349
4583,147428.72,147438.31,349.53656,0.40795898,745.2276
4584,147440.1,147438.48,314.86847,0.4012207,724.4259
4585,147421.28,147436.77,310.0169,0.40174562,735.3344
4586,147463.33,147439.42,342.51617,0.40570068,1694.2725
4587,147427.84,147438.27,320.3293,0.4032471,731.3871
4588,147424.6,147436.9,305.1192,0.40524903,720.0908
4589,147428.52,147436.06,280.9435,0.4056885,767.2756
4590,147444.33,147436.89,258.99802,0.40333253,716.4262
4591,147435.72,147436.78,233.2218,0.40452883,745.4277
4592,147422.62,147435.36,227.93556,0.40418702,724.51324
4593,147422.06,147434.03,221.05463,0.40480956,749.888
4594,147431.38,147433.77,199.58417,0.4030884,689.8324
4595,147440.02,147434.39,183.14137,0.40533447,760.6594
4596,147423.89,147433.34,174.74973,0.40400392,753.31946
4597,147485.22,147438.53,399.46616,0.40141603,738.5847
4598,147442.4,147438.92,360.87094,0.40089113,714.6858
4599,147447.83,147439.81,331.92276,0.4053955,793.0187
4600,147447.89,147440.62,304.60352,0.40566406,746.56506
4601,147418.75,147438.44,317.20956,0.40267333,704.8673
4602,147410.28,147435.62,356.8383,0.4046875,690.696
4603,147427.94,147434.86,326.47324,0.40531006,714.40314
4604,147433.47,147434.72,293.99997,0.40476075,737.14667
4605,147460.9,147437.34,326.32065,0.4029785,847.0472
4606,147439.22,147437.53,294.00497,0.40150148,790.14404
4607,147457.23,147439.5,299.54367,0.40280762,846.91833
4608,147424.77,147438.03,289.12845,0.40394288,996.4371
4609,147441.2,147438.34,261.12106,0.40524903,751.95154
4610,147436.19,147438.12,235.4274,0.4037964,714.64923
4611,147432.44,147437.56,214.79594,0.4031128,698.4971
4612,147456.86,147439.5,226.82959,0.40229493,722.8865
4613,147455.9,147441.14,228.37148,0.40208742,748.82306
4614,147453.17,147442.34,218.5619,0.40427247,742.9824
4615,147439.8,147442.1,197.28949,0.40499267,739.6852
4616,147433.97,147441.28,183.50194,0.40581056,692.95544
4617,147479.95,147445.16,299.74802,0.40488282,871.30884
4618,147460.88,147446.73,292.01035,0.40196535,1006.2107
4619,147461.77,147448.23,283.14377,0.40402833,959.3852
4620,147412.4,147444.66,370.35828,0.40394288,738.5736
4621,147457.25,147445.92,347.59668,0.40635988,739.57465
4622,147444.69,147445.8,312.97415,0.40455323,800.8397
4623,147440.45,147445.27,284.24673,0.40202639,721.0577
4624,147453.56,147446.1,262.0175,0.4057373,804.0245
4625,147460.97,147447.58,255.72963,0.40400392,711.0013
4626,147437.31,147446.55,239.64114,0.40400392,733.81433
4627,147453.47,147447.23,219.98914,0.4027588,707.8617
4628,147462.88,147448.8,220.00685,0.40389404,745.3867
4629,147434.44,147447.36,216.56342,0.4013672,700.5556
4630,147433.64,147445.98,211.84543,0.40562746,646.86237
4631,147462.36,147447.62,214.79353,0.40100098,703.6885
4632,147434.31,147446.3,209.26422,0.40305176,682.75037
4633,147432.66,147444.94,205.08379,0.40322265,670.2223
4634,147468.77,147447.31,235.67557,0.40482178,742.1615
4635,147425.34,147445.11,255.54434,0.40184328,725.8376
4636,147443.1,147444.9,230.35556,0.40463868,689.34015
4637,147440.61,147444.47,208.98167,0.40206298,737.3164
4638,147430.0,147443.02,206.92453,0.40316162,765.85486
4639,147488.5,147447.56,372.42664,0.40300295,872.5241
4640,147448.88,147447.69,335.33902,0.40100098,809.4364
4641,147438.81,147446.8,308.894,0.4003296,738.4901
4642,147417.62,147443.88,354.59445,0.40158692,688.8803
4643,147455.83,147445.06,331.99396,0.4053955,714.29236
4644,147432.78,147443.83,312.36917,0.40375978,731.1
4645,147448.33,147444.28,282.95474,0.40235597,720.7663
4646,147426.03,147442.45,284.6349,0.40374756,708.0649
4647,147426.83,147440.89,278.14404,0.40688476,681.8479
4648,147424.36,147439.23,274.92502,0.40391847,686.5635
4649,147437.75,147439.1,247.63081,0.4029785,728.42725
4650,147455.94,147440.78,248.40181,0.40532228,764.6298
4651,147459.36,147442.64,254.62482,0.40305176,761.484
4652,147461.06,147444.48,259.70523,0.40114745,750.42
4653,147426.39,147442.67,263.19925,0.40283203,704.405
4654,147417.75,147440.19,292.7783,0.40631104,696.72864
4655,147439.58,147440.12,263.53387,0.4036133,734.05066
4656,147469.14,147443.03,312.95206,0.402771,805.1961
4657,147439.69,147442.7,282.66312,0.40333253,664.768
4658,147443.7,147442.8,254.4868,0.40581056,935.6438
4659,147425.38,147441.06,256.35507,0.40334472,896.7651
4660,147431.89,147440.14,238.29065,0.40509033,803.6958
4661,147441.89,147440.31,214.7372,0.40201417,822.074
4662,147479.78,147444.27,333.4639,0.40836182,921.08685
4663,147457.33,147445.58,315.47412,0.40303954,776.0024
4664,147477.81,147448.8,377.44165,0.39881593,783.8485
4665,147420.97,147446.02,409.3939,0.40158692,693.42834
4666,147418.0,147443.22,439.09326,0.4059082,711.7435
4667,147488.66,147447.77,580.99493,0.40515137,1405.6913
4668,147448.94,147447.88,523.01904,0.39829102,712.92285
4669,147455.53,147448.64,475.99277,0.40618896,770.949
4670,147434.84,147447.27,445.5253,0.4018677,680.37305
4671,147414.44,147443.98,497.96448,0.40319824,674.37177
4672,147416.34,147441.22,516.92834,0.40245363,694.6247
4673,147407.89,147437.89,565.2043,0.4023926,690.43774
4674,147439.12,147438.02,508.82095,0.40538332,720.5839
4675,147431.3,147437.34,462.00156,0.40227053,716.0122
4676,147405.34,147434.14,507.9614,0.4046631,709.01215
4677,147420.78,147432.81,473.22784,0.4046753,864.94135
4678,147460.84,147435.61,496.62268,0.4067505,756.3926
4679,147447.94,147436.84,460.63885,0.39886475,872.8557
4680,147484.48,147441.61,618.84155,0.40718994,796.38586
4681,147419.67,147439.42,600.2702,0.3980957,718.3741
4682,147420.88,147437.56,571.20197,0.39815673,948.8954
4683,147421.05,147435.9,538.6307,0.40296632,684.5125
4684,147438.72,147436.19,485.47952,0.40222168,714.3362
4685,147427.72,147435.34,443.38632,0.40255126,742.55396
4686,147435.03,147435.31,399.05646,0.4024292,763.9076
4687,147428.22,147434.61,363.67972,0.40187988,880.7985
4688,147434.3,147434.58,327.32053,0.4057251,735.7544
4689,147448.17,147435.94,311.21957,0.40141603,877.91547
4690,147464.97,147438.84,355.9508,0.4050171,1057.6924
4691,147454.8,147440.44,343.26093,0.40250245,772.3408
4692,147446.95,147441.1,312.7556,0.40517578,747.524
4693,147446.53,147441.64,284.14102,0.40306398,730.6777
4694,147445.94,147442.06,257.38858,0.40478516,688.5281
4695,147439.12,147441.77,232.42632,0.40495607,767.9772
4696,147458.25,147443.4,233.6398,0.4050171,760.66626
4697,147430.2,147442.1,225.96484,0.40441895,712.0838
4698,147447.61,147442.64,206.10634,0.40532228,703.85895
4699,147443.45,147442.72,185.55511,0.40367433,687.4998
4700,147433.78,147441.83,174.18869,0.40625,745.9774
4701,147438.77,147441.52,157.61392,0.4005005,905.4547
4702,147452.9,147442.66,153.52971,0.40529785,856.6623
4703,147419.1,147440.3,188.14397,0.4022461,697.0731
4704,147421.44,147438.4,201.34041,0.40389404,792.75964
4705,147454.06,147439.97,203.267,0.40216064,722.3954
4706,147434.19,147439.39,185.94835,0.40460205,706.56683
4707,147477.5,147443.2,298.0627,0.4027588,805.60547
4708,147438.47,147442.73,270.2737,0.4037964,764.82294
4709,147449.11,147443.38,246.90399,0.4040161,776.39215
4710,147433.6,147442.39,230.82414,0.40865478,699.27606
4711,147446.05,147442.75,208.94487,0.40427247,742.5625
4712,147410.22,147439.5,283.29578,0.4032959,691.2117
4713,147410.33,147436.58,331.55603,0.40208742,788.87537
4714,147467.5,147439.67,384.45505,0.40648195,690.15356
4715,147422.17,147437.92,373.57202,0.40391847,668.96497
4716,147447.84,147438.9,345.07474,0.40416262,695.3419
4717,147422.11,147437.22,335.9594,0.40697023,704.463
4718,147428.12,147436.31,309.80612,0.40584716,734.7671
4719,147440.52,147436.73,280.41547,0.40493163,671.6533
4720,147440.4,147437.1,253.58736,0.4012085,752.1536
4721,147444.81,147437.86,233.59073,0.40499267,711.6288
4722,147459.1,147439.98,250.81253,0.40211183,738.61017
4723,147454.5,147441.44,244.69458,0.40046388,703.6818
4724,147442.12,147441.5,220.26765,0.40108642,723.552
4725,147398.78,147437.23,362.4811,0.4052002,760.1217
4726,147419.6,147435.47,354.24023,0.40302736,708.4524
4727,147430.2,147434.94,321.3116,0.40574953,701.7092
4728,147432.66,147434.7,289.64883,0.40424806,745.40173
4729,147446.14,147435.84,272.45743,0.40438232,704.0218
4730,147413.38,147433.6,290.6477,0.40733644,692.3792
4731,147424.03,147432.64,269.81265,0.4030884,696.74347
4732,147438.1,147433.19,245.50768,0.40620118,1202.9739
4733,147440.12,147433.88,225.28851,0.40611574,953.56586
4734,147455.89,147436.08,246.38156,0.41137695,785.4813
4735,147421.73,147434.64,240.26028,0.40192872,730.78674
4736,147432.1,147434.39,216.81804,0.407312,675.9089
4737,147417.4,147432.69,221.09845,0.40637207,706.4419
4738,147421.11,147431.53,211.05338,0.4058716,705.29645
4739,147420.58,147430.44,200.74542,0.40524903,712.02386
4740,147422.56,147429.66,186.25229,0.40491945,677.6425
4741,147416.31,147428.33,183.65207,0.4039673,712.02997
4742,147433.72,147428.88,167.90216,0.40535888,708.60675
4743,147410.28,147427.02,182.22742,0.40462646,733.5664
4744,147419.97,147426.31,168.47394,0.40267333,698.85565
4745,147430.16,147426.7,152.95624,0.4067505,753.8065
4746,147431.88,147427.22,140.06796,0.4029541,698.37714
4747,147420.86,147426.58,129.70091,0.40495607,704.862
4748,147438.3,147427.75,129.09044,0.4048462,714.8046
4749,147450.56,147430.03,163.01831,0.39985353,766.85364
4750,147426.27,147429.66,147.99268,0.4074219,681.7664
4751,147444.56,147431.14,153.19107,0.4065674,754.7888
4752,147438.6,147431.89,142.87137,0.40318605,731.5201
4753,147426.8,147431.38,130.9194,0.40144044,909.2817
4754,147408.03,147429.05,166.87123,0.4032837,656.3087
4755,147439.34,147430.08,159.72641,0.4045166,688.9528
4756,147423.1,147429.38,148.14409,0.4039917,731.46765
4757,147398.33,147426.27,220.08144,0.40041503,709.8908
4758,147418.69,147425.5,203.2418,0.4091675,680.9619
4759,147430.97,147426.05,185.60927,0.40289307,721.9539
4760,147402.81,147423.72,215.63359,0.4031372,719.342
4761,147450.42,147426.39,258.24533,0.4097534,740.00354
4762,147412.03,147424.95,250.97804,0.40299073,669.14606
4763,147419.88,147424.44,228.2011,0.40718994,680.5251
4764,147401.48,147422.14,252.7971,0.40057373,697.2718
4765,147434.38,147423.36,240.98859,0.40338135,726.60956
4766,147443.31,147425.36,252.72116,0.40281984,715.9475
4767,147438.42,147426.67,242.80565,0.40374756,698.5743
4768,147419.56,147425.97,223.07397,0.4036133,672.65826
4769,147437.34,147427.11,212.41173,0.40565187,743.46063
4770,147423.7,147426.77,192.21477,0.40427247,698.62836
4771,147475.06,147431.6,382.9262,0.40496826,772.9329
4772,147401.9,147428.62,423.95486,0.40213624,690.53723
4773,147430.1,147428.77,381.7535,0.40566406,690.6651
4774,147439.73,147429.86,354.40634,0.40825197,788.75073
4775,147439.03,147430.78,326.5368,0.40355226,738.4544
4776,147468.28,147434.53,420.44562,0.40506592,798.0899
4777,147465.48,147437.62,464.6297,0.4017578,741.91986
4778,147432.38,147437.1,420.64734,0.4025879,717.9271
4779,147450.4,147438.42,394.53262,0.40302736,771.13556
4780,147421.78,147436.75,380.00128,0.4017334,727.56006
4781,147427.88,147435.86,349.09006,0.4018677,813.267
4782,147430.78,147435.34,316.5019,0.4017578,1038.4076
4783,147419.25,147433.73,308.16248,0.40629885,712.54724
4784,147456.9,147436.05,325.67044,0.40510255,788.1528
4785,147447.22,147437.16,304.33636,0.4064575,757.65344
4786,147406.67,147434.11,357.53946,0.40307617,714.6102
4787,147426.52,147433.34,326.97537,0.40267333,706.03174
4788,147457.31,147435.73,345.9829,0.40216064,753.6625
4789,147421.45,147434.31,329.74048,0.4043579,712.412
4790,147435.27,147434.4,296.84818,0.40421143,670.34607
4791,147438.33,147434.8,268.54767,0.40461427,694.1647
4792,147474.86,147438.8,386.14322,0.4031128,848.0695
4793,147433.34,147438.25,350.20517,0.40177003,740.2004
4794,147433.36,147437.77,317.33728,0.4013916,734.51465
4795,147400.56,147434.05,410.17007,0.40134278,644.0363
4796,147429.16,147433.56,371.3057,0.4065674,708.65454
4797,147423.6,147432.56,343.11896,0.40336916,661.2088
4798,147407.44,147430.05,365.62094,0.4005005,637.5446
4799,147422.42,147429.28,334.2915,0.4036377,636.51056
4800,147455.45,147431.9,362.50937,0.40267333,746.24207
4801,147417.9,147430.5,343.89844,0.4008301,701.0123
4802,147408.23,147428.28,354.1268,0.40235597,795.4891
4803,147422.9,147427.75,321.31427,0.40405273,686.7988
4804,147438.88,147428.86,300.32175,0.40256348,807.80457
4805,147458.75,147431.84,350.7,0.40158692,1235.6183
4806,147448.1,147433.47,339.39563,0.40424806,784.06396
4807,147402.73,147430.39,390.4702,0.40427247,716.5378
4808,147431.38,147430.48,351.51038,0.40522462,688.7915
4809,147437.55,147431.19,320.84842,0.40307617,725.88477
4810,147405.16,147428.58,349.7499,0.40351564,731.0339
4811,147417.06,147427.42,326.70978,0.40270996,727.0668
4812,147436.31,147428.31,301.15268,0.40434572,833.9825
4813,147453.52,147430.83,328.20517,0.40300295,811.15765
4814,147450.25,147432.77,329.33347,0.40272218,769.0139
4815,147410.84,147430.58,339.65128,0.40093994,691.99805
4816,147424.64,147429.98,308.85898,0.403833,689.0228
4817,147410.34,147428.02,312.69095,0.40354005,682.8284
4818,147457.73,147430.98,360.91022,0.4005127,646.86725
4819,147461.27,147434.02,407.34506,0.4020508,693.1052
4820,147403.9,147431.0,448.20224,0.4023926,643.62787
4821,147430.9,147430.98,403.3828,0.40499267,656.54834
4822,147436.06,147431.5,365.3654,0.40800783,705.88354
4823,147435.0,147431.84,329.93134,0.4011963,670.05164
4824,147407.97,147429.45,348.2396,0.4079834,640.7518
4825,147426.28,147429.14,314.3211,0.4033203,703.05225
4826,147444.28,147430.66,303.52045,0.40681154,757.81146
4827,147429.34,147430.53,273.32343,0.40625,707.8575
4828,147427.3,147430.2,246.93257,0.40441895,737.6276
4829,147405.73,147427.75,276.12408,0.40734863,753.5465
4830,147408.0,147425.78,283.6173,0.40461427,718.41315
4831,147436.48,147426.84,265.5657,0.4024292,720.4975
4832,147441.06,147428.27,257.20468,0.40152588,695.3713
4833,147435.75,147429.02,236.52563,0.40473634,673.833
4834,147438.5,147429.97,220.96886,0.40316162,683.95544
4835,147451.0,147432.08,238.68018,0.40352783,972.2064
4836,147417.62,147430.62,233.6125,0.40416262,721.73157
4837,147396.34,147427.2,316.01962,0.40574953,654.27014
4838,147380.44,147422.53,481.2498,0.40943605,741.3593
4839,147418.88,147422.17,434.32794,0.4086914,776.72656
4840,147426.1,147422.56,392.27945,0.4030884,648.4797
4841,147409.47,147421.25,368.48166,0.40565187,661.95135
4842,147428.9,147422.02,336.90912,0.40720215,718.22845
4843,147416.97,147421.52,305.5106,0.40620118,710.90137
4844,147451.98,147424.56,358.51056,0.40429688,751.3962
4845,147429.98,147425.11,325.3052,0.40187988,726.19434
4846,147430.97,147425.69,295.8646,0.40562746,747.8779
4847,147454.66,147428.58,341.80508,0.40454102,903.9384
4848,147416.06,147427.33,321.72226,0.39920655,683.1525
4849,147426.3,147427.22,289.64575,0.40391847,814.51855
4850,147415.31,147426.03,273.43945,0.40642092,669.47266
4851,147407.62,147424.19,276.5866,0.40725097,697.45013
4852,147422.5,147424.02,249.18422,0.40950927,666.0818
4853,147455.62,147427.17,314.18954,0.4036499,703.96094
4854,147452.08,147429.66,338.59952,0.40576172,646.11536
4855,147407.16,147427.4,350.30206,0.40227053,682.7688
4856,147416.78,147426.34,325.432,0.407605,792.96783
4857,147425.75,147426.28,292.92053,0.4077881,796.26215
4858,147441.42,147427.8,284.25995,0.40166017,756.73267
4859,147453.1,147430.33,313.42783,0.4027588,777.45325
4860,147425.31,147429.83,284.34912,0.40395507,733.2092
4861,147452.34,147432.08,301.54,0.4036133,999.37695
4862,147422.98,147431.17,278.82867,0.40227053,685.3376
4863,147453.75,147433.44,296.82526,0.40281984,753.60187
4864,147453.75,147435.47,304.27652,0.40150148,751.2792
4865,147425.1,147434.44,283.53653,0.40471193,662.0852
4866,147442.81,147435.28,261.49554,0.4029297,730.15204
4867,147450.47,147436.8,256.10538,0.40739748,741.1536
4868,147442.52,147437.38,233.4382,0.40498048,683.7421
4869,147455.22,147439.16,238.75032,0.40059814,725.3234
4870,147400.5,147435.3,349.3628,0.40222168,738.4954
4871,147459.31,147437.7,366.334,0.4074951,713.7136
4872,147468.64,147440.8,415.8422,0.3980957,832.8918
4873,147410.89,147437.81,454.7525,0.40477297,672.35767
4874,147420.28,147436.06,436.93826,0.4039917,698.2996
4875,147438.38,147436.3,393.7257,0.40626222,770.18823
4876,147446.81,147437.34,364.30518,0.4022461,701.5524
4877,147418.25,147435.44,360.68607,0.40184328,670.89465
4878,147408.16,147432.7,391.60144,0.40697023,761.1874
4879,147446.28,147434.06,369.03418,0.40771484,771.0372
4880,147417.0,147432.36,358.33234,0.4052002,701.95557
4881,147415.06,147430.62,349.42545,0.405542,705.27704
4882,147436.28,147431.19,317.36227,0.404126,700.42487
4883,147401.94,147428.27,362.62665,0.40579835,754.27155
4884,147389.39,147424.38,462.3779,0.40773925,689.82733
4885,147433.06,147425.25,422.93265,0.4043579,764.0691
4886,147400.4,147422.77,436.18845,0.40339357,703.2722
4887,147411.31,147421.62,404.37524,0.40737304,728.1702
4888,147415.45,147421.0,367.366,0.40581056,726.2894
4889,147444.73,147423.38,381.32825,0.40522462,729.32605
4890,147441.66,147425.2,373.27377,0.403479,691.39136
4891,147431.97,147425.88,340.066,0.4046997,686.7206
4892,147426.97,147425.98,306.16705,0.40625,664.086
4893,147432.9,147426.67,279.86246,0.40444335,755.3381
4894,147441.61,147428.17,271.95782,0.40764162,701.8879
4895,147423.22,147427.67,246.97005,0.40570068,718.7408
4896,147421.7,147427.08,225.47937,0.4037964,713.60016
4897,147434.34,147427.81,207.68246,0.40460205,746.37524
4898,147419.23,147426.95,193.5368,0.40424806,658.6807
4899,147413.4,147425.6,190.69972,0.4015381,689.0169
4900,147407.03,147423.73,202.64073,0.40546876,761.07825
4901,147410.4,147422.4,198.36417,0.4062378,723.2801
4902,147436.64,147423.83,196.76332,0.40146485,826.345
4903,147414.88,147422.94,184.30124,0.40800783,737.515
4904,147407.06,147421.34,188.55252,0.40266114,663.05786
4905,147421.25,147421.33,169.69806,0.40626222,709.7024
4906,147398.56,147419.05,199.37288,0.4046631,741.0394
4907,147427.5,147419.89,185.86658,0.40310058,821.1284
4908,147412.66,147419.17,171.99017,0.40369874,720.38226
4909,147409.4,147418.19,163.37422,0.40655518,711.62335
4910,147420.08,147418.38,147.3585,0.40452883,736.2291
4911,147431.75,147419.72,148.72281,0.40574953,724.5029
4912,147433.28,147421.08,150.40524,0.40130615,661.90375
4913,147426.86,147421.66,138.37277,0.40662843,724.1713
4914,147430.92,147422.58,132.26215,0.4043335,912.178
4915,147415.72,147421.89,123.27052,0.40357667,922.186
4916,147415.0,147421.2,115.216736,0.40231934,876.98535
4917,147430.39,147422.12,111.29198,0.40058595,811.3157
4918,147418.94,147421.81,101.07719,0.40682372,674.11163
4919,147430.14,147422.64,97.211655,0.4046631,644.00146
4920,147445.23,147424.9,133.43347,0.40803224,798.5206
4921,147414.88,147423.9,129.14645,0.40371093,734.1744
4922,147435.28,147425.05,127.87695,0.4093628,734.6762
4923,147415.97,147424.14,122.50637,0.406543,698.671
4924,147425.88,147424.31,110.52645,0.40404055,685.89624
4925,147423.0,147424.19,99.62884,0.40393066,718.2956
4926,147430.8,147424.84,93.597496,0.4064331,692.8201
4927,147441.08,147426.47,107.95769,0.4057129,685.75104
4928,147422.22,147426.05,98.787544,0.40351564,683.7536
4929,147455.88,147429.03,168.98332,0.40366212,676.97034
4930,147419.9,147428.12,159.5789,0.40134278,753.6377
4931,147423.31,147427.64,145.70541,0.40538332,834.3134
4932,147419.47,147426.83,137.14502,0.40524903,703.0845
4933,147402.0,147424.34,178.90974,0.40009767,849.4725
4934,147400.6,147421.97,211.7844,0.40452883,645.74506
4935,147402.67,147420.03,224.11919,0.40673828,635.8762
4936,147432.11,147421.23,214.83656,0.40429688,699.8745
4937,147435.23,147422.64,210.9929,0.4022583,684.25464
4938,147398.25,147420.2,243.43483,0.40201417,713.1244
4939,147420.72,147420.25,219.11526,0.405188,687.4498
4940,147417.34,147419.95,197.9639,0.40437013,678.0938
4941,147432.12,147421.17,191.50142,0.40646973,656.63635
4942,147445.31,147423.6,224.80055,0.4032715,718.0079
4943,147419.38,147423.17,203.9223,0.4031128,711.824
4944,147419.66,147422.81,184.64243,0.4072632,710.3041
4945,147440.61,147424.6,194.68378,0.40460205,748.46436
4946,147486.17,147430.75,516.48334,0.40402833,1971.1233
4947,147432.94,147430.97,465.26566,0.40318605,802.1197
4948,147422.97,147430.17,424.49908,0.4036133,677.2609
4949,147424.28,147429.58,385.17212,0.40513918,699.3973
4950,147443.97,147431.02,365.293,0.40373537,730.2093
4951,147416.84,147429.6,346.83948,0.4039917,660.55975
4952,147415.98,147428.23,328.8249,0.40231934,665.9169
4953,147448.19,147430.23,331.77383,0.40411377,702.15564
4954,147417.97,147429.0,312.13654,0.3994751,792.7104
4955,147446.23,147430.72,307.655,0.40911865,687.93097
4956,147432.84,147430.94,277.2959,0.40445557,677.0276
4957,147423.12,147430.16,255.05946,0.4026123,658.30536
4958,147424.9,147429.62,232.03413,0.40078124,730.371
4959,147450.16,147431.67,246.7686,0.40218505,906.9141
4960,147434.81,147431.98,222.97946,0.40289307,666.1164
4961,147450.47,147433.83,231.43199,0.3985962,698.4353
4962,147414.42,147431.89,242.18303,0.40429688,713.9852
4963,147400.33,147428.73,307.62195,0.4033203,680.3466
4964,147424.61,147428.33,278.39114,0.40476075,699.8411
4965,147430.84,147428.58,251.12158,0.40203857,713.8662
4966,147413.12,147427.03,247.50134,0.4042847,663.4334
4967,147457.03,147430.03,303.7512,0.40405273,1829.1162
4968,147441.97,147431.22,286.20142,0.40395507,776.66
4969,147407.81,147428.88,306.888,0.40291747,696.7821
4970,147406.42,147426.62,321.57205,0.4018921,722.4404
4971,147397.56,147423.72,365.43143,0.40369874,641.80255
4972,147440.53,147425.4,354.3277,0.40432128,682.3096
4973,147433.52,147426.22,324.8135,0.40305176,682.402
4974,147411.62,147424.77,311.50012,0.40660402,715.74615
4975,147427.12,147425.0,280.8511,0.4048462,692.40216
4976,147397.53,147422.25,320.6739,0.40251467,732.8461
4977,147412.03,147421.23,298.00455,0.4062256,687.7334
4978,147421.2,147421.23,268.20416,0.40769044,780.914
4979,147408.53,147419.97,255.90698,0.40340576,669.8113
4980,147419.06,147419.88,230.39018,0.40529785,664.70166
4981,147431.9,147421.08,220.37875,0.40423584,723.20886
4982,147422.75,147421.25,198.59244,0.40389404,779.35913
4983,147419.83,147421.11,178.91515,0.40649414,678.8686
4984,147397.12,147418.72,212.79614,0.4072754,662.35614
4985,147400.88,147416.94,220.17247,0.40734863,670.9232
4986,147445.1,147419.75,269.5049,0.40142822,742.5276
4987,147422.39,147420.02,243.18198,0.40340576,680.29645
4988,147435.19,147421.53,239.5805,0.40578613,670.594
4989,147403.62,147419.73,244.47949,0.4040161,736.3549
4990,147413.56,147419.12,223.45982,0.4079956,664.1516
4991,147421.61,147419.38,201.66933,0.40700683,671.91675
4992,147430.69,147420.5,193.01993,0.40434572,724.04553
4993,147431.11,147421.56,183.84824,0.40064698,729.6504
4994,147395.8,147418.98,225.21149,0.4032715,681.34686
4995,147407.23,147417.81,215.11595,0.40773925,690.466
4996,147420.0,147418.03,194.03502,0.40426025,656.8641
4997,147412.78,147417.5,177.11214,0.4050049,685.31775
4998,147427.08,147418.45,167.65756,0.40236816,664.4198
4999,147405.6,147417.17,165.77452,0.40441895,732.27826
