2026-06-08 17:24:59,753 - JAX version: 0.10.1
2026-06-08 17:24:59,754 - jax_enable_x64: False
2026-06-08 17:24:59,754 - JAXlib version: 0.10.1
2026-06-08 17:24:59,754 - KFAC-JAX version: 0.0.8
2026-06-08 17:24:59,754 - Available devices: ['cuda:0', 'cuda:1']
2026-06-08 17:24:59,754 - Platform: gpu
2026-06-08 17:24:59,754 - Default precision: float32
2026-06-08 17:24:59,754 - Default matmul precision: float32
2026-06-08 17:24:59,754 - GPU information: ['Tesla V100-PCIE-32GB', 'Tesla V100-PCIE-32GB']
2026-06-08 17:24:59,754 - Python version: 3.13.13
2026-06-08 17:24:59,754 - System: Linux #20260508 SMP PREEMPT_DYNAMIC Fri May  8 11:20:56 EDT 2026
2026-06-08 17:24:59,754 - Processor: x86_64
2026-06-08 17:24:59,754 - Numpy version: 2.4.6
2026-06-08 17:24:59,754 - CUDA_VISIBLE_DEVICES: GPU-294bac15-0daa-3e99-d426-3620c8d05ca6,GPU-41a6ec18-e2e7-802b-4184-2593f87c46da
2026-06-08 17:24:59,754 - NVIDIA driver version: 580.126.09
580.126.09
2026-06-08 17:24:59,754 - GPU models: Tesla V100-PCIE-32GB, Tesla V100-PCIE-32GB
2026-06-08 17:24:59,775 - Starting QMC with 2 XLA devices per host across 1 hosts.
2026-06-08 17:25:03,210 - Loading checkpoint /home/gridsan/hlo1/project/PeriodicWaveBoson/results/anneal_rs_N24_layers12_12_d2.5_D20.0_seed1_sq/N24_layers12_12_rs1.0_d2.5_D20.0_seed1_sq/qmcjax_ckpt_004999.npz
2026-06-08 17:25:03,257 - Resetting iteration counter after checkpoint restore.
2026-06-08 17:25:03,258 - Resetting optimizer state after checkpoint restore.
2026-06-08 17:25:04,816 - Unregularized parameters masking info (for curvature calculations and L2 regularization)
2026-06-08 17:25:04,816 -   Not masking out (DictKey(key='embed'), DictKey(key='b'))
2026-06-08 17:25:04,816 -   Not masking out (DictKey(key='embed'), DictKey(key='w'))
2026-06-08 17:25:04,816 -   Not masking out (DictKey(key='phi'), SequenceKey(idx=0), SequenceKey(idx=0), DictKey(key='b'))
2026-06-08 17:25:04,816 -   Not masking out (DictKey(key='phi'), SequenceKey(idx=0), SequenceKey(idx=0), DictKey(key='w'))
2026-06-08 17:25:04,816 -   Not masking out (DictKey(key='phi'), SequenceKey(idx=0), SequenceKey(idx=1), DictKey(key='b'))
2026-06-08 17:25:04,816 -   Not masking out (DictKey(key='phi'), SequenceKey(idx=0), SequenceKey(idx=1), DictKey(key='w'))
2026-06-08 17:25:04,816 -   Not masking out (DictKey(key='phi'), SequenceKey(idx=1), SequenceKey(idx=0), DictKey(key='b'))
2026-06-08 17:25:04,816 -   Not masking out (DictKey(key='phi'), SequenceKey(idx=1), SequenceKey(idx=0), DictKey(key='w'))
2026-06-08 17:25:04,816 -   Not masking out (DictKey(key='phi'), SequenceKey(idx=1), SequenceKey(idx=1), DictKey(key='b'))
2026-06-08 17:25:04,816 -   Not masking out (DictKey(key='phi'), SequenceKey(idx=1), SequenceKey(idx=1), DictKey(key='w'))
2026-06-08 17:25:04,816 -   Not masking out (DictKey(key='phi'), SequenceKey(idx=2), SequenceKey(idx=0), DictKey(key='b'))
2026-06-08 17:25:04,816 -   Not masking out (DictKey(key='phi'), SequenceKey(idx=2), SequenceKey(idx=0), DictKey(key='w'))
2026-06-08 17:25:04,816 -   Not masking out (DictKey(key='phi'), SequenceKey(idx=2), SequenceKey(idx=1), DictKey(key='b'))
2026-06-08 17:25:04,816 -   Not masking out (DictKey(key='phi'), SequenceKey(idx=2), SequenceKey(idx=1), DictKey(key='w'))
2026-06-08 17:25:04,816 -   Not masking out (DictKey(key='rho'), SequenceKey(idx=0), DictKey(key='b'))
2026-06-08 17:25:04,816 -   Not masking out (DictKey(key='rho'), SequenceKey(idx=0), DictKey(key='w'))
2026-06-08 17:25:04,816 -   Not masking out (DictKey(key='rho'), SequenceKey(idx=1), DictKey(key='b'))
2026-06-08 17:25:04,817 -   Not masking out (DictKey(key='rho'), SequenceKey(idx=1), DictKey(key='w'))
2026-06-08 17:25:04,817 -   Not masking out (DictKey(key='transformer'), SequenceKey(idx=0), DictKey(key='attn_ln'), DictKey(key='offset'))
2026-06-08 17:25:04,817 -   Not masking out (DictKey(key='transformer'), SequenceKey(idx=0), DictKey(key='attn_ln'), DictKey(key='scale'))
2026-06-08 17:25:04,817 -   Not masking out (DictKey(key='transformer'), SequenceKey(idx=0), DictKey(key='ff1'), DictKey(key='b'))
2026-06-08 17:25:04,817 -   Not masking out (DictKey(key='transformer'), SequenceKey(idx=0), DictKey(key='ff1'), DictKey(key='w'))
2026-06-08 17:25:04,817 -   Not masking out (DictKey(key='transformer'), SequenceKey(idx=0), DictKey(key='ff2'), DictKey(key='b'))
2026-06-08 17:25:04,817 -   Not masking out (DictKey(key='transformer'), SequenceKey(idx=0), DictKey(key='ff2'), DictKey(key='w'))
2026-06-08 17:25:04,817 -   Not masking out (DictKey(key='transformer'), SequenceKey(idx=0), DictKey(key='ff_ln'), DictKey(key='offset'))
2026-06-08 17:25:04,817 -   Not masking out (DictKey(key='transformer'), SequenceKey(idx=0), DictKey(key='ff_ln'), DictKey(key='scale'))
2026-06-08 17:25:04,817 -   Not masking out (DictKey(key='transformer'), SequenceKey(idx=0), DictKey(key='k_w'))
2026-06-08 17:25:04,817 -   Not masking out (DictKey(key='transformer'), SequenceKey(idx=0), DictKey(key='out_w'))
2026-06-08 17:25:04,817 -   Not masking out (DictKey(key='transformer'), SequenceKey(idx=0), DictKey(key='q_w'))
2026-06-08 17:25:04,817 -   Not masking out (DictKey(key='transformer'), SequenceKey(idx=0), DictKey(key='v_w'))
2026-06-08 17:25:04,817 -   Not masking out (DictKey(key='transformer'), SequenceKey(idx=1), DictKey(key='attn_ln'), DictKey(key='offset'))
2026-06-08 17:25:04,817 -   Not masking out (DictKey(key='transformer'), SequenceKey(idx=1), DictKey(key='attn_ln'), DictKey(key='scale'))
2026-06-08 17:25:04,817 -   Not masking out (DictKey(key='transformer'), SequenceKey(idx=1), DictKey(key='ff1'), DictKey(key='b'))
2026-06-08 17:25:04,817 -   Not masking out (DictKey(key='transformer'), SequenceKey(idx=1), DictKey(key='ff1'), DictKey(key='w'))
2026-06-08 17:25:04,817 -   Not masking out (DictKey(key='transformer'), SequenceKey(idx=1), DictKey(key='ff2'), DictKey(key='b'))
2026-06-08 17:25:04,817 -   Not masking out (DictKey(key='transformer'), SequenceKey(idx=1), DictKey(key='ff2'), DictKey(key='w'))
2026-06-08 17:25:04,817 -   Not masking out (DictKey(key='transformer'), SequenceKey(idx=1), DictKey(key='ff_ln'), DictKey(key='offset'))
2026-06-08 17:25:04,817 -   Not masking out (DictKey(key='transformer'), SequenceKey(idx=1), DictKey(key='ff_ln'), DictKey(key='scale'))
2026-06-08 17:25:04,817 -   Not masking out (DictKey(key='transformer'), SequenceKey(idx=1), DictKey(key='k_w'))
2026-06-08 17:25:04,817 -   Not masking out (DictKey(key='transformer'), SequenceKey(idx=1), DictKey(key='out_w'))
2026-06-08 17:25:04,817 -   Not masking out (DictKey(key='transformer'), SequenceKey(idx=1), DictKey(key='q_w'))
2026-06-08 17:25:04,817 -   Not masking out (DictKey(key='transformer'), SequenceKey(idx=1), DictKey(key='v_w'))
2026-06-08 17:25:04,817 -   Not masking out (DictKey(key='transformer'), SequenceKey(idx=2), DictKey(key='attn_ln'), DictKey(key='offset'))
2026-06-08 17:25:04,817 -   Not masking out (DictKey(key='transformer'), SequenceKey(idx=2), DictKey(key='attn_ln'), DictKey(key='scale'))
2026-06-08 17:25:04,817 -   Not masking out (DictKey(key='transformer'), SequenceKey(idx=2), DictKey(key='ff1'), DictKey(key='b'))
2026-06-08 17:25:04,817 -   Not masking out (DictKey(key='transformer'), SequenceKey(idx=2), DictKey(key='ff1'), DictKey(key='w'))
2026-06-08 17:25:04,817 -   Not masking out (DictKey(key='transformer'), SequenceKey(idx=2), DictKey(key='ff2'), DictKey(key='b'))
2026-06-08 17:25:04,817 -   Not masking out (DictKey(key='transformer'), SequenceKey(idx=2), DictKey(key='ff2'), DictKey(key='w'))
2026-06-08 17:25:04,818 -   Not masking out (DictKey(key='transformer'), SequenceKey(idx=2), DictKey(key='ff_ln'), DictKey(key='offset'))
2026-06-08 17:25:04,818 -   Not masking out (DictKey(key='transformer'), SequenceKey(idx=2), DictKey(key='ff_ln'), DictKey(key='scale'))
2026-06-08 17:25:04,818 -   Not masking out (DictKey(key='transformer'), SequenceKey(idx=2), DictKey(key='k_w'))
2026-06-08 17:25:04,818 -   Not masking out (DictKey(key='transformer'), SequenceKey(idx=2), DictKey(key='out_w'))
2026-06-08 17:25:04,818 -   Not masking out (DictKey(key='transformer'), SequenceKey(idx=2), DictKey(key='q_w'))
2026-06-08 17:25:04,818 -   Not masking out (DictKey(key='transformer'), SequenceKey(idx=2), DictKey(key='v_w'))
2026-06-08 17:25:06,917 - ==================================================
2026-06-08 17:25:06,917 - Graph parameter registrations:
2026-06-08 17:25:06,918 - {'embed': {'b': 'Auto[tag_variant=repeated_dense(0)|match_type=repeated_dense1_with_bias]',
2026-06-08 17:25:06,918 -            'w': 'Auto[tag_variant=repeated_dense(0)|match_type=repeated_dense1_with_bias]'},
2026-06-08 17:25:06,918 -  'ln': [],
2026-06-08 17:25:06,918 -  'phi': [[{'b': 'Auto[generic(0)]', 'w': 'Auto[generic(1)]'},
2026-06-08 17:25:06,918 -           {'b': 'Auto[generic(2)]', 'w': 'Auto[generic(3)]'}],
2026-06-08 17:25:06,918 -          [{'b': 'Auto[generic(4)]', 'w': 'Auto[generic(5)]'},
2026-06-08 17:25:06,918 -           {'b': 'Auto[generic(6)]', 'w': 'Auto[generic(7)]'}],
2026-06-08 17:25:06,918 -          [{'b': 'Auto[generic(8)]', 'w': 'Auto[generic(9)]'},
2026-06-08 17:25:06,918 -           {'b': 'Auto[generic(10)]', 'w': 'Auto[generic(11)]'}]],
2026-06-08 17:25:06,918 -  'rho': [{'b': 'Auto[tag_variant=dense(0)|match_type=dense_with_bias_no_reshape]',
2026-06-08 17:25:06,918 -           'w': 'Auto[tag_variant=dense(0)|match_type=dense_with_bias_no_reshape]'},
2026-06-08 17:25:06,919 -          {'b': 'Auto[tag_variant=dense(1)|match_type=dense_with_bias_no_reshape]',
2026-06-08 17:25:06,919 -           'w': 'Auto[tag_variant=dense(1)|match_type=dense_with_bias_no_reshape]'}],
2026-06-08 17:25:06,919 -  'transformer': [{'attn_ln': {'offset': 'Auto[tag_variant=scale_and_shift(0)|match_type=normalization_haiku_broadcast_1]',
2026-06-08 17:25:06,919 -                               'scale': 'Auto[tag_variant=scale_and_shift(0)|match_type=normalization_haiku_broadcast_1]'},
2026-06-08 17:25:06,919 -                   'ff1': {'b': 'Auto[tag_variant=repeated_dense(5)|match_type=repeated_dense1_with_bias]',
2026-06-08 17:25:06,919 -                           'w': 'Auto[tag_variant=repeated_dense(5)|match_type=repeated_dense1_with_bias]'},
2026-06-08 17:25:06,919 -                   'ff2': {'b': 'Auto[tag_variant=repeated_dense(6)|match_type=repeated_dense1_with_bias]',
2026-06-08 17:25:06,919 -                           'w': 'Auto[tag_variant=repeated_dense(6)|match_type=repeated_dense1_with_bias]'},
2026-06-08 17:25:06,919 -                   'ff_ln': {'offset': 'Auto[tag_variant=scale_and_shift(1)|match_type=normalization_haiku_broadcast_1]',
2026-06-08 17:25:06,919 -                             'scale': 'Auto[tag_variant=scale_and_shift(1)|match_type=normalization_haiku_broadcast_1]'},
2026-06-08 17:25:06,919 -                   'k_w': 'Auto[tag_variant=repeated_dense(2)|match_type=repeated_dense1_no_bias]',
2026-06-08 17:25:06,919 -                   'out_w': 'Auto[tag_variant=repeated_dense(4)|match_type=repeated_dense1_no_bias]',
2026-06-08 17:25:06,919 -                   'q_w': 'Auto[tag_variant=repeated_dense(1)|match_type=repeated_dense1_no_bias]',
2026-06-08 17:25:06,919 -                   'v_w': 'Auto[tag_variant=repeated_dense(3)|match_type=repeated_dense1_no_bias]'},
2026-06-08 17:25:06,919 -                  {'attn_ln': {'offset': 'Auto[tag_variant=scale_and_shift(2)|match_type=normalization_haiku_broadcast_1]',
2026-06-08 17:25:06,919 -                               'scale': 'Auto[tag_variant=scale_and_shift(2)|match_type=normalization_haiku_broadcast_1]'},
2026-06-08 17:25:06,919 -                   'ff1': {'b': 'Auto[tag_variant=repeated_dense(11)|match_type=repeated_dense1_with_bias]',
2026-06-08 17:25:06,919 -                           'w': 'Auto[tag_variant=repeated_dense(11)|match_type=repeated_dense1_with_bias]'},
2026-06-08 17:25:06,919 -                   'ff2': {'b': 'Auto[tag_variant=repeated_dense(12)|match_type=repeated_dense1_with_bias]',
2026-06-08 17:25:06,919 -                           'w': 'Auto[tag_variant=repeated_dense(12)|match_type=repeated_dense1_with_bias]'},
2026-06-08 17:25:06,919 -                   'ff_ln': {'offset': 'Auto[tag_variant=scale_and_shift(3)|match_type=normalization_haiku_broadcast_1]',
2026-06-08 17:25:06,919 -                             'scale': 'Auto[tag_variant=scale_and_shift(3)|match_type=normalization_haiku_broadcast_1]'},
2026-06-08 17:25:06,919 -                   'k_w': 'Auto[tag_variant=repeated_dense(8)|match_type=repeated_dense1_no_bias]',
2026-06-08 17:25:06,919 -                   'out_w': 'Auto[tag_variant=repeated_dense(10)|match_type=repeated_dense1_no_bias]',
2026-06-08 17:25:06,919 -                   'q_w': 'Auto[tag_variant=repeated_dense(7)|match_type=repeated_dense1_no_bias]',
2026-06-08 17:25:06,919 -                   'v_w': 'Auto[tag_variant=repeated_dense(9)|match_type=repeated_dense1_no_bias]'},
2026-06-08 17:25:06,919 -                  {'attn_ln': {'offset': 'Auto[tag_variant=scale_and_shift(4)|match_type=normalization_haiku_broadcast_1]',
2026-06-08 17:25:06,919 -                               'scale': 'Auto[tag_variant=scale_and_shift(4)|match_type=normalization_haiku_broadcast_1]'},
2026-06-08 17:25:06,919 -                   'ff1': {'b': 'Auto[tag_variant=repeated_dense(17)|match_type=repeated_dense1_with_bias]',
2026-06-08 17:25:06,919 -                           'w': 'Auto[tag_variant=repeated_dense(17)|match_type=repeated_dense1_with_bias]'},
2026-06-08 17:25:06,919 -                   'ff2': {'b': 'Auto[tag_variant=repeated_dense(18)|match_type=repeated_dense1_with_bias]',
2026-06-08 17:25:06,919 -                           'w': 'Auto[tag_variant=repeated_dense(18)|match_type=repeated_dense1_with_bias]'},
2026-06-08 17:25:06,919 -                   'ff_ln': {'offset': 'Auto[tag_variant=scale_and_shift(5)|match_type=normalization_haiku_broadcast_1]',
2026-06-08 17:25:06,919 -                             'scale': 'Auto[tag_variant=scale_and_shift(5)|match_type=normalization_haiku_broadcast_1]'},
2026-06-08 17:25:06,919 -                   'k_w': 'Auto[tag_variant=repeated_dense(14)|match_type=repeated_dense1_no_bias]',
2026-06-08 17:25:06,919 -                   'out_w': 'Auto[tag_variant=repeated_dense(16)|match_type=repeated_dense1_no_bias]',
2026-06-08 17:25:06,919 -                   'q_w': 'Auto[tag_variant=repeated_dense(13)|match_type=repeated_dense1_no_bias]',
2026-06-08 17:25:06,919 -                   'v_w': 'Auto[tag_variant=repeated_dense(15)|match_type=repeated_dense1_no_bias]'}]}
2026-06-08 17:25:06,919 - ==================================================
2026-06-08 17:25:06,934 - Graph registered losses:
2026-06-08 17:25:06,934 - NormalMeanNegativeLogProbLoss(mean=Var(id=140411747393024):float32[1024,1], variance=Literal(0.5), weight=Literal(1.0), normalize_log_prob=Literal(True))
2026-06-08 17:25:06,934 - ==================================================
2026-06-08 17:25:06,936 - BlockDiagonalCurvature blocks:
2026-06-08 17:25:06,936 - RepeatedDenseBlock(parameter_specs=['ab -> (a)b', 'a -> 1a'], parameters_concat_axis=0), tag name: Auto[tag_variant=repeated_dense(0)|match_type=repeated_dense1_with_bias], params shapes: ((5, 64), (64,))
2026-06-08 17:25:06,936 - NaiveDiagonal, tag name: Auto[generic(0)], params shapes: ((64,),)
2026-06-08 17:25:06,937 - NaiveDiagonal, tag name: Auto[generic(1)], params shapes: ((64, 64),)
2026-06-08 17:25:06,937 - NaiveDiagonal, tag name: Auto[generic(2)], params shapes: ((64,),)
2026-06-08 17:25:06,937 - NaiveDiagonal, tag name: Auto[generic(3)], params shapes: ((64, 64),)
2026-06-08 17:25:06,937 - NaiveDiagonal, tag name: Auto[generic(4)], params shapes: ((64,),)
2026-06-08 17:25:06,937 - NaiveDiagonal, tag name: Auto[generic(5)], params shapes: ((64, 64),)
2026-06-08 17:25:06,937 - NaiveDiagonal, tag name: Auto[generic(6)], params shapes: ((64,),)
2026-06-08 17:25:06,937 - NaiveDiagonal, tag name: Auto[generic(7)], params shapes: ((64, 64),)
2026-06-08 17:25:06,937 - NaiveDiagonal, tag name: Auto[generic(8)], params shapes: ((64,),)
2026-06-08 17:25:06,937 - NaiveDiagonal, tag name: Auto[generic(9)], params shapes: ((64, 64),)
2026-06-08 17:25:06,937 - NaiveDiagonal, tag name: Auto[generic(10)], params shapes: ((64,),)
2026-06-08 17:25:06,937 - NaiveDiagonal, tag name: Auto[generic(11)], params shapes: ((64, 64),)
2026-06-08 17:25:06,937 - DenseTwoKroneckerFactored(parameter_specs=['ab -> (a)b', 'a -> 1a'], parameters_concat_axis=0), tag name: Auto[tag_variant=dense(0)|match_type=dense_with_bias_no_reshape], params shapes: ((64, 64), (64,))
2026-06-08 17:25:06,938 - DenseTwoKroneckerFactored(parameter_specs=['ab -> (a)b', 'a -> 1a'], parameters_concat_axis=0), tag name: Auto[tag_variant=dense(1)|match_type=dense_with_bias_no_reshape], params shapes: ((64, 1), (1,))
2026-06-08 17:25:06,938 - ScaleAndShiftDiagonal, tag name: Auto[tag_variant=scale_and_shift(0)|match_type=normalization_haiku_broadcast_1], params shapes: ((64,), (64,))
2026-06-08 17:25:06,938 - RepeatedDenseBlock(parameter_specs=['ab -> (a)b', 'a -> 1a'], parameters_concat_axis=0), tag name: Auto[tag_variant=repeated_dense(5)|match_type=repeated_dense1_with_bias], params shapes: ((64, 256), (256,))
2026-06-08 17:25:06,938 - RepeatedDenseBlock(parameter_specs=['ab -> (a)b', 'a -> 1a'], parameters_concat_axis=0), tag name: Auto[tag_variant=repeated_dense(6)|match_type=repeated_dense1_with_bias], params shapes: ((256, 64), (64,))
2026-06-08 17:25:06,938 - ScaleAndShiftDiagonal, tag name: Auto[tag_variant=scale_and_shift(1)|match_type=normalization_haiku_broadcast_1], params shapes: ((64,), (64,))
2026-06-08 17:25:06,938 - RepeatedDenseBlock(parameter_specs=['ab -> (a)b'], parameters_concat_axis=0), tag name: Auto[tag_variant=repeated_dense(2)|match_type=repeated_dense1_no_bias], params shapes: ((64, 64),)
2026-06-08 17:25:06,938 - RepeatedDenseBlock(parameter_specs=['ab -> (a)b'], parameters_concat_axis=0), tag name: Auto[tag_variant=repeated_dense(4)|match_type=repeated_dense1_no_bias], params shapes: ((64, 64),)
2026-06-08 17:25:06,938 - RepeatedDenseBlock(parameter_specs=['ab -> (a)b'], parameters_concat_axis=0), tag name: Auto[tag_variant=repeated_dense(1)|match_type=repeated_dense1_no_bias], params shapes: ((64, 64),)
2026-06-08 17:25:06,938 - RepeatedDenseBlock(parameter_specs=['ab -> (a)b'], parameters_concat_axis=0), tag name: Auto[tag_variant=repeated_dense(3)|match_type=repeated_dense1_no_bias], params shapes: ((64, 64),)
2026-06-08 17:25:06,939 - ScaleAndShiftDiagonal, tag name: Auto[tag_variant=scale_and_shift(2)|match_type=normalization_haiku_broadcast_1], params shapes: ((64,), (64,))
2026-06-08 17:25:06,939 - RepeatedDenseBlock(parameter_specs=['ab -> (a)b', 'a -> 1a'], parameters_concat_axis=0), tag name: Auto[tag_variant=repeated_dense(11)|match_type=repeated_dense1_with_bias], params shapes: ((64, 256), (256,))
2026-06-08 17:25:06,939 - RepeatedDenseBlock(parameter_specs=['ab -> (a)b', 'a -> 1a'], parameters_concat_axis=0), tag name: Auto[tag_variant=repeated_dense(12)|match_type=repeated_dense1_with_bias], params shapes: ((256, 64), (64,))
2026-06-08 17:25:06,939 - ScaleAndShiftDiagonal, tag name: Auto[tag_variant=scale_and_shift(3)|match_type=normalization_haiku_broadcast_1], params shapes: ((64,), (64,))
2026-06-08 17:25:06,939 - RepeatedDenseBlock(parameter_specs=['ab -> (a)b'], parameters_concat_axis=0), tag name: Auto[tag_variant=repeated_dense(8)|match_type=repeated_dense1_no_bias], params shapes: ((64, 64),)
2026-06-08 17:25:06,939 - RepeatedDenseBlock(parameter_specs=['ab -> (a)b'], parameters_concat_axis=0), tag name: Auto[tag_variant=repeated_dense(10)|match_type=repeated_dense1_no_bias], params shapes: ((64, 64),)
2026-06-08 17:25:06,939 - RepeatedDenseBlock(parameter_specs=['ab -> (a)b'], parameters_concat_axis=0), tag name: Auto[tag_variant=repeated_dense(7)|match_type=repeated_dense1_no_bias], params shapes: ((64, 64),)
2026-06-08 17:25:06,939 - RepeatedDenseBlock(parameter_specs=['ab -> (a)b'], parameters_concat_axis=0), tag name: Auto[tag_variant=repeated_dense(9)|match_type=repeated_dense1_no_bias], params shapes: ((64, 64),)
2026-06-08 17:25:06,939 - ScaleAndShiftDiagonal, tag name: Auto[tag_variant=scale_and_shift(4)|match_type=normalization_haiku_broadcast_1], params shapes: ((64,), (64,))
2026-06-08 17:25:06,939 - RepeatedDenseBlock(parameter_specs=['ab -> (a)b', 'a -> 1a'], parameters_concat_axis=0), tag name: Auto[tag_variant=repeated_dense(17)|match_type=repeated_dense1_with_bias], params shapes: ((64, 256), (256,))
2026-06-08 17:25:06,940 - RepeatedDenseBlock(parameter_specs=['ab -> (a)b', 'a -> 1a'], parameters_concat_axis=0), tag name: Auto[tag_variant=repeated_dense(18)|match_type=repeated_dense1_with_bias], params shapes: ((256, 64), (64,))
2026-06-08 17:25:06,940 - ScaleAndShiftDiagonal, tag name: Auto[tag_variant=scale_and_shift(5)|match_type=normalization_haiku_broadcast_1], params shapes: ((64,), (64,))
2026-06-08 17:25:06,940 - RepeatedDenseBlock(parameter_specs=['ab -> (a)b'], parameters_concat_axis=0), tag name: Auto[tag_variant=repeated_dense(14)|match_type=repeated_dense1_no_bias], params shapes: ((64, 64),)
2026-06-08 17:25:06,940 - RepeatedDenseBlock(parameter_specs=['ab -> (a)b'], parameters_concat_axis=0), tag name: Auto[tag_variant=repeated_dense(16)|match_type=repeated_dense1_no_bias], params shapes: ((64, 64),)
2026-06-08 17:25:06,940 - RepeatedDenseBlock(parameter_specs=['ab -> (a)b'], parameters_concat_axis=0), tag name: Auto[tag_variant=repeated_dense(13)|match_type=repeated_dense1_no_bias], params shapes: ((64, 64),)
2026-06-08 17:25:06,940 - RepeatedDenseBlock(parameter_specs=['ab -> (a)b'], parameters_concat_axis=0), tag name: Auto[tag_variant=repeated_dense(15)|match_type=repeated_dense1_no_bias], params shapes: ((64, 64),)
2026-06-08 17:25:06,940 - ==================================================
2026-06-08 17:25:07,347 - Burning in MCMC chain for 2000 steps
2026-06-08 17:26:05,013 - Completed burn-in MCMC steps
2026-06-08 17:26:10,782 - Initial energy: 251.0633 E_h
2026-06-08 17:26:23,806 - Step 00000: 251.7558 E_h, exp. variance=0.0000 E_h^2, pmove=0.46
2026-06-08 17:26:24,238 - Step 00001: 250.9237 E_h, exp. variance=0.0623 E_h^2, pmove=0.46
2026-06-08 17:26:24,557 - Step 00002: 251.2236 E_h, exp. variance=0.0742 E_h^2, pmove=0.45
2026-06-08 17:26:24,874 - Step 00003: 251.4745 E_h, exp. variance=0.0689 E_h^2, pmove=0.45
2026-06-08 17:26:25,196 - Step 00004: 254.4447 E_h, exp. variance=0.7840 E_h^2, pmove=0.46
2026-06-08 17:26:25,517 - Step 00005: 250.1549 E_h, exp. variance=0.9783 E_h^2, pmove=0.46
2026-06-08 17:26:25,836 - Step 00006: 250.5792 E_h, exp. variance=0.9979 E_h^2, pmove=0.46
2026-06-08 17:26:26,156 - Step 00007: 250.3088 E_h, exp. variance=1.0499 E_h^2, pmove=0.46
2026-06-08 17:26:26,483 - Step 00008: 250.9004 E_h, exp. variance=0.9748 E_h^2, pmove=0.45
2026-06-08 17:26:26,800 - Step 00009: 249.9770 E_h, exp. variance=1.0647 E_h^2, pmove=0.45
2026-06-08 17:26:27,121 - Step 00010: 250.0405 E_h, exp. variance=1.0955 E_h^2, pmove=0.46
2026-06-08 17:26:27,440 - Step 00011: 249.9556 E_h, exp. variance=1.1148 E_h^2, pmove=0.46
2026-06-08 17:26:27,761 - Step 00012: 250.5382 E_h, exp. variance=1.0253 E_h^2, pmove=0.46
2026-06-08 17:26:28,082 - Step 00013: 251.9679 E_h, exp. variance=1.0101 E_h^2, pmove=0.45
2026-06-08 17:26:28,403 - Step 00014: 250.2650 E_h, exp. variance=0.9690 E_h^2, pmove=0.46
2026-06-08 17:26:28,721 - Step 00015: 250.7824 E_h, exp. variance=0.8764 E_h^2, pmove=0.46
2026-06-08 17:26:29,036 - Step 00016: 250.0035 E_h, exp. variance=0.8742 E_h^2, pmove=0.46
2026-06-08 17:26:29,355 - Step 00017: 250.4998 E_h, exp. variance=0.7998 E_h^2, pmove=0.46
2026-06-08 17:26:29,674 - Step 00018: 250.6659 E_h, exp. variance=0.7227 E_h^2, pmove=0.46
2026-06-08 17:26:29,993 - Step 00019: 253.8127 E_h, exp. variance=1.4538 E_h^2, pmove=0.46
2026-06-08 17:26:30,314 - Step 00020: 250.0851 E_h, exp. variance=1.4055 E_h^2, pmove=0.45
2026-06-08 17:26:30,633 - Step 00021: 250.1606 E_h, exp. variance=1.3314 E_h^2, pmove=0.46
2026-06-08 17:26:30,952 - Step 00022: 249.6970 E_h, exp. variance=1.3359 E_h^2, pmove=0.46
2026-06-08 17:26:31,270 - Step 00023: 249.8011 E_h, exp. variance=1.2940 E_h^2, pmove=0.47
2026-06-08 17:26:31,585 - Step 00024: 249.6722 E_h, exp. variance=1.2614 E_h^2, pmove=0.46
2026-06-08 17:26:31,904 - Step 00025: 250.1653 E_h, exp. variance=1.1527 E_h^2, pmove=0.46
2026-06-08 17:26:32,226 - Step 00026: 251.5983 E_h, exp. variance=1.1342 E_h^2, pmove=0.47
2026-06-08 17:26:32,550 - Step 00027: 250.4938 E_h, exp. variance=1.0234 E_h^2, pmove=0.47
2026-06-08 17:26:32,871 - Step 00028: 251.2225 E_h, exp. variance=0.9508 E_h^2, pmove=0.47
2026-06-08 17:26:33,194 - Step 00029: 250.5415 E_h, exp. variance=0.8581 E_h^2, pmove=0.47
2026-06-08 17:26:33,515 - Step 00030: 250.2329 E_h, exp. variance=0.7910 E_h^2, pmove=0.46
2026-06-08 17:26:33,832 - Step 00031: 251.7613 E_h, exp. variance=0.8244 E_h^2, pmove=0.47
2026-06-08 17:26:34,149 - Step 00032: 250.1780 E_h, exp. variance=0.7719 E_h^2, pmove=0.46
2026-06-08 17:26:34,466 - Step 00033: 250.3246 E_h, exp. variance=0.7073 E_h^2, pmove=0.46
2026-06-08 17:26:34,784 - Step 00034: 250.4469 E_h, exp. variance=0.6406 E_h^2, pmove=0.47
2026-06-08 17:26:35,102 - Step 00035: 250.0293 E_h, exp. variance=0.6100 E_h^2, pmove=0.47
2026-06-08 17:26:35,419 - Step 00036: 250.1028 E_h, exp. variance=0.5693 E_h^2, pmove=0.47
2026-06-08 17:26:35,736 - Step 00037: 249.9234 E_h, exp. variance=0.5455 E_h^2, pmove=0.47
2026-06-08 17:26:36,054 - Step 00038: 250.0082 E_h, exp. variance=0.5102 E_h^2, pmove=0.46
2026-06-08 17:26:36,379 - Step 00039: 250.1208 E_h, exp. variance=0.4674 E_h^2, pmove=0.46
2026-06-08 17:26:36,696 - Step 00040: 250.4326 E_h, exp. variance=0.4208 E_h^2, pmove=0.47
2026-06-08 17:26:37,012 - Step 00041: 251.6986 E_h, exp. variance=0.5311 E_h^2, pmove=0.47
2026-06-08 17:26:37,333 - Step 00042: 250.8021 E_h, exp. variance=0.4848 E_h^2, pmove=0.47
2026-06-08 17:26:37,651 - Step 00043: 257.3993 E_h, exp. variance=4.6525 E_h^2, pmove=0.47
2026-06-08 17:26:37,967 - Step 00044: 251.7932 E_h, exp. variance=4.2149 E_h^2, pmove=0.46
2026-06-08 17:26:38,287 - Step 00045: 257.3904 E_h, exp. variance=7.1375 E_h^2, pmove=0.46
2026-06-08 17:26:38,610 - Step 00046: 250.7101 E_h, exp. variance=6.5521 E_h^2, pmove=0.46
2026-06-08 17:26:38,925 - Step 00047: 250.3113 E_h, exp. variance=6.0923 E_h^2, pmove=0.47
2026-06-08 17:26:39,240 - Step 00048: 250.0407 E_h, exp. variance=5.7126 E_h^2, pmove=0.46
2026-06-08 17:26:39,555 - Step 00049: 250.2181 E_h, exp. variance=5.2841 E_h^2, pmove=0.47
2026-06-08 17:26:39,870 - Step 00050: 250.3050 E_h, exp. variance=4.8544 E_h^2, pmove=0.46
2026-06-08 17:26:40,185 - Step 00051: 249.9570 E_h, exp. variance=4.5187 E_h^2, pmove=0.47
2026-06-08 17:26:40,499 - Step 00052: 250.2632 E_h, exp. variance=4.1326 E_h^2, pmove=0.47
2026-06-08 17:26:40,814 - Step 00053: 249.9074 E_h, exp. variance=3.8333 E_h^2, pmove=0.47
2026-06-08 17:26:41,129 - Step 00054: 249.7525 E_h, exp. variance=3.5727 E_h^2, pmove=0.47
2026-06-08 17:26:41,448 - Step 00055: 249.6002 E_h, exp. variance=3.3457 E_h^2, pmove=0.47
2026-06-08 17:26:41,763 - Step 00056: 250.3243 E_h, exp. variance=3.0227 E_h^2, pmove=0.47
2026-06-08 17:26:42,079 - Step 00057: 255.7003 E_h, exp. variance=5.0185 E_h^2, pmove=0.46
2026-06-08 17:26:42,401 - Step 00058: 251.0661 E_h, exp. variance=4.5174 E_h^2, pmove=0.47
2026-06-08 17:26:42,728 - Step 00059: 249.8567 E_h, exp. variance=4.2147 E_h^2, pmove=0.47
2026-06-08 17:26:43,045 - Step 00060: 249.6525 E_h, exp. variance=3.9604 E_h^2, pmove=0.47
2026-06-08 17:26:43,368 - Step 00061: 249.7335 E_h, exp. variance=3.6824 E_h^2, pmove=0.47
2026-06-08 17:26:43,687 - Step 00062: 250.4709 E_h, exp. variance=3.3219 E_h^2, pmove=0.48
2026-06-08 17:26:44,007 - Step 00063: 251.0059 E_h, exp. variance=2.9963 E_h^2, pmove=0.47
2026-06-08 17:26:44,323 - Step 00064: 3080.3018 E_h, exp. variance=720569.1250 E_h^2, pmove=0.47
2026-06-08 17:26:44,640 - Step 00065: 323.1710 E_h, exp. variance=652501.8125 E_h^2, pmove=0.47
2026-06-08 17:26:44,957 - Step 00066: 289.4095 E_h, exp. variance=591737.3125 E_h^2, pmove=0.46
2026-06-08 17:26:45,274 - Step 00067: 250.9730 E_h, exp. variance=537720.1250 E_h^2, pmove=0.47
2026-06-08 17:26:45,591 - Step 00068: 250.6609 E_h, exp. variance=488136.9688 E_h^2, pmove=0.46
2026-06-08 17:26:45,908 - Step 00069: 250.5808 E_h, exp. variance=442719.0625 E_h^2, pmove=0.47
2026-06-08 17:26:46,227 - Step 00070: 250.7171 E_h, exp. variance=401193.4688 E_h^2, pmove=0.48
2026-06-08 17:26:46,551 - Step 00071: 251.2717 E_h, exp. variance=363282.9688 E_h^2, pmove=0.47
2026-06-08 17:26:46,870 - Step 00072: 250.4817 E_h, exp. variance=328763.9375 E_h^2, pmove=0.47
2026-06-08 17:26:47,190 - Step 00073: 250.5378 E_h, exp. variance=297351.7500 E_h^2, pmove=0.47
2026-06-08 17:26:47,507 - Step 00074: 250.7707 E_h, exp. variance=268797.7812 E_h^2, pmove=0.46
2026-06-08 17:26:47,824 - Step 00075: 250.2357 E_h, exp. variance=242884.7344 E_h^2, pmove=0.47
2026-06-08 17:26:48,143 - Step 00076: 250.2895 E_h, exp. variance=219378.4062 E_h^2, pmove=0.46
2026-06-08 17:26:48,462 - Step 00077: 250.0822 E_h, exp. variance=198077.2344 E_h^2, pmove=0.47
2026-06-08 17:26:48,782 - Step 00078: 249.8857 E_h, exp. variance=178787.8906 E_h^2, pmove=0.47
2026-06-08 17:26:49,101 - Step 00079: 250.2878 E_h, exp. variance=161324.0625 E_h^2, pmove=0.47
2026-06-08 17:26:49,416 - Step 00080: 249.9578 E_h, exp. variance=145531.4219 E_h^2, pmove=0.48
2026-06-08 17:26:49,731 - Step 00081: 249.8785 E_h, exp. variance=131254.2812 E_h^2, pmove=0.47
2026-06-08 17:26:50,049 - Step 00082: 249.4193 E_h, exp. variance=118356.5469 E_h^2, pmove=0.48
2026-06-08 17:26:50,367 - Step 00083: 249.4807 E_h, exp. variance=106704.8281 E_h^2, pmove=0.48
2026-06-08 17:26:50,683 - Step 00084: 250.1487 E_h, exp. variance=96178.4766 E_h^2, pmove=0.47
2026-06-08 17:26:50,999 - Step 00085: 251.9490 E_h, exp. variance=86666.0000 E_h^2, pmove=0.48
2026-06-08 17:26:51,314 - Step 00086: 250.1315 E_h, exp. variance=78095.1250 E_h^2, pmove=0.47
2026-06-08 17:26:51,631 - Step 00087: 249.8905 E_h, exp. variance=70364.4219 E_h^2, pmove=0.47
2026-06-08 17:26:51,947 - Step 00088: 249.7107 E_h, exp. variance=63392.6797 E_h^2, pmove=0.47
2026-06-08 17:26:52,278 - Step 00089: 249.6477 E_h, exp. variance=57106.0938 E_h^2, pmove=0.48
2026-06-08 17:26:52,597 - Step 00090: 249.9379 E_h, exp. variance=51437.0273 E_h^2, pmove=0.48
2026-06-08 17:26:52,914 - Step 00091: 249.8285 E_h, exp. variance=46327.3555 E_h^2, pmove=0.48
2026-06-08 17:26:53,231 - Step 00092: 249.7314 E_h, exp. variance=41722.4922 E_h^2, pmove=0.47
2026-06-08 17:26:53,546 - Step 00093: 249.6284 E_h, exp. variance=37573.1133 E_h^2, pmove=0.48
2026-06-08 17:26:53,863 - Step 00094: 249.4985 E_h, exp. variance=33834.6641 E_h^2, pmove=0.48
2026-06-08 17:26:54,182 - Step 00095: 250.0210 E_h, exp. variance=30465.2773 E_h^2, pmove=0.48
2026-06-08 17:26:54,498 - Step 00096: 256.2442 E_h, exp. variance=27421.0293 E_h^2, pmove=0.48
2026-06-08 17:26:54,818 - Step 00097: 249.9126 E_h, exp. variance=24689.5430 E_h^2, pmove=0.47
2026-06-08 17:26:55,140 - Step 00098: 249.8354 E_h, exp. variance=22229.3242 E_h^2, pmove=0.48
2026-06-08 17:26:55,461 - Step 00099: 251.8273 E_h, exp. variance=20010.6445 E_h^2, pmove=0.47
2026-06-08 17:26:55,777 - Step 00100: 249.8941 E_h, exp. variance=18015.5156 E_h^2, pmove=0.47
2026-06-08 17:26:56,091 - Step 00101: 249.4316 E_h, exp. variance=16219.3984 E_h^2, pmove=0.47
2026-06-08 17:26:56,412 - Step 00102: 249.6025 E_h, exp. variance=14601.6484 E_h^2, pmove=0.48
2026-06-08 17:26:56,728 - Step 00103: 249.7505 E_h, exp. variance=13144.7158 E_h^2, pmove=0.47
2026-06-08 17:26:57,046 - Step 00104: 249.9513 E_h, exp. variance=11832.6709 E_h^2, pmove=0.48
2026-06-08 17:26:57,366 - Step 00105: 256.8891 E_h, exp. variance=10649.8652 E_h^2, pmove=0.47
2026-06-08 17:26:57,685 - Step 00106: 249.5991 E_h, exp. variance=9587.3613 E_h^2, pmove=0.48
2026-06-08 17:26:58,003 - Step 00107: 249.3242 E_h, exp. variance=8630.8770 E_h^2, pmove=0.48
2026-06-08 17:26:58,319 - Step 00108: 249.7453 E_h, exp. variance=7769.2876 E_h^2, pmove=0.48
2026-06-08 17:26:58,638 - Step 00109: 249.9988 E_h, exp. variance=6993.4106 E_h^2, pmove=0.48
2026-06-08 17:26:58,959 - Step 00110: 250.2400 E_h, exp. variance=6294.7930 E_h^2, pmove=0.47
2026-06-08 17:26:59,278 - Step 00111: 250.4223 E_h, exp. variance=5665.8188 E_h^2, pmove=0.47
2026-06-08 17:26:59,596 - Step 00112: 251.4176 E_h, exp. variance=5099.3535 E_h^2, pmove=0.47
2026-06-08 17:26:59,915 - Step 00113: 251.1473 E_h, exp. variance=4589.5688 E_h^2, pmove=0.48
2026-06-08 17:27:00,236 - Step 00114: 251.3709 E_h, exp. variance=4130.6914 E_h^2, pmove=0.48
2026-06-08 17:27:00,555 - Step 00115: 251.5204 E_h, exp. variance=3717.6660 E_h^2, pmove=0.47
2026-06-08 17:27:00,875 - Step 00116: 251.2421 E_h, exp. variance=3345.9731 E_h^2, pmove=0.47
2026-06-08 17:27:01,190 - Step 00117: 290.0726 E_h, exp. variance=3141.4380 E_h^2, pmove=0.47
2026-06-08 17:27:01,511 - Step 00118: 250.1301 E_h, exp. variance=2830.2480 E_h^2, pmove=0.46
2026-06-08 17:27:01,832 - Step 00119: 263.3297 E_h, exp. variance=2553.0459 E_h^2, pmove=0.49
2026-06-08 17:27:02,150 - Step 00120: 250.6449 E_h, exp. variance=2300.4102 E_h^2, pmove=0.47
2026-06-08 17:27:02,467 - Step 00121: 250.8443 E_h, exp. variance=2072.3586 E_h^2, pmove=0.47
2026-06-08 17:27:02,787 - Step 00122: 251.4814 E_h, exp. variance=1866.2855 E_h^2, pmove=0.47
2026-06-08 17:27:03,106 - Step 00123: 249.6418 E_h, exp. variance=1681.9746 E_h^2, pmove=0.48
2026-06-08 17:27:03,423 - Step 00124: 250.9499 E_h, exp. variance=1514.7330 E_h^2, pmove=0.48
2026-06-08 17:27:03,740 - Step 00125: 249.8693 E_h, exp. variance=1364.7097 E_h^2, pmove=0.47
2026-06-08 17:27:04,059 - Step 00126: 249.7210 E_h, exp. variance=1229.5116 E_h^2, pmove=0.48
2026-06-08 17:27:04,375 - Step 00127: 250.4212 E_h, exp. variance=1107.2090 E_h^2, pmove=0.48
2026-06-08 17:27:04,693 - Step 00128: 327.0019 E_h, exp. variance=1491.5245 E_h^2, pmove=0.47
2026-06-08 17:27:05,008 - Step 00129: 250.5819 E_h, exp. variance=1350.7909 E_h^2, pmove=0.47
2026-06-08 17:27:05,325 - Step 00130: 249.5683 E_h, exp. variance=1224.2117 E_h^2, pmove=0.47
2026-06-08 17:27:05,641 - Step 00131: 249.9231 E_h, exp. variance=1108.1281 E_h^2, pmove=0.48
2026-06-08 17:27:05,980 - Step 00132: 265.8525 E_h, exp. variance=1003.6309 E_h^2, pmove=0.48
2026-06-08 17:27:06,304 - Step 00133: 250.2017 E_h, exp. variance=909.1895 E_h^2, pmove=0.47
2026-06-08 17:27:06,625 - Step 00134: 249.7659 E_h, exp. variance=823.6568 E_h^2, pmove=0.47
2026-06-08 17:27:06,944 - Step 00135: 251.1933 E_h, exp. variance=744.0485 E_h^2, pmove=0.48
2026-06-08 17:27:07,264 - Step 00136: 250.8626 E_h, exp. variance=672.1835 E_h^2, pmove=0.48
2026-06-08 17:27:07,581 - Step 00137: 287.4417 E_h, exp. variance=695.9653 E_h^2, pmove=0.47
2026-06-08 17:27:07,903 - Step 00138: 250.2481 E_h, exp. variance=632.9870 E_h^2, pmove=0.48
2026-06-08 17:27:08,222 - Step 00139: 251.2531 E_h, exp. variance=573.7438 E_h^2, pmove=0.48
2026-06-08 17:27:08,542 - Step 00140: 250.7705 E_h, exp. variance=520.2002 E_h^2, pmove=0.48
2026-06-08 17:27:08,859 - Step 00141: 250.5807 E_h, exp. variance=471.4870 E_h^2, pmove=0.48
2026-06-08 17:27:09,539 - Step 00142: 249.5091 E_h, exp. variance=428.1724 E_h^2, pmove=0.47
2026-06-08 17:27:09,892 - Step 00143: 249.3250 E_h, exp. variance=388.6585 E_h^2, pmove=0.49
2026-06-08 17:27:10,214 - Step 00144: 249.7646 E_h, exp. variance=352.0544 E_h^2, pmove=0.48
2026-06-08 17:27:10,530 - Step 00145: 249.3023 E_h, exp. variance=319.0755 E_h^2, pmove=0.48
2026-06-08 17:27:10,847 - Step 00146: 249.2971 E_h, exp. variance=288.9757 E_h^2, pmove=0.49
2026-06-08 17:27:11,163 - Step 00147: 249.3578 E_h, exp. variance=261.4987 E_h^2, pmove=0.48
2026-06-08 17:27:11,482 - Step 00148: 249.1661 E_h, exp. variance=236.6261 E_h^2, pmove=0.49
2026-06-08 17:27:11,800 - Step 00149: 249.6928 E_h, exp. variance=213.7017 E_h^2, pmove=0.49
2026-06-08 17:27:12,119 - Step 00150: 249.9291 E_h, exp. variance=192.8248 E_h^2, pmove=0.48
2026-06-08 17:27:12,438 - Step 00151: 249.4205 E_h, exp. variance=174.1580 E_h^2, pmove=0.48
2026-06-08 17:27:12,758 - Step 00152: 249.4756 E_h, exp. variance=157.2179 E_h^2, pmove=0.49
2026-06-08 17:27:13,077 - Step 00153: 249.3100 E_h, exp. variance=141.9456 E_h^2, pmove=0.48
2026-06-08 17:27:13,399 - Step 00154: 249.2032 E_h, exp. variance=128.1548 E_h^2, pmove=0.48
2026-06-08 17:27:13,725 - Step 00155: 249.6947 E_h, exp. variance=115.5194 E_h^2, pmove=0.49
2026-06-08 17:27:14,050 - Step 00156: 249.7611 E_h, exp. variance=104.0985 E_h^2, pmove=0.48
2026-06-08 17:27:14,370 - Step 00157: 249.5432 E_h, exp. variance=93.8417 E_h^2, pmove=0.49
2026-06-08 17:27:14,689 - Step 00158: 249.5807 E_h, exp. variance=84.5737 E_h^2, pmove=0.49
2026-06-08 17:27:15,007 - Step 00159: 250.6023 E_h, exp. variance=76.1164 E_h^2, pmove=0.49
2026-06-08 17:27:15,324 - Step 00160: 249.8763 E_h, exp. variance=68.5523 E_h^2, pmove=0.49
2026-06-08 17:27:15,641 - Step 00161: 249.9351 E_h, exp. variance=61.7290 E_h^2, pmove=0.49
2026-06-08 17:27:15,959 - Step 00162: 250.4346 E_h, exp. variance=55.5562 E_h^2, pmove=0.48
2026-06-08 17:27:16,279 - Step 00163: 251.0977 E_h, exp. variance=50.0363 E_h^2, pmove=0.49
2026-06-08 17:27:16,598 - Step 00164: 251.4421 E_h, exp. variance=45.1075 E_h^2, pmove=0.49
2026-06-08 17:27:16,917 - Step 00165: 251.1547 E_h, exp. variance=40.6223 E_h^2, pmove=0.48
2026-06-08 17:27:17,241 - Step 00166: 250.5425 E_h, exp. variance=36.5617 E_h^2, pmove=0.48
2026-06-08 17:27:17,569 - Step 00167: 249.9911 E_h, exp. variance=32.9460 E_h^2, pmove=0.48
2026-06-08 17:27:17,891 - Step 00168: 249.5515 E_h, exp. variance=29.7493 E_h^2, pmove=0.48
2026-06-08 17:27:18,207 - Step 00169: 251.3822 E_h, exp. variance=26.8460 E_h^2, pmove=0.49
2026-06-08 17:27:18,527 - Step 00170: 249.4500 E_h, exp. variance=24.2762 E_h^2, pmove=0.49
2026-06-08 17:27:18,844 - Step 00171: 249.4943 E_h, exp. variance=21.9336 E_h^2, pmove=0.48
2026-06-08 17:27:19,162 - Step 00172: 249.7168 E_h, exp. variance=19.7786 E_h^2, pmove=0.48
2026-06-08 17:27:19,481 - Step 00173: 250.8292 E_h, exp. variance=17.8255 E_h^2, pmove=0.49
2026-06-08 17:27:19,800 - Step 00174: 249.2178 E_h, exp. variance=16.1597 E_h^2, pmove=0.49
2026-06-08 17:27:20,115 - Step 00175: 249.9434 E_h, exp. variance=14.5518 E_h^2, pmove=0.49
2026-06-08 17:27:20,435 - Step 00176: 249.5419 E_h, exp. variance=13.1371 E_h^2, pmove=0.49
2026-06-08 17:27:20,753 - Step 00177: 249.5118 E_h, exp. variance=11.8596 E_h^2, pmove=0.49
2026-06-08 17:27:21,069 - Step 00178: 249.9888 E_h, exp. variance=10.6744 E_h^2, pmove=0.49
2026-06-08 17:27:21,386 - Step 00179: 249.7188 E_h, exp. variance=9.6182 E_h^2, pmove=0.48
2026-06-08 17:27:21,704 - Step 00180: 249.9751 E_h, exp. variance=8.6568 E_h^2, pmove=0.49
2026-06-08 17:27:22,021 - Step 00181: 250.5193 E_h, exp. variance=7.8125 E_h^2, pmove=0.49
2026-06-08 17:27:22,336 - Step 00182: 249.6349 E_h, exp. variance=7.0491 E_h^2, pmove=0.48
2026-06-08 17:27:22,652 - Step 00183: 252.6061 E_h, exp. variance=6.9389 E_h^2, pmove=0.48
2026-06-08 17:27:22,971 - Step 00184: 251.6571 E_h, exp. variance=6.4126 E_h^2, pmove=0.48
2026-06-08 17:27:23,291 - Step 00185: 249.8724 E_h, exp. variance=5.7992 E_h^2, pmove=0.48
2026-06-08 17:27:23,611 - Step 00186: 250.0942 E_h, exp. variance=5.2263 E_h^2, pmove=0.48
2026-06-08 17:27:23,934 - Step 00187: 250.0448 E_h, exp. variance=4.7118 E_h^2, pmove=0.48
2026-06-08 17:27:24,254 - Step 00188: 249.7143 E_h, exp. variance=4.2731 E_h^2, pmove=0.49
2026-06-08 17:27:24,575 - Step 00189: 250.4658 E_h, exp. variance=3.8498 E_h^2, pmove=0.48
2026-06-08 17:27:24,893 - Step 00190: 374.0793 E_h, exp. variance=1382.9111 E_h^2, pmove=0.48
2026-06-08 17:27:25,213 - Step 00191: 263.7695 E_h, exp. variance=1244.7314 E_h^2, pmove=0.48
2026-06-08 17:27:25,534 - Step 00192: 250.1871 E_h, exp. variance=1134.5033 E_h^2, pmove=0.48
2026-06-08 17:27:25,853 - Step 00193: 252.8321 E_h, exp. variance=1027.8303 E_h^2, pmove=0.48
2026-06-08 17:27:26,172 - Step 00194: 250.0869 E_h, exp. variance=935.0744 E_h^2, pmove=0.49
2026-06-08 17:27:26,489 - Step 00195: 249.7928 E_h, exp. variance=850.1995 E_h^2, pmove=0.49
2026-06-08 17:27:26,808 - Step 00196: 249.9622 E_h, exp. variance=771.9058 E_h^2, pmove=0.49
2026-06-08 17:27:27,125 - Step 00197: 249.5467 E_h, exp. variance=700.7610 E_h^2, pmove=0.49
2026-06-08 17:27:27,442 - Step 00198: 249.2707 E_h, exp. variance=635.9553 E_h^2, pmove=0.48
2026-06-08 17:27:27,760 - Step 00199: 249.3315 E_h, exp. variance=576.5536 E_h^2, pmove=0.49
2026-06-08 17:27:28,081 - Step 00200: 249.6741 E_h, exp. variance=521.9271 E_h^2, pmove=0.49
2026-06-08 17:27:28,412 - Step 00201: 249.4874 E_h, exp. variance=472.3662 E_h^2, pmove=0.49
2026-06-08 17:27:28,733 - Step 00202: 252.4236 E_h, exp. variance=425.4651 E_h^2, pmove=0.50
2026-06-08 17:27:29,055 - Step 00203: 250.2326 E_h, exp. variance=384.3076 E_h^2, pmove=0.48
2026-06-08 17:27:29,380 - Step 00204: 250.3610 E_h, exp. variance=346.9218 E_h^2, pmove=0.48
2026-06-08 17:27:29,703 - Step 00205: 250.0980 E_h, exp. variance=313.2274 E_h^2, pmove=0.48
2026-06-08 17:27:30,029 - Step 00206: 250.0887 E_h, exp. variance=282.7179 E_h^2, pmove=0.48
2026-06-08 17:27:30,345 - Step 00207: 251.4897 E_h, exp. variance=254.5992 E_h^2, pmove=0.49
2026-06-08 17:27:30,662 - Step 00208: 1091.1691 E_h, exp. variance=63507.3516 E_h^2, pmove=0.49
2026-06-08 17:27:30,981 - Step 00209: 249.4698 E_h, exp. variance=57838.5234 E_h^2, pmove=0.49
2026-06-08 17:27:31,300 - Step 00210: 249.7955 E_h, exp. variance=52602.4297 E_h^2, pmove=0.49
2026-06-08 17:27:31,619 - Step 00211: 249.5888 E_h, exp. variance=47788.4883 E_h^2, pmove=0.49
2026-06-08 17:27:31,936 - Step 00212: 249.5253 E_h, exp. variance=43371.8672 E_h^2, pmove=0.49
2026-06-08 17:27:32,255 - Step 00213: 249.8686 E_h, exp. variance=39324.5664 E_h^2, pmove=0.49
2026-06-08 17:27:32,575 - Step 00214: 250.0845 E_h, exp. variance=35624.9375 E_h^2, pmove=0.49
2026-06-08 17:27:32,895 - Step 00215: 252.0747 E_h, exp. variance=32234.9941 E_h^2, pmove=0.50
2026-06-08 17:27:33,214 - Step 00216: 253.6961 E_h, exp. variance=29139.9941 E_h^2, pmove=0.49
2026-06-08 17:27:33,534 - Step 00217: 249.7642 E_h, exp. variance=26355.5391 E_h^2, pmove=0.48
2026-06-08 17:27:33,855 - Step 00218: 249.5173 E_h, exp. variance=23826.4395 E_h^2, pmove=0.49
2026-06-08 17:27:34,173 - Step 00219: 250.3787 E_h, exp. variance=21525.2910 E_h^2, pmove=0.49
2026-06-08 17:27:34,488 - Step 00220: 249.7919 E_h, exp. variance=19441.6641 E_h^2, pmove=0.49
2026-06-08 17:27:34,804 - Step 00221: 249.3950 E_h, exp. variance=17555.1016 E_h^2, pmove=0.49
2026-06-08 17:27:35,122 - Step 00222: 250.1862 E_h, exp. variance=15843.0654 E_h^2, pmove=0.49
2026-06-08 17:27:35,440 - Step 00223: 249.4435 E_h, exp. variance=14296.6660 E_h^2, pmove=0.49
2026-06-08 17:27:35,762 - Step 00224: 249.6277 E_h, exp. variance=12897.0947 E_h^2, pmove=0.50
2026-06-08 17:27:36,080 - Step 00225: 249.0894 E_h, exp. variance=11633.3828 E_h^2, pmove=0.49
2026-06-08 17:27:36,398 - Step 00226: 249.5380 E_h, exp. variance=10489.8857 E_h^2, pmove=0.50
2026-06-08 17:27:36,716 - Step 00227: 249.6282 E_h, exp. variance=9456.7520 E_h^2, pmove=0.49
2026-06-08 17:27:37,036 - Step 00228: 250.2962 E_h, exp. variance=8522.5234 E_h^2, pmove=0.50
2026-06-08 17:27:37,354 - Step 00229: 249.7872 E_h, exp. variance=7680.4961 E_h^2, pmove=0.50
2026-06-08 17:27:37,671 - Step 00230: 249.7921 E_h, exp. variance=6920.7202 E_h^2, pmove=0.50
2026-06-08 17:27:37,991 - Step 00231: 249.1190 E_h, exp. variance=6236.4360 E_h^2, pmove=0.49
2026-06-08 17:27:38,311 - Step 00232: 249.1746 E_h, exp. variance=5619.0171 E_h^2, pmove=0.50
2026-06-08 17:27:38,634 - Step 00233: 249.3996 E_h, exp. variance=5061.8589 E_h^2, pmove=0.50
2026-06-08 17:27:38,953 - Step 00234: 249.2597 E_h, exp. variance=4559.6816 E_h^2, pmove=0.49
2026-06-08 17:27:39,273 - Step 00235: 249.1841 E_h, exp. variance=4107.0425 E_h^2, pmove=0.49
2026-06-08 17:27:39,592 - Step 00236: 250.1488 E_h, exp. variance=3698.1680 E_h^2, pmove=0.49
2026-06-08 17:27:39,911 - Step 00237: 249.3272 E_h, exp. variance=3330.4941 E_h^2, pmove=0.50
2026-06-08 17:27:40,229 - Step 00238: 249.3618 E_h, exp. variance=2999.1536 E_h^2, pmove=0.49
2026-06-08 17:27:40,547 - Step 00239: 251.5698 E_h, exp. variance=2699.5024 E_h^2, pmove=0.50
2026-06-08 17:27:40,867 - Step 00240: 251.3365 E_h, exp. variance=2429.8357 E_h^2, pmove=0.49
2026-06-08 17:27:41,183 - Step 00241: 249.2707 E_h, exp. variance=2188.0601 E_h^2, pmove=0.50
2026-06-08 17:27:41,503 - Step 00242: 249.1508 E_h, exp. variance=1970.3049 E_h^2, pmove=0.50
2026-06-08 17:27:41,823 - Step 00243: 364.2415 E_h, exp. variance=2902.5408 E_h^2, pmove=0.50
2026-06-08 17:27:42,141 - Step 00244: 250.5846 E_h, exp. variance=2627.1321 E_h^2, pmove=0.50
2026-06-08 17:27:42,457 - Step 00245: 249.6759 E_h, exp. variance=2378.4087 E_h^2, pmove=0.49
2026-06-08 17:27:42,771 - Step 00246: 249.4939 E_h, exp. variance=2152.2700 E_h^2, pmove=0.49
2026-06-08 17:27:43,090 - Step 00247: 249.3693 E_h, exp. variance=1946.7533 E_h^2, pmove=0.50
2026-06-08 17:27:43,408 - Step 00248: 249.4046 E_h, exp. variance=1759.8840 E_h^2, pmove=0.49
2026-06-08 17:27:43,728 - Step 00249: 249.3115 E_h, exp. variance=1590.3597 E_h^2, pmove=0.50
2026-06-08 17:27:44,049 - Step 00250: 249.9223 E_h, exp. variance=1435.7546 E_h^2, pmove=0.49
2026-06-08 17:27:44,366 - Step 00251: 249.2068 E_h, exp. variance=1296.6276 E_h^2, pmove=0.49
2026-06-08 17:27:44,684 - Step 00252: 249.5243 E_h, exp. variance=1170.2155 E_h^2, pmove=0.49
2026-06-08 17:27:45,000 - Step 00253: 249.8146 E_h, exp. variance=1055.5519 E_h^2, pmove=0.49
2026-06-08 17:27:45,316 - Step 00254: 249.6304 E_h, exp. variance=952.0626 E_h^2, pmove=0.49
2026-06-08 17:27:45,631 - Step 00255: 255.5220 E_h, exp. variance=857.0809 E_h^2, pmove=0.49
2026-06-08 17:27:45,947 - Step 00256: 249.3804 E_h, exp. variance=773.3777 E_h^2, pmove=0.48
2026-06-08 17:27:46,266 - Step 00257: 249.8785 E_h, exp. variance=697.3054 E_h^2, pmove=0.49
2026-06-08 17:27:46,583 - Step 00258: 389.6525 E_h, exp. variance=2302.0027 E_h^2, pmove=0.50
2026-06-08 17:27:46,900 - Step 00259: 249.3917 E_h, exp. variance=2099.3696 E_h^2, pmove=0.48
2026-06-08 17:27:47,216 - Step 00260: 249.7116 E_h, exp. variance=1910.8643 E_h^2, pmove=0.49
2026-06-08 17:27:47,535 - Step 00261: 249.5103 E_h, exp. variance=1737.6443 E_h^2, pmove=0.49
2026-06-08 17:27:47,853 - Step 00262: 252.1296 E_h, exp. variance=1572.9906 E_h^2, pmove=0.49
2026-06-08 17:27:48,171 - Step 00263: 249.4287 E_h, exp. variance=1428.1301 E_h^2, pmove=0.50
2026-06-08 17:27:48,488 - Step 00264: 249.5467 E_h, exp. variance=1295.1688 E_h^2, pmove=0.50
2026-06-08 17:27:48,806 - Step 00265: 249.0646 E_h, exp. variance=1174.4698 E_h^2, pmove=0.49
2026-06-08 17:27:49,124 - Step 00266: 249.1698 E_h, exp. variance=1063.9976 E_h^2, pmove=0.49
2026-06-08 17:27:49,443 - Step 00267: 250.6664 E_h, exp. variance=961.3147 E_h^2, pmove=0.49
2026-06-08 17:27:49,762 - Step 00268: 249.3437 E_h, exp. variance=869.7283 E_h^2, pmove=0.49
2026-06-08 17:27:50,081 - Step 00269: 249.1284 E_h, exp. variance=786.6891 E_h^2, pmove=0.49
2026-06-08 17:27:50,399 - Step 00270: 248.8230 E_h, exp. variance=711.5419 E_h^2, pmove=0.49
2026-06-08 17:27:50,719 - Step 00271: 249.2405 E_h, exp. variance=642.8328 E_h^2, pmove=0.50
2026-06-08 17:27:51,042 - Step 00272: 249.6521 E_h, exp. variance=580.1978 E_h^2, pmove=0.49
2026-06-08 17:27:51,365 - Step 00273: 249.3447 E_h, exp. variance=523.7347 E_h^2, pmove=0.50
2026-06-08 17:27:51,685 - Step 00274: 249.2460 E_h, exp. variance=472.6895 E_h^2, pmove=0.50
2026-06-08 17:27:52,006 - Step 00275: 249.9312 E_h, exp. variance=426.1123 E_h^2, pmove=0.49
2026-06-08 17:27:52,325 - Step 00276: 249.4045 E_h, exp. variance=384.3229 E_h^2, pmove=0.49
2026-06-08 17:27:52,644 - Step 00277: 262.7307 E_h, exp. variance=356.0155 E_h^2, pmove=0.50
2026-06-08 17:27:52,961 - Step 00278: 252.2269 E_h, exp. variance=320.4965 E_h^2, pmove=0.48
2026-06-08 17:27:53,280 - Step 00279: 249.2716 E_h, exp. variance=289.7584 E_h^2, pmove=0.49
2026-06-08 17:27:53,600 - Step 00280: 249.2625 E_h, exp. variance=261.8505 E_h^2, pmove=0.50
2026-06-08 17:27:53,919 - Step 00281: 249.1671 E_h, exp. variance=236.5846 E_h^2, pmove=0.49
2026-06-08 17:27:54,237 - Step 00282: 249.1056 E_h, exp. variance=213.7028 E_h^2, pmove=0.50
2026-06-08 17:27:54,557 - Step 00283: 249.2533 E_h, exp. variance=192.8933 E_h^2, pmove=0.50
2026-06-08 17:27:54,876 - Step 00284: 249.0913 E_h, exp. variance=174.1261 E_h^2, pmove=0.50
2026-06-08 17:27:55,195 - Step 00285: 249.3625 E_h, exp. variance=157.0371 E_h^2, pmove=0.49
2026-06-08 17:27:55,514 - Step 00286: 253.4312 E_h, exp. variance=141.8354 E_h^2, pmove=0.50
2026-06-08 17:27:55,834 - Step 00287: 252.3675 E_h, exp. variance=127.7534 E_h^2, pmove=0.50
2026-06-08 17:27:56,152 - Step 00288: 250.1705 E_h, exp. variance=115.1167 E_h^2, pmove=0.49
2026-06-08 17:27:56,471 - Step 00289: 250.0019 E_h, exp. variance=103.7538 E_h^2, pmove=0.50
2026-06-08 17:27:56,788 - Step 00290: 249.6756 E_h, exp. variance=93.5765 E_h^2, pmove=0.49
2026-06-08 17:27:57,108 - Step 00291: 249.4317 E_h, exp. variance=84.4432 E_h^2, pmove=0.50
2026-06-08 17:27:57,427 - Step 00292: 249.8631 E_h, exp. variance=76.0870 E_h^2, pmove=0.49
2026-06-08 17:27:57,746 - Step 00293: 250.4022 E_h, exp. variance=68.4895 E_h^2, pmove=0.49
2026-06-08 17:27:58,066 - Step 00294: 249.7748 E_h, exp. variance=61.7207 E_h^2, pmove=0.50
2026-06-08 17:27:58,387 - Step 00295: 249.6198 E_h, exp. variance=55.6394 E_h^2, pmove=0.50
2026-06-08 17:27:58,709 - Step 00296: 249.3938 E_h, exp. variance=50.1904 E_h^2, pmove=0.49
2026-06-08 17:27:59,024 - Step 00297: 249.6158 E_h, exp. variance=45.2283 E_h^2, pmove=0.50
2026-06-08 17:27:59,343 - Step 00298: 249.4264 E_h, exp. variance=40.7791 E_h^2, pmove=0.50
2026-06-08 17:27:59,665 - Step 00299: 249.7822 E_h, exp. variance=36.7201 E_h^2, pmove=0.49
2026-06-08 17:27:59,991 - Step 00300: 249.7867 E_h, exp. variance=33.0631 E_h^2, pmove=0.49
2026-06-08 17:28:00,312 - Step 00301: 252.0787 E_h, exp. variance=30.0902 E_h^2, pmove=0.50
2026-06-08 17:28:00,634 - Step 00302: 250.4966 E_h, exp. variance=27.0832 E_h^2, pmove=0.49
2026-06-08 17:28:00,953 - Step 00303: 251.9889 E_h, exp. variance=24.6132 E_h^2, pmove=0.49
2026-06-08 17:28:01,272 - Step 00304: 249.3792 E_h, exp. variance=22.2699 E_h^2, pmove=0.49
2026-06-08 17:28:01,591 - Step 00305: 249.1727 E_h, exp. variance=20.1806 E_h^2, pmove=0.49
2026-06-08 17:28:01,911 - Step 00306: 249.2678 E_h, exp. variance=18.2559 E_h^2, pmove=0.50
2026-06-08 17:28:02,231 - Step 00307: 249.3899 E_h, exp. variance=16.4871 E_h^2, pmove=0.49
2026-06-08 17:28:02,551 - Step 00308: 249.4191 E_h, exp. variance=14.8807 E_h^2, pmove=0.49
2026-06-08 17:28:02,870 - Step 00309: 249.6599 E_h, exp. variance=13.4054 E_h^2, pmove=0.49
2026-06-08 17:28:03,189 - Step 00310: 249.3303 E_h, exp. variance=12.1051 E_h^2, pmove=0.50
2026-06-08 17:28:03,507 - Step 00311: 249.9039 E_h, exp. variance=10.8946 E_h^2, pmove=0.50
2026-06-08 17:28:03,826 - Step 00312: 249.1147 E_h, exp. variance=9.8648 E_h^2, pmove=0.49
2026-06-08 17:28:04,144 - Step 00313: 249.2301 E_h, exp. variance=8.9127 E_h^2, pmove=0.50
2026-06-08 17:28:04,463 - Step 00314: 249.0836 E_h, exp. variance=8.0658 E_h^2, pmove=0.49
2026-06-08 17:28:04,786 - Step 00315: 249.4872 E_h, exp. variance=7.2639 E_h^2, pmove=0.49
2026-06-08 17:28:05,108 - Step 00316: 250.0023 E_h, exp. variance=6.5461 E_h^2, pmove=0.49
2026-06-08 17:28:05,429 - Step 00317: 249.4977 E_h, exp. variance=5.8961 E_h^2, pmove=0.49
2026-06-08 17:28:05,749 - Step 00318: 249.4873 E_h, exp. variance=5.3106 E_h^2, pmove=0.49
2026-06-08 17:28:06,068 - Step 00319: 249.5313 E_h, exp. variance=4.7815 E_h^2, pmove=0.49
2026-06-08 17:28:06,391 - Step 00320: 249.2902 E_h, exp. variance=4.3160 E_h^2, pmove=0.50
2026-06-08 17:28:06,712 - Step 00321: 249.5092 E_h, exp. variance=3.8857 E_h^2, pmove=0.50
2026-06-08 17:28:07,037 - Step 00322: 249.4951 E_h, exp. variance=3.4984 E_h^2, pmove=0.50
2026-06-08 17:28:07,359 - Step 00323: 249.5107 E_h, exp. variance=3.1494 E_h^2, pmove=0.49
2026-06-08 17:28:07,681 - Step 00324: 249.9638 E_h, exp. variance=2.8467 E_h^2, pmove=0.49
2026-06-08 17:28:08,001 - Step 00325: 248.9937 E_h, exp. variance=2.5986 E_h^2, pmove=0.49
2026-06-08 17:28:08,321 - Step 00326: 248.9990 E_h, exp. variance=2.3678 E_h^2, pmove=0.49
2026-06-08 17:28:08,641 - Step 00327: 249.6854 E_h, exp. variance=2.1338 E_h^2, pmove=0.50
2026-06-08 17:28:08,961 - Step 00328: 249.6952 E_h, exp. variance=1.9229 E_h^2, pmove=0.49
2026-06-08 17:28:09,281 - Step 00329: 249.6754 E_h, exp. variance=1.7322 E_h^2, pmove=0.50
2026-06-08 17:28:09,602 - Step 00330: 249.2643 E_h, exp. variance=1.5667 E_h^2, pmove=0.50
2026-06-08 17:28:09,923 - Step 00331: 249.0207 E_h, exp. variance=1.4333 E_h^2, pmove=0.50
2026-06-08 17:28:10,244 - Step 00332: 249.3749 E_h, exp. variance=1.2909 E_h^2, pmove=0.50
2026-06-08 17:28:10,565 - Step 00333: 248.6990 E_h, exp. variance=1.2149 E_h^2, pmove=0.50
2026-06-08 17:28:10,886 - Step 00334: 249.3489 E_h, exp. variance=1.0936 E_h^2, pmove=0.51
2026-06-08 17:28:11,206 - Step 00335: 249.1710 E_h, exp. variance=0.9884 E_h^2, pmove=0.50
2026-06-08 17:28:11,533 - Step 00336: 249.1913 E_h, exp. variance=0.8923 E_h^2, pmove=0.50
2026-06-08 17:28:11,856 - Step 00337: 249.2624 E_h, exp. variance=0.8037 E_h^2, pmove=0.49
2026-06-08 17:28:12,179 - Step 00338: 248.8863 E_h, exp. variance=0.7418 E_h^2, pmove=0.49
2026-06-08 17:28:12,500 - Step 00339: 248.9932 E_h, exp. variance=0.6757 E_h^2, pmove=0.50
2026-06-08 17:28:12,821 - Step 00340: 249.1423 E_h, exp. variance=0.6095 E_h^2, pmove=0.50
2026-06-08 17:28:13,142 - Step 00341: 249.1636 E_h, exp. variance=0.5492 E_h^2, pmove=0.50
2026-06-08 17:28:13,464 - Step 00342: 249.3419 E_h, exp. variance=0.4952 E_h^2, pmove=0.50
2026-06-08 17:28:13,784 - Step 00343: 249.1461 E_h, exp. variance=0.4467 E_h^2, pmove=0.49
2026-06-08 17:28:14,107 - Step 00344: 249.7437 E_h, exp. variance=0.4247 E_h^2, pmove=0.50
2026-06-08 17:28:14,428 - Step 00345: 249.3243 E_h, exp. variance=0.3823 E_h^2, pmove=0.51
2026-06-08 17:28:14,755 - Step 00346: 249.2150 E_h, exp. variance=0.3447 E_h^2, pmove=0.49
2026-06-08 17:28:15,080 - Step 00347: 249.0716 E_h, exp. variance=0.3144 E_h^2, pmove=0.50
2026-06-08 17:28:15,402 - Step 00348: 248.9826 E_h, exp. variance=0.2902 E_h^2, pmove=0.50
2026-06-08 17:28:15,724 - Step 00349: 249.8068 E_h, exp. variance=0.2903 E_h^2, pmove=0.50
2026-06-08 17:28:16,045 - Step 00350: 249.6754 E_h, exp. variance=0.2743 E_h^2, pmove=0.50
2026-06-08 17:28:16,365 - Step 00351: 249.3899 E_h, exp. variance=0.2472 E_h^2, pmove=0.49
2026-06-08 17:28:16,685 - Step 00352: 248.9531 E_h, exp. variance=0.2358 E_h^2, pmove=0.50
2026-06-08 17:28:17,006 - Step 00353: 248.9630 E_h, exp. variance=0.2225 E_h^2, pmove=0.50
2026-06-08 17:28:17,330 - Step 00354: 252.9342 E_h, exp. variance=1.4112 E_h^2, pmove=0.50
2026-06-08 17:28:17,653 - Step 00355: 249.0234 E_h, exp. variance=1.3035 E_h^2, pmove=0.49
2026-06-08 17:28:17,974 - Step 00356: 248.9330 E_h, exp. variance=1.2099 E_h^2, pmove=0.50
2026-06-08 17:28:18,295 - Step 00357: 250.2204 E_h, exp. variance=1.1346 E_h^2, pmove=0.50
2026-06-08 17:28:18,616 - Step 00358: 254.7071 E_h, exp. variance=3.3876 E_h^2, pmove=0.50
2026-06-08 17:28:18,940 - Step 00359: 249.5595 E_h, exp. variance=3.0744 E_h^2, pmove=0.49
2026-06-08 17:28:19,263 - Step 00360: 249.1798 E_h, exp. variance=2.8333 E_h^2, pmove=0.50
2026-06-08 17:28:19,585 - Step 00361: 249.2944 E_h, exp. variance=2.5890 E_h^2, pmove=0.49
2026-06-08 17:28:19,907 - Step 00362: 248.7424 E_h, exp. variance=2.4480 E_h^2, pmove=0.50
2026-06-08 17:28:20,229 - Step 00363: 248.8930 E_h, exp. variance=2.2729 E_h^2, pmove=0.51
2026-06-08 17:28:20,551 - Step 00364: 248.8622 E_h, exp. variance=2.1064 E_h^2, pmove=0.50
2026-06-08 17:28:20,871 - Step 00365: 249.1557 E_h, exp. variance=1.9138 E_h^2, pmove=0.50
2026-06-08 17:28:21,191 - Step 00366: 256.5244 E_h, exp. variance=6.0905 E_h^2, pmove=0.50
2026-06-08 17:28:21,510 - Step 00367: 249.4724 E_h, exp. variance=5.5365 E_h^2, pmove=0.50
2026-06-08 17:28:21,832 - Step 00368: 251.9842 E_h, exp. variance=5.2770 E_h^2, pmove=0.51
2026-06-08 17:28:22,151 - Step 00369: 250.1267 E_h, exp. variance=4.7541 E_h^2, pmove=0.50
2026-06-08 17:28:22,470 - Step 00370: 249.3680 E_h, exp. variance=4.3627 E_h^2, pmove=0.51
2026-06-08 17:28:22,792 - Step 00371: 249.0297 E_h, exp. variance=4.0577 E_h^2, pmove=0.50
2026-06-08 17:28:23,111 - Step 00372: 248.8780 E_h, exp. variance=3.7900 E_h^2, pmove=0.50
2026-06-08 17:28:23,434 - Step 00373: 249.1036 E_h, exp. variance=3.4821 E_h^2, pmove=0.50
2026-06-08 17:28:23,764 - Step 00374: 257.3252 E_h, exp. variance=8.0908 E_h^2, pmove=0.50
2026-06-08 17:28:24,087 - Step 00375: 249.3404 E_h, exp. variance=7.4351 E_h^2, pmove=0.50
2026-06-08 17:28:24,410 - Step 00376: 249.1125 E_h, exp. variance=6.8687 E_h^2, pmove=0.49
2026-06-08 17:28:24,735 - Step 00377: 249.1397 E_h, exp. variance=6.3192 E_h^2, pmove=0.50
2026-06-08 17:28:25,056 - Step 00378: 248.8783 E_h, exp. variance=5.8570 E_h^2, pmove=0.50
2026-06-08 17:28:25,381 - Step 00379: 249.3388 E_h, exp. variance=5.3254 E_h^2, pmove=0.50
2026-06-08 17:28:25,704 - Step 00380: 249.2113 E_h, exp. variance=4.8542 E_h^2, pmove=0.50
2026-06-08 17:28:26,025 - Step 00381: 248.7445 E_h, exp. variance=4.5005 E_h^2, pmove=0.50
2026-06-08 17:28:26,347 - Step 00382: 249.0716 E_h, exp. variance=4.1027 E_h^2, pmove=0.50
2026-06-08 17:28:26,671 - Step 00383: 249.2206 E_h, exp. variance=3.7183 E_h^2, pmove=0.50
2026-06-08 17:28:26,992 - Step 00384: 249.5242 E_h, exp. variance=3.3494 E_h^2, pmove=0.50
2026-06-08 17:28:27,312 - Step 00385: 252.2041 E_h, exp. variance=3.5853 E_h^2, pmove=0.50
2026-06-08 17:28:27,632 - Step 00386: 249.1176 E_h, exp. variance=3.2873 E_h^2, pmove=0.49
2026-06-08 17:28:27,951 - Step 00387: 249.5540 E_h, exp. variance=2.9667 E_h^2, pmove=0.50
2026-06-08 17:28:28,270 - Step 00388: 249.1319 E_h, exp. variance=2.7133 E_h^2, pmove=0.50
2026-06-08 17:28:28,591 - Step 00389: 279.7278 E_h, exp. variance=83.2905 E_h^2, pmove=0.51
2026-06-08 17:28:28,910 - Step 00390: 249.1068 E_h, exp. variance=76.1580 E_h^2, pmove=0.49
2026-06-08 17:28:29,229 - Step 00391: 250.4643 E_h, exp. variance=68.8754 E_h^2, pmove=0.51
2026-06-08 17:28:29,552 - Step 00392: 250.8499 E_h, exp. variance=62.1509 E_h^2, pmove=0.49
2026-06-08 17:28:29,872 - Step 00393: 249.2930 E_h, exp. variance=56.6256 E_h^2, pmove=0.49
2026-06-08 17:28:30,214 - Step 00394: 248.9494 E_h, exp. variance=51.6865 E_h^2, pmove=0.50
2026-06-08 17:28:30,537 - Step 00395: 249.1007 E_h, exp. variance=47.0364 E_h^2, pmove=0.50
2026-06-08 17:28:30,857 - Step 00396: 249.0078 E_h, exp. variance=42.7897 E_h^2, pmove=0.50
2026-06-08 17:28:31,177 - Step 00397: 249.1361 E_h, exp. variance=38.8355 E_h^2, pmove=0.50
2026-06-08 17:28:31,502 - Step 00398: 249.2181 E_h, exp. variance=35.1904 E_h^2, pmove=0.49
2026-06-08 17:28:31,824 - Step 00399: 248.9536 E_h, exp. variance=31.9405 E_h^2, pmove=0.50
2026-06-08 17:28:32,141 - Step 00400: 249.2543 E_h, exp. variance=28.8884 E_h^2, pmove=0.51
2026-06-08 17:28:32,463 - Step 00401: 248.7540 E_h, exp. variance=26.2388 E_h^2, pmove=0.50
2026-06-08 17:28:32,781 - Step 00402: 249.6917 E_h, exp. variance=23.6402 E_h^2, pmove=0.51
2026-06-08 17:28:33,102 - Step 00403: 249.0909 E_h, exp. variance=21.3807 E_h^2, pmove=0.50
2026-06-08 17:28:33,422 - Step 00404: 248.9550 E_h, exp. variance=19.3526 E_h^2, pmove=0.50
2026-06-08 17:28:33,740 - Step 00405: 250.1607 E_h, exp. variance=17.4213 E_h^2, pmove=0.50
2026-06-08 17:28:34,060 - Step 00406: 249.6881 E_h, exp. variance=15.6864 E_h^2, pmove=0.50
2026-06-08 17:28:34,378 - Step 00407: 249.4157 E_h, exp. variance=14.1428 E_h^2, pmove=0.49
2026-06-08 17:28:34,695 - Step 00408: 249.2014 E_h, exp. variance=12.7712 E_h^2, pmove=0.49
2026-06-08 17:28:35,012 - Step 00409: 249.3823 E_h, exp. variance=11.5114 E_h^2, pmove=0.50
2026-06-08 17:28:35,333 - Step 00410: 249.9391 E_h, exp. variance=10.3626 E_h^2, pmove=0.51
2026-06-08 17:28:35,652 - Step 00411: 249.2909 E_h, exp. variance=9.3491 E_h^2, pmove=0.50
2026-06-08 17:28:35,971 - Step 00412: 249.6512 E_h, exp. variance=8.4150 E_h^2, pmove=0.50
2026-06-08 17:28:36,287 - Step 00413: 249.4992 E_h, exp. variance=7.5784 E_h^2, pmove=0.50
2026-06-08 17:28:36,606 - Step 00414: 249.0376 E_h, exp. variance=6.8613 E_h^2, pmove=0.49
2026-06-08 17:28:36,924 - Step 00415: 249.3324 E_h, exp. variance=6.1839 E_h^2, pmove=0.50
2026-06-08 17:28:37,241 - Step 00416: 249.1119 E_h, exp. variance=5.5880 E_h^2, pmove=0.50
2026-06-08 17:28:37,561 - Step 00417: 249.3561 E_h, exp. variance=5.0331 E_h^2, pmove=0.51
2026-06-08 17:28:37,883 - Step 00418: 249.0592 E_h, exp. variance=4.5507 E_h^2, pmove=0.49
2026-06-08 17:28:38,203 - Step 00419: 248.7473 E_h, exp. variance=4.1457 E_h^2, pmove=0.49
2026-06-08 17:28:38,526 - Step 00420: 248.8023 E_h, exp. variance=3.7653 E_h^2, pmove=0.50
2026-06-08 17:28:38,849 - Step 00421: 248.9934 E_h, exp. variance=3.4007 E_h^2, pmove=0.50
2026-06-08 17:28:39,171 - Step 00422: 250.0943 E_h, exp. variance=3.1145 E_h^2, pmove=0.50
2026-06-08 17:28:39,493 - Step 00423: 255.8196 E_h, exp. variance=6.5143 E_h^2, pmove=0.50
2026-06-08 17:28:39,814 - Step 00424: 249.7036 E_h, exp. variance=5.8731 E_h^2, pmove=0.49
2026-06-08 17:28:40,135 - Step 00425: 251.2722 E_h, exp. variance=5.4299 E_h^2, pmove=0.50
2026-06-08 17:28:40,456 - Step 00426: 248.9766 E_h, exp. variance=5.0073 E_h^2, pmove=0.49
2026-06-08 17:28:40,777 - Step 00427: 248.8538 E_h, exp. variance=4.6285 E_h^2, pmove=0.50
2026-06-08 17:28:41,098 - Step 00428: 248.6140 E_h, exp. variance=4.3147 E_h^2, pmove=0.50
2026-06-08 17:28:41,419 - Step 00429: 250.3626 E_h, exp. variance=3.9146 E_h^2, pmove=0.51
2026-06-08 17:28:41,746 - Step 00430: 248.9057 E_h, exp. variance=3.6003 E_h^2, pmove=0.51
2026-06-08 17:28:42,067 - Step 00431: 327.9729 E_h, exp. variance=554.0913 E_h^2, pmove=0.50
2026-06-08 17:28:42,386 - Step 00432: 276.0927 E_h, exp. variance=529.5860 E_h^2, pmove=0.49
2026-06-08 17:28:42,707 - Step 00433: 249.8100 E_h, exp. variance=484.9310 E_h^2, pmove=0.50
2026-06-08 17:28:43,031 - Step 00434: 248.8430 E_h, exp. variance=444.7527 E_h^2, pmove=0.50
2026-06-08 17:28:43,356 - Step 00435: 248.9453 E_h, exp. variance=406.8539 E_h^2, pmove=0.49
2026-06-08 17:28:43,679 - Step 00436: 248.9050 E_h, exp. variance=371.5515 E_h^2, pmove=0.50
2026-06-08 17:28:43,998 - Step 00437: 250.0427 E_h, exp. variance=337.4476 E_h^2, pmove=0.50
2026-06-08 17:28:44,327 - Step 00438: 248.9856 E_h, exp. variance=307.2720 E_h^2, pmove=0.50
2026-06-08 17:28:44,647 - Step 00439: 248.7678 E_h, exp. variance=279.6624 E_h^2, pmove=0.50
2026-06-08 17:28:44,966 - Step 00440: 277.9824 E_h, exp. variance=303.1806 E_h^2, pmove=0.50
2026-06-08 17:28:45,293 - Step 00441: 411.3763 E_h, exp. variance=2432.8723 E_h^2, pmove=0.51
2026-06-08 17:28:45,618 - Step 00442: 248.5826 E_h, exp. variance=2238.7222 E_h^2, pmove=0.50
2026-06-08 17:28:45,946 - Step 00443: 249.0261 E_h, exp. variance=2052.9897 E_h^2, pmove=0.50
2026-06-08 17:28:46,270 - Step 00444: 249.1025 E_h, exp. variance=1878.3296 E_h^2, pmove=0.50
2026-06-08 17:28:46,591 - Step 00445: 249.2491 E_h, exp. variance=1714.8778 E_h^2, pmove=0.50
2026-06-08 17:28:46,914 - Step 00446: 248.8714 E_h, exp. variance=1564.1588 E_h^2, pmove=0.50
2026-06-08 17:28:47,237 - Step 00447: 248.7113 E_h, exp. variance=1424.9618 E_h^2, pmove=0.50
2026-06-08 17:28:47,561 - Step 00448: 248.8366 E_h, exp. variance=1296.1338 E_h^2, pmove=0.51
2026-06-08 17:28:47,882 - Step 00449: 250.0759 E_h, exp. variance=1175.2556 E_h^2, pmove=0.50
2026-06-08 17:28:48,203 - Step 00450: 249.3523 E_h, exp. variance=1066.0076 E_h^2, pmove=0.50
2026-06-08 17:28:48,523 - Step 00451: 248.9785 E_h, exp. variance=966.7050 E_h^2, pmove=0.51
2026-06-08 17:28:48,841 - Step 00452: 249.2097 E_h, exp. variance=875.6135 E_h^2, pmove=0.51
2026-06-08 17:28:49,161 - Step 00453: 248.5161 E_h, exp. variance=793.4991 E_h^2, pmove=0.50
2026-06-08 17:28:49,481 - Step 00454: 248.8308 E_h, exp. variance=718.1735 E_h^2, pmove=0.50
2026-06-08 17:28:49,803 - Step 00455: 250.3216 E_h, exp. variance=648.2010 E_h^2, pmove=0.51
2026-06-08 17:28:50,124 - Step 00456: 249.8560 E_h, exp. variance=585.2361 E_h^2, pmove=0.50
2026-06-08 17:28:50,448 - Step 00457: 249.0627 E_h, exp. variance=528.8554 E_h^2, pmove=0.49
2026-06-08 17:28:50,776 - Step 00458: 249.4493 E_h, exp. variance=477.4135 E_h^2, pmove=0.51
2026-06-08 17:28:51,097 - Step 00459: 249.4114 E_h, exp. variance=430.8661 E_h^2, pmove=0.51
2026-06-08 17:28:51,418 - Step 00460: 249.4305 E_h, exp. variance=388.7354 E_h^2, pmove=0.51
2026-06-08 17:28:51,740 - Step 00461: 254.1504 E_h, exp. variance=350.1492 E_h^2, pmove=0.50
2026-06-08 17:28:52,062 - Step 00462: 248.6531 E_h, exp. variance=316.4956 E_h^2, pmove=0.50
2026-06-08 17:28:52,386 - Step 00463: 249.0094 E_h, exp. variance=285.7357 E_h^2, pmove=0.50
2026-06-08 17:28:52,709 - Step 00464: 248.6165 E_h, exp. variance=258.0967 E_h^2, pmove=0.50
2026-06-08 17:28:53,031 - Step 00465: 248.9984 E_h, exp. variance=232.8578 E_h^2, pmove=0.51
2026-06-08 17:28:53,354 - Step 00466: 1506.1008 E_h, exp. variance=141924.7656 E_h^2, pmove=0.50
2026-06-08 17:28:53,679 - Step 00467: 249.6072 E_h, exp. variance=129187.1250 E_h^2, pmove=0.50
2026-06-08 17:28:54,002 - Step 00468: 249.1728 E_h, exp. variance=117455.7969 E_h^2, pmove=0.50
2026-06-08 17:28:54,323 - Step 00469: 249.1566 E_h, exp. variance=106672.2969 E_h^2, pmove=0.50
2026-06-08 17:28:54,646 - Step 00470: 248.7773 E_h, exp. variance=96790.7188 E_h^2, pmove=0.50
2026-06-08 17:28:54,964 - Step 00471: 248.8513 E_h, exp. variance=87746.9062 E_h^2, pmove=0.50
2026-06-08 17:28:55,284 - Step 00472: 248.7252 E_h, exp. variance=79488.4922 E_h^2, pmove=0.50
2026-06-08 17:28:55,604 - Step 00473: 249.0346 E_h, exp. variance=71954.0391 E_h^2, pmove=0.51
2026-06-08 17:28:55,923 - Step 00474: 249.2501 E_h, exp. variance=65091.9297 E_h^2, pmove=0.50
2026-06-08 17:28:56,242 - Step 00475: 248.7924 E_h, exp. variance=58857.2383 E_h^2, pmove=0.50
2026-06-08 17:28:56,561 - Step 00476: 249.0869 E_h, exp. variance=53191.2344 E_h^2, pmove=0.49
2026-06-08 17:28:56,880 - Step 00477: 249.1110 E_h, exp. variance=48049.8906 E_h^2, pmove=0.49
2026-06-08 17:28:57,199 - Step 00478: 248.8086 E_h, exp. variance=43391.0859 E_h^2, pmove=0.50
2026-06-08 17:28:57,519 - Step 00479: 248.6238 E_h, exp. variance=39171.5977 E_h^2, pmove=0.50
2026-06-08 17:28:57,841 - Step 00480: 248.7523 E_h, exp. variance=35350.5703 E_h^2, pmove=0.50
2026-06-08 17:28:58,162 - Step 00481: 248.7729 E_h, exp. variance=31893.2754 E_h^2, pmove=0.50
2026-06-08 17:28:58,484 - Step 00482: 248.3510 E_h, exp. variance=28768.9590 E_h^2, pmove=0.50
2026-06-08 17:28:58,805 - Step 00483: 248.4361 E_h, exp. variance=25944.3516 E_h^2, pmove=0.50
2026-06-08 17:28:59,127 - Step 00484: 248.4325 E_h, exp. variance=23392.2852 E_h^2, pmove=0.50
2026-06-08 17:28:59,449 - Step 00485: 248.8524 E_h, exp. variance=21085.9141 E_h^2, pmove=0.50
2026-06-08 17:28:59,771 - Step 00486: 248.7897 E_h, exp. variance=19004.1328 E_h^2, pmove=0.51
2026-06-08 17:29:00,094 - Step 00487: 248.7511 E_h, exp. variance=17125.5430 E_h^2, pmove=0.50
2026-06-08 17:29:00,416 - Step 00488: 248.5250 E_h, exp. variance=15431.2412 E_h^2, pmove=0.51
2026-06-08 17:29:00,737 - Step 00489: 248.6944 E_h, exp. variance=13902.5137 E_h^2, pmove=0.51
2026-06-08 17:29:01,060 - Step 00490: 248.6677 E_h, exp. variance=12523.9775 E_h^2, pmove=0.51
2026-06-08 17:29:01,380 - Step 00491: 248.7924 E_h, exp. variance=11280.8398 E_h^2, pmove=0.50
2026-06-08 17:29:01,701 - Step 00492: 249.0902 E_h, exp. variance=10159.7754 E_h^2, pmove=0.51
2026-06-08 17:29:02,020 - Step 00493: 249.9549 E_h, exp. variance=9148.3135 E_h^2, pmove=0.49
2026-06-08 17:29:02,339 - Step 00494: 924.0652 E_h, exp. variance=48361.7734 E_h^2, pmove=0.50
2026-06-08 17:29:02,666 - Step 00495: 278.8567 E_h, exp. variance=43701.7969 E_h^2, pmove=0.50
2026-06-08 17:29:02,986 - Step 00496: 248.1055 E_h, exp. variance=39779.8711 E_h^2, pmove=0.49
2026-06-08 17:29:03,307 - Step 00497: 249.9954 E_h, exp. variance=36143.6875 E_h^2, pmove=0.50
2026-06-08 17:29:03,633 - Step 00498: 249.1654 E_h, exp. variance=32814.5273 E_h^2, pmove=0.51
2026-06-08 17:29:03,962 - Step 00499: 249.3139 E_h, exp. variance=29762.7383 E_h^2, pmove=0.50
2026-06-08 17:29:04,287 - Step 00500: 253.5787 E_h, exp. variance=26939.2305 E_h^2, pmove=0.51
2026-06-08 17:29:04,611 - Step 00501: 249.9283 E_h, exp. variance=24394.6094 E_h^2, pmove=0.50
2026-06-08 17:29:04,931 - Step 00502: 248.7591 E_h, exp. variance=22083.9219 E_h^2, pmove=0.50
2026-06-08 17:29:05,252 - Step 00503: 248.6438 E_h, exp. variance=19980.5430 E_h^2, pmove=0.50
2026-06-08 17:29:05,574 - Step 00504: 248.6616 E_h, exp. variance=18067.4512 E_h^2, pmove=0.50
2026-06-08 17:29:05,895 - Step 00505: 248.5698 E_h, exp. variance=16329.9824 E_h^2, pmove=0.50
2026-06-08 17:29:06,217 - Step 00506: 248.6532 E_h, exp. variance=14752.7236 E_h^2, pmove=0.50
2026-06-08 17:29:06,540 - Step 00507: 248.8472 E_h, exp. variance=13321.8223 E_h^2, pmove=0.50
2026-06-08 17:29:06,861 - Step 00508: 249.1286 E_h, exp. variance=12024.5752 E_h^2, pmove=0.49
2026-06-08 17:29:07,181 - Step 00509: 248.9538 E_h, exp. variance=10850.9766 E_h^2, pmove=0.51
2026-06-08 17:29:07,502 - Step 00510: 249.5945 E_h, exp. variance=9787.4316 E_h^2, pmove=0.50
2026-06-08 17:29:07,825 - Step 00511: 248.8467 E_h, exp. variance=8828.0713 E_h^2, pmove=0.51
2026-06-08 17:29:08,146 - Step 00512: 248.4990 E_h, exp. variance=7961.8022 E_h^2, pmove=0.49
2026-06-08 17:29:08,471 - Step 00513: 249.3084 E_h, exp. variance=7177.2993 E_h^2, pmove=0.51
2026-06-08 17:29:08,798 - Step 00514: 248.6735 E_h, exp. variance=6470.2358 E_h^2, pmove=0.50
2026-06-08 17:29:09,123 - Step 00515: 248.9079 E_h, exp. variance=5831.4434 E_h^2, pmove=0.50
2026-06-08 17:29:09,446 - Step 00516: 249.0096 E_h, exp. variance=5254.8101 E_h^2, pmove=0.50
2026-06-08 17:29:09,769 - Step 00517: 248.9903 E_h, exp. variance=4734.6294 E_h^2, pmove=0.50
2026-06-08 17:29:10,089 - Step 00518: 249.4192 E_h, exp. variance=4264.9429 E_h^2, pmove=0.50
2026-06-08 17:29:10,407 - Step 00519: 249.7745 E_h, exp. variance=3841.1458 E_h^2, pmove=0.50
2026-06-08 17:29:10,729 - Step 00520: 249.1032 E_h, exp. variance=3459.8521 E_h^2, pmove=0.50
2026-06-08 17:29:11,049 - Step 00521: 248.6524 E_h, exp. variance=3116.5789 E_h^2, pmove=0.50
2026-06-08 17:29:11,371 - Step 00522: 248.6255 E_h, exp. variance=2807.1416 E_h^2, pmove=0.50
2026-06-08 17:29:11,691 - Step 00523: 249.0039 E_h, exp. variance=2527.9348 E_h^2, pmove=0.50
2026-06-08 17:29:12,012 - Step 00524: 248.8624 E_h, exp. variance=2276.4578 E_h^2, pmove=0.50
2026-06-08 17:29:12,336 - Step 00525: 249.2788 E_h, exp. variance=2049.6360 E_h^2, pmove=0.50
2026-06-08 17:29:12,657 - Step 00526: 248.9126 E_h, exp. variance=1845.5312 E_h^2, pmove=0.51
2026-06-08 17:29:12,978 - Step 00527: 249.1601 E_h, exp. variance=1661.5555 E_h^2, pmove=0.51
2026-06-08 17:29:13,306 - Step 00528: 248.9761 E_h, exp. variance=1495.9462 E_h^2, pmove=0.50
2026-06-08 17:29:13,633 - Step 00529: 248.9305 E_h, exp. variance=1346.8124 E_h^2, pmove=0.51
2026-06-08 17:29:13,954 - Step 00530: 259.3036 E_h, exp. variance=1218.3860 E_h^2, pmove=0.50
2026-06-08 17:29:14,278 - Step 00531: 249.3288 E_h, exp. variance=1097.0973 E_h^2, pmove=0.50
2026-06-08 17:29:14,599 - Step 00532: 250.0078 E_h, exp. variance=987.6025 E_h^2, pmove=0.50
2026-06-08 17:29:14,921 - Step 00533: 249.5405 E_h, exp. variance=889.1531 E_h^2, pmove=0.50
2026-06-08 17:29:15,243 - Step 00534: 249.1860 E_h, exp. variance=800.6076 E_h^2, pmove=0.51
2026-06-08 17:29:15,563 - Step 00535: 248.9558 E_h, exp. variance=720.9268 E_h^2, pmove=0.51
2026-06-08 17:29:15,882 - Step 00536: 278.6375 E_h, exp. variance=718.5530 E_h^2, pmove=0.50
2026-06-08 17:29:16,205 - Step 00537: 248.3657 E_h, exp. variance=649.1524 E_h^2, pmove=0.50
2026-06-08 17:29:16,527 - Step 00538: 250.6773 E_h, exp. variance=584.7507 E_h^2, pmove=0.50
2026-06-08 17:29:16,852 - Step 00539: 248.8439 E_h, exp. variance=527.7035 E_h^2, pmove=0.49
2026-06-08 17:29:17,178 - Step 00540: 248.6811 E_h, exp. variance=476.1972 E_h^2, pmove=0.51
2026-06-08 17:29:17,500 - Step 00541: 248.5658 E_h, exp. variance=429.6725 E_h^2, pmove=0.50
2026-06-08 17:29:17,821 - Step 00542: 249.3719 E_h, exp. variance=387.1953 E_h^2, pmove=0.51
2026-06-08 17:29:18,144 - Step 00543: 248.8902 E_h, exp. variance=349.0756 E_h^2, pmove=0.50
2026-06-08 17:29:18,466 - Step 00544: 249.1725 E_h, exp. variance=314.5430 E_h^2, pmove=0.50
2026-06-08 17:29:18,790 - Step 00545: 249.0473 E_h, exp. variance=283.4352 E_h^2, pmove=0.50
2026-06-08 17:29:19,111 - Step 00546: 248.9032 E_h, exp. variance=255.4201 E_h^2, pmove=0.50
2026-06-08 17:29:19,434 - Step 00547: 248.9444 E_h, exp. variance=230.1315 E_h^2, pmove=0.50
2026-06-08 17:29:19,760 - Step 00548: 248.9371 E_h, exp. variance=207.3255 E_h^2, pmove=0.51
2026-06-08 17:29:20,086 - Step 00549: 248.3892 E_h, exp. variance=186.9225 E_h^2, pmove=0.50
2026-06-08 17:29:20,410 - Step 00550: 248.6009 E_h, exp. variance=168.4357 E_h^2, pmove=0.51
2026-06-08 17:29:20,732 - Step 00551: 249.5934 E_h, exp. variance=151.6042 E_h^2, pmove=0.50
2026-06-08 17:29:21,054 - Step 00552: 249.0733 E_h, exp. variance=136.5089 E_h^2, pmove=0.50
2026-06-08 17:29:21,375 - Step 00553: 248.9497 E_h, exp. variance=122.9291 E_h^2, pmove=0.50
2026-06-08 17:29:21,698 - Step 00554: 248.9083 E_h, exp. variance=110.6999 E_h^2, pmove=0.51
2026-06-08 17:29:22,023 - Step 00555: 249.1730 E_h, exp. variance=99.6517 E_h^2, pmove=0.50
2026-06-08 17:29:22,345 - Step 00556: 248.6489 E_h, exp. variance=89.7708 E_h^2, pmove=0.50
2026-06-08 17:29:22,670 - Step 00557: 249.0974 E_h, exp. variance=80.8098 E_h^2, pmove=0.51
2026-06-08 17:29:22,996 - Step 00558: 248.6292 E_h, exp. variance=72.7935 E_h^2, pmove=0.50
2026-06-08 17:29:23,324 - Step 00559: 249.0926 E_h, exp. variance=65.5223 E_h^2, pmove=0.50
2026-06-08 17:29:23,648 - Step 00560: 249.5598 E_h, exp. variance=58.9735 E_h^2, pmove=0.50
2026-06-08 17:29:23,973 - Step 00561: 249.4043 E_h, exp. variance=53.0762 E_h^2, pmove=0.50
2026-06-08 17:29:24,294 - Step 00562: 249.1657 E_h, exp. variance=47.7729 E_h^2, pmove=0.50
2026-06-08 17:29:24,614 - Step 00563: 248.8802 E_h, exp. variance=43.0166 E_h^2, pmove=0.51
2026-06-08 17:29:24,933 - Step 00564: 248.7615 E_h, exp. variance=38.7424 E_h^2, pmove=0.50
2026-06-08 17:29:25,253 - Step 00565: 265.7432 E_h, exp. variance=59.3234 E_h^2, pmove=0.50
2026-06-08 17:29:25,579 - Step 00566: 248.6750 E_h, exp. variance=53.8397 E_h^2, pmove=0.50
2026-06-08 17:29:25,903 - Step 00567: 249.0696 E_h, exp. variance=48.6903 E_h^2, pmove=0.50
2026-06-08 17:29:26,226 - Step 00568: 248.5816 E_h, exp. variance=44.1604 E_h^2, pmove=0.50
2026-06-08 17:29:26,551 - Step 00569: 248.4710 E_h, exp. variance=40.0550 E_h^2, pmove=0.51
2026-06-08 17:29:26,874 - Step 00570: 248.5251 E_h, exp. variance=36.2850 E_h^2, pmove=0.51
2026-06-08 17:29:27,196 - Step 00571: 248.4640 E_h, exp. variance=32.8637 E_h^2, pmove=0.51
2026-06-08 17:29:27,518 - Step 00572: 249.0048 E_h, exp. variance=29.6385 E_h^2, pmove=0.50
2026-06-08 17:29:27,847 - Step 00573: 249.0859 E_h, exp. variance=26.7140 E_h^2, pmove=0.51
2026-06-08 17:29:28,171 - Step 00574: 279.6924 E_h, exp. variance=105.1052 E_h^2, pmove=0.51
2026-06-08 17:29:28,492 - Step 00575: 248.5459 E_h, exp. variance=96.1343 E_h^2, pmove=0.50
2026-06-08 17:29:28,814 - Step 00576: 278.7560 E_h, exp. variance=149.6642 E_h^2, pmove=0.50
2026-06-08 17:29:29,136 - Step 00577: 249.4934 E_h, exp. variance=137.3453 E_h^2, pmove=0.50
2026-06-08 17:29:29,460 - Step 00578: 249.7050 E_h, exp. variance=125.5734 E_h^2, pmove=0.51
2026-06-08 17:29:29,788 - Step 00579: 251.0687 E_h, exp. variance=113.7415 E_h^2, pmove=0.50
2026-06-08 17:29:30,108 - Step 00580: 249.3193 E_h, exp. variance=104.0350 E_h^2, pmove=0.51
2026-06-08 17:29:30,431 - Step 00581: 249.9912 E_h, exp. variance=94.5544 E_h^2, pmove=0.50
2026-06-08 17:29:30,750 - Step 00582: 249.1248 E_h, exp. variance=86.3635 E_h^2, pmove=0.50
2026-06-08 17:29:31,076 - Step 00583: 248.9413 E_h, exp. variance=78.8659 E_h^2, pmove=0.51
2026-06-08 17:29:31,400 - Step 00584: 249.0499 E_h, exp. variance=71.8402 E_h^2, pmove=0.50
2026-06-08 17:29:31,723 - Step 00585: 248.7993 E_h, exp. variance=65.4847 E_h^2, pmove=0.51
2026-06-08 17:29:32,046 - Step 00586: 248.7870 E_h, exp. variance=59.6134 E_h^2, pmove=0.50
2026-06-08 17:29:32,368 - Step 00587: 249.2222 E_h, exp. variance=54.0242 E_h^2, pmove=0.50
2026-06-08 17:29:32,690 - Step 00588: 248.7960 E_h, exp. variance=49.0800 E_h^2, pmove=0.50
2026-06-08 17:29:33,011 - Step 00589: 248.9201 E_h, exp. variance=44.4991 E_h^2, pmove=0.51
2026-06-08 17:29:33,333 - Step 00590: 249.9289 E_h, exp. variance=40.0942 E_h^2, pmove=0.50
2026-06-08 17:29:33,655 - Step 00591: 248.9651 E_h, exp. variance=36.3153 E_h^2, pmove=0.50
2026-06-08 17:29:33,978 - Step 00592: 248.6755 E_h, exp. variance=32.9530 E_h^2, pmove=0.51
2026-06-08 17:29:34,300 - Step 00593: 248.5092 E_h, exp. variance=29.9250 E_h^2, pmove=0.50
2026-06-08 17:29:34,621 - Step 00594: 249.2625 E_h, exp. variance=26.9897 E_h^2, pmove=0.51
2026-06-08 17:29:34,944 - Step 00595: 249.0046 E_h, exp. variance=24.3764 E_h^2, pmove=0.51
2026-06-08 17:29:35,266 - Step 00596: 248.8872 E_h, exp. variance=22.0280 E_h^2, pmove=0.50
2026-06-08 17:29:35,588 - Step 00597: 249.0630 E_h, exp. variance=19.8718 E_h^2, pmove=0.51
2026-06-08 17:29:35,910 - Step 00598: 251.2740 E_h, exp. variance=18.1045 E_h^2, pmove=0.50
2026-06-08 17:29:36,232 - Step 00599: 248.7348 E_h, exp. variance=16.4095 E_h^2, pmove=0.50
2026-06-08 17:29:36,553 - Step 00600: 249.3011 E_h, exp. variance=14.7870 E_h^2, pmove=0.50
2026-06-08 17:29:36,875 - Step 00601: 248.6632 E_h, exp. variance=13.4067 E_h^2, pmove=0.51
2026-06-08 17:29:37,196 - Step 00602: 249.7222 E_h, exp. variance=12.0673 E_h^2, pmove=0.50
2026-06-08 17:29:37,517 - Step 00603: 248.4599 E_h, exp. variance=10.9808 E_h^2, pmove=0.50
2026-06-08 17:29:37,844 - Step 00604: 248.4138 E_h, exp. variance=9.9890 E_h^2, pmove=0.50
2026-06-08 17:29:38,169 - Step 00605: 248.3662 E_h, exp. variance=9.0848 E_h^2, pmove=0.51
2026-06-08 17:29:38,494 - Step 00606: 248.4872 E_h, exp. variance=8.2342 E_h^2, pmove=0.50
2026-06-08 17:29:38,814 - Step 00607: 248.8855 E_h, exp. variance=7.4202 E_h^2, pmove=0.51
2026-06-08 17:29:39,136 - Step 00608: 248.8078 E_h, exp. variance=6.6904 E_h^2, pmove=0.50
2026-06-08 17:29:39,457 - Step 00609: 248.8401 E_h, exp. variance=6.0295 E_h^2, pmove=0.51
2026-06-08 17:29:39,776 - Step 00610: 248.5820 E_h, exp. variance=5.4516 E_h^2, pmove=0.50
2026-06-08 17:29:40,094 - Step 00611: 248.9082 E_h, exp. variance=4.9084 E_h^2, pmove=0.51
2026-06-08 17:29:40,415 - Step 00612: 249.1512 E_h, exp. variance=4.4187 E_h^2, pmove=0.50
2026-06-08 17:29:40,736 - Step 00613: 252.2434 E_h, exp. variance=4.8929 E_h^2, pmove=0.50
2026-06-08 17:29:41,055 - Step 00614: 249.4812 E_h, exp. variance=4.4046 E_h^2, pmove=0.51
2026-06-08 17:29:41,380 - Step 00615: 249.1027 E_h, exp. variance=3.9712 E_h^2, pmove=0.50
2026-06-08 17:29:41,703 - Step 00616: 248.4849 E_h, exp. variance=3.6423 E_h^2, pmove=0.50
2026-06-08 17:29:42,028 - Step 00617: 248.6314 E_h, exp. variance=3.3145 E_h^2, pmove=0.51
2026-06-08 17:29:42,349 - Step 00618: 250.0174 E_h, exp. variance=3.0426 E_h^2, pmove=0.50
2026-06-08 17:29:42,671 - Step 00619: 248.8826 E_h, exp. variance=2.7529 E_h^2, pmove=0.50
2026-06-08 17:29:42,995 - Step 00620: 248.9837 E_h, exp. variance=2.4838 E_h^2, pmove=0.50
2026-06-08 17:29:43,317 - Step 00621: 248.6913 E_h, exp. variance=2.2605 E_h^2, pmove=0.50
2026-06-08 17:29:43,640 - Step 00622: 248.6131 E_h, exp. variance=2.0620 E_h^2, pmove=0.49
2026-06-08 17:29:43,963 - Step 00623: 248.5784 E_h, exp. variance=1.8813 E_h^2, pmove=0.50
2026-06-08 17:29:44,286 - Step 00624: 248.7340 E_h, exp. variance=1.7026 E_h^2, pmove=0.51
2026-06-08 17:29:44,609 - Step 00625: 249.3664 E_h, exp. variance=1.5428 E_h^2, pmove=0.51
2026-06-08 17:29:44,938 - Step 00626: 252.0298 E_h, exp. variance=2.1826 E_h^2, pmove=0.50
2026-06-08 17:29:45,268 - Step 00627: 253.7723 E_h, exp. variance=3.7192 E_h^2, pmove=0.50
2026-06-08 17:29:45,603 - Step 00628: 248.6849 E_h, exp. variance=3.4588 E_h^2, pmove=0.49
2026-06-08 17:29:45,928 - Step 00629: 249.4271 E_h, exp. variance=3.1190 E_h^2, pmove=0.51
2026-06-08 17:29:46,248 - Step 00630: 248.4372 E_h, exp. variance=2.9419 E_h^2, pmove=0.50
2026-06-08 17:29:46,570 - Step 00631: 3713.6250 E_h, exp. variance=1079993.2500 E_h^2, pmove=0.51
2026-06-08 17:29:46,892 - Step 00632: 248.7717 E_h, exp. variance=982841.6875 E_h^2, pmove=0.49
2026-06-08 17:29:47,215 - Step 00633: 248.6165 E_h, exp. variance=893352.9375 E_h^2, pmove=0.51
2026-06-08 17:29:47,539 - Step 00634: 248.4706 E_h, exp. variance=811149.3125 E_h^2, pmove=0.50
2026-06-08 17:29:47,861 - Step 00635: 248.4374 E_h, exp. variance=735812.5000 E_h^2, pmove=0.50
2026-06-08 17:29:48,187 - Step 00636: 248.4795 E_h, exp. variance=666909.8125 E_h^2, pmove=0.50
2026-06-08 17:29:48,513 - Step 00637: 248.3978 E_h, exp. variance=604011.5000 E_h^2, pmove=0.51
2026-06-08 17:29:48,837 - Step 00638: 248.3761 E_h, exp. variance=546683.1250 E_h^2, pmove=0.51
2026-06-08 17:29:49,160 - Step 00639: 248.6479 E_h, exp. variance=494495.6562 E_h^2, pmove=0.51
2026-06-08 17:29:49,481 - Step 00640: 249.1618 E_h, exp. variance=447041.7500 E_h^2, pmove=0.51
2026-06-08 17:29:49,803 - Step 00641: 248.7110 E_h, exp. variance=403964.9688 E_h^2, pmove=0.50
2026-06-08 17:29:50,127 - Step 00642: 248.2362 E_h, exp. variance=364897.0000 E_h^2, pmove=0.50
2026-06-08 17:29:50,455 - Step 00643: 249.0544 E_h, exp. variance=329467.3750 E_h^2, pmove=0.51
2026-06-08 17:29:50,779 - Step 00644: 248.6904 E_h, exp. variance=297385.6875 E_h^2, pmove=0.50
2026-06-08 17:29:51,104 - Step 00645: 248.7275 E_h, exp. variance=268347.2188 E_h^2, pmove=0.51
2026-06-08 17:29:51,428 - Step 00646: 248.2637 E_h, exp. variance=242086.2344 E_h^2, pmove=0.51
2026-06-08 17:29:51,753 - Step 00647: 248.2503 E_h, exp. variance=218342.5156 E_h^2, pmove=0.51
2026-06-08 17:29:52,077 - Step 00648: 247.8769 E_h, exp. variance=196889.2031 E_h^2, pmove=0.50
2026-06-08 17:29:52,398 - Step 00649: 248.0781 E_h, exp. variance=177506.7188 E_h^2, pmove=0.50
2026-06-08 17:29:52,722 - Step 00650: 248.1660 E_h, exp. variance=160003.4375 E_h^2, pmove=0.50
2026-06-08 17:29:53,042 - Step 00651: 248.3570 E_h, exp. variance=144201.8438 E_h^2, pmove=0.51
2026-06-08 17:29:53,365 - Step 00652: 248.2450 E_h, exp. variance=129943.5156 E_h^2, pmove=0.50
2026-06-08 17:29:53,687 - Step 00653: 248.0588 E_h, exp. variance=117081.5469 E_h^2, pmove=0.51
2026-06-08 17:29:54,006 - Step 00654: 249.1220 E_h, exp. variance=105474.1094 E_h^2, pmove=0.50
2026-06-08 17:29:54,327 - Step 00655: 248.7341 E_h, exp. variance=95010.4062 E_h^2, pmove=0.50
2026-06-08 17:29:54,648 - Step 00656: 248.4885 E_h, exp. variance=85578.3828 E_h^2, pmove=0.51
2026-06-08 17:29:54,970 - Step 00657: 248.3691 E_h, exp. variance=77076.9844 E_h^2, pmove=0.51
2026-06-08 17:29:55,292 - Step 00658: 248.1336 E_h, exp. variance=69415.9609 E_h^2, pmove=0.50
2026-06-08 17:29:55,615 - Step 00659: 248.3366 E_h, exp. variance=62511.4258 E_h^2, pmove=0.51
2026-06-08 17:29:55,939 - Step 00660: 248.5575 E_h, exp. variance=56289.5820 E_h^2, pmove=0.50
2026-06-08 17:29:56,262 - Step 00661: 248.4949 E_h, exp. variance=50684.5391 E_h^2, pmove=0.51
2026-06-08 17:29:56,586 - Step 00662: 248.7853 E_h, exp. variance=45634.6953 E_h^2, pmove=0.50
2026-06-08 17:29:56,910 - Step 00663: 251.5750 E_h, exp. variance=41080.5039 E_h^2, pmove=0.50
2026-06-08 17:29:57,230 - Step 00664: 248.4481 E_h, exp. variance=36985.9922 E_h^2, pmove=0.51
2026-06-08 17:29:57,551 - Step 00665: 249.4501 E_h, exp. variance=33296.4570 E_h^2, pmove=0.51
2026-06-08 17:29:57,873 - Step 00666: 248.0526 E_h, exp. variance=29976.6016 E_h^2, pmove=0.51
2026-06-08 17:29:58,200 - Step 00667: 248.3676 E_h, exp. variance=26986.3477 E_h^2, pmove=0.51
2026-06-08 17:29:58,521 - Step 00668: 248.3785 E_h, exp. variance=24293.6953 E_h^2, pmove=0.49
2026-06-08 17:29:58,844 - Step 00669: 248.0453 E_h, exp. variance=21869.6211 E_h^2, pmove=0.50
2026-06-08 17:29:59,164 - Step 00670: 248.1838 E_h, exp. variance=19686.7793 E_h^2, pmove=0.50
2026-06-08 17:29:59,490 - Step 00671: 248.1519 E_h, exp. variance=17721.4746 E_h^2, pmove=0.50
2026-06-08 17:29:59,818 - Step 00672: 248.3431 E_h, exp. variance=15951.8721 E_h^2, pmove=0.50
2026-06-08 17:30:00,146 - Step 00673: 248.3339 E_h, exp. variance=14358.7539 E_h^2, pmove=0.51
2026-06-08 17:30:00,471 - Step 00674: 248.3409 E_h, exp. variance=12924.5488 E_h^2, pmove=0.51
2026-06-08 17:30:00,795 - Step 00675: 248.5793 E_h, exp. variance=11633.2852 E_h^2, pmove=0.51
2026-06-08 17:30:01,120 - Step 00676: 248.1996 E_h, exp. variance=10471.1592 E_h^2, pmove=0.51
2026-06-08 17:30:01,442 - Step 00677: 248.7398 E_h, exp. variance=9424.7236 E_h^2, pmove=0.52
2026-06-08 17:30:01,765 - Step 00678: 248.6306 E_h, exp. variance=8482.8525 E_h^2, pmove=0.50
2026-06-08 17:30:02,088 - Step 00679: 254.9923 E_h, exp. variance=7636.0332 E_h^2, pmove=0.50
2026-06-08 17:30:02,410 - Step 00680: 249.5819 E_h, exp. variance=6872.7139 E_h^2, pmove=0.49
2026-06-08 17:30:02,736 - Step 00681: 248.2148 E_h, exp. variance=6186.2349 E_h^2, pmove=0.51
2026-06-08 17:30:03,062 - Step 00682: 248.8530 E_h, exp. variance=5567.9829 E_h^2, pmove=0.51
2026-06-08 17:30:03,390 - Step 00683: 248.5480 E_h, exp. variance=5011.5947 E_h^2, pmove=0.50
2026-06-08 17:30:03,723 - Step 00684: 248.2677 E_h, exp. variance=4510.8711 E_h^2, pmove=0.50
2026-06-08 17:30:04,047 - Step 00685: 248.5285 E_h, exp. variance=4060.0503 E_h^2, pmove=0.51
2026-06-08 17:30:04,372 - Step 00686: 248.6084 E_h, exp. variance=3654.2393 E_h^2, pmove=0.50
2026-06-08 17:30:04,699 - Step 00687: 248.2725 E_h, exp. variance=3289.0625 E_h^2, pmove=0.51
2026-06-08 17:30:05,021 - Step 00688: 248.5009 E_h, exp. variance=2960.2998 E_h^2, pmove=0.51
2026-06-08 17:30:05,347 - Step 00689: 248.8009 E_h, exp. variance=2664.3328 E_h^2, pmove=0.50
2026-06-08 17:30:05,670 - Step 00690: 249.0551 E_h, exp. variance=2397.9219 E_h^2, pmove=0.49
2026-06-08 17:30:05,999 - Step 00691: 248.6776 E_h, exp. variance=2158.1912 E_h^2, pmove=0.50
2026-06-08 17:30:06,328 - Step 00692: 249.6006 E_h, exp. variance=1942.3749 E_h^2, pmove=0.50
2026-06-08 17:30:06,651 - Step 00693: 248.5515 E_h, exp. variance=1748.2084 E_h^2, pmove=0.50
2026-06-08 17:30:06,979 - Step 00694: 248.1711 E_h, exp. variance=1573.5127 E_h^2, pmove=0.50
2026-06-08 17:30:07,310 - Step 00695: 248.5343 E_h, exp. variance=1416.2052 E_h^2, pmove=0.50
2026-06-08 17:30:07,636 - Step 00696: 248.1269 E_h, exp. variance=1274.6813 E_h^2, pmove=0.50
2026-06-08 17:30:07,967 - Step 00697: 248.0300 E_h, exp. variance=1147.3085 E_h^2, pmove=0.51
2026-06-08 17:30:08,295 - Step 00698: 247.9789 E_h, exp. variance=1032.6636 E_h^2, pmove=0.51
2026-06-08 17:30:08,617 - Step 00699: 248.2268 E_h, exp. variance=929.4331 E_h^2, pmove=0.51
2026-06-08 17:30:08,944 - Step 00700: 248.9726 E_h, exp. variance=836.4926 E_h^2, pmove=0.50
2026-06-08 17:30:09,268 - Step 00701: 248.8591 E_h, exp. variance=752.8434 E_h^2, pmove=0.50
2026-06-08 17:30:09,597 - Step 00702: 249.6134 E_h, exp. variance=677.6160 E_h^2, pmove=0.51
2026-06-08 17:30:09,923 - Step 00703: 251.3034 E_h, exp. variance=610.3755 E_h^2, pmove=0.50
2026-06-08 17:30:10,248 - Step 00704: 248.7635 E_h, exp. variance=549.3506 E_h^2, pmove=0.51
2026-06-08 17:30:10,573 - Step 00705: 248.7776 E_h, exp. variance=494.4249 E_h^2, pmove=0.51
2026-06-08 17:30:10,897 - Step 00706: 248.1776 E_h, exp. variance=445.0538 E_h^2, pmove=0.50
2026-06-08 17:30:11,222 - Step 00707: 248.5421 E_h, exp. variance=400.5656 E_h^2, pmove=0.50
2026-06-08 17:30:11,545 - Step 00708: 248.1833 E_h, exp. variance=360.5599 E_h^2, pmove=0.50
2026-06-08 17:30:11,867 - Step 00709: 248.2558 E_h, exp. variance=324.5368 E_h^2, pmove=0.50
2026-06-08 17:30:12,193 - Step 00710: 248.0972 E_h, exp. variance=292.1275 E_h^2, pmove=0.50
2026-06-08 17:30:12,519 - Step 00711: 248.3353 E_h, exp. variance=262.9287 E_h^2, pmove=0.51
2026-06-08 17:30:12,846 - Step 00712: 250.4658 E_h, exp. variance=236.9196 E_h^2, pmove=0.50
2026-06-08 17:30:13,169 - Step 00713: 248.2540 E_h, exp. variance=213.2616 E_h^2, pmove=0.51
2026-06-08 17:30:13,492 - Step 00714: 248.2285 E_h, exp. variance=191.9654 E_h^2, pmove=0.51
2026-06-08 17:30:13,817 - Step 00715: 249.4205 E_h, exp. variance=172.8095 E_h^2, pmove=0.50
2026-06-08 17:30:14,143 - Step 00716: 248.8511 E_h, exp. variance=155.5287 E_h^2, pmove=0.50
2026-06-08 17:30:14,467 - Step 00717: 259.5592 E_h, exp. variance=150.3570 E_h^2, pmove=0.50
2026-06-08 17:30:14,793 - Step 00718: 436.2837 E_h, exp. variance=3262.0479 E_h^2, pmove=0.50
2026-06-08 17:30:15,116 - Step 00719: 248.3138 E_h, exp. variance=2972.6338 E_h^2, pmove=0.49
2026-06-08 17:30:15,439 - Step 00720: 248.9007 E_h, exp. variance=2703.2793 E_h^2, pmove=0.51
2026-06-08 17:30:15,761 - Step 00721: 248.0066 E_h, exp. variance=2458.1804 E_h^2, pmove=0.50
2026-06-08 17:30:16,085 - Step 00722: 248.3566 E_h, exp. variance=2231.8599 E_h^2, pmove=0.51
2026-06-08 17:30:16,416 - Step 00723: 248.1597 E_h, exp. variance=2024.9397 E_h^2, pmove=0.51
2026-06-08 17:30:16,740 - Step 00724: 259.3151 E_h, exp. variance=1822.5259 E_h^2, pmove=0.51
2026-06-08 17:30:17,064 - Step 00725: 250.1368 E_h, exp. variance=1649.3232 E_h^2, pmove=0.49
2026-06-08 17:30:17,391 - Step 00726: 248.3959 E_h, exp. variance=1494.8221 E_h^2, pmove=0.50
2026-06-08 17:30:17,717 - Step 00727: 248.1988 E_h, exp. variance=1354.1366 E_h^2, pmove=0.50
2026-06-08 17:30:18,043 - Step 00728: 248.3951 E_h, exp. variance=1225.5372 E_h^2, pmove=0.51
2026-06-08 17:30:18,369 - Step 00729: 248.4095 E_h, exp. variance=1108.4828 E_h^2, pmove=0.50
2026-06-08 17:30:18,695 - Step 00730: 248.6249 E_h, exp. variance=1001.8203 E_h^2, pmove=0.51
2026-06-08 17:30:19,022 - Step 00731: 248.1730 E_h, exp. variance=905.5464 E_h^2, pmove=0.50
2026-06-08 17:30:19,347 - Step 00732: 247.8645 E_h, exp. variance=818.4954 E_h^2, pmove=0.50
2026-06-08 17:30:19,677 - Step 00733: 248.1115 E_h, exp. variance=739.2396 E_h^2, pmove=0.51
2026-06-08 17:30:20,006 - Step 00734: 247.9646 E_h, exp. variance=667.5461 E_h^2, pmove=0.50
2026-06-08 17:30:20,331 - Step 00735: 257.8211 E_h, exp. variance=603.3926 E_h^2, pmove=0.50
2026-06-08 17:30:20,656 - Step 00736: 248.4660 E_h, exp. variance=544.8894 E_h^2, pmove=0.50
2026-06-08 17:30:20,981 - Step 00737: 248.4970 E_h, exp. variance=491.8651 E_h^2, pmove=0.50
2026-06-08 17:30:21,306 - Step 00738: 248.3733 E_h, exp. variance=443.9471 E_h^2, pmove=0.51
2026-06-08 17:30:21,634 - Step 00739: 278.1506 E_h, exp. variance=462.2709 E_h^2, pmove=0.50
2026-06-08 17:30:21,962 - Step 00740: 247.9944 E_h, exp. variance=419.7275 E_h^2, pmove=0.50
2026-06-08 17:30:22,291 - Step 00741: 248.3988 E_h, exp. variance=380.3342 E_h^2, pmove=0.50
2026-06-08 17:30:22,619 - Step 00742: 247.9724 E_h, exp. variance=344.7762 E_h^2, pmove=0.51
2026-06-08 17:30:22,946 - Step 00743: 248.5130 E_h, exp. variance=311.8707 E_h^2, pmove=0.50
2026-06-08 17:30:23,291 - Step 00744: 248.0550 E_h, exp. variance=282.2860 E_h^2, pmove=0.50
2026-06-08 17:30:23,630 - Step 00745: 248.3974 E_h, exp. variance=255.1319 E_h^2, pmove=0.51
2026-06-08 17:30:23,956 - Step 00746: 248.1917 E_h, exp. variance=230.6080 E_h^2, pmove=0.50
2026-06-08 17:30:24,283 - Step 00747: 248.1797 E_h, exp. variance=208.3549 E_h^2, pmove=0.50
2026-06-08 17:30:24,613 - Step 00748: 248.3303 E_h, exp. variance=188.1026 E_h^2, pmove=0.50
2026-06-08 17:30:24,944 - Step 00749: 248.8277 E_h, exp. variance=169.5819 E_h^2, pmove=0.51
2026-06-08 17:30:25,272 - Step 00750: 248.2285 E_h, exp. variance=153.0647 E_h^2, pmove=0.50
2026-06-08 17:30:25,606 - Step 00751: 248.2074 E_h, exp. variance=138.1230 E_h^2, pmove=0.50
2026-06-08 17:30:25,939 - Step 00752: 379.6618 E_h, exp. variance=1636.9557 E_h^2, pmove=0.51
2026-06-08 17:30:26,270 - Step 00753: 248.8076 E_h, exp. variance=1491.3463 E_h^2, pmove=0.49
2026-06-08 17:30:27,039 - Step 00754: 248.1640 E_h, exp. variance=1358.3770 E_h^2, pmove=0.51
2026-06-08 17:30:27,371 - Step 00755: 250.5085 E_h, exp. variance=1231.0375 E_h^2, pmove=0.50
2026-06-08 17:30:27,707 - Step 00756: 248.3536 E_h, exp. variance=1118.6276 E_h^2, pmove=0.50
2026-06-08 17:30:28,036 - Step 00757: 248.4725 E_h, exp. variance=1015.2180 E_h^2, pmove=0.50
2026-06-08 17:30:28,363 - Step 00758: 247.9541 E_h, exp. variance=921.3813 E_h^2, pmove=0.50
2026-06-08 17:30:28,688 - Step 00759: 248.1524 E_h, exp. variance=835.1749 E_h^2, pmove=0.51
2026-06-08 17:30:29,016 - Step 00760: 248.2523 E_h, exp. variance=756.3316 E_h^2, pmove=0.50
2026-06-08 17:30:29,348 - Step 00761: 248.0732 E_h, exp. variance=684.6965 E_h^2, pmove=0.51
2026-06-08 17:30:29,679 - Step 00762: 248.2871 E_h, exp. variance=619.2385 E_h^2, pmove=0.51
2026-06-08 17:30:30,007 - Step 00763: 249.0186 E_h, exp. variance=559.1166 E_h^2, pmove=0.50
2026-06-08 17:30:30,337 - Step 00764: 248.5137 E_h, exp. variance=505.0536 E_h^2, pmove=0.50
2026-06-08 17:30:30,665 - Step 00765: 247.8902 E_h, exp. variance=456.5384 E_h^2, pmove=0.50
2026-06-08 17:30:30,997 - Step 00766: 248.0785 E_h, exp. variance=412.3563 E_h^2, pmove=0.50
2026-06-08 17:30:31,326 - Step 00767: 248.0208 E_h, exp. variance=372.3509 E_h^2, pmove=0.51
2026-06-08 17:30:31,652 - Step 00768: 248.3165 E_h, exp. variance=335.9431 E_h^2, pmove=0.50
2026-06-08 17:30:31,983 - Step 00769: 255.1476 E_h, exp. variance=303.8635 E_h^2, pmove=0.50
2026-06-08 17:30:32,313 - Step 00770: 248.4374 E_h, exp. variance=274.2969 E_h^2, pmove=0.50
2026-06-08 17:30:32,643 - Step 00771: 248.3011 E_h, exp. variance=247.5995 E_h^2, pmove=0.50
2026-06-08 17:30:32,970 - Step 00772: 248.5816 E_h, exp. variance=223.3101 E_h^2, pmove=0.51
2026-06-08 17:30:33,299 - Step 00773: 248.4091 E_h, exp. variance=201.4269 E_h^2, pmove=0.50
2026-06-08 17:30:33,627 - Step 00774: 248.2925 E_h, exp. variance=181.6903 E_h^2, pmove=0.50
2026-06-08 17:30:33,960 - Step 00775: 248.0548 E_h, exp. variance=163.9370 E_h^2, pmove=0.50
2026-06-08 17:30:34,288 - Step 00776: 248.1044 E_h, exp. variance=147.8631 E_h^2, pmove=0.51
2026-06-08 17:30:34,618 - Step 00777: 248.1045 E_h, exp. variance=133.3357 E_h^2, pmove=0.50
2026-06-08 17:30:34,946 - Step 00778: 247.9948 E_h, exp. variance=120.2431 E_h^2, pmove=0.50
2026-06-08 17:30:35,273 - Step 00779: 248.2151 E_h, exp. variance=108.3600 E_h^2, pmove=0.51
2026-06-08 17:30:35,600 - Step 00780: 278.0651 E_h, exp. variance=171.7743 E_h^2, pmove=0.50
2026-06-08 17:30:35,925 - Step 00781: 251.3223 E_h, exp. variance=154.6685 E_h^2, pmove=0.50
2026-06-08 17:30:36,254 - Step 00782: 250.3435 E_h, exp. variance=139.4874 E_h^2, pmove=0.50
2026-06-08 17:30:36,579 - Step 00783: 248.5264 E_h, exp. variance=126.5918 E_h^2, pmove=0.50
2026-06-08 17:30:36,906 - Step 00784: 248.3754 E_h, exp. variance=114.8714 E_h^2, pmove=0.50
2026-06-08 17:30:37,233 - Step 00785: 248.4539 E_h, exp. variance=104.1041 E_h^2, pmove=0.51
2026-06-08 17:30:37,560 - Step 00786: 248.3427 E_h, exp. variance=94.3289 E_h^2, pmove=0.50
2026-06-08 17:30:37,887 - Step 00787: 247.7070 E_h, exp. variance=85.7204 E_h^2, pmove=0.51
2026-06-08 17:30:38,215 - Step 00788: 248.0570 E_h, exp. variance=77.6556 E_h^2, pmove=0.51
2026-06-08 17:30:38,545 - Step 00789: 248.1359 E_h, exp. variance=70.2711 E_h^2, pmove=0.50
2026-06-08 17:30:38,874 - Step 00790: 249.4068 E_h, exp. variance=63.2744 E_h^2, pmove=0.50
2026-06-08 17:30:39,211 - Step 00791: 248.0860 E_h, exp. variance=57.2528 E_h^2, pmove=0.50
2026-06-08 17:30:39,545 - Step 00792: 247.8957 E_h, exp. variance=51.8355 E_h^2, pmove=0.50
2026-06-08 17:30:39,873 - Step 00793: 247.9599 E_h, exp. variance=46.8825 E_h^2, pmove=0.50
2026-06-08 17:30:40,203 - Step 00794: 247.9405 E_h, exp. variance=42.3860 E_h^2, pmove=0.50
2026-06-08 17:30:40,531 - Step 00795: 248.0298 E_h, exp. variance=38.2824 E_h^2, pmove=0.50
2026-06-08 17:30:40,861 - Step 00796: 248.2486 E_h, exp. variance=34.5243 E_h^2, pmove=0.51
2026-06-08 17:30:41,197 - Step 00797: 248.1198 E_h, exp. variance=31.1487 E_h^2, pmove=0.50
2026-06-08 17:30:41,530 - Step 00798: 248.1455 E_h, exp. variance=28.0923 E_h^2, pmove=0.50
2026-06-08 17:30:41,859 - Step 00799: 248.0862 E_h, exp. variance=25.3384 E_h^2, pmove=0.50
2026-06-08 17:30:42,192 - Step 00800: 248.0997 E_h, exp. variance=22.8477 E_h^2, pmove=0.50
2026-06-08 17:30:42,520 - Step 00801: 248.1180 E_h, exp. variance=20.5959 E_h^2, pmove=0.50
2026-06-08 17:30:42,847 - Step 00802: 247.8749 E_h, exp. variance=18.5921 E_h^2, pmove=0.50
2026-06-08 17:30:43,175 - Step 00803: 247.9781 E_h, exp. variance=16.7659 E_h^2, pmove=0.50
2026-06-08 17:30:43,508 - Step 00804: 256.1913 E_h, exp. variance=20.3814 E_h^2, pmove=0.50
2026-06-08 17:30:43,836 - Step 00805: 249.2625 E_h, exp. variance=18.3433 E_h^2, pmove=0.49
2026-06-08 17:30:44,162 - Step 00806: 248.2583 E_h, exp. variance=16.6042 E_h^2, pmove=0.50
2026-06-08 17:30:44,489 - Step 00807: 247.8264 E_h, exp. variance=15.1098 E_h^2, pmove=0.52
2026-06-08 17:30:44,816 - Step 00808: 247.9461 E_h, exp. variance=13.7082 E_h^2, pmove=0.51
2026-06-08 17:30:45,143 - Step 00809: 248.8743 E_h, exp. variance=12.3377 E_h^2, pmove=0.51
2026-06-08 17:30:45,469 - Step 00810: 247.9472 E_h, exp. variance=11.1912 E_h^2, pmove=0.50
2026-06-08 17:30:45,797 - Step 00811: 249.1750 E_h, exp. variance=10.0826 E_h^2, pmove=0.51
2026-06-08 17:30:46,127 - Step 00812: 248.3249 E_h, exp. variance=9.1008 E_h^2, pmove=0.51
2026-06-08 17:30:46,456 - Step 00813: 248.3965 E_h, exp. variance=8.2064 E_h^2, pmove=0.50
2026-06-08 17:30:46,787 - Step 00814: 248.1443 E_h, exp. variance=7.4212 E_h^2, pmove=0.51
2026-06-08 17:30:47,115 - Step 00815: 248.7852 E_h, exp. variance=6.6796 E_h^2, pmove=0.50
2026-06-08 17:30:47,445 - Step 00816: 248.4408 E_h, exp. variance=6.0185 E_h^2, pmove=0.50
2026-06-08 17:30:47,771 - Step 00817: 248.4925 E_h, exp. variance=5.4201 E_h^2, pmove=0.50
2026-06-08 17:30:48,097 - Step 00818: 248.1458 E_h, exp. variance=4.9028 E_h^2, pmove=0.51
2026-06-08 17:30:48,426 - Step 00819: 254.9467 E_h, exp. variance=8.0184 E_h^2, pmove=0.51
2026-06-08 17:30:48,753 - Step 00820: 247.9129 E_h, exp. variance=7.3774 E_h^2, pmove=0.50
2026-06-08 17:30:49,079 - Step 00821: 248.1886 E_h, exp. variance=6.7171 E_h^2, pmove=0.51
2026-06-08 17:30:49,406 - Step 00822: 247.9919 E_h, exp. variance=6.1412 E_h^2, pmove=0.50
2026-06-08 17:30:49,732 - Step 00823: 248.3835 E_h, exp. variance=5.5530 E_h^2, pmove=0.51
2026-06-08 17:30:50,062 - Step 00824: 248.2084 E_h, exp. variance=5.0367 E_h^2, pmove=0.50
2026-06-08 17:30:50,388 - Step 00825: 247.9750 E_h, exp. variance=4.5944 E_h^2, pmove=0.50
2026-06-08 17:30:50,715 - Step 00826: 248.3967 E_h, exp. variance=4.1443 E_h^2, pmove=0.50
2026-06-08 17:30:51,044 - Step 00827: 248.3437 E_h, exp. variance=3.7404 E_h^2, pmove=0.50
2026-06-08 17:30:51,370 - Step 00828: 247.8067 E_h, exp. variance=3.4306 E_h^2, pmove=0.50
2026-06-08 17:30:51,701 - Step 00829: 248.0401 E_h, exp. variance=3.1126 E_h^2, pmove=0.51
2026-06-08 17:30:52,028 - Step 00830: 248.0648 E_h, exp. variance=2.8195 E_h^2, pmove=0.51
2026-06-08 17:30:52,358 - Step 00831: 248.2937 E_h, exp. variance=2.5404 E_h^2, pmove=0.51
2026-06-08 17:30:52,686 - Step 00832: 250.5211 E_h, exp. variance=2.6716 E_h^2, pmove=0.50
2026-06-08 17:30:53,014 - Step 00833: 250.2031 E_h, exp. variance=2.6191 E_h^2, pmove=0.50
2026-06-08 17:30:53,352 - Step 00834: 254.5429 E_h, exp. variance=5.3116 E_h^2, pmove=0.50
2026-06-08 17:30:53,679 - Step 00835: 248.0443 E_h, exp. variance=4.9425 E_h^2, pmove=0.50
2026-06-08 17:30:54,007 - Step 00836: 248.9258 E_h, exp. variance=4.4579 E_h^2, pmove=0.50
2026-06-08 17:30:54,334 - Step 00837: 248.6467 E_h, exp. variance=4.0416 E_h^2, pmove=0.51
2026-06-08 17:30:54,663 - Step 00838: 248.1568 E_h, exp. variance=3.7284 E_h^2, pmove=0.51
2026-06-08 17:30:54,990 - Step 00839: 247.9850 E_h, exp. variance=3.4599 E_h^2, pmove=0.51
2026-06-08 17:30:55,319 - Step 00840: 247.9577 E_h, exp. variance=3.2033 E_h^2, pmove=0.50
2026-06-08 17:30:55,647 - Step 00841: 248.0686 E_h, exp. variance=2.9385 E_h^2, pmove=0.51
2026-06-08 17:30:55,976 - Step 00842: 248.2458 E_h, exp. variance=2.6699 E_h^2, pmove=0.50
2026-06-08 17:30:56,308 - Step 00843: 248.5261 E_h, exp. variance=2.4064 E_h^2, pmove=0.51
2026-06-08 17:30:56,637 - Step 00844: 248.3904 E_h, exp. variance=2.1746 E_h^2, pmove=0.50
2026-06-08 17:30:56,965 - Step 00845: 248.1514 E_h, exp. variance=1.9815 E_h^2, pmove=0.50
2026-06-08 17:30:57,293 - Step 00846: 248.2533 E_h, exp. variance=1.7954 E_h^2, pmove=0.51
2026-06-08 17:30:57,623 - Step 00847: 247.9170 E_h, exp. variance=1.6558 E_h^2, pmove=0.50
2026-06-08 17:30:57,950 - Step 00848: 247.9331 E_h, exp. variance=1.5209 E_h^2, pmove=0.51
2026-06-08 17:30:58,279 - Step 00849: 247.9842 E_h, exp. variance=1.3890 E_h^2, pmove=0.51
2026-06-08 17:30:58,609 - Step 00850: 247.8477 E_h, exp. variance=1.2786 E_h^2, pmove=0.50
2026-06-08 17:30:58,937 - Step 00851: 248.6067 E_h, exp. variance=1.1565 E_h^2, pmove=0.51
2026-06-08 17:30:59,265 - Step 00852: 247.9591 E_h, exp. variance=1.0568 E_h^2, pmove=0.51
2026-06-08 17:30:59,599 - Step 00853: 247.9426 E_h, exp. variance=0.9651 E_h^2, pmove=0.51
2026-06-08 17:30:59,937 - Step 00854: 247.8707 E_h, exp. variance=0.8851 E_h^2, pmove=0.51
2026-06-08 17:31:00,269 - Step 00855: 247.7829 E_h, exp. variance=0.8167 E_h^2, pmove=0.50
2026-06-08 17:31:00,596 - Step 00856: 247.7645 E_h, exp. variance=0.7527 E_h^2, pmove=0.50
2026-06-08 17:31:00,923 - Step 00857: 248.7408 E_h, exp. variance=0.7074 E_h^2, pmove=0.51
2026-06-08 17:31:01,250 - Step 00858: 248.4159 E_h, exp. variance=0.6401 E_h^2, pmove=0.50
2026-06-08 17:31:01,578 - Step 00859: 248.5055 E_h, exp. variance=0.5824 E_h^2, pmove=0.50
2026-06-08 17:31:01,906 - Step 00860: 248.6324 E_h, exp. variance=0.5361 E_h^2, pmove=0.50
2026-06-08 17:31:02,239 - Step 00861: 248.5135 E_h, exp. variance=0.4865 E_h^2, pmove=0.50
2026-06-08 17:31:02,566 - Step 00862: 249.1933 E_h, exp. variance=0.5057 E_h^2, pmove=0.51
2026-06-08 17:31:02,893 - Step 00863: 247.9251 E_h, exp. variance=0.4764 E_h^2, pmove=0.50
2026-06-08 17:31:03,224 - Step 00864: 247.9861 E_h, exp. variance=0.4416 E_h^2, pmove=0.51
2026-06-08 17:31:03,551 - Step 00865: 247.7918 E_h, exp. variance=0.4230 E_h^2, pmove=0.50
2026-06-08 17:31:03,880 - Step 00866: 247.9850 E_h, exp. variance=0.3881 E_h^2, pmove=0.51
2026-06-08 17:31:04,208 - Step 00867: 248.1291 E_h, exp. variance=0.3505 E_h^2, pmove=0.50
2026-06-08 17:31:04,536 - Step 00868: 248.6893 E_h, exp. variance=0.3343 E_h^2, pmove=0.51
2026-06-08 17:31:04,866 - Step 00869: 248.1795 E_h, exp. variance=0.3017 E_h^2, pmove=0.50
2026-06-08 17:31:05,192 - Step 00870: 247.9024 E_h, exp. variance=0.2836 E_h^2, pmove=0.50
2026-06-08 17:31:05,520 - Step 00871: 248.0953 E_h, exp. variance=0.2569 E_h^2, pmove=0.51
2026-06-08 17:31:05,854 - Step 00872: 248.0544 E_h, exp. variance=0.2336 E_h^2, pmove=0.51
2026-06-08 17:31:06,187 - Step 00873: 247.9855 E_h, exp. variance=0.2144 E_h^2, pmove=0.50
2026-06-08 17:31:06,519 - Step 00874: 247.7823 E_h, exp. variance=0.2072 E_h^2, pmove=0.51
2026-06-08 17:31:06,857 - Step 00875: 247.7541 E_h, exp. variance=0.1999 E_h^2, pmove=0.51
2026-06-08 17:31:07,193 - Step 00876: 247.7517 E_h, exp. variance=0.1909 E_h^2, pmove=0.50
2026-06-08 17:31:07,522 - Step 00877: 247.5674 E_h, exp. variance=0.1942 E_h^2, pmove=0.50
2026-06-08 17:31:07,852 - Step 00878: 247.8540 E_h, exp. variance=0.1772 E_h^2, pmove=0.50
2026-06-08 17:31:08,180 - Step 00879: 247.7722 E_h, exp. variance=0.1641 E_h^2, pmove=0.51
2026-06-08 17:31:08,509 - Step 00880: 248.3102 E_h, exp. variance=0.1577 E_h^2, pmove=0.50
2026-06-08 17:31:08,838 - Step 00881: 249.3209 E_h, exp. variance=0.2964 E_h^2, pmove=0.51
2026-06-08 17:31:09,167 - Step 00882: 247.8158 E_h, exp. variance=0.2763 E_h^2, pmove=0.51
2026-06-08 17:31:09,495 - Step 00883: 247.9459 E_h, exp. variance=0.2511 E_h^2, pmove=0.50
2026-06-08 17:31:09,824 - Step 00884: 247.7768 E_h, exp. variance=0.2350 E_h^2, pmove=0.50
2026-06-08 17:31:10,156 - Step 00885: 247.8704 E_h, exp. variance=0.2148 E_h^2, pmove=0.50
2026-06-08 17:31:10,485 - Step 00886: 247.7402 E_h, exp. variance=0.2015 E_h^2, pmove=0.51
2026-06-08 17:31:10,814 - Step 00887: 247.5934 E_h, exp. variance=0.1971 E_h^2, pmove=0.51
2026-06-08 17:31:11,141 - Step 00888: 247.8018 E_h, exp. variance=0.1799 E_h^2, pmove=0.51
2026-06-08 17:31:11,470 - Step 00889: 247.9278 E_h, exp. variance=0.1620 E_h^2, pmove=0.51
2026-06-08 17:31:11,797 - Step 00890: 247.8672 E_h, exp. variance=0.1464 E_h^2, pmove=0.50
2026-06-08 17:31:12,125 - Step 00891: 249.0114 E_h, exp. variance=0.2346 E_h^2, pmove=0.50
2026-06-08 17:31:12,453 - Step 00892: 247.9346 E_h, exp. variance=0.2124 E_h^2, pmove=0.51
2026-06-08 17:31:12,778 - Step 00893: 247.7681 E_h, exp. variance=0.1977 E_h^2, pmove=0.51
2026-06-08 17:31:13,107 - Step 00894: 247.9247 E_h, exp. variance=0.1786 E_h^2, pmove=0.51
2026-06-08 17:31:13,439 - Step 00895: 248.1146 E_h, exp. variance=0.1618 E_h^2, pmove=0.51
2026-06-08 17:31:13,769 - Step 00896: 247.9959 E_h, exp. variance=0.1457 E_h^2, pmove=0.51
2026-06-08 17:31:14,100 - Step 00897: 247.7874 E_h, exp. variance=0.1356 E_h^2, pmove=0.50
2026-06-08 17:31:14,429 - Step 00898: 248.6142 E_h, exp. variance=0.1572 E_h^2, pmove=0.50
2026-06-08 17:31:14,762 - Step 00899: 248.1373 E_h, exp. variance=0.1422 E_h^2, pmove=0.50
2026-06-08 17:31:15,094 - Step 00900: 247.7411 E_h, exp. variance=0.1371 E_h^2, pmove=0.50
2026-06-08 17:31:15,425 - Step 00901: 247.7483 E_h, exp. variance=0.1305 E_h^2, pmove=0.50
2026-06-08 17:31:15,755 - Step 00902: 247.7000 E_h, exp. variance=0.1256 E_h^2, pmove=0.51
2026-06-08 17:31:16,085 - Step 00903: 248.3039 E_h, exp. variance=0.1230 E_h^2, pmove=0.51
2026-06-08 17:31:16,415 - Step 00904: 247.8576 E_h, exp. variance=0.1126 E_h^2, pmove=0.51
2026-06-08 17:31:16,744 - Step 00905: 247.8370 E_h, exp. variance=0.1034 E_h^2, pmove=0.51
2026-06-08 17:31:17,070 - Step 00906: 247.7950 E_h, exp. variance=0.0960 E_h^2, pmove=0.50
2026-06-08 17:31:17,400 - Step 00907: 247.7438 E_h, exp. variance=0.0904 E_h^2, pmove=0.51
2026-06-08 17:31:17,729 - Step 00908: 247.8323 E_h, exp. variance=0.0823 E_h^2, pmove=0.50
2026-06-08 17:31:18,059 - Step 00909: 248.0739 E_h, exp. variance=0.0761 E_h^2, pmove=0.51
2026-06-08 17:31:18,387 - Step 00910: 248.0275 E_h, exp. variance=0.0692 E_h^2, pmove=0.51
2026-06-08 17:31:18,715 - Step 00911: 247.7945 E_h, exp. variance=0.0644 E_h^2, pmove=0.50
2026-06-08 17:31:19,045 - Step 00912: 248.2809 E_h, exp. variance=0.0689 E_h^2, pmove=0.50
2026-06-08 17:31:19,374 - Step 00913: 247.7946 E_h, exp. variance=0.0647 E_h^2, pmove=0.50
2026-06-08 17:31:19,701 - Step 00914: 247.7171 E_h, exp. variance=0.0631 E_h^2, pmove=0.51
2026-06-08 17:31:20,029 - Step 00915: 247.8703 E_h, exp. variance=0.0571 E_h^2, pmove=0.51
2026-06-08 17:31:20,356 - Step 00916: 247.8138 E_h, exp. variance=0.0524 E_h^2, pmove=0.50
2026-06-08 17:31:20,684 - Step 00917: 247.9768 E_h, exp. variance=0.0476 E_h^2, pmove=0.51
2026-06-08 17:31:21,013 - Step 00918: 247.7717 E_h, exp. variance=0.0447 E_h^2, pmove=0.50
2026-06-08 17:31:21,341 - Step 00919: 247.8367 E_h, exp. variance=0.0406 E_h^2, pmove=0.50
2026-06-08 17:31:21,669 - Step 00920: 248.0804 E_h, exp. variance=0.0396 E_h^2, pmove=0.51
2026-06-08 17:31:22,002 - Step 00921: 247.8798 E_h, exp. variance=0.0358 E_h^2, pmove=0.50
2026-06-08 17:31:22,333 - Step 00922: 248.0308 E_h, exp. variance=0.0335 E_h^2, pmove=0.51
2026-06-08 17:31:22,666 - Step 00923: 247.7980 E_h, exp. variance=0.0315 E_h^2, pmove=0.50
2026-06-08 17:31:22,995 - Step 00924: 247.5963 E_h, exp. variance=0.0373 E_h^2, pmove=0.50
2026-06-08 17:31:23,326 - Step 00925: 247.7657 E_h, exp. variance=0.0347 E_h^2, pmove=0.51
2026-06-08 17:31:23,655 - Step 00926: 247.8320 E_h, exp. variance=0.0314 E_h^2, pmove=0.50
2026-06-08 17:31:23,984 - Step 00927: 247.6817 E_h, exp. variance=0.0312 E_h^2, pmove=0.50
2026-06-08 17:31:24,315 - Step 00928: 248.9275 E_h, exp. variance=0.1334 E_h^2, pmove=0.51
2026-06-08 17:31:24,648 - Step 00929: 247.8348 E_h, exp. variance=0.1213 E_h^2, pmove=0.51
2026-06-08 17:31:24,977 - Step 00930: 247.9835 E_h, exp. variance=0.1093 E_h^2, pmove=0.51
2026-06-08 17:31:25,309 - Step 00931: 248.1066 E_h, exp. variance=0.1007 E_h^2, pmove=0.50
2026-06-08 17:31:25,639 - Step 00932: 247.7077 E_h, exp. variance=0.0965 E_h^2, pmove=0.51
2026-06-08 17:31:25,969 - Step 00933: 247.6144 E_h, exp. variance=0.0962 E_h^2, pmove=0.51
2026-06-08 17:31:26,297 - Step 00934: 247.3488 E_h, exp. variance=0.1144 E_h^2, pmove=0.50
2026-06-08 17:31:26,625 - Step 00935: 247.6535 E_h, exp. variance=0.1064 E_h^2, pmove=0.51
2026-06-08 17:31:26,954 - Step 00936: 247.7327 E_h, exp. variance=0.0966 E_h^2, pmove=0.50
2026-06-08 17:31:27,284 - Step 00937: 247.9811 E_h, exp. variance=0.0893 E_h^2, pmove=0.50
2026-06-08 17:31:27,613 - Step 00938: 248.2447 E_h, exp. variance=0.0954 E_h^2, pmove=0.50
2026-06-08 17:31:27,941 - Step 00939: 261.5125 E_h, exp. variance=16.8196 E_h^2, pmove=0.51
2026-06-08 17:31:28,268 - Step 00940: 248.0216 E_h, exp. variance=15.2713 E_h^2, pmove=0.50
2026-06-08 17:31:28,596 - Step 00941: 247.6975 E_h, exp. variance=13.9259 E_h^2, pmove=0.50
2026-06-08 17:31:28,925 - Step 00942: 248.1459 E_h, exp. variance=12.5954 E_h^2, pmove=0.51
2026-06-08 17:31:29,254 - Step 00943: 247.9110 E_h, exp. variance=11.4227 E_h^2, pmove=0.51
2026-06-08 17:31:29,584 - Step 00944: 248.4935 E_h, exp. variance=10.2886 E_h^2, pmove=0.50
2026-06-08 17:31:29,913 - Step 00945: 247.6908 E_h, exp. variance=9.3636 E_h^2, pmove=0.50
2026-06-08 17:31:30,243 - Step 00946: 248.6494 E_h, exp. variance=8.4272 E_h^2, pmove=0.51
2026-06-08 17:31:30,576 - Step 00947: 247.9384 E_h, exp. variance=7.6310 E_h^2, pmove=0.51
2026-06-08 17:31:30,909 - Step 00948: 247.5408 E_h, exp. variance=6.9660 E_h^2, pmove=0.50
2026-06-08 17:31:31,238 - Step 00949: 247.8352 E_h, exp. variance=6.3069 E_h^2, pmove=0.51
2026-06-08 17:31:31,567 - Step 00950: 247.7483 E_h, exp. variance=5.7163 E_h^2, pmove=0.50
2026-06-08 17:31:31,896 - Step 00951: 247.7756 E_h, exp. variance=5.1743 E_h^2, pmove=0.51
2026-06-08 17:31:32,223 - Step 00952: 247.7978 E_h, exp. variance=4.6788 E_h^2, pmove=0.51
2026-06-08 17:31:32,552 - Step 00953: 247.8348 E_h, exp. variance=4.2259 E_h^2, pmove=0.50
2026-06-08 17:31:32,880 - Step 00954: 247.8112 E_h, exp. variance=3.8170 E_h^2, pmove=0.50
2026-06-08 17:31:33,209 - Step 00955: 247.5116 E_h, exp. variance=3.4735 E_h^2, pmove=0.50
2026-06-08 17:31:33,542 - Step 00956: 255.0197 E_h, exp. variance=7.4386 E_h^2, pmove=0.51
2026-06-08 17:31:33,870 - Step 00957: 440.5543 E_h, exp. variance=3316.3245 E_h^2, pmove=0.50
2026-06-08 17:31:34,204 - Step 00958: 246.7443 E_h, exp. variance=3025.2251 E_h^2, pmove=0.50
2026-06-08 17:31:34,540 - Step 00959: 248.2917 E_h, exp. variance=2750.4299 E_h^2, pmove=0.51
2026-06-08 17:31:34,874 - Step 00960: 247.9180 E_h, exp. variance=2498.9214 E_h^2, pmove=0.50
2026-06-08 17:31:35,207 - Step 00961: 247.5451 E_h, exp. variance=2269.0815 E_h^2, pmove=0.50
2026-06-08 17:31:35,538 - Step 00962: 247.4357 E_h, exp. variance=2058.6814 E_h^2, pmove=0.51
2026-06-08 17:31:35,865 - Step 00963: 247.7197 E_h, exp. variance=1865.5687 E_h^2, pmove=0.51
2026-06-08 17:31:36,193 - Step 00964: 247.6755 E_h, exp. variance=1689.4293 E_h^2, pmove=0.51
2026-06-08 17:31:36,520 - Step 00965: 247.5809 E_h, exp. variance=1529.0902 E_h^2, pmove=0.51
2026-06-08 17:31:36,848 - Step 00966: 247.5323 E_h, exp. variance=1383.2274 E_h^2, pmove=0.51
2026-06-08 17:31:37,177 - Step 00967: 247.6861 E_h, exp. variance=1250.3938 E_h^2, pmove=0.50
2026-06-08 17:31:37,524 - Step 00968: 247.4967 E_h, exp. variance=1130.0435 E_h^2, pmove=0.50
2026-06-08 17:31:37,857 - Step 00969: 247.9642 E_h, exp. variance=1020.3102 E_h^2, pmove=0.51
2026-06-08 17:31:38,185 - Step 00970: 247.8367 E_h, exp. variance=921.0548 E_h^2, pmove=0.51
2026-06-08 17:31:38,518 - Step 00971: 247.7298 E_h, exp. variance=831.2949 E_h^2, pmove=0.51
2026-06-08 17:31:38,846 - Step 00972: 247.6817 E_h, exp. variance=750.1052 E_h^2, pmove=0.51
2026-06-08 17:31:39,178 - Step 00973: 247.7915 E_h, exp. variance=676.5844 E_h^2, pmove=0.51
2026-06-08 17:31:39,507 - Step 00974: 247.9295 E_h, exp. variance=610.0435 E_h^2, pmove=0.50
2026-06-08 17:31:39,837 - Step 00975: 248.1839 E_h, exp. variance=549.8049 E_h^2, pmove=0.50
2026-06-08 17:31:40,165 - Step 00976: 247.8896 E_h, exp. variance=495.5915 E_h^2, pmove=0.50
2026-06-08 17:31:40,493 - Step 00977: 248.0298 E_h, exp. variance=446.5892 E_h^2, pmove=0.50
2026-06-08 17:31:40,829 - Step 00978: 248.4977 E_h, exp. variance=402.2124 E_h^2, pmove=0.50
2026-06-08 17:31:41,157 - Step 00979: 317.6462 E_h, exp. variance=772.7206 E_h^2, pmove=0.50
2026-06-08 17:31:41,489 - Step 00980: 247.7018 E_h, exp. variance=702.9755 E_h^2, pmove=0.50
2026-06-08 17:31:41,818 - Step 00981: 247.8690 E_h, exp. variance=638.5295 E_h^2, pmove=0.51
2026-06-08 17:31:42,147 - Step 00982: 247.8609 E_h, exp. variance=579.4269 E_h^2, pmove=0.50
2026-06-08 17:31:42,477 - Step 00983: 247.8077 E_h, exp. variance=525.3949 E_h^2, pmove=0.51
2026-06-08 17:31:42,808 - Step 00984: 248.2851 E_h, exp. variance=475.5338 E_h^2, pmove=0.50
2026-06-08 17:31:43,144 - Step 00985: 247.8059 E_h, exp. variance=430.5941 E_h^2, pmove=0.50
2026-06-08 17:31:43,472 - Step 00986: 247.8860 E_h, exp. variance=389.5823 E_h^2, pmove=0.50
2026-06-08 17:31:43,804 - Step 00987: 248.4458 E_h, exp. variance=351.8783 E_h^2, pmove=0.50
2026-06-08 17:31:44,132 - Step 00988: 248.3762 E_h, exp. variance=317.7490 E_h^2, pmove=0.50
2026-06-08 17:31:44,461 - Step 00989: 248.2583 E_h, exp. variance=286.8982 E_h^2, pmove=0.50
2026-06-08 17:31:44,789 - Step 00990: 247.7560 E_h, exp. variance=259.2404 E_h^2, pmove=0.50
2026-06-08 17:31:45,120 - Step 00991: 247.7274 E_h, exp. variance=234.1680 E_h^2, pmove=0.50
2026-06-08 17:31:45,451 - Step 00992: 247.8646 E_h, exp. variance=211.3744 E_h^2, pmove=0.51
2026-06-08 17:31:45,779 - Step 00993: 248.0123 E_h, exp. variance=190.6807 E_h^2, pmove=0.50
2026-06-08 17:31:46,109 - Step 00994: 249.2828 E_h, exp. variance=171.6603 E_h^2, pmove=0.50
2026-06-08 17:31:46,439 - Step 00995: 247.5454 E_h, exp. variance=155.0095 E_h^2, pmove=0.51
2026-06-08 17:31:46,769 - Step 00996: 247.5188 E_h, exp. variance=139.9362 E_h^2, pmove=0.51
2026-06-08 17:31:47,098 - Step 00997: 247.5722 E_h, exp. variance=126.2704 E_h^2, pmove=0.50
2026-06-08 17:31:47,430 - Step 00998: 247.5621 E_h, exp. variance=113.9120 E_h^2, pmove=0.50
2026-06-08 17:31:47,760 - Step 00999: 247.7393 E_h, exp. variance=102.6916 E_h^2, pmove=0.51
2026-06-08 17:31:48,090 - Step 01000: 253.5462 E_h, exp. variance=94.2995 E_h^2, pmove=0.51
2026-06-08 17:31:48,418 - Step 01001: 247.5560 E_h, exp. variance=85.1877 E_h^2, pmove=0.50
2026-06-08 17:31:48,749 - Step 01002: 247.8617 E_h, exp. variance=76.8419 E_h^2, pmove=0.51
2026-06-08 17:31:49,080 - Step 01003: 247.7426 E_h, exp. variance=69.3258 E_h^2, pmove=0.50
2026-06-08 17:31:49,410 - Step 01004: 247.4796 E_h, exp. variance=62.5939 E_h^2, pmove=0.50
2026-06-08 17:31:49,738 - Step 01005: 247.4488 E_h, exp. variance=56.5045 E_h^2, pmove=0.51
2026-06-08 17:31:50,067 - Step 01006: 247.8003 E_h, exp. variance=50.9247 E_h^2, pmove=0.50
2026-06-08 17:31:50,395 - Step 01007: 247.6891 E_h, exp. variance=45.9064 E_h^2, pmove=0.51
2026-06-08 17:31:50,724 - Step 01008: 247.5856 E_h, exp. variance=41.3921 E_h^2, pmove=0.50
2026-06-08 17:31:51,056 - Step 01009: 247.4590 E_h, exp. variance=37.3351 E_h^2, pmove=0.50
2026-06-08 17:31:51,387 - Step 01010: 247.6737 E_h, exp. variance=33.6390 E_h^2, pmove=0.51
2026-06-08 17:31:51,716 - Step 01011: 247.6281 E_h, exp. variance=30.3104 E_h^2, pmove=0.50
2026-06-08 17:31:52,045 - Step 01012: 247.9373 E_h, exp. variance=27.2852 E_h^2, pmove=0.50
2026-06-08 17:31:52,376 - Step 01013: 247.5597 E_h, exp. variance=24.5898 E_h^2, pmove=0.51
2026-06-08 17:31:52,706 - Step 01014: 247.8027 E_h, exp. variance=22.1391 E_h^2, pmove=0.51
2026-06-08 17:31:53,036 - Step 01015: 247.6860 E_h, exp. variance=19.9388 E_h^2, pmove=0.50
2026-06-08 17:31:53,367 - Step 01016: 248.8188 E_h, exp. variance=18.0000 E_h^2, pmove=0.51
2026-06-08 17:31:53,697 - Step 01017: 247.9725 E_h, exp. variance=16.2018 E_h^2, pmove=0.50
2026-06-08 17:31:54,027 - Step 01018: 247.8723 E_h, exp. variance=14.5863 E_h^2, pmove=0.50
2026-06-08 17:31:54,357 - Step 01019: 248.2875 E_h, exp. variance=13.1317 E_h^2, pmove=0.50
2026-06-08 17:31:54,687 - Step 01020: 247.7702 E_h, exp. variance=11.8282 E_h^2, pmove=0.50
2026-06-08 17:31:55,017 - Step 01021: 247.3810 E_h, exp. variance=10.6876 E_h^2, pmove=0.50
2026-06-08 17:31:55,348 - Step 01022: 247.4634 E_h, exp. variance=9.6445 E_h^2, pmove=0.51
2026-06-08 17:31:55,676 - Step 01023: 247.5043 E_h, exp. variance=8.6974 E_h^2, pmove=0.51
2026-06-08 17:31:56,007 - Step 01024: 247.3534 E_h, exp. variance=7.8546 E_h^2, pmove=0.50
2026-06-08 17:31:56,340 - Step 01025: 248.3181 E_h, exp. variance=7.0892 E_h^2, pmove=0.52
2026-06-08 17:31:56,670 - Step 01026: 247.3664 E_h, exp. variance=6.4052 E_h^2, pmove=0.50
2026-06-08 17:31:57,001 - Step 01027: 247.2870 E_h, exp. variance=5.7922 E_h^2, pmove=0.50
2026-06-08 17:31:57,333 - Step 01028: 247.4831 E_h, exp. variance=5.2212 E_h^2, pmove=0.51
2026-06-08 17:31:57,664 - Step 01029: 247.3737 E_h, exp. variance=4.7121 E_h^2, pmove=0.50
2026-06-08 17:31:57,994 - Step 01030: 247.5775 E_h, exp. variance=4.2426 E_h^2, pmove=0.50
2026-06-08 17:31:58,328 - Step 01031: 247.4102 E_h, exp. variance=3.8261 E_h^2, pmove=0.50
2026-06-08 17:31:58,659 - Step 01032: 247.9230 E_h, exp. variance=3.4491 E_h^2, pmove=0.50
2026-06-08 17:31:58,989 - Step 01033: 248.0260 E_h, exp. variance=3.1138 E_h^2, pmove=0.50
2026-06-08 17:31:59,318 - Step 01034: 249.1925 E_h, exp. variance=2.9947 E_h^2, pmove=0.51
2026-06-08 17:31:59,649 - Step 01035: 247.8335 E_h, exp. variance=2.6954 E_h^2, pmove=0.50
2026-06-08 17:31:59,978 - Step 01036: 248.1320 E_h, exp. variance=2.4319 E_h^2, pmove=0.51
2026-06-08 17:32:00,308 - Step 01037: 248.8072 E_h, exp. variance=2.2630 E_h^2, pmove=0.50
2026-06-08 17:32:00,639 - Step 01038: 247.8933 E_h, exp. variance=2.0375 E_h^2, pmove=0.50
2026-06-08 17:32:00,968 - Step 01039: 248.8296 E_h, exp. variance=1.8987 E_h^2, pmove=0.50
2026-06-08 17:32:01,298 - Step 01040: 247.5241 E_h, exp. variance=1.7352 E_h^2, pmove=0.50
2026-06-08 17:32:01,629 - Step 01041: 247.6358 E_h, exp. variance=1.5743 E_h^2, pmove=0.50
2026-06-08 17:32:01,958 - Step 01042: 247.8559 E_h, exp. variance=1.4181 E_h^2, pmove=0.51
2026-06-08 17:32:02,288 - Step 01043: 247.6078 E_h, exp. variance=1.2876 E_h^2, pmove=0.51
2026-06-08 17:32:02,617 - Step 01044: 247.5211 E_h, exp. variance=1.1736 E_h^2, pmove=0.50
2026-06-08 17:32:02,947 - Step 01045: 247.7853 E_h, exp. variance=1.0571 E_h^2, pmove=0.51
2026-06-08 17:32:03,275 - Step 01046: 247.5943 E_h, exp. variance=0.9586 E_h^2, pmove=0.51
2026-06-08 17:32:03,603 - Step 01047: 247.7122 E_h, exp. variance=0.8643 E_h^2, pmove=0.51
2026-06-08 17:32:03,933 - Step 01048: 247.6016 E_h, exp. variance=0.7828 E_h^2, pmove=0.50
2026-06-08 17:32:04,261 - Step 01049: 248.2541 E_h, exp. variance=0.7222 E_h^2, pmove=0.51
2026-06-08 17:32:04,595 - Step 01050: 250.5167 E_h, exp. variance=1.2876 E_h^2, pmove=0.50
2026-06-08 17:32:04,926 - Step 01051: 247.6952 E_h, exp. variance=1.1751 E_h^2, pmove=0.50
2026-06-08 17:32:05,257 - Step 01052: 248.3853 E_h, exp. variance=1.0661 E_h^2, pmove=0.50
2026-06-08 17:32:05,589 - Step 01053: 248.5312 E_h, exp. variance=0.9755 E_h^2, pmove=0.51
2026-06-08 17:32:05,920 - Step 01054: 247.5584 E_h, exp. variance=0.9096 E_h^2, pmove=0.50
2026-06-08 17:32:06,258 - Step 01055: 247.4343 E_h, exp. variance=0.8576 E_h^2, pmove=0.50
2026-06-08 17:32:06,589 - Step 01056: 247.4368 E_h, exp. variance=0.8031 E_h^2, pmove=0.50
2026-06-08 17:32:06,918 - Step 01057: 247.3948 E_h, exp. variance=0.7523 E_h^2, pmove=0.51
2026-06-08 17:32:07,246 - Step 01058: 247.6328 E_h, exp. variance=0.6840 E_h^2, pmove=0.51
2026-06-08 17:32:07,580 - Step 01059: 247.7445 E_h, exp. variance=0.6173 E_h^2, pmove=0.50
2026-06-08 17:32:07,910 - Step 01060: 248.9739 E_h, exp. variance=0.6655 E_h^2, pmove=0.51
2026-06-08 17:32:08,241 - Step 01061: 248.1275 E_h, exp. variance=0.6010 E_h^2, pmove=0.50
2026-06-08 17:32:08,572 - Step 01062: 251.6651 E_h, exp. variance=1.7538 E_h^2, pmove=0.50
2026-06-08 17:32:08,901 - Step 01063: 248.7692 E_h, exp. variance=1.5934 E_h^2, pmove=0.50
2026-06-08 17:32:09,232 - Step 01064: 247.9118 E_h, exp. variance=1.4557 E_h^2, pmove=0.50
2026-06-08 17:32:09,567 - Step 01065: 247.6613 E_h, exp. variance=1.3532 E_h^2, pmove=0.50
2026-06-08 17:32:09,897 - Step 01066: 247.6359 E_h, exp. variance=1.2556 E_h^2, pmove=0.51
2026-06-08 17:32:10,229 - Step 01067: 247.4502 E_h, exp. variance=1.1833 E_h^2, pmove=0.50
2026-06-08 17:32:10,558 - Step 01068: 247.8147 E_h, exp. variance=1.0746 E_h^2, pmove=0.50
2026-06-08 17:32:10,888 - Step 01069: 247.6723 E_h, exp. variance=0.9843 E_h^2, pmove=0.50
2026-06-08 17:32:11,217 - Step 01070: 247.6195 E_h, exp. variance=0.9038 E_h^2, pmove=0.49
2026-06-08 17:32:11,547 - Step 01071: 247.5446 E_h, exp. variance=0.8338 E_h^2, pmove=0.50
2026-06-08 17:32:11,878 - Step 01072: 247.5632 E_h, exp. variance=0.7656 E_h^2, pmove=0.50
2026-06-08 17:32:12,211 - Step 01073: 247.6580 E_h, exp. variance=0.6958 E_h^2, pmove=0.49
2026-06-08 17:32:12,546 - Step 01074: 247.6195 E_h, exp. variance=0.6336 E_h^2, pmove=0.49
2026-06-08 17:32:12,877 - Step 01075: 247.5172 E_h, exp. variance=0.5818 E_h^2, pmove=0.50
2026-06-08 17:32:13,209 - Step 01076: 247.4761 E_h, exp. variance=0.5356 E_h^2, pmove=0.51
2026-06-08 17:32:13,539 - Step 01077: 247.4508 E_h, exp. variance=0.4933 E_h^2, pmove=0.50
2026-06-08 17:32:13,868 - Step 01078: 263.0369 E_h, exp. variance=21.4244 E_h^2, pmove=0.50
2026-06-08 17:32:14,196 - Step 01079: 247.9160 E_h, exp. variance=19.4533 E_h^2, pmove=0.50
2026-06-08 17:32:14,525 - Step 01080: 247.9637 E_h, exp. variance=17.6362 E_h^2, pmove=0.50
2026-06-08 17:32:14,857 - Step 01081: 247.6346 E_h, exp. variance=16.0499 E_h^2, pmove=0.50
2026-06-08 17:32:15,190 - Step 01082: 247.9415 E_h, exp. variance=14.5272 E_h^2, pmove=0.51
2026-06-08 17:32:15,521 - Step 01083: 247.4510 E_h, exp. variance=13.2388 E_h^2, pmove=0.50
2026-06-08 17:32:15,855 - Step 01084: 247.3613 E_h, exp. variance=12.0684 E_h^2, pmove=0.50
2026-06-08 17:32:16,190 - Step 01085: 247.4497 E_h, exp. variance=10.9679 E_h^2, pmove=0.50
2026-06-08 17:32:16,520 - Step 01086: 247.4220 E_h, exp. variance=9.9621 E_h^2, pmove=0.50
2026-06-08 17:32:16,853 - Step 01087: 247.4152 E_h, exp. variance=9.0408 E_h^2, pmove=0.51
2026-06-08 17:32:17,183 - Step 01088: 247.6118 E_h, exp. variance=8.1718 E_h^2, pmove=0.50
2026-06-08 17:32:17,512 - Step 01089: 247.4270 E_h, exp. variance=7.4048 E_h^2, pmove=0.51
2026-06-08 17:32:17,839 - Step 01090: 247.4966 E_h, exp. variance=6.6969 E_h^2, pmove=0.51
2026-06-08 17:32:18,169 - Step 01091: 247.3901 E_h, exp. variance=6.0651 E_h^2, pmove=0.51
2026-06-08 17:32:18,506 - Step 01092: 247.7470 E_h, exp. variance=5.4632 E_h^2, pmove=0.51
2026-06-08 17:32:18,846 - Step 01093: 247.3144 E_h, exp. variance=4.9534 E_h^2, pmove=0.50
2026-06-08 17:32:19,179 - Step 01094: 247.1660 E_h, exp. variance=4.5049 E_h^2, pmove=0.51
2026-06-08 17:32:19,510 - Step 01095: 247.1848 E_h, exp. variance=4.0902 E_h^2, pmove=0.51
2026-06-08 17:32:19,839 - Step 01096: 247.1854 E_h, exp. variance=3.7101 E_h^2, pmove=0.51
2026-06-08 17:32:20,173 - Step 01097: 247.1667 E_h, exp. variance=3.3643 E_h^2, pmove=0.50
2026-06-08 17:32:20,509 - Step 01098: 247.1343 E_h, exp. variance=3.0511 E_h^2, pmove=0.50
2026-06-08 17:32:20,841 - Step 01099: 247.2187 E_h, exp. variance=2.7585 E_h^2, pmove=0.50
2026-06-08 17:32:21,174 - Step 01100: 247.1602 E_h, exp. variance=2.4967 E_h^2, pmove=0.50
2026-06-08 17:32:21,505 - Step 01101: 247.3790 E_h, exp. variance=2.2487 E_h^2, pmove=0.51
2026-06-08 17:32:21,836 - Step 01102: 247.5994 E_h, exp. variance=2.0247 E_h^2, pmove=0.50
2026-06-08 17:32:22,168 - Step 01103: 247.7388 E_h, exp. variance=1.8268 E_h^2, pmove=0.50
2026-06-08 17:32:22,496 - Step 01104: 247.5026 E_h, exp. variance=1.6443 E_h^2, pmove=0.50
2026-06-08 17:32:22,828 - Step 01105: 247.5237 E_h, exp. variance=1.4798 E_h^2, pmove=0.50
2026-06-08 17:32:23,159 - Step 01106: 247.5998 E_h, exp. variance=1.3323 E_h^2, pmove=0.50
2026-06-08 17:32:23,492 - Step 01107: 247.7821 E_h, exp. variance=1.2045 E_h^2, pmove=0.50
2026-06-08 17:32:23,823 - Step 01108: 247.7544 E_h, exp. variance=1.0874 E_h^2, pmove=0.50
2026-06-08 17:32:24,153 - Step 01109: 247.6510 E_h, exp. variance=0.9791 E_h^2, pmove=0.50
2026-06-08 17:32:24,483 - Step 01110: 247.6595 E_h, exp. variance=0.8816 E_h^2, pmove=0.50
2026-06-08 17:32:24,814 - Step 01111: 247.4980 E_h, exp. variance=0.7943 E_h^2, pmove=0.51
2026-06-08 17:32:25,143 - Step 01112: 247.5145 E_h, exp. variance=0.7153 E_h^2, pmove=0.50
2026-06-08 17:32:25,476 - Step 01113: 247.5440 E_h, exp. variance=0.6439 E_h^2, pmove=0.51
2026-06-08 17:32:25,808 - Step 01114: 247.5991 E_h, exp. variance=0.5796 E_h^2, pmove=0.51
2026-06-08 17:32:26,142 - Step 01115: 247.4644 E_h, exp. variance=0.5228 E_h^2, pmove=0.51
2026-06-08 17:32:26,476 - Step 01116: 247.4015 E_h, exp. variance=0.4729 E_h^2, pmove=0.50
2026-06-08 17:32:26,811 - Step 01117: 247.2413 E_h, exp. variance=0.4342 E_h^2, pmove=0.50
2026-06-08 17:32:27,139 - Step 01118: 247.1140 E_h, exp. variance=0.4055 E_h^2, pmove=0.51
2026-06-08 17:32:27,468 - Step 01119: 247.1133 E_h, exp. variance=0.3769 E_h^2, pmove=0.50
2026-06-08 17:32:27,797 - Step 01120: 247.3436 E_h, exp. variance=0.3401 E_h^2, pmove=0.51
2026-06-08 17:32:28,129 - Step 01121: 247.2765 E_h, exp. variance=0.3083 E_h^2, pmove=0.50
2026-06-08 17:32:28,460 - Step 01122: 247.4789 E_h, exp. variance=0.2778 E_h^2, pmove=0.50
2026-06-08 17:32:28,792 - Step 01123: 247.4757 E_h, exp. variance=0.2503 E_h^2, pmove=0.50
2026-06-08 17:32:29,126 - Step 01124: 247.6150 E_h, exp. variance=0.2284 E_h^2, pmove=0.50
2026-06-08 17:32:29,457 - Step 01125: 247.4168 E_h, exp. variance=0.2056 E_h^2, pmove=0.50
2026-06-08 17:32:29,788 - Step 01126: 247.5873 E_h, exp. variance=0.1869 E_h^2, pmove=0.50
2026-06-08 17:32:30,118 - Step 01127: 247.3636 E_h, exp. variance=0.1690 E_h^2, pmove=0.50
2026-06-08 17:32:30,448 - Step 01128: 247.7345 E_h, exp. variance=0.1595 E_h^2, pmove=0.50
2026-06-08 17:32:30,778 - Step 01129: 247.2818 E_h, exp. variance=0.1470 E_h^2, pmove=0.50
2026-06-08 17:32:31,109 - Step 01130: 247.4533 E_h, exp. variance=0.1323 E_h^2, pmove=0.50
2026-06-08 17:32:31,440 - Step 01131: 247.2224 E_h, exp. variance=0.1240 E_h^2, pmove=0.51
2026-06-08 17:32:31,771 - Step 01132: 247.2507 E_h, exp. variance=0.1146 E_h^2, pmove=0.50
2026-06-08 17:32:32,101 - Step 01133: 247.1698 E_h, exp. variance=0.1086 E_h^2, pmove=0.50
2026-06-08 17:32:32,430 - Step 01134: 247.6271 E_h, exp. variance=0.1028 E_h^2, pmove=0.51
2026-06-08 17:32:32,760 - Step 01135: 249.6919 E_h, exp. variance=0.5593 E_h^2, pmove=0.51
2026-06-08 17:32:33,090 - Step 01136: 247.4288 E_h, exp. variance=0.5074 E_h^2, pmove=0.50
2026-06-08 17:32:33,420 - Step 01137: 247.3785 E_h, exp. variance=0.4620 E_h^2, pmove=0.51
2026-06-08 17:32:33,751 - Step 01138: 247.4545 E_h, exp. variance=0.4176 E_h^2, pmove=0.50
2026-06-08 17:32:34,080 - Step 01139: 247.7027 E_h, exp. variance=0.3771 E_h^2, pmove=0.50
2026-06-08 17:32:34,411 - Step 01140: 247.4488 E_h, exp. variance=0.3413 E_h^2, pmove=0.50
2026-06-08 17:32:34,740 - Step 01141: 247.3271 E_h, exp. variance=0.3130 E_h^2, pmove=0.51
2026-06-08 17:32:35,071 - Step 01142: 247.5404 E_h, exp. variance=0.2817 E_h^2, pmove=0.50
2026-06-08 17:32:35,406 - Step 01143: 247.4679 E_h, exp. variance=0.2542 E_h^2, pmove=0.51
2026-06-08 17:32:35,738 - Step 01144: 247.4933 E_h, exp. variance=0.2290 E_h^2, pmove=0.50
2026-06-08 17:32:36,069 - Step 01145: 247.3886 E_h, exp. variance=0.2081 E_h^2, pmove=0.50
2026-06-08 17:32:36,399 - Step 01146: 247.4707 E_h, exp. variance=0.1876 E_h^2, pmove=0.50
2026-06-08 17:32:36,729 - Step 01147: 247.7289 E_h, exp. variance=0.1728 E_h^2, pmove=0.50
2026-06-08 17:32:37,058 - Step 01148: 247.6152 E_h, exp. variance=0.1560 E_h^2, pmove=0.50
2026-06-08 17:32:37,390 - Step 01149: 247.4396 E_h, exp. variance=0.1415 E_h^2, pmove=0.50
2026-06-08 17:32:37,722 - Step 01150: 247.4578 E_h, exp. variance=0.1279 E_h^2, pmove=0.50
2026-06-08 17:32:38,052 - Step 01151: 247.5198 E_h, exp. variance=0.1151 E_h^2, pmove=0.50
2026-06-08 17:32:38,387 - Step 01152: 247.5250 E_h, exp. variance=0.1036 E_h^2, pmove=0.51
2026-06-08 17:32:38,719 - Step 01153: 247.6306 E_h, exp. variance=0.0942 E_h^2, pmove=0.50
2026-06-08 17:32:39,050 - Step 01154: 247.5438 E_h, exp. variance=0.0848 E_h^2, pmove=0.51
2026-06-08 17:32:39,380 - Step 01155: 247.3426 E_h, exp. variance=0.0797 E_h^2, pmove=0.51
2026-06-08 17:32:39,709 - Step 01156: 247.4879 E_h, exp. variance=0.0719 E_h^2, pmove=0.51
2026-06-08 17:32:40,040 - Step 01157: 247.5328 E_h, exp. variance=0.0647 E_h^2, pmove=0.50
2026-06-08 17:32:40,370 - Step 01158: 247.2747 E_h, exp. variance=0.0635 E_h^2, pmove=0.50
2026-06-08 17:32:40,699 - Step 01159: 247.8810 E_h, exp. variance=0.0707 E_h^2, pmove=0.51
2026-06-08 17:32:41,030 - Step 01160: 247.6796 E_h, exp. variance=0.0656 E_h^2, pmove=0.50
2026-06-08 17:32:41,375 - Step 01161: 248.3148 E_h, exp. variance=0.1121 E_h^2, pmove=0.50
2026-06-08 17:32:41,705 - Step 01162: 247.5396 E_h, exp. variance=0.1016 E_h^2, pmove=0.51
2026-06-08 17:32:42,039 - Step 01163: 247.3811 E_h, exp. variance=0.0963 E_h^2, pmove=0.50
2026-06-08 17:32:42,378 - Step 01164: 247.5722 E_h, exp. variance=0.0867 E_h^2, pmove=0.50
2026-06-08 17:32:42,707 - Step 01165: 247.6757 E_h, exp. variance=0.0787 E_h^2, pmove=0.50
2026-06-08 17:32:43,039 - Step 01166: 247.3729 E_h, exp. variance=0.0754 E_h^2, pmove=0.50
2026-06-08 17:32:43,371 - Step 01167: 247.0683 E_h, exp. variance=0.0911 E_h^2, pmove=0.50
2026-06-08 17:32:43,703 - Step 01168: 247.2882 E_h, exp. variance=0.0870 E_h^2, pmove=0.51
2026-06-08 17:32:44,036 - Step 01169: 247.6692 E_h, exp. variance=0.0808 E_h^2, pmove=0.51
2026-06-08 17:32:44,367 - Step 01170: 247.4011 E_h, exp. variance=0.0740 E_h^2, pmove=0.50
2026-06-08 17:32:44,698 - Step 01171: 247.9521 E_h, exp. variance=0.0845 E_h^2, pmove=0.51
2026-06-08 17:32:45,046 - Step 01172: 248.8799 E_h, exp. variance=0.2349 E_h^2, pmove=0.50
2026-06-08 17:32:45,406 - Step 01173: 252.2895 E_h, exp. variance=2.1205 E_h^2, pmove=0.50
2026-06-08 17:32:45,741 - Step 01174: 256.2597 E_h, exp. variance=7.8356 E_h^2, pmove=0.49
2026-06-08 17:32:46,071 - Step 01175: 247.1686 E_h, exp. variance=7.3395 E_h^2, pmove=0.50
2026-06-08 17:32:46,405 - Step 01176: 247.5470 E_h, exp. variance=6.7418 E_h^2, pmove=0.51
2026-06-08 17:32:46,741 - Step 01177: 250.7619 E_h, exp. variance=6.4674 E_h^2, pmove=0.50
2026-06-08 17:32:47,073 - Step 01178: 247.4285 E_h, exp. variance=6.0064 E_h^2, pmove=0.50
2026-06-08 17:32:47,410 - Step 01179: 247.5807 E_h, exp. variance=5.5229 E_h^2, pmove=0.50
2026-06-08 17:32:47,739 - Step 01180: 247.3602 E_h, exp. variance=5.1106 E_h^2, pmove=0.50
2026-06-08 17:32:48,068 - Step 01181: 247.9144 E_h, exp. variance=4.6286 E_h^2, pmove=0.51
2026-06-08 17:32:48,399 - Step 01182: 247.6623 E_h, exp. variance=4.2182 E_h^2, pmove=0.50
2026-06-08 17:32:48,729 - Step 01183: 247.5234 E_h, exp. variance=3.8578 E_h^2, pmove=0.51
2026-06-08 17:32:49,063 - Step 01184: 247.4983 E_h, exp. variance=3.5251 E_h^2, pmove=0.50
2026-06-08 17:32:49,402 - Step 01185: 247.3706 E_h, exp. variance=3.2330 E_h^2, pmove=0.51
2026-06-08 17:32:49,735 - Step 01186: 247.3526 E_h, exp. variance=2.9611 E_h^2, pmove=0.50
2026-06-08 17:32:50,070 - Step 01187: 247.5231 E_h, exp. variance=2.6884 E_h^2, pmove=0.50
2026-06-08 17:32:50,405 - Step 01188: 247.2950 E_h, exp. variance=2.4619 E_h^2, pmove=0.50
2026-06-08 17:32:50,737 - Step 01189: 247.2167 E_h, exp. variance=2.2594 E_h^2, pmove=0.50
2026-06-08 17:32:51,072 - Step 01190: 247.4863 E_h, exp. variance=2.0449 E_h^2, pmove=0.51
2026-06-08 17:32:51,406 - Step 01191: 247.3173 E_h, exp. variance=1.8620 E_h^2, pmove=0.50
2026-06-08 17:32:51,737 - Step 01192: 247.5782 E_h, exp. variance=1.6788 E_h^2, pmove=0.50
2026-06-08 17:32:52,067 - Step 01193: 247.4909 E_h, exp. variance=1.5165 E_h^2, pmove=0.50
2026-06-08 17:32:52,399 - Step 01194: 247.3909 E_h, exp. variance=1.3743 E_h^2, pmove=0.50
2026-06-08 17:32:52,732 - Step 01195: 247.4430 E_h, exp. variance=1.2421 E_h^2, pmove=0.50
2026-06-08 17:32:53,065 - Step 01196: 247.5313 E_h, exp. variance=1.1193 E_h^2, pmove=0.50
2026-06-08 17:32:53,399 - Step 01197: 247.4897 E_h, exp. variance=1.0096 E_h^2, pmove=0.50
2026-06-08 17:32:53,735 - Step 01198: 248.6440 E_h, exp. variance=1.0011 E_h^2, pmove=0.50
2026-06-08 17:32:54,068 - Step 01199: 247.1308 E_h, exp. variance=0.9335 E_h^2, pmove=0.50
2026-06-08 17:32:54,398 - Step 01200: 247.2751 E_h, exp. variance=0.8543 E_h^2, pmove=0.50
2026-06-08 17:32:54,729 - Step 01201: 247.3025 E_h, exp. variance=0.7787 E_h^2, pmove=0.51
2026-06-08 17:32:55,061 - Step 01202: 247.3967 E_h, exp. variance=0.7045 E_h^2, pmove=0.50
2026-06-08 17:32:55,395 - Step 01203: 247.4587 E_h, exp. variance=0.6353 E_h^2, pmove=0.50
2026-06-08 17:32:55,726 - Step 01204: 247.5115 E_h, exp. variance=0.5721 E_h^2, pmove=0.50
2026-06-08 17:32:56,056 - Step 01205: 307.5109 E_h, exp. variance=323.9693 E_h^2, pmove=0.50
2026-06-08 17:32:56,389 - Step 01206: 247.4715 E_h, exp. variance=294.9046 E_h^2, pmove=0.50
2026-06-08 17:32:56,725 - Step 01207: 247.4406 E_h, exp. variance=268.1439 E_h^2, pmove=0.50
2026-06-08 17:32:57,061 - Step 01208: 247.5122 E_h, exp. variance=243.4772 E_h^2, pmove=0.50
2026-06-08 17:32:57,393 - Step 01209: 249.0200 E_h, exp. variance=219.8804 E_h^2, pmove=0.51
2026-06-08 17:32:57,726 - Step 01210: 247.3963 E_h, exp. variance=199.4978 E_h^2, pmove=0.51
2026-06-08 17:32:58,057 - Step 01211: 247.2522 E_h, exp. variance=180.9489 E_h^2, pmove=0.51
2026-06-08 17:32:58,389 - Step 01212: 247.3586 E_h, exp. variance=163.9217 E_h^2, pmove=0.51
2026-06-08 17:32:58,719 - Step 01213: 247.3528 E_h, exp. variance=148.3976 E_h^2, pmove=0.50
2026-06-08 17:32:59,050 - Step 01214: 247.5701 E_h, exp. variance=134.1559 E_h^2, pmove=0.50
2026-06-08 17:32:59,380 - Step 01215: 247.4902 E_h, exp. variance=121.2586 E_h^2, pmove=0.50
2026-06-08 17:32:59,711 - Step 01216: 247.2886 E_h, exp. variance=109.6347 E_h^2, pmove=0.50
2026-06-08 17:33:00,045 - Step 01217: 247.2684 E_h, exp. variance=99.0856 E_h^2, pmove=0.51
2026-06-08 17:33:00,379 - Step 01218: 247.4717 E_h, exp. variance=89.4456 E_h^2, pmove=0.50
2026-06-08 17:33:00,711 - Step 01219: 247.2198 E_h, exp. variance=80.7949 E_h^2, pmove=0.50
2026-06-08 17:33:01,045 - Step 01220: 247.2653 E_h, exp. variance=72.9403 E_h^2, pmove=0.50
2026-06-08 17:33:01,378 - Step 01221: 247.2470 E_h, exp. variance=65.8331 E_h^2, pmove=0.50
2026-06-08 17:33:01,710 - Step 01222: 247.4694 E_h, exp. variance=59.3537 E_h^2, pmove=0.51
2026-06-08 17:33:02,041 - Step 01223: 247.3763 E_h, exp. variance=53.5195 E_h^2, pmove=0.50
2026-06-08 17:33:02,373 - Step 01224: 247.3867 E_h, exp. variance=48.2477 E_h^2, pmove=0.50
2026-06-08 17:33:02,705 - Step 01225: 247.4151 E_h, exp. variance=43.4835 E_h^2, pmove=0.50
2026-06-08 17:33:03,036 - Step 01226: 247.5018 E_h, exp. variance=39.1735 E_h^2, pmove=0.50
2026-06-08 17:33:03,367 - Step 01227: 247.4541 E_h, exp. variance=35.2924 E_h^2, pmove=0.51
2026-06-08 17:33:03,700 - Step 01228: 247.3700 E_h, exp. variance=31.8018 E_h^2, pmove=0.51
2026-06-08 17:33:04,032 - Step 01229: 247.8508 E_h, exp. variance=28.6227 E_h^2, pmove=0.51
2026-06-08 17:33:04,364 - Step 01230: 247.5938 E_h, exp. variance=25.7717 E_h^2, pmove=0.49
2026-06-08 17:33:04,697 - Step 01231: 247.8539 E_h, exp. variance=23.1949 E_h^2, pmove=0.51
2026-06-08 17:33:05,033 - Step 01232: 247.5085 E_h, exp. variance=20.8897 E_h^2, pmove=0.50
2026-06-08 17:33:05,364 - Step 01233: 248.8173 E_h, exp. variance=18.8819 E_h^2, pmove=0.50
2026-06-08 17:33:05,696 - Step 01234: 247.7704 E_h, exp. variance=16.9971 E_h^2, pmove=0.50
2026-06-08 17:33:06,027 - Step 01235: 247.3931 E_h, exp. variance=15.3246 E_h^2, pmove=0.49
2026-06-08 17:33:06,357 - Step 01236: 247.3468 E_h, exp. variance=13.8185 E_h^2, pmove=0.50
2026-06-08 17:33:06,688 - Step 01237: 247.4489 E_h, exp. variance=12.4500 E_h^2, pmove=0.50
2026-06-08 17:33:07,020 - Step 01238: 247.2152 E_h, exp. variance=11.2353 E_h^2, pmove=0.50
2026-06-08 17:33:07,354 - Step 01239: 247.4347 E_h, exp. variance=10.1201 E_h^2, pmove=0.51
2026-06-08 17:33:07,687 - Step 01240: 247.1568 E_h, exp. variance=9.1353 E_h^2, pmove=0.50
2026-06-08 17:33:08,018 - Step 01241: 247.5955 E_h, exp. variance=8.2221 E_h^2, pmove=0.50
2026-06-08 17:33:08,356 - Step 01242: 247.0580 E_h, exp. variance=7.4310 E_h^2, pmove=0.49
2026-06-08 17:33:08,691 - Step 01243: 247.6254 E_h, exp. variance=6.6881 E_h^2, pmove=0.51
2026-06-08 17:33:09,025 - Step 01244: 247.4723 E_h, exp. variance=6.0205 E_h^2, pmove=0.50
2026-06-08 17:33:09,358 - Step 01245: 247.4057 E_h, exp. variance=5.4212 E_h^2, pmove=0.51
2026-06-08 17:33:09,689 - Step 01246: 247.3019 E_h, exp. variance=4.8852 E_h^2, pmove=0.50
2026-06-08 17:33:10,021 - Step 01247: 247.2902 E_h, exp. variance=4.4021 E_h^2, pmove=0.50
2026-06-08 17:33:10,361 - Step 01248: 247.2479 E_h, exp. variance=3.9682 E_h^2, pmove=0.50
2026-06-08 17:33:10,693 - Step 01249: 247.1228 E_h, exp. variance=3.5832 E_h^2, pmove=0.51
2026-06-08 17:33:11,026 - Step 01250: 247.3454 E_h, exp. variance=3.2258 E_h^2, pmove=0.51
2026-06-08 17:33:11,358 - Step 01251: 247.0426 E_h, exp. variance=2.9173 E_h^2, pmove=0.50
2026-06-08 17:33:11,691 - Step 01252: 247.1015 E_h, exp. variance=2.6336 E_h^2, pmove=0.51
2026-06-08 17:33:12,021 - Step 01253: 247.2239 E_h, exp. variance=2.3721 E_h^2, pmove=0.51
2026-06-08 17:33:12,356 - Step 01254: 247.2390 E_h, exp. variance=2.1361 E_h^2, pmove=0.50
2026-06-08 17:33:12,687 - Step 01255: 247.5974 E_h, exp. variance=1.9283 E_h^2, pmove=0.50
2026-06-08 17:33:13,023 - Step 01256: 247.2036 E_h, exp. variance=1.7379 E_h^2, pmove=0.50
2026-06-08 17:33:13,359 - Step 01257: 247.4427 E_h, exp. variance=1.5649 E_h^2, pmove=0.51
2026-06-08 17:33:13,690 - Step 01258: 247.2374 E_h, exp. variance=1.4098 E_h^2, pmove=0.51
2026-06-08 17:33:14,020 - Step 01259: 247.4423 E_h, exp. variance=1.2696 E_h^2, pmove=0.50
2026-06-08 17:33:14,354 - Step 01260: 247.2584 E_h, exp. variance=1.1435 E_h^2, pmove=0.50
2026-06-08 17:33:14,687 - Step 01261: 247.7150 E_h, exp. variance=1.0413 E_h^2, pmove=0.50
2026-06-08 17:33:15,019 - Step 01262: 247.7943 E_h, exp. variance=0.9522 E_h^2, pmove=0.51
2026-06-08 17:33:15,357 - Step 01263: 247.6382 E_h, exp. variance=0.8611 E_h^2, pmove=0.50
2026-06-08 17:33:15,691 - Step 01264: 247.0712 E_h, exp. variance=0.7877 E_h^2, pmove=0.51
2026-06-08 17:33:16,021 - Step 01265: 247.2929 E_h, exp. variance=0.7101 E_h^2, pmove=0.50
2026-06-08 17:33:16,353 - Step 01266: 247.5054 E_h, exp. variance=0.6402 E_h^2, pmove=0.50
2026-06-08 17:33:16,685 - Step 01267: 247.3164 E_h, exp. variance=0.5769 E_h^2, pmove=0.50
2026-06-08 17:33:17,018 - Step 01268: 247.4056 E_h, exp. variance=0.5192 E_h^2, pmove=0.50
2026-06-08 17:33:17,350 - Step 01269: 247.2591 E_h, exp. variance=0.4691 E_h^2, pmove=0.50
2026-06-08 17:33:17,683 - Step 01270: 247.2201 E_h, exp. variance=0.4247 E_h^2, pmove=0.50
2026-06-08 17:33:18,014 - Step 01271: 247.2137 E_h, exp. variance=0.3844 E_h^2, pmove=0.51
2026-06-08 17:33:18,347 - Step 01272: 247.2771 E_h, exp. variance=0.3465 E_h^2, pmove=0.50
2026-06-08 17:33:18,680 - Step 01273: 247.7552 E_h, exp. variance=0.3269 E_h^2, pmove=0.51
2026-06-08 17:33:19,016 - Step 01274: 247.2827 E_h, exp. variance=0.2952 E_h^2, pmove=0.50
2026-06-08 17:33:19,351 - Step 01275: 247.2151 E_h, exp. variance=0.2680 E_h^2, pmove=0.50
2026-06-08 17:33:19,683 - Step 01276: 247.2859 E_h, exp. variance=0.2417 E_h^2, pmove=0.51
2026-06-08 17:33:20,016 - Step 01277: 248.2567 E_h, exp. variance=0.2910 E_h^2, pmove=0.51
2026-06-08 17:33:20,348 - Step 01278: 248.0806 E_h, exp. variance=0.2985 E_h^2, pmove=0.50
2026-06-08 17:33:20,680 - Step 01279: 247.4686 E_h, exp. variance=0.2688 E_h^2, pmove=0.50
2026-06-08 17:33:21,013 - Step 01280: 246.9702 E_h, exp. variance=0.2675 E_h^2, pmove=0.50
2026-06-08 17:33:21,344 - Step 01281: 247.3863 E_h, exp. variance=0.2411 E_h^2, pmove=0.51
2026-06-08 17:33:21,674 - Step 01282: 247.3164 E_h, exp. variance=0.2184 E_h^2, pmove=0.50
2026-06-08 17:33:22,008 - Step 01283: 249.6638 E_h, exp. variance=0.6453 E_h^2, pmove=0.51
2026-06-08 17:33:22,340 - Step 01284: 268.0876 E_h, exp. variance=38.1583 E_h^2, pmove=0.51
2026-06-08 17:33:22,675 - Step 01285: 247.2339 E_h, exp. variance=34.8887 E_h^2, pmove=0.50
2026-06-08 17:33:23,017 - Step 01286: 247.3929 E_h, exp. variance=31.7811 E_h^2, pmove=0.50
2026-06-08 17:33:23,351 - Step 01287: 247.2872 E_h, exp. variance=28.9481 E_h^2, pmove=0.51
2026-06-08 17:33:23,682 - Step 01288: 247.2355 E_h, exp. variance=26.3494 E_h^2, pmove=0.51
2026-06-08 17:33:24,014 - Step 01289: 247.3509 E_h, exp. variance=23.9217 E_h^2, pmove=0.50
2026-06-08 17:33:24,358 - Step 01290: 247.1597 E_h, exp. variance=21.7476 E_h^2, pmove=0.50
2026-06-08 17:33:24,689 - Step 01291: 247.3715 E_h, exp. variance=19.7001 E_h^2, pmove=0.51
2026-06-08 17:33:25,026 - Step 01292: 247.3672 E_h, exp. variance=17.8340 E_h^2, pmove=0.50
2026-06-08 17:33:25,360 - Step 01293: 247.3228 E_h, exp. variance=16.1427 E_h^2, pmove=0.50
2026-06-08 17:33:25,694 - Step 01294: 247.0074 E_h, exp. variance=14.6637 E_h^2, pmove=0.50
2026-06-08 17:33:26,030 - Step 01295: 247.2467 E_h, exp. variance=13.2645 E_h^2, pmove=0.50
2026-06-08 17:33:26,370 - Step 01296: 251.3100 E_h, exp. variance=12.9097 E_h^2, pmove=0.50
2026-06-08 17:33:26,705 - Step 01297: 247.4469 E_h, exp. variance=11.6926 E_h^2, pmove=0.49
2026-06-08 17:33:27,039 - Step 01298: 247.4304 E_h, exp. variance=10.5856 E_h^2, pmove=0.51
2026-06-08 17:33:27,374 - Step 01299: 247.3609 E_h, exp. variance=9.5873 E_h^2, pmove=0.50
2026-06-08 17:33:27,706 - Step 01300: 247.2493 E_h, exp. variance=8.6933 E_h^2, pmove=0.51
2026-06-08 17:33:28,039 - Step 01301: 247.2473 E_h, exp. variance=7.8766 E_h^2, pmove=0.51
2026-06-08 17:33:28,373 - Step 01302: 247.0568 E_h, exp. variance=7.1585 E_h^2, pmove=0.49
2026-06-08 17:33:28,704 - Step 01303: 254.7604 E_h, exp. variance=10.7430 E_h^2, pmove=0.51
2026-06-08 17:33:29,035 - Step 01304: 247.2862 E_h, exp. variance=9.8100 E_h^2, pmove=0.50
2026-06-08 17:33:29,369 - Step 01305: 249.5495 E_h, exp. variance=8.9451 E_h^2, pmove=0.51
2026-06-08 17:33:29,701 - Step 01306: 247.3581 E_h, exp. variance=8.1736 E_h^2, pmove=0.50
2026-06-08 17:33:30,036 - Step 01307: 247.3521 E_h, exp. variance=7.4571 E_h^2, pmove=0.50
2026-06-08 17:33:30,375 - Step 01308: 247.4383 E_h, exp. variance=6.7790 E_h^2, pmove=0.51
2026-06-08 17:33:30,707 - Step 01309: 247.2568 E_h, exp. variance=6.1842 E_h^2, pmove=0.49
2026-06-08 17:33:31,047 - Step 01310: 248.0474 E_h, exp. variance=5.5663 E_h^2, pmove=0.50
2026-06-08 17:33:31,381 - Step 01311: 247.6820 E_h, exp. variance=5.0265 E_h^2, pmove=0.50
2026-06-08 17:33:31,713 - Step 01312: 247.3784 E_h, exp. variance=4.5671 E_h^2, pmove=0.50
2026-06-08 17:33:32,045 - Step 01313: 247.2781 E_h, exp. variance=4.1575 E_h^2, pmove=0.51
2026-06-08 17:33:32,377 - Step 01314: 247.1609 E_h, exp. variance=3.7949 E_h^2, pmove=0.50
2026-06-08 17:33:32,712 - Step 01315: 247.1053 E_h, exp. variance=3.4657 E_h^2, pmove=0.51
2026-06-08 17:33:33,047 - Step 01316: 247.1717 E_h, exp. variance=3.1522 E_h^2, pmove=0.51
2026-06-08 17:33:33,381 - Step 01317: 247.1671 E_h, exp. variance=2.8642 E_h^2, pmove=0.50
2026-06-08 17:33:33,713 - Step 01318: 247.2152 E_h, exp. variance=2.5958 E_h^2, pmove=0.51
2026-06-08 17:33:34,045 - Step 01319: 247.2891 E_h, exp. variance=2.3459 E_h^2, pmove=0.50
2026-06-08 17:33:34,384 - Step 01320: 247.4441 E_h, exp. variance=2.1131 E_h^2, pmove=0.50
2026-06-08 17:33:34,720 - Step 01321: 247.1298 E_h, exp. variance=1.9193 E_h^2, pmove=0.50
2026-06-08 17:33:35,055 - Step 01322: 246.8804 E_h, exp. variance=1.7650 E_h^2, pmove=0.50
2026-06-08 17:33:35,388 - Step 01323: 247.0393 E_h, exp. variance=1.6045 E_h^2, pmove=0.50
2026-06-08 17:33:35,720 - Step 01324: 247.2895 E_h, exp. variance=1.4456 E_h^2, pmove=0.50
2026-06-08 17:33:36,052 - Step 01325: 247.0186 E_h, exp. variance=1.3146 E_h^2, pmove=0.50
2026-06-08 17:33:36,387 - Step 01326: 247.7284 E_h, exp. variance=1.1948 E_h^2, pmove=0.50
2026-06-08 17:33:36,721 - Step 01327: 247.0175 E_h, exp. variance=1.0888 E_h^2, pmove=0.50
2026-06-08 17:33:37,053 - Step 01328: 247.1378 E_h, exp. variance=0.9846 E_h^2, pmove=0.50
2026-06-08 17:33:37,390 - Step 01329: 254.3303 E_h, exp. variance=5.2807 E_h^2, pmove=0.50
2026-06-08 17:33:37,724 - Step 01330: 247.2922 E_h, exp. variance=4.8032 E_h^2, pmove=0.50
2026-06-08 17:33:38,059 - Step 01331: 247.4423 E_h, exp. variance=4.3476 E_h^2, pmove=0.51
2026-06-08 17:33:38,394 - Step 01332: 247.0665 E_h, exp. variance=3.9774 E_h^2, pmove=0.51
2026-06-08 17:33:38,734 - Step 01333: 247.3281 E_h, exp. variance=3.6023 E_h^2, pmove=0.50
2026-06-08 17:33:39,069 - Step 01334: 247.2223 E_h, exp. variance=3.2700 E_h^2, pmove=0.50
2026-06-08 17:33:39,405 - Step 01335: 248.3885 E_h, exp. variance=2.9828 E_h^2, pmove=0.50
2026-06-08 17:33:39,740 - Step 01336: 247.2674 E_h, exp. variance=2.7091 E_h^2, pmove=0.51
2026-06-08 17:33:40,082 - Step 01337: 247.2824 E_h, exp. variance=2.4568 E_h^2, pmove=0.50
2026-06-08 17:33:40,421 - Step 01338: 246.9976 E_h, exp. variance=2.2546 E_h^2, pmove=0.50
2026-06-08 17:33:40,757 - Step 01339: 247.1919 E_h, exp. variance=2.0458 E_h^2, pmove=0.51
2026-06-08 17:33:41,090 - Step 01340: 247.1391 E_h, exp. variance=1.8587 E_h^2, pmove=0.50
2026-06-08 17:33:41,424 - Step 01341: 247.1852 E_h, exp. variance=1.6839 E_h^2, pmove=0.50
2026-06-08 17:33:41,758 - Step 01342: 248.1641 E_h, exp. variance=1.5551 E_h^2, pmove=0.50
2026-06-08 17:33:42,094 - Step 01343: 247.3922 E_h, exp. variance=1.4024 E_h^2, pmove=0.50
2026-06-08 17:33:42,428 - Step 01344: 247.3406 E_h, exp. variance=1.2660 E_h^2, pmove=0.50
2026-06-08 17:33:42,766 - Step 01345: 247.4066 E_h, exp. variance=1.1408 E_h^2, pmove=0.49
2026-06-08 17:33:43,099 - Step 01346: 247.4194 E_h, exp. variance=1.0276 E_h^2, pmove=0.49
2026-06-08 17:33:43,433 - Step 01347: 247.3481 E_h, exp. variance=0.9271 E_h^2, pmove=0.50
2026-06-08 17:33:43,764 - Step 01348: 247.0631 E_h, exp. variance=0.8508 E_h^2, pmove=0.50
2026-06-08 17:33:44,096 - Step 01349: 247.2237 E_h, exp. variance=0.7703 E_h^2, pmove=0.50
2026-06-08 17:33:44,429 - Step 01350: 247.1609 E_h, exp. variance=0.6995 E_h^2, pmove=0.50
2026-06-08 17:33:44,762 - Step 01351: 247.1281 E_h, exp. variance=0.6362 E_h^2, pmove=0.50
2026-06-08 17:33:45,098 - Step 01352: 247.0814 E_h, exp. variance=0.5802 E_h^2, pmove=0.50
2026-06-08 17:33:45,429 - Step 01353: 246.9871 E_h, exp. variance=0.5336 E_h^2, pmove=0.50
2026-06-08 17:33:45,779 - Step 01354: 247.0508 E_h, exp. variance=0.4861 E_h^2, pmove=0.50
2026-06-08 17:33:46,111 - Step 01355: 247.0032 E_h, exp. variance=0.4445 E_h^2, pmove=0.50
2026-06-08 17:33:46,441 - Step 01356: 246.9753 E_h, exp. variance=0.4070 E_h^2, pmove=0.50
2026-06-08 17:33:46,774 - Step 01357: 246.9820 E_h, exp. variance=0.3717 E_h^2, pmove=0.50
2026-06-08 17:33:47,106 - Step 01358: 246.9367 E_h, exp. variance=0.3408 E_h^2, pmove=0.50
2026-06-08 17:33:47,445 - Step 01359: 246.9310 E_h, exp. variance=0.3121 E_h^2, pmove=0.50
2026-06-08 17:33:47,779 - Step 01360: 247.1848 E_h, exp. variance=0.2810 E_h^2, pmove=0.51
2026-06-08 17:33:48,111 - Step 01361: 246.9722 E_h, exp. variance=0.2559 E_h^2, pmove=0.50
2026-06-08 17:33:48,444 - Step 01362: 247.1946 E_h, exp. variance=0.2306 E_h^2, pmove=0.50
2026-06-08 17:33:48,778 - Step 01363: 247.3166 E_h, exp. variance=0.2103 E_h^2, pmove=0.50
2026-06-08 17:33:49,111 - Step 01364: 247.1050 E_h, exp. variance=0.1895 E_h^2, pmove=0.50
2026-06-08 17:33:49,445 - Step 01365: 247.0514 E_h, exp. variance=0.1715 E_h^2, pmove=0.51
2026-06-08 17:33:49,777 - Step 01366: 246.9019 E_h, exp. variance=0.1596 E_h^2, pmove=0.49
2026-06-08 17:33:50,111 - Step 01367: 247.0734 E_h, exp. variance=0.1439 E_h^2, pmove=0.50
2026-06-08 17:33:50,446 - Step 01368: 247.0401 E_h, exp. variance=0.1300 E_h^2, pmove=0.50
2026-06-08 17:33:50,788 - Step 01369: 247.1396 E_h, exp. variance=0.1171 E_h^2, pmove=0.50
2026-06-08 17:33:51,130 - Step 01370: 247.2438 E_h, exp. variance=0.1070 E_h^2, pmove=0.50
2026-06-08 17:33:51,466 - Step 01371: 247.2770 E_h, exp. variance=0.0984 E_h^2, pmove=0.50
2026-06-08 17:33:51,800 - Step 01372: 247.1021 E_h, exp. variance=0.0887 E_h^2, pmove=0.50
2026-06-08 17:33:52,134 - Step 01373: 246.9209 E_h, exp. variance=0.0839 E_h^2, pmove=0.50
2026-06-08 17:33:52,467 - Step 01374: 247.0419 E_h, exp. variance=0.0760 E_h^2, pmove=0.50
2026-06-08 17:33:52,803 - Step 01375: 247.2019 E_h, exp. variance=0.0692 E_h^2, pmove=0.50
2026-06-08 17:33:53,139 - Step 01376: 247.1657 E_h, exp. variance=0.0625 E_h^2, pmove=0.50
2026-06-08 17:33:53,474 - Step 01377: 247.2088 E_h, exp. variance=0.0570 E_h^2, pmove=0.50
2026-06-08 17:33:53,807 - Step 01378: 247.1234 E_h, exp. variance=0.0513 E_h^2, pmove=0.50
2026-06-08 17:33:54,142 - Step 01379: 247.2079 E_h, exp. variance=0.0467 E_h^2, pmove=0.50
2026-06-08 17:33:54,479 - Step 01380: 247.0688 E_h, exp. variance=0.0424 E_h^2, pmove=0.49
2026-06-08 17:33:54,816 - Step 01381: 247.3854 E_h, exp. variance=0.0441 E_h^2, pmove=0.50
2026-06-08 17:33:55,149 - Step 01382: 249.2250 E_h, exp. variance=0.4250 E_h^2, pmove=0.50
2026-06-08 17:33:55,481 - Step 01383: 248.8079 E_h, exp. variance=0.5704 E_h^2, pmove=0.51
2026-06-08 17:33:55,820 - Step 01384: 247.6129 E_h, exp. variance=0.5144 E_h^2, pmove=0.50
2026-06-08 17:33:56,151 - Step 01385: 248.3419 E_h, exp. variance=0.5241 E_h^2, pmove=0.50
2026-06-08 17:33:56,483 - Step 01386: 247.2208 E_h, exp. variance=0.4846 E_h^2, pmove=0.50
2026-06-08 17:33:56,815 - Step 01387: 247.5805 E_h, exp. variance=0.4362 E_h^2, pmove=0.50
2026-06-08 17:33:57,149 - Step 01388: 247.2518 E_h, exp. variance=0.4014 E_h^2, pmove=0.50
2026-06-08 17:33:57,481 - Step 01389: 247.1935 E_h, exp. variance=0.3716 E_h^2, pmove=0.51
2026-06-08 17:33:57,818 - Step 01390: 247.2834 E_h, exp. variance=0.3386 E_h^2, pmove=0.50
2026-06-08 17:33:58,151 - Step 01391: 247.1568 E_h, exp. variance=0.3140 E_h^2, pmove=0.51
2026-06-08 17:33:58,487 - Step 01392: 247.0174 E_h, exp. variance=0.2991 E_h^2, pmove=0.50
2026-06-08 17:33:58,824 - Step 01393: 247.0582 E_h, exp. variance=0.2798 E_h^2, pmove=0.51
2026-06-08 17:33:59,158 - Step 01394: 247.2001 E_h, exp. variance=0.2544 E_h^2, pmove=0.50
2026-06-08 17:33:59,491 - Step 01395: 247.0289 E_h, exp. variance=0.2383 E_h^2, pmove=0.51
2026-06-08 17:33:59,824 - Step 01396: 561.6746 E_h, exp. variance=8893.9600 E_h^2, pmove=0.50
2026-06-08 17:34:00,158 - Step 01397: 246.8527 E_h, exp. variance=8096.1597 E_h^2, pmove=0.50
2026-06-08 17:34:00,491 - Step 01398: 246.9592 E_h, exp. variance=7360.1870 E_h^2, pmove=0.51
2026-06-08 17:34:00,824 - Step 01399: 247.2885 E_h, exp. variance=6682.3032 E_h^2, pmove=0.51
2026-06-08 17:34:01,159 - Step 01400: 247.0632 E_h, exp. variance=6062.0942 E_h^2, pmove=0.51
2026-06-08 17:34:01,491 - Step 01401: 247.6156 E_h, exp. variance=5492.7427 E_h^2, pmove=0.51
2026-06-08 17:34:01,827 - Step 01402: 247.7950 E_h, exp. variance=4972.7378 E_h^2, pmove=0.50
2026-06-08 17:34:02,158 - Step 01403: 247.3272 E_h, exp. variance=4500.5586 E_h^2, pmove=0.50
2026-06-08 17:34:02,490 - Step 01404: 247.7161 E_h, exp. variance=4069.7910 E_h^2, pmove=0.51
2026-06-08 17:34:02,824 - Step 01405: 247.1886 E_h, exp. variance=3679.7114 E_h^2, pmove=0.50
2026-06-08 17:34:03,157 - Step 01406: 246.9742 E_h, exp. variance=3325.9089 E_h^2, pmove=0.50
2026-06-08 17:34:03,490 - Step 01407: 246.8855 E_h, exp. variance=3004.9758 E_h^2, pmove=0.50
2026-06-08 17:34:03,823 - Step 01408: 246.8466 E_h, exp. variance=2713.9927 E_h^2, pmove=0.51
2026-06-08 17:34:04,156 - Step 01409: 246.8809 E_h, exp. variance=2450.2432 E_h^2, pmove=0.50
2026-06-08 17:34:04,496 - Step 01410: 246.9195 E_h, exp. variance=2211.3574 E_h^2, pmove=0.50
2026-06-08 17:34:04,829 - Step 01411: 247.1162 E_h, exp. variance=1994.9343 E_h^2, pmove=0.50
2026-06-08 17:34:05,162 - Step 01412: 246.9138 E_h, exp. variance=1799.4991 E_h^2, pmove=0.50
2026-06-08 17:34:05,500 - Step 01413: 246.9699 E_h, exp. variance=1622.7756 E_h^2, pmove=0.51
2026-06-08 17:34:05,833 - Step 01414: 247.1903 E_h, exp. variance=1462.9021 E_h^2, pmove=0.50
2026-06-08 17:34:06,166 - Step 01415: 246.9454 E_h, exp. variance=1318.7695 E_h^2, pmove=0.50
2026-06-08 17:34:06,501 - Step 01416: 246.9956 E_h, exp. variance=1188.6007 E_h^2, pmove=0.50
2026-06-08 17:34:06,835 - Step 01417: 247.3315 E_h, exp. variance=1070.8973 E_h^2, pmove=0.51
2026-06-08 17:34:07,170 - Step 01418: 246.9056 E_h, exp. variance=965.0082 E_h^2, pmove=0.50
2026-06-08 17:34:07,505 - Step 01419: 247.0449 E_h, exp. variance=869.3992 E_h^2, pmove=0.50
2026-06-08 17:34:07,840 - Step 01420: 246.8915 E_h, exp. variance=783.2620 E_h^2, pmove=0.50
2026-06-08 17:34:08,175 - Step 01421: 247.4843 E_h, exp. variance=705.3307 E_h^2, pmove=0.51
2026-06-08 17:34:08,510 - Step 01422: 247.5385 E_h, exp. variance=635.0994 E_h^2, pmove=0.50
2026-06-08 17:34:08,846 - Step 01423: 247.5369 E_h, exp. variance=571.8344 E_h^2, pmove=0.50
2026-06-08 17:34:09,182 - Step 01424: 250.3932 E_h, exp. variance=514.8203 E_h^2, pmove=0.50
2026-06-08 17:34:09,522 - Step 01425: 247.6169 E_h, exp. variance=463.5522 E_h^2, pmove=0.50
2026-06-08 17:34:09,857 - Step 01426: 247.1014 E_h, exp. variance=417.5230 E_h^2, pmove=0.49
2026-06-08 17:34:10,190 - Step 01427: 247.1468 E_h, exp. variance=376.0210 E_h^2, pmove=0.50
2026-06-08 17:34:10,525 - Step 01428: 247.0876 E_h, exp. variance=338.6379 E_h^2, pmove=0.50
2026-06-08 17:34:10,860 - Step 01429: 246.9165 E_h, exp. variance=304.9974 E_h^2, pmove=0.50
2026-06-08 17:34:11,193 - Step 01430: 246.7844 E_h, exp. variance=274.7137 E_h^2, pmove=0.50
2026-06-08 17:34:11,532 - Step 01431: 246.8869 E_h, exp. variance=247.3927 E_h^2, pmove=0.50
2026-06-08 17:34:11,869 - Step 01432: 247.0634 E_h, exp. variance=222.7410 E_h^2, pmove=0.50
2026-06-08 17:34:12,206 - Step 01433: 247.1858 E_h, exp. variance=200.5196 E_h^2, pmove=0.50
2026-06-08 17:34:12,544 - Step 01434: 246.7268 E_h, exp. variance=180.5862 E_h^2, pmove=0.51
2026-06-08 17:34:12,878 - Step 01435: 246.9443 E_h, exp. variance=162.5875 E_h^2, pmove=0.51
2026-06-08 17:34:13,212 - Step 01436: 246.8816 E_h, exp. variance=146.3858 E_h^2, pmove=0.50
2026-06-08 17:34:13,549 - Step 01437: 246.9853 E_h, exp. variance=131.7811 E_h^2, pmove=0.51
2026-06-08 17:34:13,884 - Step 01438: 246.9828 E_h, exp. variance=118.6307 E_h^2, pmove=0.50
2026-06-08 17:34:14,219 - Step 01439: 247.1764 E_h, exp. variance=106.7760 E_h^2, pmove=0.50
2026-06-08 17:34:14,557 - Step 01440: 246.9302 E_h, exp. variance=96.1228 E_h^2, pmove=0.50
2026-06-08 17:34:14,895 - Step 01441: 247.3878 E_h, exp. variance=86.5106 E_h^2, pmove=0.50
2026-06-08 17:34:15,229 - Step 01442: 247.0395 E_h, exp. variance=77.8711 E_h^2, pmove=0.50
2026-06-08 17:34:15,565 - Step 01443: 246.9023 E_h, exp. variance=70.1030 E_h^2, pmove=0.51
2026-06-08 17:34:15,899 - Step 01444: 246.8295 E_h, exp. variance=63.1140 E_h^2, pmove=0.51
2026-06-08 17:34:16,233 - Step 01445: 247.0601 E_h, exp. variance=56.8065 E_h^2, pmove=0.50
2026-06-08 17:34:16,567 - Step 01446: 247.2808 E_h, exp. variance=51.1259 E_h^2, pmove=0.51
2026-06-08 17:34:16,902 - Step 01447: 247.6154 E_h, exp. variance=46.0254 E_h^2, pmove=0.50
2026-06-08 17:34:17,235 - Step 01448: 248.2362 E_h, exp. variance=41.5040 E_h^2, pmove=0.51
2026-06-08 17:34:17,570 - Step 01449: 247.3448 E_h, exp. variance=37.3537 E_h^2, pmove=0.50
2026-06-08 17:34:17,906 - Step 01450: 247.0256 E_h, exp. variance=33.6295 E_h^2, pmove=0.50
2026-06-08 17:34:18,239 - Step 01451: 247.3972 E_h, exp. variance=30.2668 E_h^2, pmove=0.50
2026-06-08 17:34:18,573 - Step 01452: 247.4995 E_h, exp. variance=27.2422 E_h^2, pmove=0.49
2026-06-08 17:34:18,908 - Step 01453: 247.2285 E_h, exp. variance=24.5196 E_h^2, pmove=0.50
2026-06-08 17:34:19,240 - Step 01454: 247.0072 E_h, exp. variance=22.0782 E_h^2, pmove=0.50
2026-06-08 17:34:19,581 - Step 01455: 247.1539 E_h, exp. variance=19.8727 E_h^2, pmove=0.51
2026-06-08 17:34:19,915 - Step 01456: 246.9158 E_h, exp. variance=17.8987 E_h^2, pmove=0.50
2026-06-08 17:34:20,248 - Step 01457: 247.0450 E_h, exp. variance=16.1130 E_h^2, pmove=0.51
2026-06-08 17:34:20,581 - Step 01458: 246.9454 E_h, exp. variance=14.5095 E_h^2, pmove=0.50
2026-06-08 17:34:20,914 - Step 01459: 247.1094 E_h, exp. variance=13.0595 E_h^2, pmove=0.51
2026-06-08 17:34:21,252 - Step 01460: 247.1341 E_h, exp. variance=11.7539 E_h^2, pmove=0.50
2026-06-08 17:34:22,130 - Step 01461: 247.4058 E_h, exp. variance=10.5826 E_h^2, pmove=0.51
2026-06-08 17:34:22,472 - Step 01462: 247.2256 E_h, exp. variance=9.5243 E_h^2, pmove=0.51
2026-06-08 17:34:22,807 - Step 01463: 246.9870 E_h, exp. variance=8.5766 E_h^2, pmove=0.50
2026-06-08 17:34:23,144 - Step 01464: 247.1861 E_h, exp. variance=7.7190 E_h^2, pmove=0.50
2026-06-08 17:34:23,479 - Step 01465: 248.0226 E_h, exp. variance=7.0091 E_h^2, pmove=0.50
2026-06-08 17:34:23,814 - Step 01466: 246.8070 E_h, exp. variance=6.3279 E_h^2, pmove=0.50
2026-06-08 17:34:24,147 - Step 01467: 246.8601 E_h, exp. variance=5.7073 E_h^2, pmove=0.51
2026-06-08 17:34:24,482 - Step 01468: 246.9409 E_h, exp. variance=5.1423 E_h^2, pmove=0.50
2026-06-08 17:34:24,815 - Step 01469: 247.0159 E_h, exp. variance=4.6301 E_h^2, pmove=0.50
2026-06-08 17:34:25,150 - Step 01470: 246.8873 E_h, exp. variance=4.1733 E_h^2, pmove=0.50
2026-06-08 17:34:25,488 - Step 01471: 247.7844 E_h, exp. variance=3.7951 E_h^2, pmove=0.50
2026-06-08 17:34:25,826 - Step 01472: 247.2231 E_h, exp. variance=3.4157 E_h^2, pmove=0.50
2026-06-08 17:34:26,160 - Step 01473: 246.8661 E_h, exp. variance=3.0838 E_h^2, pmove=0.51
2026-06-08 17:34:26,494 - Step 01474: 247.0421 E_h, exp. variance=2.7767 E_h^2, pmove=0.50
2026-06-08 17:34:26,831 - Step 01475: 247.1997 E_h, exp. variance=2.4993 E_h^2, pmove=0.51
2026-06-08 17:34:27,168 - Step 01476: 247.0777 E_h, exp. variance=2.2499 E_h^2, pmove=0.50
2026-06-08 17:34:27,504 - Step 01477: 247.2006 E_h, exp. variance=2.0252 E_h^2, pmove=0.50
2026-06-08 17:34:27,841 - Step 01478: 246.9534 E_h, exp. variance=1.8262 E_h^2, pmove=0.49
2026-06-08 17:34:28,178 - Step 01479: 246.9731 E_h, exp. variance=1.6459 E_h^2, pmove=0.51
2026-06-08 17:34:28,511 - Step 01480: 246.9775 E_h, exp. variance=1.4830 E_h^2, pmove=0.50
2026-06-08 17:34:28,845 - Step 01481: 247.1150 E_h, exp. variance=1.3347 E_h^2, pmove=0.50
2026-06-08 17:34:29,190 - Step 01482: 247.1517 E_h, exp. variance=1.2015 E_h^2, pmove=0.50
2026-06-08 17:34:29,529 - Step 01483: 247.0865 E_h, exp. variance=1.0814 E_h^2, pmove=0.49
2026-06-08 17:34:29,862 - Step 01484: 246.9659 E_h, exp. variance=0.9750 E_h^2, pmove=0.50
2026-06-08 17:34:30,199 - Step 01485: 246.9492 E_h, exp. variance=0.8793 E_h^2, pmove=0.50
2026-06-08 17:34:30,536 - Step 01486: 246.8086 E_h, exp. variance=0.7979 E_h^2, pmove=0.51
2026-06-08 17:34:30,869 - Step 01487: 246.9202 E_h, exp. variance=0.7197 E_h^2, pmove=0.50
2026-06-08 17:34:31,202 - Step 01488: 246.8938 E_h, exp. variance=0.6496 E_h^2, pmove=0.50
2026-06-08 17:34:31,539 - Step 01489: 246.9068 E_h, exp. variance=0.5859 E_h^2, pmove=0.49
2026-06-08 17:34:31,872 - Step 01490: 246.9774 E_h, exp. variance=0.5274 E_h^2, pmove=0.50
2026-06-08 17:34:32,206 - Step 01491: 246.9898 E_h, exp. variance=0.4747 E_h^2, pmove=0.51
2026-06-08 17:34:32,539 - Step 01492: 252.4718 E_h, exp. variance=3.1154 E_h^2, pmove=0.50
2026-06-08 17:34:32,872 - Step 01493: 247.9470 E_h, exp. variance=2.8179 E_h^2, pmove=0.51
2026-06-08 17:34:33,206 - Step 01494: 247.0500 E_h, exp. variance=2.5626 E_h^2, pmove=0.50
2026-06-08 17:34:33,539 - Step 01495: 247.0593 E_h, exp. variance=2.3269 E_h^2, pmove=0.50
2026-06-08 17:34:33,875 - Step 01496: 247.9329 E_h, exp. variance=2.1119 E_h^2, pmove=0.50
2026-06-08 17:34:34,211 - Step 01497: 247.1824 E_h, exp. variance=1.9118 E_h^2, pmove=0.51
2026-06-08 17:34:34,546 - Step 01498: 247.0031 E_h, exp. variance=1.7428 E_h^2, pmove=0.51
2026-06-08 17:34:34,901 - Step 01499: 247.0847 E_h, exp. variance=1.5805 E_h^2, pmove=0.50
2026-06-08 17:34:35,238 - Step 01500: 246.7781 E_h, exp. variance=1.4588 E_h^2, pmove=0.49
2026-06-08 17:34:35,572 - Step 01501: 246.8232 E_h, exp. variance=1.3379 E_h^2, pmove=0.51
2026-06-08 17:34:35,909 - Step 01502: 246.8566 E_h, exp. variance=1.2215 E_h^2, pmove=0.50
2026-06-08 17:34:36,241 - Step 01503: 246.9623 E_h, exp. variance=1.1070 E_h^2, pmove=0.50
2026-06-08 17:34:36,575 - Step 01504: 246.8976 E_h, exp. variance=1.0059 E_h^2, pmove=0.51
2026-06-08 17:34:36,909 - Step 01505: 246.8007 E_h, exp. variance=0.9190 E_h^2, pmove=0.51
2026-06-08 17:34:37,246 - Step 01506: 247.1953 E_h, exp. variance=0.8273 E_h^2, pmove=0.51
2026-06-08 17:34:37,579 - Step 01507: 247.1601 E_h, exp. variance=0.7446 E_h^2, pmove=0.50
2026-06-08 17:34:37,912 - Step 01508: 247.0294 E_h, exp. variance=0.6716 E_h^2, pmove=0.50
2026-06-08 17:34:38,251 - Step 01509: 246.8437 E_h, exp. variance=0.6125 E_h^2, pmove=0.50
2026-06-08 17:34:38,588 - Step 01510: 246.7324 E_h, exp. variance=0.5644 E_h^2, pmove=0.50
2026-06-08 17:34:38,923 - Step 01511: 246.7740 E_h, exp. variance=0.5162 E_h^2, pmove=0.50
2026-06-08 17:34:39,260 - Step 01512: 247.1375 E_h, exp. variance=0.4653 E_h^2, pmove=0.50
2026-06-08 17:34:39,604 - Step 01513: 246.8824 E_h, exp. variance=0.4215 E_h^2, pmove=0.50
2026-06-08 17:34:39,943 - Step 01514: 246.9158 E_h, exp. variance=0.3806 E_h^2, pmove=0.51
2026-06-08 17:34:40,277 - Step 01515: 247.1165 E_h, exp. variance=0.3433 E_h^2, pmove=0.50
2026-06-08 17:34:40,611 - Step 01516: 246.9875 E_h, exp. variance=0.3092 E_h^2, pmove=0.50
2026-06-08 17:34:40,945 - Step 01517: 246.9201 E_h, exp. variance=0.2794 E_h^2, pmove=0.50
2026-06-08 17:34:41,280 - Step 01518: 246.9288 E_h, exp. variance=0.2522 E_h^2, pmove=0.50
2026-06-08 17:34:41,614 - Step 01519: 247.0323 E_h, exp. variance=0.2270 E_h^2, pmove=0.50
2026-06-08 17:34:41,947 - Step 01520: 252.0355 E_h, exp. variance=2.4753 E_h^2, pmove=0.50
2026-06-08 17:34:42,290 - Step 01521: 247.2826 E_h, exp. variance=2.2327 E_h^2, pmove=0.50
2026-06-08 17:34:42,624 - Step 01522: 247.1459 E_h, exp. variance=2.0201 E_h^2, pmove=0.50
2026-06-08 17:34:42,959 - Step 01523: 246.9841 E_h, exp. variance=1.8382 E_h^2, pmove=0.49
2026-06-08 17:34:43,293 - Step 01524: 247.1896 E_h, exp. variance=1.6587 E_h^2, pmove=0.49
2026-06-08 17:34:43,627 - Step 01525: 247.1432 E_h, exp. variance=1.4982 E_h^2, pmove=0.50
2026-06-08 17:34:43,960 - Step 01526: 247.0922 E_h, exp. variance=1.3550 E_h^2, pmove=0.50
2026-06-08 17:34:44,294 - Step 01527: 246.9466 E_h, exp. variance=1.2332 E_h^2, pmove=0.50
2026-06-08 17:34:44,629 - Step 01528: 246.8173 E_h, exp. variance=1.1306 E_h^2, pmove=0.51
2026-06-08 17:34:44,965 - Step 01529: 246.7932 E_h, exp. variance=1.0362 E_h^2, pmove=0.50
2026-06-08 17:34:45,300 - Step 01530: 246.7848 E_h, exp. variance=0.9484 E_h^2, pmove=0.50
2026-06-08 17:34:45,636 - Step 01531: 246.7964 E_h, exp. variance=0.8655 E_h^2, pmove=0.51
2026-06-08 17:34:45,970 - Step 01532: 246.9348 E_h, exp. variance=0.7822 E_h^2, pmove=0.50
2026-06-08 17:34:46,304 - Step 01533: 247.0896 E_h, exp. variance=0.7040 E_h^2, pmove=0.50
2026-06-08 17:34:46,640 - Step 01534: 246.9855 E_h, exp. variance=0.6349 E_h^2, pmove=0.50
2026-06-08 17:34:46,976 - Step 01535: 247.0942 E_h, exp. variance=0.5714 E_h^2, pmove=0.50
2026-06-08 17:34:47,309 - Step 01536: 246.8171 E_h, exp. variance=0.5211 E_h^2, pmove=0.50
2026-06-08 17:34:47,644 - Step 01537: 246.8301 E_h, exp. variance=0.4740 E_h^2, pmove=0.49
2026-06-08 17:34:47,983 - Step 01538: 246.9545 E_h, exp. variance=0.4273 E_h^2, pmove=0.50
2026-06-08 17:34:48,316 - Step 01539: 246.8260 E_h, exp. variance=0.3884 E_h^2, pmove=0.50
2026-06-08 17:34:48,650 - Step 01540: 246.7812 E_h, exp. variance=0.3543 E_h^2, pmove=0.50
2026-06-08 17:34:48,984 - Step 01541: 246.7455 E_h, exp. variance=0.3243 E_h^2, pmove=0.51
2026-06-08 17:34:49,318 - Step 01542: 246.6922 E_h, exp. variance=0.2985 E_h^2, pmove=0.50
2026-06-08 17:34:49,652 - Step 01543: 246.6638 E_h, exp. variance=0.2754 E_h^2, pmove=0.51
2026-06-08 17:34:49,986 - Step 01544: 246.6610 E_h, exp. variance=0.2535 E_h^2, pmove=0.50
2026-06-08 17:34:50,320 - Step 01545: 246.9079 E_h, exp. variance=0.2282 E_h^2, pmove=0.50
2026-06-08 17:34:50,665 - Step 01546: 246.6355 E_h, exp. variance=0.2111 E_h^2, pmove=0.50
2026-06-08 17:34:51,002 - Step 01547: 246.7648 E_h, exp. variance=0.1908 E_h^2, pmove=0.51
2026-06-08 17:34:51,341 - Step 01548: 246.6782 E_h, exp. variance=0.1745 E_h^2, pmove=0.50
2026-06-08 17:34:51,679 - Step 01549: 247.2691 E_h, exp. variance=0.1740 E_h^2, pmove=0.50
2026-06-08 17:34:52,018 - Step 01550: 246.9413 E_h, exp. variance=0.1569 E_h^2, pmove=0.50
2026-06-08 17:34:52,360 - Step 01551: 247.2723 E_h, exp. variance=0.1547 E_h^2, pmove=0.50
2026-06-08 17:34:52,701 - Step 01552: 246.9458 E_h, exp. variance=0.1393 E_h^2, pmove=0.51
2026-06-08 17:34:53,039 - Step 01553: 247.0103 E_h, exp. variance=0.1260 E_h^2, pmove=0.50
2026-06-08 17:34:53,381 - Step 01554: 246.8462 E_h, exp. variance=0.1141 E_h^2, pmove=0.51
2026-06-08 17:34:53,721 - Step 01555: 246.8465 E_h, exp. variance=0.1033 E_h^2, pmove=0.51
2026-06-08 17:34:54,061 - Step 01556: 246.9539 E_h, exp. variance=0.0931 E_h^2, pmove=0.50
2026-06-08 17:34:54,400 - Step 01557: 246.7303 E_h, exp. variance=0.0870 E_h^2, pmove=0.50
2026-06-08 17:34:54,739 - Step 01558: 246.8496 E_h, exp. variance=0.0786 E_h^2, pmove=0.50
2026-06-08 17:34:55,077 - Step 01559: 247.0414 E_h, exp. variance=0.0726 E_h^2, pmove=0.50
2026-06-08 17:34:55,416 - Step 01560: 246.8658 E_h, exp. variance=0.0655 E_h^2, pmove=0.50
2026-06-08 17:34:55,755 - Step 01561: 246.8960 E_h, exp. variance=0.0590 E_h^2, pmove=0.51
2026-06-08 17:34:56,097 - Step 01562: 246.8139 E_h, exp. variance=0.0538 E_h^2, pmove=0.50
2026-06-08 17:34:56,437 - Step 01563: 247.0240 E_h, exp. variance=0.0499 E_h^2, pmove=0.50
2026-06-08 17:34:56,778 - Step 01564: 246.8165 E_h, exp. variance=0.0457 E_h^2, pmove=0.50
2026-06-08 17:34:57,120 - Step 01565: 246.7973 E_h, exp. variance=0.0421 E_h^2, pmove=0.50
2026-06-08 17:34:57,461 - Step 01566: 246.8445 E_h, exp. variance=0.0381 E_h^2, pmove=0.50
2026-06-08 17:34:57,801 - Step 01567: 247.0125 E_h, exp. variance=0.0357 E_h^2, pmove=0.50
2026-06-08 17:34:58,139 - Step 01568: 246.8378 E_h, exp. variance=0.0325 E_h^2, pmove=0.51
2026-06-08 17:34:58,478 - Step 01569: 246.7299 E_h, exp. variance=0.0316 E_h^2, pmove=0.50
2026-06-08 17:34:58,848 - Step 01570: 246.8027 E_h, exp. variance=0.0289 E_h^2, pmove=0.50
2026-06-08 17:34:59,191 - Step 01571: 246.8603 E_h, exp. variance=0.0260 E_h^2, pmove=0.51
2026-06-08 17:34:59,529 - Step 01572: 246.8105 E_h, exp. variance=0.0237 E_h^2, pmove=0.50
2026-06-08 17:34:59,867 - Step 01573: 246.8226 E_h, exp. variance=0.0215 E_h^2, pmove=0.51
2026-06-08 17:35:00,211 - Step 01574: 247.1030 E_h, exp. variance=0.0247 E_h^2, pmove=0.50
2026-06-08 17:35:00,556 - Step 01575: 246.9616 E_h, exp. variance=0.0228 E_h^2, pmove=0.50
2026-06-08 17:35:00,893 - Step 01576: 246.6347 E_h, exp. variance=0.0264 E_h^2, pmove=0.50
2026-06-08 17:35:01,232 - Step 01577: 246.9359 E_h, exp. variance=0.0242 E_h^2, pmove=0.50
2026-06-08 17:35:01,571 - Step 01578: 246.8473 E_h, exp. variance=0.0219 E_h^2, pmove=0.49
2026-06-08 17:35:01,911 - Step 01579: 246.8974 E_h, exp. variance=0.0198 E_h^2, pmove=0.50
2026-06-08 17:35:02,247 - Step 01580: 246.9517 E_h, exp. variance=0.0183 E_h^2, pmove=0.50
2026-06-08 17:35:02,585 - Step 01581: 247.2394 E_h, exp. variance=0.0281 E_h^2, pmove=0.50
2026-06-08 17:35:02,921 - Step 01582: 247.2806 E_h, exp. variance=0.0373 E_h^2, pmove=0.50
2026-06-08 17:35:03,261 - Step 01583: 247.3281 E_h, exp. variance=0.0462 E_h^2, pmove=0.50
2026-06-08 17:35:03,597 - Step 01584: 247.9279 E_h, exp. variance=0.1208 E_h^2, pmove=0.50
2026-06-08 17:35:03,938 - Step 01585: 247.2063 E_h, exp. variance=0.1100 E_h^2, pmove=0.51
2026-06-08 17:35:04,276 - Step 01586: 246.7881 E_h, exp. variance=0.1076 E_h^2, pmove=0.49
2026-06-08 17:35:04,623 - Step 01587: 246.8428 E_h, exp. variance=0.1013 E_h^2, pmove=0.50
2026-06-08 17:35:04,963 - Step 01588: 246.9146 E_h, exp. variance=0.0926 E_h^2, pmove=0.50
2026-06-08 17:35:05,304 - Step 01589: 247.0859 E_h, exp. variance=0.0836 E_h^2, pmove=0.50
2026-06-08 17:35:05,641 - Step 01590: 246.8821 E_h, exp. variance=0.0774 E_h^2, pmove=0.50
2026-06-08 17:35:05,979 - Step 01591: 247.0175 E_h, exp. variance=0.0697 E_h^2, pmove=0.50
2026-06-08 17:35:06,316 - Step 01592: 246.8500 E_h, exp. variance=0.0653 E_h^2, pmove=0.50
2026-06-08 17:35:06,652 - Step 01593: 246.9138 E_h, exp. variance=0.0595 E_h^2, pmove=0.51
2026-06-08 17:35:06,990 - Step 01594: 246.8328 E_h, exp. variance=0.0559 E_h^2, pmove=0.50
2026-06-08 17:35:07,327 - Step 01595: 246.9106 E_h, exp. variance=0.0507 E_h^2, pmove=0.51
2026-06-08 17:35:07,669 - Step 01596: 246.9803 E_h, exp. variance=0.0456 E_h^2, pmove=0.50
2026-06-08 17:35:08,006 - Step 01597: 246.9033 E_h, exp. variance=0.0415 E_h^2, pmove=0.50
2026-06-08 17:35:08,345 - Step 01598: 246.6710 E_h, exp. variance=0.0452 E_h^2, pmove=0.51
2026-06-08 17:35:08,682 - Step 01599: 246.6819 E_h, exp. variance=0.0464 E_h^2, pmove=0.51
2026-06-08 17:35:09,019 - Step 01600: 246.7513 E_h, exp. variance=0.0441 E_h^2, pmove=0.50
2026-06-08 17:35:09,356 - Step 01601: 246.8181 E_h, exp. variance=0.0402 E_h^2, pmove=0.50
2026-06-08 17:35:09,696 - Step 01602: 247.0634 E_h, exp. variance=0.0390 E_h^2, pmove=0.50
2026-06-08 17:35:10,035 - Step 01603: 247.0770 E_h, exp. variance=0.0378 E_h^2, pmove=0.51
2026-06-08 17:35:10,372 - Step 01604: 248.2430 E_h, exp. variance=0.1911 E_h^2, pmove=0.50
2026-06-08 17:35:10,718 - Step 01605: 278.4525 E_h, exp. variance=88.9003 E_h^2, pmove=0.50
2026-06-08 17:35:11,060 - Step 01606: 246.2996 E_h, exp. variance=81.3751 E_h^2, pmove=0.49
2026-06-08 17:35:11,404 - Step 01607: 246.8385 E_h, exp. variance=74.0293 E_h^2, pmove=0.50
2026-06-08 17:35:11,743 - Step 01608: 246.8156 E_h, exp. variance=67.2787 E_h^2, pmove=0.50
2026-06-08 17:35:12,080 - Step 01609: 246.9306 E_h, exp. variance=61.0302 E_h^2, pmove=0.51
2026-06-08 17:35:12,420 - Step 01610: 247.2849 E_h, exp. variance=55.1944 E_h^2, pmove=0.51
2026-06-08 17:35:12,765 - Step 01611: 246.9755 E_h, exp. variance=49.9863 E_h^2, pmove=0.50
2026-06-08 17:35:13,105 - Step 01612: 246.7849 E_h, exp. variance=45.3006 E_h^2, pmove=0.50
2026-06-08 17:35:13,446 - Step 01613: 246.8492 E_h, exp. variance=41.0049 E_h^2, pmove=0.50
2026-06-08 17:35:13,786 - Step 01614: 246.8271 E_h, exp. variance=37.1001 E_h^2, pmove=0.50
2026-06-08 17:35:14,127 - Step 01615: 246.8308 E_h, exp. variance=33.5477 E_h^2, pmove=0.50
2026-06-08 17:35:14,466 - Step 01616: 246.7721 E_h, exp. variance=30.3335 E_h^2, pmove=0.49
2026-06-08 17:35:14,807 - Step 01617: 246.8955 E_h, exp. variance=27.3904 E_h^2, pmove=0.50
2026-06-08 17:35:15,148 - Step 01618: 247.0537 E_h, exp. variance=24.7011 E_h^2, pmove=0.50
2026-06-08 17:35:15,490 - Step 01619: 246.8917 E_h, exp. variance=22.2931 E_h^2, pmove=0.50
2026-06-08 17:35:15,831 - Step 01620: 246.7701 E_h, exp. variance=20.1318 E_h^2, pmove=0.50
2026-06-08 17:35:16,169 - Step 01621: 247.0478 E_h, exp. variance=18.1415 E_h^2, pmove=0.51
2026-06-08 17:35:16,508 - Step 01622: 247.1913 E_h, exp. variance=16.3360 E_h^2, pmove=0.50
2026-06-08 17:35:16,847 - Step 01623: 246.9403 E_h, exp. variance=14.7278 E_h^2, pmove=0.50
2026-06-08 17:35:17,185 - Step 01624: 246.8326 E_h, exp. variance=13.2858 E_h^2, pmove=0.50
2026-06-08 17:35:17,525 - Step 01625: 246.8620 E_h, exp. variance=11.9795 E_h^2, pmove=0.50
2026-06-08 17:35:17,863 - Step 01626: 247.0286 E_h, exp. variance=10.7887 E_h^2, pmove=0.50
2026-06-08 17:35:18,201 - Step 01627: 246.7276 E_h, exp. variance=9.7374 E_h^2, pmove=0.50
2026-06-08 17:35:18,540 - Step 01628: 247.0297 E_h, exp. variance=8.7671 E_h^2, pmove=0.50
2026-06-08 17:35:18,883 - Step 01629: 246.6420 E_h, exp. variance=7.9191 E_h^2, pmove=0.51
2026-06-08 17:35:19,232 - Step 01630: 246.7394 E_h, exp. variance=7.1424 E_h^2, pmove=0.51
2026-06-08 17:35:19,569 - Step 01631: 246.6863 E_h, exp. variance=6.4442 E_h^2, pmove=0.50
2026-06-08 17:35:19,908 - Step 01632: 247.1297 E_h, exp. variance=5.8001 E_h^2, pmove=0.50
2026-06-08 17:35:20,245 - Step 01633: 246.8508 E_h, exp. variance=5.2246 E_h^2, pmove=0.50
2026-06-08 17:35:20,582 - Step 01634: 246.9135 E_h, exp. variance=4.7038 E_h^2, pmove=0.50
2026-06-08 17:35:20,922 - Step 01635: 246.9895 E_h, exp. variance=4.2336 E_h^2, pmove=0.50
2026-06-08 17:35:21,265 - Step 01636: 247.5304 E_h, exp. variance=3.8326 E_h^2, pmove=0.50
2026-06-08 17:35:21,603 - Step 01637: 246.7434 E_h, exp. variance=3.4597 E_h^2, pmove=0.50
2026-06-08 17:35:21,942 - Step 01638: 246.7821 E_h, exp. variance=3.1201 E_h^2, pmove=0.50
2026-06-08 17:35:22,281 - Step 01639: 246.6729 E_h, exp. variance=2.8190 E_h^2, pmove=0.50
2026-06-08 17:35:22,621 - Step 01640: 246.7004 E_h, exp. variance=2.5445 E_h^2, pmove=0.50
2026-06-08 17:35:22,961 - Step 01641: 246.8919 E_h, exp. variance=2.2904 E_h^2, pmove=0.50
2026-06-08 17:35:23,301 - Step 01642: 246.6948 E_h, exp. variance=2.0673 E_h^2, pmove=0.50
2026-06-08 17:35:23,641 - Step 01643: 246.9409 E_h, exp. variance=1.8606 E_h^2, pmove=0.50
2026-06-08 17:35:23,980 - Step 01644: 246.7600 E_h, exp. variance=1.6771 E_h^2, pmove=0.51
2026-06-08 17:35:24,319 - Step 01645: 246.5554 E_h, exp. variance=1.5207 E_h^2, pmove=0.50
2026-06-08 17:35:24,659 - Step 01646: 246.8679 E_h, exp. variance=1.3687 E_h^2, pmove=0.50
2026-06-08 17:35:25,002 - Step 01647: 246.7002 E_h, exp. variance=1.2345 E_h^2, pmove=0.49
2026-06-08 17:35:25,341 - Step 01648: 246.5798 E_h, exp. variance=1.1180 E_h^2, pmove=0.51
2026-06-08 17:35:25,682 - Step 01649: 246.7666 E_h, exp. variance=1.0065 E_h^2, pmove=0.50
2026-06-08 17:35:26,022 - Step 01650: 246.7269 E_h, exp. variance=0.9067 E_h^2, pmove=0.50
2026-06-08 17:35:26,361 - Step 01651: 246.6077 E_h, exp. variance=0.8198 E_h^2, pmove=0.50
2026-06-08 17:35:26,699 - Step 01652: 247.0451 E_h, exp. variance=0.7436 E_h^2, pmove=0.51
2026-06-08 17:35:27,040 - Step 01653: 246.8275 E_h, exp. variance=0.6692 E_h^2, pmove=0.50
2026-06-08 17:35:27,380 - Step 01654: 246.6387 E_h, exp. variance=0.6052 E_h^2, pmove=0.50
2026-06-08 17:35:27,719 - Step 01655: 246.7162 E_h, exp. variance=0.5454 E_h^2, pmove=0.50
2026-06-08 17:35:28,058 - Step 01656: 246.7345 E_h, exp. variance=0.4911 E_h^2, pmove=0.50
2026-06-08 17:35:28,401 - Step 01657: 246.7152 E_h, exp. variance=0.4425 E_h^2, pmove=0.50
2026-06-08 17:35:28,741 - Step 01658: 246.7833 E_h, exp. variance=0.3982 E_h^2, pmove=0.50
2026-06-08 17:35:29,082 - Step 01659: 246.8712 E_h, exp. variance=0.3592 E_h^2, pmove=0.49
2026-06-08 17:35:29,422 - Step 01660: 246.7637 E_h, exp. variance=0.3233 E_h^2, pmove=0.50
2026-06-08 17:35:29,760 - Step 01661: 246.7127 E_h, exp. variance=0.2915 E_h^2, pmove=0.49
2026-06-08 17:35:30,099 - Step 01662: 246.5432 E_h, exp. variance=0.2673 E_h^2, pmove=0.51
2026-06-08 17:35:30,440 - Step 01663: 246.6225 E_h, exp. variance=0.2422 E_h^2, pmove=0.50
2026-06-08 17:35:30,782 - Step 01664: 246.7526 E_h, exp. variance=0.2180 E_h^2, pmove=0.50
2026-06-08 17:35:31,122 - Step 01665: 246.6380 E_h, exp. variance=0.1972 E_h^2, pmove=0.50
2026-06-08 17:35:31,461 - Step 01666: 246.4636 E_h, exp. variance=0.1840 E_h^2, pmove=0.50
2026-06-08 17:35:31,800 - Step 01667: 246.6314 E_h, exp. variance=0.1661 E_h^2, pmove=0.50
2026-06-08 17:35:32,143 - Step 01668: 246.6595 E_h, exp. variance=0.1496 E_h^2, pmove=0.50
2026-06-08 17:35:32,488 - Step 01669: 246.8585 E_h, exp. variance=0.1371 E_h^2, pmove=0.50
2026-06-08 17:35:32,829 - Step 01670: 246.8699 E_h, exp. variance=0.1256 E_h^2, pmove=0.50
2026-06-08 17:35:33,169 - Step 01671: 246.8279 E_h, exp. variance=0.1140 E_h^2, pmove=0.51
2026-06-08 17:35:33,508 - Step 01672: 246.7453 E_h, exp. variance=0.1026 E_h^2, pmove=0.50
2026-06-08 17:35:33,848 - Step 01673: 246.6808 E_h, exp. variance=0.0926 E_h^2, pmove=0.50
2026-06-08 17:35:34,187 - Step 01674: 246.5629 E_h, exp. variance=0.0859 E_h^2, pmove=0.50
2026-06-08 17:35:34,527 - Step 01675: 246.5318 E_h, exp. variance=0.0804 E_h^2, pmove=0.50
2026-06-08 17:35:34,867 - Step 01676: 246.8202 E_h, exp. variance=0.0737 E_h^2, pmove=0.50
2026-06-08 17:35:35,206 - Step 01677: 246.9286 E_h, exp. variance=0.0707 E_h^2, pmove=0.50
2026-06-08 17:35:35,549 - Step 01678: 246.7999 E_h, exp. variance=0.0640 E_h^2, pmove=0.50
2026-06-08 17:35:35,891 - Step 01679: 246.7637 E_h, exp. variance=0.0577 E_h^2, pmove=0.50
2026-06-08 17:35:36,230 - Step 01680: 246.6275 E_h, exp. variance=0.0531 E_h^2, pmove=0.50
2026-06-08 17:35:36,570 - Step 01681: 246.9861 E_h, exp. variance=0.0537 E_h^2, pmove=0.50
2026-06-08 17:35:36,909 - Step 01682: 246.7224 E_h, exp. variance=0.0484 E_h^2, pmove=0.50
2026-06-08 17:35:37,249 - Step 01683: 246.8286 E_h, exp. variance=0.0441 E_h^2, pmove=0.50
2026-06-08 17:35:37,587 - Step 01684: 247.4631 E_h, exp. variance=0.0843 E_h^2, pmove=0.50
2026-06-08 17:35:37,928 - Step 01685: 246.9265 E_h, exp. variance=0.0767 E_h^2, pmove=0.50
2026-06-08 17:35:38,270 - Step 01686: 246.7965 E_h, exp. variance=0.0692 E_h^2, pmove=0.50
2026-06-08 17:35:38,611 - Step 01687: 246.6794 E_h, exp. variance=0.0645 E_h^2, pmove=0.51
2026-06-08 17:35:38,949 - Step 01688: 246.9212 E_h, exp. variance=0.0589 E_h^2, pmove=0.50
2026-06-08 17:35:39,287 - Step 01689: 246.8741 E_h, exp. variance=0.0532 E_h^2, pmove=0.50
2026-06-08 17:35:39,629 - Step 01690: 246.8034 E_h, exp. variance=0.0480 E_h^2, pmove=0.50
2026-06-08 17:35:39,968 - Step 01691: 246.8593 E_h, exp. variance=0.0433 E_h^2, pmove=0.50
2026-06-08 17:35:40,307 - Step 01692: 246.8812 E_h, exp. variance=0.0391 E_h^2, pmove=0.50
2026-06-08 17:35:40,643 - Step 01693: 246.8169 E_h, exp. variance=0.0353 E_h^2, pmove=0.50
2026-06-08 17:35:40,981 - Step 01694: 246.8604 E_h, exp. variance=0.0318 E_h^2, pmove=0.50
2026-06-08 17:35:41,322 - Step 01695: 247.0738 E_h, exp. variance=0.0336 E_h^2, pmove=0.50
2026-06-08 17:35:41,664 - Step 01696: 246.7227 E_h, exp. variance=0.0320 E_h^2, pmove=0.50
2026-06-08 17:35:42,006 - Step 01697: 246.8981 E_h, exp. variance=0.0290 E_h^2, pmove=0.50
2026-06-08 17:35:42,348 - Step 01698: 246.8219 E_h, exp. variance=0.0262 E_h^2, pmove=0.50
2026-06-08 17:35:42,758 - Step 01699: 246.7911 E_h, exp. variance=0.0239 E_h^2, pmove=0.50
2026-06-08 17:35:43,097 - Step 01700: 246.6284 E_h, exp. variance=0.0257 E_h^2, pmove=0.50
2026-06-08 17:35:43,438 - Step 01701: 246.7651 E_h, exp. variance=0.0234 E_h^2, pmove=0.50
2026-06-08 17:35:43,778 - Step 01702: 246.9925 E_h, exp. variance=0.0239 E_h^2, pmove=0.50
2026-06-08 17:35:44,116 - Step 01703: 246.9949 E_h, exp. variance=0.0238 E_h^2, pmove=0.50
2026-06-08 17:35:44,454 - Step 01704: 246.8303 E_h, exp. variance=0.0214 E_h^2, pmove=0.49
2026-06-08 17:35:44,793 - Step 01705: 246.6738 E_h, exp. variance=0.0220 E_h^2, pmove=0.49
2026-06-08 17:35:45,137 - Step 01706: 246.9764 E_h, exp. variance=0.0217 E_h^2, pmove=0.50
2026-06-08 17:35:45,477 - Step 01707: 246.7745 E_h, exp. variance=0.0200 E_h^2, pmove=0.50
2026-06-08 17:35:45,821 - Step 01708: 246.8322 E_h, exp. variance=0.0180 E_h^2, pmove=0.51
2026-06-08 17:35:46,164 - Step 01709: 246.9276 E_h, exp. variance=0.0169 E_h^2, pmove=0.51
2026-06-08 17:35:46,503 - Step 01710: 246.8718 E_h, exp. variance=0.0153 E_h^2, pmove=0.50
2026-06-08 17:35:46,844 - Step 01711: 246.6974 E_h, exp. variance=0.0159 E_h^2, pmove=0.50
2026-06-08 17:35:47,184 - Step 01712: 246.9048 E_h, exp. variance=0.0147 E_h^2, pmove=0.51
2026-06-08 17:35:47,526 - Step 01713: 247.2149 E_h, exp. variance=0.0258 E_h^2, pmove=0.50
2026-06-08 17:35:47,869 - Step 01714: 247.2405 E_h, exp. variance=0.0350 E_h^2, pmove=0.50
2026-06-08 17:35:48,208 - Step 01715: 247.0135 E_h, exp. variance=0.0324 E_h^2, pmove=0.50
2026-06-08 17:35:48,550 - Step 01716: 246.9255 E_h, exp. variance=0.0292 E_h^2, pmove=0.49
2026-06-08 17:35:48,892 - Step 01717: 246.7265 E_h, exp. variance=0.0298 E_h^2, pmove=0.50
2026-06-08 17:35:49,236 - Step 01718: 246.7404 E_h, exp. variance=0.0292 E_h^2, pmove=0.50
2026-06-08 17:35:49,577 - Step 01719: 246.6328 E_h, exp. variance=0.0322 E_h^2, pmove=0.50
2026-06-08 17:35:49,921 - Step 01720: 246.5546 E_h, exp. variance=0.0375 E_h^2, pmove=0.50
2026-06-08 17:35:50,267 - Step 01721: 246.6306 E_h, exp. variance=0.0374 E_h^2, pmove=0.50
2026-06-08 17:35:50,609 - Step 01722: 246.5631 E_h, exp. variance=0.0393 E_h^2, pmove=0.50
2026-06-08 17:35:50,947 - Step 01723: 246.6148 E_h, exp. variance=0.0380 E_h^2, pmove=0.50
2026-06-08 17:35:51,287 - Step 01724: 246.5230 E_h, exp. variance=0.0397 E_h^2, pmove=0.50
2026-06-08 17:35:51,627 - Step 01725: 246.6131 E_h, exp. variance=0.0373 E_h^2, pmove=0.50
2026-06-08 17:35:51,968 - Step 01726: 246.5335 E_h, exp. variance=0.0371 E_h^2, pmove=0.50
2026-06-08 17:35:52,308 - Step 01727: 246.8642 E_h, exp. variance=0.0355 E_h^2, pmove=0.50
2026-06-08 17:35:52,647 - Step 01728: 246.7512 E_h, exp. variance=0.0320 E_h^2, pmove=0.50
2026-06-08 17:35:52,994 - Step 01729: 246.7675 E_h, exp. variance=0.0289 E_h^2, pmove=0.50
2026-06-08 17:35:53,342 - Step 01730: 246.5236 E_h, exp. variance=0.0300 E_h^2, pmove=0.51
2026-06-08 17:35:53,684 - Step 01731: 246.8371 E_h, exp. variance=0.0284 E_h^2, pmove=0.50
2026-06-08 17:35:54,025 - Step 01732: 246.7738 E_h, exp. variance=0.0258 E_h^2, pmove=0.50
2026-06-08 17:35:54,371 - Step 01733: 246.7679 E_h, exp. variance=0.0233 E_h^2, pmove=0.50
2026-06-08 17:35:54,714 - Step 01734: 246.9826 E_h, exp. variance=0.0266 E_h^2, pmove=0.50
2026-06-08 17:35:55,055 - Step 01735: 246.8235 E_h, exp. variance=0.0243 E_h^2, pmove=0.50
2026-06-08 17:35:55,398 - Step 01736: 246.8492 E_h, exp. variance=0.0225 E_h^2, pmove=0.50
2026-06-08 17:35:55,738 - Step 01737: 246.7782 E_h, exp. variance=0.0202 E_h^2, pmove=0.50
2026-06-08 17:35:56,081 - Step 01738: 246.6964 E_h, exp. variance=0.0188 E_h^2, pmove=0.49
2026-06-08 17:35:56,423 - Step 01739: 246.7267 E_h, exp. variance=0.0170 E_h^2, pmove=0.49
2026-06-08 17:35:56,762 - Step 01740: 246.6915 E_h, exp. variance=0.0158 E_h^2, pmove=0.50
2026-06-08 17:35:57,118 - Step 01741: 246.8688 E_h, exp. variance=0.0154 E_h^2, pmove=0.50
2026-06-08 17:35:57,459 - Step 01742: 246.6004 E_h, exp. variance=0.0163 E_h^2, pmove=0.49
2026-06-08 17:35:57,799 - Step 01743: 249.7068 E_h, exp. variance=0.8015 E_h^2, pmove=0.50
2026-06-08 17:35:58,138 - Step 01744: 247.6138 E_h, exp. variance=0.7504 E_h^2, pmove=0.49
2026-06-08 17:35:58,478 - Step 01745: 246.9631 E_h, exp. variance=0.6772 E_h^2, pmove=0.49
2026-06-08 17:35:58,819 - Step 01746: 246.9535 E_h, exp. variance=0.6111 E_h^2, pmove=0.50
2026-06-08 17:35:59,159 - Step 01747: 247.0144 E_h, exp. variance=0.5503 E_h^2, pmove=0.50
2026-06-08 17:35:59,499 - Step 01748: 247.0004 E_h, exp. variance=0.4957 E_h^2, pmove=0.51
2026-06-08 17:35:59,841 - Step 01749: 246.6882 E_h, exp. variance=0.4587 E_h^2, pmove=0.50
2026-06-08 17:36:00,188 - Step 01750: 246.6884 E_h, exp. variance=0.4230 E_h^2, pmove=0.50
2026-06-08 17:36:00,537 - Step 01751: 246.7103 E_h, exp. variance=0.3878 E_h^2, pmove=0.50
2026-06-08 17:36:00,877 - Step 01752: 246.6606 E_h, exp. variance=0.3572 E_h^2, pmove=0.50
2026-06-08 17:36:01,217 - Step 01753: 246.8223 E_h, exp. variance=0.3226 E_h^2, pmove=0.51
2026-06-08 17:36:01,556 - Step 01754: 247.2571 E_h, exp. variance=0.3005 E_h^2, pmove=0.50
2026-06-08 17:36:01,897 - Step 01755: 246.5870 E_h, exp. variance=0.2826 E_h^2, pmove=0.50
2026-06-08 17:36:02,238 - Step 01756: 246.6367 E_h, exp. variance=0.2615 E_h^2, pmove=0.51
2026-06-08 17:36:02,577 - Step 01757: 246.7570 E_h, exp. variance=0.2370 E_h^2, pmove=0.50
2026-06-08 17:36:02,916 - Step 01758: 246.7218 E_h, exp. variance=0.2154 E_h^2, pmove=0.51
2026-06-08 17:36:03,255 - Step 01759: 247.1456 E_h, exp. variance=0.2012 E_h^2, pmove=0.49
2026-06-08 17:36:03,594 - Step 01760: 246.7160 E_h, exp. variance=0.1838 E_h^2, pmove=0.50
2026-06-08 17:36:03,934 - Step 01761: 246.9030 E_h, exp. variance=0.1655 E_h^2, pmove=0.50
2026-06-08 17:36:04,271 - Step 01762: 246.9248 E_h, exp. variance=0.1491 E_h^2, pmove=0.51
2026-06-08 17:36:04,610 - Step 01763: 247.5941 E_h, exp. variance=0.1801 E_h^2, pmove=0.50
2026-06-08 17:36:04,949 - Step 01764: 246.9539 E_h, exp. variance=0.1621 E_h^2, pmove=0.49
2026-06-08 17:36:05,288 - Step 01765: 246.7023 E_h, exp. variance=0.1515 E_h^2, pmove=0.50
2026-06-08 17:36:05,632 - Step 01766: 246.6402 E_h, exp. variance=0.1437 E_h^2, pmove=0.49
2026-06-08 17:36:05,974 - Step 01767: 246.6107 E_h, exp. variance=0.1368 E_h^2, pmove=0.49
2026-06-08 17:36:06,311 - Step 01768: 246.9379 E_h, exp. variance=0.1235 E_h^2, pmove=0.50
2026-06-08 17:36:06,650 - Step 01769: 246.5811 E_h, exp. variance=0.1190 E_h^2, pmove=0.50
2026-06-08 17:36:06,990 - Step 01770: 246.6690 E_h, exp. variance=0.1100 E_h^2, pmove=0.50
2026-06-08 17:36:07,330 - Step 01771: 246.7123 E_h, exp. variance=0.1002 E_h^2, pmove=0.49
2026-06-08 17:36:07,668 - Step 01772: 246.7539 E_h, exp. variance=0.0906 E_h^2, pmove=0.49
2026-06-08 17:36:08,009 - Step 01773: 246.6813 E_h, exp. variance=0.0830 E_h^2, pmove=0.50
2026-06-08 17:36:08,351 - Step 01774: 246.6420 E_h, exp. variance=0.0769 E_h^2, pmove=0.50
2026-06-08 17:36:08,691 - Step 01775: 246.7253 E_h, exp. variance=0.0695 E_h^2, pmove=0.51
2026-06-08 17:36:09,032 - Step 01776: 246.8541 E_h, exp. variance=0.0631 E_h^2, pmove=0.50
2026-06-08 17:36:09,372 - Step 01777: 246.5818 E_h, exp. variance=0.0605 E_h^2, pmove=0.50
2026-06-08 17:36:09,712 - Step 01778: 246.7130 E_h, exp. variance=0.0547 E_h^2, pmove=0.50
2026-06-08 17:36:10,051 - Step 01779: 246.8654 E_h, exp. variance=0.0502 E_h^2, pmove=0.50
2026-06-08 17:36:10,392 - Step 01780: 246.6654 E_h, exp. variance=0.0462 E_h^2, pmove=0.50
2026-06-08 17:36:10,732 - Step 01781: 246.7714 E_h, exp. variance=0.0416 E_h^2, pmove=0.51
2026-06-08 17:36:11,074 - Step 01782: 246.6753 E_h, exp. variance=0.0381 E_h^2, pmove=0.50
2026-06-08 17:36:11,415 - Step 01783: 246.7894 E_h, exp. variance=0.0344 E_h^2, pmove=0.50
2026-06-08 17:36:11,758 - Step 01784: 246.5596 E_h, exp. variance=0.0344 E_h^2, pmove=0.50
2026-06-08 17:36:12,102 - Step 01785: 246.6373 E_h, exp. variance=0.0319 E_h^2, pmove=0.50
2026-06-08 17:36:12,441 - Step 01786: 246.5701 E_h, exp. variance=0.0309 E_h^2, pmove=0.50
2026-06-08 17:36:12,779 - Step 01787: 246.6180 E_h, exp. variance=0.0285 E_h^2, pmove=0.50
2026-06-08 17:36:13,120 - Step 01788: 246.5771 E_h, exp. variance=0.0271 E_h^2, pmove=0.50
2026-06-08 17:36:13,462 - Step 01789: 246.5695 E_h, exp. variance=0.0257 E_h^2, pmove=0.50
2026-06-08 17:36:13,805 - Step 01790: 246.7367 E_h, exp. variance=0.0234 E_h^2, pmove=0.50
2026-06-08 17:36:14,149 - Step 01791: 246.6230 E_h, exp. variance=0.0214 E_h^2, pmove=0.50
2026-06-08 17:36:14,497 - Step 01792: 246.4009 E_h, exp. variance=0.0261 E_h^2, pmove=0.50
2026-06-08 17:36:14,841 - Step 01793: 246.8006 E_h, exp. variance=0.0256 E_h^2, pmove=0.51
2026-06-08 17:36:15,189 - Step 01794: 246.6280 E_h, exp. variance=0.0231 E_h^2, pmove=0.50
2026-06-08 17:36:15,531 - Step 01795: 246.7209 E_h, exp. variance=0.0211 E_h^2, pmove=0.50
2026-06-08 17:36:15,877 - Step 01796: 246.6287 E_h, exp. variance=0.0192 E_h^2, pmove=0.50
2026-06-08 17:36:16,221 - Step 01797: 246.6562 E_h, exp. variance=0.0172 E_h^2, pmove=0.50
2026-06-08 17:36:16,565 - Step 01798: 246.7014 E_h, exp. variance=0.0157 E_h^2, pmove=0.50
2026-06-08 17:36:16,908 - Step 01799: 246.6667 E_h, exp. variance=0.0141 E_h^2, pmove=0.50
2026-06-08 17:36:17,252 - Step 01800: 246.6094 E_h, exp. variance=0.0130 E_h^2, pmove=0.49
2026-06-08 17:36:17,597 - Step 01801: 246.5480 E_h, exp. variance=0.0128 E_h^2, pmove=0.51
2026-06-08 17:36:17,943 - Step 01802: 246.7823 E_h, exp. variance=0.0131 E_h^2, pmove=0.51
2026-06-08 17:36:18,286 - Step 01803: 246.8409 E_h, exp. variance=0.0147 E_h^2, pmove=0.51
2026-06-08 17:36:18,632 - Step 01804: 246.6456 E_h, exp. variance=0.0133 E_h^2, pmove=0.50
2026-06-08 17:36:18,975 - Step 01805: 246.7065 E_h, exp. variance=0.0121 E_h^2, pmove=0.49
2026-06-08 17:36:19,321 - Step 01806: 247.2305 E_h, exp. variance=0.0381 E_h^2, pmove=0.50
2026-06-08 17:36:19,663 - Step 01807: 246.7699 E_h, exp. variance=0.0344 E_h^2, pmove=0.50
2026-06-08 17:36:20,005 - Step 01808: 246.6009 E_h, exp. variance=0.0327 E_h^2, pmove=0.50
2026-06-08 17:36:20,349 - Step 01809: 246.6119 E_h, exp. variance=0.0306 E_h^2, pmove=0.50
2026-06-08 17:36:20,692 - Step 01810: 246.9237 E_h, exp. variance=0.0315 E_h^2, pmove=0.50
2026-06-08 17:36:21,039 - Step 01811: 246.7864 E_h, exp. variance=0.0286 E_h^2, pmove=0.50
2026-06-08 17:36:21,381 - Step 01812: 246.8067 E_h, exp. variance=0.0261 E_h^2, pmove=0.50
2026-06-08 17:36:21,724 - Step 01813: 246.7392 E_h, exp. variance=0.0235 E_h^2, pmove=0.50
2026-06-08 17:36:22,066 - Step 01814: 246.7959 E_h, exp. variance=0.0214 E_h^2, pmove=0.50
2026-06-08 17:36:22,407 - Step 01815: 246.4797 E_h, exp. variance=0.0259 E_h^2, pmove=0.50
2026-06-08 17:36:22,748 - Step 01816: 246.6286 E_h, exp. variance=0.0241 E_h^2, pmove=0.50
2026-06-08 17:36:23,089 - Step 01817: 247.3002 E_h, exp. variance=0.0526 E_h^2, pmove=0.50
2026-06-08 17:36:23,430 - Step 01818: 246.6931 E_h, exp. variance=0.0479 E_h^2, pmove=0.50
2026-06-08 17:36:23,770 - Step 01819: 246.6362 E_h, exp. variance=0.0446 E_h^2, pmove=0.50
2026-06-08 17:36:24,109 - Step 01820: 246.6195 E_h, exp. variance=0.0417 E_h^2, pmove=0.49
2026-06-08 17:36:24,458 - Step 01821: 246.5994 E_h, exp. variance=0.0393 E_h^2, pmove=0.50
2026-06-08 17:36:24,802 - Step 01822: 246.4686 E_h, exp. variance=0.0413 E_h^2, pmove=0.50
2026-06-08 17:36:25,142 - Step 01823: 246.7318 E_h, exp. variance=0.0372 E_h^2, pmove=0.51
2026-06-08 17:36:25,481 - Step 01824: 246.5430 E_h, exp. variance=0.0358 E_h^2, pmove=0.50
2026-06-08 17:36:25,820 - Step 01825: 246.6022 E_h, exp. variance=0.0329 E_h^2, pmove=0.50
2026-06-08 17:36:26,158 - Step 01826: 246.6083 E_h, exp. variance=0.0300 E_h^2, pmove=0.51
2026-06-08 17:36:26,497 - Step 01827: 246.6272 E_h, exp. variance=0.0272 E_h^2, pmove=0.51
2026-06-08 17:36:26,837 - Step 01828: 246.8202 E_h, exp. variance=0.0266 E_h^2, pmove=0.50
2026-06-08 17:36:27,177 - Step 01829: 246.5574 E_h, exp. variance=0.0253 E_h^2, pmove=0.50
2026-06-08 17:36:27,518 - Step 01830: 246.9175 E_h, exp. variance=0.0283 E_h^2, pmove=0.50
2026-06-08 17:36:27,862 - Step 01831: 247.0891 E_h, exp. variance=0.0395 E_h^2, pmove=0.50
2026-06-08 17:36:28,200 - Step 01832: 246.5212 E_h, exp. variance=0.0396 E_h^2, pmove=0.50
2026-06-08 17:36:28,542 - Step 01833: 246.5354 E_h, exp. variance=0.0385 E_h^2, pmove=0.51
2026-06-08 17:36:28,887 - Step 01834: 246.4523 E_h, exp. variance=0.0399 E_h^2, pmove=0.50
2026-06-08 17:36:29,229 - Step 01835: 246.6351 E_h, exp. variance=0.0361 E_h^2, pmove=0.51
2026-06-08 17:36:29,569 - Step 01836: 246.6025 E_h, exp. variance=0.0328 E_h^2, pmove=0.51
2026-06-08 17:36:29,908 - Step 01837: 246.6937 E_h, exp. variance=0.0296 E_h^2, pmove=0.50
2026-06-08 17:36:30,251 - Step 01838: 246.6689 E_h, exp. variance=0.0267 E_h^2, pmove=0.50
2026-06-08 17:36:30,593 - Step 01839: 246.6561 E_h, exp. variance=0.0240 E_h^2, pmove=0.50
2026-06-08 17:36:30,935 - Step 01840: 246.7352 E_h, exp. variance=0.0221 E_h^2, pmove=0.50
2026-06-08 17:36:31,282 - Step 01841: 246.5922 E_h, exp. variance=0.0204 E_h^2, pmove=0.50
2026-06-08 17:36:31,630 - Step 01842: 246.5406 E_h, exp. variance=0.0197 E_h^2, pmove=0.50
2026-06-08 17:36:31,972 - Step 01843: 246.5694 E_h, exp. variance=0.0184 E_h^2, pmove=0.50
2026-06-08 17:36:32,315 - Step 01844: 246.9363 E_h, exp. variance=0.0243 E_h^2, pmove=0.51
2026-06-08 17:36:32,660 - Step 01845: 246.6865 E_h, exp. variance=0.0219 E_h^2, pmove=0.51
2026-06-08 17:36:33,003 - Step 01846: 246.6011 E_h, exp. variance=0.0202 E_h^2, pmove=0.50
2026-06-08 17:36:33,346 - Step 01847: 246.5450 E_h, exp. variance=0.0195 E_h^2, pmove=0.51
2026-06-08 17:36:33,690 - Step 01848: 246.6632 E_h, exp. variance=0.0175 E_h^2, pmove=0.50
2026-06-08 17:36:34,033 - Step 01849: 246.7403 E_h, exp. variance=0.0164 E_h^2, pmove=0.50
2026-06-08 17:36:34,375 - Step 01850: 246.7128 E_h, exp. variance=0.0150 E_h^2, pmove=0.51
2026-06-08 17:36:34,720 - Step 01851: 246.5966 E_h, exp. variance=0.0140 E_h^2, pmove=0.50
2026-06-08 17:36:35,064 - Step 01852: 246.4562 E_h, exp. variance=0.0164 E_h^2, pmove=0.50
2026-06-08 17:36:35,407 - Step 01853: 246.6977 E_h, exp. variance=0.0150 E_h^2, pmove=0.50
2026-06-08 17:36:35,753 - Step 01854: 246.6004 E_h, exp. variance=0.0137 E_h^2, pmove=0.50
2026-06-08 17:36:36,101 - Step 01855: 246.4141 E_h, exp. variance=0.0170 E_h^2, pmove=0.50
2026-06-08 17:36:36,445 - Step 01856: 246.7281 E_h, exp. variance=0.0164 E_h^2, pmove=0.51
2026-06-08 17:36:36,793 - Step 01857: 246.4043 E_h, exp. variance=0.0193 E_h^2, pmove=0.50
2026-06-08 17:36:37,136 - Step 01858: 246.5038 E_h, exp. variance=0.0183 E_h^2, pmove=0.50
2026-06-08 17:36:37,483 - Step 01859: 246.7108 E_h, exp. variance=0.0177 E_h^2, pmove=0.51
2026-06-08 17:36:37,825 - Step 01860: 246.9259 E_h, exp. variance=0.0250 E_h^2, pmove=0.50
2026-06-08 17:36:38,175 - Step 01861: 246.8216 E_h, exp. variance=0.0255 E_h^2, pmove=0.50
2026-06-08 17:36:38,520 - Step 01862: 246.5148 E_h, exp. variance=0.0248 E_h^2, pmove=0.50
2026-06-08 17:36:38,862 - Step 01863: 246.5950 E_h, exp. variance=0.0225 E_h^2, pmove=0.50
2026-06-08 17:36:39,202 - Step 01864: 246.3236 E_h, exp. variance=0.0292 E_h^2, pmove=0.50
2026-06-08 17:36:39,545 - Step 01865: 246.4610 E_h, exp. variance=0.0282 E_h^2, pmove=0.51
2026-06-08 17:36:39,886 - Step 01866: 246.5346 E_h, exp. variance=0.0257 E_h^2, pmove=0.50
2026-06-08 17:36:40,227 - Step 01867: 246.4137 E_h, exp. variance=0.0258 E_h^2, pmove=0.50
2026-06-08 17:36:40,569 - Step 01868: 246.6367 E_h, exp. variance=0.0237 E_h^2, pmove=0.50
2026-06-08 17:36:40,912 - Step 01869: 246.4312 E_h, exp. variance=0.0232 E_h^2, pmove=0.50
2026-06-08 17:36:41,252 - Step 01870: 246.4624 E_h, exp. variance=0.0218 E_h^2, pmove=0.50
2026-06-08 17:36:41,595 - Step 01871: 246.5508 E_h, exp. variance=0.0196 E_h^2, pmove=0.50
2026-06-08 17:36:41,937 - Step 01872: 246.7224 E_h, exp. variance=0.0202 E_h^2, pmove=0.51
2026-06-08 17:36:42,279 - Step 01873: 246.8348 E_h, exp. variance=0.0246 E_h^2, pmove=0.50
2026-06-08 17:36:42,636 - Step 01874: 246.6109 E_h, exp. variance=0.0221 E_h^2, pmove=0.50
2026-06-08 17:36:42,977 - Step 01875: 246.5697 E_h, exp. variance=0.0200 E_h^2, pmove=0.50
2026-06-08 17:36:43,326 - Step 01876: 246.4832 E_h, exp. variance=0.0191 E_h^2, pmove=0.50
2026-06-08 17:36:43,669 - Step 01877: 246.4490 E_h, exp. variance=0.0188 E_h^2, pmove=0.51
2026-06-08 17:36:44,018 - Step 01878: 246.5132 E_h, exp. variance=0.0172 E_h^2, pmove=0.50
2026-06-08 17:36:44,380 - Step 01879: 246.3937 E_h, exp. variance=0.0181 E_h^2, pmove=0.50
2026-06-08 17:36:44,724 - Step 01880: 246.6265 E_h, exp. variance=0.0169 E_h^2, pmove=0.50
2026-06-08 17:36:45,066 - Step 01881: 246.7171 E_h, exp. variance=0.0175 E_h^2, pmove=0.50
2026-06-08 17:36:45,406 - Step 01882: 246.5775 E_h, exp. variance=0.0158 E_h^2, pmove=0.50
2026-06-08 17:36:45,745 - Step 01883: 246.5613 E_h, exp. variance=0.0142 E_h^2, pmove=0.50
2026-06-08 17:36:46,085 - Step 01884: 246.3801 E_h, exp. variance=0.0161 E_h^2, pmove=0.49
2026-06-08 17:36:46,427 - Step 01885: 246.4798 E_h, exp. variance=0.0149 E_h^2, pmove=0.50
2026-06-08 17:36:46,777 - Step 01886: 246.6406 E_h, exp. variance=0.0143 E_h^2, pmove=0.50
2026-06-08 17:36:47,122 - Step 01887: 246.5454 E_h, exp. variance=0.0129 E_h^2, pmove=0.50
2026-06-08 17:36:47,468 - Step 01888: 246.6134 E_h, exp. variance=0.0119 E_h^2, pmove=0.49
2026-06-08 17:36:47,813 - Step 01889: 246.5543 E_h, exp. variance=0.0107 E_h^2, pmove=0.50
2026-06-08 17:36:48,158 - Step 01890: 246.6829 E_h, exp. variance=0.0110 E_h^2, pmove=0.51
2026-06-08 17:36:48,501 - Step 01891: 246.6214 E_h, exp. variance=0.0101 E_h^2, pmove=0.50
2026-06-08 17:36:48,844 - Step 01892: 246.7636 E_h, exp. variance=0.0123 E_h^2, pmove=0.50
2026-06-08 17:36:49,187 - Step 01893: 246.7057 E_h, exp. variance=0.0122 E_h^2, pmove=0.49
2026-06-08 17:36:49,528 - Step 01894: 246.7392 E_h, exp. variance=0.0125 E_h^2, pmove=0.50
2026-06-08 17:36:49,874 - Step 01895: 246.6689 E_h, exp. variance=0.0115 E_h^2, pmove=0.51
2026-06-08 17:36:50,219 - Step 01896: 246.9569 E_h, exp. variance=0.0203 E_h^2, pmove=0.50
2026-06-08 17:36:50,566 - Step 01897: 247.1096 E_h, exp. variance=0.0367 E_h^2, pmove=0.50
2026-06-08 17:36:50,908 - Step 01898: 246.6078 E_h, exp. variance=0.0338 E_h^2, pmove=0.50
2026-06-08 17:36:51,251 - Step 01899: 246.7764 E_h, exp. variance=0.0311 E_h^2, pmove=0.50
2026-06-08 17:36:51,592 - Step 01900: 247.0603 E_h, exp. variance=0.0395 E_h^2, pmove=0.49
2026-06-08 17:36:51,932 - Step 01901: 246.6844 E_h, exp. variance=0.0358 E_h^2, pmove=0.50
2026-06-08 17:36:52,272 - Step 01902: 246.7123 E_h, exp. variance=0.0323 E_h^2, pmove=0.51
2026-06-08 17:36:52,611 - Step 01903: 246.7707 E_h, exp. variance=0.0292 E_h^2, pmove=0.50
2026-06-08 17:36:52,955 - Step 01904: 246.6472 E_h, exp. variance=0.0270 E_h^2, pmove=0.50
2026-06-08 17:36:53,297 - Step 01905: 246.9356 E_h, exp. variance=0.0282 E_h^2, pmove=0.49
2026-06-08 17:36:53,641 - Step 01906: 246.6530 E_h, exp. variance=0.0262 E_h^2, pmove=0.50
2026-06-08 17:36:53,983 - Step 01907: 246.6501 E_h, exp. variance=0.0243 E_h^2, pmove=0.50
2026-06-08 17:36:54,326 - Step 01908: 246.5964 E_h, exp. variance=0.0234 E_h^2, pmove=0.50
2026-06-08 17:36:54,667 - Step 01909: 246.5909 E_h, exp. variance=0.0225 E_h^2, pmove=0.50
2026-06-08 17:36:55,010 - Step 01910: 246.5788 E_h, exp. variance=0.0216 E_h^2, pmove=0.50
2026-06-08 17:36:55,353 - Step 01911: 246.4999 E_h, exp. variance=0.0227 E_h^2, pmove=0.49
2026-06-08 17:36:55,695 - Step 01912: 246.4247 E_h, exp. variance=0.0259 E_h^2, pmove=0.50
2026-06-08 17:36:56,038 - Step 01913: 246.5681 E_h, exp. variance=0.0239 E_h^2, pmove=0.50
2026-06-08 17:36:56,381 - Step 01914: 246.6719 E_h, exp. variance=0.0216 E_h^2, pmove=0.50
2026-06-08 17:36:56,727 - Step 01915: 246.4620 E_h, exp. variance=0.0223 E_h^2, pmove=0.51
2026-06-08 17:36:57,071 - Step 01916: 246.6108 E_h, exp. variance=0.0201 E_h^2, pmove=0.51
2026-06-08 17:36:57,413 - Step 01917: 246.6121 E_h, exp. variance=0.0181 E_h^2, pmove=0.50
2026-06-08 17:36:57,755 - Step 01918: 246.5611 E_h, exp. variance=0.0166 E_h^2, pmove=0.50
2026-06-08 17:36:58,098 - Step 01919: 246.4755 E_h, exp. variance=0.0168 E_h^2, pmove=0.50
2026-06-08 17:36:58,441 - Step 01920: 246.5444 E_h, exp. variance=0.0154 E_h^2, pmove=0.50
2026-06-08 17:36:58,792 - Step 01921: 246.5396 E_h, exp. variance=0.0141 E_h^2, pmove=0.49
2026-06-08 17:36:59,138 - Step 01922: 246.6550 E_h, exp. variance=0.0131 E_h^2, pmove=0.50
2026-06-08 17:36:59,485 - Step 01923: 246.5830 E_h, exp. variance=0.0118 E_h^2, pmove=0.49
2026-06-08 17:36:59,832 - Step 01924: 246.4297 E_h, exp. variance=0.0131 E_h^2, pmove=0.50
2026-06-08 17:37:00,180 - Step 01925: 246.5061 E_h, exp. variance=0.0123 E_h^2, pmove=0.50
2026-06-08 17:37:00,525 - Step 01926: 246.5739 E_h, exp. variance=0.0110 E_h^2, pmove=0.50
2026-06-08 17:37:00,870 - Step 01927: 246.8904 E_h, exp. variance=0.0191 E_h^2, pmove=0.50
2026-06-08 17:37:01,215 - Step 01928: 246.4555 E_h, exp. variance=0.0191 E_h^2, pmove=0.50
2026-06-08 17:37:01,559 - Step 01929: 246.6325 E_h, exp. variance=0.0174 E_h^2, pmove=0.50
2026-06-08 17:37:01,900 - Step 01930: 246.7270 E_h, exp. variance=0.0173 E_h^2, pmove=0.50
2026-06-08 17:37:02,242 - Step 01931: 246.3975 E_h, exp. variance=0.0195 E_h^2, pmove=0.49
2026-06-08 17:37:02,590 - Step 01932: 246.5206 E_h, exp. variance=0.0179 E_h^2, pmove=0.51
2026-06-08 17:37:02,937 - Step 01933: 246.5432 E_h, exp. variance=0.0162 E_h^2, pmove=0.50
2026-06-08 17:37:03,281 - Step 01934: 246.5600 E_h, exp. variance=0.0146 E_h^2, pmove=0.50
2026-06-08 17:37:03,624 - Step 01935: 246.5084 E_h, exp. variance=0.0136 E_h^2, pmove=0.50
2026-06-08 17:37:03,966 - Step 01936: 246.4252 E_h, exp. variance=0.0140 E_h^2, pmove=0.50
2026-06-08 17:37:04,308 - Step 01937: 246.3465 E_h, exp. variance=0.0165 E_h^2, pmove=0.50
2026-06-08 17:37:04,649 - Step 01938: 246.4736 E_h, exp. variance=0.0151 E_h^2, pmove=0.50
2026-06-08 17:37:04,992 - Step 01939: 246.5947 E_h, exp. variance=0.0140 E_h^2, pmove=0.50
2026-06-08 17:37:05,333 - Step 01940: 246.7071 E_h, exp. variance=0.0153 E_h^2, pmove=0.51
2026-06-08 17:37:05,680 - Step 01941: 246.7471 E_h, exp. variance=0.0173 E_h^2, pmove=0.50
2026-06-08 17:37:06,027 - Step 01942: 246.5402 E_h, exp. variance=0.0156 E_h^2, pmove=0.49
2026-06-08 17:37:06,373 - Step 01943: 246.7021 E_h, exp. variance=0.0157 E_h^2, pmove=0.50
2026-06-08 17:37:06,720 - Step 01944: 246.9702 E_h, exp. variance=0.0278 E_h^2, pmove=0.50
2026-06-08 17:37:07,062 - Step 01945: 246.6430 E_h, exp. variance=0.0250 E_h^2, pmove=0.50
2026-06-08 17:37:07,405 - Step 01946: 246.6226 E_h, exp. variance=0.0225 E_h^2, pmove=0.50
2026-06-08 17:37:07,750 - Step 01947: 246.5807 E_h, exp. variance=0.0204 E_h^2, pmove=0.51
2026-06-08 17:37:08,092 - Step 01948: 246.4086 E_h, exp. variance=0.0223 E_h^2, pmove=0.50
2026-06-08 17:37:08,441 - Step 01949: 246.7068 E_h, exp. variance=0.0212 E_h^2, pmove=0.51
2026-06-08 17:37:08,787 - Step 01950: 246.5921 E_h, exp. variance=0.0191 E_h^2, pmove=0.50
2026-06-08 17:37:09,135 - Step 01951: 246.9297 E_h, exp. variance=0.0266 E_h^2, pmove=0.50
2026-06-08 17:37:09,480 - Step 01952: 246.5132 E_h, exp. variance=0.0253 E_h^2, pmove=0.50
2026-06-08 17:37:09,825 - Step 01953: 246.4052 E_h, exp. variance=0.0272 E_h^2, pmove=0.50
2026-06-08 17:37:10,178 - Step 01954: 246.4706 E_h, exp. variance=0.0261 E_h^2, pmove=0.49
2026-06-08 17:37:10,524 - Step 01955: 246.3081 E_h, exp. variance=0.0307 E_h^2, pmove=0.50
2026-06-08 17:37:10,869 - Step 01956: 246.4271 E_h, exp. variance=0.0293 E_h^2, pmove=0.51
2026-06-08 17:37:11,211 - Step 01957: 246.5231 E_h, exp. variance=0.0264 E_h^2, pmove=0.50
2026-06-08 17:37:11,552 - Step 01958: 246.6366 E_h, exp. variance=0.0245 E_h^2, pmove=0.50
2026-06-08 17:37:11,898 - Step 01959: 246.3939 E_h, exp. variance=0.0244 E_h^2, pmove=0.49
2026-06-08 17:37:12,240 - Step 01960: 246.3655 E_h, exp. variance=0.0247 E_h^2, pmove=0.50
2026-06-08 17:37:12,587 - Step 01961: 246.4397 E_h, exp. variance=0.0228 E_h^2, pmove=0.50
2026-06-08 17:37:12,929 - Step 01962: 246.5407 E_h, exp. variance=0.0206 E_h^2, pmove=0.50
2026-06-08 17:37:13,272 - Step 01963: 246.5300 E_h, exp. variance=0.0185 E_h^2, pmove=0.50
2026-06-08 17:37:13,612 - Step 01964: 246.9152 E_h, exp. variance=0.0309 E_h^2, pmove=0.51
2026-06-08 17:37:13,953 - Step 01965: 246.5627 E_h, exp. variance=0.0278 E_h^2, pmove=0.50
2026-06-08 17:37:14,294 - Step 01966: 246.6038 E_h, exp. variance=0.0252 E_h^2, pmove=0.50
2026-06-08 17:37:14,640 - Step 01967: 246.6306 E_h, exp. variance=0.0231 E_h^2, pmove=0.50
2026-06-08 17:37:14,984 - Step 01968: 246.6629 E_h, exp. variance=0.0216 E_h^2, pmove=0.50
2026-06-08 17:37:15,329 - Step 01969: 246.5840 E_h, exp. variance=0.0194 E_h^2, pmove=0.50
2026-06-08 17:37:15,677 - Step 01970: 246.4686 E_h, exp. variance=0.0186 E_h^2, pmove=0.50
2026-06-08 17:37:16,018 - Step 01971: 246.5744 E_h, exp. variance=0.0167 E_h^2, pmove=0.50
2026-06-08 17:37:16,360 - Step 01972: 246.5931 E_h, exp. variance=0.0151 E_h^2, pmove=0.50
2026-06-08 17:37:16,700 - Step 01973: 246.5315 E_h, exp. variance=0.0138 E_h^2, pmove=0.50
2026-06-08 17:37:17,047 - Step 01974: 246.3780 E_h, exp. variance=0.0156 E_h^2, pmove=0.50
2026-06-08 17:37:17,392 - Step 01975: 246.5838 E_h, exp. variance=0.0142 E_h^2, pmove=0.50
2026-06-08 17:37:17,734 - Step 01976: 246.3246 E_h, exp. variance=0.0174 E_h^2, pmove=0.49
2026-06-08 17:37:18,080 - Step 01977: 246.5499 E_h, exp. variance=0.0157 E_h^2, pmove=0.50
2026-06-08 17:37:18,426 - Step 01978: 246.4609 E_h, exp. variance=0.0146 E_h^2, pmove=0.50
2026-06-08 17:37:18,772 - Step 01979: 246.7597 E_h, exp. variance=0.0181 E_h^2, pmove=0.51
2026-06-08 17:37:19,114 - Step 01980: 246.5192 E_h, exp. variance=0.0164 E_h^2, pmove=0.50
2026-06-08 17:37:19,458 - Step 01981: 246.6517 E_h, exp. variance=0.0158 E_h^2, pmove=0.51
2026-06-08 17:37:19,806 - Step 01982: 246.6406 E_h, exp. variance=0.0148 E_h^2, pmove=0.50
2026-06-08 17:37:20,152 - Step 01983: 246.6152 E_h, exp. variance=0.0136 E_h^2, pmove=0.50
2026-06-08 17:37:20,497 - Step 01984: 246.5123 E_h, exp. variance=0.0125 E_h^2, pmove=0.50
2026-06-08 17:37:20,844 - Step 01985: 246.5909 E_h, exp. variance=0.0113 E_h^2, pmove=0.51
2026-06-08 17:37:21,192 - Step 01986: 246.4091 E_h, exp. variance=0.0124 E_h^2, pmove=0.51
2026-06-08 17:37:21,559 - Step 01987: 246.4629 E_h, exp. variance=0.0119 E_h^2, pmove=0.50
2026-06-08 17:37:21,945 - Step 01988: 246.9460 E_h, exp. variance=0.0254 E_h^2, pmove=0.50
2026-06-08 17:37:22,307 - Step 01989: 246.5836 E_h, exp. variance=0.0229 E_h^2, pmove=0.50
2026-06-08 17:37:22,652 - Step 01990: 246.7036 E_h, exp. variance=0.0219 E_h^2, pmove=0.50
2026-06-08 17:37:22,994 - Step 01991: 246.5706 E_h, exp. variance=0.0198 E_h^2, pmove=0.50
2026-06-08 17:37:23,339 - Step 01992: 246.5357 E_h, exp. variance=0.0181 E_h^2, pmove=0.49
2026-06-08 17:37:23,684 - Step 01993: 246.4393 E_h, exp. variance=0.0182 E_h^2, pmove=0.50
2026-06-08 17:37:24,026 - Step 01994: 246.3910 E_h, exp. variance=0.0193 E_h^2, pmove=0.50
2026-06-08 17:37:24,370 - Step 01995: 246.5763 E_h, exp. variance=0.0174 E_h^2, pmove=0.51
2026-06-08 17:37:24,714 - Step 01996: 246.7136 E_h, exp. variance=0.0179 E_h^2, pmove=0.50
2026-06-08 17:37:25,058 - Step 01997: 246.5414 E_h, exp. variance=0.0162 E_h^2, pmove=0.51
2026-06-08 17:37:25,402 - Step 01998: 246.7079 E_h, exp. variance=0.0163 E_h^2, pmove=0.50
2026-06-08 17:37:25,748 - Step 01999: 246.5011 E_h, exp. variance=0.0153 E_h^2, pmove=0.50
2026-06-08 17:37:26,094 - Step 02000: 246.5130 E_h, exp. variance=0.0141 E_h^2, pmove=0.50
2026-06-08 17:37:26,439 - Step 02001: 246.4756 E_h, exp. variance=0.0135 E_h^2, pmove=0.51
2026-06-08 17:37:26,781 - Step 02002: 246.8300 E_h, exp. variance=0.0187 E_h^2, pmove=0.51
2026-06-08 17:37:27,125 - Step 02003: 246.7300 E_h, exp. variance=0.0187 E_h^2, pmove=0.49
2026-06-08 17:37:27,468 - Step 02004: 246.4718 E_h, exp. variance=0.0183 E_h^2, pmove=0.50
2026-06-08 17:37:27,810 - Step 02005: 246.4931 E_h, exp. variance=0.0173 E_h^2, pmove=0.50
2026-06-08 17:37:28,153 - Step 02006: 246.3757 E_h, exp. variance=0.0193 E_h^2, pmove=0.50
2026-06-08 17:37:28,497 - Step 02007: 246.4638 E_h, exp. variance=0.0181 E_h^2, pmove=0.50
2026-06-08 17:37:28,841 - Step 02008: 246.4460 E_h, exp. variance=0.0173 E_h^2, pmove=0.50
2026-06-08 17:37:29,184 - Step 02009: 246.2568 E_h, exp. variance=0.0227 E_h^2, pmove=0.51
2026-06-08 17:37:29,527 - Step 02010: 246.5294 E_h, exp. variance=0.0204 E_h^2, pmove=0.51
2026-06-08 17:37:29,878 - Step 02011: 246.4190 E_h, exp. variance=0.0192 E_h^2, pmove=0.51
2026-06-08 17:37:30,220 - Step 02012: 246.3497 E_h, exp. variance=0.0194 E_h^2, pmove=0.50
2026-06-08 17:37:30,564 - Step 02013: 246.6001 E_h, exp. variance=0.0186 E_h^2, pmove=0.50
2026-06-08 17:37:30,913 - Step 02014: 246.4993 E_h, exp. variance=0.0167 E_h^2, pmove=0.50
2026-06-08 17:37:31,263 - Step 02015: 246.7505 E_h, exp. variance=0.0207 E_h^2, pmove=0.50
2026-06-08 17:37:31,611 - Step 02016: 246.4146 E_h, exp. variance=0.0197 E_h^2, pmove=0.50
2026-06-08 17:37:31,958 - Step 02017: 246.5216 E_h, exp. variance=0.0178 E_h^2, pmove=0.50
2026-06-08 17:37:32,303 - Step 02018: 246.7058 E_h, exp. variance=0.0193 E_h^2, pmove=0.50
2026-06-08 17:37:32,649 - Step 02019: 246.4992 E_h, exp. variance=0.0175 E_h^2, pmove=0.49
2026-06-08 17:37:32,995 - Step 02020: 246.5350 E_h, exp. variance=0.0157 E_h^2, pmove=0.50
2026-06-08 17:37:33,339 - Step 02021: 246.4442 E_h, exp. variance=0.0148 E_h^2, pmove=0.51
2026-06-08 17:37:33,682 - Step 02022: 246.5398 E_h, exp. variance=0.0134 E_h^2, pmove=0.50
2026-06-08 17:37:34,026 - Step 02023: 246.4374 E_h, exp. variance=0.0127 E_h^2, pmove=0.49
2026-06-08 17:37:34,371 - Step 02024: 246.5447 E_h, exp. variance=0.0115 E_h^2, pmove=0.50
2026-06-08 17:37:34,717 - Step 02025: 246.5288 E_h, exp. variance=0.0104 E_h^2, pmove=0.50
2026-06-08 17:37:35,059 - Step 02026: 246.5797 E_h, exp. variance=0.0097 E_h^2, pmove=0.50
2026-06-08 17:37:35,402 - Step 02027: 246.5958 E_h, exp. variance=0.0092 E_h^2, pmove=0.50
2026-06-08 17:37:35,750 - Step 02028: 246.6617 E_h, exp. variance=0.0098 E_h^2, pmove=0.50
2026-06-08 17:37:36,095 - Step 02029: 246.6553 E_h, exp. variance=0.0099 E_h^2, pmove=0.49
2026-06-08 17:37:36,443 - Step 02030: 246.4583 E_h, exp. variance=0.0097 E_h^2, pmove=0.50
2026-06-08 17:37:36,793 - Step 02031: 246.3537 E_h, exp. variance=0.0121 E_h^2, pmove=0.50
2026-06-08 17:37:37,143 - Step 02032: 246.3795 E_h, exp. variance=0.0129 E_h^2, pmove=0.50
2026-06-08 17:37:37,490 - Step 02033: 246.5037 E_h, exp. variance=0.0116 E_h^2, pmove=0.50
2026-06-08 17:37:37,835 - Step 02034: 246.5121 E_h, exp. variance=0.0104 E_h^2, pmove=0.50
2026-06-08 17:37:38,180 - Step 02035: 246.4963 E_h, exp. variance=0.0094 E_h^2, pmove=0.50
2026-06-08 17:37:38,524 - Step 02036: 246.4198 E_h, exp. variance=0.0092 E_h^2, pmove=0.51
2026-06-08 17:37:38,879 - Step 02037: 246.6378 E_h, exp. variance=0.0100 E_h^2, pmove=0.50
2026-06-08 17:37:39,230 - Step 02038: 246.6637 E_h, exp. variance=0.0110 E_h^2, pmove=0.49
2026-06-08 17:37:39,584 - Step 02039: 246.4904 E_h, exp. variance=0.0100 E_h^2, pmove=0.50
2026-06-08 17:37:39,938 - Step 02040: 246.5705 E_h, exp. variance=0.0092 E_h^2, pmove=0.51
2026-06-08 17:37:40,293 - Step 02041: 246.5502 E_h, exp. variance=0.0083 E_h^2, pmove=0.50
2026-06-08 17:37:40,645 - Step 02042: 246.5148 E_h, exp. variance=0.0075 E_h^2, pmove=0.50
2026-06-08 17:37:41,000 - Step 02043: 246.3913 E_h, exp. variance=0.0085 E_h^2, pmove=0.50
2026-06-08 17:37:41,351 - Step 02044: 246.5960 E_h, exp. variance=0.0082 E_h^2, pmove=0.51
2026-06-08 17:37:41,703 - Step 02045: 246.6223 E_h, exp. variance=0.0083 E_h^2, pmove=0.50
2026-06-08 17:37:42,057 - Step 02046: 246.6202 E_h, exp. variance=0.0081 E_h^2, pmove=0.50
2026-06-08 17:37:42,410 - Step 02047: 246.6470 E_h, exp. variance=0.0083 E_h^2, pmove=0.50
2026-06-08 17:37:42,762 - Step 02048: 246.5527 E_h, exp. variance=0.0074 E_h^2, pmove=0.50
2026-06-08 17:37:43,112 - Step 02049: 246.5498 E_h, exp. variance=0.0067 E_h^2, pmove=0.50
2026-06-08 17:37:43,461 - Step 02050: 246.5088 E_h, exp. variance=0.0062 E_h^2, pmove=0.50
2026-06-08 17:37:43,811 - Step 02051: 246.7894 E_h, exp. variance=0.0108 E_h^2, pmove=0.51
2026-06-08 17:37:44,160 - Step 02052: 246.4978 E_h, exp. variance=0.0102 E_h^2, pmove=0.49
2026-06-08 17:37:44,510 - Step 02053: 246.4320 E_h, exp. variance=0.0108 E_h^2, pmove=0.50
2026-06-08 17:37:44,884 - Step 02054: 246.4078 E_h, exp. variance=0.0116 E_h^2, pmove=0.50
2026-06-08 17:37:45,263 - Step 02055: 246.4031 E_h, exp. variance=0.0120 E_h^2, pmove=0.50
2026-06-08 17:37:45,613 - Step 02056: 246.4348 E_h, exp. variance=0.0116 E_h^2, pmove=0.50
2026-06-08 17:37:45,964 - Step 02057: 246.6942 E_h, exp. variance=0.0133 E_h^2, pmove=0.50
2026-06-08 17:37:46,318 - Step 02058: 246.3159 E_h, exp. variance=0.0162 E_h^2, pmove=0.50
2026-06-08 17:37:46,670 - Step 02059: 246.3803 E_h, exp. variance=0.0161 E_h^2, pmove=0.49
2026-06-08 17:37:47,021 - Step 02060: 246.3938 E_h, exp. variance=0.0155 E_h^2, pmove=0.50
2026-06-08 17:37:47,408 - Step 02061: 246.5357 E_h, exp. variance=0.0141 E_h^2, pmove=0.49
2026-06-08 17:37:47,765 - Step 02062: 246.7174 E_h, exp. variance=0.0173 E_h^2, pmove=0.51
2026-06-08 17:37:48,129 - Step 02063: 246.7206 E_h, exp. variance=0.0194 E_h^2, pmove=0.50
2026-06-08 17:37:48,499 - Step 02064: 246.4496 E_h, exp. variance=0.0181 E_h^2, pmove=0.50
2026-06-08 17:37:48,847 - Step 02065: 246.3765 E_h, exp. variance=0.0183 E_h^2, pmove=0.50
2026-06-08 17:37:49,198 - Step 02066: 246.4265 E_h, exp. variance=0.0171 E_h^2, pmove=0.50
2026-06-08 17:37:49,548 - Step 02067: 246.7099 E_h, exp. variance=0.0193 E_h^2, pmove=0.49
2026-06-08 17:37:49,898 - Step 02068: 246.7364 E_h, exp. variance=0.0214 E_h^2, pmove=0.49
2026-06-08 17:37:50,248 - Step 02069: 246.6907 E_h, exp. variance=0.0212 E_h^2, pmove=0.50
2026-06-08 17:37:50,612 - Step 02070: 262.3268 E_h, exp. variance=22.3928 E_h^2, pmove=0.50
2026-06-08 17:37:50,964 - Step 02071: 247.1057 E_h, exp. variance=20.2492 E_h^2, pmove=0.50
2026-06-08 17:37:51,332 - Step 02072: 246.2384 E_h, exp. variance=18.5142 E_h^2, pmove=0.50
2026-06-08 17:37:51,698 - Step 02073: 246.1518 E_h, exp. variance=16.9236 E_h^2, pmove=0.50
2026-06-08 17:37:52,047 - Step 02074: 246.3985 E_h, exp. variance=15.3799 E_h^2, pmove=0.50
2026-06-08 17:37:52,397 - Step 02075: 246.3517 E_h, exp. variance=13.9722 E_h^2, pmove=0.49
2026-06-08 17:37:52,750 - Step 02076: 246.2713 E_h, exp. variance=12.6969 E_h^2, pmove=0.50
2026-06-08 17:37:53,099 - Step 02077: 246.2367 E_h, exp. variance=11.5325 E_h^2, pmove=0.50
2026-06-08 17:37:53,449 - Step 02078: 246.3575 E_h, exp. variance=10.4447 E_h^2, pmove=0.50
2026-06-08 17:37:53,800 - Step 02079: 246.4214 E_h, exp. variance=9.4448 E_h^2, pmove=0.50
2026-06-08 17:37:54,162 - Step 02080: 246.4308 E_h, exp. variance=8.5353 E_h^2, pmove=0.50
2026-06-08 17:37:54,518 - Step 02081: 246.5936 E_h, exp. variance=7.6961 E_h^2, pmove=0.50
2026-06-08 17:37:54,883 - Step 02082: 246.3815 E_h, exp. variance=6.9558 E_h^2, pmove=0.50
2026-06-08 17:37:55,234 - Step 02083: 246.4679 E_h, exp. variance=6.2767 E_h^2, pmove=0.50
2026-06-08 17:37:55,631 - Step 02084: 246.5092 E_h, exp. variance=5.6596 E_h^2, pmove=0.50
2026-06-08 17:37:55,992 - Step 02085: 246.5919 E_h, exp. variance=5.0983 E_h^2, pmove=0.50
2026-06-08 17:37:56,341 - Step 02086: 246.5810 E_h, exp. variance=4.5926 E_h^2, pmove=0.50
2026-06-08 17:37:56,692 - Step 02087: 246.3156 E_h, exp. variance=4.1523 E_h^2, pmove=0.49
2026-06-08 17:37:57,042 - Step 02088: 246.6399 E_h, exp. variance=3.7377 E_h^2, pmove=0.50
2026-06-08 17:37:57,391 - Step 02089: 246.4570 E_h, exp. variance=3.3702 E_h^2, pmove=0.50
2026-06-08 17:37:57,740 - Step 02090: 246.5894 E_h, exp. variance=3.0341 E_h^2, pmove=0.50
2026-06-08 17:37:58,089 - Step 02091: 246.7458 E_h, exp. variance=2.7311 E_h^2, pmove=0.50
2026-06-08 17:37:58,439 - Step 02092: 246.4424 E_h, exp. variance=2.4634 E_h^2, pmove=0.49
2026-06-08 17:37:58,789 - Step 02093: 246.5549 E_h, exp. variance=2.2182 E_h^2, pmove=0.50
2026-06-08 17:37:59,138 - Step 02094: 246.6167 E_h, exp. variance=1.9965 E_h^2, pmove=0.50
2026-06-08 17:37:59,488 - Step 02095: 246.3273 E_h, exp. variance=1.8062 E_h^2, pmove=0.50
2026-06-08 17:37:59,836 - Step 02096: 246.4519 E_h, exp. variance=1.6280 E_h^2, pmove=0.51
2026-06-08 17:38:00,185 - Step 02097: 246.6670 E_h, exp. variance=1.4656 E_h^2, pmove=0.50
2026-06-08 17:38:00,532 - Step 02098: 246.6257 E_h, exp. variance=1.3191 E_h^2, pmove=0.49
2026-06-08 17:38:00,877 - Step 02099: 246.4347 E_h, exp. variance=1.1899 E_h^2, pmove=0.49
2026-06-08 17:38:01,222 - Step 02100: 246.4832 E_h, exp. variance=1.0720 E_h^2, pmove=0.50
2026-06-08 17:38:01,568 - Step 02101: 246.5125 E_h, exp. variance=0.9652 E_h^2, pmove=0.51
2026-06-08 17:38:01,913 - Step 02102: 246.5508 E_h, exp. variance=0.8688 E_h^2, pmove=0.49
2026-06-08 17:38:02,256 - Step 02103: 246.4491 E_h, exp. variance=0.7832 E_h^2, pmove=0.50
2026-06-08 17:38:02,600 - Step 02104: 246.5636 E_h, exp. variance=0.7049 E_h^2, pmove=0.50
2026-06-08 17:38:02,943 - Step 02105: 246.4097 E_h, exp. variance=0.6365 E_h^2, pmove=0.50
2026-06-08 17:38:03,310 - Step 02106: 246.4157 E_h, exp. variance=0.5743 E_h^2, pmove=0.49
2026-06-08 17:38:03,660 - Step 02107: 246.1844 E_h, exp. variance=0.5278 E_h^2, pmove=0.49
2026-06-08 17:38:04,009 - Step 02108: 246.2037 E_h, exp. variance=0.4827 E_h^2, pmove=0.50
2026-06-08 17:38:04,361 - Step 02109: 246.4442 E_h, exp. variance=0.4345 E_h^2, pmove=0.50
2026-06-08 17:38:04,707 - Step 02110: 246.3911 E_h, exp. variance=0.3916 E_h^2, pmove=0.49
2026-06-08 17:38:05,052 - Step 02111: 246.4778 E_h, exp. variance=0.3524 E_h^2, pmove=0.51
2026-06-08 17:38:05,398 - Step 02112: 246.4526 E_h, exp. variance=0.3172 E_h^2, pmove=0.49
2026-06-08 17:38:05,743 - Step 02113: 246.5858 E_h, exp. variance=0.2869 E_h^2, pmove=0.50
2026-06-08 17:38:06,087 - Step 02114: 246.6278 E_h, exp. variance=0.2604 E_h^2, pmove=0.50
2026-06-08 17:38:06,432 - Step 02115: 246.4964 E_h, exp. variance=0.2344 E_h^2, pmove=0.50
2026-06-08 17:38:06,778 - Step 02116: 246.4995 E_h, exp. variance=0.2110 E_h^2, pmove=0.51
2026-06-08 17:38:07,124 - Step 02117: 246.5351 E_h, exp. variance=0.1900 E_h^2, pmove=0.50
2026-06-08 17:38:07,473 - Step 02118: 246.4600 E_h, exp. variance=0.1711 E_h^2, pmove=0.50
2026-06-08 17:38:07,820 - Step 02119: 246.6323 E_h, exp. variance=0.1558 E_h^2, pmove=0.50
2026-06-08 17:38:08,167 - Step 02120: 246.4388 E_h, exp. variance=0.1406 E_h^2, pmove=0.50
2026-06-08 17:38:08,512 - Step 02121: 246.2293 E_h, exp. variance=0.1331 E_h^2, pmove=0.50
2026-06-08 17:38:08,858 - Step 02122: 246.4719 E_h, exp. variance=0.1198 E_h^2, pmove=0.50
2026-06-08 17:38:09,222 - Step 02123: 246.3663 E_h, exp. variance=0.1088 E_h^2, pmove=0.50
2026-06-08 17:38:09,572 - Step 02124: 246.4395 E_h, exp. variance=0.0980 E_h^2, pmove=0.50
2026-06-08 17:38:09,919 - Step 02125: 246.2615 E_h, exp. variance=0.0917 E_h^2, pmove=0.51
2026-06-08 17:38:10,267 - Step 02126: 246.1959 E_h, exp. variance=0.0878 E_h^2, pmove=0.51
2026-06-08 17:38:10,613 - Step 02127: 246.3827 E_h, exp. variance=0.0791 E_h^2, pmove=0.50
2026-06-08 17:38:10,960 - Step 02128: 246.9964 E_h, exp. variance=0.1020 E_h^2, pmove=0.50
2026-06-08 17:38:11,306 - Step 02129: 246.6365 E_h, exp. variance=0.0943 E_h^2, pmove=0.50
2026-06-08 17:38:11,651 - Step 02130: 246.5897 E_h, exp. variance=0.0858 E_h^2, pmove=0.50
2026-06-08 17:38:11,995 - Step 02131: 246.2763 E_h, exp. variance=0.0816 E_h^2, pmove=0.50
2026-06-08 17:38:12,340 - Step 02132: 246.3202 E_h, exp. variance=0.0756 E_h^2, pmove=0.50
2026-06-08 17:38:12,685 - Step 02133: 246.3791 E_h, exp. variance=0.0686 E_h^2, pmove=0.50
2026-06-08 17:38:13,030 - Step 02134: 246.4002 E_h, exp. variance=0.0620 E_h^2, pmove=0.50
2026-06-08 17:38:13,376 - Step 02135: 246.3489 E_h, exp. variance=0.0567 E_h^2, pmove=0.50
2026-06-08 17:38:13,723 - Step 02136: 246.3957 E_h, exp. variance=0.0511 E_h^2, pmove=0.50
2026-06-08 17:38:14,067 - Step 02137: 246.4422 E_h, exp. variance=0.0460 E_h^2, pmove=0.49
2026-06-08 17:38:14,415 - Step 02138: 246.3900 E_h, exp. variance=0.0416 E_h^2, pmove=0.51
2026-06-08 17:38:14,765 - Step 02139: 246.7595 E_h, exp. variance=0.0473 E_h^2, pmove=0.50
2026-06-08 17:38:15,115 - Step 02140: 246.3670 E_h, exp. variance=0.0434 E_h^2, pmove=0.50
2026-06-08 17:38:15,463 - Step 02141: 246.6409 E_h, exp. variance=0.0422 E_h^2, pmove=0.50
2026-06-08 17:38:15,811 - Step 02142: 246.3724 E_h, exp. variance=0.0389 E_h^2, pmove=0.50
2026-06-08 17:38:16,158 - Step 02143: 246.5935 E_h, exp. variance=0.0366 E_h^2, pmove=0.50
2026-06-08 17:38:16,504 - Step 02144: 246.9958 E_h, exp. variance=0.0573 E_h^2, pmove=0.50
2026-06-08 17:38:16,851 - Step 02145: 246.9826 E_h, exp. variance=0.0703 E_h^2, pmove=0.50
2026-06-08 17:38:17,201 - Step 02146: 246.5096 E_h, exp. variance=0.0636 E_h^2, pmove=0.50
2026-06-08 17:38:17,550 - Step 02147: 246.6322 E_h, exp. variance=0.0577 E_h^2, pmove=0.51
2026-06-08 17:38:17,895 - Step 02148: 247.4639 E_h, exp. variance=0.1234 E_h^2, pmove=0.50
2026-06-08 17:38:18,244 - Step 02149: 246.3308 E_h, exp. variance=0.1209 E_h^2, pmove=0.50
2026-06-08 17:38:18,591 - Step 02150: 246.4287 E_h, exp. variance=0.1124 E_h^2, pmove=0.50
2026-06-08 17:38:18,938 - Step 02151: 246.5857 E_h, exp. variance=0.1012 E_h^2, pmove=0.50
2026-06-08 17:38:19,283 - Step 02152: 246.4196 E_h, exp. variance=0.0942 E_h^2, pmove=0.50
2026-06-08 17:38:19,628 - Step 02153: 246.5823 E_h, exp. variance=0.0848 E_h^2, pmove=0.50
2026-06-08 17:38:19,974 - Step 02154: 246.4801 E_h, exp. variance=0.0774 E_h^2, pmove=0.50
2026-06-08 17:38:20,322 - Step 02155: 246.4603 E_h, exp. variance=0.0708 E_h^2, pmove=0.50
2026-06-08 17:38:20,670 - Step 02156: 246.4702 E_h, exp. variance=0.0646 E_h^2, pmove=0.50
2026-06-08 17:38:21,016 - Step 02157: 246.6277 E_h, exp. variance=0.0586 E_h^2, pmove=0.50
2026-06-08 17:38:21,367 - Step 02158: 246.6451 E_h, exp. variance=0.0533 E_h^2, pmove=0.50
2026-06-08 17:38:21,710 - Step 02159: 246.2849 E_h, exp. variance=0.0554 E_h^2, pmove=0.50
2026-06-08 17:38:22,054 - Step 02160: 246.5263 E_h, exp. variance=0.0498 E_h^2, pmove=0.50
2026-06-08 17:38:22,401 - Step 02161: 246.1797 E_h, exp. variance=0.0566 E_h^2, pmove=0.49
2026-06-08 17:38:22,746 - Step 02162: 246.3350 E_h, exp. variance=0.0535 E_h^2, pmove=0.50
2026-06-08 17:38:23,102 - Step 02163: 246.4907 E_h, exp. variance=0.0482 E_h^2, pmove=0.50
2026-06-08 17:38:23,452 - Step 02164: 246.4996 E_h, exp. variance=0.0434 E_h^2, pmove=0.50
2026-06-08 17:38:23,798 - Step 02165: 246.0605 E_h, exp. variance=0.0556 E_h^2, pmove=0.50
2026-06-08 17:38:24,143 - Step 02166: 246.2248 E_h, exp. variance=0.0544 E_h^2, pmove=0.50
2026-06-08 17:38:24,496 - Step 02167: 246.3492 E_h, exp. variance=0.0495 E_h^2, pmove=0.50
2026-06-08 17:38:24,841 - Step 02168: 246.1824 E_h, exp. variance=0.0495 E_h^2, pmove=0.50
2026-06-08 17:38:25,187 - Step 02169: 246.5198 E_h, exp. variance=0.0460 E_h^2, pmove=0.51
2026-06-08 17:38:25,534 - Step 02170: 246.4012 E_h, exp. variance=0.0414 E_h^2, pmove=0.50
2026-06-08 17:38:25,879 - Step 02171: 246.4999 E_h, exp. variance=0.0380 E_h^2, pmove=0.50
2026-06-08 17:38:26,224 - Step 02172: 246.4111 E_h, exp. variance=0.0342 E_h^2, pmove=0.50
2026-06-08 17:38:26,573 - Step 02173: 246.1831 E_h, exp. variance=0.0356 E_h^2, pmove=0.50
2026-06-08 17:38:26,919 - Step 02174: 246.3257 E_h, exp. variance=0.0325 E_h^2, pmove=0.50
2026-06-08 17:38:27,269 - Step 02175: 246.3168 E_h, exp. variance=0.0296 E_h^2, pmove=0.50
2026-06-08 17:38:27,619 - Step 02176: 246.4078 E_h, exp. variance=0.0267 E_h^2, pmove=0.50
2026-06-08 17:38:27,963 - Step 02177: 246.4624 E_h, exp. variance=0.0247 E_h^2, pmove=0.50
2026-06-08 17:38:28,309 - Step 02178: 246.4502 E_h, exp. variance=0.0225 E_h^2, pmove=0.50
2026-06-08 17:38:28,654 - Step 02179: 246.4068 E_h, exp. variance=0.0203 E_h^2, pmove=0.50
2026-06-08 17:38:28,998 - Step 02180: 246.3222 E_h, exp. variance=0.0188 E_h^2, pmove=0.50
2026-06-08 17:38:29,345 - Step 02181: 246.6166 E_h, exp. variance=0.0215 E_h^2, pmove=0.50
2026-06-08 17:38:29,694 - Step 02182: 246.2123 E_h, exp. variance=0.0230 E_h^2, pmove=0.50
2026-06-08 17:38:30,040 - Step 02183: 246.3161 E_h, exp. variance=0.0212 E_h^2, pmove=0.50
2026-06-08 17:38:30,388 - Step 02184: 246.2768 E_h, exp. variance=0.0201 E_h^2, pmove=0.50
2026-06-08 17:38:30,739 - Step 02185: 246.2925 E_h, exp. variance=0.0187 E_h^2, pmove=0.50
2026-06-08 17:38:31,085 - Step 02186: 246.3009 E_h, exp. variance=0.0172 E_h^2, pmove=0.49
2026-06-08 17:38:31,431 - Step 02187: 246.4362 E_h, exp. variance=0.0160 E_h^2, pmove=0.50
2026-06-08 17:38:31,775 - Step 02188: 246.2440 E_h, exp. variance=0.0158 E_h^2, pmove=0.50
2026-06-08 17:38:32,122 - Step 02189: 246.3468 E_h, exp. variance=0.0142 E_h^2, pmove=0.50
2026-06-08 17:38:32,469 - Step 02190: 246.3928 E_h, exp. variance=0.0129 E_h^2, pmove=0.50
2026-06-08 17:38:32,814 - Step 02191: 246.4196 E_h, exp. variance=0.0120 E_h^2, pmove=0.50
2026-06-08 17:38:33,159 - Step 02192: 246.2770 E_h, exp. variance=0.0114 E_h^2, pmove=0.50
2026-06-08 17:38:33,506 - Step 02193: 246.2266 E_h, exp. variance=0.0118 E_h^2, pmove=0.50
2026-06-08 17:38:33,852 - Step 02194: 246.4167 E_h, exp. variance=0.0111 E_h^2, pmove=0.50
2026-06-08 17:38:34,199 - Step 02195: 246.2627 E_h, exp. variance=0.0107 E_h^2, pmove=0.50
2026-06-08 17:38:34,543 - Step 02196: 246.3922 E_h, exp. variance=0.0098 E_h^2, pmove=0.51
2026-06-08 17:38:34,888 - Step 02197: 246.4065 E_h, exp. variance=0.0092 E_h^2, pmove=0.50
2026-06-08 17:38:35,233 - Step 02198: 246.4270 E_h, exp. variance=0.0088 E_h^2, pmove=0.50
2026-06-08 17:38:35,580 - Step 02199: 246.1843 E_h, exp. variance=0.0107 E_h^2, pmove=0.50
2026-06-08 17:38:35,925 - Step 02200: 246.2800 E_h, exp. variance=0.0099 E_h^2, pmove=0.51
2026-06-08 17:38:36,272 - Step 02201: 250.2051 E_h, exp. variance=1.3564 E_h^2, pmove=0.50
2026-06-08 17:38:36,619 - Step 02202: 246.9721 E_h, exp. variance=1.2263 E_h^2, pmove=0.50
2026-06-08 17:38:36,965 - Step 02203: 246.3479 E_h, exp. variance=1.1181 E_h^2, pmove=0.50
2026-06-08 17:38:37,321 - Step 02204: 246.6271 E_h, exp. variance=1.0069 E_h^2, pmove=0.50
2026-06-08 17:38:37,666 - Step 02205: 246.3976 E_h, exp. variance=0.9144 E_h^2, pmove=0.50
2026-06-08 17:38:38,014 - Step 02206: 246.3865 E_h, exp. variance=0.8301 E_h^2, pmove=0.51
2026-06-08 17:38:38,359 - Step 02207: 246.4817 E_h, exp. variance=0.7494 E_h^2, pmove=0.50
2026-06-08 17:38:38,704 - Step 02208: 246.4893 E_h, exp. variance=0.6761 E_h^2, pmove=0.49
2026-06-08 17:38:39,047 - Step 02209: 246.3091 E_h, exp. variance=0.6168 E_h^2, pmove=0.50
2026-06-08 17:38:39,394 - Step 02210: 246.6843 E_h, exp. variance=0.5560 E_h^2, pmove=0.50
2026-06-08 17:38:39,741 - Step 02211: 246.4930 E_h, exp. variance=0.5013 E_h^2, pmove=0.50
2026-06-08 17:38:40,089 - Step 02212: 246.6025 E_h, exp. variance=0.4512 E_h^2, pmove=0.50
2026-06-08 17:38:40,436 - Step 02213: 246.4063 E_h, exp. variance=0.4089 E_h^2, pmove=0.50
2026-06-08 17:38:40,785 - Step 02214: 246.5667 E_h, exp. variance=0.3680 E_h^2, pmove=0.51
2026-06-08 17:38:41,131 - Step 02215: 246.3099 E_h, exp. variance=0.3372 E_h^2, pmove=0.50
2026-06-08 17:38:41,479 - Step 02216: 246.3541 E_h, exp. variance=0.3066 E_h^2, pmove=0.50
2026-06-08 17:38:41,824 - Step 02217: 246.2931 E_h, exp. variance=0.2806 E_h^2, pmove=0.50
2026-06-08 17:38:42,170 - Step 02218: 246.3109 E_h, exp. variance=0.2557 E_h^2, pmove=0.50
2026-06-08 17:38:42,516 - Step 02219: 246.5195 E_h, exp. variance=0.2303 E_h^2, pmove=0.50
2026-06-08 17:38:42,863 - Step 02220: 246.2308 E_h, exp. variance=0.2130 E_h^2, pmove=0.50
2026-06-08 17:38:43,211 - Step 02221: 246.4038 E_h, exp. variance=0.1920 E_h^2, pmove=0.50
2026-06-08 17:38:43,557 - Step 02222: 246.4635 E_h, exp. variance=0.1728 E_h^2, pmove=0.50
2026-06-08 17:38:43,903 - Step 02223: 246.3626 E_h, exp. variance=0.1563 E_h^2, pmove=0.50
2026-06-08 17:38:44,249 - Step 02224: 246.3498 E_h, exp. variance=0.1415 E_h^2, pmove=0.50
2026-06-08 17:38:44,594 - Step 02225: 246.3905 E_h, exp. variance=0.1275 E_h^2, pmove=0.50
2026-06-08 17:38:44,939 - Step 02226: 246.3098 E_h, exp. variance=0.1161 E_h^2, pmove=0.50
2026-06-08 17:38:45,285 - Step 02227: 246.3123 E_h, exp. variance=0.1055 E_h^2, pmove=0.50
2026-06-08 17:38:45,630 - Step 02228: 246.2673 E_h, exp. variance=0.0967 E_h^2, pmove=0.49
2026-06-08 17:38:45,977 - Step 02229: 246.3065 E_h, exp. variance=0.0878 E_h^2, pmove=0.50
2026-06-08 17:38:46,321 - Step 02230: 246.3074 E_h, exp. variance=0.0795 E_h^2, pmove=0.50
2026-06-08 17:38:46,667 - Step 02231: 246.3143 E_h, exp. variance=0.0719 E_h^2, pmove=0.50
2026-06-08 17:38:47,011 - Step 02232: 246.2673 E_h, exp. variance=0.0657 E_h^2, pmove=0.50
2026-06-08 17:38:47,358 - Step 02233: 246.3247 E_h, exp. variance=0.0593 E_h^2, pmove=0.50
2026-06-08 17:38:47,704 - Step 02234: 246.2745 E_h, exp. variance=0.0540 E_h^2, pmove=0.50
2026-06-08 17:38:48,051 - Step 02235: 246.3823 E_h, exp. variance=0.0487 E_h^2, pmove=0.49
2026-06-08 17:38:48,399 - Step 02236: 246.2500 E_h, exp. variance=0.0447 E_h^2, pmove=0.49
2026-06-08 17:38:48,747 - Step 02237: 246.3134 E_h, exp. variance=0.0403 E_h^2, pmove=0.49
2026-06-08 17:38:49,093 - Step 02238: 246.7639 E_h, exp. variance=0.0525 E_h^2, pmove=0.50
2026-06-08 17:38:49,437 - Step 02239: 246.5564 E_h, exp. variance=0.0500 E_h^2, pmove=0.50
2026-06-08 17:38:49,784 - Step 02240: 246.7150 E_h, exp. variance=0.0540 E_h^2, pmove=0.50
2026-06-08 17:38:50,129 - Step 02241: 246.4805 E_h, exp. variance=0.0488 E_h^2, pmove=0.50
2026-06-08 17:38:50,474 - Step 02242: 246.3314 E_h, exp. variance=0.0449 E_h^2, pmove=0.50
2026-06-08 17:38:50,819 - Step 02243: 246.2873 E_h, exp. variance=0.0421 E_h^2, pmove=0.50
2026-06-08 17:38:51,168 - Step 02244: 246.3300 E_h, exp. variance=0.0385 E_h^2, pmove=0.49
2026-06-08 17:38:51,515 - Step 02245: 246.2094 E_h, exp. variance=0.0381 E_h^2, pmove=0.49
2026-06-08 17:38:51,861 - Step 02246: 246.2172 E_h, exp. variance=0.0368 E_h^2, pmove=0.50
2026-06-08 17:38:52,205 - Step 02247: 246.3573 E_h, exp. variance=0.0331 E_h^2, pmove=0.50
2026-06-08 17:38:52,573 - Step 02248: 246.4883 E_h, exp. variance=0.0311 E_h^2, pmove=0.50
2026-06-08 17:38:52,919 - Step 02249: 246.4129 E_h, exp. variance=0.0281 E_h^2, pmove=0.50
2026-06-08 17:38:53,263 - Step 02250: 246.3511 E_h, exp. variance=0.0254 E_h^2, pmove=0.51
2026-06-08 17:38:53,608 - Step 02251: 246.3433 E_h, exp. variance=0.0230 E_h^2, pmove=0.50
2026-06-08 17:38:53,954 - Step 02252: 246.5297 E_h, exp. variance=0.0228 E_h^2, pmove=0.50
2026-06-08 17:38:54,302 - Step 02253: 246.2777 E_h, exp. variance=0.0217 E_h^2, pmove=0.50
2026-06-08 17:38:54,678 - Step 02254: 246.2970 E_h, exp. variance=0.0201 E_h^2, pmove=0.51
2026-06-08 17:38:55,025 - Step 02255: 246.4017 E_h, exp. variance=0.0182 E_h^2, pmove=0.50
2026-06-08 17:38:55,369 - Step 02256: 246.2642 E_h, exp. variance=0.0175 E_h^2, pmove=0.50
2026-06-08 17:38:55,713 - Step 02257: 246.5929 E_h, exp. variance=0.0205 E_h^2, pmove=0.50
2026-06-08 17:38:56,060 - Step 02258: 246.3356 E_h, exp. variance=0.0187 E_h^2, pmove=0.50
2026-06-08 17:38:56,405 - Step 02259: 246.6055 E_h, exp. variance=0.0213 E_h^2, pmove=0.50
2026-06-08 17:38:56,749 - Step 02260: 246.2399 E_h, exp. variance=0.0216 E_h^2, pmove=0.51
2026-06-08 17:38:57,092 - Step 02261: 246.3042 E_h, exp. variance=0.0201 E_h^2, pmove=0.50
2026-06-08 17:38:57,445 - Step 02262: 246.3926 E_h, exp. variance=0.0181 E_h^2, pmove=0.50
2026-06-08 17:38:57,793 - Step 02263: 246.1478 E_h, exp. variance=0.0211 E_h^2, pmove=0.50
2026-06-08 17:38:58,147 - Step 02264: 246.2980 E_h, exp. variance=0.0193 E_h^2, pmove=0.50
2026-06-08 17:38:58,510 - Step 02265: 246.3681 E_h, exp. variance=0.0174 E_h^2, pmove=0.50
2026-06-08 17:38:58,857 - Step 02266: 246.3728 E_h, exp. variance=0.0157 E_h^2, pmove=0.50
2026-06-08 17:38:59,205 - Step 02267: 246.6642 E_h, exp. variance=0.0228 E_h^2, pmove=0.50
2026-06-08 17:38:59,553 - Step 02268: 246.3996 E_h, exp. variance=0.0205 E_h^2, pmove=0.49
2026-06-08 17:38:59,900 - Step 02269: 246.2615 E_h, exp. variance=0.0199 E_h^2, pmove=0.50
2026-06-08 17:39:00,246 - Step 02270: 246.2334 E_h, exp. variance=0.0197 E_h^2, pmove=0.50
2026-06-08 17:39:00,603 - Step 02271: 246.3566 E_h, exp. variance=0.0177 E_h^2, pmove=0.50
2026-06-08 17:39:00,969 - Step 02272: 246.3141 E_h, exp. variance=0.0161 E_h^2, pmove=0.51
2026-06-08 17:39:01,315 - Step 02273: 246.2164 E_h, exp. variance=0.0163 E_h^2, pmove=0.51
2026-06-08 17:39:01,682 - Step 02274: 246.0834 E_h, exp. variance=0.0206 E_h^2, pmove=0.51
2026-06-08 17:39:02,025 - Step 02275: 246.3721 E_h, exp. variance=0.0189 E_h^2, pmove=0.50
2026-06-08 17:39:02,369 - Step 02276: 246.1419 E_h, exp. variance=0.0199 E_h^2, pmove=0.50
2026-06-08 17:39:02,712 - Step 02277: 246.2310 E_h, exp. variance=0.0184 E_h^2, pmove=0.50
2026-06-08 17:39:03,056 - Step 02278: 246.2976 E_h, exp. variance=0.0165 E_h^2, pmove=0.50
2026-06-08 17:39:03,400 - Step 02279: 246.4249 E_h, exp. variance=0.0164 E_h^2, pmove=0.49
2026-06-08 17:39:04,465 - Step 02280: 246.2614 E_h, exp. variance=0.0149 E_h^2, pmove=0.50
2026-06-08 17:39:04,809 - Step 02281: 246.2424 E_h, exp. variance=0.0138 E_h^2, pmove=0.50
2026-06-08 17:39:05,157 - Step 02282: 246.1546 E_h, exp. variance=0.0143 E_h^2, pmove=0.50
2026-06-08 17:39:05,505 - Step 02283: 246.2160 E_h, exp. variance=0.0132 E_h^2, pmove=0.50
2026-06-08 17:39:05,849 - Step 02284: 246.5676 E_h, exp. variance=0.0195 E_h^2, pmove=0.50
2026-06-08 17:39:06,192 - Step 02285: 246.2063 E_h, exp. variance=0.0185 E_h^2, pmove=0.49
2026-06-08 17:39:06,536 - Step 02286: 246.4027 E_h, exp. variance=0.0176 E_h^2, pmove=0.50
2026-06-08 17:39:06,885 - Step 02287: 246.4509 E_h, exp. variance=0.0177 E_h^2, pmove=0.50
2026-06-08 17:39:07,230 - Step 02288: 246.2694 E_h, exp. variance=0.0162 E_h^2, pmove=0.50
2026-06-08 17:39:07,575 - Step 02289: 246.3508 E_h, exp. variance=0.0147 E_h^2, pmove=0.50
2026-06-08 17:39:07,918 - Step 02290: 246.2743 E_h, exp. variance=0.0134 E_h^2, pmove=0.50
2026-06-08 17:39:08,264 - Step 02291: 246.4783 E_h, exp. variance=0.0145 E_h^2, pmove=0.50
2026-06-08 17:39:08,608 - Step 02292: 246.3829 E_h, exp. variance=0.0133 E_h^2, pmove=0.49
2026-06-08 17:39:08,957 - Step 02293: 246.2297 E_h, exp. variance=0.0130 E_h^2, pmove=0.49
2026-06-08 17:39:09,304 - Step 02294: 246.2926 E_h, exp. variance=0.0118 E_h^2, pmove=0.50
2026-06-08 17:39:09,650 - Step 02295: 246.2089 E_h, exp. variance=0.0117 E_h^2, pmove=0.50
2026-06-08 17:39:09,994 - Step 02296: 246.2783 E_h, exp. variance=0.0107 E_h^2, pmove=0.50
2026-06-08 17:39:10,339 - Step 02297: 246.3282 E_h, exp. variance=0.0096 E_h^2, pmove=0.50
2026-06-08 17:39:10,686 - Step 02298: 246.3824 E_h, exp. variance=0.0092 E_h^2, pmove=0.50
2026-06-08 17:39:11,033 - Step 02299: 246.3936 E_h, exp. variance=0.0088 E_h^2, pmove=0.50
2026-06-08 17:39:11,378 - Step 02300: 246.1835 E_h, exp. variance=0.0097 E_h^2, pmove=0.50
2026-06-08 17:39:11,721 - Step 02301: 246.3102 E_h, exp. variance=0.0087 E_h^2, pmove=0.50
2026-06-08 17:39:12,063 - Step 02302: 246.3605 E_h, exp. variance=0.0081 E_h^2, pmove=0.49
2026-06-08 17:39:12,408 - Step 02303: 246.7845 E_h, exp. variance=0.0270 E_h^2, pmove=0.50
2026-06-08 17:39:12,753 - Step 02304: 246.3196 E_h, exp. variance=0.0245 E_h^2, pmove=0.49
2026-06-08 17:39:13,096 - Step 02305: 246.3455 E_h, exp. variance=0.0221 E_h^2, pmove=0.50
2026-06-08 17:39:13,441 - Step 02306: 246.3193 E_h, exp. variance=0.0200 E_h^2, pmove=0.49
2026-06-08 17:39:13,789 - Step 02307: 246.2144 E_h, exp. variance=0.0197 E_h^2, pmove=0.50
2026-06-08 17:39:14,137 - Step 02308: 246.3392 E_h, exp. variance=0.0178 E_h^2, pmove=0.50
2026-06-08 17:39:14,485 - Step 02309: 247.0202 E_h, exp. variance=0.0577 E_h^2, pmove=0.49
2026-06-08 17:39:14,830 - Step 02310: 246.2974 E_h, exp. variance=0.0530 E_h^2, pmove=0.49
2026-06-08 17:39:15,174 - Step 02311: 246.2272 E_h, exp. variance=0.0503 E_h^2, pmove=0.50
2026-06-08 17:39:15,517 - Step 02312: 246.2566 E_h, exp. variance=0.0466 E_h^2, pmove=0.50
2026-06-08 17:39:15,860 - Step 02313: 246.3209 E_h, exp. variance=0.0422 E_h^2, pmove=0.50
2026-06-08 17:39:16,208 - Step 02314: 246.2215 E_h, exp. variance=0.0397 E_h^2, pmove=0.50
2026-06-08 17:39:16,552 - Step 02315: 247.2488 E_h, exp. variance=0.1087 E_h^2, pmove=0.50
2026-06-08 17:39:16,897 - Step 02316: 246.3618 E_h, exp. variance=0.0984 E_h^2, pmove=0.50
2026-06-08 17:39:17,241 - Step 02317: 246.2755 E_h, exp. variance=0.0907 E_h^2, pmove=0.50
2026-06-08 17:39:17,585 - Step 02318: 246.3242 E_h, exp. variance=0.0824 E_h^2, pmove=0.50
2026-06-08 17:39:17,929 - Step 02319: 246.3828 E_h, exp. variance=0.0742 E_h^2, pmove=0.50
2026-06-08 17:39:18,271 - Step 02320: 246.3344 E_h, exp. variance=0.0672 E_h^2, pmove=0.50
2026-06-08 17:39:18,614 - Step 02321: 246.4136 E_h, exp. variance=0.0605 E_h^2, pmove=0.50
2026-06-08 17:39:18,959 - Step 02322: 246.3659 E_h, exp. variance=0.0546 E_h^2, pmove=0.50
2026-06-08 17:39:19,304 - Step 02323: 246.2539 E_h, exp. variance=0.0509 E_h^2, pmove=0.49
2026-06-08 17:39:19,649 - Step 02324: 246.3535 E_h, exp. variance=0.0459 E_h^2, pmove=0.51
2026-06-08 17:39:19,991 - Step 02325: 246.1763 E_h, exp. variance=0.0450 E_h^2, pmove=0.50
2026-06-08 17:39:20,333 - Step 02326: 246.3229 E_h, exp. variance=0.0406 E_h^2, pmove=0.50
2026-06-08 17:39:20,677 - Step 02327: 247.4835 E_h, exp. variance=0.1512 E_h^2, pmove=0.51
2026-06-08 17:39:21,022 - Step 02328: 246.3018 E_h, exp. variance=0.1386 E_h^2, pmove=0.49
2026-06-08 17:39:21,367 - Step 02329: 246.3335 E_h, exp. variance=0.1259 E_h^2, pmove=0.51
2026-06-08 17:39:21,710 - Step 02330: 246.2838 E_h, exp. variance=0.1155 E_h^2, pmove=0.50
2026-06-08 17:39:22,055 - Step 02331: 246.4483 E_h, exp. variance=0.1040 E_h^2, pmove=0.50
2026-06-08 17:39:22,398 - Step 02332: 246.3685 E_h, exp. variance=0.0939 E_h^2, pmove=0.50
2026-06-08 17:39:22,742 - Step 02333: 246.3833 E_h, exp. variance=0.0847 E_h^2, pmove=0.50
2026-06-08 17:39:23,084 - Step 02334: 246.5418 E_h, exp. variance=0.0776 E_h^2, pmove=0.50
2026-06-08 17:39:23,428 - Step 02335: 246.9808 E_h, exp. variance=0.0972 E_h^2, pmove=0.50
2026-06-08 17:39:23,771 - Step 02336: 246.2332 E_h, exp. variance=0.0932 E_h^2, pmove=0.50
2026-06-08 17:39:24,113 - Step 02337: 246.3324 E_h, exp. variance=0.0853 E_h^2, pmove=0.50
2026-06-08 17:39:24,456 - Step 02338: 246.2919 E_h, exp. variance=0.0789 E_h^2, pmove=0.49
2026-06-08 17:39:24,799 - Step 02339: 246.2981 E_h, exp. variance=0.0726 E_h^2, pmove=0.50
2026-06-08 17:39:25,142 - Step 02340: 246.3032 E_h, exp. variance=0.0665 E_h^2, pmove=0.50
2026-06-08 17:39:25,485 - Step 02341: 246.2781 E_h, exp. variance=0.0614 E_h^2, pmove=0.50
2026-06-08 17:39:25,830 - Step 02342: 246.4348 E_h, exp. variance=0.0554 E_h^2, pmove=0.50
2026-06-08 17:39:26,178 - Step 02343: 246.2675 E_h, exp. variance=0.0514 E_h^2, pmove=0.50
2026-06-08 17:39:26,525 - Step 02344: 246.3676 E_h, exp. variance=0.0463 E_h^2, pmove=0.50
2026-06-08 17:39:26,878 - Step 02345: 246.4054 E_h, exp. variance=0.0417 E_h^2, pmove=0.50
2026-06-08 17:39:27,221 - Step 02346: 246.4799 E_h, exp. variance=0.0383 E_h^2, pmove=0.50
2026-06-08 17:39:27,564 - Step 02347: 246.3377 E_h, exp. variance=0.0348 E_h^2, pmove=0.50
2026-06-08 17:39:27,908 - Step 02348: 246.3141 E_h, exp. variance=0.0318 E_h^2, pmove=0.50
2026-06-08 17:39:28,251 - Step 02349: 246.2672 E_h, exp. variance=0.0298 E_h^2, pmove=0.49
2026-06-08 17:39:28,596 - Step 02350: 246.4377 E_h, exp. variance=0.0272 E_h^2, pmove=0.50
2026-06-08 17:39:28,940 - Step 02351: 246.2634 E_h, exp. variance=0.0257 E_h^2, pmove=0.50
2026-06-08 17:39:29,284 - Step 02352: 246.3294 E_h, exp. variance=0.0232 E_h^2, pmove=0.50
2026-06-08 17:39:29,632 - Step 02353: 246.2293 E_h, exp. variance=0.0225 E_h^2, pmove=0.49
2026-06-08 17:39:29,982 - Step 02354: 246.2288 E_h, exp. variance=0.0215 E_h^2, pmove=0.51
2026-06-08 17:39:30,328 - Step 02355: 246.4155 E_h, exp. variance=0.0199 E_h^2, pmove=0.49
2026-06-08 17:39:30,679 - Step 02356: 246.2540 E_h, exp. variance=0.0187 E_h^2, pmove=0.50
2026-06-08 17:39:31,024 - Step 02357: 246.4384 E_h, exp. variance=0.0178 E_h^2, pmove=0.49
2026-06-08 17:39:31,371 - Step 02358: 246.3665 E_h, exp. variance=0.0160 E_h^2, pmove=0.49
2026-06-08 17:39:31,717 - Step 02359: 246.3086 E_h, exp. variance=0.0146 E_h^2, pmove=0.50
2026-06-08 17:39:32,063 - Step 02360: 246.3525 E_h, exp. variance=0.0131 E_h^2, pmove=0.50
2026-06-08 17:39:32,408 - Step 02361: 246.3428 E_h, exp. variance=0.0118 E_h^2, pmove=0.50
2026-06-08 17:39:32,756 - Step 02362: 246.1726 E_h, exp. variance=0.0133 E_h^2, pmove=0.50
2026-06-08 17:39:33,103 - Step 02363: 246.1164 E_h, exp. variance=0.0160 E_h^2, pmove=0.50
2026-06-08 17:39:33,451 - Step 02364: 246.1332 E_h, exp. variance=0.0171 E_h^2, pmove=0.51
2026-06-08 17:39:33,797 - Step 02365: 246.2610 E_h, exp. variance=0.0154 E_h^2, pmove=0.50
2026-06-08 17:39:34,141 - Step 02366: 246.3307 E_h, exp. variance=0.0141 E_h^2, pmove=0.50
2026-06-08 17:39:34,491 - Step 02367: 246.3249 E_h, exp. variance=0.0128 E_h^2, pmove=0.50
2026-06-08 17:39:34,838 - Step 02368: 246.4055 E_h, exp. variance=0.0126 E_h^2, pmove=0.51
2026-06-08 17:39:35,188 - Step 02369: 246.3272 E_h, exp. variance=0.0114 E_h^2, pmove=0.51
2026-06-08 17:39:35,534 - Step 02370: 246.4149 E_h, exp. variance=0.0113 E_h^2, pmove=0.50
2026-06-08 17:39:35,884 - Step 02371: 246.3595 E_h, exp. variance=0.0103 E_h^2, pmove=0.50
2026-06-08 17:39:36,231 - Step 02372: 246.3071 E_h, exp. variance=0.0093 E_h^2, pmove=0.51
2026-06-08 17:39:36,576 - Step 02373: 246.2394 E_h, exp. variance=0.0090 E_h^2, pmove=0.50
2026-06-08 17:39:36,920 - Step 02374: 246.1805 E_h, exp. variance=0.0096 E_h^2, pmove=0.49
2026-06-08 17:39:37,266 - Step 02375: 246.0869 E_h, exp. variance=0.0127 E_h^2, pmove=0.50
2026-06-08 17:39:37,611 - Step 02376: 246.1109 E_h, exp. variance=0.0140 E_h^2, pmove=0.50
2026-06-08 17:39:37,954 - Step 02377: 246.1501 E_h, exp. variance=0.0137 E_h^2, pmove=0.50
2026-06-08 17:39:38,299 - Step 02378: 246.1882 E_h, exp. variance=0.0127 E_h^2, pmove=0.50
2026-06-08 17:39:38,645 - Step 02379: 246.2072 E_h, exp. variance=0.0115 E_h^2, pmove=0.49
2026-06-08 17:39:38,993 - Step 02380: 246.2096 E_h, exp. variance=0.0105 E_h^2, pmove=0.51
2026-06-08 17:39:39,340 - Step 02381: 246.4984 E_h, exp. variance=0.0156 E_h^2, pmove=0.49
2026-06-08 17:39:39,684 - Step 02382: 246.1324 E_h, exp. variance=0.0155 E_h^2, pmove=0.50
2026-06-08 17:39:40,030 - Step 02383: 246.2653 E_h, exp. variance=0.0140 E_h^2, pmove=0.50
2026-06-08 17:39:40,374 - Step 02384: 246.1854 E_h, exp. variance=0.0130 E_h^2, pmove=0.51
2026-06-08 17:39:40,719 - Step 02385: 246.0435 E_h, exp. variance=0.0154 E_h^2, pmove=0.50
2026-06-08 17:39:41,062 - Step 02386: 246.0736 E_h, exp. variance=0.0159 E_h^2, pmove=0.50
2026-06-08 17:39:41,406 - Step 02387: 246.2577 E_h, exp. variance=0.0145 E_h^2, pmove=0.50
2026-06-08 17:39:41,749 - Step 02388: 246.2585 E_h, exp. variance=0.0132 E_h^2, pmove=0.50
2026-06-08 17:39:42,094 - Step 02389: 246.3060 E_h, exp. variance=0.0126 E_h^2, pmove=0.50
2026-06-08 17:39:42,439 - Step 02390: 246.4399 E_h, exp. variance=0.0154 E_h^2, pmove=0.50
2026-06-08 17:39:42,784 - Step 02391: 246.1898 E_h, exp. variance=0.0142 E_h^2, pmove=0.50
2026-06-08 17:39:43,130 - Step 02392: 246.1342 E_h, exp. variance=0.0138 E_h^2, pmove=0.50
2026-06-08 17:39:43,474 - Step 02393: 246.2543 E_h, exp. variance=0.0125 E_h^2, pmove=0.50
2026-06-08 17:39:43,820 - Step 02394: 246.2533 E_h, exp. variance=0.0113 E_h^2, pmove=0.50
2026-06-08 17:39:44,168 - Step 02395: 246.8268 E_h, exp. variance=0.0415 E_h^2, pmove=0.51
2026-06-08 17:39:44,516 - Step 02396: 246.5114 E_h, exp. variance=0.0416 E_h^2, pmove=0.50
2026-06-08 17:39:44,865 - Step 02397: 246.2844 E_h, exp. variance=0.0375 E_h^2, pmove=0.49
2026-06-08 17:39:45,212 - Step 02398: 246.0570 E_h, exp. variance=0.0397 E_h^2, pmove=0.50
2026-06-08 17:39:45,558 - Step 02399: 252.8658 E_h, exp. variance=3.9298 E_h^2, pmove=0.50
2026-06-08 17:39:45,904 - Step 02400: 246.1236 E_h, exp. variance=3.5976 E_h^2, pmove=0.50
2026-06-08 17:39:46,249 - Step 02401: 246.0836 E_h, exp. variance=3.2926 E_h^2, pmove=0.50
2026-06-08 17:39:46,595 - Step 02402: 246.2246 E_h, exp. variance=2.9917 E_h^2, pmove=0.51
2026-06-08 17:39:46,939 - Step 02403: 246.1972 E_h, exp. variance=2.7180 E_h^2, pmove=0.50
2026-06-08 17:39:47,283 - Step 02404: 246.2109 E_h, exp. variance=2.4657 E_h^2, pmove=0.50
2026-06-08 17:39:47,628 - Step 02405: 246.3847 E_h, exp. variance=2.2245 E_h^2, pmove=0.50
2026-06-08 17:39:47,973 - Step 02406: 246.0522 E_h, exp. variance=2.0296 E_h^2, pmove=0.50
2026-06-08 17:39:48,317 - Step 02407: 246.0826 E_h, exp. variance=1.8463 E_h^2, pmove=0.50
2026-06-08 17:39:48,663 - Step 02408: 246.0678 E_h, exp. variance=1.6787 E_h^2, pmove=0.50
2026-06-08 17:39:49,013 - Step 02409: 246.1721 E_h, exp. variance=1.5183 E_h^2, pmove=0.50
2026-06-08 17:39:49,358 - Step 02410: 246.2126 E_h, exp. variance=1.3707 E_h^2, pmove=0.50
2026-06-08 17:39:49,703 - Step 02411: 246.4037 E_h, exp. variance=1.2337 E_h^2, pmove=0.50
2026-06-08 17:39:50,047 - Step 02412: 246.2505 E_h, exp. variance=1.1126 E_h^2, pmove=0.50
2026-06-08 17:39:50,395 - Step 02413: 246.1072 E_h, exp. variance=1.0086 E_h^2, pmove=0.50
2026-06-08 17:39:50,739 - Step 02414: 246.1908 E_h, exp. variance=0.9105 E_h^2, pmove=0.51
2026-06-08 17:39:51,082 - Step 02415: 246.0930 E_h, exp. variance=0.8252 E_h^2, pmove=0.50
2026-06-08 17:39:51,426 - Step 02416: 246.2049 E_h, exp. variance=0.7439 E_h^2, pmove=0.50
2026-06-08 17:39:51,775 - Step 02417: 246.2519 E_h, exp. variance=0.6698 E_h^2, pmove=0.50
2026-06-08 17:39:52,127 - Step 02418: 246.3007 E_h, exp. variance=0.6029 E_h^2, pmove=0.51
2026-06-08 17:39:52,483 - Step 02419: 246.3875 E_h, exp. variance=0.5432 E_h^2, pmove=0.51
2026-06-08 17:39:52,837 - Step 02420: 246.3572 E_h, exp. variance=0.4891 E_h^2, pmove=0.50
2026-06-08 17:39:53,193 - Step 02421: 246.1801 E_h, exp. variance=0.4418 E_h^2, pmove=0.50
2026-06-08 17:39:53,542 - Step 02422: 246.2209 E_h, exp. variance=0.3983 E_h^2, pmove=0.50
2026-06-08 17:39:53,897 - Step 02423: 246.2215 E_h, exp. variance=0.3589 E_h^2, pmove=0.50
2026-06-08 17:39:54,249 - Step 02424: 246.2559 E_h, exp. variance=0.3231 E_h^2, pmove=0.50
2026-06-08 17:39:54,602 - Step 02425: 246.0421 E_h, exp. variance=0.2961 E_h^2, pmove=0.50
2026-06-08 17:39:54,955 - Step 02426: 246.5042 E_h, exp. variance=0.2718 E_h^2, pmove=0.50
2026-06-08 17:39:55,309 - Step 02427: 246.3590 E_h, exp. variance=0.2452 E_h^2, pmove=0.49
2026-06-08 17:39:55,663 - Step 02428: 246.3713 E_h, exp. variance=0.2212 E_h^2, pmove=0.49
2026-06-08 17:39:56,020 - Step 02429: 246.7124 E_h, exp. variance=0.2144 E_h^2, pmove=0.50
2026-06-08 17:39:56,378 - Step 02430: 246.4203 E_h, exp. variance=0.1935 E_h^2, pmove=0.50
2026-06-08 17:39:56,737 - Step 02431: 246.4412 E_h, exp. variance=0.1749 E_h^2, pmove=0.50
2026-06-08 17:39:57,087 - Step 02432: 246.1399 E_h, exp. variance=0.1617 E_h^2, pmove=0.50
2026-06-08 17:39:57,436 - Step 02433: 246.1224 E_h, exp. variance=0.1497 E_h^2, pmove=0.50
2026-06-08 17:39:57,789 - Step 02434: 246.0852 E_h, exp. variance=0.1395 E_h^2, pmove=0.50
2026-06-08 17:39:58,139 - Step 02435: 246.3410 E_h, exp. variance=0.1257 E_h^2, pmove=0.50
2026-06-08 17:39:58,489 - Step 02436: 246.1880 E_h, exp. variance=0.1142 E_h^2, pmove=0.49
2026-06-08 17:39:58,840 - Step 02437: 246.4538 E_h, exp. variance=0.1053 E_h^2, pmove=0.50
2026-06-08 17:39:59,198 - Step 02438: 246.1364 E_h, exp. variance=0.0973 E_h^2, pmove=0.50
2026-06-08 17:39:59,551 - Step 02439: 246.3484 E_h, exp. variance=0.0879 E_h^2, pmove=0.50
2026-06-08 17:39:59,895 - Step 02440: 246.3511 E_h, exp. variance=0.0794 E_h^2, pmove=0.50
2026-06-08 17:40:00,244 - Step 02441: 246.1611 E_h, exp. variance=0.0732 E_h^2, pmove=0.50
2026-06-08 17:40:00,592 - Step 02442: 246.2814 E_h, exp. variance=0.0659 E_h^2, pmove=0.50
2026-06-08 17:40:00,940 - Step 02443: 246.3089 E_h, exp. variance=0.0593 E_h^2, pmove=0.50
2026-06-08 17:40:01,290 - Step 02444: 246.0811 E_h, exp. variance=0.0572 E_h^2, pmove=0.50
2026-06-08 17:40:01,635 - Step 02445: 246.1818 E_h, exp. variance=0.0521 E_h^2, pmove=0.50
2026-06-08 17:40:01,980 - Step 02446: 246.2553 E_h, exp. variance=0.0469 E_h^2, pmove=0.50
2026-06-08 17:40:02,324 - Step 02447: 246.3963 E_h, exp. variance=0.0440 E_h^2, pmove=0.50
2026-06-08 17:40:02,669 - Step 02448: 246.2925 E_h, exp. variance=0.0396 E_h^2, pmove=0.50
2026-06-08 17:40:03,012 - Step 02449: 246.3003 E_h, exp. variance=0.0357 E_h^2, pmove=0.50
2026-06-08 17:40:03,355 - Step 02450: 246.2415 E_h, exp. variance=0.0322 E_h^2, pmove=0.49
2026-06-08 17:40:03,698 - Step 02451: 246.1912 E_h, exp. variance=0.0296 E_h^2, pmove=0.51
2026-06-08 17:40:04,057 - Step 02452: 246.1715 E_h, exp. variance=0.0274 E_h^2, pmove=0.50
2026-06-08 17:40:04,403 - Step 02453: 246.2543 E_h, exp. variance=0.0247 E_h^2, pmove=0.50
2026-06-08 17:40:04,749 - Step 02454: 246.4243 E_h, exp. variance=0.0248 E_h^2, pmove=0.50
2026-06-08 17:40:05,095 - Step 02455: 246.4621 E_h, exp. variance=0.0256 E_h^2, pmove=0.50
2026-06-08 17:40:05,440 - Step 02456: 246.2793 E_h, exp. variance=0.0230 E_h^2, pmove=0.50
2026-06-08 17:40:05,785 - Step 02457: 246.2532 E_h, exp. variance=0.0208 E_h^2, pmove=0.50
2026-06-08 17:40:06,130 - Step 02458: 246.2035 E_h, exp. variance=0.0194 E_h^2, pmove=0.49
2026-06-08 17:40:06,473 - Step 02459: 246.2177 E_h, exp. variance=0.0178 E_h^2, pmove=0.50
2026-06-08 17:40:06,818 - Step 02460: 246.1611 E_h, exp. variance=0.0171 E_h^2, pmove=0.50
2026-06-08 17:40:07,163 - Step 02461: 246.1262 E_h, exp. variance=0.0170 E_h^2, pmove=0.50
2026-06-08 17:40:07,512 - Step 02462: 265.3832 E_h, exp. variance=32.9715 E_h^2, pmove=0.50
2026-06-08 17:40:07,856 - Step 02463: 246.6885 E_h, exp. variance=29.8695 E_h^2, pmove=0.49
2026-06-08 17:40:08,206 - Step 02464: 246.4854 E_h, exp. variance=27.0928 E_h^2, pmove=0.50
2026-06-08 17:40:08,554 - Step 02465: 246.2110 E_h, exp. variance=24.6285 E_h^2, pmove=0.50
2026-06-08 17:40:08,902 - Step 02466: 246.2353 E_h, exp. variance=22.3577 E_h^2, pmove=0.50
2026-06-08 17:40:09,250 - Step 02467: 246.1416 E_h, exp. variance=20.3004 E_h^2, pmove=0.50
2026-06-08 17:40:09,600 - Step 02468: 246.1540 E_h, exp. variance=18.4121 E_h^2, pmove=0.50
2026-06-08 17:40:09,952 - Step 02469: 246.1543 E_h, exp. variance=16.6857 E_h^2, pmove=0.50
2026-06-08 17:40:10,297 - Step 02470: 246.1498 E_h, exp. variance=15.1109 E_h^2, pmove=0.50
2026-06-08 17:40:10,641 - Step 02471: 246.1166 E_h, exp. variance=13.6813 E_h^2, pmove=0.50
2026-06-08 17:40:10,985 - Step 02472: 246.1421 E_h, exp. variance=12.3754 E_h^2, pmove=0.50
2026-06-08 17:40:11,330 - Step 02473: 246.1990 E_h, exp. variance=11.1809 E_h^2, pmove=0.50
2026-06-08 17:40:11,674 - Step 02474: 246.4219 E_h, exp. variance=10.0771 E_h^2, pmove=0.50
2026-06-08 17:40:12,021 - Step 02475: 246.2299 E_h, exp. variance=9.0967 E_h^2, pmove=0.50
2026-06-08 17:40:12,365 - Step 02476: 246.2447 E_h, exp. variance=8.2079 E_h^2, pmove=0.51
2026-06-08 17:40:12,712 - Step 02477: 246.3001 E_h, exp. variance=7.4000 E_h^2, pmove=0.50
2026-06-08 17:40:13,060 - Step 02478: 246.3302 E_h, exp. variance=6.6686 E_h^2, pmove=0.50
2026-06-08 17:40:13,408 - Step 02479: 246.1897 E_h, exp. variance=6.0176 E_h^2, pmove=0.49
2026-06-08 17:40:13,753 - Step 02480: 246.2375 E_h, exp. variance=5.4256 E_h^2, pmove=0.50
2026-06-08 17:40:14,099 - Step 02481: 246.1357 E_h, exp. variance=4.8973 E_h^2, pmove=0.50
2026-06-08 17:40:14,442 - Step 02482: 246.2465 E_h, exp. variance=4.4131 E_h^2, pmove=0.50
2026-06-08 17:40:14,786 - Step 02483: 246.1895 E_h, exp. variance=3.9789 E_h^2, pmove=0.50
2026-06-08 17:40:15,134 - Step 02484: 246.3032 E_h, exp. variance=3.5827 E_h^2, pmove=0.50
2026-06-08 17:40:15,480 - Step 02485: 246.4798 E_h, exp. variance=3.2247 E_h^2, pmove=0.50
2026-06-08 17:40:15,826 - Step 02486: 246.5122 E_h, exp. variance=2.9028 E_h^2, pmove=0.50
2026-06-08 17:40:16,170 - Step 02487: 246.5232 E_h, exp. variance=2.6131 E_h^2, pmove=0.50
2026-06-08 17:40:16,515 - Step 02488: 246.3102 E_h, exp. variance=2.3535 E_h^2, pmove=0.50
2026-06-08 17:40:16,862 - Step 02489: 246.3413 E_h, exp. variance=2.1190 E_h^2, pmove=0.50
2026-06-08 17:40:17,210 - Step 02490: 246.2506 E_h, exp. variance=1.9098 E_h^2, pmove=0.50
2026-06-08 17:40:17,559 - Step 02491: 246.3174 E_h, exp. variance=1.7196 E_h^2, pmove=0.50
2026-06-08 17:40:17,906 - Step 02492: 246.2250 E_h, exp. variance=1.5504 E_h^2, pmove=0.49
2026-06-08 17:40:18,254 - Step 02493: 246.2596 E_h, exp. variance=1.3967 E_h^2, pmove=0.50
2026-06-08 17:40:18,600 - Step 02494: 246.1412 E_h, exp. variance=1.2617 E_h^2, pmove=0.50
2026-06-08 17:40:18,944 - Step 02495: 246.1529 E_h, exp. variance=1.1389 E_h^2, pmove=0.51
2026-06-08 17:40:19,292 - Step 02496: 246.3112 E_h, exp. variance=1.0250 E_h^2, pmove=0.50
2026-06-08 17:40:19,641 - Step 02497: 246.4780 E_h, exp. variance=0.9246 E_h^2, pmove=0.50
2026-06-08 17:40:19,989 - Step 02498: 246.0407 E_h, exp. variance=0.8403 E_h^2, pmove=0.50
2026-06-08 17:40:20,337 - Step 02499: 245.9131 E_h, exp. variance=0.7705 E_h^2, pmove=0.50
2026-06-08 17:40:20,691 - Step 02500: 245.9674 E_h, exp. variance=0.7018 E_h^2, pmove=0.50
2026-06-08 17:40:21,047 - Step 02501: 246.1298 E_h, exp. variance=0.6327 E_h^2, pmove=0.50
2026-06-08 17:40:21,401 - Step 02502: 247.6065 E_h, exp. variance=0.7400 E_h^2, pmove=0.50
2026-06-08 17:40:21,751 - Step 02503: 249.9172 E_h, exp. variance=1.8002 E_h^2, pmove=0.50
2026-06-08 17:40:22,106 - Step 02504: 246.8109 E_h, exp. variance=1.6208 E_h^2, pmove=0.50
2026-06-08 17:40:22,460 - Step 02505: 246.0362 E_h, exp. variance=1.5022 E_h^2, pmove=0.50
2026-06-08 17:40:22,812 - Step 02506: 246.4504 E_h, exp. variance=1.3560 E_h^2, pmove=0.50
2026-06-08 17:40:23,164 - Step 02507: 246.2270 E_h, exp. variance=1.2358 E_h^2, pmove=0.50
2026-06-08 17:40:23,517 - Step 02508: 246.1301 E_h, exp. variance=1.1320 E_h^2, pmove=0.50
2026-06-08 17:40:23,870 - Step 02509: 246.3924 E_h, exp. variance=1.0211 E_h^2, pmove=0.50
2026-06-08 17:40:24,225 - Step 02510: 246.1125 E_h, exp. variance=0.9352 E_h^2, pmove=0.50
2026-06-08 17:40:24,579 - Step 02511: 246.1025 E_h, exp. variance=0.8554 E_h^2, pmove=0.50
2026-06-08 17:40:24,932 - Step 02512: 246.2923 E_h, exp. variance=0.7723 E_h^2, pmove=0.50
2026-06-08 17:40:25,287 - Step 02513: 246.1473 E_h, exp. variance=0.7027 E_h^2, pmove=0.49
2026-06-08 17:40:25,643 - Step 02514: 246.1117 E_h, exp. variance=0.6404 E_h^2, pmove=0.50
2026-06-08 17:40:25,996 - Step 02515: 246.2292 E_h, exp. variance=0.5784 E_h^2, pmove=0.50
2026-06-08 17:40:26,348 - Step 02516: 246.0164 E_h, exp. variance=0.5315 E_h^2, pmove=0.50
2026-06-08 17:40:26,704 - Step 02517: 246.1675 E_h, exp. variance=0.4807 E_h^2, pmove=0.50
2026-06-08 17:40:27,058 - Step 02518: 246.0285 E_h, exp. variance=0.4399 E_h^2, pmove=0.50
2026-06-08 17:40:27,410 - Step 02519: 246.0466 E_h, exp. variance=0.4011 E_h^2, pmove=0.50
2026-06-08 17:40:27,761 - Step 02520: 246.0167 E_h, exp. variance=0.3663 E_h^2, pmove=0.50
2026-06-08 17:40:28,114 - Step 02521: 245.9843 E_h, exp. variance=0.3354 E_h^2, pmove=0.50
2026-06-08 17:40:28,469 - Step 02522: 246.1647 E_h, exp. variance=0.3021 E_h^2, pmove=0.50
2026-06-08 17:40:28,824 - Step 02523: 246.1029 E_h, exp. variance=0.2728 E_h^2, pmove=0.50
2026-06-08 17:40:29,179 - Step 02524: 246.3644 E_h, exp. variance=0.2481 E_h^2, pmove=0.50
2026-06-08 17:40:29,534 - Step 02525: 246.0716 E_h, exp. variance=0.2251 E_h^2, pmove=0.50
2026-06-08 17:40:29,889 - Step 02526: 248.3102 E_h, exp. variance=0.6037 E_h^2, pmove=0.50
2026-06-08 17:40:30,244 - Step 02527: 246.1530 E_h, exp. variance=0.5493 E_h^2, pmove=0.50
2026-06-08 17:40:30,602 - Step 02528: 246.2635 E_h, exp. variance=0.4957 E_h^2, pmove=0.51
2026-06-08 17:40:30,955 - Step 02529: 246.5191 E_h, exp. variance=0.4480 E_h^2, pmove=0.49
2026-06-08 17:40:31,309 - Step 02530: 246.2113 E_h, exp. variance=0.4060 E_h^2, pmove=0.50
2026-06-08 17:40:31,660 - Step 02531: 246.0677 E_h, exp. variance=0.3736 E_h^2, pmove=0.50
2026-06-08 17:40:32,013 - Step 02532: 246.1661 E_h, exp. variance=0.3389 E_h^2, pmove=0.50
2026-06-08 17:40:32,367 - Step 02533: 246.1541 E_h, exp. variance=0.3076 E_h^2, pmove=0.50
2026-06-08 17:40:32,719 - Step 02534: 246.2816 E_h, exp. variance=0.2769 E_h^2, pmove=0.50
2026-06-08 17:40:33,070 - Step 02535: 246.1384 E_h, exp. variance=0.2516 E_h^2, pmove=0.50
2026-06-08 17:40:33,422 - Step 02536: 246.1117 E_h, exp. variance=0.2292 E_h^2, pmove=0.50
2026-06-08 17:40:33,775 - Step 02537: 246.0127 E_h, exp. variance=0.2122 E_h^2, pmove=0.50
2026-06-08 17:40:34,130 - Step 02538: 246.0319 E_h, exp. variance=0.1950 E_h^2, pmove=0.50
2026-06-08 17:40:34,486 - Step 02539: 246.0609 E_h, exp. variance=0.1778 E_h^2, pmove=0.50
2026-06-08 17:40:34,842 - Step 02540: 246.0020 E_h, exp. variance=0.1638 E_h^2, pmove=0.50
2026-06-08 17:40:35,197 - Step 02541: 246.0399 E_h, exp. variance=0.1493 E_h^2, pmove=0.50
2026-06-08 17:40:35,552 - Step 02542: 246.0772 E_h, exp. variance=0.1352 E_h^2, pmove=0.50
2026-06-08 17:40:35,903 - Step 02543: 246.3509 E_h, exp. variance=0.1249 E_h^2, pmove=0.51
2026-06-08 17:40:36,255 - Step 02544: 246.2396 E_h, exp. variance=0.1127 E_h^2, pmove=0.50
2026-06-08 17:40:36,611 - Step 02545: 246.2267 E_h, exp. variance=0.1016 E_h^2, pmove=0.51
2026-06-08 17:40:36,960 - Step 02546: 246.1294 E_h, exp. variance=0.0918 E_h^2, pmove=0.50
2026-06-08 17:40:37,306 - Step 02547: 246.0810 E_h, exp. variance=0.0836 E_h^2, pmove=0.50
2026-06-08 17:40:37,653 - Step 02548: 246.1676 E_h, exp. variance=0.0752 E_h^2, pmove=0.51
2026-06-08 17:40:37,999 - Step 02549: 246.1555 E_h, exp. variance=0.0677 E_h^2, pmove=0.50
2026-06-08 17:40:38,345 - Step 02550: 246.0834 E_h, exp. variance=0.0616 E_h^2, pmove=0.49
2026-06-08 17:40:38,691 - Step 02551: 246.1065 E_h, exp. variance=0.0558 E_h^2, pmove=0.50
2026-06-08 17:40:39,037 - Step 02552: 246.2177 E_h, exp. variance=0.0505 E_h^2, pmove=0.51
2026-06-08 17:40:39,384 - Step 02553: 246.0645 E_h, exp. variance=0.0463 E_h^2, pmove=0.50
2026-06-08 17:40:39,731 - Step 02554: 246.0734 E_h, exp. variance=0.0423 E_h^2, pmove=0.51
2026-06-08 17:40:40,077 - Step 02555: 246.2508 E_h, exp. variance=0.0391 E_h^2, pmove=0.50
2026-06-08 17:40:40,422 - Step 02556: 246.0015 E_h, exp. variance=0.0373 E_h^2, pmove=0.50
2026-06-08 17:40:40,771 - Step 02557: 246.0593 E_h, exp. variance=0.0342 E_h^2, pmove=0.50
2026-06-08 17:40:41,118 - Step 02558: 246.1302 E_h, exp. variance=0.0307 E_h^2, pmove=0.50
2026-06-08 17:40:41,470 - Step 02559: 246.1135 E_h, exp. variance=0.0277 E_h^2, pmove=0.50
2026-06-08 17:40:41,831 - Step 02560: 246.4724 E_h, exp. variance=0.0355 E_h^2, pmove=0.51
2026-06-08 17:40:42,181 - Step 02561: 246.3032 E_h, exp. variance=0.0337 E_h^2, pmove=0.50
2026-06-08 17:40:42,529 - Step 02562: 246.1742 E_h, exp. variance=0.0303 E_h^2, pmove=0.50
2026-06-08 17:40:42,874 - Step 02563: 246.0085 E_h, exp. variance=0.0298 E_h^2, pmove=0.50
2026-06-08 17:40:43,220 - Step 02564: 246.0895 E_h, exp. variance=0.0273 E_h^2, pmove=0.51
2026-06-08 17:40:43,566 - Step 02565: 246.2833 E_h, exp. variance=0.0261 E_h^2, pmove=0.50
2026-06-08 17:40:43,911 - Step 02566: 246.3312 E_h, exp. variance=0.0259 E_h^2, pmove=0.50
2026-06-08 17:40:44,257 - Step 02567: 246.1719 E_h, exp. variance=0.0233 E_h^2, pmove=0.50
2026-06-08 17:40:44,606 - Step 02568: 246.2079 E_h, exp. variance=0.0211 E_h^2, pmove=0.50
2026-06-08 17:40:44,956 - Step 02569: 246.3374 E_h, exp. variance=0.0211 E_h^2, pmove=0.50
2026-06-08 17:40:45,306 - Step 02570: 246.3348 E_h, exp. variance=0.0206 E_h^2, pmove=0.50
2026-06-08 17:40:45,652 - Step 02571: 246.1324 E_h, exp. variance=0.0191 E_h^2, pmove=0.49
2026-06-08 17:40:45,999 - Step 02572: 246.1611 E_h, exp. variance=0.0174 E_h^2, pmove=0.50
2026-06-08 17:40:46,346 - Step 02573: 246.2874 E_h, exp. variance=0.0163 E_h^2, pmove=0.51
2026-06-08 17:40:46,691 - Step 02574: 246.5015 E_h, exp. variance=0.0224 E_h^2, pmove=0.50
2026-06-08 17:40:47,038 - Step 02575: 246.2987 E_h, exp. variance=0.0204 E_h^2, pmove=0.50
2026-06-08 17:40:47,386 - Step 02576: 246.1916 E_h, exp. variance=0.0187 E_h^2, pmove=0.51
2026-06-08 17:40:47,734 - Step 02577: 246.2111 E_h, exp. variance=0.0169 E_h^2, pmove=0.50
2026-06-08 17:40:48,086 - Step 02578: 246.0938 E_h, exp. variance=0.0170 E_h^2, pmove=0.50
2026-06-08 17:40:48,432 - Step 02579: 246.2479 E_h, exp. variance=0.0154 E_h^2, pmove=0.50
2026-06-08 17:40:48,782 - Step 02580: 258.7369 E_h, exp. variance=14.1035 E_h^2, pmove=0.51
2026-06-08 17:40:49,131 - Step 02581: 246.7451 E_h, exp. variance=12.7412 E_h^2, pmove=0.50
2026-06-08 17:40:49,479 - Step 02582: 246.2251 E_h, exp. variance=11.5920 E_h^2, pmove=0.50
2026-06-08 17:40:49,830 - Step 02583: 246.1151 E_h, exp. variance=10.5560 E_h^2, pmove=0.50
2026-06-08 17:40:50,176 - Step 02584: 246.1156 E_h, exp. variance=9.6001 E_h^2, pmove=0.50
2026-06-08 17:40:50,526 - Step 02585: 245.9624 E_h, exp. variance=8.7491 E_h^2, pmove=0.50
2026-06-08 17:40:50,872 - Step 02586: 246.1382 E_h, exp. variance=7.9339 E_h^2, pmove=0.50
2026-06-08 17:40:51,218 - Step 02587: 246.0195 E_h, exp. variance=7.2058 E_h^2, pmove=0.50
2026-06-08 17:40:51,564 - Step 02588: 246.2622 E_h, exp. variance=6.5100 E_h^2, pmove=0.50
2026-06-08 17:40:51,910 - Step 02589: 246.1229 E_h, exp. variance=5.8926 E_h^2, pmove=0.50
2026-06-08 17:40:52,255 - Step 02590: 246.2695 E_h, exp. variance=5.3179 E_h^2, pmove=0.50
2026-06-08 17:40:52,600 - Step 02591: 246.2377 E_h, exp. variance=4.8002 E_h^2, pmove=0.51
2026-06-08 17:40:52,946 - Step 02592: 246.1004 E_h, exp. variance=4.3420 E_h^2, pmove=0.50
2026-06-08 17:40:53,290 - Step 02593: 246.0210 E_h, exp. variance=3.9324 E_h^2, pmove=0.49
2026-06-08 17:40:53,634 - Step 02594: 246.1081 E_h, exp. variance=3.5523 E_h^2, pmove=0.51
2026-06-08 17:40:53,979 - Step 02595: 246.1344 E_h, exp. variance=3.2063 E_h^2, pmove=0.50
2026-06-08 17:40:54,324 - Step 02596: 246.0305 E_h, exp. variance=2.8994 E_h^2, pmove=0.49
2026-06-08 17:40:54,670 - Step 02597: 246.0771 E_h, exp. variance=2.6178 E_h^2, pmove=0.49
2026-06-08 17:40:55,013 - Step 02598: 246.1547 E_h, exp. variance=2.3595 E_h^2, pmove=0.50
2026-06-08 17:40:55,361 - Step 02599: 246.1654 E_h, exp. variance=2.1261 E_h^2, pmove=0.50
2026-06-08 17:40:55,707 - Step 02600: 246.3329 E_h, exp. variance=1.9135 E_h^2, pmove=0.50
2026-06-08 17:40:56,057 - Step 02601: 246.1867 E_h, exp. variance=1.7237 E_h^2, pmove=0.50
2026-06-08 17:40:56,402 - Step 02602: 246.1563 E_h, exp. variance=1.5533 E_h^2, pmove=0.50
2026-06-08 17:40:56,750 - Step 02603: 246.1586 E_h, exp. variance=1.3995 E_h^2, pmove=0.50
2026-06-08 17:40:57,099 - Step 02604: 246.2041 E_h, exp. variance=1.2600 E_h^2, pmove=0.50
2026-06-08 17:40:57,449 - Step 02605: 246.1062 E_h, exp. variance=1.1364 E_h^2, pmove=0.50
2026-06-08 17:40:57,797 - Step 02606: 246.1943 E_h, exp. variance=1.0230 E_h^2, pmove=0.50
2026-06-08 17:40:58,153 - Step 02607: 246.2088 E_h, exp. variance=0.9209 E_h^2, pmove=0.50
2026-06-08 17:40:58,499 - Step 02608: 246.0403 E_h, exp. variance=0.8325 E_h^2, pmove=0.50
2026-06-08 17:40:58,846 - Step 02609: 246.0709 E_h, exp. variance=0.7513 E_h^2, pmove=0.51
2026-06-08 17:40:59,191 - Step 02610: 1607.3923 E_h, exp. variance=166754.8125 E_h^2, pmove=0.50
2026-06-08 17:40:59,535 - Step 02611: 245.7799 E_h, exp. variance=151757.3594 E_h^2, pmove=0.50
2026-06-08 17:40:59,881 - Step 02612: 246.2441 E_h, exp. variance=137930.5781 E_h^2, pmove=0.50
2026-06-08 17:41:00,227 - Step 02613: 246.0807 E_h, exp. variance=125233.4219 E_h^2, pmove=0.50
2026-06-08 17:41:00,572 - Step 02614: 246.0389 E_h, exp. variance=113598.5000 E_h^2, pmove=0.50
2026-06-08 17:41:00,918 - Step 02615: 246.0420 E_h, exp. variance=102958.2266 E_h^2, pmove=0.50
2026-06-08 17:41:01,265 - Step 02616: 246.1054 E_h, exp. variance=93244.3438 E_h^2, pmove=0.51
2026-06-08 17:41:01,612 - Step 02617: 246.1748 E_h, exp. variance=84390.3750 E_h^2, pmove=0.50
2026-06-08 17:41:01,956 - Step 02618: 246.1753 E_h, exp. variance=76332.4062 E_h^2, pmove=0.50
2026-06-08 17:41:02,302 - Step 02619: 246.0728 E_h, exp. variance=69008.9141 E_h^2, pmove=0.50
2026-06-08 17:41:02,647 - Step 02620: 246.0786 E_h, exp. variance=62358.8594 E_h^2, pmove=0.49
2026-06-08 17:41:02,996 - Step 02621: 246.0079 E_h, exp. variance=56326.7578 E_h^2, pmove=0.51
2026-06-08 17:41:03,341 - Step 02622: 246.0311 E_h, exp. variance=50858.9688 E_h^2, pmove=0.50
2026-06-08 17:41:03,690 - Step 02623: 246.0914 E_h, exp. variance=45906.2148 E_h^2, pmove=0.50
2026-06-08 17:41:04,038 - Step 02624: 245.9928 E_h, exp. variance=41424.0547 E_h^2, pmove=0.50
2026-06-08 17:41:04,388 - Step 02625: 246.2159 E_h, exp. variance=37368.2539 E_h^2, pmove=0.50
2026-06-08 17:41:04,736 - Step 02626: 246.1198 E_h, exp. variance=33702.0586 E_h^2, pmove=0.51
2026-06-08 17:41:05,092 - Step 02627: 246.1655 E_h, exp. variance=30388.8574 E_h^2, pmove=0.50
2026-06-08 17:41:05,437 - Step 02628: 246.0149 E_h, exp. variance=27396.7598 E_h^2, pmove=0.50
2026-06-08 17:41:05,783 - Step 02629: 246.1313 E_h, exp. variance=24694.5547 E_h^2, pmove=0.50
2026-06-08 17:41:06,130 - Step 02630: 246.4447 E_h, exp. variance=22254.4219 E_h^2, pmove=0.50
2026-06-08 17:41:06,477 - Step 02631: 245.8471 E_h, exp. variance=20054.5117 E_h^2, pmove=0.51
2026-06-08 17:41:06,824 - Step 02632: 245.9046 E_h, exp. variance=18069.5840 E_h^2, pmove=0.50
2026-06-08 17:41:07,170 - Step 02633: 245.9668 E_h, exp. variance=16279.0977 E_h^2, pmove=0.50
2026-06-08 17:41:07,516 - Step 02634: 245.9763 E_h, exp. variance=14664.5098 E_h^2, pmove=0.50
2026-06-08 17:41:07,862 - Step 02635: 246.0965 E_h, exp. variance=13208.6143 E_h^2, pmove=0.50
2026-06-08 17:41:08,207 - Step 02636: 246.2239 E_h, exp. variance=11896.0801 E_h^2, pmove=0.50
2026-06-08 17:41:08,553 - Step 02637: 246.0446 E_h, exp. variance=10713.5000 E_h^2, pmove=0.49
2026-06-08 17:41:08,897 - Step 02638: 246.1154 E_h, exp. variance=9647.7412 E_h^2, pmove=0.50
2026-06-08 17:41:09,242 - Step 02639: 246.0761 E_h, exp. variance=8687.5469 E_h^2, pmove=0.50
2026-06-08 17:41:09,589 - Step 02640: 246.1572 E_h, exp. variance=7822.4087 E_h^2, pmove=0.50
2026-06-08 17:41:09,938 - Step 02641: 246.1155 E_h, exp. variance=7043.1401 E_h^2, pmove=0.51
2026-06-08 17:41:10,284 - Step 02642: 246.0580 E_h, exp. variance=6341.2871 E_h^2, pmove=0.49
2026-06-08 17:41:10,631 - Step 02643: 246.1955 E_h, exp. variance=5709.0371 E_h^2, pmove=0.50
2026-06-08 17:41:10,978 - Step 02644: 246.1206 E_h, exp. variance=5139.7109 E_h^2, pmove=0.50
2026-06-08 17:41:11,323 - Step 02645: 246.2284 E_h, exp. variance=4626.9458 E_h^2, pmove=0.50
2026-06-08 17:41:11,668 - Step 02646: 246.1141 E_h, exp. variance=4165.2969 E_h^2, pmove=0.50
2026-06-08 17:41:12,014 - Step 02647: 246.5429 E_h, exp. variance=3749.3938 E_h^2, pmove=0.51
2026-06-08 17:41:12,362 - Step 02648: 246.2061 E_h, exp. variance=3375.1165 E_h^2, pmove=0.49
2026-06-08 17:41:12,709 - Step 02649: 246.1430 E_h, exp. variance=3038.1689 E_h^2, pmove=0.51
2026-06-08 17:41:13,055 - Step 02650: 245.9876 E_h, exp. variance=2734.8743 E_h^2, pmove=0.50
2026-06-08 17:41:13,402 - Step 02651: 245.9125 E_h, exp. variance=2461.8396 E_h^2, pmove=0.50
2026-06-08 17:41:13,750 - Step 02652: 246.0739 E_h, exp. variance=2215.9661 E_h^2, pmove=0.50
2026-06-08 17:41:14,098 - Step 02653: 245.8529 E_h, exp. variance=1994.6918 E_h^2, pmove=0.50
2026-06-08 17:41:14,446 - Step 02654: 245.9748 E_h, exp. variance=1795.4476 E_h^2, pmove=0.51
2026-06-08 17:41:14,793 - Step 02655: 246.0655 E_h, exp. variance=1616.0626 E_h^2, pmove=0.50
2026-06-08 17:41:15,142 - Step 02656: 246.0892 E_h, exp. variance=1454.5807 E_h^2, pmove=0.50
2026-06-08 17:41:15,489 - Step 02657: 246.0623 E_h, exp. variance=1309.2285 E_h^2, pmove=0.50
2026-06-08 17:41:15,838 - Step 02658: 246.2430 E_h, exp. variance=1178.3627 E_h^2, pmove=0.50
2026-06-08 17:41:16,187 - Step 02659: 246.1685 E_h, exp. variance=1060.5826 E_h^2, pmove=0.50
2026-06-08 17:41:16,532 - Step 02660: 246.0871 E_h, exp. variance=954.5809 E_h^2, pmove=0.49
2026-06-08 17:41:16,875 - Step 02661: 246.0793 E_h, exp. variance=859.1697 E_h^2, pmove=0.50
2026-06-08 17:41:17,224 - Step 02662: 246.1300 E_h, exp. variance=773.2849 E_h^2, pmove=0.49
2026-06-08 17:41:17,569 - Step 02663: 246.1567 E_h, exp. variance=695.9800 E_h^2, pmove=0.50
2026-06-08 17:41:17,915 - Step 02664: 246.1304 E_h, exp. variance=626.4034 E_h^2, pmove=0.50
2026-06-08 17:41:18,263 - Step 02665: 246.0205 E_h, exp. variance=563.7901 E_h^2, pmove=0.50
2026-06-08 17:41:18,608 - Step 02666: 246.0593 E_h, exp. variance=507.4297 E_h^2, pmove=0.50
2026-06-08 17:41:18,956 - Step 02667: 246.4087 E_h, exp. variance=456.6870 E_h^2, pmove=0.49
2026-06-08 17:41:19,315 - Step 02668: 246.2568 E_h, exp. variance=411.0222 E_h^2, pmove=0.50
2026-06-08 17:41:19,660 - Step 02669: 246.0923 E_h, exp. variance=369.9309 E_h^2, pmove=0.50
2026-06-08 17:41:20,007 - Step 02670: 245.9568 E_h, exp. variance=332.9561 E_h^2, pmove=0.51
2026-06-08 17:41:20,354 - Step 02671: 246.0316 E_h, exp. variance=299.6703 E_h^2, pmove=0.50
2026-06-08 17:41:20,700 - Step 02672: 246.1023 E_h, exp. variance=269.7079 E_h^2, pmove=0.51
2026-06-08 17:41:21,044 - Step 02673: 246.0045 E_h, exp. variance=242.7453 E_h^2, pmove=0.50
2026-06-08 17:41:21,390 - Step 02674: 246.0230 E_h, exp. variance=218.4765 E_h^2, pmove=0.50
2026-06-08 17:41:21,737 - Step 02675: 246.1535 E_h, exp. variance=196.6297 E_h^2, pmove=0.50
2026-06-08 17:41:22,083 - Step 02676: 245.9182 E_h, exp. variance=176.9761 E_h^2, pmove=0.51
2026-06-08 17:41:22,433 - Step 02677: 246.0326 E_h, exp. variance=159.2813 E_h^2, pmove=0.50
2026-06-08 17:41:22,780 - Step 02678: 246.1736 E_h, exp. variance=143.3532 E_h^2, pmove=0.50
2026-06-08 17:41:23,127 - Step 02679: 246.0870 E_h, exp. variance=129.0188 E_h^2, pmove=0.50
2026-06-08 17:41:23,472 - Step 02680: 246.1619 E_h, exp. variance=116.1169 E_h^2, pmove=0.50
2026-06-08 17:41:23,816 - Step 02681: 246.1918 E_h, exp. variance=104.5053 E_h^2, pmove=0.50
2026-06-08 17:41:24,162 - Step 02682: 246.0081 E_h, exp. variance=94.0574 E_h^2, pmove=0.50
2026-06-08 17:41:24,508 - Step 02683: 246.1857 E_h, exp. variance=84.6517 E_h^2, pmove=0.50
2026-06-08 17:41:24,853 - Step 02684: 245.9544 E_h, exp. variance=76.1905 E_h^2, pmove=0.50
2026-06-08 17:41:25,196 - Step 02685: 246.0692 E_h, exp. variance=68.5719 E_h^2, pmove=0.49
2026-06-08 17:41:25,543 - Step 02686: 246.0179 E_h, exp. variance=61.7160 E_h^2, pmove=0.50
2026-06-08 17:41:25,887 - Step 02687: 246.1505 E_h, exp. variance=55.5444 E_h^2, pmove=0.50
2026-06-08 17:41:26,232 - Step 02688: 246.0273 E_h, exp. variance=49.9909 E_h^2, pmove=0.50
2026-06-08 17:41:26,577 - Step 02689: 245.9246 E_h, exp. variance=44.9951 E_h^2, pmove=0.50
2026-06-08 17:41:26,923 - Step 02690: 245.8708 E_h, exp. variance=40.5002 E_h^2, pmove=0.50
2026-06-08 17:41:27,269 - Step 02691: 246.0220 E_h, exp. variance=36.4505 E_h^2, pmove=0.51
2026-06-08 17:41:27,613 - Step 02692: 246.0688 E_h, exp. variance=32.8054 E_h^2, pmove=0.50
2026-06-08 17:41:27,959 - Step 02693: 246.1786 E_h, exp. variance=29.5259 E_h^2, pmove=0.50
2026-06-08 17:41:28,304 - Step 02694: 246.1770 E_h, exp. variance=26.5742 E_h^2, pmove=0.50
2026-06-08 17:41:28,651 - Step 02695: 246.0979 E_h, exp. variance=23.9168 E_h^2, pmove=0.49
2026-06-08 17:41:28,997 - Step 02696: 246.1057 E_h, exp. variance=21.5251 E_h^2, pmove=0.49
2026-06-08 17:41:29,343 - Step 02697: 246.6588 E_h, exp. variance=19.4015 E_h^2, pmove=0.51
2026-06-08 17:41:29,688 - Step 02698: 246.1553 E_h, exp. variance=17.4613 E_h^2, pmove=0.50
2026-06-08 17:41:30,036 - Step 02699: 246.0800 E_h, exp. variance=15.7156 E_h^2, pmove=0.50
2026-06-08 17:41:30,385 - Step 02700: 246.0325 E_h, exp. variance=14.1452 E_h^2, pmove=0.50
2026-06-08 17:41:30,732 - Step 02701: 246.0454 E_h, exp. variance=12.7313 E_h^2, pmove=0.50
2026-06-08 17:41:31,080 - Step 02702: 246.0823 E_h, exp. variance=11.4583 E_h^2, pmove=0.50
2026-06-08 17:41:31,429 - Step 02703: 246.0095 E_h, exp. variance=10.3136 E_h^2, pmove=0.51
2026-06-08 17:41:31,781 - Step 02704: 245.9788 E_h, exp. variance=9.2837 E_h^2, pmove=0.50
2026-06-08 17:41:32,133 - Step 02705: 245.9444 E_h, exp. variance=8.3574 E_h^2, pmove=0.50
2026-06-08 17:41:32,481 - Step 02706: 245.9699 E_h, exp. variance=7.5227 E_h^2, pmove=0.51
2026-06-08 17:41:32,827 - Step 02707: 245.8825 E_h, exp. variance=6.7736 E_h^2, pmove=0.50
2026-06-08 17:41:33,174 - Step 02708: 246.0273 E_h, exp. variance=6.0963 E_h^2, pmove=0.50
2026-06-08 17:41:33,518 - Step 02709: 246.0317 E_h, exp. variance=5.4867 E_h^2, pmove=0.50
2026-06-08 17:41:33,864 - Step 02710: 246.0634 E_h, exp. variance=4.9380 E_h^2, pmove=0.50
2026-06-08 17:41:34,209 - Step 02711: 245.9836 E_h, exp. variance=4.4446 E_h^2, pmove=0.50
2026-06-08 17:41:34,557 - Step 02712: 245.9973 E_h, exp. variance=4.0003 E_h^2, pmove=0.50
2026-06-08 17:41:34,903 - Step 02713: 245.9491 E_h, exp. variance=3.6010 E_h^2, pmove=0.50
2026-06-08 17:41:35,248 - Step 02714: 245.8766 E_h, exp. variance=3.2430 E_h^2, pmove=0.50
2026-06-08 17:41:35,593 - Step 02715: 246.0225 E_h, exp. variance=2.9187 E_h^2, pmove=0.51
2026-06-08 17:41:35,938 - Step 02716: 245.9399 E_h, exp. variance=2.6273 E_h^2, pmove=0.50
2026-06-08 17:41:36,282 - Step 02717: 246.0378 E_h, exp. variance=2.3647 E_h^2, pmove=0.50
2026-06-08 17:41:36,626 - Step 02718: 246.0727 E_h, exp. variance=2.1286 E_h^2, pmove=0.50
2026-06-08 17:41:36,972 - Step 02719: 246.0559 E_h, exp. variance=1.9158 E_h^2, pmove=0.49
2026-06-08 17:41:37,317 - Step 02720: 246.0324 E_h, exp. variance=1.7243 E_h^2, pmove=0.50
2026-06-08 17:41:37,662 - Step 02721: 246.0945 E_h, exp. variance=1.5523 E_h^2, pmove=0.50
2026-06-08 17:41:38,012 - Step 02722: 245.9816 E_h, exp. variance=1.3973 E_h^2, pmove=0.50
2026-06-08 17:41:38,358 - Step 02723: 245.9390 E_h, exp. variance=1.2582 E_h^2, pmove=0.50
2026-06-08 17:41:38,705 - Step 02724: 245.8704 E_h, exp. variance=1.1343 E_h^2, pmove=0.50
2026-06-08 17:41:39,051 - Step 02725: 245.8836 E_h, exp. variance=1.0221 E_h^2, pmove=0.50
2026-06-08 17:41:39,400 - Step 02726: 245.9565 E_h, exp. variance=0.9200 E_h^2, pmove=0.50
2026-06-08 17:41:39,749 - Step 02727: 245.9977 E_h, exp. variance=0.8280 E_h^2, pmove=0.50
2026-06-08 17:41:40,099 - Step 02728: 245.8449 E_h, exp. variance=0.7470 E_h^2, pmove=0.50
2026-06-08 17:41:40,447 - Step 02729: 245.9410 E_h, exp. variance=0.6724 E_h^2, pmove=0.51
2026-06-08 17:41:40,793 - Step 02730: 246.1230 E_h, exp. variance=0.6073 E_h^2, pmove=0.50
2026-06-08 17:41:41,139 - Step 02731: 246.0818 E_h, exp. variance=0.5474 E_h^2, pmove=0.50
2026-06-08 17:41:41,484 - Step 02732: 246.0645 E_h, exp. variance=0.4931 E_h^2, pmove=0.51
2026-06-08 17:41:41,829 - Step 02733: 246.1185 E_h, exp. variance=0.4450 E_h^2, pmove=0.50
2026-06-08 17:41:42,175 - Step 02734: 246.1824 E_h, exp. variance=0.4031 E_h^2, pmove=0.50
2026-06-08 17:41:42,519 - Step 02735: 246.1527 E_h, exp. variance=0.3641 E_h^2, pmove=0.50
2026-06-08 17:41:42,867 - Step 02736: 246.0907 E_h, exp. variance=0.3279 E_h^2, pmove=0.50
2026-06-08 17:41:43,214 - Step 02737: 246.3240 E_h, exp. variance=0.3020 E_h^2, pmove=0.50
2026-06-08 17:41:43,559 - Step 02738: 246.2670 E_h, exp. variance=0.2751 E_h^2, pmove=0.50
2026-06-08 17:41:43,917 - Step 02739: 246.0303 E_h, exp. variance=0.2480 E_h^2, pmove=0.50
2026-06-08 17:41:44,263 - Step 02740: 246.1301 E_h, exp. variance=0.2233 E_h^2, pmove=0.50
2026-06-08 17:41:44,607 - Step 02741: 245.9902 E_h, exp. variance=0.2019 E_h^2, pmove=0.50
2026-06-08 17:41:44,953 - Step 02742: 246.0704 E_h, exp. variance=0.1818 E_h^2, pmove=0.50
2026-06-08 17:41:45,303 - Step 02743: 245.8847 E_h, exp. variance=0.1670 E_h^2, pmove=0.50
2026-06-08 17:41:45,652 - Step 02744: 246.1019 E_h, exp. variance=0.1505 E_h^2, pmove=0.50
2026-06-08 17:41:46,002 - Step 02745: 246.1379 E_h, exp. variance=0.1359 E_h^2, pmove=0.50
2026-06-08 17:41:46,349 - Step 02746: 246.0273 E_h, exp. variance=0.1225 E_h^2, pmove=0.51
2026-06-08 17:41:46,697 - Step 02747: 245.9743 E_h, exp. variance=0.1110 E_h^2, pmove=0.50
2026-06-08 17:41:47,045 - Step 02748: 245.9921 E_h, exp. variance=0.1003 E_h^2, pmove=0.50
2026-06-08 17:41:47,390 - Step 02749: 246.1499 E_h, exp. variance=0.0912 E_h^2, pmove=0.51
2026-06-08 17:41:47,738 - Step 02750: 246.0170 E_h, exp. variance=0.0822 E_h^2, pmove=0.50
2026-06-08 17:41:48,084 - Step 02751: 246.2111 E_h, exp. variance=0.0761 E_h^2, pmove=0.51
2026-06-08 17:41:48,431 - Step 02752: 246.2441 E_h, exp. variance=0.0712 E_h^2, pmove=0.50
2026-06-08 17:41:48,779 - Step 02753: 246.1747 E_h, exp. variance=0.0647 E_h^2, pmove=0.50
2026-06-08 17:41:49,126 - Step 02754: 246.1193 E_h, exp. variance=0.0583 E_h^2, pmove=0.50
2026-06-08 17:41:49,473 - Step 02755: 246.1184 E_h, exp. variance=0.0525 E_h^2, pmove=0.50
2026-06-08 17:41:49,817 - Step 02756: 245.9557 E_h, exp. variance=0.0492 E_h^2, pmove=0.50
2026-06-08 17:41:50,163 - Step 02757: 246.2047 E_h, exp. variance=0.0455 E_h^2, pmove=0.50
2026-06-08 17:41:50,510 - Step 02758: 245.9948 E_h, exp. variance=0.0419 E_h^2, pmove=0.50
2026-06-08 17:41:50,857 - Step 02759: 245.8886 E_h, exp. variance=0.0413 E_h^2, pmove=0.50
2026-06-08 17:41:51,203 - Step 02760: 246.0146 E_h, exp. variance=0.0375 E_h^2, pmove=0.50
2026-06-08 17:41:51,549 - Step 02761: 246.0816 E_h, exp. variance=0.0337 E_h^2, pmove=0.50
2026-06-08 17:41:51,892 - Step 02762: 245.9589 E_h, exp. variance=0.0314 E_h^2, pmove=0.50
2026-06-08 17:41:52,238 - Step 02763: 246.0050 E_h, exp. variance=0.0285 E_h^2, pmove=0.50
2026-06-08 17:41:52,587 - Step 02764: 245.9119 E_h, exp. variance=0.0273 E_h^2, pmove=0.50
2026-06-08 17:41:52,934 - Step 02765: 246.1768 E_h, exp. variance=0.0264 E_h^2, pmove=0.51
2026-06-08 17:41:53,279 - Step 02766: 246.0656 E_h, exp. variance=0.0238 E_h^2, pmove=0.50
2026-06-08 17:41:53,624 - Step 02767: 246.0845 E_h, exp. variance=0.0215 E_h^2, pmove=0.50
2026-06-08 17:41:53,971 - Step 02768: 246.3275 E_h, exp. variance=0.0260 E_h^2, pmove=0.49
2026-06-08 17:41:54,319 - Step 02769: 246.1869 E_h, exp. variance=0.0244 E_h^2, pmove=0.50
2026-06-08 17:41:54,665 - Step 02770: 246.1255 E_h, exp. variance=0.0221 E_h^2, pmove=0.50
2026-06-08 17:41:55,010 - Step 02771: 246.1748 E_h, exp. variance=0.0204 E_h^2, pmove=0.50
2026-06-08 17:41:55,358 - Step 02772: 246.0699 E_h, exp. variance=0.0185 E_h^2, pmove=0.50
2026-06-08 17:41:55,703 - Step 02773: 246.2594 E_h, exp. variance=0.0189 E_h^2, pmove=0.50
2026-06-08 17:41:56,053 - Step 02774: 246.1266 E_h, exp. variance=0.0170 E_h^2, pmove=0.50
2026-06-08 17:41:56,401 - Step 02775: 246.2462 E_h, exp. variance=0.0168 E_h^2, pmove=0.51
2026-06-08 17:41:56,759 - Step 02776: 246.1496 E_h, exp. variance=0.0152 E_h^2, pmove=0.50
2026-06-08 17:41:57,108 - Step 02777: 246.2071 E_h, exp. variance=0.0142 E_h^2, pmove=0.50
2026-06-08 17:41:57,455 - Step 02778: 246.1294 E_h, exp. variance=0.0128 E_h^2, pmove=0.50
2026-06-08 17:41:57,800 - Step 02779: 246.1419 E_h, exp. variance=0.0115 E_h^2, pmove=0.49
2026-06-08 17:41:58,143 - Step 02780: 246.1092 E_h, exp. variance=0.0104 E_h^2, pmove=0.50
2026-06-08 17:41:58,489 - Step 02781: 246.1246 E_h, exp. variance=0.0094 E_h^2, pmove=0.50
2026-06-08 17:41:58,833 - Step 02782: 246.1460 E_h, exp. variance=0.0085 E_h^2, pmove=0.50
2026-06-08 17:41:59,180 - Step 02783: 245.9435 E_h, exp. variance=0.0109 E_h^2, pmove=0.49
2026-06-08 17:41:59,523 - Step 02784: 246.0905 E_h, exp. variance=0.0099 E_h^2, pmove=0.50
2026-06-08 17:41:59,869 - Step 02785: 246.0840 E_h, exp. variance=0.0090 E_h^2, pmove=0.50
2026-06-08 17:42:00,218 - Step 02786: 246.1144 E_h, exp. variance=0.0081 E_h^2, pmove=0.49
2026-06-08 17:42:00,564 - Step 02787: 245.9342 E_h, exp. variance=0.0101 E_h^2, pmove=0.50
2026-06-08 17:42:00,911 - Step 02788: 246.0605 E_h, exp. variance=0.0092 E_h^2, pmove=0.50
2026-06-08 17:42:01,266 - Step 02789: 246.0247 E_h, exp. variance=0.0087 E_h^2, pmove=0.50
2026-06-08 17:42:01,616 - Step 02790: 246.0184 E_h, exp. variance=0.0082 E_h^2, pmove=0.50
2026-06-08 17:42:01,965 - Step 02791: 246.0313 E_h, exp. variance=0.0076 E_h^2, pmove=0.49
2026-06-08 17:42:02,315 - Step 02792: 245.7983 E_h, exp. variance=0.0136 E_h^2, pmove=0.49
2026-06-08 17:42:02,663 - Step 02793: 245.9208 E_h, exp. variance=0.0136 E_h^2, pmove=0.51
2026-06-08 17:42:03,010 - Step 02794: 245.9426 E_h, exp. variance=0.0130 E_h^2, pmove=0.50
2026-06-08 17:42:03,357 - Step 02795: 245.8334 E_h, exp. variance=0.0150 E_h^2, pmove=0.51
2026-06-08 17:42:03,701 - Step 02796: 245.9518 E_h, exp. variance=0.0137 E_h^2, pmove=0.50
2026-06-08 17:42:04,046 - Step 02797: 246.0453 E_h, exp. variance=0.0125 E_h^2, pmove=0.50
2026-06-08 17:42:04,391 - Step 02798: 245.9487 E_h, exp. variance=0.0115 E_h^2, pmove=0.50
2026-06-08 17:42:04,736 - Step 02799: 245.9514 E_h, exp. variance=0.0106 E_h^2, pmove=0.50
2026-06-08 17:42:05,080 - Step 02800: 245.8754 E_h, exp. variance=0.0108 E_h^2, pmove=0.50
2026-06-08 17:42:05,426 - Step 02801: 246.0680 E_h, exp. variance=0.0104 E_h^2, pmove=0.51
2026-06-08 17:42:05,773 - Step 02802: 246.0183 E_h, exp. variance=0.0094 E_h^2, pmove=0.51
2026-06-08 17:42:06,122 - Step 02803: 246.0484 E_h, exp. variance=0.0087 E_h^2, pmove=0.50
2026-06-08 17:42:06,468 - Step 02804: 246.1908 E_h, exp. variance=0.0112 E_h^2, pmove=0.51
2026-06-08 17:42:06,812 - Step 02805: 246.3083 E_h, exp. variance=0.0177 E_h^2, pmove=0.49
2026-06-08 17:42:07,157 - Step 02806: 246.1422 E_h, exp. variance=0.0167 E_h^2, pmove=0.50
2026-06-08 17:42:07,502 - Step 02807: 246.1438 E_h, exp. variance=0.0157 E_h^2, pmove=0.50
2026-06-08 17:42:07,847 - Step 02808: 246.0219 E_h, exp. variance=0.0143 E_h^2, pmove=0.50
2026-06-08 17:42:08,190 - Step 02809: 246.0446 E_h, exp. variance=0.0129 E_h^2, pmove=0.50
2026-06-08 17:42:08,535 - Step 02810: 245.9915 E_h, exp. variance=0.0120 E_h^2, pmove=0.50
2026-06-08 17:42:08,882 - Step 02811: 246.0498 E_h, exp. variance=0.0108 E_h^2, pmove=0.50
2026-06-08 17:42:09,227 - Step 02812: 245.9441 E_h, exp. variance=0.0108 E_h^2, pmove=0.50
2026-06-08 17:42:09,573 - Step 02813: 245.9915 E_h, exp. variance=0.0099 E_h^2, pmove=0.50
2026-06-08 17:42:09,917 - Step 02814: 245.8909 E_h, exp. variance=0.0109 E_h^2, pmove=0.50
2026-06-08 17:42:10,261 - Step 02815: 246.1973 E_h, exp. variance=0.0125 E_h^2, pmove=0.51
2026-06-08 17:42:10,608 - Step 02816: 246.9240 E_h, exp. variance=0.0817 E_h^2, pmove=0.50
2026-06-08 17:42:10,957 - Step 02817: 245.8659 E_h, exp. variance=0.0797 E_h^2, pmove=0.49
2026-06-08 17:42:11,306 - Step 02818: 246.0551 E_h, exp. variance=0.0719 E_h^2, pmove=0.50
2026-06-08 17:42:11,654 - Step 02819: 245.9141 E_h, exp. variance=0.0678 E_h^2, pmove=0.50
2026-06-08 17:42:12,000 - Step 02820: 245.9042 E_h, exp. variance=0.0637 E_h^2, pmove=0.50
2026-06-08 17:42:12,347 - Step 02821: 246.0953 E_h, exp. variance=0.0575 E_h^2, pmove=0.50
2026-06-08 17:42:12,691 - Step 02822: 246.0267 E_h, exp. variance=0.0518 E_h^2, pmove=0.51
2026-06-08 17:42:13,037 - Step 02823: 245.9497 E_h, exp. variance=0.0478 E_h^2, pmove=0.49
2026-06-08 17:42:13,386 - Step 02824: 246.0964 E_h, exp. variance=0.0432 E_h^2, pmove=0.50
2026-06-08 17:42:13,732 - Step 02825: 245.9426 E_h, exp. variance=0.0400 E_h^2, pmove=0.50
2026-06-08 17:42:14,077 - Step 02826: 246.1386 E_h, exp. variance=0.0368 E_h^2, pmove=0.50
2026-06-08 17:42:14,424 - Step 02827: 246.0107 E_h, exp. variance=0.0333 E_h^2, pmove=0.50
2026-06-08 17:42:14,771 - Step 02828: 246.0467 E_h, exp. variance=0.0300 E_h^2, pmove=0.50
2026-06-08 17:42:15,118 - Step 02829: 246.1861 E_h, exp. variance=0.0287 E_h^2, pmove=0.50
2026-06-08 17:42:15,462 - Step 02830: 246.2077 E_h, exp. variance=0.0277 E_h^2, pmove=0.50
2026-06-08 17:42:15,806 - Step 02831: 246.3301 E_h, exp. variance=0.0307 E_h^2, pmove=0.51
2026-06-08 17:42:16,150 - Step 02832: 246.0815 E_h, exp. variance=0.0277 E_h^2, pmove=0.49
2026-06-08 17:42:16,494 - Step 02833: 246.1708 E_h, exp. variance=0.0254 E_h^2, pmove=0.50
2026-06-08 17:42:16,840 - Step 02834: 245.8462 E_h, exp. variance=0.0290 E_h^2, pmove=0.50
2026-06-08 17:42:17,183 - Step 02835: 246.3108 E_h, exp. variance=0.0308 E_h^2, pmove=0.50
2026-06-08 17:42:17,534 - Step 02836: 246.0595 E_h, exp. variance=0.0279 E_h^2, pmove=0.50
2026-06-08 17:42:17,880 - Step 02837: 246.0886 E_h, exp. variance=0.0251 E_h^2, pmove=0.50
2026-06-08 17:42:18,228 - Step 02838: 246.0995 E_h, exp. variance=0.0226 E_h^2, pmove=0.50
2026-06-08 17:42:18,573 - Step 02839: 246.1143 E_h, exp. variance=0.0204 E_h^2, pmove=0.51
2026-06-08 17:42:18,922 - Step 02840: 246.0179 E_h, exp. variance=0.0189 E_h^2, pmove=0.50
2026-06-08 17:42:19,272 - Step 02841: 246.1603 E_h, exp. variance=0.0175 E_h^2, pmove=0.50
2026-06-08 17:42:19,622 - Step 02842: 246.0302 E_h, exp. variance=0.0161 E_h^2, pmove=0.50
2026-06-08 17:42:19,969 - Step 02843: 246.1461 E_h, exp. variance=0.0148 E_h^2, pmove=0.50
2026-06-08 17:42:20,313 - Step 02844: 246.0569 E_h, exp. variance=0.0135 E_h^2, pmove=0.50
2026-06-08 17:42:20,662 - Step 02845: 246.3208 E_h, exp. variance=0.0168 E_h^2, pmove=0.50
2026-06-08 17:42:21,009 - Step 02846: 246.2057 E_h, exp. variance=0.0158 E_h^2, pmove=0.49
2026-06-08 17:42:21,359 - Step 02847: 246.0914 E_h, exp. variance=0.0143 E_h^2, pmove=0.50
2026-06-08 17:42:21,703 - Step 02848: 246.0123 E_h, exp. variance=0.0140 E_h^2, pmove=0.50
2026-06-08 17:42:22,047 - Step 02849: 246.1063 E_h, exp. variance=0.0126 E_h^2, pmove=0.50
2026-06-08 17:42:22,390 - Step 02850: 245.9689 E_h, exp. variance=0.0131 E_h^2, pmove=0.50
2026-06-08 17:42:22,737 - Step 02851: 245.9031 E_h, exp. variance=0.0152 E_h^2, pmove=0.50
2026-06-08 17:42:23,082 - Step 02852: 246.0961 E_h, exp. variance=0.0137 E_h^2, pmove=0.50
2026-06-08 17:42:23,429 - Step 02853: 245.8650 E_h, exp. variance=0.0164 E_h^2, pmove=0.50
2026-06-08 17:42:23,775 - Step 02854: 246.1037 E_h, exp. variance=0.0150 E_h^2, pmove=0.50
2026-06-08 17:42:24,121 - Step 02855: 245.9844 E_h, exp. variance=0.0140 E_h^2, pmove=0.50
2026-06-08 17:42:24,469 - Step 02856: 246.0311 E_h, exp. variance=0.0127 E_h^2, pmove=0.50
2026-06-08 17:42:24,818 - Step 02857: 245.9498 E_h, exp. variance=0.0123 E_h^2, pmove=0.49
2026-06-08 17:42:25,164 - Step 02858: 245.9558 E_h, exp. variance=0.0118 E_h^2, pmove=0.50
2026-06-08 17:42:25,511 - Step 02859: 246.1310 E_h, exp. variance=0.0115 E_h^2, pmove=0.50
2026-06-08 17:42:25,857 - Step 02860: 245.8131 E_h, exp. variance=0.0151 E_h^2, pmove=0.50
2026-06-08 17:42:26,205 - Step 02861: 245.9089 E_h, exp. variance=0.0147 E_h^2, pmove=0.50
2026-06-08 17:42:26,554 - Step 02862: 245.9223 E_h, exp. variance=0.0139 E_h^2, pmove=0.50
2026-06-08 17:42:26,899 - Step 02863: 245.8823 E_h, exp. variance=0.0137 E_h^2, pmove=0.50
2026-06-08 17:42:27,244 - Step 02864: 245.8495 E_h, exp. variance=0.0141 E_h^2, pmove=0.50
2026-06-08 17:42:27,588 - Step 02865: 246.1890 E_h, exp. variance=0.0168 E_h^2, pmove=0.50
2026-06-08 17:42:27,932 - Step 02866: 245.8747 E_h, exp. variance=0.0165 E_h^2, pmove=0.49
2026-06-08 17:42:28,277 - Step 02867: 245.8689 E_h, exp. variance=0.0160 E_h^2, pmove=0.50
2026-06-08 17:42:28,621 - Step 02868: 245.9953 E_h, exp. variance=0.0145 E_h^2, pmove=0.50
2026-06-08 17:42:28,966 - Step 02869: 245.9559 E_h, exp. variance=0.0130 E_h^2, pmove=0.49
2026-06-08 17:42:29,311 - Step 02870: 246.1231 E_h, exp. variance=0.0138 E_h^2, pmove=0.50
2026-06-08 17:42:29,655 - Step 02871: 245.9783 E_h, exp. variance=0.0124 E_h^2, pmove=0.50
2026-06-08 17:42:30,006 - Step 02872: 246.0033 E_h, exp. variance=0.0112 E_h^2, pmove=0.51
2026-06-08 17:42:30,353 - Step 02873: 246.0854 E_h, exp. variance=0.0109 E_h^2, pmove=0.50
2026-06-08 17:42:30,700 - Step 02874: 246.0768 E_h, exp. variance=0.0104 E_h^2, pmove=0.50
2026-06-08 17:42:31,047 - Step 02875: 246.0073 E_h, exp. variance=0.0093 E_h^2, pmove=0.50
2026-06-08 17:42:31,393 - Step 02876: 246.2324 E_h, exp. variance=0.0130 E_h^2, pmove=0.49
2026-06-08 17:42:31,742 - Step 02877: 245.8625 E_h, exp. variance=0.0142 E_h^2, pmove=0.50
2026-06-08 17:42:32,087 - Step 02878: 245.9672 E_h, exp. variance=0.0130 E_h^2, pmove=0.50
2026-06-08 17:42:32,455 - Step 02879: 245.9308 E_h, exp. variance=0.0122 E_h^2, pmove=0.50
2026-06-08 17:42:32,807 - Step 02880: 245.9854 E_h, exp. variance=0.0110 E_h^2, pmove=0.50
2026-06-08 17:42:33,151 - Step 02881: 245.9932 E_h, exp. variance=0.0099 E_h^2, pmove=0.50
2026-06-08 17:42:33,498 - Step 02882: 245.8743 E_h, exp. variance=0.0103 E_h^2, pmove=0.50
2026-06-08 17:42:33,844 - Step 02883: 245.9135 E_h, exp. variance=0.0097 E_h^2, pmove=0.50
2026-06-08 17:42:34,200 - Step 02884: 246.0345 E_h, exp. variance=0.0090 E_h^2, pmove=0.50
2026-06-08 17:42:34,549 - Step 02885: 245.9509 E_h, exp. variance=0.0082 E_h^2, pmove=0.50
2026-06-08 17:42:34,897 - Step 02886: 245.7856 E_h, exp. variance=0.0108 E_h^2, pmove=0.49
2026-06-08 17:42:35,242 - Step 02887: 245.9407 E_h, exp. variance=0.0098 E_h^2, pmove=0.50
2026-06-08 17:42:35,586 - Step 02888: 245.8525 E_h, exp. variance=0.0098 E_h^2, pmove=0.50
2026-06-08 17:42:35,936 - Step 02889: 245.8952 E_h, exp. variance=0.0091 E_h^2, pmove=0.50
2026-06-08 17:42:36,284 - Step 02890: 246.0138 E_h, exp. variance=0.0086 E_h^2, pmove=0.50
2026-06-08 17:42:36,632 - Step 02891: 245.9744 E_h, exp. variance=0.0078 E_h^2, pmove=0.50
2026-06-08 17:42:36,980 - Step 02892: 245.9725 E_h, exp. variance=0.0071 E_h^2, pmove=0.50
2026-06-08 17:42:37,327 - Step 02893: 245.8835 E_h, exp. variance=0.0068 E_h^2, pmove=0.50
2026-06-08 17:42:37,673 - Step 02894: 245.9990 E_h, exp. variance=0.0064 E_h^2, pmove=0.50
2026-06-08 17:42:38,019 - Step 02895: 245.9284 E_h, exp. variance=0.0058 E_h^2, pmove=0.50
2026-06-08 17:42:38,367 - Step 02896: 246.0571 E_h, exp. variance=0.0062 E_h^2, pmove=0.50
2026-06-08 17:42:38,715 - Step 02897: 246.1351 E_h, exp. variance=0.0084 E_h^2, pmove=0.50
2026-06-08 17:42:39,063 - Step 02898: 246.0976 E_h, exp. variance=0.0088 E_h^2, pmove=0.50
2026-06-08 17:42:39,409 - Step 02899: 246.2134 E_h, exp. variance=0.0124 E_h^2, pmove=0.51
2026-06-08 17:42:39,755 - Step 02900: 246.2551 E_h, exp. variance=0.0165 E_h^2, pmove=0.50
2026-06-08 17:42:40,101 - Step 02901: 246.2466 E_h, exp. variance=0.0188 E_h^2, pmove=0.49
2026-06-08 17:42:40,447 - Step 02902: 246.1151 E_h, exp. variance=0.0172 E_h^2, pmove=0.50
2026-06-08 17:42:40,794 - Step 02903: 246.0314 E_h, exp. variance=0.0156 E_h^2, pmove=0.50
2026-06-08 17:42:41,140 - Step 02904: 246.0328 E_h, exp. variance=0.0141 E_h^2, pmove=0.50
2026-06-08 17:42:41,488 - Step 02905: 245.9494 E_h, exp. variance=0.0137 E_h^2, pmove=0.50
2026-06-08 17:42:41,834 - Step 02906: 245.9830 E_h, exp. variance=0.0127 E_h^2, pmove=0.50
2026-06-08 17:42:42,180 - Step 02907: 245.9230 E_h, exp. variance=0.0127 E_h^2, pmove=0.50
2026-06-08 17:42:42,527 - Step 02908: 245.9403 E_h, exp. variance=0.0121 E_h^2, pmove=0.50
2026-06-08 17:42:42,873 - Step 02909: 246.0983 E_h, exp. variance=0.0115 E_h^2, pmove=0.49
2026-06-08 17:42:43,225 - Step 02910: 246.1029 E_h, exp. variance=0.0108 E_h^2, pmove=0.50
2026-06-08 17:42:43,571 - Step 02911: 246.2200 E_h, exp. variance=0.0128 E_h^2, pmove=0.50
2026-06-08 17:42:43,918 - Step 02912: 245.8551 E_h, exp. variance=0.0151 E_h^2, pmove=0.50
2026-06-08 17:42:44,266 - Step 02913: 246.0196 E_h, exp. variance=0.0136 E_h^2, pmove=0.50
2026-06-08 17:42:44,614 - Step 02914: 245.8548 E_h, exp. variance=0.0151 E_h^2, pmove=0.50
2026-06-08 17:42:44,958 - Step 02915: 245.8231 E_h, exp. variance=0.0169 E_h^2, pmove=0.50
2026-06-08 17:42:45,305 - Step 02916: 245.7469 E_h, exp. variance=0.0207 E_h^2, pmove=0.50
2026-06-08 17:42:45,651 - Step 02917: 245.8432 E_h, exp. variance=0.0201 E_h^2, pmove=0.50
2026-06-08 17:42:45,997 - Step 02918: 246.0305 E_h, exp. variance=0.0186 E_h^2, pmove=0.50
2026-06-08 17:42:46,341 - Step 02919: 245.9775 E_h, exp. variance=0.0167 E_h^2, pmove=0.51
2026-06-08 17:42:46,689 - Step 02920: 245.8641 E_h, exp. variance=0.0160 E_h^2, pmove=0.50
2026-06-08 17:42:47,037 - Step 02921: 246.0506 E_h, exp. variance=0.0152 E_h^2, pmove=0.50
2026-06-08 17:42:47,386 - Step 02922: 246.0614 E_h, exp. variance=0.0145 E_h^2, pmove=0.49
2026-06-08 17:42:47,731 - Step 02923: 245.9246 E_h, exp. variance=0.0133 E_h^2, pmove=0.50
2026-06-08 17:42:48,074 - Step 02924: 245.9578 E_h, exp. variance=0.0120 E_h^2, pmove=0.50
2026-06-08 17:42:48,424 - Step 02925: 245.9751 E_h, exp. variance=0.0108 E_h^2, pmove=0.50
2026-06-08 17:42:48,772 - Step 02926: 245.9513 E_h, exp. variance=0.0097 E_h^2, pmove=0.50
2026-06-08 17:42:49,119 - Step 02927: 245.7269 E_h, exp. variance=0.0140 E_h^2, pmove=0.50
2026-06-08 17:42:49,462 - Step 02928: 245.8613 E_h, exp. variance=0.0132 E_h^2, pmove=0.50
2026-06-08 17:42:49,810 - Step 02929: 245.6486 E_h, exp. variance=0.0193 E_h^2, pmove=0.50
2026-06-08 17:42:50,158 - Step 02930: 245.7699 E_h, exp. variance=0.0190 E_h^2, pmove=0.51
2026-06-08 17:42:50,505 - Step 02931: 246.1457 E_h, exp. variance=0.0229 E_h^2, pmove=0.50
2026-06-08 17:42:50,850 - Step 02932: 245.9291 E_h, exp. variance=0.0206 E_h^2, pmove=0.50
2026-06-08 17:42:51,198 - Step 02933: 246.1807 E_h, exp. variance=0.0247 E_h^2, pmove=0.49
2026-06-08 17:42:51,542 - Step 02934: 245.9927 E_h, exp. variance=0.0224 E_h^2, pmove=0.49
2026-06-08 17:42:51,886 - Step 02935: 246.0425 E_h, exp. variance=0.0209 E_h^2, pmove=0.50
2026-06-08 17:42:52,251 - Step 02936: 246.0724 E_h, exp. variance=0.0200 E_h^2, pmove=0.50
2026-06-08 17:42:52,611 - Step 02937: 245.9780 E_h, exp. variance=0.0180 E_h^2, pmove=0.50
2026-06-08 17:42:52,960 - Step 02938: 246.2434 E_h, exp. variance=0.0229 E_h^2, pmove=0.50
2026-06-08 17:42:53,309 - Step 02939: 246.0091 E_h, exp. variance=0.0206 E_h^2, pmove=0.50
2026-06-08 17:42:53,655 - Step 02940: 245.9033 E_h, exp. variance=0.0194 E_h^2, pmove=0.50
2026-06-08 17:42:54,000 - Step 02941: 245.9904 E_h, exp. variance=0.0174 E_h^2, pmove=0.50
2026-06-08 17:42:54,346 - Step 02942: 245.9374 E_h, exp. variance=0.0159 E_h^2, pmove=0.50
2026-06-08 17:42:54,693 - Step 02943: 245.9214 E_h, exp. variance=0.0147 E_h^2, pmove=0.50
2026-06-08 17:42:55,039 - Step 02944: 245.8991 E_h, exp. variance=0.0138 E_h^2, pmove=0.50
2026-06-08 17:42:55,387 - Step 02945: 246.0274 E_h, exp. variance=0.0127 E_h^2, pmove=0.51
2026-06-08 17:42:55,733 - Step 02946: 246.0681 E_h, exp. variance=0.0122 E_h^2, pmove=0.50
2026-06-08 17:42:56,080 - Step 02947: 245.9998 E_h, exp. variance=0.0110 E_h^2, pmove=0.50
2026-06-08 17:42:56,424 - Step 02948: 246.0551 E_h, exp. variance=0.0103 E_h^2, pmove=0.49
2026-06-08 17:42:56,774 - Step 02949: 245.8219 E_h, exp. variance=0.0119 E_h^2, pmove=0.50
2026-06-08 17:42:57,123 - Step 02950: 245.8900 E_h, exp. variance=0.0114 E_h^2, pmove=0.50
2026-06-08 17:42:57,471 - Step 02951: 245.8257 E_h, exp. variance=0.0121 E_h^2, pmove=0.50
2026-06-08 17:42:57,819 - Step 02952: 246.0364 E_h, exp. variance=0.0115 E_h^2, pmove=0.49
2026-06-08 17:42:58,168 - Step 02953: 246.0374 E_h, exp. variance=0.0109 E_h^2, pmove=0.50
2026-06-08 17:42:58,515 - Step 02954: 246.0002 E_h, exp. variance=0.0099 E_h^2, pmove=0.50
2026-06-08 17:42:58,861 - Step 02955: 245.8960 E_h, exp. variance=0.0094 E_h^2, pmove=0.50
2026-06-08 17:42:59,207 - Step 02956: 245.8901 E_h, exp. variance=0.0090 E_h^2, pmove=0.49
2026-06-08 17:42:59,553 - Step 02957: 245.9488 E_h, exp. variance=0.0081 E_h^2, pmove=0.50
2026-06-08 17:42:59,902 - Step 02958: 247.9068 E_h, exp. variance=0.3496 E_h^2, pmove=0.50
2026-06-08 17:43:00,250 - Step 02959: 246.1936 E_h, exp. variance=0.3148 E_h^2, pmove=0.49
2026-06-08 17:43:00,599 - Step 02960: 245.8815 E_h, exp. variance=0.2901 E_h^2, pmove=0.50
2026-06-08 17:43:00,945 - Step 02961: 245.9092 E_h, exp. variance=0.2654 E_h^2, pmove=0.50
2026-06-08 17:43:01,290 - Step 02962: 245.9657 E_h, exp. variance=0.2406 E_h^2, pmove=0.50
2026-06-08 17:43:01,636 - Step 02963: 246.0565 E_h, exp. variance=0.2167 E_h^2, pmove=0.50
2026-06-08 17:43:01,982 - Step 02964: 245.8721 E_h, exp. variance=0.1992 E_h^2, pmove=0.50
2026-06-08 17:43:02,329 - Step 02965: 245.9077 E_h, exp. variance=0.1816 E_h^2, pmove=0.50
2026-06-08 17:43:02,676 - Step 02966: 245.8560 E_h, exp. variance=0.1669 E_h^2, pmove=0.50
2026-06-08 17:43:03,026 - Step 02967: 246.0467 E_h, exp. variance=0.1502 E_h^2, pmove=0.50
2026-06-08 17:43:03,373 - Step 02968: 246.0925 E_h, exp. variance=0.1355 E_h^2, pmove=0.50
2026-06-08 17:43:03,719 - Step 02969: 246.0145 E_h, exp. variance=0.1220 E_h^2, pmove=0.49
2026-06-08 17:43:04,063 - Step 02970: 245.9878 E_h, exp. variance=0.1100 E_h^2, pmove=0.51
2026-06-08 17:43:04,410 - Step 02971: 245.9590 E_h, exp. variance=0.0995 E_h^2, pmove=0.50
2026-06-08 17:43:04,813 - Step 02972: 246.2056 E_h, exp. variance=0.0925 E_h^2, pmove=0.50
2026-06-08 17:43:05,162 - Step 02973: 246.1745 E_h, exp. variance=0.0848 E_h^2, pmove=0.50
2026-06-08 17:43:05,512 - Step 02974: 246.1039 E_h, exp. variance=0.0765 E_h^2, pmove=0.50
2026-06-08 17:43:05,858 - Step 02975: 246.1603 E_h, exp. variance=0.0698 E_h^2, pmove=0.50
2026-06-08 17:43:06,202 - Step 02976: 246.0681 E_h, exp. variance=0.0628 E_h^2, pmove=0.50
2026-06-08 17:43:06,549 - Step 02977: 245.8844 E_h, exp. variance=0.0596 E_h^2, pmove=0.50
2026-06-08 17:43:06,894 - Step 02978: 245.9814 E_h, exp. variance=0.0541 E_h^2, pmove=0.50
2026-06-08 17:43:07,239 - Step 02979: 245.9664 E_h, exp. variance=0.0493 E_h^2, pmove=0.50
2026-06-08 17:43:07,582 - Step 02980: 246.0981 E_h, exp. variance=0.0447 E_h^2, pmove=0.50
2026-06-08 17:43:07,931 - Step 02981: 245.9722 E_h, exp. variance=0.0407 E_h^2, pmove=0.49
2026-06-08 17:43:08,276 - Step 02982: 245.9746 E_h, exp. variance=0.0369 E_h^2, pmove=0.50
2026-06-08 17:43:08,624 - Step 02983: 246.3283 E_h, exp. variance=0.0413 E_h^2, pmove=0.50
2026-06-08 17:43:08,970 - Step 02984: 245.9412 E_h, exp. variance=0.0384 E_h^2, pmove=0.49
2026-06-08 17:43:09,318 - Step 02985: 246.0293 E_h, exp. variance=0.0346 E_h^2, pmove=0.49
2026-06-08 17:43:09,662 - Step 02986: 245.8468 E_h, exp. variance=0.0347 E_h^2, pmove=0.50
2026-06-08 17:43:10,010 - Step 02987: 245.9966 E_h, exp. variance=0.0313 E_h^2, pmove=0.50
2026-06-08 17:43:10,359 - Step 02988: 245.9181 E_h, exp. variance=0.0292 E_h^2, pmove=0.50
2026-06-08 17:43:10,707 - Step 02989: 246.0059 E_h, exp. variance=0.0263 E_h^2, pmove=0.49
2026-06-08 17:43:11,052 - Step 02990: 245.9810 E_h, exp. variance=0.0237 E_h^2, pmove=0.50
2026-06-08 17:43:11,397 - Step 02991: 246.0104 E_h, exp. variance=0.0213 E_h^2, pmove=0.50
2026-06-08 17:43:11,752 - Step 02992: 246.0459 E_h, exp. variance=0.0193 E_h^2, pmove=0.50
2026-06-08 17:43:12,101 - Step 02993: 245.9051 E_h, exp. variance=0.0184 E_h^2, pmove=0.50
2026-06-08 17:43:12,445 - Step 02994: 245.8588 E_h, exp. variance=0.0184 E_h^2, pmove=0.50
2026-06-08 17:43:12,790 - Step 02995: 245.8786 E_h, exp. variance=0.0177 E_h^2, pmove=0.50
2026-06-08 17:43:13,140 - Step 02996: 245.7679 E_h, exp. variance=0.0198 E_h^2, pmove=0.49
2026-06-08 17:43:13,487 - Step 02997: 245.8802 E_h, exp. variance=0.0184 E_h^2, pmove=0.50
2026-06-08 17:43:13,832 - Step 02998: 245.8645 E_h, exp. variance=0.0172 E_h^2, pmove=0.50
2026-06-08 17:43:14,175 - Step 02999: 245.8877 E_h, exp. variance=0.0157 E_h^2, pmove=0.50
2026-06-08 17:43:14,518 - Step 03000: 245.9217 E_h, exp. variance=0.0141 E_h^2, pmove=0.50
2026-06-08 17:43:14,862 - Step 03001: 245.8272 E_h, exp. variance=0.0137 E_h^2, pmove=0.50
2026-06-08 17:43:15,207 - Step 03002: 246.0143 E_h, exp. variance=0.0131 E_h^2, pmove=0.50
2026-06-08 17:43:15,551 - Step 03003: 245.9808 E_h, exp. variance=0.0120 E_h^2, pmove=0.50
2026-06-08 17:43:15,899 - Step 03004: 246.0069 E_h, exp. variance=0.0113 E_h^2, pmove=0.51
2026-06-08 17:43:16,248 - Step 03005: 246.1050 E_h, exp. variance=0.0125 E_h^2, pmove=0.50
2026-06-08 17:43:16,593 - Step 03006: 245.9870 E_h, exp. variance=0.0113 E_h^2, pmove=0.50
2026-06-08 17:43:16,939 - Step 03007: 245.8977 E_h, exp. variance=0.0105 E_h^2, pmove=0.50
2026-06-08 17:43:17,283 - Step 03008: 245.8559 E_h, exp. variance=0.0104 E_h^2, pmove=0.50
2026-06-08 17:43:17,628 - Step 03009: 245.9330 E_h, exp. variance=0.0094 E_h^2, pmove=0.50
2026-06-08 17:43:17,973 - Step 03010: 245.9833 E_h, exp. variance=0.0086 E_h^2, pmove=0.50
2026-06-08 17:43:18,318 - Step 03011: 245.8442 E_h, exp. variance=0.0087 E_h^2, pmove=0.50
2026-06-08 17:43:18,665 - Step 03012: 245.8378 E_h, exp. variance=0.0087 E_h^2, pmove=0.50
2026-06-08 17:43:19,012 - Step 03013: 245.9301 E_h, exp. variance=0.0079 E_h^2, pmove=0.50
2026-06-08 17:43:19,359 - Step 03014: 246.1436 E_h, exp. variance=0.0112 E_h^2, pmove=0.50
2026-06-08 17:43:19,705 - Step 03015: 246.0651 E_h, exp. variance=0.0113 E_h^2, pmove=0.50
2026-06-08 17:43:20,051 - Step 03016: 261.6599 E_h, exp. variance=22.1899 E_h^2, pmove=0.49
2026-06-08 17:43:20,394 - Step 03017: 245.5355 E_h, exp. variance=20.3294 E_h^2, pmove=0.49
2026-06-08 17:43:20,738 - Step 03018: 245.8825 E_h, exp. variance=18.4854 E_h^2, pmove=0.51
2026-06-08 17:43:21,082 - Step 03019: 246.0539 E_h, exp. variance=16.7524 E_h^2, pmove=0.50
2026-06-08 17:43:21,428 - Step 03020: 245.9747 E_h, exp. variance=15.1858 E_h^2, pmove=0.50
2026-06-08 17:43:21,771 - Step 03021: 245.9573 E_h, exp. variance=13.7584 E_h^2, pmove=0.50
2026-06-08 17:43:22,118 - Step 03022: 246.1066 E_h, exp. variance=12.4340 E_h^2, pmove=0.50
2026-06-08 17:43:22,463 - Step 03023: 245.9097 E_h, exp. variance=11.2599 E_h^2, pmove=0.50
2026-06-08 17:43:22,808 - Step 03024: 245.9466 E_h, exp. variance=10.1850 E_h^2, pmove=0.50
2026-06-08 17:43:23,152 - Step 03025: 245.9661 E_h, exp. variance=9.2054 E_h^2, pmove=0.50
2026-06-08 17:43:23,500 - Step 03026: 245.9628 E_h, exp. variance=8.3168 E_h^2, pmove=0.50
2026-06-08 17:43:23,846 - Step 03027: 245.9064 E_h, exp. variance=7.5167 E_h^2, pmove=0.50
2026-06-08 17:43:24,195 - Step 03028: 246.0294 E_h, exp. variance=6.7802 E_h^2, pmove=0.50
2026-06-08 17:43:24,541 - Step 03029: 245.8363 E_h, exp. variance=6.1306 E_h^2, pmove=0.50
2026-06-08 17:43:24,886 - Step 03030: 246.0121 E_h, exp. variance=5.5274 E_h^2, pmove=0.50
2026-06-08 17:43:25,232 - Step 03031: 245.9462 E_h, exp. variance=4.9865 E_h^2, pmove=0.50
2026-06-08 17:43:25,578 - Step 03032: 245.8776 E_h, exp. variance=4.5019 E_h^2, pmove=0.50
2026-06-08 17:43:25,921 - Step 03033: 245.8348 E_h, exp. variance=4.0661 E_h^2, pmove=0.50
2026-06-08 17:43:26,267 - Step 03034: 245.9642 E_h, exp. variance=3.6642 E_h^2, pmove=0.49
2026-06-08 17:43:26,613 - Step 03035: 246.0461 E_h, exp. variance=3.2992 E_h^2, pmove=0.50
2026-06-08 17:43:26,960 - Step 03036: 245.9557 E_h, exp. variance=2.9729 E_h^2, pmove=0.50
2026-06-08 17:43:27,310 - Step 03037: 246.1102 E_h, exp. variance=2.6757 E_h^2, pmove=0.50
2026-06-08 17:43:27,655 - Step 03038: 245.9209 E_h, exp. variance=2.4123 E_h^2, pmove=0.50
2026-06-08 17:43:28,001 - Step 03039: 246.0824 E_h, exp. variance=2.1711 E_h^2, pmove=0.50
2026-06-08 17:43:28,345 - Step 03040: 246.1825 E_h, exp. variance=1.9545 E_h^2, pmove=0.50
2026-06-08 17:43:28,691 - Step 03041: 245.9577 E_h, exp. variance=1.7613 E_h^2, pmove=0.50
2026-06-08 17:43:29,039 - Step 03042: 245.9528 E_h, exp. variance=1.5872 E_h^2, pmove=0.50
2026-06-08 17:43:29,389 - Step 03043: 245.9695 E_h, exp. variance=1.4297 E_h^2, pmove=0.50
2026-06-08 17:43:29,734 - Step 03044: 245.9020 E_h, exp. variance=1.2895 E_h^2, pmove=0.49
2026-06-08 17:43:30,078 - Step 03045: 246.1128 E_h, exp. variance=1.1608 E_h^2, pmove=0.50
2026-06-08 17:43:30,422 - Step 03046: 245.9796 E_h, exp. variance=1.0453 E_h^2, pmove=0.51
2026-06-08 17:43:30,769 - Step 03047: 245.9710 E_h, exp. variance=0.9414 E_h^2, pmove=0.50
2026-06-08 17:43:31,116 - Step 03048: 245.8765 E_h, exp. variance=0.8499 E_h^2, pmove=0.50
2026-06-08 17:43:31,461 - Step 03049: 245.8284 E_h, exp. variance=0.7685 E_h^2, pmove=0.50
2026-06-08 17:43:31,809 - Step 03050: 245.7243 E_h, exp. variance=0.6990 E_h^2, pmove=0.50
2026-06-08 17:43:32,156 - Step 03051: 245.9031 E_h, exp. variance=0.6297 E_h^2, pmove=0.51
2026-06-08 17:43:32,501 - Step 03052: 245.8277 E_h, exp. variance=0.5686 E_h^2, pmove=0.51
2026-06-08 17:43:32,849 - Step 03053: 245.8607 E_h, exp. variance=0.5126 E_h^2, pmove=0.50
2026-06-08 17:43:33,196 - Step 03054: 245.9712 E_h, exp. variance=0.4614 E_h^2, pmove=0.49
2026-06-08 17:43:33,542 - Step 03055: 245.8833 E_h, exp. variance=0.4157 E_h^2, pmove=0.50
2026-06-08 17:43:33,888 - Step 03056: 245.9171 E_h, exp. variance=0.3742 E_h^2, pmove=0.51
2026-06-08 17:43:34,235 - Step 03057: 245.9126 E_h, exp. variance=0.3368 E_h^2, pmove=0.50
2026-06-08 17:43:34,584 - Step 03058: 245.9705 E_h, exp. variance=0.3032 E_h^2, pmove=0.50
2026-06-08 17:43:34,931 - Step 03059: 245.9331 E_h, exp. variance=0.2729 E_h^2, pmove=0.50
2026-06-08 17:43:35,279 - Step 03060: 246.0004 E_h, exp. variance=0.2459 E_h^2, pmove=0.50
2026-06-08 17:43:35,625 - Step 03061: 245.9685 E_h, exp. variance=0.2214 E_h^2, pmove=0.50
2026-06-08 17:43:35,971 - Step 03062: 246.3138 E_h, exp. variance=0.2112 E_h^2, pmove=0.50
2026-06-08 17:43:36,318 - Step 03063: 246.0591 E_h, exp. variance=0.1906 E_h^2, pmove=0.50
2026-06-08 17:43:36,664 - Step 03064: 246.0994 E_h, exp. variance=0.1725 E_h^2, pmove=0.50
2026-06-08 17:43:37,011 - Step 03065: 246.0990 E_h, exp. variance=0.1561 E_h^2, pmove=0.50
2026-06-08 17:43:37,358 - Step 03066: 246.1255 E_h, exp. variance=0.1416 E_h^2, pmove=0.50
2026-06-08 17:43:37,702 - Step 03067: 245.9323 E_h, exp. variance=0.1282 E_h^2, pmove=0.49
2026-06-08 17:43:38,050 - Step 03068: 246.0536 E_h, exp. variance=0.1155 E_h^2, pmove=0.50
2026-06-08 17:43:38,397 - Step 03069: 245.9665 E_h, exp. variance=0.1042 E_h^2, pmove=0.49
2026-06-08 17:43:38,741 - Step 03070: 245.8770 E_h, exp. variance=0.0955 E_h^2, pmove=0.50
2026-06-08 17:43:39,087 - Step 03071: 245.8747 E_h, exp. variance=0.0874 E_h^2, pmove=0.50
2026-06-08 17:43:39,434 - Step 03072: 245.9816 E_h, exp. variance=0.0786 E_h^2, pmove=0.50
2026-06-08 17:43:39,779 - Step 03073: 245.8716 E_h, exp. variance=0.0720 E_h^2, pmove=0.50
2026-06-08 17:43:40,125 - Step 03074: 246.0285 E_h, exp. variance=0.0650 E_h^2, pmove=0.50
2026-06-08 17:43:40,471 - Step 03075: 245.7861 E_h, exp. variance=0.0619 E_h^2, pmove=0.50
2026-06-08 17:43:40,816 - Step 03076: 245.9312 E_h, exp. variance=0.0558 E_h^2, pmove=0.50
2026-06-08 17:43:41,163 - Step 03077: 245.9033 E_h, exp. variance=0.0505 E_h^2, pmove=0.50
2026-06-08 17:43:41,509 - Step 03078: 245.9727 E_h, exp. variance=0.0455 E_h^2, pmove=0.50
2026-06-08 17:43:41,856 - Step 03079: 246.0901 E_h, exp. variance=0.0426 E_h^2, pmove=0.50
2026-06-08 17:43:42,202 - Step 03080: 245.8548 E_h, exp. variance=0.0395 E_h^2, pmove=0.50
2026-06-08 17:43:42,549 - Step 03081: 246.1475 E_h, exp. variance=0.0388 E_h^2, pmove=0.50
2026-06-08 17:43:42,894 - Step 03082: 246.1913 E_h, exp. variance=0.0391 E_h^2, pmove=0.49
2026-06-08 17:43:43,241 - Step 03083: 245.9801 E_h, exp. variance=0.0352 E_h^2, pmove=0.49
2026-06-08 17:43:43,600 - Step 03084: 246.0076 E_h, exp. variance=0.0317 E_h^2, pmove=0.50
2026-06-08 17:43:43,946 - Step 03085: 245.9764 E_h, exp. variance=0.0286 E_h^2, pmove=0.51
2026-06-08 17:43:44,296 - Step 03086: 245.9637 E_h, exp. variance=0.0258 E_h^2, pmove=0.50
2026-06-08 17:43:44,641 - Step 03087: 246.1370 E_h, exp. variance=0.0251 E_h^2, pmove=0.50
2026-06-08 17:43:44,988 - Step 03088: 245.8213 E_h, exp. variance=0.0257 E_h^2, pmove=0.49
2026-06-08 17:43:45,333 - Step 03089: 245.9313 E_h, exp. variance=0.0234 E_h^2, pmove=0.50
2026-06-08 17:43:45,678 - Step 03090: 245.8097 E_h, exp. variance=0.0237 E_h^2, pmove=0.50
2026-06-08 17:43:46,025 - Step 03091: 245.9379 E_h, exp. variance=0.0214 E_h^2, pmove=0.49
2026-06-08 17:43:46,371 - Step 03092: 245.8896 E_h, exp. variance=0.0198 E_h^2, pmove=0.50
2026-06-08 17:43:46,718 - Step 03093: 246.1684 E_h, exp. variance=0.0219 E_h^2, pmove=0.49
2026-06-08 17:43:47,069 - Step 03094: 246.1354 E_h, exp. variance=0.0220 E_h^2, pmove=0.50
2026-06-08 17:43:47,414 - Step 03095: 246.0984 E_h, exp. variance=0.0208 E_h^2, pmove=0.49
2026-06-08 17:43:47,762 - Step 03096: 245.9419 E_h, exp. variance=0.0191 E_h^2, pmove=0.50
2026-06-08 17:43:48,108 - Step 03097: 245.7576 E_h, exp. variance=0.0223 E_h^2, pmove=0.50
2026-06-08 17:43:48,456 - Step 03098: 245.8587 E_h, exp. variance=0.0212 E_h^2, pmove=0.50
2026-06-08 17:43:48,803 - Step 03099: 245.8409 E_h, exp. variance=0.0204 E_h^2, pmove=0.50
2026-06-08 17:43:49,161 - Step 03100: 246.0549 E_h, exp. variance=0.0194 E_h^2, pmove=0.50
2026-06-08 17:43:49,507 - Step 03101: 246.0682 E_h, exp. variance=0.0185 E_h^2, pmove=0.50
2026-06-08 17:43:49,852 - Step 03102: 246.0655 E_h, exp. variance=0.0175 E_h^2, pmove=0.50
2026-06-08 17:43:50,197 - Step 03103: 245.9741 E_h, exp. variance=0.0157 E_h^2, pmove=0.50
2026-06-08 17:43:50,544 - Step 03104: 245.8773 E_h, exp. variance=0.0151 E_h^2, pmove=0.50
2026-06-08 17:43:50,891 - Step 03105: 245.9246 E_h, exp. variance=0.0138 E_h^2, pmove=0.50
2026-06-08 17:43:51,238 - Step 03106: 245.9598 E_h, exp. variance=0.0124 E_h^2, pmove=0.50
2026-06-08 17:43:51,582 - Step 03107: 245.8839 E_h, exp. variance=0.0117 E_h^2, pmove=0.50
2026-06-08 17:43:51,930 - Step 03108: 245.9283 E_h, exp. variance=0.0106 E_h^2, pmove=0.50
2026-06-08 17:43:52,277 - Step 03109: 245.9809 E_h, exp. variance=0.0096 E_h^2, pmove=0.50
2026-06-08 17:43:52,622 - Step 03110: 245.8715 E_h, exp. variance=0.0093 E_h^2, pmove=0.50
2026-06-08 17:43:52,968 - Step 03111: 245.9459 E_h, exp. variance=0.0084 E_h^2, pmove=0.50
2026-06-08 17:43:53,315 - Step 03112: 245.7302 E_h, exp. variance=0.0118 E_h^2, pmove=0.50
2026-06-08 17:43:53,659 - Step 03113: 245.8573 E_h, exp. variance=0.0110 E_h^2, pmove=0.50
2026-06-08 17:43:54,006 - Step 03114: 245.9142 E_h, exp. variance=0.0099 E_h^2, pmove=0.49
2026-06-08 17:43:54,352 - Step 03115: 245.8210 E_h, exp. variance=0.0098 E_h^2, pmove=0.50
2026-06-08 17:43:54,697 - Step 03116: 245.8941 E_h, exp. variance=0.0088 E_h^2, pmove=0.50
2026-06-08 17:43:55,041 - Step 03117: 245.8161 E_h, exp. variance=0.0087 E_h^2, pmove=0.50
2026-06-08 17:43:55,389 - Step 03118: 245.9491 E_h, exp. variance=0.0081 E_h^2, pmove=0.50
2026-06-08 17:43:55,738 - Step 03119: 245.9933 E_h, exp. variance=0.0080 E_h^2, pmove=0.50
2026-06-08 17:43:56,090 - Step 03120: 246.0296 E_h, exp. variance=0.0084 E_h^2, pmove=0.50
2026-06-08 17:43:56,438 - Step 03121: 246.1339 E_h, exp. variance=0.0116 E_h^2, pmove=0.49
2026-06-08 17:43:56,786 - Step 03122: 245.9995 E_h, exp. variance=0.0107 E_h^2, pmove=0.50
2026-06-08 17:43:57,142 - Step 03123: 245.9328 E_h, exp. variance=0.0096 E_h^2, pmove=0.50
2026-06-08 17:43:57,493 - Step 03124: 245.8462 E_h, exp. variance=0.0096 E_h^2, pmove=0.50
2026-06-08 17:43:57,848 - Step 03125: 245.9573 E_h, exp. variance=0.0087 E_h^2, pmove=0.51
2026-06-08 17:43:58,196 - Step 03126: 245.8100 E_h, exp. variance=0.0093 E_h^2, pmove=0.50
2026-06-08 17:43:58,541 - Step 03127: 245.9200 E_h, exp. variance=0.0084 E_h^2, pmove=0.50
2026-06-08 17:43:58,884 - Step 03128: 245.9203 E_h, exp. variance=0.0076 E_h^2, pmove=0.50
2026-06-08 17:43:59,230 - Step 03129: 245.8098 E_h, exp. variance=0.0080 E_h^2, pmove=0.50
2026-06-08 17:43:59,578 - Step 03130: 245.8295 E_h, exp. variance=0.0079 E_h^2, pmove=0.50
2026-06-08 17:43:59,923 - Step 03131: 245.8133 E_h, exp. variance=0.0079 E_h^2, pmove=0.50
2026-06-08 17:44:00,268 - Step 03132: 245.7665 E_h, exp. variance=0.0086 E_h^2, pmove=0.50
2026-06-08 17:44:00,613 - Step 03133: 246.0329 E_h, exp. variance=0.0097 E_h^2, pmove=0.50
2026-06-08 17:44:00,957 - Step 03134: 245.9965 E_h, exp. variance=0.0096 E_h^2, pmove=0.50
2026-06-08 17:44:01,302 - Step 03135: 245.8791 E_h, exp. variance=0.0087 E_h^2, pmove=0.50
2026-06-08 17:44:01,649 - Step 03136: 245.8718 E_h, exp. variance=0.0080 E_h^2, pmove=0.50
2026-06-08 17:44:01,994 - Step 03137: 246.1337 E_h, exp. variance=0.0120 E_h^2, pmove=0.50
2026-06-08 17:44:02,341 - Step 03138: 246.0164 E_h, exp. variance=0.0116 E_h^2, pmove=0.50
2026-06-08 17:44:02,689 - Step 03139: 246.0218 E_h, exp. variance=0.0111 E_h^2, pmove=0.51
2026-06-08 17:44:03,037 - Step 03140: 245.9491 E_h, exp. variance=0.0100 E_h^2, pmove=0.50
2026-06-08 17:44:03,384 - Step 03141: 245.9362 E_h, exp. variance=0.0090 E_h^2, pmove=0.49
2026-06-08 17:44:03,730 - Step 03142: 245.9814 E_h, exp. variance=0.0082 E_h^2, pmove=0.50
2026-06-08 17:44:04,075 - Step 03143: 246.1283 E_h, exp. variance=0.0104 E_h^2, pmove=0.50
2026-06-08 17:44:04,423 - Step 03144: 245.8896 E_h, exp. variance=0.0098 E_h^2, pmove=0.50
2026-06-08 17:44:04,768 - Step 03145: 245.8504 E_h, exp. variance=0.0099 E_h^2, pmove=0.51
2026-06-08 17:44:05,118 - Step 03146: 245.9758 E_h, exp. variance=0.0090 E_h^2, pmove=0.50
2026-06-08 17:44:05,468 - Step 03147: 245.8813 E_h, exp. variance=0.0085 E_h^2, pmove=0.50
2026-06-08 17:44:05,814 - Step 03148: 245.9665 E_h, exp. variance=0.0077 E_h^2, pmove=0.50
2026-06-08 17:44:06,161 - Step 03149: 246.0627 E_h, exp. variance=0.0082 E_h^2, pmove=0.50
2026-06-08 17:44:06,507 - Step 03150: 245.9280 E_h, exp. variance=0.0074 E_h^2, pmove=0.50
2026-06-08 17:44:06,852 - Step 03151: 245.8928 E_h, exp. variance=0.0070 E_h^2, pmove=0.50
2026-06-08 17:44:07,197 - Step 03152: 245.9132 E_h, exp. variance=0.0064 E_h^2, pmove=0.50
2026-06-08 17:44:07,545 - Step 03153: 245.9624 E_h, exp. variance=0.0058 E_h^2, pmove=0.51
2026-06-08 17:44:07,892 - Step 03154: 245.9359 E_h, exp. variance=0.0052 E_h^2, pmove=0.50
2026-06-08 17:44:08,238 - Step 03155: 245.8543 E_h, exp. variance=0.0055 E_h^2, pmove=0.50
2026-06-08 17:44:08,583 - Step 03156: 245.8036 E_h, exp. variance=0.0065 E_h^2, pmove=0.50
2026-06-08 17:44:08,932 - Step 03157: 245.8773 E_h, exp. variance=0.0060 E_h^2, pmove=0.51
2026-06-08 17:44:09,281 - Step 03158: 245.8108 E_h, exp. variance=0.0065 E_h^2, pmove=0.49
2026-06-08 17:44:09,627 - Step 03159: 245.8258 E_h, exp. variance=0.0064 E_h^2, pmove=0.50
2026-06-08 17:44:09,972 - Step 03160: 245.8373 E_h, exp. variance=0.0061 E_h^2, pmove=0.50
2026-06-08 17:44:10,317 - Step 03161: 245.7969 E_h, exp. variance=0.0064 E_h^2, pmove=0.50
2026-06-08 17:44:10,663 - Step 03162: 245.7937 E_h, exp. variance=0.0064 E_h^2, pmove=0.50
2026-06-08 17:44:11,010 - Step 03163: 245.8813 E_h, exp. variance=0.0058 E_h^2, pmove=0.51
2026-06-08 17:44:11,355 - Step 03164: 245.8146 E_h, exp. variance=0.0056 E_h^2, pmove=0.50
2026-06-08 17:44:11,700 - Step 03165: 245.8989 E_h, exp. variance=0.0051 E_h^2, pmove=0.50
2026-06-08 17:44:12,044 - Step 03166: 245.8845 E_h, exp. variance=0.0046 E_h^2, pmove=0.50
2026-06-08 17:44:12,389 - Step 03167: 245.8415 E_h, exp. variance=0.0042 E_h^2, pmove=0.49
2026-06-08 17:44:12,734 - Step 03168: 245.8934 E_h, exp. variance=0.0038 E_h^2, pmove=0.50
2026-06-08 17:44:13,079 - Step 03169: 245.8811 E_h, exp. variance=0.0035 E_h^2, pmove=0.49
2026-06-08 17:44:13,427 - Step 03170: 245.8017 E_h, exp. variance=0.0036 E_h^2, pmove=0.50
2026-06-08 17:44:13,773 - Step 03171: 245.8007 E_h, exp. variance=0.0036 E_h^2, pmove=0.50
2026-06-08 17:44:14,120 - Step 03172: 246.1301 E_h, exp. variance=0.0098 E_h^2, pmove=0.50
2026-06-08 17:44:14,468 - Step 03173: 245.9307 E_h, exp. variance=0.0090 E_h^2, pmove=0.50
2026-06-08 17:44:14,815 - Step 03174: 245.8684 E_h, exp. variance=0.0082 E_h^2, pmove=0.50
2026-06-08 17:44:15,161 - Step 03175: 245.8288 E_h, exp. variance=0.0077 E_h^2, pmove=0.50
2026-06-08 17:44:15,506 - Step 03176: 245.9406 E_h, exp. variance=0.0072 E_h^2, pmove=0.51
2026-06-08 17:44:15,852 - Step 03177: 245.9374 E_h, exp. variance=0.0067 E_h^2, pmove=0.50
2026-06-08 17:44:16,198 - Step 03178: 246.1725 E_h, exp. variance=0.0130 E_h^2, pmove=0.50
2026-06-08 17:44:16,541 - Step 03179: 246.0880 E_h, exp. variance=0.0142 E_h^2, pmove=0.49
2026-06-08 17:44:16,886 - Step 03180: 246.0924 E_h, exp. variance=0.0150 E_h^2, pmove=0.50
2026-06-08 17:44:17,230 - Step 03181: 245.9377 E_h, exp. variance=0.0135 E_h^2, pmove=0.50
2026-06-08 17:44:17,594 - Step 03182: 245.9845 E_h, exp. variance=0.0122 E_h^2, pmove=0.50
2026-06-08 17:44:17,960 - Step 03183: 245.9949 E_h, exp. variance=0.0111 E_h^2, pmove=0.50
2026-06-08 17:44:18,307 - Step 03184: 245.8745 E_h, exp. variance=0.0107 E_h^2, pmove=0.50
2026-06-08 17:44:18,656 - Step 03185: 245.8727 E_h, exp. variance=0.0102 E_h^2, pmove=0.50
2026-06-08 17:44:19,006 - Step 03186: 245.9469 E_h, exp. variance=0.0091 E_h^2, pmove=0.51
2026-06-08 17:44:19,353 - Step 03187: 245.8878 E_h, exp. variance=0.0085 E_h^2, pmove=0.50
2026-06-08 17:44:19,698 - Step 03188: 245.9076 E_h, exp. variance=0.0077 E_h^2, pmove=0.50
2026-06-08 17:44:20,044 - Step 03189: 245.9077 E_h, exp. variance=0.0070 E_h^2, pmove=0.50
2026-06-08 17:44:20,391 - Step 03190: 246.0127 E_h, exp. variance=0.0069 E_h^2, pmove=0.51
2026-06-08 17:44:20,739 - Step 03191: 245.8900 E_h, exp. variance=0.0064 E_h^2, pmove=0.50
2026-06-08 17:44:21,085 - Step 03192: 245.9108 E_h, exp. variance=0.0059 E_h^2, pmove=0.50
2026-06-08 17:44:21,434 - Step 03193: 245.9302 E_h, exp. variance=0.0053 E_h^2, pmove=0.50
2026-06-08 17:44:21,784 - Step 03194: 245.8712 E_h, exp. variance=0.0051 E_h^2, pmove=0.51
2026-06-08 17:44:22,135 - Step 03195: 245.8610 E_h, exp. variance=0.0050 E_h^2, pmove=0.50
2026-06-08 17:44:22,486 - Step 03196: 245.9653 E_h, exp. variance=0.0046 E_h^2, pmove=0.50
2026-06-08 17:44:22,837 - Step 03197: 246.0337 E_h, exp. variance=0.0053 E_h^2, pmove=0.50
2026-06-08 17:44:23,186 - Step 03198: 246.0701 E_h, exp. variance=0.0064 E_h^2, pmove=0.50
2026-06-08 17:44:23,531 - Step 03199: 245.9584 E_h, exp. variance=0.0057 E_h^2, pmove=0.49
2026-06-08 17:44:23,876 - Step 03200: 245.8393 E_h, exp. variance=0.0063 E_h^2, pmove=0.50
2026-06-08 17:44:24,222 - Step 03201: 245.8913 E_h, exp. variance=0.0058 E_h^2, pmove=0.51
2026-06-08 17:44:24,568 - Step 03202: 245.8666 E_h, exp. variance=0.0057 E_h^2, pmove=0.50
2026-06-08 17:44:24,913 - Step 03203: 245.8824 E_h, exp. variance=0.0053 E_h^2, pmove=0.49
2026-06-08 17:44:25,259 - Step 03204: 245.7609 E_h, exp. variance=0.0071 E_h^2, pmove=0.50
2026-06-08 17:44:25,606 - Step 03205: 245.9169 E_h, exp. variance=0.0064 E_h^2, pmove=0.50
2026-06-08 17:44:25,956 - Step 03206: 245.8555 E_h, exp. variance=0.0060 E_h^2, pmove=0.50
2026-06-08 17:44:26,305 - Step 03207: 245.8879 E_h, exp. variance=0.0054 E_h^2, pmove=0.49
2026-06-08 17:44:26,662 - Step 03208: 245.8978 E_h, exp. variance=0.0049 E_h^2, pmove=0.50
2026-06-08 17:44:27,007 - Step 03209: 245.8279 E_h, exp. variance=0.0049 E_h^2, pmove=0.49
2026-06-08 17:44:27,351 - Step 03210: 245.9945 E_h, exp. variance=0.0053 E_h^2, pmove=0.49
2026-06-08 17:44:27,696 - Step 03211: 245.9354 E_h, exp. variance=0.0049 E_h^2, pmove=0.50
2026-06-08 17:44:28,040 - Step 03212: 245.9265 E_h, exp. variance=0.0044 E_h^2, pmove=0.50
2026-06-08 17:44:28,384 - Step 03213: 245.8361 E_h, exp. variance=0.0044 E_h^2, pmove=0.50
2026-06-08 17:44:28,728 - Step 03214: 245.7415 E_h, exp. variance=0.0063 E_h^2, pmove=0.50
2026-06-08 17:44:29,075 - Step 03215: 245.9256 E_h, exp. variance=0.0058 E_h^2, pmove=0.51
2026-06-08 17:44:29,423 - Step 03216: 245.9137 E_h, exp. variance=0.0053 E_h^2, pmove=0.49
2026-06-08 17:44:29,769 - Step 03217: 245.8527 E_h, exp. variance=0.0049 E_h^2, pmove=0.51
2026-06-08 17:44:30,114 - Step 03218: 245.8198 E_h, exp. variance=0.0048 E_h^2, pmove=0.50
2026-06-08 17:44:30,457 - Step 03219: 245.9957 E_h, exp. variance=0.0055 E_h^2, pmove=0.49
2026-06-08 17:44:30,803 - Step 03220: 245.8782 E_h, exp. variance=0.0050 E_h^2, pmove=0.50
2026-06-08 17:44:31,154 - Step 03221: 245.8695 E_h, exp. variance=0.0045 E_h^2, pmove=0.50
2026-06-08 17:44:31,503 - Step 03222: 245.8529 E_h, exp. variance=0.0042 E_h^2, pmove=0.49
2026-06-08 17:44:31,849 - Step 03223: 246.0177 E_h, exp. variance=0.0054 E_h^2, pmove=0.50
2026-06-08 17:44:32,195 - Step 03224: 245.9951 E_h, exp. variance=0.0057 E_h^2, pmove=0.50
2026-06-08 17:44:32,541 - Step 03225: 246.0347 E_h, exp. variance=0.0065 E_h^2, pmove=0.50
2026-06-08 17:44:32,888 - Step 03226: 246.0139 E_h, exp. variance=0.0067 E_h^2, pmove=0.50
2026-06-08 17:44:33,232 - Step 03227: 246.0124 E_h, exp. variance=0.0066 E_h^2, pmove=0.50
2026-06-08 17:44:33,579 - Step 03228: 245.9547 E_h, exp. variance=0.0060 E_h^2, pmove=0.50
2026-06-08 17:44:33,929 - Step 03229: 245.9884 E_h, exp. variance=0.0056 E_h^2, pmove=0.50
2026-06-08 17:44:34,276 - Step 03230: 245.9279 E_h, exp. variance=0.0050 E_h^2, pmove=0.50
2026-06-08 17:44:34,624 - Step 03231: 245.9503 E_h, exp. variance=0.0045 E_h^2, pmove=0.50
2026-06-08 17:44:34,970 - Step 03232: 245.9328 E_h, exp. variance=0.0041 E_h^2, pmove=0.50
2026-06-08 17:44:35,339 - Step 03233: 246.0027 E_h, exp. variance=0.0040 E_h^2, pmove=0.50
2026-06-08 17:44:35,699 - Step 03234: 245.7636 E_h, exp. variance=0.0067 E_h^2, pmove=0.50
2026-06-08 17:44:36,047 - Step 03235: 245.7229 E_h, exp. variance=0.0099 E_h^2, pmove=0.51
2026-06-08 17:44:36,395 - Step 03236: 245.7620 E_h, exp. variance=0.0109 E_h^2, pmove=0.50
2026-06-08 17:44:36,742 - Step 03237: 245.7554 E_h, exp. variance=0.0115 E_h^2, pmove=0.50
2026-06-08 17:44:37,089 - Step 03238: 245.8178 E_h, exp. variance=0.0107 E_h^2, pmove=0.50
2026-06-08 17:44:37,435 - Step 03239: 245.7230 E_h, exp. variance=0.0117 E_h^2, pmove=0.50
2026-06-08 17:44:37,781 - Step 03240: 245.6877 E_h, exp. variance=0.0132 E_h^2, pmove=0.50
2026-06-08 17:44:38,126 - Step 03241: 245.8654 E_h, exp. variance=0.0119 E_h^2, pmove=0.50
2026-06-08 17:44:38,481 - Step 03242: 245.8520 E_h, exp. variance=0.0107 E_h^2, pmove=0.50
2026-06-08 17:44:38,837 - Step 03243: 245.9057 E_h, exp. variance=0.0100 E_h^2, pmove=0.50
2026-06-08 17:44:39,195 - Step 03244: 245.8303 E_h, exp. variance=0.0090 E_h^2, pmove=0.50
2026-06-08 17:44:39,547 - Step 03245: 245.7887 E_h, exp. variance=0.0085 E_h^2, pmove=0.50
2026-06-08 17:44:39,899 - Step 03246: 245.8438 E_h, exp. variance=0.0076 E_h^2, pmove=0.50
2026-06-08 17:44:40,254 - Step 03247: 245.8727 E_h, exp. variance=0.0069 E_h^2, pmove=0.50
2026-06-08 17:44:40,607 - Step 03248: 245.8361 E_h, exp. variance=0.0063 E_h^2, pmove=0.50
2026-06-08 17:44:40,966 - Step 03249: 245.7797 E_h, exp. variance=0.0060 E_h^2, pmove=0.50
2026-06-08 17:44:41,327 - Step 03250: 245.9200 E_h, exp. variance=0.0060 E_h^2, pmove=0.50
2026-06-08 17:44:41,683 - Step 03251: 246.1175 E_h, exp. variance=0.0120 E_h^2, pmove=0.50
2026-06-08 17:44:42,038 - Step 03252: 245.9920 E_h, exp. variance=0.0121 E_h^2, pmove=0.49
2026-06-08 17:44:42,394 - Step 03253: 246.0089 E_h, exp. variance=0.0122 E_h^2, pmove=0.50
2026-06-08 17:44:42,748 - Step 03254: 245.8405 E_h, exp. variance=0.0113 E_h^2, pmove=0.50
2026-06-08 17:44:43,104 - Step 03255: 246.4646 E_h, exp. variance=0.0397 E_h^2, pmove=0.49
2026-06-08 17:44:43,458 - Step 03256: 245.8727 E_h, exp. variance=0.0362 E_h^2, pmove=0.50
2026-06-08 17:44:43,816 - Step 03257: 246.0565 E_h, exp. variance=0.0338 E_h^2, pmove=0.50
2026-06-08 17:44:44,171 - Step 03258: 245.7820 E_h, exp. variance=0.0330 E_h^2, pmove=0.50
2026-06-08 17:44:44,528 - Step 03259: 247.8189 E_h, exp. variance=0.3488 E_h^2, pmove=0.50
2026-06-08 17:44:44,883 - Step 03260: 246.0202 E_h, exp. variance=0.3149 E_h^2, pmove=0.50
2026-06-08 17:44:45,237 - Step 03261: 246.3262 E_h, exp. variance=0.2874 E_h^2, pmove=0.49
2026-06-08 17:44:45,593 - Step 03262: 245.7872 E_h, exp. variance=0.2696 E_h^2, pmove=0.50
2026-06-08 17:44:45,948 - Step 03263: 245.8024 E_h, exp. variance=0.2506 E_h^2, pmove=0.50
2026-06-08 17:44:46,303 - Step 03264: 246.0351 E_h, exp. variance=0.2257 E_h^2, pmove=0.50
2026-06-08 17:44:46,656 - Step 03265: 246.0798 E_h, exp. variance=0.2031 E_h^2, pmove=0.50
2026-06-08 17:44:47,009 - Step 03266: 247.5974 E_h, exp. variance=0.3932 E_h^2, pmove=0.50
2026-06-08 17:44:47,365 - Step 03267: 245.8009 E_h, exp. variance=0.3698 E_h^2, pmove=0.50
2026-06-08 17:44:47,717 - Step 03268: 245.9073 E_h, exp. variance=0.3395 E_h^2, pmove=0.50
2026-06-08 17:44:48,069 - Step 03269: 245.9149 E_h, exp. variance=0.3106 E_h^2, pmove=0.49
2026-06-08 17:44:48,423 - Step 03270: 245.7651 E_h, exp. variance=0.2914 E_h^2, pmove=0.50
2026-06-08 17:44:48,776 - Step 03271: 245.7870 E_h, exp. variance=0.2706 E_h^2, pmove=0.50
2026-06-08 17:44:49,130 - Step 03272: 245.8553 E_h, exp. variance=0.2474 E_h^2, pmove=0.50
2026-06-08 17:44:49,485 - Step 03273: 245.9571 E_h, exp. variance=0.2233 E_h^2, pmove=0.50
2026-06-08 17:44:49,837 - Step 03274: 245.9840 E_h, exp. variance=0.2012 E_h^2, pmove=0.50
2026-06-08 17:44:50,190 - Step 03275: 245.8469 E_h, exp. variance=0.1840 E_h^2, pmove=0.50
2026-06-08 17:44:50,544 - Step 03276: 245.8734 E_h, exp. variance=0.1673 E_h^2, pmove=0.50
2026-06-08 17:44:50,903 - Step 03277: 245.8909 E_h, exp. variance=0.1515 E_h^2, pmove=0.50
2026-06-08 17:44:51,259 - Step 03278: 245.6645 E_h, exp. variance=0.1457 E_h^2, pmove=0.49
2026-06-08 17:44:51,617 - Step 03279: 245.7044 E_h, exp. variance=0.1367 E_h^2, pmove=0.50
2026-06-08 17:44:51,971 - Step 03280: 245.7823 E_h, exp. variance=0.1249 E_h^2, pmove=0.50
2026-06-08 17:44:52,325 - Step 03281: 245.7910 E_h, exp. variance=0.1138 E_h^2, pmove=0.50
2026-06-08 17:44:52,676 - Step 03282: 245.7758 E_h, exp. variance=0.1038 E_h^2, pmove=0.50
2026-06-08 17:44:53,028 - Step 03283: 245.9318 E_h, exp. variance=0.0936 E_h^2, pmove=0.50
2026-06-08 17:44:53,381 - Step 03284: 245.9406 E_h, exp. variance=0.0845 E_h^2, pmove=0.50
2026-06-08 17:44:53,737 - Step 03285: 245.8800 E_h, exp. variance=0.0760 E_h^2, pmove=0.50
2026-06-08 17:44:54,089 - Step 03286: 245.9492 E_h, exp. variance=0.0687 E_h^2, pmove=0.50
2026-06-08 17:44:54,445 - Step 03287: 246.0652 E_h, exp. variance=0.0642 E_h^2, pmove=0.50
2026-06-08 17:44:54,801 - Step 03288: 245.9108 E_h, exp. variance=0.0578 E_h^2, pmove=0.50
2026-06-08 17:44:55,159 - Step 03289: 245.8551 E_h, exp. variance=0.0524 E_h^2, pmove=0.50
2026-06-08 17:44:55,512 - Step 03290: 245.8472 E_h, exp. variance=0.0475 E_h^2, pmove=0.50
2026-06-08 17:44:55,864 - Step 03291: 245.7502 E_h, exp. variance=0.0449 E_h^2, pmove=0.50
2026-06-08 17:44:56,216 - Step 03292: 245.7956 E_h, exp. variance=0.0412 E_h^2, pmove=0.50
2026-06-08 17:44:56,571 - Step 03293: 245.8429 E_h, exp. variance=0.0372 E_h^2, pmove=0.50
2026-06-08 17:44:56,925 - Step 03294: 245.7537 E_h, exp. variance=0.0348 E_h^2, pmove=0.50
2026-06-08 17:44:57,279 - Step 03295: 245.7818 E_h, exp. variance=0.0320 E_h^2, pmove=0.50
2026-06-08 17:44:57,634 - Step 03296: 245.8151 E_h, exp. variance=0.0289 E_h^2, pmove=0.50
2026-06-08 17:44:57,990 - Step 03297: 245.7356 E_h, exp. variance=0.0272 E_h^2, pmove=0.50
2026-06-08 17:44:58,345 - Step 03298: 245.7597 E_h, exp. variance=0.0251 E_h^2, pmove=0.50
2026-06-08 17:44:58,698 - Step 03299: 245.6844 E_h, exp. variance=0.0245 E_h^2, pmove=0.50
2026-06-08 17:44:59,051 - Step 03300: 245.7849 E_h, exp. variance=0.0222 E_h^2, pmove=0.50
2026-06-08 17:44:59,407 - Step 03301: 245.7983 E_h, exp. variance=0.0200 E_h^2, pmove=0.49
2026-06-08 17:44:59,760 - Step 03302: 245.8071 E_h, exp. variance=0.0180 E_h^2, pmove=0.50
2026-06-08 17:45:00,116 - Step 03303: 245.7697 E_h, exp. variance=0.0163 E_h^2, pmove=0.51
2026-06-08 17:45:00,475 - Step 03304: 245.7788 E_h, exp. variance=0.0148 E_h^2, pmove=0.49
2026-06-08 17:45:00,837 - Step 03305: 245.8000 E_h, exp. variance=0.0133 E_h^2, pmove=0.50
2026-06-08 17:45:01,195 - Step 03306: 245.8853 E_h, exp. variance=0.0126 E_h^2, pmove=0.50
2026-06-08 17:45:01,549 - Step 03307: 245.9606 E_h, exp. variance=0.0133 E_h^2, pmove=0.50
2026-06-08 17:45:01,909 - Step 03308: 245.8777 E_h, exp. variance=0.0122 E_h^2, pmove=0.50
2026-06-08 17:45:02,263 - Step 03309: 245.9529 E_h, exp. variance=0.0123 E_h^2, pmove=0.50
2026-06-08 17:45:02,616 - Step 03310: 245.9152 E_h, exp. variance=0.0115 E_h^2, pmove=0.50
2026-06-08 17:45:02,971 - Step 03311: 245.8235 E_h, exp. variance=0.0104 E_h^2, pmove=0.49
2026-06-08 17:45:03,329 - Step 03312: 246.0114 E_h, exp. variance=0.0118 E_h^2, pmove=0.50
2026-06-08 17:45:03,684 - Step 03313: 245.8971 E_h, exp. variance=0.0107 E_h^2, pmove=0.50
2026-06-08 17:45:04,041 - Step 03314: 246.0058 E_h, exp. variance=0.0113 E_h^2, pmove=0.50
2026-06-08 17:45:04,390 - Step 03315: 245.9507 E_h, exp. variance=0.0106 E_h^2, pmove=0.50
2026-06-08 17:45:04,739 - Step 03316: 246.0150 E_h, exp. variance=0.0110 E_h^2, pmove=0.50
2026-06-08 17:45:05,087 - Step 03317: 245.8516 E_h, exp. variance=0.0101 E_h^2, pmove=0.49
2026-06-08 17:45:05,436 - Step 03318: 245.8763 E_h, exp. variance=0.0091 E_h^2, pmove=0.51
2026-06-08 17:45:05,801 - Step 03319: 245.9115 E_h, exp. variance=0.0082 E_h^2, pmove=0.50
2026-06-08 17:45:06,149 - Step 03320: 245.9161 E_h, exp. variance=0.0075 E_h^2, pmove=0.51
2026-06-08 17:45:06,492 - Step 03321: 245.9237 E_h, exp. variance=0.0068 E_h^2, pmove=0.50
2026-06-08 17:45:06,838 - Step 03322: 245.9833 E_h, exp. variance=0.0067 E_h^2, pmove=0.49
2026-06-08 17:45:07,182 - Step 03323: 245.8909 E_h, exp. variance=0.0061 E_h^2, pmove=0.49
2026-06-08 17:45:07,527 - Step 03324: 245.8431 E_h, exp. variance=0.0058 E_h^2, pmove=0.50
2026-06-08 17:45:07,871 - Step 03325: 246.0281 E_h, exp. variance=0.0067 E_h^2, pmove=0.49
2026-06-08 17:45:08,217 - Step 03326: 246.0083 E_h, exp. variance=0.0068 E_h^2, pmove=0.50
2026-06-08 17:45:08,564 - Step 03327: 245.8290 E_h, exp. variance=0.0070 E_h^2, pmove=0.50
2026-06-08 17:45:08,915 - Step 03328: 245.8234 E_h, exp. variance=0.0070 E_h^2, pmove=0.50
2026-06-08 17:45:09,262 - Step 03329: 245.7993 E_h, exp. variance=0.0073 E_h^2, pmove=0.50
2026-06-08 17:45:09,609 - Step 03330: 245.9047 E_h, exp. variance=0.0066 E_h^2, pmove=0.49
2026-06-08 17:45:09,957 - Step 03331: 245.9296 E_h, exp. variance=0.0060 E_h^2, pmove=0.50
2026-06-08 17:45:10,303 - Step 03332: 245.9115 E_h, exp. variance=0.0054 E_h^2, pmove=0.50
2026-06-08 17:45:10,649 - Step 03333: 245.8950 E_h, exp. variance=0.0049 E_h^2, pmove=0.50
2026-06-08 17:45:10,996 - Step 03334: 246.0567 E_h, exp. variance=0.0066 E_h^2, pmove=0.50
2026-06-08 17:45:11,345 - Step 03335: 245.9726 E_h, exp. variance=0.0063 E_h^2, pmove=0.50
2026-06-08 17:45:11,694 - Step 03336: 245.9369 E_h, exp. variance=0.0057 E_h^2, pmove=0.50
2026-06-08 17:45:12,045 - Step 03337: 245.8978 E_h, exp. variance=0.0052 E_h^2, pmove=0.50
2026-06-08 17:45:12,398 - Step 03338: 246.0033 E_h, exp. variance=0.0053 E_h^2, pmove=0.50
2026-06-08 17:45:12,749 - Step 03339: 245.8896 E_h, exp. variance=0.0049 E_h^2, pmove=0.51
2026-06-08 17:45:13,094 - Step 03340: 245.8754 E_h, exp. variance=0.0046 E_h^2, pmove=0.50
2026-06-08 17:45:13,462 - Step 03341: 245.9510 E_h, exp. variance=0.0042 E_h^2, pmove=0.49
2026-06-08 17:45:13,811 - Step 03342: 245.9247 E_h, exp. variance=0.0038 E_h^2, pmove=0.50
2026-06-08 17:45:14,181 - Step 03343: 246.0518 E_h, exp. variance=0.0049 E_h^2, pmove=0.49
2026-06-08 17:45:14,545 - Step 03344: 246.0464 E_h, exp. variance=0.0055 E_h^2, pmove=0.50
2026-06-08 17:45:14,893 - Step 03345: 245.9804 E_h, exp. variance=0.0051 E_h^2, pmove=0.50
2026-06-08 17:45:15,241 - Step 03346: 246.0479 E_h, exp. variance=0.0054 E_h^2, pmove=0.50
2026-06-08 17:45:15,587 - Step 03347: 245.9754 E_h, exp. variance=0.0049 E_h^2, pmove=0.50
2026-06-08 17:45:15,933 - Step 03348: 245.8734 E_h, exp. variance=0.0051 E_h^2, pmove=0.50
2026-06-08 17:45:16,280 - Step 03349: 245.9137 E_h, exp. variance=0.0047 E_h^2, pmove=0.50
2026-06-08 17:45:16,627 - Step 03350: 245.9598 E_h, exp. variance=0.0043 E_h^2, pmove=0.50
2026-06-08 17:45:16,974 - Step 03351: 245.9859 E_h, exp. variance=0.0040 E_h^2, pmove=0.50
2026-06-08 17:45:17,324 - Step 03352: 245.8741 E_h, exp. variance=0.0041 E_h^2, pmove=0.50
2026-06-08 17:45:17,672 - Step 03353: 246.1216 E_h, exp. variance=0.0065 E_h^2, pmove=0.50
2026-06-08 17:45:18,019 - Step 03354: 245.9912 E_h, exp. variance=0.0059 E_h^2, pmove=0.50
2026-06-08 17:45:18,368 - Step 03355: 245.8701 E_h, exp. variance=0.0062 E_h^2, pmove=0.50
2026-06-08 17:45:18,717 - Step 03356: 245.7680 E_h, exp. variance=0.0087 E_h^2, pmove=0.51
2026-06-08 17:45:19,063 - Step 03357: 245.9141 E_h, exp. variance=0.0079 E_h^2, pmove=0.50
2026-06-08 17:45:19,410 - Step 03358: 245.8732 E_h, exp. variance=0.0075 E_h^2, pmove=0.49
2026-06-08 17:45:19,761 - Step 03359: 245.7978 E_h, exp. variance=0.0083 E_h^2, pmove=0.49
2026-06-08 17:45:20,109 - Step 03360: 245.8524 E_h, exp. variance=0.0078 E_h^2, pmove=0.50
2026-06-08 17:45:20,455 - Step 03361: 245.7839 E_h, exp. variance=0.0085 E_h^2, pmove=0.50
2026-06-08 17:45:20,804 - Step 03362: 245.7608 E_h, exp. variance=0.0093 E_h^2, pmove=0.51
2026-06-08 17:45:21,155 - Step 03363: 245.8152 E_h, exp. variance=0.0088 E_h^2, pmove=0.50
2026-06-08 17:45:21,502 - Step 03364: 245.7375 E_h, exp. variance=0.0096 E_h^2, pmove=0.49
2026-06-08 17:45:21,849 - Step 03365: 245.8875 E_h, exp. variance=0.0087 E_h^2, pmove=0.49
2026-06-08 17:45:22,197 - Step 03366: 245.8853 E_h, exp. variance=0.0079 E_h^2, pmove=0.50
2026-06-08 17:45:22,543 - Step 03367: 245.8928 E_h, exp. variance=0.0072 E_h^2, pmove=0.50
2026-06-08 17:45:22,888 - Step 03368: 245.8690 E_h, exp. variance=0.0064 E_h^2, pmove=0.50
2026-06-08 17:45:23,241 - Step 03369: 245.8910 E_h, exp. variance=0.0058 E_h^2, pmove=0.49
2026-06-08 17:45:23,589 - Step 03370: 246.0696 E_h, exp. variance=0.0088 E_h^2, pmove=0.50
2026-06-08 17:45:23,933 - Step 03371: 246.0167 E_h, exp. variance=0.0093 E_h^2, pmove=0.50
2026-06-08 17:45:24,277 - Step 03372: 245.8645 E_h, exp. variance=0.0085 E_h^2, pmove=0.50
2026-06-08 17:45:24,621 - Step 03373: 245.8679 E_h, exp. variance=0.0078 E_h^2, pmove=0.50
2026-06-08 17:45:24,969 - Step 03374: 245.8115 E_h, exp. variance=0.0076 E_h^2, pmove=0.50
2026-06-08 17:45:25,315 - Step 03375: 245.8393 E_h, exp. variance=0.0071 E_h^2, pmove=0.50
2026-06-08 17:45:25,659 - Step 03376: 245.9033 E_h, exp. variance=0.0064 E_h^2, pmove=0.50
2026-06-08 17:45:26,004 - Step 03377: 245.9091 E_h, exp. variance=0.0058 E_h^2, pmove=0.50
2026-06-08 17:45:26,349 - Step 03378: 245.9706 E_h, exp. variance=0.0059 E_h^2, pmove=0.50
2026-06-08 17:45:26,696 - Step 03379: 245.9946 E_h, exp. variance=0.0061 E_h^2, pmove=0.50
2026-06-08 17:45:27,045 - Step 03380: 245.9824 E_h, exp. variance=0.0061 E_h^2, pmove=0.50
2026-06-08 17:45:27,398 - Step 03381: 245.9158 E_h, exp. variance=0.0055 E_h^2, pmove=0.49
2026-06-08 17:45:27,747 - Step 03382: 245.9489 E_h, exp. variance=0.0050 E_h^2, pmove=0.49
2026-06-08 17:45:28,098 - Step 03383: 245.8994 E_h, exp. variance=0.0045 E_h^2, pmove=0.50
2026-06-08 17:45:28,448 - Step 03384: 245.9503 E_h, exp. variance=0.0042 E_h^2, pmove=0.50
2026-06-08 17:45:28,795 - Step 03385: 245.8507 E_h, exp. variance=0.0042 E_h^2, pmove=0.49
2026-06-08 17:45:29,140 - Step 03386: 245.9037 E_h, exp. variance=0.0038 E_h^2, pmove=0.51
2026-06-08 17:45:29,487 - Step 03387: 245.8781 E_h, exp. variance=0.0035 E_h^2, pmove=0.51
2026-06-08 17:45:29,835 - Step 03388: 245.9539 E_h, exp. variance=0.0033 E_h^2, pmove=0.50
2026-06-08 17:45:30,184 - Step 03389: 245.9998 E_h, exp. variance=0.0037 E_h^2, pmove=0.50
2026-06-08 17:45:30,530 - Step 03390: 245.9027 E_h, exp. variance=0.0034 E_h^2, pmove=0.50
2026-06-08 17:45:30,878 - Step 03391: 245.8385 E_h, exp. variance=0.0036 E_h^2, pmove=0.50
2026-06-08 17:45:31,224 - Step 03392: 245.8313 E_h, exp. variance=0.0038 E_h^2, pmove=0.50
2026-06-08 17:45:31,569 - Step 03393: 245.8638 E_h, exp. variance=0.0036 E_h^2, pmove=0.50
2026-06-08 17:45:31,914 - Step 03394: 246.0410 E_h, exp. variance=0.0050 E_h^2, pmove=0.50
2026-06-08 17:45:32,261 - Step 03395: 245.8566 E_h, exp. variance=0.0048 E_h^2, pmove=0.50
2026-06-08 17:45:32,606 - Step 03396: 245.9229 E_h, exp. variance=0.0044 E_h^2, pmove=0.50
2026-06-08 17:45:32,951 - Step 03397: 245.7985 E_h, exp. variance=0.0050 E_h^2, pmove=0.50
2026-06-08 17:45:33,298 - Step 03398: 245.9147 E_h, exp. variance=0.0046 E_h^2, pmove=0.50
2026-06-08 17:45:33,645 - Step 03399: 245.9632 E_h, exp. variance=0.0045 E_h^2, pmove=0.50
2026-06-08 17:45:33,996 - Step 03400: 246.0099 E_h, exp. variance=0.0050 E_h^2, pmove=0.49
2026-06-08 17:45:34,343 - Step 03401: 249.5138 E_h, exp. variance=1.1691 E_h^2, pmove=0.50
2026-06-08 17:45:34,694 - Step 03402: 245.7628 E_h, exp. variance=1.0759 E_h^2, pmove=0.50
2026-06-08 17:45:35,041 - Step 03403: 245.8131 E_h, exp. variance=0.9836 E_h^2, pmove=0.50
2026-06-08 17:45:35,390 - Step 03404: 245.6895 E_h, exp. variance=0.9072 E_h^2, pmove=0.50
2026-06-08 17:45:35,739 - Step 03405: 245.7652 E_h, exp. variance=0.8288 E_h^2, pmove=0.50
2026-06-08 17:45:36,086 - Step 03406: 245.8701 E_h, exp. variance=0.7505 E_h^2, pmove=0.50
2026-06-08 17:45:36,435 - Step 03407: 245.7573 E_h, exp. variance=0.6845 E_h^2, pmove=0.50
2026-06-08 17:45:36,779 - Step 03408: 245.7373 E_h, exp. variance=0.6245 E_h^2, pmove=0.50
2026-06-08 17:45:37,129 - Step 03409: 245.7643 E_h, exp. variance=0.5676 E_h^2, pmove=0.50
2026-06-08 17:45:37,475 - Step 03410: 245.7661 E_h, exp. variance=0.5152 E_h^2, pmove=0.49
2026-06-08 17:45:37,820 - Step 03411: 245.6969 E_h, exp. variance=0.4702 E_h^2, pmove=0.50
2026-06-08 17:45:38,168 - Step 03412: 245.8175 E_h, exp. variance=0.4245 E_h^2, pmove=0.50
2026-06-08 17:45:38,515 - Step 03413: 245.7179 E_h, exp. variance=0.3860 E_h^2, pmove=0.50
2026-06-08 17:45:38,860 - Step 03414: 245.7892 E_h, exp. variance=0.3486 E_h^2, pmove=0.50
2026-06-08 17:45:39,205 - Step 03415: 245.7620 E_h, exp. variance=0.3153 E_h^2, pmove=0.51
2026-06-08 17:45:39,556 - Step 03416: 245.6877 E_h, exp. variance=0.2871 E_h^2, pmove=0.50
2026-06-08 17:45:39,906 - Step 03417: 245.6617 E_h, exp. variance=0.2620 E_h^2, pmove=0.50
2026-06-08 17:45:40,254 - Step 03418: 245.8154 E_h, exp. variance=0.2359 E_h^2, pmove=0.50
2026-06-08 17:45:40,603 - Step 03419: 245.9719 E_h, exp. variance=0.2139 E_h^2, pmove=0.50
2026-06-08 17:45:40,949 - Step 03420: 245.9610 E_h, exp. variance=0.1936 E_h^2, pmove=0.49
2026-06-08 17:45:41,294 - Step 03421: 245.8619 E_h, exp. variance=0.1742 E_h^2, pmove=0.50
2026-06-08 17:45:41,640 - Step 03422: 245.9622 E_h, exp. variance=0.1577 E_h^2, pmove=0.50
2026-06-08 17:45:41,986 - Step 03423: 245.8275 E_h, exp. variance=0.1421 E_h^2, pmove=0.50
2026-06-08 17:45:42,332 - Step 03424: 245.7240 E_h, exp. variance=0.1298 E_h^2, pmove=0.50
2026-06-08 17:45:42,677 - Step 03425: 245.8725 E_h, exp. variance=0.1168 E_h^2, pmove=0.50
2026-06-08 17:45:43,025 - Step 03426: 245.7906 E_h, exp. variance=0.1055 E_h^2, pmove=0.50
2026-06-08 17:45:43,372 - Step 03427: 245.8989 E_h, exp. variance=0.0952 E_h^2, pmove=0.50
2026-06-08 17:45:43,718 - Step 03428: 245.7794 E_h, exp. variance=0.0862 E_h^2, pmove=0.50
2026-06-08 17:45:44,068 - Step 03429: 245.8077 E_h, exp. variance=0.0777 E_h^2, pmove=0.51
2026-06-08 17:45:44,424 - Step 03430: 245.7803 E_h, exp. variance=0.0703 E_h^2, pmove=0.50
2026-06-08 17:45:44,771 - Step 03431: 245.8814 E_h, exp. variance=0.0634 E_h^2, pmove=0.50
2026-06-08 17:45:45,121 - Step 03432: 245.8457 E_h, exp. variance=0.0571 E_h^2, pmove=0.50
2026-06-08 17:45:45,469 - Step 03433: 245.8515 E_h, exp. variance=0.0514 E_h^2, pmove=0.50
2026-06-08 17:45:45,819 - Step 03434: 245.8641 E_h, exp. variance=0.0463 E_h^2, pmove=0.50
2026-06-08 17:45:46,165 - Step 03435: 245.9203 E_h, exp. variance=0.0422 E_h^2, pmove=0.50
2026-06-08 17:45:46,511 - Step 03436: 245.9274 E_h, exp. variance=0.0385 E_h^2, pmove=0.50
2026-06-08 17:45:46,858 - Step 03437: 245.9628 E_h, exp. variance=0.0356 E_h^2, pmove=0.50
2026-06-08 17:45:47,205 - Step 03438: 246.0142 E_h, exp. variance=0.0339 E_h^2, pmove=0.50
2026-06-08 17:45:47,566 - Step 03439: 246.0129 E_h, exp. variance=0.0320 E_h^2, pmove=0.49
2026-06-08 17:45:47,911 - Step 03440: 245.9697 E_h, exp. variance=0.0293 E_h^2, pmove=0.50
2026-06-08 17:45:48,258 - Step 03441: 245.9998 E_h, exp. variance=0.0271 E_h^2, pmove=0.50
2026-06-08 17:45:48,605 - Step 03442: 246.1282 E_h, exp. variance=0.0286 E_h^2, pmove=0.49
2026-06-08 17:45:48,951 - Step 03443: 245.9130 E_h, exp. variance=0.0257 E_h^2, pmove=0.50
2026-06-08 17:45:49,299 - Step 03444: 245.9657 E_h, exp. variance=0.0233 E_h^2, pmove=0.49
2026-06-08 17:45:49,644 - Step 03445: 245.9123 E_h, exp. variance=0.0210 E_h^2, pmove=0.50
2026-06-08 17:45:49,988 - Step 03446: 246.0003 E_h, exp. variance=0.0193 E_h^2, pmove=0.50
2026-06-08 17:45:50,334 - Step 03447: 246.0880 E_h, exp. variance=0.0193 E_h^2, pmove=0.50
2026-06-08 17:45:50,684 - Step 03448: 246.0230 E_h, exp. variance=0.0178 E_h^2, pmove=0.49
2026-06-08 17:45:51,796 - Step 03449: 246.0184 E_h, exp. variance=0.0163 E_h^2, pmove=0.50
2026-06-08 17:45:52,142 - Step 03450: 245.9481 E_h, exp. variance=0.0147 E_h^2, pmove=0.48
2026-06-08 17:45:52,488 - Step 03451: 245.9375 E_h, exp. variance=0.0133 E_h^2, pmove=0.50
2026-06-08 17:45:52,833 - Step 03452: 245.9695 E_h, exp. variance=0.0120 E_h^2, pmove=0.50
2026-06-08 17:45:53,179 - Step 03453: 245.9714 E_h, exp. variance=0.0108 E_h^2, pmove=0.50
2026-06-08 17:45:53,525 - Step 03454: 245.8160 E_h, exp. variance=0.0117 E_h^2, pmove=0.50
2026-06-08 17:45:53,869 - Step 03455: 245.7242 E_h, exp. variance=0.0151 E_h^2, pmove=0.50
2026-06-08 17:45:54,215 - Step 03456: 245.8054 E_h, exp. variance=0.0149 E_h^2, pmove=0.50
2026-06-08 17:45:54,565 - Step 03457: 245.8742 E_h, exp. variance=0.0136 E_h^2, pmove=0.50
2026-06-08 17:45:54,910 - Step 03458: 245.8125 E_h, exp. variance=0.0131 E_h^2, pmove=0.50
2026-06-08 17:45:55,256 - Step 03459: 245.8847 E_h, exp. variance=0.0118 E_h^2, pmove=0.50
2026-06-08 17:45:55,608 - Step 03460: 246.0142 E_h, exp. variance=0.0118 E_h^2, pmove=0.51
2026-06-08 17:45:55,955 - Step 03461: 246.0211 E_h, exp. variance=0.0117 E_h^2, pmove=0.51
2026-06-08 17:45:56,303 - Step 03462: 245.9300 E_h, exp. variance=0.0106 E_h^2, pmove=0.49
2026-06-08 17:45:56,649 - Step 03463: 245.9859 E_h, exp. variance=0.0099 E_h^2, pmove=0.50
2026-06-08 17:45:56,994 - Step 03464: 246.0987 E_h, exp. variance=0.0115 E_h^2, pmove=0.50
2026-06-08 17:45:57,343 - Step 03465: 245.8820 E_h, exp. variance=0.0107 E_h^2, pmove=0.50
2026-06-08 17:45:57,688 - Step 03466: 245.9222 E_h, exp. variance=0.0096 E_h^2, pmove=0.50
2026-06-08 17:45:58,033 - Step 03467: 245.7617 E_h, exp. variance=0.0115 E_h^2, pmove=0.50
2026-06-08 17:45:58,383 - Step 03468: 246.0528 E_h, exp. variance=0.0119 E_h^2, pmove=0.50
2026-06-08 17:45:58,732 - Step 03469: 245.9044 E_h, exp. variance=0.0108 E_h^2, pmove=0.50
2026-06-08 17:45:59,081 - Step 03470: 245.9371 E_h, exp. variance=0.0097 E_h^2, pmove=0.50
2026-06-08 17:45:59,428 - Step 03471: 246.0249 E_h, exp. variance=0.0095 E_h^2, pmove=0.50
2026-06-08 17:45:59,773 - Step 03472: 245.8630 E_h, exp. variance=0.0091 E_h^2, pmove=0.49
2026-06-08 17:46:00,119 - Step 03473: 245.9215 E_h, exp. variance=0.0082 E_h^2, pmove=0.50
2026-06-08 17:46:00,466 - Step 03474: 245.9173 E_h, exp. variance=0.0074 E_h^2, pmove=0.50
2026-06-08 17:46:00,812 - Step 03475: 245.8655 E_h, exp. variance=0.0071 E_h^2, pmove=0.50
2026-06-08 17:46:01,159 - Step 03476: 245.8879 E_h, exp. variance=0.0065 E_h^2, pmove=0.50
2026-06-08 17:46:01,504 - Step 03477: 245.8503 E_h, exp. variance=0.0063 E_h^2, pmove=0.50
2026-06-08 17:46:01,849 - Step 03478: 245.9357 E_h, exp. variance=0.0057 E_h^2, pmove=0.50
2026-06-08 17:46:02,193 - Step 03479: 245.9785 E_h, exp. variance=0.0055 E_h^2, pmove=0.50
2026-06-08 17:46:02,538 - Step 03480: 245.9939 E_h, exp. variance=0.0054 E_h^2, pmove=0.50
2026-06-08 17:46:02,883 - Step 03481: 245.9453 E_h, exp. variance=0.0049 E_h^2, pmove=0.51
2026-06-08 17:46:03,228 - Step 03482: 245.9647 E_h, exp. variance=0.0045 E_h^2, pmove=0.49
2026-06-08 17:46:03,574 - Step 03483: 245.9352 E_h, exp. variance=0.0040 E_h^2, pmove=0.50
2026-06-08 17:46:03,919 - Step 03484: 245.7914 E_h, exp. variance=0.0055 E_h^2, pmove=0.50
2026-06-08 17:46:04,267 - Step 03485: 245.9676 E_h, exp. variance=0.0051 E_h^2, pmove=0.50
2026-06-08 17:46:04,612 - Step 03486: 245.9292 E_h, exp. variance=0.0046 E_h^2, pmove=0.50
2026-06-08 17:46:04,958 - Step 03487: 245.7917 E_h, exp. variance=0.0058 E_h^2, pmove=0.49
2026-06-08 17:46:05,307 - Step 03488: 245.7713 E_h, exp. variance=0.0070 E_h^2, pmove=0.50
2026-06-08 17:46:05,658 - Step 03489: 245.7502 E_h, exp. variance=0.0082 E_h^2, pmove=0.50
2026-06-08 17:46:06,003 - Step 03490: 245.7144 E_h, exp. variance=0.0100 E_h^2, pmove=0.50
2026-06-08 17:46:06,349 - Step 03491: 245.8523 E_h, exp. variance=0.0090 E_h^2, pmove=0.50
2026-06-08 17:46:06,695 - Step 03492: 245.8236 E_h, exp. variance=0.0082 E_h^2, pmove=0.50
2026-06-08 17:46:07,042 - Step 03493: 245.7462 E_h, exp. variance=0.0086 E_h^2, pmove=0.50
2026-06-08 17:46:07,388 - Step 03494: 245.7345 E_h, exp. variance=0.0089 E_h^2, pmove=0.50
2026-06-08 17:46:07,734 - Step 03495: 245.7276 E_h, exp. variance=0.0091 E_h^2, pmove=0.50
2026-06-08 17:46:08,093 - Step 03496: 245.7700 E_h, exp. variance=0.0085 E_h^2, pmove=0.50
2026-06-08 17:46:08,441 - Step 03497: 245.8404 E_h, exp. variance=0.0077 E_h^2, pmove=0.50
2026-06-08 17:46:08,789 - Step 03498: 245.7063 E_h, exp. variance=0.0081 E_h^2, pmove=0.50
2026-06-08 17:46:09,139 - Step 03499: 245.7191 E_h, exp. variance=0.0081 E_h^2, pmove=0.50
2026-06-08 17:46:09,485 - Step 03500: 245.9405 E_h, exp. variance=0.0090 E_h^2, pmove=0.50
2026-06-08 17:46:09,832 - Step 03501: 245.7779 E_h, exp. variance=0.0082 E_h^2, pmove=0.50
2026-06-08 17:46:10,182 - Step 03502: 245.8765 E_h, exp. variance=0.0078 E_h^2, pmove=0.50
2026-06-08 17:46:10,531 - Step 03503: 245.7805 E_h, exp. variance=0.0071 E_h^2, pmove=0.49
2026-06-08 17:46:10,876 - Step 03504: 245.7948 E_h, exp. variance=0.0065 E_h^2, pmove=0.50
2026-06-08 17:46:11,227 - Step 03505: 245.8623 E_h, exp. variance=0.0060 E_h^2, pmove=0.50
2026-06-08 17:46:11,581 - Step 03506: 245.8684 E_h, exp. variance=0.0057 E_h^2, pmove=0.50
2026-06-08 17:46:11,929 - Step 03507: 245.7800 E_h, exp. variance=0.0053 E_h^2, pmove=0.50
2026-06-08 17:46:12,279 - Step 03508: 245.9737 E_h, exp. variance=0.0069 E_h^2, pmove=0.49
2026-06-08 17:46:12,625 - Step 03509: 245.8671 E_h, exp. variance=0.0063 E_h^2, pmove=0.50
2026-06-08 17:46:12,973 - Step 03510: 245.9913 E_h, exp. variance=0.0078 E_h^2, pmove=0.50
2026-06-08 17:46:13,319 - Step 03511: 246.0296 E_h, exp. variance=0.0098 E_h^2, pmove=0.50
2026-06-08 17:46:13,666 - Step 03512: 245.7667 E_h, exp. variance=0.0098 E_h^2, pmove=0.49
2026-06-08 17:46:14,014 - Step 03513: 245.7724 E_h, exp. variance=0.0095 E_h^2, pmove=0.50
2026-06-08 17:46:14,381 - Step 03514: 245.7063 E_h, exp. variance=0.0105 E_h^2, pmove=0.50
2026-06-08 17:46:14,727 - Step 03515: 245.7306 E_h, exp. variance=0.0104 E_h^2, pmove=0.50
2026-06-08 17:46:15,072 - Step 03516: 245.7197 E_h, exp. variance=0.0104 E_h^2, pmove=0.50
2026-06-08 17:46:15,427 - Step 03517: 245.8742 E_h, exp. variance=0.0097 E_h^2, pmove=0.50
2026-06-08 17:46:15,776 - Step 03518: 245.8023 E_h, exp. variance=0.0088 E_h^2, pmove=0.50
2026-06-08 17:46:16,122 - Step 03519: 245.9128 E_h, exp. variance=0.0087 E_h^2, pmove=0.50
2026-06-08 17:46:16,468 - Step 03520: 245.8812 E_h, exp. variance=0.0080 E_h^2, pmove=0.50
2026-06-08 17:46:16,814 - Step 03521: 245.7576 E_h, exp. variance=0.0078 E_h^2, pmove=0.51
2026-06-08 17:46:17,165 - Step 03522: 245.6328 E_h, exp. variance=0.0104 E_h^2, pmove=0.50
2026-06-08 17:46:17,511 - Step 03523: 245.6942 E_h, exp. variance=0.0105 E_h^2, pmove=0.50
2026-06-08 17:46:17,858 - Step 03524: 245.8344 E_h, exp. variance=0.0096 E_h^2, pmove=0.50
2026-06-08 17:46:18,209 - Step 03525: 245.7097 E_h, exp. variance=0.0093 E_h^2, pmove=0.50
2026-06-08 17:46:18,560 - Step 03526: 245.8343 E_h, exp. variance=0.0086 E_h^2, pmove=0.51
2026-06-08 17:46:18,909 - Step 03527: 245.7976 E_h, exp. variance=0.0077 E_h^2, pmove=0.50
2026-06-08 17:46:19,258 - Step 03528: 245.9456 E_h, exp. variance=0.0090 E_h^2, pmove=0.50
2026-06-08 17:46:19,608 - Step 03529: 245.8515 E_h, exp. variance=0.0082 E_h^2, pmove=0.50
2026-06-08 17:46:19,955 - Step 03530: 245.5929 E_h, exp. variance=0.0118 E_h^2, pmove=0.50
2026-06-08 17:46:20,302 - Step 03531: 245.7870 E_h, exp. variance=0.0106 E_h^2, pmove=0.50
2026-06-08 17:46:20,653 - Step 03532: 245.7212 E_h, exp. variance=0.0100 E_h^2, pmove=0.50
2026-06-08 17:46:21,000 - Step 03533: 245.7170 E_h, exp. variance=0.0094 E_h^2, pmove=0.50
2026-06-08 17:46:21,350 - Step 03534: 245.6794 E_h, exp. variance=0.0094 E_h^2, pmove=0.50
2026-06-08 17:46:21,698 - Step 03535: 245.8560 E_h, exp. variance=0.0091 E_h^2, pmove=0.51
2026-06-08 17:46:22,045 - Step 03536: 245.7783 E_h, exp. variance=0.0082 E_h^2, pmove=0.50
2026-06-08 17:46:22,392 - Step 03537: 245.9119 E_h, exp. variance=0.0090 E_h^2, pmove=0.51
2026-06-08 17:46:22,739 - Step 03538: 245.8865 E_h, exp. variance=0.0090 E_h^2, pmove=0.49
2026-06-08 17:46:23,085 - Step 03539: 245.9796 E_h, exp. variance=0.0110 E_h^2, pmove=0.50
2026-06-08 17:46:23,433 - Step 03540: 246.4196 E_h, exp. variance=0.0424 E_h^2, pmove=0.50
2026-06-08 17:46:23,779 - Step 03541: 245.8183 E_h, exp. variance=0.0385 E_h^2, pmove=0.49
2026-06-08 17:46:24,127 - Step 03542: 245.8538 E_h, exp. variance=0.0347 E_h^2, pmove=0.50
2026-06-08 17:46:24,479 - Step 03543: 246.0100 E_h, exp. variance=0.0330 E_h^2, pmove=0.50
2026-06-08 17:46:24,827 - Step 03544: 245.7442 E_h, exp. variance=0.0314 E_h^2, pmove=0.49
2026-06-08 17:46:25,175 - Step 03545: 245.7668 E_h, exp. variance=0.0293 E_h^2, pmove=0.51
2026-06-08 17:46:25,524 - Step 03546: 245.6865 E_h, exp. variance=0.0290 E_h^2, pmove=0.50
2026-06-08 17:46:25,870 - Step 03547: 245.7597 E_h, exp. variance=0.0268 E_h^2, pmove=0.50
2026-06-08 17:46:26,215 - Step 03548: 245.9101 E_h, exp. variance=0.0246 E_h^2, pmove=0.50
2026-06-08 17:46:26,562 - Step 03549: 245.9051 E_h, exp. variance=0.0225 E_h^2, pmove=0.50
2026-06-08 17:46:26,907 - Step 03550: 245.7783 E_h, exp. variance=0.0207 E_h^2, pmove=0.50
2026-06-08 17:46:27,253 - Step 03551: 245.7912 E_h, exp. variance=0.0188 E_h^2, pmove=0.50
2026-06-08 17:46:27,598 - Step 03552: 245.7006 E_h, exp. variance=0.0186 E_h^2, pmove=0.50
2026-06-08 17:46:27,946 - Step 03553: 245.8020 E_h, exp. variance=0.0168 E_h^2, pmove=0.50
2026-06-08 17:46:28,295 - Step 03554: 245.8224 E_h, exp. variance=0.0151 E_h^2, pmove=0.50
2026-06-08 17:46:28,647 - Step 03555: 245.8519 E_h, exp. variance=0.0137 E_h^2, pmove=0.50
2026-06-08 17:46:28,993 - Step 03556: 245.8742 E_h, exp. variance=0.0125 E_h^2, pmove=0.50
2026-06-08 17:46:29,341 - Step 03557: 246.0278 E_h, exp. variance=0.0149 E_h^2, pmove=0.50
2026-06-08 17:46:29,689 - Step 03558: 245.9468 E_h, exp. variance=0.0142 E_h^2, pmove=0.50
2026-06-08 17:46:30,037 - Step 03559: 245.8898 E_h, exp. variance=0.0129 E_h^2, pmove=0.50
2026-06-08 17:46:30,387 - Step 03560: 245.8573 E_h, exp. variance=0.0116 E_h^2, pmove=0.49
2026-06-08 17:46:30,736 - Step 03561: 245.7824 E_h, exp. variance=0.0110 E_h^2, pmove=0.50
2026-06-08 17:46:31,086 - Step 03562: 245.7085 E_h, exp. variance=0.0118 E_h^2, pmove=0.49
2026-06-08 17:46:31,434 - Step 03563: 245.6557 E_h, exp. variance=0.0136 E_h^2, pmove=0.50
2026-06-08 17:46:31,782 - Step 03564: 245.9069 E_h, exp. variance=0.0129 E_h^2, pmove=0.50
2026-06-08 17:46:32,130 - Step 03565: 245.6353 E_h, exp. variance=0.0150 E_h^2, pmove=0.50
2026-06-08 17:46:32,477 - Step 03566: 245.5950 E_h, exp. variance=0.0177 E_h^2, pmove=0.50
2026-06-08 17:46:32,823 - Step 03567: 245.6291 E_h, exp. variance=0.0182 E_h^2, pmove=0.50
2026-06-08 17:46:33,168 - Step 03568: 245.7185 E_h, exp. variance=0.0166 E_h^2, pmove=0.50
2026-06-08 17:46:33,515 - Step 03569: 245.8509 E_h, exp. variance=0.0156 E_h^2, pmove=0.50
2026-06-08 17:46:33,860 - Step 03570: 245.7295 E_h, exp. variance=0.0142 E_h^2, pmove=0.50
2026-06-08 17:46:34,205 - Step 03571: 245.8427 E_h, exp. variance=0.0133 E_h^2, pmove=0.50
2026-06-08 17:46:34,552 - Step 03572: 245.9126 E_h, exp. variance=0.0136 E_h^2, pmove=0.50
2026-06-08 17:46:34,900 - Step 03573: 245.8341 E_h, exp. variance=0.0124 E_h^2, pmove=0.50
2026-06-08 17:46:35,249 - Step 03574: 245.8146 E_h, exp. variance=0.0112 E_h^2, pmove=0.50
2026-06-08 17:46:35,597 - Step 03575: 245.8540 E_h, exp. variance=0.0103 E_h^2, pmove=0.50
2026-06-08 17:46:35,944 - Step 03576: 245.9440 E_h, exp. variance=0.0111 E_h^2, pmove=0.50
2026-06-08 17:46:36,291 - Step 03577: 245.8780 E_h, exp. variance=0.0103 E_h^2, pmove=0.51
2026-06-08 17:46:36,640 - Step 03578: 245.8323 E_h, exp. variance=0.0093 E_h^2, pmove=0.50
2026-06-08 17:46:36,990 - Step 03579: 245.8319 E_h, exp. variance=0.0084 E_h^2, pmove=0.51
2026-06-08 17:46:37,340 - Step 03580: 245.7864 E_h, exp. variance=0.0077 E_h^2, pmove=0.50
2026-06-08 17:46:37,687 - Step 03581: 245.8341 E_h, exp. variance=0.0069 E_h^2, pmove=0.50
2026-06-08 17:46:38,032 - Step 03582: 245.8157 E_h, exp. variance=0.0062 E_h^2, pmove=0.50
2026-06-08 17:46:38,377 - Step 03583: 245.7605 E_h, exp. variance=0.0059 E_h^2, pmove=0.50
2026-06-08 17:46:38,722 - Step 03584: 245.7133 E_h, exp. variance=0.0063 E_h^2, pmove=0.51
2026-06-08 17:46:39,070 - Step 03585: 245.6727 E_h, exp. variance=0.0072 E_h^2, pmove=0.50
2026-06-08 17:46:39,414 - Step 03586: 245.9676 E_h, exp. variance=0.0093 E_h^2, pmove=0.49
2026-06-08 17:46:39,766 - Step 03587: 245.7295 E_h, exp. variance=0.0089 E_h^2, pmove=0.49
2026-06-08 17:46:40,116 - Step 03588: 245.6800 E_h, exp. variance=0.0094 E_h^2, pmove=0.51
2026-06-08 17:46:40,464 - Step 03589: 246.0572 E_h, exp. variance=0.0149 E_h^2, pmove=0.50
2026-06-08 17:46:40,814 - Step 03590: 245.9112 E_h, exp. variance=0.0142 E_h^2, pmove=0.50
2026-06-08 17:46:41,164 - Step 03591: 245.8037 E_h, exp. variance=0.0128 E_h^2, pmove=0.50
2026-06-08 17:46:41,511 - Step 03592: 245.9041 E_h, exp. variance=0.0121 E_h^2, pmove=0.50
2026-06-08 17:46:41,856 - Step 03593: 245.6850 E_h, exp. variance=0.0129 E_h^2, pmove=0.49
2026-06-08 17:46:42,200 - Step 03594: 245.7627 E_h, exp. variance=0.0118 E_h^2, pmove=0.50
2026-06-08 17:46:42,553 - Step 03595: 245.9604 E_h, exp. variance=0.0126 E_h^2, pmove=0.49
2026-06-08 17:46:42,899 - Step 03596: 245.8498 E_h, exp. variance=0.0114 E_h^2, pmove=0.50
2026-06-08 17:46:43,247 - Step 03597: 245.8172 E_h, exp. variance=0.0103 E_h^2, pmove=0.49
2026-06-08 17:46:43,591 - Step 03598: 246.0221 E_h, exp. variance=0.0127 E_h^2, pmove=0.50
2026-06-08 17:46:43,936 - Step 03599: 245.8338 E_h, exp. variance=0.0114 E_h^2, pmove=0.50
2026-06-08 17:46:44,281 - Step 03600: 245.7998 E_h, exp. variance=0.0105 E_h^2, pmove=0.50
2026-06-08 17:46:44,629 - Step 03601: 245.6999 E_h, exp. variance=0.0112 E_h^2, pmove=0.50
2026-06-08 17:46:44,978 - Step 03602: 245.7923 E_h, exp. variance=0.0102 E_h^2, pmove=0.50
2026-06-08 17:46:45,327 - Step 03603: 245.7939 E_h, exp. variance=0.0093 E_h^2, pmove=0.50
2026-06-08 17:46:45,671 - Step 03604: 245.8593 E_h, exp. variance=0.0085 E_h^2, pmove=0.50
2026-06-08 17:46:46,019 - Step 03605: 245.8077 E_h, exp. variance=0.0076 E_h^2, pmove=0.50
2026-06-08 17:46:46,369 - Step 03606: 245.7769 E_h, exp. variance=0.0071 E_h^2, pmove=0.50
2026-06-08 17:46:46,720 - Step 03607: 245.8035 E_h, exp. variance=0.0064 E_h^2, pmove=0.50
2026-06-08 17:46:47,067 - Step 03608: 245.7984 E_h, exp. variance=0.0058 E_h^2, pmove=0.50
2026-06-08 17:46:47,413 - Step 03609: 245.7396 E_h, exp. variance=0.0057 E_h^2, pmove=0.50
2026-06-08 17:46:47,766 - Step 03610: 245.7761 E_h, exp. variance=0.0052 E_h^2, pmove=0.50
2026-06-08 17:46:48,111 - Step 03611: 245.9808 E_h, exp. variance=0.0075 E_h^2, pmove=0.50
2026-06-08 17:46:48,458 - Step 03612: 245.7467 E_h, exp. variance=0.0073 E_h^2, pmove=0.49
2026-06-08 17:46:48,804 - Step 03613: 245.7182 E_h, exp. variance=0.0074 E_h^2, pmove=0.50
2026-06-08 17:46:49,152 - Step 03614: 245.7670 E_h, exp. variance=0.0068 E_h^2, pmove=0.50
2026-06-08 17:46:49,501 - Step 03615: 245.8503 E_h, exp. variance=0.0063 E_h^2, pmove=0.50
2026-06-08 17:46:49,848 - Step 03616: 245.7066 E_h, exp. variance=0.0066 E_h^2, pmove=0.50
2026-06-08 17:46:50,200 - Step 03617: 245.7054 E_h, exp. variance=0.0066 E_h^2, pmove=0.51
2026-06-08 17:46:50,548 - Step 03618: 245.6833 E_h, exp. variance=0.0069 E_h^2, pmove=0.50
2026-06-08 17:46:50,895 - Step 03619: 245.7031 E_h, exp. variance=0.0067 E_h^2, pmove=0.49
2026-06-08 17:46:51,241 - Step 03620: 245.8113 E_h, exp. variance=0.0062 E_h^2, pmove=0.50
2026-06-08 17:46:51,588 - Step 03621: 245.9586 E_h, exp. variance=0.0087 E_h^2, pmove=0.50
2026-06-08 17:46:51,934 - Step 03622: 245.9354 E_h, exp. variance=0.0097 E_h^2, pmove=0.50
2026-06-08 17:46:52,282 - Step 03623: 245.9338 E_h, exp. variance=0.0102 E_h^2, pmove=0.50
2026-06-08 17:46:52,639 - Step 03624: 245.7964 E_h, exp. variance=0.0092 E_h^2, pmove=0.50
2026-06-08 17:46:52,984 - Step 03625: 245.9387 E_h, exp. variance=0.0096 E_h^2, pmove=0.50
2026-06-08 17:46:53,332 - Step 03626: 245.6511 E_h, exp. variance=0.0115 E_h^2, pmove=0.50
2026-06-08 17:46:53,677 - Step 03627: 245.7762 E_h, exp. variance=0.0105 E_h^2, pmove=0.50
2026-06-08 17:46:54,027 - Step 03628: 245.7739 E_h, exp. variance=0.0095 E_h^2, pmove=0.50
2026-06-08 17:46:54,375 - Step 03629: 246.1614 E_h, exp. variance=0.0200 E_h^2, pmove=0.50
2026-06-08 17:46:54,725 - Step 03630: 245.7873 E_h, exp. variance=0.0183 E_h^2, pmove=0.51
2026-06-08 17:46:55,070 - Step 03631: 245.8079 E_h, exp. variance=0.0165 E_h^2, pmove=0.50
2026-06-08 17:46:55,415 - Step 03632: 245.7709 E_h, exp. variance=0.0152 E_h^2, pmove=0.50
2026-06-08 17:46:55,762 - Step 03633: 245.7222 E_h, exp. variance=0.0147 E_h^2, pmove=0.50
2026-06-08 17:46:56,108 - Step 03634: 245.6767 E_h, exp. variance=0.0149 E_h^2, pmove=0.50
2026-06-08 17:46:56,455 - Step 03635: 245.6621 E_h, exp. variance=0.0152 E_h^2, pmove=0.49
2026-06-08 17:46:56,800 - Step 03636: 245.6344 E_h, exp. variance=0.0158 E_h^2, pmove=0.50
2026-06-08 17:46:57,148 - Step 03637: 245.7577 E_h, exp. variance=0.0142 E_h^2, pmove=0.50
2026-06-08 17:46:57,495 - Step 03638: 245.6375 E_h, exp. variance=0.0144 E_h^2, pmove=0.50
2026-06-08 17:46:57,843 - Step 03639: 245.6412 E_h, exp. variance=0.0142 E_h^2, pmove=0.51
2026-06-08 17:46:58,193 - Step 03640: 245.7329 E_h, exp. variance=0.0128 E_h^2, pmove=0.50
2026-06-08 17:46:58,540 - Step 03641: 245.8297 E_h, exp. variance=0.0122 E_h^2, pmove=0.50
2026-06-08 17:46:58,886 - Step 03642: 245.7944 E_h, exp. variance=0.0111 E_h^2, pmove=0.50
2026-06-08 17:46:59,238 - Step 03643: 245.7207 E_h, exp. variance=0.0101 E_h^2, pmove=0.50
2026-06-08 17:46:59,586 - Step 03644: 245.7155 E_h, exp. variance=0.0092 E_h^2, pmove=0.50
2026-06-08 17:46:59,935 - Step 03645: 245.8416 E_h, exp. variance=0.0091 E_h^2, pmove=0.50
2026-06-08 17:47:00,280 - Step 03646: 245.6022 E_h, exp. variance=0.0104 E_h^2, pmove=0.49
2026-06-08 17:47:00,627 - Step 03647: 245.7148 E_h, exp. variance=0.0094 E_h^2, pmove=0.50
2026-06-08 17:47:00,975 - Step 03648: 245.6840 E_h, exp. variance=0.0087 E_h^2, pmove=0.50
2026-06-08 17:47:01,323 - Step 03649: 245.7707 E_h, exp. variance=0.0080 E_h^2, pmove=0.50
2026-06-08 17:47:01,671 - Step 03650: 245.7389 E_h, exp. variance=0.0072 E_h^2, pmove=0.50
2026-06-08 17:47:02,020 - Step 03651: 245.6966 E_h, exp. variance=0.0066 E_h^2, pmove=0.50
2026-06-08 17:47:02,366 - Step 03652: 245.7869 E_h, exp. variance=0.0062 E_h^2, pmove=0.50
2026-06-08 17:47:02,714 - Step 03653: 245.7496 E_h, exp. variance=0.0056 E_h^2, pmove=0.50
2026-06-08 17:47:03,061 - Step 03654: 245.8107 E_h, exp. variance=0.0055 E_h^2, pmove=0.50
2026-06-08 17:47:03,409 - Step 03655: 245.9460 E_h, exp. variance=0.0085 E_h^2, pmove=0.50
2026-06-08 17:47:03,761 - Step 03656: 245.8675 E_h, exp. variance=0.0085 E_h^2, pmove=0.50
2026-06-08 17:47:04,110 - Step 03657: 245.6819 E_h, exp. variance=0.0085 E_h^2, pmove=0.50
2026-06-08 17:47:04,458 - Step 03658: 245.6639 E_h, exp. variance=0.0086 E_h^2, pmove=0.50
2026-06-08 17:47:04,805 - Step 03659: 245.6256 E_h, exp. variance=0.0093 E_h^2, pmove=0.50
2026-06-08 17:47:05,151 - Step 03660: 245.6134 E_h, exp. variance=0.0099 E_h^2, pmove=0.51
2026-06-08 17:47:05,499 - Step 03661: 245.6343 E_h, exp. variance=0.0098 E_h^2, pmove=0.50
2026-06-08 17:47:05,845 - Step 03662: 245.6429 E_h, exp. variance=0.0094 E_h^2, pmove=0.50
2026-06-08 17:47:06,190 - Step 03663: 245.6327 E_h, exp. variance=0.0090 E_h^2, pmove=0.50
2026-06-08 17:47:06,536 - Step 03664: 245.6883 E_h, exp. variance=0.0081 E_h^2, pmove=0.50
2026-06-08 17:47:06,883 - Step 03665: 245.9010 E_h, exp. variance=0.0108 E_h^2, pmove=0.50
2026-06-08 17:47:07,229 - Step 03666: 245.8824 E_h, exp. variance=0.0120 E_h^2, pmove=0.51
2026-06-08 17:47:07,576 - Step 03667: 245.9102 E_h, exp. variance=0.0134 E_h^2, pmove=0.50
2026-06-08 17:47:07,924 - Step 03668: 245.8119 E_h, exp. variance=0.0124 E_h^2, pmove=0.50
2026-06-08 17:47:08,274 - Step 03669: 245.8652 E_h, exp. variance=0.0121 E_h^2, pmove=0.50
2026-06-08 17:47:08,622 - Step 03670: 245.8754 E_h, exp. variance=0.0118 E_h^2, pmove=0.50
2026-06-08 17:47:08,968 - Step 03671: 245.9648 E_h, exp. variance=0.0136 E_h^2, pmove=0.50
2026-06-08 17:47:09,317 - Step 03672: 245.7527 E_h, exp. variance=0.0125 E_h^2, pmove=0.50
2026-06-08 17:47:09,663 - Step 03673: 245.7884 E_h, exp. variance=0.0112 E_h^2, pmove=0.50
2026-06-08 17:47:10,009 - Step 03674: 245.8297 E_h, exp. variance=0.0102 E_h^2, pmove=0.50
2026-06-08 17:47:10,358 - Step 03675: 245.7741 E_h, exp. variance=0.0093 E_h^2, pmove=0.50
2026-06-08 17:47:10,704 - Step 03676: 245.8188 E_h, exp. variance=0.0084 E_h^2, pmove=0.49
2026-06-08 17:47:11,055 - Step 03677: 245.8032 E_h, exp. variance=0.0075 E_h^2, pmove=0.49
2026-06-08 17:47:11,410 - Step 03678: 245.8967 E_h, exp. variance=0.0076 E_h^2, pmove=0.50
2026-06-08 17:47:11,766 - Step 03679: 245.9317 E_h, exp. variance=0.0082 E_h^2, pmove=0.49
2026-06-08 17:47:12,122 - Step 03680: 245.9956 E_h, exp. variance=0.0102 E_h^2, pmove=0.50
2026-06-08 17:47:12,477 - Step 03681: 245.7778 E_h, exp. variance=0.0095 E_h^2, pmove=0.49
2026-06-08 17:47:12,832 - Step 03682: 245.7611 E_h, exp. variance=0.0090 E_h^2, pmove=0.50
2026-06-08 17:47:13,187 - Step 03683: 245.6888 E_h, exp. variance=0.0098 E_h^2, pmove=0.50
2026-06-08 17:47:13,545 - Step 03684: 245.8435 E_h, exp. variance=0.0089 E_h^2, pmove=0.50
2026-06-08 17:47:13,900 - Step 03685: 245.9313 E_h, exp. variance=0.0092 E_h^2, pmove=0.50
2026-06-08 17:47:14,249 - Step 03686: 245.7906 E_h, exp. variance=0.0084 E_h^2, pmove=0.50
2026-06-08 17:47:14,617 - Step 03687: 245.8349 E_h, exp. variance=0.0076 E_h^2, pmove=0.50
2026-06-08 17:47:14,967 - Step 03688: 245.7364 E_h, exp. variance=0.0075 E_h^2, pmove=0.50
2026-06-08 17:47:15,312 - Step 03689: 245.7349 E_h, exp. variance=0.0073 E_h^2, pmove=0.50
2026-06-08 17:47:15,659 - Step 03690: 245.8048 E_h, exp. variance=0.0066 E_h^2, pmove=0.50
2026-06-08 17:47:16,004 - Step 03691: 245.8875 E_h, exp. variance=0.0065 E_h^2, pmove=0.51
2026-06-08 17:47:16,351 - Step 03692: 245.7067 E_h, exp. variance=0.0069 E_h^2, pmove=0.50
2026-06-08 17:47:16,699 - Step 03693: 245.7683 E_h, exp. variance=0.0064 E_h^2, pmove=0.50
2026-06-08 17:47:17,047 - Step 03694: 245.7981 E_h, exp. variance=0.0057 E_h^2, pmove=0.50
2026-06-08 17:47:17,394 - Step 03695: 245.8053 E_h, exp. variance=0.0052 E_h^2, pmove=0.50
2026-06-08 17:47:17,742 - Step 03696: 245.8797 E_h, exp. variance=0.0052 E_h^2, pmove=0.50
2026-06-08 17:47:18,093 - Step 03697: 245.9679 E_h, exp. variance=0.0070 E_h^2, pmove=0.50
2026-06-08 17:47:18,441 - Step 03698: 245.7470 E_h, exp. variance=0.0068 E_h^2, pmove=0.50
2026-06-08 17:47:18,787 - Step 03699: 245.8091 E_h, exp. variance=0.0061 E_h^2, pmove=0.50
2026-06-08 17:47:19,133 - Step 03700: 245.8239 E_h, exp. variance=0.0055 E_h^2, pmove=0.50
2026-06-08 17:47:19,481 - Step 03701: 245.8382 E_h, exp. variance=0.0050 E_h^2, pmove=0.51
2026-06-08 17:47:19,831 - Step 03702: 245.7854 E_h, exp. variance=0.0046 E_h^2, pmove=0.50
2026-06-08 17:47:20,179 - Step 03703: 245.7922 E_h, exp. variance=0.0042 E_h^2, pmove=0.50
2026-06-08 17:47:20,527 - Step 03704: 245.7327 E_h, exp. variance=0.0044 E_h^2, pmove=0.50
2026-06-08 17:47:20,875 - Step 03705: 245.9580 E_h, exp. variance=0.0060 E_h^2, pmove=0.51
2026-06-08 17:47:21,233 - Step 03706: 245.7921 E_h, exp. variance=0.0055 E_h^2, pmove=0.49
2026-06-08 17:47:21,581 - Step 03707: 245.7802 E_h, exp. variance=0.0051 E_h^2, pmove=0.50
2026-06-08 17:47:21,929 - Step 03708: 245.8539 E_h, exp. variance=0.0047 E_h^2, pmove=0.50
2026-06-08 17:47:22,277 - Step 03709: 245.8552 E_h, exp. variance=0.0044 E_h^2, pmove=0.50
2026-06-08 17:47:22,625 - Step 03710: 245.8250 E_h, exp. variance=0.0039 E_h^2, pmove=0.50
2026-06-08 17:47:22,971 - Step 03711: 245.9806 E_h, exp. variance=0.0058 E_h^2, pmove=0.50
2026-06-08 17:47:23,317 - Step 03712: 245.7785 E_h, exp. variance=0.0055 E_h^2, pmove=0.50
2026-06-08 17:47:23,664 - Step 03713: 245.6839 E_h, exp. variance=0.0070 E_h^2, pmove=0.50
2026-06-08 17:47:24,010 - Step 03714: 245.7423 E_h, exp. variance=0.0068 E_h^2, pmove=0.50
2026-06-08 17:47:24,356 - Step 03715: 245.7049 E_h, exp. variance=0.0071 E_h^2, pmove=0.50
2026-06-08 17:47:24,705 - Step 03716: 245.7733 E_h, exp. variance=0.0064 E_h^2, pmove=0.50
2026-06-08 17:47:25,052 - Step 03717: 246.0684 E_h, exp. variance=0.0124 E_h^2, pmove=0.49
2026-06-08 17:47:25,400 - Step 03718: 245.8306 E_h, exp. variance=0.0112 E_h^2, pmove=0.50
2026-06-08 17:47:25,747 - Step 03719: 245.7979 E_h, exp. variance=0.0101 E_h^2, pmove=0.50
2026-06-08 17:47:26,093 - Step 03720: 245.7504 E_h, exp. variance=0.0096 E_h^2, pmove=0.50
2026-06-08 17:47:26,437 - Step 03721: 245.9178 E_h, exp. variance=0.0096 E_h^2, pmove=0.50
2026-06-08 17:47:26,784 - Step 03722: 245.8560 E_h, exp. variance=0.0087 E_h^2, pmove=0.50
2026-06-08 17:47:27,130 - Step 03723: 245.8957 E_h, exp. variance=0.0083 E_h^2, pmove=0.51
2026-06-08 17:47:27,477 - Step 03724: 245.8159 E_h, exp. variance=0.0075 E_h^2, pmove=0.49
2026-06-08 17:47:27,821 - Step 03725: 245.7641 E_h, exp. variance=0.0071 E_h^2, pmove=0.50
2026-06-08 17:47:28,169 - Step 03726: 245.7824 E_h, exp. variance=0.0066 E_h^2, pmove=0.50
2026-06-08 17:47:28,515 - Step 03727: 245.7887 E_h, exp. variance=0.0060 E_h^2, pmove=0.50
2026-06-08 17:47:28,863 - Step 03728: 245.7991 E_h, exp. variance=0.0055 E_h^2, pmove=0.50
2026-06-08 17:47:29,210 - Step 03729: 245.7592 E_h, exp. variance=0.0052 E_h^2, pmove=0.50
2026-06-08 17:47:29,555 - Step 03730: 245.7240 E_h, exp. variance=0.0054 E_h^2, pmove=0.49
2026-06-08 17:47:29,902 - Step 03731: 245.8681 E_h, exp. variance=0.0052 E_h^2, pmove=0.50
2026-06-08 17:47:30,262 - Step 03732: 245.7280 E_h, exp. variance=0.0053 E_h^2, pmove=0.49
2026-06-08 17:47:30,611 - Step 03733: 245.8159 E_h, exp. variance=0.0048 E_h^2, pmove=0.50
2026-06-08 17:47:30,962 - Step 03734: 245.7206 E_h, exp. variance=0.0049 E_h^2, pmove=0.50
2026-06-08 17:47:31,308 - Step 03735: 245.7130 E_h, exp. variance=0.0050 E_h^2, pmove=0.50
2026-06-08 17:47:31,654 - Step 03736: 245.7747 E_h, exp. variance=0.0045 E_h^2, pmove=0.50
2026-06-08 17:47:32,008 - Step 03737: 245.8371 E_h, exp. variance=0.0043 E_h^2, pmove=0.49
2026-06-08 17:47:32,356 - Step 03738: 245.8658 E_h, exp. variance=0.0044 E_h^2, pmove=0.51
2026-06-08 17:47:32,701 - Step 03739: 245.8170 E_h, exp. variance=0.0040 E_h^2, pmove=0.50
2026-06-08 17:47:33,048 - Step 03740: 245.7357 E_h, exp. variance=0.0040 E_h^2, pmove=0.50
2026-06-08 17:47:33,397 - Step 03741: 245.8504 E_h, exp. variance=0.0039 E_h^2, pmove=0.50
2026-06-08 17:47:33,742 - Step 03742: 245.9568 E_h, exp. variance=0.0057 E_h^2, pmove=0.50
2026-06-08 17:47:34,087 - Step 03743: 245.8230 E_h, exp. variance=0.0052 E_h^2, pmove=0.50
2026-06-08 17:47:34,432 - Step 03744: 245.7883 E_h, exp. variance=0.0047 E_h^2, pmove=0.49
2026-06-08 17:47:34,777 - Step 03745: 245.9032 E_h, exp. variance=0.0050 E_h^2, pmove=0.50
2026-06-08 17:47:35,126 - Step 03746: 245.6943 E_h, exp. variance=0.0059 E_h^2, pmove=0.50
2026-06-08 17:47:35,478 - Step 03747: 245.7941 E_h, exp. variance=0.0054 E_h^2, pmove=0.50
2026-06-08 17:47:35,828 - Step 03748: 245.7364 E_h, exp. variance=0.0053 E_h^2, pmove=0.50
2026-06-08 17:47:36,175 - Step 03749: 245.7419 E_h, exp. variance=0.0051 E_h^2, pmove=0.50
2026-06-08 17:47:36,527 - Step 03750: 245.8213 E_h, exp. variance=0.0046 E_h^2, pmove=0.50
2026-06-08 17:47:36,872 - Step 03751: 245.7718 E_h, exp. variance=0.0042 E_h^2, pmove=0.49
2026-06-08 17:47:37,218 - Step 03752: 245.7360 E_h, exp. variance=0.0041 E_h^2, pmove=0.49
2026-06-08 17:47:37,565 - Step 03753: 245.7654 E_h, exp. variance=0.0037 E_h^2, pmove=0.50
2026-06-08 17:47:37,910 - Step 03754: 245.7413 E_h, exp. variance=0.0036 E_h^2, pmove=0.50
2026-06-08 17:47:38,254 - Step 03755: 245.7815 E_h, exp. variance=0.0032 E_h^2, pmove=0.50
2026-06-08 17:47:38,599 - Step 03756: 245.7626 E_h, exp. variance=0.0029 E_h^2, pmove=0.50
2026-06-08 17:47:38,944 - Step 03757: 245.7457 E_h, exp. variance=0.0027 E_h^2, pmove=0.50
2026-06-08 17:47:39,289 - Step 03758: 245.8671 E_h, exp. variance=0.0032 E_h^2, pmove=0.50
2026-06-08 17:47:39,634 - Step 03759: 245.8423 E_h, exp. variance=0.0032 E_h^2, pmove=0.50
2026-06-08 17:47:39,986 - Step 03760: 245.9038 E_h, exp. variance=0.0040 E_h^2, pmove=0.50
2026-06-08 17:47:40,332 - Step 03761: 247.2519 E_h, exp. variance=0.1926 E_h^2, pmove=0.50
2026-06-08 17:47:40,685 - Step 03762: 245.8648 E_h, exp. variance=0.1740 E_h^2, pmove=0.50
2026-06-08 17:47:41,034 - Step 03763: 245.8837 E_h, exp. variance=0.1569 E_h^2, pmove=0.50
2026-06-08 17:47:41,382 - Step 03764: 246.1046 E_h, exp. variance=0.1438 E_h^2, pmove=0.50
2026-06-08 17:47:41,728 - Step 03765: 246.1152 E_h, exp. variance=0.1319 E_h^2, pmove=0.50
2026-06-08 17:47:42,075 - Step 03766: 246.0842 E_h, exp. variance=0.1199 E_h^2, pmove=0.50
2026-06-08 17:47:42,420 - Step 03767: 245.9220 E_h, exp. variance=0.1082 E_h^2, pmove=0.50
2026-06-08 17:47:42,767 - Step 03768: 245.9410 E_h, exp. variance=0.0975 E_h^2, pmove=0.50
2026-06-08 17:47:43,115 - Step 03769: 245.9658 E_h, exp. variance=0.0877 E_h^2, pmove=0.49
2026-06-08 17:47:43,462 - Step 03770: 245.8943 E_h, exp. variance=0.0795 E_h^2, pmove=0.50
2026-06-08 17:47:43,812 - Step 03771: 245.9571 E_h, exp. variance=0.0715 E_h^2, pmove=0.50
2026-06-08 17:47:44,161 - Step 03772: 245.9312 E_h, exp. variance=0.0645 E_h^2, pmove=0.50
2026-06-08 17:47:44,512 - Step 03773: 245.7693 E_h, exp. variance=0.0612 E_h^2, pmove=0.50
2026-06-08 17:47:44,860 - Step 03774: 245.8266 E_h, exp. variance=0.0563 E_h^2, pmove=0.50
2026-06-08 17:47:45,209 - Step 03775: 245.9315 E_h, exp. variance=0.0506 E_h^2, pmove=0.50
2026-06-08 17:47:45,556 - Step 03776: 245.7656 E_h, exp. variance=0.0480 E_h^2, pmove=0.50
2026-06-08 17:47:45,902 - Step 03777: 245.7013 E_h, exp. variance=0.0472 E_h^2, pmove=0.50
2026-06-08 17:47:46,249 - Step 03778: 246.0022 E_h, exp. variance=0.0436 E_h^2, pmove=0.50
2026-06-08 17:47:46,597 - Step 03779: 245.8669 E_h, exp. variance=0.0393 E_h^2, pmove=0.50
2026-06-08 17:47:46,944 - Step 03780: 245.8623 E_h, exp. variance=0.0355 E_h^2, pmove=0.50
2026-06-08 17:47:47,290 - Step 03781: 245.7500 E_h, exp. variance=0.0339 E_h^2, pmove=0.50
2026-06-08 17:47:47,635 - Step 03782: 245.7370 E_h, exp. variance=0.0323 E_h^2, pmove=0.50
2026-06-08 17:47:47,987 - Step 03783: 245.8042 E_h, exp. variance=0.0294 E_h^2, pmove=0.50
2026-06-08 17:47:48,337 - Step 03784: 245.9792 E_h, exp. variance=0.0278 E_h^2, pmove=0.49
2026-06-08 17:47:48,687 - Step 03785: 245.7425 E_h, exp. variance=0.0265 E_h^2, pmove=0.50
2026-06-08 17:47:49,034 - Step 03786: 245.8174 E_h, exp. variance=0.0240 E_h^2, pmove=0.51
2026-06-08 17:47:49,381 - Step 03787: 245.9360 E_h, exp. variance=0.0222 E_h^2, pmove=0.50
2026-06-08 17:47:49,727 - Step 03788: 245.8409 E_h, exp. variance=0.0200 E_h^2, pmove=0.50
2026-06-08 17:47:50,073 - Step 03789: 245.7902 E_h, exp. variance=0.0185 E_h^2, pmove=0.50
2026-06-08 17:47:50,420 - Step 03790: 245.7119 E_h, exp. variance=0.0184 E_h^2, pmove=0.50
2026-06-08 17:47:50,766 - Step 03791: 245.7652 E_h, exp. variance=0.0171 E_h^2, pmove=0.50
2026-06-08 17:47:51,112 - Step 03792: 245.8050 E_h, exp. variance=0.0154 E_h^2, pmove=0.50
2026-06-08 17:47:51,458 - Step 03793: 246.1487 E_h, exp. variance=0.0231 E_h^2, pmove=0.50
2026-06-08 17:47:51,805 - Step 03794: 245.7346 E_h, exp. variance=0.0222 E_h^2, pmove=0.50
2026-06-08 17:47:52,155 - Step 03795: 245.7008 E_h, exp. variance=0.0220 E_h^2, pmove=0.50
2026-06-08 17:47:52,502 - Step 03796: 245.7243 E_h, exp. variance=0.0208 E_h^2, pmove=0.50
2026-06-08 17:47:52,849 - Step 03797: 245.7333 E_h, exp. variance=0.0195 E_h^2, pmove=0.50
2026-06-08 17:47:53,194 - Step 03798: 245.7464 E_h, exp. variance=0.0179 E_h^2, pmove=0.50
2026-06-08 17:47:53,542 - Step 03799: 245.8074 E_h, exp. variance=0.0161 E_h^2, pmove=0.50
2026-06-08 17:47:53,888 - Step 03800: 245.8940 E_h, exp. variance=0.0152 E_h^2, pmove=0.50
2026-06-08 17:47:54,234 - Step 03801: 245.8393 E_h, exp. variance=0.0137 E_h^2, pmove=0.50
2026-06-08 17:47:54,580 - Step 03802: 245.8014 E_h, exp. variance=0.0124 E_h^2, pmove=0.50
2026-06-08 17:47:54,929 - Step 03803: 245.9699 E_h, exp. variance=0.0133 E_h^2, pmove=0.51
2026-06-08 17:47:55,278 - Step 03804: 245.8837 E_h, exp. variance=0.0122 E_h^2, pmove=0.50
2026-06-08 17:47:55,627 - Step 03805: 245.7639 E_h, exp. variance=0.0114 E_h^2, pmove=0.51
2026-06-08 17:47:55,973 - Step 03806: 245.9341 E_h, exp. variance=0.0113 E_h^2, pmove=0.50
2026-06-08 17:47:56,319 - Step 03807: 245.7321 E_h, exp. variance=0.0112 E_h^2, pmove=0.50
2026-06-08 17:47:56,665 - Step 03808: 245.8363 E_h, exp. variance=0.0101 E_h^2, pmove=0.50
2026-06-08 17:47:57,011 - Step 03809: 245.7310 E_h, exp. variance=0.0100 E_h^2, pmove=0.50
2026-06-08 17:47:57,358 - Step 03810: 245.6382 E_h, exp. variance=0.0119 E_h^2, pmove=0.50
2026-06-08 17:47:57,703 - Step 03811: 245.7822 E_h, exp. variance=0.0108 E_h^2, pmove=0.50
2026-06-08 17:47:58,049 - Step 03812: 245.7377 E_h, exp. variance=0.0101 E_h^2, pmove=0.49
2026-06-08 17:47:58,395 - Step 03813: 245.7053 E_h, exp. variance=0.0098 E_h^2, pmove=0.49
2026-06-08 17:47:58,740 - Step 03814: 245.6536 E_h, exp. variance=0.0103 E_h^2, pmove=0.50
2026-06-08 17:47:59,086 - Step 03815: 245.6986 E_h, exp. variance=0.0098 E_h^2, pmove=0.50
2026-06-08 17:47:59,434 - Step 03816: 245.7151 E_h, exp. variance=0.0090 E_h^2, pmove=0.50
2026-06-08 17:47:59,780 - Step 03817: 245.6991 E_h, exp. variance=0.0084 E_h^2, pmove=0.50
2026-06-08 17:48:00,133 - Step 03818: 245.7174 E_h, exp. variance=0.0077 E_h^2, pmove=0.50
2026-06-08 17:48:00,481 - Step 03819: 245.8046 E_h, exp. variance=0.0072 E_h^2, pmove=0.50
2026-06-08 17:48:00,832 - Step 03820: 245.6533 E_h, exp. variance=0.0074 E_h^2, pmove=0.50
2026-06-08 17:48:01,180 - Step 03821: 245.6312 E_h, exp. variance=0.0079 E_h^2, pmove=0.50
2026-06-08 17:48:01,525 - Step 03822: 245.6200 E_h, exp. variance=0.0082 E_h^2, pmove=0.51
2026-06-08 17:48:01,873 - Step 03823: 245.6809 E_h, exp. variance=0.0076 E_h^2, pmove=0.51
2026-06-08 17:48:02,220 - Step 03824: 245.6759 E_h, exp. variance=0.0070 E_h^2, pmove=0.50
2026-06-08 17:48:02,567 - Step 03825: 245.5753 E_h, exp. variance=0.0080 E_h^2, pmove=0.50
2026-06-08 17:48:02,912 - Step 03826: 245.6388 E_h, exp. variance=0.0075 E_h^2, pmove=0.50
2026-06-08 17:48:03,259 - Step 03827: 245.8123 E_h, exp. variance=0.0080 E_h^2, pmove=0.50
2026-06-08 17:48:03,609 - Step 03828: 245.9025 E_h, exp. variance=0.0107 E_h^2, pmove=0.49
2026-06-08 17:48:03,956 - Step 03829: 245.7328 E_h, exp. variance=0.0097 E_h^2, pmove=0.50
2026-06-08 17:48:04,301 - Step 03830: 245.9129 E_h, exp. variance=0.0118 E_h^2, pmove=0.50
2026-06-08 17:48:04,649 - Step 03831: 245.7455 E_h, exp. variance=0.0106 E_h^2, pmove=0.50
2026-06-08 17:48:04,997 - Step 03832: 245.8574 E_h, exp. variance=0.0107 E_h^2, pmove=0.50
2026-06-08 17:48:05,341 - Step 03833: 245.9571 E_h, exp. variance=0.0133 E_h^2, pmove=0.50
2026-06-08 17:48:05,687 - Step 03834: 245.7572 E_h, exp. variance=0.0120 E_h^2, pmove=0.50
2026-06-08 17:48:06,030 - Step 03835: 245.8099 E_h, exp. variance=0.0109 E_h^2, pmove=0.50
2026-06-08 17:48:06,377 - Step 03836: 245.8546 E_h, exp. variance=0.0103 E_h^2, pmove=0.50
2026-06-08 17:48:06,725 - Step 03837: 245.7249 E_h, exp. variance=0.0096 E_h^2, pmove=0.50
2026-06-08 17:48:07,071 - Step 03838: 245.7304 E_h, exp. variance=0.0089 E_h^2, pmove=0.50
2026-06-08 17:48:07,418 - Step 03839: 245.7266 E_h, exp. variance=0.0082 E_h^2, pmove=0.50
2026-06-08 17:48:07,995 - Step 03840: 245.6432 E_h, exp. variance=0.0088 E_h^2, pmove=0.50
2026-06-08 17:48:08,341 - Step 03841: 245.7251 E_h, exp. variance=0.0080 E_h^2, pmove=0.50
2026-06-08 17:48:08,688 - Step 03842: 245.6879 E_h, exp. variance=0.0076 E_h^2, pmove=0.50
2026-06-08 17:48:09,034 - Step 03843: 245.7929 E_h, exp. variance=0.0071 E_h^2, pmove=0.49
2026-06-08 17:48:09,381 - Step 03844: 245.7073 E_h, exp. variance=0.0065 E_h^2, pmove=0.50
2026-06-08 17:48:09,727 - Step 03845: 245.6608 E_h, exp. variance=0.0065 E_h^2, pmove=0.50
2026-06-08 17:48:10,073 - Step 03846: 245.7383 E_h, exp. variance=0.0059 E_h^2, pmove=0.50
2026-06-08 17:48:10,419 - Step 03847: 245.6868 E_h, exp. variance=0.0055 E_h^2, pmove=0.50
2026-06-08 17:48:10,763 - Step 03848: 245.7190 E_h, exp. variance=0.0050 E_h^2, pmove=0.50
2026-06-08 17:48:11,109 - Step 03849: 245.8134 E_h, exp. variance=0.0051 E_h^2, pmove=0.51
2026-06-08 17:48:11,454 - Step 03850: 245.8182 E_h, exp. variance=0.0051 E_h^2, pmove=0.50
2026-06-08 17:48:11,799 - Step 03851: 245.7833 E_h, exp. variance=0.0047 E_h^2, pmove=0.50
2026-06-08 17:48:12,143 - Step 03852: 245.7697 E_h, exp. variance=0.0043 E_h^2, pmove=0.50
2026-06-08 17:48:12,488 - Step 03853: 245.7106 E_h, exp. variance=0.0040 E_h^2, pmove=0.50
2026-06-08 17:48:12,836 - Step 03854: 246.0072 E_h, exp. variance=0.0096 E_h^2, pmove=0.50
2026-06-08 17:48:13,185 - Step 03855: 245.7609 E_h, exp. variance=0.0087 E_h^2, pmove=0.50
2026-06-08 17:48:13,532 - Step 03856: 245.7123 E_h, exp. variance=0.0081 E_h^2, pmove=0.50
2026-06-08 17:48:13,879 - Step 03857: 245.7350 E_h, exp. variance=0.0074 E_h^2, pmove=0.50
2026-06-08 17:48:14,225 - Step 03858: 245.7850 E_h, exp. variance=0.0067 E_h^2, pmove=0.50
2026-06-08 17:48:14,574 - Step 03859: 245.8492 E_h, exp. variance=0.0067 E_h^2, pmove=0.51
2026-06-08 17:48:14,923 - Step 03860: 245.8906 E_h, exp. variance=0.0072 E_h^2, pmove=0.50
2026-06-08 17:48:15,302 - Step 03861: 245.8978 E_h, exp. variance=0.0076 E_h^2, pmove=0.50
2026-06-08 17:48:15,648 - Step 03862: 245.9308 E_h, exp. variance=0.0085 E_h^2, pmove=0.50
2026-06-08 17:48:15,996 - Step 03863: 245.7742 E_h, exp. variance=0.0077 E_h^2, pmove=0.49
2026-06-08 17:48:16,350 - Step 03864: 245.9703 E_h, exp. variance=0.0094 E_h^2, pmove=0.50
2026-06-08 17:48:16,695 - Step 03865: 245.8407 E_h, exp. variance=0.0085 E_h^2, pmove=0.50
2026-06-08 17:48:17,040 - Step 03866: 245.7486 E_h, exp. variance=0.0081 E_h^2, pmove=0.50
2026-06-08 17:48:17,388 - Step 03867: 245.7329 E_h, exp. variance=0.0080 E_h^2, pmove=0.50
2026-06-08 17:48:17,733 - Step 03868: 245.7000 E_h, exp. variance=0.0082 E_h^2, pmove=0.49
2026-06-08 17:48:18,079 - Step 03869: 245.7973 E_h, exp. variance=0.0074 E_h^2, pmove=0.50
2026-06-08 17:48:18,428 - Step 03870: 245.7586 E_h, exp. variance=0.0068 E_h^2, pmove=0.50
2026-06-08 17:48:18,776 - Step 03871: 245.7367 E_h, exp. variance=0.0064 E_h^2, pmove=0.50
2026-06-08 17:48:19,125 - Step 03872: 245.7084 E_h, exp. variance=0.0064 E_h^2, pmove=0.50
2026-06-08 17:48:19,472 - Step 03873: 245.7789 E_h, exp. variance=0.0057 E_h^2, pmove=0.50
2026-06-08 17:48:19,818 - Step 03874: 245.7147 E_h, exp. variance=0.0055 E_h^2, pmove=0.50
2026-06-08 17:48:20,167 - Step 03875: 245.7842 E_h, exp. variance=0.0050 E_h^2, pmove=0.50
2026-06-08 17:48:20,514 - Step 03876: 245.8114 E_h, exp. variance=0.0046 E_h^2, pmove=0.50
2026-06-08 17:48:20,860 - Step 03877: 245.6053 E_h, exp. variance=0.0068 E_h^2, pmove=0.50
2026-06-08 17:48:21,214 - Step 03878: 245.5619 E_h, exp. variance=0.0097 E_h^2, pmove=0.50
2026-06-08 17:48:21,559 - Step 03879: 245.6490 E_h, exp. variance=0.0095 E_h^2, pmove=0.50
2026-06-08 17:48:21,906 - Step 03880: 245.6839 E_h, exp. variance=0.0088 E_h^2, pmove=0.50
2026-06-08 17:48:22,250 - Step 03881: 245.6803 E_h, exp. variance=0.0081 E_h^2, pmove=0.50
2026-06-08 17:48:22,595 - Step 03882: 245.7220 E_h, exp. variance=0.0073 E_h^2, pmove=0.50
2026-06-08 17:48:22,941 - Step 03883: 245.6761 E_h, exp. variance=0.0068 E_h^2, pmove=0.50
2026-06-08 17:48:23,286 - Step 03884: 245.5946 E_h, exp. variance=0.0074 E_h^2, pmove=0.50
2026-06-08 17:48:23,631 - Step 03885: 245.8429 E_h, exp. variance=0.0084 E_h^2, pmove=0.50
2026-06-08 17:48:23,978 - Step 03886: 245.7835 E_h, exp. variance=0.0079 E_h^2, pmove=0.50
2026-06-08 17:48:24,323 - Step 03887: 245.7151 E_h, exp. variance=0.0071 E_h^2, pmove=0.50
2026-06-08 17:48:24,670 - Step 03888: 245.5922 E_h, exp. variance=0.0080 E_h^2, pmove=0.51
2026-06-08 17:48:25,021 - Step 03889: 245.6826 E_h, exp. variance=0.0073 E_h^2, pmove=0.50
2026-06-08 17:48:25,368 - Step 03890: 245.6398 E_h, exp. variance=0.0070 E_h^2, pmove=0.50
2026-06-08 17:48:25,715 - Step 03891: 245.6733 E_h, exp. variance=0.0064 E_h^2, pmove=0.50
2026-06-08 17:48:26,061 - Step 03892: 245.7572 E_h, exp. variance=0.0060 E_h^2, pmove=0.50
2026-06-08 17:48:26,408 - Step 03893: 245.6885 E_h, exp. variance=0.0054 E_h^2, pmove=0.51
2026-06-08 17:48:26,757 - Step 03894: 245.8391 E_h, exp. variance=0.0066 E_h^2, pmove=0.50
2026-06-08 17:48:27,104 - Step 03895: 245.6441 E_h, exp. variance=0.0064 E_h^2, pmove=0.50
2026-06-08 17:48:27,453 - Step 03896: 245.7378 E_h, exp. variance=0.0058 E_h^2, pmove=0.51
2026-06-08 17:48:27,798 - Step 03897: 245.7076 E_h, exp. variance=0.0052 E_h^2, pmove=0.50
2026-06-08 17:48:28,148 - Step 03898: 245.6898 E_h, exp. variance=0.0048 E_h^2, pmove=0.49
2026-06-08 17:48:28,494 - Step 03899: 245.6423 E_h, exp. variance=0.0047 E_h^2, pmove=0.50
2026-06-08 17:48:28,842 - Step 03900: 245.6036 E_h, exp. variance=0.0051 E_h^2, pmove=0.50
2026-06-08 17:48:29,190 - Step 03901: 245.6209 E_h, exp. variance=0.0051 E_h^2, pmove=0.50
2026-06-08 17:48:29,534 - Step 03902: 245.6967 E_h, exp. variance=0.0046 E_h^2, pmove=0.51
2026-06-08 17:48:29,880 - Step 03903: 245.7341 E_h, exp. variance=0.0043 E_h^2, pmove=0.50
2026-06-08 17:48:30,225 - Step 03904: 245.8407 E_h, exp. variance=0.0059 E_h^2, pmove=0.50
2026-06-08 17:48:30,570 - Step 03905: 245.8608 E_h, exp. variance=0.0074 E_h^2, pmove=0.50
2026-06-08 17:48:30,917 - Step 03906: 245.7642 E_h, exp. variance=0.0069 E_h^2, pmove=0.50
2026-06-08 17:48:31,263 - Step 03907: 245.8755 E_h, exp. variance=0.0082 E_h^2, pmove=0.50
2026-06-08 17:48:31,614 - Step 03908: 245.7334 E_h, exp. variance=0.0074 E_h^2, pmove=0.51
2026-06-08 17:48:31,966 - Step 03909: 245.6722 E_h, exp. variance=0.0070 E_h^2, pmove=0.50
2026-06-08 17:48:32,315 - Step 03910: 245.8176 E_h, exp. variance=0.0070 E_h^2, pmove=0.50
2026-06-08 17:48:32,666 - Step 03911: 245.7303 E_h, exp. variance=0.0063 E_h^2, pmove=0.51
2026-06-08 17:48:33,014 - Step 03912: 245.6470 E_h, exp. variance=0.0065 E_h^2, pmove=0.50
2026-06-08 17:48:33,366 - Step 03913: 245.6283 E_h, exp. variance=0.0068 E_h^2, pmove=0.50
2026-06-08 17:48:33,715 - Step 03914: 245.6432 E_h, exp. variance=0.0066 E_h^2, pmove=0.50
2026-06-08 17:48:34,063 - Step 03915: 245.5814 E_h, exp. variance=0.0075 E_h^2, pmove=0.50
2026-06-08 17:48:34,410 - Step 03916: 245.7951 E_h, exp. variance=0.0076 E_h^2, pmove=0.50
2026-06-08 17:48:34,760 - Step 03917: 245.7469 E_h, exp. variance=0.0070 E_h^2, pmove=0.50
2026-06-08 17:48:35,107 - Step 03918: 245.6960 E_h, exp. variance=0.0063 E_h^2, pmove=0.50
2026-06-08 17:48:35,451 - Step 03919: 245.7136 E_h, exp. variance=0.0057 E_h^2, pmove=0.50
2026-06-08 17:48:35,797 - Step 03920: 245.7796 E_h, exp. variance=0.0055 E_h^2, pmove=0.50
2026-06-08 17:48:36,142 - Step 03921: 245.8550 E_h, exp. variance=0.0066 E_h^2, pmove=0.50
2026-06-08 17:48:36,487 - Step 03922: 245.7449 E_h, exp. variance=0.0060 E_h^2, pmove=0.50
2026-06-08 17:48:36,837 - Step 03923: 245.8448 E_h, exp. variance=0.0065 E_h^2, pmove=0.50
2026-06-08 17:48:37,182 - Step 03924: 245.7450 E_h, exp. variance=0.0059 E_h^2, pmove=0.49
2026-06-08 17:48:37,527 - Step 03925: 245.7985 E_h, exp. variance=0.0055 E_h^2, pmove=0.50
2026-06-08 17:48:37,873 - Step 03926: 245.7948 E_h, exp. variance=0.0052 E_h^2, pmove=0.49
2026-06-08 17:48:38,219 - Step 03927: 245.7592 E_h, exp. variance=0.0046 E_h^2, pmove=0.50
2026-06-08 17:48:38,567 - Step 03928: 246.0639 E_h, exp. variance=0.0128 E_h^2, pmove=0.50
2026-06-08 17:48:38,913 - Step 03929: 245.6295 E_h, exp. variance=0.0137 E_h^2, pmove=0.50
2026-06-08 17:48:39,259 - Step 03930: 245.7024 E_h, exp. variance=0.0127 E_h^2, pmove=0.50
2026-06-08 17:48:39,610 - Step 03931: 245.7574 E_h, exp. variance=0.0115 E_h^2, pmove=0.50
2026-06-08 17:48:39,960 - Step 03932: 245.8516 E_h, exp. variance=0.0110 E_h^2, pmove=0.50
2026-06-08 17:48:40,307 - Step 03933: 245.7597 E_h, exp. variance=0.0099 E_h^2, pmove=0.50
2026-06-08 17:48:40,657 - Step 03934: 245.8119 E_h, exp. variance=0.0091 E_h^2, pmove=0.50
2026-06-08 17:48:41,003 - Step 03935: 245.7616 E_h, exp. variance=0.0082 E_h^2, pmove=0.50
2026-06-08 17:48:41,349 - Step 03936: 245.8667 E_h, exp. variance=0.0082 E_h^2, pmove=0.50
2026-06-08 17:48:41,695 - Step 03937: 245.8158 E_h, exp. variance=0.0074 E_h^2, pmove=0.49
2026-06-08 17:48:42,045 - Step 03938: 245.9003 E_h, exp. variance=0.0079 E_h^2, pmove=0.50
2026-06-08 17:48:42,392 - Step 03939: 245.7374 E_h, exp. variance=0.0074 E_h^2, pmove=0.50
2026-06-08 17:48:42,740 - Step 03940: 245.8779 E_h, exp. variance=0.0073 E_h^2, pmove=0.49
2026-06-08 17:48:43,086 - Step 03941: 245.6797 E_h, exp. variance=0.0079 E_h^2, pmove=0.50
2026-06-08 17:48:43,434 - Step 03942: 245.7367 E_h, exp. variance=0.0074 E_h^2, pmove=0.50
2026-06-08 17:48:43,781 - Step 03943: 245.7312 E_h, exp. variance=0.0069 E_h^2, pmove=0.50
2026-06-08 17:48:44,129 - Step 03944: 245.7462 E_h, exp. variance=0.0063 E_h^2, pmove=0.50
2026-06-08 17:48:44,475 - Step 03945: 245.7447 E_h, exp. variance=0.0057 E_h^2, pmove=0.50
2026-06-08 17:48:44,821 - Step 03946: 245.8224 E_h, exp. variance=0.0054 E_h^2, pmove=0.50
2026-06-08 17:48:45,168 - Step 03947: 245.9212 E_h, exp. variance=0.0067 E_h^2, pmove=0.50
2026-06-08 17:48:45,524 - Step 03948: 245.9626 E_h, exp. variance=0.0087 E_h^2, pmove=0.50
2026-06-08 17:48:45,873 - Step 03949: 245.8097 E_h, exp. variance=0.0078 E_h^2, pmove=0.50
2026-06-08 17:48:46,219 - Step 03950: 245.7951 E_h, exp. variance=0.0071 E_h^2, pmove=0.50
2026-06-08 17:48:46,564 - Step 03951: 245.8107 E_h, exp. variance=0.0064 E_h^2, pmove=0.50
2026-06-08 17:48:46,911 - Step 03952: 245.8052 E_h, exp. variance=0.0057 E_h^2, pmove=0.50
2026-06-08 17:48:47,257 - Step 03953: 245.7793 E_h, exp. variance=0.0052 E_h^2, pmove=0.50
2026-06-08 17:48:47,607 - Step 03954: 245.7303 E_h, exp. variance=0.0052 E_h^2, pmove=0.51
2026-06-08 17:48:47,954 - Step 03955: 245.7885 E_h, exp. variance=0.0047 E_h^2, pmove=0.51
2026-06-08 17:48:48,301 - Step 03956: 245.6602 E_h, exp. variance=0.0059 E_h^2, pmove=0.51
2026-06-08 17:48:48,647 - Step 03957: 245.7412 E_h, exp. variance=0.0054 E_h^2, pmove=0.50
2026-06-08 17:48:48,994 - Step 03958: 245.6263 E_h, exp. variance=0.0070 E_h^2, pmove=0.50
2026-06-08 17:48:49,341 - Step 03959: 245.6136 E_h, exp. variance=0.0083 E_h^2, pmove=0.50
2026-06-08 17:48:49,689 - Step 03960: 245.6800 E_h, exp. variance=0.0079 E_h^2, pmove=0.50
2026-06-08 17:48:50,036 - Step 03961: 245.5585 E_h, exp. variance=0.0101 E_h^2, pmove=0.50
2026-06-08 17:48:50,382 - Step 03962: 245.6125 E_h, exp. variance=0.0102 E_h^2, pmove=0.50
2026-06-08 17:48:50,732 - Step 03963: 245.6130 E_h, exp. variance=0.0101 E_h^2, pmove=0.50
2026-06-08 17:48:51,082 - Step 03964: 245.7073 E_h, exp. variance=0.0091 E_h^2, pmove=0.50
2026-06-08 17:48:51,431 - Step 03965: 245.6789 E_h, exp. variance=0.0082 E_h^2, pmove=0.50
2026-06-08 17:48:51,780 - Step 03966: 245.6899 E_h, exp. variance=0.0074 E_h^2, pmove=0.50
2026-06-08 17:48:52,124 - Step 03967: 245.7118 E_h, exp. variance=0.0067 E_h^2, pmove=0.50
2026-06-08 17:48:52,472 - Step 03968: 245.7912 E_h, exp. variance=0.0067 E_h^2, pmove=0.50
2026-06-08 17:48:52,819 - Step 03969: 245.8173 E_h, exp. variance=0.0071 E_h^2, pmove=0.50
2026-06-08 17:48:53,167 - Step 03970: 245.7968 E_h, exp. variance=0.0069 E_h^2, pmove=0.50
2026-06-08 17:48:53,512 - Step 03971: 247.4748 E_h, exp. variance=0.2809 E_h^2, pmove=0.50
2026-06-08 17:48:53,860 - Step 03972: 245.7986 E_h, exp. variance=0.2537 E_h^2, pmove=0.50
2026-06-08 17:48:54,206 - Step 03973: 245.7225 E_h, exp. variance=0.2310 E_h^2, pmove=0.50
2026-06-08 17:48:54,555 - Step 03974: 245.6211 E_h, exp. variance=0.2137 E_h^2, pmove=0.50
2026-06-08 17:48:54,904 - Step 03975: 245.6340 E_h, exp. variance=0.1965 E_h^2, pmove=0.50
2026-06-08 17:48:55,251 - Step 03976: 245.7011 E_h, exp. variance=0.1783 E_h^2, pmove=0.50
2026-06-08 17:48:55,598 - Step 03977: 245.6788 E_h, exp. variance=0.1622 E_h^2, pmove=0.50
2026-06-08 17:48:55,945 - Step 03978: 245.7424 E_h, exp. variance=0.1463 E_h^2, pmove=0.50
2026-06-08 17:48:56,290 - Step 03979: 245.7132 E_h, exp. variance=0.1323 E_h^2, pmove=0.49
2026-06-08 17:48:56,636 - Step 03980: 245.6923 E_h, exp. variance=0.1198 E_h^2, pmove=0.50
2026-06-08 17:48:56,984 - Step 03981: 245.7492 E_h, exp. variance=0.1079 E_h^2, pmove=0.50
2026-06-08 17:48:57,333 - Step 03982: 245.6797 E_h, exp. variance=0.0980 E_h^2, pmove=0.50
2026-06-08 17:48:57,679 - Step 03983: 245.6566 E_h, exp. variance=0.0892 E_h^2, pmove=0.50
2026-06-08 17:48:58,025 - Step 03984: 245.6854 E_h, exp. variance=0.0808 E_h^2, pmove=0.50
2026-06-08 17:48:58,371 - Step 03985: 245.7496 E_h, exp. variance=0.0727 E_h^2, pmove=0.50
2026-06-08 17:48:58,714 - Step 03986: 245.7376 E_h, exp. variance=0.0654 E_h^2, pmove=0.50
2026-06-08 17:48:59,059 - Step 03987: 245.6602 E_h, exp. variance=0.0596 E_h^2, pmove=0.50
2026-06-08 17:48:59,405 - Step 03988: 245.6273 E_h, exp. variance=0.0547 E_h^2, pmove=0.50
2026-06-08 17:48:59,753 - Step 03989: 245.8024 E_h, exp. variance=0.0497 E_h^2, pmove=0.51
2026-06-08 17:49:00,102 - Step 03990: 245.7525 E_h, exp. variance=0.0448 E_h^2, pmove=0.50
2026-06-08 17:49:00,447 - Step 03991: 245.4962 E_h, exp. variance=0.0455 E_h^2, pmove=0.49
2026-06-08 17:49:00,792 - Step 03992: 245.7282 E_h, exp. variance=0.0410 E_h^2, pmove=0.51
2026-06-08 17:49:01,143 - Step 03993: 245.6797 E_h, exp. variance=0.0370 E_h^2, pmove=0.50
2026-06-08 17:49:01,494 - Step 03994: 245.8232 E_h, exp. variance=0.0344 E_h^2, pmove=0.50
2026-06-08 17:49:01,844 - Step 03995: 245.8016 E_h, exp. variance=0.0316 E_h^2, pmove=0.50
2026-06-08 17:49:02,194 - Step 03996: 245.7566 E_h, exp. variance=0.0285 E_h^2, pmove=0.50
2026-06-08 17:49:02,541 - Step 03997: 245.8716 E_h, exp. variance=0.0274 E_h^2, pmove=0.50
2026-06-08 17:49:02,889 - Step 03998: 245.9024 E_h, exp. variance=0.0268 E_h^2, pmove=0.50
2026-06-08 17:49:03,245 - Step 03999: 245.8800 E_h, exp. variance=0.0254 E_h^2, pmove=0.50
2026-06-08 17:49:03,591 - Step 04000: 245.7638 E_h, exp. variance=0.0229 E_h^2, pmove=0.50
2026-06-08 17:49:03,938 - Step 04001: 245.8394 E_h, exp. variance=0.0210 E_h^2, pmove=0.51
2026-06-08 17:49:04,285 - Step 04002: 245.8769 E_h, exp. variance=0.0197 E_h^2, pmove=0.50
2026-06-08 17:49:04,631 - Step 04003: 245.7963 E_h, exp. variance=0.0178 E_h^2, pmove=0.49
2026-06-08 17:49:04,977 - Step 04004: 245.6815 E_h, exp. variance=0.0170 E_h^2, pmove=0.50
2026-06-08 17:49:05,326 - Step 04005: 245.6683 E_h, exp. variance=0.0164 E_h^2, pmove=0.50
2026-06-08 17:49:05,673 - Step 04006: 245.7620 E_h, exp. variance=0.0148 E_h^2, pmove=0.50
2026-06-08 17:49:06,022 - Step 04007: 245.8368 E_h, exp. variance=0.0138 E_h^2, pmove=0.50
2026-06-08 17:49:06,370 - Step 04008: 245.8332 E_h, exp. variance=0.0127 E_h^2, pmove=0.49
2026-06-08 17:49:06,717 - Step 04009: 245.8448 E_h, exp. variance=0.0118 E_h^2, pmove=0.50
2026-06-08 17:49:07,067 - Step 04010: 245.8843 E_h, exp. variance=0.0115 E_h^2, pmove=0.50
2026-06-08 17:49:07,419 - Step 04011: 245.6445 E_h, exp. variance=0.0124 E_h^2, pmove=0.51
2026-06-08 17:49:07,768 - Step 04012: 245.7561 E_h, exp. variance=0.0112 E_h^2, pmove=0.50
2026-06-08 17:49:08,114 - Step 04013: 245.7268 E_h, exp. variance=0.0103 E_h^2, pmove=0.50
2026-06-08 17:49:08,460 - Step 04014: 245.6629 E_h, exp. variance=0.0104 E_h^2, pmove=0.50
2026-06-08 17:49:08,806 - Step 04015: 245.7365 E_h, exp. variance=0.0094 E_h^2, pmove=0.50
2026-06-08 17:49:09,152 - Step 04016: 245.7318 E_h, exp. variance=0.0086 E_h^2, pmove=0.50
2026-06-08 17:49:09,499 - Step 04017: 245.6999 E_h, exp. variance=0.0080 E_h^2, pmove=0.50
2026-06-08 17:49:09,848 - Step 04018: 245.7169 E_h, exp. variance=0.0073 E_h^2, pmove=0.49
2026-06-08 17:49:10,194 - Step 04019: 245.6910 E_h, exp. variance=0.0069 E_h^2, pmove=0.50
2026-06-08 17:49:10,543 - Step 04020: 245.6589 E_h, exp. variance=0.0068 E_h^2, pmove=0.50
2026-06-08 17:49:10,890 - Step 04021: 245.6861 E_h, exp. variance=0.0063 E_h^2, pmove=0.50
2026-06-08 17:49:11,242 - Step 04022: 245.6834 E_h, exp. variance=0.0059 E_h^2, pmove=0.50
2026-06-08 17:49:11,591 - Step 04023: 245.6617 E_h, exp. variance=0.0057 E_h^2, pmove=0.49
2026-06-08 17:49:11,950 - Step 04024: 245.6601 E_h, exp. variance=0.0054 E_h^2, pmove=0.50
2026-06-08 17:49:12,299 - Step 04025: 245.7363 E_h, exp. variance=0.0049 E_h^2, pmove=0.50
2026-06-08 17:49:12,645 - Step 04026: 245.7232 E_h, exp. variance=0.0044 E_h^2, pmove=0.50
2026-06-08 17:49:12,992 - Step 04027: 245.7750 E_h, exp. variance=0.0043 E_h^2, pmove=0.50
2026-06-08 17:49:13,338 - Step 04028: 245.6922 E_h, exp. variance=0.0039 E_h^2, pmove=0.49
2026-06-08 17:49:13,686 - Step 04029: 245.7465 E_h, exp. variance=0.0036 E_h^2, pmove=0.50
2026-06-08 17:49:14,037 - Step 04030: 245.6798 E_h, exp. variance=0.0034 E_h^2, pmove=0.50
2026-06-08 17:49:14,388 - Step 04031: 245.6326 E_h, exp. variance=0.0037 E_h^2, pmove=0.51
2026-06-08 17:49:14,741 - Step 04032: 245.6272 E_h, exp. variance=0.0039 E_h^2, pmove=0.50
2026-06-08 17:49:15,098 - Step 04033: 245.7657 E_h, exp. variance=0.0039 E_h^2, pmove=0.50
2026-06-08 17:49:15,447 - Step 04034: 245.6872 E_h, exp. variance=0.0036 E_h^2, pmove=0.49
2026-06-08 17:49:15,793 - Step 04035: 245.6438 E_h, exp. variance=0.0036 E_h^2, pmove=0.50
2026-06-08 17:49:16,141 - Step 04036: 245.7188 E_h, exp. variance=0.0032 E_h^2, pmove=0.50
2026-06-08 17:49:16,487 - Step 04037: 245.8373 E_h, exp. variance=0.0046 E_h^2, pmove=0.50
2026-06-08 17:49:16,833 - Step 04038: 245.8481 E_h, exp. variance=0.0057 E_h^2, pmove=0.50
2026-06-08 17:49:17,178 - Step 04039: 245.6923 E_h, exp. variance=0.0053 E_h^2, pmove=0.50
2026-06-08 17:49:17,522 - Step 04040: 245.9294 E_h, exp. variance=0.0085 E_h^2, pmove=0.50
2026-06-08 17:49:17,869 - Step 04041: 245.8146 E_h, exp. variance=0.0081 E_h^2, pmove=0.50
2026-06-08 17:49:18,214 - Step 04042: 245.7267 E_h, exp. variance=0.0074 E_h^2, pmove=0.50
2026-06-08 17:49:18,563 - Step 04043: 245.7799 E_h, exp. variance=0.0067 E_h^2, pmove=0.50
2026-06-08 17:49:18,909 - Step 04044: 245.7056 E_h, exp. variance=0.0062 E_h^2, pmove=0.50
2026-06-08 17:49:19,256 - Step 04045: 246.4364 E_h, exp. variance=0.0483 E_h^2, pmove=0.50
2026-06-08 17:49:19,603 - Step 04046: 245.7052 E_h, exp. variance=0.0446 E_h^2, pmove=0.50
2026-06-08 17:49:19,950 - Step 04047: 245.7775 E_h, exp. variance=0.0402 E_h^2, pmove=0.50
2026-06-08 17:49:20,297 - Step 04048: 245.7011 E_h, exp. variance=0.0371 E_h^2, pmove=0.50
2026-06-08 17:49:20,642 - Step 04049: 245.6973 E_h, exp. variance=0.0342 E_h^2, pmove=0.50
2026-06-08 17:49:20,988 - Step 04050: 245.6453 E_h, exp. variance=0.0325 E_h^2, pmove=0.50
2026-06-08 17:49:21,334 - Step 04051: 245.6288 E_h, exp. variance=0.0310 E_h^2, pmove=0.50
2026-06-08 17:49:21,687 - Step 04052: 245.6244 E_h, exp. variance=0.0295 E_h^2, pmove=0.50
2026-06-08 17:49:22,039 - Step 04053: 245.7235 E_h, exp. variance=0.0265 E_h^2, pmove=0.50
2026-06-08 17:49:22,388 - Step 04054: 245.7112 E_h, exp. variance=0.0240 E_h^2, pmove=0.50
2026-06-08 17:49:22,741 - Step 04055: 245.9413 E_h, exp. variance=0.0253 E_h^2, pmove=0.50
2026-06-08 17:49:23,089 - Step 04056: 245.7245 E_h, exp. variance=0.0229 E_h^2, pmove=0.49
2026-06-08 17:49:23,439 - Step 04057: 245.9186 E_h, exp. variance=0.0230 E_h^2, pmove=0.49
2026-06-08 17:49:23,785 - Step 04058: 245.7925 E_h, exp. variance=0.0208 E_h^2, pmove=0.50
2026-06-08 17:49:24,131 - Step 04059: 245.9020 E_h, exp. variance=0.0202 E_h^2, pmove=0.50
2026-06-08 17:49:24,481 - Step 04060: 245.7642 E_h, exp. variance=0.0182 E_h^2, pmove=0.50
2026-06-08 17:49:24,838 - Step 04061: 245.7393 E_h, exp. variance=0.0166 E_h^2, pmove=0.50
2026-06-08 17:49:25,185 - Step 04062: 245.8255 E_h, exp. variance=0.0151 E_h^2, pmove=0.50
2026-06-08 17:49:25,534 - Step 04063: 245.7678 E_h, exp. variance=0.0136 E_h^2, pmove=0.50
2026-06-08 17:49:25,895 - Step 04064: 245.7680 E_h, exp. variance=0.0123 E_h^2, pmove=0.50
2026-06-08 17:49:26,243 - Step 04065: 245.6843 E_h, exp. variance=0.0119 E_h^2, pmove=0.50
2026-06-08 17:49:26,590 - Step 04066: 245.7411 E_h, exp. variance=0.0108 E_h^2, pmove=0.49
2026-06-08 17:49:26,940 - Step 04067: 245.6982 E_h, exp. variance=0.0101 E_h^2, pmove=0.50
2026-06-08 17:49:27,290 - Step 04068: 245.6633 E_h, exp. variance=0.0100 E_h^2, pmove=0.50
2026-06-08 17:49:27,638 - Step 04069: 245.7141 E_h, exp. variance=0.0091 E_h^2, pmove=0.50
2026-06-08 17:49:27,989 - Step 04070: 245.6719 E_h, exp. variance=0.0087 E_h^2, pmove=0.49
2026-06-08 17:49:28,337 - Step 04071: 245.7098 E_h, exp. variance=0.0079 E_h^2, pmove=0.50
2026-06-08 17:49:28,700 - Step 04072: 245.7332 E_h, exp. variance=0.0071 E_h^2, pmove=0.50
2026-06-08 17:49:29,068 - Step 04073: 245.6613 E_h, exp. variance=0.0069 E_h^2, pmove=0.50
2026-06-08 17:49:29,418 - Step 04074: 245.6090 E_h, exp. variance=0.0075 E_h^2, pmove=0.50
2026-06-08 17:49:29,767 - Step 04075: 245.6712 E_h, exp. variance=0.0070 E_h^2, pmove=0.50
2026-06-08 17:49:30,115 - Step 04076: 245.6920 E_h, exp. variance=0.0063 E_h^2, pmove=0.50
2026-06-08 17:49:30,464 - Step 04077: 245.7417 E_h, exp. variance=0.0058 E_h^2, pmove=0.50
2026-06-08 17:49:30,813 - Step 04078: 245.7724 E_h, exp. variance=0.0055 E_h^2, pmove=0.50
2026-06-08 17:49:31,164 - Step 04079: 245.7384 E_h, exp. variance=0.0050 E_h^2, pmove=0.49
2026-06-08 17:49:31,512 - Step 04080: 245.6980 E_h, exp. variance=0.0045 E_h^2, pmove=0.50
2026-06-08 17:49:31,860 - Step 04081: 245.6331 E_h, exp. variance=0.0048 E_h^2, pmove=0.50
2026-06-08 17:49:32,211 - Step 04082: 245.6891 E_h, exp. variance=0.0043 E_h^2, pmove=0.50
2026-06-08 17:49:32,563 - Step 04083: 245.7426 E_h, exp. variance=0.0040 E_h^2, pmove=0.50
2026-06-08 17:49:32,920 - Step 04084: 245.6778 E_h, exp. variance=0.0037 E_h^2, pmove=0.50
2026-06-08 17:49:33,270 - Step 04085: 245.7130 E_h, exp. variance=0.0033 E_h^2, pmove=0.51
2026-06-08 17:49:33,619 - Step 04086: 245.6696 E_h, exp. variance=0.0031 E_h^2, pmove=0.50
2026-06-08 17:49:33,966 - Step 04087: 245.7954 E_h, exp. variance=0.0036 E_h^2, pmove=0.50
2026-06-08 17:49:34,316 - Step 04088: 245.7362 E_h, exp. variance=0.0032 E_h^2, pmove=0.50
2026-06-08 17:49:34,665 - Step 04089: 245.7388 E_h, exp. variance=0.0030 E_h^2, pmove=0.50
2026-06-08 17:49:35,011 - Step 04090: 245.7928 E_h, exp. variance=0.0032 E_h^2, pmove=0.50
2026-06-08 17:49:35,365 - Step 04091: 245.7030 E_h, exp. variance=0.0029 E_h^2, pmove=0.50
2026-06-08 17:49:35,714 - Step 04092: 245.6843 E_h, exp. variance=0.0027 E_h^2, pmove=0.50
2026-06-08 17:49:36,065 - Step 04093: 245.7577 E_h, exp. variance=0.0026 E_h^2, pmove=0.50
2026-06-08 17:49:36,412 - Step 04094: 245.7783 E_h, exp. variance=0.0026 E_h^2, pmove=0.50
2026-06-08 17:49:36,760 - Step 04095: 245.7947 E_h, exp. variance=0.0027 E_h^2, pmove=0.50
2026-06-08 17:49:37,108 - Step 04096: 246.7172 E_h, exp. variance=0.0892 E_h^2, pmove=0.49
2026-06-08 17:49:37,458 - Step 04097: 245.7947 E_h, exp. variance=0.0804 E_h^2, pmove=0.50
2026-06-08 17:49:37,811 - Step 04098: 245.6641 E_h, exp. variance=0.0748 E_h^2, pmove=0.50
2026-06-08 17:49:38,163 - Step 04099: 245.7152 E_h, exp. variance=0.0682 E_h^2, pmove=0.50
2026-06-08 17:49:38,513 - Step 04100: 245.7450 E_h, exp. variance=0.0617 E_h^2, pmove=0.50
2026-06-08 17:49:38,861 - Step 04101: 246.2571 E_h, exp. variance=0.0745 E_h^2, pmove=0.50
2026-06-08 17:49:39,210 - Step 04102: 245.7180 E_h, exp. variance=0.0685 E_h^2, pmove=0.50
2026-06-08 17:49:39,564 - Step 04103: 245.8960 E_h, exp. variance=0.0620 E_h^2, pmove=0.50
2026-06-08 17:49:39,915 - Step 04104: 245.7111 E_h, exp. variance=0.0573 E_h^2, pmove=0.50
2026-06-08 17:49:40,262 - Step 04105: 245.7867 E_h, exp. variance=0.0517 E_h^2, pmove=0.50
2026-06-08 17:49:40,609 - Step 04106: 245.7696 E_h, exp. variance=0.0467 E_h^2, pmove=0.49
2026-06-08 17:49:40,959 - Step 04107: 245.8118 E_h, exp. variance=0.0421 E_h^2, pmove=0.50
2026-06-08 17:49:41,306 - Step 04108: 246.1136 E_h, exp. variance=0.0459 E_h^2, pmove=0.50
2026-06-08 17:49:41,651 - Step 04109: 245.7922 E_h, exp. variance=0.0415 E_h^2, pmove=0.50
2026-06-08 17:49:41,999 - Step 04110: 245.6987 E_h, exp. variance=0.0392 E_h^2, pmove=0.50
2026-06-08 17:49:42,348 - Step 04111: 245.7387 E_h, exp. variance=0.0359 E_h^2, pmove=0.50
2026-06-08 17:49:42,695 - Step 04112: 245.8153 E_h, exp. variance=0.0323 E_h^2, pmove=0.50
2026-06-08 17:49:43,044 - Step 04113: 245.8299 E_h, exp. variance=0.0291 E_h^2, pmove=0.50
2026-06-08 17:49:43,393 - Step 04114: 245.7377 E_h, exp. variance=0.0268 E_h^2, pmove=0.50
2026-06-08 17:49:43,740 - Step 04115: 245.5442 E_h, exp. variance=0.0305 E_h^2, pmove=0.50
2026-06-08 17:49:44,087 - Step 04116: 245.5580 E_h, exp. variance=0.0320 E_h^2, pmove=0.50
2026-06-08 17:49:44,434 - Step 04117: 245.6638 E_h, exp. variance=0.0297 E_h^2, pmove=0.50
2026-06-08 17:49:44,783 - Step 04118: 245.9087 E_h, exp. variance=0.0289 E_h^2, pmove=0.51
2026-06-08 17:49:45,130 - Step 04119: 245.8200 E_h, exp. variance=0.0263 E_h^2, pmove=0.50
2026-06-08 17:49:45,478 - Step 04120: 245.7357 E_h, exp. variance=0.0238 E_h^2, pmove=0.50
2026-06-08 17:49:45,826 - Step 04121: 245.7003 E_h, exp. variance=0.0218 E_h^2, pmove=0.50
2026-06-08 17:49:46,172 - Step 04122: 245.8421 E_h, exp. variance=0.0202 E_h^2, pmove=0.49
2026-06-08 17:49:46,519 - Step 04123: 245.6211 E_h, exp. variance=0.0202 E_h^2, pmove=0.50
2026-06-08 17:49:46,867 - Step 04124: 245.8242 E_h, exp. variance=0.0186 E_h^2, pmove=0.50
2026-06-08 17:49:47,214 - Step 04125: 245.7494 E_h, exp. variance=0.0168 E_h^2, pmove=0.50
2026-06-08 17:49:47,559 - Step 04126: 245.7966 E_h, exp. variance=0.0152 E_h^2, pmove=0.50
2026-06-08 17:49:47,913 - Step 04127: 245.8227 E_h, exp. variance=0.0140 E_h^2, pmove=0.50
2026-06-08 17:49:48,261 - Step 04128: 245.7351 E_h, exp. variance=0.0127 E_h^2, pmove=0.50
2026-06-08 17:49:48,609 - Step 04129: 245.6755 E_h, exp. variance=0.0122 E_h^2, pmove=0.50
2026-06-08 17:49:48,957 - Step 04130: 245.8700 E_h, exp. variance=0.0121 E_h^2, pmove=0.50
2026-06-08 17:49:49,303 - Step 04131: 245.7781 E_h, exp. variance=0.0109 E_h^2, pmove=0.50
2026-06-08 17:49:49,651 - Step 04132: 245.8021 E_h, exp. variance=0.0099 E_h^2, pmove=0.51
2026-06-08 17:49:50,001 - Step 04133: 245.7819 E_h, exp. variance=0.0089 E_h^2, pmove=0.50
2026-06-08 17:49:50,349 - Step 04134: 245.7088 E_h, exp. variance=0.0084 E_h^2, pmove=0.49
2026-06-08 17:49:50,697 - Step 04135: 245.8214 E_h, exp. variance=0.0078 E_h^2, pmove=0.50
2026-06-08 17:49:51,046 - Step 04136: 245.7406 E_h, exp. variance=0.0071 E_h^2, pmove=0.50
2026-06-08 17:49:51,395 - Step 04137: 245.6660 E_h, exp. variance=0.0074 E_h^2, pmove=0.50
2026-06-08 17:49:51,744 - Step 04138: 245.6349 E_h, exp. variance=0.0080 E_h^2, pmove=0.50
2026-06-08 17:49:52,095 - Step 04139: 245.6448 E_h, exp. variance=0.0082 E_h^2, pmove=0.50
2026-06-08 17:49:52,445 - Step 04140: 245.6232 E_h, exp. variance=0.0085 E_h^2, pmove=0.50
2026-06-08 17:49:52,795 - Step 04141: 245.6769 E_h, exp. variance=0.0079 E_h^2, pmove=0.50
2026-06-08 17:49:53,144 - Step 04142: 245.5504 E_h, exp. variance=0.0097 E_h^2, pmove=0.50
2026-06-08 17:49:53,492 - Step 04143: 245.7413 E_h, exp. variance=0.0088 E_h^2, pmove=0.50
2026-06-08 17:49:53,843 - Step 04144: 245.8157 E_h, exp. variance=0.0090 E_h^2, pmove=0.50
2026-06-08 17:49:54,193 - Step 04145: 245.7286 E_h, exp. variance=0.0081 E_h^2, pmove=0.50
2026-06-08 17:49:54,542 - Step 04146: 245.7327 E_h, exp. variance=0.0073 E_h^2, pmove=0.50
2026-06-08 17:49:54,889 - Step 04147: 245.7869 E_h, exp. variance=0.0070 E_h^2, pmove=0.50
2026-06-08 17:49:55,255 - Step 04148: 245.7591 E_h, exp. variance=0.0064 E_h^2, pmove=0.50
2026-06-08 17:49:55,606 - Step 04149: 245.7300 E_h, exp. variance=0.0058 E_h^2, pmove=0.50
2026-06-08 17:49:55,956 - Step 04150: 245.7439 E_h, exp. variance=0.0052 E_h^2, pmove=0.50
2026-06-08 17:49:56,303 - Step 04151: 245.5918 E_h, exp. variance=0.0064 E_h^2, pmove=0.50
2026-06-08 17:49:56,653 - Step 04152: 245.6765 E_h, exp. variance=0.0059 E_h^2, pmove=0.50
2026-06-08 17:49:56,999 - Step 04153: 245.7016 E_h, exp. variance=0.0054 E_h^2, pmove=0.50
2026-06-08 17:49:57,348 - Step 04154: 245.8354 E_h, exp. variance=0.0062 E_h^2, pmove=0.50
2026-06-08 17:49:57,697 - Step 04155: 246.0969 E_h, exp. variance=0.0180 E_h^2, pmove=0.51
2026-06-08 17:49:58,046 - Step 04156: 245.8403 E_h, exp. variance=0.0168 E_h^2, pmove=0.50
2026-06-08 17:49:58,392 - Step 04157: 245.7279 E_h, exp. variance=0.0153 E_h^2, pmove=0.50
2026-06-08 17:49:58,740 - Step 04158: 245.5574 E_h, exp. variance=0.0176 E_h^2, pmove=0.50
2026-06-08 17:49:59,088 - Step 04159: 245.6390 E_h, exp. variance=0.0169 E_h^2, pmove=0.50
2026-06-08 17:49:59,440 - Step 04160: 245.6923 E_h, exp. variance=0.0153 E_h^2, pmove=0.50
2026-06-08 17:49:59,788 - Step 04161: 245.6048 E_h, exp. variance=0.0152 E_h^2, pmove=0.51
2026-06-08 17:50:00,141 - Step 04162: 245.6618 E_h, exp. variance=0.0140 E_h^2, pmove=0.51
2026-06-08 17:50:00,489 - Step 04163: 245.6444 E_h, exp. variance=0.0130 E_h^2, pmove=0.49
2026-06-08 17:50:00,836 - Step 04164: 245.7492 E_h, exp. variance=0.0119 E_h^2, pmove=0.50
2026-06-08 17:50:01,184 - Step 04165: 245.7518 E_h, exp. variance=0.0108 E_h^2, pmove=0.49
2026-06-08 17:50:01,530 - Step 04166: 245.7096 E_h, exp. variance=0.0098 E_h^2, pmove=0.49
2026-06-08 17:50:01,878 - Step 04167: 245.7317 E_h, exp. variance=0.0088 E_h^2, pmove=0.50
2026-06-08 17:50:02,226 - Step 04168: 245.6818 E_h, exp. variance=0.0080 E_h^2, pmove=0.50
2026-06-08 17:50:02,574 - Step 04169: 245.6578 E_h, exp. variance=0.0075 E_h^2, pmove=0.50
2026-06-08 17:50:02,924 - Step 04170: 245.6088 E_h, exp. variance=0.0076 E_h^2, pmove=0.51
2026-06-08 17:50:03,275 - Step 04171: 245.6053 E_h, exp. variance=0.0076 E_h^2, pmove=0.50
2026-06-08 17:50:03,627 - Step 04172: 245.6651 E_h, exp. variance=0.0069 E_h^2, pmove=0.50
2026-06-08 17:50:03,978 - Step 04173: 245.6202 E_h, exp. variance=0.0066 E_h^2, pmove=0.50
2026-06-08 17:50:04,326 - Step 04174: 245.8074 E_h, exp. variance=0.0074 E_h^2, pmove=0.50
2026-06-08 17:50:04,674 - Step 04175: 245.6410 E_h, exp. variance=0.0069 E_h^2, pmove=0.50
2026-06-08 17:50:05,022 - Step 04176: 245.6918 E_h, exp. variance=0.0062 E_h^2, pmove=0.50
2026-06-08 17:50:05,371 - Step 04177: 245.6036 E_h, exp. variance=0.0062 E_h^2, pmove=0.50
2026-06-08 17:50:05,721 - Step 04178: 245.6044 E_h, exp. variance=0.0061 E_h^2, pmove=0.50
2026-06-08 17:50:06,069 - Step 04179: 245.6003 E_h, exp. variance=0.0059 E_h^2, pmove=0.51
2026-06-08 17:50:06,418 - Step 04180: 245.6159 E_h, exp. variance=0.0056 E_h^2, pmove=0.49
2026-06-08 17:50:06,765 - Step 04181: 245.7812 E_h, exp. variance=0.0063 E_h^2, pmove=0.50
2026-06-08 17:50:07,116 - Step 04182: 245.6880 E_h, exp. variance=0.0057 E_h^2, pmove=0.50
2026-06-08 17:50:07,465 - Step 04183: 245.7772 E_h, exp. variance=0.0061 E_h^2, pmove=0.50
2026-06-08 17:50:07,813 - Step 04184: 245.7505 E_h, exp. variance=0.0059 E_h^2, pmove=0.50
2026-06-08 17:50:08,160 - Step 04185: 245.8600 E_h, exp. variance=0.0079 E_h^2, pmove=0.50
2026-06-08 17:50:08,510 - Step 04186: 245.7093 E_h, exp. variance=0.0071 E_h^2, pmove=0.51
2026-06-08 17:50:08,857 - Step 04187: 245.7433 E_h, exp. variance=0.0065 E_h^2, pmove=0.50
2026-06-08 17:50:09,205 - Step 04188: 245.8087 E_h, exp. variance=0.0067 E_h^2, pmove=0.50
2026-06-08 17:50:09,553 - Step 04189: 245.7041 E_h, exp. variance=0.0061 E_h^2, pmove=0.50
2026-06-08 17:50:09,902 - Step 04190: 245.8283 E_h, exp. variance=0.0065 E_h^2, pmove=0.51
2026-06-08 17:50:10,252 - Step 04191: 245.7650 E_h, exp. variance=0.0060 E_h^2, pmove=0.50
2026-06-08 17:50:10,618 - Step 04192: 245.7089 E_h, exp. variance=0.0055 E_h^2, pmove=0.50
2026-06-08 17:50:10,971 - Step 04193: 245.7708 E_h, exp. variance=0.0051 E_h^2, pmove=0.50
2026-06-08 17:50:11,327 - Step 04194: 245.8935 E_h, exp. variance=0.0068 E_h^2, pmove=0.50
2026-06-08 17:50:11,679 - Step 04195: 245.7342 E_h, exp. variance=0.0062 E_h^2, pmove=0.50
2026-06-08 17:50:12,029 - Step 04196: 245.6479 E_h, exp. variance=0.0065 E_h^2, pmove=0.50
2026-06-08 17:50:12,379 - Step 04197: 245.7446 E_h, exp. variance=0.0058 E_h^2, pmove=0.50
2026-06-08 17:50:12,731 - Step 04198: 245.6334 E_h, exp. variance=0.0063 E_h^2, pmove=0.50
2026-06-08 17:50:13,080 - Step 04199: 245.6408 E_h, exp. variance=0.0063 E_h^2, pmove=0.50
2026-06-08 17:50:13,429 - Step 04200: 245.9408 E_h, exp. variance=0.0101 E_h^2, pmove=0.50
2026-06-08 17:50:13,778 - Step 04201: 245.7192 E_h, exp. variance=0.0091 E_h^2, pmove=0.49
2026-06-08 17:50:14,126 - Step 04202: 245.6938 E_h, exp. variance=0.0084 E_h^2, pmove=0.49
2026-06-08 17:50:14,475 - Step 04203: 245.6566 E_h, exp. variance=0.0081 E_h^2, pmove=0.50
2026-06-08 17:50:14,823 - Step 04204: 245.6614 E_h, exp. variance=0.0077 E_h^2, pmove=0.50
2026-06-08 17:50:15,169 - Step 04205: 245.7662 E_h, exp. variance=0.0071 E_h^2, pmove=0.50
2026-06-08 17:50:15,515 - Step 04206: 245.5588 E_h, exp. variance=0.0089 E_h^2, pmove=0.50
2026-06-08 17:50:15,864 - Step 04207: 245.7159 E_h, exp. variance=0.0080 E_h^2, pmove=0.50
2026-06-08 17:50:16,217 - Step 04208: 245.7306 E_h, exp. variance=0.0073 E_h^2, pmove=0.50
2026-06-08 17:50:16,568 - Step 04209: 245.6680 E_h, exp. variance=0.0067 E_h^2, pmove=0.49
2026-06-08 17:50:16,916 - Step 04210: 245.7052 E_h, exp. variance=0.0060 E_h^2, pmove=0.50
2026-06-08 17:50:17,265 - Step 04211: 245.6857 E_h, exp. variance=0.0055 E_h^2, pmove=0.50
2026-06-08 17:50:17,613 - Step 04212: 245.5909 E_h, exp. variance=0.0061 E_h^2, pmove=0.50
2026-06-08 17:50:17,961 - Step 04213: 245.6097 E_h, exp. variance=0.0061 E_h^2, pmove=0.50
2026-06-08 17:50:18,313 - Step 04214: 245.6588 E_h, exp. variance=0.0056 E_h^2, pmove=0.50
2026-06-08 17:50:18,663 - Step 04215: 245.6313 E_h, exp. variance=0.0052 E_h^2, pmove=0.51
2026-06-08 17:50:19,013 - Step 04216: 245.7227 E_h, exp. variance=0.0049 E_h^2, pmove=0.50
2026-06-08 17:50:19,365 - Step 04217: 245.7074 E_h, exp. variance=0.0045 E_h^2, pmove=0.50
2026-06-08 17:50:19,714 - Step 04218: 245.6640 E_h, exp. variance=0.0041 E_h^2, pmove=0.50
2026-06-08 17:50:20,065 - Step 04219: 245.6627 E_h, exp. variance=0.0037 E_h^2, pmove=0.50
2026-06-08 17:50:20,414 - Step 04220: 245.6207 E_h, exp. variance=0.0036 E_h^2, pmove=0.49
2026-06-08 17:50:20,762 - Step 04221: 245.5179 E_h, exp. variance=0.0055 E_h^2, pmove=0.50
2026-06-08 17:50:21,115 - Step 04222: 245.6247 E_h, exp. variance=0.0050 E_h^2, pmove=0.50
2026-06-08 17:50:21,465 - Step 04223: 245.5726 E_h, exp. variance=0.0052 E_h^2, pmove=0.50
2026-06-08 17:50:21,813 - Step 04224: 245.6098 E_h, exp. variance=0.0048 E_h^2, pmove=0.50
2026-06-08 17:50:22,161 - Step 04225: 245.7150 E_h, exp. variance=0.0047 E_h^2, pmove=0.50
2026-06-08 17:50:22,510 - Step 04226: 245.6949 E_h, exp. variance=0.0044 E_h^2, pmove=0.50
2026-06-08 17:50:22,859 - Step 04227: 245.6680 E_h, exp. variance=0.0040 E_h^2, pmove=0.51
2026-06-08 17:50:23,205 - Step 04228: 245.6207 E_h, exp. variance=0.0037 E_h^2, pmove=0.50
2026-06-08 17:50:23,553 - Step 04229: 245.4823 E_h, exp. variance=0.0060 E_h^2, pmove=0.50
2026-06-08 17:50:23,903 - Step 04230: 245.6288 E_h, exp. variance=0.0054 E_h^2, pmove=0.51
2026-06-08 17:50:24,249 - Step 04231: 245.6488 E_h, exp. variance=0.0049 E_h^2, pmove=0.49
2026-06-08 17:50:24,597 - Step 04232: 245.6586 E_h, exp. variance=0.0044 E_h^2, pmove=0.50
2026-06-08 17:50:24,945 - Step 04233: 245.7155 E_h, exp. variance=0.0045 E_h^2, pmove=0.50
2026-06-08 17:50:25,292 - Step 04234: 245.7409 E_h, exp. variance=0.0049 E_h^2, pmove=0.50
2026-06-08 17:50:25,639 - Step 04235: 245.7386 E_h, exp. variance=0.0050 E_h^2, pmove=0.50
2026-06-08 17:50:25,987 - Step 04236: 245.6228 E_h, exp. variance=0.0046 E_h^2, pmove=0.50
2026-06-08 17:50:26,335 - Step 04237: 245.6495 E_h, exp. variance=0.0042 E_h^2, pmove=0.50
2026-06-08 17:50:26,684 - Step 04238: 245.7240 E_h, exp. variance=0.0042 E_h^2, pmove=0.50
2026-06-08 17:50:27,037 - Step 04239: 245.7693 E_h, exp. variance=0.0047 E_h^2, pmove=0.50
2026-06-08 17:50:27,388 - Step 04240: 245.5731 E_h, exp. variance=0.0052 E_h^2, pmove=0.50
2026-06-08 17:50:27,740 - Step 04241: 245.5755 E_h, exp. variance=0.0054 E_h^2, pmove=0.50
2026-06-08 17:50:28,089 - Step 04242: 245.7191 E_h, exp. variance=0.0052 E_h^2, pmove=0.50
2026-06-08 17:50:28,438 - Step 04243: 245.6346 E_h, exp. variance=0.0048 E_h^2, pmove=0.49
2026-06-08 17:50:28,786 - Step 04244: 245.6830 E_h, exp. variance=0.0043 E_h^2, pmove=0.50
2026-06-08 17:50:29,134 - Step 04245: 245.8115 E_h, exp. variance=0.0059 E_h^2, pmove=0.50
2026-06-08 17:50:29,483 - Step 04246: 245.6830 E_h, exp. variance=0.0053 E_h^2, pmove=0.50
2026-06-08 17:50:29,830 - Step 04247: 245.7056 E_h, exp. variance=0.0049 E_h^2, pmove=0.50
2026-06-08 17:50:30,181 - Step 04248: 245.6504 E_h, exp. variance=0.0045 E_h^2, pmove=0.50
2026-06-08 17:50:30,531 - Step 04249: 245.7353 E_h, exp. variance=0.0043 E_h^2, pmove=0.50
2026-06-08 17:50:30,881 - Step 04250: 245.6860 E_h, exp. variance=0.0039 E_h^2, pmove=0.50
2026-06-08 17:50:31,229 - Step 04251: 245.7321 E_h, exp. variance=0.0037 E_h^2, pmove=0.50
2026-06-08 17:50:31,578 - Step 04252: 245.6779 E_h, exp. variance=0.0033 E_h^2, pmove=0.50
2026-06-08 17:50:31,925 - Step 04253: 245.7032 E_h, exp. variance=0.0030 E_h^2, pmove=0.50
2026-06-08 17:50:32,271 - Step 04254: 245.6236 E_h, exp. variance=0.0031 E_h^2, pmove=0.49
2026-06-08 17:50:32,619 - Step 04255: 245.6256 E_h, exp. variance=0.0031 E_h^2, pmove=0.50
2026-06-08 17:50:32,967 - Step 04256: 246.2891 E_h, exp. variance=0.0365 E_h^2, pmove=0.50
2026-06-08 17:50:33,315 - Step 04257: 245.8733 E_h, exp. variance=0.0345 E_h^2, pmove=0.49
2026-06-08 17:50:33,666 - Step 04258: 245.6625 E_h, exp. variance=0.0318 E_h^2, pmove=0.49
2026-06-08 17:50:34,017 - Step 04259: 245.6711 E_h, exp. variance=0.0291 E_h^2, pmove=0.50
2026-06-08 17:50:34,371 - Step 04260: 245.6263 E_h, exp. variance=0.0272 E_h^2, pmove=0.50
2026-06-08 17:50:34,723 - Step 04261: 245.8419 E_h, exp. variance=0.0258 E_h^2, pmove=0.50
2026-06-08 17:50:35,073 - Step 04262: 245.7502 E_h, exp. variance=0.0232 E_h^2, pmove=0.50
2026-06-08 17:50:35,425 - Step 04263: 245.8074 E_h, exp. variance=0.0213 E_h^2, pmove=0.50
2026-06-08 17:50:35,777 - Step 04264: 245.6999 E_h, exp. variance=0.0194 E_h^2, pmove=0.50
2026-06-08 17:50:36,127 - Step 04265: 245.7288 E_h, exp. variance=0.0174 E_h^2, pmove=0.50
2026-06-08 17:50:36,479 - Step 04266: 245.7841 E_h, exp. variance=0.0159 E_h^2, pmove=0.50
2026-06-08 17:50:36,829 - Step 04267: 245.6419 E_h, exp. variance=0.0152 E_h^2, pmove=0.50
2026-06-08 17:50:37,180 - Step 04268: 245.6013 E_h, exp. variance=0.0153 E_h^2, pmove=0.50
2026-06-08 17:50:37,529 - Step 04269: 245.6918 E_h, exp. variance=0.0138 E_h^2, pmove=0.50
2026-06-08 17:50:37,878 - Step 04270: 245.7254 E_h, exp. variance=0.0124 E_h^2, pmove=0.51
2026-06-08 17:50:38,225 - Step 04271: 245.7712 E_h, exp. variance=0.0114 E_h^2, pmove=0.50
2026-06-08 17:50:38,574 - Step 04272: 245.7879 E_h, exp. variance=0.0107 E_h^2, pmove=0.50
2026-06-08 17:50:38,922 - Step 04273: 246.0077 E_h, exp. variance=0.0166 E_h^2, pmove=0.50
2026-06-08 17:50:39,269 - Step 04274: 245.9303 E_h, exp. variance=0.0176 E_h^2, pmove=0.50
2026-06-08 17:50:39,618 - Step 04275: 245.8134 E_h, exp. variance=0.0160 E_h^2, pmove=0.50
2026-06-08 17:50:39,968 - Step 04276: 245.7543 E_h, exp. variance=0.0144 E_h^2, pmove=0.50
2026-06-08 17:50:40,316 - Step 04277: 245.8047 E_h, exp. variance=0.0130 E_h^2, pmove=0.50
2026-06-08 17:50:40,665 - Step 04278: 245.6998 E_h, exp. variance=0.0123 E_h^2, pmove=0.50
2026-06-08 17:50:41,012 - Step 04279: 245.7714 E_h, exp. variance=0.0111 E_h^2, pmove=0.50
2026-06-08 17:50:41,363 - Step 04280: 245.7800 E_h, exp. variance=0.0100 E_h^2, pmove=0.50
2026-06-08 17:50:41,709 - Step 04281: 245.7412 E_h, exp. variance=0.0091 E_h^2, pmove=0.50
2026-06-08 17:50:42,055 - Step 04282: 245.6434 E_h, exp. variance=0.0096 E_h^2, pmove=0.50
2026-06-08 17:50:42,405 - Step 04283: 245.6426 E_h, exp. variance=0.0098 E_h^2, pmove=0.50
2026-06-08 17:50:42,755 - Step 04284: 245.7309 E_h, exp. variance=0.0088 E_h^2, pmove=0.50
2026-06-08 17:50:43,102 - Step 04285: 245.6788 E_h, exp. variance=0.0083 E_h^2, pmove=0.50
2026-06-08 17:50:43,449 - Step 04286: 245.6916 E_h, exp. variance=0.0077 E_h^2, pmove=0.51
2026-06-08 17:50:43,797 - Step 04287: 245.6819 E_h, exp. variance=0.0071 E_h^2, pmove=0.50
2026-06-08 17:50:44,146 - Step 04288: 245.6469 E_h, exp. variance=0.0070 E_h^2, pmove=0.50
2026-06-08 17:50:44,493 - Step 04289: 245.6943 E_h, exp. variance=0.0064 E_h^2, pmove=0.50
2026-06-08 17:50:44,842 - Step 04290: 245.7572 E_h, exp. variance=0.0059 E_h^2, pmove=0.50
2026-06-08 17:50:45,190 - Step 04291: 245.5562 E_h, exp. variance=0.0077 E_h^2, pmove=0.50
2026-06-08 17:50:45,539 - Step 04292: 245.6776 E_h, exp. variance=0.0070 E_h^2, pmove=0.50
2026-06-08 17:50:45,887 - Step 04293: 245.6499 E_h, exp. variance=0.0066 E_h^2, pmove=0.50
2026-06-08 17:50:46,234 - Step 04294: 245.7967 E_h, exp. variance=0.0068 E_h^2, pmove=0.50
2026-06-08 17:50:46,583 - Step 04295: 245.8334 E_h, exp. variance=0.0076 E_h^2, pmove=0.50
2026-06-08 17:50:46,930 - Step 04296: 245.8644 E_h, exp. variance=0.0087 E_h^2, pmove=0.50
2026-06-08 17:50:47,279 - Step 04297: 245.7941 E_h, exp. variance=0.0082 E_h^2, pmove=0.50
2026-06-08 17:50:47,627 - Step 04298: 248.4083 E_h, exp. variance=0.6482 E_h^2, pmove=0.50
2026-06-08 17:50:47,975 - Step 04299: 245.7749 E_h, exp. variance=0.5882 E_h^2, pmove=0.50
2026-06-08 17:50:48,324 - Step 04300: 245.6869 E_h, exp. variance=0.5373 E_h^2, pmove=0.49
2026-06-08 17:50:48,671 - Step 04301: 245.6391 E_h, exp. variance=0.4925 E_h^2, pmove=0.50
2026-06-08 17:50:49,019 - Step 04302: 245.5310 E_h, exp. variance=0.4570 E_h^2, pmove=0.51
2026-06-08 17:50:49,369 - Step 04303: 245.7865 E_h, exp. variance=0.4122 E_h^2, pmove=0.50
2026-06-08 17:50:49,718 - Step 04304: 245.7781 E_h, exp. variance=0.3718 E_h^2, pmove=0.50
2026-06-08 17:50:50,071 - Step 04305: 245.8412 E_h, exp. variance=0.3346 E_h^2, pmove=0.51
2026-06-08 17:50:50,423 - Step 04306: 245.7798 E_h, exp. variance=0.3018 E_h^2, pmove=0.50
2026-06-08 17:50:50,772 - Step 04307: 245.7648 E_h, exp. variance=0.2723 E_h^2, pmove=0.50
2026-06-08 17:50:51,121 - Step 04308: 245.8424 E_h, exp. variance=0.2451 E_h^2, pmove=0.50
2026-06-08 17:50:51,471 - Step 04309: 245.7174 E_h, exp. variance=0.2220 E_h^2, pmove=0.50
2026-06-08 17:50:51,823 - Step 04310: 245.7763 E_h, exp. variance=0.2001 E_h^2, pmove=0.51
2026-06-08 17:50:52,170 - Step 04311: 245.7235 E_h, exp. variance=0.1810 E_h^2, pmove=0.51
2026-06-08 17:50:52,517 - Step 04312: 245.8163 E_h, exp. variance=0.1629 E_h^2, pmove=0.50
2026-06-08 17:50:52,865 - Step 04313: 245.7508 E_h, exp. variance=0.1470 E_h^2, pmove=0.50
2026-06-08 17:50:53,213 - Step 04314: 245.8331 E_h, exp. variance=0.1324 E_h^2, pmove=0.50
2026-06-08 17:50:53,560 - Step 04315: 245.7497 E_h, exp. variance=0.1195 E_h^2, pmove=0.50
2026-06-08 17:50:53,907 - Step 04316: 245.8735 E_h, exp. variance=0.1079 E_h^2, pmove=0.50
2026-06-08 17:50:54,254 - Step 04317: 245.7821 E_h, exp. variance=0.0972 E_h^2, pmove=0.49
2026-06-08 17:50:54,602 - Step 04318: 245.7609 E_h, exp. variance=0.0877 E_h^2, pmove=0.50
2026-06-08 17:50:54,949 - Step 04319: 248.3431 E_h, exp. variance=0.6590 E_h^2, pmove=0.50
2026-06-08 17:50:55,297 - Step 04320: 245.6606 E_h, exp. variance=0.6073 E_h^2, pmove=0.50
2026-06-08 17:50:55,643 - Step 04321: 245.7122 E_h, exp. variance=0.5550 E_h^2, pmove=0.50
2026-06-08 17:50:55,996 - Step 04322: 245.6554 E_h, exp. variance=0.5095 E_h^2, pmove=0.50
2026-06-08 17:50:56,344 - Step 04323: 245.6841 E_h, exp. variance=0.4651 E_h^2, pmove=0.50
2026-06-08 17:50:56,691 - Step 04324: 245.6546 E_h, exp. variance=0.4253 E_h^2, pmove=0.50
2026-06-08 17:50:57,042 - Step 04325: 245.7940 E_h, exp. variance=0.3838 E_h^2, pmove=0.51
2026-06-08 17:50:57,389 - Step 04326: 245.6225 E_h, exp. variance=0.3518 E_h^2, pmove=0.50
2026-06-08 17:50:57,737 - Step 04327: 245.6574 E_h, exp. variance=0.3205 E_h^2, pmove=0.51
2026-06-08 17:50:58,084 - Step 04328: 245.6349 E_h, exp. variance=0.2923 E_h^2, pmove=0.49
2026-06-08 17:50:58,432 - Step 04329: 245.7462 E_h, exp. variance=0.2636 E_h^2, pmove=0.50
2026-06-08 17:50:58,782 - Step 04330: 245.5996 E_h, exp. variance=0.2414 E_h^2, pmove=0.50
2026-06-08 17:50:59,131 - Step 04331: 245.7388 E_h, exp. variance=0.2175 E_h^2, pmove=0.50
2026-06-08 17:50:59,479 - Step 04332: 245.7554 E_h, exp. variance=0.1958 E_h^2, pmove=0.51
2026-06-08 17:50:59,829 - Step 04333: 245.7779 E_h, exp. variance=0.1763 E_h^2, pmove=0.50
2026-06-08 17:51:00,180 - Step 04334: 245.7788 E_h, exp. variance=0.1586 E_h^2, pmove=0.50
2026-06-08 17:51:00,531 - Step 04335: 245.7090 E_h, exp. variance=0.1433 E_h^2, pmove=0.50
2026-06-08 17:51:00,882 - Step 04336: 245.8774 E_h, exp. variance=0.1299 E_h^2, pmove=0.50
2026-06-08 17:51:01,233 - Step 04337: 246.7083 E_h, exp. variance=0.1935 E_h^2, pmove=0.50
2026-06-08 17:51:01,582 - Step 04338: 245.7146 E_h, exp. variance=0.1765 E_h^2, pmove=0.49
2026-06-08 17:51:01,932 - Step 04339: 245.8487 E_h, exp. variance=0.1589 E_h^2, pmove=0.50
2026-06-08 17:51:02,281 - Step 04340: 245.6631 E_h, exp. variance=0.1465 E_h^2, pmove=0.50
2026-06-08 17:51:02,629 - Step 04341: 245.7435 E_h, exp. variance=0.1327 E_h^2, pmove=0.50
2026-06-08 17:51:02,979 - Step 04342: 245.8581 E_h, exp. variance=0.1195 E_h^2, pmove=0.51
2026-06-08 17:51:03,328 - Step 04343: 245.6419 E_h, exp. variance=0.1109 E_h^2, pmove=0.50
2026-06-08 17:51:03,678 - Step 04344: 245.6360 E_h, exp. variance=0.1026 E_h^2, pmove=0.50
2026-06-08 17:51:04,028 - Step 04345: 245.6617 E_h, exp. variance=0.0940 E_h^2, pmove=0.50
2026-06-08 17:51:04,377 - Step 04346: 245.7942 E_h, exp. variance=0.0846 E_h^2, pmove=0.49
2026-06-08 17:51:04,727 - Step 04347: 245.8515 E_h, exp. variance=0.0766 E_h^2, pmove=0.50
2026-06-08 17:51:05,075 - Step 04348: 245.6857 E_h, exp. variance=0.0699 E_h^2, pmove=0.50
2026-06-08 17:51:05,425 - Step 04349: 245.7672 E_h, exp. variance=0.0629 E_h^2, pmove=0.51
2026-06-08 17:51:05,777 - Step 04350: 245.7332 E_h, exp. variance=0.0568 E_h^2, pmove=0.49
2026-06-08 17:51:06,130 - Step 04351: 245.7665 E_h, exp. variance=0.0512 E_h^2, pmove=0.49
2026-06-08 17:51:06,482 - Step 04352: 245.7224 E_h, exp. variance=0.0463 E_h^2, pmove=0.50
2026-06-08 17:51:06,833 - Step 04353: 245.6630 E_h, exp. variance=0.0427 E_h^2, pmove=0.50
2026-06-08 17:51:07,181 - Step 04354: 245.7100 E_h, exp. variance=0.0386 E_h^2, pmove=0.50
2026-06-08 17:51:07,530 - Step 04355: 245.7061 E_h, exp. variance=0.0349 E_h^2, pmove=0.50
2026-06-08 17:51:07,879 - Step 04356: 245.5719 E_h, exp. variance=0.0342 E_h^2, pmove=0.50
2026-06-08 17:51:08,227 - Step 04357: 245.5649 E_h, exp. variance=0.0333 E_h^2, pmove=0.50
2026-06-08 17:51:08,574 - Step 04358: 245.6035 E_h, exp. variance=0.0311 E_h^2, pmove=0.50
2026-06-08 17:51:08,921 - Step 04359: 245.5568 E_h, exp. variance=0.0299 E_h^2, pmove=0.50
2026-06-08 17:51:09,270 - Step 04360: 245.6032 E_h, exp. variance=0.0276 E_h^2, pmove=0.50
2026-06-08 17:51:09,620 - Step 04361: 245.7157 E_h, exp. variance=0.0249 E_h^2, pmove=0.50
2026-06-08 17:51:09,974 - Step 04362: 245.6490 E_h, exp. variance=0.0225 E_h^2, pmove=0.49
2026-06-08 17:51:10,323 - Step 04363: 245.5284 E_h, exp. variance=0.0224 E_h^2, pmove=0.50
2026-06-08 17:51:10,671 - Step 04364: 245.5303 E_h, exp. variance=0.0218 E_h^2, pmove=0.50
2026-06-08 17:51:11,022 - Step 04365: 245.6057 E_h, exp. variance=0.0198 E_h^2, pmove=0.50
2026-06-08 17:51:11,373 - Step 04366: 245.5921 E_h, exp. variance=0.0181 E_h^2, pmove=0.50
2026-06-08 17:51:11,721 - Step 04367: 245.5511 E_h, exp. variance=0.0170 E_h^2, pmove=0.51
2026-06-08 17:51:12,070 - Step 04368: 245.6341 E_h, exp. variance=0.0153 E_h^2, pmove=0.50
2026-06-08 17:51:12,420 - Step 04369: 245.5808 E_h, exp. variance=0.0140 E_h^2, pmove=0.50
2026-06-08 17:51:12,770 - Step 04370: 245.6548 E_h, exp. variance=0.0127 E_h^2, pmove=0.49
2026-06-08 17:51:13,120 - Step 04371: 245.7549 E_h, exp. variance=0.0128 E_h^2, pmove=0.49
2026-06-08 17:51:13,470 - Step 04372: 245.7425 E_h, exp. variance=0.0124 E_h^2, pmove=0.50
2026-06-08 17:51:13,818 - Step 04373: 245.7775 E_h, exp. variance=0.0126 E_h^2, pmove=0.50
2026-06-08 17:51:14,171 - Step 04374: 245.8156 E_h, exp. variance=0.0134 E_h^2, pmove=0.49
2026-06-08 17:51:14,518 - Step 04375: 245.7323 E_h, exp. variance=0.0123 E_h^2, pmove=0.50
2026-06-08 17:51:14,865 - Step 04376: 245.6825 E_h, exp. variance=0.0110 E_h^2, pmove=0.50
2026-06-08 17:51:15,213 - Step 04377: 245.7142 E_h, exp. variance=0.0100 E_h^2, pmove=0.50
2026-06-08 17:51:15,560 - Step 04378: 245.7687 E_h, exp. variance=0.0096 E_h^2, pmove=0.49
2026-06-08 17:51:15,908 - Step 04379: 245.7929 E_h, exp. variance=0.0095 E_h^2, pmove=0.51
2026-06-08 17:51:16,260 - Step 04380: 245.7228 E_h, exp. variance=0.0086 E_h^2, pmove=0.49
2026-06-08 17:51:16,615 - Step 04381: 245.6977 E_h, exp. variance=0.0077 E_h^2, pmove=0.50
2026-06-08 17:51:16,966 - Step 04382: 245.6399 E_h, exp. variance=0.0073 E_h^2, pmove=0.50
2026-06-08 17:51:17,315 - Step 04383: 245.7210 E_h, exp. variance=0.0066 E_h^2, pmove=0.50
2026-06-08 17:51:17,664 - Step 04384: 245.7357 E_h, exp. variance=0.0061 E_h^2, pmove=0.51
2026-06-08 17:51:18,015 - Step 04385: 245.7540 E_h, exp. variance=0.0057 E_h^2, pmove=0.51
2026-06-08 17:51:18,369 - Step 04386: 337.8109 E_h, exp. variance=763.4345 E_h^2, pmove=0.50
2026-06-08 17:51:18,718 - Step 04387: 245.4692 E_h, exp. variance=695.1301 E_h^2, pmove=0.49
2026-06-08 17:51:19,068 - Step 04388: 245.5500 E_h, exp. variance=632.0056 E_h^2, pmove=0.50
2026-06-08 17:51:19,421 - Step 04389: 245.7445 E_h, exp. variance=573.7176 E_h^2, pmove=0.50
2026-06-08 17:51:19,769 - Step 04390: 245.7254 E_h, exp. variance=520.3478 E_h^2, pmove=0.50
2026-06-08 17:51:20,118 - Step 04391: 245.6208 E_h, exp. variance=471.6688 E_h^2, pmove=0.50
2026-06-08 17:51:20,467 - Step 04392: 245.6849 E_h, exp. variance=427.1569 E_h^2, pmove=0.49
2026-06-08 17:51:20,816 - Step 04393: 245.7143 E_h, exp. variance=386.5660 E_h^2, pmove=0.50
2026-06-08 17:51:21,165 - Step 04394: 245.5424 E_h, exp. variance=349.7685 E_h^2, pmove=0.50
2026-06-08 17:51:21,514 - Step 04395: 245.7335 E_h, exp. variance=316.1600 E_h^2, pmove=0.50
2026-06-08 17:51:21,864 - Step 04396: 245.7094 E_h, exp. variance=285.6677 E_h^2, pmove=0.50
2026-06-08 17:51:22,211 - Step 04397: 245.6487 E_h, exp. variance=258.0462 E_h^2, pmove=0.50
2026-06-08 17:51:22,559 - Step 04398: 245.6856 E_h, exp. variance=232.9880 E_h^2, pmove=0.50
2026-06-08 17:51:22,908 - Step 04399: 245.6755 E_h, exp. variance=210.2985 E_h^2, pmove=0.50
2026-06-08 17:51:23,258 - Step 04400: 245.7391 E_h, exp. variance=189.7358 E_h^2, pmove=0.50
2026-06-08 17:51:23,610 - Step 04401: 245.8214 E_h, exp. variance=171.1108 E_h^2, pmove=0.50
2026-06-08 17:51:23,963 - Step 04402: 245.6592 E_h, exp. variance=154.3362 E_h^2, pmove=0.50
2026-06-08 17:51:24,313 - Step 04403: 245.6730 E_h, exp. variance=139.1708 E_h^2, pmove=0.50
2026-06-08 17:51:24,664 - Step 04404: 245.6887 E_h, exp. variance=125.4666 E_h^2, pmove=0.50
2026-06-08 17:51:25,016 - Step 04405: 245.7020 E_h, exp. variance=113.0890 E_h^2, pmove=0.50
2026-06-08 17:51:25,366 - Step 04406: 245.5854 E_h, exp. variance=101.9442 E_h^2, pmove=0.50
2026-06-08 17:51:25,718 - Step 04407: 245.5766 E_h, exp. variance=91.8847 E_h^2, pmove=0.50
2026-06-08 17:51:26,070 - Step 04408: 245.6616 E_h, exp. variance=82.7893 E_h^2, pmove=0.50
2026-06-08 17:51:26,421 - Step 04409: 245.6779 E_h, exp. variance=74.5830 E_h^2, pmove=0.50
2026-06-08 17:51:26,771 - Step 04410: 245.6776 E_h, exp. variance=67.1837 E_h^2, pmove=0.50
2026-06-08 17:51:27,121 - Step 04411: 245.7134 E_h, exp. variance=60.5085 E_h^2, pmove=0.50
2026-06-08 17:51:27,474 - Step 04412: 245.6611 E_h, exp. variance=54.4987 E_h^2, pmove=0.50
2026-06-08 17:51:27,825 - Step 04413: 245.5514 E_h, exp. variance=49.0952 E_h^2, pmove=0.50
2026-06-08 17:51:28,177 - Step 04414: 245.6067 E_h, exp. variance=44.2170 E_h^2, pmove=0.50
2026-06-08 17:51:28,530 - Step 04415: 245.7588 E_h, exp. variance=39.8083 E_h^2, pmove=0.50
2026-06-08 17:51:28,879 - Step 04416: 245.6369 E_h, exp. variance=35.8468 E_h^2, pmove=0.50
2026-06-08 17:51:29,230 - Step 04417: 245.6620 E_h, exp. variance=32.2759 E_h^2, pmove=0.50
2026-06-08 17:51:29,584 - Step 04418: 245.6473 E_h, exp. variance=29.0605 E_h^2, pmove=0.50
2026-06-08 17:51:29,937 - Step 04419: 245.5904 E_h, exp. variance=26.1680 E_h^2, pmove=0.50
2026-06-08 17:51:30,286 - Step 04420: 245.6406 E_h, exp. variance=23.5592 E_h^2, pmove=0.49
2026-06-08 17:51:30,637 - Step 04421: 245.6538 E_h, exp. variance=21.2092 E_h^2, pmove=0.50
2026-06-08 17:51:30,989 - Step 04422: 245.6293 E_h, exp. variance=19.0941 E_h^2, pmove=0.49
2026-06-08 17:51:31,341 - Step 04423: 245.5747 E_h, exp. variance=17.1919 E_h^2, pmove=0.50
2026-06-08 17:51:31,694 - Step 04424: 245.4863 E_h, exp. variance=15.4833 E_h^2, pmove=0.50
2026-06-08 17:51:32,042 - Step 04425: 245.5681 E_h, exp. variance=13.9397 E_h^2, pmove=0.50
2026-06-08 17:51:32,391 - Step 04426: 245.5623 E_h, exp. variance=12.5497 E_h^2, pmove=0.51
2026-06-08 17:51:32,741 - Step 04427: 245.5810 E_h, exp. variance=11.2974 E_h^2, pmove=0.50
2026-06-08 17:51:33,091 - Step 04428: 245.7584 E_h, exp. variance=10.1677 E_h^2, pmove=0.50
2026-06-08 17:51:33,441 - Step 04429: 245.5327 E_h, exp. variance=9.1547 E_h^2, pmove=0.50
2026-06-08 17:51:33,790 - Step 04430: 245.6274 E_h, exp. variance=8.2399 E_h^2, pmove=0.50
2026-06-08 17:51:34,139 - Step 04431: 245.5658 E_h, exp. variance=7.4177 E_h^2, pmove=0.51
2026-06-08 17:51:34,486 - Step 04432: 245.7205 E_h, exp. variance=6.6760 E_h^2, pmove=0.50
2026-06-08 17:51:34,835 - Step 04433: 245.8641 E_h, exp. variance=6.0110 E_h^2, pmove=0.50
2026-06-08 17:51:35,188 - Step 04434: 245.7816 E_h, exp. variance=5.4103 E_h^2, pmove=0.50
2026-06-08 17:51:35,540 - Step 04435: 245.7334 E_h, exp. variance=4.8693 E_h^2, pmove=0.50
2026-06-08 17:51:35,889 - Step 04436: 245.7572 E_h, exp. variance=4.3825 E_h^2, pmove=0.49
2026-06-08 17:51:36,241 - Step 04437: 245.8288 E_h, exp. variance=3.9452 E_h^2, pmove=0.50
2026-06-08 17:51:36,590 - Step 04438: 245.6810 E_h, exp. variance=3.5509 E_h^2, pmove=0.50
2026-06-08 17:51:36,937 - Step 04439: 245.7307 E_h, exp. variance=3.1958 E_h^2, pmove=0.50
2026-06-08 17:51:37,285 - Step 04440: 245.7886 E_h, exp. variance=2.8766 E_h^2, pmove=0.50
2026-06-08 17:51:37,635 - Step 04441: 245.7762 E_h, exp. variance=2.5891 E_h^2, pmove=0.50
2026-06-08 17:51:37,984 - Step 04442: 245.7744 E_h, exp. variance=2.3303 E_h^2, pmove=0.50
2026-06-08 17:51:38,333 - Step 04443: 245.5724 E_h, exp. variance=2.0999 E_h^2, pmove=0.50
2026-06-08 17:51:38,682 - Step 04444: 245.6397 E_h, exp. variance=1.8905 E_h^2, pmove=0.50
2026-06-08 17:51:39,029 - Step 04445: 245.5974 E_h, exp. variance=1.7028 E_h^2, pmove=0.50
2026-06-08 17:51:39,377 - Step 04446: 246.0738 E_h, exp. variance=1.5447 E_h^2, pmove=0.50
2026-06-08 17:51:39,724 - Step 04447: 245.8887 E_h, exp. variance=1.3922 E_h^2, pmove=0.50
2026-06-08 17:51:40,073 - Step 04448: 245.6312 E_h, exp. variance=1.2544 E_h^2, pmove=0.50
2026-06-08 17:51:40,421 - Step 04449: 245.5923 E_h, exp. variance=1.1310 E_h^2, pmove=0.50
2026-06-08 17:51:40,770 - Step 04450: 245.6576 E_h, exp. variance=1.0184 E_h^2, pmove=0.50
2026-06-08 17:51:41,124 - Step 04451: 245.6440 E_h, exp. variance=0.9171 E_h^2, pmove=0.50
2026-06-08 17:51:41,474 - Step 04452: 245.6235 E_h, exp. variance=0.8261 E_h^2, pmove=0.50
2026-06-08 17:51:41,825 - Step 04453: 245.6915 E_h, exp. variance=0.7435 E_h^2, pmove=0.51
2026-06-08 17:51:42,173 - Step 04454: 245.6008 E_h, exp. variance=0.6701 E_h^2, pmove=0.50
2026-06-08 17:51:42,520 - Step 04455: 245.5445 E_h, exp. variance=0.6051 E_h^2, pmove=0.49
2026-06-08 17:51:42,868 - Step 04456: 245.5395 E_h, exp. variance=0.5463 E_h^2, pmove=0.50
2026-06-08 17:51:43,217 - Step 04457: 245.6356 E_h, exp. variance=0.4918 E_h^2, pmove=0.50
2026-06-08 17:51:43,565 - Step 04458: 245.6578 E_h, exp. variance=0.4426 E_h^2, pmove=0.50
2026-06-08 17:51:43,912 - Step 04459: 245.6656 E_h, exp. variance=0.3983 E_h^2, pmove=0.50
2026-06-08 17:51:44,261 - Step 04460: 245.7052 E_h, exp. variance=0.3587 E_h^2, pmove=0.50
2026-06-08 17:51:44,611 - Step 04461: 245.7805 E_h, exp. variance=0.3240 E_h^2, pmove=0.51
2026-06-08 17:51:44,958 - Step 04462: 245.7908 E_h, exp. variance=0.2927 E_h^2, pmove=0.50
2026-06-08 17:51:45,307 - Step 04463: 245.7458 E_h, exp. variance=0.2638 E_h^2, pmove=0.50
2026-06-08 17:51:45,662 - Step 04464: 245.6194 E_h, exp. variance=0.2379 E_h^2, pmove=0.49
2026-06-08 17:51:46,013 - Step 04465: 245.6378 E_h, exp. variance=0.2143 E_h^2, pmove=0.50
2026-06-08 17:51:46,361 - Step 04466: 245.6494 E_h, exp. variance=0.1930 E_h^2, pmove=0.50
2026-06-08 17:51:46,716 - Step 04467: 245.7260 E_h, exp. variance=0.1739 E_h^2, pmove=0.49
2026-06-08 17:51:47,068 - Step 04468: 245.6566 E_h, exp. variance=0.1566 E_h^2, pmove=0.50
2026-06-08 17:51:47,427 - Step 04469: 245.8084 E_h, exp. variance=0.1424 E_h^2, pmove=0.50
2026-06-08 17:51:47,779 - Step 04470: 245.5977 E_h, exp. variance=0.1290 E_h^2, pmove=0.49
2026-06-08 17:51:48,129 - Step 04471: 245.5844 E_h, exp. variance=0.1170 E_h^2, pmove=0.50
2026-06-08 17:51:48,478 - Step 04472: 245.4627 E_h, exp. variance=0.1093 E_h^2, pmove=0.50
2026-06-08 17:51:48,830 - Step 04473: 245.6292 E_h, exp. variance=0.0984 E_h^2, pmove=0.51
2026-06-08 17:51:49,181 - Step 04474: 245.6086 E_h, exp. variance=0.0887 E_h^2, pmove=0.50
2026-06-08 17:51:49,530 - Step 04475: 245.6215 E_h, exp. variance=0.0799 E_h^2, pmove=0.50
2026-06-08 17:51:49,879 - Step 04476: 245.5592 E_h, exp. variance=0.0726 E_h^2, pmove=0.50
2026-06-08 17:51:50,229 - Step 04477: 245.6949 E_h, exp. variance=0.0656 E_h^2, pmove=0.50
2026-06-08 17:51:50,583 - Step 04478: 245.5803 E_h, exp. variance=0.0594 E_h^2, pmove=0.50
2026-06-08 17:51:50,937 - Step 04479: 245.6033 E_h, exp. variance=0.0536 E_h^2, pmove=0.50
2026-06-08 17:51:51,286 - Step 04480: 245.6716 E_h, exp. variance=0.0483 E_h^2, pmove=0.50
2026-06-08 17:51:51,639 - Step 04481: 245.8493 E_h, exp. variance=0.0476 E_h^2, pmove=0.50
2026-06-08 17:51:51,990 - Step 04482: 245.4719 E_h, exp. variance=0.0459 E_h^2, pmove=0.50
2026-06-08 17:51:52,347 - Step 04483: 245.6723 E_h, exp. variance=0.0414 E_h^2, pmove=0.50
2026-06-08 17:51:52,699 - Step 04484: 245.6447 E_h, exp. variance=0.0373 E_h^2, pmove=0.50
2026-06-08 17:51:53,049 - Step 04485: 245.7992 E_h, exp. variance=0.0358 E_h^2, pmove=0.50
2026-06-08 17:51:53,398 - Step 04486: 245.5599 E_h, exp. variance=0.0331 E_h^2, pmove=0.50
2026-06-08 17:51:53,745 - Step 04487: 245.7886 E_h, exp. variance=0.0315 E_h^2, pmove=0.51
2026-06-08 17:51:54,095 - Step 04488: 245.6894 E_h, exp. variance=0.0284 E_h^2, pmove=0.49
2026-06-08 17:51:54,444 - Step 04489: 245.7599 E_h, exp. variance=0.0264 E_h^2, pmove=0.50
2026-06-08 17:51:54,794 - Step 04490: 245.8779 E_h, exp. variance=0.0275 E_h^2, pmove=0.50
2026-06-08 17:51:55,142 - Step 04491: 245.7993 E_h, exp. variance=0.0257 E_h^2, pmove=0.49
2026-06-08 17:51:55,490 - Step 04492: 245.8681 E_h, exp. variance=0.0255 E_h^2, pmove=0.50
2026-06-08 17:51:55,842 - Step 04493: 245.8706 E_h, exp. variance=0.0250 E_h^2, pmove=0.49
2026-06-08 17:51:56,194 - Step 04494: 245.8118 E_h, exp. variance=0.0230 E_h^2, pmove=0.50
2026-06-08 17:51:56,542 - Step 04495: 245.8490 E_h, exp. variance=0.0217 E_h^2, pmove=0.50
2026-06-08 17:51:56,893 - Step 04496: 245.7547 E_h, exp. variance=0.0195 E_h^2, pmove=0.50
2026-06-08 17:51:57,239 - Step 04497: 245.7248 E_h, exp. variance=0.0176 E_h^2, pmove=0.50
2026-06-08 17:51:57,586 - Step 04498: 245.6887 E_h, exp. variance=0.0162 E_h^2, pmove=0.49
2026-06-08 17:51:57,935 - Step 04499: 245.7829 E_h, exp. variance=0.0147 E_h^2, pmove=0.50
2026-06-08 17:51:58,284 - Step 04500: 245.6505 E_h, exp. variance=0.0141 E_h^2, pmove=0.50
2026-06-08 17:51:58,631 - Step 04501: 245.7611 E_h, exp. variance=0.0128 E_h^2, pmove=0.49
2026-06-08 17:51:58,980 - Step 04502: 245.6097 E_h, exp. variance=0.0131 E_h^2, pmove=0.50
2026-06-08 17:51:59,330 - Step 04503: 245.5624 E_h, exp. variance=0.0142 E_h^2, pmove=0.51
2026-06-08 17:51:59,681 - Step 04504: 245.5778 E_h, exp. variance=0.0144 E_h^2, pmove=0.50
2026-06-08 17:52:00,031 - Step 04505: 245.7133 E_h, exp. variance=0.0130 E_h^2, pmove=0.50
2026-06-08 17:52:00,380 - Step 04506: 245.6805 E_h, exp. variance=0.0117 E_h^2, pmove=0.51
2026-06-08 17:52:00,730 - Step 04507: 245.6434 E_h, exp. variance=0.0108 E_h^2, pmove=0.50
2026-06-08 17:52:01,079 - Step 04508: 245.6151 E_h, exp. variance=0.0103 E_h^2, pmove=0.50
2026-06-08 17:52:01,432 - Step 04509: 245.5641 E_h, exp. variance=0.0106 E_h^2, pmove=0.50
2026-06-08 17:52:01,785 - Step 04510: 245.6461 E_h, exp. variance=0.0096 E_h^2, pmove=0.50
2026-06-08 17:52:02,134 - Step 04511: 245.7059 E_h, exp. variance=0.0087 E_h^2, pmove=0.50
2026-06-08 17:52:02,483 - Step 04512: 245.6944 E_h, exp. variance=0.0079 E_h^2, pmove=0.50
2026-06-08 17:52:02,833 - Step 04513: 245.7265 E_h, exp. variance=0.0073 E_h^2, pmove=0.50
2026-06-08 17:52:03,181 - Step 04514: 245.6761 E_h, exp. variance=0.0066 E_h^2, pmove=0.50
2026-06-08 17:52:03,534 - Step 04515: 245.6857 E_h, exp. variance=0.0059 E_h^2, pmove=0.50
2026-06-08 17:52:03,889 - Step 04516: 245.6215 E_h, exp. variance=0.0057 E_h^2, pmove=0.50
2026-06-08 17:52:04,242 - Step 04517: 245.7298 E_h, exp. variance=0.0054 E_h^2, pmove=0.50
2026-06-08 17:52:04,595 - Step 04518: 245.7941 E_h, exp. variance=0.0060 E_h^2, pmove=0.50
2026-06-08 17:52:04,942 - Step 04519: 245.7680 E_h, exp. variance=0.0059 E_h^2, pmove=0.50
2026-06-08 17:52:05,289 - Step 04520: 245.5628 E_h, exp. variance=0.0070 E_h^2, pmove=0.50
2026-06-08 17:52:05,639 - Step 04521: 245.6900 E_h, exp. variance=0.0063 E_h^2, pmove=0.50
2026-06-08 17:52:05,988 - Step 04522: 245.6905 E_h, exp. variance=0.0057 E_h^2, pmove=0.50
2026-06-08 17:52:06,335 - Step 04523: 245.7081 E_h, exp. variance=0.0052 E_h^2, pmove=0.50
2026-06-08 17:52:06,685 - Step 04524: 245.7186 E_h, exp. variance=0.0047 E_h^2, pmove=0.50
2026-06-08 17:52:07,037 - Step 04525: 245.6916 E_h, exp. variance=0.0042 E_h^2, pmove=0.50
2026-06-08 17:52:07,386 - Step 04526: 245.6313 E_h, exp. variance=0.0042 E_h^2, pmove=0.51
2026-06-08 17:52:07,735 - Step 04527: 245.7268 E_h, exp. variance=0.0039 E_h^2, pmove=0.50
2026-06-08 17:52:08,080 - Step 04528: 245.7661 E_h, exp. variance=0.0040 E_h^2, pmove=0.50
2026-06-08 17:52:08,428 - Step 04529: 245.7502 E_h, exp. variance=0.0039 E_h^2, pmove=0.50
2026-06-08 17:52:08,775 - Step 04530: 245.7478 E_h, exp. variance=0.0037 E_h^2, pmove=0.49
2026-06-08 17:52:09,123 - Step 04531: 245.7610 E_h, exp. variance=0.0036 E_h^2, pmove=0.50
2026-06-08 17:52:09,473 - Step 04532: 245.7218 E_h, exp. variance=0.0032 E_h^2, pmove=0.49
2026-06-08 17:52:09,820 - Step 04533: 245.7077 E_h, exp. variance=0.0029 E_h^2, pmove=0.50
2026-06-08 17:52:10,171 - Step 04534: 245.7016 E_h, exp. variance=0.0026 E_h^2, pmove=0.51
2026-06-08 17:52:10,522 - Step 04535: 245.9717 E_h, exp. variance=0.0084 E_h^2, pmove=0.50
2026-06-08 17:52:10,873 - Step 04536: 245.9574 E_h, exp. variance=0.0119 E_h^2, pmove=0.49
2026-06-08 17:52:11,223 - Step 04537: 255.3522 E_h, exp. variance=8.2921 E_h^2, pmove=0.50
2026-06-08 17:52:11,570 - Step 04538: 246.9680 E_h, exp. variance=7.4685 E_h^2, pmove=0.50
2026-06-08 17:52:11,925 - Step 04539: 245.4626 E_h, exp. variance=6.8693 E_h^2, pmove=0.51
2026-06-08 17:52:12,274 - Step 04540: 245.5594 E_h, exp. variance=6.2828 E_h^2, pmove=0.50
2026-06-08 17:52:12,621 - Step 04541: 245.6456 E_h, exp. variance=5.7218 E_h^2, pmove=0.51
2026-06-08 17:52:12,969 - Step 04542: 245.6833 E_h, exp. variance=5.1990 E_h^2, pmove=0.50
2026-06-08 17:52:13,318 - Step 04543: 245.7838 E_h, exp. variance=4.7079 E_h^2, pmove=0.49
2026-06-08 17:52:13,669 - Step 04544: 245.7259 E_h, exp. variance=4.2660 E_h^2, pmove=0.50
2026-06-08 17:52:14,018 - Step 04545: 245.6967 E_h, exp. variance=3.8657 E_h^2, pmove=0.50
2026-06-08 17:52:14,369 - Step 04546: 245.7121 E_h, exp. variance=3.4990 E_h^2, pmove=0.50
2026-06-08 17:52:14,720 - Step 04547: 245.6652 E_h, exp. variance=3.1690 E_h^2, pmove=0.51
2026-06-08 17:52:15,071 - Step 04548: 245.7096 E_h, exp. variance=2.8650 E_h^2, pmove=0.50
2026-06-08 17:52:15,422 - Step 04549: 245.7649 E_h, exp. variance=2.5858 E_h^2, pmove=0.50
2026-06-08 17:52:15,770 - Step 04550: 245.6926 E_h, exp. variance=2.3370 E_h^2, pmove=0.51
2026-06-08 17:52:16,120 - Step 04551: 245.7497 E_h, exp. variance=2.1085 E_h^2, pmove=0.49
2026-06-08 17:52:16,470 - Step 04552: 245.7093 E_h, exp. variance=1.9035 E_h^2, pmove=0.50
2026-06-08 17:52:16,818 - Step 04553: 245.7640 E_h, exp. variance=1.7159 E_h^2, pmove=0.50
2026-06-08 17:52:17,168 - Step 04554: 245.7545 E_h, exp. variance=1.5469 E_h^2, pmove=0.50
2026-06-08 17:52:17,516 - Step 04555: 245.6586 E_h, exp. variance=1.3976 E_h^2, pmove=0.50
2026-06-08 17:52:17,869 - Step 04556: 245.7601 E_h, exp. variance=1.2592 E_h^2, pmove=0.50
2026-06-08 17:52:18,220 - Step 04557: 245.6308 E_h, exp. variance=1.1383 E_h^2, pmove=0.50
2026-06-08 17:52:18,569 - Step 04558: 245.7786 E_h, exp. variance=1.0249 E_h^2, pmove=0.50
2026-06-08 17:52:18,920 - Step 04559: 245.8142 E_h, exp. variance=0.9225 E_h^2, pmove=0.50
2026-06-08 17:52:19,271 - Step 04560: 245.7134 E_h, exp. variance=0.8316 E_h^2, pmove=0.50
2026-06-08 17:52:19,622 - Step 04561: 245.6915 E_h, exp. variance=0.7500 E_h^2, pmove=0.50
2026-06-08 17:52:19,975 - Step 04562: 245.7362 E_h, exp. variance=0.6755 E_h^2, pmove=0.50
2026-06-08 17:52:20,326 - Step 04563: 245.8919 E_h, exp. variance=0.6086 E_h^2, pmove=0.50
2026-06-08 17:52:20,673 - Step 04564: 245.7434 E_h, exp. variance=0.5482 E_h^2, pmove=0.50
2026-06-08 17:52:21,023 - Step 04565: 245.6985 E_h, exp. variance=0.4944 E_h^2, pmove=0.50
2026-06-08 17:52:21,373 - Step 04566: 245.6599 E_h, exp. variance=0.4466 E_h^2, pmove=0.49
2026-06-08 17:52:21,721 - Step 04567: 245.7562 E_h, exp. variance=0.4020 E_h^2, pmove=0.50
2026-06-08 17:52:22,070 - Step 04568: 245.8474 E_h, exp. variance=0.3622 E_h^2, pmove=0.50
2026-06-08 17:52:22,419 - Step 04569: 245.8363 E_h, exp. variance=0.3262 E_h^2, pmove=0.50
2026-06-08 17:52:22,769 - Step 04570: 245.5992 E_h, exp. variance=0.2969 E_h^2, pmove=0.50
2026-06-08 17:52:23,123 - Step 04571: 245.7212 E_h, exp. variance=0.2674 E_h^2, pmove=0.50
2026-06-08 17:52:23,471 - Step 04572: 245.6906 E_h, exp. variance=0.2412 E_h^2, pmove=0.50
2026-06-08 17:52:23,819 - Step 04573: 245.6929 E_h, exp. variance=0.2175 E_h^2, pmove=0.51
2026-06-08 17:52:24,168 - Step 04574: 245.7054 E_h, exp. variance=0.1959 E_h^2, pmove=0.49
2026-06-08 17:52:24,516 - Step 04575: 245.8250 E_h, exp. variance=0.1769 E_h^2, pmove=0.50
2026-06-08 17:52:24,864 - Step 04576: 245.7227 E_h, exp. variance=0.1593 E_h^2, pmove=0.50
2026-06-08 17:52:25,214 - Step 04577: 245.6205 E_h, exp. variance=0.1449 E_h^2, pmove=0.49
2026-06-08 17:52:25,562 - Step 04578: 245.6212 E_h, exp. variance=0.1317 E_h^2, pmove=0.50
2026-06-08 17:52:25,913 - Step 04579: 245.7244 E_h, exp. variance=0.1185 E_h^2, pmove=0.50
2026-06-08 17:52:26,265 - Step 04580: 245.6012 E_h, exp. variance=0.1081 E_h^2, pmove=0.50
2026-06-08 17:52:26,618 - Step 04581: 245.7661 E_h, exp. variance=0.0975 E_h^2, pmove=0.50
2026-06-08 17:52:26,970 - Step 04582: 245.7375 E_h, exp. variance=0.0878 E_h^2, pmove=0.50
2026-06-08 17:52:27,321 - Step 04583: 245.6307 E_h, exp. variance=0.0797 E_h^2, pmove=0.49
2026-06-08 17:52:27,674 - Step 04584: 245.8004 E_h, exp. variance=0.0725 E_h^2, pmove=0.50
2026-06-08 17:52:28,026 - Step 04585: 245.6761 E_h, exp. variance=0.0654 E_h^2, pmove=0.49
2026-06-08 17:52:28,376 - Step 04586: 245.6419 E_h, exp. variance=0.0594 E_h^2, pmove=0.50
2026-06-08 17:52:28,729 - Step 04587: 245.6526 E_h, exp. variance=0.0537 E_h^2, pmove=0.50
2026-06-08 17:52:29,077 - Step 04588: 245.7465 E_h, exp. variance=0.0485 E_h^2, pmove=0.50
2026-06-08 17:52:29,427 - Step 04589: 245.6781 E_h, exp. variance=0.0437 E_h^2, pmove=0.50
2026-06-08 17:52:29,777 - Step 04590: 245.6158 E_h, exp. variance=0.0401 E_h^2, pmove=0.51
2026-06-08 17:52:30,128 - Step 04591: 245.6490 E_h, exp. variance=0.0363 E_h^2, pmove=0.50
2026-06-08 17:52:30,478 - Step 04592: 245.6384 E_h, exp. variance=0.0329 E_h^2, pmove=0.50
2026-06-08 17:52:30,828 - Step 04593: 245.6202 E_h, exp. variance=0.0300 E_h^2, pmove=0.50
2026-06-08 17:52:31,179 - Step 04594: 245.5926 E_h, exp. variance=0.0277 E_h^2, pmove=0.50
2026-06-08 17:52:31,531 - Step 04595: 245.6754 E_h, exp. variance=0.0249 E_h^2, pmove=0.50
2026-06-08 17:52:31,883 - Step 04596: 245.6742 E_h, exp. variance=0.0224 E_h^2, pmove=0.50
2026-06-08 17:52:32,235 - Step 04597: 245.6169 E_h, exp. variance=0.0204 E_h^2, pmove=0.50
2026-06-08 17:52:32,590 - Step 04598: 245.6535 E_h, exp. variance=0.0184 E_h^2, pmove=0.51
2026-06-08 17:52:32,940 - Step 04599: 245.6911 E_h, exp. variance=0.0166 E_h^2, pmove=0.50
2026-06-08 17:52:33,290 - Step 04600: 245.6174 E_h, exp. variance=0.0152 E_h^2, pmove=0.50
2026-06-08 17:52:33,660 - Step 04601: 245.7068 E_h, exp. variance=0.0138 E_h^2, pmove=0.50
2026-06-08 17:52:34,009 - Step 04602: 245.7234 E_h, exp. variance=0.0128 E_h^2, pmove=0.50
2026-06-08 17:52:34,356 - Step 04603: 245.6033 E_h, exp. variance=0.0119 E_h^2, pmove=0.50
2026-06-08 17:52:34,703 - Step 04604: 245.5948 E_h, exp. variance=0.0112 E_h^2, pmove=0.50
2026-06-08 17:52:35,053 - Step 04605: 245.6097 E_h, exp. variance=0.0103 E_h^2, pmove=0.50
2026-06-08 17:52:35,401 - Step 04606: 245.6616 E_h, exp. variance=0.0092 E_h^2, pmove=0.49
2026-06-08 17:52:35,748 - Step 04607: 245.7697 E_h, exp. variance=0.0095 E_h^2, pmove=0.49
2026-06-08 17:52:36,098 - Step 04608: 245.6556 E_h, exp. variance=0.0086 E_h^2, pmove=0.50
2026-06-08 17:52:36,448 - Step 04609: 245.6813 E_h, exp. variance=0.0077 E_h^2, pmove=0.50
2026-06-08 17:52:36,794 - Step 04610: 245.5834 E_h, exp. variance=0.0076 E_h^2, pmove=0.50
2026-06-08 17:52:37,140 - Step 04611: 245.5808 E_h, exp. variance=0.0074 E_h^2, pmove=0.50
2026-06-08 17:52:37,488 - Step 04612: 245.6543 E_h, exp. variance=0.0066 E_h^2, pmove=0.50
2026-06-08 17:52:37,838 - Step 04613: 245.6105 E_h, exp. variance=0.0061 E_h^2, pmove=0.49
2026-06-08 17:52:38,188 - Step 04614: 245.6216 E_h, exp. variance=0.0056 E_h^2, pmove=0.50
2026-06-08 17:52:38,539 - Step 04615: 245.6264 E_h, exp. variance=0.0050 E_h^2, pmove=0.50
2026-06-08 17:52:38,889 - Step 04616: 245.5473 E_h, exp. variance=0.0053 E_h^2, pmove=0.49
2026-06-08 17:52:39,239 - Step 04617: 245.6084 E_h, exp. variance=0.0049 E_h^2, pmove=0.50
2026-06-08 17:52:39,589 - Step 04618: 245.5662 E_h, exp. variance=0.0048 E_h^2, pmove=0.50
2026-06-08 17:52:39,942 - Step 04619: 245.6318 E_h, exp. variance=0.0043 E_h^2, pmove=0.49
2026-06-08 17:52:40,292 - Step 04620: 245.5954 E_h, exp. variance=0.0039 E_h^2, pmove=0.50
2026-06-08 17:52:40,641 - Step 04621: 245.4683 E_h, exp. variance=0.0057 E_h^2, pmove=0.49
2026-06-08 17:52:40,992 - Step 04622: 245.5716 E_h, exp. variance=0.0052 E_h^2, pmove=0.50
2026-06-08 17:52:41,341 - Step 04623: 245.6841 E_h, exp. variance=0.0053 E_h^2, pmove=0.50
2026-06-08 17:52:41,691 - Step 04624: 245.6787 E_h, exp. variance=0.0052 E_h^2, pmove=0.50
2026-06-08 17:52:42,039 - Step 04625: 245.6213 E_h, exp. variance=0.0046 E_h^2, pmove=0.50
2026-06-08 17:52:42,387 - Step 04626: 245.6385 E_h, exp. variance=0.0042 E_h^2, pmove=0.50
2026-06-08 17:52:42,736 - Step 04627: 245.5851 E_h, exp. variance=0.0039 E_h^2, pmove=0.50
2026-06-08 17:52:43,086 - Step 04628: 245.5787 E_h, exp. variance=0.0036 E_h^2, pmove=0.50
2026-06-08 17:52:43,434 - Step 04629: 245.5889 E_h, exp. variance=0.0033 E_h^2, pmove=0.50
2026-06-08 17:52:43,782 - Step 04630: 245.7029 E_h, exp. variance=0.0038 E_h^2, pmove=0.50
2026-06-08 17:52:44,132 - Step 04631: 245.6822 E_h, exp. variance=0.0037 E_h^2, pmove=0.50
2026-06-08 17:52:44,480 - Step 04632: 245.6694 E_h, exp. variance=0.0035 E_h^2, pmove=0.50
2026-06-08 17:52:44,828 - Step 04633: 245.6390 E_h, exp. variance=0.0032 E_h^2, pmove=0.50
2026-06-08 17:52:45,178 - Step 04634: 245.6770 E_h, exp. variance=0.0031 E_h^2, pmove=0.49
2026-06-08 17:52:45,529 - Step 04635: 245.7009 E_h, exp. variance=0.0031 E_h^2, pmove=0.50
2026-06-08 17:52:45,878 - Step 04636: 245.7734 E_h, exp. variance=0.0044 E_h^2, pmove=0.50
2026-06-08 17:52:46,229 - Step 04637: 245.6864 E_h, exp. variance=0.0040 E_h^2, pmove=0.50
2026-06-08 17:52:46,581 - Step 04638: 245.7262 E_h, exp. variance=0.0040 E_h^2, pmove=0.50
2026-06-08 17:52:46,931 - Step 04639: 245.7135 E_h, exp. variance=0.0038 E_h^2, pmove=0.49
2026-06-08 17:52:47,279 - Step 04640: 245.6483 E_h, exp. variance=0.0035 E_h^2, pmove=0.50
2026-06-08 17:52:47,629 - Step 04641: 245.7567 E_h, exp. variance=0.0039 E_h^2, pmove=0.50
2026-06-08 17:52:47,980 - Step 04642: 245.7051 E_h, exp. variance=0.0035 E_h^2, pmove=0.50
2026-06-08 17:52:48,329 - Step 04643: 245.7258 E_h, exp. variance=0.0034 E_h^2, pmove=0.50
2026-06-08 17:52:48,678 - Step 04644: 245.6601 E_h, exp. variance=0.0031 E_h^2, pmove=0.49
2026-06-08 17:52:49,026 - Step 04645: 245.7119 E_h, exp. variance=0.0029 E_h^2, pmove=0.51
2026-06-08 17:52:49,373 - Step 04646: 245.7959 E_h, exp. variance=0.0037 E_h^2, pmove=0.50
2026-06-08 17:52:49,722 - Step 04647: 245.7717 E_h, exp. variance=0.0038 E_h^2, pmove=0.49
2026-06-08 17:52:50,075 - Step 04648: 245.8887 E_h, exp. variance=0.0065 E_h^2, pmove=0.50
2026-06-08 17:52:50,425 - Step 04649: 245.7437 E_h, exp. variance=0.0059 E_h^2, pmove=0.50
2026-06-08 17:52:50,772 - Step 04650: 245.7222 E_h, exp. variance=0.0053 E_h^2, pmove=0.50
2026-06-08 17:52:51,122 - Step 04651: 245.6226 E_h, exp. variance=0.0057 E_h^2, pmove=0.49
2026-06-08 17:52:51,475 - Step 04652: 245.7892 E_h, exp. variance=0.0057 E_h^2, pmove=0.50
2026-06-08 17:52:51,823 - Step 04653: 245.6537 E_h, exp. variance=0.0055 E_h^2, pmove=0.49
2026-06-08 17:52:52,172 - Step 04654: 245.6548 E_h, exp. variance=0.0053 E_h^2, pmove=0.50
2026-06-08 17:52:52,519 - Step 04655: 245.6198 E_h, exp. variance=0.0055 E_h^2, pmove=0.50
2026-06-08 17:52:52,867 - Step 04656: 245.6342 E_h, exp. variance=0.0053 E_h^2, pmove=0.49
2026-06-08 17:52:53,214 - Step 04657: 245.7265 E_h, exp. variance=0.0049 E_h^2, pmove=0.50
2026-06-08 17:52:53,565 - Step 04658: 245.6876 E_h, exp. variance=0.0044 E_h^2, pmove=0.49
2026-06-08 17:52:53,915 - Step 04659: 245.7844 E_h, exp. variance=0.0047 E_h^2, pmove=0.50
2026-06-08 17:52:54,263 - Step 04660: 245.5252 E_h, exp. variance=0.0071 E_h^2, pmove=0.50
2026-06-08 17:52:54,609 - Step 04661: 245.5822 E_h, exp. variance=0.0074 E_h^2, pmove=0.50
2026-06-08 17:52:54,957 - Step 04662: 245.6106 E_h, exp. variance=0.0070 E_h^2, pmove=0.50
2026-06-08 17:52:55,304 - Step 04663: 245.6519 E_h, exp. variance=0.0063 E_h^2, pmove=0.50
2026-06-08 17:52:55,653 - Step 04664: 245.8144 E_h, exp. variance=0.0076 E_h^2, pmove=0.51
2026-06-08 17:52:56,003 - Step 04665: 245.6530 E_h, exp. variance=0.0070 E_h^2, pmove=0.50
2026-06-08 17:52:56,355 - Step 04666: 245.6456 E_h, exp. variance=0.0064 E_h^2, pmove=0.50
2026-06-08 17:52:56,701 - Step 04667: 245.5607 E_h, exp. variance=0.0069 E_h^2, pmove=0.50
2026-06-08 17:52:57,048 - Step 04668: 245.6438 E_h, exp. variance=0.0063 E_h^2, pmove=0.50
2026-06-08 17:52:57,397 - Step 04669: 245.7408 E_h, exp. variance=0.0062 E_h^2, pmove=0.50
2026-06-08 17:52:57,745 - Step 04670: 245.6900 E_h, exp. variance=0.0056 E_h^2, pmove=0.49
2026-06-08 17:52:58,097 - Step 04671: 245.7538 E_h, exp. variance=0.0056 E_h^2, pmove=0.50
2026-06-08 17:52:58,445 - Step 04672: 245.6905 E_h, exp. variance=0.0051 E_h^2, pmove=0.50
2026-06-08 17:52:58,794 - Step 04673: 245.7385 E_h, exp. variance=0.0049 E_h^2, pmove=0.50
2026-06-08 17:52:59,142 - Step 04674: 245.8015 E_h, exp. variance=0.0056 E_h^2, pmove=0.50
2026-06-08 17:52:59,491 - Step 04675: 245.7502 E_h, exp. variance=0.0052 E_h^2, pmove=0.50
2026-06-08 17:52:59,839 - Step 04676: 245.7207 E_h, exp. variance=0.0047 E_h^2, pmove=0.50
2026-06-08 17:53:00,188 - Step 04677: 245.6251 E_h, exp. variance=0.0049 E_h^2, pmove=0.50
2026-06-08 17:53:00,539 - Step 04678: 245.7420 E_h, exp. variance=0.0045 E_h^2, pmove=0.49
2026-06-08 17:53:00,889 - Step 04679: 245.6387 E_h, exp. variance=0.0045 E_h^2, pmove=0.50
2026-06-08 17:53:01,240 - Step 04680: 245.5583 E_h, exp. variance=0.0057 E_h^2, pmove=0.50
2026-06-08 17:53:01,589 - Step 04681: 245.6249 E_h, exp. variance=0.0054 E_h^2, pmove=0.50
2026-06-08 17:53:01,940 - Step 04682: 245.5981 E_h, exp. variance=0.0054 E_h^2, pmove=0.49
2026-06-08 17:53:02,290 - Step 04683: 245.6863 E_h, exp. variance=0.0049 E_h^2, pmove=0.50
2026-06-08 17:53:02,637 - Step 04684: 245.6464 E_h, exp. variance=0.0045 E_h^2, pmove=0.50
2026-06-08 17:53:02,987 - Step 04685: 245.6501 E_h, exp. variance=0.0041 E_h^2, pmove=0.50
2026-06-08 17:53:03,335 - Step 04686: 245.6147 E_h, exp. variance=0.0039 E_h^2, pmove=0.50
2026-06-08 17:53:03,685 - Step 04687: 245.5988 E_h, exp. variance=0.0038 E_h^2, pmove=0.50
2026-06-08 17:53:04,032 - Step 04688: 245.6693 E_h, exp. variance=0.0035 E_h^2, pmove=0.50
2026-06-08 17:53:04,382 - Step 04689: 245.5300 E_h, exp. variance=0.0046 E_h^2, pmove=0.50
2026-06-08 17:53:04,732 - Step 04690: 245.5636 E_h, exp. variance=0.0047 E_h^2, pmove=0.51
2026-06-08 17:53:05,081 - Step 04691: 245.6502 E_h, exp. variance=0.0042 E_h^2, pmove=0.50
2026-06-08 17:53:05,430 - Step 04692: 245.7476 E_h, exp. variance=0.0049 E_h^2, pmove=0.50
2026-06-08 17:53:05,782 - Step 04693: 245.9241 E_h, exp. variance=0.0113 E_h^2, pmove=0.50
2026-06-08 17:53:06,132 - Step 04694: 245.6187 E_h, exp. variance=0.0104 E_h^2, pmove=0.50
2026-06-08 17:53:06,481 - Step 04695: 245.6219 E_h, exp. variance=0.0096 E_h^2, pmove=0.50
2026-06-08 17:53:06,829 - Step 04696: 245.6337 E_h, exp. variance=0.0087 E_h^2, pmove=0.50
2026-06-08 17:53:07,177 - Step 04697: 245.6691 E_h, exp. variance=0.0079 E_h^2, pmove=0.50
2026-06-08 17:53:07,523 - Step 04698: 245.6655 E_h, exp. variance=0.0071 E_h^2, pmove=0.50
2026-06-08 17:53:07,872 - Step 04699: 245.6886 E_h, exp. variance=0.0064 E_h^2, pmove=0.49
2026-06-08 17:53:08,219 - Step 04700: 245.6472 E_h, exp. variance=0.0058 E_h^2, pmove=0.51
2026-06-08 17:53:08,569 - Step 04701: 245.7919 E_h, exp. variance=0.0067 E_h^2, pmove=0.50
2026-06-08 17:53:08,915 - Step 04702: 245.6905 E_h, exp. variance=0.0061 E_h^2, pmove=0.50
2026-06-08 17:53:09,264 - Step 04703: 245.7821 E_h, exp. variance=0.0064 E_h^2, pmove=0.50
2026-06-08 17:53:09,612 - Step 04704: 245.6816 E_h, exp. variance=0.0058 E_h^2, pmove=0.50
2026-06-08 17:53:09,959 - Step 04705: 245.5361 E_h, exp. variance=0.0073 E_h^2, pmove=0.49
2026-06-08 17:53:10,307 - Step 04706: 245.5444 E_h, exp. variance=0.0080 E_h^2, pmove=0.50
2026-06-08 17:53:10,653 - Step 04707: 245.6554 E_h, exp. variance=0.0072 E_h^2, pmove=0.50
2026-06-08 17:53:11,001 - Step 04708: 245.6062 E_h, exp. variance=0.0068 E_h^2, pmove=0.50
2026-06-08 17:53:11,351 - Step 04709: 245.5137 E_h, exp. variance=0.0079 E_h^2, pmove=0.51
2026-06-08 17:53:11,700 - Step 04710: 245.6684 E_h, exp. variance=0.0071 E_h^2, pmove=0.50
2026-06-08 17:53:12,049 - Step 04711: 245.5465 E_h, exp. variance=0.0073 E_h^2, pmove=0.50
2026-06-08 17:53:12,399 - Step 04712: 245.5042 E_h, exp. variance=0.0080 E_h^2, pmove=0.50
2026-06-08 17:53:12,748 - Step 04713: 245.5988 E_h, exp. variance=0.0073 E_h^2, pmove=0.50
2026-06-08 17:53:13,095 - Step 04714: 245.6584 E_h, exp. variance=0.0067 E_h^2, pmove=0.50
2026-06-08 17:53:13,446 - Step 04715: 245.7148 E_h, exp. variance=0.0068 E_h^2, pmove=0.50
2026-06-08 17:53:13,793 - Step 04716: 245.5965 E_h, exp. variance=0.0062 E_h^2, pmove=0.50
2026-06-08 17:53:14,139 - Step 04717: 245.6331 E_h, exp. variance=0.0056 E_h^2, pmove=0.50
2026-06-08 17:53:14,488 - Step 04718: 245.5380 E_h, exp. variance=0.0058 E_h^2, pmove=0.50
2026-06-08 17:53:14,835 - Step 04719: 245.6741 E_h, exp. variance=0.0055 E_h^2, pmove=0.50
2026-06-08 17:53:15,185 - Step 04720: 245.5928 E_h, exp. variance=0.0050 E_h^2, pmove=0.50
2026-06-08 17:53:15,534 - Step 04721: 245.7062 E_h, exp. variance=0.0052 E_h^2, pmove=0.50
2026-06-08 17:53:15,889 - Step 04722: 245.6842 E_h, exp. variance=0.0049 E_h^2, pmove=0.50
2026-06-08 17:53:16,238 - Step 04723: 245.6709 E_h, exp. variance=0.0045 E_h^2, pmove=0.50
2026-06-08 17:53:16,589 - Step 04724: 245.7290 E_h, exp. variance=0.0048 E_h^2, pmove=0.49
2026-06-08 17:53:16,940 - Step 04725: 245.6507 E_h, exp. variance=0.0043 E_h^2, pmove=0.50
2026-06-08 17:53:17,287 - Step 04726: 245.5298 E_h, exp. variance=0.0052 E_h^2, pmove=0.50
2026-06-08 17:53:17,635 - Step 04727: 245.6046 E_h, exp. variance=0.0047 E_h^2, pmove=0.50
2026-06-08 17:53:17,981 - Step 04728: 245.6901 E_h, exp. variance=0.0045 E_h^2, pmove=0.51
2026-06-08 17:53:18,328 - Step 04729: 245.7473 E_h, exp. variance=0.0052 E_h^2, pmove=0.50
2026-06-08 17:53:18,677 - Step 04730: 245.6131 E_h, exp. variance=0.0048 E_h^2, pmove=0.51
2026-06-08 17:53:19,032 - Step 04731: 245.5408 E_h, exp. variance=0.0053 E_h^2, pmove=0.50
2026-06-08 17:53:19,381 - Step 04732: 245.6160 E_h, exp. variance=0.0048 E_h^2, pmove=0.50
2026-06-08 17:53:19,729 - Step 04733: 245.6805 E_h, exp. variance=0.0045 E_h^2, pmove=0.51
2026-06-08 17:53:20,102 - Step 04734: 245.5472 E_h, exp. variance=0.0048 E_h^2, pmove=0.50
2026-06-08 17:53:20,454 - Step 04735: 245.5930 E_h, exp. variance=0.0044 E_h^2, pmove=0.50
2026-06-08 17:53:20,802 - Step 04736: 245.5836 E_h, exp. variance=0.0042 E_h^2, pmove=0.49
2026-06-08 17:53:21,150 - Step 04737: 245.6273 E_h, exp. variance=0.0037 E_h^2, pmove=0.49
2026-06-08 17:53:21,497 - Step 04738: 245.6161 E_h, exp. variance=0.0034 E_h^2, pmove=0.50
2026-06-08 17:53:21,847 - Step 04739: 245.7015 E_h, exp. variance=0.0036 E_h^2, pmove=0.50
2026-06-08 17:53:22,196 - Step 04740: 245.6094 E_h, exp. variance=0.0033 E_h^2, pmove=0.50
2026-06-08 17:53:22,549 - Step 04741: 245.6087 E_h, exp. variance=0.0030 E_h^2, pmove=0.50
2026-06-08 17:53:22,900 - Step 04742: 245.5069 E_h, exp. variance=0.0040 E_h^2, pmove=0.50
2026-06-08 17:53:23,251 - Step 04743: 245.6145 E_h, exp. variance=0.0036 E_h^2, pmove=0.50
2026-06-08 17:53:23,603 - Step 04744: 245.5420 E_h, exp. variance=0.0037 E_h^2, pmove=0.49
2026-06-08 17:53:23,953 - Step 04745: 245.6882 E_h, exp. variance=0.0039 E_h^2, pmove=0.50
2026-06-08 17:53:24,304 - Step 04746: 245.6300 E_h, exp. variance=0.0035 E_h^2, pmove=0.50
2026-06-08 17:53:24,656 - Step 04747: 245.6605 E_h, exp. variance=0.0034 E_h^2, pmove=0.50
2026-06-08 17:53:25,007 - Step 04748: 245.6544 E_h, exp. variance=0.0031 E_h^2, pmove=0.50
2026-06-08 17:53:25,357 - Step 04749: 245.5545 E_h, exp. variance=0.0032 E_h^2, pmove=0.49
2026-06-08 17:53:25,705 - Step 04750: 245.5837 E_h, exp. variance=0.0030 E_h^2, pmove=0.50
2026-06-08 17:53:26,055 - Step 04751: 245.6044 E_h, exp. variance=0.0027 E_h^2, pmove=0.50
2026-06-08 17:53:26,408 - Step 04752: 245.6285 E_h, exp. variance=0.0025 E_h^2, pmove=0.50
2026-06-08 17:53:26,758 - Step 04753: 245.6609 E_h, exp. variance=0.0024 E_h^2, pmove=0.49
2026-06-08 17:53:27,108 - Step 04754: 245.7545 E_h, exp. variance=0.0038 E_h^2, pmove=0.50
2026-06-08 17:53:27,458 - Step 04755: 245.6544 E_h, exp. variance=0.0035 E_h^2, pmove=0.50
2026-06-08 17:53:27,807 - Step 04756: 245.6824 E_h, exp. variance=0.0033 E_h^2, pmove=0.49
2026-06-08 17:53:28,158 - Step 04757: 245.6545 E_h, exp. variance=0.0030 E_h^2, pmove=0.50
2026-06-08 17:53:28,507 - Step 04758: 245.6643 E_h, exp. variance=0.0028 E_h^2, pmove=0.49
2026-06-08 17:53:28,859 - Step 04759: 245.6281 E_h, exp. variance=0.0025 E_h^2, pmove=0.50
2026-06-08 17:53:29,210 - Step 04760: 245.9687 E_h, exp. variance=0.0119 E_h^2, pmove=0.50
2026-06-08 17:53:29,561 - Step 04761: 245.5950 E_h, exp. variance=0.0113 E_h^2, pmove=0.50
2026-06-08 17:53:29,913 - Step 04762: 245.6940 E_h, exp. variance=0.0102 E_h^2, pmove=0.49
2026-06-08 17:53:30,266 - Step 04763: 245.6326 E_h, exp. variance=0.0093 E_h^2, pmove=0.50
2026-06-08 17:53:30,617 - Step 04764: 245.6421 E_h, exp. variance=0.0084 E_h^2, pmove=0.50
2026-06-08 17:53:30,969 - Step 04765: 245.6181 E_h, exp. variance=0.0078 E_h^2, pmove=0.50
2026-06-08 17:53:31,339 - Step 04766: 245.5791 E_h, exp. variance=0.0076 E_h^2, pmove=0.50
2026-06-08 17:53:31,688 - Step 04767: 245.6234 E_h, exp. variance=0.0069 E_h^2, pmove=0.50
2026-06-08 17:53:32,039 - Step 04768: 245.5927 E_h, exp. variance=0.0065 E_h^2, pmove=0.50
2026-06-08 17:53:32,391 - Step 04769: 245.5317 E_h, exp. variance=0.0069 E_h^2, pmove=0.50
2026-06-08 17:53:32,744 - Step 04770: 245.5969 E_h, exp. variance=0.0063 E_h^2, pmove=0.50
2026-06-08 17:53:33,101 - Step 04771: 245.5544 E_h, exp. variance=0.0062 E_h^2, pmove=0.50
2026-06-08 17:53:33,452 - Step 04772: 245.4819 E_h, exp. variance=0.0073 E_h^2, pmove=0.50
2026-06-08 17:53:33,801 - Step 04773: 245.4837 E_h, exp. variance=0.0079 E_h^2, pmove=0.50
2026-06-08 17:53:34,149 - Step 04774: 245.5889 E_h, exp. variance=0.0071 E_h^2, pmove=0.50
2026-06-08 17:53:34,500 - Step 04775: 245.5356 E_h, exp. variance=0.0067 E_h^2, pmove=0.50
2026-06-08 17:53:34,854 - Step 04776: 245.5966 E_h, exp. variance=0.0061 E_h^2, pmove=0.50
2026-06-08 17:53:35,210 - Step 04777: 245.6129 E_h, exp. variance=0.0055 E_h^2, pmove=0.50
2026-06-08 17:53:35,561 - Step 04778: 245.6787 E_h, exp. variance=0.0056 E_h^2, pmove=0.50
2026-06-08 17:53:35,915 - Step 04779: 245.5854 E_h, exp. variance=0.0051 E_h^2, pmove=0.50
2026-06-08 17:53:36,266 - Step 04780: 245.6992 E_h, exp. variance=0.0055 E_h^2, pmove=0.51
2026-06-08 17:53:36,634 - Step 04781: 245.5542 E_h, exp. variance=0.0052 E_h^2, pmove=0.50
2026-06-08 17:53:37,002 - Step 04782: 245.5602 E_h, exp. variance=0.0049 E_h^2, pmove=0.49
2026-06-08 17:53:37,353 - Step 04783: 245.5574 E_h, exp. variance=0.0045 E_h^2, pmove=0.50
2026-06-08 17:53:37,704 - Step 04784: 245.6848 E_h, exp. variance=0.0048 E_h^2, pmove=0.50
2026-06-08 17:53:38,054 - Step 04785: 245.5964 E_h, exp. variance=0.0043 E_h^2, pmove=0.50
2026-06-08 17:53:38,407 - Step 04786: 245.5933 E_h, exp. variance=0.0039 E_h^2, pmove=0.51
2026-06-08 17:53:38,763 - Step 04787: 245.6256 E_h, exp. variance=0.0036 E_h^2, pmove=0.51
2026-06-08 17:53:39,113 - Step 04788: 245.5302 E_h, exp. variance=0.0037 E_h^2, pmove=0.50
2026-06-08 17:53:39,461 - Step 04789: 245.5886 E_h, exp. variance=0.0033 E_h^2, pmove=0.50
2026-06-08 17:53:39,809 - Step 04790: 245.6701 E_h, exp. variance=0.0035 E_h^2, pmove=0.50
2026-06-08 17:53:40,159 - Step 04791: 245.6143 E_h, exp. variance=0.0032 E_h^2, pmove=0.49
2026-06-08 17:53:40,510 - Step 04792: 245.6226 E_h, exp. variance=0.0029 E_h^2, pmove=0.51
2026-06-08 17:53:40,860 - Step 04793: 245.5740 E_h, exp. variance=0.0027 E_h^2, pmove=0.50
2026-06-08 17:53:41,209 - Step 04794: 245.6657 E_h, exp. variance=0.0028 E_h^2, pmove=0.50
2026-06-08 17:53:41,556 - Step 04795: 245.5510 E_h, exp. variance=0.0028 E_h^2, pmove=0.50
2026-06-08 17:53:41,905 - Step 04796: 245.5098 E_h, exp. variance=0.0033 E_h^2, pmove=0.50
2026-06-08 17:53:42,261 - Step 04797: 245.8632 E_h, exp. variance=0.0095 E_h^2, pmove=0.51
2026-06-08 17:53:42,621 - Step 04798: 245.6713 E_h, exp. variance=0.0088 E_h^2, pmove=0.50
2026-06-08 17:53:42,971 - Step 04799: 245.5531 E_h, exp. variance=0.0084 E_h^2, pmove=0.50
2026-06-08 17:53:43,319 - Step 04800: 245.6490 E_h, exp. variance=0.0076 E_h^2, pmove=0.51
2026-06-08 17:53:43,667 - Step 04801: 245.6110 E_h, exp. variance=0.0069 E_h^2, pmove=0.50
2026-06-08 17:53:44,014 - Step 04802: 245.6219 E_h, exp. variance=0.0062 E_h^2, pmove=0.50
2026-06-08 17:53:44,362 - Step 04803: 245.5654 E_h, exp. variance=0.0058 E_h^2, pmove=0.51
2026-06-08 17:53:44,709 - Step 04804: 245.5552 E_h, exp. variance=0.0056 E_h^2, pmove=0.50
2026-06-08 17:53:45,061 - Step 04805: 245.5319 E_h, exp. variance=0.0056 E_h^2, pmove=0.50
2026-06-08 17:53:45,412 - Step 04806: 245.5422 E_h, exp. variance=0.0053 E_h^2, pmove=0.50
2026-06-08 17:53:45,759 - Step 04807: 245.7040 E_h, exp. variance=0.0058 E_h^2, pmove=0.49
2026-06-08 17:53:46,107 - Step 04808: 245.6024 E_h, exp. variance=0.0053 E_h^2, pmove=0.50
2026-06-08 17:53:46,465 - Step 04809: 245.6141 E_h, exp. variance=0.0047 E_h^2, pmove=0.50
2026-06-08 17:53:46,817 - Step 04810: 245.5823 E_h, exp. variance=0.0043 E_h^2, pmove=0.50
2026-06-08 17:53:47,168 - Step 04811: 245.6616 E_h, exp. variance=0.0042 E_h^2, pmove=0.50
2026-06-08 17:53:47,518 - Step 04812: 245.6525 E_h, exp. variance=0.0039 E_h^2, pmove=0.50
2026-06-08 17:53:47,866 - Step 04813: 245.5781 E_h, exp. variance=0.0037 E_h^2, pmove=0.51
2026-06-08 17:53:48,214 - Step 04814: 245.6644 E_h, exp. variance=0.0035 E_h^2, pmove=0.50
2026-06-08 17:53:48,563 - Step 04815: 245.6284 E_h, exp. variance=0.0032 E_h^2, pmove=0.50
2026-06-08 17:53:48,911 - Step 04816: 245.5926 E_h, exp. variance=0.0029 E_h^2, pmove=0.49
2026-06-08 17:53:49,260 - Step 04817: 245.6011 E_h, exp. variance=0.0027 E_h^2, pmove=0.50
2026-06-08 17:53:49,613 - Step 04818: 245.5687 E_h, exp. variance=0.0026 E_h^2, pmove=0.50
2026-06-08 17:53:49,963 - Step 04819: 245.6114 E_h, exp. variance=0.0023 E_h^2, pmove=0.51
2026-06-08 17:53:50,309 - Step 04820: 245.5150 E_h, exp. variance=0.0029 E_h^2, pmove=0.50
2026-06-08 17:53:50,657 - Step 04821: 245.5795 E_h, exp. variance=0.0026 E_h^2, pmove=0.50
2026-06-08 17:53:51,004 - Step 04822: 245.5442 E_h, exp. variance=0.0026 E_h^2, pmove=0.50
2026-06-08 17:53:51,351 - Step 04823: 245.8205 E_h, exp. variance=0.0071 E_h^2, pmove=0.50
2026-06-08 17:53:51,699 - Step 04824: 245.6944 E_h, exp. variance=0.0069 E_h^2, pmove=0.50
2026-06-08 17:53:52,046 - Step 04825: 245.6212 E_h, exp. variance=0.0062 E_h^2, pmove=0.50
2026-06-08 17:53:52,395 - Step 04826: 245.6711 E_h, exp. variance=0.0058 E_h^2, pmove=0.50
2026-06-08 17:53:52,745 - Step 04827: 245.5769 E_h, exp. variance=0.0055 E_h^2, pmove=0.50
2026-06-08 17:53:53,095 - Step 04828: 245.5859 E_h, exp. variance=0.0050 E_h^2, pmove=0.50
2026-06-08 17:53:53,443 - Step 04829: 245.5863 E_h, exp. variance=0.0046 E_h^2, pmove=0.50
2026-06-08 17:53:53,793 - Step 04830: 245.5682 E_h, exp. variance=0.0044 E_h^2, pmove=0.50
2026-06-08 17:53:54,139 - Step 04831: 245.5131 E_h, exp. variance=0.0048 E_h^2, pmove=0.50
2026-06-08 17:53:54,486 - Step 04832: 245.6437 E_h, exp. variance=0.0045 E_h^2, pmove=0.50
2026-06-08 17:53:54,833 - Step 04833: 245.5609 E_h, exp. variance=0.0042 E_h^2, pmove=0.50
2026-06-08 17:53:55,180 - Step 04834: 245.5626 E_h, exp. variance=0.0039 E_h^2, pmove=0.50
2026-06-08 17:53:55,530 - Step 04835: 245.6432 E_h, exp. variance=0.0037 E_h^2, pmove=0.50
2026-06-08 17:53:55,881 - Step 04836: 245.5813 E_h, exp. variance=0.0034 E_h^2, pmove=0.50
2026-06-08 17:53:56,231 - Step 04837: 245.5019 E_h, exp. variance=0.0039 E_h^2, pmove=0.50
2026-06-08 17:53:56,581 - Step 04838: 245.6137 E_h, exp. variance=0.0036 E_h^2, pmove=0.50
2026-06-08 17:53:56,928 - Step 04839: 245.5697 E_h, exp. variance=0.0033 E_h^2, pmove=0.50
2026-06-08 17:53:57,278 - Step 04840: 245.5929 E_h, exp. variance=0.0029 E_h^2, pmove=0.50
2026-06-08 17:53:57,626 - Step 04841: 245.5424 E_h, exp. variance=0.0028 E_h^2, pmove=0.51
2026-06-08 17:53:57,977 - Step 04842: 245.6249 E_h, exp. variance=0.0027 E_h^2, pmove=0.51
2026-06-08 17:53:58,327 - Step 04843: 245.6434 E_h, exp. variance=0.0027 E_h^2, pmove=0.50
2026-06-08 17:53:58,678 - Step 04844: 245.6428 E_h, exp. variance=0.0026 E_h^2, pmove=0.50
2026-06-08 17:53:59,027 - Step 04845: 245.6145 E_h, exp. variance=0.0024 E_h^2, pmove=0.50
2026-06-08 17:53:59,377 - Step 04846: 245.5444 E_h, exp. variance=0.0024 E_h^2, pmove=0.49
2026-06-08 17:53:59,727 - Step 04847: 245.5109 E_h, exp. variance=0.0028 E_h^2, pmove=0.50
2026-06-08 17:54:00,079 - Step 04848: 245.5803 E_h, exp. variance=0.0026 E_h^2, pmove=0.50
2026-06-08 17:54:00,431 - Step 04849: 245.6432 E_h, exp. variance=0.0026 E_h^2, pmove=0.49
2026-06-08 17:54:00,782 - Step 04850: 245.5561 E_h, exp. variance=0.0024 E_h^2, pmove=0.50
2026-06-08 17:54:01,132 - Step 04851: 245.6575 E_h, exp. variance=0.0026 E_h^2, pmove=0.50
2026-06-08 17:54:01,481 - Step 04852: 245.5724 E_h, exp. variance=0.0024 E_h^2, pmove=0.50
2026-06-08 17:54:01,831 - Step 04853: 245.4687 E_h, exp. variance=0.0036 E_h^2, pmove=0.50
2026-06-08 17:54:02,182 - Step 04854: 245.5348 E_h, exp. variance=0.0034 E_h^2, pmove=0.50
2026-06-08 17:54:02,530 - Step 04855: 245.4445 E_h, exp. variance=0.0046 E_h^2, pmove=0.50
2026-06-08 17:54:02,879 - Step 04856: 245.6592 E_h, exp. variance=0.0050 E_h^2, pmove=0.50
2026-06-08 17:54:03,228 - Step 04857: 245.6929 E_h, exp. variance=0.0058 E_h^2, pmove=0.50
2026-06-08 17:54:03,576 - Step 04858: 245.6515 E_h, exp. variance=0.0056 E_h^2, pmove=0.50
2026-06-08 17:54:03,923 - Step 04859: 245.6360 E_h, exp. variance=0.0052 E_h^2, pmove=0.50
2026-06-08 17:54:04,270 - Step 04860: 245.5722 E_h, exp. variance=0.0048 E_h^2, pmove=0.50
2026-06-08 17:54:04,618 - Step 04861: 245.5688 E_h, exp. variance=0.0043 E_h^2, pmove=0.50
2026-06-08 17:54:04,966 - Step 04862: 245.5322 E_h, exp. variance=0.0042 E_h^2, pmove=0.50
2026-06-08 17:54:05,314 - Step 04863: 245.5827 E_h, exp. variance=0.0038 E_h^2, pmove=0.50
2026-06-08 17:54:05,663 - Step 04864: 245.5469 E_h, exp. variance=0.0035 E_h^2, pmove=0.50
2026-06-08 17:54:06,011 - Step 04865: 245.6609 E_h, exp. variance=0.0038 E_h^2, pmove=0.50
2026-06-08 17:54:06,359 - Step 04866: 245.6187 E_h, exp. variance=0.0035 E_h^2, pmove=0.50
2026-06-08 17:54:06,709 - Step 04867: 245.5596 E_h, exp. variance=0.0032 E_h^2, pmove=0.50
2026-06-08 17:54:07,060 - Step 04868: 245.5411 E_h, exp. variance=0.0031 E_h^2, pmove=0.50
2026-06-08 17:54:07,412 - Step 04869: 245.5971 E_h, exp. variance=0.0028 E_h^2, pmove=0.50
2026-06-08 17:54:07,761 - Step 04870: 245.6147 E_h, exp. variance=0.0026 E_h^2, pmove=0.50
2026-06-08 17:54:08,111 - Step 04871: 245.5987 E_h, exp. variance=0.0024 E_h^2, pmove=0.50
2026-06-08 17:54:08,460 - Step 04872: 245.5452 E_h, exp. variance=0.0023 E_h^2, pmove=0.50
2026-06-08 17:54:08,808 - Step 04873: 245.6393 E_h, exp. variance=0.0023 E_h^2, pmove=0.50
2026-06-08 17:54:09,157 - Step 04874: 245.5853 E_h, exp. variance=0.0021 E_h^2, pmove=0.50
2026-06-08 17:54:09,505 - Step 04875: 245.6637 E_h, exp. variance=0.0024 E_h^2, pmove=0.50
2026-06-08 17:54:09,872 - Step 04876: 245.6118 E_h, exp. variance=0.0022 E_h^2, pmove=0.51
2026-06-08 17:54:10,219 - Step 04877: 245.5991 E_h, exp. variance=0.0019 E_h^2, pmove=0.49
2026-06-08 17:54:10,570 - Step 04878: 245.6033 E_h, exp. variance=0.0018 E_h^2, pmove=0.50
2026-06-08 17:54:10,918 - Step 04879: 245.6890 E_h, exp. variance=0.0023 E_h^2, pmove=0.50
2026-06-08 17:54:11,268 - Step 04880: 245.6486 E_h, exp. variance=0.0022 E_h^2, pmove=0.50
2026-06-08 17:54:11,617 - Step 04881: 245.5547 E_h, exp. variance=0.0023 E_h^2, pmove=0.50
2026-06-08 17:54:11,969 - Step 04882: 245.5413 E_h, exp. variance=0.0024 E_h^2, pmove=0.51
2026-06-08 17:54:12,318 - Step 04883: 245.7075 E_h, exp. variance=0.0032 E_h^2, pmove=0.50
2026-06-08 17:54:12,670 - Step 04884: 245.6579 E_h, exp. variance=0.0031 E_h^2, pmove=0.50
2026-06-08 17:54:13,018 - Step 04885: 245.6319 E_h, exp. variance=0.0028 E_h^2, pmove=0.50
2026-06-08 17:54:13,366 - Step 04886: 245.6999 E_h, exp. variance=0.0032 E_h^2, pmove=0.50
2026-06-08 17:54:13,715 - Step 04887: 245.6411 E_h, exp. variance=0.0029 E_h^2, pmove=0.50
2026-06-08 17:54:14,065 - Step 04888: 245.6632 E_h, exp. variance=0.0027 E_h^2, pmove=0.50
2026-06-08 17:54:14,414 - Step 04889: 245.6147 E_h, exp. variance=0.0025 E_h^2, pmove=0.50
2026-06-08 17:54:14,761 - Step 04890: 245.6043 E_h, exp. variance=0.0023 E_h^2, pmove=0.50
2026-06-08 17:54:15,108 - Step 04891: 245.3739 E_h, exp. variance=0.0078 E_h^2, pmove=0.50
2026-06-08 17:54:15,457 - Step 04892: 245.4890 E_h, exp. variance=0.0081 E_h^2, pmove=0.51
2026-06-08 17:54:15,806 - Step 04893: 245.5831 E_h, exp. variance=0.0073 E_h^2, pmove=0.50
2026-06-08 17:54:16,156 - Step 04894: 245.5196 E_h, exp. variance=0.0070 E_h^2, pmove=0.50
2026-06-08 17:54:16,510 - Step 04895: 245.4790 E_h, exp. variance=0.0073 E_h^2, pmove=0.50
2026-06-08 17:54:16,860 - Step 04896: 245.5536 E_h, exp. variance=0.0066 E_h^2, pmove=0.50
2026-06-08 17:54:17,208 - Step 04897: 245.6528 E_h, exp. variance=0.0065 E_h^2, pmove=0.50
2026-06-08 17:54:17,559 - Step 04898: 245.6785 E_h, exp. variance=0.0068 E_h^2, pmove=0.50
2026-06-08 17:54:17,907 - Step 04899: 245.5909 E_h, exp. variance=0.0061 E_h^2, pmove=0.50
2026-06-08 17:54:18,261 - Step 04900: 245.5067 E_h, exp. variance=0.0061 E_h^2, pmove=0.50
2026-06-08 17:54:18,613 - Step 04901: 245.5869 E_h, exp. variance=0.0055 E_h^2, pmove=0.51
2026-06-08 17:54:18,965 - Step 04902: 245.5684 E_h, exp. variance=0.0050 E_h^2, pmove=0.50
2026-06-08 17:54:19,315 - Step 04903: 245.5569 E_h, exp. variance=0.0045 E_h^2, pmove=0.51
2026-06-08 17:54:19,664 - Step 04904: 245.5390 E_h, exp. variance=0.0042 E_h^2, pmove=0.50
2026-06-08 17:54:20,012 - Step 04905: 245.6004 E_h, exp. variance=0.0038 E_h^2, pmove=0.50
2026-06-08 17:54:20,363 - Step 04906: 245.6463 E_h, exp. variance=0.0039 E_h^2, pmove=0.50
2026-06-08 17:54:20,714 - Step 04907: 245.5760 E_h, exp. variance=0.0035 E_h^2, pmove=0.50
2026-06-08 17:54:21,063 - Step 04908: 245.6692 E_h, exp. variance=0.0038 E_h^2, pmove=0.50
2026-06-08 17:54:21,413 - Step 04909: 245.7179 E_h, exp. variance=0.0049 E_h^2, pmove=0.50
2026-06-08 17:54:21,763 - Step 04910: 245.5988 E_h, exp. variance=0.0044 E_h^2, pmove=0.50
2026-06-08 17:54:22,113 - Step 04911: 245.5895 E_h, exp. variance=0.0040 E_h^2, pmove=0.50
2026-06-08 17:54:22,462 - Step 04912: 245.5881 E_h, exp. variance=0.0036 E_h^2, pmove=0.50
2026-06-08 17:54:22,814 - Step 04913: 245.6614 E_h, exp. variance=0.0036 E_h^2, pmove=0.50
2026-06-08 17:54:23,164 - Step 04914: 245.5396 E_h, exp. variance=0.0036 E_h^2, pmove=0.50
2026-06-08 17:54:23,514 - Step 04915: 245.5934 E_h, exp. variance=0.0033 E_h^2, pmove=0.51
2026-06-08 17:54:23,863 - Step 04916: 245.5642 E_h, exp. variance=0.0031 E_h^2, pmove=0.49
2026-06-08 17:54:24,212 - Step 04917: 245.5058 E_h, exp. variance=0.0035 E_h^2, pmove=0.49
2026-06-08 17:54:24,558 - Step 04918: 245.5728 E_h, exp. variance=0.0031 E_h^2, pmove=0.50
2026-06-08 17:54:24,907 - Step 04919: 245.5389 E_h, exp. variance=0.0030 E_h^2, pmove=0.50
2026-06-08 17:54:25,260 - Step 04920: 245.5814 E_h, exp. variance=0.0027 E_h^2, pmove=0.49
2026-06-08 17:54:25,613 - Step 04921: 245.5812 E_h, exp. variance=0.0025 E_h^2, pmove=0.50
2026-06-08 17:54:25,967 - Step 04922: 245.5555 E_h, exp. variance=0.0023 E_h^2, pmove=0.50
2026-06-08 17:54:26,317 - Step 04923: 245.6283 E_h, exp. variance=0.0023 E_h^2, pmove=0.50
2026-06-08 17:54:26,668 - Step 04924: 245.6660 E_h, exp. variance=0.0027 E_h^2, pmove=0.50
2026-06-08 17:54:27,016 - Step 04925: 245.5942 E_h, exp. variance=0.0024 E_h^2, pmove=0.50
2026-06-08 17:54:27,363 - Step 04926: 245.5740 E_h, exp. variance=0.0022 E_h^2, pmove=0.50
2026-06-08 17:54:27,711 - Step 04927: 245.7040 E_h, exp. variance=0.0031 E_h^2, pmove=0.50
2026-06-08 17:54:28,061 - Step 04928: 245.6560 E_h, exp. variance=0.0031 E_h^2, pmove=0.50
2026-06-08 17:54:28,410 - Step 04929: 245.7794 E_h, exp. variance=0.0055 E_h^2, pmove=0.50
2026-06-08 17:54:28,758 - Step 04930: 245.6933 E_h, exp. variance=0.0053 E_h^2, pmove=0.50
2026-06-08 17:54:29,108 - Step 04931: 245.5947 E_h, exp. variance=0.0049 E_h^2, pmove=0.50
2026-06-08 17:54:29,457 - Step 04932: 245.5286 E_h, exp. variance=0.0053 E_h^2, pmove=0.50
2026-06-08 17:54:29,805 - Step 04933: 245.5801 E_h, exp. variance=0.0049 E_h^2, pmove=0.50
2026-06-08 17:54:30,153 - Step 04934: 245.5245 E_h, exp. variance=0.0051 E_h^2, pmove=0.51
2026-06-08 17:54:30,501 - Step 04935: 245.6328 E_h, exp. variance=0.0047 E_h^2, pmove=0.50
2026-06-08 17:54:30,852 - Step 04936: 245.5660 E_h, exp. variance=0.0044 E_h^2, pmove=0.50
2026-06-08 17:54:31,200 - Step 04937: 245.6906 E_h, exp. variance=0.0046 E_h^2, pmove=0.50
2026-06-08 17:54:31,551 - Step 04938: 245.6211 E_h, exp. variance=0.0042 E_h^2, pmove=0.50
2026-06-08 17:54:31,899 - Step 04939: 245.6792 E_h, exp. variance=0.0041 E_h^2, pmove=0.49
2026-06-08 17:54:32,248 - Step 04940: 245.5499 E_h, exp. variance=0.0042 E_h^2, pmove=0.51
2026-06-08 17:54:32,595 - Step 04941: 245.6444 E_h, exp. variance=0.0038 E_h^2, pmove=0.50
2026-06-08 17:54:32,943 - Step 04942: 245.5883 E_h, exp. variance=0.0035 E_h^2, pmove=0.51
2026-06-08 17:54:33,291 - Step 04943: 245.4899 E_h, exp. variance=0.0045 E_h^2, pmove=0.50
2026-06-08 17:54:33,640 - Step 04944: 245.5053 E_h, exp. variance=0.0049 E_h^2, pmove=0.50
2026-06-08 17:54:33,989 - Step 04945: 245.5824 E_h, exp. variance=0.0044 E_h^2, pmove=0.49
2026-06-08 17:54:34,338 - Step 04946: 245.5981 E_h, exp. variance=0.0040 E_h^2, pmove=0.50
2026-06-08 17:54:34,690 - Step 04947: 245.5796 E_h, exp. variance=0.0036 E_h^2, pmove=0.50
2026-06-08 17:54:35,041 - Step 04948: 245.6142 E_h, exp. variance=0.0033 E_h^2, pmove=0.50
2026-06-08 17:54:35,389 - Step 04949: 245.6339 E_h, exp. variance=0.0031 E_h^2, pmove=0.50
2026-06-08 17:54:35,738 - Step 04950: 245.6411 E_h, exp. variance=0.0030 E_h^2, pmove=0.50
2026-06-08 17:54:36,086 - Step 04951: 245.6322 E_h, exp. variance=0.0028 E_h^2, pmove=0.50
2026-06-08 17:54:36,433 - Step 04952: 245.5135 E_h, exp. variance=0.0032 E_h^2, pmove=0.50
2026-06-08 17:54:36,786 - Step 04953: 245.5402 E_h, exp. variance=0.0032 E_h^2, pmove=0.50
2026-06-08 17:54:37,134 - Step 04954: 245.5312 E_h, exp. variance=0.0032 E_h^2, pmove=0.50
2026-06-08 17:54:37,487 - Step 04955: 245.6383 E_h, exp. variance=0.0031 E_h^2, pmove=0.50
2026-06-08 17:54:37,840 - Step 04956: 245.6280 E_h, exp. variance=0.0029 E_h^2, pmove=0.50
2026-06-08 17:54:38,189 - Step 04957: 245.6611 E_h, exp. variance=0.0031 E_h^2, pmove=0.50
2026-06-08 17:54:38,557 - Step 04958: 245.6236 E_h, exp. variance=0.0028 E_h^2, pmove=0.50
2026-06-08 17:54:38,922 - Step 04959: 245.6146 E_h, exp. variance=0.0025 E_h^2, pmove=0.50
2026-06-08 17:54:39,270 - Step 04960: 245.6080 E_h, exp. variance=0.0023 E_h^2, pmove=0.50
2026-06-08 17:54:39,623 - Step 04961: 245.6803 E_h, exp. variance=0.0026 E_h^2, pmove=0.50
2026-06-08 17:54:39,978 - Step 04962: 245.6202 E_h, exp. variance=0.0023 E_h^2, pmove=0.49
2026-06-08 17:54:40,337 - Step 04963: 245.6223 E_h, exp. variance=0.0021 E_h^2, pmove=0.50
2026-06-08 17:54:40,688 - Step 04964: 245.5734 E_h, exp. variance=0.0020 E_h^2, pmove=0.50
2026-06-08 17:54:41,036 - Step 04965: 245.6400 E_h, exp. variance=0.0019 E_h^2, pmove=0.50
2026-06-08 17:54:41,384 - Step 04966: 245.6163 E_h, exp. variance=0.0017 E_h^2, pmove=0.50
2026-06-08 17:54:41,734 - Step 04967: 245.6242 E_h, exp. variance=0.0016 E_h^2, pmove=0.50
2026-06-08 17:54:42,081 - Step 04968: 245.6904 E_h, exp. variance=0.0019 E_h^2, pmove=0.50
2026-06-08 17:54:42,432 - Step 04969: 245.5673 E_h, exp. variance=0.0020 E_h^2, pmove=0.50
2026-06-08 17:54:42,785 - Step 04970: 245.6433 E_h, exp. variance=0.0019 E_h^2, pmove=0.50
2026-06-08 17:54:43,137 - Step 04971: 245.5993 E_h, exp. variance=0.0017 E_h^2, pmove=0.50
2026-06-08 17:54:43,489 - Step 04972: 245.5773 E_h, exp. variance=0.0017 E_h^2, pmove=0.50
2026-06-08 17:54:43,837 - Step 04973: 245.6050 E_h, exp. variance=0.0015 E_h^2, pmove=0.50
2026-06-08 17:54:44,185 - Step 04974: 245.8344 E_h, exp. variance=0.0058 E_h^2, pmove=0.49
2026-06-08 17:54:44,533 - Step 04975: 246.2616 E_h, exp. variance=0.0406 E_h^2, pmove=0.50
2026-06-08 17:54:44,880 - Step 04976: 245.6356 E_h, exp. variance=0.0369 E_h^2, pmove=0.50
2026-06-08 17:54:45,229 - Step 04977: 245.6507 E_h, exp. variance=0.0334 E_h^2, pmove=0.50
2026-06-08 17:54:45,576 - Step 04978: 245.5506 E_h, exp. variance=0.0317 E_h^2, pmove=0.50
2026-06-08 17:54:45,925 - Step 04979: 245.6214 E_h, exp. variance=0.0288 E_h^2, pmove=0.50
2026-06-08 17:54:46,279 - Step 04980: 245.4866 E_h, exp. variance=0.0289 E_h^2, pmove=0.50
2026-06-08 17:54:46,627 - Step 04981: 245.5800 E_h, exp. variance=0.0264 E_h^2, pmove=0.50
2026-06-08 17:54:46,975 - Step 04982: 245.6384 E_h, exp. variance=0.0238 E_h^2, pmove=0.50
2026-06-08 17:54:47,325 - Step 04983: 245.5772 E_h, exp. variance=0.0218 E_h^2, pmove=0.50
2026-06-08 17:54:47,672 - Step 04984: 245.5515 E_h, exp. variance=0.0202 E_h^2, pmove=0.50
2026-06-08 17:54:48,019 - Step 04985: 245.6136 E_h, exp. variance=0.0182 E_h^2, pmove=0.50
2026-06-08 17:54:48,370 - Step 04986: 245.5061 E_h, exp. variance=0.0177 E_h^2, pmove=0.50
2026-06-08 17:54:48,719 - Step 04987: 245.6075 E_h, exp. variance=0.0159 E_h^2, pmove=0.51
2026-06-08 17:54:49,067 - Step 04988: 245.5766 E_h, exp. variance=0.0145 E_h^2, pmove=0.50
2026-06-08 17:54:49,416 - Step 04989: 245.5857 E_h, exp. variance=0.0131 E_h^2, pmove=0.50
2026-06-08 17:54:49,767 - Step 04990: 245.4868 E_h, exp. variance=0.0131 E_h^2, pmove=0.50
2026-06-08 17:54:50,116 - Step 04991: 245.5884 E_h, exp. variance=0.0118 E_h^2, pmove=0.50
2026-06-08 17:54:50,467 - Step 04992: 245.5772 E_h, exp. variance=0.0106 E_h^2, pmove=0.49
2026-06-08 17:54:50,816 - Step 04993: 245.5360 E_h, exp. variance=0.0099 E_h^2, pmove=0.50
2026-06-08 17:54:51,165 - Step 04994: 245.5819 E_h, exp. variance=0.0089 E_h^2, pmove=0.50
2026-06-08 17:54:51,513 - Step 04995: 245.7814 E_h, exp. variance=0.0114 E_h^2, pmove=0.50
2026-06-08 17:54:51,863 - Step 04996: 245.6197 E_h, exp. variance=0.0103 E_h^2, pmove=0.50
2026-06-08 17:54:52,220 - Step 04997: 245.5643 E_h, exp. variance=0.0094 E_h^2, pmove=0.50
2026-06-08 17:54:52,570 - Step 04998: 247.0531 E_h, exp. variance=0.1977 E_h^2, pmove=0.50
2026-06-08 17:54:52,918 - Step 04999: 245.5943 E_h, exp. variance=0.1801 E_h^2, pmove=0.50
2026-06-08 17:54:52,918 - Saving checkpoint /home/gridsan/hlo1/project/PeriodicWaveBoson/results/anneal_rs_N24_layers12_12_d2.5_D20.0_seed1_sq/N24_layers12_12_rs0.9_d2.5_D20.0_seed1_sq/qmcjax_ckpt_004999.npz
2026-06-08 17:54:53,318 - Saved best-candidate checkpoint /home/gridsan/hlo1/project/PeriodicWaveBoson/results/anneal_rs_N24_layers12_12_d2.5_D20.0_seed1_sq/N24_layers12_12_rs0.9_d2.5_D20.0_seed1_sq/qmcjax_best_004999.npz with score 245.73279
2026-06-08 17:54:53,343 - Training completed after t [s] = 1793
