step,energy,ewmean,ewvar,pmove,locstd
0,2.2236638e+06,2.2236638e+06,0.0,0.9483032,3.4258752e+06
1,2.0536632e+06,2.2066638e+06,2.6010153e+09,0.9458008,3.1851478e+06
2,2.1911972e+06,2.205117e+06,2.3624428e+09,0.95144045,3.3014535e+06
3,2.1600678e+06,2.200612e+06,2.3088476e+09,0.9526245,3.2205142e+06
4,2.2251835e+06,2.2030692e+06,2.132301e+09,0.9518921,3.355994e+06
5,2.238366e+06,2.206599e+06,2.0311983e+09,0.95179445,3.272204e+06
6,2.295496e+06,2.2154888e+06,2.5393196e+09,0.9494629,3.424535e+06
7,2.139771e+06,2.207917e+06,2.8013737e+09,0.9477539,3.1670515e+06
8,2.3722055e+06,2.2243458e+06,4.9504e+09,0.94398195,3.638108e+06
9,2.2415375e+06,2.226065e+06,4.48196e+09,0.9419922,3.3270115e+06
10,2.1451915e+06,2.2179778e+06,4.622411e+09,0.9393067,3.1415302e+06
11,2.2744082e+06,2.2236208e+06,4.4467656e+09,0.9384155,3.3586362e+06
12,2.2040292e+06,2.2216615e+06,4.0366333e+09,0.9395752,3.3912352e+06
13,2.2569055e+06,2.225186e+06,3.7447626e+09,0.94033206,3.372173e+06
14,2.2167212e+06,2.2243395e+06,3.376735e+09,0.94158936,3.3698932e+06
15,2.2353205e+06,2.2254375e+06,3.0499136e+09,0.94401854,3.2751422e+06
16,2.249646e+06,2.2278582e+06,2.7976668e+09,0.9433594,3.4007665e+06
17,2.213561e+06,2.2264285e+06,2.536297e+09,0.94394535,3.3557648e+06
18,2.2746922e+06,2.231255e+06,2.4923123e+09,0.9471802,3.2458322e+06
19,2.3621445e+06,2.244344e+06,3.7849664e+09,0.94694823,3.6252978e+06
20,2.1446055e+06,2.2343702e+06,4.3017687e+09,0.94813234,3.1139222e+06
21,2.143199e+06,2.225253e+06,4.6196895e+09,0.94641113,3.2140978e+06
22,2.2293592e+06,2.2256635e+06,4.159238e+09,0.9482056,3.3705372e+06
23,2.1932432e+06,2.2224215e+06,3.8379105e+09,0.94697267,3.389676e+06
24,2.0852008e+06,2.2086995e+06,5.1487775e+09,0.94796145,3.0902408e+06
25,2.314399e+06,2.2192695e+06,5.6394143e+09,0.9487671,3.4707848e+06
26,2.2001885e+06,2.2173615e+06,5.1082404e+09,0.9489258,3.484007e+06
27,2.124877e+06,2.208113e+06,5.3672207e+09,0.9471558,3.2598532e+06
28,2.2997925e+06,2.217281e+06,5.5869604e+09,0.94940186,3.4300828e+06
29,2.28426e+06,2.223979e+06,5.432021e+09,0.9479248,3.5537722e+06
30,2.197567e+06,2.2213378e+06,4.951602e+09,0.9505249,3.2401528e+06
31,2.2147255e+06,2.2206765e+06,4.4603766e+09,0.94714355,3.3693602e+06
32,2.236346e+06,2.2222435e+06,4.036437e+09,0.950647,3.3670308e+06
33,2.00333e+06,2.2003522e+06,7.945874e+09,0.9484253,2.8658965e+06
34,2.21266e+06,2.201583e+06,7.16492e+09,0.9494507,3.3299275e+06
35,2.1678745e+06,2.1982122e+06,6.5506913e+09,0.9489258,3.2672678e+06
36,2.1833928e+06,2.1967302e+06,5.9153874e+09,0.94746095,3.1925128e+06
37,2.1818815e+06,2.1952455e+06,5.3436923e+09,0.9482422,3.2456235e+06
38,2.1098275e+06,2.1867038e+06,5.465984e+09,0.946521,3.1269662e+06
39,2.1258118e+06,2.1806145e+06,5.253091e+09,0.9439087,3.1744438e+06
40,2.15209e+06,2.177762e+06,4.8010097e+09,0.9417969,3.2469948e+06
41,2.296702e+06,2.189656e+06,5.5941135e+09,0.94135743,3.5523762e+06
42,2.191199e+06,2.1898102e+06,5.0349164e+09,0.93839115,3.2982938e+06
43,2.1218512e+06,2.1830142e+06,4.947083e+09,0.9381348,3.130458e+06
44,2.1008748e+06,2.1748002e+06,5.059595e+09,0.9390503,3.1766982e+06
45,2.1245135e+06,2.1697715e+06,4.7812234e+09,0.93978274,3.242374e+06
46,2.2956132e+06,2.1823558e+06,5.728354e+09,0.9409424,3.4110718e+06
47,2.353504e+06,2.1994705e+06,7.7917737e+09,0.9433716,3.5815432e+06
48,2.180441e+06,2.1975675e+06,7.045187e+09,0.9438965,3.4568295e+06
49,2.1315002e+06,2.1909608e+06,6.7335076e+09,0.9469971,3.251171e+06
50,2.403741e+06,2.2122388e+06,1.0134946e+10,0.9473999,3.7728958e+06
51,2.1247268e+06,2.2034875e+06,9.810702e+09,0.94746095,3.1753505e+06
52,2.1441825e+06,2.197557e+06,9.146169e+09,0.94746095,3.2521648e+06
53,2.1597308e+06,2.1937745e+06,8.3603267e+09,0.94781494,3.3222532e+06
54,2.0854694e+06,2.182944e+06,8.5799936e+09,0.95120853,3.0891402e+06
55,2.149921e+06,2.1796418e+06,7.8201405e+09,0.95057374,3.1308328e+06
56,2.2263638e+06,2.184314e+06,7.234592e+09,0.94913334,3.2162412e+06
57,2.0788718e+06,2.1737698e+06,7.511759e+09,0.94694823,3.3125512e+06
58,2.112196e+06,2.1676125e+06,7.1018025e+09,0.9486572,3.0558285e+06
59,2.1411815e+06,2.1649695e+06,6.4544957e+09,0.9463257,3.2414202e+06
60,2.1233535e+06,2.160808e+06,5.964916e+09,0.9444702,3.1187785e+06
61,2.165335e+06,2.1612608e+06,5.370269e+09,0.9421143,3.1973828e+06
62,2.3179535e+06,2.17693e+06,7.042978e+09,0.9424316,3.6055972e+06
63,2.1387895e+06,2.173116e+06,6.469603e+09,0.9382324,3.294075e+06
64,2.2606048e+06,2.181865e+06,6.511528e+09,0.9346924,3.4378602e+06
65,2.2224958e+06,2.185928e+06,6.0089523e+09,0.93228763,3.4010032e+06
66,2.0630484e+06,2.17364e+06,6.767003e+09,0.9294678,3.1885138e+06
67,2.0393305e+06,2.160209e+06,7.7138166e+09,0.9295166,3.0517082e+06
68,2.1703455e+06,2.1612228e+06,6.951682e+09,0.928418,3.2342572e+06
69,2.234293e+06,2.1685298e+06,6.737047e+09,0.927063,3.3279892e+06
70,2.2163578e+06,2.1733125e+06,6.269219e+09,0.9286621,3.3537118e+06
71,2.238172e+06,2.1797985e+06,6.020905e+09,0.9268799,3.2925172e+06
72,2.1002135e+06,2.17184e+06,5.988854e+09,0.92746586,3.0892425e+06
73,2.178643e+06,2.1725202e+06,5.3941335e+09,0.9285156,3.2406208e+06
74,2.2804062e+06,2.1833088e+06,5.902265e+09,0.928772,3.5809032e+06
75,2.166922e+06,2.18167e+06,5.3362053e+09,0.92855227,3.25854e+06
76,2.224321e+06,2.185935e+06,4.9663043e+09,0.92821044,3.406657e+06
77,2.0467088e+06,2.1720125e+06,6.214229e+09,0.9267578,2.9976948e+06
78,2.15818e+06,2.1706292e+06,5.6100265e+09,0.9243164,3.303684e+06
79,2.10952e+06,2.1645182e+06,5.385114e+09,0.9228638,3.1812622e+06
80,2.2286012e+06,2.1709265e+06,5.216199e+09,0.9241821,3.347942e+06
81,2.2664622e+06,2.18048e+06,5.5160166e+09,0.9209229,3.417235e+06
82,2.1887425e+06,2.1813062e+06,4.970559e+09,0.9193482,3.3505362e+06
83,2.242994e+06,2.187475e+06,4.815987e+09,0.9196289,3.524928e+06
84,2.1655802e+06,2.1852855e+06,4.3775324e+09,0.9206543,3.303892e+06
85,2.2512688e+06,2.1918838e+06,4.3316204e+09,0.9191284,3.3597822e+06
86,2.1698665e+06,2.189682e+06,3.9420867e+09,0.9186768,3.1901318e+06
87,2.2183378e+06,2.1925475e+06,3.6217815e+09,0.9214844,3.3615525e+06
88,2.202237e+06,2.1935165e+06,3.268053e+09,0.9197876,3.2862232e+06
89,2.2748115e+06,2.201646e+06,3.5360463e+09,0.92248535,3.5930398e+06
90,2.0806032e+06,2.1895418e+06,4.501063e+09,0.9263062,3.145426e+06
91,2.15086e+06,2.1856735e+06,4.1856218e+09,0.9285645,3.16494e+06
92,1.9930825e+06,2.1664145e+06,7.105276e+09,0.92976075,3.0091065e+06
93,2.106887e+06,2.1604618e+06,6.713665e+09,0.9298462,3.0668185e+06
94,2.1542742e+06,2.159843e+06,6.045744e+09,0.93125004,3.1540625e+06
95,1.9780715e+06,2.1416658e+06,8.4148485e+09,0.92979735,2.9761438e+06
96,2.1785218e+06,2.1453512e+06,7.6956165e+09,0.9294678,3.3204328e+06
97,2.206316e+06,2.1514478e+06,7.260558e+09,0.9287476,3.4169925e+06
98,2.1700672e+06,2.1533098e+06,6.5657037e+09,0.9265869,3.3134012e+06
99,2.1762218e+06,2.155601e+06,5.9563796e+09,0.92763674,3.195308e+06
100,2.1215e+06,2.152191e+06,5.465401e+09,0.9230713,3.2116832e+06
101,2.241113e+06,2.1610832e+06,5.630502e+09,0.9180542,3.4732215e+06
102,2.212089e+06,2.1661838e+06,5.301594e+09,0.9180908,3.4638228e+06
103,2.1989285e+06,2.1694582e+06,4.867934e+09,0.91246337,3.4644145e+06
104,2.1594925e+06,2.1684618e+06,4.3900795e+09,0.9086304,3.5411082e+06
105,2.1473075e+06,2.1663462e+06,3.9913467e+09,0.90681154,3.22347e+06
106,2.2206898e+06,2.1717805e+06,3.8580014e+09,0.9033691,3.4287382e+06
107,2.057936e+06,2.160396e+06,4.6386524e+09,0.90477294,3.1866318e+06
108,2.2153775e+06,2.1658942e+06,4.446854e+09,0.90018314,3.410518e+06
109,2.087275e+06,2.1580322e+06,4.5584573e+09,0.8995239,3.1917398e+06
110,2.2314155e+06,2.1653705e+06,4.5872707e+09,0.89765626,3.3778412e+06
111,2.1376405e+06,2.1625975e+06,4.1977492e+09,0.8937378,3.1745368e+06
112,2.0982698e+06,2.1561648e+06,4.1503997e+09,0.8932373,3.0405158e+06
113,2.232935e+06,2.1638418e+06,4.26579e+09,0.89206547,3.46492e+06
114,1.9653769e+06,2.1439952e+06,7.3841587e+09,0.88830566,2.9530795e+06
115,2.2599598e+06,2.1555918e+06,7.8560415e+09,0.88405764,3.4420922e+06
116,2.1913402e+06,2.1591665e+06,7.185453e+09,0.8823975,3.3697875e+06
117,2.1722395e+06,2.1604738e+06,6.482289e+09,0.87835693,3.4136912e+06
118,2.2762085e+06,2.1720472e+06,7.0395684e+09,0.87805176,3.6210148e+06
119,2.20353e+06,2.1751955e+06,6.424816e+09,0.87611085,3.3986685e+06
120,2.0459185e+06,2.1622678e+06,7.2864635e+09,0.8774292,3.0410082e+06
121,2.1537655e+06,2.1614175e+06,6.564323e+09,0.87697756,3.4939462e+06
122,2.1220135e+06,2.157477e+06,6.0476314e+09,0.87940675,3.2421825e+06
123,2.177533e+06,2.1594825e+06,5.4790697e+09,0.87948,3.5067262e+06
124,1.9888154e+06,2.1424158e+06,7.552617e+09,0.8781006,2.951982e+06
125,2.1044292e+06,2.138617e+06,6.927223e+09,0.87403566,3.2510265e+06
126,2.173803e+06,2.1421355e+06,6.3459256e+09,0.87100834,3.3435945e+06
127,2.1665782e+06,2.1445798e+06,5.765103e+09,0.86883545,3.2929738e+06
128,2.136529e+06,2.1437748e+06,5.194426e+09,0.8661255,3.1745412e+06
129,2.095108e+06,2.138908e+06,4.888144e+09,0.860791,3.1497398e+06
130,2.124195e+06,2.1374368e+06,4.418812e+09,0.85041505,3.1894228e+06
131,2.0242572e+06,2.1261188e+06,5.1297946e+09,0.8438965,2.918604e+06
132,2.0665375e+06,2.1201605e+06,4.936308e+09,0.8339844,3.0992002e+06
133,2.0549511e+06,2.1136395e+06,4.825381e+09,0.82756346,3.1939598e+06
134,2.1251e+06,2.1147855e+06,4.3546634e+09,0.8206787,3.358508e+06
135,2.044596e+06,2.1077665e+06,4.362588e+09,0.82141113,3.0791775e+06
136,2.014598e+06,2.0984498e+06,4.7075625e+09,0.8242798,3.0413068e+06
137,1.952007e+06,2.0838055e+06,6.166899e+09,0.8257324,2.9517755e+06
138,2.11588e+06,2.087013e+06,5.6427986e+09,0.83028567,3.2297495e+06
139,2.0590501e+06,2.0842168e+06,5.1488916e+09,0.83072513,3.0532818e+06
140,2.0424626e+06,2.0800414e+06,4.790909e+09,0.82922363,3.0259192e+06
141,2.1692825e+06,2.0889655e+06,5.0285757e+09,0.82386476,3.3944862e+06
142,2.074583e+06,2.0875272e+06,4.5443354e+09,0.8249512,3.0981038e+06
143,2.115785e+06,2.090353e+06,4.1617667e+09,0.82105714,3.124358e+06
144,2.1051868e+06,2.0918364e+06,3.7653934e+09,0.8201904,3.420625e+06
145,2.0637101e+06,2.0890238e+06,3.4600517e+09,0.8192383,3.1893142e+06
146,2.1847745e+06,2.0985988e+06,3.9391852e+09,0.8139526,3.3481415e+06
147,1.9690134e+06,2.0856402e+06,5.05658e+09,0.8128296,3.0366218e+06
148,2.208565e+06,2.0979328e+06,5.9108664e+09,0.8091797,3.548887e+06
149,1.9686336e+06,2.0850029e+06,6.8244234e+09,0.80931395,3.0026352e+06
150,2.0449875e+06,2.0810014e+06,6.2860913e+09,0.8036255,3.0497822e+06
151,2.0887091e+06,2.0817721e+06,5.6628285e+09,0.7982788,3.2992268e+06
152,2.119391e+06,2.085534e+06,5.2239114e+09,0.7916748,3.2758628e+06
153,2.1600588e+06,2.0929865e+06,5.2013747e+09,0.78706056,3.2488722e+06
154,2.1082962e+06,2.0945175e+06,4.702332e+09,0.78195804,3.268168e+06
155,2.125816e+06,2.0976472e+06,4.320262e+09,0.77716064,3.1804012e+06
156,2.0682582e+06,2.0947084e+06,3.96597e+09,0.7763428,3.217948e+06
157,2.2135172e+06,2.1065892e+06,4.839772e+09,0.7756104,3.4824442e+06
158,2.1136795e+06,2.1072982e+06,4.3603195e+09,0.7732056,3.3007688e+06
159,2.0320628e+06,2.0997748e+06,4.433722e+09,0.76817626,3.15387e+06
160,1.9907014e+06,2.0888674e+06,5.0610796e+09,0.7663208,2.9652762e+06
161,2.0331288e+06,2.0832935e+06,4.834583e+09,0.7521729,3.1381868e+06
162,2.1289462e+06,2.0878588e+06,4.5387003e+09,0.75303954,3.176466e+06
163,2.1250608e+06,2.091579e+06,4.209389e+09,0.7473389,3.3957845e+06
164,2.0844992e+06,2.090871e+06,3.792961e+09,0.7418823,3.1929722e+06
165,2.0667845e+06,2.0884624e+06,3.4658793e+09,0.73480225,3.0854028e+06
166,2.0104712e+06,2.0806632e+06,3.6667267e+09,0.7300537,3.0237682e+06
167,1.9822869e+06,2.0708256e+06,4.1710656e+09,0.7293701,3.125556e+06
168,2.0438925e+06,2.0681322e+06,3.8192443e+09,0.723938,3.1155055e+06
169,2.0621091e+06,2.06753e+06,3.4405847e+09,0.7209839,3.1217442e+06
170,2.0941265e+06,2.0701896e+06,3.1601897e+09,0.7144287,3.3088788e+06
171,2.027986e+06,2.0659692e+06,3.0044739e+09,0.70942384,3.124415e+06
172,2.0800834e+06,2.0673806e+06,2.7219553e+09,0.7066528,3.274007e+06
173,2.1945435e+06,2.0800969e+06,3.9050957e+09,0.7018555,3.490009e+06
174,2.007613e+06,2.0728485e+06,3.9874383e+09,0.7004151,3.275415e+06
175,2.0514854e+06,2.0707122e+06,3.629769e+09,0.69903564,3.1927282e+06
176,2.032793e+06,2.0669204e+06,3.3962002e+09,0.6912964,3.2946092e+06
177,1.9993995e+06,2.0601682e+06,3.4668961e+09,0.68616945,2.9412542e+06
178,2.057166e+06,2.059868e+06,3.1210176e+09,0.67631835,3.226225e+06
179,2.052421e+06,2.0591232e+06,2.813907e+09,0.6710083,3.2444062e+06
180,2.0877438e+06,2.0619852e+06,2.6062382e+09,0.66209716,3.1886675e+06
181,1.8521458e+06,2.0410012e+06,6.30855e+09,0.6496338,2.887664e+06
182,2.0001461e+06,2.0369158e+06,5.827918e+09,0.63897705,3.132798e+06
183,2.0492758e+06,2.0381518e+06,5.2588754e+09,0.63614506,3.2934102e+06
184,2.0338351e+06,2.0377201e+06,4.7346647e+09,0.62927246,3.2129028e+06
185,2.137626e+06,2.0477108e+06,5.159505e+09,0.61915284,3.5260582e+06
186,2.0000808e+06,2.0429478e+06,4.8477297e+09,0.6174194,3.1289265e+06
187,2.023943e+06,2.0410472e+06,4.3954627e+09,0.606897,3.1566802e+06
188,1.9405001e+06,2.0309925e+06,4.8657915e+09,0.60235596,2.890012e+06
189,1.9588628e+06,2.0237795e+06,4.8474557e+09,0.59698486,3.0062652e+06
190,1.932539e+06,2.0146555e+06,5.1119447e+09,0.5893799,2.9385278e+06
191,1.9969055e+06,2.0128805e+06,4.6291057e+09,0.5811157,3.2571812e+06
192,2.0431261e+06,2.015905e+06,4.2485266e+09,0.57052004,3.1804858e+06
193,1.8339265e+06,1.9977071e+06,6.8041293e+09,0.563147,2.697197e+06
194,1.9108672e+06,1.9890231e+06,6.8024207e+09,0.5574951,2.92836e+06
195,1.968422e+06,1.986963e+06,6.1603753e+09,0.55198973,2.971098e+06
196,1.9192738e+06,1.9801941e+06,5.9567027e+09,0.5482788,2.918303e+06
197,2.0388541e+06,1.9860601e+06,5.6707215e+09,0.5433106,3.3702858e+06
198,2.0347335e+06,1.9909275e+06,5.316868e+09,0.5407715,3.162094e+06
199,2.1228918e+06,2.0041239e+06,6.352492e+09,0.5349976,3.440109e+06
200,2.0874856e+06,2.01246e+06,6.342669e+09,0.538562,3.2664918e+06
201,1.9191268e+06,2.0031266e+06,6.4924006e+09,0.53222656,2.996561e+06
202,1.8886786e+06,1.9916819e+06,7.0220114e+09,0.53341067,2.992427e+06
203,2.0281455e+06,1.9953282e+06,6.4394737e+09,0.53507084,3.2073865e+06
204,1.9583468e+06,1.9916301e+06,5.9186125e+09,0.52956545,3.221231e+06
205,1.9671038e+06,1.9891775e+06,5.38089e+09,0.5285889,2.9871035e+06
206,1.9622071e+06,1.9864805e+06,4.9082675e+09,0.52824706,3.079742e+06
207,1.9332928e+06,1.9811618e+06,4.672045e+09,0.52874756,3.0644248e+06
208,2.0031509e+06,1.9833606e+06,4.2483574e+09,0.5245239,3.245694e+06
209,1.9053451e+06,1.9755591e+06,4.3712993e+09,0.5261108,2.785829e+06
210,1.9310016e+06,1.9711034e+06,4.1128527e+09,0.51586914,3.1265022e+06
211,1.8561492e+06,1.959608e+06,4.8908677e+09,0.51398927,2.9513042e+06
212,1.9530329e+06,1.9589505e+06,4.405672e+09,0.50743407,2.9804298e+06
213,1.878104e+06,1.9508659e+06,4.553359e+09,0.50458986,3.0388485e+06
214,1.9425046e+06,1.9500298e+06,4.1043146e+09,0.50264895,3.1162315e+06
215,1.7566886e+06,1.9306956e+06,7.0581545e+09,0.49543458,2.83267e+06
216,1.8978519e+06,1.9274112e+06,6.449423e+09,0.4914673,3.0050712e+06
217,1.819033e+06,1.9165734e+06,6.861607e+09,0.488916,2.9090705e+06
218,1.9558348e+06,1.9204995e+06,6.314177e+09,0.48275146,3.1345588e+06
219,1.8844618e+06,1.9168958e+06,5.7996436e+09,0.4721802,2.9715548e+06
220,1.9010651e+06,1.9153128e+06,5.242234e+09,0.46315917,3.1559118e+06
221,1.7737768e+06,1.9011591e+06,6.52093e+09,0.4519287,2.8154675e+06
222,2.0161392e+06,1.9126571e+06,7.058675e+09,0.443042,3.2653958e+06
223,1.8625542e+06,1.9076469e+06,6.5787346e+09,0.4359375,2.929095e+06
224,1.9222622e+06,1.9091084e+06,5.940086e+09,0.42633057,3.0403035e+06
225,1.8756404e+06,1.9057616e+06,5.446887e+09,0.42354736,2.9719505e+06
226,1.8859769e+06,1.9037831e+06,4.937427e+09,0.41347656,2.8899858e+06
227,1.8609206e+06,1.8994969e+06,4.6090317e+09,0.40877685,2.9920322e+06
228,1.7719302e+06,1.8867402e+06,5.61272e+09,0.400354,2.8122405e+06
229,1.7937376e+06,1.87744e+06,5.829902e+09,0.400354,2.8849035e+06
230,1.795635e+06,1.8692595e+06,5.849197e+09,0.3949463,2.8666985e+06
231,1.9340058e+06,1.8757341e+06,5.641564e+09,0.38846436,3.0982515e+06
232,1.9100372e+06,1.8791645e+06,5.183311e+09,0.38518068,3.0581132e+06
233,1.8857868e+06,1.8798268e+06,4.6689265e+09,0.37947997,3.031495e+06
234,1.8169766e+06,1.8735418e+06,4.557546e+09,0.37543947,2.821637e+06
235,1.9145074e+06,1.8776382e+06,4.2528276e+09,0.3614746,3.133267e+06
236,1.867699e+06,1.8766444e+06,3.8364357e+09,0.3591675,2.8860648e+06
237,1.9483881e+06,1.8838188e+06,3.9160369e+09,0.35721436,3.277326e+06
238,1.785355e+06,1.8739724e+06,4.396993e+09,0.3591919,2.846895e+06
239,1.838944e+06,1.8704695e+06,4.0677225e+09,0.35299072,2.9656675e+06
240,1.6581395e+06,1.8492365e+06,7.718512e+09,0.34857178,2.5284662e+06
241,1.8566685e+06,1.8499798e+06,6.951632e+09,0.3515625,3.2004808e+06
242,1.8702951e+06,1.8520112e+06,6.2936125e+09,0.35493165,2.9900952e+06
243,1.8735888e+06,1.854169e+06,5.706154e+09,0.34906006,3.153801e+06
244,1.7650331e+06,1.8452554e+06,5.850607e+09,0.3473877,2.9077592e+06
245,1.8123635e+06,1.8419662e+06,5.3629153e+09,0.341626,3.0329752e+06
246,1.6800144e+06,1.825771e+06,7.1871805e+09,0.33865967,2.7342238e+06
247,1.7778128e+06,1.8209751e+06,6.675462e+09,0.33416748,2.797411e+06
248,1.7983398e+06,1.8187116e+06,6.054028e+09,0.326709,3.020368e+06
249,1.77889e+06,1.8147295e+06,5.5913436e+09,0.32633057,3.0122275e+06
250,1.6401968e+06,1.7972762e+06,7.7737605e+09,0.31502685,2.6735622e+06
251,1.7590912e+06,1.7934578e+06,7.127613e+09,0.30932617,2.9386732e+06
252,1.7871201e+06,1.792824e+06,6.4184663e+09,0.29993898,2.8214308e+06
253,1.7725928e+06,1.7908009e+06,5.813457e+09,0.2947754,3.0099558e+06
254,1.718003e+06,1.7835211e+06,5.709069e+09,0.28817138,2.9320315e+06
255,1.9123325e+06,1.7964022e+06,6.6314747e+09,0.28007814,3.0395325e+06
256,1.7796092e+06,1.794723e+06,5.9937075e+09,0.2774292,2.9280638e+06
257,1.7635961e+06,1.7916102e+06,5.481536e+09,0.26965332,2.8690028e+06
258,1.6450292e+06,1.7769521e+06,6.8671217e+09,0.2690552,2.7304012e+06
259,1.8055522e+06,1.7798121e+06,6.254026e+09,0.2654175,3.0010932e+06
260,1.7229989e+06,1.7741308e+06,5.9191204e+09,0.2588745,2.8570435e+06
261,1.6995119e+06,1.7666689e+06,5.8283264e+09,0.25600585,2.777646e+06
262,1.7398602e+06,1.763988e+06,5.3101773e+09,0.2553589,2.8954792e+06
263,1.7229249e+06,1.7598818e+06,4.930916e+09,0.24837647,2.9900325e+06
264,1.7391274e+06,1.7578062e+06,4.476591e+09,0.24123536,2.98325e+06
265,1.8137306e+06,1.7633988e+06,4.31041e+09,0.23841552,2.9713018e+06
266,1.8473478e+06,1.7717936e+06,4.5136384e+09,0.23537599,3.1623632e+06
267,1.6870108e+06,1.7633154e+06,4.7092065e+09,0.22645263,2.7985745e+06
268,1.8147358e+06,1.7684574e+06,4.4762506e+09,0.22385255,2.9684468e+06
269,1.6320472e+06,1.7548164e+06,5.7033206e+09,0.2213379,2.684725e+06
270,1.7037008e+06,1.7497048e+06,5.3681413e+09,0.22125244,2.7622692e+06
271,1.6907251e+06,1.7438068e+06,5.1444004e+09,0.2265747,2.8139495e+06
272,1.6799364e+06,1.7374198e+06,4.9971087e+09,0.22966309,2.843747e+06
273,1.6073438e+06,1.7244121e+06,6.020177e+09,0.22796631,2.6386522e+06
274,1.548598e+06,1.7068308e+06,8.2001137e+09,0.22445069,2.494418e+06
275,1.5912575e+06,1.6952734e+06,8.582248e+09,0.22069092,2.6020378e+06
276,1.60336e+06,1.686082e+06,8.484349e+09,0.21297608,2.6008128e+06
277,1.7543988e+06,1.6929136e+06,8.0559596e+09,0.20712891,2.9309018e+06
278,1.7377511e+06,1.6973974e+06,7.4312996e+09,0.1979126,2.929447e+06
279,1.6902958e+06,1.6966872e+06,6.6927084e+09,0.1942627,2.9070082e+06
280,1.6694654e+06,1.693965e+06,6.0901304e+09,0.18759766,2.8890135e+06
281,1.636289e+06,1.6881974e+06,5.780504e+09,0.1875,2.679322e+06
282,1.6325928e+06,1.6826369e+06,5.4807224e+09,0.18028565,2.8291265e+06
283,1.5826826e+06,1.6726415e+06,5.8318264e+09,0.17436524,2.7143415e+06
284,1.5036258e+06,1.6557399e+06,7.8196127e+09,0.16599122,2.523646e+06
285,1.631236e+06,1.6532895e+06,7.0916905e+09,0.16185303,2.8782275e+06
286,1.625871e+06,1.6505476e+06,6.450181e+09,0.15585938,2.810992e+06
287,1.5179018e+06,1.637283e+06,7.388707e+09,0.14768067,2.650211e+06
288,1.6467758e+06,1.6382322e+06,6.657946e+09,0.13979493,2.8759885e+06
289,1.7713225e+06,1.6515412e+06,7.5863224e+09,0.13824463,3.283718e+06
290,1.5465582e+06,1.641043e+06,7.8196193e+09,0.1326294,2.604685e+06
291,1.5629598e+06,1.6332346e+06,7.5863864e+09,0.13480225,2.761295e+06
292,1.545629e+06,1.624474e+06,7.518475e+09,0.13082276,2.6775245e+06
293,1.4814098e+06,1.6101676e+06,8.608691e+09,0.12393799,2.5021232e+06
294,1.429158e+06,1.5920666e+06,1.0696626e+10,0.12122803,2.5088628e+06
295,1.541297e+06,1.5869896e+06,9.858943e+09,0.11584473,2.7030808e+06
296,1.6485606e+06,1.5931468e+06,9.214238e+09,0.11390381,2.9801845e+06
297,1.5584385e+06,1.5896759e+06,8.4012334e+09,0.108593754,2.7182788e+06
298,1.5726556e+06,1.5879739e+06,7.587182e+09,0.10476074,2.7958712e+06
299,1.55056e+06,1.5842325e+06,6.9544453e+09,0.10209961,2.7248452e+06
300,1.5454405e+06,1.5803532e+06,6.3944346e+09,0.10161133,2.6936942e+06
301,1.5392341e+06,1.5762414e+06,5.9071616e+09,0.102709964,2.764874e+06
302,1.4951734e+06,1.5681346e+06,5.907927e+09,0.10003662,2.6273152e+06
303,1.5411358e+06,1.5654348e+06,5.382739e+09,0.09636231,2.6579898e+06
304,1.5397522e+06,1.5628665e+06,4.903828e+09,0.09346924,2.5635312e+06
305,1.5592705e+06,1.5625069e+06,4.414609e+09,0.09019776,2.6830778e+06
306,1.5671692e+06,1.5629731e+06,3.9751045e+09,0.08448487,2.779746e+06
307,1.476074e+06,1.5542832e+06,4.2572252e+09,0.08073731,2.5796412e+06
308,1.4412472e+06,1.5429796e+06,4.981445e+09,0.07556152,2.5676632e+06
309,1.45572e+06,1.5342536e+06,5.1685827e+09,0.07496338,2.5574118e+06
310,1.5501666e+06,1.5358449e+06,4.6745144e+09,0.07105713,2.7650542e+06
311,1.4707041e+06,1.5293308e+06,4.5889613e+09,0.074328616,2.5772005e+06
312,1.4530105e+06,1.5216988e+06,4.6542956e+09,0.077746585,2.7307505e+06
313,1.5087088e+06,1.5203998e+06,4.2040525e+09,0.07457276,2.7483618e+06
314,1.4709308e+06,1.5154529e+06,4.0038935e+09,0.074645996,2.7118878e+06
315,1.440158e+06,1.5079234e+06,4.1137426e+09,0.071789555,2.6147732e+06
316,1.4543812e+06,1.5025691e+06,3.9603763e+09,0.068762206,2.6590048e+06
317,1.3760172e+06,1.489914e+06,5.005722e+09,0.06580811,2.4436058e+06
318,1.4566982e+06,1.4865924e+06,4.6044457e+09,0.06275635,2.6628728e+06
319,1.3980669e+06,1.4777399e+06,4.8493097e+09,0.061157227,2.4711122e+06
320,1.4454992e+06,1.4745158e+06,4.4579297e+09,0.058605958,2.6419872e+06
321,1.4131942e+06,1.4683836e+06,4.350566e+09,0.06168213,2.5957348e+06
322,1.3975385e+06,1.4612991e+06,4.3672223e+09,0.05793457,2.5927048e+06
323,1.4998155e+06,1.4651508e+06,4.064016e+09,0.057800293,2.6934025e+06
324,1.5000182e+06,1.4686375e+06,3.767031e+09,0.05478516,2.7288125e+06
325,1.3920342e+06,1.4609771e+06,3.9184532e+09,0.052441407,2.502941e+06
326,1.4265265e+06,1.457532e+06,3.6334241e+09,0.048937988,2.5332558e+06
327,1.410195e+06,1.4527982e+06,3.4717527e+09,0.048950195,2.530298e+06
328,1.4878705e+06,1.4563055e+06,3.235283e+09,0.054089356,2.7037725e+06
329,1.4447781e+06,1.4551528e+06,2.9237138e+09,0.06337891,2.5567532e+06
330,1.4004652e+06,1.449684e+06,2.9005074e+09,0.07531738,2.555245e+06
331,1.3267112e+06,1.4373868e+06,3.9714632e+09,0.08448487,2.3030222e+06
332,1.3991859e+06,1.4335666e+06,3.7056545e+09,0.080896,2.474242e+06
333,1.5495975e+06,1.4451698e+06,4.546774e+09,0.077697754,2.8653225e+06
334,1.3675505e+06,1.4374079e+06,4.634324e+09,0.071582034,2.435027e+06
335,1.5135606e+06,1.4450231e+06,4.692823e+09,0.06452637,2.9860845e+06
336,1.3791178e+06,1.4384326e+06,4.614457e+09,0.060522463,2.5702602e+06
337,1.2694755e+06,1.4215369e+06,6.722197e+09,0.058044434,2.385962e+06
338,1.2678439e+06,1.4061676e+06,8.175915e+09,0.060131837,2.3521698e+06
339,1.294952e+06,1.395046e+06,8.471526e+09,0.06325684,2.3754125e+06
340,1.310012e+06,1.3865426e+06,8.2751437e+09,0.060266115,2.2967662e+06
341,1.2575268e+06,1.373641e+06,8.945688e+09,0.056518555,2.2214298e+06
342,1.3103799e+06,1.3673149e+06,8.411296e+09,0.04725342,2.3760032e+06
343,1.2792775e+06,1.3585111e+06,8.2677176e+09,0.04234619,2.3176265e+06
344,1.4351618e+06,1.3661762e+06,7.969725e+09,0.037194826,2.6956118e+06
345,1.3631575e+06,1.3658744e+06,7.1735726e+09,0.036035158,2.5155492e+06
346,1.3501772e+06,1.3643046e+06,6.4783913e+09,0.03458252,2.5168592e+06
347,1.371305e+06,1.3650046e+06,5.8349624e+09,0.03355713,2.588805e+06
348,1.3350811e+06,1.3620122e+06,5.3320535e+09,0.03560791,2.433268e+06
349,1.3745198e+06,1.363263e+06,4.8129275e+09,0.03388672,2.6605312e+06
350,1.2905604e+06,1.3559928e+06,4.807345e+09,0.034570314,2.3838015e+06
351,1.4063265e+06,1.3610261e+06,4.5546245e+09,0.03664551,2.633399e+06
352,1.2560834e+06,1.3505319e+06,5.09033e+09,0.03577881,2.2855368e+06
353,1.2827114e+06,1.3437499e+06,4.9952625e+09,0.03371582,2.46527e+06
354,1.330055e+06,1.3423804e+06,4.5126154e+09,0.035168458,2.5299755e+06
355,1.3970536e+06,1.3478478e+06,4.330378e+09,0.03392334,2.6018308e+06
356,1.3667008e+06,1.349733e+06,3.9293294e+09,0.033569336,2.5064232e+06
357,1.4324362e+06,1.3580034e+06,4.1519808e+09,0.030139161,2.7681968e+06
358,1.3681292e+06,1.359016e+06,3.7460106e+09,0.028710937,2.6908765e+06
359,1.369894e+06,1.3601038e+06,3.3820593e+09,0.027783204,2.5597375e+06
360,1.3005902e+06,1.3541524e+06,3.3626204e+09,0.025305176,2.446532e+06
361,1.164892e+06,1.3352264e+06,6.250112e+09,0.025805665,2.0952034e+06
362,1.1921408e+06,1.3209178e+06,7.4677156e+09,0.025891114,2.0896572e+06
363,1.2140432e+06,1.3102302e+06,7.7489377e+09,0.02664795,2.1224912e+06
364,1.2196469e+06,1.3011719e+06,7.7125253e+09,0.029394532,2.2061905e+06
365,1.2028662e+06,1.2913412e+06,7.8110326e+09,0.02928467,2.3120295e+06
366,1.2226642e+06,1.2844735e+06,7.454417e+09,0.029541016,2.3733198e+06
367,1.2224352e+06,1.2782696e+06,7.055362e+09,0.029467775,2.1461568e+06
368,1.2245445e+06,1.2728971e+06,6.6096005e+09,0.029211426,2.2658822e+06
369,1.222065e+06,1.2678139e+06,6.1811917e+09,0.02821045,2.3597988e+06
370,1.2548495e+06,1.2665175e+06,5.578199e+09,0.029003907,2.3935108e+06
371,1.1597056e+06,1.2558362e+06,6.047169e+09,0.030969238,2.2523848e+06
372,1.2464968e+06,1.2549022e+06,5.450302e+09,0.031018067,2.3673805e+06
373,1.1578332e+06,1.2451954e+06,5.753287e+09,0.02993164,2.086617e+06
374,1.2324122e+06,1.243917e+06,5.192665e+09,0.028076172,2.360546e+06
375,1.307841e+06,1.2503094e+06,5.0411633e+09,0.027807618,2.5899228e+06
376,1.2704641e+06,1.2523249e+06,4.5736064e+09,0.028137207,2.5008732e+06
377,1.2195036e+06,1.2490428e+06,4.2131965e+09,0.031640626,2.2960965e+06
378,1.2723085e+06,1.2513694e+06,3.8405932e+09,0.034106445,2.358383e+06
379,1.1977618e+06,1.2460086e+06,3.7151736e+09,0.035046387,2.353876e+06
380,1.2156668e+06,1.2429745e+06,3.426513e+09,0.03466797,2.468895e+06
381,1.244962e+06,1.2431732e+06,3.084217e+09,0.032836914,2.4604925e+06
382,1.2369122e+06,1.2425471e+06,2.7793234e+09,0.028295899,2.5572642e+06
383,1.1868905e+06,1.2369815e+06,2.7801802e+09,0.026757812,2.3444945e+06
384,1.2575259e+06,1.239036e+06,2.5401487e+09,0.024389649,2.4047432e+06
385,1.2484632e+06,1.2399788e+06,2.2941325e+09,0.024328614,2.42724e+06
386,1.217885e+06,1.2377694e+06,2.1086511e+09,0.026489258,2.3716258e+06
387,1.234788e+06,1.2374712e+06,1.898586e+09,0.031689454,2.2582295e+06
388,1.2474348e+06,1.2384676e+06,1.7176618e+09,0.034118652,2.3944422e+06
389,1.1895508e+06,1.233576e+06,1.761253e+09,0.033789065,2.2589235e+06
390,1.2349675e+06,1.2337151e+06,1.5853019e+09,0.030859375,2.2536188e+06
391,1.237946e+06,1.2341382e+06,1.4283827e+09,0.027062988,2.3873008e+06
392,1.19872e+06,1.2305964e+06,1.3984452e+09,0.024475098,2.2820165e+06
393,1.1623588e+06,1.2237726e+06,1.6776742e+09,0.022631837,2.297621e+06
394,1.1632448e+06,1.2177199e+06,1.8396329e+09,0.022570802,2.3749665e+06
395,1.0624805e+06,1.202196e+06,3.8246034e+09,0.024108887,2.0571855e+06
396,1.1365749e+06,1.1956339e+06,3.829695e+09,0.024792481,2.1993988e+06
397,1.1749779e+06,1.1935682e+06,3.4851256e+09,0.02550049,2.3690088e+06
398,1.1557658e+06,1.189788e+06,3.2652255e+09,0.02508545,2.360046e+06
399,1.2015292e+06,1.1909621e+06,2.95111e+09,0.025256349,2.4953158e+06
400,1.2347222e+06,1.1953381e+06,2.8283443e+09,0.021948243,2.53527e+06
401,1.1510921e+06,1.1909135e+06,2.7217037e+09,0.023095703,2.2896685e+06
402,1.1385042e+06,1.1856726e+06,2.6967388e+09,0.021813964,2.202338e+06
403,1.1066248e+06,1.1777679e+06,2.9894356e+09,0.02199707,2.1147058e+06
404,1.1407755e+06,1.1740686e+06,2.8136512e+09,0.022009278,2.1744988e+06
405,1.1487778e+06,1.1715395e+06,2.5898527e+09,0.02084961,2.2019412e+06
406,1.2072265e+06,1.1751082e+06,2.4454879e+09,0.020812988,2.4436905e+06
407,1.1442378e+06,1.1720212e+06,2.286708e+09,0.018444825,2.1972005e+06
408,1.110618e+06,1.1658809e+06,2.3973696e+09,0.015063477,2.072757e+06
409,1.122139e+06,1.1615068e+06,2.3298342e+09,0.01484375,2.1571255e+06
410,1.1145712e+06,1.1568132e+06,2.2951155e+09,0.0145019535,2.1583568e+06
411,1.0780348e+06,1.1489354e+06,2.6241485e+09,0.019958496,2.1782908e+06
412,1.1036085e+06,1.1444028e+06,2.546641e+09,0.023925781,2.2803312e+06
413,1.1403925e+06,1.1440018e+06,2.293424e+09,0.028930664,2.337214e+06
414,1.143166e+06,1.1439181e+06,2.0641445e+09,0.031396486,2.2424345e+06
415,1.2388562e+06,1.153412e+06,2.668922e+09,0.029516602,2.4054478e+06
416,1.2270315e+06,1.160774e+06,2.8898145e+09,0.025183106,2.4552058e+06
417,1.1722966e+06,1.1619262e+06,2.6127826e+09,0.021447754,2.4315502e+06
418,1.1086378e+06,1.1565974e+06,2.607074e+09,0.019567871,2.20286e+06
419,1.1307938e+06,1.154017e+06,2.4062912e+09,0.019616699,2.2026568e+06
420,1.1827224e+06,1.1568875e+06,2.2398218e+09,0.018542482,2.3471855e+06
421,1.1430788e+06,1.1555066e+06,2.033001e+09,0.020251466,2.19603e+06
422,1.0970292e+06,1.1496589e+06,2.1374652e+09,0.020886231,2.111301e+06
423,1.065142e+06,1.1412072e+06,2.566598e+09,0.020336915,2.0190074e+06
424,1.1113335e+06,1.1382199e+06,2.3902577e+09,0.022875978,2.2281142e+06
425,1.1275335e+06,1.1371512e+06,2.1615096e+09,0.02286377,2.2308812e+06
426,1.0989621e+06,1.1333324e+06,2.0766154e+09,0.022192383,2.1310168e+06
427,1.1573165e+06,1.1357308e+06,1.9207252e+09,0.021264648,2.1815975e+06
428,1.3086062e+06,1.1530182e+06,4.418387e+09,0.02022705,2.5871565e+06
429,1.2381225e+06,1.1615286e+06,4.628394e+09,0.017614746,2.4495192e+06
430,1.1908321e+06,1.164459e+06,4.242837e+09,0.016711427,2.2096145e+06
431,1.141653e+06,1.1621784e+06,3.8653635e+09,0.018200684,2.182592e+06
432,1.1685165e+06,1.1628122e+06,3.4824425e+09,0.0178833,2.2223772e+06
433,1.1661668e+06,1.1631478e+06,3.135211e+09,0.017480468,2.3166695e+06
434,1.0924589e+06,1.1560789e+06,3.2714125e+09,0.01673584,2.1811252e+06
435,1.121703e+06,1.1526412e+06,3.0506243e+09,0.017822266,2.2787095e+06
436,1.1329482e+06,1.150672e+06,2.7804652e+09,0.01730957,2.31137e+06
437,1.11377e+06,1.1469818e+06,2.624977e+09,0.015893554,2.2125775e+06
438,1.1067778e+06,1.1429614e+06,2.5079516e+09,0.015698243,2.2848182e+06
439,1.1105571e+06,1.139721e+06,2.3516595e+09,0.015759278,2.3781768e+06
440,1.0811115e+06,1.13386e+06,2.4256502e+09,0.017028809,2.2337148e+06
441,1.1266052e+06,1.1331345e+06,2.1878218e+09,0.019128418,2.362326e+06
442,1.093946e+06,1.1292156e+06,2.107256e+09,0.020300293,2.2151768e+06
443,1.1231491e+06,1.128609e+06,1.8998427e+09,0.020617677,2.2553442e+06
444,1.0663072e+06,1.1223789e+06,2.0591942e+09,0.022229005,2.141688e+06
445,1.0205403e+06,1.112195e+06,2.7866732e+09,0.02130127,1.934405e+06
446,1.04029125e+06,1.1050046e+06,2.9733192e+09,0.020788575,2.061209e+06
447,1.179521e+06,1.1124562e+06,3.1757294e+09,0.018115235,2.3572638e+06
448,1.2090362e+06,1.1221142e+06,3.697649e+09,0.016882325,2.475112e+06
449,1.2164075e+06,1.1315436e+06,4.1280932e+09,0.016235352,2.4983828e+06
450,1.2186715e+06,1.1402564e+06,4.398498e+09,0.016357422,2.489143e+06
451,1.1124765e+06,1.1374784e+06,4.028103e+09,0.018041993,2.2746845e+06
452,1.096007e+06,1.1333312e+06,3.7800812e+09,0.018249512,2.1319908e+06
453,994217.3,1.1194199e+06,5.1438147e+09,0.017163087,1.8066914e+06
454,1.044916e+06,1.1119695e+06,5.1290076e+09,0.017822266,2.0318718e+06
455,1.01179725e+06,1.1019522e+06,5.51921e+09,0.018786622,2.0127514e+06
456,1.1360552e+06,1.1053625e+06,5.07196e+09,0.020324707,2.368298e+06
457,1.0938906e+06,1.1042152e+06,4.576608e+09,0.0180542,2.2152205e+06
458,1.1129199e+06,1.1050858e+06,4.1257667e+09,0.016882325,2.2189462e+06
459,1.1014888e+06,1.104726e+06,3.7143544e+09,0.016174316,2.235984e+06
460,1.1635869e+06,1.1106121e+06,3.654733e+09,0.014013672,2.3922075e+06
461,1.1555519e+06,1.1151061e+06,3.471022e+09,0.016796876,2.4950102e+06
462,1.1360959e+06,1.1172051e+06,3.1635712e+09,0.022961427,2.3013908e+06
463,1.1135062e+06,1.1168352e+06,2.8484452e+09,0.032788087,2.33501e+06
464,1.0225716e+06,1.1074089e+06,3.3633073e+09,0.042797852,1.9660974e+06
465,1.2200266e+06,1.1186706e+06,4.1684247e+09,0.051831055,2.4623675e+06
466,1.1198365e+06,1.1187872e+06,3.7517046e+09,0.0586792,2.1502048e+06
467,1.1604002e+06,1.1229485e+06,3.532382e+09,0.06011963,2.2055748e+06
468,1.189082e+06,1.1295619e+06,3.5727713e+09,0.06265869,2.3469998e+06
469,1.1970621e+06,1.1363119e+06,3.6255596e+09,0.06331787,2.2020545e+06
470,1.325687e+06,1.1552494e+06,6.490668e+09,0.058081057,2.6146485e+06
471,1.3250525e+06,1.1722298e+06,8.4365804e+09,0.05847168,2.676759e+06
472,1.2667525e+06,1.181682e+06,8.397032e+09,0.054089356,2.584111e+06
473,1.2474772e+06,1.1882615e+06,7.94694e+09,0.047766116,2.3188498e+06
474,1.2543835e+06,1.1948738e+06,7.545736e+09,0.042834472,2.4851682e+06
475,1.1963509e+06,1.1950215e+06,6.7913585e+09,0.039208986,2.3293458e+06
476,1.2532206e+06,1.2008414e+06,6.4170644e+09,0.03421631,2.5072688e+06
477,1.178384e+06,1.1985956e+06,5.820748e+09,0.029821778,2.3807082e+06
478,1.1885225e+06,1.1975882e+06,5.247805e+09,0.028271485,2.3534722e+06
479,1.1951612e+06,1.1973455e+06,4.7235543e+09,0.02475586,2.4777358e+06
480,1.1520621e+06,1.1928171e+06,4.4357514e+09,0.023596192,2.283638e+06
481,1.2060985e+06,1.1941452e+06,4.0080517e+09,0.024377441,2.3548818e+06
482,1.1438654e+06,1.1891172e+06,3.8347725e+09,0.022558594,2.254335e+06
483,1.1076956e+06,1.1809751e+06,4.0479483e+09,0.021496583,2.1651968e+06
484,991665.9,1.1620442e+06,6.8685727e+09,0.023022462,1.9088424e+06
485,1.0611819e+06,1.151958e+06,7.097305e+09,0.026184082,2.0332664e+06
486,1.0059536e+06,1.1373575e+06,8.306129e+09,0.024230957,1.9735301e+06
487,993397.75,1.1229615e+06,9.340713e+09,0.022375489,1.9494121e+06
488,1.031776e+06,1.113843e+06,9.154974e+09,0.019384766,2.0425584e+06
489,1.0592282e+06,1.1083815e+06,8.5079255e+09,0.017504884,2.192485e+06
490,1.0835112e+06,1.1058945e+06,7.712801e+09,0.015649414,2.1913785e+06
491,1.00062375e+06,1.0953674e+06,7.9388943e+09,0.015893554,2.0174895e+06
492,1.0209914e+06,1.0879298e+06,7.642866e+09,0.015148926,2.1050618e+06
493,983474.4,1.0774842e+06,7.860563e+09,0.015771484,2.0720738e+06
494,950149.6,1.0647508e+06,8.5337764e+09,0.016308594,1.988365e+06
495,947020.4,1.0529778e+06,8.927838e+09,0.01673584,2.0669646e+06
496,948893.0,1.04256925e+06,9.010081e+09,0.017797852,1.9218765e+06
497,1.0050641e+06,1.03881875e+06,8.23567e+09,0.017871095,2.1921182e+06
498,1.0115823e+06,1.0360951e+06,7.478867e+09,0.019445801,2.1430638e+06
499,988478.1,1.03133344e+06,6.935044e+09,0.019799804,2.1958345e+06
500,1.02712725e+06,1.0309128e+06,6.2431314e+09,0.020800782,2.2204305e+06
501,987773.1,1.0265989e+06,5.786311e+09,0.018920898,2.000364e+06
502,958456.4,1.0197846e+06,5.6255857e+09,0.016809082,1.9524616e+06
503,971868.75,1.01499306e+06,5.2696607e+09,0.0149292,2.0037826e+06
504,957235.5,1.0092173e+06,5.0429286e+09,0.013513184,1.9997789e+06
505,929796.44,1.00127525e+06,5.1063265e+09,0.011743165,1.9204042e+06
506,902536.6,991401.4,5.473132e+09,0.011132813,1.9258282e+06
507,857919.25,978053.2,6.5293916e+09,0.0107421875,1.8160141e+06
508,881705.25,968418.4,6.7119155e+09,0.009570313,1.8794898e+06
509,863060.94,957882.6,7.039741e+09,0.008911133,1.7951045e+06
510,825139.2,944608.25,7.9216404e+09,0.0079223635,1.765976e+06
511,872143.5,937361.75,7.6020787e+09,0.009411621,1.9104425e+06
512,891258.4,932751.44,7.033168e+09,0.008081055,1.8908366e+06
513,813764.0,920852.7,7.6040714e+09,0.00802002,1.6298159e+06
514,859017.6,914669.2,7.1877857e+09,0.008325196,1.8286466e+06
515,835768.0,906779.06,7.0292925e+09,0.007421875,1.6687682e+06
516,809825.5,897083.7,7.172362e+09,0.0070678713,1.614417e+06
517,817983.25,889173.6,7.018245e+09,0.006713867,1.690623e+06
518,763147.4,876571.0,7.745856e+09,0.0060791015,1.5103742e+06
519,793704.75,868284.4,7.589284e+09,0.0059082033,1.60577e+06
520,754036.0,856859.56,8.0050975e+09,0.005957031,1.5205812e+06
521,782316.0,849405.2,7.7046943e+09,0.0064331056,1.6238296e+06
522,767715.7,841236.25,7.53481e+09,0.0061401366,1.5571254e+06
523,763841.0,833496.75,7.320431e+09,0.0059692385,1.6224749e+06
524,721856.4,822332.7,7.7101097e+09,0.0055786134,1.4892769e+06
525,742999.5,814399.4,7.5055365e+09,0.005432129,1.5972502e+06
526,724889.44,805448.4,7.4760653e+09,0.005065918,1.4962808e+06
527,680798.25,792983.4,8.1268475e+09,0.005004883,1.397211e+06
528,683305.1,782015.56,8.3968015e+09,0.005358887,1.4335361e+06
529,694006.25,773214.6,8.254229e+09,0.004968262,1.5686248e+06
530,685279.5,764421.1,8.1247386e+09,0.004699707,1.5768358e+06
531,652301.56,753209.2,8.443636e+09,0.0056640627,1.4326158e+06
532,611801.8,739068.44,9.398916e+09,0.0056640627,1.2808142e+06
533,630390.4,728200.6,9.522007e+09,0.0057739257,1.3632584e+06
534,602408.75,715621.44,9.99393e+09,0.0049438477,1.2709118e+06
535,612252.94,705284.56,9.956191e+09,0.004663086,1.313973e+06
536,629370.1,697693.1,9.479242e+09,0.004968262,1.3916156e+06
537,590687.9,686992.6,9.561828e+09,0.00489502,1.2516015e+06
538,626747.9,680968.1,8.932295e+09,0.0041870116,1.559987e+06
539,601715.75,673042.9,8.604349e+09,0.0048095705,1.4667156e+06
540,585203.25,664258.94,8.438336e+09,0.004309082,1.3475804e+06
541,589201.75,656753.25,8.1015245e+09,0.0047851563,1.3540229e+06
542,584331.25,649511.06,7.763417e+09,0.004736328,1.31396e+06
543,612427.1,645802.7,7.110845e+09,0.0043945312,1.4422469e+06
544,624793.0,643701.75,6.439487e+09,0.0041137696,1.5020622e+06
545,605867.44,639918.3,5.9243674e+09,0.0039794925,1.3881795e+06
546,602219.56,636148.44,5.459838e+09,0.0036987306,1.3825854e+06
547,600533.6,632586.94,5.028011e+09,0.0037475587,1.3618548e+06
548,591527.0,628480.94,4.6769423e+09,0.0033691407,1.3222821e+06
549,601578.0,625790.6,4.2743872e+09,0.0036376955,1.3463271e+06
550,596163.9,622827.94,3.9259453e+09,0.0031494142,1.4103156e+06
551,630863.25,623631.5,3.5391616e+09,0.0044921874,1.497357e+06
552,595106.8,620779.0,3.2584745e+09,0.0036865235,1.3662259e+06
553,579566.1,616657.7,3.085492e+09,0.0036132813,1.2761752e+06
554,583607.4,613352.6,2.875252e+09,0.0036376955,1.3743608e+06
555,575162.4,609533.6,2.7189914e+09,0.0033325197,1.3166991e+06
556,581131.44,606693.4,2.5196938e+09,0.0034179688,1.3651628e+06
557,558326.9,601856.75,2.478263e+09,0.0031982423,1.2890791e+06
558,535117.25,595182.8,2.6313114e+09,0.0035156251,1.1504345e+06
559,503366.0,586001.1,3.1269097e+09,0.0033203126,1.0182593e+06
560,506563.47,578057.4,3.3821494e+09,0.0032836914,1.0818768e+06
561,510716.12,571323.25,3.4520701e+09,0.003491211,1.1512738e+06
562,484416.3,562632.56,3.7866166e+09,0.003491211,1.1130718e+06
563,505278.5,556897.1,3.704009e+09,0.0033325197,1.2579566e+06
564,499196.38,551127.06,3.6332518e+09,0.0037109375,1.2282505e+06
565,522176.66,548232.0,3.3453578e+09,0.0029052736,1.3795385e+06
566,495591.94,542968.0,3.26021e+09,0.0034057617,1.2159641e+06
567,494891.25,538160.3,3.1422126e+09,0.0030151368,1.2927171e+06
568,502673.62,534611.6,2.9413286e+09,0.002722168,1.3278112e+06
569,490169.66,530167.44,2.8249536e+09,0.0029541017,1.2372008e+06
570,476579.88,524808.7,2.8009044e+09,0.002722168,1.1590429e+06
571,485682.72,520896.1,2.6585897e+09,0.0029296875,1.206138e+06
572,498751.7,518681.66,2.4368645e+09,0.0028686523,1.2926976e+06
573,493012.38,516114.72,2.2524803e+09,0.0032958984,1.3112456e+06
574,486893.9,513192.62,2.1040791e+09,0.0028930665,1.2604454e+06
575,495378.28,511411.2,1.9222327e+09,0.0033691407,1.3174912e+06
576,483097.8,508579.84,1.8021577e+09,0.0029418946,1.3223815e+06
577,482939.0,506015.75,1.6811126e+09,0.0029907227,1.2821708e+06
578,498487.03,505262.88,1.5181027e+09,0.0029663087,1.3681338e+06
579,503509.5,505087.53,1.3665691e+09,0.0030517578,1.358427e+06
580,478565.3,502435.3,1.2932206e+09,0.0025878907,1.246799e+06
581,485950.06,500786.78,1.1883572e+09,0.003100586,1.2941541e+06
582,502298.1,500937.9,1.06972704e+09,0.0033081055,1.4194229e+06
583,478542.62,498698.38,1.0078936e+09,0.0029907227,1.3897275e+06
584,492554.03,498083.94,9.10502e+08,0.003027344,1.4595905e+06
585,499590.88,498234.62,8.196561e+08,0.0026489259,1.494291e+06
586,488407.0,497251.88,7.463829e+08,0.0025878907,1.465484e+06
587,467403.62,494267.06,7.519272e+08,0.002331543,1.3304031e+06
588,445546.25,489394.97,8.90369e+08,0.0027709962,1.2603931e+06
589,466567.34,487112.22,8.482311e+08,0.0024414062,1.3304335e+06
590,472703.72,485671.38,7.820924e+08,0.002331543,1.4071322e+06
591,458802.6,482984.5,7.6885696e+08,0.0028808594,1.3354724e+06
592,453641.75,480050.22,7.69461e+08,0.0026489259,1.251948e+06
593,416699.66,473715.16,1.05371136e+09,0.0025390626,1.1173122e+06
594,422857.56,468629.4,1.1811247e+09,0.0025024414,1.140653e+06
595,410590.78,462825.53,1.3661756e+09,0.0024291992,1.0175734e+06
596,422904.75,458833.44,1.3729883e+09,0.0024047852,1.0767965e+06
597,429951.56,455945.25,1.3107642e+09,0.0025512695,1.1347476e+06
598,425044.06,452855.12,1.2656273e+09,0.0020263672,1.1402669e+06
599,424521.06,450021.72,1.2113181e+09,0.0022705079,1.1571215e+06
600,420989.16,447118.47,1.1660465e+09,0.0022460937,1.1405725e+06
601,409381.88,443344.8,1.1776064e+09,0.0026855469,1.1007376e+06
602,394394.56,438449.78,1.2754971e+09,0.0024047852,1.0239782e+06
603,393485.25,433953.3,1.3299101e+09,0.0023559572,973064.8
604,395271.2,430085.1,1.3315867e+09,0.002380371,1.1118606e+06
605,403025.56,427379.12,1.2643276e+09,0.0022094727,1.2107708e+06
606,392613.62,423902.56,1.2466724e+09,0.002282715,1.1312676e+06
607,406873.88,422199.7,1.148103e+09,0.0022216798,1.2247732e+06
608,414583.12,421438.03,1.0385138e+09,0.0025878907,1.3123486e+06
609,412942.0,420588.44,9.411588e+08,0.0020629882,1.3052748e+06
610,395379.28,418067.53,9.04238e+08,0.0021972656,1.2676865e+06
611,387191.75,414979.94,8.996124e+08,0.0026367188,1.2406419e+06
612,373659.47,410847.88,9.6331546e+08,0.002709961,1.1910899e+06
613,376554.78,407418.56,9.728254e+08,0.0025268556,1.1287048e+06
614,380522.3,404728.94,9.4064954e+08,0.0026489259,1.1581645e+06
615,388114.38,403067.47,8.714285e+08,0.0021972656,1.2013848e+06
616,380577.8,400818.5,8.298062e+08,0.002282715,1.1702722e+06
617,389760.3,399712.7,7.578311e+08,0.0020751953,1.266346e+06
618,372851.22,397026.53,7.4698643e+08,0.0023559572,1.1826139e+06
619,349424.0,392266.28,8.762279e+08,0.0021728517,1.02917544e+06
620,347239.28,387763.6,9.7107386e+08,0.0021972656,1.03965394e+06
621,367764.66,385763.7,9.099626e+08,0.0029296875,1.1512631e+06
622,378419.2,385029.25,8.238211e+08,0.0025512695,1.2142349e+06
623,354854.22,382011.75,8.233869e+08,0.0022094727,1.04595775e+06
624,374112.6,381221.84,7.466639e+08,0.0022460937,1.182338e+06
625,381859.2,381285.56,6.7203405e+08,0.0022460937,1.232911e+06
626,369627.38,380119.75,6.1706285e+08,0.0021606446,1.1663146e+06
627,353199.12,377427.7,6.205814e+08,0.0021240234,1.0157405e+06
628,356617.72,375346.7,5.974982e+08,0.002380371,981277.0
629,345161.3,372328.16,6.197525e+08,0.0021606446,947191.44
630,345865.25,369681.88,6.2080294e+08,0.0020874024,949822.6
631,341053.66,366819.06,6.324844e+08,0.0028320313,886475.4
632,328977.3,363034.88,6.981158e+08,0.0024047852,834181.44
633,352725.7,362003.97,6.378693e+08,0.0020629882,987578.44
634,341752.97,359978.88,6.109916e+08,0.0025878907,986804.44
635,341078.8,358088.88,5.8204154e+08,0.002319336,1.00354025e+06
636,343086.7,356588.66,5.4409325e+08,0.00234375,988416.2
637,339321.44,354861.94,5.16518e+08,0.0022216798,1.0062375e+06
638,340300.0,353405.75,4.839507e+08,0.0023071289,976037.3
639,334269.2,351492.1,4.6851434e+08,0.0024047852,995854.0
640,320793.34,348422.22,5.0648006e+08,0.002294922,936810.1
641,321136.03,345693.6,5.2284032e+08,0.0026489259,942531.06
642,333590.97,344483.34,4.837389e+08,0.0026489259,1.0177657e+06
643,319196.3,341954.62,4.9291405e+08,0.0026855469,935574.56
644,326532.75,340412.44,4.650277e+08,0.0026123046,951814.6
645,327870.62,339158.25,4.3268166e+08,0.002294922,960271.1
646,326468.94,337889.3,4.0390515e+08,0.0025146485,959262.25
647,344961.38,338596.53,3.680159e+08,0.0025268556,1.1242512e+06
648,350270.2,339763.9,3.4347898e+08,0.0025268556,1.1222141e+06
649,343953.25,340182.84,3.1071062e+08,0.0024780275,1.0935968e+06
650,341097.44,340274.3,2.7971485e+08,0.0025024414,994650.8
651,352254.8,341472.38,2.6466128e+08,0.0029785156,1.01994444e+06
652,368712.47,344196.38,3.0497718e+08,0.003076172,1.0965641e+06
653,385443.56,348321.1,4.2759917e+08,0.0029296875,1.2124621e+06
654,348538.8,348342.88,3.848435e+08,0.0028686523,1.0858716e+06
655,351951.03,348703.7,3.475308e+08,0.002319336,1.0881385e+06
656,353743.88,349207.72,3.1506403e+08,0.0028930665,1.1086702e+06
657,332942.56,347581.2,3.0736758e+08,0.0024047852,991770.9
658,332564.75,346079.53,2.9692522e+08,0.0024658204,905203.94
659,320789.4,343550.53,3.247958e+08,0.0029663087,871822.8
660,328241.5,342019.62,3.1340918e+08,0.0025146485,914460.4
661,337968.3,341614.5,2.8354544e+08,0.0029296875,937523.1
662,337973.0,341250.34,2.5638434e+08,0.0028686523,952308.5
663,333613.94,340486.7,2.3599422e+08,0.0026123046,994543.2
664,333211.12,339759.12,2.1715883e+08,0.0024658204,994048.7
665,320486.0,337831.8,2.2887374e+08,0.0028320313,910316.8
666,329374.72,336986.1,2.1242338e+08,0.002697754,992985.0
667,346969.06,337984.38,2.001504e+08,0.0024536133,1.1303186e+06
668,330820.94,337268.03,1.847537e+08,0.0026855469,960649.94
669,345754.6,338116.7,1.7276029e+08,0.0025146485,1.0805699e+06
670,332651.8,337570.2,1.5817208e+08,0.002294922,1.0022037e+06
671,323147.5,336127.9,1.6107613e+08,0.0032836914,927600.6
672,313117.66,333826.88,1.9262096e+08,0.0028808594,882591.2
673,309871.53,331431.34,2.2500613e+08,0.002746582,835310.44
674,305633.75,328851.6,2.6240195e+08,0.002709961,828119.9
675,317955.25,327761.97,2.4684747e+08,0.003100586,867424.6
676,320995.38,327085.3,2.2628352e+08,0.0029663087,902464.2
677,315340.12,325910.78,2.1607061e+08,0.0024902343,859423.9
678,317714.5,325091.16,2.0050965e+08,0.0024658204,863527.3
679,304426.66,323024.72,2.1889062e+08,0.0026000978,768033.75
680,295517.12,320273.97,2.6510166e+08,0.0024291992,640431.1
681,311198.44,319366.4,2.4600435e+08,0.0033081055,709217.75
682,327970.06,320226.78,2.2806597e+08,0.0032470704,774382.94
683,314646.94,319668.8,2.0806149e+08,0.0027832033,742970.8
684,303861.25,318088.06,2.0974445e+08,0.003161621,680173.4
685,324437.66,318723.03,1.9239856e+08,0.0028564453,754576.56
686,312974.8,318148.22,1.7613248e+08,0.00279541,704758.6
687,313328.3,317666.22,1.6061006e+08,0.002722168,692356.8
688,307034.62,316603.06,1.5472182e+08,0.0025756836,586527.44
689,310216.25,315964.38,1.4292086e+08,0.002661133,600605.75
690,330509.62,317418.9,1.4766957e+08,0.0029052736,821203.4
691,338269.5,319503.97,1.7202986e+08,0.0030029297,902636.06
692,338666.06,321420.2,1.878736e+08,0.0029052736,941254.0
693,329238.28,322202.0,1.7458726e+08,0.0030029297,849461.25
694,318133.62,321795.16,1.5861819e+08,0.0029052736,797520.4
695,323088.44,321924.5,1.4290691e+08,0.002758789,836986.7
696,319430.25,321675.06,1.29176136e+08,0.0028320313,826839.9
697,322181.75,321725.72,1.16281624e+08,0.003125,839106.94
698,330526.72,322605.8,1.1162464e+08,0.0028564453,896699.9
699,342912.88,324636.53,1.3757608e+08,0.002734375,1.006026e+06
700,340571.97,326230.06,1.4667291e+08,0.0030029297,992775.1
701,343020.53,327909.12,1.573784e+08,0.0031860352,1.078769e+06
702,322672.12,327385.44,1.4410891e+08,0.003076172,935354.1
703,312752.38,325922.12,1.489694e+08,0.0031372071,825511.06
704,308570.25,324186.94,1.6117034e+08,0.0029907227,816977.75
705,297920.0,321560.25,2.0714898e+08,0.0028564453,869872.2
706,287848.06,318189.03,2.887201e+08,0.0032470704,831595.1
707,295353.75,315905.5,3.0677856e+08,0.0028442384,824464.5
708,293216.5,313636.6,3.2243187e+08,0.0028564453,736169.3
709,300832.47,312356.2,3.0494378e+08,0.0025268556,824221.9
710,285113.7,309631.94,3.4124323e+08,0.0024536133,743603.5
711,291684.12,307837.16,3.3611005e+08,0.003100586,784699.75
712,275690.2,304622.47,3.9550752e+08,0.0028808594,626407.06
713,302005.53,304360.78,3.5657312e+08,0.003027344,808757.8
714,298699.84,303794.7,3.2379994e+08,0.0030395507,797969.4
715,312370.5,304652.28,2.9803894e+08,0.0029541017,922066.06
716,309367.78,305123.84,2.7023626e+08,0.00279541,933843.8
717,293605.5,303972.0,2.5515314e+08,0.0028320313,818973.25
718,297788.38,303353.62,2.3307917e+08,0.0029052736,769024.8
719,311700.47,304188.3,2.1604152e+08,0.00279541,1.0002884e+06
720,294633.88,303232.88,2.0265322e+08,0.0029296875,728935.4
721,310547.3,303964.3,1.8720298e+08,0.0032836914,883847.6
722,303058.4,303873.72,1.6855653e+08,0.0036254884,810410.56
723,315889.8,305075.3,1.6469566e+08,0.0035156251,908278.0
724,306209.8,305188.75,1.4834192e+08,0.0030395507,858831.06
725,317276.12,306397.5,1.4665714e+08,0.0031738281,914179.9
726,292158.34,304973.6,1.5023925e+08,0.003027344,722033.94
727,300170.62,304493.3,1.3729149e+08,0.003063965,755090.9
728,301499.56,304193.94,1.2436897e+08,0.0030029297,801022.6
729,304307.5,304205.28,1.11933224e+08,0.002661133,760833.8
730,317084.78,305493.22,1.1566923e+08,0.0028686523,929592.06
731,326574.47,307601.34,1.4410002e+08,0.0034179688,1.0567651e+06
732,306819.62,307523.2,1.2974501e+08,0.0033325197,935637.3
733,313616.3,308132.5,1.2011186e+08,0.0033935548,936624.4
734,311635.22,308482.78,1.0920488e+08,0.0031372071,906712.2
735,299059.22,307540.44,1.062767e+08,0.0033691407,732829.6
736,308815.88,307667.97,9.579543e+07,0.0031738281,885374.5
737,303592.12,307260.38,8.771101e+07,0.0030395507,817138.5
738,297349.44,306269.28,8.778031e+07,0.0029052736,762190.06
739,319755.75,307617.94,9.537192e+07,0.0031494142,929598.56
740,319920.47,308848.2,9.945643e+07,0.0031982423,954879.6
741,298814.3,307844.8,9.8571864e+07,0.003442383,845859.44
742,291317.62,306192.1,1.1329798e+08,0.0029663087,793767.4
743,291048.62,304677.75,1.226074e+08,0.0035766603,744745.94
744,303373.25,304547.3,1.10499816e+08,0.0032348633,893864.44
745,304481.88,304540.78,9.945022e+07,0.0035888671,875509.2
746,323757.38,306462.44,1.2274017e+08,0.003161621,971779.4
747,309519.2,306768.12,1.1130709e+08,0.0032714845,941448.7
748,310967.44,307188.06,1.0176346e+08,0.0027832033,963811.1
749,316289.94,308098.25,9.904308e+07,0.0032714845,966443.6
750,277681.72,305056.6,1.7240365e+08,0.003100586,666459.94
751,291177.06,303668.62,1.7250101e+08,0.004101563,781299.7
752,278041.88,301105.94,2.1435664e+08,0.0033813477,623407.4
753,283224.0,299317.75,2.216997e+08,0.0032958984,673502.1
754,286101.62,297996.12,2.1524965e+08,0.0037597658,673106.8
755,306064.94,298803.0,1.995842e+08,0.0029418946,836103.8
756,317046.66,300627.38,2.0958056e+08,0.0033447265,933819.0
757,306031.28,301167.75,1.912507e+08,0.003112793,892000.0
758,290043.78,300055.34,1.8326248e+08,0.0031860352,821648.56
759,283459.56,298395.75,1.8972403e+08,0.0031982423,828931.44
760,293807.12,297936.88,1.7264662e+08,0.003063965,883158.44
761,270260.5,295169.25,2.2432032e+08,0.0037841797,719759.25
762,277185.8,293370.9,2.3099464e+08,0.00345459,783992.25
763,270526.34,291086.44,2.5486384e+08,0.0036254884,735494.75
764,280562.25,290034.03,2.3934573e+08,0.0035766603,811174.5
765,251716.48,286202.28,3.4755222e+08,0.0037475587,555324.25
766,260195.6,283601.62,3.736683e+08,0.0033447265,562391.1
767,259439.42,281185.4,3.8884454e+08,0.003503418,588767.44
768,270845.75,280151.44,3.5958186e+08,0.0032470704,749305.44
769,274777.03,279614.0,3.2622323e+08,0.0033325197,783972.2
770,265969.47,278249.56,3.1035648e+08,0.0031860352,710915.56
771,265285.28,276953.12,2.9444736e+08,0.003857422,714920.4
772,271548.0,276412.62,2.67632e+08,0.0034667968,794270.4
773,269415.5,275712.9,2.4527517e+08,0.0038085938,769062.2
774,276955.12,275837.12,2.2088651e+08,0.0038330078,833959.75
775,271889.44,275442.34,2.0020043e+08,0.0035156251,808506.7
776,285063.9,276404.5,1.8851208e+08,0.0037475587,895649.25
777,273096.78,276073.72,1.7064555e+08,0.0037597658,830658.44
778,261410.94,274607.44,1.7293074e+08,0.003076172,720860.06
779,259372.34,273083.94,1.7652738e+08,0.0029541017,652781.0
780,256493.75,271424.9,1.8364573e+08,0.0029907227,677136.3
781,265690.7,270851.5,1.6824046e+08,0.0036743165,789740.44
782,280230.8,271789.44,1.5933386e+08,0.0033935548,918248.44
783,270459.25,271656.4,1.4355971e+08,0.003540039,826928.56
784,265401.16,271030.88,1.3272527e+08,0.0036254884,791232.7
785,268391.88,270766.97,1.2007953e+08,0.0033569336,801429.5
786,278423.7,271532.62,1.1334786e+08,0.0033935548,867652.94
787,264509.8,270830.34,1.06451864e+08,0.0033935548,751294.6
788,262962.2,270043.53,1.0137838e+08,0.0035766603,731947.0
789,260203.48,269059.53,9.9954936e+07,0.003112793,709761.8
790,245197.89,266673.38,1.4120344e+08,0.0032958984,512301.62
791,244621.5,264468.2,1.7084877e+08,0.0040405276,542860.3
792,260189.97,264040.38,1.5541117e+08,0.0038085938,744241.4
793,261256.3,263761.97,1.4056765e+08,0.003967285,758870.8
794,277597.9,265145.56,1.4373986e+08,0.0037963868,854345.9
795,276332.4,266264.25,1.4062896e+08,0.0037353516,822367.25
796,284916.5,268129.47,1.5787763e+08,0.0038452148,895203.7
797,265529.88,267869.5,1.4269808e+08,0.0037231445,695730.3
798,250539.67,266136.53,1.5545733e+08,0.0036132813,583897.2
799,252797.4,264802.62,1.559255e+08,0.0036010742,611100.44
800,247789.5,263101.3,1.6638312e+08,0.0032714845,592740.44
801,265887.62,263379.94,1.5044352e+08,0.0044677737,715263.6
802,259538.05,262995.75,1.3672758e+08,0.004199219,696602.06
803,249887.9,261684.97,1.3851822e+08,0.0035522461,601723.4
804,260505.75,261567.05,1.2479155e+08,0.0037597658,686048.5
805,254187.89,260829.12,1.17213064e+08,0.0031494142,685802.7
806,251082.0,259854.4,1.1404234e+08,0.0039184573,659686.9
807,244642.75,258333.23,1.2346361e+08,0.0036987306,604956.94
808,252232.53,257723.16,1.1446691e+08,0.0035156251,632096.5
809,249679.77,256918.81,1.0884287e+08,0.0036376955,646828.94
810,234995.22,254726.45,1.4121653e+08,0.0035522461,472284.22
811,226330.83,251886.89,1.9966291e+08,0.0046875,422855.84
812,231123.4,249810.55,2.1849762e+08,0.0043579102,459878.66
813,238242.3,248653.72,2.0869205e+08,0.0044311523,585071.3
814,237016.97,247490.05,2.000101e+08,0.003820801,578264.6
815,234168.62,246157.9,1.9598051e+08,0.004174805,490615.4
816,228519.0,244394.02,2.0438426e+08,0.004370117,432367.3
817,238409.16,243795.53,1.8716949e+08,0.0040283203,473192.2
818,232197.12,242635.69,1.8055962e+08,0.004223633,347522.06
819,231446.94,241516.81,1.737706e+08,0.004370117,380774.0
820,226395.53,240004.69,1.769723e+08,0.0040161135,321114.78
821,231680.19,239172.23,1.6551182e+08,0.004638672,440299.7
822,237389.22,238993.94,1.4924677e+08,0.0043457034,511904.84
823,243759.44,239470.48,1.3636598e+08,0.00456543,550846.6
824,257964.72,241319.9,1.5351269e+08,0.0045532226,623531.4
825,256443.1,242832.22,1.5874539e+08,0.0047729495,609234.5
826,249751.55,243524.16,1.4717979e+08,0.003857422,558012.3
827,235422.66,242714.0,1.383689e+08,0.0045043947,436974.12
828,234017.98,241844.4,1.31337864e+08,0.003967285,511736.34
829,244678.69,242127.83,1.1892706e+08,0.0040405276,548473.8
830,249415.6,242856.61,1.1181438e+08,0.003881836,555515.44
831,240202.5,242591.2,1.0126693e+08,0.0044067386,597578.3
832,246636.95,242995.78,9.261336e+07,0.0042846682,643806.2
833,251086.03,243804.81,8.924272e+07,0.004638672,636140.75
834,253951.62,244819.5,8.958465e+07,0.004528809,704468.6
835,246868.66,245024.42,8.10041e+07,0.0044067386,689845.25
836,245272.17,245049.2,7.290921e+07,0.0045043947,663458.25
837,241285.11,244672.8,6.689344e+07,0.0040893555,587387.1
838,254786.78,245684.19,6.941043e+07,0.0040893555,742912.75
839,251359.64,246251.73,6.536836e+07,0.00423584,678522.9
840,244074.52,246034.02,5.9258148e+07,0.004174805,590472.6
841,255863.73,247016.98,6.2028436e+07,0.0046142577,732718.4
842,239872.78,246302.56,6.041916e+07,0.004589844,602948.2
843,227397.38,244412.05,8.65438e+07,0.00456543,521628.34
844,229126.27,242883.47,9.8918376e+07,0.004931641,521755.38
845,220258.88,240621.02,1.3509504e+08,0.004602051,305407.03
846,224108.58,238969.77,1.46125e+08,0.0046875,385561.97
847,225884.69,237661.25,1.4692222e+08,0.00456543,420045.7
848,231963.31,237091.45,1.3515198e+08,0.004602051,442419.62
849,221998.03,235582.11,1.421398e+08,0.004626465,283170.38
850,225576.11,234581.52,1.3693662e+08,0.003894043,262672.22
851,220533.9,233176.75,1.4100314e+08,0.0056518554,274193.84
852,226714.67,232530.55,1.3066107e+08,0.0048339847,401944.75
853,241745.9,233452.08,1.25238024e+08,0.004528809,631961.9
854,251876.8,235294.55,1.4326654e+08,0.005053711,708640.0
855,237729.28,235538.02,1.2947341e+08,0.004956055,585080.94
856,245090.44,236493.25,1.24738456e+08,0.004699707,633613.44
857,234964.38,236340.36,1.1247498e+08,0.0052734376,435569.66
858,235795.6,236285.88,1.01254184e+08,0.005090332,419801.2
859,238761.25,236533.4,9.168024e+07,0.004736328,537024.25
860,238148.45,236694.9,8.274697e+07,0.004992676,516756.72
861,235394.03,236564.81,7.462457e+07,0.005126953,507884.53
862,244054.06,237313.73,7.221011e+07,0.0055053714,594742.06
863,246705.27,238252.89,7.2927176e+07,0.0059082033,657781.25
864,251305.34,239558.14,8.096745e+07,0.005480957,735966.94
865,249898.16,240592.14,8.249314e+07,0.00501709,712596.8
866,235013.53,240034.28,7.7044696e+07,0.005322266,451233.7
867,233549.4,239385.8,7.312505e+07,0.004992676,432052.94
868,235553.19,239002.53,6.713454e+07,0.00489502,407925.9
869,245872.36,239689.52,6.46686e+07,0.0045043947,581403.75
870,241205.12,239841.08,5.8408476e+07,0.004675293,554260.8
871,233715.36,239228.5,5.5944828e+07,0.005810547,477497.56
872,252859.03,240591.55,6.707157e+07,0.0056030275,692279.56
873,252236.69,241756.06,7.256925e+07,0.0057373047,648755.94
874,241349.88,241715.44,6.532717e+07,0.0053344727,513720.5
875,239673.05,241511.2,5.916987e+07,0.005358887,512946.6
876,235380.44,240898.12,5.663565e+07,0.0051879883,455154.75
877,228666.47,239674.95,6.4437292e+07,0.005419922,377449.06
878,225503.0,238257.75,7.6069544e+07,0.004968262,359097.47
879,235699.16,238001.89,6.905176e+07,0.0051879883,471069.34
880,240078.88,238209.6,6.2534828e+07,0.005102539,491712.75
881,243389.69,238727.61,5.8696348e+07,0.0056640627,657793.94
882,238563.4,238711.19,5.282914e+07,0.005725098,601084.06
883,247130.72,239553.14,5.392619e+07,0.0057739257,676615.1
884,249946.98,240592.53,5.8256452e+07,0.0050781253,706348.75
885,245104.62,241043.73,5.4263116e+07,0.004992676,706093.1
886,249037.61,241843.12,5.4587988e+07,0.0049072267,738190.9
887,267513.88,244410.2,1.08438056e+08,0.005102539,901220.75
888,259841.66,245953.34,1.1902593e+08,0.004736328,869628.7
889,234035.44,244761.55,1.19906616e+08,0.0059448243,596254.44
890,225184.72,242803.86,1.4240866e+08,0.0051147463,402225.47
891,234021.9,241925.66,1.3510883e+08,0.0061401366,525809.1
892,222588.47,239991.94,1.5525136e+08,0.0059936526,345809.06
893,230658.56,239058.6,1.4756629e+08,0.006115723,403009.66
894,226261.55,237778.89,1.4754846e+08,0.0059692385,385912.1
895,223997.89,236400.8,1.4988605e+08,0.005029297,337377.12
896,236635.62,236424.28,1.349024e+08,0.006201172,488789.66
897,242264.66,237008.31,1.2448205e+08,0.0052856444,568262.8
898,239711.1,237278.6,1.126913e+08,0.005163574,565951.9
899,236428.11,237193.55,1.0148726e+08,0.005688477,587879.8
900,232657.67,236739.95,9.319021e+07,0.005444336,556920.56
901,229043.2,235970.28,8.920278e+07,0.006164551,393085.53
902,240846.69,236457.92,8.242265e+07,0.0061401366,537045.44
903,238007.81,236612.9,7.439658e+07,0.006213379,532251.0
904,232910.03,236242.62,6.819093e+07,0.0055664065,515950.25
905,239336.0,236551.97,6.223304e+07,0.005688477,625457.25
906,221961.44,235092.92,7.5169256e+07,0.005529785,329128.06
907,223633.12,233946.94,7.947175e+07,0.0060058595,354499.25
908,213100.62,231862.31,1.1063576e+08,0.006115723,231205.86
909,221329.77,230809.06,1.0955629e+08,0.006201172,253588.06
910,226081.44,230336.3,1.0061219e+08,0.0058715823,407941.2
911,214606.0,228763.27,1.1282077e+08,0.007348633,225901.47
912,215747.62,227461.7,1.16785304e+08,0.0061401366,268625.25
913,218610.6,226576.6,1.1215757e+08,0.0068603517,225304.2
914,226627.38,226581.67,1.0094204e+08,0.0068359375,422688.47
915,223602.94,226283.8,9.164639e+07,0.0062744142,403498.28
916,217077.0,225363.12,9.011061e+07,0.0068237307,341173.44
917,227175.72,225544.39,8.139524e+07,0.0063720704,548818.44
918,242172.78,227207.23,9.8141016e+07,0.0063598636,670988.8
919,236893.42,228175.86,9.677091e+07,0.005529785,549815.9
920,247843.44,230142.62,1.2190704e+08,0.006616211,626852.75
921,236265.62,230754.92,1.13090536e+08,0.0074951174,519108.88
922,233572.06,231036.64,1.0249575e+08,0.007055664,478112.3
923,234095.78,231342.56,9.3088424e+07,0.007788086,431194.97
924,225621.16,230770.42,8.672568e+07,0.0068969727,340499.53
925,223803.4,230073.72,8.242165e+07,0.006652832,325028.2
926,220489.25,229115.27,8.244707e+07,0.006518555,351799.62
927,214757.22,227679.47,9.275618e+07,0.0065673827,370630.38
928,206972.88,225608.81,1.2206923e+08,0.0067749023,159075.36
929,215208.4,224568.77,1.1959747e+08,0.0060668946,311110.03
930,209945.0,223106.39,1.2688463e+08,0.0063476562,245968.08
931,217491.92,222544.94,1.1703317e+08,0.007702637,294458.53
932,229669.67,223257.4,1.0989842e+08,0.007421875,547099.06
933,226806.28,223612.3,1.0004207e+08,0.007336426,530462.4
934,216190.0,222870.06,9.499601e+07,0.0070922854,281314.16
935,222866.33,222869.69,8.549641e+07,0.007873535,352736.75
936,220963.45,222679.06,7.72738e+07,0.0076538087,371296.16
937,223722.75,222783.44,6.9644456e+07,0.007678223,374193.0
938,226307.52,223135.84,6.379773e+07,0.0074584964,402845.4
939,215191.8,222341.44,6.3097668e+07,0.0075195315,332780.75
940,220094.1,222116.7,5.7242452e+07,0.007385254,342670.16
941,219208.5,221825.88,5.227939e+07,0.008459473,369781.88
942,214900.69,221133.36,5.1367692e+07,0.008410645,327595.53
943,208342.56,219854.28,6.095533e+07,0.008422852,275641.25
944,209678.83,218836.73,6.417838e+07,0.008337403,288579.72
945,217582.0,218711.27,5.790223e+07,0.008435058,479218.6
946,222847.73,219124.9,5.365194e+07,0.008239746,502770.62
947,214346.5,218647.06,5.034173e+07,0.008422852,423828.75
948,217743.81,218556.73,4.5380984e+07,0.0080688475,431823.25
949,209701.8,217671.23,4.7899776e+07,0.0074584964,214229.9
950,230339.19,218938.03,5.7552732e+07,0.0076171877,589762.75
951,222656.03,219309.83,5.3041576e+07,0.008813477,455771.34
952,213833.31,218762.17,5.043672e+07,0.008532715,350350.28
953,209960.03,217881.95,5.2366036e+07,0.009118653,343754.3
954,215618.56,217655.61,4.7590492e+07,0.008532715,395526.47
955,214964.75,217386.53,4.3483108e+07,0.00814209,331299.22
956,221701.62,217818.05,4.08106e+07,0.008386231,528005.7
957,222411.47,218277.39,3.8628496e+07,0.008630372,525595.1
958,218991.34,218348.78,3.481152e+07,0.008691407,512145.0
959,210712.7,217585.17,3.657824e+07,0.008276368,433079.22
960,220545.52,217881.2,3.3709144e+07,0.0085693365,502658.06
961,221865.4,218279.62,3.1766878e+07,0.009716797,492380.12
962,209133.53,217365.02,3.611878e+07,0.009399414,212417.52
963,210480.52,216676.56,3.6772572e+07,0.0098754885,225798.25
964,212227.95,216231.7,3.4876424e+07,0.009338379,213373.1
965,211691.12,215777.64,3.3244296e+07,0.009667969,283825.3
966,220912.36,216291.11,3.2292744e+07,0.00970459,394058.97
967,212691.03,215931.1,3.022992e+07,0.009545899,302265.16
968,217978.45,216135.83,2.7584178e+07,0.008972168,340738.7
969,222607.69,216783.02,2.8595406e+07,0.00979004,448658.62
970,217618.17,216866.53,2.5798638e+07,0.009240723,337914.25
971,209115.16,216091.39,2.8626318e+07,0.010546875,257433.19
972,208444.48,215326.7,3.1026452e+07,0.0109375,236868.67
973,203737.72,214167.81,4.0011216e+07,0.010986328,138226.78
974,209473.61,213698.39,3.7993292e+07,0.0106689455,268179.8
975,210636.34,213392.19,3.5037812e+07,0.010229493,288648.62
976,218346.28,213887.6,3.3742904e+07,0.010949708,450724.88
977,237896.44,216288.48,8.2246824e+07,0.010949708,706993.3
978,232178.03,217877.44,9.674513e+07,0.010510254,701988.4
979,218028.39,217892.53,8.7072664e+07,0.0105224615,522225.88
980,207188.81,216822.16,8.867666e+07,0.010290528,258631.23
981,216785.4,216818.48,7.980911e+07,0.012646484,452613.62
982,211197.06,216256.34,7.467223e+07,0.01237793,391937.6
983,209913.53,215622.06,7.082582e+07,0.01225586,382977.47
984,207891.62,214849.02,6.912161e+07,0.012243653,321245.0
985,207389.4,214103.06,6.721756e+07,0.012524414,311492.97
986,203756.44,213068.4,7.0130536e+07,0.011352539,294988.06
987,201136.81,211875.25,7.593014e+07,0.01237793,176950.86
988,202769.19,210964.64,7.579996e+07,0.012268066,222690.66
989,202968.62,210165.03,7.397422e+07,0.01225586,177963.84
990,202955.4,209444.06,7.125489e+07,0.011254883,190289.12
991,201286.92,208628.34,7.01179e+07,0.014990235,169562.95
992,199311.25,207696.64,7.0918856e+07,0.014489747,148055.61
993,201733.56,207100.33,6.7027216e+07,0.015490723,149065.78
994,207014.34,207091.73,6.032516e+07,0.014697266,381816.2
995,198743.84,206256.94,6.0564496e+07,0.0134887695,151365.44
996,207820.14,206413.25,5.472797e+07,0.014526367,309799.88
997,209038.17,206675.75,4.987529e+07,0.013427734,320010.9
998,208829.44,206891.12,4.5305212e+07,0.013842774,378380.6
999,199136.1,206115.62,4.6187336e+07,0.013769532,136112.3
1000,195065.78,205010.64,5.2557516e+07,0.013513184,77669.516
1001,194558.53,203965.44,5.7133956e+07,0.015136719,72228.64
1002,195281.44,203097.03,5.8207628e+07,0.016479492,84193.89
1003,194421.1,202229.44,5.9161332e+07,0.016772462,90616.055
1004,200994.5,202105.94,5.3382456e+07,0.016625976,196499.81
1005,198617.2,201757.06,4.9139624e+07,0.01505127,175788.11
1006,207066.95,202288.05,4.676321e+07,0.015881348,347995.97
1007,201673.22,202226.56,4.2120908e+07,0.01607666,339683.84
1008,202582.98,202262.2,3.792025e+07,0.016027832,309443.7
1009,193329.33,201368.92,4.1309884e+07,0.016589357,123694.28
1010,197232.92,200955.33,3.8718476e+07,0.01604004,243191.53
1011,195443.52,200404.14,3.7580836e+07,0.01809082,157874.72
1012,203553.34,200719.06,3.4715324e+07,0.018554688,343278.06
1013,199054.19,200552.58,3.1493252e+07,0.017492676,238417.2
1014,200712.66,200568.6,2.8346232e+07,0.018066406,201442.4
1015,197951.27,200306.86,2.6128144e+07,0.017382814,149684.94
1016,215886.75,201864.84,4.53613e+07,0.017993165,557494.2
1017,192947.53,200973.11,4.798183e+07,0.016687011,109248.52
1018,196141.25,200489.92,4.5284868e+07,0.016186524,221635.81
1019,195027.25,199943.66,4.3442052e+07,0.017126465,174611.94
1020,195673.06,199516.6,4.0739264e+07,0.016308594,168413.67
1021,195634.72,199128.4,3.8021544e+07,0.019042969,137964.38
1022,200558.97,199271.47,3.4403576e+07,0.01940918,389149.2
1023,192555.34,198599.86,3.5022788e+07,0.018615723,134280.77
1024,204335.66,199173.44,3.4481452e+07,0.018017579,351348.56
1025,203046.56,199560.75,3.2383404e+07,0.018127441,364752.7
1026,207371.66,200341.84,3.4635984e+07,0.017553711,426944.5
1027,207556.81,201063.34,3.5857404e+07,0.0180542,428287.88
1028,192089.2,200165.94,3.951983e+07,0.018615723,96535.586
1029,192099.67,199359.31,4.1423664e+07,0.017907714,105715.83
1030,192955.16,198718.89,4.0972484e+07,0.017419433,114205.21
1031,197922.0,198639.2,3.6932388e+07,0.019445801,407752.94
1032,191640.44,197939.33,3.764759e+07,0.01998291,111206.555
1033,193515.47,197496.94,3.564418e+07,0.02084961,182384.94
1034,193224.1,197069.66,3.3722908e+07,0.01958008,189205.67
1035,199307.47,197293.44,3.0801318e+07,0.020263672,340369.0
1036,188057.02,196369.8,3.539922e+07,0.020324707,68147.695
1037,192531.12,195985.94,3.3185484e+07,0.020617677,178860.53
1038,187952.53,195182.6,3.567514e+07,0.020446777,93706.87
1039,195198.44,195184.17,3.2107646e+07,0.02027588,321482.12
1040,190140.3,194679.78,3.118654e+07,0.021337891,150967.17
1041,190389.47,194250.75,2.9724496e+07,0.023815919,227725.5
1042,185457.17,193371.39,3.371148e+07,0.024340821,68606.87
1043,184437.33,192477.98,3.7523904e+07,0.0258667,43527.445
1044,184756.48,191705.83,3.9137452e+07,0.025878906,49969.965
1045,184223.55,190957.6,4.026231e+07,0.026110841,42605.95
1046,186365.84,190498.42,3.8133656e+07,0.025512695,123351.945
1047,198037.25,191252.31,3.9435344e+07,0.026721193,469764.66
1048,193365.33,191463.61,3.5893644e+07,0.027294923,322519.34
1049,186018.62,190919.11,3.4972584e+07,0.027429199,93723.03
1050,187865.03,190613.7,3.231479e+07,0.026708985,162824.94
1051,189619.56,190514.28,2.917226e+07,0.030505372,179894.03
1052,190900.88,190552.94,2.6268484e+07,0.030627443,387531.0
1053,197458.28,191243.47,2.7933174e+07,0.031176759,448076.66
1054,191259.75,191245.1,2.513988e+07,0.0315918,264199.12
1055,196821.36,191802.72,2.5424418e+07,0.031298827,408738.3
1056,199374.31,192559.88,2.8041588e+07,0.03112793,483068.28
1057,185265.9,191830.48,3.0025606e+07,0.03145752,165346.12
1058,184523.39,191099.78,3.182847e+07,0.032336425,134659.42
1059,182494.69,190239.27,3.5309908e+07,0.030212402,79861.83
1060,190206.42,190235.98,3.1779014e+07,0.03256836,381215.4
1061,190489.48,190261.33,2.8606896e+07,0.0359375,411195.62
1062,191178.6,190353.06,2.582193e+07,0.035473634,431931.22
1063,183848.44,189702.6,2.7047648e+07,0.03701172,136368.11
1064,181816.5,188913.98,2.9940026e+07,0.036218263,67617.81
1065,189592.83,188981.88,2.6987496e+07,0.037280273,376061.03
1066,185495.03,188633.19,2.5382972e+07,0.037329104,226727.73
1067,184607.12,188230.58,2.43035e+07,0.039074708,129473.33
1068,185251.6,187932.69,2.267184e+07,0.039099123,178616.83
1069,187561.25,187895.55,2.0417072e+07,0.038708497,254734.34
1070,186180.31,187724.03,1.8640146e+07,0.03967285,245786.06
1071,179639.22,186915.55,2.2658908e+07,0.04564209,66160.23
1072,184369.45,186660.94,2.097645e+07,0.043847658,257944.47
1073,181518.03,186146.64,2.1259258e+07,0.04460449,143139.95
1074,186253.6,186157.34,1.9134362e+07,0.045166016,277106.28
1075,177444.92,185286.1,2.4052492e+07,0.045300294,45363.375
1076,181035.4,184861.03,2.3273392e+07,0.043847658,109336.2
1077,187937.16,185168.64,2.179768e+07,0.045166016,323170.2
1078,178560.08,184507.78,2.354849e+07,0.04421387,71096.29
1079,177501.4,183807.14,2.5611678e+07,0.044787597,75510.96
1080,175129.45,182939.38,2.9827712e+07,0.04519043,32980.1
1081,176115.94,182257.03,3.1035276e+07,0.050927736,54981.066
1082,188169.3,182848.25,3.1077686e+07,0.05028076,387704.78
1083,179990.1,182562.44,2.8705132e+07,0.049047854,230638.94
1084,180188.5,182325.05,2.634182e+07,0.05036621,193162.67
1085,183042.28,182396.77,2.3753936e+07,0.049951173,418091.88
1086,184715.44,182628.62,2.1862404e+07,0.050927736,373491.78
1087,180934.92,182459.25,1.993434e+07,0.050390627,318491.1
1088,172314.06,181444.73,2.720414e+07,0.050683595,20384.373
1089,172682.75,180568.53,3.1393238e+07,0.05267334,33858.418
1090,172396.8,179751.36,3.4263868e+07,0.050573733,35720.55
1091,171930.97,178969.31,3.6341748e+07,0.0586792,30464.713
1092,171954.69,178267.84,3.713602e+07,0.06123047,31664.725
1093,171210.0,177562.06,3.79056e+07,0.059411623,26854.055
1094,170858.67,176891.72,3.8159228e+07,0.058264162,24687.69
1095,170296.6,176232.2,3.8257916e+07,0.059729006,14522.256
1096,170321.97,175641.19,3.7575904e+07,0.060180664,19793.76
1097,172864.33,175363.5,3.45123e+07,0.061181642,122474.02
1098,172847.75,175111.92,3.163068e+07,0.06081543,122691.39
1099,170243.62,174625.1,3.060064e+07,0.061425783,54891.824
1100,174922.33,174654.81,2.7548526e+07,0.064416505,202244.0
1101,170876.53,174276.98,2.6078458e+07,0.06717529,50618.875
1102,172048.56,174054.14,2.3917538e+07,0.065979004,106184.164
1103,170269.81,173675.7,2.2814686e+07,0.065979004,41958.266
1104,170552.22,173363.36,2.1411272e+07,0.067395024,58360.258
1105,170711.31,173098.16,1.9903146e+07,0.06734619,97370.19
1106,168374.78,172625.81,1.9920754e+07,0.06744385,19966.37
1107,168372.0,172200.44,1.955722e+07,0.06760254,21730.592
1108,167485.22,171728.92,1.9602492e+07,0.0675415,15690.237
1109,167347.78,171290.81,1.9369738e+07,0.07136231,14318.989
1110,167493.72,170911.11,1.8730376e+07,0.07050782,18143.639
1111,167501.6,170570.16,1.790357e+07,0.07634278,26035.66
1112,173025.23,170815.66,1.6655679e+07,0.077099614,265346.3
1113,166781.86,170412.28,1.6454547e+07,0.076416016,23954.836
1114,165807.81,169951.83,1.6717194e+07,0.07801514,10982.532
1115,165682.44,169524.89,1.6685967e+07,0.07825928,15134.486
1116,165788.95,169151.3,1.6273521e+07,0.077856444,26814.072
1117,165506.25,168786.8,1.5841942e+07,0.07879639,17629.3
1118,166753.12,168583.44,1.4629971e+07,0.07706299,58568.047
1119,165475.5,168272.64,1.4036309e+07,0.07910156,19605.0
1120,165815.03,168026.88,1.3176263e+07,0.07764893,32178.29
1121,168670.44,168091.23,1.1895912e+07,0.08475342,119060.984
1122,171453.38,168427.45,1.172368e+07,0.08352051,198932.52
1123,167004.5,168285.16,1.0733544e+07,0.086083986,56744.04
1124,171362.9,168592.94,1.0512718e+07,0.08594971,257090.12
1125,166364.47,168370.1,9.908392e+06,0.08928223,66403.734
1126,166494.06,168182.48,9.234307e+06,0.08895264,60292.445
1127,169565.52,168320.78,8.483026e+06,0.08979493,170404.98
1128,165041.0,167992.8,8.60285e+06,0.089306645,55983.777
1129,168400.34,168033.55,7.757513e+06,0.09069824,207883.45
1130,166659.28,167896.12,7.151736e+06,0.0927002,162800.1
1131,163277.72,167434.28,8.3562335e+06,0.09798584,39403.28
1132,163839.62,167074.81,8.68355e+06,0.09956055,49010.49
1133,163297.97,166697.12,9.099004e+06,0.09987793,46963.793
1134,162630.23,166290.44,9.677667e+06,0.10074463,33200.918
1135,161649.42,165826.34,1.0648413e+07,0.10231934,11856.565
1136,161193.53,165363.06,1.1515237e+07,0.10361328,9512.707
1137,161527.19,164979.47,1.1687968e+07,0.103430174,20171.305
1138,161671.16,164648.64,1.1504215e+07,0.10438233,25091.863
1139,162680.1,164451.78,1.0702559e+07,0.10274658,72624.0
1140,162127.75,164219.38,1.0118404e+07,0.103161626,70129.88
1141,161099.22,163907.36,9.982748e+06,0.11193848,13505.161
1142,160678.25,163584.45,9.922916e+06,0.10772705,10329.428
1143,160288.72,163254.88,9.908192e+06,0.10997315,12009.978
1144,160523.9,162981.78,9.58861e+06,0.111328125,16845.947
1145,160090.86,162692.69,9.381917e+06,0.114392094,15761.301
1146,159994.45,162422.86,9.098967e+06,0.117407225,17301.271
1147,159596.94,162140.27,8.907795e+06,0.1173584,15933.402
1148,159802.1,161906.45,8.50905e+06,0.1204834,33781.69
1149,158809.77,161596.78,8.521197e+06,0.12540284,5515.2827
1150,158637.9,161300.89,8.457022e+06,0.12519531,6084.723
1151,158478.6,161018.66,8.328202e+06,0.13303223,10345.584
1152,160416.78,160958.47,7.5279845e+06,0.13459472,100482.4
1153,158646.28,160727.25,7.256345e+06,0.13461915,26170.748
1154,158363.75,160490.9,7.033462e+06,0.1359375,17074.363
1155,158249.77,160266.8,6.7821595e+06,0.13579102,13521.879
1156,158126.12,160052.73,6.516366e+06,0.13800049,20428.666
1157,157360.5,159783.52,6.5170605e+06,0.13978271,5809.11
1158,157179.72,159523.14,6.4755325e+06,0.14365235,5334.0015
1159,157166.77,159287.5,6.3277045e+06,0.1463379,4774.1313
1160,156857.8,159044.53,6.226245e+06,0.1479126,4985.924
1161,156619.28,158802.0,6.132986e+06,0.15904541,4500.648
1162,156481.33,158569.94,6.004384e+06,0.15755616,4199.775
1163,156226.44,158335.6,5.8982245e+06,0.1585205,3948.355
1164,156232.77,158125.31,5.7063715e+06,0.16461182,3714.5034
1165,155891.58,157901.94,5.5847955e+06,0.16757813,3695.2886
1166,155717.0,157683.44,5.4559715e+06,0.1701294,3720.0818
1167,155534.5,157468.55,5.3259885e+06,0.17175293,3921.1199
1168,155537.69,157275.47,5.1289295e+06,0.1732666,3786.087
1169,155178.19,157065.73,5.0119095e+06,0.17678224,3477.0413
1170,155046.64,156863.83,4.877625e+06,0.17904054,3507.9055
1171,154902.88,156667.73,4.7359425e+06,0.18959962,3541.4775
1172,154620.34,156463.0,4.639611e+06,0.19361572,3457.1892
1173,154591.88,156275.89,4.4907495e+06,0.19815674,4100.374
1174,154317.03,156080.0,4.387016e+06,0.19881593,3487.8867
1175,154376.4,155909.64,4.209515e+06,0.20172119,9242.94
1176,154125.53,155731.23,4.0750375e+06,0.20421143,3837.2126
1177,153792.1,155537.31,4.0059575e+06,0.20429687,3308.8801
1178,153651.81,155348.77,3.9253215e+06,0.20881347,3145.3293
1179,153410.81,155154.97,3.870799e+06,0.21470948,2866.378
1180,153305.56,154970.03,3.7915465e+06,0.21459961,2946.718
1181,153239.8,154797.0,3.6818258e+06,0.22653809,2745.1035
1182,153151.97,154632.5,3.5571945e+06,0.23088379,2805.5493
1183,153020.2,154471.27,3.43543e+06,0.23127441,2834.135
1184,152817.31,154305.88,3.3380872e+06,0.23482667,2696.5813
1185,152761.56,154151.44,3.2189198e+06,0.2366211,2633.688
1186,152827.53,154019.05,3.0547732e+06,0.24050294,4211.1963
1187,152863.16,153903.45,2.8695432e+06,0.24034424,17539.27
1188,152391.19,153752.22,2.7884142e+06,0.2479004,3178.4727
1189,152337.6,153610.75,2.6896775e+06,0.25090334,4741.494
1190,152540.81,153503.75,2.5237385e+06,0.24873047,8060.1904
1191,152147.77,153368.16,2.436847e+06,0.2543091,3161.911
1192,152295.78,153260.92,2.296661e+06,0.25712892,4698.2524
1193,152094.75,153144.31,2.189391e+06,0.264209,2823.3787
1194,151995.38,153029.42,2.089257e+06,0.26173097,3429.6995
1195,151927.66,152919.25,1.9895811e+06,0.26254883,3422.303
1196,151759.28,152803.25,1.9117205e+06,0.26463625,2476.0894
1197,151692.53,152692.17,1.8315811e+06,0.2688965,2689.7854
1198,151595.22,152582.47,1.7567205e+06,0.26868898,2403.0232
1199,151597.28,152483.95,1.668402e+06,0.26938477,2527.9639
1200,151572.36,152392.8,1.5763521e+06,0.2668457,2539.6167
1201,151569.94,152310.52,1.4796556e+06,0.27344972,2747.551
1202,151600.72,152239.53,1.377033e+06,0.27211913,4923.078
1203,151394.28,152155.0,1.30363e+06,0.27474365,2380.2908
1204,151482.95,152087.8,1.2139152e+06,0.27976075,5711.115
1205,151507.25,152029.75,1.1228569e+06,0.27692872,6011.232
1206,151818.78,152008.66,1.0145768e+06,0.27659914,23513.746
1207,151646.12,151972.4,924947.7,0.2765503,13050.429
1208,151356.19,151910.78,866628.2,0.27697754,4136.351
1209,151243.72,151844.08,820012.9,0.27526855,5418.85
1210,151105.4,151770.22,787118.8,0.27850342,2715.6108
1211,151034.02,151696.6,757186.44,0.28570557,2700.8862
1212,151028.16,151629.75,721680.56,0.28566894,2436.1755
1213,151032.73,151570.05,681590.94,0.2847168,6110.6187
1214,150935.42,151506.58,649679.2,0.2875122,2611.7917
1215,151007.31,151456.66,607145.2,0.2824707,6353.569
1216,151295.1,151440.5,548779.9,0.2862427,18723.05
1217,150990.72,151395.52,512109.16,0.28343508,6715.6973
1218,150937.75,151349.73,479757.66,0.2869873,7390.148
1219,151570.62,151371.83,436173.22,0.2845703,32421.982
1220,150986.05,151333.25,405950.34,0.28699952,5820.3267
1221,150796.27,151279.55,391307.0,0.28840333,6057.6035
1222,151678.6,151319.45,366507.75,0.29024658,39261.676
1223,151924.27,151379.94,362778.78,0.28979492,50251.137
1224,150718.36,151313.78,365892.6,0.28968507,6005.8613
1225,150529.94,151235.39,384600.3,0.29206544,3627.7383
1226,150555.88,151167.44,387697.0,0.28895265,9535.833
1227,150573.6,151108.05,380665.8,0.29465333,6709.65
1228,150373.56,151034.6,391151.28,0.29378662,2260.5696
1229,150396.25,150970.77,388709.6,0.29375002,2891.227
1230,150281.81,150901.88,392557.72,0.29594728,2367.032
1231,150631.38,150874.83,359887.25,0.30202636,18490.14
1232,150186.72,150806.02,366513.0,0.3027954,3414.5332
1233,150287.19,150754.12,354088.12,0.30423585,3073.5325
1234,152738.06,150952.52,672920.0,0.3033081,116354.45
1235,150888.97,150946.16,605991.44,0.30009767,27415.602
1236,150449.58,150896.5,567585.4,0.29826662,13316.26
1237,150083.58,150815.2,570302.56,0.30097657,2969.8064
1238,150114.17,150745.1,557502.3,0.30361328,3951.5947
1239,150254.64,150696.05,523401.06,0.30135497,12167.496
1240,150020.53,150628.5,512129.84,0.30493164,6853.8516
1241,150026.31,150568.28,493553.53,0.30910644,3119.22
1242,149940.16,150505.47,479706.84,0.30599365,2745.312
1243,149842.36,150439.16,471310.4,0.30881348,2451.0764
1244,149827.06,150377.95,457898.66,0.31166992,2166.342
1245,149768.47,150317.0,445541.2,0.31052247,2011.9818
1246,149800.34,150265.33,425011.1,0.3081543,2312.6968
1247,149827.78,150221.58,399740.22,0.30993652,3841.8264
1248,149784.77,150177.89,376938.66,0.31124267,2462.5874
1249,149718.88,150131.98,358207.34,0.3121338,2133.1868
1250,149739.81,150092.77,336228.5,0.31350097,2150.78
1251,149703.53,150053.84,316240.94,0.3149414,2274.6438
1252,149714.45,150019.9,294983.56,0.31384277,2685.8125
1253,150072.38,150025.16,265732.97,0.31481934,19126.479
1254,150001.66,150022.81,239209.36,0.31362304,16215.127
1255,149925.34,150013.06,216143.44,0.31522217,11938.845
1256,149698.95,149981.66,203408.9,0.31068116,4947.1255
1257,149517.44,149935.23,202462.92,0.31610107,2540.8318
1258,149645.03,149906.22,189796.23,0.31756592,6224.128
1259,149705.38,149886.14,174447.05,0.3112671,6741.3486
1260,149618.81,149859.4,163434.12,0.31472167,6649.8867
1261,149531.14,149826.58,156788.95,0.31920168,3192.0408
1262,149881.7,149832.1,141383.55,0.32214355,20567.012
1263,151227.97,149971.69,302607.22,0.3220459,59492.35
1264,150596.22,150034.14,307450.03,0.3140503,42318.477
1265,149494.0,149980.12,302962.7,0.31240234,2536.6748
1266,149686.78,149950.8,280410.97,0.31568605,8751.448
1267,149501.8,149905.89,270513.94,0.31129152,3773.934
1268,149451.11,149860.4,262076.88,0.3121216,2646.2095
1269,149345.4,149808.9,259739.44,0.31773683,2662.743
1270,149348.52,149762.88,252841.83,0.31585693,2771.382
1271,149339.31,149720.52,243704.11,0.3223999,3637.6345
1272,149304.48,149678.9,234911.08,0.32141113,2522.6062
1273,149383.84,149649.4,219255.53,0.3256836,4680.859
1274,149219.62,149606.42,213954.05,0.32420656,2210.187
1275,150091.06,149654.89,213697.53,0.32382813,38515.305
1276,149332.66,149622.67,201672.92,0.3232422,9987.994
1277,149128.5,149573.25,203484.14,0.32362062,1837.4856
1278,149109.4,149526.86,202499.31,0.32526857,1929.8524
1279,149156.86,149489.86,194570.38,0.3265381,3101.107
1280,149150.17,149455.89,185498.22,0.32677004,2255.8743
1281,149146.98,149425.0,175536.47,0.33304444,2058.8616
1282,149181.34,149400.64,163325.98,0.33133546,2777.1655
1283,149285.38,149389.11,148189.12,0.33499756,6065.0
1284,149140.17,149364.22,138947.5,0.33007812,2327.6155
1285,149076.52,149335.45,132502.33,0.3354126,2245.806
1286,149012.03,149303.11,128666.25,0.33499756,2583.6372
1287,149013.52,149274.16,123347.43,0.3338379,2432.8018
1288,149038.48,149250.6,116011.4,0.3341919,2502.6506
1289,148973.75,149222.9,111308.08,0.33543703,2029.8126
1290,148952.75,149195.89,106745.86,0.33255616,1765.6205
1291,148934.12,149169.72,102238.18,0.33933106,1759.7886
1292,148956.22,149148.38,96116.766,0.33730468,1924.0759
1293,148919.44,149125.48,91222.195,0.33829346,2080.8413
1294,148925.0,149105.44,85717.43,0.3362793,1767.2454
1295,148844.47,149079.34,83275.11,0.3357544,1756.7291
1296,148836.84,149055.1,80240.16,0.34071046,1707.3492
1297,148758.9,149025.47,80111.57,0.34385988,1728.7842
1298,148773.75,149000.3,77803.02,0.34173584,1788.7019
1299,148753.31,148975.6,75512.83,0.34313965,1838.2959
1300,148722.67,148950.3,73718.8,0.3430054,1718.576
1301,148721.25,148927.39,71068.54,0.34818116,1600.2446
1302,148754.06,148910.06,66665.52,0.34577638,1843.2068
1303,148772.47,148896.3,61702.85,0.3458008,2223.2861
1304,148798.61,148886.53,56391.42,0.34205323,2276.562
1305,148755.81,148873.45,52290.145,0.3423584,1807.4855
1306,148760.56,148862.16,48208.117,0.34400636,3641.3586
1307,148763.48,148852.28,44263.555,0.342334,2355.0195
1308,148735.12,148840.56,41072.5,0.34761962,1925.0812
1309,148838.53,148840.36,36965.62,0.34326172,2033.8066
1310,148765.75,148832.9,33770.047,0.3392578,1838.6213
1311,148726.84,148822.3,31405.475,0.3464844,1674.485
1312,148734.6,148813.53,28957.191,0.34471437,1928.9939
1313,148706.28,148802.81,27096.701,0.3465332,1772.9939
1314,148679.69,148790.5,25751.41,0.34952393,2294.7305
1315,148726.9,148784.14,23540.242,0.3456421,2145.22
1316,148568.03,148762.53,25389.512,0.3466675,1886.611
1317,148645.69,148750.84,24079.281,0.35306397,1759.0938
1318,148628.05,148738.56,23028.47,0.3493042,1713.9404
1319,148654.84,148730.19,21356.418,0.35035402,3518.7559
1320,148677.4,148724.9,19471.504,0.35263672,6045.586
1321,148675.36,148719.95,17745.295,0.35441896,1720.118
1322,149642.1,148812.17,92501.664,0.35252687,46813.566
1323,148717.56,148802.72,84057.08,0.35073242,3638.5078
1324,148708.14,148793.27,76456.42,0.35301515,5979.828
1325,148726.75,148786.61,69208.96,0.35578614,5179.86
1326,148526.14,148760.56,68394.02,0.35465088,2234.1978
1327,148564.88,148741.0,65001.043,0.35771486,2490.4358
1328,148597.44,148726.64,60355.855,0.35957032,2094.2947
1329,148640.84,148718.06,54982.766,0.35349122,2057.2031
1330,148609.16,148707.17,50551.94,0.3559204,2047.6675
1331,148609.16,148697.38,46361.383,0.35841066,1930.1399
1332,148493.84,148677.02,45453.49,0.35998535,2231.779
1333,148478.98,148657.22,44437.61,0.362854,1897.6802
1334,148506.69,148642.17,42033.215,0.3659668,1716.5729
1335,148523.88,148630.34,39089.363,0.36445314,2421.9478
1336,148436.27,148610.94,38570.395,0.36185303,1579.8712
1337,148419.53,148591.8,38010.63,0.36302492,1600.4885
1338,148487.06,148581.33,35196.8,0.36102295,1662.3376
1339,148518.34,148575.03,32034.152,0.35998535,1822.423
1340,148530.7,148570.6,29007.584,0.36141357,2075.0632
1341,148605.5,148574.08,26216.484,0.36259767,6134.3594
1342,148721.92,148588.86,25562.035,0.36478272,12291.843
1343,148541.86,148584.16,23204.64,0.36567384,3281.3298
1344,148534.12,148579.16,21109.457,0.36597902,2064.8694
1345,148585.81,148579.83,19002.498,0.36650392,2680.6873
1346,148513.75,148573.22,17495.217,0.36297607,2371.1367
1347,148407.4,148556.64,18220.135,0.36132812,1760.8965
1348,148467.44,148547.72,17114.27,0.361438,1649.1638
1349,148468.03,148539.75,15974.351,0.36424562,1825.6625
1350,148482.64,148534.03,14670.449,0.36669922,1549.4396
1351,148427.9,148523.42,14217.03,0.36586913,1539.031
1352,148472.67,148518.34,13027.128,0.36557618,1604.7722
1353,148421.81,148508.69,12563.061,0.36452636,1791.5044
1354,148423.22,148500.14,11964.195,0.36584473,1992.84
1355,148438.9,148494.02,11105.244,0.37127686,1803.7217
1356,148407.86,148485.4,10662.78,0.37026367,1644.833
1357,148386.03,148475.47,10485.287,0.36757812,1754.2267
1358,148329.94,148460.92,11342.899,0.37156984,1585.8973
1359,148351.84,148450.02,11279.433,0.37347412,1680.9043
1360,148391.16,148444.12,10463.287,0.36795655,1756.5144
1361,148396.6,148439.38,9620.288,0.3732544,1905.1521
1362,148346.66,148430.11,9431.968,0.37523195,2019.274
1363,148395.27,148426.62,8598.039,0.3734009,2567.9202
1364,148675.62,148451.53,13318.324,0.37052003,12056.743
1365,148431.2,148449.5,12023.683,0.37121582,4016.957
1366,149610.4,148565.6,132114.62,0.37471923,52302.43
1367,149542.7,148663.31,204830.02,0.36871338,50963.54
1368,148624.92,148659.47,184479.66,0.36754152,9963.682
1369,148420.69,148635.6,171163.17,0.37141114,1798.7015
1370,148364.89,148608.53,160642.06,0.37091064,1765.5955
1371,149000.06,148647.69,158374.56,0.3753418,29124.357
1372,148429.9,148625.9,146805.69,0.3768921,3535.467
1373,148412.52,148604.56,136223.33,0.37633058,2195.073
1374,148348.05,148578.9,128523.02,0.37683105,2071.7302
1375,148422.06,148563.22,117884.71,0.37078857,2726.0393
1376,148306.36,148537.53,112034.14,0.3727173,1860.1372
1377,148408.19,148524.6,102336.41,0.37668458,1835.4509
1378,148343.23,148506.45,95062.98,0.37460938,1619.2454
1379,148358.88,148491.69,87516.81,0.37668458,1508.8644
1380,148359.6,148478.48,80335.516,0.3748413,1612.1493
1381,148316.19,148462.25,74672.59,0.37441406,1753.195
1382,148313.75,148447.4,69190.04,0.37738037,1452.5288
1383,148296.19,148432.28,64329.074,0.37630615,1434.783
1384,148235.88,148412.64,61367.953,0.37675783,1460.011
1385,148256.8,148397.06,57417.01,0.3789795,1429.3977
1386,148348.0,148392.16,51891.953,0.37539062,4625.5186
1387,148438.69,148396.81,46897.62,0.37987062,7914.5415
1388,148643.12,148421.44,47668.145,0.38155517,13625.837
1389,148344.56,148413.75,43433.207,0.37661132,2776.6548
1390,148305.69,148402.94,40140.86,0.37844238,2067.218
1391,148289.86,148391.62,37277.574,0.38167724,1969.0367
1392,148299.62,148382.42,34311.574,0.38828126,3192.7302
1393,148260.64,148370.25,32215.176,0.38417968,1628.6375
1394,148233.14,148356.53,30685.566,0.38500977,1642.0332
1395,148222.44,148343.12,29235.31,0.38616943,1499.6046
1396,148259.73,148334.78,26937.639,0.38256836,1508.6227
1397,148258.75,148327.17,24764.14,0.3821167,1671.1747
1398,148275.02,148321.95,22532.55,0.38150635,1802.3181
1399,148306.84,148320.44,20299.842,0.38415527,1935.8644
1400,148463.8,148334.78,20119.53,0.38273928,8282.648
1401,148402.78,148341.58,18523.736,0.3890747,7190.9634
1402,148817.47,148389.17,37053.83,0.38515624,27110.82
1403,148305.94,148380.84,33971.96,0.3848999,2351.0767
1404,148287.28,148371.48,31362.62,0.3852051,2508.7896
1405,148240.72,148358.4,29765.326,0.38535157,1614.3981
1406,148285.22,148351.1,27270.87,0.38813478,1857.6593
1407,148205.5,148336.53,26451.56,0.3887085,1402.9675
1408,148195.6,148322.44,25594.107,0.3859131,1471.5992
1409,148295.19,148319.72,23101.525,0.3918335,1644.4628
1410,148254.88,148313.23,21169.797,0.3848877,1521.1115
1411,148299.86,148311.89,19068.916,0.38649902,1628.0686
1412,148274.12,148308.11,17290.387,0.3883667,3268.8257
1413,148196.34,148296.94,16685.588,0.3890503,1737.5138
1414,148129.84,148280.23,17529.86,0.3876953,1521.8694
1415,148193.22,148271.53,16458.328,0.39195558,1806.4568
1416,148225.94,148266.97,14999.586,0.38881835,1659.8295
1417,148174.44,148257.72,14270.21,0.38846436,1462.5632
1418,148149.06,148246.86,13905.745,0.38883057,1355.0596
1419,148206.61,148242.83,12660.976,0.39007568,1748.4229
1420,148161.92,148234.73,11984.002,0.38778076,1592.6292
1421,148187.1,148229.97,10989.868,0.39227295,1834.7231
1422,148200.58,148227.03,9968.624,0.39619142,2046.9224
1423,148388.56,148243.19,11320.072,0.39593506,9651.303
1424,148346.78,148253.55,11153.914,0.39086914,9293.357
1425,148159.69,148244.16,10831.385,0.3949585,1730.3147
1426,148216.34,148241.38,9817.864,0.39752197,2464.6948
1427,148147.72,148232.02,9625.512,0.39611816,1525.9767
1428,148218.28,148230.64,8679.9375,0.39063722,3266.5098
1429,148138.36,148221.4,8578.368,0.39305422,2174.8904
1430,148165.55,148215.81,8001.356,0.39572755,1466.7019
1431,148170.9,148211.33,7382.7114,0.39736328,1452.8212
1432,148113.38,148201.53,7507.9736,0.39659426,1435.5712
1433,148127.25,148194.11,7253.7695,0.39487305,1467.7588
1434,148215.16,148196.22,6568.26,0.3986206,3557.5122
1435,148159.33,148192.53,6033.916,0.39558107,1574.1357
1436,148141.94,148187.47,5660.8994,0.39729005,1708.6075
1437,148227.67,148191.48,5240.2754,0.3944458,2212.3286
1438,148201.06,148192.44,4724.5044,0.39664307,1631.3894
1439,148271.17,148200.31,4809.973,0.4018921,3882.3328
1440,148184.9,148198.77,4350.3374,0.39316407,1983.7777
1441,148177.53,148196.64,3955.8845,0.39329836,2968.3232
1442,148164.89,148193.47,3651.0215,0.40158692,1975.0391
1443,148164.86,148190.61,3359.584,0.40075684,4014.0918
1444,148179.06,148189.45,3035.6252,0.4014038,2240.763
1445,148162.75,148186.78,2796.2378,0.40056154,1928.533
1446,148171.48,148185.25,2537.6733,0.40043947,1819.2432
1447,148240.25,148190.75,2556.156,0.40212402,3890.353
1448,148192.45,148190.92,2300.8013,0.40214846,1711.4323
1449,148171.55,148188.98,2104.5063,0.39416504,1879.5022
1450,148316.5,148201.73,3357.4768,0.39783937,10190.582
1451,148151.94,148196.75,3244.9045,0.39978027,1519.3782
1452,148159.53,148193.03,3045.0852,0.39937744,1698.4675
1453,148208.62,148194.6,2762.4614,0.39812014,2283.7122
1454,148127.02,148187.84,2897.2273,0.3966919,1485.6025
1455,148150.0,148184.06,2736.398,0.40222168,1558.2723
1456,148155.16,148181.17,2537.9595,0.39916992,2361.4507
1457,148857.05,148248.77,43396.797,0.39692384,34340.977
1458,148180.22,148241.9,39479.996,0.4005371,2437.4255
1459,148184.5,148236.17,35828.586,0.39733887,2023.4
1460,148148.11,148227.36,32943.676,0.39970705,1716.9087
1461,148142.5,148218.88,30297.41,0.3984375,1415.0422
1462,148132.56,148210.25,27938.154,0.4044922,1352.4547
1463,148157.98,148205.03,25390.191,0.4033203,1630.9928
1464,148273.89,148211.92,23277.918,0.40222168,5649.8423
1465,148250.38,148215.77,21083.205,0.39812014,4963.838
1466,148083.78,148202.56,20542.674,0.40150148,1550.7056
1467,148123.92,148194.7,19044.998,0.40771484,1621.1138
1468,148106.94,148185.92,17833.75,0.40245363,1430.1312
1469,148046.31,148171.97,17804.545,0.40095216,1319.9636
1470,148076.94,148162.47,16836.875,0.4026123,1337.369
1471,148094.72,148155.69,15566.292,0.40432128,1676.0477
1472,148120.88,148152.2,14118.734,0.4102539,1945.691
1473,151134.56,148450.44,813208.94,0.41016847,137992.89
1474,148347.69,148440.16,732838.2,0.40544435,9623.127
1475,148152.66,148411.4,666993.44,0.40681154,1557.3157
1476,148133.34,148383.6,607252.75,0.39935303,1540.8271
1477,148114.56,148356.69,553041.5,0.40546876,1378.2667
1478,148094.66,148330.48,503916.78,0.40899658,1304.1886
1479,148097.4,148307.17,458414.38,0.39860842,1673.1544
1480,148039.22,148280.38,419034.8,0.40786132,1377.6327
1481,148026.98,148255.03,382909.94,0.40842286,2256.1797
1482,148046.11,148234.14,348547.28,0.410022,1339.1581
1483,148014.73,148212.2,318025.06,0.41237792,1278.0135
1484,148105.0,148201.48,287256.88,0.40754396,1736.2408
1485,148071.9,148188.53,260042.34,0.41195068,1424.729
1486,148041.78,148173.86,235976.31,0.40700683,1366.2979
1487,148049.9,148161.47,213761.47,0.4088013,1345.8953
1488,148050.47,148150.38,193494.2,0.40981445,1440.8082
1489,148055.69,148140.9,174951.7,0.4088257,1456.7229
1490,148053.05,148132.12,158151.27,0.4135376,1237.2439
1491,148109.61,148129.88,142381.77,0.41203615,1465.1411
1492,148171.61,148134.05,128300.34,0.41185305,3833.678
1493,148121.69,148132.81,115484.055,0.4105713,1593.5255
1494,148120.84,148131.61,103948.54,0.40133056,1470.9552
1495,148094.98,148127.95,93674.41,0.41256103,1518.9683
1496,148123.34,148127.5,84308.875,0.4074463,1759.9132
1497,148071.31,148121.88,76162.12,0.40931398,1434.2783
1498,148069.73,148116.66,68790.586,0.41375732,1621.8002
1499,147965.7,148101.56,63962.344,0.4133423,1332.9374
1500,148006.81,148092.1,58374.09,0.4138916,1324.3937
1501,148059.52,148088.84,52632.2,0.41274413,1553.7755
1502,148011.12,148081.08,47912.594,0.4071045,1422.0491
1503,148051.1,148078.08,43202.25,0.4125122,1370.2725
1504,148041.66,148074.44,39001.414,0.41036376,1283.8608
1505,148061.02,148073.1,35117.484,0.41545412,1268.7567
1506,148030.1,148068.8,31772.145,0.41239014,1221.3992
1507,148066.34,148068.55,28595.47,0.41784668,1357.6642
1508,148050.88,148066.78,25764.031,0.40755615,1416.7156
1509,148002.0,148060.3,23565.322,0.41379395,1300.323
1510,147995.02,148053.77,21592.338,0.41307375,1411.7882
1511,148023.53,148050.75,19515.375,0.41817626,1399.9349
1512,148029.78,148048.66,17603.408,0.41329345,1530.3942
1513,148267.47,148070.53,20152.168,0.41346437,12094.402
1514,148135.56,148077.03,18517.566,0.41363525,3183.7134
1515,148063.22,148075.66,16682.98,0.4109009,1831.5403
1516,148037.7,148071.86,15144.322,0.41729736,2824.898
1517,148016.95,148066.38,13901.213,0.4130127,1569.6733
1518,148039.53,148063.69,12575.944,0.4165283,2054.8372
1519,147982.67,148055.6,11909.067,0.41434327,1453.9187
1520,148023.42,148052.38,10811.313,0.41583252,1680.2991
1521,147948.52,148041.98,10700.991,0.4124756,1392.7872
1522,147979.78,148035.77,9979.122,0.41400146,1325.7544
1523,148034.53,148035.64,8981.347,0.41627198,1687.9989
1524,147997.25,148031.8,8215.857,0.41033936,1406.1173
1525,147996.3,148028.25,7507.6943,0.4140869,1575.7568
1526,148049.69,148030.39,6798.2856,0.4131836,1371.6482
1527,148049.88,148032.34,6152.6245,0.40725097,1508.0981
1528,148006.22,148029.73,5598.788,0.41135255,1414.1578
1529,148041.94,148030.95,5052.3115,0.41573486,1359.9445
1530,148011.25,148028.98,4582.0195,0.40931398,1306.7397
1531,148068.47,148032.94,4264.129,0.41174316,1460.9695
1532,148036.28,148033.27,3838.7222,0.41010743,1406.1277
1533,148029.33,148032.88,3456.245,0.41199952,1240.1035
1534,148064.6,148036.05,3201.1677,0.40777588,1335.2416
1535,148006.5,148033.1,2959.6226,0.41176757,1370.8219
1536,148010.34,148030.81,2710.241,0.4154663,1233.993
1537,148014.9,148029.22,2461.9875,0.41293946,1420.3201
1538,147972.31,148023.53,2507.2378,0.41030273,1409.7656
1539,147970.48,148018.22,2509.7712,0.41291505,1433.199
1540,147998.77,148016.28,2292.8523,0.41429445,2387.8655
1541,148010.2,148015.67,2066.8918,0.4128296,1600.385
1542,148098.31,148023.94,2474.8552,0.4123047,2640.7961
1543,148081.86,148029.73,2529.3147,0.40946046,4610.691
1544,148033.1,148030.06,2277.399,0.41337892,1655.0442
1545,148057.94,148032.84,2119.5906,0.41710207,2413.9653
1546,148041.88,148033.75,1914.972,0.41132814,3904.771
1547,148041.72,148034.55,1729.19,0.41601562,1477.3939
1548,148051.0,148036.19,1580.6344,0.410791,3175.2559
1549,148022.88,148034.86,1438.521,0.4130127,1684.7925
1550,147994.27,148030.8,1442.9756,0.41062012,1291.3656
1551,147973.06,148025.03,1598.6713,0.40612793,1448.6136
1552,148008.11,148023.34,1464.5756,0.4126709,1785.4474
1553,148009.1,148021.92,1336.3937,0.41053468,1512.1558
1554,147996.31,148019.36,1261.7799,0.41485596,1383.2185
1555,147952.27,148012.66,1540.7433,0.4107544,1216.3433
1556,147973.9,148008.78,1521.8096,0.41545412,1287.6012
1557,147945.58,148002.47,1729.1458,0.41328126,1321.4825
1558,147975.48,147999.77,1621.7653,0.41722414,1226.244
1559,147960.31,147995.81,1599.6781,0.41746828,1199.7955
1560,147938.0,147990.03,1740.5159,0.4149414,1638.2003
1561,147940.84,147985.11,1784.2112,0.4130127,1154.7301
1562,147907.36,147977.33,2149.8457,0.41677245,1200.7356
1563,147956.69,147975.27,1973.2042,0.41536865,1548.3082
1564,147999.53,147977.69,1828.8777,0.41210938,1217.2998
1565,147943.4,147974.27,1751.7582,0.41070557,1362.3749
1566,147992.83,147976.12,1607.5933,0.4142456,1362.5018
1567,147948.11,147973.33,1517.4727,0.41185305,1219.0052
1568,147969.6,147972.95,1366.9805,0.41271973,1154.2129
1569,147945.64,147970.22,1297.4199,0.41558838,1196.4645
1570,147932.11,147966.4,1298.3871,0.41765139,1401.6097
1571,147941.03,147963.88,1226.4985,0.4192383,1174.957
1572,147931.31,147960.62,1199.2771,0.41469726,1179.2747
1573,147914.47,147956.02,1271.0853,0.41640624,1187.9086
1574,147943.5,147954.77,1158.0745,0.41398928,1267.1484
1575,147928.31,147952.12,1105.2461,0.41671142,1248.696
1576,147939.62,147950.88,1008.78394,0.41416016,1221.5557
1577,147966.39,147952.42,929.57166,0.41429445,1296.796
1578,147966.16,147953.8,853.59143,0.4129761,1247.4662
1579,147951.48,147953.56,768.71356,0.40927735,1429.0667
1580,147900.23,147948.23,947.79224,0.4137085,1139.8093
1581,147884.61,147941.88,1217.3457,0.4194092,1123.635
1582,147932.44,147940.94,1103.6271,0.41459963,1191.771
1583,147875.81,147934.42,1374.9783,0.4208252,1145.7682
1584,147870.98,147928.08,1599.6688,0.41672364,1162.7152
1585,147928.33,147928.11,1439.7075,0.41807863,1185.4521
1586,147885.86,147923.89,1456.3923,0.41446534,1199.4855
1587,147922.72,147923.78,1310.8767,0.4167969,1200.7008
1588,147878.36,147919.23,1365.4723,0.41467285,1148.2203
1589,147900.19,147917.33,1261.5756,0.41680908,1157.1731
1590,147941.45,147919.73,1187.7993,0.41912842,1259.909
1591,147928.94,147920.66,1076.6421,0.41617432,1202.9883
1592,147948.28,147923.42,1037.6605,0.41081545,1341.038
1593,147959.25,147927.0,1049.4233,0.41120607,1338.1864
1594,147934.23,147927.72,949.1913,0.41502687,1264.1532
1595,147919.9,147926.94,859.7653,0.41383058,1207.828
1596,147947.81,147929.03,813.0076,0.41400146,1369.4777
1597,147950.81,147931.2,774.4049,0.41669923,1788.0823
1598,147916.02,147929.69,717.7238,0.41657716,1197.3881
1599,147923.84,147929.11,649.02484,0.415271,1320.4852
1600,147924.19,147928.62,586.30255,0.41552734,1273.2736
1601,147859.88,147921.75,953.06287,0.41672364,1517.7932
1602,147899.44,147919.52,902.56287,0.41639405,1428.1292
1603,147940.1,147921.58,850.4179,0.4158081,2178.8596
1604,147927.02,147922.12,768.0371,0.41351318,1184.2058
1605,147947.08,147924.62,747.27264,0.4173584,2503.6033
1606,147930.52,147925.22,675.66833,0.4154175,3469.2092
1607,147862.53,147918.95,961.77655,0.41395265,1230.4716
1608,147865.31,147913.6,1124.5575,0.41829833,1137.4055
1609,147895.4,147911.78,1041.8723,0.41242677,1225.8931
1610,147915.77,147912.19,939.11383,0.4133545,1176.4442
1611,147926.1,147913.58,862.607,0.41641846,1658.2506
1612,147897.66,147911.98,799.1618,0.41779786,1297.5898
1613,147879.14,147908.7,816.3297,0.41972658,1162.4432
1614,147888.66,147906.7,770.86566,0.41429445,1273.88
1615,147914.73,147907.5,699.58417,0.41624758,1554.1785
1616,147932.94,147910.05,687.86176,0.41556397,1208.2019
1617,147909.97,147910.03,619.0761,0.41796875,1129.7837
1618,147884.6,147907.48,615.4045,0.41448975,1227.7834
1619,147878.7,147904.61,628.41644,0.41759035,1183.933
1620,147861.2,147900.27,735.14404,0.41914064,1174.1636
1621,147917.16,147901.95,687.30597,0.41729736,1314.8015
1622,147930.92,147904.84,694.10236,0.4183716,1646.7954
1623,147932.78,147907.64,694.9375,0.41713867,1603.295
1624,147860.86,147902.97,822.4074,0.4118042,1163.7515
1625,147854.6,147898.12,950.77936,0.41591796,1276.7031
1626,147900.31,147898.34,856.1321,0.4217163,1892.2742
1627,147876.14,147896.12,814.8869,0.41812745,1213.3843
1628,147880.25,147894.53,756.0796,0.41713867,1171.7031
1629,147917.83,147896.86,729.3186,0.42261964,1147.5372
1630,147867.19,147893.89,735.6245,0.4166626,1187.7422
1631,147935.12,147898.02,815.0867,0.41782227,1558.5084
1632,148217.06,147929.92,9894.76,0.41571045,17230.182
1633,148050.05,147941.94,10203.985,0.41759035,10539.71
1634,147909.03,147938.64,9281.041,0.42026368,4190.414
1635,148072.53,147952.03,9966.34,0.41577148,6480.956
1636,148141.25,147970.95,12192.041,0.40883788,5975.3716
1637,147916.69,147965.53,11237.864,0.4138916,1484.1206
1638,147873.47,147956.33,10876.873,0.4138672,1269.9462
1639,147855.47,147946.25,10704.721,0.4161499,1257.5946
1640,147861.12,147937.73,10286.413,0.41641846,1139.9021
1641,147926.56,147936.62,9269.005,0.42004395,1710.7556
1642,147897.06,147932.67,8482.972,0.41607666,1539.7339
1643,147996.12,147939.02,7997.041,0.42164308,4207.348
1644,147910.36,147936.16,7271.243,0.41916505,2818.9448
1645,147888.45,147931.39,6748.9214,0.4139038,1195.3846
1646,147880.48,147926.3,6307.2593,0.4156128,1376.3549
1647,147876.06,147921.28,5903.6475,0.41844484,1275.4998
1648,147856.66,147914.81,5689.1577,0.41789553,1237.0232
1649,147861.16,147909.45,5379.351,0.4149048,1187.5469
1650,147812.8,147899.78,5682.235,0.42285156,1195.9575
1651,147835.64,147893.38,5484.273,0.4242676,1247.2491
1652,147858.75,147889.9,5043.7456,0.41939697,1167.4799
1653,147850.77,147886.0,4677.25,0.4164551,1209.9635
1654,147890.75,147886.47,4211.5557,0.4204956,1259.541
1655,147836.14,147881.44,4018.3628,0.41932374,1149.3728
1656,147855.53,147878.84,3676.9285,0.4178833,1151.0188
1657,147852.34,147876.19,3372.4382,0.42017823,1115.3108
1658,147875.66,147876.14,3035.2197,0.41245118,1116.5906
1659,147888.1,147877.34,2744.5566,0.41555175,2569.322
1660,147878.44,147877.45,2470.2085,0.42001954,2904.1536
1661,147838.9,147873.6,2356.915,0.4209961,1082.4253
1662,147856.44,147871.88,2147.7136,0.4196167,1264.2511
1663,147859.19,147870.61,1947.4297,0.41583252,2136.608
1664,147917.66,147875.31,1951.8934,0.41929933,2373.5562
1665,147861.33,147873.9,1774.3047,0.411792,1140.8213
1666,147804.25,147866.94,2033.5535,0.41920167,1165.5891
1667,147798.56,147860.1,2250.9607,0.41938478,1129.1877
1668,147841.56,147858.23,2056.7712,0.42155764,1191.4309
1669,147896.25,147862.03,1981.161,0.41583252,2646.1636
1670,147871.27,147862.95,1790.7195,0.41851807,1596.0114
1671,147849.42,147861.6,1628.126,0.41761476,1168.8463
1672,147987.39,147874.17,2889.55,0.42126465,4722.5356
1673,147909.98,147877.75,2716.023,0.41810304,1489.5095
1674,147906.44,147880.62,2518.4883,0.41584474,1213.9198
1675,147922.47,147884.81,2424.2202,0.4157959,2672.089
1676,147914.2,147887.75,2259.541,0.41529542,3731.847
1677,147805.1,147879.48,2648.472,0.41878662,1108.2025
1678,147812.27,147872.77,2790.277,0.41896972,1055.0748
1679,147857.9,147871.28,2531.1213,0.42041016,1145.1354
1680,147862.19,147870.38,2285.4517,0.41934815,1309.5258
1681,147823.69,147865.7,2253.0813,0.42052004,1039.916
1682,147812.47,147860.38,2282.824,0.42008057,1057.2333
1683,147819.75,147856.31,2203.0767,0.42076418,1134.7351
1684,147808.27,147851.5,2190.534,0.41812745,1173.6598
1685,147825.88,147848.94,2030.5781,0.41710207,1187.3594
1686,147817.48,147845.8,1916.5573,0.42038575,1073.7527
1687,147828.92,147844.11,1750.5304,0.41524658,1146.387
1688,147850.5,147844.75,1579.153,0.41914064,1243.0894
1689,147837.98,147844.08,1425.3573,0.41558838,1172.4371
1690,147849.16,147844.6,1285.1425,0.41827393,1364.4022
1691,147790.95,147839.23,1415.5867,0.41921386,1072.3087
1692,147819.16,147837.22,1310.3098,0.41949463,1182.6768
1693,147904.81,147843.98,1590.4811,0.41755372,1689.3552
1694,147822.75,147841.86,1472.0138,0.42164308,1145.1603
1695,147808.58,147838.53,1424.5001,0.42050782,1121.4696
1696,147798.44,147834.52,1426.7258,0.4196167,1203.5149
1697,147841.78,147835.25,1288.8042,0.41623536,1292.8251
1698,147828.97,147834.62,1163.4746,0.4151245,1125.7139
1699,147843.2,147835.48,1053.7496,0.4182373,1068.6682
1700,147799.62,147831.9,1064.1052,0.4168457,1218.3546
1701,147849.16,147833.62,984.4753,0.42050782,1126.2805
1702,147852.25,147835.48,917.2479,0.41877443,1277.1316
1703,147882.75,147840.22,1026.5867,0.4164795,1712.4229
1704,147838.78,147840.08,924.11395,0.41710207,2792.913
1705,147797.81,147835.84,992.4769,0.4139038,1345.5117
1706,147806.19,147832.88,972.3836,0.41872558,1550.0862
1707,147803.25,147829.9,954.13293,0.41870117,1521.0917
1708,147787.03,147825.62,1024.1635,0.42056885,1112.3129
1709,147861.62,147829.22,1038.3871,0.42034912,1137.666
1710,147863.67,147832.66,1041.38,0.4182251,1341.7263
1711,147792.98,147828.69,1078.8892,0.41997072,1073.6418
1712,147810.28,147826.84,1001.49133,0.4201416,1195.4987
1713,147869.03,147831.06,1061.5228,0.41708985,1459.3885
1714,147813.9,147829.34,981.86084,0.41771242,1150.2354
1715,147806.2,147827.03,931.86865,0.41724855,1064.0172
1716,147790.03,147823.33,961.8918,0.4165283,1050.1636
1717,147797.11,147820.7,927.5706,0.4179077,1081.0226
1718,147801.38,147818.77,868.4354,0.4215088,1096.4852
1719,147737.25,147810.61,1379.6237,0.41750488,1043.4203
1720,147770.84,147806.62,1383.9786,0.41966555,993.9726
1721,147779.45,147803.9,1312.0287,0.41590577,1287.7888
1722,147789.88,147802.5,1198.5447,0.41845703,1073.7887
1723,147757.19,147797.97,1263.4802,0.41689453,1166.7478
1724,147783.5,147796.52,1155.9731,0.41879883,1186.6088
1725,147811.88,147798.05,1061.6078,0.42174074,1156.6942
1726,147810.28,147799.27,968.9182,0.41816407,1167.2186
1727,147768.7,147796.2,956.09235,0.41928712,1073.3901
1728,147798.5,147796.44,860.95795,0.42095947,1057.6884
1729,147768.66,147793.66,844.324,0.4180298,1073.3796
1730,147744.69,147788.77,975.706,0.42144775,1086.9492
1731,147797.34,147789.62,884.75793,0.4207886,1114.3997
1732,147801.06,147790.77,808.0556,0.4167969,1083.5708
1733,147836.88,147795.38,918.59674,0.41883546,1310.7489
1734,147758.8,147791.72,947.1534,0.4192505,1075.443
1735,147794.22,147791.97,853.00055,0.41722414,1119.6368
1736,147794.94,147792.27,768.4937,0.4177002,1147.2562
1737,147791.75,147792.22,691.6683,0.4209717,1148.5177
1738,147794.2,147792.42,622.85583,0.419458,1252.1487
1739,147821.56,147795.34,636.9961,0.42023927,1125.5203
1740,147808.72,147796.69,589.3966,0.41577148,1142.4176
1741,147828.31,147799.84,620.46954,0.4187134,1219.2698
1742,148018.1,147821.67,4845.3984,0.41658935,9449.145
1743,147811.28,147820.62,4370.575,0.41956788,1228.5664
1744,147824.89,147821.05,3935.155,0.4218994,1301.1096
1745,147823.17,147821.27,3542.046,0.41696778,1301.5178
1746,147786.69,147817.81,3295.4495,0.41550294,1185.2797
1747,147785.19,147814.55,3061.6995,0.41721192,1042.9409
1748,147796.8,147812.77,2783.8853,0.42020264,1075.8297
1749,147751.31,147806.62,2845.3804,0.41903076,1001.0367
1750,147782.53,147804.22,2613.088,0.41939697,1352.512
1751,147799.75,147803.77,2353.5764,0.42069092,1107.8563
1752,147810.03,147804.39,2121.752,0.41867676,1200.7516
1753,147764.5,147800.4,2052.7903,0.42039797,1054.9458
1754,147793.31,147799.7,1852.0402,0.41989747,1210.0767
1755,147920.31,147811.77,2976.032,0.42161867,6749.325
1756,147904.19,147821.0,3447.1912,0.42297363,3928.2783
1757,147760.75,147814.97,3429.1777,0.42353517,1168.7877
1758,147762.83,147809.75,3330.938,0.42297363,1082.6509
1759,147755.38,147804.31,3263.9417,0.42092285,1051.8778
1760,147770.62,147800.94,3039.6838,0.41829833,1498.266
1761,147812.6,147802.11,2747.9436,0.42324218,1108.0137
1762,147777.12,147799.61,2529.3289,0.41900635,1191.1934
1763,147790.36,147798.69,2284.0964,0.41658935,1263.574
1764,147811.52,147799.97,2070.497,0.41402587,1104.0419
1765,147784.52,147798.42,1884.9392,0.41671142,1079.168
1766,147803.53,147798.94,1698.7948,0.41558838,1437.5154
1767,147762.14,147795.25,1650.7761,0.4173584,1293.8588
1768,147766.58,147792.38,1559.6853,0.41893312,1190.663
1769,147792.97,147792.44,1403.7485,0.42419434,1208.6669
1770,147806.72,147793.86,1281.7295,0.41641846,1750.1273
1771,149067.36,147921.2,147115.75,0.4175415,58964.785
1772,147792.53,147908.34,133894.25,0.4135376,1328.4962
1773,147782.83,147895.8,121922.7,0.42358398,1086.9727
1774,147811.8,147887.39,110365.47,0.4156128,1604.5582
1775,147799.78,147878.62,100019.7,0.4201416,1440.0753
1776,147808.31,147871.6,90462.67,0.41811523,1024.603
1777,147782.97,147862.73,82123.3,0.41898194,1129.5687
1778,147787.66,147855.22,74418.27,0.4194214,1063.8654
1779,147800.25,147849.72,67248.38,0.42126465,1416.4929
1780,147763.39,147841.1,61194.273,0.41776124,1071.1738
1781,147754.95,147832.48,55742.664,0.41817626,1076.012
1782,147776.83,147826.92,50447.184,0.4179077,1140.2328
1783,147780.78,147822.31,45594.07,0.41809082,1214.3812
1784,147822.69,147822.34,41034.676,0.41904297,1175.1948
1785,147817.12,147821.83,36933.656,0.41934815,1155.0413
1786,147755.58,147815.2,33635.305,0.41602784,1068.816
1787,147741.47,147807.83,30761.082,0.4210205,1034.6146
1788,147751.14,147802.16,27974.186,0.42124024,1125.2402
1789,147754.08,147797.34,25384.8,0.4204834,1130.2329
1790,147781.97,147795.81,22867.596,0.41824952,1184.8738
1791,147760.42,147792.28,20693.56,0.42145997,1017.9758
1792,147780.12,147791.06,18637.504,0.41832277,1207.6224
1793,147769.25,147788.88,16816.574,0.41617432,2023.8761
1794,147795.69,147789.56,15139.093,0.42145997,2522.7156
1795,147802.06,147790.81,13639.246,0.41431886,1790.3125
1796,147759.73,147787.7,12362.248,0.42059326,1151.4702
1797,147783.06,147787.23,11127.961,0.42043456,1088.0575
1798,147830.28,147791.53,10181.9375,0.4197998,1197.8198
1799,147803.19,147792.7,9175.972,0.41799316,1385.2052
1800,147706.12,147784.05,8932.994,0.41313478,1134.805
1801,147731.88,147778.83,8284.666,0.4211548,1027.845
1802,147953.9,147796.34,10214.91,0.419458,5785.431
1803,149091.61,147925.88,160187.6,0.41470948,58230.51
1804,147749.45,147908.23,146970.05,0.41400146,1193.1018
1805,147772.06,147894.62,133941.89,0.42276612,1084.3254
1806,147765.52,147881.72,122047.93,0.41881105,1057.4823
1807,147793.19,147872.86,110548.54,0.42034912,1239.9076
1808,147751.95,147860.77,100809.336,0.417334,1083.69
1809,147782.64,147852.95,91277.72,0.41973877,1226.163
1810,147755.9,147843.25,82997.58,0.42198488,1064.9634
1811,147781.19,147837.05,75044.48,0.42054445,1148.3899
1812,147774.05,147830.75,67897.234,0.41872558,1539.3809
1813,147787.66,147826.44,61274.65,0.4197754,1209.9977
1814,147796.42,147823.44,55228.266,0.41901857,1006.1783
1815,147765.08,147817.6,50011.96,0.41414794,1127.0873
1816,147758.06,147811.64,45329.723,0.41978762,1086.5352
1817,147735.0,147803.97,41325.39,0.41881105,1011.4331
1818,147732.44,147796.81,37653.355,0.42095947,1075.9574
1819,147739.38,147791.06,34184.934,0.42176515,1184.4847
1820,147704.72,147782.42,31437.41,0.42124024,1126.5988
1821,147767.22,147780.9,28314.47,0.42286378,1519.3334
1822,147742.84,147777.1,25613.41,0.4262085,1198.954
1823,147759.72,147775.36,23079.238,0.41760254,1297.9629
1824,147737.69,147771.6,20899.041,0.42332765,1518.0573
1825,147751.88,147769.62,18844.13,0.42003176,990.37775
1826,147721.78,147764.84,17165.729,0.4253784,955.8926
1827,147776.0,147765.95,15460.356,0.4248291,1431.9779
1828,147756.25,147764.98,13922.794,0.41850588,1164.8242
1829,147758.72,147764.36,12534.048,0.4201416,1110.4495
1830,147797.9,147767.72,11381.928,0.42301026,1093.7944
1831,147724.16,147763.36,10414.527,0.41433105,1072.786
1832,147752.39,147762.27,9383.902,0.4213623,1208.3666
1833,147718.38,147757.88,8618.887,0.42147216,1028.2423
1834,147705.47,147752.64,8004.1753,0.4156128,975.018
1835,147726.12,147749.98,7267.0347,0.4212036,1024.3184
1836,147771.28,147752.11,6581.151,0.4199585,1033.0659
1837,147770.12,147753.9,5952.246,0.41434327,1064.0461
1838,147729.92,147751.5,5408.794,0.42061767,1069.2065
1839,147740.86,147750.44,4878.1045,0.41896972,1084.5905
1840,147740.25,147749.42,4399.6343,0.4203003,1057.7662
1841,147720.39,147746.52,4035.524,0.42248535,1042.5221
1842,147753.72,147747.23,3636.641,0.41976318,1076.3717
1843,147749.4,147747.45,3273.4014,0.4169922,956.05664
1844,147720.78,147744.78,3010.0862,0.41771242,1364.4789
1845,147715.08,147741.81,2788.4822,0.42352295,1001.4666
1846,147729.1,147740.55,2524.1929,0.42025146,1212.9109
1847,147740.31,147740.53,2271.7783,0.42087403,1100.88
1848,147731.06,147739.58,2052.6697,0.422583,1003.5914
1849,147677.22,147733.34,2197.3848,0.42559814,998.32404
1850,147691.97,147729.2,2131.7163,0.42542726,1170.4403
1851,147757.11,147732.0,1988.633,0.42050782,1047.3525
1852,147730.22,147731.83,1790.0553,0.4199585,1071.1632
1853,147683.84,147727.03,1818.2748,0.41867676,1044.818
1854,147721.03,147726.44,1639.6873,0.4211304,1025.2174
1855,147740.5,147727.84,1493.5164,0.4225586,1568.6545
1856,147726.5,147727.7,1344.3271,0.41698,1211.2333
1857,147734.11,147728.34,1213.588,0.42388916,1343.5825
1858,147775.98,147733.11,1296.4957,0.4225586,1905.1503
1859,147728.69,147732.67,1168.606,0.4220581,1278.3081
1860,147839.67,147743.38,2082.1553,0.42506105,5198.1455
1861,147747.78,147743.81,1875.687,0.42347413,1121.8333
1862,147747.9,147744.22,1689.6266,0.42209473,1140.9633
1863,147752.14,147745.02,1526.312,0.41759035,1525.5139
1864,147697.38,147740.25,1577.9474,0.4218628,1186.1478
1865,147815.02,147747.72,1923.2435,0.42524415,3324.8523
1866,147782.3,147751.17,1838.5273,0.42072755,2846.2114
1867,147711.16,147747.17,1798.7871,0.42382812,987.54205
1868,147723.5,147744.81,1669.3406,0.41920167,1139.4348
1869,147671.1,147737.44,1991.5074,0.42041016,994.12177
1870,147693.38,147733.03,1967.0919,0.4235962,1004.7545
1871,147718.64,147731.6,1789.0208,0.42335206,1042.4397
1872,147730.27,147731.47,1610.2773,0.4213379,1045.8693
1873,147728.19,147731.14,1450.2185,0.41965333,1040.0913
1874,147722.86,147730.31,1311.3688,0.42276612,1070.9701
1875,147755.75,147732.86,1238.4679,0.42495117,1031.6232
1876,147724.78,147732.05,1120.4941,0.42038575,1287.4933
1877,147720.69,147730.9,1020.0579,0.42303467,1085.6132
1878,147702.02,147728.02,993.1723,0.4208252,1016.0894
1879,147741.84,147729.4,911.0646,0.4203125,1129.592
1880,147740.06,147730.47,830.1781,0.4194458,1003.5498
1881,147708.36,147728.25,791.1545,0.42207032,1016.39557
1882,147732.77,147728.7,713.87415,0.41739503,1054.5098
1883,147694.78,147725.31,746.04913,0.41912842,1024.355
1884,147714.92,147724.28,681.1611,0.42250976,1046.8756
1885,147683.94,147720.25,759.5306,0.42100832,1026.1879
1886,148250.69,147773.3,26006.332,0.42233887,25061.664
1887,147782.66,147774.23,23413.582,0.42122802,4070.2014
1888,147727.22,147769.53,21271.166,0.41724855,1570.6239
1889,147669.84,147759.56,20038.434,0.41896972,918.67676
1890,147718.6,147755.47,18185.648,0.42344972,906.3848
1891,147697.2,147749.64,16672.623,0.41739503,990.61194
1892,147724.64,147747.14,15061.61,0.42283937,1153.1948
1893,147768.89,147749.31,13598.025,0.41922608,1102.8015
1894,147751.0,147749.48,12238.4795,0.41698,1135.4943
1895,147723.0,147746.84,11077.76,0.41777346,962.7932
1896,147694.61,147741.62,10215.542,0.42364502,939.7525
1897,147704.78,147737.94,9316.159,0.42124024,976.77856
1898,147711.48,147735.3,8447.521,0.4192383,984.0218
1899,147717.89,147733.56,7630.037,0.42192385,1102.114
1900,147730.6,147733.27,6867.8267,0.42335206,1249.3091
1901,147706.72,147730.61,6244.47,0.41932374,1697.7162
1902,147720.17,147729.56,5629.8276,0.42259523,988.78613
1903,147679.84,147724.6,5289.3203,0.4256714,953.0221
1904,147724.69,147724.61,4760.389,0.42241213,1009.9056
1905,147713.25,147723.47,4295.963,0.42425537,981.56573
1906,147693.94,147720.52,3944.855,0.41800538,1217.8191
1907,147712.8,147719.75,3555.7317,0.42301026,1021.1231
1908,147710.36,147718.81,3208.095,0.42141113,1078.7214
1909,147698.6,147716.8,2924.0774,0.41766357,1042.8225
1910,147694.34,147714.55,2677.0425,0.42368165,1122.6904
1911,147690.62,147712.16,2460.8413,0.41818848,973.3789
1912,147734.34,147714.38,2259.0627,0.4223999,1146.0513
1913,147689.36,147711.88,2089.4768,0.42054445,1058.5742
1914,147704.75,147711.16,1885.098,0.42344972,1118.6948
1915,147734.53,147713.5,1745.7633,0.42215577,1145.8214
1916,147689.36,147711.1,1623.6362,0.42303467,988.93585
1917,147709.05,147710.89,1461.6497,0.4233887,950.6654
1918,147713.6,147711.16,1316.1423,0.42122802,1020.2546
1919,147738.16,147713.86,1250.1381,0.4211792,1059.552
1920,147700.28,147712.5,1141.717,0.4218506,999.51166
1921,147658.56,147707.11,1289.3782,0.42058107,934.09576
1922,147701.66,147706.56,1163.1166,0.42695314,1000.45374
1923,147672.12,147703.12,1153.5396,0.41832277,1002.703
1924,147692.88,147702.1,1047.6411,0.42143556,945.2809
1925,147697.5,147701.64,944.7762,0.41834718,1004.3219
1926,147701.45,147701.62,850.30176,0.42364502,931.40015
1927,147708.25,147702.28,769.2217,0.41850588,1007.7381
1928,147718.56,147703.9,716.1566,0.41949463,1218.6475
1929,147769.22,147710.44,1028.4559,0.4248169,2045.5425
1930,147714.39,147710.83,927.0168,0.41936037,1453.0703
1931,147691.81,147708.92,866.8586,0.42132568,1112.4509
1932,147676.88,147705.72,872.6029,0.42106935,959.6877
1933,147683.03,147703.45,831.66766,0.41884765,972.5402
1934,147660.19,147699.12,916.97314,0.42507324,1195.672
1935,147688.53,147698.06,835.3763,0.42103273,1218.3997
1936,147718.75,147700.12,790.35614,0.42148438,990.949
1937,147703.19,147700.44,712.1646,0.4174927,1011.8638
1938,147661.16,147696.52,779.81964,0.42369387,1017.5399
1939,147675.97,147694.47,739.8333,0.41777346,935.1504
1940,147669.14,147691.94,723.58624,0.42055663,899.3032
1941,147681.84,147690.92,660.3971,0.42363283,1008.02014
1942,147706.77,147692.5,616.9495,0.42775878,1126.9791
1943,147694.06,147692.66,555.4743,0.42121583,1079.9171
1944,147692.17,147692.61,499.94797,0.41978762,988.7692
1945,147664.14,147689.77,522.89545,0.4197998,898.1248
1946,147678.23,147688.61,482.57318,0.42022705,921.2054
1947,147636.94,147683.44,674.6143,0.41983643,957.817
1948,147700.5,147685.14,633.3545,0.42095947,962.6497
1949,147656.19,147682.25,645.46454,0.42423096,983.1558
1950,147685.8,147682.61,582.0503,0.42141113,985.1417
1951,147655.44,147679.89,590.2932,0.4217163,1050.1425
1952,147689.19,147680.81,539.0427,0.42114258,1167.536
1953,147689.5,147681.69,491.93097,0.4237549,993.5325
1954,147690.4,147682.56,449.57935,0.42381594,1141.8523
1955,147669.06,147681.22,421.0239,0.41928712,1036.621
1956,147670.78,147680.17,388.72623,0.4237793,953.0728
1957,147674.4,147679.6,352.84543,0.42540285,952.2117
1958,147640.53,147675.69,454.88998,0.42380372,940.70483
1959,147692.27,147677.34,434.13605,0.4239258,1016.89026
1960,147651.03,147674.72,453.03372,0.42305908,889.6774
1961,147647.53,147672.0,474.25473,0.4202759,955.2594
1962,147668.3,147671.62,428.06342,0.4188965,912.1851
1963,147647.69,147669.23,436.82742,0.42043456,980.0749
1964,147678.2,147670.12,400.38412,0.42229006,1125.2524
1965,147693.4,147672.45,409.1272,0.42095947,1082.8665
1966,147699.72,147675.19,435.12177,0.41904297,1052.972
1967,147702.88,147677.95,460.60336,0.42020264,1150.6685
1968,147675.38,147677.69,415.14124,0.4211792,1005.94147
1969,147686.38,147678.56,380.41965,0.42404786,1076.425
1970,147678.27,147678.53,342.38562,0.42470703,1057.7856
1971,147680.1,147678.69,308.3668,0.41929933,943.91235
1972,147661.19,147676.94,305.0926,0.42105713,1028.5472
1973,147660.0,147675.25,300.40244,0.4229004,985.253
1974,147636.66,147671.39,404.41516,0.4237793,1021.48785
1975,147723.1,147676.56,604.5628,0.42265627,1497.5942
1976,147683.94,147677.3,549.0017,0.4196411,965.57275
1977,147667.31,147676.3,503.0734,0.42144775,942.27606
1978,147678.2,147676.48,453.09308,0.42462158,970.761
1979,147669.4,147675.78,412.29276,0.41928712,958.9347
1980,147677.1,147675.9,371.2185,0.42326662,962.50195
1981,147656.02,147673.92,369.70398,0.41949463,915.46075
1982,147650.88,147671.62,380.53784,0.42320558,991.35706
1983,147651.52,147669.61,378.87888,0.42197266,1072.5714
1984,147646.16,147667.27,390.4954,0.42263183,957.39166
1985,147643.1,147664.84,404.031,0.41833496,942.9706
1986,147664.67,147664.83,363.63055,0.4243164,933.8947
1987,147661.17,147664.47,328.47064,0.41903076,952.03064
1988,147638.95,147661.92,354.2178,0.4223755,895.96216
1989,147632.78,147659.0,395.22186,0.42558596,887.13495
1990,147696.62,147662.77,483.10733,0.42260742,1444.2402
1991,147714.12,147667.9,672.19727,0.42095947,1107.6829
1992,147651.89,147666.31,628.06256,0.42314455,898.96533
1993,147667.56,147666.44,565.3969,0.4239746,1001.7549
1994,147689.16,147668.7,555.30994,0.4194092,1170.937
1995,147667.53,147668.6,499.90253,0.41555175,963.6457
1996,147653.97,147667.12,469.16238,0.42358398,964.0001
1997,147673.47,147667.77,425.868,0.42218018,965.94965
1998,147703.22,147671.31,496.40436,0.4222168,971.03235
1999,147660.1,147670.19,458.09134,0.42088625,936.95447
2000,147657.69,147668.94,426.3447,0.4194092,1053.8469
2001,147673.52,147669.39,385.59653,0.421167,1056.6083
2002,147648.02,147667.25,388.157,0.4241333,1042.4149
2003,147665.1,147667.03,349.75974,0.4253296,998.01184
2004,147664.75,147666.8,315.25214,0.42371827,1002.0002
2005,147646.44,147664.77,321.0323,0.42261964,963.85126
2006,147694.69,147667.75,369.50772,0.42281494,1069.5547
2007,147655.92,147666.56,345.14835,0.421521,980.64276
2008,147623.02,147662.2,481.30322,0.42248535,920.29034
2009,147639.16,147659.9,480.97714,0.42010498,958.4094
2010,147650.81,147659.0,440.32208,0.4234131,986.4496
2011,147643.69,147657.47,417.3924,0.4216675,972.1416
2012,147657.16,147657.44,375.66193,0.42550048,1244.7399
2013,147640.47,147655.73,364.0102,0.42279053,1059.4447
2014,147661.39,147656.3,330.48856,0.4234131,997.824
2015,147681.92,147658.86,356.53735,0.4212036,954.85986
2016,147691.44,147662.12,416.4037,0.42207032,990.0009
2017,147690.34,147664.95,446.4301,0.4213135,1116.8469
2018,147651.64,147663.62,417.73712,0.41973877,950.109
2019,147676.78,147664.94,391.54123,0.42066652,1056.143
2020,147688.73,147667.31,403.3533,0.42279053,931.76514
2021,147652.5,147665.83,382.76486,0.4197754,925.9076
2022,147644.12,147663.66,386.88068,0.42333984,931.53174
2023,147617.66,147659.06,538.63257,0.42318115,1102.4135
2024,147622.58,147655.4,604.56915,0.42565918,941.1015
2025,147666.28,147656.5,554.7561,0.42712402,1014.94135
2026,147616.19,147652.47,645.53925,0.42222902,950.8051
2027,147641.67,147651.39,591.4768,0.42539063,1132.6519
2028,147710.1,147657.27,842.47424,0.4247925,1641.8899
2029,147644.25,147655.97,773.4734,0.42022705,954.4911
2030,147639.17,147654.28,721.5182,0.42172852,942.18567
2031,147631.95,147652.05,694.2354,0.42457277,885.80365
2032,147645.61,147651.4,628.5416,0.4256714,921.04767
2033,147678.38,147654.11,631.1456,0.423938,1009.0366
2034,147647.86,147653.48,571.5467,0.42100832,1018.60236
2035,147676.12,147655.75,560.5258,0.42319337,1209.2892
2036,147643.52,147654.53,517.94446,0.42058107,962.11743
2037,147649.9,147654.06,468.07513,0.42176515,1022.1737
2038,147675.95,147656.25,464.39554,0.42520753,998.13446
2039,147654.56,147656.08,418.21225,0.42076418,959.1136
2040,147637.94,147654.27,406.00842,0.42199707,910.086
2041,147617.69,147650.61,485.82388,0.4263794,964.04144
2042,147627.06,147648.25,487.14246,0.41817626,923.9714
2043,147641.56,147647.58,442.45325,0.42163086,904.2055
2044,147635.6,147646.38,411.1342,0.42430422,916.8595
2045,147623.27,147644.06,418.08466,0.42443848,945.54144
2046,147629.84,147642.64,394.47174,0.42416993,957.97833
2047,147645.9,147642.97,355.98434,0.42492676,970.9249
2048,147643.58,147643.03,320.41934,0.4239258,960.46173
2049,147632.16,147641.94,299.0213,0.4243408,1030.307
2050,147718.17,147649.56,792.17035,0.42420655,1202.6422
2051,147635.72,147648.17,730.2017,0.4210205,1108.2394
2052,147630.48,147646.4,685.3378,0.42525634,1262.7803
2053,147665.61,147648.33,649.99243,0.4268921,1075.1796
2054,147662.9,147649.78,604.1202,0.4256958,1515.0028
2055,147668.56,147651.66,575.45435,0.42232665,960.8054
2056,147667.67,147653.25,540.9939,0.42299804,1052.6527
2057,147675.53,147655.48,531.5753,0.41868898,975.06964
2058,147667.88,147656.72,492.2353,0.42539063,1023.685
2059,147622.34,147653.28,549.3594,0.42352295,934.9757
2060,147662.58,147654.22,502.2023,0.4244751,948.6994
2061,147656.02,147654.4,452.27264,0.421167,923.23627
2062,147648.88,147653.86,409.7989,0.42265627,918.2455
2063,147658.73,147654.34,370.9579,0.42374268,1322.5127
2064,147625.94,147651.5,406.48444,0.42016602,926.2344
2065,147628.42,147649.19,413.76996,0.4222168,925.32086
2066,147634.72,147647.73,391.23398,0.4255371,962.2379
2067,147641.12,147647.08,356.0421,0.42506105,936.77344
2068,147667.72,147649.14,358.7811,0.41970214,988.72797
2069,147663.6,147650.6,341.70334,0.42155764,1000.42444
2070,147653.69,147650.9,308.3944,0.41757813,935.73236
2071,147623.72,147648.19,344.07938,0.42073974,934.695
2072,147659.94,147649.36,322.09705,0.42087403,1579.4728
2073,148170.84,147701.5,24765.023,0.42420655,24119.816
2074,147843.83,147715.73,24111.678,0.41976318,9577.287
2075,147650.84,147709.25,22079.482,0.41967773,1030.1459
2076,147641.78,147702.5,20281.217,0.4196167,958.3526
2077,147660.66,147698.31,18410.676,0.4215332,1082.6951
2078,147640.33,147692.52,16872.205,0.4223999,1182.7998
2079,147712.02,147694.47,15219.207,0.4235718,3324.7527
2080,147654.25,147690.45,13842.865,0.42059326,1067.0662
2081,147644.22,147685.83,12650.964,0.42512208,1137.9049
2082,147686.31,147685.88,11385.889,0.4227417,1042.7988
2083,147672.81,147684.56,10262.656,0.41881105,1030.7933
2084,147661.19,147682.22,9285.565,0.42462158,1029.4333
2085,147617.06,147675.7,8739.09,0.41713867,949.5594
2086,147674.0,147675.53,7865.442,0.42261964,1003.0631
2087,147653.31,147673.31,7123.328,0.4220093,1069.0251
2088,147647.12,147670.69,6472.716,0.42141113,961.585
2089,147661.44,147669.77,5833.1445,0.4234131,975.5477
2090,147624.7,147665.27,5432.5864,0.4185303,941.72235
2091,147606.4,147659.38,5201.1265,0.42592773,995.033
2092,147638.11,147657.25,4721.714,0.41914064,1098.6477
2093,147611.69,147652.69,4436.377,0.42797852,905.3835
2094,147633.16,147650.73,4027.0715,0.42576906,933.3875
2095,147630.69,147648.73,3660.5332,0.42456055,937.6334
2096,147673.67,147651.23,3350.449,0.4239502,1267.6552
2097,147602.94,147646.4,3225.337,0.41950685,894.74475
2098,147612.06,147642.97,3008.9575,0.42492676,911.47577
2099,147621.94,147640.86,2747.87,0.42318115,884.2656
2100,147601.05,147636.88,2615.736,0.42506105,962.3764
2101,147679.67,147641.16,2519.004,0.42124024,1113.9354
2102,147631.44,147640.19,2275.6042,0.4211792,909.716
2103,147610.88,147637.25,2125.3738,0.42071533,913.73956
2104,147635.23,147637.05,1913.202,0.42766115,921.2613
2105,147665.31,147639.88,1793.7869,0.42323,1018.49207
2106,147639.53,147639.84,1614.4188,0.4241333,994.2699
2107,147607.08,147636.56,1549.5997,0.42210695,947.98334
2108,147607.94,147633.7,1468.3849,0.42647704,960.26294
2109,147623.53,147632.69,1330.8584,0.42401123,983.40875
2110,147608.02,147630.22,1252.5557,0.42139894,962.9196
2111,147646.44,147631.84,1150.9744,0.42243654,963.0476
2112,147633.6,147632.02,1036.1526,0.42633057,993.1407
2113,147644.48,147633.27,946.5296,0.424292,975.69055
2114,147637.22,147633.66,853.2831,0.41895753,929.5133
2115,147651.03,147635.39,795.12494,0.41989747,939.9323
2116,147613.1,147633.16,760.356,0.42095947,870.45294
2117,147616.0,147631.44,710.8107,0.42358398,856.21655
2118,147633.23,147631.62,640.0202,0.42154542,920.81537
2119,147604.62,147628.92,641.6282,0.42574462,957.9201
2120,147629.81,147629.02,577.53674,0.42598876,950.51105
2121,147615.14,147627.62,537.1095,0.41879883,950.68896
2122,147685.81,147633.44,788.11914,0.42661133,1348.2877
2123,147613.56,147631.45,744.85864,0.41962892,1255.4598
2124,147637.44,147632.05,673.59595,0.4257202,1232.8654
2125,147616.36,147630.48,628.38513,0.42487794,924.10626
2126,147621.6,147629.6,572.66046,0.4248413,934.14514
2127,147629.03,147629.53,515.42285,0.42144775,1006.8396
2128,147700.31,147636.61,914.77924,0.42451173,1532.1931
2129,147602.78,147633.22,926.292,0.42296144,1025.0178
2130,147600.95,147630.0,927.35913,0.42840576,920.03534
2131,147635.9,147630.6,837.76276,0.42882082,1082.4117
2132,147610.19,147628.55,791.4638,0.4244507,1102.6648
2133,147608.3,147626.52,749.223,0.4269043,912.9431
2134,147623.22,147626.19,675.27893,0.4194092,936.2464
2135,147621.66,147625.73,609.59894,0.42766115,952.2862
2136,147654.86,147628.64,624.983,0.4211792,965.439
2137,147621.4,147627.92,567.19495,0.4200928,898.17426
2138,147574.03,147622.53,771.85333,0.42452392,898.01227
2139,147637.44,147624.02,714.66565,0.42409667,1286.4625
2140,147606.84,147622.3,669.7377,0.42467043,868.4767
2141,147612.5,147621.31,611.402,0.4223511,864.73737
2142,147610.72,147620.25,560.36224,0.42471924,992.53656
2143,147606.08,147618.83,522.4018,0.41987306,970.7921
2144,147660.05,147622.95,623.0703,0.42852783,2187.6504
2145,147662.69,147626.92,702.8571,0.42233887,986.46124
2146,147632.81,147627.52,635.69434,0.42276612,1010.264
2147,147626.47,147627.4,572.2236,0.42320558,925.4083
2148,147585.28,147623.19,674.70764,0.41739503,921.16956
2149,147608.1,147621.67,627.7408,0.42613527,979.8198
2150,147615.0,147621.0,568.97296,0.42056885,858.5744
2151,147609.84,147619.89,523.2772,0.42263183,898.0543
2152,147633.45,147621.25,487.50424,0.42247316,967.99664
2153,147628.7,147622.0,443.7532,0.42025146,965.2051
2154,147628.88,147622.69,403.63177,0.42060548,879.8196
2155,147622.94,147622.72,363.27423,0.42299804,872.7491
2156,147609.64,147621.4,342.34015,0.42066652,993.7816
2157,147604.14,147619.69,334.9353,0.42728272,911.03076
2158,147622.9,147620.02,302.3742,0.42473146,1003.2342
2159,147585.78,147616.6,377.6161,0.4211548,837.05316
2160,147558.31,147610.77,645.55786,0.42165527,862.55566
2161,147600.94,147609.78,589.6953,0.42821047,882.7618
2162,147629.67,147611.77,566.3331,0.424646,1062.012
2163,147639.72,147614.56,580.02374,0.42733154,975.5361
2164,147651.8,147618.28,646.79724,0.41879883,920.1775
2165,147659.77,147622.44,737.0033,0.42518312,1024.8251
2166,147614.5,147621.64,668.9733,0.42159423,1050.6566
2167,147613.84,147620.86,607.5472,0.4233887,976.57715
2168,147657.81,147624.56,669.6904,0.4235718,1019.6984
2169,147592.88,147621.39,693.09015,0.42094728,873.36017
2170,147632.84,147622.53,635.5868,0.42432863,1016.32825
2171,147646.62,147624.94,624.2739,0.42644045,1015.3637
2172,147559.14,147618.36,951.47705,0.4255371,873.4603
2173,147604.16,147616.94,874.48486,0.42363283,1019.1748
2174,147603.39,147615.58,803.553,0.4218506,990.50165
2175,147628.33,147616.86,737.82825,0.42489013,983.9224
2176,147594.69,147614.64,708.28864,0.4212036,842.5
2177,147619.36,147615.11,639.46375,0.42520753,996.4551
2178,147608.48,147614.45,579.46747,0.42615968,877.0984
2179,147613.14,147614.33,521.6757,0.42210695,925.377
2180,147632.92,147616.19,500.62363,0.4214966,1007.7642
2181,147680.56,147622.62,823.53394,0.41967773,1041.28
2182,147634.27,147623.78,753.3759,0.4203247,1107.7147
2183,147623.62,147623.77,678.0405,0.4203247,962.317
2184,147609.7,147622.36,628.0343,0.4237915,943.75665
2185,147624.52,147622.58,565.64935,0.4244263,1021.6229
2186,147629.34,147623.25,513.20404,0.42100832,862.2689
2187,147603.28,147621.25,497.77124,0.42069092,817.54517
2188,147615.45,147620.67,451.01846,0.42193604,857.1955
2189,147585.66,147617.17,516.2651,0.42294922,872.7575
2190,147606.53,147616.11,474.82858,0.42518312,928.35974
2191,147599.12,147614.4,453.30792,0.42457277,942.94714
2192,147610.36,147614.0,409.45108,0.4250122,914.5681
2193,147589.39,147611.53,423.01187,0.4225708,999.93677
2194,147572.56,147607.64,517.3814,0.4237549,891.03656
2195,147556.98,147602.58,696.58826,0.4218506,928.6305
2196,147550.25,147597.34,873.3703,0.4272217,927.90985
2197,147597.34,147597.34,786.03326,0.4253418,807.4418
2198,147584.62,147596.08,721.9889,0.4239502,919.27826
2199,147570.72,147593.55,707.6688,0.42100832,906.1786
2200,147582.1,147592.4,648.70764,0.42681885,824.64954
2201,147597.62,147592.92,586.288,0.42607424,903.99255
2202,147589.19,147592.55,528.9143,0.42456055,847.5194
2203,147576.1,147590.9,500.38635,0.42478028,825.3242
2204,147610.12,147592.83,483.59015,0.42313233,889.549
2205,147608.73,147594.42,458.00192,0.42287597,963.8679
2206,147610.28,147596.0,434.8385,0.4225464,969.3727
2207,147616.28,147598.03,428.37427,0.42281494,1080.9473
2208,147605.4,147598.77,390.43198,0.42473146,970.96985
2209,147598.8,147598.77,351.38885,0.42335206,898.7919
2210,147596.42,147598.53,316.74435,0.42512208,972.7485
2211,147583.61,147597.03,305.10953,0.42504883,947.44696
2212,147565.56,147593.89,363.72397,0.4239258,885.6907
2213,147584.9,147593.0,334.61627,0.42491457,895.4412
2214,147591.66,147592.86,301.31714,0.42607424,927.21875
2215,147635.64,147597.14,435.90662,0.42380372,1560.2101
2216,147608.69,147598.3,404.31567,0.42111817,1048.5645
2217,147566.4,147595.11,455.4152,0.42364502,877.27997
2218,147561.28,147591.72,512.86444,0.42177734,870.8932
2219,147584.0,147590.95,466.9401,0.42696533,946.2194
2220,147654.16,147597.28,779.7632,0.42352295,1576.2532
2221,147639.89,147601.55,865.18713,0.41436768,1397.8868
2222,147603.34,147601.72,778.959,0.4190552,843.0416
2223,147620.95,147603.64,734.35956,0.4200928,906.1575
2224,147630.88,147606.36,727.6776,0.41947022,1670.363
2225,147859.47,147631.67,6420.7017,0.42218018,13752.72
2226,147572.39,147625.75,6094.9155,0.42408448,889.9516
2227,147556.84,147618.86,5912.75,0.42430422,977.6828
2228,147721.03,147629.08,6260.993,0.42597657,5940.58
2229,147706.61,147636.83,6175.892,0.42443848,6260.5723
2230,147730.52,147646.2,6348.264,0.4293091,5397.1777
2231,147601.62,147641.75,5892.286,0.42159423,948.36066
2232,147632.34,147640.81,5311.0205,0.4253784,1579.7036
2233,147638.94,147640.62,4780.235,0.42353517,1069.0065
2234,147614.4,147638.0,4364.079,0.42215577,919.09467
2235,147595.88,147633.78,4087.3777,0.42493898,930.73914
2236,147622.06,147632.61,3690.9993,0.42324218,1057.4403
2237,147609.6,147630.31,3369.574,0.42125246,1327.0662
2238,147578.06,147625.1,3278.3223,0.42198488,896.6099
2239,147595.6,147622.14,3028.8123,0.42546389,945.2843
2240,147615.73,147621.5,2729.6245,0.423938,978.1019
2241,147597.45,147619.1,2508.7046,0.42427978,1046.665
2242,147602.9,147617.47,2281.4172,0.42352295,914.7704
2243,147612.08,147616.94,2055.8909,0.4243164,948.6885
2244,147587.62,147614.0,1927.6318,0.42390138,865.09784
2245,147590.0,147611.6,1786.7086,0.42547607,939.76154
2246,147606.19,147611.05,1610.6682,0.42436525,934.6136
2247,147602.58,147610.2,1456.0562,0.4233887,869.32306
2248,147610.53,147610.23,1310.4602,0.42005616,899.1972
2249,147605.25,147609.73,1181.6501,0.42398682,888.074
2250,147583.19,147607.08,1126.9114,0.4223511,932.5075
2251,147628.8,147609.25,1056.6736,0.42324218,1435.6492
2252,147629.17,147611.25,986.7255,0.42196044,2086.3467
2253,147705.22,147620.64,1682.7643,0.4277954,4865.759
2254,148339.56,147692.53,48030.867,0.42137453,33053.156
2255,147622.34,147685.52,43671.145,0.42252198,1321.709
2256,147582.8,147675.25,40253.633,0.42174074,984.3046
2257,147598.56,147667.58,36757.555,0.42292482,832.302
2258,147589.53,147659.78,33630.02,0.42425537,817.8192
2259,147599.12,147653.72,30598.143,0.4211548,852.61414
2260,147556.48,147644.0,28389.236,0.42550048,878.65454
2261,147601.4,147639.73,25713.592,0.42674562,1211.4716
2262,147597.9,147635.55,23299.695,0.4242676,931.2142
2263,147574.47,147629.44,21305.475,0.42286378,887.47595
2264,147557.38,147622.23,19642.297,0.4272705,827.24634
2265,147571.75,147617.19,17907.447,0.42529297,920.6904
2266,147600.19,147615.48,16142.713,0.4279419,875.8714
2267,147566.66,147610.6,14743.019,0.424646,938.1375
2268,147612.81,147610.81,13269.159,0.42539063,1271.0077
2269,147598.28,147609.56,11956.376,0.4210205,1032.2644
2270,147530.44,147601.66,11324.207,0.42177734,840.4152
2271,147583.25,147599.81,10222.277,0.42680666,844.09296
2272,147588.56,147598.69,9211.44,0.42354736,934.0912
2273,147600.11,147598.83,8290.479,0.4268921,918.21826
2274,147579.64,147596.9,7494.5654,0.42716065,818.67993
2275,147530.94,147590.31,7136.7773,0.4230835,835.9789
2276,147589.34,147590.22,6423.1836,0.42470703,851.77704
2277,147608.47,147592.05,5810.841,0.42303467,917.8187
2278,147580.4,147590.88,5241.9517,0.42425537,796.02484
2279,147597.22,147591.52,4721.3784,0.42589113,898.3996
2280,147587.36,147591.1,4250.7954,0.42252198,881.8548
2281,147545.0,147586.48,4016.9329,0.42457277,901.1555
2282,147539.81,147581.81,3811.2832,0.42467043,849.7094
2283,147570.77,147580.7,3441.138,0.42692873,938.7886
2284,147544.12,147577.05,3217.4404,0.42471924,880.78357
2285,147550.8,147574.42,2957.712,0.42264405,887.0139
2286,147588.0,147575.78,2678.5334,0.4282715,1057.4856
2287,147588.38,147577.05,2424.9543,0.42147216,960.9974
2288,147595.92,147578.94,2214.5227,0.42664796,829.7504
2289,147571.81,147578.22,1997.6394,0.42231447,971.95435
2290,147590.14,147579.4,1810.6672,0.42297363,1144.1998
2291,147614.2,147582.89,1738.5745,0.42053223,1202.2996
2292,147587.1,147583.31,1566.3069,0.42098388,891.3983
2293,147558.81,147580.86,1463.6987,0.42222902,926.8581
2294,147602.94,147583.06,1361.1987,0.42543945,987.3319
2295,147596.06,147584.36,1240.2888,0.42022705,895.37085
2296,147600.4,147585.97,1139.4352,0.42137453,957.061
2297,147571.9,147584.56,1043.2894,0.42298585,892.777
2298,147610.58,147587.16,999.8736,0.42039797,867.4166
2299,147611.61,147589.6,953.7023,0.42141113,974.4316
2300,147589.64,147589.6,858.3322,0.42037353,886.9578
2301,147558.05,147586.44,862.0675,0.42456055,825.9085
2302,147587.1,147586.5,775.89954,0.42593995,1032.2559
2303,147547.1,147582.56,838.0663,0.42348632,917.30695
2304,147578.16,147582.12,756.007,0.43229982,944.3898
2305,147603.72,147584.28,722.37244,0.42316896,928.4805
2306,147609.48,147586.8,707.303,0.4217041,927.28436
2307,147579.03,147586.02,642.0001,0.42363283,862.9653
2308,147600.72,147587.48,597.2565,0.42438966,872.4535
2309,147584.64,147587.2,538.25867,0.42210695,980.8469
2310,147513.56,147579.84,972.49756,0.42543945,836.4351
2311,147545.81,147576.44,979.4791,0.4279297,906.22174
2312,147588.36,147577.62,894.323,0.42451173,845.30176
2313,147568.38,147576.7,812.5913,0.4230469,794.83606
2314,147590.52,147578.08,748.5028,0.42562255,900.39966
2315,147579.62,147578.23,673.86786,0.42631838,996.1262
2316,147586.06,147579.02,611.9962,0.4230957,867.7902
2317,147550.53,147576.17,623.819,0.42559814,925.62885
2318,147574.75,147576.03,561.619,0.42650148,902.26154
2319,147582.69,147576.7,509.44458,0.4213623,895.02374
2320,147563.44,147575.38,474.338,0.4276367,901.33655
2321,147585.0,147576.34,435.24185,0.42531738,848.9141
2322,147573.28,147576.03,392.56177,0.42220458,932.81995
2323,147601.95,147578.62,413.78052,0.42458495,910.33093
2324,147605.69,147581.33,438.31656,0.42105713,1002.4146
2325,147621.62,147585.36,540.6303,0.42681885,1000.7676
2326,147629.5,147589.78,661.9228,0.42529297,1063.8586
2327,147563.9,147587.19,655.98694,0.42211914,907.6424
2328,147562.92,147584.77,643.3821,0.42531738,836.4377
2329,147587.83,147585.08,579.88794,0.4225464,952.62585
2330,147559.84,147582.56,579.20874,0.42423096,923.325
2331,147596.0,147583.9,537.5388,0.42401123,936.86475
2332,147541.95,147579.72,642.19073,0.42100832,794.5438
2333,147528.83,147574.62,811.05865,0.42554933,827.951
2334,147556.5,147572.81,759.51917,0.42642823,803.3991
2335,147552.52,147570.78,720.64386,0.42490235,818.2166
2336,147577.8,147571.48,653.00916,0.42926025,920.5521
2337,147555.53,147569.89,610.6134,0.42298585,844.5252
2338,147586.62,147571.56,574.75555,0.4250122,824.4456
2339,147548.9,147569.3,563.4775,0.42281494,892.1025
2340,147565.23,147568.89,508.61508,0.42791748,841.55743
2341,147563.53,147568.36,460.33862,0.4248047,961.0487
2342,147569.67,147568.48,414.4598,0.42473146,1002.2347
2343,147563.94,147568.03,374.87448,0.42204592,1080.5038
2344,147576.6,147568.89,343.9855,0.42696533,912.75006
2345,147554.47,147567.45,328.3061,0.42681885,822.7801
2346,147592.84,147570.0,353.497,0.4267578,975.77185
2347,147564.05,147569.4,321.33688,0.4206787,832.69794
2348,147570.25,147569.48,289.26727,0.42907715,889.7401
2349,147543.25,147566.86,322.28235,0.42003176,845.8004
2350,147576.73,147567.84,298.8305,0.4263672,916.60486
2351,147547.53,147565.81,306.08124,0.42504883,847.5989
2352,147530.62,147562.3,386.9075,0.42541504,928.88367
2353,147550.06,147561.08,361.68793,0.42598876,946.35925
2354,147565.16,147561.48,327.01593,0.42647704,972.85236
2355,147588.05,147564.14,357.8153,0.42783204,910.2955
2356,147575.34,147565.27,333.32965,0.42818603,815.3078
2357,147569.38,147565.67,301.5165,0.42329103,872.29645
2358,147592.16,147568.31,334.49283,0.42631838,889.69617
2359,147535.52,147565.03,397.85068,0.42653808,829.1912
2360,147558.55,147564.38,361.84985,0.42629394,852.042
2361,147560.66,147564.0,326.9095,0.4261841,855.4984
2362,147528.8,147560.48,405.75192,0.42336425,820.45526
2363,147562.25,147560.66,365.45728,0.4272705,900.8708
2364,147565.0,147561.1,330.60968,0.42518312,865.3756
2365,147567.58,147561.75,301.33295,0.4241577,911.4989
2366,147583.75,147563.95,314.75964,0.4239624,938.3627
2367,147583.31,147565.89,317.01437,0.42095947,1182.8843
2368,147592.56,147568.56,349.33792,0.42524415,2084.617
2369,147542.06,147565.9,377.60663,0.4244995,826.93634
2370,147524.16,147561.73,496.7216,0.42801514,971.28394
2371,147537.1,147559.27,501.69385,0.42768556,862.37384
2372,147555.53,147558.89,452.77957,0.42650148,1189.547
2373,147524.66,147555.47,512.9809,0.42370605,841.968
2374,147568.69,147556.8,477.40897,0.4275879,969.1275
2375,147575.3,147558.64,460.47055,0.42624512,1585.4053
2376,147545.4,147557.31,430.18686,0.4227417,839.5391
2377,147552.75,147556.86,389.04163,0.42579347,822.55396
2378,147558.67,147557.05,350.43314,0.42425537,853.498
2379,147552.08,147556.55,317.6118,0.4242676,921.95886
2380,147535.06,147554.4,327.39264,0.42684326,921.47955
2381,147539.84,147552.95,313.73935,0.43045655,873.59796
2382,147526.81,147550.34,343.8653,0.42265627,898.4808
2383,147517.28,147547.03,407.86035,0.42340088,871.74744
2384,147591.44,147551.47,544.5467,0.43144533,908.06256
2385,147545.23,147550.84,493.59006,0.42659912,870.2315
2386,147564.81,147552.23,461.7924,0.42365724,932.0372
2387,147685.78,147565.6,2020.7423,0.42700195,5315.8555
2388,147574.56,147566.48,1825.9075,0.4229126,941.5739
2389,147546.22,147564.45,1680.2793,0.42607424,840.51733
2390,147579.6,147565.97,1532.8828,0.42296144,908.135
2391,147579.84,147567.36,1396.9209,0.4225464,797.0566
2392,147536.53,147564.28,1342.7625,0.42331544,819.97485
2393,147561.34,147563.98,1209.2628,0.42680666,821.6674
2394,147582.36,147565.83,1118.7241,0.42716065,887.7342
2395,147612.6,147570.5,1203.6838,0.4239746,1150.3322
2396,147531.17,147566.56,1222.5186,0.42229006,1017.5975
2397,147530.52,147562.95,1217.2107,0.42425537,840.4596
2398,147562.38,147562.89,1095.5197,0.42468262,898.16656
2399,147574.22,147564.03,997.517,0.42261964,869.2132
2400,147544.28,147562.06,932.871,0.42796633,784.0758
2401,147536.19,147559.47,899.8402,0.42280275,771.6549
2402,147528.83,147556.4,894.3525,0.42635497,761.8592
2403,147554.94,147556.27,805.1113,0.4265503,775.11053
2404,147587.38,147559.38,811.70154,0.42575684,906.282
2405,147594.86,147562.92,843.854,0.4236084,866.60443
2406,147584.31,147565.06,800.64886,0.42518312,960.36633
2407,147529.34,147561.48,835.4086,0.4216675,868.6945
2408,147496.9,147555.03,1127.1979,0.4250122,818.45636
2409,147543.11,147553.84,1027.2699,0.4274048,822.3423
2410,147633.38,147561.8,1493.8126,0.42799073,2898.5278
2411,148350.98,147640.72,57397.957,0.42473146,35235.562
2412,147582.0,147634.84,51968.47,0.41912842,952.7507
2413,147587.4,147630.1,46974.15,0.423938,1020.50885
2414,147560.56,147623.14,42711.848,0.419751,855.56366
2415,147562.23,147617.05,38774.523,0.422937,917.60004
2416,147571.67,147612.52,35082.37,0.42648926,1044.8774
2417,147580.75,147609.34,31664.95,0.4263916,844.22076
2418,147527.22,147601.12,29105.459,0.42454836,784.6455
2419,147551.42,147596.16,26417.25,0.42458495,851.3506
2420,147544.2,147590.97,24018.445,0.42563477,829.4838
2421,147534.4,147585.31,21904.54,0.42784426,793.0647
2422,147563.94,147583.17,19755.205,0.41811523,847.6232
2423,147538.56,147578.72,17958.783,0.42596436,815.2915
2424,147522.58,147573.11,16446.564,0.4230957,801.7975
2425,147545.23,147570.33,14871.839,0.42683107,806.91003
2426,147546.5,147567.94,13435.755,0.42069092,831.2503
2427,147523.36,147563.48,12271.027,0.4265259,798.22003
2428,147551.9,147562.33,11055.989,0.4281128,827.5828
2429,147545.02,147560.6,9977.365,0.4269165,811.41125
2430,147528.39,147557.38,9072.962,0.42318115,757.1641
2431,147564.16,147558.05,8169.804,0.42331544,820.6604
2432,147548.47,147557.1,7361.08,0.4234619,878.2296
2433,147572.38,147558.62,6645.9883,0.42557374,845.80554
2434,147593.72,147562.14,6092.231,0.4217041,902.00195
2435,147561.75,147562.1,5483.0215,0.42139894,850.0916
2436,147556.78,147561.56,4937.2593,0.4244263,841.0556
2437,147560.03,147561.4,4443.744,0.4251953,916.9996
2438,147543.56,147559.62,4028.0254,0.42677003,896.42303
2439,147589.66,147562.62,3706.3916,0.41918945,1011.44867
2440,147551.77,147561.53,3346.3655,0.4220825,767.18066
2441,147549.9,147560.38,3023.8916,0.42832032,799.97046
2442,147543.97,147558.73,2745.7273,0.42280275,857.23236
2443,147555.12,147558.38,2472.327,0.42552492,946.5293
2444,147535.94,147556.12,2270.404,0.42495117,800.407
2445,147526.4,147553.16,2122.8518,0.42370605,743.318
2446,147544.62,147552.3,1917.1171,0.42556152,773.8561
2447,147539.75,147551.05,1739.5735,0.42681885,785.23846
2448,147505.5,147546.5,1752.3228,0.42678222,775.6832
2449,147510.2,147542.88,1695.6621,0.4300293,809.2015
2450,147516.69,147540.25,1587.8165,0.42922363,826.20276
2451,147558.39,147542.06,1458.6522,0.4290161,1193.2648
2452,147546.17,147542.47,1314.3068,0.42512208,823.06006
2453,147519.67,147540.19,1229.6488,0.42679444,829.11926
2454,147504.11,147536.58,1223.8307,0.42885742,810.9671
2455,147526.47,147535.56,1110.6455,0.42315674,793.82715
2456,147522.06,147534.22,1015.9834,0.42430422,846.078
2457,147559.72,147536.77,972.90753,0.42365724,845.8455
2458,147556.03,147538.69,909.02155,0.4244263,923.5122
2459,147543.31,147539.16,820.0445,0.428833,889.14954
2460,147577.73,147543.02,871.9845,0.42694092,1092.7592
2461,147529.69,147541.69,800.77356,0.4201294,873.12933
2462,147562.61,147543.78,760.0914,0.42509767,1420.7773
2463,147566.97,147546.1,732.4716,0.42882082,1650.0385
2464,147584.44,147549.92,791.5463,0.424292,2459.1653
2465,147544.0,147549.33,715.54785,0.426416,871.7076
2466,147526.12,147547.0,692.4477,0.42491457,805.7347
2467,147520.72,147544.38,685.3663,0.42100832,791.84937
2468,147528.28,147542.77,640.14044,0.42825928,834.29486
2469,147561.48,147544.64,607.6616,0.42579347,847.34094
2470,147530.88,147543.27,563.94977,0.42119142,852.4769
2471,147551.25,147544.06,513.2923,0.43031007,802.64246
2472,147523.38,147542.0,500.48056,0.42687988,797.6889
2473,147549.0,147542.7,454.8425,0.4265259,827.39026
2474,147520.08,147540.44,455.42838,0.42674562,811.29956
2475,147522.53,147538.64,438.74258,0.4234375,869.4505
2476,147528.38,147537.61,404.35278,0.42507324,883.06824
2477,147516.16,147535.47,405.33878,0.4258789,890.24835
2478,147536.58,147535.58,364.91565,0.42508546,870.1122
2479,147574.08,147539.42,461.82654,0.42390138,846.7817
2480,147534.64,147538.94,417.70132,0.4231201,854.40094
2481,147524.75,147537.52,394.04684,0.42490235,801.5789
2482,147544.89,147538.25,359.5373,0.42504883,931.1441
2483,147532.42,147537.67,326.6406,0.420813,809.44385
2484,147522.75,147536.19,314.01614,0.42746583,776.17584
2485,147538.33,147536.4,283.02692,0.4248047,804.5529
2486,147528.94,147535.66,259.7446,0.42563477,815.6526
2487,147521.84,147534.28,250.9408,0.4229126,850.4226
2488,147535.38,147534.39,225.95438,0.4234375,852.20825
2489,147542.97,147535.25,209.98152,0.4283081,908.35706
2490,147555.78,147537.3,226.92126,0.42526856,1782.336
2491,147506.6,147534.22,289.0705,0.4218628,1360.7327
2492,147529.16,147533.72,262.47003,0.42819825,884.2904
2493,147510.75,147531.42,283.70374,0.42287597,815.16144
2494,147534.56,147531.73,256.22107,0.42733154,899.12744
2495,147517.28,147530.28,249.3993,0.42635497,792.6811
2496,147540.31,147531.28,233.51572,0.42373046,838.0527
2497,147522.66,147530.42,216.85928,0.42573243,824.7636
2498,147520.61,147529.44,203.839,0.4257202,828.65967
2499,147515.7,147528.06,200.43208,0.4251709,812.74493
2500,147532.84,147528.55,182.4463,0.4263794,939.8368
2501,147519.34,147527.62,171.82445,0.42352295,809.8334
2502,147525.72,147527.44,154.96904,0.42269287,783.1982
2503,147510.12,147525.7,166.44717,0.4235962,978.78015
2504,147512.75,147524.4,164.90297,0.4241577,942.9412
2505,147505.62,147522.53,180.15886,0.42628175,819.53186
2506,147520.69,147522.34,162.44891,0.42424318,802.31464
2507,147505.12,147520.62,172.8877,0.42596436,864.9603
2508,147598.19,147528.38,697.0336,0.42470703,2314.139
2509,147543.28,147529.86,647.3279,0.4283081,1271.3684
2510,147537.47,147530.62,587.80634,0.42606202,816.5583
2511,147539.5,147531.52,536.1146,0.4247925,836.3588
2512,147584.12,147536.78,731.60034,0.42545167,895.91095
2513,147521.53,147535.25,679.3709,0.42320558,898.38104
2514,147549.33,147536.66,629.2712,0.42832032,805.34534
2515,147526.9,147535.69,574.89966,0.42286378,822.5254
2516,147533.8,147535.5,517.7314,0.42628175,784.6499
2517,147517.06,147533.66,496.55295,0.42552492,835.46326
2518,147557.27,147536.02,497.06387,0.42614746,965.37787
2519,147556.66,147538.08,485.70065,0.42420655,1007.2474
2520,147546.25,147538.89,443.14072,0.42598876,1027.656
2521,147566.53,147541.66,467.587,0.42142335,1224.2401
2522,147571.73,147544.66,502.25073,0.42270508,903.72955
2523,147532.5,147543.44,465.32538,0.42418215,838.56464
2524,147536.72,147542.77,422.85556,0.4284424,860.41174
2525,147564.7,147544.95,423.88284,0.42432863,888.38837
2526,147550.69,147545.53,384.454,0.4263428,909.41223
2527,147537.69,147544.75,351.54578,0.42508546,1019.42035
2528,147538.19,147544.1,320.26718,0.4228882,842.8925
2529,147484.88,147538.17,603.8579,0.4239624,786.79285
2530,147519.66,147536.31,574.32666,0.4300537,843.4043
2531,147555.94,147538.28,551.55664,0.4208252,766.7645
2532,147533.8,147537.83,498.21085,0.4272217,873.36554
2533,147538.77,147537.92,448.46884,0.4253052,849.19635
2534,147527.31,147536.86,413.75226,0.42529297,913.44135
2535,147492.5,147532.42,549.47485,0.4249756,802.61383
2536,147498.03,147528.98,600.9717,0.42452392,816.1212
2537,147547.75,147530.86,572.5679,0.42717287,830.3057
2538,147554.55,147533.23,565.8098,0.4250122,873.3415
2539,147568.84,147536.8,623.35126,0.42685547,891.1636
2540,147544.62,147537.58,566.53125,0.42384034,866.5289
2541,147535.31,147537.34,510.3401,0.42709962,830.0792
2542,147526.23,147536.23,470.4137,0.42866212,841.8222
2543,147518.23,147534.44,452.53232,0.4225708,825.7943
2544,147494.4,147530.44,551.50415,0.42656252,755.0569
2545,147526.86,147530.08,497.50598,0.42202148,937.20435
2546,147529.1,147529.98,447.8426,0.42674562,852.67786
2547,147500.98,147527.08,478.74835,0.42591554,790.96484
2548,147556.86,147530.06,510.6966,0.42855224,864.2022
2549,147544.14,147531.47,477.46432,0.42330322,819.1946
2550,147560.66,147534.39,506.3898,0.42370605,840.4655
2551,147545.42,147535.5,466.7028,0.4230957,866.0379
2552,147556.92,147537.64,461.33322,0.4263428,956.617
2553,147506.17,147534.5,504.3253,0.42838135,870.954
2554,147536.84,147534.73,454.38715,0.42305908,923.8133
2555,147553.22,147536.58,439.6989,0.42368165,822.17584
2556,147505.66,147533.48,481.78366,0.4230835,791.71
2557,147529.28,147533.06,435.19525,0.42496338,824.5691
2558,147544.8,147534.23,404.06833,0.4258789,778.419
2559,147508.33,147531.64,424.0635,0.4253052,795.8181
2560,147578.67,147536.34,580.73157,0.4293213,2070.754
2561,147531.7,147535.88,524.5966,0.42701417,1084.13
2562,147571.3,147539.42,585.0608,0.4260498,969.0172
2563,147546.05,147540.08,530.5048,0.42441407,837.2756
2564,147522.94,147538.36,503.89645,0.42332765,869.06995
2565,147524.0,147536.92,472.06406,0.42877197,1189.2029
2566,147526.81,147535.9,434.05557,0.42202148,931.37585
2567,147531.31,147535.45,392.54922,0.42266846,1110.7346
2568,147536.47,147535.56,353.38712,0.4218994,1153.0492
2569,147523.84,147534.39,330.40802,0.42596436,953.05853
2570,147518.48,147532.8,320.138,0.4257202,815.444
2571,147523.28,147531.84,296.27344,0.42542726,863.8611
2572,147525.97,147531.25,269.7525,0.42419434,838.4149
2573,147502.69,147528.39,316.2007,0.4279053,818.7566
2574,147497.22,147525.28,372.03235,0.42454836,784.1913
2575,147549.4,147527.69,387.2105,0.42980957,1004.7343
2576,147541.47,147529.06,365.5825,0.4248291,839.1398
2577,147500.19,147526.17,404.06314,0.42640382,766.6724
2578,147517.16,147525.27,370.97214,0.42785645,818.4635
2579,147534.56,147526.19,341.65378,0.42390138,796.7784
2580,147529.5,147526.52,308.47592,0.4286255,836.2798
2581,147515.22,147525.39,289.11407,0.4272705,888.6936
2582,147511.83,147524.03,276.7574,0.4284668,894.6542
2583,147527.75,147524.4,250.32625,0.4274048,855.89374
2584,147493.56,147521.33,310.91397,0.42233887,839.05927
2585,147489.48,147518.14,371.08475,0.42834473,838.6893
2586,147508.19,147517.14,342.8921,0.43049318,769.0468
2587,147497.9,147515.22,341.89938,0.42832032,815.56635
2588,147515.03,147515.2,307.7126,0.42661133,862.14764
2589,147511.34,147514.81,278.28183,0.4257202,766.4248
2590,147529.9,147516.33,270.95755,0.4272217,863.14435
2591,147482.73,147512.97,345.4304,0.42628175,878.8396
2592,147523.16,147513.98,320.228,0.42658693,939.1823
2593,147556.48,147518.23,450.7677,0.4223511,957.1015
2594,147531.06,147519.52,420.5014,0.42629394,841.9151
2595,147508.73,147518.44,388.91245,0.42598876,763.70416
2596,147524.28,147519.02,353.09464,0.42510986,768.8635
2597,147556.62,147522.78,445.087,0.42125246,1518.6648
2598,147529.47,147523.45,404.60333,0.4293457,901.1692
2599,147526.83,147523.8,365.16815,0.42430422,1007.7051
2600,147535.06,147524.92,340.0736,0.425647,932.17804
2601,147528.31,147525.27,307.1009,0.42303467,1117.6019
2602,147569.88,147529.72,455.49045,0.42386475,1177.1493
2603,147525.03,147529.25,411.91895,0.4217163,819.7388
2604,147563.83,147532.7,478.33527,0.4281006,928.2342
2605,147544.61,147533.89,443.26,0.42407227,1309.9219
2606,147515.34,147532.03,429.8928,0.42839357,782.9034
2607,147541.62,147532.98,395.1871,0.42425537,870.3775
2608,147513.45,147531.03,390.00067,0.42270508,790.7508
2609,147496.86,147527.61,456.09512,0.42891845,753.35144
2610,147532.22,147528.06,412.39777,0.4300049,883.0029
2611,147508.38,147526.1,406.04178,0.42468262,800.6046
2612,147504.5,147523.94,407.4037,0.4276123,779.9296
2613,147518.8,147523.42,369.04166,0.4258789,889.0204
2614,147503.44,147521.42,368.08127,0.42244872,820.36395
2615,147530.23,147522.3,338.26254,0.4248169,828.62695
2616,147500.3,147520.1,347.99628,0.42609864,778.78156
2617,147531.7,147521.25,325.32663,0.4286743,817.6926
2618,147524.28,147521.55,293.62094,0.42508546,821.0456
2619,147536.0,147523.0,283.0592,0.42437744,783.06165
2620,147536.56,147524.36,271.30798,0.42333984,818.6105
2621,147557.97,147527.72,345.8403,0.43139648,927.89594
2622,147698.81,147544.83,2945.8325,0.42230225,8641.879
2623,147530.89,147543.44,2668.732,0.42520753,928.5244
2624,147526.81,147541.78,2426.734,0.42347413,877.70404
2625,147535.16,147541.12,2188.0107,0.42696533,867.53625
2626,147489.7,147535.98,2207.1885,0.42642823,810.5939
2627,147533.19,147535.7,1987.1736,0.4258423,775.4978
2628,147497.78,147531.9,1917.8823,0.42614746,782.97046
2629,147514.06,147530.12,1754.75,0.4213501,795.61285
2630,147534.1,147530.52,1580.6925,0.42525634,867.5065
2631,147516.25,147529.1,1440.939,0.42814943,836.5608
2632,147509.05,147527.1,1333.014,0.42490235,924.62964
2633,147482.9,147522.67,1375.4408,0.42663574,768.27094
2634,147499.25,147520.33,1287.2693,0.4248413,761.98566
2635,147514.88,147519.78,1161.2186,0.4272461,1035.1895
2636,147543.72,147522.17,1096.6671,0.4277466,1299.8093
2637,147497.3,147519.69,1042.6893,0.42615968,1024.7944
2638,147511.94,147518.9,943.826,0.4324585,770.60034
2639,147487.19,147515.73,939.9904,0.42857668,764.9358
2640,147484.17,147512.58,935.6486,0.4281006,737.4387
2641,147479.97,147509.31,937.7871,0.42709962,779.44385
2642,147470.02,147505.38,982.99036,0.42570803,724.13043
2643,147513.6,147506.2,890.77057,0.42523193,840.34674
2644,147524.16,147508.0,830.7018,0.4262085,770.74243
2645,147522.1,147509.4,765.50867,0.4235718,833.83344
2646,147486.44,147507.11,736.4385,0.42414552,796.8363
2647,147485.52,147504.95,704.76074,0.42825928,916.1804
2648,147523.56,147506.81,665.45245,0.42824706,920.51227
2649,147483.73,147504.5,646.8412,0.42664796,798.99097
2650,147503.02,147504.34,582.35535,0.42280275,814.391
2651,147497.31,147503.64,528.5693,0.42364502,874.7713
2652,147501.3,147503.4,476.20673,0.42191163,909.04785
2653,147528.12,147505.88,483.57755,0.4243408,823.6002
2654,147532.58,147508.55,499.3949,0.42263183,760.6842
2655,147508.6,147508.55,449.4556,0.4244751,806.5118
2656,147471.5,147504.84,528.0324,0.4267212,757.4293
2657,147513.6,147505.72,482.11978,0.42630616,826.9786
2658,147532.19,147508.36,496.96133,0.426416,781.56323
2659,147565.73,147514.1,743.53534,0.42628175,991.88196
2660,147541.62,147516.84,737.3991,0.42088625,800.317
2661,147532.03,147518.36,684.41864,0.425,808.6893
2662,147507.03,147517.22,627.5261,0.42717287,815.9772
2663,147514.47,147516.94,565.4541,0.4279297,804.17303
2664,147491.97,147514.44,565.0182,0.4230469,772.3995
2665,147486.1,147511.61,580.81946,0.42973635,792.1787
2666,147494.11,147509.86,550.3,0.42630616,889.7469
2667,147496.9,147508.56,510.37045,0.42871094,813.62714
2668,147518.55,147509.56,468.3053,0.42834473,790.953
2669,147517.1,147510.31,426.57953,0.4256714,787.9119
2670,147492.75,147508.56,411.6813,0.4244263,789.21045
2671,147517.6,147509.47,377.85388,0.42711183,750.10205
2672,147539.14,147512.44,419.3063,0.42470703,835.0345
2673,147571.31,147518.33,689.33954,0.4248291,1910.9213
2674,147516.16,147518.11,620.8301,0.42005616,863.66583
2675,147533.9,147519.69,581.20575,0.4258301,805.1066
2676,147513.44,147519.06,526.60077,0.42473146,901.46686
2677,147476.06,147514.77,640.3507,0.42613527,740.991
2678,147513.9,147514.69,576.3821,0.42877197,923.6727
2679,147505.6,147513.78,526.1865,0.42485353,814.2385
2680,147515.78,147513.98,473.9279,0.42905274,833.2245
2681,147509.34,147513.52,428.47327,0.42744142,831.10284
2682,147501.5,147512.31,398.61972,0.4254883,757.69214
2683,147521.53,147513.23,366.40643,0.42543945,822.53656
2684,147525.92,147514.5,344.25333,0.42955324,907.2134
2685,147515.52,147514.6,309.9208,0.42355958,854.57886
2686,147490.48,147512.19,331.24228,0.42446288,775.1246
2687,147503.16,147511.28,305.45874,0.42818603,852.5668
2688,147489.22,147509.08,318.7207,0.4248413,858.69385
2689,147508.97,147509.06,286.8497,0.42475587,1034.663
2690,147517.53,147509.9,264.6195,0.4309326,753.6034
2691,147487.55,147507.67,283.1523,0.42451173,755.3997
2692,147480.89,147505.0,319.38828,0.4268677,755.94293
2693,147478.31,147502.33,351.54947,0.4270508,768.02637
2694,147503.6,147502.45,316.5387,0.42282715,765.7706
2695,147480.31,147500.23,329.00348,0.42877197,807.0518
2696,147485.69,147498.78,315.14816,0.42854005,832.6888
2697,147513.62,147500.27,303.46365,0.42681885,779.3846
2698,147553.75,147505.61,530.56934,0.42473146,1420.3228
2699,147525.84,147507.62,514.3611,0.42353517,893.4582
2700,147505.36,147507.4,463.38693,0.42646486,893.97784
2701,147517.03,147508.38,425.3859,0.42612305,780.2814
2702,147517.95,147509.33,391.10394,0.42475587,799.4522
2703,147521.81,147510.58,366.0209,0.42072755,956.3829
2704,147516.05,147511.12,332.11044,0.43200684,740.6372
2705,147524.03,147512.42,313.8908,0.42781982,897.66797
2706,147494.27,147510.61,312.17017,0.4265503,777.7504
2707,147503.97,147509.94,284.92197,0.42769775,841.3632
2708,147486.28,147507.58,306.7954,0.42344972,821.12164
2709,147502.28,147507.05,278.641,0.42440185,842.5382
2710,147498.47,147506.19,257.39948,0.4272705,791.6382
2711,147479.8,147503.55,294.34137,0.42720947,821.5322
2712,147479.25,147501.12,318.03766,0.42760012,752.00616
2713,147477.12,147498.72,338.07388,0.42370605,738.1619
2714,147477.28,147496.58,345.62744,0.42838135,765.4807
2715,147468.38,147493.75,382.65216,0.43011475,729.6537
2716,147476.38,147492.02,371.5571,0.4258301,817.5634
2717,147494.97,147492.31,335.18628,0.42650148,817.9064
2718,147507.28,147493.81,321.83334,0.4265747,876.6677
2719,147526.16,147497.05,383.80063,0.42316896,856.85913
2720,147511.6,147498.5,364.4656,0.42678222,820.2136
2721,147549.31,147503.58,560.3909,0.42502442,2449.5916
2722,147504.4,147503.66,504.41357,0.42436525,803.6846
2723,147495.25,147502.81,460.33206,0.42628175,797.8673
2724,147516.44,147504.17,431.0065,0.4272461,808.4886
2725,147505.25,147504.28,388.01047,0.42736816,793.37506
2726,147502.92,147504.14,349.3757,0.42575684,826.91943
2727,147479.84,147501.72,367.56854,0.428125,804.67816
2728,147529.38,147504.48,399.6498,0.43186036,2073.7415
2729,147498.6,147503.89,362.80777,0.4281006,918.48224
2730,147505.19,147504.02,326.67834,0.42404786,789.14777
2731,147500.34,147503.66,295.22394,0.4282837,759.3285
2732,147485.3,147501.81,296.03754,0.42241213,806.87854
2733,147522.73,147503.9,305.829,0.42872316,1359.2185
2734,147951.34,147548.66,18293.275,0.42365724,20954.342
2735,147491.78,147542.97,16755.076,0.42458495,859.80316
2736,147503.86,147539.06,15217.228,0.424292,1002.53986
2737,147457.06,147530.86,14300.665,0.42336425,770.01636
2738,147474.48,147525.22,13156.631,0.42904052,818.88135
2739,147478.84,147520.58,12034.525,0.42518312,829.35016
2740,147522.56,147520.78,10831.427,0.42890626,756.32745
2741,147503.38,147519.05,9775.552,0.42469484,776.62396
2742,147497.83,147516.92,8838.518,0.4237915,947.0686
2743,147469.64,147512.19,8155.8623,0.425,808.40814
2744,147475.75,147508.55,7459.7686,0.42425537,803.4013
2745,147465.06,147504.2,6883.9717,0.42608643,713.742
2746,147532.19,147507.0,6266.0557,0.42938232,843.95575
2747,147504.97,147506.8,5639.8213,0.42172852,851.4577
2748,147487.78,147504.89,5108.3823,0.4268677,732.2083
2749,147472.0,147501.6,4694.9053,0.42663574,752.3244
2750,147483.03,147499.73,4256.4253,0.42321777,722.7725
2751,147518.03,147501.56,3860.9124,0.422583,881.6457
2752,147536.36,147505.05,3583.7952,0.42613527,924.6559
2753,147505.36,147505.08,3225.4243,0.42635497,806.85455
2754,147527.14,147507.28,2946.6895,0.42612305,841.1758
2755,147508.28,147507.38,2652.1106,0.42709962,935.84656
2756,147528.28,147509.47,2426.2358,0.4229004,791.02155
2757,147503.88,147508.9,2186.4282,0.42091066,829.4252
2758,147493.52,147507.38,1989.1036,0.4246582,775.8664
2759,147468.73,147503.52,1924.5719,0.43087158,871.2119
2760,147471.77,147500.34,1822.8403,0.42929688,727.1197
2761,147480.73,147498.38,1675.1637,0.42751464,775.63385
2762,147490.31,147497.56,1513.4976,0.4234131,785.5207
2763,147504.1,147498.22,1365.9869,0.4279053,773.14246
2764,147533.69,147501.77,1342.6111,0.42424318,1268.6595
2765,147519.66,147503.56,1237.1566,0.42645264,1465.1272
2766,147530.1,147506.22,1176.7926,0.43057862,2069.1106
2767,147495.47,147505.14,1069.5139,0.42696533,801.3498
2768,147500.84,147504.72,964.2242,0.42993164,869.35376
2769,147467.64,147501.02,991.5326,0.42755127,785.5787
2770,147481.9,147499.11,925.24445,0.42991945,787.96454
2771,147482.28,147497.42,858.2067,0.42783204,797.02734
2772,147496.78,147497.36,772.423,0.42427978,812.76465
2773,147526.64,147500.28,772.3459,0.42855224,784.37524
2774,147450.67,147495.31,916.6094,0.42613527,760.17645
2775,147508.66,147496.64,840.9734,0.43105468,763.6746
2776,147487.45,147495.72,764.47296,0.42344972,770.7147
2777,147514.88,147497.64,721.0522,0.42823488,819.6242
2778,147489.22,147496.8,655.33044,0.4237549,774.8224
2779,147491.84,147496.3,592.00543,0.42833254,786.2335
2780,147500.12,147496.69,534.1238,0.42617187,760.6033
2781,147470.53,147494.08,542.2848,0.42493898,720.32715
2782,147496.9,147494.36,488.77612,0.42474365,708.2277
2783,147472.44,147492.17,483.1497,0.42609864,749.76776
2784,147485.25,147491.48,439.14682,0.42709962,781.5613
2785,147476.34,147489.97,415.8636,0.42879638,728.4814
2786,147524.25,147493.39,480.04562,0.42961428,1089.7568
2787,147481.89,147492.23,443.94354,0.42995605,809.53375
2788,147483.7,147491.38,406.09958,0.42922363,761.38074
2789,147472.22,147489.45,398.51617,0.42788085,762.56854
2790,147472.38,147487.75,384.91415,0.42696533,718.6999
2791,147486.98,147487.67,346.4755,0.42885742,764.4028
2792,147481.17,147487.02,315.63043,0.42784426,869.3702
2793,147455.28,147483.84,374.70374,0.4263672,796.43445
2794,147494.1,147484.88,346.689,0.42331544,822.9251
2795,147473.83,147483.77,323.00308,0.42562255,733.50464
2796,147503.28,147485.72,324.98013,0.42667237,907.9872
2797,147492.25,147486.38,296.32126,0.42646486,814.8529
2798,147498.19,147487.56,279.24728,0.4289795,753.5472
2799,147495.12,147488.31,256.4698,0.42543945,738.9326
2800,147487.9,147488.27,230.83766,0.42523193,833.66876
2801,147486.72,147488.11,207.96925,0.42542726,820.6417
2802,147459.67,147485.27,259.95453,0.42902833,779.8201
2803,147467.55,147483.5,262.21494,0.42882082,786.8313
2804,147481.28,147483.28,236.4365,0.42946777,785.42914
2805,147483.55,147483.31,212.79918,0.4265503,771.00354
2806,147459.86,147480.97,241.02367,0.4263916,708.8508
2807,147491.4,147482.02,226.72601,0.4269043,904.00476
2808,147477.94,147481.61,205.55022,0.42749023,844.4015
2809,147506.69,147484.12,241.59732,0.4291626,815.4087
2810,147503.44,147486.06,251.00513,0.42470703,824.17456
2811,147498.7,147487.33,240.2853,0.42521974,773.2419
2812,147504.48,147489.05,242.74709,0.42071533,841.80975
2813,147489.78,147489.12,218.5209,0.42398682,761.20245
2814,147501.6,147490.38,210.66107,0.42523193,802.8541
2815,147469.28,147488.27,229.64012,0.4232788,797.3086
2816,147496.6,147489.1,212.91829,0.42541504,837.9902
2817,147462.62,147486.45,254.68,0.42785645,789.8649
2818,147446.78,147482.48,370.8592,0.42459717,703.07715
2819,147528.77,147487.11,526.54913,0.4291748,1622.4194
2820,147519.58,147490.36,568.774,0.42390138,1176.0308
2821,147475.9,147488.9,530.6969,0.42373046,842.90234
2822,147536.84,147493.7,684.4476,0.4253052,1249.6404
2823,147526.47,147496.98,712.62555,0.42835695,1031.5103
2824,147488.52,147496.14,647.81775,0.42349854,874.43317
2825,147525.31,147499.06,659.62585,0.42510986,806.16785
2826,147519.5,147501.11,631.2555,0.4222168,753.9144
2827,147488.08,147499.81,583.41315,0.42489013,772.97736
2828,147473.03,147497.14,589.62305,0.42664796,840.06647
2829,147488.4,147496.27,537.52673,0.42558596,837.1248
2830,147491.3,147495.77,485.99603,0.42344972,723.7732
2831,147499.95,147496.19,438.97458,0.4239624,845.6129
2832,147498.81,147496.45,395.69727,0.42575684,822.03
2833,147473.61,147494.17,403.09283,0.42418215,756.65717
2834,147492.22,147493.97,363.12686,0.42276612,792.7461
2835,147495.45,147494.12,327.01248,0.42640382,1085.8713
2836,147503.19,147495.03,301.70282,0.42508546,900.3772
2837,147489.06,147494.44,274.73886,0.4239624,892.929
2838,147552.47,147500.23,550.3513,0.42816162,1808.7295
2839,147519.75,147502.19,529.5935,0.42570803,1332.7383
2840,147494.6,147501.42,481.82397,0.42659912,757.94556
2841,147449.72,147496.25,674.2307,0.42451173,698.99054
2842,147474.06,147494.03,651.1133,0.42735597,719.222
2843,147485.44,147493.17,592.6487,0.4309082,801.299
2844,147464.12,147490.27,609.31866,0.42452392,767.1852
2845,147450.19,147486.25,692.9498,0.43026122,697.02563
2846,147479.9,147485.61,627.2767,0.42712402,832.35315
2847,147486.17,147485.67,564.57745,0.4287842,808.6078
2848,147450.6,147482.16,618.8624,0.4223999,731.5545
2849,147481.06,147482.05,557.08386,0.42921144,833.8458
2850,147502.06,147484.05,537.4317,0.42380372,746.31104
2851,147466.03,147482.25,512.8992,0.42473146,743.53876
2852,147481.69,147482.19,461.6377,0.42711183,730.4777
2853,147478.19,147481.78,416.9139,0.42506105,828.12396
2854,147473.34,147480.94,381.62973,0.42647704,791.5124
2855,147474.77,147480.31,346.89502,0.43001708,765.7025
2856,147448.64,147477.14,402.4852,0.42192385,748.85614
2857,147456.88,147475.11,399.19925,0.42751464,768.12683
2858,147620.52,147489.66,2262.1472,0.4253296,7992.0786
2859,147492.4,147489.94,2036.6132,0.42908937,803.8592
2860,147473.23,147488.27,1858.0614,0.42490235,785.9126
2861,147450.69,147484.5,1799.3456,0.42656252,747.8973
2862,147460.75,147482.12,1670.1766,0.42801514,762.37317
2863,147501.06,147484.02,1535.4355,0.42576906,783.45105
2864,147497.16,147485.33,1397.4327,0.42333984,814.20123
2865,147484.05,147485.2,1257.8372,0.4272339,742.1665
2866,147488.97,147485.58,1133.3296,0.42563477,793.5403
2867,147447.84,147481.81,1148.1461,0.42683107,793.2574
2868,147492.94,147482.92,1044.4705,0.4268677,790.17914
2869,147454.34,147480.06,1013.5272,0.42315674,775.43396
2870,147468.0,147478.86,925.26984,0.42819825,726.743
2871,147474.56,147478.44,834.40454,0.42694092,821.77484
2872,147493.47,147479.94,771.2985,0.42625734,796.667
2873,147442.1,147476.16,823.0621,0.42962646,714.3131
2874,147474.88,147476.03,740.9036,0.4276367,778.44543
2875,147493.02,147477.73,692.77545,0.42606202,1828.4261
2876,147505.69,147480.53,693.82184,0.42851564,1075.5992
2877,147494.64,147481.94,642.3564,0.42877197,793.9623
2878,147469.36,147480.69,592.35956,0.42712402,791.95166
2879,147459.03,147478.52,575.33295,0.4272705,767.9509
2880,147461.5,147476.81,543.8574,0.42523193,720.1329
2881,147455.48,147474.69,530.4117,0.42719728,778.4459
2882,147466.2,147473.84,483.84915,0.42545167,792.3874
2883,147486.39,147475.1,449.6324,0.42818603,882.8201
2884,147463.05,147473.89,417.7306,0.43306884,750.215
2885,147489.86,147475.48,398.9076,0.42868653,780.35126
2886,147459.12,147473.84,383.10345,0.42796633,726.7356
2887,147448.66,147471.33,401.89,0.42608643,775.6015
2888,147444.45,147468.64,426.7049,0.42872316,751.7331
2889,147467.34,147468.52,384.18576,0.42803955,719.0776
2890,147468.78,147468.55,345.77353,0.42286378,863.3285
2891,147484.7,147470.16,334.6884,0.4276367,788.66296
2892,147472.62,147470.4,301.76807,0.42576906,749.12805
2893,147495.84,147472.95,329.8272,0.4231201,1083.9447
2894,147479.69,147473.62,300.92615,0.4289917,792.79474
2895,147465.81,147472.84,276.3267,0.42424318,793.42834
2896,147477.03,147473.27,250.27217,0.42923585,747.90704
2897,147475.75,147473.52,225.80045,0.42259523,748.7101
2898,147458.5,147472.02,223.5126,0.42556152,736.8597
2899,147511.94,147476.0,344.5994,0.42598876,804.8321
2900,147469.81,147475.38,313.5851,0.42674562,736.2185
2901,147481.47,147475.98,285.56863,0.4235718,874.7014
2902,147461.44,147474.53,276.05682,0.42565918,796.7777
2903,147457.69,147472.84,273.9852,0.42791748,738.6415
2904,147456.25,147471.19,271.3684,0.42716065,799.28
2905,147463.84,147470.45,249.08533,0.42877197,749.81586
2906,147474.14,147470.83,225.40059,0.42712402,787.9171
2907,147729.6,147496.7,6229.2285,0.42888185,10347.171
2908,147469.8,147494.02,5671.4604,0.42252198,939.5007
2909,147463.03,147490.92,5190.717,0.42919922,880.24603
2910,147462.88,147488.12,4742.4414,0.42531738,780.0283
2911,147452.56,147484.56,4382.0195,0.42908937,740.5081
2912,147463.05,147482.4,3985.4802,0.42908937,758.9327
2913,147488.33,147483.0,3590.0884,0.42836913,759.775
2914,147464.5,147481.16,3261.882,0.42734376,763.1954
2915,147464.75,147479.52,2959.9187,0.42973635,812.55273
2916,147475.28,147479.1,2665.5405,0.42222902,765.2586
2917,147448.92,147476.08,2480.9172,0.4253784,771.9888
2918,147475.56,147476.03,2232.8494,0.4272217,795.6988
2919,147489.44,147477.38,2025.7397,0.4260376,797.91345
2920,147444.72,147474.11,1919.1445,0.42298585,686.15924
2921,147462.39,147472.94,1739.5896,0.43026122,744.614
2922,147495.06,147475.16,1609.687,0.42332765,782.68805
2923,147447.72,147472.4,1516.4717,0.4265259,776.33594
2924,147478.12,147472.98,1367.7678,0.4265747,1084.1234
2925,147479.47,147473.62,1234.7753,0.42612305,837.4482
2926,147500.86,147476.34,1178.0518,0.42893067,1562.5128
2927,147505.9,147479.3,1138.9012,0.42818603,1927.4043
2928,147494.75,147480.84,1046.5029,0.4296753,809.3899
2929,147500.83,147482.84,977.7964,0.42286378,1271.5753
2930,147466.88,147481.25,902.96686,0.42861328,729.50446
2931,147467.4,147479.86,829.9186,0.4260376,753.69275
2932,147427.1,147474.58,997.50574,0.42805177,766.21204
2933,147478.22,147474.94,898.94806,0.4317749,845.06165
2934,147489.23,147476.38,827.4493,0.42314455,996.4962
2935,147475.03,147476.23,744.8668,0.42590332,758.9265
2936,147458.81,147474.5,697.6971,0.42244872,755.59753
2937,147468.12,147473.86,631.585,0.43059084,738.5641
2938,147458.14,147472.28,590.6636,0.42644045,755.1902
2939,147446.94,147469.75,589.4047,0.4258301,715.6546
2940,147464.88,147469.27,532.60315,0.42961428,831.0228
2941,147436.55,147466.0,575.6893,0.42993164,749.3153
2942,147455.9,147464.98,527.28986,0.4289429,870.3327
2943,147479.44,147466.44,493.3612,0.4258301,792.54083
2944,147493.08,147469.1,507.90015,0.42696533,782.2082
2945,147447.1,147466.89,500.67014,0.42843017,970.0375
2946,147461.78,147466.38,452.9526,0.4307495,766.8388
2947,147489.9,147468.73,457.49213,0.42733154,1061.9259
2948,147457.03,147467.56,424.06958,0.42628175,789.9933
2949,147475.56,147468.36,387.4226,0.42791748,730.36725
2950,147488.16,147470.34,383.9528,0.4284424,834.9277
2951,147491.0,147472.4,383.95874,0.4250122,867.39233
2952,147474.1,147472.58,345.81915,0.4265259,780.14465
2953,147480.77,147473.39,317.2704,0.42993164,988.5653
2954,147459.12,147471.97,303.85907,0.42576906,745.7336
2955,147463.12,147471.08,280.51224,0.4267334,820.7955
2956,147495.62,147473.53,306.69043,0.42850342,803.8576
2957,147489.19,147475.1,298.082,0.42369387,800.36475
2958,147499.25,147477.52,320.791,0.42729494,848.4593
2959,147479.19,147477.69,288.96344,0.4272339,768.5029
2960,147473.47,147477.27,261.66888,0.42884523,999.5473
2961,147458.31,147475.38,267.83188,0.4286377,743.0971
2962,147485.53,147476.39,250.33214,0.42957765,770.66125
2963,147457.84,147474.53,256.25772,0.42712402,798.68256
2964,147460.22,147473.1,249.06824,0.42744142,902.7982
2965,147485.0,147474.28,236.9197,0.42851564,841.44794
2966,147455.16,147472.38,246.14662,0.4258789,729.35626
2967,147468.64,147472.0,222.78706,0.4263672,745.72186
2968,147477.67,147472.56,203.40366,0.42677003,717.46875
2969,147475.47,147472.86,183.82346,0.42778322,727.2259
2970,147460.9,147471.66,178.30005,0.4274536,766.38153
2971,147483.1,147472.8,172.24352,0.42999268,811.3134
2972,147493.56,147474.88,193.82817,0.42857668,815.14844
2973,147492.52,147476.64,202.4526,0.4253052,763.3731
2974,147468.9,147475.88,187.59119,0.4270874,705.329
2975,147476.66,147475.95,168.887,0.42789307,762.0561
2976,147503.58,147478.72,220.68094,0.42889404,1223.7974
2977,147476.83,147478.53,198.93454,0.42175293,841.8264
2978,147738.2,147504.5,6247.6943,0.42877197,12051.412
2979,147521.73,147506.22,5649.6567,0.42573243,1939.076
2980,147455.19,147501.11,5319.068,0.42615968,749.37115
2981,147474.75,147498.47,4849.6943,0.42709962,782.54816
2982,147470.56,147495.67,4434.813,0.42751464,727.7468
2983,147511.56,147497.27,4014.0574,0.4256836,1048.7842
2984,147494.64,147497.0,3613.2717,0.42296144,920.81104
2985,147493.02,147496.6,3253.3733,0.42416993,869.72485
2986,147505.39,147497.47,2935.0005,0.4246338,843.2461
2987,147486.11,147496.33,2653.1135,0.42163086,832.14496
2988,147495.28,147496.22,2387.901,0.4272339,799.87213
2989,147460.58,147492.66,2263.4336,0.42578125,746.54456
2990,147468.58,147490.25,2089.2683,0.4241089,727.11975
2991,147450.19,147486.25,2024.7919,0.42559814,686.33606
2992,147456.12,147483.23,1903.989,0.42491457,731.831
2993,147486.81,147483.6,1714.7423,0.42453614,834.34595
2994,147454.12,147480.64,1621.4247,0.42669678,754.7074
2995,147444.06,147476.98,1579.6985,0.42736816,705.76465
2996,147442.98,147473.58,1525.7686,0.4213501,802.67847
2997,147427.72,147469.0,1562.4691,0.4281372,707.02527
2998,147473.44,147469.44,1407.9944,0.42629394,737.75916
2999,147467.89,147469.28,1267.4103,0.4235718,726.6043
3000,147471.47,147469.5,1141.0999,0.42866212,755.68823
3001,147471.61,147469.72,1027.3903,0.42574462,706.0641
3002,147502.5,147473.0,1021.36615,0.42718506,791.22626
3003,147507.88,147476.48,1028.6934,0.4232544,687.34766
3004,147486.72,147477.5,935.2508,0.42443848,786.20715
3005,147497.84,147479.53,878.9739,0.43126222,810.8762
3006,147482.47,147479.83,791.8531,0.4282959,1051.7859
3007,147489.36,147480.78,720.8438,0.42738038,1169.3418
3008,147454.28,147478.12,711.9619,0.4265259,871.44104
3009,147472.14,147477.53,643.9889,0.42923585,720.338
3010,147491.62,147478.94,597.46704,0.42459717,903.0664
3011,147456.7,147476.72,582.21344,0.43139648,727.4731
3012,147454.42,147474.48,568.73566,0.42622072,720.013
3013,147468.75,147473.9,514.8216,0.4284424,724.4278
3014,147468.05,147473.31,466.42932,0.42629394,733.3841
3015,147474.08,147473.39,419.83914,0.4260498,878.3355
3016,147485.88,147474.64,391.8826,0.42550048,896.699
3017,147474.72,147474.66,352.6949,0.4272583,745.7236
3018,147497.5,147476.94,364.39072,0.42902833,1123.9841
3019,147514.22,147480.67,453.04187,0.42570803,1081.0314
3020,147471.38,147479.75,415.51654,0.42550048,855.1196
3021,147444.31,147476.2,486.98837,0.42937014,933.16766
3022,147479.16,147476.5,439.0744,0.4338379,765.2956
3023,147475.61,147476.4,395.23834,0.4267578,759.2897
3024,147478.23,147476.6,356.0153,0.42694092,786.67065
3025,147487.34,147477.67,330.81436,0.4237915,757.74493
3026,147442.42,147474.14,409.56354,0.42443848,700.9607
3027,147446.38,147471.36,437.99088,0.42816162,730.42676
3028,147448.88,147469.11,439.691,0.42703858,757.49255
3029,147440.14,147466.22,471.24887,0.42861328,726.2433
3030,147463.0,147465.89,425.0564,0.42508546,809.34265
3031,147501.28,147469.44,495.27542,0.42609864,882.23724
3032,147481.1,147470.61,457.976,0.42214355,768.78107
3033,147470.77,147470.62,412.1806,0.42833254,732.6955
3034,147460.62,147469.62,379.96252,0.42749023,695.855
3035,147485.9,147471.25,365.82336,0.4256836,678.08514
3036,147495.53,147473.67,382.30313,0.4249756,795.17377
3037,147482.81,147474.6,351.5924,0.425,745.379
3038,147441.31,147471.27,416.1209,0.42744142,755.9861
3039,147443.86,147468.53,442.10803,0.42695314,795.132
3040,147486.78,147470.36,427.87283,0.42593995,747.43677
3041,147475.44,147470.88,387.4064,0.42695314,737.81165
3042,147455.47,147469.33,370.0275,0.42664796,807.2149
3043,147468.62,147469.25,333.06924,0.42775878,830.96875
3044,147476.0,147469.92,303.86295,0.42512208,773.1511
3045,147452.9,147468.22,299.5345,0.42531738,711.07825
3046,147495.88,147470.98,338.41916,0.43007812,723.58203
3047,147477.03,147471.6,307.86804,0.42518312,754.74036
3048,147458.94,147470.33,291.4975,0.42762452,740.31775
3049,147441.84,147467.48,335.3701,0.42578125,772.26105
3050,147481.03,147468.84,318.34967,0.42969972,795.5829
3051,147441.4,147466.1,354.2682,0.42268068,711.232
3052,147480.7,147467.56,338.0504,0.42908937,810.0199
3053,147465.61,147467.38,304.58868,0.42539063,775.46906
3054,147461.56,147466.8,277.17047,0.43154296,748.21954
3055,147464.22,147466.53,250.05162,0.42528078,801.12213
3056,147462.89,147466.17,226.23932,0.42630616,803.62476
3057,147444.38,147464.0,246.37473,0.4277222,752.8072
3058,147444.45,147462.05,256.12448,0.42717287,728.8948
3059,147453.14,147461.16,237.65094,0.42874756,801.4008
3060,147446.1,147459.66,234.30495,0.42473146,767.3108
3061,147483.22,147462.02,260.84167,0.4253052,747.1791
3062,147484.2,147464.23,279.06317,0.42020264,764.67755
3063,147466.67,147464.48,251.69157,0.42380372,776.8206
3064,147454.6,147463.5,235.32661,0.4267578,716.40283
3065,147453.94,147462.55,220.02367,0.42718506,703.48773
3066,147495.58,147465.84,296.217,0.42796633,807.2227
3067,147490.08,147468.27,319.45276,0.42651367,785.73004
3068,147500.2,147471.45,379.30783,0.42476806,1619.0853
3069,147488.47,147473.16,367.43488,0.42613527,1217.739
3070,147466.25,147472.47,334.98404,0.42592773,1182.882
3071,147453.52,147470.58,333.81552,0.42889404,768.73944
3072,147450.7,147468.6,335.98535,0.42757568,745.1145
3073,147500.4,147471.78,393.46997,0.4302002,1329.271
3074,147468.45,147471.45,355.11984,0.42751464,703.9234
3075,147462.45,147470.55,326.89786,0.42370605,882.8221
3076,147491.97,147472.69,335.5088,0.4243164,872.6709
3077,147479.38,147473.36,305.98294,0.4258423,845.39935
3078,147462.9,147472.31,285.21875,0.42751464,749.07996
3079,147480.92,147473.17,263.3678,0.42730713,791.0972
3080,147469.14,147472.77,238.49359,0.42788085,826.354
3081,147470.95,147472.58,214.9399,0.4254883,785.63605
3082,147456.23,147470.94,217.48654,0.4270508,709.99866
3083,147457.62,147469.61,211.68791,0.42266846,777.8556
3084,147459.14,147468.56,200.38264,0.42624512,749.06134
3085,147469.28,147468.64,180.39087,0.42613527,819.786
3086,147454.06,147467.19,181.47873,0.42629394,678.5253
3087,147432.92,147463.77,269.0028,0.42650148,709.0103
3088,147426.64,147460.05,366.14642,0.42977294,708.9068
3089,147435.33,147457.58,384.52325,0.42757568,702.65405
3090,147443.06,147456.12,365.03424,0.42988282,724.9591
3091,147440.73,147454.6,349.8492,0.42834473,818.21
3092,147432.17,147452.34,360.11093,0.42965087,808.3799
3093,147424.52,147449.56,393.79623,0.42663574,741.35156
3094,147465.97,147451.2,378.64145,0.43250734,705.56726
3095,147433.84,147449.47,367.89862,0.42832032,767.0469
3096,147461.95,147450.72,345.1361,0.42818603,769.1114
3097,147467.19,147452.36,335.03226,0.42270508,750.21436
3098,147431.92,147450.31,339.12125,0.42385253,737.9
3099,147491.66,147454.45,459.04663,0.42904052,925.8976
3100,147476.62,147456.67,457.38525,0.42437744,994.83966
3101,147453.28,147456.33,412.6814,0.42850342,745.98145
3102,147464.02,147457.1,376.73203,0.42518312,781.4434
3103,147468.94,147458.28,351.6835,0.4279419,823.7882
3104,147455.75,147458.03,317.0918,0.42695314,746.69495
3105,147451.69,147457.39,289.0045,0.43050537,985.0264
3106,147476.73,147459.33,293.78027,0.42799073,767.0157
3107,147450.44,147458.44,271.51614,0.4244263,704.3422
3108,147452.3,147457.83,247.75818,0.42902833,925.8275
3109,147463.31,147458.38,225.6894,0.42597657,791.07684
3110,147470.94,147459.62,217.32394,0.42617187,1383.4913
3111,147414.39,147455.1,379.74493,0.43044433,694.07574
3112,147420.4,147451.62,450.06046,0.42874756,723.4861
3113,147460.1,147452.47,411.50916,0.42889404,789.18384
3114,147435.9,147450.81,395.0467,0.42716065,702.07776
3115,147426.38,147448.38,409.28925,0.42839357,726.83734
3116,147459.6,147449.5,379.68774,0.4286499,870.3939
3117,147461.44,147450.69,354.5443,0.42752686,951.3582
3118,147479.84,147453.61,395.5977,0.42717287,1530.667
3119,147472.45,147455.5,387.99573,0.42321777,852.5088
3120,147459.28,147455.88,350.48294,0.42893067,819.5425
3121,147454.05,147455.69,315.7354,0.4257202,1235.9338
3122,147466.25,147456.75,294.20285,0.42945558,811.85455
3123,147458.58,147456.94,265.08334,0.4244263,747.71045
3124,147442.08,147455.45,258.4471,0.4267334,717.9005
3125,147433.14,147453.22,277.4087,0.4286499,692.32733
3126,147449.72,147452.88,250.77032,0.42598876,726.6248
3127,147445.44,147452.12,230.67177,0.42506105,770.2804
3128,147516.17,147458.53,576.7848,0.42597657,888.597
3129,147474.03,147460.08,540.7288,0.42279053,798.52106
3130,147463.48,147460.42,487.70016,0.42855224,812.26733
3131,147442.69,147458.66,467.2359,0.42541504,723.1445
3132,147447.03,147457.5,432.67496,0.42613527,721.8063
3133,147434.2,147455.17,438.25446,0.42650148,750.07666
3134,147459.47,147455.6,396.09067,0.42550048,706.92926
3135,147467.34,147456.77,368.9072,0.42521974,776.54083
3136,147448.9,147455.98,337.57574,0.42364502,773.19946
3137,147449.75,147455.36,307.31622,0.42757568,752.9998
3138,147469.44,147456.77,294.42203,0.4289429,720.5843
3139,147476.06,147458.69,298.49307,0.42702636,741.5139
3140,147483.6,147461.17,324.4727,0.42681885,762.5574
3141,147441.62,147459.22,326.41266,0.42241213,730.9182
3142,147453.84,147458.69,296.37155,0.42401123,744.95496
3143,147466.81,147459.5,272.67578,0.4336914,709.91003
3144,147445.28,147458.08,263.60376,0.42624512,737.38385
3145,147463.27,147458.6,239.66528,0.42906496,790.74243
3146,147451.39,147457.88,220.36841,0.42388916,720.99603
3147,147426.11,147454.7,289.14648,0.42323,743.6063
3148,147432.28,147452.47,305.4785,0.42908937,744.0931
3149,147456.1,147452.83,276.11328,0.42738038,721.914
3150,147443.66,147451.9,256.07303,0.4247925,730.60266
3151,147452.78,147452.0,230.53464,0.425354,711.272
3152,147619.03,147468.7,2718.4307,0.42832032,8076.389
3153,147513.16,147473.16,2624.4346,0.42557374,2226.408
3154,147451.84,147471.03,2402.871,0.42523193,774.22723
3155,147472.02,147471.12,2162.6711,0.42857668,1310.1317
3156,147405.47,147464.56,2334.371,0.42775878,757.21545
3157,147440.06,147462.11,2154.9563,0.43126222,763.904
3158,147461.3,147462.03,1939.5199,0.42841798,711.6317
3159,147447.34,147460.56,1764.9829,0.4231201,705.8604
3160,147452.14,147459.72,1594.868,0.4303833,710.0395
3161,147433.4,147457.1,1497.6925,0.42927247,732.9647
3162,147463.7,147457.75,1351.8547,0.42868653,773.5028
3163,147432.36,147455.22,1274.6908,0.4281006,696.26483
3164,147457.4,147455.44,1147.6523,0.42825928,732.23694
3165,147462.34,147456.12,1037.1798,0.42731935,759.2705
3166,147477.31,147458.25,973.8637,0.4270752,729.1769
3167,147467.38,147459.16,883.9712,0.42884523,733.8356
3168,147458.69,147459.11,795.5938,0.4293335,721.3757
3169,147440.92,147457.3,745.80505,0.42491457,768.8097
3170,147452.92,147456.86,672.9472,0.42485353,751.87683
3171,147439.78,147455.16,631.9021,0.43249512,689.67926
3172,147437.36,147453.38,597.21747,0.42939454,754.92267
3173,147456.47,147453.69,538.3571,0.43011475,733.80054
3174,147452.19,147453.53,484.72388,0.42780763,729.9597
3175,147410.66,147449.25,601.6954,0.4295044,700.1577
3176,147419.62,147446.28,620.5135,0.42681885,704.08075
3177,147437.73,147445.42,565.03656,0.42806396,736.8835
3178,147427.31,147443.61,538.04834,0.42770997,727.24384
3179,147462.31,147445.48,515.72614,0.4241577,749.3909
3180,147461.75,147447.11,487.96484,0.42658693,755.0799
3181,147449.92,147447.39,439.88025,0.42961428,727.5646
3182,147469.44,147449.6,439.63803,0.4270508,846.31464
3183,147460.88,147450.72,407.1282,0.4237915,747.94543
3184,147438.53,147449.5,379.78354,0.42717287,762.5256
3185,147495.6,147454.11,533.0222,0.42921144,995.61084
3186,147453.38,147454.03,479.76855,0.42248535,888.39417
3187,147449.95,147453.62,433.28848,0.42983398,768.33527
3188,147418.58,147450.12,500.50513,0.42244872,788.366
3189,147418.66,147446.98,539.57996,0.42884523,727.2814
3190,147435.53,147445.84,497.42764,0.428125,799.0426
3191,147433.4,147444.6,461.6071,0.42963868,709.1202
3192,147440.83,147444.22,416.72256,0.42796633,691.88684
3193,147477.23,147447.52,473.15314,0.42476806,810.17334
3194,147449.62,147447.72,426.23825,0.42252198,800.45557
3195,147442.88,147447.23,385.72598,0.4260132,731.85065
3196,147454.75,147447.98,352.237,0.4241089,742.80676
3197,147455.55,147448.73,322.16052,0.42750245,670.0766
3198,147448.84,147448.75,289.94553,0.42856446,887.1474
3199,147445.22,147448.39,262.07324,0.42712402,1141.1259
3200,147456.22,147449.17,241.38107,0.42730713,766.06396
3201,147445.16,147448.77,218.69423,0.42298585,737.9644
3202,147456.06,147449.5,201.61679,0.43009034,756.59595
3203,147462.8,147450.83,197.36774,0.42233887,783.4175
3204,147493.42,147455.1,340.91144,0.42552492,2597.1206
3205,147442.94,147453.88,320.11996,0.42462158,1263.8756
3206,147444.34,147452.92,296.284,0.4276367,770.25037
3207,147567.73,147464.4,1453.0276,0.4282715,4437.1924
3208,147473.06,147465.27,1314.4685,0.42420655,930.96826
3209,147467.88,147465.53,1183.6344,0.42502442,758.78357
3210,147469.47,147465.92,1066.6663,0.42285156,806.6096
3211,147418.75,147461.2,1160.2664,0.42562255,691.6252
3212,147441.5,147459.23,1079.1788,0.42886963,719.1567
3213,147433.14,147456.62,1032.5404,0.42974854,654.3201
3214,147462.38,147457.2,932.26196,0.42298585,989.7647
3215,147429.0,147454.38,910.6232,0.42954102,729.3918
3216,147457.44,147454.69,820.40497,0.4299805,733.5118
3217,147460.97,147455.31,741.91534,0.4284424,767.3866
3218,147448.66,147454.64,671.7113,0.42197266,722.66455
3219,147443.1,147453.48,616.53986,0.42946777,708.36566
3220,147415.5,147449.69,684.739,0.4235718,790.4435
3221,147416.72,147446.39,714.08954,0.4282715,678.0716
3222,147445.23,147446.28,642.80084,0.42957765,697.2803
3223,147409.44,147442.6,700.6923,0.42733154,726.71814
3224,147458.44,147444.17,653.2153,0.42766115,1086.8989
3225,147442.73,147444.03,588.0797,0.42700195,813.09814
3226,147444.6,147444.1,529.3002,0.430542,708.5281
3227,147457.31,147445.42,492.0963,0.43022463,934.6726
3228,147439.11,147444.8,446.47296,0.4228882,707.92413
3229,147465.94,147446.9,442.04898,0.42955324,768.4968
3230,147447.75,147446.98,397.90814,0.4282959,768.5702
3231,147444.4,147446.72,358.7155,0.42750245,945.05225
3232,147450.28,147447.08,323.98618,0.42512208,759.4036
3233,147719.08,147474.28,6950.148,0.42336425,12999.822
3234,147573.47,147484.2,7140.5674,0.42678222,5794.9224
3235,147479.92,147483.78,6428.16,0.42382812,1013.99286
3236,147455.0,147480.9,5859.8965,0.42406008,749.8794
3237,147458.7,147478.69,5318.275,0.4254883,858.4122
3238,147428.88,147473.7,5009.7627,0.4274048,670.70593
3239,147427.92,147469.12,4697.4194,0.4248413,717.9578
3240,147467.53,147468.97,4227.906,0.42954102,887.23334
3241,147463.25,147468.39,3808.0586,0.4312744,779.32495
3242,147462.22,147467.78,3430.681,0.42700195,735.4207
3243,147482.62,147469.27,3107.443,0.42733154,1885.005
3244,147447.45,147467.08,2839.5195,0.42658693,992.08276
3245,147518.62,147472.23,2794.7046,0.42990723,3101.1006
3246,147438.12,147468.83,2619.9446,0.42750245,739.5586
3247,147458.88,147467.83,2366.866,0.42644045,707.6358
3248,147418.81,147462.92,2346.4072,0.4223877,728.81757
3249,147464.9,147463.12,2112.1208,0.43132326,794.6305
3250,147443.25,147461.14,1936.4601,0.42921144,789.1108
3251,147418.58,147456.89,1905.855,0.427063,755.9532
3252,147431.34,147454.34,1774.0073,0.430188,715.13104
3253,147454.1,147454.31,1596.6122,0.43049318,751.1776
3254,147472.19,147456.1,1465.7073,0.42814943,743.5866
3255,147482.64,147458.75,1382.5627,0.4257202,766.61957
3256,147439.75,147456.84,1276.7964,0.42611083,723.32135
3257,147442.25,147455.39,1168.2847,0.42489013,688.55444
3258,147445.52,147454.4,1060.2325,0.42994386,730.2318
3259,147454.9,147454.45,954.2318,0.4310669,733.92236
3260,147446.34,147453.64,864.7272,0.42454836,764.11847
3261,147476.16,147455.89,823.8802,0.43098146,905.75507
3262,147426.66,147452.97,818.4106,0.424292,712.6081
3263,147455.52,147453.22,737.1533,0.4279419,782.5577
3264,147427.92,147450.69,721.0318,0.42615968,837.9457
3265,147454.14,147451.03,650.0018,0.42857668,1077.459
3266,147446.02,147450.53,587.2656,0.4262085,706.3367
3267,147449.53,147450.44,528.629,0.42976075,789.1157
3268,147418.9,147447.28,565.2459,0.42834473,802.3768
3269,147424.23,147444.97,556.5256,0.43092042,701.93726
3270,147424.98,147442.97,536.8168,0.42504883,703.752
3271,147449.94,147443.67,487.50577,0.42696533,763.3783
3272,147423.69,147441.67,474.69894,0.4303467,658.6646
3273,147410.16,147438.52,516.6201,0.4293091,678.29047
3274,147425.73,147437.23,479.66055,0.42557374,654.64954
3275,147428.31,147436.34,438.8585,0.4307007,694.33136
3276,147425.4,147435.25,405.73923,0.42773438,734.7579
3277,147434.4,147435.17,365.22937,0.42611083,908.72314
3278,147432.69,147434.92,329.26193,0.4293091,752.5402
3279,147414.98,147432.92,332.11108,0.430542,679.6152
3280,147438.72,147433.5,301.92432,0.4281372,825.9659
3281,147439.28,147434.08,274.73993,0.42923585,678.6957
3282,147437.97,147434.47,248.62827,0.4258301,647.806
3283,147432.11,147434.23,224.26643,0.4257202,702.7139
3284,147456.48,147436.45,246.3954,0.42509767,735.7317
3285,147442.0,147437.0,224.52496,0.42299804,758.6527
3286,147465.44,147439.84,274.85468,0.42893067,768.5581
3287,147415.88,147437.45,299.07428,0.42558596,730.72186
3288,147430.25,147436.73,273.8365,0.4315918,698.3708
3289,147447.39,147437.8,256.67282,0.426709,766.2891
3290,147440.36,147438.05,231.59651,0.4275879,691.84424
3291,147427.0,147436.94,219.41986,0.4286499,776.4714
3292,147437.92,147437.03,197.56508,0.4251709,722.02527
3293,147448.25,147438.16,189.13599,0.4272705,750.5231
3294,147431.31,147437.47,174.4377,0.42489013,734.10706
3295,147456.39,147439.36,189.21727,0.4295288,734.69885
3296,147454.94,147440.92,192.13657,0.42446288,703.08514
3297,147417.02,147438.53,224.35869,0.4261841,733.141
3298,147471.9,147441.88,302.17297,0.42750245,2039.5762
3299,147426.6,147440.34,292.97217,0.423938,765.00934
3300,147442.2,147440.53,263.9861,0.43059084,681.7758
3301,147446.06,147441.08,240.34103,0.42612305,723.3559
3302,147433.44,147440.31,221.56105,0.4265747,748.4421
3303,147433.56,147439.64,203.50555,0.4276367,703.95844
3304,147437.44,147439.42,183.59184,0.42978516,713.3055
3305,147416.6,147437.14,212.13376,0.4293213,685.63464
3306,147428.97,147436.33,196.93053,0.4334839,729.75006
3307,147416.44,147434.34,212.8448,0.42698976,737.53253
3308,147447.97,147435.7,208.26797,0.430188,951.2216
3309,147436.17,147435.75,187.46095,0.4261963,750.16583
3310,147421.95,147434.38,185.8467,0.4276367,770.2354
3311,147418.33,147432.77,190.43723,0.42525634,732.0273
3312,147452.6,147434.75,206.7774,0.42799073,758.5572
3313,147440.78,147435.36,189.3735,0.42420655,869.02075
3314,147481.98,147440.02,366.0863,0.42999268,1413.2549
3315,147438.27,147439.84,329.7533,0.42333984,707.1664
3316,147434.58,147439.31,299.27338,0.42581788,685.4364
3317,147385.31,147433.9,531.7861,0.42592773,685.71564
3318,147409.1,147431.42,534.0169,0.43001708,670.20013
3319,147430.14,147431.3,480.76297,0.42822266,754.8196
3320,147464.16,147434.58,529.8631,0.4296875,902.4432
3321,147444.12,147435.53,485.07962,0.42630616,679.6056
3322,147439.1,147435.89,437.71387,0.42539063,822.43665
3323,147485.1,147440.81,611.8277,0.4272339,1362.525
3324,147468.4,147443.58,619.1723,0.42939454,714.91656
3325,147437.1,147442.94,561.0393,0.42575684,704.6806
3326,147440.75,147442.72,505.36603,0.427771,715.0525
3327,147454.06,147443.86,466.41064,0.42929688,762.49536
3328,147441.83,147443.66,420.1409,0.42738038,778.6853
3329,147450.97,147444.39,382.93933,0.4256958,653.96814
3330,147464.75,147446.42,381.95074,0.42373046,813.4642
3331,147425.31,147444.31,383.86017,0.425647,750.0574
3332,147432.28,147443.11,358.50174,0.42540285,656.77234
3333,147451.56,147443.95,329.08255,0.42563477,710.9404
3334,147459.36,147445.5,317.536,0.4302002,755.97314
3335,147432.19,147444.17,301.73242,0.4248291,733.50446
3336,147456.56,147445.4,285.37665,0.42824706,845.8657
3337,147406.36,147441.5,394.05823,0.42681885,747.93567
3338,147405.5,147437.9,471.29236,0.42786866,720.18976
3339,147459.38,147440.05,465.64474,0.42578125,738.7767
3340,147436.22,147439.66,420.39917,0.4269043,733.77795
3341,147420.62,147437.75,410.9562,0.42902833,690.50745
3342,147397.48,147433.72,515.7794,0.42419434,710.95355
3343,147433.56,147433.7,464.20367,0.42625734,810.4902
3344,147430.72,147433.4,418.5849,0.42661133,893.84174
3345,147408.44,147430.9,432.83585,0.42861328,732.2415
3346,147444.4,147432.25,405.95474,0.42928466,762.8273
3347,147456.25,147434.66,417.19925,0.42816162,683.29205
3348,147411.72,147432.36,422.8309,0.4244751,681.58356
3349,147408.88,147430.02,430.18423,0.42994386,691.81445
3350,147411.22,147428.14,418.9648,0.4272217,657.9143
3351,147392.8,147424.61,489.49457,0.4355835,647.9123
3352,147438.31,147425.98,457.44492,0.4272217,746.4302
3353,147425.03,147425.89,411.78217,0.42734376,723.1524
3354,147449.58,147428.27,421.10272,0.43100587,731.8114
3355,147456.1,147431.05,448.68884,0.42698976,990.6736
3356,147447.44,147432.69,427.9987,0.42889404,758.8683
3357,147416.56,147431.08,408.60022,0.4253052,724.80347
3358,147458.67,147433.84,436.26755,0.42911378,774.8319
3359,147435.45,147434.0,392.87387,0.42839357,757.9535
3360,147459.36,147436.53,411.46527,0.4272583,689.1133
3361,147429.62,147435.84,374.6114,0.42344972,705.2222
3362,147426.4,147434.9,345.16623,0.4287842,702.96844
3363,147427.75,147434.19,315.25867,0.427063,665.74445
3364,147395.34,147430.3,419.5281,0.42872316,709.4921
3365,147456.17,147432.89,437.8317,0.42840576,765.90643
3366,147440.81,147433.69,399.69656,0.42628175,687.5816
3367,147449.81,147435.3,383.1283,0.42735597,724.49457
3368,147421.33,147433.9,362.3768,0.4248291,733.76825
3369,147412.03,147431.72,369.2055,0.43081054,676.3419
3370,147467.02,147435.25,444.4132,0.4227295,723.1853
3371,147430.95,147434.81,401.63354,0.42735597,708.91943
3372,147479.38,147439.27,540.19366,0.42977294,769.8916
3373,147477.53,147443.1,617.9575,0.42368165,858.0887
3374,147440.78,147442.86,556.64307,0.4234253,725.36865
3375,147454.94,147444.06,514.1081,0.42943117,872.2602
3376,147420.0,147441.66,514.8076,0.43151855,729.78564
3377,147429.25,147440.42,477.17917,0.43032226,726.89813
3378,147444.64,147440.84,431.06305,0.4258545,770.0639
3379,147424.16,147439.17,413.01926,0.43078613,745.7378
3380,147464.39,147441.69,428.956,0.43022463,976.6549
3381,147461.31,147443.66,420.72305,0.42558596,720.08734
3382,147438.34,147443.12,381.19077,0.42713624,833.2565
3383,147421.61,147440.97,384.73465,0.43079835,687.655
3384,147415.55,147438.42,404.42563,0.42946777,700.7105
3385,147435.47,147438.12,364.76794,0.43105468,738.79504
3386,147454.19,147439.73,351.51147,0.42656252,765.56885
3387,147430.3,147438.8,324.3763,0.42192385,795.9085
3388,147408.83,147435.8,372.77,0.43164062,721.4521
3389,147431.77,147435.39,336.95557,0.42628175,698.38306
3390,147419.55,147433.81,325.8522,0.4267334,671.29614
3391,147423.84,147432.81,302.21082,0.4291626,680.4479
3392,147425.72,147432.11,276.51865,0.4282959,695.69403
3393,147428.1,147431.7,250.31804,0.42976075,705.45447
3394,147455.38,147434.06,275.71844,0.42685547,893.607
3395,147423.2,147432.97,258.75995,0.42805177,738.6318
3396,147415.81,147431.25,259.37427,0.42552492,675.507
3397,147408.88,147429.02,278.49448,0.4298218,717.1156
3398,147443.69,147430.48,270.01877,0.43023682,767.5889
3399,147454.1,147432.84,293.18314,0.4298462,799.8363
3400,147422.28,147431.78,273.9058,0.42784426,756.7735
3401,147413.19,147429.92,277.63068,0.42767334,749.75195
3402,147471.97,147434.12,408.98218,0.42991945,1532.1711
3403,147472.31,147437.94,499.3296,0.42835695,1371.8058
3404,147424.16,147436.56,466.4897,0.424646,715.22565
3405,147415.55,147434.47,459.58978,0.42709962,649.00494
3406,147440.28,147435.05,416.67145,0.4317383,761.9435
3407,147441.94,147435.73,379.27756,0.42821047,751.66974
3408,147443.31,147436.5,346.5183,0.42806396,781.2346
3409,147447.44,147437.6,322.6331,0.4272583,753.8094
3410,147415.4,147435.38,334.67545,0.42735597,748.62555
3411,147422.97,147434.14,315.06024,0.426416,712.3499
3412,147399.58,147430.69,391.0652,0.426416,686.59265
3413,147438.05,147431.42,356.8331,0.4317627,751.2522
3414,147468.69,147435.16,446.1352,0.42843017,864.5607
3415,147442.06,147435.84,405.81433,0.42543945,691.70465
3416,147445.67,147436.83,373.92618,0.42525634,674.1668
3417,147433.1,147436.45,337.78867,0.4270874,685.59735
3418,147442.31,147437.03,307.0997,0.42598876,736.8039
3419,147435.6,147436.89,276.57568,0.42739257,762.8377
3420,147391.47,147432.34,434.60132,0.42834473,727.8718
3421,147420.5,147431.16,403.76587,0.42891845,660.66644
3422,147446.25,147432.67,383.8932,0.42922363,687.57434
3423,147423.58,147431.77,352.94653,0.4256714,697.5235
3424,147414.4,147430.03,344.7732,0.43001708,692.8517
3425,147417.45,147428.78,324.5347,0.42817384,727.0052
3426,147394.3,147425.33,399.1067,0.43084717,688.677
3427,147431.75,147425.97,362.90765,0.42888185,731.3969
3428,147467.9,147430.16,484.9047,0.42775878,759.67554
3429,147415.08,147428.66,456.8757,0.4297119,697.94995
3430,147427.22,147428.52,411.37408,0.4253784,733.2001
3431,147437.25,147429.39,377.10272,0.43139648,728.0932
3432,147421.3,147428.58,345.28824,0.42687988,693.28265
3433,147441.84,147429.9,326.59732,0.4261841,763.96375
3434,147434.9,147430.4,296.1876,0.426709,730.35895
3435,147423.66,147429.73,270.66943,0.42456055,735.9998
3436,147471.27,147433.89,398.83853,0.43077394,756.69434
3437,147413.55,147431.86,396.2028,0.42207032,740.66736
3438,147440.1,147432.69,362.68494,0.42614746,808.2891
3439,147432.5,147432.67,326.4196,0.43179932,684.4383
3440,147460.12,147435.42,361.60828,0.429895,788.00665
3441,147440.9,147435.97,328.1545,0.42890626,663.7278
3442,147429.78,147435.34,298.78473,0.4244995,663.88385
3443,147430.6,147434.88,270.9369,0.42513427,708.4407
3444,147432.25,147434.61,244.46335,0.427417,682.0433
3445,147423.5,147433.5,231.12465,0.42733154,733.2115
3446,147441.19,147434.27,213.33096,0.42695314,708.4094
3447,147432.16,147434.06,192.39832,0.42324218,663.7871
3448,147414.06,147432.06,209.15848,0.4284668,715.08325
3449,147438.3,147432.69,191.74069,0.42592773,743.8227
3450,147449.6,147434.38,198.29053,0.42381594,810.72144
3451,147439.38,147434.88,180.71147,0.42835695,714.91473
3452,147451.23,147436.52,186.72694,0.42684326,812.9121
3453,147427.06,147435.56,176.09679,0.4272583,705.3594
3454,147439.69,147435.97,160.01851,0.42769775,821.05035
3455,147431.72,147435.55,145.64227,0.42504883,671.44086
3456,147401.5,147432.14,235.40512,0.42857668,707.18744
3457,147438.02,147432.73,214.97101,0.43023682,733.63055
3458,147444.9,147433.95,206.80782,0.42866212,1921.1307
3459,147457.6,147436.31,236.42616,0.4275635,1044.4847
3460,147441.19,147436.8,214.92244,0.4262085,703.9935
3461,147448.22,147437.94,205.17152,0.42874756,718.02826
3462,147431.72,147437.31,188.13492,0.4283081,734.9398
3463,147421.98,147435.78,190.46706,0.4277466,728.4733
3464,147432.66,147435.47,172.29926,0.42857668,699.75287
3465,147450.9,147437.02,176.51779,0.4289429,810.1057
3466,147426.97,147436.02,167.95058,0.43010256,736.88226
3467,147419.28,147434.34,176.35905,0.42786866,735.6916
3468,147473.72,147438.28,298.2583,0.4308838,1433.0913
3469,147433.19,147437.77,270.76764,0.42268068,731.47186
3470,147450.34,147439.03,257.9297,0.4261963,675.2291
3471,147443.38,147439.47,233.83484,0.42869875,702.95233
3472,147424.33,147437.95,231.08282,0.4243164,654.7948
3473,147405.55,147434.72,302.48938,0.42789307,702.14777
3474,147427.84,147434.03,276.49435,0.42762452,663.6416
3475,147429.17,147433.55,250.97014,0.42775878,726.0431
3476,147415.16,147431.7,256.31247,0.42622072,679.132
3477,147436.66,147432.2,232.88922,0.4307007,860.0385
3478,147438.38,147432.81,213.02858,0.42384034,747.39636
3479,147404.25,147429.95,265.1492,0.42823488,661.4526
3480,147415.66,147428.53,257.03033,0.43045655,774.2974
3481,147409.34,147426.61,264.4617,0.42714843,688.01733
3482,147409.03,147424.84,265.82468,0.42979738,698.3613
3483,147424.52,147424.81,239.25189,0.4298462,709.1323
3484,147424.9,147424.83,215.3275,0.43031007,978.3203
3485,147421.44,147424.48,194.8294,0.42728272,696.09674
3486,147431.4,147425.17,179.65857,0.42554933,668.5435
3487,147434.3,147426.08,169.18661,0.43004152,693.1294
3488,147435.88,147427.06,160.90604,0.42935792,721.8078
3489,147422.4,147426.6,146.76668,0.42702636,665.57166
3490,147441.25,147428.06,151.42253,0.42662355,702.96375
3491,147395.83,147424.84,229.79523,0.42996827,641.3444
3492,147453.19,147427.67,279.11884,0.43023682,918.19604
3493,147424.28,147427.33,252.24161,0.42550048,735.5415
3494,147440.53,147428.66,242.70647,0.42630616,822.3608
3495,147429.62,147428.75,218.52028,0.427417,708.6588
3496,147444.05,147430.28,217.72775,0.42607424,698.89166
3497,147436.55,147430.9,199.4882,0.42110595,757.61993
3498,147438.08,147431.62,184.16861,0.42330322,766.1511
3499,147414.47,147429.9,192.24207,0.42473146,683.35767
3500,147416.62,147428.58,188.8931,0.427063,644.73206
3501,147398.23,147425.55,252.87067,0.42879638,690.0358
3502,147417.66,147424.75,233.18716,0.42769775,689.76215
3503,147416.88,147423.97,215.44986,0.42631838,808.6129
3504,147418.0,147423.38,197.1112,0.42935792,817.7099
3505,147473.16,147428.36,400.43564,0.4253296,1471.9374
3506,147425.95,147428.12,360.91318,0.42789307,916.8557
3507,147420.78,147427.39,329.6756,0.4275879,717.9683
3508,147417.3,147426.38,305.87756,0.43059084,707.3809
3509,147437.02,147427.44,285.47986,0.42645264,798.9432
3510,147436.19,147428.31,263.82248,0.43200684,759.0915
3511,147404.12,147425.89,290.09338,0.42458495,730.21436
3512,147406.34,147423.94,295.47128,0.4315674,681.069
3513,147432.8,147424.83,272.9881,0.4263428,787.9404
3514,147425.75,147424.92,245.76578,0.42886963,703.22723
3515,147447.56,147427.19,267.323,0.43079835,698.57117
3516,147413.69,147425.84,256.9932,0.42940673,719.4568
3517,147410.0,147424.27,253.88608,0.42866212,684.50244
3518,147434.06,147425.25,237.13554,0.4282959,803.71124
3519,147427.84,147425.52,214.02747,0.42424318,731.11426
3520,147402.94,147423.25,238.50417,0.4253784,705.08453
3521,147435.92,147424.52,229.10562,0.4282837,722.44104
3522,147414.83,147423.55,214.64134,0.42323,704.8626
3523,147444.9,147425.69,234.23727,0.427771,806.672
3524,147413.12,147424.44,225.01703,0.42818603,665.13696
3525,147416.34,147423.62,208.4111,0.42799073,736.6406
3526,147433.6,147424.62,196.51382,0.42814943,738.424
3527,147446.88,147426.84,221.41806,0.42607424,818.39
3528,147403.88,147424.55,246.75696,0.4286377,709.13257
3529,147414.02,147423.5,232.06291,0.42573243,754.87646
3530,147406.67,147421.81,234.34334,0.43028566,655.5755
3531,147442.66,147423.89,250.01056,0.42714843,738.1752
3532,147431.9,147424.69,230.792,0.42938232,766.8451
3533,147400.28,147422.25,261.32266,0.42857668,720.82904
3534,147401.58,147420.19,273.64975,0.42744142,669.7033
3535,147422.69,147420.44,246.84727,0.42988282,689.86066
3536,147408.56,147419.25,234.85396,0.42906496,686.7699
3537,147392.81,147416.61,274.2733,0.43057862,695.54443
3538,147418.05,147416.75,247.03192,0.4350708,679.0387
3539,147404.34,147415.52,236.18108,0.4289429,673.34753
3540,147435.84,147417.55,249.75389,0.4283081,669.2009
3541,147419.25,147417.72,225.03957,0.42868653,685.29755
3542,147434.4,147419.39,227.59814,0.42578125,659.1465
3543,147392.94,147416.75,267.8174,0.43031007,639.18713
3544,147406.72,147415.75,250.092,0.4310669,651.4176
3545,147428.03,147416.98,238.6574,0.42783204,696.7202
3546,147437.52,147419.03,252.72954,0.4282959,688.5889
3547,147395.94,147416.72,275.4555,0.42658693,686.2729
3548,147410.92,147416.14,250.9343,0.4302124,649.6545
3549,147379.19,147412.44,348.73886,0.42573243,678.97955
3550,147411.12,147412.31,314.02002,0.4281128,667.8851
3551,147449.44,147416.03,406.66193,0.42562255,866.377
3552,147417.02,147416.12,366.08292,0.42888185,712.8739
3553,147414.78,147415.98,329.63715,0.4289429,731.8276
3554,147431.56,147417.55,318.51443,0.42924806,727.34467
3555,147463.86,147422.17,479.69928,0.4297119,911.5205
3556,147411.38,147421.1,442.2209,0.4268921,691.53815
3557,147402.47,147419.23,429.21893,0.42750245,685.91797
3558,147396.98,147417.02,430.85266,0.43149415,731.1311
3559,147413.39,147416.66,388.95004,0.42775878,729.8719
3560,147431.2,147418.11,369.10007,0.43186036,674.0261
3561,147412.62,147417.56,334.89713,0.42929688,679.3455
3562,147401.2,147415.92,325.49402,0.42983398,750.8592
3563,147402.84,147414.61,308.33795,0.43135986,666.7961
3564,147394.02,147412.55,315.67337,0.42923585,692.5378
3565,147429.55,147414.25,310.11603,0.4281128,745.2151
3566,147424.9,147415.31,289.32443,0.43101808,693.55676
3567,147408.83,147414.66,264.1762,0.4256958,702.9357
3568,147414.53,147414.64,237.75998,0.42834473,698.52094
3569,147433.69,147416.55,246.63449,0.42973635,695.54944
3570,147413.56,147416.25,222.77263,0.4288086,728.973
3571,147404.19,147415.05,213.59071,0.42877197,657.4167
3572,147450.84,147418.62,307.5591,0.4248413,698.95
3573,147400.19,147416.78,307.39792,0.42384034,635.0706
3574,147403.34,147415.44,292.9091,0.43312988,652.73004
3575,147410.31,147414.92,265.9821,0.42819825,674.46875
3576,147401.78,147413.61,254.92471,0.42889404,701.21136
3577,147432.61,147415.52,261.92224,0.4307129,701.65375
3578,147412.73,147415.23,236.4262,0.4261841,754.9362
3579,147437.17,147417.42,256.0964,0.43240967,715.135
3580,147411.36,147416.81,233.7946,0.4263916,708.5299
3581,147421.31,147417.27,212.23763,0.4260376,682.2781
3582,147417.19,147417.25,191.0144,0.42768556,785.9589
3583,147389.38,147414.47,241.84438,0.43060303,674.99585
3584,147426.69,147415.69,231.09674,0.43049318,688.1739
3585,147398.53,147413.97,234.47737,0.43049318,684.0892
3586,147407.94,147413.36,214.30347,0.42879638,686.9014
3587,147396.81,147411.7,217.51503,0.42888185,694.7739
3588,147422.64,147412.8,206.53012,0.42712402,762.7463
3589,147419.6,147413.47,190.03488,0.42834473,824.506
3590,147395.72,147411.69,199.38702,0.42642823,703.71027
3591,147422.52,147412.77,190.00066,0.43067628,742.29816
3592,147417.34,147413.22,172.88692,0.4276123,722.3488
3593,147422.56,147414.16,163.45572,0.43184814,684.31866
3594,147430.84,147415.83,172.17268,0.42733154,904.4422
3595,147397.53,147414.0,185.0852,0.42714843,738.5149
3596,147396.1,147412.2,195.43373,0.42923585,725.99005
3597,147415.16,147412.5,176.67525,0.43132326,801.2778
3598,147420.22,147413.27,164.36984,0.42750245,918.31244
3599,147413.9,147413.33,147.9698,0.42919922,710.55566
3600,147444.4,147416.44,220.0993,0.43222657,785.91156
3601,147430.78,147417.88,216.60625,0.42730713,803.25116
3602,147416.75,147417.77,195.05952,0.42834473,710.1864
3603,147433.44,147419.33,197.65826,0.4293091,679.30145
3604,147428.78,147420.28,185.93497,0.43057862,687.1502
3605,147402.03,147418.45,197.31708,0.42695314,671.18146
3606,147445.14,147421.12,241.6854,0.4268677,783.5182
3607,147435.22,147422.53,235.39389,0.42608643,715.0113
3608,147412.19,147421.5,221.48387,0.42768556,662.7709
3609,147403.16,147419.67,229.61987,0.43044433,643.6231
3610,147439.34,147421.64,241.48633,0.4289795,690.59393
3611,147433.81,147422.86,230.6716,0.42770997,699.73474
3612,147415.53,147422.12,212.43756,0.4298706,834.0008
3613,147408.84,147420.8,207.06905,0.42958984,988.67206
3614,147419.34,147420.66,186.55217,0.42905274,810.5811
3615,147430.84,147421.67,177.23761,0.42739257,700.805
3616,147422.53,147421.75,159.5803,0.4333496,697.22284
3617,147433.66,147422.94,156.38055,0.43022463,1257.936
3618,147430.02,147423.64,145.25148,0.42716065,679.3487
3619,147419.16,147423.19,132.5362,0.42824706,930.49927
3620,147395.88,147420.45,186.4201,0.43098146,678.2913
3621,147391.2,147417.53,244.7787,0.43049318,626.6894
3622,147417.31,147417.52,220.30515,0.4312744,666.6389
3623,147388.77,147414.64,272.66525,0.42733154,673.4264
3624,147415.73,147414.75,245.5064,0.42713624,694.8098
3625,147431.53,147416.42,246.30067,0.4289917,638.20575
3626,147413.34,147416.11,222.52333,0.4315918,685.0557
3627,147394.88,147413.98,240.85187,0.43098146,669.7267
3628,147413.36,147413.92,216.80183,0.430188,695.8694
3629,147414.31,147413.97,195.13538,0.42973635,679.5962
3630,147412.06,147413.78,175.94887,0.42869875,734.9192
3631,147408.62,147413.27,160.7468,0.42922363,789.0453
3632,147411.97,147413.14,144.82347,0.42650148,722.16394
3633,147385.39,147410.36,199.64674,0.4277466,698.4763
3634,147415.9,147410.9,182.45117,0.42861328,738.8971
3635,147382.31,147408.05,237.79028,0.42435303,641.8305
3636,147416.14,147408.86,219.90703,0.4300049,696.81573
3637,147428.83,147410.86,233.80391,0.43273926,679.89844
3638,147397.48,147409.52,226.52368,0.42858887,698.7609
3639,147407.4,147409.31,204.27176,0.42835695,709.2354
3640,147415.72,147409.95,187.53818,0.43131104,698.5881
3641,147397.03,147408.66,183.81209,0.42739257,684.47186
3642,147406.75,147408.47,165.7579,0.4312256,717.169
3643,147418.17,147409.44,157.65567,0.42988282,747.6262
3644,147430.48,147411.55,181.75748,0.42702636,703.67194
3645,147423.77,147412.77,177.01852,0.42677003,705.7615
3646,147423.12,147413.8,168.97516,0.42712402,687.68
3647,147359.67,147408.39,415.73404,0.42609864,639.97565
3648,147395.31,147407.08,389.554,0.43411866,631.4235
3649,147427.64,147409.14,388.65207,0.42579347,755.73535
3650,147414.38,147409.66,352.25275,0.43146974,796.6628
3651,147401.23,147408.81,323.41098,0.42711183,707.0508
3652,147419.7,147409.9,301.7444,0.42944336,650.02563
3653,147425.4,147411.45,293.19244,0.42744142,786.0602
3654,147399.83,147410.3,276.03586,0.43117675,620.34235
3655,147392.84,147408.55,275.8473,0.42801514,630.6856
3656,147404.72,147408.16,249.58147,0.42910156,650.36786
3657,147401.05,147407.44,229.17221,0.43063965,694.1532
3658,147380.11,147404.7,273.46936,0.42749023,626.6505
3659,147435.33,147407.77,330.53256,0.42666015,713.27576
3660,147391.55,147406.14,321.1536,0.42800292,652.98694
3661,147413.1,147406.84,293.38937,0.43077394,856.1147
3662,147382.02,147404.36,319.52966,0.4310669,688.3587
3663,147406.8,147404.61,288.11142,0.42822266,670.643
3664,147393.28,147403.47,270.84964,0.42762452,679.3494
3665,147424.72,147405.6,284.4053,0.4265259,710.1089
3666,147407.19,147405.75,256.19336,0.4258789,636.14606
3667,147438.7,147409.05,328.3058,0.43028566,744.36237
3668,147441.83,147412.33,392.19012,0.42768556,658.38776
3669,147412.28,147412.33,352.97128,0.42767334,688.97577
3670,147423.53,147413.45,328.97003,0.42855224,680.4414
3671,147426.52,147414.77,311.42963,0.42957765,658.3926
3672,147396.6,147412.95,310.0062,0.4256958,759.3616
3673,147423.9,147414.05,289.80295,0.4296875,716.8842
3674,147449.05,147417.55,371.07263,0.427417,758.2
3675,147415.22,147417.31,334.4532,0.42850342,715.3211
3676,147424.34,147418.02,305.45734,0.42762452,675.6479
3677,147399.44,147416.16,305.9748,0.42694092,682.26935
3678,147412.44,147415.78,276.62192,0.4294922,810.0661
3679,147463.97,147420.6,457.94287,0.4256836,733.6633
3680,147389.0,147417.44,501.98346,0.42336425,668.1314
3681,147387.25,147414.42,533.8008,0.43270263,672.2511
3682,147405.19,147413.5,488.0953,0.4291504,743.7973
3683,147392.25,147411.38,479.92642,0.425647,712.3196
3684,147430.44,147413.28,464.63785,0.42871094,790.1914
3685,147400.31,147411.98,433.311,0.42595217,685.3014
3686,147412.56,147412.05,390.00998,0.4244507,791.3466
3687,147424.75,147413.31,365.5322,0.4291626,743.9291
3688,147429.6,147414.94,352.8361,0.42370605,676.9087
3689,147411.8,147414.62,318.4402,0.42600098,702.05646
3690,147432.84,147416.45,316.4692,0.42348632,671.7117
3691,147407.02,147415.52,292.83826,0.42648926,678.9901
3692,147391.4,147413.11,315.86798,0.42833254,676.20496
3693,147398.69,147411.67,303.0003,0.4293213,733.7342
3694,147441.02,147414.61,350.19528,0.42674562,880.77
3695,147411.5,147414.3,316.0459,0.42857668,693.8202
3696,147407.66,147413.62,288.41013,0.4281128,689.4959
3697,147425.5,147414.81,272.2605,0.43347168,755.18866
3698,147431.25,147416.45,269.35165,0.42554933,701.05774
3699,147409.6,147415.77,246.65108,0.4286011,654.5315
3700,147392.03,147413.39,272.6848,0.42919922,660.0601
3701,147404.28,147412.48,252.88458,0.42995605,681.667
3702,147398.22,147411.06,245.91183,0.42714843,650.3377
3703,147423.62,147412.31,235.52412,0.42717287,671.6943
3704,147420.5,147413.12,218.00488,0.4263916,677.1009
3705,147443.8,147416.19,280.87314,0.42554933,744.3192
3706,147423.2,147416.89,257.21555,0.4267212,663.1864
3707,147393.88,147414.6,279.1687,0.42823488,670.2807
3708,147424.58,147415.6,260.22372,0.43096924,829.7179
3709,147415.53,147415.6,234.2017,0.42716065,685.9933
3710,147425.4,147416.58,219.44719,0.42911378,831.6885
3711,147400.38,147414.95,221.13118,0.4300293,731.838
3712,147413.19,147414.78,199.29861,0.4279297,666.9551
3713,147395.81,147412.89,211.75197,0.42747805,708.54254
3714,147417.12,147413.31,192.19046,0.42825928,675.28107
3715,147413.23,147413.31,172.97195,0.42243654,635.2533
3716,147430.77,147415.06,183.08978,0.435376,804.5359
3717,147408.4,147414.39,168.76831,0.42882082,746.4789
3718,147394.69,147412.42,186.83066,0.43233642,634.0506
3719,147397.0,147410.88,189.55266,0.42805177,714.77966
3720,147418.31,147411.62,175.57587,0.43167725,704.0709
3721,147407.98,147411.27,159.21115,0.42614746,700.3916
3722,147388.72,147409.02,189.04257,0.4267578,659.9236
3723,147377.12,147405.83,261.6694,0.42266846,642.63025
3724,147405.02,147405.75,235.56186,0.43061525,656.7846
3725,147395.47,147404.72,221.51903,0.4277954,682.54193
3726,147406.66,147404.9,199.70497,0.42918703,688.9692
3727,147435.05,147407.92,261.49564,0.42709962,696.30194
3728,147394.44,147406.58,251.71062,0.4262085,651.0579
3729,147396.34,147405.56,235.96638,0.43115234,692.3675
3730,147398.61,147404.88,216.72087,0.42728272,670.0432
3731,147406.0,147404.98,195.16267,0.42961428,650.7056
3732,147429.44,147407.44,229.46239,0.42807618,701.5123
3733,147385.62,147405.25,249.33679,0.4272461,684.3004
3734,147406.03,147405.33,224.45804,0.4290161,698.68524
3735,147411.86,147405.98,205.85138,0.42789307,688.1483
3736,147417.03,147407.1,196.24924,0.42980957,739.45624
3737,147395.62,147405.95,188.46222,0.42822266,622.8229
3738,147401.95,147405.55,171.056,0.4291748,678.9772
3739,147409.69,147405.97,155.49342,0.4276123,683.4387
3740,147395.94,147404.97,149.00041,0.42908937,644.0459
3741,147378.8,147402.34,195.7474,0.4284546,646.8099
3742,147397.19,147401.83,178.56548,0.42871094,663.16376
3743,147391.64,147400.81,170.04958,0.42712402,660.6843
3744,147423.75,147403.11,200.39622,0.43098146,647.4364
3745,147407.83,147403.58,182.36058,0.42678222,693.9389
3746,147421.95,147405.42,194.51216,0.43011475,782.5322
3747,147444.27,147409.31,310.8563,0.42816162,1309.9851
3748,147396.4,147408.02,294.7621,0.4275879,675.55426
3749,147398.69,147407.08,273.11713,0.42841798,656.7053
3750,147399.88,147406.36,250.47507,0.42910156,632.0701
3751,147403.78,147406.1,226.02576,0.4298462,612.19116
3752,147421.84,147407.67,225.7488,0.42919922,685.4981
3753,147402.75,147407.19,205.35414,0.42773438,668.4686
3754,147424.98,147408.97,213.32431,0.4296753,735.7996
3755,147422.44,147410.31,208.31851,0.42598876,978.06445
3756,147432.83,147412.56,233.11246,0.42615968,737.50183
3757,147381.19,147409.42,298.39636,0.42714843,673.0045
3758,147408.88,147409.38,268.58365,0.43337402,711.67096
3759,147422.38,147410.67,256.93527,0.4268921,728.007
3760,147420.34,147411.64,239.66081,0.4305664,1004.9761
3761,147419.62,147412.44,221.43225,0.42861328,1348.4215
3762,147391.33,147410.33,239.39354,0.43289796,632.26807
3763,147422.1,147411.5,227.91287,0.42556152,679.02313
3764,147383.89,147408.73,273.72656,0.42507324,673.362
3765,147375.33,147405.39,346.79187,0.43128663,641.623
3766,147387.62,147403.61,340.51825,0.42993164,666.6173
3767,147409.9,147404.23,310.03497,0.42769775,662.0434
3768,147387.44,147402.56,304.4236,0.42895508,662.18427
3769,147406.66,147402.97,275.48953,0.42944336,656.69824
3770,147408.84,147403.56,251.04698,0.42814943,730.92505
3771,147391.92,147402.4,238.13766,0.42786866,715.1406
3772,147413.84,147403.55,226.09737,0.4327881,681.2395
3773,147394.47,147402.64,210.90474,0.426416,631.40454
3774,147434.94,147405.88,283.6922,0.4329712,741.07697
3775,147404.88,147405.78,255.41298,0.42720947,766.6423
3776,147376.4,147402.84,307.53183,0.42785645,701.03534
3777,147386.67,147401.22,300.31628,0.4296631,620.33545
3778,147398.19,147400.92,271.1116,0.43273926,687.4538
3779,147401.56,147400.98,244.03738,0.42681885,640.23065
3780,147407.38,147401.62,223.30925,0.430188,732.82776
3781,147411.67,147402.62,210.06288,0.43063965,681.8901
3782,147411.56,147403.52,196.24568,0.42521974,773.4439
3783,147399.7,147403.14,177.92928,0.4298462,686.4783
3784,147402.83,147403.11,160.14513,0.42487794,663.8499
3785,147425.78,147405.38,190.39186,0.43062744,690.9466
3786,147423.36,147407.17,200.46205,0.4251709,738.722
3787,147428.81,147409.34,222.56435,0.4296753,801.5628
3788,147381.78,147406.6,268.68015,0.42353517,613.9324
3789,147410.72,147407.0,243.34354,0.4305542,679.37054
3790,147410.75,147407.38,220.2748,0.42847902,640.19305
3791,147410.69,147407.7,199.23485,0.42817384,692.5675
3792,147400.47,147406.98,184.0216,0.42747805,711.0901
3793,147405.31,147406.81,165.871,0.43032226,723.3647
3794,147397.72,147405.9,156.72656,0.43172607,771.5432
3795,147408.5,147406.17,141.6594,0.42821047,685.9496
3796,147400.31,147405.6,130.58336,0.42885742,726.8298
3797,147423.97,147407.44,147.91267,0.42709962,735.4848
3798,147397.83,147406.47,141.432,0.42615968,768.04645
3799,147400.84,147405.9,130.13646,0.42979738,658.21735
3800,147431.94,147408.52,178.10915,0.4248413,934.2316
3801,147412.03,147408.88,161.4106,0.42713624,714.56854
3802,147410.88,147409.08,145.62953,0.42419434,658.26324
3803,147380.5,147406.22,204.5704,0.43012697,659.0914
3804,147376.0,147403.2,266.29892,0.43059084,652.7239
3805,147395.97,147402.48,244.37927,0.42872316,622.3779
3806,147414.73,147403.7,233.44698,0.42996827,663.2354
3807,147427.69,147406.1,261.8748,0.42734376,793.97406
3808,147405.28,147406.02,235.7467,0.43010256,673.5977
3809,147411.1,147406.53,214.49289,0.43110353,668.57007
3810,147403.1,147406.19,194.10707,0.4268921,654.45905
3811,147414.9,147407.06,181.53784,0.42595217,666.79895
3812,147423.22,147408.67,186.87625,0.4255371,853.2158
3813,147400.2,147407.83,174.64339,0.4248047,738.47577
3814,147408.64,147407.9,157.23845,0.43066406,645.9568
3815,147381.77,147405.3,203.01451,0.43331298,649.20575
3816,147387.73,147403.55,210.4728,0.4317627,670.2533
3817,147431.84,147406.38,261.48972,0.4279053,741.61505
3818,147417.95,147407.53,247.40552,0.42907715,664.3585
3819,147422.95,147409.08,244.07004,0.42416993,700.79724
3820,147421.58,147410.33,233.72552,0.4254883,919.6492
3821,147428.05,147412.1,238.60884,0.42961428,677.00073
3822,147378.75,147408.77,314.8105,0.42834473,684.1624
3823,147400.34,147407.92,289.71295,0.43150637,679.82153
3824,147416.78,147408.81,267.8056,0.4258423,694.2847
3825,147396.42,147407.58,254.84251,0.42750245,705.5513
3826,147411.73,147408.0,230.91295,0.4303833,672.0503
3827,147424.97,147409.7,233.7361,0.42226562,670.31396
3828,147406.69,147409.4,211.18094,0.4301636,799.86053
3829,147403.0,147408.77,193.75644,0.4291504,683.9204
3830,147399.14,147407.8,182.71844,0.42681885,716.80054
3831,147397.92,147406.81,173.22299,0.42850342,654.13574
3832,147399.88,147406.12,160.2323,0.43137208,731.46344
3833,147410.0,147406.52,145.56047,0.42541504,680.861
3834,147429.19,147408.78,177.26567,0.428125,778.92816
3835,147401.47,147408.05,164.35164,0.42885742,662.5489
3836,147387.31,147405.97,186.60875,0.43182373,647.4754
3837,147389.94,147404.36,191.07796,0.42806396,714.1643
3838,147407.83,147404.7,173.05305,0.4301636,699.3697
3839,147400.89,147404.33,157.05591,0.42648926,672.7531
3840,147392.4,147403.14,154.1421,0.42902833,611.0288
3841,147421.66,147405.0,169.58244,0.42996827,684.9979
3842,147413.88,147405.89,159.71309,0.4289429,637.83905
3843,147404.02,147405.7,144.05818,0.42720947,712.50775
3844,147446.14,147409.75,276.81958,0.42940673,1005.23334
3845,147408.62,147409.64,249.25151,0.422168,709.5059
3846,147394.4,147408.12,245.21413,0.42666015,712.19904
3847,147401.08,147407.42,225.16197,0.43001708,687.17523
3848,147419.42,147408.62,215.60576,0.42646486,669.01666
3849,147419.62,147409.72,204.93518,0.4307251,751.9265
3850,147391.27,147407.88,215.08827,0.43013915,701.6027
3851,147393.06,147406.39,213.32635,0.43139648,650.5337
3852,147410.64,147406.81,193.61934,0.43200684,690.96045
3853,147406.58,147406.78,174.26234,0.42468262,681.40063
3854,147435.6,147409.66,231.55054,0.43029785,737.9724
3855,147424.69,147411.16,228.72993,0.42469484,724.69275
3856,147385.92,147408.62,263.16656,0.42872316,678.30945
3857,147393.66,147407.12,257.0156,0.4225708,631.53827
3858,147404.23,147406.84,232.06604,0.43045655,691.4189
3859,147397.75,147405.94,216.3021,0.42651367,665.86176
3860,147406.1,147405.95,194.67407,0.43117675,673.4301
3861,147412.42,147406.6,178.97269,0.43286133,704.73694
3862,147397.75,147405.7,168.11449,0.42958984,644.2014
3863,147432.44,147408.38,215.62845,0.4298706,764.1634
3864,147402.9,147407.83,196.75725,0.42598876,776.9155
3865,147418.72,147408.92,187.75603,0.4289429,688.0363
3866,147406.77,147408.7,169.39886,0.42840576,716.258
3867,147407.44,147408.58,152.60315,0.4254883,700.27246
3868,147409.73,147408.69,137.46317,0.4276123,685.61194
3869,147392.48,147407.06,147.34555,0.43139648,802.8257
3870,147388.1,147405.17,164.99422,0.42788085,653.10406
3871,147368.34,147401.48,270.56277,0.4279297,625.1197
3872,147372.19,147398.56,320.75412,0.42731935,600.02057
3873,147404.19,147399.12,291.52637,0.4312378,879.6785
3874,147664.6,147425.67,6605.003,0.42581788,11321.214
3875,147583.78,147441.48,8194.374,0.42640382,6446.965
3876,147437.97,147441.12,7376.0493,0.42425537,722.2158
3877,147409.83,147438.0,6726.5986,0.42507324,676.7736
3878,147408.19,147435.02,6133.929,0.43218994,680.4076
3879,147425.42,147434.06,5528.82,0.42243654,714.24457
3880,147394.84,147430.14,5114.3677,0.427063,660.76807
3881,147404.69,147427.6,4661.2383,0.4269043,647.83105
3882,147405.22,147425.36,4240.172,0.4319702,656.0422
3883,147368.72,147419.69,4104.8887,0.42697755,655.91925
3884,147383.31,147416.05,3813.4822,0.43006593,705.61224
3885,147396.31,147414.08,3467.184,0.42871094,668.58124
3886,147391.3,147411.8,3167.174,0.42956543,648.4564
3887,147372.69,147407.89,2988.1155,0.43125,613.4298
3888,147391.31,147406.23,2714.0388,0.434021,664.00684
3889,147406.1,147406.22,2442.6367,0.42698976,748.5315
3890,147417.25,147407.33,2209.325,0.43092042,874.3492
3891,147427.72,147409.38,2025.8125,0.4265747,985.9806
3892,147391.03,147407.55,1853.5156,0.42321777,661.806
3893,147384.16,147405.2,1717.4049,0.43161622,641.9468
3894,147419.95,147406.67,1565.245,0.43188477,670.0772
3895,147408.0,147406.81,1408.8792,0.42869875,699.9926
3896,147404.44,147406.58,1268.4989,0.42993164,701.17474
3897,147428.73,147408.8,1185.83,0.42606202,886.3165
3898,147413.06,147409.22,1068.8845,0.42452392,751.7106
3899,147383.77,147406.67,1020.3036,0.42855224,652.96387
3900,147417.28,147407.73,928.4035,0.42806396,738.7151
3901,147388.34,147405.8,869.4028,0.42662355,647.9715
3902,147396.83,147404.9,789.7019,0.4290161,636.6413
3903,147380.42,147402.45,764.6853,0.430542,668.8404
3904,147395.5,147401.75,692.5679,0.4301636,670.17816
3905,147407.7,147402.34,626.5006,0.427063,661.62897
3906,147417.0,147403.81,583.18304,0.42781982,635.4996
3907,147385.38,147401.97,555.4595,0.42838135,603.12946
3908,147385.2,147400.3,525.2113,0.43040773,723.4245
3909,147406.02,147400.88,475.6335,0.43184814,707.12225
3910,147388.3,147399.62,442.309,0.4267578,637.50507
3911,147404.0,147400.06,399.80075,0.4260376,742.8275
3912,147387.27,147398.78,374.55908,0.4265747,676.74756
3913,147384.4,147397.34,355.7008,0.4282959,739.1846
3914,147398.72,147397.48,320.30087,0.42711183,730.26544
3915,147417.9,147399.53,325.80554,0.4284546,686.6688
3916,147407.72,147400.34,299.25815,0.4283081,640.25323
3917,147394.0,147399.7,272.95422,0.42630616,637.00494
3918,147402.22,147399.95,246.22835,0.42729494,689.85364
3919,147392.0,147399.16,227.29822,0.4305664,983.92126
3920,147399.8,147399.22,204.60533,0.42843017,668.15125
3921,147383.67,147397.66,205.89827,0.43051758,656.5022
3922,147412.5,147399.14,205.13876,0.42996827,886.98376
3923,147415.03,147400.73,207.35095,0.43256837,757.2633
3924,147381.83,147398.84,218.78601,0.42424318,687.17267
3925,147404.08,147399.38,199.37329,0.42921144,749.0469
3926,147401.61,147399.6,179.88527,0.4250122,682.3994
3927,147405.25,147400.16,164.77612,0.4260254,799.8103
3928,147385.4,147398.69,167.87914,0.42687988,647.1801
3929,147423.19,147401.14,205.11372,0.4303711,1192.5497
3930,147404.53,147401.48,185.63701,0.42576906,944.3735
3931,147379.1,147399.25,212.19392,0.4309326,672.17346
3932,147396.48,147398.97,191.6629,0.43134767,780.5758
3933,147369.97,147396.06,248.18661,0.42840576,659.57056
3934,147395.6,147396.02,223.38773,0.42852783,679.4614
3935,147417.06,147398.12,240.91632,0.42891845,653.0192
3936,147403.28,147398.64,219.2175,0.42507324,681.2274
3937,147391.84,147397.97,201.45352,0.4267212,677.6243
3938,147425.81,147400.75,251.08286,0.42990723,696.6568
3939,147406.06,147401.28,228.5146,0.42355958,668.9108
3940,147413.16,147402.47,218.35454,0.42770997,712.91486
3941,147403.34,147402.56,196.588,0.42507324,611.4879
3942,147406.66,147402.97,178.43748,0.42547607,683.89575
3943,147381.78,147400.84,200.99565,0.4223999,648.75494
3944,147396.94,147400.45,182.26938,0.4296875,660.37805
3945,147413.88,147401.8,180.25565,0.42806396,641.5088
3946,147386.67,147400.28,182.81897,0.4262085,657.72565
3947,147376.62,147397.92,214.90271,0.43110353,643.8523
3948,147396.36,147397.77,193.63216,0.43151855,659.7572
3949,147387.48,147396.73,183.7823,0.4277466,621.7899
3950,147380.86,147395.14,188.08548,0.42647704,666.5902
3951,147380.81,147393.7,187.75348,0.43041992,729.9815
3952,147377.34,147392.06,193.06474,0.43009034,707.15924
3953,147372.55,147390.11,208.03563,0.42753908,643.9888
3954,147390.47,147390.14,187.24368,0.43214113,709.7852
3955,147373.4,147388.47,193.72285,0.4251709,636.1225
3956,147373.86,147387.0,193.55962,0.43203124,680.3353
3957,147422.11,147390.52,285.1438,0.43073732,800.48517
3958,147389.95,147390.45,256.6579,0.42525634,680.366
3959,147403.03,147391.72,245.23093,0.4293091,697.5612
3960,147399.05,147392.45,225.54095,0.42974854,624.2424
3961,147368.1,147390.02,256.391,0.42835695,673.7444
3962,147366.7,147387.69,279.66443,0.4303833,667.85077
3963,147433.53,147392.27,440.8464,0.4338501,1862.6304
3964,147417.62,147394.8,454.64056,0.42747805,1619.5447
3965,147433.03,147398.62,540.7445,0.42940673,839.174
3966,147403.44,147399.11,488.7545,0.426416,650.83734
3967,147396.03,147398.8,440.73175,0.4286255,636.8128
3968,147399.53,147398.88,396.7071,0.42822266,637.80786
3969,147410.33,147400.02,368.84204,0.42910156,690.8666
3970,147397.92,147399.81,332.3524,0.43221435,620.8081
3971,147403.4,147400.17,300.27948,0.42825928,671.37036
3972,147396.42,147399.8,271.51715,0.42547607,687.0068
3973,147408.75,147400.69,251.57968,0.428833,653.96576
3974,147393.62,147399.98,230.9108,0.42821047,731.4253
3975,147414.9,147401.47,227.85933,0.43218994,674.46124
3976,147393.19,147400.64,211.24551,0.4274536,672.4497
3977,147392.03,147399.78,196.79189,0.43118897,635.0173
3978,147383.6,147398.16,200.69586,0.42861328,660.5784
3979,147394.39,147397.78,181.90247,0.42729494,618.55035
3980,147409.31,147398.94,175.67949,0.428125,720.2908
3981,147409.44,147399.98,168.03403,0.42768556,910.55176
3982,147411.66,147401.16,163.49156,0.42523193,769.2398
3983,147424.42,147403.48,195.85844,0.42647704,691.04193
3984,147396.8,147402.81,180.29762,0.4258423,616.1512
3985,147378.78,147400.4,214.24295,0.42780763,656.55914
3986,147380.6,147398.42,228.1468,0.42938232,631.67255
3987,147370.19,147395.6,277.0783,0.42929688,627.6149
3988,147421.4,147398.17,309.33612,0.43118897,741.8175
3989,147397.22,147398.08,278.48425,0.42591554,647.37604
3990,147402.86,147398.56,252.69325,0.4281006,633.6144
3991,147391.44,147397.84,231.99281,0.43153077,716.1399
3992,147404.25,147398.48,212.48714,0.42907715,663.16205
3993,147395.22,147398.16,192.19821,0.4303467,673.5765
3994,147386.28,147396.97,185.66978,0.43092042,667.6082
3995,147426.92,147399.97,247.84988,0.43126222,1275.2139
3996,147415.31,147401.5,244.25365,0.43167725,699.65247
3997,147390.38,147400.39,230.9672,0.42674562,693.1136
3998,147382.5,147398.6,236.67717,0.42799073,629.18756
3999,147375.66,147396.3,260.36105,0.42694092,650.97656
4000,147394.33,147396.1,234.67378,0.43004152,682.04083
4001,147423.53,147398.84,278.9599,0.43105468,794.66205
4002,147397.94,147398.75,251.13782,0.43204346,648.98035
4003,147412.84,147400.16,243.90106,0.4279541,1087.7534
4004,147423.14,147402.45,267.05627,0.43195802,776.1862
4005,147403.45,147402.55,240.44064,0.42678222,707.07117
4006,147389.2,147401.22,232.42159,0.42803955,679.1175
4007,147365.84,147397.69,321.8046,0.42972413,608.7878
4008,147383.16,147396.23,308.62827,0.43134767,650.9497
4009,147403.52,147396.97,282.53693,0.42711183,661.3548
4010,147363.19,147393.6,356.98877,0.42658693,680.8542
4011,147374.14,147391.66,355.34805,0.43094483,650.0524
4012,147399.64,147392.45,325.55078,0.42753908,676.46594
4013,147364.89,147389.7,361.36792,0.42695314,606.9356
4014,147397.4,147390.47,330.57153,0.42983398,629.05444
4015,147401.66,147391.6,308.77878,0.4281372,666.1377
4016,147427.9,147395.22,396.57468,0.4294922,641.7371
4017,147388.5,147394.55,360.97995,0.42664796,731.54895
4018,147388.69,147393.97,327.97186,0.4284668,706.97394
4019,147541.55,147408.72,2255.3118,0.42866212,6759.778
4020,147388.62,147406.7,2066.119,0.43065187,697.9213
4021,147398.75,147405.9,1865.1996,0.4269043,646.1018
4022,147386.25,147403.94,1713.4528,0.43022463,694.7095
4023,147396.14,147403.16,1547.5786,0.42895508,634.8914
4024,147395.56,147402.39,1398.0105,0.42928466,641.68756
4025,147384.0,147400.55,1288.6488,0.43153077,647.80853
4026,147388.6,147399.34,1172.6428,0.43172607,691.7475
4027,147379.78,147397.39,1089.8208,0.4295166,654.5097
4028,147413.75,147399.03,1004.92535,0.42536622,668.26337
4029,147400.89,147399.22,904.74396,0.4265503,646.45685
4030,147387.78,147398.08,826.043,0.43067628,656.2538
4031,147391.28,147397.4,747.5965,0.4284424,667.70593
4032,147400.12,147397.67,673.5021,0.4295166,630.30347
4033,147390.05,147396.9,611.3845,0.42703858,606.2053
4034,147403.34,147397.55,553.9758,0.42928466,742.10406
4035,147385.47,147396.34,511.70755,0.4258789,631.6748
4036,147402.25,147396.94,463.67633,0.4268921,655.5369
4037,147343.12,147391.56,677.9294,0.42866212,594.49274
4038,147378.25,147390.23,626.0865,0.42768556,612.8361
4039,147399.06,147391.12,570.49207,0.43046877,720.224
4040,147377.31,147389.75,530.61346,0.42843017,629.2421
4041,147360.47,147386.83,554.7174,0.42840576,639.23303
4042,147385.7,147386.72,499.3596,0.42823488,669.9439
4043,147380.61,147386.11,452.78284,0.42554933,596.0531
4044,147377.58,147385.25,414.05496,0.4284424,627.2492
4045,147385.27,147385.25,372.64948,0.42854005,667.7723
4046,147430.27,147389.75,517.7611,0.43243408,664.88934
4047,147410.0,147391.78,502.8906,0.42352295,657.3971
4048,147398.94,147392.5,457.2106,0.42536622,727.203
4049,147397.33,147392.98,413.5875,0.42550048,658.9347
4050,147395.34,147393.22,372.72974,0.42664796,617.8437
4051,147393.12,147393.2,335.45755,0.42922363,658.5657
4052,147379.44,147391.83,318.96613,0.43083498,621.81946
4053,147361.36,147388.78,370.6205,0.4281006,659.8029
4054,147373.1,147387.22,355.70724,0.42980957,629.36163
4055,147399.4,147388.44,333.50467,0.42760012,671.7048
4056,147383.67,147387.97,302.1982,0.42993164,683.1548
4057,147390.66,147388.23,272.62842,0.4289429,680.5435
4058,147387.5,147388.16,245.41411,0.43227538,667.13727
4059,147396.84,147389.03,227.66524,0.42921144,677.983
4060,147396.9,147389.81,210.48012,0.42935792,699.226
4061,147411.88,147392.02,233.23996,0.4291626,782.1783
4062,147395.9,147392.4,211.27829,0.43013915,697.2572
4063,147385.6,147391.72,194.32738,0.42956543,656.32587
4064,147368.2,147389.38,224.66325,0.43151855,641.43164
4065,147364.83,147386.92,256.42633,0.42888185,657.4559
4066,147402.27,147388.45,251.97244,0.43354493,641.89886
4067,147391.62,147388.77,227.68066,0.42495117,646.58655
4068,147389.25,147388.81,204.93372,0.43044433,723.7867
4069,147384.2,147388.34,186.35251,0.4289917,689.75476
4070,147493.67,147398.88,1166.1786,0.43253174,4183.3013
4071,147409.08,147399.89,1058.93,0.42161867,1374.8636
4072,147380.95,147398.0,985.31366,0.42956543,667.6676
4073,147367.28,147394.92,971.71,0.4298462,710.5715
4074,147384.36,147393.86,884.57996,0.42653808,751.43536
4075,147406.38,147395.11,810.2196,0.42821047,721.5354
4076,147402.53,147395.84,734.1552,0.4279053,1022.9917
4077,147428.53,147399.11,756.9022,0.4274292,1695.5298
4078,147404.4,147399.64,683.73706,0.42628175,766.5777
4079,147451.23,147404.8,854.9357,0.42337647,2503.8213
4080,147507.05,147415.02,1710.3978,0.4234375,6088.264
4081,147549.36,147428.45,3163.7,0.42563477,7802.6724
4082,147370.75,147422.69,3146.9985,0.4335327,687.9525
4083,147345.78,147415.0,3364.6099,0.42843017,679.13666
4084,147401.88,147413.69,3043.6526,0.43273926,678.7309
4085,147396.61,147411.98,2765.5369,0.42841798,671.92944
4086,147407.84,147411.56,2490.5264,0.42797852,671.0807
4087,147395.28,147409.94,2265.3308,0.43098146,678.67053
4088,147404.94,147409.44,2041.0477,0.43031007,685.47534
4089,147385.3,147407.03,1889.3922,0.42885742,621.05853
4090,147386.38,147404.97,1738.8542,0.4293091,620.93823
4091,147377.47,147402.22,1633.0312,0.42875978,686.00507
4092,147390.45,147401.05,1482.1868,0.42939454,688.0075
4093,147390.6,147400.0,1343.8021,0.42888185,650.25793
4094,147392.39,147399.23,1214.6332,0.4315796,635.8093
4095,147374.44,147396.75,1148.5095,0.43001708,660.3499
4096,147376.12,147394.69,1071.9437,0.4281372,657.8306
4097,147384.69,147393.69,973.7493,0.42390138,632.26495
4098,147370.16,147391.33,926.20917,0.42628175,664.68805
4099,147410.1,147393.2,865.2816,0.42972413,779.13556
4100,147413.33,147395.22,815.20483,0.43131104,797.34247
4101,147414.78,147397.17,768.1266,0.42835695,716.54065
4102,147384.0,147395.86,706.9288,0.4272461,682.65436
4103,147396.12,147395.89,636.24225,0.42556152,710.1728
4104,147381.4,147394.44,591.49976,0.43225098,686.64545
4105,147395.98,147394.6,532.5651,0.43200684,757.6396
4106,147404.62,147395.6,488.36496,0.42946777,683.01324
4107,147365.4,147392.58,521.5441,0.42661133,627.56116
4108,147404.62,147393.78,482.45114,0.43289796,656.3547
4109,147369.47,147391.34,487.40482,0.42626953,702.94196
4110,147395.81,147391.8,440.4616,0.4336426,658.67206
4111,147376.45,147390.27,417.6042,0.42404786,616.80975
4112,147392.16,147390.45,376.16547,0.4303467,704.03015
4113,147379.6,147389.38,349.16226,0.4230957,655.05383
4114,147362.23,147386.66,380.54123,0.428833,644.621
4115,147412.53,147389.25,402.7435,0.43259278,691.19885
4116,147387.78,147389.11,362.6633,0.4246094,663.50165
4117,147414.58,147391.66,384.77612,0.4293091,684.66095
4118,147381.97,147390.69,354.74478,0.42559814,622.7497
4119,147406.69,147392.28,342.3103,0.42775878,666.86395
4120,147390.25,147392.08,308.4506,0.42762452,687.4724
4121,147383.5,147391.22,284.22812,0.42695314,690.87036
4122,147382.81,147390.38,262.16516,0.42630616,717.8886
4123,147368.81,147388.22,277.79337,0.43187258,655.151
4124,147388.84,147388.28,250.04918,0.42974854,987.201
4125,147394.88,147388.94,228.95723,0.4286743,928.3921
4126,147394.97,147389.55,209.33534,0.42824706,651.9677
4127,147384.34,147389.03,190.83832,0.42785645,682.9336
4128,147372.47,147387.38,196.44296,0.4282715,691.1908
4129,147399.2,147388.56,189.39006,0.42778322,823.65625
4130,147383.38,147388.05,172.87296,0.42882082,648.29926
4131,147388.84,147388.12,155.6428,0.43406984,632.32904
4132,147371.55,147386.47,164.81361,0.42821047,628.60114
4133,147386.23,147386.44,148.33719,0.43118897,705.1007
4134,147378.84,147385.67,138.69333,0.43107912,603.7844
4135,147409.0,147388.0,173.80211,0.43200684,677.8505
4136,147400.23,147389.22,169.89308,0.42642823,1573.5215
4137,147668.19,147417.11,7157.0244,0.43133545,11334.711
4138,147443.4,147419.73,6503.559,0.42225343,919.0486
4139,147376.16,147415.38,6024.1177,0.4262329,691.6859
4140,147409.94,147414.83,5424.3667,0.4303711,718.9789
4141,147393.69,147412.72,4922.153,0.42701417,686.91266
4142,147399.58,147411.4,4445.478,0.42596436,623.93115
4143,147372.16,147407.48,4139.5806,0.43087158,693.31036
4144,147384.69,147405.2,3772.3953,0.42817384,696.5383
4145,147430.28,147407.72,3451.7578,0.43009034,809.4596
4146,147413.8,147408.33,3109.9067,0.4243408,810.4072
4147,147400.67,147407.56,2804.1917,0.42833254,676.17487
4148,147384.62,147405.27,2571.124,0.42624512,637.12317
4149,147365.86,147401.33,2453.7683,0.43063965,612.608
4150,147387.34,147399.94,2225.9922,0.4268921,882.7584
4151,147389.81,147398.92,2012.6193,0.42955324,650.5904
4152,147394.77,147398.5,1812.912,0.4319214,687.6591
4153,147404.17,147399.06,1634.5161,0.43066406,685.8342
4154,147392.08,147398.36,1475.4548,0.42945558,745.0463
4155,147365.0,147395.03,1428.0657,0.43051758,646.9322
4156,147407.9,147396.31,1300.178,0.42857668,777.3492
4157,147384.9,147395.17,1181.8694,0.42944336,667.6082
4158,147399.64,147395.62,1065.4796,0.4319336,637.83875
4159,147384.19,147394.48,970.70514,0.4282715,652.2453
4160,147373.5,147392.39,913.26556,0.4314331,635.0639
4161,147387.9,147391.94,823.7489,0.43338624,664.0688
4162,147376.17,147390.36,763.7439,0.43001708,706.8046
4163,147387.11,147390.03,688.3201,0.4294922,696.154
4164,147402.69,147391.3,633.90436,0.42766115,615.358
4165,147414.06,147393.58,617.15857,0.42630616,646.97504
4166,147373.0,147391.52,593.5541,0.42581788,679.2455
4167,147398.67,147392.23,538.80774,0.42631838,672.7858
4168,147385.75,147391.6,488.71118,0.4270508,626.23944
4169,147385.16,147390.95,443.56976,0.43195802,639.67053
4170,147407.98,147392.66,425.31848,0.4251709,662.777
4171,147394.3,147392.81,383.02887,0.42263183,678.4398
4172,147397.78,147393.31,346.94794,0.43286133,726.0319
4173,147382.06,147392.19,323.64377,0.4293091,614.1779
4174,147389.66,147391.94,291.85602,0.43065187,707.7813
4175,147371.94,147389.94,298.6704,0.429126,673.31604
4176,147367.22,147387.67,315.2561,0.42990723,683.90533
4177,147361.78,147385.08,344.0597,0.42945558,588.9525
4178,147360.33,147382.61,364.78433,0.43078613,644.6437
4179,147384.86,147382.83,328.76154,0.43339846,627.87415
4180,147401.58,147384.7,327.526,0.43116456,678.4869
4181,147358.16,147382.05,358.19968,0.4261963,639.87775
4182,147394.6,147383.3,336.54785,0.43229982,678.50543
4183,147373.6,147382.33,311.3666,0.42487794,649.2789
4184,147353.38,147379.44,355.67545,0.43292236,600.7402
4185,147396.58,147381.16,346.55,0.43758544,655.90125
4186,147382.97,147381.34,312.19064,0.42382812,623.2789
4187,147374.44,147380.66,285.26422,0.43378907,624.3729
4188,147413.19,147383.9,351.9832,0.42978516,811.0614
4189,147398.19,147385.33,335.14075,0.42940673,688.35504
4190,147406.66,147387.47,342.56668,0.4312012,703.7154
4191,147401.19,147388.84,325.24838,0.42816162,632.12964
4192,147396.67,147389.62,298.2387,0.42979738,700.6874
4193,147382.22,147388.89,273.35156,0.42600098,652.5851
4194,147396.25,147389.62,250.89084,0.43267822,747.78107
4195,147400.66,147390.73,236.75372,0.42847902,613.50305
4196,147398.19,147391.48,218.07776,0.42524415,984.5883
4197,147392.6,147391.6,196.38075,0.43077394,673.25354
4198,147368.62,147389.3,224.22339,0.42954102,649.1282
4199,147370.14,147387.38,234.82762,0.43099365,627.9254
4200,147365.9,147385.23,252.82649,0.42948,639.2564
4201,147376.0,147384.31,235.21846,0.42943117,681.23535
4202,147391.88,147385.06,216.84384,0.43079835,610.92883
4203,147419.31,147388.48,300.73508,0.4251953,663.242
4204,147382.44,147387.88,273.9524,0.42908937,616.51154
4205,147390.1,147388.1,247.0002,0.43132326,631.8737
4206,147355.44,147384.83,318.27893,0.4299805,613.8198
4207,147403.62,147386.7,318.25006,0.4307251,798.16675
4208,147378.16,147385.84,292.99945,0.42644045,606.07715
4209,147405.22,147387.78,297.48465,0.4319702,625.29065
4210,147394.84,147388.48,272.22528,0.4251587,636.80475
4211,147393.72,147389.0,247.46863,0.42834473,627.3542
4212,147365.94,147386.69,270.59085,0.42645264,645.5378
4213,147400.16,147388.03,259.8584,0.42840576,663.5188
4214,147400.8,147389.31,248.53905,0.42606202,751.34796
4215,147395.66,147389.95,227.30702,0.43073732,615.0302
4216,147404.55,147391.4,223.7443,0.42833254,612.4083
4217,147392.34,147391.5,201.44896,0.42471924,636.8077
4218,147388.28,147391.17,182.2365,0.42746583,643.4793
4219,147383.53,147390.4,169.26697,0.42836913,612.64014
4220,147371.27,147388.5,185.31299,0.4249878,642.2248
4221,147406.38,147390.28,195.5381,0.43040773,700.96924
4222,147393.34,147390.6,176.8284,0.43017578,650.7064
4223,147378.44,147389.38,172.44525,0.4258545,649.19403
4224,147385.4,147388.98,156.61832,0.4310425,712.1606
4225,147373.55,147387.44,162.40495,0.42874756,650.35504
4226,147409.22,147389.61,188.86252,0.43004152,872.6287
4227,147418.31,147392.48,244.1245,0.42612305,841.4629
4228,147389.0,147392.14,220.80472,0.42404786,706.8626
4229,147411.62,147394.1,232.8919,0.42856446,754.8443
4230,147380.9,147392.78,225.25462,0.42800292,621.9916
4231,147391.16,147392.62,202.96681,0.43001708,702.67896
4232,147402.31,147393.6,191.11641,0.42720947,689.6238
4233,147384.64,147392.7,179.21902,0.42945558,676.27765
4234,147375.53,147390.98,187.83572,0.42954102,615.1108
4235,147369.28,147388.81,211.44446,0.42889404,697.75214
4236,147375.19,147387.45,207.00766,0.43094483,674.18054
4237,147395.62,147388.27,192.31705,0.4274292,627.4152
4238,147415.1,147390.95,237.86267,0.43009034,765.1234
4239,147386.34,147390.5,215.98857,0.42948,795.155
4240,147385.31,147389.98,196.81161,0.42728272,674.58734
4241,147402.7,147391.25,191.68945,0.4270752,879.7314
4242,147399.4,147392.06,178.50769,0.429895,659.1235
4243,147405.66,147393.42,177.28802,0.43206787,884.1413
4244,147378.94,147391.97,178.44095,0.4272583,667.087
4245,147407.31,147393.5,181.7856,0.43135986,674.8476
4246,147402.7,147394.42,171.22981,0.425354,714.1168
4247,147382.78,147393.25,166.3022,0.42972413,622.3384
4248,147382.1,147392.14,160.87355,0.43216553,666.5632
4249,147361.11,147389.03,231.45067,0.425,646.92303
4250,147363.94,147386.52,264.97824,0.4298706,638.531
4251,147366.94,147384.56,272.97766,0.4295166,619.6796
4252,147374.5,147383.56,254.79274,0.429126,645.35736
4253,147391.31,147384.34,234.71907,0.43144533,652.95703
4254,147379.61,147383.88,213.26443,0.43132326,609.9518
4255,147406.33,147386.12,237.31084,0.43121338,633.75146
4256,147370.69,147384.58,235.02823,0.4270752,641.9713
4257,147371.83,147383.3,226.15604,0.42922363,622.86084
4258,147369.23,147381.89,221.33827,0.43079835,659.46783
4259,147375.12,147381.22,203.32407,0.43121338,660.7195
4260,147371.25,147380.22,191.93549,0.43082276,620.03973
4261,147369.6,147379.16,182.90208,0.43061525,663.1716
4262,147359.81,147377.22,198.28813,0.43170166,622.0617
4263,147363.4,147375.84,195.62999,0.42681885,649.2919
4264,147375.75,147375.83,176.06778,0.42629394,677.19336
4265,147391.56,147377.4,180.74234,0.4284546,633.2748
4266,147387.56,147378.42,171.95155,0.42485353,605.31024
4267,147368.73,147377.45,163.20268,0.4312378,620.19745
4268,147391.36,147378.84,164.28696,0.4299805,1111.4204
4269,147376.16,147378.58,148.50829,0.42717287,664.29254
4270,147389.72,147379.69,144.82767,0.43067628,761.3895
4271,147381.83,147379.9,130.7573,0.42518312,677.27997
4272,147377.94,147379.7,118.0304,0.42735597,653.33624
4273,147386.44,147380.38,110.30902,0.42962646,635.6152
4274,147412.05,147383.55,189.5578,0.4283081,681.5351
4275,147390.81,147384.28,175.35306,0.43161622,651.34143
4276,147385.72,147384.42,158.00372,0.43186036,680.90656
4277,147359.97,147381.97,196.01932,0.42976075,641.3152
4278,147361.88,147379.95,212.75568,0.42956543,701.4803
4279,147358.67,147377.83,232.24034,0.4312744,632.0557
4280,147388.22,147378.88,218.73315,0.42651367,625.4053
4281,147380.06,147379.0,196.98676,0.42910156,627.81824
4282,147386.47,147379.75,182.30847,0.43100587,639.04816
4283,147392.14,147380.98,177.8951,0.42954102,678.1724
4284,147363.64,147379.25,187.17809,0.42565918,627.91187
4285,147362.22,147377.55,194.56598,0.4286743,556.4082
4286,147377.3,147377.52,175.115,0.43342286,924.8272
4287,147350.52,147374.81,223.2135,0.43051758,612.5222
4288,147374.38,147374.77,200.90936,0.42973635,680.78845
4289,147377.3,147375.02,181.39507,0.43443605,597.5099
4290,147375.56,147375.06,163.28247,0.4260498,644.069
4291,147397.11,147377.27,190.70004,0.43227538,649.39966
4292,147383.45,147377.89,175.0757,0.42902833,649.2366
4293,147399.53,147380.06,199.71663,0.42996827,658.1619
4294,147366.8,147378.73,195.58289,0.4275879,636.32153
4295,147389.78,147379.84,187.0076,0.43125,623.2976
4296,147350.8,147376.94,244.24173,0.43151855,603.59204
4297,147348.1,147374.05,294.69412,0.43251953,604.57635
4298,147368.22,147373.47,268.28174,0.429895,614.0853
4299,147385.31,147374.66,254.07825,0.4272339,711.7913
4300,147383.81,147375.58,236.21574,0.4300049,623.1895
4301,147390.34,147377.06,232.21631,0.4277466,786.21234
4302,147406.8,147380.03,288.56665,0.43179932,647.1552
4303,147382.78,147380.31,260.3906,0.42729494,661.23444
4304,147413.84,147383.67,335.54257,0.43253174,686.6186
4305,147392.28,147384.53,308.65924,0.42331544,693.554
4306,147412.73,147387.34,349.38077,0.43165284,789.02905
4307,147382.5,147386.86,316.55426,0.42797852,669.28424
4308,147371.81,147385.36,305.27557,0.4321045,629.3954
4309,147391.45,147385.97,278.09006,0.43023682,646.4567
4310,147396.84,147387.06,260.92496,0.42908937,680.28656
4311,147368.81,147385.23,264.80807,0.43033448,647.4867
4312,147396.75,147386.39,250.26212,0.42801514,660.2039
4313,147407.75,147388.53,266.29596,0.4248047,631.8173
4314,147380.66,147387.75,245.24777,0.43094483,640.20953
4315,147377.81,147386.75,229.61084,0.42539063,695.2699
4316,147355.22,147383.6,296.12952,0.430542,582.9675
4317,147380.9,147383.33,267.1666,0.42554933,667.40857
4318,147395.08,147384.5,252.87555,0.43048096,603.9749
4319,147379.47,147384.0,229.8662,0.42902833,764.88885
4320,147369.64,147382.56,225.43683,0.43110353,587.079
4321,147360.14,147380.31,248.13979,0.43209228,608.101
4322,147391.23,147381.4,234.06166,0.4312378,656.09283
4323,147382.06,147381.47,210.69424,0.42734376,617.54694
4324,147377.0,147381.02,191.42209,0.42834473,657.92566
4325,147390.28,147381.94,180.00653,0.43377686,684.8711
4326,147382.16,147381.95,162.0102,0.42816162,614.0619
4327,147398.48,147383.61,170.40457,0.42843017,606.61505
4328,147380.84,147383.33,154.05249,0.42884523,651.5412
4329,147375.3,147382.53,144.45233,0.43116456,604.22345
4330,147372.81,147381.56,138.50797,0.42838135,636.8273
4331,147351.06,147378.52,208.37965,0.42882082,578.261
4332,147381.34,147378.8,188.26154,0.43358156,664.24475
4333,147363.34,147377.25,190.92729,0.43081054,635.2619
4334,147361.77,147375.7,193.4135,0.42858887,582.6259
4335,147371.81,147375.31,175.43448,0.43015137,651.28644
4336,147383.4,147376.12,163.78682,0.43325195,597.9847
4337,147386.81,147377.19,157.68817,0.42736816,694.07196
4338,147387.61,147378.23,151.69473,0.43050537,621.0867
4339,147371.19,147377.53,140.99452,0.42938232,696.319
4340,147365.05,147376.28,140.92244,0.43110353,625.2044
4341,147367.03,147375.36,134.5308,0.43040773,658.60846
4342,147407.56,147378.58,214.41144,0.43166503,1370.4568
4343,147397.48,147380.47,225.14046,0.42963868,1218.0962
4344,147400.75,147382.5,239.64603,0.4307007,781.64197
4345,147388.38,147383.1,218.78783,0.42678222,841.37885
4346,147390.77,147383.86,202.20624,0.4328125,627.243
4347,147359.73,147381.45,234.36702,0.42775878,630.40826
4348,147371.1,147380.42,220.5888,0.432959,753.58826
4349,147365.97,147378.97,217.33028,0.42628175,626.538
4350,147359.75,147377.05,228.83968,0.43204346,588.0586
4351,147370.98,147376.44,209.26355,0.42648926,630.04816
4352,147353.23,147374.12,236.79184,0.42913818,627.08936
4353,147370.9,147373.8,214.04509,0.430542,663.2773
4354,147375.78,147374.0,192.99496,0.42694092,764.9772
4355,147365.6,147373.16,180.05531,0.43237305,624.7743
4356,147389.47,147374.78,185.99857,0.42854005,630.3699
4357,147382.53,147375.56,172.80434,0.42700195,665.7417
4358,147366.03,147374.61,163.69992,0.43117675,638.4166
4359,147381.12,147375.27,151.15073,0.43012697,589.97925
4360,147392.53,147377.0,162.8648,0.43283692,630.4113
4361,147362.1,147375.52,166.57599,0.4248169,607.3699
4362,147370.36,147375.0,152.3112,0.430542,639.11346
4363,147388.5,147376.34,153.48259,0.43049318,621.6975
4364,147375.1,147376.22,138.27495,0.42965087,664.52264
4365,147385.47,147377.14,132.14807,0.43135986,638.51263
4366,147343.7,147373.8,219.55923,0.43442383,575.20355
4367,147371.5,147373.56,198.07811,0.42943117,615.1293
4368,147339.9,147370.2,280.21716,0.4289673,589.65765
4369,147356.19,147368.8,269.87482,0.42924806,594.7406
4370,147363.6,147368.28,245.32385,0.43045655,587.9295
4371,147377.06,147369.16,227.73138,0.43032226,652.019
4372,147361.31,147368.38,210.49544,0.42866212,603.2681
4373,147347.64,147366.3,228.13817,0.42769775,657.74054
4374,147389.97,147368.66,255.75655,0.43006593,598.93933
4375,147357.92,147367.58,240.5513,0.42703858,696.2913
4376,147363.31,147367.16,218.13376,0.4312744,618.00366
4377,147373.39,147367.78,199.81845,0.42590332,641.8457
4378,147354.53,147366.45,195.63722,0.4298706,616.0077
4379,147376.2,147367.42,184.62912,0.43046877,671.3878
4380,147376.97,147368.38,174.36906,0.43092042,697.2329
4381,147380.1,147369.55,169.29178,0.4293457,628.33997
4382,147366.5,147369.25,153.1981,0.4314331,639.6471
4383,147365.45,147368.88,139.17575,0.43269044,610.4237
4384,147376.55,147369.64,130.55537,0.43232423,634.78046
4385,147376.62,147370.34,121.89016,0.42965087,657.96716
4386,147379.27,147371.23,116.86513,0.42747805,656.92334
4387,147370.9,147371.2,105.1883,0.4287842,711.7516
4388,147381.44,147372.22,104.09629,0.42753908,653.27716
4389,147397.95,147374.8,153.28989,0.42895508,746.0878
4390,147362.97,147373.61,150.55229,0.42972413,645.6808
4391,147368.61,147373.11,137.74706,0.42874756,633.53503
4392,147391.75,147374.97,155.24492,0.4272217,873.88116
4393,147363.06,147373.78,152.47871,0.4282837,603.82104
4394,147345.89,147371.0,207.24066,0.4298462,649.10065
4395,147352.84,147369.19,216.18503,0.42513427,652.8495
4396,147378.03,147370.08,201.60559,0.43083498,653.6651
4397,147368.03,147369.88,181.8221,0.4289429,617.757
4398,147377.08,147370.6,168.30954,0.43111572,597.0245
4399,147387.84,147372.31,178.25922,0.4324707,604.03296
4400,147391.17,147374.2,192.44412,0.42310792,669.07495
4401,147363.75,147373.16,183.03381,0.4284546,619.0385
4402,147363.84,147372.22,172.53548,0.43168947,583.39746
4403,147387.64,147373.77,176.68701,0.43045655,682.5058
4404,147347.4,147371.12,221.5518,0.42424318,618.84753
4405,147356.9,147369.7,217.59218,0.43234864,658.3174
4406,147406.94,147373.42,320.60886,0.4314209,638.3434
4407,147388.4,147374.92,308.7558,0.42524415,656.48755
4408,147356.45,147373.08,308.57874,0.43195802,800.88007
4409,147379.83,147373.75,281.82147,0.42789307,657.59937
4410,147355.38,147371.9,284.02698,0.42962646,627.04816
4411,147368.28,147371.55,256.80692,0.43132326,603.3193
4412,147403.64,147374.75,323.82703,0.4298218,682.1577
4413,147365.8,147373.86,298.65857,0.43006593,657.66266
4414,147385.84,147375.06,281.71896,0.43078613,635.9594
4415,147378.44,147375.4,254.57222,0.42314455,618.60834
4416,147371.44,147375.02,230.53258,0.42900392,637.01733
4417,147368.1,147374.33,211.79143,0.42972413,613.58997
4418,147362.45,147373.14,203.30368,0.43258056,612.9355
4419,147387.06,147374.53,200.41699,0.43004152,614.4273
4420,147403.34,147377.4,255.0897,0.42678222,598.32666
4421,147374.66,147377.12,230.26137,0.4248291,644.9166
4422,147376.19,147377.03,207.31433,0.4265747,662.3638
4423,147377.31,147377.06,186.59001,0.4303955,638.05005
4424,147371.06,147376.47,171.171,0.42659912,627.597
4425,147393.34,147378.16,179.6828,0.42895508,645.36304
4426,147371.8,147377.52,165.35426,0.42854005,605.2084
4427,147370.92,147376.86,152.73181,0.42886963,642.4807
4428,147384.11,147377.58,142.18925,0.42766115,656.4496
4429,147364.4,147376.27,143.58517,0.42664796,675.65564
4430,147367.33,147375.38,136.41576,0.4333252,599.87885
4431,147370.66,147374.9,124.77817,0.42850342,621.85474
4432,147352.3,147372.64,158.30688,0.4317505,640.72034
4433,147360.1,147371.39,156.64435,0.4235962,605.7717
4434,147360.45,147370.3,151.7465,0.42869875,595.2824
4435,147410.31,147374.3,280.68436,0.42698976,652.2779
4436,147367.31,147373.6,257.00626,0.42579347,625.53394
4437,147371.28,147373.36,231.78691,0.42851564,608.597
4438,147379.19,147373.94,211.66524,0.43321535,679.08136
4439,147368.73,147373.42,192.93523,0.42886963,692.56354
4440,147385.03,147374.58,185.77168,0.42780763,592.05133
4441,147377.55,147374.88,167.98772,0.430542,638.57965
4442,147393.25,147376.72,181.57658,0.43397218,605.2461
4443,147354.44,147374.48,208.0998,0.42823488,606.8739
4444,147356.53,147372.69,216.29814,0.428833,621.2473
4445,147358.81,147371.3,211.99474,0.42962646,602.29816
4446,147374.28,147371.6,191.59685,0.4291626,610.1452
4447,147372.33,147371.67,172.48569,0.429895,643.71704
4448,147357.69,147370.28,172.83775,0.42709962,611.1366
4449,147376.7,147370.92,159.26562,0.42720947,650.0551
4450,147377.6,147371.6,147.3453,0.42648926,646.0523
4451,147369.6,147371.39,132.97076,0.43012697,582.3836
4452,147352.47,147369.5,151.89705,0.42906496,609.0509
4453,147374.48,147370.0,138.9433,0.42576906,635.12427
4454,147365.16,147369.52,127.16054,0.42824706,593.3183
4455,147379.47,147370.52,123.3603,0.43214113,638.75665
4456,147369.16,147370.38,111.190575,0.42797852,667.6259
4457,147353.89,147368.72,124.52763,0.42875978,615.54425
4458,147364.19,147368.27,113.92277,0.43015137,605.60547
4459,147413.3,147372.77,285.03372,0.42875978,667.9112
4460,147373.7,147372.86,256.60944,0.42656252,700.27356
4461,147382.05,147373.78,238.5454,0.43041992,679.7664
4462,147378.88,147374.3,217.02602,0.43068847,619.18616
4463,147380.03,147374.88,198.28288,0.42871094,905.28613
4464,147405.4,147377.92,262.34872,0.42822266,1954.4355
4465,147398.97,147380.03,275.98123,0.42773438,632.69257
4466,147383.97,147380.42,249.77844,0.42661133,631.6887
4467,147384.08,147380.78,226.00374,0.42557374,611.8146
4468,147389.72,147381.67,210.59245,0.42988282,600.66864
4469,147400.5,147383.56,221.43805,0.43292236,656.50006
4470,147390.23,147384.23,203.30049,0.42921144,658.3354
4471,147386.22,147384.44,183.32483,0.42990723,650.7012
4472,147362.4,147382.23,208.67618,0.4260376,618.3632
4473,147362.67,147380.28,222.25078,0.43095705,645.04944
4474,147371.56,147379.4,206.86719,0.4314331,649.4068
4475,147355.84,147377.05,236.14769,0.42839357,619.3059
4476,147374.94,147376.84,212.93336,0.43024904,605.80585
4477,147348.84,147374.05,262.20004,0.43107912,607.4033
4478,147352.98,147371.94,275.90662,0.42958984,611.88763
4479,147367.55,147371.5,250.05093,0.425647,617.94226
4480,147370.34,147371.39,225.16617,0.42760012,639.26825
4481,147377.83,147372.03,206.37927,0.4299805,633.2025
4482,147397.0,147374.53,241.8508,0.42731935,709.1997
4483,147360.12,147373.1,236.34431,0.43073732,631.29596
4484,147382.2,147374.0,220.17813,0.42911378,656.86896
4485,147377.75,147374.38,199.42593,0.4284912,603.7909
4486,147388.39,147375.78,197.16272,0.42646486,639.89215
4487,147372.5,147375.45,178.41544,0.4260376,582.41693
4488,147402.56,147378.16,226.71652,0.42487794,617.77136
4489,147396.78,147380.02,235.26501,0.42736816,763.5891
4490,147405.4,147382.56,269.76004,0.4289429,611.04767
4491,147393.72,147383.67,253.98561,0.42678222,673.96014
4492,147351.94,147380.5,319.22342,0.42805177,665.2559
4493,147369.75,147379.42,297.7017,0.42807618,692.0952
4494,147372.17,147378.7,272.66214,0.43112794,791.12134
4495,147374.3,147378.27,247.14326,0.42841798,689.0699
4496,147406.83,147381.12,295.85242,0.42734376,698.8551
4497,147359.6,147378.97,307.9907,0.42803955,608.17413
4498,147366.02,147377.67,292.29214,0.42937014,662.31744
4499,147358.25,147375.73,297.01175,0.42728272,630.8586
4500,147400.69,147378.23,323.34982,0.43004152,657.1638
4501,147373.66,147377.78,292.90115,0.4291626,650.6648
4502,147380.48,147378.05,264.26865,0.4308838,615.7661
4503,147380.27,147378.27,238.28482,0.42624512,681.5278
4504,147375.94,147378.03,214.94415,0.42904052,627.5673
4505,147359.27,147376.16,225.14311,0.4315796,600.46936
4506,147380.77,147376.62,204.54097,0.42941895,635.0788
4507,147364.44,147375.4,197.45503,0.43092042,617.3247
4508,147392.17,147377.08,203.0073,0.43009034,622.5084
4509,147392.1,147378.58,202.99878,0.4284912,678.68066
4510,147375.62,147378.28,183.48378,0.4289795,641.2658
4511,147368.06,147377.27,174.53346,0.4269165,636.38586
4512,147357.23,147375.27,193.19269,0.43099365,555.9541
4513,147400.45,147377.78,230.97032,0.42557374,652.2038
4514,147344.16,147374.42,309.63095,0.42454836,629.0575
4515,147362.98,147373.28,290.4413,0.43222657,662.95935
4516,147334.77,147369.44,394.908,0.42747805,586.7343
4517,147379.97,147370.48,365.39883,0.43529055,614.708
4518,147397.5,147373.19,394.5449,0.428833,1011.6787
4519,147381.0,147373.97,360.58356,0.43094483,714.719
4520,147356.0,147372.17,353.584,0.43084717,599.27423
4521,147366.38,147371.6,321.24994,0.42803955,603.73285
4522,147360.47,147370.48,300.26382,0.42866212,579.5985
4523,147396.27,147373.06,330.05798,0.42993164,708.28955
4524,147370.94,147372.84,297.4586,0.4297119,617.92645
4525,147383.53,147373.9,277.99277,0.42872316,626.82837
4526,147378.97,147374.4,252.50009,0.4270752,732.93585
4527,147368.72,147373.84,230.16138,0.4248413,655.51996
4528,147355.6,147372.02,237.12085,0.42574462,621.11597
4529,147357.86,147370.6,231.44472,0.4295288,619.62146
4530,147376.81,147371.22,211.78079,0.42720947,590.4571
4531,147364.94,147370.6,194.15356,0.42733154,630.71027
4532,147371.06,147370.64,174.75798,0.4289673,620.56726
4533,147371.5,147370.72,157.34865,0.43009034,614.91284
4534,147366.73,147370.31,143.04256,0.42805177,733.6242
4535,147388.7,147372.16,159.17766,0.43284914,687.00195
4536,147377.23,147372.66,145.58075,0.42823488,667.86523
4537,147339.55,147369.34,229.68344,0.43128663,673.7774
4538,147385.56,147370.97,230.38939,0.43107912,1992.0302
4539,147362.66,147370.14,213.56923,0.43144533,602.4571
4540,147366.14,147369.73,193.65231,0.4296753,611.62036
4541,147372.66,147370.03,175.05544,0.42854005,657.41156
4542,147355.19,147368.55,177.3802,0.4310913,603.99164
4543,147371.98,147368.89,160.70566,0.4295166,589.4521
4544,147347.53,147366.75,185.69514,0.43155518,653.9015
4545,147405.64,147370.64,303.2489,0.43203124,726.1118
4546,147341.72,147367.75,348.20676,0.42467043,606.4898
4547,147371.83,147368.16,314.88287,0.43129882,611.4173
4548,147336.1,147364.95,375.91492,0.42591554,621.66394
4549,147389.5,147367.4,392.55283,0.43183595,628.76184
4550,147382.22,147368.89,373.04443,0.43051758,612.7662
4551,147372.47,147369.25,336.89224,0.4317871,683.70404
4552,147387.95,147371.12,334.68564,0.42861328,693.9586
4553,147365.3,147370.55,304.2741,0.4291626,653.0005
4554,147355.06,147369.0,295.42563,0.4274048,614.89197
4555,147347.12,147366.81,308.94946,0.42695314,623.84607
4556,147370.53,147367.19,279.29913,0.43046877,840.32776
4557,147376.19,147368.1,258.6592,0.4335083,783.5249
4558,147351.3,147366.4,258.18542,0.43190917,613.41455
4559,147382.36,147368.0,255.27208,0.4310913,671.14136
4560,147388.12,147370.02,266.1963,0.43172607,644.20844
4561,147379.95,147371.02,248.46451,0.42906496,585.0962
4562,147366.42,147370.56,225.51729,0.42662355,598.3452
4563,147377.28,147371.23,207.0283,0.4279053,602.9546
4564,147361.16,147370.22,195.46664,0.427771,621.0639
4565,147375.31,147370.73,178.25514,0.42904052,611.3106
4566,147353.53,147369.02,187.06491,0.43461916,624.1189
4567,147362.55,147368.38,172.12445,0.42850342,637.9186
4568,147359.3,147367.47,162.32912,0.43238527,652.3312
4569,147398.7,147370.6,233.89897,0.4320801,678.9731
4570,147437.39,147377.28,612.0731,0.4260132,2887.6453
4571,147381.42,147377.69,552.4088,0.4279297,923.33014
4572,147363.95,147376.31,514.1449,0.42631838,638.1334
4573,147359.83,147374.66,487.18652,0.43182373,620.5589
4574,147347.03,147371.89,507.15054,0.42841798,623.5366
4575,147380.44,147372.75,463.0099,0.43027344,619.66223
4576,147369.55,147372.44,417.6323,0.42927247,620.0391
4577,147359.47,147371.14,391.006,0.43062744,563.62225
4578,147368.48,147370.88,352.5404,0.42817384,679.4561
4579,147352.17,147369.0,348.76898,0.42935792,623.93146
4580,147368.62,147368.97,313.90472,0.42976075,638.8297
4581,147356.53,147367.72,296.43646,0.4294922,658.7961
4582,147365.6,147367.5,267.19922,0.4263794,608.0716
4583,147378.1,147368.56,250.57976,0.4321533,613.2148
4584,147379.81,147369.69,236.91241,0.42679444,685.2239
4585,147375.27,147370.25,216.02156,0.42838135,645.5462
4586,147388.72,147372.1,225.11794,0.42888185,624.3524
4587,147361.94,147371.08,211.88959,0.42824706,617.6977
4588,147363.08,147370.28,196.46062,0.4310425,650.5867
4589,147356.4,147368.89,194.14096,0.4302124,593.5883
4590,147378.81,147369.88,183.58678,0.43277588,636.57
4591,147386.02,147371.48,188.67488,0.43110353,664.99396
4592,147356.84,147370.02,189.09871,0.4257202,619.1441
4593,147386.1,147371.62,193.45439,0.4331177,595.06775
4594,147381.69,147372.62,183.2218,0.42928466,649.1451
4595,147390.06,147374.38,192.2656,0.42938232,953.09247
4596,147377.12,147374.66,173.71967,0.42861328,651.1544
4597,147348.06,147372.0,219.99817,0.4280884,687.1197
4598,147369.52,147371.75,198.55385,0.43569335,729.029
4599,147359.66,147370.55,191.86176,0.43098146,623.0062
4600,147367.22,147370.22,173.67244,0.43031007,650.1603
4601,147376.03,147370.8,159.34586,0.4296631,629.87805
4602,147360.72,147369.78,152.55244,0.43225098,616.82166
4603,147370.39,147369.84,137.33063,0.43126222,627.5988
4604,147351.55,147368.02,153.72737,0.428833,597.11505
4605,147363.34,147367.55,140.31902,0.4267578,592.46954
4606,147370.36,147367.83,126.99902,0.430896,629.9764
4607,147362.28,147367.28,117.06822,0.43084717,610.4557
4608,147356.25,147366.17,116.31336,0.42757568,647.66315
4609,147355.02,147365.06,115.88359,0.4253418,629.6026
4610,147377.19,147366.28,117.52664,0.4293091,738.7434
4611,147341.52,147363.81,160.97423,0.4295166,610.4056
4612,147347.81,147362.22,167.91681,0.4300049,586.05426
4613,147369.95,147363.0,156.50897,0.43027344,618.90076
4614,147367.66,147363.47,142.80933,0.42918703,584.44934
4615,147353.39,147362.47,137.66957,0.4300049,604.91943
4616,147370.94,147363.31,130.35738,0.42736816,682.38666
4617,147346.67,147361.66,142.24358,0.43128663,607.55554
4618,147383.33,147363.83,170.28952,0.43050537,712.2095
4619,147360.25,147363.47,154.41284,0.42446288,649.16327
4620,147378.31,147364.95,158.80188,0.42739257,665.21014
4621,147353.52,147363.81,154.69516,0.42926025,621.5482
4622,147357.39,147363.17,142.93729,0.430542,611.5091
4623,147366.69,147363.53,129.75592,0.43059084,611.5884
4624,147381.92,147365.38,147.21968,0.42855224,611.36053
4625,147355.97,147364.44,140.46068,0.4315674,661.4723
4626,147361.72,147364.17,127.07986,0.42974854,679.0228
4627,147359.66,147363.72,116.20705,0.4317627,607.00635
4628,147370.48,147364.39,108.70597,0.43162844,634.6632
4629,147348.28,147362.78,121.191444,0.42818603,638.9617
4630,147387.19,147365.22,162.68214,0.42730713,611.88416
4631,147370.97,147365.8,149.38954,0.4303833,650.117
4632,147393.89,147368.61,205.48389,0.4301636,676.86633
4633,147351.27,147366.88,212.008,0.42681885,651.64197
4634,147388.6,147369.05,233.26056,0.43043214,598.2245
4635,147379.89,147370.12,220.51732,0.42656252,589.11694
4636,147358.19,147368.94,211.29094,0.4302124,583.24536
4637,147359.92,147368.03,197.47717,0.4314209,653.1755
4638,147366.33,147367.86,177.99051,0.4308594,690.14075
4639,147356.16,147366.69,172.51814,0.4298706,655.55994
4640,147377.34,147367.75,165.48633,0.4307007,645.127
4641,147382.72,147369.25,169.1034,0.43167725,585.1101
4642,147374.6,147369.78,154.76306,0.4275635,629.819
4643,147353.16,147368.12,164.16191,0.42923585,579.89484
4644,147374.44,147368.75,151.33202,0.430542,626.161
4645,147402.22,147372.1,237.01297,0.42891845,615.7442
4646,147357.27,147370.61,233.10027,0.42879638,607.58746
4647,147349.62,147368.52,249.4212,0.43145752,568.6184
4648,147368.34,147368.5,224.48174,0.43148193,590.2458
4649,147368.16,147368.47,202.04419,0.42664796,616.20776
4650,147344.8,147366.1,232.27196,0.42962646,602.8629
4651,147358.17,147365.3,214.6928,0.4310913,663.68085
4652,147370.88,147365.86,196.0239,0.4286011,860.7553
4653,147372.5,147366.53,180.3903,0.43199465,734.28424
4654,147363.2,147366.2,163.34814,0.42508546,628.5625
4655,147362.03,147365.78,148.57973,0.43022463,817.4218
4656,147324.34,147361.64,288.25772,0.42662355,569.52057
4657,147354.47,147360.92,264.06116,0.43081054,627.2804
4658,147402.58,147365.1,393.82693,0.43095705,773.26385
4659,147382.42,147366.83,381.468,0.42462158,693.21375
4660,147366.38,147366.78,343.33966,0.42888185,652.7103
4661,147356.6,147365.77,318.34634,0.4272339,602.27
4662,147362.4,147365.44,287.52737,0.43045655,605.06555
4663,147374.97,147366.39,266.95065,0.42775878,590.1009
4664,147378.56,147367.61,253.5895,0.4295044,601.7593
4665,147340.69,147364.92,293.4614,0.4272705,606.8755
4666,147348.67,147363.3,287.88086,0.42999268,631.61646
4667,147377.34,147364.7,276.8511,0.43240967,660.3547
4668,147374.77,147365.7,258.27884,0.42656252,632.4599
4669,147363.33,147365.47,232.9586,0.42976075,660.586
4670,147363.55,147365.28,209.99516,0.43199465,664.4519
4671,147365.28,147365.28,188.99564,0.42751464,630.8908
4672,147321.22,147360.88,344.83142,0.4312378,599.65076
4673,147386.12,147363.4,367.7289,0.43227538,685.1902
4674,147376.14,147364.69,345.5508,0.43004152,662.67175
4675,147357.1,147363.92,316.18558,0.43111572,609.5723
4676,147352.56,147362.78,296.1802,0.43164062,570.8737
4677,147365.38,147363.05,267.16766,0.4296631,617.7602
4678,147393.12,147366.06,321.87332,0.42781982,966.73615
4679,147399.38,147369.39,389.561,0.4261963,967.97723
4680,147375.23,147369.97,353.67834,0.4274048,862.24274
4681,147367.53,147369.72,318.84525,0.42733154,624.5277
4682,147374.97,147370.25,289.44135,0.43011475,637.7473
4683,147371.78,147370.4,260.70822,0.4284546,611.6626
4684,147362.25,147369.6,240.62459,0.42893067,697.0792
4685,147370.5,147369.69,216.63603,0.43218994,599.4911
4686,147346.0,147367.31,245.4712,0.43225098,569.193
4687,147348.72,147365.45,252.03955,0.42780763,608.16693
4688,147363.06,147365.22,227.34995,0.43205568,682.08453
4689,147358.25,147364.52,208.98566,0.4287842,610.90924
4690,147369.75,147365.03,190.55296,0.4334839,649.37146
4691,147364.2,147364.95,171.55937,0.42918703,651.81274
4692,147361.78,147364.64,155.3089,0.42834473,607.0237
4693,147359.56,147364.12,142.09886,0.428125,764.0826
4694,147376.94,147365.4,142.66339,0.4305542,721.78436
4695,147355.94,147364.45,136.4662,0.42800292,649.2774
4696,147371.4,147365.16,127.170715,0.4282715,641.13763
4697,147369.75,147365.61,116.352875,0.43029785,650.5381
4698,147378.27,147366.88,119.13384,0.43179932,691.43365
4699,147370.38,147367.22,108.32295,0.4279297,625.584
4700,147355.16,147366.02,110.586006,0.42905274,599.89636
4701,147352.73,147364.69,115.40264,0.4303589,603.62524
4702,147343.38,147362.56,144.74242,0.42895508,634.426
4703,147373.66,147363.67,141.34459,0.43032226,618.88495
4704,147379.44,147365.25,149.58008,0.4307129,635.6173
4705,147363.25,147365.05,134.98206,0.42658693,683.7876
4706,147365.84,147365.12,121.541,0.430188,596.5017
4707,147370.38,147365.66,111.86752,0.43258056,661.60474
4708,147347.12,147363.8,131.58742,0.43117675,600.9457
4709,147344.47,147361.86,152.05055,0.42905274,576.1143
4710,147350.97,147360.77,147.52,0.4350342,602.42896
4711,147351.25,147359.81,140.91725,0.42919922,621.5944
4712,147372.48,147361.08,141.2774,0.43114015,627.16364
4713,147385.44,147363.52,180.55379,0.42510986,614.3837
4714,147367.1,147363.88,163.65068,0.4270752,630.31995
4715,147389.22,147366.4,205.09312,0.43006593,638.29004
4716,147387.89,147368.56,226.12585,0.43267822,613.4195
4717,147357.03,147367.4,215.48053,0.42663574,621.37146
4718,147370.4,147367.7,194.74246,0.43048096,689.23663
4719,147387.97,147369.73,212.2308,0.43001708,690.65546
4720,147357.4,147368.5,204.68616,0.43046877,649.16626
4721,147353.69,147367.02,203.96445,0.42851564,724.4809
4722,147366.84,147367.0,183.57066,0.43045655,622.1141
4723,147362.6,147366.56,166.96094,0.4305298,598.1959
4724,147369.16,147366.83,150.87033,0.42857668,625.2546
4725,147362.7,147366.42,137.31471,0.42990723,627.48334
4726,147358.5,147365.62,129.23128,0.42753908,806.15845
4727,147376.22,147366.69,126.40862,0.43355712,627.95447
4728,147361.55,147366.17,116.146095,0.42999268,601.79724
4729,147375.25,147367.08,111.94859,0.43203124,649.5791
4730,147359.38,147366.31,106.09416,0.4303833,658.26483
4731,147385.47,147368.23,128.5113,0.43144533,602.1749
4732,147373.53,147368.77,118.185295,0.42703858,602.1466
4733,147357.53,147367.64,117.72577,0.43393555,665.80273
4734,147353.34,147366.22,124.34924,0.42929688,720.3251
4735,147359.31,147365.53,116.20698,0.42796633,781.46716
4736,147360.28,147365.0,107.0669,0.43067628,577.7942
4737,147372.27,147365.72,101.111244,0.43006593,605.83057
4738,147382.12,147367.36,115.22496,0.42622072,645.4123
4739,147382.83,147368.9,125.23786,0.42939454,624.05176
4740,147372.4,147369.25,113.816574,0.42807618,612.29254
4741,147347.8,147367.11,143.85622,0.42944336,598.7412
4742,147382.44,147368.64,150.61623,0.43322754,672.31415
4743,147379.5,147369.72,146.16794,0.42789307,596.42773
4744,147371.16,147369.86,131.7371,0.42802736,719.51715
4745,147364.3,147369.3,121.34812,0.42778322,595.2747
4746,147399.31,147372.3,190.2977,0.4326416,1385.7476
4747,147374.92,147372.56,171.88808,0.4265747,655.06964
4748,147372.06,147372.52,154.72176,0.42958984,624.9893
4749,147372.27,147372.48,139.2552,0.43161622,693.05457
4750,147364.27,147371.66,131.409,0.4291626,662.75415
4751,147385.25,147373.02,134.8992,0.42913818,609.7306
4752,147365.53,147372.27,126.450714,0.42640382,648.8609
4753,147353.16,147370.36,146.67078,0.4279541,673.42426
4754,147358.53,147369.17,144.5951,0.42895508,622.3578
4755,147353.4,147367.6,152.50552,0.43024904,580.94946
4756,147366.44,147367.48,137.37529,0.42702636,615.1271
4757,147350.58,147365.8,149.36168,0.42979738,637.5409
4758,147382.6,147367.47,159.81766,0.4270752,613.5842
4759,147371.4,147367.86,145.23123,0.42631838,984.1701
4760,147382.22,147369.3,149.26537,0.42874756,1444.5288
4761,147377.34,147370.1,140.16652,0.42487794,669.87054
4762,147334.64,147366.55,239.27304,0.43001708,645.20557
4763,147376.25,147367.52,223.81929,0.43132326,666.0049
4764,147362.44,147367.0,203.75822,0.42882082,598.2933
4765,147354.78,147365.78,196.8192,0.43167725,601.23474
4766,147373.72,147366.58,182.80762,0.43024904,612.2119
4767,147352.95,147365.22,181.2345,0.43118897,614.45483
4768,147370.53,147365.75,165.65108,0.4274048,622.1563
4769,147384.6,147367.64,181.04378,0.42625734,642.61676
4770,147378.05,147368.69,172.6855,0.43269044,616.8309
4771,147350.97,147366.92,183.67282,0.42980957,568.0505
4772,147350.03,147365.23,190.98193,0.42624512,594.0737
4773,147365.02,147365.22,171.88805,0.42943117,636.5551
4774,147358.23,147364.52,159.08957,0.43079835,599.74207
4775,147343.56,147362.42,182.69362,0.42961428,559.1741
4776,147353.28,147361.5,171.94385,0.43182373,613.9743
4777,147357.84,147361.14,155.9526,0.4276367,613.0742
4778,147352.58,147360.28,146.95581,0.42857668,549.6484
4779,147347.48,147359.0,146.99863,0.4307007,592.47565
4780,147332.0,147356.3,197.90875,0.43222657,589.13245
4781,147356.45,147356.31,178.12007,0.43843994,616.13556
4782,147371.0,147357.78,179.7231,0.4262329,589.9609
4783,147370.47,147359.05,176.23833,0.42801514,606.6314
4784,147366.08,147359.75,163.06395,0.43066406,730.7161
4785,147351.94,147358.97,152.25072,0.42866212,630.98785
4786,147342.45,147357.31,161.57458,0.43094483,611.5639
4787,147338.0,147355.38,178.98466,0.4288086,747.926
4788,147354.72,147355.31,161.12495,0.43302003,630.78284
4789,147403.69,147360.16,355.62512,0.42888185,1261.5947
4790,147356.97,147359.84,320.97702,0.43010256,767.8012
4791,147341.22,147357.98,320.09946,0.43112794,598.6338
4792,147345.83,147356.77,301.3892,0.43098146,610.46625
4793,147335.03,147354.6,313.76474,0.42927247,563.3296
4794,147338.7,147353.0,305.11432,0.43360597,602.34155
4795,147347.6,147352.45,277.23337,0.42980957,580.1376
4796,147357.75,147352.98,252.03516,0.42550048,595.0609
4797,147370.06,147354.69,253.08124,0.4319336,619.99915
4798,147353.75,147354.6,227.8522,0.42945558,617.8287
4799,147358.88,147355.02,206.7166,0.43181154,572.1213
4800,147371.28,147356.64,209.8563,0.43251953,580.85547
4801,147374.19,147358.39,216.58101,0.4244995,610.62054
4802,147346.9,147357.25,206.79308,0.42746583,574.51117
4803,147363.1,147357.83,189.18721,0.43081054,659.10187
4804,147360.6,147358.11,170.95686,0.42904052,665.54663
4805,147366.72,147358.97,160.5321,0.43121338,681.0947
4806,147358.0,147358.88,144.56335,0.4283081,597.72375
4807,147379.16,147360.9,167.12663,0.4320801,676.8703
4808,147371.12,147361.92,159.81203,0.4326416,557.26666
4809,147355.0,147361.23,148.14293,0.42923585,608.1841
4810,147371.25,147362.23,142.35678,0.4329712,608.8447
4811,147408.92,147366.9,324.29614,0.42760012,2353.0657
4812,147401.97,147370.4,402.51062,0.43096924,1416.5745
4813,147337.03,147367.06,462.50967,0.42801514,597.22687
4814,147368.17,147367.17,416.36948,0.43656006,654.11444
4815,147352.75,147365.73,393.45166,0.42910156,589.6093
4816,147360.89,147365.25,356.21805,0.4308594,635.82526
4817,147382.14,147366.94,346.2726,0.42868653,631.3966
4818,147346.0,147364.84,351.09946,0.42401123,610.43964
4819,147358.78,147364.23,319.29736,0.4321045,609.6125
4820,147364.64,147364.28,287.38248,0.43111572,1016.3072
4821,147355.12,147363.36,266.18954,0.43096924,577.93646
4822,147361.58,147363.19,239.85614,0.42875978,612.32117
4823,147401.98,147367.06,351.33832,0.43189698,627.0409
4824,147376.75,147368.03,324.65076,0.42807618,648.4331
4825,147385.23,147369.75,318.82095,0.4270874,844.99854
4826,147346.11,147367.39,337.23798,0.42546389,630.9043
4827,147368.36,147367.48,303.59863,0.43009034,600.3724
4828,147362.05,147366.94,275.89972,0.42819825,611.16327
4829,147380.38,147368.28,264.56073,0.42995605,598.9675
4830,147356.56,147367.11,250.46426,0.42647704,645.9324
4831,147371.78,147367.58,227.38222,0.4303711,643.90906
4832,147374.45,147368.27,208.8979,0.4261963,631.8227
4833,147373.69,147368.81,190.65381,0.42861328,628.40594
4834,147343.38,147366.27,229.82439,0.42807618,574.61084
4835,147345.16,147364.16,246.94644,0.4345703,608.20404
4836,147350.78,147362.81,238.35196,0.43303224,649.8537
4837,147372.08,147363.73,222.24341,0.431604,631.0135
4838,147349.25,147362.28,218.9008,0.4281006,583.0916
4839,147342.38,147360.3,232.674,0.42730713,613.0817
4840,147348.03,147359.06,222.94669,0.43389893,623.19476
4841,147342.25,147357.38,226.09143,0.43015137,666.3832
4842,147350.69,147356.7,207.50731,0.4319336,633.8606
4843,147349.19,147355.95,191.8402,0.4357544,576.9443
4844,147345.69,147354.92,182.14064,0.4284546,670.1196
4845,147362.44,147355.67,169.0102,0.43352053,599.8319
4846,147339.53,147354.06,175.55594,0.42935792,607.1181
4847,147383.61,147357.02,236.57195,0.4319214,593.6004
4848,147375.81,147358.89,244.71378,0.42462158,688.6698
4849,147333.17,147356.31,279.77325,0.42832032,579.3619
4850,147370.88,147357.77,270.8819,0.43284914,614.9096
4851,147372.4,147359.23,263.085,0.43076172,605.8356
4852,147372.75,147360.6,253.21698,0.43283692,632.0092
4853,147346.58,147359.19,245.57466,0.42961428,608.7602
4854,147349.23,147358.19,229.93301,0.4277222,607.95654
4855,147365.97,147358.97,212.389,0.42991945,653.51605
4856,147338.22,147356.89,229.90073,0.4336548,840.85455
4857,147342.88,147355.48,224.59004,0.43026122,602.6147
4858,147350.22,147354.95,204.62643,0.42869875,654.99524
4859,147350.72,147354.53,185.77748,0.42907715,620.896
4860,147343.25,147353.4,178.65372,0.43408203,592.32025
4861,147365.75,147354.64,174.50148,0.43082276,739.9007
4862,147369.88,147356.16,177.93909,0.42669678,638.5468
4863,147382.88,147358.83,224.39542,0.4277954,636.4141
4864,147366.47,147359.6,207.20999,0.42718506,623.6494
4865,147359.06,147359.55,186.51439,0.43133545,555.83167
4866,147381.55,147361.75,211.42296,0.4275879,663.53827
4867,147356.89,147361.27,192.40588,0.42866212,590.159
4868,147383.12,147363.45,216.1702,0.42893067,765.0504
4869,147408.95,147368.0,380.87567,0.4308838,974.4566
4870,147377.52,147368.95,350.93735,0.42834473,629.8502
4871,147365.53,147368.61,316.89743,0.4296875,620.5402
4872,147337.11,147365.45,374.5102,0.428833,582.9779
4873,147351.44,147364.05,354.73856,0.4327881,569.7987
4874,147349.47,147362.6,338.39163,0.42718506,571.7812
4875,147365.3,147362.86,305.21008,0.43234864,637.41614
4876,147353.33,147361.9,282.86508,0.42943117,603.9992
4877,147370.05,147362.72,260.54285,0.42869875,597.25226
4878,147396.62,147366.11,337.9556,0.4241211,1473.4362
4879,147354.47,147364.94,316.3554,0.43032226,611.76886
4880,147365.45,147364.98,284.74377,0.42856446,563.4482
4881,147328.31,147361.31,377.30377,0.42978516,576.87274
4882,147374.34,147362.61,354.8566,0.432959,700.638
4883,147368.47,147363.19,322.46085,0.42663574,629.2422
4884,147368.42,147363.72,292.68063,0.4296875,613.79395
4885,147351.42,147362.48,277.02173,0.42684326,590.38477
4886,147348.05,147361.05,268.07928,0.4295288,608.97186
4887,147363.62,147361.31,241.86955,0.43116456,574.07416
4888,147345.19,147359.7,241.084,0.4307129,594.71954
4889,147360.4,147359.78,217.0201,0.43083498,596.9047
4890,147344.11,147358.22,217.42278,0.4303955,606.3928
4891,147365.39,147358.94,200.30972,0.42985842,645.99664
4892,147377.08,147360.75,209.89615,0.42628175,724.7944
4893,147399.9,147364.67,326.8956,0.4296753,934.70374
4894,147382.84,147366.48,323.92557,0.4298218,613.41156
4895,147373.7,147367.2,296.22293,0.42976075,678.9181
4896,147357.25,147366.2,275.51645,0.43060303,597.7004
4897,147371.97,147366.78,250.95662,0.42940673,713.0268
4898,147358.03,147365.9,232.75156,0.431604,581.7766
4899,147345.03,147363.81,248.69531,0.4258789,577.3023
4900,147347.75,147362.2,247.04613,0.42980957,611.9982
4901,147350.42,147361.03,234.83331,0.4298218,602.8598
4902,147355.81,147360.52,213.80116,0.43161622,600.665
4903,147353.56,147359.81,196.77217,0.4263428,586.75385
4904,147360.56,147359.89,177.14557,0.42923585,592.1555
4905,147364.28,147360.33,161.166,0.42978516,588.7268
4906,147338.3,147358.12,188.73323,0.43060303,587.072
4907,147372.67,147359.58,188.90495,0.4293213,557.0227
4908,147343.44,147357.97,193.46124,0.42851564,564.17676
4909,147346.55,147356.83,185.85645,0.43045655,586.55304
4910,147360.55,147357.2,168.51541,0.42840576,612.1739
4911,147387.55,147360.23,234.53075,0.42857668,693.35486
4912,147374.05,147361.61,228.24834,0.42823488,679.2185
4913,147375.77,147363.03,223.45946,0.43062744,611.80164
4914,147359.25,147362.66,202.40031,0.42574462,611.4523
4915,147353.86,147361.78,189.12492,0.4296875,642.67413
4916,147355.31,147361.14,173.97845,0.42760012,586.2582
4917,147353.4,147360.38,161.96446,0.4303711,614.99225
4918,147335.81,147357.92,200.06648,0.43044433,609.6283
4919,147342.31,147356.36,201.98857,0.43063965,594.10815
4920,147344.75,147355.2,193.9197,0.4303711,597.71045
4921,147358.31,147355.52,175.39786,0.42866212,630.71173
4922,147370.48,147357.02,178.02377,0.42606202,601.4241
4923,147364.6,147357.78,165.38991,0.42888185,611.37634
4924,147370.23,147359.03,162.80814,0.4313843,611.73285
4925,147337.47,147356.88,188.37204,0.42889404,594.4192
4926,147347.75,147355.97,177.02875,0.4305664,605.1835
4927,147335.69,147353.94,196.34547,0.43258056,548.6727
4928,147359.66,147354.52,179.6543,0.4309082,574.8977
4929,147364.16,147355.48,170.0536,0.42873535,641.9832
4930,147391.28,147359.06,268.37573,0.42893067,640.03033
4931,147364.5,147359.61,244.19913,0.42550048,595.6077
4932,147349.48,147358.6,229.00562,0.43117675,573.1168
4933,147358.12,147358.55,206.12482,0.42937014,553.1447
4934,147404.31,147363.12,374.01663,0.43249512,1783.7194
4935,147391.94,147366.0,411.32938,0.43060303,1008.4958
4936,147356.58,147365.06,378.18588,0.4297119,594.57886
4937,147345.47,147363.11,374.91965,0.4300293,632.0104
4938,147363.62,147363.16,337.4516,0.42821047,639.0239
4939,147360.95,147362.94,304.14328,0.43359375,690.63226
4940,147385.9,147365.23,321.20966,0.4277954,650.4326
4941,147386.53,147367.36,329.90878,0.42635497,653.52386
4942,147372.53,147367.88,299.32526,0.42786866,593.81
4943,147376.52,147368.73,276.11215,0.43162844,608.2814
4944,147346.44,147366.5,293.24448,0.42624512,600.5536
4945,147351.03,147364.95,285.4554,0.43218994,585.02155
4946,147361.25,147364.58,258.14404,0.43294677,636.23145
4947,147356.08,147363.73,238.83214,0.42768556,625.1301
4948,147369.69,147364.33,218.1385,0.4300049,587.41766
4949,147339.94,147361.89,249.86588,0.42907715,595.2619
4950,147378.12,147363.52,248.59923,0.4317871,605.20807
4951,147353.72,147362.53,232.3774,0.42854005,579.3165
4952,147351.88,147361.47,219.35965,0.4300537,677.26324
4953,147344.16,147359.73,224.39871,0.4277222,574.4104
4954,147329.1,147356.67,286.45514,0.43162844,604.73517
4955,147330.61,147354.06,318.94247,0.43243408,578.89307
4956,147339.02,147352.56,307.425,0.42994386,610.33466
4957,147361.73,147353.48,284.25357,0.43012697,666.1388
4958,147348.72,147353.0,257.87222,0.4289429,578.8138
4959,147334.0,147351.1,264.575,0.42882082,662.77576
4960,147326.75,147348.66,291.45312,0.42907715,588.2014
4961,147356.19,147349.4,267.41257,0.43250734,583.6205
4962,147372.22,147351.69,287.5082,0.42985842,1579.596
4963,147403.4,147356.86,499.49197,0.43172607,3129.0112
4964,147369.5,147358.12,463.92346,0.43222657,965.626
4965,147368.72,147359.19,427.6316,0.4270508,659.4589
4966,147368.9,147360.16,393.3693,0.4307007,802.64264
4967,147366.2,147360.77,357.32318,0.4303589,618.55597
4968,147379.69,147362.66,353.8142,0.4290161,652.3872
4969,147355.2,147361.9,323.4322,0.42888185,731.9012
4970,147355.06,147361.22,295.3043,0.43217775,602.6645
4971,147347.44,147359.84,282.8669,0.43146974,710.87573
4972,147369.56,147360.81,263.0811,0.42922363,616.9416
4973,147365.06,147361.23,238.39859,0.43045655,668.4641
4974,147371.97,147362.31,224.92914,0.42939454,633.34796
4975,147339.84,147360.06,247.87224,0.42694092,765.99207
4976,147355.6,147359.61,224.8823,0.4333252,814.1328
4977,147337.1,147357.36,248.01987,0.42631838,610.9719
4978,147366.03,147358.22,229.98601,0.43254396,651.58655
4979,147368.67,147359.27,216.82152,0.43114015,582.8732
4980,147355.06,147358.84,196.72932,0.43171388,565.94604
4981,147353.86,147358.34,179.29236,0.4319214,543.9178
4982,147353.58,147357.88,163.40712,0.42868653,578.30145
4983,147351.22,147357.2,151.05392,0.4317505,612.377
4984,147367.69,147358.25,145.84152,0.43040773,868.39276
4985,147365.44,147358.97,135.90678,0.4336548,739.19165
4986,147342.6,147357.33,146.44876,0.43084717,668.93945
4987,147364.72,147358.06,136.7198,0.43048096,638.7747
4988,147363.38,147358.6,125.58786,0.42976075,612.37726
4989,147348.55,147357.6,122.11364,0.42834473,619.1071
4990,147345.3,147356.36,123.51146,0.428833,659.33215
4991,147353.31,147356.06,111.99582,0.42929688,589.29083
4992,147350.08,147355.47,104.01939,0.43046877,644.7328
4993,147345.16,147354.44,103.188736,0.43099365,601.2966
4994,147365.39,147355.53,103.667244,0.4260376,668.1365
4995,147354.0,147355.38,93.51154,0.42890626,583.97766
4996,147365.56,147356.39,93.50105,0.4274048,593.33795
4997,147360.1,147356.77,85.38513,0.42613527,593.58203
4998,147355.44,147356.62,77.00537,0.42855224,679.2582
4999,147344.58,147355.42,82.36628,0.42926025,638.88293
