step,energy,ewmean,ewvar,pmove,locstd
0,25748.281,25748.281,0.0,0.99465334,444156.6
1,16955.889,24869.043,6.9575545e+06,0.99482423,236472.44
2,23753.594,24757.498,6.373779e+06,0.9947998,428555.28
3,18482.047,24129.953,9.280717e+06,0.995166,180033.33
4,20569.756,23773.934,9.493396e+06,0.99519044,252699.94
5,31313.49,24527.889,1.3660099e+07,0.9954834,445059.8
6,44751.426,26550.242,4.910332e+07,0.99497074,650863.5
7,27378.637,26633.082,4.4254748e+07,0.994043,360612.2
8,17487.133,25718.486,4.7357628e+07,0.9950684,265966.7
9,9186.064,24065.244,6.722075e+07,0.99428713,65401.652
10,26675.889,24326.309,6.1112064e+07,0.99448246,399774.3
11,11621.391,23055.816,6.95282e+07,0.9946045,93732.49
12,10302.928,21780.527,7.721263e+07,0.9949951,72811.84
13,17556.492,21358.123,7.109719e+07,0.99411625,186133.67
14,12411.657,20463.477,7.119101e+07,0.9946045,102769.5
15,22346.969,20651.826,6.4391184e+07,0.9942383,379441.38
16,32715.512,21858.195,7.104998e+07,0.9939453,592263.06
17,17712.234,21443.6,6.549199e+07,0.99448246,252356.66
18,25010.064,21800.246,6.0087564e+07,0.9935303,347098.28
19,20373.39,21657.56,5.426204e+07,0.9946777,291496.0
20,16312.044,21123.01,5.1407544e+07,0.99448246,164828.67
21,13696.896,20380.398,5.123003e+07,0.9935547,124970.74
22,16830.738,20025.432,4.7241036e+07,0.9935303,203370.94
23,18528.924,19875.781,4.271849e+07,0.99348146,217138.36
24,13498.898,19238.094,4.2106456e+07,0.99343264,150003.02
25,16671.178,18981.402,3.8488824e+07,0.9930908,213246.95
26,28796.195,19962.88,4.3309656e+07,0.99370116,389225.9
27,31025.848,21069.178,4.999372e+07,0.9932129,543759.56
28,18598.707,20822.13,4.554364e+07,0.9930908,285599.03
29,16378.963,20377.814,4.276603e+07,0.99306643,168667.03
30,18377.559,20177.79,3.884952e+07,0.9921631,243857.72
31,33189.676,21478.979,5.0202396e+07,0.9923096,406709.38
32,43794.184,23710.5,8.9999304e+07,0.99155277,697936.4
33,25487.502,23888.2,8.128357e+07,0.99055177,380693.12
34,17854.574,23284.836,7.6431624e+07,0.9904785,202380.47
35,27540.77,23710.43,7.041862e+07,0.98981935,459474.88
36,29172.715,24256.658,6.6062052e+07,0.9893799,330083.28
37,29050.664,24736.059,6.152427e+07,0.98859864,302624.34
38,17180.043,23980.457,6.0510244e+07,0.9885254,167992.42
39,21675.113,23749.922,5.4937532e+07,0.9890625,287212.1
40,21910.914,23566.021,4.974815e+07,0.98701173,260132.4
41,31012.55,24310.674,4.9763908e+07,0.9855713,453773.06
42,24115.068,24291.113,4.479096e+07,0.98386234,451141.66
43,30163.986,24878.4,4.341602e+07,0.9856934,526440.2
44,18489.527,24239.514,4.2748012e+07,0.9854004,201213.86
45,13208.521,23136.414,4.942466e+07,0.9854248,150604.23
46,26616.709,23484.443,4.557231e+07,0.98566896,317521.62
47,18048.594,22940.86,4.3674444e+07,0.9847412,177379.6
48,22169.172,22863.691,3.9360596e+07,0.9866455,405648.4
49,32287.562,23806.078,4.3417376e+07,0.9878418,403617.7
50,25786.963,24004.166,3.942879e+07,0.9886231,387328.34
51,19880.734,23591.822,3.701615e+07,0.98911136,228987.4
52,22639.875,23496.627,3.3396094e+07,0.9893799,314430.94
53,11724.479,22319.412,4.2528996e+07,0.98945314,134745.1
54,13104.166,21397.887,4.5918964e+07,0.9885254,97772.75
55,31497.95,22407.893,5.050808e+07,0.9878174,548761.8
56,12191.435,21386.246,5.485111e+07,0.98701173,102205.766
57,9833.836,20231.006,6.137723e+07,0.9862549,89544.266
58,20419.332,20249.838,5.52427e+07,0.98598635,388633.1
59,15022.001,19727.055,5.217815e+07,0.9843506,168405.23
60,20391.486,19793.498,4.7000068e+07,0.9831543,399824.53
61,12498.018,19063.95,4.7090224e+07,0.98264164,131776.53
62,12511.98,18408.752,4.6244744e+07,0.98151857,141023.08
63,12916.527,17859.53,4.4335076e+07,0.9811768,150499.53
64,19579.355,18031.512,4.016777e+07,0.98115236,209542.47
65,13396.486,17568.01,3.80845e+07,0.98083496,116976.41
66,20726.64,17883.873,3.5173976e+07,0.97939456,260389.4
67,17780.348,17873.52,3.1657542e+07,0.9811279,356533.72
68,34174.402,19503.607,5.2406476e+07,0.97924805,609472.94
69,27488.795,20302.127,5.290452e+07,0.9795166,475408.34
70,20709.676,20342.883,4.7629012e+07,0.97978514,404922.03
71,15388.964,19847.49,4.5074828e+07,0.9789063,174108.9
72,15253.211,19388.062,4.2467012e+07,0.97766113,155362.9
73,27348.79,20184.135,4.3923896e+07,0.97934574,380849.78
74,23198.408,20485.562,4.034923e+07,0.9791504,212141.31
75,11379.945,19575.0,4.3776412e+07,0.9791504,107801.54
76,22934.049,19910.904,4.0414256e+07,0.9791748,348592.16
77,23772.969,20297.111,3.7715228e+07,0.9789551,317489.84
78,15750.089,19842.408,3.5804492e+07,0.9803711,183508.03
79,18617.51,19719.918,3.2359074e+07,0.979126,205721.92
80,40355.4,21783.467,6.744724e+07,0.9801758,501199.03
81,28912.725,22496.393,6.5276884e+07,0.98183596,405126.84
82,13697.434,21616.496,6.5717148e+07,0.98200685,144397.02
83,26569.928,22111.84,6.135372e+07,0.98305666,434136.0
84,16776.592,21578.314,5.7780184e+07,0.98525393,135142.45
85,18532.332,21273.717,5.2837184e+07,0.98706055,204955.17
86,21003.41,21246.686,4.756004e+07,0.98583984,254554.36
87,15671.006,20689.117,4.5601972e+07,0.98823243,226423.28
88,29700.863,21590.291,4.8350812e+07,0.98715824,531091.25
89,13584.686,20789.73,4.9283804e+07,0.9876465,188980.55
90,19815.518,20692.309,4.444084e+07,0.9872559,436418.06
91,27371.422,21360.22,4.4011704e+07,0.9890381,440590.44
92,30940.646,22318.264,4.7871144e+07,0.98742676,448992.72
93,15458.568,21632.295,4.7319016e+07,0.9876709,240001.64
94,25244.088,21993.475,4.376117e+07,0.989209,452146.28
95,20267.25,21820.852,3.9653236e+07,0.9887207,211799.7
96,15543.451,21193.111,3.9234428e+07,0.98759764,206053.58
97,15943.303,20668.13,3.7791428e+07,0.9890137,193516.73
98,9861.356,19587.453,4.4523056e+07,0.98876953,78468.22
99,27182.605,20346.969,4.526252e+07,0.9894287,296090.75
100,21378.291,20450.102,4.0831996e+07,0.9900147,317905.22
101,19413.066,20346.398,3.6845584e+07,0.9886963,257658.78
102,20237.992,20335.559,3.3162084e+07,0.98874515,225438.14
103,18711.05,20173.107,3.0083386e+07,0.9890869,176841.64
104,30047.05,21160.502,3.5849576e+07,0.98999023,458502.75
105,31776.36,22222.088,4.2407296e+07,0.9900635,517260.3
106,10270.676,21026.947,5.1021828e+07,0.98996586,95211.79
107,10271.918,19951.445,5.6330004e+07,0.98945314,130455.16
108,25255.37,20481.838,5.322885e+07,0.9896973,342798.0
109,20682.25,20501.879,4.7909576e+07,0.9904297,276365.6
110,24952.402,20946.932,4.490126e+07,0.9902588,359073.66
111,24209.422,21273.18,4.136908e+07,0.9902588,393562.72
112,20803.29,21226.191,3.7252044e+07,0.99121094,369761.06
113,10504.193,20153.992,4.387335e+07,0.9915039,100609.27
114,22358.629,20374.455,3.9923456e+07,0.99172366,290520.4
115,20090.443,20346.055,3.5938372e+07,0.99167484,371949.7
116,13278.065,19639.256,3.6840616e+07,0.9917725,166639.38
117,19552.648,19630.596,3.315723e+07,0.99108887,302817.88
118,17878.676,19455.404,3.0117736e+07,0.99257815,160874.61
119,19029.82,19412.846,2.7122262e+07,0.9928223,326429.38
120,24918.0,19963.361,2.713764e+07,0.99274904,363763.28
121,17906.975,19757.723,2.480446e+07,0.9928711,318923.38
122,21791.377,19961.088,2.2696232e+07,0.9925049,373503.88
123,20075.0,19972.479,2.0427776e+07,0.99240726,218276.45
124,28762.832,20851.514,2.5339326e+07,0.9929932,395028.88
125,23176.217,21083.984,2.3291774e+07,0.991919,340425.3
126,33316.12,22307.197,3.442886e+07,0.99157715,512463.3
127,20566.219,22133.1,3.1258764e+07,0.99208987,263187.34
128,11486.16,21068.406,3.8335044e+07,0.9907959,81920.73
129,25835.684,21545.135,3.654696e+07,0.9906006,370842.0
130,37710.0,23161.621,5.640952e+07,0.9912842,523421.28
131,19452.168,22790.676,5.2006972e+07,0.99125975,212800.38
132,18927.01,22404.309,4.8149788e+07,0.99108887,206177.53
133,29659.467,23129.824,4.807217e+07,0.9904297,368431.66
134,14944.275,22311.27,4.9295236e+07,0.99152833,121562.086
135,26497.39,22729.88,4.5942836e+07,0.9913086,392518.25
136,16091.699,22066.062,4.531444e+07,0.9907959,193710.81
137,21241.441,21983.6,4.0844196e+07,0.9902588,246623.97
138,14618.359,21247.076,4.1641984e+07,0.99013674,197911.4
139,15686.51,20691.02,4.0260576e+07,0.99189454,168889.48
140,16325.027,20254.42,3.795009e+07,0.9910645,176101.47
141,24263.754,20655.354,3.560181e+07,0.9906983,384294.34
142,21571.914,20747.01,3.2117234e+07,0.9907471,448266.56
143,9641.193,19636.428,4.0006036e+07,0.99072266,76935.55
144,11126.776,18785.463,4.2522704e+07,0.99089354,99506.74
145,9783.4795,17885.264,4.556365e+07,0.9905762,92923.79
146,24102.984,18507.035,4.4486684e+07,0.9901123,308996.78
147,20729.736,18729.305,4.0482652e+07,0.9908447,249738.86
148,15378.832,18394.258,3.7444696e+07,0.9911377,153101.8
149,30143.555,19569.188,4.6124364e+07,0.9909668,424874.22
150,24813.33,20093.602,4.398702e+07,0.99167484,421014.4
151,27266.654,20810.906,4.421906e+07,0.99167484,376448.34
152,36964.555,22426.271,6.3281784e+07,0.9894287,509196.84
153,13432.236,21526.867,6.423394e+07,0.99167484,134291.86
154,22151.96,21589.377,5.784571e+07,0.99013674,252630.6
155,34893.004,22919.74,6.798992e+07,0.9899414,622717.8
156,30832.777,23711.043,6.682638e+07,0.9893066,419613.16
157,21741.877,23514.127,6.049273e+07,0.98959965,288862.88
158,16333.324,22796.047,5.908421e+07,0.9889893,222705.83
159,10422.516,21558.693,6.6955176e+07,0.98945314,79296.164
160,22183.74,21621.197,6.029482e+07,0.98876953,342788.78
161,24634.387,21922.516,5.5082476e+07,0.98918456,282328.28
162,17837.414,21514.006,5.107615e+07,0.988501,145670.0
163,25002.084,21862.814,4.7063536e+07,0.98842776,315113.6
164,34355.516,23112.084,5.6403264e+07,0.98833007,437901.72
165,12290.42,22029.918,6.1302692e+07,0.988501,121910.45
166,14265.449,21253.47,6.0598252e+07,0.9891602,176216.86
167,20958.215,21223.945,5.4546268e+07,0.9885742,302575.62
168,14300.674,20531.617,5.3405492e+07,0.98769534,164682.95
169,22621.64,20740.62,4.845808e+07,0.98796386,309133.8
170,23066.234,20973.18,4.4099036e+07,0.98833007,359292.6
171,16420.234,20517.885,4.1554772e+07,0.9873291,226271.0
172,16861.262,20152.223,3.860267e+07,0.98801273,165462.89
173,21347.703,20271.771,3.4871028e+07,0.9862793,290162.72
174,12362.541,19480.848,3.7013956e+07,0.9873535,110806.836
175,27586.14,20291.377,3.9225176e+07,0.9873291,403830.53
176,26290.473,20891.287,3.854168e+07,0.98720706,422052.16
177,22609.465,21063.105,3.49532e+07,0.98701173,348790.34
178,20493.89,21006.184,3.148704e+07,0.98630375,322397.28
179,12047.604,20110.326,3.5561388e+07,0.98552245,109584.03
180,12883.215,19387.615,3.670605e+07,0.9872803,107306.68
181,14156.479,18864.502,3.5498276e+07,0.98701173,168656.23
182,17429.188,18720.97,3.2133858e+07,0.9877686,212724.9
183,16298.932,18478.768,2.9448436e+07,0.986499,156765.44
184,38519.16,20482.807,6.2649156e+07,0.98737794,610646.56
185,16819.223,20116.45,5.7592204e+07,0.9871338,266325.78
186,19219.555,20026.76,5.190538e+07,0.98669434,237366.69
187,25031.459,20527.23,4.896907e+07,0.9866211,364890.7
188,11140.934,19588.602,5.200139e+07,0.98652345,103729.91
189,27556.568,20385.398,5.2515216e+07,0.9874756,465059.06
190,13350.912,19681.95,5.1717252e+07,0.98703617,154163.52
191,14685.881,19182.342,4.8791988e+07,0.98828125,228453.23
192,24257.863,19689.895,4.623127e+07,0.9873535,291645.06
193,13760.703,19096.975,4.4772124e+07,0.98706055,109682.78
194,39415.234,21128.8,7.744977e+07,0.9871338,633601.56
195,25381.133,21554.033,7.13322e+07,0.9886231,349991.56
196,28259.184,22224.549,6.824529e+07,0.9886231,494589.34
197,27822.695,22784.363,6.4241292e+07,0.9884033,457831.47
198,16602.645,22166.191,6.1256388e+07,0.98911136,200711.39
199,12237.389,21173.31,6.4003052e+07,0.98950195,116378.81
200,10662.836,20122.264,6.754506e+07,0.98967284,83664.51
201,13175.736,19427.611,6.513343e+07,0.9896973,192516.8
202,21143.633,19599.213,5.888511e+07,0.9890625,389388.5
203,16840.012,19323.293,5.3681788e+07,0.98981935,214990.25
204,25155.598,19906.523,5.1375028e+07,0.98923343,350322.72
205,17910.941,19706.965,4.6595936e+07,0.9902344,185049.05
206,30286.348,20764.902,5.2009444e+07,0.98986816,484940.03
207,19309.773,20619.389,4.6999064e+07,0.9887207,253654.52
208,16622.746,20219.725,4.373674e+07,0.98923343,255054.12
209,15460.651,19743.816,4.1401452e+07,0.98801273,180392.38
210,21256.793,19895.113,3.7467324e+07,0.98789066,241004.47
211,32492.996,21154.902,4.800419e+07,0.9864258,507309.25
212,24812.781,21520.69,4.440798e+07,0.987085,426175.34
213,17379.01,21106.521,4.1510996e+07,0.9880859,259947.55
214,17588.83,20754.752,3.847357e+07,0.9858643,230494.77
215,18668.96,20546.172,3.5017756e+07,0.9861817,316380.12
216,13888.701,19880.426,3.550495e+07,0.9856445,258655.0
217,28267.363,20719.12,3.828512e+07,0.98530275,371096.7
218,22819.473,20929.154,3.485364e+07,0.98525393,392076.53
219,42602.004,23096.44,7.364239e+07,0.9833008,690143.25
220,12547.563,22041.553,7.629324e+07,0.98422855,106267.195
221,24866.152,22324.012,6.938197e+07,0.9838867,259810.67
222,16529.309,21744.541,6.546584e+07,0.98286134,200142.75
223,19334.457,21503.533,5.944202e+07,0.9832031,227747.62
224,21773.855,21530.566,5.350439e+07,0.9831055,332590.72
225,56464.695,25023.979,1.5798934e+08,0.98269045,758803.56
226,33005.086,25822.09,1.4792323e+08,0.98251957,468915.44
227,24959.436,25735.824,1.3319788e+08,0.9805908,435376.28
228,25762.104,25738.453,1.1987815e+08,0.9820313,315936.2
229,21807.72,25345.379,1.0928089e+08,0.98142093,354893.66
230,12823.439,24093.186,1.124647e+08,0.9818848,129802.86
231,16562.506,23340.117,1.0632223e+08,0.98195803,302899.03
232,23591.305,23365.236,9.569569e+07,0.98173827,295771.5
233,37109.617,24739.674,1.0312784e+08,0.98300785,411379.9
234,30232.441,25288.951,9.55304e+07,0.9819336,351150.25
235,16954.084,24455.465,9.2229656e+07,0.9833252,253378.98
236,27588.025,24768.72,8.388986e+07,0.98337406,455963.8
237,17258.785,24017.727,8.057679e+07,0.98327637,211459.77
238,26973.967,24313.352,7.3305656e+07,0.9834229,300601.84
239,18815.125,23763.53,6.869583e+07,0.98391116,366305.25
240,23880.527,23775.229,6.182748e+07,0.98615724,318089.66
241,43122.453,25709.951,8.933309e+07,0.98598635,569328.0
242,22732.445,25412.201,8.119767e+07,0.98674315,439943.28
243,25356.91,25406.672,7.307818e+07,0.98688966,476990.38
244,52744.56,28140.46,1.3303275e+08,0.98637694,677221.94
245,16090.051,26935.42,1.32798584e+08,0.98588866,225993.75
246,13884.985,25630.377,1.3484696e+08,0.98535156,237709.12
247,21863.043,25253.645,1.2263962e+08,0.9851807,338016.62
248,21165.03,24844.783,1.1188016e+08,0.9848877,273937.22
249,25224.492,24882.754,1.0070511e+08,0.98466796,299729.12
250,8822.959,23276.773,1.1384713e+08,0.9835693,66159.07
251,23324.66,23281.562,1.0246262e+08,0.98396,251290.64
252,23303.074,23283.713,9.22164e+07,0.9843506,345076.72
253,20305.098,22985.852,8.3793256e+07,0.9840576,366313.6
254,18776.43,22564.91,7.700866e+07,0.98376465,380649.53
255,17087.781,22017.197,7.20077e+07,0.98413086,231960.31
256,16613.787,21476.855,6.743464e+07,0.98513186,251782.92
257,22156.816,21544.852,6.0732784e+07,0.9846924,275717.8
258,26086.943,21999.06,5.651626e+07,0.9850098,378867.34
259,16324.198,21431.574,5.3763e+07,0.98637694,200934.4
260,18046.48,21093.064,4.9417996e+07,0.9867188,232653.95
261,25003.05,21484.062,4.5852116e+07,0.986792,488140.06
262,25266.453,21862.3,4.255449e+07,0.985791,369622.6
263,17628.99,21438.969,3.991192e+07,0.9868652,304072.38
264,16826.084,20977.68,3.7835812e+07,0.9874024,206992.28
265,22800.754,21159.986,3.435135e+07,0.98552245,368524.12
266,34981.375,22542.125,4.8108988e+07,0.9876221,610724.0
267,12922.793,21580.191,5.162593e+07,0.98720706,174123.44
268,26913.254,22113.498,4.9023076e+07,0.98823243,452942.56
269,16304.708,21532.62,4.715755e+07,0.9867676,241321.77
270,29411.703,22320.527,4.802899e+07,0.9873535,468356.28
271,18669.89,21955.463,4.4425536e+07,0.9869385,234470.11
272,12153.449,20975.262,4.8630136e+07,0.9868164,105162.27
273,24535.383,21331.273,4.4907824e+07,0.9861817,270221.44
274,9226.131,20120.76,5.3605144e+07,0.98620605,63347.273
275,20974.61,20206.145,4.831024e+07,0.98588866,292862.28
276,24935.795,20679.11,4.549248e+07,0.9854004,410765.06
277,17115.863,20322.785,4.2085936e+07,0.9857422,158685.75
278,33215.254,21612.031,5.283676e+07,0.98593754,530188.25
279,19120.238,21362.852,4.8111896e+07,0.9856445,230095.72
280,29326.148,22159.182,4.9007972e+07,0.98513186,362201.2
281,30763.488,23019.613,5.077024e+07,0.9833496,500924.7
282,42392.04,24956.855,7.946939e+07,0.983252,731550.44
283,30332.36,25494.406,7.4123096e+07,0.9849121,458708.6
284,26831.375,25628.104,6.687166e+07,0.9850098,428973.3
285,35033.03,26568.596,6.814523e+07,0.9835693,507390.97
286,19255.432,25837.28,6.6144124e+07,0.9843262,257401.03
287,18763.152,25129.867,6.40336e+07,0.98598635,328131.28
288,19699.281,24586.809,6.0284452e+07,0.9852051,229640.73
289,24046.535,24532.781,5.4282276e+07,0.9840576,310518.84
290,17985.79,23878.082,5.271173e+07,0.9850586,220672.19
291,19291.617,23419.436,4.9333764e+07,0.984375,260560.06
292,14461.607,22523.652,5.1622228e+07,0.9855957,142698.02
293,13588.896,21630.176,5.3644692e+07,0.9857422,218101.42
294,19330.246,21400.184,4.8756292e+07,0.984961,228136.36
295,21365.879,21396.754,4.388077e+07,0.98439944,238528.11
296,28662.71,22123.35,4.424416e+07,0.9848877,475941.16
297,15961.348,21507.148,4.3237068e+07,0.9846436,179469.86
298,23706.324,21727.066,3.934863e+07,0.9862305,334744.38
299,18604.86,21414.846,3.6291104e+07,0.9841553,278471.75
300,20519.203,21325.281,3.2734188e+07,0.985376,335697.8
301,29393.818,22132.135,3.5319884e+07,0.9842041,432050.12
302,15359.43,21454.863,3.591615e+07,0.9833496,131624.1
303,14897.191,20799.096,3.619481e+07,0.9841065,185650.0
304,29488.453,21668.031,3.937077e+07,0.98515624,485169.88
305,12862.235,20787.451,4.241247e+07,0.9822998,140514.89
306,17809.264,20489.633,3.896949e+07,0.98408204,349494.84
307,26397.812,21080.451,3.8214132e+07,0.9819824,331655.1
308,19340.48,20906.453,3.466519e+07,0.9828858,199684.25
309,18773.227,20693.13,3.160823e+07,0.98344725,226398.2
310,34562.473,22080.064,4.5759684e+07,0.9818115,562689.75
311,26368.936,22508.951,4.2839212e+07,0.98322755,356804.88
312,18878.094,22145.865,3.9741772e+07,0.98232424,193782.17
313,18356.03,21766.88,3.706025e+07,0.9822022,215042.86
314,8602.356,20450.428,4.895165e+07,0.9815674,79299.24
315,17483.525,20153.738,4.4848708e+07,0.9828125,237496.45
316,19179.145,20056.28,4.044932e+07,0.9807373,283133.34
317,17554.443,19806.096,3.6967716e+07,0.9812744,295668.7
318,10611.3125,18886.617,4.0879908e+07,0.98137206,74908.09
319,31092.15,20107.17,5.0199668e+07,0.97976077,573919.6
320,19955.416,20091.994,4.5181772e+07,0.979834,379080.0
321,16760.562,19758.852,4.1662452e+07,0.9798584,158504.3
322,30276.516,20810.617,4.745212e+07,0.9806641,495088.3
323,21409.71,20870.527,4.273921e+07,0.98098147,442012.53
324,30278.695,21811.344,4.643151e+07,0.9800537,388417.4
325,12094.97,20839.707,5.028507e+07,0.9831543,154549.8
326,28161.895,21571.926,5.0081864e+07,0.9833008,396947.6
327,37639.125,23178.646,6.830762e+07,0.98339844,563406.75
328,39000.98,24760.879,8.400802e+07,0.9815918,450198.94
329,13995.74,23684.365,8.603715e+07,0.98137206,98709.65
330,14333.119,22749.24,8.530356e+07,0.98251957,200855.36
331,12150.012,21689.316,8.6884136e+07,0.9819092,119197.3
332,24272.379,21947.623,7.879622e+07,0.98024905,428956.97
333,23480.223,22100.883,7.1128e+07,0.9804932,358156.66
334,52620.03,25152.797,1.4784285e+08,0.9795899,765529.1
335,27374.547,25374.973,1.3350282e+08,0.9808838,426716.94
336,22315.238,25069.0,1.209951e+08,0.9801758,371385.84
337,18693.195,24431.42,1.1255417e+08,0.9815918,290232.25
338,27667.73,24755.05,1.0224138e+08,0.97993165,478352.12
339,21683.258,24447.871,9.286647e+07,0.9782471,236997.11
340,26863.568,24689.441,8.410502e+07,0.9777344,270135.78
341,29705.04,25191.002,7.7958584e+07,0.97731936,461924.84
342,14388.016,24110.703,8.0666136e+07,0.97734374,174091.34
343,25189.484,24218.582,7.270426e+07,0.9736816,352807.38
344,21569.484,23953.672,6.606542e+07,0.9732666,333804.03
345,19970.375,23555.342,6.0886876e+07,0.9718262,214075.38
346,19332.514,23133.059,5.6403092e+07,0.9693848,297431.25
347,25373.484,23357.102,5.121454e+07,0.9704346,504660.72
348,17735.324,22794.924,4.8937476e+07,0.9675049,181060.38
349,36565.508,24171.982,6.1110336e+07,0.9665039,619588.5
350,25573.453,24312.129,5.517607e+07,0.9668213,368409.3
351,10237.226,22904.639,6.748772e+07,0.9644287,115401.0
352,9111.381,21525.312,7.786181e+07,0.96218264,59182.023
353,16089.428,20981.725,7.273502e+07,0.9622559,173848.05
354,25135.94,21397.146,6.7014696e+07,0.96191406,435463.8
355,20250.355,21282.467,6.0431584e+07,0.96171874,393912.44
356,15543.788,20708.6,5.7352344e+07,0.9615723,184178.39
357,22069.213,20844.66,5.1783724e+07,0.96345216,271498.1
358,19286.3,20688.824,4.682391e+07,0.96208495,427357.3
359,16241.171,20244.059,4.3921868e+07,0.9643311,241997.48
360,12655.352,19485.188,4.4712644e+07,0.963916,126002.625
361,19396.629,19476.332,4.0242084e+07,0.9643311,209583.8
362,26886.25,20217.324,4.1159492e+07,0.96240234,403235.22
363,13754.426,19571.035,4.0802756e+07,0.96325684,128377.87
364,22682.447,19882.176,3.759376e+07,0.96435547,373018.5
365,15754.193,19469.377,3.5368004e+07,0.965918,161079.36
366,18266.018,19349.041,3.196153e+07,0.9655029,186873.14
367,21977.672,19611.904,2.938725e+07,0.96774906,394677.75
368,18193.004,19470.014,2.662972e+07,0.9700195,218545.55
369,21772.402,19700.252,2.4443838e+07,0.97106934,284339.2
370,10290.9375,18759.32,2.9967622e+07,0.97019047,79486.9
371,17066.457,18590.033,2.722878e+07,0.9702393,187624.69
372,22395.17,18970.547,2.5809016e+07,0.97021484,301756.62
373,27770.023,19850.494,3.0196886e+07,0.970166,515704.06
374,30531.568,20918.602,3.7444876e+07,0.9720459,539707.75
375,34831.543,22309.896,5.1121684e+07,0.971875,493294.72
376,46360.156,24714.922,9.806686e+07,0.9730957,636700.56
377,16912.34,23934.664,9.37394e+07,0.97302246,192210.27
378,32147.787,24755.977,9.043644e+07,0.9729492,516037.5
379,20328.846,24313.264,8.315675e+07,0.97314453,214567.75
380,31734.395,25055.377,7.979766e+07,0.97487795,449395.53
381,16797.7,24229.61,7.795493e+07,0.97319335,259668.78
382,35518.81,25358.53,8.1629576e+07,0.97360843,529474.3
383,16889.633,24511.64,7.992162e+07,0.9717774,184094.38
384,22209.46,24281.422,7.2406456e+07,0.972583,435026.03
385,14463.78,23299.658,7.384055e+07,0.97470707,105768.78
386,23142.973,23283.99,6.6458704e+07,0.97355956,425866.47
387,17474.885,22703.08,6.2849944e+07,0.9736816,398106.97
388,17543.861,22187.158,5.8960524e+07,0.9727783,174106.97
389,27003.04,22668.746,5.5151816e+07,0.97348636,383895.25
390,19820.72,22383.943,5.0366644e+07,0.9758789,252751.3
391,27338.336,22879.383,4.753912e+07,0.9746826,463097.4
392,11884.978,21779.941,5.3664132e+07,0.974292,108988.19
393,20271.834,21629.13,4.8502412e+07,0.9736816,289541.72
394,41778.71,23644.09,8.019267e+07,0.97355956,674967.1
395,18470.098,23126.691,7.458272e+07,0.9734619,217391.3
396,15688.603,22382.883,7.210371e+07,0.973584,190256.64
397,21059.2,22250.514,6.505103e+07,0.972583,448015.84
398,35875.15,23612.977,7.525269e+07,0.97280276,607039.4
399,18559.482,23107.627,7.002582e+07,0.9725342,180720.14
400,11174.834,21914.348,7.583848e+07,0.9729492,105151.32
401,21861.785,21909.092,6.825488e+07,0.9710205,319775.47
402,20437.037,21761.887,6.1624416e+07,0.9720459,318053.38
403,20387.918,21624.49,5.5631876e+07,0.9717774,281697.56
404,11182.277,20580.27,5.9882268e+07,0.97072756,169177.44
405,13774.724,19899.715,5.8062428e+07,0.96828616,139690.22
406,10870.624,18996.807,5.9593388e+07,0.96982425,94640.18
407,11911.021,18288.229,5.81528e+07,0.9690186,72119.48
408,20185.11,18477.916,5.266135e+07,0.9695557,255177.45
409,10947.259,17724.85,5.2499188e+07,0.96877444,88222.26
410,17384.727,17690.838,4.725968e+07,0.9677246,177434.62
411,21988.523,18120.605,4.419602e+07,0.9655518,314384.2
412,15179.567,17826.502,4.0554892e+07,0.9657227,198057.53
413,20799.41,18123.793,3.729484e+07,0.9659668,287035.62
414,17458.34,18057.248,3.3605212e+07,0.9662842,255563.19
415,22174.2,18468.943,3.1770126e+07,0.965625,395491.66
416,15898.945,18211.943,2.9187554e+07,0.96501464,178128.89
417,21808.014,18571.55,2.7432652e+07,0.96462405,371329.34
418,36198.004,20334.195,5.2651656e+07,0.9641113,458117.44
419,26156.41,20916.416,5.043733e+07,0.96425784,300250.56
420,27404.475,21565.223,4.9182136e+07,0.962793,373008.25
421,24811.547,21889.855,4.52124e+07,0.9611328,401959.22
422,16333.155,21334.186,4.347008e+07,0.9623047,167474.14
423,28739.266,22074.693,4.405824e+07,0.9614014,368931.06
424,17365.812,21603.805,4.1648036e+07,0.9619385,253172.22
425,14714.964,20914.92,4.1754284e+07,0.9582276,131341.22
426,13455.5,20168.979,4.258672e+07,0.9589844,119233.1
427,12178.182,19369.898,4.4074804e+07,0.95957035,123988.07
428,19161.56,19349.064,3.9671228e+07,0.9578369,174454.03
429,16547.87,19068.945,3.6410304e+07,0.9572754,164334.36
430,19303.453,19092.396,3.2774222e+07,0.95786136,282123.97
431,22451.008,19428.258,3.0512022e+07,0.9590576,249990.14
432,29441.121,20429.545,3.6483988e+07,0.9600586,464170.34
433,21605.707,20547.16,3.296009e+07,0.9599854,374751.16
434,16496.598,20142.104,3.1140716e+07,0.96237797,251431.34
435,29930.91,21120.984,3.665051e+07,0.9605225,384791.38
436,33023.15,22311.201,4.5734996e+07,0.959668,396685.22
437,16116.15,21691.695,4.4615572e+07,0.9617432,139962.22
438,24447.852,21967.31,4.083769e+07,0.9587647,302776.44
439,29041.367,22674.717,4.1257724e+07,0.95852053,402223.34
440,29789.441,23386.19,4.168769e+07,0.9565186,469822.34
441,25364.156,23583.986,3.787103e+07,0.9550781,339727.06
442,15951.297,22820.717,3.9327144e+07,0.9532715,199146.55
443,16226.157,22161.262,3.9308372e+07,0.9532959,138862.7
444,23541.12,22299.248,3.5548892e+07,0.95405275,332070.53
445,39942.766,24063.6,6.0010436e+07,0.95354,637510.44
446,14071.506,23064.39,6.299517e+07,0.9516846,153805.94
447,18660.852,22624.037,5.8440856e+07,0.9494141,234826.45
448,28549.893,23216.623,5.5757188e+07,0.95058596,373299.78
449,23202.234,23215.184,5.0181484e+07,0.95039064,357403.9
450,16252.92,22518.957,4.9525916e+07,0.9498047,141761.33
451,23777.654,22644.826,4.471591e+07,0.9473633,255948.31
452,10441.383,21424.482,5.3647484e+07,0.9504151,100138.73
453,14835.505,20765.584,5.2190052e+07,0.95039064,117731.414
454,9265.929,19615.62,5.887283e+07,0.9512451,90570.22
455,14682.321,19122.29,5.5175916e+07,0.9513184,150490.48
456,34514.414,20661.502,7.09809e+07,0.94899905,432807.88
457,19574.168,20552.77,6.3989212e+07,0.95271,241598.64
458,21447.56,20642.248,5.7662348e+07,0.95039064,366923.94
459,15523.6875,20130.393,5.4254084e+07,0.94895023,174813.52
460,9075.38,19024.89,5.982787e+07,0.9498779,76827.4
461,30144.395,20136.842,6.4972984e+07,0.94958496,514745.28
462,22130.645,20336.223,5.8833456e+07,0.9491455,356076.1
463,29262.346,21228.836,6.012092e+07,0.94746095,570504.8
464,9129.003,20018.854,6.728537e+07,0.9481934,72863.41
465,23754.584,20392.426,6.181284e+07,0.9471924,358801.4
466,30465.375,21399.72,6.4763344e+07,0.9451172,403427.22
467,17566.559,21016.404,5.9609388e+07,0.9477295,159778.97
468,11510.242,20065.79,6.1781484e+07,0.94516605,96178.16
469,16748.918,19734.102,5.659348e+07,0.9483887,236844.92
470,28993.809,20660.072,5.8650924e+07,0.9467285,398168.3
471,36215.504,22215.615,7.456326e+07,0.94687504,533358.4
472,47737.96,24767.85,1.2573204e+08,0.9442383,610781.7
473,27296.145,25020.68,1.13734136e+08,0.9452881,509265.3
474,35772.254,26095.838,1.1276439e+08,0.9447754,557031.94
475,44910.168,27977.271,1.33346056e+08,0.9437256,764727.44
476,21172.855,27296.83,1.24178456e+08,0.94416505,361483.06
477,17448.242,26311.97,1.20490136e+08,0.94353026,184247.38
478,20535.629,25734.336,1.1144407e+08,0.94240725,246042.58
479,27855.436,25946.445,1.0070458e+08,0.9439209,375091.4
480,22231.81,25574.982,9.1875976e+07,0.942334,346708.78
481,22845.82,25302.066,8.335873e+07,0.93837893,360423.84
482,20262.906,24798.15,7.730823e+07,0.94035643,342061.97
483,29074.621,25225.797,7.122335e+07,0.93947756,431485.8
484,11765.305,23879.748,8.0407656e+07,0.9428467,176065.14
485,25820.596,24073.832,7.27059e+07,0.9416748,413047.94
486,16671.607,23333.61,7.036668e+07,0.9392334,201201.2
487,22902.926,23290.541,6.3346708e+07,0.9389893,309866.06
488,18083.836,22769.871,5.9451916e+07,0.93735355,223824.95
489,16132.963,22106.18,5.7471092e+07,0.93979496,230309.4
490,13366.668,21232.229,5.85981e+07,0.936084,115411.31
491,22658.309,21374.836,5.2921324e+07,0.93288577,322297.9
492,20440.809,21281.434,4.7707708e+07,0.9322754,226279.47
493,24832.367,21636.527,4.4071756e+07,0.93242186,318086.28
494,13710.395,20843.914,4.53187e+07,0.9298828,260961.89
495,15135.863,20273.11,4.3719196e+07,0.92976075,157586.45
496,24302.922,20676.09,4.080882e+07,0.929834,278739.22
497,31384.656,21746.947,4.7048544e+07,0.9310547,401172.88
498,25780.502,22150.303,4.3807948e+07,0.93327636,382951.53
499,15613.412,21496.613,4.3272936e+07,0.9361572,298154.84
500,21629.97,21509.95,3.8947244e+07,0.9348389,305174.03
501,19323.75,21291.33,3.548267e+07,0.91430664,314518.2
502,15458.087,20708.006,3.499681e+07,0.912793,130229.484
503,10885.957,19725.8,4.0179664e+07,0.91535646,74603.875
504,17591.008,19512.322,3.657186e+07,0.9032715,211499.38
505,15445.878,19105.678,3.4402908e+07,0.9000244,132261.28
506,15762.034,18771.312,3.1968812e+07,0.8895752,206773.9
507,19705.986,18864.78,2.8850556e+07,0.87524414,315371.53
508,24708.2,19449.121,2.90386e+07,0.88039553,312523.62
509,21088.227,19613.031,2.6376538e+07,0.88857424,356993.75
510,18372.395,19488.967,2.387741e+07,0.8970215,413617.53
511,28922.96,20432.367,2.9499692e+07,0.8755371,482953.28
512,19086.977,20297.828,2.671263e+07,0.84572756,410926.78
513,21612.393,20429.285,2.4196894e+07,0.84653324,257246.73
514,17712.484,20157.605,2.2441494e+07,0.84848636,330763.38
515,26121.02,20753.947,2.339795e+07,0.84638673,365493.97
516,22262.77,20904.83,2.1263044e+07,0.8650635,301353.6
517,19911.12,20805.459,1.922561e+07,0.87199706,361624.7
518,21644.262,20889.34,1.736637e+07,0.85642093,378472.34
519,26093.406,21409.746,1.806714e+07,0.8340576,408833.4
520,20933.285,21362.1,1.6280857e+07,0.8386963,308747.16
521,35968.61,22822.75,3.3854284e+07,0.85715336,539491.3
522,17810.906,22321.566,3.2729526e+07,0.84138185,277852.78
523,13989.875,21488.396,3.5704108e+07,0.83095706,139459.7
524,28848.078,22224.365,3.700854e+07,0.81762695,525646.2
525,19505.953,21952.523,3.3972764e+07,0.807666,349525.84
526,28099.982,22567.27,3.39767e+07,0.81528324,373822.7
527,22949.129,22605.455,3.0592152e+07,0.79135746,325448.28
528,22502.725,22595.182,2.7533886e+07,0.7870361,377655.62
529,17988.535,22134.518,2.6690404e+07,0.7910156,287966.3
530,22324.46,22153.512,2.402461e+07,0.77580565,442060.44
531,16536.54,21591.814,2.4461682e+07,0.77111816,225437.14
532,13066.021,20739.234,2.8557536e+07,0.7919678,142746.12
533,22202.986,20885.61,2.5894612e+07,0.7976807,378837.53
534,9906.192,19787.668,3.415443e+07,0.8048828,86039.89
535,16268.813,19435.783,3.1853396e+07,0.8244141,286958.9
536,24033.418,19895.547,3.0570498e+07,0.7858154,337422.56
537,18296.062,19735.598,2.77437e+07,0.7931885,273463.2
538,19958.406,19757.879,2.4973796e+07,0.8158936,206976.97
539,18427.059,19624.797,2.2635814e+07,0.83286136,275234.62
540,14991.787,19161.496,2.2304062e+07,0.8304688,160292.02
541,19957.863,19241.133,2.0130734e+07,0.8400391,432587.47
542,26414.223,19958.441,2.274845e+07,0.84775394,473551.66
543,16057.834,19568.38,2.1842932e+07,0.8516602,197028.84
544,19867.861,19598.328,1.966671e+07,0.7987305,364250.28
545,24935.14,20132.01,2.026338e+07,0.78977054,409651.8
546,22376.773,20356.486,1.8690548e+07,0.79067385,256722.39
547,13853.487,19706.186,2.0627502e+07,0.7790039,106179.234
548,23693.273,20104.895,1.9995468e+07,0.7805664,435536.4
549,16554.836,19749.889,1.9130184e+07,0.7632813,239402.16
550,21938.629,19968.762,1.7648318e+07,0.78115237,336264.0
551,15864.815,19558.367,1.73993e+07,0.76518553,222128.86
552,12242.518,18826.781,2.0476318e+07,0.747876,110817.81
553,28303.34,19774.438,2.6511152e+07,0.7494629,396064.2
554,30302.89,20827.283,3.3836384e+07,0.7681152,392711.16
555,16066.65,20351.22,3.2492472e+07,0.7723633,231963.1
556,47011.336,23017.232,9.3211784e+07,0.76799315,738919.7
557,14774.235,22192.934,9.000584e+07,0.7437256,275223.34
558,14233.443,21396.984,8.670707e+07,0.756543,177661.38
559,12840.719,20541.357,8.462523e+07,0.78525394,183602.84
560,23587.164,20845.938,7.699763e+07,0.7725342,454242.5
561,25277.988,21289.143,7.106574e+07,0.7780518,414169.06
562,36721.523,22832.38,8.539342e+07,0.7542481,553656.75
563,31115.57,23660.7,8.302909e+07,0.7589844,461309.53
564,12377.549,22532.385,8.618403e+07,0.7614258,124039.31
565,15611.609,21840.307,8.187637e+07,0.76506346,293476.5
566,26514.578,22307.734,7.565512e+07,0.77038574,516597.25
567,14639.967,21540.957,7.338112e+07,0.76601565,181944.56
568,12489.594,20635.82,7.3416456e+07,0.7469727,180148.11
569,12377.223,19809.96,7.221321e+07,0.71467286,125018.06
570,14260.395,19255.004,6.776368e+07,0.7286865,169855.6
571,17642.004,19093.703,6.1221468e+07,0.70180666,252362.48
572,18232.125,19007.545,5.516613e+07,0.7251465,345534.1
573,9933.22,18100.113,5.7060416e+07,0.6990723,104036.71
574,19609.098,18251.012,5.1559308e+07,0.6984863,405144.78
575,20837.277,18509.639,4.7005364e+07,0.7155762,286581.66
576,20330.125,18691.688,4.26031e+07,0.67280275,282959.34
577,11601.423,17982.66,4.2867256e+07,0.67297363,146789.64
578,22223.287,18406.723,4.019899e+07,0.6684082,345156.75
579,10226.541,17588.705,4.2201476e+07,0.6770264,89897.41
580,26974.352,18527.27,4.590946e+07,0.6474854,339599.38
581,12624.259,17936.969,4.445461e+07,0.6616699,172542.16
582,9756.018,17118.873,4.6032664e+07,0.63237303,144320.33
583,15556.731,16962.658,4.164902e+07,0.64208984,155879.36
584,22961.23,17562.516,4.0722576e+07,0.6239746,417201.4
585,19028.895,17709.154,3.6843844e+07,0.5915039,324901.84
586,10346.275,16972.867,3.803854e+07,0.57395023,128588.0
587,26291.668,17904.748,4.205029e+07,0.55375975,407294.16
588,20084.406,18122.715,3.827284e+07,0.5287598,262905.0
589,10098.341,17320.277,4.0240704e+07,0.53701174,82666.05
590,19860.74,17574.324,3.679749e+07,0.5215088,306252.7
591,16111.346,17428.027,3.3310368e+07,0.50373536,332743.97
592,11126.293,16797.854,3.3553396e+07,0.53159183,148759.92
593,19157.7,17033.838,3.0699254e+07,0.4990967,361520.1
594,10588.521,16389.307,3.1368116e+07,0.5068604,156528.3
595,10927.871,15843.163,3.0915758e+07,0.5108399,124995.1
596,17540.623,16012.909,2.8083506e+07,0.48708495,254906.11
597,15582.717,15969.89,2.529181e+07,0.45961913,213153.31
598,25909.01,16963.8,3.1653378e+07,0.4723633,336387.5
599,10446.737,16312.095,3.2310528e+07,0.44672853,115809.93
600,8517.41,15532.626,3.4547616e+07,0.44785157,102920.97
601,19402.617,15919.625,3.244077e+07,0.4477051,385885.84
602,16406.52,15968.314,2.9218028e+07,0.45454103,269667.5
603,23094.86,16680.969,3.0867112e+07,0.45610353,441482.34
604,15831.697,16596.041,2.7845314e+07,0.47104493,264914.84
605,6290.062,15565.443,3.461997e+07,0.46225587,57201.61
606,17638.47,15772.746,3.154474e+07,0.44504395,300143.03
607,11182.4795,15313.72,3.0286616e+07,0.4189209,119147.96
608,24943.451,16276.693,3.560381e+07,0.41220704,381801.75
609,17076.3,16356.654,3.2100968e+07,0.39555666,312151.34
610,9881.061,15709.095,3.266487e+07,0.39897463,119641.43
611,12786.377,15416.823,3.0167188e+07,0.38544923,271094.03
612,20814.027,15956.544,2.9772152e+07,0.3760254,362610.03
613,9164.975,15277.387,3.0946222e+07,0.3713623,138429.28
614,6561.4395,14405.792,3.4688696e+07,0.35354003,52515.715
615,20960.18,15061.23,3.5086224e+07,0.33444825,353441.6
616,9998.888,14554.996,3.388406e+07,0.3196045,116620.71
617,13585.167,14458.014,3.0580304e+07,0.29829103,262635.03
618,18227.105,14834.923,2.8800818e+07,0.2972168,287090.94
619,16892.408,15040.672,2.6301728e+07,0.27858886,435212.56
620,21654.65,15702.069,2.760858e+07,0.28596193,456655.7
621,30258.457,17157.709,4.391768e+07,0.27604982,511787.4
622,6618.7065,16103.809,4.952226e+07,0.27143556,96924.016
623,15652.142,16058.642,4.458839e+07,0.2730713,165546.95
624,12472.295,15700.007,4.128712e+07,0.26467285,186164.45
625,15256.123,15655.618,3.717614e+07,0.2786133,234845.66
626,6262.9375,14716.35,4.1398544e+07,0.26369628,47037.85
627,13268.692,14571.584,3.7447304e+07,0.2685547,191545.72
628,7956.6763,13910.093,3.7640704e+07,0.25114748,89399.65
629,15443.368,14063.42,3.4088216e+07,0.26132813,171879.98
630,4503.6323,13107.441,3.8904452e+07,0.2614746,25704.012
631,15900.064,13386.704,3.5715896e+07,0.26652834,215187.19
632,14896.768,13537.711,3.234953e+07,0.27033693,335251.3
633,9815.066,13165.446,3.0361806e+07,0.26972657,135865.4
634,19705.326,13819.435,3.1174926e+07,0.28046876,281945.44
635,14319.415,13869.433,2.807993e+07,0.27189943,223859.48
636,10769.946,13559.484,2.613655e+07,0.25314942,247812.7
637,13828.573,13586.394,2.352941e+07,0.25139162,393238.62
638,11353.475,13363.102,2.1625202e+07,0.24648438,139058.62
639,17064.29,13733.221,2.0695572e+07,0.24562989,234397.3
640,7259.042,13085.803,2.2398364e+07,0.25405273,73667.24
641,22665.95,14043.817,2.8418654e+07,0.25732422,479954.4
642,16160.579,14255.493,2.598005e+07,0.25056154,330851.5
643,15186.33,14348.577,2.3460026e+07,0.25231934,244788.23
644,11208.5625,14034.576,2.2001396e+07,0.25402832,136367.89
645,8280.336,13459.152,2.278127e+07,0.25385743,81800.55
646,13553.216,13468.559,2.0503938e+07,0.24382325,206184.48
647,17544.219,13876.125,1.9948534e+07,0.25046387,367059.34
648,10437.521,13532.265,1.901784e+07,0.25349122,110849.96
649,14495.421,13628.58,1.7199546e+07,0.24038087,257980.86
650,10072.479,13272.97,1.6617718e+07,0.25666505,145476.81
651,5948.0737,12540.48,1.9784814e+07,0.2563965,66826.484
652,17015.242,12987.957,1.9608448e+07,0.24077149,290885.2
653,17356.41,13424.803,1.9365106e+07,0.23481445,283256.97
654,21818.207,14264.144,2.3769026e+07,0.22951661,450203.25
655,12262.928,14064.021,2.175256e+07,0.23115234,163108.88
656,5621.7275,13219.792,2.5991812e+07,0.22319336,72071.734
657,20309.3,13928.743,2.7916132e+07,0.21799317,337901.7
658,7640.6235,13299.932,2.8683158e+07,0.22104493,85064.48
659,12783.236,13248.262,2.583887e+07,0.21931152,233691.45
660,12638.027,13187.238,2.3288496e+07,0.22731934,243855.86
661,9767.166,12845.231,2.2012366e+07,0.23100586,112382.086
662,10750.119,12635.721,2.0206184e+07,0.21860352,169184.92
663,18346.836,13206.832,2.112108e+07,0.21655273,390132.84
664,22464.459,14132.595,2.67223e+07,0.21059571,334810.22
665,9786.652,13698.0,2.574992e+07,0.19953613,113155.62
666,10513.378,13379.538,2.4087692e+07,0.19384766,167275.14
667,7732.4727,12814.832,2.4548962e+07,0.18483888,160178.44
668,8065.3633,12339.885,2.4124236e+07,0.18308106,72690.375
669,6250.757,11730.972,2.5048784e+07,0.18171386,51206.484
670,8533.779,11411.252,2.3463888e+07,0.18483888,106935.07
671,9310.52,11201.179,2.1514676e+07,0.18762207,200651.45
672,9546.061,11035.667,1.9609756e+07,0.18259278,96767.5
673,4493.717,10381.472,2.150052e+07,0.18779297,36189.836
674,12305.861,10573.91,1.9683762e+07,0.1854248,234176.34
675,4838.666,10000.386,2.0675758e+07,0.18149415,52949.297
676,9021.762,9902.523,1.8694374e+07,0.18127441,118959.09
677,5362.8457,9448.556,1.8679718e+07,0.18061523,46975.707
678,19348.7,10438.57,2.5632902e+07,0.17910157,426551.53
679,9646.935,10359.406,2.3126012e+07,0.17873536,144888.52
680,15596.094,10883.075,2.3281472e+07,0.1833252,390871.78
681,9595.9,10754.357,2.1102438e+07,0.18303223,175157.34
682,8193.452,10498.267,1.9582436e+07,0.17971192,154082.44
683,5941.7324,10042.613,1.9492772e+07,0.17561035,66521.27
684,14781.056,10516.457,1.956425e+07,0.17109375,274360.22
685,20734.574,11538.269,2.7004718e+07,0.17033692,337333.88
686,12678.887,11652.33,2.4421336e+07,0.16923828,228290.69
687,10963.953,11583.492,2.202185e+07,0.16171876,185755.1
688,12909.2,11716.0625,1.997784e+07,0.16308594,163408.19
689,12634.18,11807.874,1.805592e+07,0.16166992,233033.69
690,10221.411,11649.228,1.6476845e+07,0.16354981,148550.2
691,7951.1763,11279.423,1.6059963e+07,0.16550294,134431.67
692,16508.3,11802.311,1.6914672e+07,0.16354981,332188.3
693,20665.602,12688.64,2.2293418e+07,0.16020508,402195.5
694,7560.675,12175.843,2.2430718e+07,0.16271973,77961.85
695,7069.6235,11665.221,2.2534258e+07,0.15668945,62668.91
696,6819.1357,11180.612,2.239444e+07,0.1538086,78003.266
697,19441.012,12006.652,2.6296074e+07,0.15507813,445333.3
698,6699.837,11475.971,2.6201072e+07,0.15532227,68956.95
699,7263.9824,11054.771,2.517764e+07,0.1552246,105291.445
700,6504.132,10599.707,2.4523624e+07,0.14602052,83755.414
701,11247.25,10664.461,2.2109e+07,0.15080567,152009.3
702,8944.767,10492.491,2.016426e+07,0.14423828,133258.38
703,9593.024,10402.545,1.8220648e+07,0.13867188,199753.48
704,10759.006,10438.191,1.6410018e+07,0.1381836,170880.53
705,6546.3994,10049.012,1.6132159e+07,0.1383789,175164.2
706,10669.123,10111.022,1.4553551e+07,0.13703613,228783.02
707,5064.2144,9606.342,1.539052e+07,0.13146973,52565.996
708,3411.9016,8986.897,1.7304866e+07,0.13151856,30073.305
709,7351.749,8823.383,1.5815014e+07,0.13303223,117791.664
710,4952.964,8436.341,1.5581725e+07,0.12282715,44017.04
711,5901.7437,8182.881,1.4601728e+07,0.1222168,84352.76
712,7256.176,8090.2104,1.3218845e+07,0.11875,73417.195
713,3496.9946,7630.8887,1.3795747e+07,0.115161136,32840.504
714,12146.143,8082.414,1.4251049e+07,0.116918944,267461.6
715,13325.068,8606.68,1.5299632e+07,0.11489258,329455.44
716,10373.09,8783.32,1.4050486e+07,0.11103516,163000.38
717,11024.501,9007.438,1.3097497e+07,0.1116211,190512.55
718,5705.232,8677.218,1.2769158e+07,0.10407715,71929.85
719,16260.723,9435.568,1.66681e+07,0.10803223,351389.12
720,5333.1836,9025.33,1.651595e+07,0.11394043,74015.734
721,15489.834,9671.78,1.8625438e+07,0.11071777,389676.25
722,7631.2783,9467.73,1.7137622e+07,0.113623045,138879.61
723,9496.322,9470.59,1.5423933e+07,0.11030274,206869.9
724,7219.332,9245.464,1.4337674e+07,0.10725098,178082.78
725,4020.288,8722.946,1.5361128e+07,0.09938965,48169.0
726,3458.64,8196.516,1.6319178e+07,0.10449219,37737.156
727,7570.804,8133.9443,1.4722496e+07,0.101904295,81449.62
728,5642.4307,7884.793,1.3808934e+07,0.09689941,68720.82
729,8146.1885,7910.9326,1.243419e+07,0.095385745,126609.53
730,4343.502,7554.1895,1.2336161e+07,0.093603514,59136.973
731,17242.627,8523.033,1.955047e+07,0.09584961,398430.06
732,4143.965,8085.1265,1.9321284e+07,0.09416504,57231.086
733,4102.881,7686.902,1.88164e+07,0.08786621,36931.473
734,6888.173,7607.029,1.6992176e+07,0.08498535,115642.07
735,11556.96,8002.022,1.6697134e+07,0.08337402,220648.67
736,8841.917,8086.0117,1.5090908e+07,0.08493652,239583.48
737,3852.891,7662.6997,1.5194556e+07,0.08383789,58566.504
738,6538.5195,7550.2817,1.378884e+07,0.08356934,136250.0
739,24233.08,9218.562,3.7458372e+07,0.08105469,523778.88
740,13101.209,9606.826,3.506928e+07,0.07946777,443492.0
741,6492.132,9295.356,3.243547e+07,0.08085938,104131.484
742,10706.857,9436.507,2.9371232e+07,0.08300781,293172.34
743,9616.193,9454.476,2.6437014e+07,0.08444824,237148.11
744,3803.4697,8889.375,2.666736e+07,0.08234864,41763.902
745,8135.3633,8813.974,2.4051792e+07,0.078149416,228925.5
746,4244.023,8356.979,2.3526212e+07,0.078100584,55889.844
747,3814.0386,7902.6846,2.3031038e+07,0.07563477,70961.58
748,2666.2222,7379.038,2.3195782e+07,0.07497559,22123.2
749,8112.257,7452.36,2.0924588e+07,0.073803715,151402.89
750,6113.2373,7318.4478,1.899352e+07,0.07116699,114860.445
751,6346.0605,7221.209,1.7179266e+07,0.07646485,141091.56
752,3731.4556,6872.2334,1.6557393e+07,0.07509766,44081.3
753,10060.336,7191.0435,1.5816412e+07,0.07700195,270142.84
754,6534.417,7125.381,1.4273575e+07,0.07866211,111616.68
755,8709.999,7283.843,1.3072208e+07,0.074292,215291.27
756,14605.316,8015.99,1.6589345e+07,0.0748291,453249.34
757,19048.889,9119.28,2.5885648e+07,0.074072264,522352.12
758,8199.721,9027.324,2.3373184e+07,0.073559575,210959.23
759,2523.3271,8376.925,2.4843044e+07,0.07316895,23138.904
760,8060.663,8345.299,2.236774e+07,0.070776366,222551.11
761,3640.109,7874.78,2.212346e+07,0.074316405,55050.16
762,2016.128,7288.9146,2.3000256e+07,0.07192383,13452.054
763,2051.0679,6765.13,2.3169384e+07,0.070654295,16515.014
764,1815.8193,6270.1987,2.3057056e+07,0.06921387,11550.486
765,2937.563,5936.935,2.1750932e+07,0.061694335,41245.52
766,4997.286,5842.97,1.9655302e+07,0.06257325,75953.3
767,7087.886,5967.462,1.7829256e+07,0.059326172,131042.49
768,3960.7769,5766.7935,1.640874e+07,0.057495117,54092.242
769,3313.94,5521.5083,1.5309351e+07,0.05690918,34393.156
770,4424.097,5411.767,1.3886803e+07,0.053491212,53291.043
771,8661.181,5736.7085,1.3448404e+07,0.060888674,256681.25
772,17426.648,6905.7026,2.4402484e+07,0.05551758,448761.66
773,4050.6643,6620.1987,2.2695846e+07,0.055737305,66447.37
774,2546.7793,6212.857,2.1919608e+07,0.057617188,26752.037
775,8437.092,6435.2803,2.0172896e+07,0.05666504,236902.4
776,10787.648,6870.517,1.9860484e+07,0.05576172,259552.0
777,2581.171,6441.5825,1.95303e+07,0.053564455,46555.145
778,4077.2266,6205.147,1.8080386e+07,0.053125,51248.965
779,6928.125,6277.445,1.631939e+07,0.05407715,101663.766
780,3133.5703,5963.0576,1.5577005e+07,0.053759765,46977.18
781,3257.9517,5692.547,1.4677888e+07,0.054589845,50414.23
782,3419.143,5465.2065,1.3675251e+07,0.054980468,40591.12
783,5867.537,5505.4395,1.2322294e+07,0.05214844,138942.67
784,3367.662,5291.6616,1.1501372e+07,0.050439455,47298.387
785,1660.898,4928.5854,1.1537654e+07,0.05087891,9774.26
786,4505.9355,4886.3203,1.0399965e+07,0.05012207,100731.836
787,2234.1592,4621.104,9.993025e+06,0.049536135,33804.668
788,3258.8877,4484.8823,9.160729e+06,0.0472168,51270.52
789,1451.7135,4181.5654,9.072666e+06,0.044018555,7791.614
790,5513.2183,4314.7305,8.324996e+06,0.04306641,148500.23
791,5566.695,4439.927,7.633563e+06,0.046142578,150760.19
792,5597.536,4555.6875,6.990812e+06,0.044750977,151787.77
793,9492.183,5049.337,8.484939e+06,0.04506836,231462.2
794,8322.176,5376.6206,8.600477e+06,0.045410156,207137.42
795,3567.1753,5195.6763,8.035097e+06,0.046142578,59314.734
796,3178.0908,4993.918,7.5979455e+06,0.04345703,48558.906
797,2610.1982,4755.546,7.3495415e+06,0.041796874,41392.918
798,2271.5415,4507.1455,7.169912e+06,0.0394043,31848.727
799,9275.11,4983.942,8.498935e+06,0.041088868,289740.16
800,10041.337,5489.6816,9.950994e+06,0.038964845,291999.72
801,4068.3296,5347.5464,9.137716e+06,0.041015625,87146.57
802,2341.8628,5046.978,9.037016e+06,0.043945312,26100.082
803,2137.512,4756.0312,8.895163e+06,0.03803711,40391.215
804,1925.1555,4472.944,8.726894e+06,0.038378906,17150.328
805,2193.3975,4244.9893,8.321874e+06,0.037744142,49804.184
806,4204.4463,4240.935,7.4898345e+06,0.037475586,71158.875
807,3655.3052,4182.372,6.7717175e+06,0.035107423,58390.266
808,7472.892,4511.424,7.069023e+06,0.036328126,155419.81
809,3515.414,4411.8228,6.4514035e+06,0.0357666,62940.195
810,3459.9932,4316.6396,5.887801e+06,0.033447266,55428.176
811,4630.7334,4348.049,5.3078995e+06,0.038305666,95425.48
812,7671.9614,4680.44,5.771465e+06,0.036450196,200372.7
813,4209.005,4633.2964,5.214321e+06,0.035449218,87933.805
814,5814.1055,4751.3774,4.8183765e+06,0.033251952,133388.06
815,3557.0098,4631.9404,4.464925e+06,0.034301758,80606.25
816,3879.9302,4556.7393,4.0693292e+06,0.03322754,84723.51
817,3925.3152,4493.5967,3.698279e+06,0.035473634,83606.98
818,1638.8871,4208.126,4.0618938e+06,0.03359375,16422.607
819,1179.2023,3905.2336,4.4813985e+06,0.03449707,8120.68
820,3304.101,3845.1204,4.065781e+06,0.03474121,80407.414
821,3160.539,3776.662,3.7013815e+06,0.036206055,78889.66
822,1578.9701,3556.8928,3.7659298e+06,0.03388672,18170.537
823,4475.9707,3648.8005,3.4653602e+06,0.03491211,124860.734
824,1355.5269,3419.4731,3.5921435e+06,0.035327148,10600.85
825,7218.5654,3799.3823,4.5319085e+06,0.031689454,265496.62
826,1134.3923,3532.8833,4.717913e+06,0.03339844,8712.949
827,1133.6346,3292.9585,4.764197e+06,0.031323243,6457.554
828,973.7959,3061.0422,4.7718435e+06,0.031201173,4588.0557
829,9286.38,3683.5762,7.782594e+06,0.03251953,380813.53
830,2143.1384,3529.5325,7.2179e+06,0.033666994,48231.215
831,3588.2183,3535.4011,6.49642e+06,0.034082033,97012.336
832,10760.072,4257.868,1.0544406e+07,0.034106445,356342.78
833,2160.0286,4048.0842,9.886049e+06,0.03161621,23977.895
834,2147.1658,3857.9924,9.222658e+06,0.0315918,23840.162
835,3774.2402,3849.6172,8.301023e+06,0.03134766,119697.75
836,3769.4817,3841.6035,7.4714985e+06,0.030249024,119645.17
837,1859.5896,3643.402,7.0779025e+06,0.029638672,31408.916
838,1591.2852,3438.1904,6.7491185e+06,0.030932618,24182.848
839,2642.4731,3358.6187,6.1311915e+06,0.028979493,51747.477
840,1899.2351,3212.6802,5.709754e+06,0.029418945,29826.895
841,2777.6997,3169.1821,5.1558075e+06,0.03112793,42920.652
842,3677.064,3219.9702,4.6634415e+06,0.030883789,54136.06
843,2327.589,3130.7322,4.2687685e+06,0.030712891,34565.57
844,2312.6614,3048.925,3.9021232e+06,0.031298827,53926.312
845,1923.3328,2936.3657,3.625937e+06,0.029907227,18797.59
846,1407.6072,2783.4897,3.4736825e+06,0.030908203,13584.439
847,2327.398,2737.8806,3.145036e+06,0.029760743,37543.586
848,8096.238,3273.7163,5.414612e+06,0.031298827,298289.72
849,1438.6549,3090.2102,5.176221e+06,0.028125001,12265.4795
850,1190.2977,2900.219,4.983469e+06,0.028076172,10724.273
851,2039.6432,2814.1614,4.551775e+06,0.031420898,42999.363
852,7623.331,3295.0784,6.1781275e+06,0.030859375,264243.44
853,1757.068,3141.2773,5.7732075e+06,0.030761719,45158.332
854,1067.4131,2933.8909,5.582969e+06,0.030273438,9200.28
855,912.2196,2731.7236,5.392516e+06,0.03190918,4625.603
856,1962.0193,2654.7532,4.9065845e+06,0.030541992,44154.4
857,1459.2104,2535.199,4.544565e+06,0.031982422,19857.402
858,1762.1267,2457.8918,4.143896e+06,0.030688478,22377.504
859,1602.812,2372.3838,3.7953108e+06,0.029907227,21965.4
860,1459.8278,2281.1282,3.4907278e+06,0.030273438,19858.979
861,1448.8961,2197.905,3.2039898e+06,0.0326416,20464.143
862,934.14526,2071.529,3.0273285e+06,0.03146973,5948.7803
863,1170.0276,1981.3789,2.797739e+06,0.03286133,11677.1045
864,929.61707,1876.2028,2.6175232e+06,0.03010254,5573.6836
865,1090.136,1797.5961,2.4113818e+06,0.031103516,9751.184
866,1442.9753,1762.134,2.1815615e+06,0.03288574,19575.465
867,1234.2689,1709.3475,1.9884831e+06,0.030883789,15712.835
868,1282.7443,1666.6873,1.8060139e+06,0.030786132,13492.276
869,1274.6448,1627.483,1.6392452e+06,0.030810548,12599.051
870,998.98663,1564.6334,1.5108714e+06,0.03244629,8978.791
871,1130.3076,1521.2008,1.3767618e+06,0.036132812,10465.34
872,952.2342,1464.3042,1.2682206e+06,0.033300783,8673.86
873,694.0236,1387.2761,1.1947985e+06,0.032910157,2778.9243
874,831.3241,1331.6809,1.103136e+06,0.033691406,4865.05
875,1561.7136,1354.6842,997584.75,0.034985352,26858.57
876,2687.4265,1487.9585,1.0576845e+06,0.03474121,60933.94
877,4926.715,1831.8341,2.01617e+06,0.034643557,182036.61
878,4820.363,2130.687,2.6183705e+06,0.034277346,182025.92
879,872.5442,2004.8727,2.4989965e+06,0.033911135,7374.428
880,9604.456,2764.831,7.446927e+06,0.034301758,401056.84
881,895.5556,2577.9036,7.016711e+06,0.03598633,7448.6777
882,964.4982,2416.563,6.5493165e+06,0.036621094,9175.134
883,919.21844,2266.8286,6.0961685e+06,0.036572266,9019.638
884,834.76306,2123.622,5.6711245e+06,0.036132812,4612.1436
885,893.83325,2000.6432,5.240126e+06,0.038476564,5634.6826
886,1288.8369,1929.4625,4.7617135e+06,0.03857422,13180.7
887,1304.9996,1867.0162,4.320638e+06,0.039453126,14924.68
888,1467.1624,1827.0309,3.9029638e+06,0.038623046,15660.158
889,3291.6316,1973.491,3.7057222e+06,0.041430663,56340.44
890,1118.5837,1888.0002,3.400928e+06,0.040649414,15040.972
891,887.9198,1787.9922,3.1508495e+06,0.042895507,7977.559
892,1735.5543,1782.7484,2.836012e+06,0.042504884,37845.16
893,1122.826,1716.7562,2.5916055e+06,0.042797852,11099.94
894,1233.5042,1668.431,2.3534628e+06,0.041308593,13842.094
895,1428.015,1644.3894,2.1233185e+06,0.04206543,24981.834
896,1099.5743,1589.908,1.9377006e+06,0.043530274,21715.764
897,902.8175,1521.199,1.786419e+06,0.041235354,7511.909
898,761.50684,1445.2297,1.659719e+06,0.043481447,5985.0454
899,622.9665,1363.0034,1.5545976e+06,0.0440918,2429.7427
900,587.5043,1285.4535,1.4532638e+06,0.04470215,1450.3391
901,698.0224,1226.7103,1.3389941e+06,0.04685059,3190.8257
902,791.00995,1183.1403,1.2221799e+06,0.048706055,5284.4424
903,765.07416,1141.3336,1.115692e+06,0.049731445,5430.0176
904,859.64886,1113.1652,1.01126394e+06,0.049609374,6955.1216
905,681.7668,1070.0253,926886.94,0.049609374,5213.0474
906,643.9527,1027.418,850536.6,0.049316406,3810.999
907,1472.7745,1071.9536,783333.75,0.049487304,35431.95
908,598.2716,1024.5854,725194.06,0.04938965,2309.0786
909,703.2723,992.4541,661966.44,0.052368164,3920.7046
910,1240.5829,1017.26697,601310.94,0.050952148,19956.148
911,3879.5784,1303.4982,1.2785344e+06,0.05683594,119827.62
912,677.6848,1240.9169,1.1859288e+06,0.056518555,3961.821
913,4655.868,1582.412,2.1169062e+06,0.057397462,183759.83
914,651.3257,1489.3033,1.9832386e+06,0.05588379,5914.0293
915,958.95306,1436.2683,1.8102291e+06,0.056494143,11470.978
916,750.82135,1367.7236,1.6714915e+06,0.05644531,9485.9795
917,706.5816,1301.6094,1.5436821e+06,0.05942383,6944.7456
918,780.52295,1249.5007,1.4137518e+06,0.061010744,7297.195
919,1251.2192,1249.6726,1.2723768e+06,0.06640625,25005.574
920,571.72864,1181.8782,1.1865038e+06,0.06342774,1857.631
921,838.83453,1147.5739,1.0784444e+06,0.06845703,13202.846
922,753.25867,1108.1423,984593.56,0.069970705,6631.3975
923,1957.8088,1193.109,951108.2,0.07109375,38962.086
924,621.4838,1135.9465,885405.4,0.06809082,3791.7622
925,480.32755,1070.3846,835550.06,0.06945801,706.3404
926,779.5977,1041.3059,759605.1,0.07514649,8816.475
927,1687.2035,1105.8956,721191.1,0.0748291,48846.812
928,657.0074,1061.0068,667207.06,0.07126465,3756.8687
929,1138.3407,1068.7402,601024.6,0.07055664,18232.797
930,4612.9854,1423.1648,1.6714728e+06,0.070214845,176634.67
931,856.4612,1366.4944,1.5332291e+06,0.07680664,8784.273
932,588.4098,1288.6859,1.4343936e+06,0.07729492,2613.851
933,582.7706,1218.0944,1.3358028e+06,0.07646485,2382.8245
934,735.54956,1169.8398,1.223179e+06,0.07741699,9485.459
935,899.7032,1142.8262,1.1074288e+06,0.076416016,8201.25
936,1235.402,1152.0837,997457.1,0.07446289,22648.45
937,874.4038,1124.3158,904650.94,0.076171875,10028.029
938,713.306,1083.2148,829389.44,0.074121095,3825.3054
939,661.49097,1041.0425,762457.06,0.07260742,3242.691
940,954.7001,1032.4082,686882.3,0.072314456,17550.248
941,970.64923,1026.2323,618537.4,0.07832032,17541.44
942,763.0568,999.91473,562917.1,0.07836914,6066.0957
943,736.8173,973.605,512855.2,0.07961426,6057.9033
944,668.2743,943.0719,469960.06,0.0798584,6124.5684
945,504.2459,899.18933,440295.2,0.08066406,1401.5884
946,739.7598,883.2464,398553.25,0.08562012,6493.405
947,763.19653,871.2414,359994.97,0.081445314,7275.911
948,570.1551,841.13275,332154.22,0.08461914,2807.051
949,2088.2935,965.8488,438925.66,0.085766606,58956.656
950,2005.2522,1069.7892,492265.4,0.08815918,50320.855
951,1011.2747,1063.9377,443347.03,0.085278325,14258.421
952,564.7731,1014.0213,421437.2,0.08537598,3164.2017
953,722.96375,984.9155,386917.75,0.08842774,10683.807
954,471.78738,933.6027,371923.03,0.083984375,1627.7023
955,557.27466,895.9699,347476.78,0.09335937,4115.743
956,9237.857,1730.1587,6.575567e+06,0.09416504,382688.47
957,1541.7499,1711.3179,5.921205e+06,0.09255371,28852.432
958,460.7057,1586.2566,5.469847e+06,0.09516602,1214.5387
959,441.4925,1471.7802,5.040806e+06,0.10031738,1083.2502
960,549.92377,1379.5945,4.613209e+06,0.097070314,6128.8047
961,418.66766,1283.5018,4.234992e+06,0.10668945,711.0217
962,747.3433,1229.886,3.8373645e+06,0.109594725,12216.802
963,1024.6582,1209.3632,3.4574185e+06,0.10856934,21788.479
964,666.7347,1155.1003,3.1381765e+06,0.10949707,8366.602
965,542.44507,1093.8348,2.85814e+06,0.11040039,3727.8796
966,422.4248,1026.6938,2.6128972e+06,0.107788086,938.7508
967,498.45724,973.8702,2.3767205e+06,0.11345215,4800.5415
968,474.52716,923.93585,2.1614892e+06,0.113183595,3311.8022
969,959.2799,927.4703,1.9454528e+06,0.113110356,21029.598
970,433.672,878.09045,1.7728528e+06,0.114868164,1332.5073
971,447.0393,834.98535,1.6122899e+06,0.12675782,1888.3306
972,525.4523,804.03204,1.4596839e+06,0.12651367,2803.9065
973,521.34424,775.76324,1.3209076e+06,0.12790528,3047.3477
974,407.86346,738.97327,1.2009984e+06,0.13027345,820.17804
975,838.52374,748.92834,1.0817904e+06,0.13222657,16701.932
976,8149.505,1488.9861,5.9027795e+06,0.13044433,296986.16
977,493.10275,1389.3977,5.401762e+06,0.12402344,2378.457
978,683.0892,1318.7668,4.906484e+06,0.12546387,10041.026
979,476.1692,1234.5071,4.479733e+06,0.12578125,2902.153
980,388.80258,1149.9366,4.096129e+06,0.12912598,750.93756
981,378.1682,1072.7598,3.7401225e+06,0.1489502,781.3716
982,383.9923,1003.883,3.4088062e+06,0.14970703,784.4663
983,350.78424,938.5731,3.106314e+06,0.16008301,299.6726
984,529.1618,897.63196,2.810768e+06,0.16340332,6033.4927
985,503.89667,858.2584,2.5436435e+06,0.16337891,3165.179
986,2387.9568,1011.2283,2.499877e+06,0.16569825,49681.535
987,507.78043,960.8835,2.2727008e+06,0.16618653,3663.6562
988,7922.72,1657.0671,6.407476e+06,0.16491699,337864.2
989,570.7531,1548.4358,5.8729355e+06,0.16223145,9169.871
990,361.92767,1429.785,5.412344e+06,0.16384278,610.1962
991,426.21033,1329.4276,4.961754e+06,0.17424317,3144.8196
992,2566.0,1453.0848,4.6031985e+06,0.17785645,99855.086
993,403.7881,1348.1552,4.241971e+06,0.17478028,1888.4578
994,902.7783,1303.6174,3.8356262e+06,0.18537597,23208.686
995,388.07904,1212.0636,3.5275025e+06,0.18273926,1627.8828
996,350.28815,1125.8861,3.2415912e+06,0.18864746,1023.4359
997,484.5052,1061.748,2.9544552e+06,0.18979493,3658.0256
998,451.87674,1000.7609,2.6924845e+06,0.19482422,3649.3855
999,751.7581,975.86066,2.4288162e+06,0.19267578,11740.532
1000,562.06354,934.48096,2.201345e+06,0.19038086,4672.4644
1001,482.81268,889.31415,1.9995709e+06,0.20012207,5211.0293
1002,397.3559,840.11835,1.8213958e+06,0.19433594,1563.4388
1003,384.78748,794.58527,1.6579155e+06,0.19523926,1123.8853
1004,806.37305,795.76404,1.4921364e+06,0.19782715,19378.514
1005,567.97894,772.98553,1.3475925e+06,0.19360352,8876.573
1006,407.71194,736.4582,1.2248415e+06,0.19018555,1904.2007
1007,400.19128,702.8315,1.1125341e+06,0.18979493,1756.2365
1008,574.5046,689.9988,1.00276275e+06,0.19160156,7802.384
1009,728.1409,693.813,902617.4,0.19050293,13055.885
1010,391.68192,663.59985,820571.1,0.1886963,1629.895
1011,518.0481,649.0447,740420.7,0.19572754,7235.473
1012,389.5234,623.0925,672440.2,0.19440918,1675.4375
1013,341.50128,594.9334,612332.56,0.19799805,646.5953
1014,844.37415,619.8775,556699.1,0.20378418,21588.943
1015,1926.8881,750.57855,654774.06,0.20161133,68417.7
1016,433.69928,718.8906,598333.75,0.19592285,2625.815
1017,515.5107,698.5526,542223.06,0.19926758,5175.283
1018,465.05203,675.2026,492907.78,0.19794922,4715.723
1019,401.88947,647.8713,450340.0,0.19846192,2284.0735
1020,464.98007,629.58215,408316.4,0.20126954,5922.1426
1021,323.97687,599.0216,375890.28,0.20490722,536.97943
1022,459.31882,585.05133,340057.75,0.2119873,6320.564
1023,362.65753,562.81195,310503.28,0.21264648,2295.0007
1024,337.86652,540.3174,284006.97,0.21765137,927.591
1025,629.67535,549.2532,256324.92,0.22370605,14958.986
1026,301.53833,524.4817,236215.06,0.21838379,410.63086
1027,302.1447,502.248,217042.6,0.23688965,425.43683
1028,380.76517,490.0997,196666.56,0.23613282,2785.6409
1029,314.88547,472.57828,179762.9,0.24240723,614.71094
1030,500.33365,475.35382,161855.94,0.24577637,7282.5645
1031,321.61868,459.98032,147797.45,0.2544678,949.7202
1032,628.7325,476.85553,135580.67,0.2515137,12494.279
1033,354.3814,464.60812,123372.586,0.24868165,1812.9718
1034,559.2143,474.06873,111840.85,0.25512695,9905.245
1035,352.06302,461.86816,101996.445,0.25075683,1800.3542
1036,302.32138,445.91348,94087.766,0.25754395,794.4153
1037,283.23242,429.6454,87060.85,0.266333,229.26219
1038,644.89453,451.1703,82524.664,0.2769043,15209.412
1039,340.22766,440.07602,75379.94,0.2730713,1568.4165
1040,350.88666,431.15707,68557.87,0.27783203,2126.652
1041,365.83347,424.62473,62086.125,0.27875978,3311.633
1042,343.08313,416.47058,56475.92,0.278833,1477.5905
1043,296.87488,404.51102,52115.61,0.2807373,475.23703
1044,866.7142,450.73132,66130.9,0.2873047,25869.648
1045,327.44177,438.40237,60885.836,0.27893066,1925.25
1046,760.7014,470.63226,64146.15,0.28876954,20742.113
1047,278.62592,451.43164,61049.508,0.28723145,323.20178
1048,1023.92615,508.6811,84442.05,0.28591308,32349.557
1049,321.56992,489.96997,79148.8,0.2915283,1951.54
1050,602.23047,501.196,72368.13,0.29333496,15003.081
1051,5160.384,967.1148,2.0188542e+06,0.2998291,220227.94
1052,364.15253,906.8186,1.8496895e+06,0.29851076,2935.8184
1053,278.3676,843.9735,1.7002661e+06,0.30031738,447.30173
1054,639.1574,823.4919,1.534015e+06,0.3071045,15429.479
1055,261.59958,767.3027,1.4090285e+06,0.296875,179.57489
1056,4596.2173,1150.1941,2.5875782e+06,0.30910644,193856.9
1057,410.48636,1076.2233,2.3780655e+06,0.3095703,3888.492
1058,408.08105,1009.40906,2.1804362e+06,0.3029297,3288.5605
1059,3345.1543,1242.9835,2.453406e+06,0.3026123,137278.28
1060,511.88074,1169.8733,2.2561715e+06,0.296875,9482.966
1061,316.40097,1084.5261,2.0961116e+06,0.2935791,1332.7725
1062,282.9726,1004.3708,1.9443244e+06,0.30129394,416.8984
1063,268.83813,930.8175,1.7985826e+06,0.30793458,307.68466
1064,279.7202,865.70776,1.6568778e+06,0.31132814,582.1279
1065,344.0839,813.54535,1.5156781e+06,0.3156006,2196.504
1066,1897.5066,921.94147,1.4698576e+06,0.31896973,73256.055
1067,305.4502,860.29236,1.3570774e+06,0.31154785,1322.6827
1068,447.62115,819.02527,1.2366964e+06,0.31396484,8240.883
1069,365.11407,773.63416,1.1315699e+06,0.30998537,2242.8174
1070,305.9225,726.863,1.0381007e+06,0.30908203,1866.5135
1071,274.43372,681.62006,952712.9,0.3209961,472.3687
1072,267.8271,640.2408,872851.75,0.32209474,344.4267
1073,279.7421,604.1909,797262.9,0.3329346,976.9671
1074,309.2138,574.69324,725367.56,0.33742675,1282.7651
1075,278.7116,545.0951,660715.25,0.33515626,1291.5432
1076,315.7616,522.16174,599377.1,0.34174806,3057.0754
1077,307.3536,500.68094,543592.25,0.34985352,1373.63
1078,279.20505,478.53336,493647.7,0.3411133,709.0662
1079,301.50613,460.83063,447103.4,0.34904787,1263.166
1080,301.7161,444.9192,404671.62,0.34724122,1026.5074
1081,265.27655,426.95493,367108.9,0.3440674,533.25146
1082,263.13327,410.57275,332813.38,0.35500488,337.40973
1083,453.49442,414.86493,299697.8,0.35678712,8472.119
1084,292.02356,402.58078,271086.12,0.35461426,805.9982
1085,1353.8845,497.71115,325425.6,0.3527832,44073.277
1086,282.3963,476.17966,297055.47,0.3468506,732.171
1087,268.62402,455.4241,271227.06,0.35231933,475.0698
1088,404.04507,450.2862,244341.92,0.3486084,5058.728
1089,307.3186,435.98944,221747.3,0.35080567,1262.071
1090,273.7449,419.76498,201941.66,0.34348145,360.77298
1091,272.28735,405.0172,183704.95,0.3461426,449.0682
1092,310.5384,395.56934,166137.81,0.3536133,1861.6189
1093,1495.7429,505.5867,258458.39,0.3479004,47949.52
1094,1356.3428,590.6623,297753.28,0.35009766,45658.707
1095,298.92676,561.4888,275637.8,0.3470703,813.90955
1096,291.84338,534.52423,254617.81,0.34699708,1104.4326
1097,301.16635,511.18845,234057.06,0.3474121,1454.482
1098,276.99506,487.7691,215587.55,0.34968263,704.08484
1099,277.41486,466.73367,198011.19,0.34777832,987.486
1100,312.93106,451.35342,180339.05,0.35385743,1753.2026
1101,311.6042,437.3785,164062.83,0.35195312,1388.6044
1102,279.78824,421.61948,149891.66,0.3494385,1035.0813
1103,279.78076,407.4356,136713.12,0.35090333,485.09152
1104,315.07922,398.19998,123809.484,0.35009766,1635.6637
1105,251.51114,383.5311,113365.125,0.35830078,190.5365
1106,312.81665,376.45966,102478.66,0.36374512,1547.9352
1107,4530.1,791.8237,1.6449765e+06,0.3614502,190179.84
1108,283.09406,740.95074,1.5037714e+06,0.36030275,678.9121
1109,247.82713,691.63837,1.3752796e+06,0.3602295,156.48822
1110,289.9447,651.469,1.2522738e+06,0.3729248,2037.8629
1111,245.86159,610.90826,1.1418529e+06,0.37802735,194.59775
1112,249.22157,574.7396,1.0394411e+06,0.3855957,345.30588
1113,240.00705,541.26636,945581.1,0.38671875,131.08763
1114,252.33951,512.37366,858536.06,0.39833984,389.89465
1115,314.69287,492.6056,776199.44,0.3988037,1475.1378
1116,255.23709,468.86874,703650.44,0.396875,489.44373
1117,1370.1765,558.9995,706397.4,0.39733887,47721.844
1118,241.27661,527.22723,644842.94,0.39072266,165.10402
1119,1576.1764,632.12213,679385.1,0.40280762,42645.156
1120,255.19278,594.4292,624233.4,0.4013672,458.11673
1121,302.2988,565.2162,569490.6,0.405542,1852.8921
1122,247.03171,533.39777,521653.25,0.40678713,238.71085
1123,314.58224,511.5162,473797.12,0.39577636,1797.7655
1124,399.6115,500.32574,427544.47,0.3939209,6368.8335
1125,376.14935,487.9081,386177.78,0.38945314,5555.768
1126,535.10406,492.62772,347760.47,0.38293457,9386.71
1127,317.59808,475.12476,315741.6,0.37990722,2368.1914
1128,266.12213,454.2245,288098.8,0.37492678,1004.0265
1129,347.89984,443.592,260306.38,0.3843262,2707.839
1130,276.172,426.85,236798.38,0.3788086,632.8728
1131,484.11194,432.5762,213413.64,0.3777832,10485.145
1132,271.19794,416.4384,194416.14,0.37397462,594.8394
1133,260.8933,400.88388,177152.0,0.3756836,954.5539
1134,426.53995,403.4495,159496.05,0.38459474,7705.437
1135,449.6192,408.06647,143738.3,0.37805176,7965.359
1136,268.00702,394.06052,131129.97,0.38085938,670.51447
1137,257.74304,380.42877,119689.39,0.38530275,713.4081
1138,2121.149,554.5008,380430.03,0.38256836,78531.94
1139,250.18051,524.0688,350722.0,0.3765869,329.95584
1140,269.6231,498.6242,321476.62,0.3821045,686.14764
1141,290.64996,477.82678,293221.75,0.38562012,1205.928
1142,363.68488,466.4126,265072.12,0.3878418,3389.165
1143,394.30936,459.20227,239032.8,0.38598633,5119.086
1144,325.10504,445.79254,216747.89,0.38127443,2561.369
1145,271.90744,428.40402,197794.34,0.37478027,806.7493
1146,283.62878,413.9265,179901.3,0.38339844,1317.0718
1147,290.53616,401.58746,163281.42,0.3838379,1195.6417
1148,280.64996,389.4937,148269.61,0.38779297,973.3823
1149,451.36407,395.68076,133787.16,0.382251,7663.2935
1150,298.96692,386.00937,121250.26,0.37758788,1552.236
1151,3624.3613,709.8446,1.0529484e+06,0.37346193,148367.4
1152,244.84634,663.3448,967113.6,0.36945802,261.61417
1153,500.2632,647.0366,872795.9,0.3873291,11627.407
1154,250.74135,607.4071,799650.75,0.3873291,263.596
1155,405.44073,587.21045,723356.8,0.3942383,6850.8555
1156,475.11868,576.0013,652151.94,0.3909424,7229.088
1157,250.88719,543.48987,596449.7,0.3921387,363.8407
1158,306.83466,519.82434,541845.2,0.393042,2589.372
1159,1051.9213,573.03406,513142.06,0.39858398,32858.242
1160,244.3272,540.1634,471552.2,0.39240724,253.89291
1161,251.56369,511.3034,431893.03,0.3975586,553.34595
1162,360.11267,496.18433,390761.0,0.40527344,4846.347
1163,296.81003,476.2469,355262.38,0.3959961,1367.2712
1164,252.22699,453.8449,324252.78,0.3970215,348.35806
1165,253.58456,433.81888,295436.88,0.3996582,427.98578
1166,241.67975,414.60498,269215.75,0.39404297,184.2659
1167,275.32202,400.6767,244040.14,0.4023926,1542.9124
1168,271.29047,387.73807,221142.8,0.40424806,1529.5759
1169,253.18646,374.2829,200657.88,0.40773925,518.4748
1170,239.19194,360.7738,182234.55,0.40373537,263.42337
1171,251.65094,349.8615,165082.8,0.41569826,483.5499
1172,351.95935,350.0713,148574.9,0.4131592,4219.411
1173,269.26437,341.9906,134305.08,0.4037842,923.13684
1174,281.81442,335.973,121200.48,0.40942383,1519.439
1175,322.78937,334.65463,109096.07,0.40979004,2846.6665
1176,418.14783,343.00397,98813.86,0.40546876,7212.475
1177,269.72232,335.6758,89415.79,0.40009767,1112.8677
1178,251.89444,327.29767,81105.945,0.4098877,745.5254
1179,789.9646,373.56436,92260.81,0.41069338,19100.73
1180,286.79404,364.88733,83712.34,0.40334472,1465.1423
1181,536.3859,382.0372,77988.17,0.4083496,10910.116
1182,375.91418,381.4249,70192.73,0.4032471,4549.7607
1183,277.36792,371.0192,64147.96,0.4005371,1330.9824
1184,1310.0212,464.9194,137088.4,0.40026855,45004.29
1185,298.828,448.31027,125862.336,0.3937256,2165.4343
1186,280.2224,431.5015,115818.914,0.39553222,2018.2605
1187,315.92902,419.94424,105439.16,0.39975587,2596.9763
1188,239.3098,401.8808,97831.836,0.39157715,222.853
1189,249.3898,386.6317,90141.47,0.40070802,466.5437
1190,505.84894,398.55344,82406.47,0.4046631,11999.119
1191,288.0535,387.50345,75264.74,0.41262206,1252.801
1192,265.35217,375.28833,69081.15,0.4072754,1091.8965
1193,242.38045,361.99753,63762.84,0.4104004,391.345
1194,543.7634,380.17413,60360.05,0.4182373,12853.666
1195,243.93336,366.55005,55994.586,0.42229006,676.83575
1196,311.8136,361.07642,50664.773,0.42624512,3843.846
1197,235.95786,348.56458,47007.215,0.42314455,374.74155
1198,240.99098,337.80722,43347.98,0.42802736,426.72058
1199,395.08542,343.53503,39308.453,0.4387451,7108.2397
1200,243.64636,333.54617,36275.6,0.43737793,614.2857
1201,243.06395,324.49796,33384.875,0.44453126,382.88235
1202,382.3901,330.28717,30348.02,0.44216308,6590.4263
1203,238.74928,321.1334,28067.344,0.43410644,295.4577
1204,405.25525,329.5456,25897.492,0.4411377,6982.6826
1205,232.61578,319.8526,24153.328,0.42941895,286.72318
1206,288.29776,316.6971,21827.607,0.44050294,2636.1272
1207,231.49496,308.1769,20298.193,0.43669435,236.21179
1208,243.11583,301.6708,18649.34,0.44335938,419.32648
1209,336.73355,305.1771,16895.05,0.44328615,4630.2935
1210,241.84265,298.84366,15566.558,0.44125977,465.3949
1211,231.91864,292.15115,14413.008,0.439917,215.40178
1212,225.60535,285.49658,13370.257,0.44370118,82.18594
1213,241.86406,281.13333,12204.572,0.44995117,444.60672
1214,247.8029,277.8003,11084.098,0.4480469,592.1415
1215,268.80716,276.90097,9982.967,0.44836426,949.22284
1216,301.98447,279.40933,9041.296,0.45217285,2227.0442
1217,238.40475,275.30887,8288.49,0.44223633,281.0318
1218,240.18538,271.7965,7570.6704,0.45036623,332.04495
1219,355.9071,280.20758,7450.317,0.4493164,3987.1096
1220,257.0009,277.8869,6753.7544,0.4486328,683.8839
1221,262.63904,276.36212,6099.303,0.4451172,763.3864
1222,715.5408,320.28,22848.383,0.442334,21826.049
1223,307.03323,318.95532,20579.336,0.43840334,2792.9963
1224,274.67566,314.52734,18697.863,0.43569335,1816.87
1225,259.57452,309.03207,17099.86,0.43398437,954.25543
1226,242.25363,302.35422,15791.215,0.43757325,364.96762
1227,256.89627,297.8084,14398.071,0.44890139,686.3759
1228,1091.5059,377.17816,69654.266,0.43791506,38358.516
1229,1117.5409,451.21445,112021.17,0.4348633,37382.027
1230,254.28442,431.52145,104309.375,0.43149415,666.6528
1231,227.25098,411.09442,97633.81,0.4374756,167.76163
1232,238.1485,393.79984,90562.36,0.44731447,443.6209
1233,584.95825,412.91568,84794.86,0.45178223,15397.176
1234,280.71906,399.696,77888.2,0.45146486,1276.1494
1235,243.05695,384.0321,72307.6,0.45141602,351.06485
1236,259.08313,371.5372,66481.945,0.45534667,935.3052
1237,267.13226,361.0967,60814.785,0.4519287,1274.4009
1238,1096.1445,434.6015,103359.88,0.44956055,37467.668
1239,295.51398,420.69275,94764.97,0.4390381,1110.5483
1240,333.18927,411.9424,85977.586,0.4331543,2633.1978
1241,249.15685,395.66385,79764.75,0.42578125,426.1216
1242,249.65927,381.0634,73706.836,0.42783204,494.639
1243,252.04019,368.16107,67834.375,0.4249756,955.29694
1244,278.11792,359.15677,61780.633,0.42866212,1454.8503
1245,237.9419,347.03528,56924.94,0.42734376,373.80548
1246,459.5485,358.2866,52371.777,0.43491212,7352.7007
1247,309.24448,353.3824,47351.06,0.43427736,2410.5952
1248,229.25272,340.96942,44002.688,0.436792,168.68784
1249,474.8732,354.3598,41216.14,0.4480713,10641.969
1250,242.9617,343.22,38211.383,0.43964845,478.83994
1251,271.19843,336.01785,34857.082,0.45146486,1247.5796
1252,235.09637,325.92572,32288.037,0.4446045,250.14864
1253,247.64111,318.09726,29610.797,0.45141602,683.99536
1254,244.6826,310.7558,27134.791,0.4447754,709.6569
1255,242.8288,303.9631,24836.578,0.449292,444.97357
1256,4375.547,711.12146,1.5143545e+06,0.44499514,180624.88
1257,395.25873,679.53516,1.3718982e+06,0.4416748,5213.743
1258,355.30524,647.1122,1.2441696e+06,0.43688965,3458.7102
1259,225.37221,604.9382,1.1357605e+06,0.43527833,109.85727
1260,233.02187,567.7465,1.0346333e+06,0.45327148,228.93478
1261,225.5113,533.523,941711.2,0.45185548,119.757454
1262,283.1903,508.48975,853180.0,0.46098635,1589.2675
1263,233.93443,481.0342,774646.25,0.45739746,337.1755
1264,238.18466,456.74927,702489.44,0.45734864,388.98083
1265,233.05081,434.37943,636744.2,0.45478517,357.59607
1266,227.63226,413.7047,576916.75,0.45979005,180.03777
1267,643.9574,436.72998,523996.53,0.46325684,18773.666
1268,228.53918,415.9109,475497.78,0.46306154,236.36334
1269,495.6128,423.88107,428519.72,0.46865234,10957.161
1270,1242.5623,505.7492,445989.22,0.46499023,43989.664
1271,354.20404,490.5947,403457.22,0.46530762,4841.612
1272,259.3156,467.4668,367925.6,0.4645508,849.47003
1273,260.5341,446.77353,334986.94,0.460376,1005.7862
1274,1257.343,527.83044,360620.28,0.4537842,43605.68
1275,334.42377,508.48978,327924.8,0.4510254,2288.0132
1276,478.70898,505.5117,295212.16,0.44360352,10353.151
1277,412.67297,496.2278,266466.66,0.44040528,7337.202
1278,237.65979,470.371,245837.16,0.42983398,228.93929
1279,252.21446,448.55536,225536.75,0.4456299,612.9896
1280,231.1761,426.81744,207235.9,0.44248047,192.53687
1281,239.22653,408.05835,189679.44,0.4464844,330.38095
1282,228.11905,390.06442,173625.52,0.44729003,155.88525
1283,225.30435,373.5884,158706.1,0.45617676,174.24648
1284,230.77147,359.3067,144671.19,0.45803222,472.32645
1285,224.31789,345.80783,131844.05,0.46477053,194.3549
1286,239.57169,335.1842,119675.39,0.46345216,657.4553
1287,238.68695,325.5345,108545.91,0.46313477,626.0982
1288,269.26257,319.9073,97976.305,0.46262208,1165.5457
1289,244.77473,312.39404,88686.71,0.45803222,893.3946
1290,273.44864,308.4995,79954.54,0.46308595,2268.2883
1291,253.8598,303.03555,72227.77,0.45869142,1015.4862
1292,228.37898,295.5699,65506.617,0.46166992,236.2596
1293,229.49847,288.96274,59348.848,0.46044922,232.63252
1294,238.9953,283.966,53638.668,0.46232912,727.10583
1295,263.19666,281.88907,48313.62,0.46726075,1306.4441
1296,230.2706,276.72723,43722.06,0.46936035,576.0055
1297,222.71484,271.326,39612.414,0.47756347,213.1681
1298,1036.5055,347.84393,88346.14,0.4807373,36376.945
1299,255.2561,338.58514,80283.05,0.47834474,1489.4988
1300,231.10185,327.83682,73294.48,0.47683105,338.50647
1301,294.99945,324.5531,66062.07,0.47089845,2740.7253
1302,229.31047,315.02884,60272.266,0.4690674,241.62242
1303,663.8977,349.9157,65198.887,0.47265625,14177.155
1304,265.71332,341.49548,59317.1,0.46948242,1831.6997
1305,1348.8074,442.22668,144706.34,0.46306154,40704.29
1306,231.57056,421.16107,134229.55,0.4555176,709.30566
1307,270.8307,406.12802,122840.516,0.4703125,1500.884
1308,349.77893,400.4931,110842.234,0.47016603,4672.4917
1309,240.68185,384.51196,102056.57,0.4615967,789.875
1310,244.37152,370.49792,93618.45,0.46791992,741.43207
1311,228.69107,356.31723,86066.44,0.46835938,320.04633
1312,265.51065,347.23657,78201.92,0.47087404,1562.544
1313,263.34308,338.84723,71015.16,0.4720703,1121.4565
1314,274.71747,332.43427,64283.777,0.4671875,1684.4252
1315,1724.3065,471.62152,232213.17,0.46801758,66672.17
1316,218.4136,446.30072,214762.12,0.46193847,116.4529
1317,241.71509,425.84216,197052.89,0.4760498,673.5294
1318,229.47449,406.20538,180818.03,0.47458497,398.8753
1319,258.37494,391.42233,164703.08,0.47529298,1570.6191
1320,226.60486,374.94058,150677.61,0.4732422,303.07767
1321,232.96371,360.7429,137424.02,0.47802734,346.87686
1322,412.5373,365.92233,123923.05,0.47231445,7845.3594
1323,233.85275,352.71536,113100.55,0.46799317,450.41513
1324,233.96828,340.84067,103059.57,0.47463378,575.7756
1325,222.74594,329.0312,94008.78,0.46918947,245.36307
1326,322.78223,328.40628,84611.414,0.47458497,4397.651
1327,228.65347,318.431,77045.83,0.47226563,366.31912
1328,219.41733,308.52963,70223.57,0.4758545,115.20391
1329,218.64795,299.54147,63928.3,0.4814453,199.7167
1330,216.98282,291.2856,58148.902,0.48815918,229.97508
1331,217.04935,283.862,52830.004,0.4956543,108.1249
1332,254.443,280.9201,47624.895,0.49152833,887.0575
1333,238.85599,276.71368,43021.65,0.4780762,709.9666
1334,233.40242,272.38257,38888.31,0.4843994,361.3045
1335,231.41486,268.2858,35150.527,0.4848877,292.20822
1336,266.61746,268.11896,31635.723,0.48200685,1772.5923
1337,257.02084,267.00916,28483.234,0.47717285,1813.3298
1338,328.6549,273.17374,25976.928,0.47214356,4914.5176
1339,220.8269,267.93906,23625.852,0.46811524,175.77907
1340,844.7818,325.62332,51210.547,0.4708008,27733.164
1341,247.72043,317.83304,46635.688,0.46740723,811.83685
1342,231.37466,309.1872,42644.87,0.46513674,490.4118
1343,223.8445,300.65292,39035.887,0.46875,245.07494
1344,591.96924,329.78455,42770.164,0.46901855,13774.025
1345,216.66031,318.4721,39644.887,0.46391603,95.293
1346,327.75916,319.40082,35688.16,0.47849122,4725.8193
1347,224.95357,309.9561,32922.168,0.4685547,240.85301
1348,224.0004,301.3605,30294.906,0.47631836,195.83078
1349,215.4505,292.7695,27929.662,0.47346193,70.34638
1350,223.8356,285.8761,25564.363,0.47827148,303.28543
1351,235.62842,280.85132,23235.16,0.4762207,728.40857
1352,222.18153,274.98434,21221.438,0.47553712,294.05792
1353,4983.003,745.7862,2.0139886e+06,0.48376465,215798.56
1354,230.28572,694.23615,1.8365064e+06,0.48371583,433.14758
1355,223.7201,647.1846,1.6727804e+06,0.4850586,383.9328
1356,259.05182,608.3713,1.5190606e+06,0.48500976,1950.1334
1357,246.37001,572.17114,1.3789486e+06,0.47998047,681.44226
1358,283.57245,543.3113,1.2485498e+06,0.47060546,2498.1165
1359,3105.3633,799.5165,1.7144646e+06,0.46572265,130449.03
1360,239.60297,743.52515,1.5712335e+06,0.468042,524.98
1361,248.19151,693.99176,1.436192e+06,0.4720459,882.1297
1362,218.3649,646.4291,1.3129326e+06,0.46853027,83.76951
1363,215.4375,603.3299,1.1983571e+06,0.47370607,55.5526
1364,222.95152,565.29205,1.0915432e+06,0.47507325,271.70377
1365,248.21661,533.58453,991437.2,0.47888184,878.139
1366,235.07196,503.73328,900313.4,0.47763672,389.04266
1367,314.84305,484.84424,813493.2,0.47224122,3864.0574
1368,272.19165,463.57898,736213.75,0.4663086,1568.6097
1369,237.8801,441.0091,667176.94,0.46552736,436.7676
1370,222.55737,419.1639,604754.1,0.46760255,162.07777
1371,279.55157,405.20267,546032.94,0.47871095,2545.7175
1372,315.49713,396.23212,492153.84,0.4673584,2729.7969
1373,229.3069,379.53958,445446.22,0.46396485,360.6584
1374,257.59235,367.34485,402240.0,0.4712158,1987.5967
1375,217.58516,352.36887,364034.5,0.47678223,122.7211
1376,245.99338,341.73132,328649.44,0.4760498,726.1028
1377,268.234,334.3816,296270.66,0.47453615,1640.0032
1378,252.64796,326.20822,267244.8,0.4706299,1444.112
1379,221.10042,315.69745,241514.6,0.45573732,212.88237
1380,221.15332,306.24304,218167.61,0.47131348,238.14012
1381,576.1814,333.23688,202908.84,0.4789795,15136.58
1382,392.5027,339.16345,182934.08,0.4740967,5857.9644
1383,216.73581,326.9207,165989.64,0.46552736,126.911194
1384,221.0344,316.33206,150399.73,0.48364258,383.2571
1385,223.80624,307.07947,136130.25,0.48693848,520.5787
1386,224.96959,298.86847,123124.01,0.49033204,382.50107
1387,216.55797,290.63742,111421.35,0.49421388,127.72524
1388,231.97137,284.7708,100588.97,0.49055177,805.5512
1389,219.75632,278.26935,90910.484,0.48544922,251.1309
1390,218.83597,272.32602,82137.34,0.49028322,302.98523
1391,215.06354,266.59976,74218.72,0.4881836,123.558556
1392,323.43085,272.28287,67087.52,0.49367675,3514.4167
1393,414.89484,286.54407,62209.207,0.48752442,8484.108
1394,439.97424,301.8871,58106.957,0.47990724,7239.574
1395,267.6681,298.46518,52401.645,0.47832033,1628.986
1396,280.87674,296.70633,47189.32,0.47072753,1593.2463
1397,237.22789,290.75848,42788.78,0.4706543,823.4368
1398,217.48853,283.4315,38993.066,0.47431642,147.51776
1399,217.37903,276.82623,35486.42,0.4814209,196.99908
1400,361.8622,285.32983,32588.58,0.48718262,5861.086
1401,228.36583,279.63342,29621.762,0.48127443,455.0593
1402,224.4504,274.1151,26933.65,0.48793945,383.8813
1403,260.21585,272.7252,24257.672,0.4881836,1428.9377
1404,237.05893,269.15857,21946.393,0.4850586,707.66235
1405,236.5747,265.90018,19847.307,0.48486328,647.4629
1406,228.18726,262.12888,17990.58,0.48857424,501.06342
1407,224.32224,258.3482,16320.162,0.48872072,322.07758
1408,214.39044,253.95242,14862.051,0.48967287,127.68759
1409,215.59631,250.1168,13508.253,0.4958008,147.57834
1410,212.66676,246.3718,12283.653,0.49851075,112.68312
1411,225.80267,244.31488,11093.365,0.49477538,525.3643
1412,223.66765,242.25015,10022.396,0.4991455,270.56448
1413,266.13443,244.63858,9071.498,0.49028322,1530.2992
1414,243.25018,244.49974,8164.521,0.4859375,1049.6274
1415,259.11353,245.96112,7367.2896,0.48967287,1632.0309
1416,262.31894,247.59691,6654.6426,0.48581544,1907.9697
1417,387.85596,261.6228,7759.712,0.48125002,5308.089
1418,218.70306,257.33084,7149.53,0.47849122,140.26326
1419,678.8833,299.48608,22428.16,0.4847412,20802.12
1420,262.4983,295.7873,20308.473,0.48291016,1902.036
1421,611.2084,327.3294,27231.768,0.48015139,17524.785
1422,216.28484,316.22495,25618.371,0.47661135,115.03235
1423,240.14975,308.61743,23577.402,0.48432618,914.1008
1424,217.69037,299.52472,21963.758,0.48059082,147.24954
1425,224.51195,292.02344,20273.805,0.49274904,358.38376
1426,231.19449,285.94055,18579.438,0.48388672,511.8891
1427,904.4319,347.78967,51149.33,0.48149416,30058.994
1428,231.98553,336.20926,47241.348,0.47246096,546.7862
1429,223.36783,324.9251,43663.2,0.48371583,352.56677
1430,342.51044,326.68365,39324.71,0.4846924,4812.9844
1431,227.83633,316.79892,36271.61,0.47819826,318.98843
1432,873.7702,372.49606,60563.98,0.48029786,24767.398
1433,217.2691,356.97336,56676.168,0.47180176,169.22588
1434,256.1744,346.89346,51922.99,0.4879883,1305.2126
1435,3463.227,658.52686,920768.8,0.4834961,141934.78
1436,438.06787,636.48096,833066.06,0.48112795,9498.741
1437,227.01794,595.53467,764848.8,0.47548828,409.6357
1438,582.08307,594.1895,688380.25,0.47883302,10050.556
1439,4101.4575,944.9163,1.7266258e+06,0.4699707,172167.3
1440,233.40997,873.7657,1.5995249e+06,0.45964357,415.2944
1441,218.40309,808.22943,1.4782274e+06,0.4788086,113.94171
1442,231.76016,750.5825,1.3603131e+06,0.48486328,415.14618
1443,246.77554,700.20184,1.2471258e+06,0.4814209,988.1239
1444,224.1637,652.598,1.1428082e+06,0.4737793,274.98352
1445,240.00633,611.33887,1.0438483e+06,0.48146972,671.1095
1446,247.75302,574.9803,951360.94,0.4786133,732.64325
1447,223.8158,539.86383,867323.3,0.4793457,320.38724
1448,2534.9336,739.37085,1.1388184e+06,0.4817627,104740.805
1449,212.60858,686.69464,1.0499096e+06,0.48967287,118.59862
1450,245.5611,642.5813,962432.5,0.4982422,1002.97363
1451,216.24388,599.9476,882547.94,0.49421388,153.95479
1452,211.24275,561.0771,807891.3,0.5004639,100.43874
1453,240.4921,529.0186,736351.94,0.5015381,813.6094
1454,226.31747,498.7485,670963.25,0.5010254,488.49142
1455,237.96721,472.67038,609987.5,0.50246584,1080.0377
1456,213.7468,446.778,555022.44,0.4928711,135.65176
1457,224.37878,424.5381,503971.7,0.50065917,451.0992
1458,800.042,462.08847,466264.78,0.5020508,25995.158
1459,5634.4805,979.32764,2.8274658e+06,0.49714357,244909.22
1460,211.4696,902.5418,2.5977835e+06,0.4966797,107.04004
1461,267.51028,839.03864,2.374299e+06,0.5039307,2204.6816
1462,219.02847,777.0376,2.1714662e+06,0.50305176,185.74968
1463,214.27534,720.76135,1.9828228e+06,0.5033936,107.86941
1464,228.36705,671.5219,1.8063611e+06,0.5008301,424.37097
1465,221.41466,626.51117,1.6439586e+06,0.5034668,260.52097
1466,251.96503,589.0566,1.4921884e+06,0.50507814,1356.6025
1467,232.78644,553.42957,1.3543931e+06,0.49389648,607.2053
1468,250.55222,523.14185,1.2272099e+06,0.5002686,1644.0029
1469,306.78876,501.50653,1.1087016e+06,0.490625,2705.5247
1470,262.1174,477.56763,1.0029891e+06,0.48742676,1470.7821
1471,245.95721,454.4066,907518.06,0.48361817,888.8527
1472,218.17471,430.7834,821788.75,0.47946778,215.74329
1473,258.81348,413.5864,742271.5,0.49086913,1958.6313
1474,212.13092,393.44086,671696.94,0.4840088,92.31887
1475,211.40509,375.23727,607509.56,0.49638674,91.842224
1476,224.61757,360.1753,548800.4,0.51027834,557.9108
1477,218.76694,346.03445,495720.0,0.5016846,452.56735
1478,293.05594,340.7366,446400.6,0.5022217,3372.5935
1479,223.3056,328.9935,403001.62,0.49958497,549.22076
1480,211.01804,317.19595,363954.1,0.5010498,114.13421
1481,219.61914,307.43826,328415.6,0.49562988,301.2716
1482,226.20093,299.3145,296167.97,0.49487305,463.94055
1483,242.29147,293.6122,266843.8,0.49807128,623.43317
1484,244.2132,288.6723,240379.05,0.49489745,856.43414
1485,302.8094,290.086,216359.12,0.4864258,3664.5967
1486,242.49783,285.32718,194927.03,0.47927245,771.09235
1487,210.2887,277.82333,175941.1,0.48649904,71.47175
1488,299.16806,279.9578,158387.98,0.4967285,4021.8213
1489,224.62555,274.42456,142824.73,0.48989257,677.6866
1490,215.9566,268.57776,128849.914,0.5000488,247.78009
1491,287.00302,270.4203,115995.47,0.49719238,3487.2542
1492,212.21558,264.59982,104700.82,0.49814454,173.92693
1493,215.06445,259.6463,94451.57,0.5070557,266.13184
1494,225.81499,256.26318,85109.42,0.517041,653.558
1495,218.13333,252.4502,76729.33,0.51218265,313.34073
1496,224.63977,249.66916,69126.0,0.5114258,666.4038
1497,206.83304,245.38554,62378.543,0.5084961,67.64354
1498,214.71991,242.31898,56225.324,0.5229004,220.17348
1499,207.30011,238.8171,50713.16,0.517041,64.74863
1500,217.91403,236.72679,45681.168,0.51506346,308.20554
1501,266.91916,239.74603,41195.09,0.51311034,2695.233
1502,207.83078,236.5545,37167.254,0.5108399,71.91011
1503,233.49097,236.24815,33451.37,0.51218265,826.37634
1504,270.5677,239.68011,30212.236,0.50937504,2656.2869
1505,209.24062,236.63617,27274.402,0.5089844,94.96559
1506,778.633,290.83585,50985.414,0.51298827,25811.412
1507,216.00208,283.35248,46390.88,0.5063233,263.5974
1508,227.14978,277.7322,42036.08,0.51389164,620.0444
1509,273.5402,277.31302,37834.05,0.5127441,2990.1792
1510,220.26492,271.60822,34343.55,0.51103514,274.2192
1511,220.84048,266.53143,31141.156,0.51010746,322.04767
1512,226.8292,262.56122,28168.904,0.50683594,565.51135
1513,238.18613,260.12372,25405.486,0.49660644,1164.1693
1514,209.95801,255.10715,23091.432,0.491333,123.955284
1515,233.17413,252.91385,20825.582,0.5041992,865.07715
1516,232.19312,250.84178,18781.666,0.49960938,632.3101
1517,570.2177,282.77936,26083.586,0.49968264,13445.703
1518,212.83598,275.78503,23915.514,0.4954834,215.08676
1519,228.23112,271.02963,21727.484,0.5012207,771.4626
1520,857.80176,329.70685,50541.87,0.50681156,28291.447
1521,232.40494,319.97665,46339.773,0.49882814,926.5581
1522,210.84995,309.064,42777.57,0.50285643,130.29153
1523,781.5265,356.31024,58589.688,0.5055176,18999.33
1524,210.69057,341.74826,54639.176,0.49819335,111.56298
1525,213.64174,328.93762,50652.273,0.50820315,190.99367
1526,234.76346,319.5202,46385.234,0.5073242,776.7887
1527,224.59512,310.0277,42557.68,0.49936524,495.1217
1528,244.29456,303.4544,38690.79,0.50024414,923.0141
1529,227.3605,295.84503,35342.832,0.49833986,494.59326
1530,210.96689,287.3572,32456.936,0.4979492,161.13792
1531,210.54044,279.67554,29742.312,0.5055176,115.257225
1532,243.04044,276.01202,26888.873,0.5129639,1041.4945
1533,209.14194,269.325,24602.43,0.50178224,129.17946
1534,211.80844,263.57336,22439.92,0.5122803,221.44753
1535,287.7325,265.9893,20248.457,0.5151367,3684.8657
1536,257.19727,265.11008,18230.568,0.50476074,2130.242
1537,242.84367,262.88342,16452.133,0.502124,1585.415
1538,367.2886,273.32394,15787.96,0.5036621,6325.659
1539,298.55072,275.84662,14266.438,0.4961914,3749.9993
1540,211.12167,269.3741,13216.833,0.5023926,143.59831
1541,290.26212,271.46292,11934.417,0.5104004,3081.8806
1542,276.62427,271.97906,10743.373,0.5037109,2660.5833
1543,232.04901,267.98605,9812.533,0.49743652,868.9951
1544,222.21231,263.4087,9019.851,0.49440917,314.65872
1545,653.7857,302.44638,21833.344,0.50065917,19740.787
1546,214.52367,293.6541,20345.746,0.49150392,185.86108
1547,210.26874,285.31558,18936.953,0.5001465,115.379654
1548,215.35385,278.3194,17483.775,0.50688475,364.8328
1549,223.28687,272.81613,16007.969,0.5068604,738.2691
1550,209.18652,266.4532,14771.558,0.50783694,112.472435
1551,257.64493,265.57236,13301.385,0.50979006,2224.9204
1552,220.07312,261.02243,12157.562,0.5109131,419.81003
1553,215.01813,256.422,11132.28,0.50661623,269.66467
1554,208.33325,251.61313,10227.18,0.50437015,94.26578
1555,207.24564,247.17638,9381.624,0.5076416,88.9757
1556,206.13297,243.07204,8595.072,0.51772463,97.15393
1557,203.51328,239.11617,7876.4053,0.5160889,45.020878
1558,205.24652,235.7292,7192.0083,0.5201172,161.77899
1559,208.07816,232.9641,6541.6196,0.525708,173.87169
1560,205.2406,230.19174,5956.631,0.5307129,103.93031
1561,230.79636,230.2522,5361.0005,0.53430176,877.7628
1562,214.93658,228.72064,4846.0117,0.5282227,268.0845
1563,236.98242,229.54681,4367.5537,0.5316162,986.1472
1564,209.81635,227.57376,3965.8345,0.52871096,137.62753
1565,256.94464,230.51085,3646.8894,0.52785647,2442.2744
1566,210.80844,228.5406,3317.1372,0.52612305,247.70744
1567,214.10425,227.09697,3004.1802,0.5277344,185.63846
1568,293.9378,233.78105,3105.855,0.5280518,2905.281
1569,569.3656,267.3395,12930.797,0.5233154,16117.133
1570,287.73944,269.37952,11675.172,0.51271975,2217.0208
1571,222.4438,264.68594,10705.921,0.50246584,412.6061
1572,220.768,260.29416,9808.92,0.50129396,559.5089
1573,1084.2842,342.69318,69934.38,0.5120606,39140.715
1574,226.03326,331.0272,64165.8,0.502124,680.2893
1575,992.20746,397.14523,97093.56,0.4984375,35212.11
1576,222.50565,379.68127,90129.11,0.4994629,439.4354
1577,208.25406,362.53854,83761.05,0.5046631,76.77288
1578,248.57286,351.14197,76553.875,0.50805664,1691.3344
1579,379.95053,354.02283,68973.18,0.51064456,6539.4175
1580,215.31145,340.1517,63807.54,0.4998047,246.328
1581,212.17685,327.35422,58900.766,0.50576174,148.15881
1582,365.83148,331.20193,53143.934,0.5066895,6471.5283
1583,1499.6638,448.04813,170706.83,0.50544435,44463.434
1584,210.34003,424.2773,158721.61,0.4907959,116.67472
1585,319.85144,413.83472,143830.86,0.50603026,3332.4412
1586,232.55219,395.70645,132405.47,0.5039795,671.23126
1587,204.3176,376.56757,122461.59,0.5004639,41.46881
1588,223.95148,361.30597,112311.68,0.5182129,512.29364
1589,219.24527,347.0999,102896.82,0.5129151,480.02832
1590,208.12228,333.20215,94345.46,0.51032716,107.270134
1591,258.3405,325.71597,85415.3,0.5229492,2354.6086
1592,211.03667,314.24805,78057.38,0.5185547,193.8952
1593,274.36502,310.25974,70394.8,0.5138672,3023.8374
1594,208.20815,300.05457,64292.625,0.5126953,131.16588
1595,205.58629,290.60773,58666.543,0.5189209,71.813576
1596,207.0404,282.251,53428.402,0.521875,145.41714
1597,225.35655,276.56155,48376.89,0.53125,756.3243
1598,215.31561,270.43695,43876.797,0.52180177,282.81534
1599,214.42662,264.8359,39771.46,0.51669925,241.98976
1600,215.23834,259.87616,36015.707,0.50964355,404.72867
1601,210.01414,254.88995,32637.895,0.5081299,123.0262
1602,205.39148,249.94011,29594.615,0.5109131,70.628975
1603,207.46936,245.69304,26797.492,0.5205078,170.29303
1604,205.38858,241.6626,24263.943,0.5219483,76.50645
1605,221.31802,239.62814,21874.8,0.5237549,496.3527
1606,215.45285,237.21062,19739.922,0.51384276,249.03197
1607,203.89377,233.87894,17865.83,0.50737303,64.30562
1608,248.32162,235.32321,16098.0205,0.5185791,1145.2323
1609,392.14603,251.0055,16701.623,0.51411134,5985.192
1610,209.19046,246.82399,15188.825,0.5181885,110.69281
1611,235.53157,245.69475,13681.419,0.514209,908.4667
1612,382.29358,259.35464,13992.608,0.5106201,7668.9766
1613,205.69696,253.98888,12852.471,0.51047367,108.27993
1614,205.01727,249.09172,11783.063,0.52048343,59.250885
1615,222.74493,246.45705,10667.23,0.51791996,497.94235
1616,429.28876,264.7402,12608.976,0.51669925,10013.688
1617,223.42459,260.60864,11501.706,0.5124512,740.53644
1618,219.53906,256.50168,10503.339,0.5170166,439.35052
1619,232.16248,254.06776,9506.32,0.51914066,928.06854
1620,254.84546,254.14554,8555.742,0.5078125,1251.544
1621,210.72418,249.8034,7869.8545,0.51340336,131.62805
1622,207.04204,245.52727,7247.437,0.5125,93.35684
1623,212.30069,242.2046,6622.0537,0.5167969,270.22815
1624,240.13255,241.9974,5960.2344,0.5181152,1555.2181
1625,263.7093,244.1686,5406.637,0.511084,1848.6816
1626,240.29785,243.78152,4867.322,0.5050049,1413.6744
1627,216.17035,241.0204,4449.2036,0.5074951,458.11728
1628,204.03088,237.32144,4127.4233,0.50332034,37.811943
1629,209.63689,234.55298,3783.6602,0.5161377,253.1134
1630,206.69443,231.76712,3475.1428,0.51479495,101.47338
1631,210.05135,229.59555,3170.07,0.52543944,296.0178
1632,216.51364,228.28735,2868.465,0.52712405,526.0367
1633,213.64246,226.82286,2600.9211,0.52333987,415.17557
1634,205.25742,224.66632,2382.685,0.5247559,136.96716
1635,359.25403,238.12509,3774.663,0.52495116,4395.1157
1636,246.3241,238.94499,3403.2468,0.5103027,1597.293
1637,228.06592,237.85709,3073.574,0.50617677,1082.6976
1638,206.25911,234.6973,2856.0754,0.5181641,113.466675
1639,294.96222,240.72379,2897.3352,0.52299803,3974.7104
1640,223.50284,239.0017,2634.292,0.51479495,830.7693
1641,235.89615,238.69113,2371.7307,0.5186524,1150.3059
1642,396.23822,254.44585,4368.455,0.512793,8609.388
1643,202.88258,249.28952,4170.899,0.5098389,75.20127
1644,204.99406,244.85997,3930.397,0.5223633,80.14734
1645,208.75821,241.24979,3654.6575,0.5237549,210.69484
1646,204.36916,237.56172,3411.608,0.5230225,96.48571
1647,228.17296,236.62285,3078.3804,0.52387697,809.43866
1648,222.27039,235.1876,2789.0818,0.5191895,728.3597
1649,230.09598,234.67844,2512.5068,0.5247803,831.5969
1650,233.00009,234.5106,2261.5098,0.51379395,1274.3226
1651,246.00958,235.6605,2047.2592,0.5121338,1306.1039
1652,324.33554,244.52802,2550.2266,0.50847167,3914.3582
1653,276.74835,247.75005,2388.6372,0.5031738,2317.8174
1654,205.36362,243.5114,2311.4683,0.5033447,71.03847
1655,213.45552,240.50581,2161.6235,0.51618654,334.84372
1656,253.04971,241.76021,1959.6226,0.51484376,2092.0703
1657,207.74637,238.35883,1867.7849,0.5169922,197.73326
1658,202.99915,234.82286,1793.534,0.5140625,60.10557
1659,211.24487,232.46506,1664.2135,0.5294922,363.07397
1660,250.71826,234.29037,1527.7783,0.52084965,1873.8391
1661,218.52211,232.71355,1397.3778,0.5167969,496.00845
1662,317.5193,241.19412,1904.9211,0.51396483,3431.076
1663,448.24133,261.89883,5572.5986,0.51218265,6471.924
1664,215.95795,257.30475,5205.2896,0.5037109,336.6272
1665,245.20412,256.0947,4697.939,0.5121582,1394.0802
1666,215.46106,252.03133,4376.743,0.5045654,338.6695
1667,272.80487,254.10867,3977.9072,0.5004639,2235.9238
1668,205.6662,249.26442,3791.3171,0.5010498,76.19776
1669,211.98868,245.53685,3537.2385,0.5187012,218.94647
1670,427.77658,263.76083,6172.533,0.51484376,9802.125
1671,210.27777,258.41254,5812.719,0.50847167,113.7385
1672,213.6009,253.93137,5412.1743,0.51000977,292.82465
1673,563.07715,284.84595,13472.358,0.5089844,16028.385
1674,213.37665,277.699,12584.83,0.5027588,282.64273
1675,242.86188,274.2153,11435.573,0.51308596,1517.3417
1676,265.74713,273.36847,10298.47,0.507959,2267.6294
1677,206.3519,266.6668,9672.832,0.5075928,140.5342
1678,230.5492,263.05505,8822.952,0.5163086,837.4054
1679,205.98015,257.34756,8233.836,0.51154786,197.61218
1680,212.5039,252.8632,7591.4385,0.5195557,395.88425
1681,214.47278,249.02417,6964.9385,0.5222656,549.47076
1682,210.92203,245.21396,6399.104,0.5167969,222.4538
1683,204.7492,241.16748,5906.559,0.5209717,92.879364
1684,203.95789,237.44652,5440.513,0.52128905,101.04307
1685,209.40462,234.64233,4967.233,0.53859866,385.37988
1686,206.49377,231.82748,4541.8203,0.53308105,163.73175
1687,222.72353,230.91708,4095.0974,0.5313477,759.4574
1688,203.31851,228.15723,3754.139,0.5228516,145.12425
1689,206.6524,226.00674,3420.3462,0.5333008,237.11891
1690,241.96097,227.60217,3101.2197,0.53813475,1724.0289
1691,214.2526,226.26721,2807.1367,0.5322998,395.15158
1692,206.10065,224.25055,2563.0251,0.52873534,149.02258
1693,202.25626,222.05112,2350.26,0.5381592,69.2111
1694,264.44492,226.2905,2276.985,0.5394287,2206.651
1695,218.97081,225.55853,2054.1084,0.5334717,430.9029
1696,243.08224,227.3109,1876.3347,0.52873534,1647.8215
1697,220.25586,226.6054,1693.1809,0.52595216,588.89435
1698,209.92703,224.93756,1548.8978,0.5197998,194.30028
1699,232.48792,225.6926,1399.1387,0.5145508,657.2809
1700,325.48935,235.67227,2155.57,0.50336915,4992.3823
1701,213.62183,233.46722,1983.7731,0.50065917,433.09216
1702,207.71576,230.89207,1845.0781,0.5123047,253.41737
1703,204.20232,228.2231,1724.6812,0.51772463,65.99636
1704,253.48225,230.74901,1609.6353,0.5207764,1802.7308
1705,212.96506,228.97061,1477.1359,0.5168213,262.20728
1706,208.94797,226.96835,1365.5038,0.5205078,178.45508
1707,205.9271,224.86423,1268.7994,0.5219971,97.21724
1708,214.23407,223.80121,1152.0895,0.52233887,367.08835
1709,204.56686,221.87778,1070.1769,0.5182129,158.56519
1710,208.81386,220.57138,978.51917,0.52609867,227.27576
1711,219.61465,220.47571,880.74963,0.5245606,545.3271
1712,205.12802,218.94093,813.8743,0.5237549,225.56882
1713,238.78624,220.92546,767.9321,0.530542,804.24475
1714,226.20248,221.45316,693.6451,0.5241211,1028.2709
1715,203.09392,219.61723,654.6161,0.5232666,63.495293
1716,209.24002,218.57951,598.84625,0.52888185,226.92993
1717,960.2535,292.74692,50046.188,0.5260498,29546.465
1718,204.90048,283.96228,45736.098,0.5283691,131.73222
1719,275.82654,283.1487,41168.44,0.52941895,2670.4373
1720,392.46484,294.08032,38127.098,0.52146,8206.088
1721,240.43806,288.7161,34573.363,0.5199219,815.445
1722,232.74849,283.11932,31397.941,0.51411134,1412.2213
1723,206.41805,275.4492,28787.625,0.51325685,231.32837
1724,202.78374,268.18265,26384.086,0.5230469,68.536194
1725,205.69276,261.93365,24097.125,0.5291504,103.81559
1726,311.11597,266.8519,21905.113,0.5268311,3190.554
1727,220.58461,262.22516,19907.262,0.5170166,744.43005
1728,212.66708,257.26935,18137.574,0.52409667,361.0952
1729,211.71729,252.71414,16510.566,0.5246338,473.14005
1730,207.6283,248.20555,15042.455,0.52734375,185.13094
1731,201.45145,243.53014,13734.944,0.5206055,45.4564
1732,2438.8176,463.0589,446097.34,0.5225586,100732.84
1733,239.77725,440.73074,405974.53,0.52314454,1248.5079
1734,207.68367,417.42603,370265.06,0.5173584,180.37161
1735,203.71965,396.0554,337348.88,0.52780765,78.26537
1736,204.93353,376.9432,306901.47,0.5218994,126.90092
1737,209.01431,360.15033,278749.3,0.52287596,175.03113
1738,202.33757,344.36905,253115.83,0.5164795,66.8062
1739,213.82474,331.3146,229338.02,0.5299805,302.04984
1740,245.81372,322.76453,207062.16,0.52629393,1794.799
1741,269.79166,317.46722,186608.48,0.5239014,2013.3606
1742,205.92676,306.31317,169067.34,0.5213135,175.38445
1743,203.05255,295.98712,153120.27,0.5192871,69.3121
1744,405.60196,306.9486,138889.62,0.5275635,6198.2505
1745,203.10815,296.56458,125971.11,0.5126465,60.063725
1746,210.21957,287.93008,114044.984,0.5168213,192.9249
1747,236.20288,282.75735,102881.3,0.5173096,1364.5413
1748,209.60135,275.44174,93074.83,0.5084473,143.27873
1749,262.4544,274.143,83782.52,0.50427246,1686.5383
1750,245.1243,271.24115,75480.06,0.49470216,1374.6765
1751,461.11765,290.2288,71176.83,0.5034424,11471.983
1752,203.79297,281.5852,64731.55,0.49628907,63.631657
1753,206.97095,274.12378,58759.453,0.5065918,201.11015
1754,215.36952,268.24835,53194.19,0.5132324,362.15967
1755,209.90121,262.41364,48181.164,0.5144043,345.70776
1756,202.9514,256.4674,43681.26,0.51347655,74.62366
1757,207.4033,251.561,39529.793,0.51936036,203.26418
1758,221.47697,248.5526,35658.266,0.51962894,762.0251
1759,199.41916,243.63925,32309.707,0.5171143,26.645437
1760,643.40314,283.61563,43461.742,0.53078616,19883.72
1761,242.5804,279.51212,39267.117,0.517041,1841.1631
1762,201.98618,271.75952,35881.33,0.51687014,126.41775
1763,204.38596,265.02216,32701.72,0.52504885,149.82634
1764,214.26526,259.94647,29663.412,0.5276367,567.02234
1765,274.06952,261.35876,26715.021,0.5239258,3202.9736
1766,206.73813,255.8967,24312.025,0.51835936,197.61932
1767,226.93378,253.00041,21956.318,0.5243897,903.27155
1768,215.33224,249.2336,19888.387,0.5190186,520.4121
1769,213.77536,245.68777,18012.703,0.5187256,422.75537
1770,261.7205,247.29105,16234.567,0.5197998,2675.9082
1771,203.29947,242.89189,14785.284,0.5144043,114.29468
1772,221.42531,240.74524,13348.229,0.52170414,671.92004
1773,203.81851,237.05257,12136.128,0.5218506,147.5523
1774,203.42969,233.69028,11024.26,0.5255615,96.90056
1775,200.72589,230.39384,10019.632,0.52553713,52.060627
1776,236.14801,230.96927,9020.648,0.5290772,1396.9927
1777,358.81696,243.75404,9589.636,0.5202637,4679.792
1778,200.78648,239.45729,8796.831,0.5223877,70.93284
1779,223.62564,237.87413,7939.7056,0.52856445,645.0305
1780,1497.2124,363.80795,149879.7,0.525708,58678.04
1781,359.39627,363.3668,134893.48,0.52951664,7205.153
1782,212.51865,348.28198,123452.09,0.52504885,546.41284
1783,367.5504,350.20883,111140.3,0.5342041,7288.7207
1784,850.99677,400.28763,122597.234,0.52817386,29362.615
1785,210.96007,381.35486,113563.555,0.5235596,238.41069
1786,203.7905,363.59842,105044.82,0.5283203,148.2017
1787,968.2165,424.0602,127441.01,0.52941895,33984.715
1788,207.86353,402.44055,118903.59,0.529126,184.98474
1789,205.1427,382.71075,110516.61,0.5285889,296.98648
1790,217.85678,366.22534,101910.86,0.532251,574.1231
1791,208.83896,350.4867,93949.11,0.5279053,274.6997
1792,216.24272,337.0623,86176.125,0.5313477,601.26917
1793,244.84042,327.8401,78323.945,0.52521974,1593.0941
1794,311.50674,326.20676,70515.56,0.51713866,4352.9863
1795,276.18228,321.2043,63689.223,0.51303715,2537.6091
1796,204.973,309.58118,58536.176,0.5013428,140.23436
1797,203.53531,298.9766,53694.67,0.5208252,93.9168
1798,217.32811,290.81174,48925.188,0.526001,790.3378
1799,215.13467,283.24402,44548.1,0.5189697,619.537
1800,199.37563,274.85718,40726.344,0.5254639,35.837334
1801,200.15187,267.38666,37155.99,0.529834,74.47003
1802,239.51666,264.59967,33510.293,0.53984374,1722.9379
1803,203.84433,258.52414,30491.473,0.53410643,195.47322
1804,207.41904,253.41364,27677.38,0.53740233,283.1337
1805,234.30511,251.50278,24942.504,0.53444827,1074.9639
1806,209.20456,247.27295,22609.275,0.52888185,417.9155
1807,542.28455,276.7741,28181.215,0.52717286,15301.51
1808,199.53946,269.05066,25899.96,0.52861327,62.418262
1809,209.93677,263.13928,23624.465,0.5417725,517.91876
1810,202.0003,257.0254,21598.436,0.5415039,177.46725
1811,348.36215,266.15906,20189.408,0.53859866,6694.0303
1812,199.4646,259.48962,18570.8,0.53024906,53.369473
1813,208.27823,254.36848,16949.754,0.53862303,279.4292
1814,202.74127,249.20576,15494.661,0.5302246,82.31742
1815,200.91187,244.37637,14155.103,0.53032225,62.131878
1816,212.58807,241.19754,12830.537,0.53515625,378.29572
1817,217.27031,238.80481,11599.009,0.53249514,423.122
1818,211.31699,236.05603,10507.109,0.51469725,269.56067
1819,215.46692,233.99712,9494.551,0.5260254,385.98578
1820,212.44202,231.84161,8586.911,0.51791996,284.11172
1821,214.84332,230.14178,7754.225,0.5109375,351.7346
1822,217.37448,228.86505,6993.4727,0.5053223,536.05475
1823,212.99547,227.27809,6316.7915,0.5158203,480.3699
1824,203.35173,224.88545,5736.635,0.52138674,89.893
1825,210.3188,223.42879,5182.068,0.5264649,302.56134
1826,199.84502,221.0704,4713.9185,0.5263916,49.582638
1827,197.80707,218.74406,4291.233,0.5320801,28.179283
1828,211.51819,218.02148,3866.8086,0.54243165,401.06754
1829,482.95966,244.5153,9797.429,0.5303955,12444.97
1830,199.98453,240.06223,8996.154,0.5348145,101.64381
1831,203.53284,236.40929,8216.634,0.53686523,180.13109
1832,199.83514,232.75188,7515.3604,0.5391602,77.56718
1833,201.19936,229.59662,6853.425,0.53740233,102.600136
1834,563.43085,262.98004,16198.157,0.536084,16424.16
1835,202.48763,256.9308,14907.681,0.5299805,167.15314
1836,212.92941,252.53065,13591.163,0.53984374,389.07294
1837,326.63455,259.94104,12726.271,0.5352295,5279.8633
1838,206.77429,254.62436,11708.047,0.5223145,248.93716
1839,201.97868,249.35979,10786.683,0.5248535,136.69669
1840,203.47083,244.77089,9897.536,0.53024906,182.8814
1841,202.74445,240.56824,9066.742,0.5395508,124.43931
1842,862.75214,302.78662,43000.22,0.5342285,29917.217
1843,202.38593,292.74655,39607.426,0.5367676,145.66982
1844,199.1954,283.39145,36434.348,0.5355469,65.19005
1845,211.40599,276.1929,33257.285,0.54121095,596.63696
1846,200.00671,268.57428,30453.945,0.53896487,115.1509
1847,221.00894,263.81775,27612.172,0.53928226,582.13446
1848,212.55588,258.69156,25087.453,0.5289551,506.9502
1849,208.57687,253.68008,22804.74,0.5300781,207.40337
1850,204.74802,248.78688,20739.758,0.532666,224.59949
1851,206.88918,244.5971,18823.768,0.5321045,274.7482
1852,202.07076,240.34447,17104.154,0.52851564,91.18257
1853,241.60104,240.47012,15393.881,0.5408692,1835.8143
1854,200.00797,236.4239,14001.839,0.5279541,74.50014
1855,362.5537,249.03688,14033.44,0.5376221,6336.5215
1856,307.01746,254.83493,12932.653,0.527417,4324.6006
1857,205.73346,249.92479,11856.374,0.52590334,235.68596
1858,198.60413,244.79272,10907.779,0.52558595,47.15046
1859,201.41826,240.45528,9986.322,0.53430176,134.44147
1860,198.01822,236.21158,9149.771,0.5347412,37.897797
1861,213.8724,233.97766,8279.708,0.54003906,396.84894
1862,281.41174,238.72107,7654.2363,0.53967285,3307.206
1863,209.65436,235.81439,6964.851,0.52851564,341.7471
1864,204.69554,232.70251,6355.5205,0.5293457,150.10677
1865,204.13931,229.84619,5793.395,0.5389404,114.5388
1866,219.64641,228.82622,5223.4185,0.5361816,695.71747
1867,202.05367,226.14896,4765.5854,0.5333008,150.45424
1868,211.85846,224.71991,4307.4062,0.5373047,358.56757
1869,203.84744,222.63266,3915.8748,0.5307129,147.2284
1870,204.10114,220.77951,3555.1948,0.5270996,125.778244
1871,228.18779,221.52034,3204.6147,0.5310791,690.1008
1872,207.9471,220.16301,2900.7341,0.5206543,254.65712
1873,253.97157,223.54387,2713.5325,0.5289795,2409.782
1874,257.41653,226.93114,2545.4414,0.5173828,1938.7385
1875,199.23444,224.16147,2359.9368,0.5178955,54.890575
1876,220.15662,223.76099,2125.3867,0.5284912,917.7622
1877,209.39929,222.32481,1931.4111,0.5291504,303.4469
1878,205.14435,220.60677,1764.8351,0.53164065,220.87842
1879,205.93954,219.14005,1607.713,0.52905273,347.4747
1880,198.45337,217.07138,1485.456,0.5287598,50.25619
1881,204.05196,215.76944,1352.1659,0.54296875,320.5782
1882,207.21397,214.9139,1223.5369,0.5399658,299.41415
1883,208.43108,214.26561,1104.9656,0.53271484,312.6367
1884,197.81961,212.621,1018.8114,0.536084,52.390114
1885,270.96286,218.45518,1223.2698,0.5335205,2999.7698
1886,205.2972,217.13939,1116.5247,0.5338135,223.4074
1887,199.6934,215.39479,1032.2648,0.53723145,68.423904
1888,198.07759,213.66307,956.02795,0.5313965,76.27059
1889,222.0043,214.4972,866.687,0.5428223,919.83704
1890,197.60562,212.80803,805.6976,0.5350586,37.07806
1891,200.57999,211.58522,738.5851,0.540332,116.92622
1892,197.16235,210.14293,683.44824,0.5460693,53.994892
1893,201.09735,209.23837,622.4674,0.55131835,137.54538
1894,200.27478,208.34201,567.4518,0.54211426,127.79585
1895,218.01999,209.30981,519.1363,0.54794925,669.9594
1896,239.81985,212.36082,551.00024,0.53447264,1367.8104
1897,252.5732,216.38206,641.43335,0.5342041,2006.4685
1898,259.8231,220.72617,747.13104,0.52663577,1994.461
1899,198.26402,218.47995,717.8272,0.5211914,56.521774
1900,467.19104,243.35106,6213.193,0.5331543,11252.923
1901,201.42303,239.15826,5750.09,0.5266113,105.94643
1902,215.0884,236.75128,5227.223,0.53447264,569.06415
1903,206.38214,233.71437,4787.5063,0.53569335,232.65073
1904,467.86267,257.1292,9243.044,0.52563477,11808.312
1905,210.28513,252.44481,8516.232,0.5189209,426.28806
1906,199.24185,247.12451,7919.359,0.5330567,103.30062
1907,199.4776,242.35982,7331.7437,0.5410889,119.08421
1908,210.1483,239.13867,6691.9517,0.5470215,622.01855
1909,224.22704,237.6475,6042.7686,0.5421387,893.7834
1910,200.61505,233.94426,5561.9175,0.5398926,165.15295
1911,197.60254,230.31009,5124.591,0.5468506,43.22823
1912,327.53967,240.03305,5462.955,0.5404053,5575.205
1913,216.94127,237.72388,4964.6504,0.5376221,767.05695
1914,230.27548,236.97903,4473.178,0.5350342,1039.661
1915,204.78589,233.75972,4119.1357,0.52749026,355.80817
1916,198.1428,230.19803,3821.3928,0.5313721,78.37002
1917,199.60757,227.13898,3523.4734,0.5421875,117.405266
1918,206.89204,225.11429,3208.0205,0.54433596,273.20868
1919,199.31021,222.53387,2947.1448,0.5388428,76.38073
1920,202.4559,220.52608,2688.7114,0.542627,190.133
1921,259.2256,224.39603,2554.629,0.5378418,2221.7622
1922,250.15245,226.97166,2358.8713,0.53510743,1744.1544
1923,201.35794,224.4103,2182.0298,0.5369385,160.61978
1924,211.36194,223.10545,1979.15,0.53999025,412.5274
1925,199.00037,220.69495,1833.5299,0.529541,58.257545
1926,209.40646,219.5661,1661.6456,0.5395264,439.4807
1927,198.10228,217.41972,1536.9436,0.53808594,51.47925
1928,361.07343,231.7851,3240.524,0.5383057,7485.807
1929,196.38885,228.24547,3029.232,0.531836,37.604416
1930,202.60402,225.68132,2785.4822,0.54418945,195.6519
1931,198.16205,222.9294,2575.0918,0.54621583,79.53313
1932,199.13457,220.54991,2368.54,0.54816896,158.29172
1933,217.76085,220.27101,2132.386,0.5492188,464.2739
1934,216.86108,219.93002,1920.1938,0.53552246,543.8354
1935,203.13141,218.25017,1753.5719,0.53100586,130.41658
1936,196.40607,216.06577,1621.1594,0.5394287,24.80812
1937,197.81897,214.24109,1489.0085,0.5455322,47.77676
1938,199.42683,212.75966,1359.8593,0.5385254,101.47545
1939,234.37161,214.92085,1265.9102,0.5344238,1526.2947
1940,199.00192,213.32896,1162.1262,0.52766114,104.371346
1941,199.21753,211.91782,1063.8354,0.5397949,123.333916
1942,241.45833,214.87187,1035.9896,0.54191893,1748.4524
1943,227.15382,216.10007,945.9668,0.53027344,1377.3481
1944,223.27716,216.81778,856.00604,0.52856445,954.3476
1945,200.02509,215.1385,795.7849,0.5244873,128.82256
1946,198.51529,213.47618,741.07623,0.53027344,73.37104
1947,203.22345,212.45091,676.42926,0.53791505,242.37186
1948,356.41135,226.84695,2474.0007,0.53232425,5699.3604
1949,199.17787,224.08005,2295.5027,0.5294922,111.346855
1950,278.83038,229.55508,2335.7363,0.5348145,3632.3406
1951,197.85535,226.38512,2192.6013,0.53740233,113.237175
1952,196.83565,223.43018,2051.9265,0.5461914,39.381367
1953,200.84921,221.17207,1892.6248,0.5503662,131.15565
1954,277.2151,226.77637,1986.036,0.54243165,3465.6345
1955,204.21103,224.51984,1833.2599,0.53637695,274.7632
1956,207.95236,222.86308,1674.6372,0.53425294,264.0006
1957,1211.7826,321.75504,89523.734,0.5341309,40321.184
1958,1771.5757,466.73712,269749.56,0.523584,53863.867
1959,198.26282,439.88968,249261.66,0.5144043,63.101795
1960,215.41815,417.44254,228870.36,0.535083,618.78314
1961,207.1253,396.41083,209964.31,0.53234863,344.70602
1962,256.83597,382.45334,190721.17,0.5289551,2403.0305
1963,196.26149,363.83417,174769.11,0.5256592,27.761667
1964,201.3981,347.59058,159666.89,0.5366699,273.14133
1965,199.98709,332.83023,145661.0,0.53977054,179.56465
1966,196.58633,319.20584,132765.5,0.5348145,38.631927
1967,204.09009,307.69427,120681.586,0.53583986,215.44331
1968,198.5747,296.78232,109685.06,0.5338135,75.80769
1969,234.92513,290.5966,99060.92,0.5336914,1282.9495
1970,638.0762,325.34454,100021.61,0.52617186,19079.396
1971,202.2229,313.03238,91383.75,0.5133301,173.7733
1972,219.25763,303.6549,83036.805,0.53059083,731.2694
1973,401.947,313.48413,75602.64,0.53100586,9233.788
1974,270.77112,309.21283,68206.57,0.5263916,2968.688
1975,211.53159,299.4447,62244.66,0.5237549,490.70593
1976,214.17233,290.91748,56674.617,0.5320801,436.71326
1977,204.37967,282.2637,51681.145,0.527002,252.01389
1978,204.96655,274.534,47050.766,0.52797854,238.15268
1979,195.80983,266.6616,42903.465,0.5280029,31.611614
1980,195.53171,259.5486,39068.47,0.5418213,29.950027
1981,204.8549,254.07924,35430.848,0.54226077,316.6012
1982,195.86574,248.25789,32192.756,0.5388428,53.019848
1983,202.59694,243.69179,29161.123,0.53972167,226.15805
1984,205.42438,239.86505,26376.805,0.5459717,286.30124
1985,198.48154,235.7267,23893.258,0.53928226,119.563484
1986,222.59155,234.41318,21519.46,0.53740233,1101.3159
1987,300.41092,241.01295,19759.527,0.5414551,4119.594
1988,1623.8104,379.29272,189875.17,0.5311279,64263.254
1989,196.55283,361.01874,173893.11,0.531836,43.677174
1990,197.54414,344.67126,158908.95,0.5431641,65.12091
1991,198.97707,330.10184,144928.47,0.54169923,86.774635
1992,197.00574,316.79224,132029.92,0.5426758,68.018616
1993,243.33246,309.44626,119312.6,0.5461426,2026.3148
1994,210.67177,299.56882,108259.414,0.53579104,517.47876
1995,196.26102,289.23804,98393.99,0.5340576,36.45117
1996,198.64949,280.17917,89293.16,0.5421631,84.58751
1997,300.7638,282.23764,80401.98,0.5482178,4593.658
1998,197.18536,273.73242,73012.83,0.5327881,62.96255
1999,196.73653,266.03284,66245.09,0.5386963,49.954834
2000,695.13416,308.94296,76192.1,0.54138184,22055.496
2001,200.11362,298.06003,69638.836,0.5394775,137.70697
2002,197.83167,288.0372,63579.062,0.54350585,65.86079
2003,199.95259,279.22873,57919.457,0.5412354,124.60264
2004,196.44604,270.95047,52744.277,0.53376466,68.89014
2005,201.60043,264.01547,47902.695,0.54587406,299.9498
2006,200.10951,257.62488,43479.984,0.54672855,168.83029
2007,207.93726,252.65611,39354.184,0.5475098,555.5568
2008,204.01724,247.79222,35631.68,0.5456055,269.85947
2009,213.67822,244.38083,32173.248,0.5387207,779.12573
2010,197.56232,239.69897,29153.2,0.5393799,112.34299
2011,219.0293,237.632,26276.328,0.54311526,1030.8804
2012,198.4819,233.717,23786.64,0.53842777,125.21946
2013,200.51018,230.39632,21507.219,0.5498047,132.34726
2014,199.40125,227.29681,19442.959,0.54465336,151.91005
2015,207.12894,225.28003,17535.27,0.5450684,264.23376
2016,198.32422,222.58444,15847.138,0.540332,81.96683
2017,219.06235,222.23224,14263.54,0.5425293,892.07587
2018,228.41183,222.8502,12840.622,0.5364014,1069.5376
2019,198.47304,220.41249,11610.042,0.53684086,97.05277
2020,210.25226,219.39647,10458.328,0.5363037,410.3198
2021,670.1626,264.47308,27699.602,0.53930664,21394.443
2022,196.01389,257.62717,25351.44,0.5281006,46.391037
2023,197.91167,251.65561,23137.229,0.545166,74.00744
2024,198.79666,246.36972,21074.97,0.54313964,87.96662
2025,212.7278,243.00552,19069.334,0.54401857,505.34305
2026,542.5504,272.96002,25237.842,0.5325195,11785.778
2027,519.766,297.64062,28196.244,0.5282227,14122.075
2028,204.75378,288.35193,26153.137,0.52128905,200.33884
2029,203.89835,279.90656,24179.738,0.5284912,226.07896
2030,198.64131,271.78003,22356.127,0.52473146,69.59777
2031,197.90067,264.3921,20611.748,0.53239745,97.73073
2032,207.49373,258.70224,18841.941,0.54594725,360.90045
2033,297.5564,262.58765,17093.615,0.5374512,2835.8188
2034,205.36328,256.8652,15678.97,0.52995604,352.33438
2035,205.25674,251.70436,14350.782,0.5352783,261.71072
2036,203.22446,246.85637,13127.23,0.53271484,228.55823
2037,213.46155,243.51689,11914.876,0.5386719,507.6782
2038,199.94217,239.15942,10894.276,0.52053225,101.11258
2039,213.51965,236.59544,9864.015,0.5357178,758.4542
2040,203.84177,233.32007,8974.165,0.53041995,241.9027
2041,243.6997,234.35803,8086.4443,0.53403324,2071.5442
2042,195.71907,230.49414,7412.167,0.5256104,35.19165
2043,196.36942,227.08167,6775.755,0.54104006,49.658554
2044,194.18005,223.7915,6195.6055,0.5436768,20.35427
2045,199.26965,221.33932,5630.164,0.54465336,238.61087
2046,199.76837,219.18224,5109.0254,0.55253905,238.73601
2047,194.31973,216.69598,4653.756,0.5498535,35.87976
2048,198.0411,214.83049,4219.7,0.55502933,161.21045
2049,195.99614,212.94705,3829.656,0.5539551,60.609993
2050,201.23567,211.77591,3459.0344,0.55512697,337.95862
2051,246.01318,215.19963,3218.628,0.5519287,2156.204
2052,214.70326,215.15,2896.7874,0.54482424,711.0209
2053,195.63261,213.19826,2641.392,0.53999025,67.96387
2054,200.09238,211.88766,2392.7117,0.54577637,138.33362
2055,208.81699,211.5806,2154.289,0.5421631,617.31915
2056,194.90945,209.91348,1963.8735,0.5429932,35.321373
2057,225.74002,211.49614,1790.0293,0.5509033,972.7196
2058,216.25552,211.97208,1613.065,0.54960936,947.9931
2059,198.86449,210.66132,1467.2212,0.539917,136.39627
2060,202.01138,209.79633,1327.233,0.54973143,174.6782
2061,198.88959,208.70566,1205.2158,0.5385254,107.41905
2062,211.71278,209.00638,1085.508,0.53850096,426.74524
2063,199.12766,208.01851,985.74023,0.527417,106.09188
2064,210.16887,208.23355,887.58234,0.54104006,448.93567
2065,198.40814,207.251,807.5126,0.5341797,180.03287
2066,197.65294,206.2912,735.05237,0.5375244,81.41752
2067,197.18848,205.38092,669.00446,0.53891605,74.13388
2068,195.27591,204.37042,611.294,0.54172367,38.69611
2069,265.09995,210.44337,882.0913,0.54313964,3170.2231
2070,204.33829,209.83287,797.2367,0.54035646,398.49573
2071,197.50075,208.59966,731.2003,0.5471436,109.100555
2072,197.76561,207.51625,668.64417,0.5457031,96.42946
2073,196.60901,206.42552,612.4868,0.55183107,101.96746
2074,198.37012,205.61998,557.0782,0.5513672,137.2006
2075,194.34613,204.4926,512.8093,0.5432129,29.126173
2076,220.28296,206.07164,483.96857,0.5549561,774.3269
2077,267.16428,212.18091,771.4796,0.54731447,2526.1624
2078,199.88092,210.95091,707.9477,0.53674316,111.471016
2079,624.9281,252.34863,16061.09,0.5416016,18266.953
2080,218.97894,249.01166,14555.198,0.5378418,503.29355
2081,201.77414,244.2879,13300.503,0.5317139,274.35846
2082,201.27243,239.98636,12136.982,0.53840333,169.99689
2083,196.26837,235.61456,11095.297,0.5449219,65.56341
2084,196.06412,231.65952,10126.549,0.55046386,52.16483
2085,195.8958,228.08315,9229.008,0.54157716,39.860638
2086,243.17628,229.59245,8326.609,0.5352295,1951.3706
2087,224.46747,229.07996,7496.3125,0.53159183,1149.5153
2088,211.27684,227.29965,6775.207,0.52951664,655.7459
2089,211.00728,225.67041,6121.5757,0.531665,481.10858
2090,199.50858,223.05423,5571.018,0.52617186,122.501045
2091,196.93712,220.44252,5075.3057,0.53615725,87.49387
2092,196.87549,218.08582,4617.761,0.5444824,59.31131
2093,197.9357,216.0708,4192.5273,0.54663086,156.70436
2094,4151.9927,609.66296,1.3980065e+06,0.5440674,176804.5
2095,200.3819,568.73486,1.2732819e+06,0.53737795,273.34317
2096,195.73096,531.43445,1.1584756e+06,0.5480713,64.04265
2097,199.34329,498.22534,1.0525536e+06,0.5481445,228.35887
2098,204.49026,468.85184,955063.44,0.5570313,527.5469
2099,196.89592,441.65625,866213.5,0.5494141,117.35279
2100,259.27527,423.41815,782585.8,0.5467041,2591.007
2101,215.7084,402.6472,708210.06,0.539209,653.5391
2102,195.39444,381.9219,641254.9,0.54379886,62.980087
2103,196.51973,363.38168,580223.0,0.5498291,103.083
2104,195.9609,346.63962,524723.4,0.5469727,117.77358
2105,252.29015,337.20468,473052.2,0.5549561,2620.2397
2106,208.42665,324.32687,427239.5,0.54758304,654.35657
2107,194.32628,311.3268,386036.53,0.5494385,36.274734
2108,227.96562,302.9907,348058.28,0.55424803,1417.5059
2109,213.00896,293.99252,313981.12,0.54550785,840.7706
2110,199.83807,284.5771,283380.84,0.5431885,205.61885
2111,196.02141,275.72153,255748.55,0.5436279,79.355545
2112,200.79332,268.2287,230678.97,0.5526611,183.94499
2113,196.02875,261.0087,208080.22,0.5452881,137.11414
2114,193.5014,254.25797,187682.34,0.5561768,25.75764
2115,196.21841,248.45401,169217.28,0.55583495,132.25502
2116,195.19626,243.12823,152550.83,0.5450684,94.69851
2117,208.66699,239.68211,137402.61,0.5545166,659.24335
2118,196.3366,235.34756,123831.445,0.5484619,126.75233
2119,193.75679,231.18849,111603.98,0.56284183,34.976948
2120,200.02045,228.07169,100531.01,0.55524904,162.50433
2121,201.09567,225.37408,90543.4,0.5490479,317.01657
2122,234.15306,226.25198,81496.0,0.54348147,1225.4845
2123,206.21515,224.2483,73382.53,0.5390381,379.67627
2124,195.76192,221.39967,66117.31,0.5336426,46.345394
2125,198.95758,219.15546,59550.91,0.5425049,140.67654
2126,206.93472,217.93338,53609.258,0.5435547,346.23
2127,196.4899,215.78903,48289.715,0.54567873,84.618004
2128,195.21332,213.73146,43498.844,0.54604495,49.60166
2129,194.2273,211.78104,39183.195,0.54157716,45.781322
2130,336.13474,224.2164,36656.62,0.5523926,6453.256
2131,200.40024,221.83478,33042.008,0.54360354,187.9734
2132,197.98453,219.44975,29789.0,0.5483643,107.72735
2133,203.04715,217.8095,26834.312,0.5465088,179.77779
2134,206.46268,216.6748,24162.469,0.5391113,443.66965
2135,348.04126,229.81145,23299.365,0.54680175,6825.391
2136,197.88554,226.61885,21061.162,0.5413086,115.74456
2137,195.94347,223.55132,19039.732,0.5526611,100.88716
2138,194.11044,220.60722,17213.768,0.55529785,46.18442
2139,194.41411,217.98792,15554.137,0.54956055,60.54531
2140,344.17026,230.60616,15431.702,0.5570801,6382.4863
2141,2441.9275,451.73828,453983.28,0.54550785,101702.94
2142,200.11488,426.57593,414283.25,0.5361328,210.60513
2143,3120.1982,695.9382,1.025859e+06,0.54509276,132209.3
2144,193.9239,645.73676,945954.75,0.54550785,30.962313
2145,195.62646,600.7257,869593.2,0.5538818,50.682266
2146,197.56201,560.40936,797262.56,0.55661625,142.91702
2147,209.80743,525.3492,728599.25,0.5546875,462.31348
2148,199.8389,492.79816,665275.44,0.5459717,150.58337
2149,237.18289,467.23663,604628.44,0.5466553,1932.2051
2150,318.75513,452.3885,546149.8,0.53720707,5016.665
2151,194.7537,426.625,497508.62,0.5267822,49.864758
2152,197.60895,403.7234,452478.12,0.54521483,145.40929
2153,208.75061,384.2261,410651.6,0.54934084,334.77032
2154,212.91537,367.09503,372227.7,0.5418213,745.456
2155,197.26321,350.11185,337600.75,0.54125977,85.78811
2156,197.95905,334.89658,305924.22,0.54716796,164.00374
2157,198.78354,321.28528,276999.22,0.5380127,126.51721
2158,203.39645,309.4964,250550.1,0.5396973,281.09485
2159,199.0661,298.45337,226592.61,0.5334229,181.59372
2160,213.87299,289.99533,204577.19,0.5452637,901.47406
2161,201.3786,281.13367,184826.23,0.54558104,210.46483
2162,201.55595,273.1759,166913.55,0.5415039,276.00244
2163,221.7072,268.02902,150460.61,0.54636234,973.85
2164,235.29504,264.7556,135510.98,0.53828126,1809.3281
2165,200.68637,258.3487,122329.32,0.52436525,232.92104
2166,218.20486,254.3343,110241.43,0.5447998,821.412
2167,214.82422,250.3833,99357.77,0.5395264,831.1531
2168,196.96106,245.04108,89678.84,0.54311526,130.8727
2169,219.91273,242.52824,80767.78,0.5499024,854.11505
2170,199.81137,238.25656,72855.23,0.5453858,225.14888
2171,267.52313,241.18321,65646.79,0.5528076,2668.5166
2172,202.38745,237.30363,59217.566,0.54775393,298.2474
2173,196.2492,233.1982,53447.5,0.5459229,118.7362
2174,195.69885,229.44826,48229.31,0.5514404,100.1347
2175,201.85187,226.68861,43474.918,0.5494873,263.88367
2176,205.24017,224.54376,39168.83,0.5437256,485.0928
2177,195.28928,221.61832,35328.97,0.5438477,71.56705
2178,258.5927,225.31575,31919.111,0.54902345,1971.9457
2179,541.4658,256.93076,37722.777,0.5470703,15741.387
2180,195.76427,250.8141,34287.22,0.54062504,136.01079
2181,193.52328,245.08502,31153.896,0.55051273,29.532507
2182,192.75389,239.85191,28284.977,0.54938966,23.029993
2183,201.3302,235.99974,25590.031,0.5567627,292.70148
2184,198.7471,232.27448,23155.926,0.5499512,135.32901
2185,199.72955,229.01999,20935.658,0.5576416,227.30237
2186,209.95972,227.11397,18874.79,0.5494873,653.5892
2187,196.23618,224.02618,17073.12,0.5452881,78.35761
2188,212.56189,222.87976,15377.635,0.5542725,549.9563
2189,262.68213,226.86,13982.451,0.5487549,3072.5015
2190,328.18628,236.99263,13508.236,0.5442627,5702.759
2191,193.66014,232.65938,12326.406,0.5425293,28.882633
2192,230.75742,232.46918,11094.091,0.5569092,1675.0885
2193,192.08131,228.43039,10131.488,0.55302733,16.147802
2194,194.11047,224.9984,9224.347,0.5588623,39.88088
2195,230.66739,225.56529,8304.805,0.5536621,1019.27295
2196,193.96112,222.40488,7564.2188,0.5456055,55.50233
2197,193.5334,219.51773,6882.8174,0.5580322,42.673237
2198,203.91943,217.9579,6216.433,0.5626709,331.29877
2199,197.1294,215.87505,5633.834,0.553833,136.56099
2200,194.11642,213.69919,5113.06,0.55458987,52.411095
2201,205.1212,212.84138,4608.3765,0.5572998,426.5508
2202,197.47902,211.30515,4168.779,0.5470459,120.99133
2203,207.13144,210.88777,3753.4688,0.54313964,393.82535
2204,259.0591,215.70491,3586.9648,0.53828126,2504.4714
2205,456.1577,239.75018,8431.848,0.5282227,11856.0625
2206,194.31581,235.20674,7774.4478,0.5296631,26.698603
2207,195.00584,231.18665,7142.453,0.5459961,68.97189
2208,210.5546,229.12344,6466.519,0.5551758,546.44727
2209,198.6579,226.07689,5903.4004,0.5379395,128.71288
2210,198.14261,223.28346,5383.289,0.5400879,135.81876
2211,196.5322,220.60834,4909.3667,0.54016113,110.85902
2212,196.123,218.1598,4472.3877,0.5434082,72.45156
2213,209.36029,217.27985,4032.1177,0.5454834,518.8872
2214,194.17668,214.96953,3676.944,0.5410156,51.688007
2215,199.14105,213.38669,3331.798,0.5539307,206.22302
2216,194.91747,211.53976,3029.3184,0.54472655,53.91119
2217,213.4372,211.7295,2726.7104,0.5505371,732.76807
2218,195.82718,210.13928,2476.7988,0.5349609,93.016014
2219,201.58768,209.28412,2235.7007,0.5452637,351.93762
2220,207.32904,209.08861,2012.4746,0.54035646,540.19183
2221,195.21037,207.70079,1828.5615,0.5385254,109.21985
2222,196.33263,206.56398,1657.3364,0.54865724,160.82613
2223,196.14629,205.52222,1501.3702,0.55493164,97.95567
2224,200.30464,205.00046,1353.6832,0.5482666,254.34508
2225,194.18839,203.91925,1228.8359,0.5589844,59.240253
2226,192.86191,202.81352,1116.956,0.5625,34.64295
2227,196.06717,202.13889,1009.35657,0.5667969,148.77937
2228,193.51016,201.27602,915.1218,0.55578613,41.769695
2229,196.97076,200.84549,825.2778,0.55732423,131.21638
2230,238.97049,204.65799,873.5664,0.55417484,1361.1213
2231,566.18176,240.81036,12549.159,0.542334,15688.477
2232,245.11072,241.2404,11295.907,0.5365967,2298.47
2233,220.55977,239.17233,10204.808,0.5297608,1058.5565
2234,520.8679,267.3419,16326.044,0.5438965,13824.073
2235,197.30984,260.33868,15134.843,0.5358887,134.48859
2236,931.72375,327.4772,54189.57,0.54794925,33096.547
2237,194.28976,314.15845,50367.113,0.53195804,38.415234
2238,198.11667,302.55426,46542.312,0.55002445,179.76012
2239,206.36002,292.93484,42720.88,0.551001,415.80005
2240,193.32242,282.9736,39341.824,0.5499756,42.581654
2241,193.11487,273.98773,36134.355,0.55336916,55.865242
2242,193.20605,265.90958,33108.23,0.55734867,33.555367
2243,193.56677,258.6753,30268.42,0.5576416,40.682922
2244,199.04596,252.71236,27561.588,0.55705565,276.5257
2245,206.29663,248.07079,24999.326,0.5543213,424.05435
2246,192.75806,242.53952,22774.748,0.5497559,24.878098
2247,194.19147,237.70471,20707.65,0.54987794,56.308964
2248,194.35062,233.36931,18806.047,0.5560303,48.033306
2249,219.33144,231.96552,16943.178,0.5558106,918.182
2250,194.56021,228.22499,15374.784,0.54885256,51.495674
2251,192.87924,224.69041,13949.745,0.5552735,40.27246
2252,194.14365,221.63574,12638.75,0.5636963,140.77394
2253,195.44122,219.0163,11436.628,0.5675537,107.821465
2254,198.182,216.93286,10332.031,0.56464845,251.94191
2255,192.9437,214.53395,9350.621,0.5568604,53.787224
2256,197.25609,212.80617,8442.426,0.5588623,248.43823
2257,194.16814,210.94237,7629.447,0.55632323,99.847015
2258,192.80177,209.12831,6896.119,0.5565918,27.181486
2259,193.6106,207.57654,6228.179,0.56394047,50.429237
2260,197.66235,206.58511,5614.2075,0.56364745,118.921616
2261,264.8687,212.41347,5358.5146,0.5560303,2511.7065
2262,193.34766,210.50688,4855.3784,0.54916996,53.627056
2263,200.1004,209.46623,4379.587,0.5560791,288.58026
2264,229.58527,211.47813,3978.0579,0.5536133,952.27386
2265,195.10562,209.84088,3604.3772,0.5474121,68.315125
2266,205.72327,209.42912,3245.4653,0.5494873,280.11066
2267,192.53085,207.73929,2946.6184,0.53977054,29.683502
2268,332.75433,220.2408,4058.5452,0.55371094,6344.4287
2269,193.53226,217.56995,3716.8918,0.5435547,77.189156
2270,240.15381,219.82834,3391.1055,0.5592529,1956.6017
2271,196.99744,217.54524,3098.9072,0.5507569,126.55056
2272,193.18054,215.10876,2842.4438,0.5557373,37.877956
2273,193.90688,212.98857,2598.656,0.5568604,59.604744
2274,193.96376,211.08609,2371.3652,0.55524904,62.555668
2275,324.43152,222.42064,3290.4756,0.55869144,5784.605
2276,196.83871,219.86244,3020.3271,0.55471194,157.40471
2277,195.05548,217.38174,2773.679,0.5552002,84.50049
2278,195.14624,215.15819,2540.8086,0.55178225,72.98804
2279,193.2127,212.96364,2330.072,0.55083007,44.421688
2280,206.09619,212.27689,2101.3093,0.555542,597.92456
2281,193.0433,210.35353,1924.4722,0.55253905,48.168407
2282,203.24963,209.64314,1736.5668,0.55402833,327.84183
2283,193.77422,208.05624,1585.5741,0.54951173,50.615265
2284,210.98201,208.34882,1427.787,0.55283207,778.60034
2285,209.1771,208.43164,1285.07,0.54604495,500.95486
2286,195.53287,207.14177,1171.537,0.5367188,156.20576
2287,193.27377,205.75497,1071.6923,0.5560547,44.1433
2288,199.11224,205.0907,968.4943,0.5545654,225.616
2289,311.992,215.78082,1900.1548,0.55747074,3851.6902
2290,199.45258,214.148,1734.1343,0.5454834,193.67787
2291,198.47934,212.58113,1582.8164,0.5454834,166.35678
2292,194.05481,210.7285,1455.4249,0.54758304,54.59815
2293,193.61107,209.01675,1336.253,0.5589356,49.838963
2294,192.4562,207.3607,1227.3104,0.55698246,31.46137
2295,196.27127,206.25175,1115.6472,0.57006836,155.61626
2296,198.52663,205.47925,1009.4535,0.5651123,173.08142
2297,292.63235,214.19456,1592.1179,0.5598877,4327.0513
2298,195.29405,212.30452,1465.0566,0.5581543,83.24649
2299,195.03093,210.57716,1345.4048,0.56235355,88.231026
2300,246.79585,214.19904,1328.9257,0.55976564,2401.5764
2301,192.23352,212.00249,1239.4567,0.5468506,36.52597
2302,195.70312,210.37256,1139.4211,0.56035155,115.398125
2303,248.92342,214.22765,1159.2341,0.5571045,2536.5955
2304,191.98665,212.00354,1087.8302,0.54965824,27.457993
2305,194.27936,210.23112,1007.3204,0.55998534,85.0092
2306,192.97003,208.50502,933.4034,0.5567139,65.68593
2307,198.20213,207.47473,849.61646,0.5626221,163.29617
2308,195.38657,206.26591,777.8059,0.55612797,97.98913
2309,360.45084,221.6844,2839.5945,0.55910647,7264.32
2310,198.25133,219.3411,2605.0547,0.553418,125.783806
2311,200.65263,217.47224,2375.9824,0.55231935,281.33853
2312,746.3149,270.3565,27309.094,0.5468262,24903.424
2313,197.49724,263.0706,25055.947,0.5466553,196.66423
2314,192.9023,256.05377,22993.475,0.55246586,26.585592
2315,192.81747,249.73015,21054.021,0.55859375,33.060707
2316,209.09221,245.66635,19097.248,0.55634767,803.82935
2317,199.45467,241.04518,17379.72,0.55290526,261.7412
2318,191.35266,236.07593,15863.99,0.5550537,27.867344
2319,197.78372,232.2467,14409.557,0.5624512,307.44907
2320,239.49341,232.97137,12973.327,0.55109864,2193.8843
2321,200.40529,229.71477,11771.443,0.55285645,354.72906
2322,196.66348,226.40964,10692.613,0.55837405,159.44939
2323,202.30777,223.99945,9675.633,0.5557373,388.02484
2324,204.82065,222.08157,8741.173,0.5551025,318.57535
2325,197.74886,219.6483,7920.343,0.5494873,175.2521
2326,196.0715,217.29062,7178.336,0.5539307,111.3943
2327,191.86433,214.74799,6518.6865,0.56064457,34.840794
2328,381.30624,231.40381,8363.566,0.56289065,8519.14
2329,343.2559,242.58902,8653.189,0.553125,6819.006
2330,192.08495,237.5386,8017.43,0.54555666,38.919857
2331,194.62425,233.24716,7381.435,0.56008303,87.897804
2332,395.18893,249.44135,9003.554,0.564624,8889.011
2333,282.04132,252.70134,8198.846,0.553125,3909.4883
2334,201.53912,247.58511,7614.542,0.5506836,300.94907
2335,202.0539,243.032,7039.666,0.5570313,237.57959
2336,204.52441,239.18124,6469.1543,0.5539551,526.0715
2337,1102.9938,325.5625,72977.72,0.55461425,40835.184
2338,213.89276,314.39554,66802.26,0.5432373,578.64435
2339,207.91092,303.74707,61142.54,0.54191893,567.39575
2340,192.8389,292.65625,56135.34,0.545166,23.984253
2341,198.44702,283.23532,51320.59,0.55534667,151.76138
2342,212.21655,276.13345,46642.46,0.54812014,861.89124
2343,358.10736,284.33084,42582.99,0.54169923,6379.893
2344,204.5783,276.3556,38897.13,0.53652346,497.58087
2345,194.88214,268.20825,35604.83,0.545752,105.31597
2346,192.44644,260.63208,32560.93,0.55666506,24.80141
2347,191.45844,253.71472,29735.486,0.5586182,14.637408
2348,248.9352,253.23677,26763.994,0.55986327,1737.0255
2349,196.88873,247.60196,24373.354,0.5560791,143.20967
2350,194.41214,242.28297,22190.643,0.55078125,106.80951
2351,191.8248,237.23715,20200.72,0.5603272,19.397402
2352,191.61203,232.67464,18367.998,0.56811523,23.217634
2353,191.67374,228.57455,16682.494,0.56516117,31.726656
2354,235.45702,229.2628,15018.507,0.56586915,1837.2739
2355,193.68463,225.70499,13630.579,0.55629885,64.176926
2356,194.65775,222.60027,12354.275,0.5645508,98.35128
2357,199.01929,220.24217,11168.894,0.55402833,204.76157
2358,192.70935,217.48889,10120.2295,0.55646974,38.620235
2359,193.11015,215.05103,9161.695,0.55837405,58.62418
2360,191.08047,212.65398,8297.238,0.5544678,16.084126
2361,191.47527,210.5361,7507.8823,0.5616211,30.464346
2362,191.98923,208.68141,6788.0527,0.5620117,51.22967
2363,199.95291,207.80856,6116.104,0.57390136,309.6489
2364,210.16486,208.04419,5504.993,0.5615967,835.92993
2365,232.71805,210.51158,5009.2856,0.5512207,1901.171
2366,193.74765,208.83519,4533.65,0.54455566,115.12192
2367,191.11226,207.0629,4108.5537,0.55927736,19.782427
2368,200.80458,206.43707,3701.2231,0.5579346,322.54688
2369,329.12396,218.70576,4685.7876,0.56984866,6191.596
2370,198.28076,216.66327,4254.7554,0.55942386,241.73508
2371,192.20558,214.2175,3883.1157,0.5633545,41.36175
2372,193.3446,212.1302,3534.0151,0.5616455,56.510754
2373,201.61227,211.07841,3190.57,0.55891114,266.3699
2374,198.7696,209.84753,2885.1484,0.55534667,302.21973
2375,198.80011,208.7428,2607.6177,0.55009764,221.62975
2376,195.18494,207.38701,2363.3992,0.5543213,92.65559
2377,200.98221,206.74652,2130.751,0.55263674,310.44473
2378,197.74045,205.84592,1924.9756,0.5514893,135.40063
2379,198.37216,205.09854,1737.5051,0.5475098,225.19832
2380,198.21295,204.40999,1568.0216,0.54541016,287.88293
2381,191.9043,203.15942,1425.2948,0.5477295,24.772247
2382,192.27419,202.07089,1293.4293,0.5561768,37.25386
2383,191.0755,200.97136,1174.9672,0.5634033,19.0645
2384,193.46075,200.2203,1062.5472,0.56328124,78.55836
2385,191.60023,199.3583,962.98,0.55942386,40.512646
2386,191.58528,198.58101,872.11975,0.568335,38.687893
2387,220.94537,200.81744,829.9226,0.56513673,1276.0287
2388,194.42459,200.17816,750.6085,0.5560059,135.2892
2389,202.65915,200.42625,676.1016,0.5575928,472.7358
2390,199.0459,200.28822,608.66296,0.5607422,230.86697
2391,214.62495,201.7219,566.2954,0.5456543,782.10266
2392,193.99103,200.9488,515.0448,0.5527344,75.924385
2393,217.34003,202.58792,487.72076,0.5636719,1095.2173
2394,193.89645,201.71878,445.74744,0.55632323,136.98825
2395,192.20055,200.76695,409.32642,0.5592041,51.65761
2396,191.04216,199.79448,376.9052,0.5633057,36.94551
2397,248.04353,204.61938,548.73206,0.5637695,2599.776
2398,191.79346,203.33679,508.66425,0.5593994,50.79876
2399,191.60306,202.16342,470.18906,0.5744629,32.437183
2400,191.79153,201.12624,432.852,0.56853026,46.553204
2401,191.27002,200.14061,398.30984,0.5666748,27.075066
2402,193.69336,199.49588,362.21988,0.5622315,68.19214
2403,198.35126,199.38142,326.11578,0.56396484,268.18094
2404,192.17673,198.66095,298.17587,0.55908203,41.507084
2405,198.28015,198.62286,268.37134,0.5623779,311.52747
2406,191.67117,197.92769,245.88354,0.5648438,41.208332
2407,191.65079,197.3,224.84113,0.5585205,33.87494
2408,196.13202,197.1832,202.47978,0.56469727,183.25546
2409,191.62729,196.62761,185.00992,0.5604004,42.420727
2410,191.2164,196.08649,169.14423,0.5715088,31.45978
2411,194.6939,195.94724,152.40434,0.5654297,202.93031
2412,190.80722,195.43323,139.54167,0.5643555,29.00214
2413,270.45264,202.93517,632.0996,0.5666992,3442.2432
2414,191.78943,201.82059,580.07007,0.5611572,41.43664
2415,602.02527,241.84106,14936.804,0.5674805,17669.375
2416,191.2678,236.78374,13673.3125,0.5611572,38.742603
2417,194.97694,232.60306,12463.284,0.5705078,113.297966
2418,192.27798,228.57056,11363.306,0.5633545,60.55091
2419,192.87997,225.0015,10341.618,0.5670166,89.26438
2420,220.84308,224.58565,9309.013,0.5637207,874.8707
2421,224.83495,224.61058,8378.116,0.55805665,1249.728
2422,211.34073,223.2836,7556.153,0.5473389,844.02185
2423,210.37622,221.99286,6815.5317,0.5561035,802.8002
2424,192.16165,219.00974,6214.07,0.55019534,27.271427
2425,200.77795,217.18655,5622.5786,0.56103516,413.67648
2426,191.89774,214.65767,5117.878,0.55646974,29.786247
2427,233.64066,216.55597,4638.5215,0.56394047,1771.128
2428,190.7284,213.9732,4234.705,0.5578613,19.266083
2429,203.12758,212.88864,3821.8208,0.56591797,475.66644
2430,198.15521,211.4153,3459.1753,0.5593018,212.30846
2431,193.06897,209.58066,3143.5505,0.5616943,55.523514
2432,246.81802,213.3044,2953.9912,0.56311035,1565.216
2433,200.71437,212.0454,2672.8577,0.5501221,345.87396
2434,191.1738,209.95824,2444.7778,0.5611572,36.374004
2435,209.02826,209.86523,2200.3777,0.56523436,574.10144
2436,250.47379,213.92609,2128.755,0.5548584,2652.3977
2437,191.63289,211.69676,1960.6082,0.549292,33.7965
2438,190.31772,209.55885,1805.683,0.56853026,13.634747
2439,200.37866,208.64084,1632.6995,0.5734863,447.22842
2440,194.34605,207.21136,1487.8202,0.5662109,90.38025
2441,275.74225,214.06445,1761.7216,0.5650391,3688.5132
2442,207.90881,213.44888,1588.9596,0.554419,709.4301
2443,203.11386,212.41537,1439.6768,0.55651855,346.48706
2444,192.13568,210.3874,1332.723,0.55668944,57.924866
2445,201.94717,209.54338,1205.862,0.5675049,499.04968
2446,1090.7504,297.66406,70972.586,0.55625004,40736.844
2447,191.07974,287.0056,64897.746,0.5620117,30.74975
2448,190.64359,277.36942,59243.68,0.57092285,24.346106
2449,190.8157,268.71405,53993.55,0.57294923,31.124903
2450,200.57907,261.90054,49012.008,0.5727295,283.12747
2451,190.56534,254.76703,44568.79,0.56235355,32.550785
2452,190.48108,248.33844,40483.85,0.5732178,20.222908
2453,192.63084,242.76768,36714.766,0.57473147,71.801765
2454,190.3389,237.52481,33290.68,0.5618164,23.89984
2455,423.45676,256.118,33072.973,0.572583,10308.693
2456,191.08652,249.61487,30146.293,0.5649902,48.311226
2457,190.53159,243.70654,27445.838,0.5734375,36.026882
2458,217.11102,241.047,24764.912,0.5772705,691.11615
2459,191.7993,236.12222,22506.7,0.57141113,55.425625
2460,190.57652,231.56766,20442.727,0.573291,23.173685
2461,191.05463,227.51636,18546.172,0.5772461,31.769386
2462,192.18686,223.98341,16803.889,0.5734375,49.15395
2463,192.68999,220.85406,15211.635,0.5674316,94.57895
2464,191.3975,217.90842,13768.5625,0.56416017,40.96359
2465,192.30434,215.348,12450.707,0.57087404,64.57836
2466,201.73183,213.98639,11222.322,0.5650879,435.67706
2467,191.21237,211.70898,10146.769,0.5641846,51.31183
2468,199.90172,210.52826,9144.639,0.5671143,326.4358
2469,206.93306,210.16873,8231.338,0.5692871,527.1439
2470,192.45032,208.3969,7436.459,0.5594727,42.816803
2471,192.42102,206.79932,6715.7837,0.5709961,42.782803
2472,201.03938,206.22333,6047.1914,0.56513673,283.2384
2473,191.9259,204.79358,5460.8696,0.557666,44.80603
2474,192.62692,203.57692,4928.105,0.56687015,60.613503
2475,208.22891,204.04211,4437.242,0.5635254,456.4428
2476,192.50464,202.88837,4005.4983,0.5541992,75.2727
2477,191.36084,201.73561,3616.908,0.5653076,53.287098
2478,192.35713,200.79776,3263.133,0.56521,104.93997
2479,190.64545,199.78253,2946.096,0.5664307,25.305763
2480,195.83426,199.38771,2652.8892,0.57214355,175.78683
2481,200.38248,199.48718,2387.6892,0.565625,341.5277
2482,190.12317,198.55078,2156.812,0.5633545,21.702421
2483,243.42798,203.0385,2122.3875,0.5687256,2275.1155
2484,191.15446,201.8501,1922.8594,0.55783695,54.750484
2485,192.28783,200.89388,1738.8027,0.5708985,71.41332
2486,191.53511,199.958,1572.8052,0.568335,57.331776
2487,190.70798,199.03299,1423.2252,0.567334,30.844437
2488,232.04352,202.33405,1378.9752,0.5725586,1897.937
2489,193.14215,201.41486,1248.6819,0.55964357,115.91991
2490,250.80591,206.35396,1343.3666,0.56118166,2451.0842
2491,193.25017,205.04358,1224.4836,0.5583008,86.38969
2492,191.29942,203.66916,1119.0364,0.56550294,31.491304
2493,215.06017,204.80826,1018.8106,0.56635743,1064.1221
2494,191.82687,203.51012,932.096,0.56186527,66.42607
2495,193.46272,202.50537,847.9719,0.570459,121.38608
2496,197.56725,202.01157,765.3694,0.56901854,158.50525
2497,194.58746,201.26915,693.79297,0.56608886,162.08702
2498,191.1835,200.26059,633.5685,0.5727539,59.359123
2499,190.79044,199.31357,578.28314,0.56789553,32.290638
2500,190.14993,198.3972,528.0123,0.56845707,26.37528
2501,191.2687,197.68436,479.7845,0.5693604,48.111187
2502,193.00598,197.21652,433.77588,0.57517093,96.93199
2503,189.72298,196.46716,395.4521,0.5664307,17.433218
2504,190.85399,195.90585,358.74258,0.57297367,46.800835
2505,190.78772,195.39404,325.2259,0.56645507,36.758778
2506,191.46951,195.00159,294.08948,0.5678223,53.812546
2507,189.91882,194.49332,267.0056,0.56767577,37.873943
2508,189.56525,194.0005,242.49078,0.5767822,18.769737
2509,190.49548,193.65,219.34737,0.5800293,30.857227
2510,189.9989,193.28488,198.61237,0.5713623,33.230858
2511,191.12927,193.06932,179.16931,0.5781006,50.58972
2512,209.42934,194.70532,185.34088,0.5744141,714.0657
2513,219.65877,197.20067,222.84749,0.56081545,1219.4215
2514,195.34265,197.01486,200.87344,0.55007327,214.23506
2515,274.18344,204.73172,716.73517,0.568042,3679.2827
2516,191.4225,203.4008,661.00385,0.5621338,36.86663
2517,202.46365,203.30708,594.9825,0.56826174,570.74335
2518,192.36261,202.21263,546.2645,0.5654785,76.027
2519,191.81732,201.1731,501.3637,0.563501,43.01716
2520,342.15735,215.27151,2240.1177,0.57097167,5442.5786
2521,198.86557,213.63092,2040.3298,0.55146486,387.07538
2522,217.89261,214.05708,1837.9314,0.56064457,1058.9623
2523,192.98535,211.9499,1694.0997,0.5586182,68.8546
2524,191.90659,209.94557,1560.8458,0.56601566,53.06946
2525,192.9358,208.2446,1430.8011,0.5678711,88.13935
2526,203.57544,207.77768,1289.6831,0.56691897,382.126
2527,190.9494,206.09485,1186.2019,0.55576175,64.94436
2528,191.10538,204.5959,1087.8032,0.5739258,54.285637
2529,190.69183,203.20549,996.42194,0.57229006,34.42906
2530,202.8717,203.17212,896.7898,0.5729248,554.5299
2531,193.48947,202.20386,815.54865,0.5637695,123.28905
2532,189.2233,200.9058,749.1583,0.57246095,16.86398
2533,432.77875,224.09311,5513.0977,0.5750977,10989.547
2534,190.40192,220.72398,5063.947,0.57309574,28.93429
2535,191.3006,217.78165,4635.4683,0.5716553,77.64909
2536,189.39568,214.94305,4244.44,0.56933594,22.418047
2537,222.31508,215.68025,3824.887,0.5798584,1492.9657
2538,193.75787,213.488,3485.6514,0.5664307,160.65752
2539,799.6706,272.10626,34061.992,0.57260746,27410.46
2540,198.26262,264.7219,31146.553,0.5682861,252.8237
2541,190.99097,257.34882,28521.16,0.5638428,37.45972
2542,191.84969,250.7989,26055.156,0.57399905,54.829845
2543,191.61542,244.88055,23764.88,0.5695068,73.56263
2544,239.4591,244.33841,21391.037,0.5672119,2130.445
2545,197.85223,239.68979,19446.42,0.55683595,295.72403
2546,195.61317,235.28214,17676.625,0.56279296,221.81883
2547,199.90948,231.74487,16021.573,0.5617432,388.14566
2548,195.09842,228.08023,14540.282,0.5641846,202.79495
2549,189.93025,224.26523,13217.241,0.5690674,27.204287
2550,193.34685,221.17339,11981.552,0.5733399,142.03702
2551,188.93187,217.94923,10876.952,0.56779784,22.05571
2552,189.49991,215.10431,9862.1,0.57346195,19.589561
2553,191.47757,212.74164,8926.13,0.5728516,52.51841
2554,190.17236,210.48471,8079.3604,0.56979984,31.536264
2555,189.55676,208.39192,7310.8423,0.5820069,30.57347
2556,193.70297,206.92303,6599.177,0.5812256,168.03117
2557,192.78407,205.50914,5957.251,0.5768799,129.43434
2558,213.28021,206.28625,5366.961,0.5805664,709.0922
2559,191.70041,204.82767,4849.412,0.57023925,64.344666
2560,190.25044,203.36995,4383.595,0.5780029,32.841164
2561,194.75381,202.50833,3951.917,0.57539064,195.65602
2562,204.66823,202.72432,3557.145,0.57314456,624.0376
2563,195.63065,202.01495,3205.9592,0.5640381,205.4622
2564,192.75015,201.08847,2893.0886,0.56879884,91.410835
2565,1197.4204,300.72168,91944.73,0.568335,45319.934
2566,190.41374,289.6909,83845.35,0.5619141,25.3127
2567,192.04794,279.9266,76318.89,0.57458496,113.770256
2568,192.10529,271.14447,69381.13,0.5713135,56.733868
2569,190.65543,263.09558,63026.086,0.5695068,41.54517
2570,210.03268,257.7893,56976.887,0.5648926,821.1621
2571,220.2355,254.03392,51406.12,0.555957,1273.8777
2572,193.33792,247.96432,46597.07,0.55336916,90.72762
2573,191.08084,242.27597,42228.58,0.56789553,25.518562
2574,190.6251,237.11089,38245.824,0.5645264,35.854794
2575,191.20901,232.52069,34610.87,0.572876,87.45183
2576,209.85074,230.2537,31196.04,0.5772217,886.8711
2577,207.21935,227.95026,28124.188,0.5737549,693.9015
2578,189.77318,224.13255,25442.941,0.56608886,34.071644
2579,190.86728,220.80603,22998.238,0.575,38.863747
2580,217.47937,220.47336,20699.41,0.57436526,1086.96
2581,201.88266,218.61429,18660.572,0.568335,459.63535
2582,211.6887,217.92172,16798.832,0.55908203,952.2138
2583,189.75662,215.10521,15190.344,0.5595215,17.80175
2584,192.17383,212.81207,13718.636,0.5711426,111.42848
2585,190.80606,210.61147,12390.355,0.56413573,37.42679
2586,199.6624,209.51656,11162.109,0.57177734,294.69836
2587,191.19402,207.6843,10076.112,0.5671631,55.21735
2588,674.76416,254.39229,28703.225,0.56911623,21838.15
2589,193.5502,248.30807,26166.06,0.56315917,93.451454
2590,196.53188,243.13046,23790.725,0.5667969,263.42313
2591,210.67113,239.88452,21506.477,0.5683838,650.7277
2592,192.73239,235.16931,19555.928,0.56374514,102.38302
2593,193.81029,231.03342,17754.285,0.56779784,128.59975
2594,191.20163,227.05023,16121.646,0.56953126,47.59544
2595,191.13792,223.459,14625.555,0.5638672,39.76528
2596,200.91534,221.20464,13208.738,0.56921387,492.67834
2597,191.18082,218.20226,11968.992,0.5649902,40.717712
2598,204.0199,216.78403,10790.195,0.5729004,583.24164
2599,196.78827,214.78445,9747.16,0.55788577,215.71379
2600,191.93292,212.4993,8819.441,0.5648438,98.59594
2601,189.69656,210.21902,7984.2935,0.56979984,15.139609
2602,191.56259,208.35338,7217.1895,0.5716309,50.386566
2603,195.0881,207.02686,6511.307,0.57065433,160.37804
2604,191.81909,205.50607,5880.9907,0.56867677,63.027634
2605,192.0828,204.16374,5309.1084,0.5716309,62.093792
2606,192.57555,203.00493,4790.283,0.56831056,134.15639
2607,194.07126,202.11156,4318.4375,0.5725586,208.44508
2608,190.27325,200.92773,3899.2068,0.5750977,26.524055
2609,190.69946,199.9049,3518.7014,0.5737061,32.9362
2610,193.85439,199.29985,3170.126,0.57038575,138.61858
2611,193.63824,198.73369,2855.998,0.5684082,93.890434
2612,195.52011,198.41232,2571.3276,0.57023925,258.00092
2613,190.11615,197.5827,2320.3892,0.5645752,23.648531
2614,191.52516,196.97694,2091.6526,0.5723633,62.156338
2615,191.98248,196.4775,1884.7322,0.56938475,52.697872
2616,199.29762,196.7595,1696.9747,0.57102054,380.30328
2617,189.71692,196.05525,1531.7411,0.5704102,19.570707
2618,190.82782,195.5325,1381.0262,0.5694092,32.28634
2619,189.95598,194.97485,1245.7224,0.56948245,18.51325
2620,205.2037,195.99774,1130.5668,0.5676514,515.82574
2621,202.12607,196.61058,1020.89014,0.55593264,478.44815
2622,209.78052,197.92758,934.4114,0.5564209,744.9437
2623,190.79327,197.21416,845.5511,0.5487549,24.009798
2624,203.50189,197.84293,764.55414,0.56274414,570.30786
2625,190.4535,197.10399,693.013,0.55895996,25.869347
2626,192.29816,196.62341,625.79034,0.5610596,83.5198
2627,189.8911,195.95018,567.29047,0.5617432,25.801634
2628,189.22606,195.27777,514.6306,0.5732178,19.907652
2629,189.21133,194.67113,466.4797,0.57087404,16.458288
2630,192.48843,194.45285,420.2605,0.5723389,175.49226
2631,199.49597,194.95717,380.5234,0.58342284,304.141
2632,195.56693,195.01814,342.50452,0.5729248,291.39325
2633,190.20125,194.53645,310.3423,0.5690674,45.589977
2634,189.17157,193.99997,281.89844,0.58044434,14.857107
2635,241.20984,198.72096,454.29803,0.574292,1759.9274
2636,188.45776,197.69464,418.3482,0.5657959,11.724559
2637,190.45547,196.97072,381.22986,0.5807129,31.797873
2638,197.63101,197.03674,343.14612,0.5701416,380.33224
2639,189.28348,196.26141,314.2417,0.568042,15.912588
2640,189.78589,195.61386,286.59143,0.5701416,23.22979
2641,192.85298,195.33777,258.6183,0.57351077,110.369125
2642,608.1238,236.61636,15568.064,0.5793945,18543.096
2643,190.05435,231.96016,14206.379,0.5715088,55.14465
2644,188.97116,227.66125,12952.065,0.5727295,16.950747
2645,212.36563,226.1317,11677.914,0.5785889,1041.4396
2646,190.639,222.58243,10623.498,0.5744629,43.634834
2647,195.54333,219.87852,9626.948,0.5808838,174.67618
2648,192.05246,217.09592,8733.939,0.5806641,57.157413
2649,193.51608,214.73793,7910.586,0.5659668,127.16345
2650,192.38803,212.50294,7164.484,0.5749512,135.54161
2651,192.59018,210.51167,6483.722,0.5672119,76.022026
2652,197.56381,209.21689,5850.438,0.56799316,224.25485
2653,190.90335,207.38553,5295.5786,0.56311035,52.27451
2654,191.1824,205.76521,4789.649,0.5744141,79.755806
2655,199.22029,205.11072,4314.539,0.5693604,317.6456
2656,196.0525,204.2049,3890.4697,0.56916505,226.29126
2657,188.7778,202.66219,3522.8423,0.56916505,12.702813
2658,190.56741,201.45271,3183.7236,0.57834476,46.38649
2659,194.11467,200.7189,2870.1975,0.57128906,160.51634
2660,192.75269,199.92229,2588.8892,0.56779784,123.588486
2661,188.56355,198.7864,2341.612,0.5611572,12.56154
2662,190.1159,197.91936,2114.2168,0.5757324,57.386276
2663,188.93805,197.02122,1910.0548,0.5788574,23.717182
2664,189.63185,196.28229,1723.9636,0.58203125,37.982998
2665,190.56241,195.7103,1554.5117,0.57697755,36.080563
2666,200.80533,196.2198,1401.3969,0.5680176,407.79013
2667,215.78764,198.17659,1295.7181,0.5657959,1101.7349
2668,200.14224,198.37315,1166.494,0.5544922,394.98392
2669,191.85622,197.72147,1053.667,0.5608887,76.987045
2670,189.54263,196.90358,954.3207,0.56325686,16.17849
2671,189.85246,196.19847,863.3632,0.5721924,27.83923
2672,190.6438,195.643,779.8038,0.5718018,73.72351
2673,189.96759,195.07547,704.7223,0.5804688,32.8054
2674,298.68115,205.43604,1600.3224,0.5755127,4923.825
2675,189.25931,203.81836,1463.8419,0.5697754,22.98995
2676,191.612,202.59772,1330.8673,0.577417,58.03199
2677,192.12836,201.55078,1207.6451,0.5701416,93.30518
2678,192.41217,200.63692,1094.3969,0.56687015,67.40676
2679,189.77675,199.5509,995.572,0.5663086,31.302422
2680,193.47594,198.9434,899.3363,0.5734863,154.20865
2681,192.21921,198.27098,813.472,0.5749512,100.74004
2682,192.15674,197.65956,735.4893,0.57192385,93.32602
2683,192.14975,197.10858,664.6726,0.57868654,103.23884
2684,245.09981,201.9077,805.48956,0.58234864,2457.1707
2685,191.25696,200.84262,735.15,0.5704834,52.873444
2686,191.13266,199.87163,670.12054,0.57038575,62.81133
2687,191.42123,199.02658,609.53534,0.571582,99.512886
2688,189.83884,198.1078,556.17914,0.57868654,42.777214
2689,192.63754,197.56078,503.25433,0.5737793,166.1595
2690,190.21869,196.82657,457.78046,0.57978517,66.7091
2691,244.62688,201.6066,617.6406,0.577417,2482.7795
2692,191.04454,200.55038,565.9167,0.5698975,55.52267
2693,190.52594,199.54794,518.3691,0.57119143,48.43752
2694,215.57248,201.15039,489.64288,0.58171386,793.75476
2695,190.36882,200.07224,451.1404,0.57468265,42.422924
2696,656.9062,245.75563,19188.78,0.5718506,20881.135
2697,189.23528,240.10359,17557.41,0.5604004,22.86608
2698,189.23451,235.01668,16034.558,0.5827393,25.738514
2699,191.52026,230.66704,14601.376,0.5815186,104.75224
2700,189.05396,226.50574,13297.087,0.57106936,22.379005
2701,190.20674,222.87584,12085.964,0.5822754,40.724167
2702,221.58086,222.74634,10877.519,0.5843994,1458.4435
2703,191.0461,219.57631,9880.208,0.5784424,47.74999
2704,190.24612,216.6433,8969.61,0.5773682,37.982925
2705,201.34914,215.11388,8093.7017,0.5784912,249.17262
2706,200.32031,213.63452,7304.028,0.5653809,226.25816
2707,193.17978,211.58905,6611.281,0.56220704,106.77365
2708,194.96547,209.9267,5975.0234,0.57109374,203.21707
2709,189.32797,207.86682,5415.7085,0.56694335,43.189556
2710,190.67056,206.1472,4900.7515,0.5756592,74.15272
2711,189.21243,204.45372,4436.487,0.5757324,18.273726
2712,202.74539,204.28288,3993.1008,0.5782959,562.114
2713,191.77744,203.03233,3607.8655,0.5674805,142.46295
2714,189.779,201.707,3262.8875,0.5770508,30.241735
2715,189.01703,200.438,2951.0918,0.5732422,23.393797
2716,188.66129,199.26033,2668.4648,0.5794434,20.74527
2717,194.32053,198.76636,2403.8145,0.5807129,169.27696
2718,190.45694,197.93541,2169.647,0.5762451,64.442444
2719,205.69983,198.71185,1958.1079,0.5839111,597.42566
2720,204.59566,199.30023,1765.4128,0.5725586,516.8995
2721,189.5802,198.32823,1597.3746,0.55991215,33.095505
2722,188.93848,197.38925,1445.5723,0.5756592,18.481213
2723,189.7743,196.62776,1306.2339,0.58059084,43.277122
2724,191.10078,196.07506,1178.3597,0.5844483,127.248245
2725,188.36139,195.3037,1065.8788,0.582959,17.073662
2726,188.84273,194.6576,963.04785,0.58134764,34.044395
2727,191.3452,194.32635,867.73047,0.5804688,95.4048
2728,210.0063,195.89435,803.08484,0.5824463,793.3875
2729,190.01505,195.30641,725.88727,0.5757324,74.02
2730,191.13034,194.88881,654.8681,0.5822266,133.50722
2731,188.50461,194.2504,593.0495,0.58845216,19.938381
2732,194.67674,194.29303,533.7609,0.5878906,302.09845
2733,188.0198,193.66571,483.92664,0.5819336,16.257233
2734,190.57434,193.35657,436.39404,0.58586425,67.3073
2735,191.37198,193.15811,393.1091,0.5821533,74.16417
2736,205.33215,194.37552,367.13684,0.5758545,569.7052
2737,192.61609,194.19957,330.70175,0.56967777,138.11055
2738,189.88525,193.76814,299.30676,0.5766846,48.602325
2739,188.97688,193.28902,271.44214,0.57802737,37.106667
2740,190.10794,192.97092,245.20866,0.58325195,45.106613
2741,199.91098,193.66492,225.0226,0.57910156,515.18353
2742,189.4844,193.24687,204.09323,0.57783204,24.015606
2743,255.93666,199.51585,537.3848,0.58012694,2985.7122
2744,190.28201,198.59247,491.32007,0.5710449,60.16515
2745,188.93106,197.62633,450.5889,0.580249,25.951086
2746,189.01929,196.76562,412.1973,0.58266604,29.325193
2747,189.27547,196.0166,376.0268,0.58493656,39.511887
2748,201.27348,196.5423,340.91125,0.5801758,475.18726
2749,190.45973,195.93404,310.1499,0.58239746,91.18896
2750,191.8846,195.5291,280.61072,0.5802002,73.77674
2751,195.66641,195.54283,252.55135,0.57683104,180.08705
2752,193.57602,195.34615,227.64436,0.5742432,151.30777
2753,189.19379,194.73091,208.28656,0.57973635,41.038773
2754,188.65138,194.12296,190.78435,0.58474123,24.405682
2755,189.5798,193.66864,173.56354,0.5873047,51.29652
2756,191.17393,193.41917,156.7673,0.5829102,128.46024
2757,189.59253,193.03651,142.40846,0.5845459,39.797604
2758,190.94633,192.8275,128.5608,0.5874756,49.947857
2759,190.45331,192.59009,116.21203,0.58063966,46.067333
2760,202.25073,193.55615,112.99034,0.57297367,421.28146
2761,188.91837,193.09238,103.62712,0.5744873,25.05594
2762,227.31152,196.5143,198.64992,0.5792481,1578.8389
2763,188.86871,195.74974,184.04587,0.56550294,21.605267
2764,861.865,262.36127,40099.5,0.5803711,30415.309
2765,191.46188,255.27133,36541.953,0.57294923,81.894775
2766,189.74442,248.71864,33274.2,0.5760254,51.430595
2767,192.3848,243.08527,30232.395,0.57968754,146.21559
2768,188.86865,237.6636,27473.703,0.57426757,26.357973
2769,188.92929,232.79018,24940.086,0.5788086,20.726742
2770,190.88635,228.5998,22604.111,0.5798828,74.130035
2771,190.28503,224.76831,20475.822,0.5796631,68.751564
2772,472.67563,249.55904,23959.46,0.5798828,12609.07
2773,205.10594,245.11372,21741.361,0.567749,380.74008
2774,192.92188,239.89453,19812.383,0.56979984,166.71898
2775,188.68475,234.77356,18067.164,0.56486815,15.765679
2776,208.28986,232.12518,16323.572,0.5798584,883.678
2777,189.012,227.81386,14858.502,0.5670654,24.383818
2778,194.9949,224.53197,13469.589,0.5834961,242.36134
2779,264.73398,228.55217,12268.088,0.5762207,2738.3591
2780,195.42877,225.23984,11140.023,0.5731201,276.98
2781,191.14563,221.83041,10130.638,0.57646483,66.942505
2782,190.79224,218.7266,9204.277,0.5767822,75.37157
2783,196.13585,216.46751,8329.78,0.5753662,329.1336
2784,190.06476,213.82724,7559.542,0.57746583,72.769745
2785,196.58353,212.10287,6830.3486,0.5765137,334.27258
2786,466.0947,237.50206,11953.38,0.5708496,12563.512
2787,188.31021,232.58287,10975.827,0.5628174,20.427591
2788,191.27036,228.45161,10031.85,0.5822754,103.67058
2789,188.32228,224.43867,9173.597,0.5810303,16.875698
2790,189.65085,220.9599,8365.154,0.58701175,55.88968
2791,188.15173,217.67908,7625.5127,0.5791504,18.608162
2792,188.19281,214.73045,6941.211,0.5859131,18.54267
2793,193.22893,212.5803,6288.6978,0.5860596,209.26416
2794,187.9819,210.12047,5714.285,0.58176273,19.877594
2795,241.23456,213.23187,5229.9844,0.58251953,2371.105
2796,190.15804,210.92448,4754.902,0.5701172,53.721214
2797,189.48615,208.78065,4320.776,0.5794922,33.6742
2798,430.854,230.98799,8327.19,0.57919925,10048.417
2799,547.26855,262.61606,16497.479,0.57316893,16138.942
2800,189.37697,255.29214,15330.487,0.5634522,43.640156
2801,206.75076,250.438,14009.503,0.57890624,639.68805
2802,190.85751,244.47995,12928.037,0.5698975,54.679367
2803,194.44621,239.47658,11860.537,0.57416993,214.93753
2804,188.91446,234.42036,10904.57,0.576001,15.713204
2805,199.4958,230.9279,9923.889,0.5797119,482.65274
2806,190.16643,226.85176,9081.034,0.56984866,62.00603
2807,196.91962,223.85855,8253.564,0.5791504,316.4812
2808,190.65628,220.53833,7527.4233,0.5737793,56.261642
2809,188.0047,217.28497,6869.9404,0.5723633,13.143102
2810,188.91342,214.44781,6255.3916,0.58134764,21.671015
2811,195.46994,212.55003,5662.2666,0.58076173,270.1815
2812,190.14252,210.30928,5141.2285,0.57626957,60.82144
2813,195.5765,208.836,4646.6406,0.58217776,287.14258
2814,190.44662,206.99706,4212.4116,0.57453614,93.6974
2815,188.28055,205.1254,3822.698,0.57697755,24.171143
2816,189.31908,203.54477,3462.9136,0.5855225,50.73981
2817,190.81837,202.27213,3131.1985,0.5806152,90.168724
2818,189.76651,201.02156,2832.1538,0.58266604,38.44533
2819,189.79315,199.89871,2560.2852,0.5848877,60.626606
2820,188.0686,198.7157,2316.8523,0.58542484,16.891014
2821,190.2611,197.87024,2091.6,0.5865235,51.030277
2822,190.7778,197.161,1886.9673,0.585669,83.213524
2823,190.46902,196.49179,1702.3009,0.577417,73.239265
2824,195.44176,196.38678,1532.1699,0.5831055,312.77237
2825,188.98553,195.64665,1383.8829,0.57675785,28.799204
2826,188.65909,194.94789,1249.8889,0.58361816,22.649944
2827,194.70157,194.92326,1124.9055,0.57990724,226.64877
2828,190.13956,194.44489,1014.4744,0.5702637,40.67962
2829,193.98813,194.39922,913.0458,0.5779541,156.08331
2830,199.57893,194.91719,824.1558,0.5776367,285.06125
2831,190.34636,194.46011,743.62054,0.5672119,41.587055
2832,199.04587,194.91869,671.15106,0.5750244,264.03763
2833,194.10089,194.83691,604.0961,0.5675293,152.4624
2834,189.27748,194.28098,546.4682,0.5635254,28.57873
2835,197.86758,194.63963,492.9791,0.5775879,372.56848
2836,188.5049,194.02615,447.06833,0.5736084,18.173594
2837,223.68059,196.9916,481.5062,0.57990724,1605.7104
2838,341.77655,211.4701,2319.9968,0.57277834,6952.5513
2839,188.54195,209.17728,2135.31,0.5741211,16.248238
2840,190.35223,207.29477,1953.6735,0.5806152,78.42408
2841,189.05077,205.47037,1788.2621,0.5769043,35.08644
2842,188.69998,203.79333,1634.748,0.58117676,24.235277
2843,190.67111,202.48111,1486.7705,0.57612306,70.75555
2844,189.09134,201.14214,1354.2291,0.57141113,26.767912
2845,190.17737,200.04565,1229.6265,0.57956547,91.543434
2846,190.68503,199.10959,1114.5497,0.57106936,70.057495
2847,191.43494,198.34212,1008.3957,0.5735596,115.9387
2848,188.20615,197.32852,916.80255,0.57692873,16.772383
2849,188.13632,196.4093,832.7269,0.58420414,13.939545
2850,202.4963,197.018,752.7888,0.5815674,598.18835
2851,190.74203,196.39041,681.0548,0.580249,103.53724
2852,188.23166,195.57454,618.9402,0.57692873,28.991928
2853,189.27028,194.9441,560.6231,0.58493656,33.127872
2854,194.41208,194.8909,504.58627,0.5779053,245.9222
2855,189.87115,194.38893,456.39545,0.5799317,70.20481
2856,197.71027,194.72107,411.7487,0.5836426,434.3002
2857,188.47351,194.09631,374.0867,0.57841796,29.044647
2858,188.01593,193.48828,340.00543,0.58793944,16.985962
2859,293.8451,203.52396,1212.4391,0.5828369,4777.115
2860,188.99715,202.07127,1110.1876,0.57729495,34.695354
2861,190.30151,200.8943,1011.63635,0.58112794,72.35534
2862,188.63231,199.6681,924.00476,0.58254397,21.037231
2863,189.13507,198.6148,841.5893,0.5818359,33.10797
2864,217.61551,200.51488,789.9227,0.5786133,1310.7255
2865,190.31891,199.49529,720.2866,0.56894535,50.05683
2866,190.20515,198.56627,656.0256,0.58334965,56.536507
2867,194.01395,198.11104,592.28815,0.5812256,150.65408
2868,189.38899,197.23883,539.906,0.5794678,59.06939
2869,187.7918,196.29413,493.94754,0.5835938,12.306756
2870,191.6803,195.83275,446.46866,0.59111327,108.82102
2871,188.01654,195.05113,407.32016,0.58027345,19.286234
2872,187.98471,194.34448,371.0822,0.58425295,15.676696
2873,188.38303,193.74834,337.1725,0.58671874,24.173767
2874,194.42392,193.81589,303.4963,0.58457035,232.98146
2875,196.99498,194.13379,274.05624,0.57109374,400.65472
2876,189.19592,193.64,248.84505,0.57900393,57.326
2877,187.96548,193.07254,226.85855,0.5838379,21.195486
2878,190.90323,192.8556,204.59622,0.5895508,94.97624
2879,191.27597,192.69765,184.36118,0.5840088,84.825005
2880,196.05838,193.03372,166.94156,0.5770996,297.91458
2881,663.48474,240.07883,20069.422,0.5717285,21487.111
2882,238.60446,239.9314,18062.674,0.5637207,1549.7603
2883,195.7656,235.51482,16431.963,0.55754393,221.37558
2884,197.13194,231.67653,14921.358,0.5705078,304.6908
2885,199.30191,228.43907,13523.553,0.57336426,459.60217
2886,188.4874,224.44391,12314.849,0.57297367,17.49027
2887,188.57828,220.85735,11199.135,0.5786377,19.481886
2888,188.87378,217.659,10171.286,0.58181155,32.482533
2889,193.41397,215.2345,9207.062,0.58701175,241.62466
2890,191.0242,212.81346,8339.108,0.5803467,117.34611
2891,188.68008,210.40012,7557.615,0.58530277,29.081436
2892,188.96362,208.25647,6843.2104,0.5782715,44.91169
2893,189.29955,206.36078,6191.232,0.58681643,66.36138
2894,249.77734,210.70244,5741.759,0.5914551,2814.2678
2895,190.54462,208.68666,5204.1533,0.57836914,111.38182
2896,189.5811,206.77611,4716.59,0.5838135,39.28228
2897,190.6694,205.16544,4268.279,0.5799317,114.70638
2898,189.70212,203.61911,3862.9712,0.584668,71.33066
2899,195.65564,202.82277,3482.3816,0.57426757,226.32552
2900,188.46057,201.38655,3152.7078,0.57268065,19.930237
2901,194.81519,200.72942,2841.3235,0.58303225,231.58064
2902,187.96002,199.45248,2571.8662,0.5754151,21.17895
2903,189.13284,198.42052,2324.264,0.5869629,81.436264
2904,189.03702,197.48216,2099.762,0.5825928,54.552227
2905,199.33765,197.66771,1890.0956,0.5855469,502.34348
2906,188.4677,196.74771,1708.7036,0.57941896,38.856438
2907,188.90366,195.9633,1543.3708,0.58212894,45.430447
2908,188.39488,195.20647,1394.1891,0.58298343,24.92116
2909,189.15182,194.601,1258.0695,0.5848145,47.01679
2910,212.78058,196.41896,1162.0072,0.5836914,1074.08
2911,189.19672,195.69673,1050.5009,0.5813721,60.596245
2912,215.23636,197.6507,979.81244,0.5908691,873.78
2913,190.71893,196.95752,886.15564,0.5697754,103.496735
2914,190.90251,196.35202,800.8397,0.578711,82.66835
2915,188.2375,195.54057,726.6818,0.57177734,21.715733
2916,188.68944,194.85545,658.23804,0.58786625,29.749138
2917,190.56543,194.42645,594.0706,0.57453614,90.022865
2918,188.17313,193.80112,538.1829,0.5835449,18.000591
2919,188.88106,193.30911,486.54327,0.5892334,33.53659
2920,201.0139,194.07959,443.23166,0.5824463,469.82477
2921,190.09433,193.68106,400.3379,0.5778076,66.166885
2922,188.90665,193.20361,362.35565,0.5834961,34.800095
2923,191.18066,193.00131,326.4884,0.58112794,75.50166
2924,189.48154,192.64934,294.95456,0.57214355,43.75977
2925,341.90118,207.57452,2270.3093,0.5817383,6879.418
2926,203.48248,207.16531,2044.7854,0.5716553,513.5206
2927,188.08046,205.25684,1873.0876,0.57177734,11.384221
2928,190.26733,203.75789,1706.0005,0.5862549,65.749245
2929,189.09921,202.29202,1554.7393,0.583667,48.59583
2930,188.89139,200.95197,1415.4271,0.5794678,38.4674
2931,188.77307,199.73407,1287.2336,0.5843506,28.876747
2932,191.66266,198.92693,1164.3735,0.580835,124.41155
2933,190.14864,198.0491,1054.8713,0.5762451,76.057014
2934,188.13028,197.05722,958.2386,0.5828125,16.93448
2935,188.0253,196.15402,869.7565,0.586792,22.282259
2936,188.14966,195.35359,788.54706,0.5873047,27.660467
2937,187.16315,194.53455,715.7298,0.5874756,14.557953
2938,188.20343,193.90143,647.7643,0.592041,41.45851
2939,187.87799,193.29909,586.2532,0.5883301,21.245815
2940,187.66202,192.73538,530.48773,0.59553224,15.579148
2941,233.4054,196.80238,626.3034,0.5845459,1620.7501
2942,189.60114,196.08226,568.3403,0.5782471,49.89017
2943,187.73886,195.24792,517.77136,0.5862061,14.418435
2944,189.56482,194.67961,468.90103,0.5857666,70.77841
2945,188.20674,194.03232,425.78177,0.5872803,19.977585
2946,187.78139,193.40723,386.72025,0.5876221,10.67358
2947,193.74161,193.44066,348.05826,0.58095706,135.156
2948,194.55663,193.55226,313.3645,0.5789551,269.73795
2949,188.39957,193.03699,284.41757,0.5858887,23.682941
2950,190.38327,192.77162,256.60962,0.5796631,147.89497
2951,190.02676,192.49713,231.62672,0.5868408,63.405163
2952,187.97882,192.0453,210.3014,0.58925784,26.597435
2953,193.40163,192.18094,189.43683,0.5818359,224.69745
2954,187.629,191.72574,172.35796,0.5789551,18.100452
2955,188.45071,191.39824,156.08748,0.58979493,29.026947
2956,188.82028,191.14044,141.07684,0.5908691,38.36859
2957,187.58458,190.78485,128.10713,0.5793213,14.228516
2958,187.71191,190.47755,116.14628,0.59035647,18.274515
2959,188.3908,190.26888,104.92356,0.5872559,32.62009
2960,198.84181,191.12617,101.04578,0.5859863,399.27625
2961,197.65002,191.77856,94.771645,0.5714356,266.74274
2962,188.25293,191.426,86.413185,0.569043,26.524721
2963,187.97583,191.08098,78.84319,0.5813965,22.004303
2964,187.72415,190.7453,71.97302,0.58461916,13.091716
2965,192.52219,190.92299,65.05988,0.58867186,214.15051
2966,187.72855,190.60355,59.472294,0.578125,17.635748
2967,199.00484,191.44368,59.877415,0.58601075,509.03665
2968,200.96384,192.39569,62.046673,0.5822754,456.75616
2969,189.10802,192.06693,56.814796,0.57426757,42.269783
2970,190.33604,191.89383,51.40295,0.5865723,115.88806
2971,188.38184,191.54263,47.372723,0.5899658,27.9681
2972,215.33624,193.922,93.58768,0.58549803,1110.4998
2973,188.01898,193.3317,87.365005,0.5752441,31.051512
2974,189.12775,192.9113,80.21909,0.5906494,58.337486
2975,203.35892,193.95605,82.02092,0.58496094,708.60944
2976,188.74036,193.43448,76.26714,0.57539064,45.912754
2977,189.60861,193.0519,69.95778,0.58862305,84.45079
2978,188.79842,192.62654,64.59029,0.58125,34.790737
2979,188.82529,192.24641,59.431713,0.5887451,30.0011
2980,188.42435,191.86421,54.803276,0.5822998,23.930237
2981,188.78809,191.5566,50.174576,0.5852295,52.92747
2982,188.22687,191.22362,46.154953,0.58999026,37.446762
2983,228.0099,194.90225,163.33023,0.5886963,1638.5944
2984,187.4646,194.1585,151.97588,0.57868654,15.255277
2985,189.77432,193.72008,138.50816,0.5892822,48.27244
2986,192.91779,193.63985,124.71527,0.5812012,167.50542
2987,192.0147,193.47733,112.481445,0.57680666,181.89786
2988,190.43118,193.17271,102.06841,0.5798584,79.57337
2989,187.72928,192.62837,94.52836,0.5861084,23.747927
2990,191.72835,192.53838,85.14842,0.59121096,168.59981
2991,190.78029,192.36256,76.91176,0.5824707,87.18465
2992,193.42836,192.46915,69.322815,0.5828125,144.50165
2993,200.78197,193.30043,68.6098,0.5748779,593.2154
2994,187.88739,192.75912,64.38591,0.5773682,23.855272
2995,189.52602,192.43582,58.888084,0.5892822,101.55116
2996,188.88731,192.08096,54.132545,0.5921631,96.814156
2997,187.77472,191.65034,50.388226,0.58989257,48.43101
2998,187.1229,191.1976,47.194206,0.5901123,17.486332
2999,188.68085,190.94592,43.04485,0.5937012,41.052353
3000,187.65073,190.61641,39.71761,0.5888184,27.20625
3001,192.34883,190.78966,36.015965,0.5916748,198.12183
3002,187.75778,190.48647,33.241673,0.588208,24.853598
3003,189.50174,190.388,30.004778,0.59265137,79.26636
3004,188.42142,190.19135,27.352371,0.592041,44.205853
3005,188.11649,189.98386,25.004587,0.59030765,23.822304
3006,243.90865,195.37634,284.2136,0.5870606,2506.1658
3007,187.9753,194.63623,260.72202,0.57883304,17.611948
3008,330.85046,208.25766,1904.5383,0.5892334,6456.0557
3009,188.21553,206.25345,1750.2363,0.5890381,35.554226
3010,187.47263,204.37537,1606.9574,0.59282225,15.351786
3011,189.07639,202.84547,1467.3269,0.59001464,66.801544
3012,190.5568,201.61661,1334.1853,0.5852295,96.77382
3013,204.10855,201.8658,1201.3256,0.58293456,776.98035
3014,191.97736,200.87695,1089.9933,0.5950928,200.28438
3015,203.09515,201.09877,981.43677,0.5866699,656.5032
3016,189.65646,199.95454,895.0765,0.5786621,67.45049
3017,192.83894,199.24298,810.1257,0.5886963,131.97792
3018,189.03833,198.22252,738.4852,0.5855957,30.1712
3019,263.12628,204.71289,1043.7616,0.58266604,3372.4263
3020,188.24118,203.06572,963.80396,0.56735843,24.308916
3021,187.23137,201.48228,889.98895,0.5847168,13.534509
3022,187.91144,200.1252,817.5652,0.58930665,33.75346
3023,190.93863,199.20654,743.40405,0.58266604,117.02554
3024,189.68835,198.25473,677.2172,0.57719725,67.166504
3025,197.37259,198.16652,609.56555,0.57846683,287.11945
3026,187.30621,197.08049,559.2241,0.58217776,18.493483
3027,194.62537,196.83498,503.8442,0.5878418,291.53564
3028,219.26598,199.07808,498.74326,0.5761475,877.97284
3029,203.79633,199.5499,450.8725,0.5740234,674.0055
3030,187.92392,198.3873,417.94992,0.5723389,16.649496
3031,187.66945,197.31552,386.49344,0.58271486,14.697874
3032,187.98323,196.3823,355.68234,0.5835449,22.789305
3033,448.327,221.57677,6032.9663,0.58396,11811.424
3034,187.33118,218.1522,5535.218,0.57639164,14.620413
3035,187.66074,215.10306,5065.3716,0.588501,15.131471
3036,187.19566,212.31232,4628.928,0.57963866,10.931683
3037,188.46979,209.92807,4217.1973,0.5847656,66.724144
3038,188.03839,207.7391,3838.6018,0.59020996,33.953598
3039,187.60413,205.7256,3491.229,0.5932129,22.002565
3040,194.93506,204.64655,3152.5852,0.59775394,334.67596
3041,187.33813,202.91571,2864.2888,0.5874756,17.946726
3042,188.23773,201.4479,2597.2498,0.588916,30.375546
3043,187.86469,200.08958,2354.1301,0.5803711,26.2207
3044,192.96967,199.3776,2123.2795,0.59101564,160.66234
3045,187.66339,198.20618,1923.3015,0.58164066,29.587202
3046,190.0776,197.39333,1736.918,0.59030765,95.04438
3047,188.34682,196.48868,1570.5917,0.58564454,39.004112
3048,192.65488,196.1053,1414.8553,0.5888916,193.7371
3049,190.99501,195.59427,1275.7201,0.5832764,133.49556
3050,189.30524,194.96536,1151.7078,0.5878418,66.67822
3051,187.43016,194.21184,1041.6471,0.58388674,18.56034
3052,189.5695,193.7476,939.422,0.59067386,76.52259
3053,254.65353,199.8382,1179.3376,0.58339846,2802.8618
3054,188.26762,198.68114,1073.4529,0.5813965,28.706617
3055,188.13487,197.62651,976.1177,0.5844971,36.813236
3056,200.63098,197.92696,879.3183,0.5855957,556.5275
3057,418.16446,219.95071,5156.7964,0.5810303,10415.689
3058,190.53494,217.00914,4718.9927,0.57385254,162.47095
3059,193.28423,214.63664,4297.7515,0.58618164,279.68573
3060,190.33997,212.20697,3921.1057,0.58352053,147.47334
3061,187.67569,209.75385,3583.1558,0.58251953,21.504744
3062,189.55798,207.73425,3261.5488,0.5849121,64.38668
3063,408.08734,227.76956,6548.1157,0.58256835,10016.425
3064,190.0878,224.00139,6021.0967,0.58596194,90.025894
3065,187.82512,220.38376,5536.7715,0.58757323,20.36279
3066,189.90866,217.33624,5066.68,0.5891113,70.308105
3067,200.06125,215.60875,4586.8706,0.5861328,501.8145
3068,196.50075,213.69795,4161.044,0.58112794,374.92737
3069,187.08238,211.03639,3808.6943,0.57990724,11.23037
3070,187.76474,208.70923,3476.5662,0.5930176,20.389404
3071,189.15811,206.75412,3163.3115,0.5912842,47.395298
3072,188.9761,204.97632,2875.4255,0.58671874,51.148663
3073,188.99255,203.37794,2610.8762,0.58254397,60.887012
3074,187.64922,201.80507,2372.054,0.5810303,14.831449
3075,187.48822,200.37338,2153.2961,0.58872074,19.005407
3076,203.36798,200.67284,1938.7736,0.5906494,754.28864
3077,187.66519,199.37207,1760.1241,0.5862549,24.808287
3078,187.06973,198.14183,1597.733,0.5881104,12.565285
3079,187.0748,197.03513,1448.9828,0.594751,18.163303
3080,187.09204,196.04082,1312.9823,0.597583,16.909044
3081,187.92923,195.22966,1187.6058,0.5909912,30.673529
3082,188.46478,194.55318,1072.964,0.5867676,46.1064
3083,227.0772,197.80557,1060.8706,0.5894043,1785.8956
3084,187.24892,196.74991,964.81335,0.58320314,25.085764
3085,205.76434,197.65135,875.6454,0.5929443,499.91498
3086,193.49384,197.2356,789.6365,0.59116215,239.9867
3087,190.74095,196.58614,714.469,0.5848877,172.3112
3088,194.7518,196.40271,643.3249,0.58251953,319.84122
3089,188.39285,195.60173,584.7666,0.5770996,45.185356
3090,189.16753,194.95831,530.0158,0.5857178,57.023926
3091,206.76613,196.1391,489.5624,0.5896484,832.5715
3092,187.61252,195.28644,447.14938,0.5781738,27.060259
3093,188.40187,194.59798,406.70016,0.5900879,37.647182
3094,211.62183,196.30035,392.11316,0.5862549,810.7668
3095,198.05898,196.47621,353.18018,0.5810791,510.74088
3096,186.89911,195.5185,326.11703,0.5860596,14.707713
3097,189.46176,194.91283,296.8069,0.59089357,139.80188
3098,186.83142,194.10469,273.004,0.5914551,26.598114
3099,187.34988,193.42921,249.81006,0.6005127,27.636076
3100,186.97644,192.78394,228.57649,0.58330077,18.843971
3101,186.47665,192.15321,209.2992,0.59069824,10.677198
3102,187.44853,191.68274,190.36134,0.59606934,29.19716
3103,189.87595,191.50206,171.619,0.59653324,101.09191
3104,229.10378,195.26224,281.7071,0.58771974,1835.402
3105,187.12799,194.4488,259.49133,0.576416,27.757708
3106,187.05725,193.70966,238.45935,0.5944336,14.905016
3107,194.84703,193.8234,214.72984,0.5902832,270.29547
3108,193.96101,193.83716,193.25856,0.58022463,158.19388
3109,187.15709,193.16916,177.94879,0.5797119,16.096035
3110,190.24896,192.87714,160.92139,0.5923584,103.181046
3111,187.14436,192.30386,147.78706,0.5844971,18.93389
3112,188.71841,191.94531,134.16534,0.58757323,71.521935
3113,188.95549,191.64633,121.55332,0.58845216,57.328033
3114,188.35559,191.31726,110.3726,0.58862305,74.75717
3115,187.45435,190.93097,100.67832,0.58994144,36.193066
3116,189.80173,190.81804,90.72525,0.5919434,74.74478
3117,193.48824,191.08505,82.29442,0.58198243,205.82367
3118,191.1524,191.09178,74.06538,0.58286136,144.44891
3119,358.02277,207.78488,2574.5945,0.5838623,7737.186
3120,187.91872,205.79826,2352.6548,0.5881592,53.097176
3121,186.68497,203.88693,2150.2678,0.5883301,11.905933
3122,186.85535,202.18378,1961.3478,0.59648436,17.04569
3123,188.88281,200.85368,1781.1354,0.5916504,46.978268
3124,349.06848,215.67517,3580.1082,0.5834473,7315.176
3125,195.51929,213.65958,3258.6606,0.5832276,376.42914
3126,187.806,211.07422,2992.9512,0.5835938,44.134754
3127,187.12581,208.67938,2745.2732,0.5872559,12.29223
3128,188.6674,206.67819,2506.7888,0.58718264,36.72298
3129,189.22955,204.93333,2283.511,0.58217776,59.534386
3130,195.51,203.991,2063.1516,0.5852295,280.0214
3131,190.22018,202.61392,1873.9037,0.5821045,98.32876
3132,190.30441,201.38297,1700.1504,0.58496094,103.99333
3133,188.78098,200.12277,1544.4282,0.58579105,78.41691
3134,198.62737,199.97324,1390.1866,0.5853516,364.03845
3135,187.72113,198.74803,1264.6782,0.5789551,30.996645
3136,187.51126,197.62436,1149.5742,0.58737797,43.125675
3137,186.65996,196.52792,1045.4364,0.59228516,12.224827
3138,186.61745,195.53688,949.73236,0.5900391,11.020453
3139,188.54233,194.83743,859.16223,0.5958008,56.14673
3140,190.1784,194.37154,775.1996,0.59084475,135.71944
3141,187.43655,193.67804,702.00806,0.5874756,31.202333
3142,186.92924,193.00316,635.9064,0.59404296,19.62085
3143,909.1042,264.61325,46724.375,0.5862061,32665.346
3144,186.28093,256.78003,42604.17,0.5820557,10.582222
3145,188.0075,249.90277,38769.42,0.59643555,45.61847
3146,192.03964,244.11646,35193.81,0.5956299,181.24664
3147,187.84842,238.48965,31959.375,0.5911865,51.29033
3148,187.01196,233.34189,29001.934,0.59052736,25.105032
3149,186.71448,228.67915,26297.41,0.5891113,13.505004
3150,220.40417,227.85165,23673.832,0.5896973,1477.3723
3151,774.2708,282.49356,48178.1,0.58044434,26391.17
3152,189.65642,273.20984,44135.977,0.5704102,70.61714
3153,196.13002,265.50186,40257.094,0.5870606,304.92426
3154,186.69464,257.62115,36790.336,0.58090824,12.400993
3155,188.21812,250.68085,33544.812,0.5880127,50.666462
3156,188.25195,244.43796,30541.096,0.5928955,42.58546
3157,313.3576,251.32993,27914.479,0.58447266,5718.47
3158,188.75815,245.07275,25475.4,0.5718018,72.2277
3159,186.81366,239.24684,23233.33,0.5879883,10.868261
3160,187.7062,234.09277,21149.076,0.5944336,23.395023
3161,187.04112,229.3876,19233.416,0.5873535,15.301753
3162,188.88184,225.33702,17457.738,0.59079593,69.57258
3163,187.82762,221.58607,15838.59,0.5909668,44.675407
3164,187.13626,218.1411,14361.541,0.5975586,27.319641
3165,187.46477,215.07347,13010.08,0.60109866,37.343594
3166,186.37527,212.20364,11783.194,0.5963379,9.889548
3167,212.34009,212.21729,10604.876,0.5926758,1151.3165
3168,187.44626,209.74019,9599.612,0.5838379,27.224777
3169,188.16914,207.58308,8681.529,0.5864746,44.961662
3170,186.74419,205.49919,7852.4595,0.5962402,12.204087
3171,186.29471,203.57874,7100.4067,0.59414065,9.450423
3172,191.47263,202.36812,6403.556,0.5928467,180.97215
3173,188.19153,200.95045,5781.288,0.58908695,68.44299
3174,186.42722,199.49814,5222.142,0.5976319,10.712826
3175,188.97672,198.446,4709.8906,0.60041505,84.460396
3176,187.46265,197.34766,4249.759,0.59089357,37.04783
3177,186.5834,196.27122,3835.211,0.5877442,14.221229
3178,187.77513,195.42162,3458.1863,0.5876953,37.127953
3179,348.5777,210.73723,5223.478,0.5892334,6931.136
3180,189.59615,208.62312,4741.355,0.57836914,94.702545
3181,189.58939,206.71976,4299.825,0.59035647,92.160805
3182,186.98564,204.74634,3904.8916,0.5887451,13.969537
3183,187.64816,203.03651,3540.7136,0.5906006,38.412575
3184,187.03293,201.43616,3209.6926,0.58483887,18.479942
3185,209.29346,202.2219,2894.2798,0.58745116,1037.8102
3186,186.22484,200.6222,2627.8833,0.5889649,8.500038
3187,186.75903,199.23587,2382.3918,0.5947022,23.63896
3188,186.44827,197.9571,2158.8696,0.59245604,21.439514
3189,202.83878,198.44528,1945.1273,0.59377444,756.0194
3190,187.73358,197.37411,1760.9412,0.58803713,47.27741
3191,188.39633,196.47633,1592.1011,0.59431154,45.42957
3192,186.54323,195.48302,1441.771,0.5859863,11.469173
3193,186.2947,194.56418,1305.1921,0.59360355,12.196309
3194,187.1539,193.82315,1179.615,0.59638673,42.273804
3195,186.60098,193.10094,1066.3478,0.59536135,16.366003
3196,192.00513,192.99136,959.8211,0.5973145,208.43399
3197,187.15298,192.40753,866.9068,0.5918701,21.046284
3198,186.6821,191.83499,783.1664,0.5935547,16.88901
3199,186.76358,191.32785,707.1644,0.5922119,12.118301
3200,834.1384,255.60892,37824.934,0.58979493,29262.07
3201,189.12589,248.96062,34440.24,0.5806641,97.55
3202,186.9843,242.76299,31341.908,0.59648436,23.278877
3203,187.07635,237.19432,28486.807,0.5909912,39.89962
3204,187.63806,232.2387,25859.148,0.5926758,51.729015
3205,189.90407,228.00523,23434.533,0.590918,159.8494
3206,191.02136,224.30685,21214.182,0.592334,154.32315
3207,198.53139,221.72931,19152.557,0.5850342,521.07794
3208,191.34686,218.69107,17320.379,0.58298343,152.00928
3209,188.10605,215.63257,15672.531,0.5876465,45.521038
3210,187.90096,212.8594,14174.491,0.5890381,35.38892
3211,188.05925,210.3794,12812.396,0.5942871,45.366062
3212,191.4686,208.48831,11563.342,0.58898926,160.33612
3213,191.48903,206.78839,10433.015,0.5845947,161.72836
3214,187.58707,204.86826,9422.8955,0.585083,29.650694
3215,187.4398,203.12541,8507.943,0.59653324,31.90944
3216,188.90572,201.70345,7675.3467,0.58745116,84.33273
3217,187.31383,200.26448,6926.4473,0.5921875,26.899353
3218,187.15442,198.95348,6249.271,0.59716797,23.9724
3219,189.50214,198.00835,5632.3833,0.5966309,86.40232
3220,188.50749,197.05826,5077.269,0.5901123,60.674614
3221,186.38416,195.99084,4579.7964,0.5841309,15.790627
3222,186.24915,195.01668,4130.358,0.5969971,10.546516
3223,186.79633,194.19464,3723.4036,0.5959717,19.223755
3224,186.64539,193.43971,3356.1924,0.5873291,14.413842
3225,186.34021,192.72977,3025.1094,0.59382325,10.538374
3226,189.1527,192.37206,2723.75,0.5904541,97.3452
3227,186.65445,191.8003,2454.3171,0.5891113,18.573668
3228,187.53275,191.37354,2210.5244,0.59436035,33.145557
3229,186.58105,190.89429,1991.5391,0.5845947,11.689823
3230,189.29495,190.73436,1792.6152,0.59323734,93.81973
3231,186.8338,190.3443,1614.723,0.5867432,18.633032
3232,189.42381,190.25226,1453.3269,0.59897465,59.74094
3233,192.11435,190.43846,1308.3062,0.5957031,162.54156
3234,186.89151,190.08377,1178.6078,0.5796143,17.170294
3235,187.84186,189.85957,1061.1993,0.59558105,33.829266
3236,193.25198,190.19882,956.1152,0.58808595,275.85007
3237,186.69133,189.84807,861.61084,0.58542484,16.08743
3238,186.34393,189.49765,776.5549,0.59309083,9.392342
3239,186.25357,189.17325,699.84656,0.5857422,10.086302
3240,187.86514,189.04243,630.0159,0.5947754,66.75312
3241,189.59512,189.0977,567.0418,0.5979981,93.17759
3242,187.62975,188.95091,510.5316,0.5973145,39.183887
3243,187.54376,188.8102,459.65662,0.5941162,52.450172
3244,187.00206,188.62938,413.9852,0.59641117,21.465973
3245,186.5068,188.41711,372.99216,0.5951172,14.532131
3246,186.35861,188.21126,336.0743,0.5976319,12.544103
3247,187.30438,188.12057,302.5409,0.6011963,40.810307
3248,187.3092,188.03944,272.34604,0.5952881,42.899364
3249,188.76924,188.11243,245.15936,0.59575194,97.91542
3250,191.93741,188.49492,221.96016,0.5979492,202.3847
3251,189.11964,188.55739,199.79927,0.59211427,96.08462
3252,187.22859,188.42451,179.97826,0.59311527,32.577824
3253,187.57846,188.3399,162.04485,0.5871094,33.7704
3254,188.20728,188.32664,145.84193,0.5917236,46.07136
3255,188.25363,188.31934,131.25822,0.58994144,66.26868
3256,186.8443,188.17183,118.32822,0.58637697,24.300528
3257,185.90408,187.94505,106.95823,0.59121096,8.748221
3258,186.06082,187.75662,96.58193,0.59323734,10.475929
3259,188.30136,187.8111,86.95044,0.59729004,59.337326
3260,213.47949,190.37793,137.55339,0.5936279,1159.1722
3261,217.38132,193.07826,189.4245,0.5861084,1165.4874
3262,187.29974,192.50041,173.48726,0.58132327,40.254395
3263,187.14917,191.96529,158.71576,0.59208983,23.475954
3264,187.25824,191.49458,144.83824,0.5897217,25.503267
3265,186.47446,190.99257,132.62257,0.5967285,11.613937
3266,234.5959,195.3529,290.47287,0.595874,2137.7893
3267,401.28986,215.9466,4078.328,0.58786625,9634.551
3268,192.83707,213.63564,3718.5596,0.5878174,275.40198
3269,186.70311,210.94238,3411.986,0.5913086,19.123978
3270,188.5723,208.70537,3115.8252,0.59033203,83.63298
3271,189.48103,206.78293,2837.5044,0.5928467,78.77056
3272,187.13264,204.8179,2588.5059,0.5897461,23.262125
3273,187.24667,203.06078,2357.4424,0.59089357,37.885605
3274,234.28702,206.1834,2209.455,0.5881104,2177.6362
3275,187.6629,204.33134,2019.3802,0.58994144,37.88254
3276,187.35127,202.63333,1843.3914,0.59309083,27.835745
3277,196.53992,202.02399,1662.3939,0.5943848,420.78046
3278,188.94815,200.7164,1511.5425,0.58908695,84.63182
3279,186.39964,199.28473,1378.8354,0.59189457,13.326897
3280,186.26184,197.98244,1256.2155,0.59223634,11.02098
3281,186.2484,196.80904,1142.9858,0.59084475,14.856518
3282,186.1724,195.74538,1038.8696,0.59711915,14.18449
3283,192.2797,195.3988,936.0636,0.60056156,242.0067
3284,186.74355,194.53328,849.1994,0.59291995,21.93723
3285,186.97823,193.77777,769.41656,0.5968506,20.111359
3286,187.00955,193.10095,696.59766,0.59621584,31.90897
3287,194.14401,193.20526,627.0358,0.5917236,322.1995
3288,187.48782,192.63351,567.27423,0.58757323,51.98168
3289,190.26634,192.39679,511.05112,0.60019535,130.17888
3290,188.74927,192.03204,461.14337,0.5935791,89.97162
3291,187.12415,191.54126,417.1969,0.58947754,28.105648
3292,187.03085,191.09023,377.30814,0.59318846,27.001469
3293,194.95334,191.47653,340.92044,0.59328616,349.25165
3294,190.15945,191.34482,306.9845,0.5921387,119.33659
3295,187.34198,190.94453,277.7281,0.5867676,26.168516
3296,186.85493,190.53557,251.46051,0.5956543,16.152346
3297,188.76334,190.35834,226.59714,0.5900879,86.2243
3298,188.88663,190.21117,204.13235,0.5924072,99.264244
3299,189.21979,190.11203,183.80757,0.59201664,115.72235
3300,187.17673,189.8185,166.20226,0.5904297,25.193874
3301,186.61926,189.49857,150.50319,0.59260255,14.928017
3302,186.51642,189.20035,136.25325,0.5895508,14.884738
3303,187.06476,188.98679,123.03838,0.59694827,25.098845
3304,186.14296,188.70241,111.4624,0.5908203,10.522652
3305,189.33105,188.76527,100.35173,0.5928711,141.055
3306,187.11931,188.60068,90.56038,0.5966309,44.093338
3307,191.30829,188.87144,82.16415,0.59711915,164.6955
3308,187.07709,188.69202,74.2375,0.59101564,20.03266
3309,186.47865,188.47067,67.25466,0.59030765,13.806789
3310,186.63333,188.28694,60.83302,0.5971924,19.07208
3311,185.90378,188.04863,55.260868,0.60100096,9.477503
3312,185.86575,187.83034,50.163624,0.60461426,8.229686
3313,186.30064,187.67737,45.357857,0.6051758,16.105528
3314,191.54276,188.0639,42.16678,0.5997559,233.64201
3315,189.67674,188.22519,38.18421,0.59291995,103.79898
3316,199.41476,189.34415,45.634384,0.5914551,439.55405
3317,187.2439,189.13412,41.467937,0.58532715,34.22934
3318,187.73819,188.99454,37.496517,0.595166,60.703197
3319,189.39459,189.03455,33.76127,0.59260255,103.24002
3320,190.03537,189.13463,30.47529,0.5962891,174.02411
3321,187.63666,188.98483,27.629713,0.59782714,35.17355
3322,236.77438,193.7638,230.41243,0.59377444,2272.6575
3323,191.50714,193.53813,207.8295,0.584375,157.0392
3324,186.28046,192.81236,191.78719,0.5801514,9.783811
3325,186.69305,192.20044,175.9786,0.5929932,18.615917
3326,186.344,191.61479,161.46756,0.5979004,12.963583
3327,185.74675,191.02798,148.41985,0.5971436,8.353756
3328,185.99144,190.52432,135.86087,0.60471195,12.214122
3329,186.9603,190.16792,123.41799,0.6061279,42.99502
3330,186.39319,189.79045,112.35857,0.5949707,15.992893
3331,199.75192,190.78659,110.05349,0.5938721,584.0977
3332,186.40152,190.34808,100.77873,0.5829102,21.717037
3333,187.59454,190.07272,91.38324,0.5956299,60.510956
3334,194.60939,190.5264,84.09724,0.59238285,344.31906
3335,200.88693,191.56245,85.348175,0.5890625,449.5472
3336,194.0726,191.81348,77.38043,0.58483887,310.57288
3337,186.47993,191.28012,72.20258,0.5878418,22.33936
3338,187.83298,190.93541,66.05177,0.59531254,59.387928
3339,245.90518,196.43239,331.39743,0.5963379,2222.3872
3340,193.72176,196.16133,298.91895,0.58681643,335.88724
3341,236.52527,200.19772,415.6593,0.5915772,2227.9875
3342,187.55328,198.93327,388.48273,0.5803467,49.50128
3343,187.04346,197.7443,362.35754,0.5911865,25.13052
3344,207.77141,198.74701,335.17065,0.5925781,984.92096
3345,186.28796,197.5011,315.62408,0.5856201,15.416757
3346,185.91626,196.34262,296.1404,0.599292,10.141372
3347,186.14075,195.32243,275.8934,0.60004884,10.94695
3348,185.94138,194.38432,256.22443,0.589502,11.108616
3349,187.75851,193.72174,234.5531,0.60515136,88.91576
3350,185.82663,192.93224,216.70773,0.595874,11.582601
3351,186.03348,192.24236,199.32031,0.6032959,13.694377
3352,186.06155,191.62427,182.82649,0.59816897,15.831573
3353,186.04524,191.06636,167.34514,0.5998047,13.758588
3354,232.9078,195.2505,308.1742,0.6020752,2103.428
3355,189.24283,194.64973,280.60507,0.5928711,145.03911
3356,191.76965,194.36172,253.2911,0.5966553,221.36299
3357,187.2805,193.6536,232.47493,0.5942139,28.941858
3358,186.67819,192.95605,213.6065,0.599585,16.386286
3359,187.07281,192.36774,195.36098,0.59033203,29.735828
3360,188.02066,191.93303,177.52562,0.5972412,88.954636
3361,187.078,191.44753,161.89447,0.60212404,52.096687
3362,185.78802,190.88158,148.5877,0.593335,8.537824
3363,186.60283,190.4537,135.37662,0.5982178,20.702562
3364,191.32094,190.54044,121.90664,0.5930664,235.48999
3365,186.01204,190.0876,111.56155,0.5913086,11.078541
3366,186.49367,189.72821,101.567856,0.5998535,20.763943
3367,187.52286,189.50768,91.84879,0.60009766,52.6142
3368,186.8848,189.24539,83.283066,0.5947998,37.351982
3369,186.45982,188.96683,75.65311,0.59541017,29.28865
3370,186.5143,188.72157,68.629135,0.59812015,26.612764
3371,191.98036,189.04745,62.721996,0.59404296,230.9481
3372,191.79102,189.32181,57.127235,0.58845216,193.5407
3373,186.27908,189.01753,52.247746,0.5918701,12.648819
3374,187.35312,188.85109,47.272293,0.6005371,42.46356
3375,187.19365,188.68535,42.792305,0.59404296,35.520905
3376,186.6751,188.48433,38.876778,0.59206545,29.049221
3377,186.07018,188.24292,35.51363,0.60227054,13.965913
3378,185.57826,187.97646,32.601303,0.5987549,9.380207
3379,186.80142,187.85895,29.465435,0.60109866,21.830702
3380,186.94846,187.7679,26.5935,0.59829104,22.347898
3381,198.80542,188.87164,34.898567,0.5965576,559.6667
3382,190.52242,189.03671,31.653965,0.5847168,102.25256
3383,187.79807,188.91284,28.62665,0.59052736,35.9226
3384,186.67123,188.68867,26.216217,0.5967285,16.409576
3385,187.91827,188.61163,23.64801,0.5928467,73.435074
3386,658.1275,235.56322,19861.348,0.599292,21347.016
3387,190.28072,231.03497,18059.758,0.58840334,185.2787
3388,186.2124,226.55272,16434.598,0.6045166,11.967305
3389,186.09369,222.50682,14938.462,0.5889649,14.550235
3390,296.77832,229.93398,13941.079,0.60078126,4984.167
3391,212.76456,228.21704,12573.502,0.5915039,995.7612
3392,188.12363,224.2077,11460.824,0.5832276,95.49691
3393,189.42969,220.7299,10423.598,0.59467775,84.17097
3394,189.00084,217.55699,9471.844,0.5975342,124.2396
3395,187.02457,214.50375,8608.56,0.5965088,30.034185
3396,187.18701,211.77208,7814.8613,0.5975098,39.120308
3397,187.9008,209.38495,7084.6606,0.60339355,43.224323
3398,187.70932,207.21739,6418.4795,0.59531254,51.628536
3399,185.95828,205.09148,5817.3066,0.59260255,13.619197
3400,186.62161,203.24449,5266.2783,0.5979248,29.043777
3401,186.90425,201.61047,4763.6807,0.5986328,32.014248
3402,185.83153,200.03258,4309.72,0.59812015,14.210248
3403,186.05156,198.63448,3896.3403,0.5994629,14.14068
3404,186.48367,197.4194,3519.994,0.603833,22.56842
3405,186.21407,196.29887,3179.2947,0.5950195,14.776758
3406,186.1254,195.28152,2870.68,0.604126,29.411243
3407,310.29596,206.78297,3774.1604,0.60234374,5612.6377
3408,8760.88,1062.1926,6.5889275e+06,0.5925781,376240.03
3409,187.70837,974.7442,5.99886e+06,0.59111327,82.42152
3410,186.81787,895.95154,5.4548485e+06,0.595874,26.610073
3411,187.21588,825.078,4.954571e+06,0.5985352,39.847336
3412,186.32281,761.2025,4.4958345e+06,0.59189457,28.984722
3413,185.73833,703.6561,4.0760552e+06,0.59638673,8.902404
3414,185.94193,651.8847,3.692572e+06,0.59531254,11.565562
3415,189.38919,605.63513,3.342566e+06,0.5967285,103.29564
3416,186.3284,563.70447,3.024133e+06,0.59855956,31.49938
3417,185.97823,525.9318,2.7345605e+06,0.6020996,16.30233
3418,188.64764,492.2034,2.4713428e+06,0.5960205,81.129135
3419,185.95766,461.57883,2.2326492e+06,0.5873047,12.916918
3420,186.82678,434.10364,2.0161781e+06,0.59553224,29.329643
3421,209.43842,411.63712,1.819103e+06,0.5963379,1012.35376
3422,186.35258,389.10867,1.6417604e+06,0.58637697,17.142742
3423,186.94911,368.89273,1.4812625e+06,0.60019535,36.066383
3424,555.2604,387.52948,1.3362621e+06,0.5979492,16707.578
3425,187.09955,367.48648,1.2062514e+06,0.59035647,50.69464
3426,187.4479,349.48264,1.0885435e+06,0.59553224,38.24706
3427,186.51234,333.1856,982079.44,0.5967285,13.570274
3428,186.43626,318.51068,885809.7,0.5957031,30.71352
3429,185.64603,305.2242,798817.5,0.5990967,20.81433
3430,185.69406,293.2712,720221.6,0.6015625,14.288176
3431,186.59204,282.6033,649223.7,0.6048584,32.822704
3432,186.52031,272.995,585132.2,0.5992188,28.73801
3433,188.54756,264.55026,527260.75,0.59572756,66.95878
3434,251.0372,263.19894,474551.1,0.59189457,2916.532
3435,188.28,255.70705,427601.12,0.5880615,75.17276
3436,186.33282,248.76962,385274.16,0.59360355,18.013304
3437,185.9296,242.48563,347102.12,0.5982666,18.232416
3438,234.40622,241.67769,312397.78,0.59978026,2202.1245
3439,202.59412,237.76933,281295.47,0.5897705,753.38934
3440,186.16008,232.60841,253405.62,0.59987795,13.181495
3441,186.26567,227.97414,228258.34,0.5977783,23.75324
3442,187.23245,223.89996,205581.89,0.5966309,53.927452
3443,186.2386,220.13382,185151.36,0.59882814,17.509995
3444,186.12625,216.73306,166740.31,0.59694827,14.462966
3445,185.87796,213.64755,150151.95,0.59536135,16.852217
3446,189.26749,211.20955,135190.25,0.60307616,129.64897
3447,186.80289,208.76889,121724.83,0.5972412,30.701015
3448,186.77731,206.56973,109595.87,0.5966309,34.32153
3449,185.87,204.49976,98674.84,0.59797364,9.95323
3450,186.20255,202.67003,88837.484,0.59567875,17.453653
3451,186.19437,201.02246,79978.164,0.59760743,21.180355
3452,188.83133,199.80334,71993.72,0.59648436,118.379684
3453,185.89702,198.41272,64811.746,0.5948731,19.808279
3454,186.10481,197.18193,58344.203,0.6006836,19.62223
3455,188.43619,196.30736,52516.664,0.5973145,71.66993
3456,185.56326,195.23294,47275.387,0.5894043,7.4749074
3457,185.5412,194.26376,42556.3,0.594751,8.425112
3458,186.24104,193.46149,38306.465,0.60058594,23.497839
3459,186.12672,192.72801,34480.66,0.5959229,22.880522
3460,185.94135,192.04935,31036.738,0.598584,21.765059
3461,187.54947,191.59937,27934.887,0.60026854,96.664406
3462,186.46756,191.08618,25143.768,0.5951416,36.28395
3463,204.30788,192.40836,22645.123,0.5982422,733.976
3464,186.9412,191.86163,20383.299,0.586084,27.39671
3465,187.9873,191.4742,18346.32,0.5984375,67.501366
3466,188.03076,191.12985,16512.754,0.5982422,105.04949
3467,187.62114,190.77898,14862.586,0.60356444,69.19362
3468,186.7313,190.3742,13377.802,0.5975098,39.110806
3469,187.37079,190.07387,12040.833,0.6008301,44.279026
3470,186.23666,189.69016,10838.075,0.59914553,12.509872
3471,187.53716,189.47485,9754.685,0.6010742,42.86347
3472,187.42072,189.26944,8779.596,0.6005127,31.166542
3473,198.82193,190.22469,7909.8486,0.59584963,587.3912
3474,436.29663,214.83188,12568.489,0.584668,11292.034
3475,187.6115,212.10983,11378.325,0.5761963,71.509834
3476,186.7304,209.57188,10298.463,0.59604496,19.54186
3477,186.6284,207.27754,9315.993,0.6015137,21.838318
3478,186.40945,205.19073,8423.587,0.59780276,26.426502
3479,186.32826,203.30449,7613.249,0.6027832,16.715809
3480,187.10406,201.68445,6875.545,0.5924072,51.990723
3481,186.00198,200.1162,6210.1245,0.6020996,12.612657
3482,187.38686,198.84326,5603.6953,0.60090333,50.89496
3483,188.52118,197.81105,5052.9146,0.5970215,78.3007
3484,187.75516,196.80547,4556.724,0.5944336,67.40295
3485,187.04921,195.82983,4109.618,0.6006592,33.831367
3486,186.91922,194.93877,3705.8022,0.5937256,35.844154
3487,188.56274,194.30116,3338.8809,0.59121096,92.14458
3488,186.32312,193.50336,3010.7212,0.5918457,18.197039
3489,187.74173,192.9272,2712.6367,0.59621584,65.786446
3490,187.78296,192.41278,2443.7546,0.59089357,88.838806
3491,185.73436,191.74493,2203.3933,0.59538573,9.401928
3492,192.48193,191.81863,1983.1027,0.59646,296.65576
3493,186.6531,191.30208,1787.1937,0.5904541,50.990215
3494,186.19019,190.7909,1610.8262,0.6006836,26.172487
3495,185.3724,190.24904,1452.386,0.6004395,6.9062533
3496,185.99426,189.82356,1308.7766,0.6036133,18.467064
3497,185.16649,189.35785,1179.8508,0.60307616,8.158582
3498,185.81624,189.0037,1062.9945,0.6032471,15.985299
3499,188.10126,188.91345,956.7683,0.6053467,75.80654
3500,190.14395,189.0365,861.2277,0.6011475,189.96355
3501,186.15204,188.74805,775.85376,0.59936523,13.348306
3502,187.61835,188.63507,698.38324,0.60004884,72.96717
3503,185.639,188.33546,629.3528,0.59675294,16.310255
3504,185.44147,188.04607,567.17126,0.6072998,7.741105
3505,187.13364,187.95482,510.52905,0.60104984,69.68063
3506,190.52768,188.2121,460.0719,0.6018311,195.7762
3507,188.95634,188.28653,414.11456,0.5951172,142.33543
3508,197.72513,189.2304,380.72095,0.6006104,536.27606
3509,192.62347,189.5697,343.68503,0.60026854,194.78514
3510,185.93823,189.20656,310.5034,0.59291995,10.168081
3511,190.7879,189.36469,279.6781,0.5929932,215.15654
3512,185.55472,188.98369,253.01672,0.589209,8.746938
3513,185.69753,188.65508,228.68694,0.6033203,9.82786
3514,186.47777,188.43735,206.24489,0.5971924,28.460085
3515,219.82733,191.57634,274.3002,0.59892577,1479.7972
3516,199.87392,192.4061,253.06665,0.5854492,563.2314
3517,478.09613,220.9751,7573.4517,0.5902832,13154.83
3518,186.34146,217.51173,6924.06,0.58098143,30.815296
3519,190.27177,214.78773,6298.4355,0.59904784,153.39336
3520,204.05934,213.71489,5678.9507,0.59265137,762.746
3521,203.85686,212.72908,5119.802,0.58876956,809.73645
3522,186.80722,210.1369,4668.2964,0.59052736,65.79117
3523,187.72214,207.89543,4246.6846,0.59902346,87.42854
3524,185.71393,205.67728,3866.2979,0.59919435,11.222946
3525,186.3444,203.74399,3513.3064,0.59738773,26.665947
3526,185.3803,201.90762,3192.326,0.60009766,9.950405
3527,186.09544,200.3264,2895.5955,0.5976807,31.28918
3528,210.93149,201.3869,2616.158,0.6013916,1154.7543
3529,185.85803,199.83401,2376.245,0.59375,17.758207
3530,186.36107,198.48672,2154.9575,0.59553224,19.539991
3531,193.76158,198.0142,1941.4711,0.6002197,350.41736
3532,188.05133,197.01791,1756.2572,0.5959717,83.79122
3533,187.2266,196.03879,1589.2598,0.5943848,49.466244
3534,187.42035,195.17694,1437.0187,0.5970947,79.50922
3535,186.16727,194.27597,1300.6224,0.59291995,17.037663
3536,191.4677,193.99515,1171.27,0.5970947,207.13884
3537,221.48491,196.74413,1122.1548,0.59733886,1143.1493
3538,186.20003,195.68971,1019.9453,0.57956547,14.460164
3539,185.80156,194.7009,926.7506,0.5967774,9.4657345
3540,200.48938,195.27974,837.0911,0.59797364,448.39484
3541,189.68904,194.72067,756.19507,0.5955567,113.573814
3542,188.10406,194.059,684.5157,0.6003906,57.75357
3543,193.06442,193.95955,616.15314,0.5983154,331.2684
3544,186.4812,193.21172,559.57117,0.5973145,27.246202
3545,186.76257,192.5668,507.35724,0.59648436,24.8488
3546,185.83505,191.89363,460.69998,0.5992676,16.747288
3547,449.6009,217.66435,6391.803,0.60429686,11934.414
3548,186.50546,214.54846,5840.0015,0.6006592,23.292751
3549,194.91713,212.58533,5290.6865,0.59902346,317.19952
3550,187.2143,210.04822,4819.55,0.59499514,92.60688
3551,201.58775,209.20218,4344.0366,0.59638673,732.9047
3552,185.77081,206.85904,3959.0454,0.59052736,27.783247
3553,187.3131,204.90445,3597.5247,0.6039063,89.513466
3554,185.75873,202.98988,3270.7622,0.5983643,14.280124
3555,186.06053,201.29695,2969.4802,0.6058838,24.279648
3556,280.4037,209.20763,3235.741,0.6011475,3953.4365
3557,186.45557,206.93242,2958.7559,0.5979492,34.51728
3558,186.1903,204.85822,2701.6013,0.60200197,15.984569
3559,185.28244,202.90063,2465.9302,0.59707034,9.431689
3560,186.04358,201.21494,2244.9116,0.6070313,24.126272
3561,187.61447,199.85489,2037.068,0.60476077,84.08362
3562,185.82806,198.45221,1851.0688,0.6027832,16.028215
3563,219.63245,200.57024,1706.3362,0.6040527,1518.8844
3564,187.52121,199.26534,1551.0275,0.59052736,57.557106
3565,197.09586,199.04839,1396.3483,0.595166,471.47754
3566,187.09769,197.85332,1269.5671,0.59196776,55.78893
3567,186.16428,196.68442,1154.9073,0.598999,17.050718
3568,198.33078,196.84906,1039.6605,0.593042,405.5659
3569,186.43733,195.80789,945.45087,0.5916748,21.727524
3570,192.98892,195.526,851.621,0.5987305,294.1014
3571,186.42523,194.61592,773.913,0.59572756,47.252266
3572,187.04715,193.85904,701.6775,0.5979981,42.74601
3573,187.48517,193.22165,635.1661,0.59189457,64.36644
3574,187.1914,192.61862,574.92224,0.6029053,46.837105
3575,186.9744,192.0542,520.2972,0.59450686,55.583656
3576,194.28558,192.27734,468.71558,0.5949219,373.22736
3577,186.07718,191.65733,425.3038,0.6006836,26.012177
3578,185.73357,191.06496,385.9316,0.6006836,18.241526
3579,186.31299,190.58975,349.37076,0.5998047,20.290049
3580,186.67227,190.198,315.81488,0.600708,42.02683
3581,186.30006,189.8082,285.60083,0.5979004,30.757263
3582,296.00275,200.42766,1271.9962,0.6032715,3489.7876
3583,190.08372,199.39326,1154.4263,0.5904053,116.20705
3584,186.2067,198.07462,1054.6333,0.6000244,14.957768
3585,186.51755,196.91891,961.19086,0.6072022,27.203312
3586,185.94353,195.82138,875.9131,0.59851074,18.851099
3587,185.93715,194.83296,797.11456,0.6013428,15.628488
3588,186.89297,194.03897,723.07697,0.5988526,52.156666
3589,185.44565,193.17964,657.41534,0.60036623,11.104147
3590,185.74472,192.43616,596.64886,0.5998047,12.748877
3591,185.53867,191.74641,541.26575,0.600293,10.340345
3592,185.63953,191.13573,490.49564,0.59611815,12.032647
3593,185.9597,190.61812,443.8573,0.59990233,19.167774
3594,189.31705,190.488,399.6239,0.5966553,135.10355
3595,185.68994,190.0082,361.73343,0.59638673,12.18752
3596,187.1102,189.7184,326.31595,0.6046631,70.22889
3597,186.23718,189.37027,294.77505,0.5949463,41.669403
3598,185.22144,188.95538,266.8467,0.60244143,8.626758
3599,185.56818,188.61667,241.19461,0.60148925,23.71365
3600,186.83844,188.43884,217.35973,0.6021973,69.996635
3601,185.97693,188.19266,196.16925,0.60393065,19.524738
3602,206.70645,190.04404,207.40077,0.6060547,798.1148
3603,199.12033,190.95166,194.07481,0.59641117,605.016
3604,186.58191,190.51468,176.38585,0.5942871,33.07916
3605,186.90366,190.15358,159.92082,0.5979492,36.97885
3606,191.23544,190.26176,144.03409,0.5965088,219.56134
3607,192.82825,190.51842,130.22348,0.59440917,238.92628
3608,192.194,190.68597,117.45381,0.59155273,300.48425
3609,186.807,190.29808,107.0626,0.5961426,37.952187
3610,190.26596,190.29486,96.35643,0.60839844,203.02394
3611,190.5394,190.31932,86.726166,0.5977783,220.0409
3612,185.17223,189.80461,80.43788,0.59594727,8.748639
3613,185.36732,189.36089,74.166145,0.6086914,13.7270155
3614,185.4972,188.97452,68.09306,0.60922855,14.752132
3615,185.26959,188.60402,62.519142,0.60668945,10.94263
3616,186.87521,188.43114,56.536217,0.6109619,57.903053
3617,186.50995,188.23901,51.21478,0.6001709,26.449884
3618,186.27188,188.0423,46.441566,0.5986328,38.4012
3619,186.12195,187.85027,42.129307,0.6046631,50.724358
3620,185.3485,187.60008,38.47967,0.6034668,19.51791
3621,185.62708,187.40279,34.98205,0.6024658,18.841408
3622,186.14697,187.2772,31.625782,0.6062012,25.825182
3623,188.0037,187.34985,28.510704,0.60148925,78.39618
3624,197.64778,188.37964,35.20389,0.60244143,387.87314
3625,188.00336,188.34201,31.696245,0.58876956,70.63179
3626,187.55347,188.26315,28.582582,0.6063477,79.14059
3627,188.43669,188.2805,25.727034,0.6026856,96.30508
3628,186.61139,188.11359,23.405064,0.60629886,25.764378
3629,186.11116,187.91335,21.42543,0.59924316,17.300732
3630,185.71902,187.69391,19.71624,0.59870607,19.043888
3631,186.04453,187.52898,17.989458,0.6067139,36.713924
3632,185.15344,187.29143,16.698397,0.6069336,8.965809
3633,185.8975,187.15204,15.203428,0.6075684,15.311008
3634,186.43594,187.08043,13.729237,0.60717773,28.034182
3635,1007.0703,269.0794,60526.855,0.6059082,37172.68
3636,187.52861,260.92432,55072.72,0.598584,113.57195
3637,185.03204,253.33508,50083.812,0.60307616,6.88776
3638,195.37581,247.53915,45377.766,0.6090576,255.68254
3639,192.86783,242.07202,41108.992,0.60244143,292.46005
3640,185.34348,236.39917,37287.723,0.60073245,14.5146
3641,195.03882,232.26314,33712.91,0.6076172,307.25775
3642,186.99838,227.73666,30526.02,0.60036623,47.707653
3643,188.76688,223.83969,27610.096,0.5971436,83.884766
3644,187.00873,220.1566,24971.172,0.6035889,38.62971
3645,202.54678,218.39561,22501.963,0.59350586,744.6422
3646,186.59618,215.21567,20342.775,0.589502,29.420753
3647,185.84457,212.27856,18386.137,0.597583,27.318348
3648,185.37016,209.58772,16612.688,0.60759276,11.4351845
3649,186.88535,207.31749,14997.804,0.59870607,44.01342
3650,185.3852,205.12427,13541.315,0.5990967,14.740598
3651,186.11572,203.22342,12219.703,0.5994385,22.885744
3652,186.14948,201.51602,11023.97,0.5987549,21.013481
3653,186.14127,199.97855,9942.848,0.5984619,30.914993
3654,291.9267,209.17336,9709.464,0.6032715,4815.9824
3655,217.80661,210.03668,8745.225,0.60109866,1427.2905
3656,188.11298,207.84431,7913.96,0.5960205,73.31205
3657,185.93353,205.65323,7165.7715,0.59812015,13.989923
3658,185.26166,203.61407,6486.6177,0.60178226,7.6034346
3659,185.50204,201.80287,5867.48,0.6010254,11.473831
3660,185.53735,200.17632,5304.543,0.60961914,13.621611
3661,185.84595,198.74329,4792.5713,0.60100096,30.577168
3662,185.66063,197.43503,4328.7183,0.603833,20.621328
3663,185.64076,196.2556,3908.366,0.60722655,27.122364
3664,197.21985,196.35202,3517.613,0.6039063,552.05963
3665,185.48766,195.26558,3176.4749,0.60578614,16.287098
3666,190.27637,194.76666,2861.0676,0.6029053,183.4831
3667,186.9886,193.98886,2580.4055,0.59606934,49.553043
3668,187.81953,193.37193,2325.7905,0.59538573,89.84357
3669,187.1043,192.74516,2096.7468,0.6083252,52.169388
3670,186.14484,192.08513,1890.9929,0.60073245,25.137817
3671,186.33185,191.5098,1704.8727,0.6001465,52.700047
3672,185.49327,190.90814,1537.6433,0.60393065,9.1468315
3673,187.3248,190.5498,1385.0345,0.5967285,64.64813
3674,185.34451,190.02928,1248.9696,0.5994873,11.292689
3675,185.46805,189.57315,1125.9451,0.60456544,12.808457
3676,185.17462,189.1333,1015.09174,0.60190433,8.898749
3677,185.64656,188.78462,914.6767,0.6005371,18.377079
3678,184.93271,188.39943,824.5443,0.6078369,9.1729355
3679,185.39757,188.09924,742.9009,0.6100098,10.97237
3680,250.08038,194.29736,1014.3603,0.6017578,2835.9866
3681,185.70277,193.4379,919.57227,0.5967285,16.815031
3682,192.40115,193.33423,827.71173,0.60593265,299.33582
3683,186.90802,192.6916,748.6572,0.6018799,53.401722
3684,185.84662,192.00711,678.0083,0.59956056,28.029318
3685,187.6512,191.57152,611.9151,0.6056641,91.21648
3686,185.91705,191.00607,553.6012,0.6017334,18.353178
3687,186.91351,190.59682,499.7485,0.6004395,45.77234
3688,185.37389,190.07452,452.22876,0.6015381,11.586691
3689,189.40735,190.00781,407.04596,0.596875,128.25328
3690,186.23618,189.63065,367.6216,0.5968262,25.743267
3691,187.25833,189.39342,331.36594,0.6013428,58.40901
3692,187.77328,189.2314,298.46558,0.6067139,79.267876
3693,383.64148,208.67241,3670.194,0.59760743,8951.939
3694,185.91472,206.39664,3349.7866,0.59201664,25.491003
3695,185.4697,204.30394,3054.2222,0.609375,15.511219
3696,185.92442,202.46599,2779.2026,0.60375977,25.60754
3697,185.52701,200.7721,2527.106,0.60737306,13.218212
3698,185.55103,199.24998,2295.2466,0.6017578,19.094864
3699,187.06808,198.0318,2079.0776,0.60551757,66.9975
3700,185.45099,196.77371,1885.4147,0.6008301,18.764557
3701,185.74956,195.6713,1707.811,0.60871583,15.247237
3702,185.54005,194.65817,1546.2676,0.6051758,13.338186
3703,186.48148,193.8405,1397.658,0.6066651,34.650265
3704,186.58487,193.11493,1262.6301,0.60212404,45.306473
3705,356.39713,209.44315,3535.864,0.6046875,7684.487
3706,190.36122,207.53496,3215.048,0.59323734,166.3981
3707,186.46912,205.42838,2933.4824,0.6029785,43.205673
3708,185.25046,203.41058,2676.7776,0.60190433,22.482206
3709,184.73645,201.54317,2440.4849,0.6086914,7.8854203
3710,185.45306,199.93416,2219.7366,0.6072754,18.250916
3711,186.34593,198.57533,2014.3806,0.6093262,80.14975
3712,184.92981,197.21078,1829.7006,0.6102295,12.934531
3713,186.03093,196.0928,1657.9795,0.6083252,29.255365
3714,203.89488,196.87302,1497.66,0.6051758,809.46704
3715,186.25029,195.81075,1358.0498,0.5969238,34.360493
3716,185.70895,194.80057,1231.429,0.5995361,15.449963
3717,185.64532,193.88504,1115.8297,0.6027344,25.62983
3718,185.60696,193.05724,1010.4141,0.60104984,23.800354
3719,185.36404,192.28792,914.69934,0.612085,13.591758
3720,185.0187,191.561,827.9851,0.60339355,10.360913
3721,188.25867,191.23077,746.168,0.6078858,104.75147
3722,185.49312,190.65701,674.51404,0.60615236,13.894675
3723,188.17697,190.40901,607.61615,0.6063965,81.05221
3724,185.79643,189.94775,548.76935,0.607959,28.741346
3725,185.31967,189.48494,495.82013,0.6027344,11.942996
3726,186.56946,189.19339,447.0031,0.6096436,47.212784
3727,185.21379,188.79543,403.72812,0.60300297,11.871053
3728,185.31667,188.44756,364.44446,0.6058838,13.426835
3729,185.67902,188.1707,328.68985,0.6041016,26.730486
3730,185.68814,187.92244,296.37552,0.6073975,31.145731
3731,187.22633,187.85283,266.7816,0.6088867,84.52454
3732,185.40689,187.60823,240.64186,0.6018799,15.97683
3733,203.37775,189.18518,238.95865,0.607666,797.358
3734,188.65372,189.13203,215.0882,0.60312504,142.70222
3735,185.35342,188.75418,194.86438,0.60249025,15.742035
3736,185.71762,188.45053,176.20781,0.60637206,30.707771
3737,185.57072,188.16255,159.33342,0.60808104,26.263128
3738,186.61652,188.00795,143.6152,0.60881346,60.71624
3739,200.12613,189.21977,142.4702,0.60817873,480.53418
3740,192.58054,189.55585,129.2397,0.59738773,284.50897
3741,189.82935,189.58319,116.32246,0.59897465,142.10138
3742,188.67645,189.49252,104.7642,0.5995361,84.80011
3743,185.84991,189.12827,95.48195,0.60593265,39.393333
3744,185.68762,188.7842,86.99917,0.6089844,31.048058
3745,186.36938,188.54271,78.824066,0.6122559,45.691483
3746,184.90085,188.17853,72.135345,0.6105713,9.057222
3747,188.7573,188.2364,64.95196,0.6076172,124.64077
3748,185.68161,187.98093,59.044186,0.6,14.038271
3749,185.1224,187.69507,53.87517,0.61081547,11.338014
3750,185.51749,187.47731,48.91442,0.6117676,15.693676
3751,209.43803,189.67339,87.427574,0.60629886,933.8396
3752,1346.7699,305.38306,120577.2,0.59689945,52569.344
3753,185.16347,293.36108,109820.23,0.59902346,15.037129
3754,187.86684,282.81165,99839.82,0.6074219,84.7226
3755,186.58221,273.1887,90689.24,0.5999512,52.992622
3756,185.10707,264.38052,82318.57,0.60270995,9.287341
3757,185.84521,256.52698,74641.81,0.6104004,23.203333
3758,186.19504,249.49379,67622.82,0.60092777,26.161226
3759,185.43524,243.08794,61229.85,0.6015381,18.9104
3760,185.66025,237.34517,55403.68,0.6077881,17.06321
3761,185.38873,232.14952,50106.26,0.60419923,13.685067
3762,184.82208,227.41678,45297.223,0.60695803,14.163
3763,184.64218,223.13931,40932.168,0.6143555,7.777759
3764,184.58913,219.2843,36972.703,0.61296386,8.519193
3765,195.01906,216.85777,33328.42,0.6134766,450.88058
3766,189.62328,214.13432,30062.334,0.60524905,164.6173
3767,185.7915,211.30005,27128.398,0.6040039,39.88849
3768,187.27327,208.89737,24467.514,0.61269534,60.11099
3769,186.64865,206.6725,22065.312,0.6032959,44.847363
3770,195.20496,205.52574,19870.615,0.6029053,414.52094
3771,185.5917,203.53233,17919.316,0.5995361,25.510471
3772,185.26889,201.706,16157.404,0.6102295,15.580315
3773,186.33282,200.16867,14562.934,0.61137694,62.81875
3774,185.9683,198.74863,13124.788,0.6043701,51.757877
3775,190.96848,197.97061,11817.757,0.6020264,245.18561
3776,187.74065,196.94762,10645.399,0.5973633,63.57319
3777,186.35342,195.8882,9590.961,0.6070801,43.313923
3778,188.44446,195.14383,8636.852,0.6022461,107.24192
3779,186.14487,194.24393,7780.454,0.60375977,38.59143
3780,185.74675,193.39421,7008.9067,0.60930175,26.572943
3781,187.73499,192.8283,6310.8984,0.60598147,91.991516
3782,211.92831,194.7383,5712.641,0.6093506,1057.5353
3783,188.24977,194.08945,5145.166,0.6013428,133.48048
3784,185.12148,193.19266,4637.8877,0.60786134,12.265343
3785,185.55325,192.42871,4179.351,0.61030275,16.370232
3786,185.97299,191.78314,3765.1665,0.6071045,31.108088
3787,185.72577,191.1774,3391.9521,0.60056156,34.42563
3788,185.52423,190.61208,3055.633,0.6032471,14.998908
3789,184.82013,190.03288,2753.0889,0.6025147,9.919043
3790,185.22473,189.55206,2479.8606,0.61120605,9.788556
3791,185.53676,189.15053,2233.3254,0.60546875,26.336555
3792,184.9772,188.7332,2011.5604,0.61025393,10.171286
3793,222.46301,192.10619,1912.7975,0.607666,1589.2784
3794,185.68433,191.464,1725.2294,0.59797364,27.335747
3795,189.27841,191.24545,1553.1362,0.6074463,130.86476
3796,186.83273,190.80418,1399.5751,0.6045899,61.5952
3797,188.39389,190.56316,1260.1404,0.6054444,101.952225
3798,186.44714,190.15155,1135.6511,0.60222167,33.920155
3799,185.41144,189.67754,1024.1082,0.59833986,13.137507
3800,185.11336,189.22112,923.57214,0.60805666,18.538681
3801,184.84596,188.7836,832.9377,0.6068115,8.412955
3802,184.81427,188.38667,751.0619,0.60668945,6.9017487
3803,184.96613,188.04462,677.0087,0.60773927,11.593799
3804,185.02011,187.74217,610.1311,0.60546875,8.853357
3805,185.0072,187.46867,549.79114,0.60771483,15.265331
3806,184.98639,187.22044,495.36655,0.6114258,9.27969
3807,185.19012,187.01741,446.2009,0.609375,14.567471
3808,198.172,188.13287,412.77902,0.61220706,579.74756
3809,197.06665,189.02625,378.6842,0.59934086,385.8242
3810,186.01901,188.72552,341.6297,0.5896484,28.213068
3811,185.46547,188.39952,308.42325,0.6062744,12.316139
3812,188.07404,188.36697,277.59045,0.60800785,105.18231
3813,187.5068,188.28096,249.89798,0.6062012,91.81751
3814,186.42188,188.09505,225.21924,0.6020752,54.120117
3815,186.07404,187.89294,203.06491,0.6095215,26.091156
3816,185.21829,187.62547,183.40225,0.60366213,15.227167
3817,189.94716,187.85764,165.54713,0.61008304,186.99739
3818,186.16736,187.68861,149.24956,0.60578614,49.160114
3819,185.53654,187.4734,134.74142,0.60961914,30.32365
3820,186.30276,187.35634,121.39062,0.6102051,51.503494
3821,185.3015,187.15085,109.63156,0.60471195,22.096146
3822,185.34158,186.96992,98.96301,0.6137207,22.794247
3823,185.43933,186.81686,89.27755,0.6112305,19.413017
3824,185.78847,186.71402,80.44498,0.6089844,19.119524
3825,185.92847,186.63547,72.45602,0.6098877,22.009222
3826,187.66635,186.73856,65.30605,0.6060547,122.75983
3827,202.70348,188.33505,81.71453,0.6112793,796.99084
3828,192.03629,188.70517,74.77599,0.60334474,271.96146
3829,198.73245,189.7079,76.34757,0.6054932,457.0548
3830,204.91483,191.22859,89.52536,0.589502,907.917
3831,185.17752,190.62349,83.86821,0.6045166,12.430946
3832,184.8067,190.04181,78.526535,0.60598147,9.91031
3833,184.87361,189.525,73.077805,0.60817873,8.433438
3834,184.7887,189.05136,67.78895,0.60422367,12.257891
3835,184.91153,188.63737,62.55249,0.607959,8.106457
3836,185.26309,188.29994,57.32196,0.60493165,29.648857
3837,188.57428,188.32738,51.59654,0.6104248,123.7952
3838,186.20215,188.11485,46.843376,0.6039551,54.166416
3839,185.39832,187.8432,42.8232,0.6126709,17.879465
3840,185.04424,187.56331,39.245956,0.6071289,14.35607
3841,185.26752,187.33372,35.79572,0.6109619,22.16378
3842,185.10847,187.1112,32.661804,0.6060547,11.745537
3843,185.20584,186.92067,29.72236,0.604541,11.386797
3844,185.16666,186.74527,27.027014,0.60646975,19.256027
3845,185.75555,186.6463,24.41247,0.6072754,49.078148
3846,426.37045,210.61871,5194.0615,0.6128662,10926.37
3847,189.93448,208.5503,4713.1606,0.6078125,224.00327
3848,185.02911,206.19818,4291.6367,0.6066162,20.639288
3849,185.79837,204.1582,3899.9268,0.6094727,50.09781
3850,184.63013,202.2054,3544.2551,0.6095459,8.182568
3851,185.2204,200.5069,3215.7937,0.6064453,29.786154
3852,185.01793,198.95801,2915.806,0.61762697,13.870215
3853,185.38773,197.60098,2640.799,0.61237794,23.67432
3854,185.04556,196.34544,2390.9067,0.60827637,16.36309
3855,185.42828,195.25372,2162.5427,0.61120605,17.32767
3856,185.37677,194.26602,1955.0682,0.60212404,23.405802
3857,206.1714,195.45656,1772.3179,0.60402834,886.6776
3858,184.77641,194.38855,1605.3519,0.5941162,14.623026
3859,184.47598,193.3973,1453.66,0.61279297,15.935851
3860,184.95486,192.55305,1314.7087,0.6111817,10.282026
3861,185.02353,191.80011,1188.3403,0.6054444,13.80745
3862,185.25165,191.14526,1073.3656,0.609375,27.033422
3863,186.3935,190.67009,968.06116,0.6072022,70.66586
3864,202.72818,191.8759,884.34076,0.6049072,784.40424
3865,185.10129,191.19844,800.03723,0.6036377,17.650993
3866,184.91377,190.56998,723.5882,0.6102295,13.144679
3867,185.2415,190.03712,653.7847,0.61093754,14.951849
3868,184.89622,189.52304,590.78485,0.6079346,9.425154
3869,185.79472,189.1502,532.95734,0.61081547,38.562523
3870,2108.6375,381.09894,332078.5,0.6050049,87029.36
3871,185.37651,361.5267,302318.28,0.5970459,15.96055
3872,186.41177,344.0152,274846.3,0.6083008,62.28201
3873,185.67267,328.18094,249618.2,0.60493165,35.815624
3874,184.92885,313.85574,226503.28,0.60300297,9.241593
3875,185.38815,301.00897,205338.3,0.6061279,15.166383
3876,185.45694,289.45377,186006.17,0.6053467,15.099077
3877,185.21542,279.02994,168383.45,0.6036865,11.230601
3878,185.95651,269.7226,152324.75,0.6035889,25.512585
3879,186.87016,261.43735,137710.08,0.60476077,48.09183
3880,185.79468,253.87308,124454.04,0.5982178,25.264172
3881,185.10829,246.9966,112434.2,0.6114502,12.156159
3882,185.373,240.83424,101532.555,0.6070313,20.842106
3883,188.15775,235.56659,91629.03,0.61130375,147.79286
3884,185.74997,230.58493,82689.484,0.61030275,27.21496
3885,184.93231,226.01967,74608.11,0.60886234,11.551077
3886,184.76466,221.89417,67300.47,0.6112793,11.0448
3887,185.78912,218.28366,60687.742,0.61220706,36.961334
3888,185.22894,214.9782,54717.3,0.60668945,31.261621
3889,184.84692,211.96507,49327.28,0.6146973,11.475189
3890,184.68906,209.23747,44461.51,0.6129883,11.145038
3891,186.01657,206.91537,40063.89,0.61418456,47.60939
3892,186.42636,204.86647,36095.28,0.6136719,85.817795
3893,185.2354,202.90337,32520.438,0.60966796,20.929615
3894,185.65497,201.17853,29295.168,0.6135254,31.1979
3895,186.74438,199.7351,26384.4,0.6104004,79.89329
3896,185.53448,198.31505,23764.11,0.61220706,22.418716
3897,184.39093,196.92264,21405.148,0.60651857,11.731398
3898,187.24922,195.95529,19273.055,0.6138672,94.71939
3899,186.83334,195.04309,17353.236,0.60786134,64.597916
3900,184.63661,194.00244,15627.659,0.61083984,9.183192
3901,184.87831,193.09003,14072.386,0.6074219,13.896288
3902,184.7081,192.25183,12671.47,0.6119141,10.198615
3903,184.52606,191.47925,11409.694,0.60966796,8.76671
3904,184.66785,190.79811,10272.9,0.6071045,15.3547125
3905,185.07832,190.22614,9248.555,0.6133057,20.123657
3906,184.83707,189.68723,8326.3125,0.6126221,15.3779335
3907,184.83434,189.20193,7495.801,0.62001956,11.904086
3908,184.66737,188.74847,6748.0713,0.6053467,9.484345
3909,184.66188,188.33981,6074.767,0.61589354,9.374857
3910,185.20811,188.02664,5468.1733,0.6091065,29.81665
3911,184.80305,187.70428,4922.291,0.6064941,15.043121
3912,184.90948,187.4248,4430.765,0.61115724,10.060405
3913,185.03552,187.18588,3988.2021,0.602832,14.103906
3914,186.24825,187.09212,3589.461,0.6084717,43.796356
3915,185.2998,186.91289,3230.804,0.60419923,15.782127
3916,184.75607,186.6972,2908.142,0.6023682,9.111524
3917,184.55286,186.48277,2617.7415,0.60625,8.020035
3918,184.3554,186.27003,2356.3745,0.6054444,8.170564
3919,184.90402,186.13344,2120.9048,0.61169434,18.644358
3920,185.6235,186.08244,1908.8378,0.6092041,39.96869
3921,186.35275,186.10947,1717.9606,0.61093754,36.255703
3922,185.57114,186.05563,1546.1906,0.6102295,24.409369
3923,185.02525,185.95259,1391.667,0.6102295,13.29118
3924,185.25153,185.88248,1252.5446,0.6065674,21.696236
3925,184.31384,185.72562,1127.5116,0.6074219,7.4147534
3926,185.64828,185.71788,1014.761,0.61635745,62.402336
3927,185.11974,185.65807,913.3171,0.6115479,23.982521
3928,184.98352,185.5906,822.02625,0.6107178,21.935112
3929,255.77673,192.60922,1183.1719,0.6140625,2737.9387
3930,185.34602,191.8829,1069.6025,0.6050049,37.26015
3931,184.64143,191.15875,967.36176,0.6141602,11.41323
3932,188.82394,190.92528,871.11615,0.6202637,181.32384
3933,184.99017,190.33177,787.1748,0.6069824,19.820395
3934,184.75626,189.77422,711.25507,0.61928713,10.078457
3935,184.61528,189.25832,642.52484,0.6090088,10.708139
3936,184.61191,188.79367,580.2154,0.6126221,13.292978
3937,184.35033,188.34933,523.9707,0.6177735,7.9414163
3938,185.28386,188.04279,472.41934,0.6144776,32.411163
3939,184.53357,187.69186,426.2857,0.609961,14.368757
3940,187.49895,187.67258,383.66046,0.6074219,116.76963
3941,184.88756,187.39407,345.99246,0.6034424,15.32668
3942,185.13426,187.16809,311.8528,0.607251,32.296448
3943,184.65518,186.9168,281.23584,0.60695803,13.824931
3944,184.79279,186.70439,253.51828,0.61157227,11.981061
3945,186.17783,186.65173,228.1914,0.6086426,49.02798
3946,184.95111,186.48167,205.63255,0.613208,20.745062
3947,187.68999,186.60251,185.20068,0.614624,117.52138
3948,185.8076,186.52301,166.73747,0.610791,40.136524
3949,184.46532,186.31725,150.4448,0.61206055,9.025793
3950,184.77011,186.16254,135.61574,0.6178711,9.171772
3951,186.61049,186.20734,122.07222,0.61342776,90.9375
3952,192.7142,186.85802,113.67554,0.6108643,243.26805
3953,186.22035,186.79425,102.34458,0.603418,34.69513
3954,188.30185,186.945,92.31468,0.60700685,119.98761
3955,184.67587,186.7181,83.54662,0.5998535,7.225515
3956,185.66136,186.61243,75.292465,0.6127686,38.575294
3957,184.72446,186.42363,68.084015,0.6141602,18.463242
3958,184.51256,186.23253,61.60431,0.6116211,7.0066805
3959,184.59576,186.06885,55.684986,0.6086914,8.588479
3960,184.50288,185.91225,50.33719,0.6126221,9.394105
3961,185.54253,185.87527,45.31577,0.61008304,34.81218
3962,184.69235,185.75699,40.91013,0.61481935,12.435988
3963,186.41678,185.82297,36.858295,0.61103517,66.16261
3964,185.14856,185.75552,33.213398,0.6081543,14.7844095
3965,187.10873,185.89084,30.056862,0.6122803,99.36294
3966,185.90698,185.89246,27.051199,0.61013186,46.836445
3967,184.50949,185.75417,24.518211,0.6121338,8.970768
3968,184.42526,185.62128,22.225327,0.6145264,7.8617473
3969,184.57007,185.51616,20.102247,0.6168457,11.800521
3970,184.84305,185.44885,18.1328,0.6153076,15.227765
3971,184.89084,185.39305,16.347542,0.6183838,15.600876
3972,185.41748,185.3955,14.71284,0.6102783,20.050945
3973,184.67538,185.32349,13.288225,0.613501,13.482548
3974,184.56386,185.24753,12.011336,0.6055908,10.695536
3975,185.96745,185.31952,10.856849,0.61486816,84.10814
3976,184.37474,185.22504,9.851499,0.6092529,9.243004
3977,186.26054,185.32858,8.962853,0.61496586,55.72077
3978,249.96213,191.79193,384.04114,0.6150879,2881.78
3979,189.52124,191.56487,346.10104,0.6053711,132.4999
3980,185.42188,190.95056,314.88718,0.60886234,18.29562
3981,185.0805,190.36356,286.49963,0.6060547,13.828477
3982,184.64474,189.79167,260.7931,0.61052245,8.29198
3983,185.02911,189.31541,236.75514,0.61291504,16.436155
3984,185.17746,188.90161,214.62067,0.609375,17.801283
3985,185.44223,188.55568,194.23566,0.6123535,40.22887
3986,184.7522,188.17532,176.11406,0.61328125,13.250558
3987,185.08253,187.86604,159.36353,0.6017578,22.792566
3988,184.92825,187.57227,144.20393,0.6161377,28.612137
3989,184.72012,187.28705,130.51567,0.60651857,10.17688
3990,184.32466,186.99081,118.25392,0.6072754,9.136591
3991,185.25584,186.81732,106.69943,0.6125488,25.50347
3992,184.90201,186.6258,96.35965,0.6111328,13.662159
3993,185.15305,186.47852,86.91889,0.61379397,30.06082
3994,184.7732,186.30798,78.48873,0.61152345,15.919031
3995,186.69652,186.34683,70.65344,0.6143555,63.103214
3996,185.31532,186.24368,63.683857,0.6061279,22.99457
3997,191.4206,186.76137,59.72751,0.609375,312.39087
3998,184.74997,186.56023,54.11887,0.601709,17.25714
3999,185.58011,186.46222,48.793438,0.6143799,26.521143
4000,185.21135,186.33713,44.054913,0.60891116,28.69853
4001,185.05049,186.20847,39.79841,0.60908204,30.418077
4002,184.5755,186.04517,36.05856,0.61533207,12.9854965
4003,184.37225,185.87787,32.704582,0.6160645,8.976855
4004,185.05983,185.79607,29.494349,0.622168,34.65359
4005,185.11234,185.72769,26.586987,0.62363285,19.14428
4006,184.59344,185.61427,24.044073,0.6091797,11.829098
4007,186.02621,185.65547,21.654938,0.6149414,39.95768
4008,184.77551,185.56747,19.559134,0.611792,13.528347
4009,190.41116,186.05185,19.714739,0.613501,200.98352
4010,215.29114,188.97578,94.6875,0.61481935,1364.6052
4011,184.66032,188.54424,86.89484,0.6021485,24.423956
4012,184.584,188.14821,79.61686,0.61833495,11.449224
4013,184.77585,187.81097,72.67873,0.6135498,18.249653
4014,184.45262,187.47514,66.42592,0.6143799,8.17929
4015,184.95892,187.22353,60.353146,0.61550295,17.84981
4016,184.43431,186.94461,55.018005,0.6099121,12.222171
4017,184.85715,186.73587,49.90838,0.6214844,27.190361
4018,184.42259,186.50455,45.39915,0.6177002,7.9209895
4019,184.2999,186.28409,41.29668,0.61257327,8.40606
4020,185.56221,186.2119,37.213913,0.6185547,35.17409
4021,186.79434,186.27014,33.523052,0.61210936,79.948425
4022,190.38867,186.68199,31.697351,0.607959,253.96294
4023,185.13602,186.52739,28.74272,0.60805666,25.905966
4024,186.97192,186.57184,25.88623,0.62119144,77.27919
4025,185.84515,186.49918,23.345133,0.6110596,56.53839
4026,184.5094,186.3002,21.36695,0.61188966,11.616164
4027,184.3661,186.1068,19.56692,0.61608887,8.948641
4028,190.18758,186.51488,19.108976,0.61521,171.14005
4029,184.70158,186.33354,17.494001,0.6148926,14.111744
4030,189.51685,186.65187,16.656609,0.614624,151.95096
4031,185.39839,186.52652,15.132357,0.60270995,23.76438
4032,185.0875,186.38261,13.805492,0.6119629,19.717943
4033,184.73216,186.21758,12.670102,0.61391604,19.87209
4034,2447.1614,412.31195,460079.44,0.6170166,102331.016
4035,189.11377,389.99213,418555.06,0.612085,228.0295
4036,188.5588,369.8488,380351.3,0.6175537,200.70235
4037,184.5377,351.3177,345406.8,0.6129395,13.897934
4038,185.65146,334.75107,313336.2,0.60751957,47.674217
4039,185.13235,319.78918,284017.28,0.61206055,21.92321
4040,185.08789,306.31906,257248.55,0.61257327,18.10599
4041,184.29553,294.1167,232863.77,0.60961914,9.184284
4042,184.67252,283.17227,210655.4,0.6148438,18.605724
4043,184.30923,273.28598,190469.52,0.6119629,9.869852
4044,184.55206,264.4126,172131.2,0.6194092,9.681127
4045,190.98093,257.06943,155403.38,0.6121826,286.13284
4046,187.92804,250.15529,140293.28,0.6113281,89.603836
4047,185.47961,243.68771,126640.414,0.60178226,40.45319
4048,264.36264,245.7552,114014.836,0.61259764,3528.7854
4049,184.54816,239.63449,102950.516,0.60673827,14.087862
4050,184.5185,234.1229,92928.87,0.61188966,10.767239
4051,188.28601,229.5392,83825.07,0.616919,130.08394
4052,186.56618,225.2419,75608.766,0.6153076,58.555607
4053,190.86615,221.80432,68154.24,0.6114502,276.59744
4054,217.42844,221.36673,61340.54,0.6099121,1115.9934
4055,187.09402,217.93945,55312.2,0.60407716,78.3998
4056,185.75409,214.72092,49874.207,0.6091797,32.109955
4057,185.54962,211.80379,44963.37,0.61948246,55.201485
4058,184.32782,209.05618,40534.977,0.61364746,13.580182
4059,184.67828,206.6184,36534.965,0.61879885,18.904684
4060,184.4546,204.40201,32925.68,0.6144043,20.379503
4061,184.10922,202.37273,29670.172,0.62114257,9.596205
4062,185.77426,200.71288,26727.95,0.6146973,47.2842
4063,191.0803,199.74962,24063.506,0.613501,205.20372
4064,184.8406,198.25871,21677.16,0.6078369,13.781734
4065,190.15935,197.44878,19515.348,0.61259764,226.12701
4066,184.69795,196.17369,17578.445,0.6089844,11.355851
4067,233.48843,199.90517,15945.915,0.6058106,2194.9229
4068,203.37999,200.25266,14352.409,0.6029785,854.19293
4069,186.91705,198.9191,12933.174,0.5945557,118.72334
4070,184.97131,197.52432,11657.365,0.61694336,24.842749
4071,184.6154,196.23343,10506.626,0.615625,9.126674
4072,184.48953,195.05904,9468.376,0.6114502,10.837738
4073,184.54756,194.00789,8531.482,0.61652833,9.799482
4074,184.848,193.0919,7685.8857,0.6112305,15.795268
4075,184.9512,192.27783,6923.261,0.6161621,38.7774
4076,185.58514,191.60857,6234.966,0.6114502,56.566555
4077,185.4455,190.99226,5614.8877,0.613208,65.8081
4078,184.20872,190.3139,5057.54,0.61721194,13.423776
4079,184.16412,189.69893,4555.1895,0.6185303,8.891729
4080,184.36934,189.16597,4102.2266,0.61345214,7.3565497
4081,184.21793,188.67117,3694.2073,0.61459965,7.94875
4082,184.39355,188.24341,3326.4333,0.6150147,8.2662945
4083,184.31967,187.85103,2995.1755,0.6199463,8.732185
4084,184.43414,187.50934,2696.7087,0.61210936,10.850222
4085,184.57233,187.21564,2427.8142,0.6122803,12.757743
4086,186.63783,187.15785,2185.0627,0.61640626,71.99953
4087,185.39073,186.98114,1966.8374,0.61242676,23.02657
4088,185.24097,186.80713,1770.4261,0.60595703,25.383766
4089,201.31265,188.25768,1612.3204,0.6147949,750.4188
4090,185.7651,188.00842,1451.6476,0.6134033,63.772133
4091,185.05313,187.71289,1307.2689,0.61499023,36.070194
4092,184.31752,187.37335,1177.5796,0.6111817,11.810102
4093,184.81573,187.11758,1060.4104,0.61130375,20.136456
4094,184.3003,186.83586,955.0837,0.6137207,12.579937
4095,184.30482,186.58276,860.15186,0.62194824,11.927928
4096,184.60197,186.38469,774.48975,0.6186035,25.053473
4097,185.23074,186.26929,697.1606,0.61450195,30.298967
4098,184.58195,186.10056,627.70074,0.6140625,16.157206
4099,184.88724,185.97922,565.0632,0.6113281,24.691372
4100,188.06012,186.1873,508.9466,0.6236084,103.68917
4101,185.57446,186.12602,458.08572,0.60822755,39.378906
4102,183.99161,185.91258,412.68716,0.60583496,8.310204
4103,183.87192,185.70851,371.79324,0.62038577,6.7273426
4104,184.33597,185.57126,334.78345,0.6176025,13.34487
4105,185.34409,185.54854,301.30972,0.62060547,42.780968
4106,186.89542,185.68323,271.342,0.61147463,114.3977
4107,184.04483,185.5194,244.44939,0.6187256,9.0675
4108,187.70216,185.73767,220.43326,0.61896974,151.1776
4109,184.69702,185.6336,198.4874,0.6113281,18.06283
4110,186.83292,185.75354,178.7681,0.6147949,104.26521
4111,9636.358,1130.814,8.0384145e+06,0.6085693,427378.34
4112,187.11967,1036.4446,7.3147235e+06,0.6067627,115.734505
4113,212.07089,954.0072,6.644414e+06,0.6109619,1207.7954
4114,186.46912,877.2534,6.032993e+06,0.60686034,77.50138
4115,184.25594,807.9537,5.4729155e+06,0.61411136,7.246482
4116,184.39882,745.5982,4.9606175e+06,0.61672366,12.345483
4117,184.10504,689.4489,4.4929305e+06,0.6156983,9.529694
4118,184.80673,638.9847,4.0665572e+06,0.6115479,20.96488
4119,184.38695,593.5249,3.6785008e+06,0.6127686,9.560392
4120,185.40767,552.7132,3.325641e+06,0.6118164,48.164963
4121,186.35553,516.07745,3.0051565e+06,0.6087891,60.14933
4122,184.34668,482.9044,2.7145448e+06,0.6095703,7.039674
4123,184.37848,453.0518,2.4511108e+06,0.6106934,9.86032
4124,187.78445,426.52505,2.2123328e+06,0.6144776,169.97145
4125,184.27197,402.29974,1.9963812e+06,0.6122559,11.8367195
4126,184.11986,380.48175,1.8010272e+06,0.616333,9.061757
4127,184.28912,360.8625,1.6243888e+06,0.6089844,20.25356
4128,184.2378,343.2,1.4647575e+06,0.6196777,10.5521345
4129,185.20361,327.40036,1.3205284e+06,0.6142578,48.522198
4130,184.8469,313.14502,1.1903044e+06,0.61774904,28.502344
4131,184.77359,300.30786,1.072757e+06,0.61374515,32.94279
4132,185.73996,288.85107,966662.6,0.6216553,37.668034
4133,184.92245,278.45822,870968.44,0.61848146,31.765926
4134,186.03557,269.21594,784640.3,0.6154297,93.90949
4135,184.41928,260.73627,706823.44,0.6150879,22.785387
4136,184.50806,253.11345,636664.06,0.6215088,14.186733
4137,184.48343,246.25044,573421.56,0.6161133,17.037
4138,184.80165,240.10556,516419.25,0.6201416,20.325394
4139,186.63776,234.75877,465034.6,0.61166996,98.875336
4140,184.2974,229.71263,418760.28,0.6185791,8.858976
4141,184.36223,225.1776,377069.34,0.6182373,10.184312
4142,184.06345,221.06618,339514.53,0.6181885,8.498933
4143,184.02287,217.36185,305686.56,0.6182129,7.785299
4144,184.99097,214.12476,275212.2,0.620166,36.86279
4145,183.99611,211.1119,247772.67,0.61828613,10.200394
4146,184.52094,208.45279,223059.03,0.6196045,12.847986
4147,185.06973,206.11449,200802.33,0.62194824,33.083458
4148,184.29407,203.93245,180764.94,0.61376953,9.061193
4149,185.87231,202.12643,162717.78,0.6152344,68.755066
4150,184.64728,200.37852,146473.48,0.6171387,20.482588
4151,183.96231,198.73691,131850.39,0.6212158,8.835771
4152,184.76979,197.3402,118682.914,0.6200684,30.09845
4153,184.15118,196.0213,106830.28,0.6167725,8.260527
4154,184.65634,194.88481,96158.875,0.61625975,14.494508
4155,193.45755,194.74208,86543.17,0.61882323,307.64465
4156,184.28235,193.6961,77898.695,0.6062012,14.602515
4157,185.07892,192.83438,70115.5,0.6163818,28.226849
4158,184.12741,191.96368,63110.77,0.61135256,7.325254
4159,184.25035,191.19235,56805.047,0.61545414,12.56786
4160,216.00546,193.67366,51179.953,0.6162842,1417.6079
4161,230.13239,197.31953,46181.59,0.6097412,2087.4402
4162,184.21478,196.00906,41578.883,0.6112549,22.19826
4163,184.15465,194.82362,37433.64,0.6235596,10.440914
4164,184.02986,193.74425,33700.76,0.61635745,11.401194
4165,184.27448,192.79727,30338.756,0.6164307,11.712219
4166,184.36981,191.95453,27311.271,0.6169922,18.612057
4167,185.48372,191.30745,24583.912,0.6148438,66.04519
4168,184.34799,190.61151,22129.879,0.61103517,9.699097
4169,184.25053,189.97542,19920.533,0.61694336,10.006118
4170,184.72644,189.45052,17930.959,0.6180176,26.963598
4171,189.00374,189.40584,16137.88,0.6166992,207.65057
4172,185.02998,188.96825,14525.815,0.61342776,31.34506
4173,184.95035,188.56645,13074.687,0.6143555,19.116205
4174,184.71088,188.1809,11768.556,0.6126221,22.983177
4175,185.09552,187.87236,10592.557,0.6128174,33.748928
4176,184.7637,187.5615,9534.171,0.61875004,31.279854
4177,184.02585,187.20793,8581.879,0.6148438,9.345766
4178,184.2958,186.91672,7724.4536,0.61987305,20.355827
4179,184.74199,186.69925,6952.434,0.6121826,28.40213
4180,184.52386,186.4817,6257.616,0.6153809,19.308462
4181,184.59933,186.29347,5632.1733,0.6193115,14.757981
4182,185.3891,186.20303,5069.03,0.6138672,47.3075
4183,184.71718,186.05444,4562.325,0.619043,33.739723
4184,184.43997,185.89299,4106.327,0.62050784,13.90315
4185,205.06494,187.81018,3728.7751,0.61337894,939.5755
4186,187.60492,187.78966,3355.9014,0.60839844,90.51336
4187,271.14914,196.12561,3645.7034,0.61672366,3857.9639
4188,184.22174,194.93523,3293.886,0.61521,12.259456
4189,185.40656,193.98236,2972.669,0.6166016,46.52987
4190,189.52963,193.5371,2677.1863,0.61220706,230.22772
4191,184.1413,192.59752,2417.4128,0.6090088,9.419595
4192,184.46426,191.7842,2181.625,0.6168213,18.027357
4193,184.79128,191.0849,1967.8635,0.6167969,22.516489
4194,186.58249,190.63466,1772.9016,0.6170654,93.738365
4195,184.85344,190.05653,1598.6195,0.61130375,23.61415
4196,184.07959,189.45883,1441.9727,0.61689454,7.936673
4197,184.0575,188.9187,1300.4011,0.6174561,11.053404
4198,183.97311,188.42415,1172.5623,0.6183838,10.74182
4199,184.12244,187.99397,1056.9714,0.61711425,8.907738
4200,186.3851,187.83308,951.5072,0.61345214,81.66989
4201,184.87854,187.53763,857.1421,0.61374515,25.650944
4202,185.37242,187.3211,771.8498,0.6164795,24.199646
4203,184.63953,187.05295,695.312,0.61589354,18.575594
4204,240.35751,192.3834,881.5047,0.6200684,2387.5107
4205,184.52625,191.59769,798.9104,0.6090088,21.934593
4206,184.14006,190.85193,724.02484,0.615625,8.571513
4207,184.12178,190.17891,655.69885,0.6199951,7.377544
4208,185.15007,189.67603,592.40497,0.6125488,48.77581
4209,186.463,189.35472,534.09357,0.6161133,70.808846
4210,184.46425,188.86568,482.8367,0.61503905,18.45983
4211,184.52489,188.4316,436.24884,0.6157715,17.926321
4212,184.53482,188.04192,393.9906,0.6137207,19.001411
4213,184.38835,187.67656,355.79288,0.6149414,22.087873
4214,184.91818,187.40073,320.89835,0.6151611,39.557304
4215,185.06479,187.16713,289.2996,0.6180176,33.686386
4216,183.90959,186.84137,261.32468,0.61518556,9.548736
4217,183.7476,186.532,236.05363,0.6170654,6.1360884
4218,183.7784,186.25664,213.13066,0.61279297,7.20652
4219,183.99306,186.03027,192.27873,0.61911625,7.723195
4220,184.39957,185.8672,173.29018,0.6164307,10.024204
4221,186.26758,185.90724,155.97559,0.6157715,55.206306
4222,184.13083,185.7296,140.66203,0.6062744,8.977773
4223,183.72617,185.52925,126.957054,0.6196777,6.018494
4224,184.36078,185.4124,114.38423,0.61806643,30.70742
4225,183.80252,185.2514,103.17906,0.615625,8.991083
4226,184.26709,185.15297,92.94835,0.6221924,13.359848
4227,184.80481,185.11815,83.66442,0.6139404,21.728119
4228,184.14656,185.021,75.382935,0.61901855,8.185168
4229,184.06308,184.9252,67.92722,0.6141602,12.7100525
4230,184.70763,184.90344,61.138756,0.6187256,37.374084
4231,184.44513,184.8576,55.04378,0.6195313,13.754516
4232,194.51083,185.82292,57.926037,0.61413574,451.0965
4233,183.5265,185.59328,52.608047,0.60808104,6.300368
4234,184.18982,185.45293,47.524513,0.6175049,11.591121
4235,184.74176,185.3818,42.817577,0.61545414,30.307947
4236,185.29062,185.37268,38.536568,0.6166016,50.735363
4237,184.48148,185.28355,34.754395,0.617334,20.15817
4238,183.72482,185.12769,31.497623,0.61657715,7.4529495
4239,184.30382,185.0453,28.408947,0.6234131,15.537917
4240,183.62875,184.90366,25.748646,0.62236327,6.531043
4241,183.78496,184.79178,23.286415,0.6195313,7.566529
4242,183.8823,184.70084,21.032217,0.61689454,8.345531
4243,184.4419,184.67494,18.935028,0.6171875,38.14797
4244,184.00389,184.60783,17.082052,0.62231445,11.651647
4245,286.8629,194.83334,956.42303,0.62226564,4622.9355
4246,190.88995,194.43901,862.18024,0.6109131,279.07184
4247,185.2651,193.52162,783.5367,0.6068848,42.132347
4248,184.8093,192.65039,712.0144,0.61662596,28.554178
4249,183.9863,191.78398,647.5689,0.615625,9.384013
4250,185.39558,191.14514,586.48505,0.62077636,52.7585
4251,183.9148,190.4221,532.5415,0.6165039,8.773251
4252,183.9571,189.7756,483.049,0.61342776,10.131269
4253,183.94272,189.19232,437.80612,0.62561035,8.393297
4254,186.59666,188.93275,394.63187,0.61269534,103.72643
4255,183.97514,188.437,357.38068,0.6161621,12.290543
4256,184.24026,188.01732,323.22772,0.62124026,11.981967
4257,186.19537,187.83513,291.20367,0.61201173,101.09876
4258,185.134,187.56502,262.73996,0.6168213,39.589226
4259,185.93323,187.40184,236.7056,0.6090088,58.254925
4260,258.62726,194.52438,669.6104,0.6141602,3350.134
4261,183.92078,193.46402,612.7686,0.60180664,9.498342
4262,184.59114,192.57674,558.5773,0.6228272,20.380537
4263,183.91338,191.7104,509.47437,0.6147949,9.158763
4264,183.96771,190.93613,463.92236,0.6168701,10.313456
4265,185.65913,190.40843,420.03632,0.6174561,73.99164
4266,187.65701,190.13329,378.714,0.6168457,139.24564
4267,183.72478,189.49243,344.5388,0.61035156,8.322347
4268,188.98091,189.44128,310.10843,0.62280273,241.63858
4269,183.61809,188.85896,282.14944,0.6198975,5.941728
4270,183.73264,188.34633,256.29962,0.6251953,9.421792
4271,186.03111,188.1148,231.15207,0.6185791,105.04521
4272,184.10593,187.71391,209.48326,0.61721194,12.921309
4273,183.7127,187.3138,189.9758,0.6139893,6.7127028
4274,184.39236,187.02165,171.74634,0.6201416,23.013405
4275,183.84178,186.70366,155.48174,0.61599123,9.644601
4276,183.62537,186.39583,140.78639,0.6212891,9.5429
4277,184.58916,186.21516,127.00151,0.61711425,26.48802
4278,184.11482,186.00513,114.69839,0.61455077,15.883375
4279,183.81543,185.78616,103.66007,0.620166,7.5122533
4280,183.82967,185.59052,93.63857,0.61965334,8.921201
4281,184.52103,185.48357,84.377655,0.6218018,22.35162
4282,184.27094,185.3623,76.072235,0.6164795,15.785888
4283,184.24727,185.2508,68.576904,0.621875,19.867144
4284,184.53632,185.17935,61.765156,0.616919,33.415565
4285,189.7907,185.64049,57.502445,0.6156006,257.06287
4286,193.50606,186.42705,57.320244,0.61015624,396.62552
4287,186.89693,186.47403,51.60809,0.6064941,139.49712
4288,184.67657,186.29428,46.738056,0.6195313,19.235031
4289,184.59656,186.12451,42.323654,0.6147217,31.234238
4290,184.082,185.92026,38.466755,0.6197998,8.871876
4291,184.02148,185.73038,34.94456,0.6177735,9.599328
4292,183.82423,185.53976,31.77711,0.6212891,9.007399
4293,183.76752,185.36253,28.882074,0.62070316,7.592788
4294,184.2376,185.25005,26.10776,0.6166504,25.878136
4295,183.95715,185.12076,23.647423,0.60686034,18.059357
4296,183.80063,184.98874,21.439528,0.6200684,10.850626
4297,186.08002,185.09787,19.402754,0.62348634,97.6411
4298,254.9664,192.08472,456.8075,0.6148926,3195.6355
4299,184.24811,191.30106,416.65384,0.6092529,18.628113
4300,184.224,190.59335,379.4961,0.62019044,20.34063
4301,183.88509,189.92253,345.59656,0.619751,9.38826
4302,183.96555,189.32683,314.2306,0.61789554,9.4823265
4303,184.52354,188.8465,284.88397,0.61704105,15.845209
4304,184.67728,188.42958,257.96,0.61220706,21.729752
4305,185.05536,188.09216,233.18867,0.6167725,46.416496
4306,183.97888,187.68083,211.39252,0.61589354,7.295072
4307,198.69183,188.78194,201.16505,0.61540526,645.2905
4308,184.0021,188.30396,183.10475,0.6094971,7.761149
4309,211.45973,190.61954,213.05138,0.61828613,1242.7169
4310,183.87622,189.9452,195.83873,0.6102051,8.470915
4311,183.77522,189.3282,179.68103,0.6181397,7.2305803
4312,183.89685,188.78506,164.36787,0.61757815,10.772324
4313,184.82933,188.3895,149.33939,0.6215332,46.67139
4314,188.2424,188.37479,134.4074,0.6170654,196.90588
4315,183.95264,187.93257,122.72663,0.61743164,6.838914
4316,183.95352,187.53467,111.87892,0.61796874,11.334041
4317,190.613,187.8425,101.543884,0.6190674,301.06784
4318,184.64615,187.52286,92.30899,0.608667,25.180618
4319,184.55737,187.2263,83.86956,0.61950684,28.978945
4320,184.16248,186.91992,76.32744,0.6153809,14.683474
4321,183.62091,186.59003,69.67421,0.615625,7.1816573
4322,183.639,186.29492,63.49055,0.6202881,6.9602246
4323,184.4455,186.10999,57.44933,0.6229736,29.214445
4324,248.01746,192.30074,396.63257,0.6197754,2898.5498
4325,183.89676,191.46034,363.3257,0.60817873,17.284971
4326,184.0339,190.7177,331.95682,0.62192386,16.204668
4327,183.5282,189.99875,303.41312,0.6178223,7.8267827
4328,183.6753,189.36641,276.67053,0.6213623,10.252222
4329,185.08289,188.93805,250.65486,0.62160647,44.51295
4330,184.49142,188.4934,227.3689,0.6173584,27.891817
4331,188.66492,188.51054,204.63466,0.61762697,153.01817
4332,183.96826,188.05632,186.02809,0.6077881,11.736027
4333,184.02985,187.65367,168.8844,0.6233887,15.277379
4334,183.87042,187.27534,153.28413,0.6143799,10.875828
4335,183.75711,186.92352,139.06973,0.6172852,11.055722
4336,183.93774,186.62494,125.9651,0.6172852,9.2201
4337,183.8855,186.351,114.044,0.61901855,8.70664
4338,184.23032,186.13893,103.04435,0.6181397,17.585619
4339,184.09485,185.93452,93.11595,0.62050784,9.847482
4340,184.02567,185.74364,84.132286,0.6155762,8.762394
4341,184.99628,185.6689,75.769325,0.61433107,28.62256
4342,184.0405,185.50606,68.43104,0.61030275,9.192579
4343,184.15201,185.37065,61.75294,0.6199463,11.88315
4344,183.62944,185.19653,55.85051,0.61013186,6.567403
4345,184.27226,185.10411,50.342342,0.6216797,23.416521
4346,185.01398,185.0951,45.308838,0.61635745,45.87738
4347,183.75879,184.96146,40.938667,0.6142578,11.954338
4348,183.89398,184.8547,36.947353,0.6203613,14.741104
4349,183.5311,184.72235,33.41029,0.6201172,8.999363
4350,183.81253,184.63136,30.14376,0.6234619,13.430931
4351,183.96573,184.5648,27.16926,0.6214844,14.516933
4352,186.0228,184.7106,24.64365,0.6225342,82.51141
4353,184.89876,184.72942,22.18247,0.6158447,26.189526
4354,188.35089,185.09157,21.14458,0.6196045,140.95845
4355,186.03418,185.18582,19.110088,0.60959476,67.76035
4356,184.61343,185.12859,17.228565,0.6176514,38.330612
4357,183.76512,184.99223,15.673021,0.6147217,6.5186267
4358,183.89618,184.88263,14.213839,0.6144287,7.2913756
4359,185.47981,184.94235,12.824551,0.61540526,64.222046
4360,183.9068,184.83879,11.638608,0.6150879,9.796311
4361,184.33768,184.78868,10.497347,0.6199951,22.799927
4362,185.63733,184.87355,9.51243,0.61411136,81.9777
4363,184.01398,184.7876,8.627686,0.622168,17.908041
4364,184.63641,184.77248,7.766974,0.6166992,35.645016
4365,184.54985,184.75021,6.994737,0.6163818,26.424755
4366,185.56248,184.83144,6.354644,0.61726075,82.52717
4367,184.42079,184.79037,5.734356,0.6131592,20.196661
4368,184.17477,184.72882,5.1950274,0.62114257,21.053484
4369,183.52368,184.6083,4.8062367,0.6200684,6.8834424
4370,183.78142,184.52562,4.3871503,0.6237793,24.152426
4371,184.07216,184.48027,3.9669416,0.624292,17.211962
4372,191.94048,185.22629,8.579166,0.61337894,375.7928
4373,184.97433,185.2011,7.7269626,0.61521,68.983444
4374,184.61703,185.14268,6.984967,0.6229004,38.562866
4375,183.4992,184.97833,6.529562,0.6193604,7.325293
4376,183.8782,184.86832,5.9855313,0.62246096,9.152039
4377,183.80148,184.76163,5.48941,0.6147461,17.080942
4378,183.36798,184.62227,5.115271,0.6203613,8.379175
4379,184.03688,184.56374,4.634585,0.6212891,18.660742
4380,183.94647,184.50201,4.2054176,0.61450195,10.908887
4381,185.08934,184.56075,3.8159215,0.61499023,68.86942
4382,183.90182,184.49486,3.4734051,0.61901855,15.576258
4383,189.39264,184.98463,5.2850084,0.61865234,257.0021
4384,183.83116,184.8693,4.8762527,0.61379397,9.130096
4385,183.75107,184.75748,4.501166,0.621875,8.779961
4386,183.60449,184.64218,4.170693,0.62453616,6.576832
4387,183.44795,184.52277,3.88198,0.620166,6.3276205
4388,183.44296,184.41478,3.5987198,0.6196045,7.6348753
4389,183.57607,184.3309,3.3021576,0.6218506,12.875817
4390,183.8627,184.28409,2.9916708,0.61450195,20.434393
4391,185.86472,184.44215,2.9173582,0.6225586,56.55212
4392,183.98535,184.39647,2.6444025,0.6193115,12.668204
4393,184.00113,184.35693,2.3940287,0.6152588,13.058534
4394,184.0615,184.3274,2.1624813,0.6119873,16.318562
4395,184.03049,184.2977,1.9541669,0.6161133,12.144956
4396,183.77368,184.2453,1.7834636,0.622876,8.029483
4397,183.86064,184.20683,1.6184338,0.61784667,10.529076
4398,185.16974,184.30313,1.5400373,0.6206299,51.88902
4399,183.53638,184.22646,1.4389455,0.6157959,6.247893
4400,183.76115,184.17993,1.3145365,0.6218262,7.868533
4401,184.48549,184.21048,1.1914856,0.61625975,35.209587
4402,184.91957,184.28139,1.11759,0.6230713,55.037388
4403,184.04727,184.25798,1.0107639,0.61928713,13.94554
4404,186.8984,184.52202,1.5371542,0.62331545,131.80011
4405,184.50514,184.52032,1.3834643,0.61376953,30.894138
4406,183.82883,184.45117,1.288153,0.6183594,10.604912
4407,183.63113,184.36917,1.2198592,0.62041014,9.4746685
4408,183.79422,184.31168,1.1276245,0.62248534,11.993354
4409,183.50717,184.23123,1.0731125,0.6180908,8.75546
4410,183.6134,184.16945,1.0001552,0.6195313,7.676342
4411,183.76944,184.12946,0.91454035,0.6212158,17.521101
4412,183.61935,184.07845,0.8465046,0.62114257,8.32777
4413,265.65326,192.23593,599.66235,0.62192386,3728.8289
4414,184.044,191.41673,545.7358,0.6176758,20.994968
4415,183.66483,190.64154,496.5705,0.6194092,9.007929
4416,183.6882,189.94621,451.26483,0.6297119,9.665335
4417,183.65501,189.3171,409.70047,0.62333983,8.733551
4418,183.84276,188.76965,371.42755,0.61948246,14.490477
4419,184.17468,188.31015,336.18503,0.62163085,15.359631
4420,184.64996,187.94414,303.77225,0.61762697,35.074173
4421,183.5419,187.5039,275.1392,0.6189209,8.542268
4422,184.01483,187.155,248.7209,0.62370604,10.598509
4423,183.55603,186.7951,225.01454,0.61552733,7.935564
4424,184.0984,186.52544,203.16757,0.61865234,20.880968
4425,185.15436,186.38834,183.02,0.624292,74.248985
4426,183.63817,186.11331,165.39871,0.6218262,8.401366
4427,183.85849,185.88783,149.31642,0.6167725,9.508678
4428,596.6554,226.9646,15320.084,0.6199951,18678.184
4429,183.67395,222.63553,13956.742,0.61833495,14.748271
4430,183.64261,218.73624,12697.908,0.62719727,11.98567
4431,183.57172,215.21979,11539.406,0.6170166,8.026845
4432,184.05386,212.1032,10472.884,0.6119141,18.780157
4433,183.77568,209.27045,9497.815,0.6212158,19.74338
4434,183.61487,206.7049,8607.272,0.623584,8.962012
4435,183.91937,204.42635,7793.271,0.6246094,10.292241
4436,183.57764,202.34148,7053.064,0.6174561,7.0580907
4437,183.92429,200.49976,6378.2847,0.6241211,15.981124
4438,183.8867,198.83846,5765.2954,0.6213135,22.31061
4439,183.72655,197.32727,5209.319,0.62163085,16.179195
4440,183.71024,195.96556,4705.075,0.62575686,8.257726
4441,206.70609,197.03961,4244.9497,0.6218018,1038.0996
4442,243.97148,201.7328,4018.689,0.61970216,2719.9287
4443,183.56909,199.91643,3646.5127,0.6050049,24.867294
4444,183.81183,198.30597,3305.2036,0.6208008,7.4009943
4445,183.68367,196.84373,2993.9263,0.61970216,9.231417
4446,183.91127,195.55049,2709.586,0.62470704,10.5420475
4447,184.3509,194.43053,2449.916,0.6206299,17.962275
4448,183.61176,193.34865,2215.4585,0.6160156,9.537755
4449,183.39316,192.3531,2002.8326,0.6201172,5.679007
4450,183.41612,191.45941,1809.7375,0.6195313,8.8030815
4451,184.10767,190.72424,1633.628,0.63007814,28.829067
4452,184.02438,190.05426,1474.305,0.6208984,12.998939
4453,184.99716,189.54855,1329.1761,0.6202881,58.874977
4454,184.39679,189.03337,1198.6471,0.61396486,21.33131
4455,184.40205,188.57024,1080.7128,0.6231201,28.181166
4456,184.7543,188.18864,973.952,0.6103272,28.058456
4457,193.71484,188.74127,879.3053,0.61640626,461.45053
4458,183.44618,188.21176,793.89813,0.61374515,8.868657
4459,183.54935,187.74551,716.4647,0.6261231,7.2751117
4460,184.25145,187.3961,645.917,0.6255371,33.34475
4461,183.69827,187.02632,582.5559,0.61806643,7.8241625
4462,184.22707,186.7464,525.0055,0.6164795,20.24243
4463,183.61136,186.43289,473.3895,0.61884767,7.4025655
4464,183.98383,186.18799,426.59036,0.6159668,13.514602
4465,187.55972,186.32516,384.10068,0.6194092,170.1908
4466,183.92114,186.08476,346.21075,0.6152588,12.722095
4467,183.77368,185.85365,312.07037,0.6187744,8.82496
4468,183.57352,185.62564,281.33124,0.6197998,8.705532
4469,184.04634,185.46771,253.42259,0.62172854,23.06561
4470,183.83295,185.30423,228.32085,0.6175049,16.415565
4471,190.49402,185.82321,207.91281,0.6109619,304.76093
4472,186.35542,185.87643,187.14702,0.61774904,126.87973
4473,183.82056,185.67085,168.81271,0.612085,10.988898
4474,184.16556,185.52032,152.13538,0.61604005,18.707914
4475,183.69781,185.33807,137.22078,0.6161377,9.948278
4476,183.49124,185.1534,123.80567,0.61816406,6.979437
4477,183.32584,184.97064,111.7257,0.6163818,5.0002546
4478,183.4621,184.8198,100.75794,0.619043,10.266028
4479,183.56549,184.69437,90.82374,0.62124026,14.17838
4480,183.47305,184.57224,81.87561,0.6156006,10.083433
4481,183.7655,184.49156,73.74662,0.61918944,22.63509
4482,183.73898,184.4163,66.422935,0.6210205,17.033861
4483,189.35951,184.91063,61.979816,0.6202637,264.11652
4484,184.01044,184.82062,55.854767,0.6148438,25.360056
4485,192.05031,185.54358,54.973446,0.6255127,382.3458
4486,183.68114,185.35733,49.788284,0.6084717,17.122362
4487,183.61914,185.18352,45.08137,0.6227539,10.203858
4488,183.52966,185.01813,40.819405,0.618457,8.666099
4489,183.47928,184.86424,36.95059,0.6186035,9.177896
4490,183.5583,184.73364,33.40902,0.61865234,8.066095
4491,183.63554,184.62384,30.176641,0.61982423,7.864583
4492,184.08961,184.57042,27.184662,0.6216797,20.980658
4493,183.77109,184.49048,24.523699,0.61806643,11.379432
4494,183.70497,184.41193,22.126862,0.6173096,12.78137
4495,183.4007,184.3108,20.006208,0.62092286,8.762929
4496,183.77484,184.2572,18.03144,0.6211182,19.19939
4497,184.17093,184.24858,16.228966,0.6197266,20.32265
4498,183.64821,184.18854,14.63851,0.6147949,13.893916
4499,187.26422,184.49611,14.026043,0.6200928,184.24628
4500,184.0425,184.45074,12.641957,0.6175049,26.199215
4501,183.5539,184.36105,11.450151,0.6251953,8.70108
4502,183.94885,184.31984,10.320428,0.6174561,11.355002
4503,183.50175,184.23804,9.3486185,0.6146973,6.931293
4504,184.34845,184.24908,8.414853,0.6251465,29.64506
4505,183.52399,184.17657,7.620687,0.6162354,10.166078
4506,183.5928,184.1182,6.889289,0.6230225,8.156198
4507,183.67896,184.07426,6.217724,0.6196045,8.951997
4508,183.24501,183.99133,5.6578407,0.61955565,5.171599
4509,183.28046,183.92024,5.137538,0.6232422,5.92395
4510,183.32944,183.86116,4.6551986,0.62490237,5.26502
4511,183.42342,183.81738,4.2069244,0.6177002,10.841126
4512,185.53513,183.98915,4.0517893,0.6300293,92.29293
4513,183.652,183.95543,3.6568413,0.61721194,8.344834
4514,183.5129,183.91118,3.3087823,0.62194824,8.4430895
4515,183.73352,183.89342,2.9807446,0.62209475,10.746563
4516,184.04214,183.9083,2.684661,0.61896974,15.032942
4517,183.25337,183.8428,2.454798,0.61987305,5.32056
4518,183.62982,183.8215,2.2134006,0.62277836,9.8751955
4519,183.11955,183.75131,2.0364065,0.6172363,6.9550724
4520,183.53168,183.72935,1.8371073,0.6267578,10.966477
4521,185.27612,183.88403,1.8687208,0.62453616,65.282425
4522,183.3352,183.82915,1.7089578,0.6127197,7.658302
4523,183.29477,183.77571,1.5637623,0.6220215,8.056259
4524,183.64046,183.76219,1.4090325,0.6208984,8.230663
4525,183.46382,183.73236,1.2761414,0.6186768,6.113134
4526,183.22966,183.6821,1.171271,0.619751,5.9587398
4527,183.22672,183.63657,1.0728076,0.6223877,6.004065
4528,183.19069,183.59198,0.98341936,0.6229248,6.159339
4529,183.4477,183.57755,0.8869511,0.6213623,7.2399287
4530,183.43594,183.56339,0.8000606,0.62001956,11.751914
4531,183.30548,183.5376,0.7260408,0.6206543,6.2970686
4532,183.14615,183.49846,0.66722757,0.61862797,6.3527346
4533,184.1644,183.56505,0.6404176,0.61604005,35.937916
4534,190.5607,184.26462,4.980898,0.6185059,296.42374
4535,184.12733,184.25089,4.484504,0.6168457,22.656328
4536,183.84349,184.21014,4.0509906,0.6192383,12.330791
4537,184.32089,184.22122,3.6469953,0.61604005,36.445637
4538,186.79926,184.47902,3.8804586,0.6183838,139.49684
4539,183.74426,184.40555,3.5410008,0.6177002,10.325907
4540,183.57376,184.32237,3.2491689,0.61879885,10.498515
4541,183.78671,184.2688,2.9500759,0.6204834,11.272168
4542,183.32195,184.17412,2.7357562,0.6193115,5.982961
4543,183.36205,184.09291,2.521532,0.6176514,5.8183904
4544,183.68896,184.05252,2.2840643,0.6238281,7.404772
4545,183.78091,184.02536,2.062297,0.61982423,14.242018
4546,184.81912,184.10474,1.9127727,0.62399906,44.225864
4547,186.33002,184.32727,2.167164,0.61589354,140.93799
4548,183.32574,184.22711,2.0407224,0.62314457,5.02393
4549,184.24628,184.22903,1.8366832,0.6156006,27.676067
4550,183.37416,184.14355,1.7187876,0.61621094,8.221805
4551,183.79964,184.10916,1.5575539,0.61950684,27.192368
4552,183.5417,184.05241,1.4307793,0.6248779,9.461571
4553,183.34904,183.98207,1.3322269,0.62231445,6.8318477
4554,183.26704,183.91057,1.2450179,0.6178223,6.190557
4555,183.1843,183.83794,1.1679885,0.61879885,5.537938
4556,183.33487,183.78763,1.0739665,0.61816406,6.4228396
4557,183.40286,183.74915,0.97989386,0.6269531,6.414055
4558,183.40273,183.71451,0.8927051,0.61970216,6.1744547
4559,183.41255,183.68431,0.81164056,0.61992186,7.380424
4560,183.86209,183.70209,0.733321,0.6194092,27.625954
4561,184.8136,183.81323,0.77118003,0.6162354,46.838104
4562,183.8418,183.81609,0.6941354,0.61413574,18.434385
4563,183.6193,183.7964,0.6282073,0.6220703,21.086582
4564,183.1823,183.73499,0.59932786,0.62177736,6.3579926
4565,183.63411,183.7249,0.54031086,0.61521,26.478096
4566,182.9047,183.64288,0.5468261,0.62192386,4.8716445
4567,183.17139,183.59573,0.5121513,0.61875004,5.875602
4568,183.64964,183.60112,0.46119773,0.62019044,12.835242
4569,185.29172,183.77017,0.67230874,0.61757815,80.68116
4570,183.0976,183.70291,0.6457902,0.6196777,5.575015
4571,183.19394,183.65201,0.6045259,0.6241943,5.0841637
4572,183.24905,183.61171,0.5586868,0.6237793,7.1731853
4573,184.4588,183.69641,0.5673989,0.6239502,52.295902
4574,183.2688,183.65366,0.5271157,0.61950684,7.0697775
4575,183.6236,183.65065,0.47448546,0.62768555,18.86231
4576,187.83879,184.06946,2.005684,0.6235596,209.23442
4577,183.82419,184.04494,1.8105297,0.61884767,17.205612
4578,184.39972,184.08041,1.640805,0.6248291,37.436428
4579,183.33868,184.00624,1.5262392,0.6241211,8.977824
4580,183.85155,183.99077,1.3757689,0.62385255,15.066912
4581,184.25438,184.01714,1.2444462,0.61806643,27.791054
4582,183.42085,183.9575,1.1520014,0.6140137,12.142409
4583,183.4476,183.90651,1.0602013,0.6265381,6.344075
4584,185.50899,184.06676,1.1852953,0.61657715,64.00018
4585,185.67865,184.22795,1.3006035,0.6175049,90.576485
4586,183.23285,184.12845,1.2596636,0.6149414,5.3655744
4587,183.19637,184.03525,1.2118874,0.6256348,6.303811
4588,183.33064,183.96478,1.1353807,0.6212891,9.026138
4589,183.30617,183.89893,1.0608823,0.62077636,9.864373
4590,183.50546,183.85957,0.9687273,0.61997074,6.716972
4591,183.97644,183.87126,0.8730838,0.6185059,29.650602
4592,185.05685,183.98982,0.91228205,0.61843264,58.406864
4593,183.19595,183.91043,0.87777436,0.61521,7.1742654
4594,183.15466,183.83485,0.84140354,0.6229736,6.0192847
4595,183.55545,183.80692,0.76428914,0.62565917,11.411953
4596,187.25339,184.15157,1.7568955,0.62492675,165.58812
4597,183.53143,184.08955,1.6158167,0.6196777,9.155382
4598,183.30038,184.01064,1.510286,0.6162354,8.171435
4599,183.29599,183.93918,1.4052219,0.62145996,6.205825
4600,184.25772,183.97104,1.273832,0.6225098,33.642025
4601,184.96808,184.07074,1.2359167,0.6275635,74.19842
4602,183.6477,184.02844,1.1284313,0.62126464,11.636211
4603,183.35109,183.96071,1.0568807,0.62363285,7.9549813
4604,183.4288,183.90752,0.9766558,0.6197754,7.126288
4605,183.24292,183.84106,0.9187422,0.62609863,6.1809597
4606,183.37549,183.79451,0.8463765,0.62575686,8.507215
4607,184.3425,183.8493,0.7887651,0.6172852,38.28652
4608,183.42548,183.80692,0.72605526,0.62348634,12.046159
4609,183.0629,183.73251,0.70327044,0.6238281,5.456492
4610,184.19249,183.7785,0.6519854,0.6217041,34.20309
4611,183.25108,183.72577,0.6118223,0.61806643,5.5668497
4612,183.59702,183.71289,0.552132,0.6263916,14.748929
4613,183.26059,183.66766,0.5153307,0.6244141,7.377477
4614,183.4294,183.64383,0.46890694,0.6271729,7.0727186
4615,184.0537,183.68481,0.43713537,0.6198975,28.732431
4616,183.60483,183.67682,0.39399764,0.6166992,11.133119
4617,223.39944,187.64908,142.36443,0.6223389,1800.9493
4618,183.81232,187.2654,129.45285,0.6093262,28.318285
4619,183.52162,186.89102,117.76898,0.62470704,13.959703
4620,183.47939,186.54987,107.03961,0.6205811,7.475865
4621,184.8867,186.38354,96.584595,0.6218506,65.76765
4622,183.29968,186.07516,87.78205,0.61774904,6.398078
4623,183.6702,185.83467,79.52439,0.62263185,17.880974
4624,183.65363,185.61656,72.00008,0.6161621,23.877663
4625,183.09534,185.36444,65.37216,0.6215332,5.480297
4626,317.3586,198.56386,1626.8564,0.6232422,6060.5483
4627,183.19238,197.0267,1485.4362,0.61535645,7.9975495
4628,183.07454,195.63148,1354.4122,0.62587893,4.9621615
4629,183.30905,194.39925,1232.6367,0.62314457,8.941942
4630,195.51968,194.51129,1109.486,0.6204834,558.9896
4631,183.04153,193.36432,1010.3773,0.6181885,5.446669
4632,183.40388,192.36827,918.2685,0.62697756,18.889235
4633,183.30328,191.46178,833.8373,0.6289795,6.8706183
4634,183.96873,190.71248,755.50665,0.61833495,18.980513
4635,184.15036,190.05627,683.8315,0.6177002,28.962406
4636,183.3667,189.38731,619.4758,0.6218262,7.548704
4637,183.99454,188.84804,560.1456,0.62246096,27.56715
4638,183.77606,188.34084,506.44632,0.62314457,11.738699
4639,183.49567,187.85632,457.9145,0.61599123,10.425391
4640,183.31049,187.40173,413.98285,0.61965334,6.3388877
4641,183.33318,186.99487,374.07434,0.62534183,6.7808633
4642,183.95148,186.69054,337.50052,0.6258545,21.638239
4643,184.55725,186.4772,304.16003,0.6168701,43.880733
4644,183.31462,186.16095,274.6442,0.6213135,9.276102
4645,1149.5651,282.50137,83780.45,0.62285155,43714.773
4646,183.12436,272.56366,76291.23,0.61169434,7.07285
4647,183.54742,263.66205,69375.25,0.62438965,8.452422
4648,184.13638,255.70949,63006.91,0.6187256,20.741674
4649,183.30612,248.46915,57178.023,0.6205811,6.2808228
4650,183.6641,241.98865,51838.19,0.6214844,9.232702
4651,184.82043,236.27182,46948.508,0.61364746,57.74538
4652,183.426,230.98724,42505.0,0.61870116,9.8653345
4653,183.27313,226.21584,38459.4,0.61955565,6.304336
4654,183.14853,221.9091,34780.39,0.6224365,5.5960298
4655,183.06522,218.02472,31438.145,0.6214844,6.6248946
4656,183.48868,214.57112,28401.676,0.6221191,14.743302
4657,183.68718,211.48273,25647.35,0.6230469,13.674044
4658,184.47028,208.78148,23148.283,0.6218262,45.62111
4659,184.59201,206.36253,20886.117,0.61848146,41.16853
4660,183.12595,204.03888,18846.1,0.61655277,6.638194
4661,183.4635,201.98134,16999.59,0.62277836,9.906815
4662,183.57103,200.1403,15330.136,0.61545414,19.61025
4663,183.91763,198.51804,13820.808,0.6234619,21.611368
4664,183.4354,197.00977,12459.2,0.6239502,10.599849
4665,183.59349,195.66814,11229.4795,0.6173096,10.309611
4666,183.54712,194.45604,10119.755,0.619751,8.646315
4667,183.17189,193.32762,9119.239,0.6204834,6.4601803
4668,183.69003,192.36386,8215.675,0.6230713,12.220156
4669,184.17392,191.54486,7400.1436,0.61467284,24.840122
4670,183.58636,190.74901,6665.8296,0.61916506,14.370427
4671,185.26357,190.20047,6001.9546,0.62109375,95.51038
4672,183.2457,189.50499,5406.1123,0.6212158,8.425698
4673,183.60794,188.91528,4868.631,0.6260498,15.27088
4674,183.42825,188.36658,4384.4775,0.6257324,11.015588
4675,183.2166,187.85158,3948.4167,0.61948246,5.703846
4676,183.35608,187.40202,3555.3938,0.623584,8.524828
4677,183.39343,187.00116,3201.3005,0.62248534,7.034121
4678,183.51263,186.65231,2882.2656,0.6140381,12.457694
4679,183.19379,186.30646,2595.1155,0.6246338,6.6533127
4680,183.0806,185.98387,2336.5403,0.6258057,5.831396
4681,183.21179,185.70667,2103.578,0.61667484,6.467599
4682,183.83255,185.51926,1893.5363,0.62368166,15.994684
4683,183.15729,185.28307,1704.6847,0.61992186,9.602079
4684,183.36198,185.09096,1534.5483,0.6229736,12.527154
4685,183.08687,184.89055,1381.455,0.62390137,5.365578
4686,183.12305,184.7138,1243.5906,0.62248534,6.208289
4687,183.11783,184.55421,1119.4608,0.62331545,5.917844
4688,183.10104,184.4089,1007.7048,0.62194824,9.791381
4689,183.18346,184.28636,907.0694,0.62336427,7.5803876
4690,183.33626,184.19135,816.44366,0.61884767,8.779227
4691,183.9725,184.16946,734.8036,0.62126464,25.271795
4692,184.10458,184.16298,661.3236,0.6151611,30.341389
4693,183.35208,184.0819,595.25037,0.619751,11.062165
4694,182.88864,183.96257,535.85345,0.62192386,4.966582
4695,183.67882,183.93419,482.27536,0.62199706,21.987528
4696,183.14964,183.85573,434.1032,0.62077636,8.719698
4697,183.0773,183.7779,390.74744,0.62832034,6.411511
4698,183.2171,183.72182,351.701,0.62299806,9.45624
4699,183.2608,183.67572,316.55,0.6186035,7.0299544
4700,183.09131,183.61728,284.92572,0.62646484,5.329455
4701,183.00499,183.55605,256.46686,0.61843264,5.836978
4702,182.98355,183.4988,230.84967,0.62336427,4.778395
4703,183.16464,183.46538,207.77475,0.6255127,8.222419
4704,184.7676,183.5956,187.14989,0.62246096,65.97974
4705,184.87364,183.7234,168.58191,0.62001956,54.896996
4706,183.62183,183.71324,151.72466,0.61740726,16.330982
4707,207.52255,186.09418,187.57169,0.62443846,1105.2208
4708,183.93237,185.87799,169.23512,0.619043,41.30626
4709,211.76102,188.4663,212.6054,0.626001,1184.8115
4710,185.59175,188.17883,192.08852,0.61779785,97.43241
4711,184.603,187.82124,174.03046,0.6197266,54.412117
4712,183.19638,187.35876,158.55244,0.61708987,6.5224257
4713,183.2153,186.94441,144.24234,0.6209717,5.523395
4714,183.21736,186.5717,131.06828,0.6161621,5.7208304
4715,183.50378,186.26491,118.80854,0.61828613,14.537456
4716,183.76036,186.01445,107.49223,0.6234375,32.865227
4717,183.5651,185.76952,97.28295,0.61774904,19.825596
4718,183.43045,185.53561,88.04706,0.6226563,21.634645
4719,183.15437,185.29749,79.75268,0.61992186,6.0815105
4720,182.95874,185.06361,72.269684,0.6219727,5.097064
4721,183.29926,184.88718,65.322876,0.6183594,10.100568
4722,183.82895,184.78136,58.891373,0.6206543,27.973421
4723,185.69955,184.87317,53.078114,0.62124026,118.88325
4724,183.08339,184.69418,48.058598,0.6208984,6.79123
4725,183.18701,184.54347,43.45718,0.62485355,6.269813
4726,182.88808,184.37793,39.35809,0.6239258,4.9453864
4727,183.0281,184.24295,35.58626,0.6234619,5.460107
4728,183.39508,184.15816,32.092335,0.6209717,14.086404
4729,184.08867,184.15121,28.883537,0.6230957,25.224026
4730,183.57036,184.09312,26.025549,0.6175537,18.061125
4731,183.04785,183.9886,23.521326,0.6211182,7.0040307
4732,183.0408,183.89383,21.250042,0.6281738,5.437986
4733,183.66122,183.87057,19.129908,0.62236327,15.669778
4734,183.72275,183.85579,17.218884,0.620166,15.2776
4735,183.38152,183.80836,15.517239,0.6242432,12.717307
4736,183.25812,183.75334,13.9927635,0.6227539,9.067954
4737,182.80551,183.65855,12.674341,0.6195801,4.8981614
4738,182.96274,183.58897,11.450481,0.6276123,5.6595716
4739,183.05914,183.536,10.330698,0.62141114,8.526177
4740,183.67624,183.55002,9.299397,0.62890625,30.417984
4741,183.31055,183.52608,8.374619,0.61916506,16.607262
4742,397.36993,204.91046,4123.1646,0.6250977,9699.0
4743,185.11505,202.93092,3746.1155,0.6240967,76.0161
4744,183.09213,200.94705,3406.9258,0.6284668,6.7048416
4745,183.08176,199.16052,3094.9585,0.62490237,5.1637454
4746,182.97392,197.54187,2809.0432,0.6172852,5.297414
4747,183.19427,196.10712,2546.6658,0.6278809,7.5639324
4748,183.23476,194.81989,2306.9119,0.61774904,7.4736714
4749,183.01463,193.63936,2088.7632,0.6230713,4.7851305
4750,183.10867,192.58629,1889.8674,0.62280273,6.6511416
4751,183.16687,191.64435,1708.866,0.6271729,7.4793425
4752,183.01614,190.78152,1544.6794,0.6274414,5.6756516
4753,183.16737,190.02011,1395.4292,0.62280273,5.3610916
4754,183.01773,189.31987,1260.2992,0.621875,6.3298674
4755,183.02844,188.69073,1137.8317,0.62258303,7.553332
4756,185.25003,188.34666,1025.1139,0.62868655,94.87219
4757,183.7225,187.88425,924.527,0.6217041,45.737347
4758,183.15633,187.41145,834.08606,0.6258057,5.9456906
4759,183.31505,187.00182,752.1877,0.6258301,20.59712
4760,184.58008,186.75964,677.49677,0.62729496,59.867966
4761,184.05476,186.48915,610.4055,0.6160645,41.36352
4762,183.1581,186.15605,550.3636,0.6241943,5.9806385
4763,183.14778,185.85522,496.1417,0.62453616,7.0787005
4764,184.38217,185.70792,446.7228,0.6193604,46.871006
4765,185.97488,185.73462,402.05695,0.62385255,110.535576
4766,182.98006,185.45917,362.53412,0.61115724,6.7181706
4767,183.38025,185.25128,326.66968,0.62421876,9.7654705
4768,183.51854,185.078,294.27292,0.6197754,15.550558
4769,182.89473,184.85968,265.2746,0.62492675,7.595011
4770,183.87338,184.76105,238.83469,0.62336427,31.27279
4771,185.96262,184.88121,215.08115,0.6196045,139.83223
4772,183.32951,184.72604,193.78973,0.62192386,13.202767
4773,182.85959,184.5394,174.72427,0.6179199,4.819524
4774,182.99539,184.385,157.46638,0.62470704,6.1750584
4775,188.91495,184.83798,143.56659,0.6228272,252.27815
4776,183.20213,184.6744,129.45076,0.6183594,7.4837565
4777,183.6335,184.5703,116.603195,0.62209475,23.121824
4778,185.37503,184.65077,105.00115,0.6279541,98.38916
4779,183.12128,184.49782,94.71157,0.62246096,12.469117
4780,183.02257,184.3503,85.43629,0.62502444,8.115876
4781,183.04932,184.2202,77.04499,0.62019044,7.7361593
4782,182.86844,184.08502,69.504944,0.62768555,4.5265102
4783,183.09,183.98552,62.643555,0.62331545,6.0823736
4784,200.77716,185.66469,81.75553,0.61955565,611.8445
4785,183.44655,185.44287,74.02279,0.61411136,30.771267
4786,183.16501,185.21509,67.08749,0.6257324,7.7684636
4787,182.9874,184.99232,60.82537,0.62214357,5.8277082
4788,182.8805,184.78114,55.14422,0.62019044,5.069061
4789,183.11008,184.61404,49.88112,0.62336427,7.205106
4790,185.80847,184.73349,45.021404,0.6201172,123.51627
4791,183.32268,184.5924,40.6984,0.6196045,9.895352
4792,183.07614,184.44078,36.835476,0.6255127,5.716501
4793,183.04968,184.30167,33.32609,0.6192383,4.8934097
4794,183.03552,184.17505,30.137764,0.6240967,5.4418736
4795,183.28958,184.0865,27.194551,0.62485355,11.857991
4796,183.56522,184.03438,24.499552,0.6215332,40.581955
4797,182.8976,183.9207,22.1659,0.6225342,5.720252
4798,184.43605,183.97223,19.973211,0.62507325,65.340485
4799,182.82033,183.85704,18.09531,0.62109375,6.0451555
4800,183.48242,183.81958,16.29841,0.62539065,19.61048
4801,182.84988,183.72261,14.753197,0.6213379,4.6466985
4802,183.45276,183.69562,13.2844305,0.626416,10.00672
4803,184.25497,183.75156,11.984146,0.621167,53.45945
4804,186.18713,183.99512,11.319614,0.62199706,145.48697
4805,182.89684,183.88528,10.296213,0.61464846,5.795119
4806,183.2798,183.82474,9.299586,0.6196777,8.044504
4807,183.2321,183.76547,8.4012375,0.61992186,8.393163
4808,182.99803,183.68872,7.61412,0.6216553,4.7977924
4809,183.02966,183.62282,6.8918,0.6201172,7.175522
4810,182.93826,183.55437,6.2447953,0.6230957,6.514783
4811,182.72021,183.47095,5.6829386,0.62299806,4.9379263
4812,183.4989,183.47374,5.114715,0.6230225,15.681244
4813,185.33957,183.66032,4.9165626,0.62453616,109.73117
4814,184.2695,183.72124,4.458305,0.6208984,60.193398
4815,183.0569,183.6548,4.0521955,0.6220215,7.3765907
4816,183.02267,183.59158,3.6829386,0.6206543,7.076629
4817,182.74677,183.5071,3.3788793,0.62539065,4.755761
4818,182.75806,183.43219,3.0914865,0.62263185,4.8321047
4819,183.35382,183.42435,2.7828906,0.62399906,13.263874
4820,182.78763,183.36067,2.5410886,0.6206787,4.711272
4821,183.43636,183.36824,2.2874951,0.6256836,23.259165
4822,183.04314,183.33572,2.068258,0.6240479,6.2195187
4823,183.20435,183.32259,1.8629855,0.6229004,11.205952
4824,183.189,183.30923,1.6782931,0.6282959,6.7518144
4825,182.92769,183.27109,1.5235656,0.61826175,6.0298038
4826,182.93648,183.23763,1.3812858,0.62399906,4.7758904
4827,183.03601,183.21747,1.2468154,0.6214844,7.001855
4828,182.78563,183.17429,1.1389176,0.61933595,5.4093747
4829,184.24454,183.28131,1.1281152,0.6270508,35.622375
4830,194.20929,184.37411,11.763167,0.6147949,506.21008
4831,183.09541,184.24625,10.734007,0.61477053,7.310019
4832,183.02522,184.12415,9.794786,0.62785643,5.8066316
4833,184.5836,184.17009,8.834307,0.62485355,53.80029
4834,183.92644,184.14572,7.9562187,0.6182373,26.22683
4835,183.59808,184.09096,7.187588,0.6238281,25.145103
4836,182.95047,183.97691,6.585893,0.61948246,4.9886565
4837,183.05225,183.88445,6.004255,0.6287842,6.197665
4838,182.92189,183.7882,5.4872155,0.6178223,5.199239
4839,183.169,183.72627,4.972999,0.6257324,11.374904
4840,182.96667,183.65031,4.527628,0.6228272,6.3483686
4841,182.82326,183.56761,4.136427,0.6218506,5.373468
4842,182.89038,183.4999,3.764062,0.6201416,5.618229
4843,183.00264,183.45016,3.4099092,0.6212891,10.102676
4844,182.89421,183.39456,3.096736,0.6202149,6.5939436
4845,183.03607,183.35872,2.7986286,0.6237305,10.827796
4846,183.87027,183.40988,2.5423172,0.62629396,46.797676
4847,182.6915,183.33804,2.3345323,0.6265869,4.4077306
4848,182.77066,183.28131,2.130052,0.62656254,5.015949
4849,182.83514,183.2367,1.9349627,0.6314697,6.508823
4850,182.90898,183.20392,1.751132,0.6225342,6.3585587
4851,182.5746,183.14099,1.6116625,0.62192386,4.929291
4852,182.8534,183.11223,1.4579403,0.62336427,6.675322
4853,183.0137,183.10237,1.3130199,0.62331545,7.424074
4854,183.4307,183.13521,1.1914195,0.62316895,12.940741
4855,183.26953,183.14864,1.0739013,0.6192627,9.891416
4856,184.10307,183.24408,1.0484967,0.61896974,62.510387
4857,183.07256,183.22693,0.9462949,0.6257324,5.8247733
4858,183.07748,183.21199,0.8536754,0.6187744,5.5179677
4859,184.97711,183.3885,1.0487167,0.6253662,81.53486
4860,182.77252,183.3269,0.977994,0.61188966,5.3908668
4861,182.75174,183.2694,0.9099679,0.62172854,5.3624415
4862,182.72124,183.21458,0.8460139,0.62172854,4.6870313
4863,182.84811,183.17793,0.77349955,0.62507325,5.0577836
4864,183.07526,183.16766,0.6970984,0.6239746,7.835807
4865,182.8979,183.14069,0.6339379,0.6237549,4.8429937
4866,183.09105,183.13573,0.57076585,0.6213379,11.628267
4867,185.27199,183.34935,0.9244143,0.62263185,94.98851
4868,185.05078,183.5195,1.0925109,0.61806643,54.08772
4869,182.99731,183.46729,1.0078008,0.61477053,7.282001
4870,183.01385,183.42194,0.92552465,0.6213135,7.382185
4871,182.94595,183.37434,0.85336256,0.62060547,7.709167
4872,182.86256,183.32317,0.7915989,0.6172852,4.5991287
4873,183.29402,183.32025,0.7125155,0.62336427,14.719024
4874,182.9704,183.28526,0.6522797,0.6233887,6.8522363
4875,183.0451,183.26125,0.59224254,0.61984867,6.2486153
4876,182.97629,183.23276,0.54032636,0.62077636,6.387373
4877,183.19766,183.22925,0.48640454,0.62746584,10.093619
4878,183.19821,183.22615,0.43785077,0.62082523,10.824013
4879,182.9833,183.20187,0.39937326,0.62402344,6.731817
4880,183.04736,183.18642,0.36158454,0.62060547,6.4724383
4881,182.8489,183.15266,0.33567822,0.62177736,6.3344603
4882,182.6956,183.10696,0.32091188,0.62456053,4.5656695
4883,182.99162,183.09543,0.290018,0.62805176,4.98982
4884,183.16644,183.10252,0.26147008,0.6218994,11.783143
4885,190.03525,183.79579,4.5609627,0.62470704,322.82422
4886,182.81323,183.69754,4.1917543,0.61694336,4.8341227
4887,183.52881,183.68066,3.7751412,0.6304199,12.089372
4888,182.97096,183.6097,3.4429579,0.6136231,6.9007483
4889,182.98138,183.54686,3.1341918,0.6241211,7.127874
4890,184.40298,183.63248,2.8867378,0.62124026,59.404205
4891,199.64494,185.23372,25.673983,0.61291504,758.954
4892,182.93176,185.00352,23.583494,0.61088866,10.628567
4893,182.84222,184.7874,21.645554,0.6272217,4.2281394
4894,183.01108,184.60977,19.764977,0.6247803,6.501795
4895,182.96312,184.4451,18.03251,0.62556154,6.604687
4896,183.74606,184.3752,16.273237,0.62001956,23.194338
4897,184.87222,184.4249,14.668147,0.62077636,83.54432
4898,182.80968,184.26337,13.436135,0.6180908,5.3614364
4899,183.06497,184.14352,12.221775,0.6209717,5.9092827
4900,182.73436,184.00261,11.178314,0.620459,4.5263186
4901,182.76709,183.87906,10.197868,0.62280273,4.6129227
4902,182.8085,183.772,9.281229,0.62453616,4.854726
4903,183.41109,183.73592,8.364829,0.62263185,16.414572
4904,183.98508,183.76083,7.5339336,0.6209961,47.859726
4905,182.96194,183.68094,6.8379803,0.62263185,7.5137734
4906,184.88406,183.80125,6.284458,0.6251465,80.66441
4907,182.87366,183.7085,5.733452,0.6136963,7.2726746
4908,182.81241,183.61888,5.232374,0.63149416,4.9360595
4909,183.03658,183.56065,4.7396536,0.6224365,8.692923
4910,183.17871,183.52246,4.278817,0.6213867,8.619728
4911,182.87589,183.45781,3.888561,0.6202637,5.955921
4912,182.90436,183.40247,3.5272725,0.6196289,5.808254
4913,183.16052,183.37827,3.1798134,0.6256348,15.461479
4914,183.13686,183.35413,2.867077,0.623877,18.425657
4915,182.90533,183.30925,2.5984967,0.61984867,5.837631
4916,185.03221,183.48155,2.6058204,0.6254639,92.53434
4917,182.89816,183.42322,2.375869,0.61879885,6.270723
4918,182.91464,183.37236,2.1615605,0.62368166,12.53297
4919,182.78189,183.31331,1.9767833,0.6277588,6.2181683
4920,182.73007,183.25499,1.8097198,0.62456053,5.1428576
4921,182.83676,183.21317,1.6444901,0.623584,5.0462904
4922,182.87457,183.1793,1.4903591,0.6231201,6.885877
4923,182.7237,183.13374,1.3600056,0.6227051,5.1315985
4924,184.25616,183.24599,1.3373897,0.62597656,68.74174
4925,183.27625,183.24901,1.2037331,0.6210694,13.473567
4926,182.80191,183.2043,1.1013504,0.6213623,4.8079166
4927,183.11353,183.19522,0.99195695,0.62348634,13.325436
4928,182.96481,183.17218,0.8975391,0.6208496,8.260769
4929,182.87161,183.14212,0.8159158,0.625415,5.1707206
4930,183.32684,183.1606,0.7373952,0.6255127,15.923245
4931,182.9132,183.13586,0.6691646,0.618042,11.56546
4932,385.13623,203.3359,3672.9756,0.62050784,9161.815
4933,183.00816,201.30313,3342.8674,0.62363285,13.569076
4934,183.12845,199.48566,3038.3093,0.62985843,8.794348
4935,183.11992,197.84909,2758.5837,0.6146973,11.201574
4936,183.1153,196.37572,2502.263,0.61955565,6.111008
4937,182.80334,195.01848,2268.6155,0.6163818,4.9963145
4938,182.75815,193.79245,2055.2822,0.62336427,5.942967
4939,188.26329,193.23953,1852.5054,0.62763673,245.92622
4940,182.59099,192.17468,1677.46,0.61635745,5.5245695
4941,182.65536,191.22275,1517.8695,0.62785643,5.1100245
4942,182.66277,190.36674,1372.6771,0.62597656,10.119263
4943,182.59926,189.59,1240.8394,0.62214357,5.1392326
4944,182.98122,188.92912,1120.6862,0.62370604,14.328915
4945,182.8212,188.31833,1011.97516,0.62390137,5.5772047
4946,182.81294,187.76779,913.5055,0.6235596,5.034332
4947,184.29741,187.42075,823.23883,0.6227295,62.109108
4948,182.877,186.96637,742.7731,0.62766117,5.469664
4949,182.91966,186.5617,669.96954,0.6206787,5.5484123
4950,182.70905,186.17644,604.3085,0.6197754,5.1865625
4951,183.0062,185.8594,544.78217,0.61901855,10.1094055
4952,183.13312,185.58678,490.9729,0.62646484,9.836723
4953,183.22493,185.35059,442.37766,0.6235108,11.126678
4954,183.40868,185.1564,398.47928,0.62416995,13.018277
4955,182.86285,184.92705,359.10477,0.6234619,4.7543526
4956,182.62466,184.69681,323.67136,0.6192627,5.569798
4957,182.61566,184.4887,291.694,0.62614745,6.075168
4958,182.63766,184.30359,262.83295,0.625586,4.670362
4959,183.05197,184.17842,236.69063,0.6240967,9.398167
4960,182.8771,184.0483,213.17397,0.6227295,7.136552
4961,182.80728,183.9242,191.99516,0.62692875,4.2700834
4962,183.01846,183.83362,172.86948,0.6199951,6.1209006
4963,183.22247,183.7725,155.61615,0.62077636,7.39245
4964,182.87817,183.68307,140.12653,0.6253662,6.4422317
4965,182.92883,183.60765,126.16507,0.6270264,7.8563724
4966,182.7122,183.51811,113.62073,0.6246826,4.286686
4967,182.97989,183.4643,102.28472,0.6261231,7.457898
4968,183.095,183.42737,92.06853,0.6248291,21.441929
4969,182.97911,183.38254,82.87976,0.6300537,7.861633
4970,183.09335,183.35362,74.59931,0.620166,14.031295
4971,182.80371,183.29863,67.166595,0.6244141,5.5936236
4972,182.86636,183.2554,60.46675,0.62177736,5.34328
4973,182.9285,183.22272,54.42969,0.62570804,5.501757
4974,182.99907,183.20035,48.991222,0.622876,8.072093
4975,183.00417,183.18073,44.095562,0.6232422,8.669547
4976,182.7645,183.1391,39.7016,0.6236572,4.2812896
4977,182.71231,183.09642,35.747833,0.6252686,4.231529
4978,182.99132,183.0859,32.174046,0.6221924,6.378655
4979,183.08984,183.0863,28.95664,0.62124026,14.179156
4980,183.34335,183.11201,26.066921,0.6218506,15.237202
4981,183.44362,183.14517,23.470125,0.6217041,16.82151
4982,183.79083,183.20973,21.160631,0.6231934,28.94356
4983,182.86032,183.17479,19.055555,0.62204593,5.8942895
4984,183.27441,183.18475,17.150892,0.623584,10.300538
4985,182.81647,183.14792,15.4480095,0.61704105,6.5520673
4986,182.95677,183.1288,13.906496,0.6258301,6.7458253
4987,182.82027,183.09795,12.524414,0.6218994,5.6909366
4988,182.79503,183.06766,11.2802305,0.6265381,6.5339046
4989,182.97885,183.05878,10.152917,0.62294924,7.9337754
4990,182.99347,183.05225,9.138009,0.6204346,6.708527
4991,183.03584,183.0506,8.224232,0.6243164,9.987312
4992,182.67377,183.01291,7.4145885,0.6211182,4.3134174
4993,183.31265,183.04288,6.681216,0.6250977,28.272665
4994,325.19266,197.25786,1824.6035,0.6170654,6449.145
4995,182.98624,195.83069,1660.4742,0.6150147,23.403574
4996,183.20111,194.56773,1508.7823,0.63315433,17.953089
4997,182.8471,193.39568,1370.2677,0.624292,5.7026796
4998,182.93729,192.34984,1243.0848,0.6256348,4.9618993
4999,188.09293,191.92415,1120.4072,0.6245117,238.39064
