2026-06-09 02:22:01,112 - JAX version: 0.10.1
2026-06-09 02:22:01,114 - jax_enable_x64: False
2026-06-09 02:22:01,114 - JAXlib version: 0.10.1
2026-06-09 02:22:01,114 - KFAC-JAX version: 0.0.8
2026-06-09 02:22:01,114 - Available devices: ['cuda:0', 'cuda:1']
2026-06-09 02:22:01,114 - Platform: gpu
2026-06-09 02:22:01,115 - Default precision: float32
2026-06-09 02:22:01,115 - Default matmul precision: float32
2026-06-09 02:22:01,115 - GPU information: ['Tesla V100-PCIE-32GB', 'Tesla V100-PCIE-32GB']
2026-06-09 02:22:01,115 - Python version: 3.13.13
2026-06-09 02:22:01,115 - System: Linux #20260508 SMP PREEMPT_DYNAMIC Fri May  8 11:20:56 EDT 2026
2026-06-09 02:22:01,115 - Processor: x86_64
2026-06-09 02:22:01,115 - Numpy version: 2.4.6
2026-06-09 02:22:01,115 - CUDA_VISIBLE_DEVICES: GPU-175d2021-f870-b43c-1efb-6e270256fe72,GPU-2025646f-2808-9263-2cd1-99cde387c8b8
2026-06-09 02:22:01,115 - NVIDIA driver version: 580.126.09
580.126.09
2026-06-09 02:22:01,115 - GPU models: Tesla V100-PCIE-32GB, Tesla V100-PCIE-32GB
2026-06-09 02:22:01,136 - Starting QMC with 2 XLA devices per host across 1 hosts.
2026-06-09 02:22:04,416 - Loading checkpoint /home/gridsan/hlo1/project/PeriodicWaveBoson/results/anneal_rs_N24_layers12_12_d0.5_D20.0_seed2_sq/N24_layers12_12_rs0.4_d0.5_D20.0_seed2_sq/qmcjax_ckpt_004999.npz
2026-06-09 02:22:04,461 - Resetting iteration counter after checkpoint restore.
2026-06-09 02:22:04,461 - Resetting optimizer state after checkpoint restore.
2026-06-09 02:22:05,921 - Unregularized parameters masking info (for curvature calculations and L2 regularization)
2026-06-09 02:22:05,921 -   Not masking out (DictKey(key='embed'), DictKey(key='b'))
2026-06-09 02:22:05,921 -   Not masking out (DictKey(key='embed'), DictKey(key='w'))
2026-06-09 02:22:05,921 -   Not masking out (DictKey(key='phi'), SequenceKey(idx=0), SequenceKey(idx=0), DictKey(key='b'))
2026-06-09 02:22:05,921 -   Not masking out (DictKey(key='phi'), SequenceKey(idx=0), SequenceKey(idx=0), DictKey(key='w'))
2026-06-09 02:22:05,921 -   Not masking out (DictKey(key='phi'), SequenceKey(idx=0), SequenceKey(idx=1), DictKey(key='b'))
2026-06-09 02:22:05,921 -   Not masking out (DictKey(key='phi'), SequenceKey(idx=0), SequenceKey(idx=1), DictKey(key='w'))
2026-06-09 02:22:05,921 -   Not masking out (DictKey(key='phi'), SequenceKey(idx=1), SequenceKey(idx=0), DictKey(key='b'))
2026-06-09 02:22:05,921 -   Not masking out (DictKey(key='phi'), SequenceKey(idx=1), SequenceKey(idx=0), DictKey(key='w'))
2026-06-09 02:22:05,921 -   Not masking out (DictKey(key='phi'), SequenceKey(idx=1), SequenceKey(idx=1), DictKey(key='b'))
2026-06-09 02:22:05,921 -   Not masking out (DictKey(key='phi'), SequenceKey(idx=1), SequenceKey(idx=1), DictKey(key='w'))
2026-06-09 02:22:05,921 -   Not masking out (DictKey(key='phi'), SequenceKey(idx=2), SequenceKey(idx=0), DictKey(key='b'))
2026-06-09 02:22:05,921 -   Not masking out (DictKey(key='phi'), SequenceKey(idx=2), SequenceKey(idx=0), DictKey(key='w'))
2026-06-09 02:22:05,921 -   Not masking out (DictKey(key='phi'), SequenceKey(idx=2), SequenceKey(idx=1), DictKey(key='b'))
2026-06-09 02:22:05,921 -   Not masking out (DictKey(key='phi'), SequenceKey(idx=2), SequenceKey(idx=1), DictKey(key='w'))
2026-06-09 02:22:05,921 -   Not masking out (DictKey(key='rho'), SequenceKey(idx=0), DictKey(key='b'))
2026-06-09 02:22:05,921 -   Not masking out (DictKey(key='rho'), SequenceKey(idx=0), DictKey(key='w'))
2026-06-09 02:22:05,921 -   Not masking out (DictKey(key='rho'), SequenceKey(idx=1), DictKey(key='b'))
2026-06-09 02:22:05,921 -   Not masking out (DictKey(key='rho'), SequenceKey(idx=1), DictKey(key='w'))
2026-06-09 02:22:05,921 -   Not masking out (DictKey(key='transformer'), SequenceKey(idx=0), DictKey(key='attn_ln'), DictKey(key='offset'))
2026-06-09 02:22:05,921 -   Not masking out (DictKey(key='transformer'), SequenceKey(idx=0), DictKey(key='attn_ln'), DictKey(key='scale'))
2026-06-09 02:22:05,921 -   Not masking out (DictKey(key='transformer'), SequenceKey(idx=0), DictKey(key='ff1'), DictKey(key='b'))
2026-06-09 02:22:05,921 -   Not masking out (DictKey(key='transformer'), SequenceKey(idx=0), DictKey(key='ff1'), DictKey(key='w'))
2026-06-09 02:22:05,921 -   Not masking out (DictKey(key='transformer'), SequenceKey(idx=0), DictKey(key='ff2'), DictKey(key='b'))
2026-06-09 02:22:05,922 -   Not masking out (DictKey(key='transformer'), SequenceKey(idx=0), DictKey(key='ff2'), DictKey(key='w'))
2026-06-09 02:22:05,922 -   Not masking out (DictKey(key='transformer'), SequenceKey(idx=0), DictKey(key='ff_ln'), DictKey(key='offset'))
2026-06-09 02:22:05,922 -   Not masking out (DictKey(key='transformer'), SequenceKey(idx=0), DictKey(key='ff_ln'), DictKey(key='scale'))
2026-06-09 02:22:05,922 -   Not masking out (DictKey(key='transformer'), SequenceKey(idx=0), DictKey(key='k_w'))
2026-06-09 02:22:05,922 -   Not masking out (DictKey(key='transformer'), SequenceKey(idx=0), DictKey(key='out_w'))
2026-06-09 02:22:05,922 -   Not masking out (DictKey(key='transformer'), SequenceKey(idx=0), DictKey(key='q_w'))
2026-06-09 02:22:05,922 -   Not masking out (DictKey(key='transformer'), SequenceKey(idx=0), DictKey(key='v_w'))
2026-06-09 02:22:05,922 -   Not masking out (DictKey(key='transformer'), SequenceKey(idx=1), DictKey(key='attn_ln'), DictKey(key='offset'))
2026-06-09 02:22:05,922 -   Not masking out (DictKey(key='transformer'), SequenceKey(idx=1), DictKey(key='attn_ln'), DictKey(key='scale'))
2026-06-09 02:22:05,922 -   Not masking out (DictKey(key='transformer'), SequenceKey(idx=1), DictKey(key='ff1'), DictKey(key='b'))
2026-06-09 02:22:05,922 -   Not masking out (DictKey(key='transformer'), SequenceKey(idx=1), DictKey(key='ff1'), DictKey(key='w'))
2026-06-09 02:22:05,922 -   Not masking out (DictKey(key='transformer'), SequenceKey(idx=1), DictKey(key='ff2'), DictKey(key='b'))
2026-06-09 02:22:05,922 -   Not masking out (DictKey(key='transformer'), SequenceKey(idx=1), DictKey(key='ff2'), DictKey(key='w'))
2026-06-09 02:22:05,922 -   Not masking out (DictKey(key='transformer'), SequenceKey(idx=1), DictKey(key='ff_ln'), DictKey(key='offset'))
2026-06-09 02:22:05,922 -   Not masking out (DictKey(key='transformer'), SequenceKey(idx=1), DictKey(key='ff_ln'), DictKey(key='scale'))
2026-06-09 02:22:05,922 -   Not masking out (DictKey(key='transformer'), SequenceKey(idx=1), DictKey(key='k_w'))
2026-06-09 02:22:05,922 -   Not masking out (DictKey(key='transformer'), SequenceKey(idx=1), DictKey(key='out_w'))
2026-06-09 02:22:05,922 -   Not masking out (DictKey(key='transformer'), SequenceKey(idx=1), DictKey(key='q_w'))
2026-06-09 02:22:05,922 -   Not masking out (DictKey(key='transformer'), SequenceKey(idx=1), DictKey(key='v_w'))
2026-06-09 02:22:05,922 -   Not masking out (DictKey(key='transformer'), SequenceKey(idx=2), DictKey(key='attn_ln'), DictKey(key='offset'))
2026-06-09 02:22:05,922 -   Not masking out (DictKey(key='transformer'), SequenceKey(idx=2), DictKey(key='attn_ln'), DictKey(key='scale'))
2026-06-09 02:22:05,922 -   Not masking out (DictKey(key='transformer'), SequenceKey(idx=2), DictKey(key='ff1'), DictKey(key='b'))
2026-06-09 02:22:05,922 -   Not masking out (DictKey(key='transformer'), SequenceKey(idx=2), DictKey(key='ff1'), DictKey(key='w'))
2026-06-09 02:22:05,922 -   Not masking out (DictKey(key='transformer'), SequenceKey(idx=2), DictKey(key='ff2'), DictKey(key='b'))
2026-06-09 02:22:05,922 -   Not masking out (DictKey(key='transformer'), SequenceKey(idx=2), DictKey(key='ff2'), DictKey(key='w'))
2026-06-09 02:22:05,922 -   Not masking out (DictKey(key='transformer'), SequenceKey(idx=2), DictKey(key='ff_ln'), DictKey(key='offset'))
2026-06-09 02:22:05,922 -   Not masking out (DictKey(key='transformer'), SequenceKey(idx=2), DictKey(key='ff_ln'), DictKey(key='scale'))
2026-06-09 02:22:05,922 -   Not masking out (DictKey(key='transformer'), SequenceKey(idx=2), DictKey(key='k_w'))
2026-06-09 02:22:05,922 -   Not masking out (DictKey(key='transformer'), SequenceKey(idx=2), DictKey(key='out_w'))
2026-06-09 02:22:05,922 -   Not masking out (DictKey(key='transformer'), SequenceKey(idx=2), DictKey(key='q_w'))
2026-06-09 02:22:05,922 -   Not masking out (DictKey(key='transformer'), SequenceKey(idx=2), DictKey(key='v_w'))
2026-06-09 02:22:07,926 - ==================================================
2026-06-09 02:22:07,927 - Graph parameter registrations:
2026-06-09 02:22:07,927 - {'embed': {'b': 'Auto[tag_variant=repeated_dense(0)|match_type=repeated_dense1_with_bias]',
2026-06-09 02:22:07,927 -            'w': 'Auto[tag_variant=repeated_dense(0)|match_type=repeated_dense1_with_bias]'},
2026-06-09 02:22:07,927 -  'ln': [],
2026-06-09 02:22:07,927 -  'phi': [[{'b': 'Auto[generic(0)]', 'w': 'Auto[generic(1)]'},
2026-06-09 02:22:07,928 -           {'b': 'Auto[generic(2)]', 'w': 'Auto[generic(3)]'}],
2026-06-09 02:22:07,928 -          [{'b': 'Auto[generic(4)]', 'w': 'Auto[generic(5)]'},
2026-06-09 02:22:07,928 -           {'b': 'Auto[generic(6)]', 'w': 'Auto[generic(7)]'}],
2026-06-09 02:22:07,928 -          [{'b': 'Auto[generic(8)]', 'w': 'Auto[generic(9)]'},
2026-06-09 02:22:07,928 -           {'b': 'Auto[generic(10)]', 'w': 'Auto[generic(11)]'}]],
2026-06-09 02:22:07,928 -  'rho': [{'b': 'Auto[tag_variant=dense(0)|match_type=dense_with_bias_no_reshape]',
2026-06-09 02:22:07,928 -           'w': 'Auto[tag_variant=dense(0)|match_type=dense_with_bias_no_reshape]'},
2026-06-09 02:22:07,928 -          {'b': 'Auto[tag_variant=dense(1)|match_type=dense_with_bias_no_reshape]',
2026-06-09 02:22:07,928 -           'w': 'Auto[tag_variant=dense(1)|match_type=dense_with_bias_no_reshape]'}],
2026-06-09 02:22:07,928 -  'transformer': [{'attn_ln': {'offset': 'Auto[tag_variant=scale_and_shift(0)|match_type=normalization_haiku_broadcast_1]',
2026-06-09 02:22:07,928 -                               'scale': 'Auto[tag_variant=scale_and_shift(0)|match_type=normalization_haiku_broadcast_1]'},
2026-06-09 02:22:07,928 -                   'ff1': {'b': 'Auto[tag_variant=repeated_dense(5)|match_type=repeated_dense1_with_bias]',
2026-06-09 02:22:07,928 -                           'w': 'Auto[tag_variant=repeated_dense(5)|match_type=repeated_dense1_with_bias]'},
2026-06-09 02:22:07,928 -                   'ff2': {'b': 'Auto[tag_variant=repeated_dense(6)|match_type=repeated_dense1_with_bias]',
2026-06-09 02:22:07,928 -                           'w': 'Auto[tag_variant=repeated_dense(6)|match_type=repeated_dense1_with_bias]'},
2026-06-09 02:22:07,928 -                   'ff_ln': {'offset': 'Auto[tag_variant=scale_and_shift(1)|match_type=normalization_haiku_broadcast_1]',
2026-06-09 02:22:07,928 -                             'scale': 'Auto[tag_variant=scale_and_shift(1)|match_type=normalization_haiku_broadcast_1]'},
2026-06-09 02:22:07,928 -                   'k_w': 'Auto[tag_variant=repeated_dense(2)|match_type=repeated_dense1_no_bias]',
2026-06-09 02:22:07,928 -                   'out_w': 'Auto[tag_variant=repeated_dense(4)|match_type=repeated_dense1_no_bias]',
2026-06-09 02:22:07,928 -                   'q_w': 'Auto[tag_variant=repeated_dense(1)|match_type=repeated_dense1_no_bias]',
2026-06-09 02:22:07,928 -                   'v_w': 'Auto[tag_variant=repeated_dense(3)|match_type=repeated_dense1_no_bias]'},
2026-06-09 02:22:07,928 -                  {'attn_ln': {'offset': 'Auto[tag_variant=scale_and_shift(2)|match_type=normalization_haiku_broadcast_1]',
2026-06-09 02:22:07,928 -                               'scale': 'Auto[tag_variant=scale_and_shift(2)|match_type=normalization_haiku_broadcast_1]'},
2026-06-09 02:22:07,928 -                   'ff1': {'b': 'Auto[tag_variant=repeated_dense(11)|match_type=repeated_dense1_with_bias]',
2026-06-09 02:22:07,928 -                           'w': 'Auto[tag_variant=repeated_dense(11)|match_type=repeated_dense1_with_bias]'},
2026-06-09 02:22:07,928 -                   'ff2': {'b': 'Auto[tag_variant=repeated_dense(12)|match_type=repeated_dense1_with_bias]',
2026-06-09 02:22:07,928 -                           'w': 'Auto[tag_variant=repeated_dense(12)|match_type=repeated_dense1_with_bias]'},
2026-06-09 02:22:07,928 -                   'ff_ln': {'offset': 'Auto[tag_variant=scale_and_shift(3)|match_type=normalization_haiku_broadcast_1]',
2026-06-09 02:22:07,928 -                             'scale': 'Auto[tag_variant=scale_and_shift(3)|match_type=normalization_haiku_broadcast_1]'},
2026-06-09 02:22:07,928 -                   'k_w': 'Auto[tag_variant=repeated_dense(8)|match_type=repeated_dense1_no_bias]',
2026-06-09 02:22:07,928 -                   'out_w': 'Auto[tag_variant=repeated_dense(10)|match_type=repeated_dense1_no_bias]',
2026-06-09 02:22:07,928 -                   'q_w': 'Auto[tag_variant=repeated_dense(7)|match_type=repeated_dense1_no_bias]',
2026-06-09 02:22:07,928 -                   'v_w': 'Auto[tag_variant=repeated_dense(9)|match_type=repeated_dense1_no_bias]'},
2026-06-09 02:22:07,928 -                  {'attn_ln': {'offset': 'Auto[tag_variant=scale_and_shift(4)|match_type=normalization_haiku_broadcast_1]',
2026-06-09 02:22:07,928 -                               'scale': 'Auto[tag_variant=scale_and_shift(4)|match_type=normalization_haiku_broadcast_1]'},
2026-06-09 02:22:07,928 -                   'ff1': {'b': 'Auto[tag_variant=repeated_dense(17)|match_type=repeated_dense1_with_bias]',
2026-06-09 02:22:07,928 -                           'w': 'Auto[tag_variant=repeated_dense(17)|match_type=repeated_dense1_with_bias]'},
2026-06-09 02:22:07,928 -                   'ff2': {'b': 'Auto[tag_variant=repeated_dense(18)|match_type=repeated_dense1_with_bias]',
2026-06-09 02:22:07,928 -                           'w': 'Auto[tag_variant=repeated_dense(18)|match_type=repeated_dense1_with_bias]'},
2026-06-09 02:22:07,928 -                   'ff_ln': {'offset': 'Auto[tag_variant=scale_and_shift(5)|match_type=normalization_haiku_broadcast_1]',
2026-06-09 02:22:07,928 -                             'scale': 'Auto[tag_variant=scale_and_shift(5)|match_type=normalization_haiku_broadcast_1]'},
2026-06-09 02:22:07,928 -                   'k_w': 'Auto[tag_variant=repeated_dense(14)|match_type=repeated_dense1_no_bias]',
2026-06-09 02:22:07,928 -                   'out_w': 'Auto[tag_variant=repeated_dense(16)|match_type=repeated_dense1_no_bias]',
2026-06-09 02:22:07,928 -                   'q_w': 'Auto[tag_variant=repeated_dense(13)|match_type=repeated_dense1_no_bias]',
2026-06-09 02:22:07,928 -                   'v_w': 'Auto[tag_variant=repeated_dense(15)|match_type=repeated_dense1_no_bias]'}]}
2026-06-09 02:22:07,928 - ==================================================
2026-06-09 02:22:07,943 - Graph registered losses:
2026-06-09 02:22:07,943 - NormalMeanNegativeLogProbLoss(mean=Var(id=140676219120960):float32[1024,1], variance=Literal(0.5), weight=Literal(1.0), normalize_log_prob=Literal(True))
2026-06-09 02:22:07,943 - ==================================================
2026-06-09 02:22:07,944 - BlockDiagonalCurvature blocks:
2026-06-09 02:22:07,945 - RepeatedDenseBlock(parameter_specs=['ab -> (a)b', 'a -> 1a'], parameters_concat_axis=0), tag name: Auto[tag_variant=repeated_dense(0)|match_type=repeated_dense1_with_bias], params shapes: ((5, 64), (64,))
2026-06-09 02:22:07,945 - NaiveDiagonal, tag name: Auto[generic(0)], params shapes: ((64,),)
2026-06-09 02:22:07,945 - NaiveDiagonal, tag name: Auto[generic(1)], params shapes: ((64, 64),)
2026-06-09 02:22:07,945 - NaiveDiagonal, tag name: Auto[generic(2)], params shapes: ((64,),)
2026-06-09 02:22:07,945 - NaiveDiagonal, tag name: Auto[generic(3)], params shapes: ((64, 64),)
2026-06-09 02:22:07,945 - NaiveDiagonal, tag name: Auto[generic(4)], params shapes: ((64,),)
2026-06-09 02:22:07,945 - NaiveDiagonal, tag name: Auto[generic(5)], params shapes: ((64, 64),)
2026-06-09 02:22:07,945 - NaiveDiagonal, tag name: Auto[generic(6)], params shapes: ((64,),)
2026-06-09 02:22:07,945 - NaiveDiagonal, tag name: Auto[generic(7)], params shapes: ((64, 64),)
2026-06-09 02:22:07,945 - NaiveDiagonal, tag name: Auto[generic(8)], params shapes: ((64,),)
2026-06-09 02:22:07,945 - NaiveDiagonal, tag name: Auto[generic(9)], params shapes: ((64, 64),)
2026-06-09 02:22:07,945 - NaiveDiagonal, tag name: Auto[generic(10)], params shapes: ((64,),)
2026-06-09 02:22:07,946 - NaiveDiagonal, tag name: Auto[generic(11)], params shapes: ((64, 64),)
2026-06-09 02:22:07,946 - DenseTwoKroneckerFactored(parameter_specs=['ab -> (a)b', 'a -> 1a'], parameters_concat_axis=0), tag name: Auto[tag_variant=dense(0)|match_type=dense_with_bias_no_reshape], params shapes: ((64, 64), (64,))
2026-06-09 02:22:07,946 - DenseTwoKroneckerFactored(parameter_specs=['ab -> (a)b', 'a -> 1a'], parameters_concat_axis=0), tag name: Auto[tag_variant=dense(1)|match_type=dense_with_bias_no_reshape], params shapes: ((64, 1), (1,))
2026-06-09 02:22:07,946 - ScaleAndShiftDiagonal, tag name: Auto[tag_variant=scale_and_shift(0)|match_type=normalization_haiku_broadcast_1], params shapes: ((64,), (64,))
2026-06-09 02:22:07,946 - RepeatedDenseBlock(parameter_specs=['ab -> (a)b', 'a -> 1a'], parameters_concat_axis=0), tag name: Auto[tag_variant=repeated_dense(5)|match_type=repeated_dense1_with_bias], params shapes: ((64, 256), (256,))
2026-06-09 02:22:07,946 - RepeatedDenseBlock(parameter_specs=['ab -> (a)b', 'a -> 1a'], parameters_concat_axis=0), tag name: Auto[tag_variant=repeated_dense(6)|match_type=repeated_dense1_with_bias], params shapes: ((256, 64), (64,))
2026-06-09 02:22:07,946 - ScaleAndShiftDiagonal, tag name: Auto[tag_variant=scale_and_shift(1)|match_type=normalization_haiku_broadcast_1], params shapes: ((64,), (64,))
2026-06-09 02:22:07,946 - RepeatedDenseBlock(parameter_specs=['ab -> (a)b'], parameters_concat_axis=0), tag name: Auto[tag_variant=repeated_dense(2)|match_type=repeated_dense1_no_bias], params shapes: ((64, 64),)
2026-06-09 02:22:07,946 - RepeatedDenseBlock(parameter_specs=['ab -> (a)b'], parameters_concat_axis=0), tag name: Auto[tag_variant=repeated_dense(4)|match_type=repeated_dense1_no_bias], params shapes: ((64, 64),)
2026-06-09 02:22:07,947 - RepeatedDenseBlock(parameter_specs=['ab -> (a)b'], parameters_concat_axis=0), tag name: Auto[tag_variant=repeated_dense(1)|match_type=repeated_dense1_no_bias], params shapes: ((64, 64),)
2026-06-09 02:22:07,947 - RepeatedDenseBlock(parameter_specs=['ab -> (a)b'], parameters_concat_axis=0), tag name: Auto[tag_variant=repeated_dense(3)|match_type=repeated_dense1_no_bias], params shapes: ((64, 64),)
2026-06-09 02:22:07,947 - ScaleAndShiftDiagonal, tag name: Auto[tag_variant=scale_and_shift(2)|match_type=normalization_haiku_broadcast_1], params shapes: ((64,), (64,))
2026-06-09 02:22:07,947 - RepeatedDenseBlock(parameter_specs=['ab -> (a)b', 'a -> 1a'], parameters_concat_axis=0), tag name: Auto[tag_variant=repeated_dense(11)|match_type=repeated_dense1_with_bias], params shapes: ((64, 256), (256,))
2026-06-09 02:22:07,947 - RepeatedDenseBlock(parameter_specs=['ab -> (a)b', 'a -> 1a'], parameters_concat_axis=0), tag name: Auto[tag_variant=repeated_dense(12)|match_type=repeated_dense1_with_bias], params shapes: ((256, 64), (64,))
2026-06-09 02:22:07,947 - ScaleAndShiftDiagonal, tag name: Auto[tag_variant=scale_and_shift(3)|match_type=normalization_haiku_broadcast_1], params shapes: ((64,), (64,))
2026-06-09 02:22:07,947 - RepeatedDenseBlock(parameter_specs=['ab -> (a)b'], parameters_concat_axis=0), tag name: Auto[tag_variant=repeated_dense(8)|match_type=repeated_dense1_no_bias], params shapes: ((64, 64),)
2026-06-09 02:22:07,947 - RepeatedDenseBlock(parameter_specs=['ab -> (a)b'], parameters_concat_axis=0), tag name: Auto[tag_variant=repeated_dense(10)|match_type=repeated_dense1_no_bias], params shapes: ((64, 64),)
2026-06-09 02:22:07,947 - RepeatedDenseBlock(parameter_specs=['ab -> (a)b'], parameters_concat_axis=0), tag name: Auto[tag_variant=repeated_dense(7)|match_type=repeated_dense1_no_bias], params shapes: ((64, 64),)
2026-06-09 02:22:07,947 - RepeatedDenseBlock(parameter_specs=['ab -> (a)b'], parameters_concat_axis=0), tag name: Auto[tag_variant=repeated_dense(9)|match_type=repeated_dense1_no_bias], params shapes: ((64, 64),)
2026-06-09 02:22:07,947 - ScaleAndShiftDiagonal, tag name: Auto[tag_variant=scale_and_shift(4)|match_type=normalization_haiku_broadcast_1], params shapes: ((64,), (64,))
2026-06-09 02:22:07,948 - RepeatedDenseBlock(parameter_specs=['ab -> (a)b', 'a -> 1a'], parameters_concat_axis=0), tag name: Auto[tag_variant=repeated_dense(17)|match_type=repeated_dense1_with_bias], params shapes: ((64, 256), (256,))
2026-06-09 02:22:07,948 - RepeatedDenseBlock(parameter_specs=['ab -> (a)b', 'a -> 1a'], parameters_concat_axis=0), tag name: Auto[tag_variant=repeated_dense(18)|match_type=repeated_dense1_with_bias], params shapes: ((256, 64), (64,))
2026-06-09 02:22:07,948 - ScaleAndShiftDiagonal, tag name: Auto[tag_variant=scale_and_shift(5)|match_type=normalization_haiku_broadcast_1], params shapes: ((64,), (64,))
2026-06-09 02:22:07,948 - RepeatedDenseBlock(parameter_specs=['ab -> (a)b'], parameters_concat_axis=0), tag name: Auto[tag_variant=repeated_dense(14)|match_type=repeated_dense1_no_bias], params shapes: ((64, 64),)
2026-06-09 02:22:07,948 - RepeatedDenseBlock(parameter_specs=['ab -> (a)b'], parameters_concat_axis=0), tag name: Auto[tag_variant=repeated_dense(16)|match_type=repeated_dense1_no_bias], params shapes: ((64, 64),)
2026-06-09 02:22:07,948 - RepeatedDenseBlock(parameter_specs=['ab -> (a)b'], parameters_concat_axis=0), tag name: Auto[tag_variant=repeated_dense(13)|match_type=repeated_dense1_no_bias], params shapes: ((64, 64),)
2026-06-09 02:22:07,948 - RepeatedDenseBlock(parameter_specs=['ab -> (a)b'], parameters_concat_axis=0), tag name: Auto[tag_variant=repeated_dense(15)|match_type=repeated_dense1_no_bias], params shapes: ((64, 64),)
2026-06-09 02:22:07,948 - ==================================================
2026-06-09 02:22:08,335 - Burning in MCMC chain for 2000 steps
2026-06-09 02:23:05,745 - Completed burn-in MCMC steps
2026-06-09 02:23:11,551 - Initial energy: 84018.4922 E_h
2026-06-09 02:23:24,367 - Step 00000: 87496.0625 E_h, exp. variance=0.0000 E_h^2, pmove=0.36
2026-06-09 02:23:24,793 - Step 00001: 82293.3438 E_h, exp. variance=2436145.5000 E_h^2, pmove=0.37
2026-06-09 02:23:25,111 - Step 00002: 97847.6016 E_h, exp. variance=12830198.0000 E_h^2, pmove=0.37
2026-06-09 02:23:25,429 - Step 00003: 68527.6719 E_h, exp. variance=45893676.0000 E_h^2, pmove=0.36
2026-06-09 02:23:25,751 - Step 00004: 103121.0938 E_h, exp. variance=67349984.0000 E_h^2, pmove=0.35
2026-06-09 02:23:26,070 - Step 00005: 110134.8906 E_h, exp. variance=105468632.0000 E_h^2, pmove=0.34
2026-06-09 02:23:26,388 - Step 00006: 70541.7266 E_h, exp. variance=129148848.0000 E_h^2, pmove=0.34
2026-06-09 02:23:26,707 - Step 00007: 94195.9219 E_h, exp. variance=119586176.0000 E_h^2, pmove=0.33
2026-06-09 02:23:27,028 - Step 00008: 86498.0938 E_h, exp. variance=108065176.0000 E_h^2, pmove=0.32
2026-06-09 02:23:27,346 - Step 00009: 82770.0078 E_h, exp. variance=100195784.0000 E_h^2, pmove=0.32
2026-06-09 02:23:27,667 - Step 00010: 86303.6719 E_h, exp. variance=90408840.0000 E_h^2, pmove=0.31
2026-06-09 02:23:27,987 - Step 00011: 77335.5000 E_h, exp. variance=91130744.0000 E_h^2, pmove=0.31
2026-06-09 02:23:28,303 - Step 00012: 70413.9375 E_h, exp. variance=105915696.0000 E_h^2, pmove=0.31
2026-06-09 02:23:28,621 - Step 00013: 71965.9688 E_h, exp. variance=110801224.0000 E_h^2, pmove=0.29
2026-06-09 02:23:28,940 - Step 00014: 65607.8281 E_h, exp. variance=129403176.0000 E_h^2, pmove=0.29
2026-06-09 02:23:29,262 - Step 00015: 90259.6641 E_h, exp. variance=122674104.0000 E_h^2, pmove=0.28
2026-06-09 02:23:29,582 - Step 00016: 95090.1094 E_h, exp. variance=124038648.0000 E_h^2, pmove=0.28
2026-06-09 02:23:29,901 - Step 00017: 59192.5391 E_h, exp. variance=167082768.0000 E_h^2, pmove=0.28
2026-06-09 02:23:30,218 - Step 00018: 62826.6836 E_h, exp. variance=181863008.0000 E_h^2, pmove=0.27
2026-06-09 02:23:30,534 - Step 00019: 43283.1016 E_h, exp. variance=282778848.0000 E_h^2, pmove=0.27
2026-06-09 02:23:30,853 - Step 00020: 56086.1133 E_h, exp. variance=290275104.0000 E_h^2, pmove=0.26
2026-06-09 02:23:31,170 - Step 00021: 49776.0000 E_h, exp. variance=314188768.0000 E_h^2, pmove=0.27
2026-06-09 02:23:31,486 - Step 00022: 55727.0547 E_h, exp. variance=305457440.0000 E_h^2, pmove=0.26
2026-06-09 02:23:31,806 - Step 00023: 48087.9648 E_h, exp. variance=318189088.0000 E_h^2, pmove=0.25
2026-06-09 02:23:32,125 - Step 00024: 53548.5938 E_h, exp. variance=304710080.0000 E_h^2, pmove=0.25
2026-06-09 02:23:32,445 - Step 00025: 44003.9922 E_h, exp. variance=319365760.0000 E_h^2, pmove=0.25
2026-06-09 02:23:32,765 - Step 00026: 40055.7578 E_h, exp. variance=339707072.0000 E_h^2, pmove=0.25
2026-06-09 02:23:33,083 - Step 00027: 37983.6758 E_h, exp. variance=356558112.0000 E_h^2, pmove=0.24
2026-06-09 02:23:33,403 - Step 00028: 43819.4141 E_h, exp. variance=342667520.0000 E_h^2, pmove=0.24
2026-06-09 02:23:33,727 - Step 00029: 52747.9297 E_h, exp. variance=310711872.0000 E_h^2, pmove=0.24
2026-06-09 02:23:34,046 - Step 00030: 48955.3086 E_h, exp. variance=285920704.0000 E_h^2, pmove=0.23
2026-06-09 02:23:34,366 - Step 00031: 60726.2031 E_h, exp. variance=258956464.0000 E_h^2, pmove=0.23
2026-06-09 02:23:34,684 - Step 00032: 50097.1562 E_h, exp. variance=237224176.0000 E_h^2, pmove=0.22
2026-06-09 02:23:35,003 - Step 00033: 41654.1562 E_h, exp. variance=232592416.0000 E_h^2, pmove=0.22
2026-06-09 02:23:35,324 - Step 00034: 51467.5859 E_h, exp. variance=210309968.0000 E_h^2, pmove=0.22
2026-06-09 02:23:35,644 - Step 00035: 37273.1953 E_h, exp. variance=215778960.0000 E_h^2, pmove=0.22
2026-06-09 02:23:35,961 - Step 00036: 32217.0664 E_h, exp. variance=232021984.0000 E_h^2, pmove=0.22
2026-06-09 02:23:36,278 - Step 00037: 26778.8125 E_h, exp. variance=260176480.0000 E_h^2, pmove=0.23
2026-06-09 02:23:36,601 - Step 00038: 22249.8672 E_h, exp. variance=295130080.0000 E_h^2, pmove=0.22
2026-06-09 02:23:36,920 - Step 00039: 38943.4531 E_h, exp. variance=269695392.0000 E_h^2, pmove=0.22
2026-06-09 02:23:37,240 - Step 00040: 45772.7188 E_h, exp. variance=242779328.0000 E_h^2, pmove=0.21
2026-06-09 02:23:37,559 - Step 00041: 31957.2168 E_h, exp. variance=233997712.0000 E_h^2, pmove=0.21
2026-06-09 02:23:37,883 - Step 00042: 40012.6641 E_h, exp. variance=211866368.0000 E_h^2, pmove=0.21
2026-06-09 02:23:38,203 - Step 00043: 45481.2500 E_h, exp. variance=191072784.0000 E_h^2, pmove=0.21
2026-06-09 02:23:38,523 - Step 00044: 30976.8047 E_h, exp. variance=186307456.0000 E_h^2, pmove=0.21
2026-06-09 02:23:38,843 - Step 00045: 34421.9609 E_h, exp. variance=173316480.0000 E_h^2, pmove=0.20
2026-06-09 02:23:39,164 - Step 00046: 42900.2227 E_h, exp. variance=156149776.0000 E_h^2, pmove=0.21
2026-06-09 02:23:39,482 - Step 00047: 34339.8984 E_h, exp. variance=145386128.0000 E_h^2, pmove=0.21
2026-06-09 02:23:39,799 - Step 00048: 48908.6719 E_h, exp. variance=136551568.0000 E_h^2, pmove=0.20
2026-06-09 02:23:40,117 - Step 00049: 29676.9922 E_h, exp. variance=136000944.0000 E_h^2, pmove=0.20
2026-06-09 02:23:40,439 - Step 00050: 28546.6699 E_h, exp. variance=135340080.0000 E_h^2, pmove=0.20
2026-06-09 02:23:40,758 - Step 00051: 32145.4785 E_h, exp. variance=126461992.0000 E_h^2, pmove=0.20
2026-06-09 02:23:41,075 - Step 00052: 37317.5273 E_h, exp. variance=113968176.0000 E_h^2, pmove=0.20
2026-06-09 02:23:41,396 - Step 00053: 21165.1543 E_h, exp. variance=129580616.0000 E_h^2, pmove=0.20
2026-06-09 02:23:41,712 - Step 00054: 26207.0098 E_h, exp. variance=126638408.0000 E_h^2, pmove=0.20
2026-06-09 02:23:42,031 - Step 00055: 19887.6367 E_h, exp. variance=136481216.0000 E_h^2, pmove=0.20
2026-06-09 02:23:42,350 - Step 00056: 25544.6250 E_h, exp. variance=129451400.0000 E_h^2, pmove=0.20
2026-06-09 02:23:42,673 - Step 00057: 32080.0527 E_h, exp. variance=116632088.0000 E_h^2, pmove=0.20
2026-06-09 02:23:42,993 - Step 00058: 25163.1914 E_h, exp. variance=110701584.0000 E_h^2, pmove=0.20
2026-06-09 02:23:43,312 - Step 00059: 16454.3438 E_h, exp. variance=122360768.0000 E_h^2, pmove=0.19
2026-06-09 02:23:43,628 - Step 00060: 18851.0684 E_h, exp. variance=122882168.0000 E_h^2, pmove=0.19
2026-06-09 02:23:43,949 - Step 00061: 20852.7734 E_h, exp. variance=117427328.0000 E_h^2, pmove=0.19
2026-06-09 02:23:44,267 - Step 00062: 29711.8164 E_h, exp. variance=105777648.0000 E_h^2, pmove=0.19
2026-06-09 02:23:44,588 - Step 00063: 28290.5664 E_h, exp. variance=95222936.0000 E_h^2, pmove=0.19
2026-06-09 02:23:44,907 - Step 00064: 35392.9258 E_h, exp. variance=89676912.0000 E_h^2, pmove=0.19
2026-06-09 02:23:45,227 - Step 00065: 20907.8906 E_h, exp. variance=87216088.0000 E_h^2, pmove=0.19
2026-06-09 02:23:45,551 - Step 00066: 24027.8750 E_h, exp. variance=80343464.0000 E_h^2, pmove=0.19
2026-06-09 02:23:45,870 - Step 00067: 23794.8594 E_h, exp. variance=73982784.0000 E_h^2, pmove=0.19
2026-06-09 02:23:46,190 - Step 00068: 15739.5332 E_h, exp. variance=79407568.0000 E_h^2, pmove=0.19
2026-06-09 02:23:46,510 - Step 00069: 14073.8496 E_h, exp. variance=85324128.0000 E_h^2, pmove=0.19
2026-06-09 02:23:46,831 - Step 00070: 24972.6797 E_h, exp. variance=76798216.0000 E_h^2, pmove=0.19
2026-06-09 02:23:47,149 - Step 00071: 25794.7695 E_h, exp. variance=69148680.0000 E_h^2, pmove=0.19
2026-06-09 02:23:47,469 - Step 00072: 17491.6328 E_h, exp. variance=67682744.0000 E_h^2, pmove=0.20
2026-06-09 02:23:47,788 - Step 00073: 10760.8682 E_h, exp. variance=77889648.0000 E_h^2, pmove=0.19
2026-06-09 02:23:48,106 - Step 00074: 15772.7129 E_h, exp. variance=74960640.0000 E_h^2, pmove=0.20
2026-06-09 02:23:48,423 - Step 00075: 17761.4062 E_h, exp. variance=69389656.0000 E_h^2, pmove=0.20
2026-06-09 02:23:48,740 - Step 00076: 14216.4219 E_h, exp. variance=67797048.0000 E_h^2, pmove=0.20
2026-06-09 02:23:49,058 - Step 00077: 14092.2090 E_h, exp. variance=65504368.0000 E_h^2, pmove=0.19
2026-06-09 02:23:49,377 - Step 00078: 19647.2617 E_h, exp. variance=59011492.0000 E_h^2, pmove=0.19
2026-06-09 02:23:49,698 - Step 00079: 15538.6904 E_h, exp. variance=55208488.0000 E_h^2, pmove=0.20
2026-06-09 02:23:50,020 - Step 00080: 11981.3203 E_h, exp. variance=55308616.0000 E_h^2, pmove=0.19
2026-06-09 02:23:50,339 - Step 00081: 9719.3477 E_h, exp. variance=57687156.0000 E_h^2, pmove=0.20
2026-06-09 02:23:50,659 - Step 00082: 21226.8965 E_h, exp. variance=52766932.0000 E_h^2, pmove=0.20
2026-06-09 02:23:50,976 - Step 00083: 14017.6230 E_h, exp. variance=49269152.0000 E_h^2, pmove=0.20
2026-06-09 02:23:51,292 - Step 00084: 17546.3691 E_h, exp. variance=44362332.0000 E_h^2, pmove=0.20
2026-06-09 02:23:51,611 - Step 00085: 16680.5547 E_h, exp. variance=40076120.0000 E_h^2, pmove=0.20
2026-06-09 02:23:51,929 - Step 00086: 21660.1074 E_h, exp. variance=37380148.0000 E_h^2, pmove=0.21
2026-06-09 02:23:52,246 - Step 00087: 12116.9805 E_h, exp. variance=36999072.0000 E_h^2, pmove=0.20
2026-06-09 02:23:52,566 - Step 00088: 14674.8350 E_h, exp. variance=34076416.0000 E_h^2, pmove=0.20
2026-06-09 02:23:52,885 - Step 00089: 9818.2852 E_h, exp. variance=35733172.0000 E_h^2, pmove=0.21
2026-06-09 02:23:53,206 - Step 00090: 12045.1777 E_h, exp. variance=34002152.0000 E_h^2, pmove=0.21
2026-06-09 02:23:53,525 - Step 00091: 11582.1094 E_h, exp. variance=32452902.0000 E_h^2, pmove=0.21
2026-06-09 02:23:53,845 - Step 00092: 17274.8438 E_h, exp. variance=29441256.0000 E_h^2, pmove=0.22
2026-06-09 02:23:54,164 - Step 00093: 18937.9453 E_h, exp. variance=27369416.0000 E_h^2, pmove=0.22
2026-06-09 02:23:54,486 - Step 00094: 8792.9814 E_h, exp. variance=29485342.0000 E_h^2, pmove=0.22
2026-06-09 02:23:54,806 - Step 00095: 9070.9062 E_h, exp. variance=30143970.0000 E_h^2, pmove=0.21
2026-06-09 02:23:55,124 - Step 00096: 10348.7441 E_h, exp. variance=28887786.0000 E_h^2, pmove=0.22
2026-06-09 02:23:55,442 - Step 00097: 12935.5918 E_h, exp. variance=26173166.0000 E_h^2, pmove=0.22
2026-06-09 02:23:55,762 - Step 00098: 9744.9492 E_h, exp. variance=25332164.0000 E_h^2, pmove=0.23
2026-06-09 02:23:56,084 - Step 00099: 16748.5566 E_h, exp. variance=23611786.0000 E_h^2, pmove=0.22
2026-06-09 02:23:56,406 - Step 00100: 11067.2100 E_h, exp. variance=22048030.0000 E_h^2, pmove=0.23
2026-06-09 02:23:56,751 - Step 00101: 8409.9844 E_h, exp. variance=22405962.0000 E_h^2, pmove=0.24
2026-06-09 02:23:57,072 - Step 00102: 8960.5078 E_h, exp. variance=21792552.0000 E_h^2, pmove=0.23
2026-06-09 02:23:57,393 - Step 00103: 7795.7764 E_h, exp. variance=21855714.0000 E_h^2, pmove=0.24
2026-06-09 02:23:57,721 - Step 00104: 7943.1880 E_h, exp. variance=21369254.0000 E_h^2, pmove=0.24
2026-06-09 02:23:58,042 - Step 00105: 8894.7480 E_h, exp. variance=20020306.0000 E_h^2, pmove=0.24
2026-06-09 02:23:58,366 - Step 00106: 11154.4336 E_h, exp. variance=18032918.0000 E_h^2, pmove=0.25
2026-06-09 02:23:58,689 - Step 00107: 7637.7856 E_h, exp. variance=17584294.0000 E_h^2, pmove=0.25
2026-06-09 02:23:59,010 - Step 00108: 10899.2070 E_h, exp. variance=15830638.0000 E_h^2, pmove=0.25
2026-06-09 02:23:59,329 - Step 00109: 7693.7783 E_h, exp. variance=15295752.0000 E_h^2, pmove=0.25
2026-06-09 02:23:59,650 - Step 00110: 15452.3965 E_h, exp. variance=15743464.0000 E_h^2, pmove=0.25
2026-06-09 02:23:59,970 - Step 00111: 8547.1865 E_h, exp. variance=14818782.0000 E_h^2, pmove=0.25
2026-06-09 02:24:00,291 - Step 00112: 9651.4863 E_h, exp. variance=13492239.0000 E_h^2, pmove=0.25
2026-06-09 02:24:00,617 - Step 00113: 9263.6729 E_h, exp. variance=12364910.0000 E_h^2, pmove=0.25
2026-06-09 02:24:00,937 - Step 00114: 14761.2578 E_h, exp. variance=12629836.0000 E_h^2, pmove=0.26
2026-06-09 02:24:01,255 - Step 00115: 7262.6982 E_h, exp. variance=12681948.0000 E_h^2, pmove=0.26
2026-06-09 02:24:01,574 - Step 00116: 7349.6113 E_h, exp. variance=12425840.0000 E_h^2, pmove=0.26
2026-06-09 02:24:01,894 - Step 00117: 7566.8931 E_h, exp. variance=11889255.0000 E_h^2, pmove=0.27
2026-06-09 02:24:02,212 - Step 00118: 8045.6743 E_h, exp. variance=11075583.0000 E_h^2, pmove=0.27
2026-06-09 02:24:02,532 - Step 00119: 9111.8486 E_h, exp. variance=10021602.0000 E_h^2, pmove=0.27
2026-06-09 02:24:02,851 - Step 00120: 8340.3701 E_h, exp. variance=9212836.0000 E_h^2, pmove=0.27
2026-06-09 02:24:03,171 - Step 00121: 7424.7891 E_h, exp. variance=8741074.0000 E_h^2, pmove=0.27
2026-06-09 02:24:03,490 - Step 00122: 13022.0332 E_h, exp. variance=9024217.0000 E_h^2, pmove=0.27
2026-06-09 02:24:03,810 - Step 00123: 7287.7344 E_h, exp. variance=8687464.0000 E_h^2, pmove=0.28
2026-06-09 02:24:04,130 - Step 00124: 9421.3594 E_h, exp. variance=7820073.0000 E_h^2, pmove=0.28
2026-06-09 02:24:04,452 - Step 00125: 9441.1270 E_h, exp. variance=7038805.5000 E_h^2, pmove=0.28
2026-06-09 02:24:04,777 - Step 00126: 7641.9473 E_h, exp. variance=6653284.0000 E_h^2, pmove=0.29
2026-06-09 02:24:05,098 - Step 00127: 7099.4912 E_h, exp. variance=6437588.5000 E_h^2, pmove=0.28
2026-06-09 02:24:05,421 - Step 00128: 7056.1641 E_h, exp. variance=6173890.0000 E_h^2, pmove=0.28
2026-06-09 02:24:05,741 - Step 00129: 7089.9839 E_h, exp. variance=5853194.0000 E_h^2, pmove=0.28
2026-06-09 02:24:06,059 - Step 00130: 7026.6196 E_h, exp. variance=5527194.5000 E_h^2, pmove=0.29
2026-06-09 02:24:06,375 - Step 00131: 6936.9336 E_h, exp. variance=5209910.5000 E_h^2, pmove=0.29
2026-06-09 02:24:06,695 - Step 00132: 7928.3896 E_h, exp. variance=4708312.0000 E_h^2, pmove=0.29
2026-06-09 02:24:07,013 - Step 00133: 6826.3574 E_h, exp. variance=4445364.0000 E_h^2, pmove=0.30
2026-06-09 02:24:07,331 - Step 00134: 7074.2217 E_h, exp. variance=4113715.7500 E_h^2, pmove=0.30
2026-06-09 02:24:07,649 - Step 00135: 6969.3955 E_h, exp. variance=3813791.7500 E_h^2, pmove=0.29
2026-06-09 02:24:07,970 - Step 00136: 7055.1240 E_h, exp. variance=3507892.0000 E_h^2, pmove=0.31
2026-06-09 02:24:08,289 - Step 00137: 7012.5015 E_h, exp. variance=3224728.0000 E_h^2, pmove=0.31
2026-06-09 02:24:08,611 - Step 00138: 7493.6816 E_h, exp. variance=2910299.2500 E_h^2, pmove=0.31
2026-06-09 02:24:08,929 - Step 00139: 7169.2393 E_h, exp. variance=2650972.2500 E_h^2, pmove=0.31
2026-06-09 02:24:09,251 - Step 00140: 6532.6260 E_h, exp. variance=2509239.0000 E_h^2, pmove=0.31
2026-06-09 02:24:09,572 - Step 00141: 6677.0161 E_h, exp. variance=2332730.5000 E_h^2, pmove=0.32
2026-06-09 02:24:10,196 - Step 00142: 6822.3608 E_h, exp. variance=2140224.7500 E_h^2, pmove=0.32
2026-06-09 02:24:10,519 - Step 00143: 6549.9893 E_h, exp. variance=1995597.3750 E_h^2, pmove=0.33
2026-06-09 02:24:10,840 - Step 00144: 6591.0649 E_h, exp. variance=1846556.5000 E_h^2, pmove=0.32
2026-06-09 02:24:11,163 - Step 00145: 7445.0098 E_h, exp. variance=1664805.5000 E_h^2, pmove=0.32
2026-06-09 02:24:11,483 - Step 00146: 6582.0688 E_h, exp. variance=1542583.0000 E_h^2, pmove=0.33
2026-06-09 02:24:11,803 - Step 00147: 6710.7109 E_h, exp. variance=1411049.0000 E_h^2, pmove=0.33
2026-06-09 02:24:12,125 - Step 00148: 6359.3965 E_h, exp. variance=1328056.6250 E_h^2, pmove=0.33
2026-06-09 02:24:12,451 - Step 00149: 6460.9189 E_h, exp. variance=1230034.0000 E_h^2, pmove=0.33
2026-06-09 02:24:12,774 - Step 00150: 6575.7935 E_h, exp. variance=1124823.3750 E_h^2, pmove=0.34
2026-06-09 02:24:13,093 - Step 00151: 6206.1006 E_h, exp. variance=1065682.8750 E_h^2, pmove=0.35
2026-06-09 02:24:13,415 - Step 00152: 6528.6309 E_h, exp. variance=971458.5000 E_h^2, pmove=0.35
2026-06-09 02:24:13,736 - Step 00153: 6150.0830 E_h, exp. variance=919919.4375 E_h^2, pmove=0.35
2026-06-09 02:24:14,056 - Step 00154: 6103.8701 E_h, exp. variance=870390.5000 E_h^2, pmove=0.35
2026-06-09 02:24:14,380 - Step 00155: 6037.1289 E_h, exp. variance=825574.0000 E_h^2, pmove=0.35
2026-06-09 02:24:14,705 - Step 00156: 6078.9546 E_h, exp. variance=772733.3750 E_h^2, pmove=0.35
2026-06-09 02:24:15,025 - Step 00157: 6018.2305 E_h, exp. variance=725515.1875 E_h^2, pmove=0.36
2026-06-09 02:24:15,349 - Step 00158: 6087.1494 E_h, exp. variance=671283.8750 E_h^2, pmove=0.36
2026-06-09 02:24:15,674 - Step 00159: 6205.3960 E_h, exp. variance=611610.5625 E_h^2, pmove=0.35
2026-06-09 02:24:15,994 - Step 00160: 5984.3408 E_h, exp. variance=571192.7500 E_h^2, pmove=0.36
2026-06-09 02:24:16,312 - Step 00161: 5985.8198 E_h, exp. variance=530760.6875 E_h^2, pmove=0.37
2026-06-09 02:24:16,632 - Step 00162: 6013.9785 E_h, exp. variance=489308.3750 E_h^2, pmove=0.37
2026-06-09 02:24:16,955 - Step 00163: 6460.9912 E_h, exp. variance=441751.8125 E_h^2, pmove=0.37
2026-06-09 02:24:17,275 - Step 00164: 10873.9668 E_h, exp. variance=2239723.5000 E_h^2, pmove=0.37
2026-06-09 02:24:17,598 - Step 00165: 8972.8066 E_h, exp. variance=2439791.0000 E_h^2, pmove=0.37
2026-06-09 02:24:17,918 - Step 00166: 6655.7061 E_h, exp. variance=2207707.2500 E_h^2, pmove=0.38
2026-06-09 02:24:18,241 - Step 00167: 6881.9414 E_h, exp. variance=1987853.7500 E_h^2, pmove=0.38
2026-06-09 02:24:18,562 - Step 00168: 6954.3965 E_h, exp. variance=1789098.8750 E_h^2, pmove=0.38
2026-06-09 02:24:18,880 - Step 00169: 7146.6309 E_h, exp. variance=1612966.2500 E_h^2, pmove=0.38
2026-06-09 02:24:19,206 - Step 00170: 6692.3389 E_h, exp. variance=1459565.2500 E_h^2, pmove=0.38
2026-06-09 02:24:19,527 - Step 00171: 6323.5942 E_h, exp. variance=1349935.2500 E_h^2, pmove=0.38
2026-06-09 02:24:19,849 - Step 00172: 6639.0225 E_h, exp. variance=1220856.5000 E_h^2, pmove=0.39
2026-06-09 02:24:20,174 - Step 00173: 7060.5259 E_h, exp. variance=1102046.6250 E_h^2, pmove=0.39
2026-06-09 02:24:20,494 - Step 00174: 6160.9243 E_h, exp. variance=1039527.1875 E_h^2, pmove=0.39
2026-06-09 02:24:20,814 - Step 00175: 6555.9727 E_h, exp. variance=941661.2500 E_h^2, pmove=0.40
2026-06-09 02:24:21,138 - Step 00176: 6164.9902 E_h, exp. variance=882655.4375 E_h^2, pmove=0.39
2026-06-09 02:24:21,462 - Step 00177: 6474.7686 E_h, exp. variance=800139.5000 E_h^2, pmove=0.39
2026-06-09 02:24:21,786 - Step 00178: 5950.0200 E_h, exp. variance=771051.7500 E_h^2, pmove=0.40
2026-06-09 02:24:22,107 - Step 00179: 5821.6372 E_h, exp. variance=752325.0625 E_h^2, pmove=0.39
2026-06-09 02:24:22,429 - Step 00180: 5725.0312 E_h, exp. variance=737823.4375 E_h^2, pmove=0.41
2026-06-09 02:24:22,752 - Step 00181: 5682.7563 E_h, exp. variance=719019.7500 E_h^2, pmove=0.41
2026-06-09 02:24:23,077 - Step 00182: 5702.8662 E_h, exp. variance=689140.6875 E_h^2, pmove=0.41
2026-06-09 02:24:23,399 - Step 00183: 5769.1289 E_h, exp. variance=647325.2500 E_h^2, pmove=0.41
2026-06-09 02:24:23,721 - Step 00184: 5733.8545 E_h, exp. variance=607790.2500 E_h^2, pmove=0.42
2026-06-09 02:24:24,044 - Step 00185: 5650.4526 E_h, exp. variance=575196.3125 E_h^2, pmove=0.42
2026-06-09 02:24:24,363 - Step 00186: 5694.2510 E_h, exp. variance=536708.5625 E_h^2, pmove=0.42
2026-06-09 02:24:24,684 - Step 00187: 5680.5015 E_h, exp. variance=499494.8750 E_h^2, pmove=0.42
2026-06-09 02:24:25,002 - Step 00188: 5659.7666 E_h, exp. variance=464350.7812 E_h^2, pmove=0.42
2026-06-09 02:24:25,323 - Step 00189: 5682.0361 E_h, exp. variance=428489.4688 E_h^2, pmove=0.43
2026-06-09 02:24:25,647 - Step 00190: 5616.0244 E_h, exp. variance=398262.9062 E_h^2, pmove=0.44
2026-06-09 02:24:25,972 - Step 00191: 5648.2373 E_h, exp. variance=366799.8125 E_h^2, pmove=0.43
2026-06-09 02:24:26,298 - Step 00192: 5622.7979 E_h, exp. variance=338208.5625 E_h^2, pmove=0.43
2026-06-09 02:24:26,616 - Step 00193: 5706.3389 E_h, exp. variance=307510.4375 E_h^2, pmove=0.44
2026-06-09 02:24:26,936 - Step 00194: 5659.8613 E_h, exp. variance=280885.7188 E_h^2, pmove=0.43
2026-06-09 02:24:27,258 - Step 00195: 5612.6982 E_h, exp. variance=257975.6562 E_h^2, pmove=0.44
2026-06-09 02:24:27,585 - Step 00196: 5627.8633 E_h, exp. variance=235804.0781 E_h^2, pmove=0.44
2026-06-09 02:24:27,905 - Step 00197: 5715.4795 E_h, exp. variance=213002.6094 E_h^2, pmove=0.43
2026-06-09 02:24:28,224 - Step 00198: 5693.1914 E_h, exp. variance=192713.9219 E_h^2, pmove=0.45
2026-06-09 02:24:28,546 - Step 00199: 5735.9736 E_h, exp. variance=173691.8594 E_h^2, pmove=0.44
2026-06-09 02:24:28,868 - Step 00200: 5626.1245 E_h, exp. variance=158547.2656 E_h^2, pmove=0.45
2026-06-09 02:24:29,191 - Step 00201: 5655.2515 E_h, exp. variance=143828.9844 E_h^2, pmove=0.46
2026-06-09 02:24:29,512 - Step 00202: 5648.5000 E_h, exp. variance=130493.6016 E_h^2, pmove=0.45
2026-06-09 02:24:29,837 - Step 00203: 5647.8906 E_h, exp. variance=118303.4062 E_h^2, pmove=0.45
2026-06-09 02:24:30,158 - Step 00204: 5606.7002 E_h, exp. variance=107973.6641 E_h^2, pmove=0.45
2026-06-09 02:24:30,480 - Step 00205: 5612.9395 E_h, exp. variance=98264.7734 E_h^2, pmove=0.45
2026-06-09 02:24:30,800 - Step 00206: 5625.4189 E_h, exp. variance=89111.6406 E_h^2, pmove=0.45
2026-06-09 02:24:31,123 - Step 00207: 5631.1362 E_h, exp. variance=80668.7109 E_h^2, pmove=0.46
2026-06-09 02:24:31,443 - Step 00208: 5656.3159 E_h, exp. variance=72743.9453 E_h^2, pmove=0.46
2026-06-09 02:24:31,761 - Step 00209: 5655.6294 E_h, exp. variance=65589.1250 E_h^2, pmove=0.46
2026-06-09 02:24:32,084 - Step 00210: 5616.4951 E_h, exp. variance=59495.9805 E_h^2, pmove=0.46
2026-06-09 02:24:32,403 - Step 00211: 5542.9424 E_h, exp. variance=55267.7461 E_h^2, pmove=0.47
2026-06-09 02:24:32,722 - Step 00212: 5550.1006 E_h, exp. variance=50979.5195 E_h^2, pmove=0.46
2026-06-09 02:24:33,041 - Step 00213: 5562.8115 E_h, exp. variance=46657.7695 E_h^2, pmove=0.46
2026-06-09 02:24:33,364 - Step 00214: 5561.1802 E_h, exp. variance=42645.5039 E_h^2, pmove=0.47
2026-06-09 02:24:33,684 - Step 00215: 5545.7754 E_h, exp. variance=39144.3086 E_h^2, pmove=0.47
2026-06-09 02:24:34,003 - Step 00216: 5553.3076 E_h, exp. variance=35740.9219 E_h^2, pmove=0.47
2026-06-09 02:24:34,329 - Step 00217: 5563.1372 E_h, exp. variance=32469.4785 E_h^2, pmove=0.48
2026-06-09 02:24:34,654 - Step 00218: 5538.2529 E_h, exp. variance=29757.1777 E_h^2, pmove=0.47
2026-06-09 02:24:34,991 - Step 00219: 5560.2896 E_h, exp. variance=26983.0742 E_h^2, pmove=0.48
2026-06-09 02:24:35,318 - Step 00220: 5511.6035 E_h, exp. variance=25034.7109 E_h^2, pmove=0.48
2026-06-09 02:24:35,637 - Step 00221: 5513.2676 E_h, exp. variance=23114.3340 E_h^2, pmove=0.48
2026-06-09 02:24:35,958 - Step 00222: 5547.3027 E_h, exp. variance=20935.6562 E_h^2, pmove=0.48
2026-06-09 02:24:36,278 - Step 00223: 5539.3945 E_h, exp. variance=19004.4531 E_h^2, pmove=0.49
2026-06-09 02:24:36,603 - Step 00224: 5498.1113 E_h, exp. variance=17672.9688 E_h^2, pmove=0.49
2026-06-09 02:24:36,924 - Step 00225: 5532.2598 E_h, exp. variance=16031.6279 E_h^2, pmove=0.48
2026-06-09 02:24:37,242 - Step 00226: 5441.1240 E_h, exp. variance=15830.3232 E_h^2, pmove=0.49
2026-06-09 02:24:37,564 - Step 00227: 5500.1846 E_h, exp. variance=14502.6221 E_h^2, pmove=0.49
2026-06-09 02:24:37,888 - Step 00228: 5477.3711 E_h, exp. variance=13502.8730 E_h^2, pmove=0.49
2026-06-09 02:24:38,207 - Step 00229: 5453.2051 E_h, exp. variance=12847.0420 E_h^2, pmove=0.50
2026-06-09 02:24:38,528 - Step 00230: 5460.4331 E_h, exp. variance=12026.6914 E_h^2, pmove=0.50
2026-06-09 02:24:38,850 - Step 00231: 5438.4414 E_h, exp. variance=11499.5771 E_h^2, pmove=0.50
2026-06-09 02:24:39,171 - Step 00232: 5490.4077 E_h, exp. variance=10410.4980 E_h^2, pmove=0.50
2026-06-09 02:24:39,494 - Step 00233: 5434.9619 E_h, exp. variance=9929.0576 E_h^2, pmove=0.50
2026-06-09 02:24:39,815 - Step 00234: 5448.7324 E_h, exp. variance=9230.5938 E_h^2, pmove=0.51
2026-06-09 02:24:40,140 - Step 00235: 5445.1807 E_h, exp. variance=8580.0791 E_h^2, pmove=0.50
2026-06-09 02:24:40,463 - Step 00236: 5492.4829 E_h, exp. variance=7722.5166 E_h^2, pmove=0.50
2026-06-09 02:24:40,783 - Step 00237: 5412.1294 E_h, exp. variance=7560.6826 E_h^2, pmove=0.50
2026-06-09 02:24:41,102 - Step 00238: 5440.3423 E_h, exp. variance=6994.2871 E_h^2, pmove=0.51
2026-06-09 02:24:41,424 - Step 00239: 5423.5928 E_h, exp. variance=6598.3066 E_h^2, pmove=0.51
2026-06-09 02:24:41,745 - Step 00240: 5441.1147 E_h, exp. variance=6047.0771 E_h^2, pmove=0.51
2026-06-09 02:24:42,064 - Step 00241: 5378.1348 E_h, exp. variance=6241.7373 E_h^2, pmove=0.50
2026-06-09 02:24:42,386 - Step 00242: 5424.5166 E_h, exp. variance=5750.5332 E_h^2, pmove=0.51
2026-06-09 02:24:42,707 - Step 00243: 5426.4004 E_h, exp. variance=5271.7744 E_h^2, pmove=0.51
2026-06-09 02:24:43,030 - Step 00244: 5419.8467 E_h, exp. variance=4861.1895 E_h^2, pmove=0.51
2026-06-09 02:24:43,349 - Step 00245: 5394.8936 E_h, exp. variance=4671.0483 E_h^2, pmove=0.52
2026-06-09 02:24:43,669 - Step 00246: 5395.9189 E_h, exp. variance=4434.2520 E_h^2, pmove=0.52
2026-06-09 02:24:43,989 - Step 00247: 5381.8496 E_h, exp. variance=4310.4907 E_h^2, pmove=0.52
2026-06-09 02:24:44,308 - Step 00248: 5371.5132 E_h, exp. variance=4247.7837 E_h^2, pmove=0.52
2026-06-09 02:24:44,630 - Step 00249: 5361.4980 E_h, exp. variance=4234.1841 E_h^2, pmove=0.53
2026-06-09 02:24:44,949 - Step 00250: 5373.1519 E_h, exp. variance=4028.4346 E_h^2, pmove=0.52
2026-06-09 02:24:45,268 - Step 00251: 5341.7695 E_h, exp. variance=4140.5596 E_h^2, pmove=0.52
2026-06-09 02:24:45,593 - Step 00252: 5290.4932 E_h, exp. variance=5008.6084 E_h^2, pmove=0.52
2026-06-09 02:24:45,916 - Step 00253: 5331.3970 E_h, exp. variance=4905.9370 E_h^2, pmove=0.53
2026-06-09 02:24:46,237 - Step 00254: 5308.7363 E_h, exp. variance=5028.2759 E_h^2, pmove=0.52
2026-06-09 02:24:46,558 - Step 00255: 5335.7974 E_h, exp. variance=4726.0513 E_h^2, pmove=0.53
2026-06-09 02:24:46,879 - Step 00256: 5311.5986 E_h, exp. variance=4653.7134 E_h^2, pmove=0.53
2026-06-09 02:24:47,199 - Step 00257: 5326.6592 E_h, exp. variance=4370.2637 E_h^2, pmove=0.53
2026-06-09 02:24:47,518 - Step 00258: 5278.9092 E_h, exp. variance=4633.5815 E_h^2, pmove=0.53
2026-06-09 02:24:47,839 - Step 00259: 5286.6035 E_h, exp. variance=4632.8740 E_h^2, pmove=0.54
2026-06-09 02:24:48,161 - Step 00260: 5250.0977 E_h, exp. variance=5088.2891 E_h^2, pmove=0.54
2026-06-09 02:24:48,480 - Step 00261: 5259.5449 E_h, exp. variance=5177.0117 E_h^2, pmove=0.54
2026-06-09 02:24:48,800 - Step 00262: 5257.0605 E_h, exp. variance=5176.6753 E_h^2, pmove=0.54
2026-06-09 02:24:49,120 - Step 00263: 5244.6138 E_h, exp. variance=5244.8936 E_h^2, pmove=0.54
2026-06-09 02:24:49,444 - Step 00264: 5219.4414 E_h, exp. variance=5581.0210 E_h^2, pmove=0.55
2026-06-09 02:24:49,763 - Step 00265: 5227.0459 E_h, exp. variance=5604.7549 E_h^2, pmove=0.55
2026-06-09 02:24:50,084 - Step 00266: 5241.4873 E_h, exp. variance=5346.2295 E_h^2, pmove=0.54
2026-06-09 02:24:50,409 - Step 00267: 5221.6172 E_h, exp. variance=5278.1665 E_h^2, pmove=0.55
2026-06-09 02:24:50,737 - Step 00268: 5217.8721 E_h, exp. variance=5173.2065 E_h^2, pmove=0.55
2026-06-09 02:24:51,063 - Step 00269: 5213.4395 E_h, exp. variance=5049.3887 E_h^2, pmove=0.55
2026-06-09 02:24:51,390 - Step 00270: 5199.1562 E_h, exp. variance=5034.5488 E_h^2, pmove=0.56
2026-06-09 02:24:51,717 - Step 00271: 5189.4941 E_h, exp. variance=5051.9829 E_h^2, pmove=0.56
2026-06-09 02:24:52,041 - Step 00272: 5178.5679 E_h, exp. variance=5114.1060 E_h^2, pmove=0.56
2026-06-09 02:24:52,363 - Step 00273: 5189.3530 E_h, exp. variance=4933.9761 E_h^2, pmove=0.56
2026-06-09 02:24:52,686 - Step 00274: 5165.5161 E_h, exp. variance=4994.3394 E_h^2, pmove=0.56
2026-06-09 02:24:53,008 - Step 00275: 5176.0479 E_h, exp. variance=4819.6021 E_h^2, pmove=0.56
2026-06-09 02:24:53,328 - Step 00276: 5170.3413 E_h, exp. variance=4659.1050 E_h^2, pmove=0.56
2026-06-09 02:24:53,647 - Step 00277: 5164.1157 E_h, exp. variance=4517.3418 E_h^2, pmove=0.57
2026-06-09 02:24:53,969 - Step 00278: 5151.2856 E_h, exp. variance=4467.7178 E_h^2, pmove=0.57
2026-06-09 02:24:54,293 - Step 00279: 5167.1357 E_h, exp. variance=4197.6348 E_h^2, pmove=0.57
2026-06-09 02:24:54,615 - Step 00280: 5131.2588 E_h, exp. variance=4294.3569 E_h^2, pmove=0.56
2026-06-09 02:24:54,934 - Step 00281: 5133.0312 E_h, exp. variance=4261.8022 E_h^2, pmove=0.58
2026-06-09 02:24:55,257 - Step 00282: 5125.3809 E_h, exp. variance=4244.6646 E_h^2, pmove=0.57
2026-06-09 02:24:55,579 - Step 00283: 5138.7676 E_h, exp. variance=4021.4487 E_h^2, pmove=0.57
2026-06-09 02:24:55,903 - Step 00284: 5129.6533 E_h, exp. variance=3859.6113 E_h^2, pmove=0.56
2026-06-09 02:24:56,225 - Step 00285: 5110.1582 E_h, exp. variance=3865.6958 E_h^2, pmove=0.57
2026-06-09 02:24:56,544 - Step 00286: 5120.4287 E_h, exp. variance=3696.3633 E_h^2, pmove=0.57
2026-06-09 02:24:56,864 - Step 00287: 5086.3770 E_h, exp. variance=3878.0640 E_h^2, pmove=0.57
2026-06-09 02:24:57,184 - Step 00288: 5112.3320 E_h, exp. variance=3668.3745 E_h^2, pmove=0.58
2026-06-09 02:24:57,503 - Step 00289: 5099.0977 E_h, exp. variance=3556.9529 E_h^2, pmove=0.58
2026-06-09 02:24:57,821 - Step 00290: 5096.3115 E_h, exp. variance=3432.8887 E_h^2, pmove=0.58
2026-06-09 02:24:58,140 - Step 00291: 5088.0884 E_h, exp. variance=3350.8877 E_h^2, pmove=0.58
2026-06-09 02:24:58,459 - Step 00292: 5091.5156 E_h, exp. variance=3198.5833 E_h^2, pmove=0.58
2026-06-09 02:24:58,779 - Step 00293: 5094.8926 E_h, exp. variance=3003.1541 E_h^2, pmove=0.58
2026-06-09 02:24:59,103 - Step 00294: 5086.6650 E_h, exp. variance=2859.2778 E_h^2, pmove=0.58
2026-06-09 02:24:59,423 - Step 00295: 5076.8047 E_h, exp. variance=2775.4119 E_h^2, pmove=0.58
2026-06-09 02:24:59,747 - Step 00296: 5072.1992 E_h, exp. variance=2698.8013 E_h^2, pmove=0.58
2026-06-09 02:25:00,068 - Step 00297: 5068.5742 E_h, exp. variance=2620.6045 E_h^2, pmove=0.58
2026-06-09 02:25:00,392 - Step 00298: 5060.8652 E_h, exp. variance=2576.7927 E_h^2, pmove=0.58
2026-06-09 02:25:00,715 - Step 00299: 5062.5488 E_h, exp. variance=2482.7197 E_h^2, pmove=0.59
2026-06-09 02:25:01,038 - Step 00300: 5055.7476 E_h, exp. variance=2418.1084 E_h^2, pmove=0.59
2026-06-09 02:25:01,358 - Step 00301: 5052.9717 E_h, exp. variance=2346.0691 E_h^2, pmove=0.59
2026-06-09 02:25:01,680 - Step 00302: 5052.2739 E_h, exp. variance=2253.9299 E_h^2, pmove=0.59
2026-06-09 02:25:01,999 - Step 00303: 5052.1875 E_h, exp. variance=2144.4944 E_h^2, pmove=0.58
2026-06-09 02:25:02,320 - Step 00304: 5045.2158 E_h, exp. variance=2068.8853 E_h^2, pmove=0.58
2026-06-09 02:25:02,642 - Step 00305: 5047.7646 E_h, exp. variance=1958.8240 E_h^2, pmove=0.59
2026-06-09 02:25:02,962 - Step 00306: 5034.7861 E_h, exp. variance=1925.4966 E_h^2, pmove=0.59
2026-06-09 02:25:03,282 - Step 00307: 5036.5928 E_h, exp. variance=1852.4711 E_h^2, pmove=0.60
2026-06-09 02:25:03,606 - Step 00308: 5029.6543 E_h, exp. variance=1809.3352 E_h^2, pmove=0.60
2026-06-09 02:25:03,928 - Step 00309: 5025.7881 E_h, exp. variance=1769.7456 E_h^2, pmove=0.59
2026-06-09 02:25:04,252 - Step 00310: 5024.5059 E_h, exp. variance=1715.6398 E_h^2, pmove=0.60
2026-06-09 02:25:04,572 - Step 00311: 5018.1543 E_h, exp. variance=1685.2490 E_h^2, pmove=0.59
2026-06-09 02:25:04,893 - Step 00312: 5016.6025 E_h, exp. variance=1641.2480 E_h^2, pmove=0.59
2026-06-09 02:25:05,215 - Step 00313: 5014.0601 E_h, exp. variance=1593.8899 E_h^2, pmove=0.59
2026-06-09 02:25:05,536 - Step 00314: 5014.9297 E_h, exp. variance=1524.0750 E_h^2, pmove=0.59
2026-06-09 02:25:05,858 - Step 00315: 5011.3271 E_h, exp. variance=1463.8020 E_h^2, pmove=0.60
2026-06-09 02:25:06,180 - Step 00316: 5008.8237 E_h, exp. variance=1405.5900 E_h^2, pmove=0.60
2026-06-09 02:25:06,502 - Step 00317: 5007.7212 E_h, exp. variance=1342.1472 E_h^2, pmove=0.60
2026-06-09 02:25:06,822 - Step 00318: 5002.6113 E_h, exp. variance=1296.9777 E_h^2, pmove=0.60
2026-06-09 02:25:07,141 - Step 00319: 5002.4658 E_h, exp. variance=1240.1497 E_h^2, pmove=0.60
2026-06-09 02:25:07,467 - Step 00320: 5003.9414 E_h, exp. variance=1168.5543 E_h^2, pmove=0.60
2026-06-09 02:25:07,791 - Step 00321: 5003.0210 E_h, exp. variance=1097.8326 E_h^2, pmove=0.60
2026-06-09 02:25:08,115 - Step 00322: 4997.4209 E_h, exp. variance=1048.7797 E_h^2, pmove=0.59
2026-06-09 02:25:08,440 - Step 00323: 4993.8447 E_h, exp. variance=1009.2935 E_h^2, pmove=0.61
2026-06-09 02:25:08,762 - Step 00324: 4999.6958 E_h, exp. variance=938.8633 E_h^2, pmove=0.60
2026-06-09 02:25:09,083 - Step 00325: 4994.2207 E_h, exp. variance=888.7073 E_h^2, pmove=0.60
2026-06-09 02:25:09,406 - Step 00326: 4997.0142 E_h, exp. variance=825.9857 E_h^2, pmove=0.60
2026-06-09 02:25:09,732 - Step 00327: 5001.7910 E_h, exp. variance=753.4309 E_h^2, pmove=0.60
2026-06-09 02:25:10,055 - Step 00328: 4938.2139 E_h, exp. variance=1158.8148 E_h^2, pmove=0.59
2026-06-09 02:25:10,376 - Step 00329: 4991.5317 E_h, exp. variance=1056.9026 E_h^2, pmove=0.60
2026-06-09 02:25:10,702 - Step 00330: 4985.7041 E_h, exp. variance=977.3449 E_h^2, pmove=0.60
2026-06-09 02:25:11,028 - Step 00331: 4983.4785 E_h, exp. variance=907.3670 E_h^2, pmove=0.60
2026-06-09 02:25:11,352 - Step 00332: 4985.1235 E_h, exp. variance=834.6762 E_h^2, pmove=0.60
2026-06-09 02:25:11,677 - Step 00333: 4985.9121 E_h, exp. variance=764.0728 E_h^2, pmove=0.61
2026-06-09 02:25:11,999 - Step 00334: 4983.8193 E_h, exp. variance=702.5324 E_h^2, pmove=0.60
2026-06-09 02:25:12,323 - Step 00335: 4983.7061 E_h, exp. variance=644.5586 E_h^2, pmove=0.60
2026-06-09 02:25:12,645 - Step 00336: 4978.7109 E_h, exp. variance=601.7470 E_h^2, pmove=0.59
2026-06-09 02:25:12,974 - Step 00337: 4979.2637 E_h, exp. variance=557.7430 E_h^2, pmove=0.61
2026-06-09 02:25:13,296 - Step 00338: 4983.1196 E_h, exp. variance=508.0321 E_h^2, pmove=0.61
2026-06-09 02:25:13,618 - Step 00339: 4980.0400 E_h, exp. variance=467.0888 E_h^2, pmove=0.60
2026-06-09 02:25:13,938 - Step 00340: 4979.3662 E_h, exp. variance=429.5494 E_h^2, pmove=0.60
2026-06-09 02:25:14,262 - Step 00341: 4978.5781 E_h, exp. variance=395.3665 E_h^2, pmove=0.60
2026-06-09 02:25:14,583 - Step 00342: 4976.3921 E_h, exp. variance=366.8615 E_h^2, pmove=0.60
2026-06-09 02:25:14,908 - Step 00343: 4977.9492 E_h, exp. variance=336.5367 E_h^2, pmove=0.60
2026-06-09 02:25:15,243 - Step 00344: 4975.0093 E_h, exp. variance=312.8175 E_h^2, pmove=0.60
2026-06-09 02:25:15,569 - Step 00345: 4976.2373 E_h, exp. variance=287.6281 E_h^2, pmove=0.60
2026-06-09 02:25:15,897 - Step 00346: 4974.5122 E_h, exp. variance=266.3672 E_h^2, pmove=0.60
2026-06-09 02:25:16,222 - Step 00347: 4975.7720 E_h, exp. variance=244.0865 E_h^2, pmove=0.60
2026-06-09 02:25:16,548 - Step 00348: 4969.8682 E_h, exp. variance=232.9967 E_h^2, pmove=0.60
2026-06-09 02:25:16,877 - Step 00349: 4972.8145 E_h, exp. variance=215.4606 E_h^2, pmove=0.61
2026-06-09 02:25:17,203 - Step 00350: 4970.5952 E_h, exp. variance=201.9032 E_h^2, pmove=0.60
2026-06-09 02:25:17,528 - Step 00351: 4968.2285 E_h, exp. variance=192.2995 E_h^2, pmove=0.60
2026-06-09 02:25:17,853 - Step 00352: 4969.7568 E_h, exp. variance=179.1698 E_h^2, pmove=0.60
2026-06-09 02:25:18,175 - Step 00353: 4971.4883 E_h, exp. variance=164.1546 E_h^2, pmove=0.60
2026-06-09 02:25:18,499 - Step 00354: 4972.0742 E_h, exp. variance=149.5815 E_h^2, pmove=0.60
2026-06-09 02:25:18,822 - Step 00355: 4968.8320 E_h, exp. variance=139.4378 E_h^2, pmove=0.61
2026-06-09 02:25:19,147 - Step 00356: 4967.9043 E_h, exp. variance=130.5704 E_h^2, pmove=0.60
2026-06-09 02:25:19,470 - Step 00357: 4967.8125 E_h, exp. variance=121.7377 E_h^2, pmove=0.60
2026-06-09 02:25:19,793 - Step 00358: 4965.8740 E_h, exp. variance=115.4754 E_h^2, pmove=0.60
2026-06-09 02:25:20,119 - Step 00359: 4965.2544 E_h, exp. variance=109.5640 E_h^2, pmove=0.60
2026-06-09 02:25:20,441 - Step 00360: 4966.1406 E_h, exp. variance=102.1074 E_h^2, pmove=0.60
2026-06-09 02:25:20,764 - Step 00361: 4964.9365 E_h, exp. variance=96.0783 E_h^2, pmove=0.60
2026-06-09 02:25:21,087 - Step 00362: 4964.1626 E_h, exp. variance=90.7662 E_h^2, pmove=0.60
2026-06-09 02:25:21,410 - Step 00363: 4965.1133 E_h, exp. variance=84.1864 E_h^2, pmove=0.60
2026-06-09 02:25:21,733 - Step 00364: 4961.7256 E_h, exp. variance=81.7134 E_h^2, pmove=0.60
2026-06-09 02:25:22,053 - Step 00365: 4963.1987 E_h, exp. variance=76.6135 E_h^2, pmove=0.60
2026-06-09 02:25:22,374 - Step 00366: 4962.5303 E_h, exp. variance=72.1130 E_h^2, pmove=0.60
2026-06-09 02:25:22,696 - Step 00367: 4963.2617 E_h, exp. variance=66.8078 E_h^2, pmove=0.60
2026-06-09 02:25:23,021 - Step 00368: 4962.9746 E_h, exp. variance=61.8922 E_h^2, pmove=0.59
2026-06-09 02:25:23,343 - Step 00369: 4966.9766 E_h, exp. variance=55.7030 E_h^2, pmove=0.59
2026-06-09 02:25:23,666 - Step 00370: 4964.3564 E_h, exp. variance=50.7437 E_h^2, pmove=0.59
2026-06-09 02:25:23,989 - Step 00371: 4963.6841 E_h, exp. variance=46.4886 E_h^2, pmove=0.59
2026-06-09 02:25:24,311 - Step 00372: 4963.3232 E_h, exp. variance=42.6914 E_h^2, pmove=0.60
2026-06-09 02:25:24,631 - Step 00373: 4962.1309 E_h, exp. variance=39.8342 E_h^2, pmove=0.60
2026-06-09 02:25:24,955 - Step 00374: 4960.9873 E_h, exp. variance=37.8461 E_h^2, pmove=0.60
2026-06-09 02:25:25,277 - Step 00375: 4960.5850 E_h, exp. variance=35.9993 E_h^2, pmove=0.59
2026-06-09 02:25:25,600 - Step 00376: 4961.7285 E_h, exp. variance=33.2271 E_h^2, pmove=0.59
2026-06-09 02:25:25,922 - Step 00377: 4960.7588 E_h, exp. variance=31.1360 E_h^2, pmove=0.59
2026-06-09 02:25:26,244 - Step 00378: 4961.4043 E_h, exp. variance=28.6705 E_h^2, pmove=0.59
2026-06-09 02:25:26,571 - Step 00379: 4960.8359 E_h, exp. variance=26.6045 E_h^2, pmove=0.59
2026-06-09 02:25:26,895 - Step 00380: 4959.9746 E_h, exp. variance=25.0760 E_h^2, pmove=0.59
2026-06-09 02:25:27,221 - Step 00381: 4961.1670 E_h, exp. variance=22.9282 E_h^2, pmove=0.59
2026-06-09 02:25:27,545 - Step 00382: 4962.4971 E_h, exp. variance=20.6553 E_h^2, pmove=0.59
2026-06-09 02:25:27,869 - Step 00383: 4959.4111 E_h, exp. variance=19.6978 E_h^2, pmove=0.60
2026-06-09 02:25:28,193 - Step 00384: 4960.5200 E_h, exp. variance=18.1058 E_h^2, pmove=0.59
2026-06-09 02:25:28,516 - Step 00385: 4960.2051 E_h, exp. variance=16.7146 E_h^2, pmove=0.59
2026-06-09 02:25:28,838 - Step 00386: 4962.1343 E_h, exp. variance=15.0432 E_h^2, pmove=0.59
2026-06-09 02:25:29,159 - Step 00387: 4961.8877 E_h, exp. variance=13.5449 E_h^2, pmove=0.59
2026-06-09 02:25:29,481 - Step 00388: 4961.2783 E_h, exp. variance=12.2542 E_h^2, pmove=0.59
2026-06-09 02:25:29,808 - Step 00389: 4960.9814 E_h, exp. variance=11.1289 E_h^2, pmove=0.60
2026-06-09 02:25:30,132 - Step 00390: 4962.1250 E_h, exp. variance=10.0194 E_h^2, pmove=0.59
2026-06-09 02:25:30,459 - Step 00391: 4960.6670 E_h, exp. variance=9.1657 E_h^2, pmove=0.59
2026-06-09 02:25:30,786 - Step 00392: 4961.9985 E_h, exp. variance=8.2519 E_h^2, pmove=0.59
2026-06-09 02:25:31,110 - Step 00393: 4961.4395 E_h, exp. variance=7.4411 E_h^2, pmove=0.59
2026-06-09 02:25:31,435 - Step 00394: 4962.0420 E_h, exp. variance=6.7023 E_h^2, pmove=0.59
2026-06-09 02:25:31,763 - Step 00395: 4960.2349 E_h, exp. variance=6.2593 E_h^2, pmove=0.59
2026-06-09 02:25:32,087 - Step 00396: 4955.7441 E_h, exp. variance=8.7885 E_h^2, pmove=0.58
2026-06-09 02:25:32,412 - Step 00397: 4962.2334 E_h, exp. variance=8.0309 E_h^2, pmove=0.59
2026-06-09 02:25:32,733 - Step 00398: 4960.6133 E_h, exp. variance=7.2576 E_h^2, pmove=0.59
2026-06-09 02:25:33,062 - Step 00399: 4960.7656 E_h, exp. variance=6.5439 E_h^2, pmove=0.59
2026-06-09 02:25:33,383 - Step 00400: 4960.5840 E_h, exp. variance=5.9130 E_h^2, pmove=0.59
2026-06-09 02:25:33,709 - Step 00401: 4960.3066 E_h, exp. variance=5.3705 E_h^2, pmove=0.59
2026-06-09 02:25:34,036 - Step 00402: 4959.2617 E_h, exp. variance=5.0960 E_h^2, pmove=0.59
2026-06-09 02:25:34,361 - Step 00403: 4957.9395 E_h, exp. variance=5.3223 E_h^2, pmove=0.58
2026-06-09 02:25:34,686 - Step 00404: 4959.8979 E_h, exp. variance=4.8241 E_h^2, pmove=0.59
2026-06-09 02:25:35,008 - Step 00405: 4957.0522 E_h, exp. variance=5.3814 E_h^2, pmove=0.58
2026-06-09 02:25:35,332 - Step 00406: 4957.5850 E_h, exp. variance=5.4177 E_h^2, pmove=0.59
2026-06-09 02:25:35,652 - Step 00407: 4957.4805 E_h, exp. variance=5.3850 E_h^2, pmove=0.58
2026-06-09 02:25:35,973 - Step 00408: 4958.8813 E_h, exp. variance=4.8958 E_h^2, pmove=0.58
2026-06-09 02:25:36,296 - Step 00409: 4957.6221 E_h, exp. variance=4.7396 E_h^2, pmove=0.58
2026-06-09 02:25:36,621 - Step 00410: 4957.9604 E_h, exp. variance=4.4406 E_h^2, pmove=0.58
2026-06-09 02:25:36,946 - Step 00411: 4957.6064 E_h, exp. variance=4.2294 E_h^2, pmove=0.58
2026-06-09 02:25:37,270 - Step 00412: 4957.3442 E_h, exp. variance=4.0696 E_h^2, pmove=0.58
2026-06-09 02:25:37,591 - Step 00413: 4957.4551 E_h, exp. variance=3.8462 E_h^2, pmove=0.58
2026-06-09 02:25:37,912 - Step 00414: 4957.3916 E_h, exp. variance=3.6253 E_h^2, pmove=0.58
2026-06-09 02:25:38,234 - Step 00415: 4957.2100 E_h, exp. variance=3.4380 E_h^2, pmove=0.58
2026-06-09 02:25:38,556 - Step 00416: 4956.9023 E_h, exp. variance=3.3142 E_h^2, pmove=0.59
2026-06-09 02:25:38,884 - Step 00417: 4957.4375 E_h, exp. variance=3.0512 E_h^2, pmove=0.58
2026-06-09 02:25:39,216 - Step 00418: 4959.7456 E_h, exp. variance=2.9550 E_h^2, pmove=0.59
2026-06-09 02:25:39,547 - Step 00419: 4958.8833 E_h, exp. variance=2.6828 E_h^2, pmove=0.58
2026-06-09 02:25:39,872 - Step 00420: 4915.7568 E_h, exp. variance=166.2682 E_h^2, pmove=0.58
2026-06-09 02:25:40,200 - Step 00421: 4959.4194 E_h, exp. variance=152.1327 E_h^2, pmove=0.58
2026-06-09 02:25:40,524 - Step 00422: 4958.2036 E_h, exp. variance=138.0339 E_h^2, pmove=0.58
2026-06-09 02:25:40,852 - Step 00423: 4959.0986 E_h, exp. variance=125.7155 E_h^2, pmove=0.58
2026-06-09 02:25:41,179 - Step 00424: 4961.5864 E_h, exp. variance=116.5409 E_h^2, pmove=0.57
2026-06-09 02:25:41,503 - Step 00425: 4957.2959 E_h, exp. variance=105.0249 E_h^2, pmove=0.58
2026-06-09 02:25:41,826 - Step 00426: 4957.9980 E_h, exp. variance=94.8195 E_h^2, pmove=0.58
2026-06-09 02:25:42,149 - Step 00427: 4954.4326 E_h, exp. variance=85.6728 E_h^2, pmove=0.58
2026-06-09 02:25:42,472 - Step 00428: 4957.0342 E_h, exp. variance=77.1728 E_h^2, pmove=0.58
2026-06-09 02:25:42,795 - Step 00429: 4956.3931 E_h, exp. variance=69.4572 E_h^2, pmove=0.58
2026-06-09 02:25:43,118 - Step 00430: 4957.4238 E_h, exp. variance=62.6313 E_h^2, pmove=0.57
2026-06-09 02:25:43,440 - Step 00431: 4955.9346 E_h, exp. variance=56.3864 E_h^2, pmove=0.58
2026-06-09 02:25:43,760 - Step 00432: 4956.3760 E_h, exp. variance=50.7479 E_h^2, pmove=0.58
2026-06-09 02:25:44,084 - Step 00433: 4956.9639 E_h, exp. variance=45.7077 E_h^2, pmove=0.58
2026-06-09 02:25:44,407 - Step 00434: 4958.4492 E_h, exp. variance=41.5128 E_h^2, pmove=0.58
2026-06-09 02:25:44,731 - Step 00435: 4956.9600 E_h, exp. variance=37.3725 E_h^2, pmove=0.58
2026-06-09 02:25:45,056 - Step 00436: 4956.6133 E_h, exp. variance=33.6353 E_h^2, pmove=0.57
2026-06-09 02:25:45,378 - Step 00437: 4956.9873 E_h, exp. variance=30.2825 E_h^2, pmove=0.58
2026-06-09 02:25:45,709 - Step 00438: 4955.7764 E_h, exp. variance=27.3272 E_h^2, pmove=0.57
2026-06-09 02:25:46,031 - Step 00439: 4957.0396 E_h, exp. variance=24.6129 E_h^2, pmove=0.59
2026-06-09 02:25:46,353 - Step 00440: 4955.8960 E_h, exp. variance=22.2004 E_h^2, pmove=0.58
2026-06-09 02:25:46,680 - Step 00441: 4956.9429 E_h, exp. variance=19.9937 E_h^2, pmove=0.57
2026-06-09 02:25:47,007 - Step 00442: 4956.1680 E_h, exp. variance=18.0109 E_h^2, pmove=0.57
2026-06-09 02:25:47,333 - Step 00443: 4956.1279 E_h, exp. variance=16.2262 E_h^2, pmove=0.58
2026-06-09 02:25:47,661 - Step 00444: 4955.1113 E_h, exp. variance=14.7800 E_h^2, pmove=0.58
2026-06-09 02:25:47,987 - Step 00445: 4955.3359 E_h, exp. variance=13.3986 E_h^2, pmove=0.57
2026-06-09 02:25:48,310 - Step 00446: 4957.1504 E_h, exp. variance=12.1288 E_h^2, pmove=0.58
2026-06-09 02:25:48,632 - Step 00447: 4958.6270 E_h, exp. variance=11.3799 E_h^2, pmove=0.57
2026-06-09 02:25:48,959 - Step 00448: 4955.9893 E_h, exp. variance=10.2737 E_h^2, pmove=0.57
2026-06-09 02:25:49,282 - Step 00449: 4956.0078 E_h, exp. variance=9.2703 E_h^2, pmove=0.58
2026-06-09 02:25:49,609 - Step 00450: 4955.2393 E_h, exp. variance=8.4800 E_h^2, pmove=0.56
2026-06-09 02:25:49,933 - Step 00451: 4955.7764 E_h, exp. variance=7.6615 E_h^2, pmove=0.57
2026-06-09 02:25:50,260 - Step 00452: 4953.1104 E_h, exp. variance=7.8061 E_h^2, pmove=0.57
2026-06-09 02:25:50,583 - Step 00453: 4956.0693 E_h, exp. variance=7.0264 E_h^2, pmove=0.58
2026-06-09 02:25:50,906 - Step 00454: 4953.6914 E_h, exp. variance=6.7965 E_h^2, pmove=0.57
2026-06-09 02:25:51,230 - Step 00455: 4956.5498 E_h, exp. variance=6.1738 E_h^2, pmove=0.57
2026-06-09 02:25:51,553 - Step 00456: 4956.3711 E_h, exp. variance=5.5824 E_h^2, pmove=0.57
2026-06-09 02:25:51,879 - Step 00457: 4958.1289 E_h, exp. variance=5.4762 E_h^2, pmove=0.57
2026-06-09 02:25:52,201 - Step 00458: 4955.4980 E_h, exp. variance=4.9625 E_h^2, pmove=0.56
2026-06-09 02:25:52,523 - Step 00459: 4956.3032 E_h, exp. variance=4.4720 E_h^2, pmove=0.57
2026-06-09 02:25:52,846 - Step 00460: 4954.8296 E_h, exp. variance=4.1646 E_h^2, pmove=0.57
2026-06-09 02:25:53,170 - Step 00461: 4956.5063 E_h, exp. variance=3.7758 E_h^2, pmove=0.57
2026-06-09 02:25:53,493 - Step 00462: 4954.7979 E_h, exp. variance=3.5298 E_h^2, pmove=0.57
2026-06-09 02:25:53,821 - Step 00463: 4955.0850 E_h, exp. variance=3.2345 E_h^2, pmove=0.58
2026-06-09 02:25:54,144 - Step 00464: 4956.7983 E_h, exp. variance=2.9998 E_h^2, pmove=0.57
2026-06-09 02:25:54,469 - Step 00465: 4954.7969 E_h, exp. variance=2.8103 E_h^2, pmove=0.57
2026-06-09 02:25:54,792 - Step 00466: 4954.0254 E_h, exp. variance=2.8107 E_h^2, pmove=0.57
2026-06-09 02:25:55,119 - Step 00467: 4952.1274 E_h, exp. variance=3.6257 E_h^2, pmove=0.57
2026-06-09 02:25:55,445 - Step 00468: 4953.0137 E_h, exp. variance=3.7205 E_h^2, pmove=0.57
2026-06-09 02:25:55,769 - Step 00469: 4953.2695 E_h, exp. variance=3.6314 E_h^2, pmove=0.56
2026-06-09 02:25:56,095 - Step 00470: 4953.8110 E_h, exp. variance=3.3683 E_h^2, pmove=0.57
2026-06-09 02:25:56,419 - Step 00471: 4954.1011 E_h, exp. variance=3.0705 E_h^2, pmove=0.57
2026-06-09 02:25:56,744 - Step 00472: 4952.3765 E_h, exp. variance=3.2468 E_h^2, pmove=0.57
2026-06-09 02:25:57,069 - Step 00473: 4953.2295 E_h, exp. variance=3.0588 E_h^2, pmove=0.57
2026-06-09 02:25:57,391 - Step 00474: 4953.8125 E_h, exp. variance=2.7778 E_h^2, pmove=0.57
2026-06-09 02:25:57,718 - Step 00475: 4955.8472 E_h, exp. variance=2.7194 E_h^2, pmove=0.57
2026-06-09 02:25:58,041 - Step 00476: 4955.7280 E_h, exp. variance=2.5962 E_h^2, pmove=0.57
2026-06-09 02:25:58,365 - Step 00477: 4955.8330 E_h, exp. variance=2.4800 E_h^2, pmove=0.57
2026-06-09 02:25:58,689 - Step 00478: 4954.4639 E_h, exp. variance=2.2369 E_h^2, pmove=0.56
2026-06-09 02:25:59,010 - Step 00479: 4954.3584 E_h, exp. variance=2.0221 E_h^2, pmove=0.57
2026-06-09 02:25:59,331 - Step 00480: 4954.2461 E_h, exp. variance=1.8340 E_h^2, pmove=0.56
2026-06-09 02:25:59,656 - Step 00481: 4955.9385 E_h, exp. variance=1.8113 E_h^2, pmove=0.57
2026-06-09 02:25:59,979 - Step 00482: 4956.6221 E_h, exp. variance=1.9502 E_h^2, pmove=0.56
2026-06-09 02:26:00,303 - Step 00483: 4957.6421 E_h, exp. variance=2.4197 E_h^2, pmove=0.56
2026-06-09 02:26:00,637 - Step 00484: 4957.7891 E_h, exp. variance=2.7827 E_h^2, pmove=0.56
2026-06-09 02:26:00,961 - Step 00485: 4957.8838 E_h, exp. variance=3.0351 E_h^2, pmove=0.56
2026-06-09 02:26:01,284 - Step 00486: 4958.3799 E_h, exp. variance=3.3788 E_h^2, pmove=0.56
2026-06-09 02:26:01,608 - Step 00487: 4957.4092 E_h, exp. variance=3.2283 E_h^2, pmove=0.56
2026-06-09 02:26:01,931 - Step 00488: 4957.5479 E_h, exp. variance=3.0915 E_h^2, pmove=0.56
2026-06-09 02:26:02,253 - Step 00489: 4955.1035 E_h, exp. variance=2.9014 E_h^2, pmove=0.57
2026-06-09 02:26:02,579 - Step 00490: 4954.8638 E_h, exp. variance=2.7576 E_h^2, pmove=0.57
2026-06-09 02:26:02,907 - Step 00491: 4953.9058 E_h, exp. variance=2.8808 E_h^2, pmove=0.57
2026-06-09 02:26:03,232 - Step 00492: 4955.7832 E_h, exp. variance=2.5927 E_h^2, pmove=0.56
2026-06-09 02:26:03,557 - Step 00493: 4954.7544 E_h, exp. variance=2.4316 E_h^2, pmove=0.56
2026-06-09 02:26:03,882 - Step 00494: 4954.3608 E_h, exp. variance=2.3485 E_h^2, pmove=0.56
2026-06-09 02:26:04,207 - Step 00495: 4955.0771 E_h, exp. variance=2.1347 E_h^2, pmove=0.57
2026-06-09 02:26:04,531 - Step 00496: 4955.9888 E_h, exp. variance=1.9417 E_h^2, pmove=0.56
2026-06-09 02:26:04,859 - Step 00497: 4955.9829 E_h, exp. variance=1.7635 E_h^2, pmove=0.55
2026-06-09 02:26:05,188 - Step 00498: 4954.5264 E_h, exp. variance=1.6914 E_h^2, pmove=0.57
2026-06-09 02:26:05,510 - Step 00499: 4954.5244 E_h, exp. variance=1.6071 E_h^2, pmove=0.56
2026-06-09 02:26:05,836 - Step 00500: 4954.6694 E_h, exp. variance=1.4941 E_h^2, pmove=0.56
2026-06-09 02:26:06,176 - Step 00501: 4955.9492 E_h, exp. variance=1.3798 E_h^2, pmove=0.56
2026-06-09 02:26:06,498 - Step 00502: 4953.2012 E_h, exp. variance=1.6721 E_h^2, pmove=0.56
2026-06-09 02:26:06,823 - Step 00503: 4953.6387 E_h, exp. variance=1.7156 E_h^2, pmove=0.55
2026-06-09 02:26:07,145 - Step 00504: 4955.3906 E_h, exp. variance=1.5567 E_h^2, pmove=0.55
2026-06-09 02:26:07,473 - Step 00505: 4961.7861 E_h, exp. variance=5.4803 E_h^2, pmove=0.56
2026-06-09 02:26:07,809 - Step 00506: 4957.2241 E_h, exp. variance=5.1340 E_h^2, pmove=0.56
2026-06-09 02:26:08,134 - Step 00507: 4958.4946 E_h, exp. variance=5.2373 E_h^2, pmove=0.55
2026-06-09 02:26:08,463 - Step 00508: 4954.3257 E_h, exp. variance=5.0094 E_h^2, pmove=0.56
2026-06-09 02:26:08,792 - Step 00509: 4953.7607 E_h, exp. variance=4.9428 E_h^2, pmove=0.56
2026-06-09 02:26:09,119 - Step 00510: 4953.3003 E_h, exp. variance=4.9832 E_h^2, pmove=0.56
2026-06-09 02:26:09,443 - Step 00511: 4952.3330 E_h, exp. variance=5.3842 E_h^2, pmove=0.56
2026-06-09 02:26:09,771 - Step 00512: 4953.5195 E_h, exp. variance=5.0934 E_h^2, pmove=0.56
2026-06-09 02:26:10,095 - Step 00513: 4952.6279 E_h, exp. variance=5.0957 E_h^2, pmove=0.56
2026-06-09 02:26:10,420 - Step 00514: 4953.7939 E_h, exp. variance=4.6726 E_h^2, pmove=0.55
2026-06-09 02:26:10,742 - Step 00515: 4955.8809 E_h, exp. variance=4.3360 E_h^2, pmove=0.55
2026-06-09 02:26:11,067 - Step 00516: 4953.8223 E_h, exp. variance=3.9878 E_h^2, pmove=0.56
2026-06-09 02:26:11,390 - Step 00517: 4954.3291 E_h, exp. variance=3.6014 E_h^2, pmove=0.56
2026-06-09 02:26:11,712 - Step 00518: 4955.0010 E_h, exp. variance=3.2516 E_h^2, pmove=0.56
2026-06-09 02:26:12,036 - Step 00519: 4954.3218 E_h, exp. variance=2.9390 E_h^2, pmove=0.55
2026-06-09 02:26:12,359 - Step 00520: 4955.2598 E_h, exp. variance=2.6777 E_h^2, pmove=0.56
2026-06-09 02:26:12,685 - Step 00521: 4955.2549 E_h, exp. variance=2.4358 E_h^2, pmove=0.55
2026-06-09 02:26:13,009 - Step 00522: 4955.2627 E_h, exp. variance=2.2139 E_h^2, pmove=0.55
2026-06-09 02:26:13,332 - Step 00523: 4955.7881 E_h, exp. variance=2.0766 E_h^2, pmove=0.56
2026-06-09 02:26:13,659 - Step 00524: 4954.6880 E_h, exp. variance=1.8737 E_h^2, pmove=0.56
2026-06-09 02:26:13,982 - Step 00525: 4953.5596 E_h, exp. variance=1.8469 E_h^2, pmove=0.56
2026-06-09 02:26:14,307 - Step 00526: 4952.8340 E_h, exp. variance=1.9966 E_h^2, pmove=0.56
2026-06-09 02:26:14,632 - Step 00527: 4955.6313 E_h, exp. variance=1.8986 E_h^2, pmove=0.56
2026-06-09 02:26:14,958 - Step 00528: 4957.6797 E_h, exp. variance=2.5211 E_h^2, pmove=0.56
2026-06-09 02:26:15,293 - Step 00529: 4955.2871 E_h, exp. variance=2.2777 E_h^2, pmove=0.55
2026-06-09 02:26:15,623 - Step 00530: 4956.2661 E_h, exp. variance=2.1927 E_h^2, pmove=0.55
2026-06-09 02:26:15,950 - Step 00531: 4955.2593 E_h, exp. variance=1.9748 E_h^2, pmove=0.55
2026-06-09 02:26:16,277 - Step 00532: 4956.1133 E_h, exp. variance=1.8616 E_h^2, pmove=0.55
2026-06-09 02:26:16,604 - Step 00533: 4955.3467 E_h, exp. variance=1.6765 E_h^2, pmove=0.55
2026-06-09 02:26:16,935 - Step 00534: 4955.2642 E_h, exp. variance=1.5088 E_h^2, pmove=0.55
2026-06-09 02:26:17,259 - Step 00535: 4954.6997 E_h, exp. variance=1.3855 E_h^2, pmove=0.55
2026-06-09 02:26:17,582 - Step 00536: 4956.4253 E_h, exp. variance=1.3825 E_h^2, pmove=0.55
2026-06-09 02:26:17,909 - Step 00537: 4954.1929 E_h, exp. variance=1.3587 E_h^2, pmove=0.55
2026-06-09 02:26:18,232 - Step 00538: 4954.7168 E_h, exp. variance=1.2446 E_h^2, pmove=0.55
2026-06-09 02:26:18,559 - Step 00539: 4954.7949 E_h, exp. variance=1.1320 E_h^2, pmove=0.55
2026-06-09 02:26:18,887 - Step 00540: 4954.3115 E_h, exp. variance=1.0780 E_h^2, pmove=0.55
2026-06-09 02:26:19,211 - Step 00541: 4953.9844 E_h, exp. variance=1.0707 E_h^2, pmove=0.55
2026-06-09 02:26:19,537 - Step 00542: 4954.3652 E_h, exp. variance=0.9929 E_h^2, pmove=0.55
2026-06-09 02:26:19,862 - Step 00543: 4954.2012 E_h, exp. variance=0.9349 E_h^2, pmove=0.55
2026-06-09 02:26:20,185 - Step 00544: 4953.1704 E_h, exp. variance=1.0835 E_h^2, pmove=0.54
2026-06-09 02:26:20,511 - Step 00545: 4955.3496 E_h, exp. variance=1.0196 E_h^2, pmove=0.55
2026-06-09 02:26:20,836 - Step 00546: 4952.9980 E_h, exp. variance=1.1835 E_h^2, pmove=0.54
2026-06-09 02:26:21,161 - Step 00547: 4953.4502 E_h, exp. variance=1.1730 E_h^2, pmove=0.55
2026-06-09 02:26:21,486 - Step 00548: 4953.4272 E_h, exp. variance=1.1472 E_h^2, pmove=0.55
2026-06-09 02:26:21,811 - Step 00549: 4953.7744 E_h, exp. variance=1.0608 E_h^2, pmove=0.55
2026-06-09 02:26:22,135 - Step 00550: 4953.5469 E_h, exp. variance=1.0029 E_h^2, pmove=0.55
2026-06-09 02:26:22,463 - Step 00551: 4955.7178 E_h, exp. variance=1.1084 E_h^2, pmove=0.55
2026-06-09 02:26:22,788 - Step 00552: 4956.0552 E_h, exp. variance=1.2572 E_h^2, pmove=0.54
2026-06-09 02:26:23,112 - Step 00553: 4956.0728 E_h, exp. variance=1.3465 E_h^2, pmove=0.55
2026-06-09 02:26:23,441 - Step 00554: 4955.5669 E_h, exp. variance=1.2824 E_h^2, pmove=0.55
2026-06-09 02:26:23,766 - Step 00555: 4952.9805 E_h, exp. variance=1.4424 E_h^2, pmove=0.54
2026-06-09 02:26:24,090 - Step 00556: 4954.9902 E_h, exp. variance=1.3125 E_h^2, pmove=0.56
2026-06-09 02:26:24,414 - Step 00557: 4955.7568 E_h, exp. variance=1.2954 E_h^2, pmove=0.55
2026-06-09 02:26:24,739 - Step 00558: 4956.8418 E_h, exp. variance=1.5620 E_h^2, pmove=0.55
2026-06-09 02:26:25,063 - Step 00559: 4955.9526 E_h, exp. variance=1.4956 E_h^2, pmove=0.55
2026-06-09 02:26:25,389 - Step 00560: 4953.5400 E_h, exp. variance=1.5523 E_h^2, pmove=0.54
2026-06-09 02:26:25,717 - Step 00561: 4950.8379 E_h, exp. variance=2.8838 E_h^2, pmove=0.55
2026-06-09 02:26:26,042 - Step 00562: 4951.2598 E_h, exp. variance=3.5381 E_h^2, pmove=0.55
2026-06-09 02:26:26,366 - Step 00563: 4950.8564 E_h, exp. variance=4.1739 E_h^2, pmove=0.55
2026-06-09 02:26:26,691 - Step 00564: 4954.9878 E_h, exp. variance=3.8749 E_h^2, pmove=0.55
2026-06-09 02:26:27,017 - Step 00565: 4951.8159 E_h, exp. variance=3.8994 E_h^2, pmove=0.54
2026-06-09 02:26:27,348 - Step 00566: 4954.7295 E_h, exp. variance=3.5973 E_h^2, pmove=0.55
2026-06-09 02:26:27,675 - Step 00567: 4952.1719 E_h, exp. variance=3.4881 E_h^2, pmove=0.54
2026-06-09 02:26:28,003 - Step 00568: 4953.7593 E_h, exp. variance=3.1400 E_h^2, pmove=0.55
2026-06-09 02:26:28,329 - Step 00569: 4953.9229 E_h, exp. variance=2.8312 E_h^2, pmove=0.54
2026-06-09 02:26:28,653 - Step 00570: 4955.9678 E_h, exp. variance=3.0084 E_h^2, pmove=0.56
2026-06-09 02:26:28,978 - Step 00571: 4954.0786 E_h, exp. variance=2.7095 E_h^2, pmove=0.54
2026-06-09 02:26:29,301 - Step 00572: 4953.6074 E_h, exp. variance=2.4489 E_h^2, pmove=0.54
2026-06-09 02:26:29,624 - Step 00573: 4954.5859 E_h, exp. variance=2.2448 E_h^2, pmove=0.55
2026-06-09 02:26:29,949 - Step 00574: 4954.7178 E_h, exp. variance=2.0692 E_h^2, pmove=0.54
2026-06-09 02:26:30,272 - Step 00575: 4953.8945 E_h, exp. variance=1.8646 E_h^2, pmove=0.55
2026-06-09 02:26:30,598 - Step 00576: 4953.8506 E_h, exp. variance=1.6813 E_h^2, pmove=0.55
2026-06-09 02:26:30,923 - Step 00577: 4953.6411 E_h, exp. variance=1.5261 E_h^2, pmove=0.54
2026-06-09 02:26:31,250 - Step 00578: 4955.8086 E_h, exp. variance=1.6739 E_h^2, pmove=0.54
2026-06-09 02:26:31,575 - Step 00579: 4954.9355 E_h, exp. variance=1.5601 E_h^2, pmove=0.54
2026-06-09 02:26:31,900 - Step 00580: 4954.3911 E_h, exp. variance=1.4061 E_h^2, pmove=0.54
2026-06-09 02:26:32,227 - Step 00581: 4954.2598 E_h, exp. variance=1.2655 E_h^2, pmove=0.55
2026-06-09 02:26:32,555 - Step 00582: 4953.8149 E_h, exp. variance=1.1565 E_h^2, pmove=0.54
2026-06-09 02:26:32,885 - Step 00583: 4952.7119 E_h, exp. variance=1.2436 E_h^2, pmove=0.54
2026-06-09 02:26:33,214 - Step 00584: 4953.6748 E_h, exp. variance=1.1328 E_h^2, pmove=0.54
2026-06-09 02:26:33,541 - Step 00585: 4953.7129 E_h, exp. variance=1.0283 E_h^2, pmove=0.54
2026-06-09 02:26:33,864 - Step 00586: 4954.3921 E_h, exp. variance=0.9398 E_h^2, pmove=0.55
2026-06-09 02:26:34,190 - Step 00587: 4954.4414 E_h, exp. variance=0.8608 E_h^2, pmove=0.54
2026-06-09 02:26:34,512 - Step 00588: 4952.3145 E_h, exp. variance=1.0534 E_h^2, pmove=0.53
2026-06-09 02:26:34,836 - Step 00589: 4951.8252 E_h, exp. variance=1.3349 E_h^2, pmove=0.54
2026-06-09 02:26:35,159 - Step 00590: 4951.2290 E_h, exp. variance=1.7469 E_h^2, pmove=0.54
2026-06-09 02:26:35,485 - Step 00591: 4955.0283 E_h, exp. variance=1.7979 E_h^2, pmove=0.54
2026-06-09 02:26:35,810 - Step 00592: 4953.7759 E_h, exp. variance=1.6208 E_h^2, pmove=0.54
2026-06-09 02:26:36,131 - Step 00593: 4955.4951 E_h, exp. variance=1.7751 E_h^2, pmove=0.54
2026-06-09 02:26:36,455 - Step 00594: 4953.3516 E_h, exp. variance=1.6163 E_h^2, pmove=0.54
2026-06-09 02:26:36,778 - Step 00595: 4954.5527 E_h, exp. variance=1.5109 E_h^2, pmove=0.55
2026-06-09 02:26:37,101 - Step 00596: 4953.5039 E_h, exp. variance=1.3701 E_h^2, pmove=0.54
2026-06-09 02:26:37,434 - Step 00597: 4954.3916 E_h, exp. variance=1.2638 E_h^2, pmove=0.54
2026-06-09 02:26:37,764 - Step 00598: 4954.2363 E_h, exp. variance=1.1497 E_h^2, pmove=0.54
2026-06-09 02:26:38,087 - Step 00599: 4953.4775 E_h, exp. variance=1.0511 E_h^2, pmove=0.54
2026-06-09 02:26:38,417 - Step 00600: 4952.4658 E_h, exp. variance=1.1211 E_h^2, pmove=0.54
2026-06-09 02:26:38,745 - Step 00601: 4952.2275 E_h, exp. variance=1.2098 E_h^2, pmove=0.54
2026-06-09 02:26:39,069 - Step 00602: 4952.6904 E_h, exp. variance=1.1587 E_h^2, pmove=0.54
2026-06-09 02:26:39,392 - Step 00603: 4950.7935 E_h, exp. variance=1.6941 E_h^2, pmove=0.55
2026-06-09 02:26:39,714 - Step 00604: 4952.8389 E_h, exp. variance=1.5374 E_h^2, pmove=0.55
2026-06-09 02:26:40,037 - Step 00605: 4950.6562 E_h, exp. variance=1.9554 E_h^2, pmove=0.55
2026-06-09 02:26:40,358 - Step 00606: 4950.9966 E_h, exp. variance=2.0945 E_h^2, pmove=0.54
2026-06-09 02:26:40,682 - Step 00607: 4949.9502 E_h, exp. variance=2.5814 E_h^2, pmove=0.54
2026-06-09 02:26:41,007 - Step 00608: 4951.6938 E_h, exp. variance=2.3753 E_h^2, pmove=0.54
2026-06-09 02:26:41,332 - Step 00609: 4952.5469 E_h, exp. variance=2.1403 E_h^2, pmove=0.53
2026-06-09 02:26:41,653 - Step 00610: 4952.6147 E_h, exp. variance=1.9306 E_h^2, pmove=0.54
2026-06-09 02:26:41,976 - Step 00611: 4953.3267 E_h, exp. variance=1.8121 E_h^2, pmove=0.54
2026-06-09 02:26:42,297 - Step 00612: 4953.1553 E_h, exp. variance=1.6687 E_h^2, pmove=0.54
2026-06-09 02:26:42,621 - Step 00613: 4952.5278 E_h, exp. variance=1.5020 E_h^2, pmove=0.54
2026-06-09 02:26:42,948 - Step 00614: 4953.1523 E_h, exp. variance=1.3826 E_h^2, pmove=0.54
2026-06-09 02:26:43,276 - Step 00615: 4953.2441 E_h, exp. variance=1.2786 E_h^2, pmove=0.55
2026-06-09 02:26:43,599 - Step 00616: 4952.6172 E_h, exp. variance=1.1512 E_h^2, pmove=0.54
2026-06-09 02:26:43,923 - Step 00617: 4952.4312 E_h, exp. variance=1.0417 E_h^2, pmove=0.54
2026-06-09 02:26:44,251 - Step 00618: 4952.3320 E_h, exp. variance=0.9470 E_h^2, pmove=0.54
2026-06-09 02:26:44,574 - Step 00619: 4953.2520 E_h, exp. variance=0.8878 E_h^2, pmove=0.54
2026-06-09 02:26:44,900 - Step 00620: 4952.8975 E_h, exp. variance=0.8030 E_h^2, pmove=0.53
2026-06-09 02:26:45,222 - Step 00621: 4947.6143 E_h, exp. variance=3.0579 E_h^2, pmove=0.53
2026-06-09 02:26:45,548 - Step 00622: 4953.1562 E_h, exp. variance=2.8346 E_h^2, pmove=0.53
2026-06-09 02:26:45,872 - Step 00623: 4950.9097 E_h, exp. variance=2.7237 E_h^2, pmove=0.54
2026-06-09 02:26:46,198 - Step 00624: 4951.8525 E_h, exp. variance=2.4596 E_h^2, pmove=0.54
2026-06-09 02:26:46,524 - Step 00625: 4950.3955 E_h, exp. variance=2.4830 E_h^2, pmove=0.53
2026-06-09 02:26:46,848 - Step 00626: 4952.0923 E_h, exp. variance=2.2365 E_h^2, pmove=0.54
2026-06-09 02:26:47,178 - Step 00627: 4954.6123 E_h, exp. variance=2.6427 E_h^2, pmove=0.53
2026-06-09 02:26:47,516 - Step 00628: 4953.0459 E_h, exp. variance=2.4381 E_h^2, pmove=0.53
2026-06-09 02:26:47,843 - Step 00629: 4956.0503 E_h, exp. variance=3.4514 E_h^2, pmove=0.54
2026-06-09 02:26:48,167 - Step 00630: 4955.0830 E_h, exp. variance=3.6231 E_h^2, pmove=0.53
2026-06-09 02:26:48,491 - Step 00631: 4953.5776 E_h, exp. variance=3.2990 E_h^2, pmove=0.54
2026-06-09 02:26:48,813 - Step 00632: 4953.6660 E_h, exp. variance=3.0101 E_h^2, pmove=0.53
2026-06-09 02:26:49,142 - Step 00633: 4954.2324 E_h, exp. variance=2.8331 E_h^2, pmove=0.53
2026-06-09 02:26:49,469 - Step 00634: 4955.4092 E_h, exp. variance=2.9987 E_h^2, pmove=0.54
2026-06-09 02:26:49,794 - Step 00635: 4951.4707 E_h, exp. variance=3.0335 E_h^2, pmove=0.53
2026-06-09 02:26:50,118 - Step 00636: 4954.7993 E_h, exp. variance=2.9586 E_h^2, pmove=0.54
2026-06-09 02:26:50,444 - Step 00637: 4950.3486 E_h, exp. variance=3.4817 E_h^2, pmove=0.53
2026-06-09 02:26:50,768 - Step 00638: 4953.3818 E_h, exp. variance=3.1427 E_h^2, pmove=0.54
2026-06-09 02:26:51,092 - Step 00639: 4950.5488 E_h, exp. variance=3.4120 E_h^2, pmove=0.53
2026-06-09 02:26:51,420 - Step 00640: 4952.8281 E_h, exp. variance=3.0708 E_h^2, pmove=0.54
2026-06-09 02:26:51,744 - Step 00641: 4952.0913 E_h, exp. variance=2.8141 E_h^2, pmove=0.53
2026-06-09 02:26:52,068 - Step 00642: 4950.9443 E_h, exp. variance=2.8309 E_h^2, pmove=0.53
2026-06-09 02:26:52,396 - Step 00643: 4950.0127 E_h, exp. variance=3.1421 E_h^2, pmove=0.53
2026-06-09 02:26:52,719 - Step 00644: 4952.4307 E_h, exp. variance=2.8289 E_h^2, pmove=0.53
2026-06-09 02:26:53,043 - Step 00645: 4953.6152 E_h, exp. variance=2.6933 E_h^2, pmove=0.53
2026-06-09 02:26:53,366 - Step 00646: 4955.0693 E_h, exp. variance=3.0350 E_h^2, pmove=0.53
2026-06-09 02:26:54,019 - Step 00647: 4952.3984 E_h, exp. variance=2.7410 E_h^2, pmove=0.54
2026-06-09 02:26:54,345 - Step 00648: 4953.2754 E_h, exp. variance=2.4976 E_h^2, pmove=0.53
2026-06-09 02:26:54,672 - Step 00649: 4953.0493 E_h, exp. variance=2.2559 E_h^2, pmove=0.53
2026-06-09 02:26:55,000 - Step 00650: 4953.6855 E_h, exp. variance=2.1041 E_h^2, pmove=0.53
2026-06-09 02:26:55,325 - Step 00651: 4954.8867 E_h, exp. variance=2.2597 E_h^2, pmove=0.53
2026-06-09 02:26:55,650 - Step 00652: 4954.3179 E_h, exp. variance=2.1735 E_h^2, pmove=0.53
2026-06-09 02:26:55,976 - Step 00653: 4953.4082 E_h, exp. variance=1.9602 E_h^2, pmove=0.53
2026-06-09 02:26:56,301 - Step 00654: 4951.8506 E_h, exp. variance=1.9323 E_h^2, pmove=0.54
2026-06-09 02:26:56,626 - Step 00655: 4952.6260 E_h, exp. variance=1.7576 E_h^2, pmove=0.53
2026-06-09 02:26:56,950 - Step 00656: 4953.5220 E_h, exp. variance=1.6032 E_h^2, pmove=0.53
2026-06-09 02:26:57,272 - Step 00657: 4952.6270 E_h, exp. variance=1.4617 E_h^2, pmove=0.54
2026-06-09 02:26:57,594 - Step 00658: 4953.6641 E_h, exp. variance=1.3508 E_h^2, pmove=0.53
2026-06-09 02:26:57,918 - Step 00659: 4953.7422 E_h, exp. variance=1.2528 E_h^2, pmove=0.53
2026-06-09 02:26:58,241 - Step 00660: 4952.7256 E_h, exp. variance=1.1448 E_h^2, pmove=0.54
2026-06-09 02:26:58,565 - Step 00661: 4953.0420 E_h, exp. variance=1.0309 E_h^2, pmove=0.53
2026-06-09 02:26:58,888 - Step 00662: 4953.1572 E_h, exp. variance=0.9280 E_h^2, pmove=0.54
2026-06-09 02:26:59,211 - Step 00663: 4951.8745 E_h, exp. variance=0.9742 E_h^2, pmove=0.53
2026-06-09 02:26:59,536 - Step 00664: 4952.4014 E_h, exp. variance=0.9083 E_h^2, pmove=0.53
2026-06-09 02:26:59,859 - Step 00665: 4952.4927 E_h, exp. variance=0.8350 E_h^2, pmove=0.53
2026-06-09 02:27:00,185 - Step 00666: 4952.9888 E_h, exp. variance=0.7524 E_h^2, pmove=0.54
2026-06-09 02:27:00,510 - Step 00667: 4953.4985 E_h, exp. variance=0.7094 E_h^2, pmove=0.53
2026-06-09 02:27:00,839 - Step 00668: 4953.1211 E_h, exp. variance=0.6408 E_h^2, pmove=0.53
2026-06-09 02:27:01,165 - Step 00669: 4952.1738 E_h, exp. variance=0.6346 E_h^2, pmove=0.53
2026-06-09 02:27:01,491 - Step 00670: 4952.0635 E_h, exp. variance=0.6335 E_h^2, pmove=0.53
2026-06-09 02:27:01,815 - Step 00671: 4952.6475 E_h, exp. variance=0.5726 E_h^2, pmove=0.54
2026-06-09 02:27:02,139 - Step 00672: 4952.2930 E_h, exp. variance=0.5381 E_h^2, pmove=0.54
2026-06-09 02:27:02,462 - Step 00673: 4954.6411 E_h, exp. variance=0.8077 E_h^2, pmove=0.53
2026-06-09 02:27:02,786 - Step 00674: 4952.8271 E_h, exp. variance=0.7280 E_h^2, pmove=0.52
2026-06-09 02:27:03,112 - Step 00675: 4953.2227 E_h, exp. variance=0.6632 E_h^2, pmove=0.53
2026-06-09 02:27:03,440 - Step 00676: 4952.8276 E_h, exp. variance=0.5983 E_h^2, pmove=0.53
2026-06-09 02:27:03,768 - Step 00677: 4951.9194 E_h, exp. variance=0.6325 E_h^2, pmove=0.53
2026-06-09 02:27:04,095 - Step 00678: 4950.1885 E_h, exp. variance=1.2017 E_h^2, pmove=0.54
2026-06-09 02:27:04,422 - Step 00679: 4952.3652 E_h, exp. variance=1.0854 E_h^2, pmove=0.53
2026-06-09 02:27:04,747 - Step 00680: 4953.2627 E_h, exp. variance=1.0222 E_h^2, pmove=0.53
2026-06-09 02:27:05,075 - Step 00681: 4951.7422 E_h, exp. variance=0.9900 E_h^2, pmove=0.53
2026-06-09 02:27:05,404 - Step 00682: 4951.9727 E_h, exp. variance=0.9195 E_h^2, pmove=0.53
2026-06-09 02:27:05,729 - Step 00683: 4952.7168 E_h, exp. variance=0.8326 E_h^2, pmove=0.53
2026-06-09 02:27:06,053 - Step 00684: 4951.9712 E_h, exp. variance=0.7748 E_h^2, pmove=0.53
2026-06-09 02:27:06,377 - Step 00685: 4951.8472 E_h, exp. variance=0.7301 E_h^2, pmove=0.53
2026-06-09 02:27:06,702 - Step 00686: 4952.0342 E_h, exp. variance=0.6684 E_h^2, pmove=0.53
2026-06-09 02:27:07,028 - Step 00687: 4953.1182 E_h, exp. variance=0.6542 E_h^2, pmove=0.53
2026-06-09 02:27:07,367 - Step 00688: 4950.2495 E_h, exp. variance=1.0169 E_h^2, pmove=0.54
2026-06-09 02:27:07,703 - Step 00689: 4951.7358 E_h, exp. variance=0.9357 E_h^2, pmove=0.53
2026-06-09 02:27:08,032 - Step 00690: 4953.0635 E_h, exp. variance=0.9148 E_h^2, pmove=0.53
2026-06-09 02:27:08,358 - Step 00691: 4952.6934 E_h, exp. variance=0.8407 E_h^2, pmove=0.53
2026-06-09 02:27:08,686 - Step 00692: 4950.7051 E_h, exp. variance=0.9851 E_h^2, pmove=0.53
2026-06-09 02:27:09,013 - Step 00693: 4951.4604 E_h, exp. variance=0.9280 E_h^2, pmove=0.53
2026-06-09 02:27:09,339 - Step 00694: 4950.0981 E_h, exp. variance=1.1856 E_h^2, pmove=0.53
2026-06-09 02:27:09,664 - Step 00695: 4952.8936 E_h, exp. variance=1.1606 E_h^2, pmove=0.53
2026-06-09 02:27:09,988 - Step 00696: 4950.2588 E_h, exp. variance=1.3100 E_h^2, pmove=0.53
2026-06-09 02:27:10,312 - Step 00697: 4953.8125 E_h, exp. variance=1.5420 E_h^2, pmove=0.53
2026-06-09 02:27:10,637 - Step 00698: 4952.9141 E_h, exp. variance=1.4622 E_h^2, pmove=0.53
2026-06-09 02:27:10,962 - Step 00699: 4952.1079 E_h, exp. variance=1.3160 E_h^2, pmove=0.52
2026-06-09 02:27:11,290 - Step 00700: 4949.6240 E_h, exp. variance=1.7346 E_h^2, pmove=0.52
2026-06-09 02:27:11,614 - Step 00701: 4951.5137 E_h, exp. variance=1.5713 E_h^2, pmove=0.53
2026-06-09 02:27:11,937 - Step 00702: 4951.3984 E_h, exp. variance=1.4299 E_h^2, pmove=0.53
2026-06-09 02:27:12,261 - Step 00703: 4952.5249 E_h, exp. variance=1.3376 E_h^2, pmove=0.52
2026-06-09 02:27:12,589 - Step 00704: 4952.4243 E_h, exp. variance=1.2335 E_h^2, pmove=0.53
2026-06-09 02:27:12,914 - Step 00705: 4951.7090 E_h, exp. variance=1.1137 E_h^2, pmove=0.53
2026-06-09 02:27:13,238 - Step 00706: 4953.7803 E_h, exp. variance=1.3249 E_h^2, pmove=0.52
2026-06-09 02:27:13,566 - Step 00707: 4956.4229 E_h, exp. variance=2.8924 E_h^2, pmove=0.52
2026-06-09 02:27:13,893 - Step 00708: 5680.9043 E_h, exp. variance=47752.6836 E_h^2, pmove=0.53
2026-06-09 02:27:14,221 - Step 00709: 4971.3833 E_h, exp. variance=43239.5352 E_h^2, pmove=0.52
2026-06-09 02:27:14,548 - Step 00710: 4934.0337 E_h, exp. variance=39579.9883 E_h^2, pmove=0.53
2026-06-09 02:27:14,878 - Step 00711: 4967.8008 E_h, exp. variance=35792.7734 E_h^2, pmove=0.52
2026-06-09 02:27:15,203 - Step 00712: 4958.2959 E_h, exp. variance=32427.0371 E_h^2, pmove=0.52
2026-06-09 02:27:15,529 - Step 00713: 5284.2832 E_h, exp. variance=36349.0039 E_h^2, pmove=0.53
2026-06-09 02:27:15,855 - Step 00714: 4971.3306 E_h, exp. variance=33027.6016 E_h^2, pmove=0.52
2026-06-09 02:27:16,179 - Step 00715: 4926.9902 E_h, exp. variance=30579.6641 E_h^2, pmove=0.53
2026-06-09 02:27:16,508 - Step 00716: 4985.2969 E_h, exp. variance=27599.5215 E_h^2, pmove=0.53
2026-06-09 02:27:16,835 - Step 00717: 4934.1318 E_h, exp. variance=25381.9512 E_h^2, pmove=0.53
2026-06-09 02:27:17,159 - Step 00718: 4943.0293 E_h, exp. variance=23178.3125 E_h^2, pmove=0.53
2026-06-09 02:27:17,486 - Step 00719: 4955.1689 E_h, exp. variance=21024.8301 E_h^2, pmove=0.52
2026-06-09 02:27:17,816 - Step 00720: 4954.0312 E_h, exp. variance=19063.4609 E_h^2, pmove=0.52
2026-06-09 02:27:18,142 - Step 00721: 4963.1235 E_h, exp. variance=17220.5352 E_h^2, pmove=0.52
2026-06-09 02:27:18,469 - Step 00722: 10028.2139 E_h, exp. variance=2302730.5000 E_h^2, pmove=0.52
2026-06-09 02:27:18,793 - Step 00723: 4883.0146 E_h, exp. variance=2105740.2500 E_h^2, pmove=0.51
2026-06-09 02:27:19,118 - Step 00724: 4956.7271 E_h, exp. variance=1915352.5000 E_h^2, pmove=0.52
2026-06-09 02:27:19,443 - Step 00725: 5019.6582 E_h, exp. variance=1735696.3750 E_h^2, pmove=0.52
2026-06-09 02:27:19,772 - Step 00726: 4960.2686 E_h, exp. variance=1575561.6250 E_h^2, pmove=0.52
2026-06-09 02:27:20,099 - Step 00727: 4966.3403 E_h, exp. variance=1428511.0000 E_h^2, pmove=0.52
2026-06-09 02:27:20,440 - Step 00728: 4968.7373 E_h, exp. variance=1294037.2500 E_h^2, pmove=0.52
2026-06-09 02:27:20,767 - Step 00729: 4961.4219 E_h, exp. variance=1171785.6250 E_h^2, pmove=0.52
2026-06-09 02:27:21,104 - Step 00730: 4931.7900 E_h, exp. variance=1061832.5000 E_h^2, pmove=0.52
2026-06-09 02:27:21,437 - Step 00731: 4959.7153 E_h, exp. variance=960290.1875 E_h^2, pmove=0.51
2026-06-09 02:27:21,765 - Step 00732: 4959.8081 E_h, exp. variance=868016.9375 E_h^2, pmove=0.52
2026-06-09 02:27:22,097 - Step 00733: 4957.2349 E_h, exp. variance=784343.1875 E_h^2, pmove=0.51
2026-06-09 02:27:22,439 - Step 00734: 4960.3408 E_h, exp. variance=708349.5625 E_h^2, pmove=0.52
2026-06-09 02:27:22,771 - Step 00735: 4957.1250 E_h, exp. variance=639578.3125 E_h^2, pmove=0.52
2026-06-09 02:27:23,101 - Step 00736: 4956.8730 E_h, exp. variance=577298.2500 E_h^2, pmove=0.52
2026-06-09 02:27:23,426 - Step 00737: 4955.2515 E_h, exp. variance=520963.5312 E_h^2, pmove=0.51
2026-06-09 02:27:23,756 - Step 00738: 4950.4897 E_h, exp. variance=470095.2812 E_h^2, pmove=0.52
2026-06-09 02:27:24,085 - Step 00739: 4954.7930 E_h, exp. variance=424000.7188 E_h^2, pmove=0.52
2026-06-09 02:27:24,415 - Step 00740: 4954.3262 E_h, exp. variance=382349.4375 E_h^2, pmove=0.52
2026-06-09 02:27:24,749 - Step 00741: 4949.0669 E_h, exp. variance=344801.2188 E_h^2, pmove=0.52
2026-06-09 02:27:25,077 - Step 00742: 4955.6074 E_h, exp. variance=310788.6250 E_h^2, pmove=0.53
2026-06-09 02:27:25,411 - Step 00743: 4954.7383 E_h, exp. variance=280098.6562 E_h^2, pmove=0.52
2026-06-09 02:27:25,743 - Step 00744: 4951.0527 E_h, exp. variance=252444.2812 E_h^2, pmove=0.51
2026-06-09 02:27:26,072 - Step 00745: 4954.3535 E_h, exp. variance=227455.1875 E_h^2, pmove=0.53
2026-06-09 02:27:26,403 - Step 00746: 4953.5029 E_h, exp. variance=204923.8906 E_h^2, pmove=0.52
2026-06-09 02:27:26,731 - Step 00747: 4953.2637 E_h, exp. variance=184606.9062 E_h^2, pmove=0.52
2026-06-09 02:27:27,060 - Step 00748: 4951.7310 E_h, exp. variance=166299.4844 E_h^2, pmove=0.52
2026-06-09 02:27:27,394 - Step 00749: 4953.7817 E_h, exp. variance=149780.3438 E_h^2, pmove=0.53
2026-06-09 02:27:27,721 - Step 00750: 4953.3018 E_h, exp. variance=134894.8125 E_h^2, pmove=0.51
2026-06-09 02:27:28,049 - Step 00751: 4954.6855 E_h, exp. variance=121473.2500 E_h^2, pmove=0.52
2026-06-09 02:27:28,374 - Step 00752: 4954.1250 E_h, exp. variance=109383.4609 E_h^2, pmove=0.52
2026-06-09 02:27:28,704 - Step 00753: 4954.6553 E_h, exp. variance=98489.5703 E_h^2, pmove=0.52
2026-06-09 02:27:29,476 - Step 00754: 4954.7549 E_h, exp. variance=88676.2578 E_h^2, pmove=0.52
2026-06-09 02:27:29,808 - Step 00755: 4954.5586 E_h, exp. variance=79838.1484 E_h^2, pmove=0.53
2026-06-09 02:27:30,139 - Step 00756: 4954.8506 E_h, exp. variance=71877.3906 E_h^2, pmove=0.52
2026-06-09 02:27:30,470 - Step 00757: 4955.4824 E_h, exp. variance=64706.7227 E_h^2, pmove=0.52
2026-06-09 02:27:30,798 - Step 00758: 4955.6836 E_h, exp. variance=58249.4336 E_h^2, pmove=0.52
2026-06-09 02:27:31,127 - Step 00759: 4958.8828 E_h, exp. variance=52429.9297 E_h^2, pmove=0.52
2026-06-09 02:27:31,453 - Step 00760: 4956.3652 E_h, exp. variance=47195.0859 E_h^2, pmove=0.52
2026-06-09 02:27:31,783 - Step 00761: 4952.8018 E_h, exp. variance=42488.8125 E_h^2, pmove=0.52
2026-06-09 02:27:32,112 - Step 00762: 4950.2676 E_h, exp. variance=38256.2109 E_h^2, pmove=0.52
2026-06-09 02:27:32,443 - Step 00763: 4953.7393 E_h, exp. variance=34437.2969 E_h^2, pmove=0.52
2026-06-09 02:27:32,770 - Step 00764: 4951.6357 E_h, exp. variance=31002.3379 E_h^2, pmove=0.52
2026-06-09 02:27:33,098 - Step 00765: 4953.2334 E_h, exp. variance=27906.8848 E_h^2, pmove=0.52
2026-06-09 02:27:33,428 - Step 00766: 4954.6318 E_h, exp. variance=25118.5938 E_h^2, pmove=0.52
2026-06-09 02:27:33,757 - Step 00767: 4953.6606 E_h, exp. variance=22609.5723 E_h^2, pmove=0.52
2026-06-09 02:27:34,084 - Step 00768: 4950.5850 E_h, exp. variance=20354.5625 E_h^2, pmove=0.52
2026-06-09 02:27:34,412 - Step 00769: 4953.6699 E_h, exp. variance=18320.7168 E_h^2, pmove=0.52
2026-06-09 02:27:34,739 - Step 00770: 4951.6328 E_h, exp. variance=16491.7207 E_h^2, pmove=0.52
2026-06-09 02:27:35,069 - Step 00771: 4951.4565 E_h, exp. variance=14845.2100 E_h^2, pmove=0.52
2026-06-09 02:27:35,414 - Step 00772: 4952.8296 E_h, exp. variance=13361.8037 E_h^2, pmove=0.52
2026-06-09 02:27:35,749 - Step 00773: 4952.8691 E_h, exp. variance=12026.5049 E_h^2, pmove=0.52
2026-06-09 02:27:36,081 - Step 00774: 4953.7158 E_h, exp. variance=10824.2031 E_h^2, pmove=0.52
2026-06-09 02:27:36,413 - Step 00775: 4954.3379 E_h, exp. variance=9741.9023 E_h^2, pmove=0.51
2026-06-09 02:27:36,745 - Step 00776: 4952.9077 E_h, exp. variance=8768.2588 E_h^2, pmove=0.52
2026-06-09 02:27:37,074 - Step 00777: 4951.8018 E_h, exp. variance=7892.4277 E_h^2, pmove=0.51
2026-06-09 02:27:37,405 - Step 00778: 4950.6084 E_h, exp. variance=7104.7617 E_h^2, pmove=0.51
2026-06-09 02:27:37,733 - Step 00779: 4951.3032 E_h, exp. variance=6395.1348 E_h^2, pmove=0.52
2026-06-09 02:27:38,059 - Step 00780: 4954.4727 E_h, exp. variance=5755.6357 E_h^2, pmove=0.52
2026-06-09 02:27:38,385 - Step 00781: 4952.1855 E_h, exp. variance=5180.4053 E_h^2, pmove=0.53
2026-06-09 02:27:38,711 - Step 00782: 4950.4863 E_h, exp. variance=4663.4238 E_h^2, pmove=0.52
2026-06-09 02:27:39,038 - Step 00783: 4952.9492 E_h, exp. variance=4197.1167 E_h^2, pmove=0.52
2026-06-09 02:27:39,366 - Step 00784: 4952.4092 E_h, exp. variance=3777.5144 E_h^2, pmove=0.52
2026-06-09 02:27:39,694 - Step 00785: 4953.4434 E_h, exp. variance=3399.7632 E_h^2, pmove=0.52
2026-06-09 02:27:40,019 - Step 00786: 4952.8486 E_h, exp. variance=3059.8147 E_h^2, pmove=0.51
2026-06-09 02:27:40,348 - Step 00787: 4955.5894 E_h, exp. variance=2754.2849 E_h^2, pmove=0.52
2026-06-09 02:27:40,678 - Step 00788: 4953.3521 E_h, exp. variance=2478.8608 E_h^2, pmove=0.52
2026-06-09 02:27:41,006 - Step 00789: 4957.2661 E_h, exp. variance=2232.2168 E_h^2, pmove=0.52
2026-06-09 02:27:41,333 - Step 00790: 4952.8359 E_h, exp. variance=2009.1014 E_h^2, pmove=0.51
2026-06-09 02:27:41,662 - Step 00791: 4954.4067 E_h, exp. variance=1808.2229 E_h^2, pmove=0.52
2026-06-09 02:27:41,991 - Step 00792: 4953.2500 E_h, exp. variance=1627.4355 E_h^2, pmove=0.51
2026-06-09 02:27:42,318 - Step 00793: 4952.7236 E_h, exp. variance=1464.7983 E_h^2, pmove=0.52
2026-06-09 02:27:42,651 - Step 00794: 4953.5024 E_h, exp. variance=1318.3221 E_h^2, pmove=0.52
2026-06-09 02:27:42,981 - Step 00795: 4953.4395 E_h, exp. variance=1186.4951 E_h^2, pmove=0.52
2026-06-09 02:27:43,310 - Step 00796: 4952.7285 E_h, exp. variance=1067.9232 E_h^2, pmove=0.52
2026-06-09 02:27:43,639 - Step 00797: 4951.9624 E_h, exp. variance=961.3619 E_h^2, pmove=0.51
2026-06-09 02:27:43,966 - Step 00798: 4950.8818 E_h, exp. variance=865.7984 E_h^2, pmove=0.52
2026-06-09 02:27:44,293 - Step 00799: 4952.7852 E_h, exp. variance=779.2307 E_h^2, pmove=0.52
2026-06-09 02:27:44,622 - Step 00800: 4951.7637 E_h, exp. variance=701.4720 E_h^2, pmove=0.52
2026-06-09 02:27:44,949 - Step 00801: 4953.3535 E_h, exp. variance=631.3373 E_h^2, pmove=0.52
2026-06-09 02:27:45,279 - Step 00802: 4950.9468 E_h, exp. variance=568.5895 E_h^2, pmove=0.52
2026-06-09 02:27:45,609 - Step 00803: 4953.8027 E_h, exp. variance=511.8192 E_h^2, pmove=0.52
2026-06-09 02:27:45,940 - Step 00804: 4952.9810 E_h, exp. variance=460.6377 E_h^2, pmove=0.52
2026-06-09 02:27:46,269 - Step 00805: 4953.9395 E_h, exp. variance=414.6680 E_h^2, pmove=0.53
2026-06-09 02:27:46,599 - Step 00806: 4952.6748 E_h, exp. variance=373.2119 E_h^2, pmove=0.52
2026-06-09 02:27:46,926 - Step 00807: 4954.0303 E_h, exp. variance=335.9892 E_h^2, pmove=0.52
2026-06-09 02:27:47,255 - Step 00808: 4954.5176 E_h, exp. variance=302.5740 E_h^2, pmove=0.52
2026-06-09 02:27:47,587 - Step 00809: 4955.2666 E_h, exp. variance=272.6892 E_h^2, pmove=0.52
2026-06-09 02:27:47,916 - Step 00810: 4952.7510 E_h, exp. variance=245.4624 E_h^2, pmove=0.52
2026-06-09 02:27:48,246 - Step 00811: 4952.5830 E_h, exp. variance=220.9715 E_h^2, pmove=0.52
2026-06-09 02:27:48,576 - Step 00812: 4952.7886 E_h, exp. variance=198.8969 E_h^2, pmove=0.51
2026-06-09 02:27:48,904 - Step 00813: 4949.4790 E_h, exp. variance=180.2794 E_h^2, pmove=0.52
2026-06-09 02:27:49,232 - Step 00814: 4952.4482 E_h, exp. variance=162.2669 E_h^2, pmove=0.52
2026-06-09 02:27:49,562 - Step 00815: 4951.7520 E_h, exp. variance=146.1432 E_h^2, pmove=0.51
2026-06-09 02:27:49,888 - Step 00816: 4951.8374 E_h, exp. variance=131.5981 E_h^2, pmove=0.52
2026-06-09 02:27:50,213 - Step 00817: 4952.5010 E_h, exp. variance=118.4397 E_h^2, pmove=0.51
2026-06-09 02:27:50,540 - Step 00818: 4952.0225 E_h, exp. variance=106.6272 E_h^2, pmove=0.52
2026-06-09 02:27:50,869 - Step 00819: 4950.3994 E_h, exp. variance=96.3825 E_h^2, pmove=0.52
2026-06-09 02:27:51,205 - Step 00820: 4951.9053 E_h, exp. variance=86.7612 E_h^2, pmove=0.52
2026-06-09 02:27:51,536 - Step 00821: 4951.3638 E_h, exp. variance=78.1633 E_h^2, pmove=0.51
2026-06-09 02:27:51,867 - Step 00822: 4952.5254 E_h, exp. variance=70.3563 E_h^2, pmove=0.52
2026-06-09 02:27:52,202 - Step 00823: 4951.0347 E_h, exp. variance=63.4503 E_h^2, pmove=0.51
2026-06-09 02:27:52,537 - Step 00824: 4952.0664 E_h, exp. variance=57.1055 E_h^2, pmove=0.52
2026-06-09 02:27:52,866 - Step 00825: 4951.1396 E_h, exp. variance=51.4797 E_h^2, pmove=0.51
2026-06-09 02:27:53,192 - Step 00826: 4952.1768 E_h, exp. variance=46.3341 E_h^2, pmove=0.51
2026-06-09 02:27:53,518 - Step 00827: 4954.0522 E_h, exp. variance=42.0690 E_h^2, pmove=0.52
2026-06-09 02:27:53,844 - Step 00828: 4953.5039 E_h, exp. variance=38.0078 E_h^2, pmove=0.51
2026-06-09 02:27:54,175 - Step 00829: 4955.0449 E_h, exp. variance=34.8564 E_h^2, pmove=0.52
2026-06-09 02:27:54,503 - Step 00830: 4951.9492 E_h, exp. variance=31.4121 E_h^2, pmove=0.52
2026-06-09 02:27:54,834 - Step 00831: 4953.6826 E_h, exp. variance=28.3844 E_h^2, pmove=0.51
2026-06-09 02:27:55,165 - Step 00832: 4952.5864 E_h, exp. variance=25.5467 E_h^2, pmove=0.52
2026-06-09 02:27:55,497 - Step 00833: 4954.6431 E_h, exp. variance=23.3448 E_h^2, pmove=0.52
2026-06-09 02:27:55,825 - Step 00834: 4952.6904 E_h, exp. variance=21.0130 E_h^2, pmove=0.52
2026-06-09 02:27:56,157 - Step 00835: 4954.8711 E_h, exp. variance=19.2814 E_h^2, pmove=0.52
2026-06-09 02:27:56,485 - Step 00836: 4954.1636 E_h, exp. variance=17.4655 E_h^2, pmove=0.52
2026-06-09 02:27:56,819 - Step 00837: 4951.4375 E_h, exp. variance=15.9856 E_h^2, pmove=0.51
2026-06-09 02:27:57,148 - Step 00838: 4954.6465 E_h, exp. variance=14.6351 E_h^2, pmove=0.52
2026-06-09 02:27:57,478 - Step 00839: 4953.4033 E_h, exp. variance=13.1772 E_h^2, pmove=0.51
2026-06-09 02:27:57,809 - Step 00840: 4954.1650 E_h, exp. variance=11.9473 E_h^2, pmove=0.52
2026-06-09 02:27:58,140 - Step 00841: 4950.8154 E_h, exp. variance=11.2974 E_h^2, pmove=0.51
2026-06-09 02:27:58,484 - Step 00842: 4952.1660 E_h, exp. variance=10.2348 E_h^2, pmove=0.52
2026-06-09 02:27:58,817 - Step 00843: 4952.7520 E_h, exp. variance=9.2146 E_h^2, pmove=0.52
2026-06-09 02:27:59,145 - Step 00844: 4951.9688 E_h, exp. variance=8.3754 E_h^2, pmove=0.52
2026-06-09 02:27:59,474 - Step 00845: 4951.1748 E_h, exp. variance=7.7840 E_h^2, pmove=0.51
2026-06-09 02:27:59,802 - Step 00846: 4952.8076 E_h, exp. variance=7.0075 E_h^2, pmove=0.51
2026-06-09 02:28:00,139 - Step 00847: 4952.4678 E_h, exp. variance=6.3107 E_h^2, pmove=0.51
2026-06-09 02:28:00,476 - Step 00848: 4952.3262 E_h, exp. variance=5.6895 E_h^2, pmove=0.52
2026-06-09 02:28:00,811 - Step 00849: 4954.4692 E_h, exp. variance=5.4271 E_h^2, pmove=0.51
2026-06-09 02:28:01,143 - Step 00850: 4954.0957 E_h, exp. variance=5.0336 E_h^2, pmove=0.51
2026-06-09 02:28:01,474 - Step 00851: 4953.7778 E_h, exp. variance=4.5939 E_h^2, pmove=0.51
2026-06-09 02:28:01,804 - Step 00852: 4955.2988 E_h, exp. variance=4.6014 E_h^2, pmove=0.52
2026-06-09 02:28:02,131 - Step 00853: 4952.7471 E_h, exp. variance=4.1640 E_h^2, pmove=0.51
2026-06-09 02:28:02,462 - Step 00854: 4954.5845 E_h, exp. variance=3.9204 E_h^2, pmove=0.51
2026-06-09 02:28:02,791 - Step 00855: 4955.6963 E_h, exp. variance=4.0292 E_h^2, pmove=0.51
2026-06-09 02:28:03,120 - Step 00856: 4954.5186 E_h, exp. variance=3.7067 E_h^2, pmove=0.51
2026-06-09 02:28:03,451 - Step 00857: 4953.9951 E_h, exp. variance=3.3456 E_h^2, pmove=0.52
2026-06-09 02:28:03,779 - Step 00858: 4953.9995 E_h, exp. variance=3.0191 E_h^2, pmove=0.52
2026-06-09 02:28:04,109 - Step 00859: 4954.5352 E_h, exp. variance=2.7755 E_h^2, pmove=0.52
2026-06-09 02:28:04,439 - Step 00860: 4955.1890 E_h, exp. variance=2.6688 E_h^2, pmove=0.51
2026-06-09 02:28:04,773 - Step 00861: 4950.8247 E_h, exp. variance=3.2803 E_h^2, pmove=0.51
2026-06-09 02:28:05,104 - Step 00862: 4953.1533 E_h, exp. variance=2.9732 E_h^2, pmove=0.52
2026-06-09 02:28:05,432 - Step 00863: 4950.0332 E_h, exp. variance=3.8131 E_h^2, pmove=0.50
2026-06-09 02:28:05,762 - Step 00864: 4952.8184 E_h, exp. variance=3.4473 E_h^2, pmove=0.52
2026-06-09 02:28:06,091 - Step 00865: 4951.5908 E_h, exp. variance=3.3330 E_h^2, pmove=0.51
2026-06-09 02:28:06,420 - Step 00866: 4953.5371 E_h, exp. variance=3.0227 E_h^2, pmove=0.52
2026-06-09 02:28:06,748 - Step 00867: 4951.4971 E_h, exp. variance=2.9464 E_h^2, pmove=0.51
2026-06-09 02:28:07,078 - Step 00868: 4953.1006 E_h, exp. variance=2.6546 E_h^2, pmove=0.52
2026-06-09 02:28:07,408 - Step 00869: 4950.9233 E_h, exp. variance=2.7553 E_h^2, pmove=0.51
2026-06-09 02:28:07,738 - Step 00870: 4950.6812 E_h, exp. variance=2.8608 E_h^2, pmove=0.52
2026-06-09 02:28:08,068 - Step 00871: 4949.8926 E_h, exp. variance=3.2023 E_h^2, pmove=0.51
2026-06-09 02:28:08,399 - Step 00872: 4950.6660 E_h, exp. variance=3.1134 E_h^2, pmove=0.52
2026-06-09 02:28:08,727 - Step 00873: 4950.5859 E_h, exp. variance=3.0108 E_h^2, pmove=0.52
2026-06-09 02:28:09,055 - Step 00874: 4949.2412 E_h, exp. variance=3.3733 E_h^2, pmove=0.52
2026-06-09 02:28:09,386 - Step 00875: 4952.1826 E_h, exp. variance=3.0582 E_h^2, pmove=0.51
2026-06-09 02:28:09,718 - Step 00876: 4952.3105 E_h, exp. variance=2.7822 E_h^2, pmove=0.51
2026-06-09 02:28:10,047 - Step 00877: 4953.7637 E_h, exp. variance=2.8537 E_h^2, pmove=0.51
2026-06-09 02:28:10,378 - Step 00878: 4952.7334 E_h, exp. variance=2.6181 E_h^2, pmove=0.52
2026-06-09 02:28:10,706 - Step 00879: 4952.2222 E_h, exp. variance=2.3585 E_h^2, pmove=0.51
2026-06-09 02:28:11,036 - Step 00880: 4951.3472 E_h, exp. variance=2.1710 E_h^2, pmove=0.51
2026-06-09 02:28:11,365 - Step 00881: 4951.5752 E_h, exp. variance=1.9706 E_h^2, pmove=0.52
2026-06-09 02:28:11,697 - Step 00882: 4951.6929 E_h, exp. variance=1.7801 E_h^2, pmove=0.51
2026-06-09 02:28:12,042 - Step 00883: 4951.7285 E_h, exp. variance=1.6060 E_h^2, pmove=0.51
2026-06-09 02:28:12,369 - Step 00884: 4950.1123 E_h, exp. variance=1.7381 E_h^2, pmove=0.51
2026-06-09 02:28:12,702 - Step 00885: 4950.2612 E_h, exp. variance=1.7598 E_h^2, pmove=0.51
2026-06-09 02:28:13,033 - Step 00886: 4951.0010 E_h, exp. variance=1.6148 E_h^2, pmove=0.51
2026-06-09 02:28:13,365 - Step 00887: 4951.8848 E_h, exp. variance=1.4647 E_h^2, pmove=0.51
2026-06-09 02:28:13,693 - Step 00888: 4952.2651 E_h, exp. variance=1.3624 E_h^2, pmove=0.51
2026-06-09 02:28:14,042 - Step 00889: 4951.8037 E_h, exp. variance=1.2287 E_h^2, pmove=0.51
2026-06-09 02:28:14,372 - Step 00890: 4950.6201 E_h, exp. variance=1.2016 E_h^2, pmove=0.52
2026-06-09 02:28:14,701 - Step 00891: 4951.4854 E_h, exp. variance=1.0818 E_h^2, pmove=0.51
2026-06-09 02:28:15,029 - Step 00892: 4953.4258 E_h, exp. variance=1.2929 E_h^2, pmove=0.51
2026-06-09 02:28:15,357 - Step 00893: 4951.4814 E_h, exp. variance=1.1692 E_h^2, pmove=0.52
2026-06-09 02:28:15,686 - Step 00894: 4950.6016 E_h, exp. variance=1.1621 E_h^2, pmove=0.51
2026-06-09 02:28:16,015 - Step 00895: 4949.8984 E_h, exp. variance=1.3051 E_h^2, pmove=0.51
2026-06-09 02:28:16,347 - Step 00896: 4951.7090 E_h, exp. variance=1.1818 E_h^2, pmove=0.52
2026-06-09 02:28:16,677 - Step 00897: 4949.7744 E_h, exp. variance=1.3176 E_h^2, pmove=0.51
2026-06-09 02:28:17,026 - Step 00898: 4952.8506 E_h, exp. variance=1.4061 E_h^2, pmove=0.51
2026-06-09 02:28:17,358 - Step 00899: 4951.1768 E_h, exp. variance=1.2718 E_h^2, pmove=0.51
2026-06-09 02:28:17,689 - Step 00900: 4952.9248 E_h, exp. variance=1.3495 E_h^2, pmove=0.51
2026-06-09 02:28:18,018 - Step 00901: 4951.8882 E_h, exp. variance=1.2239 E_h^2, pmove=0.51
2026-06-09 02:28:18,345 - Step 00902: 4950.8892 E_h, exp. variance=1.1468 E_h^2, pmove=0.52
2026-06-09 02:28:18,675 - Step 00903: 4951.1279 E_h, exp. variance=1.0466 E_h^2, pmove=0.51
2026-06-09 02:28:19,005 - Step 00904: 4949.4033 E_h, exp. variance=1.3332 E_h^2, pmove=0.51
2026-06-09 02:28:19,333 - Step 00905: 4950.3389 E_h, exp. variance=1.2795 E_h^2, pmove=0.51
2026-06-09 02:28:19,661 - Step 00906: 4949.7275 E_h, exp. variance=1.3429 E_h^2, pmove=0.51
2026-06-09 02:28:19,992 - Step 00907: 4950.8535 E_h, exp. variance=1.2117 E_h^2, pmove=0.51
2026-06-09 02:28:20,325 - Step 00908: 4949.8262 E_h, exp. variance=1.2190 E_h^2, pmove=0.51
2026-06-09 02:28:20,660 - Step 00909: 4950.7524 E_h, exp. variance=1.0991 E_h^2, pmove=0.51
2026-06-09 02:28:20,991 - Step 00910: 4949.6880 E_h, exp. variance=1.1185 E_h^2, pmove=0.51
2026-06-09 02:28:21,324 - Step 00911: 4951.2393 E_h, exp. variance=1.0268 E_h^2, pmove=0.51
2026-06-09 02:28:21,654 - Step 00912: 4951.6436 E_h, exp. variance=0.9861 E_h^2, pmove=0.50
2026-06-09 02:28:21,986 - Step 00913: 4952.5225 E_h, exp. variance=1.1252 E_h^2, pmove=0.51
2026-06-09 02:28:22,326 - Step 00914: 4953.5068 E_h, exp. variance=1.5517 E_h^2, pmove=0.50
2026-06-09 02:28:22,654 - Step 00915: 4955.4507 E_h, exp. variance=2.9440 E_h^2, pmove=0.52
2026-06-09 02:28:22,984 - Step 00916: 4952.3760 E_h, exp. variance=2.6884 E_h^2, pmove=0.50
2026-06-09 02:28:23,315 - Step 00917: 4955.1362 E_h, exp. variance=3.4306 E_h^2, pmove=0.51
2026-06-09 02:28:23,644 - Step 00918: 4952.7798 E_h, exp. variance=3.1267 E_h^2, pmove=0.51
2026-06-09 02:28:23,976 - Step 00919: 4952.6377 E_h, exp. variance=2.8325 E_h^2, pmove=0.51
2026-06-09 02:28:24,305 - Step 00920: 4953.8076 E_h, exp. variance=2.7729 E_h^2, pmove=0.51
2026-06-09 02:28:24,649 - Step 00921: 4945.8003 E_h, exp. variance=6.4023 E_h^2, pmove=0.51
2026-06-09 02:28:24,982 - Step 00922: 4952.7842 E_h, exp. variance=5.8620 E_h^2, pmove=0.50
2026-06-09 02:28:25,314 - Step 00923: 4950.9248 E_h, exp. variance=5.3505 E_h^2, pmove=0.51
2026-06-09 02:28:25,643 - Step 00924: 4951.8979 E_h, exp. variance=4.8176 E_h^2, pmove=0.52
2026-06-09 02:28:25,973 - Step 00925: 4951.4346 E_h, exp. variance=4.3453 E_h^2, pmove=0.51
2026-06-09 02:28:26,303 - Step 00926: 4953.2422 E_h, exp. variance=4.1174 E_h^2, pmove=0.51
2026-06-09 02:28:26,632 - Step 00927: 4949.7656 E_h, exp. variance=4.1074 E_h^2, pmove=0.50
2026-06-09 02:28:26,966 - Step 00928: 4951.8442 E_h, exp. variance=3.6995 E_h^2, pmove=0.51
2026-06-09 02:28:27,295 - Step 00929: 4952.0908 E_h, exp. variance=3.3444 E_h^2, pmove=0.51
2026-06-09 02:28:27,625 - Step 00930: 4950.6636 E_h, exp. variance=3.1114 E_h^2, pmove=0.51
2026-06-09 02:28:27,954 - Step 00931: 4957.0254 E_h, exp. variance=5.4307 E_h^2, pmove=0.51
2026-06-09 02:28:28,287 - Step 00932: 4952.9990 E_h, exp. variance=4.9510 E_h^2, pmove=0.50
2026-06-09 02:28:28,617 - Step 00933: 4960.2471 E_h, exp. variance=10.2209 E_h^2, pmove=0.51
2026-06-09 02:28:28,946 - Step 00934: 4951.5576 E_h, exp. variance=9.3976 E_h^2, pmove=0.51
2026-06-09 02:28:29,277 - Step 00935: 4952.8545 E_h, exp. variance=8.4580 E_h^2, pmove=0.51
2026-06-09 02:28:29,610 - Step 00936: 4950.5322 E_h, exp. variance=8.1132 E_h^2, pmove=0.51
2026-06-09 02:28:29,942 - Step 00937: 4953.7524 E_h, exp. variance=7.4101 E_h^2, pmove=0.50
2026-06-09 02:28:30,273 - Step 00938: 4951.0029 E_h, exp. variance=6.9487 E_h^2, pmove=0.51
2026-06-09 02:28:30,602 - Step 00939: 4952.6230 E_h, exp. variance=6.2540 E_h^2, pmove=0.52
2026-06-09 02:28:30,933 - Step 00940: 4951.7129 E_h, exp. variance=5.6983 E_h^2, pmove=0.51
2026-06-09 02:28:31,265 - Step 00941: 4955.2241 E_h, exp. variance=5.7939 E_h^2, pmove=0.51
2026-06-09 02:28:31,599 - Step 00942: 4956.3784 E_h, exp. variance=6.3819 E_h^2, pmove=0.50
2026-06-09 02:28:31,937 - Step 00943: 4955.6826 E_h, exp. variance=6.3269 E_h^2, pmove=0.51
2026-06-09 02:28:32,273 - Step 00944: 4952.3301 E_h, exp. variance=5.7956 E_h^2, pmove=0.51
2026-06-09 02:28:32,605 - Step 00945: 4956.3916 E_h, exp. variance=6.0843 E_h^2, pmove=0.52
2026-06-09 02:28:32,936 - Step 00946: 4956.2056 E_h, exp. variance=6.0886 E_h^2, pmove=0.50
2026-06-09 02:28:33,268 - Step 00947: 4954.4775 E_h, exp. variance=5.5144 E_h^2, pmove=0.51
2026-06-09 02:28:33,598 - Step 00948: 4951.9697 E_h, exp. variance=5.3049 E_h^2, pmove=0.51
2026-06-09 02:28:33,930 - Step 00949: 4952.1221 E_h, exp. variance=5.0054 E_h^2, pmove=0.51
2026-06-09 02:28:34,263 - Step 00950: 4950.9653 E_h, exp. variance=5.1126 E_h^2, pmove=0.51
2026-06-09 02:28:34,593 - Step 00951: 4950.5117 E_h, exp. variance=5.3032 E_h^2, pmove=0.51
2026-06-09 02:28:34,921 - Step 00952: 4951.4282 E_h, exp. variance=5.0023 E_h^2, pmove=0.51
2026-06-09 02:28:35,251 - Step 00953: 4955.0034 E_h, exp. variance=4.9136 E_h^2, pmove=0.51
2026-06-09 02:28:35,585 - Step 00954: 4961.3760 E_h, exp. variance=10.6176 E_h^2, pmove=0.51
2026-06-09 02:28:35,921 - Step 00955: 4962.6323 E_h, exp. variance=16.4050 E_h^2, pmove=0.51
2026-06-09 02:28:36,252 - Step 00956: 4953.6123 E_h, exp. variance=14.8875 E_h^2, pmove=0.51
2026-06-09 02:28:36,579 - Step 00957: 4952.7383 E_h, exp. variance=13.7327 E_h^2, pmove=0.51
2026-06-09 02:28:36,908 - Step 00958: 4953.5679 E_h, exp. variance=12.4329 E_h^2, pmove=0.50
2026-06-09 02:28:37,238 - Step 00959: 4952.4580 E_h, exp. variance=11.5226 E_h^2, pmove=0.51
2026-06-09 02:28:37,569 - Step 00960: 4951.3789 E_h, exp. variance=11.0810 E_h^2, pmove=0.51
2026-06-09 02:28:37,904 - Step 00961: 4952.1572 E_h, exp. variance=10.2488 E_h^2, pmove=0.51
2026-06-09 02:28:38,235 - Step 00962: 4953.9717 E_h, exp. variance=9.2291 E_h^2, pmove=0.51
2026-06-09 02:28:38,564 - Step 00963: 4954.0625 E_h, exp. variance=8.3146 E_h^2, pmove=0.51
2026-06-09 02:28:38,897 - Step 00964: 4953.3252 E_h, exp. variance=7.5024 E_h^2, pmove=0.51
2026-06-09 02:28:39,226 - Step 00965: 4952.4346 E_h, exp. variance=6.9058 E_h^2, pmove=0.51
2026-06-09 02:28:39,562 - Step 00966: 4952.8955 E_h, exp. variance=6.2612 E_h^2, pmove=0.51
2026-06-09 02:28:39,890 - Step 00967: 4952.2505 E_h, exp. variance=5.7845 E_h^2, pmove=0.52
2026-06-09 02:28:40,223 - Step 00968: 4950.2842 E_h, exp. variance=6.0855 E_h^2, pmove=0.51
2026-06-09 02:28:40,556 - Step 00969: 4953.6523 E_h, exp. variance=5.5047 E_h^2, pmove=0.51
2026-06-09 02:28:40,889 - Step 00970: 4949.7285 E_h, exp. variance=6.0098 E_h^2, pmove=0.50
2026-06-09 02:28:41,221 - Step 00971: 4951.5400 E_h, exp. variance=5.5542 E_h^2, pmove=0.50
2026-06-09 02:28:41,552 - Step 00972: 4952.4150 E_h, exp. variance=5.0053 E_h^2, pmove=0.50
2026-06-09 02:28:41,889 - Step 00973: 4952.3340 E_h, exp. variance=4.5142 E_h^2, pmove=0.51
2026-06-09 02:28:42,219 - Step 00974: 4953.3569 E_h, exp. variance=4.1110 E_h^2, pmove=0.50
2026-06-09 02:28:42,549 - Step 00975: 4964.9307 E_h, exp. variance=17.1668 E_h^2, pmove=0.50
2026-06-09 02:28:42,881 - Step 00976: 4954.6450 E_h, exp. variance=15.4972 E_h^2, pmove=0.51
2026-06-09 02:28:43,211 - Step 00977: 4951.7383 E_h, exp. variance=14.4053 E_h^2, pmove=0.50
2026-06-09 02:28:43,544 - Step 00978: 4954.5000 E_h, exp. variance=13.0130 E_h^2, pmove=0.51
2026-06-09 02:28:43,875 - Step 00979: 4950.4907 E_h, exp. variance=12.7221 E_h^2, pmove=0.51
2026-06-09 02:28:44,204 - Step 00980: 4952.4688 E_h, exp. variance=11.5468 E_h^2, pmove=0.51
2026-06-09 02:28:44,535 - Step 00981: 4951.0005 E_h, exp. variance=10.9113 E_h^2, pmove=0.51
2026-06-09 02:28:44,865 - Step 00982: 4953.1816 E_h, exp. variance=9.8202 E_h^2, pmove=0.51
2026-06-09 02:28:45,195 - Step 00983: 4951.7891 E_h, exp. variance=9.0083 E_h^2, pmove=0.50
2026-06-09 02:28:45,531 - Step 00984: 4954.9038 E_h, exp. variance=8.4247 E_h^2, pmove=0.51
2026-06-09 02:28:45,867 - Step 00985: 4953.6279 E_h, exp. variance=7.5977 E_h^2, pmove=0.49
2026-06-09 02:28:46,199 - Step 00986: 4955.3433 E_h, exp. variance=7.2303 E_h^2, pmove=0.51
2026-06-09 02:28:46,533 - Step 00987: 4955.2944 E_h, exp. variance=6.8087 E_h^2, pmove=0.50
2026-06-09 02:28:46,863 - Step 00988: 4957.6982 E_h, exp. variance=7.6046 E_h^2, pmove=0.50
2026-06-09 02:28:47,193 - Step 00989: 4953.7915 E_h, exp. variance=6.8503 E_h^2, pmove=0.51
2026-06-09 02:28:47,526 - Step 00990: 4955.2891 E_h, exp. variance=6.3087 E_h^2, pmove=0.52
2026-06-09 02:28:47,855 - Step 00991: 4962.9448 E_h, exp. variance=12.6348 E_h^2, pmove=0.51
2026-06-09 02:28:48,184 - Step 00992: 4999.3911 E_h, exp. variance=188.4653 E_h^2, pmove=0.50
2026-06-09 02:28:48,512 - Step 00993: 4933.6724 E_h, exp. variance=229.5073 E_h^2, pmove=0.50
2026-06-09 02:28:48,841 - Step 00994: 4947.7061 E_h, exp. variance=214.1454 E_h^2, pmove=0.51
2026-06-09 02:28:49,170 - Step 00995: 4954.3813 E_h, exp. variance=192.9581 E_h^2, pmove=0.51
2026-06-09 02:28:49,504 - Step 00996: 4955.5996 E_h, exp. variance=173.6663 E_h^2, pmove=0.51
2026-06-09 02:28:49,835 - Step 00997: 4950.8027 E_h, exp. variance=158.5387 E_h^2, pmove=0.51
2026-06-09 02:28:50,168 - Step 00998: 4951.6729 E_h, exp. variance=143.8636 E_h^2, pmove=0.52
2026-06-09 02:28:50,498 - Step 00999: 4952.2422 E_h, exp. variance=130.1276 E_h^2, pmove=0.51
2026-06-09 02:28:50,830 - Step 01000: 4953.3833 E_h, exp. variance=117.2618 E_h^2, pmove=0.51
2026-06-09 02:28:51,160 - Step 01001: 4953.4297 E_h, exp. variance=105.6452 E_h^2, pmove=0.51
2026-06-09 02:28:51,493 - Step 01002: 4954.6030 E_h, exp. variance=95.0836 E_h^2, pmove=0.51
2026-06-09 02:28:51,825 - Step 01003: 4951.1475 E_h, exp. variance=86.5514 E_h^2, pmove=0.51
2026-06-09 02:28:52,161 - Step 01004: 4953.0732 E_h, exp. variance=77.9933 E_h^2, pmove=0.51
2026-06-09 02:28:52,491 - Step 01005: 4949.7388 E_h, exp. variance=71.8338 E_h^2, pmove=0.50
2026-06-09 02:28:52,823 - Step 01006: 4951.5161 E_h, exp. variance=65.0340 E_h^2, pmove=0.51
2026-06-09 02:28:53,153 - Step 01007: 4951.0195 E_h, exp. variance=59.0295 E_h^2, pmove=0.50
2026-06-09 02:28:53,483 - Step 01008: 4952.4849 E_h, exp. variance=53.1650 E_h^2, pmove=0.50
2026-06-09 02:28:53,815 - Step 01009: 4950.7100 E_h, exp. variance=48.3512 E_h^2, pmove=0.51
2026-06-09 02:28:54,148 - Step 01010: 4951.0010 E_h, exp. variance=43.8194 E_h^2, pmove=0.52
2026-06-09 02:28:54,478 - Step 01011: 4951.3799 E_h, exp. variance=39.5834 E_h^2, pmove=0.51
2026-06-09 02:28:54,809 - Step 01012: 4951.1255 E_h, exp. variance=35.8016 E_h^2, pmove=0.51
2026-06-09 02:28:55,138 - Step 01013: 4949.6865 E_h, exp. variance=32.8772 E_h^2, pmove=0.51
2026-06-09 02:28:55,468 - Step 01014: 4951.9097 E_h, exp. variance=29.5933 E_h^2, pmove=0.51
2026-06-09 02:28:55,801 - Step 01015: 4951.4502 E_h, exp. variance=26.6714 E_h^2, pmove=0.50
2026-06-09 02:28:56,132 - Step 01016: 4950.4727 E_h, exp. variance=24.2227 E_h^2, pmove=0.51
2026-06-09 02:28:56,462 - Step 01017: 4951.4189 E_h, exp. variance=21.8192 E_h^2, pmove=0.50
2026-06-09 02:28:56,796 - Step 01018: 4950.6572 E_h, exp. variance=19.7610 E_h^2, pmove=0.51
2026-06-09 02:28:57,126 - Step 01019: 4952.1416 E_h, exp. variance=17.8014 E_h^2, pmove=0.52
2026-06-09 02:28:57,458 - Step 01020: 4951.4580 E_h, exp. variance=16.0293 E_h^2, pmove=0.50
2026-06-09 02:28:57,788 - Step 01021: 4951.0879 E_h, exp. variance=14.4629 E_h^2, pmove=0.51
2026-06-09 02:28:58,117 - Step 01022: 4951.1094 E_h, exp. variance=13.0441 E_h^2, pmove=0.50
2026-06-09 02:28:58,446 - Step 01023: 4951.1152 E_h, exp. variance=11.7614 E_h^2, pmove=0.51
2026-06-09 02:28:58,777 - Step 01024: 4951.2026 E_h, exp. variance=10.5966 E_h^2, pmove=0.51
2026-06-09 02:28:59,106 - Step 01025: 4950.1436 E_h, exp. variance=9.7078 E_h^2, pmove=0.51
2026-06-09 02:28:59,436 - Step 01026: 4951.2266 E_h, exp. variance=8.7392 E_h^2, pmove=0.51
2026-06-09 02:28:59,769 - Step 01027: 4951.1924 E_h, exp. variance=7.8681 E_h^2, pmove=0.50
2026-06-09 02:29:00,100 - Step 01028: 4952.6084 E_h, exp. variance=7.2237 E_h^2, pmove=0.51
2026-06-09 02:29:00,432 - Step 01029: 4950.9102 E_h, exp. variance=6.5302 E_h^2, pmove=0.51
2026-06-09 02:29:00,766 - Step 01030: 4952.5049 E_h, exp. variance=5.9831 E_h^2, pmove=0.51
2026-06-09 02:29:01,105 - Step 01031: 4952.3730 E_h, exp. variance=5.4490 E_h^2, pmove=0.51
2026-06-09 02:29:01,442 - Step 01032: 4953.3105 E_h, exp. variance=5.1635 E_h^2, pmove=0.51
2026-06-09 02:29:01,773 - Step 01033: 4951.4185 E_h, exp. variance=4.6591 E_h^2, pmove=0.50
2026-06-09 02:29:02,106 - Step 01034: 4950.5420 E_h, exp. variance=4.3237 E_h^2, pmove=0.51
2026-06-09 02:29:02,440 - Step 01035: 4948.5332 E_h, exp. variance=4.7519 E_h^2, pmove=0.51
2026-06-09 02:29:02,772 - Step 01036: 4950.8501 E_h, exp. variance=4.2963 E_h^2, pmove=0.51
2026-06-09 02:29:03,099 - Step 01037: 4951.0298 E_h, exp. variance=3.8718 E_h^2, pmove=0.51
2026-06-09 02:29:03,430 - Step 01038: 4951.4150 E_h, exp. variance=3.4872 E_h^2, pmove=0.51
2026-06-09 02:29:03,763 - Step 01039: 4950.2910 E_h, exp. variance=3.2235 E_h^2, pmove=0.51
2026-06-09 02:29:04,093 - Step 01040: 4949.7974 E_h, exp. variance=3.0696 E_h^2, pmove=0.51
2026-06-09 02:29:04,424 - Step 01041: 4950.8896 E_h, exp. variance=2.7644 E_h^2, pmove=0.51
2026-06-09 02:29:04,753 - Step 01042: 4952.4878 E_h, exp. variance=2.6833 E_h^2, pmove=0.50
2026-06-09 02:29:05,081 - Step 01043: 4952.7759 E_h, exp. variance=2.6493 E_h^2, pmove=0.51
2026-06-09 02:29:05,411 - Step 01044: 4952.1377 E_h, exp. variance=2.4441 E_h^2, pmove=0.50
2026-06-09 02:29:05,742 - Step 01045: 4950.5449 E_h, exp. variance=2.2662 E_h^2, pmove=0.51
2026-06-09 02:29:06,072 - Step 01046: 4949.1221 E_h, exp. variance=2.4739 E_h^2, pmove=0.51
2026-06-09 02:29:06,399 - Step 01047: 4950.2451 E_h, exp. variance=2.2922 E_h^2, pmove=0.50
2026-06-09 02:29:06,729 - Step 01048: 4949.9727 E_h, exp. variance=2.1605 E_h^2, pmove=0.50
2026-06-09 02:29:07,069 - Step 01049: 4950.4487 E_h, exp. variance=1.9636 E_h^2, pmove=0.50
2026-06-09 02:29:07,402 - Step 01050: 4950.0854 E_h, exp. variance=1.8217 E_h^2, pmove=0.50
2026-06-09 02:29:07,736 - Step 01051: 4950.5205 E_h, exp. variance=1.6459 E_h^2, pmove=0.51
2026-06-09 02:29:08,078 - Step 01052: 4950.3799 E_h, exp. variance=1.4943 E_h^2, pmove=0.51
2026-06-09 02:29:08,417 - Step 01053: 4951.0278 E_h, exp. variance=1.3533 E_h^2, pmove=0.51
2026-06-09 02:29:08,756 - Step 01054: 4950.4600 E_h, exp. variance=1.2257 E_h^2, pmove=0.51
2026-06-09 02:29:09,095 - Step 01055: 4950.0801 E_h, exp. variance=1.1403 E_h^2, pmove=0.51
2026-06-09 02:29:09,428 - Step 01056: 4948.9785 E_h, exp. variance=1.2804 E_h^2, pmove=0.51
2026-06-09 02:29:09,769 - Step 01057: 4949.0664 E_h, exp. variance=1.3349 E_h^2, pmove=0.51
2026-06-09 02:29:10,103 - Step 01058: 4949.0029 E_h, exp. variance=1.3643 E_h^2, pmove=0.51
2026-06-09 02:29:10,435 - Step 01059: 4948.7051 E_h, exp. variance=1.4327 E_h^2, pmove=0.51
2026-06-09 02:29:10,765 - Step 01060: 4947.5215 E_h, exp. variance=1.8708 E_h^2, pmove=0.51
2026-06-09 02:29:11,095 - Step 01061: 4948.3467 E_h, exp. variance=1.8761 E_h^2, pmove=0.51
2026-06-09 02:29:11,431 - Step 01062: 4949.0977 E_h, exp. variance=1.7172 E_h^2, pmove=0.50
2026-06-09 02:29:11,765 - Step 01063: 4949.0186 E_h, exp. variance=1.5765 E_h^2, pmove=0.50
2026-06-09 02:29:12,096 - Step 01064: 4948.9263 E_h, exp. variance=1.4536 E_h^2, pmove=0.50
2026-06-09 02:29:12,430 - Step 01065: 4950.2075 E_h, exp. variance=1.3552 E_h^2, pmove=0.51
2026-06-09 02:29:12,766 - Step 01066: 4950.6768 E_h, exp. variance=1.3324 E_h^2, pmove=0.50
2026-06-09 02:29:13,097 - Step 01067: 4949.6934 E_h, exp. variance=1.1992 E_h^2, pmove=0.51
2026-06-09 02:29:13,428 - Step 01068: 4949.7725 E_h, exp. variance=1.0802 E_h^2, pmove=0.51
2026-06-09 02:29:13,761 - Step 01069: 4950.3828 E_h, exp. variance=1.0163 E_h^2, pmove=0.51
2026-06-09 02:29:14,093 - Step 01070: 4950.2886 E_h, exp. variance=0.9406 E_h^2, pmove=0.51
2026-06-09 02:29:14,424 - Step 01071: 4951.6729 E_h, exp. variance=1.1603 E_h^2, pmove=0.51
2026-06-09 02:29:14,757 - Step 01072: 4949.3516 E_h, exp. variance=1.0812 E_h^2, pmove=0.50
2026-06-09 02:29:15,088 - Step 01073: 4950.7988 E_h, exp. variance=1.0413 E_h^2, pmove=0.51
2026-06-09 02:29:15,425 - Step 01074: 4948.8047 E_h, exp. variance=1.0691 E_h^2, pmove=0.50
2026-06-09 02:29:15,759 - Step 01075: 4949.6782 E_h, exp. variance=0.9664 E_h^2, pmove=0.51
2026-06-09 02:29:16,090 - Step 01076: 4948.9141 E_h, exp. variance=0.9524 E_h^2, pmove=0.50
2026-06-09 02:29:16,425 - Step 01077: 4949.4600 E_h, exp. variance=0.8662 E_h^2, pmove=0.51
2026-06-09 02:29:16,754 - Step 01078: 4947.3291 E_h, exp. variance=1.3049 E_h^2, pmove=0.51
2026-06-09 02:29:17,086 - Step 01079: 4949.8379 E_h, exp. variance=1.1845 E_h^2, pmove=0.51
2026-06-09 02:29:17,417 - Step 01080: 4947.9326 E_h, exp. variance=1.2977 E_h^2, pmove=0.51
2026-06-09 02:29:17,747 - Step 01081: 4951.3530 E_h, exp. variance=1.5196 E_h^2, pmove=0.51
2026-06-09 02:29:18,077 - Step 01082: 4948.8994 E_h, exp. variance=1.4086 E_h^2, pmove=0.51
2026-06-09 02:29:18,407 - Step 01083: 4949.2158 E_h, exp. variance=1.2754 E_h^2, pmove=0.51
2026-06-09 02:29:18,741 - Step 01084: 4949.5791 E_h, exp. variance=1.1488 E_h^2, pmove=0.51
2026-06-09 02:29:19,076 - Step 01085: 4949.2012 E_h, exp. variance=1.0413 E_h^2, pmove=0.51
2026-06-09 02:29:19,410 - Step 01086: 4949.4370 E_h, exp. variance=0.9372 E_h^2, pmove=0.51
2026-06-09 02:29:19,743 - Step 01087: 4949.0361 E_h, exp. variance=0.8594 E_h^2, pmove=0.50
2026-06-09 02:29:20,078 - Step 01088: 4950.8301 E_h, exp. variance=0.9537 E_h^2, pmove=0.51
2026-06-09 02:29:20,411 - Step 01089: 4951.1758 E_h, exp. variance=1.0943 E_h^2, pmove=0.50
2026-06-09 02:29:20,740 - Step 01090: 4951.8633 E_h, exp. variance=1.3987 E_h^2, pmove=0.51
2026-06-09 02:29:21,076 - Step 01091: 4946.3169 E_h, exp. variance=2.4358 E_h^2, pmove=0.50
2026-06-09 02:29:21,411 - Step 01092: 4952.7314 E_h, exp. variance=3.0910 E_h^2, pmove=0.50
2026-06-09 02:29:21,744 - Step 01093: 4950.0718 E_h, exp. variance=2.7850 E_h^2, pmove=0.50
2026-06-09 02:29:22,077 - Step 01094: 4951.9561 E_h, exp. variance=2.8848 E_h^2, pmove=0.51
2026-06-09 02:29:22,409 - Step 01095: 4949.8472 E_h, exp. variance=2.6026 E_h^2, pmove=0.50
2026-06-09 02:29:22,738 - Step 01096: 4950.2671 E_h, exp. variance=2.3453 E_h^2, pmove=0.51
2026-06-09 02:29:23,073 - Step 01097: 4950.7944 E_h, exp. variance=2.1539 E_h^2, pmove=0.51
2026-06-09 02:29:23,407 - Step 01098: 4949.5781 E_h, exp. variance=1.9702 E_h^2, pmove=0.51
2026-06-09 02:29:23,743 - Step 01099: 4951.8828 E_h, exp. variance=2.0553 E_h^2, pmove=0.51
2026-06-09 02:29:24,077 - Step 01100: 4948.2603 E_h, exp. variance=2.2204 E_h^2, pmove=0.50
2026-06-09 02:29:24,409 - Step 01101: 4952.5527 E_h, exp. variance=2.5458 E_h^2, pmove=0.51
2026-06-09 02:29:24,743 - Step 01102: 4950.0498 E_h, exp. variance=2.2985 E_h^2, pmove=0.50
2026-06-09 02:29:25,076 - Step 01103: 4951.8242 E_h, exp. variance=2.2764 E_h^2, pmove=0.50
2026-06-09 02:29:25,407 - Step 01104: 4950.0850 E_h, exp. variance=2.0612 E_h^2, pmove=0.50
2026-06-09 02:29:25,743 - Step 01105: 4949.2251 E_h, exp. variance=1.9835 E_h^2, pmove=0.50
2026-06-09 02:29:26,076 - Step 01106: 4949.1426 E_h, exp. variance=1.9056 E_h^2, pmove=0.50
2026-06-09 02:29:26,409 - Step 01107: 4949.0391 E_h, exp. variance=1.8331 E_h^2, pmove=0.51
2026-06-09 02:29:26,744 - Step 01108: 4948.5703 E_h, exp. variance=1.8520 E_h^2, pmove=0.51
2026-06-09 02:29:27,077 - Step 01109: 4949.2988 E_h, exp. variance=1.7015 E_h^2, pmove=0.51
2026-06-09 02:29:27,410 - Step 01110: 4949.9126 E_h, exp. variance=1.5316 E_h^2, pmove=0.51
2026-06-09 02:29:27,742 - Step 01111: 4949.1533 E_h, exp. variance=1.4237 E_h^2, pmove=0.51
2026-06-09 02:29:28,076 - Step 01112: 4949.2080 E_h, exp. variance=1.3121 E_h^2, pmove=0.51
2026-06-09 02:29:28,411 - Step 01113: 4950.4600 E_h, exp. variance=1.2284 E_h^2, pmove=0.51
2026-06-09 02:29:28,744 - Step 01114: 4948.9604 E_h, exp. variance=1.1699 E_h^2, pmove=0.50
2026-06-09 02:29:29,078 - Step 01115: 4949.0098 E_h, exp. variance=1.0985 E_h^2, pmove=0.51
2026-06-09 02:29:29,412 - Step 01116: 4950.0459 E_h, exp. variance=1.0027 E_h^2, pmove=0.51
2026-06-09 02:29:29,751 - Step 01117: 4952.2017 E_h, exp. variance=1.4703 E_h^2, pmove=0.50
2026-06-09 02:29:30,081 - Step 01118: 4950.8311 E_h, exp. variance=1.3945 E_h^2, pmove=0.50
2026-06-09 02:29:30,412 - Step 01119: 4952.2144 E_h, exp. variance=1.6846 E_h^2, pmove=0.50
2026-06-09 02:29:30,741 - Step 01120: 4951.3726 E_h, exp. variance=1.6299 E_h^2, pmove=0.50
2026-06-09 02:29:31,072 - Step 01121: 4952.1641 E_h, exp. variance=1.7598 E_h^2, pmove=0.51
2026-06-09 02:29:31,403 - Step 01122: 4953.2637 E_h, exp. variance=2.2512 E_h^2, pmove=0.51
2026-06-09 02:29:31,735 - Step 01123: 4952.2168 E_h, exp. variance=2.2034 E_h^2, pmove=0.51
2026-06-09 02:29:32,070 - Step 01124: 4952.2500 E_h, exp. variance=2.1344 E_h^2, pmove=0.50
2026-06-09 02:29:32,407 - Step 01125: 4950.2886 E_h, exp. variance=1.9778 E_h^2, pmove=0.50
2026-06-09 02:29:32,746 - Step 01126: 4952.4258 E_h, exp. variance=1.9621 E_h^2, pmove=0.50
2026-06-09 02:29:33,082 - Step 01127: 4951.3696 E_h, exp. variance=1.7704 E_h^2, pmove=0.51
2026-06-09 02:29:33,421 - Step 01128: 4950.8809 E_h, exp. variance=1.6008 E_h^2, pmove=0.50
2026-06-09 02:29:33,757 - Step 01129: 4951.6782 E_h, exp. variance=1.4669 E_h^2, pmove=0.50
2026-06-09 02:29:34,088 - Step 01130: 4951.4150 E_h, exp. variance=1.3246 E_h^2, pmove=0.51
2026-06-09 02:29:34,418 - Step 01131: 4951.0957 E_h, exp. variance=1.1934 E_h^2, pmove=0.50
2026-06-09 02:29:34,751 - Step 01132: 4950.1514 E_h, exp. variance=1.1736 E_h^2, pmove=0.50
2026-06-09 02:29:35,086 - Step 01133: 4951.5469 E_h, exp. variance=1.0744 E_h^2, pmove=0.50
2026-06-09 02:29:35,415 - Step 01134: 4951.6230 E_h, exp. variance=0.9877 E_h^2, pmove=0.51
2026-06-09 02:29:35,747 - Step 01135: 4949.7109 E_h, exp. variance=1.0861 E_h^2, pmove=0.50
2026-06-09 02:29:36,083 - Step 01136: 4949.9155 E_h, exp. variance=1.0919 E_h^2, pmove=0.50
2026-06-09 02:29:36,417 - Step 01137: 4949.3330 E_h, exp. variance=1.2123 E_h^2, pmove=0.51
2026-06-09 02:29:36,749 - Step 01138: 4948.1025 E_h, exp. variance=1.7317 E_h^2, pmove=0.50
2026-06-09 02:29:37,079 - Step 01139: 4951.9243 E_h, exp. variance=1.7401 E_h^2, pmove=0.51
2026-06-09 02:29:37,414 - Step 01140: 4951.3906 E_h, exp. variance=1.6160 E_h^2, pmove=0.50
2026-06-09 02:29:37,745 - Step 01141: 4953.8438 E_h, exp. variance=2.3322 E_h^2, pmove=0.50
2026-06-09 02:29:38,076 - Step 01142: 4954.5352 E_h, exp. variance=3.2027 E_h^2, pmove=0.51
2026-06-09 02:29:38,427 - Step 01143: 4950.1616 E_h, exp. variance=3.0167 E_h^2, pmove=0.51
2026-06-09 02:29:38,755 - Step 01144: 4955.2744 E_h, exp. variance=4.1646 E_h^2, pmove=0.50
2026-06-09 02:29:39,088 - Step 01145: 4951.7686 E_h, exp. variance=3.7491 E_h^2, pmove=0.51
2026-06-09 02:29:39,423 - Step 01146: 4952.0732 E_h, exp. variance=3.3886 E_h^2, pmove=0.50
2026-06-09 02:29:39,754 - Step 01147: 4951.9878 E_h, exp. variance=3.0565 E_h^2, pmove=0.50
2026-06-09 02:29:40,087 - Step 01148: 4949.7988 E_h, exp. variance=3.0903 E_h^2, pmove=0.50
2026-06-09 02:29:40,427 - Step 01149: 4951.5757 E_h, exp. variance=2.7813 E_h^2, pmove=0.50
2026-06-09 02:29:40,764 - Step 01150: 4948.1533 E_h, exp. variance=3.5411 E_h^2, pmove=0.50
2026-06-09 02:29:41,096 - Step 01151: 4950.7510 E_h, exp. variance=3.2060 E_h^2, pmove=0.51
2026-06-09 02:29:41,427 - Step 01152: 4948.3560 E_h, exp. variance=3.5951 E_h^2, pmove=0.51
2026-06-09 02:29:41,757 - Step 01153: 4950.1602 E_h, exp. variance=3.2826 E_h^2, pmove=0.50
2026-06-09 02:29:42,087 - Step 01154: 4949.7529 E_h, exp. variance=3.0551 E_h^2, pmove=0.51
2026-06-09 02:29:42,416 - Step 01155: 4950.2314 E_h, exp. variance=2.7698 E_h^2, pmove=0.50
2026-06-09 02:29:42,747 - Step 01156: 4951.3242 E_h, exp. variance=2.5328 E_h^2, pmove=0.50
2026-06-09 02:29:43,079 - Step 01157: 4949.2568 E_h, exp. variance=2.4734 E_h^2, pmove=0.50
2026-06-09 02:29:43,410 - Step 01158: 4951.2490 E_h, exp. variance=2.2666 E_h^2, pmove=0.51
2026-06-09 02:29:43,738 - Step 01159: 4950.2686 E_h, exp. variance=2.0527 E_h^2, pmove=0.50
2026-06-09 02:29:44,069 - Step 01160: 4950.7197 E_h, exp. variance=1.8486 E_h^2, pmove=0.50
2026-06-09 02:29:44,400 - Step 01161: 4949.7505 E_h, exp. variance=1.7315 E_h^2, pmove=0.50
2026-06-09 02:29:44,730 - Step 01162: 4951.6826 E_h, exp. variance=1.6776 E_h^2, pmove=0.50
2026-06-09 02:29:45,066 - Step 01163: 4950.8096 E_h, exp. variance=1.5123 E_h^2, pmove=0.51
2026-06-09 02:29:45,399 - Step 01164: 4950.5557 E_h, exp. variance=1.3621 E_h^2, pmove=0.51
2026-06-09 02:29:45,730 - Step 01165: 4950.4595 E_h, exp. variance=1.2292 E_h^2, pmove=0.50
2026-06-09 02:29:46,062 - Step 01166: 4950.2422 E_h, exp. variance=1.1200 E_h^2, pmove=0.50
2026-06-09 02:29:46,396 - Step 01167: 4950.1973 E_h, exp. variance=1.0222 E_h^2, pmove=0.50
2026-06-09 02:29:46,728 - Step 01168: 4950.6279 E_h, exp. variance=0.9204 E_h^2, pmove=0.51
2026-06-09 02:29:47,060 - Step 01169: 4952.0732 E_h, exp. variance=1.0341 E_h^2, pmove=0.50
2026-06-09 02:29:47,391 - Step 01170: 4948.8604 E_h, exp. variance=1.2395 E_h^2, pmove=0.50
2026-06-09 02:29:47,721 - Step 01171: 4951.3154 E_h, exp. variance=1.1714 E_h^2, pmove=0.51
2026-06-09 02:29:48,051 - Step 01172: 4952.0234 E_h, exp. variance=1.2350 E_h^2, pmove=0.50
2026-06-09 02:29:48,386 - Step 01173: 4967.1641 E_h, exp. variance=25.3652 E_h^2, pmove=0.50
2026-06-09 02:29:48,720 - Step 01174: 4957.6641 E_h, exp. variance=25.3324 E_h^2, pmove=0.50
2026-06-09 02:29:49,053 - Step 01175: 4954.2568 E_h, exp. variance=22.9607 E_h^2, pmove=0.50
2026-06-09 02:29:49,385 - Step 01176: 4960.7725 E_h, exp. variance=26.0308 E_h^2, pmove=0.50
2026-06-09 02:29:49,717 - Step 01177: 4960.2705 E_h, exp. variance=27.1694 E_h^2, pmove=0.50
2026-06-09 02:29:50,050 - Step 01178: 4959.3750 E_h, exp. variance=26.6197 E_h^2, pmove=0.50
2026-06-09 02:29:50,387 - Step 01179: 4937.7930 E_h, exp. variance=50.4767 E_h^2, pmove=0.51
2026-06-09 02:29:50,719 - Step 01180: 4952.6030 E_h, exp. variance=45.4658 E_h^2, pmove=0.50
2026-06-09 02:29:51,050 - Step 01181: 4952.5410 E_h, exp. variance=40.9558 E_h^2, pmove=0.50
2026-06-09 02:29:51,382 - Step 01182: 4953.2036 E_h, exp. variance=36.8609 E_h^2, pmove=0.50
2026-06-09 02:29:51,713 - Step 01183: 4951.6387 E_h, exp. variance=33.3731 E_h^2, pmove=0.51
2026-06-09 02:29:52,046 - Step 01184: 4952.0479 E_h, exp. variance=30.1131 E_h^2, pmove=0.50
2026-06-09 02:29:52,378 - Step 01185: 4953.0098 E_h, exp. variance=27.1033 E_h^2, pmove=0.50
2026-06-09 02:29:52,712 - Step 01186: 4952.1943 E_h, exp. variance=24.4371 E_h^2, pmove=0.51
2026-06-09 02:29:53,046 - Step 01187: 4952.8652 E_h, exp. variance=21.9935 E_h^2, pmove=0.51
2026-06-09 02:29:53,380 - Step 01188: 4953.4756 E_h, exp. variance=19.8318 E_h^2, pmove=0.50
2026-06-09 02:29:53,711 - Step 01189: 4954.2285 E_h, exp. variance=18.0090 E_h^2, pmove=0.51
2026-06-09 02:29:54,043 - Step 01190: 4952.5225 E_h, exp. variance=16.2310 E_h^2, pmove=0.50
2026-06-09 02:29:54,376 - Step 01191: 4953.3701 E_h, exp. variance=14.6219 E_h^2, pmove=0.51
2026-06-09 02:29:54,708 - Step 01192: 4951.5742 E_h, exp. variance=13.3468 E_h^2, pmove=0.51
2026-06-09 02:29:55,038 - Step 01193: 4953.4268 E_h, exp. variance=12.0398 E_h^2, pmove=0.51
2026-06-09 02:29:55,370 - Step 01194: 4951.9653 E_h, exp. variance=10.9192 E_h^2, pmove=0.51
2026-06-09 02:29:55,702 - Step 01195: 4952.8818 E_h, exp. variance=9.8275 E_h^2, pmove=0.50
2026-06-09 02:29:56,035 - Step 01196: 4952.3623 E_h, exp. variance=8.8650 E_h^2, pmove=0.51
2026-06-09 02:29:56,365 - Step 01197: 4950.5439 E_h, exp. variance=8.4321 E_h^2, pmove=0.50
2026-06-09 02:29:56,696 - Step 01198: 4952.3857 E_h, exp. variance=7.5918 E_h^2, pmove=0.50
2026-06-09 02:29:57,029 - Step 01199: 4951.1162 E_h, exp. variance=7.0167 E_h^2, pmove=0.50
2026-06-09 02:29:57,360 - Step 01200: 4952.3311 E_h, exp. variance=6.3155 E_h^2, pmove=0.50
2026-06-09 02:29:57,690 - Step 01201: 4952.7158 E_h, exp. variance=5.6932 E_h^2, pmove=0.50
2026-06-09 02:29:58,021 - Step 01202: 4952.9219 E_h, exp. variance=5.1458 E_h^2, pmove=0.50
2026-06-09 02:29:58,353 - Step 01203: 4949.9932 E_h, exp. variance=5.1865 E_h^2, pmove=0.50
2026-06-09 02:29:58,692 - Step 01204: 4954.8008 E_h, exp. variance=5.2633 E_h^2, pmove=0.51
2026-06-09 02:29:59,022 - Step 01205: 4988.4497 E_h, exp. variance=121.1430 E_h^2, pmove=0.50
2026-06-09 02:29:59,357 - Step 01206: 5326.4805 E_h, exp. variance=12456.5791 E_h^2, pmove=0.50
2026-06-09 02:29:59,690 - Step 01207: 4967.0469 E_h, exp. variance=11272.1133 E_h^2, pmove=0.50
2026-06-09 02:30:00,026 - Step 01208: 5215.4614 E_h, exp. variance=14698.9961 E_h^2, pmove=0.50
2026-06-09 02:30:00,360 - Step 01209: 5044.0400 E_h, exp. variance=13315.7578 E_h^2, pmove=0.50
2026-06-09 02:30:00,697 - Step 01210: 4974.5264 E_h, exp. variance=12139.8271 E_h^2, pmove=0.51
2026-06-09 02:30:01,029 - Step 01211: 5028.4028 E_h, exp. variance=10950.1963 E_h^2, pmove=0.50
2026-06-09 02:30:01,361 - Step 01212: 4955.5098 E_h, exp. variance=10158.8652 E_h^2, pmove=0.50
2026-06-09 02:30:01,698 - Step 01213: 4952.2690 E_h, exp. variance=9420.4062 E_h^2, pmove=0.50
2026-06-09 02:30:02,030 - Step 01214: 4953.7002 E_h, exp. variance=8690.3916 E_h^2, pmove=0.51
2026-06-09 02:30:02,365 - Step 01215: 4952.8281 E_h, exp. variance=8000.0205 E_h^2, pmove=0.50
2026-06-09 02:30:02,699 - Step 01216: 4953.3730 E_h, exp. variance=7340.8335 E_h^2, pmove=0.50
2026-06-09 02:30:03,034 - Step 01217: 4953.3569 E_h, exp. variance=6720.9131 E_h^2, pmove=0.50
2026-06-09 02:30:03,367 - Step 01218: 4949.1055 E_h, exp. variance=6167.4507 E_h^2, pmove=0.50
2026-06-09 02:30:03,701 - Step 01219: 4949.6826 E_h, exp. variance=5643.4316 E_h^2, pmove=0.50
2026-06-09 02:30:04,038 - Step 01220: 4949.4443 E_h, exp. variance=5155.4399 E_h^2, pmove=0.51
2026-06-09 02:30:04,372 - Step 01221: 4950.6719 E_h, exp. variance=4696.0845 E_h^2, pmove=0.50
2026-06-09 02:30:04,706 - Step 01222: 4949.5068 E_h, exp. variance=4276.8271 E_h^2, pmove=0.51
2026-06-09 02:30:05,036 - Step 01223: 4950.8799 E_h, exp. variance=3884.8372 E_h^2, pmove=0.51
2026-06-09 02:30:05,369 - Step 01224: 4952.3130 E_h, exp. variance=3520.8254 E_h^2, pmove=0.50
2026-06-09 02:30:05,702 - Step 01225: 4951.8071 E_h, exp. variance=3189.9397 E_h^2, pmove=0.51
2026-06-09 02:30:06,035 - Step 01226: 4951.4546 E_h, exp. variance=2889.0027 E_h^2, pmove=0.50
2026-06-09 02:30:06,369 - Step 01227: 4952.6025 E_h, exp. variance=2612.2131 E_h^2, pmove=0.51
2026-06-09 02:30:06,702 - Step 01228: 4953.1519 E_h, exp. variance=2359.7959 E_h^2, pmove=0.50
2026-06-09 02:30:07,035 - Step 01229: 4952.5391 E_h, exp. variance=2131.9631 E_h^2, pmove=0.51
2026-06-09 02:30:07,367 - Step 01230: 4952.8379 E_h, exp. variance=1924.9127 E_h^2, pmove=0.51
2026-06-09 02:30:07,703 - Step 01231: 4952.4629 E_h, exp. variance=1737.9146 E_h^2, pmove=0.51
2026-06-09 02:30:08,039 - Step 01232: 4950.5439 E_h, exp. variance=1571.3326 E_h^2, pmove=0.50
2026-06-09 02:30:08,374 - Step 01233: 4950.6870 E_h, exp. variance=1419.8335 E_h^2, pmove=0.50
2026-06-09 02:30:08,708 - Step 01234: 4950.3018 E_h, exp. variance=1282.9211 E_h^2, pmove=0.50
2026-06-09 02:30:09,040 - Step 01235: 4950.8511 E_h, exp. variance=1158.0959 E_h^2, pmove=0.51
2026-06-09 02:30:09,371 - Step 01236: 4951.2520 E_h, exp. variance=1044.7059 E_h^2, pmove=0.51
2026-06-09 02:30:09,701 - Step 01237: 4949.8237 E_h, exp. variance=943.5784 E_h^2, pmove=0.50
2026-06-09 02:30:10,038 - Step 01238: 4949.2788 E_h, exp. variance=852.4933 E_h^2, pmove=0.50
2026-06-09 02:30:10,381 - Step 01239: 4949.8384 E_h, exp. variance=769.3765 E_h^2, pmove=0.51
2026-06-09 02:30:10,716 - Step 01240: 4949.0713 E_h, exp. variance=694.8239 E_h^2, pmove=0.50
2026-06-09 02:30:11,051 - Step 01241: 4950.6055 E_h, exp. variance=626.2059 E_h^2, pmove=0.50
2026-06-09 02:30:11,385 - Step 01242: 4949.4077 E_h, exp. variance=565.0159 E_h^2, pmove=0.50
2026-06-09 02:30:11,718 - Step 01243: 4949.9702 E_h, exp. variance=509.3383 E_h^2, pmove=0.50
2026-06-09 02:30:12,048 - Step 01244: 4949.4727 E_h, exp. variance=459.3380 E_h^2, pmove=0.50
2026-06-09 02:30:12,380 - Step 01245: 4950.9849 E_h, exp. variance=413.5771 E_h^2, pmove=0.51
2026-06-09 02:30:12,713 - Step 01246: 4949.5342 E_h, exp. variance=372.8747 E_h^2, pmove=0.51
2026-06-09 02:30:13,044 - Step 01247: 4952.6177 E_h, exp. variance=335.6258 E_h^2, pmove=0.50
2026-06-09 02:30:13,389 - Step 01248: 4952.7935 E_h, exp. variance=302.1160 E_h^2, pmove=0.50
2026-06-09 02:30:13,724 - Step 01249: 4952.2783 E_h, exp. variance=271.9071 E_h^2, pmove=0.50
2026-06-09 02:30:14,060 - Step 01250: 4951.1040 E_h, exp. variance=244.8097 E_h^2, pmove=0.51
2026-06-09 02:30:14,395 - Step 01251: 4950.4688 E_h, exp. variance=220.5454 E_h^2, pmove=0.50
2026-06-09 02:30:14,730 - Step 01252: 4951.1963 E_h, exp. variance=198.5311 E_h^2, pmove=0.50
2026-06-09 02:30:15,061 - Step 01253: 4952.5146 E_h, exp. variance=178.7242 E_h^2, pmove=0.50
2026-06-09 02:30:15,393 - Step 01254: 4950.0488 E_h, exp. variance=161.1503 E_h^2, pmove=0.51
2026-06-09 02:30:15,726 - Step 01255: 4947.6914 E_h, exp. variance=146.4728 E_h^2, pmove=0.50
2026-06-09 02:30:16,059 - Step 01256: 4949.4980 E_h, exp. variance=132.1139 E_h^2, pmove=0.51
2026-06-09 02:30:16,391 - Step 01257: 4947.7119 E_h, exp. variance=119.9411 E_h^2, pmove=0.51
2026-06-09 02:30:16,726 - Step 01258: 4950.3330 E_h, exp. variance=107.9641 E_h^2, pmove=0.52
2026-06-09 02:30:17,060 - Step 01259: 4949.9619 E_h, exp. variance=97.2202 E_h^2, pmove=0.50
2026-06-09 02:30:17,393 - Step 01260: 4950.7417 E_h, exp. variance=87.4989 E_h^2, pmove=0.50
2026-06-09 02:30:17,726 - Step 01261: 4950.6621 E_h, exp. variance=78.7490 E_h^2, pmove=0.50
2026-06-09 02:30:18,057 - Step 01262: 4952.7852 E_h, exp. variance=71.2809 E_h^2, pmove=0.51
2026-06-09 02:30:18,388 - Step 01263: 4952.5259 E_h, exp. variance=64.3991 E_h^2, pmove=0.50
2026-06-09 02:30:18,721 - Step 01264: 4952.4453 E_h, exp. variance=58.1377 E_h^2, pmove=0.51
2026-06-09 02:30:19,054 - Step 01265: 4947.8384 E_h, exp. variance=53.3275 E_h^2, pmove=0.51
2026-06-09 02:30:19,391 - Step 01266: 4951.1816 E_h, exp. variance=48.0050 E_h^2, pmove=0.50
2026-06-09 02:30:19,728 - Step 01267: 4949.5166 E_h, exp. variance=43.3712 E_h^2, pmove=0.50
2026-06-09 02:30:20,064 - Step 01268: 4949.6816 E_h, exp. variance=39.1351 E_h^2, pmove=0.51
2026-06-09 02:30:20,394 - Step 01269: 4948.7656 E_h, exp. variance=35.5362 E_h^2, pmove=0.50
2026-06-09 02:30:20,728 - Step 01270: 4950.2031 E_h, exp. variance=31.9880 E_h^2, pmove=0.50
2026-06-09 02:30:21,067 - Step 01271: 4948.8384 E_h, exp. variance=29.0154 E_h^2, pmove=0.50
2026-06-09 02:30:21,399 - Step 01272: 4951.3208 E_h, exp. variance=26.2142 E_h^2, pmove=0.50
2026-06-09 02:30:21,737 - Step 01273: 4950.6079 E_h, exp. variance=23.5978 E_h^2, pmove=0.50
2026-06-09 02:30:22,068 - Step 01274: 4951.4688 E_h, exp. variance=21.3419 E_h^2, pmove=0.50
2026-06-09 02:30:22,399 - Step 01275: 4949.7866 E_h, exp. variance=19.2538 E_h^2, pmove=0.49
2026-06-09 02:30:22,732 - Step 01276: 4949.1514 E_h, exp. variance=17.4757 E_h^2, pmove=0.50
2026-06-09 02:30:23,065 - Step 01277: 4951.1772 E_h, exp. variance=15.7969 E_h^2, pmove=0.51
2026-06-09 02:30:23,399 - Step 01278: 4950.4175 E_h, exp. variance=14.2173 E_h^2, pmove=0.50
2026-06-09 02:30:23,730 - Step 01279: 4950.3320 E_h, exp. variance=12.7959 E_h^2, pmove=0.50
2026-06-09 02:30:24,066 - Step 01280: 4950.6299 E_h, exp. variance=11.5216 E_h^2, pmove=0.51
2026-06-09 02:30:24,409 - Step 01281: 4947.7949 E_h, exp. variance=10.9855 E_h^2, pmove=0.50
2026-06-09 02:30:24,746 - Step 01282: 4950.3345 E_h, exp. variance=9.8900 E_h^2, pmove=0.51
2026-06-09 02:30:25,102 - Step 01283: 4950.5854 E_h, exp. variance=8.9167 E_h^2, pmove=0.51
2026-06-09 02:30:25,439 - Step 01284: 4951.7568 E_h, exp. variance=8.2404 E_h^2, pmove=0.50
2026-06-09 02:30:25,773 - Step 01285: 4951.5781 E_h, exp. variance=7.5489 E_h^2, pmove=0.50
2026-06-09 02:30:26,105 - Step 01286: 4950.0503 E_h, exp. variance=6.8111 E_h^2, pmove=0.50
2026-06-09 02:30:26,438 - Step 01287: 4951.2681 E_h, exp. variance=6.1913 E_h^2, pmove=0.51
2026-06-09 02:30:26,770 - Step 01288: 4949.6665 E_h, exp. variance=5.6385 E_h^2, pmove=0.50
2026-06-09 02:30:27,102 - Step 01289: 4951.3301 E_h, exp. variance=5.1461 E_h^2, pmove=0.50
2026-06-09 02:30:27,436 - Step 01290: 4951.6406 E_h, exp. variance=4.7428 E_h^2, pmove=0.50
2026-06-09 02:30:27,772 - Step 01291: 4950.9507 E_h, exp. variance=4.2772 E_h^2, pmove=0.50
2026-06-09 02:30:28,110 - Step 01292: 4949.9912 E_h, exp. variance=3.8911 E_h^2, pmove=0.50
2026-06-09 02:30:28,448 - Step 01293: 4951.1973 E_h, exp. variance=3.5338 E_h^2, pmove=0.50
2026-06-09 02:30:28,780 - Step 01294: 4951.9360 E_h, exp. variance=3.3263 E_h^2, pmove=0.50
2026-06-09 02:30:29,112 - Step 01295: 4949.7256 E_h, exp. variance=3.0957 E_h^2, pmove=0.50
2026-06-09 02:30:29,447 - Step 01296: 4950.5967 E_h, exp. variance=2.7868 E_h^2, pmove=0.50
2026-06-09 02:30:29,779 - Step 01297: 4949.2998 E_h, exp. variance=2.6783 E_h^2, pmove=0.50
2026-06-09 02:30:30,111 - Step 01298: 4950.6152 E_h, exp. variance=2.4110 E_h^2, pmove=0.51
2026-06-09 02:30:30,444 - Step 01299: 4949.6826 E_h, exp. variance=2.2368 E_h^2, pmove=0.50
2026-06-09 02:30:30,776 - Step 01300: 4950.1509 E_h, exp. variance=2.0216 E_h^2, pmove=0.50
2026-06-09 02:30:31,110 - Step 01301: 4949.9141 E_h, exp. variance=1.8432 E_h^2, pmove=0.50
2026-06-09 02:30:31,445 - Step 01302: 4950.0469 E_h, exp. variance=1.6687 E_h^2, pmove=0.50
2026-06-09 02:30:31,779 - Step 01303: 4950.8184 E_h, exp. variance=1.5221 E_h^2, pmove=0.50
2026-06-09 02:30:32,118 - Step 01304: 4949.3311 E_h, exp. variance=1.4710 E_h^2, pmove=0.50
2026-06-09 02:30:32,450 - Step 01305: 4950.8452 E_h, exp. variance=1.3521 E_h^2, pmove=0.51
2026-06-09 02:30:32,781 - Step 01306: 4947.8848 E_h, exp. variance=1.7600 E_h^2, pmove=0.50
2026-06-09 02:30:33,115 - Step 01307: 4951.5498 E_h, exp. variance=1.7743 E_h^2, pmove=0.50
2026-06-09 02:30:33,447 - Step 01308: 4948.8457 E_h, exp. variance=1.7722 E_h^2, pmove=0.49
2026-06-09 02:30:33,780 - Step 01309: 4952.0024 E_h, exp. variance=1.9202 E_h^2, pmove=0.50
2026-06-09 02:30:34,116 - Step 01310: 4951.3076 E_h, exp. variance=1.8211 E_h^2, pmove=0.51
2026-06-09 02:30:34,449 - Step 01311: 4951.9775 E_h, exp. variance=1.8649 E_h^2, pmove=0.50
2026-06-09 02:30:34,789 - Step 01312: 4952.2368 E_h, exp. variance=1.9340 E_h^2, pmove=0.50
2026-06-09 02:30:35,125 - Step 01313: 4954.5098 E_h, exp. variance=3.0330 E_h^2, pmove=0.50
2026-06-09 02:30:35,463 - Step 01314: 4950.8999 E_h, exp. variance=2.7333 E_h^2, pmove=0.51
2026-06-09 02:30:35,799 - Step 01315: 4953.3818 E_h, exp. variance=2.9372 E_h^2, pmove=0.49
2026-06-09 02:30:36,134 - Step 01316: 4949.7358 E_h, exp. variance=2.8664 E_h^2, pmove=0.50
2026-06-09 02:30:36,468 - Step 01317: 4951.0068 E_h, exp. variance=2.5816 E_h^2, pmove=0.50
2026-06-09 02:30:36,798 - Step 01318: 4950.4019 E_h, exp. variance=2.3722 E_h^2, pmove=0.50
2026-06-09 02:30:37,129 - Step 01319: 4950.9658 E_h, exp. variance=2.1359 E_h^2, pmove=0.50
2026-06-09 02:30:37,474 - Step 01320: 4949.7686 E_h, exp. variance=2.0710 E_h^2, pmove=0.51
2026-06-09 02:30:37,809 - Step 01321: 4949.9546 E_h, exp. variance=1.9488 E_h^2, pmove=0.50
2026-06-09 02:30:38,146 - Step 01322: 4950.5068 E_h, exp. variance=1.7633 E_h^2, pmove=0.50
2026-06-09 02:30:38,481 - Step 01323: 4952.1006 E_h, exp. variance=1.7400 E_h^2, pmove=0.51
2026-06-09 02:30:38,816 - Step 01324: 4951.0625 E_h, exp. variance=1.5677 E_h^2, pmove=0.50
2026-06-09 02:30:39,150 - Step 01325: 4952.4375 E_h, exp. variance=1.6126 E_h^2, pmove=0.51
2026-06-09 02:30:39,487 - Step 01326: 4952.3013 E_h, exp. variance=1.5833 E_h^2, pmove=0.50
2026-06-09 02:30:39,821 - Step 01327: 4952.1235 E_h, exp. variance=1.4999 E_h^2, pmove=0.50
2026-06-09 02:30:40,154 - Step 01328: 4950.5967 E_h, exp. variance=1.3947 E_h^2, pmove=0.50
2026-06-09 02:30:40,490 - Step 01329: 4952.4648 E_h, exp. variance=1.3921 E_h^2, pmove=0.50
2026-06-09 02:30:40,822 - Step 01330: 4951.6260 E_h, exp. variance=1.2595 E_h^2, pmove=0.51
2026-06-09 02:30:41,157 - Step 01331: 4951.9805 E_h, exp. variance=1.1657 E_h^2, pmove=0.50
2026-06-09 02:30:41,490 - Step 01332: 4952.8730 E_h, exp. variance=1.2334 E_h^2, pmove=0.50
2026-06-09 02:30:41,825 - Step 01333: 4951.1465 E_h, exp. variance=1.1274 E_h^2, pmove=0.50
2026-06-09 02:30:42,161 - Step 01334: 4950.0200 E_h, exp. variance=1.2230 E_h^2, pmove=0.50
2026-06-09 02:30:42,499 - Step 01335: 4950.4785 E_h, exp. variance=1.1753 E_h^2, pmove=0.50
2026-06-09 02:30:42,834 - Step 01336: 4951.6519 E_h, exp. variance=1.0691 E_h^2, pmove=0.50
2026-06-09 02:30:43,167 - Step 01337: 4952.9497 E_h, exp. variance=1.1974 E_h^2, pmove=0.50
2026-06-09 02:30:43,499 - Step 01338: 4951.1323 E_h, exp. variance=1.0895 E_h^2, pmove=0.50
2026-06-09 02:30:43,831 - Step 01339: 4951.7930 E_h, exp. variance=0.9906 E_h^2, pmove=0.50
2026-06-09 02:30:44,164 - Step 01340: 4951.5176 E_h, exp. variance=0.8916 E_h^2, pmove=0.50
2026-06-09 02:30:44,498 - Step 01341: 4952.6719 E_h, exp. variance=0.9272 E_h^2, pmove=0.50
2026-06-09 02:30:44,833 - Step 01342: 4951.0195 E_h, exp. variance=0.8661 E_h^2, pmove=0.50
2026-06-09 02:30:45,169 - Step 01343: 4950.6079 E_h, exp. variance=0.8599 E_h^2, pmove=0.50
2026-06-09 02:30:45,504 - Step 01344: 4948.8174 E_h, exp. variance=1.4017 E_h^2, pmove=0.50
2026-06-09 02:30:45,840 - Step 01345: 4948.9219 E_h, exp. variance=1.7263 E_h^2, pmove=0.50
2026-06-09 02:30:46,177 - Step 01346: 4949.4648 E_h, exp. variance=1.7568 E_h^2, pmove=0.50
2026-06-09 02:30:46,514 - Step 01347: 4949.2915 E_h, exp. variance=1.7905 E_h^2, pmove=0.51
2026-06-09 02:30:46,851 - Step 01348: 4949.2480 E_h, exp. variance=1.7921 E_h^2, pmove=0.50
2026-06-09 02:30:47,189 - Step 01349: 4950.2051 E_h, exp. variance=1.6220 E_h^2, pmove=0.49
2026-06-09 02:30:47,525 - Step 01350: 4951.0908 E_h, exp. variance=1.4921 E_h^2, pmove=0.51
2026-06-09 02:30:47,859 - Step 01351: 4950.4683 E_h, exp. variance=1.3435 E_h^2, pmove=0.50
2026-06-09 02:30:48,196 - Step 01352: 4949.9497 E_h, exp. variance=1.2409 E_h^2, pmove=0.50
2026-06-09 02:30:48,529 - Step 01353: 4949.4766 E_h, exp. variance=1.2080 E_h^2, pmove=0.50
2026-06-09 02:30:48,864 - Step 01354: 4949.2617 E_h, exp. variance=1.2003 E_h^2, pmove=0.50
2026-06-09 02:30:49,197 - Step 01355: 4949.9365 E_h, exp. variance=1.0903 E_h^2, pmove=0.50
2026-06-09 02:30:49,531 - Step 01356: 4950.9600 E_h, exp. variance=1.0283 E_h^2, pmove=0.50
2026-06-09 02:30:49,865 - Step 01357: 4949.8608 E_h, exp. variance=0.9436 E_h^2, pmove=0.50
2026-06-09 02:30:50,219 - Step 01358: 4952.4150 E_h, exp. variance=1.2654 E_h^2, pmove=0.50
2026-06-09 02:30:50,563 - Step 01359: 4950.9292 E_h, exp. variance=1.1571 E_h^2, pmove=0.50
2026-06-09 02:30:50,906 - Step 01360: 4952.0781 E_h, exp. variance=1.2586 E_h^2, pmove=0.50
2026-06-09 02:30:51,242 - Step 01361: 4951.9009 E_h, exp. variance=1.2670 E_h^2, pmove=0.50
2026-06-09 02:30:51,578 - Step 01362: 4951.2803 E_h, exp. variance=1.1609 E_h^2, pmove=0.50
2026-06-09 02:30:51,913 - Step 01363: 4950.5869 E_h, exp. variance=1.0510 E_h^2, pmove=0.50
2026-06-09 02:30:52,249 - Step 01364: 4951.3564 E_h, exp. variance=0.9715 E_h^2, pmove=0.51
2026-06-09 02:30:52,582 - Step 01365: 4952.2734 E_h, exp. variance=1.0500 E_h^2, pmove=0.50
2026-06-09 02:30:52,924 - Step 01366: 4949.9746 E_h, exp. variance=1.0426 E_h^2, pmove=0.50
2026-06-09 02:30:53,258 - Step 01367: 4951.0273 E_h, exp. variance=0.9395 E_h^2, pmove=0.50
2026-06-09 02:30:53,592 - Step 01368: 4949.4038 E_h, exp. variance=1.0535 E_h^2, pmove=0.49
2026-06-09 02:30:53,927 - Step 01369: 4949.4932 E_h, exp. variance=1.0954 E_h^2, pmove=0.51
2026-06-09 02:30:54,261 - Step 01370: 4949.0024 E_h, exp. variance=1.2284 E_h^2, pmove=0.50
2026-06-09 02:30:54,597 - Step 01371: 4950.0596 E_h, exp. variance=1.1214 E_h^2, pmove=0.51
2026-06-09 02:30:54,930 - Step 01372: 4951.6855 E_h, exp. variance=1.1494 E_h^2, pmove=0.50
2026-06-09 02:30:55,269 - Step 01373: 4951.1670 E_h, exp. variance=1.0673 E_h^2, pmove=0.50
2026-06-09 02:30:55,605 - Step 01374: 4950.5708 E_h, exp. variance=0.9608 E_h^2, pmove=0.50
2026-06-09 02:30:55,939 - Step 01375: 4950.3965 E_h, exp. variance=0.8692 E_h^2, pmove=0.50
2026-06-09 02:30:56,276 - Step 01376: 4950.0923 E_h, exp. variance=0.8050 E_h^2, pmove=0.50
2026-06-09 02:30:56,615 - Step 01377: 4949.4229 E_h, exp. variance=0.8380 E_h^2, pmove=0.50
2026-06-09 02:30:56,952 - Step 01378: 4950.0742 E_h, exp. variance=0.7657 E_h^2, pmove=0.51
2026-06-09 02:30:57,285 - Step 01379: 4950.4185 E_h, exp. variance=0.6892 E_h^2, pmove=0.51
2026-06-09 02:30:57,622 - Step 01380: 4950.4561 E_h, exp. variance=0.6206 E_h^2, pmove=0.50
2026-06-09 02:30:57,960 - Step 01381: 4950.5361 E_h, exp. variance=0.5601 E_h^2, pmove=0.50
2026-06-09 02:30:58,297 - Step 01382: 4951.5796 E_h, exp. variance=0.6254 E_h^2, pmove=0.50
2026-06-09 02:30:58,632 - Step 01383: 4949.3164 E_h, exp. variance=0.6964 E_h^2, pmove=0.50
2026-06-09 02:30:58,974 - Step 01384: 4949.7271 E_h, exp. variance=0.6691 E_h^2, pmove=0.50
2026-06-09 02:30:59,308 - Step 01385: 4950.6572 E_h, exp. variance=0.6110 E_h^2, pmove=0.50
2026-06-09 02:30:59,644 - Step 01386: 4950.8101 E_h, exp. variance=0.5669 E_h^2, pmove=0.50
2026-06-09 02:30:59,978 - Step 01387: 4951.1035 E_h, exp. variance=0.5523 E_h^2, pmove=0.51
2026-06-09 02:31:00,311 - Step 01388: 4950.3613 E_h, exp. variance=0.4985 E_h^2, pmove=0.50
2026-06-09 02:31:00,646 - Step 01389: 4950.9443 E_h, exp. variance=0.4685 E_h^2, pmove=0.50
2026-06-09 02:31:00,985 - Step 01390: 4951.0049 E_h, exp. variance=0.4426 E_h^2, pmove=0.50
2026-06-09 02:31:01,319 - Step 01391: 4950.0864 E_h, exp. variance=0.4194 E_h^2, pmove=0.50
2026-06-09 02:31:01,652 - Step 01392: 4949.0703 E_h, exp. variance=0.5671 E_h^2, pmove=0.50
2026-06-09 02:31:01,989 - Step 01393: 4950.0190 E_h, exp. variance=0.5220 E_h^2, pmove=0.50
2026-06-09 02:31:02,327 - Step 01394: 4950.4756 E_h, exp. variance=0.4714 E_h^2, pmove=0.50
2026-06-09 02:31:02,663 - Step 01395: 4949.5977 E_h, exp. variance=0.4758 E_h^2, pmove=0.50
2026-06-09 02:31:03,000 - Step 01396: 4950.9580 E_h, exp. variance=0.4697 E_h^2, pmove=0.50
2026-06-09 02:31:03,335 - Step 01397: 4950.7227 E_h, exp. variance=0.4355 E_h^2, pmove=0.50
2026-06-09 02:31:03,669 - Step 01398: 4951.5752 E_h, exp. variance=0.5196 E_h^2, pmove=0.50
2026-06-09 02:31:04,001 - Step 01399: 4951.8613 E_h, exp. variance=0.6336 E_h^2, pmove=0.50
2026-06-09 02:31:04,334 - Step 01400: 4950.7402 E_h, exp. variance=0.5711 E_h^2, pmove=0.50
2026-06-09 02:31:04,668 - Step 01401: 4950.2607 E_h, exp. variance=0.5276 E_h^2, pmove=0.50
2026-06-09 02:31:05,003 - Step 01402: 4950.3711 E_h, exp. variance=0.4800 E_h^2, pmove=0.50
2026-06-09 02:31:05,336 - Step 01403: 4951.3467 E_h, exp. variance=0.4840 E_h^2, pmove=0.50
2026-06-09 02:31:05,669 - Step 01404: 4952.8057 E_h, exp. variance=0.8490 E_h^2, pmove=0.50
2026-06-09 02:31:06,003 - Step 01405: 4949.8799 E_h, exp. variance=0.8535 E_h^2, pmove=0.49
2026-06-09 02:31:06,339 - Step 01406: 4951.0498 E_h, exp. variance=0.7749 E_h^2, pmove=0.51
2026-06-09 02:31:06,675 - Step 01407: 4949.7300 E_h, exp. variance=0.8013 E_h^2, pmove=0.50
2026-06-09 02:31:07,010 - Step 01408: 4950.7837 E_h, exp. variance=0.7219 E_h^2, pmove=0.50
2026-06-09 02:31:07,346 - Step 01409: 4950.4741 E_h, exp. variance=0.6545 E_h^2, pmove=0.51
2026-06-09 02:31:07,682 - Step 01410: 4951.6699 E_h, exp. variance=0.6768 E_h^2, pmove=0.51
2026-06-09 02:31:08,019 - Step 01411: 4949.8467 E_h, exp. variance=0.6877 E_h^2, pmove=0.50
2026-06-09 02:31:08,352 - Step 01412: 4949.9590 E_h, exp. variance=0.6668 E_h^2, pmove=0.50
2026-06-09 02:31:08,686 - Step 01413: 4949.7417 E_h, exp. variance=0.6688 E_h^2, pmove=0.50
2026-06-09 02:31:09,030 - Step 01414: 4950.5542 E_h, exp. variance=0.6020 E_h^2, pmove=0.51
2026-06-09 02:31:09,368 - Step 01415: 4951.8750 E_h, exp. variance=0.7045 E_h^2, pmove=0.50
2026-06-09 02:31:09,706 - Step 01416: 4951.2744 E_h, exp. variance=0.6675 E_h^2, pmove=0.50
2026-06-09 02:31:10,041 - Step 01417: 4950.8813 E_h, exp. variance=0.6030 E_h^2, pmove=0.50
2026-06-09 02:31:10,380 - Step 01418: 4951.0605 E_h, exp. variance=0.5519 E_h^2, pmove=0.50
2026-06-09 02:31:10,717 - Step 01419: 4951.5308 E_h, exp. variance=0.5484 E_h^2, pmove=0.50
2026-06-09 02:31:11,052 - Step 01420: 4952.0288 E_h, exp. variance=0.6189 E_h^2, pmove=0.50
2026-06-09 02:31:11,385 - Step 01421: 4951.4932 E_h, exp. variance=0.5819 E_h^2, pmove=0.50
2026-06-09 02:31:11,727 - Step 01422: 4949.4570 E_h, exp. variance=0.7435 E_h^2, pmove=0.50
2026-06-09 02:31:12,062 - Step 01423: 4948.7422 E_h, exp. variance=1.0740 E_h^2, pmove=0.50
2026-06-09 02:31:12,397 - Step 01424: 4950.1914 E_h, exp. variance=0.9857 E_h^2, pmove=0.50
2026-06-09 02:31:12,734 - Step 01425: 4949.0488 E_h, exp. variance=1.1052 E_h^2, pmove=0.50
2026-06-09 02:31:13,071 - Step 01426: 4948.2056 E_h, exp. variance=1.4479 E_h^2, pmove=0.51
2026-06-09 02:31:13,407 - Step 01427: 4948.4355 E_h, exp. variance=1.5913 E_h^2, pmove=0.51
2026-06-09 02:31:13,743 - Step 01428: 4949.8174 E_h, exp. variance=1.4369 E_h^2, pmove=0.50
2026-06-09 02:31:14,077 - Step 01429: 4951.4707 E_h, exp. variance=1.4819 E_h^2, pmove=0.51
2026-06-09 02:31:14,411 - Step 01430: 4950.0015 E_h, exp. variance=1.3362 E_h^2, pmove=0.50
2026-06-09 02:31:14,749 - Step 01431: 4950.5195 E_h, exp. variance=1.2148 E_h^2, pmove=0.50
2026-06-09 02:31:15,089 - Step 01432: 4951.3086 E_h, exp. variance=1.2063 E_h^2, pmove=0.51
2026-06-09 02:31:15,426 - Step 01433: 4950.9541 E_h, exp. variance=1.1242 E_h^2, pmove=0.50
2026-06-09 02:31:15,764 - Step 01434: 4950.3262 E_h, exp. variance=1.0119 E_h^2, pmove=0.50
2026-06-09 02:31:16,098 - Step 01435: 4952.0059 E_h, exp. variance=1.1541 E_h^2, pmove=0.50
2026-06-09 02:31:16,445 - Step 01436: 4949.5996 E_h, exp. variance=1.1159 E_h^2, pmove=0.50
2026-06-09 02:31:16,789 - Step 01437: 4950.6201 E_h, exp. variance=1.0075 E_h^2, pmove=0.50
2026-06-09 02:31:17,134 - Step 01438: 4949.2983 E_h, exp. variance=1.0264 E_h^2, pmove=0.50
2026-06-09 02:31:17,471 - Step 01439: 4951.2197 E_h, exp. variance=0.9940 E_h^2, pmove=0.50
2026-06-09 02:31:17,811 - Step 01440: 4950.0005 E_h, exp. variance=0.9108 E_h^2, pmove=0.50
2026-06-09 02:31:18,147 - Step 01441: 4948.4346 E_h, exp. variance=1.1612 E_h^2, pmove=0.50
2026-06-09 02:31:18,481 - Step 01442: 4947.7891 E_h, exp. variance=1.5628 E_h^2, pmove=0.50
2026-06-09 02:31:18,816 - Step 01443: 4948.3701 E_h, exp. variance=1.6305 E_h^2, pmove=0.50
2026-06-09 02:31:19,149 - Step 01444: 4948.7822 E_h, exp. variance=1.5589 E_h^2, pmove=0.50
2026-06-09 02:31:19,481 - Step 01445: 4948.8589 E_h, exp. variance=1.4651 E_h^2, pmove=0.50
2026-06-09 02:31:19,815 - Step 01446: 4950.5239 E_h, exp. variance=1.3943 E_h^2, pmove=0.50
2026-06-09 02:31:20,154 - Step 01447: 4949.2803 E_h, exp. variance=1.2706 E_h^2, pmove=0.50
2026-06-09 02:31:20,495 - Step 01448: 4949.4907 E_h, exp. variance=1.1460 E_h^2, pmove=0.50
2026-06-09 02:31:20,836 - Step 01449: 4949.7017 E_h, exp. variance=1.0318 E_h^2, pmove=0.50
2026-06-09 02:31:21,174 - Step 01450: 4950.9917 E_h, exp. variance=1.0916 E_h^2, pmove=0.50
2026-06-09 02:31:21,509 - Step 01451: 4950.2900 E_h, exp. variance=1.0058 E_h^2, pmove=0.49
2026-06-09 02:31:21,846 - Step 01452: 4950.3857 E_h, exp. variance=0.9328 E_h^2, pmove=0.50
2026-06-09 02:31:22,180 - Step 01453: 4949.8584 E_h, exp. variance=0.8396 E_h^2, pmove=0.51
2026-06-09 02:31:22,514 - Step 01454: 4950.7070 E_h, exp. variance=0.8166 E_h^2, pmove=0.50
2026-06-09 02:31:22,854 - Step 01455: 4950.1074 E_h, exp. variance=0.7368 E_h^2, pmove=0.50
2026-06-09 02:31:23,190 - Step 01456: 4950.8047 E_h, exp. variance=0.7242 E_h^2, pmove=0.50
2026-06-09 02:31:23,532 - Step 01457: 4949.4688 E_h, exp. variance=0.6836 E_h^2, pmove=0.50
2026-06-09 02:31:23,870 - Step 01458: 4948.8911 E_h, exp. variance=0.7266 E_h^2, pmove=0.50
2026-06-09 02:31:24,205 - Step 01459: 4950.4624 E_h, exp. variance=0.6832 E_h^2, pmove=0.51
2026-06-09 02:31:24,539 - Step 01460: 4949.9785 E_h, exp. variance=0.6150 E_h^2, pmove=0.50
2026-06-09 02:31:25,412 - Step 01461: 4949.5962 E_h, exp. variance=0.5649 E_h^2, pmove=0.51
2026-06-09 02:31:25,752 - Step 01462: 4950.8057 E_h, exp. variance=0.5795 E_h^2, pmove=0.50
2026-06-09 02:31:26,090 - Step 01463: 4949.7637 E_h, exp. variance=0.5268 E_h^2, pmove=0.50
2026-06-09 02:31:26,427 - Step 01464: 4951.1084 E_h, exp. variance=0.5885 E_h^2, pmove=0.50
2026-06-09 02:31:26,760 - Step 01465: 4948.4639 E_h, exp. variance=0.7688 E_h^2, pmove=0.50
2026-06-09 02:31:27,100 - Step 01466: 4949.9795 E_h, exp. variance=0.6922 E_h^2, pmove=0.50
2026-06-09 02:31:27,438 - Step 01467: 4950.1094 E_h, exp. variance=0.6257 E_h^2, pmove=0.51
2026-06-09 02:31:27,771 - Step 01468: 4949.2798 E_h, exp. variance=0.6039 E_h^2, pmove=0.51
2026-06-09 02:31:28,110 - Step 01469: 4948.6177 E_h, exp. variance=0.6882 E_h^2, pmove=0.50
2026-06-09 02:31:28,446 - Step 01470: 4950.2080 E_h, exp. variance=0.6376 E_h^2, pmove=0.50
2026-06-09 02:31:28,780 - Step 01471: 4948.7568 E_h, exp. variance=0.6724 E_h^2, pmove=0.51
2026-06-09 02:31:29,114 - Step 01472: 4950.2993 E_h, exp. variance=0.6376 E_h^2, pmove=0.50
2026-06-09 02:31:29,449 - Step 01473: 4950.1660 E_h, exp. variance=0.5887 E_h^2, pmove=0.50
2026-06-09 02:31:29,789 - Step 01474: 4951.3984 E_h, exp. variance=0.7599 E_h^2, pmove=0.51
2026-06-09 02:31:30,122 - Step 01475: 4951.1338 E_h, exp. variance=0.8080 E_h^2, pmove=0.50
2026-06-09 02:31:30,456 - Step 01476: 4950.9038 E_h, exp. variance=0.7887 E_h^2, pmove=0.50
2026-06-09 02:31:30,791 - Step 01477: 4949.9414 E_h, exp. variance=0.7141 E_h^2, pmove=0.50
2026-06-09 02:31:31,127 - Step 01478: 4949.0312 E_h, exp. variance=0.7529 E_h^2, pmove=0.50
2026-06-09 02:31:31,463 - Step 01479: 4951.3149 E_h, exp. variance=0.8269 E_h^2, pmove=0.50
2026-06-09 02:31:31,798 - Step 01480: 4949.6602 E_h, exp. variance=0.7663 E_h^2, pmove=0.49
2026-06-09 02:31:32,134 - Step 01481: 4949.1812 E_h, exp. variance=0.7668 E_h^2, pmove=0.50
2026-06-09 02:31:32,468 - Step 01482: 4947.1865 E_h, exp. variance=1.4094 E_h^2, pmove=0.50
2026-06-09 02:31:32,803 - Step 01483: 4950.4595 E_h, exp. variance=1.3163 E_h^2, pmove=0.50
2026-06-09 02:31:33,138 - Step 01484: 4949.4248 E_h, exp. variance=1.1975 E_h^2, pmove=0.50
2026-06-09 02:31:33,475 - Step 01485: 4950.1484 E_h, exp. variance=1.0910 E_h^2, pmove=0.50
2026-06-09 02:31:33,809 - Step 01486: 4948.2266 E_h, exp. variance=1.2058 E_h^2, pmove=0.50
2026-06-09 02:31:34,142 - Step 01487: 4952.0713 E_h, exp. variance=1.6146 E_h^2, pmove=0.51
2026-06-09 02:31:34,476 - Step 01488: 4949.3857 E_h, exp. variance=1.4759 E_h^2, pmove=0.50
2026-06-09 02:31:34,810 - Step 01489: 4950.1855 E_h, exp. variance=1.3391 E_h^2, pmove=0.50
2026-06-09 02:31:35,144 - Step 01490: 4950.3857 E_h, exp. variance=1.2289 E_h^2, pmove=0.50
2026-06-09 02:31:35,480 - Step 01491: 4949.8350 E_h, exp. variance=1.1067 E_h^2, pmove=0.50
2026-06-09 02:31:35,816 - Step 01492: 4950.6274 E_h, exp. variance=1.0416 E_h^2, pmove=0.50
2026-06-09 02:31:36,153 - Step 01493: 4950.9795 E_h, exp. variance=1.0262 E_h^2, pmove=0.51
2026-06-09 02:31:36,488 - Step 01494: 4950.1445 E_h, exp. variance=0.9239 E_h^2, pmove=0.50
2026-06-09 02:31:36,822 - Step 01495: 4951.0586 E_h, exp. variance=0.9156 E_h^2, pmove=0.50
2026-06-09 02:31:37,156 - Step 01496: 4950.0410 E_h, exp. variance=0.8260 E_h^2, pmove=0.50
2026-06-09 02:31:37,494 - Step 01497: 4952.0732 E_h, exp. variance=1.0681 E_h^2, pmove=0.51
2026-06-09 02:31:37,829 - Step 01498: 4949.5215 E_h, exp. variance=1.0251 E_h^2, pmove=0.50
2026-06-09 02:31:38,164 - Step 01499: 4949.8975 E_h, exp. variance=0.9357 E_h^2, pmove=0.51
2026-06-09 02:31:38,500 - Step 01500: 4949.5762 E_h, exp. variance=0.8820 E_h^2, pmove=0.50
2026-06-09 02:31:38,838 - Step 01501: 4949.9971 E_h, exp. variance=0.7966 E_h^2, pmove=0.51
2026-06-09 02:31:39,175 - Step 01502: 4949.9199 E_h, exp. variance=0.7220 E_h^2, pmove=0.50
2026-06-09 02:31:39,511 - Step 01503: 4950.1279 E_h, exp. variance=0.6498 E_h^2, pmove=0.50
2026-06-09 02:31:39,846 - Step 01504: 4949.4639 E_h, exp. variance=0.6251 E_h^2, pmove=0.50
2026-06-09 02:31:40,183 - Step 01505: 4948.8638 E_h, exp. variance=0.6927 E_h^2, pmove=0.50
2026-06-09 02:31:40,518 - Step 01506: 4949.8423 E_h, exp. variance=0.6244 E_h^2, pmove=0.51
2026-06-09 02:31:40,854 - Step 01507: 4948.7148 E_h, exp. variance=0.6960 E_h^2, pmove=0.51
2026-06-09 02:31:41,190 - Step 01508: 4949.4507 E_h, exp. variance=0.6383 E_h^2, pmove=0.50
2026-06-09 02:31:41,530 - Step 01509: 4949.1006 E_h, exp. variance=0.6157 E_h^2, pmove=0.50
2026-06-09 02:31:41,864 - Step 01510: 4948.8301 E_h, exp. variance=0.6237 E_h^2, pmove=0.50
2026-06-09 02:31:42,201 - Step 01511: 4949.1655 E_h, exp. variance=0.5801 E_h^2, pmove=0.50
2026-06-09 02:31:42,537 - Step 01512: 4949.9619 E_h, exp. variance=0.5354 E_h^2, pmove=0.50
2026-06-09 02:31:42,873 - Step 01513: 4949.1763 E_h, exp. variance=0.4992 E_h^2, pmove=0.50
2026-06-09 02:31:43,208 - Step 01514: 4949.3271 E_h, exp. variance=0.4546 E_h^2, pmove=0.50
2026-06-09 02:31:43,544 - Step 01515: 4948.5928 E_h, exp. variance=0.4910 E_h^2, pmove=0.51
2026-06-09 02:31:43,879 - Step 01516: 4947.6416 E_h, exp. variance=0.7366 E_h^2, pmove=0.49
2026-06-09 02:31:44,214 - Step 01517: 4948.7798 E_h, exp. variance=0.6846 E_h^2, pmove=0.50
2026-06-09 02:31:44,549 - Step 01518: 4949.8506 E_h, exp. variance=0.6518 E_h^2, pmove=0.51
2026-06-09 02:31:44,906 - Step 01519: 4949.9355 E_h, exp. variance=0.6248 E_h^2, pmove=0.51
2026-06-09 02:31:45,269 - Step 01520: 4950.2588 E_h, exp. variance=0.6368 E_h^2, pmove=0.50
2026-06-09 02:31:45,613 - Step 01521: 4951.1406 E_h, exp. variance=0.8334 E_h^2, pmove=0.50
2026-06-09 02:31:45,953 - Step 01522: 4951.2969 E_h, exp. variance=1.0062 E_h^2, pmove=0.51
2026-06-09 02:31:46,295 - Step 01523: 4950.9043 E_h, exp. variance=1.0197 E_h^2, pmove=0.50
2026-06-09 02:31:46,632 - Step 01524: 4950.8423 E_h, exp. variance=0.9991 E_h^2, pmove=0.50
2026-06-09 02:31:46,969 - Step 01525: 4950.3652 E_h, exp. variance=0.9122 E_h^2, pmove=0.51
2026-06-09 02:31:47,306 - Step 01526: 4949.5059 E_h, exp. variance=0.8451 E_h^2, pmove=0.50
2026-06-09 02:31:47,642 - Step 01527: 4950.1006 E_h, exp. variance=0.7621 E_h^2, pmove=0.50
2026-06-09 02:31:47,978 - Step 01528: 4949.1538 E_h, exp. variance=0.7481 E_h^2, pmove=0.50
2026-06-09 02:31:48,313 - Step 01529: 4950.3438 E_h, exp. variance=0.6908 E_h^2, pmove=0.50
2026-06-09 02:31:48,651 - Step 01530: 4950.2568 E_h, exp. variance=0.6304 E_h^2, pmove=0.50
2026-06-09 02:31:48,988 - Step 01531: 4950.6309 E_h, exp. variance=0.6058 E_h^2, pmove=0.51
2026-06-09 02:31:49,329 - Step 01532: 4951.9824 E_h, exp. variance=0.8838 E_h^2, pmove=0.50
2026-06-09 02:31:49,669 - Step 01533: 4952.3027 E_h, exp. variance=1.1795 E_h^2, pmove=0.51
2026-06-09 02:31:50,007 - Step 01534: 4949.2798 E_h, exp. variance=1.1834 E_h^2, pmove=0.50
2026-06-09 02:31:50,344 - Step 01535: 4952.5127 E_h, exp. variance=1.4950 E_h^2, pmove=0.50
2026-06-09 02:31:50,682 - Step 01536: 4950.1499 E_h, exp. variance=1.3596 E_h^2, pmove=0.50
2026-06-09 02:31:51,023 - Step 01537: 4948.8472 E_h, exp. variance=1.4714 E_h^2, pmove=0.50
2026-06-09 02:31:51,368 - Step 01538: 4947.9102 E_h, exp. variance=1.8558 E_h^2, pmove=0.50
2026-06-09 02:31:51,705 - Step 01539: 4948.8770 E_h, exp. variance=1.8042 E_h^2, pmove=0.51
2026-06-09 02:31:52,042 - Step 01540: 4948.0034 E_h, exp. variance=1.9736 E_h^2, pmove=0.50
2026-06-09 02:31:52,384 - Step 01541: 4949.1387 E_h, exp. variance=1.8130 E_h^2, pmove=0.50
2026-06-09 02:31:52,721 - Step 01542: 4949.0771 E_h, exp. variance=1.6682 E_h^2, pmove=0.50
2026-06-09 02:31:53,060 - Step 01543: 4950.0391 E_h, exp. variance=1.5150 E_h^2, pmove=0.50
2026-06-09 02:31:53,399 - Step 01544: 4949.5371 E_h, exp. variance=1.3656 E_h^2, pmove=0.51
2026-06-09 02:31:53,740 - Step 01545: 4949.8315 E_h, exp. variance=1.2313 E_h^2, pmove=0.51
2026-06-09 02:31:54,087 - Step 01546: 4949.9268 E_h, exp. variance=1.1132 E_h^2, pmove=0.50
2026-06-09 02:31:54,428 - Step 01547: 4948.8672 E_h, exp. variance=1.0664 E_h^2, pmove=0.50
2026-06-09 02:31:54,766 - Step 01548: 4949.6333 E_h, exp. variance=0.9597 E_h^2, pmove=0.50
2026-06-09 02:31:55,105 - Step 01549: 4950.3818 E_h, exp. variance=0.9147 E_h^2, pmove=0.50
2026-06-09 02:31:55,447 - Step 01550: 4950.4971 E_h, exp. variance=0.8796 E_h^2, pmove=0.50
2026-06-09 02:31:55,790 - Step 01551: 4949.9487 E_h, exp. variance=0.7941 E_h^2, pmove=0.50
2026-06-09 02:31:56,132 - Step 01552: 4949.0371 E_h, exp. variance=0.7672 E_h^2, pmove=0.51
2026-06-09 02:31:56,476 - Step 01553: 4947.7642 E_h, exp. variance=1.0364 E_h^2, pmove=0.51
2026-06-09 02:31:56,814 - Step 01554: 4948.4888 E_h, exp. variance=1.0300 E_h^2, pmove=0.50
2026-06-09 02:31:57,153 - Step 01555: 4948.9502 E_h, exp. variance=0.9472 E_h^2, pmove=0.51
2026-06-09 02:31:57,492 - Step 01556: 4948.0234 E_h, exp. variance=1.0174 E_h^2, pmove=0.50
2026-06-09 02:31:57,834 - Step 01557: 4948.2744 E_h, exp. variance=0.9999 E_h^2, pmove=0.51
2026-06-09 02:31:58,174 - Step 01558: 4949.8809 E_h, exp. variance=0.9486 E_h^2, pmove=0.50
2026-06-09 02:31:58,517 - Step 01559: 4951.5293 E_h, exp. variance=1.3342 E_h^2, pmove=0.50
2026-06-09 02:31:58,859 - Step 01560: 4949.1455 E_h, exp. variance=1.2091 E_h^2, pmove=0.50
2026-06-09 02:31:59,201 - Step 01561: 4946.6631 E_h, exp. variance=1.7720 E_h^2, pmove=0.49
2026-06-09 02:31:59,540 - Step 01562: 4948.2808 E_h, exp. variance=1.6618 E_h^2, pmove=0.50
2026-06-09 02:31:59,885 - Step 01563: 4948.6318 E_h, exp. variance=1.5119 E_h^2, pmove=0.51
2026-06-09 02:32:00,229 - Step 01564: 4949.9829 E_h, exp. variance=1.4451 E_h^2, pmove=0.50
2026-06-09 02:32:00,575 - Step 01565: 4951.2881 E_h, exp. variance=1.7270 E_h^2, pmove=0.50
2026-06-09 02:32:00,916 - Step 01566: 4951.2051 E_h, exp. variance=1.8710 E_h^2, pmove=0.50
2026-06-09 02:32:01,258 - Step 01567: 4949.9717 E_h, exp. variance=1.7026 E_h^2, pmove=0.50
2026-06-09 02:32:01,598 - Step 01568: 4950.7236 E_h, exp. variance=1.6538 E_h^2, pmove=0.50
2026-06-09 02:32:01,938 - Step 01569: 4948.9795 E_h, exp. variance=1.5323 E_h^2, pmove=0.50
2026-06-09 02:32:02,282 - Step 01570: 4949.3770 E_h, exp. variance=1.3839 E_h^2, pmove=0.51
2026-06-09 02:32:02,621 - Step 01571: 4948.7109 E_h, exp. variance=1.3144 E_h^2, pmove=0.50
2026-06-09 02:32:02,960 - Step 01572: 4949.9404 E_h, exp. variance=1.2005 E_h^2, pmove=0.50
2026-06-09 02:32:03,299 - Step 01573: 4949.4023 E_h, exp. variance=1.0822 E_h^2, pmove=0.50
2026-06-09 02:32:03,639 - Step 01574: 4949.4922 E_h, exp. variance=0.9741 E_h^2, pmove=0.51
2026-06-09 02:32:03,978 - Step 01575: 4949.0073 E_h, exp. variance=0.9008 E_h^2, pmove=0.49
2026-06-09 02:32:04,318 - Step 01576: 4947.4795 E_h, exp. variance=1.1685 E_h^2, pmove=0.50
2026-06-09 02:32:04,659 - Step 01577: 4949.2246 E_h, exp. variance=1.0518 E_h^2, pmove=0.50
2026-06-09 02:32:04,998 - Step 01578: 4948.5664 E_h, exp. variance=0.9911 E_h^2, pmove=0.50
2026-06-09 02:32:05,338 - Step 01579: 4949.1650 E_h, exp. variance=0.8921 E_h^2, pmove=0.50
2026-06-09 02:32:05,678 - Step 01580: 4948.5762 E_h, exp. variance=0.8374 E_h^2, pmove=0.50
2026-06-09 02:32:06,018 - Step 01581: 4947.5210 E_h, exp. variance=0.9876 E_h^2, pmove=0.50
2026-06-09 02:32:06,360 - Step 01582: 4948.2041 E_h, exp. variance=0.9419 E_h^2, pmove=0.50
2026-06-09 02:32:06,700 - Step 01583: 4950.2793 E_h, exp. variance=1.0201 E_h^2, pmove=0.50
2026-06-09 02:32:07,040 - Step 01584: 4948.1123 E_h, exp. variance=0.9945 E_h^2, pmove=0.50
2026-06-09 02:32:07,381 - Step 01585: 4950.8311 E_h, exp. variance=1.2164 E_h^2, pmove=0.51
2026-06-09 02:32:07,722 - Step 01586: 4948.3330 E_h, exp. variance=1.1520 E_h^2, pmove=0.49
2026-06-09 02:32:08,061 - Step 01587: 4949.5430 E_h, exp. variance=1.0586 E_h^2, pmove=0.51
2026-06-09 02:32:08,399 - Step 01588: 4947.9375 E_h, exp. variance=1.0744 E_h^2, pmove=0.49
2026-06-09 02:32:08,740 - Step 01589: 4949.5498 E_h, exp. variance=0.9958 E_h^2, pmove=0.50
2026-06-09 02:32:09,081 - Step 01590: 4949.3564 E_h, exp. variance=0.9052 E_h^2, pmove=0.50
2026-06-09 02:32:09,420 - Step 01591: 4952.2109 E_h, exp. variance=1.7013 E_h^2, pmove=0.50
2026-06-09 02:32:09,761 - Step 01592: 4949.4482 E_h, exp. variance=1.5315 E_h^2, pmove=0.50
2026-06-09 02:32:10,103 - Step 01593: 4948.8193 E_h, exp. variance=1.4079 E_h^2, pmove=0.51
2026-06-09 02:32:10,444 - Step 01594: 4948.8657 E_h, exp. variance=1.2870 E_h^2, pmove=0.50
2026-06-09 02:32:10,782 - Step 01595: 4949.2471 E_h, exp. variance=1.1584 E_h^2, pmove=0.50
2026-06-09 02:32:11,121 - Step 01596: 4950.2031 E_h, exp. variance=1.1186 E_h^2, pmove=0.50
2026-06-09 02:32:11,466 - Step 01597: 4951.8647 E_h, exp. variance=1.5642 E_h^2, pmove=0.50
2026-06-09 02:32:11,806 - Step 01598: 4950.2168 E_h, exp. variance=1.4393 E_h^2, pmove=0.50
2026-06-09 02:32:12,147 - Step 01599: 4953.5771 E_h, exp. variance=2.6594 E_h^2, pmove=0.50
2026-06-09 02:32:12,487 - Step 01600: 4951.8477 E_h, exp. variance=2.6768 E_h^2, pmove=0.50
2026-06-09 02:32:12,829 - Step 01601: 4953.5186 E_h, exp. variance=3.3704 E_h^2, pmove=0.50
2026-06-09 02:32:13,170 - Step 01602: 4949.6396 E_h, exp. variance=3.1124 E_h^2, pmove=0.50
2026-06-09 02:32:13,510 - Step 01603: 4951.1182 E_h, exp. variance=2.8375 E_h^2, pmove=0.50
2026-06-09 02:32:13,853 - Step 01604: 4949.1836 E_h, exp. variance=2.7210 E_h^2, pmove=0.50
2026-06-09 02:32:14,197 - Step 01605: 4950.1572 E_h, exp. variance=2.4547 E_h^2, pmove=0.50
2026-06-09 02:32:14,537 - Step 01606: 4949.6016 E_h, exp. variance=2.2645 E_h^2, pmove=0.49
2026-06-09 02:32:14,875 - Step 01607: 4949.8057 E_h, exp. variance=2.0606 E_h^2, pmove=0.51
2026-06-09 02:32:15,216 - Step 01608: 4948.9141 E_h, exp. variance=2.0167 E_h^2, pmove=0.50
2026-06-09 02:32:15,557 - Step 01609: 4948.7715 E_h, exp. variance=1.9792 E_h^2, pmove=0.50
2026-06-09 02:32:15,902 - Step 01610: 4948.5771 E_h, exp. variance=1.9601 E_h^2, pmove=0.50
2026-06-09 02:32:16,248 - Step 01611: 4952.0820 E_h, exp. variance=2.2142 E_h^2, pmove=0.50
2026-06-09 02:32:16,598 - Step 01612: 4949.0181 E_h, exp. variance=2.0923 E_h^2, pmove=0.49
2026-06-09 02:32:16,945 - Step 01613: 4951.4292 E_h, exp. variance=2.0762 E_h^2, pmove=0.50
2026-06-09 02:32:17,292 - Step 01614: 4950.4272 E_h, exp. variance=1.8775 E_h^2, pmove=0.50
2026-06-09 02:32:17,638 - Step 01615: 4953.1558 E_h, exp. variance=2.5069 E_h^2, pmove=0.51
2026-06-09 02:32:17,975 - Step 01616: 4956.6011 E_h, exp. variance=5.6683 E_h^2, pmove=0.50
2026-06-09 02:32:18,315 - Step 01617: 4961.8398 E_h, exp. variance=15.5607 E_h^2, pmove=0.50
2026-06-09 02:32:18,657 - Step 01618: 4957.0386 E_h, exp. variance=16.1663 E_h^2, pmove=0.50
2026-06-09 02:32:18,997 - Step 01619: 4951.8545 E_h, exp. variance=14.6035 E_h^2, pmove=0.49
2026-06-09 02:32:19,338 - Step 01620: 4952.1284 E_h, exp. variance=13.1592 E_h^2, pmove=0.51
2026-06-09 02:32:19,678 - Step 01621: 4951.5127 E_h, exp. variance=11.9326 E_h^2, pmove=0.51
2026-06-09 02:32:20,024 - Step 01622: 4950.2031 E_h, exp. variance=11.1773 E_h^2, pmove=0.50
2026-06-09 02:32:20,369 - Step 01623: 4950.5410 E_h, exp. variance=10.3039 E_h^2, pmove=0.50
2026-06-09 02:32:20,710 - Step 01624: 4951.4121 E_h, exp. variance=9.3072 E_h^2, pmove=0.50
2026-06-09 02:32:21,070 - Step 01625: 4950.9419 E_h, exp. variance=8.4703 E_h^2, pmove=0.50
2026-06-09 02:32:21,414 - Step 01626: 4951.1963 E_h, exp. variance=7.6630 E_h^2, pmove=0.50
2026-06-09 02:32:21,757 - Step 01627: 4949.8652 E_h, exp. variance=7.2317 E_h^2, pmove=0.50
2026-06-09 02:32:22,096 - Step 01628: 4951.6118 E_h, exp. variance=6.5085 E_h^2, pmove=0.50
2026-06-09 02:32:22,440 - Step 01629: 4950.4126 E_h, exp. variance=5.9851 E_h^2, pmove=0.50
2026-06-09 02:32:22,789 - Step 01630: 4951.9268 E_h, exp. variance=5.4043 E_h^2, pmove=0.50
2026-06-09 02:32:23,128 - Step 01631: 4949.6494 E_h, exp. variance=5.1814 E_h^2, pmove=0.51
2026-06-09 02:32:23,471 - Step 01632: 4950.9922 E_h, exp. variance=4.6741 E_h^2, pmove=0.50
2026-06-09 02:32:23,818 - Step 01633: 4951.9092 E_h, exp. variance=4.2396 E_h^2, pmove=0.50
2026-06-09 02:32:24,157 - Step 01634: 4950.7148 E_h, exp. variance=3.8537 E_h^2, pmove=0.50
2026-06-09 02:32:24,501 - Step 01635: 4951.6479 E_h, exp. variance=3.4792 E_h^2, pmove=0.50
2026-06-09 02:32:24,846 - Step 01636: 4951.8447 E_h, exp. variance=3.1546 E_h^2, pmove=0.50
2026-06-09 02:32:25,188 - Step 01637: 4951.2842 E_h, exp. variance=2.8401 E_h^2, pmove=0.50
2026-06-09 02:32:25,532 - Step 01638: 4951.0220 E_h, exp. variance=2.5674 E_h^2, pmove=0.50
2026-06-09 02:32:25,878 - Step 01639: 4949.2490 E_h, exp. variance=2.7044 E_h^2, pmove=0.50
2026-06-09 02:32:26,221 - Step 01640: 4950.2334 E_h, exp. variance=2.5066 E_h^2, pmove=0.50
2026-06-09 02:32:26,560 - Step 01641: 4952.5757 E_h, exp. variance=2.4677 E_h^2, pmove=0.50
2026-06-09 02:32:26,899 - Step 01642: 4950.3818 E_h, exp. variance=2.2805 E_h^2, pmove=0.50
2026-06-09 02:32:27,242 - Step 01643: 4953.1177 E_h, exp. variance=2.4138 E_h^2, pmove=0.50
2026-06-09 02:32:27,581 - Step 01644: 4952.7368 E_h, exp. variance=2.3547 E_h^2, pmove=0.50
2026-06-09 02:32:27,922 - Step 01645: 4951.7871 E_h, exp. variance=2.1290 E_h^2, pmove=0.50
2026-06-09 02:32:28,264 - Step 01646: 4951.3867 E_h, exp. variance=1.9171 E_h^2, pmove=0.49
2026-06-09 02:32:28,608 - Step 01647: 4953.0098 E_h, exp. variance=1.9363 E_h^2, pmove=0.51
2026-06-09 02:32:28,950 - Step 01648: 4952.4160 E_h, exp. variance=1.7980 E_h^2, pmove=0.50
2026-06-09 02:32:29,290 - Step 01649: 4953.0586 E_h, exp. variance=1.7818 E_h^2, pmove=0.50
2026-06-09 02:32:29,632 - Step 01650: 4951.3115 E_h, exp. variance=1.6292 E_h^2, pmove=0.50
2026-06-09 02:32:29,972 - Step 01651: 4951.9619 E_h, exp. variance=1.4689 E_h^2, pmove=0.50
2026-06-09 02:32:30,310 - Step 01652: 4951.4375 E_h, exp. variance=1.3344 E_h^2, pmove=0.49
2026-06-09 02:32:30,651 - Step 01653: 4952.1724 E_h, exp. variance=1.2154 E_h^2, pmove=0.50
2026-06-09 02:32:30,992 - Step 01654: 4948.3525 E_h, exp. variance=2.1710 E_h^2, pmove=0.50
2026-06-09 02:32:31,335 - Step 01655: 4949.2197 E_h, exp. variance=2.4079 E_h^2, pmove=0.50
2026-06-09 02:32:31,674 - Step 01656: 4948.8135 E_h, exp. variance=2.6976 E_h^2, pmove=0.50
2026-06-09 02:32:32,014 - Step 01657: 4950.7695 E_h, exp. variance=2.4326 E_h^2, pmove=0.50
2026-06-09 02:32:32,357 - Step 01658: 4950.9131 E_h, exp. variance=2.1897 E_h^2, pmove=0.50
2026-06-09 02:32:32,695 - Step 01659: 4951.5117 E_h, exp. variance=1.9972 E_h^2, pmove=0.50
2026-06-09 02:32:33,036 - Step 01660: 4952.4824 E_h, exp. variance=1.9890 E_h^2, pmove=0.50
2026-06-09 02:32:33,374 - Step 01661: 4953.0664 E_h, exp. variance=2.1140 E_h^2, pmove=0.49
2026-06-09 02:32:33,718 - Step 01662: 4951.7275 E_h, exp. variance=1.9148 E_h^2, pmove=0.50
2026-06-09 02:32:34,059 - Step 01663: 4951.4375 E_h, exp. variance=1.7235 E_h^2, pmove=0.51
2026-06-09 02:32:34,402 - Step 01664: 4950.0288 E_h, exp. variance=1.7204 E_h^2, pmove=0.50
2026-06-09 02:32:34,745 - Step 01665: 4950.1597 E_h, exp. variance=1.6580 E_h^2, pmove=0.50
2026-06-09 02:32:35,087 - Step 01666: 4950.0859 E_h, exp. variance=1.5946 E_h^2, pmove=0.50
2026-06-09 02:32:35,427 - Step 01667: 4947.7393 E_h, exp. variance=2.4192 E_h^2, pmove=0.49
2026-06-09 02:32:35,770 - Step 01668: 4948.5391 E_h, exp. variance=2.6035 E_h^2, pmove=0.50
2026-06-09 02:32:36,111 - Step 01669: 4948.2705 E_h, exp. variance=2.7896 E_h^2, pmove=0.50
2026-06-09 02:32:36,451 - Step 01670: 4950.4180 E_h, exp. variance=2.5125 E_h^2, pmove=0.51
2026-06-09 02:32:36,791 - Step 01671: 4950.1543 E_h, exp. variance=2.2628 E_h^2, pmove=0.50
2026-06-09 02:32:37,130 - Step 01672: 4951.0371 E_h, exp. variance=2.0888 E_h^2, pmove=0.50
2026-06-09 02:32:37,470 - Step 01673: 4951.0557 E_h, exp. variance=1.9245 E_h^2, pmove=0.50
2026-06-09 02:32:37,809 - Step 01674: 4951.8799 E_h, exp. variance=1.9234 E_h^2, pmove=0.50
2026-06-09 02:32:38,150 - Step 01675: 4950.7637 E_h, exp. variance=1.7345 E_h^2, pmove=0.49
2026-06-09 02:32:38,496 - Step 01676: 4950.2886 E_h, exp. variance=1.5691 E_h^2, pmove=0.50
2026-06-09 02:32:38,866 - Step 01677: 4950.8730 E_h, exp. variance=1.4211 E_h^2, pmove=0.50
2026-06-09 02:32:39,212 - Step 01678: 4949.6919 E_h, exp. variance=1.3515 E_h^2, pmove=0.49
2026-06-09 02:32:39,557 - Step 01679: 4951.5010 E_h, exp. variance=1.3066 E_h^2, pmove=0.50
2026-06-09 02:32:39,899 - Step 01680: 4950.9546 E_h, exp. variance=1.1873 E_h^2, pmove=0.51
2026-06-09 02:32:40,238 - Step 01681: 4951.5420 E_h, exp. variance=1.1426 E_h^2, pmove=0.49
2026-06-09 02:32:40,578 - Step 01682: 4949.2305 E_h, exp. variance=1.2296 E_h^2, pmove=0.50
2026-06-09 02:32:40,920 - Step 01683: 4950.4111 E_h, exp. variance=1.1091 E_h^2, pmove=0.50
2026-06-09 02:32:41,268 - Step 01684: 4951.2988 E_h, exp. variance=1.0473 E_h^2, pmove=0.50
2026-06-09 02:32:41,613 - Step 01685: 4951.2480 E_h, exp. variance=0.9766 E_h^2, pmove=0.50
2026-06-09 02:32:41,957 - Step 01686: 4951.6465 E_h, exp. variance=0.9603 E_h^2, pmove=0.50
2026-06-09 02:32:42,300 - Step 01687: 4952.3237 E_h, exp. variance=1.0759 E_h^2, pmove=0.50
2026-06-09 02:32:42,643 - Step 01688: 4952.1665 E_h, exp. variance=1.1028 E_h^2, pmove=0.49
2026-06-09 02:32:42,984 - Step 01689: 4951.4180 E_h, exp. variance=1.0037 E_h^2, pmove=0.50
2026-06-09 02:32:43,330 - Step 01690: 4951.6309 E_h, exp. variance=0.9286 E_h^2, pmove=0.50
2026-06-09 02:32:43,670 - Step 01691: 4951.0186 E_h, exp. variance=0.8374 E_h^2, pmove=0.50
2026-06-09 02:32:44,009 - Step 01692: 4950.4727 E_h, exp. variance=0.7938 E_h^2, pmove=0.50
2026-06-09 02:32:44,351 - Step 01693: 4950.6899 E_h, exp. variance=0.7277 E_h^2, pmove=0.50
2026-06-09 02:32:44,690 - Step 01694: 4950.1689 E_h, exp. variance=0.7224 E_h^2, pmove=0.49
2026-06-09 02:32:45,029 - Step 01695: 4950.4824 E_h, exp. variance=0.6698 E_h^2, pmove=0.51
2026-06-09 02:32:45,368 - Step 01696: 4949.3467 E_h, exp. variance=0.8206 E_h^2, pmove=0.50
2026-06-09 02:32:45,708 - Step 01697: 4949.9600 E_h, exp. variance=0.7942 E_h^2, pmove=0.49
2026-06-09 02:32:46,049 - Step 01698: 4951.0249 E_h, exp. variance=0.7263 E_h^2, pmove=0.50
2026-06-09 02:32:46,390 - Step 01699: 4949.1504 E_h, exp. variance=0.8708 E_h^2, pmove=0.49
2026-06-09 02:32:46,730 - Step 01700: 4950.6787 E_h, exp. variance=0.7852 E_h^2, pmove=0.50
2026-06-09 02:32:47,070 - Step 01701: 4946.8276 E_h, exp. variance=1.9615 E_h^2, pmove=0.50
2026-06-09 02:32:47,412 - Step 01702: 4949.2617 E_h, exp. variance=1.8425 E_h^2, pmove=0.50
2026-06-09 02:32:47,756 - Step 01703: 4949.5786 E_h, exp. variance=1.6823 E_h^2, pmove=0.50
2026-06-09 02:32:48,099 - Step 01704: 4948.9355 E_h, exp. variance=1.6245 E_h^2, pmove=0.50
2026-06-09 02:32:48,440 - Step 01705: 4950.3271 E_h, exp. variance=1.4761 E_h^2, pmove=0.50
2026-06-09 02:32:48,780 - Step 01706: 4949.6182 E_h, exp. variance=1.3398 E_h^2, pmove=0.50
2026-06-09 02:32:49,121 - Step 01707: 4949.9268 E_h, exp. variance=1.2058 E_h^2, pmove=0.50
2026-06-09 02:32:49,465 - Step 01708: 4950.9819 E_h, exp. variance=1.1838 E_h^2, pmove=0.50
2026-06-09 02:32:49,809 - Step 01709: 4949.5469 E_h, exp. variance=1.0873 E_h^2, pmove=0.50
2026-06-09 02:32:50,151 - Step 01710: 4949.9370 E_h, exp. variance=0.9788 E_h^2, pmove=0.50
2026-06-09 02:32:50,492 - Step 01711: 4949.6348 E_h, exp. variance=0.8920 E_h^2, pmove=0.50
2026-06-09 02:32:50,835 - Step 01712: 4949.6113 E_h, exp. variance=0.8131 E_h^2, pmove=0.50
2026-06-09 02:32:51,180 - Step 01713: 4950.8184 E_h, exp. variance=0.8050 E_h^2, pmove=0.50
2026-06-09 02:32:51,522 - Step 01714: 4949.7881 E_h, exp. variance=0.7288 E_h^2, pmove=0.50
2026-06-09 02:32:51,864 - Step 01715: 4949.8242 E_h, exp. variance=0.6583 E_h^2, pmove=0.51
2026-06-09 02:32:52,207 - Step 01716: 4949.7676 E_h, exp. variance=0.5961 E_h^2, pmove=0.50
2026-06-09 02:32:52,553 - Step 01717: 4949.7710 E_h, exp. variance=0.5393 E_h^2, pmove=0.50
2026-06-09 02:32:52,901 - Step 01718: 4948.8789 E_h, exp. variance=0.5850 E_h^2, pmove=0.49
2026-06-09 02:32:53,250 - Step 01719: 4948.5615 E_h, exp. variance=0.6705 E_h^2, pmove=0.50
2026-06-09 02:32:53,597 - Step 01720: 4949.8096 E_h, exp. variance=0.6045 E_h^2, pmove=0.50
2026-06-09 02:32:53,942 - Step 01721: 4950.3306 E_h, exp. variance=0.5786 E_h^2, pmove=0.49
2026-06-09 02:32:54,288 - Step 01722: 4950.4111 E_h, exp. variance=0.5574 E_h^2, pmove=0.50
2026-06-09 02:32:54,632 - Step 01723: 4950.1455 E_h, exp. variance=0.5102 E_h^2, pmove=0.51
2026-06-09 02:32:54,975 - Step 01724: 4950.7617 E_h, exp. variance=0.5311 E_h^2, pmove=0.51
2026-06-09 02:32:55,321 - Step 01725: 4947.8560 E_h, exp. variance=0.8753 E_h^2, pmove=0.49
2026-06-09 02:32:55,665 - Step 01726: 4951.8438 E_h, exp. variance=1.1835 E_h^2, pmove=0.50
2026-06-09 02:32:56,007 - Step 01727: 4949.6582 E_h, exp. variance=1.0731 E_h^2, pmove=0.50
2026-06-09 02:32:56,348 - Step 01728: 4949.4111 E_h, exp. variance=0.9897 E_h^2, pmove=0.50
2026-06-09 02:32:56,689 - Step 01729: 4950.2832 E_h, exp. variance=0.9058 E_h^2, pmove=0.50
2026-06-09 02:32:57,028 - Step 01730: 4950.3115 E_h, exp. variance=0.8293 E_h^2, pmove=0.50
2026-06-09 02:32:57,370 - Step 01731: 4950.9854 E_h, exp. variance=0.8418 E_h^2, pmove=0.50
2026-06-09 02:32:57,711 - Step 01732: 4950.4238 E_h, exp. variance=0.7696 E_h^2, pmove=0.51
2026-06-09 02:32:58,054 - Step 01733: 4949.4512 E_h, exp. variance=0.7300 E_h^2, pmove=0.50
2026-06-09 02:32:58,400 - Step 01734: 4949.4102 E_h, exp. variance=0.6916 E_h^2, pmove=0.50
2026-06-09 02:32:58,741 - Step 01735: 4949.2578 E_h, exp. variance=0.6680 E_h^2, pmove=0.51
2026-06-09 02:32:59,087 - Step 01736: 4949.0752 E_h, exp. variance=0.6620 E_h^2, pmove=0.50
2026-06-09 02:32:59,427 - Step 01737: 4947.9150 E_h, exp. variance=0.9209 E_h^2, pmove=0.50
2026-06-09 02:32:59,767 - Step 01738: 4948.6182 E_h, exp. variance=0.9201 E_h^2, pmove=0.51
2026-06-09 02:33:00,117 - Step 01739: 4947.6865 E_h, exp. variance=1.1322 E_h^2, pmove=0.50
2026-06-09 02:33:00,459 - Step 01740: 4950.0078 E_h, exp. variance=1.0591 E_h^2, pmove=0.50
2026-06-09 02:33:00,800 - Step 01741: 4948.3750 E_h, exp. variance=1.0491 E_h^2, pmove=0.50
2026-06-09 02:33:01,141 - Step 01742: 4950.5400 E_h, exp. variance=1.0816 E_h^2, pmove=0.50
2026-06-09 02:33:01,482 - Step 01743: 4949.7764 E_h, exp. variance=0.9843 E_h^2, pmove=0.50
2026-06-09 02:33:01,821 - Step 01744: 4950.3838 E_h, exp. variance=0.9622 E_h^2, pmove=0.50
2026-06-09 02:33:02,162 - Step 01745: 4949.0957 E_h, exp. variance=0.8850 E_h^2, pmove=0.50
2026-06-09 02:33:02,505 - Step 01746: 4950.2261 E_h, exp. variance=0.8427 E_h^2, pmove=0.50
2026-06-09 02:33:02,848 - Step 01747: 4949.2715 E_h, exp. variance=0.7671 E_h^2, pmove=0.50
2026-06-09 02:33:03,189 - Step 01748: 4950.1304 E_h, exp. variance=0.7207 E_h^2, pmove=0.50
2026-06-09 02:33:03,534 - Step 01749: 4949.5601 E_h, exp. variance=0.6488 E_h^2, pmove=0.50
2026-06-09 02:33:03,877 - Step 01750: 4949.9414 E_h, exp. variance=0.5942 E_h^2, pmove=0.50
2026-06-09 02:33:04,224 - Step 01751: 4950.5249 E_h, exp. variance=0.6057 E_h^2, pmove=0.50
2026-06-09 02:33:04,571 - Step 01752: 4949.5801 E_h, exp. variance=0.5471 E_h^2, pmove=0.50
2026-06-09 02:33:04,914 - Step 01753: 4950.5137 E_h, exp. variance=0.5503 E_h^2, pmove=0.50
2026-06-09 02:33:05,260 - Step 01754: 4950.8911 E_h, exp. variance=0.6041 E_h^2, pmove=0.50
2026-06-09 02:33:05,602 - Step 01755: 4950.7812 E_h, exp. variance=0.6133 E_h^2, pmove=0.49
2026-06-09 02:33:05,945 - Step 01756: 4950.6479 E_h, exp. variance=0.5911 E_h^2, pmove=0.50
2026-06-09 02:33:06,288 - Step 01757: 4951.3223 E_h, exp. variance=0.6764 E_h^2, pmove=0.50
2026-06-09 02:33:06,629 - Step 01758: 4950.0459 E_h, exp. variance=0.6105 E_h^2, pmove=0.50
2026-06-09 02:33:06,972 - Step 01759: 4949.7744 E_h, exp. variance=0.5634 E_h^2, pmove=0.50
2026-06-09 02:33:07,322 - Step 01760: 4951.5596 E_h, exp. variance=0.6914 E_h^2, pmove=0.49
2026-06-09 02:33:07,665 - Step 01761: 4949.2329 E_h, exp. variance=0.7193 E_h^2, pmove=0.50
2026-06-09 02:33:08,008 - Step 01762: 4952.1602 E_h, exp. variance=1.0047 E_h^2, pmove=0.51
2026-06-09 02:33:08,353 - Step 01763: 4951.9746 E_h, exp. variance=1.1369 E_h^2, pmove=0.50
2026-06-09 02:33:08,699 - Step 01764: 4952.2988 E_h, exp. variance=1.3057 E_h^2, pmove=0.50
2026-06-09 02:33:09,047 - Step 01765: 4949.2427 E_h, exp. variance=1.3675 E_h^2, pmove=0.50
2026-06-09 02:33:09,390 - Step 01766: 4951.4243 E_h, exp. variance=1.2982 E_h^2, pmove=0.50
2026-06-09 02:33:09,731 - Step 01767: 4947.6680 E_h, exp. variance=1.9660 E_h^2, pmove=0.49
2026-06-09 02:33:10,073 - Step 01768: 4950.1436 E_h, exp. variance=1.7731 E_h^2, pmove=0.50
2026-06-09 02:33:10,416 - Step 01769: 4949.3086 E_h, exp. variance=1.6891 E_h^2, pmove=0.49
2026-06-09 02:33:10,757 - Step 01770: 4948.7998 E_h, exp. variance=1.7029 E_h^2, pmove=0.50
2026-06-09 02:33:11,098 - Step 01771: 4947.7949 E_h, exp. variance=2.0034 E_h^2, pmove=0.50
2026-06-09 02:33:11,439 - Step 01772: 4949.3950 E_h, exp. variance=1.8220 E_h^2, pmove=0.50
2026-06-09 02:33:11,780 - Step 01773: 4948.8369 E_h, exp. variance=1.7246 E_h^2, pmove=0.50
2026-06-09 02:33:12,121 - Step 01774: 4949.7397 E_h, exp. variance=1.5522 E_h^2, pmove=0.50
2026-06-09 02:33:12,462 - Step 01775: 4949.8545 E_h, exp. variance=1.3988 E_h^2, pmove=0.50
2026-06-09 02:33:12,804 - Step 01776: 4950.8613 E_h, exp. variance=1.3746 E_h^2, pmove=0.49
2026-06-09 02:33:13,146 - Step 01777: 4948.6738 E_h, exp. variance=1.3597 E_h^2, pmove=0.50
2026-06-09 02:33:13,487 - Step 01778: 4952.4136 E_h, exp. variance=1.8747 E_h^2, pmove=0.50
2026-06-09 02:33:13,828 - Step 01779: 4948.7944 E_h, exp. variance=1.8166 E_h^2, pmove=0.50
2026-06-09 02:33:14,170 - Step 01780: 4952.0571 E_h, exp. variance=2.0642 E_h^2, pmove=0.51
2026-06-09 02:33:14,511 - Step 01781: 4952.1665 E_h, exp. variance=2.2454 E_h^2, pmove=0.50
2026-06-09 02:33:14,855 - Step 01782: 4954.4927 E_h, exp. variance=3.6038 E_h^2, pmove=0.50
2026-06-09 02:33:15,197 - Step 01783: 4959.1631 E_h, exp. variance=9.6618 E_h^2, pmove=0.50
2026-06-09 02:33:15,538 - Step 01784: 4954.5303 E_h, exp. variance=9.4883 E_h^2, pmove=0.50
2026-06-09 02:33:15,880 - Step 01785: 4951.4590 E_h, exp. variance=8.5539 E_h^2, pmove=0.50
2026-06-09 02:33:16,222 - Step 01786: 4948.0020 E_h, exp. variance=9.0100 E_h^2, pmove=0.51
2026-06-09 02:33:16,564 - Step 01787: 4951.5742 E_h, exp. variance=8.1107 E_h^2, pmove=0.51
2026-06-09 02:33:16,908 - Step 01788: 4951.7939 E_h, exp. variance=7.3102 E_h^2, pmove=0.50
2026-06-09 02:33:17,251 - Step 01789: 4949.4629 E_h, exp. variance=6.9473 E_h^2, pmove=0.50
2026-06-09 02:33:17,591 - Step 01790: 4947.8735 E_h, exp. variance=7.2989 E_h^2, pmove=0.50
2026-06-09 02:33:17,933 - Step 01791: 4948.2676 E_h, exp. variance=7.2129 E_h^2, pmove=0.51
2026-06-09 02:33:18,278 - Step 01792: 4948.7603 E_h, exp. variance=6.8215 E_h^2, pmove=0.51
2026-06-09 02:33:18,621 - Step 01793: 4950.6191 E_h, exp. variance=6.1410 E_h^2, pmove=0.50
2026-06-09 02:33:18,965 - Step 01794: 4951.6582 E_h, exp. variance=5.6483 E_h^2, pmove=0.50
2026-06-09 02:33:19,311 - Step 01795: 4951.3276 E_h, exp. variance=5.1294 E_h^2, pmove=0.50
2026-06-09 02:33:19,653 - Step 01796: 4952.8291 E_h, exp. variance=5.0303 E_h^2, pmove=0.50
2026-06-09 02:33:19,999 - Step 01797: 4951.1934 E_h, exp. variance=4.5351 E_h^2, pmove=0.50
2026-06-09 02:33:20,341 - Step 01798: 4951.0928 E_h, exp. variance=4.0840 E_h^2, pmove=0.50
2026-06-09 02:33:20,689 - Step 01799: 4949.7407 E_h, exp. variance=3.8061 E_h^2, pmove=0.50
2026-06-09 02:33:21,032 - Step 01800: 4950.1094 E_h, exp. variance=3.4715 E_h^2, pmove=0.50
2026-06-09 02:33:21,375 - Step 01801: 4950.5469 E_h, exp. variance=3.1282 E_h^2, pmove=0.50
2026-06-09 02:33:21,716 - Step 01802: 4949.1953 E_h, exp. variance=3.0280 E_h^2, pmove=0.50
2026-06-09 02:33:22,058 - Step 01803: 4951.7886 E_h, exp. variance=2.8570 E_h^2, pmove=0.51
2026-06-09 02:33:22,399 - Step 01804: 4949.9004 E_h, exp. variance=2.6288 E_h^2, pmove=0.50
2026-06-09 02:33:22,741 - Step 01805: 4953.2168 E_h, exp. variance=2.9730 E_h^2, pmove=0.51
2026-06-09 02:33:23,082 - Step 01806: 4950.6240 E_h, exp. variance=2.6815 E_h^2, pmove=0.50
2026-06-09 02:33:23,425 - Step 01807: 4950.9395 E_h, exp. variance=2.4140 E_h^2, pmove=0.51
2026-06-09 02:33:23,768 - Step 01808: 4950.5674 E_h, exp. variance=2.1805 E_h^2, pmove=0.50
2026-06-09 02:33:24,111 - Step 01809: 4951.2163 E_h, exp. variance=1.9756 E_h^2, pmove=0.50
2026-06-09 02:33:24,454 - Step 01810: 4949.8818 E_h, exp. variance=1.8662 E_h^2, pmove=0.50
2026-06-09 02:33:24,802 - Step 01811: 4950.9092 E_h, exp. variance=1.6812 E_h^2, pmove=0.50
2026-06-09 02:33:25,145 - Step 01812: 4949.9795 E_h, exp. variance=1.5716 E_h^2, pmove=0.49
2026-06-09 02:33:25,488 - Step 01813: 4950.6211 E_h, exp. variance=1.4151 E_h^2, pmove=0.50
2026-06-09 02:33:25,828 - Step 01814: 4949.4639 E_h, exp. variance=1.4104 E_h^2, pmove=0.50
2026-06-09 02:33:26,170 - Step 01815: 4950.4351 E_h, exp. variance=1.2711 E_h^2, pmove=0.51
2026-06-09 02:33:26,512 - Step 01816: 4949.2275 E_h, exp. variance=1.3036 E_h^2, pmove=0.49
2026-06-09 02:33:26,853 - Step 01817: 4949.8867 E_h, exp. variance=1.1995 E_h^2, pmove=0.51
2026-06-09 02:33:27,193 - Step 01818: 4949.2246 E_h, exp. variance=1.1980 E_h^2, pmove=0.50
2026-06-09 02:33:27,536 - Step 01819: 4950.9727 E_h, exp. variance=1.1243 E_h^2, pmove=0.50
2026-06-09 02:33:27,881 - Step 01820: 4950.2988 E_h, exp. variance=1.0119 E_h^2, pmove=0.50
2026-06-09 02:33:28,222 - Step 01821: 4951.0488 E_h, exp. variance=0.9577 E_h^2, pmove=0.50
2026-06-09 02:33:28,565 - Step 01822: 4949.2183 E_h, exp. variance=0.9873 E_h^2, pmove=0.51
2026-06-09 02:33:28,910 - Step 01823: 4951.4316 E_h, exp. variance=1.0079 E_h^2, pmove=0.50
2026-06-09 02:33:29,257 - Step 01824: 4949.5127 E_h, exp. variance=0.9772 E_h^2, pmove=0.50
2026-06-09 02:33:29,607 - Step 01825: 4949.4663 E_h, exp. variance=0.9432 E_h^2, pmove=0.50
2026-06-09 02:33:29,952 - Step 01826: 4950.5806 E_h, exp. variance=0.8603 E_h^2, pmove=0.50
2026-06-09 02:33:30,296 - Step 01827: 4949.4990 E_h, exp. variance=0.8263 E_h^2, pmove=0.51
2026-06-09 02:33:30,655 - Step 01828: 4951.5557 E_h, exp. variance=0.9133 E_h^2, pmove=0.50
2026-06-09 02:33:31,000 - Step 01829: 4950.6836 E_h, exp. variance=0.8339 E_h^2, pmove=0.49
2026-06-09 02:33:31,346 - Step 01830: 4953.2266 E_h, exp. variance=1.4919 E_h^2, pmove=0.50
2026-06-09 02:33:31,691 - Step 01831: 4956.2671 E_h, exp. variance=4.1889 E_h^2, pmove=0.50
2026-06-09 02:33:32,051 - Step 01832: 4950.8789 E_h, exp. variance=3.7796 E_h^2, pmove=0.50
2026-06-09 02:33:32,392 - Step 01833: 4954.0298 E_h, exp. variance=4.1360 E_h^2, pmove=0.50
2026-06-09 02:33:32,734 - Step 01834: 4952.4150 E_h, exp. variance=3.8046 E_h^2, pmove=0.50
2026-06-09 02:33:33,077 - Step 01835: 4951.6104 E_h, exp. variance=3.4245 E_h^2, pmove=0.50
2026-06-09 02:33:33,425 - Step 01836: 4953.3379 E_h, exp. variance=3.3665 E_h^2, pmove=0.50
2026-06-09 02:33:33,770 - Step 01837: 4952.4658 E_h, exp. variance=3.0775 E_h^2, pmove=0.50
2026-06-09 02:33:34,114 - Step 01838: 4952.2017 E_h, exp. variance=2.7835 E_h^2, pmove=0.51
2026-06-09 02:33:34,458 - Step 01839: 4951.8965 E_h, exp. variance=2.5054 E_h^2, pmove=0.50
2026-06-09 02:33:34,801 - Step 01840: 4951.3711 E_h, exp. variance=2.2759 E_h^2, pmove=0.50
2026-06-09 02:33:35,151 - Step 01841: 4949.0479 E_h, exp. variance=2.7330 E_h^2, pmove=0.50
2026-06-09 02:33:35,494 - Step 01842: 4949.1323 E_h, exp. variance=2.9772 E_h^2, pmove=0.51
2026-06-09 02:33:35,842 - Step 01843: 4951.8799 E_h, exp. variance=2.7108 E_h^2, pmove=0.50
2026-06-09 02:33:36,188 - Step 01844: 4950.0898 E_h, exp. variance=2.5825 E_h^2, pmove=0.50
2026-06-09 02:33:36,531 - Step 01845: 4950.0811 E_h, exp. variance=2.4418 E_h^2, pmove=0.50
2026-06-09 02:33:36,877 - Step 01846: 4949.5547 E_h, exp. variance=2.4151 E_h^2, pmove=0.51
2026-06-09 02:33:37,220 - Step 01847: 4951.7988 E_h, exp. variance=2.2378 E_h^2, pmove=0.50
2026-06-09 02:33:37,562 - Step 01848: 4952.1572 E_h, exp. variance=2.1267 E_h^2, pmove=0.50
2026-06-09 02:33:37,909 - Step 01849: 4954.3701 E_h, exp. variance=2.8470 E_h^2, pmove=0.51
2026-06-09 02:33:38,251 - Step 01850: 4950.4824 E_h, exp. variance=2.6505 E_h^2, pmove=0.50
2026-06-09 02:33:38,600 - Step 01851: 4951.0425 E_h, exp. variance=2.3953 E_h^2, pmove=0.49
2026-06-09 02:33:38,948 - Step 01852: 4950.2388 E_h, exp. variance=2.2648 E_h^2, pmove=0.50
2026-06-09 02:33:39,289 - Step 01853: 4951.2939 E_h, exp. variance=2.0387 E_h^2, pmove=0.49
2026-06-09 02:33:39,636 - Step 01854: 4952.3599 E_h, exp. variance=1.9486 E_h^2, pmove=0.50
2026-06-09 02:33:39,984 - Step 01855: 4952.7476 E_h, exp. variance=1.9300 E_h^2, pmove=0.51
2026-06-09 02:33:40,326 - Step 01856: 4951.7671 E_h, exp. variance=1.7440 E_h^2, pmove=0.50
2026-06-09 02:33:40,676 - Step 01857: 4949.9570 E_h, exp. variance=1.7883 E_h^2, pmove=0.50
2026-06-09 02:33:41,025 - Step 01858: 4950.0293 E_h, exp. variance=1.7690 E_h^2, pmove=0.51
2026-06-09 02:33:41,371 - Step 01859: 4950.5254 E_h, exp. variance=1.6364 E_h^2, pmove=0.50
2026-06-09 02:33:41,717 - Step 01860: 4950.4951 E_h, exp. variance=1.5121 E_h^2, pmove=0.50
2026-06-09 02:33:42,068 - Step 01861: 4950.0273 E_h, exp. variance=1.4627 E_h^2, pmove=0.50
2026-06-09 02:33:42,420 - Step 01862: 4949.9233 E_h, exp. variance=1.4178 E_h^2, pmove=0.50
2026-06-09 02:33:42,767 - Step 01863: 4949.0557 E_h, exp. variance=1.5750 E_h^2, pmove=0.50
2026-06-09 02:33:43,109 - Step 01864: 4949.4912 E_h, exp. variance=1.5482 E_h^2, pmove=0.50
2026-06-09 02:33:43,452 - Step 01865: 4950.5513 E_h, exp. variance=1.3934 E_h^2, pmove=0.50
2026-06-09 02:33:43,797 - Step 01866: 4950.4375 E_h, exp. variance=1.2557 E_h^2, pmove=0.50
2026-06-09 02:33:44,141 - Step 01867: 4950.7773 E_h, exp. variance=1.1344 E_h^2, pmove=0.50
2026-06-09 02:33:44,492 - Step 01868: 4949.9536 E_h, exp. variance=1.0565 E_h^2, pmove=0.50
2026-06-09 02:33:44,845 - Step 01869: 4949.7578 E_h, exp. variance=1.0029 E_h^2, pmove=0.50
2026-06-09 02:33:45,189 - Step 01870: 4948.9136 E_h, exp. variance=1.1130 E_h^2, pmove=0.50
2026-06-09 02:33:45,533 - Step 01871: 4950.2212 E_h, exp. variance=1.0021 E_h^2, pmove=0.50
2026-06-09 02:33:45,877 - Step 01872: 4949.6768 E_h, exp. variance=0.9349 E_h^2, pmove=0.50
2026-06-09 02:33:46,220 - Step 01873: 4949.7148 E_h, exp. variance=0.8646 E_h^2, pmove=0.51
2026-06-09 02:33:46,563 - Step 01874: 4950.8413 E_h, exp. variance=0.8185 E_h^2, pmove=0.50
2026-06-09 02:33:46,905 - Step 01875: 4950.4629 E_h, exp. variance=0.7412 E_h^2, pmove=0.50
2026-06-09 02:33:47,247 - Step 01876: 4952.0000 E_h, exp. variance=0.9394 E_h^2, pmove=0.50
2026-06-09 02:33:47,588 - Step 01877: 4948.4897 E_h, exp. variance=1.1858 E_h^2, pmove=0.50
2026-06-09 02:33:47,936 - Step 01878: 4952.2573 E_h, exp. variance=1.4334 E_h^2, pmove=0.50
2026-06-09 02:33:48,279 - Step 01879: 4950.0537 E_h, exp. variance=1.3036 E_h^2, pmove=0.50
2026-06-09 02:33:48,619 - Step 01880: 4951.9854 E_h, exp. variance=1.3985 E_h^2, pmove=0.50
2026-06-09 02:33:48,961 - Step 01881: 4950.7900 E_h, exp. variance=1.2634 E_h^2, pmove=0.50
2026-06-09 02:33:49,306 - Step 01882: 4950.9272 E_h, exp. variance=1.1476 E_h^2, pmove=0.50
2026-06-09 02:33:49,650 - Step 01883: 4950.7354 E_h, exp. variance=1.0341 E_h^2, pmove=0.50
2026-06-09 02:33:49,992 - Step 01884: 4951.0708 E_h, exp. variance=0.9481 E_h^2, pmove=0.50
2026-06-09 02:33:50,334 - Step 01885: 4950.5620 E_h, exp. variance=0.8545 E_h^2, pmove=0.50
2026-06-09 02:33:50,678 - Step 01886: 4949.9678 E_h, exp. variance=0.8125 E_h^2, pmove=0.50
2026-06-09 02:33:51,023 - Step 01887: 4949.3506 E_h, exp. variance=0.8704 E_h^2, pmove=0.50
2026-06-09 02:33:51,367 - Step 01888: 4950.6367 E_h, exp. variance=0.7858 E_h^2, pmove=0.50
2026-06-09 02:33:51,712 - Step 01889: 4951.6289 E_h, exp. variance=0.8249 E_h^2, pmove=0.50
2026-06-09 02:33:52,055 - Step 01890: 4950.5869 E_h, exp. variance=0.7424 E_h^2, pmove=0.50
2026-06-09 02:33:52,399 - Step 01891: 4951.0669 E_h, exp. variance=0.6879 E_h^2, pmove=0.50
2026-06-09 02:33:52,743 - Step 01892: 4950.3662 E_h, exp. variance=0.6261 E_h^2, pmove=0.49
2026-06-09 02:33:53,086 - Step 01893: 4951.1938 E_h, exp. variance=0.5934 E_h^2, pmove=0.50
2026-06-09 02:33:53,430 - Step 01894: 4949.9150 E_h, exp. variance=0.5861 E_h^2, pmove=0.50
2026-06-09 02:33:53,771 - Step 01895: 4950.2124 E_h, exp. variance=0.5409 E_h^2, pmove=0.50
2026-06-09 02:33:54,122 - Step 01896: 4951.2764 E_h, exp. variance=0.5329 E_h^2, pmove=0.50
2026-06-09 02:33:54,469 - Step 01897: 4950.6470 E_h, exp. variance=0.4797 E_h^2, pmove=0.50
2026-06-09 02:33:54,814 - Step 01898: 4950.3877 E_h, exp. variance=0.4371 E_h^2, pmove=0.50
2026-06-09 02:33:55,162 - Step 01899: 4951.6270 E_h, exp. variance=0.4866 E_h^2, pmove=0.50
2026-06-09 02:33:55,507 - Step 01900: 4949.1484 E_h, exp. variance=0.6577 E_h^2, pmove=0.49
2026-06-09 02:33:55,851 - Step 01901: 4951.0996 E_h, exp. variance=0.6186 E_h^2, pmove=0.50
2026-06-09 02:33:56,195 - Step 01902: 4949.0156 E_h, exp. variance=0.7854 E_h^2, pmove=0.49
2026-06-09 02:33:56,536 - Step 01903: 4949.7764 E_h, exp. variance=0.7477 E_h^2, pmove=0.50
2026-06-09 02:33:56,879 - Step 01904: 4950.1162 E_h, exp. variance=0.6793 E_h^2, pmove=0.50
2026-06-09 02:33:57,219 - Step 01905: 4950.2422 E_h, exp. variance=0.6126 E_h^2, pmove=0.50
2026-06-09 02:33:57,564 - Step 01906: 4951.0479 E_h, exp. variance=0.5958 E_h^2, pmove=0.49
2026-06-09 02:33:57,908 - Step 01907: 4948.6655 E_h, exp. variance=0.8117 E_h^2, pmove=0.51
2026-06-09 02:33:58,249 - Step 01908: 4949.2871 E_h, exp. variance=0.8123 E_h^2, pmove=0.51
2026-06-09 02:33:58,592 - Step 01909: 4948.1934 E_h, exp. variance=1.0739 E_h^2, pmove=0.50
2026-06-09 02:33:58,936 - Step 01910: 4949.7778 E_h, exp. variance=0.9691 E_h^2, pmove=0.50
2026-06-09 02:33:59,278 - Step 01911: 4948.3359 E_h, exp. variance=1.1017 E_h^2, pmove=0.50
2026-06-09 02:33:59,622 - Step 01912: 4949.0352 E_h, exp. variance=1.0405 E_h^2, pmove=0.50
2026-06-09 02:33:59,969 - Step 01913: 4950.6855 E_h, exp. variance=1.0240 E_h^2, pmove=0.50
2026-06-09 02:34:00,313 - Step 01914: 4949.4336 E_h, exp. variance=0.9335 E_h^2, pmove=0.49
2026-06-09 02:34:00,658 - Step 01915: 4950.1484 E_h, exp. variance=0.8537 E_h^2, pmove=0.50
2026-06-09 02:34:01,002 - Step 01916: 4950.8394 E_h, exp. variance=0.8656 E_h^2, pmove=0.50
2026-06-09 02:34:01,347 - Step 01917: 4950.7412 E_h, exp. variance=0.8421 E_h^2, pmove=0.50
2026-06-09 02:34:01,691 - Step 01918: 4950.4502 E_h, exp. variance=0.7772 E_h^2, pmove=0.50
2026-06-09 02:34:02,033 - Step 01919: 4951.7295 E_h, exp. variance=0.9583 E_h^2, pmove=0.50
2026-06-09 02:34:02,375 - Step 01920: 4952.4653 E_h, exp. variance=1.3230 E_h^2, pmove=0.50
2026-06-09 02:34:02,720 - Step 01921: 4951.4937 E_h, exp. variance=1.2927 E_h^2, pmove=0.50
2026-06-09 02:34:03,062 - Step 01922: 4950.8398 E_h, exp. variance=1.1718 E_h^2, pmove=0.51
2026-06-09 02:34:03,407 - Step 01923: 4952.3096 E_h, exp. variance=1.3282 E_h^2, pmove=0.51
2026-06-09 02:34:03,755 - Step 01924: 4951.3281 E_h, exp. variance=1.2265 E_h^2, pmove=0.50
2026-06-09 02:34:04,100 - Step 01925: 4950.4609 E_h, exp. variance=1.1141 E_h^2, pmove=0.50
2026-06-09 02:34:04,447 - Step 01926: 4951.0977 E_h, exp. variance=1.0127 E_h^2, pmove=0.50
2026-06-09 02:34:04,794 - Step 01927: 4950.3784 E_h, exp. variance=0.9273 E_h^2, pmove=0.50
2026-06-09 02:34:05,141 - Step 01928: 4950.5088 E_h, exp. variance=0.8401 E_h^2, pmove=0.50
2026-06-09 02:34:05,486 - Step 01929: 4950.2285 E_h, exp. variance=0.7788 E_h^2, pmove=0.50
2026-06-09 02:34:05,830 - Step 01930: 4950.2476 E_h, exp. variance=0.7179 E_h^2, pmove=0.50
2026-06-09 02:34:06,176 - Step 01931: 4951.8672 E_h, exp. variance=0.7821 E_h^2, pmove=0.50
2026-06-09 02:34:06,519 - Step 01932: 4951.5674 E_h, exp. variance=0.7625 E_h^2, pmove=0.50
2026-06-09 02:34:06,862 - Step 01933: 4951.6123 E_h, exp. variance=0.7397 E_h^2, pmove=0.50
2026-06-09 02:34:07,208 - Step 01934: 4949.4688 E_h, exp. variance=0.8549 E_h^2, pmove=0.50
2026-06-09 02:34:07,558 - Step 01935: 4949.6934 E_h, exp. variance=0.8744 E_h^2, pmove=0.50
2026-06-09 02:34:07,905 - Step 01936: 4948.9385 E_h, exp. variance=1.0554 E_h^2, pmove=0.50
2026-06-09 02:34:08,250 - Step 01937: 4950.5459 E_h, exp. variance=0.9501 E_h^2, pmove=0.50
2026-06-09 02:34:08,593 - Step 01938: 4951.9297 E_h, exp. variance=1.0396 E_h^2, pmove=0.50
2026-06-09 02:34:08,940 - Step 01939: 4952.1167 E_h, exp. variance=1.1316 E_h^2, pmove=0.50
2026-06-09 02:34:09,288 - Step 01940: 4949.9893 E_h, exp. variance=1.0759 E_h^2, pmove=0.50
2026-06-09 02:34:09,638 - Step 01941: 4950.8950 E_h, exp. variance=0.9715 E_h^2, pmove=0.50
2026-06-09 02:34:09,985 - Step 01942: 4951.3823 E_h, exp. variance=0.9130 E_h^2, pmove=0.50
2026-06-09 02:34:10,328 - Step 01943: 4951.4580 E_h, exp. variance=0.8615 E_h^2, pmove=0.50
2026-06-09 02:34:10,675 - Step 01944: 4953.2935 E_h, exp. variance=1.3088 E_h^2, pmove=0.51
2026-06-09 02:34:11,017 - Step 01945: 4949.0811 E_h, exp. variance=1.5457 E_h^2, pmove=0.49
2026-06-09 02:34:11,360 - Step 01946: 4951.9521 E_h, exp. variance=1.4907 E_h^2, pmove=0.50
2026-06-09 02:34:11,705 - Step 01947: 4951.0566 E_h, exp. variance=1.3419 E_h^2, pmove=0.49
2026-06-09 02:34:12,050 - Step 01948: 4952.6338 E_h, exp. variance=1.4448 E_h^2, pmove=0.50
2026-06-09 02:34:12,393 - Step 01949: 4952.2275 E_h, exp. variance=1.4004 E_h^2, pmove=0.50
2026-06-09 02:34:12,737 - Step 01950: 4953.0024 E_h, exp. variance=1.5279 E_h^2, pmove=0.50
2026-06-09 02:34:13,080 - Step 01951: 4952.4082 E_h, exp. variance=1.4576 E_h^2, pmove=0.49
2026-06-09 02:34:13,429 - Step 01952: 4973.0264 E_h, exp. variance=42.8369 E_h^2, pmove=0.50
2026-06-09 02:34:13,780 - Step 01953: 4956.7988 E_h, exp. variance=39.4206 E_h^2, pmove=0.50
2026-06-09 02:34:14,134 - Step 01954: 4953.7080 E_h, exp. variance=35.4865 E_h^2, pmove=0.50
2026-06-09 02:34:14,479 - Step 01955: 4954.6543 E_h, exp. variance=31.9794 E_h^2, pmove=0.49
2026-06-09 02:34:14,821 - Step 01956: 4953.6963 E_h, exp. variance=28.7922 E_h^2, pmove=0.49
2026-06-09 02:34:15,164 - Step 01957: 5003.3511 E_h, exp. variance=245.0369 E_h^2, pmove=0.50
2026-06-09 02:34:15,509 - Step 01958: 4976.8242 E_h, exp. variance=249.3116 E_h^2, pmove=0.49
2026-06-09 02:34:15,854 - Step 01959: 4953.4214 E_h, exp. variance=229.1885 E_h^2, pmove=0.49
2026-06-09 02:34:16,200 - Step 01960: 4956.3301 E_h, exp. variance=207.4814 E_h^2, pmove=0.49
2026-06-09 02:34:16,544 - Step 01961: 4983.4961 E_h, exp. variance=237.9843 E_h^2, pmove=0.50
2026-06-09 02:34:16,892 - Step 01962: 5063.2949 E_h, exp. variance=1137.2983 E_h^2, pmove=0.50
2026-06-09 02:34:17,241 - Step 01963: 4955.4873 E_h, exp. variance=1048.5460 E_h^2, pmove=0.49
2026-06-09 02:34:17,586 - Step 01964: 4950.2593 E_h, exp. variance=980.4921 E_h^2, pmove=0.50
2026-06-09 02:34:17,933 - Step 01965: 4954.1455 E_h, exp. variance=900.8804 E_h^2, pmove=0.50
2026-06-09 02:34:18,281 - Step 01966: 4953.0474 E_h, exp. variance=828.3819 E_h^2, pmove=0.50
2026-06-09 02:34:18,628 - Step 01967: 4952.4023 E_h, exp. variance=761.2896 E_h^2, pmove=0.50
2026-06-09 02:34:18,972 - Step 01968: 4953.0903 E_h, exp. variance=696.4832 E_h^2, pmove=0.51
2026-06-09 02:34:19,317 - Step 01969: 4952.6392 E_h, exp. variance=636.8442 E_h^2, pmove=0.50
2026-06-09 02:34:19,663 - Step 01970: 4951.4268 E_h, exp. variance=583.4708 E_h^2, pmove=0.50
2026-06-09 02:34:20,009 - Step 01971: 4951.5381 E_h, exp. variance=533.2838 E_h^2, pmove=0.50
2026-06-09 02:34:20,359 - Step 01972: 4950.5303 E_h, exp. variance=488.2112 E_h^2, pmove=0.50
2026-06-09 02:34:20,707 - Step 01973: 4950.4761 E_h, exp. variance=446.1620 E_h^2, pmove=0.50
2026-06-09 02:34:21,053 - Step 01974: 4950.0137 E_h, exp. variance=407.7005 E_h^2, pmove=0.50
2026-06-09 02:34:21,403 - Step 01975: 4949.3345 E_h, exp. variance=372.8668 E_h^2, pmove=0.50
2026-06-09 02:34:21,752 - Step 01976: 4951.7798 E_h, exp. variance=337.7096 E_h^2, pmove=0.50
2026-06-09 02:34:22,098 - Step 01977: 4950.2715 E_h, exp. variance=307.0569 E_h^2, pmove=0.50
2026-06-09 02:34:22,448 - Step 01978: 4950.6895 E_h, exp. variance=278.4944 E_h^2, pmove=0.50
2026-06-09 02:34:22,798 - Step 01979: 4950.9468 E_h, exp. variance=252.1836 E_h^2, pmove=0.51
2026-06-09 02:34:23,144 - Step 01980: 4950.7349 E_h, exp. variance=228.3575 E_h^2, pmove=0.50
2026-06-09 02:34:23,489 - Step 01981: 4950.7266 E_h, exp. variance=206.6546 E_h^2, pmove=0.50
2026-06-09 02:34:23,840 - Step 01982: 4949.2295 E_h, exp. variance=187.9687 E_h^2, pmove=0.50
2026-06-09 02:34:24,190 - Step 01983: 4951.5068 E_h, exp. variance=169.5118 E_h^2, pmove=0.51
2026-06-09 02:34:24,536 - Step 01984: 4948.1553 E_h, exp. variance=154.9020 E_h^2, pmove=0.49
2026-06-09 02:34:24,881 - Step 01985: 4950.3726 E_h, exp. variance=139.9186 E_h^2, pmove=0.50
2026-06-09 02:34:25,225 - Step 01986: 4947.8984 E_h, exp. variance=127.8394 E_h^2, pmove=0.50
2026-06-09 02:34:25,568 - Step 01987: 4950.3301 E_h, exp. variance=115.3208 E_h^2, pmove=0.50
2026-06-09 02:34:25,910 - Step 01988: 4950.2812 E_h, exp. variance=104.0175 E_h^2, pmove=0.50
2026-06-09 02:34:26,253 - Step 01989: 4948.6182 E_h, exp. variance=94.4793 E_h^2, pmove=0.50
2026-06-09 02:34:26,600 - Step 01990: 4949.3477 E_h, exp. variance=85.4128 E_h^2, pmove=0.50
2026-06-09 02:34:26,944 - Step 01991: 4951.9824 E_h, exp. variance=76.9266 E_h^2, pmove=0.50
2026-06-09 02:34:27,293 - Step 01992: 4954.4834 E_h, exp. variance=70.1585 E_h^2, pmove=0.50
2026-06-09 02:34:27,639 - Step 01993: 4956.5518 E_h, exp. variance=65.3506 E_h^2, pmove=0.50
2026-06-09 02:34:27,985 - Step 01994: 4949.2832 E_h, exp. variance=59.5265 E_h^2, pmove=0.49
2026-06-09 02:34:28,331 - Step 01995: 5078.5078 E_h, exp. variance=1498.2271 E_h^2, pmove=0.51
2026-06-09 02:34:28,676 - Step 01996: 4998.6895 E_h, exp. variance=1453.7181 E_h^2, pmove=0.49
2026-06-09 02:34:29,019 - Step 01997: 4953.7539 E_h, exp. variance=1326.3635 E_h^2, pmove=0.50
2026-06-09 02:34:29,362 - Step 01998: 4944.1914 E_h, exp. variance=1238.4688 E_h^2, pmove=0.50
2026-06-09 02:34:29,708 - Step 01999: 4953.7129 E_h, exp. variance=1124.6304 E_h^2, pmove=0.49
2026-06-09 02:34:30,051 - Step 02000: 4948.1582 E_h, exp. variance=1032.5402 E_h^2, pmove=0.50
2026-06-09 02:34:30,396 - Step 02001: 4949.7939 E_h, exp. variance=942.0424 E_h^2, pmove=0.50
2026-06-09 02:34:30,742 - Step 02002: 4949.5327 E_h, exp. variance=858.6808 E_h^2, pmove=0.50
2026-06-09 02:34:31,088 - Step 02003: 4951.0679 E_h, exp. variance=779.0776 E_h^2, pmove=0.51
2026-06-09 02:34:31,437 - Step 02004: 4949.6143 E_h, exp. variance=708.3990 E_h^2, pmove=0.49
2026-06-09 02:34:31,783 - Step 02005: 4950.3398 E_h, exp. variance=642.4091 E_h^2, pmove=0.50
2026-06-09 02:34:32,134 - Step 02006: 4950.5752 E_h, exp. variance=581.8218 E_h^2, pmove=0.50
2026-06-09 02:34:32,481 - Step 02007: 4950.1143 E_h, exp. variance=527.0940 E_h^2, pmove=0.49
2026-06-09 02:34:32,826 - Step 02008: 4950.9072 E_h, exp. variance=476.4433 E_h^2, pmove=0.50
2026-06-09 02:34:33,175 - Step 02009: 4950.4243 E_h, exp. variance=430.8618 E_h^2, pmove=0.50
2026-06-09 02:34:33,521 - Step 02010: 4951.1934 E_h, exp. variance=388.9035 E_h^2, pmove=0.50
2026-06-09 02:34:33,867 - Step 02011: 4952.6475 E_h, exp. variance=350.2831 E_h^2, pmove=0.50
2026-06-09 02:34:34,211 - Step 02012: 4954.5894 E_h, exp. variance=315.2680 E_h^2, pmove=0.49
2026-06-09 02:34:34,556 - Step 02013: 4956.0156 E_h, exp. variance=284.0236 E_h^2, pmove=0.50
2026-06-09 02:34:34,902 - Step 02014: 4954.7275 E_h, exp. variance=255.6297 E_h^2, pmove=0.50
2026-06-09 02:34:35,250 - Step 02015: 4953.0645 E_h, exp. variance=230.2400 E_h^2, pmove=0.50
2026-06-09 02:34:35,599 - Step 02016: 4952.0874 E_h, exp. variance=207.6620 E_h^2, pmove=0.49
2026-06-09 02:34:35,948 - Step 02017: 4951.4717 E_h, exp. variance=187.5132 E_h^2, pmove=0.50
2026-06-09 02:34:36,298 - Step 02018: 4952.1440 E_h, exp. variance=169.0174 E_h^2, pmove=0.50
2026-06-09 02:34:36,645 - Step 02019: 4950.2422 E_h, exp. variance=153.1674 E_h^2, pmove=0.51
2026-06-09 02:34:36,989 - Step 02020: 4951.7275 E_h, exp. variance=138.0785 E_h^2, pmove=0.50
2026-06-09 02:34:37,336 - Step 02021: 4948.5005 E_h, exp. variance=126.2244 E_h^2, pmove=0.50
2026-06-09 02:34:37,681 - Step 02022: 4950.7852 E_h, exp. variance=113.9298 E_h^2, pmove=0.49
2026-06-09 02:34:38,027 - Step 02023: 4951.1436 E_h, exp. variance=102.7032 E_h^2, pmove=0.50
2026-06-09 02:34:38,374 - Step 02024: 4952.5000 E_h, exp. variance=92.4344 E_h^2, pmove=0.50
2026-06-09 02:34:38,723 - Step 02025: 4962.1924 E_h, exp. variance=91.8558 E_h^2, pmove=0.50
2026-06-09 02:34:39,070 - Step 02026: 4957.6958 E_h, exp. variance=84.3611 E_h^2, pmove=0.50
2026-06-09 02:34:39,415 - Step 02027: 4943.2222 E_h, exp. variance=85.9855 E_h^2, pmove=0.49
2026-06-09 02:34:39,763 - Step 02028: 4952.1016 E_h, exp. variance=77.4233 E_h^2, pmove=0.50
2026-06-09 02:34:40,109 - Step 02029: 4946.9736 E_h, exp. variance=72.6058 E_h^2, pmove=0.49
2026-06-09 02:34:40,457 - Step 02030: 4945.5273 E_h, exp. variance=69.2385 E_h^2, pmove=0.50
2026-06-09 02:34:40,806 - Step 02031: 4948.5137 E_h, exp. variance=63.0890 E_h^2, pmove=0.50
2026-06-09 02:34:41,153 - Step 02032: 4948.6440 E_h, exp. variance=57.3467 E_h^2, pmove=0.50
2026-06-09 02:34:41,502 - Step 02033: 4948.6929 E_h, exp. variance=52.0514 E_h^2, pmove=0.50
2026-06-09 02:34:41,850 - Step 02034: 4950.0596 E_h, exp. variance=46.8811 E_h^2, pmove=0.50
2026-06-09 02:34:42,197 - Step 02035: 4951.4082 E_h, exp. variance=42.2490 E_h^2, pmove=0.50
2026-06-09 02:34:42,545 - Step 02036: 4951.4141 E_h, exp. variance=38.0702 E_h^2, pmove=0.51
2026-06-09 02:34:42,900 - Step 02037: 4952.0493 E_h, exp. variance=34.4105 E_h^2, pmove=0.50
2026-06-09 02:34:43,249 - Step 02038: 4952.7295 E_h, exp. variance=31.2713 E_h^2, pmove=0.50
2026-06-09 02:34:43,597 - Step 02039: 4952.8999 E_h, exp. variance=28.4419 E_h^2, pmove=0.50
2026-06-09 02:34:43,943 - Step 02040: 4950.9727 E_h, exp. variance=25.6053 E_h^2, pmove=0.50
2026-06-09 02:34:44,288 - Step 02041: 4950.3691 E_h, exp. variance=23.1121 E_h^2, pmove=0.50
2026-06-09 02:34:44,637 - Step 02042: 4950.8848 E_h, exp. variance=20.8071 E_h^2, pmove=0.50
2026-06-09 02:34:44,984 - Step 02043: 4948.8784 E_h, exp. variance=19.1790 E_h^2, pmove=0.50
2026-06-09 02:34:45,331 - Step 02044: 4951.2070 E_h, exp. variance=17.2698 E_h^2, pmove=0.50
2026-06-09 02:34:45,683 - Step 02045: 4947.2896 E_h, exp. variance=16.7341 E_h^2, pmove=0.50
2026-06-09 02:34:46,037 - Step 02046: 4950.0742 E_h, exp. variance=15.0823 E_h^2, pmove=0.50
2026-06-09 02:34:46,382 - Step 02047: 4948.8589 E_h, exp. variance=13.8209 E_h^2, pmove=0.50
2026-06-09 02:34:46,729 - Step 02048: 4950.8252 E_h, exp. variance=12.4592 E_h^2, pmove=0.51
2026-06-09 02:34:47,077 - Step 02049: 4946.6582 E_h, exp. variance=12.4713 E_h^2, pmove=0.50
2026-06-09 02:34:47,424 - Step 02050: 4950.3438 E_h, exp. variance=11.2334 E_h^2, pmove=0.51
2026-06-09 02:34:47,771 - Step 02051: 4949.2188 E_h, exp. variance=10.1731 E_h^2, pmove=0.50
2026-06-09 02:34:48,118 - Step 02052: 4950.9653 E_h, exp. variance=9.2446 E_h^2, pmove=0.50
2026-06-09 02:34:48,468 - Step 02053: 4950.3838 E_h, exp. variance=8.3289 E_h^2, pmove=0.50
2026-06-09 02:34:48,829 - Step 02054: 4951.9971 E_h, exp. variance=7.8191 E_h^2, pmove=0.50
2026-06-09 02:34:49,176 - Step 02055: 4953.6978 E_h, exp. variance=8.0811 E_h^2, pmove=0.50
2026-06-09 02:34:49,523 - Step 02056: 4951.6367 E_h, exp. variance=7.3637 E_h^2, pmove=0.50
2026-06-09 02:34:49,872 - Step 02057: 4950.6387 E_h, exp. variance=6.6281 E_h^2, pmove=0.50
2026-06-09 02:34:50,218 - Step 02058: 4952.6504 E_h, exp. variance=6.2993 E_h^2, pmove=0.50
2026-06-09 02:34:50,568 - Step 02059: 4953.2114 E_h, exp. variance=6.1431 E_h^2, pmove=0.50
2026-06-09 02:34:50,915 - Step 02060: 4950.5107 E_h, exp. variance=5.5652 E_h^2, pmove=0.50
2026-06-09 02:34:51,260 - Step 02061: 4951.5645 E_h, exp. variance=5.0295 E_h^2, pmove=0.50
2026-06-09 02:34:51,608 - Step 02062: 4951.5547 E_h, exp. variance=4.5427 E_h^2, pmove=0.50
2026-06-09 02:34:51,952 - Step 02063: 4953.4170 E_h, exp. variance=4.5413 E_h^2, pmove=0.50
2026-06-09 02:34:52,297 - Step 02064: 4949.7549 E_h, exp. variance=4.3301 E_h^2, pmove=0.49
2026-06-09 02:34:52,643 - Step 02065: 4953.2271 E_h, exp. variance=4.2548 E_h^2, pmove=0.51
2026-06-09 02:34:52,988 - Step 02066: 4949.3838 E_h, exp. variance=4.2072 E_h^2, pmove=0.50
2026-06-09 02:34:53,336 - Step 02067: 4950.7773 E_h, exp. variance=3.8047 E_h^2, pmove=0.50
2026-06-09 02:34:53,681 - Step 02068: 4949.0991 E_h, exp. variance=3.8149 E_h^2, pmove=0.50
2026-06-09 02:34:54,024 - Step 02069: 4950.5957 E_h, exp. variance=3.4463 E_h^2, pmove=0.50
2026-06-09 02:34:54,371 - Step 02070: 4948.8057 E_h, exp. variance=3.5103 E_h^2, pmove=0.50
2026-06-09 02:34:54,718 - Step 02071: 4949.7783 E_h, exp. variance=3.2397 E_h^2, pmove=0.50
2026-06-09 02:34:55,064 - Step 02072: 4949.1870 E_h, exp. variance=3.1029 E_h^2, pmove=0.50
2026-06-09 02:34:55,409 - Step 02073: 4949.4258 E_h, exp. variance=2.8935 E_h^2, pmove=0.50
2026-06-09 02:34:55,753 - Step 02074: 4949.6343 E_h, exp. variance=2.6541 E_h^2, pmove=0.50
2026-06-09 02:34:56,101 - Step 02075: 4948.8555 E_h, exp. variance=2.5777 E_h^2, pmove=0.50
2026-06-09 02:34:56,444 - Step 02076: 4948.9761 E_h, exp. variance=2.4460 E_h^2, pmove=0.50
2026-06-09 02:34:56,790 - Step 02077: 4948.8721 E_h, exp. variance=2.3245 E_h^2, pmove=0.50
2026-06-09 02:34:57,136 - Step 02078: 4949.4062 E_h, exp. variance=2.1162 E_h^2, pmove=0.50
2026-06-09 02:34:57,482 - Step 02079: 4949.3223 E_h, exp. variance=1.9319 E_h^2, pmove=0.51
2026-06-09 02:34:57,834 - Step 02080: 4948.5713 E_h, exp. variance=1.8786 E_h^2, pmove=0.50
2026-06-09 02:34:58,190 - Step 02081: 4947.8193 E_h, exp. variance=2.0068 E_h^2, pmove=0.50
2026-06-09 02:34:58,542 - Step 02082: 4948.1353 E_h, exp. variance=1.9752 E_h^2, pmove=0.50
2026-06-09 02:34:58,888 - Step 02083: 4947.8057 E_h, exp. variance=1.9975 E_h^2, pmove=0.50
2026-06-09 02:34:59,233 - Step 02084: 4948.3809 E_h, exp. variance=1.8600 E_h^2, pmove=0.50
2026-06-09 02:34:59,582 - Step 02085: 4949.3398 E_h, exp. variance=1.6780 E_h^2, pmove=0.50
2026-06-09 02:34:59,936 - Step 02086: 4949.5000 E_h, exp. variance=1.5212 E_h^2, pmove=0.49
2026-06-09 02:35:00,290 - Step 02087: 4948.0190 E_h, exp. variance=1.4915 E_h^2, pmove=0.50
2026-06-09 02:35:00,641 - Step 02088: 4949.0078 E_h, exp. variance=1.3427 E_h^2, pmove=0.50
2026-06-09 02:35:00,990 - Step 02089: 4949.2979 E_h, exp. variance=1.2134 E_h^2, pmove=0.50
2026-06-09 02:35:01,335 - Step 02090: 4949.1758 E_h, exp. variance=1.0928 E_h^2, pmove=0.50
2026-06-09 02:35:01,681 - Step 02091: 4949.9512 E_h, exp. variance=1.0496 E_h^2, pmove=0.50
2026-06-09 02:35:02,027 - Step 02092: 4950.1328 E_h, exp. variance=1.0263 E_h^2, pmove=0.50
2026-06-09 02:35:02,373 - Step 02093: 4948.9761 E_h, exp. variance=0.9317 E_h^2, pmove=0.50
2026-06-09 02:35:02,719 - Step 02094: 4949.8340 E_h, exp. variance=0.8697 E_h^2, pmove=0.50
2026-06-09 02:35:03,065 - Step 02095: 4948.1387 E_h, exp. variance=0.9051 E_h^2, pmove=0.50
2026-06-09 02:35:03,409 - Step 02096: 4948.6147 E_h, exp. variance=0.8442 E_h^2, pmove=0.50
2026-06-09 02:35:03,757 - Step 02097: 4948.5464 E_h, exp. variance=0.7905 E_h^2, pmove=0.50
2026-06-09 02:35:04,104 - Step 02098: 4949.2520 E_h, exp. variance=0.7143 E_h^2, pmove=0.50
2026-06-09 02:35:04,451 - Step 02099: 4949.3496 E_h, exp. variance=0.6490 E_h^2, pmove=0.50
2026-06-09 02:35:04,801 - Step 02100: 4949.0063 E_h, exp. variance=0.5851 E_h^2, pmove=0.50
2026-06-09 02:35:05,148 - Step 02101: 4949.7031 E_h, exp. variance=0.5588 E_h^2, pmove=0.50
2026-06-09 02:35:05,494 - Step 02102: 4948.4883 E_h, exp. variance=0.5441 E_h^2, pmove=0.49
2026-06-09 02:35:05,842 - Step 02103: 4949.8125 E_h, exp. variance=0.5358 E_h^2, pmove=0.50
2026-06-09 02:35:06,188 - Step 02104: 4948.7676 E_h, exp. variance=0.4967 E_h^2, pmove=0.50
2026-06-09 02:35:06,541 - Step 02105: 4949.0547 E_h, exp. variance=0.4475 E_h^2, pmove=0.50
2026-06-09 02:35:06,889 - Step 02106: 4949.4395 E_h, exp. variance=0.4119 E_h^2, pmove=0.50
2026-06-09 02:35:07,237 - Step 02107: 4951.0107 E_h, exp. variance=0.6812 E_h^2, pmove=0.49
2026-06-09 02:35:07,587 - Step 02108: 4950.0635 E_h, exp. variance=0.6603 E_h^2, pmove=0.51
2026-06-09 02:35:07,936 - Step 02109: 4949.9180 E_h, exp. variance=0.6174 E_h^2, pmove=0.51
2026-06-09 02:35:08,283 - Step 02110: 4948.1035 E_h, exp. variance=0.7217 E_h^2, pmove=0.50
2026-06-09 02:35:08,630 - Step 02111: 4948.9487 E_h, exp. variance=0.6624 E_h^2, pmove=0.50
2026-06-09 02:35:08,978 - Step 02112: 4949.4033 E_h, exp. variance=0.5973 E_h^2, pmove=0.50
2026-06-09 02:35:09,325 - Step 02113: 4950.0449 E_h, exp. variance=0.5876 E_h^2, pmove=0.50
2026-06-09 02:35:09,672 - Step 02114: 4950.9736 E_h, exp. variance=0.7590 E_h^2, pmove=0.50
2026-06-09 02:35:10,021 - Step 02115: 4951.2485 E_h, exp. variance=0.9476 E_h^2, pmove=0.50
2026-06-09 02:35:10,368 - Step 02116: 4949.7607 E_h, exp. variance=0.8531 E_h^2, pmove=0.50
2026-06-09 02:35:10,715 - Step 02117: 4948.0010 E_h, exp. variance=1.0309 E_h^2, pmove=0.49
2026-06-09 02:35:11,063 - Step 02118: 4949.8516 E_h, exp. variance=0.9366 E_h^2, pmove=0.50
2026-06-09 02:35:11,406 - Step 02119: 4949.7822 E_h, exp. variance=0.8469 E_h^2, pmove=0.50
2026-06-09 02:35:11,751 - Step 02120: 4950.3828 E_h, exp. variance=0.8185 E_h^2, pmove=0.50
2026-06-09 02:35:12,101 - Step 02121: 4949.1665 E_h, exp. variance=0.7596 E_h^2, pmove=0.50
2026-06-09 02:35:12,446 - Step 02122: 4949.1543 E_h, exp. variance=0.7032 E_h^2, pmove=0.50
2026-06-09 02:35:12,792 - Step 02123: 4948.7319 E_h, exp. variance=0.6967 E_h^2, pmove=0.50
2026-06-09 02:35:13,137 - Step 02124: 4948.8242 E_h, exp. variance=0.6670 E_h^2, pmove=0.50
2026-06-09 02:35:13,482 - Step 02125: 4949.4443 E_h, exp. variance=0.6003 E_h^2, pmove=0.51
2026-06-09 02:35:13,827 - Step 02126: 4947.8730 E_h, exp. variance=0.7573 E_h^2, pmove=0.50
2026-06-09 02:35:14,172 - Step 02127: 4949.3340 E_h, exp. variance=0.6819 E_h^2, pmove=0.51
2026-06-09 02:35:14,517 - Step 02128: 4948.5117 E_h, exp. variance=0.6664 E_h^2, pmove=0.49
2026-06-09 02:35:14,862 - Step 02129: 4949.4121 E_h, exp. variance=0.6038 E_h^2, pmove=0.50
2026-06-09 02:35:15,208 - Step 02130: 4949.7188 E_h, exp. variance=0.5657 E_h^2, pmove=0.50
2026-06-09 02:35:15,551 - Step 02131: 4948.8857 E_h, exp. variance=0.5225 E_h^2, pmove=0.50
2026-06-09 02:35:15,897 - Step 02132: 4947.8350 E_h, exp. variance=0.6460 E_h^2, pmove=0.51
2026-06-09 02:35:16,241 - Step 02133: 4947.9609 E_h, exp. variance=0.6967 E_h^2, pmove=0.50
2026-06-09 02:35:16,588 - Step 02134: 4949.3779 E_h, exp. variance=0.6413 E_h^2, pmove=0.50
2026-06-09 02:35:16,932 - Step 02135: 4948.1973 E_h, exp. variance=0.6380 E_h^2, pmove=0.50
2026-06-09 02:35:17,280 - Step 02136: 4950.3394 E_h, exp. variance=0.7511 E_h^2, pmove=0.50
2026-06-09 02:35:17,625 - Step 02137: 4949.4673 E_h, exp. variance=0.6897 E_h^2, pmove=0.50
2026-06-09 02:35:17,971 - Step 02138: 4949.6299 E_h, exp. variance=0.6444 E_h^2, pmove=0.50
2026-06-09 02:35:18,319 - Step 02139: 4948.6426 E_h, exp. variance=0.6048 E_h^2, pmove=0.50
2026-06-09 02:35:18,664 - Step 02140: 4948.6460 E_h, exp. variance=0.5641 E_h^2, pmove=0.50
2026-06-09 02:35:19,012 - Step 02141: 4949.1113 E_h, exp. variance=0.5079 E_h^2, pmove=0.50
2026-06-09 02:35:19,359 - Step 02142: 4947.3389 E_h, exp. variance=0.7277 E_h^2, pmove=0.50
2026-06-09 02:35:19,708 - Step 02143: 4946.2954 E_h, exp. variance=1.2652 E_h^2, pmove=0.50
2026-06-09 02:35:20,053 - Step 02144: 4947.5840 E_h, exp. variance=1.2389 E_h^2, pmove=0.49
2026-06-09 02:35:20,400 - Step 02145: 4948.8926 E_h, exp. variance=1.1266 E_h^2, pmove=0.50
2026-06-09 02:35:20,747 - Step 02146: 4948.6348 E_h, exp. variance=1.0143 E_h^2, pmove=0.50
2026-06-09 02:35:21,095 - Step 02147: 4950.3486 E_h, exp. variance=1.1958 E_h^2, pmove=0.50
2026-06-09 02:35:21,440 - Step 02148: 4948.6284 E_h, exp. variance=1.0776 E_h^2, pmove=0.50
2026-06-09 02:35:21,785 - Step 02149: 4949.2456 E_h, exp. variance=0.9928 E_h^2, pmove=0.50
2026-06-09 02:35:22,133 - Step 02150: 4947.9639 E_h, exp. variance=0.9551 E_h^2, pmove=0.50
2026-06-09 02:35:22,480 - Step 02151: 4948.5996 E_h, exp. variance=0.8607 E_h^2, pmove=0.50
2026-06-09 02:35:22,824 - Step 02152: 4948.0337 E_h, exp. variance=0.8143 E_h^2, pmove=0.50
2026-06-09 02:35:23,173 - Step 02153: 4947.8467 E_h, exp. variance=0.7883 E_h^2, pmove=0.51
2026-06-09 02:35:23,522 - Step 02154: 4948.8442 E_h, exp. variance=0.7171 E_h^2, pmove=0.50
2026-06-09 02:35:23,869 - Step 02155: 4948.2642 E_h, exp. variance=0.6545 E_h^2, pmove=0.50
2026-06-09 02:35:24,218 - Step 02156: 4949.3145 E_h, exp. variance=0.6416 E_h^2, pmove=0.50
2026-06-09 02:35:24,565 - Step 02157: 4948.7300 E_h, exp. variance=0.5784 E_h^2, pmove=0.50
2026-06-09 02:35:24,911 - Step 02158: 4948.7568 E_h, exp. variance=0.5218 E_h^2, pmove=0.50
2026-06-09 02:35:25,257 - Step 02159: 4948.4961 E_h, exp. variance=0.4718 E_h^2, pmove=0.49
2026-06-09 02:35:25,602 - Step 02160: 4950.5283 E_h, exp. variance=0.7475 E_h^2, pmove=0.50
2026-06-09 02:35:25,947 - Step 02161: 4948.1201 E_h, exp. variance=0.7173 E_h^2, pmove=0.50
2026-06-09 02:35:26,292 - Step 02162: 4948.2568 E_h, exp. variance=0.6677 E_h^2, pmove=0.50
2026-06-09 02:35:26,653 - Step 02163: 4949.3184 E_h, exp. variance=0.6350 E_h^2, pmove=0.50
2026-06-09 02:35:26,998 - Step 02164: 4949.5371 E_h, exp. variance=0.6251 E_h^2, pmove=0.50
2026-06-09 02:35:27,343 - Step 02165: 4949.6934 E_h, exp. variance=0.6278 E_h^2, pmove=0.50
2026-06-09 02:35:27,689 - Step 02166: 4950.8213 E_h, exp. variance=0.8879 E_h^2, pmove=0.50
2026-06-09 02:35:28,036 - Step 02167: 4949.8916 E_h, exp. variance=0.8531 E_h^2, pmove=0.50
2026-06-09 02:35:28,381 - Step 02168: 4949.4785 E_h, exp. variance=0.7751 E_h^2, pmove=0.49
2026-06-09 02:35:28,727 - Step 02169: 4949.7256 E_h, exp. variance=0.7203 E_h^2, pmove=0.50
2026-06-09 02:35:29,072 - Step 02170: 4949.4414 E_h, exp. variance=0.6509 E_h^2, pmove=0.50
2026-06-09 02:35:29,423 - Step 02171: 4949.3481 E_h, exp. variance=0.5861 E_h^2, pmove=0.50
2026-06-09 02:35:29,783 - Step 02172: 4949.9238 E_h, exp. variance=0.5630 E_h^2, pmove=0.51
2026-06-09 02:35:30,131 - Step 02173: 4948.7163 E_h, exp. variance=0.5438 E_h^2, pmove=0.50
2026-06-09 02:35:30,480 - Step 02174: 4949.3145 E_h, exp. variance=0.4895 E_h^2, pmove=0.50
2026-06-09 02:35:30,831 - Step 02175: 4947.7510 E_h, exp. variance=0.6555 E_h^2, pmove=0.50
2026-06-09 02:35:31,179 - Step 02176: 4949.6929 E_h, exp. variance=0.6173 E_h^2, pmove=0.50
2026-06-09 02:35:31,524 - Step 02177: 4948.3096 E_h, exp. variance=0.6264 E_h^2, pmove=0.51
2026-06-09 02:35:31,869 - Step 02178: 4948.6045 E_h, exp. variance=0.5866 E_h^2, pmove=0.51
2026-06-09 02:35:32,215 - Step 02179: 4948.2627 E_h, exp. variance=0.5848 E_h^2, pmove=0.50
2026-06-09 02:35:32,560 - Step 02180: 4948.8071 E_h, exp. variance=0.5289 E_h^2, pmove=0.50
2026-06-09 02:35:32,907 - Step 02181: 4948.7588 E_h, exp. variance=0.4797 E_h^2, pmove=0.50
2026-06-09 02:35:33,251 - Step 02182: 4947.4219 E_h, exp. variance=0.6394 E_h^2, pmove=0.50
2026-06-09 02:35:33,594 - Step 02183: 4950.8457 E_h, exp. variance=0.9562 E_h^2, pmove=0.50
2026-06-09 02:35:33,939 - Step 02184: 4949.3208 E_h, exp. variance=0.8701 E_h^2, pmove=0.49
2026-06-09 02:35:34,288 - Step 02185: 4949.9082 E_h, exp. variance=0.8529 E_h^2, pmove=0.50
2026-06-09 02:35:34,632 - Step 02186: 4947.5781 E_h, exp. variance=0.9803 E_h^2, pmove=0.50
2026-06-09 02:35:34,979 - Step 02187: 4948.3643 E_h, exp. variance=0.9144 E_h^2, pmove=0.50
2026-06-09 02:35:35,324 - Step 02188: 4949.1484 E_h, exp. variance=0.8284 E_h^2, pmove=0.50
2026-06-09 02:35:35,669 - Step 02189: 4949.7578 E_h, exp. variance=0.8077 E_h^2, pmove=0.50
2026-06-09 02:35:36,015 - Step 02190: 4947.5288 E_h, exp. variance=0.9243 E_h^2, pmove=0.49
2026-06-09 02:35:36,361 - Step 02191: 4949.5391 E_h, exp. variance=0.8732 E_h^2, pmove=0.50
2026-06-09 02:35:36,708 - Step 02192: 4949.1602 E_h, exp. variance=0.7906 E_h^2, pmove=0.50
2026-06-09 02:35:37,052 - Step 02193: 4949.2080 E_h, exp. variance=0.7174 E_h^2, pmove=0.50
2026-06-09 02:35:37,398 - Step 02194: 4949.7080 E_h, exp. variance=0.6937 E_h^2, pmove=0.50
2026-06-09 02:35:37,745 - Step 02195: 4949.4663 E_h, exp. variance=0.6398 E_h^2, pmove=0.50
2026-06-09 02:35:38,093 - Step 02196: 4949.6699 E_h, exp. variance=0.6059 E_h^2, pmove=0.50
2026-06-09 02:35:38,439 - Step 02197: 4949.7686 E_h, exp. variance=0.5797 E_h^2, pmove=0.50
2026-06-09 02:35:38,786 - Step 02198: 4948.7217 E_h, exp. variance=0.5434 E_h^2, pmove=0.50
2026-06-09 02:35:39,137 - Step 02199: 4949.1147 E_h, exp. variance=0.4893 E_h^2, pmove=0.50
2026-06-09 02:35:39,484 - Step 02200: 4950.5229 E_h, exp. variance=0.6080 E_h^2, pmove=0.50
2026-06-09 02:35:39,830 - Step 02201: 4950.3145 E_h, exp. variance=0.6407 E_h^2, pmove=0.50
2026-06-09 02:35:40,177 - Step 02202: 4949.9785 E_h, exp. variance=0.6071 E_h^2, pmove=0.50
2026-06-09 02:35:40,520 - Step 02203: 4949.8779 E_h, exp. variance=0.5625 E_h^2, pmove=0.50
2026-06-09 02:35:40,864 - Step 02204: 4949.6636 E_h, exp. variance=0.5087 E_h^2, pmove=0.50
2026-06-09 02:35:41,213 - Step 02205: 4949.8174 E_h, exp. variance=0.4661 E_h^2, pmove=0.51
2026-06-09 02:35:41,561 - Step 02206: 4948.9199 E_h, exp. variance=0.4546 E_h^2, pmove=0.50
2026-06-09 02:35:41,907 - Step 02207: 4949.4976 E_h, exp. variance=0.4092 E_h^2, pmove=0.51
2026-06-09 02:35:42,258 - Step 02208: 4950.7842 E_h, exp. variance=0.5205 E_h^2, pmove=0.50
2026-06-09 02:35:42,604 - Step 02209: 4951.3145 E_h, exp. variance=0.7289 E_h^2, pmove=0.51
2026-06-09 02:35:42,951 - Step 02210: 4948.0732 E_h, exp. variance=0.9192 E_h^2, pmove=0.51
2026-06-09 02:35:43,303 - Step 02211: 4950.0127 E_h, exp. variance=0.8417 E_h^2, pmove=0.50
2026-06-09 02:35:43,648 - Step 02212: 4950.0078 E_h, exp. variance=0.7689 E_h^2, pmove=0.50
2026-06-09 02:35:43,995 - Step 02213: 4950.8765 E_h, exp. variance=0.8191 E_h^2, pmove=0.50
2026-06-09 02:35:44,341 - Step 02214: 4949.3359 E_h, exp. variance=0.7572 E_h^2, pmove=0.50
2026-06-09 02:35:44,688 - Step 02215: 4950.2983 E_h, exp. variance=0.7076 E_h^2, pmove=0.49
2026-06-09 02:35:45,036 - Step 02216: 4949.2812 E_h, exp. variance=0.6623 E_h^2, pmove=0.50
2026-06-09 02:35:45,382 - Step 02217: 4949.5073 E_h, exp. variance=0.6018 E_h^2, pmove=0.50
2026-06-09 02:35:45,728 - Step 02218: 4947.8101 E_h, exp. variance=0.8751 E_h^2, pmove=0.50
2026-06-09 02:35:46,075 - Step 02219: 4948.2744 E_h, exp. variance=0.9323 E_h^2, pmove=0.50
2026-06-09 02:35:46,420 - Step 02220: 4947.7080 E_h, exp. variance=1.1015 E_h^2, pmove=0.50
2026-06-09 02:35:46,770 - Step 02221: 4948.6587 E_h, exp. variance=1.0222 E_h^2, pmove=0.50
2026-06-09 02:35:47,119 - Step 02222: 4949.7051 E_h, exp. variance=0.9442 E_h^2, pmove=0.50
2026-06-09 02:35:47,468 - Step 02223: 4948.5381 E_h, exp. variance=0.8939 E_h^2, pmove=0.50
2026-06-09 02:35:47,813 - Step 02224: 4949.7305 E_h, exp. variance=0.8330 E_h^2, pmove=0.50
2026-06-09 02:35:48,160 - Step 02225: 4945.2324 E_h, exp. variance=2.1837 E_h^2, pmove=0.50
2026-06-09 02:35:48,506 - Step 02226: 4950.1187 E_h, exp. variance=2.1159 E_h^2, pmove=0.51
2026-06-09 02:35:48,853 - Step 02227: 4949.0083 E_h, exp. variance=1.9046 E_h^2, pmove=0.50
2026-06-09 02:35:49,199 - Step 02228: 4948.5176 E_h, exp. variance=1.7317 E_h^2, pmove=0.50
2026-06-09 02:35:49,546 - Step 02229: 4948.8643 E_h, exp. variance=1.5588 E_h^2, pmove=0.50
2026-06-09 02:35:49,891 - Step 02230: 4950.0439 E_h, exp. variance=1.5186 E_h^2, pmove=0.50
2026-06-09 02:35:50,239 - Step 02231: 4950.7026 E_h, exp. variance=1.6205 E_h^2, pmove=0.50
2026-06-09 02:35:50,586 - Step 02232: 4948.9785 E_h, exp. variance=1.4625 E_h^2, pmove=0.50
2026-06-09 02:35:50,934 - Step 02233: 4948.9087 E_h, exp. variance=1.3224 E_h^2, pmove=0.50
2026-06-09 02:35:51,280 - Step 02234: 4950.0815 E_h, exp. variance=1.2694 E_h^2, pmove=0.50
2026-06-09 02:35:51,627 - Step 02235: 4949.9053 E_h, exp. variance=1.1826 E_h^2, pmove=0.50
2026-06-09 02:35:51,972 - Step 02236: 4951.0991 E_h, exp. variance=1.3543 E_h^2, pmove=0.50
2026-06-09 02:35:52,317 - Step 02237: 4951.2285 E_h, exp. variance=1.4928 E_h^2, pmove=0.50
2026-06-09 02:35:52,665 - Step 02238: 4951.5703 E_h, exp. variance=1.6726 E_h^2, pmove=0.49
2026-06-09 02:35:53,011 - Step 02239: 4950.3516 E_h, exp. variance=1.5280 E_h^2, pmove=0.50
2026-06-09 02:35:53,357 - Step 02240: 4950.0439 E_h, exp. variance=1.3771 E_h^2, pmove=0.50
2026-06-09 02:35:53,706 - Step 02241: 4950.1431 E_h, exp. variance=1.2441 E_h^2, pmove=0.50
2026-06-09 02:35:54,052 - Step 02242: 4949.2036 E_h, exp. variance=1.1681 E_h^2, pmove=0.50
2026-06-09 02:35:54,399 - Step 02243: 4950.8989 E_h, exp. variance=1.1477 E_h^2, pmove=0.50
2026-06-09 02:35:54,744 - Step 02244: 4949.5674 E_h, exp. variance=1.0473 E_h^2, pmove=0.50
2026-06-09 02:35:55,089 - Step 02245: 4949.7441 E_h, exp. variance=0.9456 E_h^2, pmove=0.50
2026-06-09 02:35:55,437 - Step 02246: 4949.6924 E_h, exp. variance=0.8553 E_h^2, pmove=0.50
2026-06-09 02:35:55,783 - Step 02247: 4948.7456 E_h, exp. variance=0.8871 E_h^2, pmove=0.50
2026-06-09 02:35:56,130 - Step 02248: 4949.0020 E_h, exp. variance=0.8520 E_h^2, pmove=0.50
2026-06-09 02:35:56,479 - Step 02249: 4948.4736 E_h, exp. variance=0.9013 E_h^2, pmove=0.50
2026-06-09 02:35:56,829 - Step 02250: 4948.4854 E_h, exp. variance=0.9179 E_h^2, pmove=0.50
2026-06-09 02:35:57,176 - Step 02251: 4948.1245 E_h, exp. variance=0.9879 E_h^2, pmove=0.50
2026-06-09 02:35:57,523 - Step 02252: 4948.6924 E_h, exp. variance=0.9258 E_h^2, pmove=0.50
2026-06-09 02:35:57,873 - Step 02253: 4949.1909 E_h, exp. variance=0.8338 E_h^2, pmove=0.50
2026-06-09 02:35:58,222 - Step 02254: 4948.4893 E_h, exp. variance=0.8038 E_h^2, pmove=0.50
2026-06-09 02:35:58,567 - Step 02255: 4948.4790 E_h, exp. variance=0.7679 E_h^2, pmove=0.49
2026-06-09 02:35:58,915 - Step 02256: 4950.7969 E_h, exp. variance=0.9466 E_h^2, pmove=0.50
2026-06-09 02:35:59,261 - Step 02257: 4949.9375 E_h, exp. variance=0.8909 E_h^2, pmove=0.50
2026-06-09 02:35:59,609 - Step 02258: 4949.5479 E_h, exp. variance=0.8054 E_h^2, pmove=0.50
2026-06-09 02:35:59,954 - Step 02259: 4949.7046 E_h, exp. variance=0.7352 E_h^2, pmove=0.49
2026-06-09 02:36:00,301 - Step 02260: 4951.4009 E_h, exp. variance=1.0220 E_h^2, pmove=0.50
2026-06-09 02:36:00,648 - Step 02261: 4950.6729 E_h, exp. variance=1.0234 E_h^2, pmove=0.50
2026-06-09 02:36:00,995 - Step 02262: 4950.2192 E_h, exp. variance=0.9446 E_h^2, pmove=0.50
2026-06-09 02:36:01,342 - Step 02263: 4949.3594 E_h, exp. variance=0.8645 E_h^2, pmove=0.50
2026-06-09 02:36:01,689 - Step 02264: 4950.8242 E_h, exp. variance=0.8881 E_h^2, pmove=0.50
2026-06-09 02:36:02,038 - Step 02265: 4951.1592 E_h, exp. variance=0.9585 E_h^2, pmove=0.49
2026-06-09 02:36:02,390 - Step 02266: 4950.1455 E_h, exp. variance=0.8657 E_h^2, pmove=0.51
2026-06-09 02:36:02,737 - Step 02267: 4949.9844 E_h, exp. variance=0.7791 E_h^2, pmove=0.50
2026-06-09 02:36:03,090 - Step 02268: 4949.9995 E_h, exp. variance=0.7012 E_h^2, pmove=0.50
2026-06-09 02:36:03,443 - Step 02269: 4951.6069 E_h, exp. variance=0.8685 E_h^2, pmove=0.50
2026-06-09 02:36:03,791 - Step 02270: 4950.0054 E_h, exp. variance=0.7834 E_h^2, pmove=0.50
2026-06-09 02:36:04,157 - Step 02271: 4950.5488 E_h, exp. variance=0.7207 E_h^2, pmove=0.50
2026-06-09 02:36:04,503 - Step 02272: 4950.6289 E_h, exp. variance=0.6674 E_h^2, pmove=0.50
2026-06-09 02:36:04,851 - Step 02273: 4950.7617 E_h, exp. variance=0.6272 E_h^2, pmove=0.50
2026-06-09 02:36:05,201 - Step 02274: 4949.9385 E_h, exp. variance=0.5745 E_h^2, pmove=0.50
2026-06-09 02:36:05,556 - Step 02275: 4950.5576 E_h, exp. variance=0.5262 E_h^2, pmove=0.50
2026-06-09 02:36:05,903 - Step 02276: 4948.8008 E_h, exp. variance=0.6681 E_h^2, pmove=0.50
2026-06-09 02:36:06,251 - Step 02277: 4948.0996 E_h, exp. variance=0.9702 E_h^2, pmove=0.50
2026-06-09 02:36:06,600 - Step 02278: 4949.1865 E_h, exp. variance=0.9217 E_h^2, pmove=0.50
2026-06-09 02:36:06,949 - Step 02279: 4948.9956 E_h, exp. variance=0.8949 E_h^2, pmove=0.51
2026-06-09 02:36:07,982 - Step 02280: 4947.8672 E_h, exp. variance=1.1288 E_h^2, pmove=0.50
2026-06-09 02:36:08,335 - Step 02281: 4948.6797 E_h, exp. variance=1.0878 E_h^2, pmove=0.50
2026-06-09 02:36:08,687 - Step 02282: 4947.4795 E_h, exp. variance=1.3406 E_h^2, pmove=0.50
2026-06-09 02:36:09,034 - Step 02283: 4949.5449 E_h, exp. variance=1.2127 E_h^2, pmove=0.50
2026-06-09 02:36:09,380 - Step 02284: 4948.4111 E_h, exp. variance=1.1641 E_h^2, pmove=0.50
2026-06-09 02:36:09,728 - Step 02285: 4949.5229 E_h, exp. variance=1.0559 E_h^2, pmove=0.50
2026-06-09 02:36:10,074 - Step 02286: 4949.7393 E_h, exp. variance=0.9719 E_h^2, pmove=0.49
2026-06-09 02:36:10,421 - Step 02287: 4949.4971 E_h, exp. variance=0.8782 E_h^2, pmove=0.49
2026-06-09 02:36:10,769 - Step 02288: 4949.6606 E_h, exp. variance=0.8009 E_h^2, pmove=0.50
2026-06-09 02:36:11,117 - Step 02289: 4949.0088 E_h, exp. variance=0.7315 E_h^2, pmove=0.50
2026-06-09 02:36:11,463 - Step 02290: 4947.9624 E_h, exp. variance=0.8238 E_h^2, pmove=0.51
2026-06-09 02:36:11,811 - Step 02291: 4947.9463 E_h, exp. variance=0.8790 E_h^2, pmove=0.51
2026-06-09 02:36:12,159 - Step 02292: 4948.4463 E_h, exp. variance=0.8249 E_h^2, pmove=0.50
2026-06-09 02:36:12,510 - Step 02293: 4948.8945 E_h, exp. variance=0.7434 E_h^2, pmove=0.50
2026-06-09 02:36:12,858 - Step 02294: 4949.6587 E_h, exp. variance=0.7095 E_h^2, pmove=0.50
2026-06-09 02:36:13,207 - Step 02295: 4950.4150 E_h, exp. variance=0.8051 E_h^2, pmove=0.50
2026-06-09 02:36:13,555 - Step 02296: 4949.0508 E_h, exp. variance=0.7264 E_h^2, pmove=0.50
2026-06-09 02:36:13,906 - Step 02297: 4948.8608 E_h, exp. variance=0.6627 E_h^2, pmove=0.50
2026-06-09 02:36:14,256 - Step 02298: 4950.0552 E_h, exp. variance=0.6710 E_h^2, pmove=0.50
2026-06-09 02:36:14,603 - Step 02299: 4949.2783 E_h, exp. variance=0.6041 E_h^2, pmove=0.50
2026-06-09 02:36:14,949 - Step 02300: 4950.0283 E_h, exp. variance=0.5996 E_h^2, pmove=0.50
2026-06-09 02:36:15,299 - Step 02301: 4951.0752 E_h, exp. variance=0.8172 E_h^2, pmove=0.50
2026-06-09 02:36:15,648 - Step 02302: 4951.8359 E_h, exp. variance=1.2289 E_h^2, pmove=0.50
2026-06-09 02:36:15,994 - Step 02303: 4949.1079 E_h, exp. variance=1.1406 E_h^2, pmove=0.50
2026-06-09 02:36:16,339 - Step 02304: 4950.2773 E_h, exp. variance=1.0602 E_h^2, pmove=0.50
2026-06-09 02:36:16,684 - Step 02305: 4949.7627 E_h, exp. variance=0.9543 E_h^2, pmove=0.50
2026-06-09 02:36:17,029 - Step 02306: 4949.9175 E_h, exp. variance=0.8620 E_h^2, pmove=0.51
2026-06-09 02:36:17,377 - Step 02307: 4949.3237 E_h, exp. variance=0.7921 E_h^2, pmove=0.51
2026-06-09 02:36:17,728 - Step 02308: 4949.1240 E_h, exp. variance=0.7435 E_h^2, pmove=0.50
2026-06-09 02:36:18,078 - Step 02309: 4948.0317 E_h, exp. variance=0.9045 E_h^2, pmove=0.50
2026-06-09 02:36:18,425 - Step 02310: 4947.8428 E_h, exp. variance=1.0574 E_h^2, pmove=0.50
2026-06-09 02:36:18,770 - Step 02311: 4948.6338 E_h, exp. variance=0.9944 E_h^2, pmove=0.50
2026-06-09 02:36:19,118 - Step 02312: 4947.5913 E_h, exp. variance=1.1438 E_h^2, pmove=0.50
2026-06-09 02:36:19,466 - Step 02313: 4948.5566 E_h, exp. variance=1.0548 E_h^2, pmove=0.50
2026-06-09 02:36:19,813 - Step 02314: 4948.3867 E_h, exp. variance=0.9871 E_h^2, pmove=0.50
2026-06-09 02:36:20,159 - Step 02315: 4947.7842 E_h, exp. variance=1.0149 E_h^2, pmove=0.50
2026-06-09 02:36:20,508 - Step 02316: 4946.8535 E_h, exp. variance=1.2725 E_h^2, pmove=0.50
2026-06-09 02:36:20,856 - Step 02317: 4948.7520 E_h, exp. variance=1.1462 E_h^2, pmove=0.50
2026-06-09 02:36:21,203 - Step 02318: 4949.7988 E_h, exp. variance=1.1479 E_h^2, pmove=0.50
2026-06-09 02:36:21,551 - Step 02319: 4948.1982 E_h, exp. variance=1.0631 E_h^2, pmove=0.50
2026-06-09 02:36:21,899 - Step 02320: 4947.7012 E_h, exp. variance=1.0498 E_h^2, pmove=0.50
2026-06-09 02:36:22,247 - Step 02321: 4947.8779 E_h, exp. variance=0.9939 E_h^2, pmove=0.50
2026-06-09 02:36:22,595 - Step 02322: 4946.7041 E_h, exp. variance=1.1987 E_h^2, pmove=0.50
2026-06-09 02:36:22,940 - Step 02323: 4947.8379 E_h, exp. variance=1.1032 E_h^2, pmove=0.50
2026-06-09 02:36:23,290 - Step 02324: 4947.4600 E_h, exp. variance=1.0573 E_h^2, pmove=0.50
2026-06-09 02:36:23,636 - Step 02325: 4948.3164 E_h, exp. variance=0.9524 E_h^2, pmove=0.50
2026-06-09 02:36:23,983 - Step 02326: 4948.3916 E_h, exp. variance=0.8595 E_h^2, pmove=0.50
2026-06-09 02:36:24,331 - Step 02327: 4948.0713 E_h, exp. variance=0.7763 E_h^2, pmove=0.50
2026-06-09 02:36:24,678 - Step 02328: 4947.7324 E_h, exp. variance=0.7209 E_h^2, pmove=0.50
2026-06-09 02:36:25,024 - Step 02329: 4949.6836 E_h, exp. variance=0.8524 E_h^2, pmove=0.51
2026-06-09 02:36:25,369 - Step 02330: 4950.8516 E_h, exp. variance=1.3394 E_h^2, pmove=0.50
2026-06-09 02:36:25,715 - Step 02331: 4955.0952 E_h, exp. variance=5.0234 E_h^2, pmove=0.50
2026-06-09 02:36:26,060 - Step 02332: 4955.0674 E_h, exp. variance=7.5842 E_h^2, pmove=0.50
2026-06-09 02:36:26,407 - Step 02333: 4950.3711 E_h, exp. variance=6.8534 E_h^2, pmove=0.49
2026-06-09 02:36:26,756 - Step 02334: 4953.1152 E_h, exp. variance=7.1147 E_h^2, pmove=0.50
2026-06-09 02:36:27,103 - Step 02335: 4956.6211 E_h, exp. variance=10.1183 E_h^2, pmove=0.50
2026-06-09 02:36:27,470 - Step 02336: 4979.5073 E_h, exp. variance=83.0757 E_h^2, pmove=0.51
2026-06-09 02:36:27,818 - Step 02337: 4953.6162 E_h, exp. variance=74.7688 E_h^2, pmove=0.50
2026-06-09 02:36:28,164 - Step 02338: 5013.4844 E_h, exp. variance=389.0020 E_h^2, pmove=0.50
2026-06-09 02:36:28,514 - Step 02339: 4920.3301 E_h, exp. variance=489.4294 E_h^2, pmove=0.50
2026-06-09 02:36:28,864 - Step 02340: 4929.4409 E_h, exp. variance=502.7400 E_h^2, pmove=0.50
2026-06-09 02:36:29,211 - Step 02341: 4954.6636 E_h, exp. variance=452.6828 E_h^2, pmove=0.50
2026-06-09 02:36:29,557 - Step 02342: 4951.9175 E_h, exp. variance=407.5783 E_h^2, pmove=0.50
2026-06-09 02:36:29,904 - Step 02343: 4944.6426 E_h, exp. variance=373.3065 E_h^2, pmove=0.50
2026-06-09 02:36:30,252 - Step 02344: 4955.5186 E_h, exp. variance=336.9182 E_h^2, pmove=0.50
2026-06-09 02:36:30,607 - Step 02345: 4948.8901 E_h, exp. variance=304.4694 E_h^2, pmove=0.50
2026-06-09 02:36:30,951 - Step 02346: 4947.1919 E_h, exp. variance=276.3113 E_h^2, pmove=0.51
2026-06-09 02:36:31,297 - Step 02347: 4944.5459 E_h, exp. variance=253.3258 E_h^2, pmove=0.51
2026-06-09 02:36:31,643 - Step 02348: 4949.7729 E_h, exp. variance=228.1314 E_h^2, pmove=0.50
2026-06-09 02:36:31,989 - Step 02349: 4948.8828 E_h, exp. variance=205.6802 E_h^2, pmove=0.50
2026-06-09 02:36:32,336 - Step 02350: 4949.0098 E_h, exp. variance=185.3655 E_h^2, pmove=0.51
2026-06-09 02:36:32,681 - Step 02351: 4948.7578 E_h, exp. variance=167.1083 E_h^2, pmove=0.50
2026-06-09 02:36:33,027 - Step 02352: 4948.1470 E_h, exp. variance=150.8316 E_h^2, pmove=0.51
2026-06-09 02:36:33,375 - Step 02353: 4947.4727 E_h, exp. variance=136.3809 E_h^2, pmove=0.50
2026-06-09 02:36:33,722 - Step 02354: 4946.7109 E_h, exp. variance=123.6344 E_h^2, pmove=0.50
2026-06-09 02:36:34,067 - Step 02355: 4946.9717 E_h, exp. variance=111.8662 E_h^2, pmove=0.50
2026-06-09 02:36:34,412 - Step 02356: 4947.0166 E_h, exp. variance=101.1431 E_h^2, pmove=0.50
2026-06-09 02:36:34,782 - Step 02357: 4947.9883 E_h, exp. variance=91.1320 E_h^2, pmove=0.50
2026-06-09 02:36:35,135 - Step 02358: 4949.5107 E_h, exp. variance=82.0469 E_h^2, pmove=0.50
2026-06-09 02:36:35,491 - Step 02359: 4947.9922 E_h, exp. variance=73.9350 E_h^2, pmove=0.50
2026-06-09 02:36:35,842 - Step 02360: 4949.6211 E_h, exp. variance=66.5875 E_h^2, pmove=0.50
2026-06-09 02:36:36,189 - Step 02361: 4948.2427 E_h, exp. variance=59.9774 E_h^2, pmove=0.50
2026-06-09 02:36:36,537 - Step 02362: 4948.2188 E_h, exp. variance=54.0219 E_h^2, pmove=0.50
2026-06-09 02:36:36,883 - Step 02363: 4947.9355 E_h, exp. variance=48.6927 E_h^2, pmove=0.50
2026-06-09 02:36:37,234 - Step 02364: 4949.3994 E_h, exp. variance=43.8618 E_h^2, pmove=0.50
2026-06-09 02:36:37,580 - Step 02365: 4947.8550 E_h, exp. variance=39.5580 E_h^2, pmove=0.50
2026-06-09 02:36:37,926 - Step 02366: 4948.0229 E_h, exp. variance=35.6454 E_h^2, pmove=0.50
2026-06-09 02:36:38,273 - Step 02367: 4948.6836 E_h, exp. variance=32.0810 E_h^2, pmove=0.50
2026-06-09 02:36:38,618 - Step 02368: 4948.3237 E_h, exp. variance=28.8825 E_h^2, pmove=0.50
2026-06-09 02:36:38,966 - Step 02369: 4949.0225 E_h, exp. variance=26.0090 E_h^2, pmove=0.50
2026-06-09 02:36:39,312 - Step 02370: 4947.9624 E_h, exp. variance=23.4517 E_h^2, pmove=0.50
2026-06-09 02:36:39,659 - Step 02371: 4948.3018 E_h, exp. variance=21.1139 E_h^2, pmove=0.50
2026-06-09 02:36:40,006 - Step 02372: 4948.0215 E_h, exp. variance=19.0286 E_h^2, pmove=0.50
2026-06-09 02:36:40,353 - Step 02373: 4949.1455 E_h, exp. variance=17.1625 E_h^2, pmove=0.50
2026-06-09 02:36:40,700 - Step 02374: 4949.7344 E_h, exp. variance=15.5682 E_h^2, pmove=0.51
2026-06-09 02:36:41,045 - Step 02375: 4948.4805 E_h, exp. variance=14.0152 E_h^2, pmove=0.50
2026-06-09 02:36:41,392 - Step 02376: 4947.7588 E_h, exp. variance=12.6878 E_h^2, pmove=0.50
2026-06-09 02:36:41,738 - Step 02377: 4948.9678 E_h, exp. variance=11.4329 E_h^2, pmove=0.50
2026-06-09 02:36:42,082 - Step 02378: 4948.7754 E_h, exp. variance=10.2919 E_h^2, pmove=0.50
2026-06-09 02:36:42,427 - Step 02379: 4948.8047 E_h, exp. variance=9.2655 E_h^2, pmove=0.50
2026-06-09 02:36:42,772 - Step 02380: 4949.6504 E_h, exp. variance=8.4294 E_h^2, pmove=0.50
2026-06-09 02:36:43,118 - Step 02381: 4949.4912 E_h, exp. variance=7.6361 E_h^2, pmove=0.50
2026-06-09 02:36:43,463 - Step 02382: 4949.0557 E_h, exp. variance=6.8774 E_h^2, pmove=0.50
2026-06-09 02:36:43,812 - Step 02383: 4948.8784 E_h, exp. variance=6.1898 E_h^2, pmove=0.50
2026-06-09 02:36:44,161 - Step 02384: 4948.3916 E_h, exp. variance=5.5896 E_h^2, pmove=0.50
2026-06-09 02:36:44,511 - Step 02385: 4947.7148 E_h, exp. variance=5.1373 E_h^2, pmove=0.51
2026-06-09 02:36:44,859 - Step 02386: 4948.9834 E_h, exp. variance=4.6311 E_h^2, pmove=0.50
2026-06-09 02:36:45,204 - Step 02387: 4948.3936 E_h, exp. variance=4.1777 E_h^2, pmove=0.50
2026-06-09 02:36:45,550 - Step 02388: 4948.1914 E_h, exp. variance=3.7824 E_h^2, pmove=0.50
2026-06-09 02:36:45,897 - Step 02389: 4948.1523 E_h, exp. variance=3.4256 E_h^2, pmove=0.50
2026-06-09 02:36:46,242 - Step 02390: 4947.6099 E_h, exp. variance=3.1698 E_h^2, pmove=0.50
2026-06-09 02:36:46,589 - Step 02391: 4949.0029 E_h, exp. variance=2.8762 E_h^2, pmove=0.50
2026-06-09 02:36:46,934 - Step 02392: 4949.7578 E_h, exp. variance=2.7211 E_h^2, pmove=0.50
2026-06-09 02:36:47,282 - Step 02393: 4949.0024 E_h, exp. variance=2.4591 E_h^2, pmove=0.50
2026-06-09 02:36:47,631 - Step 02394: 4948.9307 E_h, exp. variance=2.2180 E_h^2, pmove=0.50
2026-06-09 02:36:47,980 - Step 02395: 4948.9395 E_h, exp. variance=2.0005 E_h^2, pmove=0.50
2026-06-09 02:36:48,333 - Step 02396: 4948.2002 E_h, exp. variance=1.8270 E_h^2, pmove=0.50
2026-06-09 02:36:48,678 - Step 02397: 4948.2729 E_h, exp. variance=1.6600 E_h^2, pmove=0.50
2026-06-09 02:36:49,025 - Step 02398: 4948.5234 E_h, exp. variance=1.4954 E_h^2, pmove=0.50
2026-06-09 02:36:49,370 - Step 02399: 4947.9170 E_h, exp. variance=1.3923 E_h^2, pmove=0.50
2026-06-09 02:36:49,735 - Step 02400: 4949.7651 E_h, exp. variance=1.3830 E_h^2, pmove=0.49
2026-06-09 02:36:50,078 - Step 02401: 4948.5127 E_h, exp. variance=1.2473 E_h^2, pmove=0.50
2026-06-09 02:36:50,422 - Step 02402: 4948.6025 E_h, exp. variance=1.1230 E_h^2, pmove=0.50
2026-06-09 02:36:50,769 - Step 02403: 4948.8159 E_h, exp. variance=1.0128 E_h^2, pmove=0.50
2026-06-09 02:36:51,117 - Step 02404: 4948.7002 E_h, exp. variance=0.9116 E_h^2, pmove=0.50
2026-06-09 02:36:51,464 - Step 02405: 4948.8018 E_h, exp. variance=0.8218 E_h^2, pmove=0.51
2026-06-09 02:36:51,812 - Step 02406: 4948.0811 E_h, exp. variance=0.7731 E_h^2, pmove=0.50
2026-06-09 02:36:52,163 - Step 02407: 4947.9609 E_h, exp. variance=0.7361 E_h^2, pmove=0.50
2026-06-09 02:36:52,510 - Step 02408: 4947.9570 E_h, exp. variance=0.6955 E_h^2, pmove=0.50
2026-06-09 02:36:52,856 - Step 02409: 4949.6338 E_h, exp. variance=0.7411 E_h^2, pmove=0.50
2026-06-09 02:36:53,201 - Step 02410: 4948.8525 E_h, exp. variance=0.6721 E_h^2, pmove=0.50
2026-06-09 02:36:53,550 - Step 02411: 4948.4307 E_h, exp. variance=0.6088 E_h^2, pmove=0.50
2026-06-09 02:36:53,901 - Step 02412: 4949.1206 E_h, exp. variance=0.5706 E_h^2, pmove=0.51
2026-06-09 02:36:54,252 - Step 02413: 4950.3926 E_h, exp. variance=0.7809 E_h^2, pmove=0.50
2026-06-09 02:36:54,600 - Step 02414: 4950.5977 E_h, exp. variance=0.9805 E_h^2, pmove=0.50
2026-06-09 02:36:54,948 - Step 02415: 4949.5791 E_h, exp. variance=0.9108 E_h^2, pmove=0.49
2026-06-09 02:36:55,295 - Step 02416: 4950.5122 E_h, exp. variance=1.0061 E_h^2, pmove=0.50
2026-06-09 02:36:55,646 - Step 02417: 4949.0508 E_h, exp. variance=0.9080 E_h^2, pmove=0.50
2026-06-09 02:36:55,992 - Step 02418: 4948.1426 E_h, exp. variance=0.9180 E_h^2, pmove=0.50
2026-06-09 02:36:56,338 - Step 02419: 4947.8398 E_h, exp. variance=0.9679 E_h^2, pmove=0.50
2026-06-09 02:36:56,684 - Step 02420: 4948.4697 E_h, exp. variance=0.8936 E_h^2, pmove=0.51
2026-06-09 02:36:57,031 - Step 02421: 4947.1880 E_h, exp. variance=1.0740 E_h^2, pmove=0.50
2026-06-09 02:36:57,376 - Step 02422: 4948.0005 E_h, exp. variance=1.0166 E_h^2, pmove=0.50
2026-06-09 02:36:57,744 - Step 02423: 4946.9146 E_h, exp. variance=1.1928 E_h^2, pmove=0.50
2026-06-09 02:36:58,112 - Step 02424: 4948.9424 E_h, exp. variance=1.0914 E_h^2, pmove=0.50
2026-06-09 02:36:58,462 - Step 02425: 4948.1201 E_h, exp. variance=0.9982 E_h^2, pmove=0.50
2026-06-09 02:36:58,809 - Step 02426: 4948.0986 E_h, exp. variance=0.9127 E_h^2, pmove=0.51
2026-06-09 02:36:59,156 - Step 02427: 4948.2109 E_h, exp. variance=0.8269 E_h^2, pmove=0.50
2026-06-09 02:36:59,503 - Step 02428: 4949.2188 E_h, exp. variance=0.7998 E_h^2, pmove=0.49
2026-06-09 02:36:59,851 - Step 02429: 4947.9629 E_h, exp. variance=0.7469 E_h^2, pmove=0.51
2026-06-09 02:37:00,200 - Step 02430: 4949.1021 E_h, exp. variance=0.7097 E_h^2, pmove=0.50
2026-06-09 02:37:00,550 - Step 02431: 4949.2456 E_h, exp. variance=0.6859 E_h^2, pmove=0.50
2026-06-09 02:37:00,898 - Step 02432: 4948.6123 E_h, exp. variance=0.6173 E_h^2, pmove=0.50
2026-06-09 02:37:01,248 - Step 02433: 4949.1143 E_h, exp. variance=0.5798 E_h^2, pmove=0.49
2026-06-09 02:37:01,595 - Step 02434: 4949.9995 E_h, exp. variance=0.6864 E_h^2, pmove=0.50
2026-06-09 02:37:01,944 - Step 02435: 4948.4609 E_h, exp. variance=0.6270 E_h^2, pmove=0.50
2026-06-09 02:37:02,290 - Step 02436: 4949.9834 E_h, exp. variance=0.7011 E_h^2, pmove=0.51
2026-06-09 02:37:02,638 - Step 02437: 4948.1611 E_h, exp. variance=0.6768 E_h^2, pmove=0.50
2026-06-09 02:37:02,987 - Step 02438: 4946.7695 E_h, exp. variance=0.9811 E_h^2, pmove=0.50
2026-06-09 02:37:03,335 - Step 02439: 4947.6724 E_h, exp. variance=0.9604 E_h^2, pmove=0.50
2026-06-09 02:37:03,683 - Step 02440: 4947.8140 E_h, exp. variance=0.9076 E_h^2, pmove=0.50
2026-06-09 02:37:04,030 - Step 02441: 4948.1699 E_h, exp. variance=0.8233 E_h^2, pmove=0.51
2026-06-09 02:37:04,385 - Step 02442: 4948.9688 E_h, exp. variance=0.7690 E_h^2, pmove=0.50
2026-06-09 02:37:04,740 - Step 02443: 4949.4453 E_h, exp. variance=0.7783 E_h^2, pmove=0.50
2026-06-09 02:37:05,091 - Step 02444: 4949.7871 E_h, exp. variance=0.8350 E_h^2, pmove=0.50
2026-06-09 02:37:05,441 - Step 02445: 4948.8750 E_h, exp. variance=0.7547 E_h^2, pmove=0.50
2026-06-09 02:37:05,788 - Step 02446: 4949.7852 E_h, exp. variance=0.7842 E_h^2, pmove=0.50
2026-06-09 02:37:06,135 - Step 02447: 4948.3838 E_h, exp. variance=0.7224 E_h^2, pmove=0.50
2026-06-09 02:37:06,480 - Step 02448: 4948.6523 E_h, exp. variance=0.6514 E_h^2, pmove=0.50
2026-06-09 02:37:06,840 - Step 02449: 4948.3257 E_h, exp. variance=0.6031 E_h^2, pmove=0.50
2026-06-09 02:37:07,183 - Step 02450: 4950.0894 E_h, exp. variance=0.7127 E_h^2, pmove=0.50
2026-06-09 02:37:07,529 - Step 02451: 4948.6440 E_h, exp. variance=0.6454 E_h^2, pmove=0.50
2026-06-09 02:37:07,886 - Step 02452: 4949.5469 E_h, exp. variance=0.6269 E_h^2, pmove=0.50
2026-06-09 02:37:08,231 - Step 02453: 4949.2236 E_h, exp. variance=0.5734 E_h^2, pmove=0.50
2026-06-09 02:37:08,578 - Step 02454: 4949.8535 E_h, exp. variance=0.5919 E_h^2, pmove=0.49
2026-06-09 02:37:08,927 - Step 02455: 4946.8994 E_h, exp. variance=0.9403 E_h^2, pmove=0.50
2026-06-09 02:37:09,275 - Step 02456: 4948.2729 E_h, exp. variance=0.8726 E_h^2, pmove=0.50
2026-06-09 02:37:09,626 - Step 02457: 4947.7891 E_h, exp. variance=0.8702 E_h^2, pmove=0.49
2026-06-09 02:37:09,982 - Step 02458: 4949.0410 E_h, exp. variance=0.7961 E_h^2, pmove=0.50
2026-06-09 02:37:10,331 - Step 02459: 4948.6719 E_h, exp. variance=0.7165 E_h^2, pmove=0.50
2026-06-09 02:37:10,681 - Step 02460: 4948.6289 E_h, exp. variance=0.6453 E_h^2, pmove=0.50
2026-06-09 02:37:11,037 - Step 02461: 4948.9634 E_h, exp. variance=0.5875 E_h^2, pmove=0.50
2026-06-09 02:37:11,386 - Step 02462: 4947.8174 E_h, exp. variance=0.6018 E_h^2, pmove=0.50
2026-06-09 02:37:11,732 - Step 02463: 4948.6260 E_h, exp. variance=0.5416 E_h^2, pmove=0.51
2026-06-09 02:37:12,077 - Step 02464: 4949.1880 E_h, exp. variance=0.5157 E_h^2, pmove=0.50
2026-06-09 02:37:12,423 - Step 02465: 4947.8872 E_h, exp. variance=0.5212 E_h^2, pmove=0.49
2026-06-09 02:37:12,768 - Step 02466: 4947.7446 E_h, exp. variance=0.5357 E_h^2, pmove=0.50
2026-06-09 02:37:13,118 - Step 02467: 4948.5000 E_h, exp. variance=0.4821 E_h^2, pmove=0.50
2026-06-09 02:37:13,467 - Step 02468: 4948.0059 E_h, exp. variance=0.4574 E_h^2, pmove=0.50
2026-06-09 02:37:13,812 - Step 02469: 4948.5601 E_h, exp. variance=0.4125 E_h^2, pmove=0.50
2026-06-09 02:37:14,160 - Step 02470: 4950.0688 E_h, exp. variance=0.6000 E_h^2, pmove=0.50
2026-06-09 02:37:14,504 - Step 02471: 4948.0601 E_h, exp. variance=0.5696 E_h^2, pmove=0.50
2026-06-09 02:37:14,849 - Step 02472: 4948.9321 E_h, exp. variance=0.5240 E_h^2, pmove=0.50
2026-06-09 02:37:15,195 - Step 02473: 4948.9839 E_h, exp. variance=0.4841 E_h^2, pmove=0.50
2026-06-09 02:37:15,544 - Step 02474: 4948.2520 E_h, exp. variance=0.4499 E_h^2, pmove=0.50
2026-06-09 02:37:15,892 - Step 02475: 4947.3555 E_h, exp. variance=0.5464 E_h^2, pmove=0.50
2026-06-09 02:37:16,243 - Step 02476: 4948.3120 E_h, exp. variance=0.4944 E_h^2, pmove=0.50
2026-06-09 02:37:16,592 - Step 02477: 4948.4961 E_h, exp. variance=0.4450 E_h^2, pmove=0.50
2026-06-09 02:37:16,939 - Step 02478: 4947.9458 E_h, exp. variance=0.4252 E_h^2, pmove=0.50
2026-06-09 02:37:17,284 - Step 02479: 4946.9956 E_h, exp. variance=0.5647 E_h^2, pmove=0.50
2026-06-09 02:37:17,629 - Step 02480: 4948.7188 E_h, exp. variance=0.5259 E_h^2, pmove=0.50
2026-06-09 02:37:17,974 - Step 02481: 4947.1143 E_h, exp. variance=0.6041 E_h^2, pmove=0.50
2026-06-09 02:37:18,320 - Step 02482: 4947.6851 E_h, exp. variance=0.5675 E_h^2, pmove=0.50
2026-06-09 02:37:18,671 - Step 02483: 4949.0234 E_h, exp. variance=0.5797 E_h^2, pmove=0.50
2026-06-09 02:37:19,020 - Step 02484: 4949.8467 E_h, exp. variance=0.7554 E_h^2, pmove=0.50
2026-06-09 02:37:19,368 - Step 02485: 4947.8311 E_h, exp. variance=0.7087 E_h^2, pmove=0.50
2026-06-09 02:37:19,738 - Step 02486: 4947.8550 E_h, exp. variance=0.6590 E_h^2, pmove=0.50
2026-06-09 02:37:20,085 - Step 02487: 4947.3252 E_h, exp. variance=0.6771 E_h^2, pmove=0.50
2026-06-09 02:37:20,432 - Step 02488: 4947.4912 E_h, exp. variance=0.6539 E_h^2, pmove=0.50
2026-06-09 02:37:20,779 - Step 02489: 4946.3252 E_h, exp. variance=0.8799 E_h^2, pmove=0.50
2026-06-09 02:37:21,124 - Step 02490: 4947.9805 E_h, exp. variance=0.7921 E_h^2, pmove=0.50
2026-06-09 02:37:21,469 - Step 02491: 4947.8149 E_h, exp. variance=0.7144 E_h^2, pmove=0.51
2026-06-09 02:37:21,814 - Step 02492: 4950.2510 E_h, exp. variance=1.1259 E_h^2, pmove=0.50
2026-06-09 02:37:22,164 - Step 02493: 4949.8838 E_h, exp. variance=1.2789 E_h^2, pmove=0.51
2026-06-09 02:37:22,513 - Step 02494: 4947.9404 E_h, exp. variance=1.1652 E_h^2, pmove=0.50
2026-06-09 02:37:22,859 - Step 02495: 4948.4248 E_h, exp. variance=1.0501 E_h^2, pmove=0.50
2026-06-09 02:37:23,206 - Step 02496: 4948.1787 E_h, exp. variance=0.9467 E_h^2, pmove=0.50
2026-06-09 02:37:23,552 - Step 02497: 4947.9102 E_h, exp. variance=0.8656 E_h^2, pmove=0.50
2026-06-09 02:37:23,898 - Step 02498: 4946.4849 E_h, exp. variance=1.0624 E_h^2, pmove=0.50
2026-06-09 02:37:24,249 - Step 02499: 4947.0962 E_h, exp. variance=1.0436 E_h^2, pmove=0.50
2026-06-09 02:37:24,597 - Step 02500: 4946.2988 E_h, exp. variance=1.1946 E_h^2, pmove=0.51
2026-06-09 02:37:24,945 - Step 02501: 4947.1431 E_h, exp. variance=1.1158 E_h^2, pmove=0.50
2026-06-09 02:37:25,296 - Step 02502: 4947.3716 E_h, exp. variance=1.0169 E_h^2, pmove=0.51
2026-06-09 02:37:25,645 - Step 02503: 4948.2041 E_h, exp. variance=0.9372 E_h^2, pmove=0.50
2026-06-09 02:37:25,995 - Step 02504: 4948.1963 E_h, exp. variance=0.8607 E_h^2, pmove=0.50
2026-06-09 02:37:26,343 - Step 02505: 4949.3936 E_h, exp. variance=1.0024 E_h^2, pmove=0.50
2026-06-09 02:37:26,692 - Step 02506: 4947.9751 E_h, exp. variance=0.9022 E_h^2, pmove=0.49
2026-06-09 02:37:27,040 - Step 02507: 4947.5703 E_h, exp. variance=0.8259 E_h^2, pmove=0.50
2026-06-09 02:37:27,388 - Step 02508: 4947.8369 E_h, exp. variance=0.7439 E_h^2, pmove=0.50
2026-06-09 02:37:27,736 - Step 02509: 4947.6777 E_h, exp. variance=0.6746 E_h^2, pmove=0.50
2026-06-09 02:37:28,083 - Step 02510: 4947.7070 E_h, exp. variance=0.6102 E_h^2, pmove=0.50
2026-06-09 02:37:28,432 - Step 02511: 4947.8613 E_h, exp. variance=0.5492 E_h^2, pmove=0.50
2026-06-09 02:37:28,779 - Step 02512: 4946.8169 E_h, exp. variance=0.5944 E_h^2, pmove=0.50
2026-06-09 02:37:29,130 - Step 02513: 4948.0410 E_h, exp. variance=0.5418 E_h^2, pmove=0.50
2026-06-09 02:37:29,479 - Step 02514: 4947.0225 E_h, exp. variance=0.5411 E_h^2, pmove=0.50
2026-06-09 02:37:29,826 - Step 02515: 4946.8252 E_h, exp. variance=0.5584 E_h^2, pmove=0.49
2026-06-09 02:37:30,171 - Step 02516: 4947.7393 E_h, exp. variance=0.5037 E_h^2, pmove=0.50
2026-06-09 02:37:30,519 - Step 02517: 4948.0361 E_h, exp. variance=0.4676 E_h^2, pmove=0.50
2026-06-09 02:37:30,869 - Step 02518: 4947.5083 E_h, exp. variance=0.4234 E_h^2, pmove=0.50
2026-06-09 02:37:31,218 - Step 02519: 4948.0811 E_h, exp. variance=0.3970 E_h^2, pmove=0.49
2026-06-09 02:37:31,567 - Step 02520: 4948.3174 E_h, exp. variance=0.3913 E_h^2, pmove=0.50
2026-06-09 02:37:31,916 - Step 02521: 4948.1499 E_h, exp. variance=0.3656 E_h^2, pmove=0.51
2026-06-09 02:37:32,266 - Step 02522: 4948.3760 E_h, exp. variance=0.3586 E_h^2, pmove=0.51
2026-06-09 02:37:32,611 - Step 02523: 4948.3110 E_h, exp. variance=0.3410 E_h^2, pmove=0.51
2026-06-09 02:37:32,960 - Step 02524: 4948.3516 E_h, exp. variance=0.3249 E_h^2, pmove=0.50
2026-06-09 02:37:33,306 - Step 02525: 4948.6597 E_h, exp. variance=0.3378 E_h^2, pmove=0.50
2026-06-09 02:37:33,653 - Step 02526: 4948.3418 E_h, exp. variance=0.3133 E_h^2, pmove=0.50
2026-06-09 02:37:34,000 - Step 02527: 4947.9102 E_h, exp. variance=0.2838 E_h^2, pmove=0.50
2026-06-09 02:37:34,346 - Step 02528: 4947.0938 E_h, exp. variance=0.3358 E_h^2, pmove=0.50
2026-06-09 02:37:34,693 - Step 02529: 4947.9043 E_h, exp. variance=0.3024 E_h^2, pmove=0.50
2026-06-09 02:37:35,046 - Step 02530: 4948.8408 E_h, exp. variance=0.3451 E_h^2, pmove=0.50
2026-06-09 02:37:35,393 - Step 02531: 4946.9658 E_h, exp. variance=0.4126 E_h^2, pmove=0.51
2026-06-09 02:37:35,739 - Step 02532: 4947.2998 E_h, exp. variance=0.4063 E_h^2, pmove=0.50
2026-06-09 02:37:36,085 - Step 02533: 4947.9805 E_h, exp. variance=0.3670 E_h^2, pmove=0.50
2026-06-09 02:37:36,432 - Step 02534: 4947.0488 E_h, exp. variance=0.3914 E_h^2, pmove=0.51
2026-06-09 02:37:36,780 - Step 02535: 4947.7290 E_h, exp. variance=0.3526 E_h^2, pmove=0.50
2026-06-09 02:37:37,129 - Step 02536: 4947.8662 E_h, exp. variance=0.3180 E_h^2, pmove=0.50
2026-06-09 02:37:37,477 - Step 02537: 4948.9980 E_h, exp. variance=0.4170 E_h^2, pmove=0.50
2026-06-09 02:37:37,825 - Step 02538: 4948.5215 E_h, exp. variance=0.4086 E_h^2, pmove=0.50
2026-06-09 02:37:38,173 - Step 02539: 4948.9854 E_h, exp. variance=0.4598 E_h^2, pmove=0.50
2026-06-09 02:37:38,519 - Step 02540: 4950.5635 E_h, exp. variance=0.9710 E_h^2, pmove=0.50
2026-06-09 02:37:38,865 - Step 02541: 4945.8105 E_h, exp. variance=1.4426 E_h^2, pmove=0.49
2026-06-09 02:37:39,210 - Step 02542: 4952.9404 E_h, exp. variance=3.4308 E_h^2, pmove=0.50
2026-06-09 02:37:39,557 - Step 02543: 4947.7593 E_h, exp. variance=3.1454 E_h^2, pmove=0.49
2026-06-09 02:37:39,904 - Step 02544: 4949.4351 E_h, exp. variance=2.9130 E_h^2, pmove=0.50
2026-06-09 02:37:40,250 - Step 02545: 4948.8438 E_h, exp. variance=2.6282 E_h^2, pmove=0.49
2026-06-09 02:37:40,594 - Step 02546: 4947.7158 E_h, exp. variance=2.4361 E_h^2, pmove=0.50
2026-06-09 02:37:40,941 - Step 02547: 4950.6885 E_h, exp. variance=2.6181 E_h^2, pmove=0.50
2026-06-09 02:37:41,286 - Step 02548: 4951.2427 E_h, exp. variance=2.9241 E_h^2, pmove=0.50
2026-06-09 02:37:41,631 - Step 02549: 4950.1226 E_h, exp. variance=2.7488 E_h^2, pmove=0.50
2026-06-09 02:37:41,988 - Step 02550: 4928.6084 E_h, exp. variance=40.2514 E_h^2, pmove=0.50
2026-06-09 02:37:42,344 - Step 02551: 4951.9717 E_h, exp. variance=38.4086 E_h^2, pmove=0.50
2026-06-09 02:37:42,694 - Step 02552: 5132.5269 E_h, exp. variance=3114.3787 E_h^2, pmove=0.50
2026-06-09 02:37:43,047 - Step 02553: 4902.9829 E_h, exp. variance=3160.7822 E_h^2, pmove=0.49
2026-06-09 02:37:43,395 - Step 02554: 5059.9028 E_h, exp. variance=3747.7651 E_h^2, pmove=0.50
2026-06-09 02:37:43,744 - Step 02555: 4944.0498 E_h, exp. variance=3432.4336 E_h^2, pmove=0.50
2026-06-09 02:37:44,089 - Step 02556: 6086.6494 E_h, exp. variance=115878.2031 E_h^2, pmove=0.50
2026-06-09 02:37:44,445 - Step 02557: 4955.6250 E_h, exp. variance=105663.1250 E_h^2, pmove=0.50
2026-06-09 02:37:44,793 - Step 02558: 4919.9199 E_h, exp. variance=97037.8359 E_h^2, pmove=0.49
2026-06-09 02:37:45,142 - Step 02559: 4925.9062 E_h, exp. variance=88767.0859 E_h^2, pmove=0.50
2026-06-09 02:37:45,499 - Step 02560: 4950.4355 E_h, exp. variance=80603.8594 E_h^2, pmove=0.50
2026-06-09 02:37:45,843 - Step 02561: 4949.6108 E_h, exp. variance=73133.3516 E_h^2, pmove=0.50
2026-06-09 02:37:46,189 - Step 02562: 4950.9141 E_h, exp. variance=66280.8750 E_h^2, pmove=0.50
2026-06-09 02:37:46,536 - Step 02563: 4949.7734 E_h, exp. variance=60039.4258 E_h^2, pmove=0.50
2026-06-09 02:37:46,888 - Step 02564: 4950.4229 E_h, exp. variance=54341.8047 E_h^2, pmove=0.50
2026-06-09 02:37:47,237 - Step 02565: 4949.1797 E_h, exp. variance=49167.6367 E_h^2, pmove=0.50
2026-06-09 02:37:47,584 - Step 02566: 4949.3906 E_h, exp. variance=44459.6484 E_h^2, pmove=0.51
2026-06-09 02:37:47,930 - Step 02567: 4951.0205 E_h, exp. variance=40170.3125 E_h^2, pmove=0.50
2026-06-09 02:37:48,276 - Step 02568: 4949.9785 E_h, exp. variance=36287.2891 E_h^2, pmove=0.50
2026-06-09 02:37:48,621 - Step 02569: 4950.9609 E_h, exp. variance=32761.0508 E_h^2, pmove=0.50
2026-06-09 02:37:48,968 - Step 02570: 4949.8457 E_h, exp. variance=29574.1719 E_h^2, pmove=0.50
2026-06-09 02:37:49,314 - Step 02571: 4951.2939 E_h, exp. variance=26681.8281 E_h^2, pmove=0.50
2026-06-09 02:37:49,664 - Step 02572: 4949.7983 E_h, exp. variance=24073.0703 E_h^2, pmove=0.50
2026-06-09 02:37:50,011 - Step 02573: 4949.5420 E_h, exp. variance=21714.9707 E_h^2, pmove=0.50
2026-06-09 02:37:50,364 - Step 02574: 4948.6377 E_h, exp. variance=19586.8301 E_h^2, pmove=0.51
2026-06-09 02:37:50,713 - Step 02575: 4949.6143 E_h, exp. variance=17659.8809 E_h^2, pmove=0.51
2026-06-09 02:37:51,065 - Step 02576: 4948.4219 E_h, exp. variance=15923.3496 E_h^2, pmove=0.50
2026-06-09 02:37:51,412 - Step 02577: 4948.0068 E_h, exp. variance=14356.1084 E_h^2, pmove=0.50
2026-06-09 02:37:51,758 - Step 02578: 4948.4043 E_h, exp. variance=12939.7607 E_h^2, pmove=0.50
2026-06-09 02:37:52,104 - Step 02579: 4948.1650 E_h, exp. variance=11661.9609 E_h^2, pmove=0.50
2026-06-09 02:37:52,456 - Step 02580: 4949.6099 E_h, exp. variance=10505.9180 E_h^2, pmove=0.50
2026-06-09 02:37:52,805 - Step 02581: 4948.4116 E_h, exp. variance=9465.7412 E_h^2, pmove=0.50
2026-06-09 02:37:53,151 - Step 02582: 4950.1191 E_h, exp. variance=8524.8896 E_h^2, pmove=0.50
2026-06-09 02:37:53,500 - Step 02583: 4948.8706 E_h, exp. variance=7678.7891 E_h^2, pmove=0.49
2026-06-09 02:37:53,850 - Step 02584: 4950.5547 E_h, exp. variance=6914.0410 E_h^2, pmove=0.50
2026-06-09 02:37:54,200 - Step 02585: 4948.2969 E_h, exp. variance=6227.7896 E_h^2, pmove=0.50
2026-06-09 02:37:54,552 - Step 02586: 4947.9263 E_h, exp. variance=5609.6504 E_h^2, pmove=0.50
2026-06-09 02:37:54,899 - Step 02587: 4949.5879 E_h, exp. variance=5050.7593 E_h^2, pmove=0.50
2026-06-09 02:37:55,246 - Step 02588: 4950.0537 E_h, exp. variance=4547.0210 E_h^2, pmove=0.50
2026-06-09 02:37:55,592 - Step 02589: 4949.4922 E_h, exp. variance=4093.7812 E_h^2, pmove=0.50
2026-06-09 02:37:55,939 - Step 02590: 4950.2168 E_h, exp. variance=3685.1619 E_h^2, pmove=0.50
2026-06-09 02:37:56,286 - Step 02591: 4951.2549 E_h, exp. variance=3316.8689 E_h^2, pmove=0.50
2026-06-09 02:37:56,632 - Step 02592: 4949.4790 E_h, exp. variance=2986.0996 E_h^2, pmove=0.50
2026-06-09 02:37:56,980 - Step 02593: 4948.3682 E_h, exp. variance=2688.9182 E_h^2, pmove=0.50
2026-06-09 02:37:57,329 - Step 02594: 4949.6831 E_h, exp. variance=2420.4905 E_h^2, pmove=0.50
2026-06-09 02:37:57,680 - Step 02595: 4947.7041 E_h, exp. variance=2179.8979 E_h^2, pmove=0.50
2026-06-09 02:37:58,028 - Step 02596: 4948.9746 E_h, exp. variance=1962.4052 E_h^2, pmove=0.50
2026-06-09 02:37:58,376 - Step 02597: 4947.1802 E_h, exp. variance=1767.5403 E_h^2, pmove=0.50
2026-06-09 02:37:58,721 - Step 02598: 4949.2549 E_h, exp. variance=1590.9739 E_h^2, pmove=0.50
2026-06-09 02:37:59,068 - Step 02599: 4949.0859 E_h, exp. variance=1432.0704 E_h^2, pmove=0.50
2026-06-09 02:37:59,415 - Step 02600: 4948.8574 E_h, exp. variance=1289.0796 E_h^2, pmove=0.50
2026-06-09 02:37:59,762 - Step 02601: 4948.2178 E_h, exp. variance=1160.5442 E_h^2, pmove=0.50
2026-06-09 02:38:00,108 - Step 02602: 4949.0400 E_h, exp. variance=1044.5814 E_h^2, pmove=0.50
2026-06-09 02:38:00,458 - Step 02603: 4950.5635 E_h, exp. variance=940.1574 E_h^2, pmove=0.50
2026-06-09 02:38:00,805 - Step 02604: 4950.4238 E_h, exp. variance=846.1572 E_h^2, pmove=0.50
2026-06-09 02:38:01,154 - Step 02605: 4949.8662 E_h, exp. variance=761.5445 E_h^2, pmove=0.50
2026-06-09 02:38:01,500 - Step 02606: 4949.0723 E_h, exp. variance=685.4730 E_h^2, pmove=0.49
2026-06-09 02:38:01,844 - Step 02607: 4948.9121 E_h, exp. variance=617.0200 E_h^2, pmove=0.50
2026-06-09 02:38:02,191 - Step 02608: 4950.2891 E_h, exp. variance=555.3367 E_h^2, pmove=0.50
2026-06-09 02:38:02,538 - Step 02609: 4949.2578 E_h, exp. variance=499.8377 E_h^2, pmove=0.50
2026-06-09 02:38:02,885 - Step 02610: 4950.1826 E_h, exp. variance=449.8660 E_h^2, pmove=0.50
2026-06-09 02:38:03,233 - Step 02611: 4949.7432 E_h, exp. variance=404.8805 E_h^2, pmove=0.51
2026-06-09 02:38:03,580 - Step 02612: 4949.6396 E_h, exp. variance=364.3961 E_h^2, pmove=0.50
2026-06-09 02:38:03,930 - Step 02613: 4948.3516 E_h, exp. variance=328.1512 E_h^2, pmove=0.50
2026-06-09 02:38:04,281 - Step 02614: 4948.7012 E_h, exp. variance=295.4214 E_h^2, pmove=0.50
2026-06-09 02:38:04,629 - Step 02615: 4948.0342 E_h, exp. variance=266.0938 E_h^2, pmove=0.50
2026-06-09 02:38:04,980 - Step 02616: 4950.2305 E_h, exp. variance=239.5430 E_h^2, pmove=0.50
2026-06-09 02:38:05,328 - Step 02617: 4949.4326 E_h, exp. variance=215.5892 E_h^2, pmove=0.50
2026-06-09 02:38:05,675 - Step 02618: 4952.3984 E_h, exp. variance=194.7879 E_h^2, pmove=0.50
2026-06-09 02:38:06,022 - Step 02619: 4950.4976 E_h, exp. variance=175.3545 E_h^2, pmove=0.49
2026-06-09 02:38:06,369 - Step 02620: 4949.7695 E_h, exp. variance=157.8198 E_h^2, pmove=0.50
2026-06-09 02:38:06,715 - Step 02621: 4949.3784 E_h, exp. variance=142.0578 E_h^2, pmove=0.50
2026-06-09 02:38:07,059 - Step 02622: 4951.9453 E_h, exp. variance=128.2651 E_h^2, pmove=0.50
2026-06-09 02:38:07,407 - Step 02623: 4950.6318 E_h, exp. variance=115.4726 E_h^2, pmove=0.50
2026-06-09 02:38:07,755 - Step 02624: 4950.5142 E_h, exp. variance=103.9424 E_h^2, pmove=0.50
2026-06-09 02:38:08,100 - Step 02625: 4950.2148 E_h, exp. variance=93.5490 E_h^2, pmove=0.50
2026-06-09 02:38:08,445 - Step 02626: 4948.5771 E_h, exp. variance=84.4115 E_h^2, pmove=0.49
2026-06-09 02:38:08,793 - Step 02627: 4947.2100 E_h, exp. variance=76.6589 E_h^2, pmove=0.50
2026-06-09 02:38:09,141 - Step 02628: 4947.3066 E_h, exp. variance=69.5082 E_h^2, pmove=0.50
2026-06-09 02:38:09,489 - Step 02629: 4948.5566 E_h, exp. variance=62.6309 E_h^2, pmove=0.50
2026-06-09 02:38:09,835 - Step 02630: 4949.1406 E_h, exp. variance=56.3725 E_h^2, pmove=0.51
2026-06-09 02:38:10,183 - Step 02631: 4949.4902 E_h, exp. variance=50.7371 E_h^2, pmove=0.50
2026-06-09 02:38:10,532 - Step 02632: 4950.7749 E_h, exp. variance=45.8433 E_h^2, pmove=0.50
2026-06-09 02:38:10,882 - Step 02633: 4948.4580 E_h, exp. variance=41.3572 E_h^2, pmove=0.50
2026-06-09 02:38:11,248 - Step 02634: 4948.5654 E_h, exp. variance=37.2838 E_h^2, pmove=0.50
2026-06-09 02:38:11,599 - Step 02635: 4948.8652 E_h, exp. variance=33.5736 E_h^2, pmove=0.50
2026-06-09 02:38:11,947 - Step 02636: 4948.6338 E_h, exp. variance=30.2526 E_h^2, pmove=0.49
2026-06-09 02:38:12,296 - Step 02637: 4949.8003 E_h, exp. variance=27.2592 E_h^2, pmove=0.50
2026-06-09 02:38:12,642 - Step 02638: 4948.0840 E_h, exp. variance=24.6589 E_h^2, pmove=0.49
2026-06-09 02:38:12,988 - Step 02639: 4948.8140 E_h, exp. variance=22.2030 E_h^2, pmove=0.50
2026-06-09 02:38:13,338 - Step 02640: 4947.4326 E_h, exp. variance=20.2372 E_h^2, pmove=0.50
2026-06-09 02:38:13,687 - Step 02641: 4948.9619 E_h, exp. variance=18.2135 E_h^2, pmove=0.50
2026-06-09 02:38:14,032 - Step 02642: 4947.4937 E_h, exp. variance=16.5825 E_h^2, pmove=0.50
2026-06-09 02:38:14,380 - Step 02643: 4948.9492 E_h, exp. variance=14.9262 E_h^2, pmove=0.51
2026-06-09 02:38:14,728 - Step 02644: 4946.6084 E_h, exp. variance=13.8725 E_h^2, pmove=0.50
2026-06-09 02:38:15,074 - Step 02645: 4948.6572 E_h, exp. variance=12.4856 E_h^2, pmove=0.50
2026-06-09 02:38:15,422 - Step 02646: 4949.2573 E_h, exp. variance=11.2756 E_h^2, pmove=0.50
2026-06-09 02:38:15,772 - Step 02647: 4948.2197 E_h, exp. variance=10.1662 E_h^2, pmove=0.50
2026-06-09 02:38:16,129 - Step 02648: 4948.5332 E_h, exp. variance=9.1503 E_h^2, pmove=0.50
2026-06-09 02:38:16,475 - Step 02649: 4948.8276 E_h, exp. variance=8.2393 E_h^2, pmove=0.50
2026-06-09 02:38:16,823 - Step 02650: 4949.5942 E_h, exp. variance=7.4981 E_h^2, pmove=0.50
2026-06-09 02:38:17,167 - Step 02651: 4949.0420 E_h, exp. variance=6.7570 E_h^2, pmove=0.50
2026-06-09 02:38:17,515 - Step 02652: 4948.0713 E_h, exp. variance=6.1243 E_h^2, pmove=0.50
2026-06-09 02:38:17,860 - Step 02653: 4947.9385 E_h, exp. variance=5.5631 E_h^2, pmove=0.50
2026-06-09 02:38:18,207 - Step 02654: 4948.7861 E_h, exp. variance=5.0094 E_h^2, pmove=0.50
2026-06-09 02:38:18,553 - Step 02655: 4947.5454 E_h, exp. variance=4.6152 E_h^2, pmove=0.50
2026-06-09 02:38:18,904 - Step 02656: 4947.9834 E_h, exp. variance=4.1802 E_h^2, pmove=0.50
2026-06-09 02:38:19,251 - Step 02657: 4948.6201 E_h, exp. variance=3.7642 E_h^2, pmove=0.50
2026-06-09 02:38:19,597 - Step 02658: 4949.7466 E_h, exp. variance=3.5307 E_h^2, pmove=0.50
2026-06-09 02:38:19,943 - Step 02659: 4947.9351 E_h, exp. variance=3.2189 E_h^2, pmove=0.50
2026-06-09 02:38:20,290 - Step 02660: 4951.1006 E_h, exp. variance=3.4851 E_h^2, pmove=0.51
2026-06-09 02:38:20,636 - Step 02661: 4949.5801 E_h, exp. variance=3.1914 E_h^2, pmove=0.50
2026-06-09 02:38:20,981 - Step 02662: 4947.8633 E_h, exp. variance=2.9649 E_h^2, pmove=0.49
2026-06-09 02:38:21,327 - Step 02663: 4944.3467 E_h, exp. variance=4.4344 E_h^2, pmove=0.50
2026-06-09 02:38:21,674 - Step 02664: 4948.8354 E_h, exp. variance=4.0136 E_h^2, pmove=0.50
2026-06-09 02:38:22,033 - Step 02665: 4947.7480 E_h, exp. variance=3.6486 E_h^2, pmove=0.49
2026-06-09 02:38:22,380 - Step 02666: 4947.1729 E_h, exp. variance=3.4023 E_h^2, pmove=0.51
2026-06-09 02:38:22,732 - Step 02667: 4947.7710 E_h, exp. variance=3.0790 E_h^2, pmove=0.50
2026-06-09 02:38:23,090 - Step 02668: 4947.8301 E_h, exp. variance=2.7811 E_h^2, pmove=0.50
2026-06-09 02:38:23,440 - Step 02669: 4946.9639 E_h, exp. variance=2.6251 E_h^2, pmove=0.50
2026-06-09 02:38:23,788 - Step 02670: 4948.9482 E_h, exp. variance=2.4415 E_h^2, pmove=0.51
2026-06-09 02:38:24,138 - Step 02671: 4949.5327 E_h, exp. variance=2.3805 E_h^2, pmove=0.50
2026-06-09 02:38:24,484 - Step 02672: 4949.3735 E_h, exp. variance=2.2564 E_h^2, pmove=0.50
2026-06-09 02:38:24,832 - Step 02673: 4948.6572 E_h, exp. variance=2.0386 E_h^2, pmove=0.50
2026-06-09 02:38:25,179 - Step 02674: 4949.0215 E_h, exp. variance=1.8706 E_h^2, pmove=0.50
2026-06-09 02:38:25,527 - Step 02675: 4948.7891 E_h, exp. variance=1.6937 E_h^2, pmove=0.50
2026-06-09 02:38:25,875 - Step 02676: 4949.7524 E_h, exp. variance=1.6683 E_h^2, pmove=0.50
2026-06-09 02:38:26,224 - Step 02677: 4948.8926 E_h, exp. variance=1.5085 E_h^2, pmove=0.50
2026-06-09 02:38:26,572 - Step 02678: 4949.6226 E_h, exp. variance=1.4443 E_h^2, pmove=0.50
2026-06-09 02:38:26,921 - Step 02679: 4949.4478 E_h, exp. variance=1.3449 E_h^2, pmove=0.50
2026-06-09 02:38:27,267 - Step 02680: 4949.3291 E_h, exp. variance=1.2347 E_h^2, pmove=0.50
2026-06-09 02:38:27,612 - Step 02681: 4948.3691 E_h, exp. variance=1.1331 E_h^2, pmove=0.50
2026-06-09 02:38:27,958 - Step 02682: 4951.2744 E_h, exp. variance=1.5650 E_h^2, pmove=0.50
2026-06-09 02:38:28,304 - Step 02683: 4947.6055 E_h, exp. variance=1.5987 E_h^2, pmove=0.50
2026-06-09 02:38:28,667 - Step 02684: 4948.3262 E_h, exp. variance=1.4699 E_h^2, pmove=0.50
2026-06-09 02:38:29,013 - Step 02685: 4947.2300 E_h, exp. variance=1.5606 E_h^2, pmove=0.50
2026-06-09 02:38:29,360 - Step 02686: 4949.5859 E_h, exp. variance=1.4764 E_h^2, pmove=0.51
2026-06-09 02:38:29,706 - Step 02687: 4948.4414 E_h, exp. variance=1.3392 E_h^2, pmove=0.50
2026-06-09 02:38:30,054 - Step 02688: 4950.4165 E_h, exp. variance=1.4559 E_h^2, pmove=0.50
2026-06-09 02:38:30,404 - Step 02689: 4950.8257 E_h, exp. variance=1.6390 E_h^2, pmove=0.50
2026-06-09 02:38:30,750 - Step 02690: 4952.0435 E_h, exp. variance=2.2520 E_h^2, pmove=0.50
2026-06-09 02:38:31,105 - Step 02691: 4947.1592 E_h, exp. variance=2.4785 E_h^2, pmove=0.50
2026-06-09 02:38:31,453 - Step 02692: 4960.7817 E_h, exp. variance=14.3545 E_h^2, pmove=0.50
2026-06-09 02:38:31,799 - Step 02693: 5017.9805 E_h, exp. variance=424.7395 E_h^2, pmove=0.49
2026-06-09 02:38:32,144 - Step 02694: 4955.0186 E_h, exp. variance=382.6556 E_h^2, pmove=0.50
2026-06-09 02:38:32,490 - Step 02695: 4946.3384 E_h, exp. variance=354.4153 E_h^2, pmove=0.50
2026-06-09 02:38:32,836 - Step 02696: 4949.8164 E_h, exp. variance=322.2359 E_h^2, pmove=0.50
2026-06-09 02:38:33,185 - Step 02697: 4950.5776 E_h, exp. variance=291.9644 E_h^2, pmove=0.50
2026-06-09 02:38:33,535 - Step 02698: 4949.4219 E_h, exp. variance=265.3413 E_h^2, pmove=0.50
2026-06-09 02:38:33,883 - Step 02699: 4950.4883 E_h, exp. variance=240.0701 E_h^2, pmove=0.50
2026-06-09 02:38:34,231 - Step 02700: 4948.7832 E_h, exp. variance=218.3826 E_h^2, pmove=0.50
2026-06-09 02:38:34,584 - Step 02701: 4949.7607 E_h, exp. variance=197.7052 E_h^2, pmove=0.50
2026-06-09 02:38:34,937 - Step 02702: 4949.3589 E_h, exp. variance=179.1234 E_h^2, pmove=0.50
2026-06-09 02:38:35,290 - Step 02703: 4948.4502 E_h, exp. variance=162.7833 E_h^2, pmove=0.50
2026-06-09 02:38:35,645 - Step 02704: 4950.8452 E_h, exp. variance=146.6731 E_h^2, pmove=0.50
2026-06-09 02:38:35,991 - Step 02705: 4948.4639 E_h, exp. variance=133.1795 E_h^2, pmove=0.50
2026-06-09 02:38:36,338 - Step 02706: 4948.4805 E_h, exp. variance=120.8025 E_h^2, pmove=0.50
2026-06-09 02:38:36,684 - Step 02707: 4949.0137 E_h, exp. variance=109.2307 E_h^2, pmove=0.50
2026-06-09 02:38:37,029 - Step 02708: 4948.9971 E_h, exp. variance=98.7259 E_h^2, pmove=0.50
2026-06-09 02:38:37,376 - Step 02709: 4950.3623 E_h, exp. variance=88.8831 E_h^2, pmove=0.49
2026-06-09 02:38:37,721 - Step 02710: 4948.1406 E_h, exp. variance=80.6701 E_h^2, pmove=0.50
2026-06-09 02:38:38,066 - Step 02711: 4949.0156 E_h, exp. variance=72.8307 E_h^2, pmove=0.50
2026-06-09 02:38:38,412 - Step 02712: 4947.2451 E_h, exp. variance=66.4702 E_h^2, pmove=0.49
2026-06-09 02:38:38,761 - Step 02713: 4949.3086 E_h, exp. variance=59.8834 E_h^2, pmove=0.50
2026-06-09 02:38:39,111 - Step 02714: 4947.9214 E_h, exp. variance=54.3009 E_h^2, pmove=0.50
2026-06-09 02:38:39,461 - Step 02715: 4949.5459 E_h, exp. variance=48.8782 E_h^2, pmove=0.49
2026-06-09 02:38:39,808 - Step 02716: 4948.7090 E_h, exp. variance=44.0982 E_h^2, pmove=0.49
2026-06-09 02:38:40,156 - Step 02717: 4949.0449 E_h, exp. variance=39.7264 E_h^2, pmove=0.50
2026-06-09 02:38:40,503 - Step 02718: 4948.8062 E_h, exp. variance=35.8147 E_h^2, pmove=0.50
2026-06-09 02:38:40,852 - Step 02719: 4948.1064 E_h, exp. variance=32.4200 E_h^2, pmove=0.50
2026-06-09 02:38:41,199 - Step 02720: 4949.4165 E_h, exp. variance=29.1780 E_h^2, pmove=0.50
2026-06-09 02:38:41,549 - Step 02721: 4948.6470 E_h, exp. variance=26.3118 E_h^2, pmove=0.50
2026-06-09 02:38:41,898 - Step 02722: 4950.3896 E_h, exp. variance=23.7820 E_h^2, pmove=0.50
2026-06-09 02:38:42,246 - Step 02723: 4949.4414 E_h, exp. variance=21.4038 E_h^2, pmove=0.50
2026-06-09 02:38:42,592 - Step 02724: 4949.3955 E_h, exp. variance=19.2635 E_h^2, pmove=0.50
2026-06-09 02:38:42,940 - Step 02725: 4948.1411 E_h, exp. variance=17.4870 E_h^2, pmove=0.50
2026-06-09 02:38:43,288 - Step 02726: 4948.6655 E_h, exp. variance=15.7747 E_h^2, pmove=0.50
2026-06-09 02:38:43,639 - Step 02727: 4949.3457 E_h, exp. variance=14.1983 E_h^2, pmove=0.50
2026-06-09 02:38:43,988 - Step 02728: 4948.7441 E_h, exp. variance=12.8015 E_h^2, pmove=0.50
2026-06-09 02:38:44,337 - Step 02729: 4948.6865 E_h, exp. variance=11.5450 E_h^2, pmove=0.49
2026-06-09 02:38:44,684 - Step 02730: 4949.7227 E_h, exp. variance=10.4202 E_h^2, pmove=0.50
2026-06-09 02:38:45,032 - Step 02731: 4950.3447 E_h, exp. variance=9.4950 E_h^2, pmove=0.50
2026-06-09 02:38:45,380 - Step 02732: 4948.7896 E_h, exp. variance=8.5707 E_h^2, pmove=0.50
2026-06-09 02:38:45,731 - Step 02733: 4949.2993 E_h, exp. variance=7.7138 E_h^2, pmove=0.50
2026-06-09 02:38:46,078 - Step 02734: 4949.9658 E_h, exp. variance=6.9860 E_h^2, pmove=0.49
2026-06-09 02:38:46,428 - Step 02735: 4943.2764 E_h, exp. variance=9.5963 E_h^2, pmove=0.50
2026-06-09 02:38:46,779 - Step 02736: 4953.1084 E_h, exp. variance=10.3593 E_h^2, pmove=0.50
2026-06-09 02:38:47,129 - Step 02737: 4947.7266 E_h, exp. variance=9.5111 E_h^2, pmove=0.50
2026-06-09 02:38:47,477 - Step 02738: 4949.4526 E_h, exp. variance=8.5764 E_h^2, pmove=0.50
2026-06-09 02:38:47,827 - Step 02739: 4948.7686 E_h, exp. variance=7.7268 E_h^2, pmove=0.50
2026-06-09 02:38:48,174 - Step 02740: 4950.2471 E_h, exp. variance=7.0855 E_h^2, pmove=0.50
2026-06-09 02:38:48,520 - Step 02741: 4948.7568 E_h, exp. variance=6.3915 E_h^2, pmove=0.50
2026-06-09 02:38:48,869 - Step 02742: 4950.3555 E_h, exp. variance=5.8900 E_h^2, pmove=0.50
2026-06-09 02:38:49,214 - Step 02743: 4949.2578 E_h, exp. variance=5.3010 E_h^2, pmove=0.50
2026-06-09 02:38:49,561 - Step 02744: 4948.5518 E_h, exp. variance=4.8140 E_h^2, pmove=0.50
2026-06-09 02:38:49,905 - Step 02745: 4950.4399 E_h, exp. variance=4.4767 E_h^2, pmove=0.50
2026-06-09 02:38:50,253 - Step 02746: 4948.6567 E_h, exp. variance=4.0664 E_h^2, pmove=0.50
2026-06-09 02:38:50,599 - Step 02747: 4949.8184 E_h, exp. variance=3.6902 E_h^2, pmove=0.50
2026-06-09 02:38:50,947 - Step 02748: 4947.9922 E_h, exp. variance=3.4739 E_h^2, pmove=0.51
2026-06-09 02:38:51,296 - Step 02749: 4948.8525 E_h, exp. variance=3.1353 E_h^2, pmove=0.51
2026-06-09 02:38:51,645 - Step 02750: 4947.4897 E_h, exp. variance=3.0649 E_h^2, pmove=0.50
2026-06-09 02:38:51,991 - Step 02751: 4950.6055 E_h, exp. variance=2.9995 E_h^2, pmove=0.49
2026-06-09 02:38:52,338 - Step 02752: 4951.8535 E_h, exp. variance=3.3660 E_h^2, pmove=0.51
2026-06-09 02:38:52,687 - Step 02753: 4949.7881 E_h, exp. variance=3.0426 E_h^2, pmove=0.50
2026-06-09 02:38:53,036 - Step 02754: 4937.3916 E_h, exp. variance=15.8093 E_h^2, pmove=0.49
2026-06-09 02:38:53,388 - Step 02755: 4952.4287 E_h, exp. variance=15.8092 E_h^2, pmove=0.50
2026-06-09 02:38:53,737 - Step 02756: 4949.3164 E_h, exp. variance=14.2674 E_h^2, pmove=0.49
2026-06-09 02:38:54,084 - Step 02757: 4950.4595 E_h, exp. variance=13.1122 E_h^2, pmove=0.50
2026-06-09 02:38:54,431 - Step 02758: 4948.7007 E_h, exp. variance=11.8044 E_h^2, pmove=0.50
2026-06-09 02:38:54,780 - Step 02759: 4948.3682 E_h, exp. variance=10.6472 E_h^2, pmove=0.51
2026-06-09 02:38:55,127 - Step 02760: 4948.4482 E_h, exp. variance=9.5954 E_h^2, pmove=0.50
2026-06-09 02:38:55,473 - Step 02761: 4947.3223 E_h, exp. variance=8.8293 E_h^2, pmove=0.50
2026-06-09 02:38:55,820 - Step 02762: 4950.2339 E_h, exp. variance=8.1745 E_h^2, pmove=0.50
2026-06-09 02:38:56,166 - Step 02763: 4948.8237 E_h, exp. variance=7.3571 E_h^2, pmove=0.50
2026-06-09 02:38:56,517 - Step 02764: 4948.2139 E_h, exp. variance=6.6527 E_h^2, pmove=0.50
2026-06-09 02:38:56,868 - Step 02765: 4948.8564 E_h, exp. variance=5.9885 E_h^2, pmove=0.50
2026-06-09 02:38:57,217 - Step 02766: 4945.8911 E_h, exp. variance=6.1283 E_h^2, pmove=0.50
2026-06-09 02:38:57,568 - Step 02767: 4949.2778 E_h, exp. variance=5.5743 E_h^2, pmove=0.50
2026-06-09 02:38:57,915 - Step 02768: 4949.3662 E_h, exp. variance=5.0768 E_h^2, pmove=0.51
2026-06-09 02:38:58,268 - Step 02769: 4950.5273 E_h, exp. variance=4.8925 E_h^2, pmove=0.50
2026-06-09 02:38:58,620 - Step 02770: 4948.8320 E_h, exp. variance=4.4032 E_h^2, pmove=0.50
2026-06-09 02:38:58,969 - Step 02771: 4950.4043 E_h, exp. variance=4.1882 E_h^2, pmove=0.50
2026-06-09 02:38:59,320 - Step 02772: 4950.3057 E_h, exp. variance=3.9274 E_h^2, pmove=0.50
2026-06-09 02:38:59,667 - Step 02773: 4949.9609 E_h, exp. variance=3.5994 E_h^2, pmove=0.51
2026-06-09 02:39:00,013 - Step 02774: 4948.2544 E_h, exp. variance=3.3196 E_h^2, pmove=0.50
2026-06-09 02:39:00,362 - Step 02775: 4949.6992 E_h, exp. variance=3.0195 E_h^2, pmove=0.50
2026-06-09 02:39:00,721 - Step 02776: 4948.7998 E_h, exp. variance=2.7295 E_h^2, pmove=0.50
2026-06-09 02:39:01,069 - Step 02777: 4948.9609 E_h, exp. variance=2.4590 E_h^2, pmove=0.50
2026-06-09 02:39:01,417 - Step 02778: 4947.7070 E_h, exp. variance=2.3903 E_h^2, pmove=0.50
2026-06-09 02:39:01,764 - Step 02779: 4949.4355 E_h, exp. variance=2.1708 E_h^2, pmove=0.50
2026-06-09 02:39:02,111 - Step 02780: 4947.9229 E_h, exp. variance=2.0614 E_h^2, pmove=0.50
2026-06-09 02:39:02,459 - Step 02781: 4948.6792 E_h, exp. variance=1.8599 E_h^2, pmove=0.50
2026-06-09 02:39:02,824 - Step 02782: 4950.5513 E_h, exp. variance=1.9240 E_h^2, pmove=0.50
2026-06-09 02:39:03,177 - Step 02783: 4948.3936 E_h, exp. variance=1.7705 E_h^2, pmove=0.49
2026-06-09 02:39:03,537 - Step 02784: 4948.3506 E_h, exp. variance=1.6297 E_h^2, pmove=0.50
2026-06-09 02:39:03,884 - Step 02785: 4949.7227 E_h, exp. variance=1.5245 E_h^2, pmove=0.50
2026-06-09 02:39:04,233 - Step 02786: 4949.5786 E_h, exp. variance=1.4020 E_h^2, pmove=0.51
2026-06-09 02:39:04,581 - Step 02787: 4950.6782 E_h, exp. variance=1.4977 E_h^2, pmove=0.50
2026-06-09 02:39:04,930 - Step 02788: 4949.9468 E_h, exp. variance=1.3954 E_h^2, pmove=0.50
2026-06-09 02:39:05,279 - Step 02789: 4949.2666 E_h, exp. variance=1.2559 E_h^2, pmove=0.49
2026-06-09 02:39:05,631 - Step 02790: 4948.4526 E_h, exp. variance=1.1936 E_h^2, pmove=0.50
2026-06-09 02:39:05,978 - Step 02791: 4949.8315 E_h, exp. variance=1.1093 E_h^2, pmove=0.50
2026-06-09 02:39:06,325 - Step 02792: 4949.3906 E_h, exp. variance=0.9997 E_h^2, pmove=0.50
2026-06-09 02:39:06,677 - Step 02793: 4949.2793 E_h, exp. variance=0.8997 E_h^2, pmove=0.50
2026-06-09 02:39:07,025 - Step 02794: 4949.4102 E_h, exp. variance=0.8112 E_h^2, pmove=0.50
2026-06-09 02:39:07,372 - Step 02795: 4948.4380 E_h, exp. variance=0.7961 E_h^2, pmove=0.50
2026-06-09 02:39:07,718 - Step 02796: 4949.8662 E_h, exp. variance=0.7554 E_h^2, pmove=0.50
2026-06-09 02:39:08,070 - Step 02797: 4949.1470 E_h, exp. variance=0.6813 E_h^2, pmove=0.50
2026-06-09 02:39:08,418 - Step 02798: 4949.5874 E_h, exp. variance=0.6227 E_h^2, pmove=0.50
2026-06-09 02:39:08,767 - Step 02799: 4948.3799 E_h, exp. variance=0.6357 E_h^2, pmove=0.50
2026-06-09 02:39:09,116 - Step 02800: 4950.2500 E_h, exp. variance=0.6708 E_h^2, pmove=0.50
2026-06-09 02:39:09,463 - Step 02801: 4949.4888 E_h, exp. variance=0.6067 E_h^2, pmove=0.49
2026-06-09 02:39:09,812 - Step 02802: 4948.4331 E_h, exp. variance=0.6177 E_h^2, pmove=0.50
2026-06-09 02:39:10,160 - Step 02803: 4948.8755 E_h, exp. variance=0.5677 E_h^2, pmove=0.50
2026-06-09 02:39:10,510 - Step 02804: 4948.6064 E_h, exp. variance=0.5426 E_h^2, pmove=0.50
2026-06-09 02:39:10,861 - Step 02805: 4948.1699 E_h, exp. variance=0.5732 E_h^2, pmove=0.50
2026-06-09 02:39:11,210 - Step 02806: 4947.9150 E_h, exp. variance=0.6304 E_h^2, pmove=0.50
2026-06-09 02:39:11,565 - Step 02807: 4947.5342 E_h, exp. variance=0.7429 E_h^2, pmove=0.50
2026-06-09 02:39:11,913 - Step 02808: 4944.8921 E_h, exp. variance=2.0368 E_h^2, pmove=0.50
2026-06-09 02:39:12,266 - Step 02809: 4947.7368 E_h, exp. variance=1.8728 E_h^2, pmove=0.50
2026-06-09 02:39:12,615 - Step 02810: 4947.0483 E_h, exp. variance=1.8345 E_h^2, pmove=0.50
2026-06-09 02:39:12,965 - Step 02811: 4948.8564 E_h, exp. variance=1.6892 E_h^2, pmove=0.50
2026-06-09 02:39:13,313 - Step 02812: 4948.1963 E_h, exp. variance=1.5207 E_h^2, pmove=0.50
2026-06-09 02:39:13,663 - Step 02813: 4949.3667 E_h, exp. variance=1.4782 E_h^2, pmove=0.50
2026-06-09 02:39:14,014 - Step 02814: 4949.3091 E_h, exp. variance=1.4090 E_h^2, pmove=0.49
2026-06-09 02:39:14,362 - Step 02815: 4947.5415 E_h, exp. variance=1.3454 E_h^2, pmove=0.50
2026-06-09 02:39:14,710 - Step 02816: 4949.4106 E_h, exp. variance=1.3073 E_h^2, pmove=0.50
2026-06-09 02:39:15,058 - Step 02817: 4949.9722 E_h, exp. variance=1.3774 E_h^2, pmove=0.50
2026-06-09 02:39:15,405 - Step 02818: 4954.6455 E_h, exp. variance=4.4987 E_h^2, pmove=0.50
2026-06-09 02:39:15,752 - Step 02819: 4961.3643 E_h, exp. variance=17.3015 E_h^2, pmove=0.50
2026-06-09 02:39:16,103 - Step 02820: 5290.4678 E_h, exp. variance=10421.0957 E_h^2, pmove=0.50
2026-06-09 02:39:16,452 - Step 02821: 5006.3433 E_h, exp. variance=9422.1426 E_h^2, pmove=0.49
2026-06-09 02:39:16,801 - Step 02822: 5111.8506 E_h, exp. variance=9891.0273 E_h^2, pmove=0.49
2026-06-09 02:39:17,154 - Step 02823: 4929.2412 E_h, exp. variance=9341.8613 E_h^2, pmove=0.50
2026-06-09 02:39:17,502 - Step 02824: 4948.3662 E_h, exp. variance=8580.3252 E_h^2, pmove=0.50
2026-06-09 02:39:17,848 - Step 02825: 4956.7314 E_h, exp. variance=7809.0825 E_h^2, pmove=0.50
2026-06-09 02:39:18,194 - Step 02826: 4974.3760 E_h, exp. variance=7037.7290 E_h^2, pmove=0.50
2026-06-09 02:39:18,541 - Step 02827: 4950.4541 E_h, exp. variance=6433.1294 E_h^2, pmove=0.49
2026-06-09 02:39:18,891 - Step 02828: 4954.6123 E_h, exp. variance=5849.3428 E_h^2, pmove=0.50
2026-06-09 02:39:19,241 - Step 02829: 4964.4375 E_h, exp. variance=5280.3779 E_h^2, pmove=0.50
2026-06-09 02:39:19,591 - Step 02830: 4949.1963 E_h, exp. variance=4819.0723 E_h^2, pmove=0.49
2026-06-09 02:39:19,940 - Step 02831: 4952.9150 E_h, exp. variance=4376.0576 E_h^2, pmove=0.49
2026-06-09 02:39:20,288 - Step 02832: 4949.7930 E_h, exp. variance=3981.3472 E_h^2, pmove=0.50
2026-06-09 02:39:20,636 - Step 02833: 4952.8818 E_h, exp. variance=3607.8921 E_h^2, pmove=0.50
2026-06-09 02:39:20,986 - Step 02834: 4949.9883 E_h, exp. variance=3275.6099 E_h^2, pmove=0.50
2026-06-09 02:39:21,336 - Step 02835: 4952.7051 E_h, exp. variance=2963.9709 E_h^2, pmove=0.50
2026-06-09 02:39:21,682 - Step 02836: 4950.3535 E_h, exp. variance=2686.0352 E_h^2, pmove=0.49
2026-06-09 02:39:22,035 - Step 02837: 4951.5137 E_h, exp. variance=2429.8149 E_h^2, pmove=0.50
2026-06-09 02:39:22,384 - Step 02838: 4948.7837 E_h, exp. variance=2202.7227 E_h^2, pmove=0.50
2026-06-09 02:39:22,733 - Step 02839: 4950.9111 E_h, exp. variance=1991.1489 E_h^2, pmove=0.50
2026-06-09 02:39:23,079 - Step 02840: 4948.2480 E_h, exp. variance=1803.9597 E_h^2, pmove=0.49
2026-06-09 02:39:23,427 - Step 02841: 4949.8789 E_h, exp. variance=1630.4220 E_h^2, pmove=0.51
2026-06-09 02:39:23,777 - Step 02842: 4948.9644 E_h, exp. variance=1474.3035 E_h^2, pmove=0.50
2026-06-09 02:39:24,123 - Step 02843: 4949.8989 E_h, exp. variance=1331.2322 E_h^2, pmove=0.50
2026-06-09 02:39:24,469 - Step 02844: 4950.4736 E_h, exp. variance=1201.0217 E_h^2, pmove=0.50
2026-06-09 02:39:24,815 - Step 02845: 4949.8999 E_h, exp. variance=1083.8373 E_h^2, pmove=0.50
2026-06-09 02:39:25,162 - Step 02846: 4949.1240 E_h, exp. variance=978.5869 E_h^2, pmove=0.50
2026-06-09 02:39:25,512 - Step 02847: 4949.9033 E_h, exp. variance=882.5760 E_h^2, pmove=0.50
2026-06-09 02:39:25,862 - Step 02848: 4949.1699 E_h, exp. variance=796.4020 E_h^2, pmove=0.49
2026-06-09 02:39:26,209 - Step 02849: 4948.0825 E_h, exp. variance=719.4036 E_h^2, pmove=0.50
2026-06-09 02:39:26,556 - Step 02850: 4948.6807 E_h, exp. variance=649.1102 E_h^2, pmove=0.50
2026-06-09 02:39:26,905 - Step 02851: 4947.4912 E_h, exp. variance=586.4849 E_h^2, pmove=0.50
2026-06-09 02:39:27,253 - Step 02852: 4948.1807 E_h, exp. variance=529.1678 E_h^2, pmove=0.50
2026-06-09 02:39:27,599 - Step 02853: 4947.4214 E_h, exp. variance=477.8543 E_h^2, pmove=0.50
2026-06-09 02:39:27,946 - Step 02854: 4949.1890 E_h, exp. variance=430.4402 E_h^2, pmove=0.50
2026-06-09 02:39:28,295 - Step 02855: 4948.1592 E_h, exp. variance=388.1313 E_h^2, pmove=0.50
2026-06-09 02:39:28,643 - Step 02856: 4950.7842 E_h, exp. variance=349.3184 E_h^2, pmove=0.51
2026-06-09 02:39:28,992 - Step 02857: 4947.6060 E_h, exp. variance=315.2687 E_h^2, pmove=0.49
2026-06-09 02:39:29,338 - Step 02858: 4949.6768 E_h, exp. variance=283.7921 E_h^2, pmove=0.50
2026-06-09 02:39:29,687 - Step 02859: 4947.8799 E_h, exp. variance=255.9616 E_h^2, pmove=0.49
2026-06-09 02:39:30,034 - Step 02860: 4949.8296 E_h, exp. variance=230.3721 E_h^2, pmove=0.50
2026-06-09 02:39:30,384 - Step 02861: 4949.8135 E_h, exp. variance=207.3410 E_h^2, pmove=0.50
2026-06-09 02:39:30,728 - Step 02862: 4949.3018 E_h, exp. variance=186.6572 E_h^2, pmove=0.50
2026-06-09 02:39:31,077 - Step 02863: 4950.5962 E_h, exp. variance=168.0263 E_h^2, pmove=0.50
2026-06-09 02:39:31,424 - Step 02864: 4949.2476 E_h, exp. variance=151.2796 E_h^2, pmove=0.50
2026-06-09 02:39:31,772 - Step 02865: 4948.8555 E_h, exp. variance=136.2608 E_h^2, pmove=0.50
2026-06-09 02:39:32,123 - Step 02866: 4948.9463 E_h, exp. variance=122.7077 E_h^2, pmove=0.50
2026-06-09 02:39:32,470 - Step 02867: 4950.8628 E_h, exp. variance=110.5470 E_h^2, pmove=0.49
2026-06-09 02:39:32,815 - Step 02868: 4949.7012 E_h, exp. variance=99.4948 E_h^2, pmove=0.50
2026-06-09 02:39:33,164 - Step 02869: 4949.5078 E_h, exp. variance=89.5559 E_h^2, pmove=0.51
2026-06-09 02:39:33,512 - Step 02870: 4949.0225 E_h, exp. variance=80.6570 E_h^2, pmove=0.51
2026-06-09 02:39:33,857 - Step 02871: 4950.3203 E_h, exp. variance=72.6220 E_h^2, pmove=0.50
2026-06-09 02:39:34,202 - Step 02872: 4948.3589 E_h, exp. variance=65.5454 E_h^2, pmove=0.50
2026-06-09 02:39:34,551 - Step 02873: 4949.6968 E_h, exp. variance=58.9910 E_h^2, pmove=0.50
2026-06-09 02:39:34,899 - Step 02874: 4949.3530 E_h, exp. variance=53.1002 E_h^2, pmove=0.50
2026-06-09 02:39:35,249 - Step 02875: 4949.0103 E_h, exp. variance=47.8242 E_h^2, pmove=0.50
2026-06-09 02:39:35,598 - Step 02876: 4950.1963 E_h, exp. variance=43.0778 E_h^2, pmove=0.51
2026-06-09 02:39:35,945 - Step 02877: 4949.0381 E_h, exp. variance=38.8012 E_h^2, pmove=0.50
2026-06-09 02:39:36,292 - Step 02878: 4948.4170 E_h, exp. variance=35.0403 E_h^2, pmove=0.51
2026-06-09 02:39:36,657 - Step 02879: 4950.3516 E_h, exp. variance=31.6090 E_h^2, pmove=0.50
2026-06-09 02:39:37,001 - Step 02880: 4948.7070 E_h, exp. variance=28.5109 E_h^2, pmove=0.50
2026-06-09 02:39:37,347 - Step 02881: 4950.2891 E_h, exp. variance=25.7218 E_h^2, pmove=0.50
2026-06-09 02:39:37,693 - Step 02882: 4950.5850 E_h, exp. variance=23.2475 E_h^2, pmove=0.49
2026-06-09 02:39:38,038 - Step 02883: 4949.0400 E_h, exp. variance=20.9559 E_h^2, pmove=0.50
2026-06-09 02:39:38,400 - Step 02884: 4949.9346 E_h, exp. variance=18.8712 E_h^2, pmove=0.50
2026-06-09 02:39:38,748 - Step 02885: 4949.8164 E_h, exp. variance=16.9876 E_h^2, pmove=0.50
2026-06-09 02:39:39,096 - Step 02886: 4947.4570 E_h, exp. variance=15.7177 E_h^2, pmove=0.50
2026-06-09 02:39:39,445 - Step 02887: 4950.1748 E_h, exp. variance=14.1970 E_h^2, pmove=0.50
2026-06-09 02:39:39,797 - Step 02888: 4951.7173 E_h, exp. variance=13.2209 E_h^2, pmove=0.50
2026-06-09 02:39:40,143 - Step 02889: 5005.0391 E_h, exp. variance=287.3243 E_h^2, pmove=0.50
2026-06-09 02:39:40,496 - Step 02890: 4951.6328 E_h, exp. variance=259.7701 E_h^2, pmove=0.49
2026-06-09 02:39:40,844 - Step 02891: 4942.9673 E_h, exp. variance=246.5848 E_h^2, pmove=0.50
2026-06-09 02:39:41,196 - Step 02892: 4949.7412 E_h, exp. variance=223.3345 E_h^2, pmove=0.50
2026-06-09 02:39:41,546 - Step 02893: 4950.5635 E_h, exp. variance=201.6757 E_h^2, pmove=0.50
2026-06-09 02:39:41,892 - Step 02894: 4948.3613 E_h, exp. variance=183.4676 E_h^2, pmove=0.50
2026-06-09 02:39:42,242 - Step 02895: 4949.5234 E_h, exp. variance=165.9510 E_h^2, pmove=0.51
2026-06-09 02:39:42,589 - Step 02896: 4950.4365 E_h, exp. variance=149.6541 E_h^2, pmove=0.49
2026-06-09 02:39:42,933 - Step 02897: 4949.0869 E_h, exp. variance=135.4921 E_h^2, pmove=0.50
2026-06-09 02:39:43,281 - Step 02898: 4948.7930 E_h, exp. variance=122.7437 E_h^2, pmove=0.50
2026-06-09 02:39:43,627 - Step 02899: 4948.6304 E_h, exp. variance=111.1989 E_h^2, pmove=0.50
2026-06-09 02:39:43,973 - Step 02900: 4949.8545 E_h, exp. variance=100.2402 E_h^2, pmove=0.50
2026-06-09 02:39:44,318 - Step 02901: 4949.4355 E_h, exp. variance=90.4534 E_h^2, pmove=0.50
2026-06-09 02:39:44,665 - Step 02902: 4952.8237 E_h, exp. variance=81.7423 E_h^2, pmove=0.50
2026-06-09 02:39:45,012 - Step 02903: 4950.1367 E_h, exp. variance=73.6498 E_h^2, pmove=0.49
2026-06-09 02:39:45,360 - Step 02904: 4950.2910 E_h, exp. variance=66.3293 E_h^2, pmove=0.51
2026-06-09 02:39:45,707 - Step 02905: 4951.5186 E_h, exp. variance=59.7282 E_h^2, pmove=0.50
2026-06-09 02:39:46,055 - Step 02906: 4950.4307 E_h, exp. variance=53.7829 E_h^2, pmove=0.50
2026-06-09 02:39:46,402 - Step 02907: 4949.9604 E_h, exp. variance=48.4889 E_h^2, pmove=0.50
2026-06-09 02:39:46,751 - Step 02908: 4949.5957 E_h, exp. variance=43.7775 E_h^2, pmove=0.51
2026-06-09 02:39:47,102 - Step 02909: 4948.1890 E_h, exp. variance=39.9708 E_h^2, pmove=0.49
2026-06-09 02:39:47,450 - Step 02910: 4947.9761 E_h, exp. variance=36.5273 E_h^2, pmove=0.51
2026-06-09 02:39:47,797 - Step 02911: 4946.5669 E_h, exp. variance=34.0677 E_h^2, pmove=0.50
2026-06-09 02:39:48,146 - Step 02912: 4946.6396 E_h, exp. variance=31.5849 E_h^2, pmove=0.50
2026-06-09 02:39:48,493 - Step 02913: 4946.9487 E_h, exp. variance=29.0230 E_h^2, pmove=0.50
2026-06-09 02:39:48,838 - Step 02914: 4948.4346 E_h, exp. variance=26.1830 E_h^2, pmove=0.50
2026-06-09 02:39:49,182 - Step 02915: 4948.1191 E_h, exp. variance=23.6666 E_h^2, pmove=0.50
2026-06-09 02:39:49,528 - Step 02916: 4949.8574 E_h, exp. variance=21.3548 E_h^2, pmove=0.50
2026-06-09 02:39:49,876 - Step 02917: 4949.9883 E_h, exp. variance=19.2818 E_h^2, pmove=0.50
2026-06-09 02:39:50,225 - Step 02918: 4948.9009 E_h, exp. variance=17.3639 E_h^2, pmove=0.51
2026-06-09 02:39:50,570 - Step 02919: 4948.5830 E_h, exp. variance=15.6623 E_h^2, pmove=0.50
2026-06-09 02:39:50,917 - Step 02920: 4949.7280 E_h, exp. variance=14.1269 E_h^2, pmove=0.50
2026-06-09 02:39:51,261 - Step 02921: 4950.1943 E_h, exp. variance=12.8030 E_h^2, pmove=0.50
2026-06-09 02:39:51,606 - Step 02922: 4948.9238 E_h, exp. variance=11.5354 E_h^2, pmove=0.50
2026-06-09 02:39:51,949 - Step 02923: 4948.2549 E_h, exp. variance=10.4733 E_h^2, pmove=0.50
2026-06-09 02:39:52,293 - Step 02924: 4948.3545 E_h, exp. variance=9.4847 E_h^2, pmove=0.50
2026-06-09 02:39:52,637 - Step 02925: 4946.9556 E_h, exp. variance=8.9430 E_h^2, pmove=0.50
2026-06-09 02:39:52,982 - Step 02926: 4947.8931 E_h, exp. variance=8.1344 E_h^2, pmove=0.50
2026-06-09 02:39:53,328 - Step 02927: 4948.3384 E_h, exp. variance=7.3379 E_h^2, pmove=0.50
2026-06-09 02:39:53,678 - Step 02928: 4947.8564 E_h, exp. variance=6.6724 E_h^2, pmove=0.50
2026-06-09 02:39:54,025 - Step 02929: 4948.3770 E_h, exp. variance=6.0115 E_h^2, pmove=0.50
2026-06-09 02:39:54,378 - Step 02930: 4947.6572 E_h, exp. variance=5.4927 E_h^2, pmove=0.51
2026-06-09 02:39:54,724 - Step 02931: 4949.0435 E_h, exp. variance=4.9683 E_h^2, pmove=0.50
2026-06-09 02:39:55,069 - Step 02932: 4948.4248 E_h, exp. variance=4.4734 E_h^2, pmove=0.50
2026-06-09 02:39:55,414 - Step 02933: 4948.7432 E_h, exp. variance=4.0292 E_h^2, pmove=0.50
2026-06-09 02:39:55,780 - Step 02934: 4950.0078 E_h, exp. variance=3.8110 E_h^2, pmove=0.50
2026-06-09 02:39:56,135 - Step 02935: 4947.2900 E_h, exp. variance=3.6135 E_h^2, pmove=0.50
2026-06-09 02:39:56,483 - Step 02936: 4948.8340 E_h, exp. variance=3.2581 E_h^2, pmove=0.51
2026-06-09 02:39:56,830 - Step 02937: 4948.1934 E_h, exp. variance=2.9473 E_h^2, pmove=0.50
2026-06-09 02:39:57,180 - Step 02938: 4948.3799 E_h, exp. variance=2.6555 E_h^2, pmove=0.50
2026-06-09 02:39:57,534 - Step 02939: 4948.2852 E_h, exp. variance=2.3959 E_h^2, pmove=0.50
2026-06-09 02:39:57,881 - Step 02940: 4948.5415 E_h, exp. variance=2.1564 E_h^2, pmove=0.50
2026-06-09 02:39:58,228 - Step 02941: 4946.8613 E_h, exp. variance=2.1881 E_h^2, pmove=0.50
2026-06-09 02:39:58,574 - Step 02942: 4948.2725 E_h, exp. variance=1.9698 E_h^2, pmove=0.50
2026-06-09 02:39:58,922 - Step 02943: 4948.7798 E_h, exp. variance=1.7899 E_h^2, pmove=0.49
2026-06-09 02:39:59,269 - Step 02944: 4948.6123 E_h, exp. variance=1.6154 E_h^2, pmove=0.50
2026-06-09 02:39:59,615 - Step 02945: 4948.2100 E_h, exp. variance=1.4575 E_h^2, pmove=0.50
2026-06-09 02:39:59,961 - Step 02946: 4949.3823 E_h, exp. variance=1.4001 E_h^2, pmove=0.50
2026-06-09 02:40:00,310 - Step 02947: 4947.5820 E_h, exp. variance=1.3344 E_h^2, pmove=0.51
2026-06-09 02:40:00,659 - Step 02948: 4948.1255 E_h, exp. variance=1.2077 E_h^2, pmove=0.50
2026-06-09 02:40:01,006 - Step 02949: 4950.8657 E_h, exp. variance=1.6466 E_h^2, pmove=0.50
2026-06-09 02:40:01,353 - Step 02950: 4948.0918 E_h, exp. variance=1.5072 E_h^2, pmove=0.50
2026-06-09 02:40:01,700 - Step 02951: 4948.6650 E_h, exp. variance=1.3573 E_h^2, pmove=0.50
2026-06-09 02:40:02,048 - Step 02952: 4948.3857 E_h, exp. variance=1.2249 E_h^2, pmove=0.50
2026-06-09 02:40:02,399 - Step 02953: 4947.8330 E_h, exp. variance=1.1499 E_h^2, pmove=0.50
2026-06-09 02:40:02,746 - Step 02954: 4949.5464 E_h, exp. variance=1.1360 E_h^2, pmove=0.50
2026-06-09 02:40:03,095 - Step 02955: 4949.9814 E_h, exp. variance=1.1961 E_h^2, pmove=0.50
2026-06-09 02:40:03,443 - Step 02956: 4950.5430 E_h, exp. variance=1.3718 E_h^2, pmove=0.50
2026-06-09 02:40:03,790 - Step 02957: 4951.2871 E_h, exp. variance=1.7421 E_h^2, pmove=0.50
2026-06-09 02:40:04,138 - Step 02958: 4949.8730 E_h, exp. variance=1.6149 E_h^2, pmove=0.50
2026-06-09 02:40:04,484 - Step 02959: 4950.1562 E_h, exp. variance=1.5320 E_h^2, pmove=0.50
2026-06-09 02:40:04,832 - Step 02960: 4949.9180 E_h, exp. variance=1.4114 E_h^2, pmove=0.51
2026-06-09 02:40:05,181 - Step 02961: 4948.3945 E_h, exp. variance=1.3569 E_h^2, pmove=0.50
2026-06-09 02:40:05,529 - Step 02962: 4949.3203 E_h, exp. variance=1.2214 E_h^2, pmove=0.50
2026-06-09 02:40:05,876 - Step 02963: 4946.6265 E_h, exp. variance=1.7338 E_h^2, pmove=0.50
2026-06-09 02:40:06,224 - Step 02964: 4947.7559 E_h, exp. variance=1.7034 E_h^2, pmove=0.51
2026-06-09 02:40:06,573 - Step 02965: 4947.6460 E_h, exp. variance=1.6723 E_h^2, pmove=0.50
2026-06-09 02:40:06,919 - Step 02966: 4948.9805 E_h, exp. variance=1.5092 E_h^2, pmove=0.50
2026-06-09 02:40:07,267 - Step 02967: 4947.6064 E_h, exp. variance=1.4838 E_h^2, pmove=0.50
2026-06-09 02:40:07,615 - Step 02968: 4949.5664 E_h, exp. variance=1.4079 E_h^2, pmove=0.50
2026-06-09 02:40:07,965 - Step 02969: 4950.4253 E_h, exp. variance=1.5171 E_h^2, pmove=0.50
2026-06-09 02:40:08,312 - Step 02970: 4949.4419 E_h, exp. variance=1.3894 E_h^2, pmove=0.50
2026-06-09 02:40:08,658 - Step 02971: 4950.6836 E_h, exp. variance=1.5125 E_h^2, pmove=0.51
2026-06-09 02:40:09,003 - Step 02972: 4951.1201 E_h, exp. variance=1.7115 E_h^2, pmove=0.49
2026-06-09 02:40:09,348 - Step 02973: 4946.7373 E_h, exp. variance=2.1522 E_h^2, pmove=0.50
2026-06-09 02:40:09,696 - Step 02974: 4949.8438 E_h, exp. variance=1.9890 E_h^2, pmove=0.50
2026-06-09 02:40:10,044 - Step 02975: 4950.3926 E_h, exp. variance=1.9268 E_h^2, pmove=0.50
2026-06-09 02:40:10,393 - Step 02976: 4949.5020 E_h, exp. variance=1.7384 E_h^2, pmove=0.49
2026-06-09 02:40:10,741 - Step 02977: 4950.1152 E_h, exp. variance=1.6236 E_h^2, pmove=0.50
2026-06-09 02:40:11,088 - Step 02978: 4950.6162 E_h, exp. variance=1.5974 E_h^2, pmove=0.51
2026-06-09 02:40:11,433 - Step 02979: 4950.2568 E_h, exp. variance=1.4880 E_h^2, pmove=0.49
2026-06-09 02:40:11,777 - Step 02980: 4949.5845 E_h, exp. variance=1.3392 E_h^2, pmove=0.50
2026-06-09 02:40:12,121 - Step 02981: 4947.7627 E_h, exp. variance=1.5038 E_h^2, pmove=0.50
2026-06-09 02:40:12,467 - Step 02982: 4948.9648 E_h, exp. variance=1.3706 E_h^2, pmove=0.50
2026-06-09 02:40:12,812 - Step 02983: 4949.8604 E_h, exp. variance=1.2562 E_h^2, pmove=0.50
2026-06-09 02:40:13,159 - Step 02984: 4951.0771 E_h, exp. variance=1.3811 E_h^2, pmove=0.50
2026-06-09 02:40:13,503 - Step 02985: 4950.6079 E_h, exp. variance=1.3389 E_h^2, pmove=0.50
2026-06-09 02:40:13,848 - Step 02986: 4948.9448 E_h, exp. variance=1.2535 E_h^2, pmove=0.51
2026-06-09 02:40:14,192 - Step 02987: 4950.3418 E_h, exp. variance=1.1769 E_h^2, pmove=0.50
2026-06-09 02:40:14,538 - Step 02988: 4949.6758 E_h, exp. variance=1.0592 E_h^2, pmove=0.50
2026-06-09 02:40:14,884 - Step 02989: 4948.4097 E_h, exp. variance=1.0983 E_h^2, pmove=0.50
2026-06-09 02:40:15,228 - Step 02990: 4948.6855 E_h, exp. variance=1.0560 E_h^2, pmove=0.50
2026-06-09 02:40:15,573 - Step 02991: 4949.1050 E_h, exp. variance=0.9621 E_h^2, pmove=0.50
2026-06-09 02:40:15,929 - Step 02992: 4946.3867 E_h, exp. variance=1.6990 E_h^2, pmove=0.50
2026-06-09 02:40:16,274 - Step 02993: 4950.5020 E_h, exp. variance=1.6997 E_h^2, pmove=0.50
2026-06-09 02:40:16,624 - Step 02994: 4948.3828 E_h, exp. variance=1.5994 E_h^2, pmove=0.50
2026-06-09 02:40:16,970 - Step 02995: 4947.6270 E_h, exp. variance=1.6551 E_h^2, pmove=0.50
2026-06-09 02:40:17,314 - Step 02996: 4949.2061 E_h, exp. variance=1.4927 E_h^2, pmove=0.50
2026-06-09 02:40:17,661 - Step 02997: 4947.7388 E_h, exp. variance=1.4955 E_h^2, pmove=0.49
2026-06-09 02:40:18,014 - Step 02998: 4948.3784 E_h, exp. variance=1.3712 E_h^2, pmove=0.50
2026-06-09 02:40:18,361 - Step 02999: 4946.6680 E_h, exp. variance=1.6648 E_h^2, pmove=0.50
2026-06-09 02:40:18,708 - Step 03000: 4947.9219 E_h, exp. variance=1.5443 E_h^2, pmove=0.51
2026-06-09 02:40:19,055 - Step 03001: 4946.4570 E_h, exp. variance=1.7899 E_h^2, pmove=0.50
2026-06-09 02:40:19,399 - Step 03002: 4949.4180 E_h, exp. variance=1.7127 E_h^2, pmove=0.51
2026-06-09 02:40:19,748 - Step 03003: 4950.5923 E_h, exp. variance=1.9503 E_h^2, pmove=0.49
2026-06-09 02:40:20,095 - Step 03004: 4955.2090 E_h, exp. variance=5.5990 E_h^2, pmove=0.49
2026-06-09 02:40:20,442 - Step 03005: 4950.3770 E_h, exp. variance=5.1383 E_h^2, pmove=0.49
2026-06-09 02:40:20,787 - Step 03006: 4942.2764 E_h, exp. variance=9.2329 E_h^2, pmove=0.50
2026-06-09 02:40:21,134 - Step 03007: 4950.4209 E_h, exp. variance=8.5710 E_h^2, pmove=0.49
2026-06-09 02:40:21,484 - Step 03008: 4950.5107 E_h, exp. variance=7.9511 E_h^2, pmove=0.49
2026-06-09 02:40:21,832 - Step 03009: 4953.6318 E_h, exp. variance=9.0456 E_h^2, pmove=0.50
2026-06-09 02:40:22,180 - Step 03010: 4953.2036 E_h, exp. variance=9.3703 E_h^2, pmove=0.49
2026-06-09 02:40:22,528 - Step 03011: 4953.7769 E_h, exp. variance=9.8018 E_h^2, pmove=0.50
2026-06-09 02:40:22,875 - Step 03012: 4946.3740 E_h, exp. variance=10.1860 E_h^2, pmove=0.50
2026-06-09 02:40:23,221 - Step 03013: 4951.3374 E_h, exp. variance=9.3589 E_h^2, pmove=0.50
2026-06-09 02:40:23,567 - Step 03014: 4948.1313 E_h, exp. variance=8.7456 E_h^2, pmove=0.50
2026-06-09 02:40:23,911 - Step 03015: 4949.6235 E_h, exp. variance=7.8750 E_h^2, pmove=0.51
2026-06-09 02:40:24,255 - Step 03016: 4949.7715 E_h, exp. variance=7.0877 E_h^2, pmove=0.50
2026-06-09 02:40:24,602 - Step 03017: 4957.0879 E_h, exp. variance=11.1466 E_h^2, pmove=0.50
2026-06-09 02:40:24,951 - Step 03018: 4958.3491 E_h, exp. variance=15.5237 E_h^2, pmove=0.49
2026-06-09 02:40:25,300 - Step 03019: 4950.4385 E_h, exp. variance=14.0411 E_h^2, pmove=0.49
2026-06-09 02:40:25,650 - Step 03020: 4946.2822 E_h, exp. variance=14.8411 E_h^2, pmove=0.50
2026-06-09 02:40:25,993 - Step 03021: 4950.2998 E_h, exp. variance=13.3741 E_h^2, pmove=0.50
2026-06-09 02:40:26,340 - Step 03022: 4946.3311 E_h, exp. variance=13.7490 E_h^2, pmove=0.50
2026-06-09 02:40:26,686 - Step 03023: 4948.6812 E_h, exp. variance=12.5976 E_h^2, pmove=0.50
2026-06-09 02:40:27,030 - Step 03024: 4946.3369 E_h, exp. variance=12.6117 E_h^2, pmove=0.50
2026-06-09 02:40:27,374 - Step 03025: 4949.3701 E_h, exp. variance=11.3617 E_h^2, pmove=0.50
2026-06-09 02:40:27,721 - Step 03026: 4949.6655 E_h, exp. variance=10.2256 E_h^2, pmove=0.50
2026-06-09 02:40:28,063 - Step 03027: 4951.2139 E_h, exp. variance=9.4132 E_h^2, pmove=0.51
2026-06-09 02:40:28,412 - Step 03028: 4948.6914 E_h, exp. variance=8.5903 E_h^2, pmove=0.50
2026-06-09 02:40:28,760 - Step 03029: 4950.3584 E_h, exp. variance=7.7675 E_h^2, pmove=0.50
2026-06-09 02:40:29,105 - Step 03030: 4949.4692 E_h, exp. variance=6.9999 E_h^2, pmove=0.50
2026-06-09 02:40:29,458 - Step 03031: 4951.7114 E_h, exp. variance=6.6442 E_h^2, pmove=0.50
2026-06-09 02:40:29,802 - Step 03032: 4948.8945 E_h, exp. variance=6.0803 E_h^2, pmove=0.49
2026-06-09 02:40:30,148 - Step 03033: 4949.6821 E_h, exp. variance=5.4747 E_h^2, pmove=0.50
2026-06-09 02:40:30,497 - Step 03034: 4947.2061 E_h, exp. variance=5.5464 E_h^2, pmove=0.49
2026-06-09 02:40:30,843 - Step 03035: 4948.2373 E_h, exp. variance=5.1509 E_h^2, pmove=0.50
2026-06-09 02:40:31,190 - Step 03036: 4950.3550 E_h, exp. variance=4.7121 E_h^2, pmove=0.50
2026-06-09 02:40:31,537 - Step 03037: 4952.3291 E_h, exp. variance=4.9479 E_h^2, pmove=0.49
2026-06-09 02:40:31,882 - Step 03038: 4953.4727 E_h, exp. variance=5.6627 E_h^2, pmove=0.50
2026-06-09 02:40:32,231 - Step 03039: 4949.6250 E_h, exp. variance=5.1235 E_h^2, pmove=0.50
2026-06-09 02:40:32,580 - Step 03040: 4964.1143 E_h, exp. variance=22.2401 E_h^2, pmove=0.49
2026-06-09 02:40:32,929 - Step 03041: 4945.1792 E_h, exp. variance=23.6324 E_h^2, pmove=0.50
2026-06-09 02:40:33,279 - Step 03042: 4953.8838 E_h, exp. variance=22.0789 E_h^2, pmove=0.50
2026-06-09 02:40:33,628 - Step 03043: 4949.4189 E_h, exp. variance=20.1514 E_h^2, pmove=0.49
2026-06-09 02:40:33,976 - Step 03044: 4947.8125 E_h, exp. variance=19.0552 E_h^2, pmove=0.51
2026-06-09 02:40:34,323 - Step 03045: 4946.5049 E_h, exp. variance=18.7249 E_h^2, pmove=0.50
2026-06-09 02:40:34,670 - Step 03046: 4954.5215 E_h, exp. variance=18.4791 E_h^2, pmove=0.51
2026-06-09 02:40:35,017 - Step 03047: 4949.0630 E_h, exp. variance=16.8710 E_h^2, pmove=0.50
2026-06-09 02:40:35,364 - Step 03048: 4949.8604 E_h, exp. variance=15.2245 E_h^2, pmove=0.50
2026-06-09 02:40:35,709 - Step 03049: 4943.6338 E_h, exp. variance=17.9018 E_h^2, pmove=0.50
2026-06-09 02:40:36,059 - Step 03050: 4949.1123 E_h, exp. variance=16.1519 E_h^2, pmove=0.51
2026-06-09 02:40:36,407 - Step 03051: 4948.7910 E_h, exp. variance=14.6136 E_h^2, pmove=0.50
2026-06-09 02:40:36,753 - Step 03052: 4949.0635 E_h, exp. variance=13.1803 E_h^2, pmove=0.50
2026-06-09 02:40:37,099 - Step 03053: 4948.4258 E_h, exp. variance=11.9794 E_h^2, pmove=0.50
2026-06-09 02:40:37,448 - Step 03054: 4948.8633 E_h, exp. variance=10.8127 E_h^2, pmove=0.50
2026-06-09 02:40:37,796 - Step 03055: 4949.1006 E_h, exp. variance=9.7391 E_h^2, pmove=0.49
2026-06-09 02:40:38,142 - Step 03056: 4948.9648 E_h, exp. variance=8.7795 E_h^2, pmove=0.50
2026-06-09 02:40:38,489 - Step 03057: 4948.1499 E_h, exp. variance=8.0256 E_h^2, pmove=0.50
2026-06-09 02:40:38,834 - Step 03058: 4949.0654 E_h, exp. variance=7.2248 E_h^2, pmove=0.50
2026-06-09 02:40:39,181 - Step 03059: 4949.1470 E_h, exp. variance=6.5025 E_h^2, pmove=0.50
2026-06-09 02:40:39,525 - Step 03060: 4948.6172 E_h, exp. variance=5.8816 E_h^2, pmove=0.49
2026-06-09 02:40:39,869 - Step 03061: 4948.9121 E_h, exp. variance=5.2977 E_h^2, pmove=0.50
2026-06-09 02:40:40,214 - Step 03062: 4949.5283 E_h, exp. variance=4.7838 E_h^2, pmove=0.50
2026-06-09 02:40:40,561 - Step 03063: 4949.7861 E_h, exp. variance=4.3417 E_h^2, pmove=0.50
2026-06-09 02:40:40,910 - Step 03064: 4950.0474 E_h, exp. variance=3.9700 E_h^2, pmove=0.50
2026-06-09 02:40:41,258 - Step 03065: 4950.0615 E_h, exp. variance=3.6255 E_h^2, pmove=0.50
2026-06-09 02:40:41,605 - Step 03066: 4950.1934 E_h, exp. variance=3.3234 E_h^2, pmove=0.50
2026-06-09 02:40:41,952 - Step 03067: 4949.9014 E_h, exp. variance=3.0089 E_h^2, pmove=0.50
2026-06-09 02:40:42,298 - Step 03068: 4949.8105 E_h, exp. variance=2.7166 E_h^2, pmove=0.49
2026-06-09 02:40:42,645 - Step 03069: 4950.3740 E_h, exp. variance=2.5089 E_h^2, pmove=0.50
2026-06-09 02:40:42,993 - Step 03070: 4948.2188 E_h, exp. variance=2.4336 E_h^2, pmove=0.50
2026-06-09 02:40:43,341 - Step 03071: 4949.0400 E_h, exp. variance=2.2074 E_h^2, pmove=0.51
2026-06-09 02:40:43,690 - Step 03072: 4947.7188 E_h, exp. variance=2.2510 E_h^2, pmove=0.50
2026-06-09 02:40:44,043 - Step 03073: 4948.4658 E_h, exp. variance=2.0829 E_h^2, pmove=0.50
2026-06-09 02:40:44,391 - Step 03074: 4948.4805 E_h, exp. variance=1.9188 E_h^2, pmove=0.50
2026-06-09 02:40:44,740 - Step 03075: 4947.9795 E_h, exp. variance=1.8422 E_h^2, pmove=0.50
2026-06-09 02:40:45,086 - Step 03076: 4948.1860 E_h, exp. variance=1.7173 E_h^2, pmove=0.50
2026-06-09 02:40:45,437 - Step 03077: 4948.0181 E_h, exp. variance=1.6183 E_h^2, pmove=0.51
2026-06-09 02:40:45,784 - Step 03078: 4949.0479 E_h, exp. variance=1.4609 E_h^2, pmove=0.50
2026-06-09 02:40:46,129 - Step 03079: 4947.6689 E_h, exp. variance=1.4402 E_h^2, pmove=0.50
2026-06-09 02:40:46,478 - Step 03080: 4948.7227 E_h, exp. variance=1.2961 E_h^2, pmove=0.50
2026-06-09 02:40:46,826 - Step 03081: 4950.2793 E_h, exp. variance=1.3826 E_h^2, pmove=0.50
2026-06-09 02:40:47,176 - Step 03082: 4950.6904 E_h, exp. variance=1.5377 E_h^2, pmove=0.50
2026-06-09 02:40:47,522 - Step 03083: 4949.5752 E_h, exp. variance=1.4074 E_h^2, pmove=0.50
2026-06-09 02:40:47,868 - Step 03084: 4949.9297 E_h, exp. variance=1.3262 E_h^2, pmove=0.50
2026-06-09 02:40:48,215 - Step 03085: 4949.8994 E_h, exp. variance=1.2379 E_h^2, pmove=0.49
2026-06-09 02:40:48,564 - Step 03086: 4948.4248 E_h, exp. variance=1.1781 E_h^2, pmove=0.50
2026-06-09 02:40:48,914 - Step 03087: 4949.0957 E_h, exp. variance=1.0610 E_h^2, pmove=0.50
2026-06-09 02:40:49,261 - Step 03088: 4947.7461 E_h, exp. variance=1.1386 E_h^2, pmove=0.50
2026-06-09 02:40:49,607 - Step 03089: 4948.7593 E_h, exp. variance=1.0314 E_h^2, pmove=0.51
2026-06-09 02:40:49,952 - Step 03090: 4947.7793 E_h, exp. variance=1.0633 E_h^2, pmove=0.50
2026-06-09 02:40:50,298 - Step 03091: 4947.4277 E_h, exp. variance=1.1473 E_h^2, pmove=0.50
2026-06-09 02:40:50,648 - Step 03092: 4948.2847 E_h, exp. variance=1.0509 E_h^2, pmove=0.50
2026-06-09 02:40:50,994 - Step 03093: 4947.1343 E_h, exp. variance=1.1641 E_h^2, pmove=0.50
2026-06-09 02:40:51,341 - Step 03094: 4946.1582 E_h, exp. variance=1.5564 E_h^2, pmove=0.50
2026-06-09 02:40:51,688 - Step 03095: 4948.1992 E_h, exp. variance=1.4016 E_h^2, pmove=0.51
2026-06-09 02:40:52,035 - Step 03096: 4947.6748 E_h, exp. variance=1.2953 E_h^2, pmove=0.50
2026-06-09 02:40:52,382 - Step 03097: 4947.2529 E_h, exp. variance=1.2511 E_h^2, pmove=0.51
2026-06-09 02:40:52,728 - Step 03098: 4946.7847 E_h, exp. variance=1.2887 E_h^2, pmove=0.50
2026-06-09 02:40:53,078 - Step 03099: 4947.5112 E_h, exp. variance=1.1809 E_h^2, pmove=0.51
2026-06-09 02:40:53,436 - Step 03100: 4947.4844 E_h, exp. variance=1.0821 E_h^2, pmove=0.50
2026-06-09 02:40:53,785 - Step 03101: 4947.5381 E_h, exp. variance=0.9857 E_h^2, pmove=0.49
2026-06-09 02:40:54,131 - Step 03102: 4949.3740 E_h, exp. variance=1.0923 E_h^2, pmove=0.51
2026-06-09 02:40:54,476 - Step 03103: 4948.9014 E_h, exp. variance=1.0537 E_h^2, pmove=0.50
2026-06-09 02:40:54,821 - Step 03104: 4948.6748 E_h, exp. variance=0.9777 E_h^2, pmove=0.50
2026-06-09 02:40:55,169 - Step 03105: 4947.3130 E_h, exp. variance=0.9446 E_h^2, pmove=0.50
2026-06-09 02:40:55,516 - Step 03106: 4949.2910 E_h, exp. variance=0.9831 E_h^2, pmove=0.50
2026-06-09 02:40:55,867 - Step 03107: 4947.8486 E_h, exp. variance=0.8957 E_h^2, pmove=0.50
2026-06-09 02:40:56,220 - Step 03108: 4948.5127 E_h, exp. variance=0.8172 E_h^2, pmove=0.50
2026-06-09 02:40:56,570 - Step 03109: 4948.5811 E_h, exp. variance=0.7487 E_h^2, pmove=0.50
2026-06-09 02:40:56,919 - Step 03110: 4949.9648 E_h, exp. variance=0.9427 E_h^2, pmove=0.50
2026-06-09 02:40:57,269 - Step 03111: 4949.3594 E_h, exp. variance=0.9297 E_h^2, pmove=0.50
2026-06-09 02:40:57,616 - Step 03112: 4950.3105 E_h, exp. variance=1.1303 E_h^2, pmove=0.50
2026-06-09 02:40:57,965 - Step 03113: 4948.5781 E_h, exp. variance=1.0183 E_h^2, pmove=0.50
2026-06-09 02:40:58,314 - Step 03114: 4949.8262 E_h, exp. variance=1.0359 E_h^2, pmove=0.51
2026-06-09 02:40:58,663 - Step 03115: 4947.6582 E_h, exp. variance=1.0475 E_h^2, pmove=0.50
2026-06-09 02:40:59,014 - Step 03116: 4948.4927 E_h, exp. variance=0.9458 E_h^2, pmove=0.50
2026-06-09 02:40:59,363 - Step 03117: 4947.9131 E_h, exp. variance=0.9011 E_h^2, pmove=0.50
2026-06-09 02:40:59,713 - Step 03118: 4948.5459 E_h, exp. variance=0.8111 E_h^2, pmove=0.50
2026-06-09 02:41:00,061 - Step 03119: 4948.9697 E_h, exp. variance=0.7437 E_h^2, pmove=0.50
2026-06-09 02:41:00,411 - Step 03120: 4948.6890 E_h, exp. variance=0.6698 E_h^2, pmove=0.50
2026-06-09 02:41:00,759 - Step 03121: 4946.3887 E_h, exp. variance=1.0529 E_h^2, pmove=0.50
2026-06-09 02:41:01,110 - Step 03122: 4948.3511 E_h, exp. variance=0.9479 E_h^2, pmove=0.51
2026-06-09 02:41:01,460 - Step 03123: 4947.8330 E_h, exp. variance=0.8817 E_h^2, pmove=0.50
2026-06-09 02:41:01,808 - Step 03124: 4946.8115 E_h, exp. variance=1.0039 E_h^2, pmove=0.50
2026-06-09 02:41:02,155 - Step 03125: 4947.7646 E_h, exp. variance=0.9196 E_h^2, pmove=0.49
2026-06-09 02:41:02,502 - Step 03126: 4947.6606 E_h, exp. variance=0.8487 E_h^2, pmove=0.50
2026-06-09 02:41:02,852 - Step 03127: 4944.8877 E_h, exp. variance=1.6906 E_h^2, pmove=0.51
2026-06-09 02:41:03,198 - Step 03128: 4947.5996 E_h, exp. variance=1.5244 E_h^2, pmove=0.50
2026-06-09 02:41:03,545 - Step 03129: 4948.0107 E_h, exp. variance=1.3777 E_h^2, pmove=0.50
2026-06-09 02:41:03,893 - Step 03130: 4948.9453 E_h, exp. variance=1.3613 E_h^2, pmove=0.51
2026-06-09 02:41:04,245 - Step 03131: 4948.0796 E_h, exp. variance=1.2281 E_h^2, pmove=0.50
2026-06-09 02:41:04,593 - Step 03132: 4949.2656 E_h, exp. variance=1.2688 E_h^2, pmove=0.51
2026-06-09 02:41:04,942 - Step 03133: 4948.4707 E_h, exp. variance=1.1576 E_h^2, pmove=0.50
2026-06-09 02:41:05,291 - Step 03134: 4948.8975 E_h, exp. variance=1.0998 E_h^2, pmove=0.50
2026-06-09 02:41:05,637 - Step 03135: 4946.0420 E_h, exp. variance=1.3993 E_h^2, pmove=0.50
2026-06-09 02:41:05,982 - Step 03136: 4947.5508 E_h, exp. variance=1.2745 E_h^2, pmove=0.50
2026-06-09 02:41:06,330 - Step 03137: 4947.0293 E_h, exp. variance=1.2185 E_h^2, pmove=0.49
2026-06-09 02:41:06,678 - Step 03138: 4948.1948 E_h, exp. variance=1.1086 E_h^2, pmove=0.50
2026-06-09 02:41:07,026 - Step 03139: 4946.8716 E_h, exp. variance=1.0869 E_h^2, pmove=0.50
2026-06-09 02:41:07,372 - Step 03140: 4947.9272 E_h, exp. variance=0.9805 E_h^2, pmove=0.51
2026-06-09 02:41:07,719 - Step 03141: 4945.8096 E_h, exp. variance=1.2332 E_h^2, pmove=0.50
2026-06-09 02:41:08,069 - Step 03142: 4946.8906 E_h, exp. variance=1.1535 E_h^2, pmove=0.50
2026-06-09 02:41:08,418 - Step 03143: 4947.6289 E_h, exp. variance=1.0393 E_h^2, pmove=0.50
2026-06-09 02:41:08,767 - Step 03144: 4947.7202 E_h, exp. variance=0.9387 E_h^2, pmove=0.50
2026-06-09 02:41:09,116 - Step 03145: 4948.2246 E_h, exp. variance=0.8861 E_h^2, pmove=0.51
2026-06-09 02:41:09,466 - Step 03146: 4947.3032 E_h, exp. variance=0.8063 E_h^2, pmove=0.50
2026-06-09 02:41:09,816 - Step 03147: 4946.3921 E_h, exp. variance=0.8534 E_h^2, pmove=0.49
2026-06-09 02:41:10,164 - Step 03148: 4947.9336 E_h, exp. variance=0.7879 E_h^2, pmove=0.51
2026-06-09 02:41:10,511 - Step 03149: 4947.8838 E_h, exp. variance=0.7216 E_h^2, pmove=0.49
2026-06-09 02:41:10,858 - Step 03150: 4948.1182 E_h, exp. variance=0.6786 E_h^2, pmove=0.49
2026-06-09 02:41:11,203 - Step 03151: 4948.5576 E_h, exp. variance=0.6924 E_h^2, pmove=0.50
2026-06-09 02:41:11,551 - Step 03152: 4948.6738 E_h, exp. variance=0.7084 E_h^2, pmove=0.50
2026-06-09 02:41:11,900 - Step 03153: 4947.3438 E_h, exp. variance=0.6561 E_h^2, pmove=0.50
2026-06-09 02:41:12,248 - Step 03154: 4948.1377 E_h, exp. variance=0.6038 E_h^2, pmove=0.50
2026-06-09 02:41:12,596 - Step 03155: 4948.6890 E_h, exp. variance=0.6160 E_h^2, pmove=0.49
2026-06-09 02:41:12,944 - Step 03156: 4946.7881 E_h, exp. variance=0.6619 E_h^2, pmove=0.50
2026-06-09 02:41:13,291 - Step 03157: 4947.4590 E_h, exp. variance=0.6045 E_h^2, pmove=0.50
2026-06-09 02:41:13,639 - Step 03158: 4946.0518 E_h, exp. variance=0.8006 E_h^2, pmove=0.50
2026-06-09 02:41:13,982 - Step 03159: 4945.9863 E_h, exp. variance=0.9467 E_h^2, pmove=0.50
2026-06-09 02:41:14,332 - Step 03160: 4946.9238 E_h, exp. variance=0.8735 E_h^2, pmove=0.50
2026-06-09 02:41:14,676 - Step 03161: 4946.8252 E_h, exp. variance=0.8122 E_h^2, pmove=0.50
2026-06-09 02:41:15,023 - Step 03162: 4947.7114 E_h, exp. variance=0.7455 E_h^2, pmove=0.51
2026-06-09 02:41:15,372 - Step 03163: 4947.4805 E_h, exp. variance=0.6725 E_h^2, pmove=0.50
2026-06-09 02:41:15,721 - Step 03164: 4948.5117 E_h, exp. variance=0.7239 E_h^2, pmove=0.50
2026-06-09 02:41:16,071 - Step 03165: 4947.9995 E_h, exp. variance=0.6760 E_h^2, pmove=0.51
2026-06-09 02:41:16,421 - Step 03166: 4948.5752 E_h, exp. variance=0.7067 E_h^2, pmove=0.50
2026-06-09 02:41:16,770 - Step 03167: 4948.8779 E_h, exp. variance=0.7751 E_h^2, pmove=0.50
2026-06-09 02:41:17,121 - Step 03168: 4948.0659 E_h, exp. variance=0.7061 E_h^2, pmove=0.50
2026-06-09 02:41:17,469 - Step 03169: 4948.1494 E_h, exp. variance=0.6471 E_h^2, pmove=0.50
2026-06-09 02:41:17,818 - Step 03170: 4950.0176 E_h, exp. variance=1.0146 E_h^2, pmove=0.50
2026-06-09 02:41:18,165 - Step 03171: 4949.2422 E_h, exp. variance=1.0420 E_h^2, pmove=0.50
2026-06-09 02:41:18,512 - Step 03172: 4950.4746 E_h, exp. variance=1.4179 E_h^2, pmove=0.50
2026-06-09 02:41:18,860 - Step 03173: 4949.0112 E_h, exp. variance=1.3102 E_h^2, pmove=0.50
2026-06-09 02:41:19,209 - Step 03174: 4949.5879 E_h, exp. variance=1.2941 E_h^2, pmove=0.50
2026-06-09 02:41:19,554 - Step 03175: 4949.3613 E_h, exp. variance=1.2210 E_h^2, pmove=0.51
2026-06-09 02:41:19,903 - Step 03176: 4949.3843 E_h, exp. variance=1.1475 E_h^2, pmove=0.49
2026-06-09 02:41:20,248 - Step 03177: 4949.4600 E_h, exp. variance=1.0817 E_h^2, pmove=0.49
2026-06-09 02:41:20,595 - Step 03178: 4947.1309 E_h, exp. variance=1.2232 E_h^2, pmove=0.50
2026-06-09 02:41:20,943 - Step 03179: 4947.3906 E_h, exp. variance=1.2391 E_h^2, pmove=0.50
2026-06-09 02:41:21,290 - Step 03180: 4947.5557 E_h, exp. variance=1.1964 E_h^2, pmove=0.50
2026-06-09 02:41:21,640 - Step 03181: 4949.4014 E_h, exp. variance=1.1651 E_h^2, pmove=0.50
2026-06-09 02:41:21,987 - Step 03182: 4948.7310 E_h, exp. variance=1.0530 E_h^2, pmove=0.50
2026-06-09 02:41:22,331 - Step 03183: 4950.1895 E_h, exp. variance=1.1950 E_h^2, pmove=0.50
2026-06-09 02:41:22,678 - Step 03184: 4950.5591 E_h, exp. variance=1.3875 E_h^2, pmove=0.50
2026-06-09 02:41:23,027 - Step 03185: 4950.7314 E_h, exp. variance=1.5562 E_h^2, pmove=0.50
2026-06-09 02:41:23,376 - Step 03186: 4950.9238 E_h, exp. variance=1.7104 E_h^2, pmove=0.50
2026-06-09 02:41:23,722 - Step 03187: 4949.9180 E_h, exp. variance=1.5791 E_h^2, pmove=0.50
2026-06-09 02:41:24,075 - Step 03188: 4949.6182 E_h, exp. variance=1.4291 E_h^2, pmove=0.50
2026-06-09 02:41:24,424 - Step 03189: 4948.8042 E_h, exp. variance=1.3130 E_h^2, pmove=0.50
2026-06-09 02:41:24,771 - Step 03190: 4949.1479 E_h, exp. variance=1.1837 E_h^2, pmove=0.50
2026-06-09 02:41:25,117 - Step 03191: 4947.3896 E_h, exp. variance=1.3872 E_h^2, pmove=0.49
2026-06-09 02:41:25,461 - Step 03192: 4948.5825 E_h, exp. variance=1.2718 E_h^2, pmove=0.50
2026-06-09 02:41:25,806 - Step 03193: 4947.3711 E_h, exp. variance=1.3956 E_h^2, pmove=0.50
2026-06-09 02:41:26,151 - Step 03194: 4947.7871 E_h, exp. variance=1.3624 E_h^2, pmove=0.50
2026-06-09 02:41:26,496 - Step 03195: 4949.1855 E_h, exp. variance=1.2420 E_h^2, pmove=0.50
2026-06-09 02:41:26,842 - Step 03196: 4946.5107 E_h, exp. variance=1.5924 E_h^2, pmove=0.51
2026-06-09 02:41:27,189 - Step 03197: 4948.7041 E_h, exp. variance=1.4346 E_h^2, pmove=0.50
2026-06-09 02:41:27,538 - Step 03198: 4947.5566 E_h, exp. variance=1.3873 E_h^2, pmove=0.50
2026-06-09 02:41:27,885 - Step 03199: 4947.3306 E_h, exp. variance=1.3689 E_h^2, pmove=0.50
2026-06-09 02:41:28,232 - Step 03200: 4947.2344 E_h, exp. variance=1.3483 E_h^2, pmove=0.50
2026-06-09 02:41:28,581 - Step 03201: 4947.8887 E_h, exp. variance=1.2257 E_h^2, pmove=0.50
2026-06-09 02:41:28,927 - Step 03202: 4947.2295 E_h, exp. variance=1.1916 E_h^2, pmove=0.50
2026-06-09 02:41:29,273 - Step 03203: 4948.3423 E_h, exp. variance=1.0768 E_h^2, pmove=0.50
2026-06-09 02:41:29,620 - Step 03204: 4949.3457 E_h, exp. variance=1.0992 E_h^2, pmove=0.50
2026-06-09 02:41:29,966 - Step 03205: 4947.7163 E_h, exp. variance=1.0162 E_h^2, pmove=0.50
2026-06-09 02:41:30,310 - Step 03206: 4948.8398 E_h, exp. variance=0.9504 E_h^2, pmove=0.50
2026-06-09 02:41:30,654 - Step 03207: 4946.4746 E_h, exp. variance=1.1461 E_h^2, pmove=0.50
2026-06-09 02:41:31,011 - Step 03208: 4947.0938 E_h, exp. variance=1.1213 E_h^2, pmove=0.50
2026-06-09 02:41:31,360 - Step 03209: 4946.7578 E_h, exp. variance=1.1463 E_h^2, pmove=0.50
2026-06-09 02:41:31,711 - Step 03210: 4946.2812 E_h, exp. variance=1.2584 E_h^2, pmove=0.50
2026-06-09 02:41:32,063 - Step 03211: 4945.5508 E_h, exp. variance=1.5522 E_h^2, pmove=0.50
2026-06-09 02:41:32,410 - Step 03212: 4947.3525 E_h, exp. variance=1.3988 E_h^2, pmove=0.51
2026-06-09 02:41:32,758 - Step 03213: 4945.8965 E_h, exp. variance=1.4845 E_h^2, pmove=0.50
2026-06-09 02:41:33,104 - Step 03214: 4946.9492 E_h, exp. variance=1.3486 E_h^2, pmove=0.51
2026-06-09 02:41:33,451 - Step 03215: 4946.7646 E_h, exp. variance=1.2381 E_h^2, pmove=0.50
2026-06-09 02:41:33,798 - Step 03216: 4948.5615 E_h, exp. variance=1.2732 E_h^2, pmove=0.50
2026-06-09 02:41:34,144 - Step 03217: 4947.8628 E_h, exp. variance=1.1682 E_h^2, pmove=0.50
2026-06-09 02:41:34,492 - Step 03218: 4947.9370 E_h, exp. variance=1.0759 E_h^2, pmove=0.50
2026-06-09 02:41:34,841 - Step 03219: 4948.7207 E_h, exp. variance=1.1097 E_h^2, pmove=0.49
2026-06-09 02:41:35,190 - Step 03220: 4948.5396 E_h, exp. variance=1.0794 E_h^2, pmove=0.50
2026-06-09 02:41:35,542 - Step 03221: 4946.7227 E_h, exp. variance=1.0553 E_h^2, pmove=0.50
2026-06-09 02:41:35,889 - Step 03222: 4949.4102 E_h, exp. variance=1.2476 E_h^2, pmove=0.50
2026-06-09 02:41:36,235 - Step 03223: 4947.2466 E_h, exp. variance=1.1478 E_h^2, pmove=0.50
2026-06-09 02:41:36,581 - Step 03224: 4947.7842 E_h, exp. variance=1.0334 E_h^2, pmove=0.50
2026-06-09 02:41:36,927 - Step 03225: 4947.7979 E_h, exp. variance=0.9305 E_h^2, pmove=0.50
2026-06-09 02:41:37,275 - Step 03226: 4947.5684 E_h, exp. variance=0.8399 E_h^2, pmove=0.50
2026-06-09 02:41:37,623 - Step 03227: 4948.3965 E_h, exp. variance=0.7974 E_h^2, pmove=0.51
2026-06-09 02:41:37,973 - Step 03228: 4948.2305 E_h, exp. variance=0.7355 E_h^2, pmove=0.50
2026-06-09 02:41:38,323 - Step 03229: 4947.7695 E_h, exp. variance=0.6623 E_h^2, pmove=0.50
2026-06-09 02:41:38,674 - Step 03230: 4948.4902 E_h, exp. variance=0.6361 E_h^2, pmove=0.51
2026-06-09 02:41:39,024 - Step 03231: 4947.8867 E_h, exp. variance=0.5725 E_h^2, pmove=0.50
2026-06-09 02:41:39,371 - Step 03232: 4947.5376 E_h, exp. variance=0.5264 E_h^2, pmove=0.49
2026-06-09 02:41:39,716 - Step 03233: 4947.4492 E_h, exp. variance=0.4886 E_h^2, pmove=0.50
2026-06-09 02:41:40,063 - Step 03234: 4948.3823 E_h, exp. variance=0.4687 E_h^2, pmove=0.50
2026-06-09 02:41:40,411 - Step 03235: 4947.2725 E_h, exp. variance=0.4541 E_h^2, pmove=0.50
2026-06-09 02:41:40,761 - Step 03236: 4947.8418 E_h, exp. variance=0.4088 E_h^2, pmove=0.50
2026-06-09 02:41:41,108 - Step 03237: 4949.0728 E_h, exp. variance=0.5105 E_h^2, pmove=0.50
2026-06-09 02:41:41,456 - Step 03238: 4947.7720 E_h, exp. variance=0.4620 E_h^2, pmove=0.50
2026-06-09 02:41:41,805 - Step 03239: 4948.3242 E_h, exp. variance=0.4303 E_h^2, pmove=0.49
2026-06-09 02:41:42,153 - Step 03240: 4947.1309 E_h, exp. variance=0.4496 E_h^2, pmove=0.50
2026-06-09 02:41:42,507 - Step 03241: 4947.1450 E_h, exp. variance=0.4533 E_h^2, pmove=0.50
2026-06-09 02:41:42,854 - Step 03242: 4948.3467 E_h, exp. variance=0.4342 E_h^2, pmove=0.49
2026-06-09 02:41:43,200 - Step 03243: 4947.7358 E_h, exp. variance=0.3922 E_h^2, pmove=0.50
2026-06-09 02:41:43,546 - Step 03244: 4947.2461 E_h, exp. variance=0.3856 E_h^2, pmove=0.49
2026-06-09 02:41:43,893 - Step 03245: 4946.1523 E_h, exp. variance=0.5878 E_h^2, pmove=0.50
2026-06-09 02:41:44,239 - Step 03246: 4946.2036 E_h, exp. variance=0.7108 E_h^2, pmove=0.50
2026-06-09 02:41:44,585 - Step 03247: 4947.2363 E_h, exp. variance=0.6451 E_h^2, pmove=0.50
2026-06-09 02:41:44,933 - Step 03248: 4948.5601 E_h, exp. variance=0.6899 E_h^2, pmove=0.50
2026-06-09 02:41:45,282 - Step 03249: 4948.3135 E_h, exp. variance=0.6709 E_h^2, pmove=0.50
2026-06-09 02:41:45,633 - Step 03250: 4948.7832 E_h, exp. variance=0.7208 E_h^2, pmove=0.51
2026-06-09 02:41:45,980 - Step 03251: 4948.0195 E_h, exp. variance=0.6549 E_h^2, pmove=0.50
2026-06-09 02:41:46,327 - Step 03252: 4948.7256 E_h, exp. variance=0.6694 E_h^2, pmove=0.49
2026-06-09 02:41:46,673 - Step 03253: 4948.7534 E_h, exp. variance=0.6715 E_h^2, pmove=0.50
2026-06-09 02:41:47,021 - Step 03254: 4948.7900 E_h, exp. variance=0.6656 E_h^2, pmove=0.49
2026-06-09 02:41:47,367 - Step 03255: 4949.0601 E_h, exp. variance=0.6914 E_h^2, pmove=0.50
2026-06-09 02:41:47,715 - Step 03256: 4948.5732 E_h, exp. variance=0.6385 E_h^2, pmove=0.50
2026-06-09 02:41:48,060 - Step 03257: 4948.0259 E_h, exp. variance=0.5771 E_h^2, pmove=0.50
2026-06-09 02:41:48,409 - Step 03258: 4948.1108 E_h, exp. variance=0.5197 E_h^2, pmove=0.50
2026-06-09 02:41:48,756 - Step 03259: 4950.2495 E_h, exp. variance=0.8577 E_h^2, pmove=0.50
2026-06-09 02:41:49,103 - Step 03260: 4947.8506 E_h, exp. variance=0.7968 E_h^2, pmove=0.50
2026-06-09 02:41:49,450 - Step 03261: 4950.3398 E_h, exp. variance=1.0831 E_h^2, pmove=0.50
2026-06-09 02:41:49,798 - Step 03262: 4949.2173 E_h, exp. variance=1.0179 E_h^2, pmove=0.51
2026-06-09 02:41:50,147 - Step 03263: 4949.4727 E_h, exp. variance=0.9856 E_h^2, pmove=0.50
2026-06-09 02:41:50,496 - Step 03264: 4947.5908 E_h, exp. variance=0.9942 E_h^2, pmove=0.50
2026-06-09 02:41:50,849 - Step 03265: 4949.3252 E_h, exp. variance=0.9457 E_h^2, pmove=0.50
2026-06-09 02:41:51,201 - Step 03266: 4949.3667 E_h, exp. variance=0.8975 E_h^2, pmove=0.50
2026-06-09 02:41:51,550 - Step 03267: 4949.1255 E_h, exp. variance=0.8226 E_h^2, pmove=0.50
2026-06-09 02:41:51,895 - Step 03268: 4948.6758 E_h, exp. variance=0.7410 E_h^2, pmove=0.50
2026-06-09 02:41:52,241 - Step 03269: 4948.6270 E_h, exp. variance=0.6683 E_h^2, pmove=0.51
2026-06-09 02:41:52,587 - Step 03270: 4948.4712 E_h, exp. variance=0.6079 E_h^2, pmove=0.50
2026-06-09 02:41:52,937 - Step 03271: 4948.6919 E_h, exp. variance=0.5472 E_h^2, pmove=0.50
2026-06-09 02:41:53,284 - Step 03272: 4949.1816 E_h, exp. variance=0.5124 E_h^2, pmove=0.50
2026-06-09 02:41:53,633 - Step 03273: 4947.6011 E_h, exp. variance=0.5816 E_h^2, pmove=0.50
2026-06-09 02:41:53,980 - Step 03274: 4947.9209 E_h, exp. variance=0.5702 E_h^2, pmove=0.50
2026-06-09 02:41:54,326 - Step 03275: 4948.3789 E_h, exp. variance=0.5165 E_h^2, pmove=0.51
2026-06-09 02:41:54,674 - Step 03276: 4948.3477 E_h, exp. variance=0.4686 E_h^2, pmove=0.50
2026-06-09 02:41:55,023 - Step 03277: 4947.2417 E_h, exp. variance=0.5711 E_h^2, pmove=0.50
2026-06-09 02:41:55,370 - Step 03278: 4947.2383 E_h, exp. variance=0.6358 E_h^2, pmove=0.49
2026-06-09 02:41:55,719 - Step 03279: 4948.7100 E_h, exp. variance=0.5884 E_h^2, pmove=0.49
2026-06-09 02:41:56,067 - Step 03280: 4947.1582 E_h, exp. variance=0.6527 E_h^2, pmove=0.50
2026-06-09 02:41:56,415 - Step 03281: 4948.3784 E_h, exp. variance=0.5899 E_h^2, pmove=0.50
2026-06-09 02:41:56,761 - Step 03282: 4946.5264 E_h, exp. variance=0.7914 E_h^2, pmove=0.50
2026-06-09 02:41:57,107 - Step 03283: 4947.0166 E_h, exp. variance=0.8098 E_h^2, pmove=0.50
2026-06-09 02:41:57,452 - Step 03284: 4947.2559 E_h, exp. variance=0.7726 E_h^2, pmove=0.50
2026-06-09 02:41:57,797 - Step 03285: 4948.4048 E_h, exp. variance=0.7198 E_h^2, pmove=0.50
2026-06-09 02:41:58,144 - Step 03286: 4948.4561 E_h, exp. variance=0.6722 E_h^2, pmove=0.50
2026-06-09 02:41:58,492 - Step 03287: 4948.8740 E_h, exp. variance=0.6756 E_h^2, pmove=0.50
2026-06-09 02:41:58,838 - Step 03288: 4947.7368 E_h, exp. variance=0.6184 E_h^2, pmove=0.50
2026-06-09 02:41:59,184 - Step 03289: 4946.8164 E_h, exp. variance=0.6918 E_h^2, pmove=0.49
2026-06-09 02:41:59,533 - Step 03290: 4947.0386 E_h, exp. variance=0.6926 E_h^2, pmove=0.50
2026-06-09 02:41:59,883 - Step 03291: 4947.4463 E_h, exp. variance=0.6367 E_h^2, pmove=0.49
2026-06-09 02:42:00,229 - Step 03292: 4948.1230 E_h, exp. variance=0.5828 E_h^2, pmove=0.51
2026-06-09 02:42:00,577 - Step 03293: 4947.4976 E_h, exp. variance=0.5342 E_h^2, pmove=0.49
2026-06-09 02:42:00,927 - Step 03294: 4948.0435 E_h, exp. variance=0.4864 E_h^2, pmove=0.50
2026-06-09 02:42:01,275 - Step 03295: 4947.8262 E_h, exp. variance=0.4378 E_h^2, pmove=0.49
2026-06-09 02:42:01,624 - Step 03296: 4948.0884 E_h, exp. variance=0.4005 E_h^2, pmove=0.51
2026-06-09 02:42:01,969 - Step 03297: 4947.1943 E_h, exp. variance=0.3987 E_h^2, pmove=0.50
2026-06-09 02:42:02,314 - Step 03298: 4948.1665 E_h, exp. variance=0.3722 E_h^2, pmove=0.50
2026-06-09 02:42:02,660 - Step 03299: 4947.5415 E_h, exp. variance=0.3420 E_h^2, pmove=0.50
2026-06-09 02:42:03,007 - Step 03300: 4948.4473 E_h, exp. variance=0.3464 E_h^2, pmove=0.50
2026-06-09 02:42:03,351 - Step 03301: 4948.9375 E_h, exp. variance=0.4168 E_h^2, pmove=0.49
2026-06-09 02:42:03,697 - Step 03302: 4949.7759 E_h, exp. variance=0.6701 E_h^2, pmove=0.50
2026-06-09 02:42:04,044 - Step 03303: 4949.4136 E_h, exp. variance=0.7476 E_h^2, pmove=0.50
2026-06-09 02:42:04,390 - Step 03304: 4948.4868 E_h, exp. variance=0.6769 E_h^2, pmove=0.50
2026-06-09 02:42:04,738 - Step 03305: 4949.6372 E_h, exp. variance=0.7714 E_h^2, pmove=0.50
2026-06-09 02:42:05,086 - Step 03306: 4947.9263 E_h, exp. variance=0.7170 E_h^2, pmove=0.50
2026-06-09 02:42:05,434 - Step 03307: 4950.3867 E_h, exp. variance=1.0081 E_h^2, pmove=0.50
2026-06-09 02:42:05,781 - Step 03308: 4948.1519 E_h, exp. variance=0.9238 E_h^2, pmove=0.50
2026-06-09 02:42:06,131 - Step 03309: 4947.9219 E_h, exp. variance=0.8654 E_h^2, pmove=0.50
2026-06-09 02:42:06,479 - Step 03310: 4947.4746 E_h, exp. variance=0.8690 E_h^2, pmove=0.50
2026-06-09 02:42:06,830 - Step 03311: 4949.2144 E_h, exp. variance=0.8455 E_h^2, pmove=0.50
2026-06-09 02:42:07,177 - Step 03312: 4948.9331 E_h, exp. variance=0.7812 E_h^2, pmove=0.51
2026-06-09 02:42:07,525 - Step 03313: 4949.5566 E_h, exp. variance=0.8023 E_h^2, pmove=0.50
2026-06-09 02:42:07,871 - Step 03314: 4950.3184 E_h, exp. variance=0.9843 E_h^2, pmove=0.50
2026-06-09 02:42:08,219 - Step 03315: 4950.2891 E_h, exp. variance=1.0903 E_h^2, pmove=0.50
2026-06-09 02:42:08,564 - Step 03316: 4949.3379 E_h, exp. variance=0.9960 E_h^2, pmove=0.50
2026-06-09 02:42:08,911 - Step 03317: 4950.1641 E_h, exp. variance=1.0239 E_h^2, pmove=0.51
2026-06-09 02:42:09,258 - Step 03318: 4948.4312 E_h, exp. variance=0.9609 E_h^2, pmove=0.50
2026-06-09 02:42:09,620 - Step 03319: 4950.0693 E_h, exp. variance=0.9627 E_h^2, pmove=0.50
2026-06-09 02:42:09,970 - Step 03320: 4947.4727 E_h, exp. variance=1.1139 E_h^2, pmove=0.50
2026-06-09 02:42:10,322 - Step 03321: 4949.2534 E_h, exp. variance=1.0100 E_h^2, pmove=0.50
2026-06-09 02:42:10,668 - Step 03322: 4950.0283 E_h, exp. variance=1.0054 E_h^2, pmove=0.49
2026-06-09 02:42:11,016 - Step 03323: 4948.8999 E_h, exp. variance=0.9083 E_h^2, pmove=0.50
2026-06-09 02:42:11,363 - Step 03324: 4948.9102 E_h, exp. variance=0.8200 E_h^2, pmove=0.49
2026-06-09 02:42:11,712 - Step 03325: 4947.7622 E_h, exp. variance=0.8899 E_h^2, pmove=0.49
2026-06-09 02:42:12,061 - Step 03326: 4948.7944 E_h, exp. variance=0.8026 E_h^2, pmove=0.50
2026-06-09 02:42:12,408 - Step 03327: 4945.6162 E_h, exp. variance=1.7032 E_h^2, pmove=0.50
2026-06-09 02:42:12,756 - Step 03328: 4947.2764 E_h, exp. variance=1.6875 E_h^2, pmove=0.51
2026-06-09 02:42:13,102 - Step 03329: 4946.1050 E_h, exp. variance=2.0163 E_h^2, pmove=0.50
2026-06-09 02:42:13,448 - Step 03330: 4948.8950 E_h, exp. variance=1.8556 E_h^2, pmove=0.50
2026-06-09 02:42:13,797 - Step 03331: 4948.0869 E_h, exp. variance=1.6736 E_h^2, pmove=0.50
2026-06-09 02:42:14,143 - Step 03332: 4948.6572 E_h, exp. variance=1.5199 E_h^2, pmove=0.51
2026-06-09 02:42:14,491 - Step 03333: 4947.0049 E_h, exp. variance=1.5205 E_h^2, pmove=0.50
2026-06-09 02:42:14,839 - Step 03334: 4947.5889 E_h, exp. variance=1.3996 E_h^2, pmove=0.50
2026-06-09 02:42:15,186 - Step 03335: 4946.4321 E_h, exp. variance=1.5155 E_h^2, pmove=0.50
2026-06-09 02:42:15,531 - Step 03336: 4947.6821 E_h, exp. variance=1.3704 E_h^2, pmove=0.50
2026-06-09 02:42:15,877 - Step 03337: 4946.2754 E_h, exp. variance=1.4776 E_h^2, pmove=0.51
2026-06-09 02:42:16,223 - Step 03338: 4947.4624 E_h, exp. variance=1.3377 E_h^2, pmove=0.50
2026-06-09 02:42:16,570 - Step 03339: 4949.1797 E_h, exp. variance=1.3935 E_h^2, pmove=0.50
2026-06-09 02:42:16,926 - Step 03340: 4949.2876 E_h, exp. variance=1.4341 E_h^2, pmove=0.50
2026-06-09 02:42:17,274 - Step 03341: 4948.3911 E_h, exp. variance=1.3034 E_h^2, pmove=0.50
2026-06-09 02:42:17,628 - Step 03342: 4949.0156 E_h, exp. variance=1.2565 E_h^2, pmove=0.50
2026-06-09 02:42:17,973 - Step 03343: 4946.8115 E_h, exp. variance=1.2918 E_h^2, pmove=0.50
2026-06-09 02:42:18,318 - Step 03344: 4948.8359 E_h, exp. variance=1.2233 E_h^2, pmove=0.50
2026-06-09 02:42:18,662 - Step 03345: 4947.1846 E_h, exp. variance=1.1759 E_h^2, pmove=0.50
2026-06-09 02:42:19,006 - Step 03346: 4948.0254 E_h, exp. variance=1.0584 E_h^2, pmove=0.50
2026-06-09 02:42:19,353 - Step 03347: 4947.9067 E_h, exp. variance=0.9534 E_h^2, pmove=0.49
2026-06-09 02:42:19,698 - Step 03348: 4948.0264 E_h, exp. variance=0.8582 E_h^2, pmove=0.50
2026-06-09 02:42:20,049 - Step 03349: 4948.0078 E_h, exp. variance=0.7724 E_h^2, pmove=0.50
2026-06-09 02:42:20,395 - Step 03350: 4948.1436 E_h, exp. variance=0.6970 E_h^2, pmove=0.49
2026-06-09 02:42:20,747 - Step 03351: 4948.3281 E_h, exp. variance=0.6361 E_h^2, pmove=0.50
2026-06-09 02:42:21,096 - Step 03352: 4947.2852 E_h, exp. variance=0.6246 E_h^2, pmove=0.50
2026-06-09 02:42:21,441 - Step 03353: 4948.7021 E_h, exp. variance=0.6104 E_h^2, pmove=0.49
2026-06-09 02:42:21,788 - Step 03354: 4946.4873 E_h, exp. variance=0.7673 E_h^2, pmove=0.49
2026-06-09 02:42:22,132 - Step 03355: 4947.9785 E_h, exp. variance=0.6913 E_h^2, pmove=0.51
2026-06-09 02:42:22,479 - Step 03356: 4945.5054 E_h, exp. variance=1.1369 E_h^2, pmove=0.50
2026-06-09 02:42:22,824 - Step 03357: 4948.4023 E_h, exp. variance=1.0732 E_h^2, pmove=0.50
2026-06-09 02:42:23,172 - Step 03358: 4947.5908 E_h, exp. variance=0.9676 E_h^2, pmove=0.50
2026-06-09 02:42:23,519 - Step 03359: 4947.6265 E_h, exp. variance=0.8716 E_h^2, pmove=0.50
2026-06-09 02:42:23,866 - Step 03360: 4948.2837 E_h, exp. variance=0.8142 E_h^2, pmove=0.50
2026-06-09 02:42:24,212 - Step 03361: 4948.7510 E_h, exp. variance=0.8200 E_h^2, pmove=0.50
2026-06-09 02:42:24,557 - Step 03362: 4948.3110 E_h, exp. variance=0.7559 E_h^2, pmove=0.50
2026-06-09 02:42:24,904 - Step 03363: 4947.8096 E_h, exp. variance=0.6812 E_h^2, pmove=0.50
2026-06-09 02:42:25,251 - Step 03364: 4947.0791 E_h, exp. variance=0.6736 E_h^2, pmove=0.50
2026-06-09 02:42:25,598 - Step 03365: 4946.2842 E_h, exp. variance=0.8178 E_h^2, pmove=0.50
2026-06-09 02:42:25,942 - Step 03366: 4946.8779 E_h, exp. variance=0.7917 E_h^2, pmove=0.50
2026-06-09 02:42:26,288 - Step 03367: 4947.8740 E_h, exp. variance=0.7200 E_h^2, pmove=0.49
2026-06-09 02:42:26,632 - Step 03368: 4946.1450 E_h, exp. variance=0.8423 E_h^2, pmove=0.50
2026-06-09 02:42:26,978 - Step 03369: 4947.1270 E_h, exp. variance=0.7685 E_h^2, pmove=0.50
2026-06-09 02:42:27,324 - Step 03370: 4948.2163 E_h, exp. variance=0.7468 E_h^2, pmove=0.50
2026-06-09 02:42:27,671 - Step 03371: 4947.8691 E_h, exp. variance=0.6837 E_h^2, pmove=0.50
2026-06-09 02:42:28,019 - Step 03372: 4947.7241 E_h, exp. variance=0.6181 E_h^2, pmove=0.50
2026-06-09 02:42:28,370 - Step 03373: 4948.5557 E_h, exp. variance=0.6447 E_h^2, pmove=0.50
2026-06-09 02:42:28,717 - Step 03374: 4946.7544 E_h, exp. variance=0.6547 E_h^2, pmove=0.50
2026-06-09 02:42:29,064 - Step 03375: 4947.7256 E_h, exp. variance=0.5913 E_h^2, pmove=0.50
2026-06-09 02:42:29,410 - Step 03376: 4946.3389 E_h, exp. variance=0.6726 E_h^2, pmove=0.51
2026-06-09 02:42:29,758 - Step 03377: 4949.3799 E_h, exp. variance=0.9361 E_h^2, pmove=0.50
2026-06-09 02:42:30,108 - Step 03378: 4947.0820 E_h, exp. variance=0.8720 E_h^2, pmove=0.50
2026-06-09 02:42:30,459 - Step 03379: 4948.4810 E_h, exp. variance=0.8550 E_h^2, pmove=0.50
2026-06-09 02:42:30,808 - Step 03380: 4947.5913 E_h, exp. variance=0.7703 E_h^2, pmove=0.51
2026-06-09 02:42:31,155 - Step 03381: 4945.7534 E_h, exp. variance=1.0262 E_h^2, pmove=0.49
2026-06-09 02:42:31,500 - Step 03382: 4956.7949 E_h, exp. variance=8.7254 E_h^2, pmove=0.50
2026-06-09 02:42:31,847 - Step 03383: 4949.5044 E_h, exp. variance=7.9595 E_h^2, pmove=0.49
2026-06-09 02:42:32,193 - Step 03384: 4948.7871 E_h, exp. variance=7.1698 E_h^2, pmove=0.50
2026-06-09 02:42:32,539 - Step 03385: 4951.2090 E_h, exp. variance=7.0887 E_h^2, pmove=0.50
2026-06-09 02:42:32,882 - Step 03386: 4949.1860 E_h, exp. variance=6.3922 E_h^2, pmove=0.50
2026-06-09 02:42:33,228 - Step 03387: 4952.5459 E_h, exp. variance=6.9800 E_h^2, pmove=0.49
2026-06-09 02:42:33,572 - Step 03388: 4948.9819 E_h, exp. variance=6.2872 E_h^2, pmove=0.51
2026-06-09 02:42:33,918 - Step 03389: 4948.1807 E_h, exp. variance=5.7518 E_h^2, pmove=0.50
2026-06-09 02:42:34,263 - Step 03390: 4947.3203 E_h, exp. variance=5.4606 E_h^2, pmove=0.50
2026-06-09 02:42:34,610 - Step 03391: 4947.9658 E_h, exp. variance=4.9963 E_h^2, pmove=0.51
2026-06-09 02:42:34,955 - Step 03392: 4946.5010 E_h, exp. variance=4.9822 E_h^2, pmove=0.49
2026-06-09 02:42:35,305 - Step 03393: 4948.6143 E_h, exp. variance=4.4840 E_h^2, pmove=0.50
2026-06-09 02:42:35,656 - Step 03394: 4947.3525 E_h, exp. variance=4.1743 E_h^2, pmove=0.50
2026-06-09 02:42:36,005 - Step 03395: 4949.0820 E_h, exp. variance=3.7906 E_h^2, pmove=0.50
2026-06-09 02:42:36,351 - Step 03396: 4949.3340 E_h, exp. variance=3.4696 E_h^2, pmove=0.50
2026-06-09 02:42:36,697 - Step 03397: 4948.6377 E_h, exp. variance=3.1227 E_h^2, pmove=0.50
2026-06-09 02:42:37,045 - Step 03398: 4947.6709 E_h, exp. variance=2.8905 E_h^2, pmove=0.50
2026-06-09 02:42:37,420 - Step 03399: 4948.0078 E_h, exp. variance=2.6250 E_h^2, pmove=0.50
2026-06-09 02:42:37,767 - Step 03400: 4949.8394 E_h, exp. variance=2.5317 E_h^2, pmove=0.51
2026-06-09 02:42:38,115 - Step 03401: 4951.3315 E_h, exp. variance=2.9473 E_h^2, pmove=0.50
2026-06-09 02:42:38,461 - Step 03402: 4951.0215 E_h, exp. variance=3.0661 E_h^2, pmove=0.49
2026-06-09 02:42:38,808 - Step 03403: 4954.5488 E_h, exp. variance=5.4392 E_h^2, pmove=0.50
2026-06-09 02:42:39,155 - Step 03404: 4951.7725 E_h, exp. variance=5.3054 E_h^2, pmove=0.50
2026-06-09 02:42:39,505 - Step 03405: 4949.9053 E_h, exp. variance=4.7751 E_h^2, pmove=0.50
2026-06-09 02:42:39,854 - Step 03406: 4946.9194 E_h, exp. variance=5.0740 E_h^2, pmove=0.50
2026-06-09 02:42:40,203 - Step 03407: 4947.3018 E_h, exp. variance=5.0265 E_h^2, pmove=0.50
2026-06-09 02:42:40,554 - Step 03408: 4947.5786 E_h, exp. variance=4.8020 E_h^2, pmove=0.50
2026-06-09 02:42:40,904 - Step 03409: 4946.4004 E_h, exp. variance=5.0075 E_h^2, pmove=0.50
2026-06-09 02:42:41,255 - Step 03410: 4946.6084 E_h, exp. variance=4.9731 E_h^2, pmove=0.50
2026-06-09 02:42:41,603 - Step 03411: 4947.0664 E_h, exp. variance=4.7036 E_h^2, pmove=0.50
2026-06-09 02:42:41,948 - Step 03412: 4948.6348 E_h, exp. variance=4.2349 E_h^2, pmove=0.51
2026-06-09 02:42:42,296 - Step 03413: 4946.7314 E_h, exp. variance=4.0966 E_h^2, pmove=0.50
2026-06-09 02:42:42,643 - Step 03414: 4947.3789 E_h, exp. variance=3.7690 E_h^2, pmove=0.51
2026-06-09 02:42:42,991 - Step 03415: 4947.5889 E_h, exp. variance=3.4300 E_h^2, pmove=0.50
2026-06-09 02:42:43,337 - Step 03416: 4947.8228 E_h, exp. variance=3.0981 E_h^2, pmove=0.50
2026-06-09 02:42:43,685 - Step 03417: 4947.8145 E_h, exp. variance=2.7977 E_h^2, pmove=0.50
2026-06-09 02:42:44,035 - Step 03418: 4949.1240 E_h, exp. variance=2.6112 E_h^2, pmove=0.50
2026-06-09 02:42:44,384 - Step 03419: 4947.3164 E_h, exp. variance=2.4217 E_h^2, pmove=0.50
2026-06-09 02:42:44,732 - Step 03420: 4948.5098 E_h, exp. variance=2.1933 E_h^2, pmove=0.50
2026-06-09 02:42:45,079 - Step 03421: 4948.2061 E_h, exp. variance=1.9741 E_h^2, pmove=0.50
2026-06-09 02:42:45,427 - Step 03422: 4948.4727 E_h, exp. variance=1.7854 E_h^2, pmove=0.50
2026-06-09 02:42:45,774 - Step 03423: 4948.1567 E_h, exp. variance=1.6070 E_h^2, pmove=0.50
2026-06-09 02:42:46,120 - Step 03424: 4948.2021 E_h, exp. variance=1.4463 E_h^2, pmove=0.50
2026-06-09 02:42:46,466 - Step 03425: 4947.6118 E_h, exp. variance=1.3318 E_h^2, pmove=0.50
2026-06-09 02:42:46,813 - Step 03426: 4947.5923 E_h, exp. variance=1.2249 E_h^2, pmove=0.50
2026-06-09 02:42:47,161 - Step 03427: 4948.2695 E_h, exp. variance=1.1057 E_h^2, pmove=0.50
2026-06-09 02:42:47,511 - Step 03428: 4948.2939 E_h, exp. variance=0.9986 E_h^2, pmove=0.50
2026-06-09 02:42:47,858 - Step 03429: 4948.4336 E_h, exp. variance=0.9078 E_h^2, pmove=0.50
2026-06-09 02:42:48,206 - Step 03430: 4947.9473 E_h, exp. variance=0.8207 E_h^2, pmove=0.50
2026-06-09 02:42:48,555 - Step 03431: 4947.0708 E_h, exp. variance=0.8394 E_h^2, pmove=0.49
2026-06-09 02:42:48,903 - Step 03432: 4948.3511 E_h, exp. variance=0.7651 E_h^2, pmove=0.50
2026-06-09 02:42:49,252 - Step 03433: 4947.3101 E_h, exp. variance=0.7386 E_h^2, pmove=0.50
2026-06-09 02:42:49,604 - Step 03434: 4948.0293 E_h, exp. variance=0.6650 E_h^2, pmove=0.50
2026-06-09 02:42:49,952 - Step 03435: 4947.6045 E_h, exp. variance=0.6116 E_h^2, pmove=0.50
2026-06-09 02:42:50,301 - Step 03436: 4948.6602 E_h, exp. variance=0.5961 E_h^2, pmove=0.50
2026-06-09 02:42:50,653 - Step 03437: 4948.8252 E_h, exp. variance=0.5950 E_h^2, pmove=0.50
2026-06-09 02:42:51,001 - Step 03438: 4949.4434 E_h, exp. variance=0.6980 E_h^2, pmove=0.50
2026-06-09 02:42:51,360 - Step 03439: 4949.0972 E_h, exp. variance=0.6953 E_h^2, pmove=0.50
2026-06-09 02:42:51,708 - Step 03440: 4948.6914 E_h, exp. variance=0.6381 E_h^2, pmove=0.50
2026-06-09 02:42:52,052 - Step 03441: 4948.0752 E_h, exp. variance=0.5815 E_h^2, pmove=0.50
2026-06-09 02:42:52,398 - Step 03442: 4949.3711 E_h, exp. variance=0.6211 E_h^2, pmove=0.49
2026-06-09 02:42:52,741 - Step 03443: 4946.5186 E_h, exp. variance=0.8888 E_h^2, pmove=0.50
2026-06-09 02:42:53,091 - Step 03444: 4950.0010 E_h, exp. variance=1.0785 E_h^2, pmove=0.50
2026-06-09 02:42:53,439 - Step 03445: 4948.5059 E_h, exp. variance=0.9714 E_h^2, pmove=0.49
2026-06-09 02:42:53,784 - Step 03446: 4949.7617 E_h, exp. variance=1.0347 E_h^2, pmove=0.49
2026-06-09 02:42:54,133 - Step 03447: 4948.7754 E_h, exp. variance=0.9355 E_h^2, pmove=0.50
2026-06-09 02:42:54,477 - Step 03448: 4948.7168 E_h, exp. variance=0.8436 E_h^2, pmove=0.50
2026-06-09 02:42:55,567 - Step 03449: 4948.7695 E_h, exp. variance=0.7620 E_h^2, pmove=0.50
2026-06-09 02:42:55,912 - Step 03450: 4947.6309 E_h, exp. variance=0.7725 E_h^2, pmove=0.50
2026-06-09 02:42:56,259 - Step 03451: 4949.6953 E_h, exp. variance=0.8208 E_h^2, pmove=0.50
2026-06-09 02:42:56,607 - Step 03452: 4947.9072 E_h, exp. variance=0.7860 E_h^2, pmove=0.50
2026-06-09 02:42:56,951 - Step 03453: 4948.6270 E_h, exp. variance=0.7078 E_h^2, pmove=0.50
2026-06-09 02:42:57,300 - Step 03454: 4946.8359 E_h, exp. variance=0.9065 E_h^2, pmove=0.50
2026-06-09 02:42:57,650 - Step 03455: 4948.2524 E_h, exp. variance=0.8177 E_h^2, pmove=0.50
2026-06-09 02:42:57,999 - Step 03456: 4945.6680 E_h, exp. variance=1.3976 E_h^2, pmove=0.50
2026-06-09 02:42:58,345 - Step 03457: 4947.7427 E_h, exp. variance=1.2699 E_h^2, pmove=0.49
2026-06-09 02:42:58,690 - Step 03458: 4947.4932 E_h, exp. variance=1.1730 E_h^2, pmove=0.50
2026-06-09 02:42:59,037 - Step 03459: 4948.5703 E_h, exp. variance=1.0836 E_h^2, pmove=0.50
2026-06-09 02:42:59,386 - Step 03460: 4947.5967 E_h, exp. variance=0.9953 E_h^2, pmove=0.50
2026-06-09 02:42:59,736 - Step 03461: 4948.2969 E_h, exp. variance=0.9026 E_h^2, pmove=0.49
2026-06-09 02:43:00,085 - Step 03462: 4947.0107 E_h, exp. variance=0.9094 E_h^2, pmove=0.51
2026-06-09 02:43:00,436 - Step 03463: 4947.9199 E_h, exp. variance=0.8185 E_h^2, pmove=0.50
2026-06-09 02:43:00,783 - Step 03464: 4947.7280 E_h, exp. variance=0.7408 E_h^2, pmove=0.50
2026-06-09 02:43:01,131 - Step 03465: 4947.7715 E_h, exp. variance=0.6688 E_h^2, pmove=0.50
2026-06-09 02:43:01,478 - Step 03466: 4947.4111 E_h, exp. variance=0.6240 E_h^2, pmove=0.50
2026-06-09 02:43:01,826 - Step 03467: 4948.5776 E_h, exp. variance=0.6083 E_h^2, pmove=0.50
2026-06-09 02:43:02,174 - Step 03468: 4949.0303 E_h, exp. variance=0.6566 E_h^2, pmove=0.50
2026-06-09 02:43:02,523 - Step 03469: 4947.3408 E_h, exp. variance=0.6348 E_h^2, pmove=0.49
2026-06-09 02:43:02,871 - Step 03470: 4948.5889 E_h, exp. variance=0.6059 E_h^2, pmove=0.50
2026-06-09 02:43:03,219 - Step 03471: 4946.8540 E_h, exp. variance=0.6700 E_h^2, pmove=0.50
2026-06-09 02:43:03,570 - Step 03472: 4946.9458 E_h, exp. variance=0.6873 E_h^2, pmove=0.51
2026-06-09 02:43:03,921 - Step 03473: 4947.4453 E_h, exp. variance=0.6310 E_h^2, pmove=0.49
2026-06-09 02:43:04,266 - Step 03474: 4948.4893 E_h, exp. variance=0.6132 E_h^2, pmove=0.50
2026-06-09 02:43:04,615 - Step 03475: 4946.6646 E_h, exp. variance=0.6785 E_h^2, pmove=0.50
2026-06-09 02:43:04,962 - Step 03476: 4947.0264 E_h, exp. variance=0.6554 E_h^2, pmove=0.50
2026-06-09 02:43:05,310 - Step 03477: 4947.1748 E_h, exp. variance=0.6112 E_h^2, pmove=0.50
2026-06-09 02:43:05,656 - Step 03478: 4947.9658 E_h, exp. variance=0.5613 E_h^2, pmove=0.50
2026-06-09 02:43:06,002 - Step 03479: 4946.7754 E_h, exp. variance=0.5736 E_h^2, pmove=0.51
2026-06-09 02:43:06,351 - Step 03480: 4948.0811 E_h, exp. variance=0.5407 E_h^2, pmove=0.50
2026-06-09 02:43:06,697 - Step 03481: 4948.4619 E_h, exp. variance=0.5516 E_h^2, pmove=0.50
2026-06-09 02:43:07,047 - Step 03482: 4946.6045 E_h, exp. variance=0.6039 E_h^2, pmove=0.51
2026-06-09 02:43:07,396 - Step 03483: 4947.2568 E_h, exp. variance=0.5534 E_h^2, pmove=0.49
2026-06-09 02:43:07,743 - Step 03484: 4947.0869 E_h, exp. variance=0.5177 E_h^2, pmove=0.50
2026-06-09 02:43:08,090 - Step 03485: 4948.0244 E_h, exp. variance=0.4900 E_h^2, pmove=0.50
2026-06-09 02:43:08,439 - Step 03486: 4953.4150 E_h, exp. variance=3.5268 E_h^2, pmove=0.50
2026-06-09 02:43:08,786 - Step 03487: 4951.6543 E_h, exp. variance=4.2824 E_h^2, pmove=0.50
2026-06-09 02:43:09,133 - Step 03488: 4987.0586 E_h, exp. variance=137.6902 E_h^2, pmove=0.50
2026-06-09 02:43:09,480 - Step 03489: 5243.9160 E_h, exp. variance=7774.7544 E_h^2, pmove=0.50
2026-06-09 02:43:09,827 - Step 03490: 4969.6260 E_h, exp. variance=7009.9868 E_h^2, pmove=0.50
2026-06-09 02:43:10,176 - Step 03491: 4916.9907 E_h, exp. variance=6669.9453 E_h^2, pmove=0.50
2026-06-09 02:43:10,525 - Step 03492: 4948.2988 E_h, exp. variance=6062.3413 E_h^2, pmove=0.50
2026-06-09 02:43:10,873 - Step 03493: 4947.6289 E_h, exp. variance=5507.0420 E_h^2, pmove=0.50
2026-06-09 02:43:11,221 - Step 03494: 4947.3516 E_h, exp. variance=4998.6709 E_h^2, pmove=0.50
2026-06-09 02:43:11,570 - Step 03495: 4948.0640 E_h, exp. variance=4530.6357 E_h^2, pmove=0.50
2026-06-09 02:43:11,918 - Step 03496: 4947.0176 E_h, exp. variance=4106.6421 E_h^2, pmove=0.50
2026-06-09 02:43:12,264 - Step 03497: 4949.4951 E_h, exp. variance=3712.8633 E_h^2, pmove=0.50
2026-06-09 02:43:12,609 - Step 03498: 4948.5225 E_h, exp. variance=3357.4976 E_h^2, pmove=0.49
2026-06-09 02:43:12,957 - Step 03499: 4950.0415 E_h, exp. variance=3031.5781 E_h^2, pmove=0.50
2026-06-09 02:43:13,305 - Step 03500: 4949.3452 E_h, exp. variance=2737.6057 E_h^2, pmove=0.50
2026-06-09 02:43:13,653 - Step 03501: 4948.8438 E_h, exp. variance=2472.1287 E_h^2, pmove=0.51
2026-06-09 02:43:14,001 - Step 03502: 4948.7910 E_h, exp. variance=2231.7075 E_h^2, pmove=0.50
2026-06-09 02:43:14,349 - Step 03503: 4949.5781 E_h, exp. variance=2012.9862 E_h^2, pmove=0.50
2026-06-09 02:43:14,696 - Step 03504: 4949.6855 E_h, exp. variance=1815.1703 E_h^2, pmove=0.50
2026-06-09 02:43:15,042 - Step 03505: 4947.4854 E_h, exp. variance=1639.1272 E_h^2, pmove=0.50
2026-06-09 02:43:15,390 - Step 03506: 4947.2383 E_h, exp. variance=1479.9662 E_h^2, pmove=0.50
2026-06-09 02:43:15,737 - Step 03507: 4946.7651 E_h, exp. variance=1336.3956 E_h^2, pmove=0.50
2026-06-09 02:43:16,084 - Step 03508: 4947.5264 E_h, exp. variance=1205.5286 E_h^2, pmove=0.50
2026-06-09 02:43:16,437 - Step 03509: 4949.2842 E_h, exp. variance=1085.9188 E_h^2, pmove=0.50
2026-06-09 02:43:16,789 - Step 03510: 4947.6680 E_h, exp. variance=979.1736 E_h^2, pmove=0.50
2026-06-09 02:43:17,140 - Step 03511: 4947.7861 E_h, exp. variance=882.6664 E_h^2, pmove=0.50
2026-06-09 02:43:17,489 - Step 03512: 4948.9727 E_h, exp. variance=794.9078 E_h^2, pmove=0.50
2026-06-09 02:43:17,838 - Step 03513: 4949.0195 E_h, exp. variance=715.8107 E_h^2, pmove=0.50
2026-06-09 02:43:18,186 - Step 03514: 4949.2559 E_h, exp. variance=644.4734 E_h^2, pmove=0.50
2026-06-09 02:43:18,533 - Step 03515: 4948.2759 E_h, exp. variance=580.5714 E_h^2, pmove=0.50
2026-06-09 02:43:18,879 - Step 03516: 4948.7520 E_h, exp. variance=522.7864 E_h^2, pmove=0.50
2026-06-09 02:43:19,234 - Step 03517: 4947.4805 E_h, exp. variance=471.2321 E_h^2, pmove=0.50
2026-06-09 02:43:19,583 - Step 03518: 4948.8535 E_h, exp. variance=424.2343 E_h^2, pmove=0.50
2026-06-09 02:43:19,932 - Step 03519: 4948.1245 E_h, exp. variance=382.0995 E_h^2, pmove=0.50
2026-06-09 02:43:20,280 - Step 03520: 4947.8872 E_h, exp. variance=344.1973 E_h^2, pmove=0.50
2026-06-09 02:43:20,631 - Step 03521: 4947.3901 E_h, exp. variance=310.1979 E_h^2, pmove=0.50
2026-06-09 02:43:20,980 - Step 03522: 4946.7212 E_h, exp. variance=279.7930 E_h^2, pmove=0.50
2026-06-09 02:43:21,327 - Step 03523: 4947.8867 E_h, exp. variance=251.9405 E_h^2, pmove=0.50
2026-06-09 02:43:21,675 - Step 03524: 4946.4805 E_h, exp. variance=227.2975 E_h^2, pmove=0.50
2026-06-09 02:43:22,024 - Step 03525: 4947.4785 E_h, exp. variance=204.7037 E_h^2, pmove=0.49
2026-06-09 02:43:22,372 - Step 03526: 4947.2319 E_h, exp. variance=184.3980 E_h^2, pmove=0.50
2026-06-09 02:43:22,718 - Step 03527: 4948.2534 E_h, exp. variance=165.9616 E_h^2, pmove=0.51
2026-06-09 02:43:23,064 - Step 03528: 4948.5146 E_h, exp. variance=149.3661 E_h^2, pmove=0.50
2026-06-09 02:43:23,411 - Step 03529: 4947.4766 E_h, exp. variance=134.5127 E_h^2, pmove=0.50
2026-06-09 02:43:23,758 - Step 03530: 4948.2183 E_h, exp. variance=121.0628 E_h^2, pmove=0.50
2026-06-09 02:43:24,104 - Step 03531: 4946.1211 E_h, exp. variance=109.3955 E_h^2, pmove=0.50
2026-06-09 02:43:24,452 - Step 03532: 4947.0767 E_h, exp. variance=98.5518 E_h^2, pmove=0.50
2026-06-09 02:43:24,800 - Step 03533: 4947.4619 E_h, exp. variance=88.7233 E_h^2, pmove=0.50
2026-06-09 02:43:25,149 - Step 03534: 4946.8882 E_h, exp. variance=79.9527 E_h^2, pmove=0.50
2026-06-09 02:43:25,497 - Step 03535: 4947.5552 E_h, exp. variance=71.9650 E_h^2, pmove=0.50
2026-06-09 02:43:25,846 - Step 03536: 4948.2510 E_h, exp. variance=64.7855 E_h^2, pmove=0.50
2026-06-09 02:43:26,195 - Step 03537: 4948.9399 E_h, exp. variance=58.4120 E_h^2, pmove=0.50
2026-06-09 02:43:26,540 - Step 03538: 4947.3506 E_h, exp. variance=52.6050 E_h^2, pmove=0.50
2026-06-09 02:43:26,885 - Step 03539: 4948.8252 E_h, exp. variance=47.4205 E_h^2, pmove=0.50
2026-06-09 02:43:27,231 - Step 03540: 4947.7207 E_h, exp. variance=42.6854 E_h^2, pmove=0.50
2026-06-09 02:43:27,578 - Step 03541: 4948.1704 E_h, exp. variance=38.4205 E_h^2, pmove=0.50
2026-06-09 02:43:27,927 - Step 03542: 4947.1069 E_h, exp. variance=34.6486 E_h^2, pmove=0.50
2026-06-09 02:43:28,275 - Step 03543: 4946.9248 E_h, exp. variance=31.2697 E_h^2, pmove=0.50
2026-06-09 02:43:28,630 - Step 03544: 4947.7007 E_h, exp. variance=28.1437 E_h^2, pmove=0.50
2026-06-09 02:43:28,981 - Step 03545: 4948.6128 E_h, exp. variance=25.3897 E_h^2, pmove=0.50
2026-06-09 02:43:29,329 - Step 03546: 4949.5176 E_h, exp. variance=23.0932 E_h^2, pmove=0.50
2026-06-09 02:43:29,681 - Step 03547: 4948.1250 E_h, exp. variance=20.7846 E_h^2, pmove=0.50
2026-06-09 02:43:30,035 - Step 03548: 4947.2998 E_h, exp. variance=18.7565 E_h^2, pmove=0.50
2026-06-09 02:43:30,382 - Step 03549: 4947.6875 E_h, exp. variance=16.8882 E_h^2, pmove=0.49
2026-06-09 02:43:30,731 - Step 03550: 4946.4658 E_h, exp. variance=15.3963 E_h^2, pmove=0.50
2026-06-09 02:43:31,079 - Step 03551: 4945.7583 E_h, exp. variance=14.2307 E_h^2, pmove=0.50
2026-06-09 02:43:31,427 - Step 03552: 4947.6992 E_h, exp. variance=12.8086 E_h^2, pmove=0.51
2026-06-09 02:43:31,774 - Step 03553: 4945.7905 E_h, exp. variance=11.8236 E_h^2, pmove=0.50
2026-06-09 02:43:32,123 - Step 03554: 4947.1357 E_h, exp. variance=10.6486 E_h^2, pmove=0.51
2026-06-09 02:43:32,469 - Step 03555: 4946.2715 E_h, exp. variance=9.6971 E_h^2, pmove=0.50
2026-06-09 02:43:32,817 - Step 03556: 4947.0889 E_h, exp. variance=8.7307 E_h^2, pmove=0.50
2026-06-09 02:43:33,164 - Step 03557: 4947.2886 E_h, exp. variance=7.8577 E_h^2, pmove=0.49
2026-06-09 02:43:33,512 - Step 03558: 4948.8867 E_h, exp. variance=7.3087 E_h^2, pmove=0.50
2026-06-09 02:43:33,862 - Step 03559: 4947.7139 E_h, exp. variance=6.5853 E_h^2, pmove=0.50
2026-06-09 02:43:34,211 - Step 03560: 4948.6406 E_h, exp. variance=6.0531 E_h^2, pmove=0.50
2026-06-09 02:43:34,560 - Step 03561: 4948.9980 E_h, exp. variance=5.6303 E_h^2, pmove=0.50
2026-06-09 02:43:34,908 - Step 03562: 4946.4844 E_h, exp. variance=5.2039 E_h^2, pmove=0.50
2026-06-09 02:43:35,258 - Step 03563: 4947.2471 E_h, exp. variance=4.6944 E_h^2, pmove=0.51
2026-06-09 02:43:35,603 - Step 03564: 4946.7236 E_h, exp. variance=4.2878 E_h^2, pmove=0.50
2026-06-09 02:43:35,949 - Step 03565: 4947.0674 E_h, exp. variance=3.8740 E_h^2, pmove=0.50
2026-06-09 02:43:36,294 - Step 03566: 4946.3413 E_h, exp. variance=3.5941 E_h^2, pmove=0.50
2026-06-09 02:43:36,639 - Step 03567: 4946.6079 E_h, exp. variance=3.2810 E_h^2, pmove=0.50
2026-06-09 02:43:36,983 - Step 03568: 4946.2852 E_h, exp. variance=3.0373 E_h^2, pmove=0.50
2026-06-09 02:43:37,331 - Step 03569: 4946.1509 E_h, exp. variance=2.8246 E_h^2, pmove=0.50
2026-06-09 02:43:37,682 - Step 03570: 4945.9395 E_h, exp. variance=2.6544 E_h^2, pmove=0.50
2026-06-09 02:43:38,032 - Step 03571: 4946.9004 E_h, exp. variance=2.3891 E_h^2, pmove=0.51
2026-06-09 02:43:38,382 - Step 03572: 4945.5830 E_h, exp. variance=2.3159 E_h^2, pmove=0.50
2026-06-09 02:43:38,730 - Step 03573: 4946.5449 E_h, exp. variance=2.0904 E_h^2, pmove=0.50
2026-06-09 02:43:39,078 - Step 03574: 4948.2476 E_h, exp. variance=2.0756 E_h^2, pmove=0.50
2026-06-09 02:43:39,427 - Step 03575: 4948.4478 E_h, exp. variance=2.0767 E_h^2, pmove=0.50
2026-06-09 02:43:39,778 - Step 03576: 4948.6831 E_h, exp. variance=2.1010 E_h^2, pmove=0.50
2026-06-09 02:43:40,133 - Step 03577: 4944.5498 E_h, exp. variance=2.5414 E_h^2, pmove=0.51
2026-06-09 02:43:40,482 - Step 03578: 4948.1074 E_h, exp. variance=2.4039 E_h^2, pmove=0.51
2026-06-09 02:43:40,834 - Step 03579: 4946.3037 E_h, exp. variance=2.2181 E_h^2, pmove=0.50
2026-06-09 02:43:41,201 - Step 03580: 4947.2456 E_h, exp. variance=2.0015 E_h^2, pmove=0.50
2026-06-09 02:43:41,550 - Step 03581: 4947.8887 E_h, exp. variance=1.8679 E_h^2, pmove=0.50
2026-06-09 02:43:41,899 - Step 03582: 4947.6348 E_h, exp. variance=1.7055 E_h^2, pmove=0.51
2026-06-09 02:43:42,247 - Step 03583: 4949.3760 E_h, exp. variance=1.9741 E_h^2, pmove=0.50
2026-06-09 02:43:42,595 - Step 03584: 4949.3960 E_h, exp. variance=2.1397 E_h^2, pmove=0.50
2026-06-09 02:43:42,945 - Step 03585: 4947.3516 E_h, exp. variance=1.9307 E_h^2, pmove=0.50
2026-06-09 02:43:43,296 - Step 03586: 4947.7334 E_h, exp. variance=1.7402 E_h^2, pmove=0.50
2026-06-09 02:43:43,646 - Step 03587: 4947.6792 E_h, exp. variance=1.5671 E_h^2, pmove=0.50
2026-06-09 02:43:43,995 - Step 03588: 4946.8574 E_h, exp. variance=1.4588 E_h^2, pmove=0.50
2026-06-09 02:43:44,345 - Step 03589: 4946.3535 E_h, exp. variance=1.4350 E_h^2, pmove=0.50
2026-06-09 02:43:44,700 - Step 03590: 4947.3306 E_h, exp. variance=1.2920 E_h^2, pmove=0.51
2026-06-09 02:43:45,053 - Step 03591: 4947.2305 E_h, exp. variance=1.1652 E_h^2, pmove=0.50
2026-06-09 02:43:45,402 - Step 03592: 4947.6982 E_h, exp. variance=1.0579 E_h^2, pmove=0.50
2026-06-09 02:43:45,753 - Step 03593: 4946.3711 E_h, exp. variance=1.0493 E_h^2, pmove=0.49
2026-06-09 02:43:46,104 - Step 03594: 4947.3374 E_h, exp. variance=0.9444 E_h^2, pmove=0.51
2026-06-09 02:43:46,455 - Step 03595: 4947.5527 E_h, exp. variance=0.8553 E_h^2, pmove=0.51
2026-06-09 02:43:46,802 - Step 03596: 4946.8008 E_h, exp. variance=0.7953 E_h^2, pmove=0.50
2026-06-09 02:43:47,156 - Step 03597: 4947.3862 E_h, exp. variance=0.7168 E_h^2, pmove=0.50
2026-06-09 02:43:47,505 - Step 03598: 4946.0264 E_h, exp. variance=0.7891 E_h^2, pmove=0.50
2026-06-09 02:43:47,857 - Step 03599: 4947.8975 E_h, exp. variance=0.7585 E_h^2, pmove=0.50
2026-06-09 02:43:48,207 - Step 03600: 4945.4561 E_h, exp. variance=0.9684 E_h^2, pmove=0.50
2026-06-09 02:43:48,557 - Step 03601: 4947.3291 E_h, exp. variance=0.8781 E_h^2, pmove=0.50
2026-06-09 02:43:48,905 - Step 03602: 4947.0493 E_h, exp. variance=0.7904 E_h^2, pmove=0.50
2026-06-09 02:43:49,252 - Step 03603: 4947.7129 E_h, exp. variance=0.7471 E_h^2, pmove=0.50
2026-06-09 02:43:49,598 - Step 03604: 4946.5654 E_h, exp. variance=0.7027 E_h^2, pmove=0.49
2026-06-09 02:43:49,946 - Step 03605: 4947.6582 E_h, exp. variance=0.6617 E_h^2, pmove=0.50
2026-06-09 02:43:50,296 - Step 03606: 4946.3984 E_h, exp. variance=0.6457 E_h^2, pmove=0.50
2026-06-09 02:43:50,641 - Step 03607: 4945.4277 E_h, exp. variance=0.8238 E_h^2, pmove=0.50
2026-06-09 02:43:50,995 - Step 03608: 4946.5771 E_h, exp. variance=0.7511 E_h^2, pmove=0.50
2026-06-09 02:43:51,348 - Step 03609: 4946.7163 E_h, exp. variance=0.6782 E_h^2, pmove=0.50
2026-06-09 02:43:51,697 - Step 03610: 4948.3516 E_h, exp. variance=0.8113 E_h^2, pmove=0.50
2026-06-09 02:43:52,044 - Step 03611: 4947.1963 E_h, exp. variance=0.7334 E_h^2, pmove=0.50
2026-06-09 02:43:52,391 - Step 03612: 4948.0918 E_h, exp. variance=0.7623 E_h^2, pmove=0.50
2026-06-09 02:43:52,739 - Step 03613: 4947.6758 E_h, exp. variance=0.7127 E_h^2, pmove=0.50
2026-06-09 02:43:53,087 - Step 03614: 4948.3281 E_h, exp. variance=0.7587 E_h^2, pmove=0.50
2026-06-09 02:43:53,433 - Step 03615: 4947.2798 E_h, exp. variance=0.6829 E_h^2, pmove=0.51
2026-06-09 02:43:53,781 - Step 03616: 4948.0508 E_h, exp. variance=0.6655 E_h^2, pmove=0.51
2026-06-09 02:43:54,127 - Step 03617: 4946.7109 E_h, exp. variance=0.6385 E_h^2, pmove=0.50
2026-06-09 02:43:54,473 - Step 03618: 4947.4521 E_h, exp. variance=0.5765 E_h^2, pmove=0.50
2026-06-09 02:43:54,818 - Step 03619: 4946.5830 E_h, exp. variance=0.5681 E_h^2, pmove=0.50
2026-06-09 02:43:55,167 - Step 03620: 4946.5005 E_h, exp. variance=0.5616 E_h^2, pmove=0.50
2026-06-09 02:43:55,514 - Step 03621: 4946.4736 E_h, exp. variance=0.5496 E_h^2, pmove=0.50
2026-06-09 02:43:55,867 - Step 03622: 4946.6304 E_h, exp. variance=0.5148 E_h^2, pmove=0.50
2026-06-09 02:43:56,213 - Step 03623: 4946.4009 E_h, exp. variance=0.5020 E_h^2, pmove=0.51
2026-06-09 02:43:56,571 - Step 03624: 4946.0586 E_h, exp. variance=0.5301 E_h^2, pmove=0.51
2026-06-09 02:43:56,919 - Step 03625: 4946.1938 E_h, exp. variance=0.5217 E_h^2, pmove=0.50
2026-06-09 02:43:57,265 - Step 03626: 4948.3164 E_h, exp. variance=0.6690 E_h^2, pmove=0.50
2026-06-09 02:43:57,611 - Step 03627: 4947.6729 E_h, exp. variance=0.6458 E_h^2, pmove=0.50
2026-06-09 02:43:57,962 - Step 03628: 4947.6816 E_h, exp. variance=0.6175 E_h^2, pmove=0.49
2026-06-09 02:43:58,309 - Step 03629: 4948.5830 E_h, exp. variance=0.7511 E_h^2, pmove=0.50
2026-06-09 02:43:58,657 - Step 03630: 4947.5459 E_h, exp. variance=0.6835 E_h^2, pmove=0.50
2026-06-09 02:43:59,003 - Step 03631: 4948.3530 E_h, exp. variance=0.7176 E_h^2, pmove=0.51
2026-06-09 02:43:59,348 - Step 03632: 4949.0942 E_h, exp. variance=0.9064 E_h^2, pmove=0.50
2026-06-09 02:43:59,698 - Step 03633: 4949.1035 E_h, exp. variance=1.0295 E_h^2, pmove=0.50
2026-06-09 02:44:00,048 - Step 03634: 4949.2012 E_h, exp. variance=1.1248 E_h^2, pmove=0.50
2026-06-09 02:44:00,398 - Step 03635: 4948.2090 E_h, exp. variance=1.0230 E_h^2, pmove=0.50
2026-06-09 02:44:00,749 - Step 03636: 4948.0728 E_h, exp. variance=0.9234 E_h^2, pmove=0.50
2026-06-09 02:44:01,101 - Step 03637: 4947.1162 E_h, exp. variance=0.8888 E_h^2, pmove=0.50
2026-06-09 02:44:01,452 - Step 03638: 4947.9097 E_h, exp. variance=0.8004 E_h^2, pmove=0.50
2026-06-09 02:44:01,801 - Step 03639: 4946.7197 E_h, exp. variance=0.8341 E_h^2, pmove=0.50
2026-06-09 02:44:02,149 - Step 03640: 4947.1953 E_h, exp. variance=0.7766 E_h^2, pmove=0.50
2026-06-09 02:44:02,497 - Step 03641: 4946.4375 E_h, exp. variance=0.8375 E_h^2, pmove=0.51
2026-06-09 02:44:02,844 - Step 03642: 4947.2627 E_h, exp. variance=0.7614 E_h^2, pmove=0.50
2026-06-09 02:44:03,190 - Step 03643: 4947.2476 E_h, exp. variance=0.6922 E_h^2, pmove=0.50
2026-06-09 02:44:03,537 - Step 03644: 4948.6382 E_h, exp. variance=0.7402 E_h^2, pmove=0.50
2026-06-09 02:44:03,885 - Step 03645: 4947.0713 E_h, exp. variance=0.6924 E_h^2, pmove=0.50
2026-06-09 02:44:04,229 - Step 03646: 4949.2095 E_h, exp. variance=0.8689 E_h^2, pmove=0.51
2026-06-09 02:44:04,578 - Step 03647: 4949.0410 E_h, exp. variance=0.9385 E_h^2, pmove=0.51
2026-06-09 02:44:04,924 - Step 03648: 4949.3213 E_h, exp. variance=1.0384 E_h^2, pmove=0.50
2026-06-09 02:44:05,269 - Step 03649: 4948.7686 E_h, exp. variance=0.9876 E_h^2, pmove=0.50
2026-06-09 02:44:05,613 - Step 03650: 4949.9595 E_h, exp. variance=1.2076 E_h^2, pmove=0.50
2026-06-09 02:44:05,960 - Step 03651: 4948.3438 E_h, exp. variance=1.0874 E_h^2, pmove=0.50
2026-06-09 02:44:06,307 - Step 03652: 4949.8018 E_h, exp. variance=1.1889 E_h^2, pmove=0.50
2026-06-09 02:44:06,655 - Step 03653: 4947.2812 E_h, exp. variance=1.1880 E_h^2, pmove=0.50
2026-06-09 02:44:07,002 - Step 03654: 4948.2324 E_h, exp. variance=1.0697 E_h^2, pmove=0.50
2026-06-09 02:44:07,347 - Step 03655: 4947.2803 E_h, exp. variance=1.0570 E_h^2, pmove=0.50
2026-06-09 02:44:07,693 - Step 03656: 4946.5845 E_h, exp. variance=1.1866 E_h^2, pmove=0.50
2026-06-09 02:44:08,039 - Step 03657: 4948.3193 E_h, exp. variance=1.0749 E_h^2, pmove=0.51
2026-06-09 02:44:08,386 - Step 03658: 4945.5283 E_h, exp. variance=1.5477 E_h^2, pmove=0.50
2026-06-09 02:44:08,731 - Step 03659: 4947.6108 E_h, exp. variance=1.3966 E_h^2, pmove=0.50
2026-06-09 02:44:09,078 - Step 03660: 4946.8945 E_h, exp. variance=1.3296 E_h^2, pmove=0.50
2026-06-09 02:44:09,505 - Step 03661: 4949.3115 E_h, exp. variance=1.4295 E_h^2, pmove=0.50
2026-06-09 02:44:09,863 - Step 03662: 4947.3472 E_h, exp. variance=1.3105 E_h^2, pmove=0.50
2026-06-09 02:44:10,213 - Step 03663: 4947.8145 E_h, exp. variance=1.1795 E_h^2, pmove=0.50
2026-06-09 02:44:10,561 - Step 03664: 4946.2954 E_h, exp. variance=1.2687 E_h^2, pmove=0.50
2026-06-09 02:44:10,907 - Step 03665: 4949.9038 E_h, exp. variance=1.5947 E_h^2, pmove=0.50
2026-06-09 02:44:11,264 - Step 03666: 4945.2407 E_h, exp. variance=2.0644 E_h^2, pmove=0.50
2026-06-09 02:44:11,615 - Step 03667: 4949.5615 E_h, exp. variance=2.1972 E_h^2, pmove=0.50
2026-06-09 02:44:11,965 - Step 03668: 4947.5610 E_h, exp. variance=1.9832 E_h^2, pmove=0.50
2026-06-09 02:44:12,314 - Step 03669: 4948.5981 E_h, exp. variance=1.8438 E_h^2, pmove=0.51
2026-06-09 02:44:12,662 - Step 03670: 4946.8560 E_h, exp. variance=1.7520 E_h^2, pmove=0.50
2026-06-09 02:44:13,008 - Step 03671: 4945.7554 E_h, exp. variance=1.9416 E_h^2, pmove=0.50
2026-06-09 02:44:13,353 - Step 03672: 4947.8701 E_h, exp. variance=1.7557 E_h^2, pmove=0.50
2026-06-09 02:44:13,698 - Step 03673: 4947.1025 E_h, exp. variance=1.6022 E_h^2, pmove=0.50
2026-06-09 02:44:14,042 - Step 03674: 4948.5444 E_h, exp. variance=1.5312 E_h^2, pmove=0.50
2026-06-09 02:44:14,389 - Step 03675: 4945.8721 E_h, exp. variance=1.6619 E_h^2, pmove=0.50
2026-06-09 02:44:14,738 - Step 03676: 4948.0918 E_h, exp. variance=1.5305 E_h^2, pmove=0.50
2026-06-09 02:44:15,084 - Step 03677: 4948.5200 E_h, exp. variance=1.4653 E_h^2, pmove=0.50
2026-06-09 02:44:15,431 - Step 03678: 4947.7603 E_h, exp. variance=1.3203 E_h^2, pmove=0.50
2026-06-09 02:44:15,778 - Step 03679: 4948.5635 E_h, exp. variance=1.2644 E_h^2, pmove=0.50
2026-06-09 02:44:16,128 - Step 03680: 4949.7578 E_h, exp. variance=1.5061 E_h^2, pmove=0.50
2026-06-09 02:44:16,474 - Step 03681: 4947.1572 E_h, exp. variance=1.4103 E_h^2, pmove=0.50
2026-06-09 02:44:16,824 - Step 03682: 4948.7261 E_h, exp. variance=1.3369 E_h^2, pmove=0.49
2026-06-09 02:44:17,170 - Step 03683: 4948.5210 E_h, exp. variance=1.2329 E_h^2, pmove=0.50
2026-06-09 02:44:17,519 - Step 03684: 4946.9966 E_h, exp. variance=1.2009 E_h^2, pmove=0.50
2026-06-09 02:44:17,870 - Step 03685: 4949.8174 E_h, exp. variance=1.4106 E_h^2, pmove=0.50
2026-06-09 02:44:18,219 - Step 03686: 4946.8872 E_h, exp. variance=1.4007 E_h^2, pmove=0.50
2026-06-09 02:44:18,569 - Step 03687: 4949.1523 E_h, exp. variance=1.3856 E_h^2, pmove=0.49
2026-06-09 02:44:18,914 - Step 03688: 4949.3184 E_h, exp. variance=1.3824 E_h^2, pmove=0.50
2026-06-09 02:44:19,265 - Step 03689: 4952.3672 E_h, exp. variance=2.7963 E_h^2, pmove=0.50
2026-06-09 02:44:19,611 - Step 03690: 4952.7002 E_h, exp. variance=4.0078 E_h^2, pmove=0.49
2026-06-09 02:44:19,963 - Step 03691: 4946.6514 E_h, exp. variance=4.1193 E_h^2, pmove=0.50
2026-06-09 02:44:20,318 - Step 03692: 4952.2139 E_h, exp. variance=4.7573 E_h^2, pmove=0.50
2026-06-09 02:44:20,667 - Step 03693: 4947.1963 E_h, exp. variance=4.6214 E_h^2, pmove=0.50
2026-06-09 02:44:21,013 - Step 03694: 4950.0977 E_h, exp. variance=4.2788 E_h^2, pmove=0.50
2026-06-09 02:44:21,361 - Step 03695: 4951.7812 E_h, exp. variance=4.5171 E_h^2, pmove=0.50
2026-06-09 02:44:21,711 - Step 03696: 4948.2021 E_h, exp. variance=4.1804 E_h^2, pmove=0.50
2026-06-09 02:44:22,060 - Step 03697: 4950.2954 E_h, exp. variance=3.8665 E_h^2, pmove=0.50
2026-06-09 02:44:22,411 - Step 03698: 4950.7051 E_h, exp. variance=3.6507 E_h^2, pmove=0.50
2026-06-09 02:44:22,761 - Step 03699: 4950.3218 E_h, exp. variance=3.3517 E_h^2, pmove=0.50
2026-06-09 02:44:23,111 - Step 03700: 4951.1299 E_h, exp. variance=3.2410 E_h^2, pmove=0.50
2026-06-09 02:44:23,466 - Step 03701: 4955.1265 E_h, exp. variance=5.5588 E_h^2, pmove=0.50
2026-06-09 02:44:23,813 - Step 03702: 4952.4722 E_h, exp. variance=5.4471 E_h^2, pmove=0.51
2026-06-09 02:44:24,161 - Step 03703: 4951.7324 E_h, exp. variance=5.0453 E_h^2, pmove=0.50
2026-06-09 02:44:24,510 - Step 03704: 4944.8643 E_h, exp. variance=7.5002 E_h^2, pmove=0.50
2026-06-09 02:44:24,865 - Step 03705: 4953.9541 E_h, exp. variance=8.1393 E_h^2, pmove=0.50
2026-06-09 02:44:25,214 - Step 03706: 4949.4985 E_h, exp. variance=7.4015 E_h^2, pmove=0.50
2026-06-09 02:44:25,560 - Step 03707: 4948.4316 E_h, exp. variance=6.9846 E_h^2, pmove=0.50
2026-06-09 02:44:25,908 - Step 03708: 4947.4160 E_h, exp. variance=6.9526 E_h^2, pmove=0.49
2026-06-09 02:44:26,256 - Step 03709: 4949.9121 E_h, exp. variance=6.2575 E_h^2, pmove=0.51
2026-06-09 02:44:26,606 - Step 03710: 4947.1919 E_h, exp. variance=6.2773 E_h^2, pmove=0.50
2026-06-09 02:44:26,955 - Step 03711: 4949.9810 E_h, exp. variance=5.6625 E_h^2, pmove=0.50
2026-06-09 02:44:27,303 - Step 03712: 4949.1909 E_h, exp. variance=5.1144 E_h^2, pmove=0.50
2026-06-09 02:44:27,649 - Step 03713: 4947.4844 E_h, exp. variance=5.0042 E_h^2, pmove=0.50
2026-06-09 02:44:27,998 - Step 03714: 4947.5840 E_h, exp. variance=4.7956 E_h^2, pmove=0.50
2026-06-09 02:44:28,345 - Step 03715: 4947.0322 E_h, exp. variance=4.7408 E_h^2, pmove=0.50
2026-06-09 02:44:28,697 - Step 03716: 4948.0420 E_h, exp. variance=4.3471 E_h^2, pmove=0.50
2026-06-09 02:44:29,046 - Step 03717: 4947.1782 E_h, exp. variance=4.1769 E_h^2, pmove=0.50
2026-06-09 02:44:29,394 - Step 03718: 4947.8755 E_h, exp. variance=3.8236 E_h^2, pmove=0.50
2026-06-09 02:44:29,743 - Step 03719: 4949.0415 E_h, exp. variance=3.4560 E_h^2, pmove=0.50
2026-06-09 02:44:30,093 - Step 03720: 4947.7593 E_h, exp. variance=3.1862 E_h^2, pmove=0.50
2026-06-09 02:44:30,442 - Step 03721: 4947.7441 E_h, exp. variance=2.9313 E_h^2, pmove=0.50
2026-06-09 02:44:30,788 - Step 03722: 4947.2920 E_h, exp. variance=2.7698 E_h^2, pmove=0.50
2026-06-09 02:44:31,138 - Step 03723: 4948.8760 E_h, exp. variance=2.5150 E_h^2, pmove=0.50
2026-06-09 02:44:31,487 - Step 03724: 4949.9912 E_h, exp. variance=2.4829 E_h^2, pmove=0.50
2026-06-09 02:44:31,836 - Step 03725: 4948.6621 E_h, exp. variance=2.2351 E_h^2, pmove=0.50
2026-06-09 02:44:32,183 - Step 03726: 4949.5840 E_h, exp. variance=2.0999 E_h^2, pmove=0.51
2026-06-09 02:44:32,532 - Step 03727: 4948.5781 E_h, exp. variance=1.8911 E_h^2, pmove=0.50
2026-06-09 02:44:32,880 - Step 03728: 4949.6489 E_h, exp. variance=1.7862 E_h^2, pmove=0.50
2026-06-09 02:44:33,230 - Step 03729: 4948.7402 E_h, exp. variance=1.6077 E_h^2, pmove=0.50
2026-06-09 02:44:33,580 - Step 03730: 4949.9468 E_h, exp. variance=1.5706 E_h^2, pmove=0.50
2026-06-09 02:44:33,926 - Step 03731: 4948.2891 E_h, exp. variance=1.4462 E_h^2, pmove=0.49
2026-06-09 02:44:34,282 - Step 03732: 4949.1191 E_h, exp. variance=1.3091 E_h^2, pmove=0.49
2026-06-09 02:44:34,631 - Step 03733: 4946.8643 E_h, exp. variance=1.5367 E_h^2, pmove=0.50
2026-06-09 02:44:34,992 - Step 03734: 4947.1772 E_h, exp. variance=1.5811 E_h^2, pmove=0.50
2026-06-09 02:44:35,340 - Step 03735: 4947.1143 E_h, exp. variance=1.5989 E_h^2, pmove=0.50
2026-06-09 02:44:35,687 - Step 03736: 4946.9951 E_h, exp. variance=1.6098 E_h^2, pmove=0.50
2026-06-09 02:44:36,031 - Step 03737: 4945.8184 E_h, exp. variance=1.9743 E_h^2, pmove=0.51
2026-06-09 02:44:36,377 - Step 03738: 4946.8521 E_h, exp. variance=1.8941 E_h^2, pmove=0.50
2026-06-09 02:44:36,725 - Step 03739: 4947.3770 E_h, exp. variance=1.7274 E_h^2, pmove=0.50
2026-06-09 02:44:37,072 - Step 03740: 4947.0015 E_h, exp. variance=1.6162 E_h^2, pmove=0.50
2026-06-09 02:44:37,423 - Step 03741: 4947.2075 E_h, exp. variance=1.4807 E_h^2, pmove=0.50
2026-06-09 02:44:37,768 - Step 03742: 4946.1582 E_h, exp. variance=1.5445 E_h^2, pmove=0.50
2026-06-09 02:44:38,114 - Step 03743: 4948.5322 E_h, exp. variance=1.4788 E_h^2, pmove=0.50
2026-06-09 02:44:38,458 - Step 03744: 4946.4180 E_h, exp. variance=1.4649 E_h^2, pmove=0.49
2026-06-09 02:44:38,809 - Step 03745: 4946.8770 E_h, exp. variance=1.3552 E_h^2, pmove=0.51
2026-06-09 02:44:39,157 - Step 03746: 4947.2285 E_h, exp. variance=1.2242 E_h^2, pmove=0.50
2026-06-09 02:44:39,504 - Step 03747: 4947.6055 E_h, exp. variance=1.1045 E_h^2, pmove=0.50
2026-06-09 02:44:39,849 - Step 03748: 4948.7197 E_h, exp. variance=1.1398 E_h^2, pmove=0.50
2026-06-09 02:44:40,196 - Step 03749: 4948.5137 E_h, exp. variance=1.1052 E_h^2, pmove=0.50
2026-06-09 02:44:40,545 - Step 03750: 4947.5039 E_h, exp. variance=0.9971 E_h^2, pmove=0.50
2026-06-09 02:44:40,891 - Step 03751: 4948.0972 E_h, exp. variance=0.9152 E_h^2, pmove=0.50
2026-06-09 02:44:41,237 - Step 03752: 4948.3535 E_h, exp. variance=0.8626 E_h^2, pmove=0.50
2026-06-09 02:44:41,584 - Step 03753: 4948.3906 E_h, exp. variance=0.8119 E_h^2, pmove=0.50
2026-06-09 02:44:41,928 - Step 03754: 4946.9028 E_h, exp. variance=0.8072 E_h^2, pmove=0.50
2026-06-09 02:44:42,277 - Step 03755: 4951.5205 E_h, exp. variance=2.0177 E_h^2, pmove=0.50
2026-06-09 02:44:42,623 - Step 03756: 4947.9512 E_h, exp. variance=1.8182 E_h^2, pmove=0.50
2026-06-09 02:44:42,971 - Step 03757: 4950.5332 E_h, exp. variance=2.1711 E_h^2, pmove=0.50
2026-06-09 02:44:43,318 - Step 03758: 4948.3936 E_h, exp. variance=1.9543 E_h^2, pmove=0.50
2026-06-09 02:44:43,666 - Step 03759: 4949.7051 E_h, exp. variance=1.9254 E_h^2, pmove=0.51
2026-06-09 02:44:44,013 - Step 03760: 4949.6934 E_h, exp. variance=1.8651 E_h^2, pmove=0.50
2026-06-09 02:44:44,360 - Step 03761: 4948.1411 E_h, exp. variance=1.6978 E_h^2, pmove=0.50
2026-06-09 02:44:44,708 - Step 03762: 4947.8115 E_h, exp. variance=1.5779 E_h^2, pmove=0.50
2026-06-09 02:44:45,057 - Step 03763: 4948.0791 E_h, exp. variance=1.4347 E_h^2, pmove=0.50
2026-06-09 02:44:45,405 - Step 03764: 4949.8916 E_h, exp. variance=1.4805 E_h^2, pmove=0.49
2026-06-09 02:44:45,751 - Step 03765: 4946.0742 E_h, exp. variance=1.9004 E_h^2, pmove=0.49
2026-06-09 02:44:46,099 - Step 03766: 4949.0991 E_h, exp. variance=1.7629 E_h^2, pmove=0.50
2026-06-09 02:44:46,447 - Step 03767: 4948.8965 E_h, exp. variance=1.6078 E_h^2, pmove=0.50
2026-06-09 02:44:46,796 - Step 03768: 4946.4316 E_h, exp. variance=1.8172 E_h^2, pmove=0.50
2026-06-09 02:44:47,143 - Step 03769: 4947.8359 E_h, exp. variance=1.6514 E_h^2, pmove=0.51
2026-06-09 02:44:47,489 - Step 03770: 4947.3091 E_h, exp. variance=1.5601 E_h^2, pmove=0.49
2026-06-09 02:44:47,839 - Step 03771: 4948.3828 E_h, exp. variance=1.4101 E_h^2, pmove=0.50
2026-06-09 02:44:48,186 - Step 03772: 4948.3135 E_h, exp. variance=1.2715 E_h^2, pmove=0.50
2026-06-09 02:44:48,533 - Step 03773: 4949.4014 E_h, exp. variance=1.2817 E_h^2, pmove=0.50
2026-06-09 02:44:48,897 - Step 03774: 4948.8560 E_h, exp. variance=1.1824 E_h^2, pmove=0.50
2026-06-09 02:44:49,265 - Step 03775: 4948.7290 E_h, exp. variance=1.0773 E_h^2, pmove=0.50
2026-06-09 02:44:49,617 - Step 03776: 4947.1934 E_h, exp. variance=1.0973 E_h^2, pmove=0.50
2026-06-09 02:44:49,967 - Step 03777: 4949.6245 E_h, exp. variance=1.1538 E_h^2, pmove=0.50
2026-06-09 02:44:50,313 - Step 03778: 4949.2607 E_h, exp. variance=1.1050 E_h^2, pmove=0.50
2026-06-09 02:44:50,664 - Step 03779: 4948.1899 E_h, exp. variance=1.0024 E_h^2, pmove=0.50
2026-06-09 02:44:51,013 - Step 03780: 4950.6343 E_h, exp. variance=1.3288 E_h^2, pmove=0.50
2026-06-09 02:44:51,362 - Step 03781: 4949.6753 E_h, exp. variance=1.2860 E_h^2, pmove=0.50
2026-06-09 02:44:51,709 - Step 03782: 4950.7383 E_h, exp. variance=1.5044 E_h^2, pmove=0.51
2026-06-09 02:44:52,060 - Step 03783: 4949.5063 E_h, exp. variance=1.3797 E_h^2, pmove=0.49
2026-06-09 02:44:52,406 - Step 03784: 4949.1821 E_h, exp. variance=1.2440 E_h^2, pmove=0.50
2026-06-09 02:44:52,755 - Step 03785: 4949.1772 E_h, exp. variance=1.1212 E_h^2, pmove=0.50
2026-06-09 02:44:53,102 - Step 03786: 4948.7842 E_h, exp. variance=1.0157 E_h^2, pmove=0.50
2026-06-09 02:44:53,451 - Step 03787: 4948.8965 E_h, exp. variance=0.9157 E_h^2, pmove=0.50
2026-06-09 02:44:53,799 - Step 03788: 4946.6416 E_h, exp. variance=1.3307 E_h^2, pmove=0.50
2026-06-09 02:44:54,147 - Step 03789: 4948.1182 E_h, exp. variance=1.2367 E_h^2, pmove=0.50
2026-06-09 02:44:54,492 - Step 03790: 4947.9785 E_h, exp. variance=1.1613 E_h^2, pmove=0.50
2026-06-09 02:44:54,839 - Step 03791: 4947.9082 E_h, exp. variance=1.0931 E_h^2, pmove=0.50
2026-06-09 02:44:55,187 - Step 03792: 4947.5176 E_h, exp. variance=1.0825 E_h^2, pmove=0.50
2026-06-09 02:44:55,535 - Step 03793: 4949.5396 E_h, exp. variance=1.0791 E_h^2, pmove=0.50
2026-06-09 02:44:55,885 - Step 03794: 4948.2749 E_h, exp. variance=0.9789 E_h^2, pmove=0.50
2026-06-09 02:44:56,233 - Step 03795: 4948.1982 E_h, exp. variance=0.8915 E_h^2, pmove=0.51
2026-06-09 02:44:56,580 - Step 03796: 4947.0449 E_h, exp. variance=0.9940 E_h^2, pmove=0.49
2026-06-09 02:44:56,926 - Step 03797: 4950.3584 E_h, exp. variance=1.2546 E_h^2, pmove=0.50
2026-06-09 02:44:57,273 - Step 03798: 4948.6177 E_h, exp. variance=1.1295 E_h^2, pmove=0.50
2026-06-09 02:44:57,619 - Step 03799: 4951.7285 E_h, exp. variance=1.9175 E_h^2, pmove=0.50
2026-06-09 02:44:57,971 - Step 03800: 4952.4434 E_h, exp. variance=2.8680 E_h^2, pmove=0.50
2026-06-09 02:44:58,320 - Step 03801: 4948.7856 E_h, exp. variance=2.5996 E_h^2, pmove=0.49
2026-06-09 02:44:58,670 - Step 03802: 4950.2559 E_h, exp. variance=2.4414 E_h^2, pmove=0.50
2026-06-09 02:44:59,017 - Step 03803: 4953.1084 E_h, exp. variance=3.5034 E_h^2, pmove=0.50
2026-06-09 02:44:59,365 - Step 03804: 4958.5430 E_h, exp. variance=10.2233 E_h^2, pmove=0.50
2026-06-09 02:44:59,712 - Step 03805: 4963.0303 E_h, exp. variance=23.1834 E_h^2, pmove=0.50
2026-06-09 02:45:00,061 - Step 03806: 4944.8711 E_h, exp. variance=25.2015 E_h^2, pmove=0.50
2026-06-09 02:45:00,416 - Step 03807: 4949.6875 E_h, exp. variance=22.8656 E_h^2, pmove=0.50
2026-06-09 02:45:00,767 - Step 03808: 4948.1699 E_h, exp. variance=21.2872 E_h^2, pmove=0.50
2026-06-09 02:45:01,115 - Step 03809: 4947.8213 E_h, exp. variance=19.9014 E_h^2, pmove=0.50
2026-06-09 02:45:01,463 - Step 03810: 4944.4683 E_h, exp. variance=21.0857 E_h^2, pmove=0.50
2026-06-09 02:45:01,812 - Step 03811: 4949.2119 E_h, exp. variance=19.0097 E_h^2, pmove=0.50
2026-06-09 02:45:02,164 - Step 03812: 4957.3203 E_h, exp. variance=22.2619 E_h^2, pmove=0.50
2026-06-09 02:45:02,516 - Step 03813: 4958.3989 E_h, exp. variance=25.6365 E_h^2, pmove=0.51
2026-06-09 02:45:02,865 - Step 03814: 4951.3047 E_h, exp. variance=23.0729 E_h^2, pmove=0.49
2026-06-09 02:45:03,212 - Step 03815: 4951.8403 E_h, exp. variance=20.7919 E_h^2, pmove=0.50
2026-06-09 02:45:03,558 - Step 03816: 5079.6836 E_h, exp. variance=1500.8762 E_h^2, pmove=0.50
2026-06-09 02:45:03,905 - Step 03817: 4949.7676 E_h, exp. variance=1369.5013 E_h^2, pmove=0.49
2026-06-09 02:45:04,255 - Step 03818: 5138.4028 E_h, exp. variance=4009.5579 E_h^2, pmove=0.50
2026-06-09 02:45:04,604 - Step 03819: 5014.2422 E_h, exp. variance=3712.2209 E_h^2, pmove=0.49
2026-06-09 02:45:04,952 - Step 03820: 4981.9888 E_h, exp. variance=3341.2634 E_h^2, pmove=0.49
2026-06-09 02:45:05,296 - Step 03821: 4884.9580 E_h, exp. variance=3881.6648 E_h^2, pmove=0.49
2026-06-09 02:45:05,647 - Step 03822: 4942.9585 E_h, exp. variance=3578.4150 E_h^2, pmove=0.50
2026-06-09 02:45:05,993 - Step 03823: 4954.2036 E_h, exp. variance=3244.7795 E_h^2, pmove=0.50
2026-06-09 02:45:06,339 - Step 03824: 4954.8672 E_h, exp. variance=2938.1848 E_h^2, pmove=0.50
2026-06-09 02:45:06,683 - Step 03825: 4947.3398 E_h, exp. variance=2681.1404 E_h^2, pmove=0.50
2026-06-09 02:45:07,046 - Step 03826: 4954.4663 E_h, exp. variance=2424.0471 E_h^2, pmove=0.50
2026-06-09 02:45:07,410 - Step 03827: 4949.7173 E_h, exp. variance=2201.1130 E_h^2, pmove=0.49
2026-06-09 02:45:07,761 - Step 03828: 4949.6436 E_h, exp. variance=1996.9495 E_h^2, pmove=0.51
2026-06-09 02:45:08,113 - Step 03829: 4959.6489 E_h, exp. variance=1797.6056 E_h^2, pmove=0.50
2026-06-09 02:45:08,463 - Step 03830: 4952.9648 E_h, exp. variance=1624.2893 E_h^2, pmove=0.49
2026-06-09 02:45:08,811 - Step 03831: 4965.1396 E_h, exp. variance=1463.7310 E_h^2, pmove=0.50
2026-06-09 02:45:09,159 - Step 03832: 4913.2739 E_h, exp. variance=1522.6725 E_h^2, pmove=0.50
2026-06-09 02:45:09,507 - Step 03833: 4951.6514 E_h, exp. variance=1372.3169 E_h^2, pmove=0.50
2026-06-09 02:45:09,853 - Step 03834: 4937.9150 E_h, exp. variance=1263.8715 E_h^2, pmove=0.50
2026-06-09 02:45:10,200 - Step 03835: 4950.0522 E_h, exp. variance=1138.8947 E_h^2, pmove=0.50
2026-06-09 02:45:10,550 - Step 03836: 4950.5146 E_h, exp. variance=1025.8701 E_h^2, pmove=0.50
2026-06-09 02:45:10,896 - Step 03837: 4981.4160 E_h, exp. variance=994.4053 E_h^2, pmove=0.50
2026-06-09 02:45:11,247 - Step 03838: 4981.2441 E_h, exp. variance=951.7941 E_h^2, pmove=0.50
2026-06-09 02:45:11,595 - Step 03839: 4949.7920 E_h, exp. variance=863.6421 E_h^2, pmove=0.50
2026-06-09 02:45:11,954 - Step 03840: 4949.0176 E_h, exp. variance=784.1324 E_h^2, pmove=0.50
2026-06-09 02:45:12,304 - Step 03841: 4946.4766 E_h, exp. variance=715.4451 E_h^2, pmove=0.51
2026-06-09 02:45:12,653 - Step 03842: 4953.7109 E_h, exp. variance=644.3057 E_h^2, pmove=0.50
2026-06-09 02:45:13,006 - Step 03843: 4953.7627 E_h, exp. variance=580.1857 E_h^2, pmove=0.50
2026-06-09 02:45:13,354 - Step 03844: 4949.0469 E_h, exp. variance=525.8393 E_h^2, pmove=0.50
2026-06-09 02:45:13,700 - Step 03845: 4951.0986 E_h, exp. variance=474.4857 E_h^2, pmove=0.50
2026-06-09 02:45:14,049 - Step 03846: 4947.6987 E_h, exp. variance=431.1104 E_h^2, pmove=0.51
2026-06-09 02:45:14,398 - Step 03847: 4947.6133 E_h, exp. variance=391.3925 E_h^2, pmove=0.50
2026-06-09 02:45:14,748 - Step 03848: 4948.4741 E_h, exp. variance=354.2123 E_h^2, pmove=0.50
2026-06-09 02:45:15,117 - Step 03849: 4948.8340 E_h, exp. variance=320.1174 E_h^2, pmove=0.50
2026-06-09 02:45:15,468 - Step 03850: 4948.6997 E_h, exp. variance=289.2652 E_h^2, pmove=0.50
2026-06-09 02:45:15,818 - Step 03851: 4948.5801 E_h, exp. variance=261.3487 E_h^2, pmove=0.50
2026-06-09 02:45:16,167 - Step 03852: 4948.7793 E_h, exp. variance=235.9275 E_h^2, pmove=0.50
2026-06-09 02:45:16,514 - Step 03853: 4948.5781 E_h, exp. variance=213.0081 E_h^2, pmove=0.50
2026-06-09 02:45:16,863 - Step 03854: 4949.1206 E_h, exp. variance=192.0389 E_h^2, pmove=0.51
2026-06-09 02:45:17,212 - Step 03855: 4950.1172 E_h, exp. variance=172.8831 E_h^2, pmove=0.50
2026-06-09 02:45:17,566 - Step 03856: 4949.1748 E_h, exp. variance=155.8252 E_h^2, pmove=0.50
2026-06-09 02:45:17,915 - Step 03857: 4948.6260 E_h, exp. variance=140.5986 E_h^2, pmove=0.51
2026-06-09 02:45:18,264 - Step 03858: 4948.8301 E_h, exp. variance=126.7652 E_h^2, pmove=0.51
2026-06-09 02:45:18,612 - Step 03859: 4948.1758 E_h, exp. variance=114.4786 E_h^2, pmove=0.50
2026-06-09 02:45:18,963 - Step 03860: 4947.9375 E_h, exp. variance=103.4321 E_h^2, pmove=0.50
2026-06-09 02:45:19,310 - Step 03861: 4948.1743 E_h, exp. variance=93.3380 E_h^2, pmove=0.49
2026-06-09 02:45:19,659 - Step 03862: 4951.4004 E_h, exp. variance=84.2732 E_h^2, pmove=0.50
2026-06-09 02:45:20,010 - Step 03863: 4949.0317 E_h, exp. variance=75.9053 E_h^2, pmove=0.50
2026-06-09 02:45:20,365 - Step 03864: 4947.5117 E_h, exp. variance=68.7710 E_h^2, pmove=0.50
2026-06-09 02:45:20,713 - Step 03865: 4946.0220 E_h, exp. variance=63.0066 E_h^2, pmove=0.50
2026-06-09 02:45:21,063 - Step 03866: 4948.4648 E_h, exp. variance=56.7528 E_h^2, pmove=0.50
2026-06-09 02:45:21,415 - Step 03867: 4948.3730 E_h, exp. variance=51.1269 E_h^2, pmove=0.50
2026-06-09 02:45:21,763 - Step 03868: 4947.9902 E_h, exp. variance=46.1134 E_h^2, pmove=0.50
2026-06-09 02:45:22,112 - Step 03869: 4948.2656 E_h, exp. variance=41.5424 E_h^2, pmove=0.50
2026-06-09 02:45:22,459 - Step 03870: 4947.5703 E_h, exp. variance=37.5398 E_h^2, pmove=0.51
2026-06-09 02:45:22,811 - Step 03871: 4949.0591 E_h, exp. variance=33.7951 E_h^2, pmove=0.51
2026-06-09 02:45:23,162 - Step 03872: 4948.4692 E_h, exp. variance=30.4237 E_h^2, pmove=0.50
2026-06-09 02:45:23,513 - Step 03873: 4946.8086 E_h, exp. variance=27.7172 E_h^2, pmove=0.50
2026-06-09 02:45:23,864 - Step 03874: 4948.4111 E_h, exp. variance=24.9471 E_h^2, pmove=0.51
2026-06-09 02:45:24,215 - Step 03875: 4945.8989 E_h, exp. variance=23.0769 E_h^2, pmove=0.50
2026-06-09 02:45:24,563 - Step 03876: 4948.0400 E_h, exp. variance=20.7740 E_h^2, pmove=0.51
2026-06-09 02:45:24,912 - Step 03877: 4948.8872 E_h, exp. variance=18.7335 E_h^2, pmove=0.50
2026-06-09 02:45:25,260 - Step 03878: 4946.4131 E_h, exp. variance=17.1842 E_h^2, pmove=0.51
2026-06-09 02:45:25,613 - Step 03879: 4948.0166 E_h, exp. variance=15.4668 E_h^2, pmove=0.50
2026-06-09 02:45:25,960 - Step 03880: 4946.2559 E_h, exp. variance=14.2296 E_h^2, pmove=0.50
2026-06-09 02:45:26,310 - Step 03881: 4949.1475 E_h, exp. variance=12.9412 E_h^2, pmove=0.50
2026-06-09 02:45:26,658 - Step 03882: 4948.8359 E_h, exp. variance=11.7031 E_h^2, pmove=0.50
2026-06-09 02:45:27,004 - Step 03883: 4950.1035 E_h, exp. variance=10.8847 E_h^2, pmove=0.51
2026-06-09 02:45:27,350 - Step 03884: 4949.5806 E_h, exp. variance=9.9384 E_h^2, pmove=0.50
2026-06-09 02:45:27,701 - Step 03885: 4949.9746 E_h, exp. variance=9.1540 E_h^2, pmove=0.49
2026-06-09 02:45:28,049 - Step 03886: 4948.4814 E_h, exp. variance=8.2399 E_h^2, pmove=0.50
2026-06-09 02:45:28,398 - Step 03887: 4949.9023 E_h, exp. variance=7.5711 E_h^2, pmove=0.50
2026-06-09 02:45:28,747 - Step 03888: 4947.8809 E_h, exp. variance=6.8774 E_h^2, pmove=0.50
2026-06-09 02:45:29,091 - Step 03889: 4948.1318 E_h, exp. variance=6.2126 E_h^2, pmove=0.50
2026-06-09 02:45:29,440 - Step 03890: 4946.8467 E_h, exp. variance=5.8638 E_h^2, pmove=0.50
2026-06-09 02:45:29,788 - Step 03891: 4946.7334 E_h, exp. variance=5.5312 E_h^2, pmove=0.50
2026-06-09 02:45:30,135 - Step 03892: 4947.7510 E_h, exp. variance=5.0000 E_h^2, pmove=0.50
2026-06-09 02:45:30,482 - Step 03893: 4947.0737 E_h, exp. variance=4.6132 E_h^2, pmove=0.49
2026-06-09 02:45:30,831 - Step 03894: 4947.9189 E_h, exp. variance=4.1543 E_h^2, pmove=0.50
2026-06-09 02:45:31,178 - Step 03895: 4947.6553 E_h, exp. variance=3.7541 E_h^2, pmove=0.50
2026-06-09 02:45:31,525 - Step 03896: 4948.5435 E_h, exp. variance=3.4028 E_h^2, pmove=0.50
2026-06-09 02:45:31,875 - Step 03897: 4948.6572 E_h, exp. variance=3.0928 E_h^2, pmove=0.50
2026-06-09 02:45:32,224 - Step 03898: 4949.4570 E_h, exp. variance=2.9408 E_h^2, pmove=0.50
2026-06-09 02:45:32,573 - Step 03899: 4950.2432 E_h, exp. variance=2.9980 E_h^2, pmove=0.50
2026-06-09 02:45:32,922 - Step 03900: 4949.5293 E_h, exp. variance=2.8001 E_h^2, pmove=0.50
2026-06-09 02:45:33,274 - Step 03901: 4949.2295 E_h, exp. variance=2.5590 E_h^2, pmove=0.50
2026-06-09 02:45:33,624 - Step 03902: 4948.2231 E_h, exp. variance=2.3186 E_h^2, pmove=0.50
2026-06-09 02:45:33,973 - Step 03903: 4949.1401 E_h, exp. variance=2.1133 E_h^2, pmove=0.51
2026-06-09 02:45:34,322 - Step 03904: 4948.3813 E_h, exp. variance=1.9085 E_h^2, pmove=0.50
2026-06-09 02:45:34,672 - Step 03905: 4947.3901 E_h, exp. variance=1.8546 E_h^2, pmove=0.50
2026-06-09 02:45:35,019 - Step 03906: 4948.6182 E_h, exp. variance=1.6704 E_h^2, pmove=0.51
2026-06-09 02:45:35,366 - Step 03907: 4949.3457 E_h, exp. variance=1.5659 E_h^2, pmove=0.50
2026-06-09 02:45:35,716 - Step 03908: 4950.6641 E_h, exp. variance=1.7946 E_h^2, pmove=0.50
2026-06-09 02:45:36,064 - Step 03909: 4949.3076 E_h, exp. variance=1.6381 E_h^2, pmove=0.50
2026-06-09 02:45:36,411 - Step 03910: 4949.3628 E_h, exp. variance=1.4977 E_h^2, pmove=0.50
2026-06-09 02:45:36,761 - Step 03911: 4949.3008 E_h, exp. variance=1.3622 E_h^2, pmove=0.50
2026-06-09 02:45:37,111 - Step 03912: 4948.8564 E_h, exp. variance=1.2266 E_h^2, pmove=0.50
2026-06-09 02:45:37,459 - Step 03913: 4949.1738 E_h, exp. variance=1.1091 E_h^2, pmove=0.50
2026-06-09 02:45:37,807 - Step 03914: 4950.2402 E_h, exp. variance=1.1462 E_h^2, pmove=0.50
2026-06-09 02:45:38,155 - Step 03915: 4949.4541 E_h, exp. variance=1.0437 E_h^2, pmove=0.49
2026-06-09 02:45:38,504 - Step 03916: 4948.8564 E_h, exp. variance=0.9458 E_h^2, pmove=0.50
2026-06-09 02:45:38,853 - Step 03917: 4947.3979 E_h, exp. variance=1.1107 E_h^2, pmove=0.50
2026-06-09 02:45:39,200 - Step 03918: 4949.0693 E_h, exp. variance=1.0015 E_h^2, pmove=0.50
2026-06-09 02:45:39,548 - Step 03919: 4948.0664 E_h, exp. variance=0.9701 E_h^2, pmove=0.50
2026-06-09 02:45:39,896 - Step 03920: 4948.3706 E_h, exp. variance=0.8940 E_h^2, pmove=0.50
2026-06-09 02:45:40,244 - Step 03921: 4947.9375 E_h, exp. variance=0.8723 E_h^2, pmove=0.50
2026-06-09 02:45:40,590 - Step 03922: 4948.8301 E_h, exp. variance=0.7862 E_h^2, pmove=0.50
2026-06-09 02:45:40,938 - Step 03923: 4948.7285 E_h, exp. variance=0.7076 E_h^2, pmove=0.50
2026-06-09 02:45:41,285 - Step 03924: 4950.1694 E_h, exp. variance=0.8236 E_h^2, pmove=0.50
2026-06-09 02:45:41,632 - Step 03925: 4949.3008 E_h, exp. variance=0.7577 E_h^2, pmove=0.50
2026-06-09 02:45:41,980 - Step 03926: 4948.6875 E_h, exp. variance=0.6866 E_h^2, pmove=0.51
2026-06-09 02:45:42,330 - Step 03927: 4948.1055 E_h, exp. variance=0.6738 E_h^2, pmove=0.49
2026-06-09 02:45:42,680 - Step 03928: 4948.4165 E_h, exp. variance=0.6207 E_h^2, pmove=0.51
2026-06-09 02:45:43,028 - Step 03929: 4947.6533 E_h, exp. variance=0.6717 E_h^2, pmove=0.49
2026-06-09 02:45:43,376 - Step 03930: 4947.2168 E_h, exp. variance=0.7925 E_h^2, pmove=0.50
2026-06-09 02:45:43,726 - Step 03931: 4948.5269 E_h, exp. variance=0.7133 E_h^2, pmove=0.49
2026-06-09 02:45:44,075 - Step 03932: 4949.0684 E_h, exp. variance=0.6692 E_h^2, pmove=0.50
2026-06-09 02:45:44,422 - Step 03933: 4948.5811 E_h, exp. variance=0.6023 E_h^2, pmove=0.50
2026-06-09 02:45:44,770 - Step 03934: 4947.1484 E_h, exp. variance=0.7250 E_h^2, pmove=0.50
2026-06-09 02:45:45,119 - Step 03935: 4947.8735 E_h, exp. variance=0.6805 E_h^2, pmove=0.50
2026-06-09 02:45:45,467 - Step 03936: 4947.4961 E_h, exp. variance=0.6821 E_h^2, pmove=0.50
2026-06-09 02:45:45,813 - Step 03937: 4947.8477 E_h, exp. variance=0.6314 E_h^2, pmove=0.50
2026-06-09 02:45:46,162 - Step 03938: 4947.6450 E_h, exp. variance=0.6006 E_h^2, pmove=0.50
2026-06-09 02:45:46,511 - Step 03939: 4947.2119 E_h, exp. variance=0.6256 E_h^2, pmove=0.50
2026-06-09 02:45:46,865 - Step 03940: 4947.4355 E_h, exp. variance=0.6012 E_h^2, pmove=0.51
2026-06-09 02:45:47,216 - Step 03941: 4947.4399 E_h, exp. variance=0.5716 E_h^2, pmove=0.51
2026-06-09 02:45:47,564 - Step 03942: 4949.4043 E_h, exp. variance=0.7011 E_h^2, pmove=0.51
2026-06-09 02:45:47,912 - Step 03943: 4947.3608 E_h, exp. variance=0.6813 E_h^2, pmove=0.50
2026-06-09 02:45:48,256 - Step 03944: 4948.4858 E_h, exp. variance=0.6316 E_h^2, pmove=0.50
2026-06-09 02:45:48,606 - Step 03945: 4947.7612 E_h, exp. variance=0.5775 E_h^2, pmove=0.50
2026-06-09 02:45:48,952 - Step 03946: 4947.5967 E_h, exp. variance=0.5380 E_h^2, pmove=0.50
2026-06-09 02:45:49,299 - Step 03947: 4947.6699 E_h, exp. variance=0.4941 E_h^2, pmove=0.51
2026-06-09 02:45:49,658 - Step 03948: 4948.2871 E_h, exp. variance=0.4538 E_h^2, pmove=0.50
2026-06-09 02:45:50,006 - Step 03949: 4947.2344 E_h, exp. variance=0.4613 E_h^2, pmove=0.51
2026-06-09 02:45:50,351 - Step 03950: 4946.9824 E_h, exp. variance=0.4949 E_h^2, pmove=0.50
2026-06-09 02:45:50,700 - Step 03951: 4946.6885 E_h, exp. variance=0.5626 E_h^2, pmove=0.51
2026-06-09 02:45:51,048 - Step 03952: 4947.4521 E_h, exp. variance=0.5126 E_h^2, pmove=0.51
2026-06-09 02:45:51,395 - Step 03953: 4946.9434 E_h, exp. variance=0.5113 E_h^2, pmove=0.50
2026-06-09 02:45:51,741 - Step 03954: 4947.5024 E_h, exp. variance=0.4613 E_h^2, pmove=0.51
2026-06-09 02:45:52,090 - Step 03955: 4946.0732 E_h, exp. variance=0.6258 E_h^2, pmove=0.50
2026-06-09 02:45:52,438 - Step 03956: 4946.5723 E_h, exp. variance=0.6326 E_h^2, pmove=0.51
2026-06-09 02:45:52,786 - Step 03957: 4947.3730 E_h, exp. variance=0.5694 E_h^2, pmove=0.50
2026-06-09 02:45:53,133 - Step 03958: 4947.1948 E_h, exp. variance=0.5150 E_h^2, pmove=0.50
2026-06-09 02:45:53,482 - Step 03959: 4947.5449 E_h, exp. variance=0.4670 E_h^2, pmove=0.50
2026-06-09 02:45:53,832 - Step 03960: 4947.6377 E_h, exp. variance=0.4269 E_h^2, pmove=0.50
2026-06-09 02:45:54,178 - Step 03961: 4947.0908 E_h, exp. variance=0.3925 E_h^2, pmove=0.50
2026-06-09 02:45:54,524 - Step 03962: 4948.1743 E_h, exp. variance=0.4124 E_h^2, pmove=0.50
2026-06-09 02:45:54,876 - Step 03963: 4948.1763 E_h, exp. variance=0.4194 E_h^2, pmove=0.49
2026-06-09 02:45:55,222 - Step 03964: 4948.4580 E_h, exp. variance=0.4571 E_h^2, pmove=0.50
2026-06-09 02:45:55,570 - Step 03965: 4948.7734 E_h, exp. variance=0.5328 E_h^2, pmove=0.50
2026-06-09 02:45:55,916 - Step 03966: 4948.1040 E_h, exp. variance=0.4922 E_h^2, pmove=0.50
2026-06-09 02:45:56,264 - Step 03967: 4946.9775 E_h, exp. variance=0.4989 E_h^2, pmove=0.50
2026-06-09 02:45:56,614 - Step 03968: 4948.3301 E_h, exp. variance=0.4862 E_h^2, pmove=0.50
2026-06-09 02:45:56,961 - Step 03969: 4947.5776 E_h, exp. variance=0.4403 E_h^2, pmove=0.50
2026-06-09 02:45:57,308 - Step 03970: 4946.0913 E_h, exp. variance=0.6391 E_h^2, pmove=0.50
2026-06-09 02:45:57,657 - Step 03971: 4946.3452 E_h, exp. variance=0.7102 E_h^2, pmove=0.49
2026-06-09 02:45:58,007 - Step 03972: 4947.1250 E_h, exp. variance=0.6485 E_h^2, pmove=0.51
2026-06-09 02:45:58,355 - Step 03973: 4946.3945 E_h, exp. variance=0.6774 E_h^2, pmove=0.50
2026-06-09 02:45:58,701 - Step 03974: 4948.6680 E_h, exp. variance=0.7749 E_h^2, pmove=0.50
2026-06-09 02:45:59,049 - Step 03975: 4948.1953 E_h, exp. variance=0.7476 E_h^2, pmove=0.50
2026-06-09 02:45:59,396 - Step 03976: 4947.5488 E_h, exp. variance=0.6729 E_h^2, pmove=0.50
2026-06-09 02:45:59,743 - Step 03977: 4946.4038 E_h, exp. variance=0.7189 E_h^2, pmove=0.50
2026-06-09 02:46:00,089 - Step 03978: 4947.1787 E_h, exp. variance=0.6519 E_h^2, pmove=0.50
2026-06-09 02:46:00,438 - Step 03979: 4947.1836 E_h, exp. variance=0.5905 E_h^2, pmove=0.51
2026-06-09 02:46:00,786 - Step 03980: 4947.8770 E_h, exp. variance=0.5547 E_h^2, pmove=0.50
2026-06-09 02:46:01,133 - Step 03981: 4947.3994 E_h, exp. variance=0.4993 E_h^2, pmove=0.50
2026-06-09 02:46:01,482 - Step 03982: 4947.0723 E_h, exp. variance=0.4601 E_h^2, pmove=0.50
2026-06-09 02:46:01,831 - Step 03983: 4946.2788 E_h, exp. variance=0.5239 E_h^2, pmove=0.50
2026-06-09 02:46:02,178 - Step 03984: 4947.1611 E_h, exp. variance=0.4726 E_h^2, pmove=0.50
2026-06-09 02:46:02,527 - Step 03985: 4946.8369 E_h, exp. variance=0.4416 E_h^2, pmove=0.50
2026-06-09 02:46:02,871 - Step 03986: 4946.3311 E_h, exp. variance=0.4684 E_h^2, pmove=0.50
2026-06-09 02:46:03,218 - Step 03987: 4946.3433 E_h, exp. variance=0.4773 E_h^2, pmove=0.50
2026-06-09 02:46:03,569 - Step 03988: 4945.0693 E_h, exp. variance=0.7833 E_h^2, pmove=0.50
2026-06-09 02:46:03,919 - Step 03989: 4947.5103 E_h, exp. variance=0.7438 E_h^2, pmove=0.50
2026-06-09 02:46:04,266 - Step 03990: 4946.0225 E_h, exp. variance=0.7417 E_h^2, pmove=0.50
2026-06-09 02:46:04,616 - Step 03991: 4947.5488 E_h, exp. variance=0.7142 E_h^2, pmove=0.50
2026-06-09 02:46:04,962 - Step 03992: 4947.2617 E_h, exp. variance=0.6545 E_h^2, pmove=0.50
2026-06-09 02:46:05,313 - Step 03993: 4946.6338 E_h, exp. variance=0.5973 E_h^2, pmove=0.50
2026-06-09 02:46:05,663 - Step 03994: 4946.7998 E_h, exp. variance=0.5386 E_h^2, pmove=0.50
2026-06-09 02:46:06,009 - Step 03995: 4947.4482 E_h, exp. variance=0.5122 E_h^2, pmove=0.50
2026-06-09 02:46:06,358 - Step 03996: 4947.5254 E_h, exp. variance=0.4907 E_h^2, pmove=0.50
2026-06-09 02:46:06,706 - Step 03997: 4947.6875 E_h, exp. variance=0.4831 E_h^2, pmove=0.50
2026-06-09 02:46:07,051 - Step 03998: 4947.6777 E_h, exp. variance=0.4673 E_h^2, pmove=0.50
2026-06-09 02:46:07,398 - Step 03999: 4947.0508 E_h, exp. variance=0.4212 E_h^2, pmove=0.51
2026-06-09 02:46:07,754 - Step 04000: 4946.9102 E_h, exp. variance=0.3833 E_h^2, pmove=0.50
2026-06-09 02:46:08,104 - Step 04001: 4947.6772 E_h, exp. variance=0.3744 E_h^2, pmove=0.50
2026-06-09 02:46:08,450 - Step 04002: 4947.6475 E_h, exp. variance=0.3581 E_h^2, pmove=0.50
2026-06-09 02:46:08,797 - Step 04003: 4946.7607 E_h, exp. variance=0.3405 E_h^2, pmove=0.50
2026-06-09 02:46:09,151 - Step 04004: 4946.5415 E_h, exp. variance=0.3416 E_h^2, pmove=0.50
2026-06-09 02:46:09,503 - Step 04005: 4947.1665 E_h, exp. variance=0.3078 E_h^2, pmove=0.50
2026-06-09 02:46:09,859 - Step 04006: 4947.5166 E_h, exp. variance=0.2919 E_h^2, pmove=0.50
2026-06-09 02:46:10,208 - Step 04007: 4947.7749 E_h, exp. variance=0.2978 E_h^2, pmove=0.50
2026-06-09 02:46:10,561 - Step 04008: 4946.6152 E_h, exp. variance=0.3002 E_h^2, pmove=0.50
2026-06-09 02:46:10,911 - Step 04009: 4947.8618 E_h, exp. variance=0.3153 E_h^2, pmove=0.50
2026-06-09 02:46:11,259 - Step 04010: 4947.7861 E_h, exp. variance=0.3122 E_h^2, pmove=0.50
2026-06-09 02:46:11,610 - Step 04011: 4948.0200 E_h, exp. variance=0.3303 E_h^2, pmove=0.50
2026-06-09 02:46:11,961 - Step 04012: 4947.3037 E_h, exp. variance=0.2975 E_h^2, pmove=0.49
2026-06-09 02:46:12,310 - Step 04013: 4948.6382 E_h, exp. variance=0.4172 E_h^2, pmove=0.50
2026-06-09 02:46:12,657 - Step 04014: 4948.0171 E_h, exp. variance=0.4015 E_h^2, pmove=0.51
2026-06-09 02:46:13,006 - Step 04015: 4949.6611 E_h, exp. variance=0.7693 E_h^2, pmove=0.50
2026-06-09 02:46:13,352 - Step 04016: 4948.8843 E_h, exp. variance=0.8092 E_h^2, pmove=0.50
2026-06-09 02:46:13,699 - Step 04017: 4948.3735 E_h, exp. variance=0.7521 E_h^2, pmove=0.50
2026-06-09 02:46:14,046 - Step 04018: 4946.9888 E_h, exp. variance=0.7533 E_h^2, pmove=0.50
2026-06-09 02:46:14,396 - Step 04019: 4948.4873 E_h, exp. variance=0.7183 E_h^2, pmove=0.50
2026-06-09 02:46:14,745 - Step 04020: 4946.5195 E_h, exp. variance=0.8142 E_h^2, pmove=0.49
2026-06-09 02:46:15,093 - Step 04021: 4946.7163 E_h, exp. variance=0.8286 E_h^2, pmove=0.50
2026-06-09 02:46:15,442 - Step 04022: 4945.7261 E_h, exp. variance=1.0771 E_h^2, pmove=0.50
2026-06-09 02:46:15,799 - Step 04023: 4946.6040 E_h, exp. variance=1.0343 E_h^2, pmove=0.50
2026-06-09 02:46:16,157 - Step 04024: 4944.9033 E_h, exp. variance=1.4777 E_h^2, pmove=0.50
2026-06-09 02:46:16,515 - Step 04025: 4946.2842 E_h, exp. variance=1.3930 E_h^2, pmove=0.51
2026-06-09 02:46:16,868 - Step 04026: 4946.3525 E_h, exp. variance=1.2960 E_h^2, pmove=0.51
2026-06-09 02:46:17,221 - Step 04027: 4946.4180 E_h, exp. variance=1.1938 E_h^2, pmove=0.51
2026-06-09 02:46:17,570 - Step 04028: 4947.0449 E_h, exp. variance=1.0760 E_h^2, pmove=0.50
2026-06-09 02:46:17,920 - Step 04029: 4945.9033 E_h, exp. variance=1.0628 E_h^2, pmove=0.50
2026-06-09 02:46:18,270 - Step 04030: 4946.2827 E_h, exp. variance=0.9830 E_h^2, pmove=0.50
2026-06-09 02:46:18,618 - Step 04031: 4946.6743 E_h, exp. variance=0.8856 E_h^2, pmove=0.50
2026-06-09 02:46:18,967 - Step 04032: 4947.6489 E_h, exp. variance=0.8679 E_h^2, pmove=0.50
2026-06-09 02:46:19,317 - Step 04033: 4945.9482 E_h, exp. variance=0.8543 E_h^2, pmove=0.50
2026-06-09 02:46:19,669 - Step 04034: 4947.4941 E_h, exp. variance=0.8174 E_h^2, pmove=0.51
2026-06-09 02:46:20,018 - Step 04035: 4945.6968 E_h, exp. variance=0.8519 E_h^2, pmove=0.50
2026-06-09 02:46:20,373 - Step 04036: 4947.2808 E_h, exp. variance=0.7951 E_h^2, pmove=0.50
2026-06-09 02:46:20,724 - Step 04037: 4946.0205 E_h, exp. variance=0.7669 E_h^2, pmove=0.50
2026-06-09 02:46:21,077 - Step 04038: 4948.4375 E_h, exp. variance=0.9620 E_h^2, pmove=0.50
2026-06-09 02:46:21,425 - Step 04039: 4947.3486 E_h, exp. variance=0.8861 E_h^2, pmove=0.50
2026-06-09 02:46:21,779 - Step 04040: 4948.8740 E_h, exp. variance=1.1408 E_h^2, pmove=0.51
2026-06-09 02:46:22,127 - Step 04041: 4946.9238 E_h, exp. variance=1.0300 E_h^2, pmove=0.50
2026-06-09 02:46:22,477 - Step 04042: 4947.8018 E_h, exp. variance=0.9717 E_h^2, pmove=0.52
2026-06-09 02:46:22,824 - Step 04043: 4947.8174 E_h, exp. variance=0.9126 E_h^2, pmove=0.50
2026-06-09 02:46:23,174 - Step 04044: 4948.6602 E_h, exp. variance=1.0048 E_h^2, pmove=0.51
2026-06-09 02:46:23,522 - Step 04045: 4946.1191 E_h, exp. variance=1.0462 E_h^2, pmove=0.50
2026-06-09 02:46:23,869 - Step 04046: 4948.4106 E_h, exp. variance=1.0630 E_h^2, pmove=0.50
2026-06-09 02:46:24,217 - Step 04047: 4945.9502 E_h, exp. variance=1.1370 E_h^2, pmove=0.50
2026-06-09 02:46:24,569 - Step 04048: 4948.1162 E_h, exp. variance=1.0949 E_h^2, pmove=0.50
2026-06-09 02:46:24,918 - Step 04049: 4947.8994 E_h, exp. variance=1.0163 E_h^2, pmove=0.50
2026-06-09 02:46:25,267 - Step 04050: 4949.1021 E_h, exp. variance=1.1840 E_h^2, pmove=0.50
2026-06-09 02:46:25,619 - Step 04051: 4948.1963 E_h, exp. variance=1.1038 E_h^2, pmove=0.50
2026-06-09 02:46:25,968 - Step 04052: 4947.6870 E_h, exp. variance=0.9940 E_h^2, pmove=0.50
2026-06-09 02:46:26,316 - Step 04053: 4947.8252 E_h, exp. variance=0.8985 E_h^2, pmove=0.50
2026-06-09 02:46:26,667 - Step 04054: 4946.7930 E_h, exp. variance=0.8730 E_h^2, pmove=0.50
2026-06-09 02:46:27,015 - Step 04055: 4946.8789 E_h, exp. variance=0.8267 E_h^2, pmove=0.50
2026-06-09 02:46:27,362 - Step 04056: 4946.7451 E_h, exp. variance=0.7936 E_h^2, pmove=0.50
2026-06-09 02:46:27,710 - Step 04057: 4947.4243 E_h, exp. variance=0.7142 E_h^2, pmove=0.50
2026-06-09 02:46:28,058 - Step 04058: 4946.3721 E_h, exp. variance=0.7404 E_h^2, pmove=0.50
2026-06-09 02:46:28,403 - Step 04059: 4946.5083 E_h, exp. variance=0.7242 E_h^2, pmove=0.50
2026-06-09 02:46:28,749 - Step 04060: 4945.4897 E_h, exp. variance=0.9242 E_h^2, pmove=0.51
2026-06-09 02:46:29,114 - Step 04061: 4945.9355 E_h, exp. variance=0.9447 E_h^2, pmove=0.50
2026-06-09 02:46:29,471 - Step 04062: 4947.3467 E_h, exp. variance=0.8648 E_h^2, pmove=0.50
2026-06-09 02:46:29,820 - Step 04063: 4948.4600 E_h, exp. variance=0.9743 E_h^2, pmove=0.50
2026-06-09 02:46:30,182 - Step 04064: 4947.4741 E_h, exp. variance=0.8874 E_h^2, pmove=0.49
2026-06-09 02:46:30,531 - Step 04065: 4947.6729 E_h, exp. variance=0.8218 E_h^2, pmove=0.51
2026-06-09 02:46:30,888 - Step 04066: 4947.4131 E_h, exp. variance=0.7431 E_h^2, pmove=0.50
2026-06-09 02:46:31,241 - Step 04067: 4947.1943 E_h, exp. variance=0.6689 E_h^2, pmove=0.50
2026-06-09 02:46:31,590 - Step 04068: 4946.5381 E_h, exp. variance=0.6454 E_h^2, pmove=0.50
2026-06-09 02:46:31,937 - Step 04069: 4946.5063 E_h, exp. variance=0.6196 E_h^2, pmove=0.50
2026-06-09 02:46:32,288 - Step 04070: 4946.8877 E_h, exp. variance=0.5616 E_h^2, pmove=0.50
2026-06-09 02:46:32,636 - Step 04071: 4947.8774 E_h, exp. variance=0.5632 E_h^2, pmove=0.50
2026-06-09 02:46:32,999 - Step 04072: 4946.2485 E_h, exp. variance=0.5810 E_h^2, pmove=0.49
2026-06-09 02:46:33,381 - Step 04073: 4948.2510 E_h, exp. variance=0.6494 E_h^2, pmove=0.50
2026-06-09 02:46:33,735 - Step 04074: 4945.4980 E_h, exp. variance=0.8403 E_h^2, pmove=0.51
2026-06-09 02:46:34,085 - Step 04075: 4947.9277 E_h, exp. variance=0.8312 E_h^2, pmove=0.50
2026-06-09 02:46:34,434 - Step 04076: 4945.9106 E_h, exp. variance=0.8769 E_h^2, pmove=0.50
2026-06-09 02:46:34,784 - Step 04077: 4948.1221 E_h, exp. variance=0.9051 E_h^2, pmove=0.50
2026-06-09 02:46:35,134 - Step 04078: 4946.1777 E_h, exp. variance=0.8912 E_h^2, pmove=0.50
2026-06-09 02:46:35,485 - Step 04079: 4946.9282 E_h, exp. variance=0.8027 E_h^2, pmove=0.50
2026-06-09 02:46:35,833 - Step 04080: 4947.6348 E_h, exp. variance=0.7586 E_h^2, pmove=0.50
2026-06-09 02:46:36,182 - Step 04081: 4948.7441 E_h, exp. variance=0.9368 E_h^2, pmove=0.49
2026-06-09 02:46:36,529 - Step 04082: 4946.9521 E_h, exp. variance=0.8502 E_h^2, pmove=0.50
2026-06-09 02:46:36,874 - Step 04083: 4946.4937 E_h, exp. variance=0.8106 E_h^2, pmove=0.50
2026-06-09 02:46:37,223 - Step 04084: 4947.5215 E_h, exp. variance=0.7431 E_h^2, pmove=0.51
2026-06-09 02:46:37,571 - Step 04085: 4946.7324 E_h, exp. variance=0.6862 E_h^2, pmove=0.50
2026-06-09 02:46:37,921 - Step 04086: 4947.3340 E_h, exp. variance=0.6214 E_h^2, pmove=0.50
2026-06-09 02:46:38,269 - Step 04087: 4946.4644 E_h, exp. variance=0.6014 E_h^2, pmove=0.50
2026-06-09 02:46:38,618 - Step 04088: 4947.5996 E_h, exp. variance=0.5655 E_h^2, pmove=0.50
2026-06-09 02:46:38,969 - Step 04089: 4947.4141 E_h, exp. variance=0.5161 E_h^2, pmove=0.50
2026-06-09 02:46:39,321 - Step 04090: 4946.3633 E_h, exp. variance=0.5217 E_h^2, pmove=0.51
2026-06-09 02:46:39,672 - Step 04091: 4946.9717 E_h, exp. variance=0.4706 E_h^2, pmove=0.50
2026-06-09 02:46:40,021 - Step 04092: 4947.3770 E_h, exp. variance=0.4320 E_h^2, pmove=0.51
2026-06-09 02:46:40,370 - Step 04093: 4948.1670 E_h, exp. variance=0.4912 E_h^2, pmove=0.50
2026-06-09 02:46:40,720 - Step 04094: 4947.7354 E_h, exp. variance=0.4672 E_h^2, pmove=0.50
2026-06-09 02:46:41,068 - Step 04095: 4947.8057 E_h, exp. variance=0.4473 E_h^2, pmove=0.50
2026-06-09 02:46:41,417 - Step 04096: 4946.9512 E_h, exp. variance=0.4144 E_h^2, pmove=0.50
2026-06-09 02:46:41,767 - Step 04097: 4948.7202 E_h, exp. variance=0.5601 E_h^2, pmove=0.50
2026-06-09 02:46:42,117 - Step 04098: 4947.5146 E_h, exp. variance=0.5048 E_h^2, pmove=0.50
2026-06-09 02:46:42,468 - Step 04099: 4948.2051 E_h, exp. variance=0.5082 E_h^2, pmove=0.50
2026-06-09 02:46:42,815 - Step 04100: 4947.8555 E_h, exp. variance=0.4682 E_h^2, pmove=0.50
2026-06-09 02:46:43,165 - Step 04101: 4946.8574 E_h, exp. variance=0.4637 E_h^2, pmove=0.50
2026-06-09 02:46:43,520 - Step 04102: 4946.7266 E_h, exp. variance=0.4677 E_h^2, pmove=0.50
2026-06-09 02:46:43,872 - Step 04103: 4946.1196 E_h, exp. variance=0.5685 E_h^2, pmove=0.50
2026-06-09 02:46:44,226 - Step 04104: 4946.4121 E_h, exp. variance=0.5782 E_h^2, pmove=0.50
2026-06-09 02:46:44,574 - Step 04105: 4947.1260 E_h, exp. variance=0.5207 E_h^2, pmove=0.50
2026-06-09 02:46:44,922 - Step 04106: 4947.9326 E_h, exp. variance=0.5196 E_h^2, pmove=0.50
2026-06-09 02:46:45,278 - Step 04107: 4948.0508 E_h, exp. variance=0.5245 E_h^2, pmove=0.49
2026-06-09 02:46:45,629 - Step 04108: 4948.4082 E_h, exp. variance=0.5758 E_h^2, pmove=0.50
2026-06-09 02:46:45,979 - Step 04109: 4947.1934 E_h, exp. variance=0.5238 E_h^2, pmove=0.50
2026-06-09 02:46:46,331 - Step 04110: 4946.9932 E_h, exp. variance=0.4876 E_h^2, pmove=0.50
2026-06-09 02:46:46,681 - Step 04111: 4947.3818 E_h, exp. variance=0.4388 E_h^2, pmove=0.50
2026-06-09 02:46:47,033 - Step 04112: 4946.7988 E_h, exp. variance=0.4249 E_h^2, pmove=0.51
2026-06-09 02:46:47,383 - Step 04113: 4946.6094 E_h, exp. variance=0.4276 E_h^2, pmove=0.50
2026-06-09 02:46:47,733 - Step 04114: 4947.3770 E_h, exp. variance=0.3863 E_h^2, pmove=0.50
2026-06-09 02:46:48,083 - Step 04115: 4948.5122 E_h, exp. variance=0.4888 E_h^2, pmove=0.50
2026-06-09 02:46:48,432 - Step 04116: 4947.2881 E_h, exp. variance=0.4407 E_h^2, pmove=0.50
2026-06-09 02:46:48,781 - Step 04117: 4947.1890 E_h, exp. variance=0.3998 E_h^2, pmove=0.50
2026-06-09 02:46:49,130 - Step 04118: 4946.1719 E_h, exp. variance=0.4862 E_h^2, pmove=0.50
2026-06-09 02:46:49,478 - Step 04119: 4946.0693 E_h, exp. variance=0.5606 E_h^2, pmove=0.50
2026-06-09 02:46:49,827 - Step 04120: 4947.3872 E_h, exp. variance=0.5109 E_h^2, pmove=0.50
2026-06-09 02:46:50,174 - Step 04121: 4947.1748 E_h, exp. variance=0.4598 E_h^2, pmove=0.50
2026-06-09 02:46:50,522 - Step 04122: 4946.7744 E_h, exp. variance=0.4266 E_h^2, pmove=0.50
2026-06-09 02:46:50,871 - Step 04123: 4948.4004 E_h, exp. variance=0.5331 E_h^2, pmove=0.50
2026-06-09 02:46:51,219 - Step 04124: 4946.9067 E_h, exp. variance=0.4899 E_h^2, pmove=0.50
2026-06-09 02:46:51,578 - Step 04125: 4948.5742 E_h, exp. variance=0.6089 E_h^2, pmove=0.51
2026-06-09 02:46:51,929 - Step 04126: 4947.9160 E_h, exp. variance=0.5774 E_h^2, pmove=0.50
2026-06-09 02:46:52,280 - Step 04127: 4946.8594 E_h, exp. variance=0.5461 E_h^2, pmove=0.50
2026-06-09 02:46:52,634 - Step 04128: 4947.4336 E_h, exp. variance=0.4922 E_h^2, pmove=0.51
2026-06-09 02:46:52,984 - Step 04129: 4947.8057 E_h, exp. variance=0.4611 E_h^2, pmove=0.50
2026-06-09 02:46:53,338 - Step 04130: 4947.9653 E_h, exp. variance=0.4436 E_h^2, pmove=0.50
2026-06-09 02:46:53,691 - Step 04131: 4946.7871 E_h, exp. variance=0.4398 E_h^2, pmove=0.50
2026-06-09 02:46:54,043 - Step 04132: 4946.9443 E_h, exp. variance=0.4138 E_h^2, pmove=0.50
2026-06-09 02:46:54,394 - Step 04133: 4947.0439 E_h, exp. variance=0.3806 E_h^2, pmove=0.50
2026-06-09 02:46:54,745 - Step 04134: 4946.2368 E_h, exp. variance=0.4475 E_h^2, pmove=0.50
2026-06-09 02:46:55,093 - Step 04135: 4946.4424 E_h, exp. variance=0.4556 E_h^2, pmove=0.51
2026-06-09 02:46:55,440 - Step 04136: 4945.8638 E_h, exp. variance=0.5547 E_h^2, pmove=0.50
2026-06-09 02:46:55,789 - Step 04137: 4945.8569 E_h, exp. variance=0.6178 E_h^2, pmove=0.50
2026-06-09 02:46:56,136 - Step 04138: 4946.9570 E_h, exp. variance=0.5565 E_h^2, pmove=0.50
2026-06-09 02:46:56,484 - Step 04139: 4946.9668 E_h, exp. variance=0.5013 E_h^2, pmove=0.50
2026-06-09 02:46:56,835 - Step 04140: 4945.9575 E_h, exp. variance=0.5317 E_h^2, pmove=0.51
2026-06-09 02:46:57,184 - Step 04141: 4946.4180 E_h, exp. variance=0.4923 E_h^2, pmove=0.50
2026-06-09 02:46:57,537 - Step 04142: 4947.8882 E_h, exp. variance=0.5556 E_h^2, pmove=0.50
2026-06-09 02:46:57,888 - Step 04143: 4947.5249 E_h, exp. variance=0.5373 E_h^2, pmove=0.50
2026-06-09 02:46:58,245 - Step 04144: 4948.0015 E_h, exp. variance=0.5837 E_h^2, pmove=0.50
2026-06-09 02:46:58,600 - Step 04145: 4946.3896 E_h, exp. variance=0.5648 E_h^2, pmove=0.50
2026-06-09 02:46:58,951 - Step 04146: 4946.3237 E_h, exp. variance=0.5477 E_h^2, pmove=0.50
2026-06-09 02:46:59,302 - Step 04147: 4946.4941 E_h, exp. variance=0.5092 E_h^2, pmove=0.49
2026-06-09 02:46:59,654 - Step 04148: 4946.8809 E_h, exp. variance=0.4583 E_h^2, pmove=0.50
2026-06-09 02:47:00,003 - Step 04149: 4946.9463 E_h, exp. variance=0.4129 E_h^2, pmove=0.50
2026-06-09 02:47:00,351 - Step 04150: 4947.8506 E_h, exp. variance=0.4557 E_h^2, pmove=0.50
2026-06-09 02:47:00,700 - Step 04151: 4946.8682 E_h, exp. variance=0.4113 E_h^2, pmove=0.50
2026-06-09 02:47:01,049 - Step 04152: 4947.2168 E_h, exp. variance=0.3757 E_h^2, pmove=0.50
2026-06-09 02:47:01,400 - Step 04153: 4947.1533 E_h, exp. variance=0.3404 E_h^2, pmove=0.50
2026-06-09 02:47:01,749 - Step 04154: 4947.1553 E_h, exp. variance=0.3082 E_h^2, pmove=0.50
2026-06-09 02:47:02,099 - Step 04155: 4947.9087 E_h, exp. variance=0.3477 E_h^2, pmove=0.50
2026-06-09 02:47:02,446 - Step 04156: 4947.5732 E_h, exp. variance=0.3320 E_h^2, pmove=0.50
2026-06-09 02:47:02,794 - Step 04157: 4946.1006 E_h, exp. variance=0.3996 E_h^2, pmove=0.49
2026-06-09 02:47:03,142 - Step 04158: 4946.7119 E_h, exp. variance=0.3702 E_h^2, pmove=0.51
2026-06-09 02:47:03,513 - Step 04159: 4945.8193 E_h, exp. variance=0.4627 E_h^2, pmove=0.50
2026-06-09 02:47:03,884 - Step 04160: 4946.2236 E_h, exp. variance=0.4575 E_h^2, pmove=0.50
2026-06-09 02:47:04,239 - Step 04161: 4945.3906 E_h, exp. variance=0.5986 E_h^2, pmove=0.49
2026-06-09 02:47:04,591 - Step 04162: 4946.7686 E_h, exp. variance=0.5393 E_h^2, pmove=0.50
2026-06-09 02:47:04,945 - Step 04163: 4945.5557 E_h, exp. variance=0.6024 E_h^2, pmove=0.50
2026-06-09 02:47:05,298 - Step 04164: 4946.9009 E_h, exp. variance=0.5513 E_h^2, pmove=0.50
2026-06-09 02:47:05,650 - Step 04165: 4946.5645 E_h, exp. variance=0.4964 E_h^2, pmove=0.50
2026-06-09 02:47:06,002 - Step 04166: 4947.4336 E_h, exp. variance=0.5079 E_h^2, pmove=0.50
2026-06-09 02:47:06,354 - Step 04167: 4947.4150 E_h, exp. variance=0.5043 E_h^2, pmove=0.50
2026-06-09 02:47:06,708 - Step 04168: 4947.2109 E_h, exp. variance=0.4719 E_h^2, pmove=0.50
2026-06-09 02:47:07,059 - Step 04169: 4947.0562 E_h, exp. variance=0.4302 E_h^2, pmove=0.50
2026-06-09 02:47:07,417 - Step 04170: 4945.9741 E_h, exp. variance=0.4536 E_h^2, pmove=0.49
2026-06-09 02:47:07,772 - Step 04171: 4947.5547 E_h, exp. variance=0.4669 E_h^2, pmove=0.50
2026-06-09 02:47:08,124 - Step 04172: 4946.8545 E_h, exp. variance=0.4203 E_h^2, pmove=0.49
2026-06-09 02:47:08,483 - Step 04173: 4947.0786 E_h, exp. variance=0.3838 E_h^2, pmove=0.51
2026-06-09 02:47:08,838 - Step 04174: 4946.5532 E_h, exp. variance=0.3536 E_h^2, pmove=0.50
2026-06-09 02:47:09,191 - Step 04175: 4947.3208 E_h, exp. variance=0.3404 E_h^2, pmove=0.50
2026-06-09 02:47:09,541 - Step 04176: 4946.0376 E_h, exp. variance=0.3694 E_h^2, pmove=0.50
2026-06-09 02:47:09,898 - Step 04177: 4947.9849 E_h, exp. variance=0.4608 E_h^2, pmove=0.51
2026-06-09 02:47:10,253 - Step 04178: 4945.9258 E_h, exp. variance=0.5019 E_h^2, pmove=0.50
2026-06-09 02:47:10,608 - Step 04179: 4947.8652 E_h, exp. variance=0.5516 E_h^2, pmove=0.51
2026-06-09 02:47:10,963 - Step 04180: 4946.2373 E_h, exp. variance=0.5381 E_h^2, pmove=0.49
2026-06-09 02:47:11,315 - Step 04181: 4948.1504 E_h, exp. variance=0.6366 E_h^2, pmove=0.50
2026-06-09 02:47:11,665 - Step 04182: 4948.2627 E_h, exp. variance=0.7212 E_h^2, pmove=0.50
2026-06-09 02:47:12,016 - Step 04183: 4947.8604 E_h, exp. variance=0.7000 E_h^2, pmove=0.51
2026-06-09 02:47:12,371 - Step 04184: 4947.0117 E_h, exp. variance=0.6327 E_h^2, pmove=0.51
2026-06-09 02:47:12,721 - Step 04185: 4946.7769 E_h, exp. variance=0.5830 E_h^2, pmove=0.50
2026-06-09 02:47:13,072 - Step 04186: 4945.6211 E_h, exp. variance=0.7288 E_h^2, pmove=0.50
2026-06-09 02:47:13,425 - Step 04187: 4946.7520 E_h, exp. variance=0.6605 E_h^2, pmove=0.50
2026-06-09 02:47:13,775 - Step 04188: 4947.0698 E_h, exp. variance=0.5956 E_h^2, pmove=0.50
2026-06-09 02:47:14,126 - Step 04189: 4945.3301 E_h, exp. variance=0.7769 E_h^2, pmove=0.50
2026-06-09 02:47:14,478 - Step 04190: 4945.3203 E_h, exp. variance=0.8968 E_h^2, pmove=0.51
2026-06-09 02:47:14,830 - Step 04191: 4948.3491 E_h, exp. variance=1.0657 E_h^2, pmove=0.50
2026-06-09 02:47:15,182 - Step 04192: 4948.8066 E_h, exp. variance=1.3130 E_h^2, pmove=0.50
2026-06-09 02:47:15,536 - Step 04193: 4949.7744 E_h, exp. variance=1.8635 E_h^2, pmove=0.49
2026-06-09 02:47:15,892 - Step 04194: 4948.6748 E_h, exp. variance=1.8479 E_h^2, pmove=0.49
2026-06-09 02:47:16,250 - Step 04195: 4948.7314 E_h, exp. variance=1.8144 E_h^2, pmove=0.49
2026-06-09 02:47:16,604 - Step 04196: 4947.4307 E_h, exp. variance=1.6346 E_h^2, pmove=0.50
2026-06-09 02:47:16,956 - Step 04197: 4948.1323 E_h, exp. variance=1.5015 E_h^2, pmove=0.50
2026-06-09 02:47:17,306 - Step 04198: 4946.1895 E_h, exp. variance=1.5328 E_h^2, pmove=0.51
2026-06-09 02:47:17,658 - Step 04199: 4948.4287 E_h, exp. variance=1.4627 E_h^2, pmove=0.50
2026-06-09 02:47:18,008 - Step 04200: 4947.1890 E_h, exp. variance=1.3291 E_h^2, pmove=0.50
2026-06-09 02:47:18,360 - Step 04201: 4947.4390 E_h, exp. variance=1.1968 E_h^2, pmove=0.50
2026-06-09 02:47:18,712 - Step 04202: 4946.5757 E_h, exp. variance=1.1569 E_h^2, pmove=0.50
2026-06-09 02:47:19,063 - Step 04203: 4948.0098 E_h, exp. variance=1.0722 E_h^2, pmove=0.50
2026-06-09 02:47:19,415 - Step 04204: 4948.4595 E_h, exp. variance=1.0511 E_h^2, pmove=0.50
2026-06-09 02:47:19,765 - Step 04205: 4948.2910 E_h, exp. variance=0.9916 E_h^2, pmove=0.50
2026-06-09 02:47:20,117 - Step 04206: 4949.0762 E_h, exp. variance=1.0754 E_h^2, pmove=0.49
2026-06-09 02:47:20,469 - Step 04207: 4948.9805 E_h, exp. variance=1.0948 E_h^2, pmove=0.50
2026-06-09 02:47:20,816 - Step 04208: 4948.3281 E_h, exp. variance=1.0009 E_h^2, pmove=0.50
2026-06-09 02:47:21,168 - Step 04209: 4947.4683 E_h, exp. variance=0.9220 E_h^2, pmove=0.50
2026-06-09 02:47:21,519 - Step 04210: 4948.4678 E_h, exp. variance=0.8583 E_h^2, pmove=0.50
2026-06-09 02:47:21,870 - Step 04211: 4950.0977 E_h, exp. variance=1.1834 E_h^2, pmove=0.51
2026-06-09 02:47:22,220 - Step 04212: 4948.2368 E_h, exp. variance=1.0654 E_h^2, pmove=0.50
2026-06-09 02:47:22,570 - Step 04213: 4949.3164 E_h, exp. variance=1.0748 E_h^2, pmove=0.50
2026-06-09 02:47:22,921 - Step 04214: 4947.3389 E_h, exp. variance=1.0496 E_h^2, pmove=0.50
2026-06-09 02:47:23,273 - Step 04215: 4951.8262 E_h, exp. variance=2.1286 E_h^2, pmove=0.50
2026-06-09 02:47:23,622 - Step 04216: 4946.9727 E_h, exp. variance=2.1431 E_h^2, pmove=0.49
2026-06-09 02:47:23,972 - Step 04217: 4948.5381 E_h, exp. variance=1.9304 E_h^2, pmove=0.50
2026-06-09 02:47:24,323 - Step 04218: 4946.3403 E_h, exp. variance=2.1255 E_h^2, pmove=0.50
2026-06-09 02:47:24,671 - Step 04219: 4947.8970 E_h, exp. variance=1.9217 E_h^2, pmove=0.50
2026-06-09 02:47:25,021 - Step 04220: 4947.0186 E_h, exp. variance=1.8506 E_h^2, pmove=0.50
2026-06-09 02:47:25,372 - Step 04221: 4950.4722 E_h, exp. variance=2.1881 E_h^2, pmove=0.50
2026-06-09 02:47:25,725 - Step 04222: 4945.2842 E_h, exp. variance=2.7899 E_h^2, pmove=0.50
2026-06-09 02:47:26,080 - Step 04223: 4946.8604 E_h, exp. variance=2.6282 E_h^2, pmove=0.50
2026-06-09 02:47:26,435 - Step 04224: 4947.8604 E_h, exp. variance=2.3654 E_h^2, pmove=0.49
2026-06-09 02:47:26,787 - Step 04225: 4976.4785 E_h, exp. variance=75.7131 E_h^2, pmove=0.50
2026-06-09 02:47:27,140 - Step 04226: 4954.7549 E_h, exp. variance=69.5895 E_h^2, pmove=0.50
2026-06-09 02:47:27,493 - Step 04227: 4946.3672 E_h, exp. variance=64.6851 E_h^2, pmove=0.50
2026-06-09 02:47:27,847 - Step 04228: 4947.9629 E_h, exp. variance=58.8747 E_h^2, pmove=0.50
2026-06-09 02:47:28,198 - Step 04229: 4947.4775 E_h, exp. variance=53.7540 E_h^2, pmove=0.50
2026-06-09 02:47:28,551 - Step 04230: 4946.3682 E_h, exp. variance=49.6350 E_h^2, pmove=0.50
2026-06-09 02:47:28,902 - Step 04231: 4945.9717 E_h, exp. variance=45.9434 E_h^2, pmove=0.50
2026-06-09 02:47:29,254 - Step 04232: 4947.2627 E_h, exp. variance=41.7431 E_h^2, pmove=0.51
2026-06-09 02:47:29,606 - Step 04233: 4946.6436 E_h, exp. variance=38.1321 E_h^2, pmove=0.49
2026-06-09 02:47:29,956 - Step 04234: 4947.3633 E_h, exp. variance=34.5302 E_h^2, pmove=0.51
2026-06-09 02:47:30,307 - Step 04235: 4946.0249 E_h, exp. variance=31.7417 E_h^2, pmove=0.50
2026-06-09 02:47:30,661 - Step 04236: 4945.1787 E_h, exp. variance=29.5429 E_h^2, pmove=0.50
2026-06-09 02:47:31,017 - Step 04237: 4945.8208 E_h, exp. variance=27.0734 E_h^2, pmove=0.49
2026-06-09 02:47:31,375 - Step 04238: 4946.5391 E_h, exp. variance=24.5351 E_h^2, pmove=0.50
2026-06-09 02:47:31,726 - Step 04239: 4946.9268 E_h, exp. variance=22.1460 E_h^2, pmove=0.50
2026-06-09 02:47:32,082 - Step 04240: 4949.1670 E_h, exp. variance=20.1282 E_h^2, pmove=0.50
2026-06-09 02:47:32,433 - Step 04241: 4949.0586 E_h, exp. variance=18.2499 E_h^2, pmove=0.51
2026-06-09 02:47:32,782 - Step 04242: 4948.1387 E_h, exp. variance=16.4279 E_h^2, pmove=0.51
2026-06-09 02:47:33,130 - Step 04243: 4947.2051 E_h, exp. variance=14.8386 E_h^2, pmove=0.50
2026-06-09 02:47:33,481 - Step 04244: 4948.0376 E_h, exp. variance=13.3565 E_h^2, pmove=0.50
2026-06-09 02:47:33,832 - Step 04245: 4944.8345 E_h, exp. variance=12.8736 E_h^2, pmove=0.50
2026-06-09 02:47:34,187 - Step 04246: 4946.7275 E_h, exp. variance=11.6555 E_h^2, pmove=0.50
2026-06-09 02:47:34,536 - Step 04247: 4946.3921 E_h, exp. variance=10.6038 E_h^2, pmove=0.49
2026-06-09 02:47:34,888 - Step 04248: 4946.1426 E_h, exp. variance=9.6868 E_h^2, pmove=0.50
2026-06-09 02:47:35,245 - Step 04249: 4945.1465 E_h, exp. variance=9.1272 E_h^2, pmove=0.50
2026-06-09 02:47:35,598 - Step 04250: 4946.7510 E_h, exp. variance=8.2233 E_h^2, pmove=0.50
2026-06-09 02:47:35,948 - Step 04251: 4945.6152 E_h, exp. variance=7.5821 E_h^2, pmove=0.50
2026-06-09 02:47:36,300 - Step 04252: 4946.5381 E_h, exp. variance=6.8351 E_h^2, pmove=0.51
2026-06-09 02:47:36,648 - Step 04253: 4945.6187 E_h, exp. variance=6.2895 E_h^2, pmove=0.50
2026-06-09 02:47:36,999 - Step 04254: 4947.0615 E_h, exp. variance=5.6703 E_h^2, pmove=0.50
2026-06-09 02:47:37,346 - Step 04255: 4944.9609 E_h, exp. variance=5.3962 E_h^2, pmove=0.50
2026-06-09 02:47:37,696 - Step 04256: 4946.9609 E_h, exp. variance=4.8693 E_h^2, pmove=0.50
2026-06-09 02:47:38,045 - Step 04257: 4946.7915 E_h, exp. variance=4.3850 E_h^2, pmove=0.50
2026-06-09 02:47:38,394 - Step 04258: 4947.0205 E_h, exp. variance=3.9595 E_h^2, pmove=0.49
2026-06-09 02:47:38,741 - Step 04259: 4946.1733 E_h, exp. variance=3.5865 E_h^2, pmove=0.50
2026-06-09 02:47:39,090 - Step 04260: 4946.2637 E_h, exp. variance=3.2397 E_h^2, pmove=0.50
2026-06-09 02:47:39,438 - Step 04261: 4945.6992 E_h, exp. variance=2.9873 E_h^2, pmove=0.50
2026-06-09 02:47:39,785 - Step 04262: 4945.8413 E_h, exp. variance=2.7278 E_h^2, pmove=0.49
2026-06-09 02:47:40,133 - Step 04263: 4945.0674 E_h, exp. variance=2.6235 E_h^2, pmove=0.51
2026-06-09 02:47:40,483 - Step 04264: 4946.0898 E_h, exp. variance=2.3651 E_h^2, pmove=0.51
2026-06-09 02:47:40,835 - Step 04265: 4946.5000 E_h, exp. variance=2.1330 E_h^2, pmove=0.50
2026-06-09 02:47:41,186 - Step 04266: 4945.8809 E_h, exp. variance=1.9355 E_h^2, pmove=0.50
2026-06-09 02:47:41,535 - Step 04267: 4945.7275 E_h, exp. variance=1.7673 E_h^2, pmove=0.51
2026-06-09 02:47:41,884 - Step 04268: 4946.7363 E_h, exp. variance=1.6160 E_h^2, pmove=0.50
2026-06-09 02:47:42,239 - Step 04269: 4944.6846 E_h, exp. variance=1.6771 E_h^2, pmove=0.50
2026-06-09 02:47:42,592 - Step 04270: 4947.3125 E_h, exp. variance=1.6416 E_h^2, pmove=0.50
2026-06-09 02:47:42,944 - Step 04271: 4945.4844 E_h, exp. variance=1.5264 E_h^2, pmove=0.50
2026-06-09 02:47:43,295 - Step 04272: 4946.7236 E_h, exp. variance=1.4036 E_h^2, pmove=0.50
2026-06-09 02:47:43,645 - Step 04273: 4946.1323 E_h, exp. variance=1.2637 E_h^2, pmove=0.50
2026-06-09 02:47:43,996 - Step 04274: 4950.5459 E_h, exp. variance=2.8385 E_h^2, pmove=0.50
2026-06-09 02:47:44,343 - Step 04275: 4951.2949 E_h, exp. variance=4.5108 E_h^2, pmove=0.50
2026-06-09 02:47:44,692 - Step 04276: 4949.6416 E_h, exp. variance=4.6415 E_h^2, pmove=0.50
2026-06-09 02:47:45,042 - Step 04277: 4949.1802 E_h, exp. variance=4.4777 E_h^2, pmove=0.50
2026-06-09 02:47:45,388 - Step 04278: 4947.1050 E_h, exp. variance=4.0466 E_h^2, pmove=0.50
2026-06-09 02:47:45,737 - Step 04279: 4947.5273 E_h, exp. variance=3.6421 E_h^2, pmove=0.50
2026-06-09 02:47:46,089 - Step 04280: 4947.9614 E_h, exp. variance=3.2973 E_h^2, pmove=0.50
2026-06-09 02:47:46,440 - Step 04281: 4947.6230 E_h, exp. variance=2.9682 E_h^2, pmove=0.50
2026-06-09 02:47:46,791 - Step 04282: 4948.7153 E_h, exp. variance=2.7934 E_h^2, pmove=0.50
2026-06-09 02:47:47,144 - Step 04283: 4947.7993 E_h, exp. variance=2.5156 E_h^2, pmove=0.50
2026-06-09 02:47:47,496 - Step 04284: 4947.3066 E_h, exp. variance=2.2766 E_h^2, pmove=0.50
2026-06-09 02:47:47,847 - Step 04285: 4946.1816 E_h, exp. variance=2.2411 E_h^2, pmove=0.51
2026-06-09 02:47:48,196 - Step 04286: 4947.2295 E_h, exp. variance=2.0234 E_h^2, pmove=0.50
2026-06-09 02:47:48,545 - Step 04287: 4946.5742 E_h, exp. variance=1.8932 E_h^2, pmove=0.51
2026-06-09 02:47:48,895 - Step 04288: 4947.4375 E_h, exp. variance=1.7042 E_h^2, pmove=0.50
2026-06-09 02:47:49,245 - Step 04289: 4947.7891 E_h, exp. variance=1.5484 E_h^2, pmove=0.50
2026-06-09 02:47:49,595 - Step 04290: 4947.7646 E_h, exp. variance=1.4038 E_h^2, pmove=0.50
2026-06-09 02:47:49,945 - Step 04291: 4947.7461 E_h, exp. variance=1.2708 E_h^2, pmove=0.50
2026-06-09 02:47:50,293 - Step 04292: 4947.4956 E_h, exp. variance=1.1437 E_h^2, pmove=0.51
2026-06-09 02:47:50,642 - Step 04293: 4948.7354 E_h, exp. variance=1.1690 E_h^2, pmove=0.50
2026-06-09 02:47:50,990 - Step 04294: 4945.9463 E_h, exp. variance=1.3025 E_h^2, pmove=0.50
2026-06-09 02:47:51,339 - Step 04295: 4947.9736 E_h, exp. variance=1.1971 E_h^2, pmove=0.50
2026-06-09 02:47:51,688 - Step 04296: 4947.5928 E_h, exp. variance=1.0782 E_h^2, pmove=0.50
2026-06-09 02:47:52,038 - Step 04297: 4947.4077 E_h, exp. variance=0.9713 E_h^2, pmove=0.50
2026-06-09 02:47:52,387 - Step 04298: 4947.0596 E_h, exp. variance=0.8916 E_h^2, pmove=0.49
2026-06-09 02:47:52,737 - Step 04299: 4947.0488 E_h, exp. variance=0.8173 E_h^2, pmove=0.50
2026-06-09 02:47:53,088 - Step 04300: 4946.7905 E_h, exp. variance=0.7706 E_h^2, pmove=0.50
2026-06-09 02:47:53,436 - Step 04301: 4948.2568 E_h, exp. variance=0.7672 E_h^2, pmove=0.51
2026-06-09 02:47:53,785 - Step 04302: 4946.7793 E_h, exp. variance=0.7301 E_h^2, pmove=0.50
2026-06-09 02:47:54,133 - Step 04303: 4947.4736 E_h, exp. variance=0.6579 E_h^2, pmove=0.50
2026-06-09 02:47:54,482 - Step 04304: 4948.0278 E_h, exp. variance=0.6292 E_h^2, pmove=0.50
2026-06-09 02:47:54,831 - Step 04305: 4948.4341 E_h, exp. variance=0.6534 E_h^2, pmove=0.50
2026-06-09 02:47:55,180 - Step 04306: 4947.8013 E_h, exp. variance=0.5938 E_h^2, pmove=0.50
2026-06-09 02:47:55,528 - Step 04307: 4948.3506 E_h, exp. variance=0.5887 E_h^2, pmove=0.50
2026-06-09 02:47:55,878 - Step 04308: 4948.2080 E_h, exp. variance=0.5576 E_h^2, pmove=0.50
2026-06-09 02:47:56,231 - Step 04309: 4948.1709 E_h, exp. variance=0.5212 E_h^2, pmove=0.50
2026-06-09 02:47:56,579 - Step 04310: 4948.2939 E_h, exp. variance=0.4953 E_h^2, pmove=0.50
2026-06-09 02:47:56,929 - Step 04311: 4948.8242 E_h, exp. variance=0.5387 E_h^2, pmove=0.50
2026-06-09 02:47:57,292 - Step 04312: 4947.0322 E_h, exp. variance=0.5541 E_h^2, pmove=0.50
2026-06-09 02:47:57,647 - Step 04313: 4947.7178 E_h, exp. variance=0.4997 E_h^2, pmove=0.50
2026-06-09 02:47:57,996 - Step 04314: 4948.7173 E_h, exp. variance=0.5236 E_h^2, pmove=0.50
2026-06-09 02:47:58,355 - Step 04315: 4947.9648 E_h, exp. variance=0.4716 E_h^2, pmove=0.50
2026-06-09 02:47:58,707 - Step 04316: 4947.4927 E_h, exp. variance=0.4400 E_h^2, pmove=0.50
2026-06-09 02:47:59,059 - Step 04317: 4948.6704 E_h, exp. variance=0.4541 E_h^2, pmove=0.50
2026-06-09 02:47:59,413 - Step 04318: 4947.9082 E_h, exp. variance=0.4088 E_h^2, pmove=0.50
2026-06-09 02:47:59,766 - Step 04319: 4948.0713 E_h, exp. variance=0.3694 E_h^2, pmove=0.50
2026-06-09 02:48:00,117 - Step 04320: 4946.8989 E_h, exp. variance=0.4330 E_h^2, pmove=0.50
2026-06-09 02:48:00,469 - Step 04321: 4948.5547 E_h, exp. variance=0.4343 E_h^2, pmove=0.50
2026-06-09 02:48:00,821 - Step 04322: 4947.5322 E_h, exp. variance=0.4045 E_h^2, pmove=0.50
2026-06-09 02:48:01,169 - Step 04323: 4948.2471 E_h, exp. variance=0.3761 E_h^2, pmove=0.50
2026-06-09 02:48:01,520 - Step 04324: 4947.4893 E_h, exp. variance=0.3550 E_h^2, pmove=0.50
2026-06-09 02:48:01,871 - Step 04325: 4949.0938 E_h, exp. variance=0.4531 E_h^2, pmove=0.50
2026-06-09 02:48:02,222 - Step 04326: 4947.6216 E_h, exp. variance=0.4205 E_h^2, pmove=0.49
2026-06-09 02:48:02,572 - Step 04327: 4949.8984 E_h, exp. variance=0.7168 E_h^2, pmove=0.50
2026-06-09 02:48:02,921 - Step 04328: 4947.4126 E_h, exp. variance=0.6945 E_h^2, pmove=0.49
2026-06-09 02:48:03,272 - Step 04329: 4948.8428 E_h, exp. variance=0.6775 E_h^2, pmove=0.50
2026-06-09 02:48:03,628 - Step 04330: 4949.0845 E_h, exp. variance=0.6875 E_h^2, pmove=0.49
2026-06-09 02:48:03,980 - Step 04331: 4950.4072 E_h, exp. variance=1.0383 E_h^2, pmove=0.48
2026-06-09 02:48:04,331 - Step 04332: 4948.4634 E_h, exp. variance=0.9345 E_h^2, pmove=0.50
2026-06-09 02:48:04,681 - Step 04333: 4947.7705 E_h, exp. variance=0.8843 E_h^2, pmove=0.50
2026-06-09 02:48:05,033 - Step 04334: 4947.8086 E_h, exp. variance=0.8268 E_h^2, pmove=0.50
2026-06-09 02:48:05,386 - Step 04335: 4947.0117 E_h, exp. variance=0.9019 E_h^2, pmove=0.50
2026-06-09 02:48:05,739 - Step 04336: 4948.9756 E_h, exp. variance=0.8654 E_h^2, pmove=0.50
2026-06-09 02:48:06,091 - Step 04337: 4948.8604 E_h, exp. variance=0.8091 E_h^2, pmove=0.50
2026-06-09 02:48:06,440 - Step 04338: 4949.3208 E_h, exp. variance=0.8149 E_h^2, pmove=0.49
2026-06-09 02:48:06,792 - Step 04339: 4948.4971 E_h, exp. variance=0.7338 E_h^2, pmove=0.50
2026-06-09 02:48:07,142 - Step 04340: 4948.6582 E_h, exp. variance=0.6646 E_h^2, pmove=0.50
2026-06-09 02:48:07,495 - Step 04341: 4948.3574 E_h, exp. variance=0.5991 E_h^2, pmove=0.50
2026-06-09 02:48:07,844 - Step 04342: 4945.4062 E_h, exp. variance=1.3750 E_h^2, pmove=0.50
2026-06-09 02:48:08,202 - Step 04343: 4947.6934 E_h, exp. variance=1.2562 E_h^2, pmove=0.50
2026-06-09 02:48:08,556 - Step 04344: 4946.7227 E_h, exp. variance=1.3022 E_h^2, pmove=0.51
2026-06-09 02:48:08,909 - Step 04345: 4946.2080 E_h, exp. variance=1.4499 E_h^2, pmove=0.51
2026-06-09 02:48:09,262 - Step 04346: 4945.7158 E_h, exp. variance=1.6919 E_h^2, pmove=0.50
2026-06-09 02:48:09,615 - Step 04347: 4945.5703 E_h, exp. variance=1.8870 E_h^2, pmove=0.50
2026-06-09 02:48:09,967 - Step 04348: 4946.2056 E_h, exp. variance=1.8226 E_h^2, pmove=0.50
2026-06-09 02:48:10,317 - Step 04349: 4946.2505 E_h, exp. variance=1.7326 E_h^2, pmove=0.50
2026-06-09 02:48:10,670 - Step 04350: 4947.0029 E_h, exp. variance=1.5616 E_h^2, pmove=0.49
2026-06-09 02:48:11,025 - Step 04351: 4947.4697 E_h, exp. variance=1.4149 E_h^2, pmove=0.50
2026-06-09 02:48:11,378 - Step 04352: 4947.6084 E_h, exp. variance=1.2901 E_h^2, pmove=0.50
2026-06-09 02:48:11,727 - Step 04353: 4946.7510 E_h, exp. variance=1.1810 E_h^2, pmove=0.50
2026-06-09 02:48:12,078 - Step 04354: 4945.4102 E_h, exp. variance=1.3430 E_h^2, pmove=0.51
2026-06-09 02:48:12,428 - Step 04355: 4946.7412 E_h, exp. variance=1.2146 E_h^2, pmove=0.50
2026-06-09 02:48:12,779 - Step 04356: 4947.6289 E_h, exp. variance=1.1320 E_h^2, pmove=0.50
2026-06-09 02:48:13,133 - Step 04357: 4947.8545 E_h, exp. variance=1.0788 E_h^2, pmove=0.50
2026-06-09 02:48:13,486 - Step 04358: 4947.2642 E_h, exp. variance=0.9728 E_h^2, pmove=0.51
2026-06-09 02:48:13,839 - Step 04359: 4947.8271 E_h, exp. variance=0.9187 E_h^2, pmove=0.50
2026-06-09 02:48:14,190 - Step 04360: 4947.6797 E_h, exp. variance=0.8472 E_h^2, pmove=0.50
2026-06-09 02:48:14,543 - Step 04361: 4948.1045 E_h, exp. variance=0.8281 E_h^2, pmove=0.51
2026-06-09 02:48:14,891 - Step 04362: 4948.5381 E_h, exp. variance=0.8752 E_h^2, pmove=0.51
2026-06-09 02:48:15,240 - Step 04363: 4946.9844 E_h, exp. variance=0.8078 E_h^2, pmove=0.50
2026-06-09 02:48:15,589 - Step 04364: 4946.4409 E_h, exp. variance=0.8114 E_h^2, pmove=0.51
2026-06-09 02:48:15,940 - Step 04365: 4946.8740 E_h, exp. variance=0.7475 E_h^2, pmove=0.50
2026-06-09 02:48:16,290 - Step 04366: 4946.3711 E_h, exp. variance=0.7453 E_h^2, pmove=0.50
2026-06-09 02:48:16,637 - Step 04367: 4947.3677 E_h, exp. variance=0.6740 E_h^2, pmove=0.51
2026-06-09 02:48:16,989 - Step 04368: 4947.8335 E_h, exp. variance=0.6429 E_h^2, pmove=0.49
2026-06-09 02:48:17,339 - Step 04369: 4946.2803 E_h, exp. variance=0.6652 E_h^2, pmove=0.50
2026-06-09 02:48:17,690 - Step 04370: 4947.0312 E_h, exp. variance=0.6003 E_h^2, pmove=0.50
2026-06-09 02:48:18,040 - Step 04371: 4947.5322 E_h, exp. variance=0.5534 E_h^2, pmove=0.50
2026-06-09 02:48:18,392 - Step 04372: 4947.6802 E_h, exp. variance=0.5199 E_h^2, pmove=0.50
2026-06-09 02:48:18,748 - Step 04373: 4947.9712 E_h, exp. variance=0.5164 E_h^2, pmove=0.50
2026-06-09 02:48:19,099 - Step 04374: 4948.2559 E_h, exp. variance=0.5451 E_h^2, pmove=0.50
2026-06-09 02:48:19,449 - Step 04375: 4946.8486 E_h, exp. variance=0.5185 E_h^2, pmove=0.50
2026-06-09 02:48:19,797 - Step 04376: 4945.9458 E_h, exp. variance=0.6440 E_h^2, pmove=0.50
2026-06-09 02:48:20,149 - Step 04377: 4947.3418 E_h, exp. variance=0.5812 E_h^2, pmove=0.50
2026-06-09 02:48:20,501 - Step 04378: 4947.0645 E_h, exp. variance=0.5253 E_h^2, pmove=0.50
2026-06-09 02:48:20,851 - Step 04379: 4949.0830 E_h, exp. variance=0.7897 E_h^2, pmove=0.50
2026-06-09 02:48:21,202 - Step 04380: 4946.6729 E_h, exp. variance=0.7575 E_h^2, pmove=0.49
2026-06-09 02:48:21,551 - Step 04381: 4948.5254 E_h, exp. variance=0.8122 E_h^2, pmove=0.50
2026-06-09 02:48:21,905 - Step 04382: 4947.2607 E_h, exp. variance=0.7339 E_h^2, pmove=0.50
2026-06-09 02:48:22,257 - Step 04383: 4947.4521 E_h, exp. variance=0.6606 E_h^2, pmove=0.49
2026-06-09 02:48:22,608 - Step 04384: 4946.2422 E_h, exp. variance=0.7209 E_h^2, pmove=0.50
2026-06-09 02:48:22,959 - Step 04385: 4948.2925 E_h, exp. variance=0.7360 E_h^2, pmove=0.51
2026-06-09 02:48:23,309 - Step 04386: 4948.2817 E_h, exp. variance=0.7312 E_h^2, pmove=0.49
2026-06-09 02:48:23,659 - Step 04387: 4947.4502 E_h, exp. variance=0.6583 E_h^2, pmove=0.50
2026-06-09 02:48:24,011 - Step 04388: 4948.4863 E_h, exp. variance=0.6817 E_h^2, pmove=0.50
2026-06-09 02:48:24,363 - Step 04389: 4947.6323 E_h, exp. variance=0.6137 E_h^2, pmove=0.50
2026-06-09 02:48:24,716 - Step 04390: 4948.7705 E_h, exp. variance=0.6769 E_h^2, pmove=0.50
2026-06-09 02:48:25,065 - Step 04391: 4947.1973 E_h, exp. variance=0.6330 E_h^2, pmove=0.50
2026-06-09 02:48:25,416 - Step 04392: 4948.1377 E_h, exp. variance=0.5902 E_h^2, pmove=0.50
2026-06-09 02:48:25,767 - Step 04393: 4946.6562 E_h, exp. variance=0.6308 E_h^2, pmove=0.50
2026-06-09 02:48:26,116 - Step 04394: 4949.2876 E_h, exp. variance=0.8230 E_h^2, pmove=0.50
2026-06-09 02:48:26,467 - Step 04395: 4940.0342 E_h, exp. variance=6.1293 E_h^2, pmove=0.50
2026-06-09 02:48:26,822 - Step 04396: 4949.5205 E_h, exp. variance=6.0890 E_h^2, pmove=0.50
2026-06-09 02:48:27,177 - Step 04397: 4948.5996 E_h, exp. variance=5.6439 E_h^2, pmove=0.49
2026-06-09 02:48:27,530 - Step 04398: 4946.1045 E_h, exp. variance=5.2272 E_h^2, pmove=0.50
2026-06-09 02:48:27,882 - Step 04399: 4951.4062 E_h, exp. variance=6.2537 E_h^2, pmove=0.50
2026-06-09 02:48:28,233 - Step 04400: 4949.6562 E_h, exp. variance=5.9825 E_h^2, pmove=0.50
2026-06-09 02:48:28,582 - Step 04401: 4947.9629 E_h, exp. variance=5.3850 E_h^2, pmove=0.50
2026-06-09 02:48:28,930 - Step 04402: 4964.4639 E_h, exp. variance=29.5991 E_h^2, pmove=0.50
2026-06-09 02:48:29,282 - Step 04403: 4944.2646 E_h, exp. variance=29.1420 E_h^2, pmove=0.49
2026-06-09 02:48:29,640 - Step 04404: 4950.2041 E_h, exp. variance=26.3560 E_h^2, pmove=0.50
2026-06-09 02:48:29,990 - Step 04405: 4949.3291 E_h, exp. variance=23.7240 E_h^2, pmove=0.50
2026-06-09 02:48:30,340 - Step 04406: 4944.3828 E_h, exp. variance=23.3968 E_h^2, pmove=0.50
2026-06-09 02:48:30,690 - Step 04407: 4947.7930 E_h, exp. variance=21.1269 E_h^2, pmove=0.50
2026-06-09 02:48:31,042 - Step 04408: 4947.4424 E_h, exp. variance=19.1318 E_h^2, pmove=0.50
2026-06-09 02:48:31,390 - Step 04409: 4947.1768 E_h, exp. variance=17.3694 E_h^2, pmove=0.51
2026-06-09 02:48:31,740 - Step 04410: 4947.0664 E_h, exp. variance=15.7789 E_h^2, pmove=0.50
2026-06-09 02:48:32,093 - Step 04411: 4947.3457 E_h, exp. variance=14.2689 E_h^2, pmove=0.50
2026-06-09 02:48:32,444 - Step 04412: 4947.6094 E_h, exp. variance=12.8662 E_h^2, pmove=0.50
2026-06-09 02:48:32,795 - Step 04413: 4947.9805 E_h, exp. variance=11.5804 E_h^2, pmove=0.51
2026-06-09 02:48:33,147 - Step 04414: 4947.6050 E_h, exp. variance=10.4415 E_h^2, pmove=0.50
2026-06-09 02:48:33,499 - Step 04415: 4948.8721 E_h, exp. variance=9.4626 E_h^2, pmove=0.50
2026-06-09 02:48:33,849 - Step 04416: 4947.8916 E_h, exp. variance=8.5205 E_h^2, pmove=0.50
2026-06-09 02:48:34,199 - Step 04417: 4947.3994 E_h, exp. variance=7.7106 E_h^2, pmove=0.51
2026-06-09 02:48:34,550 - Step 04418: 4946.5625 E_h, exp. variance=7.1296 E_h^2, pmove=0.50
2026-06-09 02:48:34,901 - Step 04419: 4946.2896 E_h, exp. variance=6.6415 E_h^2, pmove=0.50
2026-06-09 02:48:35,249 - Step 04420: 4947.1660 E_h, exp. variance=6.0041 E_h^2, pmove=0.50
2026-06-09 02:48:35,599 - Step 04421: 4947.0576 E_h, exp. variance=5.4361 E_h^2, pmove=0.50
2026-06-09 02:48:35,948 - Step 04422: 4945.4092 E_h, exp. variance=5.3233 E_h^2, pmove=0.50
2026-06-09 02:48:36,297 - Step 04423: 4946.9028 E_h, exp. variance=4.8113 E_h^2, pmove=0.51
2026-06-09 02:48:36,647 - Step 04424: 4947.1201 E_h, exp. variance=4.3342 E_h^2, pmove=0.50
2026-06-09 02:48:36,998 - Step 04425: 4948.1729 E_h, exp. variance=3.9678 E_h^2, pmove=0.50
2026-06-09 02:48:37,346 - Step 04426: 4948.1514 E_h, exp. variance=3.6223 E_h^2, pmove=0.51
2026-06-09 02:48:37,696 - Step 04427: 4947.5537 E_h, exp. variance=3.2607 E_h^2, pmove=0.50
2026-06-09 02:48:38,043 - Step 04428: 4948.8599 E_h, exp. variance=3.1058 E_h^2, pmove=0.50
2026-06-09 02:48:38,393 - Step 04429: 4947.1699 E_h, exp. variance=2.8133 E_h^2, pmove=0.50
2026-06-09 02:48:38,741 - Step 04430: 4947.5537 E_h, exp. variance=2.5320 E_h^2, pmove=0.50
2026-06-09 02:48:39,092 - Step 04431: 4946.6875 E_h, exp. variance=2.3491 E_h^2, pmove=0.50
2026-06-09 02:48:39,442 - Step 04432: 4947.8828 E_h, exp. variance=2.1286 E_h^2, pmove=0.50
2026-06-09 02:48:39,791 - Step 04433: 4946.8101 E_h, exp. variance=1.9615 E_h^2, pmove=0.50
2026-06-09 02:48:40,140 - Step 04434: 4946.5479 E_h, exp. variance=1.8389 E_h^2, pmove=0.50
2026-06-09 02:48:40,490 - Step 04435: 4947.4883 E_h, exp. variance=1.6564 E_h^2, pmove=0.50
2026-06-09 02:48:40,843 - Step 04436: 4946.0303 E_h, exp. variance=1.6533 E_h^2, pmove=0.49
2026-06-09 02:48:41,194 - Step 04437: 4946.8564 E_h, exp. variance=1.5012 E_h^2, pmove=0.50
2026-06-09 02:48:41,546 - Step 04438: 4947.9331 E_h, exp. variance=1.3993 E_h^2, pmove=0.51
2026-06-09 02:48:41,896 - Step 04439: 4946.9434 E_h, exp. variance=1.2692 E_h^2, pmove=0.50
2026-06-09 02:48:42,250 - Step 04440: 4946.8730 E_h, exp. variance=1.1545 E_h^2, pmove=0.50
2026-06-09 02:48:42,603 - Step 04441: 4946.2856 E_h, exp. variance=1.1150 E_h^2, pmove=0.50
2026-06-09 02:48:42,956 - Step 04442: 4946.6953 E_h, exp. variance=1.0192 E_h^2, pmove=0.50
2026-06-09 02:48:43,306 - Step 04443: 4946.5322 E_h, exp. variance=0.9435 E_h^2, pmove=0.50
2026-06-09 02:48:43,664 - Step 04444: 4946.8584 E_h, exp. variance=0.8514 E_h^2, pmove=0.50
2026-06-09 02:48:44,022 - Step 04445: 4946.6836 E_h, exp. variance=0.7753 E_h^2, pmove=0.50
2026-06-09 02:48:44,374 - Step 04446: 4946.8691 E_h, exp. variance=0.6987 E_h^2, pmove=0.50
2026-06-09 02:48:44,730 - Step 04447: 4946.4634 E_h, exp. variance=0.6510 E_h^2, pmove=0.50
2026-06-09 02:48:45,081 - Step 04448: 4945.6377 E_h, exp. variance=0.7315 E_h^2, pmove=0.50
2026-06-09 02:48:45,435 - Step 04449: 4946.0610 E_h, exp. variance=0.7052 E_h^2, pmove=0.50
2026-06-09 02:48:45,786 - Step 04450: 4947.0156 E_h, exp. variance=0.6431 E_h^2, pmove=0.50
2026-06-09 02:48:46,140 - Step 04451: 4947.4775 E_h, exp. variance=0.6276 E_h^2, pmove=0.50
2026-06-09 02:48:46,490 - Step 04452: 4947.9766 E_h, exp. variance=0.6864 E_h^2, pmove=0.50
2026-06-09 02:48:46,841 - Step 04453: 4945.7183 E_h, exp. variance=0.7501 E_h^2, pmove=0.50
2026-06-09 02:48:47,195 - Step 04454: 4946.3647 E_h, exp. variance=0.6929 E_h^2, pmove=0.50
2026-06-09 02:48:47,547 - Step 04455: 4947.0127 E_h, exp. variance=0.6291 E_h^2, pmove=0.50
2026-06-09 02:48:47,897 - Step 04456: 4947.4297 E_h, exp. variance=0.6030 E_h^2, pmove=0.50
2026-06-09 02:48:48,248 - Step 04457: 4946.4722 E_h, exp. variance=0.5558 E_h^2, pmove=0.50
2026-06-09 02:48:48,597 - Step 04458: 4946.4209 E_h, exp. variance=0.5143 E_h^2, pmove=0.50
2026-06-09 02:48:48,949 - Step 04459: 4946.8428 E_h, exp. variance=0.4633 E_h^2, pmove=0.50
2026-06-09 02:48:49,301 - Step 04460: 4947.3105 E_h, exp. variance=0.4420 E_h^2, pmove=0.49
2026-06-09 02:48:49,652 - Step 04461: 4947.2568 E_h, exp. variance=0.4137 E_h^2, pmove=0.50
2026-06-09 02:48:50,001 - Step 04462: 4948.3120 E_h, exp. variance=0.5574 E_h^2, pmove=0.50
2026-06-09 02:48:50,356 - Step 04463: 4946.6055 E_h, exp. variance=0.5173 E_h^2, pmove=0.49
2026-06-09 02:48:50,707 - Step 04464: 4947.5146 E_h, exp. variance=0.4913 E_h^2, pmove=0.50
2026-06-09 02:48:51,059 - Step 04465: 4946.3184 E_h, exp. variance=0.4881 E_h^2, pmove=0.50
2026-06-09 02:48:51,414 - Step 04466: 4946.9136 E_h, exp. variance=0.4395 E_h^2, pmove=0.50
2026-06-09 02:48:51,765 - Step 04467: 4947.1123 E_h, exp. variance=0.3977 E_h^2, pmove=0.50
2026-06-09 02:48:52,115 - Step 04468: 4945.8164 E_h, exp. variance=0.4783 E_h^2, pmove=0.50
2026-06-09 02:48:52,463 - Step 04469: 4945.7656 E_h, exp. variance=0.5376 E_h^2, pmove=0.50
2026-06-09 02:48:52,816 - Step 04470: 4946.9258 E_h, exp. variance=0.4867 E_h^2, pmove=0.50
2026-06-09 02:48:53,167 - Step 04471: 4947.2207 E_h, exp. variance=0.4567 E_h^2, pmove=0.50
2026-06-09 02:48:53,518 - Step 04472: 4945.2812 E_h, exp. variance=0.6216 E_h^2, pmove=0.50
2026-06-09 02:48:53,868 - Step 04473: 4946.6499 E_h, exp. variance=0.5595 E_h^2, pmove=0.50
2026-06-09 02:48:54,220 - Step 04474: 4946.0928 E_h, exp. variance=0.5322 E_h^2, pmove=0.50
2026-06-09 02:48:54,570 - Step 04475: 4945.6709 E_h, exp. variance=0.5568 E_h^2, pmove=0.51
2026-06-09 02:48:54,919 - Step 04476: 4946.6958 E_h, exp. variance=0.5043 E_h^2, pmove=0.50
2026-06-09 02:48:55,271 - Step 04477: 4946.7715 E_h, exp. variance=0.4593 E_h^2, pmove=0.50
2026-06-09 02:48:55,622 - Step 04478: 4948.4824 E_h, exp. variance=0.7491 E_h^2, pmove=0.50
2026-06-09 02:48:55,970 - Step 04479: 4947.8237 E_h, exp. variance=0.7791 E_h^2, pmove=0.51
2026-06-09 02:48:56,320 - Step 04480: 4947.7148 E_h, exp. variance=0.7682 E_h^2, pmove=0.50
2026-06-09 02:48:56,669 - Step 04481: 4948.4844 E_h, exp. variance=0.9065 E_h^2, pmove=0.50
2026-06-09 02:48:57,019 - Step 04482: 4947.8296 E_h, exp. variance=0.8646 E_h^2, pmove=0.49
2026-06-09 02:48:57,371 - Step 04483: 4947.0312 E_h, exp. variance=0.7798 E_h^2, pmove=0.50
2026-06-09 02:48:57,723 - Step 04484: 4948.3154 E_h, exp. variance=0.8234 E_h^2, pmove=0.50
2026-06-09 02:48:58,073 - Step 04485: 4946.4976 E_h, exp. variance=0.7947 E_h^2, pmove=0.50
2026-06-09 02:48:58,422 - Step 04486: 4946.1562 E_h, exp. variance=0.8118 E_h^2, pmove=0.50
2026-06-09 02:48:58,771 - Step 04487: 4947.2612 E_h, exp. variance=0.7333 E_h^2, pmove=0.50
2026-06-09 02:48:59,124 - Step 04488: 4946.3291 E_h, exp. variance=0.7143 E_h^2, pmove=0.50
2026-06-09 02:48:59,478 - Step 04489: 4947.4150 E_h, exp. variance=0.6563 E_h^2, pmove=0.50
2026-06-09 02:48:59,829 - Step 04490: 4946.5908 E_h, exp. variance=0.6111 E_h^2, pmove=0.50
2026-06-09 02:49:00,183 - Step 04491: 4947.3521 E_h, exp. variance=0.5599 E_h^2, pmove=0.51
2026-06-09 02:49:00,536 - Step 04492: 4947.6406 E_h, exp. variance=0.5351 E_h^2, pmove=0.50
2026-06-09 02:49:00,888 - Step 04493: 4947.6582 E_h, exp. variance=0.5085 E_h^2, pmove=0.51
2026-06-09 02:49:01,240 - Step 04494: 4947.8765 E_h, exp. variance=0.5030 E_h^2, pmove=0.50
2026-06-09 02:49:01,591 - Step 04495: 4949.3892 E_h, exp. variance=0.8695 E_h^2, pmove=0.51
2026-06-09 02:49:01,941 - Step 04496: 4948.0835 E_h, exp. variance=0.8184 E_h^2, pmove=0.49
2026-06-09 02:49:02,291 - Step 04497: 4947.5557 E_h, exp. variance=0.7367 E_h^2, pmove=0.50
2026-06-09 02:49:02,641 - Step 04498: 4948.4307 E_h, exp. variance=0.7377 E_h^2, pmove=0.50
2026-06-09 02:49:02,991 - Step 04499: 4947.2490 E_h, exp. variance=0.6757 E_h^2, pmove=0.50
2026-06-09 02:49:03,342 - Step 04500: 4947.7466 E_h, exp. variance=0.6108 E_h^2, pmove=0.51
2026-06-09 02:49:03,694 - Step 04501: 4947.9346 E_h, exp. variance=0.5603 E_h^2, pmove=0.50
2026-06-09 02:49:04,045 - Step 04502: 4946.2061 E_h, exp. variance=0.6857 E_h^2, pmove=0.50
2026-06-09 02:49:04,395 - Step 04503: 4948.0391 E_h, exp. variance=0.6449 E_h^2, pmove=0.50
2026-06-09 02:49:04,747 - Step 04504: 4946.6455 E_h, exp. variance=0.6523 E_h^2, pmove=0.50
2026-06-09 02:49:05,098 - Step 04505: 4948.2119 E_h, exp. variance=0.6393 E_h^2, pmove=0.49
2026-06-09 02:49:05,449 - Step 04506: 4948.0879 E_h, exp. variance=0.6038 E_h^2, pmove=0.50
2026-06-09 02:49:05,801 - Step 04507: 4947.8555 E_h, exp. variance=0.5501 E_h^2, pmove=0.50
2026-06-09 02:49:06,158 - Step 04508: 4947.1582 E_h, exp. variance=0.5135 E_h^2, pmove=0.50
2026-06-09 02:49:06,507 - Step 04509: 4945.9775 E_h, exp. variance=0.6888 E_h^2, pmove=0.50
2026-06-09 02:49:06,856 - Step 04510: 4946.7705 E_h, exp. variance=0.6562 E_h^2, pmove=0.50
2026-06-09 02:49:07,223 - Step 04511: 4947.3555 E_h, exp. variance=0.5906 E_h^2, pmove=0.49
2026-06-09 02:49:07,575 - Step 04512: 4947.4067 E_h, exp. variance=0.5319 E_h^2, pmove=0.50
2026-06-09 02:49:07,926 - Step 04513: 4947.1924 E_h, exp. variance=0.4809 E_h^2, pmove=0.50
2026-06-09 02:49:08,278 - Step 04514: 4946.5664 E_h, exp. variance=0.4859 E_h^2, pmove=0.50
2026-06-09 02:49:08,631 - Step 04515: 4945.5898 E_h, exp. variance=0.6877 E_h^2, pmove=0.51
2026-06-09 02:49:08,983 - Step 04516: 4946.8496 E_h, exp. variance=0.6242 E_h^2, pmove=0.50
2026-06-09 02:49:09,335 - Step 04517: 4946.8369 E_h, exp. variance=0.5665 E_h^2, pmove=0.50
2026-06-09 02:49:09,688 - Step 04518: 4946.8018 E_h, exp. variance=0.5152 E_h^2, pmove=0.49
2026-06-09 02:49:10,039 - Step 04519: 4946.7646 E_h, exp. variance=0.4695 E_h^2, pmove=0.50
2026-06-09 02:49:10,395 - Step 04520: 4947.1152 E_h, exp. variance=0.4239 E_h^2, pmove=0.50
2026-06-09 02:49:10,752 - Step 04521: 4945.9258 E_h, exp. variance=0.4866 E_h^2, pmove=0.50
2026-06-09 02:49:11,105 - Step 04522: 4945.8975 E_h, exp. variance=0.5281 E_h^2, pmove=0.51
2026-06-09 02:49:11,456 - Step 04523: 4945.9697 E_h, exp. variance=0.5371 E_h^2, pmove=0.50
2026-06-09 02:49:11,808 - Step 04524: 4946.0732 E_h, exp. variance=0.5205 E_h^2, pmove=0.50
2026-06-09 02:49:12,160 - Step 04525: 4946.2847 E_h, exp. variance=0.4805 E_h^2, pmove=0.50
2026-06-09 02:49:12,511 - Step 04526: 4946.8359 E_h, exp. variance=0.4369 E_h^2, pmove=0.49
2026-06-09 02:49:12,862 - Step 04527: 4946.6064 E_h, exp. variance=0.3933 E_h^2, pmove=0.50
2026-06-09 02:49:13,213 - Step 04528: 4946.6963 E_h, exp. variance=0.3543 E_h^2, pmove=0.50
2026-06-09 02:49:13,563 - Step 04529: 4946.4248 E_h, exp. variance=0.3230 E_h^2, pmove=0.50
2026-06-09 02:49:13,914 - Step 04530: 4946.9810 E_h, exp. variance=0.3025 E_h^2, pmove=0.50
2026-06-09 02:49:14,267 - Step 04531: 4946.6753 E_h, exp. variance=0.2723 E_h^2, pmove=0.50
2026-06-09 02:49:14,619 - Step 04532: 4947.7461 E_h, exp. variance=0.3519 E_h^2, pmove=0.50
2026-06-09 02:49:14,969 - Step 04533: 4947.7295 E_h, exp. variance=0.4003 E_h^2, pmove=0.49
2026-06-09 02:49:15,320 - Step 04534: 4947.7729 E_h, exp. variance=0.4350 E_h^2, pmove=0.50
2026-06-09 02:49:15,673 - Step 04535: 4945.8857 E_h, exp. variance=0.4940 E_h^2, pmove=0.50
2026-06-09 02:49:16,023 - Step 04536: 4946.2100 E_h, exp. variance=0.4811 E_h^2, pmove=0.51
2026-06-09 02:49:16,373 - Step 04537: 4945.4033 E_h, exp. variance=0.6042 E_h^2, pmove=0.50
2026-06-09 02:49:16,723 - Step 04538: 4945.3477 E_h, exp. variance=0.6952 E_h^2, pmove=0.50
2026-06-09 02:49:17,071 - Step 04539: 4945.4771 E_h, exp. variance=0.7225 E_h^2, pmove=0.50
2026-06-09 02:49:17,419 - Step 04540: 4947.0400 E_h, exp. variance=0.6859 E_h^2, pmove=0.50
2026-06-09 02:49:17,769 - Step 04541: 4945.3818 E_h, exp. variance=0.7247 E_h^2, pmove=0.50
2026-06-09 02:49:18,118 - Step 04542: 4945.6440 E_h, exp. variance=0.6989 E_h^2, pmove=0.50
2026-06-09 02:49:18,466 - Step 04543: 4944.5879 E_h, exp. variance=0.8906 E_h^2, pmove=0.49
2026-06-09 02:49:18,817 - Step 04544: 4945.2871 E_h, exp. variance=0.8642 E_h^2, pmove=0.50
2026-06-09 02:49:19,168 - Step 04545: 4945.5635 E_h, exp. variance=0.7981 E_h^2, pmove=0.50
2026-06-09 02:49:19,518 - Step 04546: 4945.9570 E_h, exp. variance=0.7184 E_h^2, pmove=0.51
2026-06-09 02:49:19,869 - Step 04547: 4945.0488 E_h, exp. variance=0.7259 E_h^2, pmove=0.50
2026-06-09 02:49:20,219 - Step 04548: 4945.5605 E_h, exp. variance=0.6634 E_h^2, pmove=0.50
2026-06-09 02:49:20,568 - Step 04549: 4945.9214 E_h, exp. variance=0.5973 E_h^2, pmove=0.50
2026-06-09 02:49:20,918 - Step 04550: 4947.1348 E_h, exp. variance=0.6823 E_h^2, pmove=0.50
2026-06-09 02:49:21,267 - Step 04551: 4947.1914 E_h, exp. variance=0.7432 E_h^2, pmove=0.50
2026-06-09 02:49:21,617 - Step 04552: 4946.5439 E_h, exp. variance=0.6856 E_h^2, pmove=0.50
2026-06-09 02:49:21,965 - Step 04553: 4947.0283 E_h, exp. variance=0.6855 E_h^2, pmove=0.49
2026-06-09 02:49:22,314 - Step 04554: 4945.4004 E_h, exp. variance=0.6809 E_h^2, pmove=0.50
2026-06-09 02:49:22,663 - Step 04555: 4946.8193 E_h, exp. variance=0.6521 E_h^2, pmove=0.51
2026-06-09 02:49:23,012 - Step 04556: 4946.4697 E_h, exp. variance=0.5922 E_h^2, pmove=0.50
2026-06-09 02:49:23,362 - Step 04557: 4946.6567 E_h, exp. variance=0.5479 E_h^2, pmove=0.50
2026-06-09 02:49:23,711 - Step 04558: 4947.1455 E_h, exp. variance=0.5590 E_h^2, pmove=0.50
2026-06-09 02:49:24,064 - Step 04559: 4945.8252 E_h, exp. variance=0.5304 E_h^2, pmove=0.50
2026-06-09 02:49:24,415 - Step 04560: 4946.7275 E_h, exp. variance=0.4922 E_h^2, pmove=0.50
2026-06-09 02:49:24,767 - Step 04561: 4946.4448 E_h, exp. variance=0.4437 E_h^2, pmove=0.50
2026-06-09 02:49:25,120 - Step 04562: 4947.7344 E_h, exp. variance=0.5670 E_h^2, pmove=0.50
2026-06-09 02:49:25,471 - Step 04563: 4943.8047 E_h, exp. variance=1.1670 E_h^2, pmove=0.50
2026-06-09 02:49:25,823 - Step 04564: 4946.7812 E_h, exp. variance=1.0771 E_h^2, pmove=0.50
2026-06-09 02:49:26,174 - Step 04565: 4946.7197 E_h, exp. variance=0.9859 E_h^2, pmove=0.51
2026-06-09 02:49:26,529 - Step 04566: 4947.8438 E_h, exp. variance=1.0926 E_h^2, pmove=0.50
2026-06-09 02:49:26,881 - Step 04567: 4947.0503 E_h, exp. variance=1.0122 E_h^2, pmove=0.50
2026-06-09 02:49:27,233 - Step 04568: 4947.4531 E_h, exp. variance=0.9858 E_h^2, pmove=0.50
2026-06-09 02:49:27,595 - Step 04569: 4947.9028 E_h, exp. variance=1.0325 E_h^2, pmove=0.50
2026-06-09 02:49:27,945 - Step 04570: 4947.7324 E_h, exp. variance=1.0145 E_h^2, pmove=0.50
2026-06-09 02:49:28,298 - Step 04571: 4946.6367 E_h, exp. variance=0.9174 E_h^2, pmove=0.50
2026-06-09 02:49:28,649 - Step 04572: 4946.9062 E_h, exp. variance=0.8261 E_h^2, pmove=0.50
2026-06-09 02:49:29,003 - Step 04573: 4947.1846 E_h, exp. variance=0.7541 E_h^2, pmove=0.49
2026-06-09 02:49:29,353 - Step 04574: 4947.0225 E_h, exp. variance=0.6806 E_h^2, pmove=0.50
2026-06-09 02:49:29,703 - Step 04575: 4946.8770 E_h, exp. variance=0.6126 E_h^2, pmove=0.49
2026-06-09 02:49:30,054 - Step 04576: 4947.3867 E_h, exp. variance=0.5736 E_h^2, pmove=0.51
2026-06-09 02:49:30,407 - Step 04577: 4947.6523 E_h, exp. variance=0.5620 E_h^2, pmove=0.50
2026-06-09 02:49:30,758 - Step 04578: 4946.6758 E_h, exp. variance=0.5159 E_h^2, pmove=0.51
2026-06-09 02:49:31,111 - Step 04579: 4946.0962 E_h, exp. variance=0.5341 E_h^2, pmove=0.50
2026-06-09 02:49:31,462 - Step 04580: 4946.0107 E_h, exp. variance=0.5500 E_h^2, pmove=0.50
2026-06-09 02:49:31,812 - Step 04581: 4945.7959 E_h, exp. variance=0.5859 E_h^2, pmove=0.50
2026-06-09 02:49:32,162 - Step 04582: 4945.9219 E_h, exp. variance=0.5818 E_h^2, pmove=0.50
2026-06-09 02:49:32,513 - Step 04583: 4944.4814 E_h, exp. variance=0.9362 E_h^2, pmove=0.49
2026-06-09 02:49:32,863 - Step 04584: 4945.0840 E_h, exp. variance=1.0004 E_h^2, pmove=0.50
2026-06-09 02:49:33,212 - Step 04585: 4945.2163 E_h, exp. variance=1.0014 E_h^2, pmove=0.51
2026-06-09 02:49:33,562 - Step 04586: 4945.5479 E_h, exp. variance=0.9361 E_h^2, pmove=0.49
2026-06-09 02:49:33,916 - Step 04587: 4945.5137 E_h, exp. variance=0.8743 E_h^2, pmove=0.50
2026-06-09 02:49:34,267 - Step 04588: 4945.6934 E_h, exp. variance=0.7982 E_h^2, pmove=0.51
2026-06-09 02:49:34,617 - Step 04589: 4948.0420 E_h, exp. variance=1.0890 E_h^2, pmove=0.50
2026-06-09 02:49:34,966 - Step 04590: 4946.7153 E_h, exp. variance=1.0026 E_h^2, pmove=0.49
2026-06-09 02:49:35,319 - Step 04591: 4947.6650 E_h, exp. variance=1.0786 E_h^2, pmove=0.50
2026-06-09 02:49:35,670 - Step 04592: 4945.6650 E_h, exp. variance=1.0201 E_h^2, pmove=0.49
2026-06-09 02:49:36,020 - Step 04593: 4947.4199 E_h, exp. variance=1.0247 E_h^2, pmove=0.50
2026-06-09 02:49:36,370 - Step 04594: 4945.9453 E_h, exp. variance=0.9443 E_h^2, pmove=0.50
2026-06-09 02:49:36,724 - Step 04595: 4947.6519 E_h, exp. variance=0.9929 E_h^2, pmove=0.50
2026-06-09 02:49:37,075 - Step 04596: 4946.9468 E_h, exp. variance=0.9102 E_h^2, pmove=0.50
2026-06-09 02:49:37,426 - Step 04597: 4948.5967 E_h, exp. variance=1.1925 E_h^2, pmove=0.50
2026-06-09 02:49:37,777 - Step 04598: 4947.8936 E_h, exp. variance=1.1882 E_h^2, pmove=0.50
2026-06-09 02:49:38,127 - Step 04599: 4948.7007 E_h, exp. variance=1.3688 E_h^2, pmove=0.49
2026-06-09 02:49:38,477 - Step 04600: 4946.2314 E_h, exp. variance=1.2936 E_h^2, pmove=0.49
2026-06-09 02:49:38,827 - Step 04601: 4948.6816 E_h, exp. variance=1.4259 E_h^2, pmove=0.51
2026-06-09 02:49:39,176 - Step 04602: 4949.3716 E_h, exp. variance=1.7287 E_h^2, pmove=0.50
2026-06-09 02:49:39,527 - Step 04603: 4948.2939 E_h, exp. variance=1.6327 E_h^2, pmove=0.50
2026-06-09 02:49:39,878 - Step 04604: 4945.9106 E_h, exp. variance=1.6860 E_h^2, pmove=0.50
2026-06-09 02:49:40,228 - Step 04605: 4948.6973 E_h, exp. variance=1.6915 E_h^2, pmove=0.50
2026-06-09 02:49:40,577 - Step 04606: 4946.2490 E_h, exp. variance=1.6512 E_h^2, pmove=0.50
2026-06-09 02:49:40,928 - Step 04607: 4947.4146 E_h, exp. variance=1.4868 E_h^2, pmove=0.50
2026-06-09 02:49:41,281 - Step 04608: 4944.6729 E_h, exp. variance=1.9759 E_h^2, pmove=0.50
2026-06-09 02:49:41,633 - Step 04609: 4948.4272 E_h, exp. variance=1.9444 E_h^2, pmove=0.50
2026-06-09 02:49:41,984 - Step 04610: 4944.4111 E_h, exp. variance=2.4523 E_h^2, pmove=0.49
2026-06-09 02:49:42,333 - Step 04611: 4949.1582 E_h, exp. variance=2.6558 E_h^2, pmove=0.50
2026-06-09 02:49:42,684 - Step 04612: 4948.4326 E_h, exp. variance=2.5386 E_h^2, pmove=0.50
2026-06-09 02:49:43,035 - Step 04613: 4948.5137 E_h, exp. variance=2.4224 E_h^2, pmove=0.50
2026-06-09 02:49:43,385 - Step 04614: 4948.0576 E_h, exp. variance=2.2191 E_h^2, pmove=0.50
2026-06-09 02:49:43,737 - Step 04615: 4947.2324 E_h, exp. variance=2.0021 E_h^2, pmove=0.49
2026-06-09 02:49:44,089 - Step 04616: 4948.2231 E_h, exp. variance=1.8567 E_h^2, pmove=0.50
2026-06-09 02:49:44,437 - Step 04617: 4946.9253 E_h, exp. variance=1.7029 E_h^2, pmove=0.50
2026-06-09 02:49:44,789 - Step 04618: 4947.0649 E_h, exp. variance=1.5468 E_h^2, pmove=0.50
2026-06-09 02:49:45,139 - Step 04619: 4948.2305 E_h, exp. variance=1.4510 E_h^2, pmove=0.51
2026-06-09 02:49:45,490 - Step 04620: 4945.7402 E_h, exp. variance=1.5855 E_h^2, pmove=0.50
2026-06-09 02:49:45,839 - Step 04621: 4947.0396 E_h, exp. variance=1.4344 E_h^2, pmove=0.49
2026-06-09 02:49:46,215 - Step 04622: 4946.9780 E_h, exp. variance=1.3001 E_h^2, pmove=0.51
2026-06-09 02:49:46,571 - Step 04623: 4947.2310 E_h, exp. variance=1.1702 E_h^2, pmove=0.50
2026-06-09 02:49:46,924 - Step 04624: 4946.5425 E_h, exp. variance=1.0998 E_h^2, pmove=0.50
2026-06-09 02:49:47,275 - Step 04625: 4946.2354 E_h, exp. variance=1.0719 E_h^2, pmove=0.50
2026-06-09 02:49:47,626 - Step 04626: 4945.3062 E_h, exp. variance=1.2527 E_h^2, pmove=0.50
2026-06-09 02:49:47,980 - Step 04627: 4947.0122 E_h, exp. variance=1.1282 E_h^2, pmove=0.50
2026-06-09 02:49:48,331 - Step 04628: 4945.2725 E_h, exp. variance=1.2614 E_h^2, pmove=0.50
2026-06-09 02:49:48,681 - Step 04629: 4947.0815 E_h, exp. variance=1.1446 E_h^2, pmove=0.50
2026-06-09 02:49:49,033 - Step 04630: 4947.0693 E_h, exp. variance=1.0370 E_h^2, pmove=0.50
2026-06-09 02:49:49,383 - Step 04631: 4947.3921 E_h, exp. variance=0.9627 E_h^2, pmove=0.50
2026-06-09 02:49:49,735 - Step 04632: 4948.4209 E_h, exp. variance=1.0809 E_h^2, pmove=0.50
2026-06-09 02:49:50,085 - Step 04633: 4948.9570 E_h, exp. variance=1.3064 E_h^2, pmove=0.50
2026-06-09 02:49:50,435 - Step 04634: 4945.6216 E_h, exp. variance=1.4069 E_h^2, pmove=0.50
2026-06-09 02:49:50,804 - Step 04635: 4946.7529 E_h, exp. variance=1.2749 E_h^2, pmove=0.50
2026-06-09 02:49:51,157 - Step 04636: 4947.2300 E_h, exp. variance=1.1509 E_h^2, pmove=0.51
2026-06-09 02:49:51,508 - Step 04637: 4948.3535 E_h, exp. variance=1.1882 E_h^2, pmove=0.50
2026-06-09 02:49:51,856 - Step 04638: 4947.5908 E_h, exp. variance=1.0844 E_h^2, pmove=0.51
2026-06-09 02:49:52,205 - Step 04639: 4947.4785 E_h, exp. variance=0.9818 E_h^2, pmove=0.49
2026-06-09 02:49:52,553 - Step 04640: 4947.1729 E_h, exp. variance=0.8841 E_h^2, pmove=0.50
2026-06-09 02:49:52,903 - Step 04641: 4946.8096 E_h, exp. variance=0.8125 E_h^2, pmove=0.50
2026-06-09 02:49:53,254 - Step 04642: 4946.3931 E_h, exp. variance=0.7896 E_h^2, pmove=0.50
2026-06-09 02:49:53,615 - Step 04643: 4947.7529 E_h, exp. variance=0.7470 E_h^2, pmove=0.50
2026-06-09 02:49:53,969 - Step 04644: 4946.6118 E_h, exp. variance=0.7014 E_h^2, pmove=0.50
2026-06-09 02:49:54,319 - Step 04645: 4946.8296 E_h, exp. variance=0.6391 E_h^2, pmove=0.49
2026-06-09 02:49:54,670 - Step 04646: 4947.4238 E_h, exp. variance=0.5849 E_h^2, pmove=0.50
2026-06-09 02:49:55,023 - Step 04647: 4947.3086 E_h, exp. variance=0.5294 E_h^2, pmove=0.50
2026-06-09 02:49:55,374 - Step 04648: 4946.4199 E_h, exp. variance=0.5238 E_h^2, pmove=0.50
2026-06-09 02:49:55,725 - Step 04649: 4947.6738 E_h, exp. variance=0.5040 E_h^2, pmove=0.50
2026-06-09 02:49:56,077 - Step 04650: 4946.2139 E_h, exp. variance=0.5296 E_h^2, pmove=0.50
2026-06-09 02:49:56,433 - Step 04651: 4946.9629 E_h, exp. variance=0.4772 E_h^2, pmove=0.50
2026-06-09 02:49:56,784 - Step 04652: 4945.5254 E_h, exp. variance=0.6341 E_h^2, pmove=0.49
2026-06-09 02:49:57,141 - Step 04653: 4946.1582 E_h, exp. variance=0.6178 E_h^2, pmove=0.51
2026-06-09 02:49:57,492 - Step 04654: 4946.6289 E_h, exp. variance=0.5590 E_h^2, pmove=0.51
2026-06-09 02:49:57,843 - Step 04655: 4946.6616 E_h, exp. variance=0.5046 E_h^2, pmove=0.50
2026-06-09 02:49:58,192 - Step 04656: 4946.6484 E_h, exp. variance=0.4557 E_h^2, pmove=0.50
2026-06-09 02:49:58,546 - Step 04657: 4946.5352 E_h, exp. variance=0.4149 E_h^2, pmove=0.50
2026-06-09 02:49:58,898 - Step 04658: 4945.5518 E_h, exp. variance=0.5011 E_h^2, pmove=0.50
2026-06-09 02:49:59,248 - Step 04659: 4945.1689 E_h, exp. variance=0.6414 E_h^2, pmove=0.50
2026-06-09 02:49:59,603 - Step 04660: 4945.6641 E_h, exp. variance=0.6369 E_h^2, pmove=0.50
2026-06-09 02:49:59,958 - Step 04661: 4945.9287 E_h, exp. variance=0.5929 E_h^2, pmove=0.51
2026-06-09 02:50:00,312 - Step 04662: 4946.1895 E_h, exp. variance=0.5359 E_h^2, pmove=0.50
2026-06-09 02:50:00,666 - Step 04663: 4946.3071 E_h, exp. variance=0.4824 E_h^2, pmove=0.50
2026-06-09 02:50:01,019 - Step 04664: 4946.8145 E_h, exp. variance=0.4552 E_h^2, pmove=0.50
2026-06-09 02:50:01,369 - Step 04665: 4946.0566 E_h, exp. variance=0.4190 E_h^2, pmove=0.50
2026-06-09 02:50:01,719 - Step 04666: 4945.6729 E_h, exp. variance=0.4180 E_h^2, pmove=0.51
2026-06-09 02:50:02,070 - Step 04667: 4947.1260 E_h, exp. variance=0.4407 E_h^2, pmove=0.50
2026-06-09 02:50:02,421 - Step 04668: 4946.1484 E_h, exp. variance=0.4008 E_h^2, pmove=0.50
2026-06-09 02:50:02,770 - Step 04669: 4946.2510 E_h, exp. variance=0.3615 E_h^2, pmove=0.50
2026-06-09 02:50:03,121 - Step 04670: 4945.6631 E_h, exp. variance=0.3658 E_h^2, pmove=0.51
2026-06-09 02:50:03,468 - Step 04671: 4946.7627 E_h, exp. variance=0.3514 E_h^2, pmove=0.50
2026-06-09 02:50:03,817 - Step 04672: 4946.7568 E_h, exp. variance=0.3337 E_h^2, pmove=0.51
2026-06-09 02:50:04,169 - Step 04673: 4946.1987 E_h, exp. variance=0.3027 E_h^2, pmove=0.50
2026-06-09 02:50:04,521 - Step 04674: 4947.2344 E_h, exp. variance=0.3437 E_h^2, pmove=0.50
2026-06-09 02:50:04,872 - Step 04675: 4947.5747 E_h, exp. variance=0.4266 E_h^2, pmove=0.50
2026-06-09 02:50:05,221 - Step 04676: 4947.9331 E_h, exp. variance=0.5568 E_h^2, pmove=0.50
2026-06-09 02:50:05,570 - Step 04677: 4946.4570 E_h, exp. variance=0.5058 E_h^2, pmove=0.50
2026-06-09 02:50:05,919 - Step 04678: 4947.0078 E_h, exp. variance=0.4659 E_h^2, pmove=0.50
2026-06-09 02:50:06,270 - Step 04679: 4946.7988 E_h, exp. variance=0.4203 E_h^2, pmove=0.50
2026-06-09 02:50:06,621 - Step 04680: 4947.3340 E_h, exp. variance=0.4135 E_h^2, pmove=0.50
2026-06-09 02:50:06,972 - Step 04681: 4947.5522 E_h, exp. variance=0.4272 E_h^2, pmove=0.50
2026-06-09 02:50:07,321 - Step 04682: 4946.5273 E_h, exp. variance=0.3937 E_h^2, pmove=0.50
2026-06-09 02:50:07,671 - Step 04683: 4945.4126 E_h, exp. variance=0.5317 E_h^2, pmove=0.50
2026-06-09 02:50:08,022 - Step 04684: 4946.2437 E_h, exp. variance=0.4954 E_h^2, pmove=0.50
2026-06-09 02:50:08,371 - Step 04685: 4946.7026 E_h, exp. variance=0.4463 E_h^2, pmove=0.50
2026-06-09 02:50:08,721 - Step 04686: 4946.3037 E_h, exp. variance=0.4118 E_h^2, pmove=0.50
2026-06-09 02:50:09,070 - Step 04687: 4946.5977 E_h, exp. variance=0.3706 E_h^2, pmove=0.50
2026-06-09 02:50:09,421 - Step 04688: 4946.3306 E_h, exp. variance=0.3403 E_h^2, pmove=0.51
2026-06-09 02:50:09,771 - Step 04689: 4946.7969 E_h, exp. variance=0.3106 E_h^2, pmove=0.50
2026-06-09 02:50:10,122 - Step 04690: 4945.9824 E_h, exp. variance=0.3138 E_h^2, pmove=0.51
2026-06-09 02:50:10,473 - Step 04691: 4947.1450 E_h, exp. variance=0.3156 E_h^2, pmove=0.51
2026-06-09 02:50:10,826 - Step 04692: 4945.7998 E_h, exp. variance=0.3415 E_h^2, pmove=0.51
2026-06-09 02:50:11,179 - Step 04693: 4946.6357 E_h, exp. variance=0.3086 E_h^2, pmove=0.50
2026-06-09 02:50:11,529 - Step 04694: 4946.0332 E_h, exp. variance=0.3000 E_h^2, pmove=0.50
2026-06-09 02:50:11,881 - Step 04695: 4947.2578 E_h, exp. variance=0.3243 E_h^2, pmove=0.49
2026-06-09 02:50:12,234 - Step 04696: 4946.2026 E_h, exp. variance=0.3033 E_h^2, pmove=0.50
2026-06-09 02:50:12,589 - Step 04697: 4945.7422 E_h, exp. variance=0.3277 E_h^2, pmove=0.50
2026-06-09 02:50:12,942 - Step 04698: 4946.4907 E_h, exp. variance=0.2952 E_h^2, pmove=0.50
2026-06-09 02:50:13,296 - Step 04699: 4946.6558 E_h, exp. variance=0.2695 E_h^2, pmove=0.50
2026-06-09 02:50:13,646 - Step 04700: 4945.6445 E_h, exp. variance=0.3038 E_h^2, pmove=0.50
2026-06-09 02:50:13,996 - Step 04701: 4947.3125 E_h, exp. variance=0.3505 E_h^2, pmove=0.50
2026-06-09 02:50:14,349 - Step 04702: 4945.8779 E_h, exp. variance=0.3480 E_h^2, pmove=0.51
2026-06-09 02:50:14,700 - Step 04703: 4947.0977 E_h, exp. variance=0.3546 E_h^2, pmove=0.50
2026-06-09 02:50:15,051 - Step 04704: 4945.4165 E_h, exp. variance=0.4223 E_h^2, pmove=0.50
2026-06-09 02:50:15,401 - Step 04705: 4946.6392 E_h, exp. variance=0.3861 E_h^2, pmove=0.50
2026-06-09 02:50:15,755 - Step 04706: 4946.4590 E_h, exp. variance=0.3478 E_h^2, pmove=0.50
2026-06-09 02:50:16,106 - Step 04707: 4947.4121 E_h, exp. variance=0.4031 E_h^2, pmove=0.50
2026-06-09 02:50:16,458 - Step 04708: 4945.3628 E_h, exp. variance=0.4816 E_h^2, pmove=0.50
2026-06-09 02:50:16,810 - Step 04709: 4946.1177 E_h, exp. variance=0.4404 E_h^2, pmove=0.50
2026-06-09 02:50:17,162 - Step 04710: 4946.2334 E_h, exp. variance=0.3981 E_h^2, pmove=0.50
2026-06-09 02:50:17,514 - Step 04711: 4945.0879 E_h, exp. variance=0.5029 E_h^2, pmove=0.50
2026-06-09 02:50:17,865 - Step 04712: 4946.6265 E_h, exp. variance=0.4668 E_h^2, pmove=0.51
2026-06-09 02:50:18,215 - Step 04713: 4945.1675 E_h, exp. variance=0.5293 E_h^2, pmove=0.50
2026-06-09 02:50:18,565 - Step 04714: 4946.4688 E_h, exp. variance=0.4850 E_h^2, pmove=0.50
2026-06-09 02:50:18,935 - Step 04715: 4945.0566 E_h, exp. variance=0.5520 E_h^2, pmove=0.50
2026-06-09 02:50:19,286 - Step 04716: 4946.6895 E_h, exp. variance=0.5307 E_h^2, pmove=0.50
2026-06-09 02:50:19,638 - Step 04717: 4945.8945 E_h, exp. variance=0.4829 E_h^2, pmove=0.50
2026-06-09 02:50:19,990 - Step 04718: 4947.4692 E_h, exp. variance=0.6001 E_h^2, pmove=0.51
2026-06-09 02:50:20,340 - Step 04719: 4947.0835 E_h, exp. variance=0.6028 E_h^2, pmove=0.50
2026-06-09 02:50:20,693 - Step 04720: 4947.2051 E_h, exp. variance=0.6110 E_h^2, pmove=0.50
2026-06-09 02:50:21,046 - Step 04721: 4946.4282 E_h, exp. variance=0.5499 E_h^2, pmove=0.51
2026-06-09 02:50:21,401 - Step 04722: 4945.5176 E_h, exp. variance=0.5684 E_h^2, pmove=0.50
2026-06-09 02:50:21,753 - Step 04723: 4945.5894 E_h, exp. variance=0.5610 E_h^2, pmove=0.51
2026-06-09 02:50:22,107 - Step 04724: 4946.4619 E_h, exp. variance=0.5087 E_h^2, pmove=0.50
2026-06-09 02:50:22,458 - Step 04725: 4947.1812 E_h, exp. variance=0.5314 E_h^2, pmove=0.50
2026-06-09 02:50:22,808 - Step 04726: 4948.2993 E_h, exp. variance=0.8142 E_h^2, pmove=0.50
2026-06-09 02:50:23,158 - Step 04727: 4947.8496 E_h, exp. variance=0.8824 E_h^2, pmove=0.50
2026-06-09 02:50:23,510 - Step 04728: 4947.3477 E_h, exp. variance=0.8331 E_h^2, pmove=0.50
2026-06-09 02:50:23,859 - Step 04729: 4947.0483 E_h, exp. variance=0.7575 E_h^2, pmove=0.50
2026-06-09 02:50:24,210 - Step 04730: 4946.4746 E_h, exp. variance=0.6904 E_h^2, pmove=0.50
2026-06-09 02:50:24,559 - Step 04731: 4947.9688 E_h, exp. variance=0.7542 E_h^2, pmove=0.50
2026-06-09 02:50:24,909 - Step 04732: 4946.2397 E_h, exp. variance=0.7152 E_h^2, pmove=0.50
2026-06-09 02:50:25,260 - Step 04733: 4947.6787 E_h, exp. variance=0.7113 E_h^2, pmove=0.50
2026-06-09 02:50:25,610 - Step 04734: 4945.9707 E_h, exp. variance=0.7176 E_h^2, pmove=0.50
2026-06-09 02:50:25,961 - Step 04735: 4947.1304 E_h, exp. variance=0.6553 E_h^2, pmove=0.50
2026-06-09 02:50:26,310 - Step 04736: 4945.8921 E_h, exp. variance=0.6703 E_h^2, pmove=0.50
2026-06-09 02:50:26,661 - Step 04737: 4946.3447 E_h, exp. variance=0.6176 E_h^2, pmove=0.49
2026-06-09 02:50:27,015 - Step 04738: 4944.7212 E_h, exp. variance=0.9093 E_h^2, pmove=0.50
2026-06-09 02:50:27,366 - Step 04739: 4946.2163 E_h, exp. variance=0.8259 E_h^2, pmove=0.50
2026-06-09 02:50:27,717 - Step 04740: 4945.7959 E_h, exp. variance=0.7849 E_h^2, pmove=0.50
2026-06-09 02:50:28,072 - Step 04741: 4945.3003 E_h, exp. variance=0.8169 E_h^2, pmove=0.50
2026-06-09 02:50:28,426 - Step 04742: 4945.5908 E_h, exp. variance=0.7802 E_h^2, pmove=0.50
2026-06-09 02:50:28,779 - Step 04743: 4946.3979 E_h, exp. variance=0.7048 E_h^2, pmove=0.50
2026-06-09 02:50:29,130 - Step 04744: 4945.6035 E_h, exp. variance=0.6712 E_h^2, pmove=0.49
2026-06-09 02:50:29,485 - Step 04745: 4947.0024 E_h, exp. variance=0.6650 E_h^2, pmove=0.51
2026-06-09 02:50:29,840 - Step 04746: 4945.9585 E_h, exp. variance=0.6068 E_h^2, pmove=0.50
2026-06-09 02:50:30,193 - Step 04747: 4948.4414 E_h, exp. variance=0.9856 E_h^2, pmove=0.50
2026-06-09 02:50:30,546 - Step 04748: 4946.9443 E_h, exp. variance=0.9088 E_h^2, pmove=0.50
2026-06-09 02:50:30,898 - Step 04749: 4946.9668 E_h, exp. variance=0.8374 E_h^2, pmove=0.51
2026-06-09 02:50:31,249 - Step 04750: 4946.8521 E_h, exp. variance=0.7620 E_h^2, pmove=0.50
2026-06-09 02:50:31,599 - Step 04751: 4946.4355 E_h, exp. variance=0.6876 E_h^2, pmove=0.50
2026-06-09 02:50:31,950 - Step 04752: 4945.9346 E_h, exp. variance=0.6546 E_h^2, pmove=0.50
2026-06-09 02:50:32,302 - Step 04753: 4944.6328 E_h, exp. variance=0.9034 E_h^2, pmove=0.50
2026-06-09 02:50:32,653 - Step 04754: 4944.9717 E_h, exp. variance=0.9753 E_h^2, pmove=0.50
2026-06-09 02:50:33,004 - Step 04755: 4945.5176 E_h, exp. variance=0.9173 E_h^2, pmove=0.50
2026-06-09 02:50:33,356 - Step 04756: 4945.7930 E_h, exp. variance=0.8348 E_h^2, pmove=0.50
2026-06-09 02:50:33,709 - Step 04757: 4945.9639 E_h, exp. variance=0.7526 E_h^2, pmove=0.50
2026-06-09 02:50:34,060 - Step 04758: 4945.9814 E_h, exp. variance=0.6780 E_h^2, pmove=0.51
2026-06-09 02:50:34,411 - Step 04759: 4946.5596 E_h, exp. variance=0.6326 E_h^2, pmove=0.49
2026-06-09 02:50:34,763 - Step 04760: 4946.9248 E_h, exp. variance=0.6290 E_h^2, pmove=0.50
2026-06-09 02:50:35,113 - Step 04761: 4946.5376 E_h, exp. variance=0.5768 E_h^2, pmove=0.50
2026-06-09 02:50:35,462 - Step 04762: 4946.4453 E_h, exp. variance=0.5234 E_h^2, pmove=0.50
2026-06-09 02:50:35,812 - Step 04763: 4946.6689 E_h, exp. variance=0.4869 E_h^2, pmove=0.49
2026-06-09 02:50:36,163 - Step 04764: 4946.2070 E_h, exp. variance=0.4389 E_h^2, pmove=0.50
2026-06-09 02:50:36,513 - Step 04765: 4946.4736 E_h, exp. variance=0.3983 E_h^2, pmove=0.50
2026-06-09 02:50:36,865 - Step 04766: 4945.7710 E_h, exp. variance=0.3838 E_h^2, pmove=0.50
2026-06-09 02:50:37,218 - Step 04767: 4945.0781 E_h, exp. variance=0.4687 E_h^2, pmove=0.50
2026-06-09 02:50:37,569 - Step 04768: 4944.9365 E_h, exp. variance=0.5503 E_h^2, pmove=0.51
2026-06-09 02:50:37,929 - Step 04769: 4945.8828 E_h, exp. variance=0.4968 E_h^2, pmove=0.50
2026-06-09 02:50:38,285 - Step 04770: 4945.7705 E_h, exp. variance=0.4518 E_h^2, pmove=0.50
2026-06-09 02:50:38,641 - Step 04771: 4946.3135 E_h, exp. variance=0.4169 E_h^2, pmove=0.50
2026-06-09 02:50:38,996 - Step 04772: 4946.2217 E_h, exp. variance=0.3792 E_h^2, pmove=0.50
2026-06-09 02:50:39,349 - Step 04773: 4946.5264 E_h, exp. variance=0.3634 E_h^2, pmove=0.50
2026-06-09 02:50:39,705 - Step 04774: 4946.5830 E_h, exp. variance=0.3498 E_h^2, pmove=0.49
2026-06-09 02:50:40,059 - Step 04775: 4946.2183 E_h, exp. variance=0.3155 E_h^2, pmove=0.51
2026-06-09 02:50:40,423 - Step 04776: 4945.9551 E_h, exp. variance=0.2870 E_h^2, pmove=0.50
2026-06-09 02:50:40,775 - Step 04777: 4946.0146 E_h, exp. variance=0.2593 E_h^2, pmove=0.50
2026-06-09 02:50:41,126 - Step 04778: 4947.0132 E_h, exp. variance=0.3068 E_h^2, pmove=0.50
2026-06-09 02:50:41,476 - Step 04779: 4946.8442 E_h, exp. variance=0.3135 E_h^2, pmove=0.50
2026-06-09 02:50:41,827 - Step 04780: 4945.8662 E_h, exp. variance=0.2964 E_h^2, pmove=0.50
2026-06-09 02:50:42,178 - Step 04781: 4946.5044 E_h, exp. variance=0.2738 E_h^2, pmove=0.50
2026-06-09 02:50:42,527 - Step 04782: 4947.2046 E_h, exp. variance=0.3280 E_h^2, pmove=0.50
2026-06-09 02:50:42,876 - Step 04783: 4947.3516 E_h, exp. variance=0.3859 E_h^2, pmove=0.50
2026-06-09 02:50:43,225 - Step 04784: 4946.0190 E_h, exp. variance=0.3639 E_h^2, pmove=0.51
2026-06-09 02:50:43,573 - Step 04785: 4947.3994 E_h, exp. variance=0.4165 E_h^2, pmove=0.50
2026-06-09 02:50:43,922 - Step 04786: 4946.4346 E_h, exp. variance=0.3753 E_h^2, pmove=0.50
2026-06-09 02:50:44,277 - Step 04787: 4946.8203 E_h, exp. variance=0.3471 E_h^2, pmove=0.50
2026-06-09 02:50:44,629 - Step 04788: 4944.6509 E_h, exp. variance=0.6303 E_h^2, pmove=0.50
2026-06-09 02:50:44,980 - Step 04789: 4946.6611 E_h, exp. variance=0.5764 E_h^2, pmove=0.50
2026-06-09 02:50:45,331 - Step 04790: 4945.5405 E_h, exp. variance=0.5813 E_h^2, pmove=0.50
2026-06-09 02:50:45,680 - Step 04791: 4945.6479 E_h, exp. variance=0.5603 E_h^2, pmove=0.50
2026-06-09 02:50:46,032 - Step 04792: 4945.9956 E_h, exp. variance=0.5091 E_h^2, pmove=0.50
2026-06-09 02:50:46,380 - Step 04793: 4946.7441 E_h, exp. variance=0.4845 E_h^2, pmove=0.50
2026-06-09 02:50:46,730 - Step 04794: 4947.3086 E_h, exp. variance=0.5355 E_h^2, pmove=0.50
2026-06-09 02:50:47,080 - Step 04795: 4946.5542 E_h, exp. variance=0.4853 E_h^2, pmove=0.50
2026-06-09 02:50:47,432 - Step 04796: 4946.2881 E_h, exp. variance=0.4375 E_h^2, pmove=0.51
2026-06-09 02:50:47,783 - Step 04797: 4944.9717 E_h, exp. variance=0.5703 E_h^2, pmove=0.49
2026-06-09 02:50:48,136 - Step 04798: 4945.0215 E_h, exp. variance=0.6451 E_h^2, pmove=0.51
2026-06-09 02:50:48,486 - Step 04799: 4946.1011 E_h, exp. variance=0.5806 E_h^2, pmove=0.50
2026-06-09 02:50:48,835 - Step 04800: 4946.4766 E_h, exp. variance=0.5347 E_h^2, pmove=0.50
2026-06-09 02:50:49,188 - Step 04801: 4945.0176 E_h, exp. variance=0.5959 E_h^2, pmove=0.50
2026-06-09 02:50:49,539 - Step 04802: 4945.5723 E_h, exp. variance=0.5555 E_h^2, pmove=0.50
2026-06-09 02:50:49,888 - Step 04803: 4946.6797 E_h, exp. variance=0.5431 E_h^2, pmove=0.50
2026-06-09 02:50:50,237 - Step 04804: 4947.2476 E_h, exp. variance=0.6164 E_h^2, pmove=0.50
2026-06-09 02:50:50,586 - Step 04805: 4948.0381 E_h, exp. variance=0.8669 E_h^2, pmove=0.50
2026-06-09 02:50:50,941 - Step 04806: 4947.6846 E_h, exp. variance=0.9377 E_h^2, pmove=0.51
2026-06-09 02:50:51,291 - Step 04807: 4949.0562 E_h, exp. variance=1.4347 E_h^2, pmove=0.50
2026-06-09 02:50:51,641 - Step 04808: 4947.0894 E_h, exp. variance=1.3015 E_h^2, pmove=0.49
2026-06-09 02:50:51,993 - Step 04809: 4947.1841 E_h, exp. variance=1.1858 E_h^2, pmove=0.51
2026-06-09 02:50:52,346 - Step 04810: 4947.0708 E_h, exp. variance=1.0727 E_h^2, pmove=0.50
2026-06-09 02:50:52,700 - Step 04811: 4948.1504 E_h, exp. variance=1.1179 E_h^2, pmove=0.50
2026-06-09 02:50:53,050 - Step 04812: 4946.1699 E_h, exp. variance=1.0650 E_h^2, pmove=0.50
2026-06-09 02:50:53,401 - Step 04813: 4946.7393 E_h, exp. variance=0.9608 E_h^2, pmove=0.51
2026-06-09 02:50:53,757 - Step 04814: 4947.0239 E_h, exp. variance=0.8665 E_h^2, pmove=0.50
2026-06-09 02:50:54,108 - Step 04815: 4947.2617 E_h, exp. variance=0.7919 E_h^2, pmove=0.50
2026-06-09 02:50:54,458 - Step 04816: 4946.1621 E_h, exp. variance=0.7662 E_h^2, pmove=0.50
2026-06-09 02:50:54,808 - Step 04817: 4946.4233 E_h, exp. variance=0.7063 E_h^2, pmove=0.51
2026-06-09 02:50:55,160 - Step 04818: 4946.3218 E_h, exp. variance=0.6574 E_h^2, pmove=0.49
2026-06-09 02:50:55,512 - Step 04819: 4946.5806 E_h, exp. variance=0.5947 E_h^2, pmove=0.50
2026-06-09 02:50:55,865 - Step 04820: 4946.8535 E_h, exp. variance=0.5363 E_h^2, pmove=0.50
2026-06-09 02:50:56,221 - Step 04821: 4946.7773 E_h, exp. variance=0.4827 E_h^2, pmove=0.50
2026-06-09 02:50:56,575 - Step 04822: 4946.7305 E_h, exp. variance=0.4345 E_h^2, pmove=0.50
2026-06-09 02:50:56,929 - Step 04823: 4947.3447 E_h, exp. variance=0.4223 E_h^2, pmove=0.50
2026-06-09 02:50:57,281 - Step 04824: 4947.6377 E_h, exp. variance=0.4412 E_h^2, pmove=0.50
2026-06-09 02:50:57,632 - Step 04825: 4947.1216 E_h, exp. variance=0.4016 E_h^2, pmove=0.50
2026-06-09 02:50:57,985 - Step 04826: 4946.8740 E_h, exp. variance=0.3616 E_h^2, pmove=0.50
2026-06-09 02:50:58,339 - Step 04827: 4947.3198 E_h, exp. variance=0.3403 E_h^2, pmove=0.50
2026-06-09 02:50:58,690 - Step 04828: 4945.5029 E_h, exp. variance=0.4960 E_h^2, pmove=0.50
2026-06-09 02:50:59,037 - Step 04829: 4945.7637 E_h, exp. variance=0.5450 E_h^2, pmove=0.50
2026-06-09 02:50:59,385 - Step 04830: 4946.3369 E_h, exp. variance=0.5027 E_h^2, pmove=0.51
2026-06-09 02:50:59,733 - Step 04831: 4945.2539 E_h, exp. variance=0.6326 E_h^2, pmove=0.50
2026-06-09 02:51:00,085 - Step 04832: 4946.3784 E_h, exp. variance=0.5714 E_h^2, pmove=0.50
2026-06-09 02:51:00,437 - Step 04833: 4946.5723 E_h, exp. variance=0.5145 E_h^2, pmove=0.50
2026-06-09 02:51:00,791 - Step 04834: 4947.7598 E_h, exp. variance=0.6017 E_h^2, pmove=0.50
2026-06-09 02:51:01,141 - Step 04835: 4946.7510 E_h, exp. variance=0.5426 E_h^2, pmove=0.50
2026-06-09 02:51:01,492 - Step 04836: 4946.0400 E_h, exp. variance=0.5222 E_h^2, pmove=0.50
2026-06-09 02:51:01,843 - Step 04837: 4946.5391 E_h, exp. variance=0.4702 E_h^2, pmove=0.50
2026-06-09 02:51:02,196 - Step 04838: 4947.7705 E_h, exp. variance=0.5494 E_h^2, pmove=0.50
2026-06-09 02:51:02,546 - Step 04839: 4946.2256 E_h, exp. variance=0.5152 E_h^2, pmove=0.50
2026-06-09 02:51:02,898 - Step 04840: 4947.8433 E_h, exp. variance=0.5902 E_h^2, pmove=0.50
2026-06-09 02:51:03,251 - Step 04841: 4945.1338 E_h, exp. variance=0.7739 E_h^2, pmove=0.50
2026-06-09 02:51:03,602 - Step 04842: 4946.9092 E_h, exp. variance=0.7045 E_h^2, pmove=0.51
2026-06-09 02:51:03,951 - Step 04843: 4946.1133 E_h, exp. variance=0.6591 E_h^2, pmove=0.50
2026-06-09 02:51:04,302 - Step 04844: 4946.6870 E_h, exp. variance=0.5941 E_h^2, pmove=0.51
2026-06-09 02:51:04,649 - Step 04845: 4946.6094 E_h, exp. variance=0.5347 E_h^2, pmove=0.50
2026-06-09 02:51:04,999 - Step 04846: 4947.7563 E_h, exp. variance=0.6017 E_h^2, pmove=0.51
2026-06-09 02:51:05,348 - Step 04847: 4947.1562 E_h, exp. variance=0.5590 E_h^2, pmove=0.49
2026-06-09 02:51:05,699 - Step 04848: 4948.4453 E_h, exp. variance=0.7589 E_h^2, pmove=0.50
2026-06-09 02:51:06,051 - Step 04849: 4947.3496 E_h, exp. variance=0.6991 E_h^2, pmove=0.49
2026-06-09 02:51:06,404 - Step 04850: 4947.2266 E_h, exp. variance=0.6351 E_h^2, pmove=0.50
2026-06-09 02:51:06,755 - Step 04851: 4946.9492 E_h, exp. variance=0.5718 E_h^2, pmove=0.50
2026-06-09 02:51:07,106 - Step 04852: 4947.2119 E_h, exp. variance=0.5190 E_h^2, pmove=0.50
2026-06-09 02:51:07,456 - Step 04853: 4946.8003 E_h, exp. variance=0.4712 E_h^2, pmove=0.51
2026-06-09 02:51:07,807 - Step 04854: 4946.5127 E_h, exp. variance=0.4447 E_h^2, pmove=0.50
2026-06-09 02:51:08,158 - Step 04855: 4946.9409 E_h, exp. variance=0.4002 E_h^2, pmove=0.50
2026-06-09 02:51:08,511 - Step 04856: 4947.0586 E_h, exp. variance=0.3614 E_h^2, pmove=0.50
2026-06-09 02:51:08,863 - Step 04857: 4946.1338 E_h, exp. variance=0.3860 E_h^2, pmove=0.50
2026-06-09 02:51:09,216 - Step 04858: 4946.3081 E_h, exp. variance=0.3761 E_h^2, pmove=0.50
2026-06-09 02:51:09,567 - Step 04859: 4947.2002 E_h, exp. variance=0.3517 E_h^2, pmove=0.51
2026-06-09 02:51:09,917 - Step 04860: 4946.3574 E_h, exp. variance=0.3388 E_h^2, pmove=0.50
2026-06-09 02:51:10,269 - Step 04861: 4947.9170 E_h, exp. variance=0.4162 E_h^2, pmove=0.50
2026-06-09 02:51:10,620 - Step 04862: 4946.4019 E_h, exp. variance=0.3984 E_h^2, pmove=0.49
2026-06-09 02:51:10,972 - Step 04863: 4947.5962 E_h, exp. variance=0.4067 E_h^2, pmove=0.50
2026-06-09 02:51:11,322 - Step 04864: 4946.7104 E_h, exp. variance=0.3707 E_h^2, pmove=0.50
2026-06-09 02:51:11,672 - Step 04865: 4946.3833 E_h, exp. variance=0.3591 E_h^2, pmove=0.50
2026-06-09 02:51:12,025 - Step 04866: 4946.8809 E_h, exp. variance=0.3232 E_h^2, pmove=0.50
2026-06-09 02:51:12,392 - Step 04867: 4946.1055 E_h, exp. variance=0.3427 E_h^2, pmove=0.51
2026-06-09 02:51:12,745 - Step 04868: 4946.0693 E_h, exp. variance=0.3550 E_h^2, pmove=0.50
2026-06-09 02:51:13,095 - Step 04869: 4945.8682 E_h, exp. variance=0.3843 E_h^2, pmove=0.50
2026-06-09 02:51:13,447 - Step 04870: 4946.7646 E_h, exp. variance=0.3475 E_h^2, pmove=0.50
2026-06-09 02:51:13,802 - Step 04871: 4945.6758 E_h, exp. variance=0.3973 E_h^2, pmove=0.51
2026-06-09 02:51:14,161 - Step 04872: 4947.2363 E_h, exp. variance=0.4002 E_h^2, pmove=0.51
2026-06-09 02:51:14,536 - Step 04873: 4946.4360 E_h, exp. variance=0.3631 E_h^2, pmove=0.50
2026-06-09 02:51:14,888 - Step 04874: 4947.9829 E_h, exp. variance=0.4993 E_h^2, pmove=0.50
2026-06-09 02:51:15,241 - Step 04875: 4946.1885 E_h, exp. variance=0.4765 E_h^2, pmove=0.50
2026-06-09 02:51:15,592 - Step 04876: 4947.3115 E_h, exp. variance=0.4644 E_h^2, pmove=0.50
2026-06-09 02:51:15,941 - Step 04877: 4945.9785 E_h, exp. variance=0.4709 E_h^2, pmove=0.50
2026-06-09 02:51:16,293 - Step 04878: 4946.7861 E_h, exp. variance=0.4251 E_h^2, pmove=0.51
2026-06-09 02:51:16,647 - Step 04879: 4946.0854 E_h, exp. variance=0.4144 E_h^2, pmove=0.50
2026-06-09 02:51:17,006 - Step 04880: 4946.1631 E_h, exp. variance=0.3919 E_h^2, pmove=0.50
2026-06-09 02:51:17,358 - Step 04881: 4945.7739 E_h, exp. variance=0.4105 E_h^2, pmove=0.50
2026-06-09 02:51:17,711 - Step 04882: 4944.9004 E_h, exp. variance=0.5983 E_h^2, pmove=0.50
2026-06-09 02:51:18,066 - Step 04883: 4946.3511 E_h, exp. variance=0.5385 E_h^2, pmove=0.51
2026-06-09 02:51:18,420 - Step 04884: 4944.1973 E_h, exp. variance=0.8967 E_h^2, pmove=0.50
2026-06-09 02:51:18,773 - Step 04885: 4944.9126 E_h, exp. variance=0.9389 E_h^2, pmove=0.50
2026-06-09 02:51:19,127 - Step 04886: 4946.2061 E_h, exp. variance=0.8487 E_h^2, pmove=0.50
2026-06-09 02:51:19,481 - Step 04887: 4945.9575 E_h, exp. variance=0.7642 E_h^2, pmove=0.50
2026-06-09 02:51:19,831 - Step 04888: 4946.8154 E_h, exp. variance=0.7453 E_h^2, pmove=0.50
2026-06-09 02:51:20,185 - Step 04889: 4946.7256 E_h, exp. variance=0.7064 E_h^2, pmove=0.50
2026-06-09 02:51:20,535 - Step 04890: 4947.2163 E_h, exp. variance=0.7364 E_h^2, pmove=0.50
2026-06-09 02:51:20,886 - Step 04891: 4946.7422 E_h, exp. variance=0.6833 E_h^2, pmove=0.50
2026-06-09 02:51:21,233 - Step 04892: 4947.6289 E_h, exp. variance=0.7709 E_h^2, pmove=0.51
2026-06-09 02:51:21,582 - Step 04893: 4946.9399 E_h, exp. variance=0.7159 E_h^2, pmove=0.50
2026-06-09 02:51:21,939 - Step 04894: 4946.1279 E_h, exp. variance=0.6564 E_h^2, pmove=0.50
2026-06-09 02:51:22,290 - Step 04895: 4947.0234 E_h, exp. variance=0.6196 E_h^2, pmove=0.50
2026-06-09 02:51:22,641 - Step 04896: 4947.2964 E_h, exp. variance=0.6127 E_h^2, pmove=0.50
2026-06-09 02:51:22,994 - Step 04897: 4947.8398 E_h, exp. variance=0.6915 E_h^2, pmove=0.50
2026-06-09 02:51:23,346 - Step 04898: 4945.9355 E_h, exp. variance=0.6773 E_h^2, pmove=0.51
2026-06-09 02:51:23,698 - Step 04899: 4946.1172 E_h, exp. variance=0.6340 E_h^2, pmove=0.50
2026-06-09 02:51:24,051 - Step 04900: 4946.1396 E_h, exp. variance=0.5886 E_h^2, pmove=0.50
2026-06-09 02:51:24,403 - Step 04901: 4946.0947 E_h, exp. variance=0.5477 E_h^2, pmove=0.50
2026-06-09 02:51:24,756 - Step 04902: 4947.8721 E_h, exp. variance=0.6631 E_h^2, pmove=0.50
2026-06-09 02:51:25,109 - Step 04903: 4945.9814 E_h, exp. variance=0.6352 E_h^2, pmove=0.49
2026-06-09 02:51:25,461 - Step 04904: 4948.5068 E_h, exp. variance=0.9095 E_h^2, pmove=0.51
2026-06-09 02:51:25,813 - Step 04905: 4945.2373 E_h, exp. variance=1.0281 E_h^2, pmove=0.50
2026-06-09 02:51:26,163 - Step 04906: 4948.2412 E_h, exp. variance=1.1647 E_h^2, pmove=0.50
2026-06-09 02:51:26,515 - Step 04907: 4946.2388 E_h, exp. variance=1.0740 E_h^2, pmove=0.49
2026-06-09 02:51:26,866 - Step 04908: 4947.3965 E_h, exp. variance=1.0078 E_h^2, pmove=0.51
2026-06-09 02:51:27,218 - Step 04909: 4946.8994 E_h, exp. variance=0.9081 E_h^2, pmove=0.50
2026-06-09 02:51:27,571 - Step 04910: 4945.6162 E_h, exp. variance=0.9432 E_h^2, pmove=0.49
2026-06-09 02:51:27,921 - Step 04911: 4946.4209 E_h, exp. variance=0.8549 E_h^2, pmove=0.51
2026-06-09 02:51:28,272 - Step 04912: 4946.6875 E_h, exp. variance=0.7695 E_h^2, pmove=0.50
2026-06-09 02:51:28,626 - Step 04913: 4946.2715 E_h, exp. variance=0.7061 E_h^2, pmove=0.50
2026-06-09 02:51:28,981 - Step 04914: 4947.0635 E_h, exp. variance=0.6532 E_h^2, pmove=0.50
2026-06-09 02:51:29,336 - Step 04915: 4946.6318 E_h, exp. variance=0.5880 E_h^2, pmove=0.51
2026-06-09 02:51:29,685 - Step 04916: 4946.1494 E_h, exp. variance=0.5527 E_h^2, pmove=0.50
2026-06-09 02:51:30,036 - Step 04917: 4947.5620 E_h, exp. variance=0.5791 E_h^2, pmove=0.50
2026-06-09 02:51:30,387 - Step 04918: 4946.9688 E_h, exp. variance=0.5275 E_h^2, pmove=0.50
2026-06-09 02:51:30,737 - Step 04919: 4948.8223 E_h, exp. variance=0.8683 E_h^2, pmove=0.50
2026-06-09 02:51:31,087 - Step 04920: 4950.0303 E_h, exp. variance=1.6410 E_h^2, pmove=0.50
2026-06-09 02:51:31,437 - Step 04921: 4948.8408 E_h, exp. variance=1.7050 E_h^2, pmove=0.50
2026-06-09 02:51:31,788 - Step 04922: 4949.1196 E_h, exp. variance=1.7981 E_h^2, pmove=0.50
2026-06-09 02:51:32,137 - Step 04923: 4946.5098 E_h, exp. variance=1.7212 E_h^2, pmove=0.50
2026-06-09 02:51:32,485 - Step 04924: 4947.4922 E_h, exp. variance=1.5491 E_h^2, pmove=0.50
2026-06-09 02:51:32,833 - Step 04925: 4944.5591 E_h, exp. variance=2.1590 E_h^2, pmove=0.50
2026-06-09 02:51:33,183 - Step 04926: 4946.8340 E_h, exp. variance=1.9540 E_h^2, pmove=0.50
2026-06-09 02:51:33,532 - Step 04927: 4946.3042 E_h, exp. variance=1.8227 E_h^2, pmove=0.50
2026-06-09 02:51:33,882 - Step 04928: 4946.6729 E_h, exp. variance=1.6541 E_h^2, pmove=0.51
2026-06-09 02:51:34,231 - Step 04929: 4944.5537 E_h, exp. variance=2.0381 E_h^2, pmove=0.50
2026-06-09 02:51:34,579 - Step 04930: 4946.2617 E_h, exp. variance=1.8582 E_h^2, pmove=0.51
2026-06-09 02:51:34,929 - Step 04931: 4946.4678 E_h, exp. variance=1.6784 E_h^2, pmove=0.50
2026-06-09 02:51:35,279 - Step 04932: 4945.2979 E_h, exp. variance=1.6874 E_h^2, pmove=0.50
2026-06-09 02:51:35,627 - Step 04933: 4946.3423 E_h, exp. variance=1.5229 E_h^2, pmove=0.50
2026-06-09 02:51:35,980 - Step 04934: 4945.9023 E_h, exp. variance=1.4070 E_h^2, pmove=0.51
2026-06-09 02:51:36,329 - Step 04935: 4947.1890 E_h, exp. variance=1.3122 E_h^2, pmove=0.50
2026-06-09 02:51:36,677 - Step 04936: 4944.6182 E_h, exp. variance=1.5155 E_h^2, pmove=0.50
2026-06-09 02:51:37,027 - Step 04937: 4946.8848 E_h, exp. variance=1.3894 E_h^2, pmove=0.50
2026-06-09 02:51:37,379 - Step 04938: 4947.8203 E_h, exp. variance=1.4304 E_h^2, pmove=0.50
2026-06-09 02:51:37,731 - Step 04939: 4947.6504 E_h, exp. variance=1.3968 E_h^2, pmove=0.50
2026-06-09 02:51:38,079 - Step 04940: 4948.7471 E_h, exp. variance=1.6498 E_h^2, pmove=0.50
2026-06-09 02:51:38,429 - Step 04941: 4947.3584 E_h, exp. variance=1.5065 E_h^2, pmove=0.50
2026-06-09 02:51:38,778 - Step 04942: 4948.2373 E_h, exp. variance=1.5129 E_h^2, pmove=0.50
2026-06-09 02:51:39,129 - Step 04943: 4947.8774 E_h, exp. variance=1.4234 E_h^2, pmove=0.51
2026-06-09 02:51:39,479 - Step 04944: 4947.9678 E_h, exp. variance=1.3439 E_h^2, pmove=0.50
2026-06-09 02:51:39,832 - Step 04945: 4947.0752 E_h, exp. variance=1.2113 E_h^2, pmove=0.50
2026-06-09 02:51:40,186 - Step 04946: 4948.2500 E_h, exp. variance=1.1892 E_h^2, pmove=0.50
2026-06-09 02:51:40,540 - Step 04947: 4946.1865 E_h, exp. variance=1.1831 E_h^2, pmove=0.50
2026-06-09 02:51:40,893 - Step 04948: 4947.9829 E_h, exp. variance=1.1207 E_h^2, pmove=0.50
2026-06-09 02:51:41,246 - Step 04949: 4946.8589 E_h, exp. variance=1.0241 E_h^2, pmove=0.50
2026-06-09 02:51:41,599 - Step 04950: 4945.9292 E_h, exp. variance=1.0745 E_h^2, pmove=0.50
2026-06-09 02:51:41,950 - Step 04951: 4947.6855 E_h, exp. variance=0.9977 E_h^2, pmove=0.50
2026-06-09 02:51:42,302 - Step 04952: 4946.6396 E_h, exp. variance=0.9223 E_h^2, pmove=0.50
2026-06-09 02:51:42,653 - Step 04953: 4947.6304 E_h, exp. variance=0.8547 E_h^2, pmove=0.50
2026-06-09 02:51:43,003 - Step 04954: 4948.3789 E_h, exp. variance=0.9029 E_h^2, pmove=0.50
2026-06-09 02:51:43,353 - Step 04955: 4949.1177 E_h, exp. variance=1.1158 E_h^2, pmove=0.49
2026-06-09 02:51:43,713 - Step 04956: 4954.3555 E_h, exp. variance=5.2763 E_h^2, pmove=0.50
2026-06-09 02:51:44,063 - Step 04957: 4952.6309 E_h, exp. variance=6.5518 E_h^2, pmove=0.50
2026-06-09 02:51:44,417 - Step 04958: 4948.1357 E_h, exp. variance=5.9162 E_h^2, pmove=0.50
2026-06-09 02:51:44,769 - Step 04959: 4950.8799 E_h, exp. variance=5.8108 E_h^2, pmove=0.50
2026-06-09 02:51:45,121 - Step 04960: 4953.6504 E_h, exp. variance=7.3575 E_h^2, pmove=0.50
2026-06-09 02:51:45,472 - Step 04961: 4951.5488 E_h, exp. variance=7.0873 E_h^2, pmove=0.50
2026-06-09 02:51:45,823 - Step 04962: 4948.2900 E_h, exp. variance=6.5108 E_h^2, pmove=0.50
2026-06-09 02:51:46,173 - Step 04963: 4946.0542 E_h, exp. variance=6.8557 E_h^2, pmove=0.50
2026-06-09 02:51:46,542 - Step 04964: 4949.6362 E_h, exp. variance=6.2012 E_h^2, pmove=0.51
2026-06-09 02:51:46,920 - Step 04965: 4944.5713 E_h, exp. variance=7.4326 E_h^2, pmove=0.50
2026-06-09 02:51:47,275 - Step 04966: 4947.6426 E_h, exp. variance=6.7813 E_h^2, pmove=0.51
2026-06-09 02:51:47,626 - Step 04967: 4946.4741 E_h, exp. variance=6.4918 E_h^2, pmove=0.49
2026-06-09 02:51:47,977 - Step 04968: 4947.6602 E_h, exp. variance=5.8848 E_h^2, pmove=0.51
2026-06-09 02:51:48,329 - Step 04969: 4947.2480 E_h, exp. variance=5.3914 E_h^2, pmove=0.50
2026-06-09 02:51:48,679 - Step 04970: 4946.6860 E_h, exp. variance=5.0512 E_h^2, pmove=0.50
2026-06-09 02:51:49,029 - Step 04971: 4949.6787 E_h, exp. variance=4.7924 E_h^2, pmove=0.51
2026-06-09 02:51:49,379 - Step 04972: 4948.6787 E_h, exp. variance=4.3346 E_h^2, pmove=0.49
2026-06-09 02:51:49,728 - Step 04973: 4948.8955 E_h, exp. variance=3.9400 E_h^2, pmove=0.51
2026-06-09 02:51:50,079 - Step 04974: 4948.2593 E_h, exp. variance=3.5462 E_h^2, pmove=0.50
2026-06-09 02:51:50,430 - Step 04975: 4947.1938 E_h, exp. variance=3.3017 E_h^2, pmove=0.50
2026-06-09 02:51:50,781 - Step 04976: 4948.1885 E_h, exp. variance=2.9716 E_h^2, pmove=0.50
2026-06-09 02:51:51,135 - Step 04977: 4947.1758 E_h, exp. variance=2.7669 E_h^2, pmove=0.50
2026-06-09 02:51:51,490 - Step 04978: 4949.0312 E_h, exp. variance=2.5703 E_h^2, pmove=0.50
2026-06-09 02:51:51,841 - Step 04979: 4950.2417 E_h, exp. variance=2.6950 E_h^2, pmove=0.50
2026-06-09 02:51:52,191 - Step 04980: 4949.6074 E_h, exp. variance=2.5593 E_h^2, pmove=0.50
2026-06-09 02:51:52,541 - Step 04981: 4951.1255 E_h, exp. variance=2.9189 E_h^2, pmove=0.50
2026-06-09 02:51:52,891 - Step 04982: 4947.8354 E_h, exp. variance=2.7060 E_h^2, pmove=0.50
2026-06-09 02:51:53,243 - Step 04983: 4949.8955 E_h, exp. variance=2.5687 E_h^2, pmove=0.51
2026-06-09 02:51:53,593 - Step 04984: 4947.5176 E_h, exp. variance=2.4598 E_h^2, pmove=0.50
2026-06-09 02:51:53,948 - Step 04985: 4948.8179 E_h, exp. variance=2.2158 E_h^2, pmove=0.50
2026-06-09 02:51:54,300 - Step 04986: 4947.8130 E_h, exp. variance=2.0628 E_h^2, pmove=0.49
2026-06-09 02:51:54,650 - Step 04987: 4947.8379 E_h, exp. variance=1.9086 E_h^2, pmove=0.50
2026-06-09 02:51:54,999 - Step 04988: 4948.1265 E_h, exp. variance=1.7319 E_h^2, pmove=0.50
2026-06-09 02:51:55,347 - Step 04989: 4948.8604 E_h, exp. variance=1.5715 E_h^2, pmove=0.50
2026-06-09 02:51:55,698 - Step 04990: 4946.8721 E_h, exp. variance=1.6589 E_h^2, pmove=0.49
2026-06-09 02:51:56,052 - Step 04991: 4949.8359 E_h, exp. variance=1.6903 E_h^2, pmove=0.50
2026-06-09 02:51:56,404 - Step 04992: 4948.3198 E_h, exp. variance=1.5243 E_h^2, pmove=0.50
2026-06-09 02:51:56,757 - Step 04993: 4948.7168 E_h, exp. variance=1.3767 E_h^2, pmove=0.50
2026-06-09 02:51:57,106 - Step 04994: 4948.4458 E_h, exp. variance=1.2394 E_h^2, pmove=0.50
2026-06-09 02:51:57,456 - Step 04995: 4948.7881 E_h, exp. variance=1.1228 E_h^2, pmove=0.50
2026-06-09 02:51:57,817 - Step 04996: 4948.2515 E_h, exp. variance=1.0175 E_h^2, pmove=0.50
2026-06-09 02:51:58,165 - Step 04997: 4948.5850 E_h, exp. variance=0.9164 E_h^2, pmove=0.50
2026-06-09 02:51:58,517 - Step 04998: 4946.2285 E_h, exp. variance=1.2935 E_h^2, pmove=0.50
2026-06-09 02:51:58,866 - Step 04999: 4946.1777 E_h, exp. variance=1.5630 E_h^2, pmove=0.50
2026-06-09 02:51:58,866 - Saving checkpoint /home/gridsan/hlo1/project/PeriodicWaveBoson/results/anneal_rs_N24_layers12_12_d0.5_D20.0_seed2_sq/N24_layers12_12_rs0.3_d0.5_D20.0_seed2_sq/qmcjax_ckpt_004999.npz
2026-06-09 02:51:59,390 - Saved best-candidate checkpoint /home/gridsan/hlo1/project/PeriodicWaveBoson/results/anneal_rs_N24_layers12_12_d0.5_D20.0_seed2_sq/N24_layers12_12_rs0.3_d0.5_D20.0_seed2_sq/qmcjax_best_004999.npz with score 4948.0723
2026-06-09 02:51:59,443 - Training completed after t [s] = 1798
