step,energy,ewmean,ewvar,pmove,locstd
0,59806.137,59806.137,0.0,0.99139404,523720.2
1,57886.695,59614.19,331582.97,0.99171144,455710.88
2,77829.99,61435.773,3.016181e+07,0.9927002,716466.8
3,71848.07,62477.004,3.6903064e+07,0.99135745,604349.1
4,77863.22,64015.625,5.451896e+07,0.9913208,808769.25
5,54485.45,63062.61,5.7241244e+07,0.99144286,547036.75
6,39869.656,60743.312,9.99293e+07,0.99117434,284665.0
7,72819.91,61950.973,1.0306234e+08,0.99099123,775204.2
8,66368.54,62392.73,9.451244e+07,0.99105227,653902.0
9,79644.66,64117.92,1.118478e+08,0.9916382,817625.8
10,61261.625,63832.293,1.0139727e+08,0.99190676,605308.1
11,65851.805,64034.242,9.16246e+07,0.99035645,577988.2
12,74150.64,65045.883,9.167287e+07,0.990979,688029.8
13,71350.914,65676.38,8.608339e+07,0.9910156,612014.6
14,60280.453,65136.79,8.0095496e+07,0.9914307,646167.3
15,58964.54,64519.562,7.551464e+07,0.9906128,427928.22
16,54333.273,63500.934,7.730162e+07,0.990625,477663.66
17,71298.734,64280.715,7.504396e+07,0.9908325,634887.56
18,65532.336,64405.875,6.768055e+07,0.9914673,597093.8
19,66266.21,64591.91,6.1223976e+07,0.9907837,520286.56
20,70105.19,65143.24,5.783724e+07,0.99071044,650612.4
21,54270.297,64055.945,6.269339e+07,0.9912842,471024.72
22,53394.914,62989.844,6.6653236e+07,0.99118656,539034.1
23,42404.31,60931.29,9.8126696e+07,0.99105227,389789.16
24,71240.3,61962.19,9.7878824e+07,0.9916992,583036.25
25,61214.523,61887.426,8.8141256e+07,0.9917359,526776.56
26,79640.91,63662.773,1.0769387e+08,0.99158937,751185.75
27,59641.766,63260.67,9.837965e+07,0.9916138,450749.75
28,69921.59,63926.766,9.253479e+07,0.99193114,658426.9
29,73209.4,64855.027,9.103637e+07,0.99189454,697695.3
30,57890.883,64158.613,8.629766e+07,0.99226075,625945.0
31,42882.336,62030.984,1.18409096e+08,0.99140626,415305.12
32,53045.21,61132.406,1.1383516e+08,0.9916504,424192.0
33,73451.055,62364.27,1.16109064e+08,0.99139404,676670.7
34,41689.105,60296.754,1.4296976e+08,0.9917359,292567.78
35,86625.734,62929.652,1.9106216e+08,0.9915161,837844.4
36,65485.145,63185.203,1.725437e+08,0.99171144,514067.94
37,60342.82,62900.965,1.5601645e+08,0.9914673,502760.66
38,49038.03,61514.67,1.5771109e+08,0.9912842,332797.6
39,52365.594,60599.766,1.4947347e+08,0.99117434,381929.1
40,51380.82,59677.87,1.4217512e+08,0.99085695,357658.88
41,92383.36,62948.42,2.2422602e+08,0.9911377,745302.06
42,65152.355,63168.816,2.0224056e+08,0.99067384,520843.44
43,59962.63,62848.2,1.8294166e+08,0.99058837,464768.78
44,67356.55,63299.035,1.6647675e+08,0.9904785,478233.6
45,91979.7,66167.1,2.2386133e+08,0.9903931,752196.1
46,53329.277,64883.32,2.1630806e+08,0.9907349,481376.75
47,67439.734,65138.96,1.9526542e+08,0.99118656,684874.5
48,59718.434,64596.906,1.7838326e+08,0.9913818,565451.7
49,66950.2,64832.234,1.6104336e+08,0.9911377,564915.25
50,65715.79,64920.59,1.4500928e+08,0.9911133,571094.5
51,51278.28,63556.36,1.4725848e+08,0.99072266,408323.5
52,65469.26,63747.65,1.3286196e+08,0.990625,619719.6
53,50142.55,62387.14,1.3623464e+08,0.99036866,436254.62
54,46719.156,60820.344,1.447049e+08,0.99105227,492160.56
55,60932.336,60831.543,1.3023553e+08,0.9913086,563044.44
56,68832.11,61631.6,1.2297278e+08,0.9908447,638752.1
57,44081.29,59876.57,1.383967e+08,0.99117434,376292.44
58,38344.164,57723.33,1.6628504e+08,0.991333,278217.8
59,48666.617,56817.656,1.5703869e+08,0.9907471,398935.22
60,47609.28,55896.82,1.489663e+08,0.99108887,379615.1
61,65408.984,56848.035,1.42213e+08,0.9912476,506997.44
62,53401.516,56503.383,1.2906076e+08,0.9911987,453374.8
63,46793.168,55532.36,1.2464062e+08,0.99089354,406701.12
64,65099.082,56489.03,1.2041355e+08,0.99099123,467749.47
65,79002.836,58740.41,1.5399062e+08,0.9904785,653866.56
66,67705.31,59636.9,1.458248e+08,0.9908814,576443.94
67,63502.41,60023.45,1.3258712e+08,0.9905762,524844.8
68,57768.273,59797.93,1.1978613e+08,0.9906494,538282.7
69,53177.195,59135.855,1.11752584e+08,0.9899048,416624.66
70,63185.402,59540.81,1.0205322e+08,0.99125975,645837.56
71,61505.83,59737.312,9.219541e+07,0.990625,646602.0
72,39423.812,57705.96,1.20113304e+08,0.98967284,245192.64
73,64199.32,58355.297,1.118967e+08,0.9894409,589471.3
74,70816.66,59601.434,1.1468272e+08,0.98999023,655272.94
75,71061.28,60747.418,1.15033976e+08,0.98892826,621648.4
76,82565.2,62929.195,1.46372e+08,0.98911136,692811.8
77,69914.48,63627.723,1.3612626e+08,0.9890625,699212.9
78,82499.33,65514.883,1.54566e+08,0.9883423,735732.3
79,48364.883,63799.883,1.6558043e+08,0.9884888,406605.22
80,69265.484,64346.44,1.5171094e+08,0.98891604,626817.5
81,65971.69,64508.965,1.3677757e+08,0.9866089,626244.5
82,53732.492,63431.316,1.3355172e+08,0.9873291,553893.0
83,43187.96,61406.98,1.5707797e+08,0.9868164,339559.44
84,61500.945,61416.375,1.4137096e+08,0.98657227,580613.06
85,67342.85,62009.023,1.3039495e+08,0.9865845,646187.6
86,61925.723,62000.695,1.1735608e+08,0.98583984,575202.5
87,50505.8,60851.207,1.1751241e+08,0.98648685,336693.78
88,65864.12,61352.5,1.080228e+08,0.98620605,527223.3
89,67273.84,61944.633,1.0037613e+08,0.9856934,627497.4
90,59221.145,61672.285,9.100607e+07,0.98601073,589729.5
91,74577.03,62962.758,9.6893384e+07,0.98533934,657998.3
92,71003.22,63766.805,9.3022456e+07,0.9852905,634405.75
93,56047.547,62994.88,8.908303e+07,0.98508304,519762.7
94,64352.32,63130.625,8.034057e+07,0.98431396,676700.94
95,68959.08,63713.47,7.536389e+07,0.98439944,627147.8
96,55382.477,62880.37,7.407398e+07,0.9835693,519098.75
97,56219.742,62214.31,7.065934e+07,0.9829712,536541.4
98,68509.75,62843.85,6.716034e+07,0.98300785,611747.5
99,58208.047,62380.27,6.2378464e+07,0.9827881,480893.28
100,56066.414,61748.883,5.9728444e+07,0.9834717,454001.62
101,46338.508,60207.844,7.512877e+07,0.9823853,461189.8
102,48496.25,59036.684,7.996042e+07,0.9835205,389564.4
103,60334.816,59166.496,7.211603e+07,0.9833374,445770.44
104,59095.273,59159.375,6.490488e+07,0.9838257,469970.66
105,61823.727,59425.81,5.905328e+07,0.9842041,549573.75
106,57443.867,59227.613,5.3501476e+07,0.9852783,542770.2
107,42251.465,57530.0,7.408839e+07,0.98515624,357649.9
108,59549.04,57731.902,6.7046436e+07,0.98386234,573741.25
109,49217.684,56880.48,6.6866068e+07,0.98475343,441004.44
110,50929.324,56285.363,6.3366924e+07,0.984961,450342.8
111,52071.555,55863.984,5.862829e+07,0.9850464,467170.72
112,88921.7,59169.758,1.5111861e+08,0.98461914,871522.4
113,79349.695,61187.75,1.7265744e+08,0.9849243,689489.3
114,58349.56,60903.93,1.5611667e+08,0.98475343,529067.25
115,71698.36,61983.37,1.5099178e+08,0.98461914,735536.06
116,77704.14,63555.45,1.5813542e+08,0.98494875,611158.06
117,57444.47,62944.35,1.4568285e+08,0.9859986,433994.22
118,47091.453,61359.062,1.5373285e+08,0.9862183,374545.06
119,64713.43,61694.5,1.3937222e+08,0.9865845,646100.1
120,51210.688,60646.117,1.3532693e+08,0.9874756,484165.25
121,66792.53,61260.758,1.2519429e+08,0.9872681,557217.25
122,62784.14,61413.098,1.1288372e+08,0.9875,521696.28
123,62240.285,61495.816,1.0165693e+08,0.98791504,612371.8
124,53511.543,60697.39,9.722861e+07,0.9881348,423949.06
125,37731.336,58400.785,1.3497531e+08,0.9880005,265649.3
126,48177.81,57378.49,1.3088362e+08,0.9890503,425439.3
127,53446.844,56985.324,1.19186456e+08,0.98876953,503764.8
128,60797.46,57366.54,1.0857572e+08,0.988855,555114.75
129,68549.48,58484.832,1.0897338e+08,0.9888672,608174.5
130,70891.29,59725.477,1.1192885e+08,0.98814696,764730.56
131,63181.277,60071.055,1.0181079e+08,0.9883423,521561.38
132,60232.047,60087.152,9.163204e+07,0.98900145,504504.0
133,77091.05,61787.543,1.0849075e+08,0.9876343,716345.9
134,60713.312,61680.12,9.774554e+07,0.9883179,461455.06
135,47795.816,60291.69,1.0532063e+08,0.9876587,443446.97
136,61424.562,60404.977,9.490407e+07,0.9883179,564503.0
137,81033.33,62467.812,1.2371126e+08,0.9868652,759948.8
138,59505.094,62171.54,1.1213013e+08,0.98724365,647679.9
139,65951.37,62549.523,1.0220295e+08,0.9871826,605003.25
140,66593.516,62953.92,9.34545e+07,0.9866211,519265.06
141,53931.023,62051.633,9.143619e+07,0.9850586,574501.3
142,51266.43,60973.113,9.276142e+07,0.98503417,594114.0
143,62280.125,61103.812,8.363902e+07,0.98479,643025.0
144,62129.766,61206.406,7.536985e+07,0.98459476,539604.56
145,45932.492,59679.016,8.882918e+07,0.98411864,434650.75
146,51990.91,58910.203,8.526589e+07,0.9834717,556699.94
147,38200.59,56839.242,1.1533923e+08,0.982312,343808.72
148,68549.766,58010.293,1.16147576e+08,0.98240966,667447.4
149,62546.406,58463.906,1.0638469e+08,0.98165286,464538.7
150,74066.18,60024.133,1.17655e+08,0.9814331,620486.6
151,58528.6,59874.58,1.0609079e+08,0.98043215,512430.62
152,67220.17,60609.137,1.0033791e+08,0.98024905,616352.75
153,51917.33,59739.957,9.710339e+07,0.98043215,421979.9
154,55874.22,59353.383,8.8738e+07,0.9795532,530954.9
155,73442.28,60762.273,9.772893e+07,0.9801636,701665.06
156,45964.836,59282.53,1.0766281e+08,0.98096925,304810.47
157,85634.79,61917.758,1.5939626e+08,0.98015136,720958.9
158,66959.27,62421.91,1.4574416e+08,0.97961426,657894.2
159,49311.168,61110.836,1.4663998e+08,0.98098147,332273.12
160,63104.72,61310.223,1.3233378e+08,0.9807129,600568.9
161,66802.86,61859.484,1.2181562e+08,0.98010254,555093.6
162,81747.67,63848.305,1.4523266e+08,0.9802246,770804.4
163,63014.61,63764.934,1.30771944e+08,0.9803955,577118.56
164,56218.875,63010.33,1.2281962e+08,0.9813965,550338.2
165,69031.86,63612.48,1.1380095e+08,0.9807617,642022.25
166,57931.82,63044.414,1.05325144e+08,0.9807251,517772.03
167,62482.543,62988.227,9.482104e+07,0.9801636,504713.28
168,53181.324,62007.535,9.399471e+07,0.98029786,436921.8
169,58437.96,61650.58,8.574201e+07,0.981311,500266.75
170,48667.83,60352.305,9.2337464e+07,0.9805054,428625.97
171,62085.92,60525.668,8.337421e+07,0.98074955,570798.3
172,62766.64,60749.766,7.548876e+07,0.98092043,523750.34
173,63021.074,60976.9,6.8404184e+07,0.97988284,596587.2
174,67929.195,61672.13,6.591386e+07,0.98033446,527806.2
175,52636.07,60768.523,6.6671004e+07,0.97922367,419514.66
176,55008.4,60192.51,6.299002e+07,0.9795044,476424.56
177,45792.348,58752.496,7.535385e+07,0.980127,323976.5
178,64054.08,59282.656,7.034807e+07,0.9807373,572538.06
179,69591.83,60313.574,7.2878376e+07,0.98082274,694921.3
180,48600.117,59142.227,7.793899e+07,0.9813965,403029.12
181,58266.363,59054.64,7.021413e+07,0.9802734,484528.34
182,73032.93,60452.47,8.077804e+07,0.9808716,828963.2
183,68228.08,61230.03,7.814164e+07,0.9829346,571134.7
184,55180.773,60625.105,7.362089e+07,0.9831299,435013.88
185,67071.984,61269.793,6.99994e+07,0.98236084,613362.06
186,42177.637,59360.58,9.58054e+07,0.9841797,382915.22
187,61263.61,59550.883,8.655079e+07,0.9835205,687577.7
188,56967.633,59292.56,7.8496296e+07,0.9840088,532151.06
189,76382.55,61001.56,9.693276e+07,0.984961,704134.9
190,47337.28,59635.133,1.0404361e+08,0.9844727,393347.75
191,69189.95,60590.613,1.0185575e+08,0.9841675,638547.0
192,57217.97,60253.348,9.2693896e+07,0.98341066,528184.8
193,59527.703,60180.78,8.3471896e+07,0.9833374,540572.9
194,57955.484,59958.25,7.5570376e+07,0.9828491,611211.1
195,95699.72,63532.4,1.8298408e+08,0.9841553,815544.06
196,64840.72,63663.23,1.6483971e+08,0.9833862,558090.06
197,54584.18,62755.324,1.5577435e+08,0.983667,425343.72
198,55700.71,62049.863,1.4467598e+08,0.9827637,394524.12
199,58650.168,61709.895,1.3124859e+08,0.98341066,403408.03
200,67505.336,62289.438,1.2114658e+08,0.9833496,646498.2
201,54349.71,61495.465,1.1470545e+08,0.982251,463647.2
202,72386.484,62584.566,1.1391019e+08,0.9821655,674352.7
203,59774.184,62303.527,1.0323001e+08,0.9822632,553088.4
204,80681.96,64141.37,1.2330602e+08,0.9816651,740210.2
205,53165.297,63043.766,1.218181e+08,0.981311,363518.0
206,41938.426,60933.23,1.4972547e+08,0.98129886,314817.88
207,71854.04,62025.312,1.4548669e+08,0.9807739,495356.44
208,49379.32,60760.715,1.4533091e+08,0.98056644,363024.72
209,66974.83,61382.125,1.3427318e+08,0.98041993,626340.06
210,75323.61,62776.273,1.383387e+08,0.9799561,684237.44
211,63487.32,62847.38,1.2455034e+08,0.9781494,539458.0
212,86896.75,65252.316,1.641488e+08,0.97852784,769475.1
213,52623.55,63989.44,1.6208763e+08,0.9770996,474032.97
214,59758.3,63566.33,1.474901e+08,0.97662354,558590.6
215,90859.86,66295.68,1.9978539e+08,0.9768311,658792.6
216,51581.703,64824.28,1.9929195e+08,0.9759399,423586.4
217,62592.812,64601.133,1.7981091e+08,0.97563475,587491.3
218,58875.34,64028.555,1.6478043e+08,0.97537845,540606.2
219,58898.348,63515.535,1.506711e+08,0.97374266,581727.8
220,55982.062,62762.188,1.4071179e+08,0.9740967,539827.1
221,55563.312,62042.3,1.3130475e+08,0.9731323,540572.6
222,62620.188,62100.09,1.1820433e+08,0.9739502,497802.12
223,65995.99,62489.68,1.0774992e+08,0.97260743,520446.2
224,77581.36,63998.848,1.1747322e+08,0.97243655,702813.8
225,69982.766,64597.24,1.0894854e+08,0.9729004,601465.56
226,82654.86,66403.0,1.2740069e+08,0.97194827,748727.3
227,46935.234,64456.223,1.4877006e+08,0.97207034,335862.12
228,54206.242,63431.227,1.4334864e+08,0.9715454,497129.47
229,57270.96,62815.2,1.3242917e+08,0.97230226,514336.78
230,49027.58,61436.438,1.3629512e+08,0.9709961,448890.9
231,61955.55,61488.348,1.2268986e+08,0.97093505,553279.5
232,55087.387,60848.25,1.14108376e+08,0.97058105,628198.94
233,50078.633,59771.29,1.1313615e+08,0.97091067,505910.4
234,64669.855,60261.145,1.0398217e+08,0.9709229,658611.6
235,48285.3,59063.56,1.0649182e+08,0.9725342,433933.34
236,64372.137,59594.418,9.8378936e+07,0.97315675,628947.44
237,69674.336,60602.41,9.7685464e+07,0.97423095,526744.44
238,56272.516,60169.42,8.960423e+07,0.9755737,379914.25
239,36890.633,57841.543,1.29414984e+08,0.9751709,225208.03
240,50263.47,57083.734,1.2164194e+08,0.9758057,394130.62
241,68561.68,58231.527,1.2133462e+08,0.97452396,659569.1
242,48911.195,57299.492,1.1701933e+08,0.9749512,521592.56
243,55133.285,57082.87,1.0573971e+08,0.974585,422725.44
244,55366.89,56911.273,9.543075e+07,0.975293,395391.75
245,74346.836,58654.83,1.13247576e+08,0.97478026,583163.06
246,49409.93,57730.34,1.0961495e+08,0.9746582,435341.72
247,55041.78,57461.484,9.9304e+07,0.9751587,563391.4
248,66017.11,58317.047,9.596148e+07,0.9751465,548348.9
249,64215.094,58906.85,8.949616e+07,0.9741699,570705.9
250,44482.594,57464.426,9.927187e+07,0.9738526,361805.7
251,71353.79,58853.363,1.0670698e+08,0.9743897,704103.1
252,55409.53,58508.98,9.710367e+07,0.97432864,505400.8
253,62668.65,58924.945,8.895055e+07,0.9735474,526163.1
254,56128.797,58645.332,8.075916e+07,0.97382814,458105.75
255,56947.15,58475.516,7.294278e+07,0.9755249,514479.1
256,67229.47,59350.91,7.254535e+07,0.97454834,579245.1
257,54535.305,58869.35,6.737792e+07,0.97695315,544055.5
258,80132.97,60995.715,1.01332856e+08,0.9771973,652934.3
259,83041.16,63200.258,1.349397e+08,0.9772583,743120.2
260,66984.75,63578.707,1.2273474e+08,0.97762454,558790.9
261,55072.316,62728.066,1.16973544e+08,0.9772827,502542.78
262,62485.906,62703.85,1.05281464e+08,0.97766113,475598.84
263,71828.4,63616.305,1.0224648e+08,0.97766113,594184.1
264,38950.273,61149.703,1.46779e+08,0.978418,243781.34
265,51683.1,60203.043,1.401666e+08,0.977417,425755.7
266,45479.74,58730.71,1.4565974e+08,0.97716063,358800.8
267,78080.766,60665.715,1.6479198e+08,0.97708744,809823.5
268,52750.207,59874.164,1.5395174e+08,0.97658694,558259.7
269,64674.15,60354.164,1.4063014e+08,0.975354,549788.6
270,56925.367,60011.285,1.27625224e+08,0.9758301,463813.16
271,55443.492,59554.508,1.1674052e+08,0.97542727,421265.97
272,82708.36,61869.895,1.5331554e+08,0.9747925,791539.94
273,59784.28,61661.332,1.3837546e+08,0.9738892,524275.62
274,66104.17,62105.617,1.2631441e+08,0.9737183,488605.12
275,51953.992,61090.453,1.2295795e+08,0.9743042,501945.75
276,34630.992,58444.508,1.7367142e+08,0.9743897,213947.16
277,72167.91,59816.848,1.7325413e+08,0.97360843,758002.8
278,63645.742,60199.74,1.5724816e+08,0.9738159,566413.94
279,72166.586,61396.42,1.5441182e+08,0.97280276,684713.44
280,59391.703,61195.95,1.3933234e+08,0.97392577,569359.25
281,48384.684,59914.824,1.4017066e+08,0.97365725,383034.56
282,38097.1,57733.05,1.6899475e+08,0.97310793,268640.12
283,57458.14,57705.56,1.5210206e+08,0.97247314,421745.9
284,48103.426,56745.344,1.4518994e+08,0.9730347,391826.3
285,100937.22,61164.53,3.064339e+08,0.9719605,849992.56
286,68809.016,61928.98,2.8104992e+08,0.9721802,735156.1
287,59679.523,61704.035,2.5340034e+08,0.9716797,592682.4
288,58262.227,61359.855,2.2912645e+08,0.9722046,469999.34
289,86613.08,63885.18,2.6360907e+08,0.97135013,738597.94
290,47197.03,62216.363,2.6231264e+08,0.97004396,401612.34
291,72219.41,63216.668,2.4508685e+08,0.97093505,638856.44
292,44972.098,61392.21,2.5053595e+08,0.9699585,409206.16
293,35919.51,58844.94,2.838796e+08,0.9697876,344478.75
294,58260.97,58786.543,2.5552235e+08,0.96912843,412329.6
295,64826.168,59390.504,2.3325306e+08,0.96793216,547247.1
296,46151.61,58066.613,2.2570189e+08,0.9673584,360710.22
297,61043.312,58364.28,2.0392917e+08,0.96705323,522292.25
298,43072.945,56835.15,2.045805e+08,0.96597904,313989.5
299,68632.57,58014.89,1.9664858e+08,0.966626,632954.1
300,53317.434,57545.145,1.7896966e+08,0.9650635,372645.12
301,63664.336,58157.062,1.644427e+08,0.9661743,527037.4
302,43892.67,56730.625,1.6631098e+08,0.96408695,329918.75
303,56310.227,56688.586,1.4969579e+08,0.96367186,527411.94
304,71201.5,58139.88,1.5368243e+08,0.96376956,668247.8
305,73414.555,59667.348,1.5931259e+08,0.9643921,697716.94
306,47137.953,58414.406,1.5751005e+08,0.9650635,367731.78
307,70919.93,59664.957,1.5583397e+08,0.96497804,691992.3
308,53291.44,59027.605,1.4390653e+08,0.9661255,535161.1
309,90715.7,62196.414,2.1988806e+08,0.96484375,837556.6
310,50343.098,61011.082,2.1054435e+08,0.9665039,507758.72
311,52846.465,60194.62,1.9548939e+08,0.9645874,384569.2
312,52043.137,59379.473,1.8192066e+08,0.96479493,450620.3
313,68399.7,60281.496,1.7105141e+08,0.96759033,577175.1
314,75219.21,61775.266,1.7402845e+08,0.9661377,625874.56
315,44781.816,60075.92,1.8261555e+08,0.965686,362788.5
316,77038.41,61772.17,1.9024933e+08,0.9648194,777850.6
317,57119.664,61306.92,1.7317251e+08,0.96340334,480153.62
318,52867.797,60463.008,1.6226496e+08,0.9625611,404931.56
319,57101.88,60126.895,1.470552e+08,0.9626587,488125.56
320,89801.04,63094.31,2.1159962e+08,0.9634277,912031.44
321,96594.04,66444.28,2.914405e+08,0.962146,854512.0
322,45091.086,64308.96,3.0333277e+08,0.9633911,303380.84
323,62370.043,64115.07,2.7333782e+08,0.96291506,527189.06
324,49563.13,62659.875,2.6506235e+08,0.9637329,350648.78
325,50902.547,61484.14,2.5099723e+08,0.9652222,454149.44
326,77669.32,63102.66,2.4947392e+08,0.96601564,798173.25
327,60496.09,62842.004,2.25138e+08,0.96593016,431294.94
328,54758.99,62033.703,2.0850437e+08,0.96407473,496339.0
329,61574.258,61987.758,1.8767291e+08,0.9618042,606629.75
330,68741.92,62663.176,1.730113e+08,0.96268314,686128.0
331,78884.234,64285.28,1.793912e+08,0.961084,787166.1
332,78128.664,65669.62,1.786996e+08,0.96123046,791386.8
333,52618.766,64364.53,1.7615886e+08,0.9613037,393857.03
334,71503.89,65078.47,1.631303e+08,0.96153563,720028.3
335,63804.13,64951.035,1.4696342e+08,0.961084,619919.44
336,59147.14,64370.645,1.3529874e+08,0.96099854,453995.12
337,67091.69,64642.75,1.2243522e+08,0.96199954,765920.06
338,60913.004,64269.773,1.1144369e+08,0.9611206,504134.88
339,60883.094,63931.105,1.0133158e+08,0.96060795,451877.88
340,80776.17,65615.61,1.1673649e+08,0.9595215,583633.5
341,50653.625,64119.41,1.2521033e+08,0.95834965,449087.4
342,49022.992,62609.77,1.33200456e+08,0.95915526,517355.9
343,62347.438,62583.535,1.198866e+08,0.9574585,571489.9
344,77131.06,64038.29,1.26944696e+08,0.9569336,687766.56
345,64016.28,64036.09,1.14250264e+08,0.9568848,640472.9
346,81301.26,65762.61,1.2965298e+08,0.9552124,718492.0
347,59488.438,65135.19,1.2023054e+08,0.95437014,538832.4
348,70258.45,65647.516,1.1056979e+08,0.95252687,565650.75
349,82040.03,67286.766,1.2369712e+08,0.95126957,693118.25
350,79501.15,68508.2,1.24754616e+08,0.9510132,783782.0
351,74398.11,69097.195,1.15401336e+08,0.9506958,715410.25
352,45796.117,66767.086,1.5272582e+08,0.9496948,338982.0
353,54058.72,65496.25,1.5198846e+08,0.94749755,542612.6
354,45713.984,63518.023,1.7201005e+08,0.9478882,372223.25
355,46810.887,61847.31,1.7993061e+08,0.9461304,453695.22
356,72430.82,62905.66,1.7201851e+08,0.94483644,755798.2
357,70188.83,63633.977,1.5959066e+08,0.9439209,694487.6
358,61094.44,63380.023,1.4421202e+08,0.94230956,551936.9
359,50564.688,62098.49,1.4457176e+08,0.9397705,414905.12
360,71269.25,63015.562,1.3768384e+08,0.94068605,664417.8
361,58343.652,62548.37,1.2587986e+08,0.9364136,505513.8
362,54446.234,61738.156,1.1919989e+08,0.93684083,510910.94
363,52045.004,60768.84,1.1573605e+08,0.9363281,463801.78
364,68981.516,61590.11,1.1023277e+08,0.9373169,786864.7
365,46986.53,60129.75,1.1840329e+08,0.9371094,400841.22
366,53401.08,59456.883,1.1063771e+08,0.93792725,431648.84
367,66379.69,60149.164,1.0388721e+08,0.93843997,724651.94
368,85852.64,62719.51,1.5295867e+08,0.93670654,875771.8
369,61525.15,62600.074,1.3779118e+08,0.9356079,622304.0
370,35033.14,59843.383,1.9240629e+08,0.93098146,232091.03
371,41295.227,57988.566,2.0412872e+08,0.9313111,313245.6
372,65099.477,58699.656,1.8826669e+08,0.9287842,604428.56
373,63781.598,59207.85,1.7176437e+08,0.92489016,552735.3
374,49925.72,58279.637,1.6234214e+08,0.92320555,382361.0
375,49965.03,57448.176,1.5232986e+08,0.92225343,413522.94
376,93124.234,61015.78,2.5164717e+08,0.9182617,910949.2
377,73759.54,62290.156,2.4109875e+08,0.9185669,715078.94
378,41507.098,60211.85,2.5586306e+08,0.91850585,265339.06
379,68114.45,61002.113,2.3589734e+08,0.9184082,640385.3
380,53894.13,60291.316,2.1685472e+08,0.917273,438874.06
381,71013.67,61363.55,2.0551645e+08,0.91395265,631424.9
382,54155.32,60642.727,1.8964107e+08,0.91290283,393169.3
383,43881.535,58966.61,1.9596134e+08,0.9122559,407694.7
384,70773.875,60147.336,1.8891224e+08,0.911792,731611.06
385,68572.82,60989.883,1.7641e+08,0.90988773,704296.2
386,54943.484,60385.242,1.620593e+08,0.9081543,558361.0
387,42460.22,58592.74,1.7477094e+08,0.9074463,326516.34
388,53188.695,58052.336,1.5992218e+08,0.9070801,510080.38
389,61762.65,58423.367,1.4516893e+08,0.9054077,547007.1
390,60878.797,58668.91,1.3119466e+08,0.90334475,585890.6
391,53234.71,58125.492,1.20732936e+08,0.8995728,437384.47
392,70688.75,59381.816,1.2286483e+08,0.89923096,631954.3
393,52742.125,58717.848,1.1454604e+08,0.90026855,509260.53
394,57336.83,58579.746,1.0326308e+08,0.89714354,517877.97
395,64817.727,59203.543,9.643889e+07,0.89779055,576451.25
396,62724.492,59555.637,8.791074e+07,0.89921874,596021.06
397,52270.12,58827.086,8.3896744e+07,0.8993897,443907.47
398,38079.66,56752.344,1.1424808e+08,0.89991456,219005.06
399,48445.496,55921.66,1.090336e+08,0.8990723,315265.8
400,61067.992,56436.293,1.00513864e+08,0.89593506,620258.7
401,53300.805,56122.742,9.134729e+07,0.8950928,443956.84
402,59121.92,56422.66,8.302211e+07,0.89312744,462071.72
403,55574.844,56337.88,7.478459e+07,0.8953369,485137.88
404,53017.805,56005.87,6.829819e+07,0.89489746,429048.03
405,33836.52,53788.938,1.0570158e+08,0.89168704,235085.3
406,66959.98,55106.043,1.1074429e+08,0.89052737,649101.75
407,47020.633,54297.5,1.055535e+08,0.89140624,342504.66
408,42565.78,53124.33,1.0738514e+08,0.8882813,327773.5
409,87587.81,56570.676,2.0354246e+08,0.88720703,784837.06
410,45067.832,55420.39,1.9509659e+08,0.88425297,336341.53
411,89823.78,58860.73,2.8211034e+08,0.87886965,877872.44
412,55838.047,58558.46,2.547216e+08,0.87642825,486434.0
413,50729.86,57775.6,2.3476526e+08,0.8739136,524962.6
414,49698.188,56967.86,2.1716075e+08,0.8710327,434192.2
415,52396.836,56510.758,1.9732515e+08,0.8694336,493452.28
416,45412.004,55400.883,1.8867904e+08,0.8676392,366411.6
417,63529.6,56213.754,1.7575797e+08,0.8679199,610353.2
418,75908.41,58183.22,1.9309131e+08,0.86346436,774970.56
419,47048.91,57069.79,1.8493973e+08,0.8677002,364328.38
420,47128.117,56075.62,1.7534106e+08,0.8658325,405939.9
421,60915.414,56559.6,1.5991506e+08,0.86739504,572035.4
422,60960.8,56999.723,1.456669e+08,0.86636966,691311.06
423,68424.86,58142.234,1.4284824e+08,0.86743164,707207.7
424,45263.797,56854.39,1.4349027e+08,0.8717896,369006.78
425,68994.2,58068.37,1.42405e+08,0.8717896,701275.0
426,41732.25,56434.758,1.5218269e+08,0.8741943,240501.77
427,49930.023,55784.285,1.4077245e+08,0.8749634,443864.66
428,39928.598,54198.715,1.4932146e+08,0.87510985,288495.22
429,32318.758,52010.72,1.7747525e+08,0.87651366,199144.17
430,64057.426,53215.39,1.727888e+08,0.8779419,518741.25
431,57174.664,53611.316,1.5692074e+08,0.8775757,545974.9
432,78660.42,56116.227,1.9769986e+08,0.87578124,816696.3
433,44802.105,54984.812,1.894507e+08,0.8749756,300315.7
434,62591.836,55745.516,1.7571365e+08,0.87524414,631483.25
435,66028.82,56773.848,1.6765946e+08,0.87785643,632394.3
436,58359.062,56932.367,1.5111968e+08,0.87659913,521814.4
437,48804.67,56119.598,1.4195306e+08,0.87557375,526406.3
438,68397.83,57347.42,1.4132568e+08,0.8743286,671213.06
439,47360.78,56348.758,1.3616907e+08,0.87471926,371510.2
440,53447.977,56058.68,1.2330947e+08,0.8741455,447832.7
441,71011.93,57554.004,1.311025e+08,0.87164307,751045.7
442,58591.953,57657.797,1.1808921e+08,0.8707642,568903.94
443,70010.01,58893.02,1.2001222e+08,0.8711182,674046.4
444,62123.57,59216.074,1.0895028e+08,0.8641724,548099.6
445,60605.83,59355.05,9.822908e+07,0.8624756,573533.3
446,44416.586,57861.203,1.0849037e+08,0.85533446,301128.2
447,52253.062,57300.39,1.00471944e+08,0.85131836,417774.7
448,40276.17,55597.97,1.16508904e+08,0.8461548,278126.22
449,61340.195,56172.19,1.078256e+08,0.83925784,610938.5
450,55330.32,56088.004,9.7106824e+07,0.8360718,535162.6
451,47173.82,55196.586,9.454778e+07,0.83320314,552719.9
452,84408.91,58117.816,1.6189536e+08,0.8322998,733747.7
453,47549.13,57060.95,1.5575856e+08,0.831604,379012.3
454,29221.77,54277.03,2.0993448e+08,0.82855225,175108.19
455,47708.242,53620.152,1.9282443e+08,0.8282105,398975.84
456,70323.45,55290.484,1.9865202e+08,0.82677,641459.2
457,81211.53,57882.59,2.3925787e+08,0.8259522,712863.56
458,67131.055,58807.438,2.2303014e+08,0.8251343,677939.75
459,54502.914,58376.984,2.0239474e+08,0.82486576,506558.28
460,67364.25,59275.71,1.8942464e+08,0.827356,646530.9
461,57290.53,59077.19,1.7083686e+08,0.8202271,576034.8
462,75388.77,60708.35,1.7769926e+08,0.82733154,711788.1
463,49774.54,59614.97,1.7068869e+08,0.82648927,480490.97
464,43036.414,57957.113,1.7835618e+08,0.8243286,334752.9
465,45402.324,56701.633,1.747066e+08,0.82873535,387830.56
466,79442.23,58975.69,2.0377803e+08,0.8279297,673991.44
467,56044.56,58682.58,1.8417346e+08,0.8315552,560013.75
468,46263.016,57440.62,1.796382e+08,0.83117676,338650.38
469,48063.773,56502.938,1.6958766e+08,0.82677,510445.47
470,84890.01,59341.645,2.2515322e+08,0.82766116,844554.94
471,48267.33,58234.21,2.1367554e+08,0.8278565,412035.12
472,71803.85,59591.176,2.0888014e+08,0.8282105,657540.1
473,43095.062,57941.562,2.1248309e+08,0.8337769,374353.22
474,60738.38,58221.242,1.9193877e+08,0.8316162,546750.7
475,50545.02,57453.62,1.7804808e+08,0.8341919,472302.6
476,40186.92,55726.953,1.8707576e+08,0.8308716,394323.34
477,60012.617,56155.52,1.700212e+08,0.83127445,437296.78
478,46248.695,55164.836,1.6185214e+08,0.83132327,476377.44
479,51997.875,54848.14,1.4656958e+08,0.8334839,418029.34
480,57777.746,55141.1,1.3268506e+08,0.82910156,592266.6
481,43036.918,53930.684,1.3260255e+08,0.8283936,354787.34
482,39826.25,52520.242,1.3724645e+08,0.82648927,379160.34
483,60891.125,53357.332,1.2982825e+08,0.8241944,634362.9
484,38705.406,51892.14,1.3616653e+08,0.8203003,379309.56
485,52091.33,51912.06,1.2255344e+08,0.8236572,478459.4
486,32688.496,49989.703,1.4355717e+08,0.81883544,270754.2
487,53612.633,50351.996,1.3038275e+08,0.8179199,491542.97
488,53282.527,50645.05,1.1811739e+08,0.8201904,498069.38
489,54959.38,51076.484,1.07980856e+08,0.81618655,557024.0
490,38366.203,49805.457,1.1172238e+08,0.81695557,321083.6
491,65683.02,51393.215,1.2323888e+08,0.8106079,618364.44
492,42091.82,50463.074,1.1870142e+08,0.8048584,433417.53
493,50905.83,50507.35,1.0684892e+08,0.8074463,433886.66
494,49884.953,50445.113,9.619889e+07,0.803479,365878.28
495,55112.34,50911.836,8.853947e+07,0.80313724,460512.38
496,77412.53,53561.906,1.4289134e+08,0.79853517,731763.5
497,47258.33,52931.547,1.3217836e+08,0.79306644,396113.06
498,59519.836,53590.375,1.22867016e+08,0.78579104,574848.75
499,61616.926,54393.03,1.1637861e+08,0.7817627,580224.06
500,49622.797,53916.008,1.067887e+08,0.7736206,411380.03
501,61254.508,54649.86,1.0095666e+08,0.75633544,597161.75
502,53301.79,54515.05,9.102454e+07,0.7404297,434759.5
503,74908.03,56554.348,1.1935072e+08,0.7462891,658257.25
504,79356.5,58834.562,1.5421008e+08,0.7328125,814335.8
505,52572.285,58208.336,1.4231853e+08,0.71964115,443138.38
506,36938.977,56081.4,1.6880138e+08,0.71746826,265462.06
507,34270.293,53900.29,1.9473642e+08,0.6821289,226444.06
508,49598.203,53470.082,1.769285e+08,0.7031372,441053.5
509,58852.57,54008.332,1.6184306e+08,0.69675297,416820.53
510,40375.76,52645.074,1.6238498e+08,0.66154784,473573.0
511,61851.574,53565.723,1.5377485e+08,0.6447754,605813.0
512,47113.18,52920.47,1.4214454e+08,0.64168704,439984.75
513,38064.95,51434.918,1.4779186e+08,0.62678224,341780.84
514,57136.54,52005.08,1.3593843e+08,0.60913086,605385.1
515,50200.613,51824.633,1.2263764e+08,0.59315187,513102.78
516,53903.28,52032.496,1.10762744e+08,0.57761234,480975.4
517,45517.836,51381.03,1.03506136e+08,0.5783081,388791.7
518,58234.07,52066.336,9.7382296e+07,0.5923706,598729.8
519,61544.62,53014.164,9.572948e+07,0.5789307,571260.94
520,40838.15,51796.562,9.949951e+07,0.57702637,406722.88
521,55754.71,52192.38,9.095958e+07,0.5548706,554234.4
522,50637.516,52036.89,8.208121e+07,0.5664795,573866.0
523,57253.367,52558.54,7.632213e+07,0.5414673,532305.3
524,52191.945,52521.88,6.870201e+07,0.5471924,580269.2
525,36483.688,50918.06,8.498193e+07,0.5406006,280481.12
526,55523.92,51378.645,7.839299e+07,0.5153076,667266.56
527,37225.66,49963.348,8.858132e+07,0.5197266,284218.6
528,46716.13,49638.625,8.0672184e+07,0.5157715,565578.06
529,56874.312,50362.195,7.731693e+07,0.49897462,578105.56
530,50669.918,50392.97,6.959376e+07,0.51014405,547070.2
531,37210.496,49074.723,7.827437e+07,0.49918213,501388.56
532,58882.734,50055.523,7.910467e+07,0.49212646,556386.0
533,48465.145,49896.484,7.142184e+07,0.49890137,520862.47
534,40350.867,48941.92,7.2480344e+07,0.48842773,353711.34
535,61047.508,50152.48,7.842138e+07,0.4772705,562640.0
536,29204.172,48057.65,1.1007409e+08,0.46866456,211991.55
537,36165.81,46868.465,1.11794104e+08,0.44830322,324744.8
538,53812.203,47562.84,1.0495409e+08,0.43636474,524343.7
539,42156.477,47022.203,9.708927e+07,0.4562256,395021.4
540,46504.64,46970.445,8.740445e+07,0.44405517,481202.2
541,34261.33,45699.535,9.320095e+07,0.4111328,271525.6
542,37260.766,44855.656,9.029001e+07,0.4046875,274224.44
543,48146.324,45184.723,8.223557e+07,0.3798096,545260.2
544,60319.605,46698.21,9.462782e+07,0.3869751,659686.06
545,45248.93,46553.28,8.535407e+07,0.40061036,440795.34
546,45997.812,46497.734,7.684643e+07,0.39699706,504195.66
547,38697.234,45717.684,7.46381e+07,0.37506104,349686.1
548,47261.344,45872.05,6.7388744e+07,0.36073,486545.84
549,31622.51,44447.098,7.892432e+07,0.35549316,222447.5
550,51142.188,45116.605,7.506606e+07,0.33930665,506755.66
551,41705.785,44775.523,6.860649e+07,0.35305175,428590.34
552,62347.67,46532.74,8.953607e+07,0.33864745,646375.56
553,34548.586,45334.324,9.350826e+07,0.3341919,365780.9
554,25135.723,43314.465,1.20875944e+08,0.32871094,150375.45
555,40112.56,42994.273,1.0971105e+08,0.32214355,407523.53
556,41935.133,42888.36,9.88409e+07,0.31538087,457451.22
557,35914.973,42191.02,9.3333336e+07,0.3107178,326340.47
558,41860.043,42157.92,8.400986e+07,0.3050049,518933.38
559,53111.86,43253.316,8.640786e+07,0.32072756,602941.9
560,32094.068,42137.39,8.8974664e+07,0.31275636,207248.33
561,29195.594,40843.21,9.5151304e+07,0.31224367,227685.27
562,32605.086,40019.4,9.174418e+07,0.29968262,283096.84
563,30589.354,39076.395,9.057307e+07,0.2956787,246841.55
564,35685.695,38737.324,8.255048e+07,0.29277346,282585.34
565,43565.39,39220.133,7.639335e+07,0.28375244,482854.47
566,29974.508,38295.57,7.644736e+07,0.27286378,307914.66
567,40918.78,38557.89,6.942193e+07,0.2697998,348011.03
568,45375.562,39239.656,6.666299e+07,0.27059326,461330.12
569,47736.03,40089.293,6.649365e+07,0.26940918,474375.34
570,41699.984,40250.363,6.0077772e+07,0.25698242,456511.44
571,34968.797,39722.207,5.658054e+07,0.26507568,441480.5
572,40253.367,39775.324,5.0947876e+07,0.2519043,361411.66
573,24968.639,38294.656,6.5584504e+07,0.26208496,213896.0
574,39114.47,38376.637,5.908654e+07,0.27177736,375104.78
575,45659.887,39104.96,5.7952e+07,0.27578124,373438.88
576,59449.31,41139.395,8.940712e+07,0.27044678,618325.5
577,45023.08,41527.76,8.182387e+07,0.26989746,434279.66
578,28849.06,40259.89,8.8108936e+07,0.2744507,198474.27
579,36338.277,39867.73,8.068215e+07,0.2769165,509963.62
580,45193.66,40400.324,7.516683e+07,0.27467042,508679.28
581,35924.2,39952.71,6.945336e+07,0.27222902,342552.78
582,45119.35,40469.375,6.4910496e+07,0.26306152,513350.66
583,33885.453,39810.984,6.2320764e+07,0.27537844,408717.3
584,49824.203,40812.305,6.5112492e+07,0.26954347,572145.06
585,62255.57,42956.633,9.998446e+07,0.2599121,619552.6
586,47592.64,43420.234,9.1920344e+07,0.2607788,458188.4
587,66130.09,45691.22,1.29144696e+08,0.25717774,762451.9
588,30920.203,44214.117,1.3586669e+08,0.26990968,280359.75
589,36618.99,43454.605,1.2747175e+08,0.26250002,376712.22
590,35562.54,42665.4,1.203302e+08,0.27358398,294788.28
591,63628.414,44761.7,1.478475e+08,0.27993163,709968.25
592,39292.62,44214.793,1.3575474e+08,0.2812378,453236.9
593,28173.861,42610.7,1.453373e+08,0.28027344,222185.62
594,32227.666,41572.395,1.4050622e+08,0.27752686,319760.56
595,40751.766,41490.332,1.2651621e+08,0.27764893,516776.7
596,47049.188,42046.22,1.1664566e+08,0.27509767,546982.94
597,41128.703,41954.47,1.0505686e+08,0.26921389,467258.75
598,41542.805,41913.3,9.4566424e+07,0.26328126,522018.1
599,50218.98,42743.867,9.131837e+07,0.25563964,566805.06
600,44978.18,42967.297,8.263582e+07,0.25739747,519424.28
601,40194.637,42690.03,7.506413e+07,0.25593263,428215.12
602,46783.16,43099.344,6.9065544e+07,0.25864258,580314.44
603,38230.977,42612.508,6.429208e+07,0.25468752,490881.3
604,33556.965,41706.953,6.524313e+07,0.24932861,238339.23
605,39950.4,41531.297,5.8996508e+07,0.25307617,461110.72
606,44572.33,41835.4,5.3929164e+07,0.24428712,596696.25
607,65468.84,44198.742,9.880481e+07,0.23302002,754280.3
608,39194.79,43698.348,9.117788e+07,0.23054199,464084.66
609,30975.281,42426.04,9.662897e+07,0.2235962,454897.34
610,24539.094,40637.344,1.1576092e+08,0.21862793,219352.7
611,38596.05,40433.215,1.0455985e+08,0.215271,502729.22
612,30563.227,39446.215,1.0287136e+08,0.21593018,350800.1
613,31222.922,38623.887,9.867025e+07,0.21502686,411420.2
614,29977.68,37759.266,9.5531336e+07,0.212146,263170.16
615,39155.39,37898.88,8.615363e+07,0.19992676,452078.16
616,24078.45,36516.836,9.472866e+07,0.1944336,310067.8
617,29428.56,35808.008,8.977772e+07,0.1906128,293247.6
618,32936.086,35520.816,8.154226e+07,0.18757324,375230.9
619,24936.883,34462.42,8.34698e+07,0.1866333,217728.7
620,17023.04,32718.484,1.024947e+08,0.1828125,141136.11
621,43529.438,33799.58,1.02764136e+08,0.18707275,529257.7
622,20381.398,32457.76,1.08692e+08,0.18607178,125641.29
623,28634.84,32075.469,9.913812e+07,0.17629395,361728.9
624,31006.238,31968.545,8.93272e+07,0.17263184,320154.47
625,20306.455,30802.336,9.263486e+07,0.16578369,262158.75
626,40030.07,31725.11,9.103497e+07,0.16016845,498250.16
627,30858.621,31638.46,8.199904e+07,0.15784912,508024.6
628,22723.27,30746.941,8.095239e+07,0.15128174,197955.92
629,17700.916,29442.34,8.817504e+07,0.15421143,132542.47
630,42004.484,30698.555,9.356021e+07,0.14908448,694091.4
631,37593.133,31388.012,8.848235e+07,0.15487061,435363.2
632,26321.705,30881.38,8.1944184e+07,0.14956056,215998.31
633,17764.447,29569.688,8.9234616e+07,0.14782715,133627.08
634,35576.297,30170.348,8.3558296e+07,0.1442505,377071.0
635,33991.79,30552.492,7.6516776e+07,0.1442749,469059.44
636,30039.156,30501.158,6.888882e+07,0.14299317,368998.2
637,37673.297,31218.371,6.6629496e+07,0.14243165,398096.44
638,31409.438,31237.479,5.996983e+07,0.13699952,428260.25
639,27277.082,30841.44,5.538447e+07,0.13363038,218810.64
640,34899.6,31247.256,5.1328204e+07,0.12695312,411171.9
641,24647.957,30587.326,5.011495e+07,0.13133545,246973.52
642,21321.291,29660.723,5.28308e+07,0.1326294,167759.53
643,29561.053,29650.756,4.7548612e+07,0.13269043,324612.56
644,33762.227,30061.902,4.431513e+07,0.12993164,386667.47
645,23767.707,29432.482,4.3449132e+07,0.1253296,433003.88
646,23086.73,28797.906,4.2728388e+07,0.12403565,215675.23
647,19224.14,27840.53,4.6704676e+07,0.12004395,190494.02
648,30455.844,28102.06,4.2649796e+07,0.11643066,374369.12
649,34401.445,28732.0,4.1956216e+07,0.11472168,353864.44
650,41604.477,30019.248,5.2673652e+07,0.119140625,522695.53
651,31647.95,30182.117,4.7645028e+07,0.120629884,458921.62
652,17329.86,28896.89,5.7746772e+07,0.123010255,176559.75
653,21826.379,28189.84,5.6471384e+07,0.122558594,253077.53
654,26616.328,28032.488,5.1047076e+07,0.12053223,259222.86
655,18695.025,27098.742,5.3789304e+07,0.112658694,196693.47
656,22501.273,26638.996,5.0312676e+07,0.10992432,207544.86
657,18284.848,25803.582,5.1562668e+07,0.106860355,199809.02
658,31104.662,26333.69,4.893553e+07,0.103283696,462823.2
659,26110.324,26311.354,4.4046464e+07,0.103918456,432900.12
660,21817.863,25862.004,4.145905e+07,0.10418701,335378.44
661,21893.902,25465.193,3.8730268e+07,0.103881836,321752.22
662,34683.22,26386.996,4.250472e+07,0.10012207,507754.38
663,27868.395,26535.137,3.8451756e+07,0.09648438,396976.25
664,18562.262,25737.85,4.0327588e+07,0.0927124,307397.8
665,15305.613,24694.625,4.6089668e+07,0.095495604,133115.92
666,19800.012,24205.164,4.3636852e+07,0.095104985,245270.52
667,13266.34,23111.281,5.0042376e+07,0.09276123,99829.555
668,26679.031,23468.057,4.6183732e+07,0.08944092,388216.72
669,20004.531,23121.703,4.2644996e+07,0.08798828,223222.39
670,23453.957,23154.928,3.839043e+07,0.084912114,312988.8
671,33516.92,24191.127,4.4214772e+07,0.08782959,476416.62
672,23999.977,24172.012,3.979658e+07,0.08651123,317368.97
673,23252.184,24080.03,3.5893068e+07,0.0854126,302869.94
674,18808.592,23552.885,3.4804684e+07,0.08238526,374641.72
675,18459.678,23043.564,3.3658884e+07,0.0786499,228200.16
676,16001.953,22339.402,3.475558e+07,0.080200195,258552.81
677,29314.889,23036.951,3.5659188e+07,0.07756348,441628.25
678,25268.266,23260.082,3.2541356e+07,0.07567139,313685.8
679,14641.521,22398.227,3.5972384e+07,0.076086424,164428.03
680,18771.516,22035.555,3.355892e+07,0.06973877,340883.66
681,17735.578,21605.557,3.186711e+07,0.07249756,206244.6
682,16557.486,21100.75,3.097387e+07,0.07277832,338246.7
683,29271.707,21917.846,3.3885292e+07,0.07171631,412310.0
684,14850.6045,21211.121,3.4991892e+07,0.07332764,136159.98
685,14438.074,20533.816,3.5621376e+07,0.06967773,143939.64
686,32228.773,21703.312,4.4368716e+07,0.070043944,394984.8
687,22452.842,21778.266,3.9982404e+07,0.06541748,263460.84
688,16512.477,21251.688,3.847973e+07,0.06363525,193065.84
689,12529.516,20379.47,4.147862e+07,0.06298828,107526.58
690,23793.764,20720.9,3.8379924e+07,0.05994873,310609.16
691,17176.137,20366.424,3.5672812e+07,0.06357422,235156.22
692,28202.84,21150.066,3.7632376e+07,0.061157227,415598.47
693,9960.816,20031.14,4.5137076e+07,0.057714846,103836.32
694,13306.443,19358.672,4.4693308e+07,0.057800293,172937.12
695,9186.762,18341.48,4.9536076e+07,0.055615235,64461.125
696,12420.994,17749.432,4.773716e+07,0.053710938,185829.3
697,47642.17,20738.705,1.2338527e+08,0.05369873,639159.8
698,19068.293,20571.664,1.11297864e+08,0.05394287,223503.95
699,16540.848,20168.582,1.0163035e+08,0.051062014,222985.98
700,35814.426,21733.166,1.1349863e+08,0.05041504,514042.78
701,18983.64,21458.213,1.0282916e+08,0.051513672,290471.5
702,29017.135,22214.105,9.76886e+07,0.048657227,468251.66
703,20826.53,22075.348,8.809302e+07,0.04971924,224692.12
704,17615.71,21629.385,8.107367e+07,0.049658205,163441.4
705,19235.264,21389.973,7.348217e+07,0.05177002,401156.03
706,17138.082,20964.783,6.7761016e+07,0.051013183,239784.3
707,13786.582,20246.963,6.5622304e+07,0.04847412,125847.18
708,20749.52,20297.219,5.9082804e+07,0.046154786,263029.9
709,10596.861,19327.184,6.1643244e+07,0.045556642,113432.445
710,21362.54,19530.719,5.585176e+07,0.043896485,343883.0
711,24912.637,20068.91,5.2873436e+07,0.044177245,521753.1
712,15984.933,19660.512,4.908719e+07,0.041638184,171020.55
713,18773.09,19571.77,4.4249348e+07,0.043029785,268104.34
714,10084.904,18623.082,4.7924464e+07,0.042529296,106903.61
715,32118.188,19972.592,5.9522624e+07,0.040612794,529609.2
716,9235.449,18898.877,6.394612e+07,0.037963867,94906.836
717,11632.492,18172.238,6.2303536e+07,0.035913087,121383.94
718,13249.502,17679.965,5.825418e+07,0.03416748,237182.38
719,10685.611,16980.53,5.6831652e+07,0.033532716,76374.31
720,14867.894,16769.266,5.1550176e+07,0.033703614,227097.3
721,11393.174,16231.656,4.899637e+07,0.03713379,142601.36
722,23753.285,16983.818,4.9188468e+07,0.03347168,423565.5
723,11463.533,16431.79,4.701224e+07,0.032348633,123674.88
724,20060.592,16794.67,4.349615e+07,0.031115724,258182.36
725,12032.967,16318.5,4.1187176e+07,0.03010254,168731.25
726,8365.601,15523.21,4.276083e+07,0.028637696,74990.84
727,24771.504,16448.04,4.6182532e+07,0.027575685,467964.88
728,28723.64,17675.6,5.5126412e+07,0.027478028,451519.9
729,28816.281,18789.668,6.0784096e+07,0.027172852,451662.72
730,31084.781,20019.18,6.831097e+07,0.025585938,530477.6
731,21260.873,20143.35,6.1618636e+07,0.02631836,436447.5
732,13657.809,19494.795,5.9242372e+07,0.025488282,189252.72
733,17563.473,19301.662,5.365383e+07,0.024816895,232876.39
734,14442.189,18815.715,5.041375e+07,0.024780273,174745.72
735,13785.31,18312.674,4.764982e+07,0.02261963,169924.67
736,21095.436,18590.95,4.3581776e+07,0.024023438,403346.6
737,11310.424,17862.896,4.399414e+07,0.023706054,173635.44
738,11092.334,17185.84,4.3720372e+07,0.02224121,155980.08
739,15919.818,17059.238,3.9492584e+07,0.020446777,435420.9
740,12548.934,16608.207,3.737418e+07,0.022790527,170683.53
741,8459.148,15793.301,3.9613404e+07,0.023425294,110331.055
742,14864.309,15700.401,3.5729736e+07,0.02147217,271797.25
743,18966.795,16027.041,3.3117e+07,0.022326661,361151.62
744,16930.775,16117.414,2.9878806e+07,0.021557618,252945.0
745,14827.435,15988.416,2.7040688e+07,0.022155762,175383.25
746,8434.168,15232.991,2.9472618e+07,0.021032715,70595.89
747,11953.163,14905.009,2.749351e+07,0.019885255,163351.36
748,13093.666,14723.875,2.5039444e+07,0.019543458,231988.6
749,28310.723,16082.56,3.914972e+07,0.019482423,529499.56
750,6394.9834,15113.802,4.368117e+07,0.018029785,51038.312
751,8952.652,14497.687,4.2729428e+07,0.018798828,83327.516
752,5195.078,13567.426,4.624495e+07,0.018811036,32764.4
753,9530.242,13163.707,4.308735e+07,0.01977539,179944.67
754,15432.23,13390.56,3.9241772e+07,0.018322755,415698.16
755,7337.5063,12785.254,3.8615144e+07,0.018225098,69508.18
756,8033.01,12310.029,3.6786176e+07,0.017370606,110212.51
757,6088.0713,11687.834,3.6591704e+07,0.016723633,50391.086
758,15337.552,12052.806,3.4131372e+07,0.016345216,370313.28
759,18790.059,12726.531,3.4803384e+07,0.016772462,430264.66
760,13208.441,12774.723,3.1343946e+07,0.0171875,362157.2
761,5289.9844,12026.249,3.3251468e+07,0.01826172,49967.56
762,6063.6543,11429.989,3.3126048e+07,0.01821289,52002.285
763,5180.0415,10804.994,3.3329008e+07,0.01739502,35823.824
764,6019.3013,10326.425,3.2057362e+07,0.016796876,65167.47
765,11117.49,10405.531,2.8907946e+07,0.01583252,189054.73
766,27315.41,12096.52,5.1752108e+07,0.017407227,520530.9
767,17198.904,12606.758,4.8919984e+07,0.0163208,307063.16
768,20578.557,13403.9375,4.9747444e+07,0.01496582,451362.2
769,5629.9106,12626.535,5.0211892e+07,0.014660644,49199.492
770,4997.424,11863.624,5.0429e+07,0.014562989,38240.855
771,5492.3115,11226.493,4.903953e+07,0.015258789,52636.72
772,8434.272,10947.271,4.4837256e+07,0.015209961,120494.63
773,10094.529,10861.997,4.0418972e+07,0.014916993,167764.8
774,9774.626,10753.26,3.648349e+07,0.014660644,165573.23
775,8734.185,10551.353,3.320204e+07,0.015283204,159771.81
776,10860.867,10582.304,2.9890458e+07,0.014367676,184167.94
777,13554.865,10879.56,2.7696662e+07,0.014916993,204770.33
778,11255.705,10917.174,2.4939728e+07,0.015563965,173093.61
779,9245.4,10749.996,2.2697288e+07,0.0147216795,146560.0
780,10366.385,10711.635,2.0440804e+07,0.01439209,158450.17
781,8011.3604,10441.607,1.9052956e+07,0.015844727,126423.516
782,5260.6807,9923.515,1.956344e+07,0.015197754,65076.477
783,14753.503,10406.514,1.9706686e+07,0.014440918,286284.66
784,17964.219,11162.284,2.2876718e+07,0.013720703,329725.78
785,11223.387,11168.395,2.0589382e+07,0.013916016,267438.06
786,9341.306,10985.686,1.8830886e+07,0.01369629,260317.31
787,5801.6055,10467.277,1.9366518e+07,0.013647461,43945.883
788,11351.158,10555.665,1.7500178e+07,0.013720703,209232.19
789,6682.857,10168.384,1.7100038e+07,0.012451172,64706.633
790,6412.964,9792.842,1.665932e+07,0.012487793,79542.69
791,8506.664,9664.224,1.5142271e+07,0.013366699,148698.72
792,3804.9705,9078.299,1.671782e+07,0.013061523,25255.275
793,14940.843,9664.553,1.8139286e+07,0.012280273,419720.62
794,15871.8955,10285.287,1.9793156e+07,0.012634277,423009.72
795,6276.025,9884.361,1.9260516e+07,0.01192627,67794.64
796,4299.7764,9325.902,2.0141348e+07,0.012109376,42571.074
797,3434.554,8736.768,2.1250932e+07,0.01192627,15838.606
798,4374.4033,8300.531,2.0838558e+07,0.011120605,45186.26
799,9592.231,8429.701,1.8904864e+07,0.011206055,227504.92
800,3339.8293,7920.714,1.934599e+07,0.009924317,15296.949
801,17855.574,8914.2,2.6294522e+07,0.0118042,359453.44
802,33187.08,11341.488,7.66906e+07,0.011291504,559838.0
803,19659.639,12173.304,7.524878e+07,0.011413574,410474.56
804,20226.12,12978.585,7.356021e+07,0.010327148,411009.8
805,10628.717,12743.598,6.670116e+07,0.010266113,163413.6
806,5875.322,12056.7705,6.427663e+07,0.010327148,93494.43
807,6586.7344,11509.767,6.0541884e+07,0.0106689455,103368.09
808,8482.211,11207.011,5.531264e+07,0.010852051,192562.36
809,7870.672,10873.377,5.078318e+07,0.010253906,187682.03
810,8767.482,10662.787,4.610399e+07,0.010046387,189307.45
811,3889.2212,9985.431,4.56229e+07,0.012121582,32227.158
812,4889.8984,9475.877,4.339741e+07,0.0118042,62664.9
813,5572.375,9085.526,4.0429024e+07,0.010766602,66020.26
814,11507.389,9327.713,3.691401e+07,0.011010743,164926.98
815,7879.6196,9182.903,3.3411332e+07,0.011096192,97598.75
816,6938.2046,8958.434,3.052368e+07,0.010144043,85859.164
817,4523.1406,8514.904,2.9241776e+07,0.010314941,41521.832
818,2896.6113,7953.075,2.9158468e+07,0.010791016,16251.619
819,3805.173,7538.285,2.779108e+07,0.009887695,64009.676
820,4038.3877,7188.2954,2.6114406e+07,0.01114502,64946.71
821,4354.2593,6904.8916,2.4225824e+07,0.01105957,66466.19
822,5208.581,6735.2607,2.2062212e+07,0.011621094,84011.41
823,6023.704,6664.105,1.990156e+07,0.011950684,88745.695
824,7317.3345,6729.4277,1.7949806e+07,0.011206055,104430.79
825,4973.2295,6553.808,1.6432407e+07,0.011352539,71282.03
826,5660.41,6464.4683,1.4861e+07,0.011474609,71233.63
827,5346.8037,6352.7017,1.3487325e+07,0.011547851,73364.75
828,3885.3604,6105.968,1.2686491e+07,0.01060791,37022.035
829,3938.6934,5889.24,1.1840579e+07,0.010424805,39538.53
830,3843.0115,5684.617,1.1033355e+07,0.011071778,39815.49
831,4776.488,5593.804,1.0004242e+07,0.011987305,52976.867
832,5512.6875,5585.6924,9.00441e+06,0.011865235,70963.83
833,5855.9277,5612.716,8.1105415e+06,0.0113159185,80100.92
834,4353.244,5486.7686,7.4422515e+06,0.012390137,52167.28
835,3928.6824,5330.96,6.9165135e+06,0.01105957,50529.65
836,3567.1414,5154.578,6.504857e+06,0.011437989,49846.98
837,3347.9717,4973.9175,6.1481155e+06,0.011132813,33831.984
838,3622.6072,4838.7866,5.6976475e+06,0.010400391,37317.69
839,2953.2056,4650.2285,5.44787e+06,0.010803223,24834.14
840,6680.9883,4853.3047,5.2742415e+06,0.010729981,98485.16
841,8341.266,5202.1006,5.841746e+06,0.0113891605,126798.54
842,7158.009,5397.6914,5.601873e+06,0.011987305,118950.0
843,7005.6294,5558.4854,5.2743775e+06,0.011914062,105174.695
844,3249.4316,5327.58,5.2267955e+06,0.011999512,24018.295
845,3573.1804,5152.14,4.9811285e+06,0.011889649,39241.984
846,2427.8967,4879.716,5.150951e+06,0.012329102,13256.369
847,3348.3796,4726.582,4.846905e+06,0.012414551,45656.18
848,4440.8794,4698.0117,4.3695605e+06,0.012304688,62129.55
849,3985.19,4626.7295,3.9783348e+06,0.011962891,48951.938
850,4293.508,4593.407,3.5904945e+06,0.012280273,41602.777
851,4071.8333,4541.25,3.2559285e+06,0.0132690435,38022.43
852,4183.131,4505.438,2.941878e+06,0.0126220705,42698.254
853,3167.813,4371.6753,2.8087218e+06,0.013024903,28881.3
854,3373.8423,4271.892,2.6174598e+06,0.013525391,29940.36
855,6046.463,4449.349,2.639133e+06,0.0134155275,147192.9
856,3440.0417,4348.4185,2.4669028e+06,0.015002442,32457.703
857,2842.0393,4197.781,2.4244385e+06,0.013806152,16643.22
858,3175.8105,4095.5837,2.2759925e+06,0.014208985,24342.266
859,2760.06,3962.0312,2.2089192e+06,0.014025879,15755.971
860,3777.76,3943.604,1.9910832e+06,0.014257813,34977.656
861,3972.316,3946.475,1.792049e+06,0.016113281,66582.21
862,6702.331,4222.0605,2.2963708e+06,0.015344239,113539.34
863,4701.2417,4269.9785,2.087399e+06,0.015356446,89963.37
864,2646.767,4107.657,2.1157925e+06,0.015002442,13325.94
865,13627.045,5059.596,1.0059899e+07,0.01505127,312629.53
866,3616.4717,4915.2837,9.241344e+06,0.014880371,69837.914
867,5523.438,4976.099,8.350496e+06,0.014282227,129841.29
868,3292.5586,4807.745,7.770534e+06,0.014135743,38048.664
869,3336.8218,4660.653,7.188206e+06,0.014526367,26981.719
870,2761.726,4470.7603,6.7939185e+06,0.014892578,23095.166
871,6257.3467,4649.419,6.4017965e+06,0.017199708,127222.3
872,12121.535,5396.6304,1.0786543e+07,0.018017579,316692.4
873,6709.458,5527.913,9.863005e+06,0.016552735,148389.5
874,2772.662,5252.388,9.559931e+06,0.01607666,15374.106
875,6395.1123,5366.6606,8.721461e+06,0.016845703,182601.9
876,6376.0234,5467.5967,7.9410075e+06,0.015563965,183399.88
877,4269.8667,5347.8237,7.2760165e+06,0.015539551,57985.184
878,3980.5999,5211.1016,6.7166515e+06,0.015649414,56162.004
879,4150.689,5105.0605,6.146189e+06,0.014697266,41555.29
880,5070.624,5101.6167,5.5316765e+06,0.015185547,65183.055
881,3567.5547,4948.2104,5.19031e+06,0.016845703,37416.234
882,3874.3618,4840.8257,4.7750625e+06,0.017138673,54131.816
883,2774.344,4634.1777,4.681887e+06,0.01669922,24338.371
884,2039.6271,4374.7227,4.8195505e+06,0.016357422,7477.4937
885,8903.049,4827.555,6.1831115e+06,0.01763916,203333.84
886,5971.9634,4941.996,5.6826705e+06,0.01763916,148911.47
887,2400.3337,4687.83,5.6958075e+06,0.017041016,13680.662
888,2933.5618,4512.4033,5.4031975e+06,0.015905762,25609.691
889,2859.9492,4347.1577,5.108632e+06,0.017150879,24250.096
890,2903.9497,4202.837,4.785225e+06,0.01669922,31275.049
891,3543.1462,4136.8677,4.3458695e+06,0.018798828,63397.58
892,2839.9849,4007.1794,4.062654e+06,0.018151855,31927.398
893,3225.1423,3928.9758,3.711431e+06,0.018420411,33754.75
894,9798.259,4515.9043,6.440652e+06,0.018359376,343997.94
895,3380.957,4402.4097,5.912516e+06,0.017614746,47204.074
896,2496.69,4211.838,5.6481235e+06,0.01796875,15658.008
897,3454.4136,4136.0957,5.134943e+06,0.018603517,66178.19
898,5255.4834,4248.0347,4.7342215e+06,0.017724609,98157.31
899,4823.7246,4305.6035,4.290627e+06,0.017077638,88506.01
900,2888.143,4163.8574,4.0423918e+06,0.017456055,28537.535
901,4545.5654,4202.0283,3.6512655e+06,0.02052002,52296.62
902,3977.6484,4179.5903,3.2906702e+06,0.020312501,49152.617
903,2923.977,4054.029,3.103494e+06,0.020715332,30339.678
904,2952.2434,3943.8506,2.9023985e+06,0.020568848,30382.908
905,2406.265,3790.092,2.824934e+06,0.020056153,16917.656
906,2498.9277,3660.9756,2.69248e+06,0.020751953,17529.332
907,2492.9875,3544.1768,2.5460095e+06,0.019445801,15803.203
908,2457.1196,3435.471,2.3977608e+06,0.020007325,16204.831
909,2451.3433,3337.058,2.2451502e+06,0.020288086,16147.327
910,2325.3093,3235.8833,2.1127622e+06,0.020336915,14409.778
911,1997.927,3112.0876,2.0394141e+06,0.023071289,6768.1963
912,2093.72,3010.251,1.9288092e+06,0.024072265,6896.1733
913,2145.112,2923.737,1.8032901e+06,0.023535157,8860.399
914,1995.8445,2830.9478,1.7004498e+06,0.024169922,6730.646
915,14052.983,3953.1514,1.2864471e+07,0.024609376,424885.78
916,3740.2686,3931.863,1.1582102e+07,0.023632813,70861.05
917,3068.4575,3845.5225,1.0490984e+07,0.02397461,46847.992
918,2229.371,3683.9072,9.676961e+06,0.023376465,18356.115
919,2952.3662,3610.7532,8.757428e+06,0.02368164,32573.25
920,4763.9727,3726.0752,8.001378e+06,0.023742676,97838.195
921,3448.608,3698.3284,7.208169e+06,0.026452636,46848.945
922,3372.8618,3665.7817,6.4968855e+06,0.026782228,64452.273
923,3486.936,3647.8972,5.8500755e+06,0.025549317,64760.656
924,1793.4479,3462.4524,5.574576e+06,0.025366211,6168.5776
925,2466.0615,3362.8132,5.10647e+06,0.026013184,30322.43
926,11977.517,4224.2837,1.1275003e+07,0.025537109,396280.9
927,2375.5088,4039.4062,1.045512e+07,0.025549317,23691.453
928,1862.7555,3821.7412,9.836011e+06,0.023803711,4818.4517
929,3643.606,3803.9277,8.855265e+06,0.025549317,72373.58
930,1908.8152,3614.4165,8.292969e+06,0.025109863,6767.484
931,2255.4531,3478.5203,7.629882e+06,0.031481933,18129.055
932,2869.048,3417.573,6.9003245e+06,0.030688478,38492.523
933,2095.3457,3285.3503,6.3676375e+06,0.031115724,9477.221
934,6724.715,3629.2869,6.7955045e+06,0.030566407,165973.47
935,1932.541,3459.6123,6.375059e+06,0.032312013,5720.997
936,2436.899,3357.341,5.831688e+06,0.031652834,21557.592
937,9676.3125,3989.2383,8.842165e+06,0.03388672,218175.5
938,2771.5596,3867.4705,8.091395e+06,0.03178711,38375.99
939,1713.0847,3652.032,7.6999795e+06,0.03175049,4053.4702
940,2361.9517,3523.024,7.079769e+06,0.032873537,17483.67
941,3010.181,3471.7397,6.395463e+06,0.03902588,49023.684
942,1784.9242,3303.058,6.0119975e+06,0.038476564,7141.204
943,2666.7983,3239.4321,5.447232e+06,0.041308593,32923.28
944,3416.2834,3257.1172,4.9053235e+06,0.040783692,43267.824
945,2414.002,3172.8057,4.478767e+06,0.040930178,20211.576
946,1784.7427,3033.9993,4.204295e+06,0.041235354,4942.001
947,1986.138,2929.2131,3.8826868e+06,0.041918945,9147.196
948,1890.6395,2825.3557,3.5914952e+06,0.041882325,7625.889
949,1898.4534,2732.6655,3.309669e+06,0.044006348,6010.249
950,1962.9309,2655.6921,3.0320262e+06,0.04543457,11266.957
951,15568.793,3947.0022,1.773616e+07,0.050634768,442659.8
952,1744.417,3726.7437,1.6399168e+07,0.050695803,5534.288
953,1884.6177,3542.531,1.506466e+07,0.050061036,11263.326
954,2053.4763,3393.6255,1.3757749e+07,0.049047854,19687.75
955,3035.1506,3357.778,1.2393539e+07,0.050854493,34702.547
956,2677.484,3289.7485,1.1195837e+07,0.048559573,30688.002
957,2317.0432,3192.478,1.0161407e+07,0.04724121,22618.756
958,1776.5375,3050.884,9.325706e+06,0.04532471,7252.3774
959,3468.5037,3092.646,8.408832e+06,0.047045898,85393.67
960,3134.8855,3096.8699,7.568109e+06,0.046435546,57705.28
961,2061.5698,2993.3398,6.907764e+06,0.05001221,16162.288
962,1765.4331,2870.549,6.3526855e+06,0.05119629,9358.737
963,2456.8997,2829.184,5.732816e+06,0.05102539,23123.906
964,3202.8848,2866.5542,5.172103e+06,0.050488282,35314.965
965,1670.7227,2746.971,4.783594e+06,0.05029297,3907.4812
966,1643.6033,2636.6343,4.4148025e+06,0.049853515,3645.7256
967,1669.3175,2539.9026,4.0575352e+06,0.051757812,5211.7036
968,1979.8108,2483.8933,3.6800148e+06,0.05218506,16221.204
969,2321.3057,2467.6345,3.3143922e+06,0.050927736,28307.932
970,3278.1636,2548.6875,3.042079e+06,0.050305177,69030.88
971,2871.5435,2580.9731,2.7472522e+06,0.05354004,58700.227
972,1553.3729,2478.2131,2.5675635e+06,0.053674318,3219.214
973,5818.131,2812.2048,3.3147615e+06,0.053967286,124513.57
974,5954.839,3126.4683,3.8721388e+06,0.053979494,140632.19
975,1667.7405,2980.5955,3.6764348e+06,0.053735353,7613.0303
976,1573.3601,2839.8718,3.4870192e+06,0.0538208,4541.6523
977,1697.287,2725.6133,3.2558122e+06,0.05263672,8543.763
978,1573.2463,2610.3765,3.0497465e+06,0.05430908,4873.6025
979,1811.4788,2530.4868,2.8022132e+06,0.054516602,12793.406
980,1475.714,2425.0095,2.622121e+06,0.05605469,3369.0864
981,4978.8203,2680.3906,2.9468842e+06,0.061535645,158933.44
982,6075.347,3019.8862,3.6895115e+06,0.064208984,167076.3
983,1667.3257,2884.6301,3.485208e+06,0.064172365,10783.21
984,1400.4237,2736.2095,3.3349452e+06,0.0654541,2669.7678
985,2746.9146,2737.28,3.001461e+06,0.068518065,62668.953
986,1349.3531,2598.4873,2.8746855e+06,0.06907959,1266.9557
987,1580.8851,2496.727,2.6804132e+06,0.07094727,5378.2383
988,2440.5786,2491.1123,2.4126555e+06,0.07006836,39148.19
989,1450.3511,2387.0361,2.2688765e+06,0.07148438,3134.9402
990,1373.956,2285.728,2.1343585e+06,0.06987305,1924.9604
991,1411.6934,2198.3245,1.989677e+06,0.07694092,2476.2556
992,1494.3315,2127.9253,1.8353139e+06,0.0788208,5097.79
993,1718.4735,2086.9802,1.666871e+06,0.07915039,14245.918
994,1488.5771,2027.1399,1.5324116e+06,0.07841797,8105.243
995,1304.8599,1954.9119,1.4261224e+06,0.080480956,1082.5255
996,1418.9249,1901.3132,1.3093655e+06,0.085644536,4960.9917
997,2213.0347,1932.4854,1.1871742e+06,0.08554687,25596.746
998,1408.7332,1880.1101,1.0931452e+06,0.08607178,4274.648
999,1342.6807,1826.3672,1.0098254e+06,0.09205323,2087.6665
1000,1488.5068,1792.5812,919116.25,0.09632569,5139.9746
1001,1357.0955,1749.0326,844272.9,0.10590821,3078.3552
1002,1363.4253,1710.4719,773227.94,0.11020508,4203.478
1003,1896.1423,1729.039,699007.75,0.11009522,23422.596
1004,1782.6294,1734.398,629365.44,0.11396485,18962.738
1005,1363.6818,1697.3263,578797.6,0.11599121,7338.027
1006,1229.994,1650.593,540573.8,0.116760254,1195.1736
1007,3534.0,1838.9337,805766.4,0.12110596,76652.34
1008,1567.1794,1811.7583,731836.25,0.12403565,13299.172
1009,1249.3926,1755.5217,687115.56,0.12757568,1965.4299
1010,1175.646,1697.5342,648667.0,0.1324585,625.0655
1011,1420.1178,1669.7925,590726.7,0.14219971,6730.347
1012,6715.4155,2174.3547,2.8229022e+06,0.14229737,233831.34
1013,1296.8269,2086.602,2.609917e+06,0.14169922,4407.056
1014,1301.6868,2008.1105,2.4043735e+06,0.14785157,3331.2756
1015,1376.2847,1944.9279,2.1998645e+06,0.15063477,7802.0312
1016,1503.145,1900.7495,1.9974435e+06,0.15350342,12192.124
1017,1174.7615,1828.1508,1.8451344e+06,0.15035401,1556.3716
1018,1281.7256,1773.5083,1.6874931e+06,0.15617676,3330.4429
1019,1160.7043,1712.2279,1.5525414e+06,0.15633546,1074.1648
1020,4324.8,1973.4851,2.011585e+06,0.15985107,135593.61
1021,1697.0918,1945.8458,1.8173019e+06,0.1595337,16571.086
1022,3050.531,2056.3145,1.7454012e+06,0.16016845,67875.75
1023,2728.969,2123.5798,1.6115829e+06,0.15692139,57839.344
1024,1179.6978,2029.1917,1.5306068e+06,0.15386963,1176.2861
1025,2928.2627,2119.0986,1.4502956e+06,0.15889893,59683.37
1026,1160.933,2023.2821,1.3878934e+06,0.15533447,949.54224
1027,1215.0776,1942.4617,1.3078915e+06,0.16033936,2834.2725
1028,1152.9602,1863.5115,1.2332005e+06,0.16531983,1040.4401
1029,1371.0957,1814.2699,1.131703e+06,0.16636963,10804.666
1030,1411.4462,1773.9875,1.03313675e+06,0.16809082,11976.597
1031,1359.2688,1732.5156,945302.25,0.1737793,8566.001
1032,1529.0488,1712.169,854497.9,0.17312013,10048.616
1033,1217.511,1662.7031,791069.8,0.17684327,2123.6584
1034,2513.0764,1747.7405,777044.94,0.17912598,63699.996
1035,1881.8185,1761.1483,700958.4,0.17839356,29077.984
1036,1202.6003,1705.2935,658940.3,0.1772583,2869.1172
1037,1124.6211,1647.2262,623392.5,0.18425293,2252.787
1038,1113.8754,1593.8911,586654.94,0.1911377,2359.4302
1039,1057.8945,1540.2915,553845.75,0.2,379.03793
1040,4401.158,1826.3782,1.2350714e+06,0.2039917,149873.47
1041,1269.4958,1770.69,1.1394748e+06,0.20935059,7564.0024
1042,1249.3707,1718.558,1.0499869e+06,0.20841065,5141.0645
1043,1322.7651,1678.9788,959086.9,0.20960693,7191.4937
1044,1186.1907,1629.7,885033.75,0.20947266,2559.7983
1045,2677.0476,1734.4347,895254.7,0.21131591,71579.12
1046,2013.5363,1762.3448,812740.0,0.21395265,37480.535
1047,1115.65,1697.6754,769105.25,0.20773926,1861.5244
1048,1192.5217,1647.16,715160.9,0.21326904,4313.8296
1049,1130.347,1595.4788,667683.4,0.215625,3673.776
1050,5486.733,1984.6042,1.9636822e+06,0.21676026,201027.67
1051,1413.5166,1927.4955,1.7966668e+06,0.22684327,11594.568
1052,1203.3702,1855.083,1.6641922e+06,0.22725831,4422.9697
1053,1160.1289,1785.5876,1.5412395e+06,0.22739258,3134.196
1054,1491.6575,1756.1946,1.3948911e+06,0.23372804,11498.725
1055,1145.8472,1695.1598,1.2889291e+06,0.22954102,3424.8745
1056,1110.8896,1636.7328,1.1907596e+06,0.23615722,2494.2935
1057,3577.7493,1830.8345,1.4107626e+06,0.23948975,111604.48
1058,1418.1157,1789.5626,1.2850166e+06,0.24024658,9451.583
1059,2598.864,1870.4928,1.2154621e+06,0.23999023,51266.125
1060,1551.602,1838.6038,1.1030681e+06,0.23668213,17203.16
1061,1121.4789,1766.8912,1.0390454e+06,0.24024658,2084.5386
1062,1087.2666,1698.9287,976710.94,0.24571534,1610.9485
1063,1375.721,1666.6079,888441.5,0.24946289,12382.692
1064,1049.3221,1604.8794,833891.1,0.25093994,794.65936
1065,1134.5853,1557.85,770407.9,0.25162354,3707.1487
1066,1449.3384,1546.9988,694426.8,0.25559083,13401.618
1067,1375.1968,1529.8186,627640.5,0.25064698,10857.644
1068,2192.665,1596.1033,604419.3,0.25109863,50152.08
1069,1738.9841,1610.3914,545814.7,0.24974366,28598.613
1070,3880.6985,1837.4221,955119.7,0.24951172,108257.85
1071,1555.4521,1809.2251,866763.3,0.25556642,23922.035
1072,1254.1079,1753.7134,807820.94,0.25737306,9359.666
1073,1140.1003,1692.352,760925.75,0.25911865,3083.4507
1074,3385.495,1861.6664,942839.2,0.2597168,99775.02
1075,1428.008,1818.3005,865480.56,0.2576538,10382.487
1076,1181.722,1754.6427,815403.4,0.2574341,5526.728
1077,1063.3223,1685.5106,776876.1,0.25505373,1333.6255
1078,1083.9868,1625.3583,731753.25,0.2617798,2285.526
1079,1043.0776,1567.1302,689092.44,0.26553956,812.7276
1080,2440.259,1654.4431,688795.0,0.2623291,60802.56
1081,1078.9023,1596.889,649727.75,0.26444092,1781.6218
1082,1077.0011,1544.9003,609080.5,0.25976562,2035.8984
1083,2525.569,1642.9672,634726.44,0.2613159,65124.496
1084,1035.0688,1582.1774,604512.44,0.2548462,840.2386
1085,1033.6248,1527.3221,571143.06,0.26430663,778.80176
1086,1069.1176,1481.5017,532924.4,0.2741455,1468.5693
1087,1413.135,1474.665,480052.56,0.27089843,16696.012
1088,1076.345,1434.833,446326.6,0.26970217,2806.945
1089,1066.7728,1398.027,413886.1,0.2738037,2740.0476
1090,1528.438,1411.0681,374028.12,0.26738283,15659.894
1091,1141.9968,1384.161,343141.25,0.2736206,5267.029
1092,1201.4601,1365.8909,311831.28,0.27094728,6262.8584
1093,1194.5516,1348.757,283290.28,0.27244875,5935.1226
1094,1076.0536,1321.4866,261654.3,0.26815185,2019.5454
1095,1254.1156,1314.7495,235897.36,0.26982424,8278.76
1096,1726.7446,1355.949,227584.22,0.270813,17275.852
1097,1156.0154,1335.9556,208423.4,0.26243898,3009.565
1098,1142.3406,1316.5941,190954.86,0.264917,3875.0552
1099,1011.68304,1286.103,180226.73,0.26823732,583.453
1100,2026.0643,1360.0991,211482.89,0.2772339,29141.04
1101,8984.593,2122.5486,5.422296e+06,0.28179932,358912.25
1102,1018.48334,2012.1421,4.9897725e+06,0.2809082,1224.1815
1103,1073.4061,1918.2686,4.5701055e+06,0.28216553,2410.4678
1104,1255.6853,1852.0103,4.1526062e+06,0.28167725,8882.872
1105,1307.4785,1797.5571,3.764032e+06,0.28272706,13601.277
1106,1141.9751,1731.9989,3.4263095e+06,0.28162843,3871.5603
1107,1106.9718,1669.4962,3.1188378e+06,0.2813843,5220.8213
1108,1032.2092,1605.7676,2.843506e+06,0.2812256,1468.702
1109,1023.8761,1547.5784,2.589629e+06,0.2800537,1112.8228
1110,1067.8354,1499.6041,2.3513798e+06,0.28311768,2708.1445
1111,1186.5592,1468.2997,2.1250615e+06,0.29056397,6631.667
1112,2776.9731,1599.167,2.0666918e+06,0.29122314,77655.94
1113,1553.0093,1594.5513,1.8602142e+06,0.28809816,20407.176
1114,1044.6421,1539.5603,1.7014088e+06,0.27979738,1149.2119
1115,1451.8464,1530.789,1.5319602e+06,0.2834839,15536.597
1116,5452.013,1922.9114,2.762604e+06,0.2839844,187819.58
1117,1004.77527,1831.0978,2.5622112e+06,0.28237304,1144.0394
1118,971.3715,1745.1251,2.3725118e+06,0.28883058,324.4791
1119,989.75745,1669.5884,2.1866128e+06,0.29245606,796.27924
1120,1074.3066,1610.0602,1.9998439e+06,0.2996582,2534.6533
1121,1162.9495,1565.3491,1.8178511e+06,0.30665284,4967.8438
1122,1130.7964,1521.8938,1.6530612e+06,0.30352783,4514.0654
1123,964.478,1466.1522,1.5157192e+06,0.30635986,368.1678
1124,1038.6843,1423.4054,1.3805929e+06,0.309021,2491.555
1125,1000.7981,1381.1447,1.2586074e+06,0.3130249,991.94684
1126,1428.7913,1385.9093,1.1329509e+06,0.31129152,13019.773
1127,958.83594,1343.2019,1.036071e+06,0.31210938,438.97046
1128,969.8618,1305.8679,945008.3,0.32301027,850.09314
1129,970.4221,1272.3234,860634.6,0.33082277,950.2066
1130,965.34656,1241.6257,783052.3,0.33317873,901.4639
1131,4922.3086,1609.6941,1.9240155e+06,0.34421387,134040.9
1132,1126.8383,1561.4084,1.7525974e+06,0.34227297,4424.526
1133,1132.93,1518.5605,1.593861e+06,0.3417847,4770.725
1134,984.7103,1465.1755,1.4601245e+06,0.34050295,905.7231
1135,1196.0815,1438.2661,1.320629e+06,0.33746338,7066.9375
1136,1092.2549,1403.665,1.1993412e+06,0.33028564,3961.5679
1137,968.10315,1360.1089,1.0964814e+06,0.32999268,764.696
1138,1726.4275,1396.7407,998910.2,0.33741456,33081.824
1139,979.21783,1354.9884,914708.44,0.3338867,923.92645
1140,1220.3518,1341.5248,824869.0,0.33094484,11655.93
1141,1193.3921,1326.7115,744356.94,0.32677004,11180.121
1142,1001.40027,1294.1804,679445.7,0.32917482,1680.0294
1143,2268.8037,1391.6427,696991.25,0.3297119,57399.777
1144,1039.2773,1356.4061,638466.6,0.3227051,2387.2708
1145,991.5189,1319.9174,586602.75,0.32110596,940.0385
1146,950.8164,1283.0073,540203.7,0.3272705,482.8107
1147,1595.5422,1314.2609,494974.34,0.33393556,28375.75
1148,1031.0911,1285.9438,452693.56,0.3265259,3178.674
1149,979.1749,1255.267,415893.84,0.32312012,1316.2997
1150,1080.9283,1237.8331,377039.9,0.33145753,5446.055
1151,934.35443,1207.4852,347624.84,0.3366333,317.29056
1152,1013.39264,1188.0759,316252.8,0.34263918,3027.4836
1153,1406.178,1209.8861,288908.7,0.33874512,18427.213
1154,1381.3892,1227.0364,262665.03,0.3378296,18600.506
1155,1042.9868,1208.6315,239447.22,0.33380127,4700.257
1156,956.3165,1183.4,221232.14,0.33188477,686.98773
1157,1094.6785,1174.5278,199817.36,0.33635256,7416.7803
1158,1003.7502,1157.4501,182460.47,0.33790284,2012.1665
1159,949.4668,1136.6517,168107.55,0.33891603,842.3004
1160,994.7827,1122.4648,153108.2,0.34843752,2478.2615
1161,925.09705,1102.728,141303.25,0.3518555,298.0391
1162,942.886,1086.7438,129472.38,0.36026612,735.78436
1163,960.0333,1074.0728,117970.14,0.36365968,1095.4567
1164,971.67163,1063.8326,107116.87,0.36326906,1775.3372
1165,996.31775,1057.0812,96815.42,0.36171874,1776.1355
1166,982.27496,1049.6006,87637.516,0.3623047,1578.2206
1167,962.77466,1040.918,79552.25,0.35415038,1029.9539
1168,1032.0188,1040.0281,71604.16,0.35601807,1997.6919
1169,1543.2227,1090.3475,87232.164,0.35516357,26924.93
1170,963.8113,1077.6938,79949.97,0.3477051,931.0499
1171,952.8835,1065.2128,73356.96,0.35529786,756.1322
1172,1218.7917,1080.5707,68144.05,0.35860595,6823.1465
1173,991.82367,1071.6959,62038.48,0.35012206,1150.5813
1174,1383.605,1102.8868,64590.48,0.3506836,12223.367
1175,994.99603,1092.0978,59179.07,0.34521484,1577.4648
1176,1704.2697,1153.315,86989.06,0.3491455,32623.422
1177,952.25073,1133.2085,81928.56,0.34431154,972.9816
1178,916.7582,1111.5635,77952.27,0.3516968,184.9845
1179,981.49097,1098.5563,71679.74,0.35996094,3067.1738
1180,942.6895,1082.9696,66698.266,0.35946044,1027.8014
1181,930.32745,1067.7054,62125.402,0.36954346,561.87146
1182,932.22504,1054.1573,57564.81,0.3706665,628.5417
1183,1283.8364,1077.1252,56556.047,0.37675783,14190.973
1184,1267.525,1096.1653,54163.13,0.37022707,16054.839
1185,918.81116,1078.4299,51577.72,0.36989745,327.964
1186,966.5071,1067.2377,47547.35,0.37562257,1417.1096
1187,1070.1797,1067.5319,42793.395,0.37268066,4580.082
1188,1037.3672,1064.5154,38595.945,0.36342773,3478.384
1189,1211.209,1079.1847,36673.062,0.36584473,9066.245
1190,989.9991,1070.2661,33721.62,0.35926515,2102.6223
1191,910.58075,1054.2976,32644.406,0.36198732,249.98868
1192,908.37964,1039.7058,31296.252,0.3706909,269.72723
1193,1048.5317,1040.5884,28173.637,0.37761232,4850.431
1194,1065.9784,1043.1274,25414.291,0.37291262,7109.545
1195,913.7377,1030.1885,24379.615,0.37561035,313.8956
1196,920.61383,1019.231,23022.248,0.38167724,474.93143
1197,928.4546,1010.1534,21461.654,0.37805176,704.79254
1198,4174.552,1326.5933,920523.0,0.37818605,142322.17
1199,911.8801,1285.122,843949.5,0.37248537,477.4258
1200,1039.9937,1260.6091,764962.44,0.3786133,3177.3567
1201,926.7001,1227.2183,698500.75,0.37578127,625.65063
1202,1059.1921,1210.4156,631191.56,0.37781984,5924.308
1203,1876.0078,1276.9749,607943.56,0.37720948,36913.926
1204,908.3983,1240.1172,559375.56,0.37211916,281.41245
1205,1002.0733,1216.3127,508537.84,0.38133547,2361.275
1206,926.51086,1187.3325,465242.7,0.3770752,506.0213
1207,965.48596,1165.1478,423147.84,0.38358155,1949.4293
1208,1016.775,1150.3105,382814.34,0.37968752,4357.8164
1209,941.75195,1129.4547,348447.6,0.3800171,1246.6064
1210,1448.4067,1161.3499,322758.56,0.38442382,17887.307
1211,945.9429,1139.8092,294658.72,0.38125,976.70337
1212,926.45483,1118.4738,269289.62,0.3798462,590.9177
1213,938.9855,1100.5249,245260.1,0.38363037,773.3853
1214,962.9441,1086.7668,222437.64,0.38598633,1833.299
1215,993.78546,1077.4688,200971.97,0.38090822,2740.9802
1216,996.85986,1069.4078,181459.56,0.37703857,4105.2593
1217,904.0681,1052.8739,165773.95,0.38404542,350.32443
1218,910.7149,1038.658,151015.39,0.38426515,557.5712
1219,966.9571,1031.4879,136376.53,0.3847046,3380.9194
1220,936.7882,1022.01794,123545.99,0.387854,2095.5566
1221,892.045,1009.0206,112711.76,0.39448243,212.26772
1222,899.088,998.02734,102528.24,0.3921631,360.63077
1223,1030.5422,1001.2788,92370.56,0.39926758,5188.628
1224,917.9481,992.94574,83758.46,0.39334717,1264.3491
1225,935.4009,987.1913,75680.64,0.39680177,1819.8564
1226,903.4896,978.8211,68743.11,0.3987305,675.7154
1227,910.5565,971.9946,62288.203,0.40386963,586.97284
1228,1201.8129,994.97644,60812.86,0.40197754,13615.543
1229,911.6568,986.6445,55356.367,0.39471436,1340.29
1230,924.0274,980.38275,50173.61,0.39918214,1290.3892
1231,934.27026,975.7715,45347.62,0.40471193,1023.1388
1232,1320.4496,1010.2393,51505.13,0.39993897,18717.295
1233,889.8468,998.2001,47659.11,0.3907593,229.64919
1234,1579.79,1056.3591,73335.414,0.39816895,16238.087
1235,1203.9114,1071.1144,67961.32,0.39158937,8348.715
1236,889.0132,1052.9043,64149.664,0.38699952,263.2873
1237,899.6787,1037.5818,59847.72,0.39605713,546.7391
1238,887.9001,1022.61365,55879.36,0.39697266,251.20607
1239,918.30676,1012.183,51270.613,0.39729005,829.89105
1240,922.02563,1003.16724,46875.1,0.40493163,1088.6571
1241,893.17236,992.1677,43276.49,0.40551758,446.07324
1242,1112.6038,1004.2113,40254.273,0.41208497,10488.651
1243,877.2092,991.5111,37680.504,0.4050171,143.01631
1244,909.50244,983.31024,34517.742,0.41221926,1473.7625
1245,870.7244,972.05164,32206.766,0.41505128,121.738655
1246,928.533,967.69977,29156.537,0.4203003,1283.0867
1247,885.1858,959.44836,26853.652,0.41502687,450.34613
1248,887.70105,952.2736,24631.578,0.42384034,738.5787
1249,1149.0422,971.9505,25653.03,0.42175293,11295.319
1250,888.0072,963.55615,23721.91,0.41171876,491.64993
1251,1036.4316,970.8437,21827.693,0.41791993,5666.0464
1252,873.6819,961.1275,20494.56,0.41641846,153.4355
1253,881.0461,953.1194,19022.277,0.42015383,333.8636
1254,932.9928,951.10675,17156.506,0.41428223,1919.1775
1255,914.3977,947.43585,15562.135,0.41093752,1306.286
1256,984.70337,951.1626,14130.919,0.40490723,2128.7383
1257,953.1151,951.35785,12718.17,0.39521486,3039.723
1258,998.00806,956.0229,11642.214,0.39000246,2882.287
1259,906.1281,951.0334,10702.047,0.38446045,556.01294
1260,929.08563,948.8386,9675.195,0.3909424,1717.1235
1261,963.9613,950.3509,8728.258,0.3937256,1817.7856
1262,977.75684,953.0915,7923.0293,0.3880249,2755.0037
1263,1018.678,959.65015,7517.8696,0.38879395,6019.4473
1264,1109.8325,974.6684,8796.009,0.38710937,7711.0957
1265,1014.0459,978.60614,8055.9604,0.38494873,6094.313
1266,895.15643,970.26117,7877.111,0.38896486,456.1293
1267,890.2249,962.25757,7665.922,0.38823244,450.8059
1268,933.624,959.3942,6973.1187,0.39916992,1922.5282
1269,872.0716,950.662,6962.0786,0.4018677,144.3423
1270,871.3004,942.7258,6832.714,0.41489258,195.16692
1271,881.312,936.5845,6488.891,0.4166626,658.90796
1272,882.36945,931.16296,6104.536,0.41744384,618.59515
1273,869.1501,924.9617,5840.186,0.42077637,335.35483
1274,864.2729,918.8928,5587.649,0.42398682,167.1389
1275,868.16284,913.8198,5260.5015,0.42956543,154.00375
1276,1447.4788,967.1857,30365.719,0.42556152,22996.344
1277,1272.4937,997.71655,35718.31,0.4190796,16756.215
1278,1098.8531,1007.8302,33067.05,0.4138916,8381.442
1279,907.0179,997.74896,30675.025,0.40411377,1013.5531
1280,867.16504,984.69055,29142.217,0.4079834,109.60033
1281,863.5176,972.57324,27549.455,0.41740724,162.97456
1282,858.12256,961.1282,25973.416,0.42851564,79.6653
1283,857.54816,950.77014,24341.668,0.43551025,125.54526
1284,862.64496,941.95764,22606.445,0.43427736,241.60931
1285,879.16943,935.67883,20700.613,0.43807372,593.4145
1286,944.82404,936.5934,18638.078,0.43986818,3140.678
1287,885.8375,931.5178,17006.123,0.43233642,617.8131
1288,904.20874,928.7869,15372.631,0.424292,1325.6508
1289,921.0042,928.00867,13840.818,0.4202881,2298.9053
1290,899.51636,925.1594,12529.8,0.41633302,1554.2546
1291,1107.0724,943.3507,14255.13,0.421167,10817.631
1292,870.8711,936.1027,13302.413,0.41488037,269.46786
1293,907.78436,933.2709,12044.346,0.42386475,1476.6644
1294,909.50244,930.89404,10890.756,0.41452637,1554.2593
1295,925.3419,930.3388,9804.455,0.41276857,2713.1157
1296,873.6279,924.6677,9113.46,0.41416016,409.12183
1297,897.66943,921.9679,8267.715,0.42408448,1480.9482
1298,1064.2822,936.19934,9263.746,0.4280884,8236.206
1299,856.18555,928.19794,8913.57,0.4253784,72.74935
1300,859.1438,921.29254,8451.376,0.4315918,219.84576
1301,853.0815,914.47144,8024.9854,0.43841553,68.01778
1302,874.4803,910.4723,7366.423,0.43795165,801.97546
1303,912.6478,910.6898,6630.206,0.4435669,1810.6351
1304,855.002,905.12103,6246.287,0.43312988,135.2276
1305,857.9519,900.4041,5821.902,0.4391968,385.2012
1306,897.11426,900.07513,5240.686,0.4423462,1265.6868
1307,867.6239,896.83,4811.3945,0.43493652,232.26643
1308,970.53394,904.20044,4819.1587,0.43232423,4839.306
1309,856.0654,899.38696,4545.7705,0.43548584,95.07265
1310,857.16797,895.16504,4251.6133,0.43621826,97.94378
1311,981.8477,903.8333,4502.7017,0.43702394,5433.4937
1312,881.5123,901.6012,4097.272,0.4320801,874.54395
1313,924.8558,903.92664,3736.2146,0.43548584,2120.0466
1314,869.5125,900.4852,3469.1829,0.42823488,358.70554
1315,913.6973,901.80646,3137.9749,0.43153077,2004.0264
1316,957.981,907.4239,3108.1797,0.43066406,2417.0703
1317,7017.9043,1518.4719,3.3632148e+06,0.42137453,276753.6
1318,869.5174,1453.5764,3.064796e+06,0.41726074,202.49797
1319,875.0099,1395.7197,2.788443e+06,0.4237549,474.79965
1320,894.39996,1345.5878,2.5322178e+06,0.42873535,1145.7932
1321,1577.9841,1368.8274,2.2838565e+06,0.42961428,32629.938
1322,987.9673,1330.7413,2.0685258e+06,0.4213135,5258.233
1323,922.2775,1289.8949,1.876689e+06,0.41723633,1913.5261
1324,855.4802,1246.4534,1.7060045e+06,0.4303711,85.25709
1325,852.54285,1207.0623,1.5493689e+06,0.43632814,119.44597
1326,859.1511,1172.2711,1.4053258e+06,0.4447998,289.19315
1327,852.21643,1140.2656,1.2740122e+06,0.4480835,131.85426
1328,852.2356,1111.4626,1.1540775e+06,0.4512085,191.22812
1329,847.90845,1085.1072,1.04492125e+06,0.45148927,178.68864
1330,1488.4727,1125.4437,955072.44,0.4536377,25725.451
1331,849.566,1097.856,866414.94,0.44749758,99.36429
1332,852.3595,1073.3063,785197.6,0.45600587,191.77275
1333,862.61536,1052.2372,710673.0,0.4567627,402.74142
1334,1248.98,1071.9115,643089.4,0.45390627,12193.687
1335,2724.2896,1237.1493,824512.2,0.4477051,59734.48
1336,882.0459,1201.6389,753409.75,0.43778077,701.6556
1337,884.4271,1169.9177,687124.8,0.44714355,920.33105
1338,877.4773,1140.6737,626109.25,0.4407715,556.6307
1339,2783.5789,1304.9642,806420.7,0.43327639,84400.48
1340,1815.7048,1356.0383,749255.7,0.4352295,43388.152
1341,862.6668,1306.7012,696237.5,0.4341919,301.60733
1342,883.66614,1264.3977,642720.0,0.44213867,1418.7034
1343,854.84015,1223.4419,593544.4,0.44395754,217.43248
1344,865.5351,1187.6512,545718.7,0.4511841,703.9709
1345,863.343,1155.2205,500612.62,0.45573732,531.35156
1346,928.6853,1132.5669,455169.97,0.45368654,2624.9727
1347,872.3451,1106.5447,415747.34,0.4503296,710.3359
1348,847.7304,1080.6632,380201.22,0.45306396,165.69281
1349,859.14465,1058.5114,346597.4,0.4598511,351.38654
1350,866.57776,1039.318,315253.12,0.46270752,396.3119
1351,896.7704,1025.0632,285556.56,0.45361328,2141.2524
1352,848.47174,1007.40405,259807.52,0.44218752,162.05998
1353,848.273,991.49097,236105.8,0.451001,109.92786
1354,857.74133,978.116,214105.22,0.45091555,410.7361
1355,852.6344,965.5679,194111.8,0.4511841,298.22653
1356,849.44775,953.9559,175914.17,0.44968262,150.0797
1357,850.83386,943.6437,159279.83,0.4489746,229.09488
1358,849.1077,934.19006,144156.17,0.45024416,88.44976
1359,865.6731,927.3384,130163.06,0.45020753,500.70483
1360,949.3666,929.5412,117190.42,0.44349366,3155.8264
1361,898.8771,926.4748,105556.01,0.44049072,1522.1351
1362,907.0602,924.5333,95034.33,0.4430786,2542.074
1363,846.0016,916.6802,86085.945,0.44621584,68.82883
1364,844.9376,909.5059,77940.58,0.45180663,76.46609
1365,962.5786,914.8132,70400.02,0.44960937,4597.8193
1366,846.43994,907.9758,63780.76,0.4472168,85.672455
1367,893.4019,906.51843,57421.797,0.45860597,1698.9033
1368,860.6815,901.93475,51868.707,0.45169678,364.56592
1369,843.45166,896.0864,46989.66,0.46124268,93.74586
1370,1010.42456,907.52026,43467.28,0.46260986,7219.1973
1371,844.131,901.18134,39482.19,0.4537842,86.97993
1372,859.87964,897.05115,35687.496,0.45725098,678.9581
1373,1055.7483,912.92084,34385.38,0.4624512,9524.464
1374,867.2753,908.35626,31134.357,0.45421144,752.3173
1375,845.70996,902.0916,28374.13,0.455896,133.44458
1376,848.40106,896.72253,25796.158,0.46290284,232.34428
1377,854.0562,892.45593,23380.379,0.46221924,358.5804
1378,2511.834,1054.3938,257057.02,0.46429443,74283.26
1379,852.64386,1034.2188,235014.58,0.45809326,366.20496
1380,849.48944,1015.74585,214584.34,0.46191406,196.9046
1381,1074.772,1021.64844,193439.47,0.46270752,10009.617
1382,845.433,1004.0269,176890.19,0.460083,154.82828
1383,866.1997,990.2442,160910.84,0.46724853,646.3986
1384,927.84216,984.004,145170.22,0.45828858,3549.0522
1385,847.1894,970.3226,132337.84,0.45029297,203.55777
1386,1026.411,975.9314,119387.19,0.45715332,7700.1123
1387,858.9884,964.2371,108679.27,0.4477051,308.97647
1388,845.6677,952.3802,99076.625,0.45252687,117.39514
1389,1148.4702,971.9892,92629.58,0.45145264,13816.88
1390,842.499,959.04016,84875.71,0.44779053,56.04354
1391,849.28723,948.0649,77472.25,0.45808107,179.16847
1392,868.32666,940.09106,70297.26,0.4633301,508.59265
1393,847.28735,930.81067,64042.656,0.45643312,250.34882
1394,870.73956,924.8036,57963.16,0.4643921,770.24347
1395,950.0061,927.32385,52224.008,0.46619874,4475.195
1396,845.02673,919.0941,47611.16,0.4519043,142.73381
1397,847.7789,911.9626,43307.77,0.46623537,187.9043
1398,849.13477,905.6798,39332.254,0.45943603,213.5221
1399,967.74,911.8858,35745.66,0.46151122,3902.154
1400,856.3698,906.3342,32448.477,0.45427248,476.87473
1401,881.9391,903.8947,29257.19,0.46060792,1954.2844
1402,847.1896,898.2242,26620.861,0.46641847,241.20285
1403,917.48706,900.15045,23992.17,0.46533203,3152.299
1404,908.28394,900.9638,21598.906,0.46362305,1678.9708
1405,855.1265,896.38007,19628.11,0.4567627,337.32043
1406,856.09827,892.35187,17811.334,0.45773926,400.63913
1407,865.9937,889.71606,16092.728,0.46589357,1118.1025
1408,846.9002,885.43445,14648.441,0.45959473,255.6693
1409,913.38916,888.2299,13253.929,0.4666748,2972.6716
1410,856.52936,885.0599,12018.979,0.46497804,790.02167
1411,854.648,882.0187,10900.32,0.46879885,587.67676
1412,833.94543,877.21136,10018.281,0.4670044,44.701107
1413,936.6292,883.15314,9334.196,0.4732544,4499.077
1414,848.47815,879.68567,8508.988,0.46781006,293.2016
1415,1440.6333,935.78046,35977.688,0.473291,20835.082
1416,848.0078,927.0032,33073.28,0.4626709,298.2514
1417,847.8629,919.0892,30329.637,0.46878663,198.93855
1418,1147.2097,941.90125,31980.182,0.4647827,13558.371
1419,839.6726,931.6784,29722.725,0.45599365,92.75404
1420,850.0814,923.5187,27349.678,0.46920165,210.73943
1421,870.85315,918.25214,24864.338,0.4645508,1264.286
1422,854.21045,911.84796,22747.023,0.46354982,411.1625
1423,922.80725,912.9439,20483.129,0.4664917,3499.0735
1424,842.31824,905.88135,18883.734,0.45649415,150.276
1425,844.4683,899.74005,17334.8,0.46313477,197.41943
1426,845.21643,894.2877,15868.875,0.46973878,282.89206
1427,880.46045,892.90497,14299.194,0.47337648,1802.196
1428,941.27264,897.74176,13079.823,0.4611206,2533.8384
1429,1159.93,923.9606,17958.684,0.45582277,14416.757
1430,1155.2229,947.0868,20976.219,0.4545044,14203.214
1431,916.14856,943.993,18964.742,0.45921633,2774.2273
1432,852.0949,934.80316,17828.34,0.46063232,318.10474
1433,918.47595,933.1704,16069.498,0.46239015,2708.9885
1434,872.82007,927.1354,14790.343,0.46226808,1462.2635
1435,871.9384,921.61566,13585.512,0.46666262,1124.7592
1436,837.8816,913.24225,12857.986,0.4656128,86.87675
1437,838.3239,905.7504,12077.335,0.47373047,123.1151
1438,837.79016,898.9544,11285.274,0.479187,184.48108
1439,834.75543,892.5345,10527.682,0.48311767,99.73045
1440,866.83856,889.9649,9534.339,0.48205566,1008.3967
1441,832.5907,884.2275,8877.166,0.47987062,57.208866
1442,873.93665,883.19836,7998.98,0.47886965,1549.243
1443,876.9033,882.56885,7202.6484,0.47182617,1239.1914
1444,858.3269,880.14465,6535.274,0.47006837,636.86865
1445,884.4551,880.5757,5883.4185,0.46740723,2025.0206
1446,2030.5371,995.57184,124312.1,0.4645752,53450.996
1447,917.46533,987.76117,112429.945,0.4577759,3114.6514
1448,978.79083,986.86414,101194.19,0.45654297,5377.2266
1449,851.8319,973.3609,92715.8,0.4486084,471.9412
1450,844.0656,960.4314,84948.766,0.46031496,214.68004
1451,841.4032,948.52856,77728.984,0.46271974,197.67078
1452,877.16547,941.3923,70414.42,0.46728516,1971.5157
1453,846.23346,931.8764,64187.95,0.47535402,524.8824
1454,879.4267,926.6314,58016.742,0.4788452,1638.6614
1455,845.3382,918.5021,52809.84,0.4751709,442.79874
1456,895.0669,916.15857,47578.285,0.47337648,2576.211
1457,836.11475,908.1542,43397.09,0.47093508,85.28679
1458,836.6426,901.003,39517.633,0.477771,117.22181
1459,856.70715,896.5734,35742.457,0.47353515,763.3998
1460,899.2294,896.839,32168.848,0.47235107,2037.802
1461,841.50256,891.30536,29227.555,0.46844482,292.03888
1462,844.38605,886.6134,26502.928,0.47642824,258.13898
1463,878.92957,885.84503,23857.947,0.4751709,1221.6637
1464,846.615,881.922,21610.662,0.4824829,322.29916
1465,846.3677,878.3666,19563.365,0.4755005,299.5686
1466,834.6472,873.9946,17779.053,0.47445068,96.92119
1467,831.5898,869.75415,16162.981,0.48198244,64.96903
1468,835.0725,866.286,14654.937,0.48183593,123.62299
1469,859.43604,865.601,13193.666,0.4810791,955.9278
1470,832.21545,862.26245,11974.613,0.4869263,156.25082
1471,869.9267,863.0289,10782.438,0.4848755,1501.7615
1472,1242.0071,900.9267,22630.396,0.4855957,17996.143
1473,893.92615,900.2266,20371.768,0.47792968,1429.4264
1474,860.93054,896.297,18473.566,0.4706421,841.8947
1475,862.7139,892.9387,16727.715,0.4725708,1186.5337
1476,838.173,887.46216,15324.88,0.46085206,147.69447
1477,861.9491,884.9108,13850.975,0.47591552,836.82947
1478,850.33264,881.453,12573.485,0.46973878,519.99115
1479,868.4303,880.15076,11331.399,0.4673462,1115.3406
1480,833.78204,875.5139,10391.765,0.46363527,58.181583
1481,838.0862,871.7711,9478.663,0.47509766,210.23918
1482,832.973,867.8913,8666.272,0.4805542,85.16181
1483,849.37384,866.03955,7830.506,0.48380128,769.9122
1484,843.20154,863.75574,7094.397,0.47695312,350.93317
1485,833.7456,860.7547,6466.012,0.4798584,132.82603
1486,915.50964,866.2302,6089.24,0.47948,2634.4424
1487,847.92267,864.3995,5510.481,0.46923828,360.07346
1488,856.577,863.61725,4964.94,0.46851808,562.44684
1489,851.82983,862.4385,4480.9507,0.4692261,833.25055
1490,844.96655,860.6913,4060.3296,0.47178957,246.98933
1491,837.56616,858.3788,3702.4258,0.4746704,248.78665
1492,877.1135,860.25226,3363.7722,0.48339844,1815.3434
1493,843.6792,858.595,3052.1147,0.4744385,327.84906
1494,847.7227,857.50775,2757.5417,0.48114014,468.53314
1495,849.3027,856.68726,2487.8467,0.48491213,652.69073
1496,835.0116,854.5197,2281.347,0.47885743,169.03761
1497,847.59827,853.8276,2057.5237,0.48380128,642.19196
1498,886.8081,857.1256,1949.6656,0.4812622,2443.5808
1499,837.94385,855.20746,1787.8136,0.4761841,255.84575
1500,834.7296,853.15967,1646.773,0.4788086,149.43517
1501,834.5534,851.2991,1513.2529,0.4855713,174.7867
1502,840.44324,850.2135,1372.534,0.4800171,265.87106
1503,862.27856,851.42,1248.3815,0.48449707,1388.7305
1504,847.85223,851.06323,1124.6888,0.47834474,709.07587
1505,830.5038,849.00726,1050.2621,0.47387695,82.312294
1506,944.37775,858.5443,1763.8334,0.48364258,5194.662
1507,833.5493,856.0448,1643.6775,0.47670898,130.62001
1508,841.30585,854.5709,1498.861,0.48341066,305.27658
1509,860.4032,855.1542,1352.0361,0.482251,1007.35345
1510,837.9576,853.4345,1243.4475,0.48205566,258.2536
1511,847.88275,852.87933,1121.8767,0.48675537,464.2743
1512,844.86316,852.0777,1015.47235,0.48630372,301.70596
1513,837.6454,850.63446,932.6713,0.48120117,194.0866
1514,844.9657,850.06757,842.2963,0.48409423,399.8662
1515,1013.31445,866.3923,3156.5261,0.4807373,8086.658
1516,835.49084,863.3021,2926.8142,0.47149658,200.64517
1517,850.7405,862.04596,2648.3342,0.48499757,769.9721
1518,859.5121,861.7926,2384.0786,0.47719726,1126.4326
1519,872.69727,862.88306,2156.3728,0.4743286,1139.2032
1520,836.7988,860.27466,2001.9705,0.47368166,225.9562
1521,838.0803,858.05524,1846.1063,0.4803833,307.93015
1522,832.34863,855.48456,1720.9702,0.4820923,242.99403
1523,839.0366,853.8398,1573.2213,0.48388672,341.5593
1524,846.6439,853.1202,1420.5594,0.4803711,669.3495
1525,989.78235,866.7864,2959.3928,0.48369142,7258.716
1526,831.4487,863.2526,2775.841,0.4831787,131.02583
1527,842.4088,861.1682,2537.359,0.48182374,389.68802
1528,839.34344,858.9857,2326.4917,0.48532715,422.47528
1529,851.1133,858.1985,2099.4202,0.48721924,675.6814
1530,832.3884,855.6175,1949.4325,0.481604,132.73209
1531,830.9789,853.1536,1809.1248,0.48555908,98.75354
1532,898.5029,857.68854,1813.3026,0.4842041,2959.991
1533,833.6051,855.2802,1684.1735,0.47728273,185.82126
1534,860.43665,855.79584,1518.1492,0.48548585,1120.6414
1535,842.6082,854.47705,1381.9865,0.4765381,526.5393
1536,847.5401,853.7833,1248.1187,0.47924805,565.35284
1537,827.87964,851.19293,1183.6969,0.4807251,62.556145
1538,831.245,849.1981,1101.14,0.48527834,123.69968
1539,837.8331,848.06165,1002.65063,0.48482665,318.2258
1540,829.9332,846.2488,931.96313,0.4878296,129.35147
1541,828.4946,844.4734,867.1357,0.48725587,132.03288
1542,823.87866,842.41394,818.595,0.4848999,38.007656
1543,828.75055,841.0476,753.5374,0.49400637,168.0984
1544,1059.3198,862.8748,4966.032,0.497229,10322.624
1545,1064.0808,882.9954,8112.976,0.48737794,10636.394
1546,831.18866,877.81476,7543.233,0.4826294,93.0551
1547,835.937,873.62695,6946.7466,0.4869263,420.7433
1548,832.0314,869.4674,6407.789,0.48516846,215.74593
1549,835.8921,866.10986,5868.467,0.48404542,364.0319
1550,833.2902,862.8279,5378.5615,0.48438722,205.20828
1551,1285.0204,905.0471,20882.889,0.48098144,20339.2
1552,827.895,897.3319,19330.318,0.47059327,54.09819
1553,960.3741,903.6361,17754.975,0.48203126,5232.625
1554,829.6344,896.23596,16472.34,0.4772583,149.86325
1555,830.3701,889.64935,15215.553,0.48795167,97.74939
1556,837.8409,884.4685,13935.568,0.48867187,401.3934
1557,931.2464,889.1463,12738.947,0.48146972,3775.145
1558,844.9392,884.7256,11640.937,0.47493896,664.3693
1559,832.57477,879.5105,10721.616,0.48189697,159.19412
1560,841.1801,875.6775,9781.684,0.4814209,440.86194
1561,946.65784,882.7755,9256.954,0.48500976,4931.029
1562,835.1052,878.0085,8535.78,0.48026124,257.23688
1563,861.25305,876.33295,7707.4688,0.4852173,1089.3757
1564,882.879,876.98755,6940.578,0.47369385,2115.2
1565,827.1007,871.99884,6470.503,0.47805175,73.6348
1566,909.1068,875.70966,5947.383,0.4892578,3841.5195
1567,836.8875,871.82745,5488.2886,0.4810547,439.92163
1568,825.0725,867.152,5136.2017,0.48583984,46.07364
1569,832.6537,863.70215,4729.6934,0.49188232,177.11253
1570,849.4948,862.28143,4274.8906,0.48840332,770.74554
1571,829.0215,858.95544,3946.9617,0.47852784,121.329475
1572,833.8595,856.44586,3608.948,0.48906252,192.05504
1573,833.9053,854.1918,3293.7803,0.48532715,318.46286
1574,829.63605,851.7362,3018.6707,0.48361817,218.76448
1575,824.34863,848.99744,2784.3105,0.48754883,54.487007
1576,832.2738,847.3251,2531.0505,0.49257812,279.09283
1577,862.62085,848.8547,2299.0017,0.49050292,1676.8231
1578,831.9542,847.1646,2094.8076,0.484021,305.89218
1579,826.98254,845.1464,1921.9854,0.48898926,87.878136
1580,830.26215,843.658,1749.7256,0.4860718,130.03508
1581,833.3717,842.6294,1584.2758,0.49145508,214.75432
1582,880.5076,846.41724,1554.9766,0.4904297,2162.2646
1583,856.89496,847.465,1409.3593,0.48848876,1184.6846
1584,838.0646,846.52496,1276.3765,0.47485352,387.56973
1585,840.4852,845.921,1152.0219,0.48320314,413.49155
1586,957.7427,857.1032,2162.187,0.48234865,5560.634
1587,827.31244,854.12415,2025.8424,0.47823486,78.48152
1588,836.9894,852.41064,1849.6821,0.48856202,438.59488
1589,953.6591,862.5355,2587.327,0.4895874,5745.2188
1590,825.80176,858.8621,2450.0374,0.48389894,134.15105
1591,827.155,855.6914,2295.5142,0.48996583,197.84546
1592,832.4614,853.3684,2114.5295,0.48448488,236.51881
1593,828.72406,850.904,1957.7374,0.4862915,246.53868
1594,824.9448,848.3081,1822.6127,0.49467775,82.42745
1595,826.0159,846.07886,1685.076,0.49432373,103.589195
1596,827.0717,844.17816,1549.0829,0.4911499,191.33154
1597,823.183,842.0786,1433.8463,0.49074706,47.448494
1598,835.8976,841.4605,1293.9001,0.49384767,404.4411
1599,826.74146,839.9886,1184.0087,0.4907959,143.63536
1600,880.7202,844.06177,1214.9237,0.49782714,1550.7291
1601,833.87646,843.0432,1102.768,0.48970947,293.0244
1602,844.5836,843.19727,992.7047,0.48909912,561.77356
1603,886.3827,847.5158,1061.2825,0.48406982,2246.851
1604,826.71423,845.43567,994.09766,0.47115478,90.24989
1605,832.2507,844.1172,910.3338,0.4909546,288.99283
1606,828.6604,842.57153,840.8025,0.48859864,274.64465
1607,825.44763,840.85913,783.11273,0.49227294,153.40715
1608,833.2902,840.10223,709.9574,0.4966919,337.47733
1609,827.97363,838.8894,652.2009,0.48831788,277.5703
1610,873.6619,842.36664,695.80237,0.49274904,2365.3894
1611,827.4667,840.87665,646.2029,0.4930542,256.3569
1612,829.7199,839.761,592.7851,0.49588624,329.1552
1613,828.0537,838.5903,545.84204,0.4953125,195.79533
1614,822.1538,836.94666,515.572,0.49611816,100.833786
1615,827.0829,835.96027,472.77124,0.4971802,286.88226
1616,873.4259,839.70685,551.82477,0.49399415,2232.78
1617,827.6228,838.4984,509.78445,0.49385986,136.5416
1618,832.94977,837.94354,461.57687,0.49781495,305.297
1619,887.591,842.90826,637.2575,0.49307862,2187.5947
1620,839.7919,842.5966,574.4058,0.48284912,361.023
1621,933.81506,851.71844,1265.8376,0.48942873,3399.672
1622,826.18304,849.1649,1197.939,0.47938234,83.8614
1623,824.6006,846.7085,1132.4515,0.48673096,147.99667
1624,821.17505,844.15515,1077.8824,0.49206543,52.705948
1625,823.3847,842.0781,1008.9212,0.49995118,89.153625
1626,854.62146,843.33246,922.1893,0.4994873,1313.2953
1627,1042.003,863.1995,4382.271,0.4946533,6745.199
1628,831.34143,860.01373,4035.3882,0.48652345,260.02393
1629,836.5702,857.6694,3681.3132,0.49449465,376.95654
1630,853.8321,857.28564,3314.507,0.48666993,939.10205
1631,986.6825,870.22534,4489.975,0.48405764,6811.4644
1632,829.3116,866.134,4191.632,0.47420654,120.09072
1633,825.0029,862.0209,3924.7273,0.48380128,87.97126
1634,829.1908,858.73785,3629.2578,0.48897704,244.54422
1635,829.3592,855.8,3344.0115,0.4914917,380.90894
1636,835.0646,853.72644,3048.3064,0.49591064,459.22144
1637,829.7782,851.3316,2795.0923,0.49558106,171.20322
1638,922.5125,858.4497,2971.588,0.4899292,2774.4878
1639,900.7657,862.6813,2835.587,0.48576662,3306.2832
1640,856.79126,862.0923,2555.1504,0.4775879,1012.1143
1641,822.2664,858.1097,2442.3843,0.48480225,46.78775
1642,823.3002,854.6287,2307.199,0.4918213,121.01273
1643,820.4459,851.21045,2181.6409,0.49770507,64.14987
1644,821.6528,848.2547,2042.1058,0.5005127,85.9219
1645,819.44165,845.3734,1912.6124,0.49075928,43.419304
1646,829.594,843.7955,1743.7603,0.49770507,185.1176
1647,1029.2761,862.3435,4665.6606,0.4918457,7445.059
1648,837.00055,859.8092,4256.8984,0.4824829,578.29297
1649,824.09436,856.23773,3946.008,0.48601076,56.80944
1650,863.38837,856.9528,3556.0088,0.49123535,1269.4908
1651,856.0569,856.8632,3200.4802,0.4871338,931.9836
1652,1714.3353,942.6104,69053.69,0.4907959,38465.69
1653,834.03723,931.7531,63209.25,0.48078614,356.7542
1654,824.3502,921.0128,57926.508,0.48811036,113.880875
1655,822.5426,911.1658,53006.527,0.4918335,63.32783
1656,846.06256,904.65546,48087.332,0.48979494,546.8071
1657,874.0734,901.5972,43362.773,0.48859864,2379.546
1658,824.85364,893.92285,39556.555,0.4894165,126.92496
1659,822.7092,886.8015,36057.32,0.49671632,107.84077
1660,822.32587,880.35394,32825.727,0.50285643,174.37886
1661,826.5402,874.9726,29803.783,0.49975586,199.57097
1662,899.89954,877.4653,26879.326,0.49188232,3162.0723
1663,822.7884,871.99756,24460.455,0.4836548,60.94072
1664,835.06885,868.3047,22137.145,0.49848634,571.59265
1665,831.5293,864.62714,20045.148,0.49498293,467.28717
1666,834.0686,861.5713,18124.678,0.49360353,554.4837
1667,818.88586,857.30273,16476.193,0.49750978,51.06528
1668,822.54443,853.8269,14937.307,0.5017578,151.50363
1669,827.4584,851.19006,13506.153,0.5014038,262.3462
1670,839.1986,849.9909,12168.4795,0.4996582,913.7519
1671,824.35583,847.42737,11010.775,0.49969482,165.512
1672,821.7874,844.8634,9968.864,0.49864504,128.51982
1673,825.0157,842.87866,9007.432,0.49791262,213.98746
1674,828.07434,841.39825,8126.4136,0.5053589,259.98663
1675,824.26154,839.6846,7340.202,0.5024902,167.60126
1676,973.07056,853.0232,8207.446,0.49676514,6605.3896
1677,1182.9956,886.02045,17186.062,0.4873291,16002.454
1678,849.609,882.3793,15586.778,0.47928467,597.1974
1679,823.06445,876.4478,14344.743,0.47648928,49.03628
1680,826.2622,871.42926,13136.942,0.49179688,215.73798
1681,898.6831,874.15466,11890.098,0.4880371,3248.7603
1682,836.581,870.3973,10828.147,0.48338625,676.8572
1683,838.8898,867.2465,9834.678,0.49417725,657.3167
1684,821.8357,862.70544,9036.802,0.4873169,56.37196
1685,821.0449,858.53937,8289.325,0.49351808,63.5701
1686,822.64,854.94946,7576.381,0.49368897,110.93825
1687,818.9651,851.351,6935.2812,0.48687744,42.64651
1688,852.437,851.4596,6241.8594,0.4989136,1462.4797
1689,829.47406,849.26105,5661.1763,0.4864624,254.83253
1690,829.94183,847.3291,5128.6494,0.4932007,218.8219
1691,866.7014,849.26636,4649.56,0.48947755,1634.5388
1692,821.44946,846.4847,4254.244,0.48341066,73.86527
1693,821.93506,844.0297,3883.0613,0.49571535,119.02933
1694,822.198,841.84656,3537.6511,0.49885255,139.60683
1695,823.15125,839.97705,3215.3423,0.49868163,257.1448
1696,818.4193,837.8213,2935.6343,0.5042969,52.6906
1697,821.33826,836.173,2666.523,0.4994873,152.52097
1698,906.2514,843.1808,2841.8594,0.5019043,3506.3064
1699,823.5961,841.2223,2592.1938,0.4920044,145.83293
1700,849.28394,842.02844,2338.8235,0.4977417,1037.9209
1701,856.4076,843.4664,2123.5496,0.48942873,845.2891
1702,826.54834,841.77454,1936.9545,0.49412844,182.96611
1703,819.3611,839.5332,1788.4717,0.4897583,54.671223
1704,820.54016,837.6339,1642.0907,0.4989868,89.25522
1705,824.62036,836.3326,1493.1234,0.49659425,178.81175
1706,819.2794,834.62726,1369.984,0.4984131,61.61438
1707,829.1602,834.08057,1235.6755,0.50363773,415.90686
1708,824.52527,833.12506,1120.3253,0.49318847,295.38403
1709,821.52576,831.96515,1020.4017,0.49608156,83.69511
1710,822.8535,831.05396,925.83344,0.49365234,133.98802
1711,822.09393,830.15796,840.47546,0.50197756,141.22893
1712,826.5386,829.796,757.6069,0.4967041,200.66336
1713,826.6979,829.4862,682.71,0.49403077,401.10355
1714,818.2348,828.3611,625.83246,0.5013672,58.7839
1715,822.6512,827.7901,566.1835,0.5032959,198.40118
1716,819.5926,826.97034,515.61304,0.49978027,89.99044
1717,1216.6293,865.9362,14129.119,0.49838868,17769.457
1718,823.3793,861.68054,12879.205,0.49152833,130.6988
1719,821.6754,857.68005,11735.321,0.50056154,99.26509
1720,822.063,854.11835,10675.961,0.49583742,155.9968
1721,815.8902,850.29553,9739.89,0.4982666,34.085125
1722,822.74475,847.54047,8834.214,0.5047119,187.26118
1723,821.53906,844.9403,8011.639,0.4997925,103.811386
1724,832.0752,843.6538,7225.371,0.50355226,626.6576
1725,827.80444,842.06885,6525.442,0.5006958,433.85712
1726,861.638,844.02576,5907.3633,0.49796143,1718.3109
1727,834.54614,843.0778,5324.7144,0.4919922,355.30984
1728,821.6924,840.9393,4833.4033,0.4967041,113.78432
1729,826.56067,839.5014,4368.67,0.4992554,352.4353
1730,825.1724,838.0685,3950.2815,0.49562988,237.48775
1731,818.4577,836.1074,3589.8657,0.49715576,41.628025
1732,823.8348,834.8801,3244.4346,0.5015747,249.98279
1733,838.85925,835.278,2921.416,0.49814454,565.4319
1734,821.39526,833.8898,2646.62,0.49429932,117.633545
1735,819.199,832.4207,2401.3818,0.49782714,55.42821
1736,830.9584,832.2745,2161.436,0.489917,498.90424
1737,824.7975,831.5268,1950.3239,0.49812013,173.54968
1738,829.2679,831.3009,1755.7506,0.49587402,349.41064
1739,816.71173,829.842,1599.3315,0.4959961,38.663845
1740,832.9569,830.15344,1440.2716,0.50093997,566.91376
1741,836.90784,830.82886,1300.3503,0.49542236,524.564
1742,858.95276,833.64124,1241.5011,0.49519044,1185.2756
1743,822.8324,832.56036,1127.8657,0.48031005,74.07982
1744,1169.8955,866.2939,11256.63,0.49215087,15059.008
1745,828.7355,862.538,10257.924,0.48062745,274.64282
1746,835.98883,859.8831,9295.569,0.4885498,493.87985
1747,822.617,856.1565,8491.001,0.48438722,128.4656
1748,829.4921,853.49005,7705.8896,0.4940918,293.04578
1749,819.54663,850.0957,7038.9946,0.49243164,73.03431
1750,835.92694,848.67883,6353.1626,0.49954835,569.39264
1751,823.1378,846.12476,5776.557,0.49168703,98.8803
1752,819.7079,843.4831,5261.708,0.49484864,80.16918
1753,823.7624,841.51105,4770.5386,0.5011719,178.55083
1754,827.9884,840.1588,4309.942,0.5057861,445.31342
1755,833.41174,839.48413,3883.0447,0.497229,631.30023
1756,908.9502,846.4307,3929.0383,0.50093997,3502.623
1757,831.2846,844.91614,3556.7808,0.4914673,435.3532
1758,824.9786,842.92236,3236.8782,0.49897462,241.93622
1759,829.7328,841.6034,2928.8472,0.49000245,365.50714
1760,870.2813,844.4712,2709.9805,0.48608398,2109.1711
1761,818.61554,841.8856,2499.1487,0.49367675,61.22271
1762,839.3555,841.6326,2249.8098,0.49991456,862.8608
1763,823.26825,839.7962,2055.1814,0.49504396,224.25713
1764,817.75336,837.5919,1893.393,0.4959961,66.68757
1765,894.5054,843.28326,1995.5764,0.4982666,3357.6548
1766,4151.6865,1174.1235,986893.94,0.48706055,150520.31
1767,820.4686,1138.758,899461.0,0.47937012,37.441948
1768,817.0613,1106.5884,818828.9,0.49735108,33.586296
1769,826.73047,1078.6025,743994.8,0.498938,346.73883
1770,831.31104,1053.8734,675099.1,0.49639893,376.9686
1771,818.09204,1030.2953,612592.56,0.49398193,51.95555
1772,835.8466,1010.8504,554736.2,0.5020752,817.86597
1773,822.4638,992.0117,502456.6,0.49752197,190.98169
1774,843.7829,977.18884,454188.4,0.49692383,754.5016
1775,821.25995,961.59595,410957.78,0.49521485,113.588524
1776,835.54755,948.9911,371291.94,0.49851075,440.78513
1777,840.90735,938.18274,335214.12,0.49399415,762.6539
1778,820.892,926.4537,302930.84,0.49954835,114.09932
1779,821.47314,915.9556,273629.62,0.5036743,169.70326
1780,814.6263,905.8227,247190.73,0.4973755,40.804356
1781,816.15845,896.85626,223195.23,0.5099365,62.736256
1782,839.5117,891.1218,201171.67,0.50355226,867.6952
1783,948.0616,896.8158,181346.3,0.49995118,5651.335
1784,827.686,889.90283,163641.77,0.49508056,454.82983
1785,1017.52423,902.665,148743.44,0.49571535,8841.458
1786,822.57117,894.6556,134446.44,0.4888794,214.26541
1787,819.88824,887.17883,121504.91,0.50318605,90.26258
1788,815.96875,880.0578,109810.79,0.50314945,42.71478
1789,820.75885,874.1279,99146.18,0.5023071,95.6297
1790,818.1626,868.5314,89513.445,0.49866945,52.233856
1791,821.8946,863.8677,80757.85,0.50427246,203.71596
1792,818.276,859.30853,72869.14,0.5024292,98.72037
1793,818.5621,855.2339,65731.66,0.50313723,102.25285
1794,821.58344,851.86884,59260.4,0.50350344,168.5114
1795,828.2068,849.5026,53384.746,0.49760744,391.24063
1796,836.3866,848.19104,48061.754,0.49827883,850.0296
1797,861.5231,849.52423,43271.574,0.4951172,1364.0627
1798,862.04517,850.7763,38958.523,0.48648682,1819.1753
1799,844.2741,850.1261,35066.473,0.4871338,857.0609
1800,818.1676,846.93024,31651.744,0.49337158,66.1363
1801,840.2881,846.266,28490.54,0.5023804,871.927
1802,823.5211,843.9915,25688.043,0.49345705,192.65753
1803,3971.6245,1156.7549,903507.25,0.4968384,142711.39
1804,816.8301,1122.7625,823555.9,0.4906128,39.47847
1805,819.0452,1092.3907,749502.25,0.50437015,130.69629
1806,816.8324,1064.835,681385.94,0.5032471,56.650105
1807,843.8843,1042.7399,617641.06,0.50229496,913.81055
1808,825.15735,1020.9816,560137.7,0.4970215,184.22682
1809,843.055,1003.18896,506973.12,0.49890137,1088.8438
1810,825.9254,985.4626,459103.8,0.49591064,263.95755
1811,939.7353,980.88983,413381.6,0.49851075,5608.8247
1812,815.56665,964.35754,374503.28,0.4975464,70.298035
1813,825.0325,950.42505,338800.0,0.50905764,285.8004
1814,871.65,942.54755,305478.5,0.49871826,1829.7955
1815,825.64795,930.8576,276160.56,0.49782714,240.78781
1816,818.6747,919.6393,249677.16,0.5000977,76.515915
1817,818.2389,909.49927,225634.81,0.4973877,67.75008
1818,830.85486,901.6348,203627.97,0.49976808,392.47952
1819,940.369,905.50824,183400.19,0.495459,5596.2734
1820,915.0613,906.46356,165068.38,0.4881714,2780.1804
1821,823.5271,898.1699,149180.6,0.48404542,223.79663
1822,1125.4344,920.89636,138910.95,0.500415,13933.105
1823,823.23676,911.1304,125878.22,0.48859864,267.41113
1824,815.3981,901.5571,114115.22,0.4967041,34.484287
1825,815.00604,892.90204,103377.89,0.49908447,34.378185
1826,817.5742,885.36926,93550.79,0.49724123,84.54562
1827,828.5333,879.68567,84486.44,0.50096434,477.82355
1828,846.25604,876.3427,76138.375,0.49949953,1422.0026
1829,821.2835,870.8368,68797.37,0.4949707,239.58841
1830,863.281,870.08124,61922.77,0.50737303,1526.1016
1831,815.7682,864.6499,55995.984,0.4942749,45.48156
1832,833.89655,861.5746,50481.504,0.50159913,560.2057
1833,822.36096,857.6532,45571.746,0.49952394,201.80223
1834,824.94934,854.3828,41110.83,0.5010132,369.31198
1835,817.6076,850.7053,37121.46,0.49956056,97.77754
1836,819.32434,847.5672,33497.94,0.5080078,154.7487
1837,822.30804,845.04126,30205.566,0.49764404,241.47559
1838,822.23096,842.76025,27231.838,0.5052124,346.27527
1839,898.3987,848.3241,24787.262,0.5029541,3539.9573
1840,818.9348,845.3852,22386.271,0.4928589,91.4684
1841,816.0195,842.4486,20225.254,0.49886474,63.910984
1842,815.74646,839.7784,18266.898,0.50684816,109.90809
1843,815.2191,837.32245,16494.492,0.50743407,65.42929
1844,837.99194,837.3894,14845.083,0.5022339,961.7206
1845,824.4906,836.09955,13375.548,0.49970704,262.28094
1846,826.1737,835.10693,12046.86,0.4980347,538.4117
1847,831.1727,834.7135,10843.567,0.49731445,538.41876
1848,817.89844,833.032,9784.657,0.49692383,123.15708
1849,820.98254,831.827,8819.258,0.50617677,193.00371
1850,824.4631,831.09064,7942.2124,0.50964355,229.2018
1851,830.54,831.0356,7148.018,0.5026245,408.1211
1852,849.38904,832.8709,6463.5327,0.50354004,1010.92523
1853,817.50385,831.3342,5838.4326,0.4953247,74.932655
1854,818.8253,830.0833,5268.672,0.50264895,141.29436
1855,817.421,828.8171,4756.2344,0.5001465,89.316444
1856,910.7254,837.00793,4884.4185,0.5004517,4197.3013
1857,927.01843,846.009,5125.1465,0.48856202,3580.3616
1858,825.40924,843.949,4650.823,0.48696288,353.6188
1859,814.303,840.9844,4264.841,0.5046997,34.27764
1860,814.57654,838.34357,3901.12,0.50661623,69.02686
1861,815.3848,836.04767,3558.4475,0.5147583,77.57494
1862,3456.9822,1098.1411,621439.44,0.50377196,119025.44
1863,815.2256,1069.8496,566499.2,0.49544677,55.214878
1864,824.4281,1045.3075,515270.12,0.5067261,294.58038
1865,873.99,1028.1758,466384.56,0.4963501,2431.8364
1866,818.1003,1007.1682,423717.97,0.48654786,85.584
1867,822.91956,988.74335,384401.44,0.5010498,309.82312
1868,818.50354,971.71936,348569.62,0.5005493,131.35947
1869,823.07635,956.85504,315701.2,0.501416,236.41663
1870,815.68274,942.7378,285924.72,0.5022583,57.885017
1871,830.74963,931.539,258460.95,0.50891113,687.9695
1872,845.61365,922.9465,233279.33,0.4993042,1056.6014
1873,827.08484,913.3603,210778.45,0.49016115,576.95184
1874,814.4047,903.4647,190581.9,0.50174564,56.699375
1875,813.0074,894.419,172260.14,0.5103516,35.918114
1876,812.86786,886.2639,155632.67,0.50959474,32.388607
1877,813.54297,878.9918,140545.34,0.5042114,58.885197
1878,821.3315,873.22577,126790.03,0.50666505,345.8035
1879,816.598,867.563,114399.63,0.508313,96.90872
1880,815.47156,862.3538,103203.88,0.50247806,80.368256
1881,822.9191,858.41034,93023.445,0.50097656,257.434
1882,825.4631,855.1156,83818.8,0.49741212,273.4876
1883,813.18225,850.92224,75595.17,0.5008423,35.76635
1884,817.1134,847.5414,68138.52,0.5084351,108.48119
1885,818.89606,844.6769,61398.52,0.5081177,130.8904
1886,853.2119,845.5304,55265.223,0.49645996,1659.0747
1887,814.1286,842.3902,49827.445,0.50441897,50.977383
1888,829.87476,841.1387,44858.797,0.5088501,807.54755
1889,812.0194,838.22675,40449.23,0.5110596,35.052696
1890,814.8942,835.8935,36453.305,0.51379395,74.32496
1891,824.10876,834.715,32820.473,0.5063599,534.6081
1892,818.70624,833.11414,29561.49,0.5074707,217.37242
1893,812.79205,831.0819,26642.51,0.5031006,41.743023
1894,816.4518,829.6189,23997.521,0.51484376,161.28542
1895,849.7499,831.632,21634.242,0.50837404,1586.6028
1896,820.24255,830.49304,19482.492,0.50512695,221.14923
1897,817.90247,829.234,17548.51,0.50163573,130.00063
1898,819.66223,828.27686,15801.904,0.50661623,159.98537
1899,815.57983,827.00714,14236.223,0.5026123,64.4916
1900,890.9197,833.3984,13180.233,0.50494385,3232.9087
1901,822.28827,832.28735,11873.319,0.49741212,207.5891
1902,815.04535,830.5632,10712.743,0.50389403,54.783493
1903,915.19037,839.0259,10286.027,0.49874267,3288.6511
1904,824.4535,837.56866,9276.536,0.49487305,351.4609
1905,820.845,835.8963,8374.054,0.50078124,260.93063
1906,849.87946,837.2946,7554.2456,0.50213623,1058.64
1907,818.4453,835.40967,6830.798,0.49874267,148.29256
1908,834.9796,835.36664,6147.7344,0.5030274,655.7495
1909,828.605,834.6905,5537.075,0.49001464,562.81964
1910,817.43713,832.96515,5010.1587,0.4970459,145.13173
1911,813.62897,831.03156,4542.7925,0.50770265,92.59125
1912,941.17914,842.0463,5180.437,0.51655275,5846.8027
1913,811.701,839.0118,4745.2686,0.5056397,39.378075
1914,827.6289,837.8735,4282.403,0.51556396,525.2078
1915,844.01984,838.4881,3857.5625,0.50960696,948.0994
1916,819.53156,836.59247,3504.1477,0.4994629,252.813
1917,820.89325,835.0225,3175.9148,0.50548095,221.47864
1918,818.8558,833.4058,2881.846,0.5082275,178.17703
1919,815.0188,831.56714,2624.0889,0.50810546,104.97852
1920,824.03424,830.81384,2366.787,0.5089356,334.91718
1921,853.3303,833.0655,2175.7375,0.502124,1378.8844
1922,817.172,831.47614,1980.898,0.49815676,168.19449
1923,815.45337,829.87384,1805.9137,0.501709,114.14823
1924,812.7723,828.1637,1651.644,0.5068604,38.52892
1925,815.60376,826.9077,1500.6772,0.50725096,217.54668
1926,814.483,825.6652,1364.5032,0.50963134,120.85681
1927,833.0554,826.40424,1232.9683,0.5081421,662.4938
1928,862.15466,829.97925,1224.6998,0.50964355,1276.5592
1929,820.38855,829.0202,1110.5082,0.5053345,234.57652
1930,817.97046,827.9152,1010.4461,0.5042969,177.47906
1931,818.572,826.9809,917.25806,0.50595707,220.49193
1932,869.8456,831.26733,990.89655,0.5067505,2235.9436
1933,819.83,830.1236,903.57996,0.5055054,267.79214
1934,862.81775,833.393,909.4236,0.5080811,1666.572
1935,821.2987,832.1836,831.6457,0.50002444,322.1733
1936,816.9089,830.6561,769.4797,0.50389403,111.909164
1937,945.4452,842.135,1878.4193,0.50509036,5703.419
1938,819.9646,839.91797,1734.8148,0.49793702,221.5444
1939,887.2918,844.65533,1763.3186,0.49445802,3305.6917
1940,834.4431,843.6341,1596.3728,0.4942749,955.77704
1941,830.00006,842.2707,1453.4653,0.50075686,772.63763
1942,818.01135,839.8447,1361.0852,0.50355226,209.31674
1943,813.44293,837.2045,1287.7115,0.50517577,59.0089
1944,819.651,835.44916,1186.6718,0.50457764,312.76584
1945,832.2267,835.1269,1068.9392,0.5130249,898.4383
1946,818.8274,833.49695,985.95593,0.50815433,167.86707
1947,817.3142,831.87866,910.9296,0.5078003,126.80139
1948,818.7355,830.56433,835.38354,0.5106934,225.03648
1949,831.7682,830.6847,751.9756,0.50878906,533.2042
1950,815.9837,829.2146,696.2287,0.498584,142.0214
1951,835.5579,829.84894,630.22723,0.5005005,869.48785
1952,842.2655,831.0906,581.0799,0.501001,909.9738
1953,819.0543,829.88696,536.0103,0.49931642,290.53415
1954,816.6293,828.5612,498.22827,0.50823975,153.08263
1955,824.309,828.136,450.0327,0.50025636,492.111
1956,813.7406,826.6965,423.67987,0.50462645,51.969032
1957,828.48804,826.8756,381.60077,0.5124268,754.46643
1958,815.8076,825.7688,354.46573,0.5053223,138.528
1959,816.7523,824.8671,326.33588,0.5085083,118.13998
1960,811.67395,823.5478,309.36768,0.5041138,38.10589
1961,854.3606,826.6291,363.87952,0.504834,1756.7587
1962,816.4582,825.612,336.80182,0.5034546,130.08745
1963,813.04675,824.35547,317.33133,0.5084595,73.30168
1964,863.1284,828.2328,420.89893,0.50684816,2283.8406
1965,973.0001,842.70953,2264.9912,0.49959716,6871.692
1966,814.83875,839.9225,2108.402,0.49215087,59.1574
1967,814.8977,837.42,1953.9235,0.50177,109.390785
1968,813.4895,835.0269,1810.0713,0.50350344,55.514942
1969,812.76685,832.8009,1673.66,0.5123169,65.11843
1970,814.3358,830.9544,1536.9803,0.50859374,101.48055
1971,812.39087,829.098,1414.2966,0.5046753,56.52544
1972,812.9133,827.47955,1296.4419,0.51188964,64.55063
1973,814.30743,826.16235,1182.4131,0.5085449,135.93652
1974,813.76984,824.9231,1077.9934,0.5097046,78.587265
1975,1001.1851,842.5493,3766.3413,0.5084839,8527.824
1976,817.45123,840.0395,3446.3994,0.49973145,122.11047
1977,837.24414,839.75995,3102.4626,0.50662845,1034.8212
1978,844.3931,840.22327,2794.1484,0.50281984,1385.8438
1979,813.7947,837.5804,2577.5957,0.4955078,73.58042
1980,810.6468,834.887,2385.1235,0.50914305,38.75965
1981,813.7829,832.7766,2186.6956,0.5089478,84.01178
1982,810.8339,830.58234,2011.3594,0.5105713,34.708157
1983,813.7403,828.89813,1835.7523,0.5041992,93.462776
1984,817.1394,827.7223,1664.6211,0.5058838,266.81094
1985,814.9109,826.44116,1512.9308,0.5079712,86.46429
1986,812.3285,825.0299,1379.5627,0.50751954,62.376057
1987,811.42163,823.66907,1258.2732,0.51041263,100.65977
1988,813.4484,822.647,1141.8474,0.5190674,83.150024
1989,811.79297,821.5616,1038.2654,0.50455326,49.944397
1990,814.38306,820.84375,939.0766,0.5157715,109.46849
1991,819.91125,820.7505,845.2472,0.5065918,323.5755
1992,826.26697,821.3021,763.4613,0.50626224,620.5358
1993,814.2971,820.6016,691.53143,0.5118042,172.40994
1994,816.4855,820.19,623.90314,0.5074219,231.22523
1995,818.3986,820.01086,561.80164,0.5087158,256.79056
1996,847.7529,822.7851,574.88745,0.50910646,1622.1631
1997,861.556,826.6622,652.68536,0.49715576,1353.5548
1998,823.8751,826.3835,588.1159,0.50266117,445.92673
1999,843.9772,828.1428,557.1627,0.50589603,1442.5457
2000,814.3629,826.76483,518.53613,0.49931642,61.03462
2001,811.0708,825.19543,488.84973,0.5067871,35.28306
2002,810.6378,823.7397,459.03793,0.5116211,36.173664
2003,812.21045,822.5868,425.09723,0.50942385,93.69393
2004,809.3065,821.2588,398.46042,0.51484376,31.800926
2005,810.9756,820.23047,368.13135,0.51392823,69.28974
2006,813.4789,819.5553,335.42075,0.5107544,104.39509
2007,817.2173,819.3215,302.37064,0.5128662,133.37991
2008,821.9658,819.58594,272.76288,0.50181884,331.58395
2009,811.4018,818.7675,251.51482,0.5017212,51.49515
2010,824.5288,819.3436,229.35065,0.51610106,545.14246
2011,813.949,818.80414,209.03479,0.5029907,90.309494
2012,812.2042,818.14417,192.0516,0.49884033,69.64702
2013,811.8964,817.5194,176.35953,0.5058594,58.971943
2014,811.15295,816.88275,162.37143,0.50755614,59.749714
2015,816.113,816.8058,146.1876,0.51051027,256.7741
2016,826.36633,817.76184,139.79521,0.51029056,464.99326
2017,815.9828,817.5839,126.10053,0.5089356,195.79218
2018,817.55,817.5805,113.49058,0.5050049,258.2182
2019,812.09247,817.0317,104.85219,0.51018065,65.16118
2020,818.7132,817.1998,94.621445,0.5077637,236.60117
2021,963.73444,831.8533,2017.6743,0.5081787,6412.8037
2022,835.1687,832.1848,1816.8961,0.5010376,716.92334
2023,816.3396,830.6003,1657.8029,0.4942749,99.725266
2024,812.4999,828.7902,1521.5088,0.50435793,43.38359
2025,812.6436,827.17554,1392.822,0.50852054,88.74781
2026,816.58234,826.1162,1263.6392,0.51392823,152.19206
2027,817.58514,825.2631,1143.8253,0.5071045,262.25964
2028,811.6477,823.9016,1046.127,0.51185304,53.4151
2029,814.5008,822.96155,949.468,0.5081299,152.7006
2030,1198.6471,860.5301,13557.087,0.5071289,15976.999
2031,814.26196,855.90326,12394.045,0.49744874,194.19641
2032,810.9921,851.4122,11336.171,0.5088989,35.526917
2033,810.7194,847.3429,10351.584,0.50717777,39.588882
2034,822.1003,844.8186,9373.772,0.5044312,353.14502
2035,813.0972,841.6465,8526.957,0.5057861,79.47955
2036,812.87396,838.7692,7748.7686,0.5032959,45.889416
2037,810.5281,835.9451,7045.6724,0.5073975,34.36894
2038,811.4348,833.4941,6395.173,0.5098389,45.98468
2039,838.2323,833.9679,5757.676,0.5105591,1227.4169
2040,816.8475,832.25586,5208.288,0.50372314,218.7854
2041,828.50977,831.8812,4688.722,0.5147095,421.36658
2042,837.0575,832.39886,4222.261,0.49871826,1067.1204
2043,811.016,830.26056,3841.1853,0.50888675,40.33213
2044,980.5001,845.28455,5488.54,0.51135254,7635.564
2045,824.18805,843.1749,4979.7417,0.50391847,402.88428
2046,812.40906,840.0983,4566.956,0.5014038,53.36717
2047,811.603,837.2488,4183.339,0.5119873,61.045574
2048,822.746,835.7985,3783.9348,0.5125244,513.9408
2049,810.08636,833.2273,3465.0417,0.5077271,43.49755
2050,813.8408,831.28864,3152.3625,0.5119263,159.64293
2051,811.15894,829.27563,2873.5947,0.5123413,57.167686
2052,829.9243,829.3405,2586.273,0.5114624,702.7945
2053,815.35175,827.94165,2345.2573,0.5063721,226.16867
2054,816.8222,826.8297,2121.8594,0.5050293,254.01118
2055,810.9316,825.23987,1932.421,0.50751954,94.122894
2056,811.44006,823.85986,1756.318,0.5190796,75.8488
2057,813.7074,822.8446,1589.9626,0.5112793,135.15964
2058,812.15186,821.7753,1441.2565,0.50598145,129.44171
2059,816.7692,821.2747,1299.3862,0.51188964,301.55832
2060,811.0227,820.2495,1178.9069,0.5115234,69.62103
2061,811.20355,819.3449,1068.3809,0.5173828,75.48564
2062,817.12634,819.12305,961.9857,0.52121586,200.16948
2063,825.90796,819.8015,869.9303,0.50991213,467.1451
2064,812.9004,819.1114,787.2236,0.506543,93.591156
2065,814.5601,818.65625,710.3655,0.5068726,181.63066
2066,811.40454,817.9311,644.06177,0.50942385,80.118126
2067,934.1754,829.55554,1795.8024,0.51257324,4846.6777
2068,810.9452,827.6945,1647.3932,0.50959474,93.1282
2069,810.9176,826.01685,1507.9857,0.5153198,67.86991
2070,811.8252,824.59766,1375.3134,0.51552737,152.48213
2071,808.8445,823.02234,1260.1167,0.51307374,39.613388
2072,857.5702,826.4771,1241.5248,0.51376957,1952.7719
2073,810.04596,824.834,1141.6708,0.5075928,44.3246
2074,813.0941,823.66,1039.9078,0.50946045,166.67197
2075,825.0637,823.80035,936.09436,0.5088257,644.99457
2076,811.1504,822.53534,856.88684,0.50507814,59.222923
2077,853.5371,825.6355,857.698,0.504126,1125.6796
2078,838.8216,826.9541,787.5768,0.49993896,1136.6254
2079,819.0477,826.16345,714.44507,0.50648195,267.42462
2080,813.12305,824.85944,658.30524,0.5147705,124.86493
2081,824.6989,824.8434,592.477,0.51379395,557.48114
2082,823.1176,824.6708,533.4973,0.51031494,386.27667
2083,828.4374,825.0474,481.4244,0.50611573,559.76355
2084,817.7535,824.31805,438.0701,0.503833,278.22913
2085,953.8307,837.2693,1903.8801,0.50181884,6536.809
2086,815.9746,835.13983,1754.3037,0.49995118,169.17078
2087,809.674,832.59326,1637.239,0.5077271,46.082466
2088,807.62335,830.09625,1529.6298,0.5128662,25.511292
2089,808.66174,827.9528,1418.0162,0.51365966,34.919594
2090,810.4565,826.2032,1303.7655,0.5178711,85.93685
2091,811.2761,824.71045,1193.4425,0.51514894,74.85614
2092,813.4739,823.5868,1085.4617,0.50905764,117.53573
2093,834.34436,824.66254,987.33075,0.50721437,637.3866
2094,833.212,825.51746,895.17596,0.4982422,648.3742
2095,816.52124,824.61786,812.9422,0.50455326,210.80325
2096,811.16394,823.27246,747.93866,0.5044922,59.274593
2097,810.3424,821.97943,688.1915,0.50753176,52.720108
2098,815.7569,821.3572,622.8572,0.5124146,141.63033
2099,813.69885,820.5914,565.8499,0.5108765,95.034164
2100,811.5049,819.68274,516.6957,0.50250244,50.60649
2101,812.0717,818.92163,470.2396,0.506897,70.554985
2102,810.8405,818.1135,429.09305,0.5015259,62.76185
2103,809.5166,817.25385,392.8354,0.5103027,42.834354
2104,811.6466,816.6931,356.38153,0.5065552,59.653202
2105,809.8413,816.00793,324.96863,0.5006958,44.281185
2106,893.93066,823.80023,838.9474,0.5145874,3729.617
2107,822.32324,823.6525,755.24896,0.5040161,448.5418
2108,811.5215,822.43945,692.9687,0.50729984,55.429504
2109,810.71094,821.2666,636.052,0.5053345,69.81041
2110,811.9255,820.3325,580.29987,0.5058594,126.81251
2111,813.08484,819.6077,526.99744,0.50495607,131.45898
2112,809.8154,818.6285,482.9277,0.5124878,34.6378
2113,811.0242,817.86804,439.83923,0.51166993,68.22204
2114,816.1824,817.69946,396.11102,0.51235354,162.60986
2115,875.8876,823.51825,661.227,0.5031616,2108.25
2116,969.4012,838.10657,2510.469,0.49589846,4974.431
2117,813.6748,835.6634,2313.144,0.48171386,91.34113
2118,815.1315,833.6102,2119.77,0.5039917,209.37721
2119,821.6094,832.41016,1920.7549,0.50766605,539.17664
2120,814.2535,830.5945,1758.3492,0.51082766,252.36134
2121,820.1488,829.5499,1592.3344,0.5063721,325.01254
2122,811.5718,827.75214,1462.1902,0.50805664,115.39606
2123,811.6283,826.1398,1339.3691,0.5109253,70.61256
2124,812.1131,824.7371,1223.1395,0.5058228,97.8725
2125,815.9416,823.85754,1107.788,0.5093872,311.2477
2126,807.9852,822.2703,1019.68286,0.51014405,29.590963
2127,810.92676,821.136,929.2955,0.5153931,90.67838
2128,807.45416,819.7678,853.2132,0.5117554,37.230373
2129,810.75476,818.8665,775.20306,0.517041,106.687645
2130,812.44525,818.22437,701.3937,0.516272,109.75588
2131,833.3231,819.73425,651.7718,0.51591796,1061.5846
2132,811.90405,818.95123,592.1127,0.5084839,69.65455
2133,822.0635,819.26245,533.77313,0.51308596,492.89316
2134,817.549,819.0911,480.66003,0.5005005,169.79118
2135,830.7611,820.2581,444.85098,0.5062744,832.15436
2136,8263.203,1564.5526,4.986169e+06,0.502124,337043.6
2137,823.9345,1490.4908,4.5369185e+06,0.49886474,444.139
2138,827.48444,1424.1902,4.1227882e+06,0.5092163,761.89044
2139,809.3004,1362.7012,3.7445375e+06,0.5083008,53.480804
2140,810.0703,1307.4381,3.3975698e+06,0.51153564,78.90881
2141,1240.0088,1300.6952,3.058222e+06,0.5070923,19522.15
2142,809.56116,1251.5818,2.7741088e+06,0.50146484,33.545143
2143,809.6802,1207.3916,2.5142728e+06,0.5114258,56.97911
2144,809.1327,1167.5657,2.2771202e+06,0.51501465,46.718544
2145,809.5149,1131.7606,2.0609461e+06,0.5133179,38.368416
2146,856.82556,1104.2671,1.8616545e+06,0.5145752,1634.8322
2147,808.2599,1074.6664,1.6833748e+06,0.5075073,33.3599
2148,812.3402,1048.4337,1.5212306e+06,0.51181644,89.59446
2149,828.86884,1026.4772,1.3734464e+06,0.5133667,735.1861
2150,816.61945,1005.4914,1.2400652e+06,0.5037842,361.3913
2151,808.76086,985.81836,1.1195419e+06,0.514209,46.34909
2152,856.95337,972.9319,1.00908225e+06,0.5112427,2236.994
2153,809.65717,956.60443,910573.3,0.5105347,84.63116
2154,807.875,941.7315,821506.8,0.5202271,46.188225
2155,810.3602,928.59436,740909.3,0.51484376,58.946514
2156,844.87415,920.22235,667449.2,0.51096195,885.4789
2157,811.0472,909.3048,601777.0,0.50540775,123.743576
2158,812.9732,899.67163,542434.5,0.51221925,167.00385
2159,820.86255,891.7907,488750.0,0.50946045,466.92053
2160,816.0663,884.21826,440391.06,0.5067627,279.87598
2161,812.24084,877.0205,396818.2,0.50684816,93.122696
2162,819.76715,871.29517,357431.38,0.5064087,323.88342
2163,810.4188,865.2075,322021.75,0.5089356,51.245342
2164,807.4396,859.4307,290119.9,0.5065796,31.762697
2165,808.30457,854.3181,261343.14,0.51848143,54.967075
2166,813.8631,850.2726,235356.11,0.5176636,188.61247
2167,809.6302,846.2084,211969.16,0.510376,66.17016
2168,1432.7123,904.85876,221731.05,0.5176514,27901.299
2169,812.2874,895.6016,200329.19,0.51000977,122.00489
2170,814.3771,887.4792,180890.03,0.5165405,242.44095
2171,835.1424,882.2455,163047.55,0.51358646,1113.5071
2172,826.151,876.63605,147025.98,0.5068604,786.8694
2173,861.82806,875.1553,132343.11,0.50738525,2414.2458
2174,814.87933,869.1277,119435.77,0.5065064,223.17584
2175,808.57697,863.07263,107822.17,0.51307374,51.248116
2176,816.2163,858.387,97237.555,0.5120606,195.32536
2177,809.0625,853.4546,87732.76,0.50526124,42.109035
2178,812.2653,849.3357,79112.17,0.511438,144.19304
2179,809.7283,845.37494,71342.14,0.511023,66.5871
2180,822.90234,843.1277,64253.375,0.51166993,667.9332
2181,930.3368,851.8486,58512.523,0.50557864,5450.7314
2182,812.2363,847.8873,52802.492,0.4975342,72.48019
2183,1076.3787,870.73645,52220.99,0.5057129,11989.254
2184,812.14636,864.87744,47307.84,0.50291747,82.84907
2185,844.918,862.8815,42612.906,0.5030762,1422.1589
2186,808.93854,857.4872,38613.5,0.5046509,28.834093
2187,808.8785,852.62634,34964.8,0.5099854,79.15223
2188,814.08105,848.7718,31602.037,0.51672363,299.97345
2189,809.4813,844.8428,28580.77,0.5112915,97.53865
2190,845.4507,844.90356,25722.725,0.515979,1707.4226
2191,807.83655,841.19684,23274.107,0.50373536,38.634872
2192,809.49066,838.02625,21037.17,0.5153198,70.12676
2193,820.9282,836.31647,18959.764,0.5173096,459.82492
2194,809.06854,833.5917,17130.607,0.5039795,44.725536
2195,855.27783,835.7603,15459.873,0.51461184,2209.4358
2196,808.11646,832.9959,13982.661,0.50859374,43.681786
2197,809.7572,830.67206,12632.998,0.5178955,91.03383
2198,810.61096,828.66595,11405.919,0.5182983,89.70407
2199,812.1563,827.015,10289.858,0.51118165,158.09827
2200,806.6206,824.9756,9298.306,0.5153076,28.447218
2201,809.7075,823.4488,8389.455,0.5152832,82.29824
2202,812.5029,822.3542,7561.2925,0.5129517,165.45929
2203,812.0556,821.32434,6814.7085,0.50841063,182.7752
2204,809.86633,820.1785,6145.053,0.5110718,66.61998
2205,807.60876,818.9216,5544.7676,0.5098511,51.33514
2206,828.53345,819.88275,4998.6055,0.51988524,575.1522
2207,812.2739,819.1219,4503.9556,0.51029056,145.8862
2208,809.1061,818.1203,4062.5884,0.5194092,112.75538
2209,857.97205,822.10547,3799.2637,0.52161866,1986.1196
2210,815.61255,821.4562,3423.1313,0.5089356,176.49039
2211,819.6913,821.27966,3081.0984,0.5078125,435.60056
2212,1666.1705,905.76874,67018.65,0.508728,37732.688
2213,930.16614,908.2085,60370.35,0.4998291,3992.7444
2214,809.9574,898.38336,55202.11,0.5020752,44.22441
2215,812.7023,889.81525,50342.61,0.5092041,180.07956
2216,863.8684,887.2206,45368.938,0.5101685,2571.0505
2217,811.478,879.6463,41348.367,0.510376,159.96378
2218,810.19507,872.7012,37647.64,0.5114136,102.52318
2219,1593.2876,944.7598,80614.914,0.5076904,35445.426
2220,814.0332,931.68713,74091.47,0.5049683,163.6577
2221,944.51874,932.9703,66697.14,0.5096558,5894.949
2222,840.16956,923.6902,60802.5,0.5037476,1313.2084
2223,816.89636,913.0108,55748.69,0.5055542,264.39923
2224,808.29443,902.5392,51160.715,0.5049805,27.7392
2225,808.18854,893.1041,46845.824,0.50323486,42.61815
2226,808.14886,884.6086,42810.805,0.51312256,36.1923
2227,809.40173,877.0879,39038.77,0.51158446,57.78127
2228,813.8054,870.75964,35495.312,0.51622313,180.17816
2229,807.1687,864.4006,32309.72,0.5079834,42.808323
2230,806.49054,858.60956,29380.57,0.5159302,33.740475
2231,812.1604,853.96466,26636.69,0.52282715,182.77136
2232,814.5051,850.0187,24113.154,0.51488036,207.95627
2233,873.43115,852.3599,21751.172,0.51555175,1845.9911
2234,823.88806,849.51276,19649.012,0.50435793,485.60547
2235,809.9825,845.55975,17824.748,0.51239014,55.03477
2236,808.6182,841.8656,16165.093,0.5081665,46.95296
2237,817.49854,839.4289,14602.0205,0.5118042,447.6267
2238,816.9578,837.18176,13187.264,0.50999755,270.82385
2239,832.45386,836.709,11870.549,0.51081544,776.4649
2240,854.46265,838.4844,10711.861,0.5040283,1686.4452
2241,815.26666,836.1626,9689.19,0.50251466,177.81555
2242,814.11523,833.9579,8764.019,0.507959,209.27013
2243,808.1022,831.3723,7947.7827,0.51063234,38.915634
2244,807.2516,828.96027,7205.367,0.51185304,35.143604
2245,809.7585,827.0401,6518.0137,0.51394045,167.9394
2246,812.08154,825.54425,5886.3506,0.5204224,146.03639
2247,850.0272,827.99255,5351.6626,0.50941163,1877.0134
2248,814.84814,826.6781,4832.046,0.5036499,233.90901
2249,809.94775,825.00507,4374.032,0.50579834,115.25808
2250,814.9304,823.9976,3945.764,0.5111084,275.92596
2251,810.76733,822.67456,3566.9412,0.50974125,77.212975
2252,807.41626,821.14874,3231.2002,0.50906986,33.46143
2253,808.78766,819.91266,2921.8318,0.51427,53.901527
2254,809.49963,818.87134,2639.4072,0.51497805,56.781834
2255,1275.718,864.556,21159.268,0.50529784,20904.652
2256,862.17236,864.3177,19043.852,0.4963379,2260.8577
2257,809.3873,858.82465,17411.027,0.5047852,53.78858
2258,810.09094,853.9513,15883.673,0.51253664,137.12297
2259,821.55237,850.7114,14389.777,0.51101077,573.5669
2260,808.1449,846.4548,13113.871,0.50427246,41.61603
2261,809.556,842.7649,11925.02,0.5125244,87.55019
2262,904.27576,848.91595,11073.04,0.51638186,3096.745
2263,816.89465,845.7138,10058.019,0.5074219,333.99277
2264,807.8981,841.93225,9180.919,0.51063234,31.449823
2265,807.48773,838.4878,8369.605,0.5166748,58.972614
2266,811.1909,835.7581,7599.705,0.513562,154.4566
2267,807.8646,832.96875,6909.759,0.51303715,65.740776
2268,807.3053,830.4024,6278.058,0.5209961,41.986374
2269,811.50165,828.5123,5682.4033,0.51506346,97.73997
2270,806.93964,826.35504,5156.0474,0.50507814,40.962
2271,3061.2517,1049.8447,454169.16,0.5130127,102011.59
2272,830.9647,1027.9568,413064.0,0.5091187,858.9013
2273,814.79846,1006.6409,375846.88,0.5135498,221.7643
2274,810.86847,987.06366,341711.6,0.51429445,112.40675
2275,831.1853,971.4758,309727.25,0.5151245,859.10913
2276,811.59424,955.4877,281055.12,0.5018067,205.78163
2277,807.1387,940.6528,254930.28,0.5127808,73.43719
2278,806.25256,927.21277,231062.95,0.51583254,30.636925
2279,811.1379,915.6053,209169.27,0.5147583,145.71799
2280,807.6623,904.811,189300.98,0.5125,62.505787
2281,809.1251,895.2424,171194.9,0.5200562,113.69046
2282,961.0046,901.8186,154464.64,0.5180054,6761.096
2283,822.2308,893.8598,139588.25,0.51320803,567.4209
2284,816.20935,886.0947,126172.08,0.50681156,223.75931
2285,810.5177,878.53705,114068.94,0.5084961,89.00357
2286,806.633,871.3466,103127.35,0.5157227,37.70586
2287,806.78613,864.89056,93189.734,0.5190064,35.563786
2288,861.5687,864.55835,83871.75,0.51606447,1573.3884
2289,813.15314,859.41785,75722.4,0.5039917,137.27211
2290,810.6921,854.5453,68363.836,0.5078613,100.16229
2291,2273.434,996.4342,242719.53,0.5117432,66183.414
2292,810.44116,977.8349,221560.98,0.50803226,91.489235
2293,806.7887,960.7303,202038.0,0.5190796,33.522915
2294,807.2016,945.37744,183955.6,0.5201904,38.55407
2295,807.1128,931.55096,167280.58,0.5175659,33.215702
2296,1016.30695,940.02655,151199.05,0.5154175,9452.201
2297,812.3014,927.254,137547.38,0.50787354,169.15442
2298,813.2267,915.8513,124962.83,0.51292723,225.92722
2299,822.50745,906.5169,113250.72,0.5085816,433.43997
2300,1318.7234,947.73755,117217.92,0.5085449,23089.041
2301,808.99023,933.8628,107228.695,0.5054688,90.11068
2302,808.68616,921.34515,97916.055,0.51672363,61.60573
2303,1068.937,936.1044,90084.945,0.51303715,11831.982
2304,811.13635,923.60754,82481.984,0.508728,119.441
2305,808.75073,912.1219,75421.07,0.5113403,52.549297
2306,808.1727,901.727,68851.445,0.5135254,52.738754
2307,807.624,892.3167,62763.285,0.51658934,58.21365
2308,806.7594,883.761,57145.758,0.5163086,31.745504
2309,807.9937,876.18427,51947.84,0.5226807,66.746445
2310,811.38477,869.70435,47130.965,0.5201294,139.59674
2311,841.04443,866.8384,42491.793,0.5118408,1238.3119
2312,822.1987,862.3744,38421.957,0.51171875,356.32047
2313,812.172,857.3541,34806.586,0.50065917,173.55267
2314,808.5364,852.47235,31540.412,0.5098999,56.97641
2315,1215.1306,888.73816,40223.26,0.5164917,16862.8
2316,810.0102,880.86536,36758.76,0.50448,127.61591
2317,897.29034,882.5079,33107.164,0.51741946,4018.436
2318,806.77216,874.9343,30312.678,0.50511473,32.6614
2319,807.16205,868.1571,27694.787,0.5200073,59.19591
2320,807.6629,862.10767,25254.668,0.51826173,65.0304
2321,843.79474,860.27637,22759.385,0.51484376,1570.621
2322,813.03937,855.5527,20684.266,0.51158446,235.32321
2323,861.62976,856.1604,18619.162,0.5143555,2448.705
2324,809.108,851.45514,16956.498,0.5013062,49.981598
2325,840.37506,850.3471,15271.897,0.5143677,1406.4032
2326,814.20294,846.73267,13862.283,0.5136719,207.86076
2327,808.45166,842.90454,12607.944,0.51064456,45.696785
2328,806.3084,839.24493,11467.685,0.51380616,31.981937
2329,806.6572,835.98615,10416.492,0.5144531,40.126972
2330,806.9269,833.0802,9450.843,0.51469725,36.78516
2331,808.0742,830.5796,8562.035,0.51794434,50.6409
2332,809.4238,828.464,7746.113,0.5136353,80.40861
2333,808.1048,826.4281,7008.806,0.51235354,66.50224
2334,808.9389,824.6792,6335.454,0.51497805,116.92419
2335,812.08563,823.41986,5716.1826,0.5154907,218.17618
2336,811.6506,822.2429,5157.031,0.5160889,164.32782
2337,828.86914,822.9055,4645.2793,0.50897217,730.7532
2338,813.7367,821.98865,4188.3174,0.50386965,143.53593
2339,816.4425,821.434,3772.2542,0.5076416,348.0683
2340,808.00336,820.09094,3411.2632,0.507605,42.829983
2341,807.95447,818.8773,3083.3933,0.51347655,37.03353
2342,811.95496,818.18506,2779.3667,0.5140991,190.71518
2343,878.7831,824.2449,2831.9207,0.51275635,3057.8557
2344,809.6727,822.78766,2567.8396,0.50476074,124.28537
2345,814.12146,821.921,2317.8147,0.51447755,299.45102
2346,805.9887,820.32776,2108.8787,0.5101196,32.719852
2347,807.96704,819.0917,1911.7417,0.52130127,58.65583
2348,807.2057,817.9031,1733.2823,0.51568604,52.195866
2349,809.77893,817.09064,1565.8943,0.51461184,154.87654
2350,812.69855,816.6514,1411.041,0.5169678,200.39867
2351,878.48553,822.83484,1614.048,0.5119385,3137.2375
2352,812.1737,821.76874,1462.8726,0.5108887,151.52257
2353,810.9271,820.6846,1327.164,0.514856,182.6794
2354,812.00806,819.8169,1201.2229,0.5191528,229.47559
2355,841.0956,821.94476,1121.851,0.51153564,1373.927
2356,814.95166,821.2455,1014.0672,0.5163452,305.69055
2357,805.9762,819.71857,933.64404,0.5159424,35.55593
2358,818.77075,819.6238,840.3605,0.52152103,423.51025
2359,807.8439,818.4458,768.8134,0.5133301,39.51942
2360,808.8218,817.4834,700.26807,0.50910646,83.08751
2361,806.47925,816.383,641.13947,0.5199341,44.13863
2362,806.96826,815.4415,585.00287,0.52093506,34.764763
2363,809.83826,814.8812,529.32825,0.5143555,124.544754
2364,808.8717,814.2803,479.64572,0.51564944,94.33633
2365,806.58606,813.51086,437.00925,0.5149414,42.35353
2366,810.64197,813.224,394.04907,0.5168091,133.36897
2367,807.9143,812.69305,357.1815,0.5134522,39.733326
2368,894.82794,820.90656,928.61584,0.5112915,3391.1726
2369,809.67395,819.7833,847.1097,0.5077637,61.93396
2370,810.09753,818.81476,770.84204,0.5144165,143.45349
2371,807.1848,817.65173,705.93085,0.5210938,56.840393
2372,811.8107,817.0676,638.4083,0.51677245,252.03416
2373,811.708,816.5317,577.1528,0.5081421,215.32779
2374,806.08545,815.48706,529.2586,0.5173584,28.750036
2375,809.266,814.8649,479.8159,0.51677245,118.806366
2376,816.95013,815.0734,432.22562,0.517041,393.4715
2377,806.99835,814.2659,394.87167,0.5175659,62.515076
2378,807.4796,813.5873,359.52936,0.5216919,89.57109
2379,844.88324,816.71686,411.72577,0.5245239,1823.6753
2380,815.1477,816.55994,370.77478,0.5139038,441.65756
2381,807.0826,815.6122,341.78113,0.5186035,65.168625
2382,819.34216,815.98517,308.85513,0.5165772,484.43344
2383,838.0054,818.1872,321.60965,0.5142212,1074.1915
2384,808.5098,817.2195,297.87732,0.5039917,83.9387
2385,805.1483,816.0124,281.20377,0.5197876,26.009558
2386,818.1405,816.2252,253.49098,0.5163208,495.13013
2387,808.104,815.4131,234.07774,0.5162964,43.76668
2388,806.574,814.5292,217.70166,0.5147461,43.689342
2389,814.7988,814.55615,195.93803,0.51623535,312.43063
2390,817.42053,814.8426,177.08264,0.51835936,476.9607
2391,806.0171,813.96,166.38441,0.5178589,39.953995
2392,805.60065,813.1241,156.0351,0.5230469,35.92653
2393,807.36896,812.5486,143.41252,0.5234863,49.67564
2394,808.37915,812.13165,130.63585,0.5147217,54.636223
2395,810.22754,811.9412,117.89857,0.5095337,100.859535
2396,807.65857,811.51294,107.75941,0.51384276,58.12388
2397,807.6983,811.1315,98.2931,0.51267093,47.45645
2398,817.1516,811.73346,91.72558,0.5119873,437.99564
2399,806.3822,811.19836,85.13026,0.5091553,39.01096
2400,4327.734,1162.8519,1.1130186e+06,0.52158207,159310.58
2401,807.1825,1127.285,1.0131019e+06,0.51782227,45.71326
2402,818.4964,1096.4061,920373.25,0.5189697,443.88266
2403,816.13324,1068.3788,835405.7,0.51181644,240.20183
2404,843.91077,1045.932,756399.8,0.5104004,1205.4377
2405,807.05945,1022.04474,685895.2,0.5053589,51.28701
2406,812.0161,1001.0419,621275.75,0.5140137,198.4595
2407,814.4818,982.38586,562280.56,0.5038452,292.56216
2408,828.1584,966.96313,508193.25,0.5064331,852.47107
2409,806.8116,950.948,459682.28,0.51492923,73.49087
2410,803.9395,936.24713,415659.1,0.5155762,25.973372
2411,915.5767,934.1801,374131.62,0.5205933,4876.218
2412,942.0478,934.96686,336724.03,0.5085816,6051.356
2413,817.50684,923.2208,304293.34,0.50594485,267.6832
2414,811.3013,912.0289,274991.34,0.5060425,149.24237
2415,822.0816,903.0341,248220.36,0.5164795,679.82574
2416,805.2126,893.25195,224259.53,0.51502687,26.796886
2417,806.1756,884.5443,202515.98,0.5179688,51.636826
2418,807.84485,876.8744,182793.83,0.5219116,55.305504
2419,816.7398,870.86096,164839.89,0.51243895,480.43124
2420,808.1722,864.5921,148709.58,0.5194702,60.938072
2421,810.08826,859.1417,134105.97,0.517395,115.37606
2422,809.42944,854.1705,120917.78,0.5079468,105.156456
2423,807.05054,849.4585,109025.83,0.5134644,102.96504
2424,831.1415,847.6268,98153.445,0.5175659,1117.8121
2425,820.81555,844.9457,88402.8,0.51461184,655.5157
2426,805.99304,841.0504,79699.08,0.5138184,49.056915
2427,811.22565,838.06793,71809.23,0.52720946,260.69977
2428,806.13226,834.8744,64720.094,0.52128905,83.60709
2429,1165.2563,867.9126,68071.79,0.52368164,15418.693
2430,809.1564,862.037,61575.312,0.51971436,93.33213
2431,809.79736,856.81305,55663.387,0.5197754,83.74141
2432,830.51794,854.18353,50159.277,0.5143677,836.9579
2433,837.4444,852.50964,45168.566,0.5063233,1393.841
2434,806.2052,847.8792,40844.68,0.50999755,37.321194
2435,808.7511,843.96643,36898.004,0.5134155,111.80913
2436,817.1275,841.28253,33273.03,0.5206421,577.4062
2437,805.2231,837.6766,30062.752,0.5176758,36.134254
2438,805.00616,834.40955,27152.54,0.5230225,29.909441
2439,805.2394,831.49255,24513.865,0.51551515,31.882048
2440,809.5229,829.2956,22105.92,0.51782227,196.42894
2441,803.7842,826.74445,19953.902,0.52138674,26.502422
2442,818.8214,825.95215,17964.162,0.5259766,399.44028
2443,811.1576,824.4727,16187.445,0.5227539,195.76134
2444,831.3229,825.1577,14572.924,0.51596683,841.89813
2445,808.0564,823.4476,13141.952,0.511438,129.70741
2446,4019.585,1143.0613,931204.2,0.5229004,145337.48
2447,812.27374,1109.9825,847931.6,0.51741946,139.72119
2448,837.93365,1082.7777,769799.4,0.5179688,849.50946
2449,815.85425,1056.0853,699231.75,0.510022,230.43964
2450,807.6741,1031.2441,634862.3,0.51145023,70.058174
2451,805.50616,1008.67035,575962.25,0.5192871,56.226948
2452,806.98236,988.5015,522027.03,0.520813,79.24701
2453,809.5942,970.6108,472705.03,0.5223633,149.44368
2454,806.7973,954.22943,427849.66,0.5190674,42.678627
2455,809.7201,939.7785,386944.12,0.5130493,118.28576
2456,1632.6045,1009.0611,391450.4,0.5118042,37074.16
2457,814.57916,989.6129,355709.44,0.5038086,270.77866
2458,806.074,971.25903,323170.28,0.5149536,58.75396
2459,804.96405,954.6295,293342.12,0.520105,27.204206
2460,812.40076,940.4066,265828.53,0.5183716,340.97003
2461,804.54565,926.8205,240906.9,0.51569825,23.561111
2462,817.5398,915.89246,217891.02,0.5212769,501.911
2463,809.0382,905.20703,197129.52,0.51173097,100.22455
2464,806.6782,895.3541,178290.28,0.5214844,61.188206
2465,854.89264,891.308,160608.6,0.5194092,2164.9539
2466,813.156,883.4928,145097.42,0.5069458,205.38565
2467,805.2765,875.67114,131138.28,0.51290286,30.830294
2468,834.8982,871.5939,118174.08,0.5169922,1146.7778
2469,806.7107,865.1055,106735.555,0.5099854,100.563934
2470,807.57574,859.35254,96359.87,0.5216797,103.689354
2471,805.39905,853.9572,86985.87,0.51687014,57.687794
2472,816.2793,850.18945,78415.05,0.52391356,441.92938
2473,811.0909,846.2796,70711.12,0.5201538,175.91394
2474,807.5509,842.40674,63774.996,0.5170776,64.365944
2475,807.7682,838.9429,57505.48,0.5141358,67.78672
2476,823.04016,837.3526,51777.69,0.51726073,579.26605
2477,806.47,834.26434,46685.758,0.5123779,33.88704
2478,807.7169,831.6096,42080.61,0.51226807,79.46665
2479,816.9747,830.1461,37891.824,0.5158081,445.12473
2480,806.4276,827.7743,34153.273,0.5145874,62.456932
2481,806.41296,825.6382,30779.012,0.5178589,46.381485
2482,807.80225,823.8546,27729.74,0.51524657,89.48944
2483,805.849,822.0541,24985.943,0.51552737,24.961672
2484,807.0935,820.55804,22507.492,0.51817626,90.746956
2485,823.3835,820.8406,20257.46,0.5191528,796.7655
2486,809.7527,819.7318,18242.78,0.514502,149.98817
2487,807.9619,818.5548,16430.969,0.515979,91.04556
2488,806.2636,817.3257,14801.468,0.5171265,45.18474
2489,807.08527,816.30164,13330.759,0.51672363,100.22546
2490,808.1621,815.4877,12003.6455,0.51085204,125.45661
2491,948.2336,828.76227,12389.213,0.51904297,6334.755
2492,808.27844,826.71387,11188.055,0.51226807,99.96746
2493,816.80774,825.72327,10078.081,0.52261966,448.63498
2494,806.06946,823.7579,9105.037,0.5165405,61.3049
2495,808.7721,822.2593,8214.744,0.5132813,142.11801
2496,817.62946,821.79626,7395.1987,0.51519775,517.8267
2497,806.39746,820.2564,6677.02,0.51446533,34.67267
2498,807.19214,818.94995,6024.6787,0.5157471,63.829906
2499,805.25903,817.5809,5439.0806,0.522583,52.43981
2500,805.6455,816.3873,4907.993,0.5193359,47.41595
2501,807.7114,815.5197,4423.9683,0.51981205,83.781006
2502,821.3533,816.1031,3984.6338,0.51357424,745.0046
2503,804.7399,814.9668,3597.7913,0.51362306,30.333693
2504,808.94995,814.3651,3241.2703,0.5216309,153.89726
2505,1444.4524,877.37384,38648.043,0.5124512,25477.498
2506,804.99,870.13544,35254.785,0.5049316,26.099709
2507,817.2487,864.84674,31981.035,0.517749,529.6009
2508,804.65015,858.8271,29109.059,0.5126465,25.00716
2509,804.86804,853.43115,26460.195,0.5195679,36.064667
2510,803.1685,848.4049,24041.545,0.5220947,28.00732
2511,803.2565,843.8901,21820.844,0.5270874,37.871563
2512,813.6185,840.8629,19721.232,0.52382815,358.52258
2513,803.54443,837.13104,17874.45,0.51708984,30.157919
2514,843.13403,837.7313,16090.247,0.52327883,1703.7622
2515,844.449,838.4031,14485.283,0.51777345,1774.636
2516,838.2073,838.3835,13036.758,0.514209,1478.5317
2517,811.7806,835.7232,11796.776,0.50869143,219.34987
2518,805.4768,832.69855,10699.435,0.51555175,24.70072
2519,806.247,830.0534,9692.463,0.518396,67.29184
2520,806.55945,827.704,8772.893,0.51877445,117.28494
2521,2908.1096,1035.7445,397423.53,0.51499027,95095.64
2522,810.5291,1013.22296,362246.12,0.50679934,202.0887
2523,805.4105,992.4417,329908.25,0.50906986,40.05943
2524,806.02795,973.80035,300044.9,0.51962894,52.670784
2525,805.94354,957.01465,272576.25,0.5137329,38.89102
2526,805.0637,941.8196,247396.64,0.5185059,42.308186
2527,811.53735,928.7914,224184.58,0.5210938,205.82407
2528,806.897,916.6019,203103.36,0.5130615,100.03306
2529,806.34674,905.5764,183887.08,0.52214354,92.755875
2530,806.1642,895.6352,166387.81,0.5193359,106.52411
2531,808.8834,886.96,150426.36,0.51962894,125.231384
2532,812.259,879.4899,135885.95,0.51322025,169.11002
2533,806.902,872.23114,122771.57,0.5098999,78.8348
2534,805.5678,865.5648,110894.37,0.5198242,46.01733
2535,806.0498,859.61334,100123.71,0.51822513,59.00968
2536,847.776,858.4296,90123.95,0.51384276,1563.6398
2537,813.2013,853.9068,81295.664,0.50322264,318.2461
2538,815.22375,850.0385,73300.77,0.5150879,426.0631
2539,804.57654,845.4923,66156.7,0.51695555,26.345465
2540,828.937,843.8368,59565.695,0.5192993,1135.1719
2541,811.7467,840.6278,53701.805,0.5186035,251.19519
2542,804.02423,836.96747,48452.207,0.5188843,33.49529
2543,805.97424,833.86816,43693.438,0.51954347,118.0646
2544,804.5721,830.93854,39401.336,0.5240601,32.514294
2545,826.9219,830.53687,35462.652,0.51867676,875.3501
2546,805.4236,828.0255,31973.146,0.51036376,37.25714
2547,805.7295,825.7959,28820.57,0.5201416,36.055737
2548,812.4055,824.45685,25954.648,0.5232422,278.10757
2549,806.44446,822.65564,23388.383,0.52020264,85.79415
2550,810.3202,821.4221,21063.238,0.5213501,267.8602
2551,804.5692,819.7368,18982.477,0.5159058,51.735397
2552,805.5386,818.317,17102.371,0.52301025,39.86991
2553,806.37476,817.1228,15404.969,0.5213135,63.37905
2554,804.82007,815.8925,13878.094,0.51763916,36.826176
2555,838.7688,818.1802,12537.383,0.5173462,1541.8257
2556,831.46924,819.5091,11299.538,0.5128296,781.97064
2557,805.2525,818.08344,10187.877,0.51312256,35.522133
2558,813.9081,817.6659,9170.658,0.5140869,434.51505
2559,806.90845,816.59015,8264.007,0.5167969,94.24913
2560,809.70984,815.9021,7441.866,0.51688236,125.639366
2561,807.9316,815.10504,6703.397,0.5163208,120.3274
2562,803.2599,813.92053,6045.6846,0.5187866,26.401762
2563,803.9866,812.9271,5449.9976,0.5206909,27.257933
2564,803.318,811.9662,4913.3076,0.5209717,28.872889
2565,807.8727,811.5568,4423.485,0.5281494,145.33487
2566,806.63104,811.0643,3983.3198,0.51970214,102.08335
2567,871.0819,817.06604,3909.1785,0.52125245,2948.5618
2568,808.4424,816.2037,3524.9536,0.5179688,188.96883
2569,822.51575,816.8349,3176.044,0.51903075,599.7175
2570,819.5805,817.10944,2859.118,0.5168091,484.8796
2571,805.329,815.9314,2585.6963,0.50960696,29.397171
2572,808.6401,815.2023,2331.9114,0.51236576,159.70949
2573,806.58923,814.34094,2105.3967,0.5199585,114.148056
2574,807.1317,813.62,1899.5345,0.5217163,86.88996
2575,805.39484,812.7975,1715.6699,0.5199463,53.554276
2576,869.81665,818.4994,1836.7096,0.5177979,2202.513
2577,806.1765,817.2671,1666.7053,0.50507814,67.59522
2578,1116.2134,847.16174,9543.234,0.51844484,10106.461
2579,805.2078,842.9664,8747.322,0.51536864,43.162735
2580,804.9647,839.1662,8002.5605,0.52351075,43.692924
2581,894.33777,844.68335,7476.256,0.52043456,3906.0364
2582,804.90045,840.7051,6871.0713,0.51514894,43.49906
2583,804.44653,837.0792,6302.2856,0.52152103,28.217834
2584,803.21423,833.69275,5775.272,0.51728517,30.718098
2585,803.1038,830.63385,5281.956,0.52490234,28.079672
2586,803.0849,827.87897,4822.0654,0.52607423,41.246487
2587,804.8237,825.5734,4387.6978,0.52712405,53.643543
2588,803.9116,823.4072,3991.159,0.5249634,44.721767
2589,803.5057,821.41705,3627.6895,0.5218262,25.331587
2590,809.95917,820.27124,3276.736,0.52146,269.6083
2591,815.65643,819.80975,2950.979,0.51669925,460.25458
2592,806.22205,818.451,2672.4973,0.51810306,61.23266
2593,805.946,817.2005,2419.3213,0.51827395,58.727776
2594,809.22144,816.4026,2183.119,0.5196533,178.80399
2595,809.57385,815.7197,1969.0038,0.52073973,226.85968
2596,806.3994,814.7877,1779.9215,0.5157959,59.729427
2597,805.5039,813.8593,1609.6863,0.51673585,55.136307
2598,803.3963,812.813,1458.5703,0.5189331,27.835762
2599,809.6228,812.49396,1313.6292,0.52128905,129.36589
2600,805.6112,811.80566,1186.5297,0.5166626,58.55569
2601,807.28705,811.3538,1069.7142,0.5238892,72.90041
2602,807.0647,810.9249,964.39844,0.5161377,154.9988
2603,805.9985,810.43225,870.1429,0.52401125,56.33988
2604,804.9015,809.87915,785.88165,0.5195679,31.95476
2605,806.3904,809.5303,708.3889,0.5247559,85.427345
2606,803.912,808.96844,640.39087,0.5185791,29.22036
2607,804.9327,808.5649,577.8176,0.5239014,51.7267
2608,804.2902,808.1374,521.6804,0.5253784,54.56245
2609,805.71814,807.89545,470.0391,0.5180542,49.435345
2610,926.7588,819.7818,1694.5996,0.5242554,4751.23
2611,805.2763,818.33124,1544.0764,0.5147217,34.521915
2612,806.3307,817.13116,1402.63,0.51932377,82.02519
2613,804.0408,815.82214,1277.7893,0.51822513,25.064493
2614,804.44006,814.68396,1161.67,0.5176758,38.739853
2615,809.0259,814.11816,1048.3843,0.5168579,91.56696
2616,808.53906,813.56024,946.3472,0.5140625,92.16803
2617,853.1107,817.51526,992.4941,0.52038574,1820.2997
2618,806.2922,816.39294,904.5808,0.5099365,93.33891
2619,804.5951,815.21313,826.6498,0.5206055,29.390368
2620,1459.9464,879.68646,38155.273,0.5185059,29661.34
2621,816.5673,873.3746,34698.31,0.51447755,533.5617
2622,815.61694,867.5988,31528.71,0.51989746,449.01312
2623,803.5787,861.1968,28744.71,0.51633304,26.907116
2624,804.06433,855.4835,26164.01,0.5239868,28.972843
2625,816.9862,851.6338,23680.992,0.5187866,430.4252
2626,804.39795,846.9102,21513.703,0.5219483,39.46649
2627,804.0983,842.629,19527.29,0.52207035,29.900282
2628,810.04584,839.3707,17670.11,0.51921386,278.48563
2629,804.9613,835.9298,16009.658,0.5234253,67.05248
2630,809.91455,833.3283,14469.604,0.5192749,250.55511
2631,805.3202,830.52747,13093.243,0.5241699,49.29581
2632,805.1847,827.99316,11841.722,0.5192505,101.762474
2633,824.8617,827.68,10658.432,0.5218994,956.05493
2634,810.45245,825.9572,9619.299,0.5175415,222.1494
2635,804.5349,823.815,8698.671,0.5128784,53.253242
2636,808.19836,822.25336,7850.7524,0.5252808,145.4419
2637,838.79944,823.90796,7090.317,0.52543944,1587.3236
2638,804.9241,822.0096,6413.7197,0.52003175,51.494457
2639,808.00354,820.609,5790.0024,0.5201172,84.82629
2640,804.05225,818.9533,5235.6733,0.5181152,27.482946
2641,807.77747,817.8357,4723.3467,0.51884764,163.59523
2642,803.5364,816.40576,4269.4146,0.51781005,31.83322
2643,806.0077,815.36597,3852.2039,0.52591556,89.92615
2644,814.1836,815.24774,3467.1094,0.52351075,286.77008
2645,807.2682,814.44977,3126.1292,0.51641846,132.7622
2646,806.11523,813.61633,2819.768,0.5182373,89.330826
2647,809.7698,813.2317,2539.1228,0.5192261,203.05705
2648,814.60315,813.36884,2285.3796,0.5159912,457.4637
2649,804.7147,812.5034,2063.582,0.5166382,38.621876
2650,804.7191,811.725,1862.6774,0.5192993,44.66351
2651,805.7086,811.12335,1679.6672,0.51414794,40.699677
2652,809.3987,810.95087,1511.9683,0.51633304,217.00415
2653,806.07837,810.4636,1362.9081,0.52070314,65.68851
2654,804.361,809.8534,1229.969,0.5126099,28.913975
2655,806.3683,809.5049,1108.0652,0.51781005,131.42874
2656,803.5212,808.9065,1000.481,0.5247437,33.935722
2657,809.9686,809.0127,900.5344,0.51932377,166.57838
2658,809.8241,809.0938,810.5402,0.5133789,245.79872
2659,803.73364,808.5578,732.072,0.52332765,31.419165
2660,804.53955,808.156,660.318,0.51669925,39.809875
2661,809.05493,808.2459,594.3589,0.5197388,131.93958
2662,830.91895,810.5132,581.18896,0.51899415,906.19104
2663,809.12897,810.37476,523.2425,0.51131594,99.08226
2664,804.7654,809.81384,473.75006,0.5161133,31.705349
2665,805.3042,809.36285,428.20535,0.517041,47.101894
2666,805.1205,808.9386,387.0046,0.5204956,76.15391
2667,804.0312,808.4479,350.4716,0.5197266,68.38559
2668,845.8533,812.1884,441.34912,0.5214478,1326.4608
2669,807.40686,811.71027,399.27188,0.51176757,120.96994
2670,807.9236,811.3316,360.6352,0.5170288,137.51631
2671,805.2561,810.72406,327.8937,0.5166138,75.04561
2672,803.036,809.95526,300.4239,0.5203247,27.947279
2673,850.0181,813.96155,414.83447,0.52440184,2057.6836
2674,803.87384,812.95276,382.50958,0.5245606,40.310097
2675,803.9254,812.05005,351.593,0.52720946,56.13572
2676,807.63074,811.6081,318.1914,0.52553713,179.4999
2677,804.68195,810.91547,290.6897,0.5229126,41.15227
2678,804.26605,810.25055,265.60004,0.5251465,35.30549
2679,804.4724,809.6727,242.04485,0.51898193,44.590107
2680,806.0779,809.31323,219.00342,0.5202759,74.00651
2681,803.3777,808.71967,200.27383,0.5182373,28.464197
2682,813.10596,809.1583,181.978,0.5281128,404.3187
2683,816.821,809.92456,169.06465,0.5191162,408.43314
2684,807.9346,809.7256,152.51459,0.5157471,112.20782
2685,807.7176,809.5248,137.626,0.52160645,192.76076
2686,807.90283,809.3626,124.100174,0.52142334,178.67041
2687,814.2844,809.8548,113.87034,0.51916504,479.5598
2688,803.4899,809.2183,106.12934,0.5153198,24.37586
2689,803.0667,808.60315,98.92221,0.52713627,31.96322
2690,803.1033,808.05316,91.752365,0.52337646,25.841877
2691,807.4573,807.9936,82.609085,0.52038574,163.25955
2692,806.8545,807.8797,74.46495,0.51988524,151.39491
2693,826.40344,809.73206,97.90007,0.51826173,959.2297
2694,806.35254,809.3941,89.13796,0.5136719,66.06206
2695,814.86786,809.94147,82.920746,0.52431643,320.25146
2696,807.7467,809.722,75.062195,0.51173097,89.637115
2697,806.1712,809.3669,68.6907,0.5137817,85.67005
2698,806.62634,809.09283,62.497574,0.5214111,132.42839
2699,811.7417,809.3577,56.8793,0.52526855,281.01453
2700,811.94543,809.6165,51.79403,0.52476805,247.36174
2701,803.68945,809.0238,49.776333,0.5175781,33.98201
2702,803.1858,808.44,47.86611,0.5263916,28.840235
2703,816.8523,809.28125,49.4485,0.5235352,476.4329
2704,804.9293,808.84607,46.208187,0.5199585,53.01886
2705,805.2187,808.48334,42.771576,0.5236694,73.63635
2706,805.68005,808.203,39.20167,0.51605225,70.72379
2707,803.51086,807.73376,37.26296,0.51827395,48.180504
2708,803.3818,807.2986,35.241245,0.5257935,33.29054
2709,803.9354,806.9623,32.735096,0.52004397,45.350956
2710,804.5831,806.72437,29.971018,0.5223511,49.273193
2711,803.26465,806.3784,28.051184,0.5276856,47.64244
2712,803.95184,806.13574,25.776009,0.5276489,66.96884
2713,803.8539,805.90753,23.667027,0.5275391,38.36195
2714,808.46326,806.1631,21.88818,0.52160645,193.58647
2715,804.1083,805.9576,20.079363,0.5252808,37.078514
2716,803.40405,805.7022,18.658272,0.52403563,31.202417
2717,807.9103,805.92303,17.231245,0.52386475,198.51796
2718,816.2907,806.9598,25.182102,0.5237915,604.43945
2719,804.7664,806.7404,23.096867,0.51488036,44.654984
2720,806.60986,806.72736,20.788713,0.5206543,87.17919
2721,806.1399,806.6686,18.740902,0.5223145,115.45712
2722,819.9243,807.99414,32.681126,0.5195679,541.9431
2723,803.5737,807.5521,31.171614,0.518396,32.626137
2724,804.7559,807.2725,28.75814,0.5228149,42.707726
2725,803.4207,806.8873,27.217602,0.5202637,41.994774
2726,803.50916,806.5495,25.522926,0.5279663,45.22855
2727,805.96844,806.4914,23.001019,0.5322998,101.17733
2728,804.83875,806.3261,20.946728,0.52092284,54.276016
2729,805.5056,806.2441,18.912643,0.5190918,58.002094
2730,802.08417,805.82806,18.578817,0.51732177,27.793333
2731,878.1267,813.0579,487.15936,0.5237915,3342.004
2732,803.1552,812.0676,447.26913,0.5112793,31.158453
2733,803.22687,811.18353,409.5765,0.52536625,23.92377
2734,814.27515,811.4927,369.47906,0.517395,472.41922
2735,834.7319,813.8166,381.1366,0.512146,1267.1383
2736,806.8182,813.11676,347.4309,0.5126587,79.954346
2737,807.10596,812.5157,315.93948,0.51895756,87.17141
2738,805.68286,811.8324,288.54742,0.5145508,66.00733
2739,804.04895,811.0541,265.14505,0.52004397,40.215515
2740,803.05975,810.25464,244.38237,0.5241089,29.248472
2741,805.39197,809.7684,222.07224,0.52188724,87.9545
2742,810.01526,809.7931,199.87048,0.51776123,215.75304
2743,811.9077,810.0046,180.28587,0.51588136,298.59677
2744,812.0244,810.20654,162.62447,0.517688,269.88873
2745,831.64716,812.3506,187.735,0.5185059,1139.9208
2746,812.3977,812.3553,168.9617,0.5177979,255.12799
2747,807.1343,811.8332,154.51883,0.51687014,136.56471
2748,813.21265,811.9711,139.2382,0.52282715,459.83728
2749,845.57947,815.332,226.97122,0.5196167,1930.4243
2750,804.94745,814.2935,213.97954,0.5155762,87.915146
2751,804.6056,813.3247,201.02861,0.52214354,54.387737
2752,806.0116,812.5934,185.73909,0.5204224,118.16973
2753,809.8638,812.32043,167.83575,0.51962894,218.62045
2754,803.2026,811.4086,158.53436,0.51776123,31.55905
2755,805.75916,810.8437,145.5534,0.52373046,138.16428
2756,1233.012,853.06055,16171.342,0.52048343,19433.97
2757,807.41406,848.4959,14741.731,0.5131714,124.41665
2758,803.83777,844.0301,13447.049,0.5222168,33.732155
2759,819.33105,841.5602,12157.247,0.52421874,661.2578
2760,803.2544,837.7296,11073.582,0.5194092,28.776638
2761,812.4507,835.2017,10023.735,0.52451175,258.08057
2762,804.99414,832.18097,9103.486,0.5169678,46.078255
2763,809.71313,829.9342,8238.57,0.52224123,289.2539
2764,802.2866,827.16943,7483.508,0.5237427,21.293034
2765,803.49866,824.80237,6785.5845,0.52675784,37.88229
2766,808.5156,823.1737,6130.899,0.5227173,173.84337
2767,803.8248,821.23883,5551.503,0.5266113,33.68229
2768,803.5044,819.4654,5024.6587,0.5203735,29.80609
2769,806.35095,818.15393,4537.6714,0.5213745,111.21301
2770,805.53894,816.89246,4098.2266,0.5237549,86.82828
2771,814.9242,816.6956,3688.7522,0.51773685,370.33127
2772,812.9353,816.3196,3321.1497,0.5117798,466.18463
2773,808.2446,815.5121,2994.903,0.51877445,154.31898
2774,803.4021,814.3011,2708.6116,0.52174073,45.695084
2775,803.0408,813.17505,2449.1619,0.52279055,34.306137
2776,807.1582,812.57336,2207.504,0.5222046,148.73445
2777,803.51685,811.6677,1994.1354,0.52229005,30.422342
2778,802.96204,810.7972,1801.5427,0.5246338,30.900167
2779,804.7555,810.193,1624.6736,0.53077394,94.188934
2780,803.8948,809.5632,1465.7762,0.52657473,60.222973
2781,805.98596,809.20544,1320.3503,0.52454835,125.76107
2782,802.01917,808.4868,1192.9631,0.52436525,23.706049
2783,829.7486,810.613,1114.3524,0.5270874,852.3366
2784,857.5316,815.3048,1201.0394,0.5161743,2426.4243
2785,809.7106,814.74536,1083.7521,0.5181885,322.4665
2786,801.9822,813.46906,990.0378,0.51831055,23.01763
2787,805.6915,812.6913,896.4781,0.52647704,98.34524
2788,804.34503,811.8567,813.0997,0.52821046,87.946976
2789,814.07086,812.0781,732.2309,0.5238037,467.16748
2790,805.858,811.4561,662.4899,0.51882327,104.30582
2791,815.2417,811.83466,597.53064,0.5230713,486.16205
2792,805.26306,811.1775,541.6643,0.5182373,84.73988
2793,806.3511,810.6948,489.59433,0.52833253,98.893814
2794,806.18024,810.24335,442.4692,0.5174927,112.35731
2795,806.09656,809.8287,399.7699,0.5214111,118.0182
2796,806.01697,809.4475,361.10052,0.52409667,135.10336
2797,976.45654,826.14844,2835.272,0.52323,7878.5034
2798,863.9761,829.9312,2680.5283,0.51677245,2636.5022
2799,803.63354,827.30145,2474.7166,0.5070068,26.24432
2800,803.8357,824.9549,2276.8027,0.5277222,47.51578
2801,802.8406,822.74347,2093.1362,0.5185669,49.447334
2802,802.5354,820.72266,1920.5756,0.52495116,33.389442
2803,802.76404,818.9268,1757.5441,0.5225586,61.458107
2804,807.46716,817.7809,1593.6088,0.5308838,207.41396
2805,809.0064,816.90344,1441.177,0.5246216,304.40976
2806,801.9595,815.40906,1317.1583,0.5214844,38.11122
2807,805.74304,814.44244,1193.8513,0.5275879,143.41814
2808,806.71655,813.66986,1079.8383,0.518689,119.85568
2809,810.5553,813.3584,972.7275,0.52170414,264.18506
2810,884.4419,820.46674,1330.2124,0.52183837,3722.8606
2811,805.69995,818.99005,1216.8163,0.51506346,90.66711
2812,807.33813,817.8248,1107.3536,0.51849365,106.45061
2813,802.57404,816.29974,1017.551,0.52387697,23.620226
2814,803.4356,815.0133,930.68964,0.52436525,52.60055
2815,808.12024,814.324,841.897,0.52264404,256.2935
2816,803.046,813.19617,769.15454,0.52128905,28.863773
2817,804.85333,812.3619,698.5033,0.5240235,121.29268
2818,809.15063,812.0408,629.581,0.5215942,298.47015
2819,1086.852,839.5219,7363.534,0.52329105,12808.644
2820,803.0149,835.8712,6747.1294,0.5195679,25.004663
2821,805.7804,832.8621,6153.9077,0.5248535,95.48498
2822,811.6861,830.7445,5578.875,0.51914066,347.50583
2823,804.3168,828.10175,5083.845,0.52507323,40.58263
2824,847.6615,830.05774,4609.893,0.523584,1844.4065
2825,827.45123,829.7971,4149.515,0.5171753,1098.4192
2826,804.4232,827.2597,3792.5085,0.51656497,51.935497
2827,803.0117,824.8349,3466.1743,0.5203735,30.670286
2828,803.45325,822.6967,3160.7026,0.5272705,45.320488
2829,806.9051,821.11755,2867.076,0.5253906,109.68708
2830,803.30194,819.336,2608.9338,0.51813966,41.89398
2831,804.9817,817.9006,2366.5847,0.527771,73.31178
2832,807.75494,816.886,2139.1902,0.52575684,105.96623
2833,806.6987,815.86725,1934.6112,0.52347416,144.87318
2834,804.15485,814.696,1753.4962,0.51894534,118.65746
2835,2695.2837,1002.75476,319873.0,0.5262329,85669.47
2836,808.93054,983.3723,291266.78,0.5244263,176.92702
2837,806.1603,965.6511,264966.47,0.51407474,74.47839
2838,804.0829,949.4943,240819.2,0.5176148,96.243164
2839,880.31775,942.57666,217167.97,0.520459,2653.3892
2840,803.21594,928.64056,197199.1,0.51678467,36.5901
2841,804.7798,916.2545,178859.92,0.5213745,66.89083
2842,802.6793,904.897,162134.88,0.5185303,26.351158
2843,804.6997,894.87726,146824.94,0.52667236,72.76413
2844,803.6616,885.7557,132891.27,0.5275391,41.89056
2845,805.14484,877.6946,120186.97,0.5298584,142.85722
2846,820.16406,871.9415,108466.15,0.523938,757.32654
2847,805.05585,865.2529,98022.164,0.51832277,68.010086
2848,805.709,859.2985,88539.04,0.521814,147.24675
2849,806.4574,854.0144,79936.43,0.52612305,144.72063
2850,809.7529,849.58826,72119.1,0.5241333,149.34738
2851,804.8057,845.11,65087.684,0.51534426,47.07678
2852,821.7721,842.7762,58627.934,0.52175295,835.62427
2853,802.53174,838.7517,52910.902,0.5174927,42.19344
2854,804.19763,835.2963,47727.27,0.526062,66.55308
2855,805.6968,832.33636,43033.395,0.526001,107.84678
2856,832.71436,832.37415,38730.066,0.52884525,1337.439
2857,803.3165,829.4684,34933.05,0.5181519,54.98423
2858,801.2794,826.6495,31511.26,0.5234375,23.047548
2859,811.0506,825.0896,28382.031,0.53005373,399.15903
2860,805.38135,823.1188,25578.785,0.5199219,148.55759
2861,805.4243,821.3493,23049.084,0.519751,118.71298
2862,803.18677,819.5331,20773.865,0.52481693,55.384056
2863,808.3621,818.416,18707.709,0.5271851,144.66862
2864,804.8541,817.0598,16853.49,0.51776123,42.281204
2865,804.0535,815.75916,15183.365,0.51700443,56.955566
2866,802.36725,814.42,13681.17,0.5249634,33.222553
2867,803.0848,813.28644,12324.616,0.5282227,46.04914
2868,802.4915,812.207,11102.643,0.52698976,48.402927
2869,802.3258,811.2189,10001.165,0.52644044,44.34774
2870,801.6537,810.2623,9009.283,0.5251099,32.247578
2871,804.7388,809.70996,8111.1006,0.5303955,91.67836
2872,811.3439,809.87335,7300.231,0.52955323,277.23462
2873,810.0615,809.89215,6570.211,0.5199219,318.71414
2874,802.6481,809.1677,5917.9126,0.5184693,40.97892
2875,801.85474,808.4364,5330.9346,0.5283081,34.827923
2876,804.4401,808.03674,4799.2783,0.5297241,94.77192
2877,801.68677,807.40173,4322.9795,0.52296144,26.41375
2878,801.94165,806.8557,3893.3647,0.5230347,26.70577
2879,802.39417,806.40955,3505.8196,0.5242554,27.796415
2880,803.9175,806.16034,3155.7966,0.5235718,81.655396
2881,802.9812,805.8424,2841.1265,0.52739257,39.301903
2882,809.3318,806.19135,2558.1096,0.52264404,204.46107
2883,813.4602,806.9182,2307.054,0.5179688,468.46353
2884,803.1504,806.54144,2077.6262,0.52526855,46.503525
2885,817.83887,807.6712,1881.3505,0.5274048,701.7215
2886,804.05615,807.3097,1694.3916,0.51708984,74.89085
2887,804.23193,807.0019,1525.8049,0.52125245,82.03628
2888,801.97375,806.4991,1375.4998,0.5227173,49.80485
2889,821.53076,808.00226,1258.2853,0.5307251,630.35956
2890,805.19025,807.72107,1133.1685,0.51726073,63.60031
2891,813.0841,808.2574,1022.4402,0.5256104,420.14172
2892,802.9597,807.7276,922.722,0.51790774,43.852077
2893,812.063,808.16113,832.14136,0.5220337,433.06546
2894,805.5173,807.8967,749.5563,0.51822513,123.60971
2895,802.61835,807.3689,677.10815,0.5209473,41.04651
2896,803.96484,807.0285,610.4402,0.5248901,81.97033
2897,806.4734,806.973,549.4239,0.5184326,147.14795
2898,803.35547,806.61127,495.65927,0.5164795,34.128212
2899,804.0437,806.3545,446.68665,0.51588136,74.513115
2900,802.8461,806.00366,403.12576,0.5260254,32.191032
2901,817.24304,807.1276,374.18228,0.5200073,654.5128
2902,808.411,807.256,336.9123,0.5180054,185.55708
2903,801.23364,806.65375,306.48523,0.5180786,27.418112
2904,803.21027,806.3094,276.90387,0.52770996,40.2023
2905,802.27936,805.9064,250.67519,0.51984864,28.139349
2906,801.9586,805.5116,227.01028,0.5191895,24.36788
2907,802.00574,805.161,205.41545,0.5270996,32.92522
2908,801.9816,804.8431,185.78366,0.51903075,23.23456
2909,850.58777,809.41754,355.53717,0.5225708,2193.6096
2910,807.34454,809.21027,320.37018,0.51394045,209.42499
2911,801.51135,808.44037,293.66776,0.52121586,21.470594
2912,802.4129,807.83765,267.5707,0.52608645,54.697872
2913,806.7621,807.7301,240.91776,0.52769774,139.08508
2914,803.05774,807.2629,218.79077,0.5286377,53.39299
2915,803.8735,806.92395,197.94562,0.5269287,64.30008
2916,803.7766,806.6092,179.04256,0.52269286,117.07982
2917,802.5862,806.2069,162.59491,0.527002,56.24605
2918,812.96936,806.8832,150.45119,0.528418,356.79117
2919,829.64575,809.1594,182.0382,0.51778567,1038.4785
2920,802.3814,808.4816,167.9691,0.52177733,29.537945
2921,803.43384,807.97687,153.46541,0.5253052,30.000168
2922,804.199,807.59906,139.40338,0.5188355,105.309494
2923,802.07416,807.0466,128.21025,0.5217285,21.719378
2924,802.09393,806.55133,117.5968,0.5238892,40.892605
2925,802.1699,806.11316,107.56483,0.52978516,32.9802
2926,800.8375,805.5856,99.313255,0.53117675,22.354319
2927,801.87305,805.2143,90.62238,0.52559817,29.758541
2928,816.516,806.3445,93.055695,0.52305907,553.06354
2929,802.3453,805.9446,85.18955,0.5197998,28.37685
2930,803.94586,805.7447,77.030136,0.51894534,80.206924
2931,806.4386,805.8141,69.37045,0.52625734,164.99925
2932,802.6608,805.4988,63.328278,0.51949465,55.079258
2933,801.5876,805.10767,58.37222,0.52667236,24.161098
2934,803.99036,804.9959,52.64735,0.5284058,74.50042
2935,802.6082,804.75714,47.895714,0.52196044,27.145124
2936,830.7683,807.3583,103.99842,0.526001,1274.6039
2937,806.13885,807.2363,93.73241,0.5192749,146.7302
2938,803.2425,806.8369,85.79472,0.52089846,71.13464
2939,801.91425,806.34467,79.39619,0.5290894,25.709621
2940,819.9773,807.70795,88.18294,0.52299803,806.0867
2941,802.1336,807.1505,82.16124,0.5240601,46.627037
2942,803.41516,806.777,75.200874,0.5204224,56.472843
2943,803.9114,806.4904,68.41984,0.5229859,59.40152
2944,816.3861,807.48,70.391075,0.5202759,484.89404
2945,803.61926,807.09393,64.69343,0.518335,56.639797
2946,844.94183,810.8787,187.1458,0.52453613,1909.5092
2947,802.59656,810.05054,174.60469,0.51412356,26.567173
2948,802.3181,809.2773,162.52534,0.52404785,26.664354
2949,803.60333,808.7099,149.17024,0.52170414,56.432156
2950,805.6478,808.4037,135.09708,0.52369386,130.27708
2951,834.4751,811.0108,182.76204,0.52617186,1411.382
2952,804.48596,810.35834,168.31744,0.5202759,101.25471
2953,803.5221,809.6747,155.69177,0.525647,52.180435
2954,803.9122,809.09845,143.11118,0.52595216,40.13267
2955,803.2871,808.51733,131.83951,0.52449954,64.140114
2956,802.79486,807.94507,121.60276,0.5277832,42.343693
2957,803.41907,807.4925,111.2861,0.5232666,43.086575
2958,801.91034,806.93427,102.96193,0.5178589,25.072945
2959,802.53186,806.494,94.41004,0.5244629,30.668152
2960,802.6743,806.11206,86.28215,0.52559817,61.126583
2961,801.1853,805.6194,79.83849,0.52752686,43.79547
2962,801.8019,805.2376,73.166245,0.5327515,44.894802
2963,805.0447,805.2183,65.85297,0.521228,175.31015
2964,801.0935,804.80585,60.798935,0.5286743,26.373442
2965,875.36096,811.8613,502.74124,0.5309326,3245.299
2966,802.5622,810.9314,460.24976,0.51827395,41.710667
2967,802.6617,810.10443,420.3797,0.5242554,35.73022
2968,804.0196,809.496,381.67398,0.5193726,96.77136
2969,816.9148,810.23785,348.46008,0.5284668,634.1781
2970,815.3789,810.75195,315.9928,0.52093506,551.5465
2971,802.9694,809.9737,289.84464,0.5232056,40.070923
2972,802.6833,809.2446,265.64368,0.52292484,38.74654
2973,802.25305,808.5455,243.4787,0.5233154,31.194891
2974,810.40735,808.7317,219.44283,0.5279419,397.6865
2975,801.3461,807.99316,202.40773,0.5230225,28.5864
2976,804.08606,807.6025,183.54085,0.5264649,88.86177
2977,802.4225,807.0845,167.60167,0.52580565,37.12482
2978,803.8867,806.7647,151.76181,0.5305176,59.299953
2979,833.5397,809.4422,201.10652,0.5235718,1156.8706
2980,801.6815,808.66614,186.4164,0.51921386,24.990284
2981,802.2772,808.0272,171.4484,0.52833253,31.157372
2982,805.18896,807.7434,155.02856,0.52319336,116.48777
2983,801.1168,807.08075,143.47775,0.528772,27.230057
2984,800.9269,806.46533,132.53828,0.5270142,23.352133
2985,802.1836,806.0372,120.93445,0.5264282,34.271473
2986,802.70776,805.7042,109.838646,0.5197266,70.4823
2987,801.5065,805.2844,100.44068,0.52559817,36.810402
2988,807.8108,805.53705,90.97104,0.5303589,238.2275
2989,802.384,805.22174,82.7687,0.5197388,37.00957
2990,806.1662,805.31616,74.57211,0.5240845,158.92679
2991,802.8689,805.0714,67.653915,0.5221802,29.468088
2992,803.6102,804.9253,61.08068,0.5214478,56.001694
2993,802.2783,804.6606,55.60319,0.51658934,36.712234
2994,805.04736,804.6993,50.056335,0.5242798,108.2197
2995,803.96155,804.6255,45.09968,0.5223633,43.846203
2996,800.8032,804.2433,41.904587,0.51931155,21.39329
2997,802.28625,804.0476,38.058823,0.5253784,74.698784
2998,803.3207,803.9749,34.300495,0.5243897,54.87226
2999,803.9514,803.97253,30.870493,0.52001953,74.51589
3000,807.5873,804.334,28.959417,0.5238892,211.27075
3001,803.91614,804.2922,26.07919,0.5175659,61.171024
3002,804.6836,804.3313,23.48506,0.5263916,118.68316
3003,811.9037,805.08856,26.297249,0.5168335,356.8542
3004,801.7744,804.75714,24.656046,0.52243656,24.277414
3005,801.185,804.3999,23.33886,0.52779543,21.830362
3006,802.1633,804.1763,21.455175,0.52310795,32.776787
3007,801.05695,803.8643,20.185373,0.52274173,25.014248
3008,801.7781,803.6557,18.558554,0.52829593,27.84997
3009,801.49194,803.43933,17.124065,0.5244507,28.349234
3010,801.2107,803.2165,15.858673,0.5265625,51.061165
3011,801.78467,803.0733,14.457315,0.53443605,68.95988
3012,802.5443,803.0204,13.036769,0.5310547,44.504578
3013,814.3325,804.1516,23.249886,0.52490234,422.0818
3014,804.5134,804.1878,20.93668,0.5157471,121.81993
3015,806.05896,804.37494,19.158121,0.5254639,241.67538
3016,802.5731,804.19476,17.534498,0.52432865,36.357845
3017,826.2515,806.40045,59.56612,0.5232666,1048.083
3018,841.95135,809.95557,167.35751,0.5196533,1764.0638
3019,928.33185,821.7932,1411.7867,0.5145874,5621.342
3020,802.861,819.9,1302.8666,0.5034424,25.52498
3021,801.4045,818.0505,1203.3676,0.5264282,22.372843
3022,802.5316,816.4986,1104.7059,0.5291504,54.08094
3023,802.125,815.0612,1012.82935,0.52296144,63.197525
3024,803.8932,813.9444,922.77167,0.5299072,72.04467
3025,804.0864,812.9586,839.24066,0.5209839,72.10351
3026,808.69214,812.532,756.95483,0.51939696,281.71722
3027,801.938,811.4726,691.3603,0.51948243,24.709751
3028,801.85876,810.5112,630.54254,0.52525634,26.401903
3029,802.07947,809.668,573.8868,0.517981,35.325516
3030,801.9231,808.89355,521.89667,0.5242432,45.731056
3031,807.865,808.7907,469.8022,0.52609867,297.19586
3032,805.2223,808.43384,423.968,0.5243897,93.05879
3033,801.75073,807.7655,385.59094,0.5224121,31.293112
3034,808.80615,807.86957,347.1293,0.52667236,308.04974
3035,801.92004,807.2746,315.60208,0.52816164,43.350033
3036,801.2098,806.6681,287.35223,0.52799076,29.975616
3037,802.43134,806.2444,260.2325,0.5313721,32.7174
3038,802.51904,805.8718,235.4583,0.5248901,44.2758
3039,802.8951,805.57416,212.70996,0.52504885,73.41947
3040,800.8284,805.0996,193.46594,0.5252442,26.016588
3041,800.67114,804.65674,175.88437,0.5309082,23.934683
3042,800.8849,804.27954,159.57634,0.5312988,42.214897
3043,806.3907,804.49066,144.01982,0.52675784,255.4972
3044,806.74585,804.7162,130.07556,0.52421874,139.34274
3045,816.8782,805.9324,130.38026,0.5236694,360.36957
3046,802.49225,805.5884,118.40733,0.515979,45.518215
3047,802.5219,805.28174,107.41289,0.5251709,55.785778
3048,802.338,804.98737,97.45149,0.5302124,48.47693
3049,802.38043,804.7267,88.31799,0.52735597,77.84886
3050,801.99786,804.4538,80.15637,0.5293457,36.741425
3051,801.51843,804.1603,72.91621,0.5282227,41.104733
3052,801.5778,803.90204,66.2248,0.5284668,22.992468
3053,802.4717,803.75903,59.78645,0.523523,46.552444
3054,822.7752,805.66064,86.35314,0.52572024,907.81647
3055,802.4148,805.33606,78.66602,0.5144531,29.045244
3056,817.01465,806.5039,83.07447,0.52500004,702.4578
3057,803.803,806.2338,75.42357,0.52004397,86.013824
3058,804.68726,806.07916,68.09648,0.52280277,71.52276
3059,804.81323,805.9526,61.43106,0.5199463,104.07608
3060,805.1836,805.8757,55.34117,0.51690674,137.63776
3061,816.19556,806.90765,59.392056,0.520813,609.60925
3062,842.5327,810.47015,167.67589,0.5187378,1863.3585
3063,802.54285,809.6774,156.5641,0.51601565,25.08319
3064,802.3778,808.94745,145.7033,0.52327883,62.18575
3065,807.4227,808.795,131.3422,0.5242676,277.94458
3066,803.20844,808.2363,121.01683,0.5175659,52.768513
3067,801.8573,807.59845,112.57742,0.521228,29.383953
3068,802.4037,807.079,103.748375,0.5300049,41.68764
3069,801.79504,806.5506,95.88634,0.5257446,27.177511
3070,817.48804,807.64435,97.06418,0.529126,720.51276
3071,802.1916,807.09906,90.03369,0.5204712,32.275047
3072,815.24493,807.91364,87.0023,0.5232666,611.02167
3073,804.3086,807.5531,79.47173,0.51917726,98.15791
3074,802.4994,807.0477,73.82316,0.524707,54.740677
3075,803.6181,806.7048,67.49945,0.52770996,73.54954
3076,802.9504,806.32935,62.018097,0.5232178,54.9464
3077,804.99634,806.19604,55.976208,0.528418,119.252556
3078,801.1304,805.68945,52.68808,0.5199097,25.519133
3079,802.263,805.3468,48.47592,0.52873534,44.797096
3080,809.2694,805.7391,45.013145,0.5241089,362.48355
3081,805.0237,805.66754,40.55789,0.5179688,141.62663
3082,890.674,814.1682,686.85114,0.5186524,3997.7668
3083,801.69836,812.9212,632.1607,0.51046145,24.031519
3084,803.4937,811.97845,576.9436,0.5270142,60.94599
3085,801.9781,810.9784,528.2499,0.5259277,56.349945
3086,804.4862,810.32916,479.21823,0.5234863,100.07255
3087,803.8229,809.6785,435.10626,0.5268677,75.84828
3088,805.3258,809.2433,393.30078,0.52319336,125.352776
3089,801.88403,808.5074,358.84497,0.52712405,56.182434
3090,801.1426,807.7709,327.8421,0.52924806,26.210669
3091,803.36035,807.32983,296.80862,0.5246094,54.157406
3092,801.31744,806.7286,270.38116,0.5234009,23.474287
3093,803.75085,806.4308,244.14107,0.5254883,52.24074
3094,801.804,805.96814,221.65358,0.5239868,41.034653
3095,799.8419,805.3555,202.86597,0.52884525,22.20454
3096,802.3098,805.05096,183.41425,0.52977294,67.070435
3097,800.696,804.6155,166.77975,0.52301025,21.244795
3098,803.9663,804.55054,150.13971,0.5258423,109.001236
3099,800.8959,804.18506,136.32784,0.5288208,25.883783
3100,800.6344,803.83,123.82969,0.5244873,21.022825
3101,800.4055,803.48755,112.50217,0.5331055,29.642132
3102,802.42426,803.3812,101.3537,0.52540284,53.23744
3103,832.12604,806.25574,165.5821,0.5265259,1387.8016
3104,804.1738,806.04755,149.41399,0.52093506,125.12277
3105,802.27496,805.6703,135.7535,0.53135985,69.44447
3106,801.0349,805.2067,124.11194,0.52365726,21.255667
3107,801.5387,804.8399,112.911644,0.52175295,46.52962
3108,801.51373,804.50726,102.61618,0.5281372,33.6852
3109,802.9398,804.3505,92.57568,0.52612305,79.18644
3110,800.61096,803.97656,84.5767,0.531665,25.533745
3111,801.2144,803.7003,76.80568,0.53050536,81.20502
3112,802.853,803.6156,69.18972,0.5331543,90.46088
3113,811.0062,804.3547,67.18667,0.5291504,409.77817
3114,801.11957,804.0312,61.409935,0.5207886,29.211275
3115,839.8405,807.6121,170.67664,0.528418,1792.7107
3116,803.0348,807.1544,155.49464,0.5257446,69.89403
3117,801.5516,806.5941,142.77045,0.51864016,40.821587
3118,800.3175,805.96643,132.03903,0.5287964,25.918018
3119,800.3135,805.4011,121.71115,0.5257446,20.750832
3120,803.21814,805.1828,109.96892,0.53005373,49.338192
3121,801.2324,804.7878,100.37652,0.5259277,35.068264
3122,801.376,804.4466,91.3865,0.5284058,26.548279
3123,802.20966,804.2229,82.6982,0.52647704,62.350388
3124,800.0043,803.801,76.03009,0.52543944,21.178288
3125,805.00916,803.9218,68.55844,0.5307007,153.74744
3126,802.0869,803.73834,62.00561,0.5276123,79.64758
3127,806.2777,803.9923,56.385406,0.5241333,235.85345
3128,802.39905,803.833,50.97533,0.52635497,60.008568
3129,801.7111,803.62085,46.283012,0.52557373,45.635105
3130,802.3348,803.49225,41.80357,0.52824706,75.20252
3131,844.10834,807.55383,186.0932,0.53182375,1933.9142
3132,821.60974,808.9594,185.26505,0.5273804,923.18555
3133,4539.6294,1182.0264,1.2527775e+06,0.5223877,169057.45
3134,802.96466,1144.1202,1.1404316e+06,0.5166626,55.175846
3135,804.2982,1110.1381,1.0367815e+06,0.52889407,154.31909
3136,803.42334,1079.4666,941569.94,0.5245728,91.41833
3137,802.8843,1051.8083,854297.7,0.5236694,66.94066
3138,810.657,1027.6932,774101.75,0.523169,332.0713
3139,803.8874,1005.3126,701199.56,0.51970214,84.65538
3140,805.1076,985.2921,634686.94,0.5265259,173.8799
3141,806.0795,967.37085,574108.75,0.5206299,206.22556
3142,838.6384,954.4976,518189.34,0.52469486,1576.6921
3143,814.5908,940.50696,468132.06,0.5209839,538.9679
3144,801.57983,926.61426,423055.9,0.5263428,31.963509
3145,804.4476,914.3976,382093.53,0.52839357,149.30826
3146,803.5349,903.31134,344990.3,0.5190064,68.87522
3147,817.8413,894.76434,311148.72,0.52296144,743.80853
3148,802.79333,885.56726,280795.12,0.52292484,36.04423
3149,807.31885,877.74243,253266.66,0.5236084,193.66603
3150,801.43445,870.11163,228464.05,0.5187256,26.293467
3151,801.0165,863.20215,206047.3,0.5210449,21.171518
3152,802.8339,857.16534,185770.56,0.52453613,95.92773
3153,803.5272,851.8015,167452.44,0.52351075,138.451
3154,801.22766,846.74414,150937.38,0.5247925,36.38596
3155,801.1538,842.1851,136030.69,0.5242432,44.64165
3156,801.52844,838.11945,122576.38,0.52536625,28.78945
3157,801.58813,834.4663,110438.85,0.5217285,56.370464
3158,801.15625,831.1353,99494.82,0.52919924,72.03693
3159,799.9602,828.0178,89632.805,0.53110355,20.944525
3160,800.90735,825.30676,80735.67,0.530835,34.079315
3161,800.72314,822.8484,72716.5,0.52780765,21.599697
3162,801.3249,820.69604,65486.543,0.5348267,45.867416
3163,800.3298,818.6594,58975.215,0.52956545,22.58225
3164,801.52155,816.9456,53104.125,0.5293701,41.17144
3165,803.4555,815.5966,47810.09,0.52327883,72.057556
3166,802.1227,814.2492,43045.42,0.5240723,27.68083
3167,802.4984,813.0741,38753.305,0.5203247,53.690292
3168,800.6283,811.8295,34891.914,0.53321534,22.936619
3169,802.9971,810.9463,31409.742,0.5210571,71.05117
3170,808.0133,810.653,28269.541,0.52431643,319.01425
3171,804.4897,810.0367,25446.006,0.5265991,144.39418
3172,801.38605,809.17163,22908.139,0.5282227,33.651844
3173,821.94916,810.4494,20632.018,0.5322754,912.7256
3174,802.83966,809.6884,18574.027,0.5225342,67.44654
3175,802.4806,808.96765,16721.3,0.5287842,56.20335
3176,803.3439,808.4053,15052.017,0.521814,69.512215
3177,801.80084,807.7448,13550.74,0.52034914,27.23764
3178,801.19653,807.08997,12199.525,0.5267822,29.540417
3179,802.31006,806.612,10981.629,0.5269043,85.54349
3180,801.29736,806.08057,9886.008,0.52598876,46.247852
3181,801.7438,805.6469,8899.1,0.534375,36.991566
3182,804.2527,805.5075,8009.3643,0.5245239,118.268234
3183,801.88135,805.1449,7209.6113,0.5253418,42.071987
3184,801.0683,804.73724,6490.146,0.5208252,29.061342
3185,802.80273,804.5438,5841.468,0.5258301,90.11108
3186,800.3967,804.1291,5258.8687,0.5262818,34.059402
3187,807.3154,804.44775,4733.8955,0.5317017,163.30519
3188,804.85144,804.4881,4260.5205,0.5241577,155.38155
3189,809.32184,804.9715,3836.571,0.5206299,275.55322
3190,803.03784,804.77814,3453.2505,0.52124023,58.169216
3191,801.4297,804.4433,3108.9343,0.52279055,28.179464
3192,801.33887,804.1329,2798.9082,0.524292,52.17358
3193,802.84985,804.0046,2519.1655,0.5285401,117.84877
3194,804.65216,804.06934,2267.2866,0.5305664,142.48276
3195,800.43823,803.70624,2041.7446,0.5212769,21.771477
3196,819.37805,805.27344,1859.6746,0.5276123,622.8834
3197,801.1411,804.8602,1675.2439,0.5231323,23.768003
3198,801.5978,804.534,1508.6774,0.5240235,31.131691
3199,801.49054,804.2297,1358.6432,0.52523196,27.143723
3200,801.1524,803.92194,1223.6311,0.5248413,36.413918
3201,801.2472,803.6545,1101.9119,0.5276856,25.254198
3202,815.9077,804.8798,1005.2334,0.52196044,604.3729
3203,808.5836,805.2502,905.9447,0.5167603,234.95244
3204,827.4816,807.4733,859.83154,0.52421874,1144.1125
3205,834.9236,810.2184,841.66486,0.519751,1511.4347
3206,808.6097,810.0575,757.73126,0.5229126,265.72168
3207,851.0071,814.15247,832.8763,0.5176148,2285.2812
3208,806.70087,813.4073,754.586,0.5225586,260.59503
3209,802.8042,812.347,689.24567,0.5262085,109.12731
3210,800.6052,811.1728,632.72925,0.5224121,21.280989
3211,804.92224,810.5477,572.97253,0.52591556,153.00641
3212,801.76227,809.6692,522.6219,0.5243897,65.132965
3213,804.66187,809.16846,472.61627,0.52662355,216.4218
3214,801.77734,808.4293,430.2712,0.5315674,58.401283
3215,821.6237,809.7488,402.91235,0.5265625,861.8021
3216,999.9893,828.7728,3619.8525,0.5213745,9025.721
3217,801.8194,826.0775,3323.251,0.51916504,25.840046
3218,801.2972,823.5995,3046.1917,0.5281006,25.733965
3219,801.9608,821.4356,2783.7134,0.5265991,50.10189
3220,805.49976,819.84204,2528.1975,0.5215454,120.922325
3221,800.5583,817.9137,2308.8455,0.51969,23.082155
3222,801.2005,816.2424,2103.1006,0.525647,31.458641
3223,809.21313,815.5394,1897.2373,0.5256958,370.16714
3224,1000.9566,834.0812,4801.6714,0.523523,8976.5625
3225,803.47925,831.021,4405.787,0.51480716,88.239975
3226,801.17633,828.0365,4045.3716,0.5194214,29.597841
3227,801.77795,825.41064,3702.8904,0.53203124,35.42588
3228,801.5405,823.0236,3383.8816,0.5198364,27.623077
3229,800.68036,820.7893,3090.4233,0.52310795,23.252207
3230,801.0901,818.8194,2816.3062,0.5281128,53.657524
3231,799.6654,816.904,2567.6943,0.52381593,18.735723
3232,800.5508,815.2687,2334.9932,0.5293091,32.564556
3233,801.8339,813.9252,2117.7383,0.52666014,59.43447
3234,801.3749,812.67017,1920.1403,0.52572024,31.486782
3235,801.19946,811.5231,1739.9681,0.5253784,37.498096
3236,800.7563,810.4464,1576.4044,0.52948,25.068922
3237,802.6469,809.66644,1424.2389,0.5292969,76.78154
3238,801.1039,808.8102,1288.4136,0.5258545,34.49257
3239,802.8507,808.21423,1162.7686,0.5261841,66.613846
3240,826.62805,810.0556,1077.0078,0.5240601,670.93695
3241,801.4302,809.19305,976.00287,0.5275879,82.56689
3242,799.86584,808.2603,886.2323,0.5329834,21.94701
3243,799.638,807.3981,804.30005,0.52625734,20.142086
3244,800.8499,806.7433,727.72906,0.5309448,24.164064
3245,803.16724,806.3857,656.10706,0.5286377,68.01984
3246,800.4311,805.7902,593.6875,0.5242798,29.449156
3247,801.47266,805.35846,535.99646,0.52891845,57.09314
3248,2273.9158,952.21423,194581.86,0.5244873,66581.48
3249,833.50433,940.34326,176391.95,0.5226807,1458.545
3250,802.39813,926.54877,160465.36,0.5230225,30.333244
3251,808.84265,914.77814,145665.73,0.52695316,316.04773
3252,800.6627,903.3666,132271.17,0.52572024,38.55654
3253,800.57385,893.0873,119995.03,0.52996826,27.994408
3254,802.36255,884.01483,108736.32,0.52713627,65.097885
3255,803.5228,875.96564,98445.8,0.52543944,112.405235
3256,801.23413,868.4925,89103.84,0.52575684,40.359818
3257,801.53467,861.7967,80596.96,0.52749026,43.31242
3258,799.68805,855.5858,72884.44,0.52871096,25.066261
3259,844.9428,854.5215,65606.19,0.53006595,2017.3667
3260,800.5719,849.1265,59307.516,0.52283937,20.639723
3261,801.08435,844.3223,53584.49,0.52563477,46.319702
3262,800.8298,839.9731,48396.28,0.5294922,24.547039
3263,804.0681,836.38257,43672.68,0.525354,146.60542
3264,800.7931,832.8236,39419.406,0.5245239,29.550594
3265,800.7123,829.6125,35570.266,0.52884525,28.454517
3266,800.88574,826.7398,32087.51,0.52866215,38.948742
3267,803.9147,824.4573,28925.648,0.5242432,141.71725
3268,800.42126,822.05365,26085.078,0.5256836,23.269794
3269,800.1178,819.86005,23519.875,0.5283081,36.730625
3270,801.0887,817.9829,21199.6,0.53325194,37.92767
3271,800.3877,816.2234,19107.502,0.52280277,30.840109
3272,800.74084,814.6751,17218.324,0.53186035,36.221245
3273,803.9464,813.60223,15506.851,0.52629393,116.02403
3274,814.5526,813.69727,13956.246,0.5286743,481.52484
3275,800.77594,812.40515,12575.647,0.52004397,33.989883
3276,840.45605,815.21027,11388.899,0.53128666,1842.403
3277,817.5804,815.44727,10250.515,0.52329105,770.01825
3278,812.3684,815.1394,9226.316,0.5236084,499.14682
3279,807.2339,814.3489,8309.31,0.5326416,170.0106
3280,802.89325,813.2033,7490.189,0.5185547,85.67428
3281,801.1007,811.99304,6754.3525,0.53281254,61.13565
3282,799.958,810.78955,6091.953,0.5259277,19.605793
3283,800.50757,809.76135,5492.2725,0.5266846,26.872402
3284,804.8712,809.27234,4945.1973,0.52437747,177.89537
3285,800.6151,808.4066,4457.4224,0.5267822,23.95676
3286,800.698,807.63574,4017.028,0.52943116,21.565393
3287,800.95496,806.96765,3619.3423,0.5258789,32.166862
3288,800.1023,806.2811,3261.65,0.5276856,22.009731
3289,799.7886,805.6319,2939.2786,0.527417,23.614729
3290,800.9555,805.16425,2647.3188,0.529126,49.33862
3291,805.4542,805.19324,2382.5945,0.526062,218.93839
3292,799.5387,804.6278,2147.2124,0.524353,18.975208
3293,799.90894,804.15594,1934.4952,0.5307129,24.863043
3294,820.43176,805.7835,1764.8868,0.527771,961.1066
3295,802.2094,805.4261,1589.5479,0.5230225,52.224342
3296,808.9426,805.7777,1431.7059,0.52509767,300.14215
3297,802.4581,805.44574,1289.5271,0.5253174,84.00481
3298,800.4054,804.9417,1162.8608,0.5286255,33.39765
3299,800.5162,804.49915,1048.3374,0.52919924,39.93023
3300,802.1733,804.26654,943.99054,0.52906495,59.79298
3301,800.98926,803.93884,850.5581,0.5270874,83.65853
3302,799.8968,803.53467,766.97266,0.52993166,25.9886
3303,801.3356,803.31476,690.7106,0.5326416,80.52218
3304,801.02325,803.08563,622.11206,0.5296387,33.561943
3305,800.0993,802.787,560.7035,0.5214111,19.980211
3306,800.6292,802.5712,505.05215,0.532959,27.365936
3307,804.1142,802.7255,454.7612,0.52526855,104.73077
3308,802.9252,802.7455,409.28867,0.5244507,102.85687
3309,800.6612,802.53705,368.75076,0.5288208,39.054363
3310,801.11804,802.39514,332.0569,0.5290039,32.76
3311,803.14404,802.47003,298.90167,0.5262818,118.00422
3312,800.58276,802.2813,269.33206,0.5263428,32.131577
3313,799.6122,802.0144,243.04004,0.5247925,24.414906
3314,801.7168,801.9846,218.74399,0.53665775,43.572536
3315,800.50214,801.83636,197.06738,0.5248901,25.608234
3316,801.0768,801.7604,177.41257,0.532605,57.295563
3317,800.99054,801.6834,159.72464,0.527063,43.173763
3318,819.96155,803.5112,173.8203,0.53043216,750.61017
3319,802.2379,803.3839,156.58418,0.52432865,68.801414
3320,800.0027,803.0458,141.9547,0.52432865,24.12383
3321,799.7394,802.71515,128.74313,0.5337402,32.660667
3322,799.0382,802.3475,117.08561,0.5330078,19.557766
3323,800.05286,802.11804,105.85092,0.53271484,30.592546
3324,802.3594,802.14215,95.271065,0.52747804,92.33008
3325,800.07227,801.9352,86.129555,0.52783203,20.165434
3326,801.2827,801.86993,77.55491,0.5279053,51.253204
3327,799.0947,801.5924,70.49258,0.533374,20.32376
3328,809.61346,802.39453,69.23368,0.53184813,365.4101
3329,801.82104,802.33716,62.339912,0.5265991,64.48929
3330,800.2177,802.12524,56.510204,0.5309448,24.815142
3331,800.5515,801.9679,51.082077,0.5318726,26.687521
3332,800.90796,801.8619,46.07498,0.5224487,33.402275
3333,802.6748,801.9432,41.52696,0.5306274,110.11989
3334,800.59326,801.80817,37.538265,0.5286499,34.644806
3335,799.12054,801.5394,34.434536,0.5351807,22.50463
3336,802.21106,801.60657,31.03168,0.5349121,73.81507
3337,799.81433,801.42737,28.2176,0.524707,25.985327
3338,799.9116,801.2758,25.602613,0.53428954,23.310518
3339,801.98193,801.34644,23.087225,0.53011477,91.474495
3340,799.7174,801.18353,21.017338,0.5308838,22.348541
3341,800.473,801.1125,18.961037,0.53286135,30.46176
3342,815.39215,802.54047,35.41672,0.5270508,684.4372
3343,799.82996,802.2694,32.536266,0.5228638,19.45087
3344,800.28394,802.07086,29.637428,0.53172606,27.836632
3345,806.04456,802.46826,28.094807,0.52698976,169.4694
3346,819.312,804.15265,50.819397,0.5285034,863.45166
3347,800.1081,803.74817,47.209713,0.52282715,23.785318
3348,802.2467,803.598,42.69164,0.5305176,121.01649
3349,805.64343,803.80255,38.799007,0.5345581,256.927
3350,801.95386,803.6177,35.226696,0.52910155,46.5071
3351,801.1304,803.36896,32.260826,0.52282715,25.27727
3352,799.89655,803.0217,30.11993,0.5249878,21.689396
3353,801.60803,802.8804,27.287806,0.53217775,65.533516
3354,802.26385,802.8187,24.593233,0.52780765,67.63509
3355,800.3543,802.57227,22.68051,0.5265503,35.458237
3356,800.19104,802.33417,20.92278,0.52784425,28.264088
3357,800.17773,802.1185,19.24902,0.5291626,32.963417
3358,799.83923,801.8906,17.791685,0.52500004,33.21303
3359,803.94226,802.09576,16.391346,0.52977294,97.785446
3360,800.4377,801.92993,14.999642,0.5286499,25.43196
3361,799.20935,801.6579,14.165818,0.5247803,18.54219
3362,802.7316,801.76526,12.852997,0.53651124,144.41437
3363,799.68066,801.5568,11.958795,0.5249634,20.39019
3364,809.4658,802.3477,16.392616,0.5297974,462.83014
3365,803.0122,802.4142,14.793094,0.5276123,94.69892
3366,802.81464,802.4542,13.328217,0.5295288,109.32102
3367,821.72095,804.3809,45.40399,0.5287232,918.68463
3368,799.74194,803.917,42.800404,0.5210083,21.81509
3369,801.1515,803.64044,39.208683,0.53059083,82.19896
3370,799.7889,803.2553,36.62292,0.5281372,27.818863
3371,812.1242,804.1422,40.039787,0.5342041,391.22073
3372,815.3053,805.25854,47.25111,0.52946776,478.0985
3373,802.9534,805.028,43.00422,0.5247925,97.427055
3374,801.0178,804.627,40.151146,0.5286255,30.99309
3375,800.0052,804.16486,38.058544,0.53177494,31.130995
3376,801.0653,803.8549,35.117336,0.5287598,39.645138
3377,800.0122,803.47064,32.93458,0.52977294,28.70155
3378,799.66345,803.0899,30.945646,0.5312256,22.005411
3379,799.5431,802.7352,28.983273,0.5338623,21.968548
3380,806.55237,803.11694,27.396294,0.53234863,313.52118
3381,843.5908,807.1643,172.08878,0.5293457,1315.8477
3382,806.4365,807.09155,154.92757,0.52232665,263.9756
3383,800.6116,806.44354,143.21393,0.5185669,25.679361
3384,799.5668,805.75586,133.14864,0.52921146,24.227264
3385,799.67883,805.14813,123.15749,0.52873534,21.11212
3386,800.5044,804.6838,112.78253,0.5279297,34.654785
3387,799.63934,804.1793,103.79444,0.525647,23.37283
3388,800.99615,803.861,94.32692,0.5351319,36.270657
3389,799.40765,803.4157,86.679146,0.52919924,26.988642
3390,799.90356,803.0645,79.1214,0.53516847,28.639334
3391,800.57666,802.81573,71.766304,0.5293091,39.69108
3392,803.85254,802.91943,64.68642,0.5305664,195.67241
3393,801.7288,802.80035,58.345352,0.5259644,97.722595
3394,800.4527,802.5656,53.006847,0.52576905,23.300837
3395,799.3064,802.2397,48.662186,0.52657473,20.03266
3396,799.2075,801.93646,44.62343,0.5327759,23.170094
3397,799.57166,801.69995,40.66439,0.53321534,27.534914
3398,800.7814,801.6081,36.67389,0.52747804,51.896606
3399,799.00775,801.3481,33.61506,0.5300171,20.998812
3400,800.29474,801.24274,30.35341,0.5294434,23.585415
3401,800.1153,801.13,27.43247,0.52988285,23.773209
3402,800.4688,801.0639,24.728569,0.52770996,28.633318
3403,803.2374,801.28125,22.68089,0.53011477,139.18335
3404,809.56104,802.10925,26.582735,0.5321533,370.2392
3405,799.14185,801.8125,24.716957,0.5252075,19.927385
3406,840.2204,805.6533,155.01025,0.5402832,1793.7057
3407,800.4551,805.1335,141.9412,0.5220337,24.966757
3408,800.1924,804.6394,129.94438,0.5275391,71.01558
3409,799.59485,804.13495,119.24022,0.5312256,22.376162
3410,802.897,804.01117,107.454124,0.5317871,100.98243
3411,801.64264,803.7743,97.21361,0.52769774,57.420498
3412,808.6629,804.2632,89.64311,0.52504885,287.8666
3413,800.0447,803.8413,82.28042,0.52500004,42.763783
3414,799.8583,803.443,75.48019,0.5298096,25.506796
3415,799.8904,803.0877,69.06806,0.52941895,27.394447
3416,800.3175,802.81067,62.851917,0.5286743,31.633013
3417,801.6315,802.69275,56.691868,0.52336425,49.464523
3418,800.05994,802.42944,51.64653,0.52404785,20.966763
3419,799.7355,802.16003,47.135048,0.5225464,21.721685
3420,799.9077,801.9348,42.878105,0.52662355,21.33296
3421,800.5993,801.8013,38.750816,0.528186,39.660843
3422,801.2554,801.7467,34.902554,0.5318726,51.528694
3423,800.06274,801.5783,31.667513,0.52487797,23.561045
3424,800.0054,801.421,28.723433,0.52507323,22.049036
3425,799.0247,801.1814,26.367893,0.53388673,20.364937
3426,801.2198,801.18524,23.731236,0.53569335,46.425457
3427,799.7445,801.04114,21.544926,0.5222046,22.312729
3428,800.36475,800.9735,19.431608,0.5271851,22.540257
3429,799.4529,800.8215,17.696556,0.5359985,26.60162
3430,805.7044,801.30975,18.072773,0.5343628,251.67104
3431,802.5731,801.4361,16.409143,0.52695316,79.66392
3432,800.54626,801.3471,14.839491,0.52806395,37.098007
3433,800.94293,801.3067,13.370243,0.5286865,51.63913
3434,799.6455,801.14056,12.281579,0.5304932,20.182913
3435,801.1349,801.14,11.053423,0.52766114,55.655533
3436,802.22656,801.24866,10.054333,0.53043216,62.44676
3437,801.8382,801.3076,9.080179,0.5230713,62.770958
3438,799.6826,801.14514,8.409818,0.5230225,22.45647
3439,800.7879,801.10944,7.580322,0.528125,40.780495
3440,800.1288,801.01135,6.9088407,0.52622074,32.515793
3441,803.26276,801.2365,6.67415,0.53199464,140.67046
3442,800.2285,801.13574,6.09818,0.5277832,30.485735
3443,800.4003,801.0622,5.537037,0.5313843,44.381023
3444,809.223,801.8783,10.977252,0.52404785,457.37555
3445,1091.4236,830.8328,7555.162,0.5265015,13196.704
3446,799.7611,827.72565,6886.536,0.5251221,24.631105
3447,803.1686,825.26996,6252.157,0.5265259,143.05211
3448,800.4301,822.78595,5682.4727,0.5294067,53.90253
3449,799.8323,820.4906,5161.6436,0.52280277,25.711258
3450,800.1708,818.4586,4682.6396,0.528186,51.63737
3451,800.73303,816.68604,4242.653,0.5288086,75.429726
3452,799.62427,814.97986,3844.5867,0.532666,24.925646
3453,800.2413,813.506,3479.6782,0.53358155,38.514194
3454,801.73584,812.329,3144.1785,0.530896,127.747086
3455,799.5427,811.05035,2844.4746,0.5286499,31.318731
3456,800.2578,809.97107,2570.5103,0.53396,35.787964
3457,800.3194,809.0059,2321.843,0.5243408,47.731262
3458,802.01605,808.30695,2094.056,0.5292603,59.374187
3459,801.1498,807.59125,1889.2606,0.52725834,38.243065
3460,821.9577,809.0279,1718.91,0.5303101,998.7124
3461,801.5272,808.27783,1552.0824,0.5322754,96.660835
3462,800.6892,807.519,1402.0569,0.535315,55.977318
3463,801.3596,806.9031,1265.2656,0.5303467,60.705654
3464,801.0439,806.31714,1141.8287,0.5310547,71.04643
3465,799.2615,805.6116,1032.1262,0.5287232,22.470617
3466,799.54553,805.00494,932.2253,0.53654784,26.102184
3467,802.00616,804.7051,839.8121,0.53493655,127.08734
3468,799.47546,804.1821,758.29224,0.5349243,24.09625
3469,799.32623,803.69653,684.58514,0.53162843,20.678642
3470,802.4463,803.57153,616.2673,0.5284058,73.992676
3471,800.92114,803.3065,555.27277,0.526062,39.166298
3472,801.15356,803.09125,500.16263,0.5291748,85.498695
3473,798.5956,802.64166,451.96533,0.5269653,17.735174
3474,799.1697,802.29443,407.85373,0.530835,20.113285
3475,800.2732,802.0923,367.43604,0.53006595,31.482235
3476,800.5851,801.9416,330.89688,0.52675784,59.083157
3477,799.02216,801.64966,298.57425,0.5282227,27.331818
3478,800.52856,801.53754,268.82993,0.53109133,54.55802
3479,800.2682,801.4106,242.09195,0.5350342,28.47926
3480,800.1804,801.2876,218.01895,0.5234863,30.450363
3481,801.45184,801.304,196.21948,0.5312256,74.32418
3482,799.9156,801.16516,176.77103,0.5275513,31.586082
3483,798.93787,800.94244,159.54039,0.5352295,19.527657
3484,799.0974,800.75793,143.89272,0.5298218,17.917568
3485,824.44214,803.12634,179.98817,0.5265137,1138.0117
3486,800.04706,802.8184,162.84273,0.51817626,31.424688
3487,799.19073,802.4556,147.74286,0.5308594,19.04904
3488,889.8274,811.1928,820.0129,0.5288086,4047.2107
3489,799.7545,810.04895,749.7867,0.5190186,19.658314
3490,831.71436,812.2155,717.05304,0.52657473,1473.6273
3491,801.0631,811.1003,656.54156,0.5216431,44.193058
3492,799.333,809.9236,603.34955,0.5298096,19.243912
3493,800.3192,808.96313,551.3165,0.5315186,56.91742
3494,799.69293,808.03613,503.9192,0.53304446,30.722097
3495,798.8883,807.12134,461.05872,0.53624266,19.869768
3496,800.8602,806.49524,418.48096,0.5282593,36.633156
3497,798.6937,805.7151,382.11057,0.521228,22.255013
3498,799.33594,805.07715,347.56192,0.53299564,23.235191
3499,804.0126,804.9707,312.9077,0.52473146,225.59933
3500,841.7842,808.65204,403.5878,0.53065187,1861.6156
3501,800.7368,807.86053,368.86758,0.5247925,81.57623
3502,798.7612,806.9506,339.43256,0.5273194,19.926786
3503,798.91925,806.14746,311.29456,0.53005373,21.71267
3504,798.5633,805.38904,285.34186,0.5310181,20.42902
3505,800.2855,804.87866,259.1518,0.5290405,44.526848
3506,807.1056,805.1014,233.68292,0.5354126,330.20392
3507,798.92114,804.48334,213.75221,0.52911377,27.277962
3508,798.4225,803.87726,195.68303,0.53117675,23.022142
3509,800.5258,803.5421,177.12561,0.5364868,53.764957
3510,799.3296,803.12085,161.01013,0.5303345,39.408657
3511,799.49396,802.7582,146.093,0.53177494,24.282728
3512,810.646,803.54694,137.0833,0.536438,496.6236
3513,804.30383,803.6226,123.42653,0.52729493,197.73792
3514,802.2859,803.48895,111.24469,0.53095704,76.79522
3515,809.9718,804.1372,103.90268,0.52821046,316.73474
3516,802.91437,804.0149,93.64699,0.5265381,88.16978
3517,897.10974,813.3244,864.2809,0.52866215,4436.2944
3518,800.33044,812.025,793.04865,0.523938,39.527126
3519,799.1232,810.73486,728.72485,0.5282227,23.84892
3520,799.0468,809.56604,668.14734,0.53493655,23.32157
3521,798.6499,808.4744,612.0572,0.5327881,24.4701
3522,798.13086,807.44006,560.48047,0.53393555,19.478254
3523,800.61,806.7571,508.6309,0.53560793,50.861374
3524,799.9706,806.0784,461.9129,0.53063965,35.275322
3525,802.8644,805.757,416.6513,0.53394777,190.36438
3526,807.5308,805.9344,375.26935,0.53560793,317.96002
3527,799.64014,805.30493,341.30798,0.52401125,28.123037
3528,801.291,804.90356,308.6272,0.53272706,93.275024
3529,803.9236,804.80554,277.8509,0.5251465,153.25362
3530,812.4697,805.57196,255.35236,0.5280884,616.20087
3531,799.12726,804.9275,233.55519,0.52941895,22.756563
3532,798.5198,804.28674,213.89496,0.5325684,25.98951
3533,799.1011,803.7682,194.92566,0.53411865,20.254606
3534,799.4333,803.3347,177.12431,0.53240967,25.140572
3535,800.3733,803.0386,160.20117,0.5304077,44.767715
3536,799.31396,802.66614,145.4296,0.5302002,19.847729
3537,800.79565,802.47906,131.2015,0.529126,51.59175
3538,800.27246,802.2584,118.51957,0.53015137,29.005978
3539,801.5382,802.1864,106.714294,0.53162843,70.49361
3540,799.97095,801.96484,96.484604,0.5279297,45.94854
3541,801.4006,801.90845,86.86479,0.53065187,102.972336
3542,799.6885,801.68646,78.62186,0.5253296,25.296364
3543,799.5588,801.4737,71.16711,0.5296387,19.546934
3544,798.9373,801.22003,64.62938,0.5306763,22.184717
3545,800.4144,801.13947,58.224854,0.5352173,83.32957
3546,800.13794,801.0393,52.49264,0.5332764,29.525679
3547,800.09766,800.9451,47.323177,0.5265381,24.98678
3548,799.6621,800.81683,42.739014,0.52572024,18.779064
3549,799.2024,800.6554,38.69969,0.532605,33.083504
3550,803.55066,800.94495,35.584152,0.5335571,116.94198
3551,809.96387,801.84686,39.34642,0.5244263,340.665
3552,800.76355,801.7385,35.5174,0.52125245,77.65073
3553,807.1524,802.2799,34.60357,0.53614503,312.6058
3554,809.4667,802.9986,35.79168,0.52770996,348.998
3555,800.0846,802.7072,32.976738,0.52973634,28.713165
3556,799.88086,802.42456,30.398008,0.53096926,39.397324
3557,802.03345,802.38544,27.371975,0.52608645,66.257904
3558,807.8129,802.92816,27.285965,0.52608645,406.7958
3559,802.0675,802.8421,24.624035,0.53100586,110.081985
3560,799.4949,802.5074,23.169985,0.5268311,19.958778
3561,799.93726,802.25037,21.447487,0.5334839,24.984083
3562,800.6703,802.09235,19.527435,0.5350952,43.164356
3563,800.6405,801.94714,17.764399,0.53218997,33.901535
3564,799.59235,801.7117,16.487015,0.52625734,26.566828
3565,800.0939,801.54987,15.073867,0.5324585,64.16571
3566,799.3827,801.3331,13.989178,0.5324585,25.717724
3567,799.78,801.1778,12.80735,0.530188,23.628551
3568,800.8279,801.1428,11.537635,0.5312988,50.648445
3569,799.22955,800.9515,10.7133255,0.52784425,23.580526
3570,799.96826,800.85315,9.728996,0.5289429,53.320717
3571,799.34094,800.7019,8.9619055,0.53013915,25.292809
3572,800.13916,800.6456,8.094215,0.5263428,44.936546
3573,799.49335,800.5304,7.4042916,0.5259766,26.81318
3574,800.6218,800.53955,6.6646147,0.5270996,39.623905
3575,834.1454,803.90015,107.63985,0.5279419,1591.3246
3576,799.17554,803.4277,98.884834,0.5285034,20.346523
3577,799.75305,803.0602,90.2116,0.5341309,32.046898
3578,800.27234,802.7814,81.88992,0.52977294,62.55452
3579,799.29443,802.4327,74.79521,0.54031986,31.116459
3580,799.62787,802.1522,68.02372,0.53190917,53.777966
3581,801.34564,802.07153,61.279896,0.5288208,93.23927
3582,800.1029,801.8747,55.5007,0.5291382,78.20641
3583,799.87573,801.6748,50.310257,0.5382202,38.008995
3584,799.5312,801.46045,45.692787,0.5345093,28.060076
3585,1069.0781,828.2222,6486.8535,0.5298462,12179.479
3586,799.7361,825.3736,5911.199,0.52453613,22.804436
3587,800.46484,822.8827,5375.919,0.5291504,29.235153
3588,799.201,820.5145,4888.8013,0.5226685,22.935907
3589,800.5138,818.51447,4435.924,0.5317871,41.177082
3590,800.1615,816.6792,4022.6462,0.52911377,36.396576
3591,799.4376,814.955,3647.136,0.53408206,30.068726
3592,798.32733,813.29224,3307.3054,0.53214115,17.471361
3593,798.6102,811.82404,2995.9753,0.53510743,19.39176
3594,798.6148,810.5031,2712.0813,0.5362183,26.619768
3595,798.9701,809.3498,2452.844,0.53597414,24.093092
3596,801.4353,808.55835,2213.197,0.531604,89.70653
3597,799.831,807.6856,1998.7323,0.5322754,44.825478
3598,799.1881,806.8359,1805.3577,0.5322754,26.05768
3599,800.0172,806.154,1629.0063,0.5365967,50.710598
3600,799.0255,805.44116,1470.6791,0.53023684,25.020132
3601,800.4969,804.9467,1325.8113,0.52451175,38.271065
3602,799.43713,804.39575,1195.962,0.52305907,21.007101
3603,803.17865,804.27405,1076.4991,0.53150636,191.5166
3604,799.0251,803.74915,971.3288,0.5333008,16.764326
3605,804.6388,803.83813,874.26715,0.5289795,170.09314
3606,798.22455,803.2768,789.6765,0.52540284,20.879026
3607,801.05304,803.05444,711.1539,0.5371704,106.57639
3608,798.60455,802.60944,641.8206,0.5322632,23.953455
3609,816.4907,803.99756,594.98065,0.53701174,805.06793
3610,799.7412,803.5719,537.11304,0.5287598,23.345741
3611,801.6835,803.38306,483.7227,0.52767336,137.33565
3612,799.11743,802.9565,436.988,0.5301758,18.682718
3613,799.4861,802.60944,394.37314,0.5321533,52.0264
3614,799.4347,802.292,355.84293,0.534729,41.924267
3615,798.94653,801.95746,321.2659,0.52996826,24.69796
3616,797.9405,801.5558,290.59155,0.53272706,17.549679
3617,798.8707,801.2873,262.18124,0.5348267,18.261562
3618,803.42377,801.5009,236.37392,0.5322876,121.33777
3619,800.8391,801.43475,212.77594,0.5283203,88.15714
3620,800.0409,801.29535,191.6732,0.5324341,64.837364
3621,804.82404,801.6482,173.62653,0.5357666,158.32385
3622,941.9696,815.68036,1928.3728,0.5302246,6364.8193
3623,827.1366,816.826,1747.3475,0.52193606,1064.5447
3624,901.4261,825.286,2216.7585,0.52481693,4590.5483
3625,801.4606,822.90344,2046.1713,0.52161866,100.41592
3626,798.5155,820.46466,1895.0835,0.5323364,18.049656
3627,798.54846,818.2731,1748.8038,0.53306884,18.770216
3628,799.01685,816.3475,1607.2955,0.537085,29.108997
3629,798.996,814.6123,1473.6626,0.53673095,27.257261
3630,799.5028,813.1014,1346.843,0.5293579,28.924583
3631,799.08813,811.7001,1229.832,0.5307495,22.789183
3632,801.255,810.6556,1116.6677,0.52491456,81.84471
3633,800.57385,809.6474,1014.14856,0.528125,72.86979
3634,803.3578,809.01843,916.294,0.5324585,227.33842
3635,799.3463,808.0512,833.08405,0.5319336,30.563105
3636,800.4495,807.291,754.9763,0.53218997,74.98653
3637,814.6631,808.0282,684.36993,0.5376099,486.13937
3638,799.09216,807.1346,623.1197,0.5282593,20.093376
3639,799.4166,806.3628,566.1687,0.5315552,38.47448
3640,798.2406,805.5506,515.4891,0.5348999,19.702236
3641,799.3795,804.9335,467.36755,0.53321534,22.823156
3642,801.15576,804.5557,421.9152,0.5332886,54.877167
3643,801.22687,804.22284,380.72098,0.52965087,55.13694
3644,806.2444,804.425,343.01666,0.5290772,289.63785
3645,798.98535,803.88104,311.37805,0.5282593,24.505295
3646,799.0177,803.3947,282.36893,0.5285889,17.562862
3647,799.454,803.0006,255.52968,0.52847904,55.05619
3648,800.59265,802.7598,230.49854,0.53457034,114.2013
3649,797.82385,802.26624,209.64142,0.5324219,17.48013
3650,798.9625,801.93585,189.65958,0.5358521,25.758747
3651,800.2672,801.769,170.94421,0.5315308,37.596237
3652,802.23175,801.81525,153.86905,0.52911377,124.45873
3653,800.7976,801.7135,138.57535,0.52995604,31.466133
3654,798.40845,801.383,125.700905,0.5309815,19.275196
3655,798.408,801.0855,113.92735,0.5371704,21.63764
3656,798.75635,800.8526,103.022865,0.5358154,25.179003
3657,799.6255,800.72986,92.8561,0.5292725,36.28212
3658,799.8096,800.6378,83.64671,0.5282715,36.872074
3659,802.1167,800.7857,75.47888,0.53706056,89.97937
3660,798.5617,800.5633,68.376144,0.53082275,18.490673
3661,800.2081,800.5278,61.549877,0.5329834,43.282036
3662,801.4033,800.61536,55.463882,0.52784425,57.65258
3663,800.40576,800.5944,49.921448,0.5312378,57.795887
3664,799.00604,800.4356,45.15637,0.52712405,26.074793
3665,823.0996,802.702,86.86986,0.5320191,763.16425
3666,800.928,802.5246,78.466125,0.5214844,72.567085
3667,799.2117,802.1933,71.60731,0.5315674,27.755865
3668,799.604,801.9344,65.04998,0.53321534,39.138355
3669,800.5674,801.79767,58.71316,0.5305176,29.888361
3670,844.90826,806.1087,220.10895,0.5295288,2034.8237
3671,800.3341,805.53125,201.09918,0.52476805,26.341293
3672,802.12555,805.1907,182.03316,0.5286865,144.37508
3673,799.1516,804.5868,167.11217,0.5320679,27.015224
3674,799.24146,804.05225,152.97249,0.53250736,31.582682
3675,798.8457,803.5316,140.11497,0.5327881,21.436565
3676,799.4044,803.1189,127.636505,0.5282715,29.548473
3677,800.5769,802.8647,115.454414,0.5291504,88.75356
3678,798.80237,802.45844,105.39419,0.5296387,24.979864
3679,804.04065,802.61664,95.08008,0.53218997,199.18286
3680,799.839,802.33887,86.26645,0.5238892,31.631033
3681,806.9541,802.8004,79.55683,0.53322756,364.6744
3682,800.81976,802.60236,71.954216,0.5333252,72.4769
3683,799.82074,802.3242,65.455154,0.52591556,48.69924
3684,800.39844,802.13165,59.243416,0.53317875,63.087914
3685,798.59033,801.7775,54.44776,0.5344605,22.681013
3686,798.9453,801.4943,49.724915,0.5267334,33.960785
3687,834.92847,804.83777,145.3582,0.53756106,1617.9254
3688,799.0527,804.2593,133.83443,0.5252808,32.673763
3689,798.75574,803.7089,123.176994,0.5331055,21.436731
3690,799.62885,803.3009,112.35753,0.5270874,21.903025
3691,801.70337,803.1412,101.35146,0.52824706,118.23087
3692,799.36346,802.7634,92.50071,0.53406984,26.352348
3693,801.5446,802.64154,83.38433,0.5353516,92.70183
3694,798.2252,802.1999,76.80125,0.5300415,15.926292
3695,798.2582,801.8057,70.51946,0.53664553,20.44312
3696,801.48645,801.7738,63.47669,0.5389282,130.67142
3697,798.8464,801.4811,57.900303,0.5297974,20.710371
3698,803.5514,801.6881,52.49603,0.5358887,156.29509
3699,812.4448,802.7638,57.660046,0.5322022,365.0597
3700,799.46716,802.43414,52.87214,0.5255249,22.147272
3701,804.07153,802.5979,47.826218,0.53525394,239.90437
3702,799.6719,802.3053,43.81414,0.534729,29.452524
3703,799.4989,802.02466,40.141552,0.53182375,32.24335
3704,799.0797,801.73016,36.90794,0.5309448,23.351332
3705,799.221,801.47925,33.78377,0.5290405,38.204895
3706,802.5403,801.5853,30.506716,0.52906495,135.01881
3707,799.0838,801.3352,28.01923,0.5320801,25.051277
3708,798.8594,801.08765,25.768984,0.52629393,20.530157
3709,799.707,800.9496,23.363647,0.5305786,28.969904
3710,799.9353,800.84814,21.119871,0.5300415,51.295937
3711,799.1461,800.6779,19.268604,0.5302124,30.536598
3712,798.93494,800.5036,17.615162,0.5305176,29.522734
3713,798.7053,800.3238,16.144688,0.53204346,24.5179
3714,798.4596,800.1374,14.842989,0.53286135,17.739672
3715,800.27405,800.15106,13.360371,0.52783203,56.23888
3716,799.3624,800.0722,12.080309,0.5336792,31.457077
3717,801.63934,800.22894,11.09331,0.5338623,131.72728
3718,798.4678,800.05286,10.263134,0.5348633,33.529568
3719,798.1564,799.8632,9.560519,0.5355469,20.448214
3720,799.0853,799.7854,8.658928,0.5359375,32.84012
3721,800.05225,799.8121,7.7994437,0.5310303,40.120575
3722,799.7046,799.80133,7.020539,0.5303833,65.353325
3723,798.26465,799.64764,6.53101,0.52923584,19.256062
3724,798.46545,799.5294,6.0036902,0.5371582,22.7095
3725,800.3107,799.60754,5.4582615,0.5292969,84.38206
3726,798.51733,799.49854,5.0194054,0.5367188,22.557554
3727,805.8152,800.1302,8.108471,0.5359619,265.3062
3728,800.1948,800.13666,7.2979994,0.53078616,69.18039
3729,798.58435,799.98145,6.7850685,0.53214115,22.069923
3730,799.18524,799.90186,6.163616,0.5312256,31.010086
3731,798.67255,799.77893,5.6832623,0.5304443,23.248575
3732,799.07733,799.70874,5.1592374,0.5340576,24.70054
3733,798.37335,799.5752,4.8038073,0.5302124,24.640368
3734,800.4892,799.6666,4.3986125,0.53461915,74.16925
3735,799.2379,799.6238,3.9752924,0.5289795,33.962082
3736,834.3052,803.0919,111.8297,0.53308105,1620.1233
3737,799.17786,802.7005,102.02551,0.52666014,28.45524
3738,802.3745,802.6679,91.83253,0.53199464,131.24689
3739,801.13635,802.5148,82.86038,0.53009033,80.7024
3740,799.47266,802.2106,75.40724,0.5314819,24.402966
3741,799.5786,801.9474,68.48996,0.529541,29.21269
3742,798.99274,801.6519,62.426655,0.52924806,23.665867
3743,799.2488,801.4116,56.703743,0.5295777,25.627842
3744,799.0345,801.1739,51.54194,0.5344605,22.096983
3745,799.6146,801.01794,46.60656,0.5271851,51.285763
3746,799.8541,800.90155,42.067806,0.5335205,47.59348
3747,802.8959,801.10095,38.218983,0.53338623,149.11711
3748,799.8613,800.977,34.535385,0.52973634,36.952305
3749,799.563,800.8356,31.261791,0.53214115,46.291763
3750,799.03784,800.6558,28.426476,0.534021,27.810638
3751,800.42267,800.6325,25.58872,0.5338257,42.47643
3752,800.01306,800.57056,23.064383,0.5286743,26.55287
3753,802.0493,800.71844,20.95475,0.5249268,130.94075
3754,798.37964,800.48456,19.351576,0.526416,21.878696
3755,800.1929,800.4554,17.424076,0.535083,68.04092
3756,798.53186,800.26306,16.014662,0.53184813,23.343786
3757,798.83124,800.1199,14.597706,0.5314453,22.678165
3758,799.6497,800.0729,13.157828,0.53511965,42.650116
3759,812.3481,801.3004,25.40331,0.5331055,627.05615
3760,798.18713,800.9891,23.735306,0.5354614,18.40473
3761,800.3313,800.9233,21.400715,0.53637695,63.373577
3762,799.0159,800.73254,19.58806,0.53239745,35.42421
3763,799.5636,800.61566,17.752232,0.53438723,44.383045
3764,799.5945,800.51355,16.07086,0.5262085,47.50608
3765,798.90125,800.3523,14.697731,0.5315186,21.710104
3766,798.7218,800.1893,13.467223,0.5296631,20.039906
3767,799.41187,800.1115,12.174893,0.53361815,31.32387
3768,798.57153,799.9575,11.170841,0.52946776,44.014584
3769,797.71075,799.73285,10.508073,0.53466797,21.374641
3770,798.4338,799.60297,9.609149,0.5343628,20.532803
3771,798.8541,799.5281,8.698702,0.53322756,22.336382
3772,806.0698,800.18225,11.680333,0.5304932,299.35327
3773,803.78674,800.5427,11.681612,0.5266113,231.86632
3774,800.7269,800.56116,10.516504,0.52969974,91.928986
3775,799.40344,800.4454,9.585481,0.5364502,28.684568
3776,798.7521,800.27606,8.884986,0.5289429,21.782965
3777,799.96436,800.2449,8.005232,0.53619385,59.180492
3778,800.1726,800.2377,7.2051787,0.52883303,66.050316
3779,800.04266,800.21814,6.4880834,0.5322754,58.97558
3780,799.53766,800.1501,5.88095,0.5297608,39.482094
3781,798.0161,799.9367,5.7027,0.5294922,18.644915
3782,798.1943,799.76245,5.4056764,0.53294677,22.117514
3783,797.76025,799.56226,5.2259,0.53218997,17.699232
3784,798.6525,799.4713,4.777795,0.5299072,28.345638
3785,802.2578,799.74994,4.9988275,0.5361328,151.38937
3786,798.68115,799.64307,4.6017523,0.5334717,38.61297
3787,798.47687,799.5264,4.263979,0.5355469,24.401262
3788,798.29504,799.4033,3.9740489,0.52924806,19.329966
3789,799.0658,799.36957,3.586897,0.5387085,41.669743
3790,801.75793,799.6084,3.7415938,0.53403324,125.33366
3791,802.3414,799.8817,4.0396566,0.53109133,176.8975
3792,799.9721,799.89075,3.6364264,0.53385013,66.07964
3793,798.12134,799.7138,3.5545564,0.5397583,21.327353
3794,798.3441,799.57684,3.3679452,0.53580326,34.960667
3795,798.2462,799.4438,3.190502,0.5376343,29.491703
3796,799.26654,799.4261,2.874279,0.5335083,36.430023
3797,799.06354,799.38983,2.598681,0.5331543,27.313519
3798,805.03925,799.9548,5.2112417,0.5320923,252.85428
3799,798.0709,799.76636,5.0095177,0.5332031,17.801884
3800,799.13446,799.7032,4.5445023,0.53465575,36.737694
3801,799.3966,799.67255,4.0985107,0.5324585,29.051847
3802,799.4277,799.6481,3.6940563,0.5276856,66.184525
3803,797.97986,799.48126,3.5751145,0.53272706,19.049425
3804,798.69556,799.4027,3.2731628,0.53448486,28.047405
3805,804.55994,799.91846,5.3395753,0.5275879,292.9395
3806,802.95337,800.2219,5.6345797,0.53063965,183.37585
3807,799.57404,800.1571,5.1089,0.53096926,65.90455
3808,804.7743,800.61884,6.516668,0.53050536,267.3319
3809,798.1278,800.36975,6.4234705,0.5320923,23.206408
3810,797.8948,800.12225,6.3324184,0.53068846,16.831717
3811,816.5266,801.7627,29.918442,0.5324585,766.39984
3812,802.65924,801.85236,26.998938,0.52332765,137.72942
3813,798.49896,801.517,25.311115,0.5255127,23.972532
3814,797.98193,801.1635,23.904724,0.5379883,21.17277
3815,800.1339,801.06055,21.60966,0.53444827,44.761696
3816,800.0243,800.9569,19.545336,0.5385254,60.192135
3817,798.9478,800.756,17.954084,0.53321534,28.458925
3818,799.43567,800.62396,16.315565,0.53652346,39.45266
3819,804.4554,801.0071,16.00519,0.5315308,173.48145
3820,799.67926,800.87427,14.563351,0.5337891,40.23797
3821,798.63586,800.65045,13.557956,0.532959,19.288618
3822,1751.485,895.7339,81379.97,0.53099364,43099.965
3823,799.35535,886.096,74077.96,0.52409667,41.2944
3824,799.8667,877.4731,67339.35,0.5342774,35.101654
3825,798.26373,869.5521,61170.086,0.529895,19.199633
3826,798.0259,862.3995,55513.516,0.53494877,18.530062
3827,798.5764,856.01715,50328.77,0.53299564,27.213419
3828,798.66113,850.28156,45591.965,0.5322754,26.81617
3829,799.0032,845.1537,41269.418,0.52974856,22.233564
3830,798.20264,840.45856,37340.87,0.52629393,32.035843
3831,797.3495,836.14764,33774.04,0.5336792,15.853024
3832,799.2758,832.46045,30518.992,0.53443605,56.861084
3833,797.0436,828.91876,27579.984,0.5281372,17.068851
3834,797.8656,825.8135,24908.771,0.535083,19.482956
3835,798.9231,823.12445,22482.97,0.53704834,28.458105
3836,797.6065,820.57263,20293.28,0.53580326,19.607298
3837,798.17676,818.33307,18309.094,0.5327881,26.538132
3838,797.6812,816.2679,16516.568,0.5341309,19.450827
3839,798.0309,814.4442,14894.845,0.53615725,30.447594
3840,799.3586,812.93567,13425.842,0.5389282,58.758446
3841,798.3828,811.4804,12102.318,0.5366821,20.661125
3842,798.66595,810.199,10906.865,0.53421634,47.526806
3843,802.07556,809.38666,9822.117,0.53791505,203.46587
3844,798.1687,808.2649,8851.23,0.5325195,18.018633
3845,798.1056,807.24896,7975.3965,0.5291748,29.748926
3846,798.6399,806.38806,7184.5273,0.53516847,31.289862
3847,797.7185,805.5211,6472.839,0.5338745,22.527212
3848,797.62085,804.7311,5831.172,0.53670657,16.349482
3849,797.6011,804.01807,5252.63,0.5358643,20.243069
3850,803.403,803.95654,4727.4004,0.5401001,236.50945
3851,798.03516,803.3644,4257.816,0.53458256,22.276775
3852,798.4674,802.8747,3834.1924,0.5369385,21.453829
3853,798.29407,802.4166,3452.6614,0.5320191,27.864647
3854,798.1682,801.99176,3109.0195,0.5353516,22.966774
3855,826.3219,804.4248,2851.3936,0.5309326,955.1974
3856,816.28625,805.61096,2578.9165,0.5290772,628.03925
3857,800.4159,805.09143,2323.4539,0.5227539,39.336998
3858,799.23315,804.5056,2094.197,0.5277466,40.16702
3859,814.27185,805.48224,1893.3613,0.532666,728.65906
3860,800.97754,805.03174,1705.8514,0.5321655,80.00131
3861,798.5856,804.38715,1539.006,0.53403324,24.787655
3862,805.31067,804.4795,1385.1821,0.5358154,298.55084
3863,798.00696,803.8322,1250.4343,0.530896,21.257639
3864,798.3451,803.2835,1128.1006,0.5363892,31.069881
3865,798.05927,802.7611,1017.7468,0.53573,24.043253
3866,799.67017,802.452,916.832,0.5369385,59.772594
3867,798.33594,802.0404,826.6735,0.53154296,19.120302
3868,798.65247,801.7016,745.0392,0.5321533,23.132946
3869,799.6261,801.494,670.923,0.53654784,64.185936
3870,804.4779,801.7924,604.632,0.53425294,235.78091
3871,798.0173,801.4149,545.4515,0.5276489,32.03673
3872,798.971,801.17053,491.44388,0.5331665,48.842567
3873,797.90015,800.8435,443.2621,0.53341067,31.244783
3874,808.3021,801.58936,403.94266,0.5328003,391.8987
3875,799.6336,801.3938,363.89264,0.5269287,77.43112
3876,799.3985,801.1943,327.8617,0.5299927,41.570408
3877,797.9922,800.8741,295.99832,0.5283691,18.58353
3878,797.81903,800.5686,267.2385,0.53900146,18.965374
3879,798.8113,800.3929,240.79257,0.53876954,33.410805
3880,800.0899,800.3626,216.72157,0.53250736,94.33075
3881,799.76526,800.30286,195.08153,0.5355469,49.912666
3882,798.265,800.09906,175.94713,0.53286135,21.944454
3883,798.1843,799.9076,158.68237,0.5343628,19.380291
3884,808.2562,800.74243,149.08711,0.53411865,422.65668
3885,797.52014,800.4202,135.11288,0.5289795,18.004807
3886,797.76794,800.155,122.23471,0.5364868,20.223154
3887,798.1434,799.95386,110.37545,0.5385132,19.144627
3888,799.8684,799.9453,99.33856,0.5332764,78.801834
3889,798.16284,799.7671,89.69065,0.52835697,21.743925
3890,798.8666,799.67706,80.79457,0.52939457,32.169125
3891,799.29565,799.6389,72.7282,0.5312378,24.421934
3892,799.9931,799.6743,65.46667,0.5283691,69.60752
3893,798.067,799.5136,59.152504,0.5322876,20.477758
3894,797.792,799.34143,53.50401,0.53182375,26.047575
3895,798.6885,799.2761,48.19198,0.5331665,30.72501
3896,798.22095,799.1706,43.472984,0.53790283,38.25105
3897,798.8499,799.13855,39.13494,0.5348755,27.965187
3898,806.9048,799.91516,40.649742,0.53177494,319.93262
3899,798.4357,799.7672,36.781754,0.5224487,21.121258
3900,797.5776,799.5482,33.535084,0.53326416,15.581814
3901,797.5172,799.3451,30.552824,0.53200686,15.895263
3902,798.2644,799.237,27.602652,0.53791505,21.11533
3903,797.58875,799.07214,25.086893,0.5314331,16.104162
3904,798.5913,799.02405,22.599012,0.5336792,21.08689
3905,797.8596,798.9076,20.461142,0.53150636,23.426918
3906,802.2258,799.23944,19.40599,0.5384766,135.43921
3907,799.2634,799.2418,17.465443,0.531665,25.324507
3908,798.9042,799.20807,15.729158,0.53011477,41.528988
3909,803.03204,799.59045,15.472293,0.53562015,162.22401
3910,798.6385,799.49524,14.006625,0.52458495,64.99403
3911,801.48987,799.6947,12.964031,0.5340088,102.742775
3912,797.6405,799.48926,12.047403,0.5336914,17.21596
3913,799.47217,799.48755,10.8426895,0.53790283,53.568
3914,797.86,799.32477,9.996827,0.5286255,19.146524
3915,797.92975,799.18524,9.172291,0.5384399,18.398298
3916,797.69006,799.0357,8.456262,0.5339722,18.234
3917,799.1951,799.05164,7.6129227,0.53398436,62.266533
3918,798.8075,799.0272,6.8569946,0.5348755,26.530878
3919,798.3585,798.9603,6.2115397,0.53162843,22.81687
3920,798.03424,798.86774,5.6675725,0.53125,30.448761
3921,798.5596,798.8369,5.109362,0.53532714,27.305319
3922,797.7919,798.7324,4.6967163,0.53081053,19.980001
3923,802.4863,799.1078,5.4953074,0.53619385,182.87074
3924,798.973,799.0943,4.947411,0.529895,64.35051
3925,799.0177,799.0867,4.4531975,0.53601074,46.20683
3926,799.1412,799.0921,4.008145,0.530481,65.97817
3927,798.81604,799.0645,3.614189,0.5346924,23.023716
3928,798.727,799.03076,3.2630231,0.52933353,21.25218
3929,797.671,798.8948,3.1031213,0.53338623,17.93354
3930,797.5829,798.7636,2.947704,0.5355835,16.468773
3931,802.3211,799.1194,3.7919528,0.5389282,130.27635
3932,798.8268,799.09015,3.4204628,0.5284546,45.36971
3933,797.3677,798.9179,3.3454387,0.5371216,18.847593
3934,797.78754,798.8049,3.1258914,0.53532714,23.00481
3935,799.5248,798.87683,2.8599465,0.53204346,81.5919
3936,797.518,798.74097,2.7401283,0.536853,23.335064
3937,798.0484,798.6717,2.5092838,0.5369019,18.061436
3938,800.2974,798.8343,2.4962258,0.52956545,83.08394
3939,798.2386,798.7747,2.2785408,0.53146976,39.83189
3940,798.3742,798.7347,2.0651236,0.5328736,22.87844
3941,802.27637,799.08887,2.9875305,0.53408206,154.63336
3942,798.86865,799.06683,2.693142,0.5289551,25.971144
3943,800.756,799.2357,2.6806176,0.5268921,86.352135
3944,804.73474,799.78564,5.134089,0.525354,213.39114
3945,798.41455,799.64856,4.7898707,0.5302612,22.799513
3946,797.6549,799.4492,4.6686025,0.5328003,16.680717
3947,797.91376,799.29565,4.41393,0.53891605,27.94132
3948,811.63806,800.5299,17.682688,0.532666,603.26953
3949,798.915,800.3684,16.149137,0.52667236,32.33734
3950,798.3976,800.1713,14.883797,0.53150636,30.911642
3951,800.0242,800.1566,13.397366,0.5292969,62.997513
3952,797.99536,799.9405,12.478021,0.526709,28.208479
3953,799.0387,799.85034,11.30341,0.5366211,53.99758
3954,798.1732,799.6826,10.426216,0.53068846,36.191216
3955,798.0143,799.5158,9.634095,0.53396,25.09551
3956,797.6869,799.3329,8.97173,0.53610843,16.288872
3957,801.7259,799.5722,8.589939,0.53421634,173.529
3958,800.05994,799.621,7.7523546,0.52861327,43.660854
3959,797.7827,799.43713,7.281246,0.5230225,22.319576
3960,797.5771,799.2511,6.864501,0.5348145,19.097881
3961,798.86975,799.21295,6.191139,0.53831786,36.471283
3962,798.9481,799.18646,5.5783377,0.5331299,29.460815
3963,797.52905,799.02075,5.2677345,0.5340088,19.184914
3964,797.4196,798.86066,4.971688,0.5365845,17.570063
3965,797.6591,798.7405,4.6044517,0.5341919,22.941153
3966,799.36475,798.8029,4.17908,0.53448486,66.04444
3967,885.5718,807.4798,681.3563,0.5346436,3116.1606
3968,798.10876,806.5427,621.12415,0.5245728,26.055067
3969,798.3163,805.7201,565.1024,0.53217775,19.991753
3970,798.2289,804.97095,513.6428,0.5319702,19.608309
3971,855.30554,810.0044,690.3,0.5312378,2570.659
3972,798.31384,808.8353,633.5702,0.52401125,21.808153
3973,798.11523,807.7633,580.556,0.5347168,19.325285
3974,798.29694,806.81665,530.56555,0.5362549,26.920702
3975,798.3368,805.9687,483.9807,0.53294677,29.38665
3976,797.38257,805.1101,442.21756,0.53443605,15.807239
3977,797.1179,804.3109,403.74457,0.53691405,18.447372
3978,798.0311,803.6829,366.9193,0.53963625,34.745903
3979,797.78406,803.093,333.35907,0.53507084,17.87576
3980,797.4954,802.53326,302.84314,0.5345093,19.462353
3981,798.5208,802.132,274.0078,0.5362671,30.072807
3982,809.67834,802.88666,251.73225,0.5314209,535.3178
3983,798.08936,802.4069,228.6303,0.5298096,22.882347
3984,798.3236,801.9986,207.26787,0.5342041,27.017159
3985,798.1283,801.6116,187.8892,0.5322998,26.241896
3986,798.01086,801.2515,170.26714,0.5345459,18.528412
3987,797.58936,800.8853,154.44746,0.5327515,18.583107
3988,797.558,800.5526,139.99911,0.5324341,20.863894
3989,810.0202,801.4994,134.06638,0.53912354,523.83923
3990,807.2313,802.0726,123.61669,0.5341309,327.1309
3991,839.41046,805.80634,236.72565,0.5310791,1871.9303
3992,800.2031,805.24603,215.87872,0.5253784,113.25976
3993,798.635,804.58496,198.22435,0.5395508,22.761583
3994,797.14734,803.8412,183.38054,0.5302979,17.305199
3995,798.87317,803.34436,167.2638,0.5326172,23.762009
3996,798.1228,802.8222,152.99124,0.5338745,22.014769
3997,796.8037,802.22034,140.95212,0.53050536,15.667337
3998,797.8483,801.78314,128.57721,0.5426392,23.946363
3999,799.40735,801.54553,116.22748,0.52888185,66.485634
4000,800.41327,801.4323,104.72011,0.534729,77.17132
4001,797.7904,801.0681,95.44181,0.5328369,19.566385
4002,797.8856,800.7499,86.809166,0.5354614,20.626642
4003,797.7129,800.44617,78.95834,0.5372925,20.102982
4004,798.1727,800.2188,71.52767,0.53131104,20.934835
4005,798.90515,800.08746,64.53021,0.5373413,50.06618
4006,798.10034,799.88873,58.43257,0.5381592,26.379753
4007,798.4208,799.74194,52.783253,0.5331421,27.592226
4008,833.8667,803.1544,152.30983,0.5371704,1390.7626
4009,798.2196,802.66095,139.27055,0.52625734,20.278622
4010,801.2263,802.51746,125.528725,0.5301758,171.23557
4011,798.24677,802.0904,114.61735,0.5303711,30.27565
4012,797.71674,801.653,104.87721,0.5344238,16.743217
4013,820.3917,803.52686,125.99202,0.52747804,1004.1612
4014,797.85254,802.9594,116.29063,0.52821046,15.830828
4015,797.76276,802.43976,107.09203,0.5364502,18.043451
4016,798.5244,802.0482,97.76252,0.53587645,27.486183
4017,807.3994,802.5833,90.563446,0.53024906,373.5649
4018,798.41614,802.1666,83.06998,0.53530276,38.83835
4019,797.4379,801.6937,76.77543,0.53488773,22.365917
4020,797.52234,801.2766,70.663925,0.5424439,19.342394
4021,799.1873,801.0677,63.990395,0.53570557,25.926987
4022,798.06213,800.76715,58.404354,0.5332398,16.908018
4023,799.79895,800.67035,52.648285,0.5322876,104.91126
4024,797.6636,800.3697,48.197117,0.539917,27.171186
4025,797.3728,800.07,44.185722,0.53769535,16.578365
4026,798.2859,799.8916,40.053627,0.53806156,25.09696
4027,798.7202,799.7745,36.171757,0.5315674,29.235924
4028,798.70935,799.66797,32.656685,0.5336304,39.39687
4029,813.3653,801.0377,46.276524,0.53548586,677.6884
4030,798.553,800.78925,42.204525,0.5230347,18.44582
4031,798.19214,800.52954,38.591118,0.53118896,20.456106
4032,798.0332,800.2799,35.29286,0.53154296,26.447119
4033,797.5078,800.0027,32.455177,0.5387085,19.281805
4034,797.19104,799.7215,29.92114,0.53271484,19.84898
4035,3300.788,1049.8281,563007.0,0.53776854,113214.47
4036,800.3875,1024.884,512306.16,0.53583986,92.80552
4037,811.359,1003.53156,465178.88,0.5313721,592.4331
4038,803.3965,983.51807,422265.84,0.530542,215.3987
4039,797.8261,964.94885,383142.6,0.524292,21.783161
4040,798.28735,948.2827,347328.16,0.5365845,20.50998
4041,799.38074,933.3925,314590.8,0.5344605,68.10748
4042,804.8476,920.538,284618.88,0.53850096,330.18396
4043,798.7815,908.36237,257491.2,0.5286743,33.54394
4044,797.6809,897.2942,232844.61,0.5355713,16.013384
4045,797.70593,887.3354,210452.75,0.53759766,17.057302
4046,799.4576,878.5476,190102.5,0.5344605,80.507416
4047,798.9198,870.58484,171662.9,0.53150636,64.55208
4048,797.06635,863.233,154983.06,0.5354981,21.344864
4049,798.4353,856.7532,139862.64,0.5381592,23.237413
4050,799.5188,851.0297,126171.195,0.5270874,43.42062
4051,816.11255,847.538,113663.805,0.5307129,743.9552
4052,797.8065,842.5649,102520.01,0.53115237,16.76568
4053,800.43835,838.35223,92427.72,0.53737795,78.13482
4054,882.85034,842.80206,83363.15,0.52747804,3803.74
4055,798.83435,838.4053,75200.81,0.52557373,29.320469
4056,803.29,834.89374,67791.7,0.53724366,263.3061
4057,798.8021,831.28455,61129.76,0.53127444,37.29679
4058,797.9751,827.9536,55116.64,0.53728026,29.539576
4059,797.56494,824.91473,49688.09,0.53127444,16.311861
4060,796.9617,822.11945,44789.6,0.53325194,14.647262
4061,796.77386,819.5849,40368.453,0.5337769,17.037853
4062,806.5555,818.282,36346.887,0.5346436,410.30344
4063,799.45557,816.39935,32744.098,0.53239745,51.600193
4064,797.9134,814.5508,29500.441,0.53050536,23.964993
4065,798.06287,812.902,26574.863,0.5370728,44.614216
4066,798.70264,811.48206,23935.521,0.5369019,60.2149
4067,800.1449,810.3483,21553.537,0.52911377,103.52645
4068,804.28864,809.7424,19401.488,0.53647465,293.6206
4069,811.03876,809.872,17461.49,0.5355957,616.18335
4070,797.72424,808.6572,15728.621,0.5372681,20.457617
4071,797.197,807.5112,14167.579,0.5291748,27.376753
4072,796.95215,806.4553,12760.855,0.5371216,15.125924
4073,879.576,813.7674,11965.967,0.53995365,3731.318
4074,800.16034,812.4067,10786.034,0.5280762,140.32288
4075,818.19275,812.9853,9710.443,0.53808594,803.554
4076,801.05334,811.7921,8752.212,0.5294922,85.51429
4077,797.80896,810.3938,7894.588,0.53232425,18.971594
4078,798.05774,809.1602,7118.8247,0.5302612,19.058819
4079,797.5998,808.00415,6418.9697,0.53388673,27.778088
4080,814.0681,808.61053,5780.3823,0.53344727,757.60236
4081,797.27234,807.4767,5213.914,0.5369019,28.345356
4082,798.22974,806.552,4700.2183,0.53529054,41.79298
4083,802.3054,806.1273,4231.8193,0.53267825,196.97827
4084,805.12225,806.0268,3808.7283,0.53110355,240.2984
4085,797.5603,805.1802,3434.3066,0.53046876,18.6217
4086,913.0278,815.96497,4137.6753,0.5309082,5202.9707
4087,800.928,814.46124,3744.2578,0.52751464,84.061005
4088,798.481,812.8632,3392.8152,0.5314819,19.676537
4089,800.4901,811.6259,3067.312,0.52869874,73.12456
4090,797.4508,810.2084,2778.6646,0.5283203,18.88956
4091,797.6344,808.951,2515.0276,0.53806156,21.42701
4092,798.38556,807.8945,2273.5713,0.53336185,59.291172
4093,798.8992,806.99493,2053.4966,0.53656006,61.63612
4094,800.9741,806.3928,1851.4094,0.5328247,145.19092
4095,798.16614,805.5701,1672.3595,0.5331055,25.56391
4096,797.44714,804.7578,1511.0619,0.53601074,16.018633
4097,797.7023,804.05225,1364.4359,0.5320801,17.074535
4098,797.5142,803.39844,1231.8394,0.53426516,20.832603
4099,797.2927,802.78784,1112.0106,0.54080814,16.754911
4100,797.3873,802.2478,1003.4344,0.537085,22.420187
4101,867.58606,808.7816,1287.3088,0.53520507,2933.5295
4102,799.3922,807.84265,1166.5123,0.52591556,68.97977
4103,797.4701,806.8054,1059.5442,0.53514403,18.63715
4104,797.2649,805.8514,961.7817,0.5373413,20.567398
4105,798.4344,805.1097,870.5545,0.53388673,40.55589
4106,797.45734,804.3444,788.7693,0.53515625,19.090717
4107,801.3342,804.0434,710.7078,0.53428954,179.22112
4108,797.69403,803.40845,643.2653,0.5364868,35.262676
4109,797.31134,802.7987,582.2845,0.5366211,15.540721
4110,797.2384,802.2427,526.8385,0.53322756,18.561354
4111,797.7844,801.7969,475.94348,0.53754884,20.796404
4112,797.91675,801.4089,429.7041,0.531836,22.640774
4113,797.74316,801.0423,387.94305,0.53109133,34.84651
4114,797.3016,800.6682,350.4081,0.5371338,21.846554
4115,797.19995,800.3214,316.4499,0.539209,18.345484
4116,797.02795,799.99207,285.7811,0.53756106,15.652487
4117,797.2078,799.7136,257.90067,0.5362305,23.76934
4118,798.2293,799.5652,232.30887,0.5372681,33.186142
4119,797.9718,799.4058,209.30647,0.53737795,19.574366
4120,797.2423,799.18945,188.79709,0.5335938,16.187792
4121,1378.9149,857.162,30417.26,0.5350586,26282.627
4122,797.7245,851.21826,27693.486,0.52906495,17.8512
4123,798.3633,845.93274,25175.566,0.53560793,23.0281
4124,797.9171,841.13116,22865.504,0.5312256,35.11301
4125,803.85236,837.40326,20704.027,0.53388673,291.45093
4126,797.37555,833.4005,18777.824,0.53190917,15.212582
4127,797.79016,829.8395,17014.17,0.5347046,28.622942
4128,797.1648,826.572,15408.84,0.5325928,16.013287
4129,796.9254,823.60736,13947.059,0.5325928,18.71962
4130,800.43115,821.28973,12600.695,0.5397095,147.28091
4131,799.12103,819.0729,11384.856,0.5398926,38.27087
4132,797.36694,816.9023,10288.774,0.52969974,15.665601
4133,797.36914,814.949,9294.235,0.5415161,20.586123
4134,798.01495,813.25555,8390.62,0.5348999,42.057713
4135,799.00024,811.83,7569.847,0.53842777,59.156624
4136,797.5875,810.40576,6831.1187,0.53652346,18.588827
4137,802.30176,809.59534,6153.9175,0.53425294,190.3924
4138,797.4203,808.3778,5551.8667,0.5331299,24.217213
4139,797.177,807.25775,5007.971,0.5334229,14.774834
4140,797.6972,806.3017,4515.4004,0.53272706,18.816444
4141,797.5696,805.42847,4070.7227,0.53507084,19.0165
4142,797.94556,804.6802,3668.6897,0.5357666,21.18894
4143,797.56854,803.969,3306.3726,0.5338379,19.147825
4144,800.81836,803.65393,2976.6287,0.53339845,122.21457
4145,800.6327,803.3518,2679.7874,0.5337402,140.74323
4146,797.0945,802.7261,2415.3325,0.5308838,16.769972
4147,797.2904,802.1825,2176.4583,0.53439945,23.812403
4148,797.26733,801.691,1960.9866,0.54016113,19.31736
4149,797.7062,801.2925,1766.317,0.5396118,20.073526
4150,798.0668,800.9699,1590.6217,0.53341067,27.94176
4151,798.1562,800.68854,1432.2721,0.5334229,51.761948
4152,797.3902,800.3587,1290.0239,0.5437378,30.603445
4153,796.9286,800.0157,1162.0803,0.5419068,15.173281
4154,797.0595,799.7201,1046.6588,0.53647465,20.321526
4155,797.4782,799.4959,942.4452,0.53900146,25.837439
4156,796.34534,799.18085,849.094,0.53580326,14.806809
4157,798.6811,799.13086,764.20703,0.5376465,64.19446
4158,796.38904,798.8567,688.4629,0.5400879,14.571404
4159,797.7511,798.74615,619.7266,0.54062504,30.851938
4160,799.21454,798.79297,557.7737,0.52988285,81.90032
4161,798.5626,798.76996,502.00107,0.5349121,25.097849
4162,800.4212,798.93506,452.04636,0.53184813,105.33177
4163,797.6776,798.8093,406.984,0.5293457,20.596336
4164,804.4355,799.37195,369.13443,0.53808594,335.96964
4165,1051.7174,824.6065,6063.2617,0.53015137,11502.343
4166,796.7605,821.8219,5526.7217,0.5237427,18.293621
4167,797.8581,819.42554,5025.733,0.53421634,20.86239
4168,797.543,817.2373,4566.2554,0.5365967,17.43575
4169,797.68054,815.2816,4144.052,0.5378174,21.515741
4170,797.8407,813.53754,3757.0232,0.53587645,21.293617
4171,797.3147,811.9153,3405.007,0.52996826,20.849428
4172,799.9373,810.71747,3077.4187,0.5407715,69.12019
4173,798.93506,809.53925,2782.1711,0.5290039,61.686077
4174,797.9895,808.3843,2515.9597,0.53525394,24.508972
4175,798.0127,807.3471,2274.0452,0.5356812,20.073238
4176,797.7628,806.3887,2054.9077,0.533313,17.710922
4177,798.9603,805.6458,1854.3832,0.53740233,46.655945
4178,799.4691,805.02814,1672.3785,0.53479004,55.39317
4179,799.9985,804.52515,1507.4175,0.5355591,52.207165
4180,799.77954,804.0506,1358.7025,0.53308105,90.98416
4181,797.84937,803.4305,1226.2932,0.5311646,32.983013
4182,796.6315,802.7506,1107.8242,0.5371338,16.947435
4183,797.5471,802.2303,999.47864,0.53582764,22.520826
4184,797.58636,801.76587,901.4717,0.54003906,33.103207
4185,798.73474,801.46277,812.15137,0.5424561,48.857716
4186,798.4384,801.16034,731.7594,0.5315552,39.289497
4187,798.1556,800.85986,659.396,0.53299564,23.567484
4188,797.89734,800.5636,594.2463,0.53100586,32.98652
4189,798.56885,800.36414,535.17975,0.53946537,44.82434
4190,797.0493,800.03265,482.6507,0.5324829,20.504211
4191,797.4457,799.7739,434.98795,0.5386963,23.126982
4192,798.25214,799.62177,391.69757,0.5376343,27.64972
4193,797.3066,799.39026,353.01022,0.53457034,18.692749
4194,798.2658,799.27783,317.823,0.5345337,41.939957
4195,797.9232,799.1424,286.20584,0.5353882,35.01866
4196,802.75586,799.5037,258.7604,0.5352661,246.8318
4197,798.7344,799.42676,232.93764,0.53043216,45.046432
4198,797.21857,799.20593,210.08272,0.5319824,26.62823
4199,798.2096,799.1063,189.16379,0.5412354,82.61665
4200,803.4702,799.5427,171.96133,0.5336914,307.1719
4201,797.4623,799.33466,155.15474,0.5397827,31.823246
4202,797.2847,799.12964,140.01747,0.5352661,17.744385
4203,798.2696,799.04364,126.0823,0.5365357,55.20509
4204,797.8939,798.92865,113.59303,0.53985596,21.743326
4205,797.48987,798.7848,102.42004,0.53709716,19.186596
4206,796.76526,798.5828,92.5451,0.53317875,15.620987
4207,797.5959,798.48413,83.37825,0.53824466,24.766554
4208,797.5547,798.3912,75.11817,0.5363037,37.713924
4209,797.2125,798.2733,67.731384,0.5347046,23.671818
4210,802.0812,798.6541,62.26323,0.5404541,222.68152
4211,808.306,799.6193,64.42126,0.53380126,484.20355
4212,797.2834,799.38574,58.470226,0.5268799,16.168234
4213,797.5013,799.19727,52.94281,0.53751224,26.745667
4214,797.72894,799.0504,47.842567,0.5368897,21.98561
4215,798.04297,798.94965,43.149654,0.53724366,46.13402
4216,797.22205,798.77686,39.103302,0.5366333,20.359861
4217,797.4322,798.6424,35.3557,0.5361206,16.550943
4218,797.45557,798.5237,31.946903,0.53336185,17.69229
4219,797.256,798.3969,28.896847,0.5390381,16.343554
4220,797.68286,798.3255,26.05305,0.53448486,28.729807
4221,798.41864,798.33484,23.448524,0.5341431,48.86776
4222,798.4215,798.3435,21.104347,0.5338135,57.599266
4223,797.13354,798.22253,19.125673,0.5360962,18.23303
4224,797.2963,798.1299,17.290314,0.5382568,20.02528
4225,796.9279,798.0097,15.691307,0.5387085,23.419222
4226,797.80426,797.98914,14.125975,0.537439,39.63721
4227,802.72485,798.4627,14.731809,0.5330567,167.46541
4228,802.2942,798.8458,14.579851,0.5311646,181.09853
4229,853.3705,804.2983,280.68634,0.5310181,2504.8928
4230,797.8138,803.64984,256.40207,0.5291504,23.040485
4231,797.0681,802.9917,234.66057,0.53828126,16.666422
4232,797.2999,802.42255,214.11017,0.5335205,18.32285
4233,796.99817,801.8801,195.34729,0.54188234,17.614178
4234,796.5515,801.3473,178.36803,0.5341797,16.024986
4235,796.6306,800.8756,162.53345,0.53664553,20.775417
4236,797.3797,800.526,147.38002,0.5381226,21.820982
4237,797.0949,800.18286,133.70154,0.5367554,26.32291
4238,797.803,799.9449,120.84113,0.5367676,28.274107
4239,796.82654,799.63306,109.63219,0.53240967,22.035215
4240,797.24567,799.3943,99.18193,0.5350586,16.203506
4241,797.9558,799.2504,89.44997,0.533313,45.97733
4242,797.43195,799.0686,80.80259,0.53475344,19.357994
4243,798.5702,799.01874,72.74468,0.5329224,25.97243
4244,798.09906,798.92676,65.54633,0.5284058,18.1123
4245,803.81274,799.41534,61.140255,0.5307251,274.33997
4246,805.85266,800.0591,58.75574,0.5300171,343.69125
4247,799.15967,799.9691,52.952972,0.5272339,64.07824
4248,798.1455,799.78674,47.956974,0.53525394,18.985302
4249,797.6907,799.57715,43.55669,0.53262943,20.308403
4250,800.12573,799.632,39.228104,0.53895265,90.641205
4251,798.5049,799.5193,35.419632,0.5369629,28.926636
4252,797.6054,799.3279,32.207333,0.533606,15.7953205
4253,797.9381,799.1889,29.160429,0.5327881,31.444605
4254,806.6865,799.93866,31.303673,0.53620607,393.29153
4255,797.90625,799.7354,28.545067,0.5297608,23.062857
4256,797.45544,799.50745,26.158401,0.5292725,20.654121
4257,799.2051,799.47723,23.550789,0.5414551,96.34824
4258,797.3873,799.26825,21.588802,0.53483886,18.526514
4259,796.97363,799.0388,19.903797,0.5341797,18.61957
4260,798.527,798.9876,17.936995,0.54122317,89.06782
4261,799.32355,799.0212,16.153452,0.5366821,83.09248
4262,796.4175,798.7608,15.148239,0.54057616,15.221097
4263,796.5418,798.5389,14.076569,0.5369995,19.484596
4264,799.36743,798.6217,12.730697,0.5379761,121.898636
4265,797.07324,798.46686,11.673423,0.5383911,37.60437
4266,796.28467,798.24866,10.934656,0.5377075,16.074078
4267,797.959,798.21967,9.8487425,0.54550785,56.97604
4268,796.5238,798.05005,9.122704,0.53447264,18.592716
4269,796.566,797.9016,8.408654,0.541626,18.913029
4270,797.1035,797.8218,7.625115,0.5352417,22.886381
4271,797.0084,797.7404,6.9221425,0.53361815,19.811373
4272,796.6384,797.63025,6.3392224,0.5365357,15.226504
4273,804.569,798.3241,10.038425,0.5380371,364.65915
4274,797.5066,798.2424,9.094731,0.53291017,27.122833
4275,797.44476,798.1626,8.242514,0.53444827,19.505148
4276,796.9314,798.0395,7.554689,0.5346924,19.908398
4277,797.89014,798.02454,6.8012276,0.5400513,42.640602
4278,797.77057,797.99915,6.1269097,0.53665775,48.15833
4279,799.5222,798.1514,5.7229958,0.5394775,152.9786
4280,797.62646,798.09894,5.175499,0.5377564,33.171867
4281,796.9248,797.9815,4.782022,0.5348267,25.860214
4282,796.4065,797.824,4.5270796,0.53836673,15.413628
4283,799.28406,797.97,4.2662373,0.5355591,104.92676
4284,797.4636,797.9193,3.862688,0.5393677,16.49524
4285,796.8655,797.8139,3.5763698,0.5340088,14.729306
4286,796.9658,797.7291,3.2834647,0.53796387,26.277899
4287,796.8226,797.6385,3.029084,0.53786623,17.130474
4288,797.87854,797.6625,2.7313619,0.54002684,54.476696
4289,798.2857,797.7248,2.493183,0.537439,41.110035
4290,797.2309,797.6754,2.2658186,0.5365967,18.315922
4291,892.5521,807.1631,812.1823,0.53408206,4329.2905
4292,797.0481,806.1516,740.17224,0.5289917,16.405241
4293,797.1456,805.25104,673.4547,0.5401856,20.870594
4294,798.65186,804.5911,610.0286,0.5347046,36.825813
4295,796.48706,803.7807,554.9366,0.53602296,15.928226
4296,797.52386,803.155,502.96622,0.54221195,45.918823
4297,797.44855,802.58435,455.60034,0.53525394,25.024485
4298,798.5476,802.18066,411.50687,0.5375,40.564163
4299,797.4164,801.7042,372.39902,0.53391117,17.5353
4300,796.7358,801.2074,337.3808,0.5314453,14.430564
4301,797.21155,800.8078,305.0797,0.53723145,14.70616
4302,797.3435,800.46136,275.65186,0.53548586,21.238762
4303,799.0065,800.31586,248.27716,0.5359131,59.29069
4304,797.46564,800.0308,224.18057,0.5369873,16.77467
4305,797.942,799.82196,202.15518,0.52780765,24.989723
4306,796.9507,799.53485,182.68164,0.5381104,22.038628
4307,798.07666,799.38904,164.60484,0.5346924,39.95407
4308,796.7075,799.1209,148.7915,0.5405884,15.626724
4309,796.88,798.89685,134.3643,0.54085696,18.896044
4310,797.1297,798.72015,121.20893,0.53240967,22.50269
4311,798.287,798.6768,109.10492,0.5380127,43.20926
4312,797.5558,798.5647,98.307526,0.535083,21.309372
4313,797.45404,798.4536,88.58778,0.5331055,36.329704
4314,797.62286,798.37054,79.791115,0.5393921,21.463552
4315,797.43915,798.2774,71.890076,0.5334229,22.747448
4316,806.77374,799.127,71.19796,0.5340576,418.92426
4317,796.8836,798.90265,64.53112,0.5291382,21.6424
4318,796.8921,798.7016,58.44182,0.5434448,35.283207
4319,803.33984,799.1654,54.533836,0.53862303,276.81543
4320,796.77893,798.92676,49.593025,0.5333252,18.373915
4321,797.5535,798.7894,44.80344,0.54125977,38.31686
4322,796.9391,798.6044,40.631233,0.5365967,25.862982
4323,797.03955,798.4479,36.788486,0.5381104,21.33694
4324,796.5432,798.2574,33.436134,0.5327759,15.441319
4325,797.3175,798.1634,30.172024,0.5390503,24.375563
4326,797.3567,798.0827,27.21339,0.53334963,34.900146
4327,887.36053,807.0105,741.8398,0.5368042,4021.8145
4328,797.8615,806.0956,675.18915,0.5315552,50.382698
4329,798.8701,805.37305,612.36884,0.5386963,104.780136
4330,797.61206,804.5969,556.5529,0.54206544,23.906645
4331,797.31494,803.8687,505.67007,0.5360962,20.962484
4332,796.745,803.1564,459.67032,0.5347168,27.275126
4333,798.4294,802.68365,415.71426,0.5408203,60.95077
4334,807.7438,803.1897,376.44727,0.53294677,516.0036
4335,797.9143,802.6622,341.30722,0.535376,49.45349
4336,798.66077,802.262,308.61752,0.53687745,44.77939
4337,797.7949,801.8153,279.55173,0.53132325,22.428478
4338,797.8477,801.4186,253.01332,0.53927004,22.898129
4339,801.8007,801.4568,227.72513,0.5380005,195.38814
4340,797.9673,801.10785,206.04851,0.5352295,42.123146
4341,797.152,800.7123,186.85205,0.53651124,23.2536
4342,795.87305,800.22833,170.27448,0.5391602,13.761579
4343,797.5805,799.96356,153.878,0.537854,44.46756
4344,796.78015,799.6452,139.40227,0.5364624,24.567137
4345,798.41785,799.52246,125.59761,0.5404785,61.947437
4346,796.99884,799.2701,113.61102,0.53610843,16.199112
4347,796.2074,798.9638,103.094124,0.53580326,15.477041
4348,798.94495,798.9619,92.784744,0.5398926,43.120113
4349,797.9634,798.86206,83.59601,0.53448486,37.305405
4350,797.0271,798.6786,75.539444,0.5362305,17.96708
4351,797.24,798.5347,68.17176,0.5391968,15.447534
4352,797.0997,798.39124,61.53993,0.53525394,20.054285
4353,796.6013,798.2122,55.67428,0.54243165,20.99301
4354,798.1229,798.2033,50.107567,0.5341797,21.794899
4355,797.4991,798.1329,45.141445,0.53326416,36.879673
4356,796.8448,798.0041,40.776623,0.537439,19.072523
4357,796.4777,797.85144,36.90864,0.53398436,14.525484
4358,798.1951,797.8858,33.22841,0.5377075,38.914062
4359,798.06537,797.90375,29.908468,0.5324219,31.842249
4360,797.323,797.8457,26.947975,0.5363159,21.824518
4361,799.8224,798.0434,24.604832,0.53615725,146.50595
4362,798.2993,798.069,22.150242,0.53776854,51.40619
4363,797.53864,798.0159,19.960531,0.5397339,31.702969
4364,796.9834,797.91266,18.060429,0.53562015,20.065498
4365,796.7697,797.79834,16.371954,0.5380249,17.530397
4366,796.58234,797.67676,14.867839,0.53912354,14.334814
4367,796.4866,797.55774,13.508543,0.5385742,15.991548
4368,796.8217,797.48413,12.206444,0.5381958,17.07218
4369,797.4304,797.47876,10.986058,0.5388306,27.11782
4370,797.1,797.44086,9.900366,0.53624266,21.636377
4371,797.14014,797.41077,8.918468,0.5373535,18.833355
4372,796.7436,797.34406,8.066683,0.53217775,22.873362
4373,797.21826,797.3315,7.2614384,0.5399292,26.952658
4374,796.44434,797.2428,6.606127,0.53616947,40.08772
4375,796.29626,797.14813,6.0261474,0.5452515,17.150734
4376,796.66595,797.0999,5.444457,0.54360354,19.0301
4377,796.52686,797.0426,4.929567,0.5357422,16.124208
4378,799.8357,797.3219,5.138732,0.53912354,144.00572
4379,798.0885,797.39856,4.6777496,0.53394777,28.924133
4380,797.82745,797.44147,4.22653,0.5373902,20.115694
4381,798.65125,797.56244,3.9355974,0.53514403,75.233154
4382,799.13617,797.7198,3.7649338,0.53651124,79.33351
4383,797.2537,797.67316,3.4079897,0.53391117,54.18981
4384,796.9823,797.60406,3.110146,0.54361576,17.98296
4385,799.83435,797.8271,3.246807,0.53411865,92.1244
4386,797.4281,797.7872,2.9364533,0.5373169,31.71893
4387,798.5365,797.8621,2.6933422,0.5381226,51.276093
4388,797.3433,797.81024,2.4482317,0.53651124,24.6556
4389,796.9278,797.722,2.2734923,0.5385742,22.598839
4390,796.7521,797.625,2.1308084,0.53881836,16.30477
4391,796.73267,797.53577,1.989391,0.53813475,16.451208
4392,797.5076,797.53296,1.790523,0.53629154,34.14176
4393,796.8608,797.46576,1.652135,0.5340088,18.971004
4394,796.1412,797.3333,1.6448288,0.5344971,14.618884
4395,796.57806,797.2578,1.531682,0.5404541,16.589901
4396,797.0011,797.2321,1.384445,0.536438,22.38235
4397,797.00964,797.20984,1.2504549,0.53854984,24.585016
4398,797.81396,797.27026,1.1582565,0.537439,43.41418
4399,797.23755,797.26697,1.0425272,0.5358887,17.499989
4400,796.72754,797.213,0.964463,0.53673095,20.483072
4401,812.94543,798.78625,23.143835,0.5402466,768.2672
4402,797.74927,798.68256,20.926231,0.5357544,46.5234
4403,798.8307,798.6974,18.835583,0.53773195,86.98934
4404,797.10925,798.5386,17.179018,0.5328369,28.039501
4405,797.38477,798.4232,15.580931,0.5402466,35.02208
4406,796.7344,798.25433,14.279534,0.5369507,16.89682
4407,798.9608,798.32495,12.896501,0.5353516,84.94776
4408,796.9685,798.18933,11.772445,0.53356934,15.537749
4409,796.618,798.0322,10.817423,0.5392944,23.102943
4410,796.3889,797.8679,9.978723,0.5401978,20.733038
4411,797.1277,797.7939,9.030165,0.543396,29.681551
4412,797.72797,797.7873,8.12754,0.5324219,32.858704
4413,798.06824,797.81537,7.321889,0.5386475,40.740128
4414,797.8738,797.8212,6.5900073,0.5360352,36.08772
4415,799.9999,798.03906,6.3581924,0.5302002,129.47664
4416,796.975,797.9327,5.8242784,0.535376,20.581789
4417,797.35,797.8744,5.272409,0.53515625,19.665138
4418,798.9509,797.98206,4.849472,0.5389404,84.7634
4419,796.83203,797.86707,4.483555,0.5417725,17.402277
4420,797.1916,797.7995,4.0762634,0.5359253,18.370625
4421,796.8933,797.70886,3.7425432,0.535083,18.2988
4422,803.1333,798.2513,6.0164967,0.53109133,306.06323
4423,797.36115,798.1623,5.4861574,0.53754884,19.23111
4424,796.20154,797.9662,5.2835517,0.5354248,16.9603
4425,796.4372,797.8133,4.9655995,0.53704834,19.029373
4426,796.59546,797.6915,4.6025205,0.5397827,16.249088
4427,796.37415,797.5598,4.298463,0.5392212,15.110525
4428,796.7769,797.4815,3.9237802,0.53269047,18.63485
4429,796.5428,797.38763,3.61071,0.538855,15.500589
4430,797.3374,797.3826,3.2498658,0.53823245,24.519674
4431,796.7853,797.3229,2.9569938,0.53790283,20.473835
4432,796.6991,797.2605,2.6963136,0.54329836,18.335022
4433,796.7849,797.21295,2.4470387,0.53804934,18.845364
4434,795.8562,797.0773,2.3680043,0.5390381,14.449297
4435,797.06836,797.07635,2.1312108,0.5379395,38.442696
4436,797.04736,797.0735,1.9181654,0.5404541,21.566147
4437,798.1819,797.1843,1.8369181,0.53714603,32.419594
4438,797.16833,797.18274,1.6532494,0.5368042,15.828724
4439,798.9379,797.3583,1.7651861,0.53686523,105.36847
4440,797.217,797.3441,1.5904642,0.5350098,24.238825
4441,797.3154,797.34125,1.4314919,0.5409668,24.846163
4442,796.95776,797.3029,1.301578,0.5353882,16.221811
4443,796.8218,797.2548,1.1922549,0.53497314,21.076628
4444,797.6223,797.29156,1.085184,0.53977054,37.7772
4445,796.7601,797.2384,1.0020893,0.53826904,21.832802
4446,797.35614,797.2502,0.90312785,0.53598636,24.958324
4447,1103.539,827.879,8443.965,0.53619385,13878.127
4448,811.7985,826.271,7622.841,0.52901614,646.88226
4449,797.0386,823.3478,6937.465,0.5342774,19.934029
4450,797.2529,820.7383,6305.003,0.5363892,20.557692
4451,797.4618,818.41064,5723.264,0.53343505,21.5817
4452,797.3115,816.3007,5191.003,0.53182375,18.598837
4453,797.40955,814.4116,4704.0215,0.52939457,24.432547
4454,796.90186,812.66064,4261.2124,0.5357178,27.003057
4455,805.71765,811.9664,3839.4294,0.5401856,438.10947
4456,796.1631,810.38605,3477.9634,0.5381104,18.216991
4457,796.48267,808.9957,3147.5642,0.5412964,21.991577
4458,797.01483,807.7976,2845.7266,0.5383545,31.711153
4459,796.7057,806.6884,2572.2266,0.5425537,26.034033
4460,804.2371,806.4433,2315.5447,0.5342285,370.00095
4461,797.3877,805.5377,2091.3706,0.54084474,38.735455
4462,796.25104,804.6091,1889.9954,0.54310304,15.795274
4463,796.2603,803.7742,1707.2689,0.5411255,17.773573
4464,796.3751,803.03424,1541.4691,0.53809816,18.170496
4465,801.4247,802.8733,1387.5553,0.5435669,213.15997
4466,797.54736,802.3407,1251.3527,0.534729,64.24675
4467,796.4444,801.7511,1129.3464,0.53497314,16.410976
4468,797.68774,801.3448,1017.89777,0.53977054,21.48279
4469,796.54333,800.8646,918.18286,0.5350586,14.943058
4470,797.6354,800.5417,827.30304,0.5378906,18.156399
4471,797.6806,800.25555,745.30945,0.5315674,21.972319
4472,797.7004,800.00006,671.3661,0.53443605,19.63606
4473,797.21765,799.7218,604.9262,0.5306763,18.668922
4474,796.7579,799.4254,545.2242,0.54265136,16.140095
4475,796.54535,799.1374,491.44827,0.5348999,17.449564
4476,796.79517,798.9032,442.79718,0.5332764,16.546476
4477,798.5806,798.871,398.52682,0.54066163,67.55791
4478,797.72107,798.756,358.79315,0.5309448,48.141502
4479,796.52295,798.53265,323.3626,0.5378296,16.987091
4480,796.1421,798.2936,291.54068,0.539563,15.076258
4481,796.2334,798.0876,262.7686,0.5364502,17.11034
4482,796.8203,797.9609,236.63625,0.53895265,24.74644
4483,803.25934,798.4907,215.49925,0.54296875,237.90025
4484,796.3633,798.27795,194.35667,0.53372806,21.153326
4485,797.53687,798.20386,174.97043,0.53908694,38.34709
4486,796.5044,798.03394,157.73332,0.53823245,17.69977
4487,796.76465,797.907,142.10498,0.538855,32.339115
4488,796.87146,797.8034,127.99098,0.5384888,24.332823
4489,796.40027,797.6631,115.36908,0.53854984,17.906364
4490,798.323,797.72906,103.87136,0.5409668,49.672165
4491,797.1439,797.67053,93.51504,0.5333374,21.362494
4492,797.2655,797.63,84.17829,0.5393433,26.281996
4493,798.91296,797.7583,75.9086,0.53736573,86.294846
4494,804.17615,798.4001,72.02473,0.540918,339.26767
4495,796.1592,798.176,65.2742,0.5399048,14.349059
4496,797.77637,798.13605,58.761158,0.5380249,34.25994
4497,797.2041,798.04285,52.963207,0.53398436,27.341547
4498,797.3803,797.97656,47.70639,0.53984374,38.360798
4499,798.99725,798.0786,43.02951,0.5367188,112.40822
4500,795.9165,797.8624,39.14728,0.5348145,16.597702
4501,796.4874,797.7249,35.40271,0.5439087,21.430065
4502,797.0333,797.65576,31.905483,0.538208,40.631622
4503,800.53,797.9432,29.458462,0.53684086,150.911
4504,797.9872,797.9476,26.51279,0.53670657,52.68429
4505,801.452,798.29803,24.96682,0.5390747,204.08853
4506,796.84924,798.15314,22.659046,0.5316162,16.15949
4507,796.9118,798.029,20.531822,0.54229736,19.809355
4508,797.04236,797.9303,18.56625,0.5335083,32.714573
4509,802.07043,798.3443,18.25229,0.5390625,201.902
4510,798.9127,798.4011,16.45614,0.5329712,72.162994
4511,797.43713,798.30475,14.894161,0.52969974,33.35332
4512,796.4445,798.1187,13.716186,0.5397827,17.362034
4513,797.1855,798.0254,12.422949,0.5362671,38.563602
4514,803.6033,798.5832,13.980802,0.53774416,313.26764
4515,796.17035,798.3419,13.106684,0.5404785,19.901522
4516,796.09576,798.1173,12.250084,0.5378052,17.287813
4517,796.631,797.9687,11.2239,0.53935546,16.601952
4518,796.6113,797.83295,10.267328,0.540918,23.603592
4519,797.36633,797.78625,9.26019,0.5392578,30.434404
4520,796.7024,797.67786,8.4398985,0.5400513,24.164785
4521,796.9067,797.6007,7.649433,0.53615725,25.73851
4522,797.88416,797.629,6.8917203,0.53447264,69.44767
4523,852.0118,803.0673,272.3761,0.53629154,2488.8862
4524,797.7106,802.5316,247.72101,0.5325928,38.464348
4525,803.9673,802.6752,223.1344,0.5403687,327.61765
4526,796.4529,802.0529,204.30548,0.5303345,14.401502
4527,796.8763,801.5353,186.2867,0.5424072,16.689756
4528,797.6107,801.1428,169.04422,0.53632814,49.694256
4529,796.37805,800.6663,154.18307,0.5409302,18.762835
4530,796.92633,800.2923,140.02365,0.5385254,22.585697
4531,798.4587,800.10895,126.323875,0.5381226,76.81631
4532,801.73267,800.2713,113.92877,0.5375733,172.82361
4533,797.419,799.9861,103.2681,0.5338135,37.95814
4534,795.9689,799.58435,94.39371,0.5381592,13.934213
4535,796.1275,799.23865,86.029816,0.5409546,16.850851
4536,797.3955,799.0543,77.732574,0.5380737,26.329752
4537,796.69885,798.8188,70.45866,0.53548586,15.145582
4538,795.5578,798.4927,64.36985,0.5339233,15.362495
4539,798.448,798.4882,57.93304,0.545752,41.361176
4540,796.89886,798.3293,52.36708,0.53741455,17.612621
4541,796.5083,798.1472,47.428806,0.53214115,25.898375
4542,798.2458,798.1571,42.686802,0.54342043,42.753445
4543,796.88745,798.03015,38.5632,0.53127444,19.494436
4544,796.43787,797.8709,34.935062,0.53632814,16.890106
4545,796.40845,797.7247,31.634047,0.542627,15.558266
4546,796.5113,797.60333,28.603148,0.5359009,16.310476
4547,796.81494,797.5245,25.798773,0.54301757,21.970062
4548,796.6864,797.4407,23.282108,0.53457034,19.068523
4549,797.463,797.44293,20.953941,0.5395142,44.684013
4550,796.50684,797.3493,18.937412,0.5420532,15.814297
4551,797.5456,797.36896,17.047138,0.5352173,42.036366
4552,796.432,797.27527,15.4214325,0.53732914,27.227734
4553,797.86365,797.3341,13.910446,0.538794,29.600267
4554,797.6222,797.3629,12.52687,0.5343384,28.460629
4555,796.7815,797.30475,11.304606,0.5360718,19.456398
4556,796.8727,797.26154,10.190947,0.5327881,17.38498
4557,796.8685,797.2222,9.185753,0.5356323,26.728079
4558,796.3356,797.13354,8.337932,0.53963625,17.212408
4559,797.5171,797.1719,7.517378,0.5397095,58.062874
4560,795.9999,797.0547,6.8892617,0.53898925,12.812801
4561,796.455,796.99475,6.2327,0.53795165,18.29661
4562,795.9011,796.8854,5.7170715,0.5422241,17.30113
4563,795.9063,796.7875,5.231635,0.5426392,14.782218
4564,798.0381,796.91254,4.8492336,0.5397461,57.009396
4565,796.6438,796.8857,4.37081,0.5341309,17.149563
4566,796.28424,796.82556,3.9662845,0.540332,17.671757
4567,796.7582,796.81885,3.5700645,0.5334839,14.640152
4568,796.78143,796.8151,3.2131839,0.5381958,14.423374
4569,797.53455,796.8871,2.9384463,0.53790283,20.853184
4570,835.1638,800.7148,134.50435,0.5317505,1613.253
4571,797.13574,800.3569,122.20677,0.5272705,16.219591
4572,796.7539,799.9966,111.15441,0.5381226,14.270028
4573,796.8218,799.6791,100.94611,0.5371704,16.285545
4574,797.2683,799.438,91.37456,0.53709716,17.633362
4575,813.1011,800.8043,99.03829,0.5343384,745.7316
4576,796.2904,800.3529,90.96825,0.5323364,14.907501
4577,796.97577,800.0152,82.89787,0.54052734,18.185482
4578,799.08026,799.9217,74.68675,0.53334963,124.50395
4579,796.31305,799.56085,68.39008,0.54134524,13.5391245
4580,796.20026,799.2248,62.5675,0.5365845,16.854216
4581,797.6221,799.0645,56.54193,0.5406861,58.525894
4582,796.6616,798.8242,51.407387,0.53135985,16.62134
4583,797.1306,798.65485,46.524796,0.5402466,35.76649
4584,798.59717,798.64905,41.872612,0.53891605,76.43708
4585,795.99713,798.38385,38.31829,0.53393555,14.835706
4586,796.9993,798.2454,34.65898,0.5395508,28.958115
4587,797.3127,798.15216,31.271383,0.5421509,26.09646
4588,798.5925,798.19617,28.161697,0.5377564,100.048965
4589,797.1569,798.0922,25.44273,0.53842777,22.865282
4590,796.34644,797.91766,23.172756,0.54154056,17.498692
4591,797.2192,797.84784,20.89939,0.54432374,39.656063
4592,796.3583,797.69885,19.009142,0.5346802,16.521168
4593,796.7647,797.60547,17.186764,0.54241943,19.80366
4594,798.80615,797.7255,15.597836,0.54161376,65.03076
4595,796.3868,797.5917,14.199353,0.5350464,14.701906
4596,797.1156,797.54407,12.799816,0.53963625,48.12026
4597,795.9669,797.38635,11.743699,0.53868407,15.901846
4598,795.91125,797.23883,10.7651615,0.5425537,16.09677
4599,796.3594,797.1509,9.758255,0.54184574,13.899861
4600,797.17346,797.15314,8.7824745,0.5378296,19.74018
4601,796.6297,797.10077,7.928886,0.5324463,15.529561
4602,796.5245,797.04315,7.165888,0.54012454,21.428322
4603,796.70044,797.0089,6.4598694,0.5432739,25.336695
4604,796.80566,796.9886,5.8176003,0.53702396,17.91416
4605,796.6522,796.95496,5.2460227,0.5345093,17.254309
4606,796.516,796.9111,4.7387624,0.53912354,17.355646
4607,796.52405,796.8724,4.278367,0.53570557,16.141506
4608,796.47095,796.8322,3.8650331,0.5359375,26.022434
4609,796.87476,796.8365,3.4786925,0.5390137,15.875578
4610,796.66156,796.819,3.133577,0.5374512,19.679665
4611,797.0166,796.83875,2.8237345,0.5338379,25.56163
4612,796.1599,796.7709,2.5828345,0.53962404,15.236213
4613,796.42096,796.7359,2.3355706,0.5390137,15.784568
4614,796.5779,796.7201,2.1042607,0.5396485,16.053003
4615,797.29004,796.7771,1.92307,0.5367554,66.12702
4616,798.0333,796.9027,1.8727921,0.53795165,86.07468
4617,796.54956,796.8674,1.6967372,0.5372925,14.823934
4618,796.1229,796.7929,1.5769414,0.53530276,14.493807
4619,796.2718,796.7408,1.443688,0.54044193,15.048592
4620,796.71674,796.7384,1.2993712,0.53773195,15.610262
4621,796.60925,796.72546,1.1709353,0.53720707,15.2536955
4622,796.45215,796.6981,1.0605649,0.5357788,15.324426
4623,796.3537,796.6637,0.96518475,0.5419678,15.926121
4624,795.70825,796.5682,0.9508249,0.53732914,14.206398
4625,796.1875,796.5301,0.8687847,0.53972167,14.132093
4626,797.1735,796.5944,0.8191667,0.5366821,21.927393
4627,796.9463,796.62964,0.748393,0.53426516,18.583532
4628,796.6024,796.6269,0.67362034,0.53303224,17.389877
4629,796.4578,796.61,0.60883087,0.53636473,15.2984085
4630,796.86383,796.6354,0.5537471,0.538147,18.22615
4631,796.4995,796.62177,0.5000337,0.5336426,18.948803
4632,796.95056,796.65466,0.45975995,0.54555666,32.059696
4633,795.6112,796.5503,0.5117762,0.535376,16.69177
4634,797.61975,796.6572,0.5635352,0.54346925,41.878716
4635,3878.2222,1104.8137,854644.3,0.53547364,139430.27
4636,796.8504,1074.0173,777715.56,0.5329224,22.879787
4637,797.15393,1046.331,706842.75,0.53898925,29.942495
4638,800.4424,1021.7422,641600.0,0.5362183,160.79509
4639,796.2541,999.19336,582016.06,0.5363159,15.538671
4640,795.92896,978.86694,527532.9,0.5416016,13.733154
4641,796.6975,960.65,477766.28,0.5393433,18.10691
4642,796.23926,944.2089,432422.44,0.5377075,16.196896
4643,797.03015,929.491,391129.72,0.54022217,23.233965
4644,796.6721,916.2091,353604.44,0.53385013,20.041372
4645,795.68616,904.1568,319551.28,0.5371338,15.114293
4646,796.35754,893.3769,288642.0,0.53758544,15.883341
4647,796.2728,883.6665,260626.4,0.53601074,15.529253
4648,796.3225,874.9321,235250.36,0.53881836,16.870651
4649,796.06836,867.0458,212285.08,0.543396,14.8842535
4650,796.9229,860.0335,191499.11,0.53507084,40.341022
4651,797.2512,853.75525,172703.94,0.53529054,41.034584
4652,796.4413,848.02386,155729.17,0.53881836,15.367959
4653,798.911,843.11255,140373.33,0.53927004,88.07737
4654,798.08026,838.6093,126518.51,0.5339233,36.411762
4655,798.0102,834.5494,114015.0,0.5327759,52.69555
4656,797.2923,830.82367,102738.43,0.53587645,30.299377
4657,797.1687,827.4582,92566.52,0.5342285,33.299473
4658,796.4968,824.36206,83396.14,0.53393555,14.626161
4659,1276.3867,869.5645,93445.88,0.534375,21720.133
4660,798.49884,862.45795,84555.82,0.52973634,83.655846
4661,796.76996,855.88916,76488.58,0.533667,22.699305
4662,798.2533,850.12555,69138.69,0.53796387,44.787277
4663,797.7917,844.89215,62471.312,0.5366211,43.39033
4664,796.4855,840.0515,56435.066,0.53398436,15.018761
4665,796.76245,835.7226,50960.215,0.5360718,27.519163
4666,831.60724,835.31104,45865.72,0.53704834,1579.9302
4667,795.9575,831.3757,41418.53,0.53958744,15.212941
4668,796.09576,827.84766,37388.7,0.5385132,15.345802
4669,796.07837,824.6707,33740.664,0.53624266,13.589448
4670,797.48804,821.95245,30433.098,0.53890383,50.91953
4671,796.71466,819.42865,27447.113,0.54000247,28.770927
4672,796.43195,817.12897,24749.998,0.54035646,14.061136
4673,796.5499,815.07104,22313.111,0.53963625,18.303226
4674,796.48145,813.2121,20112.9,0.53498536,17.117037
4675,796.3244,811.5233,18127.277,0.5416504,26.007954
4676,796.13983,809.985,16335.849,0.54053956,15.152603
4677,796.5035,808.63684,14718.621,0.5378052,25.015621
4678,798.3502,807.60815,13256.281,0.5371338,61.427708
4679,798.1096,806.6583,11938.773,0.53389895,83.43561
4680,796.49976,805.64246,10754.184,0.5390625,19.634193
4681,796.1371,804.6919,9686.896,0.53426516,15.733899
4682,796.652,803.8879,8724.024,0.5428101,19.318266
4683,798.31665,803.33075,7854.415,0.5360474,63.51558
4684,796.74567,802.67224,7072.876,0.535315,19.574118
4685,796.11786,802.0168,6369.4546,0.5389282,15.480983
4686,796.2936,801.44446,5735.457,0.54241943,15.616267
4687,796.0354,800.90356,5164.5444,0.5360962,16.390524
4688,796.01263,800.4145,4650.2427,0.53736573,18.230755
4689,796.67773,800.04083,4186.475,0.5425293,28.333054
4690,799.5404,799.9908,3767.8499,0.53809816,123.11223
4691,796.18896,799.6106,3392.3655,0.54152834,19.203815
4692,796.2317,799.2727,3054.1562,0.53494877,17.2769
4693,796.7815,799.02356,2749.299,0.5402588,60.37255
4694,795.6323,798.68445,2475.4043,0.5423584,14.151469
4695,796.2108,798.4371,2228.4146,0.5369995,18.914734
4696,796.08044,798.2014,2006.0729,0.53597414,20.795443
4697,795.6737,797.94867,1806.0405,0.53720707,14.465951
4698,796.8979,797.84357,1625.5359,0.53380126,20.3253
4699,796.04175,797.6634,1463.2745,0.5362183,15.489201
4700,796.29767,797.5268,1317.1149,0.5406372,14.896866
4701,795.98914,797.37305,1185.6162,0.53751224,14.038622
4702,796.79663,797.3154,1067.0845,0.5379761,25.372223
4703,795.93896,797.1778,960.5465,0.5354981,20.550365
4704,796.3755,797.09753,864.5498,0.54075927,17.337568
4705,795.77576,796.96533,778.252,0.5368897,15.141307
4706,795.8008,796.8489,700.5488,0.53912354,20.46715
4707,796.59784,796.8238,630.4996,0.5407837,39.520206
4708,796.57306,796.7987,567.45526,0.53912354,31.07775
4709,796.28284,796.74713,510.73367,0.5428467,17.804464
4710,796.01874,796.6743,459.70807,0.5393311,19.837362
4711,796.2212,796.629,413.75574,0.5362793,20.113781
4712,796.4869,796.6148,372.38196,0.5407715,17.867517
4713,795.8833,796.5416,335.1919,0.53498536,15.226125
4714,796.4603,796.5335,301.6733,0.53565675,21.92528
4715,796.0442,796.48456,271.52753,0.5364868,15.463742
4716,3815.9392,1098.43,820783.9,0.5397339,136622.73
4717,806.85864,1069.273,746356.7,0.53288573,463.41586
4718,796.08044,1041.9537,678438.1,0.5345947,18.801863
4719,796.1466,1017.37305,616032.2,0.53862303,20.498798
4720,795.77167,995.2129,558848.56,0.5431641,17.474543
4721,795.87726,975.2793,506539.84,0.53948975,27.417473
4722,796.19336,957.3707,458772.3,0.5418701,26.734922
4723,795.66406,941.2001,415248.5,0.5400513,14.787137
4724,795.81104,926.6612,375626.06,0.54383546,13.448836
4725,796.22943,913.61804,339594.56,0.54088134,20.722801
4726,796.8911,901.9454,306861.38,0.5435303,22.616955
4727,796.2814,891.37897,277180.1,0.53326416,17.011766
4728,796.7536,881.91644,250267.94,0.5426392,15.891187
4729,797.22235,873.447,225886.72,0.5346924,38.56769
4730,796.5609,865.7584,203830.06,0.5368164,15.319082
4731,796.4756,858.83014,183879.06,0.53493655,21.339983
4732,796.5066,852.5978,165840.73,0.54143065,19.110723
4733,796.9728,847.0353,149535.14,0.5352173,27.54865
4734,798.769,842.2086,134791.3,0.53909916,127.829384
4735,796.18427,837.6062,121502.81,0.53995365,20.487185
4736,795.7639,833.422,109510.1,0.5383301,16.130121
4737,795.8832,829.6681,98685.914,0.5381592,17.314302
4738,796.0962,826.3109,88918.76,0.5435791,17.73842
4739,796.4005,823.3199,80107.4,0.53809816,21.384012
4740,796.2856,820.61646,72162.44,0.5331177,15.84547
4741,796.2903,818.18384,64999.453,0.5352661,13.7584305
4742,796.44635,816.0101,58542.03,0.5434937,18.519478
4743,796.9769,814.10675,52720.43,0.5327759,38.097023
4744,796.71765,812.36786,47475.6,0.5366089,16.068983
4745,796.34344,810.76544,42751.152,0.5289917,16.857758
4746,796.5957,809.34845,38494.105,0.5446655,15.550933
4747,796.5012,808.0637,34659.547,0.53746337,23.856674
4748,796.0222,806.85956,31206.64,0.5378174,15.27924
4749,796.7334,805.8469,28095.205,0.53776854,16.108122
4750,797.1403,804.97626,25292.506,0.5370361,47.473457
4751,795.76044,804.0547,22770.898,0.54134524,19.138865
4752,795.66077,803.2153,20500.148,0.54207766,16.642105
4753,795.61066,802.45483,18455.338,0.5404175,14.644392
4754,796.66144,801.8755,16612.824,0.5423096,27.127676
4755,797.4625,801.4342,14953.294,0.54156494,36.565235
4756,796.17804,800.90857,13460.45,0.5390137,17.504402
4757,796.2106,800.4388,12116.392,0.53845215,18.904457
4758,796.35895,800.0308,10906.25,0.5407349,24.900396
4759,796.0001,799.62775,9817.087,0.53732914,16.789608
4760,796.15283,799.2803,8836.464,0.5387207,16.177414
4761,795.8083,798.9331,7953.902,0.5357666,12.629279
4762,796.78326,798.71814,7158.9277,0.5411255,21.758547
4763,796.1437,798.4607,6443.6313,0.5345093,17.068102
4764,795.68774,798.1834,5799.96,0.5416382,13.9253845
4765,1036.469,822.01196,10330.165,0.53963625,10855.478
4766,796.2808,819.43884,9356.736,0.53520507,19.48996
4767,795.8179,817.0767,8471.278,0.5453369,31.092726
4768,796.23083,814.9921,7663.26,0.5392456,15.258809
4769,796.7549,813.1684,6926.867,0.53410643,18.99569
4770,795.7373,811.4253,6261.5264,0.5374878,14.202781
4771,795.9199,809.87476,5657.0107,0.53972167,14.016675
4772,796.0018,808.4874,5108.631,0.53841555,21.740522
4773,795.39124,807.1778,4613.2036,0.54049075,15.076954
4774,795.93,806.05304,4163.2695,0.5428223,17.007895
4775,796.6224,805.11,3754.9468,0.53709716,24.142143
4776,795.9702,804.196,3386.9702,0.5374756,16.740427
4777,796.3359,803.41,3053.8335,0.53809816,20.693125
4778,795.9033,802.6593,2753.5215,0.5384888,20.133764
4779,795.73315,801.9667,2482.4866,0.5438477,16.6827
4780,796.8224,801.4523,2236.6196,0.54020995,28.681461
4781,796.4695,800.954,2015.1923,0.5403687,23.283972
4782,796.67737,800.5263,1815.3191,0.5372192,20.62377
4783,795.56665,800.03033,1636.001,0.53776854,14.876389
4784,829.22406,802.9497,1549.1055,0.540564,1483.2925
4785,796.4857,802.3033,1397.9554,0.53200686,27.27985
4786,795.4491,801.61786,1262.3881,0.53823245,15.667728
4787,795.4878,801.0049,1139.5312,0.5402588,13.30222
4788,795.80005,800.4844,1028.0162,0.54483646,15.603556
4789,795.64453,800.00037,927.32275,0.53977054,14.330453
4790,798.42474,799.8428,834.81384,0.5437622,49.53832
4791,796.80615,799.5391,752.16235,0.53389895,22.136555
4792,796.90686,799.2759,677.5697,0.5350952,20.021255
4793,797.8303,799.13135,610.0008,0.53376466,47.065838
4794,797.8503,799.00323,549.14844,0.53396,56.302963
4795,805.1554,799.61847,497.64,0.53338623,426.6587
4796,796.5248,799.3091,448.7374,0.53756106,21.367126
4797,796.22205,799.00037,404.7213,0.5377075,16.200886
4798,795.6681,798.6671,365.24854,0.5348633,14.902925
4799,803.1448,799.11487,330.52814,0.5411133,315.80887
4800,797.0558,798.90894,297.8569,0.53601074,30.621517
4801,795.7329,798.5913,268.97906,0.5376343,14.440428
4802,799.8845,798.72064,242.23166,0.53873295,189.55853
4803,796.58716,798.5073,218.41814,0.540979,17.293806
4804,795.5845,798.215,197.3452,0.5372559,12.438891
4805,798.9049,798.284,177.6535,0.54387206,57.634686
4806,795.66174,798.0218,160.507,0.53642577,18.003386
4807,795.6669,797.7863,144.95541,0.5401856,19.875744
4808,796.2167,797.62933,130.68161,0.541272,17.214703
4809,797.1678,797.5832,117.632614,0.53488773,27.043722
4810,809.29877,798.75476,118.22228,0.534375,583.7174
4811,796.5056,798.52985,106.85533,0.53361815,14.558705
4812,795.86926,798.2638,96.80688,0.53984374,12.578385
4813,797.78394,798.2158,87.14691,0.5376709,87.86635
4814,795.88873,797.9831,78.9196,0.53836673,13.333761
4815,796.47577,797.83234,71.232124,0.53900146,16.132683
4816,796.3729,797.6864,64.3006,0.5324585,26.534197
4817,795.46576,797.46436,58.31435,0.53854984,14.449239
4818,795.44885,797.2628,52.848515,0.5366699,13.515512
4819,795.89246,797.1258,47.732674,0.54278564,25.041914
4820,796.85254,797.09845,42.966125,0.54405516,46.051907
4821,795.55786,796.9444,38.88312,0.5354614,15.16325
4822,796.48584,796.89856,35.013733,0.5414795,18.630661
4823,795.995,796.8082,31.585836,0.5317627,37.416767
4824,795.88806,796.7162,28.503456,0.5420532,18.522137
4825,797.2566,796.7702,25.679394,0.5355713,53.45401
4826,795.65234,796.65845,23.223917,0.53664553,16.62758
4827,796.10754,796.60333,20.928839,0.5456299,20.59813
4828,796.9631,796.6393,18.8476,0.5383911,39.736996
4829,802.1864,797.194,19.732187,0.5394775,302.5736
4830,795.87683,797.06226,17.915104,0.5425415,18.74331
4831,828.2134,800.17737,103.45891,0.53610843,1467.8818
4832,796.7617,799.8358,94.16301,0.5354981,30.893223
4833,797.87524,799.6398,85.09265,0.54085696,82.185326
4834,795.2156,799.1973,78.345,0.5352295,14.204778
4835,796.8845,798.96606,70.99191,0.5438477,45.871857
4836,798.2661,798.89606,63.936817,0.5369507,61.181194
4837,795.23975,798.5304,58.74631,0.53651124,12.878098
4838,795.51605,798.22894,53.68944,0.5430054,12.889675
4839,795.9689,798.0029,48.78021,0.5371704,18.484999
4840,796.5205,797.8547,44.099968,0.5392578,42.76623
4841,806.78894,798.7481,46.873867,0.5406372,478.6481
4842,795.7761,798.4509,42.981422,0.53895265,17.716805
4843,795.92523,798.19836,39.2574,0.54298097,14.733288
4844,796.59106,798.03766,35.564167,0.5343506,39.418507
4845,796.09644,797.8435,32.3469,0.5392456,14.204862
4846,795.6431,797.6235,29.547958,0.5414429,13.426147
4847,796.1806,797.4792,26.78053,0.53787845,53.174
4848,796.61414,797.3927,24.169825,0.54166263,29.953363
4849,796.0792,797.26135,21.908112,0.54119873,19.51578
4850,796.0836,797.14355,19.842136,0.53737795,14.052829
4851,797.02655,797.13184,17.859156,0.5383789,21.415754
4852,796.6068,797.07935,16.098047,0.5374878,32.609486
4853,795.9291,796.9643,14.607322,0.54135746,23.442564
4854,795.5677,796.82465,13.322135,0.5372559,15.86206
4855,795.7738,796.71954,12.089305,0.54257816,19.479214
4856,796.17255,796.66486,10.907303,0.5430786,15.265262
4857,803.87006,797.3854,14.488914,0.5340576,312.40515
4858,795.8523,797.23206,13.251553,0.53276366,17.618996
4859,795.79285,797.08813,12.112816,0.54075927,14.152618
4860,796.18854,796.99817,10.974369,0.53520507,18.659998
4861,798.11884,797.1102,9.989963,0.5395752,120.56595
4862,796.10254,797.00946,9.082356,0.54057616,23.178812
4863,795.8212,796.8906,8.301191,0.5415161,17.329304
4864,795.4918,796.75073,7.647171,0.5405884,16.58476
4865,804.1039,797.486,11.748647,0.5440796,383.5515
4866,795.8662,797.32404,10.809922,0.536792,19.120527
4867,795.7489,797.1665,9.952225,0.5406128,16.047121
4868,795.7786,797.0277,9.130361,0.5423706,15.231931
4869,795.5448,796.8794,8.415236,0.5400513,13.496485
4870,796.0333,796.7948,7.638138,0.53980714,15.007676
4871,795.6771,796.68304,6.9867516,0.5399658,13.403134
4872,796.001,796.61487,6.3299456,0.5390625,16.310602
4873,795.2985,796.4832,5.8528996,0.53826904,14.1113
4874,798.0929,796.64417,5.500806,0.54816896,113.56139
4875,795.50085,796.52985,5.0683694,0.5390137,14.0116825
4876,795.4182,796.4187,4.672748,0.541333,13.8847475
4877,796.2765,796.4045,4.207293,0.5359009,44.696514
4878,795.84314,796.3483,3.814923,0.53953856,15.652138
4879,796.2023,796.33374,3.4353507,0.5362793,19.336266
4880,796.2642,796.3268,3.0922503,0.53958744,26.678318
4881,795.97034,796.29114,2.79446,0.5411133,21.913433
4882,795.9353,796.25555,2.5264096,0.53421634,14.350235
4883,796.19946,796.24994,2.274052,0.53294677,18.072088
4884,796.01294,796.22626,2.0517018,0.53565675,14.063958
4885,795.83276,796.1869,1.8604668,0.5340943,15.990366
4886,795.66956,796.13513,1.6985072,0.5395752,14.99468
4887,796.1391,796.1355,1.5286578,0.541333,16.552868
4888,795.7394,796.0959,1.3899138,0.53759766,16.857086
4889,795.5077,796.03705,1.28206,0.5427246,15.596594
4890,796.79504,796.11285,1.2055641,0.545105,47.086067
4891,796.0539,796.10693,1.0853206,0.5419922,17.420834
4892,796.6198,796.1582,1.0004625,0.5413208,27.79389
4893,797.93286,796.3357,1.1838633,0.5387573,70.847046
4894,795.8249,796.2846,1.0889598,0.5443482,20.750406
4895,795.87396,796.2435,0.9952404,0.54483646,14.532111
4896,795.5365,796.17285,0.9407067,0.5397095,14.151163
4897,795.4707,796.10266,0.8910071,0.54306644,14.451378
4898,796.1245,796.10486,0.8019494,0.5419922,21.390463
4899,795.44354,796.0387,0.76111495,0.5400147,14.9285755
4900,796.35345,796.0702,0.69392,0.5453491,62.80979
4901,798.838,796.347,1.3140037,0.5395142,109.16968
4902,796.3933,796.3516,1.1827965,0.53962404,14.618869
4903,796.17944,796.3344,1.0671849,0.5362183,16.400743
4904,796.1482,796.3158,0.96358734,0.5348145,14.09495
4905,795.8331,796.2675,0.8881956,0.54053956,13.7249155
4906,796.2383,796.2646,0.7994529,0.5350342,28.788584
4907,795.5919,796.1973,0.760231,0.5361206,13.38457
4908,818.45215,798.4228,45.259144,0.5371094,964.20703
4909,797.8002,798.36053,40.768116,0.53304446,77.25498
4910,795.7926,798.10376,37.28479,0.54031986,17.291527
4911,795.4911,797.84247,34.170654,0.5352173,14.532693
4912,796.3835,797.6966,30.945166,0.5427124,22.014645
4913,796.69666,797.5966,27.940638,0.54080814,29.413332
4914,796.3756,797.4745,25.28075,0.5344116,61.142685
4915,795.0291,797.23,23.290861,0.54468995,12.985009
4916,795.9701,797.104,21.104633,0.54483646,17.378544
4917,795.4913,796.94275,19.22825,0.5383789,17.638931
4918,795.5876,796.80725,17.470707,0.5436768,18.069029
4919,795.878,796.71436,15.801353,0.5406494,19.376976
4920,796.22766,796.6657,14.242537,0.5395752,24.59069
4921,795.68445,796.56757,12.904942,0.5354248,15.438841
4922,795.8264,796.49347,11.663885,0.53859866,38.266533
4923,796.1935,796.4635,10.505595,0.5390503,19.218893
4924,795.82434,796.3996,9.491803,0.5358154,15.662929
4925,796.1301,796.3727,8.549158,0.5409302,21.342964
4926,796.8076,796.4162,7.7112675,0.54197997,25.332312
4927,797.4972,796.5243,7.0453095,0.5396973,69.885185
4928,797.5935,796.6312,6.443668,0.5360962,69.01878
4929,795.7263,796.5407,5.872998,0.5407715,14.127099
4930,795.94727,796.4814,5.3173943,0.54364014,22.88938
4931,796.3755,796.4708,4.786664,0.53842777,30.231754
4932,797.4414,796.5679,4.3927803,0.5397583,55.548943
4933,797.50354,796.66144,4.032295,0.53791505,68.457405
4934,796.04333,796.5996,3.6634502,0.5388306,17.304552
4935,797.4761,796.68726,3.3662422,0.54071045,99.0277
4936,795.7706,796.5956,3.1052363,0.54238284,14.84571
4937,797.85114,796.7211,2.93659,0.5383057,81.73251
4938,795.9061,796.63965,2.7027116,0.53692627,15.549682
4939,795.72205,796.5479,2.50822,0.5430054,13.600925
4940,795.9761,796.4907,2.2868278,0.5397095,19.898191
4941,795.5702,796.3987,2.1344092,0.53758544,15.3466425
4942,796.4518,796.404,1.9212221,0.53931886,17.224285
4943,795.86365,796.35,1.7553773,0.539209,14.859628
4944,795.3156,796.2465,1.6761311,0.5391968,16.078413
4945,797.1361,796.33545,1.5797409,0.5411865,37.96023
4946,796.894,796.3913,1.449843,0.5364502,31.587523
4947,795.95935,796.3481,1.3216506,0.54283446,14.993471
4948,796.27625,796.3409,1.18995,0.5339233,25.43124
4949,795.4375,796.25055,1.1444037,0.5383423,13.261136
4950,796.4866,796.2742,1.0349768,0.542688,32.192284
4951,795.87146,796.2339,0.94607496,0.5406006,23.290121
4952,796.59814,796.2703,0.863409,0.5402466,23.216473
4953,796.09357,796.2526,0.77988,0.54156494,17.489067
4954,795.99884,796.22723,0.70768857,0.54345703,14.505202
4955,796.1709,796.2216,0.63720536,0.53863525,14.716167
4956,796.01636,796.2011,0.5772767,0.5379395,16.91279
4957,795.1921,796.1002,0.61118233,0.54348147,12.893561
4958,795.9663,796.08685,0.55167794,0.54202884,30.808237
4959,797.6279,796.24097,0.7102527,0.538794,65.01997
4960,795.98145,796.215,0.64528906,0.5378296,22.172255
4961,795.8312,796.17664,0.59402084,0.54589844,21.99426
4962,796.16174,796.1752,0.5346387,0.5416748,35.29483
4963,797.6271,796.3204,0.6708972,0.54483646,81.329895
4964,795.4955,796.2379,0.6650474,0.5396118,19.077696
4965,797.8471,796.3988,0.8315975,0.53940433,120.96417
4966,796.0658,796.3655,0.75841826,0.5452027,32.099216
4967,796.48474,796.3774,0.68385655,0.54117435,52.30979
4968,796.1475,796.3544,0.620226,0.5470581,29.624659
4969,798.81085,796.60004,1.1012907,0.5427734,115.58449
4970,796.83923,796.62396,0.996311,0.53963625,48.69167
4971,795.4326,796.5048,1.0244172,0.54157716,14.706817
4972,796.6033,796.51465,0.9228478,0.54088134,29.747053
4973,796.9419,796.5574,0.84699154,0.5366333,52.781494
4974,795.8556,796.4872,0.8066172,0.5402954,20.436491
4975,795.19403,796.35785,0.8764572,0.5408325,14.303237
4976,795.5106,796.27313,0.8534132,0.54798585,18.400127
4977,795.1245,796.15826,0.8868115,0.54523927,19.213856
4978,795.7992,796.1224,0.80973417,0.54351807,33.482105
4979,795.6913,796.0793,0.74548626,0.54261476,14.576612
4980,795.679,796.03925,0.685357,0.5395996,25.044226
4981,795.6111,795.99646,0.6333203,0.5457886,16.74873
4982,796.15967,796.01276,0.57238555,0.5430542,45.435814
4983,795.29224,795.9407,0.5618704,0.54017335,12.786294
4984,795.3323,795.8798,0.5389967,0.5421753,14.58716
4985,795.5208,795.84393,0.49669686,0.5424927,16.178974
4986,796.5386,795.9134,0.49045452,0.54521483,19.139952
4987,795.8434,795.9064,0.44185016,0.53560793,13.943685
4988,795.9147,795.9072,0.3976713,0.5402588,29.945696
4989,795.9481,795.9113,0.35805467,0.5374512,16.553669
4990,812.12256,797.5325,23.974644,0.5423706,733.6739
4991,796.45844,797.42505,21.680998,0.5369629,34.396828
4992,795.5453,797.23706,19.830912,0.5390503,17.741194
4993,795.98425,797.11176,17.989077,0.5436768,22.457653
4994,796.1229,797.0129,16.27817,0.5393799,14.938087
4995,796.70703,796.9823,14.658771,0.5384766,36.189056
4996,795.92566,796.87665,13.293377,0.5418091,15.329167
4997,795.9827,796.78723,12.035957,0.53862303,22.617357
4998,795.81555,796.69006,10.9173355,0.5383545,19.961342
4999,795.6581,796.58685,9.921451,0.5425903,16.690248
