2026-06-02 19:35:49,053 - JAX version: 0.10.1
2026-06-02 19:35:49,055 - jax_enable_x64: False
2026-06-02 19:35:49,055 - JAXlib version: 0.10.1
2026-06-02 19:35:49,055 - KFAC-JAX version: 0.0.8
2026-06-02 19:35:49,055 - Available devices: ['cuda:0']
2026-06-02 19:35:49,055 - Platform: gpu
2026-06-02 19:35:49,055 - Default precision: float32
2026-06-02 19:35:49,055 - Default matmul precision: float32
2026-06-02 19:35:49,055 - GPU information: ['Tesla V100-PCIE-32GB']
2026-06-02 19:35:49,055 - Python version: 3.13.13
2026-06-02 19:35:49,055 - System: Linux #20260508 SMP PREEMPT_DYNAMIC Fri May  8 11:20:56 EDT 2026
2026-06-02 19:35:49,055 - Processor: x86_64
2026-06-02 19:35:49,055 - Numpy version: 2.4.6
2026-06-02 19:35:49,055 - CUDA_VISIBLE_DEVICES: GPU-3f8740e5-69ed-35ae-3a59-7ebcacf260f8
2026-06-02 19:35:49,055 - NVIDIA driver version: 580.126.09
580.126.09
2026-06-02 19:35:49,055 - GPU models: Tesla V100-PCIE-32GB, Tesla V100-PCIE-32GB
2026-06-02 19:35:49,060 - Starting QMC with 1 XLA devices per host across 1 hosts.
2026-06-02 19:35:51,437 - No checkpoint found. Training new model.
2026-06-02 19:35:53,270 - Using adam_kfac optimizer: Adam until step 500, then KFAC.
2026-06-02 19:35:53,291 - Burning in MCMC chain for 2000 steps
2026-06-02 19:39:09,168 - Completed burn-in MCMC steps
2026-06-02 19:39:15,337 - Initial energy: 742.3252 E_h
2026-06-02 19:39:23,979 - Step 00000: 557.3290 E_h, exp. variance=0.0000 E_h^2, pmove=1.00
2026-06-02 19:39:31,987 - Step 00001: 1677.0542 E_h, exp. variance=112840.6094 E_h^2, pmove=1.00
2026-06-02 19:39:32,546 - Step 00002: 1025.7794 E_h, exp. variance=112993.4297 E_h^2, pmove=1.00
2026-06-02 19:39:33,105 - Step 00003: 1007.1290 E_h, exp. variance=109912.2188 E_h^2, pmove=1.00
2026-06-02 19:39:33,665 - Step 00004: 661.7394 E_h, exp. variance=99406.2422 E_h^2, pmove=1.00
2026-06-02 19:39:34,225 - Step 00005: 2070.3013 E_h, exp. variance=251667.5625 E_h^2, pmove=1.00
2026-06-02 19:39:34,783 - Step 00006: 6594.8076 E_h, exp. variance=3184283.5000 E_h^2, pmove=1.00
2026-06-02 19:39:35,343 - Step 00007: 1142.7979 E_h, exp. variance=2873557.7500 E_h^2, pmove=1.00
2026-06-02 19:39:35,902 - Step 00008: 2608.8926 E_h, exp. variance=2716407.7500 E_h^2, pmove=1.00
2026-06-02 19:39:36,462 - Step 00009: 728.3617 E_h, exp. variance=2502080.7500 E_h^2, pmove=1.00
2026-06-02 19:39:37,020 - Step 00010: 476.9711 E_h, exp. variance=2336483.7500 E_h^2, pmove=1.00
2026-06-02 19:39:37,580 - Step 00011: 1827.5283 E_h, exp. variance=2123391.7500 E_h^2, pmove=1.00
2026-06-02 19:39:38,140 - Step 00012: 1196.3251 E_h, exp. variance=1914691.5000 E_h^2, pmove=1.00
2026-06-02 19:39:38,699 - Step 00013: 1446.5193 E_h, exp. variance=1723653.6250 E_h^2, pmove=1.00
2026-06-02 19:39:39,258 - Step 00014: 800.8423 E_h, exp. variance=1581917.6250 E_h^2, pmove=1.00
2026-06-02 19:39:39,819 - Step 00015: 2640.1494 E_h, exp. variance=1579183.2500 E_h^2, pmove=1.00
2026-06-02 19:39:40,378 - Step 00016: 982.5143 E_h, exp. variance=1441553.3750 E_h^2, pmove=1.00
2026-06-02 19:39:40,937 - Step 00017: 1365.8164 E_h, exp. variance=1297572.3750 E_h^2, pmove=1.00
2026-06-02 19:39:41,497 - Step 00018: 1277.2633 E_h, exp. variance=1169293.5000 E_h^2, pmove=1.00
2026-06-02 19:39:42,057 - Step 00019: 540.2892 E_h, exp. variance=1117744.6250 E_h^2, pmove=1.00
2026-06-02 19:39:42,619 - Step 00020: 1517.2886 E_h, exp. variance=1009935.7500 E_h^2, pmove=1.00
2026-06-02 19:39:43,180 - Step 00021: 408.7416 E_h, exp. variance=985056.5000 E_h^2, pmove=1.00
2026-06-02 19:39:43,740 - Step 00022: 810.2748 E_h, exp. variance=902893.7500 E_h^2, pmove=1.00
2026-06-02 19:39:44,304 - Step 00023: 1887.8838 E_h, exp. variance=855962.9375 E_h^2, pmove=1.00
2026-06-02 19:39:44,886 - Step 00024: 1787.4432 E_h, exp. variance=795101.1875 E_h^2, pmove=1.00
2026-06-02 19:39:45,459 - Step 00025: 5300.6138 E_h, exp. variance=2144802.5000 E_h^2, pmove=1.00
2026-06-02 19:39:46,026 - Step 00026: 1000.7723 E_h, exp. variance=1976120.7500 E_h^2, pmove=1.00
2026-06-02 19:39:46,591 - Step 00027: 5014.9824 E_h, exp. variance=2801960.2500 E_h^2, pmove=1.00
2026-06-02 19:39:47,154 - Step 00028: 4568.8193 E_h, exp. variance=3124938.7500 E_h^2, pmove=1.00
2026-06-02 19:39:47,722 - Step 00029: 1420.3374 E_h, exp. variance=2872747.2500 E_h^2, pmove=1.00
2026-06-02 19:39:48,303 - Step 00030: 2467.0007 E_h, exp. variance=2594119.7500 E_h^2, pmove=1.00
2026-06-02 19:39:48,882 - Step 00031: 1477.5817 E_h, exp. variance=2380134.2500 E_h^2, pmove=1.00
2026-06-02 19:39:49,450 - Step 00032: 376.7816 E_h, exp. variance=2414669.0000 E_h^2, pmove=1.00
2026-06-02 19:39:50,013 - Step 00033: 1217.3203 E_h, exp. variance=2220592.7500 E_h^2, pmove=1.00
2026-06-02 19:39:50,576 - Step 00034: 4744.7935 E_h, exp. variance=2742125.0000 E_h^2, pmove=1.00
2026-06-02 19:39:51,141 - Step 00035: 3336.6226 E_h, exp. variance=2592970.0000 E_h^2, pmove=1.00
2026-06-02 19:39:51,704 - Step 00036: 542.9586 E_h, exp. variance=2603894.2500 E_h^2, pmove=1.00
2026-06-02 19:39:52,281 - Step 00037: 2385.5818 E_h, exp. variance=2350719.7500 E_h^2, pmove=1.00
2026-06-02 19:39:52,873 - Step 00038: 1230.4717 E_h, exp. variance=2188593.7500 E_h^2, pmove=1.00
2026-06-02 19:39:53,456 - Step 00039: 1060.4458 E_h, exp. variance=2056220.0000 E_h^2, pmove=1.00
2026-06-02 19:39:54,026 - Step 00040: 2972.8997 E_h, exp. variance=1946115.8750 E_h^2, pmove=1.00
2026-06-02 19:39:54,596 - Step 00041: 7494.3101 E_h, exp. variance=4423346.0000 E_h^2, pmove=1.00
2026-06-02 19:39:55,158 - Step 00042: 9720.1445 E_h, exp. variance=8555774.0000 E_h^2, pmove=1.00
2026-06-02 19:39:55,719 - Step 00043: 4046.0645 E_h, exp. variance=7749818.0000 E_h^2, pmove=1.00
2026-06-02 19:39:56,286 - Step 00044: 933.4999 E_h, exp. variance=7512545.0000 E_h^2, pmove=1.00
2026-06-02 19:39:56,871 - Step 00045: 4660.6201 E_h, exp. variance=6971217.5000 E_h^2, pmove=1.00
2026-06-02 19:39:57,448 - Step 00046: 1239.8596 E_h, exp. variance=6650929.0000 E_h^2, pmove=1.00
2026-06-02 19:39:58,014 - Step 00047: 2380.6736 E_h, exp. variance=6030035.5000 E_h^2, pmove=1.00
2026-06-02 19:39:58,578 - Step 00048: 316.4439 E_h, exp. variance=6080675.0000 E_h^2, pmove=1.00
2026-06-02 19:39:59,139 - Step 00049: 1432.0331 E_h, exp. variance=5627022.5000 E_h^2, pmove=1.00
2026-06-02 19:39:59,702 - Step 00050: 765.3927 E_h, exp. variance=5370852.5000 E_h^2, pmove=1.00
2026-06-02 19:40:00,279 - Step 00051: 1511.6418 E_h, exp. variance=4909069.5000 E_h^2, pmove=1.00
2026-06-02 19:40:00,854 - Step 00052: 3303.4043 E_h, exp. variance=4502585.5000 E_h^2, pmove=1.00
2026-06-02 19:40:01,417 - Step 00053: 1213.5005 E_h, exp. variance=4185895.5000 E_h^2, pmove=1.00
2026-06-02 19:40:01,988 - Step 00054: 773.1671 E_h, exp. variance=3979848.0000 E_h^2, pmove=1.00
2026-06-02 19:40:02,569 - Step 00055: 983.9221 E_h, exp. variance=3705552.0000 E_h^2, pmove=1.00
2026-06-02 19:40:03,162 - Step 00056: 4738.4834 E_h, exp. variance=3990843.2500 E_h^2, pmove=1.00
2026-06-02 19:40:03,745 - Step 00057: 4711.0522 E_h, exp. variance=4111066.2500 E_h^2, pmove=1.00
2026-06-02 19:40:04,316 - Step 00058: 911.1963 E_h, exp. variance=3941423.5000 E_h^2, pmove=1.00
2026-06-02 19:40:04,880 - Step 00059: 4009.0254 E_h, exp. variance=3784545.2500 E_h^2, pmove=1.00
2026-06-02 19:40:05,448 - Step 00060: 695.5350 E_h, exp. variance=3714847.7500 E_h^2, pmove=1.00
2026-06-02 19:40:06,012 - Step 00061: 1872.6967 E_h, exp. variance=3364955.7500 E_h^2, pmove=1.00
2026-06-02 19:40:06,576 - Step 00062: 1139.6260 E_h, exp. variance=3152484.7500 E_h^2, pmove=1.00
2026-06-02 19:40:07,138 - Step 00063: 835.9854 E_h, exp. variance=3003738.2500 E_h^2, pmove=1.00
2026-06-02 19:40:07,698 - Step 00064: 1133.4683 E_h, exp. variance=2780646.7500 E_h^2, pmove=1.00
2026-06-02 19:40:08,257 - Step 00065: 4485.4932 E_h, exp. variance=3073226.2500 E_h^2, pmove=1.00
2026-06-02 19:40:08,818 - Step 00066: 1419.3789 E_h, exp. variance=2823487.0000 E_h^2, pmove=1.00
2026-06-02 19:40:09,381 - Step 00067: 2469.7969 E_h, exp. variance=2550970.2500 E_h^2, pmove=1.00
2026-06-02 19:40:09,945 - Step 00068: 4339.5986 E_h, exp. variance=2718609.2500 E_h^2, pmove=1.00
2026-06-02 19:40:10,509 - Step 00069: 4117.7324 E_h, exp. variance=2715698.0000 E_h^2, pmove=1.00
2026-06-02 19:40:11,079 - Step 00070: 637.9663 E_h, exp. variance=2777272.5000 E_h^2, pmove=1.00
2026-06-02 19:40:11,640 - Step 00071: 2258.3203 E_h, exp. variance=2500658.2500 E_h^2, pmove=1.00
2026-06-02 19:40:12,202 - Step 00072: 825.3713 E_h, exp. variance=2462110.0000 E_h^2, pmove=1.00
2026-06-02 19:40:12,765 - Step 00073: 2385.9019 E_h, exp. variance=2218840.7500 E_h^2, pmove=1.00
2026-06-02 19:40:13,347 - Step 00074: 1281.6924 E_h, exp. variance=2076732.8750 E_h^2, pmove=1.00
2026-06-02 19:40:13,925 - Step 00075: 680.7302 E_h, exp. variance=2057841.8750 E_h^2, pmove=1.00
2026-06-02 19:40:14,508 - Step 00076: 1295.0094 E_h, exp. variance=1894806.6250 E_h^2, pmove=1.00
2026-06-02 19:40:15,083 - Step 00077: 3967.2266 E_h, exp. variance=2084268.1250 E_h^2, pmove=1.00
2026-06-02 19:40:15,650 - Step 00078: 8959.5654 E_h, exp. variance=6085422.5000 E_h^2, pmove=1.00
2026-06-02 19:40:16,219 - Step 00079: 1018.7721 E_h, exp. variance=5763838.0000 E_h^2, pmove=1.00
2026-06-02 19:40:16,787 - Step 00080: 1771.3778 E_h, exp. variance=5253161.5000 E_h^2, pmove=1.00
2026-06-02 19:40:17,366 - Step 00081: 1492.8558 E_h, exp. variance=4826603.0000 E_h^2, pmove=1.00
2026-06-02 19:40:17,956 - Step 00082: 1402.5892 E_h, exp. variance=4439988.0000 E_h^2, pmove=1.00
2026-06-02 19:40:18,538 - Step 00083: 802.8214 E_h, exp. variance=4206533.5000 E_h^2, pmove=0.99
2026-06-02 19:40:19,109 - Step 00084: 474.9556 E_h, exp. variance=4047333.7500 E_h^2, pmove=1.00
2026-06-02 19:40:19,674 - Step 00085: 970.8221 E_h, exp. variance=3739590.7500 E_h^2, pmove=0.99
2026-06-02 19:40:20,235 - Step 00086: 1145.7585 E_h, exp. variance=3417528.5000 E_h^2, pmove=1.00
2026-06-02 19:40:20,802 - Step 00087: 561.4189 E_h, exp. variance=3220426.2500 E_h^2, pmove=0.99
2026-06-02 19:40:21,385 - Step 00088: 3384.1011 E_h, exp. variance=3152911.7500 E_h^2, pmove=1.00
2026-06-02 19:40:21,962 - Step 00089: 707.3630 E_h, exp. variance=2959396.5000 E_h^2, pmove=1.00
2026-06-02 19:40:22,527 - Step 00090: 2461.4219 E_h, exp. variance=2708464.2500 E_h^2, pmove=1.00
2026-06-02 19:40:23,089 - Step 00091: 9928.2832 E_h, exp. variance=8347345.0000 E_h^2, pmove=0.99
2026-06-02 19:40:23,649 - Step 00092: 2040.1190 E_h, exp. variance=7544492.5000 E_h^2, pmove=0.99
2026-06-02 19:40:24,208 - Step 00093: 1887.4767 E_h, exp. variance=6832682.5000 E_h^2, pmove=0.99
2026-06-02 19:40:24,770 - Step 00094: 1158.7871 E_h, exp. variance=6312994.0000 E_h^2, pmove=0.99
2026-06-02 19:40:25,337 - Step 00095: 2117.3633 E_h, exp. variance=5687536.5000 E_h^2, pmove=0.99
2026-06-02 19:40:25,902 - Step 00096: 4181.4019 E_h, exp. variance=5421747.5000 E_h^2, pmove=0.99
2026-06-02 19:40:26,466 - Step 00097: 1500.3977 E_h, exp. variance=4975004.5000 E_h^2, pmove=0.99
2026-06-02 19:40:27,028 - Step 00098: 1841.5856 E_h, exp. variance=4508365.0000 E_h^2, pmove=0.99
2026-06-02 19:40:27,600 - Step 00099: 839.7172 E_h, exp. variance=4267902.5000 E_h^2, pmove=0.99
2026-06-02 19:40:28,167 - Step 00100: 474.5338 E_h, exp. variance=4113966.0000 E_h^2, pmove=0.99
2026-06-02 19:40:28,750 - Step 00101: 728.4158 E_h, exp. variance=3857769.2500 E_h^2, pmove=0.99
2026-06-02 19:40:29,332 - Step 00102: 788.4502 E_h, exp. variance=3585257.0000 E_h^2, pmove=0.99
2026-06-02 19:40:29,916 - Step 00103: 923.3015 E_h, exp. variance=3295605.0000 E_h^2, pmove=0.99
2026-06-02 19:40:30,493 - Step 00104: 779.7377 E_h, exp. variance=3044032.5000 E_h^2, pmove=0.99
2026-06-02 19:40:31,078 - Step 00105: 814.4127 E_h, exp. variance=2797678.7500 E_h^2, pmove=0.99
2026-06-02 19:40:31,658 - Step 00106: 667.5879 E_h, exp. variance=2585973.7500 E_h^2, pmove=0.99
2026-06-02 19:40:32,226 - Step 00107: 881.9548 E_h, exp. variance=2356443.2500 E_h^2, pmove=0.99
2026-06-02 19:40:32,789 - Step 00108: 694.3930 E_h, exp. variance=2164777.0000 E_h^2, pmove=0.99
2026-06-02 19:40:33,349 - Step 00109: 2447.5269 E_h, exp. variance=2062004.3750 E_h^2, pmove=0.99
2026-06-02 19:40:33,913 - Step 00110: 2300.2549 E_h, exp. variance=1923040.2500 E_h^2, pmove=0.99
2026-06-02 19:40:34,480 - Step 00111: 731.1123 E_h, exp. variance=1787082.0000 E_h^2, pmove=0.99
2026-06-02 19:40:35,053 - Step 00112: 453.6273 E_h, exp. variance=1696512.1250 E_h^2, pmove=0.99
2026-06-02 19:40:35,619 - Step 00113: 956.5348 E_h, exp. variance=1540391.3750 E_h^2, pmove=0.99
2026-06-02 19:40:36,181 - Step 00114: 539.7927 E_h, exp. variance=1439119.3750 E_h^2, pmove=0.99
2026-06-02 19:40:36,743 - Step 00115: 8730.4824 E_h, exp. variance=6359808.5000 E_h^2, pmove=0.99
2026-06-02 19:40:37,323 - Step 00116: 13604.6006 E_h, exp. variance=17887568.0000 E_h^2, pmove=0.99
2026-06-02 19:40:37,894 - Step 00117: 782.1406 E_h, exp. variance=16599859.0000 E_h^2, pmove=0.99
2026-06-02 19:40:38,462 - Step 00118: 3374.6631 E_h, exp. variance=14959667.0000 E_h^2, pmove=0.99
2026-06-02 19:40:39,036 - Step 00119: 711.5472 E_h, exp. variance=13915702.0000 E_h^2, pmove=0.99
2026-06-02 19:40:39,606 - Step 00120: 2571.2632 E_h, exp. variance=12526356.0000 E_h^2, pmove=0.99
2026-06-02 19:40:40,174 - Step 00121: 5384.6104 E_h, exp. variance=11916212.0000 E_h^2, pmove=0.99
2026-06-02 19:40:40,751 - Step 00122: 502.6249 E_h, exp. variance=11276930.0000 E_h^2, pmove=0.99
2026-06-02 19:40:41,317 - Step 00123: 1387.9689 E_h, exp. variance=10311866.0000 E_h^2, pmove=0.99
2026-06-02 19:40:41,879 - Step 00124: 2891.1304 E_h, exp. variance=9288424.0000 E_h^2, pmove=0.99
2026-06-02 19:40:42,447 - Step 00125: 1049.4036 E_h, exp. variance=8583608.0000 E_h^2, pmove=0.99
2026-06-02 19:40:43,011 - Step 00126: 666.8304 E_h, exp. variance=8017663.5000 E_h^2, pmove=0.99
2026-06-02 19:40:43,597 - Step 00127: 2939.8760 E_h, exp. variance=7254013.5000 E_h^2, pmove=0.99
2026-06-02 19:40:44,183 - Step 00128: 3061.8267 E_h, exp. variance=6573681.5000 E_h^2, pmove=0.99
2026-06-02 19:40:44,765 - Step 00129: 1626.6387 E_h, exp. variance=5973669.0000 E_h^2, pmove=0.99
2026-06-02 19:40:45,337 - Step 00130: 2768.9048 E_h, exp. variance=5392466.0000 E_h^2, pmove=0.99
2026-06-02 19:40:45,902 - Step 00131: 4481.3530 E_h, exp. variance=5247803.0000 E_h^2, pmove=0.99
2026-06-02 19:40:46,465 - Step 00132: 5223.6787 E_h, exp. variance=5344030.5000 E_h^2, pmove=0.99
2026-06-02 19:40:47,025 - Step 00133: 1950.1880 E_h, exp. variance=4884053.0000 E_h^2, pmove=0.99
2026-06-02 19:40:47,585 - Step 00134: 1412.6693 E_h, exp. variance=4561121.5000 E_h^2, pmove=0.99
2026-06-02 19:40:48,149 - Step 00135: 1221.9197 E_h, exp. variance=4284218.5000 E_h^2, pmove=0.99
2026-06-02 19:40:48,728 - Step 00136: 1214.1326 E_h, exp. variance=4002741.7500 E_h^2, pmove=0.99
2026-06-02 19:40:49,300 - Step 00137: 3049.5222 E_h, exp. variance=3644745.5000 E_h^2, pmove=0.99
2026-06-02 19:40:49,865 - Step 00138: 1825.4832 E_h, exp. variance=3313452.2500 E_h^2, pmove=0.99
2026-06-02 19:40:50,428 - Step 00139: 529.7322 E_h, exp. variance=3287547.7500 E_h^2, pmove=0.99
2026-06-02 19:40:50,993 - Step 00140: 1385.0833 E_h, exp. variance=3016775.2500 E_h^2, pmove=0.99
2026-06-02 19:40:51,560 - Step 00141: 7287.8789 E_h, exp. variance=5130397.0000 E_h^2, pmove=0.99
2026-06-02 19:40:52,122 - Step 00142: 1490.3118 E_h, exp. variance=4733338.0000 E_h^2, pmove=0.99
2026-06-02 19:40:52,686 - Step 00143: 1084.3206 E_h, exp. variance=4443445.5000 E_h^2, pmove=0.99
2026-06-02 19:40:53,255 - Step 00144: 2241.8772 E_h, exp. variance=4000560.2500 E_h^2, pmove=0.99
2026-06-02 19:40:53,826 - Step 00145: 1141.7421 E_h, exp. variance=3733308.7500 E_h^2, pmove=0.99
2026-06-02 19:40:54,392 - Step 00146: 560.4598 E_h, exp. variance=3612349.5000 E_h^2, pmove=0.99
2026-06-02 19:40:54,960 - Step 00147: 1621.0764 E_h, exp. variance=3269055.5000 E_h^2, pmove=0.99
2026-06-02 19:40:55,537 - Step 00148: 2190.0459 E_h, exp. variance=2944664.0000 E_h^2, pmove=0.99
2026-06-02 19:40:56,112 - Step 00149: 14021.2070 E_h, exp. variance=15570450.0000 E_h^2, pmove=0.99
2026-06-02 19:40:56,688 - Step 00150: 2643.5156 E_h, exp. variance=14045188.0000 E_h^2, pmove=0.99
2026-06-02 19:40:57,263 - Step 00151: 1898.3787 E_h, exp. variance=12788119.0000 E_h^2, pmove=0.99
2026-06-02 19:40:57,830 - Step 00152: 753.0662 E_h, exp. variance=11984286.0000 E_h^2, pmove=0.99
2026-06-02 19:40:58,409 - Step 00153: 2660.5303 E_h, exp. variance=10788164.0000 E_h^2, pmove=0.99
2026-06-02 19:40:58,991 - Step 00154: 1798.1791 E_h, exp. variance=9800510.0000 E_h^2, pmove=0.99
2026-06-02 19:40:59,564 - Step 00155: 1777.8904 E_h, exp. variance=8897645.0000 E_h^2, pmove=0.99
2026-06-02 19:41:00,130 - Step 00156: 692.8678 E_h, exp. variance=8339138.0000 E_h^2, pmove=0.99
2026-06-02 19:41:00,692 - Step 00157: 3886.3455 E_h, exp. variance=7698867.0000 E_h^2, pmove=0.99
2026-06-02 19:41:01,259 - Step 00158: 2573.2642 E_h, exp. variance=6928984.5000 E_h^2, pmove=0.99
2026-06-02 19:41:01,842 - Step 00159: 3271.2039 E_h, exp. variance=6280729.0000 E_h^2, pmove=0.99
2026-06-02 19:41:02,414 - Step 00160: 778.2985 E_h, exp. variance=5963697.5000 E_h^2, pmove=0.99
2026-06-02 19:41:02,980 - Step 00161: 9550.4092 E_h, exp. variance=9902921.0000 E_h^2, pmove=0.99
2026-06-02 19:41:03,541 - Step 00162: 489.6578 E_h, exp. variance=9555033.0000 E_h^2, pmove=0.99
2026-06-02 19:41:04,105 - Step 00163: 2230.7070 E_h, exp. variance=8639145.0000 E_h^2, pmove=0.99
2026-06-02 19:41:04,669 - Step 00164: 1284.3958 E_h, exp. variance=7989624.0000 E_h^2, pmove=0.99
2026-06-02 19:41:05,230 - Step 00165: 914.4616 E_h, exp. variance=7469133.0000 E_h^2, pmove=0.99
2026-06-02 19:41:05,794 - Step 00166: 2115.5784 E_h, exp. variance=6735352.5000 E_h^2, pmove=0.99
2026-06-02 19:41:06,369 - Step 00167: 10562.1309 E_h, exp. variance=11970738.0000 E_h^2, pmove=0.99
2026-06-02 19:41:06,952 - Step 00168: 2231.4321 E_h, exp. variance=10870675.0000 E_h^2, pmove=0.99
2026-06-02 19:41:07,528 - Step 00169: 812.0136 E_h, exp. variance=10282247.0000 E_h^2, pmove=0.99
2026-06-02 19:41:08,098 - Step 00170: 1134.4954 E_h, exp. variance=9544312.0000 E_h^2, pmove=0.99
2026-06-02 19:41:08,670 - Step 00171: 798.7198 E_h, exp. variance=8932854.0000 E_h^2, pmove=0.99
2026-06-02 19:41:09,248 - Step 00172: 1280.2007 E_h, exp. variance=8185975.0000 E_h^2, pmove=0.99
2026-06-02 19:41:09,814 - Step 00173: 1416.8887 E_h, exp. variance=7459405.5000 E_h^2, pmove=0.99
2026-06-02 19:41:10,389 - Step 00174: 827.2991 E_h, exp. variance=6915877.0000 E_h^2, pmove=0.99
2026-06-02 19:41:10,958 - Step 00175: 974.0670 E_h, exp. variance=6354525.0000 E_h^2, pmove=0.99
2026-06-02 19:41:11,537 - Step 00176: 1010.4613 E_h, exp. variance=5817590.0000 E_h^2, pmove=0.99
2026-06-02 19:41:12,108 - Step 00177: 3059.4541 E_h, exp. variance=5346194.5000 E_h^2, pmove=0.99
2026-06-02 19:41:12,670 - Step 00178: 1739.0549 E_h, exp. variance=4821009.0000 E_h^2, pmove=0.99
2026-06-02 19:41:13,232 - Step 00179: 636.0632 E_h, exp. variance=4513895.5000 E_h^2, pmove=0.99
2026-06-02 19:41:13,807 - Step 00180: 576.0942 E_h, exp. variance=4218116.0000 E_h^2, pmove=0.99
2026-06-02 19:41:14,378 - Step 00181: 721.9213 E_h, exp. variance=3893198.7500 E_h^2, pmove=0.99
2026-06-02 19:41:14,940 - Step 00182: 460.5648 E_h, exp. variance=3632442.5000 E_h^2, pmove=0.99
2026-06-02 19:41:15,506 - Step 00183: 1658.4008 E_h, exp. variance=3270541.2500 E_h^2, pmove=0.99
2026-06-02 19:41:16,068 - Step 00184: 679.0797 E_h, exp. variance=3011510.2500 E_h^2, pmove=0.99
2026-06-02 19:41:16,644 - Step 00185: 524.4641 E_h, exp. variance=2789385.2500 E_h^2, pmove=0.99
2026-06-02 19:41:17,217 - Step 00186: 11000.8301 E_h, exp. variance=10862001.0000 E_h^2, pmove=0.99
2026-06-02 19:41:17,804 - Step 00187: 4852.9575 E_h, exp. variance=10348174.0000 E_h^2, pmove=0.99
2026-06-02 19:41:18,397 - Step 00188: 4123.1855 E_h, exp. variance=9526769.0000 E_h^2, pmove=0.99
2026-06-02 19:41:18,980 - Step 00189: 2500.7988 E_h, exp. variance=8579126.0000 E_h^2, pmove=0.99
2026-06-02 19:41:19,553 - Step 00190: 2130.9438 E_h, exp. variance=7751771.0000 E_h^2, pmove=0.99
2026-06-02 19:41:20,121 - Step 00191: 1334.5461 E_h, exp. variance=7133605.0000 E_h^2, pmove=0.99
2026-06-02 19:41:20,681 - Step 00192: 3036.9475 E_h, exp. variance=6443991.0000 E_h^2, pmove=0.99
2026-06-02 19:41:21,242 - Step 00193: 1069.8313 E_h, exp. variance=6003395.5000 E_h^2, pmove=0.99
2026-06-02 19:41:21,804 - Step 00194: 707.7255 E_h, exp. variance=5668212.5000 E_h^2, pmove=0.99
2026-06-02 19:41:22,370 - Step 00195: 2881.3374 E_h, exp. variance=5136977.5000 E_h^2, pmove=0.99
2026-06-02 19:41:22,940 - Step 00196: 4316.4146 E_h, exp. variance=4983642.5000 E_h^2, pmove=0.99
2026-06-02 19:41:23,504 - Step 00197: 6794.3003 E_h, exp. variance=6133004.0000 E_h^2, pmove=0.99
2026-06-02 19:41:24,068 - Step 00198: 1395.6112 E_h, exp. variance=5735308.5000 E_h^2, pmove=0.99
2026-06-02 19:41:24,649 - Step 00199: 1649.9526 E_h, exp. variance=5278466.0000 E_h^2, pmove=0.99
2026-06-02 19:41:25,227 - Step 00200: 891.0662 E_h, exp. variance=5036954.5000 E_h^2, pmove=0.99
2026-06-02 19:41:25,794 - Step 00201: 698.3087 E_h, exp. variance=4824233.0000 E_h^2, pmove=0.99
2026-06-02 19:41:26,356 - Step 00202: 4882.5522 E_h, exp. variance=4934394.0000 E_h^2, pmove=0.99
2026-06-02 19:41:26,920 - Step 00203: 1982.2480 E_h, exp. variance=4472381.0000 E_h^2, pmove=0.99
2026-06-02 19:41:27,493 - Step 00204: 1454.8207 E_h, exp. variance=4126124.5000 E_h^2, pmove=0.99
2026-06-02 19:41:28,064 - Step 00205: 1709.9170 E_h, exp. variance=3757389.7500 E_h^2, pmove=0.99
2026-06-02 19:41:28,630 - Step 00206: 1132.4373 E_h, exp. variance=3512526.0000 E_h^2, pmove=0.99
2026-06-02 19:41:29,194 - Step 00207: 487.2975 E_h, exp. variance=3430771.5000 E_h^2, pmove=0.99
2026-06-02 19:41:29,757 - Step 00208: 852.5116 E_h, exp. variance=3215611.2500 E_h^2, pmove=0.99
2026-06-02 19:41:30,328 - Step 00209: 3509.4304 E_h, exp. variance=3119852.2500 E_h^2, pmove=0.99
2026-06-02 19:41:30,899 - Step 00210: 6418.0322 E_h, exp. variance=4498512.5000 E_h^2, pmove=0.99
2026-06-02 19:41:31,464 - Step 00211: 1754.6785 E_h, exp. variance=4101002.5000 E_h^2, pmove=0.99
2026-06-02 19:41:32,025 - Step 00212: 1276.8245 E_h, exp. variance=3812885.0000 E_h^2, pmove=0.99
2026-06-02 19:41:32,591 - Step 00213: 7313.7930 E_h, exp. variance=5671874.5000 E_h^2, pmove=0.99
2026-06-02 19:41:33,163 - Step 00214: 12875.1562 E_h, exp. variance=14197861.0000 E_h^2, pmove=0.99
2026-06-02 19:41:33,745 - Step 00215: 1181.7538 E_h, exp. variance=13408638.0000 E_h^2, pmove=0.99
2026-06-02 19:41:34,327 - Step 00216: 5501.0264 E_h, exp. variance=12405462.0000 E_h^2, pmove=0.99
2026-06-02 19:41:34,896 - Step 00217: 1739.1794 E_h, exp. variance=11531613.0000 E_h^2, pmove=0.99
2026-06-02 19:41:35,476 - Step 00218: 2770.9275 E_h, exp. variance=10433900.0000 E_h^2, pmove=0.99
2026-06-02 19:41:36,045 - Step 00219: 5013.3906 E_h, exp. variance=9602857.0000 E_h^2, pmove=0.99
2026-06-02 19:41:36,613 - Step 00220: 6532.2671 E_h, exp. variance=9400155.0000 E_h^2, pmove=0.99
2026-06-02 19:41:37,182 - Step 00221: 640.3215 E_h, exp. variance=9428848.0000 E_h^2, pmove=0.99
2026-06-02 19:41:37,758 - Step 00222: 2384.3311 E_h, exp. variance=8617445.0000 E_h^2, pmove=0.99
2026-06-02 19:41:38,326 - Step 00223: 1336.5808 E_h, exp. variance=8166157.0000 E_h^2, pmove=0.99
2026-06-02 19:41:38,891 - Step 00224: 1944.2357 E_h, exp. variance=7505018.0000 E_h^2, pmove=0.99
2026-06-02 19:41:39,461 - Step 00225: 3220.6147 E_h, exp. variance=6755302.0000 E_h^2, pmove=0.99
2026-06-02 19:41:40,031 - Step 00226: 1763.5796 E_h, exp. variance=6249413.0000 E_h^2, pmove=0.99
2026-06-02 19:41:40,603 - Step 00227: 1440.6299 E_h, exp. variance=5843096.0000 E_h^2, pmove=0.99
2026-06-02 19:41:41,172 - Step 00228: 1090.9998 E_h, exp. variance=5535152.0000 E_h^2, pmove=0.99
2026-06-02 19:41:41,740 - Step 00229: 1762.5658 E_h, exp. variance=5055438.5000 E_h^2, pmove=0.99
2026-06-02 19:41:42,304 - Step 00230: 1051.1107 E_h, exp. variance=4759598.5000 E_h^2, pmove=0.99
2026-06-02 19:41:42,868 - Step 00231: 560.1316 E_h, exp. variance=4596606.0000 E_h^2, pmove=0.99
2026-06-02 19:41:43,434 - Step 00232: 429.7056 E_h, exp. variance=4431380.5000 E_h^2, pmove=0.99
2026-06-02 19:41:44,017 - Step 00233: 456.6010 E_h, exp. variance=4218919.5000 E_h^2, pmove=0.99
2026-06-02 19:41:44,597 - Step 00234: 3758.6267 E_h, exp. variance=4108779.7500 E_h^2, pmove=0.99
2026-06-02 19:41:45,167 - Step 00235: 1245.7937 E_h, exp. variance=3761071.7500 E_h^2, pmove=0.99
2026-06-02 19:41:45,732 - Step 00236: 2634.8103 E_h, exp. variance=3421255.5000 E_h^2, pmove=0.99
2026-06-02 19:41:46,298 - Step 00237: 691.4803 E_h, exp. variance=3248501.0000 E_h^2, pmove=0.99
2026-06-02 19:41:46,879 - Step 00238: 1719.7095 E_h, exp. variance=2927485.2500 E_h^2, pmove=0.99
2026-06-02 19:41:47,473 - Step 00239: 742.2869 E_h, exp. variance=2756508.5000 E_h^2, pmove=0.99
2026-06-02 19:41:48,051 - Step 00240: 1534.7285 E_h, exp. variance=2486683.7500 E_h^2, pmove=0.99
2026-06-02 19:41:48,620 - Step 00241: 733.6852 E_h, exp. variance=2333502.5000 E_h^2, pmove=0.99
2026-06-02 19:41:49,182 - Step 00242: 2021.2488 E_h, exp. variance=2111850.7500 E_h^2, pmove=0.99
2026-06-02 19:41:49,745 - Step 00243: 717.2283 E_h, exp. variance=1987020.3750 E_h^2, pmove=0.99
2026-06-02 19:41:50,310 - Step 00244: 2523.1157 E_h, exp. variance=1865208.3750 E_h^2, pmove=0.99
2026-06-02 19:41:50,873 - Step 00245: 4390.1069 E_h, exp. variance=2334234.7500 E_h^2, pmove=0.99
2026-06-02 19:41:51,458 - Step 00246: 759.9641 E_h, exp. variance=2230663.2500 E_h^2, pmove=0.99
2026-06-02 19:41:52,035 - Step 00247: 2761.1121 E_h, exp. variance=2083789.1250 E_h^2, pmove=0.99
2026-06-02 19:41:52,606 - Step 00248: 1178.5061 E_h, exp. variance=1926646.8750 E_h^2, pmove=0.99
2026-06-02 19:41:53,184 - Step 00249: 1846.4147 E_h, exp. variance=1733993.3750 E_h^2, pmove=0.99
2026-06-02 19:41:53,755 - Step 00250: 1411.1702 E_h, exp. variance=1578439.2500 E_h^2, pmove=0.99
2026-06-02 19:41:54,319 - Step 00251: 5541.8823 E_h, exp. variance=2672726.0000 E_h^2, pmove=0.99
2026-06-02 19:41:54,882 - Step 00252: 10719.4180 E_h, exp. variance=8960838.0000 E_h^2, pmove=0.99
2026-06-02 19:41:55,447 - Step 00253: 863.4761 E_h, exp. variance=8490470.0000 E_h^2, pmove=0.99
2026-06-02 19:41:56,011 - Step 00254: 1327.1899 E_h, exp. variance=7842223.5000 E_h^2, pmove=0.99
2026-06-02 19:41:56,578 - Step 00255: 836.2448 E_h, exp. variance=7361140.0000 E_h^2, pmove=0.99
2026-06-02 19:41:57,142 - Step 00256: 386.3884 E_h, exp. variance=7022530.0000 E_h^2, pmove=0.99
2026-06-02 19:41:57,722 - Step 00257: 648.3503 E_h, exp. variance=6559244.5000 E_h^2, pmove=0.99
2026-06-02 19:41:58,297 - Step 00258: 1929.0927 E_h, exp. variance=5906426.0000 E_h^2, pmove=0.99
2026-06-02 19:41:58,866 - Step 00259: 990.7549 E_h, exp. variance=5425784.0000 E_h^2, pmove=0.99
2026-06-02 19:41:59,446 - Step 00260: 4193.0903 E_h, exp. variance=5321719.0000 E_h^2, pmove=0.99
2026-06-02 19:42:00,020 - Step 00261: 895.5276 E_h, exp. variance=4944220.5000 E_h^2, pmove=0.99
2026-06-02 19:42:00,602 - Step 00262: 1437.1639 E_h, exp. variance=4486457.5000 E_h^2, pmove=0.98
2026-06-02 19:42:01,178 - Step 00263: 9304.4873 E_h, exp. variance=8824619.0000 E_h^2, pmove=0.98
2026-06-02 19:42:01,749 - Step 00264: 5425.8262 E_h, exp. variance=8590973.0000 E_h^2, pmove=0.98
2026-06-02 19:42:02,329 - Step 00265: 1363.4017 E_h, exp. variance=7975699.0000 E_h^2, pmove=0.98
2026-06-02 19:42:02,899 - Step 00266: 396.7796 E_h, exp. variance=7717462.0000 E_h^2, pmove=0.98
2026-06-02 19:42:03,464 - Step 00267: 4270.0708 E_h, exp. variance=7196750.0000 E_h^2, pmove=0.98
2026-06-02 19:42:04,025 - Step 00268: 9625.8477 E_h, exp. variance=10711053.0000 E_h^2, pmove=0.98
2026-06-02 19:42:04,584 - Step 00269: 969.6967 E_h, exp. variance=10194896.0000 E_h^2, pmove=0.98
2026-06-02 19:42:05,151 - Step 00270: 1559.9329 E_h, exp. variance=9418833.0000 E_h^2, pmove=0.98
2026-06-02 19:42:05,732 - Step 00271: 787.2066 E_h, exp. variance=8933739.0000 E_h^2, pmove=0.98
2026-06-02 19:42:06,307 - Step 00272: 9449.8887 E_h, exp. variance=12002568.0000 E_h^2, pmove=0.98
2026-06-02 19:42:06,874 - Step 00273: 1150.5746 E_h, exp. variance=11289960.0000 E_h^2, pmove=0.98
2026-06-02 19:42:07,443 - Step 00274: 981.9945 E_h, exp. variance=10622088.0000 E_h^2, pmove=0.98
2026-06-02 19:42:08,025 - Step 00275: 1608.9648 E_h, exp. variance=9738862.0000 E_h^2, pmove=0.98
2026-06-02 19:42:08,606 - Step 00276: 9498.3066 E_h, exp. variance=12709351.0000 E_h^2, pmove=0.98
2026-06-02 19:42:09,184 - Step 00277: 1152.7281 E_h, exp. variance=11951405.0000 E_h^2, pmove=0.98
2026-06-02 19:42:09,758 - Step 00278: 1769.1667 E_h, exp. variance=10967568.0000 E_h^2, pmove=0.98
2026-06-02 19:42:10,328 - Step 00279: 2018.2461 E_h, exp. variance=9985723.0000 E_h^2, pmove=0.98
2026-06-02 19:42:10,891 - Step 00280: 553.5503 E_h, exp. variance=9541425.0000 E_h^2, pmove=0.98
2026-06-02 19:42:11,451 - Step 00281: 678.3013 E_h, exp. variance=8987492.0000 E_h^2, pmove=0.98
2026-06-02 19:42:12,019 - Step 00282: 1095.4985 E_h, exp. variance=8286057.0000 E_h^2, pmove=0.98
2026-06-02 19:42:12,595 - Step 00283: 1344.7339 E_h, exp. variance=7563082.5000 E_h^2, pmove=0.98
2026-06-02 19:42:13,175 - Step 00284: 1314.0618 E_h, exp. variance=6897803.0000 E_h^2, pmove=0.98
2026-06-02 19:42:13,750 - Step 00285: 787.7817 E_h, exp. variance=6392426.5000 E_h^2, pmove=0.98
2026-06-02 19:42:14,318 - Step 00286: 1501.1250 E_h, exp. variance=5782932.5000 E_h^2, pmove=0.98
2026-06-02 19:42:14,881 - Step 00287: 481.7626 E_h, exp. variance=5417195.5000 E_h^2, pmove=0.98
2026-06-02 19:42:15,449 - Step 00288: 10490.6924 E_h, exp. variance=11571895.0000 E_h^2, pmove=0.98
2026-06-02 19:42:16,033 - Step 00289: 1626.3258 E_h, exp. variance=10523830.0000 E_h^2, pmove=0.98
2026-06-02 19:42:16,615 - Step 00290: 10299.3613 E_h, exp. variance=14782647.0000 E_h^2, pmove=0.98
2026-06-02 19:42:17,187 - Step 00291: 2118.9900 E_h, exp. variance=13448757.0000 E_h^2, pmove=0.98
2026-06-02 19:42:17,753 - Step 00292: 1284.8185 E_h, exp. variance=12454608.0000 E_h^2, pmove=0.98
2026-06-02 19:42:18,314 - Step 00293: 10347.3857 E_h, exp. variance=15986737.0000 E_h^2, pmove=0.98
2026-06-02 19:42:18,880 - Step 00294: 9135.7168 E_h, exp. variance=16959892.0000 E_h^2, pmove=0.98
2026-06-02 19:42:19,462 - Step 00295: 5487.8491 E_h, exp. variance=15385678.0000 E_h^2, pmove=0.99
2026-06-02 19:42:20,032 - Step 00296: 4645.1260 E_h, exp. variance=13850861.0000 E_h^2, pmove=0.99
2026-06-02 19:42:20,599 - Step 00297: 2215.2930 E_h, exp. variance=12919815.0000 E_h^2, pmove=0.99
2026-06-02 19:42:21,161 - Step 00298: 1245.0248 E_h, exp. variance=12433381.0000 E_h^2, pmove=0.99
2026-06-02 19:42:21,724 - Step 00299: 1355.9258 E_h, exp. variance=11789893.0000 E_h^2, pmove=0.99
2026-06-02 19:42:22,287 - Step 00300: 976.3599 E_h, exp. variance=11268495.0000 E_h^2, pmove=0.99
2026-06-02 19:42:22,854 - Step 00301: 1657.5166 E_h, exp. variance=10417776.0000 E_h^2, pmove=0.99
2026-06-02 19:42:23,428 - Step 00302: 955.3516 E_h, exp. variance=9843284.0000 E_h^2, pmove=0.99
2026-06-02 19:42:24,007 - Step 00303: 1284.5319 E_h, exp. variance=9125696.0000 E_h^2, pmove=0.99
2026-06-02 19:42:24,575 - Step 00304: 1881.9301 E_h, exp. variance=8294696.0000 E_h^2, pmove=0.99
2026-06-02 19:42:25,140 - Step 00305: 2408.5884 E_h, exp. variance=7475036.0000 E_h^2, pmove=0.99
2026-06-02 19:42:25,704 - Step 00306: 2136.8174 E_h, exp. variance=6756661.0000 E_h^2, pmove=0.99
2026-06-02 19:42:26,279 - Step 00307: 6123.2192 E_h, exp. variance=7167416.0000 E_h^2, pmove=0.99
2026-06-02 19:42:26,854 - Step 00308: 683.8073 E_h, exp. variance=6931949.0000 E_h^2, pmove=0.99
2026-06-02 19:42:27,435 - Step 00309: 1196.1304 E_h, exp. variance=6460283.0000 E_h^2, pmove=0.99
2026-06-02 19:42:28,011 - Step 00310: 861.0150 E_h, exp. variance=6088973.5000 E_h^2, pmove=0.99
2026-06-02 19:42:28,580 - Step 00311: 1187.6178 E_h, exp. variance=5619759.0000 E_h^2, pmove=0.99
2026-06-02 19:42:29,160 - Step 00312: 1698.4424 E_h, exp. variance=5091316.0000 E_h^2, pmove=0.99
2026-06-02 19:42:29,738 - Step 00313: 542.0787 E_h, exp. variance=4844039.5000 E_h^2, pmove=0.99
2026-06-02 19:42:30,301 - Step 00314: 956.7408 E_h, exp. variance=4472630.5000 E_h^2, pmove=0.99
2026-06-02 19:42:30,865 - Step 00315: 980.7206 E_h, exp. variance=4112592.2500 E_h^2, pmove=0.99
2026-06-02 19:42:31,432 - Step 00316: 2692.5010 E_h, exp. variance=3762702.7500 E_h^2, pmove=0.99
2026-06-02 19:42:32,014 - Step 00317: 8608.3203 E_h, exp. variance=7377246.5000 E_h^2, pmove=0.99
2026-06-02 19:42:32,591 - Step 00318: 1998.3892 E_h, exp. variance=6673764.0000 E_h^2, pmove=0.99
2026-06-02 19:42:33,160 - Step 00319: 2600.8838 E_h, exp. variance=6006589.0000 E_h^2, pmove=0.99
2026-06-02 19:42:33,731 - Step 00320: 1292.1764 E_h, exp. variance=5550198.5000 E_h^2, pmove=0.99
2026-06-02 19:42:34,303 - Step 00321: 7518.4824 E_h, exp. variance=7323999.5000 E_h^2, pmove=0.99
2026-06-02 19:42:34,872 - Step 00322: 1223.2120 E_h, exp. variance=6856967.0000 E_h^2, pmove=0.99
2026-06-02 19:42:35,440 - Step 00323: 1119.1556 E_h, exp. variance=6416138.0000 E_h^2, pmove=0.99
2026-06-02 19:42:36,006 - Step 00324: 2285.4021 E_h, exp. variance=5783641.0000 E_h^2, pmove=0.99
2026-06-02 19:42:36,573 - Step 00325: 2231.5393 E_h, exp. variance=5215700.0000 E_h^2, pmove=0.99
2026-06-02 19:42:37,154 - Step 00326: 1214.9130 E_h, exp. variance=4851637.5000 E_h^2, pmove=0.99
2026-06-02 19:42:37,728 - Step 00327: 3182.3342 E_h, exp. variance=4420782.0000 E_h^2, pmove=0.99
2026-06-02 19:42:38,295 - Step 00328: 1424.6820 E_h, exp. variance=4079547.0000 E_h^2, pmove=0.99
2026-06-02 19:42:38,859 - Step 00329: 1092.8037 E_h, exp. variance=3820099.5000 E_h^2, pmove=0.99
2026-06-02 19:42:39,420 - Step 00330: 3013.2090 E_h, exp. variance=3490664.2500 E_h^2, pmove=0.99
2026-06-02 19:42:39,989 - Step 00331: 684.3329 E_h, exp. variance=3383957.2500 E_h^2, pmove=0.99
2026-06-02 19:42:40,556 - Step 00332: 776.3862 E_h, exp. variance=3218163.5000 E_h^2, pmove=0.99
2026-06-02 19:42:41,124 - Step 00333: 624.1080 E_h, exp. variance=3072404.5000 E_h^2, pmove=0.99
2026-06-02 19:42:41,691 - Step 00334: 1478.4673 E_h, exp. variance=2779883.7500 E_h^2, pmove=0.99
2026-06-02 19:42:42,283 - Step 00335: 829.5375 E_h, exp. variance=2594233.2500 E_h^2, pmove=0.99
2026-06-02 19:42:42,868 - Step 00336: 1656.6628 E_h, exp. variance=2335452.2500 E_h^2, pmove=0.99
2026-06-02 19:42:43,444 - Step 00337: 456.9439 E_h, exp. variance=2248387.5000 E_h^2, pmove=0.99
2026-06-02 19:42:44,012 - Step 00338: 878.3997 E_h, exp. variance=2071080.6250 E_h^2, pmove=0.99
2026-06-02 19:42:44,582 - Step 00339: 1483.9629 E_h, exp. variance=1864184.1250 E_h^2, pmove=0.99
2026-06-02 19:42:45,151 - Step 00340: 624.2585 E_h, exp. variance=1751208.8750 E_h^2, pmove=0.99
2026-06-02 19:42:45,746 - Step 00341: 1595.2656 E_h, exp. variance=1578334.6250 E_h^2, pmove=0.99
2026-06-02 19:42:46,327 - Step 00342: 893.5883 E_h, exp. variance=1448672.8750 E_h^2, pmove=0.99
2026-06-02 19:42:46,897 - Step 00343: 3873.7676 E_h, exp. variance=1855845.1250 E_h^2, pmove=0.99
2026-06-02 19:42:47,461 - Step 00344: 1452.0087 E_h, exp. variance=1673605.2500 E_h^2, pmove=0.99
2026-06-02 19:42:48,021 - Step 00345: 2033.0955 E_h, exp. variance=1521196.1250 E_h^2, pmove=0.99
2026-06-02 19:42:48,590 - Step 00346: 1540.7458 E_h, exp. variance=1370494.3750 E_h^2, pmove=0.99
2026-06-02 19:42:49,152 - Step 00347: 848.0076 E_h, exp. variance=1291869.7500 E_h^2, pmove=0.99
2026-06-02 19:42:49,720 - Step 00348: 795.3239 E_h, exp. variance=1217133.2500 E_h^2, pmove=0.99
2026-06-02 19:42:50,286 - Step 00349: 2492.3262 E_h, exp. variance=1184874.2500 E_h^2, pmove=0.99
2026-06-02 19:42:50,863 - Step 00350: 1304.1941 E_h, exp. variance=1074001.0000 E_h^2, pmove=0.99
2026-06-02 19:42:51,438 - Step 00351: 934.7285 E_h, exp. variance=1002463.0625 E_h^2, pmove=0.99
2026-06-02 19:42:52,003 - Step 00352: 1072.2588 E_h, exp. variance=918903.3750 E_h^2, pmove=0.99
2026-06-02 19:42:52,583 - Step 00353: 1009.3123 E_h, exp. variance=845276.6875 E_h^2, pmove=0.99
2026-06-02 19:42:53,161 - Step 00354: 871.9350 E_h, exp. variance=787266.5000 E_h^2, pmove=0.99
2026-06-02 19:42:53,745 - Step 00355: 654.4063 E_h, exp. variance=753405.9375 E_h^2, pmove=0.99
2026-06-02 19:42:54,322 - Step 00356: 1656.8374 E_h, exp. variance=690186.1875 E_h^2, pmove=0.99
2026-06-02 19:42:54,894 - Step 00357: 1229.1946 E_h, exp. variance=622020.6250 E_h^2, pmove=0.99
2026-06-02 19:42:55,456 - Step 00358: 3338.0037 E_h, exp. variance=927486.0000 E_h^2, pmove=0.99
2026-06-02 19:42:56,018 - Step 00359: 3593.9888 E_h, exp. variance=1222263.2500 E_h^2, pmove=0.99
2026-06-02 19:42:56,580 - Step 00360: 5703.8530 E_h, exp. variance=2523819.0000 E_h^2, pmove=0.99
2026-06-02 19:42:57,141 - Step 00361: 1545.7545 E_h, exp. variance=2301549.2500 E_h^2, pmove=0.99
2026-06-02 19:42:57,702 - Step 00362: 1377.4666 E_h, exp. variance=2114103.5000 E_h^2, pmove=0.99
2026-06-02 19:42:58,267 - Step 00363: 1556.7150 E_h, exp. variance=1920175.6250 E_h^2, pmove=0.99
2026-06-02 19:42:58,847 - Step 00364: 2883.5225 E_h, exp. variance=1806023.1250 E_h^2, pmove=0.99
2026-06-02 19:42:59,417 - Step 00365: 2016.3330 E_h, exp. variance=1625502.1250 E_h^2, pmove=0.99
2026-06-02 19:42:59,998 - Step 00366: 741.4719 E_h, exp. variance=1615500.3750 E_h^2, pmove=0.99
2026-06-02 19:43:00,588 - Step 00367: 3390.6069 E_h, exp. variance=1650397.2500 E_h^2, pmove=0.99
2026-06-02 19:43:01,169 - Step 00368: 501.7003 E_h, exp. variance=1704167.1250 E_h^2, pmove=0.99
2026-06-02 19:43:01,744 - Step 00369: 2189.0859 E_h, exp. variance=1541013.1250 E_h^2, pmove=0.99
2026-06-02 19:43:02,313 - Step 00370: 5093.2334 E_h, exp. variance=2285509.5000 E_h^2, pmove=0.99
2026-06-02 19:43:02,879 - Step 00371: 4148.2842 E_h, exp. variance=2381476.5000 E_h^2, pmove=0.99
2026-06-02 19:43:03,447 - Step 00372: 1369.7662 E_h, exp. variance=2246278.0000 E_h^2, pmove=0.99
2026-06-02 19:43:04,010 - Step 00373: 2191.7637 E_h, exp. variance=2023428.5000 E_h^2, pmove=0.99
2026-06-02 19:43:04,570 - Step 00374: 825.5060 E_h, exp. variance=2021639.3750 E_h^2, pmove=0.99
2026-06-02 19:43:05,131 - Step 00375: 949.6188 E_h, exp. variance=1953296.0000 E_h^2, pmove=0.99
2026-06-02 19:43:05,694 - Step 00376: 2178.0701 E_h, exp. variance=1759511.0000 E_h^2, pmove=0.99
2026-06-02 19:43:06,261 - Step 00377: 1737.2937 E_h, exp. variance=1592942.0000 E_h^2, pmove=0.99
2026-06-02 19:43:06,833 - Step 00378: 6360.5864 E_h, exp. variance=3123160.7500 E_h^2, pmove=0.99
2026-06-02 19:43:07,399 - Step 00379: 1155.2644 E_h, exp. variance=2964324.5000 E_h^2, pmove=0.99
2026-06-02 19:43:07,966 - Step 00380: 781.0024 E_h, exp. variance=2883993.7500 E_h^2, pmove=0.99
2026-06-02 19:43:08,543 - Step 00381: 7342.5400 E_h, exp. variance=4998344.5000 E_h^2, pmove=0.99
2026-06-02 19:43:09,112 - Step 00382: 1113.2056 E_h, exp. variance=4722928.0000 E_h^2, pmove=0.99
2026-06-02 19:43:09,692 - Step 00383: 3751.7671 E_h, exp. variance=4384016.0000 E_h^2, pmove=0.99
2026-06-02 19:43:10,264 - Step 00384: 13232.4961 E_h, exp. variance=14012977.0000 E_h^2, pmove=0.99
2026-06-02 19:43:10,834 - Step 00385: 1436.3890 E_h, exp. variance=13078458.0000 E_h^2, pmove=0.99
2026-06-02 19:43:11,397 - Step 00386: 4104.5356 E_h, exp. variance=11805041.0000 E_h^2, pmove=0.99
2026-06-02 19:43:11,965 - Step 00387: 2769.8706 E_h, exp. variance=10679013.0000 E_h^2, pmove=0.99
2026-06-02 19:43:12,543 - Step 00388: 450.8667 E_h, exp. variance=10431518.0000 E_h^2, pmove=0.99
2026-06-02 19:43:13,113 - Step 00389: 2006.8938 E_h, exp. variance=9509734.0000 E_h^2, pmove=0.99
2026-06-02 19:43:13,693 - Step 00390: 535.2153 E_h, exp. variance=9128852.0000 E_h^2, pmove=0.99
2026-06-02 19:43:14,269 - Step 00391: 740.7512 E_h, exp. variance=8597741.0000 E_h^2, pmove=0.99
2026-06-02 19:43:14,838 - Step 00392: 2020.6295 E_h, exp. variance=7767594.5000 E_h^2, pmove=0.99
2026-06-02 19:43:15,417 - Step 00393: 966.2739 E_h, exp. variance=7212884.5000 E_h^2, pmove=0.99
2026-06-02 19:43:15,987 - Step 00394: 988.0850 E_h, exp. variance=6665949.0000 E_h^2, pmove=0.99
2026-06-02 19:43:16,563 - Step 00395: 1137.6449 E_h, exp. variance=6108870.5000 E_h^2, pmove=0.99
2026-06-02 19:43:17,146 - Step 00396: 1885.6566 E_h, exp. variance=5503376.0000 E_h^2, pmove=0.99
2026-06-02 19:43:17,720 - Step 00397: 1281.1812 E_h, exp. variance=5014262.0000 E_h^2, pmove=0.99
2026-06-02 19:43:18,288 - Step 00398: 900.5331 E_h, exp. variance=4626327.5000 E_h^2, pmove=0.99
2026-06-02 19:43:18,853 - Step 00399: 990.4274 E_h, exp. variance=4239997.0000 E_h^2, pmove=0.99
2026-06-02 19:43:19,420 - Step 00400: 4015.4438 E_h, exp. variance=4250145.0000 E_h^2, pmove=0.99
2026-06-02 19:43:19,981 - Step 00401: 8651.4453 E_h, exp. variance=7760630.5000 E_h^2, pmove=0.99
2026-06-02 19:43:20,553 - Step 00402: 622.3677 E_h, exp. variance=7373063.5000 E_h^2, pmove=0.99
2026-06-02 19:43:21,136 - Step 00403: 1034.4803 E_h, exp. variance=6827016.0000 E_h^2, pmove=0.99
2026-06-02 19:43:21,722 - Step 00404: 2694.8801 E_h, exp. variance=6155239.0000 E_h^2, pmove=0.99
2026-06-02 19:43:22,303 - Step 00405: 1536.0311 E_h, exp. variance=5604020.5000 E_h^2, pmove=0.99
2026-06-02 19:43:22,873 - Step 00406: 2725.9604 E_h, exp. variance=5060195.5000 E_h^2, pmove=0.99
2026-06-02 19:43:23,440 - Step 00407: 1372.8871 E_h, exp. variance=4638302.0000 E_h^2, pmove=0.99
2026-06-02 19:43:24,006 - Step 00408: 1168.4172 E_h, exp. variance=4278401.5000 E_h^2, pmove=0.99
2026-06-02 19:43:24,567 - Step 00409: 684.1680 E_h, exp. variance=4040150.2500 E_h^2, pmove=0.99
2026-06-02 19:43:25,138 - Step 00410: 2782.3274 E_h, exp. variance=3692575.2500 E_h^2, pmove=0.99
2026-06-02 19:43:25,704 - Step 00411: 664.7094 E_h, exp. variance=3500955.5000 E_h^2, pmove=0.99
2026-06-02 19:43:26,272 - Step 00412: 1473.8646 E_h, exp. variance=3169513.2500 E_h^2, pmove=0.99
2026-06-02 19:43:26,834 - Step 00413: 6182.6816 E_h, exp. variance=4515953.5000 E_h^2, pmove=0.99
2026-06-02 19:43:27,400 - Step 00414: 1147.3914 E_h, exp. variance=4186741.7500 E_h^2, pmove=0.99
2026-06-02 19:43:27,978 - Step 00415: 3378.0225 E_h, exp. variance=3893623.0000 E_h^2, pmove=0.99
2026-06-02 19:43:28,560 - Step 00416: 1778.9824 E_h, exp. variance=3530119.7500 E_h^2, pmove=0.99
2026-06-02 19:43:29,134 - Step 00417: 1156.6809 E_h, exp. variance=3286945.0000 E_h^2, pmove=0.99
2026-06-02 19:43:29,706 - Step 00418: 494.1635 E_h, exp. variance=3205289.7500 E_h^2, pmove=0.99
2026-06-02 19:43:30,278 - Step 00419: 1177.6135 E_h, exp. variance=2943466.2500 E_h^2, pmove=0.99
2026-06-02 19:43:30,869 - Step 00420: 1387.2540 E_h, exp. variance=2673197.7500 E_h^2, pmove=0.99
2026-06-02 19:43:31,450 - Step 00421: 507.4469 E_h, exp. variance=2568767.7500 E_h^2, pmove=0.99
2026-06-02 19:43:32,022 - Step 00422: 5597.1348 E_h, exp. variance=3666018.5000 E_h^2, pmove=0.99
2026-06-02 19:43:32,586 - Step 00423: 10251.6074 E_h, exp. variance=9270816.0000 E_h^2, pmove=0.99
2026-06-02 19:43:33,151 - Step 00424: 1263.5244 E_h, exp. variance=8590887.0000 E_h^2, pmove=0.99
2026-06-02 19:43:33,727 - Step 00425: 539.1261 E_h, exp. variance=8173690.0000 E_h^2, pmove=0.99
2026-06-02 19:43:34,297 - Step 00426: 1176.6698 E_h, exp. variance=7521979.5000 E_h^2, pmove=0.98
2026-06-02 19:43:34,859 - Step 00427: 648.9161 E_h, exp. variance=7045025.0000 E_h^2, pmove=0.99
2026-06-02 19:43:35,422 - Step 00428: 791.4437 E_h, exp. variance=6524919.5000 E_h^2, pmove=0.99
2026-06-02 19:43:35,997 - Step 00429: 1813.2451 E_h, exp. variance=5878816.5000 E_h^2, pmove=0.99
2026-06-02 19:43:36,568 - Step 00430: 1660.5438 E_h, exp. variance=5304799.5000 E_h^2, pmove=0.99
2026-06-02 19:43:37,145 - Step 00431: 782.2117 E_h, exp. variance=4910831.0000 E_h^2, pmove=0.99
2026-06-02 19:43:37,715 - Step 00432: 8843.2578 E_h, exp. variance=8770254.0000 E_h^2, pmove=0.99
2026-06-02 19:43:38,300 - Step 00433: 640.3030 E_h, exp. variance=8233909.0000 E_h^2, pmove=0.99
2026-06-02 19:43:38,901 - Step 00434: 707.5040 E_h, exp. variance=7665695.0000 E_h^2, pmove=0.99
2026-06-02 19:43:39,483 - Step 00435: 2964.8889 E_h, exp. variance=6948667.0000 E_h^2, pmove=0.99
2026-06-02 19:43:40,063 - Step 00436: 1104.7412 E_h, exp. variance=6381765.5000 E_h^2, pmove=0.99
2026-06-02 19:43:40,631 - Step 00437: 3113.5254 E_h, exp. variance=5822373.0000 E_h^2, pmove=0.99
2026-06-02 19:43:41,194 - Step 00438: 4501.7207 E_h, exp. variance=5687798.0000 E_h^2, pmove=0.99
2026-06-02 19:43:41,757 - Step 00439: 2209.7637 E_h, exp. variance=5126314.5000 E_h^2, pmove=0.99
2026-06-02 19:43:42,329 - Step 00440: 1623.1206 E_h, exp. variance=4677626.0000 E_h^2, pmove=0.99
2026-06-02 19:43:42,896 - Step 00441: 821.1517 E_h, exp. variance=4429050.0000 E_h^2, pmove=0.99
2026-06-02 19:43:43,471 - Step 00442: 5190.3467 E_h, exp. variance=4777181.0000 E_h^2, pmove=0.99
2026-06-02 19:43:44,041 - Step 00443: 1172.6932 E_h, exp. variance=4463353.5000 E_h^2, pmove=0.99
2026-06-02 19:43:44,605 - Step 00444: 759.1548 E_h, exp. variance=4255564.5000 E_h^2, pmove=0.99
2026-06-02 19:43:45,166 - Step 00445: 1314.8430 E_h, exp. variance=3904463.2500 E_h^2, pmove=0.99
2026-06-02 19:43:45,733 - Step 00446: 1253.5234 E_h, exp. variance=3583699.0000 E_h^2, pmove=0.99
2026-06-02 19:43:46,309 - Step 00447: 1167.1005 E_h, exp. variance=3294763.0000 E_h^2, pmove=0.99
2026-06-02 19:43:46,887 - Step 00448: 626.2252 E_h, exp. variance=3124819.5000 E_h^2, pmove=0.99
2026-06-02 19:43:47,449 - Step 00449: 790.8469 E_h, exp. variance=2908492.0000 E_h^2, pmove=0.99
2026-06-02 19:43:48,009 - Step 00450: 6860.8936 E_h, exp. variance=4995207.0000 E_h^2, pmove=0.99
2026-06-02 19:43:48,581 - Step 00451: 2172.6660 E_h, exp. variance=4496036.5000 E_h^2, pmove=0.99
2026-06-02 19:43:49,154 - Step 00452: 774.7401 E_h, exp. variance=4236731.0000 E_h^2, pmove=0.99
2026-06-02 19:43:49,733 - Step 00453: 2022.0999 E_h, exp. variance=3813396.2500 E_h^2, pmove=0.99
2026-06-02 19:43:50,298 - Step 00454: 7729.0796 E_h, exp. variance=6306889.5000 E_h^2, pmove=0.99
2026-06-02 19:43:50,863 - Step 00455: 2171.9624 E_h, exp. variance=5696125.0000 E_h^2, pmove=0.99
2026-06-02 19:43:51,426 - Step 00456: 1444.1733 E_h, exp. variance=5245797.0000 E_h^2, pmove=0.99
2026-06-02 19:43:51,992 - Step 00457: 1594.9972 E_h, exp. variance=4791756.0000 E_h^2, pmove=0.99
2026-06-02 19:43:52,574 - Step 00458: 5124.4800 E_h, exp. variance=4984673.0000 E_h^2, pmove=0.99
2026-06-02 19:43:53,149 - Step 00459: 5687.4502 E_h, exp. variance=5308350.5000 E_h^2, pmove=0.99
2026-06-02 19:43:53,731 - Step 00460: 1251.5486 E_h, exp. variance=5042452.5000 E_h^2, pmove=0.99
2026-06-02 19:43:54,305 - Step 00461: 4822.9463 E_h, exp. variance=4908079.0000 E_h^2, pmove=0.99
2026-06-02 19:43:54,871 - Step 00462: 974.5615 E_h, exp. variance=4785916.5000 E_h^2, pmove=0.99
2026-06-02 19:43:55,436 - Step 00463: 7245.7773 E_h, exp. variance=6089334.0000 E_h^2, pmove=0.99
2026-06-02 19:43:56,015 - Step 00464: 3857.3875 E_h, exp. variance=5514592.5000 E_h^2, pmove=0.99
2026-06-02 19:43:56,585 - Step 00465: 654.2664 E_h, exp. variance=5594390.5000 E_h^2, pmove=0.99
2026-06-02 19:43:57,154 - Step 00466: 505.9215 E_h, exp. variance=5611896.0000 E_h^2, pmove=0.99
2026-06-02 19:43:57,738 - Step 00467: 630.8592 E_h, exp. variance=5468191.0000 E_h^2, pmove=0.99
2026-06-02 19:43:58,315 - Step 00468: 559.8370 E_h, exp. variance=5284769.0000 E_h^2, pmove=0.99
2026-06-02 19:43:58,882 - Step 00469: 1271.8914 E_h, exp. variance=4864483.5000 E_h^2, pmove=0.99
2026-06-02 19:43:59,444 - Step 00470: 2357.9077 E_h, exp. variance=4378921.5000 E_h^2, pmove=0.99
2026-06-02 19:44:00,006 - Step 00471: 708.6995 E_h, exp. variance=4160023.0000 E_h^2, pmove=0.99
2026-06-02 19:44:00,588 - Step 00472: 2606.3477 E_h, exp. variance=3765961.2500 E_h^2, pmove=0.99
2026-06-02 19:44:01,162 - Step 00473: 1378.9767 E_h, exp. variance=3444543.2500 E_h^2, pmove=0.99
2026-06-02 19:44:01,737 - Step 00474: 668.2681 E_h, exp. variance=3280393.2500 E_h^2, pmove=0.99
2026-06-02 19:44:02,302 - Step 00475: 701.5491 E_h, exp. variance=3090868.7500 E_h^2, pmove=0.99
2026-06-02 19:44:02,864 - Step 00476: 2260.5808 E_h, exp. variance=2799404.7500 E_h^2, pmove=0.99
2026-06-02 19:44:03,425 - Step 00477: 1110.4199 E_h, exp. variance=2570347.0000 E_h^2, pmove=0.99
2026-06-02 19:44:03,994 - Step 00478: 3460.9280 E_h, exp. variance=2565454.2500 E_h^2, pmove=0.99
2026-06-02 19:44:04,581 - Step 00479: 1843.1265 E_h, exp. variance=2310025.5000 E_h^2, pmove=0.99
2026-06-02 19:44:05,165 - Step 00480: 2749.0537 E_h, exp. variance=2137443.2500 E_h^2, pmove=0.99
2026-06-02 19:44:05,739 - Step 00481: 3318.5073 E_h, exp. variance=2074529.2500 E_h^2, pmove=0.99
2026-06-02 19:44:06,304 - Step 00482: 1594.9597 E_h, exp. variance=1895143.5000 E_h^2, pmove=0.99
2026-06-02 19:44:06,868 - Step 00483: 1033.9612 E_h, exp. variance=1807440.2500 E_h^2, pmove=0.99
2026-06-02 19:44:07,445 - Step 00484: 2788.2659 E_h, exp. variance=1683874.8750 E_h^2, pmove=0.99
2026-06-02 19:44:08,015 - Step 00485: 2047.0299 E_h, exp. variance=1515538.6250 E_h^2, pmove=0.99
2026-06-02 19:44:08,587 - Step 00486: 1385.9321 E_h, exp. variance=1405917.6250 E_h^2, pmove=0.99
2026-06-02 19:44:09,153 - Step 00487: 2555.5505 E_h, exp. variance=1293077.3750 E_h^2, pmove=0.99
2026-06-02 19:44:09,718 - Step 00488: 1239.7275 E_h, exp. variance=1223705.5000 E_h^2, pmove=0.99
2026-06-02 19:44:10,302 - Step 00489: 731.3018 E_h, exp. variance=1240362.3750 E_h^2, pmove=0.99
2026-06-02 19:44:10,881 - Step 00490: 1172.4073 E_h, exp. variance=1157635.0000 E_h^2, pmove=0.99
2026-06-02 19:44:11,450 - Step 00491: 2077.7622 E_h, exp. variance=1049736.6250 E_h^2, pmove=0.99
2026-06-02 19:44:12,017 - Step 00492: 972.5314 E_h, exp. variance=1008142.3125 E_h^2, pmove=0.99
2026-06-02 19:44:12,586 - Step 00493: 650.7233 E_h, exp. variance=1011734.4375 E_h^2, pmove=0.99
2026-06-02 19:44:13,161 - Step 00494: 1689.1616 E_h, exp. variance=910990.4375 E_h^2, pmove=0.99
2026-06-02 19:44:13,730 - Step 00495: 1564.5601 E_h, exp. variance=820242.1250 E_h^2, pmove=0.99
2026-06-02 19:44:14,309 - Step 00496: 683.3879 E_h, exp. variance=817295.7500 E_h^2, pmove=0.99
2026-06-02 19:44:14,886 - Step 00497: 720.3947 E_h, exp. variance=794122.9375 E_h^2, pmove=0.99
2026-06-02 19:44:15,469 - Step 00498: 2465.8550 E_h, exp. variance=808255.7500 E_h^2, pmove=0.99
2026-06-02 19:44:16,044 - Step 00499: 3200.3267 E_h, exp. variance=973057.2500 E_h^2, pmove=0.99
2026-06-02 19:44:16,044 - Switching optimizer from Adam to KFAC at step 500.
2026-06-02 19:44:16,045 - Unregularized parameters masking info (for curvature calculations and L2 regularization)
2026-06-02 19:44:16,045 -   Not masking out (DictKey(key='embed'), DictKey(key='b'))
2026-06-02 19:44:16,045 -   Not masking out (DictKey(key='embed'), DictKey(key='w'))
2026-06-02 19:44:16,045 -   Not masking out (DictKey(key='phi'), SequenceKey(idx=0), SequenceKey(idx=0), DictKey(key='b'))
2026-06-02 19:44:16,045 -   Not masking out (DictKey(key='phi'), SequenceKey(idx=0), SequenceKey(idx=0), DictKey(key='w'))
2026-06-02 19:44:16,045 -   Not masking out (DictKey(key='phi'), SequenceKey(idx=0), SequenceKey(idx=1), DictKey(key='b'))
2026-06-02 19:44:16,045 -   Not masking out (DictKey(key='phi'), SequenceKey(idx=0), SequenceKey(idx=1), DictKey(key='w'))
2026-06-02 19:44:16,045 -   Not masking out (DictKey(key='phi'), SequenceKey(idx=1), SequenceKey(idx=0), DictKey(key='b'))
2026-06-02 19:44:16,045 -   Not masking out (DictKey(key='phi'), SequenceKey(idx=1), SequenceKey(idx=0), DictKey(key='w'))
2026-06-02 19:44:16,045 -   Not masking out (DictKey(key='phi'), SequenceKey(idx=1), SequenceKey(idx=1), DictKey(key='b'))
2026-06-02 19:44:16,045 -   Not masking out (DictKey(key='phi'), SequenceKey(idx=1), SequenceKey(idx=1), DictKey(key='w'))
2026-06-02 19:44:16,045 -   Not masking out (DictKey(key='phi'), SequenceKey(idx=2), SequenceKey(idx=0), DictKey(key='b'))
2026-06-02 19:44:16,045 -   Not masking out (DictKey(key='phi'), SequenceKey(idx=2), SequenceKey(idx=0), DictKey(key='w'))
2026-06-02 19:44:16,045 -   Not masking out (DictKey(key='phi'), SequenceKey(idx=2), SequenceKey(idx=1), DictKey(key='b'))
2026-06-02 19:44:16,045 -   Not masking out (DictKey(key='phi'), SequenceKey(idx=2), SequenceKey(idx=1), DictKey(key='w'))
2026-06-02 19:44:16,045 -   Not masking out (DictKey(key='rho'), SequenceKey(idx=0), DictKey(key='b'))
2026-06-02 19:44:16,045 -   Not masking out (DictKey(key='rho'), SequenceKey(idx=0), DictKey(key='w'))
2026-06-02 19:44:16,045 -   Not masking out (DictKey(key='rho'), SequenceKey(idx=1), DictKey(key='b'))
2026-06-02 19:44:16,045 -   Not masking out (DictKey(key='rho'), SequenceKey(idx=1), DictKey(key='w'))
2026-06-02 19:44:16,045 -   Not masking out (DictKey(key='transformer'), SequenceKey(idx=0), DictKey(key='attn_ln'), DictKey(key='offset'))
2026-06-02 19:44:16,045 -   Not masking out (DictKey(key='transformer'), SequenceKey(idx=0), DictKey(key='attn_ln'), DictKey(key='scale'))
2026-06-02 19:44:16,046 -   Not masking out (DictKey(key='transformer'), SequenceKey(idx=0), DictKey(key='ff1'), DictKey(key='b'))
2026-06-02 19:44:16,046 -   Not masking out (DictKey(key='transformer'), SequenceKey(idx=0), DictKey(key='ff1'), DictKey(key='w'))
2026-06-02 19:44:16,046 -   Not masking out (DictKey(key='transformer'), SequenceKey(idx=0), DictKey(key='ff2'), DictKey(key='b'))
2026-06-02 19:44:16,046 -   Not masking out (DictKey(key='transformer'), SequenceKey(idx=0), DictKey(key='ff2'), DictKey(key='w'))
2026-06-02 19:44:16,046 -   Not masking out (DictKey(key='transformer'), SequenceKey(idx=0), DictKey(key='ff_ln'), DictKey(key='offset'))
2026-06-02 19:44:16,046 -   Not masking out (DictKey(key='transformer'), SequenceKey(idx=0), DictKey(key='ff_ln'), DictKey(key='scale'))
2026-06-02 19:44:16,046 -   Not masking out (DictKey(key='transformer'), SequenceKey(idx=0), DictKey(key='k_w'))
2026-06-02 19:44:16,046 -   Not masking out (DictKey(key='transformer'), SequenceKey(idx=0), DictKey(key='out_w'))
2026-06-02 19:44:16,046 -   Not masking out (DictKey(key='transformer'), SequenceKey(idx=0), DictKey(key='q_w'))
2026-06-02 19:44:16,046 -   Not masking out (DictKey(key='transformer'), SequenceKey(idx=0), DictKey(key='v_w'))
2026-06-02 19:44:16,046 -   Not masking out (DictKey(key='transformer'), SequenceKey(idx=1), DictKey(key='attn_ln'), DictKey(key='offset'))
2026-06-02 19:44:16,046 -   Not masking out (DictKey(key='transformer'), SequenceKey(idx=1), DictKey(key='attn_ln'), DictKey(key='scale'))
2026-06-02 19:44:16,046 -   Not masking out (DictKey(key='transformer'), SequenceKey(idx=1), DictKey(key='ff1'), DictKey(key='b'))
2026-06-02 19:44:16,046 -   Not masking out (DictKey(key='transformer'), SequenceKey(idx=1), DictKey(key='ff1'), DictKey(key='w'))
2026-06-02 19:44:16,046 -   Not masking out (DictKey(key='transformer'), SequenceKey(idx=1), DictKey(key='ff2'), DictKey(key='b'))
2026-06-02 19:44:16,046 -   Not masking out (DictKey(key='transformer'), SequenceKey(idx=1), DictKey(key='ff2'), DictKey(key='w'))
2026-06-02 19:44:16,046 -   Not masking out (DictKey(key='transformer'), SequenceKey(idx=1), DictKey(key='ff_ln'), DictKey(key='offset'))
2026-06-02 19:44:16,046 -   Not masking out (DictKey(key='transformer'), SequenceKey(idx=1), DictKey(key='ff_ln'), DictKey(key='scale'))
2026-06-02 19:44:16,046 -   Not masking out (DictKey(key='transformer'), SequenceKey(idx=1), DictKey(key='k_w'))
2026-06-02 19:44:16,046 -   Not masking out (DictKey(key='transformer'), SequenceKey(idx=1), DictKey(key='out_w'))
2026-06-02 19:44:16,046 -   Not masking out (DictKey(key='transformer'), SequenceKey(idx=1), DictKey(key='q_w'))
2026-06-02 19:44:16,046 -   Not masking out (DictKey(key='transformer'), SequenceKey(idx=1), DictKey(key='v_w'))
2026-06-02 19:44:16,046 -   Not masking out (DictKey(key='transformer'), SequenceKey(idx=2), DictKey(key='attn_ln'), DictKey(key='offset'))
2026-06-02 19:44:16,046 -   Not masking out (DictKey(key='transformer'), SequenceKey(idx=2), DictKey(key='attn_ln'), DictKey(key='scale'))
2026-06-02 19:44:16,046 -   Not masking out (DictKey(key='transformer'), SequenceKey(idx=2), DictKey(key='ff1'), DictKey(key='b'))
2026-06-02 19:44:16,046 -   Not masking out (DictKey(key='transformer'), SequenceKey(idx=2), DictKey(key='ff1'), DictKey(key='w'))
2026-06-02 19:44:16,046 -   Not masking out (DictKey(key='transformer'), SequenceKey(idx=2), DictKey(key='ff2'), DictKey(key='b'))
2026-06-02 19:44:16,046 -   Not masking out (DictKey(key='transformer'), SequenceKey(idx=2), DictKey(key='ff2'), DictKey(key='w'))
2026-06-02 19:44:16,046 -   Not masking out (DictKey(key='transformer'), SequenceKey(idx=2), DictKey(key='ff_ln'), DictKey(key='offset'))
2026-06-02 19:44:16,046 -   Not masking out (DictKey(key='transformer'), SequenceKey(idx=2), DictKey(key='ff_ln'), DictKey(key='scale'))
2026-06-02 19:44:16,046 -   Not masking out (DictKey(key='transformer'), SequenceKey(idx=2), DictKey(key='k_w'))
2026-06-02 19:44:16,046 -   Not masking out (DictKey(key='transformer'), SequenceKey(idx=2), DictKey(key='out_w'))
2026-06-02 19:44:16,046 -   Not masking out (DictKey(key='transformer'), SequenceKey(idx=2), DictKey(key='q_w'))
2026-06-02 19:44:16,046 -   Not masking out (DictKey(key='transformer'), SequenceKey(idx=2), DictKey(key='v_w'))
2026-06-02 19:44:17,900 - ==================================================
2026-06-02 19:44:17,901 - Graph parameter registrations:
2026-06-02 19:44:17,901 - {'embed': {'b': 'Auto[tag_variant=repeated_dense(0)|match_type=repeated_dense1_with_bias]',
2026-06-02 19:44:17,902 -            'w': 'Auto[tag_variant=repeated_dense(0)|match_type=repeated_dense1_with_bias]'},
2026-06-02 19:44:17,902 -  'ln': [],
2026-06-02 19:44:17,902 -  'phi': [[{'b': 'Auto[generic(0)]', 'w': 'Auto[generic(1)]'},
2026-06-02 19:44:17,902 -           {'b': 'Auto[generic(2)]', 'w': 'Auto[generic(3)]'}],
2026-06-02 19:44:17,902 -          [{'b': 'Auto[generic(4)]', 'w': 'Auto[generic(5)]'},
2026-06-02 19:44:17,902 -           {'b': 'Auto[generic(6)]', 'w': 'Auto[generic(7)]'}],
2026-06-02 19:44:17,902 -          [{'b': 'Auto[generic(8)]', 'w': 'Auto[generic(9)]'},
2026-06-02 19:44:17,902 -           {'b': 'Auto[generic(10)]', 'w': 'Auto[generic(11)]'}]],
2026-06-02 19:44:17,902 -  'rho': [{'b': 'Auto[tag_variant=dense(0)|match_type=dense_with_bias_no_reshape]',
2026-06-02 19:44:17,902 -           'w': 'Auto[tag_variant=dense(0)|match_type=dense_with_bias_no_reshape]'},
2026-06-02 19:44:17,902 -          {'b': 'Auto[tag_variant=dense(1)|match_type=dense_with_bias_no_reshape]',
2026-06-02 19:44:17,902 -           'w': 'Auto[tag_variant=dense(1)|match_type=dense_with_bias_no_reshape]'}],
2026-06-02 19:44:17,902 -  'transformer': [{'attn_ln': {'offset': 'Auto[tag_variant=scale_and_shift(0)|match_type=normalization_haiku_broadcast_1]',
2026-06-02 19:44:17,902 -                               'scale': 'Auto[tag_variant=scale_and_shift(0)|match_type=normalization_haiku_broadcast_1]'},
2026-06-02 19:44:17,902 -                   'ff1': {'b': 'Auto[tag_variant=repeated_dense(5)|match_type=repeated_dense1_with_bias]',
2026-06-02 19:44:17,902 -                           'w': 'Auto[tag_variant=repeated_dense(5)|match_type=repeated_dense1_with_bias]'},
2026-06-02 19:44:17,902 -                   'ff2': {'b': 'Auto[tag_variant=repeated_dense(6)|match_type=repeated_dense1_with_bias]',
2026-06-02 19:44:17,902 -                           'w': 'Auto[tag_variant=repeated_dense(6)|match_type=repeated_dense1_with_bias]'},
2026-06-02 19:44:17,902 -                   'ff_ln': {'offset': 'Auto[tag_variant=scale_and_shift(1)|match_type=normalization_haiku_broadcast_1]',
2026-06-02 19:44:17,902 -                             'scale': 'Auto[tag_variant=scale_and_shift(1)|match_type=normalization_haiku_broadcast_1]'},
2026-06-02 19:44:17,902 -                   'k_w': 'Auto[tag_variant=repeated_dense(2)|match_type=repeated_dense1_no_bias]',
2026-06-02 19:44:17,902 -                   'out_w': 'Auto[tag_variant=repeated_dense(4)|match_type=repeated_dense1_no_bias]',
2026-06-02 19:44:17,902 -                   'q_w': 'Auto[tag_variant=repeated_dense(1)|match_type=repeated_dense1_no_bias]',
2026-06-02 19:44:17,902 -                   'v_w': 'Auto[tag_variant=repeated_dense(3)|match_type=repeated_dense1_no_bias]'},
2026-06-02 19:44:17,902 -                  {'attn_ln': {'offset': 'Auto[tag_variant=scale_and_shift(2)|match_type=normalization_haiku_broadcast_1]',
2026-06-02 19:44:17,902 -                               'scale': 'Auto[tag_variant=scale_and_shift(2)|match_type=normalization_haiku_broadcast_1]'},
2026-06-02 19:44:17,902 -                   'ff1': {'b': 'Auto[tag_variant=repeated_dense(11)|match_type=repeated_dense1_with_bias]',
2026-06-02 19:44:17,902 -                           'w': 'Auto[tag_variant=repeated_dense(11)|match_type=repeated_dense1_with_bias]'},
2026-06-02 19:44:17,902 -                   'ff2': {'b': 'Auto[tag_variant=repeated_dense(12)|match_type=repeated_dense1_with_bias]',
2026-06-02 19:44:17,902 -                           'w': 'Auto[tag_variant=repeated_dense(12)|match_type=repeated_dense1_with_bias]'},
2026-06-02 19:44:17,902 -                   'ff_ln': {'offset': 'Auto[tag_variant=scale_and_shift(3)|match_type=normalization_haiku_broadcast_1]',
2026-06-02 19:44:17,902 -                             'scale': 'Auto[tag_variant=scale_and_shift(3)|match_type=normalization_haiku_broadcast_1]'},
2026-06-02 19:44:17,902 -                   'k_w': 'Auto[tag_variant=repeated_dense(8)|match_type=repeated_dense1_no_bias]',
2026-06-02 19:44:17,902 -                   'out_w': 'Auto[tag_variant=repeated_dense(10)|match_type=repeated_dense1_no_bias]',
2026-06-02 19:44:17,902 -                   'q_w': 'Auto[tag_variant=repeated_dense(7)|match_type=repeated_dense1_no_bias]',
2026-06-02 19:44:17,902 -                   'v_w': 'Auto[tag_variant=repeated_dense(9)|match_type=repeated_dense1_no_bias]'},
2026-06-02 19:44:17,902 -                  {'attn_ln': {'offset': 'Auto[tag_variant=scale_and_shift(4)|match_type=normalization_haiku_broadcast_1]',
2026-06-02 19:44:17,902 -                               'scale': 'Auto[tag_variant=scale_and_shift(4)|match_type=normalization_haiku_broadcast_1]'},
2026-06-02 19:44:17,902 -                   'ff1': {'b': 'Auto[tag_variant=repeated_dense(17)|match_type=repeated_dense1_with_bias]',
2026-06-02 19:44:17,902 -                           'w': 'Auto[tag_variant=repeated_dense(17)|match_type=repeated_dense1_with_bias]'},
2026-06-02 19:44:17,902 -                   'ff2': {'b': 'Auto[tag_variant=repeated_dense(18)|match_type=repeated_dense1_with_bias]',
2026-06-02 19:44:17,902 -                           'w': 'Auto[tag_variant=repeated_dense(18)|match_type=repeated_dense1_with_bias]'},
2026-06-02 19:44:17,902 -                   'ff_ln': {'offset': 'Auto[tag_variant=scale_and_shift(5)|match_type=normalization_haiku_broadcast_1]',
2026-06-02 19:44:17,902 -                             'scale': 'Auto[tag_variant=scale_and_shift(5)|match_type=normalization_haiku_broadcast_1]'},
2026-06-02 19:44:17,902 -                   'k_w': 'Auto[tag_variant=repeated_dense(14)|match_type=repeated_dense1_no_bias]',
2026-06-02 19:44:17,902 -                   'out_w': 'Auto[tag_variant=repeated_dense(16)|match_type=repeated_dense1_no_bias]',
2026-06-02 19:44:17,903 -                   'q_w': 'Auto[tag_variant=repeated_dense(13)|match_type=repeated_dense1_no_bias]',
2026-06-02 19:44:17,903 -                   'v_w': 'Auto[tag_variant=repeated_dense(15)|match_type=repeated_dense1_no_bias]'}]}
2026-06-02 19:44:17,903 - ==================================================
2026-06-02 19:44:17,914 - Graph registered losses:
2026-06-02 19:44:17,914 - NormalMeanNegativeLogProbLoss(mean=Var(id=139642345683968):float32[2048,1], variance=Literal(0.5), weight=Literal(1.0), normalize_log_prob=Literal(True))
2026-06-02 19:44:17,914 - ==================================================
2026-06-02 19:44:17,916 - BlockDiagonalCurvature blocks:
2026-06-02 19:44:17,916 - RepeatedDenseBlock(parameter_specs=['ab -> (a)b', 'a -> 1a'], parameters_concat_axis=0), tag name: Auto[tag_variant=repeated_dense(0)|match_type=repeated_dense1_with_bias], params shapes: ((5, 64), (64,))
2026-06-02 19:44:17,916 - NaiveDiagonal, tag name: Auto[generic(0)], params shapes: ((64,),)
2026-06-02 19:44:17,916 - NaiveDiagonal, tag name: Auto[generic(1)], params shapes: ((64, 64),)
2026-06-02 19:44:17,916 - NaiveDiagonal, tag name: Auto[generic(2)], params shapes: ((64,),)
2026-06-02 19:44:17,916 - NaiveDiagonal, tag name: Auto[generic(3)], params shapes: ((64, 64),)
2026-06-02 19:44:17,916 - NaiveDiagonal, tag name: Auto[generic(4)], params shapes: ((64,),)
2026-06-02 19:44:17,917 - NaiveDiagonal, tag name: Auto[generic(5)], params shapes: ((64, 64),)
2026-06-02 19:44:17,917 - NaiveDiagonal, tag name: Auto[generic(6)], params shapes: ((64,),)
2026-06-02 19:44:17,917 - NaiveDiagonal, tag name: Auto[generic(7)], params shapes: ((64, 64),)
2026-06-02 19:44:17,917 - NaiveDiagonal, tag name: Auto[generic(8)], params shapes: ((64,),)
2026-06-02 19:44:17,917 - NaiveDiagonal, tag name: Auto[generic(9)], params shapes: ((64, 64),)
2026-06-02 19:44:17,917 - NaiveDiagonal, tag name: Auto[generic(10)], params shapes: ((64,),)
2026-06-02 19:44:17,917 - NaiveDiagonal, tag name: Auto[generic(11)], params shapes: ((64, 64),)
2026-06-02 19:44:17,917 - DenseTwoKroneckerFactored(parameter_specs=['ab -> (a)b', 'a -> 1a'], parameters_concat_axis=0), tag name: Auto[tag_variant=dense(0)|match_type=dense_with_bias_no_reshape], params shapes: ((64, 64), (64,))
2026-06-02 19:44:17,917 - DenseTwoKroneckerFactored(parameter_specs=['ab -> (a)b', 'a -> 1a'], parameters_concat_axis=0), tag name: Auto[tag_variant=dense(1)|match_type=dense_with_bias_no_reshape], params shapes: ((64, 1), (1,))
2026-06-02 19:44:17,917 - ScaleAndShiftDiagonal, tag name: Auto[tag_variant=scale_and_shift(0)|match_type=normalization_haiku_broadcast_1], params shapes: ((64,), (64,))
2026-06-02 19:44:17,917 - RepeatedDenseBlock(parameter_specs=['ab -> (a)b', 'a -> 1a'], parameters_concat_axis=0), tag name: Auto[tag_variant=repeated_dense(5)|match_type=repeated_dense1_with_bias], params shapes: ((64, 256), (256,))
2026-06-02 19:44:17,917 - RepeatedDenseBlock(parameter_specs=['ab -> (a)b', 'a -> 1a'], parameters_concat_axis=0), tag name: Auto[tag_variant=repeated_dense(6)|match_type=repeated_dense1_with_bias], params shapes: ((256, 64), (64,))
2026-06-02 19:44:17,918 - ScaleAndShiftDiagonal, tag name: Auto[tag_variant=scale_and_shift(1)|match_type=normalization_haiku_broadcast_1], params shapes: ((64,), (64,))
2026-06-02 19:44:17,918 - RepeatedDenseBlock(parameter_specs=['ab -> (a)b'], parameters_concat_axis=0), tag name: Auto[tag_variant=repeated_dense(2)|match_type=repeated_dense1_no_bias], params shapes: ((64, 64),)
2026-06-02 19:44:17,918 - RepeatedDenseBlock(parameter_specs=['ab -> (a)b'], parameters_concat_axis=0), tag name: Auto[tag_variant=repeated_dense(4)|match_type=repeated_dense1_no_bias], params shapes: ((64, 64),)
2026-06-02 19:44:17,918 - RepeatedDenseBlock(parameter_specs=['ab -> (a)b'], parameters_concat_axis=0), tag name: Auto[tag_variant=repeated_dense(1)|match_type=repeated_dense1_no_bias], params shapes: ((64, 64),)
2026-06-02 19:44:17,918 - RepeatedDenseBlock(parameter_specs=['ab -> (a)b'], parameters_concat_axis=0), tag name: Auto[tag_variant=repeated_dense(3)|match_type=repeated_dense1_no_bias], params shapes: ((64, 64),)
2026-06-02 19:44:17,918 - ScaleAndShiftDiagonal, tag name: Auto[tag_variant=scale_and_shift(2)|match_type=normalization_haiku_broadcast_1], params shapes: ((64,), (64,))
2026-06-02 19:44:17,918 - RepeatedDenseBlock(parameter_specs=['ab -> (a)b', 'a -> 1a'], parameters_concat_axis=0), tag name: Auto[tag_variant=repeated_dense(11)|match_type=repeated_dense1_with_bias], params shapes: ((64, 256), (256,))
2026-06-02 19:44:17,918 - RepeatedDenseBlock(parameter_specs=['ab -> (a)b', 'a -> 1a'], parameters_concat_axis=0), tag name: Auto[tag_variant=repeated_dense(12)|match_type=repeated_dense1_with_bias], params shapes: ((256, 64), (64,))
2026-06-02 19:44:17,918 - ScaleAndShiftDiagonal, tag name: Auto[tag_variant=scale_and_shift(3)|match_type=normalization_haiku_broadcast_1], params shapes: ((64,), (64,))
2026-06-02 19:44:17,918 - RepeatedDenseBlock(parameter_specs=['ab -> (a)b'], parameters_concat_axis=0), tag name: Auto[tag_variant=repeated_dense(8)|match_type=repeated_dense1_no_bias], params shapes: ((64, 64),)
2026-06-02 19:44:17,919 - RepeatedDenseBlock(parameter_specs=['ab -> (a)b'], parameters_concat_axis=0), tag name: Auto[tag_variant=repeated_dense(10)|match_type=repeated_dense1_no_bias], params shapes: ((64, 64),)
2026-06-02 19:44:17,919 - RepeatedDenseBlock(parameter_specs=['ab -> (a)b'], parameters_concat_axis=0), tag name: Auto[tag_variant=repeated_dense(7)|match_type=repeated_dense1_no_bias], params shapes: ((64, 64),)
2026-06-02 19:44:17,919 - RepeatedDenseBlock(parameter_specs=['ab -> (a)b'], parameters_concat_axis=0), tag name: Auto[tag_variant=repeated_dense(9)|match_type=repeated_dense1_no_bias], params shapes: ((64, 64),)
2026-06-02 19:44:17,919 - ScaleAndShiftDiagonal, tag name: Auto[tag_variant=scale_and_shift(4)|match_type=normalization_haiku_broadcast_1], params shapes: ((64,), (64,))
2026-06-02 19:44:17,919 - RepeatedDenseBlock(parameter_specs=['ab -> (a)b', 'a -> 1a'], parameters_concat_axis=0), tag name: Auto[tag_variant=repeated_dense(17)|match_type=repeated_dense1_with_bias], params shapes: ((64, 256), (256,))
2026-06-02 19:44:17,919 - RepeatedDenseBlock(parameter_specs=['ab -> (a)b', 'a -> 1a'], parameters_concat_axis=0), tag name: Auto[tag_variant=repeated_dense(18)|match_type=repeated_dense1_with_bias], params shapes: ((256, 64), (64,))
2026-06-02 19:44:17,919 - ScaleAndShiftDiagonal, tag name: Auto[tag_variant=scale_and_shift(5)|match_type=normalization_haiku_broadcast_1], params shapes: ((64,), (64,))
2026-06-02 19:44:17,919 - RepeatedDenseBlock(parameter_specs=['ab -> (a)b'], parameters_concat_axis=0), tag name: Auto[tag_variant=repeated_dense(14)|match_type=repeated_dense1_no_bias], params shapes: ((64, 64),)
2026-06-02 19:44:17,919 - RepeatedDenseBlock(parameter_specs=['ab -> (a)b'], parameters_concat_axis=0), tag name: Auto[tag_variant=repeated_dense(16)|match_type=repeated_dense1_no_bias], params shapes: ((64, 64),)
2026-06-02 19:44:17,919 - RepeatedDenseBlock(parameter_specs=['ab -> (a)b'], parameters_concat_axis=0), tag name: Auto[tag_variant=repeated_dense(13)|match_type=repeated_dense1_no_bias], params shapes: ((64, 64),)
2026-06-02 19:44:17,920 - RepeatedDenseBlock(parameter_specs=['ab -> (a)b'], parameters_concat_axis=0), tag name: Auto[tag_variant=repeated_dense(15)|match_type=repeated_dense1_no_bias], params shapes: ((64, 64),)
2026-06-02 19:44:17,920 - ==================================================
2026-06-02 19:44:29,922 - Step 00500: 8328.0137 E_h, exp. variance=4813409.5000 E_h^2, pmove=0.99
2026-06-02 19:44:30,563 - Step 00501: 2109.7358 E_h, exp. variance=4338399.0000 E_h^2, pmove=0.98
2026-06-02 19:44:31,202 - Step 00502: 7198.5278 E_h, exp. variance=6021667.5000 E_h^2, pmove=0.98
2026-06-02 19:44:31,841 - Step 00503: 1310.7550 E_h, exp. variance=5628172.5000 E_h^2, pmove=0.98
2026-06-02 19:44:32,480 - Step 00504: 442.8532 E_h, exp. variance=5516262.0000 E_h^2, pmove=0.99
2026-06-02 19:44:33,119 - Step 00505: 2098.7134 E_h, exp. variance=4976211.0000 E_h^2, pmove=0.99
2026-06-02 19:44:33,757 - Step 00506: 4494.8750 E_h, exp. variance=4865497.5000 E_h^2, pmove=0.98
2026-06-02 19:44:34,395 - Step 00507: 1411.6816 E_h, exp. variance=4512275.5000 E_h^2, pmove=0.98
2026-06-02 19:44:35,033 - Step 00508: 6489.2744 E_h, exp. variance=5488239.0000 E_h^2, pmove=0.98
2026-06-02 19:44:35,671 - Step 00509: 1319.6018 E_h, exp. variance=5165720.5000 E_h^2, pmove=0.97
2026-06-02 19:44:36,307 - Step 00510: 972.6399 E_h, exp. variance=4932420.0000 E_h^2, pmove=0.97
2026-06-02 19:44:36,944 - Step 00511: 4454.5801 E_h, exp. variance=4759050.0000 E_h^2, pmove=0.97
2026-06-02 19:44:37,581 - Step 00512: 10774.7324 E_h, exp. variance=10067463.0000 E_h^2, pmove=0.97
2026-06-02 19:44:38,218 - Step 00513: 611.5603 E_h, exp. variance=9842874.0000 E_h^2, pmove=0.98
2026-06-02 19:44:38,855 - Step 00514: 603.3381 E_h, exp. variance=9496067.0000 E_h^2, pmove=0.97
2026-06-02 19:44:39,494 - Step 00515: 6831.7773 E_h, exp. variance=9868846.0000 E_h^2, pmove=0.98
2026-06-02 19:44:40,132 - Step 00516: 772.8196 E_h, exp. variance=9494631.0000 E_h^2, pmove=0.97
2026-06-02 19:44:40,772 - Step 00517: 1646.8158 E_h, exp. variance=8740762.0000 E_h^2, pmove=0.95
2026-06-02 19:44:41,411 - Step 00518: 817.4113 E_h, exp. variance=8285107.5000 E_h^2, pmove=0.94
2026-06-02 19:44:42,049 - Step 00519: 1191.6412 E_h, exp. variance=7677403.0000 E_h^2, pmove=0.96
2026-06-02 19:44:42,689 - Step 00520: 1849.2156 E_h, exp. variance=6960575.0000 E_h^2, pmove=0.95
2026-06-02 19:44:43,327 - Step 00521: 2122.6714 E_h, exp. variance=6279167.5000 E_h^2, pmove=0.97
2026-06-02 19:44:43,965 - Step 00522: 1564.5801 E_h, exp. variance=5727626.5000 E_h^2, pmove=0.96
2026-06-02 19:44:44,615 - Step 00523: 1208.9050 E_h, exp. variance=5281192.5000 E_h^2, pmove=0.97
2026-06-02 19:44:45,253 - Step 00524: 793.9884 E_h, exp. variance=4950529.0000 E_h^2, pmove=0.96
2026-06-02 19:44:45,894 - Step 00525: 1032.5082 E_h, exp. variance=4563301.5000 E_h^2, pmove=0.94
2026-06-02 19:44:46,538 - Step 00526: 4651.2822 E_h, exp. variance=4731230.5000 E_h^2, pmove=0.92
2026-06-02 19:44:47,176 - Step 00527: 744.9287 E_h, exp. variance=4470458.0000 E_h^2, pmove=0.94
2026-06-02 19:44:47,820 - Step 00528: 1483.2498 E_h, exp. variance=4060752.7500 E_h^2, pmove=0.94
2026-06-02 19:44:48,459 - Step 00529: 5000.0649 E_h, exp. variance=4431069.0000 E_h^2, pmove=0.94
2026-06-02 19:44:49,113 - Step 00530: 1116.2155 E_h, exp. variance=4126448.2500 E_h^2, pmove=0.94
2026-06-02 19:44:49,758 - Step 00531: 5203.1987 E_h, exp. variance=4507990.0000 E_h^2, pmove=0.94
2026-06-02 19:44:50,397 - Step 00532: 581.3890 E_h, exp. variance=4398817.5000 E_h^2, pmove=0.94
2026-06-02 19:44:51,063 - Step 00533: 647.1337 E_h, exp. variance=4215291.5000 E_h^2, pmove=0.92
2026-06-02 19:44:51,701 - Step 00534: 750.9181 E_h, exp. variance=3974004.2500 E_h^2, pmove=0.94
2026-06-02 19:44:52,340 - Step 00535: 2875.4971 E_h, exp. variance=3641771.5000 E_h^2, pmove=0.94
2026-06-02 19:44:52,980 - Step 00536: 605.1221 E_h, exp. variance=3481321.0000 E_h^2, pmove=0.91
2026-06-02 19:44:53,627 - Step 00537: 1075.8823 E_h, exp. variance=3203412.2500 E_h^2, pmove=0.91
2026-06-02 19:44:54,275 - Step 00538: 793.6947 E_h, exp. variance=2987499.0000 E_h^2, pmove=0.91
2026-06-02 19:44:54,917 - Step 00539: 625.3021 E_h, exp. variance=2805273.0000 E_h^2, pmove=0.93
2026-06-02 19:44:55,569 - Step 00540: 2849.3606 E_h, exp. variance=2654343.5000 E_h^2, pmove=0.94
2026-06-02 19:44:56,214 - Step 00541: 730.3312 E_h, exp. variance=2486073.0000 E_h^2, pmove=0.93
2026-06-02 19:44:56,852 - Step 00542: 1627.6685 E_h, exp. variance=2237594.0000 E_h^2, pmove=0.94
2026-06-02 19:44:57,500 - Step 00543: 2475.5557 E_h, exp. variance=2073449.2500 E_h^2, pmove=0.92
2026-06-02 19:44:58,145 - Step 00544: 703.3475 E_h, exp. variance=1963396.7500 E_h^2, pmove=0.92
2026-06-02 19:44:58,784 - Step 00545: 1765.0369 E_h, exp. variance=1768484.3750 E_h^2, pmove=0.93
2026-06-02 19:44:59,423 - Step 00546: 9096.8809 E_h, exp. variance=6580409.0000 E_h^2, pmove=0.93
2026-06-02 19:45:00,064 - Step 00547: 2764.4556 E_h, exp. variance=5934572.5000 E_h^2, pmove=0.93
2026-06-02 19:45:00,708 - Step 00548: 3171.9326 E_h, exp. variance=5390252.0000 E_h^2, pmove=0.93
2026-06-02 19:45:01,346 - Step 00549: 3212.7085 E_h, exp. variance=4896058.5000 E_h^2, pmove=0.92
2026-06-02 19:45:01,986 - Step 00550: 517.6337 E_h, exp. variance=4788328.5000 E_h^2, pmove=0.93
2026-06-02 19:45:02,636 - Step 00551: 3693.2971 E_h, exp. variance=4466734.5000 E_h^2, pmove=0.92
2026-06-02 19:45:03,279 - Step 00552: 7090.9790 E_h, exp. variance=5913946.5000 E_h^2, pmove=0.92
2026-06-02 19:45:03,918 - Step 00553: 1321.9528 E_h, exp. variance=5564755.0000 E_h^2, pmove=0.91
2026-06-02 19:45:04,556 - Step 00554: 743.1398 E_h, exp. variance=5388439.5000 E_h^2, pmove=0.91
2026-06-02 19:45:05,197 - Step 00555: 1549.4062 E_h, exp. variance=4947585.5000 E_h^2, pmove=0.92
2026-06-02 19:45:05,839 - Step 00556: 437.4131 E_h, exp. variance=4831456.0000 E_h^2, pmove=0.90
2026-06-02 19:45:06,478 - Step 00557: 3030.0327 E_h, exp. variance=4398482.0000 E_h^2, pmove=0.92
2026-06-02 19:45:07,117 - Step 00558: 9328.5625 E_h, exp. variance=8331543.0000 E_h^2, pmove=0.91
2026-06-02 19:45:07,759 - Step 00559: 702.0770 E_h, exp. variance=7996698.0000 E_h^2, pmove=0.92
2026-06-02 19:45:08,399 - Step 00560: 4218.7139 E_h, exp. variance=7373152.0000 E_h^2, pmove=0.93
2026-06-02 19:45:09,037 - Step 00561: 2966.4131 E_h, exp. variance=6635840.5000 E_h^2, pmove=0.93
2026-06-02 19:45:09,677 - Step 00562: 1134.3782 E_h, exp. variance=6272338.5000 E_h^2, pmove=0.93
2026-06-02 19:45:10,321 - Step 00563: 4517.6924 E_h, exp. variance=5917563.5000 E_h^2, pmove=0.92
2026-06-02 19:45:10,964 - Step 00564: 4232.5874 E_h, exp. variance=5473453.0000 E_h^2, pmove=0.91
2026-06-02 19:45:11,603 - Step 00565: 955.0961 E_h, exp. variance=5332418.0000 E_h^2, pmove=0.90
2026-06-02 19:45:12,247 - Step 00566: 369.1776 E_h, exp. variance=5360863.5000 E_h^2, pmove=0.93
2026-06-02 19:45:12,888 - Step 00567: 1310.3218 E_h, exp. variance=4978573.5000 E_h^2, pmove=0.93
2026-06-02 19:45:13,526 - Step 00568: 2541.7783 E_h, exp. variance=4480988.0000 E_h^2, pmove=0.94
2026-06-02 19:45:14,162 - Step 00569: 745.1316 E_h, exp. variance=4307630.5000 E_h^2, pmove=0.93
2026-06-02 19:45:14,799 - Step 00570: 912.2126 E_h, exp. variance=4054628.5000 E_h^2, pmove=0.90
2026-06-02 19:45:15,438 - Step 00571: 679.9075 E_h, exp. variance=3850898.7500 E_h^2, pmove=0.89
2026-06-02 19:45:16,078 - Step 00572: 851.8699 E_h, exp. variance=3590166.5000 E_h^2, pmove=0.89
2026-06-02 19:45:16,716 - Step 00573: 788.5386 E_h, exp. variance=3344300.5000 E_h^2, pmove=0.86
2026-06-02 19:45:17,361 - Step 00574: 450.9835 E_h, exp. variance=3173092.2500 E_h^2, pmove=0.87
2026-06-02 19:45:18,001 - Step 00575: 616.7827 E_h, exp. variance=2954295.2500 E_h^2, pmove=0.88
2026-06-02 19:45:18,642 - Step 00576: 674.2574 E_h, exp. variance=2729216.7500 E_h^2, pmove=0.89
2026-06-02 19:45:19,279 - Step 00577: 655.0281 E_h, exp. variance=2516067.0000 E_h^2, pmove=0.88
2026-06-02 19:45:19,916 - Step 00578: 737.2739 E_h, exp. variance=2302626.0000 E_h^2, pmove=0.87
2026-06-02 19:45:20,556 - Step 00579: 915.8923 E_h, exp. variance=2087305.8750 E_h^2, pmove=0.85
2026-06-02 19:45:21,194 - Step 00580: 2254.6052 E_h, exp. variance=1963604.8750 E_h^2, pmove=0.84
2026-06-02 19:45:21,831 - Step 00581: 559.9996 E_h, exp. variance=1827732.3750 E_h^2, pmove=0.86
2026-06-02 19:45:22,469 - Step 00582: 315.8460 E_h, exp. variance=1731745.2500 E_h^2, pmove=0.84
2026-06-02 19:45:23,109 - Step 00583: 471.8638 E_h, exp. variance=1606238.6250 E_h^2, pmove=0.85
2026-06-02 19:45:23,746 - Step 00584: 3525.7939 E_h, exp. variance=1963557.0000 E_h^2, pmove=0.85
2026-06-02 19:45:24,383 - Step 00585: 5600.8896 E_h, exp. variance=3380717.2500 E_h^2, pmove=0.83
2026-06-02 19:45:25,020 - Step 00586: 4643.5825 E_h, exp. variance=3775426.0000 E_h^2, pmove=0.83
2026-06-02 19:45:25,658 - Step 00587: 2441.7227 E_h, exp. variance=3409953.7500 E_h^2, pmove=0.85
2026-06-02 19:45:26,295 - Step 00588: 1040.3943 E_h, exp. variance=3172333.0000 E_h^2, pmove=0.82
2026-06-02 19:45:26,933 - Step 00589: 1027.1589 E_h, exp. variance=2941146.7500 E_h^2, pmove=0.84
2026-06-02 19:45:27,570 - Step 00590: 3547.1187 E_h, exp. variance=2889080.0000 E_h^2, pmove=0.85
2026-06-02 19:45:28,218 - Step 00591: 2723.7280 E_h, exp. variance=2638497.0000 E_h^2, pmove=0.84
2026-06-02 19:45:28,859 - Step 00592: 8704.4658 E_h, exp. variance=6257173.0000 E_h^2, pmove=0.84
2026-06-02 19:45:29,502 - Step 00593: 790.2692 E_h, exp. variance=5992521.5000 E_h^2, pmove=0.84
2026-06-02 19:45:30,139 - Step 00594: 549.8360 E_h, exp. variance=5768951.0000 E_h^2, pmove=0.83
2026-06-02 19:45:30,779 - Step 00595: 7577.1406 E_h, exp. variance=7614920.5000 E_h^2, pmove=0.83
2026-06-02 19:45:31,416 - Step 00596: 978.7932 E_h, exp. variance=7188211.0000 E_h^2, pmove=0.84
2026-06-02 19:45:32,059 - Step 00597: 3708.8389 E_h, exp. variance=6558354.5000 E_h^2, pmove=0.85
2026-06-02 19:45:32,695 - Step 00598: 887.4846 E_h, exp. variance=6236560.5000 E_h^2, pmove=0.83
2026-06-02 19:45:33,345 - Step 00599: 1014.5899 E_h, exp. variance=5845262.5000 E_h^2, pmove=0.82
2026-06-02 19:45:33,982 - Step 00600: 7667.1943 E_h, exp. variance=7700422.5000 E_h^2, pmove=0.81
2026-06-02 19:45:34,620 - Step 00601: 2725.2461 E_h, exp. variance=6936282.5000 E_h^2, pmove=0.81
2026-06-02 19:45:35,258 - Step 00602: 6643.4717 E_h, exp. variance=7466599.0000 E_h^2, pmove=0.83
2026-06-02 19:45:35,900 - Step 00603: 965.0936 E_h, exp. variance=7220955.0000 E_h^2, pmove=0.81
2026-06-02 19:45:36,538 - Step 00604: 1107.6438 E_h, exp. variance=6852024.5000 E_h^2, pmove=0.82
2026-06-02 19:45:37,176 - Step 00605: 6751.2578 E_h, exp. variance=7508329.5000 E_h^2, pmove=0.82
2026-06-02 19:45:37,814 - Step 00606: 411.2776 E_h, exp. variance=7496379.0000 E_h^2, pmove=0.82
2026-06-02 19:45:38,452 - Step 00607: 1496.5396 E_h, exp. variance=6947486.0000 E_h^2, pmove=0.82
2026-06-02 19:45:39,091 - Step 00608: 402.4755 E_h, exp. variance=6787772.0000 E_h^2, pmove=0.81
2026-06-02 19:45:39,728 - Step 00609: 737.1177 E_h, exp. variance=6420271.5000 E_h^2, pmove=0.83
2026-06-02 19:45:40,367 - Step 00610: 1724.2942 E_h, exp. variance=5820670.5000 E_h^2, pmove=0.82
2026-06-02 19:45:41,005 - Step 00611: 3394.4866 E_h, exp. variance=5338256.5000 E_h^2, pmove=0.82
2026-06-02 19:45:41,653 - Step 00612: 3115.2505 E_h, exp. variance=4844566.5000 E_h^2, pmove=0.81
2026-06-02 19:45:42,290 - Step 00613: 4091.8882 E_h, exp. variance=4584120.0000 E_h^2, pmove=0.82
2026-06-02 19:45:42,928 - Step 00614: 465.7137 E_h, exp. variance=4563799.5000 E_h^2, pmove=0.81
2026-06-02 19:45:43,565 - Step 00615: 3263.7212 E_h, exp. variance=4166811.7500 E_h^2, pmove=0.83
2026-06-02 19:45:44,202 - Step 00616: 314.2615 E_h, exp. variance=4193024.2500 E_h^2, pmove=0.81
2026-06-02 19:45:44,840 - Step 00617: 1636.3508 E_h, exp. variance=3814657.5000 E_h^2, pmove=0.79
2026-06-02 19:45:45,479 - Step 00618: 4942.3755 E_h, exp. variance=4088829.0000 E_h^2, pmove=0.81
2026-06-02 19:45:46,117 - Step 00619: 489.5580 E_h, exp. variance=4048519.0000 E_h^2, pmove=0.80
2026-06-02 19:45:46,762 - Step 00620: 11842.3291 E_h, exp. variance=11820061.0000 E_h^2, pmove=0.80
2026-06-02 19:45:47,400 - Step 00621: 4454.9155 E_h, exp. variance=10765697.0000 E_h^2, pmove=0.79
2026-06-02 19:45:48,038 - Step 00622: 1001.7751 E_h, exp. variance=10199492.0000 E_h^2, pmove=0.78
2026-06-02 19:45:48,677 - Step 00623: 995.5016 E_h, exp. variance=9595361.0000 E_h^2, pmove=0.79
2026-06-02 19:45:49,315 - Step 00624: 6935.8735 E_h, exp. variance=10080041.0000 E_h^2, pmove=0.78
2026-06-02 19:45:49,954 - Step 00625: 1078.6208 E_h, exp. variance=9528466.0000 E_h^2, pmove=0.77
2026-06-02 19:45:50,592 - Step 00626: 770.6656 E_h, exp. variance=9066212.0000 E_h^2, pmove=0.75
2026-06-02 19:45:51,231 - Step 00627: 785.2117 E_h, exp. variance=8551487.0000 E_h^2, pmove=0.77
2026-06-02 19:45:51,871 - Step 00628: 10316.9111 E_h, exp. variance=12968389.0000 E_h^2, pmove=0.75
2026-06-02 19:45:52,511 - Step 00629: 886.3599 E_h, exp. variance=12253231.0000 E_h^2, pmove=0.74
2026-06-02 19:45:53,149 - Step 00630: 5124.3169 E_h, exp. variance=11370104.0000 E_h^2, pmove=0.75
2026-06-02 19:45:53,787 - Step 00631: 1396.5396 E_h, exp. variance=10583387.0000 E_h^2, pmove=0.77
2026-06-02 19:45:54,432 - Step 00632: 1053.0723 E_h, exp. variance=9929176.0000 E_h^2, pmove=0.76
2026-06-02 19:45:55,072 - Step 00633: 3843.5024 E_h, exp. variance=9006478.0000 E_h^2, pmove=0.76
2026-06-02 19:45:55,710 - Step 00634: 5020.9917 E_h, exp. variance=8455983.0000 E_h^2, pmove=0.77
2026-06-02 19:45:56,347 - Step 00635: 693.9642 E_h, exp. variance=8196443.0000 E_h^2, pmove=0.76
2026-06-02 19:45:56,993 - Step 00636: 1713.5728 E_h, exp. variance=7523569.5000 E_h^2, pmove=0.75
2026-06-02 19:45:57,631 - Step 00637: 1072.2542 E_h, exp. variance=7059788.0000 E_h^2, pmove=0.76
2026-06-02 19:45:58,269 - Step 00638: 2308.6580 E_h, exp. variance=6366477.0000 E_h^2, pmove=0.77
2026-06-02 19:45:58,907 - Step 00639: 1006.2169 E_h, exp. variance=5971922.0000 E_h^2, pmove=0.76
2026-06-02 19:45:59,547 - Step 00640: 2284.7607 E_h, exp. variance=5378242.0000 E_h^2, pmove=0.77
2026-06-02 19:46:00,187 - Step 00641: 1602.1084 E_h, exp. variance=4907050.0000 E_h^2, pmove=0.77
2026-06-02 19:46:00,826 - Step 00642: 7941.8872 E_h, exp. variance=7203958.0000 E_h^2, pmove=0.76
2026-06-02 19:46:01,465 - Step 00643: 376.4203 E_h, exp. variance=7071831.0000 E_h^2, pmove=0.76
2026-06-02 19:46:02,103 - Step 00644: 586.1672 E_h, exp. variance=6758233.5000 E_h^2, pmove=0.76
2026-06-02 19:46:02,742 - Step 00645: 1756.4919 E_h, exp. variance=6128005.5000 E_h^2, pmove=0.75
2026-06-02 19:46:03,380 - Step 00646: 686.6160 E_h, exp. variance=5778517.5000 E_h^2, pmove=0.77
2026-06-02 19:46:04,020 - Step 00647: 9090.3896 E_h, exp. variance=9441407.0000 E_h^2, pmove=0.77
2026-06-02 19:46:04,659 - Step 00648: 1592.6455 E_h, exp. variance=8654041.0000 E_h^2, pmove=0.76
2026-06-02 19:46:05,298 - Step 00649: 1875.9487 E_h, exp. variance=7862274.0000 E_h^2, pmove=0.78
2026-06-02 19:46:05,938 - Step 00650: 768.3330 E_h, exp. variance=7408411.0000 E_h^2, pmove=0.76
2026-06-02 19:46:06,577 - Step 00651: 2000.7850 E_h, exp. variance=6689808.0000 E_h^2, pmove=0.75
2026-06-02 19:46:07,239 - Step 00652: 6805.6890 E_h, exp. variance=7729755.0000 E_h^2, pmove=0.76
2026-06-02 19:46:07,877 - Step 00653: 2154.7168 E_h, exp. variance=7004634.5000 E_h^2, pmove=0.75
2026-06-02 19:46:08,517 - Step 00654: 2594.2034 E_h, exp. variance=6308400.5000 E_h^2, pmove=0.75
2026-06-02 19:46:09,158 - Step 00655: 666.8804 E_h, exp. variance=6082984.5000 E_h^2, pmove=0.76
2026-06-02 19:46:09,802 - Step 00656: 1677.7327 E_h, exp. variance=5547478.5000 E_h^2, pmove=0.77
2026-06-02 19:46:10,446 - Step 00657: 1182.2999 E_h, exp. variance=5145964.0000 E_h^2, pmove=0.76
2026-06-02 19:46:11,084 - Step 00658: 448.7551 E_h, exp. variance=4958974.0000 E_h^2, pmove=0.76
2026-06-02 19:46:11,723 - Step 00659: 7082.2861 E_h, exp. variance=6638486.5000 E_h^2, pmove=0.75
2026-06-02 19:46:12,361 - Step 00660: 4894.2983 E_h, exp. variance=6424929.5000 E_h^2, pmove=0.75
2026-06-02 19:46:13,001 - Step 00661: 333.3347 E_h, exp. variance=6366674.5000 E_h^2, pmove=0.75
2026-06-02 19:46:13,641 - Step 00662: 862.7999 E_h, exp. variance=6009932.0000 E_h^2, pmove=0.73
2026-06-02 19:46:14,280 - Step 00663: 499.5765 E_h, exp. variance=5751326.0000 E_h^2, pmove=0.72
2026-06-02 19:46:14,921 - Step 00664: 305.3660 E_h, exp. variance=5518287.5000 E_h^2, pmove=0.73
2026-06-02 19:46:15,559 - Step 00665: 448.8658 E_h, exp. variance=5200085.0000 E_h^2, pmove=0.73
2026-06-02 19:46:16,198 - Step 00666: 546.3484 E_h, exp. variance=4844725.0000 E_h^2, pmove=0.72
2026-06-02 19:46:16,837 - Step 00667: 1426.7634 E_h, exp. variance=4370467.0000 E_h^2, pmove=0.72
2026-06-02 19:46:17,475 - Step 00668: 1808.6179 E_h, exp. variance=3933976.7500 E_h^2, pmove=0.72
2026-06-02 19:46:18,116 - Step 00669: 1085.0907 E_h, exp. variance=3578925.5000 E_h^2, pmove=0.71
2026-06-02 19:46:18,754 - Step 00670: 357.5888 E_h, exp. variance=3376656.0000 E_h^2, pmove=0.71
2026-06-02 19:46:19,392 - Step 00671: 6221.7441 E_h, exp. variance=5010781.5000 E_h^2, pmove=0.70
2026-06-02 19:46:20,047 - Step 00672: 1121.5515 E_h, exp. variance=4580605.0000 E_h^2, pmove=0.69
2026-06-02 19:46:20,686 - Step 00673: 1984.4202 E_h, exp. variance=4122913.5000 E_h^2, pmove=0.67
2026-06-02 19:46:21,324 - Step 00674: 358.2905 E_h, exp. variance=3932035.5000 E_h^2, pmove=0.69
2026-06-02 19:46:21,963 - Step 00675: 2101.5408 E_h, exp. variance=3548729.0000 E_h^2, pmove=0.68
2026-06-02 19:46:22,605 - Step 00676: 394.4294 E_h, exp. variance=3372445.0000 E_h^2, pmove=0.68
2026-06-02 19:46:23,247 - Step 00677: 1510.8533 E_h, exp. variance=3037262.5000 E_h^2, pmove=0.69
2026-06-02 19:46:23,886 - Step 00678: 1672.6653 E_h, exp. variance=2733595.2500 E_h^2, pmove=0.68
2026-06-02 19:46:24,524 - Step 00679: 1052.2455 E_h, exp. variance=2492355.2500 E_h^2, pmove=0.68
2026-06-02 19:46:25,167 - Step 00680: 1306.7887 E_h, exp. variance=2250333.5000 E_h^2, pmove=0.68
2026-06-02 19:46:25,806 - Step 00681: 1906.9128 E_h, exp. variance=2036032.1250 E_h^2, pmove=0.66
2026-06-02 19:46:26,446 - Step 00682: 6840.5000 E_h, exp. variance=4307741.0000 E_h^2, pmove=0.65
2026-06-02 19:46:27,084 - Step 00683: 1537.2678 E_h, exp. variance=3907588.0000 E_h^2, pmove=0.65
2026-06-02 19:46:27,726 - Step 00684: 629.2090 E_h, exp. variance=3701649.2500 E_h^2, pmove=0.66
2026-06-02 19:46:28,364 - Step 00685: 5539.0669 E_h, exp. variance=4510969.0000 E_h^2, pmove=0.67
2026-06-02 19:46:29,003 - Step 00686: 3873.4072 E_h, exp. variance=4288106.5000 E_h^2, pmove=0.66
2026-06-02 19:46:29,642 - Step 00687: 1481.3903 E_h, exp. variance=3942032.7500 E_h^2, pmove=0.66
2026-06-02 19:46:30,284 - Step 00688: 823.8895 E_h, exp. variance=3755880.5000 E_h^2, pmove=0.66
2026-06-02 19:46:30,930 - Step 00689: 8555.8066 E_h, exp. variance=7024807.5000 E_h^2, pmove=0.65
2026-06-02 19:46:31,569 - Step 00690: 1276.4465 E_h, exp. variance=6539159.0000 E_h^2, pmove=0.68
2026-06-02 19:46:32,209 - Step 00691: 972.8468 E_h, exp. variance=6145513.5000 E_h^2, pmove=0.65
2026-06-02 19:46:32,847 - Step 00692: 3741.4683 E_h, exp. variance=5668926.5000 E_h^2, pmove=0.65
2026-06-02 19:46:33,486 - Step 00693: 934.2903 E_h, exp. variance=5359956.5000 E_h^2, pmove=0.65
2026-06-02 19:46:34,125 - Step 00694: 444.8841 E_h, exp. variance=5188652.5000 E_h^2, pmove=0.65
2026-06-02 19:46:34,763 - Step 00695: 629.4663 E_h, exp. variance=4908060.5000 E_h^2, pmove=0.64
2026-06-02 19:46:35,412 - Step 00696: 756.2102 E_h, exp. variance=4578292.5000 E_h^2, pmove=0.65
2026-06-02 19:46:36,049 - Step 00697: 560.4286 E_h, exp. variance=4296780.0000 E_h^2, pmove=0.65
2026-06-02 19:46:36,688 - Step 00698: 988.4783 E_h, exp. variance=3929350.0000 E_h^2, pmove=0.64
2026-06-02 19:46:37,329 - Step 00699: 9501.4082 E_h, exp. variance=8962206.0000 E_h^2, pmove=0.64
2026-06-02 19:46:37,969 - Step 00700: 1189.1133 E_h, exp. variance=8223823.5000 E_h^2, pmove=0.63
2026-06-02 19:46:38,608 - Step 00701: 2777.4214 E_h, exp. variance=7415586.0000 E_h^2, pmove=0.62
2026-06-02 19:46:39,247 - Step 00702: 297.5955 E_h, exp. variance=7079680.0000 E_h^2, pmove=0.61
2026-06-02 19:46:39,887 - Step 00703: 1484.8652 E_h, exp. variance=6418817.0000 E_h^2, pmove=0.60
2026-06-02 19:46:40,525 - Step 00704: 2119.2278 E_h, exp. variance=5776960.5000 E_h^2, pmove=0.61
2026-06-02 19:46:41,164 - Step 00705: 898.4751 E_h, exp. variance=5336718.0000 E_h^2, pmove=0.60
2026-06-02 19:46:41,803 - Step 00706: 952.5749 E_h, exp. variance=4903816.5000 E_h^2, pmove=0.60
2026-06-02 19:46:42,441 - Step 00707: 994.1652 E_h, exp. variance=4488085.0000 E_h^2, pmove=0.61
2026-06-02 19:46:43,088 - Step 00708: 814.5591 E_h, exp. variance=4129145.5000 E_h^2, pmove=0.61
2026-06-02 19:46:43,731 - Step 00709: 817.1978 E_h, exp. variance=3788598.0000 E_h^2, pmove=0.61
2026-06-02 19:46:44,370 - Step 00710: 885.9906 E_h, exp. variance=3458788.2500 E_h^2, pmove=0.61
2026-06-02 19:46:45,009 - Step 00711: 1170.2695 E_h, exp. variance=3125914.7500 E_h^2, pmove=0.61
2026-06-02 19:46:45,648 - Step 00712: 1231.2661 E_h, exp. variance=2820436.2500 E_h^2, pmove=0.61
2026-06-02 19:46:46,287 - Step 00713: 2823.3010 E_h, exp. variance=2699760.0000 E_h^2, pmove=0.61
2026-06-02 19:46:46,926 - Step 00714: 589.8199 E_h, exp. variance=2524961.7500 E_h^2, pmove=0.60
2026-06-02 19:46:47,564 - Step 00715: 287.1626 E_h, exp. variance=2408225.0000 E_h^2, pmove=0.60
2026-06-02 19:46:48,205 - Step 00716: 992.7238 E_h, exp. variance=2181788.5000 E_h^2, pmove=0.61
2026-06-02 19:46:48,853 - Step 00717: 912.1551 E_h, exp. variance=1981064.6250 E_h^2, pmove=0.61
2026-06-02 19:46:49,490 - Step 00718: 637.7037 E_h, exp. variance=1823456.3750 E_h^2, pmove=0.61
2026-06-02 19:46:50,146 - Step 00719: 968.4564 E_h, exp. variance=1647816.8750 E_h^2, pmove=0.61
2026-06-02 19:46:50,790 - Step 00720: 277.3322 E_h, exp. variance=1562018.5000 E_h^2, pmove=0.60
2026-06-02 19:46:51,429 - Step 00721: 916.3102 E_h, exp. variance=1409567.2500 E_h^2, pmove=0.59
2026-06-02 19:46:52,067 - Step 00722: 731.1298 E_h, exp. variance=1280858.8750 E_h^2, pmove=0.58
2026-06-02 19:46:52,710 - Step 00723: 375.4255 E_h, exp. variance=1195339.3750 E_h^2, pmove=0.59
2026-06-02 19:46:53,349 - Step 00724: 2089.6682 E_h, exp. variance=1183775.6250 E_h^2, pmove=0.59
2026-06-02 19:46:53,987 - Step 00725: 982.6672 E_h, exp. variance=1066720.8750 E_h^2, pmove=0.60
2026-06-02 19:46:55,128 - Step 00726: 488.0127 E_h, exp. variance=992856.9375 E_h^2, pmove=0.60
2026-06-02 19:46:55,767 - Step 00727: 7760.5005 E_h, exp. variance=4968838.5000 E_h^2, pmove=0.61
2026-06-02 19:46:56,406 - Step 00728: 637.9576 E_h, exp. variance=4574295.0000 E_h^2, pmove=0.60
2026-06-02 19:46:57,045 - Step 00729: 736.4966 E_h, exp. variance=4183612.5000 E_h^2, pmove=0.60
2026-06-02 19:46:57,684 - Step 00730: 6416.5605 E_h, exp. variance=5930564.0000 E_h^2, pmove=0.60
2026-06-02 19:46:58,325 - Step 00731: 457.0869 E_h, exp. variance=5552332.0000 E_h^2, pmove=0.60
2026-06-02 19:46:58,963 - Step 00732: 373.0055 E_h, exp. variance=5192787.5000 E_h^2, pmove=0.60
2026-06-02 19:46:59,602 - Step 00733: 1600.1383 E_h, exp. variance=4674408.0000 E_h^2, pmove=0.60
2026-06-02 19:47:00,243 - Step 00734: 8746.0830 E_h, exp. variance=8687775.0000 E_h^2, pmove=0.60
2026-06-02 19:47:00,884 - Step 00735: 10181.5547 E_h, exp. variance=13274746.0000 E_h^2, pmove=0.60
2026-06-02 19:47:01,523 - Step 00736: 600.5432 E_h, exp. variance=12543447.0000 E_h^2, pmove=0.61
2026-06-02 19:47:02,162 - Step 00737: 2118.2729 E_h, exp. variance=11346507.0000 E_h^2, pmove=0.59
2026-06-02 19:47:02,801 - Step 00738: 1483.0338 E_h, exp. variance=10376859.0000 E_h^2, pmove=0.59
2026-06-02 19:47:03,440 - Step 00739: 1657.6143 E_h, exp. variance=9437274.0000 E_h^2, pmove=0.58
2026-06-02 19:47:04,079 - Step 00740: 537.1002 E_h, exp. variance=8875525.0000 E_h^2, pmove=0.59
2026-06-02 19:47:04,718 - Step 00741: 1109.8096 E_h, exp. variance=8135756.0000 E_h^2, pmove=0.58
2026-06-02 19:47:05,357 - Step 00742: 1080.6027 E_h, exp. variance=7448025.0000 E_h^2, pmove=0.57
2026-06-02 19:47:05,997 - Step 00743: 675.3594 E_h, exp. variance=6897566.0000 E_h^2, pmove=0.57
2026-06-02 19:47:06,637 - Step 00744: 352.9406 E_h, exp. variance=6451337.5000 E_h^2, pmove=0.56
2026-06-02 19:47:07,277 - Step 00745: 2737.5562 E_h, exp. variance=5879778.5000 E_h^2, pmove=0.56
2026-06-02 19:47:07,917 - Step 00746: 403.4818 E_h, exp. variance=5499827.5000 E_h^2, pmove=0.55
2026-06-02 19:47:08,557 - Step 00747: 1478.2321 E_h, exp. variance=4957600.0000 E_h^2, pmove=0.55
2026-06-02 19:47:09,202 - Step 00748: 1102.0358 E_h, exp. variance=4498749.0000 E_h^2, pmove=0.57
2026-06-02 19:47:09,842 - Step 00749: 936.6821 E_h, exp. variance=4098385.2500 E_h^2, pmove=0.58
2026-06-02 19:47:10,480 - Step 00750: 2592.8203 E_h, exp. variance=3776507.0000 E_h^2, pmove=0.57
2026-06-02 19:47:11,121 - Step 00751: 1432.7675 E_h, exp. variance=3405432.2500 E_h^2, pmove=0.57
2026-06-02 19:47:11,763 - Step 00752: 242.0365 E_h, exp. variance=3249963.2500 E_h^2, pmove=0.57
2026-06-02 19:47:12,409 - Step 00753: 620.1722 E_h, exp. variance=2999901.5000 E_h^2, pmove=0.56
2026-06-02 19:47:13,050 - Step 00754: 385.2201 E_h, exp. variance=2800307.2500 E_h^2, pmove=0.56
2026-06-02 19:47:13,693 - Step 00755: 2169.5457 E_h, exp. variance=2582841.2500 E_h^2, pmove=0.56
2026-06-02 19:47:14,334 - Step 00756: 392.4526 E_h, exp. variance=2419427.7500 E_h^2, pmove=0.57
2026-06-02 19:47:14,975 - Step 00757: 16190.9062 E_h, exp. variance=22089838.0000 E_h^2, pmove=0.58
2026-06-02 19:47:15,616 - Step 00758: 5317.7676 E_h, exp. variance=20449598.0000 E_h^2, pmove=0.58
2026-06-02 19:47:16,258 - Step 00759: 516.3813 E_h, exp. variance=18984792.0000 E_h^2, pmove=0.57
2026-06-02 19:47:16,899 - Step 00760: 822.4266 E_h, exp. variance=17438790.0000 E_h^2, pmove=0.57
2026-06-02 19:47:17,543 - Step 00761: 4748.7383 E_h, exp. variance=16109087.0000 E_h^2, pmove=0.57
2026-06-02 19:47:18,185 - Step 00762: 439.2757 E_h, exp. variance=15007446.0000 E_h^2, pmove=0.56
2026-06-02 19:47:18,830 - Step 00763: 1406.3894 E_h, exp. variance=13630699.0000 E_h^2, pmove=0.56
2026-06-02 19:47:19,472 - Step 00764: 6402.5688 E_h, exp. variance=13664598.0000 E_h^2, pmove=0.58
2026-06-02 19:47:20,115 - Step 00765: 7490.7129 E_h, exp. variance=14230750.0000 E_h^2, pmove=0.57
2026-06-02 19:47:20,757 - Step 00766: 401.9411 E_h, exp. variance=13574115.0000 E_h^2, pmove=0.56
2026-06-02 19:47:21,398 - Step 00767: 483.2795 E_h, exp. variance=12799662.0000 E_h^2, pmove=0.57
2026-06-02 19:47:22,042 - Step 00768: 769.5322 E_h, exp. variance=11881245.0000 E_h^2, pmove=0.56
2026-06-02 19:47:22,684 - Step 00769: 1538.4087 E_h, exp. variance=10789529.0000 E_h^2, pmove=0.57
2026-06-02 19:47:23,325 - Step 00770: 1689.2063 E_h, exp. variance=9765430.0000 E_h^2, pmove=0.59
2026-06-02 19:47:23,968 - Step 00771: 776.7214 E_h, exp. variance=9023660.0000 E_h^2, pmove=0.58
2026-06-02 19:47:24,609 - Step 00772: 1105.6677 E_h, exp. variance=8235130.5000 E_h^2, pmove=0.58
2026-06-02 19:47:25,254 - Step 00773: 2134.8535 E_h, exp. variance=7411643.5000 E_h^2, pmove=0.57
2026-06-02 19:47:25,897 - Step 00774: 1283.6943 E_h, exp. variance=6733359.0000 E_h^2, pmove=0.55
2026-06-02 19:47:26,541 - Step 00775: 996.1580 E_h, exp. variance=6157332.0000 E_h^2, pmove=0.55
2026-06-02 19:47:27,183 - Step 00776: 2565.6958 E_h, exp. variance=5577741.5000 E_h^2, pmove=0.55
2026-06-02 19:47:27,825 - Step 00777: 2054.2451 E_h, exp. variance=5020279.0000 E_h^2, pmove=0.54
2026-06-02 19:47:28,471 - Step 00778: 2813.9138 E_h, exp. variance=4577689.0000 E_h^2, pmove=0.54
2026-06-02 19:47:29,112 - Step 00779: 1578.9592 E_h, exp. variance=4142741.2500 E_h^2, pmove=0.55
2026-06-02 19:47:29,754 - Step 00780: 468.2211 E_h, exp. variance=3948598.2500 E_h^2, pmove=0.54
2026-06-02 19:47:30,399 - Step 00781: 1027.1604 E_h, exp. variance=3618550.0000 E_h^2, pmove=0.54
2026-06-02 19:47:31,043 - Step 00782: 603.6714 E_h, exp. variance=3383552.2500 E_h^2, pmove=0.53
2026-06-02 19:47:31,686 - Step 00783: 2189.2952 E_h, exp. variance=3069263.5000 E_h^2, pmove=0.53
2026-06-02 19:47:32,328 - Step 00784: 258.5079 E_h, exp. variance=2955598.7500 E_h^2, pmove=0.55
2026-06-02 19:47:32,970 - Step 00785: 2482.6465 E_h, exp. variance=2733798.5000 E_h^2, pmove=0.56
2026-06-02 19:47:33,611 - Step 00786: 3857.4705 E_h, exp. variance=2891904.7500 E_h^2, pmove=0.56
2026-06-02 19:47:34,253 - Step 00787: 1612.2795 E_h, exp. variance=2609498.7500 E_h^2, pmove=0.55
2026-06-02 19:47:34,895 - Step 00788: 1156.4299 E_h, exp. variance=2393022.0000 E_h^2, pmove=0.56
2026-06-02 19:47:35,540 - Step 00789: 2185.5637 E_h, exp. variance=2167866.7500 E_h^2, pmove=0.55
2026-06-02 19:47:36,185 - Step 00790: 6916.6724 E_h, exp. variance=4280917.0000 E_h^2, pmove=0.56
2026-06-02 19:47:36,826 - Step 00791: 3083.5657 E_h, exp. variance=3902916.0000 E_h^2, pmove=0.56
2026-06-02 19:47:37,471 - Step 00792: 2538.2527 E_h, exp. variance=3514055.7500 E_h^2, pmove=0.56
2026-06-02 19:47:38,112 - Step 00793: 674.0720 E_h, exp. variance=3438487.7500 E_h^2, pmove=0.56
2026-06-02 19:47:38,754 - Step 00794: 5267.0684 E_h, exp. variance=3914056.2500 E_h^2, pmove=0.56
2026-06-02 19:47:39,402 - Step 00795: 485.0262 E_h, exp. variance=3906948.5000 E_h^2, pmove=0.55
2026-06-02 19:47:40,045 - Step 00796: 1570.7924 E_h, exp. variance=3570168.5000 E_h^2, pmove=0.55
2026-06-02 19:47:40,687 - Step 00797: 832.8928 E_h, exp. variance=3398349.5000 E_h^2, pmove=0.55
2026-06-02 19:47:41,329 - Step 00798: 795.3833 E_h, exp. variance=3217368.0000 E_h^2, pmove=0.54
2026-06-02 19:47:41,971 - Step 00799: 1247.3311 E_h, exp. variance=2945415.2500 E_h^2, pmove=0.55
2026-06-02 19:47:42,613 - Step 00800: 1439.8789 E_h, exp. variance=2671336.0000 E_h^2, pmove=0.54
2026-06-02 19:47:43,255 - Step 00801: 590.1201 E_h, exp. variance=2551405.0000 E_h^2, pmove=0.55
2026-06-02 19:47:43,900 - Step 00802: 822.0646 E_h, exp. variance=2372285.7500 E_h^2, pmove=0.55
2026-06-02 19:47:44,542 - Step 00803: 621.2286 E_h, exp. variance=2230166.7500 E_h^2, pmove=0.55
2026-06-02 19:47:45,184 - Step 00804: 9123.5000 E_h, exp. variance=7174237.5000 E_h^2, pmove=0.56
2026-06-02 19:47:45,826 - Step 00805: 550.7057 E_h, exp. variance=6733518.5000 E_h^2, pmove=0.57
2026-06-02 19:47:46,468 - Step 00806: 477.8335 E_h, exp. variance=6305475.5000 E_h^2, pmove=0.57
2026-06-02 19:47:47,110 - Step 00807: 403.1173 E_h, exp. variance=5894113.5000 E_h^2, pmove=0.58
2026-06-02 19:47:47,752 - Step 00808: 360.3621 E_h, exp. variance=5493216.0000 E_h^2, pmove=0.56
2026-06-02 19:47:48,393 - Step 00809: 2263.9263 E_h, exp. variance=4976404.5000 E_h^2, pmove=0.56
2026-06-02 19:47:49,039 - Step 00810: 931.1284 E_h, exp. variance=4535200.5000 E_h^2, pmove=0.56
2026-06-02 19:47:49,681 - Step 00811: 810.5327 E_h, exp. variance=4144173.7500 E_h^2, pmove=0.56
2026-06-02 19:47:50,324 - Step 00812: 4089.3901 E_h, exp. variance=4305335.5000 E_h^2, pmove=0.56
2026-06-02 19:47:50,967 - Step 00813: 812.2190 E_h, exp. variance=3965011.5000 E_h^2, pmove=0.56
2026-06-02 19:47:51,610 - Step 00814: 1876.2811 E_h, exp. variance=3570902.0000 E_h^2, pmove=0.57
2026-06-02 19:47:52,252 - Step 00815: 922.6776 E_h, exp. variance=3272408.2500 E_h^2, pmove=0.57
2026-06-02 19:47:52,894 - Step 00816: 2788.1113 E_h, exp. variance=3061973.7500 E_h^2, pmove=0.56
2026-06-02 19:47:53,537 - Step 00817: 349.1773 E_h, exp. variance=2935626.5000 E_h^2, pmove=0.55
2026-06-02 19:47:54,180 - Step 00818: 8738.9287 E_h, exp. variance=7201342.5000 E_h^2, pmove=0.56
2026-06-02 19:47:54,822 - Step 00819: 435.4758 E_h, exp. variance=6805326.5000 E_h^2, pmove=0.57
2026-06-02 19:47:55,465 - Step 00820: 1834.0400 E_h, exp. variance=6133408.0000 E_h^2, pmove=0.56
2026-06-02 19:47:56,107 - Step 00821: 1209.2253 E_h, exp. variance=5593495.5000 E_h^2, pmove=0.55
2026-06-02 19:47:56,749 - Step 00822: 6677.6714 E_h, exp. variance=6984791.5000 E_h^2, pmove=0.54
2026-06-02 19:47:57,391 - Step 00823: 508.3112 E_h, exp. variance=6638932.5000 E_h^2, pmove=0.54
2026-06-02 19:47:58,033 - Step 00824: 1520.1614 E_h, exp. variance=6028345.0000 E_h^2, pmove=0.53
2026-06-02 19:47:58,675 - Step 00825: 1672.7228 E_h, exp. variance=5451762.5000 E_h^2, pmove=0.53
2026-06-02 19:47:59,318 - Step 00826: 346.3554 E_h, exp. variance=5202231.0000 E_h^2, pmove=0.52
2026-06-02 19:47:59,960 - Step 00827: 912.0966 E_h, exp. variance=4784176.0000 E_h^2, pmove=0.52
2026-06-02 19:48:00,603 - Step 00828: 2763.0901 E_h, exp. variance=4377381.0000 E_h^2, pmove=0.53
2026-06-02 19:48:01,247 - Step 00829: 3975.4526 E_h, exp. variance=4305149.0000 E_h^2, pmove=0.53
2026-06-02 19:48:01,889 - Step 00830: 858.4252 E_h, exp. variance=4027510.7500 E_h^2, pmove=0.54
2026-06-02 19:48:02,531 - Step 00831: 2018.6121 E_h, exp. variance=3624774.2500 E_h^2, pmove=0.53
2026-06-02 19:48:03,173 - Step 00832: 797.0633 E_h, exp. variance=3399137.2500 E_h^2, pmove=0.52
2026-06-02 19:48:03,815 - Step 00833: 1662.6541 E_h, exp. variance=3064589.0000 E_h^2, pmove=0.52
2026-06-02 19:48:04,458 - Step 00834: 1517.3610 E_h, exp. variance=2770123.2500 E_h^2, pmove=0.52
2026-06-02 19:48:05,104 - Step 00835: 639.9193 E_h, exp. variance=2624006.2500 E_h^2, pmove=0.52
2026-06-02 19:48:05,748 - Step 00836: 1887.4661 E_h, exp. variance=2363972.2500 E_h^2, pmove=0.52
2026-06-02 19:48:06,391 - Step 00837: 630.2845 E_h, exp. variance=2238710.7500 E_h^2, pmove=0.52
2026-06-02 19:48:07,032 - Step 00838: 199.8763 E_h, exp. variance=2199014.2500 E_h^2, pmove=0.53
2026-06-02 19:48:07,689 - Step 00839: 282.0366 E_h, exp. variance=2109861.5000 E_h^2, pmove=0.53
2026-06-02 19:48:08,332 - Step 00840: 345.9890 E_h, exp. variance=1992662.7500 E_h^2, pmove=0.53
2026-06-02 19:48:08,975 - Step 00841: 9807.2598 E_h, exp. variance=8361128.5000 E_h^2, pmove=0.53
2026-06-02 19:48:09,617 - Step 00842: 4370.3789 E_h, exp. variance=7981206.0000 E_h^2, pmove=0.54
2026-06-02 19:48:10,262 - Step 00843: 245.0076 E_h, exp. variance=7579651.5000 E_h^2, pmove=0.53
2026-06-02 19:48:10,905 - Step 00844: 820.6420 E_h, exp. variance=6976978.0000 E_h^2, pmove=0.53
2026-06-02 19:48:11,547 - Step 00845: 1921.0613 E_h, exp. variance=6279882.0000 E_h^2, pmove=0.53
2026-06-02 19:48:12,190 - Step 00846: 514.7390 E_h, exp. variance=5849012.5000 E_h^2, pmove=0.54
2026-06-02 19:48:12,833 - Step 00847: 2204.3860 E_h, exp. variance=5275626.5000 E_h^2, pmove=0.53
2026-06-02 19:48:13,475 - Step 00848: 371.0425 E_h, exp. variance=4953656.0000 E_h^2, pmove=0.53
2026-06-02 19:48:14,119 - Step 00849: 325.8017 E_h, exp. variance=4636081.0000 E_h^2, pmove=0.52
2026-06-02 19:48:14,762 - Step 00850: 206.4502 E_h, exp. variance=4344941.0000 E_h^2, pmove=0.52
2026-06-02 19:48:15,405 - Step 00851: 764.4186 E_h, exp. variance=3953036.5000 E_h^2, pmove=0.53
2026-06-02 19:48:16,048 - Step 00852: 2607.3438 E_h, exp. variance=3692525.7500 E_h^2, pmove=0.51
2026-06-02 19:48:16,692 - Step 00853: 313.6723 E_h, exp. variance=3451203.7500 E_h^2, pmove=0.52
2026-06-02 19:48:17,335 - Step 00854: 1024.1582 E_h, exp. variance=3117912.2500 E_h^2, pmove=0.51
2026-06-02 19:48:17,978 - Step 00855: 1296.5492 E_h, exp. variance=2806382.5000 E_h^2, pmove=0.50
2026-06-02 19:48:18,623 - Step 00856: 10468.7939 E_h, exp. variance=10017585.0000 E_h^2, pmove=0.50
2026-06-02 19:48:19,271 - Step 00857: 600.2622 E_h, exp. variance=9262983.0000 E_h^2, pmove=0.49
2026-06-02 19:48:19,914 - Step 00858: 926.6855 E_h, exp. variance=8458840.0000 E_h^2, pmove=0.50
2026-06-02 19:48:20,557 - Step 00859: 507.9871 E_h, exp. variance=7806701.5000 E_h^2, pmove=0.50
2026-06-02 19:48:21,199 - Step 00860: 375.7281 E_h, exp. variance=7215976.0000 E_h^2, pmove=0.49
2026-06-02 19:48:21,843 - Step 00861: 388.5712 E_h, exp. variance=6645226.0000 E_h^2, pmove=0.48
2026-06-02 19:48:22,485 - Step 00862: 538.8197 E_h, exp. variance=6073410.0000 E_h^2, pmove=0.48
2026-06-02 19:48:23,131 - Step 00863: 481.3980 E_h, exp. variance=5550899.5000 E_h^2, pmove=0.48
2026-06-02 19:48:23,775 - Step 00864: 9885.7695 E_h, exp. variance=11545214.0000 E_h^2, pmove=0.46
2026-06-02 19:48:24,418 - Step 00865: 1614.4479 E_h, exp. variance=10422424.0000 E_h^2, pmove=0.47
2026-06-02 19:48:25,060 - Step 00866: 369.9265 E_h, exp. variance=9664993.0000 E_h^2, pmove=0.46
2026-06-02 19:48:25,704 - Step 00867: 355.0112 E_h, exp. variance=8933509.0000 E_h^2, pmove=0.46
2026-06-02 19:48:26,346 - Step 00868: 1749.6091 E_h, exp. variance=8040479.0000 E_h^2, pmove=0.47
2026-06-02 19:48:26,990 - Step 00869: 5640.6426 E_h, exp. variance=8561639.0000 E_h^2, pmove=0.45
2026-06-02 19:48:27,639 - Step 00870: 9620.4795 E_h, exp. variance=12678419.0000 E_h^2, pmove=0.46
2026-06-02 19:48:28,283 - Step 00871: 365.1713 E_h, exp. variance=12002835.0000 E_h^2, pmove=0.45
2026-06-02 19:48:28,926 - Step 00872: 786.7279 E_h, exp. variance=11123086.0000 E_h^2, pmove=0.44
2026-06-02 19:48:29,569 - Step 00873: 1201.0045 E_h, exp. variance=10159202.0000 E_h^2, pmove=0.46
2026-06-02 19:48:30,211 - Step 00874: 857.4871 E_h, exp. variance=9345592.0000 E_h^2, pmove=0.45
2026-06-02 19:48:30,853 - Step 00875: 1586.4694 E_h, exp. variance=8445672.0000 E_h^2, pmove=0.45
2026-06-02 19:48:31,498 - Step 00876: 2665.5027 E_h, exp. variance=7625505.5000 E_h^2, pmove=0.46
2026-06-02 19:48:32,150 - Step 00877: 635.4444 E_h, exp. variance=7082383.0000 E_h^2, pmove=0.46
2026-06-02 19:48:32,792 - Step 00878: 357.3289 E_h, exp. variance=6629193.0000 E_h^2, pmove=0.46
2026-06-02 19:48:33,435 - Step 00879: 2452.0051 E_h, exp. variance=5996508.5000 E_h^2, pmove=0.46
2026-06-02 19:48:34,077 - Step 00880: 2047.6725 E_h, exp. variance=5398096.0000 E_h^2, pmove=0.45
2026-06-02 19:48:34,719 - Step 00881: 792.1036 E_h, exp. variance=4977308.5000 E_h^2, pmove=0.45
2026-06-02 19:48:35,364 - Step 00882: 317.9930 E_h, exp. variance=4684541.5000 E_h^2, pmove=0.45
2026-06-02 19:48:36,007 - Step 00883: 2330.3823 E_h, exp. variance=4254605.5000 E_h^2, pmove=0.44
2026-06-02 19:48:36,650 - Step 00884: 606.2340 E_h, exp. variance=3945160.2500 E_h^2, pmove=0.44
2026-06-02 19:48:37,291 - Step 00885: 615.3076 E_h, exp. variance=3642955.0000 E_h^2, pmove=0.43
2026-06-02 19:48:37,934 - Step 00886: 695.6731 E_h, exp. variance=3340827.2500 E_h^2, pmove=0.44
2026-06-02 19:48:38,576 - Step 00887: 810.0781 E_h, exp. variance=3042874.7500 E_h^2, pmove=0.43
2026-06-02 19:48:39,218 - Step 00888: 2251.3979 E_h, exp. variance=2806877.5000 E_h^2, pmove=0.43
2026-06-02 19:48:39,870 - Step 00889: 446.0292 E_h, exp. variance=2620082.2500 E_h^2, pmove=0.43
2026-06-02 19:48:40,513 - Step 00890: 711.8445 E_h, exp. variance=2396502.5000 E_h^2, pmove=0.42
2026-06-02 19:48:41,155 - Step 00891: 1188.7046 E_h, exp. variance=2157966.0000 E_h^2, pmove=0.43
2026-06-02 19:48:41,798 - Step 00892: 291.7502 E_h, exp. variance=2031642.3750 E_h^2, pmove=0.42
2026-06-02 19:48:42,441 - Step 00893: 335.0345 E_h, exp. variance=1894128.2500 E_h^2, pmove=0.43
2026-06-02 19:48:43,092 - Step 00894: 1645.7163 E_h, exp. variance=1731155.3750 E_h^2, pmove=0.42
2026-06-02 19:48:43,738 - Step 00895: 253.7673 E_h, exp. variance=1631611.6250 E_h^2, pmove=0.42
2026-06-02 19:48:44,381 - Step 00896: 541.3370 E_h, exp. variance=1493365.8750 E_h^2, pmove=0.43
2026-06-02 19:48:45,025 - Step 00897: 357.8282 E_h, exp. variance=1382883.2500 E_h^2, pmove=0.43
2026-06-02 19:48:45,668 - Step 00898: 388.8140 E_h, exp. variance=1272854.8750 E_h^2, pmove=0.44
2026-06-02 19:48:46,311 - Step 00899: 336.1880 E_h, exp. variance=1173486.5000 E_h^2, pmove=0.45
2026-06-02 19:48:46,953 - Step 00900: 529.5693 E_h, exp. variance=1064668.5000 E_h^2, pmove=0.45
2026-06-02 19:48:47,599 - Step 00901: 196.3184 E_h, exp. variance=991727.4375 E_h^2, pmove=0.45
2026-06-02 19:48:48,246 - Step 00902: 273.4426 E_h, exp. variance=912620.3125 E_h^2, pmove=0.45
2026-06-02 19:48:48,889 - Step 00903: 1210.8534 E_h, exp. variance=844992.8125 E_h^2, pmove=0.46
2026-06-02 19:48:49,531 - Step 00904: 225.6883 E_h, exp. variance=785201.5000 E_h^2, pmove=0.45
2026-06-02 19:48:50,175 - Step 00905: 530.2302 E_h, exp. variance=709192.0000 E_h^2, pmove=0.47
2026-06-02 19:48:50,818 - Step 00906: 252.5519 E_h, exp. variance=654759.1250 E_h^2, pmove=0.47
2026-06-02 19:48:51,461 - Step 00907: 277.1693 E_h, exp. variance=600984.8125 E_h^2, pmove=0.46
2026-06-02 19:48:52,116 - Step 00908: 398.7689 E_h, exp. variance=544592.3125 E_h^2, pmove=0.46
2026-06-02 19:48:52,759 - Step 00909: 261.9297 E_h, exp. variance=499318.5312 E_h^2, pmove=0.45
2026-06-02 19:48:53,402 - Step 00910: 989.9109 E_h, exp. variance=466847.0000 E_h^2, pmove=0.46
2026-06-02 19:48:54,046 - Step 00911: 198.3106 E_h, exp. variance=434217.8750 E_h^2, pmove=0.46
2026-06-02 19:48:54,689 - Step 00912: 194.5363 E_h, exp. variance=402424.0312 E_h^2, pmove=0.46
2026-06-02 19:48:55,332 - Step 00913: 11772.7773 E_h, exp. variance=11762411.0000 E_h^2, pmove=0.45
2026-06-02 19:48:55,979 - Step 00914: 7684.2734 E_h, exp. variance=13870344.0000 E_h^2, pmove=0.45
2026-06-02 19:48:56,625 - Step 00915: 291.8503 E_h, exp. variance=12827550.0000 E_h^2, pmove=0.47
2026-06-02 19:48:57,269 - Step 00916: 612.5612 E_h, exp. variance=11731276.0000 E_h^2, pmove=0.46
2026-06-02 19:48:57,912 - Step 00917: 295.5428 E_h, exp. variance=10792170.0000 E_h^2, pmove=0.46
2026-06-02 19:48:58,555 - Step 00918: 5818.8169 E_h, exp. variance=11205261.0000 E_h^2, pmove=0.45
2026-06-02 19:48:59,199 - Step 00919: 268.3706 E_h, exp. variance=10404743.0000 E_h^2, pmove=0.45
2026-06-02 19:48:59,841 - Step 00920: 560.9796 E_h, exp. variance=9541797.0000 E_h^2, pmove=0.45
2026-06-02 19:49:00,495 - Step 00921: 689.8655 E_h, exp. variance=8703586.0000 E_h^2, pmove=0.45
2026-06-02 19:49:01,138 - Step 00922: 211.7391 E_h, exp. variance=8035659.5000 E_h^2, pmove=0.45
2026-06-02 19:49:01,780 - Step 00923: 321.3092 E_h, exp. variance=7370523.5000 E_h^2, pmove=0.44
2026-06-02 19:49:02,424 - Step 00924: 2957.7422 E_h, exp. variance=6841475.0000 E_h^2, pmove=0.45
2026-06-02 19:49:03,067 - Step 00925: 373.1049 E_h, exp. variance=6290496.5000 E_h^2, pmove=0.45
2026-06-02 19:49:03,708 - Step 00926: 367.0638 E_h, exp. variance=5770508.0000 E_h^2, pmove=0.43
2026-06-02 19:49:04,352 - Step 00927: 7539.6826 E_h, exp. variance=8632872.0000 E_h^2, pmove=0.43
2026-06-02 19:49:04,996 - Step 00928: 267.1354 E_h, exp. variance=8032400.0000 E_h^2, pmove=0.43
2026-06-02 19:49:05,642 - Step 00929: 229.7272 E_h, exp. variance=7452522.0000 E_h^2, pmove=0.43
2026-06-02 19:49:06,286 - Step 00930: 488.3024 E_h, exp. variance=6828219.5000 E_h^2, pmove=0.43
2026-06-02 19:49:06,929 - Step 00931: 1841.9216 E_h, exp. variance=6154062.0000 E_h^2, pmove=0.43
2026-06-02 19:49:07,572 - Step 00932: 411.4954 E_h, exp. variance=5657923.0000 E_h^2, pmove=0.42
2026-06-02 19:49:08,214 - Step 00933: 695.6512 E_h, exp. variance=5143012.0000 E_h^2, pmove=0.41
2026-06-02 19:49:08,857 - Step 00934: 1777.0175 E_h, exp. variance=4643448.0000 E_h^2, pmove=0.41
2026-06-02 19:49:09,500 - Step 00935: 349.4662 E_h, exp. variance=4280869.0000 E_h^2, pmove=0.41
2026-06-02 19:49:10,143 - Step 00936: 406.0973 E_h, exp. variance=3925745.5000 E_h^2, pmove=0.41
2026-06-02 19:49:10,786 - Step 00937: 232.6417 E_h, exp. variance=3620279.7500 E_h^2, pmove=0.41
2026-06-02 19:49:11,428 - Step 00938: 1762.8126 E_h, exp. variance=3295664.2500 E_h^2, pmove=0.40
2026-06-02 19:49:12,071 - Step 00939: 284.0572 E_h, exp. variance=3038752.7500 E_h^2, pmove=0.40
2026-06-02 19:49:12,714 - Step 00940: 202.7668 E_h, exp. variance=2806154.7500 E_h^2, pmove=0.40
2026-06-02 19:49:13,358 - Step 00941: 1632.2448 E_h, exp. variance=2561095.2500 E_h^2, pmove=0.41
2026-06-02 19:49:14,001 - Step 00942: 490.7005 E_h, exp. variance=2334830.5000 E_h^2, pmove=0.40
2026-06-02 19:49:14,643 - Step 00943: 526.6347 E_h, exp. variance=2122285.7500 E_h^2, pmove=0.40
2026-06-02 19:49:15,285 - Step 00944: 299.9172 E_h, exp. variance=1949358.5000 E_h^2, pmove=0.39
2026-06-02 19:49:15,927 - Step 00945: 202.2811 E_h, exp. variance=1797566.8750 E_h^2, pmove=0.39
2026-06-02 19:49:15,928 - Saving checkpoint results/bilayer-bosons/BosonNet/N24_layers12_12_rs3.0_d2.0_D20.0_sq/qmcjax_ckpt_000945.npz
2026-06-02 19:49:16,728 - Step 00946: 503.9987 E_h, exp. variance=1627108.0000 E_h^2, pmove=0.39
2026-06-02 19:49:17,370 - Step 00947: 158.1186 E_h, exp. variance=1500705.3750 E_h^2, pmove=0.40
2026-06-02 19:49:18,012 - Step 00948: 224.8012 E_h, exp. variance=1373583.3750 E_h^2, pmove=0.39
2026-06-02 19:49:18,654 - Step 00949: 187.5795 E_h, exp. variance=1257982.8750 E_h^2, pmove=0.39
2026-06-02 19:49:19,297 - Step 00950: 352.6267 E_h, exp. variance=1139113.5000 E_h^2, pmove=0.39
2026-06-02 19:49:19,941 - Step 00951: 578.4103 E_h, exp. variance=1025253.6250 E_h^2, pmove=0.39
2026-06-02 19:49:20,584 - Step 00952: 518.8947 E_h, exp. variance=923319.6250 E_h^2, pmove=0.39
2026-06-02 19:49:21,227 - Step 00953: 508.9222 E_h, exp. variance=831606.5625 E_h^2, pmove=0.39
2026-06-02 19:49:21,870 - Step 00954: 500.9777 E_h, exp. variance=749059.6250 E_h^2, pmove=0.39
2026-06-02 19:49:22,513 - Step 00955: 3247.9990 E_h, exp. variance=1317053.2500 E_h^2, pmove=0.38
2026-06-02 19:49:23,156 - Step 00956: 286.0585 E_h, exp. variance=1213221.2500 E_h^2, pmove=0.39
2026-06-02 19:49:23,798 - Step 00957: 109.6033 E_h, exp. variance=1133187.0000 E_h^2, pmove=0.37
2026-06-02 19:49:24,440 - Step 00958: 294.6311 E_h, exp. variance=1036090.5625 E_h^2, pmove=0.37
2026-06-02 19:49:25,084 - Step 00959: 5226.4126 E_h, exp. variance=2795446.2500 E_h^2, pmove=0.37
2026-06-02 19:49:25,727 - Step 00960: 262.8640 E_h, exp. variance=2583840.2500 E_h^2, pmove=0.37
2026-06-02 19:49:26,371 - Step 00961: 488.5667 E_h, exp. variance=2353303.2500 E_h^2, pmove=0.38
2026-06-02 19:49:27,014 - Step 00962: 670.7511 E_h, exp. variance=2127099.0000 E_h^2, pmove=0.37
2026-06-02 19:49:27,657 - Step 00963: 292.0335 E_h, exp. variance=1954226.8750 E_h^2, pmove=0.38
2026-06-02 19:49:28,300 - Step 00964: 357.8417 E_h, exp. variance=1784369.6250 E_h^2, pmove=0.38
2026-06-02 19:49:28,944 - Step 00965: 327.7387 E_h, exp. variance=1629321.3750 E_h^2, pmove=0.38
2026-06-02 19:49:29,588 - Step 00966: 389.7645 E_h, exp. variance=1480558.0000 E_h^2, pmove=0.38
2026-06-02 19:49:30,230 - Step 00967: 241.4030 E_h, exp. variance=1355496.1250 E_h^2, pmove=0.38
2026-06-02 19:49:30,873 - Step 00968: 1553.4148 E_h, exp. variance=1286062.0000 E_h^2, pmove=0.38
2026-06-02 19:49:31,516 - Step 00969: 279.7607 E_h, exp. variance=1180160.1250 E_h^2, pmove=0.38
2026-06-02 19:49:32,160 - Step 00970: 691.2753 E_h, exp. variance=1062291.8750 E_h^2, pmove=0.37
2026-06-02 19:49:32,803 - Step 00971: 500.8188 E_h, exp. variance=960697.3125 E_h^2, pmove=0.37
2026-06-02 19:49:33,454 - Step 00972: 807.3752 E_h, exp. variance=865569.8125 E_h^2, pmove=0.38
2026-06-02 19:49:34,097 - Step 00973: 240.5827 E_h, exp. variance=799293.7500 E_h^2, pmove=0.38
2026-06-02 19:49:34,740 - Step 00974: 338.5518 E_h, exp. variance=729121.6875 E_h^2, pmove=0.38
2026-06-02 19:49:35,384 - Step 00975: 201.7555 E_h, exp. variance=673093.9375 E_h^2, pmove=0.38
2026-06-02 19:49:36,028 - Step 00976: 185.8097 E_h, exp. variance=620602.6875 E_h^2, pmove=0.39
2026-06-02 19:49:36,671 - Step 00977: 3200.3135 E_h, exp. variance=1190240.1250 E_h^2, pmove=0.39
2026-06-02 19:49:37,315 - Step 00978: 305.9357 E_h, exp. variance=1094624.6250 E_h^2, pmove=0.39
2026-06-02 19:49:37,959 - Step 00979: 590.9635 E_h, exp. variance=987886.0000 E_h^2, pmove=0.38
2026-06-02 19:49:38,601 - Step 00980: 1079.6562 E_h, exp. variance=899024.8125 E_h^2, pmove=0.38
2026-06-02 19:49:39,245 - Step 00981: 659.2144 E_h, exp. variance=810451.6250 E_h^2, pmove=0.38
2026-06-02 19:49:39,888 - Step 00982: 149.3557 E_h, exp. variance=763917.4375 E_h^2, pmove=0.38
2026-06-02 19:49:40,534 - Step 00983: 351.3256 E_h, exp. variance=698889.9375 E_h^2, pmove=0.38
2026-06-02 19:49:41,180 - Step 00984: 140.7960 E_h, exp. variance=654314.3125 E_h^2, pmove=0.37
2026-06-02 19:49:41,823 - Step 00985: 211.6633 E_h, exp. variance=603750.1250 E_h^2, pmove=0.37
2026-06-02 19:49:42,466 - Step 00986: 219.9171 E_h, exp. variance=554880.2500 E_h^2, pmove=0.37
2026-06-02 19:49:43,110 - Step 00987: 175.9726 E_h, exp. variance=511430.5625 E_h^2, pmove=0.38
2026-06-02 19:49:43,753 - Step 00988: 1412.7952 E_h, exp. variance=534434.4375 E_h^2, pmove=0.38
2026-06-02 19:49:44,396 - Step 00989: 689.2769 E_h, exp. variance=481775.7812 E_h^2, pmove=0.38
2026-06-02 19:49:45,039 - Step 00990: 2019.8645 E_h, exp. variance=613704.0625 E_h^2, pmove=0.37
2026-06-02 19:49:45,685 - Step 00991: 1971.3550 E_h, exp. variance=687314.2500 E_h^2, pmove=0.38
2026-06-02 19:49:46,328 - Step 00992: 238.6158 E_h, exp. variance=654365.9375 E_h^2, pmove=0.38
2026-06-02 19:49:46,971 - Step 00993: 158.6466 E_h, exp. variance=626658.0000 E_h^2, pmove=0.38
2026-06-02 19:49:47,623 - Step 00994: 236.7003 E_h, exp. variance=586913.7500 E_h^2, pmove=0.38
2026-06-02 19:49:48,267 - Step 00995: 2230.4348 E_h, exp. variance=741538.4375 E_h^2, pmove=0.39
2026-06-02 19:49:48,909 - Step 00996: 163.3580 E_h, exp. variance=709183.4375 E_h^2, pmove=0.39
2026-06-02 19:49:49,562 - Step 00997: 138.1309 E_h, exp. variance=674964.5625 E_h^2, pmove=0.38
2026-06-02 19:49:50,207 - Step 00998: 1143.3530 E_h, exp. variance=624148.5000 E_h^2, pmove=0.37
2026-06-02 19:49:50,851 - Step 00999: 109.9771 E_h, exp. variance=599282.5625 E_h^2, pmove=0.38
2026-06-02 19:49:51,494 - Step 01000: 849.5413 E_h, exp. variance=541607.8125 E_h^2, pmove=0.38
2026-06-02 19:49:52,139 - Step 01001: 187.9870 E_h, exp. variance=511702.5938 E_h^2, pmove=0.39
2026-06-02 19:49:52,783 - Step 01002: 135.6920 E_h, exp. variance=484823.5312 E_h^2, pmove=0.40
2026-06-02 19:49:53,429 - Step 01003: 173.3406 E_h, exp. variance=452975.9688 E_h^2, pmove=0.40
2026-06-02 19:49:54,073 - Step 01004: 465.4157 E_h, exp. variance=408488.0938 E_h^2, pmove=0.41
2026-06-02 19:49:54,717 - Step 01005: 128.2906 E_h, exp. variance=383704.3125 E_h^2, pmove=0.40
2026-06-02 19:49:55,361 - Step 01006: 310.9193 E_h, exp. variance=348848.5000 E_h^2, pmove=0.40
2026-06-02 19:49:56,004 - Step 01007: 6378.8438 E_h, exp. variance=3436328.2500 E_h^2, pmove=0.40
2026-06-02 19:49:56,648 - Step 01008: 331.8962 E_h, exp. variance=3142766.2500 E_h^2, pmove=0.40
2026-06-02 19:49:57,291 - Step 01009: 2710.5676 E_h, exp. variance=3090851.5000 E_h^2, pmove=0.40
2026-06-02 19:49:57,938 - Step 01010: 3200.7266 E_h, exp. variance=3151478.0000 E_h^2, pmove=0.40
2026-06-02 19:49:58,585 - Step 01011: 2313.7417 E_h, exp. variance=2915369.7500 E_h^2, pmove=0.40
2026-06-02 19:49:59,230 - Step 01012: 99.9378 E_h, exp. variance=2792848.5000 E_h^2, pmove=0.41
2026-06-02 19:49:59,873 - Step 01013: 593.3306 E_h, exp. variance=2562841.2500 E_h^2, pmove=0.40
2026-06-02 19:50:00,518 - Step 01014: 218.2166 E_h, exp. variance=2404101.7500 E_h^2, pmove=0.40
2026-06-02 19:50:01,162 - Step 01015: 143.0490 E_h, exp. variance=2255888.7500 E_h^2, pmove=0.40
2026-06-02 19:50:01,808 - Step 01016: 1087.3914 E_h, exp. variance=2030400.3750 E_h^2, pmove=0.40
2026-06-02 19:50:02,452 - Step 01017: 354.8235 E_h, exp. variance=1871774.1250 E_h^2, pmove=0.40
2026-06-02 19:50:03,096 - Step 01018: 424.7820 E_h, exp. variance=1713051.0000 E_h^2, pmove=0.39
2026-06-02 19:50:03,740 - Step 01019: 203.3882 E_h, exp. variance=1589371.8750 E_h^2, pmove=0.39
2026-06-02 19:50:04,383 - Step 01020: 174.3305 E_h, exp. variance=1472512.0000 E_h^2, pmove=0.38
2026-06-02 19:50:05,027 - Step 01021: 311.3256 E_h, exp. variance=1345857.7500 E_h^2, pmove=0.38
2026-06-02 19:50:05,671 - Step 01022: 593.1149 E_h, exp. variance=1213263.6250 E_h^2, pmove=0.39
2026-06-02 19:50:06,317 - Step 01023: 1434.4695 E_h, exp. variance=1136983.6250 E_h^2, pmove=0.39
2026-06-02 19:50:06,962 - Step 01024: 225.7695 E_h, exp. variance=1052729.2500 E_h^2, pmove=0.38
2026-06-02 19:50:07,606 - Step 01025: 263.4898 E_h, exp. variance=967938.9375 E_h^2, pmove=0.39
2026-06-02 19:50:08,249 - Step 01026: 2442.0940 E_h, exp. variance=1146534.3750 E_h^2, pmove=0.39
2026-06-02 19:50:08,893 - Step 01027: 1986.9150 E_h, exp. variance=1144605.1250 E_h^2, pmove=0.38
2026-06-02 19:50:09,538 - Step 01028: 312.4764 E_h, exp. variance=1070209.3750 E_h^2, pmove=0.38
2026-06-02 19:50:10,185 - Step 01029: 193.4156 E_h, exp. variance=1009785.5625 E_h^2, pmove=0.39
2026-06-02 19:50:10,830 - Step 01030: 299.9655 E_h, exp. variance=935152.3125 E_h^2, pmove=0.39
2026-06-02 19:50:11,477 - Step 01031: 145.0767 E_h, exp. variance=878711.6875 E_h^2, pmove=0.38
2026-06-02 19:50:12,121 - Step 01032: 1716.2413 E_h, exp. variance=879678.0625 E_h^2, pmove=0.38
2026-06-02 19:50:12,766 - Step 01033: 517.0330 E_h, exp. variance=800084.6250 E_h^2, pmove=0.38
2026-06-02 19:50:13,411 - Step 01034: 134.7639 E_h, exp. variance=758901.4375 E_h^2, pmove=0.39
2026-06-02 19:50:14,063 - Step 01035: 626.0163 E_h, exp. variance=683909.0000 E_h^2, pmove=0.38
2026-06-02 19:50:14,708 - Step 01036: 1813.8198 E_h, exp. variance=724006.4375 E_h^2, pmove=0.37
2026-06-02 19:50:15,352 - Step 01037: 271.9568 E_h, exp. variance=679201.8750 E_h^2, pmove=0.37
2026-06-02 19:50:15,998 - Step 01038: 644.6493 E_h, exp. variance=612703.0625 E_h^2, pmove=0.38
2026-06-02 19:50:16,642 - Step 01039: 3600.1106 E_h, exp. variance=1278542.8750 E_h^2, pmove=0.37
2026-06-02 19:50:17,286 - Step 01040: 331.8601 E_h, exp. variance=1196073.8750 E_h^2, pmove=0.38
2026-06-02 19:50:17,930 - Step 01041: 7920.4111 E_h, exp. variance=5422986.0000 E_h^2, pmove=0.39
2026-06-02 19:50:18,581 - Step 01042: 299.0190 E_h, exp. variance=5048844.5000 E_h^2, pmove=0.38
2026-06-02 19:50:19,226 - Step 01043: 326.5016 E_h, exp. variance=4674150.0000 E_h^2, pmove=0.38
2026-06-02 19:50:19,871 - Step 01044: 92.1230 E_h, exp. variance=4362799.5000 E_h^2, pmove=0.39
2026-06-02 19:50:20,515 - Step 01045: 157.4200 E_h, exp. variance=4039385.7500 E_h^2, pmove=0.38
2026-06-02 19:50:21,160 - Step 01046: 245.5425 E_h, exp. variance=3711580.7500 E_h^2, pmove=0.37
2026-06-02 19:50:21,805 - Step 01047: 277.6105 E_h, exp. variance=3397405.5000 E_h^2, pmove=0.38
2026-06-02 19:50:22,451 - Step 01048: 221.1000 E_h, exp. variance=3111392.7500 E_h^2, pmove=0.37
2026-06-02 19:50:23,096 - Step 01049: 404.1534 E_h, exp. variance=2823876.5000 E_h^2, pmove=0.37
2026-06-02 19:50:23,741 - Step 01050: 1640.0931 E_h, exp. variance=2595523.7500 E_h^2, pmove=0.37
2026-06-02 19:50:24,385 - Step 01051: 152.3790 E_h, exp. variance=2392190.2500 E_h^2, pmove=0.38
2026-06-02 19:50:25,029 - Step 01052: 271.8281 E_h, exp. variance=2184498.7500 E_h^2, pmove=0.37
2026-06-02 19:50:25,674 - Step 01053: 217.4140 E_h, exp. variance=1997070.0000 E_h^2, pmove=0.37
2026-06-02 19:50:26,321 - Step 01054: 122.2965 E_h, exp. variance=1832351.0000 E_h^2, pmove=0.37
2026-06-02 19:50:26,965 - Step 01055: 381.1129 E_h, exp. variance=1657342.5000 E_h^2, pmove=0.37
2026-06-02 19:50:27,610 - Step 01056: 2254.6523 E_h, exp. variance=1722422.2500 E_h^2, pmove=0.36
2026-06-02 19:50:28,255 - Step 01057: 206.3356 E_h, exp. variance=1583343.0000 E_h^2, pmove=0.36
2026-06-02 19:50:28,899 - Step 01058: 435.8985 E_h, exp. variance=1434038.8750 E_h^2, pmove=0.36
2026-06-02 19:50:29,544 - Step 01059: 1313.3042 E_h, exp. variance=1322211.1250 E_h^2, pmove=0.37
2026-06-02 19:50:30,189 - Step 01060: 197.9997 E_h, exp. variance=1220497.5000 E_h^2, pmove=0.37
2026-06-02 19:50:30,835 - Step 01061: 442.2543 E_h, exp. variance=1105490.5000 E_h^2, pmove=0.37
2026-06-02 19:50:31,481 - Step 01062: 145.5059 E_h, exp. variance=1022019.3750 E_h^2, pmove=0.37
2026-06-02 19:50:32,125 - Step 01063: 1159.8151 E_h, exp. variance=944214.1875 E_h^2, pmove=0.37
2026-06-02 19:50:32,770 - Step 01064: 185.1387 E_h, exp. variance=872844.4375 E_h^2, pmove=0.37
2026-06-02 19:50:33,415 - Step 01065: 462.4075 E_h, exp. variance=788418.4375 E_h^2, pmove=0.36
2026-06-02 19:50:34,061 - Step 01066: 173.2908 E_h, exp. variance=727761.9375 E_h^2, pmove=0.36
2026-06-02 19:50:34,706 - Step 01067: 285.0472 E_h, exp. variance=662701.6875 E_h^2, pmove=0.36
2026-06-02 19:50:35,350 - Step 01068: 122.7849 E_h, exp. variance=612747.8125 E_h^2, pmove=0.36
2026-06-02 19:50:35,996 - Step 01069: 295.3392 E_h, exp. variance=555466.6875 E_h^2, pmove=0.36
2026-06-02 19:50:36,640 - Step 01070: 406.7045 E_h, exp. variance=500470.6875 E_h^2, pmove=0.35
2026-06-02 19:50:37,284 - Step 01071: 138.1422 E_h, exp. variance=460764.1562 E_h^2, pmove=0.36
2026-06-02 19:50:37,930 - Step 01072: 179.2524 E_h, exp. variance=420958.2500 E_h^2, pmove=0.35
2026-06-02 19:50:38,574 - Step 01073: 227.9096 E_h, exp. variance=382073.9688 E_h^2, pmove=0.35
2026-06-02 19:50:39,220 - Step 01074: 1284.2871 E_h, exp. variance=414574.4688 E_h^2, pmove=0.35
2026-06-02 19:50:39,865 - Step 01075: 101.4525 E_h, exp. variance=386464.5938 E_h^2, pmove=0.35
2026-06-02 19:50:40,511 - Step 01076: 721.3420 E_h, exp. variance=354540.1875 E_h^2, pmove=0.35
2026-06-02 19:50:41,156 - Step 01077: 101.9477 E_h, exp. variance=331636.6250 E_h^2, pmove=0.34
2026-06-02 19:50:41,802 - Step 01078: 8363.5977 E_h, exp. variance=5951782.5000 E_h^2, pmove=0.35
2026-06-02 19:50:42,448 - Step 01079: 318.4785 E_h, exp. variance=5431479.5000 E_h^2, pmove=0.34
2026-06-02 19:50:43,094 - Step 01080: 140.0071 E_h, exp. variance=4978218.5000 E_h^2, pmove=0.34
2026-06-02 19:50:43,739 - Step 01081: 134.1584 E_h, exp. variance=4554155.0000 E_h^2, pmove=0.35
2026-06-02 19:50:44,385 - Step 01082: 488.2697 E_h, exp. variance=4117837.0000 E_h^2, pmove=0.35
2026-06-02 19:50:45,030 - Step 01083: 151.1617 E_h, exp. variance=3756906.2500 E_h^2, pmove=0.35
2026-06-02 19:50:45,681 - Step 01084: 102.0396 E_h, exp. variance=3428605.5000 E_h^2, pmove=0.35
2026-06-02 19:50:46,326 - Step 01085: 406.0800 E_h, exp. variance=3096709.2500 E_h^2, pmove=0.34
2026-06-02 19:50:46,973 - Step 01086: 176.1544 E_h, exp. variance=2813678.2500 E_h^2, pmove=0.34
2026-06-02 19:50:47,620 - Step 01087: 149.3878 E_h, exp. variance=2556312.5000 E_h^2, pmove=0.34
2026-06-02 19:50:48,265 - Step 01088: 390.3999 E_h, exp. variance=2305187.5000 E_h^2, pmove=0.33
2026-06-02 19:50:48,909 - Step 01089: 287.7162 E_h, exp. variance=2082990.1250 E_h^2, pmove=0.33
2026-06-02 19:50:49,555 - Step 01090: 209.3107 E_h, exp. variance=1885846.8750 E_h^2, pmove=0.33
2026-06-02 19:50:50,200 - Step 01091: 1830.4725 E_h, exp. variance=1850369.6250 E_h^2, pmove=0.33
2026-06-02 19:50:50,847 - Step 01092: 168.3640 E_h, exp. variance=1686786.7500 E_h^2, pmove=0.33
2026-06-02 19:50:51,491 - Step 01093: 594.4087 E_h, exp. variance=1518124.1250 E_h^2, pmove=0.33
2026-06-02 19:50:52,136 - Step 01094: 471.0741 E_h, exp. variance=1367960.8750 E_h^2, pmove=0.33
2026-06-02 19:50:52,780 - Step 01095: 116.1313 E_h, exp. variance=1251623.0000 E_h^2, pmove=0.33
2026-06-02 19:50:53,425 - Step 01096: 834.7367 E_h, exp. variance=1134004.0000 E_h^2, pmove=0.34
2026-06-02 19:50:54,074 - Step 01097: 97.9811 E_h, exp. variance=1041012.4375 E_h^2, pmove=0.33
2026-06-02 19:50:54,723 - Step 01098: 224.6142 E_h, exp. variance=945116.5000 E_h^2, pmove=0.33
2026-06-02 19:50:55,368 - Step 01099: 126.1483 E_h, exp. variance=862940.3125 E_h^2, pmove=0.34
2026-06-02 19:50:56,014 - Step 01100: 81.6222 E_h, exp. variance=789486.8125 E_h^2, pmove=0.33
2026-06-02 19:50:56,659 - Step 01101: 389.0994 E_h, exp. variance=710633.0000 E_h^2, pmove=0.35
2026-06-02 19:50:57,304 - Step 01102: 2566.8667 E_h, exp. variance=1055030.8750 E_h^2, pmove=0.35
2026-06-02 19:50:57,950 - Step 01103: 508.8062 E_h, exp. variance=950919.9375 E_h^2, pmove=0.34
2026-06-02 19:50:58,598 - Step 01104: 242.2741 E_h, exp. variance=868719.3125 E_h^2, pmove=0.34
2026-06-02 19:50:59,243 - Step 01105: 64.8637 E_h, exp. variance=805999.3750 E_h^2, pmove=0.34
2026-06-02 19:50:59,889 - Step 01106: 139.1101 E_h, exp. variance=739227.8750 E_h^2, pmove=0.34
2026-06-02 19:51:00,535 - Step 01107: 609.4184 E_h, exp. variance=666548.1250 E_h^2, pmove=0.34
2026-06-02 19:51:01,179 - Step 01108: 483.7163 E_h, exp. variance=599929.0000 E_h^2, pmove=0.34
2026-06-02 19:51:01,824 - Step 01109: 115.3658 E_h, exp. variance=553365.6875 E_h^2, pmove=0.34
2026-06-02 19:51:02,472 - Step 01110: 334.7377 E_h, exp. variance=499510.2812 E_h^2, pmove=0.34
2026-06-02 19:51:03,117 - Step 01111: 167.6745 E_h, exp. variance=456742.8750 E_h^2, pmove=0.34
2026-06-02 19:51:03,765 - Step 01112: 247.8287 E_h, exp. variance=413797.0000 E_h^2, pmove=0.34
2026-06-02 19:51:04,410 - Step 01113: 120.3367 E_h, exp. variance=379686.3125 E_h^2, pmove=0.33
2026-06-02 19:51:05,055 - Step 01114: 126.0542 E_h, exp. variance=347345.2812 E_h^2, pmove=0.34
2026-06-02 19:51:05,701 - Step 01115: 97.3731 E_h, exp. variance=318405.0000 E_h^2, pmove=0.34
2026-06-02 19:51:06,348 - Step 01116: 118.3050 E_h, exp. variance=290436.8750 E_h^2, pmove=0.34
2026-06-02 19:51:07,002 - Step 01117: 113.9960 E_h, exp. variance=264676.2812 E_h^2, pmove=0.34
2026-06-02 19:51:07,646 - Step 01118: 545.1882 E_h, exp. variance=244259.7969 E_h^2, pmove=0.34
2026-06-02 19:51:08,292 - Step 01119: 111.5234 E_h, exp. variance=223444.5156 E_h^2, pmove=0.33
2026-06-02 19:51:08,936 - Step 01120: 483.6263 E_h, exp. variance=204412.1250 E_h^2, pmove=0.34
2026-06-02 19:51:09,582 - Step 01121: 131.1790 E_h, exp. variance=186880.2812 E_h^2, pmove=0.34
2026-06-02 19:51:10,230 - Step 01122: 99.1560 E_h, exp. variance=171573.8750 E_h^2, pmove=0.34
2026-06-02 19:51:10,881 - Step 01123: 112.6375 E_h, exp. variance=156748.6094 E_h^2, pmove=0.34
2026-06-02 19:51:11,526 - Step 01124: 2116.1257 E_h, exp. variance=451973.2500 E_h^2, pmove=0.34
2026-06-02 19:51:12,173 - Step 01125: 274.7747 E_h, exp. variance=409334.2500 E_h^2, pmove=0.34
2026-06-02 19:51:12,819 - Step 01126: 99.7597 E_h, exp. variance=378010.0312 E_h^2, pmove=0.35
2026-06-02 19:51:13,465 - Step 01127: 475.4814 E_h, exp. variance=340808.9062 E_h^2, pmove=0.35
2026-06-02 19:51:14,114 - Step 01128: 109.9910 E_h, exp. variance=314402.4062 E_h^2, pmove=0.35
2026-06-02 19:51:14,762 - Step 01129: 228.0240 E_h, exp. variance=284848.6250 E_h^2, pmove=0.35
2026-06-02 19:51:15,409 - Step 01130: 522.4692 E_h, exp. variance=258788.6719 E_h^2, pmove=0.34
2026-06-02 19:51:16,055 - Step 01131: 603.0254 E_h, exp. variance=237600.1406 E_h^2, pmove=0.35
2026-06-02 19:51:16,701 - Step 01132: 382.7252 E_h, exp. variance=213859.9531 E_h^2, pmove=0.35
2026-06-02 19:51:17,346 - Step 01133: 331.7121 E_h, exp. variance=192846.8750 E_h^2, pmove=0.34
2026-06-02 19:51:17,993 - Step 01134: 370.3769 E_h, exp. variance=173595.5938 E_h^2, pmove=0.34
2026-06-02 19:51:18,641 - Step 01135: 111.8972 E_h, exp. variance=163083.0312 E_h^2, pmove=0.34
2026-06-02 19:51:19,290 - Step 01136: 146.8305 E_h, exp. variance=150869.7031 E_h^2, pmove=0.34
2026-06-02 19:51:19,937 - Step 01137: 539.1173 E_h, exp. variance=139393.9375 E_h^2, pmove=0.34
2026-06-02 19:51:20,582 - Step 01138: 363.7098 E_h, exp. variance=125456.6797 E_h^2, pmove=0.33
2026-06-02 19:51:21,228 - Step 01139: 537.3107 E_h, exp. variance=115762.1172 E_h^2, pmove=0.33
2026-06-02 19:51:21,874 - Step 01140: 156.5235 E_h, exp. variance=108565.6875 E_h^2, pmove=0.33
2026-06-02 19:51:22,521 - Step 01141: 102.3306 E_h, exp. variance=103457.7578 E_h^2, pmove=0.34
2026-06-02 19:51:23,168 - Step 01142: 557.7664 E_h, exp. variance=97789.5703 E_h^2, pmove=0.34
2026-06-02 19:51:23,813 - Step 01143: 279.5169 E_h, exp. variance=88491.1562 E_h^2, pmove=0.34
2026-06-02 19:51:24,459 - Step 01144: 173.3727 E_h, exp. variance=82301.7500 E_h^2, pmove=0.34
2026-06-02 19:51:25,105 - Step 01145: 1206.3407 E_h, exp. variance=143490.7969 E_h^2, pmove=0.34
2026-06-02 19:51:25,751 - Step 01146: 595.2662 E_h, exp. variance=132036.7344 E_h^2, pmove=0.35
2026-06-02 19:51:26,400 - Step 01147: 81.2641 E_h, exp. variance=130021.5781 E_h^2, pmove=0.34
2026-06-02 19:51:27,045 - Step 01148: 254.4233 E_h, exp. variance=118890.0234 E_h^2, pmove=0.34
2026-06-02 19:51:27,691 - Step 01149: 623.6653 E_h, exp. variance=112163.0391 E_h^2, pmove=0.34
2026-06-02 19:51:28,337 - Step 01150: 176.7881 E_h, exp. variance=105763.1875 E_h^2, pmove=0.34
2026-06-02 19:51:28,982 - Step 01151: 136.0591 E_h, exp. variance=100763.8672 E_h^2, pmove=0.34
2026-06-02 19:51:29,629 - Step 01152: 122.5244 E_h, exp. variance=95767.1406 E_h^2, pmove=0.35
2026-06-02 19:51:30,275 - Step 01153: 172.6133 E_h, exp. variance=88602.9922 E_h^2, pmove=0.35
2026-06-02 19:51:30,922 - Step 01154: 113.2513 E_h, exp. variance=83588.5234 E_h^2, pmove=0.35
2026-06-02 19:51:31,568 - Step 01155: 259.2158 E_h, exp. variance=75374.2422 E_h^2, pmove=0.35
2026-06-02 19:51:32,214 - Step 01156: 147.2591 E_h, exp. variance=69808.9375 E_h^2, pmove=0.34
2026-06-02 19:51:32,861 - Step 01157: 261.2736 E_h, exp. variance=62861.2578 E_h^2, pmove=0.34
2026-06-02 19:51:33,506 - Step 01158: 817.8219 E_h, exp. variance=82747.0859 E_h^2, pmove=0.34
2026-06-02 19:51:34,153 - Step 01159: 81.2248 E_h, exp. variance=80154.4297 E_h^2, pmove=0.34
2026-06-02 19:51:34,800 - Step 01160: 182.9421 E_h, exp. variance=73532.2344 E_h^2, pmove=0.34
2026-06-02 19:51:35,446 - Step 01161: 122.2760 E_h, exp. variance=68861.5703 E_h^2, pmove=0.34
2026-06-02 19:51:36,093 - Step 01162: 73.2059 E_h, exp. variance=65737.4141 E_h^2, pmove=0.35
2026-06-02 19:51:36,739 - Step 01163: 91.4916 E_h, exp. variance=61635.3438 E_h^2, pmove=0.34
2026-06-02 19:51:37,385 - Step 01164: 228.3049 E_h, exp. variance=55485.5000 E_h^2, pmove=0.35
2026-06-02 19:51:38,031 - Step 01165: 92.2471 E_h, exp. variance=51885.9648 E_h^2, pmove=0.35
2026-06-02 19:51:38,676 - Step 01166: 184.2605 E_h, exp. variance=46844.4766 E_h^2, pmove=0.35
2026-06-02 19:51:39,323 - Step 01167: 223.7045 E_h, exp. variance=42160.8672 E_h^2, pmove=0.34
2026-06-02 19:51:39,969 - Step 01168: 122.1519 E_h, exp. variance=38823.3281 E_h^2, pmove=0.34
2026-06-02 19:51:40,616 - Step 01169: 91.6879 E_h, exp. variance=36223.7422 E_h^2, pmove=0.34
2026-06-02 19:51:41,262 - Step 01170: 316.6466 E_h, exp. variance=33844.1914 E_h^2, pmove=0.34
2026-06-02 19:51:41,909 - Step 01171: 131.0620 E_h, exp. variance=31033.2324 E_h^2, pmove=0.34
2026-06-02 19:51:42,555 - Step 01172: 699.7361 E_h, exp. variance=50145.7812 E_h^2, pmove=0.34
2026-06-02 19:51:43,201 - Step 01173: 77.6840 E_h, exp. variance=47884.3789 E_h^2, pmove=0.34
2026-06-02 19:51:43,847 - Step 01174: 128.4345 E_h, exp. variance=44119.8438 E_h^2, pmove=0.34
2026-06-02 19:51:44,494 - Step 01175: 1594.5255 E_h, exp. variance=208652.4062 E_h^2, pmove=0.34
2026-06-02 19:51:45,141 - Step 01176: 135.9242 E_h, exp. variance=192364.3125 E_h^2, pmove=0.34
2026-06-02 19:51:45,794 - Step 01177: 713.9392 E_h, exp. variance=185787.5781 E_h^2, pmove=0.34
2026-06-02 19:51:46,441 - Step 01178: 169.8876 E_h, exp. variance=171046.8281 E_h^2, pmove=0.34
2026-06-02 19:51:47,087 - Step 01179: 122.8041 E_h, exp. variance=158825.5625 E_h^2, pmove=0.34
2026-06-02 19:51:47,734 - Step 01180: 183.3341 E_h, exp. variance=144944.1719 E_h^2, pmove=0.34
2026-06-02 19:51:48,381 - Step 01181: 80.4068 E_h, exp. variance=135510.5156 E_h^2, pmove=0.34
2026-06-02 19:51:49,027 - Step 01182: 65.7265 E_h, exp. variance=126642.0312 E_h^2, pmove=0.34
2026-06-02 19:51:49,674 - Step 01183: 186.7007 E_h, exp. variance=114617.6172 E_h^2, pmove=0.34
2026-06-02 19:51:50,320 - Step 01184: 68.0538 E_h, exp. variance=106561.6016 E_h^2, pmove=0.34
2026-06-02 19:51:50,967 - Step 01185: 208.4535 E_h, exp. variance=96013.6641 E_h^2, pmove=0.34
2026-06-02 19:51:51,613 - Step 01186: 610.5353 E_h, exp. variance=98791.4922 E_h^2, pmove=0.34
2026-06-02 19:51:52,260 - Step 01187: 219.5979 E_h, exp. variance=89206.3125 E_h^2, pmove=0.34
2026-06-02 19:51:52,906 - Step 01188: 66.4541 E_h, exp. variance=84052.4688 E_h^2, pmove=0.34
2026-06-02 19:51:53,553 - Step 01189: 362.0482 E_h, exp. variance=76765.5547 E_h^2, pmove=0.33
2026-06-02 19:51:54,201 - Step 01190: 295.7819 E_h, exp. variance=69193.3906 E_h^2, pmove=0.34
2026-06-02 19:51:54,847 - Step 01191: 238.5699 E_h, exp. variance=62337.5352 E_h^2, pmove=0.34
2026-06-02 19:51:55,495 - Step 01192: 629.6075 E_h, exp. variance=68234.6406 E_h^2, pmove=0.34
2026-06-02 19:51:56,141 - Step 01193: 1152.0674 E_h, exp. variance=126877.6406 E_h^2, pmove=0.34
2026-06-02 19:51:56,788 - Step 01194: 207.5533 E_h, exp. variance=117006.9844 E_h^2, pmove=0.34
2026-06-02 19:51:57,435 - Step 01195: 1103.0865 E_h, exp. variance=154099.1562 E_h^2, pmove=0.34
2026-06-02 19:51:58,082 - Step 01196: 392.8706 E_h, exp. variance=138892.6719 E_h^2, pmove=0.33
2026-06-02 19:51:58,729 - Step 01197: 94.5832 E_h, exp. variance=135473.3438 E_h^2, pmove=0.34
2026-06-02 19:51:59,376 - Step 01198: 181.4327 E_h, exp. variance=126286.7031 E_h^2, pmove=0.33
2026-06-02 19:52:00,024 - Step 01199: 62.9481 E_h, exp. variance=122678.7422 E_h^2, pmove=0.33
2026-06-02 19:52:00,671 - Step 01200: 90.0471 E_h, exp. variance=116393.8828 E_h^2, pmove=0.33
2026-06-02 19:52:01,319 - Step 01201: 283.0726 E_h, exp. variance=104891.5547 E_h^2, pmove=0.33
2026-06-02 19:52:01,965 - Step 01202: 1056.4531 E_h, exp. variance=143454.7031 E_h^2, pmove=0.33
2026-06-02 19:52:02,611 - Step 01203: 68.2646 E_h, exp. variance=138542.8281 E_h^2, pmove=0.33
2026-06-02 19:52:03,258 - Step 01204: 102.7421 E_h, exp. variance=130628.4609 E_h^2, pmove=0.33
2026-06-02 19:52:03,904 - Step 01205: 40.5126 E_h, exp. variance=125315.3516 E_h^2, pmove=0.34
2026-06-02 19:52:04,551 - Step 01206: 242.6821 E_h, exp. variance=113128.9688 E_h^2, pmove=0.34
2026-06-02 19:52:05,198 - Step 01207: 245.6249 E_h, exp. variance=102066.8984 E_h^2, pmove=0.34
2026-06-02 19:52:05,845 - Step 01208: 212.2374 E_h, exp. variance=92449.2500 E_h^2, pmove=0.34
2026-06-02 19:52:06,492 - Step 01209: 90.3257 E_h, exp. variance=86616.8438 E_h^2, pmove=0.34
2026-06-02 19:52:07,139 - Step 01210: 60.7995 E_h, exp. variance=81729.1562 E_h^2, pmove=0.34
2026-06-02 19:52:07,785 - Step 01211: 233.0327 E_h, exp. variance=73569.3359 E_h^2, pmove=0.34
2026-06-02 19:52:08,434 - Step 01212: 1154.8802 E_h, exp. variance=140903.4062 E_h^2, pmove=0.34
2026-06-02 19:52:09,080 - Step 01213: 164.2954 E_h, exp. variance=129435.3828 E_h^2, pmove=0.33
2026-06-02 19:52:09,726 - Step 01214: 77.1222 E_h, exp. variance=121710.4141 E_h^2, pmove=0.33
2026-06-02 19:52:10,373 - Step 01215: 66.0464 E_h, exp. variance=114209.5156 E_h^2, pmove=0.34
2026-06-02 19:52:11,020 - Step 01216: 49.0713 E_h, exp. variance=107223.7422 E_h^2, pmove=0.33
2026-06-02 19:52:11,667 - Step 01217: 215.1650 E_h, exp. variance=96603.5625 E_h^2, pmove=0.34
2026-06-02 19:52:12,316 - Step 01218: 70.9402 E_h, exp. variance=89685.3828 E_h^2, pmove=0.33
2026-06-02 19:52:12,963 - Step 01219: 623.6650 E_h, exp. variance=94803.7344 E_h^2, pmove=0.34
2026-06-02 19:52:13,609 - Step 01220: 240.7696 E_h, exp. variance=85388.1484 E_h^2, pmove=0.34
2026-06-02 19:52:14,256 - Step 01221: 124.0895 E_h, exp. variance=78634.2578 E_h^2, pmove=0.34
2026-06-02 19:52:14,903 - Step 01222: 69.2931 E_h, exp. variance=73736.9844 E_h^2, pmove=0.33
2026-06-02 19:52:15,550 - Step 01223: 183.1987 E_h, exp. variance=66583.6406 E_h^2, pmove=0.34
2026-06-02 19:52:16,199 - Step 01224: 51.3174 E_h, exp. variance=62726.2734 E_h^2, pmove=0.33
2026-06-02 19:52:16,846 - Step 01225: 241.3392 E_h, exp. variance=56541.5273 E_h^2, pmove=0.33
2026-06-02 19:52:17,492 - Step 01226: 103.8408 E_h, exp. variance=51964.0312 E_h^2, pmove=0.33
2026-06-02 19:52:18,138 - Step 01227: 56.4371 E_h, exp. variance=48681.8867 E_h^2, pmove=0.33
2026-06-02 19:52:18,785 - Step 01228: 66.1262 E_h, exp. variance=45143.7812 E_h^2, pmove=0.33
2026-06-02 19:52:19,435 - Step 01229: 502.0244 E_h, exp. variance=50222.8516 E_h^2, pmove=0.33
2026-06-02 19:52:20,082 - Step 01230: 647.9597 E_h, exp. variance=62606.6562 E_h^2, pmove=0.33
2026-06-02 19:52:20,728 - Step 01231: 68.5388 E_h, exp. variance=59380.6055 E_h^2, pmove=0.33
2026-06-02 19:52:21,375 - Step 01232: 190.4563 E_h, exp. variance=53611.6328 E_h^2, pmove=0.33
2026-06-02 19:52:22,023 - Step 01233: 137.4676 E_h, exp. variance=49012.2109 E_h^2, pmove=0.34
2026-06-02 19:52:22,670 - Step 01234: 106.9771 E_h, exp. variance=45266.0938 E_h^2, pmove=0.34
2026-06-02 19:52:23,319 - Step 01235: 56.4487 E_h, exp. variance=42832.2383 E_h^2, pmove=0.33
2026-06-02 19:52:23,967 - Step 01236: 84.6741 E_h, exp. variance=39618.5898 E_h^2, pmove=0.34
2026-06-02 19:52:24,617 - Step 01237: 359.6536 E_h, exp. variance=38472.0859 E_h^2, pmove=0.34
2026-06-02 19:52:25,263 - Step 01238: 43.5932 E_h, exp. variance=36839.9180 E_h^2, pmove=0.34
2026-06-02 19:52:25,909 - Step 01239: 82.7182 E_h, exp. variance=34093.5234 E_h^2, pmove=0.34
2026-06-02 19:52:26,555 - Step 01240: 62.1863 E_h, exp. variance=31821.0605 E_h^2, pmove=0.34
2026-06-02 19:52:27,203 - Step 01241: 1624.2567 E_h, exp. variance=220724.0312 E_h^2, pmove=0.34
2026-06-02 19:52:27,849 - Step 01242: 157.8113 E_h, exp. variance=200720.5938 E_h^2, pmove=0.35
2026-06-02 19:52:28,495 - Step 01243: 358.8715 E_h, exp. variance=181024.1406 E_h^2, pmove=0.34
2026-06-02 19:52:29,141 - Step 01244: 218.0823 E_h, exp. variance=163536.4844 E_h^2, pmove=0.34
2026-06-02 19:52:29,786 - Step 01245: 244.6106 E_h, exp. variance=147388.9375 E_h^2, pmove=0.34
2026-06-02 19:52:30,436 - Step 01246: 52.1648 E_h, exp. variance=137642.0938 E_h^2, pmove=0.33
2026-06-02 19:52:31,083 - Step 01247: 158.0449 E_h, exp. variance=124890.7031 E_h^2, pmove=0.34
2026-06-02 19:52:31,729 - Step 01248: 152.8066 E_h, exp. variance=113314.5078 E_h^2, pmove=0.34
2026-06-02 19:52:32,375 - Step 01249: 133.4228 E_h, exp. variance=103072.5625 E_h^2, pmove=0.35
2026-06-02 19:52:33,021 - Step 01250: 387.3316 E_h, exp. variance=94924.3672 E_h^2, pmove=0.34
2026-06-02 19:52:33,667 - Step 01251: 37.1710 E_h, exp. variance=89429.8359 E_h^2, pmove=0.34
2026-06-02 19:52:34,316 - Step 01252: 33.8183 E_h, exp. variance=83840.6406 E_h^2, pmove=0.35
2026-06-02 19:52:34,962 - Step 01253: 66.1752 E_h, exp. variance=77255.4922 E_h^2, pmove=0.35
2026-06-02 19:52:35,607 - Step 01254: 52.8493 E_h, exp. variance=71308.2578 E_h^2, pmove=0.35
2026-06-02 19:52:36,256 - Step 01255: 337.5228 E_h, exp. variance=66428.8359 E_h^2, pmove=0.35
2026-06-02 19:52:36,901 - Step 01256: 36.5656 E_h, exp. variance=62050.0977 E_h^2, pmove=0.35
2026-06-02 19:52:37,547 - Step 01257: 70.0767 E_h, exp. variance=56919.0547 E_h^2, pmove=0.35
2026-06-02 19:52:38,196 - Step 01258: 84.7998 E_h, exp. variance=51856.0234 E_h^2, pmove=0.36
2026-06-02 19:52:38,842 - Step 01259: 32.1405 E_h, exp. variance=48142.4805 E_h^2, pmove=0.35
2026-06-02 19:52:39,490 - Step 01260: 53.2637 E_h, exp. variance=44123.1172 E_h^2, pmove=0.36
2026-06-02 19:52:40,137 - Step 01261: 40.3335 E_h, exp. variance=40566.5664 E_h^2, pmove=0.37
2026-06-02 19:52:40,784 - Step 01262: 47.3723 E_h, exp. variance=37096.3438 E_h^2, pmove=0.38
2026-06-02 19:52:41,431 - Step 01263: 34.6546 E_h, exp. variance=34042.5859 E_h^2, pmove=0.37
2026-06-02 19:52:42,082 - Step 01264: 432.0706 E_h, exp. variance=39888.0977 E_h^2, pmove=0.38
2026-06-02 19:52:42,728 - Step 01265: 66.7292 E_h, exp. variance=36430.3242 E_h^2, pmove=0.38
2026-06-02 19:52:43,375 - Step 01266: 65.7038 E_h, exp. variance=33230.2891 E_h^2, pmove=0.38
2026-06-02 19:52:44,022 - Step 01267: 46.8124 E_h, exp. variance=30512.9180 E_h^2, pmove=0.38
2026-06-02 19:52:44,670 - Step 01268: 50.0082 E_h, exp. variance=27910.6582 E_h^2, pmove=0.38
2026-06-02 19:52:45,319 - Step 01269: 88.9071 E_h, exp. variance=25174.3770 E_h^2, pmove=0.38
2026-06-02 19:52:45,966 - Step 01270: 88.7258 E_h, exp. variance=22702.0430 E_h^2, pmove=0.38
2026-06-02 19:52:46,614 - Step 01271: 168.3662 E_h, exp. variance=20750.3828 E_h^2, pmove=0.38
2026-06-02 19:52:47,261 - Step 01272: 173.9660 E_h, exp. variance=18990.1582 E_h^2, pmove=0.38
2026-06-02 19:52:47,908 - Step 01273: 3827.2793 E_h, exp. variance=1253552.1250 E_h^2, pmove=0.38
2026-06-02 19:52:48,555 - Step 01274: 41.3490 E_h, exp. variance=1146425.3750 E_h^2, pmove=0.37
2026-06-02 19:52:49,203 - Step 01275: 100.6982 E_h, exp. variance=1042537.9375 E_h^2, pmove=0.38
2026-06-02 19:52:49,851 - Step 01276: 1944.0840 E_h, exp. variance=1149589.5000 E_h^2, pmove=0.39
2026-06-02 19:52:50,498 - Step 01277: 601.6447 E_h, exp. variance=1034751.1250 E_h^2, pmove=0.39
2026-06-02 19:52:51,147 - Step 01278: 64.7669 E_h, exp. variance=954131.8125 E_h^2, pmove=0.38
2026-06-02 19:52:51,795 - Step 01279: 76.8426 E_h, exp. variance=876259.1250 E_h^2, pmove=0.39
2026-06-02 19:52:52,443 - Step 01280: 35.0176 E_h, exp. variance=805989.6250 E_h^2, pmove=0.39
2026-06-02 19:52:53,090 - Step 01281: 422.9466 E_h, exp. variance=725395.4375 E_h^2, pmove=0.39
2026-06-02 19:52:53,738 - Step 01282: 3994.9580 E_h, exp. variance=1796967.6250 E_h^2, pmove=0.39
2026-06-02 19:52:54,385 - Step 01283: 58.0007 E_h, exp. variance=1664977.6250 E_h^2, pmove=0.39
2026-06-02 19:52:55,033 - Step 01284: 49.5674 E_h, exp. variance=1538123.3750 E_h^2, pmove=0.39
2026-06-02 19:52:55,680 - Step 01285: 39.6284 E_h, exp. variance=1417499.7500 E_h^2, pmove=0.40
2026-06-02 19:52:56,328 - Step 01286: 49.9343 E_h, exp. variance=1301628.3750 E_h^2, pmove=0.40
2026-06-02 19:52:56,978 - Step 01287: 82.9072 E_h, exp. variance=1189660.7500 E_h^2, pmove=0.39
2026-06-02 19:52:57,625 - Step 01288: 36.1873 E_h, exp. variance=1089032.2500 E_h^2, pmove=0.39
2026-06-02 19:52:58,272 - Step 01289: 214.6844 E_h, exp. variance=984797.4375 E_h^2, pmove=0.40
2026-06-02 19:52:58,920 - Step 01290: 45.1861 E_h, exp. variance=898938.5625 E_h^2, pmove=0.41
2026-06-02 19:52:59,567 - Step 01291: 71.6074 E_h, exp. variance=817727.6250 E_h^2, pmove=0.41
2026-06-02 19:53:00,215 - Step 01292: 110.4083 E_h, exp. variance=741171.0625 E_h^2, pmove=0.41
2026-06-02 19:53:00,863 - Step 01293: 54.2770 E_h, exp. variance=673751.8750 E_h^2, pmove=0.41
2026-06-02 19:53:01,509 - Step 01294: 68.4715 E_h, exp. variance=611192.8125 E_h^2, pmove=0.41
2026-06-02 19:53:02,156 - Step 01295: 47.6597 E_h, exp. variance=554793.4375 E_h^2, pmove=0.40
2026-06-02 19:53:02,802 - Step 01296: 896.6221 E_h, exp. variance=536507.8750 E_h^2, pmove=0.41
2026-06-02 19:53:03,455 - Step 01297: 34.9615 E_h, exp. variance=490069.6875 E_h^2, pmove=0.40
2026-06-02 19:53:04,104 - Step 01298: 93.1980 E_h, exp. variance=444539.3750 E_h^2, pmove=0.41
2026-06-02 19:53:04,751 - Step 01299: 241.1537 E_h, exp. variance=400160.7812 E_h^2, pmove=0.41
2026-06-02 19:53:05,398 - Step 01300: 160.0670 E_h, exp. variance=361177.5625 E_h^2, pmove=0.40
2026-06-02 19:53:06,044 - Step 01301: 130.9790 E_h, exp. variance=326477.3750 E_h^2, pmove=0.40
2026-06-02 19:53:06,692 - Step 01302: 65.0198 E_h, exp. variance=296710.4688 E_h^2, pmove=0.40
2026-06-02 19:53:07,338 - Step 01303: 220.9071 E_h, exp. variance=267041.7812 E_h^2, pmove=0.40
2026-06-02 19:53:07,986 - Step 01304: 80.7468 E_h, exp. variance=242224.1094 E_h^2, pmove=0.40
2026-06-02 19:53:08,633 - Step 01305: 142.2439 E_h, exp. variance=218427.7656 E_h^2, pmove=0.39
2026-06-02 19:53:09,280 - Step 01306: 193.8118 E_h, exp. variance=196594.6250 E_h^2, pmove=0.39
2026-06-02 19:53:09,926 - Step 01307: 1115.6556 E_h, exp. variance=251877.9844 E_h^2, pmove=0.38
2026-06-02 19:53:10,574 - Step 01308: 113.6867 E_h, exp. variance=229628.8438 E_h^2, pmove=0.39
2026-06-02 19:53:11,222 - Step 01309: 77.2665 E_h, exp. variance=210231.7969 E_h^2, pmove=0.38
2026-06-02 19:53:11,869 - Step 01310: 40.1691 E_h, exp. variance=193417.0469 E_h^2, pmove=0.38
2026-06-02 19:53:12,516 - Step 01311: 58.2995 E_h, exp. variance=176878.6094 E_h^2, pmove=0.39
2026-06-02 19:53:13,165 - Step 01312: 266.3246 E_h, exp. variance=159408.4844 E_h^2, pmove=0.39
2026-06-02 19:53:13,812 - Step 01313: 50.3184 E_h, exp. variance=146122.0781 E_h^2, pmove=0.40
2026-06-02 19:53:14,460 - Step 01314: 48.8682 E_h, exp. variance=133700.5156 E_h^2, pmove=0.39
2026-06-02 19:53:15,109 - Step 01315: 146.7577 E_h, exp. variance=120493.2031 E_h^2, pmove=0.39
2026-06-02 19:53:15,757 - Step 01316: 782.9652 E_h, exp. variance=140621.3906 E_h^2, pmove=0.39
2026-06-02 19:53:16,405 - Step 01317: 38.3920 E_h, exp. variance=130394.4688 E_h^2, pmove=0.39
2026-06-02 19:53:17,053 - Step 01318: 57.4991 E_h, exp. variance=119855.4297 E_h^2, pmove=0.39
2026-06-02 19:53:17,701 - Step 01319: 68.6633 E_h, exp. variance=109604.9766 E_h^2, pmove=0.39
2026-06-02 19:53:18,351 - Step 01320: 93.1417 E_h, exp. variance=99553.2266 E_h^2, pmove=0.39
2026-06-02 19:53:18,998 - Step 01321: 31.3065 E_h, exp. variance=91684.6953 E_h^2, pmove=0.39
2026-06-02 19:53:19,646 - Step 01322: 34.9684 E_h, exp. variance=84117.3984 E_h^2, pmove=0.40
2026-06-02 19:53:20,295 - Step 01323: 30.0281 E_h, exp. variance=77111.5625 E_h^2, pmove=0.40
2026-06-02 19:53:20,942 - Step 01324: 29.5852 E_h, exp. variance=70548.1719 E_h^2, pmove=0.40
2026-06-02 19:53:21,590 - Step 01325: 80.2375 E_h, exp. variance=63727.2969 E_h^2, pmove=0.40
2026-06-02 19:53:22,240 - Step 01326: 58.5558 E_h, exp. variance=57765.4453 E_h^2, pmove=0.40
2026-06-02 19:53:22,888 - Step 01327: 116.1409 E_h, exp. variance=51989.8359 E_h^2, pmove=0.39
2026-06-02 19:53:23,536 - Step 01328: 42.5120 E_h, exp. variance=47317.9922 E_h^2, pmove=0.39
2026-06-02 19:53:24,183 - Step 01329: 47.2577 E_h, exp. variance=42956.3633 E_h^2, pmove=0.40
2026-06-02 19:53:24,831 - Step 01330: 262.2360 E_h, exp. variance=40886.4531 E_h^2, pmove=0.39
2026-06-02 19:53:25,481 - Step 01331: 49.3995 E_h, exp. variance=37255.3867 E_h^2, pmove=0.40
2026-06-02 19:53:26,129 - Step 01332: 278.7661 E_h, exp. variance=35985.8398 E_h^2, pmove=0.40
2026-06-02 19:53:26,776 - Step 01333: 427.4437 E_h, exp. variance=40344.8750 E_h^2, pmove=0.39
2026-06-02 19:53:27,423 - Step 01334: 59.0485 E_h, exp. variance=37224.4609 E_h^2, pmove=0.39
2026-06-02 19:53:28,070 - Step 01335: 152.5732 E_h, exp. variance=33502.7305 E_h^2, pmove=0.40
2026-06-02 19:53:28,717 - Step 01336: 39.1799 E_h, exp. variance=31258.3887 E_h^2, pmove=0.39
2026-06-02 19:53:29,367 - Step 01337: 71.0355 E_h, exp. variance=28547.6211 E_h^2, pmove=0.39
2026-06-02 19:53:30,015 - Step 01338: 53.0407 E_h, exp. variance=26256.1816 E_h^2, pmove=0.39
2026-06-02 19:53:30,663 - Step 01339: 41.3000 E_h, exp. variance=24249.7363 E_h^2, pmove=0.39
2026-06-02 19:53:31,311 - Step 01340: 74.4405 E_h, exp. variance=21979.8320 E_h^2, pmove=0.39
2026-06-02 19:53:31,959 - Step 01341: 53.5835 E_h, exp. variance=20086.8594 E_h^2, pmove=0.40
2026-06-02 19:53:32,610 - Step 01342: 46.4900 E_h, exp. variance=18396.6562 E_h^2, pmove=0.40
2026-06-02 19:53:33,261 - Step 01343: 193.7653 E_h, exp. variance=17347.7852 E_h^2, pmove=0.40
2026-06-02 19:53:33,908 - Step 01344: 897.5366 E_h, exp. variance=71517.0469 E_h^2, pmove=0.40
2026-06-02 19:53:34,556 - Step 01345: 75.4546 E_h, exp. variance=65509.6992 E_h^2, pmove=0.40
2026-06-02 19:53:35,204 - Step 01346: 79.4583 E_h, exp. variance=59813.9570 E_h^2, pmove=0.40
2026-06-02 19:53:35,855 - Step 01347: 34.0880 E_h, exp. variance=55427.0469 E_h^2, pmove=0.40
2026-06-02 19:53:36,504 - Step 01348: 41.0615 E_h, exp. variance=51029.8828 E_h^2, pmove=0.40
2026-06-02 19:53:37,152 - Step 01349: 462.4268 E_h, exp. variance=55132.9766 E_h^2, pmove=0.40
2026-06-02 19:53:37,799 - Step 01350: 208.7794 E_h, exp. variance=49724.9297 E_h^2, pmove=0.40
2026-06-02 19:53:38,446 - Step 01351: 35.0268 E_h, exp. variance=46592.1953 E_h^2, pmove=0.40
2026-06-02 19:53:39,095 - Step 01352: 29.7801 E_h, exp. variance=43547.1836 E_h^2, pmove=0.41
2026-06-02 19:53:39,746 - Step 01353: 28.0541 E_h, exp. variance=40537.6875 E_h^2, pmove=0.41
2026-06-02 19:53:40,393 - Step 01354: 25.1142 E_h, exp. variance=37632.5547 E_h^2, pmove=0.41
2026-06-02 19:53:41,042 - Step 01355: 45.5013 E_h, exp. variance=34463.9883 E_h^2, pmove=0.42
2026-06-02 19:53:41,689 - Step 01356: 43.2980 E_h, exp. variance=31528.7402 E_h^2, pmove=0.42
2026-06-02 19:53:42,342 - Step 01357: 35.9038 E_h, exp. variance=28885.0898 E_h^2, pmove=0.42
2026-06-02 19:53:42,993 - Step 01358: 328.3712 E_h, exp. variance=30543.4922 E_h^2, pmove=0.42
2026-06-02 19:53:43,641 - Step 01359: 41.2811 E_h, exp. variance=28136.3008 E_h^2, pmove=0.42
2026-06-02 19:53:44,289 - Step 01360: 30.2772 E_h, exp. variance=26008.9297 E_h^2, pmove=0.43
2026-06-02 19:53:44,937 - Step 01361: 287.3347 E_h, exp. variance=26274.6074 E_h^2, pmove=0.43
2026-06-02 19:53:45,585 - Step 01362: 373.4171 E_h, exp. variance=29124.7793 E_h^2, pmove=0.43
2026-06-02 19:53:46,233 - Step 01363: 153.1508 E_h, exp. variance=26212.5820 E_h^2, pmove=0.43
2026-06-02 19:53:46,884 - Step 01364: 25.1335 E_h, exp. variance=25029.8672 E_h^2, pmove=0.43
2026-06-02 19:53:47,532 - Step 01365: 137.7901 E_h, exp. variance=22526.9941 E_h^2, pmove=0.44
2026-06-02 19:53:48,180 - Step 01366: 34.7111 E_h, exp. variance=21249.4961 E_h^2, pmove=0.43
2026-06-02 19:53:48,829 - Step 01367: 42.3116 E_h, exp. variance=19791.4883 E_h^2, pmove=0.43
2026-06-02 19:53:49,477 - Step 01368: 26.8096 E_h, exp. variance=18590.3770 E_h^2, pmove=0.43
2026-06-02 19:53:50,128 - Step 01369: 27.2382 E_h, exp. variance=17355.1094 E_h^2, pmove=0.44
2026-06-02 19:53:50,776 - Step 01370: 111.5402 E_h, exp. variance=15627.5098 E_h^2, pmove=0.44
2026-06-02 19:53:51,425 - Step 01371: 51.8935 E_h, exp. variance=14300.7656 E_h^2, pmove=0.45
2026-06-02 19:53:52,074 - Step 01372: 76.5766 E_h, exp. variance=12911.9229 E_h^2, pmove=0.44
2026-06-02 19:53:52,722 - Step 01373: 23.3261 E_h, exp. variance=12093.9834 E_h^2, pmove=0.44
2026-06-02 19:53:53,370 - Step 01374: 101.7332 E_h, exp. variance=10900.1338 E_h^2, pmove=0.45
2026-06-02 19:53:54,020 - Step 01375: 31.3414 E_h, exp. variance=10118.7793 E_h^2, pmove=0.44
2026-06-02 19:53:54,668 - Step 01376: 67.5555 E_h, exp. variance=9131.3799 E_h^2, pmove=0.44
2026-06-02 19:53:55,317 - Step 01377: 25.8247 E_h, exp. variance=8506.2930 E_h^2, pmove=0.44
2026-06-02 19:53:55,965 - Step 01378: 43.8466 E_h, exp. variance=7753.0464 E_h^2, pmove=0.45
2026-06-02 19:53:56,613 - Step 01379: 126.6469 E_h, exp. variance=7232.4199 E_h^2, pmove=0.44
2026-06-02 19:53:57,263 - Step 01380: 26.0451 E_h, exp. variance=6759.3789 E_h^2, pmove=0.44
2026-06-02 19:53:57,911 - Step 01381: 36.7653 E_h, exp. variance=6204.8799 E_h^2, pmove=0.44
2026-06-02 19:53:58,560 - Step 01382: 31.8271 E_h, exp. variance=5714.3379 E_h^2, pmove=0.45
2026-06-02 19:53:59,209 - Step 01383: 253.0304 E_h, exp. variance=8290.2852 E_h^2, pmove=0.45
2026-06-02 19:53:59,857 - Step 01384: 48.8030 E_h, exp. variance=7577.3970 E_h^2, pmove=0.45
2026-06-02 19:54:00,508 - Step 01385: 25.0486 E_h, exp. variance=7102.7539 E_h^2, pmove=0.44
2026-06-02 19:54:01,156 - Step 01386: 36.0046 E_h, exp. variance=6533.0464 E_h^2, pmove=0.45
2026-06-02 19:54:01,804 - Step 01387: 24.8905 E_h, exp. variance=6075.8745 E_h^2, pmove=0.45
2026-06-02 19:54:02,452 - Step 01388: 41.9380 E_h, exp. variance=5524.3872 E_h^2, pmove=0.45
2026-06-02 19:54:03,101 - Step 01389: 100.0170 E_h, exp. variance=5086.0684 E_h^2, pmove=0.45
2026-06-02 19:54:03,750 - Step 01390: 29.4694 E_h, exp. variance=4710.8613 E_h^2, pmove=0.44
2026-06-02 19:54:04,399 - Step 01391: 25.4794 E_h, exp. variance=4374.1470 E_h^2, pmove=0.45
2026-06-02 19:54:05,048 - Step 01392: 193.5544 E_h, exp. variance=5535.9155 E_h^2, pmove=0.45
2026-06-02 19:54:05,696 - Step 01393: 148.7014 E_h, exp. variance=5490.1475 E_h^2, pmove=0.45
2026-06-02 19:54:06,345 - Step 01394: 28.7391 E_h, exp. variance=5187.8506 E_h^2, pmove=0.44
2026-06-02 19:54:06,994 - Step 01395: 29.5321 E_h, exp. variance=4862.2378 E_h^2, pmove=0.44
2026-06-02 19:54:07,643 - Step 01396: 60.1171 E_h, exp. variance=4387.1245 E_h^2, pmove=0.44
2026-06-02 19:54:08,293 - Step 01397: 66.2671 E_h, exp. variance=3949.7456 E_h^2, pmove=0.44
2026-06-02 19:54:08,947 - Step 01398: 37.8660 E_h, exp. variance=3646.1602 E_h^2, pmove=0.44
2026-06-02 19:54:09,596 - Step 01399: 29.4097 E_h, exp. variance=3405.6589 E_h^2, pmove=0.44
2026-06-02 19:54:10,245 - Step 01400: 473.4144 E_h, exp. variance=18237.1250 E_h^2, pmove=0.44
2026-06-02 19:54:10,893 - Step 01401: 23.9067 E_h, exp. variance=16989.1738 E_h^2, pmove=0.44
2026-06-02 19:54:11,542 - Step 01402: 48.8417 E_h, exp. variance=15489.4883 E_h^2, pmove=0.44
2026-06-02 19:54:12,191 - Step 01403: 49.0597 E_h, exp. variance=14100.2607 E_h^2, pmove=0.44
2026-06-02 19:54:12,840 - Step 01404: 31.0315 E_h, exp. variance=12971.8945 E_h^2, pmove=0.44
2026-06-02 19:54:13,489 - Step 01405: 99.3225 E_h, exp. variance=11703.6797 E_h^2, pmove=0.44
2026-06-02 19:54:14,140 - Step 01406: 42.6376 E_h, exp. variance=10681.2002 E_h^2, pmove=0.44
2026-06-02 19:54:14,790 - Step 01407: 39.3022 E_h, exp. variance=9755.7734 E_h^2, pmove=0.45
2026-06-02 19:54:15,440 - Step 01408: 32.7289 E_h, exp. variance=8942.0684 E_h^2, pmove=0.45
2026-06-02 19:54:16,090 - Step 01409: 1372.9293 E_h, exp. variance=160623.6406 E_h^2, pmove=0.45
2026-06-02 19:54:16,739 - Step 01410: 21.8544 E_h, exp. variance=147452.9062 E_h^2, pmove=0.45
2026-06-02 19:54:17,388 - Step 01411: 100.7836 E_h, exp. variance=133318.5781 E_h^2, pmove=0.45
2026-06-02 19:54:18,038 - Step 01412: 252.5636 E_h, exp. variance=120529.0547 E_h^2, pmove=0.45
2026-06-02 19:54:18,688 - Step 01413: 329.6833 E_h, exp. variance=110420.5234 E_h^2, pmove=0.45
2026-06-02 19:54:19,338 - Step 01414: 161.4402 E_h, exp. variance=99494.8359 E_h^2, pmove=0.44
2026-06-02 19:54:19,987 - Step 01415: 46.7657 E_h, exp. variance=91491.1250 E_h^2, pmove=0.44
2026-06-02 19:54:20,637 - Step 01416: 31.5641 E_h, exp. variance=84300.9844 E_h^2, pmove=0.44
2026-06-02 19:54:21,291 - Step 01417: 106.8398 E_h, exp. variance=76168.5000 E_h^2, pmove=0.44
2026-06-02 19:54:21,942 - Step 01418: 29.1628 E_h, exp. variance=70059.3828 E_h^2, pmove=0.44
2026-06-02 19:54:22,591 - Step 01419: 26.2467 E_h, exp. variance=64336.6172 E_h^2, pmove=0.44
2026-06-02 19:54:23,241 - Step 01420: 29.6040 E_h, exp. variance=58878.3945 E_h^2, pmove=0.45
2026-06-02 19:54:23,890 - Step 01421: 27.6838 E_h, exp. variance=53813.3789 E_h^2, pmove=0.44
2026-06-02 19:54:24,541 - Step 01422: 27.1438 E_h, exp. variance=49106.9180 E_h^2, pmove=0.45
2026-06-02 19:54:25,191 - Step 01423: 36.1273 E_h, exp. variance=44624.1133 E_h^2, pmove=0.45
2026-06-02 19:54:25,842 - Step 01424: 33.1494 E_h, exp. variance=40542.3555 E_h^2, pmove=0.45
2026-06-02 19:54:26,492 - Step 01425: 27.4541 E_h, exp. variance=36859.3711 E_h^2, pmove=0.45
2026-06-02 19:54:27,141 - Step 01426: 55.7710 E_h, exp. variance=33251.6875 E_h^2, pmove=0.45
2026-06-02 19:54:27,790 - Step 01427: 23.5871 E_h, exp. variance=30236.8633 E_h^2, pmove=0.45
2026-06-02 19:54:28,439 - Step 01428: 28.3009 E_h, exp. variance=27421.7129 E_h^2, pmove=0.46
2026-06-02 19:54:29,091 - Step 01429: 24.4580 E_h, exp. variance=24879.7520 E_h^2, pmove=0.46
2026-06-02 19:54:29,741 - Step 01430: 21.7424 E_h, exp. variance=22575.3594 E_h^2, pmove=0.46
2026-06-02 19:54:30,390 - Step 01431: 129.2180 E_h, exp. variance=20719.7578 E_h^2, pmove=0.46
2026-06-02 19:54:31,040 - Step 01432: 19.8391 E_h, exp. variance=18865.9395 E_h^2, pmove=0.46
2026-06-02 19:54:31,690 - Step 01433: 40.8112 E_h, exp. variance=17028.3672 E_h^2, pmove=0.46
2026-06-02 19:54:32,342 - Step 01434: 93.0051 E_h, exp. variance=15413.0801 E_h^2, pmove=0.47
2026-06-02 19:54:32,991 - Step 01435: 44.8068 E_h, exp. variance=13908.2344 E_h^2, pmove=0.46
2026-06-02 19:54:33,641 - Step 01436: 103.1421 E_h, exp. variance=12663.0000 E_h^2, pmove=0.46
2026-06-02 19:54:34,290 - Step 01437: 178.6611 E_h, exp. variance=12519.9629 E_h^2, pmove=0.46
2026-06-02 19:54:34,940 - Step 01438: 49.5457 E_h, exp. variance=11341.4277 E_h^2, pmove=0.46
2026-06-02 19:54:35,590 - Step 01439: 43.4982 E_h, exp. variance=10298.0703 E_h^2, pmove=0.45
2026-06-02 19:54:36,242 - Step 01440: 32.2138 E_h, exp. variance=9411.3203 E_h^2, pmove=0.46
2026-06-02 19:54:36,891 - Step 01441: 24.6819 E_h, exp. variance=8639.8164 E_h^2, pmove=0.46
2026-06-02 19:54:37,542 - Step 01442: 58.1294 E_h, exp. variance=7778.6821 E_h^2, pmove=0.46
2026-06-02 19:54:38,192 - Step 01443: 17.8369 E_h, exp. variance=7185.9507 E_h^2, pmove=0.45
2026-06-02 19:54:38,841 - Step 01444: 18.2457 E_h, exp. variance=6614.3281 E_h^2, pmove=0.47
2026-06-02 19:54:39,493 - Step 01445: 45.2107 E_h, exp. variance=5960.8555 E_h^2, pmove=0.47
2026-06-02 19:54:40,143 - Step 01446: 30.5487 E_h, exp. variance=5412.9033 E_h^2, pmove=0.46
2026-06-02 19:54:40,794 - Step 01447: 32.6371 E_h, exp. variance=4903.1694 E_h^2, pmove=0.47
2026-06-02 19:54:41,443 - Step 01448: 21.1901 E_h, exp. variance=4484.9307 E_h^2, pmove=0.47
2026-06-02 19:54:42,094 - Step 01449: 137.3309 E_h, exp. variance=4776.3511 E_h^2, pmove=0.47
2026-06-02 19:54:42,743 - Step 01450: 40.2403 E_h, exp. variance=4320.3008 E_h^2, pmove=0.46
2026-06-02 19:54:43,395 - Step 01451: 25.9714 E_h, exp. variance=3959.8772 E_h^2, pmove=0.45
2026-06-02 19:54:44,047 - Step 01452: 21.0195 E_h, exp. variance=3646.7251 E_h^2, pmove=0.46
2026-06-02 19:54:44,696 - Step 01453: 65.7563 E_h, exp. variance=3309.4031 E_h^2, pmove=0.46
2026-06-02 19:54:45,345 - Step 01454: 22.0549 E_h, exp. variance=3049.0837 E_h^2, pmove=0.45
2026-06-02 19:54:45,994 - Step 01455: 22.1769 E_h, exp. variance=2800.8259 E_h^2, pmove=0.46
2026-06-02 19:54:46,647 - Step 01456: 730.0178 E_h, exp. variance=44783.1602 E_h^2, pmove=0.45
2026-06-02 19:54:47,296 - Step 01457: 89.1958 E_h, exp. variance=40357.0625 E_h^2, pmove=0.45
2026-06-02 19:54:47,946 - Step 01458: 41.6147 E_h, exp. variance=36753.0742 E_h^2, pmove=0.44
2026-06-02 19:54:48,595 - Step 01459: 41.9163 E_h, exp. variance=33424.0820 E_h^2, pmove=0.45
2026-06-02 19:54:49,244 - Step 01460: 29.3098 E_h, exp. variance=30503.1797 E_h^2, pmove=0.44
2026-06-02 19:54:49,896 - Step 01461: 242.2853 E_h, exp. variance=29515.3945 E_h^2, pmove=0.44
2026-06-02 19:54:50,546 - Step 01462: 25.4784 E_h, exp. variance=27147.9688 E_h^2, pmove=0.44
2026-06-02 19:54:51,195 - Step 01463: 22.4630 E_h, exp. variance=24946.4746 E_h^2, pmove=0.45
2026-06-02 19:54:51,845 - Step 01464: 20.2473 E_h, exp. variance=22895.1523 E_h^2, pmove=0.45
2026-06-02 19:54:52,494 - Step 01465: 22.3135 E_h, exp. variance=20941.6230 E_h^2, pmove=0.46
2026-06-02 19:54:53,144 - Step 01466: 44.3040 E_h, exp. variance=18945.4648 E_h^2, pmove=0.46
2026-06-02 19:54:53,796 - Step 01467: 20.5095 E_h, exp. variance=17308.4629 E_h^2, pmove=0.46
2026-06-02 19:54:54,445 - Step 01468: 32.0705 E_h, exp. variance=15698.0664 E_h^2, pmove=0.46
2026-06-02 19:54:55,094 - Step 01469: 32.5500 E_h, exp. variance=14223.0039 E_h^2, pmove=0.46
2026-06-02 19:54:55,743 - Step 01470: 43.7954 E_h, exp. variance=12829.7197 E_h^2, pmove=0.46
2026-06-02 19:54:56,392 - Step 01471: 22.0872 E_h, exp. variance=11675.8076 E_h^2, pmove=0.46
2026-06-02 19:54:57,045 - Step 01472: 16.5932 E_h, exp. variance=10649.1865 E_h^2, pmove=0.46
2026-06-02 19:54:57,695 - Step 01473: 21.6468 E_h, exp. variance=9668.3438 E_h^2, pmove=0.47
2026-06-02 19:54:58,345 - Step 01474: 34.1843 E_h, exp. variance=8721.6787 E_h^2, pmove=0.48
2026-06-02 19:54:58,995 - Step 01475: 16.4932 E_h, exp. variance=7936.9204 E_h^2, pmove=0.47
2026-06-02 19:54:59,645 - Step 01476: 24.4662 E_h, exp. variance=7179.4990 E_h^2, pmove=0.48
2026-06-02 19:55:00,300 - Step 01477: 16.8956 E_h, exp. variance=6520.7070 E_h^2, pmove=0.48
2026-06-02 19:55:00,953 - Step 01478: 19.9525 E_h, exp. variance=5904.6992 E_h^2, pmove=0.49
2026-06-02 19:55:01,602 - Step 01479: 20.0488 E_h, exp. variance=5343.1284 E_h^2, pmove=0.48
2026-06-02 19:55:02,253 - Step 01480: 24.8578 E_h, exp. variance=4820.3447 E_h^2, pmove=0.48
2026-06-02 19:55:02,903 - Step 01481: 60.0959 E_h, exp. variance=4394.7920 E_h^2, pmove=0.48
2026-06-02 19:55:03,553 - Step 01482: 24.0352 E_h, exp. variance=3971.7500 E_h^2, pmove=0.48
2026-06-02 19:55:04,206 - Step 01483: 21.7585 E_h, exp. variance=3593.3403 E_h^2, pmove=0.48
2026-06-02 19:55:04,855 - Step 01484: 70.4827 E_h, exp. variance=3348.8940 E_h^2, pmove=0.48
2026-06-02 19:55:05,506 - Step 01485: 68.6304 E_h, exp. variance=3096.6509 E_h^2, pmove=0.48
2026-06-02 19:55:06,156 - Step 01486: 91.7219 E_h, exp. variance=3015.2793 E_h^2, pmove=0.48
2026-06-02 19:55:06,807 - Step 01487: 43.8186 E_h, exp. variance=2714.3481 E_h^2, pmove=0.48
2026-06-02 19:55:07,458 - Step 01488: 16.4487 E_h, exp. variance=2522.2351 E_h^2, pmove=0.48
2026-06-02 19:55:08,108 - Step 01489: 73.9150 E_h, exp. variance=2355.0979 E_h^2, pmove=0.49
2026-06-02 19:55:08,757 - Step 01490: 67.7184 E_h, exp. variance=2161.0981 E_h^2, pmove=0.49
2026-06-02 19:55:09,409 - Step 01491: 36.1149 E_h, exp. variance=1958.5490 E_h^2, pmove=0.48
2026-06-02 19:55:10,058 - Step 01492: 17.8653 E_h, exp. variance=1839.9429 E_h^2, pmove=0.48
2026-06-02 19:55:10,708 - Step 01493: 24.3255 E_h, exp. variance=1691.6152 E_h^2, pmove=0.48
2026-06-02 19:55:11,357 - Step 01494: 16.7508 E_h, exp. variance=1580.9355 E_h^2, pmove=0.48
2026-06-02 19:55:12,006 - Step 01495: 35.3263 E_h, exp. variance=1424.5579 E_h^2, pmove=0.49
2026-06-02 19:55:12,655 - Step 01496: 29.5684 E_h, exp. variance=1290.5488 E_h^2, pmove=0.49
2026-06-02 19:55:13,304 - Step 01497: 18.0108 E_h, exp. variance=1198.4965 E_h^2, pmove=0.48
2026-06-02 19:55:13,953 - Step 01498: 22.0337 E_h, exp. variance=1096.8610 E_h^2, pmove=0.49
2026-06-02 19:55:14,601 - Step 01499: 16.5160 E_h, exp. variance=1017.3847 E_h^2, pmove=0.48
2026-06-02 19:55:15,250 - Step 01500: 24.5978 E_h, exp. variance=922.0076 E_h^2, pmove=0.48
2026-06-02 19:55:15,899 - Step 01501: 28.5690 E_h, exp. variance=830.9702 E_h^2, pmove=0.48
2026-06-02 19:55:16,548 - Step 01502: 17.4171 E_h, exp. variance=766.5035 E_h^2, pmove=0.48
2026-06-02 19:55:17,198 - Step 01503: 15.7720 E_h, exp. variance=709.0217 E_h^2, pmove=0.48
2026-06-02 19:55:17,846 - Step 01504: 24.2390 E_h, exp. variance=640.0804 E_h^2, pmove=0.49
2026-06-02 19:55:18,494 - Step 01505: 64.6676 E_h, exp. variance=694.1929 E_h^2, pmove=0.49
2026-06-02 19:55:19,143 - Step 01506: 67.3526 E_h, exp. variance=736.8578 E_h^2, pmove=0.48
2026-06-02 19:55:19,792 - Step 01507: 19.6136 E_h, exp. variance=686.1486 E_h^2, pmove=0.48
2026-06-02 19:55:20,441 - Step 01508: 15.6335 E_h, exp. variance=647.8729 E_h^2, pmove=0.49
2026-06-02 19:55:21,091 - Step 01509: 23.5521 E_h, exp. variance=589.7508 E_h^2, pmove=0.49
2026-06-02 19:55:21,741 - Step 01510: 19.5105 E_h, exp. variance=543.2792 E_h^2, pmove=0.49
2026-06-02 19:55:22,391 - Step 01511: 18.4555 E_h, exp. variance=501.1936 E_h^2, pmove=0.48
2026-06-02 19:55:23,040 - Step 01512: 23.4894 E_h, exp. variance=453.7600 E_h^2, pmove=0.49
2026-06-02 19:55:23,690 - Step 01513: 483.9265 E_h, exp. variance=19083.2930 E_h^2, pmove=0.49
2026-06-02 19:55:24,339 - Step 01514: 25.0110 E_h, exp. variance=17390.5859 E_h^2, pmove=0.49
2026-06-02 19:55:24,989 - Step 01515: 2243.2007 E_h, exp. variance=441070.1250 E_h^2, pmove=0.49
2026-06-02 19:55:25,639 - Step 01516: 25.1984 E_h, exp. variance=403107.0938 E_h^2, pmove=0.49
2026-06-02 19:55:26,289 - Step 01517: 22.9382 E_h, exp. variance=367869.1250 E_h^2, pmove=0.49
2026-06-02 19:55:26,939 - Step 01518: 26.5063 E_h, exp. variance=335055.0625 E_h^2, pmove=0.49
2026-06-02 19:55:27,589 - Step 01519: 28.3380 E_h, exp. variance=304705.5000 E_h^2, pmove=0.48
2026-06-02 19:55:28,239 - Step 01520: 17.2117 E_h, exp. variance=277139.9375 E_h^2, pmove=0.49
2026-06-02 19:55:28,891 - Step 01521: 17.5720 E_h, exp. variance=251768.5312 E_h^2, pmove=0.49
2026-06-02 19:55:29,543 - Step 01522: 24.9250 E_h, exp. variance=228301.8438 E_h^2, pmove=0.48
2026-06-02 19:55:30,194 - Step 01523: 36.1627 E_h, exp. variance=206617.3125 E_h^2, pmove=0.49
2026-06-02 19:55:30,844 - Step 01524: 27.1417 E_h, exp. variance=187055.7656 E_h^2, pmove=0.49
2026-06-02 19:55:31,494 - Step 01525: 234.3164 E_h, exp. variance=169393.5000 E_h^2, pmove=0.49
2026-06-02 19:55:32,145 - Step 01526: 29.1682 E_h, exp. variance=153508.7188 E_h^2, pmove=0.48
2026-06-02 19:55:32,796 - Step 01527: 23.2151 E_h, exp. variance=139119.6406 E_h^2, pmove=0.48
2026-06-02 19:55:33,445 - Step 01528: 17.4601 E_h, exp. variance=126086.0859 E_h^2, pmove=0.48
2026-06-02 19:55:34,095 - Step 01529: 16.1108 E_h, exp. variance=114210.7422 E_h^2, pmove=0.49
2026-06-02 19:55:34,745 - Step 01530: 30.6595 E_h, exp. variance=103189.9297 E_h^2, pmove=0.49
2026-06-02 19:55:35,396 - Step 01531: 18.7670 E_h, exp. variance=93336.3516 E_h^2, pmove=0.48
2026-06-02 19:55:36,048 - Step 01532: 1277.7673 E_h, exp. variance=212370.0625 E_h^2, pmove=0.48
2026-06-02 19:55:36,697 - Step 01533: 23.9455 E_h, exp. variance=194015.7812 E_h^2, pmove=0.49
2026-06-02 19:55:37,347 - Step 01534: 14.9950 E_h, exp. variance=177215.9219 E_h^2, pmove=0.49
2026-06-02 19:55:37,997 - Step 01535: 19.8634 E_h, exp. variance=161469.7500 E_h^2, pmove=0.49
2026-06-02 19:55:38,647 - Step 01536: 26.1921 E_h, exp. variance=146774.5781 E_h^2, pmove=0.49
2026-06-02 19:55:39,303 - Step 01537: 19.8472 E_h, exp. variance=133407.2656 E_h^2, pmove=0.48
2026-06-02 19:55:39,953 - Step 01538: 19.8277 E_h, exp. variance=121128.1250 E_h^2, pmove=0.48
2026-06-02 19:55:40,603 - Step 01539: 234.8296 E_h, exp. variance=110252.7031 E_h^2, pmove=0.48
2026-06-02 19:55:41,253 - Step 01540: 17.8793 E_h, exp. variance=100344.7344 E_h^2, pmove=0.48
2026-06-02 19:55:41,903 - Step 01541: 30.3556 E_h, exp. variance=91004.0859 E_h^2, pmove=0.48
2026-06-02 19:55:43,199 - Step 01542: 13.5454 E_h, exp. variance=82730.2109 E_h^2, pmove=0.48
2026-06-02 19:55:43,850 - Step 01543: 17.3335 E_h, exp. variance=75069.1641 E_h^2, pmove=0.49
2026-06-02 19:55:44,501 - Step 01544: 21.2633 E_h, exp. variance=68006.8438 E_h^2, pmove=0.49
2026-06-02 19:55:45,152 - Step 01545: 28.3885 E_h, exp. variance=61489.7227 E_h^2, pmove=0.49
2026-06-02 19:55:45,807 - Step 01546: 22.5622 E_h, exp. variance=55626.4727 E_h^2, pmove=0.49
2026-06-02 19:55:46,458 - Step 01547: 12.8816 E_h, exp. variance=50392.0586 E_h^2, pmove=0.49
2026-06-02 19:55:47,109 - Step 01548: 14.5798 E_h, exp. variance=45602.3633 E_h^2, pmove=0.50
2026-06-02 19:55:47,760 - Step 01549: 23.0368 E_h, exp. variance=41178.5312 E_h^2, pmove=0.50
2026-06-02 19:55:48,412 - Step 01550: 15.5479 E_h, exp. variance=37223.4453 E_h^2, pmove=0.50
2026-06-02 19:55:49,067 - Step 01551: 35.3279 E_h, exp. variance=33531.8828 E_h^2, pmove=0.50
2026-06-02 19:55:49,718 - Step 01552: 24.7257 E_h, exp. variance=30245.5078 E_h^2, pmove=0.50
2026-06-02 19:55:50,369 - Step 01553: 16.7766 E_h, exp. variance=27315.8516 E_h^2, pmove=0.49
2026-06-02 19:55:51,021 - Step 01554: 34.9204 E_h, exp. variance=24595.3145 E_h^2, pmove=0.49
2026-06-02 19:55:51,673 - Step 01555: 15.6291 E_h, exp. variance=22212.8555 E_h^2, pmove=0.48
2026-06-02 19:55:52,327 - Step 01556: 52.6761 E_h, exp. variance=20001.8926 E_h^2, pmove=0.49
2026-06-02 19:55:52,976 - Step 01557: 17.1734 E_h, exp. variance=18061.9082 E_h^2, pmove=0.48
2026-06-02 19:55:53,626 - Step 01558: 18.9751 E_h, exp. variance=16297.2256 E_h^2, pmove=0.49
2026-06-02 19:55:54,276 - Step 01559: 17.8983 E_h, exp. variance=14704.9756 E_h^2, pmove=0.48
2026-06-02 19:55:54,926 - Step 01560: 23.3209 E_h, exp. variance=13249.5518 E_h^2, pmove=0.48
2026-06-02 19:55:55,576 - Step 01561: 16.0635 E_h, exp. variance=11956.7627 E_h^2, pmove=0.48
2026-06-02 19:55:56,229 - Step 01562: 16.5046 E_h, exp. variance=10785.8076 E_h^2, pmove=0.48
2026-06-02 19:55:56,882 - Step 01563: 23.4228 E_h, exp. variance=9712.9834 E_h^2, pmove=0.48
2026-06-02 19:55:57,532 - Step 01564: 32.9893 E_h, exp. variance=8742.1895 E_h^2, pmove=0.48
2026-06-02 19:55:58,183 - Step 01565: 28.4311 E_h, exp. variance=7868.5005 E_h^2, pmove=0.48
2026-06-02 19:55:58,835 - Step 01566: 21.1969 E_h, exp. variance=7089.6333 E_h^2, pmove=0.48
2026-06-02 19:55:59,488 - Step 01567: 17.3381 E_h, exp. variance=6394.3643 E_h^2, pmove=0.48
2026-06-02 19:56:00,142 - Step 01568: 45.7077 E_h, exp. variance=5781.7642 E_h^2, pmove=0.48
2026-06-02 19:56:00,792 - Step 01569: 12.3618 E_h, exp. variance=5232.1187 E_h^2, pmove=0.48
2026-06-02 19:56:01,443 - Step 01570: 14.2472 E_h, exp. variance=4726.8984 E_h^2, pmove=0.48
2026-06-02 19:56:02,094 - Step 01571: 13.9888 E_h, exp. variance=4269.3799 E_h^2, pmove=0.49
2026-06-02 19:56:02,747 - Step 01572: 24.1369 E_h, exp. variance=3842.6545 E_h^2, pmove=0.49
2026-06-02 19:56:03,398 - Step 01573: 13.7107 E_h, exp. variance=3470.9407 E_h^2, pmove=0.49
2026-06-02 19:56:04,049 - Step 01574: 16.5546 E_h, exp. variance=3129.3005 E_h^2, pmove=0.49
2026-06-02 19:56:04,699 - Step 01575: 15.0053 E_h, exp. variance=2822.9580 E_h^2, pmove=0.49
2026-06-02 19:56:05,350 - Step 01576: 23.1028 E_h, exp. variance=2540.6765 E_h^2, pmove=0.49
2026-06-02 19:56:06,003 - Step 01577: 12.4435 E_h, exp. variance=2296.1597 E_h^2, pmove=0.49
2026-06-02 19:56:06,655 - Step 01578: 20.3390 E_h, exp. variance=2066.7139 E_h^2, pmove=0.50
2026-06-02 19:56:07,305 - Step 01579: 39.6660 E_h, exp. variance=1889.4908 E_h^2, pmove=0.49
2026-06-02 19:56:07,956 - Step 01580: 14.1365 E_h, exp. variance=1708.2417 E_h^2, pmove=0.49
2026-06-02 19:56:08,607 - Step 01581: 32.5771 E_h, exp. variance=1546.6273 E_h^2, pmove=0.49
2026-06-02 19:56:09,261 - Step 01582: 14.3292 E_h, exp. variance=1399.4890 E_h^2, pmove=0.49
2026-06-02 19:56:09,911 - Step 01583: 23.7412 E_h, exp. variance=1259.6660 E_h^2, pmove=0.49
2026-06-02 19:56:10,562 - Step 01584: 20.7516 E_h, exp. variance=1134.0330 E_h^2, pmove=0.48
2026-06-02 19:56:11,212 - Step 01585: 31.8153 E_h, exp. variance=1028.4658 E_h^2, pmove=0.48
2026-06-02 19:56:11,867 - Step 01586: 26.0601 E_h, exp. variance=926.2479 E_h^2, pmove=0.47
2026-06-02 19:56:12,521 - Step 01587: 20.7019 E_h, exp. variance=834.4221 E_h^2, pmove=0.47
2026-06-02 19:56:13,172 - Step 01588: 15.9507 E_h, exp. variance=755.9522 E_h^2, pmove=0.47
2026-06-02 19:56:13,823 - Step 01589: 29.9667 E_h, exp. variance=685.1878 E_h^2, pmove=0.47
2026-06-02 19:56:14,474 - Step 01590: 28.1884 E_h, exp. variance=618.7560 E_h^2, pmove=0.47
2026-06-02 19:56:15,126 - Step 01591: 30.4661 E_h, exp. variance=560.8146 E_h^2, pmove=0.47
2026-06-02 19:56:15,776 - Step 01592: 15.8272 E_h, exp. variance=511.5272 E_h^2, pmove=0.46
2026-06-02 19:56:16,430 - Step 01593: 14.1714 E_h, exp. variance=468.4549 E_h^2, pmove=0.46
2026-06-02 19:56:17,081 - Step 01594: 14.4969 E_h, exp. variance=427.6646 E_h^2, pmove=0.47
2026-06-02 19:56:17,732 - Step 01595: 17.4271 E_h, exp. variance=386.6818 E_h^2, pmove=0.46
2026-06-02 19:56:18,387 - Step 01596: 14.1600 E_h, exp. variance=352.7755 E_h^2, pmove=0.47
2026-06-02 19:56:19,041 - Step 01597: 125.9445 E_h, exp. variance=1314.2531 E_h^2, pmove=0.47
2026-06-02 19:56:19,698 - Step 01598: 42.6181 E_h, exp. variance=1194.4991 E_h^2, pmove=0.47
2026-06-02 19:56:20,352 - Step 01599: 36.4762 E_h, exp. variance=1076.5674 E_h^2, pmove=0.47
2026-06-02 19:56:21,005 - Step 01600: 24.7410 E_h, exp. variance=974.7266 E_h^2, pmove=0.46
2026-06-02 19:56:21,660 - Step 01601: 77.4879 E_h, exp. variance=1063.6752 E_h^2, pmove=0.47
2026-06-02 19:56:22,314 - Step 01602: 18.4551 E_h, exp. variance=986.7014 E_h^2, pmove=0.46
2026-06-02 19:56:22,970 - Step 01603: 15.0291 E_h, exp. variance=922.9268 E_h^2, pmove=0.47
2026-06-02 19:56:23,624 - Step 01604: 181.0851 E_h, exp. variance=2810.9099 E_h^2, pmove=0.47
2026-06-02 19:56:24,279 - Step 01605: 25.0420 E_h, exp. variance=2575.5527 E_h^2, pmove=0.47
2026-06-02 19:56:24,933 - Step 01606: 21.1478 E_h, exp. variance=2370.6277 E_h^2, pmove=0.46
2026-06-02 19:56:25,588 - Step 01607: 18.2455 E_h, exp. variance=2188.3232 E_h^2, pmove=0.46
2026-06-02 19:56:26,243 - Step 01608: 70.5527 E_h, exp. variance=2051.0725 E_h^2, pmove=0.46
2026-06-02 19:56:26,897 - Step 01609: 14.9331 E_h, exp. variance=1919.1847 E_h^2, pmove=0.46
2026-06-02 19:56:27,552 - Step 01610: 21.4558 E_h, exp. variance=1760.2637 E_h^2, pmove=0.46
2026-06-02 19:56:28,206 - Step 01611: 19.9345 E_h, exp. variance=1615.8927 E_h^2, pmove=0.46
2026-06-02 19:56:28,861 - Step 01612: 13.9665 E_h, exp. variance=1501.2819 E_h^2, pmove=0.47
2026-06-02 19:56:29,515 - Step 01613: 13.2316 E_h, exp. variance=1391.9747 E_h^2, pmove=0.47
2026-06-02 19:56:30,170 - Step 01614: 11.8455 E_h, exp. variance=1290.7972 E_h^2, pmove=0.47
2026-06-02 19:56:30,823 - Step 01615: 15.3546 E_h, exp. variance=1181.9380 E_h^2, pmove=0.47
2026-06-02 19:56:31,478 - Step 01616: 19.0989 E_h, exp. variance=1072.2925 E_h^2, pmove=0.47
2026-06-02 19:56:32,133 - Step 01617: 13.5294 E_h, exp. variance=983.5724 E_h^2, pmove=0.46
2026-06-02 19:56:32,788 - Step 01618: 11.9603 E_h, exp. variance=904.0744 E_h^2, pmove=0.46
2026-06-02 19:56:33,442 - Step 01619: 47.0712 E_h, exp. variance=857.5550 E_h^2, pmove=0.47
2026-06-02 19:56:34,097 - Step 01620: 105.6910 E_h, exp. variance=1326.3206 E_h^2, pmove=0.46
2026-06-02 19:56:34,751 - Step 01621: 12.2555 E_h, exp. variance=1240.4360 E_h^2, pmove=0.46
2026-06-02 19:56:35,405 - Step 01622: 82.6065 E_h, exp. variance=1339.9486 E_h^2, pmove=0.47
2026-06-02 19:56:36,060 - Step 01623: 84.2067 E_h, exp. variance=1400.1851 E_h^2, pmove=0.46
2026-06-02 19:56:36,715 - Step 01624: 31.7700 E_h, exp. variance=1270.3297 E_h^2, pmove=0.46
2026-06-02 19:56:37,371 - Step 01625: 19.2952 E_h, exp. variance=1187.0103 E_h^2, pmove=0.46
2026-06-02 19:56:38,026 - Step 01626: 12.2712 E_h, exp. variance=1133.2352 E_h^2, pmove=0.46
2026-06-02 19:56:38,682 - Step 01627: 17.6958 E_h, exp. variance=1051.5468 E_h^2, pmove=0.46
2026-06-02 19:56:39,337 - Step 01628: 11.7001 E_h, exp. variance=993.4622 E_h^2, pmove=0.46
2026-06-02 19:56:39,993 - Step 01629: 14.8938 E_h, exp. variance=921.3289 E_h^2, pmove=0.46
2026-06-02 19:56:40,648 - Step 01630: 14.1509 E_h, exp. variance=853.3809 E_h^2, pmove=0.46
2026-06-02 19:56:41,304 - Step 01631: 12.4419 E_h, exp. variance=792.4339 E_h^2, pmove=0.45
2026-06-02 19:56:41,959 - Step 01632: 12.9559 E_h, exp. variance=731.6002 E_h^2, pmove=0.45
2026-06-02 19:56:42,615 - Step 01633: 18.6285 E_h, exp. variance=663.1049 E_h^2, pmove=0.45
2026-06-02 19:56:43,272 - Step 01634: 13.8948 E_h, exp. variance=608.1104 E_h^2, pmove=0.45
2026-06-02 19:56:43,929 - Step 01635: 31.3335 E_h, exp. variance=552.1572 E_h^2, pmove=0.46
2026-06-02 19:56:44,585 - Step 01636: 12.6847 E_h, exp. variance=509.9806 E_h^2, pmove=0.46
2026-06-02 19:56:45,241 - Step 01637: 34.4339 E_h, exp. variance=469.7073 E_h^2, pmove=0.46
2026-06-02 19:56:45,897 - Step 01638: 20.6166 E_h, exp. variance=424.1712 E_h^2, pmove=0.45
2026-06-02 19:56:46,552 - Step 01639: 10.9278 E_h, exp. variance=397.6317 E_h^2, pmove=0.45
2026-06-02 19:56:47,208 - Step 01640: 16.1860 E_h, exp. variance=361.9035 E_h^2, pmove=0.45
2026-06-02 19:56:47,863 - Step 01641: 15.9958 E_h, exp. variance=329.1911 E_h^2, pmove=0.45
2026-06-02 19:56:48,519 - Step 01642: 35.3997 E_h, exp. variance=313.4341 E_h^2, pmove=0.45
2026-06-02 19:56:49,174 - Step 01643: 11.1187 E_h, exp. variance=294.7347 E_h^2, pmove=0.44
2026-06-02 19:56:49,831 - Step 01644: 19.3321 E_h, exp. variance=265.8033 E_h^2, pmove=0.45
2026-06-02 19:56:50,486 - Step 01645: 19.7693 E_h, exp. variance=239.5054 E_h^2, pmove=0.45
2026-06-02 19:56:51,142 - Step 01646: 24.6994 E_h, exp. variance=216.5563 E_h^2, pmove=0.44
2026-06-02 19:56:51,799 - Step 01647: 31.2919 E_h, exp. variance=203.1859 E_h^2, pmove=0.45
2026-06-02 19:56:52,455 - Step 01648: 14.6469 E_h, exp. variance=188.6414 E_h^2, pmove=0.44
2026-06-02 19:56:53,118 - Step 01649: 10.8966 E_h, exp. variance=180.5865 E_h^2, pmove=0.45
2026-06-02 19:56:53,772 - Step 01650: 12.4200 E_h, exp. variance=168.7876 E_h^2, pmove=0.45
2026-06-02 19:56:54,427 - Step 01651: 17.3113 E_h, exp. variance=152.5241 E_h^2, pmove=0.45
2026-06-02 19:56:55,081 - Step 01652: 37.6079 E_h, exp. variance=166.2491 E_h^2, pmove=0.45
2026-06-02 19:56:55,735 - Step 01653: 50.4970 E_h, exp. variance=225.5140 E_h^2, pmove=0.46
2026-06-02 19:56:56,392 - Step 01654: 20.4771 E_h, exp. variance=204.3213 E_h^2, pmove=0.46
2026-06-02 19:56:57,047 - Step 01655: 17.8653 E_h, exp. variance=187.2476 E_h^2, pmove=0.46
2026-06-02 19:56:57,703 - Step 01656: 14.1281 E_h, exp. variance=176.1985 E_h^2, pmove=0.45
2026-06-02 19:56:58,357 - Step 01657: 11.0980 E_h, exp. variance=170.1556 E_h^2, pmove=0.46
2026-06-02 19:56:59,012 - Step 01658: 8.9766 E_h, exp. variance=166.8201 E_h^2, pmove=0.46
2026-06-02 19:56:59,669 - Step 01659: 11.6935 E_h, exp. variance=156.4570 E_h^2, pmove=0.46
2026-06-02 19:57:00,325 - Step 01660: 13.1323 E_h, exp. variance=144.1627 E_h^2, pmove=0.46
2026-06-02 19:57:00,980 - Step 01661: 10.2218 E_h, exp. variance=136.1008 E_h^2, pmove=0.46
2026-06-02 19:57:01,634 - Step 01662: 13.7695 E_h, exp. variance=123.9414 E_h^2, pmove=0.46
2026-06-02 19:57:02,291 - Step 01663: 10.4464 E_h, exp. variance=115.8773 E_h^2, pmove=0.46
2026-06-02 19:57:02,946 - Step 01664: 29.3818 E_h, exp. variance=118.7890 E_h^2, pmove=0.46
2026-06-02 19:57:03,602 - Step 01665: 10.6213 E_h, exp. variance=111.7551 E_h^2, pmove=0.46
2026-06-02 19:57:04,258 - Step 01666: 25.5785 E_h, exp. variance=106.8603 E_h^2, pmove=0.45
2026-06-02 19:57:04,912 - Step 01667: 9.3678 E_h, exp. variance=102.9742 E_h^2, pmove=0.45
2026-06-02 19:57:05,569 - Step 01668: 149.7663 E_h, exp. variance=1674.5411 E_h^2, pmove=0.45
2026-06-02 19:57:06,223 - Step 01669: 35.6898 E_h, exp. variance=1509.5596 E_h^2, pmove=0.44
2026-06-02 19:57:06,877 - Step 01670: 27.0308 E_h, exp. variance=1360.0020 E_h^2, pmove=0.44
2026-06-02 19:57:07,532 - Step 01671: 123.4144 E_h, exp. variance=1999.6692 E_h^2, pmove=0.44
2026-06-02 19:57:08,186 - Step 01672: 19.4191 E_h, exp. variance=1837.3141 E_h^2, pmove=0.43
2026-06-02 19:57:08,844 - Step 01673: 38.8948 E_h, exp. variance=1653.6870 E_h^2, pmove=0.44
2026-06-02 19:57:09,502 - Step 01674: 13.8292 E_h, exp. variance=1540.5745 E_h^2, pmove=0.43
2026-06-02 19:57:10,156 - Step 01675: 11.9371 E_h, exp. variance=1436.5525 E_h^2, pmove=0.43
2026-06-02 19:57:10,811 - Step 01676: 10.7823 E_h, exp. variance=1337.9573 E_h^2, pmove=0.43
2026-06-02 19:57:11,465 - Step 01677: 10.2607 E_h, exp. variance=1242.5752 E_h^2, pmove=0.44
2026-06-02 19:57:12,122 - Step 01678: 29.9704 E_h, exp. variance=1118.4297 E_h^2, pmove=0.44
2026-06-02 19:57:12,778 - Step 01679: 9.2875 E_h, exp. variance=1041.4382 E_h^2, pmove=0.44
2026-06-02 19:57:13,433 - Step 01680: 14.9765 E_h, exp. variance=950.3011 E_h^2, pmove=0.44
2026-06-02 19:57:14,088 - Step 01681: 18.0396 E_h, exp. variance=860.6855 E_h^2, pmove=0.44
2026-06-02 19:57:14,743 - Step 01682: 14.7615 E_h, exp. variance=784.0888 E_h^2, pmove=0.43
2026-06-02 19:57:15,400 - Step 01683: 8.9719 E_h, exp. variance=725.9909 E_h^2, pmove=0.44
2026-06-02 19:57:16,054 - Step 01684: 26.8136 E_h, exp. variance=655.0725 E_h^2, pmove=0.44
2026-06-02 19:57:16,709 - Step 01685: 11.0077 E_h, exp. variance=602.3459 E_h^2, pmove=0.45
2026-06-02 19:57:17,363 - Step 01686: 8.1048 E_h, exp. variance=558.8259 E_h^2, pmove=0.44
2026-06-02 19:57:18,018 - Step 01687: 76.0509 E_h, exp. variance=781.9774 E_h^2, pmove=0.44
2026-06-02 19:57:18,674 - Step 01688: 16.1183 E_h, exp. variance=712.4579 E_h^2, pmove=0.44
2026-06-02 19:57:19,328 - Step 01689: 8.4253 E_h, exp. variance=665.8061 E_h^2, pmove=0.44
2026-06-02 19:57:19,982 - Step 01690: 16.4729 E_h, exp. variance=603.4240 E_h^2, pmove=0.44
2026-06-02 19:57:20,637 - Step 01691: 8.8387 E_h, exp. variance=560.1745 E_h^2, pmove=0.44
2026-06-02 19:57:21,291 - Step 01692: 14.5480 E_h, exp. variance=508.1896 E_h^2, pmove=0.43
2026-06-02 19:57:21,947 - Step 01693: 517.1956 E_h, exp. variance=22654.4824 E_h^2, pmove=0.42
2026-06-02 19:57:22,602 - Step 01694: 22.8454 E_h, exp. variance=20591.1504 E_h^2, pmove=0.43
2026-06-02 19:57:23,256 - Step 01695: 25.2181 E_h, exp. variance=18678.0430 E_h^2, pmove=0.43
2026-06-02 19:57:23,911 - Step 01696: 9.8642 E_h, exp. variance=17049.9062 E_h^2, pmove=0.42
2026-06-02 19:57:24,566 - Step 01697: 31.2304 E_h, exp. variance=15401.5137 E_h^2, pmove=0.43
2026-06-02 19:57:25,224 - Step 01698: 8.6978 E_h, exp. variance=14044.4395 E_h^2, pmove=0.43
2026-06-02 19:57:25,879 - Step 01699: 21.0116 E_h, exp. variance=12711.9648 E_h^2, pmove=0.42
2026-06-02 19:57:26,534 - Step 01700: 12.0373 E_h, exp. variance=11547.4229 E_h^2, pmove=0.42
2026-06-02 19:57:27,189 - Step 01701: 68.0586 E_h, exp. variance=10449.1064 E_h^2, pmove=0.42
2026-06-02 19:57:27,843 - Step 01702: 34.0193 E_h, exp. variance=9416.1064 E_h^2, pmove=0.42
2026-06-02 19:57:28,501 - Step 01703: 7.4475 E_h, exp. variance=8597.2100 E_h^2, pmove=0.41
2026-06-02 19:57:29,157 - Step 01704: 24.0839 E_h, exp. variance=7762.2783 E_h^2, pmove=0.42
2026-06-02 19:57:29,812 - Step 01705: 14.6831 E_h, exp. variance=7039.3594 E_h^2, pmove=0.42
2026-06-02 19:57:30,468 - Step 01706: 7.8077 E_h, exp. variance=6409.9653 E_h^2, pmove=0.41
2026-06-02 19:57:31,127 - Step 01707: 9.6478 E_h, exp. variance=5821.0737 E_h^2, pmove=0.42
2026-06-02 19:57:31,783 - Step 01708: 13.4316 E_h, exp. variance=5267.7109 E_h^2, pmove=0.41
2026-06-02 19:57:32,438 - Step 01709: 38.8814 E_h, exp. variance=4748.8340 E_h^2, pmove=0.41
2026-06-02 19:57:33,093 - Step 01710: 9.6026 E_h, exp. variance=4313.0747 E_h^2, pmove=0.41
2026-06-02 19:57:33,749 - Step 01711: 14.5772 E_h, exp. variance=3898.8821 E_h^2, pmove=0.42
2026-06-02 19:57:34,406 - Step 01712: 12.6120 E_h, exp. variance=3527.5950 E_h^2, pmove=0.42
2026-06-02 19:57:35,061 - Step 01713: 8.5049 E_h, exp. variance=3200.9858 E_h^2, pmove=0.41
2026-06-02 19:57:35,716 - Step 01714: 9.8490 E_h, exp. variance=2898.5198 E_h^2, pmove=0.41
2026-06-02 19:57:36,372 - Step 01715: 11.3434 E_h, exp. variance=2619.7629 E_h^2, pmove=0.40
2026-06-02 19:57:37,027 - Step 01716: 22.0208 E_h, exp. variance=2357.8289 E_h^2, pmove=0.40
2026-06-02 19:57:37,682 - Step 01717: 73.2615 E_h, exp. variance=2364.0684 E_h^2, pmove=0.40
2026-06-02 19:57:38,338 - Step 01718: 8.9026 E_h, exp. variance=2155.8184 E_h^2, pmove=0.40
2026-06-02 19:57:38,994 - Step 01719: 19.5062 E_h, exp. variance=1942.7792 E_h^2, pmove=0.40
2026-06-02 19:57:39,650 - Step 01720: 8.9642 E_h, exp. variance=1769.6404 E_h^2, pmove=0.39
2026-06-02 19:57:40,311 - Step 01721: 7.8338 E_h, exp. variance=1612.7206 E_h^2, pmove=0.39
2026-06-02 19:57:40,968 - Step 01722: 23.2736 E_h, exp. variance=1451.8115 E_h^2, pmove=0.38
2026-06-02 19:57:41,624 - Step 01723: 193.5398 E_h, exp. variance=3971.4785 E_h^2, pmove=0.38
2026-06-02 19:57:42,279 - Step 01724: 46.8725 E_h, exp. variance=3580.3809 E_h^2, pmove=0.39
2026-06-02 19:57:42,936 - Step 01725: 27.2034 E_h, exp. variance=3235.9360 E_h^2, pmove=0.38
2026-06-02 19:57:43,591 - Step 01726: 10.8781 E_h, exp. variance=2979.8420 E_h^2, pmove=0.38
2026-06-02 19:57:44,247 - Step 01727: 10.0837 E_h, exp. variance=2740.1138 E_h^2, pmove=0.38
2026-06-02 19:57:44,903 - Step 01728: 6.8951 E_h, exp. variance=2527.3472 E_h^2, pmove=0.38
2026-06-02 19:57:45,559 - Step 01729: 7.2042 E_h, exp. variance=2322.9231 E_h^2, pmove=0.39
2026-06-02 19:57:46,215 - Step 01730: 21.2027 E_h, exp. variance=2094.8579 E_h^2, pmove=0.38
2026-06-02 19:57:46,872 - Step 01731: 6.4412 E_h, exp. variance=1924.7957 E_h^2, pmove=0.38
2026-06-02 19:57:47,529 - Step 01732: 5.9251 E_h, exp. variance=1766.0228 E_h^2, pmove=0.38
2026-06-02 19:57:48,186 - Step 01733: 5.6112 E_h, exp. variance=1617.7161 E_h^2, pmove=0.38
2026-06-02 19:57:48,841 - Step 01734: 6.1860 E_h, exp. variance=1477.2427 E_h^2, pmove=0.37
2026-06-02 19:57:49,497 - Step 01735: 5.6513 E_h, exp. variance=1348.1281 E_h^2, pmove=0.37
2026-06-02 19:57:50,153 - Step 01736: 12.4109 E_h, exp. variance=1216.7549 E_h^2, pmove=0.37
2026-06-02 19:57:50,810 - Step 01737: 6.6112 E_h, exp. variance=1106.7012 E_h^2, pmove=0.37
2026-06-02 19:57:51,467 - Step 01738: 5.5986 E_h, exp. variance=1007.4011 E_h^2, pmove=0.37
2026-06-02 19:57:52,123 - Step 01739: 8.5395 E_h, exp. variance=911.2941 E_h^2, pmove=0.38
2026-06-02 19:57:52,778 - Step 01740: 6.8251 E_h, exp. variance=826.1748 E_h^2, pmove=0.37
2026-06-02 19:57:53,433 - Step 01741: 6.2028 E_h, exp. variance=749.2841 E_h^2, pmove=0.37
2026-06-02 19:57:54,089 - Step 01742: 7.4984 E_h, exp. variance=677.4713 E_h^2, pmove=0.37
2026-06-02 19:57:54,746 - Step 01743: 11.9615 E_h, exp. variance=609.7864 E_h^2, pmove=0.37
2026-06-02 19:57:55,401 - Step 01744: 17.7694 E_h, exp. variance=551.1111 E_h^2, pmove=0.38
2026-06-02 19:57:56,057 - Step 01745: 6.1143 E_h, exp. variance=500.5395 E_h^2, pmove=0.36
2026-06-02 19:57:56,713 - Step 01746: 5.7417 E_h, exp. variance=454.6038 E_h^2, pmove=0.37
2026-06-02 19:57:57,369 - Step 01747: 574.1918 E_h, exp. variance=28871.7402 E_h^2, pmove=0.36
2026-06-02 19:57:58,025 - Step 01748: 8.0503 E_h, exp. variance=26308.7344 E_h^2, pmove=0.36
2026-06-02 19:57:58,682 - Step 01749: 7.1231 E_h, exp. variance=23949.5293 E_h^2, pmove=0.35
2026-06-02 19:57:59,338 - Step 01750: 6927.4009 E_h, exp. variance=4270303.0000 E_h^2, pmove=0.35
2026-06-02 19:57:59,994 - Step 01751: 14.2844 E_h, exp. variance=3891150.7500 E_h^2, pmove=0.34
2026-06-02 19:58:00,652 - Step 01752: 11.2514 E_h, exp. variance=3541176.2500 E_h^2, pmove=0.34
2026-06-02 19:58:01,307 - Step 01753: 27.7183 E_h, exp. variance=3217027.5000 E_h^2, pmove=0.34
2026-06-02 19:58:01,961 - Step 01754: 5.0265 E_h, exp. variance=2921767.0000 E_h^2, pmove=0.34
2026-06-02 19:58:02,617 - Step 01755: 16.5747 E_h, exp. variance=2650006.5000 E_h^2, pmove=0.34
2026-06-02 19:58:03,273 - Step 01756: 5.7023 E_h, exp. variance=2402392.7500 E_h^2, pmove=0.34
2026-06-02 19:58:03,928 - Step 01757: 12.3623 E_h, exp. variance=2175766.5000 E_h^2, pmove=0.34
2026-06-02 19:58:04,584 - Step 01758: 7.8810 E_h, exp. variance=1969500.5000 E_h^2, pmove=0.33
2026-06-02 19:58:05,239 - Step 01759: 7.3959 E_h, exp. variance=1781740.0000 E_h^2, pmove=0.34
2026-06-02 19:58:05,895 - Step 01760: 9.4332 E_h, exp. variance=1610904.5000 E_h^2, pmove=0.34
2026-06-02 19:58:06,552 - Step 01761: 6.2623 E_h, exp. variance=1455905.7500 E_h^2, pmove=0.34
2026-06-02 19:58:07,207 - Step 01762: 5.7870 E_h, exp. variance=1315269.5000 E_h^2, pmove=0.33
2026-06-02 19:58:07,862 - Step 01763: 12.7164 E_h, exp. variance=1187496.5000 E_h^2, pmove=0.34
2026-06-02 19:58:08,518 - Step 01764: 7.8753 E_h, exp. variance=1071949.7500 E_h^2, pmove=0.34
2026-06-02 19:58:09,173 - Step 01765: 5.7890 E_h, exp. variance=967413.3750 E_h^2, pmove=0.33
2026-06-02 19:58:09,830 - Step 01766: 7.8994 E_h, exp. variance=872767.1250 E_h^2, pmove=0.33
2026-06-02 19:58:10,486 - Step 01767: 47.9829 E_h, exp. variance=786341.3125 E_h^2, pmove=0.33
2026-06-02 19:58:11,141 - Step 01768: 5.8957 E_h, exp. variance=709218.7500 E_h^2, pmove=0.32
2026-06-02 19:58:11,797 - Step 01769: 4.3233 E_h, exp. variance=639554.5000 E_h^2, pmove=0.33
2026-06-02 19:58:12,452 - Step 01770: 4.4913 E_h, exp. variance=576614.5000 E_h^2, pmove=0.33
2026-06-02 19:58:13,109 - Step 01771: 3.7802 E_h, exp. variance=519787.8438 E_h^2, pmove=0.33
2026-06-02 19:58:13,765 - Step 01772: 57.6761 E_h, exp. variance=467905.7812 E_h^2, pmove=0.33
2026-06-02 19:58:14,421 - Step 01773: 9.3625 E_h, exp. variance=421660.1875 E_h^2, pmove=0.33
2026-06-02 19:58:15,077 - Step 01774: 3.9962 E_h, exp. variance=380005.8750 E_h^2, pmove=0.33
2026-06-02 19:58:15,732 - Step 01775: 4.6386 E_h, exp. variance=342411.9375 E_h^2, pmove=0.32
2026-06-02 19:58:16,389 - Step 01776: 3.0579 E_h, exp. variance=308517.5625 E_h^2, pmove=0.33
2026-06-02 19:58:17,045 - Step 01777: 2.9880 E_h, exp. variance=277947.4375 E_h^2, pmove=0.33
2026-06-02 19:58:17,701 - Step 01778: 5.0351 E_h, exp. variance=250362.6406 E_h^2, pmove=0.32
2026-06-02 19:58:18,357 - Step 01779: 2.5169 E_h, exp. variance=225516.7031 E_h^2, pmove=0.32
2026-06-02 19:58:19,014 - Step 01780: 6.8885 E_h, exp. variance=203088.3594 E_h^2, pmove=0.32
2026-06-02 19:58:19,673 - Step 01781: 3.1107 E_h, exp. variance=182903.3594 E_h^2, pmove=0.32
2026-06-02 19:58:20,333 - Step 01782: 28.1700 E_h, exp. variance=164619.2656 E_h^2, pmove=0.32
2026-06-02 19:58:20,994 - Step 01783: 4.9034 E_h, exp. variance=148242.4844 E_h^2, pmove=0.32
2026-06-02 19:58:21,651 - Step 01784: 3.8058 E_h, exp. variance=133492.7812 E_h^2, pmove=0.31
2026-06-02 19:58:22,307 - Step 01785: 2.9453 E_h, exp. variance=120207.9609 E_h^2, pmove=0.31
2026-06-02 19:58:22,965 - Step 01786: 4.9106 E_h, exp. variance=108231.2031 E_h^2, pmove=0.31
2026-06-02 19:58:23,621 - Step 01787: 2.2499 E_h, exp. variance=97453.9219 E_h^2, pmove=0.30
2026-06-02 19:58:24,277 - Step 01788: 3.1577 E_h, exp. variance=87742.4219 E_h^2, pmove=0.30
2026-06-02 19:58:24,933 - Step 01789: 2.0952 E_h, exp. variance=78999.0703 E_h^2, pmove=0.30
2026-06-02 19:58:25,588 - Step 01790: 24.1320 E_h, exp. variance=71101.7500 E_h^2, pmove=0.30
2026-06-02 19:58:26,247 - Step 01791: 2.6931 E_h, exp. variance=64016.4141 E_h^2, pmove=0.29
2026-06-02 19:58:26,902 - Step 01792: 1.6352 E_h, exp. variance=57637.8359 E_h^2, pmove=0.29
2026-06-02 19:58:27,559 - Step 01793: 2.1972 E_h, exp. variance=51891.3047 E_h^2, pmove=0.29
2026-06-02 19:58:28,214 - Step 01794: 2.2995 E_h, exp. variance=46715.9219 E_h^2, pmove=0.29
2026-06-02 19:58:28,869 - Step 01795: 1.0045 E_h, exp. variance=42058.2070 E_h^2, pmove=0.29
2026-06-02 19:58:29,527 - Step 01796: 0.7086 E_h, exp. variance=37864.2305 E_h^2, pmove=0.28
2026-06-02 19:58:30,183 - Step 01797: 17.5074 E_h, exp. variance=34081.5781 E_h^2, pmove=0.28
2026-06-02 19:58:30,839 - Step 01798: 5.2926 E_h, exp. variance=30677.0938 E_h^2, pmove=0.28
2026-06-02 19:58:31,495 - Step 01799: 0.8730 E_h, exp. variance=27618.6914 E_h^2, pmove=0.28
2026-06-02 19:58:32,152 - Step 01800: 0.5958 E_h, exp. variance=24864.8242 E_h^2, pmove=0.27
2026-06-02 19:58:32,812 - Step 01801: 0.2708 E_h, exp. variance=22385.3281 E_h^2, pmove=0.28
2026-06-02 19:58:33,468 - Step 01802: 0.7367 E_h, exp. variance=20151.8105 E_h^2, pmove=0.27
2026-06-02 19:58:34,124 - Step 01803: 0.4274 E_h, exp. variance=18141.0742 E_h^2, pmove=0.27
2026-06-02 19:58:34,780 - Step 01804: 0.0364 E_h, exp. variance=16331.0254 E_h^2, pmove=0.27
2026-06-02 19:58:35,438 - Step 01805: 0.1762 E_h, exp. variance=14701.0605 E_h^2, pmove=0.28
2026-06-02 19:58:36,095 - Step 01806: -0.0565 E_h, exp. variance=13233.7227 E_h^2, pmove=0.28
2026-06-02 19:58:36,751 - Step 01807: 0.6328 E_h, exp. variance=11912.0166 E_h^2, pmove=0.27
2026-06-02 19:58:37,406 - Step 01808: -0.1032 E_h, exp. variance=10722.7266 E_h^2, pmove=0.27
2026-06-02 19:58:38,063 - Step 01809: -0.3432 E_h, exp. variance=9652.1855 E_h^2, pmove=0.27
2026-06-02 19:58:38,721 - Step 01810: -0.5697 E_h, exp. variance=8688.5352 E_h^2, pmove=0.27
2026-06-02 19:58:39,377 - Step 01811: -0.8210 E_h, exp. variance=7821.1279 E_h^2, pmove=0.27
2026-06-02 19:58:40,035 - Step 01812: 1.9907 E_h, exp. variance=7039.0723 E_h^2, pmove=0.27
2026-06-02 19:58:40,692 - Step 01813: -0.8345 E_h, exp. variance=6336.2939 E_h^2, pmove=0.27
2026-06-02 19:58:41,348 - Step 01814: -0.6685 E_h, exp. variance=5703.4863 E_h^2, pmove=0.27
2026-06-02 19:58:42,008 - Step 01815: -1.0505 E_h, exp. variance=5134.0034 E_h^2, pmove=0.26
2026-06-02 19:58:42,665 - Step 01816: -0.4774 E_h, exp. variance=4621.0459 E_h^2, pmove=0.26
2026-06-02 19:58:43,321 - Step 01817: 46.8792 E_h, exp. variance=4344.1191 E_h^2, pmove=0.26
2026-06-02 19:58:43,978 - Step 01818: -1.5543 E_h, exp. variance=3914.9187 E_h^2, pmove=0.26
2026-06-02 19:58:44,635 - Step 01819: -1.6977 E_h, exp. variance=3527.8267 E_h^2, pmove=0.27
2026-06-02 19:58:45,294 - Step 01820: 4.5822 E_h, exp. variance=3175.0439 E_h^2, pmove=0.27
2026-06-02 19:58:45,950 - Step 01821: -1.4486 E_h, exp. variance=2860.8252 E_h^2, pmove=0.27
2026-06-02 19:58:46,606 - Step 01822: -1.8284 E_h, exp. variance=2577.7888 E_h^2, pmove=0.27
2026-06-02 19:58:47,265 - Step 01823: 2.7821 E_h, exp. variance=2320.0449 E_h^2, pmove=0.27
2026-06-02 19:58:47,920 - Step 01824: -1.2377 E_h, exp. variance=2089.9307 E_h^2, pmove=0.26
2026-06-02 19:58:48,578 - Step 01825: -1.6626 E_h, exp. variance=1882.8004 E_h^2, pmove=0.27
2026-06-02 19:58:49,236 - Step 01826: -1.6448 E_h, exp. variance=1696.0161 E_h^2, pmove=0.26
2026-06-02 19:58:49,892 - Step 01827: -1.7864 E_h, exp. variance=1527.7214 E_h^2, pmove=0.27
2026-06-02 19:58:50,549 - Step 01828: -1.8858 E_h, exp. variance=1376.0701 E_h^2, pmove=0.27
2026-06-02 19:58:51,206 - Step 01829: -1.9370 E_h, exp. variance=1239.4004 E_h^2, pmove=0.26
2026-06-02 19:58:51,865 - Step 01830: -1.7430 E_h, exp. variance=1116.1216 E_h^2, pmove=0.27
2026-06-02 19:58:52,522 - Step 01831: -1.2357 E_h, exp. variance=1004.8453 E_h^2, pmove=0.26
2026-06-02 19:58:53,179 - Step 01832: -2.2680 E_h, exp. variance=905.0520 E_h^2, pmove=0.27
2026-06-02 19:58:53,836 - Step 01833: -1.6353 E_h, exp. variance=814.8586 E_h^2, pmove=0.26
2026-06-02 19:58:54,492 - Step 01834: -2.2325 E_h, exp. variance=733.8375 E_h^2, pmove=0.27
2026-06-02 19:58:55,150 - Step 01835: -2.3776 E_h, exp. variance=660.8856 E_h^2, pmove=0.27
2026-06-02 19:58:55,807 - Step 01836: -2.4499 E_h, exp. variance=595.1729 E_h^2, pmove=0.26
2026-06-02 19:58:56,464 - Step 01837: -2.8028 E_h, exp. variance=536.0881 E_h^2, pmove=0.27
2026-06-02 19:58:57,121 - Step 01838: -2.9286 E_h, exp. variance=482.8758 E_h^2, pmove=0.27
2026-06-02 19:58:57,778 - Step 01839: -2.8999 E_h, exp. variance=434.8996 E_h^2, pmove=0.27
2026-06-02 19:58:58,435 - Step 01840: -2.9400 E_h, exp. variance=391.6741 E_h^2, pmove=0.27
2026-06-02 19:58:59,092 - Step 01841: -3.1207 E_h, exp. variance=352.7740 E_h^2, pmove=0.27
2026-06-02 19:58:59,749 - Step 01842: -2.9633 E_h, exp. variance=317.6714 E_h^2, pmove=0.27
2026-06-02 19:59:00,406 - Step 01843: -3.3119 E_h, exp. variance=286.1356 E_h^2, pmove=0.27
2026-06-02 19:59:01,063 - Step 01844: -3.2260 E_h, exp. variance=257.6877 E_h^2, pmove=0.28
2026-06-02 19:59:01,721 - Step 01845: -3.1834 E_h, exp. variance=232.0439 E_h^2, pmove=0.28
2026-06-02 19:59:02,383 - Step 01846: -3.5516 E_h, exp. variance=209.0233 E_h^2, pmove=0.28
2026-06-02 19:59:03,040 - Step 01847: -3.7428 E_h, exp. variance=188.3173 E_h^2, pmove=0.28
2026-06-02 19:59:03,696 - Step 01848: -3.6453 E_h, exp. variance=169.6222 E_h^2, pmove=0.28
2026-06-02 19:59:04,353 - Step 01849: -3.4812 E_h, exp. variance=152.7403 E_h^2, pmove=0.28
2026-06-02 19:59:05,010 - Step 01850: -3.7286 E_h, exp. variance=137.5747 E_h^2, pmove=0.28
2026-06-02 19:59:05,666 - Step 01851: -1.8479 E_h, exp. variance=123.8890 E_h^2, pmove=0.28
2026-06-02 19:59:06,322 - Step 01852: -3.6521 E_h, exp. variance=111.5902 E_h^2, pmove=0.27
2026-06-02 19:59:06,979 - Step 01853: -3.5236 E_h, exp. variance=100.4848 E_h^2, pmove=0.28
2026-06-02 19:59:07,637 - Step 01854: -3.5289 E_h, exp. variance=90.4804 E_h^2, pmove=0.28
2026-06-02 19:59:08,294 - Step 01855: -3.7443 E_h, exp. variance=81.4967 E_h^2, pmove=0.28
2026-06-02 19:59:08,950 - Step 01856: -3.7780 E_h, exp. variance=73.4039 E_h^2, pmove=0.28
2026-06-02 19:59:09,607 - Step 01857: 8.8446 E_h, exp. variance=78.8243 E_h^2, pmove=0.28
2026-06-02 19:59:10,264 - Step 01858: -4.2821 E_h, exp. variance=71.4646 E_h^2, pmove=0.28
2026-06-02 19:59:10,922 - Step 01859: -4.4522 E_h, exp. variance=64.8106 E_h^2, pmove=0.28
2026-06-02 19:59:11,579 - Step 01860: -0.7293 E_h, exp. variance=58.5651 E_h^2, pmove=0.28
2026-06-02 19:59:12,237 - Step 01861: -3.6437 E_h, exp. variance=52.9000 E_h^2, pmove=0.28
2026-06-02 19:59:12,895 - Step 01862: 440.3351 E_h, exp. variance=17683.4062 E_h^2, pmove=0.29
2026-06-02 19:59:13,553 - Step 01863: -4.0290 E_h, exp. variance=16105.2109 E_h^2, pmove=0.28
2026-06-02 19:59:14,211 - Step 01864: -3.9649 E_h, exp. variance=14648.2305 E_h^2, pmove=0.29
2026-06-02 19:59:14,869 - Step 01865: -4.4485 E_h, exp. variance=13311.0332 E_h^2, pmove=0.29
2026-06-02 19:59:15,526 - Step 01866: -4.7078 E_h, exp. variance=12084.8945 E_h^2, pmove=0.29
2026-06-02 19:59:16,184 - Step 01867: -4.6773 E_h, exp. variance=10961.2578 E_h^2, pmove=0.29
2026-06-02 19:59:16,184 - Saving checkpoint results/bilayer-bosons/BosonNet/N24_layers12_12_rs3.0_d2.0_D20.0_sq/qmcjax_ckpt_001867.npz
2026-06-02 19:59:16,888 - Step 01868: -4.8255 E_h, exp. variance=9934.6016 E_h^2, pmove=0.30
2026-06-02 19:59:17,546 - Step 01869: -4.9201 E_h, exp. variance=8997.8389 E_h^2, pmove=0.30
2026-06-02 19:59:18,204 - Step 01870: -4.7760 E_h, exp. variance=8143.3960 E_h^2, pmove=0.30
2026-06-02 19:59:18,860 - Step 01871: -2.2943 E_h, exp. variance=7357.3125 E_h^2, pmove=0.30
2026-06-02 19:59:19,517 - Step 01872: 7.7469 E_h, exp. variance=6624.7202 E_h^2, pmove=0.29
2026-06-02 19:59:20,178 - Step 01873: -4.8855 E_h, exp. variance=5991.2388 E_h^2, pmove=0.30
2026-06-02 19:59:20,835 - Step 01874: -4.9748 E_h, exp. variance=5415.8574 E_h^2, pmove=0.30
2026-06-02 19:59:21,492 - Step 01875: -5.0695 E_h, exp. variance=4893.7534 E_h^2, pmove=0.30
2026-06-02 19:59:22,149 - Step 01876: -4.9370 E_h, exp. variance=4419.8442 E_h^2, pmove=0.30
2026-06-02 19:59:22,807 - Step 01877: -5.1535 E_h, exp. variance=3990.8513 E_h^2, pmove=0.30
2026-06-02 19:59:23,467 - Step 01878: -5.1500 E_h, exp. variance=3602.2825 E_h^2, pmove=0.31
2026-06-02 19:59:24,125 - Step 01879: -5.3268 E_h, exp. variance=3250.8848 E_h^2, pmove=0.30
2026-06-02 19:59:24,782 - Step 01880: -5.1705 E_h, exp. variance=2932.7002 E_h^2, pmove=0.31
2026-06-02 19:59:25,437 - Step 01881: -5.1291 E_h, exp. variance=2644.9639 E_h^2, pmove=0.31
2026-06-02 19:59:26,094 - Step 01882: -5.1196 E_h, exp. variance=2384.9377 E_h^2, pmove=0.30
2026-06-02 19:59:26,755 - Step 01883: -5.2240 E_h, exp. variance=2150.1851 E_h^2, pmove=0.30
2026-06-02 19:59:27,411 - Step 01884: -5.5139 E_h, exp. variance=1938.5072 E_h^2, pmove=0.30
2026-06-02 19:59:28,067 - Step 01885: -5.3971 E_h, exp. variance=1747.2483 E_h^2, pmove=0.30
2026-06-02 19:59:28,724 - Step 01886: -1.2365 E_h, exp. variance=1572.5637 E_h^2, pmove=0.31
2026-06-02 19:59:29,383 - Step 01887: -5.3835 E_h, exp. variance=1417.3373 E_h^2, pmove=0.30
2026-06-02 19:59:30,039 - Step 01888: -4.7444 E_h, exp. variance=1276.7928 E_h^2, pmove=0.30
2026-06-02 19:59:30,697 - Step 01889: -5.1895 E_h, exp. variance=1150.3568 E_h^2, pmove=0.31
2026-06-02 19:59:31,356 - Step 01890: -5.5771 E_h, exp. variance=1036.5751 E_h^2, pmove=0.31
2026-06-02 19:59:32,015 - Step 01891: -5.6989 E_h, exp. variance=934.0082 E_h^2, pmove=0.31
2026-06-02 19:59:32,676 - Step 01892: -5.5946 E_h, exp. variance=841.4330 E_h^2, pmove=0.31
2026-06-02 19:59:33,338 - Step 01893: -5.7281 E_h, exp. variance=758.0256 E_h^2, pmove=0.31
2026-06-02 19:59:33,996 - Step 01894: -5.7653 E_h, exp. variance=682.8364 E_h^2, pmove=0.31
2026-06-02 19:59:34,656 - Step 01895: -5.8574 E_h, exp. variance=615.0894 E_h^2, pmove=0.32
2026-06-02 19:59:35,315 - Step 01896: -5.9349 E_h, exp. variance=554.0462 E_h^2, pmove=0.31
2026-06-02 19:59:35,976 - Step 01897: -5.8258 E_h, exp. variance=498.9797 E_h^2, pmove=0.31
2026-06-02 19:59:36,634 - Step 01898: -5.7729 E_h, exp. variance=449.3393 E_h^2, pmove=0.31
2026-06-02 19:59:37,293 - Step 01899: -5.7776 E_h, exp. variance=404.6153 E_h^2, pmove=0.31
2026-06-02 19:59:37,952 - Step 01900: -5.8589 E_h, exp. variance=364.3445 E_h^2, pmove=0.31
2026-06-02 19:59:38,613 - Step 01901: -5.9013 E_h, exp. variance=328.0747 E_h^2, pmove=0.32
2026-06-02 19:59:39,272 - Step 01902: -5.3801 E_h, exp. variance=295.3108 E_h^2, pmove=0.31
2026-06-02 19:59:39,930 - Step 01903: -5.7474 E_h, exp. variance=265.8687 E_h^2, pmove=0.32
2026-06-02 19:59:40,588 - Step 01904: -5.9658 E_h, exp. variance=239.3932 E_h^2, pmove=0.31
2026-06-02 19:59:41,247 - Step 01905: -6.0765 E_h, exp. variance=215.5652 E_h^2, pmove=0.31
2026-06-02 19:59:41,909 - Step 01906: -6.0676 E_h, exp. variance=194.0973 E_h^2, pmove=0.31
2026-06-02 19:59:42,572 - Step 01907: -5.9601 E_h, exp. variance=174.7431 E_h^2, pmove=0.31
2026-06-02 19:59:43,231 - Step 01908: -5.3029 E_h, exp. variance=157.2690 E_h^2, pmove=0.31
2026-06-02 19:59:43,889 - Step 01909: -5.6922 E_h, exp. variance=141.5591 E_h^2, pmove=0.31
2026-06-02 19:59:44,548 - Step 01910: -5.8409 E_h, exp. variance=127.4293 E_h^2, pmove=0.31
2026-06-02 19:59:45,209 - Step 01911: -6.0871 E_h, exp. variance=114.7346 E_h^2, pmove=0.31
2026-06-02 19:59:45,867 - Step 01912: -5.9977 E_h, exp. variance=103.2902 E_h^2, pmove=0.31
2026-06-02 19:59:46,526 - Step 01913: -5.8973 E_h, exp. variance=92.9765 E_h^2, pmove=0.31
2026-06-02 19:59:47,186 - Step 01914: -5.9523 E_h, exp. variance=83.6951 E_h^2, pmove=0.31
2026-06-02 19:59:47,847 - Step 01915: -5.5450 E_h, exp. variance=75.3257 E_h^2, pmove=0.31
2026-06-02 19:59:48,506 - Step 01916: -5.9851 E_h, exp. variance=67.8088 E_h^2, pmove=0.31
2026-06-02 19:59:49,165 - Step 01917: -6.1352 E_h, exp. variance=61.0529 E_h^2, pmove=0.31
2026-06-02 19:59:49,825 - Step 01918: -6.2182 E_h, exp. variance=54.9755 E_h^2, pmove=0.31
2026-06-02 19:59:50,483 - Step 01919: -6.1969 E_h, exp. variance=49.4987 E_h^2, pmove=0.31
2026-06-02 19:59:51,142 - Step 01920: -6.2616 E_h, exp. variance=44.5710 E_h^2, pmove=0.31
2026-06-02 19:59:51,799 - Step 01921: -6.1475 E_h, exp. variance=40.1239 E_h^2, pmove=0.31
2026-06-02 19:59:52,457 - Step 01922: -6.2717 E_h, exp. variance=36.1277 E_h^2, pmove=0.31
2026-06-02 19:59:53,115 - Step 01923: -6.2433 E_h, exp. variance=32.5261 E_h^2, pmove=0.31
2026-06-02 19:59:53,772 - Step 01924: -6.3641 E_h, exp. variance=29.2908 E_h^2, pmove=0.31
2026-06-02 19:59:54,433 - Step 01925: -6.3738 E_h, exp. variance=26.3764 E_h^2, pmove=0.31
2026-06-02 19:59:55,092 - Step 01926: -6.2470 E_h, exp. variance=23.7438 E_h^2, pmove=0.32
2026-06-02 19:59:55,749 - Step 01927: -6.3682 E_h, exp. variance=21.3795 E_h^2, pmove=0.31
2026-06-02 19:59:56,407 - Step 01928: -6.3387 E_h, exp. variance=19.2482 E_h^2, pmove=0.31
2026-06-02 19:59:57,066 - Step 01929: -6.4200 E_h, exp. variance=17.3330 E_h^2, pmove=0.31
2026-06-02 19:59:57,725 - Step 01930: -6.3385 E_h, exp. variance=15.6037 E_h^2, pmove=0.31
2026-06-02 19:59:58,383 - Step 01931: -6.2453 E_h, exp. variance=14.0442 E_h^2, pmove=0.31
2026-06-02 19:59:59,042 - Step 01932: -6.3435 E_h, exp. variance=12.6429 E_h^2, pmove=0.31
2026-06-02 19:59:59,700 - Step 01933: -6.5585 E_h, exp. variance=11.3917 E_h^2, pmove=0.31
2026-06-02 20:00:00,361 - Step 01934: -6.5676 E_h, exp. variance=10.2638 E_h^2, pmove=0.31
2026-06-02 20:00:01,019 - Step 01935: -6.4047 E_h, exp. variance=9.2395 E_h^2, pmove=0.31
2026-06-02 20:00:01,676 - Step 01936: -6.3415 E_h, exp. variance=8.3161 E_h^2, pmove=0.31
2026-06-02 20:00:02,335 - Step 01937: -6.4404 E_h, exp. variance=7.4870 E_h^2, pmove=0.31
2026-06-02 20:00:02,993 - Step 01938: -3.8822 E_h, exp. variance=7.2600 E_h^2, pmove=0.32
2026-06-02 20:00:03,652 - Step 01939: -6.2027 E_h, exp. variance=6.5361 E_h^2, pmove=0.31
2026-06-02 20:00:04,311 - Step 01940: -6.5584 E_h, exp. variance=5.9044 E_h^2, pmove=0.32
2026-06-02 20:00:04,969 - Step 01941: -6.6224 E_h, exp. variance=5.3373 E_h^2, pmove=0.32
2026-06-02 20:00:05,627 - Step 01942: -6.5694 E_h, exp. variance=4.8183 E_h^2, pmove=0.31
2026-06-02 20:00:06,287 - Step 01943: -6.5445 E_h, exp. variance=4.3468 E_h^2, pmove=0.31
2026-06-02 20:00:06,946 - Step 01944: -6.5409 E_h, exp. variance=3.9204 E_h^2, pmove=0.32
2026-06-02 20:00:07,604 - Step 01945: -6.7695 E_h, exp. variance=3.5509 E_h^2, pmove=0.31
2026-06-02 20:00:08,262 - Step 01946: -6.6649 E_h, exp. variance=3.2065 E_h^2, pmove=0.31
2026-06-02 20:00:08,920 - Step 01947: -6.6609 E_h, exp. variance=2.8944 E_h^2, pmove=0.32
2026-06-02 20:00:09,578 - Step 01948: -6.6225 E_h, exp. variance=2.6100 E_h^2, pmove=0.32
2026-06-02 20:00:10,236 - Step 01949: -6.7904 E_h, exp. variance=2.3622 E_h^2, pmove=0.32
2026-06-02 20:00:10,894 - Step 01950: -6.7992 E_h, exp. variance=2.1371 E_h^2, pmove=0.32
2026-06-02 20:00:11,551 - Step 01951: -6.7164 E_h, exp. variance=1.9284 E_h^2, pmove=0.32
2026-06-02 20:00:12,209 - Step 01952: -6.6606 E_h, exp. variance=1.7377 E_h^2, pmove=0.32
2026-06-02 20:00:12,868 - Step 01953: -6.3542 E_h, exp. variance=1.5664 E_h^2, pmove=0.32
2026-06-02 20:00:13,527 - Step 01954: -6.5691 E_h, exp. variance=1.4102 E_h^2, pmove=0.32
2026-06-02 20:00:14,185 - Step 01955: -6.8300 E_h, exp. variance=1.2783 E_h^2, pmove=0.32
2026-06-02 20:00:14,846 - Step 01956: -6.7168 E_h, exp. variance=1.1532 E_h^2, pmove=0.31
2026-06-02 20:00:15,506 - Step 01957: -6.7858 E_h, exp. variance=1.0425 E_h^2, pmove=0.31
2026-06-02 20:00:16,165 - Step 01958: -6.8110 E_h, exp. variance=0.9429 E_h^2, pmove=0.31
2026-06-02 20:00:16,825 - Step 01959: -6.8583 E_h, exp. variance=0.8544 E_h^2, pmove=0.32
2026-06-02 20:00:17,485 - Step 01960: -6.8276 E_h, exp. variance=0.7725 E_h^2, pmove=0.32
2026-06-02 20:00:18,143 - Step 01961: -6.7938 E_h, exp. variance=0.6971 E_h^2, pmove=0.32
2026-06-02 20:00:18,802 - Step 01962: -6.7187 E_h, exp. variance=0.6276 E_h^2, pmove=0.32
2026-06-02 20:00:19,459 - Step 01963: -6.0983 E_h, exp. variance=0.5943 E_h^2, pmove=0.31
2026-06-02 20:00:20,117 - Step 01964: -6.2390 E_h, exp. variance=0.5475 E_h^2, pmove=0.31
2026-06-02 20:00:20,775 - Step 01965: -6.8806 E_h, exp. variance=0.5011 E_h^2, pmove=0.32
2026-06-02 20:00:21,433 - Step 01966: -6.7363 E_h, exp. variance=0.4525 E_h^2, pmove=0.31
2026-06-02 20:00:22,092 - Step 01967: -6.6449 E_h, exp. variance=0.4073 E_h^2, pmove=0.31
2026-06-02 20:00:22,751 - Step 01968: -6.7738 E_h, exp. variance=0.3687 E_h^2, pmove=0.31
2026-06-02 20:00:23,409 - Step 01969: -6.8524 E_h, exp. variance=0.3360 E_h^2, pmove=0.31
2026-06-02 20:00:24,067 - Step 01970: -6.7336 E_h, exp. variance=0.3029 E_h^2, pmove=0.31
2026-06-02 20:00:24,726 - Step 01971: -5.6427 E_h, exp. variance=0.3668 E_h^2, pmove=0.31
2026-06-02 20:00:25,383 - Step 01972: -6.4664 E_h, exp. variance=0.3310 E_h^2, pmove=0.31
2026-06-02 20:00:26,041 - Step 01973: -6.8773 E_h, exp. variance=0.3073 E_h^2, pmove=0.31
2026-06-02 20:00:26,698 - Step 01974: -6.9157 E_h, exp. variance=0.2864 E_h^2, pmove=0.31
2026-06-02 20:00:27,355 - Step 01975: -6.7529 E_h, exp. variance=0.2593 E_h^2, pmove=0.31
2026-06-02 20:00:28,017 - Step 01976: -6.8077 E_h, exp. variance=0.2362 E_h^2, pmove=0.31
2026-06-02 20:00:28,674 - Step 01977: -6.7293 E_h, exp. variance=0.2131 E_h^2, pmove=0.31
2026-06-02 20:00:29,333 - Step 01978: -6.9096 E_h, exp. variance=0.1975 E_h^2, pmove=0.31
2026-06-02 20:00:29,991 - Step 01979: -6.8393 E_h, exp. variance=0.1799 E_h^2, pmove=0.31
2026-06-02 20:00:30,648 - Step 01980: -6.8739 E_h, exp. variance=0.1647 E_h^2, pmove=0.31
2026-06-02 20:00:31,307 - Step 01981: -6.3857 E_h, exp. variance=0.1581 E_h^2, pmove=0.31
2026-06-02 20:00:31,965 - Step 01982: -7.0659 E_h, exp. variance=0.1554 E_h^2, pmove=0.31
2026-06-02 20:00:32,622 - Step 01983: -7.0698 E_h, exp. variance=0.1508 E_h^2, pmove=0.31
2026-06-02 20:00:33,280 - Step 01984: -7.0701 E_h, exp. variance=0.1446 E_h^2, pmove=0.32
2026-06-02 20:00:33,940 - Step 01985: -6.9253 E_h, exp. variance=0.1318 E_h^2, pmove=0.31
2026-06-02 20:00:34,600 - Step 01986: -6.6043 E_h, exp. variance=0.1222 E_h^2, pmove=0.31
2026-06-02 20:00:35,258 - Step 01987: -7.1680 E_h, exp. variance=0.1234 E_h^2, pmove=0.32
2026-06-02 20:00:35,916 - Step 01988: -7.0114 E_h, exp. variance=0.1143 E_h^2, pmove=0.32
2026-06-02 20:00:36,575 - Step 01989: -7.1482 E_h, exp. variance=0.1115 E_h^2, pmove=0.31
2026-06-02 20:00:37,237 - Step 01990: -7.0881 E_h, exp. variance=0.1046 E_h^2, pmove=0.31
2026-06-02 20:00:37,896 - Step 01991: -7.0939 E_h, exp. variance=0.0978 E_h^2, pmove=0.32
2026-06-02 20:00:38,555 - Step 01992: -6.9112 E_h, exp. variance=0.0880 E_h^2, pmove=0.32
2026-06-02 20:00:39,213 - Step 01993: -7.1752 E_h, exp. variance=0.0854 E_h^2, pmove=0.31
2026-06-02 20:00:39,872 - Step 01994: -7.2170 E_h, exp. variance=0.0839 E_h^2, pmove=0.31
2026-06-02 20:00:40,543 - Step 01995: -7.2407 E_h, exp. variance=0.0823 E_h^2, pmove=0.31
2026-06-02 20:00:41,203 - Step 01996: -7.1373 E_h, exp. variance=0.0759 E_h^2, pmove=0.31
2026-06-02 20:00:41,862 - Step 01997: -7.1937 E_h, exp. variance=0.0714 E_h^2, pmove=0.31
2026-06-02 20:00:42,521 - Step 01998: -7.1517 E_h, exp. variance=0.0657 E_h^2, pmove=0.31
2026-06-02 20:00:43,184 - Step 01999: -7.1746 E_h, exp. variance=0.0607 E_h^2, pmove=0.31
2026-06-02 20:00:43,849 - Step 02000: -7.1718 E_h, exp. variance=0.0560 E_h^2, pmove=0.32
2026-06-02 20:00:44,508 - Step 02001: -7.1245 E_h, exp. variance=0.0507 E_h^2, pmove=0.32
2026-06-02 20:00:45,168 - Step 02002: -7.1533 E_h, exp. variance=0.0462 E_h^2, pmove=0.32
2026-06-02 20:00:45,829 - Step 02003: -7.3777 E_h, exp. variance=0.0496 E_h^2, pmove=0.32
2026-06-02 20:00:46,491 - Step 02004: -7.2474 E_h, exp. variance=0.0464 E_h^2, pmove=0.32
2026-06-02 20:00:47,150 - Step 02005: -7.3809 E_h, exp. variance=0.0478 E_h^2, pmove=0.32
2026-06-02 20:00:47,810 - Step 02006: -7.3312 E_h, exp. variance=0.0460 E_h^2, pmove=0.32
2026-06-02 20:00:48,476 - Step 02007: -7.3828 E_h, exp. variance=0.0456 E_h^2, pmove=0.32
2026-06-02 20:00:49,136 - Step 02008: -7.3997 E_h, exp. variance=0.0451 E_h^2, pmove=0.32
2026-06-02 20:00:49,798 - Step 02009: -7.4025 E_h, exp. variance=0.0439 E_h^2, pmove=0.32
2026-06-02 20:00:50,457 - Step 02010: -7.3907 E_h, exp. variance=0.0419 E_h^2, pmove=0.32
2026-06-02 20:00:51,116 - Step 02011: -7.6333 E_h, exp. variance=0.0513 E_h^2, pmove=0.32
2026-06-02 20:00:51,775 - Step 02012: -7.5059 E_h, exp. variance=0.0506 E_h^2, pmove=0.32
2026-06-02 20:00:52,437 - Step 02013: -7.3001 E_h, exp. variance=0.0455 E_h^2, pmove=0.32
2026-06-02 20:00:53,096 - Step 02014: -7.3506 E_h, exp. variance=0.0412 E_h^2, pmove=0.32
2026-06-02 20:00:53,755 - Step 02015: -7.3643 E_h, exp. variance=0.0373 E_h^2, pmove=0.31
2026-06-02 20:00:54,415 - Step 02016: -7.3689 E_h, exp. variance=0.0338 E_h^2, pmove=0.32
2026-06-02 20:00:55,075 - Step 02017: -7.4048 E_h, exp. variance=0.0311 E_h^2, pmove=0.32
2026-06-02 20:00:55,739 - Step 02018: -7.4753 E_h, exp. variance=0.0299 E_h^2, pmove=0.32
2026-06-02 20:00:56,399 - Step 02019: -7.3384 E_h, exp. variance=0.0269 E_h^2, pmove=0.32
2026-06-02 20:00:57,058 - Step 02020: -7.4630 E_h, exp. variance=0.0255 E_h^2, pmove=0.31
2026-06-02 20:00:57,718 - Step 02021: -7.4076 E_h, exp. variance=0.0232 E_h^2, pmove=0.32
2026-06-02 20:00:58,378 - Step 02022: -7.4553 E_h, exp. variance=0.0217 E_h^2, pmove=0.32
2026-06-02 20:00:59,042 - Step 02023: -7.3776 E_h, exp. variance=0.0195 E_h^2, pmove=0.32
2026-06-02 20:00:59,701 - Step 02024: -7.4704 E_h, exp. variance=0.0185 E_h^2, pmove=0.31
2026-06-02 20:01:00,363 - Step 02025: -7.3163 E_h, exp. variance=0.0170 E_h^2, pmove=0.31
2026-06-02 20:01:01,026 - Step 02026: -7.5850 E_h, exp. variance=0.0193 E_h^2, pmove=0.31
2026-06-02 20:01:01,690 - Step 02027: -7.3842 E_h, exp. variance=0.0174 E_h^2, pmove=0.32
2026-06-02 20:01:02,354 - Step 02028: -7.5140 E_h, exp. variance=0.0169 E_h^2, pmove=0.31
2026-06-02 20:01:03,016 - Step 02029: -7.5791 E_h, exp. variance=0.0179 E_h^2, pmove=0.31
2026-06-02 20:01:03,676 - Step 02030: -7.3993 E_h, exp. variance=0.0162 E_h^2, pmove=0.31
2026-06-02 20:01:04,337 - Step 02031: -7.4343 E_h, exp. variance=0.0146 E_h^2, pmove=0.31
2026-06-02 20:01:05,001 - Step 02032: -7.3230 E_h, exp. variance=0.0140 E_h^2, pmove=0.31
2026-06-02 20:01:05,660 - Step 02033: -7.4547 E_h, exp. variance=0.0128 E_h^2, pmove=0.31
2026-06-02 20:01:06,320 - Step 02034: -7.6059 E_h, exp. variance=0.0147 E_h^2, pmove=0.31
2026-06-02 20:01:06,979 - Step 02035: -7.3599 E_h, exp. variance=0.0138 E_h^2, pmove=0.31
2026-06-02 20:01:07,644 - Step 02036: -7.3960 E_h, exp. variance=0.0125 E_h^2, pmove=0.31
2026-06-02 20:01:08,307 - Step 02037: -7.4924 E_h, exp. variance=0.0116 E_h^2, pmove=0.32
2026-06-02 20:01:08,974 - Step 02038: -7.5291 E_h, exp. variance=0.0113 E_h^2, pmove=0.30
2026-06-02 20:01:09,633 - Step 02039: -7.4338 E_h, exp. variance=0.0102 E_h^2, pmove=0.31
2026-06-02 20:01:10,293 - Step 02040: -7.4726 E_h, exp. variance=0.0093 E_h^2, pmove=0.31
2026-06-02 20:01:10,957 - Step 02041: -7.4876 E_h, exp. variance=0.0085 E_h^2, pmove=0.31
2026-06-02 20:01:11,618 - Step 02042: -7.5336 E_h, exp. variance=0.0083 E_h^2, pmove=0.31
2026-06-02 20:01:12,278 - Step 02043: -7.5562 E_h, exp. variance=0.0084 E_h^2, pmove=0.31
2026-06-02 20:01:12,937 - Step 02044: -7.5593 E_h, exp. variance=0.0083 E_h^2, pmove=0.31
2026-06-02 20:01:13,597 - Step 02045: -7.6046 E_h, exp. variance=0.0090 E_h^2, pmove=0.31
2026-06-02 20:01:14,260 - Step 02046: -7.5960 E_h, exp. variance=0.0091 E_h^2, pmove=0.32
2026-06-02 20:01:14,921 - Step 02047: -7.6361 E_h, exp. variance=0.0099 E_h^2, pmove=0.32
2026-06-02 20:01:15,581 - Step 02048: -7.5531 E_h, exp. variance=0.0090 E_h^2, pmove=0.31
2026-06-02 20:01:16,243 - Step 02049: -7.5522 E_h, exp. variance=0.0082 E_h^2, pmove=0.32
2026-06-02 20:01:16,903 - Step 02050: -7.6905 E_h, exp. variance=0.0100 E_h^2, pmove=0.31
2026-06-02 20:01:17,566 - Step 02051: -7.6975 E_h, exp. variance=0.0113 E_h^2, pmove=0.32
2026-06-02 20:01:18,227 - Step 02052: -7.6600 E_h, exp. variance=0.0112 E_h^2, pmove=0.32
2026-06-02 20:01:18,888 - Step 02053: -7.6577 E_h, exp. variance=0.0109 E_h^2, pmove=0.32
2026-06-02 20:01:19,549 - Step 02054: -7.6641 E_h, exp. variance=0.0105 E_h^2, pmove=0.32
2026-06-02 20:01:20,210 - Step 02055: -7.7536 E_h, exp. variance=0.0121 E_h^2, pmove=0.32
2026-06-02 20:01:20,871 - Step 02056: -7.7706 E_h, exp. variance=0.0135 E_h^2, pmove=0.31
2026-06-02 20:01:21,530 - Step 02057: -7.7538 E_h, exp. variance=0.0138 E_h^2, pmove=0.32
2026-06-02 20:01:22,191 - Step 02058: -7.6699 E_h, exp. variance=0.0126 E_h^2, pmove=0.31
2026-06-02 20:01:22,850 - Step 02059: -7.5120 E_h, exp. variance=0.0127 E_h^2, pmove=0.32
2026-06-02 20:01:23,512 - Step 02060: -7.6968 E_h, exp. variance=0.0119 E_h^2, pmove=0.32
2026-06-02 20:01:24,172 - Step 02061: -7.5642 E_h, exp. variance=0.0111 E_h^2, pmove=0.31
2026-06-02 20:01:24,833 - Step 02062: -7.6087 E_h, exp. variance=0.0100 E_h^2, pmove=0.31
2026-06-02 20:01:25,493 - Step 02063: -7.6726 E_h, exp. variance=0.0093 E_h^2, pmove=0.32
2026-06-02 20:01:26,153 - Step 02064: -7.7184 E_h, exp. variance=0.0091 E_h^2, pmove=0.32
2026-06-02 20:01:26,813 - Step 02065: -7.8011 E_h, exp. variance=0.0106 E_h^2, pmove=0.32
2026-06-02 20:01:27,473 - Step 02066: -7.7632 E_h, exp. variance=0.0107 E_h^2, pmove=0.32
2026-06-02 20:01:28,132 - Step 02067: -7.7974 E_h, exp. variance=0.0112 E_h^2, pmove=0.32
2026-06-02 20:01:28,791 - Step 02068: -7.7192 E_h, exp. variance=0.0103 E_h^2, pmove=0.32
2026-06-02 20:01:29,455 - Step 02069: -7.8718 E_h, exp. variance=0.0125 E_h^2, pmove=0.32
2026-06-02 20:01:30,114 - Step 02070: -7.8476 E_h, exp. variance=0.0132 E_h^2, pmove=0.32
2026-06-02 20:01:30,772 - Step 02071: -7.8383 E_h, exp. variance=0.0133 E_h^2, pmove=0.31
2026-06-02 20:01:31,430 - Step 02072: -7.9275 E_h, exp. variance=0.0155 E_h^2, pmove=0.32
2026-06-02 20:01:32,088 - Step 02073: -7.3908 E_h, exp. variance=0.0254 E_h^2, pmove=0.32
2026-06-02 20:01:32,747 - Step 02074: -7.9303 E_h, exp. variance=0.0272 E_h^2, pmove=0.32
2026-06-02 20:01:33,407 - Step 02075: -7.8660 E_h, exp. variance=0.0260 E_h^2, pmove=0.32
2026-06-02 20:01:34,065 - Step 02076: -7.8561 E_h, exp. variance=0.0245 E_h^2, pmove=0.32
2026-06-02 20:01:34,724 - Step 02077: -4.1920 E_h, exp. variance=1.1663 E_h^2, pmove=0.32
2026-06-02 20:01:35,384 - Step 02078: -7.2586 E_h, exp. variance=1.0515 E_h^2, pmove=0.32
2026-06-02 20:01:36,044 - Step 02079: -7.5216 E_h, exp. variance=0.9480 E_h^2, pmove=0.32
2026-06-02 20:01:36,703 - Step 02080: -7.6103 E_h, exp. variance=0.8572 E_h^2, pmove=0.32
2026-06-02 20:01:37,363 - Step 02081: -7.4970 E_h, exp. variance=0.7720 E_h^2, pmove=0.32
2026-06-02 20:01:38,021 - Step 02082: -6.9592 E_h, exp. variance=0.7146 E_h^2, pmove=0.31
2026-06-02 20:01:38,681 - Step 02083: -7.7827 E_h, exp. variance=0.6576 E_h^2, pmove=0.31
2026-06-02 20:01:39,340 - Step 02084: -7.7967 E_h, exp. variance=0.6045 E_h^2, pmove=0.32
2026-06-02 20:01:39,998 - Step 02085: -7.7284 E_h, exp. variance=0.5506 E_h^2, pmove=0.32
2026-06-02 20:01:40,656 - Step 02086: -7.7483 E_h, exp. variance=0.5017 E_h^2, pmove=0.31
2026-06-02 20:01:41,315 - Step 02087: -7.8615 E_h, exp. variance=0.4625 E_h^2, pmove=0.32
2026-06-02 20:01:41,975 - Step 02088: -7.9033 E_h, exp. variance=0.4276 E_h^2, pmove=0.32
2026-06-02 20:01:42,634 - Step 02089: -6.4853 E_h, exp. variance=0.4933 E_h^2, pmove=0.32
2026-06-02 20:01:43,293 - Step 02090: -7.8892 E_h, exp. variance=0.4595 E_h^2, pmove=0.31
2026-06-02 20:01:43,952 - Step 02091: -7.9945 E_h, exp. variance=0.4343 E_h^2, pmove=0.31
2026-06-02 20:01:44,612 - Step 02092: -7.9555 E_h, exp. variance=0.4047 E_h^2, pmove=0.32
2026-06-02 20:01:45,272 - Step 02093: -7.9873 E_h, exp. variance=0.3776 E_h^2, pmove=0.32
2026-06-02 20:01:45,930 - Step 02094: -8.0263 E_h, exp. variance=0.3532 E_h^2, pmove=0.32
2026-06-02 20:01:46,589 - Step 02095: -7.9440 E_h, exp. variance=0.3242 E_h^2, pmove=0.31
2026-06-02 20:01:47,248 - Step 02096: -7.7840 E_h, exp. variance=0.2924 E_h^2, pmove=0.32
2026-06-02 20:01:47,909 - Step 02097: -7.9242 E_h, exp. variance=0.2671 E_h^2, pmove=0.32
2026-06-02 20:01:48,567 - Step 02098: -7.8666 E_h, exp. variance=0.2420 E_h^2, pmove=0.32
2026-06-02 20:01:49,227 - Step 02099: -7.9926 E_h, exp. variance=0.2232 E_h^2, pmove=0.31
2026-06-02 20:01:49,886 - Step 02100: -7.9670 E_h, exp. variance=0.2043 E_h^2, pmove=0.31
2026-06-02 20:01:50,548 - Step 02101: -7.9229 E_h, exp. variance=0.1854 E_h^2, pmove=0.31
2026-06-02 20:01:51,206 - Step 02102: -8.0330 E_h, exp. variance=0.1715 E_h^2, pmove=0.32
2026-06-02 20:01:51,864 - Step 02103: -8.1222 E_h, exp. variance=0.1622 E_h^2, pmove=0.32
2026-06-02 20:01:52,525 - Step 02104: -7.9125 E_h, exp. variance=0.1462 E_h^2, pmove=0.32
2026-06-02 20:01:53,185 - Step 02105: -7.8077 E_h, exp. variance=0.1319 E_h^2, pmove=0.32
2026-06-02 20:01:53,848 - Step 02106: -7.9288 E_h, exp. variance=0.1192 E_h^2, pmove=0.32
2026-06-02 20:01:54,507 - Step 02107: -7.9029 E_h, exp. variance=0.1074 E_h^2, pmove=0.32
2026-06-02 20:01:55,165 - Step 02108: -8.1685 E_h, exp. variance=0.1048 E_h^2, pmove=0.32
2026-06-02 20:01:55,824 - Step 02109: -8.0592 E_h, exp. variance=0.0966 E_h^2, pmove=0.32
2026-06-02 20:01:56,487 - Step 02110: -8.0195 E_h, exp. variance=0.0879 E_h^2, pmove=0.32
2026-06-02 20:01:57,148 - Step 02111: -8.1913 E_h, exp. variance=0.0855 E_h^2, pmove=0.31
2026-06-02 20:01:57,807 - Step 02112: -8.1292 E_h, exp. variance=0.0798 E_h^2, pmove=0.32
2026-06-02 20:01:58,466 - Step 02113: -7.9833 E_h, exp. variance=0.0719 E_h^2, pmove=0.31
2026-06-02 20:01:59,138 - Step 02114: -8.0520 E_h, exp. variance=0.0653 E_h^2, pmove=0.32
2026-06-02 20:01:59,800 - Step 02115: -7.1760 E_h, exp. variance=0.1168 E_h^2, pmove=0.32
2026-06-02 20:02:00,459 - Step 02116: -7.9019 E_h, exp. variance=0.1051 E_h^2, pmove=0.32
2026-06-02 20:02:01,118 - Step 02117: -8.0029 E_h, exp. variance=0.0955 E_h^2, pmove=0.31
2026-06-02 20:02:01,777 - Step 02118: -8.1204 E_h, exp. variance=0.0900 E_h^2, pmove=0.32
2026-06-02 20:02:02,439 - Step 02119: -8.0492 E_h, exp. variance=0.0823 E_h^2, pmove=0.32
2026-06-02 20:02:03,097 - Step 02120: -8.0965 E_h, exp. variance=0.0762 E_h^2, pmove=0.32
2026-06-02 20:02:03,756 - Step 02121: -7.9938 E_h, exp. variance=0.0687 E_h^2, pmove=0.31
2026-06-02 20:02:04,416 - Step 02122: -7.9891 E_h, exp. variance=0.0619 E_h^2, pmove=0.31
2026-06-02 20:02:05,076 - Step 02123: -8.1470 E_h, exp. variance=0.0587 E_h^2, pmove=0.31
2026-06-02 20:02:05,738 - Step 02124: -8.1632 E_h, exp. variance=0.0558 E_h^2, pmove=0.32
2026-06-02 20:02:06,398 - Step 02125: -8.0516 E_h, exp. variance=0.0504 E_h^2, pmove=0.31
2026-06-02 20:02:07,057 - Step 02126: -8.1461 E_h, exp. variance=0.0472 E_h^2, pmove=0.32
2026-06-02 20:02:07,717 - Step 02127: -8.0977 E_h, exp. variance=0.0430 E_h^2, pmove=0.32
2026-06-02 20:02:08,379 - Step 02128: -8.1005 E_h, exp. variance=0.0392 E_h^2, pmove=0.31
2026-06-02 20:02:09,038 - Step 02129: -8.1759 E_h, exp. variance=0.0371 E_h^2, pmove=0.32
2026-06-02 20:02:09,697 - Step 02130: -8.1287 E_h, exp. variance=0.0339 E_h^2, pmove=0.32
2026-06-02 20:02:10,357 - Step 02131: -8.1580 E_h, exp. variance=0.0315 E_h^2, pmove=0.32
2026-06-02 20:02:11,016 - Step 02132: -8.1513 E_h, exp. variance=0.0290 E_h^2, pmove=0.32
2026-06-02 20:02:11,678 - Step 02133: -8.1289 E_h, exp. variance=0.0263 E_h^2, pmove=0.32
2026-06-02 20:02:12,338 - Step 02134: -7.9397 E_h, exp. variance=0.0255 E_h^2, pmove=0.32
2026-06-02 20:02:12,997 - Step 02135: -8.0797 E_h, exp. variance=0.0229 E_h^2, pmove=0.31
2026-06-02 20:02:13,657 - Step 02136: -8.1949 E_h, exp. variance=0.0221 E_h^2, pmove=0.32
2026-06-02 20:02:14,318 - Step 02137: -8.2130 E_h, exp. variance=0.0215 E_h^2, pmove=0.32
2026-06-02 20:02:14,978 - Step 02138: -8.0735 E_h, exp. variance=0.0194 E_h^2, pmove=0.32
2026-06-02 20:02:15,638 - Step 02139: -6.6957 E_h, exp. variance=0.1928 E_h^2, pmove=0.32
2026-06-02 20:02:16,297 - Step 02140: -8.0518 E_h, exp. variance=0.1744 E_h^2, pmove=0.31
2026-06-02 20:02:16,960 - Step 02141: -7.8181 E_h, exp. variance=0.1589 E_h^2, pmove=0.31
2026-06-02 20:02:17,619 - Step 02142: -8.1363 E_h, exp. variance=0.1462 E_h^2, pmove=0.31
2026-06-02 20:02:18,278 - Step 02143: -8.1636 E_h, exp. variance=0.1351 E_h^2, pmove=0.31
2026-06-02 20:02:18,938 - Step 02144: -8.2483 E_h, exp. variance=0.1277 E_h^2, pmove=0.31
2026-06-02 20:02:19,597 - Step 02145: -8.1842 E_h, exp. variance=0.1176 E_h^2, pmove=0.31
2026-06-02 20:02:20,259 - Step 02146: -8.1650 E_h, exp. variance=0.1075 E_h^2, pmove=0.32
2026-06-02 20:02:20,918 - Step 02147: -8.3170 E_h, exp. variance=0.1035 E_h^2, pmove=0.31
2026-06-02 20:02:21,578 - Step 02148: -8.2998 E_h, exp. variance=0.0979 E_h^2, pmove=0.32
2026-06-02 20:02:22,238 - Step 02149: -8.1970 E_h, exp. variance=0.0890 E_h^2, pmove=0.32
2026-06-02 20:02:22,902 - Step 02150: -8.2528 E_h, exp. variance=0.0821 E_h^2, pmove=0.31
2026-06-02 20:02:23,563 - Step 02151: -8.1728 E_h, exp. variance=0.0742 E_h^2, pmove=0.31
2026-06-02 20:02:24,222 - Step 02152: -8.2976 E_h, exp. variance=0.0695 E_h^2, pmove=0.32
2026-06-02 20:02:24,882 - Step 02153: -8.2688 E_h, exp. variance=0.0640 E_h^2, pmove=0.32
2026-06-02 20:02:25,542 - Step 02154: -8.3500 E_h, exp. variance=0.0610 E_h^2, pmove=0.32
2026-06-02 20:02:26,203 - Step 02155: -8.2039 E_h, exp. variance=0.0550 E_h^2, pmove=0.32
2026-06-02 20:02:26,863 - Step 02156: -8.1958 E_h, exp. variance=0.0495 E_h^2, pmove=0.32
2026-06-02 20:02:27,522 - Step 02157: -8.1043 E_h, exp. variance=0.0451 E_h^2, pmove=0.32
2026-06-02 20:02:28,181 - Step 02158: -8.1528 E_h, exp. variance=0.0406 E_h^2, pmove=0.32
2026-06-02 20:02:28,843 - Step 02159: -8.2020 E_h, exp. variance=0.0366 E_h^2, pmove=0.32
2026-06-02 20:02:29,503 - Step 02160: -8.2537 E_h, exp. variance=0.0336 E_h^2, pmove=0.32
2026-06-02 20:02:30,163 - Step 02161: -8.1313 E_h, exp. variance=0.0304 E_h^2, pmove=0.32
2026-06-02 20:02:30,822 - Step 02162: -8.2747 E_h, exp. variance=0.0283 E_h^2, pmove=0.32
2026-06-02 20:02:31,481 - Step 02163: -8.3438 E_h, exp. variance=0.0277 E_h^2, pmove=0.32
2026-06-02 20:02:32,141 - Step 02164: -8.3779 E_h, exp. variance=0.0277 E_h^2, pmove=0.32
2026-06-02 20:02:32,801 - Step 02165: -8.2613 E_h, exp. variance=0.0251 E_h^2, pmove=0.32
2026-06-02 20:02:33,460 - Step 02166: -8.2485 E_h, exp. variance=0.0227 E_h^2, pmove=0.32
2026-06-02 20:02:34,120 - Step 02167: -8.1971 E_h, exp. variance=0.0205 E_h^2, pmove=0.32
2026-06-02 20:02:34,779 - Step 02168: -8.1140 E_h, exp. variance=0.0195 E_h^2, pmove=0.32
2026-06-02 20:02:35,438 - Step 02169: -8.0577 E_h, exp. variance=0.0197 E_h^2, pmove=0.32
2026-06-02 20:02:36,097 - Step 02170: -8.2875 E_h, exp. variance=0.0185 E_h^2, pmove=0.31
2026-06-02 20:02:36,756 - Step 02171: -8.2286 E_h, exp. variance=0.0167 E_h^2, pmove=0.32
2026-06-02 20:02:37,415 - Step 02172: -8.2002 E_h, exp. variance=0.0150 E_h^2, pmove=0.32
2026-06-02 20:02:38,075 - Step 02173: -8.2706 E_h, exp. variance=0.0139 E_h^2, pmove=0.32
2026-06-02 20:02:38,734 - Step 02174: -8.0042 E_h, exp. variance=0.0164 E_h^2, pmove=0.32
2026-06-02 20:02:39,394 - Step 02175: -8.3246 E_h, exp. variance=0.0163 E_h^2, pmove=0.31
2026-06-02 20:02:40,053 - Step 02176: -8.3582 E_h, exp. variance=0.0168 E_h^2, pmove=0.31
2026-06-02 20:02:40,713 - Step 02177: -8.4301 E_h, exp. variance=0.0191 E_h^2, pmove=0.31
2026-06-02 20:02:41,373 - Step 02178: -8.4905 E_h, exp. variance=0.0227 E_h^2, pmove=0.31
2026-06-02 20:02:42,031 - Step 02179: -8.4798 E_h, exp. variance=0.0245 E_h^2, pmove=0.32
2026-06-02 20:02:42,690 - Step 02180: -8.3842 E_h, exp. variance=0.0229 E_h^2, pmove=0.31
2026-06-02 20:02:43,349 - Step 02181: -8.4130 E_h, exp. variance=0.0218 E_h^2, pmove=0.32
2026-06-02 20:02:44,009 - Step 02182: -8.4069 E_h, exp. variance=0.0205 E_h^2, pmove=0.31
2026-06-02 20:02:44,669 - Step 02183: -8.3748 E_h, exp. variance=0.0187 E_h^2, pmove=0.32
2026-06-02 20:02:45,327 - Step 02184: -8.3317 E_h, exp. variance=0.0168 E_h^2, pmove=0.32
2026-06-02 20:02:45,987 - Step 02185: -8.4906 E_h, exp. variance=0.0176 E_h^2, pmove=0.32
2026-06-02 20:02:46,648 - Step 02186: -8.4068 E_h, exp. variance=0.0162 E_h^2, pmove=0.31
2026-06-02 20:02:47,307 - Step 02187: -8.4758 E_h, exp. variance=0.0161 E_h^2, pmove=0.31
2026-06-02 20:02:47,967 - Step 02188: -8.3968 E_h, exp. variance=0.0146 E_h^2, pmove=0.32
2026-06-02 20:02:48,626 - Step 02189: -8.3777 E_h, exp. variance=0.0131 E_h^2, pmove=0.32
2026-06-02 20:02:49,285 - Step 02190: -8.2472 E_h, exp. variance=0.0131 E_h^2, pmove=0.32
2026-06-02 20:02:49,947 - Step 02191: -8.4430 E_h, exp. variance=0.0125 E_h^2, pmove=0.32
2026-06-02 20:02:50,605 - Step 02192: -8.4327 E_h, exp. variance=0.0117 E_h^2, pmove=0.32
2026-06-02 20:02:51,265 - Step 02193: -8.4885 E_h, exp. variance=0.0118 E_h^2, pmove=0.32
2026-06-02 20:02:51,924 - Step 02194: -8.4126 E_h, exp. variance=0.0107 E_h^2, pmove=0.32
2026-06-02 20:02:52,585 - Step 02195: -8.4315 E_h, exp. variance=0.0098 E_h^2, pmove=0.32
2026-06-02 20:02:53,244 - Step 02196: -8.4149 E_h, exp. variance=0.0089 E_h^2, pmove=0.32
2026-06-02 20:02:53,902 - Step 02197: -8.4325 E_h, exp. variance=0.0081 E_h^2, pmove=0.31
2026-06-02 20:02:54,562 - Step 02198: -8.4578 E_h, exp. variance=0.0077 E_h^2, pmove=0.32
2026-06-02 20:02:55,220 - Step 02199: -8.4099 E_h, exp. variance=0.0069 E_h^2, pmove=0.32
2026-06-02 20:02:55,880 - Step 02200: -7.8018 E_h, exp. variance=0.0388 E_h^2, pmove=0.32
2026-06-02 20:02:56,539 - Step 02201: -8.3575 E_h, exp. variance=0.0349 E_h^2, pmove=0.31
2026-06-02 20:02:57,198 - Step 02202: -8.4508 E_h, exp. variance=0.0324 E_h^2, pmove=0.31
2026-06-02 20:02:57,857 - Step 02203: -8.2433 E_h, exp. variance=0.0303 E_h^2, pmove=0.31
2026-06-02 20:02:58,520 - Step 02204: 23.8707 E_h, exp. variance=93.4273 E_h^2, pmove=0.32
2026-06-02 20:02:59,179 - Step 02205: -8.3648 E_h, exp. variance=85.0308 E_h^2, pmove=0.32
2026-06-02 20:02:59,839 - Step 02206: -8.5229 E_h, exp. variance=77.3794 E_h^2, pmove=0.31
2026-06-02 20:03:00,499 - Step 02207: -8.4093 E_h, exp. variance=70.2759 E_h^2, pmove=0.32
2026-06-02 20:03:01,159 - Step 02208: -8.4435 E_h, exp. variance=63.7770 E_h^2, pmove=0.32
2026-06-02 20:03:01,822 - Step 02209: -8.2671 E_h, exp. variance=57.7611 E_h^2, pmove=0.31
2026-06-02 20:03:02,481 - Step 02210: -8.3506 E_h, exp. variance=52.3058 E_h^2, pmove=0.31
2026-06-02 20:03:03,140 - Step 02211: -8.2284 E_h, exp. variance=47.2990 E_h^2, pmove=0.32
2026-06-02 20:03:03,800 - Step 02212: -8.0378 E_h, exp. variance=42.7050 E_h^2, pmove=0.31
2026-06-02 20:03:04,464 - Step 02213: -7.5608 E_h, exp. variance=38.4701 E_h^2, pmove=0.32
2026-06-02 20:03:05,123 - Step 02214: -8.5752 E_h, exp. variance=34.8479 E_h^2, pmove=0.31
2026-06-02 20:03:05,784 - Step 02215: -8.4573 E_h, exp. variance=31.5162 E_h^2, pmove=0.32
2026-06-02 20:03:06,444 - Step 02216: -8.4863 E_h, exp. variance=28.4948 E_h^2, pmove=0.32
2026-06-02 20:03:07,105 - Step 02217: -8.5375 E_h, exp. variance=25.7610 E_h^2, pmove=0.31
2026-06-02 20:03:07,768 - Step 02218: -8.3996 E_h, exp. variance=23.2550 E_h^2, pmove=0.32
2026-06-02 20:03:08,431 - Step 02219: -8.6648 E_h, exp. variance=21.0306 E_h^2, pmove=0.32
2026-06-02 20:03:09,091 - Step 02220: -8.5106 E_h, exp. variance=18.9850 E_h^2, pmove=0.31
2026-06-02 20:03:09,750 - Step 02221: -8.4609 E_h, exp. variance=17.1269 E_h^2, pmove=0.31
2026-06-02 20:03:10,412 - Step 02222: -8.5501 E_h, exp. variance=15.4573 E_h^2, pmove=0.31
2026-06-02 20:03:11,083 - Step 02223: -8.7075 E_h, exp. variance=13.9663 E_h^2, pmove=0.32
2026-06-02 20:03:11,743 - Step 02224: -8.5397 E_h, exp. variance=12.5954 E_h^2, pmove=0.31
2026-06-02 20:03:12,403 - Step 02225: -8.4787 E_h, exp. variance=11.3517 E_h^2, pmove=0.31
2026-06-02 20:03:13,063 - Step 02226: -8.5605 E_h, exp. variance=10.2356 E_h^2, pmove=0.31
2026-06-02 20:03:13,726 - Step 02227: -8.5705 E_h, exp. variance=9.2282 E_h^2, pmove=0.32
2026-06-02 20:03:14,387 - Step 02228: -8.4978 E_h, exp. variance=8.3139 E_h^2, pmove=0.32
2026-06-02 20:03:15,047 - Step 02229: -7.5825 E_h, exp. variance=7.5191 E_h^2, pmove=0.32
2026-06-02 20:03:15,707 - Step 02230: -8.5431 E_h, exp. variance=6.7807 E_h^2, pmove=0.32
2026-06-02 20:03:16,369 - Step 02231: -8.6229 E_h, exp. variance=6.1191 E_h^2, pmove=0.31
2026-06-02 20:03:17,029 - Step 02232: -8.6618 E_h, exp. variance=5.5234 E_h^2, pmove=0.32
2026-06-02 20:03:17,689 - Step 02233: -8.6293 E_h, exp. variance=4.9820 E_h^2, pmove=0.31
2026-06-02 20:03:18,348 - Step 02234: -8.6532 E_h, exp. variance=4.4941 E_h^2, pmove=0.32
2026-06-02 20:03:19,010 - Step 02235: -8.6933 E_h, exp. variance=4.0554 E_h^2, pmove=0.31
2026-06-02 20:03:19,670 - Step 02236: -8.6528 E_h, exp. variance=3.6564 E_h^2, pmove=0.32
2026-06-02 20:03:20,330 - Step 02237: -8.5816 E_h, exp. variance=3.2934 E_h^2, pmove=0.31
2026-06-02 20:03:20,989 - Step 02238: -8.6062 E_h, exp. variance=2.9669 E_h^2, pmove=0.31
2026-06-02 20:03:21,648 - Step 02239: -8.6112 E_h, exp. variance=2.6727 E_h^2, pmove=0.31
2026-06-02 20:03:22,310 - Step 02240: -8.7803 E_h, exp. variance=2.4146 E_h^2, pmove=0.32
2026-06-02 20:03:22,970 - Step 02241: -8.6510 E_h, exp. variance=2.1753 E_h^2, pmove=0.31
2026-06-02 20:03:23,629 - Step 02242: -8.6349 E_h, exp. variance=1.9592 E_h^2, pmove=0.31
2026-06-02 20:03:24,289 - Step 02243: -8.4960 E_h, exp. variance=1.7633 E_h^2, pmove=0.32
2026-06-02 20:03:24,951 - Step 02244: -8.5246 E_h, exp. variance=1.5870 E_h^2, pmove=0.32
2026-06-02 20:03:25,610 - Step 02245: -8.5406 E_h, exp. variance=1.4284 E_h^2, pmove=0.31
2026-06-02 20:03:26,270 - Step 02246: -8.6708 E_h, exp. variance=1.2875 E_h^2, pmove=0.31
2026-06-02 20:03:26,929 - Step 02247: -8.7345 E_h, exp. variance=1.1623 E_h^2, pmove=0.31
2026-06-02 20:03:27,589 - Step 02248: -8.7005 E_h, exp. variance=1.0479 E_h^2, pmove=0.31
2026-06-02 20:03:28,252 - Step 02249: -8.6877 E_h, exp. variance=0.9443 E_h^2, pmove=0.32
2026-06-02 20:03:28,913 - Step 02250: -8.6403 E_h, exp. variance=0.8502 E_h^2, pmove=0.32
2026-06-02 20:03:29,572 - Step 02251: -8.6634 E_h, exp. variance=0.7657 E_h^2, pmove=0.31
2026-06-02 20:03:30,232 - Step 02252: -8.7013 E_h, exp. variance=0.6901 E_h^2, pmove=0.32
2026-06-02 20:03:30,895 - Step 02253: -8.6351 E_h, exp. variance=0.6212 E_h^2, pmove=0.31
2026-06-02 20:03:31,554 - Step 02254: -8.5629 E_h, exp. variance=0.5593 E_h^2, pmove=0.31
2026-06-02 20:03:32,212 - Step 02255: -8.5999 E_h, exp. variance=0.5033 E_h^2, pmove=0.32
2026-06-02 20:03:32,871 - Step 02256: -8.5884 E_h, exp. variance=0.4530 E_h^2, pmove=0.32
2026-06-02 20:03:33,530 - Step 02257: -8.7204 E_h, exp. variance=0.4090 E_h^2, pmove=0.32
2026-06-02 20:03:34,193 - Step 02258: -8.7926 E_h, exp. variance=0.3709 E_h^2, pmove=0.32
2026-06-02 20:03:34,853 - Step 02259: -8.7121 E_h, exp. variance=0.3344 E_h^2, pmove=0.32
2026-06-02 20:03:35,511 - Step 02260: -8.6800 E_h, exp. variance=0.3011 E_h^2, pmove=0.32
2026-06-02 20:03:36,170 - Step 02261: -8.6495 E_h, exp. variance=0.2710 E_h^2, pmove=0.32
2026-06-02 20:03:36,829 - Step 02262: -8.6018 E_h, exp. variance=0.2441 E_h^2, pmove=0.31
2026-06-02 20:03:37,487 - Step 02263: -8.6910 E_h, exp. variance=0.2199 E_h^2, pmove=0.31
2026-06-02 20:03:38,146 - Step 02264: -8.6973 E_h, exp. variance=0.1981 E_h^2, pmove=0.31
2026-06-02 20:03:38,804 - Step 02265: 14.2730 E_h, exp. variance=47.4729 E_h^2, pmove=0.32
2026-06-02 20:03:39,463 - Step 02266: -7.5583 E_h, exp. variance=42.8552 E_h^2, pmove=0.31
2026-06-02 20:03:40,124 - Step 02267: -8.1113 E_h, exp. variance=38.8097 E_h^2, pmove=0.31
2026-06-02 20:03:40,785 - Step 02268: -8.5924 E_h, exp. variance=35.2712 E_h^2, pmove=0.32
2026-06-02 20:03:41,445 - Step 02269: -7.4190 E_h, exp. variance=31.7746 E_h^2, pmove=0.32
2026-06-02 20:03:42,104 - Step 02270: -2.3634 E_h, exp. variance=30.4453 E_h^2, pmove=0.31
2026-06-02 20:03:42,766 - Step 02271: -8.6240 E_h, exp. variance=27.8293 E_h^2, pmove=0.32
2026-06-02 20:03:43,425 - Step 02272: -8.6376 E_h, exp. variance=25.3984 E_h^2, pmove=0.32
2026-06-02 20:03:44,085 - Step 02273: -8.6772 E_h, exp. variance=23.1565 E_h^2, pmove=0.31
2026-06-02 20:03:44,745 - Step 02274: -8.5793 E_h, exp. variance=21.0542 E_h^2, pmove=0.32
2026-06-02 20:03:45,404 - Step 02275: -8.6928 E_h, exp. variance=19.1510 E_h^2, pmove=0.32
2026-06-02 20:03:46,063 - Step 02276: -8.7658 E_h, exp. variance=17.4180 E_h^2, pmove=0.32
2026-06-02 20:03:46,724 - Step 02277: -6.9006 E_h, exp. variance=15.7070 E_h^2, pmove=0.31
2026-06-02 20:03:47,383 - Step 02278: -8.6515 E_h, exp. variance=14.2712 E_h^2, pmove=0.32
2026-06-02 20:03:48,043 - Step 02279: -8.6403 E_h, exp. variance=12.9511 E_h^2, pmove=0.32
2026-06-02 20:03:48,701 - Step 02280: -7.8073 E_h, exp. variance=11.6580 E_h^2, pmove=0.32
2026-06-02 20:03:49,361 - Step 02281: -8.8239 E_h, exp. variance=10.6113 E_h^2, pmove=0.32
2026-06-02 20:03:50,019 - Step 02282: -8.7411 E_h, exp. variance=9.6318 E_h^2, pmove=0.32
2026-06-02 20:03:50,679 - Step 02283: -8.7407 E_h, exp. variance=8.7347 E_h^2, pmove=0.32
2026-06-02 20:03:51,338 - Step 02284: -8.6824 E_h, exp. variance=7.9070 E_h^2, pmove=0.32
2026-06-02 20:03:51,998 - Step 02285: -8.0675 E_h, exp. variance=7.1163 E_h^2, pmove=0.32
2026-06-02 20:03:52,658 - Step 02286: -8.6495 E_h, exp. variance=6.4377 E_h^2, pmove=0.31
2026-06-02 20:03:53,318 - Step 02287: -8.1612 E_h, exp. variance=5.7943 E_h^2, pmove=0.31
2026-06-02 20:03:53,977 - Step 02288: -8.6550 E_h, exp. variance=5.2416 E_h^2, pmove=0.32
2026-06-02 20:03:54,638 - Step 02289: -8.7867 E_h, exp. variance=4.7523 E_h^2, pmove=0.32
2026-06-02 20:03:55,298 - Step 02290: -8.7473 E_h, exp. variance=4.3015 E_h^2, pmove=0.32
2026-06-02 20:03:55,958 - Step 02291: -8.8376 E_h, exp. variance=3.8994 E_h^2, pmove=0.32
2026-06-02 20:03:56,617 - Step 02292: -8.8197 E_h, exp. variance=3.5307 E_h^2, pmove=0.32
2026-06-02 20:03:57,277 - Step 02293: -8.8386 E_h, exp. variance=3.1963 E_h^2, pmove=0.32
2026-06-02 20:03:57,938 - Step 02294: -8.8259 E_h, exp. variance=2.8909 E_h^2, pmove=0.32
2026-06-02 20:03:58,599 - Step 02295: -8.6978 E_h, exp. variance=2.6065 E_h^2, pmove=0.32
2026-06-02 20:03:59,259 - Step 02296: -8.7461 E_h, exp. variance=2.3517 E_h^2, pmove=0.31
2026-06-02 20:03:59,919 - Step 02297: -8.7659 E_h, exp. variance=2.1221 E_h^2, pmove=0.32
2026-06-02 20:04:00,581 - Step 02298: -8.8370 E_h, exp. variance=1.9178 E_h^2, pmove=0.32
2026-06-02 20:04:01,240 - Step 02299: -8.7361 E_h, exp. variance=1.7284 E_h^2, pmove=0.32
2026-06-02 20:04:01,901 - Step 02300: -8.7977 E_h, exp. variance=1.5596 E_h^2, pmove=0.32
2026-06-02 20:04:02,560 - Step 02301: -8.7807 E_h, exp. variance=1.4063 E_h^2, pmove=0.32
2026-06-02 20:04:03,220 - Step 02302: -8.7767 E_h, exp. variance=1.2677 E_h^2, pmove=0.31
2026-06-02 20:04:03,879 - Step 02303: -8.5422 E_h, exp. variance=1.1418 E_h^2, pmove=0.32
2026-06-02 20:04:04,540 - Step 02304: -8.7058 E_h, exp. variance=1.0281 E_h^2, pmove=0.31
2026-06-02 20:04:05,200 - Step 02305: -8.7127 E_h, exp. variance=0.9258 E_h^2, pmove=0.32
2026-06-02 20:04:05,860 - Step 02306: -8.6466 E_h, exp. variance=0.8332 E_h^2, pmove=0.31
2026-06-02 20:04:06,522 - Step 02307: -8.7475 E_h, exp. variance=0.7508 E_h^2, pmove=0.31
2026-06-02 20:04:07,183 - Step 02308: -8.8101 E_h, exp. variance=0.6779 E_h^2, pmove=0.31
2026-06-02 20:04:07,842 - Step 02309: -8.9393 E_h, exp. variance=0.6165 E_h^2, pmove=0.32
2026-06-02 20:04:08,503 - Step 02310: -8.9277 E_h, exp. variance=0.5596 E_h^2, pmove=0.31
2026-06-02 20:04:09,163 - Step 02311: -8.9458 E_h, exp. variance=0.5082 E_h^2, pmove=0.32
2026-06-02 20:04:09,825 - Step 02312: -8.9423 E_h, exp. variance=0.4609 E_h^2, pmove=0.32
2026-06-02 20:04:10,485 - Step 02313: -8.8322 E_h, exp. variance=0.4152 E_h^2, pmove=0.32
2026-06-02 20:04:11,145 - Step 02314: -8.8209 E_h, exp. variance=0.3740 E_h^2, pmove=0.32
2026-06-02 20:04:11,805 - Step 02315: -8.8080 E_h, exp. variance=0.3367 E_h^2, pmove=0.32
2026-06-02 20:04:12,468 - Step 02316: -8.9034 E_h, exp. variance=0.3044 E_h^2, pmove=0.32
2026-06-02 20:04:13,127 - Step 02317: -8.9385 E_h, exp. variance=0.2759 E_h^2, pmove=0.32
2026-06-02 20:04:13,786 - Step 02318: -8.9452 E_h, exp. variance=0.2501 E_h^2, pmove=0.32
2026-06-02 20:04:14,445 - Step 02319: -8.8694 E_h, exp. variance=0.2253 E_h^2, pmove=0.32
2026-06-02 20:04:15,106 - Step 02320: -8.8719 E_h, exp. variance=0.2029 E_h^2, pmove=0.32
2026-06-02 20:04:15,769 - Step 02321: -8.9730 E_h, exp. variance=0.1845 E_h^2, pmove=0.32
2026-06-02 20:04:16,429 - Step 02322: -8.9275 E_h, exp. variance=0.1667 E_h^2, pmove=0.32
2026-06-02 20:04:17,088 - Step 02323: -8.9183 E_h, exp. variance=0.1504 E_h^2, pmove=0.32
2026-06-02 20:04:17,748 - Step 02324: -8.9562 E_h, exp. variance=0.1362 E_h^2, pmove=0.32
2026-06-02 20:04:18,410 - Step 02325: -8.9599 E_h, exp. variance=0.1233 E_h^2, pmove=0.32
2026-06-02 20:04:19,072 - Step 02326: -8.9311 E_h, exp. variance=0.1113 E_h^2, pmove=0.32
2026-06-02 20:04:19,732 - Step 02327: -9.0299 E_h, exp. variance=0.1021 E_h^2, pmove=0.32
2026-06-02 20:04:20,392 - Step 02328: -8.9347 E_h, exp. variance=0.0920 E_h^2, pmove=0.32
2026-06-02 20:04:21,053 - Step 02329: -8.6537 E_h, exp. variance=0.0883 E_h^2, pmove=0.32
2026-06-02 20:04:21,714 - Step 02330: -8.7244 E_h, exp. variance=0.0816 E_h^2, pmove=0.32
2026-06-02 20:04:22,373 - Step 02331: -8.8971 E_h, exp. variance=0.0735 E_h^2, pmove=0.32
2026-06-02 20:04:23,045 - Step 02332: -8.6417 E_h, exp. variance=0.0707 E_h^2, pmove=0.32
2026-06-02 20:04:23,705 - Step 02333: -8.6745 E_h, exp. variance=0.0661 E_h^2, pmove=0.32
2026-06-02 20:04:24,367 - Step 02334: -5.1579 E_h, exp. variance=1.2704 E_h^2, pmove=0.32
2026-06-02 20:04:25,026 - Step 02335: -8.8945 E_h, exp. variance=1.1604 E_h^2, pmove=0.32
2026-06-02 20:04:25,686 - Step 02336: -1.4368 E_h, exp. variance=5.5377 E_h^2, pmove=0.32
2026-06-02 20:04:26,345 - Step 02337: -8.7201 E_h, exp. variance=5.0608 E_h^2, pmove=0.32
2026-06-02 20:04:27,007 - Step 02338: -8.9186 E_h, exp. variance=4.6502 E_h^2, pmove=0.32
2026-06-02 20:04:27,667 - Step 02339: -8.9176 E_h, exp. variance=4.2624 E_h^2, pmove=0.32
2026-06-02 20:04:28,327 - Step 02340: -9.0163 E_h, exp. variance=3.9144 E_h^2, pmove=0.32
2026-06-02 20:04:28,986 - Step 02341: -8.9827 E_h, exp. variance=3.5813 E_h^2, pmove=0.32
2026-06-02 20:04:29,646 - Step 02342: -8.9976 E_h, exp. variance=3.2724 E_h^2, pmove=0.32
2026-06-02 20:04:30,309 - Step 02343: -8.9297 E_h, exp. variance=2.9774 E_h^2, pmove=0.31
2026-06-02 20:04:30,969 - Step 02344: -9.0133 E_h, exp. variance=2.7144 E_h^2, pmove=0.32
2026-06-02 20:04:31,628 - Step 02345: -8.9508 E_h, exp. variance=2.4652 E_h^2, pmove=0.32
2026-06-02 20:04:32,288 - Step 02346: -9.0478 E_h, exp. variance=2.2454 E_h^2, pmove=0.32
2026-06-02 20:04:32,950 - Step 02347: -9.0049 E_h, exp. variance=2.0388 E_h^2, pmove=0.32
2026-06-02 20:04:33,608 - Step 02348: -9.0081 E_h, exp. variance=1.8497 E_h^2, pmove=0.32
2026-06-02 20:04:34,268 - Step 02349: -8.8893 E_h, exp. variance=1.6702 E_h^2, pmove=0.32
2026-06-02 20:04:34,926 - Step 02350: -9.0488 E_h, exp. variance=1.5163 E_h^2, pmove=0.32
2026-06-02 20:04:35,585 - Step 02351: -8.9418 E_h, exp. variance=1.3696 E_h^2, pmove=0.32
2026-06-02 20:04:36,247 - Step 02352: -8.8681 E_h, exp. variance=1.2344 E_h^2, pmove=0.31
2026-06-02 20:04:36,905 - Step 02353: -8.9490 E_h, exp. variance=1.1148 E_h^2, pmove=0.32
2026-06-02 20:04:37,565 - Step 02354: -9.0471 E_h, exp. variance=1.0105 E_h^2, pmove=0.32
2026-06-02 20:04:38,225 - Step 02355: -9.0304 E_h, exp. variance=0.9146 E_h^2, pmove=0.32
2026-06-02 20:04:38,887 - Step 02356: -8.9623 E_h, exp. variance=0.8250 E_h^2, pmove=0.32
2026-06-02 20:04:39,547 - Step 02357: -8.9172 E_h, exp. variance=0.7432 E_h^2, pmove=0.32
2026-06-02 20:04:40,206 - Step 02358: -8.4819 E_h, exp. variance=0.6804 E_h^2, pmove=0.32
2026-06-02 20:04:40,865 - Step 02359: -8.7833 E_h, exp. variance=0.6124 E_h^2, pmove=0.32
2026-06-02 20:04:41,525 - Step 02360: -8.9235 E_h, exp. variance=0.5525 E_h^2, pmove=0.32
2026-06-02 20:04:42,188 - Step 02361: -8.9887 E_h, exp. variance=0.5000 E_h^2, pmove=0.32
2026-06-02 20:04:42,847 - Step 02362: -8.8664 E_h, exp. variance=0.4501 E_h^2, pmove=0.31
2026-06-02 20:04:43,508 - Step 02363: -9.0022 E_h, exp. variance=0.4076 E_h^2, pmove=0.32
2026-06-02 20:04:44,167 - Step 02364: -9.0278 E_h, exp. variance=0.3696 E_h^2, pmove=0.32
2026-06-02 20:04:44,829 - Step 02365: -8.9822 E_h, exp. variance=0.3338 E_h^2, pmove=0.31
2026-06-02 20:04:45,489 - Step 02366: -9.0956 E_h, exp. variance=0.3046 E_h^2, pmove=0.32
2026-06-02 20:04:46,148 - Step 02367: -9.0687 E_h, exp. variance=0.2767 E_h^2, pmove=0.32
2026-06-02 20:04:46,807 - Step 02368: -9.0717 E_h, exp. variance=0.2511 E_h^2, pmove=0.32
2026-06-02 20:04:47,467 - Step 02369: -9.1213 E_h, exp. variance=0.2292 E_h^2, pmove=0.32
2026-06-02 20:04:48,128 - Step 02370: -9.1202 E_h, exp. variance=0.2088 E_h^2, pmove=0.32
2026-06-02 20:04:48,788 - Step 02371: -9.0699 E_h, exp. variance=0.1888 E_h^2, pmove=0.31
2026-06-02 20:04:49,449 - Step 02372: -9.1720 E_h, exp. variance=0.1733 E_h^2, pmove=0.32
2026-06-02 20:04:50,108 - Step 02373: -9.1641 E_h, exp. variance=0.1584 E_h^2, pmove=0.31
2026-06-02 20:04:50,768 - Step 02374: -9.0501 E_h, exp. variance=0.1427 E_h^2, pmove=0.32
2026-06-02 20:04:51,429 - Step 02375: -9.1621 E_h, exp. variance=0.1302 E_h^2, pmove=0.32
2026-06-02 20:04:52,089 - Step 02376: -9.0629 E_h, exp. variance=0.1173 E_h^2, pmove=0.32
2026-06-02 20:04:52,749 - Step 02377: -9.0566 E_h, exp. variance=0.1056 E_h^2, pmove=0.32
2026-06-02 20:04:53,408 - Step 02378: -9.2089 E_h, exp. variance=0.0977 E_h^2, pmove=0.32
2026-06-02 20:04:54,069 - Step 02379: -9.0821 E_h, exp. variance=0.0880 E_h^2, pmove=0.32
2026-06-02 20:04:54,729 - Step 02380: -9.1509 E_h, exp. variance=0.0799 E_h^2, pmove=0.32
2026-06-02 20:04:55,389 - Step 02381: -9.1183 E_h, exp. variance=0.0722 E_h^2, pmove=0.31
2026-06-02 20:04:56,049 - Step 02382: -9.1133 E_h, exp. variance=0.0651 E_h^2, pmove=0.32
2026-06-02 20:04:56,709 - Step 02383: -8.9776 E_h, exp. variance=0.0595 E_h^2, pmove=0.32
2026-06-02 20:04:57,370 - Step 02384: -9.1413 E_h, exp. variance=0.0540 E_h^2, pmove=0.32
2026-06-02 20:04:58,030 - Step 02385: -9.1568 E_h, exp. variance=0.0493 E_h^2, pmove=0.32
2026-06-02 20:04:58,689 - Step 02386: -9.0224 E_h, exp. variance=0.0447 E_h^2, pmove=0.31
2026-06-02 20:04:59,348 - Step 02387: -8.8675 E_h, exp. variance=0.0441 E_h^2, pmove=0.32
2026-06-02 20:05:00,009 - Step 02388: -8.8416 E_h, exp. variance=0.0438 E_h^2, pmove=0.31
2026-06-02 20:05:00,669 - Step 02389: -9.1207 E_h, exp. variance=0.0401 E_h^2, pmove=0.31
2026-06-02 20:05:01,330 - Step 02390: -9.0851 E_h, exp. variance=0.0363 E_h^2, pmove=0.32
2026-06-02 20:05:01,990 - Step 02391: -8.9400 E_h, exp. variance=0.0337 E_h^2, pmove=0.32
2026-06-02 20:05:02,649 - Step 02392: -9.1214 E_h, exp. variance=0.0310 E_h^2, pmove=0.32
2026-06-02 20:05:03,309 - Step 02393: -9.0546 E_h, exp. variance=0.0279 E_h^2, pmove=0.31
2026-06-02 20:05:03,969 - Step 02394: -9.0530 E_h, exp. variance=0.0251 E_h^2, pmove=0.32
2026-06-02 20:05:04,629 - Step 02395: -9.1523 E_h, exp. variance=0.0236 E_h^2, pmove=0.32
2026-06-02 20:05:05,288 - Step 02396: -9.1038 E_h, exp. variance=0.0214 E_h^2, pmove=0.32
2026-06-02 20:05:05,948 - Step 02397: -9.1026 E_h, exp. variance=0.0194 E_h^2, pmove=0.32
2026-06-02 20:05:06,608 - Step 02398: -9.1551 E_h, exp. variance=0.0182 E_h^2, pmove=0.32
2026-06-02 20:05:07,269 - Step 02399: -9.1883 E_h, exp. variance=0.0175 E_h^2, pmove=0.32
2026-06-02 20:05:07,928 - Step 02400: -9.0459 E_h, exp. variance=0.0159 E_h^2, pmove=0.32
2026-06-02 20:05:08,590 - Step 02401: -9.0640 E_h, exp. variance=0.0144 E_h^2, pmove=0.32
2026-06-02 20:05:09,250 - Step 02402: -9.1780 E_h, exp. variance=0.0138 E_h^2, pmove=0.32
2026-06-02 20:05:09,909 - Step 02403: -9.1475 E_h, exp. variance=0.0127 E_h^2, pmove=0.32
2026-06-02 20:05:10,569 - Step 02404: -9.1910 E_h, exp. variance=0.0123 E_h^2, pmove=0.32
2026-06-02 20:05:11,228 - Step 02405: -9.0587 E_h, exp. variance=0.0112 E_h^2, pmove=0.32
2026-06-02 20:05:11,889 - Step 02406: -9.1828 E_h, exp. variance=0.0107 E_h^2, pmove=0.32
2026-06-02 20:05:12,549 - Step 02407: -9.1611 E_h, exp. variance=0.0099 E_h^2, pmove=0.32
2026-06-02 20:05:13,209 - Step 02408: -9.2264 E_h, exp. variance=0.0100 E_h^2, pmove=0.32
2026-06-02 20:05:13,869 - Step 02409: -9.1439 E_h, exp. variance=0.0091 E_h^2, pmove=0.32
2026-06-02 20:05:14,529 - Step 02410: -9.2296 E_h, exp. variance=0.0091 E_h^2, pmove=0.32
2026-06-02 20:05:15,188 - Step 02411: -9.1576 E_h, exp. variance=0.0082 E_h^2, pmove=0.32
2026-06-02 20:05:15,848 - Step 02412: -9.1087 E_h, exp. variance=0.0075 E_h^2, pmove=0.31
2026-06-02 20:05:16,507 - Step 02413: -9.1956 E_h, exp. variance=0.0071 E_h^2, pmove=0.32
2026-06-02 20:05:17,168 - Step 02414: -9.2035 E_h, exp. variance=0.0067 E_h^2, pmove=0.33
2026-06-02 20:05:17,828 - Step 02415: 1.8022 E_h, exp. variance=10.7985 E_h^2, pmove=0.32
2026-06-02 20:05:18,486 - Step 02416: -9.1676 E_h, exp. variance=9.8304 E_h^2, pmove=0.32
2026-06-02 20:05:19,144 - Step 02417: -8.9555 E_h, exp. variance=8.9036 E_h^2, pmove=0.32
2026-06-02 20:05:19,804 - Step 02418: -9.0617 E_h, exp. variance=8.0735 E_h^2, pmove=0.32
2026-06-02 20:05:20,465 - Step 02419: -9.1946 E_h, exp. variance=7.3341 E_h^2, pmove=0.32
2026-06-02 20:05:21,125 - Step 02420: -9.1316 E_h, exp. variance=6.6472 E_h^2, pmove=0.32
2026-06-02 20:05:21,785 - Step 02421: -9.1670 E_h, exp. variance=6.0244 E_h^2, pmove=0.33
2026-06-02 20:05:22,445 - Step 02422: -9.0958 E_h, exp. variance=5.4485 E_h^2, pmove=0.32
2026-06-02 20:05:23,107 - Step 02423: -9.0089 E_h, exp. variance=4.9182 E_h^2, pmove=0.32
2026-06-02 20:05:23,769 - Step 02424: -9.1255 E_h, exp. variance=4.4470 E_h^2, pmove=0.32
2026-06-02 20:05:24,427 - Step 02425: -9.0408 E_h, exp. variance=4.0130 E_h^2, pmove=0.32
2026-06-02 20:05:25,086 - Step 02426: -9.0939 E_h, exp. variance=3.6237 E_h^2, pmove=0.32
2026-06-02 20:05:25,746 - Step 02427: -9.1622 E_h, exp. variance=3.2754 E_h^2, pmove=0.31
2026-06-02 20:05:26,408 - Step 02428: -9.1291 E_h, exp. variance=2.9573 E_h^2, pmove=0.31
2026-06-02 20:05:27,068 - Step 02429: 12.5165 E_h, exp. variance=43.7031 E_h^2, pmove=0.32
2026-06-02 20:05:27,726 - Step 02430: -8.7404 E_h, exp. variance=39.7065 E_h^2, pmove=0.31
2026-06-02 20:05:28,385 - Step 02431: -9.0962 E_h, exp. variance=36.1675 E_h^2, pmove=0.32
2026-06-02 20:05:29,047 - Step 02432: -9.0439 E_h, exp. variance=32.8820 E_h^2, pmove=0.32
2026-06-02 20:05:29,709 - Step 02433: -9.0600 E_h, exp. variance=29.8672 E_h^2, pmove=0.32
2026-06-02 20:05:30,368 - Step 02434: -9.2084 E_h, exp. variance=27.1458 E_h^2, pmove=0.32
2026-06-02 20:05:31,028 - Step 02435: -9.1439 E_h, exp. variance=24.6285 E_h^2, pmove=0.32
2026-06-02 20:05:31,686 - Step 02436: -9.3019 E_h, exp. variance=22.3657 E_h^2, pmove=0.32
2026-06-02 20:05:32,348 - Step 02437: -9.1816 E_h, exp. variance=20.2633 E_h^2, pmove=0.32
2026-06-02 20:05:33,007 - Step 02438: -9.1921 E_h, exp. variance=18.3478 E_h^2, pmove=0.32
2026-06-02 20:05:33,667 - Step 02439: -9.1769 E_h, exp. variance=16.6001 E_h^2, pmove=0.32
2026-06-02 20:05:34,327 - Step 02440: -9.1449 E_h, exp. variance=15.0056 E_h^2, pmove=0.32
2026-06-02 20:05:34,988 - Step 02441: 6.0151 E_h, exp. variance=32.1472 E_h^2, pmove=0.32
2026-06-02 20:05:35,647 - Step 02442: -9.1655 E_h, exp. variance=29.3791 E_h^2, pmove=0.31
2026-06-02 20:05:36,306 - Step 02443: -8.9578 E_h, exp. variance=26.7318 E_h^2, pmove=0.32
2026-06-02 20:05:36,965 - Step 02444: -9.2507 E_h, exp. variance=24.3871 E_h^2, pmove=0.32
2026-06-02 20:05:37,625 - Step 02445: -9.2444 E_h, exp. variance=22.2125 E_h^2, pmove=0.32
2026-06-02 20:05:38,288 - Step 02446: -9.3441 E_h, exp. variance=20.2338 E_h^2, pmove=0.32
2026-06-02 20:05:38,959 - Step 02447: -9.2169 E_h, exp. variance=18.3744 E_h^2, pmove=0.32
2026-06-02 20:05:39,618 - Step 02448: -9.1305 E_h, exp. variance=16.6516 E_h^2, pmove=0.32
2026-06-02 20:05:40,278 - Step 02449: -9.3287 E_h, exp. variance=15.1191 E_h^2, pmove=0.32
2026-06-02 20:05:40,940 - Step 02450: -9.1544 E_h, exp. variance=13.6831 E_h^2, pmove=0.32
2026-06-02 20:05:41,598 - Step 02451: -9.1591 E_h, exp. variance=12.3770 E_h^2, pmove=0.32
2026-06-02 20:05:42,256 - Step 02452: -9.1909 E_h, exp. variance=11.1940 E_h^2, pmove=0.32
2026-06-02 20:05:42,915 - Step 02453: -9.2446 E_h, exp. variance=10.1260 E_h^2, pmove=0.32
2026-06-02 20:05:43,573 - Step 02454: -9.2699 E_h, exp. variance=9.1582 E_h^2, pmove=0.32
2026-06-02 20:05:44,234 - Step 02455: -9.2626 E_h, exp. variance=8.2778 E_h^2, pmove=0.32
2026-06-02 20:05:44,893 - Step 02456: -9.2113 E_h, exp. variance=7.4737 E_h^2, pmove=0.32
2026-06-02 20:05:45,552 - Step 02457: -9.2527 E_h, exp. variance=6.7492 E_h^2, pmove=0.32
2026-06-02 20:05:46,211 - Step 02458: -9.2143 E_h, exp. variance=6.0897 E_h^2, pmove=0.32
2026-06-02 20:05:46,872 - Step 02459: -9.2970 E_h, exp. variance=5.4995 E_h^2, pmove=0.32
2026-06-02 20:05:47,530 - Step 02460: -9.4541 E_h, exp. variance=4.9785 E_h^2, pmove=0.32
2026-06-02 20:05:48,188 - Step 02461: -9.2980 E_h, exp. variance=4.4920 E_h^2, pmove=0.32
2026-06-02 20:05:48,848 - Step 02462: -9.2504 E_h, exp. variance=4.0494 E_h^2, pmove=0.33
2026-06-02 20:05:49,506 - Step 02463: -9.0982 E_h, exp. variance=3.6452 E_h^2, pmove=0.33
2026-06-02 20:05:50,169 - Step 02464: -9.2287 E_h, exp. variance=3.2848 E_h^2, pmove=0.32
2026-06-02 20:05:50,828 - Step 02465: -9.2193 E_h, exp. variance=2.9593 E_h^2, pmove=0.32
2026-06-02 20:05:51,488 - Step 02466: -9.3311 E_h, exp. variance=2.6703 E_h^2, pmove=0.32
2026-06-02 20:05:52,147 - Step 02467: -9.3946 E_h, exp. variance=2.4120 E_h^2, pmove=0.32
2026-06-02 20:05:52,809 - Step 02468: -9.4396 E_h, exp. variance=2.1804 E_h^2, pmove=0.32
2026-06-02 20:05:53,467 - Step 02469: -9.3209 E_h, exp. variance=1.9651 E_h^2, pmove=0.32
2026-06-02 20:05:54,126 - Step 02470: -9.3394 E_h, exp. variance=1.7713 E_h^2, pmove=0.32
2026-06-02 20:05:54,785 - Step 02471: -9.3060 E_h, exp. variance=1.5956 E_h^2, pmove=0.32
2026-06-02 20:05:55,446 - Step 02472: -9.3341 E_h, exp. variance=1.4378 E_h^2, pmove=0.32
2026-06-02 20:05:56,108 - Step 02473: -9.2082 E_h, exp. variance=1.2940 E_h^2, pmove=0.32
2026-06-02 20:05:56,768 - Step 02474: -9.3855 E_h, exp. variance=1.1675 E_h^2, pmove=0.32
2026-06-02 20:05:57,428 - Step 02475: -9.2438 E_h, exp. variance=1.0508 E_h^2, pmove=0.32
2026-06-02 20:05:58,088 - Step 02476: -9.3621 E_h, exp. variance=0.9473 E_h^2, pmove=0.32
2026-06-02 20:05:58,749 - Step 02477: -9.1655 E_h, exp. variance=0.8531 E_h^2, pmove=0.32
2026-06-02 20:05:59,408 - Step 02478: -9.1974 E_h, exp. variance=0.7679 E_h^2, pmove=0.32
2026-06-02 20:06:00,074 - Step 02479: -7.8546 E_h, exp. variance=0.8613 E_h^2, pmove=0.32
2026-06-02 20:06:00,733 - Step 02480: -9.0524 E_h, exp. variance=0.7753 E_h^2, pmove=0.32
2026-06-02 20:06:01,392 - Step 02481: -6.3291 E_h, exp. variance=1.3830 E_h^2, pmove=0.32
2026-06-02 20:06:02,053 - Step 02482: -9.2823 E_h, exp. variance=1.2646 E_h^2, pmove=0.32
2026-06-02 20:06:02,713 - Step 02483: -9.3116 E_h, exp. variance=1.1565 E_h^2, pmove=0.32
2026-06-02 20:06:03,373 - Step 02484: -9.3533 E_h, exp. variance=1.0590 E_h^2, pmove=0.32
2026-06-02 20:06:04,033 - Step 02485: -9.1787 E_h, exp. variance=0.9578 E_h^2, pmove=0.32
2026-06-02 20:06:04,693 - Step 02486: -8.7145 E_h, exp. variance=0.8680 E_h^2, pmove=0.32
2026-06-02 20:06:05,353 - Step 02487: -9.2224 E_h, exp. variance=0.7881 E_h^2, pmove=0.31
2026-06-02 20:06:06,013 - Step 02488: -9.2760 E_h, exp. variance=0.7175 E_h^2, pmove=0.31
2026-06-02 20:06:06,673 - Step 02489: -9.2880 E_h, exp. variance=0.6530 E_h^2, pmove=0.31
2026-06-02 20:06:07,332 - Step 02490: -9.2839 E_h, exp. variance=0.5933 E_h^2, pmove=0.31
2026-06-02 20:06:07,991 - Step 02491: -9.3047 E_h, exp. variance=0.5395 E_h^2, pmove=0.32
2026-06-02 20:06:08,650 - Step 02492: -7.7055 E_h, exp. variance=0.6562 E_h^2, pmove=0.32
2026-06-02 20:06:09,310 - Step 02493: -9.2756 E_h, exp. variance=0.6004 E_h^2, pmove=0.31
2026-06-02 20:06:09,969 - Step 02494: -9.2986 E_h, exp. variance=0.5496 E_h^2, pmove=0.31
2026-06-02 20:06:10,629 - Step 02495: -9.3926 E_h, exp. variance=0.5079 E_h^2, pmove=0.31
2026-06-02 20:06:11,288 - Step 02496: -9.3880 E_h, exp. variance=0.4675 E_h^2, pmove=0.31
2026-06-02 20:06:11,948 - Step 02497: -9.4206 E_h, exp. variance=0.4310 E_h^2, pmove=0.31
2026-06-02 20:06:12,608 - Step 02498: -9.2888 E_h, exp. variance=0.3906 E_h^2, pmove=0.32
2026-06-02 20:06:13,268 - Step 02499: -9.4308 E_h, exp. variance=0.3595 E_h^2, pmove=0.32
2026-06-02 20:06:13,928 - Step 02500: -9.4866 E_h, exp. variance=0.3330 E_h^2, pmove=0.32
2026-06-02 20:06:14,588 - Step 02501: -9.4253 E_h, exp. variance=0.3044 E_h^2, pmove=0.31
2026-06-02 20:06:15,248 - Step 02502: -9.3029 E_h, exp. variance=0.2746 E_h^2, pmove=0.32
2026-06-02 20:06:15,908 - Step 02503: -9.3639 E_h, exp. variance=0.2489 E_h^2, pmove=0.32
2026-06-02 20:06:16,569 - Step 02504: -9.4223 E_h, exp. variance=0.2269 E_h^2, pmove=0.32
2026-06-02 20:06:17,230 - Step 02505: -9.4824 E_h, exp. variance=0.2088 E_h^2, pmove=0.32
2026-06-02 20:06:17,891 - Step 02506: -9.3862 E_h, exp. variance=0.1889 E_h^2, pmove=0.32
2026-06-02 20:06:18,551 - Step 02507: -9.3362 E_h, exp. variance=0.1702 E_h^2, pmove=0.32
2026-06-02 20:06:19,213 - Step 02508: -9.3148 E_h, exp. variance=0.1532 E_h^2, pmove=0.32
2026-06-02 20:06:19,874 - Step 02509: -9.3844 E_h, exp. variance=0.1385 E_h^2, pmove=0.32
2026-06-02 20:06:20,534 - Step 02510: -1.9162 E_h, exp. variance=5.0403 E_h^2, pmove=0.32
2026-06-02 20:06:21,196 - Step 02511: -7.9028 E_h, exp. variance=4.5761 E_h^2, pmove=0.31
2026-06-02 20:06:21,857 - Step 02512: -8.7806 E_h, exp. variance=4.1255 E_h^2, pmove=0.32
2026-06-02 20:06:22,519 - Step 02513: -9.2590 E_h, exp. variance=3.7609 E_h^2, pmove=0.31
2026-06-02 20:06:23,180 - Step 02514: -9.3470 E_h, exp. variance=3.4347 E_h^2, pmove=0.32
2026-06-02 20:06:23,839 - Step 02515: -9.3646 E_h, exp. variance=3.1339 E_h^2, pmove=0.31
2026-06-02 20:06:24,500 - Step 02516: -9.3878 E_h, exp. variance=2.8576 E_h^2, pmove=0.32
2026-06-02 20:06:25,160 - Step 02517: -9.4454 E_h, exp. variance=2.6083 E_h^2, pmove=0.32
2026-06-02 20:06:25,819 - Step 02518: -9.3948 E_h, exp. variance=2.3719 E_h^2, pmove=0.32
2026-06-02 20:06:26,479 - Step 02519: -9.4928 E_h, exp. variance=2.1637 E_h^2, pmove=0.32
2026-06-02 20:06:27,140 - Step 02520: -9.5013 E_h, exp. variance=1.9716 E_h^2, pmove=0.32
2026-06-02 20:06:27,800 - Step 02521: -9.3304 E_h, exp. variance=1.7824 E_h^2, pmove=0.31
2026-06-02 20:06:28,462 - Step 02522: -9.3758 E_h, exp. variance=1.6129 E_h^2, pmove=0.32
2026-06-02 20:06:29,123 - Step 02523: -9.3947 E_h, exp. variance=1.4597 E_h^2, pmove=0.31
2026-06-02 20:06:29,783 - Step 02524: -9.4098 E_h, exp. variance=1.3210 E_h^2, pmove=0.32
2026-06-02 20:06:30,443 - Step 02525: -9.5714 E_h, exp. variance=1.2047 E_h^2, pmove=0.32
2026-06-02 20:06:31,106 - Step 02526: -9.4737 E_h, exp. variance=1.0912 E_h^2, pmove=0.32
2026-06-02 20:06:31,766 - Step 02527: -9.3843 E_h, exp. variance=0.9844 E_h^2, pmove=0.32
2026-06-02 20:06:32,427 - Step 02528: -9.4716 E_h, exp. variance=0.8908 E_h^2, pmove=0.31
2026-06-02 20:06:33,088 - Step 02529: -9.4884 E_h, exp. variance=0.8063 E_h^2, pmove=0.32
2026-06-02 20:06:33,748 - Step 02530: -9.5230 E_h, exp. variance=0.7308 E_h^2, pmove=0.32
2026-06-02 20:06:34,410 - Step 02531: -9.5082 E_h, exp. variance=0.6613 E_h^2, pmove=0.31
2026-06-02 20:06:35,069 - Step 02532: -9.4931 E_h, exp. variance=0.5976 E_h^2, pmove=0.32
2026-06-02 20:06:35,729 - Step 02533: -9.3928 E_h, exp. variance=0.5380 E_h^2, pmove=0.32
2026-06-02 20:06:36,388 - Step 02534: -9.2870 E_h, exp. variance=0.4846 E_h^2, pmove=0.32
2026-06-02 20:06:37,052 - Step 02535: -9.4049 E_h, exp. variance=0.4365 E_h^2, pmove=0.32
2026-06-02 20:06:37,711 - Step 02536: -9.4066 E_h, exp. variance=0.3931 E_h^2, pmove=0.32
2026-06-02 20:06:38,371 - Step 02537: -9.3276 E_h, exp. variance=0.3539 E_h^2, pmove=0.32
2026-06-02 20:06:39,031 - Step 02538: -9.3904 E_h, exp. variance=0.3186 E_h^2, pmove=0.32
2026-06-02 20:06:39,690 - Step 02539: -9.4406 E_h, exp. variance=0.2874 E_h^2, pmove=0.31
2026-06-02 20:06:40,358 - Step 02540: -9.4609 E_h, exp. variance=0.2595 E_h^2, pmove=0.32
2026-06-02 20:06:41,025 - Step 02541: -9.4860 E_h, exp. variance=0.2347 E_h^2, pmove=0.31
2026-06-02 20:06:41,688 - Step 02542: -9.4078 E_h, exp. variance=0.2112 E_h^2, pmove=0.32
2026-06-02 20:06:42,355 - Step 02543: -9.5263 E_h, exp. variance=0.1918 E_h^2, pmove=0.32
2026-06-02 20:06:43,019 - Step 02544: -9.6152 E_h, exp. variance=0.1768 E_h^2, pmove=0.32
2026-06-02 20:06:43,679 - Step 02545: -9.6658 E_h, exp. variance=0.1644 E_h^2, pmove=0.32
2026-06-02 20:06:44,339 - Step 02546: -9.6011 E_h, exp. variance=0.1501 E_h^2, pmove=0.32
2026-06-02 20:06:44,999 - Step 02547: -9.5986 E_h, exp. variance=0.1367 E_h^2, pmove=0.32
2026-06-02 20:06:45,658 - Step 02548: -9.6531 E_h, exp. variance=0.1259 E_h^2, pmove=0.32
2026-06-02 20:06:46,320 - Step 02549: -9.5787 E_h, exp. variance=0.1139 E_h^2, pmove=0.32
2026-06-02 20:06:46,980 - Step 02550: -9.5177 E_h, exp. variance=0.1026 E_h^2, pmove=0.32
2026-06-02 20:06:47,639 - Step 02551: -9.4935 E_h, exp. variance=0.0923 E_h^2, pmove=0.32
2026-06-02 20:06:48,300 - Step 02552: -9.5018 E_h, exp. variance=0.0831 E_h^2, pmove=0.32
2026-06-02 20:06:48,964 - Step 02553: -9.4726 E_h, exp. variance=0.0749 E_h^2, pmove=0.32
2026-06-02 20:06:49,625 - Step 02554: -9.4801 E_h, exp. variance=0.0674 E_h^2, pmove=0.32
2026-06-02 20:06:50,285 - Step 02555: -9.4601 E_h, exp. variance=0.0608 E_h^2, pmove=0.32
2026-06-02 20:06:50,945 - Step 02556: -9.3924 E_h, exp. variance=0.0556 E_h^2, pmove=0.32
2026-06-02 20:06:51,605 - Step 02557: -9.4463 E_h, exp. variance=0.0502 E_h^2, pmove=0.32
2026-06-02 20:06:52,268 - Step 02558: -9.4724 E_h, exp. variance=0.0452 E_h^2, pmove=0.32
2026-06-02 20:06:52,928 - Step 02559: -9.4230 E_h, exp. variance=0.0410 E_h^2, pmove=0.32
2026-06-02 20:06:53,588 - Step 02560: -9.4158 E_h, exp. variance=0.0372 E_h^2, pmove=0.32
2026-06-02 20:06:54,247 - Step 02561: -9.4613 E_h, exp. variance=0.0335 E_h^2, pmove=0.32
2026-06-02 20:06:54,922 - Step 02562: -9.5158 E_h, exp. variance=0.0303 E_h^2, pmove=0.32
2026-06-02 20:06:55,582 - Step 02563: -9.5322 E_h, exp. variance=0.0276 E_h^2, pmove=0.31
2026-06-02 20:06:56,242 - Step 02564: -9.5859 E_h, exp. variance=0.0259 E_h^2, pmove=0.32
2026-06-02 20:06:56,901 - Step 02565: -9.2490 E_h, exp. variance=0.0285 E_h^2, pmove=0.32
2026-06-02 20:06:57,561 - Step 02566: -9.4009 E_h, exp. variance=0.0260 E_h^2, pmove=0.32
2026-06-02 20:06:58,223 - Step 02567: -4.9323 E_h, exp. variance=1.8672 E_h^2, pmove=0.32
2026-06-02 20:06:58,883 - Step 02568: -9.4269 E_h, exp. variance=1.6964 E_h^2, pmove=0.32
2026-06-02 20:06:59,543 - Step 02569: -9.4461 E_h, exp. variance=1.5410 E_h^2, pmove=0.32
2026-06-02 20:07:00,204 - Step 02570: -9.6437 E_h, exp. variance=1.4148 E_h^2, pmove=0.32
2026-06-02 20:07:01,645 - Step 02571: -9.7179 E_h, exp. variance=1.3030 E_h^2, pmove=0.32
2026-06-02 20:07:02,305 - Step 02572: -9.6528 E_h, exp. variance=1.1911 E_h^2, pmove=0.32
2026-06-02 20:07:02,965 - Step 02573: -9.6877 E_h, exp. variance=1.0895 E_h^2, pmove=0.32
2026-06-02 20:07:03,627 - Step 02574: -9.5180 E_h, exp. variance=0.9852 E_h^2, pmove=0.32
2026-06-02 20:07:04,287 - Step 02575: -9.5958 E_h, exp. variance=0.8939 E_h^2, pmove=0.32
2026-06-02 20:07:04,947 - Step 02576: -9.3716 E_h, exp. variance=0.8046 E_h^2, pmove=0.32
2026-06-02 20:07:05,607 - Step 02577: -9.6746 E_h, exp. variance=0.7340 E_h^2, pmove=0.32
2026-06-02 20:07:06,269 - Step 02578: -9.6158 E_h, exp. variance=0.6657 E_h^2, pmove=0.32
2026-06-02 20:07:06,930 - Step 02579: -9.6082 E_h, exp. variance=0.6030 E_h^2, pmove=0.32
2026-06-02 20:07:07,590 - Step 02580: -9.5298 E_h, exp. variance=0.5437 E_h^2, pmove=0.31
2026-06-02 20:07:08,251 - Step 02581: -9.0898 E_h, exp. variance=0.4999 E_h^2, pmove=0.32
2026-06-02 20:07:08,911 - Step 02582: -9.4388 E_h, exp. variance=0.4501 E_h^2, pmove=0.32
2026-06-02 20:07:09,573 - Step 02583: -9.5950 E_h, exp. variance=0.4084 E_h^2, pmove=0.32
2026-06-02 20:07:10,235 - Step 02584: -9.5603 E_h, exp. variance=0.3693 E_h^2, pmove=0.32
2026-06-02 20:07:10,895 - Step 02585: -9.5289 E_h, exp. variance=0.3332 E_h^2, pmove=0.32
2026-06-02 20:07:11,556 - Step 02586: -9.5641 E_h, exp. variance=0.3011 E_h^2, pmove=0.32
2026-06-02 20:07:12,217 - Step 02587: -9.5249 E_h, exp. variance=0.2714 E_h^2, pmove=0.32
2026-06-02 20:07:12,878 - Step 02588: -9.5715 E_h, exp. variance=0.2453 E_h^2, pmove=0.32
2026-06-02 20:07:13,539 - Step 02589: -9.5759 E_h, exp. variance=0.2217 E_h^2, pmove=0.32
2026-06-02 20:07:14,200 - Step 02590: -9.5442 E_h, exp. variance=0.1999 E_h^2, pmove=0.31
2026-06-02 20:07:14,860 - Step 02591: -9.5394 E_h, exp. variance=0.1801 E_h^2, pmove=0.31
2026-06-02 20:07:15,522 - Step 02592: -9.6217 E_h, exp. variance=0.1635 E_h^2, pmove=0.32
2026-06-02 20:07:16,183 - Step 02593: -9.6001 E_h, exp. variance=0.1479 E_h^2, pmove=0.32
2026-06-02 20:07:16,843 - Step 02594: -4.4545 E_h, exp. variance=2.4400 E_h^2, pmove=0.32
2026-06-02 20:07:17,505 - Step 02595: -9.5053 E_h, exp. variance=2.2180 E_h^2, pmove=0.32
2026-06-02 20:07:18,165 - Step 02596: -9.3534 E_h, exp. variance=2.0039 E_h^2, pmove=0.32
2026-06-02 20:07:18,826 - Step 02597: -9.5260 E_h, exp. variance=1.8206 E_h^2, pmove=0.32
2026-06-02 20:07:19,487 - Step 02598: -9.5791 E_h, exp. variance=1.6564 E_h^2, pmove=0.32
2026-06-02 20:07:20,148 - Step 02599: -9.3624 E_h, exp. variance=1.4939 E_h^2, pmove=0.32
2026-06-02 20:07:20,809 - Step 02600: -9.6155 E_h, exp. variance=1.3603 E_h^2, pmove=0.32
2026-06-02 20:07:21,470 - Step 02601: -9.6898 E_h, exp. variance=1.2426 E_h^2, pmove=0.32
2026-06-02 20:07:22,130 - Step 02602: -9.5636 E_h, exp. variance=1.1254 E_h^2, pmove=0.32
2026-06-02 20:07:22,790 - Step 02603: -9.5963 E_h, exp. variance=1.0202 E_h^2, pmove=0.32
2026-06-02 20:07:23,450 - Step 02604: -9.6821 E_h, exp. variance=0.9287 E_h^2, pmove=0.32
2026-06-02 20:07:24,111 - Step 02605: -9.6345 E_h, exp. variance=0.8419 E_h^2, pmove=0.32
2026-06-02 20:07:24,773 - Step 02606: -9.7174 E_h, exp. variance=0.7668 E_h^2, pmove=0.32
2026-06-02 20:07:25,434 - Step 02607: -9.6718 E_h, exp. variance=0.6953 E_h^2, pmove=0.32
2026-06-02 20:07:26,093 - Step 02608: 18.6118 E_h, exp. variance=71.5275 E_h^2, pmove=0.32
2026-06-02 20:07:26,753 - Step 02609: -9.6089 E_h, exp. variance=65.1632 E_h^2, pmove=0.32
2026-06-02 20:07:27,416 - Step 02610: -9.6785 E_h, exp. variance=59.3193 E_h^2, pmove=0.32
2026-06-02 20:07:28,077 - Step 02611: -9.6989 E_h, exp. variance=53.9411 E_h^2, pmove=0.32
2026-06-02 20:07:28,738 - Step 02612: -9.6008 E_h, exp. variance=48.9570 E_h^2, pmove=0.32
2026-06-02 20:07:29,400 - Step 02613: -8.8831 E_h, exp. variance=44.1916 E_h^2, pmove=0.32
2026-06-02 20:07:30,060 - Step 02614: -9.5374 E_h, exp. variance=40.0440 E_h^2, pmove=0.32
2026-06-02 20:07:30,721 - Step 02615: -9.5889 E_h, exp. variance=36.2743 E_h^2, pmove=0.32
2026-06-02 20:07:31,381 - Step 02616: -9.5114 E_h, exp. variance=32.8173 E_h^2, pmove=0.32
2026-06-02 20:07:32,041 - Step 02617: -9.6731 E_h, exp. variance=29.7120 E_h^2, pmove=0.32
2026-06-02 20:07:32,701 - Step 02618: -9.6520 E_h, exp. variance=26.8789 E_h^2, pmove=0.32
2026-06-02 20:07:33,363 - Step 02619: -9.6170 E_h, exp. variance=24.2960 E_h^2, pmove=0.32
2026-06-02 20:07:34,023 - Step 02620: -9.2746 E_h, exp. variance=21.9021 E_h^2, pmove=0.32
2026-06-02 20:07:34,683 - Step 02621: -9.5508 E_h, exp. variance=19.7758 E_h^2, pmove=0.31
2026-06-02 20:07:35,343 - Step 02622: -9.6038 E_h, exp. variance=17.8575 E_h^2, pmove=0.32
2026-06-02 20:07:36,003 - Step 02623: -9.6168 E_h, exp. variance=16.1215 E_h^2, pmove=0.31
2026-06-02 20:07:36,663 - Step 02624: -8.3587 E_h, exp. variance=14.5406 E_h^2, pmove=0.32
2026-06-02 20:07:37,322 - Step 02625: -9.6378 E_h, exp. variance=13.1370 E_h^2, pmove=0.31
2026-06-02 20:07:37,981 - Step 02626: -8.6937 E_h, exp. variance=11.8299 E_h^2, pmove=0.32
2026-06-02 20:07:38,641 - Step 02627: -3.1552 E_h, exp. variance=13.6552 E_h^2, pmove=0.31
2026-06-02 20:07:39,303 - Step 02628: -9.4032 E_h, exp. variance=12.3879 E_h^2, pmove=0.32
2026-06-02 20:07:39,963 - Step 02629: -9.3844 E_h, exp. variance=11.2255 E_h^2, pmove=0.31
2026-06-02 20:07:40,623 - Step 02630: -9.6158 E_h, exp. variance=10.2042 E_h^2, pmove=0.32
2026-06-02 20:07:41,282 - Step 02631: -9.7339 E_h, exp. variance=9.2874 E_h^2, pmove=0.32
2026-06-02 20:07:41,944 - Step 02632: -9.6699 E_h, exp. variance=8.4317 E_h^2, pmove=0.32
2026-06-02 20:07:42,604 - Step 02633: -9.6491 E_h, exp. variance=7.6448 E_h^2, pmove=0.32
2026-06-02 20:07:43,270 - Step 02634: -9.6422 E_h, exp. variance=6.9250 E_h^2, pmove=0.32
2026-06-02 20:07:43,929 - Step 02635: -8.7509 E_h, exp. variance=6.2385 E_h^2, pmove=0.32
2026-06-02 20:07:44,589 - Step 02636: -9.5395 E_h, exp. variance=5.6425 E_h^2, pmove=0.31
2026-06-02 20:07:45,251 - Step 02637: -9.3799 E_h, exp. variance=5.0888 E_h^2, pmove=0.32
2026-06-02 20:07:45,910 - Step 02638: -9.4492 E_h, exp. variance=4.5927 E_h^2, pmove=0.32
2026-06-02 20:07:46,570 - Step 02639: -9.6406 E_h, exp. variance=4.1588 E_h^2, pmove=0.32
2026-06-02 20:07:47,229 - Step 02640: -9.5695 E_h, exp. variance=3.7578 E_h^2, pmove=0.31
2026-06-02 20:07:47,893 - Step 02641: -9.6473 E_h, exp. variance=3.3997 E_h^2, pmove=0.31
2026-06-02 20:07:48,552 - Step 02642: -9.6154 E_h, exp. variance=3.0719 E_h^2, pmove=0.31
2026-06-02 20:07:49,212 - Step 02643: -9.7301 E_h, exp. variance=2.7825 E_h^2, pmove=0.32
2026-06-02 20:07:49,872 - Step 02644: -9.6630 E_h, exp. variance=2.5143 E_h^2, pmove=0.32
2026-06-02 20:07:50,532 - Step 02645: -9.6183 E_h, exp. variance=2.2688 E_h^2, pmove=0.32
2026-06-02 20:07:51,199 - Step 02646: 43.4148 E_h, exp. variance=252.9765 E_h^2, pmove=0.32
2026-06-02 20:07:51,858 - Step 02647: -9.5929 E_h, exp. variance=230.3865 E_h^2, pmove=0.32
2026-06-02 20:07:52,518 - Step 02648: -9.6091 E_h, exp. variance=209.5554 E_h^2, pmove=0.32
2026-06-02 20:07:53,178 - Step 02649: -9.5006 E_h, exp. variance=190.3020 E_h^2, pmove=0.31
2026-06-02 20:07:53,840 - Step 02650: -9.4046 E_h, exp. variance=172.5838 E_h^2, pmove=0.31
2026-06-02 20:07:54,500 - Step 02651: -9.4985 E_h, exp. variance=156.4469 E_h^2, pmove=0.31
2026-06-02 20:07:55,159 - Step 02652: -9.5308 E_h, exp. variance=141.7293 E_h^2, pmove=0.31
2026-06-02 20:07:55,819 - Step 02653: -9.0883 E_h, exp. variance=128.0948 E_h^2, pmove=0.32
2026-06-02 20:07:56,482 - Step 02654: -9.5031 E_h, exp. variance=115.9013 E_h^2, pmove=0.32
2026-06-02 20:07:57,142 - Step 02655: -9.7401 E_h, exp. variance=104.9156 E_h^2, pmove=0.32
2026-06-02 20:07:57,800 - Step 02656: -9.6443 E_h, exp. variance=94.8743 E_h^2, pmove=0.32
2026-06-02 20:07:58,459 - Step 02657: -9.6505 E_h, exp. variance=85.7538 E_h^2, pmove=0.32
2026-06-02 20:07:59,119 - Step 02658: -9.6826 E_h, exp. variance=77.4862 E_h^2, pmove=0.32
2026-06-02 20:07:59,780 - Step 02659: -9.6785 E_h, exp. variance=69.9857 E_h^2, pmove=0.32
2026-06-02 20:08:00,441 - Step 02660: -9.7202 E_h, exp. variance=63.1994 E_h^2, pmove=0.32
2026-06-02 20:08:01,100 - Step 02661: -9.7342 E_h, exp. variance=57.0550 E_h^2, pmove=0.32
2026-06-02 20:08:01,760 - Step 02662: -9.6945 E_h, exp. variance=51.4828 E_h^2, pmove=0.31
2026-06-02 20:08:02,423 - Step 02663: -9.6904 E_h, exp. variance=46.4417 E_h^2, pmove=0.32
2026-06-02 20:08:03,084 - Step 02664: -9.7417 E_h, exp. variance=41.8936 E_h^2, pmove=0.32
2026-06-02 20:08:03,743 - Step 02665: -9.7571 E_h, exp. variance=37.7847 E_h^2, pmove=0.32
2026-06-02 20:08:04,403 - Step 02666: -9.8009 E_h, exp. variance=34.0783 E_h^2, pmove=0.32
2026-06-02 20:08:05,063 - Step 02667: -9.7703 E_h, exp. variance=30.7245 E_h^2, pmove=0.32
2026-06-02 20:08:05,726 - Step 02668: -9.7424 E_h, exp. variance=27.6923 E_h^2, pmove=0.32
2026-06-02 20:08:06,385 - Step 02669: -9.7443 E_h, exp. variance=24.9559 E_h^2, pmove=0.33
2026-06-02 20:08:07,045 - Step 02670: -9.6938 E_h, exp. variance=22.4823 E_h^2, pmove=0.32
2026-06-02 20:08:07,705 - Step 02671: -9.7935 E_h, exp. variance=20.2606 E_h^2, pmove=0.32
2026-06-02 20:08:08,367 - Step 02672: -9.8509 E_h, exp. variance=18.2615 E_h^2, pmove=0.32
2026-06-02 20:08:09,026 - Step 02673: -9.8949 E_h, exp. variance=16.4612 E_h^2, pmove=0.32
2026-06-02 20:08:09,685 - Step 02674: -9.7586 E_h, exp. variance=14.8258 E_h^2, pmove=0.32
2026-06-02 20:08:10,345 - Step 02675: -9.6580 E_h, exp. variance=13.3473 E_h^2, pmove=0.32
2026-06-02 20:08:11,004 - Step 02676: -9.7225 E_h, exp. variance=12.0184 E_h^2, pmove=0.32
2026-06-02 20:08:11,668 - Step 02677: -9.6549 E_h, exp. variance=10.8189 E_h^2, pmove=0.32
2026-06-02 20:08:12,327 - Step 02678: -9.8229 E_h, exp. variance=9.7458 E_h^2, pmove=0.32
2026-06-02 20:08:12,986 - Step 02679: -9.7538 E_h, exp. variance=8.7753 E_h^2, pmove=0.32
2026-06-02 20:08:13,646 - Step 02680: -9.7308 E_h, exp. variance=7.9003 E_h^2, pmove=0.32
2026-06-02 20:08:14,308 - Step 02681: -9.7960 E_h, exp. variance=7.1145 E_h^2, pmove=0.32
2026-06-02 20:08:14,967 - Step 02682: -9.7240 E_h, exp. variance=6.4044 E_h^2, pmove=0.32
2026-06-02 20:08:15,626 - Step 02683: -9.6544 E_h, exp. variance=5.7641 E_h^2, pmove=0.32
2026-06-02 20:08:16,286 - Step 02684: -9.7430 E_h, exp. variance=5.1892 E_h^2, pmove=0.32
2026-06-02 20:08:16,945 - Step 02685: -9.6888 E_h, exp. variance=4.6706 E_h^2, pmove=0.32
2026-06-02 20:08:17,608 - Step 02686: -9.5070 E_h, exp. variance=4.2050 E_h^2, pmove=0.32
2026-06-02 20:08:18,268 - Step 02687: -9.5513 E_h, exp. variance=3.7850 E_h^2, pmove=0.31
2026-06-02 20:08:18,927 - Step 02688: -9.7738 E_h, exp. variance=3.4087 E_h^2, pmove=0.32
2026-06-02 20:08:19,586 - Step 02689: -9.8743 E_h, exp. variance=3.0731 E_h^2, pmove=0.32
2026-06-02 20:08:20,247 - Step 02690: -9.9377 E_h, exp. variance=2.7730 E_h^2, pmove=0.32
2026-06-02 20:08:20,907 - Step 02691: -9.9055 E_h, exp. variance=2.5001 E_h^2, pmove=0.32
2026-06-02 20:08:21,566 - Step 02692: -9.6982 E_h, exp. variance=2.2501 E_h^2, pmove=0.32
2026-06-02 20:08:22,226 - Step 02693: -9.1005 E_h, exp. variance=2.0580 E_h^2, pmove=0.32
2026-06-02 20:08:22,885 - Step 02694: -9.7716 E_h, exp. variance=1.8536 E_h^2, pmove=0.32
2026-06-02 20:08:23,547 - Step 02695: -9.7711 E_h, exp. variance=1.6694 E_h^2, pmove=0.32
2026-06-02 20:08:24,207 - Step 02696: -9.7810 E_h, exp. variance=1.5036 E_h^2, pmove=0.32
2026-06-02 20:08:24,866 - Step 02697: -9.7699 E_h, exp. variance=1.3540 E_h^2, pmove=0.32
2026-06-02 20:08:25,525 - Step 02698: -9.7590 E_h, exp. variance=1.2190 E_h^2, pmove=0.32
2026-06-02 20:08:26,187 - Step 02699: -7.6598 E_h, exp. variance=1.4703 E_h^2, pmove=0.32
2026-06-02 20:08:26,846 - Step 02700: -9.5554 E_h, exp. variance=1.3236 E_h^2, pmove=0.32
2026-06-02 20:08:27,507 - Step 02701: -9.7253 E_h, exp. variance=1.1959 E_h^2, pmove=0.32
2026-06-02 20:08:28,167 - Step 02702: -9.7069 E_h, exp. variance=1.0794 E_h^2, pmove=0.32
2026-06-02 20:08:28,827 - Step 02703: -9.7231 E_h, exp. variance=0.9745 E_h^2, pmove=0.32
2026-06-02 20:08:29,487 - Step 02704: -9.6988 E_h, exp. variance=0.8788 E_h^2, pmove=0.32
2026-06-02 20:08:30,147 - Step 02705: -9.7554 E_h, exp. variance=0.7939 E_h^2, pmove=0.32
2026-06-02 20:08:30,806 - Step 02706: -9.1620 E_h, exp. variance=0.7311 E_h^2, pmove=0.32
2026-06-02 20:08:31,465 - Step 02707: -9.8033 E_h, exp. variance=0.6639 E_h^2, pmove=0.32
2026-06-02 20:08:32,126 - Step 02708: -9.7653 E_h, exp. variance=0.6008 E_h^2, pmove=0.32
2026-06-02 20:08:32,785 - Step 02709: -9.8134 E_h, exp. variance=0.5451 E_h^2, pmove=0.32
2026-06-02 20:08:33,445 - Step 02710: -9.8839 E_h, exp. variance=0.4971 E_h^2, pmove=0.32
2026-06-02 20:08:34,105 - Step 02711: -9.7502 E_h, exp. variance=0.4485 E_h^2, pmove=0.32
2026-06-02 20:08:34,765 - Step 02712: -9.6945 E_h, exp. variance=0.4038 E_h^2, pmove=0.33
2026-06-02 20:08:35,427 - Step 02713: -9.7900 E_h, exp. variance=0.3650 E_h^2, pmove=0.32
2026-06-02 20:08:36,087 - Step 02714: -9.7876 E_h, exp. variance=0.3297 E_h^2, pmove=0.32
2026-06-02 20:08:36,747 - Step 02715: -9.7929 E_h, exp. variance=0.2979 E_h^2, pmove=0.32
2026-06-02 20:08:37,407 - Step 02716: -9.8122 E_h, exp. variance=0.2694 E_h^2, pmove=0.32
2026-06-02 20:08:38,067 - Step 02717: -9.8842 E_h, exp. variance=0.2453 E_h^2, pmove=0.32
2026-06-02 20:08:38,728 - Step 02718: -9.7984 E_h, exp. variance=0.2213 E_h^2, pmove=0.32
2026-06-02 20:08:39,388 - Step 02719: -9.7846 E_h, exp. variance=0.1995 E_h^2, pmove=0.32
2026-06-02 20:08:40,048 - Step 02720: -9.8495 E_h, exp. variance=0.1807 E_h^2, pmove=0.32
2026-06-02 20:08:40,708 - Step 02721: -9.5594 E_h, exp. variance=0.1658 E_h^2, pmove=0.32
2026-06-02 20:08:41,369 - Step 02722: -9.8257 E_h, exp. variance=0.1501 E_h^2, pmove=0.32
2026-06-02 20:08:42,028 - Step 02723: -9.8168 E_h, exp. variance=0.1356 E_h^2, pmove=0.32
2026-06-02 20:08:42,688 - Step 02724: -9.8513 E_h, exp. variance=0.1230 E_h^2, pmove=0.32
2026-06-02 20:08:43,347 - Step 02725: -9.5701 E_h, exp. variance=0.1139 E_h^2, pmove=0.32
2026-06-02 20:08:44,009 - Step 02726: -9.8270 E_h, exp. variance=0.1032 E_h^2, pmove=0.32
2026-06-02 20:08:44,668 - Step 02727: -9.9325 E_h, exp. variance=0.0960 E_h^2, pmove=0.32
2026-06-02 20:08:45,328 - Step 02728: -9.9087 E_h, exp. variance=0.0882 E_h^2, pmove=0.32
2026-06-02 20:08:45,988 - Step 02729: -9.8764 E_h, exp. variance=0.0803 E_h^2, pmove=0.32
2026-06-02 20:08:46,647 - Step 02730: -9.7733 E_h, exp. variance=0.0723 E_h^2, pmove=0.32
2026-06-02 20:08:47,307 - Step 02731: -9.8376 E_h, exp. variance=0.0653 E_h^2, pmove=0.32
2026-06-02 20:08:47,967 - Step 02732: -9.6935 E_h, exp. variance=0.0596 E_h^2, pmove=0.33
2026-06-02 20:08:48,626 - Step 02733: -9.8077 E_h, exp. variance=0.0537 E_h^2, pmove=0.32
2026-06-02 20:08:49,286 - Step 02734: -9.8047 E_h, exp. variance=0.0484 E_h^2, pmove=0.32
2026-06-02 20:08:49,949 - Step 02735: -9.8659 E_h, exp. variance=0.0441 E_h^2, pmove=0.32
2026-06-02 20:08:50,609 - Step 02736: -9.7761 E_h, exp. variance=0.0397 E_h^2, pmove=0.31
2026-06-02 20:08:51,269 - Step 02737: -9.7681 E_h, exp. variance=0.0358 E_h^2, pmove=0.32
2026-06-02 20:08:51,930 - Step 02738: -9.7486 E_h, exp. variance=0.0324 E_h^2, pmove=0.32
2026-06-02 20:08:52,592 - Step 02739: -9.7744 E_h, exp. variance=0.0292 E_h^2, pmove=0.32
2026-06-02 20:08:53,266 - Step 02740: -9.8099 E_h, exp. variance=0.0263 E_h^2, pmove=0.32
2026-06-02 20:08:53,927 - Step 02741: -9.9050 E_h, exp. variance=0.0249 E_h^2, pmove=0.32
2026-06-02 20:08:54,588 - Step 02742: -9.9034 E_h, exp. variance=0.0234 E_h^2, pmove=0.32
2026-06-02 20:08:55,249 - Step 02743: -9.8066 E_h, exp. variance=0.0210 E_h^2, pmove=0.32
2026-06-02 20:08:55,912 - Step 02744: -9.9139 E_h, exp. variance=0.0199 E_h^2, pmove=0.32
2026-06-02 20:08:56,572 - Step 02745: -9.8254 E_h, exp. variance=0.0179 E_h^2, pmove=0.32
2026-06-02 20:08:57,232 - Step 02746: -9.8153 E_h, exp. variance=0.0161 E_h^2, pmove=0.32
2026-06-02 20:08:57,892 - Step 02747: -9.7867 E_h, exp. variance=0.0146 E_h^2, pmove=0.32
2026-06-02 20:08:58,556 - Step 02748: -9.8446 E_h, exp. variance=0.0132 E_h^2, pmove=0.32
2026-06-02 20:08:59,219 - Step 02749: -9.9099 E_h, exp. variance=0.0126 E_h^2, pmove=0.32
2026-06-02 20:08:59,881 - Step 02750: -9.8944 E_h, exp. variance=0.0118 E_h^2, pmove=0.32
2026-06-02 20:09:00,545 - Step 02751: -9.8343 E_h, exp. variance=0.0106 E_h^2, pmove=0.32
2026-06-02 20:09:01,206 - Step 02752: -9.8351 E_h, exp. variance=0.0095 E_h^2, pmove=0.32
2026-06-02 20:09:01,871 - Step 02753: -9.8720 E_h, exp. variance=0.0087 E_h^2, pmove=0.32
2026-06-02 20:09:02,536 - Step 02754: -9.9553 E_h, exp. variance=0.0091 E_h^2, pmove=0.32
2026-06-02 20:09:03,198 - Step 02755: -9.9385 E_h, exp. variance=0.0089 E_h^2, pmove=0.32
2026-06-02 20:09:03,860 - Step 02756: -9.9353 E_h, exp. variance=0.0085 E_h^2, pmove=0.32
2026-06-02 20:09:04,524 - Step 02757: -9.8918 E_h, exp. variance=0.0077 E_h^2, pmove=0.32
2026-06-02 20:09:05,187 - Step 02758: -9.9793 E_h, exp. variance=0.0080 E_h^2, pmove=0.32
2026-06-02 20:09:05,849 - Step 02759: -9.9434 E_h, exp. variance=0.0076 E_h^2, pmove=0.32
2026-06-02 20:09:06,511 - Step 02760: -10.0091 E_h, exp. variance=0.0082 E_h^2, pmove=0.32
2026-06-02 20:09:07,172 - Step 02761: -10.0658 E_h, exp. variance=0.0099 E_h^2, pmove=0.32
2026-06-02 20:09:07,839 - Step 02762: -9.6983 E_h, exp. variance=0.0131 E_h^2, pmove=0.32
2026-06-02 20:09:08,500 - Step 02763: -9.8256 E_h, exp. variance=0.0122 E_h^2, pmove=0.32
2026-06-02 20:09:09,162 - Step 02764: -9.8880 E_h, exp. variance=0.0110 E_h^2, pmove=0.32
2026-06-02 20:09:09,825 - Step 02765: -9.8826 E_h, exp. variance=0.0099 E_h^2, pmove=0.32
2026-06-02 20:09:10,489 - Step 02766: -9.9365 E_h, exp. variance=0.0091 E_h^2, pmove=0.32
2026-06-02 20:09:11,150 - Step 02767: -9.9133 E_h, exp. variance=0.0083 E_h^2, pmove=0.32
2026-06-02 20:09:11,813 - Step 02768: -9.8909 E_h, exp. variance=0.0074 E_h^2, pmove=0.32
2026-06-02 20:09:12,475 - Step 02769: -9.9403 E_h, exp. variance=0.0069 E_h^2, pmove=0.32
2026-06-02 20:09:13,136 - Step 02770: -9.8491 E_h, exp. variance=0.0064 E_h^2, pmove=0.32
2026-06-02 20:09:13,800 - Step 02771: -8.7405 E_h, exp. variance=0.1254 E_h^2, pmove=0.32
2026-06-02 20:09:14,461 - Step 02772: -9.7715 E_h, exp. variance=0.1128 E_h^2, pmove=0.32
2026-06-02 20:09:15,122 - Step 02773: -9.9578 E_h, exp. variance=0.1045 E_h^2, pmove=0.32
2026-06-02 20:09:15,784 - Step 02774: -9.7266 E_h, exp. variance=0.0945 E_h^2, pmove=0.32
2026-06-02 20:09:16,449 - Step 02775: -9.8743 E_h, exp. variance=0.0857 E_h^2, pmove=0.32
2026-06-02 20:09:16,450 - Saving checkpoint results/bilayer-bosons/BosonNet/N24_layers12_12_rs3.0_d2.0_D20.0_sq/qmcjax_ckpt_002775.npz
2026-06-02 20:09:17,158 - Step 02776: -9.9263 E_h, exp. variance=0.0786 E_h^2, pmove=0.32
2026-06-02 20:09:17,819 - Step 02777: -9.8346 E_h, exp. variance=0.0708 E_h^2, pmove=0.31
2026-06-02 20:09:18,481 - Step 02778: -10.0029 E_h, exp. variance=0.0670 E_h^2, pmove=0.32
2026-06-02 20:09:19,145 - Step 02779: -10.0040 E_h, exp. variance=0.0630 E_h^2, pmove=0.32
2026-06-02 20:09:19,809 - Step 02780: -10.0335 E_h, exp. variance=0.0597 E_h^2, pmove=0.32
2026-06-02 20:09:20,471 - Step 02781: -10.0683 E_h, exp. variance=0.0574 E_h^2, pmove=0.32
2026-06-02 20:09:21,132 - Step 02782: -9.9279 E_h, exp. variance=0.0518 E_h^2, pmove=0.32
2026-06-02 20:09:21,791 - Step 02783: -10.0279 E_h, exp. variance=0.0483 E_h^2, pmove=0.32
2026-06-02 20:09:22,455 - Step 02784: -10.0346 E_h, exp. variance=0.0450 E_h^2, pmove=0.33
2026-06-02 20:09:23,117 - Step 02785: -9.9463 E_h, exp. variance=0.0406 E_h^2, pmove=0.32
2026-06-02 20:09:23,779 - Step 02786: -9.9862 E_h, exp. variance=0.0369 E_h^2, pmove=0.32
2026-06-02 20:09:24,440 - Step 02787: -10.0397 E_h, exp. variance=0.0343 E_h^2, pmove=0.33
2026-06-02 20:09:25,106 - Step 02788: -9.8971 E_h, exp. variance=0.0311 E_h^2, pmove=0.32
2026-06-02 20:09:25,767 - Step 02789: -10.0205 E_h, exp. variance=0.0286 E_h^2, pmove=0.33
2026-06-02 20:09:26,429 - Step 02790: -9.8920 E_h, exp. variance=0.0260 E_h^2, pmove=0.33
2026-06-02 20:09:27,090 - Step 02791: -9.6902 E_h, exp. variance=0.0289 E_h^2, pmove=0.32
2026-06-02 20:09:27,752 - Step 02792: -9.5752 E_h, exp. variance=0.0363 E_h^2, pmove=0.32
2026-06-02 20:09:28,416 - Step 02793: -9.8851 E_h, exp. variance=0.0327 E_h^2, pmove=0.32
2026-06-02 20:09:29,079 - Step 02794: -9.8992 E_h, exp. variance=0.0294 E_h^2, pmove=0.32
2026-06-02 20:09:29,740 - Step 02795: -9.6925 E_h, exp. variance=0.0297 E_h^2, pmove=0.33
2026-06-02 20:09:30,402 - Step 02796: -9.9987 E_h, exp. variance=0.0284 E_h^2, pmove=0.33
2026-06-02 20:09:31,066 - Step 02797: -10.0171 E_h, exp. variance=0.0274 E_h^2, pmove=0.32
2026-06-02 20:09:31,729 - Step 02798: -10.0293 E_h, exp. variance=0.0263 E_h^2, pmove=0.32
2026-06-02 20:09:32,390 - Step 02799: -7.3767 E_h, exp. variance=0.5988 E_h^2, pmove=0.33
2026-06-02 20:09:33,052 - Step 02800: -9.4915 E_h, exp. variance=0.5412 E_h^2, pmove=0.32
2026-06-02 20:09:33,715 - Step 02801: -10.0516 E_h, exp. variance=0.5027 E_h^2, pmove=0.32
2026-06-02 20:09:34,379 - Step 02802: -9.4858 E_h, exp. variance=0.4557 E_h^2, pmove=0.32
2026-06-02 20:09:35,041 - Step 02803: -9.9600 E_h, exp. variance=0.4183 E_h^2, pmove=0.32
2026-06-02 20:09:35,703 - Step 02804: -9.8499 E_h, exp. variance=0.3788 E_h^2, pmove=0.32
2026-06-02 20:09:36,363 - Step 02805: -9.9020 E_h, exp. variance=0.3445 E_h^2, pmove=0.32
2026-06-02 20:09:37,025 - Step 02806: -9.8522 E_h, exp. variance=0.3115 E_h^2, pmove=0.32
2026-06-02 20:09:37,686 - Step 02807: -8.2465 E_h, exp. variance=0.4803 E_h^2, pmove=0.32
2026-06-02 20:09:38,347 - Step 02808: -9.9329 E_h, exp. variance=0.4430 E_h^2, pmove=0.31
2026-06-02 20:09:39,007 - Step 02809: -9.7879 E_h, exp. variance=0.4011 E_h^2, pmove=0.32
2026-06-02 20:09:39,667 - Step 02810: -9.9552 E_h, exp. variance=0.3700 E_h^2, pmove=0.32
2026-06-02 20:09:40,328 - Step 02811: -9.9076 E_h, exp. variance=0.3381 E_h^2, pmove=0.32
2026-06-02 20:09:40,988 - Step 02812: -9.9668 E_h, exp. variance=0.3109 E_h^2, pmove=0.32
2026-06-02 20:09:41,649 - Step 02813: -10.0652 E_h, exp. variance=0.2905 E_h^2, pmove=0.32
2026-06-02 20:09:42,309 - Step 02814: -9.8498 E_h, exp. variance=0.2622 E_h^2, pmove=0.32
2026-06-02 20:09:42,968 - Step 02815: -9.7723 E_h, exp. variance=0.2360 E_h^2, pmove=0.32
2026-06-02 20:09:43,629 - Step 02816: -9.9401 E_h, exp. variance=0.2151 E_h^2, pmove=0.31
2026-06-02 20:09:44,288 - Step 02817: -9.9815 E_h, exp. variance=0.1972 E_h^2, pmove=0.32
2026-06-02 20:09:44,948 - Step 02818: -9.8606 E_h, exp. variance=0.1777 E_h^2, pmove=0.32
2026-06-02 20:09:45,608 - Step 02819: -9.8695 E_h, exp. variance=0.1603 E_h^2, pmove=0.32
2026-06-02 20:09:46,268 - Step 02820: -9.9828 E_h, exp. variance=0.1468 E_h^2, pmove=0.32
2026-06-02 20:09:46,929 - Step 02821: -10.0149 E_h, exp. variance=0.1351 E_h^2, pmove=0.32
2026-06-02 20:09:47,590 - Step 02822: -10.0396 E_h, exp. variance=0.1249 E_h^2, pmove=0.33
2026-06-02 20:09:48,250 - Step 02823: -10.0072 E_h, exp. variance=0.1141 E_h^2, pmove=0.32
2026-06-02 20:09:48,911 - Step 02824: -10.0867 E_h, exp. variance=0.1064 E_h^2, pmove=0.32
2026-06-02 20:09:49,572 - Step 02825: -10.0079 E_h, exp. variance=0.0968 E_h^2, pmove=0.32
2026-06-02 20:09:50,233 - Step 02826: -10.1157 E_h, exp. variance=0.0908 E_h^2, pmove=0.32
2026-06-02 20:09:50,899 - Step 02827: -9.9813 E_h, exp. variance=0.0819 E_h^2, pmove=0.32
2026-06-02 20:09:51,559 - Step 02828: -10.0667 E_h, exp. variance=0.0752 E_h^2, pmove=0.32
2026-06-02 20:09:52,223 - Step 02829: -9.9905 E_h, exp. variance=0.0678 E_h^2, pmove=0.32
2026-06-02 20:09:52,886 - Step 02830: -10.0553 E_h, exp. variance=0.0619 E_h^2, pmove=0.32
2026-06-02 20:09:53,547 - Step 02831: -10.0686 E_h, exp. variance=0.0567 E_h^2, pmove=0.32
2026-06-02 20:09:54,208 - Step 02832: -9.9996 E_h, exp. variance=0.0511 E_h^2, pmove=0.32
2026-06-02 20:09:54,869 - Step 02833: -10.0515 E_h, exp. variance=0.0464 E_h^2, pmove=0.32
2026-06-02 20:09:55,530 - Step 02834: -10.0562 E_h, exp. variance=0.0422 E_h^2, pmove=0.32
2026-06-02 20:09:56,190 - Step 02835: -10.0110 E_h, exp. variance=0.0381 E_h^2, pmove=0.32
2026-06-02 20:09:56,850 - Step 02836: -9.9790 E_h, exp. variance=0.0343 E_h^2, pmove=0.32
2026-06-02 20:09:57,513 - Step 02837: -9.9773 E_h, exp. variance=0.0309 E_h^2, pmove=0.31
2026-06-02 20:09:58,174 - Step 02838: -10.0565 E_h, exp. variance=0.0282 E_h^2, pmove=0.32
2026-06-02 20:09:58,836 - Step 02839: -10.1438 E_h, exp. variance=0.0273 E_h^2, pmove=0.32
2026-06-02 20:09:59,496 - Step 02840: -10.1139 E_h, exp. variance=0.0255 E_h^2, pmove=0.32
2026-06-02 20:10:00,160 - Step 02841: -9.9682 E_h, exp. variance=0.0232 E_h^2, pmove=0.32
2026-06-02 20:10:00,821 - Step 02842: -10.0082 E_h, exp. variance=0.0209 E_h^2, pmove=0.32
2026-06-02 20:10:01,482 - Step 02843: -10.0092 E_h, exp. variance=0.0188 E_h^2, pmove=0.31
2026-06-02 20:10:02,142 - Step 02844: -10.0295 E_h, exp. variance=0.0169 E_h^2, pmove=0.32
2026-06-02 20:10:02,803 - Step 02845: -9.4041 E_h, exp. variance=0.0490 E_h^2, pmove=0.32
2026-06-02 20:10:03,465 - Step 02846: -10.0846 E_h, exp. variance=0.0456 E_h^2, pmove=0.32
2026-06-02 20:10:04,126 - Step 02847: -10.0691 E_h, exp. variance=0.0420 E_h^2, pmove=0.32
2026-06-02 20:10:04,799 - Step 02848: -10.0436 E_h, exp. variance=0.0382 E_h^2, pmove=0.32
2026-06-02 20:10:05,459 - Step 02849: -10.0174 E_h, exp. variance=0.0344 E_h^2, pmove=0.32
2026-06-02 20:10:06,122 - Step 02850: -10.0819 E_h, exp. variance=0.0318 E_h^2, pmove=0.31
2026-06-02 20:10:06,783 - Step 02851: -10.0705 E_h, exp. variance=0.0291 E_h^2, pmove=0.32
2026-06-02 20:10:07,444 - Step 02852: -10.0771 E_h, exp. variance=0.0266 E_h^2, pmove=0.31
2026-06-02 20:10:08,104 - Step 02853: -10.0565 E_h, exp. variance=0.0242 E_h^2, pmove=0.32
2026-06-02 20:10:08,765 - Step 02854: -10.0128 E_h, exp. variance=0.0217 E_h^2, pmove=0.32
2026-06-02 20:10:09,428 - Step 02855: -10.0624 E_h, exp. variance=0.0198 E_h^2, pmove=0.32
2026-06-02 20:10:10,089 - Step 02856: -10.1182 E_h, exp. variance=0.0186 E_h^2, pmove=0.32
2026-06-02 20:10:10,750 - Step 02857: -10.0473 E_h, exp. variance=0.0168 E_h^2, pmove=0.32
2026-06-02 20:10:11,410 - Step 02858: -10.0329 E_h, exp. variance=0.0151 E_h^2, pmove=0.32
2026-06-02 20:10:12,072 - Step 02859: -9.9682 E_h, exp. variance=0.0140 E_h^2, pmove=0.32
2026-06-02 20:10:12,733 - Step 02860: -10.1024 E_h, exp. variance=0.0131 E_h^2, pmove=0.32
2026-06-02 20:10:13,395 - Step 02861: -10.0302 E_h, exp. variance=0.0118 E_h^2, pmove=0.32
2026-06-02 20:10:14,055 - Step 02862: -10.0646 E_h, exp. variance=0.0107 E_h^2, pmove=0.32
2026-06-02 20:10:14,719 - Step 02863: -10.1640 E_h, exp. variance=0.0111 E_h^2, pmove=0.32
2026-06-02 20:10:15,382 - Step 02864: -10.0763 E_h, exp. variance=0.0101 E_h^2, pmove=0.32
2026-06-02 20:10:16,042 - Step 02865: -10.0491 E_h, exp. variance=0.0091 E_h^2, pmove=0.32
2026-06-02 20:10:16,703 - Step 02866: -10.0777 E_h, exp. variance=0.0082 E_h^2, pmove=0.32
2026-06-02 20:10:17,365 - Step 02867: -10.0642 E_h, exp. variance=0.0074 E_h^2, pmove=0.32
2026-06-02 20:10:18,026 - Step 02868: -10.0522 E_h, exp. variance=0.0067 E_h^2, pmove=0.32
2026-06-02 20:10:18,686 - Step 02869: -10.1208 E_h, exp. variance=0.0064 E_h^2, pmove=0.32
2026-06-02 20:10:19,345 - Step 02870: -10.1342 E_h, exp. variance=0.0062 E_h^2, pmove=0.32
2026-06-02 20:10:20,005 - Step 02871: -10.0920 E_h, exp. variance=0.0056 E_h^2, pmove=0.32
2026-06-02 20:10:20,667 - Step 02872: -10.1388 E_h, exp. variance=0.0055 E_h^2, pmove=0.32
2026-06-02 20:10:21,326 - Step 02873: -10.0805 E_h, exp. variance=0.0049 E_h^2, pmove=0.33
2026-06-02 20:10:21,986 - Step 02874: -10.0601 E_h, exp. variance=0.0045 E_h^2, pmove=0.32
2026-06-02 20:10:22,646 - Step 02875: -9.9379 E_h, exp. variance=0.0058 E_h^2, pmove=0.32
2026-06-02 20:10:23,309 - Step 02876: -6.5677 E_h, exp. variance=1.1044 E_h^2, pmove=0.32
2026-06-02 20:10:23,967 - Step 02877: 19.1170 E_h, exp. variance=75.7990 E_h^2, pmove=0.32
2026-06-02 20:10:24,626 - Step 02878: -10.0288 E_h, exp. variance=69.1400 E_h^2, pmove=0.32
2026-06-02 20:10:25,285 - Step 02879: -10.0068 E_h, exp. variance=62.9606 E_h^2, pmove=0.32
2026-06-02 20:10:25,947 - Step 02880: -10.0784 E_h, exp. variance=57.2932 E_h^2, pmove=0.32
2026-06-02 20:10:26,607 - Step 02881: -10.0850 E_h, exp. variance=52.0759 E_h^2, pmove=0.32
2026-06-02 20:10:27,266 - Step 02882: -8.3249 E_h, exp. variance=46.8817 E_h^2, pmove=0.32
2026-06-02 20:10:27,925 - Step 02883: -10.1918 E_h, exp. variance=42.6350 E_h^2, pmove=0.32
2026-06-02 20:10:28,585 - Step 02884: -10.1290 E_h, exp. variance=38.7069 E_h^2, pmove=0.32
2026-06-02 20:10:29,247 - Step 02885: -10.0851 E_h, exp. variance=35.0944 E_h^2, pmove=0.32
2026-06-02 20:10:29,907 - Step 02886: -10.0575 E_h, exp. variance=31.7865 E_h^2, pmove=0.32
2026-06-02 20:10:30,566 - Step 02887: -10.1737 E_h, exp. variance=28.8005 E_h^2, pmove=0.32
2026-06-02 20:10:31,225 - Step 02888: -10.1469 E_h, exp. variance=26.0702 E_h^2, pmove=0.32
2026-06-02 20:10:31,887 - Step 02889: -8.8989 E_h, exp. variance=23.4639 E_h^2, pmove=0.32
2026-06-02 20:10:32,547 - Step 02890: -10.0609 E_h, exp. variance=21.2232 E_h^2, pmove=0.32
2026-06-02 20:10:33,206 - Step 02891: -8.8821 E_h, exp. variance=19.1046 E_h^2, pmove=0.32
2026-06-02 20:10:33,866 - Step 02892: -10.1611 E_h, exp. variance=17.3022 E_h^2, pmove=0.32
2026-06-02 20:10:34,529 - Step 02893: -10.1349 E_h, exp. variance=15.6550 E_h^2, pmove=0.32
2026-06-02 20:10:35,189 - Step 02894: -10.1232 E_h, exp. variance=14.1549 E_h^2, pmove=0.33
2026-06-02 20:10:35,849 - Step 02895: -10.1826 E_h, exp. variance=12.8009 E_h^2, pmove=0.32
2026-06-02 20:10:36,508 - Step 02896: -10.0850 E_h, exp. variance=11.5584 E_h^2, pmove=0.32
2026-06-02 20:10:37,167 - Step 02897: -10.0524 E_h, exp. variance=10.4297 E_h^2, pmove=0.32
2026-06-02 20:10:37,829 - Step 02898: -10.1201 E_h, exp. variance=9.4151 E_h^2, pmove=0.32
2026-06-02 20:10:38,493 - Step 02899: -10.1525 E_h, exp. variance=8.4997 E_h^2, pmove=0.32
2026-06-02 20:10:39,152 - Step 02900: -10.1313 E_h, exp. variance=7.6690 E_h^2, pmove=0.32
2026-06-02 20:10:39,813 - Step 02901: -10.0922 E_h, exp. variance=6.9149 E_h^2, pmove=0.32
2026-06-02 20:10:40,477 - Step 02902: -10.0830 E_h, exp. variance=6.2333 E_h^2, pmove=0.32
2026-06-02 20:10:41,136 - Step 02903: -10.1252 E_h, exp. variance=5.6204 E_h^2, pmove=0.32
2026-06-02 20:10:41,796 - Step 02904: -10.2447 E_h, exp. variance=5.0746 E_h^2, pmove=0.32
2026-06-02 20:10:42,456 - Step 02905: -10.1579 E_h, exp. variance=4.5750 E_h^2, pmove=0.32
2026-06-02 20:10:43,118 - Step 02906: -10.2315 E_h, exp. variance=4.1279 E_h^2, pmove=0.32
2026-06-02 20:10:43,777 - Step 02907: -10.1276 E_h, exp. variance=3.7188 E_h^2, pmove=0.32
2026-06-02 20:10:44,436 - Step 02908: -10.1553 E_h, exp. variance=3.3509 E_h^2, pmove=0.32
2026-06-02 20:10:45,096 - Step 02909: -10.2072 E_h, exp. variance=3.0210 E_h^2, pmove=0.32
2026-06-02 20:10:45,757 - Step 02910: -10.1357 E_h, exp. variance=2.7208 E_h^2, pmove=0.33
2026-06-02 20:10:46,418 - Step 02911: -10.1134 E_h, exp. variance=2.4498 E_h^2, pmove=0.33
2026-06-02 20:10:47,078 - Step 02912: -10.1960 E_h, exp. variance=2.2077 E_h^2, pmove=0.32
2026-06-02 20:10:47,738 - Step 02913: -10.1764 E_h, exp. variance=1.9888 E_h^2, pmove=0.32
2026-06-02 20:10:48,397 - Step 02914: -10.2271 E_h, exp. variance=1.7928 E_h^2, pmove=0.32
2026-06-02 20:10:49,059 - Step 02915: -10.1905 E_h, exp. variance=1.6149 E_h^2, pmove=0.33
2026-06-02 20:10:49,720 - Step 02916: -10.1451 E_h, exp. variance=1.4538 E_h^2, pmove=0.32
2026-06-02 20:10:50,381 - Step 02917: -10.1038 E_h, exp. variance=1.3084 E_h^2, pmove=0.32
2026-06-02 20:10:51,042 - Step 02918: -10.1766 E_h, exp. variance=1.1783 E_h^2, pmove=0.32
2026-06-02 20:10:51,703 - Step 02919: -10.2194 E_h, exp. variance=1.0619 E_h^2, pmove=0.32
2026-06-02 20:10:52,365 - Step 02920: -10.1111 E_h, exp. variance=0.9557 E_h^2, pmove=0.32
2026-06-02 20:10:53,026 - Step 02921: -10.0446 E_h, exp. variance=0.8605 E_h^2, pmove=0.33
2026-06-02 20:10:53,686 - Step 02922: -10.1469 E_h, exp. variance=0.7746 E_h^2, pmove=0.32
2026-06-02 20:10:54,347 - Step 02923: -10.1839 E_h, exp. variance=0.6977 E_h^2, pmove=0.32
2026-06-02 20:10:55,008 - Step 02924: -10.1114 E_h, exp. variance=0.6279 E_h^2, pmove=0.32
2026-06-02 20:10:55,669 - Step 02925: -10.1870 E_h, exp. variance=0.5656 E_h^2, pmove=0.32
2026-06-02 20:10:56,329 - Step 02926: -10.1782 E_h, exp. variance=0.5093 E_h^2, pmove=0.32
2026-06-02 20:10:56,989 - Step 02927: -10.1929 E_h, exp. variance=0.4588 E_h^2, pmove=0.32
2026-06-02 20:10:57,649 - Step 02928: -10.1426 E_h, exp. variance=0.4129 E_h^2, pmove=0.32
2026-06-02 20:10:58,309 - Step 02929: -10.0481 E_h, exp. variance=0.3723 E_h^2, pmove=0.33
2026-06-02 20:10:58,968 - Step 02930: -10.1106 E_h, exp. variance=0.3351 E_h^2, pmove=0.32
2026-06-02 20:10:59,628 - Step 02931: -10.1463 E_h, exp. variance=0.3016 E_h^2, pmove=0.32
2026-06-02 20:11:00,289 - Step 02932: -10.1365 E_h, exp. variance=0.2715 E_h^2, pmove=0.32
2026-06-02 20:11:00,950 - Step 02933: -10.2219 E_h, exp. variance=0.2451 E_h^2, pmove=0.32
2026-06-02 20:11:01,610 - Step 02934: -10.1872 E_h, exp. variance=0.2208 E_h^2, pmove=0.33
2026-06-02 20:11:02,269 - Step 02935: -10.1929 E_h, exp. variance=0.1990 E_h^2, pmove=0.32
2026-06-02 20:11:02,930 - Step 02936: -9.9752 E_h, exp. variance=0.1817 E_h^2, pmove=0.32
2026-06-02 20:11:03,589 - Step 02937: -10.0870 E_h, exp. variance=0.1637 E_h^2, pmove=0.32
2026-06-02 20:11:04,250 - Step 02938: -10.0322 E_h, exp. variance=0.1482 E_h^2, pmove=0.32
2026-06-02 20:11:04,910 - Step 02939: -10.0728 E_h, exp. variance=0.1335 E_h^2, pmove=0.32
2026-06-02 20:11:05,570 - Step 02940: -10.1496 E_h, exp. variance=0.1203 E_h^2, pmove=0.33
2026-06-02 20:11:06,230 - Step 02941: -10.2542 E_h, exp. variance=0.1100 E_h^2, pmove=0.32
2026-06-02 20:11:06,889 - Step 02942: -10.2264 E_h, exp. variance=0.0998 E_h^2, pmove=0.32
2026-06-02 20:11:07,548 - Step 02943: -10.2534 E_h, exp. variance=0.0910 E_h^2, pmove=0.32
2026-06-02 20:11:08,208 - Step 02944: -10.1542 E_h, exp. variance=0.0819 E_h^2, pmove=0.32
2026-06-02 20:11:08,869 - Step 02945: -10.0741 E_h, exp. variance=0.0743 E_h^2, pmove=0.32
2026-06-02 20:11:09,528 - Step 02946: -10.1393 E_h, exp. variance=0.0668 E_h^2, pmove=0.33
2026-06-02 20:11:10,188 - Step 02947: -10.1982 E_h, exp. variance=0.0604 E_h^2, pmove=0.32
2026-06-02 20:11:10,848 - Step 02948: -10.1780 E_h, exp. variance=0.0545 E_h^2, pmove=0.32
2026-06-02 20:11:11,508 - Step 02949: -10.1535 E_h, exp. variance=0.0490 E_h^2, pmove=0.32
2026-06-02 20:11:12,168 - Step 02950: -10.1826 E_h, exp. variance=0.0442 E_h^2, pmove=0.32
2026-06-02 20:11:12,827 - Step 02951: -10.2171 E_h, exp. variance=0.0401 E_h^2, pmove=0.32
2026-06-02 20:11:13,487 - Step 02952: -10.2489 E_h, exp. variance=0.0368 E_h^2, pmove=0.32
2026-06-02 20:11:14,146 - Step 02953: -10.2457 E_h, exp. variance=0.0337 E_h^2, pmove=0.32
2026-06-02 20:11:14,807 - Step 02954: -10.3222 E_h, exp. variance=0.0322 E_h^2, pmove=0.32
2026-06-02 20:11:15,467 - Step 02955: -10.2693 E_h, exp. variance=0.0295 E_h^2, pmove=0.32
2026-06-02 20:11:16,139 - Step 02956: -10.2156 E_h, exp. variance=0.0266 E_h^2, pmove=0.33
2026-06-02 20:11:16,797 - Step 02957: -9.9365 E_h, exp. variance=0.0302 E_h^2, pmove=0.32
2026-06-02 20:11:17,459 - Step 02958: -10.0809 E_h, exp. variance=0.0280 E_h^2, pmove=0.33
2026-06-02 20:11:18,118 - Step 02959: -10.2357 E_h, exp. variance=0.0256 E_h^2, pmove=0.32
2026-06-02 20:11:18,777 - Step 02960: -9.1896 E_h, exp. variance=0.1100 E_h^2, pmove=0.32
2026-06-02 20:11:19,437 - Step 02961: -10.2468 E_h, exp. variance=0.1017 E_h^2, pmove=0.32
2026-06-02 20:11:20,099 - Step 02962: -10.3020 E_h, exp. variance=0.0955 E_h^2, pmove=0.32
2026-06-02 20:11:20,758 - Step 02963: -10.2428 E_h, exp. variance=0.0875 E_h^2, pmove=0.32
2026-06-02 20:11:21,417 - Step 02964: -10.2073 E_h, exp. variance=0.0793 E_h^2, pmove=0.32
2026-06-02 20:11:22,078 - Step 02965: -10.2231 E_h, exp. variance=0.0721 E_h^2, pmove=0.32
2026-06-02 20:11:22,739 - Step 02966: -10.2295 E_h, exp. variance=0.0656 E_h^2, pmove=0.32
2026-06-02 20:11:23,399 - Step 02967: -10.1814 E_h, exp. variance=0.0591 E_h^2, pmove=0.32
2026-06-02 20:11:24,058 - Step 02968: -10.1600 E_h, exp. variance=0.0532 E_h^2, pmove=0.32
2026-06-02 20:11:24,718 - Step 02969: -10.2059 E_h, exp. variance=0.0481 E_h^2, pmove=0.32
2026-06-02 20:11:25,377 - Step 02970: -10.3360 E_h, exp. variance=0.0461 E_h^2, pmove=0.32
2026-06-02 20:11:26,040 - Step 02971: -10.2688 E_h, exp. variance=0.0422 E_h^2, pmove=0.33
2026-06-02 20:11:26,702 - Step 02972: -9.7007 E_h, exp. variance=0.0593 E_h^2, pmove=0.32
2026-06-02 20:11:27,362 - Step 02973: -8.9513 E_h, exp. variance=0.1801 E_h^2, pmove=0.33
2026-06-02 20:11:28,024 - Step 02974: -10.1353 E_h, exp. variance=0.1633 E_h^2, pmove=0.32
2026-06-02 20:11:28,688 - Step 02975: -10.1104 E_h, exp. variance=0.1475 E_h^2, pmove=0.33
2026-06-02 20:11:29,349 - Step 02976: -10.0548 E_h, exp. variance=0.1328 E_h^2, pmove=0.32
2026-06-02 20:11:30,010 - Step 02977: -10.2947 E_h, exp. variance=0.1253 E_h^2, pmove=0.32
2026-06-02 20:11:30,671 - Step 02978: -10.2081 E_h, exp. variance=0.1146 E_h^2, pmove=0.32
2026-06-02 20:11:31,334 - Step 02979: -10.2474 E_h, exp. variance=0.1057 E_h^2, pmove=0.32
2026-06-02 20:11:31,995 - Step 02980: -10.0304 E_h, exp. variance=0.0955 E_h^2, pmove=0.32
2026-06-02 20:11:32,656 - Step 02981: -10.1269 E_h, exp. variance=0.0861 E_h^2, pmove=0.32
2026-06-02 20:11:33,316 - Step 02982: -10.1833 E_h, exp. variance=0.0782 E_h^2, pmove=0.32
2026-06-02 20:11:33,976 - Step 02983: -10.2223 E_h, exp. variance=0.0717 E_h^2, pmove=0.32
2026-06-02 20:11:34,639 - Step 02984: -10.2446 E_h, exp. variance=0.0660 E_h^2, pmove=0.32
2026-06-02 20:11:35,299 - Step 02985: -10.2193 E_h, exp. variance=0.0602 E_h^2, pmove=0.32
2026-06-02 20:11:35,959 - Step 02986: -10.3300 E_h, exp. variance=0.0575 E_h^2, pmove=0.32
2026-06-02 20:11:36,618 - Step 02987: -9.9303 E_h, exp. variance=0.0563 E_h^2, pmove=0.32
2026-06-02 20:11:37,281 - Step 02988: -10.1781 E_h, exp. variance=0.0509 E_h^2, pmove=0.32
2026-06-02 20:11:37,941 - Step 02989: -9.8891 E_h, exp. variance=0.0514 E_h^2, pmove=0.32
2026-06-02 20:11:38,600 - Step 02990: -10.2026 E_h, exp. variance=0.0470 E_h^2, pmove=0.32
2026-06-02 20:11:39,260 - Step 02991: -10.2819 E_h, exp. variance=0.0446 E_h^2, pmove=0.32
2026-06-02 20:11:39,922 - Step 02992: -10.2779 E_h, exp. variance=0.0419 E_h^2, pmove=0.32
2026-06-02 20:11:40,582 - Step 02993: -10.2789 E_h, exp. variance=0.0391 E_h^2, pmove=0.32
2026-06-02 20:11:41,242 - Step 02994: -10.1514 E_h, exp. variance=0.0352 E_h^2, pmove=0.32
2026-06-02 20:11:41,902 - Step 02995: -10.1726 E_h, exp. variance=0.0317 E_h^2, pmove=0.32
2026-06-02 20:11:42,562 - Step 02996: -10.3005 E_h, exp. variance=0.0302 E_h^2, pmove=0.32
2026-06-02 20:11:43,225 - Step 02997: -10.2778 E_h, exp. variance=0.0281 E_h^2, pmove=0.32
2026-06-02 20:11:43,885 - Step 02998: -10.3261 E_h, exp. variance=0.0270 E_h^2, pmove=0.32
2026-06-02 20:11:44,546 - Step 02999: -10.2584 E_h, exp. variance=0.0246 E_h^2, pmove=0.32
2026-06-02 20:11:45,208 - Step 03000: -10.2849 E_h, exp. variance=0.0227 E_h^2, pmove=0.32
2026-06-02 20:11:45,871 - Step 03001: -10.2983 E_h, exp. variance=0.0210 E_h^2, pmove=0.32
2026-06-02 20:11:46,531 - Step 03002: -10.2926 E_h, exp. variance=0.0193 E_h^2, pmove=0.32
2026-06-02 20:11:47,191 - Step 03003: -10.1931 E_h, exp. variance=0.0175 E_h^2, pmove=0.33
2026-06-02 20:11:47,852 - Step 03004: -10.3443 E_h, exp. variance=0.0170 E_h^2, pmove=0.33
2026-06-02 20:11:48,515 - Step 03005: -10.3487 E_h, exp. variance=0.0164 E_h^2, pmove=0.32
2026-06-02 20:11:49,176 - Step 03006: -10.2586 E_h, exp. variance=0.0148 E_h^2, pmove=0.32
2026-06-02 20:11:49,837 - Step 03007: -10.3192 E_h, exp. variance=0.0137 E_h^2, pmove=0.32
2026-06-02 20:11:50,498 - Step 03008: -10.2653 E_h, exp. variance=0.0124 E_h^2, pmove=0.32
2026-06-02 20:11:51,161 - Step 03009: -10.2592 E_h, exp. variance=0.0111 E_h^2, pmove=0.33
2026-06-02 20:11:51,822 - Step 03010: -10.3064 E_h, exp. variance=0.0102 E_h^2, pmove=0.32
2026-06-02 20:11:52,483 - Step 03011: -10.1756 E_h, exp. variance=0.0099 E_h^2, pmove=0.32
2026-06-02 20:11:53,144 - Step 03012: -10.1896 E_h, exp. variance=0.0093 E_h^2, pmove=0.32
2026-06-02 20:11:53,805 - Step 03013: -10.2482 E_h, exp. variance=0.0084 E_h^2, pmove=0.32
2026-06-02 20:11:54,469 - Step 03014: -10.1580 E_h, exp. variance=0.0082 E_h^2, pmove=0.33
2026-06-02 20:11:55,130 - Step 03015: -10.2906 E_h, exp. variance=0.0077 E_h^2, pmove=0.32
2026-06-02 20:11:55,790 - Step 03016: -10.2329 E_h, exp. variance=0.0069 E_h^2, pmove=0.32
2026-06-02 20:11:56,451 - Step 03017: -10.2750 E_h, exp. variance=0.0063 E_h^2, pmove=0.32
2026-06-02 20:11:57,115 - Step 03018: -10.2541 E_h, exp. variance=0.0057 E_h^2, pmove=0.32
2026-06-02 20:11:57,777 - Step 03019: -10.2056 E_h, exp. variance=0.0053 E_h^2, pmove=0.32
2026-06-02 20:11:58,439 - Step 03020: -9.9639 E_h, exp. variance=0.0117 E_h^2, pmove=0.32
2026-06-02 20:11:59,100 - Step 03021: -10.1931 E_h, exp. variance=0.0106 E_h^2, pmove=0.32
2026-06-02 20:11:59,763 - Step 03022: -10.2304 E_h, exp. variance=0.0096 E_h^2, pmove=0.32
2026-06-02 20:12:00,425 - Step 03023: -10.2281 E_h, exp. variance=0.0086 E_h^2, pmove=0.32
2026-06-02 20:12:01,087 - Step 03024: -10.3027 E_h, exp. variance=0.0085 E_h^2, pmove=0.32
2026-06-02 20:12:01,747 - Step 03025: -10.3140 E_h, exp. variance=0.0083 E_h^2, pmove=0.32
2026-06-02 20:12:02,408 - Step 03026: -10.3050 E_h, exp. variance=0.0080 E_h^2, pmove=0.32
2026-06-02 20:12:03,069 - Step 03027: -10.3690 E_h, exp. variance=0.0086 E_h^2, pmove=0.32
2026-06-02 20:12:03,730 - Step 03028: -10.3968 E_h, exp. variance=0.0096 E_h^2, pmove=0.32
2026-06-02 20:12:04,390 - Step 03029: -10.2778 E_h, exp. variance=0.0087 E_h^2, pmove=0.32
2026-06-02 20:12:05,049 - Step 03030: -10.2176 E_h, exp. variance=0.0080 E_h^2, pmove=0.33
2026-06-02 20:12:05,708 - Step 03031: -10.3446 E_h, exp. variance=0.0078 E_h^2, pmove=0.32
2026-06-02 20:12:06,369 - Step 03032: -10.3577 E_h, exp. variance=0.0077 E_h^2, pmove=0.32
2026-06-02 20:12:07,028 - Step 03033: -10.3234 E_h, exp. variance=0.0071 E_h^2, pmove=0.33
2026-06-02 20:12:07,688 - Step 03034: -10.3695 E_h, exp. variance=0.0070 E_h^2, pmove=0.33
2026-06-02 20:12:08,349 - Step 03035: -10.2596 E_h, exp. variance=0.0064 E_h^2, pmove=0.32
2026-06-02 20:12:09,011 - Step 03036: -10.2020 E_h, exp. variance=0.0065 E_h^2, pmove=0.32
2026-06-02 20:12:09,673 - Step 03037: -10.2346 E_h, exp. variance=0.0060 E_h^2, pmove=0.32
2026-06-02 20:12:10,334 - Step 03038: -10.3218 E_h, exp. variance=0.0056 E_h^2, pmove=0.33
2026-06-02 20:12:10,996 - Step 03039: -10.3609 E_h, exp. variance=0.0056 E_h^2, pmove=0.33
2026-06-02 20:12:11,657 - Step 03040: -10.4304 E_h, exp. variance=0.0069 E_h^2, pmove=0.32
2026-06-02 20:12:12,317 - Step 03041: -10.3631 E_h, exp. variance=0.0065 E_h^2, pmove=0.32
2026-06-02 20:12:12,977 - Step 03042: -10.3757 E_h, exp. variance=0.0063 E_h^2, pmove=0.32
2026-06-02 20:12:13,638 - Step 03043: -10.3484 E_h, exp. variance=0.0057 E_h^2, pmove=0.32
2026-06-02 20:12:14,299 - Step 03044: -10.3163 E_h, exp. variance=0.0052 E_h^2, pmove=0.33
2026-06-02 20:12:14,962 - Step 03045: -10.3406 E_h, exp. variance=0.0047 E_h^2, pmove=0.33
2026-06-02 20:12:15,621 - Step 03046: -10.3525 E_h, exp. variance=0.0043 E_h^2, pmove=0.33
2026-06-02 20:12:16,281 - Step 03047: -10.2882 E_h, exp. variance=0.0040 E_h^2, pmove=0.33
2026-06-02 20:12:16,942 - Step 03048: -10.2645 E_h, exp. variance=0.0039 E_h^2, pmove=0.33
2026-06-02 20:12:17,602 - Step 03049: -10.2582 E_h, exp. variance=0.0038 E_h^2, pmove=0.32
2026-06-02 20:12:18,264 - Step 03050: -10.2757 E_h, exp. variance=0.0035 E_h^2, pmove=0.32
2026-06-02 20:12:18,925 - Step 03051: -10.2508 E_h, exp. variance=0.0034 E_h^2, pmove=0.32
2026-06-02 20:12:19,586 - Step 03052: -10.2889 E_h, exp. variance=0.0031 E_h^2, pmove=0.32
2026-06-02 20:12:20,246 - Step 03053: -10.3916 E_h, exp. variance=0.0035 E_h^2, pmove=0.32
2026-06-02 20:12:20,907 - Step 03054: -10.3046 E_h, exp. variance=0.0032 E_h^2, pmove=0.32
2026-06-02 20:12:21,567 - Step 03055: -10.3043 E_h, exp. variance=0.0029 E_h^2, pmove=0.32
2026-06-02 20:12:22,226 - Step 03056: -10.2162 E_h, exp. variance=0.0033 E_h^2, pmove=0.32
2026-06-02 20:12:22,886 - Step 03057: -9.9855 E_h, exp. variance=0.0118 E_h^2, pmove=0.32
2026-06-02 20:12:23,545 - Step 03058: -10.2760 E_h, exp. variance=0.0107 E_h^2, pmove=0.31
2026-06-02 20:12:24,205 - Step 03059: -10.4293 E_h, exp. variance=0.0119 E_h^2, pmove=0.32
2026-06-02 20:12:24,865 - Step 03060: -10.3735 E_h, exp. variance=0.0114 E_h^2, pmove=0.32
2026-06-02 20:12:25,527 - Step 03061: -10.3306 E_h, exp. variance=0.0104 E_h^2, pmove=0.32
2026-06-02 20:12:26,187 - Step 03062: 8.9103 E_h, exp. variance=33.2119 E_h^2, pmove=0.32
2026-06-02 20:12:26,859 - Step 03063: -7.6514 E_h, exp. variance=29.9380 E_h^2, pmove=0.32
2026-06-02 20:12:27,518 - Step 03064: -10.3643 E_h, exp. variance=27.3264 E_h^2, pmove=0.32
2026-06-02 20:12:28,179 - Step 03065: -10.2152 E_h, exp. variance=24.8555 E_h^2, pmove=0.32
2026-06-02 20:12:28,839 - Step 03066: -9.9970 E_h, exp. variance=22.5260 E_h^2, pmove=0.32
2026-06-02 20:12:29,499 - Step 03067: -10.2409 E_h, exp. variance=20.4571 E_h^2, pmove=0.32
2026-06-02 20:12:30,158 - Step 03068: -10.3231 E_h, exp. variance=18.5799 E_h^2, pmove=0.32
2026-06-02 20:12:30,818 - Step 03069: -10.3780 E_h, exp. variance=16.8708 E_h^2, pmove=0.33
2026-06-02 20:12:31,479 - Step 03070: -10.3728 E_h, exp. variance=15.3033 E_h^2, pmove=0.32
2026-06-02 20:12:32,139 - Step 03071: -10.4197 E_h, exp. variance=13.8787 E_h^2, pmove=0.32
2026-06-02 20:12:32,799 - Step 03072: -10.4283 E_h, exp. variance=12.5781 E_h^2, pmove=0.32
2026-06-02 20:12:33,458 - Step 03073: -10.4011 E_h, exp. variance=11.3866 E_h^2, pmove=0.32
2026-06-02 20:12:34,120 - Step 03074: -10.3563 E_h, exp. variance=10.2957 E_h^2, pmove=0.32
2026-06-02 20:12:34,779 - Step 03075: -10.2702 E_h, exp. variance=9.2953 E_h^2, pmove=0.32
2026-06-02 20:12:35,438 - Step 03076: -10.2698 E_h, exp. variance=8.3893 E_h^2, pmove=0.32
2026-06-02 20:12:36,099 - Step 03077: -10.3402 E_h, exp. variance=7.5757 E_h^2, pmove=0.32
2026-06-02 20:12:36,762 - Step 03078: -10.2927 E_h, exp. variance=6.8348 E_h^2, pmove=0.32
2026-06-02 20:12:37,424 - Step 03079: -10.0279 E_h, exp. variance=6.1527 E_h^2, pmove=0.32
2026-06-02 20:12:38,084 - Step 03080: -10.3626 E_h, exp. variance=5.5553 E_h^2, pmove=0.32
2026-06-02 20:12:38,745 - Step 03081: -10.4055 E_h, exp. variance=5.0174 E_h^2, pmove=0.33
2026-06-02 20:12:39,406 - Step 03082: -10.5008 E_h, exp. variance=4.5377 E_h^2, pmove=0.32
2026-06-02 20:12:40,067 - Step 03083: -10.3047 E_h, exp. variance=4.0895 E_h^2, pmove=0.32
2026-06-02 20:12:40,727 - Step 03084: -10.2868 E_h, exp. variance=3.6844 E_h^2, pmove=0.32
2026-06-02 20:12:41,387 - Step 03085: -10.3788 E_h, exp. variance=3.3229 E_h^2, pmove=0.32
2026-06-02 20:12:42,046 - Step 03086: -10.2500 E_h, exp. variance=2.9919 E_h^2, pmove=0.32
2026-06-02 20:12:42,710 - Step 03087: -10.3348 E_h, exp. variance=2.6961 E_h^2, pmove=0.32
2026-06-02 20:12:43,371 - Step 03088: -9.9336 E_h, exp. variance=2.4311 E_h^2, pmove=0.32
2026-06-02 20:12:44,030 - Step 03089: -9.4935 E_h, exp. variance=2.2254 E_h^2, pmove=0.32
2026-06-02 20:12:44,690 - Step 03090: -10.2331 E_h, exp. variance=2.0051 E_h^2, pmove=0.32
2026-06-02 20:12:45,353 - Step 03091: -10.2135 E_h, exp. variance=1.8060 E_h^2, pmove=0.32
2026-06-02 20:12:46,014 - Step 03092: -10.2098 E_h, exp. variance=1.6264 E_h^2, pmove=0.32
2026-06-02 20:12:46,676 - Step 03093: -10.2750 E_h, exp. variance=1.4662 E_h^2, pmove=0.32
2026-06-02 20:12:47,336 - Step 03094: -10.2761 E_h, exp. variance=1.3215 E_h^2, pmove=0.32
2026-06-02 20:12:48,000 - Step 03095: -10.3051 E_h, exp. variance=1.1917 E_h^2, pmove=0.31
2026-06-02 20:12:48,659 - Step 03096: -10.1816 E_h, exp. variance=1.0726 E_h^2, pmove=0.32
2026-06-02 20:12:49,320 - Step 03097: -10.2726 E_h, exp. variance=0.9664 E_h^2, pmove=0.32
2026-06-02 20:12:49,980 - Step 03098: -10.3329 E_h, exp. variance=0.8721 E_h^2, pmove=0.32
2026-06-02 20:12:50,641 - Step 03099: -10.3170 E_h, exp. variance=0.7863 E_h^2, pmove=0.33
2026-06-02 20:12:51,303 - Step 03100: -10.3201 E_h, exp. variance=0.7090 E_h^2, pmove=0.32
2026-06-02 20:12:51,963 - Step 03101: -10.2418 E_h, exp. variance=0.6381 E_h^2, pmove=0.31
2026-06-02 20:12:52,624 - Step 03102: -10.2966 E_h, exp. variance=0.5749 E_h^2, pmove=0.32
2026-06-02 20:12:53,284 - Step 03103: -10.4409 E_h, exp. variance=0.5216 E_h^2, pmove=0.32
2026-06-02 20:12:53,947 - Step 03104: -10.3059 E_h, exp. variance=0.4698 E_h^2, pmove=0.32
2026-06-02 20:12:54,607 - Step 03105: -10.3601 E_h, exp. variance=0.4239 E_h^2, pmove=0.31
2026-06-02 20:12:55,267 - Step 03106: -10.4186 E_h, exp. variance=0.3837 E_h^2, pmove=0.32
2026-06-02 20:12:55,928 - Step 03107: -10.4162 E_h, exp. variance=0.3470 E_h^2, pmove=0.32
2026-06-02 20:12:56,592 - Step 03108: -10.4762 E_h, exp. variance=0.3153 E_h^2, pmove=0.32
2026-06-02 20:12:57,252 - Step 03109: -10.4426 E_h, exp. variance=0.2854 E_h^2, pmove=0.32
2026-06-02 20:12:57,911 - Step 03110: -10.4431 E_h, exp. variance=0.2581 E_h^2, pmove=0.32
2026-06-02 20:12:58,571 - Step 03111: -10.4198 E_h, exp. variance=0.2329 E_h^2, pmove=0.32
2026-06-02 20:12:59,233 - Step 03112: -10.4114 E_h, exp. variance=0.2101 E_h^2, pmove=0.32
2026-06-02 20:12:59,896 - Step 03113: -10.2451 E_h, exp. variance=0.1901 E_h^2, pmove=0.32
2026-06-02 20:13:00,557 - Step 03114: -10.2636 E_h, exp. variance=0.1716 E_h^2, pmove=0.32
2026-06-02 20:13:01,217 - Step 03115: -10.2346 E_h, exp. variance=0.1553 E_h^2, pmove=0.32
2026-06-02 20:13:01,879 - Step 03116: -10.3500 E_h, exp. variance=0.1398 E_h^2, pmove=0.33
2026-06-02 20:13:02,543 - Step 03117: -10.3667 E_h, exp. variance=0.1260 E_h^2, pmove=0.32
2026-06-02 20:13:03,204 - Step 03118: -10.3237 E_h, exp. variance=0.1134 E_h^2, pmove=0.32
2026-06-02 20:13:03,864 - Step 03119: -10.3304 E_h, exp. variance=0.1021 E_h^2, pmove=0.32
2026-06-02 20:13:04,525 - Step 03120: -10.3651 E_h, exp. variance=0.0920 E_h^2, pmove=0.32
2026-06-02 20:13:05,189 - Step 03121: -10.4231 E_h, exp. variance=0.0835 E_h^2, pmove=0.32
2026-06-02 20:13:05,850 - Step 03122: -10.4570 E_h, exp. variance=0.0764 E_h^2, pmove=0.32
2026-06-02 20:13:06,510 - Step 03123: -10.4536 E_h, exp. variance=0.0696 E_h^2, pmove=0.32
2026-06-02 20:13:07,170 - Step 03124: -10.4481 E_h, exp. variance=0.0633 E_h^2, pmove=0.32
2026-06-02 20:13:07,831 - Step 03125: -10.4217 E_h, exp. variance=0.0572 E_h^2, pmove=0.33
2026-06-02 20:13:08,492 - Step 03126: -10.4130 E_h, exp. variance=0.0516 E_h^2, pmove=0.33
2026-06-02 20:13:09,153 - Step 03127: -10.4181 E_h, exp. variance=0.0466 E_h^2, pmove=0.32
2026-06-02 20:13:09,814 - Step 03128: -10.4022 E_h, exp. variance=0.0419 E_h^2, pmove=0.32
2026-06-02 20:13:10,476 - Step 03129: -10.4502 E_h, exp. variance=0.0381 E_h^2, pmove=0.32
2026-06-02 20:13:11,138 - Step 03130: -10.3266 E_h, exp. variance=0.0347 E_h^2, pmove=0.32
2026-06-02 20:13:11,799 - Step 03131: -10.3414 E_h, exp. variance=0.0314 E_h^2, pmove=0.32
2026-06-02 20:13:12,460 - Step 03132: -10.3948 E_h, exp. variance=0.0283 E_h^2, pmove=0.32
2026-06-02 20:13:13,121 - Step 03133: -10.4120 E_h, exp. variance=0.0255 E_h^2, pmove=0.32
2026-06-02 20:13:13,782 - Step 03134: -10.3512 E_h, exp. variance=0.0231 E_h^2, pmove=0.32
2026-06-02 20:13:14,445 - Step 03135: -10.3006 E_h, exp. variance=0.0214 E_h^2, pmove=0.32
2026-06-02 20:13:15,105 - Step 03136: -10.3814 E_h, exp. variance=0.0192 E_h^2, pmove=0.32
2026-06-02 20:13:15,767 - Step 03137: -10.4371 E_h, exp. variance=0.0177 E_h^2, pmove=0.32
2026-06-02 20:13:16,441 - Step 03138: -10.4921 E_h, exp. variance=0.0170 E_h^2, pmove=0.32
2026-06-02 20:13:17,101 - Step 03139: -10.3229 E_h, exp. variance=0.0157 E_h^2, pmove=0.32
2026-06-02 20:13:17,761 - Step 03140: -10.4023 E_h, exp. variance=0.0142 E_h^2, pmove=0.32
2026-06-02 20:13:18,420 - Step 03141: -10.3872 E_h, exp. variance=0.0128 E_h^2, pmove=0.32
2026-06-02 20:13:19,080 - Step 03142: -10.4223 E_h, exp. variance=0.0116 E_h^2, pmove=0.32
2026-06-02 20:13:19,739 - Step 03143: -10.4926 E_h, exp. variance=0.0114 E_h^2, pmove=0.32
2026-06-02 20:13:20,401 - Step 03144: -10.5417 E_h, exp. variance=0.0120 E_h^2, pmove=0.32
2026-06-02 20:13:21,062 - Step 03145: -10.3810 E_h, exp. variance=0.0109 E_h^2, pmove=0.32
2026-06-02 20:13:21,722 - Step 03146: -10.2540 E_h, exp. variance=0.0121 E_h^2, pmove=0.32
2026-06-02 20:13:22,382 - Step 03147: -10.4455 E_h, exp. variance=0.0111 E_h^2, pmove=0.32
2026-06-02 20:13:23,043 - Step 03148: -10.4337 E_h, exp. variance=0.0101 E_h^2, pmove=0.32
2026-06-02 20:13:23,704 - Step 03149: -10.3571 E_h, exp. variance=0.0093 E_h^2, pmove=0.32
2026-06-02 20:13:24,364 - Step 03150: -10.3629 E_h, exp. variance=0.0085 E_h^2, pmove=0.33
2026-06-02 20:13:25,026 - Step 03151: -10.3713 E_h, exp. variance=0.0077 E_h^2, pmove=0.32
2026-06-02 20:13:25,687 - Step 03152: -10.4787 E_h, exp. variance=0.0076 E_h^2, pmove=0.32
2026-06-02 20:13:26,348 - Step 03153: -10.4455 E_h, exp. variance=0.0070 E_h^2, pmove=0.32
2026-06-02 20:13:27,009 - Step 03154: -10.3877 E_h, exp. variance=0.0063 E_h^2, pmove=0.32
2026-06-02 20:13:27,669 - Step 03155: -10.3646 E_h, exp. variance=0.0058 E_h^2, pmove=0.32
2026-06-02 20:13:28,329 - Step 03156: -10.3793 E_h, exp. variance=0.0053 E_h^2, pmove=0.33
2026-06-02 20:13:28,989 - Step 03157: -10.4001 E_h, exp. variance=0.0048 E_h^2, pmove=0.32
2026-06-02 20:13:29,649 - Step 03158: -10.4609 E_h, exp. variance=0.0046 E_h^2, pmove=0.32
2026-06-02 20:13:30,309 - Step 03159: -10.4057 E_h, exp. variance=0.0042 E_h^2, pmove=0.32
2026-06-02 20:13:30,970 - Step 03160: -10.3993 E_h, exp. variance=0.0038 E_h^2, pmove=0.32
2026-06-02 20:13:31,629 - Step 03161: -10.4407 E_h, exp. variance=0.0035 E_h^2, pmove=0.32
2026-06-02 20:13:32,289 - Step 03162: -10.4463 E_h, exp. variance=0.0033 E_h^2, pmove=0.32
2026-06-02 20:13:32,948 - Step 03163: -10.4868 E_h, exp. variance=0.0035 E_h^2, pmove=0.32
2026-06-02 20:13:33,608 - Step 03164: -10.3803 E_h, exp. variance=0.0032 E_h^2, pmove=0.32
2026-06-02 20:13:34,268 - Step 03165: -10.4024 E_h, exp. variance=0.0029 E_h^2, pmove=0.32
2026-06-02 20:13:34,929 - Step 03166: -10.3932 E_h, exp. variance=0.0027 E_h^2, pmove=0.32
2026-06-02 20:13:35,590 - Step 03167: -10.4369 E_h, exp. variance=0.0025 E_h^2, pmove=0.32
2026-06-02 20:13:36,253 - Step 03168: -10.3720 E_h, exp. variance=0.0024 E_h^2, pmove=0.32
2026-06-02 20:13:36,915 - Step 03169: -10.3785 E_h, exp. variance=0.0022 E_h^2, pmove=0.32
2026-06-02 20:13:37,576 - Step 03170: -10.4076 E_h, exp. variance=0.0020 E_h^2, pmove=0.32
2026-06-02 20:13:38,248 - Step 03171: -10.4838 E_h, exp. variance=0.0023 E_h^2, pmove=0.32
2026-06-02 20:13:38,910 - Step 03172: -10.4187 E_h, exp. variance=0.0021 E_h^2, pmove=0.32
2026-06-02 20:13:39,573 - Step 03173: -10.4309 E_h, exp. variance=0.0019 E_h^2, pmove=0.32
2026-06-02 20:13:40,234 - Step 03174: -10.4361 E_h, exp. variance=0.0018 E_h^2, pmove=0.32
2026-06-02 20:13:40,895 - Step 03175: -10.4664 E_h, exp. variance=0.0018 E_h^2, pmove=0.32
2026-06-02 20:13:41,557 - Step 03176: -10.4743 E_h, exp. variance=0.0018 E_h^2, pmove=0.32
2026-06-02 20:13:42,220 - Step 03177: -10.3081 E_h, exp. variance=0.0030 E_h^2, pmove=0.32
2026-06-02 20:13:42,881 - Step 03178: -10.4094 E_h, exp. variance=0.0027 E_h^2, pmove=0.32
2026-06-02 20:13:43,542 - Step 03179: -10.4120 E_h, exp. variance=0.0024 E_h^2, pmove=0.32
2026-06-02 20:13:44,205 - Step 03180: -10.4375 E_h, exp. variance=0.0022 E_h^2, pmove=0.32
2026-06-02 20:13:44,869 - Step 03181: -10.3728 E_h, exp. variance=0.0022 E_h^2, pmove=0.32
2026-06-02 20:13:45,530 - Step 03182: -10.3990 E_h, exp. variance=0.0020 E_h^2, pmove=0.32
2026-06-02 20:13:46,191 - Step 03183: -10.3013 E_h, exp. variance=0.0029 E_h^2, pmove=0.32
2026-06-02 20:13:46,852 - Step 03184: -10.3863 E_h, exp. variance=0.0026 E_h^2, pmove=0.32
2026-06-02 20:13:47,513 - Step 03185: -10.3637 E_h, exp. variance=0.0025 E_h^2, pmove=0.32
2026-06-02 20:13:48,180 - Step 03186: -10.4400 E_h, exp. variance=0.0024 E_h^2, pmove=0.32
2026-06-02 20:13:48,841 - Step 03187: -10.4534 E_h, exp. variance=0.0024 E_h^2, pmove=0.32
2026-06-02 20:13:49,501 - Step 03188: -10.4881 E_h, exp. variance=0.0028 E_h^2, pmove=0.32
2026-06-02 20:13:50,164 - Step 03189: -10.4442 E_h, exp. variance=0.0026 E_h^2, pmove=0.32
2026-06-02 20:13:50,827 - Step 03190: -10.4107 E_h, exp. variance=0.0023 E_h^2, pmove=0.32
2026-06-02 20:13:51,489 - Step 03191: -10.4508 E_h, exp. variance=0.0022 E_h^2, pmove=0.32
2026-06-02 20:13:52,150 - Step 03192: -10.4306 E_h, exp. variance=0.0020 E_h^2, pmove=0.32
2026-06-02 20:13:52,811 - Step 03193: -10.4158 E_h, exp. variance=0.0018 E_h^2, pmove=0.32
2026-06-02 20:13:53,475 - Step 03194: -10.5148 E_h, exp. variance=0.0024 E_h^2, pmove=0.32
2026-06-02 20:13:54,136 - Step 03195: -10.2394 E_h, exp. variance=0.0054 E_h^2, pmove=0.33
2026-06-02 20:13:54,797 - Step 03196: -10.4155 E_h, exp. variance=0.0049 E_h^2, pmove=0.32
2026-06-02 20:13:55,459 - Step 03197: -10.3496 E_h, exp. variance=0.0047 E_h^2, pmove=0.32
2026-06-02 20:13:56,123 - Step 03198: -10.3657 E_h, exp. variance=0.0044 E_h^2, pmove=0.32
2026-06-02 20:13:56,784 - Step 03199: -10.0017 E_h, exp. variance=0.0183 E_h^2, pmove=0.32
2026-06-02 20:13:57,444 - Step 03200: -10.4717 E_h, exp. variance=0.0176 E_h^2, pmove=0.32
2026-06-02 20:13:58,104 - Step 03201: -9.8624 E_h, exp. variance=0.0392 E_h^2, pmove=0.32
2026-06-02 20:13:58,763 - Step 03202: -10.4431 E_h, exp. variance=0.0366 E_h^2, pmove=0.32
2026-06-02 20:13:59,425 - Step 03203: -10.0062 E_h, exp. variance=0.0426 E_h^2, pmove=0.32
2026-06-02 20:14:00,087 - Step 03204: -10.4542 E_h, exp. variance=0.0405 E_h^2, pmove=0.32
2026-06-02 20:14:00,747 - Step 03205: -10.5229 E_h, exp. variance=0.0403 E_h^2, pmove=0.32
2026-06-02 20:14:01,407 - Step 03206: -10.4668 E_h, exp. variance=0.0378 E_h^2, pmove=0.33
2026-06-02 20:14:02,071 - Step 03207: -10.5252 E_h, exp. variance=0.0368 E_h^2, pmove=0.32
2026-06-02 20:14:02,730 - Step 03208: -10.4590 E_h, exp. variance=0.0338 E_h^2, pmove=0.32
2026-06-02 20:14:03,389 - Step 03209: -10.4641 E_h, exp. variance=0.0312 E_h^2, pmove=0.32
2026-06-02 20:14:04,049 - Step 03210: -10.4362 E_h, exp. variance=0.0283 E_h^2, pmove=0.32
2026-06-02 20:14:04,710 - Step 03211: -10.5152 E_h, exp. variance=0.0268 E_h^2, pmove=0.32
2026-06-02 20:14:05,369 - Step 03212: -10.5748 E_h, exp. variance=0.0268 E_h^2, pmove=0.32
2026-06-02 20:14:06,028 - Step 03213: -10.4541 E_h, exp. variance=0.0242 E_h^2, pmove=0.32
2026-06-02 20:14:06,688 - Step 03214: -10.4254 E_h, exp. variance=0.0218 E_h^2, pmove=0.32
2026-06-02 20:14:07,347 - Step 03215: -10.4573 E_h, exp. variance=0.0197 E_h^2, pmove=0.33
2026-06-02 20:14:08,010 - Step 03216: -10.4906 E_h, exp. variance=0.0181 E_h^2, pmove=0.32
2026-06-02 20:14:08,669 - Step 03217: -10.5143 E_h, exp. variance=0.0169 E_h^2, pmove=0.32
2026-06-02 20:14:09,329 - Step 03218: -10.4952 E_h, exp. variance=0.0155 E_h^2, pmove=0.33
2026-06-02 20:14:09,988 - Step 03219: -10.4891 E_h, exp. variance=0.0141 E_h^2, pmove=0.32
2026-06-02 20:14:10,649 - Step 03220: -10.5179 E_h, exp. variance=0.0131 E_h^2, pmove=0.32
2026-06-02 20:14:11,308 - Step 03221: -10.5145 E_h, exp. variance=0.0121 E_h^2, pmove=0.32
2026-06-02 20:14:11,968 - Step 03222: -10.4820 E_h, exp. variance=0.0109 E_h^2, pmove=0.33
2026-06-02 20:14:12,627 - Step 03223: -9.4764 E_h, exp. variance=0.0978 E_h^2, pmove=0.33
2026-06-02 20:14:13,289 - Step 03224: -10.4070 E_h, exp. variance=0.0882 E_h^2, pmove=0.32
2026-06-02 20:14:13,949 - Step 03225: -10.4543 E_h, exp. variance=0.0800 E_h^2, pmove=0.32
2026-06-02 20:14:14,608 - Step 03226: -10.5621 E_h, exp. variance=0.0750 E_h^2, pmove=0.32
2026-06-02 20:14:15,268 - Step 03227: -10.5268 E_h, exp. variance=0.0690 E_h^2, pmove=0.32
2026-06-02 20:14:15,930 - Step 03228: -10.4786 E_h, exp. variance=0.0626 E_h^2, pmove=0.32
2026-06-02 20:14:16,589 - Step 03229: -10.4566 E_h, exp. variance=0.0564 E_h^2, pmove=0.32
2026-06-02 20:14:17,250 - Step 03230: -10.5385 E_h, exp. variance=0.0520 E_h^2, pmove=0.32
2026-06-02 20:14:17,909 - Step 03231: -10.4919 E_h, exp. variance=0.0471 E_h^2, pmove=0.32
2026-06-02 20:14:18,570 - Step 03232: -10.4444 E_h, exp. variance=0.0424 E_h^2, pmove=0.32
2026-06-02 20:14:19,232 - Step 03233: -10.4659 E_h, exp. variance=0.0383 E_h^2, pmove=0.32
2026-06-02 20:14:19,895 - Step 03234: -10.4926 E_h, exp. variance=0.0347 E_h^2, pmove=0.32
2026-06-02 20:14:20,556 - Step 03235: -10.4568 E_h, exp. variance=0.0312 E_h^2, pmove=0.32
2026-06-02 20:14:21,217 - Step 03236: -10.5041 E_h, exp. variance=0.0284 E_h^2, pmove=0.32
2026-06-02 20:14:21,879 - Step 03237: -10.5009 E_h, exp. variance=0.0257 E_h^2, pmove=0.32
2026-06-02 20:14:22,541 - Step 03238: -10.4808 E_h, exp. variance=0.0232 E_h^2, pmove=0.32
2026-06-02 20:14:23,201 - Step 03239: -10.5045 E_h, exp. variance=0.0211 E_h^2, pmove=0.32
2026-06-02 20:14:23,861 - Step 03240: -10.5382 E_h, exp. variance=0.0194 E_h^2, pmove=0.32
2026-06-02 20:14:24,524 - Step 03241: -10.4697 E_h, exp. variance=0.0175 E_h^2, pmove=0.32
2026-06-02 20:14:25,185 - Step 03242: -10.4767 E_h, exp. variance=0.0157 E_h^2, pmove=0.32
2026-06-02 20:14:25,848 - Step 03243: -10.4731 E_h, exp. variance=0.0142 E_h^2, pmove=0.32
2026-06-02 20:14:26,509 - Step 03244: -10.5317 E_h, exp. variance=0.0131 E_h^2, pmove=0.32
2026-06-02 20:14:27,167 - Step 03245: -10.5536 E_h, exp. variance=0.0123 E_h^2, pmove=0.32
2026-06-02 20:14:27,827 - Step 03246: -10.5260 E_h, exp. variance=0.0112 E_h^2, pmove=0.32
2026-06-02 20:14:28,486 - Step 03247: -10.4985 E_h, exp. variance=0.0101 E_h^2, pmove=0.32
2026-06-02 20:14:29,146 - Step 03248: -10.4335 E_h, exp. variance=0.0094 E_h^2, pmove=0.31
2026-06-02 20:14:29,806 - Step 03249: -10.4557 E_h, exp. variance=0.0085 E_h^2, pmove=0.32
2026-06-02 20:14:30,467 - Step 03250: -10.5116 E_h, exp. variance=0.0077 E_h^2, pmove=0.32
2026-06-02 20:14:31,127 - Step 03251: -10.1517 E_h, exp. variance=0.0170 E_h^2, pmove=0.32
2026-06-02 20:14:31,788 - Step 03252: -10.6006 E_h, exp. variance=0.0173 E_h^2, pmove=0.32
2026-06-02 20:14:32,449 - Step 03253: -10.4928 E_h, exp. variance=0.0156 E_h^2, pmove=0.32
2026-06-02 20:14:33,111 - Step 03254: -10.5300 E_h, exp. variance=0.0144 E_h^2, pmove=0.32
2026-06-02 20:14:33,772 - Step 03255: -10.4519 E_h, exp. variance=0.0130 E_h^2, pmove=0.32
2026-06-02 20:14:34,434 - Step 03256: -10.4746 E_h, exp. variance=0.0117 E_h^2, pmove=0.32
2026-06-02 20:14:35,096 - Step 03257: -10.4674 E_h, exp. variance=0.0105 E_h^2, pmove=0.32
2026-06-02 20:14:35,757 - Step 03258: -10.5266 E_h, exp. variance=0.0097 E_h^2, pmove=0.32
2026-06-02 20:14:36,419 - Step 03259: -10.4855 E_h, exp. variance=0.0088 E_h^2, pmove=0.32
2026-06-02 20:14:37,082 - Step 03260: -10.4846 E_h, exp. variance=0.0079 E_h^2, pmove=0.32
2026-06-02 20:14:37,745 - Step 03261: -10.4816 E_h, exp. variance=0.0071 E_h^2, pmove=0.32
2026-06-02 20:14:38,406 - Step 03262: -10.4727 E_h, exp. variance=0.0064 E_h^2, pmove=0.32
2026-06-02 20:14:39,068 - Step 03263: -10.5888 E_h, exp. variance=0.0068 E_h^2, pmove=0.32
2026-06-02 20:14:39,729 - Step 03264: -10.5058 E_h, exp. variance=0.0062 E_h^2, pmove=0.32
2026-06-02 20:14:40,389 - Step 03265: -5.7718 E_h, exp. variance=2.0103 E_h^2, pmove=0.32
2026-06-02 20:14:41,050 - Step 03266: -10.5493 E_h, exp. variance=1.8345 E_h^2, pmove=0.32
2026-06-02 20:14:41,712 - Step 03267: -10.5449 E_h, exp. variance=1.6712 E_h^2, pmove=0.32
2026-06-02 20:14:42,372 - Step 03268: -10.5157 E_h, exp. variance=1.5182 E_h^2, pmove=0.32
2026-06-02 20:14:43,032 - Step 03269: -9.7199 E_h, exp. variance=1.3837 E_h^2, pmove=0.33
2026-06-02 20:14:43,694 - Step 03270: -10.2843 E_h, exp. variance=1.2479 E_h^2, pmove=0.32
2026-06-02 20:14:44,355 - Step 03271: -10.4658 E_h, exp. variance=1.1331 E_h^2, pmove=0.32
2026-06-02 20:14:45,015 - Step 03272: -10.5045 E_h, exp. variance=1.0302 E_h^2, pmove=0.32
2026-06-02 20:14:45,676 - Step 03273: -10.4977 E_h, exp. variance=0.9351 E_h^2, pmove=0.32
2026-06-02 20:14:46,336 - Step 03274: -10.5688 E_h, exp. variance=0.8520 E_h^2, pmove=0.32
2026-06-02 20:14:46,996 - Step 03275: -10.5815 E_h, exp. variance=0.7759 E_h^2, pmove=0.32
2026-06-02 20:14:47,659 - Step 03276: -10.4729 E_h, exp. variance=0.7012 E_h^2, pmove=0.33
2026-06-02 20:14:48,319 - Step 03277: -10.4978 E_h, exp. variance=0.6341 E_h^2, pmove=0.32
2026-06-02 20:14:48,980 - Step 03278: -10.5719 E_h, exp. variance=0.5759 E_h^2, pmove=0.32
2026-06-02 20:14:49,651 - Step 03279: -10.6477 E_h, exp. variance=0.5260 E_h^2, pmove=0.33
2026-06-02 20:14:50,314 - Step 03280: -10.6385 E_h, exp. variance=0.4792 E_h^2, pmove=0.32
2026-06-02 20:14:50,975 - Step 03281: -10.5108 E_h, exp. variance=0.4322 E_h^2, pmove=0.32
2026-06-02 20:14:51,636 - Step 03282: -10.3532 E_h, exp. variance=0.3894 E_h^2, pmove=0.32
2026-06-02 20:14:52,296 - Step 03283: -10.3838 E_h, exp. variance=0.3505 E_h^2, pmove=0.32
2026-06-02 20:14:52,959 - Step 03284: -10.5850 E_h, exp. variance=0.3182 E_h^2, pmove=0.32
2026-06-02 20:14:53,620 - Step 03285: -10.2388 E_h, exp. variance=0.2896 E_h^2, pmove=0.32
2026-06-02 20:14:54,279 - Step 03286: -10.5899 E_h, exp. variance=0.2636 E_h^2, pmove=0.32
2026-06-02 20:14:54,939 - Step 03287: -10.6503 E_h, exp. variance=0.2417 E_h^2, pmove=0.32
2026-06-02 20:14:55,600 - Step 03288: -10.6037 E_h, exp. variance=0.2197 E_h^2, pmove=0.32
2026-06-02 20:14:56,263 - Step 03289: -10.5775 E_h, exp. variance=0.1989 E_h^2, pmove=0.33
2026-06-02 20:14:56,923 - Step 03290: -10.5375 E_h, exp. variance=0.1793 E_h^2, pmove=0.32
2026-06-02 20:14:57,585 - Step 03291: 25.8795 E_h, exp. variance=119.1574 E_h^2, pmove=0.33
2026-06-02 20:14:58,245 - Step 03292: -10.6415 E_h, exp. variance=108.5382 E_h^2, pmove=0.33
2026-06-02 20:14:58,909 - Step 03293: -10.5716 E_h, exp. variance=98.6920 E_h^2, pmove=0.32
2026-06-02 20:14:59,572 - Step 03294: -10.4971 E_h, exp. variance=89.5991 E_h^2, pmove=0.32
2026-06-02 20:15:00,234 - Step 03295: -10.5576 E_h, exp. variance=81.2971 E_h^2, pmove=0.32
2026-06-02 20:15:00,895 - Step 03296: -10.5071 E_h, exp. variance=73.6784 E_h^2, pmove=0.32
2026-06-02 20:15:01,560 - Step 03297: -10.6450 E_h, exp. variance=66.7794 E_h^2, pmove=0.32
2026-06-02 20:15:02,221 - Step 03298: -10.5886 E_h, exp. variance=60.4607 E_h^2, pmove=0.32
2026-06-02 20:15:02,883 - Step 03299: -10.5312 E_h, exp. variance=54.6873 E_h^2, pmove=0.32
2026-06-02 20:15:03,544 - Step 03300: -10.6244 E_h, exp. variance=49.4665 E_h^2, pmove=0.32
2026-06-02 20:15:04,207 - Step 03301: -10.6553 E_h, exp. variance=44.7291 E_h^2, pmove=0.32
2026-06-02 20:15:04,868 - Step 03302: -10.5188 E_h, exp. variance=40.3936 E_h^2, pmove=0.32
2026-06-02 20:15:05,529 - Step 03303: -10.4009 E_h, exp. variance=36.4432 E_h^2, pmove=0.32
2026-06-02 20:15:06,189 - Step 03304: -10.5356 E_h, exp. variance=32.8943 E_h^2, pmove=0.32
2026-06-02 20:15:06,849 - Step 03305: -10.6105 E_h, exp. variance=29.6951 E_h^2, pmove=0.32
2026-06-02 20:15:07,513 - Step 03306: -10.5669 E_h, exp. variance=26.7918 E_h^2, pmove=0.32
2026-06-02 20:15:08,174 - Step 03307: -10.5789 E_h, exp. variance=24.1679 E_h^2, pmove=0.33
2026-06-02 20:15:08,835 - Step 03308: -10.5967 E_h, exp. variance=21.7982 E_h^2, pmove=0.33
2026-06-02 20:15:09,495 - Step 03309: -10.6371 E_h, exp. variance=19.6614 E_h^2, pmove=0.32
2026-06-02 20:15:10,159 - Step 03310: -10.5507 E_h, exp. variance=17.7211 E_h^2, pmove=0.33
2026-06-02 20:15:10,819 - Step 03311: -10.5548 E_h, exp. variance=15.9703 E_h^2, pmove=0.32
2026-06-02 20:15:11,479 - Step 03312: -10.5282 E_h, exp. variance=14.3885 E_h^2, pmove=0.32
2026-06-02 20:15:12,139 - Step 03313: -10.4797 E_h, exp. variance=12.9589 E_h^2, pmove=0.32
2026-06-02 20:15:12,803 - Step 03314: -10.5792 E_h, exp. variance=11.6767 E_h^2, pmove=0.32
2026-06-02 20:15:13,463 - Step 03315: -10.6099 E_h, exp. variance=10.5220 E_h^2, pmove=0.32
2026-06-02 20:15:14,124 - Step 03316: -10.5911 E_h, exp. variance=9.4793 E_h^2, pmove=0.32
2026-06-02 20:15:14,785 - Step 03317: -10.6104 E_h, exp. variance=8.5400 E_h^2, pmove=0.32
2026-06-02 20:15:15,445 - Step 03318: -10.4944 E_h, exp. variance=7.6884 E_h^2, pmove=0.32
2026-06-02 20:15:16,109 - Step 03319: -10.5799 E_h, exp. variance=6.9245 E_h^2, pmove=0.32
2026-06-02 20:15:16,770 - Step 03320: -10.5904 E_h, exp. variance=6.2364 E_h^2, pmove=0.32
2026-06-02 20:15:17,430 - Step 03321: -10.6340 E_h, exp. variance=5.6180 E_h^2, pmove=0.32
2026-06-02 20:15:18,090 - Step 03322: -10.6516 E_h, exp. variance=5.0612 E_h^2, pmove=0.33
2026-06-02 20:15:18,754 - Step 03323: -10.5525 E_h, exp. variance=4.5562 E_h^2, pmove=0.33
2026-06-02 20:15:19,415 - Step 03324: -10.5574 E_h, exp. variance=4.1016 E_h^2, pmove=0.32
2026-06-02 20:15:20,076 - Step 03325: -10.5804 E_h, exp. variance=3.6927 E_h^2, pmove=0.33
2026-06-02 20:15:20,736 - Step 03326: -10.5664 E_h, exp. variance=3.3242 E_h^2, pmove=0.32
2026-06-02 20:15:21,399 - Step 03327: -10.6179 E_h, exp. variance=2.9934 E_h^2, pmove=0.32
2026-06-02 20:15:22,060 - Step 03328: -10.5755 E_h, exp. variance=2.6946 E_h^2, pmove=0.32
2026-06-02 20:15:22,720 - Step 03329: -10.5718 E_h, exp. variance=2.4256 E_h^2, pmove=0.32
2026-06-02 20:15:23,381 - Step 03330: -10.5685 E_h, exp. variance=2.1833 E_h^2, pmove=0.33
2026-06-02 20:15:24,041 - Step 03331: -10.6428 E_h, exp. variance=1.9664 E_h^2, pmove=0.32
2026-06-02 20:15:24,704 - Step 03332: -10.5640 E_h, exp. variance=1.7699 E_h^2, pmove=0.32
2026-06-02 20:15:25,365 - Step 03333: -10.4145 E_h, exp. variance=1.5942 E_h^2, pmove=0.33
2026-06-02 20:15:26,026 - Step 03334: -10.4628 E_h, exp. variance=1.4350 E_h^2, pmove=0.32
2026-06-02 20:15:26,686 - Step 03335: -10.5074 E_h, exp. variance=1.2915 E_h^2, pmove=0.32
2026-06-02 20:15:27,349 - Step 03336: -10.5413 E_h, exp. variance=1.1625 E_h^2, pmove=0.32
2026-06-02 20:15:28,011 - Step 03337: -10.6186 E_h, exp. variance=1.0471 E_h^2, pmove=0.32
2026-06-02 20:15:28,671 - Step 03338: -10.6275 E_h, exp. variance=0.9433 E_h^2, pmove=0.32
2026-06-02 20:15:29,332 - Step 03339: -10.6003 E_h, exp. variance=0.8494 E_h^2, pmove=0.32
2026-06-02 20:15:29,995 - Step 03340: -10.6336 E_h, exp. variance=0.7651 E_h^2, pmove=0.32
2026-06-02 20:15:30,656 - Step 03341: -10.6341 E_h, exp. variance=0.6892 E_h^2, pmove=0.32
2026-06-02 20:15:31,317 - Step 03342: -10.6141 E_h, exp. variance=0.6206 E_h^2, pmove=0.32
2026-06-02 20:15:31,978 - Step 03343: -10.5981 E_h, exp. variance=0.5586 E_h^2, pmove=0.32
2026-06-02 20:15:32,640 - Step 03344: -10.4102 E_h, exp. variance=0.5050 E_h^2, pmove=0.32
2026-06-02 20:15:33,302 - Step 03345: -10.5058 E_h, exp. variance=0.4547 E_h^2, pmove=0.32
2026-06-02 20:15:33,962 - Step 03346: -10.5446 E_h, exp. variance=0.4092 E_h^2, pmove=0.33
2026-06-02 20:15:34,623 - Step 03347: -10.5403 E_h, exp. variance=0.3683 E_h^2, pmove=0.32
2026-06-02 20:15:35,283 - Step 03348: -10.6352 E_h, exp. variance=0.3322 E_h^2, pmove=0.32
2026-06-02 20:15:35,945 - Step 03349: -10.5868 E_h, exp. variance=0.2991 E_h^2, pmove=0.32
2026-06-02 20:15:36,606 - Step 03350: -10.5135 E_h, exp. variance=0.2693 E_h^2, pmove=0.32
2026-06-02 20:15:37,268 - Step 03351: -10.5365 E_h, exp. variance=0.2424 E_h^2, pmove=0.32
2026-06-02 20:15:37,928 - Step 03352: -10.6263 E_h, exp. variance=0.2187 E_h^2, pmove=0.32
2026-06-02 20:15:38,588 - Step 03353: -10.4247 E_h, exp. variance=0.1985 E_h^2, pmove=0.33
2026-06-02 20:15:39,248 - Step 03354: -10.5953 E_h, exp. variance=0.1788 E_h^2, pmove=0.33
2026-06-02 20:15:39,908 - Step 03355: -10.6173 E_h, exp. variance=0.1613 E_h^2, pmove=0.32
2026-06-02 20:15:40,568 - Step 03356: -10.5825 E_h, exp. variance=0.1453 E_h^2, pmove=0.32
2026-06-02 20:15:41,228 - Step 03357: -10.6399 E_h, exp. variance=0.1313 E_h^2, pmove=0.33
2026-06-02 20:15:41,888 - Step 03358: -10.5922 E_h, exp. variance=0.1182 E_h^2, pmove=0.33
2026-06-02 20:15:42,548 - Step 03359: -10.6514 E_h, exp. variance=0.1070 E_h^2, pmove=0.33
2026-06-02 20:15:43,210 - Step 03360: -10.6390 E_h, exp. variance=0.0966 E_h^2, pmove=0.33
2026-06-02 20:15:43,869 - Step 03361: -10.5510 E_h, exp. variance=0.0870 E_h^2, pmove=0.32
2026-06-02 20:15:44,530 - Step 03362: -10.5531 E_h, exp. variance=0.0784 E_h^2, pmove=0.32
2026-06-02 20:15:45,190 - Step 03363: -10.5885 E_h, exp. variance=0.0706 E_h^2, pmove=0.32
2026-06-02 20:15:45,851 - Step 03364: -10.5615 E_h, exp. variance=0.0636 E_h^2, pmove=0.32
2026-06-02 20:15:46,511 - Step 03365: -10.5431 E_h, exp. variance=0.0573 E_h^2, pmove=0.32
2026-06-02 20:15:47,173 - Step 03366: -10.5591 E_h, exp. variance=0.0516 E_h^2, pmove=0.33
2026-06-02 20:15:47,834 - Step 03367: -10.5602 E_h, exp. variance=0.0465 E_h^2, pmove=0.33
2026-06-02 20:15:48,495 - Step 03368: -10.6611 E_h, exp. variance=0.0425 E_h^2, pmove=0.33
2026-06-02 20:15:49,158 - Step 03369: -10.6896 E_h, exp. variance=0.0393 E_h^2, pmove=0.32
2026-06-02 20:15:49,820 - Step 03370: -10.5999 E_h, exp. variance=0.0354 E_h^2, pmove=0.33
2026-06-02 20:15:50,481 - Step 03371: -9.4107 E_h, exp. variance=0.1575 E_h^2, pmove=0.32
2026-06-02 20:15:51,140 - Step 03372: -10.5876 E_h, exp. variance=0.1429 E_h^2, pmove=0.32
2026-06-02 20:15:51,800 - Step 03373: -10.6215 E_h, exp. variance=0.1303 E_h^2, pmove=0.33
2026-06-02 20:15:52,460 - Step 03374: -10.5898 E_h, exp. variance=0.1180 E_h^2, pmove=0.33
2026-06-02 20:15:53,122 - Step 03375: -10.4858 E_h, exp. variance=0.1063 E_h^2, pmove=0.32
2026-06-02 20:15:53,783 - Step 03376: -9.7771 E_h, exp. variance=0.1434 E_h^2, pmove=0.32
2026-06-02 20:15:54,456 - Step 03377: -10.5986 E_h, exp. variance=0.1316 E_h^2, pmove=0.32
2026-06-02 20:15:55,117 - Step 03378: -10.5380 E_h, exp. variance=0.1191 E_h^2, pmove=0.33
2026-06-02 20:15:55,779 - Step 03379: -10.6161 E_h, exp. variance=0.1094 E_h^2, pmove=0.33
2026-06-02 20:15:56,439 - Step 03380: -10.5916 E_h, exp. variance=0.0997 E_h^2, pmove=0.33
2026-06-02 20:15:57,100 - Step 03381: -10.6427 E_h, exp. variance=0.0920 E_h^2, pmove=0.33
2026-06-02 20:15:57,760 - Step 03382: -10.6721 E_h, exp. variance=0.0854 E_h^2, pmove=0.32
2026-06-02 20:15:58,422 - Step 03383: -10.6722 E_h, exp. variance=0.0790 E_h^2, pmove=0.33
2026-06-02 20:15:59,082 - Step 03384: -10.5272 E_h, exp. variance=0.0711 E_h^2, pmove=0.32
2026-06-02 20:15:59,742 - Step 03385: -10.6384 E_h, exp. variance=0.0650 E_h^2, pmove=0.32
2026-06-02 20:16:00,404 - Step 03386: -10.5647 E_h, exp. variance=0.0585 E_h^2, pmove=0.32
2026-06-02 20:16:01,079 - Step 03387: -10.5667 E_h, exp. variance=0.0527 E_h^2, pmove=0.32
2026-06-02 20:16:01,740 - Step 03388: -10.6690 E_h, exp. variance=0.0487 E_h^2, pmove=0.32
2026-06-02 20:16:02,400 - Step 03389: -10.4075 E_h, exp. variance=0.0460 E_h^2, pmove=0.32
2026-06-02 20:16:03,060 - Step 03390: -10.6725 E_h, exp. variance=0.0428 E_h^2, pmove=0.32
2026-06-02 20:16:03,721 - Step 03391: -10.5887 E_h, exp. variance=0.0386 E_h^2, pmove=0.32
2026-06-02 20:16:04,385 - Step 03392: -10.5665 E_h, exp. variance=0.0348 E_h^2, pmove=0.32
2026-06-02 20:16:05,046 - Step 03393: -10.5765 E_h, exp. variance=0.0313 E_h^2, pmove=0.32
2026-06-02 20:16:05,707 - Step 03394: -10.5719 E_h, exp. variance=0.0282 E_h^2, pmove=0.32
2026-06-02 20:16:06,368 - Step 03395: -10.6947 E_h, exp. variance=0.0269 E_h^2, pmove=0.32
2026-06-02 20:16:07,032 - Step 03396: -10.6132 E_h, exp. variance=0.0243 E_h^2, pmove=0.32
2026-06-02 20:16:07,692 - Step 03397: -10.6342 E_h, exp. variance=0.0222 E_h^2, pmove=0.33
2026-06-02 20:16:08,354 - Step 03398: -10.5874 E_h, exp. variance=0.0200 E_h^2, pmove=0.32
2026-06-02 20:16:09,016 - Step 03399: -10.6701 E_h, exp. variance=0.0186 E_h^2, pmove=0.32
2026-06-02 20:16:09,679 - Step 03400: -10.6146 E_h, exp. variance=0.0168 E_h^2, pmove=0.32
2026-06-02 20:16:10,342 - Step 03401: -10.5887 E_h, exp. variance=0.0151 E_h^2, pmove=0.32
2026-06-02 20:16:11,002 - Step 03402: -10.6918 E_h, exp. variance=0.0144 E_h^2, pmove=0.32
2026-06-02 20:16:11,662 - Step 03403: -10.6523 E_h, exp. variance=0.0132 E_h^2, pmove=0.32
2026-06-02 20:16:12,323 - Step 03404: -10.7020 E_h, exp. variance=0.0126 E_h^2, pmove=0.33
2026-06-02 20:16:12,986 - Step 03405: -10.6125 E_h, exp. variance=0.0114 E_h^2, pmove=0.32
2026-06-02 20:16:13,647 - Step 03406: -10.6322 E_h, exp. variance=0.0102 E_h^2, pmove=0.32
2026-06-02 20:16:14,307 - Step 03407: -10.6998 E_h, exp. variance=0.0098 E_h^2, pmove=0.32
2026-06-02 20:16:14,968 - Step 03408: -10.6510 E_h, exp. variance=0.0089 E_h^2, pmove=0.32
2026-06-02 20:16:15,631 - Step 03409: -10.6011 E_h, exp. variance=0.0081 E_h^2, pmove=0.33
2026-06-02 20:16:16,289 - Step 03410: -10.6407 E_h, exp. variance=0.0073 E_h^2, pmove=0.32
2026-06-02 20:16:16,950 - Step 03411: -10.5372 E_h, exp. variance=0.0073 E_h^2, pmove=0.32
2026-06-02 20:16:17,610 - Step 03412: -10.6236 E_h, exp. variance=0.0066 E_h^2, pmove=0.32
2026-06-02 20:16:18,272 - Step 03413: -10.6857 E_h, exp. variance=0.0063 E_h^2, pmove=0.32
2026-06-02 20:16:18,933 - Step 03414: -10.7383 E_h, exp. variance=0.0068 E_h^2, pmove=0.32
2026-06-02 20:16:19,593 - Step 03415: -10.6396 E_h, exp. variance=0.0061 E_h^2, pmove=0.32
2026-06-02 20:16:20,252 - Step 03416: -10.6604 E_h, exp. variance=0.0055 E_h^2, pmove=0.32
2026-06-02 20:16:20,916 - Step 03417: -10.6111 E_h, exp. variance=0.0051 E_h^2, pmove=0.33
2026-06-02 20:16:21,577 - Step 03418: -10.5513 E_h, exp. variance=0.0052 E_h^2, pmove=0.32
2026-06-02 20:16:22,238 - Step 03419: -10.6226 E_h, exp. variance=0.0047 E_h^2, pmove=0.32
2026-06-02 20:16:22,900 - Step 03420: -10.6061 E_h, exp. variance=0.0043 E_h^2, pmove=0.32
2026-06-02 20:16:23,562 - Step 03421: -10.7119 E_h, exp. variance=0.0045 E_h^2, pmove=0.32
2026-06-02 20:16:24,227 - Step 03422: -10.6294 E_h, exp. variance=0.0041 E_h^2, pmove=0.32
2026-06-02 20:16:24,888 - Step 03423: -10.5840 E_h, exp. variance=0.0039 E_h^2, pmove=0.32
2026-06-02 20:16:25,549 - Step 03424: -10.6588 E_h, exp. variance=0.0036 E_h^2, pmove=0.32
2026-06-02 20:16:26,209 - Step 03425: -10.5323 E_h, exp. variance=0.0041 E_h^2, pmove=0.32
2026-06-02 20:16:26,875 - Step 03426: -10.6810 E_h, exp. variance=0.0040 E_h^2, pmove=0.32
2026-06-02 20:16:27,537 - Step 03427: -10.6639 E_h, exp. variance=0.0037 E_h^2, pmove=0.32
2026-06-02 20:16:28,199 - Step 03428: -10.7722 E_h, exp. variance=0.0051 E_h^2, pmove=0.33
2026-06-02 20:16:28,860 - Step 03429: -10.7061 E_h, exp. variance=0.0050 E_h^2, pmove=0.32
2026-06-02 20:16:29,525 - Step 03430: -10.6598 E_h, exp. variance=0.0045 E_h^2, pmove=0.32
2026-06-02 20:16:30,187 - Step 03431: -10.1895 E_h, exp. variance=0.0233 E_h^2, pmove=0.32
2026-06-02 20:16:30,850 - Step 03432: -10.6545 E_h, exp. variance=0.0212 E_h^2, pmove=0.32
2026-06-02 20:16:31,512 - Step 03433: -10.7559 E_h, exp. variance=0.0210 E_h^2, pmove=0.32
2026-06-02 20:16:32,173 - Step 03434: -10.7241 E_h, exp. variance=0.0197 E_h^2, pmove=0.32
2026-06-02 20:16:32,837 - Step 03435: -10.7247 E_h, exp. variance=0.0185 E_h^2, pmove=0.32
2026-06-02 20:16:33,499 - Step 03436: -10.7508 E_h, exp. variance=0.0177 E_h^2, pmove=0.32
2026-06-02 20:16:34,160 - Step 03437: -10.6130 E_h, exp. variance=0.0160 E_h^2, pmove=0.32
2026-06-02 20:16:34,822 - Step 03438: -10.6141 E_h, exp. variance=0.0146 E_h^2, pmove=0.33
2026-06-02 20:16:35,486 - Step 03439: -10.5662 E_h, exp. variance=0.0137 E_h^2, pmove=0.32
2026-06-02 20:16:36,148 - Step 03440: -10.6076 E_h, exp. variance=0.0124 E_h^2, pmove=0.32
2026-06-02 20:16:36,810 - Step 03441: -10.5866 E_h, exp. variance=0.0114 E_h^2, pmove=0.32
2026-06-02 20:16:37,471 - Step 03442: -10.6071 E_h, exp. variance=0.0103 E_h^2, pmove=0.32
2026-06-02 20:16:38,136 - Step 03443: -10.5976 E_h, exp. variance=0.0094 E_h^2, pmove=0.32
2026-06-02 20:16:38,797 - Step 03444: -10.6267 E_h, exp. variance=0.0084 E_h^2, pmove=0.32
2026-06-02 20:16:39,458 - Step 03445: -10.6695 E_h, exp. variance=0.0078 E_h^2, pmove=0.32
2026-06-02 20:16:40,120 - Step 03446: -10.4254 E_h, exp. variance=0.0107 E_h^2, pmove=0.33
2026-06-02 20:16:40,785 - Step 03447: -10.6251 E_h, exp. variance=0.0097 E_h^2, pmove=0.32
2026-06-02 20:16:41,447 - Step 03448: -10.7030 E_h, exp. variance=0.0095 E_h^2, pmove=0.32
2026-06-02 20:16:42,109 - Step 03449: -10.5953 E_h, exp. variance=0.0086 E_h^2, pmove=0.32
2026-06-02 20:16:42,771 - Step 03450: -10.6823 E_h, exp. variance=0.0081 E_h^2, pmove=0.32
2026-06-02 20:16:43,433 - Step 03451: -10.5085 E_h, exp. variance=0.0085 E_h^2, pmove=0.32
2026-06-02 20:16:44,097 - Step 03452: -10.6850 E_h, exp. variance=0.0081 E_h^2, pmove=0.33
2026-06-02 20:16:44,758 - Step 03453: -10.5749 E_h, exp. variance=0.0075 E_h^2, pmove=0.32
2026-06-02 20:16:45,420 - Step 03454: -10.6680 E_h, exp. variance=0.0070 E_h^2, pmove=0.32
2026-06-02 20:16:46,082 - Step 03455: -10.6350 E_h, exp. variance=0.0063 E_h^2, pmove=0.32
2026-06-02 20:16:46,745 - Step 03456: -10.6843 E_h, exp. variance=0.0060 E_h^2, pmove=0.32
2026-06-02 20:16:47,408 - Step 03457: -10.6708 E_h, exp. variance=0.0056 E_h^2, pmove=0.32
2026-06-02 20:16:48,069 - Step 03458: -10.6900 E_h, exp. variance=0.0053 E_h^2, pmove=0.32
2026-06-02 20:16:48,730 - Step 03459: -10.7328 E_h, exp. variance=0.0056 E_h^2, pmove=0.32
2026-06-02 20:16:49,390 - Step 03460: -10.6863 E_h, exp. variance=0.0052 E_h^2, pmove=0.33
2026-06-02 20:16:50,050 - Step 03461: -10.7107 E_h, exp. variance=0.0050 E_h^2, pmove=0.33
2026-06-02 20:16:50,709 - Step 03462: -10.6691 E_h, exp. variance=0.0045 E_h^2, pmove=0.33
2026-06-02 20:16:51,369 - Step 03463: -10.7313 E_h, exp. variance=0.0045 E_h^2, pmove=0.33
2026-06-02 20:16:52,029 - Step 03464: -10.6336 E_h, exp. variance=0.0042 E_h^2, pmove=0.32
2026-06-02 20:16:52,690 - Step 03465: -10.5728 E_h, exp. variance=0.0045 E_h^2, pmove=0.32
2026-06-02 20:16:53,350 - Step 03466: -10.5981 E_h, exp. variance=0.0043 E_h^2, pmove=0.32
2026-06-02 20:16:54,011 - Step 03467: -10.6680 E_h, exp. variance=0.0039 E_h^2, pmove=0.32
2026-06-02 20:16:54,673 - Step 03468: -10.7109 E_h, exp. variance=0.0038 E_h^2, pmove=0.32
2026-06-02 20:16:55,333 - Step 03469: -10.4915 E_h, exp. variance=0.0059 E_h^2, pmove=0.32
2026-06-02 20:16:55,994 - Step 03470: -10.6317 E_h, exp. variance=0.0053 E_h^2, pmove=0.32
2026-06-02 20:16:56,655 - Step 03471: -10.6268 E_h, exp. variance=0.0048 E_h^2, pmove=0.32
2026-06-02 20:16:57,318 - Step 03472: -10.1400 E_h, exp. variance=0.0266 E_h^2, pmove=0.32
2026-06-02 20:16:57,980 - Step 03473: -10.6638 E_h, exp. variance=0.0245 E_h^2, pmove=0.32
2026-06-02 20:16:58,644 - Step 03474: -10.7073 E_h, exp. variance=0.0232 E_h^2, pmove=0.32
2026-06-02 20:16:59,305 - Step 03475: -10.4756 E_h, exp. variance=0.0224 E_h^2, pmove=0.32
2026-06-02 20:16:59,968 - Step 03476: -10.6388 E_h, exp. variance=0.0203 E_h^2, pmove=0.32
2026-06-02 20:17:00,632 - Step 03477: -10.6679 E_h, exp. variance=0.0187 E_h^2, pmove=0.32
2026-06-02 20:17:01,296 - Step 03478: -10.6121 E_h, exp. variance=0.0169 E_h^2, pmove=0.32
2026-06-02 20:17:01,958 - Step 03479: -7.6798 E_h, exp. variance=0.7857 E_h^2, pmove=0.32
2026-06-02 20:17:02,620 - Step 03480: -10.4935 E_h, exp. variance=0.7101 E_h^2, pmove=0.32
2026-06-02 20:17:03,281 - Step 03481: -10.2811 E_h, exp. variance=0.6393 E_h^2, pmove=0.32
2026-06-02 20:17:03,944 - Step 03482: -10.6300 E_h, exp. variance=0.5837 E_h^2, pmove=0.32
2026-06-02 20:17:04,607 - Step 03483: -10.7128 E_h, exp. variance=0.5367 E_h^2, pmove=0.33
2026-06-02 20:17:05,268 - Step 03484: -10.7176 E_h, exp. variance=0.4926 E_h^2, pmove=0.32
2026-06-02 20:17:05,931 - Step 03485: -10.6242 E_h, exp. variance=0.4469 E_h^2, pmove=0.32
2026-06-02 20:17:06,593 - Step 03486: -10.7026 E_h, exp. variance=0.4082 E_h^2, pmove=0.32
2026-06-02 20:17:07,255 - Step 03487: -10.6568 E_h, exp. variance=0.3705 E_h^2, pmove=0.32
2026-06-02 20:17:07,917 - Step 03488: -9.4820 E_h, exp. variance=0.4247 E_h^2, pmove=0.33
2026-06-02 20:17:08,578 - Step 03489: 206.7433 E_h, exp. variance=4243.5366 E_h^2, pmove=0.33
2026-06-02 20:17:09,243 - Step 03490: -10.6381 E_h, exp. variance=3862.5955 E_h^2, pmove=0.32
2026-06-02 20:17:09,905 - Step 03491: -10.6811 E_h, exp. variance=3511.6538 E_h^2, pmove=0.32
2026-06-02 20:17:10,567 - Step 03492: -10.6355 E_h, exp. variance=3188.9495 E_h^2, pmove=0.32
2026-06-02 20:17:11,228 - Step 03493: -10.7177 E_h, exp. variance=2893.3455 E_h^2, pmove=0.32
2026-06-02 20:17:11,890 - Step 03494: -10.6969 E_h, exp. variance=2622.8223 E_h^2, pmove=0.32
2026-06-02 20:17:12,567 - Step 03495: -10.6138 E_h, exp. variance=2375.5833 E_h^2, pmove=0.32
2026-06-02 20:17:13,228 - Step 03496: 5080.1353 E_h, exp. variance=2323903.2500 E_h^2, pmove=0.32
2026-06-02 20:17:13,889 - Step 03497: -6.4179 E_h, exp. variance=2115415.7500 E_h^2, pmove=0.32
2026-06-02 20:17:14,548 - Step 03498: -10.5076 E_h, exp. variance=1923578.2500 E_h^2, pmove=0.32
2026-06-02 20:17:15,210 - Step 03499: -10.6365 E_h, exp. variance=1747190.5000 E_h^2, pmove=0.32
2026-06-02 20:17:15,870 - Step 03500: -10.4314 E_h, exp. variance=1585393.2500 E_h^2, pmove=0.32
2026-06-02 20:17:16,530 - Step 03501: 46.0451 E_h, exp. variance=1434140.8750 E_h^2, pmove=0.32
2026-06-02 20:17:17,189 - Step 03502: -10.2912 E_h, exp. variance=1299511.7500 E_h^2, pmove=0.32
2026-06-02 20:17:17,851 - Step 03503: -10.5717 E_h, exp. variance=1176690.6250 E_h^2, pmove=0.32
2026-06-02 20:17:18,512 - Step 03504: -10.6276 E_h, exp. variance=1064799.3750 E_h^2, pmove=0.33
2026-06-02 20:17:19,172 - Step 03505: -10.1211 E_h, exp. variance=962978.6875 E_h^2, pmove=0.33
2026-06-02 20:17:19,832 - Step 03506: 23.8892 E_h, exp. variance=869305.3750 E_h^2, pmove=0.32
2026-06-02 20:17:20,495 - Step 03507: -10.6868 E_h, exp. variance=785564.8125 E_h^2, pmove=0.31
2026-06-02 20:17:21,161 - Step 03508: -10.6181 E_h, exp. variance=709590.1250 E_h^2, pmove=0.32
2026-06-02 20:17:21,821 - Step 03509: -10.5889 E_h, exp. variance=640721.5625 E_h^2, pmove=0.32
2026-06-02 20:17:22,482 - Step 03510: -10.5732 E_h, exp. variance=578342.3125 E_h^2, pmove=0.32
2026-06-02 20:17:23,145 - Step 03511: -10.5806 E_h, exp. variance=521879.4375 E_h^2, pmove=0.32
2026-06-02 20:17:23,809 - Step 03512: -10.6047 E_h, exp. variance=470802.8125 E_h^2, pmove=0.32
2026-06-02 20:17:24,472 - Step 03513: -10.6113 E_h, exp. variance=424622.8125 E_h^2, pmove=0.32
2026-06-02 20:17:25,134 - Step 03514: -10.7224 E_h, exp. variance=382891.5312 E_h^2, pmove=0.32
2026-06-02 20:17:25,796 - Step 03515: -10.6538 E_h, exp. variance=345193.5000 E_h^2, pmove=0.32
2026-06-02 20:17:26,458 - Step 03516: -7.8186 E_h, exp. variance=311116.4688 E_h^2, pmove=0.32
2026-06-02 20:17:27,118 - Step 03517: -10.6450 E_h, exp. variance=280395.9062 E_h^2, pmove=0.32
2026-06-02 20:17:27,779 - Step 03518: -10.5837 E_h, exp. variance=252672.4375 E_h^2, pmove=0.32
2026-06-02 20:17:28,439 - Step 03519: -10.6240 E_h, exp. variance=227661.6406 E_h^2, pmove=0.32
2026-06-02 20:17:29,101 - Step 03520: -10.7292 E_h, exp. variance=205104.1094 E_h^2, pmove=0.32
2026-06-02 20:17:29,761 - Step 03521: -10.2930 E_h, exp. variance=184759.3125 E_h^2, pmove=0.32
2026-06-02 20:17:30,421 - Step 03522: -10.6233 E_h, exp. variance=166419.8281 E_h^2, pmove=0.32
2026-06-02 20:17:31,081 - Step 03523: -10.4046 E_h, exp. variance=149887.0000 E_h^2, pmove=0.32
2026-06-02 20:17:31,741 - Step 03524: -10.6292 E_h, exp. variance=134987.9844 E_h^2, pmove=0.32
2026-06-02 20:17:32,405 - Step 03525: -10.6857 E_h, exp. variance=121562.1094 E_h^2, pmove=0.32
2026-06-02 20:17:33,067 - Step 03526: -10.5027 E_h, exp. variance=109464.1250 E_h^2, pmove=0.32
2026-06-02 20:17:33,728 - Step 03527: -10.5365 E_h, exp. variance=98565.0156 E_h^2, pmove=0.32
2026-06-02 20:17:34,389 - Step 03528: -10.6299 E_h, exp. variance=88747.1797 E_h^2, pmove=0.32
2026-06-02 20:17:35,055 - Step 03529: -10.7191 E_h, exp. variance=79904.0781 E_h^2, pmove=0.32
2026-06-02 20:17:35,716 - Step 03530: -10.6606 E_h, exp. variance=71939.1094 E_h^2, pmove=0.32
2026-06-02 20:17:36,377 - Step 03531: -10.6164 E_h, exp. variance=64765.6797 E_h^2, pmove=0.32
2026-06-02 20:17:37,039 - Step 03532: -10.6052 E_h, exp. variance=58305.6758 E_h^2, pmove=0.32
2026-06-02 20:17:37,703 - Step 03533: -10.5974 E_h, exp. variance=52488.5039 E_h^2, pmove=0.32
2026-06-02 20:17:38,365 - Step 03534: -10.6500 E_h, exp. variance=47250.6094 E_h^2, pmove=0.33
2026-06-02 20:17:39,027 - Step 03535: -10.5926 E_h, exp. variance=42534.3242 E_h^2, pmove=0.31
2026-06-02 20:17:39,689 - Step 03536: -10.0103 E_h, exp. variance=38287.0977 E_h^2, pmove=0.32
2026-06-02 20:17:40,354 - Step 03537: -10.6746 E_h, exp. variance=34464.3477 E_h^2, pmove=0.32
2026-06-02 20:17:41,017 - Step 03538: -10.6467 E_h, exp. variance=31022.7031 E_h^2, pmove=0.32
2026-06-02 20:17:41,678 - Step 03539: -10.6982 E_h, exp. variance=27924.3730 E_h^2, pmove=0.32
2026-06-02 20:17:42,340 - Step 03540: -10.7396 E_h, exp. variance=25135.1738 E_h^2, pmove=0.32
2026-06-02 20:17:43,001 - Step 03541: -10.6011 E_h, exp. variance=22624.1445 E_h^2, pmove=0.32
2026-06-02 20:17:43,666 - Step 03542: -10.6452 E_h, exp. variance=20363.7852 E_h^2, pmove=0.32
2026-06-02 20:17:44,327 - Step 03543: -10.6071 E_h, exp. variance=18329.0410 E_h^2, pmove=0.32
2026-06-02 20:17:44,989 - Step 03544: -10.7215 E_h, exp. variance=16497.5410 E_h^2, pmove=0.32
2026-06-02 20:17:45,650 - Step 03545: -10.7261 E_h, exp. variance=14848.9277 E_h^2, pmove=0.32
2026-06-02 20:17:46,314 - Step 03546: -10.7165 E_h, exp. variance=13364.9531 E_h^2, pmove=0.32
2026-06-02 20:17:46,976 - Step 03547: -10.6865 E_h, exp. variance=12029.1865 E_h^2, pmove=0.32
2026-06-02 20:17:47,636 - Step 03548: -10.5689 E_h, exp. variance=10826.8047 E_h^2, pmove=0.32
2026-06-02 20:17:48,297 - Step 03549: -10.6574 E_h, exp. variance=9744.5938 E_h^2, pmove=0.32
2026-06-02 20:17:48,961 - Step 03550: -10.7499 E_h, exp. variance=8770.5508 E_h^2, pmove=0.32
2026-06-02 20:17:49,621 - Step 03551: -10.6593 E_h, exp. variance=7893.8022 E_h^2, pmove=0.32
2026-06-02 20:17:50,282 - Step 03552: -10.6354 E_h, exp. variance=7104.6626 E_h^2, pmove=0.32
2026-06-02 20:17:50,942 - Step 03553: -10.6204 E_h, exp. variance=6394.3872 E_h^2, pmove=0.32
2026-06-02 20:17:51,603 - Step 03554: -10.6961 E_h, exp. variance=5755.1216 E_h^2, pmove=0.32
2026-06-02 20:17:52,266 - Step 03555: -10.6946 E_h, exp. variance=5179.7495 E_h^2, pmove=0.32
2026-06-02 20:17:52,927 - Step 03556: -10.7232 E_h, exp. variance=4661.8940 E_h^2, pmove=0.32
2026-06-02 20:17:53,588 - Step 03557: -10.6660 E_h, exp. variance=4195.7905 E_h^2, pmove=0.33
2026-06-02 20:17:54,250 - Step 03558: -10.6815 E_h, exp. variance=3776.2839 E_h^2, pmove=0.32
2026-06-02 20:17:54,913 - Step 03559: -10.8012 E_h, exp. variance=3398.7329 E_h^2, pmove=0.32
2026-06-02 20:17:55,575 - Step 03560: -10.7212 E_h, exp. variance=3058.9106 E_h^2, pmove=0.32
2026-06-02 20:17:56,236 - Step 03561: -10.7377 E_h, exp. variance=2753.0630 E_h^2, pmove=0.32
2026-06-02 20:17:56,898 - Step 03562: -10.6649 E_h, exp. variance=2477.7842 E_h^2, pmove=0.32
2026-06-02 20:17:57,559 - Step 03563: -10.6119 E_h, exp. variance=2230.0234 E_h^2, pmove=0.32
2026-06-02 20:17:58,221 - Step 03564: -10.7022 E_h, exp. variance=2007.0426 E_h^2, pmove=0.31
2026-06-02 20:17:58,882 - Step 03565: -10.7091 E_h, exp. variance=1806.3564 E_h^2, pmove=0.32
2026-06-02 20:17:59,545 - Step 03566: -10.7800 E_h, exp. variance=1625.7410 E_h^2, pmove=0.32
2026-06-02 20:18:00,208 - Step 03567: -10.7301 E_h, exp. variance=1463.1796 E_h^2, pmove=0.32
2026-06-02 20:18:00,875 - Step 03568: -10.7313 E_h, exp. variance=1316.8721 E_h^2, pmove=0.32
2026-06-02 20:18:01,536 - Step 03569: -10.7356 E_h, exp. variance=1185.1935 E_h^2, pmove=0.32
2026-06-02 20:18:02,197 - Step 03570: -10.7723 E_h, exp. variance=1066.6831 E_h^2, pmove=0.32
2026-06-02 20:18:02,858 - Step 03571: -10.7295 E_h, exp. variance=960.0200 E_h^2, pmove=0.32
2026-06-02 20:18:03,519 - Step 03572: -10.6335 E_h, exp. variance=864.0193 E_h^2, pmove=0.32
2026-06-02 20:18:04,179 - Step 03573: -10.6684 E_h, exp. variance=777.6192 E_h^2, pmove=0.33
2026-06-02 20:18:04,840 - Step 03574: -10.7850 E_h, exp. variance=699.8627 E_h^2, pmove=0.32
2026-06-02 20:18:05,500 - Step 03575: -10.7742 E_h, exp. variance=629.8804 E_h^2, pmove=0.32
2026-06-02 20:18:06,161 - Step 03576: -10.7670 E_h, exp. variance=566.8954 E_h^2, pmove=0.32
2026-06-02 20:18:06,821 - Step 03577: -10.7441 E_h, exp. variance=510.2076 E_h^2, pmove=0.33
2026-06-02 20:18:07,483 - Step 03578: -10.7807 E_h, exp. variance=459.1893 E_h^2, pmove=0.32
2026-06-02 20:18:08,143 - Step 03579: -10.7346 E_h, exp. variance=413.2713 E_h^2, pmove=0.32
2026-06-02 20:18:08,804 - Step 03580: -10.7282 E_h, exp. variance=371.9448 E_h^2, pmove=0.32
2026-06-02 20:18:09,466 - Step 03581: -10.8082 E_h, exp. variance=334.7525 E_h^2, pmove=0.32
2026-06-02 20:18:10,128 - Step 03582: -10.7667 E_h, exp. variance=301.2781 E_h^2, pmove=0.32
2026-06-02 20:18:10,789 - Step 03583: -10.7773 E_h, exp. variance=271.1512 E_h^2, pmove=0.32
2026-06-02 20:18:11,450 - Step 03584: -10.7384 E_h, exp. variance=244.0363 E_h^2, pmove=0.32
2026-06-02 20:18:12,115 - Step 03585: -10.7266 E_h, exp. variance=219.6328 E_h^2, pmove=0.33
2026-06-02 20:18:12,778 - Step 03586: -10.7118 E_h, exp. variance=197.6695 E_h^2, pmove=0.32
2026-06-02 20:18:13,441 - Step 03587: -10.7265 E_h, exp. variance=177.9027 E_h^2, pmove=0.32
2026-06-02 20:18:14,103 - Step 03588: -10.7657 E_h, exp. variance=160.1128 E_h^2, pmove=0.32
2026-06-02 20:18:14,767 - Step 03589: -10.7247 E_h, exp. variance=144.1015 E_h^2, pmove=0.33
2026-06-02 20:18:15,428 - Step 03590: -10.7335 E_h, exp. variance=129.6914 E_h^2, pmove=0.32
2026-06-02 20:18:16,091 - Step 03591: -10.8456 E_h, exp. variance=116.7239 E_h^2, pmove=0.33
2026-06-02 20:18:16,753 - Step 03592: -10.7654 E_h, exp. variance=105.0517 E_h^2, pmove=0.32
2026-06-02 20:18:17,417 - Step 03593: -10.8404 E_h, exp. variance=94.5476 E_h^2, pmove=0.32
2026-06-02 20:18:18,080 - Step 03594: -10.7040 E_h, exp. variance=85.0930 E_h^2, pmove=0.32
2026-06-02 20:18:18,742 - Step 03595: -10.6847 E_h, exp. variance=76.5839 E_h^2, pmove=0.33
2026-06-02 20:18:19,404 - Step 03596: -10.7398 E_h, exp. variance=68.9255 E_h^2, pmove=0.33
2026-06-02 20:18:20,066 - Step 03597: -10.7702 E_h, exp. variance=62.0331 E_h^2, pmove=0.33
2026-06-02 20:18:20,728 - Step 03598: -10.9146 E_h, exp. variance=55.8327 E_h^2, pmove=0.32
2026-06-02 20:18:21,389 - Step 03599: -10.8255 E_h, exp. variance=50.2499 E_h^2, pmove=0.32
2026-06-02 20:18:22,050 - Step 03600: -10.6500 E_h, exp. variance=45.2260 E_h^2, pmove=0.32
2026-06-02 20:18:22,713 - Step 03601: -10.4848 E_h, exp. variance=40.7097 E_h^2, pmove=0.32
2026-06-02 20:18:23,377 - Step 03602: -10.7160 E_h, exp. variance=36.6387 E_h^2, pmove=0.32
2026-06-02 20:18:24,049 - Step 03603: -10.6878 E_h, exp. variance=32.9750 E_h^2, pmove=0.33
2026-06-02 20:18:24,709 - Step 03604: -10.7306 E_h, exp. variance=29.6775 E_h^2, pmove=0.33
2026-06-02 20:18:25,369 - Step 03605: -10.7937 E_h, exp. variance=26.7102 E_h^2, pmove=0.33
2026-06-02 20:18:26,031 - Step 03606: -10.7744 E_h, exp. variance=24.0394 E_h^2, pmove=0.33
2026-06-02 20:18:26,692 - Step 03607: -10.8110 E_h, exp. variance=21.6360 E_h^2, pmove=0.32
2026-06-02 20:18:27,353 - Step 03608: -10.7744 E_h, exp. variance=19.4725 E_h^2, pmove=0.32
2026-06-02 20:18:28,012 - Step 03609: -10.7849 E_h, exp. variance=17.5254 E_h^2, pmove=0.32
2026-06-02 20:18:28,676 - Step 03610: -10.8233 E_h, exp. variance=15.7734 E_h^2, pmove=0.32
2026-06-02 20:18:29,337 - Step 03611: -10.7913 E_h, exp. variance=14.1962 E_h^2, pmove=0.32
2026-06-02 20:18:29,998 - Step 03612: -10.7925 E_h, exp. variance=12.7767 E_h^2, pmove=0.32
2026-06-02 20:18:30,659 - Step 03613: -10.7355 E_h, exp. variance=11.4991 E_h^2, pmove=0.32
2026-06-02 20:18:31,319 - Step 03614: -10.8065 E_h, exp. variance=10.3493 E_h^2, pmove=0.33
2026-06-02 20:18:31,982 - Step 03615: -7.3843 E_h, exp. variance=10.3426 E_h^2, pmove=0.33
2026-06-02 20:18:32,643 - Step 03616: -10.7768 E_h, exp. variance=9.3194 E_h^2, pmove=0.32
2026-06-02 20:18:33,304 - Step 03617: -10.7408 E_h, exp. variance=8.3944 E_h^2, pmove=0.32
2026-06-02 20:18:33,965 - Step 03618: -10.7424 E_h, exp. variance=7.5608 E_h^2, pmove=0.32
2026-06-02 20:18:34,629 - Step 03619: -10.7553 E_h, exp. variance=6.8099 E_h^2, pmove=0.32
2026-06-02 20:18:35,293 - Step 03620: -10.7457 E_h, exp. variance=6.1328 E_h^2, pmove=0.32
2026-06-02 20:18:35,955 - Step 03621: -10.8750 E_h, exp. variance=5.5285 E_h^2, pmove=0.32
2026-06-02 20:18:36,616 - Step 03622: -10.7774 E_h, exp. variance=4.9788 E_h^2, pmove=0.32
2026-06-02 20:18:37,279 - Step 03623: -10.8251 E_h, exp. variance=4.4851 E_h^2, pmove=0.33
2026-06-02 20:18:37,940 - Step 03624: -10.7471 E_h, exp. variance=4.0378 E_h^2, pmove=0.32
2026-06-02 20:18:38,599 - Step 03625: -10.7073 E_h, exp. variance=3.6344 E_h^2, pmove=0.32
2026-06-02 20:18:39,260 - Step 03626: -10.8258 E_h, exp. variance=3.2737 E_h^2, pmove=0.33
2026-06-02 20:18:39,922 - Step 03627: -10.7869 E_h, exp. variance=2.9477 E_h^2, pmove=0.33
2026-06-02 20:18:40,585 - Step 03628: -10.7455 E_h, exp. variance=2.6533 E_h^2, pmove=0.32
2026-06-02 20:18:41,245 - Step 03629: -10.7321 E_h, exp. variance=2.3882 E_h^2, pmove=0.33
2026-06-02 20:18:41,907 - Step 03630: -10.8120 E_h, exp. variance=2.1507 E_h^2, pmove=0.32
2026-06-02 20:18:42,568 - Step 03631: -10.8066 E_h, exp. variance=1.9366 E_h^2, pmove=0.33
2026-06-02 20:18:43,231 - Step 03632: -10.8507 E_h, exp. variance=1.7446 E_h^2, pmove=0.32
2026-06-02 20:18:43,891 - Step 03633: -10.7677 E_h, exp. variance=1.5703 E_h^2, pmove=0.32
2026-06-02 20:18:44,551 - Step 03634: -10.8761 E_h, exp. variance=1.4152 E_h^2, pmove=0.32
2026-06-02 20:18:45,212 - Step 03635: -10.8801 E_h, exp. variance=1.2753 E_h^2, pmove=0.33
2026-06-02 20:18:45,875 - Step 03636: -10.8025 E_h, exp. variance=1.1480 E_h^2, pmove=0.33
2026-06-02 20:18:46,535 - Step 03637: -10.7810 E_h, exp. variance=1.0332 E_h^2, pmove=0.32
2026-06-02 20:18:47,195 - Step 03638: -10.8118 E_h, exp. variance=0.9301 E_h^2, pmove=0.33
2026-06-02 20:18:47,857 - Step 03639: -10.7946 E_h, exp. variance=0.8371 E_h^2, pmove=0.32
2026-06-02 20:18:48,520 - Step 03640: -10.7658 E_h, exp. variance=0.7534 E_h^2, pmove=0.33
2026-06-02 20:18:49,180 - Step 03641: -10.8983 E_h, exp. variance=0.6795 E_h^2, pmove=0.32
2026-06-02 20:18:49,840 - Step 03642: -10.8765 E_h, exp. variance=0.6123 E_h^2, pmove=0.33
2026-06-02 20:18:50,500 - Step 03643: -10.7836 E_h, exp. variance=0.5511 E_h^2, pmove=0.33
2026-06-02 20:18:51,160 - Step 03644: -10.8491 E_h, exp. variance=0.4963 E_h^2, pmove=0.33
2026-06-02 20:18:51,823 - Step 03645: -10.8106 E_h, exp. variance=0.4467 E_h^2, pmove=0.32
2026-06-02 20:18:52,484 - Step 03646: -10.7366 E_h, exp. variance=0.4024 E_h^2, pmove=0.32
2026-06-02 20:18:53,145 - Step 03647: -10.8061 E_h, exp. variance=0.3621 E_h^2, pmove=0.32
2026-06-02 20:18:53,806 - Step 03648: -10.8743 E_h, exp. variance=0.3265 E_h^2, pmove=0.32
2026-06-02 20:18:54,470 - Step 03649: -10.8248 E_h, exp. variance=0.2939 E_h^2, pmove=0.32
2026-06-02 20:18:55,130 - Step 03650: -10.7578 E_h, exp. variance=0.2647 E_h^2, pmove=0.32
2026-06-02 20:18:55,790 - Step 03651: -10.8071 E_h, exp. variance=0.2382 E_h^2, pmove=0.33
2026-06-02 20:18:56,451 - Step 03652: -10.7485 E_h, exp. variance=0.2147 E_h^2, pmove=0.32
2026-06-02 20:18:57,114 - Step 03653: -9.9776 E_h, exp. variance=0.2534 E_h^2, pmove=0.32
2026-06-02 20:18:57,775 - Step 03654: -10.3504 E_h, exp. variance=0.2399 E_h^2, pmove=0.33
2026-06-02 20:18:58,436 - Step 03655: -10.8504 E_h, exp. variance=0.2186 E_h^2, pmove=0.33
2026-06-02 20:18:59,096 - Step 03656: -10.7793 E_h, exp. variance=0.1974 E_h^2, pmove=0.32
2026-06-02 20:18:59,757 - Step 03657: -10.8719 E_h, exp. variance=0.1802 E_h^2, pmove=0.32
2026-06-02 20:19:00,422 - Step 03658: -10.8393 E_h, exp. variance=0.1635 E_h^2, pmove=0.32
2026-06-02 20:19:01,082 - Step 03659: -10.8415 E_h, exp. variance=0.1482 E_h^2, pmove=0.33
2026-06-02 20:19:01,742 - Step 03660: -10.7660 E_h, exp. variance=0.1334 E_h^2, pmove=0.33
2026-06-02 20:19:02,404 - Step 03661: -10.7261 E_h, exp. variance=0.1201 E_h^2, pmove=0.32
2026-06-02 20:19:03,068 - Step 03662: -10.8098 E_h, exp. variance=0.1085 E_h^2, pmove=0.32
2026-06-02 20:19:03,728 - Step 03663: -10.8709 E_h, exp. variance=0.0990 E_h^2, pmove=0.32
2026-06-02 20:19:04,389 - Step 03664: -10.7466 E_h, exp. variance=0.0891 E_h^2, pmove=0.33
2026-06-02 20:19:05,049 - Step 03665: -10.8266 E_h, exp. variance=0.0806 E_h^2, pmove=0.32
2026-06-02 20:19:05,713 - Step 03666: -10.8259 E_h, exp. variance=0.0728 E_h^2, pmove=0.32
2026-06-02 20:19:06,374 - Step 03667: -10.8378 E_h, exp. variance=0.0659 E_h^2, pmove=0.32
2026-06-02 20:19:07,035 - Step 03668: -10.8444 E_h, exp. variance=0.0597 E_h^2, pmove=0.32
2026-06-02 20:19:07,696 - Step 03669: -10.9010 E_h, exp. variance=0.0549 E_h^2, pmove=0.32
2026-06-02 20:19:08,358 - Step 03670: -10.8180 E_h, exp. variance=0.0495 E_h^2, pmove=0.32
2026-06-02 20:19:09,020 - Step 03671: -10.8065 E_h, exp. variance=0.0445 E_h^2, pmove=0.33
2026-06-02 20:19:09,680 - Step 03672: -10.8063 E_h, exp. variance=0.0401 E_h^2, pmove=0.33
2026-06-02 20:19:10,340 - Step 03673: -10.8666 E_h, exp. variance=0.0365 E_h^2, pmove=0.32
2026-06-02 20:19:11,001 - Step 03674: -10.8452 E_h, exp. variance=0.0330 E_h^2, pmove=0.32
2026-06-02 20:19:11,665 - Step 03675: -10.7563 E_h, exp. variance=0.0299 E_h^2, pmove=0.33
2026-06-02 20:19:12,328 - Step 03676: -10.7000 E_h, exp. variance=0.0279 E_h^2, pmove=0.32
2026-06-02 20:19:12,988 - Step 03677: -10.8086 E_h, exp. variance=0.0252 E_h^2, pmove=0.32
2026-06-02 20:19:13,649 - Step 03678: -10.8443 E_h, exp. variance=0.0229 E_h^2, pmove=0.32
2026-06-02 20:19:14,309 - Step 03679: -10.9197 E_h, exp. variance=0.0218 E_h^2, pmove=0.32
2026-06-02 20:19:14,969 - Step 03680: -10.8858 E_h, exp. variance=0.0201 E_h^2, pmove=0.32
2026-06-02 20:19:15,629 - Step 03681: -10.7158 E_h, exp. variance=0.0191 E_h^2, pmove=0.33
2026-06-02 20:19:16,289 - Step 03682: -10.8535 E_h, exp. variance=0.0174 E_h^2, pmove=0.33
2026-06-02 20:19:16,951 - Step 03683: -10.9076 E_h, exp. variance=0.0164 E_h^2, pmove=0.32
2026-06-02 20:19:16,951 - Saving checkpoint results/bilayer-bosons/BosonNet/N24_layers12_12_rs3.0_d2.0_D20.0_sq/qmcjax_ckpt_003683.npz
2026-06-02 20:19:17,646 - Step 03684: -10.8166 E_h, exp. variance=0.0148 E_h^2, pmove=0.33
2026-06-02 20:19:18,307 - Step 03685: -10.8119 E_h, exp. variance=0.0133 E_h^2, pmove=0.32
2026-06-02 20:19:18,970 - Step 03686: -10.4094 E_h, exp. variance=0.0273 E_h^2, pmove=0.32
2026-06-02 20:19:19,630 - Step 03687: -9.1612 E_h, exp. variance=0.2606 E_h^2, pmove=0.33
2026-06-02 20:19:20,292 - Step 03688: -10.7274 E_h, exp. variance=0.2356 E_h^2, pmove=0.33
2026-06-02 20:19:20,955 - Step 03689: -10.8549 E_h, exp. variance=0.2166 E_h^2, pmove=0.33
2026-06-02 20:19:21,616 - Step 03690: -10.7536 E_h, exp. variance=0.1959 E_h^2, pmove=0.33
2026-06-02 20:19:22,278 - Step 03691: -10.7650 E_h, exp. variance=0.1772 E_h^2, pmove=0.32
2026-06-02 20:19:22,940 - Step 03692: -10.7727 E_h, exp. variance=0.1604 E_h^2, pmove=0.33
2026-06-02 20:19:23,602 - Step 03693: -10.7167 E_h, exp. variance=0.1445 E_h^2, pmove=0.32
2026-06-02 20:19:24,263 - Step 03694: -9.5669 E_h, exp. variance=0.2427 E_h^2, pmove=0.32
2026-06-02 20:19:24,925 - Step 03695: -10.7019 E_h, exp. variance=0.2199 E_h^2, pmove=0.32
2026-06-02 20:19:25,586 - Step 03696: -10.7951 E_h, exp. variance=0.2018 E_h^2, pmove=0.32
2026-06-02 20:19:26,248 - Step 03697: -10.8219 E_h, exp. variance=0.1858 E_h^2, pmove=0.32
2026-06-02 20:19:26,908 - Step 03698: -10.8752 E_h, exp. variance=0.1727 E_h^2, pmove=0.33
2026-06-02 20:19:27,569 - Step 03699: -10.8423 E_h, exp. variance=0.1586 E_h^2, pmove=0.33
2026-06-02 20:19:28,232 - Step 03700: -10.9756 E_h, exp. variance=0.1510 E_h^2, pmove=0.32
2026-06-02 20:19:28,893 - Step 03701: -10.8677 E_h, exp. variance=0.1383 E_h^2, pmove=0.32
2026-06-02 20:19:29,555 - Step 03702: -10.8207 E_h, exp. variance=0.1254 E_h^2, pmove=0.32
2026-06-02 20:19:30,217 - Step 03703: -10.8605 E_h, exp. variance=0.1144 E_h^2, pmove=0.32
2026-06-02 20:19:30,877 - Step 03704: -10.8433 E_h, exp. variance=0.1039 E_h^2, pmove=0.32
2026-06-02 20:19:31,537 - Step 03705: -10.8591 E_h, exp. variance=0.0945 E_h^2, pmove=0.32
2026-06-02 20:19:32,199 - Step 03706: -10.8966 E_h, exp. variance=0.0867 E_h^2, pmove=0.33
2026-06-02 20:19:32,862 - Step 03707: -10.8598 E_h, exp. variance=0.0786 E_h^2, pmove=0.32
2026-06-02 20:19:33,524 - Step 03708: -10.8268 E_h, exp. variance=0.0709 E_h^2, pmove=0.32
2026-06-02 20:19:34,189 - Step 03709: -10.5319 E_h, exp. variance=0.0698 E_h^2, pmove=0.33
2026-06-02 20:19:34,852 - Step 03710: -10.7116 E_h, exp. variance=0.0631 E_h^2, pmove=0.32
2026-06-02 20:19:35,527 - Step 03711: -10.7602 E_h, exp. variance=0.0567 E_h^2, pmove=0.33
2026-06-02 20:19:36,188 - Step 03712: -10.5900 E_h, exp. variance=0.0536 E_h^2, pmove=0.32
2026-06-02 20:19:36,851 - Step 03713: -10.8557 E_h, exp. variance=0.0494 E_h^2, pmove=0.32
2026-06-02 20:19:37,511 - Step 03714: -10.9196 E_h, exp. variance=0.0470 E_h^2, pmove=0.32
2026-06-02 20:19:38,170 - Step 03715: -10.8789 E_h, exp. variance=0.0434 E_h^2, pmove=0.32
2026-06-02 20:19:38,830 - Step 03716: -10.8569 E_h, exp. variance=0.0396 E_h^2, pmove=0.32
2026-06-02 20:19:39,495 - Step 03717: -10.9199 E_h, exp. variance=0.0372 E_h^2, pmove=0.33
2026-06-02 20:19:40,155 - Step 03718: -10.9358 E_h, exp. variance=0.0351 E_h^2, pmove=0.32
2026-06-02 20:19:40,816 - Step 03719: -10.9361 E_h, exp. variance=0.0329 E_h^2, pmove=0.33
2026-06-02 20:19:42,344 - Step 03720: -10.9178 E_h, exp. variance=0.0303 E_h^2, pmove=0.32
2026-06-02 20:19:43,005 - Step 03721: -10.8833 E_h, exp. variance=0.0275 E_h^2, pmove=0.32
2026-06-02 20:19:43,667 - Step 03722: -10.7805 E_h, exp. variance=0.0251 E_h^2, pmove=0.32
2026-06-02 20:19:44,327 - Step 03723: -10.8381 E_h, exp. variance=0.0226 E_h^2, pmove=0.32
2026-06-02 20:19:44,992 - Step 03724: -10.8245 E_h, exp. variance=0.0203 E_h^2, pmove=0.32
2026-06-02 20:19:45,656 - Step 03725: -10.8332 E_h, exp. variance=0.0183 E_h^2, pmove=0.32
2026-06-02 20:19:46,316 - Step 03726: -10.8531 E_h, exp. variance=0.0165 E_h^2, pmove=0.33
2026-06-02 20:19:46,977 - Step 03727: -10.7843 E_h, exp. variance=0.0151 E_h^2, pmove=0.32
2026-06-02 20:19:47,640 - Step 03728: -10.9405 E_h, exp. variance=0.0147 E_h^2, pmove=0.33
2026-06-02 20:19:48,301 - Step 03729: -10.7636 E_h, exp. variance=0.0137 E_h^2, pmove=0.32
2026-06-02 20:19:48,961 - Step 03730: -10.7050 E_h, exp. variance=0.0139 E_h^2, pmove=0.32
2026-06-02 20:19:49,619 - Step 03731: -10.8437 E_h, exp. variance=0.0125 E_h^2, pmove=0.32
2026-06-02 20:19:50,282 - Step 03732: -10.7136 E_h, exp. variance=0.0124 E_h^2, pmove=0.33
2026-06-02 20:19:50,942 - Step 03733: -10.8744 E_h, exp. variance=0.0115 E_h^2, pmove=0.33
2026-06-02 20:19:51,604 - Step 03734: -10.9053 E_h, exp. variance=0.0110 E_h^2, pmove=0.32
2026-06-02 20:19:52,264 - Step 03735: -10.7493 E_h, exp. variance=0.0104 E_h^2, pmove=0.32
2026-06-02 20:19:52,928 - Step 03736: -10.8408 E_h, exp. variance=0.0094 E_h^2, pmove=0.32
2026-06-02 20:19:53,589 - Step 03737: -10.8674 E_h, exp. variance=0.0087 E_h^2, pmove=0.32
2026-06-02 20:19:54,249 - Step 03738: -10.8650 E_h, exp. variance=0.0080 E_h^2, pmove=0.32
2026-06-02 20:19:54,910 - Step 03739: -10.9105 E_h, exp. variance=0.0077 E_h^2, pmove=0.32
2026-06-02 20:19:55,572 - Step 03740: -10.9122 E_h, exp. variance=0.0075 E_h^2, pmove=0.32
2026-06-02 20:19:56,233 - Step 03741: -10.9283 E_h, exp. variance=0.0073 E_h^2, pmove=0.33
2026-06-02 20:19:56,894 - Step 03742: -10.8693 E_h, exp. variance=0.0066 E_h^2, pmove=0.32
2026-06-02 20:19:57,555 - Step 03743: -10.8686 E_h, exp. variance=0.0060 E_h^2, pmove=0.32
2026-06-02 20:19:58,219 - Step 03744: -10.8346 E_h, exp. variance=0.0054 E_h^2, pmove=0.33
2026-06-02 20:19:58,879 - Step 03745: -10.9108 E_h, exp. variance=0.0052 E_h^2, pmove=0.33
2026-06-02 20:19:59,539 - Step 03746: -10.8480 E_h, exp. variance=0.0047 E_h^2, pmove=0.32
2026-06-02 20:20:00,202 - Step 03747: -10.8158 E_h, exp. variance=0.0044 E_h^2, pmove=0.32
2026-06-02 20:20:00,867 - Step 03748: -10.7845 E_h, exp. variance=0.0044 E_h^2, pmove=0.32
2026-06-02 20:20:01,528 - Step 03749: -10.8822 E_h, exp. variance=0.0040 E_h^2, pmove=0.32
2026-06-02 20:20:02,189 - Step 03750: -10.8706 E_h, exp. variance=0.0037 E_h^2, pmove=0.32
2026-06-02 20:20:02,850 - Step 03751: -10.8313 E_h, exp. variance=0.0033 E_h^2, pmove=0.33
2026-06-02 20:20:03,510 - Step 03752: -10.8520 E_h, exp. variance=0.0030 E_h^2, pmove=0.32
2026-06-02 20:20:04,174 - Step 03753: -10.8327 E_h, exp. variance=0.0027 E_h^2, pmove=0.32
2026-06-02 20:20:04,835 - Step 03754: -10.7376 E_h, exp. variance=0.0036 E_h^2, pmove=0.32
2026-06-02 20:20:05,495 - Step 03755: -10.7293 E_h, exp. variance=0.0043 E_h^2, pmove=0.32
2026-06-02 20:20:06,155 - Step 03756: -10.7926 E_h, exp. variance=0.0040 E_h^2, pmove=0.32
2026-06-02 20:20:06,818 - Step 03757: -10.9033 E_h, exp. variance=0.0041 E_h^2, pmove=0.32
2026-06-02 20:20:07,478 - Step 03758: -10.9304 E_h, exp. variance=0.0046 E_h^2, pmove=0.32
2026-06-02 20:20:08,138 - Step 03759: -10.8624 E_h, exp. variance=0.0042 E_h^2, pmove=0.32
2026-06-02 20:20:08,799 - Step 03760: -10.8577 E_h, exp. variance=0.0038 E_h^2, pmove=0.32
2026-06-02 20:20:09,462 - Step 03761: -10.8297 E_h, exp. variance=0.0034 E_h^2, pmove=0.32
2026-06-02 20:20:10,123 - Step 03762: -10.9561 E_h, exp. variance=0.0042 E_h^2, pmove=0.32
2026-06-02 20:20:10,783 - Step 03763: -10.9631 E_h, exp. variance=0.0049 E_h^2, pmove=0.32
2026-06-02 20:20:11,443 - Step 03764: -10.8778 E_h, exp. variance=0.0044 E_h^2, pmove=0.32
2026-06-02 20:20:12,107 - Step 03765: -10.8907 E_h, exp. variance=0.0040 E_h^2, pmove=0.32
2026-06-02 20:20:12,767 - Step 03766: -10.9059 E_h, exp. variance=0.0037 E_h^2, pmove=0.32
2026-06-02 20:20:13,427 - Step 03767: -10.8717 E_h, exp. variance=0.0034 E_h^2, pmove=0.33
2026-06-02 20:20:14,088 - Step 03768: -10.7105 E_h, exp. variance=0.0054 E_h^2, pmove=0.33
2026-06-02 20:20:14,750 - Step 03769: -10.7206 E_h, exp. variance=0.0065 E_h^2, pmove=0.32
2026-06-02 20:20:15,410 - Step 03770: -7.2626 E_h, exp. variance=1.1595 E_h^2, pmove=0.32
2026-06-02 20:20:16,070 - Step 03771: -10.7944 E_h, exp. variance=1.0522 E_h^2, pmove=0.32
2026-06-02 20:20:16,729 - Step 03772: -10.9779 E_h, exp. variance=0.9662 E_h^2, pmove=0.33
2026-06-02 20:20:17,391 - Step 03773: -10.8815 E_h, exp. variance=0.8788 E_h^2, pmove=0.32
2026-06-02 20:20:18,052 - Step 03774: -10.8915 E_h, exp. variance=0.7989 E_h^2, pmove=0.32
2026-06-02 20:20:18,714 - Step 03775: -2.9400 E_h, exp. variance=6.0326 E_h^2, pmove=0.32
2026-06-02 20:20:19,375 - Step 03776: -10.6536 E_h, exp. variance=5.4867 E_h^2, pmove=0.32
2026-06-02 20:20:20,039 - Step 03777: -10.7957 E_h, exp. variance=5.0046 E_h^2, pmove=0.33
2026-06-02 20:20:20,698 - Step 03778: -10.9090 E_h, exp. variance=4.5751 E_h^2, pmove=0.32
2026-06-02 20:20:21,359 - Step 03779: -10.8898 E_h, exp. variance=4.1723 E_h^2, pmove=0.33
2026-06-02 20:20:22,018 - Step 03780: -10.8583 E_h, exp. variance=3.7955 E_h^2, pmove=0.32
2026-06-02 20:20:22,679 - Step 03781: -10.8445 E_h, exp. variance=3.4472 E_h^2, pmove=0.33
2026-06-02 20:20:23,339 - Step 03782: -10.8220 E_h, exp. variance=3.1257 E_h^2, pmove=0.33
2026-06-02 20:20:24,007 - Step 03783: -10.9445 E_h, exp. variance=2.8434 E_h^2, pmove=0.32
2026-06-02 20:20:24,668 - Step 03784: -10.8966 E_h, exp. variance=2.5793 E_h^2, pmove=0.33
2026-06-02 20:20:25,327 - Step 03785: -10.8671 E_h, exp. variance=2.3355 E_h^2, pmove=0.33
2026-06-02 20:20:25,987 - Step 03786: -10.8466 E_h, exp. variance=2.1122 E_h^2, pmove=0.33
2026-06-02 20:20:26,647 - Step 03787: -10.8521 E_h, exp. variance=1.9095 E_h^2, pmove=0.33
2026-06-02 20:20:27,306 - Step 03788: -10.8940 E_h, exp. variance=1.7278 E_h^2, pmove=0.32
2026-06-02 20:20:27,966 - Step 03789: -10.8462 E_h, exp. variance=1.5602 E_h^2, pmove=0.32
2026-06-02 20:20:28,628 - Step 03790: -10.7605 E_h, exp. variance=1.4057 E_h^2, pmove=0.33
2026-06-02 20:20:29,288 - Step 03791: -10.7772 E_h, exp. variance=1.2667 E_h^2, pmove=0.33
2026-06-02 20:20:29,948 - Step 03792: -4.3372 E_h, exp. variance=4.7343 E_h^2, pmove=0.33
2026-06-02 20:20:30,610 - Step 03793: -10.9163 E_h, exp. variance=4.3324 E_h^2, pmove=0.33
2026-06-02 20:20:31,270 - Step 03794: -10.8721 E_h, exp. variance=3.9509 E_h^2, pmove=0.32
2026-06-02 20:20:31,930 - Step 03795: -10.7932 E_h, exp. variance=3.5886 E_h^2, pmove=0.32
2026-06-02 20:20:32,591 - Step 03796: -10.8760 E_h, exp. variance=3.2650 E_h^2, pmove=0.33
2026-06-02 20:20:33,251 - Step 03797: -10.8934 E_h, exp. variance=2.9688 E_h^2, pmove=0.33
2026-06-02 20:20:33,914 - Step 03798: -10.9809 E_h, exp. variance=2.7055 E_h^2, pmove=0.33
2026-06-02 20:20:34,576 - Step 03799: -11.0132 E_h, exp. variance=2.4653 E_h^2, pmove=0.32
2026-06-02 20:20:35,237 - Step 03800: -10.9220 E_h, exp. variance=2.2356 E_h^2, pmove=0.33
2026-06-02 20:20:35,897 - Step 03801: -10.9265 E_h, exp. variance=2.0260 E_h^2, pmove=0.32
2026-06-02 20:20:36,559 - Step 03802: -10.9545 E_h, exp. variance=1.8365 E_h^2, pmove=0.33
2026-06-02 20:20:37,219 - Step 03803: -10.9299 E_h, exp. variance=1.6620 E_h^2, pmove=0.33
2026-06-02 20:20:37,879 - Step 03804: -10.8169 E_h, exp. variance=1.4986 E_h^2, pmove=0.33
2026-06-02 20:20:38,539 - Step 03805: -10.8633 E_h, exp. variance=1.3524 E_h^2, pmove=0.32
2026-06-02 20:20:39,200 - Step 03806: -10.8522 E_h, exp. variance=1.2199 E_h^2, pmove=0.32
2026-06-02 20:20:39,862 - Step 03807: -10.9316 E_h, exp. variance=1.1028 E_h^2, pmove=0.32
2026-06-02 20:20:40,522 - Step 03808: -10.9158 E_h, exp. variance=0.9959 E_h^2, pmove=0.33
2026-06-02 20:20:41,184 - Step 03809: -10.5643 E_h, exp. variance=0.8991 E_h^2, pmove=0.33
2026-06-02 20:20:41,845 - Step 03810: -10.8900 E_h, exp. variance=0.8117 E_h^2, pmove=0.32
2026-06-02 20:20:42,505 - Step 03811: -10.7559 E_h, exp. variance=0.7306 E_h^2, pmove=0.33
2026-06-02 20:20:43,165 - Step 03812: -10.8568 E_h, exp. variance=0.6587 E_h^2, pmove=0.33
2026-06-02 20:20:43,826 - Step 03813: -10.8139 E_h, exp. variance=0.5932 E_h^2, pmove=0.33
2026-06-02 20:20:44,487 - Step 03814: -10.9040 E_h, exp. variance=0.5358 E_h^2, pmove=0.32
2026-06-02 20:20:45,150 - Step 03815: -10.8640 E_h, exp. variance=0.4829 E_h^2, pmove=0.33
2026-06-02 20:20:45,810 - Step 03816: -10.8697 E_h, exp. variance=0.4353 E_h^2, pmove=0.32
2026-06-02 20:20:46,472 - Step 03817: -10.8514 E_h, exp. variance=0.3921 E_h^2, pmove=0.32
2026-06-02 20:20:47,131 - Step 03818: -10.9465 E_h, exp. variance=0.3549 E_h^2, pmove=0.33
2026-06-02 20:20:47,793 - Step 03819: -10.9721 E_h, exp. variance=0.3217 E_h^2, pmove=0.32
2026-06-02 20:20:48,453 - Step 03820: -10.9742 E_h, exp. variance=0.2915 E_h^2, pmove=0.32
2026-06-02 20:20:49,115 - Step 03821: -10.9542 E_h, exp. variance=0.2634 E_h^2, pmove=0.32
2026-06-02 20:20:49,775 - Step 03822: -10.9343 E_h, exp. variance=0.2377 E_h^2, pmove=0.33
2026-06-02 20:20:50,437 - Step 03823: -10.9120 E_h, exp. variance=0.2141 E_h^2, pmove=0.32
2026-06-02 20:20:51,099 - Step 03824: -10.9832 E_h, exp. variance=0.1939 E_h^2, pmove=0.32
2026-06-02 20:20:51,759 - Step 03825: -10.9426 E_h, exp. variance=0.1749 E_h^2, pmove=0.32
2026-06-02 20:20:52,419 - Step 03826: -10.9036 E_h, exp. variance=0.1575 E_h^2, pmove=0.32
2026-06-02 20:20:53,082 - Step 03827: -10.9463 E_h, exp. variance=0.1420 E_h^2, pmove=0.33
2026-06-02 20:20:53,742 - Step 03828: -10.9294 E_h, exp. variance=0.1279 E_h^2, pmove=0.32
2026-06-02 20:20:54,401 - Step 03829: -10.9115 E_h, exp. variance=0.1152 E_h^2, pmove=0.33
2026-06-02 20:20:55,060 - Step 03830: -10.9012 E_h, exp. variance=0.1037 E_h^2, pmove=0.32
2026-06-02 20:20:55,723 - Step 03831: -10.9332 E_h, exp. variance=0.0934 E_h^2, pmove=0.32
2026-06-02 20:20:56,386 - Step 03832: -10.9356 E_h, exp. variance=0.0842 E_h^2, pmove=0.32
2026-06-02 20:20:57,047 - Step 03833: -10.8599 E_h, exp. variance=0.0759 E_h^2, pmove=0.33
2026-06-02 20:20:57,707 - Step 03834: -10.8547 E_h, exp. variance=0.0685 E_h^2, pmove=0.32
2026-06-02 20:20:58,370 - Step 03835: -10.9495 E_h, exp. variance=0.0619 E_h^2, pmove=0.33
2026-06-02 20:20:59,032 - Step 03836: -10.9765 E_h, exp. variance=0.0562 E_h^2, pmove=0.33
2026-06-02 20:20:59,693 - Step 03837: -10.9896 E_h, exp. variance=0.0512 E_h^2, pmove=0.33
2026-06-02 20:21:00,356 - Step 03838: -10.8920 E_h, exp. variance=0.0461 E_h^2, pmove=0.33
2026-06-02 20:21:01,019 - Step 03839: -10.9390 E_h, exp. variance=0.0416 E_h^2, pmove=0.33
2026-06-02 20:21:01,680 - Step 03840: -10.9670 E_h, exp. variance=0.0377 E_h^2, pmove=0.32
2026-06-02 20:21:02,341 - Step 03841: -10.9099 E_h, exp. variance=0.0339 E_h^2, pmove=0.33
2026-06-02 20:21:03,002 - Step 03842: -10.8742 E_h, exp. variance=0.0307 E_h^2, pmove=0.33
2026-06-02 20:21:03,664 - Step 03843: -10.8771 E_h, exp. variance=0.0278 E_h^2, pmove=0.33
2026-06-02 20:21:04,328 - Step 03844: -10.8712 E_h, exp. variance=0.0251 E_h^2, pmove=0.33
2026-06-02 20:21:04,990 - Step 03845: -10.8351 E_h, exp. variance=0.0231 E_h^2, pmove=0.33
2026-06-02 20:21:05,650 - Step 03846: -10.8565 E_h, exp. variance=0.0210 E_h^2, pmove=0.33
2026-06-02 20:21:06,310 - Step 03847: -10.7040 E_h, exp. variance=0.0222 E_h^2, pmove=0.32
2026-06-02 20:21:06,974 - Step 03848: -10.7061 E_h, exp. variance=0.0226 E_h^2, pmove=0.33
2026-06-02 20:21:07,636 - Step 03849: -10.6742 E_h, exp. variance=0.0235 E_h^2, pmove=0.32
2026-06-02 20:21:08,298 - Step 03850: -10.9463 E_h, exp. variance=0.0221 E_h^2, pmove=0.32
2026-06-02 20:21:08,958 - Step 03851: -10.9619 E_h, exp. variance=0.0210 E_h^2, pmove=0.32
2026-06-02 20:21:09,622 - Step 03852: -10.9186 E_h, exp. variance=0.0192 E_h^2, pmove=0.33
2026-06-02 20:21:10,284 - Step 03853: -10.8721 E_h, exp. variance=0.0173 E_h^2, pmove=0.32
2026-06-02 20:21:10,945 - Step 03854: -10.9458 E_h, exp. variance=0.0161 E_h^2, pmove=0.33
2026-06-02 20:21:11,606 - Step 03855: -10.9205 E_h, exp. variance=0.0146 E_h^2, pmove=0.33
2026-06-02 20:21:12,270 - Step 03856: -10.8898 E_h, exp. variance=0.0132 E_h^2, pmove=0.33
2026-06-02 20:21:12,931 - Step 03857: -10.8366 E_h, exp. variance=0.0120 E_h^2, pmove=0.32
2026-06-02 20:21:13,591 - Step 03858: -10.8955 E_h, exp. variance=0.0109 E_h^2, pmove=0.32
2026-06-02 20:21:14,250 - Step 03859: -10.9258 E_h, exp. variance=0.0100 E_h^2, pmove=0.32
2026-06-02 20:21:14,913 - Step 03860: -10.9366 E_h, exp. variance=0.0092 E_h^2, pmove=0.32
2026-06-02 20:21:15,573 - Step 03861: -10.9052 E_h, exp. variance=0.0083 E_h^2, pmove=0.32
2026-06-02 20:21:16,236 - Step 03862: -10.9446 E_h, exp. variance=0.0078 E_h^2, pmove=0.32
2026-06-02 20:21:16,897 - Step 03863: -10.8204 E_h, exp. variance=0.0075 E_h^2, pmove=0.32
2026-06-02 20:21:17,561 - Step 03864: -10.9025 E_h, exp. variance=0.0068 E_h^2, pmove=0.32
2026-06-02 20:21:18,221 - Step 03865: -10.9926 E_h, exp. variance=0.0070 E_h^2, pmove=0.32
2026-06-02 20:21:18,881 - Step 03866: -10.9295 E_h, exp. variance=0.0064 E_h^2, pmove=0.33
2026-06-02 20:21:19,541 - Step 03867: -10.9436 E_h, exp. variance=0.0059 E_h^2, pmove=0.32
2026-06-02 20:21:20,206 - Step 03868: -10.9833 E_h, exp. variance=0.0058 E_h^2, pmove=0.32
2026-06-02 20:21:20,867 - Step 03869: -10.8595 E_h, exp. variance=0.0055 E_h^2, pmove=0.33
2026-06-02 20:21:21,527 - Step 03870: -10.9174 E_h, exp. variance=0.0050 E_h^2, pmove=0.32
2026-06-02 20:21:22,190 - Step 03871: -10.8657 E_h, exp. variance=0.0047 E_h^2, pmove=0.32
2026-06-02 20:21:22,850 - Step 03872: -10.7781 E_h, exp. variance=0.0057 E_h^2, pmove=0.33
2026-06-02 20:21:23,514 - Step 03873: -10.8804 E_h, exp. variance=0.0051 E_h^2, pmove=0.32
2026-06-02 20:21:24,174 - Step 03874: -10.9038 E_h, exp. variance=0.0046 E_h^2, pmove=0.32
2026-06-02 20:21:24,834 - Step 03875: -10.9036 E_h, exp. variance=0.0042 E_h^2, pmove=0.32
2026-06-02 20:21:25,496 - Step 03876: -10.9187 E_h, exp. variance=0.0038 E_h^2, pmove=0.32
2026-06-02 20:21:26,160 - Step 03877: -10.9284 E_h, exp. variance=0.0035 E_h^2, pmove=0.32
2026-06-02 20:21:26,821 - Step 03878: -10.9649 E_h, exp. variance=0.0035 E_h^2, pmove=0.32
2026-06-02 20:21:27,481 - Step 03879: -10.9667 E_h, exp. variance=0.0035 E_h^2, pmove=0.32
2026-06-02 20:21:28,143 - Step 03880: -10.9699 E_h, exp. variance=0.0035 E_h^2, pmove=0.33
2026-06-02 20:21:28,805 - Step 03881: -10.9609 E_h, exp. variance=0.0033 E_h^2, pmove=0.33
2026-06-02 20:21:29,466 - Step 03882: -10.9207 E_h, exp. variance=0.0030 E_h^2, pmove=0.32
2026-06-02 20:21:30,128 - Step 03883: -10.9585 E_h, exp. variance=0.0028 E_h^2, pmove=0.32
2026-06-02 20:21:30,789 - Step 03884: -10.9742 E_h, exp. variance=0.0027 E_h^2, pmove=0.33
2026-06-02 20:21:31,455 - Step 03885: -10.9741 E_h, exp. variance=0.0026 E_h^2, pmove=0.33
2026-06-02 20:21:32,116 - Step 03886: -10.7984 E_h, exp. variance=0.0040 E_h^2, pmove=0.32
2026-06-02 20:21:32,777 - Step 03887: -10.8911 E_h, exp. variance=0.0037 E_h^2, pmove=0.32
2026-06-02 20:21:33,438 - Step 03888: -10.7087 E_h, exp. variance=0.0073 E_h^2, pmove=0.33
2026-06-02 20:21:34,112 - Step 03889: -10.9202 E_h, exp. variance=0.0066 E_h^2, pmove=0.33
2026-06-02 20:21:34,774 - Step 03890: -10.7499 E_h, exp. variance=0.0080 E_h^2, pmove=0.33
2026-06-02 20:21:35,435 - Step 03891: -10.8042 E_h, exp. variance=0.0077 E_h^2, pmove=0.32
2026-06-02 20:21:36,096 - Step 03892: -9.2656 E_h, exp. variance=0.2405 E_h^2, pmove=0.33
2026-06-02 20:21:36,757 - Step 03893: -10.3305 E_h, exp. variance=0.2298 E_h^2, pmove=0.32
2026-06-02 20:21:37,417 - Step 03894: -10.8596 E_h, exp. variance=0.2098 E_h^2, pmove=0.32
2026-06-02 20:21:38,078 - Step 03895: -10.8676 E_h, exp. variance=0.1915 E_h^2, pmove=0.32
2026-06-02 20:21:38,738 - Step 03896: -10.9306 E_h, exp. variance=0.1767 E_h^2, pmove=0.32
2026-06-02 20:21:39,399 - Step 03897: -10.9209 E_h, exp. variance=0.1621 E_h^2, pmove=0.33
2026-06-02 20:21:40,061 - Step 03898: -10.9310 E_h, exp. variance=0.1488 E_h^2, pmove=0.32
2026-06-02 20:21:40,721 - Step 03899: -10.9733 E_h, exp. variance=0.1376 E_h^2, pmove=0.32
2026-06-02 20:21:41,380 - Step 03900: -10.8944 E_h, exp. variance=0.1248 E_h^2, pmove=0.32
2026-06-02 20:21:42,043 - Step 03901: -10.9645 E_h, exp. variance=0.1147 E_h^2, pmove=0.32
2026-06-02 20:21:42,704 - Step 03902: -10.9870 E_h, exp. variance=0.1058 E_h^2, pmove=0.32
2026-06-02 20:21:43,365 - Step 03903: -11.0065 E_h, exp. variance=0.0979 E_h^2, pmove=0.33
2026-06-02 20:21:44,027 - Step 03904: -10.9320 E_h, exp. variance=0.0887 E_h^2, pmove=0.32
2026-06-02 20:21:44,688 - Step 03905: -10.9750 E_h, exp. variance=0.0810 E_h^2, pmove=0.32
2026-06-02 20:21:45,350 - Step 03906: -10.9206 E_h, exp. variance=0.0731 E_h^2, pmove=0.32
2026-06-02 20:21:46,013 - Step 03907: -10.8980 E_h, exp. variance=0.0659 E_h^2, pmove=0.33
2026-06-02 20:21:46,676 - Step 03908: -10.8884 E_h, exp. variance=0.0593 E_h^2, pmove=0.32
2026-06-02 20:21:47,338 - Step 03909: -10.9307 E_h, exp. variance=0.0536 E_h^2, pmove=0.33
2026-06-02 20:21:48,001 - Step 03910: -10.9698 E_h, exp. variance=0.0489 E_h^2, pmove=0.32
2026-06-02 20:21:48,663 - Step 03911: -10.8799 E_h, exp. variance=0.0440 E_h^2, pmove=0.32
2026-06-02 20:21:49,326 - Step 03912: -10.9149 E_h, exp. variance=0.0397 E_h^2, pmove=0.32
2026-06-02 20:21:49,989 - Step 03913: -10.7204 E_h, exp. variance=0.0384 E_h^2, pmove=0.33
2026-06-02 20:21:50,651 - Step 03914: -10.4982 E_h, exp. variance=0.0475 E_h^2, pmove=0.32
2026-06-02 20:21:51,313 - Step 03915: -10.8810 E_h, exp. variance=0.0429 E_h^2, pmove=0.32
2026-06-02 20:21:51,977 - Step 03916: -10.8377 E_h, exp. variance=0.0386 E_h^2, pmove=0.33
2026-06-02 20:21:52,639 - Step 03917: -10.9249 E_h, exp. variance=0.0353 E_h^2, pmove=0.32
2026-06-02 20:21:53,301 - Step 03918: -10.8203 E_h, exp. variance=0.0319 E_h^2, pmove=0.32
2026-06-02 20:21:53,963 - Step 03919: -10.6208 E_h, exp. variance=0.0333 E_h^2, pmove=0.32
2026-06-02 20:21:54,625 - Step 03920: -10.8866 E_h, exp. variance=0.0303 E_h^2, pmove=0.32
2026-06-02 20:21:55,287 - Step 03921: -10.9820 E_h, exp. variance=0.0294 E_h^2, pmove=0.32
2026-06-02 20:21:55,951 - Step 03922: -10.9839 E_h, exp. variance=0.0281 E_h^2, pmove=0.32
2026-06-02 20:21:56,613 - Step 03923: -11.0300 E_h, exp. variance=0.0279 E_h^2, pmove=0.33
2026-06-02 20:21:57,276 - Step 03924: -10.9553 E_h, exp. variance=0.0257 E_h^2, pmove=0.33
2026-06-02 20:21:57,939 - Step 03925: -10.9526 E_h, exp. variance=0.0235 E_h^2, pmove=0.32
2026-06-02 20:21:58,602 - Step 03926: -10.9591 E_h, exp. variance=0.0216 E_h^2, pmove=0.33
2026-06-02 20:21:59,265 - Step 03927: -11.0219 E_h, exp. variance=0.0208 E_h^2, pmove=0.32
2026-06-02 20:21:59,926 - Step 03928: -11.0503 E_h, exp. variance=0.0205 E_h^2, pmove=0.33
2026-06-02 20:22:00,589 - Step 03929: -10.9244 E_h, exp. variance=0.0184 E_h^2, pmove=0.33
2026-06-02 20:22:01,253 - Step 03930: -10.9446 E_h, exp. variance=0.0166 E_h^2, pmove=0.32
2026-06-02 20:22:01,915 - Step 03931: -10.9678 E_h, exp. variance=0.0151 E_h^2, pmove=0.33
2026-06-02 20:22:02,576 - Step 03932: -10.9247 E_h, exp. variance=0.0136 E_h^2, pmove=0.33
2026-06-02 20:22:03,236 - Step 03933: -10.8764 E_h, exp. variance=0.0125 E_h^2, pmove=0.33
2026-06-02 20:22:03,899 - Step 03934: -10.9494 E_h, exp. variance=0.0113 E_h^2, pmove=0.32
2026-06-02 20:22:04,561 - Step 03935: -10.9469 E_h, exp. variance=0.0102 E_h^2, pmove=0.32
2026-06-02 20:22:05,221 - Step 03936: -11.0065 E_h, exp. variance=0.0097 E_h^2, pmove=0.32
2026-06-02 20:22:05,882 - Step 03937: -10.9065 E_h, exp. variance=0.0088 E_h^2, pmove=0.33
2026-06-02 20:22:06,543 - Step 03938: -10.9765 E_h, exp. variance=0.0081 E_h^2, pmove=0.32
2026-06-02 20:22:07,207 - Step 03939: -10.9853 E_h, exp. variance=0.0075 E_h^2, pmove=0.32
2026-06-02 20:22:07,872 - Step 03940: -11.0090 E_h, exp. variance=0.0071 E_h^2, pmove=0.32
2026-06-02 20:22:08,532 - Step 03941: -10.9914 E_h, exp. variance=0.0066 E_h^2, pmove=0.33
2026-06-02 20:22:09,193 - Step 03942: -10.9445 E_h, exp. variance=0.0059 E_h^2, pmove=0.32
2026-06-02 20:22:09,858 - Step 03943: -11.0208 E_h, exp. variance=0.0058 E_h^2, pmove=0.33
2026-06-02 20:22:10,519 - Step 03944: -11.0439 E_h, exp. variance=0.0058 E_h^2, pmove=0.33
2026-06-02 20:22:11,180 - Step 03945: -11.0182 E_h, exp. variance=0.0055 E_h^2, pmove=0.32
2026-06-02 20:22:11,841 - Step 03946: -10.9911 E_h, exp. variance=0.0050 E_h^2, pmove=0.33
2026-06-02 20:22:12,505 - Step 03947: -11.0213 E_h, exp. variance=0.0047 E_h^2, pmove=0.33
2026-06-02 20:22:13,166 - Step 03948: -11.0329 E_h, exp. variance=0.0044 E_h^2, pmove=0.32
2026-06-02 20:22:13,827 - Step 03949: -10.9962 E_h, exp. variance=0.0040 E_h^2, pmove=0.33
2026-06-02 20:22:14,488 - Step 03950: -11.0201 E_h, exp. variance=0.0037 E_h^2, pmove=0.33
2026-06-02 20:22:15,151 - Step 03951: -9.7191 E_h, exp. variance=0.1486 E_h^2, pmove=0.32
2026-06-02 20:22:15,812 - Step 03952: -10.9631 E_h, exp. variance=0.1346 E_h^2, pmove=0.32
2026-06-02 20:22:16,474 - Step 03953: -11.0446 E_h, exp. variance=0.1238 E_h^2, pmove=0.33
2026-06-02 20:22:17,136 - Step 03954: -10.9806 E_h, exp. variance=0.1122 E_h^2, pmove=0.33
2026-06-02 20:22:17,799 - Step 03955: -10.9350 E_h, exp. variance=0.1011 E_h^2, pmove=0.32
2026-06-02 20:22:18,460 - Step 03956: -10.8590 E_h, exp. variance=0.0911 E_h^2, pmove=0.33
2026-06-02 20:22:19,121 - Step 03957: -10.9016 E_h, exp. variance=0.0820 E_h^2, pmove=0.33
2026-06-02 20:22:19,782 - Step 03958: -10.9079 E_h, exp. variance=0.0738 E_h^2, pmove=0.32
2026-06-02 20:22:20,446 - Step 03959: -10.9782 E_h, exp. variance=0.0670 E_h^2, pmove=0.32
2026-06-02 20:22:21,108 - Step 03960: -10.9629 E_h, exp. variance=0.0606 E_h^2, pmove=0.32
2026-06-02 20:22:21,770 - Step 03961: -10.9619 E_h, exp. variance=0.0547 E_h^2, pmove=0.32
2026-06-02 20:22:22,431 - Step 03962: -10.9446 E_h, exp. variance=0.0493 E_h^2, pmove=0.33
2026-06-02 20:22:23,095 - Step 03963: -10.9555 E_h, exp. variance=0.0445 E_h^2, pmove=0.32
2026-06-02 20:22:23,756 - Step 03964: -11.0028 E_h, exp. variance=0.0406 E_h^2, pmove=0.33
2026-06-02 20:22:24,418 - Step 03965: -11.0916 E_h, exp. variance=0.0389 E_h^2, pmove=0.33
2026-06-02 20:22:25,080 - Step 03966: -11.0089 E_h, exp. variance=0.0353 E_h^2, pmove=0.33
2026-06-02 20:22:25,742 - Step 03967: -11.0527 E_h, exp. variance=0.0327 E_h^2, pmove=0.33
2026-06-02 20:22:26,407 - Step 03968: -11.0143 E_h, exp. variance=0.0296 E_h^2, pmove=0.33
2026-06-02 20:22:27,069 - Step 03969: -10.9998 E_h, exp. variance=0.0267 E_h^2, pmove=0.32
2026-06-02 20:22:27,732 - Step 03970: -10.9543 E_h, exp. variance=0.0241 E_h^2, pmove=0.33
2026-06-02 20:22:28,394 - Step 03971: -10.5123 E_h, exp. variance=0.0406 E_h^2, pmove=0.32
2026-06-02 20:22:29,058 - Step 03972: -1.2928 E_h, exp. variance=8.3856 E_h^2, pmove=0.32
2026-06-02 20:22:29,719 - Step 03973: -10.9172 E_h, exp. variance=7.6293 E_h^2, pmove=0.32
2026-06-02 20:22:30,380 - Step 03974: -10.9349 E_h, exp. variance=6.9357 E_h^2, pmove=0.33
2026-06-02 20:22:31,040 - Step 03975: -10.9933 E_h, exp. variance=6.3070 E_h^2, pmove=0.32
2026-06-02 20:22:31,704 - Step 03976: -10.9863 E_h, exp. variance=5.7278 E_h^2, pmove=0.32
2026-06-02 20:22:32,366 - Step 03977: -11.0090 E_h, exp. variance=5.1996 E_h^2, pmove=0.32
2026-06-02 20:22:33,028 - Step 03978: -10.8791 E_h, exp. variance=4.7025 E_h^2, pmove=0.33
2026-06-02 20:22:33,690 - Step 03979: -10.6872 E_h, exp. variance=4.2384 E_h^2, pmove=0.33
2026-06-02 20:22:34,361 - Step 03980: -10.9557 E_h, exp. variance=3.8374 E_h^2, pmove=0.33
2026-06-02 20:22:35,022 - Step 03981: -10.8987 E_h, exp. variance=3.4678 E_h^2, pmove=0.32
2026-06-02 20:22:35,683 - Step 03982: -10.9186 E_h, exp. variance=3.1338 E_h^2, pmove=0.32
2026-06-02 20:22:36,345 - Step 03983: -11.0011 E_h, exp. variance=2.8364 E_h^2, pmove=0.32
2026-06-02 20:22:37,009 - Step 03984: -10.9085 E_h, exp. variance=2.5601 E_h^2, pmove=0.32
2026-06-02 20:22:37,671 - Step 03985: -10.6864 E_h, exp. variance=2.3042 E_h^2, pmove=0.32
2026-06-02 20:22:38,333 - Step 03986: -10.9100 E_h, exp. variance=2.0797 E_h^2, pmove=0.32
2026-06-02 20:22:38,995 - Step 03987: -10.6872 E_h, exp. variance=1.8717 E_h^2, pmove=0.32
2026-06-02 20:22:39,658 - Step 03988: -10.0822 E_h, exp. variance=1.7168 E_h^2, pmove=0.32
2026-06-02 20:22:40,321 - Step 03989: -11.0219 E_h, exp. variance=1.5596 E_h^2, pmove=0.32
2026-06-02 20:22:40,982 - Step 03990: -11.0219 E_h, exp. variance=1.4154 E_h^2, pmove=0.32
2026-06-02 20:22:41,644 - Step 03991: -10.9511 E_h, exp. variance=1.2796 E_h^2, pmove=0.32
2026-06-02 20:22:42,307 - Step 03992: -10.9124 E_h, exp. variance=1.1549 E_h^2, pmove=0.33
2026-06-02 20:22:42,969 - Step 03993: -10.9904 E_h, exp. variance=1.0450 E_h^2, pmove=0.32
2026-06-02 20:22:43,631 - Step 03994: -10.9458 E_h, exp. variance=0.9434 E_h^2, pmove=0.32
2026-06-02 20:22:44,292 - Step 03995: -10.9831 E_h, exp. variance=0.8526 E_h^2, pmove=0.33
2026-06-02 20:22:44,954 - Step 03996: -11.0146 E_h, exp. variance=0.7714 E_h^2, pmove=0.32
2026-06-02 20:22:45,626 - Step 03997: -11.0078 E_h, exp. variance=0.6972 E_h^2, pmove=0.33
2026-06-02 20:22:46,287 - Step 03998: -10.9350 E_h, exp. variance=0.6283 E_h^2, pmove=0.32
2026-06-02 20:22:46,949 - Step 03999: -1.0320 E_h, exp. variance=9.2454 E_h^2, pmove=0.32
2026-06-02 20:22:47,610 - Step 04000: -10.9475 E_h, exp. variance=8.4252 E_h^2, pmove=0.32
2026-06-02 20:22:48,272 - Step 04001: -10.9494 E_h, exp. variance=7.6676 E_h^2, pmove=0.32
2026-06-02 20:22:48,933 - Step 04002: -10.8893 E_h, exp. variance=6.9605 E_h^2, pmove=0.32
2026-06-02 20:22:49,595 - Step 04003: -10.8973 E_h, exp. variance=6.3138 E_h^2, pmove=0.32
2026-06-02 20:22:50,258 - Step 04004: -10.9557 E_h, exp. variance=5.7297 E_h^2, pmove=0.33
2026-06-02 20:22:50,919 - Step 04005: -10.9623 E_h, exp. variance=5.1958 E_h^2, pmove=0.33
2026-06-02 20:22:51,582 - Step 04006: -10.9548 E_h, exp. variance=4.7071 E_h^2, pmove=0.32
2026-06-02 20:22:52,245 - Step 04007: -10.9072 E_h, exp. variance=4.2571 E_h^2, pmove=0.32
2026-06-02 20:22:52,907 - Step 04008: -10.9339 E_h, exp. variance=3.8503 E_h^2, pmove=0.33
2026-06-02 20:22:53,570 - Step 04009: -11.0367 E_h, exp. variance=3.4891 E_h^2, pmove=0.33
2026-06-02 20:22:54,233 - Step 04010: -10.9535 E_h, exp. variance=3.1533 E_h^2, pmove=0.33
2026-06-02 20:22:54,896 - Step 04011: -10.9953 E_h, exp. variance=2.8512 E_h^2, pmove=0.32
2026-06-02 20:22:55,558 - Step 04012: -10.9819 E_h, exp. variance=2.5760 E_h^2, pmove=0.32
2026-06-02 20:22:56,222 - Step 04013: -10.9861 E_h, exp. variance=2.3267 E_h^2, pmove=0.33
2026-06-02 20:22:56,887 - Step 04014: -10.9820 E_h, exp. variance=2.1006 E_h^2, pmove=0.32
2026-06-02 20:22:57,552 - Step 04015: -10.9821 E_h, exp. variance=1.8958 E_h^2, pmove=0.33
2026-06-02 20:22:58,216 - Step 04016: -11.0028 E_h, exp. variance=1.7113 E_h^2, pmove=0.32
2026-06-02 20:22:58,881 - Step 04017: -11.0782 E_h, exp. variance=1.5478 E_h^2, pmove=0.33
2026-06-02 20:22:59,545 - Step 04018: -11.0337 E_h, exp. variance=1.3972 E_h^2, pmove=0.32
2026-06-02 20:23:00,209 - Step 04019: -4.9107 E_h, exp. variance=4.4203 E_h^2, pmove=0.32
2026-06-02 20:23:00,871 - Step 04020: -11.1073 E_h, exp. variance=4.0450 E_h^2, pmove=0.32
2026-06-02 20:23:01,535 - Step 04021: -11.0337 E_h, exp. variance=3.6848 E_h^2, pmove=0.33
2026-06-02 20:23:02,198 - Step 04022: -11.0646 E_h, exp. variance=3.3558 E_h^2, pmove=0.32
2026-06-02 20:23:02,861 - Step 04023: -11.1318 E_h, exp. variance=3.0598 E_h^2, pmove=0.33
2026-06-02 20:23:03,524 - Step 04024: -10.9829 E_h, exp. variance=2.7719 E_h^2, pmove=0.33
2026-06-02 20:23:04,187 - Step 04025: -11.1014 E_h, exp. variance=2.5192 E_h^2, pmove=0.33
2026-06-02 20:23:04,849 - Step 04026: -11.0790 E_h, exp. variance=2.2853 E_h^2, pmove=0.33
2026-06-02 20:23:05,513 - Step 04027: -11.0130 E_h, exp. variance=2.0670 E_h^2, pmove=0.33
2026-06-02 20:23:06,177 - Step 04028: -10.9624 E_h, exp. variance=1.8660 E_h^2, pmove=0.33
2026-06-02 20:23:06,841 - Step 04029: -10.9588 E_h, exp. variance=1.6839 E_h^2, pmove=0.33
2026-06-02 20:23:07,504 - Step 04030: -10.7460 E_h, exp. variance=1.5155 E_h^2, pmove=0.33
2026-06-02 20:23:08,168 - Step 04031: -9.6233 E_h, exp. variance=1.4795 E_h^2, pmove=0.32
2026-06-02 20:23:08,830 - Step 04032: -11.0231 E_h, exp. variance=1.3446 E_h^2, pmove=0.33
2026-06-02 20:23:09,494 - Step 04033: -10.9700 E_h, exp. variance=1.2176 E_h^2, pmove=0.32
2026-06-02 20:23:10,159 - Step 04034: -11.0213 E_h, exp. variance=1.1046 E_h^2, pmove=0.32
2026-06-02 20:23:10,821 - Step 04035: -11.0246 E_h, exp. variance=1.0014 E_h^2, pmove=0.32
2026-06-02 20:23:11,484 - Step 04036: -10.9557 E_h, exp. variance=0.9043 E_h^2, pmove=0.33
2026-06-02 20:23:12,148 - Step 04037: -10.9577 E_h, exp. variance=0.8165 E_h^2, pmove=0.33
2026-06-02 20:23:12,813 - Step 04038: -10.9806 E_h, exp. variance=0.7376 E_h^2, pmove=0.32
2026-06-02 20:23:13,476 - Step 04039: -10.9405 E_h, exp. variance=0.6651 E_h^2, pmove=0.32
2026-06-02 20:23:14,138 - Step 04040: -10.9565 E_h, exp. variance=0.5999 E_h^2, pmove=0.32
2026-06-02 20:23:14,801 - Step 04041: -10.9718 E_h, exp. variance=0.5413 E_h^2, pmove=0.32
2026-06-02 20:23:15,468 - Step 04042: -11.0323 E_h, exp. variance=0.4899 E_h^2, pmove=0.33
2026-06-02 20:23:16,131 - Step 04043: -11.0321 E_h, exp. variance=0.4431 E_h^2, pmove=0.33
2026-06-02 20:23:16,794 - Step 04044: -11.0142 E_h, exp. variance=0.4001 E_h^2, pmove=0.33
2026-06-02 20:23:17,457 - Step 04045: -11.0368 E_h, exp. variance=0.3617 E_h^2, pmove=0.33
2026-06-02 20:23:18,122 - Step 04046: -11.0288 E_h, exp. variance=0.3266 E_h^2, pmove=0.32
2026-06-02 20:23:18,787 - Step 04047: -10.9790 E_h, exp. variance=0.2942 E_h^2, pmove=0.33
2026-06-02 20:23:19,449 - Step 04048: -10.9735 E_h, exp. variance=0.2649 E_h^2, pmove=0.33
2026-06-02 20:23:20,112 - Step 04049: -11.0319 E_h, exp. variance=0.2392 E_h^2, pmove=0.33
2026-06-02 20:23:20,777 - Step 04050: -11.1144 E_h, exp. variance=0.2178 E_h^2, pmove=0.33
2026-06-02 20:23:21,440 - Step 04051: -10.9886 E_h, exp. variance=0.1961 E_h^2, pmove=0.33
2026-06-02 20:23:22,114 - Step 04052: -11.0278 E_h, exp. variance=0.1768 E_h^2, pmove=0.33
2026-06-02 20:23:22,776 - Step 04053: -11.0145 E_h, exp. variance=0.1593 E_h^2, pmove=0.32
2026-06-02 20:23:23,440 - Step 04054: -11.1219 E_h, exp. variance=0.1453 E_h^2, pmove=0.32
2026-06-02 20:23:24,137 - Step 04055: -11.0580 E_h, exp. variance=0.1312 E_h^2, pmove=0.32
2026-06-02 20:23:24,801 - Step 04056: -11.0131 E_h, exp. variance=0.1181 E_h^2, pmove=0.33
2026-06-02 20:23:25,464 - Step 04057: -10.9946 E_h, exp. variance=0.1063 E_h^2, pmove=0.32
2026-06-02 20:23:26,130 - Step 04058: -10.9895 E_h, exp. variance=0.0956 E_h^2, pmove=0.33
2026-06-02 20:23:26,793 - Step 04059: -11.0063 E_h, exp. variance=0.0861 E_h^2, pmove=0.33
2026-06-02 20:23:27,515 - Step 04060: -10.9918 E_h, exp. variance=0.0775 E_h^2, pmove=0.32
2026-06-02 20:23:28,179 - Step 04061: -11.0609 E_h, exp. variance=0.0701 E_h^2, pmove=0.32
2026-06-02 20:23:28,847 - Step 04062: -11.0807 E_h, exp. variance=0.0636 E_h^2, pmove=0.33
2026-06-02 20:23:29,510 - Step 04063: -11.0656 E_h, exp. variance=0.0575 E_h^2, pmove=0.32
2026-06-02 20:23:30,174 - Step 04064: -10.9536 E_h, exp. variance=0.0521 E_h^2, pmove=0.32
2026-06-02 20:23:30,838 - Step 04065: -11.0087 E_h, exp. variance=0.0469 E_h^2, pmove=0.33
2026-06-02 20:23:31,505 - Step 04066: -10.8808 E_h, exp. variance=0.0437 E_h^2, pmove=0.33
2026-06-02 20:23:32,169 - Step 04067: -10.9126 E_h, exp. variance=0.0400 E_h^2, pmove=0.32
2026-06-02 20:23:32,831 - Step 04068: -9.9559 E_h, exp. variance=0.1321 E_h^2, pmove=0.32
2026-06-02 20:23:33,495 - Step 04069: -10.9783 E_h, exp. variance=0.1197 E_h^2, pmove=0.32
2026-06-02 20:23:34,160 - Step 04070: -11.0143 E_h, exp. variance=0.1090 E_h^2, pmove=0.32
2026-06-02 20:23:34,823 - Step 04071: -11.0452 E_h, exp. variance=0.0998 E_h^2, pmove=0.33
2026-06-02 20:23:35,486 - Step 04072: -11.0110 E_h, exp. variance=0.0905 E_h^2, pmove=0.33
2026-06-02 20:23:36,151 - Step 04073: -10.9648 E_h, exp. variance=0.0816 E_h^2, pmove=0.33
2026-06-02 20:23:36,818 - Step 04074: -11.0307 E_h, exp. variance=0.0743 E_h^2, pmove=0.33
2026-06-02 20:23:37,483 - Step 04075: -11.0244 E_h, exp. variance=0.0675 E_h^2, pmove=0.32
2026-06-02 20:23:38,150 - Step 04076: -11.0024 E_h, exp. variance=0.0609 E_h^2, pmove=0.32
2026-06-02 20:23:38,815 - Step 04077: -11.0051 E_h, exp. variance=0.0551 E_h^2, pmove=0.33
2026-06-02 20:23:39,480 - Step 04078: -11.0495 E_h, exp. variance=0.0503 E_h^2, pmove=0.33
2026-06-02 20:23:40,147 - Step 04079: -11.0589 E_h, exp. variance=0.0459 E_h^2, pmove=0.33
2026-06-02 20:23:40,812 - Step 04080: -11.0574 E_h, exp. variance=0.0419 E_h^2, pmove=0.33
2026-06-02 20:23:41,477 - Step 04081: -11.0733 E_h, exp. variance=0.0384 E_h^2, pmove=0.33
2026-06-02 20:23:42,142 - Step 04082: -11.1030 E_h, exp. variance=0.0356 E_h^2, pmove=0.33
2026-06-02 20:23:42,810 - Step 04083: -11.1659 E_h, exp. variance=0.0343 E_h^2, pmove=0.33
2026-06-02 20:23:43,476 - Step 04084: -11.1284 E_h, exp. variance=0.0319 E_h^2, pmove=0.32
2026-06-02 20:23:44,141 - Step 04085: -11.0697 E_h, exp. variance=0.0288 E_h^2, pmove=0.32
2026-06-02 20:23:44,806 - Step 04086: -11.0207 E_h, exp. variance=0.0260 E_h^2, pmove=0.33
2026-06-02 20:23:45,474 - Step 04087: -11.0956 E_h, exp. variance=0.0237 E_h^2, pmove=0.32
2026-06-02 20:23:46,138 - Step 04088: -11.0883 E_h, exp. variance=0.0215 E_h^2, pmove=0.33
2026-06-02 20:23:46,801 - Step 04089: -11.0584 E_h, exp. variance=0.0194 E_h^2, pmove=0.32
2026-06-02 20:23:47,463 - Step 04090: -11.1570 E_h, exp. variance=0.0186 E_h^2, pmove=0.33
2026-06-02 20:23:48,130 - Step 04091: -11.1051 E_h, exp. variance=0.0169 E_h^2, pmove=0.32
2026-06-02 20:23:48,794 - Step 04092: -11.1071 E_h, exp. variance=0.0154 E_h^2, pmove=0.33
2026-06-02 20:23:49,457 - Step 04093: -11.0990 E_h, exp. variance=0.0139 E_h^2, pmove=0.32
2026-06-02 20:23:50,119 - Step 04094: -10.9419 E_h, exp. variance=0.0140 E_h^2, pmove=0.33
2026-06-02 20:23:50,783 - Step 04095: -11.0152 E_h, exp. variance=0.0128 E_h^2, pmove=0.33
2026-06-02 20:23:51,447 - Step 04096: -11.0318 E_h, exp. variance=0.0115 E_h^2, pmove=0.32
2026-06-02 20:23:52,111 - Step 04097: 2.6853 E_h, exp. variance=16.9924 E_h^2, pmove=0.33
2026-06-02 20:23:52,773 - Step 04098: -10.9819 E_h, exp. variance=15.4463 E_h^2, pmove=0.32
2026-06-02 20:23:53,439 - Step 04099: -7.7000 E_h, exp. variance=14.3016 E_h^2, pmove=0.32
2026-06-02 20:23:54,102 - Step 04100: -10.9747 E_h, exp. variance=13.0422 E_h^2, pmove=0.33
2026-06-02 20:23:54,766 - Step 04101: -10.9756 E_h, exp. variance=11.8765 E_h^2, pmove=0.32
2026-06-02 20:23:55,431 - Step 04102: -11.0180 E_h, exp. variance=10.8098 E_h^2, pmove=0.32
2026-06-02 20:23:56,095 - Step 04103: -11.0428 E_h, exp. variance=9.8315 E_h^2, pmove=0.32
2026-06-02 20:23:56,758 - Step 04104: -11.0057 E_h, exp. variance=8.9252 E_h^2, pmove=0.33
2026-06-02 20:23:57,421 - Step 04105: -10.9704 E_h, exp. variance=8.0897 E_h^2, pmove=0.32
2026-06-02 20:23:58,084 - Step 04106: -10.9941 E_h, exp. variance=7.3301 E_h^2, pmove=0.32
2026-06-02 20:23:58,747 - Step 04107: -10.9585 E_h, exp. variance=6.6329 E_h^2, pmove=0.33
2026-06-02 20:23:59,410 - Step 04108: -10.6834 E_h, exp. variance=5.9773 E_h^2, pmove=0.33
2026-06-02 20:24:00,077 - Step 04109: -11.0376 E_h, exp. variance=5.4139 E_h^2, pmove=0.32
2026-06-02 20:24:00,746 - Step 04110: -11.0294 E_h, exp. variance=4.8995 E_h^2, pmove=0.32
2026-06-02 20:24:01,411 - Step 04111: -10.8233 E_h, exp. variance=4.4169 E_h^2, pmove=0.32
2026-06-02 20:24:02,075 - Step 04112: -11.0640 E_h, exp. variance=3.9976 E_h^2, pmove=0.32
2026-06-02 20:24:02,739 - Step 04113: -5.4985 E_h, exp. variance=5.9540 E_h^2, pmove=0.33
2026-06-02 20:24:03,403 - Step 04114: -10.9569 E_h, exp. variance=5.4242 E_h^2, pmove=0.33
2026-06-02 20:24:04,067 - Step 04115: -11.0069 E_h, exp. variance=4.9420 E_h^2, pmove=0.33
2026-06-02 20:24:04,731 - Step 04116: -11.0355 E_h, exp. variance=4.5005 E_h^2, pmove=0.32
2026-06-02 20:24:05,394 - Step 04117: 3847.5825 E_h, exp. variance=1339529.8750 E_h^2, pmove=0.33
2026-06-02 20:24:06,057 - Step 04118: -11.0446 E_h, exp. variance=1219020.6250 E_h^2, pmove=0.32
2026-06-02 20:24:06,721 - Step 04119: -11.0438 E_h, exp. variance=1108007.8750 E_h^2, pmove=0.32
2026-06-02 20:24:07,385 - Step 04120: -10.9914 E_h, exp. variance=1006024.5000 E_h^2, pmove=0.32
2026-06-02 20:24:08,049 - Step 04121: -11.0251 E_h, exp. variance=912565.8750 E_h^2, pmove=0.33
2026-06-02 20:24:08,713 - Step 04122: -11.0393 E_h, exp. variance=827096.4375 E_h^2, pmove=0.33
2026-06-02 20:24:09,376 - Step 04123: -10.9914 E_h, exp. variance=749072.3750 E_h^2, pmove=0.33
2026-06-02 20:24:10,040 - Step 04124: -11.0121 E_h, exp. variance=677961.2500 E_h^2, pmove=0.33
2026-06-02 20:24:10,704 - Step 04125: -10.9994 E_h, exp. variance=613239.5625 E_h^2, pmove=0.32
2026-06-02 20:24:11,367 - Step 04126: -11.0546 E_h, exp. variance=554407.5000 E_h^2, pmove=0.32
2026-06-02 20:24:12,031 - Step 04127: -11.0076 E_h, exp. variance=500983.9688 E_h^2, pmove=0.32
2026-06-02 20:24:12,697 - Step 04128: -11.0084 E_h, exp. variance=452519.5000 E_h^2, pmove=0.33
2026-06-02 20:24:13,361 - Step 04129: -11.0274 E_h, exp. variance=408591.4688 E_h^2, pmove=0.32
2026-06-02 20:24:14,024 - Step 04130: -11.0229 E_h, exp. variance=368804.5938 E_h^2, pmove=0.33
2026-06-02 20:24:14,688 - Step 04131: -11.0173 E_h, exp. variance=332792.5625 E_h^2, pmove=0.32
2026-06-02 20:24:15,351 - Step 04132: -11.0175 E_h, exp. variance=300216.7500 E_h^2, pmove=0.33
2026-06-02 20:24:16,014 - Step 04133: -11.0368 E_h, exp. variance=270765.1250 E_h^2, pmove=0.32
2026-06-02 20:24:16,677 - Step 04134: -11.0113 E_h, exp. variance=244150.0312 E_h^2, pmove=0.33
2026-06-02 20:24:17,339 - Step 04135: -11.0187 E_h, exp. variance=220108.8594 E_h^2, pmove=0.33
2026-06-02 20:24:18,005 - Step 04136: -10.9749 E_h, exp. variance=198400.3281 E_h^2, pmove=0.33
2026-06-02 20:24:18,669 - Step 04137: 40.1236 E_h, exp. variance=178560.3906 E_h^2, pmove=0.33
2026-06-02 20:24:19,333 - Step 04138: -11.1046 E_h, exp. variance=160949.4688 E_h^2, pmove=0.32
2026-06-02 20:24:19,996 - Step 04139: -10.6378 E_h, exp. variance=145049.1406 E_h^2, pmove=0.32
2026-06-02 20:24:20,661 - Step 04140: -10.9834 E_h, exp. variance=130704.4766 E_h^2, pmove=0.33
2026-06-02 20:24:21,324 - Step 04141: -11.0756 E_h, exp. variance=117764.4688 E_h^2, pmove=0.32
2026-06-02 20:24:21,988 - Step 04142: -11.0228 E_h, exp. variance=106093.3516 E_h^2, pmove=0.33
2026-06-02 20:24:22,651 - Step 04143: -11.0707 E_h, exp. variance=95569.6016 E_h^2, pmove=0.32
2026-06-02 20:24:23,317 - Step 04144: -10.9836 E_h, exp. variance=86081.5312 E_h^2, pmove=0.33
2026-06-02 20:24:23,980 - Step 04145: -11.0787 E_h, exp. variance=77529.6016 E_h^2, pmove=0.32
2026-06-02 20:24:24,644 - Step 04146: -11.0916 E_h, exp. variance=69822.2344 E_h^2, pmove=0.32
2026-06-02 20:24:25,307 - Step 04147: -11.1006 E_h, exp. variance=62876.9727 E_h^2, pmove=0.32
2026-06-02 20:24:25,970 - Step 04148: -10.8824 E_h, exp. variance=56618.5039 E_h^2, pmove=0.32
2026-06-02 20:24:26,634 - Step 04149: -10.9962 E_h, exp. variance=50980.6641 E_h^2, pmove=0.32
2026-06-02 20:24:27,298 - Step 04150: -10.9994 E_h, exp. variance=45902.0508 E_h^2, pmove=0.32
2026-06-02 20:24:27,961 - Step 04151: -11.0034 E_h, exp. variance=41327.6133 E_h^2, pmove=0.33
2026-06-02 20:24:28,623 - Step 04152: -11.0353 E_h, exp. variance=37207.6953 E_h^2, pmove=0.33
2026-06-02 20:24:29,289 - Step 04153: -10.9674 E_h, exp. variance=33497.1953 E_h^2, pmove=0.32
2026-06-02 20:24:29,955 - Step 04154: -10.8927 E_h, exp. variance=30155.6660 E_h^2, pmove=0.33
2026-06-02 20:24:30,619 - Step 04155: -11.0443 E_h, exp. variance=27146.9707 E_h^2, pmove=0.32
2026-06-02 20:24:31,282 - Step 04156: -10.9037 E_h, exp. variance=24437.6406 E_h^2, pmove=0.32
2026-06-02 20:24:31,948 - Step 04157: -11.0602 E_h, exp. variance=21998.4219 E_h^2, pmove=0.33
2026-06-02 20:24:32,612 - Step 04158: -11.0507 E_h, exp. variance=19802.2520 E_h^2, pmove=0.32
2026-06-02 20:24:33,273 - Step 04159: -11.0000 E_h, exp. variance=17824.9473 E_h^2, pmove=0.32
2026-06-02 20:24:33,936 - Step 04160: -10.8446 E_h, exp. variance=16044.6777 E_h^2, pmove=0.32
2026-06-02 20:24:34,601 - Step 04161: -10.8419 E_h, exp. variance=14442.0098 E_h^2, pmove=0.32
2026-06-02 20:24:35,264 - Step 04162: -10.9975 E_h, exp. variance=12999.3818 E_h^2, pmove=0.32
2026-06-02 20:24:35,927 - Step 04163: -10.9665 E_h, exp. variance=11700.6963 E_h^2, pmove=0.33
2026-06-02 20:24:36,589 - Step 04164: -10.9923 E_h, exp. variance=10531.6572 E_h^2, pmove=0.32
2026-06-02 20:24:37,256 - Step 04165: -11.0402 E_h, exp. variance=9479.3525 E_h^2, pmove=0.33
2026-06-02 20:24:37,918 - Step 04166: -10.4782 E_h, exp. variance=8531.8613 E_h^2, pmove=0.33
2026-06-02 20:24:38,580 - Step 04167: -10.9810 E_h, exp. variance=7679.2393 E_h^2, pmove=0.32
2026-06-02 20:24:39,242 - Step 04168: -10.1678 E_h, exp. variance=6911.5015 E_h^2, pmove=0.32
2026-06-02 20:24:39,908 - Step 04169: -5.4988 E_h, exp. variance=6221.3755 E_h^2, pmove=0.32
2026-06-02 20:24:40,570 - Step 04170: -11.0160 E_h, exp. variance=5599.7920 E_h^2, pmove=0.32
2026-06-02 20:24:41,233 - Step 04171: -10.9930 E_h, exp. variance=5040.2520 E_h^2, pmove=0.32
2026-06-02 20:24:41,896 - Step 04172: -10.9789 E_h, exp. variance=4536.5776 E_h^2, pmove=0.32
2026-06-02 20:24:42,562 - Step 04173: -11.0272 E_h, exp. variance=4083.2200 E_h^2, pmove=0.32
2026-06-02 20:24:43,224 - Step 04174: -10.9185 E_h, exp. variance=3675.1096 E_h^2, pmove=0.32
2026-06-02 20:24:43,887 - Step 04175: -10.9610 E_h, exp. variance=3307.7810 E_h^2, pmove=0.32
2026-06-02 20:24:44,549 - Step 04176: -6.1930 E_h, exp. variance=2978.0972 E_h^2, pmove=0.32
2026-06-02 20:24:45,214 - Step 04177: -11.0245 E_h, exp. variance=2680.5454 E_h^2, pmove=0.32
2026-06-02 20:24:45,877 - Step 04178: -10.9627 E_h, exp. variance=2412.6833 E_h^2, pmove=0.32
2026-06-02 20:24:46,539 - Step 04179: -11.0254 E_h, exp. variance=2171.5859 E_h^2, pmove=0.31
2026-06-02 20:24:47,201 - Step 04180: -10.9782 E_h, exp. variance=1954.5557 E_h^2, pmove=0.32
2026-06-02 20:24:47,864 - Step 04181: -11.1049 E_h, exp. variance=1759.2299 E_h^2, pmove=0.32
2026-06-02 20:24:48,530 - Step 04182: -10.9877 E_h, exp. variance=1583.3904 E_h^2, pmove=0.32
2026-06-02 20:24:49,192 - Step 04183: -11.0876 E_h, exp. variance=1425.1355 E_h^2, pmove=0.32
2026-06-02 20:24:49,854 - Step 04184: -11.0874 E_h, exp. variance=1282.6901 E_h^2, pmove=0.32
2026-06-02 20:24:50,516 - Step 04185: -11.0808 E_h, exp. variance=1154.4753 E_h^2, pmove=0.32
2026-06-02 20:24:51,181 - Step 04186: -11.0770 E_h, exp. variance=1039.0713 E_h^2, pmove=0.33
2026-06-02 20:24:51,844 - Step 04187: -11.0235 E_h, exp. variance=935.1936 E_h^2, pmove=0.33
2026-06-02 20:24:52,507 - Step 04188: -10.9342 E_h, exp. variance=841.6906 E_h^2, pmove=0.32
2026-06-02 20:24:53,169 - Step 04189: -10.9541 E_h, exp. variance=757.5361 E_h^2, pmove=0.33
2026-06-02 20:24:53,834 - Step 04190: -10.9749 E_h, exp. variance=681.7957 E_h^2, pmove=0.33
2026-06-02 20:24:54,497 - Step 04191: -10.9484 E_h, exp. variance=613.6252 E_h^2, pmove=0.32
2026-06-02 20:24:55,159 - Step 04192: -10.9930 E_h, exp. variance=552.2726 E_h^2, pmove=0.32
2026-06-02 20:24:55,821 - Step 04193: -10.8537 E_h, exp. variance=497.0476 E_h^2, pmove=0.32
2026-06-02 20:24:56,487 - Step 04194: -11.0550 E_h, exp. variance=447.3535 E_h^2, pmove=0.32
2026-06-02 20:24:57,149 - Step 04195: -10.6432 E_h, exp. variance=402.6190 E_h^2, pmove=0.33
2026-06-02 20:24:57,811 - Step 04196: -10.3107 E_h, exp. variance=362.3733 E_h^2, pmove=0.33
2026-06-02 20:24:58,473 - Step 04197: -11.0006 E_h, exp. variance=326.1445 E_h^2, pmove=0.32
2026-06-02 20:24:59,139 - Step 04198: -11.0952 E_h, exp. variance=293.5425 E_h^2, pmove=0.32
2026-06-02 20:24:59,801 - Step 04199: -11.1213 E_h, exp. variance=264.2000 E_h^2, pmove=0.32
2026-06-02 20:25:00,466 - Step 04200: -11.0933 E_h, exp. variance=237.7879 E_h^2, pmove=0.32
2026-06-02 20:25:01,130 - Step 04201: -11.1592 E_h, exp. variance=214.0191 E_h^2, pmove=0.33
2026-06-02 20:25:01,795 - Step 04202: -11.0762 E_h, exp. variance=192.6214 E_h^2, pmove=0.32
2026-06-02 20:25:02,458 - Step 04203: -11.1286 E_h, exp. variance=173.3647 E_h^2, pmove=0.32
2026-06-02 20:25:03,121 - Step 04204: -11.0246 E_h, exp. variance=156.0295 E_h^2, pmove=0.33
2026-06-02 20:25:03,783 - Step 04205: -11.0115 E_h, exp. variance=140.4274 E_h^2, pmove=0.33
2026-06-02 20:25:04,449 - Step 04206: -10.7456 E_h, exp. variance=126.3876 E_h^2, pmove=0.32
2026-06-02 20:25:05,113 - Step 04207: -11.0819 E_h, exp. variance=113.7515 E_h^2, pmove=0.32
2026-06-02 20:25:05,777 - Step 04208: -11.0801 E_h, exp. variance=102.3785 E_h^2, pmove=0.32
2026-06-02 20:25:06,440 - Step 04209: -11.0194 E_h, exp. variance=92.1412 E_h^2, pmove=0.32
2026-06-02 20:25:07,103 - Step 04210: -11.0933 E_h, exp. variance=82.9289 E_h^2, pmove=0.32
2026-06-02 20:25:07,767 - Step 04211: -11.1885 E_h, exp. variance=74.6406 E_h^2, pmove=0.33
2026-06-02 20:25:08,430 - Step 04212: -11.1655 E_h, exp. variance=67.1794 E_h^2, pmove=0.32
2026-06-02 20:25:09,093 - Step 04213: -11.0903 E_h, exp. variance=60.4621 E_h^2, pmove=0.32
2026-06-02 20:25:09,756 - Step 04214: -11.0508 E_h, exp. variance=54.4160 E_h^2, pmove=0.33
2026-06-02 20:25:10,419 - Step 04215: -11.0648 E_h, exp. variance=48.9747 E_h^2, pmove=0.33
2026-06-02 20:25:11,082 - Step 04216: -11.0390 E_h, exp. variance=44.0772 E_h^2, pmove=0.32
2026-06-02 20:25:11,745 - Step 04217: -11.0005 E_h, exp. variance=39.6695 E_h^2, pmove=0.32
2026-06-02 20:25:12,407 - Step 04218: -11.0681 E_h, exp. variance=35.7028 E_h^2, pmove=0.33
2026-06-02 20:25:13,071 - Step 04219: -11.1147 E_h, exp. variance=32.1332 E_h^2, pmove=0.32
2026-06-02 20:25:13,734 - Step 04220: -11.1065 E_h, exp. variance=28.9204 E_h^2, pmove=0.33
2026-06-02 20:25:14,398 - Step 04221: -11.0785 E_h, exp. variance=26.0285 E_h^2, pmove=0.33
2026-06-02 20:25:15,061 - Step 04222: -11.0711 E_h, exp. variance=23.4257 E_h^2, pmove=0.33
2026-06-02 20:25:15,725 - Step 04223: -11.0871 E_h, exp. variance=21.0832 E_h^2, pmove=0.32
2026-06-02 20:25:16,387 - Step 04224: -11.0727 E_h, exp. variance=18.9749 E_h^2, pmove=0.33
2026-06-02 20:25:17,050 - Step 04225: -11.0335 E_h, exp. variance=17.0775 E_h^2, pmove=0.33
2026-06-02 20:25:17,716 - Step 04226: -11.1416 E_h, exp. variance=15.3705 E_h^2, pmove=0.32
2026-06-02 20:25:18,381 - Step 04227: -11.1389 E_h, exp. variance=13.8340 E_h^2, pmove=0.32
2026-06-02 20:25:19,044 - Step 04228: -11.0891 E_h, exp. variance=12.4506 E_h^2, pmove=0.33
2026-06-02 20:25:19,709 - Step 04229: -10.9983 E_h, exp. variance=11.2060 E_h^2, pmove=0.33
2026-06-02 20:25:20,372 - Step 04230: -11.0652 E_h, exp. variance=10.0854 E_h^2, pmove=0.33
2026-06-02 20:25:21,037 - Step 04231: -11.0451 E_h, exp. variance=9.0769 E_h^2, pmove=0.32
2026-06-02 20:25:21,700 - Step 04232: -11.0461 E_h, exp. variance=8.1692 E_h^2, pmove=0.32
2026-06-02 20:25:22,363 - Step 04233: -11.1367 E_h, exp. variance=7.3528 E_h^2, pmove=0.33
2026-06-02 20:25:23,027 - Step 04234: -11.1017 E_h, exp. variance=6.6177 E_h^2, pmove=0.32
2026-06-02 20:25:23,691 - Step 04235: -11.0592 E_h, exp. variance=5.9559 E_h^2, pmove=0.32
2026-06-02 20:25:24,354 - Step 04236: -11.0339 E_h, exp. variance=5.3604 E_h^2, pmove=0.32
2026-06-02 20:25:25,017 - Step 04237: -11.1155 E_h, exp. variance=4.8246 E_h^2, pmove=0.33
2026-06-02 20:25:25,680 - Step 04238: -11.0195 E_h, exp. variance=4.3424 E_h^2, pmove=0.33
2026-06-02 20:25:26,344 - Step 04239: -11.0382 E_h, exp. variance=3.9082 E_h^2, pmove=0.32
2026-06-02 20:25:27,006 - Step 04240: -11.0710 E_h, exp. variance=3.5174 E_h^2, pmove=0.33
2026-06-02 20:25:27,669 - Step 04241: -11.0590 E_h, exp. variance=3.1657 E_h^2, pmove=0.32
2026-06-02 20:25:28,333 - Step 04242: -11.0800 E_h, exp. variance=2.8491 E_h^2, pmove=0.32
2026-06-02 20:25:28,998 - Step 04243: -11.0762 E_h, exp. variance=2.5642 E_h^2, pmove=0.33
2026-06-02 20:25:29,662 - Step 04244: -11.0607 E_h, exp. variance=2.3078 E_h^2, pmove=0.33
2026-06-02 20:25:30,326 - Step 04245: -11.0552 E_h, exp. variance=2.0770 E_h^2, pmove=0.33
2026-06-02 20:25:30,989 - Step 04246: -11.1147 E_h, exp. variance=1.8696 E_h^2, pmove=0.33
2026-06-02 20:25:31,657 - Step 04247: -11.0589 E_h, exp. variance=1.6826 E_h^2, pmove=0.32
2026-06-02 20:25:32,321 - Step 04248: -11.1417 E_h, exp. variance=1.5148 E_h^2, pmove=0.32
2026-06-02 20:25:32,984 - Step 04249: -11.1044 E_h, exp. variance=1.3634 E_h^2, pmove=0.32
2026-06-02 20:25:33,648 - Step 04250: -11.0847 E_h, exp. variance=1.2271 E_h^2, pmove=0.33
2026-06-02 20:25:34,311 - Step 04251: -11.0798 E_h, exp. variance=1.1044 E_h^2, pmove=0.33
2026-06-02 20:25:34,977 - Step 04252: -11.0202 E_h, exp. variance=0.9942 E_h^2, pmove=0.33
2026-06-02 20:25:35,639 - Step 04253: -11.1024 E_h, exp. variance=0.8949 E_h^2, pmove=0.33
2026-06-02 20:25:36,303 - Step 04254: -11.1349 E_h, exp. variance=0.8057 E_h^2, pmove=0.32
2026-06-02 20:25:36,966 - Step 04255: -11.1544 E_h, exp. variance=0.7256 E_h^2, pmove=0.33
2026-06-02 20:25:37,631 - Step 04256: -11.0923 E_h, exp. variance=0.6531 E_h^2, pmove=0.32
2026-06-02 20:25:38,294 - Step 04257: -11.0837 E_h, exp. variance=0.5878 E_h^2, pmove=0.33
2026-06-02 20:25:38,957 - Step 04258: -11.1398 E_h, exp. variance=0.5292 E_h^2, pmove=0.32
2026-06-02 20:25:39,621 - Step 04259: -11.1345 E_h, exp. variance=0.4764 E_h^2, pmove=0.32
2026-06-02 20:25:40,287 - Step 04260: -11.1016 E_h, exp. variance=0.4288 E_h^2, pmove=0.33
2026-06-02 20:25:40,952 - Step 04261: -11.1288 E_h, exp. variance=0.3860 E_h^2, pmove=0.33
2026-06-02 20:25:41,616 - Step 04262: -11.1090 E_h, exp. variance=0.3474 E_h^2, pmove=0.32
2026-06-02 20:25:42,280 - Step 04263: -11.1487 E_h, exp. variance=0.3129 E_h^2, pmove=0.32
2026-06-02 20:25:42,947 - Step 04264: -11.1550 E_h, exp. variance=0.2818 E_h^2, pmove=0.33
2026-06-02 20:25:43,611 - Step 04265: -11.0514 E_h, exp. variance=0.2539 E_h^2, pmove=0.33
2026-06-02 20:25:44,275 - Step 04266: -11.0484 E_h, exp. variance=0.2288 E_h^2, pmove=0.32
2026-06-02 20:25:44,938 - Step 04267: -11.0990 E_h, exp. variance=0.2059 E_h^2, pmove=0.33
2026-06-02 20:25:45,605 - Step 04268: -11.1712 E_h, exp. variance=0.1858 E_h^2, pmove=0.33
2026-06-02 20:25:46,269 - Step 04269: -11.1240 E_h, exp. variance=0.1673 E_h^2, pmove=0.33
2026-06-02 20:25:46,932 - Step 04270: -11.1124 E_h, exp. variance=0.1505 E_h^2, pmove=0.33
2026-06-02 20:25:47,596 - Step 04271: -11.1687 E_h, exp. variance=0.1358 E_h^2, pmove=0.33
2026-06-02 20:25:48,262 - Step 04272: -11.0660 E_h, exp. variance=0.1224 E_h^2, pmove=0.33
2026-06-02 20:25:48,926 - Step 04273: -11.0984 E_h, exp. variance=0.1102 E_h^2, pmove=0.32
2026-06-02 20:25:49,589 - Step 04274: -11.0407 E_h, exp. variance=0.0996 E_h^2, pmove=0.33
2026-06-02 20:25:50,252 - Step 04275: -11.0044 E_h, exp. variance=0.0905 E_h^2, pmove=0.32
2026-06-02 20:25:50,917 - Step 04276: -11.1452 E_h, exp. variance=0.0817 E_h^2, pmove=0.32
2026-06-02 20:25:51,580 - Step 04277: -11.1880 E_h, exp. variance=0.0743 E_h^2, pmove=0.33
2026-06-02 20:25:52,243 - Step 04278: -11.0807 E_h, exp. variance=0.0669 E_h^2, pmove=0.33
2026-06-02 20:25:52,905 - Step 04279: -11.1244 E_h, exp. variance=0.0602 E_h^2, pmove=0.32
2026-06-02 20:25:53,596 - Step 04280: -11.0610 E_h, exp. variance=0.0544 E_h^2, pmove=0.33
2026-06-02 20:25:54,259 - Step 04281: -11.0867 E_h, exp. variance=0.0490 E_h^2, pmove=0.32
2026-06-02 20:25:54,922 - Step 04282: -2.2111 E_h, exp. variance=7.1554 E_h^2, pmove=0.33
2026-06-02 20:25:55,586 - Step 04283: -11.1373 E_h, exp. variance=6.5171 E_h^2, pmove=0.33
2026-06-02 20:25:56,251 - Step 04284: -11.0771 E_h, exp. variance=5.9192 E_h^2, pmove=0.33
2026-06-02 20:25:56,915 - Step 04285: -11.0748 E_h, exp. variance=5.3706 E_h^2, pmove=0.33
2026-06-02 20:25:57,578 - Step 04286: -11.0747 E_h, exp. variance=4.8686 E_h^2, pmove=0.33
2026-06-02 20:25:58,242 - Step 04287: -11.1284 E_h, exp. variance=4.4158 E_h^2, pmove=0.33
2026-06-02 20:25:58,906 - Step 04288: -11.0604 E_h, exp. variance=3.9955 E_h^2, pmove=0.32
2026-06-02 20:25:59,572 - Step 04289: -11.1247 E_h, exp. variance=3.6186 E_h^2, pmove=0.32
2026-06-02 20:26:00,236 - Step 04290: -11.0941 E_h, exp. variance=3.2727 E_h^2, pmove=0.32
2026-06-02 20:26:00,899 - Step 04291: -11.0943 E_h, exp. variance=2.9583 E_h^2, pmove=0.33
2026-06-02 20:26:01,562 - Step 04292: -11.1138 E_h, exp. variance=2.6742 E_h^2, pmove=0.33
2026-06-02 20:26:02,228 - Step 04293: -11.1346 E_h, exp. variance=2.4175 E_h^2, pmove=0.33
2026-06-02 20:26:02,890 - Step 04294: -11.1521 E_h, exp. variance=2.1855 E_h^2, pmove=0.32
2026-06-02 20:26:03,553 - Step 04295: -11.1709 E_h, exp. variance=1.9758 E_h^2, pmove=0.32
2026-06-02 20:26:04,216 - Step 04296: -11.1465 E_h, exp. variance=1.7842 E_h^2, pmove=0.32
2026-06-02 20:26:04,882 - Step 04297: -11.1015 E_h, exp. variance=1.6090 E_h^2, pmove=0.33
2026-06-02 20:26:05,545 - Step 04298: -11.1763 E_h, exp. variance=1.4534 E_h^2, pmove=0.32
2026-06-02 20:26:06,209 - Step 04299: -11.1327 E_h, exp. variance=1.3109 E_h^2, pmove=0.33
2026-06-02 20:26:06,871 - Step 04300: -11.0686 E_h, exp. variance=1.1806 E_h^2, pmove=0.33
2026-06-02 20:26:07,538 - Step 04301: -11.0541 E_h, exp. variance=1.0630 E_h^2, pmove=0.33
2026-06-02 20:26:08,201 - Step 04302: -11.1197 E_h, exp. variance=0.9581 E_h^2, pmove=0.33
2026-06-02 20:26:08,864 - Step 04303: -11.0894 E_h, exp. variance=0.8630 E_h^2, pmove=0.32
2026-06-02 20:26:09,528 - Step 04304: -11.1124 E_h, exp. variance=0.7776 E_h^2, pmove=0.32
2026-06-02 20:26:10,196 - Step 04305: -11.0808 E_h, exp. variance=0.7001 E_h^2, pmove=0.33
2026-06-02 20:26:10,859 - Step 04306: -11.0840 E_h, exp. variance=0.6304 E_h^2, pmove=0.32
2026-06-02 20:26:11,522 - Step 04307: -11.0431 E_h, exp. variance=0.5674 E_h^2, pmove=0.32
2026-06-02 20:26:12,186 - Step 04308: -11.0879 E_h, exp. variance=0.5109 E_h^2, pmove=0.32
2026-06-02 20:26:12,850 - Step 04309: -11.1231 E_h, exp. variance=0.4604 E_h^2, pmove=0.32
2026-06-02 20:26:13,514 - Step 04310: -11.1476 E_h, exp. variance=0.4153 E_h^2, pmove=0.32
2026-06-02 20:26:14,178 - Step 04311: -11.1855 E_h, exp. variance=0.3752 E_h^2, pmove=0.32
2026-06-02 20:26:14,841 - Step 04312: -11.0929 E_h, exp. variance=0.3377 E_h^2, pmove=0.32
2026-06-02 20:26:15,507 - Step 04313: -11.0717 E_h, exp. variance=0.3039 E_h^2, pmove=0.32
2026-06-02 20:26:16,171 - Step 04314: -11.1110 E_h, exp. variance=0.2737 E_h^2, pmove=0.33
2026-06-02 20:26:16,834 - Step 04315: -11.1269 E_h, exp. variance=0.2465 E_h^2, pmove=0.32
2026-06-02 20:26:17,497 - Step 04316: -11.0761 E_h, exp. variance=0.2219 E_h^2, pmove=0.32
2026-06-02 20:26:18,162 - Step 04317: -11.1317 E_h, exp. variance=0.1999 E_h^2, pmove=0.32
2026-06-02 20:26:18,826 - Step 04318: -11.1299 E_h, exp. variance=0.1801 E_h^2, pmove=0.32
2026-06-02 20:26:19,489 - Step 04319: -11.0962 E_h, exp. variance=0.1621 E_h^2, pmove=0.32
2026-06-02 20:26:20,154 - Step 04320: -11.0883 E_h, exp. variance=0.1459 E_h^2, pmove=0.32
2026-06-02 20:26:20,817 - Step 04321: -11.0705 E_h, exp. variance=0.1313 E_h^2, pmove=0.32
2026-06-02 20:26:21,480 - Step 04322: -11.1359 E_h, exp. variance=0.1184 E_h^2, pmove=0.32
2026-06-02 20:26:22,144 - Step 04323: -11.0695 E_h, exp. variance=0.1066 E_h^2, pmove=0.32
2026-06-02 20:26:31,320 - Step 04324: -10.9909 E_h, exp. variance=0.0969 E_h^2, pmove=0.33
2026-06-02 20:26:31,992 - Step 04325: -11.1225 E_h, exp. variance=0.0873 E_h^2, pmove=0.32
2026-06-02 20:26:32,656 - Step 04326: -11.0780 E_h, exp. variance=0.0786 E_h^2, pmove=0.33
2026-06-02 20:26:33,318 - Step 04327: -11.1241 E_h, exp. variance=0.0709 E_h^2, pmove=0.32
2026-06-02 20:26:33,981 - Step 04328: -11.0683 E_h, exp. variance=0.0638 E_h^2, pmove=0.32
2026-06-02 20:26:34,643 - Step 04329: -11.0676 E_h, exp. variance=0.0575 E_h^2, pmove=0.32
2026-06-02 20:26:35,309 - Step 04330: -11.0916 E_h, exp. variance=0.0517 E_h^2, pmove=0.32
2026-06-02 20:26:35,971 - Step 04331: -11.0155 E_h, exp. variance=0.0470 E_h^2, pmove=0.32
2026-06-02 20:26:36,634 - Step 04332: -11.0612 E_h, exp. variance=0.0423 E_h^2, pmove=0.32
2026-06-02 20:26:37,298 - Step 04333: -11.0586 E_h, exp. variance=0.0381 E_h^2, pmove=0.32
2026-06-02 20:26:37,963 - Step 04334: -11.1598 E_h, exp. variance=0.0350 E_h^2, pmove=0.32
2026-06-02 20:26:38,627 - Step 04335: -11.1415 E_h, exp. variance=0.0318 E_h^2, pmove=0.33
2026-06-02 20:26:39,291 - Step 04336: -11.1082 E_h, exp. variance=0.0286 E_h^2, pmove=0.33
2026-06-02 20:26:39,955 - Step 04337: -11.0345 E_h, exp. variance=0.0260 E_h^2, pmove=0.33
2026-06-02 20:26:40,618 - Step 04338: -11.0838 E_h, exp. variance=0.0234 E_h^2, pmove=0.32
2026-06-02 20:26:41,283 - Step 04339: -11.1317 E_h, exp. variance=0.0213 E_h^2, pmove=0.33
2026-06-02 20:26:41,947 - Step 04340: -11.1522 E_h, exp. variance=0.0195 E_h^2, pmove=0.32
2026-06-02 20:26:42,611 - Step 04341: -11.1026 E_h, exp. variance=0.0176 E_h^2, pmove=0.32
2026-06-02 20:26:43,275 - Step 04342: -11.1448 E_h, exp. variance=0.0160 E_h^2, pmove=0.33
2026-06-02 20:26:43,938 - Step 04343: -11.1195 E_h, exp. variance=0.0144 E_h^2, pmove=0.32
2026-06-02 20:26:44,601 - Step 04344: -11.1441 E_h, exp. variance=0.0132 E_h^2, pmove=0.32
2026-06-02 20:26:45,265 - Step 04345: -11.2519 E_h, exp. variance=0.0137 E_h^2, pmove=0.32
2026-06-02 20:26:45,929 - Step 04346: -11.2326 E_h, exp. variance=0.0134 E_h^2, pmove=0.32
2026-06-02 20:26:46,594 - Step 04347: -11.1816 E_h, exp. variance=0.0123 E_h^2, pmove=0.33
2026-06-02 20:26:47,259 - Step 04348: -11.0837 E_h, exp. variance=0.0113 E_h^2, pmove=0.33
2026-06-02 20:26:47,924 - Step 04349: -11.1463 E_h, exp. variance=0.0102 E_h^2, pmove=0.32
2026-06-02 20:26:48,592 - Step 04350: -11.0410 E_h, exp. variance=0.0100 E_h^2, pmove=0.32
2026-06-02 20:26:49,257 - Step 04351: -11.0305 E_h, exp. variance=0.0098 E_h^2, pmove=0.33
2026-06-02 20:26:49,922 - Step 04352: -11.1331 E_h, exp. variance=0.0088 E_h^2, pmove=0.32
2026-06-02 20:26:50,587 - Step 04353: -11.1263 E_h, exp. variance=0.0080 E_h^2, pmove=0.33
2026-06-02 20:26:51,255 - Step 04354: -11.1742 E_h, exp. variance=0.0074 E_h^2, pmove=0.33
2026-06-02 20:26:51,921 - Step 04355: -10.7387 E_h, exp. variance=0.0200 E_h^2, pmove=0.33
2026-06-02 20:26:52,588 - Step 04356: -11.1748 E_h, exp. variance=0.0187 E_h^2, pmove=0.32
2026-06-02 20:26:53,253 - Step 04357: -11.1073 E_h, exp. variance=0.0169 E_h^2, pmove=0.33
2026-06-02 20:26:53,924 - Step 04358: -11.1219 E_h, exp. variance=0.0153 E_h^2, pmove=0.33
2026-06-02 20:26:54,590 - Step 04359: -10.9349 E_h, exp. variance=0.0161 E_h^2, pmove=0.32
2026-06-02 20:26:55,256 - Step 04360: -11.1918 E_h, exp. variance=0.0156 E_h^2, pmove=0.33
2026-06-02 20:26:55,921 - Step 04361: -11.1313 E_h, exp. variance=0.0142 E_h^2, pmove=0.32
2026-06-02 20:26:56,590 - Step 04362: -10.9912 E_h, exp. variance=0.0138 E_h^2, pmove=0.33
2026-06-02 20:26:57,256 - Step 04363: -10.6910 E_h, exp. variance=0.0264 E_h^2, pmove=0.33
2026-06-02 20:26:57,921 - Step 04364: -11.1352 E_h, exp. variance=0.0245 E_h^2, pmove=0.32
2026-06-02 20:26:58,585 - Step 04365: -11.1600 E_h, exp. variance=0.0230 E_h^2, pmove=0.32
2026-06-02 20:26:59,252 - Step 04366: -11.0882 E_h, exp. variance=0.0208 E_h^2, pmove=0.32
2026-06-02 20:26:59,923 - Step 04367: -11.0248 E_h, exp. variance=0.0189 E_h^2, pmove=0.33
2026-06-02 20:27:00,588 - Step 04368: -11.1441 E_h, exp. variance=0.0176 E_h^2, pmove=0.33
2026-06-02 20:27:01,253 - Step 04369: -11.1502 E_h, exp. variance=0.0164 E_h^2, pmove=0.32
2026-06-02 20:27:01,918 - Step 04370: -11.0938 E_h, exp. variance=0.0147 E_h^2, pmove=0.33
2026-06-02 20:27:02,586 - Step 04371: -11.1363 E_h, exp. variance=0.0135 E_h^2, pmove=0.33
2026-06-02 20:27:03,251 - Step 04372: -11.1484 E_h, exp. variance=0.0125 E_h^2, pmove=0.32
2026-06-02 20:27:03,918 - Step 04373: -11.1200 E_h, exp. variance=0.0113 E_h^2, pmove=0.32
2026-06-02 20:27:04,585 - Step 04374: -10.9818 E_h, exp. variance=0.0114 E_h^2, pmove=0.33
2026-06-02 20:27:05,254 - Step 04375: -10.9589 E_h, exp. variance=0.0116 E_h^2, pmove=0.33
2026-06-02 20:27:05,920 - Step 04376: -10.8517 E_h, exp. variance=0.0148 E_h^2, pmove=0.32
2026-06-02 20:27:06,586 - Step 04377: -11.0473 E_h, exp. variance=0.0133 E_h^2, pmove=0.33
2026-06-02 20:27:07,252 - Step 04378: -8.4952 E_h, exp. variance=0.5991 E_h^2, pmove=0.33
2026-06-02 20:27:07,920 - Step 04379: -11.2289 E_h, exp. variance=0.5562 E_h^2, pmove=0.32
2026-06-02 20:27:08,586 - Step 04380: -11.1279 E_h, exp. variance=0.5082 E_h^2, pmove=0.33
2026-06-02 20:27:09,251 - Step 04381: -11.1138 E_h, exp. variance=0.4629 E_h^2, pmove=0.32
2026-06-02 20:27:09,917 - Step 04382: -11.1185 E_h, exp. variance=0.4213 E_h^2, pmove=0.32
2026-06-02 20:27:10,586 - Step 04383: -11.0666 E_h, exp. variance=0.3812 E_h^2, pmove=0.32
2026-06-02 20:27:11,251 - Step 04384: -11.0703 E_h, exp. variance=0.3449 E_h^2, pmove=0.32
2026-06-02 20:27:11,917 - Step 04385: -11.1666 E_h, exp. variance=0.3149 E_h^2, pmove=0.32
2026-06-02 20:27:12,583 - Step 04386: -11.1588 E_h, exp. variance=0.2868 E_h^2, pmove=0.32
2026-06-02 20:27:13,250 - Step 04387: -11.1726 E_h, exp. variance=0.2613 E_h^2, pmove=0.32
2026-06-02 20:27:13,916 - Step 04388: -11.1811 E_h, exp. variance=0.2380 E_h^2, pmove=0.32
2026-06-02 20:27:14,582 - Step 04389: -11.1126 E_h, exp. variance=0.2149 E_h^2, pmove=0.32
2026-06-02 20:27:15,248 - Step 04390: -11.1144 E_h, exp. variance=0.1941 E_h^2, pmove=0.32
2026-06-02 20:27:15,916 - Step 04391: -11.1477 E_h, exp. variance=0.1757 E_h^2, pmove=0.32
2026-06-02 20:27:16,582 - Step 04392: -11.1289 E_h, exp. variance=0.1587 E_h^2, pmove=0.33
2026-06-02 20:27:17,249 - Step 04393: -11.1314 E_h, exp. variance=0.1433 E_h^2, pmove=0.32
2026-06-02 20:27:17,915 - Step 04394: -11.1971 E_h, exp. variance=0.1306 E_h^2, pmove=0.32
2026-06-02 20:27:18,583 - Step 04395: -11.1710 E_h, exp. variance=0.1183 E_h^2, pmove=0.32
2026-06-02 20:27:19,248 - Step 04396: -11.1923 E_h, exp. variance=0.1074 E_h^2, pmove=0.33
2026-06-02 20:27:19,914 - Step 04397: -11.1015 E_h, exp. variance=0.0967 E_h^2, pmove=0.33
2026-06-02 20:27:20,580 - Step 04398: -11.0913 E_h, exp. variance=0.0870 E_h^2, pmove=0.33
2026-06-02 20:27:21,248 - Step 04399: -11.1346 E_h, exp. variance=0.0784 E_h^2, pmove=0.33
2026-06-02 20:27:21,914 - Step 04400: -11.1120 E_h, exp. variance=0.0706 E_h^2, pmove=0.33
2026-06-02 20:27:22,580 - Step 04401: -11.1520 E_h, exp. variance=0.0638 E_h^2, pmove=0.33
2026-06-02 20:27:23,245 - Step 04402: -11.1250 E_h, exp. variance=0.0574 E_h^2, pmove=0.33
2026-06-02 20:27:23,914 - Step 04403: -10.4288 E_h, exp. variance=0.0933 E_h^2, pmove=0.33
2026-06-02 20:27:24,579 - Step 04404: -10.2319 E_h, exp. variance=0.1429 E_h^2, pmove=0.33
2026-06-02 20:27:25,245 - Step 04405: -11.0654 E_h, exp. variance=0.1296 E_h^2, pmove=0.33
2026-06-02 20:27:25,910 - Step 04406: -11.1304 E_h, exp. variance=0.1190 E_h^2, pmove=0.33
2026-06-02 20:27:26,580 - Step 04407: -10.8998 E_h, exp. variance=0.1078 E_h^2, pmove=0.33
2026-06-02 20:27:27,247 - Step 04408: -10.9509 E_h, exp. variance=0.0970 E_h^2, pmove=0.33
2026-06-02 20:27:27,913 - Step 04409: -11.0967 E_h, exp. variance=0.0887 E_h^2, pmove=0.32
2026-06-02 20:27:28,579 - Step 04410: -11.1068 E_h, exp. variance=0.0811 E_h^2, pmove=0.32
2026-06-02 20:27:29,245 - Step 04411: -11.0985 E_h, exp. variance=0.0739 E_h^2, pmove=0.33
2026-06-02 20:27:29,916 - Step 04412: -11.1752 E_h, exp. variance=0.0690 E_h^2, pmove=0.32
2026-06-02 20:27:30,581 - Step 04413: -11.0972 E_h, exp. variance=0.0625 E_h^2, pmove=0.33
2026-06-02 20:27:31,247 - Step 04414: -11.1344 E_h, exp. variance=0.0572 E_h^2, pmove=0.32
2026-06-02 20:27:31,912 - Step 04415: -11.1443 E_h, exp. variance=0.0524 E_h^2, pmove=0.33
2026-06-02 20:27:32,579 - Step 04416: -11.1251 E_h, exp. variance=0.0476 E_h^2, pmove=0.33
2026-06-02 20:27:33,245 - Step 04417: -11.1106 E_h, exp. variance=0.0431 E_h^2, pmove=0.33
2026-06-02 20:27:33,910 - Step 04418: -11.1863 E_h, exp. variance=0.0401 E_h^2, pmove=0.33
2026-06-02 20:27:34,577 - Step 04419: -11.1621 E_h, exp. variance=0.0367 E_h^2, pmove=0.33
2026-06-02 20:27:35,243 - Step 04420: -11.1928 E_h, exp. variance=0.0341 E_h^2, pmove=0.33
2026-06-02 20:27:35,910 - Step 04421: -11.2003 E_h, exp. variance=0.0316 E_h^2, pmove=0.33
2026-06-02 20:27:36,577 - Step 04422: -10.7482 E_h, exp. variance=0.0401 E_h^2, pmove=0.33
2026-06-02 20:27:37,243 - Step 04423: -10.2284 E_h, exp. variance=0.1000 E_h^2, pmove=0.33
2026-06-02 20:27:37,909 - Step 04424: -11.1504 E_h, exp. variance=0.0924 E_h^2, pmove=0.33
2026-06-02 20:27:38,576 - Step 04425: -8.6838 E_h, exp. variance=0.5673 E_h^2, pmove=0.33
2026-06-02 20:27:39,242 - Step 04426: -10.8818 E_h, exp. variance=0.5117 E_h^2, pmove=0.33
2026-06-02 20:27:39,908 - Step 04427: -10.9625 E_h, exp. variance=0.4634 E_h^2, pmove=0.32
2026-06-02 20:27:40,574 - Step 04428: 2.7292 E_h, exp. variance=16.8914 E_h^2, pmove=0.33
2026-06-02 20:27:41,240 - Step 04429: -11.0658 E_h, exp. variance=15.4380 E_h^2, pmove=0.33
2026-06-02 20:27:41,905 - Step 04430: -11.1138 E_h, exp. variance=14.0979 E_h^2, pmove=0.33
2026-06-02 20:27:42,571 - Step 04431: -11.0827 E_h, exp. variance=12.8457 E_h^2, pmove=0.33
2026-06-02 20:27:43,237 - Step 04432: -11.1359 E_h, exp. variance=11.7004 E_h^2, pmove=0.32
2026-06-02 20:27:43,905 - Step 04433: -11.1659 E_h, exp. variance=10.6493 E_h^2, pmove=0.32
2026-06-02 20:27:44,571 - Step 04434: -11.1107 E_h, exp. variance=9.6707 E_h^2, pmove=0.33
2026-06-02 20:27:45,237 - Step 04435: -11.1820 E_h, exp. variance=8.7853 E_h^2, pmove=0.33
2026-06-02 20:27:45,904 - Step 04436: -11.1862 E_h, exp. variance=7.9736 E_h^2, pmove=0.33
2026-06-02 20:27:46,570 - Step 04437: -7.8241 E_h, exp. variance=7.7784 E_h^2, pmove=0.33
2026-06-02 20:27:47,236 - Step 04438: -11.1089 E_h, exp. variance=7.0830 E_h^2, pmove=0.33
2026-06-02 20:27:47,902 - Step 04439: -11.1330 E_h, exp. variance=6.4452 E_h^2, pmove=0.33
2026-06-02 20:27:48,570 - Step 04440: 10.4293 E_h, exp. variance=44.6095 E_h^2, pmove=0.33
2026-06-02 20:27:49,236 - Step 04441: -11.1544 E_h, exp. variance=40.9027 E_h^2, pmove=0.32
2026-06-02 20:27:49,902 - Step 04442: -11.1903 E_h, exp. variance=37.4403 E_h^2, pmove=0.33
2026-06-02 20:27:50,568 - Step 04443: -11.2385 E_h, exp. variance=34.2256 E_h^2, pmove=0.33
2026-06-02 20:27:51,235 - Step 04444: -11.2755 E_h, exp. variance=31.2464 E_h^2, pmove=0.33
2026-06-02 20:27:51,902 - Step 04445: -11.1893 E_h, exp. variance=28.4506 E_h^2, pmove=0.33
2026-06-02 20:27:52,568 - Step 04446: -11.1170 E_h, exp. variance=25.8500 E_h^2, pmove=0.33
2026-06-02 20:27:53,233 - Step 04447: -11.1868 E_h, exp. variance=23.4821 E_h^2, pmove=0.33
2026-06-02 20:27:53,901 - Step 04448: -11.1245 E_h, exp. variance=21.2944 E_h^2, pmove=0.33
2026-06-02 20:27:54,568 - Step 04449: -11.0530 E_h, exp. variance=19.2800 E_h^2, pmove=0.32
2026-06-02 20:27:55,233 - Step 04450: -11.0936 E_h, exp. variance=17.4527 E_h^2, pmove=0.32
2026-06-02 20:27:55,899 - Step 04451: -0.1989 E_h, exp. variance=24.6043 E_h^2, pmove=0.33
2026-06-02 20:27:56,566 - Step 04452: -11.1333 E_h, exp. variance=22.4989 E_h^2, pmove=0.33
2026-06-02 20:27:57,232 - Step 04453: -11.2181 E_h, exp. variance=20.5645 E_h^2, pmove=0.33
2026-06-02 20:27:57,899 - Step 04454: -11.1657 E_h, exp. variance=18.7480 E_h^2, pmove=0.33
2026-06-02 20:27:58,564 - Step 04455: -11.1116 E_h, exp. variance=17.0534 E_h^2, pmove=0.33
2026-06-02 20:27:59,230 - Step 04456: -11.1051 E_h, exp. variance=15.4926 E_h^2, pmove=0.33
2026-06-02 20:27:59,898 - Step 04457: -11.0991 E_h, exp. variance=14.0592 E_h^2, pmove=0.33
2026-06-02 20:28:00,566 - Step 04458: -11.1799 E_h, exp. variance=12.7626 E_h^2, pmove=0.33
2026-06-02 20:28:01,230 - Step 04459: -11.1553 E_h, exp. variance=11.5705 E_h^2, pmove=0.33
2026-06-02 20:28:01,896 - Step 04460: -11.1851 E_h, exp. variance=10.4864 E_h^2, pmove=0.33
2026-06-02 20:28:02,564 - Step 04461: -11.1653 E_h, exp. variance=9.4940 E_h^2, pmove=0.33
2026-06-02 20:28:03,229 - Step 04462: -11.1543 E_h, exp. variance=8.5887 E_h^2, pmove=0.33
2026-06-02 20:28:03,893 - Step 04463: -11.2499 E_h, exp. variance=7.7773 E_h^2, pmove=0.32
2026-06-02 20:28:04,557 - Step 04464: -11.1119 E_h, exp. variance=7.0234 E_h^2, pmove=0.33
2026-06-02 20:28:05,223 - Step 04465: -11.1938 E_h, exp. variance=6.3479 E_h^2, pmove=0.33
2026-06-02 20:28:05,888 - Step 04466: -11.1870 E_h, exp. variance=5.7342 E_h^2, pmove=0.32
2026-06-02 20:28:06,551 - Step 04467: -11.1565 E_h, exp. variance=5.1756 E_h^2, pmove=0.33
2026-06-02 20:28:07,216 - Step 04468: -11.1552 E_h, exp. variance=4.6699 E_h^2, pmove=0.33
2026-06-02 20:28:07,885 - Step 04469: -11.0779 E_h, exp. variance=4.2085 E_h^2, pmove=0.33
2026-06-02 20:28:08,549 - Step 04470: -11.1213 E_h, exp. variance=3.7942 E_h^2, pmove=0.33
2026-06-02 20:28:09,213 - Step 04471: -11.1406 E_h, exp. variance=3.4209 E_h^2, pmove=0.32
2026-06-02 20:28:09,877 - Step 04472: -11.0957 E_h, exp. variance=3.0820 E_h^2, pmove=0.33
2026-06-02 20:28:10,544 - Step 04473: -11.0857 E_h, exp. variance=2.7762 E_h^2, pmove=0.32
2026-06-02 20:28:11,211 - Step 04474: -10.9265 E_h, exp. variance=2.4986 E_h^2, pmove=0.32
2026-06-02 20:28:11,876 - Step 04475: -11.0994 E_h, exp. variance=2.2510 E_h^2, pmove=0.33
2026-06-02 20:28:12,540 - Step 04476: -11.0232 E_h, exp. variance=2.0263 E_h^2, pmove=0.33
2026-06-02 20:28:13,206 - Step 04477: -11.1341 E_h, exp. variance=1.8263 E_h^2, pmove=0.32
2026-06-02 20:28:13,870 - Step 04478: -11.2011 E_h, exp. variance=1.6481 E_h^2, pmove=0.33
2026-06-02 20:28:14,534 - Step 04479: -11.2047 E_h, exp. variance=1.4870 E_h^2, pmove=0.33
2026-06-02 20:28:15,199 - Step 04480: -11.1332 E_h, exp. variance=1.3394 E_h^2, pmove=0.33
2026-06-02 20:28:15,865 - Step 04481: -11.1633 E_h, exp. variance=1.2070 E_h^2, pmove=0.33
2026-06-02 20:28:16,530 - Step 04482: -11.2062 E_h, exp. variance=1.0886 E_h^2, pmove=0.32
2026-06-02 20:28:17,194 - Step 04483: -11.2521 E_h, exp. variance=0.9830 E_h^2, pmove=0.33
2026-06-02 20:28:17,858 - Step 04484: -11.2321 E_h, exp. variance=0.8868 E_h^2, pmove=0.33
2026-06-02 20:28:18,522 - Step 04485: -10.0648 E_h, exp. variance=0.8938 E_h^2, pmove=0.33
2026-06-02 20:28:19,183 - Step 04486: -11.1509 E_h, exp. variance=0.8067 E_h^2, pmove=0.33
2026-06-02 20:28:19,846 - Step 04487: -11.0919 E_h, exp. variance=0.7266 E_h^2, pmove=0.33
2026-06-02 20:28:20,508 - Step 04488: -11.1206 E_h, exp. variance=0.6549 E_h^2, pmove=0.33
2026-06-02 20:28:21,171 - Step 04489: -11.1422 E_h, exp. variance=0.5906 E_h^2, pmove=0.33
2026-06-02 20:28:21,836 - Step 04490: -11.1418 E_h, exp. variance=0.5325 E_h^2, pmove=0.32
2026-06-02 20:28:22,497 - Step 04491: -11.1960 E_h, exp. variance=0.4812 E_h^2, pmove=0.33
2026-06-02 20:28:23,159 - Step 04492: -11.1905 E_h, exp. variance=0.4345 E_h^2, pmove=0.33
2026-06-02 20:28:23,820 - Step 04493: -11.1862 E_h, exp. variance=0.3922 E_h^2, pmove=0.33
2026-06-02 20:28:24,485 - Step 04494: -11.2129 E_h, exp. variance=0.3544 E_h^2, pmove=0.33
2026-06-02 20:28:25,147 - Step 04495: -11.1705 E_h, exp. variance=0.3194 E_h^2, pmove=0.32
2026-06-02 20:28:25,809 - Step 04496: -11.1890 E_h, exp. variance=0.2880 E_h^2, pmove=0.33
2026-06-02 20:28:26,471 - Step 04497: -11.1950 E_h, exp. variance=0.2598 E_h^2, pmove=0.33
2026-06-02 20:28:27,136 - Step 04498: -11.2247 E_h, exp. variance=0.2347 E_h^2, pmove=0.33
2026-06-02 20:28:27,798 - Step 04499: -11.2852 E_h, exp. variance=0.2133 E_h^2, pmove=0.33
2026-06-02 20:28:28,460 - Step 04500: -11.1685 E_h, exp. variance=0.1920 E_h^2, pmove=0.33
2026-06-02 20:28:29,122 - Step 04501: -11.1782 E_h, exp. variance=0.1729 E_h^2, pmove=0.33
2026-06-02 20:28:29,787 - Step 04502: -11.1908 E_h, exp. variance=0.1557 E_h^2, pmove=0.33
2026-06-02 20:28:30,449 - Step 04503: -11.1607 E_h, exp. variance=0.1402 E_h^2, pmove=0.32
2026-06-02 20:28:31,113 - Step 04504: -11.1169 E_h, exp. variance=0.1263 E_h^2, pmove=0.33
2026-06-02 20:28:31,778 - Step 04505: -11.1661 E_h, exp. variance=0.1137 E_h^2, pmove=0.33
2026-06-02 20:28:32,444 - Step 04506: -11.1573 E_h, exp. variance=0.1023 E_h^2, pmove=0.33
2026-06-02 20:28:33,108 - Step 04507: -11.1290 E_h, exp. variance=0.0921 E_h^2, pmove=0.33
2026-06-02 20:28:33,770 - Step 04508: -11.2032 E_h, exp. variance=0.0832 E_h^2, pmove=0.33
2026-06-02 20:28:34,433 - Step 04509: -11.2222 E_h, exp. variance=0.0752 E_h^2, pmove=0.32
2026-06-02 20:28:35,099 - Step 04510: -11.1756 E_h, exp. variance=0.0677 E_h^2, pmove=0.33
2026-06-02 20:28:35,762 - Step 04511: -11.1806 E_h, exp. variance=0.0610 E_h^2, pmove=0.32
2026-06-02 20:28:36,426 - Step 04512: -11.2140 E_h, exp. variance=0.0551 E_h^2, pmove=0.33
2026-06-02 20:28:37,089 - Step 04513: -11.2369 E_h, exp. variance=0.0500 E_h^2, pmove=0.33
2026-06-02 20:28:37,756 - Step 04514: -11.2555 E_h, exp. variance=0.0455 E_h^2, pmove=0.33
2026-06-02 20:28:38,419 - Step 04515: -11.1395 E_h, exp. variance=0.0411 E_h^2, pmove=0.32
2026-06-02 20:28:39,080 - Step 04516: -11.1921 E_h, exp. variance=0.0370 E_h^2, pmove=0.32
2026-06-02 20:28:39,743 - Step 04517: -11.2350 E_h, exp. variance=0.0336 E_h^2, pmove=0.33
2026-06-02 20:28:40,409 - Step 04518: -11.2365 E_h, exp. variance=0.0304 E_h^2, pmove=0.33
2026-06-02 20:28:41,105 - Step 04519: -11.2684 E_h, exp. variance=0.0279 E_h^2, pmove=0.33
2026-06-02 20:28:41,768 - Step 04520: -11.2634 E_h, exp. variance=0.0255 E_h^2, pmove=0.33
2026-06-02 20:28:42,430 - Step 04521: -11.1811 E_h, exp. variance=0.0230 E_h^2, pmove=0.33
2026-06-02 20:28:43,094 - Step 04522: -11.1176 E_h, exp. variance=0.0214 E_h^2, pmove=0.33
2026-06-02 20:28:43,758 - Step 04523: -11.1240 E_h, exp. variance=0.0197 E_h^2, pmove=0.33
2026-06-02 20:28:44,421 - Step 04524: -10.9423 E_h, exp. variance=0.0232 E_h^2, pmove=0.33
2026-06-02 20:28:45,084 - Step 04525: -11.0490 E_h, exp. variance=0.0220 E_h^2, pmove=0.33
2026-06-02 20:28:45,747 - Step 04526: -10.7673 E_h, exp. variance=0.0331 E_h^2, pmove=0.33
2026-06-02 20:28:46,411 - Step 04527: -10.8779 E_h, exp. variance=0.0348 E_h^2, pmove=0.33
2026-06-02 20:28:47,073 - Step 04528: -11.0871 E_h, exp. variance=0.0313 E_h^2, pmove=0.33
2026-06-02 20:28:47,737 - Step 04529: -11.1458 E_h, exp. variance=0.0285 E_h^2, pmove=0.33
2026-06-02 20:28:48,399 - Step 04530: -8.1056 E_h, exp. variance=0.8301 E_h^2, pmove=0.33
2026-06-02 20:28:49,063 - Step 04531: -11.2011 E_h, exp. variance=0.7618 E_h^2, pmove=0.32
2026-06-02 20:28:49,726 - Step 04532: -11.2415 E_h, exp. variance=0.7004 E_h^2, pmove=0.33
2026-06-02 20:28:50,390 - Step 04533: -11.2023 E_h, exp. variance=0.6398 E_h^2, pmove=0.33
2026-06-02 20:28:51,053 - Step 04534: -11.1594 E_h, exp. variance=0.5815 E_h^2, pmove=0.33
2026-06-02 20:28:51,716 - Step 04535: -11.1564 E_h, exp. variance=0.5277 E_h^2, pmove=0.33
2026-06-02 20:28:52,379 - Step 04536: -11.1839 E_h, exp. variance=0.4796 E_h^2, pmove=0.32
2026-06-02 20:28:53,041 - Step 04537: -11.2528 E_h, exp. variance=0.4384 E_h^2, pmove=0.33
2026-06-02 20:28:53,704 - Step 04538: -11.1525 E_h, exp. variance=0.3964 E_h^2, pmove=0.33
2026-06-02 20:28:54,367 - Step 04539: -10.8175 E_h, exp. variance=0.3605 E_h^2, pmove=0.33
2026-06-02 20:28:55,033 - Step 04540: -11.1518 E_h, exp. variance=0.3265 E_h^2, pmove=0.32
2026-06-02 20:28:55,697 - Step 04541: -11.2185 E_h, exp. variance=0.2976 E_h^2, pmove=0.32
2026-06-02 20:28:56,360 - Step 04542: -11.1737 E_h, exp. variance=0.2695 E_h^2, pmove=0.33
2026-06-02 20:28:57,023 - Step 04543: -11.1786 E_h, exp. variance=0.2440 E_h^2, pmove=0.33
2026-06-02 20:28:57,687 - Step 04544: -11.1423 E_h, exp. variance=0.2202 E_h^2, pmove=0.33
2026-06-02 20:28:58,349 - Step 04545: -11.1955 E_h, exp. variance=0.1996 E_h^2, pmove=0.33
2026-06-02 20:28:59,014 - Step 04546: -11.3041 E_h, exp. variance=0.1840 E_h^2, pmove=0.33
2026-06-02 20:28:59,678 - Step 04547: -11.1800 E_h, exp. variance=0.1661 E_h^2, pmove=0.32
2026-06-02 20:29:00,343 - Step 04548: -11.1693 E_h, exp. variance=0.1498 E_h^2, pmove=0.33
2026-06-02 20:29:01,008 - Step 04549: -11.1560 E_h, exp. variance=0.1349 E_h^2, pmove=0.33
2026-06-02 20:29:01,671 - Step 04550: -11.1651 E_h, exp. variance=0.1216 E_h^2, pmove=0.33
2026-06-02 20:29:02,335 - Step 04551: -11.1157 E_h, exp. variance=0.1094 E_h^2, pmove=0.33
2026-06-02 20:29:02,998 - Step 04552: -11.1566 E_h, exp. variance=0.0986 E_h^2, pmove=0.32
2026-06-02 20:29:03,661 - Step 04553: -11.1753 E_h, exp. variance=0.0889 E_h^2, pmove=0.33
2026-06-02 20:29:04,325 - Step 04554: -11.2079 E_h, exp. variance=0.0805 E_h^2, pmove=0.33
2026-06-02 20:29:04,990 - Step 04555: -11.1955 E_h, exp. variance=0.0728 E_h^2, pmove=0.32
2026-06-02 20:29:05,652 - Step 04556: -11.2534 E_h, exp. variance=0.0665 E_h^2, pmove=0.33
2026-06-02 20:29:06,316 - Step 04557: -11.1202 E_h, exp. variance=0.0600 E_h^2, pmove=0.33
2026-06-02 20:29:06,980 - Step 04558: -11.1961 E_h, exp. variance=0.0541 E_h^2, pmove=0.32
2026-06-02 20:29:07,643 - Step 04559: -11.2464 E_h, exp. variance=0.0494 E_h^2, pmove=0.32
2026-06-02 20:29:08,306 - Step 04560: -11.2263 E_h, exp. variance=0.0448 E_h^2, pmove=0.33
2026-06-02 20:29:08,969 - Step 04561: -11.2072 E_h, exp. variance=0.0404 E_h^2, pmove=0.32
2026-06-02 20:29:09,631 - Step 04562: -11.2498 E_h, exp. variance=0.0369 E_h^2, pmove=0.32
2026-06-02 20:29:10,294 - Step 04563: -11.1463 E_h, exp. variance=0.0333 E_h^2, pmove=0.33
2026-06-02 20:29:10,960 - Step 04564: -11.1448 E_h, exp. variance=0.0301 E_h^2, pmove=0.33
2026-06-02 20:29:11,624 - Step 04565: -11.2218 E_h, exp. variance=0.0273 E_h^2, pmove=0.32
2026-06-02 20:29:12,287 - Step 04566: -11.2141 E_h, exp. variance=0.0247 E_h^2, pmove=0.32
2026-06-02 20:29:12,951 - Step 04567: -11.1695 E_h, exp. variance=0.0222 E_h^2, pmove=0.32
2026-06-02 20:29:13,616 - Step 04568: -11.2181 E_h, exp. variance=0.0201 E_h^2, pmove=0.32
2026-06-02 20:29:14,280 - Step 04569: -11.2354 E_h, exp. variance=0.0183 E_h^2, pmove=0.32
2026-06-02 20:29:15,007 - Step 04570: -11.1399 E_h, exp. variance=0.0167 E_h^2, pmove=0.33
2026-06-02 20:29:15,671 - Step 04571: -11.2557 E_h, exp. variance=0.0155 E_h^2, pmove=0.33
2026-06-02 20:29:16,341 - Step 04572: -11.2096 E_h, exp. variance=0.0140 E_h^2, pmove=0.33
2026-06-02 20:29:17,007 - Step 04573: -11.1738 E_h, exp. variance=0.0126 E_h^2, pmove=0.33
2026-06-02 20:29:17,008 - Saving checkpoint results/bilayer-bosons/BosonNet/N24_layers12_12_rs3.0_d2.0_D20.0_sq/qmcjax_ckpt_004573.npz
2026-06-02 20:29:17,729 - Step 04574: -11.2773 E_h, exp. variance=0.0120 E_h^2, pmove=0.33
2026-06-02 20:29:18,393 - Step 04575: -11.1941 E_h, exp. variance=0.0108 E_h^2, pmove=0.33
2026-06-02 20:29:19,060 - Step 04576: -11.2148 E_h, exp. variance=0.0097 E_h^2, pmove=0.33
2026-06-02 20:29:19,725 - Step 04577: -11.2268 E_h, exp. variance=0.0088 E_h^2, pmove=0.33
2026-06-02 20:29:20,389 - Step 04578: -11.1656 E_h, exp. variance=0.0081 E_h^2, pmove=0.33
2026-06-02 20:29:21,053 - Step 04579: -11.2286 E_h, exp. variance=0.0073 E_h^2, pmove=0.33
2026-06-02 20:29:21,721 - Step 04580: -11.3334 E_h, exp. variance=0.0081 E_h^2, pmove=0.33
2026-06-02 20:29:22,388 - Step 04581: -11.2358 E_h, exp. variance=0.0073 E_h^2, pmove=0.33
2026-06-02 20:29:23,052 - Step 04582: -11.2624 E_h, exp. variance=0.0068 E_h^2, pmove=0.33
2026-06-02 20:29:23,716 - Step 04583: -11.2778 E_h, exp. variance=0.0064 E_h^2, pmove=0.33
2026-06-02 20:29:24,381 - Step 04584: -11.2012 E_h, exp. variance=0.0058 E_h^2, pmove=0.33
2026-06-02 20:29:25,046 - Step 04585: -11.1294 E_h, exp. variance=0.0061 E_h^2, pmove=0.33
2026-06-02 20:29:25,709 - Step 04586: -11.1842 E_h, exp. variance=0.0055 E_h^2, pmove=0.33
2026-06-02 20:29:26,374 - Step 04587: -11.2210 E_h, exp. variance=0.0050 E_h^2, pmove=0.33
2026-06-02 20:29:27,043 - Step 04588: -11.2112 E_h, exp. variance=0.0045 E_h^2, pmove=0.33
2026-06-02 20:29:27,710 - Step 04589: -11.2202 E_h, exp. variance=0.0041 E_h^2, pmove=0.33
2026-06-02 20:29:28,374 - Step 04590: -11.2239 E_h, exp. variance=0.0037 E_h^2, pmove=0.33
2026-06-02 20:29:29,039 - Step 04591: -11.2924 E_h, exp. variance=0.0038 E_h^2, pmove=0.33
2026-06-02 20:29:29,707 - Step 04592: -11.1702 E_h, exp. variance=0.0037 E_h^2, pmove=0.32
2026-06-02 20:29:30,371 - Step 04593: -11.2256 E_h, exp. variance=0.0033 E_h^2, pmove=0.32
2026-06-02 20:29:31,034 - Step 04594: -11.2023 E_h, exp. variance=0.0030 E_h^2, pmove=0.32
2026-06-02 20:29:31,698 - Step 04595: -11.1685 E_h, exp. variance=0.0029 E_h^2, pmove=0.33
2026-06-02 20:29:32,364 - Step 04596: -11.1773 E_h, exp. variance=0.0027 E_h^2, pmove=0.33
2026-06-02 20:29:33,029 - Step 04597: -10.8599 E_h, exp. variance=0.0134 E_h^2, pmove=0.33
2026-06-02 20:29:33,693 - Step 04598: -11.1540 E_h, exp. variance=0.0121 E_h^2, pmove=0.32
2026-06-02 20:29:34,357 - Step 04599: -11.2583 E_h, exp. variance=0.0116 E_h^2, pmove=0.32
2026-06-02 20:29:35,021 - Step 04600: -11.1944 E_h, exp. variance=0.0104 E_h^2, pmove=0.33
2026-06-02 20:29:35,687 - Step 04601: -11.1838 E_h, exp. variance=0.0094 E_h^2, pmove=0.33
2026-06-02 20:29:36,350 - Step 04602: -11.0695 E_h, exp. variance=0.0096 E_h^2, pmove=0.33
2026-06-02 20:29:37,014 - Step 04603: -11.2884 E_h, exp. variance=0.0099 E_h^2, pmove=0.33
2026-06-02 20:29:37,677 - Step 04604: -11.2390 E_h, exp. variance=0.0092 E_h^2, pmove=0.33
2026-06-02 20:29:38,343 - Step 04605: -11.2442 E_h, exp. variance=0.0085 E_h^2, pmove=0.32
2026-06-02 20:29:39,009 - Step 04606: -11.1674 E_h, exp. variance=0.0077 E_h^2, pmove=0.33
2026-06-02 20:29:39,674 - Step 04607: -11.1401 E_h, exp. variance=0.0072 E_h^2, pmove=0.32
2026-06-02 20:29:40,339 - Step 04608: -11.0820 E_h, exp. variance=0.0075 E_h^2, pmove=0.32
2026-06-02 20:29:41,006 - Step 04609: 12.2988 E_h, exp. variance=49.6010 E_h^2, pmove=0.32
2026-06-02 20:29:41,670 - Step 04610: -11.2066 E_h, exp. variance=45.1500 E_h^2, pmove=0.32
2026-06-02 20:29:42,333 - Step 04611: -11.2195 E_h, exp. variance=41.0524 E_h^2, pmove=0.32
2026-06-02 20:29:42,997 - Step 04612: -11.2804 E_h, exp. variance=37.3069 E_h^2, pmove=0.32
2026-06-02 20:29:43,662 - Step 04613: -11.2004 E_h, exp. variance=33.8422 E_h^2, pmove=0.32
2026-06-02 20:29:44,326 - Step 04614: -11.2069 E_h, exp. variance=30.6752 E_h^2, pmove=0.32
2026-06-02 20:29:44,991 - Step 04615: -11.1603 E_h, exp. variance=27.7722 E_h^2, pmove=0.33
2026-06-02 20:29:45,653 - Step 04616: -11.1975 E_h, exp. variance=25.1364 E_h^2, pmove=0.33
2026-06-02 20:29:46,319 - Step 04617: -11.1078 E_h, exp. variance=22.7199 E_h^2, pmove=0.33
2026-06-02 20:29:46,982 - Step 04618: -11.1343 E_h, exp. variance=20.5311 E_h^2, pmove=0.32
2026-06-02 20:29:47,646 - Step 04619: -11.1521 E_h, exp. variance=18.5482 E_h^2, pmove=0.33
2026-06-02 20:29:48,309 - Step 04620: -11.2338 E_h, exp. variance=16.7625 E_h^2, pmove=0.33
2026-06-02 20:29:48,976 - Step 04621: -11.1951 E_h, exp. variance=15.1369 E_h^2, pmove=0.33
2026-06-02 20:29:49,639 - Step 04622: -11.1633 E_h, exp. variance=13.6604 E_h^2, pmove=0.33
2026-06-02 20:29:50,303 - Step 04623: -11.1931 E_h, exp. variance=12.3277 E_h^2, pmove=0.32
2026-06-02 20:29:50,968 - Step 04624: -10.9987 E_h, exp. variance=11.1062 E_h^2, pmove=0.33
2026-06-02 20:29:51,636 - Step 04625: -11.1038 E_h, exp. variance=10.0117 E_h^2, pmove=0.33
2026-06-02 20:29:52,300 - Step 04626: -11.0696 E_h, exp. variance=9.0213 E_h^2, pmove=0.33
2026-06-02 20:29:52,964 - Step 04627: -11.2423 E_h, exp. variance=8.1403 E_h^2, pmove=0.32
2026-06-02 20:29:53,629 - Step 04628: -11.2708 E_h, exp. variance=7.3457 E_h^2, pmove=0.32
2026-06-02 20:29:54,295 - Step 04629: -11.2028 E_h, exp. variance=6.6222 E_h^2, pmove=0.33
2026-06-02 20:29:54,961 - Step 04630: -11.2310 E_h, exp. variance=5.9706 E_h^2, pmove=0.33
2026-06-02 20:29:55,626 - Step 04631: -11.2767 E_h, exp. variance=5.3849 E_h^2, pmove=0.33
2026-06-02 20:29:56,291 - Step 04632: -11.2228 E_h, exp. variance=4.8527 E_h^2, pmove=0.33
2026-06-02 20:29:56,958 - Step 04633: -11.2233 E_h, exp. variance=4.3726 E_h^2, pmove=0.33
2026-06-02 20:29:57,623 - Step 04634: -11.1942 E_h, exp. variance=3.9385 E_h^2, pmove=0.33
2026-06-02 20:29:58,289 - Step 04635: -11.1049 E_h, exp. variance=3.5452 E_h^2, pmove=0.32
2026-06-02 20:29:58,954 - Step 04636: -1.5053 E_h, exp. variance=11.3628 E_h^2, pmove=0.32
2026-06-02 20:29:59,621 - Step 04637: -11.1625 E_h, exp. variance=10.3317 E_h^2, pmove=0.33
2026-06-02 20:30:00,288 - Step 04638: -11.1974 E_h, exp. variance=9.3900 E_h^2, pmove=0.33
2026-06-02 20:30:00,954 - Step 04639: -11.2717 E_h, exp. variance=8.5377 E_h^2, pmove=0.32
2026-06-02 20:30:01,618 - Step 04640: -11.2084 E_h, exp. variance=7.7444 E_h^2, pmove=0.32
2026-06-02 20:30:02,285 - Step 04641: -11.1806 E_h, exp. variance=7.0153 E_h^2, pmove=0.33
2026-06-02 20:30:02,950 - Step 04642: -11.1564 E_h, exp. variance=6.3478 E_h^2, pmove=0.32
2026-06-02 20:30:03,616 - Step 04643: -11.2496 E_h, exp. variance=5.7507 E_h^2, pmove=0.33
2026-06-02 20:30:04,280 - Step 04644: -11.2291 E_h, exp. variance=5.2040 E_h^2, pmove=0.33
2026-06-02 20:30:04,944 - Step 04645: -11.2620 E_h, exp. variance=4.7097 E_h^2, pmove=0.33
2026-06-02 20:30:05,608 - Step 04646: -11.1830 E_h, exp. variance=4.2535 E_h^2, pmove=0.33
2026-06-02 20:30:06,271 - Step 04647: -11.2506 E_h, exp. variance=3.8450 E_h^2, pmove=0.32
2026-06-02 20:30:06,935 - Step 04648: -11.3331 E_h, exp. variance=3.4805 E_h^2, pmove=0.32
2026-06-02 20:30:07,599 - Step 04649: -11.2985 E_h, exp. variance=3.1461 E_h^2, pmove=0.33
2026-06-02 20:30:08,265 - Step 04650: -11.3171 E_h, exp. variance=2.8438 E_h^2, pmove=0.33
2026-06-02 20:30:08,929 - Step 04651: -11.2659 E_h, exp. variance=2.5666 E_h^2, pmove=0.32
2026-06-02 20:30:09,594 - Step 04652: -11.1867 E_h, exp. variance=2.3126 E_h^2, pmove=0.33
2026-06-02 20:30:10,259 - Step 04653: -11.2564 E_h, exp. variance=2.0860 E_h^2, pmove=0.33
2026-06-02 20:30:10,924 - Step 04654: -11.1822 E_h, exp. variance=1.8789 E_h^2, pmove=0.33
2026-06-02 20:30:11,589 - Step 04655: -11.3345 E_h, exp. variance=1.6975 E_h^2, pmove=0.33
2026-06-02 20:30:12,253 - Step 04656: -11.0678 E_h, exp. variance=1.5278 E_h^2, pmove=0.33
2026-06-02 20:30:12,917 - Step 04657: -11.0032 E_h, exp. variance=1.3757 E_h^2, pmove=0.33
2026-06-02 20:30:13,581 - Step 04658: -11.1750 E_h, exp. variance=1.2389 E_h^2, pmove=0.33
2026-06-02 20:30:14,244 - Step 04659: -11.2657 E_h, exp. variance=1.1178 E_h^2, pmove=0.33
2026-06-02 20:30:14,909 - Step 04660: -11.3072 E_h, exp. variance=1.0096 E_h^2, pmove=0.33
2026-06-02 20:30:15,572 - Step 04661: -11.2248 E_h, exp. variance=0.9095 E_h^2, pmove=0.32
2026-06-02 20:30:16,238 - Step 04662: -11.2738 E_h, exp. variance=0.8202 E_h^2, pmove=0.32
2026-06-02 20:30:16,901 - Step 04663: -11.2159 E_h, exp. variance=0.7385 E_h^2, pmove=0.33
2026-06-02 20:30:17,564 - Step 04664: -11.1280 E_h, exp. variance=0.6648 E_h^2, pmove=0.33
2026-06-02 20:30:18,228 - Step 04665: -11.2711 E_h, exp. variance=0.5995 E_h^2, pmove=0.33
2026-06-02 20:30:18,891 - Step 04666: -11.2935 E_h, exp. variance=0.5410 E_h^2, pmove=0.33
2026-06-02 20:30:19,555 - Step 04667: -11.1931 E_h, exp. variance=0.4869 E_h^2, pmove=0.33
2026-06-02 20:30:20,219 - Step 04668: -11.2159 E_h, exp. variance=0.4383 E_h^2, pmove=0.33
2026-06-02 20:30:20,883 - Step 04669: -10.5033 E_h, exp. variance=0.4362 E_h^2, pmove=0.33
2026-06-02 20:30:21,548 - Step 04670: 2115.7019 E_h, exp. variance=407102.2812 E_h^2, pmove=0.33
2026-06-02 20:30:22,213 - Step 04671: -11.1078 E_h, exp. variance=370462.7500 E_h^2, pmove=0.33
2026-06-02 20:30:22,876 - Step 04672: -11.1403 E_h, exp. variance=336714.8438 E_h^2, pmove=0.33
2026-06-02 20:30:23,540 - Step 04673: -10.4130 E_h, exp. variance=305692.5312 E_h^2, pmove=0.32
2026-06-02 20:30:24,203 - Step 04674: -11.2427 E_h, exp. variance=277292.2500 E_h^2, pmove=0.33
2026-06-02 20:30:24,870 - Step 04675: -11.1620 E_h, exp. variance=251317.8438 E_h^2, pmove=0.33
2026-06-02 20:30:25,535 - Step 04676: -10.7543 E_h, exp. variance=227598.2656 E_h^2, pmove=0.33
2026-06-02 20:30:26,198 - Step 04677: -11.1846 E_h, exp. variance=205991.0625 E_h^2, pmove=0.32
2026-06-02 20:30:26,861 - Step 04678: -11.1522 E_h, exp. variance=186325.0000 E_h^2, pmove=0.32
2026-06-02 20:30:27,529 - Step 04679: -11.1598 E_h, exp. variance=168448.3906 E_h^2, pmove=0.33
2026-06-02 20:30:28,193 - Step 04680: -11.1101 E_h, exp. variance=152215.0781 E_h^2, pmove=0.33
2026-06-02 20:30:28,857 - Step 04681: -11.0356 E_h, exp. variance=137487.9219 E_h^2, pmove=0.33
2026-06-02 20:30:29,521 - Step 04682: -11.1345 E_h, exp. variance=124140.7344 E_h^2, pmove=0.33
2026-06-02 20:30:30,188 - Step 04683: -8.4171 E_h, exp. variance=112023.2188 E_h^2, pmove=0.32
2026-06-02 20:30:30,859 - Step 04684: -11.2424 E_h, exp. variance=101088.1016 E_h^2, pmove=0.32
2026-06-02 20:30:31,522 - Step 04685: -11.2621 E_h, exp. variance=91195.8984 E_h^2, pmove=0.32
2026-06-02 20:30:32,186 - Step 04686: -11.2591 E_h, exp. variance=82251.7344 E_h^2, pmove=0.32
2026-06-02 20:30:32,854 - Step 04687: -11.2264 E_h, exp. variance=74168.4219 E_h^2, pmove=0.33
2026-06-02 20:30:33,520 - Step 04688: -11.1820 E_h, exp. variance=66866.2031 E_h^2, pmove=0.33
2026-06-02 20:30:34,184 - Step 04689: -11.2496 E_h, exp. variance=60272.8164 E_h^2, pmove=0.32
2026-06-02 20:30:34,848 - Step 04690: -11.2591 E_h, exp. variance=54321.1055 E_h^2, pmove=0.33
2026-06-02 20:30:35,515 - Step 04691: -11.2499 E_h, exp. variance=48950.1641 E_h^2, pmove=0.33
2026-06-02 20:30:36,179 - Step 04692: -11.1869 E_h, exp. variance=44104.4297 E_h^2, pmove=0.33
2026-06-02 20:30:36,844 - Step 04693: -11.1894 E_h, exp. variance=39733.9141 E_h^2, pmove=0.33
2026-06-02 20:30:37,508 - Step 04694: -11.2142 E_h, exp. variance=35792.9492 E_h^2, pmove=0.32
2026-06-02 20:30:38,175 - Step 04695: -11.2529 E_h, exp. variance=32240.0391 E_h^2, pmove=0.33
2026-06-02 20:30:38,839 - Step 04696: -11.2858 E_h, exp. variance=29037.4980 E_h^2, pmove=0.33
2026-06-02 20:30:39,502 - Step 04697: -11.2430 E_h, exp. variance=26151.0254 E_h^2, pmove=0.33
2026-06-02 20:30:40,167 - Step 04698: -11.1687 E_h, exp. variance=23549.7500 E_h^2, pmove=0.32
2026-06-02 20:30:40,834 - Step 04699: -11.2284 E_h, exp. variance=21206.0957 E_h^2, pmove=0.33
2026-06-02 20:30:41,497 - Step 04700: -11.2396 E_h, exp. variance=19094.6777 E_h^2, pmove=0.33
2026-06-02 20:30:42,161 - Step 04701: -11.2684 E_h, exp. variance=17192.7012 E_h^2, pmove=0.32
2026-06-02 20:30:42,825 - Step 04702: -11.2458 E_h, exp. variance=15479.4648 E_h^2, pmove=0.33
2026-06-02 20:30:43,491 - Step 04703: -11.3119 E_h, exp. variance=13936.4941 E_h^2, pmove=0.33
2026-06-02 20:30:44,155 - Step 04704: -11.2776 E_h, exp. variance=12546.8340 E_h^2, pmove=0.32
2026-06-02 20:30:44,818 - Step 04705: -11.2013 E_h, exp. variance=11295.2998 E_h^2, pmove=0.33
2026-06-02 20:30:45,482 - Step 04706: -11.2641 E_h, exp. variance=10168.3818 E_h^2, pmove=0.33
2026-06-02 20:30:46,148 - Step 04707: -11.2155 E_h, exp. variance=9153.6172 E_h^2, pmove=0.33
2026-06-02 20:30:46,812 - Step 04708: -11.2720 E_h, exp. variance=8239.9785 E_h^2, pmove=0.33
2026-06-02 20:30:47,475 - Step 04709: -11.2804 E_h, exp. variance=7417.3823 E_h^2, pmove=0.32
2026-06-02 20:30:48,139 - Step 04710: -11.2882 E_h, exp. variance=6676.7847 E_h^2, pmove=0.33
2026-06-02 20:30:48,803 - Step 04711: -11.2162 E_h, exp. variance=6009.9888 E_h^2, pmove=0.33
2026-06-02 20:30:49,470 - Step 04712: -11.2401 E_h, exp. variance=5409.7173 E_h^2, pmove=0.33
2026-06-02 20:30:50,134 - Step 04713: -11.0499 E_h, exp. variance=4869.2505 E_h^2, pmove=0.33
2026-06-02 20:30:50,799 - Step 04714: -11.1384 E_h, exp. variance=4382.7686 E_h^2, pmove=0.33
2026-06-02 20:30:51,462 - Step 04715: -11.2438 E_h, exp. variance=3944.8896 E_h^2, pmove=0.33
2026-06-02 20:30:52,130 - Step 04716: -11.1650 E_h, exp. variance=3550.6968 E_h^2, pmove=0.33
2026-06-02 20:30:52,794 - Step 04717: -11.2542 E_h, exp. variance=3195.8940 E_h^2, pmove=0.33
2026-06-02 20:30:53,458 - Step 04718: -11.2461 E_h, exp. variance=2876.5186 E_h^2, pmove=0.33
2026-06-02 20:30:54,121 - Step 04719: -11.2057 E_h, exp. variance=2589.0298 E_h^2, pmove=0.32
2026-06-02 20:30:54,788 - Step 04720: 1066.0277 E_h, exp. variance=106534.0391 E_h^2, pmove=0.33
2026-06-02 20:30:55,451 - Step 04721: -11.0955 E_h, exp. variance=96944.1328 E_h^2, pmove=0.33
2026-06-02 20:30:56,116 - Step 04722: -11.1496 E_h, exp. variance=88112.1094 E_h^2, pmove=0.33
2026-06-02 20:30:56,780 - Step 04723: -11.2233 E_h, exp. variance=80000.5938 E_h^2, pmove=0.32
2026-06-02 20:30:57,446 - Step 04724: -11.2136 E_h, exp. variance=72567.1562 E_h^2, pmove=0.32
2026-06-02 20:30:58,109 - Step 04725: -11.1898 E_h, exp. variance=65769.0938 E_h^2, pmove=0.33
2026-06-02 20:30:58,773 - Step 04726: -11.2865 E_h, exp. variance=59564.8125 E_h^2, pmove=0.33
2026-06-02 20:30:59,437 - Step 04727: -11.2253 E_h, exp. variance=53909.5234 E_h^2, pmove=0.33
2026-06-02 20:31:00,108 - Step 04728: -11.2607 E_h, exp. variance=48762.8672 E_h^2, pmove=0.33
2026-06-02 20:31:00,773 - Step 04729: -11.1326 E_h, exp. variance=44083.3789 E_h^2, pmove=0.33
2026-06-02 20:31:01,437 - Step 04730: -11.1881 E_h, exp. variance=39834.8711 E_h^2, pmove=0.33
2026-06-02 20:31:02,100 - Step 04731: -11.2221 E_h, exp. variance=35981.0781 E_h^2, pmove=0.32
2026-06-02 20:31:02,767 - Step 04732: -11.1633 E_h, exp. variance=32487.6621 E_h^2, pmove=0.32
2026-06-02 20:31:03,431 - Step 04733: -11.2390 E_h, exp. variance=29324.1133 E_h^2, pmove=0.33
2026-06-02 20:31:04,096 - Step 04734: -11.3312 E_h, exp. variance=26461.1895 E_h^2, pmove=0.32
2026-06-02 20:31:04,760 - Step 04735: -11.2794 E_h, exp. variance=23871.1230 E_h^2, pmove=0.32
2026-06-02 20:31:05,426 - Step 04736: -11.2067 E_h, exp. variance=21529.1191 E_h^2, pmove=0.32
2026-06-02 20:31:06,091 - Step 04737: -11.1734 E_h, exp. variance=19412.6230 E_h^2, pmove=0.32
2026-06-02 20:31:06,755 - Step 04738: -11.2405 E_h, exp. variance=17501.0781 E_h^2, pmove=0.32
2026-06-02 20:31:07,418 - Step 04739: -11.2197 E_h, exp. variance=15774.9795 E_h^2, pmove=0.32
2026-06-02 20:31:08,084 - Step 04740: -11.1807 E_h, exp. variance=14216.8262 E_h^2, pmove=0.33
2026-06-02 20:31:08,748 - Step 04741: -11.2077 E_h, exp. variance=12810.8770 E_h^2, pmove=0.33
2026-06-02 20:31:09,411 - Step 04742: -11.2658 E_h, exp. variance=11542.6582 E_h^2, pmove=0.32
2026-06-02 20:31:10,077 - Step 04743: -11.2808 E_h, exp. variance=10398.8447 E_h^2, pmove=0.33
2026-06-02 20:31:10,742 - Step 04744: -11.2242 E_h, exp. variance=9367.3281 E_h^2, pmove=0.32
2026-06-02 20:31:11,408 - Step 04745: -11.2200 E_h, exp. variance=8437.3672 E_h^2, pmove=0.33
2026-06-02 20:31:12,071 - Step 04746: -11.2869 E_h, exp. variance=7599.2095 E_h^2, pmove=0.32
2026-06-02 20:31:12,735 - Step 04747: -11.2884 E_h, exp. variance=6843.8096 E_h^2, pmove=0.32
2026-06-02 20:31:13,398 - Step 04748: -11.2923 E_h, exp. variance=6163.0952 E_h^2, pmove=0.32
2026-06-02 20:31:14,061 - Step 04749: -11.2792 E_h, exp. variance=5549.7422 E_h^2, pmove=0.33
2026-06-02 20:31:14,725 - Step 04750: -11.2044 E_h, exp. variance=4997.0938 E_h^2, pmove=0.33
2026-06-02 20:31:15,388 - Step 04751: -11.2375 E_h, exp. variance=4499.2954 E_h^2, pmove=0.33
2026-06-02 20:31:16,051 - Step 04752: -11.2605 E_h, exp. variance=4050.9312 E_h^2, pmove=0.33
2026-06-02 20:31:16,715 - Step 04753: -11.2326 E_h, exp. variance=3647.0872 E_h^2, pmove=0.33
2026-06-02 20:31:17,378 - Step 04754: -11.2087 E_h, exp. variance=3283.3757 E_h^2, pmove=0.33
2026-06-02 20:31:18,041 - Step 04755: -11.2816 E_h, exp. variance=2955.8857 E_h^2, pmove=0.33
2026-06-02 20:31:18,706 - Step 04756: -11.2729 E_h, exp. variance=2660.9792 E_h^2, pmove=0.33
2026-06-02 20:31:19,370 - Step 04757: -11.3318 E_h, exp. variance=2395.4604 E_h^2, pmove=0.33
2026-06-02 20:31:20,035 - Step 04758: -11.3064 E_h, exp. variance=2156.3730 E_h^2, pmove=0.33
2026-06-02 20:31:20,698 - Step 04759: -11.2316 E_h, exp. variance=1941.0804 E_h^2, pmove=0.33
2026-06-02 20:31:21,361 - Step 04760: -11.2381 E_h, exp. variance=1747.2537 E_h^2, pmove=0.33
2026-06-02 20:31:22,027 - Step 04761: -11.2357 E_h, exp. variance=1572.7555 E_h^2, pmove=0.32
2026-06-02 20:31:22,694 - Step 04762: -11.2681 E_h, exp. variance=1415.6724 E_h^2, pmove=0.33
2026-06-02 20:31:23,360 - Step 04763: -11.2736 E_h, exp. variance=1274.2623 E_h^2, pmove=0.33
2026-06-02 20:31:24,026 - Step 04764: -11.1813 E_h, exp. variance=1146.9443 E_h^2, pmove=0.32
2026-06-02 20:31:24,690 - Step 04765: -11.2331 E_h, exp. variance=1032.3470 E_h^2, pmove=0.33
2026-06-02 20:31:25,354 - Step 04766: -11.2282 E_h, exp. variance=929.1902 E_h^2, pmove=0.33
2026-06-02 20:31:26,018 - Step 04767: -11.2951 E_h, exp. variance=836.3447 E_h^2, pmove=0.33
2026-06-02 20:31:26,681 - Step 04768: -11.3469 E_h, exp. variance=752.7777 E_h^2, pmove=0.33
2026-06-02 20:31:27,346 - Step 04769: -11.3526 E_h, exp. variance=677.5554 E_h^2, pmove=0.33
2026-06-02 20:31:28,010 - Step 04770: -11.2569 E_h, exp. variance=609.8334 E_h^2, pmove=0.33
2026-06-02 20:31:28,673 - Step 04771: -11.2989 E_h, exp. variance=548.8815 E_h^2, pmove=0.33
2026-06-02 20:31:29,336 - Step 04772: -11.3184 E_h, exp. variance=494.0207 E_h^2, pmove=0.32
2026-06-02 20:31:30,000 - Step 04773: -11.2910 E_h, exp. variance=444.6385 E_h^2, pmove=0.32
2026-06-02 20:31:30,662 - Step 04774: -11.2545 E_h, exp. variance=400.1880 E_h^2, pmove=0.33
2026-06-02 20:31:31,325 - Step 04775: -11.1858 E_h, exp. variance=360.1762 E_h^2, pmove=0.33
2026-06-02 20:31:31,988 - Step 04776: -11.2196 E_h, exp. variance=324.1658 E_h^2, pmove=0.33
2026-06-02 20:31:32,651 - Step 04777: -11.2694 E_h, exp. variance=291.7577 E_h^2, pmove=0.33
2026-06-02 20:31:33,314 - Step 04778: -11.3322 E_h, exp. variance=262.5922 E_h^2, pmove=0.33
2026-06-02 20:31:33,977 - Step 04779: -11.2536 E_h, exp. variance=236.3376 E_h^2, pmove=0.32
2026-06-02 20:31:34,638 - Step 04780: -11.2827 E_h, exp. variance=212.7086 E_h^2, pmove=0.33
2026-06-02 20:31:35,300 - Step 04781: -11.2469 E_h, exp. variance=191.4405 E_h^2, pmove=0.33
2026-06-02 20:31:35,965 - Step 04782: -11.1908 E_h, exp. variance=172.2973 E_h^2, pmove=0.33
2026-06-02 20:31:36,628 - Step 04783: -11.2630 E_h, exp. variance=155.0700 E_h^2, pmove=0.33
2026-06-02 20:31:37,290 - Step 04784: -11.2695 E_h, exp. variance=139.5650 E_h^2, pmove=0.32
2026-06-02 20:31:37,953 - Step 04785: -11.2560 E_h, exp. variance=125.6099 E_h^2, pmove=0.33
2026-06-02 20:31:38,618 - Step 04786: -11.2294 E_h, exp. variance=113.0496 E_h^2, pmove=0.33
2026-06-02 20:31:39,279 - Step 04787: -11.2954 E_h, exp. variance=101.7464 E_h^2, pmove=0.33
2026-06-02 20:31:39,941 - Step 04788: -11.3145 E_h, exp. variance=91.5737 E_h^2, pmove=0.32
2026-06-02 20:31:40,602 - Step 04789: -11.2489 E_h, exp. variance=82.4168 E_h^2, pmove=0.33
2026-06-02 20:31:41,268 - Step 04790: -11.2790 E_h, exp. variance=74.1758 E_h^2, pmove=0.33
2026-06-02 20:31:41,938 - Step 04791: -11.1972 E_h, exp. variance=66.7582 E_h^2, pmove=0.33
2026-06-02 20:31:42,600 - Step 04792: -11.2596 E_h, exp. variance=60.0828 E_h^2, pmove=0.32
2026-06-02 20:31:43,262 - Step 04793: -11.1272 E_h, exp. variance=54.0750 E_h^2, pmove=0.33
2026-06-02 20:31:43,928 - Step 04794: -10.8698 E_h, exp. variance=48.6771 E_h^2, pmove=0.33
2026-06-02 20:31:44,593 - Step 04795: -11.2580 E_h, exp. variance=43.8102 E_h^2, pmove=0.33
2026-06-02 20:31:45,256 - Step 04796: -11.1098 E_h, exp. variance=39.4295 E_h^2, pmove=0.33
2026-06-02 20:31:45,918 - Step 04797: -11.2022 E_h, exp. variance=35.4867 E_h^2, pmove=0.33
2026-06-02 20:31:46,584 - Step 04798: -11.2306 E_h, exp. variance=31.9383 E_h^2, pmove=0.33
2026-06-02 20:31:47,248 - Step 04799: -11.2050 E_h, exp. variance=28.7446 E_h^2, pmove=0.33
2026-06-02 20:31:47,910 - Step 04800: -11.2772 E_h, exp. variance=25.8710 E_h^2, pmove=0.32
2026-06-02 20:31:48,572 - Step 04801: -11.1995 E_h, exp. variance=23.2839 E_h^2, pmove=0.32
2026-06-02 20:31:49,239 - Step 04802: -11.2763 E_h, exp. variance=20.9562 E_h^2, pmove=0.33
2026-06-02 20:31:49,900 - Step 04803: -11.2257 E_h, exp. variance=18.8606 E_h^2, pmove=0.33
2026-06-02 20:31:50,563 - Step 04804: -11.3026 E_h, exp. variance=16.9755 E_h^2, pmove=0.32
2026-06-02 20:31:51,226 - Step 04805: -11.2423 E_h, exp. variance=15.2780 E_h^2, pmove=0.32
2026-06-02 20:31:51,891 - Step 04806: -11.2670 E_h, exp. variance=13.7505 E_h^2, pmove=0.33
2026-06-02 20:31:52,554 - Step 04807: -11.2661 E_h, exp. variance=12.3756 E_h^2, pmove=0.32
2026-06-02 20:31:53,217 - Step 04808: -11.2861 E_h, exp. variance=11.1384 E_h^2, pmove=0.33
2026-06-02 20:31:53,879 - Step 04809: -11.2667 E_h, exp. variance=10.0247 E_h^2, pmove=0.33
2026-06-02 20:31:54,544 - Step 04810: -11.2981 E_h, exp. variance=9.0226 E_h^2, pmove=0.33
2026-06-02 20:31:55,206 - Step 04811: -11.2571 E_h, exp. variance=8.1203 E_h^2, pmove=0.33
2026-06-02 20:31:55,868 - Step 04812: -10.5138 E_h, exp. variance=7.3561 E_h^2, pmove=0.33
2026-06-02 20:31:56,530 - Step 04813: -11.1938 E_h, exp. variance=6.6205 E_h^2, pmove=0.33
2026-06-02 20:31:57,192 - Step 04814: -11.1946 E_h, exp. variance=5.9585 E_h^2, pmove=0.32
2026-06-02 20:31:57,858 - Step 04815: -11.1967 E_h, exp. variance=5.3627 E_h^2, pmove=0.33
2026-06-02 20:31:58,520 - Step 04816: -10.9271 E_h, exp. variance=4.8320 E_h^2, pmove=0.33
2026-06-02 20:31:59,182 - Step 04817: -11.2472 E_h, exp. variance=4.3496 E_h^2, pmove=0.32
2026-06-02 20:31:59,843 - Step 04818: -11.3448 E_h, exp. variance=3.9177 E_h^2, pmove=0.33
2026-06-02 20:32:00,509 - Step 04819: -11.2698 E_h, exp. variance=3.5267 E_h^2, pmove=0.33
2026-06-02 20:32:01,171 - Step 04820: -11.3007 E_h, exp. variance=3.1752 E_h^2, pmove=0.33
2026-06-02 20:32:01,833 - Step 04821: -11.2452 E_h, exp. variance=2.8578 E_h^2, pmove=0.32
2026-06-02 20:32:02,496 - Step 04822: -11.2590 E_h, exp. variance=2.5723 E_h^2, pmove=0.33
2026-06-02 20:32:03,162 - Step 04823: -11.2366 E_h, exp. variance=2.3151 E_h^2, pmove=0.32
2026-06-02 20:32:03,824 - Step 04824: -11.2154 E_h, exp. variance=2.0836 E_h^2, pmove=0.32
2026-06-02 20:32:04,486 - Step 04825: -11.2859 E_h, exp. variance=1.8758 E_h^2, pmove=0.33
2026-06-02 20:32:05,149 - Step 04826: -11.2377 E_h, exp. variance=1.6882 E_h^2, pmove=0.32
2026-06-02 20:32:05,814 - Step 04827: -11.2652 E_h, exp. variance=1.5196 E_h^2, pmove=0.33
2026-06-02 20:32:06,477 - Step 04828: -11.1888 E_h, exp. variance=1.3677 E_h^2, pmove=0.32
2026-06-02 20:32:07,139 - Step 04829: -11.2409 E_h, exp. variance=1.2310 E_h^2, pmove=0.33
2026-06-02 20:32:07,801 - Step 04830: -11.2400 E_h, exp. variance=1.1079 E_h^2, pmove=0.32
2026-06-02 20:32:08,465 - Step 04831: -11.1889 E_h, exp. variance=0.9972 E_h^2, pmove=0.32
2026-06-02 20:32:09,128 - Step 04832: -11.0717 E_h, exp. variance=0.8996 E_h^2, pmove=0.32
2026-06-02 20:32:09,789 - Step 04833: -11.2592 E_h, exp. variance=0.8098 E_h^2, pmove=0.32
2026-06-02 20:32:10,452 - Step 04834: -11.2340 E_h, exp. variance=0.7289 E_h^2, pmove=0.32
2026-06-02 20:32:11,117 - Step 04835: -11.2606 E_h, exp. variance=0.6562 E_h^2, pmove=0.32
2026-06-02 20:32:11,778 - Step 04836: -11.2760 E_h, exp. variance=0.5909 E_h^2, pmove=0.32
2026-06-02 20:32:12,440 - Step 04837: -11.3019 E_h, exp. variance=0.5323 E_h^2, pmove=0.33
2026-06-02 20:32:13,103 - Step 04838: -11.2478 E_h, exp. variance=0.4791 E_h^2, pmove=0.32
2026-06-02 20:32:13,771 - Step 04839: -11.2018 E_h, exp. variance=0.4313 E_h^2, pmove=0.33
2026-06-02 20:32:14,434 - Step 04840: -11.2768 E_h, exp. variance=0.3884 E_h^2, pmove=0.32
2026-06-02 20:32:15,098 - Step 04841: -11.2654 E_h, exp. variance=0.3496 E_h^2, pmove=0.33
2026-06-02 20:32:15,762 - Step 04842: -11.2058 E_h, exp. variance=0.3147 E_h^2, pmove=0.33
2026-06-02 20:32:16,427 - Step 04843: -11.1963 E_h, exp. variance=0.2834 E_h^2, pmove=0.33
2026-06-02 20:32:17,091 - Step 04844: -11.2473 E_h, exp. variance=0.2551 E_h^2, pmove=0.33
2026-06-02 20:32:17,757 - Step 04845: -11.1900 E_h, exp. variance=0.2297 E_h^2, pmove=0.33
2026-06-02 20:32:18,421 - Step 04846: -11.2046 E_h, exp. variance=0.2068 E_h^2, pmove=0.32
2026-06-02 20:32:19,085 - Step 04847: -11.2636 E_h, exp. variance=0.1863 E_h^2, pmove=0.32
2026-06-02 20:32:19,750 - Step 04848: -10.4332 E_h, exp. variance=0.2248 E_h^2, pmove=0.32
2026-06-02 20:32:20,414 - Step 04849: -11.2790 E_h, exp. variance=0.2038 E_h^2, pmove=0.32
2026-06-02 20:32:21,080 - Step 04850: -11.3475 E_h, exp. variance=0.1865 E_h^2, pmove=0.32
2026-06-02 20:32:21,743 - Step 04851: -11.2767 E_h, exp. variance=0.1686 E_h^2, pmove=0.33
2026-06-02 20:32:22,407 - Step 04852: -11.2519 E_h, exp. variance=0.1521 E_h^2, pmove=0.33
2026-06-02 20:32:23,071 - Step 04853: -11.1983 E_h, exp. variance=0.1369 E_h^2, pmove=0.32
2026-06-02 20:32:23,733 - Step 04854: -11.2807 E_h, exp. variance=0.1238 E_h^2, pmove=0.33
2026-06-02 20:32:24,396 - Step 04855: -11.2631 E_h, exp. variance=0.1117 E_h^2, pmove=0.33
2026-06-02 20:32:25,058 - Step 04856: -11.3033 E_h, exp. variance=0.1013 E_h^2, pmove=0.33
2026-06-02 20:32:25,721 - Step 04857: -11.2539 E_h, exp. variance=0.0913 E_h^2, pmove=0.32
2026-06-02 20:32:26,384 - Step 04858: -11.3226 E_h, exp. variance=0.0830 E_h^2, pmove=0.32
2026-06-02 20:32:27,046 - Step 04859: -11.3164 E_h, exp. variance=0.0754 E_h^2, pmove=0.33
2026-06-02 20:32:27,710 - Step 04860: -11.2279 E_h, exp. variance=0.0678 E_h^2, pmove=0.33
2026-06-02 20:32:28,501 - Step 04861: -11.2533 E_h, exp. variance=0.0611 E_h^2, pmove=0.33
2026-06-02 20:32:29,163 - Step 04862: -11.3095 E_h, exp. variance=0.0554 E_h^2, pmove=0.33
2026-06-02 20:32:29,827 - Step 04863: -11.2872 E_h, exp. variance=0.0500 E_h^2, pmove=0.33
2026-06-02 20:32:30,490 - Step 04864: -11.3024 E_h, exp. variance=0.0452 E_h^2, pmove=0.32
2026-06-02 20:32:31,153 - Step 04865: -11.3448 E_h, exp. variance=0.0414 E_h^2, pmove=0.32
2026-06-02 20:32:31,817 - Step 04866: -11.3559 E_h, exp. variance=0.0379 E_h^2, pmove=0.33
2026-06-02 20:32:32,481 - Step 04867: -11.3588 E_h, exp. variance=0.0348 E_h^2, pmove=0.32
2026-06-02 20:32:33,151 - Step 04868: -11.0767 E_h, exp. variance=0.0352 E_h^2, pmove=0.33
2026-06-02 20:32:33,814 - Step 04869: -11.2259 E_h, exp. variance=0.0318 E_h^2, pmove=0.33
2026-06-02 20:32:34,477 - Step 04870: -11.2041 E_h, exp. variance=0.0289 E_h^2, pmove=0.33
2026-06-02 20:32:35,141 - Step 04871: -11.1583 E_h, exp. variance=0.0268 E_h^2, pmove=0.33
2026-06-02 20:32:35,805 - Step 04872: -11.1885 E_h, exp. variance=0.0244 E_h^2, pmove=0.32
2026-06-02 20:32:36,467 - Step 04873: -11.1554 E_h, exp. variance=0.0226 E_h^2, pmove=0.32
2026-06-02 20:32:37,130 - Step 04874: -11.2885 E_h, exp. variance=0.0206 E_h^2, pmove=0.33
2026-06-02 20:32:37,793 - Step 04875: -11.2686 E_h, exp. variance=0.0187 E_h^2, pmove=0.33
2026-06-02 20:32:38,457 - Step 04876: -11.2362 E_h, exp. variance=0.0168 E_h^2, pmove=0.32
2026-06-02 20:32:39,120 - Step 04877: -11.2688 E_h, exp. variance=0.0152 E_h^2, pmove=0.32
2026-06-02 20:32:39,782 - Step 04878: -11.1420 E_h, exp. variance=0.0146 E_h^2, pmove=0.32
2026-06-02 20:32:40,446 - Step 04879: -11.2696 E_h, exp. variance=0.0132 E_h^2, pmove=0.32
2026-06-02 20:32:41,110 - Step 04880: -11.3227 E_h, exp. variance=0.0126 E_h^2, pmove=0.33
2026-06-02 20:32:41,775 - Step 04881: -11.3292 E_h, exp. variance=0.0120 E_h^2, pmove=0.33
2026-06-02 20:32:42,438 - Step 04882: -11.2690 E_h, exp. variance=0.0108 E_h^2, pmove=0.33
2026-06-02 20:32:43,102 - Step 04883: -11.2824 E_h, exp. variance=0.0098 E_h^2, pmove=0.33
2026-06-02 20:32:43,767 - Step 04884: -11.3585 E_h, exp. variance=0.0097 E_h^2, pmove=0.32
2026-06-02 20:32:44,430 - Step 04885: -11.3095 E_h, exp. variance=0.0089 E_h^2, pmove=0.33
2026-06-02 20:32:45,094 - Step 04886: -11.2901 E_h, exp. variance=0.0081 E_h^2, pmove=0.33
2026-06-02 20:32:45,759 - Step 04887: -11.3024 E_h, exp. variance=0.0073 E_h^2, pmove=0.33
2026-06-02 20:32:46,422 - Step 04888: -11.2772 E_h, exp. variance=0.0066 E_h^2, pmove=0.32
2026-06-02 20:32:47,089 - Step 04889: -11.2437 E_h, exp. variance=0.0060 E_h^2, pmove=0.33
2026-06-02 20:32:47,753 - Step 04890: -11.2919 E_h, exp. variance=0.0055 E_h^2, pmove=0.32
2026-06-02 20:32:48,417 - Step 04891: -11.3041 E_h, exp. variance=0.0050 E_h^2, pmove=0.33
2026-06-02 20:32:49,080 - Step 04892: -11.1759 E_h, exp. variance=0.0054 E_h^2, pmove=0.32
2026-06-02 20:32:49,746 - Step 04893: -11.1740 E_h, exp. variance=0.0057 E_h^2, pmove=0.33
2026-06-02 20:32:50,410 - Step 04894: -11.2318 E_h, exp. variance=0.0052 E_h^2, pmove=0.32
2026-06-02 20:32:51,073 - Step 04895: -11.2318 E_h, exp. variance=0.0047 E_h^2, pmove=0.33
2026-06-02 20:32:51,738 - Step 04896: -11.2733 E_h, exp. variance=0.0043 E_h^2, pmove=0.32
2026-06-02 20:32:52,406 - Step 04897: -11.2825 E_h, exp. variance=0.0039 E_h^2, pmove=0.33
2026-06-02 20:32:53,071 - Step 04898: -11.2614 E_h, exp. variance=0.0035 E_h^2, pmove=0.33
2026-06-02 20:32:53,736 - Step 04899: -11.1364 E_h, exp. variance=0.0045 E_h^2, pmove=0.33
2026-06-02 20:32:54,402 - Step 04900: -11.1010 E_h, exp. variance=0.0060 E_h^2, pmove=0.33
2026-06-02 20:32:55,070 - Step 04901: -11.2382 E_h, exp. variance=0.0054 E_h^2, pmove=0.32
2026-06-02 20:32:55,738 - Step 04902: -11.2211 E_h, exp. variance=0.0048 E_h^2, pmove=0.33
2026-06-02 20:32:56,404 - Step 04903: -11.2693 E_h, exp. variance=0.0045 E_h^2, pmove=0.32
2026-06-02 20:32:57,069 - Step 04904: -11.2456 E_h, exp. variance=0.0040 E_h^2, pmove=0.32
2026-06-02 20:32:57,738 - Step 04905: -11.2429 E_h, exp. variance=0.0036 E_h^2, pmove=0.32
2026-06-02 20:32:58,404 - Step 04906: -11.3180 E_h, exp. variance=0.0039 E_h^2, pmove=0.33
2026-06-02 20:32:59,069 - Step 04907: -11.2939 E_h, exp. variance=0.0037 E_h^2, pmove=0.32
2026-06-02 20:32:59,735 - Step 04908: -11.2831 E_h, exp. variance=0.0034 E_h^2, pmove=0.33
2026-06-02 20:33:00,405 - Step 04909: -11.2432 E_h, exp. variance=0.0031 E_h^2, pmove=0.32
2026-06-02 20:33:01,071 - Step 04910: -11.2896 E_h, exp. variance=0.0029 E_h^2, pmove=0.33
2026-06-02 20:33:01,737 - Step 04911: -11.3626 E_h, exp. variance=0.0036 E_h^2, pmove=0.32
2026-06-02 20:33:02,402 - Step 04912: -11.2138 E_h, exp. variance=0.0035 E_h^2, pmove=0.33
2026-06-02 20:33:03,071 - Step 04913: -11.3163 E_h, exp. variance=0.0035 E_h^2, pmove=0.32
2026-06-02 20:33:03,736 - Step 04914: -11.3046 E_h, exp. variance=0.0032 E_h^2, pmove=0.32
2026-06-02 20:33:04,400 - Step 04915: -11.3097 E_h, exp. variance=0.0031 E_h^2, pmove=0.33
2026-06-02 20:33:05,065 - Step 04916: -11.3619 E_h, exp. variance=0.0034 E_h^2, pmove=0.33
2026-06-02 20:33:05,733 - Step 04917: -11.2636 E_h, exp. variance=0.0031 E_h^2, pmove=0.33
2026-06-02 20:33:06,398 - Step 04918: -11.2456 E_h, exp. variance=0.0029 E_h^2, pmove=0.33
2026-06-02 20:33:07,064 - Step 04919: -11.2383 E_h, exp. variance=0.0028 E_h^2, pmove=0.33
2026-06-02 20:33:07,729 - Step 04920: -11.2539 E_h, exp. variance=0.0025 E_h^2, pmove=0.33
2026-06-02 20:33:08,398 - Step 04921: -11.2589 E_h, exp. variance=0.0023 E_h^2, pmove=0.33
2026-06-02 20:33:09,063 - Step 04922: -11.2215 E_h, exp. variance=0.0023 E_h^2, pmove=0.32
2026-06-02 20:33:09,728 - Step 04923: -11.2461 E_h, exp. variance=0.0021 E_h^2, pmove=0.33
2026-06-02 20:33:10,393 - Step 04924: -11.2765 E_h, exp. variance=0.0019 E_h^2, pmove=0.32
2026-06-02 20:33:11,060 - Step 04925: -11.2485 E_h, exp. variance=0.0017 E_h^2, pmove=0.33
2026-06-02 20:33:11,726 - Step 04926: -11.2203 E_h, exp. variance=0.0017 E_h^2, pmove=0.33
2026-06-02 20:33:12,391 - Step 04927: -11.3253 E_h, exp. variance=0.0019 E_h^2, pmove=0.32
2026-06-02 20:33:13,056 - Step 04928: -11.3544 E_h, exp. variance=0.0025 E_h^2, pmove=0.33
2026-06-02 20:33:13,721 - Step 04929: -11.4056 E_h, exp. variance=0.0038 E_h^2, pmove=0.32
2026-06-02 20:33:14,389 - Step 04930: -11.3825 E_h, exp. variance=0.0042 E_h^2, pmove=0.33
2026-06-02 20:33:15,054 - Step 04931: -11.2587 E_h, exp. variance=0.0039 E_h^2, pmove=0.32
2026-06-02 20:33:15,719 - Step 04932: -11.3173 E_h, exp. variance=0.0036 E_h^2, pmove=0.33
2026-06-02 20:33:16,384 - Step 04933: -11.3191 E_h, exp. variance=0.0033 E_h^2, pmove=0.33
2026-06-02 20:33:17,051 - Step 04934: -11.3150 E_h, exp. variance=0.0030 E_h^2, pmove=0.33
2026-06-02 20:33:17,717 - Step 04935: -11.2996 E_h, exp. variance=0.0027 E_h^2, pmove=0.32
2026-06-02 20:33:18,381 - Step 04936: -11.2609 E_h, exp. variance=0.0025 E_h^2, pmove=0.33
2026-06-02 20:33:19,047 - Step 04937: -11.2381 E_h, exp. variance=0.0026 E_h^2, pmove=0.32
2026-06-02 20:33:19,715 - Step 04938: -11.1638 E_h, exp. variance=0.0038 E_h^2, pmove=0.33
2026-06-02 20:33:20,380 - Step 04939: -11.2300 E_h, exp. variance=0.0036 E_h^2, pmove=0.33
2026-06-02 20:33:21,045 - Step 04940: -10.0076 E_h, exp. variance=0.1473 E_h^2, pmove=0.33
2026-06-02 20:33:21,710 - Step 04941: -11.3409 E_h, exp. variance=0.1359 E_h^2, pmove=0.32
2026-06-02 20:33:22,378 - Step 04942: -11.3701 E_h, exp. variance=0.1261 E_h^2, pmove=0.32
2026-06-02 20:33:23,043 - Step 04943: -11.2529 E_h, exp. variance=0.1139 E_h^2, pmove=0.33
2026-06-02 20:33:23,708 - Step 04944: -11.2845 E_h, exp. variance=0.1033 E_h^2, pmove=0.33
2026-06-02 20:33:24,372 - Step 04945: -11.3182 E_h, exp. variance=0.0942 E_h^2, pmove=0.33
2026-06-02 20:33:25,038 - Step 04946: -11.3209 E_h, exp. variance=0.0858 E_h^2, pmove=0.33
2026-06-02 20:33:25,700 - Step 04947: -11.2632 E_h, exp. variance=0.0773 E_h^2, pmove=0.32
2026-06-02 20:33:26,363 - Step 04948: -11.2582 E_h, exp. variance=0.0697 E_h^2, pmove=0.33
2026-06-02 20:33:27,026 - Step 04949: -11.3113 E_h, exp. variance=0.0633 E_h^2, pmove=0.33
2026-06-02 20:33:27,690 - Step 04950: -11.3230 E_h, exp. variance=0.0576 E_h^2, pmove=0.33
2026-06-02 20:33:28,352 - Step 04951: -11.2761 E_h, exp. variance=0.0519 E_h^2, pmove=0.33
2026-06-02 20:33:29,015 - Step 04952: -10.2646 E_h, exp. variance=0.1342 E_h^2, pmove=0.33
2026-06-02 20:33:29,678 - Step 04953: -11.2092 E_h, exp. variance=0.1211 E_h^2, pmove=0.33
2026-06-02 20:33:30,343 - Step 04954: -11.3079 E_h, exp. variance=0.1110 E_h^2, pmove=0.32
2026-06-02 20:33:31,007 - Step 04955: -11.2788 E_h, exp. variance=0.1009 E_h^2, pmove=0.33
2026-06-02 20:33:31,669 - Step 04956: -11.3607 E_h, exp. variance=0.0937 E_h^2, pmove=0.33
2026-06-02 20:33:32,333 - Step 04957: -11.1728 E_h, exp. variance=0.0844 E_h^2, pmove=0.33
2026-06-02 20:33:33,000 - Step 04958: -10.8792 E_h, exp. variance=0.0851 E_h^2, pmove=0.33
2026-06-02 20:33:33,662 - Step 04959: -11.3897 E_h, exp. variance=0.0811 E_h^2, pmove=0.33
2026-06-02 20:33:34,325 - Step 04960: -11.3879 E_h, exp. variance=0.0765 E_h^2, pmove=0.33
2026-06-02 20:33:34,988 - Step 04961: -11.3174 E_h, exp. variance=0.0699 E_h^2, pmove=0.33
2026-06-02 20:33:35,651 - Step 04962: -11.3456 E_h, exp. variance=0.0644 E_h^2, pmove=0.33
2026-06-02 20:33:36,315 - Step 04963: -11.4106 E_h, exp. variance=0.0608 E_h^2, pmove=0.33
2026-06-02 20:33:36,978 - Step 04964: -11.3573 E_h, exp. variance=0.0558 E_h^2, pmove=0.33
2026-06-02 20:33:37,640 - Step 04965: -11.4097 E_h, exp. variance=0.0522 E_h^2, pmove=0.33
2026-06-02 20:33:38,303 - Step 04966: -11.3769 E_h, exp. variance=0.0479 E_h^2, pmove=0.33
2026-06-02 20:33:38,968 - Step 04967: -11.2738 E_h, exp. variance=0.0431 E_h^2, pmove=0.32
2026-06-02 20:33:39,631 - Step 04968: -11.3063 E_h, exp. variance=0.0389 E_h^2, pmove=0.33
2026-06-02 20:33:40,295 - Step 04969: -11.3528 E_h, exp. variance=0.0354 E_h^2, pmove=0.33
2026-06-02 20:33:40,958 - Step 04970: -11.3641 E_h, exp. variance=0.0323 E_h^2, pmove=0.32
2026-06-02 20:33:41,623 - Step 04971: -11.3468 E_h, exp. variance=0.0292 E_h^2, pmove=0.33
2026-06-02 20:33:42,287 - Step 04972: -11.3531 E_h, exp. variance=0.0265 E_h^2, pmove=0.32
2026-06-02 20:33:42,950 - Step 04973: -11.2963 E_h, exp. variance=0.0239 E_h^2, pmove=0.33
2026-06-02 20:33:43,613 - Step 04974: -11.2779 E_h, exp. variance=0.0216 E_h^2, pmove=0.32
2026-06-02 20:33:44,278 - Step 04975: -11.2349 E_h, exp. variance=0.0199 E_h^2, pmove=0.33
2026-06-02 20:33:44,943 - Step 04976: -11.2400 E_h, exp. variance=0.0182 E_h^2, pmove=0.33
2026-06-02 20:33:45,609 - Step 04977: -11.0998 E_h, exp. variance=0.0197 E_h^2, pmove=0.33
2026-06-02 20:33:46,273 - Step 04978: -11.1380 E_h, exp. variance=0.0194 E_h^2, pmove=0.32
2026-06-02 20:33:46,939 - Step 04979: -11.3014 E_h, exp. variance=0.0176 E_h^2, pmove=0.33
2026-06-02 20:33:47,606 - Step 04980: -11.3387 E_h, exp. variance=0.0164 E_h^2, pmove=0.33
2026-06-02 20:33:48,269 - Step 04981: -11.2610 E_h, exp. variance=0.0147 E_h^2, pmove=0.32
2026-06-02 20:33:48,933 - Step 04982: -11.2809 E_h, exp. variance=0.0133 E_h^2, pmove=0.32
2026-06-02 20:33:49,598 - Step 04983: -11.2760 E_h, exp. variance=0.0119 E_h^2, pmove=0.33
2026-06-02 20:33:50,261 - Step 04984: -11.1433 E_h, exp. variance=0.0122 E_h^2, pmove=0.33
2026-06-02 20:33:50,925 - Step 04985: -11.2741 E_h, exp. variance=0.0110 E_h^2, pmove=0.32
2026-06-02 20:33:51,589 - Step 04986: -11.2793 E_h, exp. variance=0.0100 E_h^2, pmove=0.33
2026-06-02 20:33:52,252 - Step 04987: -11.2572 E_h, exp. variance=0.0090 E_h^2, pmove=0.32
2026-06-02 20:33:52,915 - Step 04988: -11.3541 E_h, exp. variance=0.0088 E_h^2, pmove=0.33
2026-06-02 20:33:53,578 - Step 04989: -11.4324 E_h, exp. variance=0.0103 E_h^2, pmove=0.32
2026-06-02 20:33:54,241 - Step 04990: -11.2889 E_h, exp. variance=0.0093 E_h^2, pmove=0.33
2026-06-02 20:33:54,903 - Step 04991: -11.2634 E_h, exp. variance=0.0084 E_h^2, pmove=0.32
2026-06-02 20:33:55,567 - Step 04992: -11.2509 E_h, exp. variance=0.0077 E_h^2, pmove=0.33
2026-06-02 20:33:56,230 - Step 04993: -11.2365 E_h, exp. variance=0.0071 E_h^2, pmove=0.32
2026-06-02 20:33:56,894 - Step 04994: -10.9655 E_h, exp. variance=0.0151 E_h^2, pmove=0.32
2026-06-02 20:33:57,558 - Step 04995: -11.2881 E_h, exp. variance=0.0137 E_h^2, pmove=0.32
2026-06-02 20:33:58,222 - Step 04996: -11.3348 E_h, exp. variance=0.0130 E_h^2, pmove=0.33
2026-06-02 20:33:58,887 - Step 04997: -11.3317 E_h, exp. variance=0.0122 E_h^2, pmove=0.33
2026-06-02 20:33:59,551 - Step 04998: -11.3066 E_h, exp. variance=0.0111 E_h^2, pmove=0.33
2026-06-02 20:34:00,216 - Step 04999: -11.2867 E_h, exp. variance=0.0100 E_h^2, pmove=0.33
2026-06-02 20:34:00,216 - Saving checkpoint results/bilayer-bosons/BosonNet/N24_layers12_12_rs3.0_d2.0_D20.0_sq/qmcjax_ckpt_004999.npz
2026-06-02 20:34:00,261 - Training completed after t [s] = 3491
