step,energy,ewmean,ewvar,pmove,locstd
0,25749.156,25749.156,0.0,0.99465334,444155.56
1,16941.2,24868.361,6.9822095e+06,0.99482423,236473.92
2,23733.977,24754.922,6.399803e+06,0.9947754,428548.38
3,18380.191,24117.45,9.41717e+06,0.9951416,180002.72
4,20757.215,23781.426,9.491659e+06,0.995166,252869.05
5,31390.824,24542.365,1.3753758e+07,0.995459,445089.9
6,44738.848,26562.014,4.9089196e+07,0.9949951,650862.75
7,27502.48,26656.06,4.425988e+07,0.994043,360641.78
8,17454.701,25735.924,4.745374e+07,0.9950684,265969.72
9,10195.24,24181.855,6.444452e+07,0.99433595,70866.586
10,26837.967,24447.467,5.863501e+07,0.9945801,399808.16
11,11740.334,23176.754,6.730391e+07,0.99465334,93983.66
12,14063.61,22265.44,6.804796e+07,0.99504393,180981.1
13,17521.709,21791.066,6.3268428e+07,0.9941406,186146.1
14,13653.289,20977.29,6.290169e+07,0.9946045,115334.27
15,24344.223,21313.982,5.763178e+07,0.9940674,391363.12
16,32969.023,22479.486,6.4094196e+07,0.99396974,592247.2
17,18147.822,22046.32,5.937347e+07,0.9944336,252462.33
18,24967.98,22338.486,5.4204372e+07,0.9935303,347079.97
19,20086.875,22113.324,4.9240212e+07,0.99448246,291083.72
20,16517.582,21553.75,4.71343e+07,0.9942627,165002.67
21,15165.004,20914.875,4.6094316e+07,0.9935059,174208.38
22,13793.347,20202.723,4.6049336e+07,0.99333495,146295.61
23,18680.797,20050.53,4.1652864e+07,0.9934082,217783.4
24,11743.876,19219.863,4.369762e+07,0.9935059,105941.69
25,25639.04,19861.781,4.303638e+07,0.99311525,397018.66
26,27641.441,20639.748,4.417982e+07,0.9937256,387452.72
27,34255.953,22001.37,5.6447932e+07,0.9930908,554459.56
28,17420.367,21543.27,5.2691836e+07,0.9928223,252751.92
29,16049.809,20993.924,5.013868e+07,0.99248046,168013.53
30,17510.988,20645.63,4.6216588e+07,0.9921875,242086.94
31,25805.43,21161.611,4.3991044e+07,0.99194336,307203.3
32,30515.719,22097.021,4.7466876e+07,0.9913086,531044.8
33,30154.55,22902.773,4.856333e+07,0.98981935,541012.56
34,20299.627,22642.459,4.4316868e+07,0.9898438,247345.2
35,26195.807,22997.793,4.1021544e+07,0.98928225,458064.94
36,23572.516,23055.266,3.6949116e+07,0.9890137,239912.56
37,28379.969,23587.736,3.580593e+07,0.98791504,364266.7
38,18276.818,23056.645,3.476386e+07,0.98789066,174770.62
39,12857.545,22036.734,4.064942e+07,0.9884033,139984.66
40,20019.576,21835.02,3.695068e+07,0.9864014,227579.56
41,37832.047,23434.723,5.628705e+07,0.98503417,588250.44
42,13474.006,22438.65,5.9587772e+07,0.9834717,125549.98
43,20698.41,22264.627,5.390155e+07,0.9851807,311531.5
44,22234.992,22261.664,4.8511476e+07,0.9848633,259285.48
45,22455.64,22281.062,4.3663716e+07,0.98459476,404921.47
46,28676.426,22920.6,4.2978404e+07,0.98544925,317743.94
47,17235.654,22352.105,4.1589236e+07,0.98515624,174952.77
48,21600.723,22276.967,3.748112e+07,0.98806155,387535.44
49,22689.73,22318.242,3.374834e+07,0.989209,264486.47
50,22104.594,22296.877,3.0377612e+07,0.9901611,378351.0
51,19482.883,22015.477,2.805252e+07,0.9907471,226417.33
52,15945.427,21408.47,2.8563362e+07,0.9913818,210270.78
53,11676.258,20435.25,3.4231464e+07,0.9916504,112319.95
54,16022.521,19993.977,3.2560812e+07,0.9908447,193778.6
55,33445.074,21339.086,4.5588612e+07,0.991333,551417.6
56,13563.217,20561.5,4.647152e+07,0.990625,118151.445
57,13498.539,19855.203,4.6314052e+07,0.99082035,126469.11
58,15509.576,19420.64,4.338225e+07,0.99082035,198753.06
59,23527.773,19831.354,4.056219e+07,0.9890137,431082.16
60,24420.979,20290.316,3.8401788e+07,0.9880859,449615.3
61,10158.232,19277.107,4.380093e+07,0.98789066,87481.414
62,27768.812,20126.277,4.591065e+07,0.9872559,432929.12
63,32586.293,21372.28,5.529226e+07,0.98688966,541419.0
64,27376.771,21972.729,5.3007884e+07,0.98666996,453856.88
65,12345.586,21010.014,5.6048464e+07,0.9864014,142913.81
66,19447.13,20853.725,5.0663452e+07,0.98530275,291568.75
67,20843.328,20852.686,4.5597116e+07,0.9864502,263064.1
68,11941.296,19961.547,4.8184564e+07,0.9854981,173239.75
69,14327.312,19398.123,4.622312e+07,0.98566896,118551.0
70,21582.414,19616.553,4.203021e+07,0.9860596,342695.72
71,16915.602,19346.457,3.8483748e+07,0.9848633,284458.53
72,30201.44,20431.955,4.524013e+07,0.98430175,337376.9
73,11536.939,19542.453,4.783703e+07,0.98583984,106943.06
74,15541.469,19142.355,4.4494036e+07,0.9854004,152769.53
75,24332.875,19661.408,4.2469364e+07,0.98598635,301093.66
76,12123.513,18907.62,4.3336216e+07,0.98530275,99149.1
77,18020.422,18818.898,3.9073436e+07,0.9848877,348666.56
78,11288.797,18065.889,4.026931e+07,0.9859131,100332.27
79,21712.736,18430.574,3.7439332e+07,0.9846924,352098.72
80,20110.852,18598.602,3.3949496e+07,0.98513186,257563.94
81,23468.834,19085.625,3.268927e+07,0.98530275,303718.22
82,16830.562,18860.12,2.987802e+07,0.9857422,189598.42
83,41527.918,21126.898,7.313483e+07,0.98598635,646189.56
84,19563.115,20970.52,6.6041436e+07,0.98828125,215539.89
85,11352.693,20008.736,6.776253e+07,0.99067384,123296.875
86,12957.748,19303.637,6.5460748e+07,0.9916504,97630.05
87,19656.254,19338.898,5.892586e+07,0.9933106,331212.84
88,31812.727,20586.281,6.7036944e+07,0.99418944,444140.56
89,24010.352,20928.688,6.1388428e+07,0.99487305,291491.25
90,13233.79,20159.197,6.0578616e+07,0.9943115,178200.77
91,29415.33,21084.81,6.223159e+07,0.9952881,446287.94
92,23344.133,21310.742,5.646784e+07,0.9951172,379906.4
93,20321.887,21211.857,5.090906e+07,0.9947754,297896.5
94,16471.744,20737.846,4.7840332e+07,0.99582523,215147.34
95,37676.973,22431.758,6.888036e+07,0.9956787,584451.9
96,26887.969,22877.379,6.377953e+07,0.9953613,428176.25
97,12400.857,21829.727,6.727975e+07,0.99550784,144121.97
98,30147.906,22661.545,6.6779064e+07,0.9953613,373702.3
99,8743.931,21269.783,7.753415e+07,0.99501956,73181.6
100,15672.872,20710.092,7.2600024e+07,0.9953613,151029.17
101,26712.68,21310.352,6.858282e+07,0.99497074,436729.66
102,39183.117,23097.629,9.047375e+07,0.9948975,477990.25
103,24905.879,23278.453,8.172066e+07,0.9945801,321692.22
104,28164.402,23767.049,7.569711e+07,0.99497074,391872.22
105,14693.779,22859.723,7.5536584e+07,0.9949463,124510.52
106,23556.344,22929.385,6.80266e+07,0.994043,392188.56
107,29625.047,23598.951,6.5258812e+07,0.99487305,465371.34
108,14603.777,22699.434,6.601511e+07,0.9947754,129398.66
109,22157.762,22645.266,5.9440004e+07,0.99411625,347673.44
110,9849.4,21365.68,6.823208e+07,0.9947998,58916.324
111,17355.664,20964.678,6.2856092e+07,0.99448246,172832.42
112,36747.695,22542.98,7.898981e+07,0.9945801,570276.9
113,21653.504,22454.033,7.116203e+07,0.9945313,243701.83
114,12796.4375,21488.273,7.244005e+07,0.99538577,109784.15
115,21013.94,21440.84,6.521629e+07,0.99416506,442719.53
116,21026.438,21399.4,5.871011e+07,0.99448246,256519.12
117,12390.615,20498.521,6.0143336e+07,0.9935303,98966.64
118,20906.16,20539.285,5.4143956e+07,0.9938721,396312.4
119,19826.707,20468.027,4.8775256e+07,0.9951416,401593.94
120,15788.877,20000.113,4.5868228e+07,0.9943604,162019.55
121,32810.156,21281.117,5.605015e+07,0.9939209,507178.2
122,18108.674,20963.873,5.1350932e+07,0.9942383,213966.69
123,15418.392,20409.324,4.8983548e+07,0.9946045,197484.19
124,11551.965,19523.588,5.1145944e+07,0.99501956,118383.29
125,13710.944,18942.324,4.9072164e+07,0.99396974,147176.56
126,29512.896,19999.38,5.4221276e+07,0.9939453,299504.78
127,28917.117,20891.154,5.5956492e+07,0.9945313,392190.72
128,12221.71,20024.209,5.7125176e+07,0.994458,128497.03
129,17952.66,19817.055,5.1798876e+07,0.99365234,252743.95
130,32351.059,21070.455,6.07581e+07,0.99411625,584729.5
131,18010.086,20764.418,5.5525216e+07,0.9937256,306245.88
132,11005.7705,19788.553,5.85435e+07,0.9944336,95226.875
133,27057.68,20515.465,5.744477e+07,0.99428713,287787.78
134,16193.024,20083.22,5.3381804e+07,0.9940918,172140.22
135,20785.549,20153.453,4.8088016e+07,0.9946045,329808.2
136,35908.77,21728.984,6.561991e+07,0.99370116,605739.5
137,26121.412,22168.227,6.079433e+07,0.9942139,412109.47
138,19880.754,21939.479,5.518582e+07,0.9933594,298771.0
139,18897.46,21635.277,5.0500084e+07,0.9943115,306622.25
140,25993.133,22071.062,4.7159256e+07,0.99382323,453099.88
141,28162.72,22680.229,4.5783076e+07,0.9938965,403802.7
142,22471.945,22659.4,4.120867e+07,0.9942139,277331.0
143,21739.781,22567.438,3.7163916e+07,0.99348146,339993.78
144,34341.316,23744.826,4.5923704e+07,0.99382323,542937.8
145,26210.266,23991.371,4.1878388e+07,0.9938721,350919.72
146,30470.723,24639.307,4.146893e+07,0.9928711,416406.88
147,22891.07,24464.482,3.7597104e+07,0.99416506,415375.2
148,24003.484,24418.383,3.385652e+07,0.99396974,332614.72
149,27210.367,24697.582,3.1172432e+07,0.9938721,390221.25
150,17175.2,23945.344,3.314795e+07,0.99328613,259978.17
151,12361.758,22786.984,4.1909304e+07,0.9939942,130284.766
152,21524.223,22660.709,3.7861884e+07,0.9932373,304246.62
153,22000.387,22594.676,3.411494e+07,0.9935547,433808.06
154,29420.348,23277.242,3.489653e+07,0.9933106,409592.72
155,13330.431,22282.56,4.0311388e+07,0.9934082,104929.45
156,20572.943,22111.6,3.65433e+07,0.9926514,278124.75
157,22870.188,22187.459,3.2940758e+07,0.9933838,370566.9
158,30218.934,22990.605,3.5452092e+07,0.993042,393547.84
159,24435.375,23135.082,3.2094744e+07,0.99370116,259293.64
160,13908.029,22212.377,3.6547732e+07,0.9933838,218721.31
161,16219.523,21613.092,3.6125244e+07,0.99316406,247738.11
162,23649.605,21816.742,3.2885984e+07,0.9930908,257074.06
163,23220.54,21957.121,2.9774742e+07,0.9935547,311953.84
164,16251.432,21386.553,2.9727208e+07,0.9942139,189373.92
165,25769.742,21824.871,2.8483598e+07,0.99379885,394830.84
166,10984.0,20740.783,3.6212444e+07,0.99375004,120187.16
167,20220.64,20688.77,3.261555e+07,0.9940674,235608.95
168,33796.113,21999.504,4.4816216e+07,0.9935547,498389.34
169,22915.54,22091.107,4.0410116e+07,0.99362797,355405.12
170,21392.445,22021.242,3.6413036e+07,0.9931885,274689.4
171,20257.465,21844.865,3.3051714e+07,0.99274904,273544.3
172,33815.297,23041.908,4.2642756e+07,0.99370116,496859.44
173,18844.096,22622.127,3.9964428e+07,0.99294436,222197.6
174,32694.98,23629.412,4.5099596e+07,0.99211425,386427.7
175,18332.545,23099.725,4.3114748e+07,0.9923096,202880.95
176,19239.068,22713.658,4.0144692e+07,0.9927246,260363.53
177,22502.059,22692.498,3.6134252e+07,0.99211425,365219.53
178,32141.8,23637.428,4.0556864e+07,0.99172366,555381.0
179,31339.012,24407.586,4.183947e+07,0.99152833,402160.72
180,28289.594,24795.787,3.9011824e+07,0.9918701,524461.1
181,15290.689,23845.277,4.324186e+07,0.99162596,234719.44
182,36162.203,25076.97,5.257127e+07,0.99104005,477753.7
183,14989.852,24068.258,5.647164e+07,0.99035645,131040.125
184,24425.793,24104.012,5.083598e+07,0.99055177,256142.39
185,18605.47,23554.158,4.8473436e+07,0.9903076,329936.8
186,18077.912,23006.533,4.632513e+07,0.9894776,225932.95
187,17340.615,22439.941,4.4581852e+07,0.9894287,180092.33
188,27138.227,22909.77,4.2110316e+07,0.9894776,468320.12
189,11696.01,21788.395,4.921664e+07,0.989917,99328.63
190,19428.578,21552.412,4.479616e+07,0.99003905,215240.97
191,10761.426,20473.312,5.0796628e+07,0.9898438,89431.16
192,16708.242,20096.805,4.6992784e+07,0.9900147,172214.31
193,24440.63,20531.188,4.39917e+07,0.9897949,311232.84
194,15924.57,20070.525,4.1502412e+07,0.9899414,193346.64
195,31897.088,21253.182,4.994025e+07,0.9911621,511956.3
196,11009.165,20228.78,5.4390812e+07,0.9902832,104058.66
197,23997.645,20605.666,5.023012e+07,0.99086916,507030.1
198,20083.316,20553.432,4.5231664e+07,0.9911377,327875.8
199,23749.762,20873.064,4.1627984e+07,0.9914307,331831.75
200,20498.818,20835.64,3.747779e+07,0.99211425,398828.78
201,18546.742,20606.75,3.4201524e+07,0.9920166,268831.62
202,22249.297,20771.004,3.1024188e+07,0.99157715,314214.84
203,25827.094,21276.613,3.0222532e+07,0.99157715,284957.2
204,16766.2,20825.572,2.9031224e+07,0.9911621,251855.75
205,19274.836,20670.498,2.6344532e+07,0.9916992,192804.11
206,20286.951,20632.143,2.3723318e+07,0.99155277,197004.64
207,18945.922,20463.52,2.1606886e+07,0.9917969,197916.97
208,23354.902,20752.658,2.0198606e+07,0.9911133,322062.66
209,29134.889,21590.88,2.4502304e+07,0.9911133,389853.75
210,11011.894,20532.982,3.212442e+07,0.99035645,93251.44
211,19688.578,20448.543,2.897615e+07,0.9907471,228454.47
212,15096.157,19913.305,2.8656858e+07,0.99089354,273289.53
213,16015.123,19523.486,2.7158796e+07,0.9918213,145563.48
214,25456.012,20116.738,2.7610454e+07,0.99033207,311336.0
215,15503.008,19655.365,2.6765192e+07,0.99099123,234334.94
216,20093.285,19699.156,2.4105932e+07,0.9898926,264878.06
217,18022.408,19531.48,2.1948372e+07,0.9885254,261510.6
218,43258.508,21904.184,7.0421e+07,0.98837894,631859.5
219,23797.773,22093.543,6.370161e+07,0.98859864,304081.97
220,30128.46,22897.035,6.314184e+07,0.9867188,493701.25
221,27468.727,23354.205,5.870869e+07,0.9874756,356004.8
222,18331.863,22851.97,5.5107972e+07,0.98601073,255730.19
223,22133.072,22780.08,4.9643684e+07,0.9866455,424171.97
224,37711.83,24273.254,6.4745452e+07,0.9865967,616127.94
225,14309.441,23276.873,6.720589e+07,0.9869141,167935.92
226,7889.6836,21738.154,8.17942e+07,0.9864014,73094.24
227,12563.08,20820.646,8.119116e+07,0.9864258,133320.2
228,21338.918,20872.473,7.3096216e+07,0.9863281,229884.16
229,10889.9795,19874.223,7.47551e+07,0.9856934,116429.61
230,23181.53,20204.953,6.826403e+07,0.9876709,359588.12
231,24150.418,20599.5,6.283863e+07,0.98588866,278569.12
232,25853.91,21124.941,5.9039564e+07,0.9873291,319831.66
233,38455.32,22857.979,8.016639e+07,0.988208,519140.3
234,21034.225,22675.604,7.2449096e+07,0.9873047,205808.12
235,31816.895,23589.732,7.272487e+07,0.9888672,479800.66
236,11999.684,22430.727,7.754201e+07,0.9889893,224668.42
237,15135.637,21701.217,7.457746e+07,0.988501,193859.66
238,36788.027,23209.898,8.7604776e+07,0.98864746,526593.2
239,26868.35,23575.744,8.004888e+07,0.98874515,469653.47
240,22515.53,23469.723,7.214516e+07,0.989917,390575.5
241,23476.562,23470.406,6.493065e+07,0.9895264,361540.4
242,14550.0205,22578.367,6.5599176e+07,0.98977053,151078.3
243,16307.414,21951.271,6.2578496e+07,0.98859864,224330.98
244,30392.242,22795.37,6.2733144e+07,0.9888428,456266.0
245,12200.078,21735.84,6.656325e+07,0.9881348,78105.516
246,36130.836,23175.34,7.855635e+07,0.98801273,498061.34
247,18112.45,22669.05,7.300767e+07,0.9888428,383799.34
248,23676.441,22769.79,6.5798236e+07,0.9890625,283224.8
249,18111.05,22303.916,6.117176e+07,0.9892578,170581.2
250,17019.582,21775.482,5.756776e+07,0.98874515,166158.03
251,14777.695,21075.703,5.6218196e+07,0.98928225,146251.31
252,21095.992,21077.732,5.0596412e+07,0.98881835,267441.9
253,24454.012,21415.36,4.6562704e+07,0.9883545,343969.3
254,26766.025,21950.426,4.44831e+07,0.98896486,474038.34
255,13436.485,21099.031,4.655863e+07,0.98923343,262892.28
256,15796.676,20568.795,4.4433116e+07,0.9888428,151036.66
257,18261.783,20338.094,4.0468812e+07,0.98967284,288407.03
258,16430.824,19947.367,3.779594e+07,0.98928225,175198.08
259,14654.143,19418.045,3.6537988e+07,0.9902588,218338.34
260,17678.727,19244.113,3.315646e+07,0.9900879,143975.42
261,18628.713,19182.574,2.9874898e+07,0.9898438,261562.05
262,16397.635,18904.08,2.7585436e+07,0.9895264,145808.44
263,11063.129,18119.984,3.0360138e+07,0.99045414,85686.13
264,37764.39,20084.426,6.2055364e+07,0.99067384,468862.84
265,25702.621,20646.246,5.8690596e+07,0.9888672,319284.22
266,22195.57,20801.178,5.3037572e+07,0.9896973,280836.5
267,31157.424,21836.803,5.738648e+07,0.98933107,444846.8
268,23391.031,21992.227,5.186524e+07,0.9897461,345267.4
269,20349.525,21827.957,4.6921576e+07,0.9884766,351355.44
270,21790.898,21824.252,4.222954e+07,0.98913574,236873.5
271,18879.227,21529.75,3.878717e+07,0.9884033,233773.22
272,32882.98,22665.072,4.6509076e+07,0.98859864,376170.12
273,29159.348,23314.5,4.5653972e+07,0.98779297,472581.8
274,19040.105,22887.06,4.273291e+07,0.9879395,238031.28
275,22004.61,22798.816,3.8529704e+07,0.98913574,317925.44
276,17301.744,22249.11,3.7396336e+07,0.9878662,247062.2
277,31663.86,23190.584,4.163408e+07,0.9881348,491480.34
278,32447.938,24116.32,4.5183544e+07,0.9890381,536960.4
279,18337.797,23538.469,4.367041e+07,0.98845214,245792.48
280,11403.039,22324.926,5.2557544e+07,0.98833007,97013.17
281,29912.824,23083.715,5.248365e+07,0.9883057,460685.84
282,31543.488,23929.691,5.367638e+07,0.98774415,423593.6
283,23202.258,23856.947,4.8356364e+07,0.9876221,392012.62
284,28150.229,24286.275,4.517963e+07,0.98630375,434324.1
285,32417.52,25099.4,4.661221e+07,0.985791,460835.2
286,17004.842,24289.945,4.7847956e+07,0.9859131,225240.48
287,17830.72,23644.023,4.6818104e+07,0.986499,176667.5
288,22828.855,23562.506,4.2196096e+07,0.98615724,433018.0
289,21264.127,23332.668,3.8451916e+07,0.9851807,313613.94
290,23538.027,23353.203,3.4610516e+07,0.98525393,318346.9
291,12319.523,22249.836,4.2106256e+07,0.98439944,107667.766
292,16238.035,21648.656,4.1148388e+07,0.9850098,244067.72
293,15804.032,21064.193,4.0107916e+07,0.98374027,214988.06
294,25129.39,21470.713,3.758445e+07,0.9841797,288063.72
295,19167.904,21240.432,3.4303264e+07,0.9840332,215813.25
296,30463.996,22162.79,3.8529612e+07,0.9828125,433458.1
297,15327.16,21479.227,3.8881976e+07,0.98337406,192076.61
298,24541.129,21785.416,3.5837548e+07,0.9844971,371798.44
299,17127.508,21319.625,3.4206444e+07,0.98132324,141840.69
300,12874.967,20475.16,3.72039e+07,0.98273927,106080.84
301,34901.703,21917.814,5.2214772e+07,0.9816162,522908.06
302,27672.402,22493.273,4.9973668e+07,0.9807617,476750.44
303,17482.748,21992.22,4.7235784e+07,0.981543,172827.2
304,16614.203,21454.418,4.511528e+07,0.9813477,209667.77
305,19218.338,21230.81,4.1053756e+07,0.9795899,152636.0
306,18604.414,20968.172,3.7569196e+07,0.9798096,295381.47
307,23504.838,21221.838,3.4391396e+07,0.9786865,340834.44
308,28251.215,21924.775,3.5399348e+07,0.9782715,363203.75
309,19924.234,21724.72,3.2219606e+07,0.9786377,192017.73
310,24673.363,22019.586,2.978015e+07,0.97727054,360826.16
311,31318.195,22949.447,3.4583908e+07,0.9770752,404608.88
312,22625.93,22917.096,3.1134938e+07,0.9761719,294065.97
313,24912.324,23116.62,2.8379728e+07,0.9770752,280391.1
314,18755.469,22680.504,2.7253522e+07,0.9750733,267915.4
315,18901.309,22302.584,2.5813578e+07,0.9730957,254696.52
316,12714.73,21343.799,3.1505644e+07,0.9721436,96999.055
317,17989.04,21008.322,2.9367976e+07,0.97141117,221526.2
318,19878.314,20895.322,2.65461e+07,0.9696533,232068.39
319,17259.912,20531.781,2.5080948e+07,0.9708252,196915.67
320,15418.19,20020.422,2.4926246e+07,0.96899414,215000.1
321,19360.371,19954.416,2.247283e+07,0.9680176,207641.69
322,14498.871,19408.861,2.2904214e+07,0.9701172,179963.17
323,11613.762,18629.352,2.6082514e+07,0.9692627,118108.21
324,29609.943,19727.41,3.4325868e+07,0.96867675,482144.72
325,20314.176,19786.086,3.0924266e+07,0.97019047,205563.67
326,13344.706,19141.947,3.1566062e+07,0.969165,151844.72
327,27329.387,19960.691,3.4442532e+07,0.97148436,348818.2
328,12399.179,19204.541,3.614416e+07,0.9701416,114933.04
329,12205.786,18504.666,3.6938172e+07,0.96931154,137184.02
330,18554.854,18509.686,3.324458e+07,0.9722168,214885.98
331,24049.352,19063.652,3.268203e+07,0.96972656,362121.0
332,17981.02,18955.389,2.9519316e+07,0.96984863,193996.42
333,24271.04,19486.953,2.9110436e+07,0.97158206,373788.88
334,15753.527,19113.611,2.7453854e+07,0.97126466,208615.97
335,41764.15,21378.664,7.088268e+07,0.9734375,644942.8
336,32449.316,22485.729,7.482475e+07,0.9746094,514867.56
337,20285.332,22265.69,6.777803e+07,0.97490233,411729.34
338,41150.484,24154.168,9.309742e+07,0.97312015,559798.94
339,18458.61,23584.611,8.6707224e+07,0.9723145,326043.72
340,16369.075,22863.059,8.272226e+07,0.9733154,225833.25
341,11320.283,21708.781,8.644124e+07,0.9736816,109579.78
342,7119.198,20249.822,9.695414e+07,0.97316897,74843.2
343,19024.496,20127.29,8.739386e+07,0.97414553,420319.84
344,26827.16,20797.275,8.269441e+07,0.9737793,395468.5
345,12237.178,19941.266,8.101974e+07,0.9729492,137447.27
346,12038.741,19151.014,7.8538264e+07,0.9737305,124667.664
347,18757.938,19111.707,7.069834e+07,0.97387695,190921.03
348,23960.217,19596.559,6.5744228e+07,0.97248536,245899.98
349,21284.928,19765.395,5.9426356e+07,0.97329104,365881.53
350,16713.018,19460.156,5.432225e+07,0.97302246,304600.84
351,35463.277,21060.469,7.1939016e+07,0.9734619,586811.1
352,25909.527,21545.375,6.6861316e+07,0.9713623,346390.22
353,35377.633,22928.602,7.7395e+07,0.97382814,585613.9
354,26265.178,23262.26,7.065744e+07,0.9733887,432629.06
355,10547.553,21990.79,7.814143e+07,0.9728516,88488.78
356,24978.258,22289.535,7.1130536e+07,0.9737549,372721.22
357,14802.897,21540.871,6.906196e+07,0.9726807,184428.61
358,16306.276,21017.412,6.462185e+07,0.9726319,222552.5
359,19942.223,20909.893,5.8263704e+07,0.9730713,264465.44
360,15836.463,20402.549,5.4753904e+07,0.9739014,222166.92
361,17560.543,20118.348,5.0005444e+07,0.97492677,242004.45
362,9875.14,19094.027,5.4447996e+07,0.97424316,98663.664
363,32056.346,20390.26,6.4125148e+07,0.9741699,526213.9
364,37433.34,22094.568,8.385462e+07,0.9743164,523670.5
365,20045.105,21889.621,7.584719e+07,0.97563475,237791.86
366,14851.223,21185.781,7.2720984e+07,0.9760742,139196.89
367,20867.508,21153.953,6.5458e+07,0.97526854,312191.97
368,22722.332,21310.791,5.913358e+07,0.97524416,357703.3
369,38941.914,23073.902,8.1197304e+07,0.9744873,567252.9
370,15942.547,22360.768,7.765463e+07,0.97578126,218308.75
371,14540.664,21578.758,7.539302e+07,0.9747559,195654.95
372,19853.604,21406.242,6.8121576e+07,0.9745361,317568.88
373,21666.605,21432.28,6.1315516e+07,0.97509766,219286.72
374,26089.846,21898.035,5.7136324e+07,0.9756104,371074.22
375,19073.355,21615.566,5.2140784e+07,0.97695315,225171.45
376,23162.016,21770.21,4.714194e+07,0.97595215,393897.16
377,14562.433,21049.434,4.710343e+07,0.9751465,206906.92
378,18687.777,20813.268,4.2895056e+07,0.9757568,347208.28
379,26575.15,21389.455,4.1593484e+07,0.975708,398156.12
380,16831.363,20933.646,3.930399e+07,0.9748047,158965.05
381,26162.8,21456.562,3.7834556e+07,0.97604984,452045.03
382,17655.645,21076.47,3.5351324e+07,0.97456056,378540.44
383,18116.982,20780.521,3.2604462e+07,0.97382814,251918.92
384,17897.863,20492.256,3.009189e+07,0.9743897,295731.7
385,22845.027,20727.533,2.7580898e+07,0.9736816,368200.34
386,21318.926,20786.672,2.4854284e+07,0.9734619,333707.75
387,26815.963,21389.602,2.5640568e+07,0.972583,474153.1
388,22245.168,21475.158,2.314239e+07,0.97226566,326871.88
389,15439.646,20871.607,2.4106616e+07,0.9720215,153718.4
390,15342.212,20318.668,2.4447634e+07,0.9729248,181436.1
391,23684.234,20655.225,2.3022304e+07,0.9717285,423339.38
392,22555.645,20845.266,2.1045118e+07,0.9717285,346617.22
393,25330.797,21293.818,2.0751406e+07,0.96796876,297530.2
394,13314.246,20495.861,2.4406886e+07,0.9664063,134000.62
395,12244.338,19670.709,2.8094084e+07,0.96953124,118203.43
396,14441.102,19147.748,2.7746066e+07,0.9696533,172499.55
397,20650.23,19297.996,2.517463e+07,0.96791995,221841.48
398,25733.143,19941.512,2.6384166e+07,0.9671875,468914.44
399,9834.195,18930.78,3.2939956e+07,0.96621096,86798.75
400,15305.424,18568.244,3.0828848e+07,0.96809083,115219.56
401,22897.316,19001.152,2.943264e+07,0.9664063,421242.0
402,30509.238,20151.96,3.840862e+07,0.9664063,573846.25
403,17714.13,19908.178,3.5102628e+07,0.96811527,182035.14
404,19737.617,19891.121,3.1594982e+07,0.9668701,421264.44
405,21447.625,20046.771,2.8653526e+07,0.96706545,321665.06
406,53656.45,23407.74,1.2745311e+08,0.9683594,792893.1
407,18064.45,22873.41,1.1727737e+08,0.96691895,225581.77
408,19376.629,22523.732,1.066501e+08,0.96643066,208588.39
409,21067.305,22378.09,9.617599e+07,0.9660889,240217.2
410,29220.328,23062.314,9.077185e+07,0.96809083,383939.6
411,18669.895,22623.072,8.3431064e+07,0.96435547,308960.78
412,9960.461,21356.81,8.95187e+07,0.96357423,104642.195
413,23234.727,21544.602,8.088422e+07,0.961084,374591.5
414,16778.66,21068.008,7.484007e+07,0.9623535,173723.3
415,24726.24,21433.832,6.8560504e+07,0.9619873,275311.8
416,21474.604,21437.91,6.1704604e+07,0.9623047,310288.75
417,32129.613,22507.08,6.5822268e+07,0.96223146,506099.1
418,33379.34,23594.307,6.9878584e+07,0.96118164,559275.9
419,14941.927,22729.068,6.9628456e+07,0.96430665,172053.23
420,12972.468,21753.408,7.1232824e+07,0.9628906,135903.47
421,17596.656,21337.732,6.5664612e+07,0.96445316,346252.34
422,28481.148,22052.074,6.36907e+07,0.96567386,434681.72
423,18009.887,21647.855,5.8792164e+07,0.9638672,284908.34
424,11629.465,20646.016,6.1946076e+07,0.9646973,94752.91
425,20372.281,20618.643,5.575821e+07,0.9622803,215687.81
426,24061.672,20962.945,5.1249284e+07,0.96376956,300619.75
427,11579.922,20024.643,5.4048056e+07,0.96137697,113348.62
428,16053.01,19627.479,5.00629e+07,0.96083987,197664.23
429,19973.76,19662.107,4.50674e+07,0.9586914,174183.81
430,21736.426,19869.54,4.094791e+07,0.9588379,229077.28
431,18990.27,19781.611,3.69227e+07,0.9578369,293967.2
432,24338.613,20237.312,3.5099396e+07,0.9544922,426644.66
433,17213.893,19934.97,3.2412152e+07,0.9545166,250050.34
434,12669.027,19208.377,3.3922388e+07,0.95581055,137793.84
435,10371.268,18324.666,3.7558656e+07,0.95410156,87730.99
436,19365.844,18428.783,3.390035e+07,0.9541504,250475.98
437,24297.809,19015.686,3.3610404e+07,0.95476073,271437.1
438,41862.15,21300.332,7.722584e+07,0.95183104,540601.6
439,22622.473,21432.547,6.9660584e+07,0.95202637,290106.78
440,21911.254,21480.418,6.271515e+07,0.9503418,278542.84
441,21719.766,21504.354,5.644879e+07,0.95026857,281086.0
442,16620.562,21015.975,5.2950536e+07,0.9456787,311879.56
443,34745.23,22388.9,6.4619804e+07,0.94768065,597720.1
444,29034.027,23053.414,6.2132016e+07,0.9488037,455097.12
445,23766.662,23124.738,5.5964596e+07,0.94863284,334250.78
446,10289.455,21841.21,6.519514e+07,0.9516846,100119.81
447,31417.184,22798.809,6.6928556e+07,0.9503418,494838.44
448,12293.012,21748.229,7.016916e+07,0.9523193,154988.78
449,16186.185,21192.023,6.593651e+07,0.95271,207342.64
450,18605.926,20933.414,5.9944772e+07,0.95456547,253292.56
451,20116.398,20851.713,5.4010372e+07,0.9548584,330308.8
452,27566.227,21523.164,5.2666956e+07,0.9538574,458308.62
453,22718.604,21642.707,4.7528876e+07,0.95505375,394212.7
454,19887.328,21467.17,4.3053308e+07,0.9562012,278220.7
455,13611.441,20681.598,4.43021e+07,0.9593262,120761.26
456,17875.266,20400.965,4.0580684e+07,0.9565674,285087.9
457,24511.285,20811.996,3.804314e+07,0.95993656,357204.06
458,18967.033,20627.5,3.4545176e+07,0.9604492,269346.16
459,24545.6,21019.31,3.2472294e+07,0.9571533,301435.44
460,19009.857,20818.365,2.9588474e+07,0.95734864,269749.66
461,15163.992,20252.928,2.95071e+07,0.9544434,131398.25
462,21232.549,20350.89,2.6642758e+07,0.95708007,292399.84
463,16502.285,19966.03,2.531154e+07,0.9530762,228408.64
464,11598.62,19129.29,2.9081604e+07,0.95305175,106931.67
465,16218.936,18838.254,2.6935758e+07,0.9532715,139433.48
466,10948.826,18049.31,2.9844058e+07,0.9528565,107072.19
467,10163.664,17260.746,3.245616e+07,0.9531738,101221.74
468,37643.035,19298.975,6.659994e+07,0.9532959,567781.56
469,14854.594,18854.537,6.171767e+07,0.9554688,324893.22
470,14217.883,18390.871,5.7480772e+07,0.9544434,152446.92
471,28127.791,19364.562,6.0265376e+07,0.95144045,386809.66
472,22087.23,19636.83,5.4906e+07,0.953125,213071.89
473,14710.842,19144.23,5.159928e+07,0.9539307,188242.98
474,33901.836,20619.99,6.604017e+07,0.9557129,566612.9
475,34903.42,22048.334,7.7797624e+07,0.95549315,584083.06
476,12238.113,21067.312,7.8679496e+07,0.95617676,150098.2
477,34427.78,22403.36,8.687674e+07,0.95510256,499677.28
478,19518.29,22114.852,7.8938184e+07,0.9556885,249343.12
479,28384.482,22741.814,7.4582104e+07,0.95590824,421282.4
480,29979.592,23465.592,7.1838584e+07,0.95510256,545773.3
481,26966.95,23815.727,6.575808e+07,0.95576173,516686.47
482,14750.975,22909.252,6.6577548e+07,0.95717776,118214.484
483,23932.086,23011.535,6.0013948e+07,0.95419925,315654.75
484,13654.252,22075.807,6.189284e+07,0.9556152,153396.77
485,19438.678,21812.094,5.6329456e+07,0.95249027,280992.03
486,24270.479,22057.932,5.1240436e+07,0.95144045,334623.62
487,22772.008,22129.34,4.6162284e+07,0.9523682,463757.94
488,16769.324,21593.338,4.4131732e+07,0.9496338,231982.0
489,17278.754,21161.879,4.1393964e+07,0.9487061,211001.42
490,14552.122,20500.902,4.1186564e+07,0.9477295,204760.27
491,22513.723,20702.184,3.7432536e+07,0.945044,318071.94
492,25248.11,21156.775,3.5549172e+07,0.94262695,404922.44
493,19710.033,21012.102,3.2182632e+07,0.9448242,261507.17
494,22114.93,21122.385,2.9073828e+07,0.94226074,292305.84
495,10519.345,20062.08,3.628465e+07,0.9388672,105258.625
496,16252.044,19681.076,3.3962656e+07,0.9397217,192816.28
497,30161.855,20729.154,4.0452596e+07,0.93740237,457037.12
498,41434.855,22799.725,7.499268e+07,0.9335205,667185.94
499,22250.691,22744.82,6.7520536e+07,0.93364257,303350.28
500,15797.723,22050.111,6.5112076e+07,0.93310547,259411.25
501,19461.285,21791.229,5.9204052e+07,0.92316896,225033.08
502,18863.914,21498.496,5.4054868e+07,0.90439457,285162.1
503,10274.691,20376.115,5.998702e+07,0.89140624,91196.34
504,17634.668,20101.97,5.466471e+07,0.8937988,220265.69
505,27448.973,20836.672,5.40563e+07,0.883667,460749.44
506,11533.107,19906.316,5.6440736e+07,0.8681397,98142.664
507,21438.531,20059.537,5.100795e+07,0.8505127,224400.38
508,19491.568,20002.74,4.5936188e+07,0.8579346,398254.88
509,22645.64,20267.031,4.1971212e+07,0.8553955,352437.38
510,14089.759,19649.305,4.1208372e+07,0.89255375,171540.72
511,10354.009,18719.775,4.486376e+07,0.8904297,113954.72
512,16724.246,18520.223,4.0735772e+07,0.87380373,200696.39
513,33114.957,19979.695,5.583276e+07,0.84169924,517596.9
514,15964.398,19578.166,5.1700516e+07,0.8425293,181742.7
515,35068.598,21127.209,6.812627e+07,0.8232178,567387.6
516,14093.073,20423.795,6.5766756e+07,0.811377,153595.94
517,19980.027,20379.418,5.92078e+07,0.8106201,338866.25
518,9511.147,19292.592,6.391775e+07,0.8181397,93358.92
519,27396.467,20102.979,6.343653e+07,0.82468265,481759.2
520,26246.496,20717.33,6.0489724e+07,0.8081543,421308.1
521,16450.916,20290.69,5.6078956e+07,0.8115479,266626.62
522,10268.648,19288.484,5.9510776e+07,0.80439454,119475.21
523,10126.243,18372.26,6.1114896e+07,0.8071045,84930.336
524,15786.957,18113.73,5.5604948e+07,0.8054199,187562.34
525,10282.67,17330.625,5.5563748e+07,0.81657714,82644.11
526,19297.338,17527.297,5.035549e+07,0.79211426,278473.8
527,25947.238,18369.291,5.1700524e+07,0.76677245,400326.66
528,25339.562,19066.318,5.0903092e+07,0.7636475,457532.2
529,20175.145,19177.201,4.5923436e+07,0.7573975,386906.4
530,14387.156,18698.197,4.33961e+07,0.7518555,208844.75
531,20732.82,18901.66,3.942906e+07,0.7240967,291612.3
532,14068.842,18418.379,3.7588204e+07,0.7241699,296167.78
533,12903.094,17866.85,3.6567036e+07,0.7211914,212520.25
534,12441.66,17324.33,3.555927e+07,0.7056152,169506.39
535,19133.965,17505.293,3.2298072e+07,0.7136963,211924.45
536,9053.884,16660.152,3.549663e+07,0.7255127,56110.324
537,15878.191,16581.957,3.2002002e+07,0.6942627,169729.84
538,19490.027,16872.764,2.956292e+07,0.69299316,415625.84
539,24421.277,17627.615,3.1734834e+07,0.69895023,297739.34
540,16940.457,17558.898,2.8603846e+07,0.695044,285260.88
541,23590.852,18162.094,2.9018062e+07,0.6702881,387237.16
542,14655.71,17811.455,2.722278e+07,0.6599609,171265.16
543,18236.63,17853.973,2.4516772e+07,0.6862793,434836.06
544,29874.205,19055.996,3.506883e+07,0.6935059,433063.9
545,26833.338,19833.73,3.700578e+07,0.7159424,418734.6
546,14956.086,19345.967,3.5446428e+07,0.7128418,151846.98
547,35698.79,20981.25,5.5969116e+07,0.76271975,612623.3
548,23603.258,21243.451,5.0990944e+07,0.7747803,356405.12
549,33925.523,22511.658,6.0366996e+07,0.7452149,524675.4
550,20616.14,22322.105,5.4653664e+07,0.7355713,423167.06
551,11684.129,21258.309,5.937329e+07,0.7652832,109120.914
552,9962.768,20128.754,6.4918984e+07,0.7831299,94869.92
553,20048.012,20120.68,5.842767e+07,0.7888428,428439.44
554,20455.102,20154.121,5.259497e+07,0.80295414,294353.44
555,16675.34,19806.242,4.8424644e+07,0.78686523,266606.5
556,12879.356,19113.553,4.7900536e+07,0.79731447,144642.69
557,24640.87,19666.285,4.5860092e+07,0.80268556,320365.28
558,23377.451,20037.402,4.251363e+07,0.7831299,443884.38
559,24382.344,20471.896,3.9961336e+07,0.76835936,395246.7
560,19741.602,20398.867,3.60132e+07,0.7706543,299805.6
561,22409.682,20599.95,3.2775782e+07,0.7513428,259076.39
562,31427.646,21682.719,4.0049716e+07,0.73078614,537123.5
563,12124.727,20726.92,4.4266716e+07,0.7188477,109314.83
564,13794.645,20033.691,4.4165124e+07,0.68564457,149511.4
565,19276.459,19957.969,3.9800216e+07,0.6786621,293527.7
566,17246.604,19686.832,3.648183e+07,0.692334,257950.08
567,26112.547,20329.404,3.654973e+07,0.70271,377858.47
568,20666.15,20363.078,3.290496e+07,0.70874023,343325.94
569,19401.28,20266.898,2.9697718e+07,0.68205565,353118.03
570,16080.301,19848.238,2.830543e+07,0.6852539,184979.06
571,24336.68,20297.082,2.7288036e+07,0.6989258,277390.97
572,19450.379,20212.412,2.4623752e+07,0.6739502,387296.44
573,30875.572,21278.729,3.2394646e+07,0.64187014,479314.0
574,9524.869,20103.342,4.1588972e+07,0.63225096,90940.914
575,12114.029,19304.41,4.3174696e+07,0.6397461,247623.66
576,14714.144,18845.383,4.0753576e+07,0.6071045,156347.14
577,22950.83,19255.928,3.819514e+07,0.6258301,431758.72
578,17608.266,19091.162,3.4619956e+07,0.6319092,168807.83
579,20803.832,19262.43,3.1421952e+07,0.63825685,329174.22
580,15573.063,18893.492,2.9504784e+07,0.6444092,259370.19
581,12850.232,18289.166,2.9841194e+07,0.6378174,138522.16
582,17132.904,18173.54,2.6977398e+07,0.6213623,187753.98
583,8093.3164,17165.518,3.3424638e+07,0.59892577,77572.69
584,23849.535,17833.92,3.4103024e+07,0.5884277,403271.7
585,15337.621,17584.29,3.1253558e+07,0.588501,175209.55
586,27363.236,18562.184,3.6734704e+07,0.57836914,459193.3
587,24594.145,19165.379,3.6335844e+07,0.5633301,404801.44
588,17113.852,18960.227,3.3081048e+07,0.5578125,255670.05
589,16975.234,18761.727,3.012756e+07,0.5425049,245276.28
590,19462.828,18831.836,2.7159042e+07,0.53723145,400388.0
591,22934.188,19242.07,2.5957772e+07,0.5258301,313284.9
592,18304.396,19148.303,2.3441126e+07,0.49904785,255421.4
593,23968.078,19630.281,2.3187734e+07,0.49731445,306337.03
594,5824.5547,18249.709,3.8022788e+07,0.5119141,29885.533
595,15498.945,17974.633,3.490151e+07,0.4953125,139903.6
596,16640.84,17841.254,3.157147e+07,0.48303223,221771.98
597,25977.332,18654.861,3.4371944e+07,0.47578126,440990.47
598,32453.004,20034.676,4.8069732e+07,0.4624512,550750.06
599,13745.801,19405.79,4.6822252e+07,0.45119628,198960.39
600,26960.848,20161.295,4.727713e+07,0.47849122,541354.7
601,13336.395,19478.805,4.6741548e+07,0.45090333,167760.72
602,9560.588,18486.982,5.0920784e+07,0.4562256,116731.38
603,25682.846,19206.568,5.0488944e+07,0.42851564,332851.66
604,11117.623,18397.674,5.132884e+07,0.43613282,115356.16
605,9401.432,17498.049,5.3479868e+07,0.43666992,153985.12
606,24296.836,18177.928,5.2291996e+07,0.44968262,396123.9
607,32995.77,19659.71,6.6823956e+07,0.45283204,454307.9
608,13243.205,19018.06,6.3847e+07,0.46923828,171683.4
609,18914.984,19007.754,5.7463256e+07,0.43847656,368508.75
610,23591.348,19466.113,5.360777e+07,0.42976075,336292.28
611,17972.164,19316.719,4.844786e+07,0.43195802,259247.02
612,8557.516,18240.799,5.402151e+07,0.42890626,77808.52
613,17831.531,18199.871,4.863443e+07,0.4234131,337334.75
614,24198.773,18799.762,4.7009804e+07,0.41899416,478280.94
615,7328.2734,17652.613,5.4152376e+07,0.40805665,94613.19
616,16496.943,17537.047,4.8857336e+07,0.395459,339252.56
617,17889.102,17572.252,4.3982756e+07,0.36894533,369746.6
618,16939.932,17509.02,3.9620464e+07,0.36831054,188934.73
619,24977.771,18255.895,4.067882e+07,0.37231445,386296.2
620,11406.36,17570.941,4.0833388e+07,0.38117677,91666.71
621,5393.0527,16353.152,5.0097136e+07,0.37307128,48148.92
622,13206.218,16038.459,4.5978708e+07,0.3647217,249962.97
623,10994.972,15534.11,4.3670144e+07,0.35053712,113268.21
624,11279.037,15108.604,4.0932636e+07,0.3550293,125186.3
625,19395.771,15537.32,3.849355e+07,0.3680664,353777.3
626,14944.568,15478.045,3.467582e+07,0.36762697,254255.62
627,14598.982,15390.139,3.1277786e+07,0.35087892,174719.98
628,19520.482,15803.173,2.9685384e+07,0.35666505,311791.66
629,10677.888,15290.645,2.9081014e+07,0.32902834,131592.75
630,23185.557,16080.136,3.1782578e+07,0.32993165,255954.47
631,14628.934,15935.016,2.8793858e+07,0.3388916,268058.5
632,13999.408,15741.455,2.6251664e+07,0.3125,186178.88
633,13238.902,15491.2,2.4190148e+07,0.31967774,222569.6
634,6986.8037,14640.761,2.828036e+07,0.31809083,82957.97
635,8442.107,14020.8955,2.891042e+07,0.31477052,68300.94
636,10638.793,13682.686,2.7048854e+07,0.2930664,110319.875
637,12174.337,13531.851,2.4548728e+07,0.2914551,145190.94
638,8195.965,12998.262,2.4656306e+07,0.30844727,150984.38
639,24537.951,14152.23,3.4175476e+07,0.30153808,459471.03
640,13134.127,14050.42,3.0851214e+07,0.2965332,196107.73
641,30719.139,15717.292,5.277225e+07,0.29533693,431700.44
642,7435.9355,14889.156,5.36673e+07,0.28674316,92728.67
643,11627.117,14562.952,4.925825e+07,0.27980956,154943.39
644,9142.389,14020.8955,4.697685e+07,0.29746094,105947.43
645,13638.733,13982.68,4.2292304e+07,0.29328614,221546.64
646,10298.574,13614.27,3.9284612e+07,0.27700195,129309.375
647,13484.699,13601.3125,3.535766e+07,0.27106935,175376.25
648,11455.428,13386.724,3.2236328e+07,0.26425782,172721.47
649,22990.176,14347.068,3.731306e+07,0.26965332,372836.53
650,13661.186,14278.48,3.3624092e+07,0.2578125,207898.12
651,12522.86,14102.918,3.053908e+07,0.25314942,227375.67
652,16719.871,14364.613,2.810153e+07,0.23496094,254465.22
653,11874.544,14115.606,2.5849416e+07,0.22231446,206854.47
654,16934.115,14397.457,2.3979434e+07,0.2147461,433274.8
655,33820.71,16339.782,5.553514e+07,0.21567383,538785.94
656,10837.211,15789.525,5.2706668e+07,0.21975099,191507.39
657,24173.31,16627.904,5.3761904e+07,0.2100586,475780.97
658,10782.012,16043.315,5.1461416e+07,0.20695801,104649.734
659,9406.148,15379.599,5.027995e+07,0.21220703,99174.57
660,7390.166,14580.655,5.0996748e+07,0.19533692,69434.02
661,5953.994,13717.989,5.259481e+07,0.1977295,48509.758
662,8446.084,13190.799,4.9836696e+07,0.19421387,107809.4
663,10006.23,12872.342,4.576576e+07,0.18789063,128353.47
664,7898.836,12374.991,4.34154e+07,0.18483888,98002.67
665,10623.631,12199.855,3.9349916e+07,0.17990723,134484.81
666,9919.186,11971.788,3.5883052e+07,0.18427734,128512.18
667,6340.4756,11408.657,3.5148796e+07,0.18278809,41553.086
668,15490.698,11816.861,3.313359e+07,0.17009278,286554.8
669,10629.855,11698.161,2.9947038e+07,0.16623536,298712.0
670,12406.788,11769.023,2.6997528e+07,0.16447754,203211.4
671,9695.689,11561.69,2.468466e+07,0.1685547,176440.89
672,9302.671,11335.788,2.2675478e+07,0.15913086,117931.234
673,9203.603,11122.569,2.081709e+07,0.15786134,113935.1
674,21295.227,12139.835,2.8048846e+07,0.15209961,422146.78
675,9080.041,11833.855,2.6086572e+07,0.15805665,168902.88
676,10735.765,11724.047,2.3586436e+07,0.1529541,119612.93
677,13504.708,11902.113,2.151316e+07,0.15197754,227669.7
678,17798.93,12491.795,2.2491364e+07,0.15163575,297733.5
679,15978.301,12840.445,2.1336242e+07,0.14672852,396551.53
680,10575.702,12613.971,1.9664232e+07,0.1425293,167041.22
681,21388.46,13491.42,2.462706e+07,0.14123535,479262.38
682,7653.8506,12907.663,2.5231304e+07,0.14396973,86653.71
683,13193.886,12936.285,2.2715546e+07,0.1444336,239180.88
684,10819.673,12724.624,2.0847194e+07,0.14082031,167819.3
685,17480.484,13200.21,2.0798112e+07,0.1416748,346953.72
686,11052.384,12985.428,1.9133484e+07,0.14025879,190210.11
687,7986.709,12485.556,1.9468984e+07,0.14331055,75045.27
688,30027.293,14239.7295,4.5216216e+07,0.13537598,568287.2
689,15948.156,14410.572,4.095728e+07,0.1307129,246406.73
690,9208.465,13890.361,3.9297124e+07,0.12565918,120774.54
691,6965.451,13197.87,3.9683304e+07,0.12893067,91713.1
692,5664.7803,12444.562,4.0822244e+07,0.13044433,56728.184
693,6883.1445,11888.42,3.952366e+07,0.1204834,83755.36
694,10301.299,11729.708,3.5798e+07,0.11867676,204208.34
695,16213.377,12178.075,3.4027496e+07,0.11884766,402452.97
696,8323.177,11792.585,3.1962168e+07,0.114868164,153821.97
697,7942.245,11407.551,3.0100212e+07,0.11657715,125445.92
698,22112.566,12478.053,3.740395e+07,0.118652344,482269.72
699,13254.056,12555.653,3.371775e+07,0.11850586,355335.84
700,10741.442,12374.232,3.0642198e+07,0.11333008,128984.97
701,10628.391,12199.648,2.7852294e+07,0.11291504,211028.12
702,3149.4795,11294.632,3.2438562e+07,0.11025391,20682.896
703,7754.358,10940.6045,3.0322724e+07,0.11403809,102779.59
704,12851.182,11131.662,2.7618978e+07,0.10749512,331592.72
705,4552.2705,10473.723,2.8753036e+07,0.103027344,64201.547
706,4139.7773,9840.328,2.948843e+07,0.104565434,38708.996
707,9927.855,9849.081,2.6540276e+07,0.09609375,172660.39
708,6665.537,9530.727,2.4798394e+07,0.0925293,63077.98
709,11826.571,9760.311,2.2792934e+07,0.094213866,313997.66
710,17630.55,10547.335,2.6088302e+07,0.089624025,336791.1
711,11890.689,10681.67,2.3641886e+07,0.094335936,313792.1
712,4511.4883,10064.651,2.47041e+07,0.09628906,47103.473
713,22419.336,11300.12,3.5971132e+07,0.09248047,499234.3
714,20026.488,12172.757,3.9227476e+07,0.0842041,443258.44
715,6547.8896,11610.2705,3.815225e+07,0.08273926,111624.164
716,20447.41,12493.984,4.1365576e+07,0.07775879,506419.2
717,13010.302,12545.616,3.7253012e+07,0.078344725,403876.2
718,7320.099,12023.064,3.5985252e+07,0.08005371,104651.56
719,12949.627,12115.721,3.2463992e+07,0.07524414,390279.1
720,7498.15,11653.964,3.1136568e+07,0.07944336,149783.05
721,15989.346,12087.502,2.971451e+07,0.081811525,298987.28
722,9579.802,11836.732,2.7309028e+07,0.08054199,176085.33
723,10531.944,11706.254,2.4731348e+07,0.07807618,395545.06
724,16876.559,12223.284,2.4664096e+07,0.07602539,421026.72
725,16563.625,12657.318,2.3893156e+07,0.07060547,427100.25
726,11622.382,12553.824,2.1600238e+07,0.07365723,203332.02
727,10406.737,12339.115,1.9855112e+07,0.068847656,252905.23
728,3718.8557,11477.089,2.45574e+07,0.06335449,27646.295
729,10982.314,11427.611,2.2123692e+07,0.06418457,265079.06
730,10458.914,11330.741,1.9995776e+07,0.061376955,188404.61
731,6626.9434,10860.361,1.9987512e+07,0.06320801,110964.08
732,7769.5103,10551.276,1.8848562e+07,0.060913086,123871.01
733,9177.588,10413.907,1.7133538e+07,0.058398437,186753.58
734,4801.5293,9852.67,1.8255074e+07,0.053442385,62215.31
735,14524.265,10319.829,1.8393708e+07,0.05214844,428885.8
736,2950.5576,9582.902,2.1441892e+07,0.05192871,33265.203
737,13663.583,9990.971,2.0796378e+07,0.052368164,300105.38
738,7566.791,9748.553,1.9245638e+07,0.051342774,185113.34
739,9060.614,9679.759,1.7363668e+07,0.05168457,197434.92
740,5465.2,9258.303,1.7225926e+07,0.04609375,75330.22
741,3838.0503,8716.277,1.8147456e+07,0.0519043,34938.477
742,2449.8418,8089.634,1.986685e+07,0.049804688,16643.547
743,2899.9102,7570.6616,2.0304154e+07,0.05024414,24791.664
744,6095.1846,7423.114,1.8469672e+07,0.053735353,119616.305
745,6968.3545,7377.6377,1.6641316e+07,0.05366211,140753.66
746,20756.688,8715.543,3.1087094e+07,0.05185547,473712.22
747,4297.223,8273.711,2.9735324e+07,0.048217773,79346.63
748,4292.853,7875.625,2.8188042e+07,0.04572754,78958.54
749,3912.2417,7479.2866,2.6782994e+07,0.043164063,59579.8
750,7505.2764,7481.8857,2.4104756e+07,0.04367676,134858.81
751,2537.634,6987.4604,2.3894386e+07,0.0421875,16352.086
752,5394.085,6828.123,2.1733442e+07,0.043408204,83438.08
753,9826.272,7127.938,2.0369098e+07,0.04248047,195518.14
754,8695.543,7284.698,1.8553352e+07,0.039746094,188978.23
755,15171.087,8073.337,2.2295578e+07,0.038500976,338013.8
756,12838.323,8549.836,2.2109478e+07,0.038354494,317060.38
757,14394.507,9134.303,2.2972946e+07,0.033935547,360674.44
758,11832.286,9404.102,2.1330772e+07,0.03479004,255646.94
759,4820.083,8945.699,2.1088884e+07,0.034765627,85853.13
760,12121.754,9263.305,1.9887854e+07,0.033813477,365795.84
761,13757.787,9712.753,1.9717102e+07,0.035717774,373320.44
762,14272.24,10168.701,1.9616394e+07,0.035913087,373802.3
763,5044.367,9656.268,2.0018046e+07,0.033251952,105359.98
764,11572.122,9847.854,1.8346586e+07,0.034301758,296631.4
765,9341.358,9797.204,1.6535016e+07,0.03137207,290629.34
766,3524.8052,9169.964,1.8422384e+07,0.03173828,42451.234
767,3974.853,8650.453,1.9009172e+07,0.030664062,52473.508
768,4649.9717,8250.405,1.8548602e+07,0.03112793,57986.457
769,7347.713,8160.136,1.6767079e+07,0.030078126,149140.6
770,12074.078,8551.53,1.6469076e+07,0.029223634,288967.44
771,11062.141,8802.592,1.5389452e+07,0.033056643,294011.0
772,6670.9834,8589.431,1.4259444e+07,0.032788087,177892.22
773,10636.576,8794.1455,1.3210671e+07,0.03232422,365698.03
774,5739.9907,8488.73,1.2729111e+07,0.03388672,120200.57
775,8471.768,8487.034,1.1456226e+07,0.032299805,196896.83
776,2481.0913,7886.44,1.3557025e+07,0.031811524,32041.918
777,2730.087,7370.8047,1.459424e+07,0.032910157,51373.094
778,3388.295,6972.5537,1.456225e+07,0.03449707,59542.773
779,2989.5303,6574.2515,1.4533828e+07,0.03352051,52288.234
780,3164.6255,6233.289,1.4126744e+07,0.033569336,63663.215
781,7765.5957,6386.5195,1.2925386e+07,0.035107423,222830.19
782,5501.5347,6298.021,1.1703335e+07,0.033984374,127845.01
783,3936.4343,6061.8623,1.1034939e+07,0.033203125,68329.914
784,2337.9773,5689.4736,1.1179504e+07,0.034448244,26197.951
785,3197.7603,5440.3022,1.0620331e+07,0.03195801,40091.914
786,2855.9795,5181.87,1.0159382e+07,0.030932618,38320.953
787,7636.104,5427.2935,9.685537e+06,0.029760743,160084.95
788,12033.763,6087.9404,1.2645072e+07,0.031396486,314478.03
789,2389.1829,5718.0645,1.2611837e+07,0.030004883,40465.965
790,1815.7253,5327.8306,1.2721195e+07,0.03112793,15632.394
791,2672.8376,5062.331,1.2083484e+07,0.03166504,35013.703
792,12147.244,5770.8223,1.5392775e+07,0.02998047,315638.16
793,1562.5288,5349.993,1.5447373e+07,0.03125,10566.952
794,1975.5503,5012.549,1.4927454e+07,0.030859375,16273.911
795,1876.9523,4698.9893,1.4319586e+07,0.029272461,14404.319
796,3613.3027,4590.4204,1.2993712e+07,0.028076172,89223.64
797,1948.379,4326.2163,1.2322575e+07,0.028295899,17323.543
798,2497.159,4143.3105,1.1391408e+07,0.028295899,36257.89
799,2772.8765,4006.267,1.0421295e+07,0.028686523,39121.72
800,1826.2415,3788.2646,9.806891e+06,0.027709961,21396.982
801,2487.1555,3658.1538,8.978562e+06,0.027685547,31796.078
802,2246.502,3516.9885,8.260054e+06,0.028125001,31090.361
803,5590.309,3724.3206,7.820928e+06,0.028247071,135383.8
804,3886.334,3740.522,7.0411975e+06,0.028979493,85546.31
805,3011.8428,3667.654,6.3848655e+06,0.02758789,33050.547
806,1609.5066,3461.8394,6.127616e+06,0.028320312,13399.41
807,1601.1531,3275.7708,5.826448e+06,0.026757812,15379.026
808,1729.1975,3121.1135,5.459073e+06,0.026953125,15945.058
809,1956.5085,3004.653,5.035233e+06,0.025244141,19580.459
810,3951.204,3099.308,4.612346e+06,0.025463868,87447.67
811,1671.5057,2956.5278,4.334587e+06,0.028100586,16670.838
812,1260.9836,2786.9734,4.1598665e+06,0.026635742,10993.0625
813,2211.128,2729.389,3.7737235e+06,0.02841797,42173.54
814,1398.1824,2596.2683,3.555841e+06,0.026782228,6438.7197
815,5330.3,2869.6714,3.8730005e+06,0.026831055,157896.92
816,1453.621,2728.0664,3.6661682e+06,0.027148439,11767.624
817,2413.0205,2696.5618,3.3084842e+06,0.028125001,28431.041
818,2146.2327,2641.5288,3.0048932e+06,0.026513672,27771.992
819,1829.5679,2560.3328,2.763739e+06,0.025268555,19130.355
820,1607.2268,2465.0222,2.569122e+06,0.025585938,18891.594
821,3424.9744,2561.0173,2.3951455e+06,0.028149415,83159.055
822,1978.5833,2502.774,2.1861615e+06,0.02956543,36367.055
823,2163.385,2468.835,1.977912e+06,0.030151367,37319.06
824,2135.36,2435.4875,1.7901292e+06,0.031103516,36531.723
825,2095.6572,2401.5044,1.6215099e+06,0.029956056,36125.02
826,3681.751,2529.529,1.6068716e+06,0.031103516,54406.258
827,3894.464,2666.0225,1.6138588e+06,0.027905274,74624.97
828,2123.3027,2611.7505,1.4789819e+06,0.028393555,40209.03
829,2259.4946,2576.525,1.3422512e+06,0.02751465,40851.426
830,6740.377,2992.9102,2.768416e+06,0.025708009,200226.17
831,4653.7437,3158.9934,2.7398275e+06,0.028955078,86011.766
832,2764.3032,3119.5244,2.479865e+06,0.029638672,70771.555
833,5196.6777,3327.2397,2.6201892e+06,0.028247071,171623.16
834,1886.3368,3183.1494,2.5450285e+06,0.027856445,17469.303
835,5577.573,3422.5918,2.8065195e+06,0.029833985,138955.05
836,2821.048,3362.4375,2.5584345e+06,0.03215332,56672.418
837,2872.3506,3313.4287,2.3242078e+06,0.03249512,57408.977
838,2428.2478,3224.9106,2.162306e+06,0.028466797,53078.008
839,2357.8987,3138.2095,2.0137292e+06,0.029541016,52664.254
840,3388.2593,3163.2144,1.8179835e+06,0.030639648,62830.51
841,3126.9585,3159.5889,1.6363035e+06,0.030810548,59441.95
842,3495.5588,3193.1858,1.482832e+06,0.029467775,97926.805
843,3345.6292,3208.4302,1.3366402e+06,0.029882813,97143.09
844,1249.6829,3012.5554,1.5482784e+06,0.02800293,10806.364
845,1471.7068,2858.4705,1.6071299e+06,0.02800293,17820.258
846,8409.753,3413.5986,4.219923e+06,0.028222656,316950.16
847,1005.38354,3172.777,4.3198855e+06,0.027539063,5745.2295
848,1047.3359,2960.233,4.294472e+06,0.025537109,6395.733
849,1596.657,2823.8752,4.0323652e+06,0.025805665,15319.726
850,2242.0308,2765.691,3.6595975e+06,0.02590332,38685.09
851,1894.8367,2678.6055,3.3618925e+06,0.027270509,35514.844
852,1813.6284,2592.1077,3.0930398e+06,0.029516602,26690.305
853,1505.8231,2483.4792,2.889937e+06,0.027612304,25413.713
854,1575.8146,2392.713,2.6750902e+06,0.029077148,21722.117
855,3282.4595,2481.6875,2.4788298e+06,0.029199218,57855.242
856,2440.2002,2477.5388,2.2311015e+06,0.030322267,42797.08
857,1669.4077,2396.7256,2.066768e+06,0.027612304,26978.186
858,2106.488,2367.702,1.8676725e+06,0.027832031,30452.012
859,3962.2883,2527.1606,1.9097486e+06,0.027539063,91869.94
860,1453.1719,2419.7617,1.8225844e+06,0.02722168,15773.791
861,1666.366,2344.422,1.6914104e+06,0.02758789,24438.342
862,696.6177,2179.6416,1.7666426e+06,0.026538087,2182.381
863,907.6897,2052.4463,1.7355859e+06,0.027148439,5686.002
864,715.78186,1918.7798,1.7228276e+06,0.02739258,1928.1167
865,977.7931,1824.6812,1.6302359e+06,0.029785156,7277.4346
866,1754.9784,1817.7109,1.4676495e+06,0.02890625,23240.836
867,873.3304,1723.2728,1.4011515e+06,0.029003907,3033.2134
868,1119.1843,1662.864,1.2938794e+06,0.026953125,14423.731
869,1198.5696,1616.4346,1.1838926e+06,0.028564453,14793.872
870,847.5061,1539.5417,1.118716e+06,0.028295899,4319.9185
871,1208.4575,1506.4333,1.0167098e+06,0.032226562,10379.002
872,1770.1796,1532.808,921299.4,0.032299805,30224.518
873,1645.9978,1544.127,830322.5,0.029589845,30295.266
874,1343.5315,1524.0674,750911.7,0.032177735,27067.361
875,1490.3771,1520.6984,675922.6,0.031030273,27492.893
876,785.72296,1447.2008,656947.3,0.031323243,5092.584
877,1089.4983,1411.4305,602768.2,0.03244629,8014.8306
878,1093.0125,1379.5887,551616.44,0.031298827,8107.4443
879,2824.9946,1524.1294,684482.6,0.031811524,81588.34
880,1103.6721,1482.0836,631944.94,0.030444337,12563.771
881,2062.0918,1540.0845,599027.25,0.03227539,47229.32
882,840.7187,1470.148,583144.6,0.03215332,3702.5222
883,4437.5127,1766.8844,1.317303e+06,0.03146973,127574.805
884,1110.3132,1701.2273,1.2243704e+06,0.03232422,10033.429
885,985.63763,1629.6683,1.1480195e+06,0.033129882,7316.8184
886,1740.9673,1640.7982,1.0343324e+06,0.032666016,40468.72
887,1853.4246,1662.0608,934968.0,0.034985352,40644.027
888,1842.1234,1680.067,844389.2,0.03586426,40541.125
889,1982.2329,1710.2836,768167.6,0.034936525,41428.22
890,1933.9304,1732.6482,695852.5,0.032836914,50449.844
891,3355.8213,1894.9655,863389.44,0.036132812,65530.82
892,1878.3503,1893.304,777075.3,0.03449707,39104.113
893,1972.9689,1901.2705,699938.94,0.033837892,41637.69
894,752.2988,1786.3733,748757.25,0.03249512,4062.1777
895,995.8254,1707.3185,730128.44,0.033666994,5451.306
896,955.61993,1632.1487,707970.1,0.033276368,5475.123
897,781.89136,1547.1229,702237.5,0.034936525,3307.1184
898,963.9664,1488.8073,662620.1,0.03479004,10735.741
899,944.8169,1434.4082,622991.4,0.03762207,5812.3584
900,7405.9033,2031.5577,3.7699802e+06,0.03742676,303750.03
901,1393.0831,1967.7103,3.4296708e+06,0.041137695,30814.854
902,1109.3916,1881.8784,3.1530075e+06,0.041625977,14726.06
903,977.69025,1791.4596,2.9112865e+06,0.041064452,13803.652
904,762.05475,1688.5192,2.7155285e+06,0.042016603,3953.744
905,916.6157,1611.3289,2.4976008e+06,0.044653323,8273.455
906,3223.5076,1772.5468,2.4817615e+06,0.043823242,62525.61
907,1069.9854,1702.2906,2.2780085e+06,0.04436035,14664.079
908,1232.9186,1655.3534,2.0700355e+06,0.044311523,17551.555
909,831.5348,1572.9716,1.9241129e+06,0.04355469,8274.349
910,1253.8337,1541.0577,1.7408679e+06,0.04560547,22108.688
911,10780.327,2464.9846,9.24955e+06,0.046582032,406099.28
912,785.3626,2297.0225,8.578496e+06,0.048535157,8344.287
913,654.12915,2132.7332,7.963565e+06,0.048876952,2917.4326
914,1081.2057,2027.5804,7.266722e+06,0.051953126,14220.507
915,872.00854,1912.0232,6.6602305e+06,0.053027343,12949.231
916,845.53723,1805.3746,6.0965725e+06,0.05217285,7811.594
917,946.42664,1719.4799,5.553316e+06,0.053637695,10097.091
918,2878.377,1835.3696,5.118858e+06,0.054736327,72153.58
919,835.5099,1735.3837,4.696947e+06,0.055908203,8329.24
920,747.4064,1636.5859,4.315101e+06,0.05522461,5058.42
921,666.34863,1539.5623,3.9683132e+06,0.06325684,2705.4395
922,7902.3096,2175.837,7.215091e+06,0.06486817,326821.03
923,942.0236,2052.4556,6.6305885e+06,0.0647461,11739.177
924,686.3148,1915.8416,6.1355e+06,0.06477051,7602.986
925,836.169,1807.8743,5.6268625e+06,0.068603516,8806.509
926,591.5875,1686.2456,5.197318e+06,0.06911621,2227.0645
927,1020.50757,1619.6718,4.7174745e+06,0.0704834,21288.047
928,1620.3477,1619.7394,4.245727e+06,0.073193364,29757.06
929,1148.2659,1572.592,3.8411598e+06,0.073632814,21675.52
930,672.41925,1482.5747,3.5299715e+06,0.08024903,7898.8853
931,2652.162,1599.5334,3.3000885e+06,0.080126956,75547.29
932,1235.2858,1563.1086,2.9820205e+06,0.0829834,24622.361
933,1375.763,1544.374,2.6869772e+06,0.08364258,28934.568
934,1255.7078,1515.5074,2.425779e+06,0.08293457,18732.828
935,881.13416,1452.0701,2.2194198e+06,0.0833252,13780.473
936,1217.6127,1428.6243,2.002425e+06,0.082177736,17934.604
937,955.7847,1381.3403,1.8223044e+06,0.085351564,13462.157
938,10179.623,2261.1687,8.606954e+06,0.08415528,424039.3
939,9932.445,3028.2964,1.3042621e+07,0.08115234,423849.8
940,677.74646,2793.2415,1.2235616e+07,0.081884764,6333.065
941,689.65247,2582.8826,1.1410312e+07,0.09040528,6651.5444
942,849.4208,2409.5364,1.0539721e+07,0.0907959,8902.094
943,6469.297,2815.5125,1.0969097e+07,0.09138184,260227.62
944,1161.1409,2650.0752,1.0118513e+07,0.09089356,20323.062
945,1305.9337,2515.6611,9.269266e+06,0.095385745,28293.314
946,874.741,2351.569,8.584675e+06,0.091552734,10693.162
947,1015.08954,2217.9211,7.8869635e+06,0.09370118,20702.322
948,1330.3911,2129.1682,7.169161e+06,0.09453125,17884.408
949,822.9516,1998.5465,6.6058025e+06,0.09101563,13981.295
950,928.53235,1891.545,6.048266e+06,0.091235355,14555.112
951,546.3894,1757.0295,5.6062895e+06,0.0956543,2198.628
952,959.21326,1677.2479,5.1029465e+06,0.09841309,11887.669
953,668.32764,1576.356,4.6842645e+06,0.09777832,4074.6396
954,623.6754,1481.0879,4.297522e+06,0.10024414,6462.996
955,681.85645,1401.1648,3.925259e+06,0.105810545,5821.6436
956,498.94098,1310.9424,3.6059938e+06,0.10656738,1765.7448
957,1993.0715,1379.1553,3.2872712e+06,0.1065918,44425.844
958,1542.7344,1395.5132,2.9609522e+06,0.10603028,38367.723
959,900.2691,1345.9888,2.686931e+06,0.10515137,10983.855
960,5146.6426,1726.0542,3.718285e+06,0.10415039,192142.4
961,1615.822,1715.031,3.34755e+06,0.10612793,29195.287
962,991.9681,1642.7247,3.0598488e+06,0.10187989,11838.721
963,3319.0867,1810.361,3.006781e+06,0.10117187,68718.47
964,647.5924,1694.0841,2.8277855e+06,0.09838867,8269.712
965,750.5192,1599.7277,2.6251352e+06,0.09580078,6760.0835
966,1468.2522,1586.5801,2.3641772e+06,0.09819336,31111.254
967,566.162,1484.5383,2.2214722e+06,0.097558595,5430.1606
968,5462.576,1882.3422,3.4235558e+06,0.09870606,214691.77
969,1155.9454,1809.7025,3.1286888e+06,0.095751956,16465.34
970,1492.1859,1777.9508,2.8248935e+06,0.09406739,35544.805
971,656.4849,1665.8042,2.6555958e+06,0.100097656,5505.797
972,753.29016,1574.5527,2.4649775e+06,0.09636231,10652.093
973,2218.7705,1638.9745,2.2558312e+06,0.0984375,67124.03
974,2051.328,1680.2098,2.0455512e+06,0.09821778,66843.08
975,666.19434,1578.8083,1.9335365e+06,0.099291995,4880.605
976,891.33997,1510.0615,1.7827179e+06,0.09611817,9958.547
977,10081.766,2367.232,8.217116e+06,0.09694824,389768.53
978,1407.6083,2271.2695,7.4782835e+06,0.09638672,20980.973
979,1956.2401,2239.7666,6.739387e+06,0.092041016,53077.977
980,1569.3944,2172.7295,6.105894e+06,0.09106445,51471.7
981,1719.5197,2127.4084,5.5137905e+06,0.097436525,51669.83
982,550.8478,1969.7524,5.1861105e+06,0.095263675,4244.1543
983,439.7653,1816.7537,4.8781765e+06,0.0942627,2114.2537
984,2416.7085,1876.7491,4.422754e+06,0.09436035,63961.85
985,451.5371,1734.2279,4.1632892e+06,0.09440918,1993.9182
986,3505.462,1911.3513,4.0293142e+06,0.09453125,130611.85
987,4379.103,2158.1265,4.1744645e+06,0.09428711,136341.67
988,4070.122,2349.326,4.0860332e+06,0.093457036,133061.14
989,986.7256,2213.066,3.8445308e+06,0.09125977,15012.55
990,1913.0502,2183.0645,3.4681785e+06,0.091430664,66570.18
991,390.52185,2003.8102,3.4105495e+06,0.09694824,1861.3573
992,455.31946,1848.961,3.2852985e+06,0.09536133,2409.8782
993,627.0049,1726.7654,3.0911545e+06,0.096875004,6245.9897
994,492.0896,1603.2979,2.9192372e+06,0.09807129,3242.6023
995,553.95667,1498.3638,2.726414e+06,0.09631348,5149.9766
996,835.09424,1432.0369,2.493366e+06,0.097558595,15998.139
997,323.3523,1321.1685,2.3546558e+06,0.09584961,860.1149
998,310.5728,1220.1089,2.2111072e+06,0.09672852,1140.0219
999,493.99603,1147.4976,2.0374481e+06,0.0989502,6971.9927
1000,579.5126,1090.6991,1.862738e+06,0.09887695,11047.948
1001,545.68054,1036.1973,1.7031982e+06,0.10527344,11078.624
1002,284.17822,960.99536,1.5837762e+06,0.1010498,660.9517
1003,304.55408,895.35126,1.4641809e+06,0.10061035,1277.8188
1004,386.9378,844.5099,1.3410262e+06,0.101586916,5560.275
1005,271.944,787.2533,1.2364284e+06,0.101293944,861.5529
1006,355.70636,744.09863,1.1295464e+06,0.1003418,3633.0925
1007,301.48145,699.8369,1.0342236e+06,0.10021973,1345.6279
1008,360.49374,665.9026,941165.06,0.10029297,3634.4216
1009,243.79012,623.69135,863084.6,0.10280762,910.34045
1010,299.14288,591.2365,786256.0,0.09934082,2475.3599
1011,328.33768,564.94666,713850.8,0.10446777,2844.5144
1012,244.40775,532.89276,651712.75,0.103393555,1164.7504
1013,1646.1938,644.22284,698091.0,0.105688475,64589.23
1014,284.78052,608.2786,639909.75,0.10476074,3080.9077
1015,300.93915,577.5447,584419.94,0.10856934,2076.5337
1016,1536.2632,673.4165,608700.6,0.107348636,60246.957
1017,381.33484,644.2083,555508.6,0.10615235,6124.401
1018,503.5126,630.13873,501739.3,0.10681152,11697.352
1019,214.85435,588.6103,467086.88,0.10788574,1445.5162
1020,277.13654,557.4629,429109.62,0.10949707,3116.518
1021,242.96977,526.01355,395100.2,0.11538086,2164.3936
1022,235.53897,496.9661,363183.97,0.11638184,2273.5544
1023,181.10938,465.38043,335844.44,0.11992188,840.29016
1024,545.1488,473.35727,302832.66,0.12084961,12949.165
1025,461.28473,472.15002,272562.5,0.11674805,8949.774
1026,1239.8091,548.91595,298343.28,0.11435547,39349.676
1027,431.1411,537.1385,269757.34,0.11296387,8776.502
1028,190.57066,502.48172,253591.45,0.11345215,1428.258
1029,404.74072,492.7076,229092.1,0.114794925,10557.102
1030,267.6012,470.19696,210743.45,0.11364746,2602.579
1031,575.5528,480.73254,190668.1,0.120629884,18393.834
1032,498.1194,482.47122,171628.48,0.117456056,8911.125
1033,196.29025,453.85312,161836.6,0.12175293,1894.0306
1034,173.58511,425.82632,152722.44,0.11967774,1395.2067
1035,538.3817,437.08185,138590.38,0.11755371,17696.287
1036,526.5624,446.0299,125451.94,0.12072754,15334.056
1037,1026.3665,504.06357,143217.88,0.11945801,21893.197
1038,3746.6628,828.3235,1.0751966e+06,0.121069334,153109.6
1039,153.76033,760.8672,1.00863006e+06,0.11730957,1125.559
1040,214.4395,706.2244,934639.5,0.12133789,2545.4434
1041,189.90433,654.5924,865168.3,0.12658691,2475.5454
1042,4682.75,1057.4082,2.2389962e+06,0.12246094,207818.88
1043,175.6063,969.228,2.0850784e+06,0.12145996,1977.7158
1044,688.0927,941.1145,1.8836839e+06,0.11823731,20639.037
1045,715.54767,918.5578,1.6998946e+06,0.118457034,21509.521
1046,99.04564,836.60657,1.5903491e+06,0.11586914,870.8172
1047,311.1499,784.0609,1.4561636e+06,0.11862793,9724.277
1048,295.01862,735.1567,1.3320719e+06,0.115112305,9659.537
1049,209.41171,682.58215,1.2237414e+06,0.1177002,5176.818
1050,223.39526,636.66345,1.1203439e+06,0.11235352,4186.05
1051,245.1724,597.51434,1.0221033e+06,0.12133789,4410.348
1052,86.80305,546.44324,943367.3,0.119067386,2375.124
1053,90.257034,500.82462,867760.06,0.12194824,1617.9265
1054,2968.1165,747.5538,1.3288616e+06,0.12038574,128086.44
1055,26.661,675.4645,1.2427472e+06,0.11706543,421.5965
1056,339.95905,641.91394,1.1286032e+06,0.118896484,10389.275
1057,392.41052,616.9636,1.0213456e+06,0.116406254,13248.47
1058,113.445915,566.6119,942028.75,0.113378905,2549.1445
1059,84.776566,518.42834,868720.7,0.108593754,2166.9648
1060,185.08728,485.09424,791849.06,0.10913086,4917.3203
1061,93.49844,445.93466,726465.44,0.11501465,2037.22
1062,51.64441,406.50565,667810.75,0.11223145,1962.9121
1063,1245.7112,490.4262,664413.6,0.11184082,48247.004
1064,314.21732,472.80533,600766.7,0.10654297,9578.76
1065,72.920845,432.8169,555081.7,0.10852051,2785.253
1066,883.9028,477.92548,517886.6,0.10654297,38508.836
1067,1012.5985,531.39276,491826.7,0.10651856,39181.305
1068,35.178596,481.77133,464804.56,0.10324707,1972.3079
1069,0.9162779,433.68582,439134.03,0.104565434,923.96356
1070,81.04845,398.4221,406412.4,0.1022461,4618.327
1071,30.822044,361.66208,377932.8,0.1079834,2601.3362
1072,37.278206,329.2237,349609.78,0.10949707,2111.6594
1073,-37.65982,292.53534,326763.1,0.10917969,612.90796
1074,154.80011,278.7618,295794.16,0.10783692,9423.366
1075,-43.931778,246.49245,275586.53,0.105297856,730.68854
1076,220.13425,243.85663,248090.39,0.10629883,7696.607
1077,158.32983,235.30396,223939.69,0.1050293,5137.0527
1078,13.461544,213.11972,205974.98,0.10383301,3328.698
1079,-65.4057,185.26718,192359.36,0.10290527,625.3517
1080,-34.097168,163.33075,177454.28,0.104003906,2335.4917
1081,41.78136,151.17581,161038.53,0.10620117,4356.8384
1082,-71.30879,128.92735,149389.62,0.10366211,848.87146
1083,860.8349,202.1181,182662.64,0.10441895,31157.53
1084,322.2142,214.12772,165694.45,0.09841309,17310.652
1085,-52.555954,187.45935,155525.81,0.101782225,1793.4509
1086,-55.109196,163.2025,145268.78,0.0998291,2041.493
1087,-37.355778,143.14667,134362.02,0.09946289,1872.8096
1088,-89.35083,119.89692,125790.77,0.09770508,957.4003
1089,-106.28074,97.27915,117815.766,0.09794922,978.7112
1090,-130.10506,74.540726,110687.51,0.0953125,586.50885
1091,-76.5235,59.434303,101672.586,0.10083008,3310.4072
1092,-113.628494,42.12802,94200.89,0.10385742,1225.6193
1093,-121.89531,25.725687,87202.13,0.10263672,1236.9315
1094,-83.37112,14.816007,79553.11,0.105493166,2546.5483
1095,-139.69379,-0.6349735,73746.39,0.10095215,949.2336
1096,146.07492,14.036016,68308.89,0.09919434,9907.606
1097,38.977905,16.530205,61533.99,0.09685059,6931.247
1098,803.3405,95.211235,111096.92,0.10036621,39599.777
1099,-188.47299,66.84281,107230.13,0.09882813,674.1515
1100,-78.77802,52.280727,98415.6,0.09875488,4000.3682
1101,-145.78448,32.474205,92104.73,0.102954105,1525.6996
1102,-150.86209,14.1405735,85919.35,0.102832034,1777.4996
1103,-172.59756,-4.5332413,80465.82,0.099975586,1829.9974
1104,-224.49518,-26.529436,76773.734,0.0986084,350.5321
1105,-218.58392,-45.734886,72416.0,0.09980469,869.1854
1106,-134.89703,-54.6511,65889.89,0.097680666,4558.2705
1107,-211.98451,-70.38444,61528.746,0.09802246,780.42694
1108,-114.5585,-74.80184,55551.492,0.09716797,3721.2024
1109,-246.70566,-91.992226,52655.926,0.09807129,405.6083
1110,-226.34407,-105.42741,49014.87,0.095214844,1060.6232
1111,197.80052,-75.104614,52388.63,0.09899902,15257.198
1112,-214.72072,-89.06622,48904.105,0.09980469,2385.773
1113,-253.62775,-105.52238,46450.938,0.09624024,888.3968
1114,-158.24805,-110.794945,42056.043,0.09682617,5221.3125
1115,-196.11696,-119.32715,38505.625,0.09790039,3034.9448
1116,-85.278656,-115.9223,34759.4,0.09602051,6293.177
1117,-137.51859,-118.08193,31325.434,0.095629886,5004.6836
1118,-275.77402,-133.85114,30430.9,0.0932373,859.3526
1119,-281.87347,-148.65337,29359.764,0.094091795,981.7905
1120,1127.2242,-21.065605,172931.52,0.09436035,65850.64
1121,-244.29686,-43.388733,160123.25,0.09797364,2000.8992
1122,-145.83934,-53.633793,145055.56,0.09604492,5957.1826
1123,1799.0249,131.63208,439461.0,0.094897464,90742.78
1124,1694.3455,287.90344,615301.44,0.09528809,90677.18
1125,-196.84454,239.42865,574919.56,0.09416504,3793.04
1126,305.50342,246.03613,517820.5,0.093530275,26272.477
1127,-72.86254,214.14627,475191.1,0.089917,9227.774
1128,322.7507,225.00671,428733.53,0.08847656,25751.95
1129,-309.42865,171.56317,411566.1,0.09016114,1765.6313
1130,-256.60846,128.746,386909.25,0.08537598,3991.2178
1131,-297.58688,86.11272,364576.7,0.090063475,2955.5012
1132,142.9105,91.792496,328409.34,0.08935547,20004.465
1133,-359.87842,46.625404,313929.0,0.08747559,1127.931
1134,908.8135,132.84421,349439.22,0.08840332,56914.49
1135,908.537,210.41348,368648.22,0.08647461,56942.645
1136,-347.50012,154.62213,359797.47,0.08408203,2680.9417
1137,-271.35764,112.024155,340149.0,0.083300784,4414.26
1138,-409.28064,59.893673,330592.38,0.08208008,608.88446
1139,-424.9066,11.413647,318685.94,0.08208008,557.92816
1140,-401.06247,-29.833965,302129.62,0.07915039,1437.0566
1141,-330.27002,-59.87757,280040.22,0.08442383,4149.099
1142,57.83275,-48.106537,253283.2,0.086206056,13914.03
1143,6946.9893,651.4031,4.6317775e+06,0.08132324,323754.28
1144,-301.13474,556.1493,4.2502595e+06,0.08198243,3450.3025
1145,-392.97232,461.23712,3.9063082e+06,0.08088379,2466.9438
1146,-126.287025,402.4847,3.546744e+06,0.08183594,11248.936
1147,-398.49237,322.387,3.2498102e+06,0.08017578,2671.5286
1148,-386.96136,251.45215,2.970115e+06,0.07739258,2593.455
1149,-373.32886,188.97404,2.7082352e+06,0.076416016,2872.235
1150,-414.68933,128.6077,2.4702085e+06,0.07526856,2502.2656
1151,-453.1115,70.435776,2.2536432e+06,0.07956543,1364.195
1152,-475.78088,15.814106,2.0551306e+06,0.08068848,1221.6161
1153,-273.87073,-13.154379,1.8571701e+06,0.07883301,8618.541
1154,-468.26862,-58.665802,1.6900946e+06,0.0763916,2185.3374
1155,-491.8172,-101.98094,1.5379709e+06,0.07941895,1701.6783
1156,-370.91486,-128.87433,1.390683e+06,0.07575684,7645.0205
1157,-575.437,-173.5306,1.2695624e+06,0.077539064,488.2779
1158,-567.0501,-212.88255,1.1565432e+06,0.07590332,979.58966
1159,-345.3078,-226.12508,1.0424672e+06,0.07619629,8819.0
1160,-570.29724,-260.5423,948881.3,0.075854495,941.314
1161,-596.6625,-294.15433,864161.06,0.08234864,1090.8993
1162,-573.4326,-322.08215,784764.6,0.0803711,2703.1365
1163,-640.31445,-353.9054,715402.6,0.08120117,492.07645
1164,-652.5216,-383.76703,651887.8,0.0803711,416.48
1165,-642.5743,-409.64777,592727.3,0.08132324,633.74146
1166,-644.2957,-433.11255,538409.94,0.0798584,651.38416
1167,-420.87613,-431.88892,484582.44,0.080004886,10761.521
1168,116.521576,-377.04785,463192.06,0.07646485,33272.113
1169,684.7108,-270.87198,518332.66,0.08095703,60463.88
1170,665.83685,-177.20108,545467.5,0.07631836,60457.02
1171,-370.74017,-196.555,494291.9,0.08098145,13865.007
1172,-580.3008,-234.92957,458116.2,0.078271486,3139.812
1173,435.6656,-167.87006,452777.38,0.077539064,51123.895
1174,-613.7909,-212.46214,425395.72,0.080126956,4339.823
1175,-490.24957,-240.24089,389801.06,0.077856444,6115.339
1176,-580.0112,-274.21793,361210.88,0.076416016,4432.561
1177,-548.6603,-301.66217,331868.47,0.07553711,5559.887
1178,129.42644,-258.5533,315407.0,0.073925786,24740.652
1179,-559.75226,-288.67322,292031.2,0.07434082,6834.0
1180,-671.47296,-326.9532,276016.28,0.0730957,2248.1372
1181,-685.4065,-362.79852,259978.64,0.076171875,3128.792
1182,-722.76794,-398.79547,245642.78,0.08027344,1922.8303
1183,-725.9133,-431.50726,230709.05,0.07290039,1962.5635
1184,975.4979,-290.80676,385807.8,0.07712402,55095.914
1185,138.35188,-247.8909,363802.97,0.07661133,33310.6
1186,-626.2036,-285.72217,340303.53,0.07556152,5876.6377
1187,-605.9291,-317.74286,315501.1,0.07434082,6063.3276
1188,-793.76166,-365.34473,304344.4,0.07353516,958.14703
1189,-806.71716,-409.48196,291442.84,0.072021484,1015.30225
1190,-822.45386,-450.77914,277647.7,0.07373047,621.216
1191,-694.6098,-475.1622,255233.72,0.07851563,5755.413
1192,-852.47327,-512.8933,242523.08,0.078588866,558.3574
1193,-852.7501,-546.87897,228666.0,0.08076172,699.79016
1194,-855.084,-577.69946,214348.52,0.07531738,901.6881
1195,-866.1212,-606.5416,200400.48,0.07575684,991.95435
1196,-878.2338,-633.7108,187003.94,0.07512207,979.78345
1197,-804.15845,-650.75555,170918.25,0.07792969,4367.56
1198,-323.16324,-617.99634,163484.92,0.079956055,24299.98
1199,762.40454,-479.95624,318632.0,0.07631836,53311.887
1200,-871.96466,-519.1571,300599.16,0.0765625,1502.7897
1201,444.70584,-422.7708,354152.06,0.082299806,62235.227
1202,-845.15955,-465.00967,334793.94,0.081005864,2692.9146
1203,-929.45184,-511.4539,320728.12,0.08083496,461.18643
1204,-940.641,-554.3726,305233.44,0.082299806,393.32236
1205,-943.6692,-593.30225,288349.75,0.078149416,419.57196
1206,-957.48126,-629.72015,271451.12,0.078271486,379.92242
1207,-687.17804,-635.46594,244603.14,0.07619629,12487.102
1208,-552.27655,-627.147,220765.66,0.07861328,19168.21
1209,-537.2463,-618.1569,199416.48,0.07692871,19192.47
1210,-817.04266,-638.0455,183034.83,0.076293945,7773.1104
1211,-967.4948,-670.9904,174499.66,0.079272464,1451.4357
1212,-947.57715,-698.6491,163934.7,0.07856446,2567.2615
1213,-127.09729,-641.4939,176941.66,0.0770752,37903.848
1214,-1006.1079,-677.9553,171212.39,0.077709965,813.5917
1215,-1019.71106,-712.1309,164602.88,0.0751709,574.9397
1216,-1026.8158,-743.5994,157054.97,0.07307129,524.5855
1217,-1039.3611,-773.1756,149222.22,0.075488284,919.8585
1218,-1031.6381,-799.02185,140312.25,0.076049805,635.2707
1219,-994.47626,-818.56726,129719.25,0.074121095,2282.6719
1220,-866.04346,-823.3149,116950.18,0.07497559,7849.2905
1221,-892.46234,-830.2296,105685.484,0.07875977,7804.646
1222,-1035.149,-850.72156,98896.21,0.079956055,1011.2788
1223,-1054.9264,-871.142,92759.555,0.08093262,855.94995
1224,-1041.4966,-888.1775,86095.46,0.07749023,1404.3265
1225,-1037.9425,-903.154,79504.57,0.081372075,1447.8103
1226,-1080.0388,-920.84247,74370.05,0.07929688,379.92737
1227,-1094.6311,-938.2213,69651.266,0.08073731,324.49408
1228,-1097.8835,-954.18756,64980.42,0.08027344,343.76297
1229,-1113.0696,-970.07574,60754.293,0.08071289,399.34976
1230,-1019.458,-975.014,54898.336,0.079516605,4839.7334
1231,-588.63135,-936.37573,62844.742,0.088012695,24135.803
1232,-1113.7758,-954.1157,59392.637,0.085766606,713.6631
1233,-796.4472,-938.3489,55690.715,0.08762207,15752.248
1234,-1124.8883,-957.0028,53253.367,0.09001465,444.3075
1235,-1115.8503,-972.8876,50198.957,0.08830567,1350.7097
1236,-1106.3345,-986.23224,46781.79,0.09025879,1565.6068
1237,-1146.9966,-1002.30865,44429.67,0.08972168,310.84412
1238,-1068.7246,-1008.95026,40383.703,0.09460449,4067.6577
1239,-1167.7455,-1024.8298,38614.766,0.09440918,305.81955
1240,-1168.8771,-1039.2346,36620.754,0.095581055,312.67865
1241,-1168.4946,-1052.1606,34462.414,0.10268555,348.0838
1242,-1129.0447,-1059.849,31548.178,0.10317383,2329.2874
1243,-1185.3518,-1072.3993,29810.945,0.103393555,379.202
1244,-1191.3798,-1084.2974,28103.922,0.10588379,333.5969
1245,-1193.3611,-1095.2037,26364.07,0.10341797,330.10278
1246,-1151.6201,-1100.8453,24014.115,0.10229492,2775.432
1247,-1155.4155,-1106.3024,21880.715,0.10297852,2773.8682
1248,-1220.4866,-1117.7208,20866.064,0.1010498,312.08133
1249,-1022.61285,-1108.2101,19593.555,0.10107422,8694.868
1250,-1124.4658,-1109.8357,17657.982,0.09816895,4623.597
1251,2254.0415,-773.448,1.0343025e+06,0.10649414,158050.8
1252,-1243.1794,-820.42114,950730.5,0.10839844,379.44046
1253,-1244.3644,-862.8155,871832.94,0.10795899,329.81573
1254,-1251.4205,-901.676,798240.9,0.10205078,305.56534
1255,-1269.0591,-938.4143,730564.1,0.09987793,294.70346
1256,-1272.7959,-971.8525,667570.7,0.10039063,303.77505
1257,-1282.1204,-1002.8793,609477.56,0.10026856,303.41943
1258,-1281.2893,-1030.7202,555505.9,0.10197754,365.43735
1259,-1302.8068,-1057.9288,506618.1,0.101293944,307.5872
1260,-1266.3466,-1078.7706,459865.7,0.099487305,1922.1735
1261,-1320.3557,-1102.9292,419131.8,0.105737306,305.88123
1262,-1328.5322,-1125.4895,381799.34,0.10080566,303.8311
1263,-1330.1356,-1145.9541,347388.6,0.10148926,286.96448
1264,-1337.5829,-1165.117,315954.66,0.10241699,362.51758
1265,-1342.9365,-1182.8989,287204.97,0.09963379,360.76575
1266,-1259.2029,-1190.5293,259008.47,0.097241215,4489.939
1267,-1261.6543,-1197.6418,233562.9,0.09907227,4495.801
1268,-1285.162,-1206.3938,210896.0,0.097314455,3362.944
1269,-1285.6588,-1214.3203,190371.86,0.096997075,3349.5068
1270,-1251.9409,-1218.0824,171462.05,0.097436525,4086.7524
1271,-1381.3733,-1234.4115,156715.6,0.10136719,366.96167
1272,-1370.1726,-1247.9875,142702.83,0.10187989,718.85394
1273,-1389.8696,-1262.1758,130244.28,0.099853516,295.2947
1274,-1396.7185,-1275.63,118849.01,0.09909668,298.9069
1275,-1405.4894,-1288.616,108481.81,0.10148926,282.7162
1276,-1419.5752,-1301.7119,99177.16,0.10083008,286.00824
1277,-1425.5471,-1314.0955,90639.6,0.1048584,284.68793
1278,-1425.1677,-1325.2026,82685.97,0.10361328,303.04333
1279,-1430.1411,-1335.6965,75408.46,0.10827637,262.39514
1280,-1422.3326,-1344.3601,68543.13,0.1060791,386.6805
1281,-1428.4965,-1352.7737,62325.918,0.11186524,262.92545
1282,-1424.3148,-1359.9277,56553.957,0.11069336,264.20352
1283,-1364.3915,-1360.3741,50900.35,0.108349614,3198.1106
1284,-1414.0282,-1365.7395,46069.402,0.1095459,969.48694
1285,-1424.5908,-1371.6246,41774.176,0.10820313,793.8994
1286,-1441.4597,-1378.6082,38035.684,0.10666504,268.08762
1287,-1447.3898,-1385.4863,34657.895,0.104003906,251.69267
1288,-1455.5133,-1392.489,31633.445,0.104565434,246.24023
1289,-1461.1533,-1399.3555,28894.432,0.10432129,270.75244
1290,-1465.6229,-1405.9822,26400.21,0.103759766,254.03574
1291,-1392.5305,-1404.637,23776.473,0.11247559,3533.313
1292,-1464.7035,-1410.6436,21723.543,0.11184082,1060.1683
1293,-1463.3911,-1415.9183,19801.596,0.11315918,492.8237
1294,-1480.8389,-1422.4104,18200.756,0.11166992,319.2994
1295,-1486.7957,-1428.8489,16753.771,0.11589356,244.06285
1296,-1488.5623,-1434.8202,15399.306,0.11525879,557.02045
1297,-1362.0479,-1427.543,14335.998,0.11057129,6449.362
1298,-1472.8495,-1432.0736,13087.139,0.11687012,1836.6296
1299,-1513.6572,-1440.2319,12377.454,0.11254883,236.59415
1300,-1524.4143,-1448.6501,11777.509,0.11484375,237.8123
1301,-1522.1619,-1456.0013,11086.115,0.119189456,245.85645
1302,-1519.0891,-1462.31,10335.71,0.118945315,238.00954
1303,-1521.623,-1468.2413,9618.761,0.1204834,233.34459
1304,-1528.9348,-1474.3107,8988.418,0.117041014,226.24037
1305,-1525.9631,-1479.476,8329.694,0.118701175,230.42393
1306,-1530.8892,-1484.6173,7734.6235,0.12211914,227.54817
1307,-1539.2837,-1490.084,7230.118,0.116601564,235.78064
1308,-1540.3422,-1495.1099,6734.4355,0.11682129,241.47282
1309,-1522.9465,-1497.8936,6130.731,0.11428223,1073.3865
1310,-1553.3613,-1503.4403,5794.5586,0.113061525,225.417
1311,-1550.0033,-1508.0966,5410.2324,0.122924805,351.93042
1312,-1554.9226,-1512.7792,5066.5503,0.11965332,219.4034
1313,-1555.7948,-1517.0807,4726.426,0.122485355,219.71497
1314,-1558.3104,-1521.2036,4406.7734,0.124340825,210.77687
1315,-1560.5029,-1525.1335,4105.095,0.121362306,469.5857
1316,-1565.8782,-1529.208,3843.997,0.11821289,287.0463
1317,-1273.294,-1503.6166,9353.877,0.11843262,13212.022
1318,-1484.5474,-1501.7097,8451.216,0.11821289,4069.367
1319,-1573.1959,-1508.8584,8066.0186,0.11994629,245.75548
1320,-1580.4886,-1516.0215,7721.1963,0.11838379,193.4992
1321,-1589.5149,-1523.3708,7435.1914,0.12739258,209.32639
1322,-1592.3982,-1530.2736,7120.502,0.12419434,233.4541
1323,-1591.2288,-1536.3691,6742.85,0.12570801,211.9745
1324,-1602.9221,-1543.0244,6467.2017,0.12695312,203.39206
1325,-1602.957,-1549.0177,6143.754,0.12468262,193.89062
1326,-1611.0011,-1555.2161,5875.1533,0.12331543,198.3616
1327,-1611.0988,-1560.8043,5568.697,0.12312012,185.91963
1328,-1609.0225,-1565.6261,5221.076,0.12351074,185.22318
1329,-1608.8292,-1569.9464,4866.954,0.12375488,224.75494
1330,-1596.9099,-1572.6428,4445.6914,0.12160645,628.268
1331,-1575.022,-1572.8807,4001.6316,0.12770997,1852.255
1332,-1516.6987,-1567.2626,3885.546,0.12575684,4709.652
1333,-1494.5574,-1559.9921,3972.7354,0.12646484,6007.665
1334,-1622.551,-1566.2479,3927.6877,0.12553711,235.55402
1335,-1630.3057,-1572.6537,3904.2246,0.124462895,203.62288
1336,-1630.0808,-1578.3964,3810.6108,0.1253418,219.36313
1337,-1641.3004,-1584.6868,3785.6724,0.122607425,208.34854
1338,-1641.094,-1590.3275,3693.465,0.12507324,192.52074
1339,-1640.448,-1595.3396,3550.204,0.122241214,176.57742
1340,-1648.1646,-1600.6221,3446.3264,0.12568359,176.30301
1341,-1647.7428,-1605.3341,3301.5264,0.12954102,181.43617
1342,-1648.1042,-1609.6111,3136.0093,0.12980957,174.02827
1343,-1653.9283,-1614.0428,2999.17,0.13046876,166.21722
1344,-1655.9015,-1618.2288,2856.946,0.13068847,168.66774
1345,-1661.4883,-1622.5547,2739.6763,0.12807618,163.07974
1346,-1657.467,-1626.0459,2575.407,0.13151856,210.87921
1347,-1656.5604,-1629.0974,2401.6685,0.13068847,170.75226
1348,-1663.3445,-1632.5221,2267.059,0.13063966,172.52588
1349,-1666.3666,-1635.9065,2143.4436,0.13061523,162.21884
1350,-1667.1389,-1639.0298,2016.891,0.12958984,167.14372
1351,-1667.15,-1641.8418,1886.3691,0.13698731,169.3296
1352,-1665.2515,-1644.1827,1747.0533,0.1374756,163.39908
1353,-1672.4493,-1647.0094,1644.2579,0.13742676,158.23206
1354,-1678.0636,-1650.1149,1566.6248,0.13659668,159.31972
1355,-1678.2427,-1652.9276,1481.1678,0.13742676,158.1572
1356,-1684.5076,-1656.0856,1422.8075,0.13630371,162.0565
1357,-1685.0161,-1658.9786,1355.8546,0.1373047,155.01402
1358,-1686.3342,-1661.7142,1287.6188,0.13764648,157.79272
1359,-1687.2084,-1664.2637,1217.3524,0.1375,155.33011
1360,-1685.2223,-1666.3595,1135.1509,0.13850097,156.61143
1361,-1693.0452,-1669.0281,1085.727,0.14667968,158.00903
1362,-1689.7551,-1671.1008,1015.8193,0.1449707,157.8541
1363,-1691.6733,-1673.1581,952.3279,0.14223634,153.40463
1364,-1692.022,-1675.0444,889.1213,0.14267579,152.00752
1365,-1690.3925,-1676.5792,821.40967,0.1428955,155.4324
1366,-1697.9691,-1678.7183,780.44617,0.14660645,156.18475
1367,-1701.1162,-1680.958,747.55164,0.1449707,154.58905
1368,-1704.6272,-1683.325,723.2172,0.15041505,155.71577
1369,-1703.2332,-1685.3158,686.5658,0.14519043,154.39793
1370,-1705.971,-1687.3813,656.30634,0.14582519,152.72728
1371,-1704.7208,-1689.1152,617.73486,0.15261231,152.24512
1372,-1703.3887,-1690.5426,574.2972,0.1517334,154.3849
1373,-1708.6809,-1692.3564,546.4773,0.15322267,149.69246
1374,-1710.4261,-1694.1635,521.2158,0.15673828,152.30437
1375,-1709.3275,-1695.6798,489.7896,0.15366212,150.71538
1376,-1705.1057,-1696.6224,448.80692,0.15358888,144.8708
1377,-1707.4513,-1697.7053,414.47998,0.15532227,149.652
1378,-1709.6047,-1698.8953,385.7756,0.15632324,174.67384
1379,-1714.0,-1700.4058,367.7318,0.15488282,158.10875
1380,-1713.1165,-1701.6769,345.4992,0.1543213,155.39244
1381,-1718.5414,-1703.3633,336.5463,0.16098633,173.64046
1382,-1718.0873,-1704.8357,322.40332,0.16259766,444.53888
1383,-1714.9562,-1705.8478,299.38116,0.15830079,477.86084
1384,-1703.1613,-1705.5791,270.09262,0.16027832,744.21655
1385,-1712.4785,-1706.269,247.36752,0.16315918,382.29697
1386,-1715.2356,-1707.1656,229.86668,0.16101074,380.73895
1387,-1722.5682,-1708.7059,228.23158,0.161792,148.54837
1388,-1725.2478,-1710.3601,230.03543,0.16115724,148.74467
1389,-1721.5984,-1711.4839,218.39879,0.16228028,147.57587
1390,-1720.6046,-1712.396,204.04579,0.16130371,151.75775
1391,-1725.9333,-1713.7498,200.1346,0.16254883,149.68527
1392,-1728.3076,-1715.2056,199.19495,0.16687012,148.64813
1393,-1731.4764,-1716.8326,203.10217,0.16643067,148.40619
1394,-1729.5632,-1718.1057,197.37805,0.16469727,143.97026
1395,-1731.9387,-1719.489,194.86192,0.16479492,143.71571
1396,-1732.1167,-1720.7518,189.72699,0.16530763,143.50232
1397,-1735.6858,-1722.2452,190.82637,0.16899414,138.0102
1398,-1739.0477,-1723.9255,197.15286,0.16716309,141.58954
1399,-1737.3206,-1725.265,193.58597,0.16796875,142.76326
1400,-1737.9031,-1726.5288,188.60222,0.16486816,141.7537
1401,-1740.8684,-1727.9628,188.24815,0.17565918,142.42255
1402,-1737.023,-1728.8688,176.81116,0.17465821,143.415
1403,-1738.127,-1729.7946,166.84428,0.17285156,137.6669
1404,-1741.6909,-1730.9841,162.89696,0.17526856,139.33214
1405,-1741.7517,-1732.0609,157.04192,0.17304687,142.27887
1406,-1744.4521,-1733.3,155.15657,0.17109375,137.6466
1407,-1739.707,-1733.9408,143.33536,0.17512207,137.55128
1408,-1748.3679,-1735.3835,147.73459,0.17480469,140.72903
1409,-1745.8813,-1736.4333,142.87947,0.17512207,142.76317
1410,-1750.4016,-1737.8302,146.15163,0.17487793,137.15996
1411,-1753.5671,-1739.4039,153.82507,0.1819336,139.16496
1412,-1749.1411,-1740.3777,146.97571,0.18190919,140.5408
1413,-1747.8923,-1741.1292,137.36043,0.18063965,140.11136
1414,-1748.0371,-1741.82,127.919174,0.17963867,142.25981
1415,-1747.7124,-1742.4092,118.25215,0.18344727,140.04922
1416,-1746.0024,-1742.7686,107.588974,0.18217774,140.85129
1417,-1745.5729,-1743.049,97.53786,0.1788086,140.4621
1418,-1746.9844,-1743.4425,89.177956,0.18132325,140.2047
1419,-1746.6547,-1743.7637,81.188774,0.18022461,140.30948
1420,-1751.782,-1744.5656,78.85629,0.18376465,139.68216
1421,-1751.532,-1745.2622,75.33847,0.19143067,140.37729
1422,-1753.845,-1746.1205,74.43437,0.18911134,140.80307
1423,-1752.0588,-1746.7144,70.164696,0.19497071,194.05487
1424,-1756.8584,-1747.7288,72.40937,0.19267578,141.21417
1425,-1755.6443,-1748.5203,70.807434,0.18955079,142.90756
1426,-1754.6318,-1749.1315,67.0883,0.19104004,137.15318
1427,-1752.0691,-1749.4253,61.156136,0.1925293,140.04965
1428,-1754.2222,-1749.905,57.111423,0.18903808,139.09521
1429,-1761.5708,-1751.0717,63.6484,0.18864746,141.61157
1430,-1756.2415,-1751.5886,59.688972,0.19042969,137.42487
1431,-1758.5416,-1752.2839,58.071056,0.19580078,135.63359
1432,-1759.167,-1752.9723,56.527832,0.19301759,138.5499
1433,-1758.0945,-1753.4845,53.236362,0.19387208,131.18462
1434,-1759.1903,-1754.055,50.84279,0.1956543,135.85188
1435,-1757.7386,-1754.4235,46.979706,0.19899903,135.00003
1436,-1758.7203,-1754.8531,43.943417,0.20107423,135.3001
1437,-1761.1296,-1755.4808,43.094563,0.1953125,132.29048
1438,-1762.498,-1756.1826,43.21682,0.19855957,132.23743
1439,-1764.3091,-1756.9952,44.838684,0.1987793,132.4606
1440,-1760.769,-1757.3726,41.63656,0.19294433,132.06567
1441,-1763.8383,-1758.0192,41.235374,0.20546876,134.55312
1442,-1760.2798,-1758.2452,37.571774,0.20644532,131.95308
1443,-1759.6504,-1758.3857,33.992294,0.19909668,132.43143
1444,-1761.9076,-1758.7379,31.709375,0.20166016,132.50832
1445,-1763.1125,-1759.1754,30.260803,0.20422363,136.24745
1446,-1762.0144,-1759.4594,27.96011,0.1999756,135.91061
1447,-1773.1587,-1760.8293,42.054573,0.20236817,135.53554
1448,-1769.3779,-1761.6842,44.426163,0.20654297,134.24033
1449,-1768.0471,-1762.3206,43.627346,0.20478515,136.67279
1450,-1768.9731,-1762.9858,43.247734,0.20817871,131.69153
1451,-1764.1702,-1763.1042,39.049194,0.2111084,130.32312
1452,-1767.3848,-1763.5323,36.793327,0.21171875,134.58037
1453,-1765.8713,-1763.7662,33.606373,0.21013184,132.44815
1454,-1772.0011,-1764.5897,36.3489,0.21142578,132.28758
1455,-1768.2305,-1764.9539,33.906963,0.2128418,132.08475
1456,-1769.397,-1765.3982,32.29298,0.21538086,133.1359
1457,-1771.2183,-1765.9802,32.11227,0.21557617,129.46858
1458,-1772.1914,-1766.6013,32.373135,0.2102295,130.31235
1459,-1770.743,-1767.0155,30.67967,0.21245117,128.41954
1460,-1770.4272,-1767.3567,28.659302,0.21235351,132.75346
1461,-1774.0593,-1768.027,29.836653,0.22077636,129.48038
1462,-1772.4409,-1768.4684,28.606445,0.21918945,129.06326
1463,-1769.3276,-1768.5543,25.812248,0.22243653,131.8973
1464,-1772.2537,-1768.9243,24.462685,0.22009277,132.69757
1465,-1769.9193,-1769.0238,22.105516,0.22451173,130.72934
1466,-1770.5464,-1769.176,20.10361,0.21613769,131.09445
1467,-1780.5383,-1770.3123,29.712423,0.21916504,128.32327
1468,-1778.2559,-1771.1066,32.420254,0.2237793,130.06895
1469,-1777.2468,-1771.7206,32.57148,0.22041015,131.43913
1470,-1775.566,-1772.1051,30.645212,0.21950684,132.5855
1471,-1776.4186,-1772.5365,29.255238,0.22602539,130.31995
1472,-1779.7197,-1773.2549,30.973602,0.22285156,134.62454
1473,-1785.2144,-1774.4508,40.748848,0.22651367,131.7543
1474,-1784.5034,-1775.456,45.768913,0.22714844,131.29297
1475,-1782.8489,-1776.1953,46.110863,0.22741699,128.8187
1476,-1781.0782,-1776.6836,43.64565,0.22854005,127.32332
1477,-1784.2174,-1777.437,44.389336,0.22871093,128.09412
1478,-1788.0701,-1778.5004,50.125973,0.22641602,129.4986
1479,-1782.4473,-1778.895,46.515396,0.22856446,127.35633
1480,-1787.413,-1779.7468,48.39384,0.22504883,129.06621
1481,-1784.3688,-1780.209,45.477074,0.23493652,129.13834
1482,-1779.0717,-1780.0952,41.045784,0.23579101,129.21353
1483,-1780.219,-1780.1075,36.942585,0.23327637,127.06485
1484,-1781.5469,-1780.2515,33.434776,0.23415528,129.76683
1485,-1783.927,-1780.619,31.307158,0.2291504,124.71135
1486,-1789.3337,-1781.4905,35.011616,0.23354493,124.51566
1487,-1784.2067,-1781.7621,32.174442,0.2355713,126.1227
1488,-1786.4138,-1782.2273,30.904472,0.23813477,129.17188
1489,-1785.8544,-1782.59,28.998035,0.22878419,125.5496
1490,-1789.4192,-1783.273,30.295677,0.23525392,127.7263
1491,-1789.1274,-1783.8584,30.350866,0.23913574,124.38169
1492,-1788.5312,-1784.3257,29.280977,0.23891602,126.093285
1493,-1794.4307,-1785.3362,35.54284,0.23933105,131.63065
1494,-1786.8971,-1785.4923,32.207836,0.24311523,131.23004
1495,-1784.5646,-1785.3995,29.064516,0.2409668,132.70102
1496,-1788.5408,-1785.7136,27.046127,0.24260254,130.74057
1497,-1785.1445,-1785.6567,24.370663,0.23659669,126.20912
1498,-1787.4126,-1785.8323,22.21107,0.24248047,127.596344
1499,-1792.8425,-1786.5333,24.412891,0.23735352,126.16559
1500,-1795.4559,-1787.4255,29.136765,0.2381836,127.41369
1501,-1791.5823,-1787.8412,27.77815,0.23786621,126.66495
1502,-1786.8752,-1787.7446,25.084309,0.23586427,124.52686
1503,-1791.5568,-1788.1259,23.88379,0.24033204,125.65264
1504,-1790.2708,-1788.3403,21.909462,0.23935547,123.44905
1505,-1794.5645,-1788.9628,23.205086,0.24099122,124.88844
1506,-1795.6433,-1789.6309,24.901243,0.24152832,124.04502
1507,-1795.1074,-1790.1785,25.110464,0.23916017,127.7956
1508,-1795.3374,-1790.6943,24.994734,0.23808594,123.861916
1509,-1798.6348,-1791.4884,28.169798,0.23725586,123.985664
1510,-1796.2002,-1791.9596,27.350906,0.2381836,124.824684
1511,-1796.1243,-1792.3761,26.176819,0.23918457,123.97329
1512,-1793.6432,-1792.5028,23.703632,0.2402832,121.21326
1513,-1796.6647,-1792.919,22.89217,0.23789063,122.17481
1514,-1796.4218,-1793.2693,21.707222,0.239917,125.79907
1515,-1798.2135,-1793.7637,21.736572,0.24211426,123.82826
1516,-1799.97,-1794.3843,23.029547,0.23691407,123.4235
1517,-1800.4031,-1794.9862,23.986927,0.24001466,123.21387
1518,-1804.874,-1795.975,30.387438,0.24299316,121.42387
1519,-1801.9578,-1796.5732,30.57013,0.24091797,124.38928
1520,-1798.8074,-1796.7966,27.962336,0.2440918,124.2894
1521,-1798.1777,-1796.9347,25.33777,0.23869629,125.22585
1522,-1799.2695,-1797.1682,23.294624,0.23837891,124.98556
1523,-1797.5773,-1797.2091,20.98022,0.23952638,124.39211
1524,-1805.1832,-1798.0065,24.604994,0.23591308,121.78919
1525,-1803.2979,-1798.5356,24.664377,0.23879395,126.075035
1526,-1796.9478,-1798.3768,22.424866,0.23955078,123.98975
1527,-1794.436,-1797.9828,21.580069,0.23920898,121.37375
1528,-1795.9647,-1797.781,19.788595,0.2400879,123.23119
1529,-1803.0653,-1798.3094,20.322882,0.24287109,121.54139
1530,-1800.4497,-1798.5234,18.702856,0.23964845,116.966866
1531,-1804.802,-1799.1512,20.380404,0.24155274,121.70003
1532,-1807.0005,-1799.9362,23.887318,0.23950195,121.73392
1533,-1806.0647,-1800.5491,24.878897,0.24482422,123.45406
1534,-1804.8342,-1800.9775,24.043636,0.24018554,120.5715
1535,-1801.3451,-1801.0143,21.65143,0.24101563,120.544655
1536,-1801.0199,-1801.0149,19.48629,0.23752442,124.11176
1537,-1801.1787,-1801.0312,17.540075,0.23981933,124.47103
1538,-1804.0425,-1801.3324,16.602144,0.23647462,122.52126
1539,-1805.153,-1801.7145,16.255629,0.23393555,121.150696
1540,-1801.446,-1801.6876,14.636551,0.23308106,117.39909
1541,-1804.7483,-1801.9937,14.015988,0.23596191,118.465775
1542,-1801.8596,-1801.9802,12.616006,0.23715821,124.609055
1543,-1800.3363,-1801.8158,11.597628,0.23937988,123.44803
1544,-1803.1802,-1801.9523,10.605403,0.23652343,123.78069
1545,-1805.6931,-1802.3264,10.804316,0.24111329,126.13176
1546,-1801.2075,-1802.2145,9.836557,0.23793946,123.088425
1547,-1804.7903,-1802.472,9.450031,0.23791504,118.59599
1548,-1807.9768,-1803.0225,11.232243,0.24157715,115.854706
1549,-1809.9856,-1803.7188,14.47269,0.23928224,119.063995
1550,-1808.6125,-1804.2081,15.180855,0.23879395,122.68912
1551,-1805.2148,-1804.3088,13.753982,0.23632812,120.54768
1552,-1808.2722,-1804.7052,13.792336,0.23937988,121.412964
1553,-1809.0935,-1805.144,14.146254,0.23828125,117.061325
1554,-1805.6685,-1805.1965,12.756379,0.24128418,118.17031
1555,-1809.6511,-1805.642,13.2666445,0.23706055,122.100624
1556,-1810.1123,-1806.089,13.738532,0.2392334,122.43676
1557,-1804.1907,-1805.8992,12.689003,0.24160157,116.572845
1558,-1808.3423,-1806.1434,11.957295,0.24223633,117.432686
1559,-1807.9138,-1806.3204,11.04365,0.23483887,121.45098
1560,-1806.9014,-1806.3785,9.969658,0.24182129,117.46729
1561,-1805.3057,-1806.2712,9.076288,0.24121094,119.54837
1562,-1808.5127,-1806.4954,8.62083,0.23564453,118.33149
1563,-1812.4199,-1807.0878,10.917784,0.23977052,117.136086
1564,-1810.4845,-1807.4275,10.864404,0.23815918,117.24216
1565,-1812.3063,-1807.9154,11.920192,0.24006347,121.469536
1566,-1809.6416,-1808.088,10.99635,0.23706055,123.77848
1567,-1811.702,-1808.4495,11.072213,0.24528809,116.16295
1568,-1815.5237,-1809.1569,14.469004,0.24040528,118.05652
1569,-1819.1097,-1810.1521,21.937489,0.24318849,116.12578
1570,-1815.3105,-1810.668,22.138601,0.23857422,116.480896
1571,-1812.6316,-1810.8644,20.271765,0.24106446,116.343605
1572,-1814.0088,-1811.1788,19.134445,0.24045411,115.41329
1573,-1809.1746,-1810.9784,17.58254,0.24333496,118.22911
1574,-1811.8208,-1811.0626,15.888154,0.2435791,117.11475
1575,-1819.6892,-1811.9253,20.996958,0.23876953,119.04462
1576,-1814.9988,-1812.2327,19.74743,0.24282227,121.58681
1577,-1820.0159,-1813.011,23.22473,0.24223633,116.76548
1578,-1814.4214,-1813.152,21.081287,0.24047852,121.76173
1579,-1810.9701,-1812.9338,19.401615,0.2420166,120.97981
1580,-1814.8551,-1813.126,17.793667,0.24023438,116.38865
1581,-1818.3357,-1813.647,18.457003,0.2453125,115.021935
1582,-1814.1476,-1813.697,16.633856,0.24040528,119.55755
1583,-1814.5662,-1813.7839,15.038456,0.24045411,119.22126
1584,-1817.5833,-1814.1638,14.833743,0.24311523,116.40436
1585,-1816.9994,-1814.4474,14.074011,0.24155274,118.83744
1586,-1813.1775,-1814.3204,12.811748,0.23935547,118.83772
1587,-1815.5841,-1814.4468,11.674291,0.24213867,118.83564
1588,-1815.418,-1814.544,10.59175,0.2413086,120.17511
1589,-1814.7548,-1814.5651,9.536574,0.23867188,114.29979
1590,-1813.449,-1814.4535,8.695025,0.2357666,117.53985
1591,-1818.052,-1814.8134,8.990958,0.23901367,119.10641
1592,-1820.3121,-1815.3633,10.813154,0.24074708,120.05276
1593,-1818.3728,-1815.6642,10.5469885,0.23955078,116.437775
1594,-1819.0981,-1816.0076,10.553576,0.24050294,134.74297
1595,-1817.3816,-1816.145,9.668134,0.23723145,117.71794
1596,-1818.4866,-1816.3792,9.194778,0.23757325,121.06923
1597,-1815.705,-1816.3118,8.316209,0.2440918,119.08581
1598,-1819.6934,-1816.6499,8.513753,0.2411377,117.28212
1599,-1821.3302,-1817.1179,9.633844,0.23759766,120.43479
1600,-1820.6101,-1817.4672,9.7680435,0.24167481,117.809555
1601,-1818.8993,-1817.6104,8.975828,0.2414795,114.90272
1602,-1824.0806,-1818.2573,11.845976,0.24182129,120.79412
1603,-1821.0165,-1818.5332,11.346542,0.23723145,116.00935
1604,-1820.1831,-1818.6982,10.456883,0.2439209,113.18371
1605,-1822.99,-1819.1274,11.068914,0.24189453,116.45516
1606,-1823.8003,-1819.5947,11.927221,0.24423829,118.55492
1607,-1820.102,-1819.6455,10.757663,0.24172364,116.19965
1608,-1826.1215,-1820.2931,13.456312,0.2400879,112.789314
1609,-1822.8643,-1820.5502,12.705662,0.23986816,115.98089
1610,-1824.3789,-1820.9331,12.754424,0.23803711,119.73812
1611,-1822.7021,-1821.11,11.760637,0.24211426,119.383286
1612,-1822.4974,-1821.2488,10.757825,0.23835449,120.31608
1613,-1824.8892,-1821.6128,10.874756,0.24255371,120.1724
1614,-1829.1783,-1822.3694,14.938663,0.24382325,115.29433
1615,-1825.502,-1822.6826,14.327965,0.24128418,116.09322
1616,-1826.4269,-1823.057,14.156923,0.24003907,114.6754
1617,-1825.1345,-1823.2648,13.129676,0.24118653,116.33214
1618,-1823.5281,-1823.2911,11.8229475,0.24348144,113.41158
1619,-1823.6179,-1823.3239,10.650263,0.24609375,111.630974
1620,-1824.1417,-1823.4056,9.645439,0.23608398,115.24405
1621,-1824.0935,-1823.4744,8.723479,0.2433838,113.052055
1622,-1823.401,-1823.467,7.8516154,0.23952638,118.292175
1623,-1829.3652,-1824.0569,10.197435,0.24299316,114.67124
1624,-1828.2119,-1824.4724,10.731476,0.24104004,111.7757
1625,-1826.8552,-1824.7107,10.16933,0.24331056,116.41785
1626,-1831.438,-1825.3834,13.22548,0.23969726,114.527435
1627,-1826.8601,-1825.5311,12.099185,0.24528809,114.48699
1628,-1828.329,-1825.8109,11.593784,0.2446289,115.770775
1629,-1821.0803,-1825.3379,12.44847,0.24057618,114.3941
1630,-1827.3306,-1825.5371,11.560991,0.24228516,116.76212
1631,-1825.9751,-1825.5809,10.422156,0.24118653,114.44518
1632,-1827.6709,-1825.7899,9.773056,0.24304199,114.898026
1633,-1833.0377,-1826.5146,13.523508,0.24240723,115.82879
1634,-1835.8499,-1827.4481,20.014301,0.24824218,113.59952
1635,-1834.041,-1828.1074,21.924833,0.2447754,115.22872
1636,-1834.9673,-1828.7935,23.967545,0.24174805,111.0773
1637,-1833.3588,-1829.25,23.446573,0.24255371,111.66675
1638,-1833.454,-1829.6704,22.692524,0.24375,111.54514
1639,-1832.6666,-1829.97,21.23123,0.2479004,115.15825
1640,-1827.8617,-1829.7592,19.50814,0.24494629,117.145355
1641,-1824.2224,-1829.2054,20.316322,0.24086915,114.003624
1642,-1829.4421,-1829.2291,18.289732,0.24272461,116.83743
1643,-1829.2231,-1829.2285,16.460762,0.2446045,116.18985
1644,-1825.885,-1828.8942,15.820798,0.24487305,116.33801
1645,-1829.3212,-1828.9369,14.255128,0.2454834,115.345505
1646,-1830.792,-1829.1224,13.139341,0.24602051,113.13875
1647,-1831.2305,-1829.3333,12.225348,0.24399415,111.91232
1648,-1827.2283,-1829.1228,11.401598,0.2440918,119.780975
1649,-1830.6506,-1829.2756,10.471522,0.24619141,113.07003
1650,-1831.7079,-1829.5188,9.956796,0.24448243,112.263885
1651,-1833.7513,-1829.942,10.573415,0.24423829,114.43865
1652,-1837.4058,-1830.6884,14.529748,0.24089356,113.482285
1653,-1833.5435,-1830.9739,13.810417,0.24716797,113.676994
1654,-1832.8997,-1831.1665,12.763152,0.24199219,119.51655
1655,-1829.5645,-1831.0063,11.717828,0.24760742,114.80324
1656,-1832.2476,-1831.1305,10.684699,0.24267578,112.70083
1657,-1834.8088,-1831.4983,10.833948,0.24750976,112.15234
1658,-1835.5574,-1831.9042,11.233406,0.24614258,111.17672
1659,-1834.5503,-1832.1688,10.74024,0.25017092,113.36255
1660,-1833.1981,-1832.2717,9.761567,0.2427002,112.996574
1661,-1834.7336,-1832.518,9.330902,0.24343263,111.52202
1662,-1836.9392,-1832.9601,10.157094,0.24575196,111.97339
1663,-1835.7549,-1833.2395,9.844366,0.24570313,116.848755
1664,-1838.896,-1833.8052,11.739562,0.24885254,113.135315
1665,-1834.3098,-1833.8556,10.588525,0.24841309,111.16539
1666,-1834.592,-1833.9292,9.578484,0.24855958,116.55368
1667,-1833.6206,-1833.8983,8.629206,0.24260254,115.53062
1668,-1837.3582,-1834.2443,8.843628,0.244458,113.59092
1669,-1839.2874,-1834.7485,10.248214,0.24489747,114.56472
1670,-1842.5852,-1835.5322,14.750597,0.24550782,114.5393
1671,-1843.1724,-1836.2963,18.52899,0.24643555,114.515915
1672,-1837.342,-1836.4009,16.774519,0.24812011,113.74827
1673,-1839.3251,-1836.6934,15.866649,0.24499512,113.94044
1674,-1841.198,-1837.1438,16.106243,0.24543457,116.88226
1675,-1842.0237,-1837.6318,16.638811,0.24838868,114.38426
1676,-1838.1384,-1837.6825,14.998027,0.25021973,116.3659
1677,-1838.5267,-1837.767,13.56237,0.24472657,112.72554
1678,-1836.8079,-1837.671,12.288922,0.2470459,112.909966
1679,-1839.9813,-1837.9021,11.540404,0.23979492,115.82442
1680,-1841.4791,-1838.2598,11.537924,0.2425293,113.95481
1681,-1840.8048,-1838.5143,10.967084,0.24738769,114.782524
1682,-1837.4424,-1838.4071,9.973783,0.24643555,112.13555
1683,-1833.6636,-1837.9327,11.001501,0.24663086,112.464935
1684,-1839.6406,-1838.1035,10.163869,0.24936524,109.51956
1685,-1839.2065,-1838.2139,9.256982,0.24619141,113.130974
1686,-1834.7023,-1837.8627,9.441102,0.2446045,111.20229
1687,-1837.5232,-1837.8287,8.507363,0.24492188,111.91727
1688,-1838.3176,-1837.8777,7.6781387,0.24428712,110.9068
1689,-1835.9294,-1837.6829,7.2519326,0.24304199,112.17737
1690,-1835.9364,-1837.5082,6.80125,0.24411622,107.313866
1691,-1836.8215,-1837.4395,6.163558,0.2454834,107.20348
1692,-1841.3303,-1837.8285,6.9097,0.24335937,110.95536
1693,-1844.6279,-1838.5084,10.3796425,0.24680176,108.226974
1694,-1839.457,-1838.6033,9.422666,0.24802247,111.8189
1695,-1839.147,-1838.6576,8.507004,0.24748535,112.72427
1696,-1841.791,-1838.971,8.539954,0.24602051,113.29312
1697,-1840.4513,-1839.119,7.8831873,0.24765626,112.53023
1698,-1840.9885,-1839.3059,7.4094234,0.24313965,112.207146
1699,-1842.6195,-1839.6372,7.656675,0.23901367,112.58456
1700,-1842.0396,-1839.8774,7.4104204,0.24450684,111.850716
1701,-1839.8429,-1839.874,6.6694856,0.24196778,113.21219
1702,-1838.6917,-1839.7557,6.1283574,0.24802247,111.381516
1703,-1839.321,-1839.7123,5.5325274,0.2487793,110.458
1704,-1840.6948,-1839.8105,5.06616,0.24633789,112.81109
1705,-1841.6047,-1839.99,4.8492646,0.24328613,112.572136
1706,-1845.959,-1840.5869,7.5709386,0.24736328,109.794106
1707,-1844.5897,-1840.9872,8.255867,0.24816895,110.93407
1708,-1846.0547,-1841.4939,9.741445,0.2468506,110.34543
1709,-1844.2443,-1841.7689,9.448107,0.24716797,114.137505
1710,-1842.7709,-1841.8691,8.593648,0.24926758,114.59818
1711,-1843.158,-1841.998,7.8837776,0.24538575,111.12867
1712,-1842.3428,-1842.0325,7.106095,0.25092775,113.86363
1713,-1842.812,-1842.1105,6.4501767,0.24431153,113.771545
1714,-1841.1133,-1842.0107,5.8946543,0.2458252,110.4043
1715,-1844.4319,-1842.2528,5.8327622,0.24570313,109.298485
1716,-1843.2075,-1842.3483,5.3315187,0.24606934,108.79137
1717,-1845.2527,-1842.6387,5.557575,0.2465332,109.70084
1718,-1840.2375,-1842.3986,5.520703,0.24812011,110.17231
1719,-1843.9487,-1842.5536,5.184905,0.24624024,113.704285
1720,-1844.6191,-1842.7601,5.0504,0.24577637,113.84719
1721,-1847.8473,-1843.2688,6.8744855,0.24963379,110.55402
1722,-1846.448,-1843.5867,7.0966945,0.24785157,112.28413
1723,-1847.4929,-1843.9773,7.7603164,0.24350587,108.97451
1724,-1847.9043,-1844.37,8.372206,0.24562989,112.132706
1725,-1846.1929,-1844.5522,7.834044,0.24562989,110.8471
1726,-1843.1658,-1844.4136,7.223648,0.24748535,111.471756
1727,-1843.8105,-1844.3533,6.534011,0.24453126,111.94337
1728,-1843.3267,-1844.2506,5.9754634,0.24924317,111.283485
1729,-1844.0493,-1844.2305,5.3815637,0.24814454,109.7463
1730,-1845.9626,-1844.4037,5.1134467,0.24926758,109.63303
1731,-1848.9685,-1844.8601,6.4774837,0.24594727,111.76815
1732,-1852.8035,-1845.6544,11.508462,0.2486084,109.91694
1733,-1845.1368,-1845.6027,10.381725,0.24875489,109.166916
1734,-1848.0745,-1845.8499,9.893435,0.24523926,107.97918
1735,-1852.6826,-1846.5331,13.10589,0.24836425,111.77643
1736,-1854.1868,-1847.2985,17.067402,0.24631348,111.40432
1737,-1851.4192,-1847.7106,16.888897,0.24843751,109.01705
1738,-1850.4739,-1847.9869,15.887235,0.24726562,112.3358
1739,-1851.898,-1848.378,15.675152,0.25063476,114.21395
1740,-1847.8113,-1848.3214,14.136547,0.24675293,112.89574
1741,-1845.5403,-1848.0433,13.419012,0.249292,110.38312
1742,-1850.6289,-1848.3019,12.678777,0.24570313,113.89848
1743,-1849.6343,-1848.435,11.570674,0.25026855,110.07803
1744,-1848.3948,-1848.431,10.413753,0.249292,111.518234
1745,-1847.7051,-1848.3584,9.419808,0.24931641,109.92334
1746,-1848.521,-1848.3746,8.4802065,0.24609375,110.609886
1747,-1850.1892,-1848.5562,7.9285274,0.24628906,111.49486
1748,-1847.1063,-1848.4111,7.3248553,0.24570313,108.23314
1749,-1840.8596,-1847.656,11.724652,0.24606934,111.50918
1750,-1844.6687,-1847.3573,11.355346,0.244458,108.69264
1751,-1851.3187,-1847.7534,11.632171,0.24436036,110.57472
1752,-1851.331,-1848.1112,11.620907,0.23959962,112.3324
1753,-1847.304,-1848.0305,10.517465,0.24628906,111.229485
1754,-1849.2433,-1848.1519,9.59809,0.24428712,109.28522
1755,-1849.4507,-1848.2817,8.790107,0.24938965,106.57769
1756,-1845.7446,-1848.0281,8.490418,0.24526368,108.03645
1757,-1847.6589,-1847.9912,7.65364,0.24680176,105.26762
1758,-1849.5876,-1848.1509,7.1176505,0.24428712,107.36967
1759,-1847.8567,-1848.1215,6.4136744,0.244458,108.45357
1760,-1854.9612,-1848.8054,9.982669,0.24572754,108.077324
1761,-1854.2361,-1849.3485,11.638692,0.24335937,111.63667
1762,-1851.606,-1849.5742,10.933468,0.2470459,109.433754
1763,-1851.654,-1849.7822,10.229435,0.24824218,111.39194
1764,-1847.5989,-1849.5638,9.635523,0.2520508,106.6521
1765,-1856.1707,-1850.2245,12.600467,0.2489746,105.93769
1766,-1853.9022,-1850.5923,12.557735,0.24558106,105.81873
1767,-1854.038,-1850.9369,12.370504,0.24587403,105.11093
1768,-1852.2677,-1851.07,11.292849,0.24619141,111.131035
1769,-1855.9849,-1851.5614,12.33764,0.25134277,109.41102
1770,-1857.1989,-1852.1251,13.964153,0.2510254,109.02405
1771,-1855.1487,-1852.4275,13.39051,0.25026855,108.61989
1772,-1854.1638,-1852.6011,12.322793,0.24931641,107.17497
1773,-1857.1296,-1853.054,12.936224,0.25063476,106.88803
1774,-1855.3632,-1853.2849,12.1225195,0.24985352,106.7161
1775,-1861.0038,-1854.0568,16.272556,0.25144044,107.06331
1776,-1857.8973,-1854.4408,15.972802,0.24956055,109.752266
1777,-1858.6764,-1854.8644,15.990146,0.2503418,104.82903
1778,-1854.9355,-1854.8715,14.391586,0.24724121,108.138466
1779,-1854.0906,-1854.7933,13.007307,0.24726562,111.53431
1780,-1849.1729,-1854.2313,14.549661,0.24921875,109.07729
1781,-1852.742,-1854.0824,13.294337,0.244458,108.52676
1782,-1852.9755,-1853.9717,12.07518,0.24692383,110.53589
1783,-1853.7096,-1853.9454,10.873844,0.24968262,110.39197
1784,-1856.946,-1854.2455,10.596788,0.24909668,110.26792
1785,-1851.4574,-1853.9667,10.236717,0.24858399,106.939095
1786,-1855.4961,-1854.1196,9.423567,0.24750976,109.76818
1787,-1855.9641,-1854.3041,8.7874,0.2472168,109.88168
1788,-1856.7012,-1854.5438,8.425805,0.25007325,110.001305
1789,-1855.1276,-1854.6022,7.6138926,0.249292,105.60647
1790,-1852.8202,-1854.424,7.1382947,0.25043947,107.867615
1791,-1850.2532,-1854.0068,7.990049,0.24965821,110.076515
1792,-1850.7891,-1853.685,8.12291,0.2518799,108.22602
1793,-1845.8624,-1852.9028,12.81804,0.2487793,107.37424
1794,-1850.8706,-1852.6996,11.90793,0.25019532,108.27103
1795,-1850.8799,-1852.5176,11.015156,0.24841309,110.34578
1796,-1855.4136,-1852.8071,10.668451,0.24602051,106.57661
1797,-1855.6536,-1853.0918,10.330804,0.24567871,113.14117
1798,-1848.7394,-1852.6565,11.002641,0.24345703,106.46375
1799,-1851.1886,-1852.5098,10.0963,0.24814454,114.083954
1800,-1852.4545,-1852.5043,9.086946,0.24785157,114.08917
1801,-1857.9155,-1853.0454,10.813602,0.24887696,111.2813
1802,-1855.8516,-1853.326,10.440946,0.24577637,109.665016
1803,-1853.8053,-1853.374,9.417522,0.24904786,110.642876
1804,-1854.8082,-1853.5175,8.660894,0.24440919,109.48452
1805,-1854.4009,-1853.6058,7.865044,0.24753419,108.23687
1806,-1836.7596,-1851.9213,32.620014,0.24714355,907.5795
1807,-1853.4384,-1852.073,29.565153,0.24543457,133.39265
1808,-1855.3503,-1852.4008,27.575325,0.24538575,110.6551
1809,-1853.6177,-1852.5225,24.95107,0.24880372,112.43269
1810,-1856.2112,-1852.8914,23.680563,0.24602051,110.85952
1811,-1855.7822,-1853.1804,22.064648,0.24821778,111.68045
1812,-1855.1991,-1853.3823,20.224937,0.24738769,130.94675
1813,-1854.1813,-1853.4622,18.259892,0.25039062,116.022285
1814,-1860.0249,-1854.1184,20.310167,0.24680176,106.126564
1815,-1856.9513,-1854.4017,19.001423,0.24716797,109.40719
1816,-1856.7512,-1854.6367,17.59809,0.24692383,108.71566
1817,-1858.6885,-1855.0419,17.315786,0.2480957,105.9267
1818,-1854.802,-1855.0178,15.589386,0.24511719,107.041306
1819,-1856.5073,-1855.1667,14.230123,0.2479248,105.667725
1820,-1859.6934,-1855.6194,14.65123,0.2470459,106.74979
1821,-1859.374,-1855.9949,14.4548645,0.24716797,104.96376
1822,-1859.6417,-1856.3596,14.206335,0.24521485,103.48075
1823,-1858.435,-1856.5671,13.173372,0.2454834,104.76136
1824,-1859.3422,-1856.8446,12.549103,0.24995117,104.50592
1825,-1861.7065,-1857.3308,13.421653,0.24858399,106.64458
1826,-1860.2567,-1857.6234,12.84997,0.24550782,104.8927
1827,-1864.0259,-1858.2637,15.254214,0.2477295,101.63356
1828,-1859.3579,-1858.373,13.836555,0.24848633,100.76728
1829,-1856.3453,-1858.1703,12.822943,0.24521485,103.40937
1830,-1859.4576,-1858.2991,11.689803,0.24892579,106.37085
1831,-1859.0411,-1858.3733,10.570382,0.25090334,103.10764
1832,-1858.1145,-1858.3474,9.519372,0.2533203,107.41014
1833,-1859.5681,-1858.4695,8.701545,0.24543457,107.14274
1834,-1862.103,-1858.8329,9.019629,0.2506836,101.82214
1835,-1861.4918,-1859.0988,8.75396,0.25053713,104.95746
1836,-1859.2983,-1859.1187,7.8821487,0.2510254,106.33758
1837,-1861.3081,-1859.3376,7.525367,0.2477295,104.92944
1838,-1860.9865,-1859.5026,7.0175,0.24921875,103.75042
1839,-1861.2712,-1859.6794,6.5972896,0.24682617,105.033226
1840,-1863.8838,-1860.0999,7.528447,0.24604492,110.08026
1841,-1860.9479,-1860.1847,6.840325,0.25046387,105.73571
1842,-1860.353,-1860.2015,6.1588426,0.24641113,107.82463
1843,-1862.806,-1860.462,6.1534624,0.2486084,106.674255
1844,-1863.5935,-1860.7751,6.4206653,0.24812011,107.844925
1845,-1860.1218,-1860.7098,5.817013,0.24694824,108.34651
1846,-1862.7505,-1860.914,5.610094,0.24909668,104.18875
1847,-1862.669,-1861.0895,5.3262887,0.25007325,102.294815
1848,-1862.0508,-1861.1855,4.876829,0.24709474,102.98185
1849,-1864.511,-1861.5181,5.3844156,0.24577637,102.85494
1850,-1863.6843,-1861.7347,5.2683153,0.24567871,104.59331
1851,-1864.3125,-1861.9926,5.3395195,0.24729005,102.84288
1852,-1866.5139,-1862.4447,6.6454115,0.24787597,102.91523
1853,-1863.9602,-1862.5962,6.1875777,0.24951172,103.39777
1854,-1864.2922,-1862.7657,5.827711,0.24965821,104.531364
1855,-1864.9594,-1862.9851,5.6780105,0.24990235,102.20736
1856,-1862.7065,-1862.9573,5.117193,0.24746095,101.04067
1857,-1863.9329,-1863.0548,4.691133,0.25100097,103.10854
1858,-1865.2479,-1863.2742,4.6548977,0.25021973,101.61734
1859,-1862.0249,-1863.1493,4.329868,0.25192872,107.372086
1860,-1857.9011,-1862.6245,6.3757763,0.24753419,109.143036
1861,-1860.9368,-1862.4557,5.9945617,0.24543457,102.64242
1862,-1862.0715,-1862.4172,5.408387,0.25163576,104.89568
1863,-1863.1228,-1862.4878,4.9123526,0.2446045,107.31561
1864,-1862.7488,-1862.5139,4.4272475,0.25253907,105.88297
1865,-1862.5032,-1862.5128,3.984533,0.24973145,111.686005
1866,-1861.7021,-1862.4318,3.6452262,0.2479004,108.1377
1867,-1862.4395,-1862.4325,3.2807088,0.24624024,107.216156
1868,-1864.092,-1862.5984,3.2005062,0.24697267,105.730865
1869,-1863.9924,-1862.7378,3.0553575,0.25009766,105.67308
1870,-1867.2477,-1863.1887,4.580339,0.24655762,107.289536
1871,-1863.5464,-1863.2245,4.133818,0.25043947,105.8349
1872,-1856.125,-1862.5145,8.2566805,0.25014648,217.24861
1873,-1860.4502,-1862.3081,7.814544,0.24970703,108.06139
1874,-1862.2858,-1862.3059,7.0331345,0.25261232,103.12479
1875,-1860.2947,-1862.1047,6.6938753,0.25302735,103.65746
1876,-1865.1371,-1862.408,6.85205,0.24812011,105.42803
1877,-1868.2833,-1862.9955,9.273639,0.2536621,104.29181
1878,-1866.3058,-1863.3265,9.332504,0.24992676,105.03369
1879,-1863.1212,-1863.306,8.4030485,0.2508789,104.60141
1880,-1862.8125,-1863.2567,7.584665,0.24726562,105.58556
1881,-1869.2085,-1863.8519,10.014332,0.24946289,106.022095
1882,-1863.8551,-1863.8523,9.012899,0.24821778,105.91186
1883,-1863.3059,-1863.7976,8.138477,0.2435791,103.73188
1884,-1865.3777,-1863.9556,7.5493274,0.2472168,102.529175
1885,-1867.5315,-1864.3131,7.945248,0.24492188,105.41015
1886,-1866.2793,-1864.5098,7.498653,0.24562989,102.498665
1887,-1862.3943,-1864.2982,7.15156,0.24963379,103.80305
1888,-1865.5088,-1864.4193,6.568297,0.2432129,100.27277
1889,-1866.0435,-1864.5818,6.1488733,0.25043947,100.64205
1890,-1864.5828,-1864.5819,5.5339856,0.24726562,104.7451
1891,-1864.5327,-1864.577,4.980805,0.24782716,107.27363
1892,-1862.7546,-1864.3948,4.7816234,0.25168458,104.18032
1893,-1864.1335,-1864.3687,4.3096027,0.2515381,107.0897
1894,-1865.2772,-1864.4595,3.9529374,0.25139162,105.22691
1895,-1866.1611,-1864.6296,3.8182518,0.24833985,110.02929
1896,-1869.2642,-1865.0931,5.3695173,0.24506836,103.62671
1897,-1866.8212,-1865.266,5.1013126,0.24890137,103.42912
1898,-1868.1731,-1865.5566,5.3517942,0.25083008,105.7271
1899,-1868.534,-1865.8544,5.6144657,0.24907227,107.53139
1900,-1867.6792,-1866.0369,5.3527193,0.24855958,104.67941
1901,-1870.6576,-1866.4989,6.7390485,0.2512207,105.060776
1902,-1866.3333,-1866.4823,6.067613,0.24748535,102.08414
1903,-1869.9054,-1866.8246,6.515434,0.24965821,103.7592
1904,-1870.6204,-1867.2041,7.1606026,0.24716797,101.95409
1905,-1868.857,-1867.3694,6.6904454,0.25053713,102.475975
1906,-1867.6829,-1867.4008,6.030245,0.2527588,104.30177
1907,-1863.1912,-1866.9797,7.0220823,0.24765626,103.55739
1908,-1865.3445,-1866.8162,6.560539,0.25039062,104.64678
1909,-1866.9886,-1866.8334,5.907162,0.24499512,103.92786
1910,-1868.3682,-1866.9868,5.528448,0.2477295,108.31271
1911,-1867.387,-1867.0269,4.9900136,0.25019532,103.62219
1912,-1867.1472,-1867.039,4.492316,0.2479248,103.38898
1913,-1868.9142,-1867.2264,4.359573,0.2444336,100.331154
1914,-1867.3765,-1867.2415,3.925641,0.24946289,100.962654
1915,-1864.6897,-1866.9863,4.119109,0.25097656,102.31241
1916,-1863.1296,-1866.6007,5.0458627,0.24814454,100.29541
1917,-1867.1516,-1866.6558,4.5685906,0.24450684,101.43463
1918,-1869.8411,-1866.9742,5.0248857,0.24899903,100.76633
1919,-1871.7314,-1867.45,6.5591846,0.24799804,104.51572
1920,-1870.5217,-1867.7571,6.7524896,0.24926758,105.6133
1921,-1869.926,-1867.974,6.5006294,0.24870606,104.73394
1922,-1866.9905,-1867.8756,5.9376245,0.24938965,105.10913
1923,-1871.1145,-1868.1995,6.2879996,0.2518799,104.16667
1924,-1866.1343,-1867.9929,6.043049,0.24907227,101.007645
1925,-1869.7688,-1868.1705,5.722581,0.24770509,98.10051
1926,-1868.6985,-1868.2234,5.175409,0.249292,102.84012
1927,-1871.9082,-1868.5919,5.8798747,0.2527588,103.9394
1928,-1871.3408,-1868.8668,5.971968,0.25290528,102.68979
1929,-1870.8201,-1869.0621,5.718137,0.25322267,104.040855
1930,-1867.8174,-1868.9376,5.2857695,0.2524414,98.9909
1931,-1869.5857,-1869.0024,4.7949924,0.2512451,101.23672
1932,-1870.7402,-1869.1763,4.5872865,0.24726562,102.80319
1933,-1872.9451,-1869.5531,5.4069037,0.24799804,101.71354
1934,-1869.241,-1869.5219,4.874982,0.24663086,105.75317
1935,-1871.3815,-1869.7078,4.6987205,0.25017092,100.01188
1936,-1868.7739,-1869.6144,4.307333,0.2489502,99.075264
1937,-1873.5852,-1870.0115,5.2956705,0.25302735,102.31544
1938,-1869.0056,-1869.9109,4.857161,0.24941407,102.52249
1939,-1870.9031,-1870.0101,4.460044,0.2517334,102.528564
1940,-1867.5747,-1869.7666,4.547856,0.2506836,103.89879
1941,-1868.5225,-1869.6422,4.23238,0.2548096,103.07615
1942,-1865.4083,-1869.2189,5.4224634,0.25024414,103.0581
1943,-1865.6254,-1868.8595,6.0424123,0.24794923,103.877686
1944,-1869.6473,-1868.9382,5.4940333,0.2536133,100.32978
1945,-1870.9167,-1869.1361,5.296937,0.25114748,101.95964
1946,-1871.9037,-1869.4128,5.456597,0.25012207,104.90793
1947,-1868.0604,-1869.2776,5.07555,0.24970703,103.045074
1948,-1870.7347,-1869.4233,4.7590914,0.25219727,102.110855
1949,-1870.0731,-1869.4883,4.3211813,0.25383303,104.02232
1950,-1870.8103,-1869.6205,4.04636,0.25317383,105.31731
1951,-1874.1256,-1870.071,5.468379,0.25078127,103.51303
1952,-1872.4707,-1870.311,5.4397936,0.2522461,102.77678
1953,-1877.5875,-1871.0387,9.661071,0.25249025,104.29318
1954,-1870.9368,-1871.0286,8.695898,0.25146484,104.49697
1955,-1870.6106,-1870.9868,7.8420305,0.24899903,102.3186
1956,-1875.6249,-1871.4507,8.993873,0.25422364,101.271194
1957,-1872.7325,-1871.5789,8.24237,0.25026855,100.56401
1958,-1870.206,-1871.4415,7.587745,0.24682617,102.677124
1959,-1873.0024,-1871.5977,7.048251,0.25026855,101.86596
1960,-1874.5201,-1871.8899,7.1121087,0.25258788,107.27069
1961,-1873.9329,-1872.0942,6.7765326,0.2536133,101.21976
1962,-1874.376,-1872.3224,6.567449,0.2508789,103.488174
1963,-1874.4133,-1872.5315,6.3041873,0.25195312,99.45663
1964,-1873.9478,-1872.6731,5.8542895,0.25314942,99.94902
1965,-1873.9812,-1872.804,5.422863,0.2520752,101.66576
1966,-1875.9559,-1873.1191,5.7747235,0.25371096,101.365715
1967,-1878.2584,-1873.633,7.5743513,0.2536621,101.33689
1968,-1875.1039,-1873.7802,7.0116153,0.252417,103.94132
1969,-1876.9213,-1874.0942,7.1984468,0.25227052,100.57742
1970,-1876.517,-1874.3365,7.0068674,0.25441894,102.08487
1971,-1876.0431,-1874.5072,6.5682864,0.24841309,103.11895
1972,-1874.8574,-1874.5422,5.9224963,0.2515137,101.58028
1973,-1871.8356,-1874.2716,5.9895897,0.24946289,100.29505
1974,-1871.8347,-1874.028,5.9250894,0.25686035,101.08131
1975,-1873.4116,-1873.9663,5.3667684,0.2529297,101.1024
1976,-1871.9636,-1873.766,5.1910586,0.2548828,102.954704
1977,-1873.831,-1873.7725,4.6723337,0.25141603,100.20432
1978,-1870.6697,-1873.4622,5.071554,0.25048828,105.03776
1979,-1871.7002,-1873.286,4.843805,0.25026855,104.38627
1980,-1874.189,-1873.3763,4.4328036,0.25654298,104.036545
1981,-1876.6028,-1873.699,4.926416,0.25063476,101.69953
1982,-1874.6455,-1873.7936,4.5144076,0.24558106,99.145805
1983,-1875.1853,-1873.9327,4.237287,0.24951172,103.10108
1984,-1877.9358,-1874.333,5.2557564,0.25515136,100.10429
1985,-1877.6998,-1874.6697,5.7503743,0.24812011,101.78009
1986,-1875.5426,-1874.757,5.243917,0.25107422,99.621506
1987,-1875.3174,-1874.813,4.7477922,0.25185546,102.46291
1988,-1874.7552,-1874.8073,4.273313,0.25407717,103.16488
1989,-1872.4131,-1874.5679,4.361864,0.24995117,101.15467
1990,-1872.687,-1874.3798,4.2440643,0.24953614,99.22639
1991,-1878.2761,-1874.7694,5.1860056,0.25063476,102.10811
1992,-1874.7891,-1874.7714,4.6674395,0.25095215,98.83291
1993,-1871.6567,-1874.46,5.073775,0.2541748,102.32748
1994,-1876.1123,-1874.6252,4.812119,0.24816895,102.12329
1995,-1875.9036,-1874.753,4.4779763,0.2515625,99.11587
1996,-1878.8582,-1875.1636,5.546847,0.2515869,98.20976
1997,-1876.3721,-1875.2844,5.123604,0.25139162,100.31155
1998,-1872.2043,-1874.9764,5.4650626,0.25058594,103.33661
1999,-1873.6833,-1874.8472,5.0690436,0.2515625,100.017296
2000,-1876.9113,-1875.0536,4.94558,0.25185546,101.550064
2001,-1876.9111,-1875.2394,4.7615643,0.25625,102.80642
2002,-1877.8252,-1875.4979,4.8871875,0.25217286,100.440254
2003,-1881.0903,-1876.0571,7.21322,0.2486084,100.34712
2004,-1878.565,-1876.3079,7.057919,0.24948731,103.10071
2005,-1875.4775,-1876.2249,6.414176,0.25170898,102.255875
2006,-1880.0631,-1876.6086,7.0986576,0.2515625,100.86942
2007,-1881.2819,-1877.0759,8.354299,0.24963379,98.59653
2008,-1873.6666,-1876.735,8.564969,0.2529541,101.861115
2009,-1878.6774,-1876.9292,8.048028,0.2532959,100.19435
2010,-1877.771,-1877.0134,7.3070006,0.24682617,95.08746
2011,-1877.3448,-1877.0466,6.586186,0.24921875,97.37529
2012,-1880.4131,-1877.3833,6.9475393,0.25302735,97.71135
2013,-1880.4575,-1877.6907,7.103359,0.25334474,97.788315
2014,-1878.6938,-1877.791,6.4835954,0.24926758,101.06929
2015,-1882.5822,-1878.2701,7.901186,0.2510254,99.516136
2016,-1880.2805,-1878.4712,7.4748125,0.2529297,102.91125
2017,-1879.774,-1878.6014,6.8801003,0.24887696,99.82959
2018,-1882.5344,-1878.9948,7.5842423,0.24885254,102.16496
2019,-1881.9065,-1879.2859,7.58886,0.25419924,98.74889
2020,-1877.3136,-1879.0886,7.1800675,0.24880372,98.92441
2021,-1878.0056,-1878.9803,6.567622,0.25419924,101.12317
2022,-1878.5103,-1878.9333,5.9307485,0.25104982,99.35793
2023,-1880.7986,-1879.1199,5.6507926,0.25434572,99.115585
2024,-1880.994,-1879.3073,5.401831,0.2472168,100.354
2025,-1877.1096,-1879.0875,5.296311,0.24921875,98.346596
2026,-1875.5881,-1878.7375,5.868795,0.24978028,101.146454
2027,-1878.6743,-1878.7312,5.282275,0.2498291,102.78516
2028,-1879.0686,-1878.7649,4.764293,0.25046387,99.21711
2029,-1882.6217,-1879.1506,5.6266136,0.24995117,96.169075
2030,-1881.1631,-1879.3519,5.428448,0.24880372,95.43227
2031,-1885.7646,-1879.9932,8.586671,0.2524414,100.51398
2032,-1884.181,-1880.412,9.306443,0.25358889,96.763016
2033,-1877.6958,-1880.1404,9.039789,0.25473633,97.85624
2034,-1879.5195,-1880.0782,8.170501,0.25532228,100.13754
2035,-1879.5635,-1880.0267,7.3772993,0.2565918,100.436
2036,-1879.3153,-1879.9556,6.6851206,0.25302735,97.666565
2037,-1880.9385,-1880.0538,6.103558,0.25290528,101.358246
2038,-1878.9891,-1879.9474,5.5952244,0.25261232,100.15732
2039,-1884.1461,-1880.3673,6.622342,0.25092775,101.57367
2040,-1882.7135,-1880.6019,6.455523,0.2548828,101.89588
2041,-1880.4598,-1880.5878,5.8117876,0.25129396,98.17582
2042,-1881.9528,-1880.7242,5.3982964,0.25373536,101.35793
2043,-1879.3408,-1880.5859,5.0307136,0.2515381,100.71812
2044,-1881.4873,-1880.676,4.600764,0.24914551,99.524895
2045,-1882.46,-1880.8544,4.4271054,0.2541504,100.856766
2046,-1880.9788,-1880.8668,3.9857874,0.25146484,100.09191
2047,-1878.7998,-1880.6602,3.9717386,0.25437012,100.72066
2048,-1881.0062,-1880.6948,3.5853434,0.25268555,101.04359
2049,-1879.2742,-1880.5527,3.4084523,0.25283203,98.86579
2050,-1877.2,-1880.2174,4.079311,0.25170898,98.92638
2051,-1879.2563,-1880.1213,3.7545068,0.25390625,99.43057
2052,-1880.5948,-1880.1687,3.3992352,0.25439453,100.08862
2053,-1882.2456,-1880.3763,3.4475293,0.25383303,100.09442
2054,-1878.6287,-1880.2015,3.3776712,0.25322267,101.6227
2055,-1881.1973,-1880.3011,3.1291366,0.25175783,101.96817
2056,-1877.2827,-1879.9993,3.636207,0.25144044,98.59812
2057,-1880.0247,-1880.0018,3.2726443,0.25412598,99.561264
2058,-1881.5309,-1880.1548,3.1557999,0.25344238,100.20399
2059,-1882.1078,-1880.3501,3.1834996,0.24829102,97.10188
2060,-1883.2915,-1880.6443,3.6438177,0.25410157,101.094215
2061,-1883.7046,-1880.9503,4.1223264,0.2519043,99.55216
2062,-1881.6804,-1881.0233,3.7580683,0.2565674,103.39727
2063,-1880.051,-1880.926,3.4673429,0.2531006,100.140175
2064,-1882.2112,-1881.0546,3.2692547,0.25390625,103.00004
2065,-1881.5199,-1881.1011,2.9618173,0.25856933,104.27541
2066,-1882.1938,-1881.2103,2.7731092,0.2508545,99.77596
2067,-1885.928,-1881.6821,4.4988594,0.25061035,99.32171
2068,-1887.868,-1882.3008,7.4928703,0.2540039,100.207146
2069,-1883.3818,-1882.4089,6.8487644,0.25056154,98.28676
2070,-1882.0835,-1882.3763,6.17342,0.2491211,102.96569
2071,-1881.7747,-1882.3162,5.58866,0.24853516,100.37144
2072,-1881.5715,-1882.2417,5.079696,0.25314942,101.0321
2073,-1880.5181,-1882.0693,4.8391085,0.25263673,101.1208
2074,-1880.8623,-1881.9486,4.4863205,0.25468752,98.83464
2075,-1881.6953,-1881.9233,4.0434628,0.25104982,98.961555
2076,-1882.8741,-1882.0184,3.7204792,0.25427246,99.44994
2077,-1878.7859,-1881.6952,4.288872,0.24978028,100.51648
2078,-1881.1063,-1881.6364,3.8911934,0.25012207,98.39775
2079,-1878.2292,-1881.2957,4.5468264,0.25253907,99.77818
2080,-1883.3047,-1881.4966,4.4554033,0.25419924,98.29375
2081,-1882.9138,-1881.6383,4.190633,0.25444338,97.093506
2082,-1884.1078,-1881.8853,4.3204203,0.25019532,97.6197
2083,-1883.8992,-1882.0867,4.253405,0.25759277,101.5465
2084,-1881.7734,-1882.0553,3.8368948,0.25629884,95.698555
2085,-1885.6562,-1882.4154,4.620222,0.25495607,97.403206
2086,-1883.702,-1882.5441,4.307185,0.24963379,98.13511
2087,-1884.2585,-1882.7156,4.1410155,0.25344238,97.57724
2088,-1885.8162,-1883.0256,4.5921407,0.25258788,94.39803
2089,-1883.3695,-1883.06,4.1435685,0.25170898,95.965195
2090,-1882.9592,-1883.0499,3.7301266,0.25161132,99.60072
2091,-1883.773,-1883.1222,3.4041624,0.2515625,95.23831
2092,-1885.3381,-1883.3438,3.505682,0.25217286,99.0255
2093,-1888.5815,-1883.8676,5.6242166,0.25441894,98.59581
2094,-1886.6113,-1884.142,5.7393417,0.2557129,98.05473
2095,-1885.259,-1884.2537,5.277713,0.25053713,95.188095
2096,-1881.8796,-1884.0162,5.25718,0.25004885,97.20779
2097,-1886.1812,-1884.2327,5.15328,0.25524902,98.065796
2098,-1886.2961,-1884.439,5.021166,0.25458986,100.32955
2099,-1887.2678,-1884.7218,5.2392683,0.25263673,97.26267
2100,-1886.0718,-1884.8568,4.87936,0.25104982,98.78554
2101,-1886.3318,-1885.0043,4.587224,0.2512451,99.977394
2102,-1885.2363,-1885.0275,4.133348,0.2539551,98.59427
2103,-1882.652,-1884.7899,4.227878,0.25458986,99.35183
2104,-1882.6385,-1884.5748,4.2216444,0.2536377,102.039635
2105,-1880.1426,-1884.1316,5.5675163,0.25549316,99.23827
2106,-1879.5698,-1883.6754,6.88364,0.25527343,102.70436
2107,-1882.3241,-1883.5403,6.359621,0.2506592,101.11592
2108,-1885.2158,-1883.7079,5.976327,0.25078127,99.321266
2109,-1886.4397,-1883.9811,6.050346,0.25131837,100.507545
2110,-1883.6836,-1883.9513,5.4532757,0.25214845,99.52008
2111,-1885.4176,-1884.0979,5.1014533,0.24973145,102.11075
2112,-1885.2825,-1884.2163,4.7175965,0.25307617,97.683846
2113,-1879.0697,-1883.7017,6.629717,0.25505373,98.16307
2114,-1881.5642,-1883.4879,6.377928,0.2543213,95.77739
2115,-1888.1353,-1883.9526,7.683933,0.2543213,99.79514
2116,-1887.5879,-1884.3162,8.104896,0.2531006,94.39166
2117,-1887.7999,-1884.6646,8.386702,0.25388184,97.06808
2118,-1884.1376,-1884.6118,7.573025,0.25668946,96.75077
2119,-1885.8518,-1884.7358,6.9541044,0.25302735,97.65133
2120,-1882.3992,-1884.5022,6.750096,0.25061035,98.04391
2121,-1884.3755,-1884.4895,6.076531,0.2477539,98.536705
2122,-1887.0006,-1884.7406,6.0363874,0.25334474,101.94907
2123,-1887.248,-1884.9913,5.9986043,0.2529541,99.08239
2124,-1885.5027,-1885.0425,5.422277,0.25644532,99.6199
2125,-1883.5361,-1884.8918,5.0842667,0.25148925,99.529495
2126,-1884.3818,-1884.8408,4.59925,0.25283203,99.01223
2127,-1883.5962,-1884.7163,4.2787437,0.25732422,98.14786
2128,-1883.7986,-1884.6245,3.926669,0.25019532,97.18426
2129,-1888.4606,-1885.008,4.8583837,0.25,95.024445
2130,-1888.7216,-1885.3794,5.613653,0.25266114,93.67768
2131,-1887.4836,-1885.5898,5.450795,0.2479248,98.38524
2132,-1893.4176,-1886.3726,10.420359,0.2560547,96.67024
2133,-1886.4618,-1886.3815,9.379039,0.25549316,98.67008
2134,-1890.9066,-1886.834,10.2840605,0.24865723,98.80536
2135,-1888.3335,-1886.9839,9.458022,0.25410157,96.17513
2136,-1892.01,-1887.4865,10.785791,0.2544922,96.508514
2137,-1890.2048,-1887.7583,10.372277,0.25495607,96.41073
2138,-1889.5201,-1887.9344,9.614417,0.25212404,97.00278
2139,-1893.2202,-1888.463,11.167515,0.2520752,99.59983
2140,-1890.4604,-1888.6627,10.409841,0.25686035,97.98749
2141,-1887.7354,-1888.57,9.446258,0.2532715,95.11059
2142,-1889.7375,-1888.6868,8.624329,0.25302735,97.458916
2143,-1886.7397,-1888.4921,8.103076,0.25717774,98.2288
2144,-1884.1738,-1888.0603,8.971014,0.25546876,99.36754
2145,-1883.3787,-1887.5922,10.046511,0.26062012,99.07475
2146,-1888.2141,-1887.6543,9.0766735,0.25620118,100.23048
2147,-1888.4548,-1887.7344,8.226684,0.2557373,103.24706
2148,-1886.2505,-1887.5859,7.6021876,0.25515136,98.813835
2149,-1884.2058,-1887.2479,7.870242,0.25437012,98.18389
2150,-1887.9402,-1887.3171,7.126348,0.25434572,100.26386
2151,-1886.1462,-1887.2001,6.537103,0.25561523,98.236305
2152,-1892.468,-1887.7268,8.381004,0.25493166,97.60838
2153,-1891.2146,-1888.0756,8.637727,0.2557129,96.21801
2154,-1892.163,-1888.4843,9.277571,0.2519043,99.81386
2155,-1893.3901,-1888.9749,10.515906,0.2515137,102.440475
2156,-1887.445,-1888.8219,9.674971,0.25043947,98.617424
2157,-1890.6149,-1889.0012,8.9968,0.25334474,97.87992
2158,-1888.0267,-1888.9038,8.182586,0.25212404,95.61952
2159,-1890.4062,-1889.0541,7.5674863,0.2527832,96.650566
2160,-1885.3286,-1888.6815,8.059855,0.25104982,99.97664
2161,-1887.6887,-1888.5823,7.3425784,0.25222167,97.662605
2162,-1888.811,-1888.6051,6.6130304,0.25222167,97.93045
2163,-1890.6604,-1888.8107,6.3319097,0.25334474,94.77446
2164,-1891.1633,-1889.0459,6.19687,0.2523926,97.532196
2165,-1887.7324,-1888.9146,5.7324524,0.25383303,95.910515
2166,-1890.3188,-1889.0549,5.3366914,0.25183105,99.205734
2167,-1887.6304,-1888.9125,4.9856653,0.25302735,96.24349
2168,-1887.5344,-1888.7747,4.658011,0.2557617,96.55065
2169,-1890.8076,-1888.9779,4.5641727,0.2560547,99.9714
2170,-1892.3401,-1889.3141,5.12514,0.25336915,99.20582
2171,-1891.1349,-1889.4962,4.9110045,0.2553955,96.626915
2172,-1888.7439,-1889.421,4.470843,0.2593262,99.83358
2173,-1889.4729,-1889.4263,4.0240006,0.2574463,97.69642
2174,-1888.2843,-1889.312,3.7389688,0.2522461,96.27506
2175,-1889.1647,-1889.2972,3.3670256,0.25007325,99.31304
2176,-1890.4192,-1889.4094,3.143612,0.25258788,97.02469
2177,-1889.5366,-1889.4221,2.8307068,0.2520996,95.59554
2178,-1886.1389,-1889.0938,3.517784,0.25268555,99.52208
2179,-1890.451,-1889.2295,3.3318093,0.25429687,99.78034
2180,-1894.7478,-1889.7814,5.739286,0.25234374,99.047066
2181,-1893.5221,-1890.1554,6.424728,0.25444338,95.12609
2182,-1890.7012,-1890.21,5.8090634,0.25515136,97.42799
2183,-1890.6396,-1890.2529,5.244774,0.25598145,97.809746
2184,-1890.9333,-1890.3209,4.761964,0.25390625,99.80219
2185,-1891.6375,-1890.4526,4.4417596,0.25410157,99.64645
2186,-1884.6548,-1889.8728,7.022941,0.2529297,94.801865
2187,-1890.3342,-1889.919,6.339809,0.24838868,98.51083
2188,-1890.627,-1889.9897,5.7509427,0.25493166,99.07368
2189,-1894.0728,-1890.3981,6.676234,0.25644532,98.7422
2190,-1891.5236,-1890.5106,6.1226153,0.25170898,96.518906
2191,-1891.59,-1890.6185,5.615203,0.2548096,97.512375
2192,-1890.6791,-1890.6246,5.0540123,0.25468752,95.665695
2193,-1890.2977,-1890.5919,4.558229,0.2532715,97.52993
2194,-1888.7542,-1890.4082,4.4063716,0.25268555,96.6478
2195,-1892.8174,-1890.6492,4.4881077,0.2560791,95.62769
2196,-1895.3767,-1891.122,6.050763,0.25688478,95.909584
2197,-1891.4819,-1891.158,5.45735,0.25578615,94.40221
2198,-1889.1995,-1890.9622,5.2568283,0.2540039,98.58708
2199,-1895.1968,-1891.3856,6.3450255,0.25686035,97.222755
2200,-1895.4102,-1891.7881,7.1682434,0.2540039,95.668205
2201,-1890.6082,-1891.67,6.5767207,0.25551757,96.01573
2202,-1895.4777,-1892.0508,7.223864,0.25649413,95.4651
2203,-1890.1404,-1891.8597,6.829944,0.2551758,96.5187
2204,-1890.1006,-1891.6838,6.425466,0.26035157,95.673485
2205,-1893.5417,-1891.8696,6.093584,0.252417,95.10039
2206,-1894.3549,-1892.1182,6.0400987,0.25422364,93.196
2207,-1895.7363,-1892.48,6.614289,0.2588379,96.75739
2208,-1895.1742,-1892.7494,6.6061506,0.25300294,94.64137
2209,-1890.6218,-1892.5366,6.3529224,0.25927734,98.3743
2210,-1896.3872,-1892.9216,7.052061,0.25195312,96.46037
2211,-1895.2603,-1893.1555,6.8390794,0.25505373,95.76066
2212,-1888.7637,-1892.7163,7.891119,0.25551757,95.76082
2213,-1895.3892,-1892.9836,7.7449794,0.25668946,95.5885
2214,-1892.1205,-1892.8973,7.037535,0.254541,93.023254
2215,-1890.3192,-1892.6395,6.9319873,0.2569092,95.70979
2216,-1890.3756,-1892.4131,6.700067,0.2563965,94.93792
2217,-1888.3424,-1892.006,7.521398,0.25139162,96.31063
2218,-1891.947,-1892.0001,6.769571,0.2524414,95.31276
2219,-1890.0459,-1891.8047,6.4363227,0.2557617,94.71366
2220,-1893.6538,-1891.9896,6.100423,0.25061035,93.286156
2221,-1893.2615,-1892.1168,5.635965,0.25263673,94.15756
2222,-1898.667,-1892.7719,8.933795,0.25354004,98.24346
2223,-1896.864,-1893.181,9.547537,0.25439453,110.81281
2224,-1878.9054,-1891.7534,26.934221,0.25402832,626.1512
2225,-1888.9298,-1891.4711,24.958347,0.25759277,120.680725
2226,-1886.2819,-1890.9521,24.886023,0.25749514,97.76722
2227,-1894.7522,-1891.3322,23.697052,0.2563965,95.39465
2228,-1895.0157,-1891.7006,22.548544,0.2527344,95.751335
2229,-1896.9098,-1892.2214,22.735933,0.25590822,95.52871
2230,-1893.4343,-1892.3428,20.594738,0.25236818,92.54397
2231,-1894.3534,-1892.5438,18.899097,0.25803223,97.84038
2232,-1894.447,-1892.7341,17.335182,0.25664064,98.161514
2233,-1894.0476,-1892.8655,15.756933,0.25251466,95.41377
2234,-1897.7148,-1893.3505,16.29771,0.25588378,95.323586
2235,-1894.7427,-1893.4897,14.8423815,0.25961915,95.611305
2236,-1895.239,-1893.6647,13.633537,0.25776368,96.2087
2237,-1895.4631,-1893.8445,12.561285,0.25495607,95.431915
2238,-1896.6792,-1894.1279,12.028362,0.2569092,97.85254
2239,-1898.5156,-1894.5667,12.558194,0.25527343,96.348885
2240,-1894.1477,-1894.5248,11.318171,0.2569336,94.82328
2241,-1892.4086,-1894.3131,10.589405,0.2545166,93.79057
2242,-1893.2227,-1894.2041,9.637483,0.25444338,99.90583
2243,-1895.27,-1894.3107,8.7759905,0.25671387,96.80268
2244,-1894.971,-1894.3767,7.9376287,0.25490722,95.34502
2245,-1894.3916,-1894.3782,7.143886,0.25751954,98.235275
2246,-1899.6051,-1894.9009,8.888368,0.25651857,97.56292
2247,-1892.8154,-1894.6924,8.390949,0.25126955,96.966446
2248,-1896.9174,-1894.9149,7.9974003,0.24865723,95.67533
2249,-1894.9879,-1894.9222,7.1981397,0.25505373,94.99397
2250,-1895.3044,-1894.9604,6.4914727,0.25920412,94.89025
2251,-1897.0276,-1895.1671,6.226901,0.25629884,93.81363
2252,-1892.9043,-1894.9408,6.0650415,0.25620118,95.92057
2253,-1897.9443,-1895.2412,6.27045,0.2508545,94.55368
2254,-1898.9354,-1895.6106,6.8716545,0.2565674,95.04629
2255,-1896.5745,-1895.707,6.2681026,0.25375977,95.84727
2256,-1893.5883,-1895.4951,6.045321,0.25466308,95.74406
2257,-1892.3047,-1895.176,6.3568845,0.25698242,96.58509
2258,-1895.0472,-1895.1631,5.7226887,0.25341797,93.99679
2259,-1893.7839,-1895.0251,5.3216047,0.25217286,96.09164
2260,-1892.4067,-1894.7633,5.4064894,0.25134277,95.496605
2261,-1896.6111,-1894.9481,5.1731257,0.25949708,95.386955
2262,-1895.3595,-1894.9893,4.671044,0.25166017,95.41475
2263,-1895.9631,-1895.0867,4.289299,0.25766602,93.77949
2264,-1893.1929,-1894.8973,4.1831517,0.2562256,95.231346
2265,-1891.8516,-1894.5928,4.5997443,0.2609375,93.80312
2266,-1894.4631,-1894.5798,4.1412826,0.2551758,95.04083
2267,-1897.7244,-1894.8943,4.617081,0.25549316,97.67226
2268,-1899.2454,-1895.3293,5.859239,0.24992676,95.8498
2269,-1895.8545,-1895.3818,5.2981353,0.2567627,94.86667
2270,-1895.3652,-1895.3801,4.7683463,0.25500488,94.2296
2271,-1893.5475,-1895.1969,4.5937834,0.25563964,97.88059
2272,-1892.9512,-1894.9723,4.588301,0.2506836,98.86134
2273,-1891.3928,-1894.6144,5.282604,0.255542,97.00593
2274,-1894.2214,-1894.5751,4.76824,0.25493166,99.4906
2275,-1896.9358,-1894.8112,4.7929845,0.25629884,95.18925
2276,-1897.3354,-1895.0636,4.8871703,0.25776368,93.57972
2277,-1899.0253,-1895.4597,5.8109875,0.25322267,91.488205
2278,-1899.3673,-1895.8505,6.6041236,0.25908205,95.19206
2279,-1901.9657,-1896.462,9.30936,0.253125,96.276184
2280,-1897.5024,-1896.566,8.475842,0.25371096,91.47131
2281,-1896.3433,-1896.5437,7.632725,0.2536621,95.645836
2282,-1900.2354,-1896.9128,8.095998,0.2538086,97.45326
2283,-1896.4987,-1896.8715,7.301837,0.25551757,95.3291
2284,-1898.5974,-1897.0441,6.839755,0.25461426,95.04738
2285,-1897.9734,-1897.137,6.2335067,0.25578615,93.03124
2286,-1898.4725,-1897.2705,5.770694,0.25515136,94.636055
2287,-1896.0862,-1897.1521,5.319861,0.25981447,94.31781
2288,-1894.835,-1896.9204,5.2710967,0.25634766,95.111916
2289,-1898.5483,-1897.0833,4.982501,0.25578615,93.671165
2290,-1895.9921,-1896.9741,4.5914125,0.25820312,94.32483
2291,-1899.9688,-1897.2736,4.939373,0.26071778,95.032524
2292,-1897.5587,-1897.3021,4.452754,0.2602539,93.637245
2293,-1899.9683,-1897.5687,4.647225,0.25437012,95.927505
2294,-1897.7561,-1897.5874,4.1856623,0.2563965,95.44159
2295,-1897.6714,-1897.5958,3.7677307,0.2574707,95.953766
2296,-1894.8314,-1897.3193,4.078731,0.25649413,95.39079
2297,-1898.9634,-1897.4838,3.914117,0.25524902,96.67747
2298,-1899.4508,-1897.6804,3.8709378,0.2539551,93.07088
2299,-1901.147,-1898.0271,4.565373,0.25651857,94.12278
2300,-1900.3489,-1898.2593,4.593994,0.2560791,93.86021
2301,-1899.5991,-1898.3933,4.296161,0.25532228,92.422935
2302,-1896.582,-1898.2122,4.161811,0.2556885,95.76603
2303,-1898.5876,-1898.2498,3.758319,0.25458986,92.10991
2304,-1897.4775,-1898.1725,3.4361556,0.2527832,95.02732
2305,-1895.9153,-1897.9468,3.5510864,0.25600585,94.39655
2306,-1900.2994,-1898.182,3.6941292,0.2567627,93.18296
2307,-1897.6919,-1898.133,3.346335,0.25583497,93.35889
2308,-1898.402,-1898.1599,3.0182102,0.25351563,96.664024
2309,-1900.1635,-1898.3602,3.0776646,0.25668946,97.45802
2310,-1895.5974,-1898.084,3.4568825,0.25161132,93.48155
2311,-1899.3345,-1898.209,3.251929,0.2572754,95.438095
2312,-1898.3157,-1898.2196,2.9277604,0.24958496,93.995316
2313,-1895.5173,-1897.9493,3.2921882,0.25620118,95.525314
2314,-1896.4668,-1897.801,3.1607835,0.24978028,91.290504
2315,-1899.1572,-1897.9366,3.0102406,0.2489502,92.5148
2316,-1902.2717,-1898.3701,4.4005814,0.25769043,96.476036
2317,-1900.6974,-1898.6028,4.44798,0.25144044,92.14202
2318,-1899.1091,-1898.6534,4.0262566,0.2539795,94.62143
2319,-1900.5869,-1898.8468,3.960079,0.25341797,92.91228
2320,-1899.0422,-1898.8663,3.5675085,0.25390625,92.02187
2321,-1899.2582,-1898.9055,3.2245765,0.25461426,91.139656
2322,-1900.1089,-1899.0259,3.0324476,0.25583497,92.204834
2323,-1902.196,-1899.3429,3.6336982,0.25739747,90.99982
2324,-1897.1562,-1899.1243,3.7006562,0.2523926,93.043564
2325,-1898.2798,-1899.0398,3.394774,0.25200197,92.09467
2326,-1898.0292,-1898.9387,3.1472185,0.2551758,92.909325
2327,-1896.8849,-1898.7334,3.2121372,0.25878906,90.29936
2328,-1897.9287,-1898.653,2.9492004,0.25617677,92.88919
2329,-1902.3105,-1899.0187,3.8582988,0.25551757,92.325165
2330,-1901.0028,-1899.217,3.8267787,0.2529541,94.63569
2331,-1900.4292,-1899.3383,3.5763402,0.25144044,92.124825
2332,-1902.4509,-1899.6495,4.090691,0.25720215,93.02029
2333,-1900.2566,-1899.7102,3.7147887,0.2569092,92.0087
2334,-1904.0793,-1900.1471,5.061355,0.25751954,95.718956
2335,-1902.3973,-1900.3721,5.0109434,0.26030275,93.80044
2336,-1900.291,-1900.364,4.5104403,0.2598877,94.82224
2337,-1900.8232,-1900.4099,4.0783763,0.25822756,93.24175
2338,-1897.1819,-1900.0872,4.608353,0.257251,93.70763
2339,-1900.8303,-1900.1615,4.197224,0.25803223,95.322586
2340,-1897.8413,-1899.9294,4.261997,0.25861818,92.62971
2341,-1896.6133,-1899.5978,4.8255215,0.25461426,94.60511
2342,-1896.897,-1899.3276,4.9994607,0.25017092,93.86416
2343,-1896.7772,-1899.0726,5.08493,0.2543213,92.435265
2344,-1898.6707,-1899.0325,4.5909796,0.26174316,93.24702
2345,-1894.3069,-1898.5599,6.141686,0.2557129,91.750435
2346,-1901.4451,-1898.8484,6.2766757,0.25541994,94.36144
2347,-1898.8315,-1898.8467,5.6490335,0.25585938,91.003044
2348,-1899.0719,-1898.8691,5.0886955,0.25913087,93.08869
2349,-1900.1309,-1898.9954,4.7231,0.25756836,94.01969
2350,-1901.199,-1899.2157,4.6878223,0.2583252,94.30076
2351,-1899.9801,-1899.2921,4.2716284,0.2623535,97.94684
2352,-1895.4891,-1898.9119,5.146104,0.25913087,96.263275
2353,-1898.8525,-1898.9059,4.63181,0.25708008,97.37604
2354,-1895.1204,-1898.5273,5.4583454,0.25529787,95.207
2355,-1899.0769,-1898.5823,4.9396925,0.25383303,95.9021
2356,-1901.9365,-1898.9177,5.4583116,0.2544678,93.0659
2357,-1901.1078,-1899.1367,5.3441544,0.25402832,93.08517
2358,-1899.6698,-1899.1901,4.8353148,0.25466308,96.71853
2359,-1903.1218,-1899.5833,5.7430716,0.25651857,99.07636
2360,-1898.2996,-1899.4548,5.317072,0.2590088,93.96134
2361,-1902.0935,-1899.7188,5.411998,0.2560303,95.298676
2362,-1901.6345,-1899.9103,5.201114,0.2524658,95.567726
2363,-1898.2612,-1899.7454,4.925745,0.2588379,93.2683
2364,-1900.8042,-1899.8512,4.534073,0.25874025,98.64109
2365,-1901.2225,-1899.9883,4.2499166,0.25786135,95.58496
2366,-1900.0468,-1899.9941,3.8252325,0.25874025,95.600075
2367,-1900.9349,-1900.0883,3.522368,0.25307617,95.84488
2368,-1898.7059,-1899.9501,3.342105,0.25512695,93.69736
2369,-1901.5046,-1900.1055,3.225395,0.2557129,94.696365
2370,-1901.3684,-1900.2318,3.0464067,0.25524902,92.26863
2371,-1902.5295,-1900.4615,3.2169263,0.25146484,92.28756
2372,-1899.9425,-1900.4097,2.91948,0.25170898,90.583855
2373,-1899.058,-1900.2745,2.7919667,0.2544678,93.04779
2374,-1900.2911,-1900.2762,2.5127947,0.25510255,92.44503
2375,-1900.355,-1900.2842,2.262073,0.25588378,91.82208
2376,-1898.2517,-1900.0809,2.40765,0.25590822,91.74372
2377,-1901.8579,-1900.2587,2.4510734,0.2581787,96.35094
2378,-1899.6777,-1900.2006,2.2363396,0.25270995,91.486465
2379,-1900.6791,-1900.2484,2.0333135,0.25468752,94.57307
2380,-1904.4382,-1900.6674,3.4098947,0.25385743,89.91718
2381,-1902.1267,-1900.8132,3.2605786,0.2540039,90.90242
2382,-1904.53,-1901.1849,4.1778326,0.25844726,91.8341
2383,-1902.4501,-1901.3114,3.9041007,0.25368652,93.36217
2384,-1902.877,-1901.468,3.734276,0.25683594,92.80531
2385,-1904.0066,-1901.7219,3.940841,0.25512695,94.66071
2386,-1901.0583,-1901.6555,3.5863864,0.2602051,94.08323
2387,-1903.0985,-1901.7998,3.4151483,0.2590088,92.527954
2388,-1900.4465,-1901.6644,3.2384543,0.25700685,91.88812
2389,-1899.5955,-1901.4575,3.2998662,0.25300294,92.16788
2390,-1901.9457,-1901.5063,2.9913263,0.25556642,93.566696
2391,-1902.303,-1901.586,2.7493095,0.2527344,96.04376
2392,-1899.2037,-1901.3478,2.9851706,0.25800782,92.452705
2393,-1903.5825,-1901.5713,3.1361196,0.2551758,91.64072
2394,-1899.4663,-1901.3608,3.2212925,0.25566408,91.041435
2395,-1900.0677,-1901.2316,3.0496507,0.25913087,91.14869
2396,-1902.0281,-1901.3113,2.801784,0.25522462,93.61571
2397,-1903.7368,-1901.5538,3.0510964,0.25500488,92.7347
2398,-1906.0676,-1902.0052,4.579677,0.25625,93.055984
2399,-1902.0645,-1902.0112,4.1220245,0.25681153,93.87054
2400,-1899.5427,-1901.7644,4.258239,0.25229493,90.59871
2401,-1900.6333,-1901.6512,3.9475605,0.25681153,91.56404
2402,-1906.2158,-1902.1077,5.4279857,0.2572998,91.405754
2403,-1905.046,-1902.4015,5.6622405,0.25314942,89.71445
2404,-1901.1921,-1902.2805,5.227644,0.25617677,93.61826
2405,-1900.835,-1902.136,4.8929467,0.25424805,92.91177
2406,-1902.7587,-1902.1982,4.4385476,0.25634766,93.36838
2407,-1900.7444,-1902.0529,4.1849256,0.2545166,91.929955
2408,-1902.8142,-1902.129,3.818602,0.25773928,94.06392
2409,-1906.1306,-1902.5292,4.8778844,0.25285646,92.49715
2410,-1903.0149,-1902.5778,4.411329,0.25441894,92.97662
2411,-1904.3655,-1902.7566,4.2578306,0.25683594,93.86836
2412,-1901.2369,-1902.6046,4.0398884,0.25336915,92.173515
2413,-1902.5768,-1902.6018,3.635969,0.2560791,92.86133
2414,-1906.0835,-1902.95,4.3633666,0.25949708,93.20564
2415,-1905.6338,-1903.2184,4.575299,0.25434572,93.23958
2416,-1905.5347,-1903.45,4.600634,0.25715333,93.701904
2417,-1906.7218,-1903.7771,5.1040215,0.25561523,93.67652
2418,-1905.422,-1903.9417,4.837131,0.25463867,96.19326
2419,-1904.0844,-1903.9559,4.355251,0.25673828,95.92115
2420,-1904.6715,-1904.0275,3.9658103,0.25671387,93.566154
2421,-1902.303,-1903.855,3.8368764,0.25588378,93.6751
2422,-1904.4308,-1903.9126,3.4830284,0.25300294,91.27301
2423,-1903.5903,-1903.8804,3.1440725,0.25253907,89.582825
2424,-1903.6108,-1903.8534,2.8362033,0.25874025,93.1396
2425,-1903.2,-1903.7881,2.5910118,0.25253907,95.01903
2426,-1904.5466,-1903.8639,2.3836956,0.253125,95.96781
2427,-1903.5774,-1903.8352,2.1527135,0.2541504,94.37813
2428,-1904.0967,-1903.8613,1.9435953,0.25673828,93.33176
2429,-1906.108,-1904.0859,2.203527,0.25634766,92.57652
2430,-1908.9891,-1904.5763,4.146896,0.2553955,93.561455
2431,-1907.1749,-1904.8362,4.3399663,0.25776368,95.08598
2432,-1903.2856,-1904.6812,4.1223445,0.2638916,92.14945
2433,-1904.4028,-1904.6533,3.7170815,0.25974122,92.90396
2434,-1902.6707,-1904.4551,3.69916,0.26132813,93.4419
2435,-1905.8828,-1904.5979,3.5127025,0.26040038,92.94557
2436,-1902.0875,-1904.3469,3.7286112,0.25563964,94.40177
2437,-1905.1533,-1904.4276,3.4142747,0.25837404,94.026794
2438,-1903.6431,-1904.3491,3.1282434,0.2617676,92.20384
2439,-1903.8154,-1904.2958,2.8410535,0.25876465,93.201904
2440,-1902.6151,-1904.1277,2.8111649,0.26193848,101.15308
2441,-1904.3413,-1904.149,2.5341556,0.2585205,125.28523
2442,-1902.4182,-1903.976,2.550361,0.25773928,96.98539
2443,-1901.5415,-1903.7325,2.8287132,0.25751954,119.86765
2444,-1904.6799,-1903.8273,2.6266208,0.2611328,93.13163
2445,-1904.4452,-1903.889,2.3983228,0.25700685,93.346695
2446,-1905.0323,-1904.0034,2.2761347,0.24985352,92.17255
2447,-1907.103,-1904.3134,2.9132032,0.2548828,90.44379
2448,-1905.5093,-1904.433,2.7506037,0.26118165,92.063194
2449,-1902.2678,-1904.2164,2.8974562,0.25541994,91.11297
2450,-1905.5912,-1904.3539,2.7778063,0.25429687,94.74702
2451,-1906.4296,-1904.5614,2.887787,0.2572754,95.65149
2452,-1906.3198,-1904.7373,2.8772929,0.25786135,93.03596
2453,-1905.138,-1904.7773,2.6040092,0.26044923,92.85379
2454,-1905.7843,-1904.878,2.434865,0.2618164,93.583176
2455,-1903.8054,-1904.7708,2.294927,0.25541994,93.62335
2456,-1909.185,-1905.2122,3.819183,0.25593263,91.51755
2457,-1902.3461,-1904.9255,4.1765666,0.2548584,93.38174
2458,-1902.8666,-1904.7196,4.140448,0.25769043,92.79775
2459,-1903.0779,-1904.5554,3.9689763,0.25324708,88.397095
2460,-1904.1837,-1904.5183,3.5845132,0.2552002,90.47457
2461,-1903.595,-1904.426,3.3027918,0.25390625,92.42788
2462,-1903.9633,-1904.3798,2.9917865,0.25822756,92.17463
2463,-1904.7405,-1904.4158,2.7043183,0.2619629,91.75154
2464,-1901.8727,-1904.1615,3.0159445,0.2581543,95.2052
2465,-1904.9966,-1904.245,2.7771127,0.2581543,95.38891
2466,-1904.7039,-1904.2909,2.5183513,0.25844726,90.711815
2467,-1903.4033,-1904.2021,2.337417,0.25893554,90.065285
2468,-1902.486,-1904.0305,2.3687518,0.25336915,90.86562
2469,-1904.0996,-1904.0375,2.132306,0.25583497,91.82208
2470,-1905.3165,-1904.1654,2.0663133,0.25668946,94.81456
2471,-1900.386,-1903.7875,3.1452425,0.2593506,92.615074
2472,-1906.3633,-1904.045,3.427848,0.2581299,95.645256
2473,-1905.3954,-1904.18,3.2491713,0.25825197,91.41079
2474,-1904.4409,-1904.2062,2.9303784,0.25876465,92.73665
2475,-1906.6599,-1904.4515,3.179214,0.2544678,92.22552
2476,-1908.0276,-1904.8091,4.0122247,0.25644532,92.075035
2477,-1905.7327,-1904.9015,3.687773,0.25427246,89.40463
2478,-1904.9885,-1904.9102,3.3196774,0.25808105,90.835144
2479,-1904.236,-1904.8428,3.0286179,0.25532228,89.12043
2480,-1905.5792,-1904.9164,2.7745683,0.2565674,87.29787
2481,-1907.6503,-1905.1898,3.1697836,0.25754395,90.852844
2482,-1907.937,-1905.4646,3.532041,0.26088867,90.86664
2483,-1906.2065,-1905.5388,3.22838,0.25227052,91.65353
2484,-1908.0099,-1905.7859,3.4550984,0.25664064,90.98048
2485,-1907.231,-1905.9304,3.2975285,0.25666505,89.72346
2486,-1906.9465,-1906.032,3.0606992,0.26035157,89.274666
2487,-1908.33,-1906.2617,3.2298906,0.25651857,89.723015
2488,-1907.864,-1906.422,3.1379628,0.2602051,89.33508
2489,-1907.7803,-1906.5579,2.9902086,0.25458986,90.37091
2490,-1908.3372,-1906.7358,2.9761186,0.25654298,90.714584
2491,-1905.8828,-1906.6505,2.7439957,0.26164553,90.36665
2492,-1905.979,-1906.5834,2.510179,0.2602051,90.11035
2493,-1905.8549,-1906.5105,2.3069272,0.25632325,93.14547
2494,-1907.0314,-1906.5626,2.1006525,0.25434572,90.34436
2495,-1902.4275,-1906.1492,3.4295256,0.2581299,89.01096
2496,-1903.8586,-1905.9202,3.5587595,0.26125488,90.58794
2497,-1906.5046,-1905.9786,3.2336283,0.2560547,91.6229
2498,-1907.0718,-1906.0879,3.0178113,0.2590576,91.2773
2499,-1905.5225,-1906.0314,2.744804,0.25961915,90.849075
2500,-1909.0643,-1906.3347,3.2982192,0.25917968,92.615135
2501,-1908.8419,-1906.5854,3.534143,0.25688478,92.18953
2502,-1906.9863,-1906.6255,3.1951919,0.26083985,89.20973
2503,-1906.5374,-1906.6167,2.8763716,0.25974122,94.90954
2504,-1907.4246,-1906.6975,2.647472,0.25588378,90.787895
2505,-1905.963,-1906.624,2.4312785,0.2602051,90.09543
2506,-1907.8022,-1906.7418,2.3130894,0.25654298,88.71836
2507,-1907.0797,-1906.7756,2.0920556,0.26042482,91.77112
2508,-1907.5813,-1906.8562,1.9412684,0.25627443,90.31566
2509,-1907.5376,-1906.9243,1.7889286,0.2607422,89.00294
2510,-1905.8236,-1906.8142,1.719076,0.25808105,87.98326
2511,-1908.0306,-1906.9358,1.6803417,0.25688478,89.42912
2512,-1909.6025,-1907.2025,2.1523466,0.25800782,92.84091
2513,-1908.2175,-1907.304,2.0298347,0.25339356,91.18139
2514,-1910.0807,-1907.5817,2.5207734,0.2566162,92.711655
2515,-1908.4777,-1907.6713,2.3409488,0.2581787,92.08087
2516,-1905.0566,-1907.4098,2.7221172,0.25473633,92.51174
2517,-1909.9001,-1907.6588,3.008074,0.2619629,92.948166
2518,-1907.3292,-1907.6259,2.7170434,0.26171875,91.56585
2519,-1906.9907,-1907.5624,2.4816444,0.2565918,90.74623
2520,-1906.6697,-1907.4731,2.3052022,0.25715333,93.54819
2521,-1909.981,-1907.7239,2.6407032,0.25944826,89.33267
2522,-1909.6719,-1907.9187,2.7181554,0.25915527,92.26789
2523,-1905.5076,-1907.6776,2.9695601,0.2533203,91.27941
2524,-1906.1437,-1907.5242,2.8843703,0.25595704,89.57099
2525,-1907.5764,-1907.5294,2.596179,0.2574463,91.95507
2526,-1906.366,-1907.4131,2.458387,0.26149902,93.60663
2527,-1906.1974,-1907.2915,2.3455613,0.2588379,93.070724
2528,-1910.5347,-1907.6158,3.0576353,0.25551757,91.81523
2529,-1909.6493,-1907.8192,3.1240134,0.26081544,91.16191
2530,-1908.7974,-1907.917,2.8977218,0.2598633,91.547226
2531,-1910.611,-1908.1864,3.2611222,0.25393066,89.391556
2532,-1906.0789,-1907.9756,3.3347666,0.26064453,90.09391
2533,-1904.5547,-1907.6335,4.0545187,0.25336915,90.62058
2534,-1906.5178,-1907.522,3.761102,0.25793457,91.33078
2535,-1909.132,-1907.683,3.6182764,0.25773928,95.14212
2536,-1910.7609,-1907.9907,4.1090503,0.25700685,91.89539
2537,-1908.5227,-1908.044,3.723616,0.25769043,89.203766
2538,-1911.9922,-1908.4387,4.7542295,0.25561523,90.3079
2539,-1904.4089,-1908.0358,5.740331,0.2576416,90.60704
2540,-1909.2075,-1908.153,5.2898684,0.2581787,89.373695
2541,-1908.7128,-1908.209,4.789087,0.2557373,91.058975
2542,-1912.4812,-1908.6362,5.952843,0.2569092,92.22606
2543,-1910.3647,-1908.8091,5.6264577,0.25859377,89.65422
2544,-1908.2754,-1908.7557,5.089446,0.25561523,91.63904
2545,-1909.9338,-1908.8735,4.7054143,0.25705567,90.02204
2546,-1909.3721,-1908.9233,4.2572412,0.25891113,87.871315
2547,-1908.0547,-1908.8364,3.8994272,0.2557617,89.5599
2548,-1914.8546,-1909.4382,6.769158,0.26079103,91.22981
2549,-1913.2065,-1909.8151,7.370257,0.2563965,89.79158
2550,-1910.1387,-1909.8474,6.6426563,0.2551758,92.17557
2551,-1907.4613,-1909.6088,6.4908066,0.2517334,91.15067
2552,-1912.2734,-1909.8752,6.480769,0.2574463,87.62087
2553,-1911.4846,-1910.0361,6.0658,0.2578369,89.692856
2554,-1914.47,-1910.4795,7.2285233,0.25908205,88.08452
2555,-1911.1492,-1910.5465,6.546033,0.2607422,90.02444
2556,-1909.849,-1910.4768,5.9352164,0.25776368,87.127075
2557,-1911.1871,-1910.5479,5.3871055,0.2614746,88.566124
2558,-1911.4487,-1910.638,4.9214373,0.25566408,90.25875
2559,-1911.3835,-1910.7125,4.4793267,0.2593994,91.31948
2560,-1914.2544,-1911.0667,5.16043,0.25976562,92.766846
2561,-1916.665,-1911.6265,7.465163,0.25966796,92.23906
2562,-1912.2727,-1911.691,6.756233,0.26013184,92.1268
2563,-1909.0575,-1911.4277,6.70481,0.25878906,90.31189
2564,-1913.6241,-1911.6473,6.468509,0.26381835,92.777596
2565,-1910.4836,-1911.531,5.9435353,0.25754395,91.94481
2566,-1908.8823,-1911.2661,5.980578,0.2581787,90.796616
2567,-1910.4294,-1911.1825,5.4455214,0.26035157,91.10028
2568,-1908.4263,-1910.9069,5.584679,0.2581055,91.16624
2569,-1908.5317,-1910.6693,5.53392,0.263501,89.04988
2570,-1907.4141,-1910.3438,5.934226,0.26032716,88.871
2571,-1910.7584,-1910.3853,5.356279,0.25703126,91.97932
2572,-1912.3335,-1910.5801,5.162259,0.26137695,91.228775
2573,-1912.4097,-1910.7631,4.947299,0.26069337,88.14755
2574,-1911.4094,-1910.8276,4.4901695,0.25637206,89.3365
2575,-1909.4727,-1910.6921,4.20639,0.25632325,88.52837
2576,-1911.8137,-1910.8043,3.8989658,0.263208,92.330864
2577,-1911.7078,-1910.8947,3.582528,0.2593506,91.27411
2578,-1910.1041,-1910.8156,3.2805192,0.25959474,89.905876
2579,-1910.7657,-1910.8105,2.9526904,0.2590088,92.706635
2580,-1910.894,-1910.8188,2.6580486,0.2564209,91.560646
2581,-1913.4788,-1911.0848,3.0290058,0.25964355,91.41071
2582,-1910.6876,-1911.0452,2.7403054,0.25859377,91.29587
2583,-1909.2191,-1910.8625,2.766376,0.25671387,93.13462
2584,-1909.5541,-1910.7317,2.6438272,0.25578615,90.90697
2585,-1907.1742,-1910.376,3.5184639,0.2600586,92.09196
2586,-1911.4751,-1910.4858,3.2753434,0.2581543,93.284424
2587,-1907.1678,-1910.154,3.938626,0.25998536,91.0527
2588,-1909.725,-1910.1111,3.561333,0.2552002,89.57865
2589,-1911.6826,-1910.2682,3.427474,0.25788575,89.014885
2590,-1912.1555,-1910.4569,3.4053075,0.25617677,92.00761
2591,-1913.4199,-1910.7532,3.8549266,0.2574463,91.36847
2592,-1913.77,-1911.0548,4.288556,0.25717774,91.718475
2593,-1910.3665,-1910.986,3.9023454,0.26081544,88.667336
2594,-1910.739,-1910.9613,3.5175993,0.25720215,89.47349
2595,-1909.186,-1910.7838,3.4494815,0.26037598,93.43818
2596,-1912.7583,-1910.9812,3.4554071,0.25583497,94.028854
2597,-1910.7471,-1910.9578,3.1148,0.2550293,89.873764
2598,-1908.9346,-1910.7555,3.171718,0.2581055,91.143654
2599,-1908.9148,-1910.5714,3.1594813,0.25654298,89.358444
2600,-1906.7983,-1910.1941,4.124779,0.26220703,88.279434
2601,-1909.5054,-1910.1252,3.7549918,0.2593994,92.07906
2602,-1909.4415,-1910.0569,3.4215646,0.2596924,89.23241
2603,-1910.1821,-1910.0695,3.0808198,0.2599121,88.44843
2604,-1910.0269,-1910.0652,2.772901,0.25961915,90.74085
2605,-1910.004,-1910.0591,2.4959476,0.25827637,90.303604
2606,-1912.6489,-1910.3181,2.850009,0.26120606,91.083954
2607,-1910.4642,-1910.3328,2.5669296,0.2584717,88.28059
2608,-1912.7876,-1910.5782,2.8525953,0.25515136,89.82718
2609,-1913.4124,-1910.8617,3.29023,0.25541994,94.23572
2610,-1912.1318,-1910.9888,3.1064003,0.25373536,92.18684
2611,-1909.9609,-1910.886,2.8908398,0.2588379,91.988434
2612,-1911.2915,-1910.9265,2.6165557,0.25759277,92.0164
2613,-1914.6267,-1911.2965,3.58713,0.25583497,89.91801
2614,-1911.737,-1911.3406,3.245885,0.2602539,91.37769
2615,-1912.9849,-1911.505,3.1646276,0.25927734,91.80903
2616,-1914.1631,-1911.7708,3.4840503,0.25527343,88.88612
2617,-1911.5203,-1911.7457,3.141292,0.25629884,88.88415
2618,-1910.4797,-1911.6191,2.9714088,0.2544922,89.39127
2619,-1913.0952,-1911.7667,2.8703594,0.2614502,91.29943
2620,-1910.509,-1911.641,2.7256842,0.2589844,88.65935
2621,-1911.5457,-1911.6315,2.4539337,0.2565918,88.86555
2622,-1910.801,-1911.5485,2.2706077,0.25803223,87.56985
2623,-1913.87,-1911.7806,2.5286033,0.25546876,89.36217
2624,-1912.8079,-1911.8833,2.3707094,0.25739747,87.614426
2625,-1914.6748,-1912.1625,2.8349628,0.25617677,87.53547
2626,-1916.2703,-1912.5732,4.0701194,0.26081544,86.12929
2627,-1911.7064,-1912.4866,3.7307317,0.25620118,87.75306
2628,-1916.3768,-1912.8756,4.7197285,0.25771484,89.805626
2629,-1911.5364,-1912.7417,4.409175,0.25803223,92.22571
2630,-1913.4062,-1912.8081,4.0080037,0.259375,90.57753
2631,-1911.2098,-1912.6483,3.837104,0.25981447,88.65177
2632,-1911.7831,-1912.5618,3.5207703,0.25698242,88.768295
2633,-1911.4703,-1912.4526,3.275903,0.25979003,95.144966
2634,-1911.1559,-1912.323,3.0996537,0.25949708,93.29189
2635,-1913.656,-1912.4563,2.9496102,0.2540039,87.359665
2636,-1911.5668,-1912.3673,2.7258623,0.2564209,89.271355
2637,-1914.7383,-1912.6044,2.9592116,0.26193848,90.94477
2638,-1914.3457,-1912.7786,2.936192,0.25827637,84.906525
2639,-1913.5438,-1912.8551,2.6952786,0.25541994,89.58148
2640,-1913.2969,-1912.8993,2.4433153,0.2567627,88.66716
2641,-1914.8682,-1913.0962,2.547865,0.2578125,89.27079
2642,-1915.3479,-1913.3214,2.7493956,0.25646973,87.93167
2643,-1913.8944,-1913.3787,2.5040054,0.25595704,88.98001
2644,-1912.9783,-1913.3386,2.268033,0.25798342,90.6037
2645,-1910.6858,-1913.0734,2.6746063,0.26450196,91.35426
2646,-1911.0518,-1912.8712,2.774966,0.25996095,91.60724
2647,-1910.6556,-1912.6497,2.9392593,0.2626221,90.47814
2648,-1915.7181,-1912.9565,3.4927354,0.26062012,93.369
2649,-1915.9457,-1913.2555,3.9476056,0.25583497,87.98517
2650,-1914.5531,-1913.3853,3.7043855,0.2599121,89.5261
2651,-1914.8997,-1913.5367,3.5403547,0.25925294,90.914856
2652,-1911.2014,-1913.3032,3.677157,0.25585938,100.40916
2653,-1911.3203,-1913.105,3.663315,0.25996095,87.879524
2654,-1906.919,-1912.4863,6.741016,0.25600585,90.581924
2655,-1908.3451,-1912.0723,7.6103992,0.258667,92.26248
2656,-1909.478,-1911.8129,7.4550653,0.2567627,91.99729
2657,-1909.3059,-1911.5621,7.275194,0.258667,89.023674
2658,-1913.7037,-1911.7762,6.960456,0.257251,88.99849
2659,-1912.6907,-1911.8677,6.3396664,0.25671387,91.03058
2660,-1911.7986,-1911.8607,5.706129,0.25563964,87.160866
2661,-1912.3679,-1911.9114,5.158669,0.25407717,91.836975
2662,-1912.7877,-1911.999,4.71192,0.2532715,89.067375
2663,-1915.1411,-1912.3132,5.129273,0.26118165,92.49453
2664,-1915.6298,-1912.6449,5.606288,0.26032716,88.415146
2665,-1913.5249,-1912.7329,5.1153555,0.25671387,92.6038
2666,-1913.6198,-1912.8215,4.6746035,0.25717774,90.77065
2667,-1918.0847,-1913.3479,6.700242,0.26000977,91.73104
2668,-1913.835,-1913.3966,6.051568,0.25788575,89.247345
2669,-1911.0343,-1913.1604,5.9486547,0.25927734,88.076035
2670,-1916.5913,-1913.5035,6.413191,0.26135254,87.18953
2671,-1915.0654,-1913.6597,5.9914265,0.26115724,89.13635
2672,-1912.9714,-1913.5908,5.4349136,0.2614258,90.019325
2673,-1913.8005,-1913.6118,4.8953805,0.26140139,89.95733
2674,-1916.8876,-1913.9395,5.3715944,0.25964355,90.21434
2675,-1911.7511,-1913.7206,5.265435,0.2638672,91.62599
2676,-1912.0651,-1913.555,4.985558,0.26237795,89.11538
2677,-1914.629,-1913.6625,4.59081,0.2583252,89.40034
2678,-1916.7356,-1913.9697,4.9816947,0.2617676,89.09784
2679,-1912.0165,-1913.7744,4.826891,0.25998536,88.902695
2680,-1909.541,-1913.3511,5.9571514,0.26191407,88.80611
2681,-1911.0212,-1913.118,5.8499675,0.26003417,86.64557
2682,-1915.0349,-1913.3097,5.595666,0.2614746,90.06661
2683,-1916.1721,-1913.596,5.7735133,0.26049805,88.84921
2684,-1912.2307,-1913.4595,5.3639097,0.26306152,88.42096
2685,-1915.3457,-1913.6481,5.1477265,0.26079103,86.89781
2686,-1910.5302,-1913.3363,5.507882,0.26135254,89.8277
2687,-1913.5123,-1913.3539,4.9598823,0.25952148,89.17913
2688,-1914.2996,-1913.4485,4.5443816,0.26086426,92.89762
2689,-1913.944,-1913.498,4.1120386,0.25795898,91.59586
2690,-1910.1558,-1913.1638,4.706213,0.26120606,89.0275
2691,-1913.4363,-1913.191,4.242273,0.25976562,91.38916
2692,-1910.8881,-1912.9607,4.2953796,0.2581055,90.72028
2693,-1916.084,-1913.2731,4.743787,0.25512695,92.428116
2694,-1913.3494,-1913.2808,4.269932,0.2626953,88.35272
2695,-1911.2196,-1913.0747,4.2252917,0.26201174,92.40656
2696,-1914.4573,-1913.213,3.9747972,0.26103517,89.584496
2697,-1915.2256,-1913.4143,3.941858,0.2553955,87.21459
2698,-1912.3882,-1913.3116,3.6424358,0.25959474,90.305824
2699,-1913.077,-1913.2882,3.2831464,0.25837404,88.73734
2700,-1911.3677,-1913.0962,3.2867918,0.26062012,87.26179
2701,-1911.7705,-1912.9636,3.1162817,0.25771484,92.12037
2702,-1913.3273,-1913.0,2.816555,0.25529787,90.64251
2703,-1914.7197,-1913.172,2.8010707,0.25825197,87.72612
2704,-1918.6721,-1913.722,5.2435846,0.26208496,91.50702
2705,-1915.674,-1913.9172,5.0621195,0.2593506,88.2094
2706,-1916.0289,-1914.1284,4.95724,0.25942382,92.35862
2707,-1913.529,-1914.0685,4.4938474,0.2609375,88.49327
2708,-1912.5237,-1913.9141,4.259239,0.25458986,86.29295
2709,-1918.062,-1914.3289,5.3818083,0.25837404,89.67052
2710,-1918.415,-1914.7374,6.346347,0.25947267,89.305695
2711,-1916.3718,-1914.9009,5.9521255,0.26208496,87.067184
2712,-1917.0149,-1915.1123,5.759128,0.26418456,86.467094
2713,-1920.0643,-1915.6075,7.390246,0.25566408,86.76161
2714,-1917.9207,-1915.8389,7.1327643,0.2586914,88.59038
2715,-1918.0027,-1916.0553,6.840878,0.2569336,84.99846
2716,-1914.2361,-1915.8734,6.4546485,0.2584961,88.07127
2717,-1912.3292,-1915.519,6.9396987,0.25820312,88.66442
2718,-1917.0875,-1915.6759,6.4671407,0.26191407,88.56956
2719,-1913.5217,-1915.4604,6.2380686,0.25837404,89.61288
2720,-1914.3436,-1915.3488,5.7265177,0.26135254,86.10564
2721,-1918.5059,-1915.6644,6.0509233,0.25786135,85.29348
2722,-1917.0345,-1915.8014,5.614781,0.25981447,88.740654
2723,-1916.8945,-1915.9106,5.1608486,0.2593262,88.04267
2724,-1913.457,-1915.6653,5.186583,0.2586914,88.48752
2725,-1915.9565,-1915.6945,4.6755595,0.26032716,87.229294
2726,-1913.9165,-1915.5166,4.492504,0.25859377,86.428566
2727,-1917.2498,-1915.69,4.313598,0.25917968,88.75029
2728,-1915.6694,-1915.6879,3.882276,0.26311037,87.701096
2729,-1914.7991,-1915.599,3.5651443,0.25874025,88.778015
2730,-1917.3462,-1915.7737,3.483371,0.25742188,88.84069
2731,-1915.4115,-1915.7374,3.1468396,0.26425782,87.61622
2732,-1912.6719,-1915.4309,3.6779401,0.2571045,88.10062
2733,-1913.4321,-1915.2311,3.6697068,0.25649413,88.637505
2734,-1919.6869,-1915.6766,5.089618,0.25720215,86.00199
2735,-1913.3152,-1915.4404,5.0825367,0.26206055,89.420654
2736,-1916.3779,-1915.5342,4.6533847,0.25734863,89.36484
2737,-1918.1343,-1915.7942,4.7964916,0.26096192,87.76729
2738,-1915.7179,-1915.7866,4.317366,0.25834963,88.426735
2739,-1915.9119,-1915.7992,3.8870413,0.25678712,89.89336
2740,-1916.2748,-1915.8468,3.5186937,0.25666505,89.2537
2741,-1915.2625,-1915.7883,3.197556,0.2566162,88.060104
2742,-1915.0198,-1915.7114,2.9309614,0.25759277,89.81701
2743,-1916.5472,-1915.795,2.700738,0.2596924,86.20355
2744,-1913.9775,-1915.6133,2.7279632,0.25493166,87.61517
2745,-1915.9749,-1915.6494,2.466933,0.25927734,88.49696
2746,-1915.1448,-1915.599,2.243159,0.25874025,90.05609
2747,-1917.0703,-1915.7461,2.213672,0.26064453,89.348976
2748,-1915.4937,-1915.7208,1.9980401,0.2602783,88.35062
2749,-1916.3494,-1915.7837,1.8337917,0.25749514,90.54874
2750,-1916.3938,-1915.8447,1.6839134,0.25720215,86.49309
2751,-1914.2139,-1915.6816,1.7548952,0.25732422,87.230446
2752,-1916.9845,-1915.8119,1.7321749,0.25979003,87.24209
2753,-1913.0415,-1915.5349,2.2497108,0.2605469,86.91838
2754,-1915.796,-1915.561,2.0308757,0.26306152,89.09706
2755,-1916.5166,-1915.6566,1.9099678,0.26013184,87.057846
2756,-1916.7357,-1915.7645,1.8237724,0.2614258,89.79892
2757,-1921.0312,-1916.2913,4.1378493,0.26000977,87.09658
2758,-1920.5171,-1916.7139,5.331252,0.26086426,87.00886
2759,-1918.0862,-1916.8511,4.9676194,0.26215822,87.75351
2760,-1915.9377,-1916.7598,4.5459332,0.2647217,89.65349
2761,-1917.3271,-1916.8165,4.1203127,0.26188967,88.36332
2762,-1911.5507,-1916.2899,6.203925,0.26184082,87.87623
2763,-1909.7125,-1915.6322,9.47712,0.25786135,87.52139
2764,-1913.9987,-1915.4689,8.76957,0.25673828,89.41873
2765,-1917.2598,-1915.648,8.181271,0.25490722,88.41753
2766,-1919.269,-1916.01,8.543252,0.2599121,87.57413
2767,-1916.2103,-1916.03,7.6925383,0.26037598,90.37414
2768,-1916.7295,-1916.1,6.9673166,0.25617677,90.524
2769,-1913.6346,-1915.8534,6.817592,0.25942382,87.10846
2770,-1916.7036,-1915.9385,6.2008915,0.26042482,89.58497
2771,-1917.1553,-1916.0602,5.7140555,0.255542,87.228935
2772,-1916.801,-1916.1343,5.192046,0.26062012,84.61822
2773,-1920.2192,-1916.5427,6.174663,0.25563964,84.72638
2774,-1922.8914,-1917.1776,9.184659,0.25864258,85.22144
2775,-1920.9103,-1917.5509,9.520144,0.2566162,87.47397
2776,-1916.9736,-1917.4932,8.598122,0.25876465,86.443726
2777,-1917.0317,-1917.447,7.757472,0.25834963,86.6499
2778,-1917.8086,-1917.4832,6.9934907,0.25756836,89.17382
2779,-1916.854,-1917.4203,6.3297663,0.25468752,86.75597
2780,-1918.4302,-1917.5212,5.788578,0.2593994,90.282936
2781,-1917.36,-1917.5051,5.2120605,0.25793457,89.93819
2782,-1919.3396,-1917.6886,4.9937305,0.25495607,88.47276
2783,-1918.8875,-1917.8085,4.6237097,0.25651857,86.88307
2784,-1920.6101,-1918.0886,4.8677635,0.2564209,86.763245
2785,-1915.6188,-1917.8417,4.930001,0.25737306,88.15872
2786,-1917.0842,-1917.7659,4.488636,0.26086426,91.21974
2787,-1914.0615,-1917.3954,5.2747684,0.25732422,86.885315
2788,-1915.9747,-1917.2533,4.928935,0.2576416,88.94438
2789,-1914.6692,-1916.9949,5.0370264,0.26096192,89.50275
2790,-1918.4634,-1917.1417,4.7274094,0.26166993,86.973175
2791,-1913.5243,-1916.78,5.4323916,0.257251,90.45469
2792,-1914.6991,-1916.5719,5.2788777,0.264209,88.97061
2793,-1917.1909,-1916.6338,4.7854767,0.2599121,90.37447
2794,-1918.6213,-1916.8325,4.662461,0.26125488,87.21447
2795,-1917.0837,-1916.8577,4.2018948,0.26289064,86.57173
2796,-1914.3011,-1916.602,4.369926,0.26154786,85.93739
2797,-1919.4591,-1916.8877,4.667582,0.2602051,89.16807
2798,-1916.4695,-1916.8458,4.216565,0.25766602,89.92117
2799,-1919.9841,-1917.1597,4.681315,0.26730958,88.72043
2800,-1919.7671,-1917.4204,4.825062,0.25947267,87.7251
2801,-1917.4607,-1917.4244,4.3427014,0.25915527,86.435196
2802,-1917.71,-1917.453,3.9157684,0.26398927,84.74786
2803,-1912.3801,-1916.9457,5.840258,0.26123047,86.540085
2804,-1914.7803,-1916.7291,5.6782403,0.25961915,86.31305
2805,-1917.1803,-1916.7743,5.1287365,0.26296386,88.928246
2806,-1920.0319,-1917.1001,5.5709205,0.25620118,86.669655
2807,-1918.92,-1917.2821,5.311927,0.2581055,85.508675
2808,-1912.7598,-1916.8298,6.621373,0.26003417,85.89544
2809,-1915.5975,-1916.7065,6.0959063,0.25881347,90.16672
2810,-1915.0273,-1916.5386,5.7400894,0.2593262,88.625854
2811,-1918.8845,-1916.7732,5.6613927,0.2581787,89.40006
2812,-1917.3528,-1916.8312,5.1254864,0.25493166,87.53735
2813,-1920.9927,-1917.2473,6.1715646,0.26105958,84.897064
2814,-1916.2935,-1917.152,5.636294,0.2569336,89.488014
2815,-1914.3733,-1916.8741,5.7675633,0.25839844,100.489845
2816,-1916.373,-1916.824,5.2134056,0.2566162,104.04212
2817,-1921.6671,-1917.3083,6.803105,0.25708008,92.69046
2818,-1919.0139,-1917.4789,6.3846006,0.25715333,85.311584
2819,-1918.9346,-1917.6245,5.9368534,0.25856933,83.76307
2820,-1919.0797,-1917.77,5.5337524,0.2583252,88.916176
2821,-1917.7285,-1917.7659,4.980532,0.25756836,87.632385
2822,-1914.6816,-1917.4574,5.338601,0.26184082,90.41099
2823,-1919.5896,-1917.6707,5.2139063,0.2612793,87.70145
2824,-1920.7325,-1917.9768,5.5362806,0.26000977,90.352806
2825,-1918.1223,-1917.9913,4.984558,0.25720215,87.87501
2826,-1919.4575,-1918.138,4.6795754,0.25922853,84.524925
2827,-1922.5862,-1918.5828,5.992435,0.26015624,86.804306
2828,-1919.8463,-1918.7091,5.536882,0.2621338,87.622955
2829,-1923.158,-1919.154,6.7644997,0.25834963,89.87122
2830,-1918.3889,-1919.0775,6.1407385,0.25895998,87.24727
2831,-1917.9219,-1918.9619,5.6468596,0.26188967,85.644745
2832,-1918.1758,-1918.8833,5.137794,0.25808105,85.89105
2833,-1920.5161,-1919.0466,4.8639617,0.25654298,85.04378
2834,-1917.8235,-1918.9243,4.5122128,0.25820312,87.05245
2835,-1917.9778,-1918.8297,4.1416245,0.26345214,89.28167
2836,-1919.7903,-1918.9258,3.810505,0.2571045,87.548996
2837,-1918.4329,-1918.8765,3.4513216,0.25961915,85.49183
2838,-1919.727,-1918.9615,3.171304,0.25742188,85.735634
2839,-1919.6418,-1919.0295,2.895826,0.26120606,85.75599
2840,-1921.1077,-1919.2373,2.9949179,0.26069337,88.97385
2841,-1921.4229,-1919.4558,3.1253214,0.2565674,90.127914
2842,-1918.4148,-1919.3517,2.9103234,0.26203614,86.62815
2843,-1918.5576,-1919.2722,2.67604,0.25737306,85.728546
2844,-1919.8032,-1919.3253,2.433813,0.25561523,87.94838
2845,-1919.7429,-1919.3671,2.206127,0.26215822,89.26404
2846,-1918.9575,-1919.3262,2.0006096,0.26035157,86.74998
2847,-1920.951,-1919.4886,2.0381691,0.2564209,87.407074
2848,-1918.6375,-1919.4036,1.8995603,0.25732422,87.71922
2849,-1920.2039,-1919.4836,1.7672465,0.25949708,84.49103
2850,-1921.0651,-1919.6418,1.8156021,0.25229493,84.4616
2851,-1922.5447,-1919.9321,2.392421,0.25830078,89.769
2852,-1921.627,-1920.1016,2.4116974,0.2602051,87.221306
2853,-1921.9849,-1920.2899,2.4897416,0.26062012,88.13104
2854,-1922.6993,-1920.5309,2.7632463,0.2597168,91.08561
2855,-1920.9788,-1920.5757,2.504975,0.26374513,88.09712
2856,-1921.901,-1920.7083,2.4125595,0.25751954,91.633804
2857,-1922.2737,-1920.8647,2.391855,0.2585205,89.29109
2858,-1919.9114,-1920.7694,2.2344716,0.254541,86.94626
2859,-1917.6777,-1920.4602,2.8712852,0.26132813,89.42425
2860,-1915.9922,-1920.0134,4.3808427,0.26013184,92.53906
2861,-1918.9053,-1919.9026,4.053279,0.26237795,89.38876
2862,-1919.1298,-1919.8253,3.7017045,0.25959474,86.54171
2863,-1918.2975,-1919.6725,3.5416183,0.26037598,85.26464
2864,-1917.3083,-1919.436,3.6904788,0.2584717,88.40684
2865,-1917.8287,-1919.2753,3.553938,0.25720215,88.06236
2866,-1917.8529,-1919.133,3.3806245,0.2642334,88.15183
2867,-1919.9944,-1919.2192,3.1093318,0.2600586,91.82327
2868,-1921.5056,-1919.4479,3.2688754,0.26149902,90.05893
2869,-1922.9287,-1919.7959,4.032447,0.26369628,88.3888
2870,-1922.7429,-1920.0906,4.410846,0.26096192,85.474075
2871,-1921.3577,-1920.2173,4.114258,0.26064453,87.95769
2872,-1923.9397,-1920.5895,4.949904,0.2571045,88.93738
2873,-1922.0297,-1920.7335,4.641586,0.2621338,87.109436
2874,-1918.4503,-1920.5052,4.646599,0.26201174,89.631
2875,-1920.8787,-1920.5426,4.194488,0.2584961,88.73665
2876,-1920.7278,-1920.5612,3.7781255,0.25876465,90.11327
2877,-1918.9746,-1920.4025,3.6268551,0.2599121,87.84169
2878,-1916.6791,-1920.0302,4.5118957,0.26040038,86.581635
2879,-1919.5824,-1919.9854,4.078749,0.26364747,85.295296
2880,-1915.6831,-1919.5552,5.336713,0.25703126,85.67123
2881,-1923.985,-1919.9982,6.5691304,0.26210937,87.339714
2882,-1921.5706,-1920.1554,6.1347337,0.2607666,86.2192
2883,-1923.0369,-1920.4436,6.2685184,0.25698242,88.68469
2884,-1921.5867,-1920.5579,5.7592607,0.25864258,88.44494
2885,-1923.592,-1920.8613,6.0118966,0.26445314,88.03238
2886,-1917.426,-1920.5178,6.472824,0.25915527,86.69362
2887,-1918.8848,-1920.3545,6.0655603,0.25698242,87.56209
2888,-1918.2701,-1920.146,5.8500104,0.25964355,83.238525
2889,-1920.7267,-1920.2041,5.295357,0.25949708,83.87284
2890,-1924.4657,-1920.6302,6.40033,0.26193848,88.37535
2891,-1919.3887,-1920.5061,5.899033,0.26425782,91.184074
2892,-1924.4645,-1920.902,6.719315,0.25732422,85.07646
2893,-1920.7577,-1920.8876,6.0492573,0.26079103,88.778496
2894,-1921.6663,-1920.9655,5.498903,0.26069337,85.63887
2895,-1920.7224,-1920.9412,4.9543285,0.25886232,87.580185
2896,-1922.0759,-1921.0547,4.574788,0.2581787,88.202
2897,-1917.8168,-1920.731,5.060878,0.26208496,88.29384
2898,-1919.0403,-1920.5619,4.8120437,0.26184082,89.589836
2899,-1918.0786,-1920.3136,4.885839,0.25424805,85.22123
2900,-1922.0071,-1920.4829,4.655364,0.26184082,87.10438
2901,-1919.5957,-1920.3942,4.2606697,0.26252443,85.94378
2902,-1919.0156,-1920.2563,4.005636,0.2578125,84.937416
2903,-1921.2695,-1920.3577,3.6974611,0.26206055,85.31084
2904,-1919.293,-1920.2512,3.429737,0.2635254,86.23268
2905,-1920.7242,-1920.2986,3.106901,0.26159668,85.514465
2906,-1920.8445,-1920.3531,2.8230312,0.25944826,84.985085
2907,-1918.166,-1920.1344,2.971248,0.2577881,86.79422
2908,-1918.0635,-1919.9272,3.060108,0.2585205,88.23474
2909,-1920.324,-1919.9669,2.7682626,0.26374513,87.768936
2910,-1918.135,-1919.7837,2.7934666,0.26210937,88.25022
2911,-1919.5966,-1919.765,2.5172715,0.2576172,85.754745
2912,-1920.7671,-1919.8652,2.3559182,0.2628418,84.06352
2913,-1918.9587,-1919.7745,2.194282,0.25678712,85.43714
2914,-1919.7837,-1919.7754,1.9748613,0.26313478,85.7102
2915,-1920.8044,-1919.8783,1.8726805,0.26376954,84.94551
2916,-1922.1753,-1920.108,2.16027,0.26330566,85.48017
2917,-1921.8027,-1920.2775,2.2027245,0.26083985,90.63258
2918,-1922.0741,-1920.4572,2.2729614,0.26125488,88.97325
2919,-1925.3872,-1920.9502,4.233154,0.2593262,86.89944
2920,-1920.4358,-1920.8988,3.8336535,0.25786135,88.20611
2921,-1923.4121,-1921.1501,4.018791,0.2602295,88.591095
2922,-1922.2881,-1921.2639,3.7334538,0.2619873,90.76545
2923,-1922.3142,-1921.3689,3.4593887,0.25844726,87.04307
2924,-1924.0295,-1921.635,3.7505624,0.25686035,89.40348
2925,-1923.3406,-1921.8055,3.6373122,0.2540039,89.941154
2926,-1919.4033,-1921.5653,3.7929413,0.2590088,87.94212
2927,-1920.6735,-1921.4761,3.485232,0.25859377,107.685936
2928,-1921.9823,-1921.5267,3.1597726,0.26125488,94.63767
2929,-1918.5144,-1921.2255,3.6604667,0.2647217,89.43077
2930,-1917.5641,-1920.8594,4.5009313,0.2581787,87.83052
2931,-1919.7583,-1920.7493,4.1599507,0.26105958,85.17752
2932,-1921.9819,-1920.8726,3.8807075,0.25827637,84.110985
2933,-1924.2533,-1921.2107,4.5212812,0.26040038,86.46743
2934,-1924.8785,-1921.5775,5.2799315,0.2602295,86.172295
2935,-1923.2311,-1921.7429,4.998023,0.26250002,86.393845
2936,-1922.866,-1921.8552,4.6117315,0.26071778,87.106964
2937,-1921.2517,-1921.7949,4.183339,0.2581543,86.58157
2938,-1920.5037,-1921.6658,3.9150667,0.26003417,86.758835
2939,-1922.68,-1921.7672,3.616149,0.26242676,87.76251
2940,-1921.387,-1921.7292,3.267547,0.26408693,87.63455
2941,-1921.3857,-1921.695,2.9514117,0.26381835,86.634254
2942,-1924.609,-1921.9863,3.420529,0.2588379,83.973145
2943,-1920.9708,-1921.8848,3.171288,0.25742188,83.34579
2944,-1920.1821,-1921.7145,3.1150665,0.26223144,89.39519
2945,-1921.644,-1921.7074,2.8040063,0.26208496,85.175354
2946,-1922.2329,-1921.76,2.5484602,0.26049805,89.289116
2947,-1920.7343,-1921.6575,2.3883102,0.25910646,88.75018
2948,-1923.0289,-1921.7947,2.3187604,0.25498047,87.84471
2949,-1921.0249,-1921.7177,2.1402142,0.26276857,84.228615
2950,-1920.7174,-1921.6177,2.0162365,0.25444338,85.75441
2951,-1916.9514,-1921.151,3.774271,0.2548096,84.0171
2952,-1918.9419,-1920.93,3.8360574,0.25541994,86.650536
2953,-1919.2273,-1920.7598,3.7133963,0.2602051,85.32866
2954,-1921.7039,-1920.8541,3.4222744,0.25666505,85.447426
2955,-1924.0819,-1921.1769,4.0177193,0.25976562,85.10884
2956,-1921.8513,-1921.2444,3.6568854,0.25749514,85.50455
2957,-1921.0266,-1921.2227,3.2954652,0.25578615,83.995445
2958,-1922.8955,-1921.3899,3.2177777,0.26413575,86.07904
2959,-1922.8215,-1921.5331,3.0804634,0.25844726,85.33404
2960,-1922.0449,-1921.5842,2.7959952,0.25922853,88.01447
2961,-1925.5046,-1921.9763,3.899661,0.25788575,85.57111
2962,-1922.9214,-1922.0708,3.5900788,0.25925294,83.25813
2963,-1922.0503,-1922.0687,3.2311087,0.25998536,84.04088
2964,-1919.3823,-1921.8,3.5575054,0.2590576,86.21342
2965,-1922.2178,-1921.8418,3.2174592,0.2574707,85.13964
2966,-1921.1536,-1921.773,2.938343,0.25424805,86.68936
2967,-1921.471,-1921.7428,2.652717,0.25981447,86.28509
2968,-1923.8082,-1921.9493,2.7713852,0.26462403,86.212204
2969,-1924.2644,-1922.1809,2.9766033,0.25708008,83.06237
2970,-1921.6575,-1922.1285,2.7036016,0.2593994,85.36314
2971,-1919.7074,-1921.8865,2.9608152,0.25861818,85.34806
2972,-1920.3485,-1921.7327,2.8776135,0.2597168,83.547516
2973,-1922.4414,-1921.8036,2.6350603,0.2602295,86.76243
2974,-1922.4243,-1921.8657,2.4062316,0.2616211,85.99258
2975,-1921.2634,-1921.8055,2.1982567,0.25983888,82.7911
2976,-1922.984,-1921.9233,2.1034214,0.26193848,88.271835
2977,-1925.406,-1922.2716,2.9846857,0.2585205,83.532074
2978,-1923.0803,-1922.3525,2.7450788,0.25927734,86.84989
2979,-1924.1007,-1922.5273,2.7456193,0.26115724,87.55517
2980,-1920.6044,-1922.3351,2.8038616,0.25966796,85.982605
2981,-1924.6215,-1922.5637,2.993952,0.25927734,88.45142
2982,-1926.4078,-1922.9481,4.0245075,0.26186523,85.480774
2983,-1924.6675,-1923.1201,3.8881147,0.2626709,84.251114
2984,-1920.664,-1922.8745,4.0422554,0.26030275,84.22235
2985,-1923.4595,-1922.933,3.6688259,0.25708008,82.71243
2986,-1921.0574,-1922.7454,3.6185555,0.25375977,85.31265
2987,-1926.1062,-1923.0814,4.273272,0.2585205,83.81803
2988,-1923.8398,-1923.1572,3.8977132,0.2578125,85.485214
2989,-1922.783,-1923.1198,3.5205486,0.25957033,85.08278
2990,-1925.2031,-1923.3281,3.559134,0.26098633,83.17508
2991,-1924.3702,-1923.4324,3.3009605,0.25678712,85.62297
2992,-1922.1188,-1923.301,3.126163,0.25808105,84.578094
2993,-1925.1824,-1923.4891,3.132099,0.25583497,84.685196
2994,-1926.3705,-1923.7772,3.5660837,0.26186523,86.01551
2995,-1926.5552,-1924.055,3.904008,0.2590576,83.41778
2996,-1922.2783,-1923.8774,3.7977173,0.2668701,85.40031
2997,-1925.3948,-1924.0292,3.6251526,0.26245117,84.82804
2998,-1923.2759,-1923.9539,3.3137083,0.2640625,85.0348
2999,-1923.03,-1923.8615,3.0591486,0.2635498,82.79189
3000,-1921.8708,-1923.6624,3.1098578,0.26308593,81.17437
3001,-1924.0847,-1923.7046,2.814927,0.2629883,86.263405
3002,-1924.985,-1923.8326,2.6809816,0.25996095,83.67163
3003,-1922.3057,-1923.6799,2.6227329,0.2638916,85.11919
3004,-1925.4454,-1923.8564,2.6409895,0.2590088,85.15934
3005,-1922.2213,-1923.6929,2.6175196,0.26013184,84.72323
3006,-1923.7937,-1923.703,2.3566825,0.26276857,84.16171
3007,-1927.1938,-1924.0521,3.217754,0.25915527,83.476204
3008,-1925.3422,-1924.1812,3.0457563,0.26098633,88.135
3009,-1924.9381,-1924.2568,2.7927494,0.25974122,85.94707
3010,-1925.8751,-1924.4187,2.7491708,0.26281738,84.41478
3011,-1924.3906,-1924.4159,2.4743247,0.2602295,84.31203
3012,-1923.9884,-1924.3732,2.2433395,0.26130372,84.094536
3013,-1922.4585,-1924.1816,2.348943,0.26274416,85.17531
3014,-1924.8109,-1924.2446,2.1496873,0.2611328,86.52623
3015,-1926.0901,-1924.4292,2.241233,0.2581299,84.875435
3016,-1923.8406,-1924.3704,2.0482926,0.26171875,85.042076
3017,-1928.5181,-1924.7852,3.3917744,0.26289064,86.25185
3018,-1927.0692,-1925.0135,3.5221198,0.26225588,84.29039
3019,-1923.1208,-1924.8242,3.4923158,0.26293945,84.79983
3020,-1922.4668,-1924.5885,3.6432533,0.2578369,87.567665
3021,-1925.8656,-1924.7162,3.4257164,0.25930175,85.50691
3022,-1926.1566,-1924.8602,3.26988,0.26171875,83.961784
3023,-1927.5295,-1925.1272,3.584162,0.26274416,83.58192
3024,-1921.9565,-1924.8102,4.1305203,0.2612793,83.10619
3025,-1920.6812,-1924.3972,5.251867,0.254541,85.561516
3026,-1925.7698,-1924.5344,4.8962326,0.26191407,85.67075
3027,-1924.41,-1924.522,4.408002,0.26069337,86.0765
3028,-1923.7561,-1924.4454,4.019992,0.26088867,85.97208
3029,-1926.117,-1924.6125,3.8694472,0.2635254,83.33753
3030,-1925.99,-1924.7502,3.6532633,0.26215822,85.9954
3031,-1923.5674,-1924.632,3.4138615,0.26254883,82.42233
3032,-1924.7058,-1924.6394,3.0729663,0.26083985,82.38013
3033,-1923.2639,-1924.5018,2.9359467,0.26816407,87.59707
3034,-1924.0642,-1924.458,2.659588,0.2605469,82.508896
3035,-1923.465,-1924.3586,2.482381,0.26193848,84.348595
3036,-1924.2302,-1924.3458,2.2356272,0.25930175,84.23604
3037,-1923.6012,-1924.2714,2.061967,0.26279297,89.0173
3038,-1925.1957,-1924.3638,1.9326626,0.26152346,86.842865
3039,-1925.7009,-1924.4974,1.9003156,0.26245117,85.67882
3040,-1928.0166,-1924.8494,2.824891,0.26469728,82.64522
3041,-1928.1309,-1925.1775,3.5115402,0.26123047,85.43016
3042,-1926.2051,-1925.2803,3.2554204,0.2599121,83.04449
3043,-1923.5558,-1925.1078,3.1975255,0.26289064,84.50861
3044,-1926.529,-1925.2499,3.0595725,0.2597168,86.6734
3045,-1923.4395,-1925.0688,3.0486026,0.2626221,84.22431
3046,-1925.6924,-1925.1312,2.778734,0.26547852,86.49936
3047,-1925.346,-1925.1527,2.50501,0.26152346,87.96876
3048,-1925.0381,-1925.1412,2.2556913,0.26308593,86.652664
3049,-1923.1918,-1924.9463,2.3721588,0.25993654,86.403
3050,-1923.646,-1924.8163,2.2871115,0.26237795,85.71965
3051,-1923.5846,-1924.6931,2.1949358,0.25776368,82.88766
3052,-1922.2958,-1924.4534,2.4926932,0.25976562,87.18712
3053,-1924.4946,-1924.4575,2.243577,0.25732422,82.39314
3054,-1925.0204,-1924.5138,2.0477328,0.25979003,87.18769
3055,-1928.8364,-1924.946,3.5246224,0.26044923,82.283455
3056,-1925.5753,-1925.009,3.2077987,0.2626221,83.76862
3057,-1925.5686,-1925.065,2.9151995,0.26398927,83.27464
3058,-1924.2112,-1924.9796,2.689281,0.2633545,86.748985
3059,-1924.9355,-1924.9752,2.4205277,0.25524902,89.122314
3060,-1927.1436,-1925.192,2.6016257,0.26030275,87.970825
3061,-1922.311,-1924.9039,3.0884678,0.2590576,83.63898
3062,-1928.6031,-1925.2738,4.011201,0.25498047,84.65084
3063,-1928.6741,-1925.6138,4.6506453,0.2593994,82.56094
3064,-1925.3225,-1925.5846,4.193216,0.25996095,83.17498
3065,-1925.6301,-1925.5891,3.7740808,0.2631592,83.785324
3066,-1926.01,-1925.6312,3.4126165,0.26137695,83.86942
3067,-1925.7782,-1925.6459,3.073299,0.26325685,85.58496
3068,-1928.3085,-1925.9121,3.4040174,0.2572998,83.74614
3069,-1928.4707,-1926.168,3.6527917,0.25979003,82.05577
3070,-1925.741,-1926.1252,3.3039222,0.25993654,83.813995
3071,-1925.8303,-1926.0957,2.981358,0.259375,81.612206
3072,-1926.1997,-1926.1061,2.6841958,0.26154786,83.20471
3073,-1924.7524,-1925.9707,2.5806863,0.26252443,84.013405
3074,-1926.1755,-1925.9912,2.3263938,0.2621338,83.71506
3075,-1922.615,-1925.6536,3.1196523,0.25874025,85.00095
3076,-1923.6707,-1925.4553,3.1615608,0.25874025,84.682144
3077,-1922.8734,-1925.1971,3.4453676,0.25876465,86.993515
3078,-1924.6587,-1925.1433,3.1269245,0.2638672,90.7873
3079,-1926.6162,-1925.2906,3.0094812,0.263208,86.03621
3080,-1923.8296,-1925.1445,2.9006555,0.26250002,85.74792
3081,-1922.7837,-1924.9084,3.1122108,0.26186523,86.6424
3082,-1922.675,-1924.685,3.2499158,0.25771484,85.28143
3083,-1924.0062,-1924.6172,2.9663975,0.26096192,87.94878
3084,-1922.5292,-1924.4084,3.0621393,0.2609375,83.83642
3085,-1923.9204,-1924.3596,2.7773614,0.26037598,87.27365
3086,-1927.3472,-1924.6583,3.3029153,0.2626953,84.209724
3087,-1926.7877,-1924.8712,3.3807125,0.25769043,82.71665
3088,-1922.6514,-1924.6492,3.4861367,0.25825197,81.42192
3089,-1928.708,-1925.055,4.620198,0.26069337,85.49207
3090,-1926.7391,-1925.2235,4.4134297,0.259375,82.80738
3091,-1928.1194,-1925.5131,4.7268343,0.26008302,85.10973
3092,-1924.4493,-1925.4067,4.3559856,0.25678712,83.86906
3093,-1926.7957,-1925.5457,4.0940046,0.2619873,84.83819
3094,-1927.0758,-1925.6987,3.8953266,0.25793457,82.718475
3095,-1923.8704,-1925.5159,3.8066578,0.2621338,81.51193
3096,-1925.064,-1925.4707,3.4443715,0.2557129,84.07613
3097,-1926.0334,-1925.527,3.1284356,0.25947267,84.28502
3098,-1927.5966,-1925.7339,3.2010765,0.2593506,84.0167
3099,-1924.7649,-1925.637,2.9654741,0.26494142,85.42523
3100,-1925.4404,-1925.6173,2.672403,0.26154786,82.93535
3101,-1926.411,-1925.6967,2.4618592,0.26462403,82.218
3102,-1927.9065,-1925.9176,2.655178,0.2611328,83.35224
3103,-1926.791,-1926.0049,2.4583168,0.26040038,83.75324
3104,-1929.8008,-1926.3845,3.5092812,0.25854492,84.47686
3105,-1925.4502,-1926.2911,3.2369199,0.2602051,82.35642
3106,-1925.2217,-1926.1842,3.0161645,0.2626709,85.578255
3107,-1922.8986,-1925.8556,3.6861396,0.2589844,84.07298
3108,-1923.9863,-1925.6687,3.6319985,0.2614746,82.356926
3109,-1925.0361,-1925.6055,3.3048115,0.26044923,86.18838
3110,-1926.8,-1925.725,3.1027622,0.26711425,83.48297
3111,-1928.9214,-1926.0447,3.7120202,0.2597168,84.70581
3112,-1927.879,-1926.2281,3.6436539,0.2596924,84.22818
3113,-1927.4441,-1926.3497,3.4123547,0.2631592,83.41555
3114,-1926.3687,-1926.3516,3.0711513,0.26425782,84.30457
3115,-1927.0164,-1926.4181,2.8038118,0.2644287,81.824486
3116,-1926.4976,-1926.426,2.523999,0.2633545,83.64686
3117,-1924.3884,-1926.2223,2.6452615,0.26333007,82.016785
3118,-1925.1531,-1926.1154,2.4836252,0.26398927,82.86704
3119,-1928.4801,-1926.3518,2.7385447,0.2611328,83.77609
3120,-1926.2992,-1926.3466,2.4649394,0.2677002,83.25286
3121,-1924.9868,-1926.2106,2.384846,0.26367188,83.74329
3122,-1924.6436,-1926.0538,2.36736,0.26225588,83.58629
3123,-1923.376,-1925.786,2.7760065,0.2631836,84.0376
3124,-1927.6538,-1925.9728,2.812386,0.2569092,85.22696
3125,-1927.0671,-1926.0823,2.6389337,0.26137695,85.26714
3126,-1927.8966,-1926.2637,2.671302,0.26391602,80.87656
3127,-1930.8755,-1926.7249,4.3183684,0.2602295,81.66888
3128,-1927.9258,-1926.845,4.016332,0.25795898,86.76469
3129,-1929.4927,-1927.1097,4.2456293,0.26325685,81.79805
3130,-1928.862,-1927.2849,4.097422,0.26000977,84.26918
3131,-1927.6998,-1927.3264,3.7031739,0.2612793,83.24567
3132,-1927.6313,-1927.3569,3.341225,0.26486817,82.447174
3133,-1928.894,-1927.5106,3.2197456,0.26206055,81.55653
3134,-1930.0126,-1927.7609,3.4611504,0.25915527,79.4917
3135,-1928.386,-1927.8234,3.1502054,0.25908205,83.42227
3136,-1927.3715,-1927.7782,2.8535643,0.26296386,86.06825
3137,-1928.042,-1927.8046,2.5744705,0.26330566,82.69378
3138,-1929.5302,-1927.9772,2.5850117,0.26137695,80.89539
3139,-1927.7744,-1927.9569,2.3302104,0.26215822,79.963234
3140,-1924.1787,-1927.5791,3.3819196,0.26044923,85.000565
3141,-1927.6084,-1927.582,3.043805,0.26101074,82.29549
3142,-1928.7299,-1927.6968,2.858,0.2553711,81.97135
3143,-1927.3164,-1927.6587,2.5852213,0.2585205,80.26414
3144,-1924.678,-1927.3606,3.1263175,0.25715333,83.16382
3145,-1926.9626,-1927.3208,2.8279383,0.2541504,82.584656
3146,-1928.4479,-1927.4335,2.6594713,0.26101074,83.26505
3147,-1929.2117,-1927.6113,2.678103,0.26242676,80.98161
3148,-1925.7954,-1927.4297,2.7070727,0.26601562,81.676346
3149,-1927.9309,-1927.4799,2.4589753,0.2583252,81.753456
3150,-1928.0269,-1927.5345,2.2400062,0.26311037,84.20574
3151,-1928.9203,-1927.6731,2.1888309,0.2598877,80.41817
3152,-1927.4316,-1927.6489,1.9751948,0.26411134,81.6719
3153,-1927.1968,-1927.6038,1.7960747,0.2626709,83.81298
3154,-1926.9572,-1927.5391,1.6540962,0.26137695,86.94125
3155,-1928.6287,-1927.6481,1.5955371,0.26064453,82.671364
3156,-1927.6743,-1927.6506,1.4360453,0.2619629,83.32805
3157,-1926.1644,-1927.502,1.4912335,0.26018068,84.04123
3158,-1926.0331,-1927.3551,1.5362928,0.2628418,83.000656
3159,-1923.377,-1926.9573,2.8069742,0.26188967,83.40571
3160,-1925.3684,-1926.7983,2.7534816,0.26245117,83.69839
3161,-1928.0215,-1926.9207,2.612781,0.26191407,84.27467
3162,-1926.279,-1926.8564,2.3885517,0.2652588,85.104675
3163,-1925.1915,-1926.69,2.399172,0.2621338,87.228745
3164,-1928.5332,-1926.8743,2.4650402,0.26428223,84.35507
3165,-1928.5947,-1927.0463,2.484934,0.2643799,84.14459
3166,-1928.3872,-1927.1804,2.398272,0.26391602,82.65451
3167,-1926.5198,-1927.1144,2.1977253,0.25974122,85.370705
3168,-1929.1233,-1927.3153,2.3411677,0.2619629,83.406784
3169,-1927.6086,-1927.3446,2.114795,0.2626221,85.05378
3170,-1926.3053,-1927.2407,2.0005295,0.2638916,83.708
3171,-1926.7587,-1927.1925,1.8213905,0.2616211,81.903625
3172,-1929.3923,-1927.4125,2.0747836,0.25976562,83.33393
3173,-1930.5374,-1927.725,2.7461426,0.2652832,83.366745
3174,-1928.9536,-1927.8479,2.6073878,0.26306152,84.69732
3175,-1931.137,-1928.1768,3.320263,0.26191407,83.36598
3176,-1929.8492,-1928.344,3.2399852,0.2602539,80.98406
3177,-1929.5935,-1928.469,3.0565019,0.26000977,79.88553
3178,-1930.7354,-1928.6957,3.2131255,0.26271972,80.321594
3179,-1929.3501,-1928.7611,2.9303565,0.25964355,81.982605
3180,-1929.2644,-1928.8114,2.6601186,0.26396486,82.86973
3181,-1928.3896,-1928.7693,2.4101155,0.25930175,81.608345
3182,-1934.19,-1929.3114,4.813618,0.25678712,83.41917
3183,-1932.0798,-1929.5883,5.022036,0.2647461,81.328514
3184,-1932.647,-1929.8942,5.361849,0.2628418,83.0746
3185,-1932.342,-1930.1389,5.3649526,0.26083985,81.06649
3186,-1933.2678,-1930.4518,5.709562,0.2643799,83.62789
3187,-1931.3298,-1930.5396,5.207993,0.26391602,82.60061
3188,-1931.0087,-1930.5864,4.707,0.26252443,81.87595
3189,-1928.5842,-1930.3862,4.597091,0.26296386,80.26828
3190,-1929.3989,-1930.2875,4.225111,0.26088867,84.56808
3191,-1929.6694,-1930.2257,3.8369775,0.26381835,84.44076
3192,-1926.6913,-1929.8723,4.5775733,0.26286623,82.16185
3193,-1926.2434,-1929.5094,5.3050222,0.26174316,83.04284
3194,-1927.2327,-1929.2817,5.2410364,0.25961915,84.98616
3195,-1927.9252,-1929.1461,4.8825574,0.25893554,83.31249
3196,-1928.9408,-1929.1256,4.3980956,0.2602783,81.59202
3197,-1927.5912,-1928.9722,4.170187,0.2596924,82.03326
3198,-1929.0752,-1928.9824,3.7541234,0.25793457,79.66581
3199,-1927.0026,-1928.7844,3.7314963,0.25949708,84.36563
3200,-1928.2733,-1928.7333,3.3818576,0.26643068,85.581924
3201,-1930.4895,-1928.9089,3.3212614,0.26013184,80.912285
3202,-1928.9346,-1928.9115,2.9891944,0.258667,82.132195
3203,-1929.3921,-1928.9596,2.711062,0.2599121,79.867065
3204,-1927.8096,-1928.8446,2.5589857,0.25720215,81.742935
3205,-1928.3759,-1928.7977,2.3228624,0.2605957,78.65089
3206,-1926.4307,-1928.561,2.594846,0.26303712,84.88943
3207,-1928.6155,-1928.5665,2.335628,0.26220703,83.97038
3208,-1927.1445,-1928.4243,2.284052,0.26000977,84.33868
3209,-1926.0518,-1928.187,2.5622597,0.25913087,82.01958
3210,-1925.0239,-1927.8707,3.2064936,0.2619873,84.73764
3211,-1928.6453,-1927.9482,2.9398358,0.26306152,82.91517
3212,-1930.2574,-1928.1792,3.1257703,0.25844726,81.59623
3213,-1933.2269,-1928.684,5.106355,0.26030275,83.395134
3214,-1929.8914,-1928.8047,4.7269225,0.26098633,82.73218
3215,-1928.2039,-1928.7446,4.2867203,0.26601562,82.32981
3216,-1934.0037,-1929.2705,6.347217,0.2598633,83.49542
3217,-1931.0076,-1929.4442,5.9840593,0.26071778,81.86968
3218,-1930.5671,-1929.5565,5.4991393,0.26398927,83.42591
3219,-1927.7076,-1929.3716,5.2568765,0.2609131,82.88587
3220,-1930.5331,-1929.4878,4.8526063,0.26035157,80.91731
3221,-1930.0754,-1929.5465,4.398425,0.2599121,81.04654
3222,-1930.116,-1929.6035,3.987768,0.2623047,81.03456
3223,-1930.1508,-1929.6582,3.615944,0.2600586,80.93163
3224,-1930.8411,-1929.7765,3.380274,0.2614746,81.16326
3225,-1929.9526,-1929.7941,3.0450392,0.26069337,82.3872
3226,-1929.2258,-1929.7373,2.7695956,0.25766602,82.42891
3227,-1929.5874,-1929.7223,2.4946585,0.25927734,82.33713
3228,-1928.4241,-1929.5925,2.3968759,0.2635498,82.70522
3229,-1922.3069,-1928.864,6.9344435,0.2590576,180.51904
3230,-1911.6631,-1927.1439,32.86947,0.25957033,858.90375
3231,-1926.2477,-1927.0543,29.654814,0.2569092,95.11503
3232,-1928.271,-1927.176,26.822557,0.26066896,85.69794
3233,-1928.23,-1927.2814,24.240274,0.26484376,86.32594
3234,-1932.3402,-1927.7872,24.119513,0.2614746,84.304
3235,-1932.0569,-1928.2142,23.348255,0.26064453,82.05457
3236,-1925.4407,-1927.9369,21.705767,0.2612793,84.9968
3237,-1925.9482,-1927.738,19.891113,0.26125488,81.97587
3238,-1928.9451,-1927.8588,18.033125,0.26098633,84.03332
3239,-1928.5626,-1927.9292,16.274399,0.26132813,84.22452
3240,-1927.4023,-1927.8765,14.671941,0.25742188,84.12315
3241,-1929.773,-1928.0662,13.528445,0.25864258,83.65626
3242,-1928.7349,-1928.133,12.215845,0.2635254,85.471275
3243,-1928.1073,-1928.1305,10.99432,0.26782227,82.89891
3244,-1927.6201,-1928.0795,9.918331,0.26816407,85.60102
3245,-1931.5962,-1928.4312,10.039558,0.2614258,87.90017
3246,-1929.38,-1928.526,9.1166315,0.2581543,84.46817
3247,-1929.0048,-1928.5739,8.225597,0.2638916,82.59879
3248,-1931.9342,-1928.9099,8.419314,0.26208496,82.012245
3249,-1928.9792,-1928.9169,7.5778155,0.26408693,84.15309
3250,-1929.5223,-1928.9774,6.8530273,0.26501465,84.732834
3251,-1927.5011,-1928.8298,6.363881,0.25317383,83.36617
3252,-1928.7781,-1928.8247,5.727734,0.26533204,85.35357
3253,-1930.095,-1928.9518,5.300182,0.25979003,83.43291
3254,-1927.5776,-1928.8143,4.9401083,0.25993654,84.70751
3255,-1931.0635,-1929.0393,4.9013762,0.26044923,85.304634
3256,-1930.1775,-1929.1531,4.52783,0.26445314,83.88484
3257,-1932.2903,-1929.4668,4.960833,0.26333007,84.02275
3258,-1928.3765,-1929.3578,4.5717435,0.2581787,82.53777
3259,-1929.1465,-1929.3367,4.1185875,0.25803223,81.81038
3260,-1930.2134,-1929.4243,3.7759044,0.261792,82.647766
3261,-1927.6802,-1929.2499,3.6720965,0.2638428,81.11067
3262,-1929.668,-1929.2917,3.3206186,0.25976562,83.304665
3263,-1931.1052,-1929.4731,3.2845395,0.26105958,82.38914
3264,-1931.2098,-1929.6469,3.227535,0.25891113,83.37735
3265,-1929.943,-1929.6765,2.9126744,0.257251,81.62597
3266,-1930.7357,-1929.7825,2.7223792,0.26052245,83.623985
3267,-1929.3391,-1929.7382,2.4678323,0.2586914,84.70371
3268,-1927.8846,-1929.5529,2.530246,0.2622803,81.75396
3269,-1923.4729,-1928.9448,5.604149,0.26667482,81.60428
3270,-1927.2415,-1928.7745,5.304866,0.26203614,81.28373
3271,-1929.0317,-1928.8003,4.7803326,0.26499024,79.360405
3272,-1929.7301,-1928.8933,4.3801084,0.25949708,84.02896
3273,-1929.5173,-1928.9557,3.9771438,0.26425782,80.13412
3274,-1932.0475,-1929.2649,4.439758,0.25864258,80.65377
3275,-1932.2129,-1929.5597,4.777944,0.26259765,81.376366
3276,-1928.0643,-1929.4102,4.501399,0.25908205,82.499344
3277,-1928.6791,-1929.337,4.099362,0.25996095,82.59686
3278,-1928.5209,-1929.2554,3.7493765,0.25734863,81.26777
3279,-1926.2136,-1928.9512,4.2071395,0.2607666,78.0735
3280,-1930.2982,-1929.0859,3.9497333,0.25913087,83.645226
3281,-1931.4845,-1929.3258,4.072538,0.25942382,79.73668
3282,-1931.4738,-1929.5406,4.080516,0.26103517,82.95251
3283,-1930.9406,-1929.6807,3.8488393,0.26118165,80.5626
3284,-1930.3943,-1929.7521,3.5097885,0.26201174,86.41803
3285,-1930.9977,-1929.8766,3.2984476,0.26413575,79.64872
3286,-1928.2672,-1929.7157,3.2017107,0.25891113,82.64724
3287,-1931.0557,-1929.8497,3.0431354,0.26018068,81.15939
3288,-1930.8054,-1929.9453,2.8210225,0.26052245,79.52893
3289,-1932.688,-1930.2196,3.2159245,0.25944826,80.47931
3290,-1934.9478,-1930.6924,4.9063177,0.26064453,81.136345
3291,-1933.6604,-1930.9891,5.2085075,0.26037598,82.26932
3292,-1932.112,-1931.1014,4.8011427,0.2640381,80.48593
3293,-1930.9922,-1931.0906,4.3221025,0.2586914,81.0659
3294,-1933.3132,-1931.3129,4.3345103,0.26015624,80.69388
3295,-1928.308,-1931.0123,4.713698,0.26062012,82.96385
3296,-1932.9807,-1931.2092,4.5910363,0.25776368,83.43121
3297,-1930.363,-1931.1246,4.196376,0.26293945,78.411285
3298,-1928.2646,-1930.8386,4.5128946,0.26154786,79.34848
3299,-1929.9746,-1930.7522,4.128792,0.26191407,80.107735
3300,-1929.874,-1930.6644,3.7853196,0.26042482,83.50685
3301,-1927.7794,-1930.376,4.155883,0.26364747,79.24435
3302,-1931.0046,-1930.4388,3.775864,0.25876465,81.491
3303,-1933.8394,-1930.7789,4.438991,0.26486817,80.59006
3304,-1930.3022,-1930.7312,4.0155425,0.265625,79.37307
3305,-1928.9524,-1930.5533,3.8987627,0.26291505,80.36155
3306,-1931.8655,-1930.6846,3.663839,0.26337892,82.47279
3307,-1933.2007,-1930.9362,3.8672295,0.2654541,80.579384
3308,-1932.3677,-1931.0793,3.6649384,0.2611328,80.29667
3309,-1929.8185,-1930.9532,3.4415247,0.26186523,79.64797
3310,-1929.2238,-1930.7803,3.3665752,0.26372072,81.17163
3311,-1930.1761,-1930.7198,3.062765,0.25947267,80.88028
3312,-1931.0114,-1930.749,2.764136,0.265918,82.64607
3313,-1931.294,-1930.8035,2.514447,0.2635254,83.86187
3314,-1931.3605,-1930.8591,2.2909253,0.26520997,83.71336
3315,-1934.568,-1931.23,3.2998421,0.26281738,80.12247
3316,-1933.5708,-1931.4641,3.4630072,0.25983888,81.39984
3317,-1932.9081,-1931.6085,3.3043609,0.26479492,82.31276
3318,-1932.6339,-1931.711,3.068553,0.264209,82.33139
3319,-1931.5461,-1931.6946,2.7641454,0.25974122,80.77021
3320,-1931.3987,-1931.665,2.495611,0.26567385,81.851395
3321,-1932.2566,-1931.7242,2.2775438,0.2640625,83.215485
3322,-1927.9087,-1931.3427,3.3600485,0.26149902,81.01749
3323,-1929.1908,-1931.1274,3.440787,0.26079103,82.65858
3324,-1929.3386,-1930.9486,3.3846967,0.26313478,80.29469
3325,-1928.1514,-1930.669,3.750437,0.26247558,80.56105
3326,-1929.5952,-1930.5615,3.4791539,0.26303712,80.69938
3327,-1929.6183,-1930.4672,3.211311,0.2644287,81.91854
3328,-1930.6409,-1930.4845,2.8928957,0.2619629,80.68629
3329,-1930.6786,-1930.5039,2.6069965,0.26289064,81.72467
3330,-1931.5693,-1930.6105,2.4484594,0.26271972,85.05093
3331,-1930.5627,-1930.6057,2.2038186,0.2590332,81.04449
3332,-1929.0719,-1930.4524,2.1951692,0.2628418,84.71331
3333,-1930.0935,-1930.4165,1.9872444,0.26398927,83.44803
3334,-1930.5979,-1930.4347,1.7914813,0.2667969,80.174934
3335,-1931.5177,-1930.543,1.7178947,0.26257324,80.19543
3336,-1933.4956,-1930.8383,2.330731,0.26115724,81.038055
3337,-1933.4539,-1931.0999,2.7133808,0.25771484,83.06179
3338,-1932.8345,-1931.2733,2.7128441,0.26137695,81.61339
3339,-1929.343,-1931.0803,2.776904,0.2638672,82.418816
3340,-1931.0287,-1931.0752,2.4994535,0.26425782,80.89647
3341,-1930.2917,-1930.9968,2.3047493,0.26408693,80.127464
3342,-1935.2601,-1931.4231,3.710094,0.26582032,78.94535
3343,-1932.7065,-1931.5514,3.4873357,0.26137695,82.3691
3344,-1934.9784,-1931.894,4.195593,0.26325685,78.80989
3345,-1928.5981,-1931.5645,4.753699,0.26083985,79.042885
3346,-1931.9292,-1931.601,4.2903023,0.26699218,81.14001
3347,-1932.2727,-1931.6681,3.9018846,0.26337892,79.45222
3348,-1930.4473,-1931.546,3.6458335,0.26069337,83.045654
3349,-1928.9312,-1931.2845,3.8966281,0.26547852,83.76488
3350,-1931.7307,-1931.3291,3.5248811,0.26535645,82.7684
3351,-1931.2747,-1931.3236,3.1726596,0.26169434,83.58915
3352,-1932.7587,-1931.4672,3.040739,0.26223144,82.91104
3353,-1931.0918,-1931.4297,2.749346,0.2619873,81.92887
3354,-1931.803,-1931.467,2.4869525,0.2611084,83.62965
3355,-1932.8611,-1931.6064,2.4131594,0.26416016,79.27054
3356,-1932.5107,-1931.6969,2.245441,0.26359865,83.62775
3357,-1932.9979,-1931.827,2.1732368,0.265918,82.508484
3358,-1933.4985,-1931.9941,2.207368,0.26662597,81.29379
3359,-1933.2131,-1932.1161,2.120366,0.26760253,84.287445
3360,-1931.4001,-1932.0444,1.9544611,0.2631836,81.41632
3361,-1932.2717,-1932.0671,1.7636646,0.2578369,81.57931
3362,-1931.1581,-1931.9762,1.6616728,0.26313478,83.33384
3363,-1930.7297,-1931.8516,1.6353351,0.26347658,83.78243
3364,-1933.3196,-1931.9984,1.6657583,0.26484376,83.64824
3365,-1931.9512,-1931.9937,1.4993832,0.26052245,81.32963
3366,-1930.6011,-1931.8544,1.5239795,0.2617676,80.65991
3367,-1933.3771,-1932.0066,1.5802584,0.2626221,81.342186
3368,-1932.4812,-1932.0541,1.4425054,0.26428223,82.31699
3369,-1934.4469,-1932.2933,1.8135586,0.26567385,82.83649
3370,-1935.4761,-1932.6116,2.5438871,0.26159668,82.45244
3371,-1932.9976,-1932.6501,2.302907,0.25996095,84.452446
3372,-1931.3735,-1932.5225,2.2192924,0.2590332,82.620285
3373,-1930.7949,-1932.3497,2.2659585,0.26132813,80.45386
3374,-1931.9453,-1932.3093,2.0540826,0.26428223,82.25781
3375,-1930.8037,-1932.1588,2.0526931,0.2619873,86.227234
3376,-1927.9622,-1931.7391,3.432496,0.26105958,82.74031
3377,-1933.9818,-1931.9634,3.54191,0.26240236,81.998634
3378,-1931.125,-1931.8795,3.250978,0.2602783,82.96662
3379,-1933.7677,-1932.0684,3.2467515,0.26486817,82.15505
3380,-1933.8516,-1932.2467,3.2082596,0.26271972,81.30337
3381,-1932.3077,-1932.2528,2.8877687,0.26579592,83.05702
3382,-1930.0342,-1932.031,3.0419996,0.26430663,80.70333
3383,-1932.7302,-1932.101,2.781801,0.2635742,83.95392
3384,-1930.5625,-1931.9471,2.716636,0.26396486,80.16589
3385,-1936.3,-1932.3824,4.150273,0.26096192,80.71465
3386,-1935.117,-1932.6559,4.408218,0.26081544,78.3713
3387,-1931.3646,-1932.5267,4.117458,0.26254883,80.132324
3388,-1929.3542,-1932.2095,4.6115317,0.26169434,80.2784
3389,-1933.2725,-1932.3158,4.2520733,0.2647217,81.998695
3390,-1932.8746,-1932.3717,3.8549728,0.26379395,80.21892
3391,-1932.0188,-1932.3364,3.4806843,0.26303712,79.71626
3392,-1931.6523,-1932.2681,3.174733,0.26674804,81.744064
3393,-1933.4839,-1932.3896,2.9902992,0.26245117,82.09907
3394,-1933.4777,-1932.4984,2.7978086,0.26008302,79.90417
3395,-1935.9651,-1932.8451,3.599633,0.26669922,80.25304
3396,-1933.9683,-1932.9574,3.3532054,0.26379395,80.53081
3397,-1935.0455,-1933.1663,3.4103124,0.2663086,82.76569
3398,-1934.4305,-1933.2927,3.213138,0.2623291,82.050865
3399,-1932.1813,-1933.1816,3.0030031,0.2607422,80.98906
3400,-1935.1859,-1933.3821,3.0642424,0.26518556,82.08807
3401,-1934.7421,-1933.5181,2.9242785,0.26530764,81.756805
3402,-1934.8379,-1933.65,2.7886248,0.26103517,79.278336
3403,-1936.9392,-1933.979,3.4834483,0.2635742,79.49147
3404,-1935.6656,-1934.1477,3.3911328,0.2685791,80.20457
3405,-1934.1587,-1934.1488,3.0520303,0.2671387,80.796394
3406,-1934.005,-1934.1344,2.7486882,0.26557618,78.378365
3407,-1934.0505,-1934.126,2.4744523,0.26044923,81.08716
3408,-1930.6772,-1933.7811,3.2974436,0.26555178,81.18319
3409,-1934.6619,-1933.8691,3.0375118,0.26635742,81.39905
3410,-1933.7269,-1933.855,2.735581,0.26813966,77.787125
3411,-1931.6642,-1933.6359,2.8939857,0.2701416,82.77665
3412,-1932.7665,-1933.549,2.6726117,0.26574707,83.519165
3413,-1931.6716,-1933.3612,2.72254,0.26171875,79.30849
3414,-1933.9968,-1933.4248,2.486647,0.2644287,78.21824
3415,-1931.9362,-1933.2759,2.4374287,0.26362306,81.75708
3416,-1933.0559,-1933.2539,2.1980407,0.26015624,81.31392
3417,-1934.5701,-1933.3855,2.134142,0.26513672,82.307175
3418,-1935.8801,-1933.635,2.4808133,0.2602539,83.507675
3419,-1936.0259,-1933.8741,2.7471948,0.25888672,82.96913
3420,-1935.3047,-1934.0172,2.6566558,0.263501,84.0227
3421,-1935.1731,-1934.1328,2.5112362,0.26245117,79.560455
3422,-1936.5948,-1934.379,2.8056583,0.26140139,83.178734
3423,-1934.7103,-1934.4121,2.5349708,0.25881347,81.06211
3424,-1934.7783,-1934.4487,2.2935436,0.25976562,79.62193
3425,-1932.0286,-1934.2067,2.5913374,0.26118165,87.05056
3426,-1933.1633,-1934.1023,2.430173,0.25927734,82.24392
3427,-1932.5695,-1933.949,2.3986185,0.26296386,81.093475
3428,-1935.0208,-1934.0562,2.2621403,0.261084,80.16621
3429,-1934.1384,-1934.0643,2.0365353,0.2626221,77.51922
3430,-1935.2222,-1934.1802,1.9535345,0.26242676,77.691605
3431,-1932.9905,-1934.0612,1.8855652,0.2602783,78.23466
3432,-1931.258,-1933.7809,2.4041722,0.26140139,82.75823
3433,-1931.9617,-1933.599,2.4616134,0.26135254,81.49296
3434,-1931.0518,-1933.3442,2.7994113,0.26459962,81.07622
3435,-1929.4661,-1932.9564,3.8730907,0.2635498,81.3766
3436,-1930.1545,-1932.6763,4.1923294,0.26052245,80.18117
3437,-1935.332,-1932.9419,4.4078727,0.26210937,80.6469
3438,-1931.5234,-1932.8,4.148167,0.264209,82.117775
3439,-1931.8302,-1932.7031,3.8180046,0.26481935,80.45173
3440,-1930.4868,-1932.4814,3.8782861,0.26555178,81.61049
3441,-1931.7405,-1932.4073,3.5398703,0.26171875,80.36095
3442,-1931.5941,-1932.326,3.2454045,0.2578125,81.39408
3443,-1930.5641,-1932.1499,3.2002702,0.2605957,84.448296
3444,-1933.2498,-1932.2599,2.989114,0.26052245,83.91204
3445,-1931.9274,-1932.2267,2.7001538,0.26503906,81.36275
3446,-1931.0238,-1932.1064,2.5603614,0.26372072,81.38591
3447,-1934.3131,-1932.3271,2.7425685,0.263208,82.39965
3448,-1931.7222,-1932.2666,2.5012517,0.2618164,81.118225
3449,-1936.0579,-1932.6458,3.544755,0.2650635,81.02878
3450,-1935.1698,-1932.8982,3.7636528,0.2642334,79.55916
3451,-1934.3733,-1933.0457,3.5831196,0.26225588,80.015785
3452,-1932.6837,-1933.0095,3.2365975,0.2631592,80.16508
3453,-1932.0669,-1932.9153,2.9929068,0.26484376,80.76694
3454,-1933.5654,-1932.9803,2.7316582,0.26252443,79.498886
3455,-1935.7711,-1933.2594,3.1594489,0.26052245,81.24107
3456,-1935.0062,-1933.4341,3.1181302,0.26313478,81.49486
3457,-1933.2202,-1933.4127,2.8104336,0.26149902,77.62737
3458,-1934.5961,-1933.531,2.6554186,0.26186523,78.95776
3459,-1931.6185,-1933.3397,2.7190573,0.26042482,81.80663
3460,-1930.6779,-1933.0735,3.0848489,0.264209,82.76303
3461,-1932.713,-1933.0375,2.7880585,0.26328126,79.58758
3462,-1932.4248,-1932.9762,2.5430355,0.2635742,80.54405
3463,-1937.1888,-1933.3975,3.8859072,0.26430663,80.38685
3464,-1933.9695,-1933.4547,3.526765,0.2602051,80.36758
3465,-1933.6115,-1933.4703,3.1762996,0.26115724,79.481606
3466,-1934.3141,-1933.5547,2.9227417,0.2633545,80.94056
3467,-1932.6785,-1933.467,2.6995661,0.26208496,83.27965
3468,-1933.9905,-1933.5194,2.4542682,0.26166993,84.00254
3469,-1933.8926,-1933.5568,2.2213743,0.2611084,79.24022
3470,-1932.0854,-1933.4097,2.1940656,0.26215822,84.70326
3471,-1933.2175,-1933.3905,1.9779814,0.2645752,83.86944
3472,-1933.4443,-1933.3959,1.780444,0.2626709,80.91002
3473,-1934.2585,-1933.4822,1.6693777,0.26240236,84.20774
3474,-1933.4188,-1933.4758,1.5028011,0.26303712,80.95457
3475,-1932.6713,-1933.3954,1.4107802,0.2626465,80.39128
3476,-1935.426,-1933.5984,1.6408168,0.2584961,79.83647
3477,-1931.444,-1933.3829,1.8944721,0.2618164,81.122696
3478,-1938.1873,-1933.8634,3.78236,0.2656494,80.42319
3479,-1934.137,-1933.8907,3.410859,0.26513672,77.973175
3480,-1935.845,-1934.0862,3.4134822,0.26303712,80.91529
3481,-1934.2012,-1934.0977,3.073324,0.26481935,81.00458
3482,-1935.0828,-1934.1962,2.8533309,0.2672119,79.55552
3483,-1932.1865,-1933.9952,2.9314778,0.26325685,81.433784
3484,-1932.6641,-1933.862,2.7978127,0.2599121,80.11383
3485,-1933.2903,-1933.8049,2.547455,0.25842285,83.19016
3486,-1937.8195,-1934.2064,3.7431874,0.26135254,79.747536
3487,-1934.0535,-1934.1912,3.3709743,0.2623535,84.13568
3488,-1934.7526,-1934.2473,3.0622423,0.26367188,85.08772
3489,-1934.4495,-1934.2676,2.7596958,0.2623535,82.74835
3490,-1934.3127,-1934.2721,2.4839098,0.2623291,80.17232
3491,-1933.1998,-1934.1649,2.3389966,0.26252443,82.55162
3492,-1934.6915,-1934.2175,2.1300557,0.2642334,79.58705
3493,-1936.0952,-1934.4053,2.2343633,0.26333007,79.77436
3494,-1937.7808,-1934.7428,3.0363798,0.26652834,82.363754
3495,-1932.5729,-1934.5258,3.1565123,0.25930175,79.556915
3496,-1937.2979,-1934.803,3.532467,0.2672119,78.426895
3497,-1935.7421,-1934.8969,3.2585897,0.26538086,81.57453
3498,-1934.9729,-1934.9044,2.9332511,0.2629883,78.591324
3499,-1935.0387,-1934.9178,2.6415489,0.26618654,79.32735
3500,-1931.7987,-1934.606,3.2530072,0.26464844,77.85148
3501,-1934.6249,-1934.6079,2.9277387,0.26103517,79.94795
3502,-1935.6833,-1934.7155,2.739056,0.26640627,81.42477
3503,-1937.7422,-1935.0181,3.2896507,0.26379395,82.59854
3504,-1936.8678,-1935.203,3.2686212,0.26730958,78.98578
3505,-1938.4712,-1935.5298,3.903054,0.2635742,78.60316
3506,-1934.5276,-1935.4296,3.6031444,0.26062012,77.71504
3507,-1934.8905,-1935.3756,3.268983,0.26169434,78.753075
3508,-1932.187,-1935.0568,3.8571289,0.26518556,79.09199
3509,-1930.2937,-1934.5804,5.5132236,0.26103517,78.80123
3510,-1933.0693,-1934.4293,5.167412,0.25791016,83.31473
3511,-1938.811,-1934.8674,6.3786182,0.2614746,82.59229
3512,-1933.3799,-1934.7186,5.9399085,0.25966796,81.423164
3513,-1938.6031,-1935.107,6.7039733,0.26103517,80.80947
3514,-1934.521,-1935.0485,6.064488,0.26120606,79.49577
3515,-1931.3531,-1934.679,6.687019,0.26333007,81.645096
3516,-1931.4858,-1934.3596,6.9359555,0.2609375,80.114456
3517,-1931.9512,-1934.1188,6.7644157,0.26042482,80.41228
3518,-1934.2622,-1934.133,6.089825,0.26579592,79.81044
3519,-1936.04,-1934.3237,5.808135,0.2647461,80.341194
3520,-1939.26,-1934.8174,7.420338,0.26240236,81.583275
3521,-1937.4917,-1935.0848,7.3219814,0.26359865,80.36472
3522,-1938.447,-1935.421,7.6071677,0.26586914,79.13159
3523,-1933.783,-1935.2572,7.0879426,0.2626221,78.0009
3524,-1935.5594,-1935.2875,6.38737,0.26396486,77.55773
3525,-1935.5071,-1935.3094,5.7529736,0.26081544,78.55557
3526,-1933.6484,-1935.1433,5.425982,0.26313478,77.74599
3527,-1933.5466,-1934.9836,5.1128283,0.25966796,76.77518
3528,-1933.9042,-1934.8757,4.706418,0.26513672,81.20592
3529,-1937.0349,-1935.0917,4.655361,0.263208,80.6665
3530,-1937.0122,-1935.2837,4.521785,0.26086426,80.849365
3531,-1935.5754,-1935.3129,4.0772667,0.266333,80.9062
3532,-1938.1069,-1935.5923,4.372153,0.26657715,79.70781
3533,-1935.9233,-1935.6254,3.944801,0.2614258,79.244026
3534,-1932.5817,-1935.321,4.3840914,0.26135254,80.38651
3535,-1935.2435,-1935.3132,3.9462228,0.26208496,80.93088
3536,-1935.2216,-1935.3041,3.5523567,0.26362306,79.97438
3537,-1936.1398,-1935.3877,3.2599754,0.26391602,81.03917
3538,-1940.1682,-1935.8657,4.990779,0.26286623,81.34244
3539,-1935.9236,-1935.8715,4.492002,0.26433107,80.297676
3540,-1935.3345,-1935.8177,4.0687537,0.26342773,82.45238
3541,-1939.9927,-1936.2352,5.2305794,0.26445314,80.87037
3542,-1936.4626,-1936.2579,4.712176,0.26394042,81.42824
3543,-1934.3674,-1936.0688,4.5626183,0.26015624,80.74411
3544,-1936.6482,-1936.1268,4.136564,0.26140139,79.00494
3545,-1932.7451,-1935.7887,4.7521462,0.2602783,81.59696
3546,-1936.7244,-1935.8823,4.3557243,0.26730958,81.66818
3547,-1936.1389,-1935.908,3.9260776,0.2631592,80.058395
3548,-1937.9247,-1936.1096,3.8995156,0.2630127,79.41607
3549,-1934.1787,-1935.9165,3.8451207,0.2640625,79.521706
3550,-1937.6991,-1936.0947,3.7465956,0.26330566,77.21
3551,-1936.7258,-1936.1578,3.4077823,0.26328126,79.89828
3552,-1937.4165,-1936.2837,3.2095857,0.26694337,78.22407
3553,-1936.7073,-1936.326,2.9047751,0.2640625,77.5726
3554,-1935.5905,-1936.2524,2.6629965,0.26398927,76.464096
3555,-1936.4294,-1936.2701,2.3995166,0.25881347,80.5379
3556,-1933.4663,-1935.9897,2.867098,0.2619629,80.43727
3557,-1935.4678,-1935.9375,2.6049092,0.26652834,78.23955
3558,-1938.7413,-1936.2179,3.0519514,0.26132813,77.24747
3559,-1940.047,-1936.6008,4.0663376,0.26481935,77.681915
3560,-1940.2007,-1936.9608,4.826009,0.2635742,77.31899
3561,-1938.4374,-1937.1085,4.539629,0.26757812,80.149796
3562,-1935.397,-1936.9374,4.349312,0.26274416,80.796265
3563,-1938.7474,-1937.1184,4.2092485,0.26479492,80.903336
3564,-1938.1747,-1937.224,3.8887382,0.26489258,77.83873
3565,-1936.232,-1937.1248,3.58842,0.2644287,80.37403
3566,-1938.3562,-1937.2479,3.3660588,0.2652832,79.40822
3567,-1936.6367,-1937.1868,3.0630744,0.26433107,79.240265
3568,-1939.1196,-1937.38,3.0930026,0.26479492,77.45885
3569,-1938.9172,-1937.5337,2.9963796,0.26276857,79.116325
3570,-1936.1227,-1937.3926,2.875927,0.26533204,77.80279
3571,-1935.8665,-1937.24,2.7979488,0.26250002,77.34074
3572,-1937.3163,-1937.2476,2.5186777,0.2661377,78.69318
3573,-1935.4963,-1937.0724,2.5428195,0.26667482,81.07607
3574,-1937.9587,-1937.161,2.3592434,0.26286623,79.50766
3575,-1936.896,-1937.1345,2.12964,0.26496583,80.40882
3576,-1936.3997,-1937.061,1.9652781,0.26306152,80.69141
3577,-1938.9956,-1937.2545,2.1055808,0.26589355,78.03464
3578,-1937.0902,-1937.238,1.8974524,0.26086426,77.80713
3579,-1936.4216,-1937.1564,1.7676939,0.26467285,79.4391
3580,-1937.334,-1937.1741,1.5937636,0.26203614,78.97466
3581,-1937.1885,-1937.1755,1.4344058,0.26398927,78.85025
3582,-1935.6687,-1937.0249,1.4953151,0.25979003,78.77672
3583,-1934.3838,-1936.7607,1.9735767,0.26203614,81.48367
3584,-1936.6677,-1936.7515,1.7769977,0.26010743,79.36493
3585,-1937.4989,-1936.8262,1.6495774,0.26555178,79.82305
3586,-1935.8083,-1936.7244,1.5778562,0.26225588,77.90635
3587,-1936.8505,-1936.7369,1.4215016,0.2623535,81.47931
3588,-1937.5544,-1936.8187,1.3394997,0.26425782,82.79449
3589,-1935.7083,-1936.7076,1.3165334,0.26584473,81.62
3590,-1932.443,-1936.2811,2.8217306,0.26340333,79.78535
3591,-1934.3086,-1936.0839,2.8897376,0.265918,78.83027
3592,-1934.0664,-1935.8821,2.9670753,0.26252443,80.20087
3593,-1936.1862,-1935.9125,2.6786895,0.26247558,80.23075
3594,-1932.9397,-1935.6152,3.2061875,0.26362306,80.18127
3595,-1935.2118,-1935.575,2.9002175,0.26394042,81.62935
3596,-1939.6818,-1935.9856,4.1281266,0.26293945,80.923706
3597,-1937.8152,-1936.1686,4.01658,0.26291505,81.51492
3598,-1937.8237,-1936.3341,3.8614793,0.26130372,79.97132
3599,-1936.9402,-1936.3948,3.5083911,0.26210937,77.20497
3600,-1935.535,-1936.3088,3.2240758,0.2600586,81.91284
3601,-1936.114,-1936.2893,2.9050841,0.2611328,81.95596
3602,-1938.0131,-1936.4617,2.8819952,0.2623535,80.621994
3603,-1937.8439,-1936.5999,2.7657392,0.26367188,81.818344
3604,-1938.6022,-1936.8,2.8500006,0.26225588,78.31563
3605,-1937.4761,-1936.8677,2.6061313,0.26645508,79.148315
3606,-1938.8835,-1937.0692,2.7112536,0.2654297,77.6994
3607,-1935.924,-1936.9547,2.5581748,0.26105958,75.83426
3608,-1940.6315,-1937.3224,3.5190265,0.25871584,80.2681
3609,-1938.646,-1937.4547,3.3247983,0.2607422,78.96293
3610,-1938.7701,-1937.5863,3.1480505,0.26938477,77.55147
3611,-1938.2651,-1937.6542,2.874719,0.26516113,76.2394
3612,-1937.2122,-1937.61,2.604831,0.26364747,81.42361
3613,-1938.7441,-1937.7234,2.4601157,0.26333007,78.74916
3614,-1939.6008,-1937.9111,2.5313349,0.26672363,78.52632
3615,-1941.238,-1938.2438,3.2743475,0.26547852,80.714386
3616,-1936.8336,-1938.1028,3.1258812,0.26657715,77.41431
3617,-1939.2123,-1938.2137,2.9240816,0.26811525,79.016975
3618,-1939.0098,-1938.2933,2.6887019,0.265625,80.06204
3619,-1937.0349,-1938.1675,2.5623581,0.26635742,78.66923
3620,-1934.7617,-1937.8269,3.3500514,0.26416016,81.492966
3621,-1935.964,-1937.6406,3.3273869,0.26435548,80.98857
3622,-1940.7919,-1937.9558,3.888379,0.26604006,78.97917
3623,-1938.3931,-1937.9995,3.5167484,0.26120606,76.46839
3624,-1936.9587,-1937.8954,3.262562,0.26323244,75.91812
3625,-1939.8688,-1938.0928,3.2867894,0.26201174,79.9985
3626,-1937.9714,-1938.0807,2.9594355,0.2668701,78.80845
3627,-1936.94,-1937.9666,2.7806091,0.26899415,78.9071
3628,-1938.2695,-1937.9968,2.51081,0.26132813,79.244644
3629,-1936.6182,-1937.859,2.4307926,0.26237795,76.79661
3630,-1938.4675,-1937.9199,2.22104,0.26328126,76.58179
3631,-1937.2083,-1937.8488,2.0445187,0.26496583,78.753136
3632,-1938.6718,-1937.931,1.9010261,0.26364747,77.758125
3633,-1936.6604,-1937.804,1.8562285,0.26157227,78.123505
3634,-1939.9275,-1938.0164,2.0764518,0.26218262,78.74303
3635,-1936.2698,-1937.8417,2.1433558,0.26708984,79.26091
3636,-1937.6082,-1937.8184,1.933928,0.26486817,77.52509
3637,-1935.7489,-1937.6115,2.1259742,0.25893554,79.634926
3638,-1937.4973,-1937.6001,1.9145491,0.264209,79.35019
3639,-1938.6277,-1937.7029,1.8181285,0.2647217,80.16902
3640,-1937.3442,-1937.667,1.6478918,0.2597168,80.00396
3641,-1937.4823,-1937.6486,1.4861726,0.26394042,79.12824
3642,-1939.544,-1937.8381,1.6608791,0.25993654,80.0055
3643,-1940.4562,-1938.1,2.111664,0.26105958,78.787865
3644,-1938.3832,-1938.1283,1.9077159,0.26689455,78.984924
3645,-1938.9093,-1938.2064,1.7718416,0.26188967,80.06204
3646,-1940.344,-1938.4202,2.0058873,0.2590088,77.74042
3647,-1937.1389,-1938.292,1.9530427,0.26157227,81.45877
3648,-1936.0559,-1938.0684,2.2077448,0.2623291,80.127754
3649,-1936.6726,-1937.9288,2.1623013,0.26271972,76.99546
3650,-1937.9738,-1937.9333,1.9462527,0.26291505,80.3581
3651,-1940.2665,-1938.1666,2.2415419,0.26030275,79.68962
3652,-1935.7216,-1937.9221,2.55544,0.26208496,80.1144
3653,-1938.9216,-1938.0221,2.389808,0.26279297,80.839645
3654,-1937.336,-1937.9535,2.193185,0.25886232,77.20649
3655,-1936.1561,-1937.7738,2.264613,0.2628418,80.261856
3656,-1938.9712,-1937.8936,2.167188,0.2635742,77.71789
3657,-1940.6198,-1938.1661,2.619362,0.261084,81.18871
3658,-1939.0652,-1938.2561,2.4301717,0.26391602,79.518135
3659,-1941.2368,-1938.5542,2.986773,0.26364747,78.004906
3660,-1939.7285,-1938.6716,2.8122072,0.27075195,79.357735
3661,-1937.976,-1938.602,2.5745435,0.2631836,79.23104
3662,-1939.9246,-1938.7343,2.4745018,0.26169434,78.41438
3663,-1937.9861,-1938.6594,2.2774298,0.26376954,80.4028
3664,-1938.9384,-1938.6873,2.056689,0.2643799,77.21847
3665,-1939.7072,-1938.7893,1.9446373,0.26247558,78.772766
3666,-1935.2396,-1938.4343,2.8841958,0.26462403,90.28373
3667,-331.13696,-1777.7046,232509.03,0.2589844,72792.04
3668,-1937.6311,-1793.6973,211560.02,0.2631836,117.813324
3669,-1936.0701,-1807.9346,192228.31,0.26247558,80.870926
3670,-1935.5001,-1820.6912,174470.05,0.26369628,78.26083
3671,-1934.7979,-1832.1018,158194.86,0.2668213,80.325775
3672,-1934.8662,-1842.3783,143325.81,0.26394042,79.27416
3673,-1934.5101,-1851.5914,129757.17,0.26000977,79.85612
3674,-1937.4548,-1860.1777,117444.98,0.2659912,79.222244
3675,-1937.6603,-1867.926,106240.79,0.26413575,79.57097
3676,-1938.7522,-1875.0087,96068.18,0.2626953,77.82234
3677,-1937.7804,-1881.2859,86815.984,0.2617676,74.54994
3678,-1938.6548,-1887.0228,78430.586,0.25808105,78.23646
3679,-1942.5515,-1892.5757,70865.03,0.26257324,79.87129
3680,-1939.3184,-1897.25,63975.164,0.26237795,77.86929
3681,-1937.8738,-1901.3124,57726.17,0.26035157,78.52582
3682,-1937.7742,-1904.9585,52073.203,0.26225588,76.83853
3683,-1939.185,-1908.3811,46971.312,0.26606447,77.56142
3684,-1937.7927,-1911.3223,42352.035,0.26098633,79.548996
3685,-1937.3856,-1913.9286,38177.97,0.26323244,81.45269
3686,-1938.21,-1916.3567,34413.23,0.26218262,79.58039
3687,-1936.4143,-1918.3624,31008.113,0.26115724,76.24929
3688,-1938.1428,-1920.3405,27942.516,0.26621094,77.31222
3689,-1940.768,-1922.3832,25185.818,0.26418456,79.82329
3690,-1940.5381,-1924.1987,22696.9,0.26391602,78.13264
3691,-1939.4673,-1925.7256,20448.191,0.26655275,79.97356
3692,-1938.0455,-1926.9575,18417.031,0.26540527,79.575
3693,-1940.3846,-1928.3003,16591.555,0.26398927,78.74938
3694,-1938.5239,-1929.3226,14941.807,0.26520997,77.16748
3695,-1939.663,-1930.3567,13457.249,0.2656494,77.347046
3696,-1939.9178,-1931.3127,12119.751,0.2611084,81.088165
3697,-1937.1952,-1931.901,10910.89,0.26372072,81.56587
3698,-1939.2156,-1932.6324,9824.616,0.26086426,79.398994
3699,-1937.9104,-1933.1603,8844.662,0.26501465,80.80463
3700,-1938.78,-1933.7223,7963.038,0.2635254,79.65062
3701,-1936.7397,-1934.024,7167.5537,0.26452637,81.18091
3702,-1937.7927,-1934.4009,6452.0767,0.26579592,76.92474
3703,-1938.6558,-1934.8264,5808.4985,0.2671387,77.28079
3704,-1936.9489,-1935.0387,5228.054,0.26967773,78.704216
3705,-1938.4766,-1935.3824,4706.3125,0.26166993,78.64344
3706,-1938.4797,-1935.6921,4236.5444,0.26567385,76.156265
3707,-1937.3926,-1935.8622,3813.1501,0.2647217,78.831726
3708,-1942.1372,-1936.4897,3435.379,0.2626709,78.13784
3709,-1938.999,-1936.7407,3092.4077,0.2628418,77.11993
3710,-1940.9496,-1937.1616,2784.7612,0.26271972,77.0366
3711,-1941.2917,-1937.5746,2507.8203,0.26342773,80.279915
3712,-1939.5288,-1937.77,2257.3818,0.26015624,80.10683
3713,-1936.9893,-1937.6919,2031.6985,0.26452637,80.4244
3714,-1938.3303,-1937.7557,1828.5653,0.26496583,81.87901
3715,-1939.8307,-1937.9633,1646.0962,0.26242676,78.06132
3716,-1940.0657,-1938.1735,1481.8844,0.26325685,80.13791
3717,-1924.7217,-1936.8282,1349.9816,0.2659912,698.7826
3718,-1937.03,-1936.8484,1214.987,0.2626465,137.85597
3719,-1936.0935,-1936.773,1093.5397,0.26689455,99.7857
3720,-1933.2466,-1936.4203,985.3049,0.26621094,84.594086
3721,-1938.9641,-1936.6747,887.35675,0.26535645,132.08177
3722,-1925.226,-1935.5298,810.41766,0.26435548,663.46704
3723,-1939.204,-1935.8972,730.5909,0.26303712,105.654594
3724,-1940.0071,-1936.3082,659.05194,0.26291505,77.54622
3725,-1938.8549,-1936.5629,593.7304,0.26499024,78.52081
3726,-1940.2374,-1936.9303,535.5726,0.26411134,76.38082
3727,-1936.5999,-1936.8972,482.02515,0.26484376,79.99189
3728,-1938.8047,-1937.088,434.15005,0.2628418,79.58852
3729,-1936.9812,-1937.0774,390.73605,0.2614746,77.96138
3730,-1936.9628,-1937.0659,351.6636,0.26081544,78.49265
3731,-1938.7976,-1937.2391,316.76712,0.26184082,80.712524
3732,-1939.0957,-1937.4248,285.40063,0.26223144,76.4082
3733,-1938.0515,-1937.4874,256.8959,0.26271972,79.778885
3734,-1938.4965,-1937.5884,231.29793,0.2640625,79.30502
3735,-1941.3502,-1937.9646,209.44176,0.2631836,78.93337
3736,-1937.0112,-1937.8693,188.57938,0.2623047,78.06449
3737,-1938.8152,-1937.9639,169.80197,0.26083985,78.35797
3738,-1938.5991,-1938.0273,152.8581,0.26369628,80.40413
3739,-1937.7542,-1938.0,137.579,0.26494142,77.823235
3740,-1939.9731,-1938.1973,124.171486,0.26726076,79.873505
3741,-1938.916,-1938.2692,111.80083,0.2630127,78.59409
3742,-1941.2417,-1938.5664,101.41598,0.26118165,79.775986
3743,-1942.5491,-1938.9647,92.70193,0.26550293,80.024086
3744,-1941.9333,-1939.2616,84.224884,0.26638183,78.63219
3745,-1939.2701,-1939.2625,75.8024,0.26899415,77.60105
3746,-1940.1418,-1939.3503,68.291756,0.26132813,78.380516
3747,-1938.9333,-1939.3086,61.478226,0.2614746,77.95539
3748,-1939.2124,-1939.299,55.331238,0.2626709,79.7994
3749,-1940.9916,-1939.4683,50.05596,0.26245117,78.28627
3750,-1940.7673,-1939.5981,45.202248,0.2652832,80.37196
3751,-1942.9257,-1939.9309,41.67853,0.26323244,80.179726
3752,-1941.1978,-1940.0576,37.655117,0.2605957,81.24831
3753,-1941.3983,-1940.1917,34.051376,0.26340333,78.67372
3754,-1940.0479,-1940.1772,30.648098,0.25910646,78.636345
3755,-1937.862,-1939.9457,28.065695,0.26291505,77.885315
3756,-1940.8829,-1940.0394,25.338184,0.2602051,78.836655
3757,-1939.4768,-1939.9832,22.832853,0.26337892,78.60608
3758,-1940.0981,-1939.9946,20.550756,0.26323244,77.621796
3759,-1939.8362,-1939.9788,18.49794,0.25964355,77.54676
3760,-1936.4359,-1939.6245,17.777805,0.2619629,77.77223
3761,-1938.447,-1939.5067,16.12481,0.2602539,81.3326
3762,-1940.0928,-1939.5653,14.543241,0.2631836,78.122795
3763,-1938.8875,-1939.4976,13.13027,0.26154786,77.30532
3764,-1937.4115,-1939.289,12.208891,0.2650879,78.26578
3765,-1939.0043,-1939.2605,10.995295,0.2623047,78.84533
3766,-1941.5198,-1939.4865,10.355155,0.26401368,78.83443
3767,-1941.1567,-1939.6534,9.570726,0.26538086,77.74498
3768,-1940.6707,-1939.7551,8.706779,0.2672119,77.618126
3769,-1936.2476,-1939.4044,8.943374,0.26550293,79.39771
3770,-1938.8046,-1939.3445,8.08142,0.26340333,80.35283
3771,-1939.843,-1939.3943,7.295646,0.2607422,78.35452
3772,-1944.4949,-1939.9043,8.907519,0.26052245,76.45296
3773,-1942.5276,-1940.1666,8.636116,0.26220703,75.012955
3774,-1939.4797,-1940.0979,7.814968,0.2685547,80.60553
3775,-1939.577,-1940.0458,7.057889,0.26486817,78.10821
3776,-1939.0427,-1939.9454,6.44265,0.26455078,79.01709
3777,-1937.4451,-1939.6954,6.3610497,0.2640381,79.613625
3778,-1940.7723,-1939.8031,5.82932,0.26455078,76.364876
3779,-1935.8618,-1939.4089,6.6444225,0.26398927,84.20216
3780,-1940.8132,-1939.5493,6.1574645,0.26391602,82.850204
3781,-1939.2762,-1939.522,5.548429,0.26711425,78.45854
3782,-1940.2136,-1939.5912,5.03664,0.2630127,81.981804
3783,-1941.9109,-1939.8231,5.0172677,0.2616211,78.77323
3784,-1941.2458,-1939.9653,4.6977153,0.26140139,78.363205
3785,-1941.4658,-1940.1154,4.4305754,0.2645752,75.99166
3786,-1941.4056,-1940.2444,4.1373525,0.25856933,74.835495
3787,-1938.1277,-1940.0327,4.1268544,0.2630127,75.98633
3788,-1939.4165,-1939.9711,3.7483432,0.2626221,78.87563
3789,-1941.5037,-1940.1243,3.5849044,0.26372072,80.352745
3790,-1939.623,-1940.0741,3.249024,0.26447755,75.80383
3791,-1940.5024,-1940.117,2.9406347,0.2602783,77.25729
3792,-1941.6523,-1940.2705,2.858742,0.2616211,79.196205
3793,-1941.0071,-1940.3441,2.6216962,0.26396486,78.672455
3794,-1937.3652,-1940.0463,3.1581628,0.26220703,79.87455
3795,-1941.241,-1940.1658,2.9708047,0.26459962,78.119194
3796,-1939.9695,-1940.1461,2.6771917,0.26347658,79.74103
3797,-1940.0188,-1940.1334,2.4109313,0.2663086,77.05292
3798,-1943.6503,-1940.4851,3.2829766,0.2650635,74.623055
3799,-1941.9817,-1940.6348,3.156257,0.26376954,78.94971
3800,-1941.6814,-1940.7394,2.9392204,0.26533204,79.42197
3801,-1941.4791,-1940.8134,2.6945484,0.26347658,78.80186
3802,-1940.9333,-1940.8253,2.4263892,0.2638916,77.21739
3803,-1938.146,-1940.5574,2.829839,0.2654297,76.73905
3804,-1939.9197,-1940.4937,2.5834541,0.26445314,79.11949
3805,-1938.012,-1940.2455,2.8793988,0.2609375,79.89197
3806,-1941.7429,-1940.3953,2.7932675,0.26379395,79.33854
3807,-1941.2715,-1940.4829,2.5830393,0.25925294,78.894394
3808,-1941.5931,-1940.594,2.4356701,0.2616211,75.59477
3809,-1941.6162,-1940.6962,2.2861464,0.2583252,75.64834
3810,-1942.9058,-1940.9171,2.4969397,0.2584961,76.65606
3811,-1939.1348,-1940.7389,2.5331545,0.26325685,77.9085
3812,-1940.2363,-1940.6886,2.3025703,0.26220703,76.46351
3813,-1939.1733,-1940.5371,2.278954,0.26657715,78.86295
3814,-1938.4067,-1940.3241,2.4595218,0.26018068,77.780945
3815,-1942.1934,-1940.511,2.5280426,0.26032716,77.31941
3816,-1939.561,-1940.416,2.3564548,0.2623535,77.25924
3817,-1941.4534,-1940.5198,2.2176585,0.26276857,78.911476
3818,-1941.2842,-1940.5962,2.0484807,0.27001953,75.05608
3819,-1937.5277,-1940.2893,2.6910348,0.26359865,76.89196
3820,-1940.2676,-1940.2871,2.4219737,0.26618654,76.17899
3821,-1940.9011,-1940.3485,2.2137074,0.26308593,74.67815
3822,-1936.8302,-1939.9967,3.1064024,0.26572266,75.11261
3823,-1940.478,-1940.0448,2.8166125,0.25886232,78.406296
3824,-1939.9692,-1940.0372,2.535465,0.26105958,78.77155
3825,-1943.0659,-1940.3401,3.1074831,0.2629883,77.91748
3826,-1942.4487,-1940.5509,3.1969082,0.2581299,77.835625
3827,-1942.1357,-1940.7094,3.1032715,0.26125488,75.51552
3828,-1940.259,-1940.6643,2.8111951,0.25981447,76.65695
3829,-1938.739,-1940.4718,2.8636832,0.26494142,77.8432
3830,-1938.7449,-1940.2991,2.8457203,0.26430663,76.36651
3831,-1939.0659,-1940.1758,2.6980085,0.26037598,77.03834
3832,-1939.0337,-1940.0615,2.545601,0.26435548,76.02933
3833,-1942.689,-1940.3242,2.9123511,0.26191407,76.39384
3834,-1940.5491,-1940.3467,2.6256664,0.25927734,76.7894
3835,-1941.4263,-1940.4546,2.467996,0.25959474,77.49411
3836,-1937.9326,-1940.2024,2.7936275,0.26379395,76.00134
3837,-1941.1912,-1940.3013,2.6022546,0.2621338,77.280785
3838,-1940.015,-1940.2727,2.3494039,0.2647217,76.17551
3839,-1943.8423,-1940.6296,3.2612345,0.2644043,76.312416
3840,-1943.2366,-1940.8904,3.5467603,0.2611328,75.55399
3841,-1944.1194,-1941.2133,4.130466,0.2638916,75.39329
3842,-1944.0955,-1941.5015,4.4650574,0.264917,76.13199
3843,-1944.1967,-1941.771,4.672316,0.26137695,77.002365
3844,-1939.3666,-1941.5305,4.725395,0.26503906,77.80634
3845,-1941.0599,-1941.4834,4.2727857,0.2614502,75.765564
3846,-1938.8318,-1941.2183,4.478301,0.26831055,74.59794
3847,-1941.2816,-1941.2246,4.0308323,0.26337892,74.98013
3848,-1939.5186,-1941.054,3.8897052,0.26621094,75.9673
3849,-1940.7485,-1941.0234,3.50913,0.2661377,78.182236
3850,-1942.0981,-1941.1309,3.2621665,0.26618654,77.9429
3851,-1939.8251,-1941.0002,3.0894067,0.2623535,76.44793
3852,-1944.0157,-1941.3018,3.5988593,0.2678711,76.4085
3853,-1944.0356,-1941.5752,3.9116457,0.2640625,77.12575
3854,-1942.3245,-1941.6501,3.5710073,0.26391602,75.61106
3855,-1943.7864,-1941.8638,3.6246195,0.26401368,76.83601
3856,-1940.76,-1941.7534,3.371803,0.2675293,74.473885
3857,-1937.7236,-1941.3505,4.4961476,0.26503906,74.867485
3858,-1945.937,-1941.8091,5.9398103,0.2652588,78.210205
3859,-1940.1936,-1941.6476,5.5807085,0.26789552,73.6757
3860,-1942.173,-1941.7001,5.0474806,0.26831055,73.98029
3861,-1942.0631,-1941.7363,4.554594,0.26516113,74.634514
3862,-1943.3767,-1941.9004,4.341311,0.26062012,78.39016
3863,-1942.9084,-1942.0012,3.9986358,0.26464844,76.2692
3864,-1939.6594,-1941.7671,4.0923333,0.2684082,77.076866
3865,-1940.8047,-1941.6709,3.7664595,0.26745605,75.67874
3866,-1940.143,-1941.5181,3.5999315,0.26811525,77.091705
3867,-1940.5779,-1941.4241,3.3194935,0.2630127,74.95219
3868,-1940.3894,-1941.3206,3.0838926,0.26289064,76.58671
3869,-1944.4473,-1941.6332,3.655371,0.26530764,76.46598
3870,-1942.0566,-1941.6755,3.3059726,0.26455078,74.90417
3871,-1940.3394,-1941.5419,3.1360595,0.26135254,76.8805
3872,-1938.5928,-1941.247,3.605199,0.27026367,76.2375
3873,-1940.3724,-1941.1595,3.3135085,0.2611084,78.850464
3874,-1942.0896,-1941.2526,3.0600076,0.26694337,76.10478
3875,-1943.2039,-1941.4478,3.096686,0.26540527,78.303925
3876,-1941.6545,-1941.4684,2.7908657,0.2607422,74.118126
3877,-1940.4872,-1941.3702,2.598427,0.2626465,76.48359
3878,-1941.0642,-1941.3396,2.3470132,0.2623535,76.834175
3879,-1944.3684,-1941.6425,2.9379432,0.2662842,77.34115
3880,-1942.9202,-1941.7703,2.7910776,0.26691896,75.40779
3881,-1940.6194,-1941.6552,2.6311767,0.2667969,78.01182
3882,-1939.9596,-1941.4856,2.6268013,0.2654297,76.46416
3883,-1943.2593,-1941.663,2.6472564,0.26513672,77.759636
3884,-1943.5028,-1941.8469,2.687183,0.26611328,73.27185
3885,-1941.4272,-1941.8049,2.4343162,0.26447755,77.859924
3886,-1940.8762,-1941.712,2.2685099,0.2650635,77.12041
3887,-1942.7009,-1941.8109,2.1296704,0.2635254,78.278366
3888,-1943.6821,-1941.998,2.2318337,0.27021486,79.483376
3889,-1944.1396,-1942.2122,2.4214315,0.2665039,78.21133
3890,-1942.504,-1942.2413,2.1869555,0.26638183,77.55685
3891,-1942.8872,-1942.3059,2.0058036,0.26281738,79.38981
3892,-1944.5261,-1942.528,2.2488651,0.26955566,80.1647
3893,-1942.6355,-1942.5387,2.0250194,0.2647461,74.526024
3894,-1940.4978,-1942.3346,2.1973896,0.26064453,78.950424
3895,-1940.9854,-1942.1997,2.1414917,0.2611328,76.441376
3896,-1942.1282,-1942.1925,1.9278029,0.26520997,77.384705
3897,-1940.1089,-1941.9841,2.1257544,0.26657715,75.96508
3898,-1940.7686,-1941.8625,2.0461652,0.26374513,74.179535
3899,-1945.8911,-1942.2654,3.3021884,0.26516113,77.19946
3900,-1940.7462,-1942.1135,3.1796772,0.26914063,78.01165
3901,-1939.5132,-1941.8535,3.4702694,0.2626465,77.788
3902,-1942.0671,-1941.8749,3.1273496,0.26579592,76.87579
3903,-1940.7571,-1941.7631,2.927067,0.26174316,77.22215
3904,-1943.4243,-1941.9292,2.8827395,0.26052245,77.82242
3905,-1943.8252,-1942.1188,2.9179976,0.26723632,78.85219
3906,-1942.0795,-1942.1149,2.6263368,0.266333,79.26062
3907,-1940.325,-1941.9359,2.6520452,0.2685547,75.73459
3908,-1942.448,-1941.987,2.4104416,0.26486817,76.24842
3909,-1942.6053,-1942.0488,2.2038023,0.27092287,78.52656
3910,-1944.1277,-1942.2567,2.3723705,0.26523438,79.0657
3911,-1941.1891,-1942.1499,2.2377179,0.26481935,78.65455
3912,-1942.6448,-1942.1993,2.035987,0.2677002,77.35983
3913,-1944.0134,-1942.3807,2.12857,0.26677248,74.55644
3914,-1942.4281,-1942.3855,1.9159149,0.26333007,78.73176
3915,-1940.771,-1942.224,1.9589189,0.26435548,78.195526
3916,-1943.753,-1942.377,1.9734472,0.27209473,80.76111
3917,-1943.6641,-1942.5056,1.9252009,0.26550293,79.0354
3918,-1944.8441,-1942.7395,2.2248538,0.2664795,77.54358
3919,-1941.649,-1942.6305,2.1093864,0.27246094,75.93701
3920,-1946.0955,-1942.977,2.9789865,0.2692871,75.12063
3921,-1942.8501,-1942.9644,2.6825383,0.2659424,76.73649
3922,-1942.219,-1942.8898,2.4642851,0.26708984,76.008286
3923,-1941.2539,-1942.7262,2.4587011,0.26784667,78.97517
3924,-1940.6316,-1942.5167,2.6076941,0.26794434,77.05978
3925,-1939.7427,-1942.2393,3.0395052,0.27092287,77.08751
3926,-1942.999,-1942.3152,2.7875066,0.26323244,77.51494
3927,-1945.718,-1942.6555,3.5508897,0.26083985,75.117805
3928,-1942.2032,-1942.6104,3.21421,0.26433107,79.313446
3929,-1943.6611,-1942.7155,2.9921615,0.2614746,78.38621
3930,-1945.9669,-1943.0406,3.6444275,0.2654541,77.89839
3931,-1943.1035,-1943.0469,3.2803404,0.2638672,78.34382
3932,-1940.1494,-1942.7571,3.7078815,0.26311037,77.87282
3933,-1940.7937,-1942.5608,3.6840303,0.2643799,76.44035
3934,-1942.4283,-1942.5476,3.3172061,0.26677248,76.38176
3935,-1943.7573,-1942.6686,3.1171927,0.26418456,77.68557
3936,-1941.6343,-1942.5652,2.9017534,0.2614746,76.662575
3937,-1944.0917,-1942.7178,2.8212934,0.2619629,74.7814
3938,-1941.897,-1942.6357,2.5997982,0.26411134,76.6768
3939,-1943.0752,-1942.6797,2.357199,0.264917,78.80645
3940,-1943.1521,-1942.7269,2.1415646,0.2665039,76.94582
3941,-1942.9348,-1942.7477,1.9312975,0.26547852,75.05571
3942,-1941.9058,-1942.6635,1.8019623,0.2668457,76.063354
3943,-1943.1912,-1942.7162,1.646829,0.2643799,77.742485
3944,-1943.0051,-1942.7451,1.4896599,0.264209,76.31151
3945,-1942.9784,-1942.7684,1.3455915,0.26052245,78.40384
3946,-1944.4514,-1942.9368,1.4659513,0.2640381,74.83044
3947,-1942.8225,-1942.9253,1.3205311,0.26398927,76.983154
3948,-1943.444,-1942.9772,1.2126902,0.2633545,75.171165
3949,-1943.731,-1943.0525,1.1425583,0.26376954,75.32819
3950,-1941.8694,-1942.9342,1.154279,0.26242676,78.16674
3951,-1943.9177,-1943.0326,1.1259092,0.26621094,75.65987
3952,-1944.2805,-1943.1573,1.1534767,0.26535645,74.80236
3953,-1942.5022,-1943.0918,1.0767591,0.2645752,74.8422
3954,-1942.2166,-1943.0043,1.0380279,0.26394042,76.84608
3955,-1943.0881,-1943.0127,0.9348581,0.2673584,77.531624
3956,-1943.602,-1943.0717,0.87263286,0.26503906,74.434006
3957,-1943.5925,-1943.1238,0.8097874,0.2668457,75.19361
3958,-1946.6567,-1943.477,1.8521705,0.26240236,75.067764
3959,-1945.3743,-1943.6667,1.9909022,0.26328126,76.534485
3960,-1944.0768,-1943.7078,1.8069434,0.2635254,79.71621
3961,-1942.7146,-1943.6084,1.7150228,0.26574707,78.65474
3962,-1945.4929,-1943.7969,1.8631483,0.26372072,78.19496
3963,-1940.0356,-1943.4208,2.9500504,0.26999512,78.32888
3964,-1941.707,-1943.2494,2.919368,0.26726076,79.01659
3965,-1940.4517,-1942.9696,3.3318875,0.26259765,77.27015
3966,-1941.9763,-1942.8702,3.0874941,0.25964355,79.02983
3967,-1939.3188,-1942.5151,3.9138591,0.26337892,78.73229
3968,-1939.9896,-1942.2626,4.0965123,0.26401368,77.46022
3969,-1941.0364,-1942.1399,3.8221812,0.26486817,77.83145
3970,-1941.5884,-1942.0847,3.467338,0.26359865,83.96693
3971,-1942.3127,-1942.1075,3.125284,0.2612793,79.42675
3972,-1941.9155,-1942.0884,2.816074,0.26062012,81.7139
3973,-1940.469,-1941.9264,2.770483,0.263501,76.37161
3974,-1942.7131,-1942.0051,2.5491416,0.26159668,77.56213
3975,-1941.0234,-1941.907,2.3809617,0.26625976,75.56351
3976,-1942.2924,-1941.9456,2.1562319,0.2619629,72.50261
3977,-1942.5369,-1942.0046,1.9720768,0.26582032,72.96202
3978,-1941.2103,-1941.9252,1.8316528,0.26411134,77.24909
3979,-1943.0244,-1942.0352,1.7572376,0.26938477,93.48061
3980,-1942.7144,-1942.103,1.6230317,0.2656006,77.717285
3981,-1947.3053,-1942.6233,3.8964543,0.26579592,76.227104
3982,-1943.7369,-1942.7346,3.6184278,0.26418456,78.749794
3983,-1944.1459,-1942.8757,3.4358325,0.26364747,77.81782
3984,-1943.3871,-1942.9269,3.1157825,0.2629883,77.7099
3985,-1929.2689,-1941.561,19.59279,0.2668701,549.3279
3986,-1931.2241,-1940.5273,27.250172,0.26271972,592.4258
3987,-1942.8243,-1940.7571,25.000011,0.26186523,76.12044
3988,-1940.3401,-1940.7153,22.515657,0.2635498,77.54417
3989,-1941.5386,-1940.7976,20.325087,0.26044923,77.05574
3990,-1943.0188,-1941.0198,18.73661,0.26118165,73.19977
3991,-1941.3334,-1941.0511,16.8718,0.26730958,77.90592
3992,-1942.7988,-1941.226,15.459515,0.26535645,75.173515
3993,-1939.4788,-1941.0513,14.188304,0.2659912,75.51858
3994,-1942.3187,-1941.178,12.914053,0.2654297,76.47877
3995,-1941.3108,-1941.1913,11.624235,0.26899415,76.40025
3996,-1941.2,-1941.1921,10.461819,0.26379395,76.13388
3997,-1938.1102,-1940.8839,10.270472,0.26669922,77.31585
3998,-1939.6979,-1940.7653,9.370026,0.26938477,76.62186
3999,-1940.3193,-1940.7207,8.450919,0.26125488,77.87907
4000,-1941.6523,-1940.8138,7.6839433,0.26494142,78.53957
4001,-1942.1272,-1940.9452,7.07079,0.26254883,76.343994
4002,-1944.6704,-1941.3177,7.612664,0.26540527,75.31616
4003,-1943.8344,-1941.5695,7.4213934,0.2672119,75.31005
4004,-1943.452,-1941.7577,6.9982195,0.26577148,73.20844
4005,-1944.0995,-1941.9918,6.791959,0.26369628,77.29259
4006,-1945.8138,-1942.374,7.4274693,0.26157227,74.97371
4007,-1945.9585,-1942.7324,7.841082,0.26557618,76.084145
4008,-1945.6099,-1943.0201,7.802144,0.26779786,74.43082
4009,-1942.9602,-1943.0142,7.0222526,0.26323244,78.10935
4010,-1943.4551,-1943.0582,6.337524,0.26696777,72.859634
4011,-1940.501,-1942.8025,6.2923293,0.2638428,74.94553
4012,-1943.3197,-1942.8542,5.687172,0.2638672,74.97153
4013,-1940.8164,-1942.6505,5.4922066,0.27021486,74.758606
4014,-1947.1985,-1943.1053,6.804551,0.26467285,75.61376
4015,-1943.0449,-1943.0994,6.1244245,0.26540527,72.83082
4016,-1941.4136,-1942.9308,5.767752,0.26362306,75.993385
4017,-1944.3784,-1943.0756,5.3795843,0.26489258,76.34668
4018,-1942.9973,-1943.0677,4.842177,0.26330566,75.97109
4019,-1942.494,-1943.0104,4.387584,0.26118165,75.10196
4020,-1944.8527,-1943.1946,4.2542872,0.25996095,75.02598
4021,-1944.4194,-1943.317,3.9638824,0.26240236,72.518166
4022,-1947.0331,-1943.6886,4.8103166,0.25952148,73.643364
4023,-1943.6284,-1943.6826,4.329611,0.2630127,75.12904
4024,-1947.4706,-1944.0614,5.18803,0.26618654,73.864006
4025,-1946.0161,-1944.2568,5.013108,0.2675049,73.98077
4026,-1946.0189,-1944.4331,4.7912416,0.26333007,73.326996
4027,-1940.9939,-1944.0892,5.376652,0.2656494,74.02371
4028,-1945.286,-1944.2089,4.967891,0.26289064,77.04429
4029,-1946.4834,-1944.4363,4.9367185,0.26152346,75.3005
4030,-1945.7611,-1944.5687,4.6010118,0.26884767,76.6928
4031,-1944.8435,-1944.5962,4.1477056,0.2602539,75.98645
4032,-1941.2737,-1944.2639,4.7264514,0.26169434,74.77989
4033,-1943.353,-1944.1729,4.328481,0.2635254,75.06858
4034,-1943.021,-1944.0576,4.0150423,0.26408693,76.877396
4035,-1944.9814,-1944.15,3.690349,0.26342773,77.92992
4036,-1941.551,-1943.8901,3.9292455,0.2630127,75.062744
4037,-1944.0513,-1943.9062,3.5386577,0.2652832,75.14141
4038,-1944.6116,-1943.9768,3.229565,0.2611328,72.975845
4039,-1945.0731,-1944.0864,3.0147796,0.2652588,77.50725
4040,-1942.566,-1943.9343,2.921343,0.2640625,77.33716
4041,-1944.7067,-1944.0116,2.6828942,0.26796874,80.24037
4042,-1945.3931,-1944.1498,2.5863662,0.266333,73.986206
4043,-1943.8928,-1944.124,2.333672,0.26516113,76.34472
4044,-1944.312,-1944.1428,2.1034853,0.27062988,77.22744
4045,-1946.4658,-1944.3751,2.3788056,0.2644043,75.469185
4046,-1944.2695,-1944.3645,2.1419284,0.26582032,75.60715
4047,-1942.6155,-1944.1896,2.2030532,0.26311037,76.00267
4048,-1943.1145,-1944.082,2.0867682,0.26313478,75.38967
4049,-1942.1001,-1943.8838,2.2316167,0.2671875,77.4591
4050,-1943.7742,-1943.8728,2.0095365,0.26372072,77.13305
4051,-1942.1245,-1943.698,2.0836697,0.26372072,78.173256
4052,-1946.8333,-1944.0115,2.7599862,0.2635498,77.2966
4053,-1946.5536,-1944.2656,3.0655985,0.26452637,76.40058
4054,-1944.4375,-1944.2828,2.761697,0.2671387,74.92265
4055,-1944.6411,-1944.3186,2.4970798,0.26555178,74.90522
4056,-1941.2118,-1944.0079,3.116077,0.26245117,76.17536
4057,-1942.5818,-1943.8654,2.9875197,0.26166993,74.9565
4058,-1942.9551,-1943.7743,2.7633424,0.26577148,77.391884
4059,-1943.2095,-1943.7178,2.51572,0.26667482,77.349205
4060,-1943.7512,-1943.7211,2.2642484,0.2616211,74.15664
4061,-1940.1167,-1943.3606,3.207057,0.2656494,74.432236
4062,-1941.5134,-1943.1759,3.193434,0.26657715,74.94332
4063,-1942.4465,-1943.103,2.9219687,0.2612793,76.25896
4064,-1941.9153,-1942.9843,2.7567382,0.26369628,76.0688
4065,-1941.4707,-1942.8329,2.6872392,0.26281738,76.41425
4066,-1943.3304,-1942.8827,2.440796,0.26784667,77.4584
4067,-1944.0825,-1943.0027,2.3262794,0.2626953,74.77371
4068,-1944.4703,-1943.1494,2.2875113,0.2642334,76.50421
4069,-1941.8984,-1943.0243,2.199605,0.26333007,74.85555
4070,-1945.7004,-1943.2919,2.6242032,0.26293945,76.85697
4071,-1946.8545,-1943.6482,3.5040874,0.26408693,75.03435
4072,-1947.3115,-1944.0145,4.3614774,0.2638428,75.114746
4073,-1945.434,-1944.1565,4.1066604,0.26518556,78.01138
4074,-1945.8618,-1944.327,3.9577255,0.27001953,72.73413
4075,-1944.8232,-1944.3767,3.5841136,0.26201174,74.631165
4076,-1946.9012,-1944.6292,3.7992976,0.26706544,76.36394
4077,-1946.5776,-1944.824,3.7610617,0.26450196,77.2395
4078,-1946.7842,-1945.02,3.730772,0.26638183,76.528435
4079,-1943.9858,-1944.9166,3.453952,0.26337892,75.95451
4080,-1943.9493,-1944.82,3.1927645,0.26479492,78.81616
4081,-1940.894,-1944.4274,4.2606325,0.26513672,111.62965
4082,-1945.5858,-1944.5432,3.9553492,0.26586914,78.55995
4083,-1942.8738,-1944.3762,3.810645,0.26755372,76.413994
4084,-1941.943,-1944.1329,3.962434,0.26711425,77.28075
4085,-1943.4751,-1944.0671,3.605138,0.26105958,78.188446
4086,-1943.9216,-1944.0526,3.2465296,0.26166993,76.16258
4087,-1943.7563,-1944.023,2.9297762,0.26635742,75.2773
4088,-1945.0825,-1944.1289,2.7378404,0.26425782,74.75093
4089,-1944.6675,-1944.1827,2.490162,0.2619629,74.0116
4090,-1945.8206,-1944.3466,2.4825656,0.26286623,77.12876
4091,-1943.3782,-1944.2498,2.318708,0.2633545,75.11773
4092,-1944.8691,-1944.3116,2.1213644,0.2633545,74.42115
4093,-1942.5522,-1944.1357,2.1878216,0.26701662,77.35872
4094,-1940.8628,-1943.8085,2.9331372,0.26496583,75.40319
4095,-1942.7583,-1943.7035,2.7390807,0.2654297,74.89502
4096,-1945.3407,-1943.8672,2.7064128,0.2609375,74.53877
4097,-1944.8175,-1943.9622,2.5170507,0.2626465,74.07957
4098,-1944.298,-1943.9957,2.275495,0.25979003,74.510574
4099,-1943.5631,-1943.9525,2.0647898,0.26313478,74.03973
4100,-1944.4526,-1944.0026,1.8808218,0.26643068,75.58965
4101,-1944.9249,-1944.0948,1.7693075,0.26379395,73.86717
4102,-1944.4484,-1944.1302,1.6036242,0.26337892,77.583595
4103,-1946.8878,-1944.406,2.127638,0.26347658,75.105125
4104,-1942.3838,-1944.2037,2.2829165,0.26337892,74.78221
4105,-1946.7246,-1944.4558,2.6265574,0.26203614,73.36955
4106,-1943.7898,-1944.3892,2.4038236,0.26455078,71.848885
4107,-1945.8582,-1944.536,2.357656,0.26999512,73.338715
4108,-1944.7129,-1944.5537,2.1247063,0.26652834,76.33402
4109,-1947.7104,-1944.8694,2.8090851,0.2631592,76.06996
4110,-1945.2144,-1944.9039,2.538887,0.266333,74.7181
4111,-1945.5168,-1944.9652,2.318808,0.26625976,74.370514
4112,-1944.8033,-1944.949,2.0892851,0.26711425,77.22376
4113,-1945.5044,-1945.0045,1.9081209,0.26833495,74.8962
4114,-1945.2465,-1945.0287,1.722577,0.26008302,74.46931
4115,-1944.4733,-1944.9731,1.5780834,0.2638916,77.747284
4116,-1944.825,-1944.9584,1.4222515,0.26452637,77.62089
4117,-1944.1642,-1944.8789,1.3367926,0.26733398,75.971855
4118,-1944.8359,-1944.8746,1.2032795,0.26115724,73.51258
4119,-1943.4851,-1944.7357,1.2567221,0.25966796,76.49975
4120,-1944.6136,-1944.7235,1.132391,0.2593994,77.39223
4121,-1944.4615,-1944.6973,1.025328,0.26252443,75.45554
4122,-1944.9707,-1944.7246,0.92952436,0.26369628,74.622375
4123,-1946.7578,-1944.928,1.2086242,0.26396486,76.23016
4124,-1943.8047,-1944.8157,1.2013222,0.26123047,76.147675
4125,-1945.1078,-1944.8448,1.0888698,0.26433107,73.429276
4126,-1946.7002,-1945.0304,1.2897909,0.26372072,73.522316
4127,-1944.9792,-1945.0253,1.1610472,0.26035157,73.690125
4128,-1944.331,-1944.9558,1.0883164,0.2677246,78.257286
4129,-1943.3083,-1944.791,1.2237562,0.2700928,75.09061
4130,-1946.2944,-1944.9414,1.3048044,0.26489258,75.474396
4131,-1946.3872,-1945.0859,1.3624545,0.26828614,72.87428
4132,-1946.7961,-1945.257,1.4894412,0.26311037,73.873055
4133,-1945.7852,-1945.3098,1.3656064,0.26325685,76.63312
4134,-1945.7019,-1945.349,1.2428819,0.2626953,76.05128
4135,-1943.3168,-1945.1458,1.4902887,0.2664795,74.05772
4136,-1945.5046,-1945.1816,1.3528517,0.26848146,74.69656
4137,-1943.244,-1944.9879,1.5554607,0.27001953,77.96764
4138,-1944.6489,-1944.954,1.4102569,0.26740724,73.586754
4139,-1943.8793,-1944.8466,1.3731806,0.26655275,72.007286
4140,-1942.418,-1944.6038,1.7666864,0.26657715,71.87682
4141,-1944.7542,-1944.6188,1.5920533,0.26323244,73.00998
4142,-1945.4688,-1944.7037,1.4978691,0.26281738,72.7502
4143,-1947.9303,-1945.0264,2.2850456,0.26416016,76.12881
4144,-1946.665,-1945.1902,2.2982132,0.26271972,73.47555
4145,-1946.102,-1945.2814,2.1432269,0.26569825,73.37542
4146,-1946.3347,-1945.3867,2.0287623,0.26484376,73.289444
4147,-1946.4452,-1945.4926,1.9267187,0.26569825,75.32699
4148,-1942.5715,-1945.2004,2.5019593,0.26733398,73.148544
4149,-1941.5615,-1944.8365,3.4435172,0.26743165,75.399315
4150,-1944.4441,-1944.7974,3.1130273,0.26791993,76.31109
4151,-1947.2573,-1945.0433,3.3463514,0.2654297,75.16605
4152,-1947.5555,-1945.2946,3.579723,0.2667969,77.34618
4153,-1946.9177,-1945.4569,3.4588716,0.2668701,75.85593
4154,-1948.3215,-1945.7434,3.8515306,0.26582032,75.21207
4155,-1947.0756,-1945.8766,3.626094,0.2673584,75.73226
4156,-1946.7528,-1945.9642,3.3325832,0.26899415,75.89602
4157,-1945.0302,-1945.8708,3.0778506,0.26762697,75.082054
4158,-1945.1807,-1945.8019,2.8129375,0.26760253,76.866684
4159,-1944.9666,-1945.7184,2.5944433,0.26394042,77.2093
4160,-1947.2189,-1945.8684,2.5376308,0.2680664,76.96203
4161,-1946.1613,-1945.8977,2.291586,0.26657715,75.91068
4162,-1947.7565,-1946.0836,2.3733778,0.26743165,78.78322
4163,-1947.0316,-1946.1785,2.216923,0.26486817,77.11251
4164,-1945.4946,-1946.1101,2.0373178,0.26401368,75.35187
4165,-1945.3525,-1946.0343,1.8852378,0.26071778,75.984146
4166,-1947.3269,-1946.1636,1.847088,0.26516113,72.16141
4167,-1943.3407,-1945.8813,2.3795557,0.2635498,74.59407
4168,-1943.3344,-1945.6267,2.7254474,0.26306152,78.652916
4169,-1944.9846,-1945.5625,2.4900079,0.2645752,74.90253
4170,-1945.4888,-1945.5552,2.2414963,0.2644287,76.702736
4171,-1951.003,-1946.1,4.6884885,0.26364747,74.9298
4172,-1945.5243,-1946.0424,4.2494664,0.26430663,77.54734
4173,-1944.7786,-1945.916,3.9682655,0.26547852,76.95424
4174,-1943.5613,-1945.6805,4.0704694,0.2640381,78.11891
4175,-1945.7708,-1945.6896,3.664155,0.2622803,75.096344
4176,-1945.7819,-1945.6989,3.2985058,0.26655275,75.8402
4177,-1943.9955,-1945.5286,3.229787,0.2656494,72.75861
4178,-1946.4242,-1945.6182,2.979002,0.26706544,73.18656
4179,-1945.0137,-1945.5577,2.7139885,0.2638428,75.36135
4180,-1947.838,-1945.7858,2.9105577,0.2647461,73.305084
4181,-1942.8267,-1945.4899,3.40757,0.26533204,77.622734
4182,-1946.0472,-1945.5457,3.0947726,0.26289064,74.56141
4183,-1945.9307,-1945.5841,2.7986362,0.2640625,74.401375
4184,-1944.8423,-1945.5099,2.5682993,0.2654297,74.21711
4185,-1945.8063,-1945.5396,2.3193753,0.2663086,72.69084
4186,-1945.3649,-1945.5221,2.090184,0.26245117,72.84031
4187,-1947.3033,-1945.7002,2.1667223,0.2623291,74.00227
4188,-1947.1324,-1945.8434,2.134671,0.26965332,74.92363
4189,-1944.7867,-1945.7377,2.021688,0.26330566,74.577286
4190,-1945.4385,-1945.7078,1.8275757,0.2671875,76.3175
4191,-1944.964,-1945.6334,1.6946061,0.26323244,76.17354
4192,-1943.1356,-1945.3837,2.086657,0.26557618,77.62755
4193,-1944.7424,-1945.3196,1.9149978,0.26379395,75.464035
4194,-1943.6681,-1945.1544,1.9689654,0.26669922,75.24157
4195,-1949.0393,-1945.543,3.1303806,0.26469728,76.92401
4196,-1944.2231,-1945.411,2.9741168,0.27060547,75.20055
4197,-1946.5071,-1945.5206,2.7848282,0.26584473,75.80392
4198,-1947.4725,-1945.7158,2.849239,0.26569825,74.01911
4199,-1945.0602,-1945.6503,2.6030028,0.26308593,76.823204
4200,-1946.3314,-1945.7184,2.3844597,0.2628418,75.070404
4201,-1944.656,-1945.6122,2.247592,0.26333007,76.0571
4202,-1945.3433,-1945.5853,2.0293415,0.26416016,74.89045
4203,-1945.8638,-1945.6132,1.8333851,0.26604006,76.43982
4204,-1941.5392,-1945.2058,3.1438007,0.27121583,77.91395
4205,-1944.7449,-1945.1597,2.8485425,0.26567385,76.873055
4206,-1944.1992,-1945.0636,2.64671,0.26154786,71.73847
4207,-1945.414,-1945.0986,2.3930855,0.2605469,73.36505
4208,-1943.8315,-1944.9719,2.2982733,0.2663086,73.85545
4209,-1944.1345,-1944.8882,2.131558,0.26164553,75.02602
4210,-1946.019,-1945.0012,2.033498,0.26191407,72.75296
4211,-1947.5479,-1945.2559,2.4138277,0.26584473,75.51414
4212,-1947.6235,-1945.4927,2.6769748,0.26430663,75.24878
4213,-1948.7438,-1945.8177,3.3605452,0.2623047,75.03414
4214,-1945.2686,-1945.7628,3.0516357,0.26660156,74.74478
4215,-1943.4946,-1945.536,3.2094932,0.26428223,73.90086
4216,-1945.429,-1945.5253,2.8895752,0.26623535,77.54268
4217,-1947.1973,-1945.6925,2.8522193,0.2651123,73.28113
4218,-1947.8906,-1945.9124,3.0018532,0.26467285,76.58062
4219,-1946.1521,-1945.9363,2.7068408,0.26340333,73.89288
4220,-1947.245,-1946.0671,2.590303,0.26662597,76.10176
4221,-1945.9845,-1946.0588,2.3318872,0.26408693,72.76855
4222,-1946.0095,-1946.054,2.0989172,0.26557618,73.4637
4223,-1944.034,-1945.8519,2.2562242,0.26557618,75.15431
4224,-1945.4465,-1945.8114,2.045393,0.26435548,75.48581
4225,-1944.3152,-1945.6617,2.0423331,0.2676758,75.87375
4226,-1947.5422,-1945.8499,2.1563628,0.26811525,74.261
4227,-1950.5424,-1946.3191,3.9224906,0.26462403,74.68283
4228,-1950.3092,-1946.7181,4.963131,0.26459962,72.24648
4229,-1947.7493,-1946.8213,4.5625076,0.26616213,75.02923
4230,-1945.5605,-1946.6952,4.249309,0.26584473,75.724266
4231,-1946.8779,-1946.7135,3.8273835,0.26325685,73.368286
4232,-1943.5591,-1946.3981,4.3401775,0.2647461,73.547134
4233,-1945.4354,-1946.3018,3.9895618,0.2640381,76.54234
4234,-1945.9287,-1946.2644,3.60313,0.25854492,73.92185
4235,-1949.0155,-1946.5396,3.923986,0.26286623,72.359314
4236,-1949.3862,-1946.8242,4.26091,0.25786135,75.73045
4237,-1948.1981,-1946.9617,4.004703,0.264917,75.165184
4238,-1946.4333,-1946.9088,3.6293535,0.26589355,76.371925
4239,-1948.1775,-1947.0356,3.4112766,0.26479492,73.28771
4240,-1944.1449,-1946.7466,3.8222268,0.26699218,73.4835
4241,-1946.3428,-1946.7062,3.4546795,0.26757812,74.70453
4242,-1945.853,-1946.6208,3.174719,0.263208,76.982025
4243,-1948.5116,-1946.8099,3.1789904,0.26547852,73.8956
4244,-1944.5981,-1946.5887,3.3013735,0.26433107,73.21042
4245,-1945.7009,-1946.5,3.0421758,0.26582032,74.35337
4246,-1948.3396,-1946.684,3.0425296,0.26501465,77.05889
4247,-1948.6775,-1946.8833,3.0959513,0.26723632,75.04555
4248,-1949.093,-1947.1042,3.2258124,0.26733398,72.71725
4249,-1948.0868,-1947.2025,2.9901164,0.26455078,75.38484
4250,-1946.9236,-1947.1746,2.698107,0.26870117,72.07732
4251,-1947.0892,-1947.166,2.4289515,0.2676758,73.63359
4252,-1947.9233,-1947.2417,2.237675,0.26726076,76.547386
4253,-1949.0956,-1947.4271,2.3232265,0.26520997,75.42386
4254,-1946.2961,-1947.314,2.2060244,0.2656006,74.845314
4255,-1947.892,-1947.3718,2.0154896,0.26469728,74.65594
4256,-1947.1272,-1947.3474,1.8193264,0.2671631,75.38354
4257,-1949.0488,-1947.5176,1.8979272,0.2650879,75.79119
4258,-1947.0771,-1947.4735,1.7255925,0.26520997,77.141396
4259,-1946.5536,-1947.3815,1.6291963,0.2673584,75.03552
4260,-1946.5256,-1947.2959,1.5321975,0.26618654,73.748474
4261,-1947.865,-1947.3528,1.4081255,0.26843262,73.683365
4262,-1948.0739,-1947.4249,1.3141077,0.26535645,73.93224
4263,-1948.6339,-1947.5458,1.3142447,0.2671387,72.8136
4264,-1943.4991,-1947.1411,2.6565902,0.26796874,73.137245
4265,-1946.6538,-1947.0924,2.412303,0.2635742,73.78136
4266,-1945.9381,-1946.9769,2.290989,0.2618164,74.88552
4267,-1947.6597,-1947.0452,2.1038418,0.26774904,76.29846
4268,-1947.6748,-1947.1082,1.9291376,0.26535645,76.40734
4269,-1943.4695,-1946.7443,2.9278178,0.266333,75.28573
4270,-1946.9019,-1946.76,2.6372712,0.2694336,77.85857
4271,-1945.8005,-1946.6641,2.456397,0.26376954,77.611916
4272,-1943.6346,-1946.3611,3.0367215,0.26862794,72.62062
4273,-1945.3624,-1946.2612,2.8228078,0.26645508,76.9013
4274,-1946.2242,-1946.2576,2.5406501,0.26520997,73.206985
4275,-1946.2373,-1946.2555,2.286622,0.2647461,74.9068
4276,-1946.8345,-1946.3134,2.0881293,0.26574707,74.027954
4277,-1945.066,-1946.1886,2.0193377,0.2668701,75.30061
4278,-1945.8386,-1946.1536,1.8284273,0.2659912,79.35324
4279,-1944.4556,-1945.9838,1.9050723,0.26486817,73.632835
4280,-1946.7324,-1946.0586,1.7650089,0.26616213,73.91764
4281,-1947.7324,-1946.226,1.8406609,0.2645752,75.644485
4282,-1948.3768,-1946.441,2.07296,0.268042,75.03672
4283,-1948.2507,-1946.6221,2.1604125,0.26503906,74.41685
4284,-1945.637,-1946.5236,2.0317106,0.26728517,74.985985
4285,-1946.3262,-1946.5038,1.8320462,0.26459962,75.89895
4286,-1944.6963,-1946.323,1.942875,0.26430663,74.17634
4287,-1945.8103,-1946.2717,1.7722446,0.26699218,79.267296
4288,-1947.1664,-1946.3612,1.6670564,0.26494142,77.688774
4289,-1946.5942,-1946.3845,1.5052382,0.2652588,77.006065
4290,-1948.5562,-1946.6017,1.7791525,0.26481935,77.19744
4291,-1946.8218,-1946.6237,1.6055969,0.26552734,74.3598
4292,-1945.7859,-1946.5399,1.5082042,0.2677002,74.8116
4293,-1949.2263,-1946.8086,2.0068915,0.26430663,73.85078
4294,-1947.4961,-1946.8773,1.8487413,0.26455078,72.29119
4295,-1949.1047,-1947.1001,2.1103919,0.26867676,74.811066
4296,-1949.8673,-1947.3768,2.5885243,0.26220703,74.08593
4297,-1950.2278,-1947.6619,3.0611854,0.26826173,74.71103
4298,-1950.7941,-1947.9751,3.6380289,0.26611328,74.72683
4299,-1948.8441,-1948.062,3.3421934,0.27060547,76.51707
4300,-1945.4626,-1947.8021,3.616077,0.2677246,73.02575
4301,-1943.596,-1947.3815,4.846742,0.26604006,77.10169
4302,-1946.5583,-1947.2992,4.423045,0.2623291,76.81576
4303,-1946.6715,-1947.2365,4.0161996,0.26359865,74.60522
4304,-1944.3672,-1946.9495,4.35552,0.26296386,78.59199
4305,-1949.6721,-1947.2217,4.587125,0.2652832,76.89566
4306,-1948.8306,-1947.3826,4.3613787,0.26394042,75.51908
4307,-1948.7494,-1947.5193,4.0933785,0.26469728,76.88897
4308,-1948.8561,-1947.653,3.8448718,0.2602539,74.52814
4309,-1946.5029,-1947.538,3.5794146,0.26606447,74.33589
4310,-1948.9209,-1947.6763,3.3935988,0.26694337,73.95668
4311,-1947.7567,-1947.6843,3.0548213,0.26691896,73.89046
4312,-1949.8118,-1947.8971,3.1566796,0.26662597,73.524864
4313,-1948.0466,-1947.9121,2.843024,0.26467285,74.32174
4314,-1946.3518,-1947.7561,2.7778306,0.26730958,75.62808
4315,-1946.2263,-1947.6031,2.7106693,0.2680664,75.10626
4316,-1949.1477,-1947.7576,2.654311,0.26743165,75.611855
4317,-1948.0695,-1947.7888,2.3976345,0.26552734,75.34835
4318,-1946.4014,-1947.65,2.3311229,0.26411134,72.94678
4319,-1947.2305,-1947.608,2.113853,0.26762697,74.897606
4320,-1946.8271,-1947.5299,1.9573478,0.26604006,76.45757
4321,-1945.3839,-1947.3153,2.1760898,0.26547852,74.8081
4322,-1945.5596,-1947.1398,2.235916,0.26625976,72.676285
4323,-1947.8054,-1947.2063,2.0522022,0.2644043,75.11169
4324,-1947.1089,-1947.1965,1.847836,0.26547852,74.41189
4325,-1948.1082,-1947.2877,1.7378472,0.26464844,72.84357
4326,-1945.393,-1947.0983,1.8871782,0.2659912,74.92117
4327,-1945.6848,-1946.9569,1.8782666,0.2659668,73.05605
4328,-1947.2986,-1946.9911,1.7009466,0.2684082,77.73528
4329,-1949.2118,-1947.2131,1.974689,0.26906738,75.308876
4330,-1945.0723,-1946.999,2.189719,0.26396486,73.58082
4331,-1948.7026,-1947.1694,2.2319539,0.263501,74.59893
4332,-1947.2905,-1947.1815,2.010078,0.26779786,76.12499
4333,-1945.8567,-1947.0491,1.9670357,0.271167,76.319824
4334,-1946.313,-1946.9755,1.8190957,0.26486817,72.973885
4335,-1949.386,-1947.2166,2.160142,0.26904297,75.31168
4336,-1948.2656,-1947.3214,2.0431774,0.26394042,74.96608
4337,-1946.8899,-1947.2783,1.8556182,0.26582032,77.31292
4338,-1948.461,-1947.3966,1.7959548,0.2671875,76.10257
4339,-1951.0022,-1947.7572,2.7863848,0.26481935,74.897316
4340,-1944.5331,-1947.4348,3.4432924,0.26604006,72.42221
4341,-1946.7288,-1947.3643,3.1438293,0.2628418,77.73493
4342,-1949.318,-1947.5596,3.1729836,0.2618164,75.97626
4343,-1947.8597,-1947.5896,2.8637946,0.26481935,74.88478
4344,-1947.5851,-1947.5891,2.577417,0.26259765,73.039185
4345,-1948.5527,-1947.6854,2.4032464,0.261792,75.55617
4346,-1946.9263,-1947.6095,2.2147903,0.26699218,76.26948
4347,-1948.0828,-1947.6569,2.0134697,0.26657715,74.7754
4348,-1947.22,-1947.6132,1.8293012,0.2688965,73.26413
4349,-1949.5518,-1947.807,1.9846059,0.26237795,73.24074
4350,-1948.4417,-1947.8705,1.8223948,0.26672363,75.072556
4351,-1948.8135,-1947.9648,1.7201866,0.26694337,76.52941
4352,-1950.1761,-1948.186,1.9882556,0.27021486,73.800125
4353,-1948.4503,-1948.2124,1.795716,0.26645508,73.63538
4354,-1948.1382,-1948.205,1.6166402,0.26652834,73.92021
4355,-1946.6093,-1948.0454,1.6841403,0.2619629,73.02799
4356,-1946.1587,-1947.8567,1.8360999,0.26579592,73.457436
4357,-1948.1891,-1947.8899,1.6624337,0.26369628,72.75018
4358,-1946.9482,-1947.7958,1.5759939,0.2633545,73.57218
4359,-1947.5398,-1947.7701,1.4242918,0.26704103,73.4693
4360,-1947.2452,-1947.7177,1.3066597,0.26186523,74.42608
4361,-1951.7573,-1948.1216,2.6446996,0.26303712,71.93936
4362,-1949.1732,-1948.2268,2.479764,0.2640381,72.7115
4363,-1949.7952,-1948.3837,2.453165,0.27092287,72.31643
4364,-1948.7395,-1948.4192,2.2192442,0.26486817,74.53692
4365,-1948.0636,-1948.3837,2.0087,0.2667969,74.643326
4366,-1949.8406,-1948.5293,1.9988624,0.2612793,74.6561
4367,-1948.7341,-1948.5498,1.8027524,0.2647217,73.02566
4368,-1948.2808,-1948.523,1.6289916,0.26394042,76.64993
4369,-1950.137,-1948.6843,1.700546,0.25944826,74.21836
4370,-1948.9,-1948.7059,1.5346787,0.26774904,71.78906
4371,-1949.0923,-1948.7446,1.3946449,0.2664795,73.551346
4372,-1950.343,-1948.9044,1.4851166,0.26606447,74.35178
4373,-1946.4045,-1948.6544,1.8990499,0.264209,74.94368
4374,-1945.8059,-1948.3696,2.439406,0.26579592,73.39096
4375,-1949.3853,-1948.4712,2.2882998,0.26765138,75.91342
4376,-1946.0471,-1948.2288,2.5883212,0.2638916,72.91113
4377,-1948.8037,-1948.2863,2.3592403,0.26140139,75.3802
4378,-1946.2509,-1948.0828,2.4961731,0.263501,77.32438
4379,-1947.2949,-1948.004,2.3024182,0.2644287,73.25113
4380,-1947.1459,-1947.9182,2.138455,0.26520997,73.03997
4381,-1949.3203,-1948.0585,2.101539,0.26513672,74.01662
4382,-1947.0581,-1947.9585,1.9814509,0.270459,72.797325
4383,-1945.7644,-1947.7391,2.2165694,0.27060547,73.52161
4384,-1945.346,-1947.4998,2.510374,0.26450196,73.41059
4385,-1948.2272,-1947.5725,2.306959,0.26469728,74.33874
4386,-1949.9321,-1947.8085,2.5773652,0.26259765,72.76999
4387,-1948.7949,-1947.9071,2.407206,0.2650635,71.639885
4388,-1945.8828,-1947.7047,2.5352836,0.2651123,71.48292
4389,-1949.1885,-1947.853,2.4798954,0.26489258,74.90774
4390,-1944.9937,-1947.5671,2.9677482,0.26364747,73.36867
4391,-1946.5535,-1947.4658,2.763451,0.2675049,73.59641
4392,-1945.3899,-1947.2582,2.8749588,0.26984864,73.793564
4393,-1949.1194,-1947.4443,2.8992307,0.26359865,72.25209
4394,-1949.231,-1947.623,2.8965888,0.26289064,73.542885
4395,-1947.2081,-1947.5815,2.6224241,0.26791993,74.19011
4396,-1947.5537,-1947.5787,2.3602514,0.2696045,72.69513
4397,-1951.8137,-1948.0022,3.7383852,0.2644043,71.39706
4398,-1947.8477,-1947.9867,3.3666961,0.26740724,73.54718
4399,-1950.5598,-1948.244,3.6259117,0.26481935,73.3596
4400,-1946.3601,-1948.0557,3.5827413,0.2672119,71.05602
4401,-1948.8835,-1948.1384,3.286152,0.264209,73.28785
4402,-1948.5399,-1948.1786,2.9720442,0.26369628,72.54854
4403,-1947.2563,-1948.0864,2.7513874,0.2638672,73.057915
4404,-1944.9019,-1947.768,3.3889825,0.26616213,72.70037
4405,-1948.1193,-1947.8031,3.0611925,0.25910646,73.337944
4406,-1949.7202,-1947.9949,3.0858526,0.2667969,72.94585
4407,-1948.6378,-1948.0592,2.8144712,0.26997072,74.75799
4408,-1949.7668,-1948.23,2.7954676,0.2663086,71.85331
4409,-1951.0223,-1948.5093,3.2176747,0.26259765,72.23561
4410,-1953.1873,-1948.977,4.865421,0.26174316,71.56103
4411,-1949.3062,-1949.01,4.3886266,0.26550293,73.01307
4412,-1947.7395,-1948.8829,4.095041,0.2668457,74.49026
4413,-1948.7717,-1948.8718,3.6866498,0.26931152,73.16355
4414,-1948.3253,-1948.8171,3.344865,0.26689455,74.57563
4415,-1951.3096,-1949.0664,3.5694778,0.26755372,70.49786
4416,-1950.3704,-1949.1968,3.3655567,0.26699218,77.724884
4417,-1950.4438,-1949.3215,3.1689677,0.27148438,76.27174
4418,-1950.6316,-1949.4525,3.0065336,0.26921389,74.83301
4419,-1950.0542,-1949.5127,2.7384624,0.26745605,76.96059
4420,-1950.7478,-1949.6362,2.6019104,0.26997072,74.43097
4421,-1949.6692,-1949.6395,2.3418171,0.27004394,72.78448
4422,-1950.7037,-1949.746,2.209564,0.26469728,73.3641
4423,-1950.8325,-1949.8546,2.0948603,0.26398927,72.1365
4424,-1949.7427,-1949.8434,1.886502,0.26945803,69.69261
4425,-1948.7017,-1949.7292,1.8151697,0.2647461,70.59787
4426,-1945.9124,-1949.3475,2.944834,0.26455078,71.28103
4427,-1949.6786,-1949.3806,2.6602142,0.26408693,71.481766
4428,-1950.3936,-1949.4819,2.486537,0.26694337,71.45803
4429,-1950.4126,-1949.575,2.3158355,0.26904297,72.358795
4430,-1951.2804,-1949.7455,2.3460205,0.26362306,74.8205
4431,-1950.0532,-1949.7762,2.1199417,0.2638428,72.66323
4432,-1950.7466,-1949.8733,1.9926872,0.26291505,71.46904
4433,-1949.6162,-1949.8475,1.7993665,0.26518556,74.850876
4434,-1948.7794,-1949.7407,1.7221081,0.26533204,74.16413
4435,-1948.7543,-1949.6421,1.6374748,0.26625976,71.8404
4436,-1950.044,-1949.6823,1.4882612,0.26245117,72.55019
4437,-1950.4772,-1949.7617,1.3963062,0.26701662,73.03789
4438,-1951.606,-1949.9462,1.5627849,0.2659668,75.10049
4439,-1949.0435,-1949.856,1.479846,0.26728517,74.69949
4440,-1951.0618,-1949.9766,1.4627194,0.26730958,73.37794
4441,-1948.5947,-1949.8384,1.4882998,0.26799318,70.808586
4442,-1948.5518,-1949.7097,1.4884553,0.2680176,72.211494
4443,-1948.6025,-1949.599,1.4499356,0.26740724,74.21808
4444,-1947.2887,-1949.3679,1.785317,0.26657715,75.00518
4445,-1951.7217,-1949.6033,2.1054018,0.26828614,75.03815
4446,-1951.5005,-1949.793,2.2188103,0.2708008,74.894
4447,-1951.9216,-1950.0059,2.4047375,0.2692383,74.685295
4448,-1949.9153,-1949.9968,2.165002,0.2642334,73.83594
4449,-1947.5933,-1949.7565,2.468443,0.26340333,73.943565
4450,-1949.5514,-1949.736,2.2253838,0.26313478,75.33372
4451,-1949.19,-1949.6814,2.0296776,0.26867676,75.16157
4452,-1949.1531,-1949.6285,1.8518307,0.26071778,75.44904
4453,-1947.106,-1949.3762,2.2393558,0.26655275,73.5843
4454,-1950.9163,-1949.5303,2.2288752,0.26552734,74.00082
4455,-1947.8953,-1949.3668,2.2465806,0.26538086,73.00604
4456,-1947.8276,-1949.2129,2.2351406,0.26376954,73.01525
4457,-1947.3823,-1949.0298,2.313214,0.26760253,73.31624
4458,-1947.796,-1948.9064,2.2188885,0.2640381,73.588875
4459,-1948.9216,-1948.908,1.9970206,0.26374513,73.93923
4460,-1946.3593,-1948.6531,2.38195,0.2659668,74.11454
4461,-1946.9927,-1948.487,2.3918786,0.2626465,74.14073
4462,-1950.8276,-1948.7211,2.6457374,0.26484376,75.66276
4463,-1949.3073,-1948.7797,2.4120884,0.26582032,75.35669
4464,-1950.52,-1948.9537,2.4434752,0.263501,73.72936
4465,-1947.9149,-1948.8499,2.2962506,0.26865235,73.62118
4466,-1947.7347,-1948.7383,2.178538,0.2630127,73.696014
4467,-1947.1943,-1948.5839,2.175223,0.26743165,72.95375
4468,-1948.948,-1948.6202,1.9696342,0.2629883,73.35126
4469,-1951.099,-1948.8682,2.3256533,0.26501465,73.832695
4470,-1951.0226,-1949.0836,2.510825,0.26464844,71.038795
4471,-1949.0928,-1949.0845,2.25975,0.26245117,73.43991
4472,-1950.2627,-1949.2023,2.1587136,0.2696289,74.12054
4473,-1951.2867,-1949.4108,2.3338945,0.26582032,74.54317
4474,-1949.8738,-1949.457,2.1197994,0.26738283,74.58129
4475,-1950.0555,-1949.5168,1.9400587,0.26811525,75.310616
4476,-1951.9402,-1949.7592,2.2745845,0.26394042,73.31224
4477,-1949.584,-1949.7417,2.0498877,0.26464844,72.63255
4478,-1949.9587,-1949.7634,1.8491385,0.26616213,72.325066
4479,-1953.3098,-1950.118,2.7961419,0.2643799,73.388306
4480,-1951.9115,-1950.2974,2.8060114,0.2609375,75.24198
4481,-1948.6354,-1950.1311,2.7740083,0.2675049,74.61054
4482,-1949.2906,-1950.0471,2.56018,0.26540527,74.62641
4483,-1946.8967,-1949.732,3.1974084,0.26782227,73.05474
4484,-1949.8047,-1949.7393,2.8781424,0.26589355,73.97381
4485,-1950.3608,-1949.8014,2.6251009,0.2659424,74.756546
4486,-1950.0594,-1949.8271,2.3685842,0.2616211,72.18727
4487,-1949.5393,-1949.7983,2.1391823,0.26447755,74.17194
4488,-1952.0352,-1950.022,2.3755653,0.26479492,74.55888
4489,-1951.0952,-1950.1293,2.241675,0.26606447,70.72537
4490,-1952.3862,-1950.355,2.4759548,0.2656006,72.709145
4491,-1947.8364,-1950.1031,2.7992396,0.26723632,73.13524
4492,-1951.9366,-1950.2865,2.8218691,0.26516113,70.796745
4493,-1950.7485,-1950.3328,2.558895,0.2647217,73.69464
4494,-1949.6199,-1950.2615,2.3487446,0.26904297,73.571434
4495,-1948.6431,-1950.0996,2.3496022,0.2687256,71.66962
4496,-1948.3403,-1949.9237,2.393197,0.26333007,72.88146
4497,-1949.0402,-1949.8353,2.2241359,0.2677246,72.03674
4498,-1948.2621,-1949.678,2.2244804,0.264209,73.61038
4499,-1946.8503,-1949.3953,2.7216299,0.26730958,72.27307
4500,-1948.8044,-1949.3362,2.480883,0.26152346,75.69889
4501,-1948.1823,-1949.2208,2.3526347,0.27172852,70.779
4502,-1951.7294,-1949.4717,2.683723,0.26523438,72.69086
4503,-1951.9883,-1949.7234,2.985346,0.265918,73.853714
4504,-1951.514,-1949.9025,2.9753897,0.26818848,71.40058
4505,-1952.3855,-1950.1508,3.232741,0.26652834,71.870316
4506,-1951.6975,-1950.3054,3.1247869,0.26887208,73.737206
4507,-1951.3652,-1950.4114,2.9133966,0.265625,70.54324
4508,-1949.5679,-1950.327,2.6860921,0.26503906,71.58753
4509,-1950.9971,-1950.394,2.457889,0.2673584,73.54533
4510,-1950.4255,-1950.3972,2.2121894,0.26965332,74.463936
4511,-1952.4006,-1950.5975,2.352202,0.26486817,72.53049
4512,-1951.874,-1950.7252,2.26363,0.26645508,71.74614
4513,-1950.5735,-1950.7101,2.039339,0.26899415,73.33052
4514,-1949.8577,-1950.6249,1.9008003,0.26486817,71.342964
4515,-1950.0347,-1950.5659,1.7420715,0.26601562,71.80592
4516,-1951.6084,-1950.6702,1.6656733,0.26696777,77.66811
4517,-1951.0648,-1950.7096,1.5131235,0.26699218,74.50145
4518,-1949.3411,-1950.5728,1.5303699,0.26975098,73.017235
4519,-1947.3779,-1950.2533,2.2959542,0.26374513,73.48174
4520,-1948.907,-1950.1187,2.229489,0.26821288,73.658516
4521,-1948.7461,-1949.9814,2.1760926,0.26435548,76.20474
4522,-1950.9031,-1950.0736,2.0349298,0.26921389,75.334335
4523,-1950.2808,-1950.0944,1.8352989,0.27077636,74.54657
4524,-1950.317,-1950.1166,1.6562308,0.2675049,76.919495
4525,-1951.6455,-1950.2695,1.7009943,0.26208496,76.43609
4526,-1950.6746,-1950.31,1.5456592,0.2635498,75.7543
4527,-1948.8375,-1950.1628,1.5862454,0.2695801,75.2658
4528,-1949.8849,-1950.135,1.4345741,0.26728517,76.09531
4529,-1948.1389,-1949.9354,1.6497118,0.26711425,72.78933
4530,-1950.32,-1949.9739,1.4980477,0.26501465,72.260345
4531,-1951.1333,-1950.0898,1.4692266,0.2675293,75.295334
4532,-1952.6088,-1950.3418,1.8933505,0.2710205,71.13819
4533,-1949.402,-1950.2478,1.7835089,0.26645508,72.82205
4534,-1948.317,-1950.0547,1.9406722,0.26745605,73.79859
4535,-1949.0994,-1949.9591,1.8287425,0.26577148,75.72103
4536,-1949.6383,-1949.927,1.6551304,0.26369628,73.938576
4537,-1949.386,-1949.8729,1.5159601,0.26418456,75.1741
4538,-1948.5507,-1949.7407,1.5217189,0.26494142,78.15569
4539,-1951.1823,-1949.8849,1.5565673,0.26799318,74.68482
4540,-1948.4147,-1949.7379,1.5954484,0.26062012,75.24545
4541,-1952.9233,-1950.0564,2.3491273,0.26667482,75.68173
4542,-1950.4783,-1950.0986,2.1302326,0.26662597,74.491745
4543,-1947.3729,-1949.826,2.5858629,0.2635742,74.02833
4544,-1951.436,-1949.987,2.5605614,0.26608887,73.06031
4545,-1948.6931,-1949.8577,2.4551916,0.2640625,72.13085
4546,-1953.2461,-1950.1965,3.2430022,0.2631836,71.651146
4547,-1950.9552,-1950.2725,2.9705038,0.2672119,71.49851
4548,-1950.9526,-1950.3405,2.715091,0.26660156,74.050354
4549,-1951.6913,-1950.4756,2.6078086,0.26303712,75.32837
4550,-1951.625,-1950.5906,2.4659314,0.26726076,71.53209
4551,-1947.8726,-1950.3187,2.884224,0.26296386,72.86536
4552,-1951.1365,-1950.4005,2.6559858,0.26547852,72.63603
4553,-1950.6688,-1950.4274,2.3968663,0.26486817,73.05761
4554,-1950.8278,-1950.4674,2.1716077,0.2696045,74.73532
4555,-1950.5128,-1950.4719,1.9546325,0.26901856,69.262436
4556,-1952.0063,-1950.6254,1.9710704,0.26533204,73.166405
4557,-1949.593,-1950.5221,1.8698803,0.2650635,75.0624
4558,-1950.369,-1950.5068,1.6850011,0.26669922,73.632454
4559,-1948.9312,-1950.3492,1.7399511,0.26555178,73.478134
4560,-1949.5498,-1950.2693,1.6234752,0.26823732,71.32278
4561,-1948.5016,-1950.0925,1.7423564,0.2618164,72.85958
4562,-1947.8516,-1949.8684,2.0200946,0.26611328,73.76365
4563,-1950.2294,-1949.9045,1.8298116,0.2643799,72.19321
4564,-1949.957,-1949.9098,1.6470783,0.2638428,75.06898
4565,-1950.1622,-1949.935,1.4881058,0.26459962,76.16759
4566,-1952.4233,-1950.1838,1.8965342,0.26496583,73.02227
4567,-1949.7668,-1950.1421,1.7225301,0.26618654,71.82093
4568,-1951.5361,-1950.2815,1.7251791,0.26135254,74.21591
4569,-1951.0071,-1950.354,1.6000439,0.2671387,71.10489
4570,-1948.3943,-1950.1581,1.7856836,0.26484376,75.2752
4571,-1949.2886,-1950.0712,1.675159,0.26547852,73.49967
4572,-1950.6572,-1950.1298,1.5385549,0.26972657,72.3596
4573,-1948.7937,-1949.9961,1.5453544,0.26777345,72.013794
4574,-1950.1462,-1950.0111,1.3928478,0.26464844,73.96766
4575,-1950.3313,-1950.0431,1.26279,0.27214357,74.73833
4576,-1949.1588,-1949.9547,1.206886,0.2659668,73.284935
4577,-1949.811,-1949.9403,1.0880554,0.26762697,71.56679
4578,-1952.144,-1950.1606,1.4163302,0.26875,72.987045
4579,-1949.4318,-1950.0878,1.3225114,0.2671387,74.6264
4580,-1950.9851,-1950.1775,1.2627298,0.26791993,74.403
4581,-1950.6436,-1950.2241,1.1560062,0.26745605,70.48721
4582,-1952.4816,-1950.4498,1.4990513,0.26669922,72.2255
4583,-1952.2183,-1950.6267,1.6306081,0.2647461,71.87787
4584,-1951.489,-1950.7129,1.5344684,0.26625976,75.485535
4585,-1952.9053,-1950.9321,1.8136103,0.26447755,71.545204
4586,-1948.4636,-1950.6853,2.1806662,0.26945803,72.54034
4587,-1949.3158,-1950.5483,2.131399,0.26972657,71.504845
4588,-1950.2783,-1950.5214,1.9248209,0.2684082,72.266914
4589,-1948.5522,-1950.3245,2.0813065,0.26606447,72.54347
4590,-1950.1283,-1950.3048,1.876639,0.26047364,73.03096
4591,-1951.5142,-1950.4258,1.8206028,0.2651123,70.33229
4592,-1950.9465,-1950.4779,1.6629488,0.26391602,72.15276
4593,-1950.7332,-1950.5034,1.5025177,0.26433107,73.86297
4594,-1951.7037,-1950.6234,1.4819345,0.2645752,72.654175
4595,-1950.0342,-1950.5645,1.3649887,0.2683594,73.85368
4596,-1949.5056,-1950.4586,1.3293922,0.26901856,72.025
4597,-1950.9137,-1950.5042,1.2150916,0.26433107,75.30087
4598,-1951.6583,-1950.6196,1.2134732,0.26345214,71.52116
4599,-1951.1653,-1950.6742,1.1189224,0.2647705,75.11599
4600,-1953.0024,-1950.907,1.494896,0.26608887,71.02636
4601,-1951.9365,-1951.0099,1.4408023,0.2689453,73.04936
4602,-1950.4819,-1950.957,1.3218082,0.26606447,73.58982
4603,-1950.855,-1950.9468,1.1905646,0.26831055,72.06713
4604,-1952.5955,-1951.1117,1.3161417,0.2675049,70.736664
4605,-1952.512,-1951.2517,1.3609952,0.26791993,73.73387
4606,-1953.4238,-1951.4689,1.6495248,0.26899415,71.32064
4607,-1950.2971,-1951.3517,1.6081427,0.26369628,71.91586
4608,-1950.858,-1951.3024,1.4692607,0.2675293,72.674644
4609,-1949.3108,-1951.1033,1.6793087,0.26579592,71.693924
4610,-1950.3489,-1951.0278,1.5625978,0.265625,71.47652
4611,-1950.8682,-1951.0118,1.4086324,0.26313478,72.700806
4612,-1951.7505,-1951.0857,1.3168732,0.26533204,73.20007
4613,-1949.6187,-1950.939,1.3788847,0.26518556,72.488686
4614,-1951.2104,-1950.9661,1.2476295,0.26833495,72.19703
4615,-1950.4243,-1950.9119,1.1492807,0.26188967,72.32174
4616,-1947.9994,-1950.6206,1.7977788,0.2638672,75.096375
4617,-1950.105,-1950.5691,1.6419291,0.27067873,73.80115
4618,-1951.2158,-1950.6338,1.5153794,0.26589355,73.84369
4619,-1948.8872,-1950.4591,1.6383909,0.26674804,72.1881
4620,-1951.6023,-1950.5735,1.592171,0.26645508,73.19398
4621,-1951.4414,-1950.6603,1.5007495,0.2626221,73.55477
4622,-1950.7563,-1950.6699,1.3515052,0.26882324,75.58889
4623,-1949.1387,-1950.5168,1.42738,0.2626953,73.773994
4624,-1952.0894,-1950.6741,1.5071927,0.2697998,71.87139
4625,-1951.685,-1950.7751,1.4484618,0.26552734,73.36937
4626,-1952.9236,-1950.99,1.7190361,0.26608887,71.798096
4627,-1954.4205,-1951.333,2.606308,0.26501465,70.62134
4628,-1951.6816,-1951.3679,2.3566163,0.26911622,71.55898
4629,-1952.3044,-1951.4615,2.1998913,0.26342773,72.626755
4630,-1953.0671,-1951.6221,2.2119153,0.26621094,73.62776
4631,-1952.078,-1951.6677,2.0094323,0.26796874,71.686035
4632,-1952.552,-1951.7561,1.8788642,0.2676758,71.21083
4633,-1950.258,-1951.6063,1.8929508,0.2677246,73.29878
4634,-1953.33,-1951.7787,1.9710375,0.2697754,75.39052
4635,-1950.6813,-1951.669,1.8823218,0.26667482,71.93363
4636,-1952.324,-1951.7345,1.7327052,0.26984864,71.99034
4637,-1952.6875,-1951.8298,1.6411741,0.2696045,72.6191
4638,-1952.9705,-1951.9438,1.5941489,0.26691896,71.01577
4639,-1950.4331,-1951.7927,1.6401447,0.2659912,75.07012
4640,-1956.1362,-1952.227,3.1740742,0.26689455,73.463615
4641,-1950.2593,-1952.0303,3.2051585,0.27121583,74.38586
4642,-1952.9303,-1952.1202,2.9575465,0.2692627,70.0861
4643,-1950.8724,-1951.9955,2.8019228,0.26916504,72.81401
4644,-1951.6299,-1951.959,2.5337603,0.27265626,73.70198
4645,-1951.891,-1951.9521,2.2808003,0.26376954,72.55862
4646,-1952.8491,-1952.0419,2.1251307,0.26606447,72.736084
4647,-1956.1357,-1952.4513,3.4209983,0.2671387,73.548965
4648,-1954.5046,-1952.6566,3.4583588,0.2650879,70.476685
4649,-1950.7571,-1952.4667,3.437264,0.26501465,73.34491
4650,-1951.2806,-1952.348,3.2201385,0.2664795,72.79377
4651,-1952.9089,-1952.404,2.9264407,0.26494142,71.74785
4652,-1949.7712,-1952.1407,3.2576497,0.2623291,72.61167
4653,-1952.1154,-1952.1382,2.9319425,0.26833495,75.9566
4654,-1948.5818,-1951.7826,3.7770643,0.2665039,73.45498
4655,-1947.2095,-1951.3253,5.2815666,0.2661377,73.54041
4656,-1950.5784,-1951.2506,4.8036237,0.2643799,70.4965
4657,-1949.4017,-1951.0657,4.6309123,0.26547852,71.2944
4658,-1952.1218,-1951.1713,4.268212,0.2651123,74.21648
4659,-1952.9226,-1951.3464,4.117439,0.2685547,73.67195
4660,-1950.5958,-1951.2714,3.7564023,0.2685791,73.361916
4661,-1950.1641,-1951.1606,3.491112,0.26914063,70.89362
4662,-1951.3125,-1951.1758,3.144076,0.2644287,70.339485
4663,-1952.4166,-1951.2998,2.968241,0.265625,71.90992
4664,-1953.4897,-1951.5188,3.1030428,0.26706544,71.641624
4665,-1951.1243,-1951.4794,2.8067474,0.26433107,71.33372
4666,-1950.9966,-1951.4312,2.5470502,0.2640625,70.74966
4667,-1954.9116,-1951.7792,3.3825748,0.26396486,72.9882
4668,-1954.2924,-1952.0305,3.6127656,0.26538086,72.10856
4669,-1953.467,-1952.1742,3.4372127,0.26086426,70.60044
4670,-1951.518,-1952.1085,3.1322513,0.264917,71.05485
4671,-1953.9585,-1952.2935,3.127043,0.26533204,71.74145
4672,-1950.971,-1952.1613,2.9717515,0.2683838,70.89442
4673,-1950.0483,-1951.95,3.076373,0.26577148,72.19017
4674,-1952.4863,-1952.0035,2.7946286,0.26494142,72.360985
4675,-1950.8386,-1951.8871,2.6372986,0.26638183,72.063515
4676,-1951.2264,-1951.821,2.4128492,0.26948243,75.46921
4677,-1950.6565,-1951.7046,2.2936203,0.26484376,72.49323
4678,-1950.85,-1951.6191,2.1299913,0.26459962,72.340546
4679,-1953.5632,-1951.8136,2.2571464,0.26577148,72.17481
4680,-1953.7968,-1952.012,2.3853927,0.265918,73.080605
4681,-1954.3115,-1952.242,2.6227715,0.26501465,68.42035
4682,-1951.3088,-1952.1487,2.438856,0.26584473,72.36462
4683,-1951.9778,-1952.1316,2.1975987,0.2672119,72.26031
4684,-1955.1597,-1952.4344,2.803071,0.26757812,71.34533
4685,-1953.5203,-1952.543,2.6288733,0.263501,72.64347
4686,-1953.0554,-1952.5942,2.3896205,0.26572266,72.40911
4687,-1950.6392,-1952.3987,2.4946682,0.26914063,74.61411
4688,-1952.0604,-1952.3649,2.255499,0.2671631,75.06615
4689,-1951.4014,-1952.2686,2.1134992,0.26655275,71.30467
4690,-1950.4216,-1952.0839,2.2091508,0.2680908,71.66795
4691,-1953.3629,-1952.2118,2.1354735,0.2701172,70.92885
4692,-1952.514,-1952.2421,1.9301478,0.26740724,72.90631
4693,-1951.8022,-1952.1981,1.7545426,0.26503906,70.11928
4694,-1951.3915,-1952.1174,1.6376486,0.26762697,73.06644
4695,-1951.1974,-1952.0254,1.550067,0.2667969,71.55027
4696,-1948.7599,-1951.6989,2.3547761,0.26757812,73.06147
4697,-1949.7257,-1951.5016,2.4696953,0.26674804,74.21966
4698,-1953.794,-1951.7308,2.6956675,0.26645508,72.66563
4699,-1953.9956,-1951.9573,2.8877273,0.26782227,70.568146
4700,-1950.0625,-1951.7678,2.92207,0.2692627,72.283455
4701,-1956.7389,-1952.2649,4.8539004,0.26530764,72.01921
4702,-1954.0375,-1952.4421,4.6512947,0.26911622,71.024765
4703,-1953.9232,-1952.5902,4.383589,0.26689455,74.45684
4704,-1952.7217,-1952.6034,3.9467854,0.26782227,72.05157
4705,-1950.8309,-1952.4261,3.8348525,0.26999512,73.82062
4706,-1952.8478,-1952.4683,3.4673667,0.27021486,73.166046
4707,-1953.8707,-1952.6085,3.2976518,0.26918945,73.931854
4708,-1953.2637,-1952.6741,3.0065165,0.27128908,76.65971
4709,-1955.4231,-1952.949,3.3860064,0.26738283,72.469284
4710,-1949.5706,-1952.6111,4.0746393,0.271875,74.521904
4711,-1950.6343,-1952.4135,4.018874,0.26794434,71.75562
4712,-1953.6953,-1952.5416,3.7648716,0.26726076,73.3457
4713,-1954.4084,-1952.7283,3.7020364,0.26782227,71.578094
4714,-1953.4636,-1952.8018,3.3804996,0.26791993,70.70134
4715,-1954.3596,-1952.9575,3.2608733,0.2643799,71.91248
4716,-1953.4583,-1953.0076,2.957352,0.27121583,72.056694
4717,-1953.5452,-1953.0613,2.6876276,0.26538086,73.76361
4718,-1951.6123,-1952.9164,2.6078222,0.2668457,70.09135
4719,-1951.9438,-1952.8191,2.432164,0.26411134,74.45354
4720,-1953.4169,-1952.8789,2.221108,0.26906738,75.15319
4721,-1954.5159,-1953.0426,2.2401655,0.266333,72.17516
4722,-1954.601,-1953.1985,2.2347097,0.2677246,72.35822
4723,-1953.0455,-1953.1832,2.0133443,0.2671631,70.46637
4724,-1954.875,-1953.3524,2.0695982,0.27111816,73.46399
4725,-1954.3942,-1953.4565,1.9603097,0.264917,71.79389
4726,-1952.9869,-1953.4095,1.7841263,0.26740724,72.71471
4727,-1951.6355,-1953.2322,1.8889658,0.26811525,72.27522
4728,-1953.4819,-1953.2572,1.7056832,0.26555178,72.24456
4729,-1951.0823,-1953.0397,1.9608424,0.26621094,71.55671
4730,-1950.9666,-1952.8324,2.1515625,0.26945803,71.50798
4731,-1953.4541,-1952.8945,1.9711927,0.26611328,73.80222
4732,-1951.728,-1952.7778,1.8965393,0.26696777,72.55198
4733,-1950.6458,-1952.5646,2.1160042,0.27026367,70.62445
4734,-1951.9224,-1952.5004,1.941523,0.26362306,71.31959
4735,-1952.5195,-1952.5023,1.7474036,0.27004394,69.97964
4736,-1952.0817,-1952.4602,1.5885887,0.2673584,73.236015
4737,-1951.6648,-1952.3806,1.4866707,0.26520997,71.91956
4738,-1952.7284,-1952.4154,1.3488891,0.26777345,72.25305
4739,-1952.6187,-1952.4358,1.217718,0.26286623,72.016136
4740,-1951.8606,-1952.3783,1.1257226,0.2671875,75.92085
4741,-1950.5051,-1952.1909,1.328939,0.27036133,72.563194
4742,-1950.0364,-1951.9755,1.6138293,0.26306152,72.66883
4743,-1951.3369,-1951.9116,1.4891434,0.2700928,70.30168
4744,-1952.9922,-1952.0197,1.4453151,0.26782227,71.46099
4745,-1953.1841,-1952.1361,1.422814,0.2668701,71.11949
4746,-1953.7104,-1952.2936,1.503602,0.26271972,69.388
4747,-1951.263,-1952.1906,1.4488415,0.2706543,71.994415
4748,-1950.5602,-1952.0275,1.5431871,0.26169434,72.43079
4749,-1953.0817,-1952.1329,1.4888886,0.2687256,70.076645
4750,-1953.5865,-1952.2783,1.530169,0.26726076,70.7767
4751,-1954.2487,-1952.4753,1.7265525,0.2697998,71.541245
4752,-1949.8473,-1952.2125,2.1754963,0.27231446,70.02864
4753,-1952.9833,-1952.2896,2.011412,0.26760253,72.675316
4754,-1951.2035,-1952.1809,1.916428,0.26518556,72.495056
4755,-1952.1837,-1952.1812,1.7247859,0.26896974,70.89325
4756,-1953.301,-1952.2931,1.6651777,0.26738283,70.218155
4757,-1953.3594,-1952.3997,1.6009865,0.26574707,73.13104
4758,-1953.3219,-1952.492,1.5174353,0.2704346,67.02396
4759,-1952.177,-1952.4604,1.3746186,0.2713135,71.58014
4760,-1952.5223,-1952.4667,1.2375015,0.2656494,71.28969
4761,-1951.5712,-1952.3771,1.1859254,0.26674804,72.084
4762,-1952.2146,-1952.3608,1.0697087,0.26708984,73.48599
4763,-1953.2942,-1952.4542,1.0411406,0.26879883,72.091225
4764,-1953.8378,-1952.5925,1.1093041,0.26372072,72.916534
4765,-1954.4183,-1952.7751,1.2983946,0.26328126,70.94415
4766,-1955.3171,-1953.0293,1.7501103,0.26425782,71.335724
4767,-1954.4568,-1953.172,1.7584949,0.26813966,75.01656
4768,-1954.6484,-1953.3196,1.7788342,0.2668213,69.46268
4769,-1954.8633,-1953.474,1.815422,0.26953125,72.39266
4770,-1951.8502,-1953.3116,1.8711791,0.26372072,72.28042
4771,-1952.1025,-1953.1907,1.8156356,0.26699218,74.61719
4772,-1953.925,-1953.2642,1.6826096,0.2652832,72.69841
4773,-1953.614,-1953.2992,1.5253643,0.26499024,72.410995
4774,-1952.4199,-1953.2113,1.4424086,0.26520997,74.111435
4775,-1951.5405,-1953.0442,1.5494021,0.2710205,71.85384
4776,-1954.9198,-1953.2317,1.7110741,0.2713623,71.44689
4777,-1953.4592,-1953.2544,1.5446264,0.26601562,70.74115
4778,-1952.434,-1953.1724,1.4507438,0.26523438,73.65768
4779,-1953.0436,-1953.1594,1.307162,0.26135254,73.068146
4780,-1953.9763,-1953.2411,1.2365043,0.26494142,73.02718
4781,-1949.0007,-1952.817,2.7311096,0.26645508,72.15759
4782,-1950.9519,-1952.6305,2.7710764,0.2644043,70.71613
4783,-1952.3826,-1952.6057,2.4995008,0.265625,69.98392
4784,-1953.2959,-1952.6747,2.2924225,0.26013184,70.413124
4785,-1954.493,-1952.8566,2.360759,0.2668213,71.59424
4786,-1954.6371,-1953.0347,2.4100049,0.26765138,72.39693
4787,-1952.7262,-1953.0038,2.1775682,0.26694337,71.99911
4788,-1950.3976,-1952.7432,2.571117,0.2662842,71.573784
4789,-1952.9026,-1952.7592,2.3162925,0.27089843,72.37339
4790,-1949.5326,-1952.4365,3.0216267,0.26904297,70.79364
4791,-1955.8925,-1952.7821,3.7943764,0.2692383,72.81077
4792,-1952.6934,-1952.7732,3.4156475,0.266333,72.959175
4793,-1952.3164,-1952.7275,3.0928617,0.26379395,69.83616
4794,-1953.9829,-1952.853,2.9254115,0.26289064,73.478096
4795,-1952.6462,-1952.8324,2.6367188,0.26621094,69.753815
4796,-1952.2954,-1952.7787,2.3989987,0.2713135,71.36604
4797,-1952.1691,-1952.7178,2.192546,0.2676758,69.23273
4798,-1952.6083,-1952.7068,1.9743704,0.2626465,71.42262
4799,-1954.3833,-1952.8744,2.0298963,0.26730958,71.50499
4800,-1952.1439,-1952.8014,1.8749293,0.26376954,72.17076
4801,-1956.5775,-1953.179,2.9707558,0.26782227,74.01028
4802,-1955.0732,-1953.3684,2.9966292,0.26652834,72.09286
4803,-1956.6957,-1953.7012,3.6933317,0.26745605,69.46343
4804,-1949.5057,-1953.2816,4.908149,0.26877442,70.64604
4805,-1950.6636,-1953.0198,5.034207,0.26540527,72.145164
4806,-1949.192,-1952.637,5.8494425,0.26740724,73.46384
4807,-1950.5337,-1952.4266,5.662636,0.26572266,71.01311
4808,-1952.0616,-1952.3901,5.1083617,0.26914063,76.466255
4809,-1952.7874,-1952.4298,4.611726,0.26813966,79.78801
4810,-1953.0464,-1952.4915,4.184768,0.27087402,81.80696
4811,-1949.8696,-1952.2292,4.384949,0.2654541,71.934364
4812,-1954.4913,-1952.4554,4.4069867,0.270166,70.08595
4813,-1953.2522,-1952.5352,4.0234213,0.2699463,72.89007
4814,-1958.5238,-1953.134,6.8488297,0.26711425,73.42823
4815,-1954.2546,-1953.2461,6.2769647,0.2716553,71.11782
4816,-1956.0974,-1953.5312,6.3809695,0.2668701,71.2866
4817,-1951.7571,-1953.3539,6.0261636,0.27348635,72.71681
4818,-1954.7114,-1953.4896,5.5894103,0.26906738,73.34962
4819,-1952.7726,-1953.418,5.0767426,0.2683594,72.62095
4820,-1950.8933,-1953.1655,5.142719,0.2684082,72.13228
4821,-1951.0698,-1952.9559,5.023724,0.26699218,79.377174
4822,-1952.4518,-1952.9055,4.5442266,0.26459962,74.27385
4823,-1949.8442,-1952.5994,4.933233,0.2628418,121.5811
4824,-1946.9072,-1952.0302,7.355949,0.2701416,201.07141
4825,-1952.8799,-1952.1151,6.685338,0.27023926,121.96841
4826,-1954.0496,-1952.3086,6.353592,0.26208496,89.96117
4827,-1953.5181,-1952.4296,5.8498864,0.27055666,71.58127
4828,-1955.0576,-1952.6924,5.8864965,0.2672119,73.69346
4829,-1954.4424,-1952.8674,5.573472,0.26879883,74.32554
4830,-1952.4436,-1952.8251,5.0322914,0.26616213,74.06729
4831,-1954.1956,-1952.9622,4.6981025,0.2699463,70.77192
4832,-1949.312,-1952.5972,5.4274135,0.26413575,71.51617
4833,-1952.6713,-1952.6046,4.885166,0.26711425,69.57684
4834,-1954.155,-1952.7596,4.6129904,0.265918,70.831535
4835,-1954.883,-1952.9719,4.5574903,0.26533204,69.57674
4836,-1952.8239,-1952.9572,4.1037145,0.26328126,68.63056
4837,-1951.1245,-1952.7739,3.9956145,0.26875,68.391174
4838,-1951.8523,-1952.6818,3.6724994,0.2652588,72.250786
4839,-1951.1686,-1952.5304,3.5113246,0.2651123,69.13039
4840,-1953.6252,-1952.6399,3.2680745,0.2650879,72.53026
4841,-1953.5105,-1952.7269,3.0094829,0.2668213,69.67109
4842,-1957.0732,-1953.1616,4.4086742,0.26303712,69.3002
4843,-1953.519,-1953.1974,3.979304,0.2675293,69.46898
4844,-1954.31,-1953.3086,3.692797,0.26689455,70.26081
4845,-1954.6179,-1953.4396,3.4778073,0.2680908,73.39865
4846,-1956.3453,-1953.7301,3.8899372,0.26879883,70.19225
4847,-1952.528,-1953.6099,3.631008,0.26618654,69.850784
4848,-1951.4241,-1953.3912,3.6978984,0.2656006,72.21424
4849,-1953.4336,-1953.3955,3.32827,0.2685791,72.07896
4850,-1952.8861,-1953.3446,3.0187967,0.26831055,68.18299
4851,-1952.4962,-1953.2598,2.7816956,0.26311037,71.976746
4852,-1953.7834,-1953.3121,2.5282078,0.26955566,72.19546
4853,-1953.7129,-1953.3522,2.2898414,0.27321777,71.303986
4854,-1953.503,-1953.3673,2.062906,0.2709961,70.85421
4855,-1952.3083,-1953.2615,1.9575411,0.27004394,71.79591
4856,-1954.616,-1953.397,1.9269054,0.26733398,72.73734
4857,-1953.303,-1953.3876,1.7350099,0.2666504,71.21045
4858,-1954.2189,-1953.4707,1.6237041,0.2654541,73.10532
4859,-1954.6719,-1953.5908,1.5911869,0.27067873,71.58234
4860,-1954.6925,-1953.7009,1.541302,0.26379395,69.88757
4861,-1954.3105,-1953.7618,1.4206189,0.2678711,70.91449
4862,-1954.4879,-1953.8345,1.3260036,0.2680664,70.422295
4863,-1953.0289,-1953.7539,1.251804,0.26540527,72.339615
4864,-1952.9956,-1953.6781,1.1783754,0.26584473,73.112526
4865,-1955.7551,-1953.8857,1.4488013,0.26638183,70.60132
4866,-1953.227,-1953.8198,1.3429698,0.26669922,71.55422
4867,-1952.9481,-1953.7327,1.277061,0.26503906,69.25023
4868,-1953.6816,-1953.7275,1.1495892,0.26694337,69.03993
4869,-1956.5564,-1954.0104,1.7548493,0.2666504,67.63861
4870,-1951.2069,-1953.73,2.2867126,0.26689455,69.06246
4871,-1955.0865,-1953.8656,2.223666,0.27006838,71.53758
4872,-1953.9607,-1953.8751,2.002113,0.26428223,68.97091
4873,-1953.847,-1953.8723,1.8019727,0.2661377,67.59759
4874,-1953.5317,-1953.8383,1.6322147,0.26662597,69.682205
4875,-1954.5776,-1953.9122,1.5181947,0.26972657,70.472694
4876,-1953.935,-1953.9146,1.366422,0.26450196,69.63439
4877,-1952.7982,-1953.803,1.3419378,0.2701172,71.71369
4878,-1951.9098,-1953.6136,1.5303186,0.2671875,71.10268
4879,-1951.5911,-1953.4114,1.7454625,0.26777345,67.75057
4880,-1955.6277,-1953.633,2.0129983,0.26967773,67.9129
4881,-1957.2675,-1953.9965,3.0004957,0.26567385,69.816765
4882,-1954.23,-1954.0198,2.7053537,0.26557618,70.099304
4883,-1952.6235,-1953.8801,2.6102722,0.27243653,70.69175
4884,-1953.7943,-1953.8716,2.3499076,0.26701662,72.595695
4885,-1953.5139,-1953.8358,2.12643,0.2697998,72.69803
4886,-1954.3103,-1953.8833,1.9340495,0.26638183,72.19249
4887,-1952.5509,-1953.75,1.90042,0.2718506,72.59913
4888,-1953.4558,-1953.7206,1.7181672,0.26513672,72.05012
4889,-1953.3896,-1953.6875,1.556207,0.2663086,70.42852
4890,-1954.175,-1953.7362,1.4219795,0.26547852,72.16773
4891,-1954.936,-1953.8562,1.4093446,0.2659912,71.68038
4892,-1954.8611,-1953.9567,1.3592911,0.26657715,71.17731
4893,-1955.2294,-1954.084,1.3691419,0.26447755,72.53559
4894,-1953.9875,-1954.0743,1.2330647,0.26608887,72.87388
4895,-1953.9639,-1954.0632,1.1108565,0.2668457,72.37205
4896,-1951.6284,-1953.8197,1.5333197,0.26701662,71.64523
4897,-1956.72,-1954.1097,2.137028,0.26281738,71.78789
4898,-1954.2344,-1954.1222,1.9247231,0.26896974,69.66212
4899,-1956.768,-1954.3867,2.362251,0.26210937,71.50508
4900,-1953.485,-1954.2965,2.199207,0.26616213,70.84914
4901,-1954.9075,-1954.3577,2.012881,0.26867676,74.00058
4902,-1953.9928,-1954.3212,1.8235744,0.26364747,73.40659
4903,-1953.7244,-1954.2615,1.6732725,0.27121583,69.94466
4904,-1952.6995,-1954.1052,1.7255344,0.2729248,72.84917
4905,-1953.2278,-1954.0175,1.6222723,0.26828614,69.54893
4906,-1956.3013,-1954.2458,1.9294674,0.26955566,70.975365
4907,-1954.7708,-1954.2983,1.7613177,0.26589355,70.63178
4908,-1953.1309,-1954.1816,1.7078569,0.26904297,71.289474
4909,-1953.1521,-1954.0787,1.632467,0.26916504,73.42686
4910,-1954.4697,-1954.1178,1.4829789,0.26845703,73.349045
4911,-1956.0061,-1954.3066,1.6555939,0.26533204,73.23077
4912,-1953.596,-1954.2356,1.5354921,0.2672119,68.31144
4913,-1953.9724,-1954.2092,1.3881767,0.26347658,73.001526
4914,-1952.5465,-1954.043,1.4981763,0.26635742,70.824554
4915,-1953.1653,-1953.9552,1.4176885,0.2638672,71.77495
4916,-1953.4071,-1953.9004,1.3029563,0.2692871,73.53003
4917,-1956.218,-1954.1322,1.6560861,0.2671387,71.817024
4918,-1953.1929,-1954.0383,1.5698884,0.2677002,69.874886
4919,-1954.3518,-1954.0697,1.4217436,0.26657715,69.37079
4920,-1955.5508,-1954.2178,1.4769928,0.2672119,71.45106
4921,-1954.6344,-1954.2594,1.3449155,0.2652588,72.770645
4922,-1952.7406,-1954.1075,1.4180315,0.26523438,71.25591
4923,-1953.9973,-1954.0966,1.2773218,0.26818848,71.90005
4924,-1955.03,-1954.19,1.2280129,0.26606447,73.15887
4925,-1954.2802,-1954.199,1.105944,0.26748046,69.48678
4926,-1955.311,-1954.3102,1.1066507,0.26669922,69.58128
4927,-1953.4817,-1954.2273,1.0577614,0.2663086,69.60074
4928,-1951.748,-1953.9794,1.5051856,0.2685547,67.50861
4929,-1951.1794,-1953.6993,2.06023,0.26604006,70.05535
4930,-1952.3574,-1953.5652,2.0162742,0.26655275,72.55778
4931,-1954.9768,-1953.7063,1.9939874,0.2621338,70.442795
4932,-1953.8964,-1953.7253,1.7978398,0.2638428,68.604324
4933,-1956.0685,-1953.9597,2.112183,0.2659668,70.39902
4934,-1957.6934,-1954.3331,3.1555724,0.26745605,67.86077
4935,-1954.0652,-1954.3064,2.8464766,0.26044923,69.21134
4936,-1953.4109,-1954.2168,2.634003,0.26899415,72.562515
4937,-1954.121,-1954.2073,2.371429,0.2645752,70.53648
4938,-1953.5664,-1954.1432,2.1712503,0.2635498,69.99759
4939,-1953.773,-1954.1062,1.9664621,0.26337892,69.15412
4940,-1954.056,-1954.1012,1.7700424,0.26271972,71.39762
4941,-1953.8794,-1954.079,1.5974659,0.26794434,73.05711
4942,-1954.146,-1954.0857,1.4381235,0.26367188,70.78008
4943,-1957.7424,-1954.4514,2.4977674,0.26540527,72.991196
4944,-1955.176,-1954.5239,2.2952461,0.26296386,69.63135
4945,-1956.2352,-1954.6951,2.3292918,0.26462403,69.69155
4946,-1955.3691,-1954.7625,2.1372561,0.26887208,72.96778
4947,-1953.7998,-1954.6661,2.0069323,0.26516113,71.87069
4948,-1952.9863,-1954.4982,2.0601974,0.271167,68.47837
4949,-1954.5332,-1954.5017,1.8542881,0.26816407,72.22196
4950,-1956.1819,-1954.6697,1.9229283,0.2671875,70.260796
4951,-1952.8574,-1954.4884,2.0262198,0.2656006,68.80329
4952,-1954.353,-1954.4749,1.8252473,0.26572266,68.31092
4953,-1953.3047,-1954.3578,1.7659584,0.2668213,70.43956
4954,-1953.9808,-1954.3201,1.602151,0.26755372,71.43889
4955,-1952.0295,-1954.0911,1.9141223,0.2676758,69.23224
4956,-1952.9277,-1953.9747,1.8445104,0.26518556,70.45194
4957,-1953.4257,-1953.9198,1.6871926,0.26699218,70.64418
4958,-1956.7056,-1954.1984,2.2169178,0.2661377,69.77599
4959,-1957.5598,-1954.5345,3.012167,0.2687256,68.86567
4960,-1958.904,-1954.9714,4.429283,0.2678711,71.17517
4961,-1956.3416,-1955.1084,4.155305,0.2667969,70.86696
4962,-1953.869,-1954.9845,3.87802,0.2729004,70.756195
4963,-1957.4141,-1955.2274,4.021469,0.2671631,70.10127
4964,-1954.6086,-1955.1655,3.6537814,0.2713867,71.585106
4965,-1951.333,-1954.7822,4.6103415,0.27001953,69.85137
4966,-1950.839,-1954.388,5.548728,0.2697754,69.04636
4967,-1950.8242,-1954.0316,6.1368647,0.26589355,70.75347
4968,-1954.8995,-1954.1184,5.5909734,0.26728517,70.50275
4969,-1954.5782,-1954.1644,5.0509067,0.26782227,71.53516
4970,-1954.4865,-1954.1967,4.5551486,0.26689455,72.02232
4971,-1952.6241,-1954.0394,4.3221846,0.26918945,70.54934
4972,-1953.4391,-1953.9794,3.922403,0.25910646,71.01972
4973,-1952.7148,-1953.8529,3.6740751,0.268042,69.34624
4974,-1949.6527,-1953.4329,4.894415,0.26281738,71.44543
4975,-1911.7622,-1949.2657,160.68488,0.2645752,1937.11
4976,-1951.627,-1949.5018,145.11816,0.26662597,78.687645
4977,-1951.9304,-1949.7446,131.13716,0.26789552,83.64503
4978,-1953.8752,-1950.1577,119.55901,0.26774904,75.60578
4979,-1955.1932,-1950.6613,109.88519,0.26601562,77.91415
4980,-1951.1227,-1950.7074,98.91583,0.26765138,73.17438
4981,-1953.0892,-1950.9456,89.53483,0.26589355,70.48624
4982,-1956.1335,-1951.4644,83.003716,0.26481935,71.32523
4983,-1955.1041,-1951.8284,75.89565,0.27114257,68.92934
4984,-1952.6091,-1951.9065,68.36095,0.26538086,69.84592
4985,-1954.1033,-1952.1262,61.959175,0.2650879,72.34003
4986,-1955.9512,-1952.5087,57.07998,0.26796874,71.72711
4987,-1955.5176,-1952.8096,52.1868,0.2697754,71.21115
4988,-1953.8925,-1952.9178,47.073654,0.26970217,69.72731
4989,-1956.1702,-1953.243,43.31827,0.27109376,68.76115
4990,-1954.5234,-1953.3711,39.13399,0.26860353,69.5738
4991,-1954.2233,-1953.4563,35.28595,0.2647705,74.57011
4992,-1953.1824,-1953.429,31.764107,0.26882324,70.6071
4993,-1951.3711,-1953.2231,28.968828,0.26738283,69.40883
4994,-1956.7524,-1953.576,27.19298,0.26123047,71.33042
4995,-1956.6406,-1953.8826,25.318926,0.26877442,70.64942
4996,-1956.6821,-1954.1625,23.49241,0.26694337,72.11783
4997,-1954.8391,-1954.2301,21.184374,0.26933596,70.45569
4998,-1955.2494,-1954.332,19.159441,0.270166,72.18442
4999,-1954.7959,-1954.3784,17.262861,0.26865235,71.368965
