step,energy,ewmean,ewvar,pmove,locstd
0,12267.973,12267.973,0.0,0.9973389,276336.3
1,8780.604,11919.235,1.0945569e+06,0.9977051,235585.2
2,3234.6248,11050.774,7.7731225e+06,0.9976074,57247.04
3,1882.8868,10133.985,1.4560324e+07,0.9976563,19258.89
4,7868.296,9907.416,1.3566293e+07,0.99799806,209692.72
5,15931.08,10509.782,1.5475271e+07,0.9971924,393994.7
6,2706.619,9729.466,1.9407784e+07,0.9971191,35346.633
7,13813.974,10137.917,1.8968494e+07,0.9975098,439743.94
8,3030.1948,9427.145,2.1618418e+07,0.9968994,63120.61
9,5171.343,9001.564,2.1086642e+07,0.99692386,117079.5
10,1784.8933,8279.897,2.3665208e+07,0.99624026,21140.715
11,5911.089,8043.0166,2.18037e+07,0.9970703,163732.34
12,2796.226,7518.3374,2.2100924e+07,0.9964844,70980.98
13,6962.7417,7462.778,1.9918612e+07,0.99663085,159595.81
14,4998.3247,7216.3325,1.8473368e+07,0.99641114,67722.664
15,8937.084,7388.4077,1.6892518e+07,0.99663085,287900.75
16,1761.4635,6825.7134,1.805289e+07,0.99655765,15840.953
17,3209.5845,6464.1006,1.7424474e+07,0.9962891,83779.7
18,2364.3342,6054.124,1.7194754e+07,0.9968506,28201.367
19,3232.896,5772.001,1.6191617e+07,0.9966553,55252.902
20,6326.8535,5827.4863,1.4600162e+07,0.996875,188103.73
21,3248.0999,5569.548,1.3738937e+07,0.9965332,56381.766
22,8520.609,5864.654,1.3148831e+07,0.99736327,186089.05
23,1918.0482,5469.993,1.323576e+07,0.99672854,18322.605
24,22218.852,7144.879,3.7159372e+07,0.99677736,591068.06
25,4380.1016,6868.4014,3.413139e+07,0.9968262,77429.2
26,9486.15,7130.1763,3.1334986e+07,0.99699706,177662.55
27,16611.73,8078.3315,3.6292476e+07,0.9968506,438459.8
28,7265.6616,7997.0645,3.2722668e+07,0.9972412,130896.88
29,3390.9507,7536.453,3.1359866e+07,0.99758303,48402.82
30,3603.3274,7143.1406,2.9616132e+07,0.99692386,52089.332
31,3478.3723,6776.6636,2.7863264e+07,0.99763185,49085.387
32,5613.88,6660.3853,2.5198622e+07,0.99677736,150081.9
33,2400.5608,6234.403,2.4311908e+07,0.9970703,32430.965
34,3432.9717,5954.26,2.2587038e+07,0.99672854,39607.797
35,6951.255,6053.9595,2.0417794e+07,0.99660647,193234.4
36,10693.657,6517.929,2.0313426e+07,0.9963623,338373.94
37,1713.1079,6037.4473,2.035985e+07,0.99692386,17803.104
38,7718.819,6205.5845,1.8578296e+07,0.99741215,199509.45
39,4944.7617,6079.502,1.6863538e+07,0.99714357,93956.266
40,2955.526,5767.1045,1.6055514e+07,0.9975342,29773.89
41,6439.375,5834.3315,1.4490638e+07,0.99694824,154417.23
42,2046.9548,5455.5938,1.4332554e+07,0.99692386,19934.43
43,8198.307,5729.865,1.3576321e+07,0.9971924,196604.19
44,11300.641,6286.943,1.5011707e+07,0.9968018,262882.78
45,7679.874,6426.236,1.3685159e+07,0.996875,137919.08
46,3588.1333,6142.426,1.3041577e+07,0.99663085,51687.137
47,3906.4268,5918.8257,1.2187391e+07,0.99582523,76933.375
48,2953.4846,5622.2915,1.1760044e+07,0.9961182,47193.89
49,4319.5625,5492.0186,1.0736778e+07,0.9966797,86044.86
50,5572.291,5500.046,9.66368e+06,0.99614257,145973.6
51,9996.621,5949.7036,1.0517039e+07,0.99624026,230224.81
52,2858.2075,5640.554,1.0325496e+07,0.99587405,50354.652
53,3037.0298,5380.2017,9.902997e+06,0.9958496,33166.34
54,1353.409,4977.5225,1.0372052e+07,0.9954346,9504.318
55,5916.7583,5071.4463,9.414241e+06,0.99626464,88629.57
56,7636.2744,5327.929,9.064867e+06,0.99560547,151378.44
57,4487.7305,5243.909,8.221914e+06,0.9956787,103964.55
58,4033.4941,5122.8677,7.531582e+06,0.9958496,83271.64
59,3468.3516,4957.416,7.024792e+06,0.99550784,61318.832
60,10723.49,5534.0234,9.314597e+06,0.99541014,416725.97
61,7145.176,5695.1387,8.61676e+06,0.9955811,180194.97
62,4586.0327,5584.228,7.8657945e+06,0.9952149,114196.586
63,2157.2422,5241.5293,8.136196e+06,0.9944092,17961.383
64,7256.299,5443.0063,7.687913e+06,0.9949951,170872.86
65,8538.7705,5752.583,7.78166e+06,0.99455565,173956.72
66,5252.608,5702.5854,7.0259915e+06,0.9947998,149178.7
67,5669.7817,5699.305,6.323489e+06,0.9945801,146335.78
68,3146.3875,5444.013,6.277705e+06,0.99470216,54835.203
69,2026.3052,5102.242,6.7012e+06,0.99501956,19437.531
70,1132.8263,4705.301,7.4491435e+06,0.99501956,6635.9775
71,3623.3096,4597.1016,6.8095925e+06,0.995166,54410.543
72,4145.1865,4551.91,6.1470135e+06,0.994043,92342.6
73,2928.5112,4389.5703,5.7695e+06,0.9942383,33346.914
74,8155.7876,4766.192,6.469145e+06,0.99484867,196392.94
75,7531.9307,5042.7656,6.510668e+06,0.99375004,211194.72
76,10929.593,5631.448,8.978528e+06,0.99370116,219886.23
77,6108.231,5679.1265,8.101134e+06,0.99448246,182281.38
78,2726.4773,5383.8613,8.075653e+06,0.9941406,49264.598
79,2146.6292,5060.138,8.211258e+06,0.99396974,22354.992
80,5635.247,5117.649,7.4198995e+06,0.9946045,155044.94
81,3371.4663,4943.031,6.9523335e+06,0.9946777,78004.586
82,4270.333,4875.7607,6.297827e+06,0.9943604,113011.61
83,10614.804,5449.665,8.632339e+06,0.99375004,313525.97
84,2177.8896,5122.4873,8.732511e+06,0.9944092,35280.457
85,7657.4214,5375.9805,8.43759e+06,0.99418944,154006.84
86,10332.448,5871.6274,9.804822e+06,0.9947266,261091.02
87,14546.49,6739.114,1.5597133e+07,0.9946045,352954.8
88,5669.869,6632.1895,1.4140315e+07,0.9945801,150506.1
89,17416.008,7710.5713,2.3192448e+07,0.99538577,506630.16
90,10699.5205,8009.4663,2.1677246e+07,0.9949463,366372.16
91,6517.244,7860.244,1.9709926e+07,0.99411625,165206.98
92,2127.0474,7286.9243,2.0697192e+07,0.9947266,19559.727
93,8022.909,7360.523,1.8676224e+07,0.9936035,205091.08
94,6456.8193,7270.1523,1.6882102e+07,0.9939209,154185.69
95,3816.5337,6924.7905,1.6267365e+07,0.993457,78144.14
96,5660.16,6798.3276,1.4784564e+07,0.99326175,139081.92
97,3227.8389,6441.279,1.4453462e+07,0.9935791,56260.06
98,1476.2732,5944.7783,1.5226731e+07,0.9935547,16236.187
99,6901.9224,6040.4927,1.3786508e+07,0.99365234,152389.94
100,16482.832,7084.7266,2.2221678e+07,0.9937256,463676.34
101,2099.6055,6586.2144,2.223614e+07,0.9932129,22993.402
102,3024.185,6230.011,2.115445e+07,0.99311525,46169.86
103,6106.4,6217.65,1.904038e+07,0.99333495,120865.93
104,13601.268,6956.0117,2.2042944e+07,0.9944092,362504.16
105,6268.9077,6887.3013,1.988114e+07,0.9948975,156202.05
106,3724.0327,6570.9746,1.8793588e+07,0.9951172,75701.336
107,8830.184,6796.8955,1.737359e+07,0.99592286,191842.92
108,4116.918,6528.898,1.6282636e+07,0.9958008,101254.875
109,6878.69,6563.877,1.4665384e+07,0.9959473,157325.19
110,3793.7852,6286.8677,1.3889452e+07,0.9963867,81038.14
111,2321.9287,5890.374,1.3915373e+07,0.9970703,23980.076
112,3820.0588,5683.3423,1.2909594e+07,0.9981201,69092.945
113,6472.401,5762.248,1.1674669e+07,0.99746096,120680.86
114,8339.001,6019.9233,1.1104771e+07,0.99814457,214643.62
115,3723.0527,5790.2363,1.0469099e+07,0.9977539,51294.49
116,5836.9053,5794.9033,9.422385e+06,0.99785155,103289.15
117,5664.379,5781.851,8.48168e+06,0.9980469,97254.33
118,4597.921,5663.458,7.759664e+06,0.99794924,77121.83
119,1282.8608,5225.3984,8.710764e+06,0.9981201,8645.177
120,3463.5967,5049.2183,8.119043e+06,0.99768066,55213.22
121,1422.8835,4686.585,8.490665e+06,0.99785155,10636.928
122,3221.0776,4540.034,7.834892e+06,0.9975586,57848.55
123,2091.2576,4295.1567,7.5910885e+06,0.9977051,23668.299
124,7864.1626,4652.057,7.978382e+06,0.9975098,181245.72
125,1662.9556,4353.147,7.9846695e+06,0.99758303,14864.413
126,3609.7937,4278.8115,7.235934e+06,0.9974365,65771.28
127,3188.3938,4169.7695,6.6193515e+06,0.99709475,43855.457
128,5162.703,4269.063,6.0461485e+06,0.9973877,127875.37
129,4890.5884,4331.2153,5.4763e+06,0.9975342,100423.03
130,1830.7798,4081.1719,5.491366e+06,0.9970215,13498.9795
131,11548.58,4827.9126,9.960825e+06,0.9963623,200600.4
132,1293.4011,4474.4614,1.0089092e+07,0.9968262,11660.675
133,3854.0598,4412.4214,9.114824e+06,0.9966553,75358.766
134,2851.643,4256.3438,8.422584e+06,0.997168,50872.36
135,6861.975,4516.9067,8.191364e+06,0.9966553,195858.6
136,2640.191,4329.2354,7.689213e+06,0.99604493,65921.48
137,11222.292,5018.541,1.1196572e+07,0.99655765,247034.23
138,1736.3479,4690.322,1.1046466e+07,0.9963135,16536.344
139,3062.5981,4527.5493,1.0180272e+07,0.99663085,41629.895
140,14899.965,5564.791,1.8845074e+07,0.9964356,351249.22
141,9361.565,5944.4683,1.8257962e+07,0.99619144,220395.95
142,12298.2705,6579.8486,2.0065538e+07,0.99655765,279759.97
143,6391.2974,6560.9937,1.8062184e+07,0.99655765,171398.77
144,3470.403,6251.9346,1.7115624e+07,0.9960694,42688.727
145,3332.9377,5960.0347,1.617091e+07,0.9960205,52729.047
146,5854.545,5949.486,1.455482e+07,0.9960694,208559.0
147,1669.0647,5521.444,1.4748318e+07,0.9965088,21616.72
148,5023.923,5471.692,1.3295764e+07,0.9959961,124888.65
149,6440.494,5568.5723,1.2050659e+07,0.9958496,117996.445
150,2844.004,5296.115,1.1513687e+07,0.9958496,54342.094
151,9627.482,5729.252,1.2050785e+07,0.9963623,181530.25
152,2668.003,5423.127,1.1689119e+07,0.9958496,39218.016
153,11514.25,6032.2393,1.3859367e+07,0.99619144,288081.84
154,5725.971,6001.6123,1.2481872e+07,0.9959961,162630.31
155,7180.448,6119.496,1.1358753e+07,0.99592286,122542.93
156,8763.437,6383.89,1.0852015e+07,0.9961182,231558.36
157,1588.27,5904.328,1.183663e+07,0.99572754,13542.331
158,8218.152,6135.7104,1.1134807e+07,0.99538577,183140.66
159,1043.103,5626.4497,1.2355444e+07,0.9960205,7847.976
160,4197.7373,5483.5786,1.1303609e+07,0.9962158,64469.395
161,2687.6858,5203.9893,1.087678e+07,0.9956543,59806.31
162,3563.4143,5039.9316,1.0031336e+07,0.9963379,64407.535
163,3226.4473,4858.583,9.324188e+06,0.9962158,55064.03
164,2256.0903,4598.334,9.001336e+06,0.9963135,34693.312
165,1732.1543,4311.716,8.840551e+06,0.9959717,19226.355
166,4689.589,4349.503,7.969347e+06,0.9964356,105469.51
167,7167.7197,4631.3247,7.8872235e+06,0.99614257,190752.47
168,4185.785,4586.7705,7.1163665e+06,0.9964356,102958.66
169,4952.9434,4623.3877,6.4167975e+06,0.99641114,128457.71
170,6324.299,4793.479,6.0354965e+06,0.99624026,115175.164
171,2479.231,4562.054,5.9139635e+06,0.9963135,31183.686
172,1724.0686,4278.256,6.0474415e+06,0.9959473,19296.71
173,5605.286,4410.959,5.601188e+06,0.99645996,158441.9
174,9374.828,4907.3457,7.258669e+06,0.9963623,335031.94
175,6842.834,5100.8945,6.8699525e+06,0.9966797,141298.12
176,14971.141,6087.919,1.4950915e+07,0.99672854,295900.53
177,8474.571,6326.584,1.3968473e+07,0.9968018,241537.36
178,5699.3237,6263.858,1.2607037e+07,0.99645996,130823.45
179,2792.0017,5916.6724,1.2431174e+07,0.99677736,46726.11
180,3261.088,5651.114,1.1822748e+07,0.99692386,45172.703
181,9179.819,6003.9844,1.1761131e+07,0.99658203,195818.23
182,1540.2252,5557.6084,1.2378281e+07,0.9967529,15757.338
183,5178.354,5519.683,1.1153397e+07,0.9968262,135358.47
184,5711.506,5538.865,1.0041369e+07,0.9967041,109840.03
185,7199.746,5704.953,9.2855e+06,0.9968506,164246.38
186,3025.977,5437.0557,9.002872e+06,0.9967041,55596.008
187,6650.3965,5558.3896,8.2350825e+06,0.9966553,214472.8
188,4395.2246,5442.073,7.53334e+06,0.99699706,55368.25
189,4522.83,5350.149,6.8560565e+06,0.99726564,71935.625
190,3823.4468,5197.4785,6.3802245e+06,0.9965088,77222.98
191,3190.5552,4996.786,6.1046985e+06,0.9972412,52709.156
192,4287.9746,4925.905,5.539446e+06,0.9968994,65552.445
193,2899.2705,4723.241,5.3551535e+06,0.9968994,34526.496
194,3814.9092,4632.408,4.893894e+06,0.9967041,77718.65
195,8364.551,5005.6226,5.6581045e+06,0.9971191,182048.8
196,7364.3037,5241.4907,5.5929975e+06,0.9968994,176423.69
197,12414.431,5958.7847,9.664293e+06,0.9967529,366438.2
198,9717.434,6334.6494,9.969333e+06,0.9966553,219430.7
199,5708.0767,6271.992,9.007733e+06,0.9973877,129122.4
200,1708.4934,5815.642,9.981256e+06,0.99694824,19222.559
201,7214.7095,5955.549,9.159295e+06,0.9970703,158082.5
202,13372.585,6697.2524,1.3194484e+07,0.99645996,280108.5
203,6537.0435,6681.2314,1.1877346e+07,0.99663085,169850.77
204,5183.2075,6531.429,1.0891578e+07,0.996167,160598.56
205,4308.2236,6309.1084,1.0247258e+07,0.9959717,55633.707
206,2136.81,5891.8784,1.0789258e+07,0.9960694,24528.455
207,8566.592,6159.3496,1.03542e+07,0.9958496,297206.56
208,6625.833,6205.998,9.338365e+06,0.9958496,186843.05
209,13159.79,6901.3774,1.2756499e+07,0.9953613,300515.44
210,3198.7754,6531.117,1.2714682e+07,0.9952637,56966.99
211,3149.5244,6192.958,1.2472379e+07,0.9946289,34326.656
212,11242.974,6697.9595,1.352038e+07,0.9954346,441552.53
213,8701.628,6898.326,1.2529664e+07,0.9958008,288534.66
214,4724.9067,6680.9844,1.1701835e+07,0.99550784,114548.086
215,1964.6243,6209.348,1.2533616e+07,0.9952881,19711.414
216,6820.1133,6270.425,1.1313827e+07,0.995752,199444.16
217,2455.4946,5888.9316,1.1492276e+07,0.9955322,20038.371
218,2888.026,5588.841,1.1153538e+07,0.99484867,37951.87
219,1530.843,5183.041,1.1520245e+07,0.9947266,18188.254
220,13893.601,6054.097,1.7196866e+07,0.99538577,375565.0
221,20304.562,7479.1436,3.3753996e+07,0.99492186,541416.44
222,2527.1743,6983.947,3.2585576e+07,0.99416506,43646.332
223,2169.0132,6502.4536,3.1413542e+07,0.9939209,19674.91
224,4360.0947,6288.218,2.868526e+07,0.99411625,87514.19
225,3356.0308,5994.999,2.6590528e+07,0.9944092,48244.938
226,9164.347,6311.9336,2.4835502e+07,0.99450684,204758.02
227,8336.619,6514.4023,2.2720894e+07,0.9939453,255682.22
228,4759.282,6338.89,2.0726044e+07,0.9942139,146425.36
229,11427.977,6847.799,2.0984332e+07,0.99296874,356302.44
230,2423.0454,6405.323,2.0647958e+07,0.99370116,23351.465
231,3846.2466,6149.4155,1.917256e+07,0.9935547,56620.13
232,7285.447,6263.0186,1.7371454e+07,0.9933838,125328.3
233,4815.7495,6118.2915,1.582282e+07,0.9939453,96028.555
234,2992.9316,5805.7554,1.5119647e+07,0.99348146,58940.055
235,2420.4658,5467.2266,1.4639099e+07,0.99362797,34141.387
236,5227.8853,5443.2925,1.3180344e+07,0.9932129,90321.29
237,5013.456,5400.3086,1.1878938e+07,0.99243164,81167.59
238,15479.037,6408.1816,1.9833314e+07,0.99167484,405288.44
239,3752.9546,6142.659,1.8484504e+07,0.99240726,76750.734
240,7767.783,6305.1714,1.6873744e+07,0.9928711,216027.48
241,1708.7878,5845.533,1.7087776e+07,0.9927735,15600.99
242,4375.5645,5698.536,1.557347e+07,0.9924561,64901.414
243,7924.814,5921.164,1.4462191e+07,0.9922363,159180.0
244,6293.01,5958.3486,1.3028416e+07,0.9930908,160968.58
245,1842.6252,5546.7764,1.32501e+07,0.9921875,26259.459
246,3319.63,5324.0615,1.2371506e+07,0.9920654,41771.184
247,1950.5695,4986.7124,1.2158596e+07,0.99252933,22788.256
248,2271.3962,4715.1807,1.1606301e+07,0.9926758,23696.598
249,7732.8086,5016.9434,1.1265218e+07,0.9921631,187139.84
250,13049.637,5820.213,1.594587e+07,0.99257815,398124.1
251,5189.538,5757.1455,1.438708e+07,0.9926025,83569.24
252,4638.155,5645.2466,1.3061064e+07,0.99294436,99953.96
253,4529.1943,5533.6416,1.1867059e+07,0.9921875,79775.57
254,9938.449,5974.1226,1.2426562e+07,0.99257815,248672.25
255,10438.283,6420.5386,1.2977491e+07,0.9926025,254564.28
256,2491.3335,6027.618,1.306922e+07,0.992334,35601.562
257,4164.3765,5841.294,1.2074748e+07,0.9920654,60954.586
258,9500.652,6207.23,1.2072454e+07,0.99208987,258866.6
259,2837.2827,5870.2354,1.1887297e+07,0.991919,48798.61
260,11849.203,6468.1323,1.3915892e+07,0.9918213,396782.44
261,2009.7617,6022.2954,1.4313239e+07,0.99194336,21393.33
262,6468.2856,6066.8945,1.2899817e+07,0.9908447,139365.1
263,7516.0234,6211.8076,1.1798832e+07,0.9922852,185270.6
264,1618.4158,5752.4683,1.2517881e+07,0.9909668,15718.3955
265,3291.093,5506.3306,1.1811346e+07,0.9908447,48814.68
266,11805.266,6136.224,1.4201103e+07,0.99121094,370683.5
267,4300.2,5952.6216,1.3084381e+07,0.99021,71080.75
268,4065.6448,5763.924,1.2096404e+07,0.9912842,49069.08
269,3201.3872,5507.67,1.1477756e+07,0.9903809,53113.984
270,2503.5254,5207.2554,1.1142219e+07,0.9918701,28135.916
271,1860.1289,4872.543,1.1036289e+07,0.9905762,20300.375
272,2390.6929,4624.358,1.0487022e+07,0.99108887,32814.285
273,1541.2429,4316.0464,1.0293824e+07,0.9905762,13976.845
274,5287.243,4413.166,9.349331e+06,0.9911133,100510.16
275,1461.7822,4118.028,9.198358e+06,0.991333,14745.341
276,1930.4795,3899.273,8.709205e+06,0.99118656,23625.023
277,7854.2783,4294.7734,9.246071e+06,0.9917969,188065.03
278,13362.67,5201.563,1.5721871e+07,0.9914551,309457.56
279,11356.179,5817.0244,1.755882e+07,0.99252933,406794.03
280,11501.117,6385.4336,1.871074e+07,0.9924561,271711.2
281,5322.7446,6279.1646,1.6941302e+07,0.99194336,90087.1
282,10984.329,6749.681,1.7239644e+07,0.99174803,215287.0
283,3517.6025,6426.473,1.645585e+07,0.99157715,62730.344
284,3021.526,6085.9785,1.5853694e+07,0.9916016,65874.375
285,4662.627,5943.6436,1.4450658e+07,0.99104005,78574.64
286,4099.294,5759.2085,1.3311739e+07,0.99052733,61290.266
287,15513.655,6734.6533,2.0543998e+07,0.99003905,388196.75
288,5693.956,6630.5835,1.8587074e+07,0.9911133,139717.36
289,8659.605,6833.486,1.709889e+07,0.990625,203716.48
290,4453.6616,6595.5034,1.5898721e+07,0.99089354,125930.32
291,5205.1265,6456.466,1.4482832e+07,0.9897461,138582.47
292,2620.543,6072.8735,1.4358835e+07,0.9921387,35288.754
293,9694.073,6434.9937,1.4103129e+07,0.9911133,310534.84
294,1853.8899,5976.8833,1.4581602e+07,0.9900635,21414.018
295,5070.4526,5886.24,1.3197387e+07,0.99108887,146461.39
296,5087.463,5806.3623,1.1935072e+07,0.99086916,88074.02
297,4607.385,5686.4644,1.0870944e+07,0.99052733,66860.7
298,5025.084,5620.326,9.823217e+06,0.9911377,74468.63
299,4764.5234,5534.746,8.906811e+06,0.9903076,59136.934
300,10192.976,6000.569,9.969049e+06,0.9906006,282522.16
301,2596.421,5660.1543,1.0015084e+07,0.9907959,37796.836
302,3527.635,5446.9023,9.422863e+06,0.9898438,99599.1
303,2800.0317,5182.2153,9.111109e+06,0.9907471,43894.523
304,9442.023,5608.1963,9.833135e+06,0.99125975,224816.92
305,2116.4844,5259.025,9.947106e+06,0.9899414,19438.303
306,2220.386,4955.161,9.783395e+06,0.9903809,23296.043
307,8505.695,5310.2144,9.939621e+06,0.9893555,303789.12
308,14996.6875,6278.862,1.7390156e+07,0.9900147,355668.94
309,1638.8713,5814.863,1.7588796e+07,0.9909424,14314.855
310,8604.361,6093.8125,1.6530233e+07,0.9904297,236151.6
311,2132.3228,5697.6636,1.6289616e+07,0.9913086,17754.387
312,10158.002,6143.6973,1.645117e+07,0.99208987,251666.05
313,6869.451,6216.2725,1.4853457e+07,0.9914307,165154.56
314,5856.781,6180.323,1.3379742e+07,0.9912354,141973.48
315,6275.159,6189.8066,1.2042577e+07,0.9919922,195091.53
316,5187.9565,6089.6216,1.0928652e+07,0.99296874,165381.45
317,4064.4404,5887.1035,1.0204909e+07,0.99328613,81695.33
318,7022.2705,6000.62,9.300392e+06,0.99375004,167803.53
319,3380.0,5738.558,8.988441e+06,0.9945313,45248.062
320,4001.995,5564.902,8.361005e+06,0.99465334,61949.42
321,3928.3584,5401.2476,7.7659485e+06,0.9952637,72663.13
322,3891.274,5250.25,7.1945555e+06,0.995166,60676.63
323,2815.0508,5006.73,7.0088175e+06,0.99465334,37068.293
324,3806.2915,4886.686,6.4376305e+06,0.99379885,47753.582
325,4723.346,4870.352,5.7962685e+06,0.9936035,83646.49
326,2852.746,4668.5913,5.5830075e+06,0.9926758,49910.914
327,13016.026,5503.335,1.1295878e+07,0.99362797,396467.5
328,3548.9194,5307.8936,1.0510067e+07,0.993042,44758.23
329,13876.322,6164.7363,1.6066677e+07,0.9921387,321245.9
330,11710.92,6719.3545,1.7228422e+07,0.9932129,291308.47
331,2249.5168,6272.3706,1.730373e+07,0.99243164,20606.686
332,1795.6245,5824.696,1.737707e+07,0.99135745,16510.123
333,10094.284,6251.655,1.7280006e+07,0.99135745,189242.11
334,9530.667,6579.556,1.6519678e+07,0.99140626,275681.7
335,6114.5923,6533.0596,1.4887167e+07,0.9906983,146948.48
336,5693.501,6449.1035,1.3461887e+07,0.98967284,117091.26
337,2161.474,6020.341,1.3770237e+07,0.9900147,26907.535
338,6424.175,6060.724,1.240789e+07,0.98879397,113063.19
339,3593.2854,5813.9805,1.1715043e+07,0.9883057,84258.15
340,7758.518,6008.434,1.0883849e+07,0.9876465,222710.64
341,1353.0171,5542.8926,1.1746026e+07,0.98669434,11956.671
342,10445.831,6033.1865,1.2734915e+07,0.9871826,244980.08
343,4458.0693,5875.675,1.1684712e+07,0.98666996,91039.22
344,2354.0823,5523.5156,1.1632386e+07,0.985791,25937.676
345,5007.543,5471.9185,1.0493108e+07,0.98530275,71356.695
346,4960.7593,5420.8027,9.467312e+06,0.98466796,103916.19
347,2251.2068,5103.8433,9.424751e+06,0.9839844,29177.787
348,17214.582,6314.917,2.1682572e+07,0.98237306,352494.6
349,5133.095,6196.735,1.9640018e+07,0.98251957,168950.02
350,4266.898,6003.751,1.80112e+07,0.98430175,97918.0
351,2173.7214,5620.748,1.75303e+07,0.98337406,25226.71
352,8208.516,5879.525,1.6379958e+07,0.9826172,199735.66
353,2911.6099,5582.7334,1.5534729e+07,0.9817627,39235.117
354,3130.856,5337.546,1.4522309e+07,0.9829346,70951.54
355,4456.471,5249.4385,1.3139944e+07,0.9819336,97229.97
356,6186.782,5343.173,1.1905024e+07,0.98317873,154938.61
357,2942.8784,5103.1436,1.1233048e+07,0.98354495,50219.008
358,18827.867,6475.616,2.7062866e+07,0.9843506,495258.53
359,3936.4585,6221.7,2.4936838e+07,0.9840088,94537.2
360,6220.9463,6221.625,2.2443154e+07,0.98376465,138423.72
361,5668.7583,6166.3384,2.0226348e+07,0.9824219,140749.94
362,6760.641,6225.7686,1.82355e+07,0.98264164,189916.69
363,1981.2212,5801.314,1.8033406e+07,0.982959,36533.996
364,1482.881,5369.4707,1.7908462e+07,0.98232424,14427.939
365,3053.0798,5137.8315,1.6600525e+07,0.98444825,44407.945
366,11175.925,5741.6406,1.8221744e+07,0.9840576,269506.62
367,10067.154,6174.192,1.8083474e+07,0.98530275,298333.25
368,3742.0366,5930.9766,1.680751e+07,0.9846924,48495.53
369,7458.677,6083.7466,1.5336806e+07,0.9837891,244237.6
370,7479.6533,6223.3374,1.3978495e+07,0.9843262,173461.38
371,1474.7587,5748.4795,1.4610055e+07,0.98381346,10499.717
372,2082.5425,5381.8857,1.4358567e+07,0.9831055,23164.715
373,4459.9053,5289.6875,1.2999214e+07,0.9834717,91773.29
374,2810.8003,5041.799,1.2252331e+07,0.9827881,49718.184
375,2856.1138,4823.2305,1.1457047e+07,0.9834717,31909.607
376,15381.205,5879.028,2.0343716e+07,0.98337406,383263.5
377,3410.3193,5632.157,1.885785e+07,0.983252,49569.035
378,14344.041,6503.3457,2.3802788e+07,0.9833496,419588.97
379,6109.331,6463.9443,2.143648e+07,0.98376465,132947.12
380,2381.595,6055.7095,2.0792734e+07,0.98374027,24379.992
381,5212.4165,5971.3804,1.8777462e+07,0.984961,81080.46
382,1811.071,5555.3496,1.8457452e+07,0.98413086,16060.969
383,4026.4932,5402.464,1.6822072e+07,0.9855713,72272.54
384,4273.5103,5289.5684,1.5254573e+07,0.9855957,81693.78
385,7258.1616,5486.4277,1.4077898e+07,0.985791,253755.28
386,2527.0435,5190.4893,1.3458324e+07,0.9864258,37816.133
387,2649.468,4936.387,1.2693602e+07,0.98547363,38488.57
388,3776.8052,4820.429,1.1545258e+07,0.98525393,50795.555
389,3080.5718,4646.4434,1.0663171e+07,0.9856934,42333.31
390,3403.1704,4522.116,9.735969e+06,0.98652345,72318.92
391,2228.625,4292.767,9.235781e+06,0.9864502,26894.975
392,7492.6406,4612.7544,9.23373e+06,0.9873291,163557.94
393,5068.4004,4658.319,8.3290415e+06,0.9857178,130226.61
394,11825.531,5375.04,1.2119341e+07,0.98630375,270459.62
395,5268.487,5364.385,1.0908428e+07,0.98508304,166419.66
396,3795.5867,5207.505,1.0039087e+07,0.9849121,75143.92
397,2899.3286,4976.6875,9.514669e+06,0.9848877,39759.504
398,2898.2222,4768.841,8.952004e+06,0.9831299,40407.63
399,4912.563,4783.213,8.058663e+06,0.9831055,117797.91
400,1276.6898,4432.5605,8.3594095e+06,0.98408204,10637.535
401,2253.615,4214.666,7.950771e+06,0.9824463,35239.254
402,1778.2595,3971.0254,7.689941e+06,0.98308104,20659.576
403,3307.3247,3904.6553,6.9605915e+06,0.9831543,82932.03
404,8182.157,4332.4053,7.9112645e+06,0.98327637,292566.97
405,3938.4922,4293.014,7.134103e+06,0.98217773,78699.266
406,4013.5547,4265.0684,6.4277215e+06,0.9809082,62275.125
407,2969.9646,4135.558,5.9359055e+06,0.9823486,55952.047
408,3040.6719,4026.0696,5.4502045e+06,0.98132324,46121.57
409,6008.072,4224.27,5.258734e+06,0.9821289,151623.52
410,1571.6069,3959.0037,5.3661565e+06,0.9828369,18770.805
411,3224.6484,3885.568,4.878076e+06,0.98269045,43851.055
412,4192.598,3916.271,4.398752e+06,0.9828858,81652.41
413,3855.2637,3910.1702,3.9592115e+06,0.9827881,82333.484
414,2261.4404,3745.297,3.8079382e+06,0.98164064,30697.045
415,2677.7083,3638.5383,3.5297215e+06,0.983252,30513.012
416,4291.335,3703.8179,3.215102e+06,0.9838867,68634.98
417,3612.8372,3694.7197,2.8943368e+06,0.9831299,99750.27
418,3380.3616,3663.284,2.6137968e+06,0.982251,35846.04
419,9321.885,4229.144,5.2341955e+06,0.983667,268545.62
420,6476.383,4453.868,5.165283e+06,0.9840576,163665.97
421,5214.6875,4529.95,4.7008505e+06,0.98232424,112702.125
422,7148.5107,4791.806,4.8478825e+06,0.98476565,123747.52
423,3575.8975,4670.2153,4.4961535e+06,0.9846436,45492.715
424,13104.205,5513.6143,1.0448435e+07,0.98710936,412549.3
425,6560.6973,5618.3228,9.502265e+06,0.98471683,240388.05
426,6251.708,5681.661,8.588144e+06,0.9861084,154372.03
427,3530.0513,5466.5,8.145978e+06,0.98547363,79543.28
428,3794.729,5299.3228,7.582914e+06,0.9862305,123335.98
429,3234.0483,5092.7954,7.208505e+06,0.9861084,36705.188
430,2983.0015,4881.816,6.888265e+06,0.9863281,37327.91
431,6856.165,5079.251,6.5502635e+06,0.98715824,170560.05
432,10896.432,5660.969,8.9408e+06,0.9859619,230797.55
433,2599.8853,5354.861,8.890041e+06,0.9861084,33306.305
434,5365.6553,5355.9404,8.0010475e+06,0.98657227,108278.1
435,5678.3887,5388.185,7.2103005e+06,0.985791,140134.55
436,5012.4756,5350.6143,6.5019745e+06,0.98471683,97542.28
437,2993.9897,5114.9517,6.351608e+06,0.9862549,57708.074
438,9320.131,5535.4697,7.3079645e+06,0.98544925,178935.58
439,1795.3555,5161.4585,7.836129e+06,0.98601073,21516.89
440,7931.878,5438.5005,7.7432855e+06,0.9857666,192593.98
441,5806.013,5475.252,6.9811125e+06,0.9836426,103571.305
442,11573.497,6085.0767,9.629975e+06,0.9835693,290619.94
443,2338.6978,5710.439,9.930159e+06,0.9841553,38798.055
444,2115.2288,5350.918,1.0100441e+07,0.9842041,38097.15
445,4198.72,5235.698,9.209877e+06,0.98427737,69638.91
446,23377.682,7049.8965,3.7910732e+07,0.9840332,523304.5
447,11419.119,7486.819,3.583777e+07,0.9834961,383136.5
448,4229.904,7161.1274,3.3208664e+07,0.9834961,129937.34
449,6310.014,7076.016,2.9952992e+07,0.9813477,149355.64
450,3130.1519,6681.4297,2.8358978e+07,0.98061526,59940.258
451,13928.762,7406.163,3.0250224e+07,0.9802734,369055.3
452,11359.669,7801.5137,2.8631918e+07,0.9807129,321711.12
453,5061.2812,7527.49,2.6444524e+07,0.98051757,124116.28
454,3138.7568,7088.6167,2.553356e+07,0.98164064,54066.99
455,5482.16,6927.971,2.3212466e+07,0.9819824,120575.98
456,9227.654,7157.9395,2.1367188e+07,0.9796631,245909.06
457,2490.5747,6691.203,2.1191056e+07,0.9815674,48078.1
458,1819.2275,6204.0054,2.1208202e+07,0.98251957,14636.151
459,1827.5509,5766.36,2.0811184e+07,0.9815674,21364.361
460,3023.8074,5492.1045,1.940701e+07,0.98041993,49430.62
461,4253.036,5368.1978,1.7604486e+07,0.98168945,81281.93
462,1856.9674,5017.0747,1.6953624e+07,0.9820801,30207.404
463,4026.0894,4917.976,1.5346647e+07,0.9812256,93894.12
464,4379.638,4864.142,1.3838065e+07,0.9820801,45584.34
465,5520.414,4929.7695,1.249302e+07,0.9824707,122392.586
466,14047.605,5841.553,1.8725862e+07,0.98186034,361511.28
467,3646.002,5621.998,1.7287114e+07,0.9826172,57671.113
468,2333.408,5293.139,1.6531736e+07,0.9816651,30124.84
469,4894.2617,5253.2515,1.4892881e+07,0.98254395,156985.77
470,5184.806,5246.4067,1.3404014e+07,0.9818848,80910.734
471,3113.2107,5033.087,1.247316e+07,0.9807373,47358.1
472,3718.211,4901.599,1.1381445e+07,0.9806885,84626.39
473,1935.6969,4605.009,1.1034992e+07,0.98095703,21921.115
474,2822.229,4426.731,1.021754e+07,0.9822998,37422.188
475,3090.6401,4293.122,9.356448e+06,0.9823975,55380.72
476,2626.4836,4126.458,8.670794e+06,0.9819336,38392.477
477,6792.956,4393.108,8.443633e+06,0.9818848,182693.45
478,1723.9225,4126.1895,8.240479e+06,0.98186034,14225.326
479,7303.334,4443.904,8.3249135e+06,0.9823486,130942.8
480,1622.1517,4161.7285,8.2090275e+06,0.9810791,15327.089
481,2027.7112,3948.3267,7.797987e+06,0.98186034,21947.01
482,3360.546,3889.5486,7.049282e+06,0.9807373,54055.625
483,5513.5586,4051.9497,6.5817205e+06,0.9803955,92964.15
484,3174.1665,3964.1714,5.9928935e+06,0.9804932,51404.414
485,6689.4414,4236.698,6.0620425e+06,0.9804932,145281.28
486,9250.893,4738.1177,7.718631e+06,0.9803223,311612.56
487,2686.6624,4532.972,7.32553e+06,0.9793213,44068.55
488,1427.2168,4222.3965,7.461091e+06,0.97971195,13020.2
489,2356.2505,4035.782,7.0284065e+06,0.9782471,34215.707
490,3289.733,3961.177,6.375659e+06,0.97749025,56679.508
491,3867.888,3951.8481,5.7388765e+06,0.9786377,88225.24
492,7331.2695,4289.79,6.192833e+06,0.9765625,215299.23
493,6490.662,4509.8774,6.009495e+06,0.97819823,124342.305
494,1462.2052,4205.1104,6.244493e+06,0.97785646,10857.723
495,14017.735,5186.373,1.4285928e+07,0.97866213,340380.72
496,6660.477,5333.783,1.3052903e+07,0.97822267,115399.125
497,1626.8865,4963.0938,1.298431e+07,0.9783203,17000.377
498,6537.575,5120.542,1.1908988e+07,0.97988284,179302.64
499,9773.337,5585.8213,1.2666454e+07,0.9791016,241187.11
500,3701.29,5397.368,1.171944e+07,0.9800537,88900.41
501,5106.389,5368.2705,1.0555116e+07,0.9786133,170975.58
502,8545.524,5685.996,1.0408149e+07,0.97866213,300858.4
503,4493.652,5566.7617,9.495285e+06,0.9815918,110339.05
504,6720.6855,5682.1543,8.665595e+06,0.9814453,122845.83
505,11135.893,6227.5283,1.0475929e+07,0.9815918,274391.84
506,3498.119,5954.5874,1.0098807e+07,0.98007816,58161.63
507,3298.6472,5688.993,9.723788e+06,0.97641605,62413.543
508,5991.1777,5719.2114,8.759628e+06,0.9668213,102870.17
509,1340.4615,5281.3364,9.609275e+06,0.9696533,16619.064
510,7494.3877,5502.6416,9.089131e+06,0.95861816,182764.75
511,5201.6494,5472.5425,8.1883715e+06,0.9692627,111946.66
512,2412.2356,5166.5117,8.212427e+06,0.9757568,30672.23
513,1476.7991,4797.5405,8.616442e+06,0.97646487,16591.39
514,6359.4785,4953.7344,7.974366e+06,0.962207,132841.78
515,8215.292,5279.89,8.1343275e+06,0.953125,143494.75
516,3415.301,5093.431,7.633797e+06,0.9660401,52130.35
517,6732.566,5257.3447,7.112226e+06,0.95920414,134569.47
518,2705.5068,5002.161,6.987072e+06,0.93959963,29857.559
519,2735.0,4775.445,6.7509665e+06,0.9296631,43610.66
520,2706.1748,4568.5176,6.461239e+06,0.9509522,48402.727
521,2465.8557,4358.2515,6.2130215e+06,0.95161134,28299.244
522,8779.889,4800.415,7.351298e+06,0.95004886,231037.7
523,5259.504,4846.3237,6.635137e+06,0.9587647,123675.03
524,2173.63,4579.054,6.614519e+06,0.9261231,25512.184
525,1858.6207,4307.0107,6.6191355e+06,0.9248047,25226.828
526,1615.3032,4037.84,6.609298e+06,0.937915,18057.564
527,1434.3794,3777.4941,6.558389e+06,0.9262207,12681.05
528,1991.7262,3598.9172,6.189557e+06,0.9157715,21973.0
529,4483.5674,3687.3823,5.6410355e+06,0.8862061,66112.65
530,6631.6206,3981.8062,5.8571005e+06,0.8959473,129683.7
531,10719.492,4655.5747,9.357068e+06,0.914209,250326.62
532,16093.452,5799.3623,2.0195614e+07,0.9046875,347554.22
533,7305.2656,5949.9526,1.8380148e+07,0.9011475,160002.4
534,2708.344,5625.792,1.7487854e+07,0.8633057,26927.598
535,4922.6543,5555.478,1.5783564e+07,0.90546876,80064.61
536,4007.575,5400.6875,1.4420847e+07,0.9216797,76921.89
537,2867.2776,5147.3467,1.3556397e+07,0.8975342,55744.645
538,2979.5388,4930.566,1.2623702e+07,0.9100098,38188.258
539,1707.0369,4608.213,1.2296534e+07,0.8862549,19186.709
540,4488.984,4596.29,1.106816e+07,0.8782715,117960.16
541,5708.106,4707.4717,1.0072595e+07,0.868042,155303.64
542,3734.1,4610.135,9.150606e+06,0.87038577,64514.562
543,2605.212,4409.6426,8.59732e+06,0.8594971,41297.594
544,1611.5892,4129.8374,8.442207e+06,0.84902346,16831.217
545,1800.4691,3896.9006,8.0863225e+06,0.8605469,14869.378
546,1263.3344,3633.544,7.901901e+06,0.8805664,8325.266
547,1751.7053,3445.36,7.430429e+06,0.8786133,17640.25
548,3590.0745,3459.8315,6.6892705e+06,0.8797119,53765.914
549,1122.8491,3226.1333,6.511877e+06,0.86640626,16638.154
550,3062.1743,3209.7373,5.863109e+06,0.8833008,79609.31
551,2025.0518,3091.2688,5.403111e+06,0.87941897,28194.879
552,8959.904,3678.1323,7.96248e+06,0.87231445,284993.34
553,4907.7373,3801.0928,7.3023055e+06,0.8712891,82744.78
554,2998.8047,3720.864,6.6300045e+06,0.86137694,53744.086
555,3662.413,3715.019,5.967311e+06,0.8687256,43253.957
556,3502.8345,3693.8005,5.3746315e+06,0.8771729,48802.13
557,12737.238,4598.1445,1.2197707e+07,0.8622559,318753.53
558,9177.823,5056.1123,1.2865547e+07,0.8670654,275449.1
559,8295.281,5380.0293,1.2523292e+07,0.864917,279773.62
560,4630.8877,5305.115,1.1321471e+07,0.86708987,85065.13
561,3654.245,5140.0283,1.0434607e+07,0.8544434,88535.19
562,3518.9458,4977.92,9.627658e+06,0.869043,47939.03
563,5386.118,5018.7397,8.679889e+06,0.85141605,139354.97
564,2699.898,4786.8555,8.2958325e+06,0.8546631,66654.07
565,21586.48,6466.818,3.2866714e+07,0.84606934,508817.06
566,2308.8503,6051.021,3.1136024e+07,0.8414795,26539.66
567,3917.623,5837.681,2.8432046e+07,0.8418213,77795.2
568,11942.068,6448.12,2.894256e+07,0.84089357,291269.28
569,1864.7877,5989.787,2.7938928e+07,0.8508789,20735.564
570,3906.3594,5781.4443,2.5535696e+07,0.84196776,53491.21
571,10468.092,6250.109,2.4958946e+07,0.84606934,268429.75
572,1746.3953,5799.7373,2.428856e+07,0.85759276,19359.676
573,2033.6476,5423.1284,2.3136212e+07,0.83393556,32142.824
574,2464.4983,5127.2656,2.1610406e+07,0.8366211,32443.457
575,3989.438,5013.483,1.9565884e+07,0.8314697,128658.66
576,9353.434,5447.478,1.9304462e+07,0.8169922,219549.42
577,2390.7896,5141.809,1.8214916e+07,0.8169678,33414.76
578,4984.582,5126.0864,1.6395649e+07,0.80129397,154389.7
579,10553.459,5668.8237,1.7407156e+07,0.7979981,220417.97
580,10065.845,6108.526,1.7406482e+07,0.7983643,305059.12
581,5099.0693,6007.58,1.5757543e+07,0.79887694,107315.65
582,2333.3015,5640.1523,1.5396818e+07,0.835669,29830.63
583,4458.109,5521.948,1.3982887e+07,0.82119143,118501.09
584,5171.414,5486.895,1.2595656e+07,0.83825684,158521.78
585,1976.6716,5135.8726,1.244504e+07,0.8340576,26939.018
586,1890.8301,4811.368,1.2148263e+07,0.8311524,22075.848
587,2981.2073,4628.352,1.1234891e+07,0.8140869,50579.297
588,3752.155,4540.7324,1.0180496e+07,0.80593264,79296.695
589,8983.776,4985.0366,1.0939104e+07,0.822583,258260.6
590,1480.7684,4634.61,1.0950384e+07,0.8227539,12863.622
591,6949.079,4866.0566,1.0337455e+07,0.8116943,169972.34
592,1910.8541,4570.536,1.0089699e+07,0.8177002,24423.812
593,1842.4453,4297.727,9.750552e+06,0.82426757,28875.43
594,1642.4321,4032.1975,9.41005e+06,0.82941896,15816.891
595,10019.203,4630.898,1.1695026e+07,0.8291748,257543.17
596,3402.8057,4508.089,1.0661262e+07,0.8232178,70606.2
597,2423.749,4299.655,9.986138e+06,0.83012694,34340.625
598,10569.077,4926.597,1.2525033e+07,0.82783204,423947.66
599,4646.185,4898.556,1.1279606e+07,0.84047854,112785.24
600,6354.2495,5044.1255,1.0342359e+07,0.8096924,116493.945
601,1458.7953,4685.5923,1.0465036e+07,0.8096924,12700.613
602,7536.8203,4970.715,1.0150187e+07,0.8170166,164140.17
603,4640.0938,4937.653,9.145006e+06,0.80300295,113913.016
604,2979.7483,4741.8623,8.57551e+06,0.82260746,55849.797
605,11048.646,5372.5405,1.1297756e+07,0.81862795,364666.72
606,12187.383,6054.025,1.4347767e+07,0.80822754,297928.66
607,1468.4308,5595.4653,1.480548e+07,0.8161133,16224.546
608,4463.5493,5482.274,1.3440242e+07,0.813501,95102.54
609,1649.7205,5099.0186,1.341818e+07,0.81018066,17477.322
610,2055.584,4794.6753,1.2909986e+07,0.7767334,25460.209
611,1624.6716,4477.675,1.252339e+07,0.7902344,17919.498
612,3627.2476,4392.632,1.1336141e+07,0.7754883,81838.516
613,3227.0615,4276.0747,1.0324796e+07,0.78684086,53271.93
614,7255.582,4574.0254,1.0091288e+07,0.7693848,223847.19
615,2174.9834,4334.121,9.600145e+06,0.7788086,42620.066
616,9646.0205,4865.311,1.1179595e+07,0.76171875,329915.6
617,1442.5211,4523.032,1.1116029e+07,0.76442873,11287.639
618,4698.626,4540.592,1.0007201e+07,0.7603516,75828.55
619,8091.706,4895.703,1.0141418e+07,0.7397461,206093.52
620,4721.0273,4878.2354,9.130022e+06,0.74626464,153368.5
621,4211.5864,4811.5703,8.2570175e+06,0.7374756,79661.95
622,6159.0234,4946.3154,7.594722e+06,0.7540283,100821.95
623,3801.6086,4831.8447,6.9531815e+06,0.74619144,83914.66
624,10197.316,5368.392,8.848809e+06,0.7340088,265290.66
625,2120.7817,5043.631,8.913155e+06,0.73125,29614.576
626,2193.9492,4758.6626,8.752701e+06,0.7428223,28170.195
627,7542.9717,5037.0938,8.575145e+06,0.7386719,206438.06
628,3923.815,4925.7656,7.8291755e+06,0.7545166,84484.875
629,2301.8567,4663.3745,7.6658985e+06,0.7416016,36143.64
630,1719.5656,4368.9937,7.67925e+06,0.7407715,16577.844
631,4534.212,4385.5156,6.9137815e+06,0.73635256,123953.52
632,1821.2319,4129.0874,6.8142025e+06,0.7497315,25352.791
633,10199.547,4736.1333,9.449325e+06,0.75595707,284957.2
634,16091.267,5871.6465,2.0108904e+07,0.756958,421002.75
635,3670.435,5651.5254,1.8534094e+07,0.72919923,61050.734
636,2497.2854,5336.1016,1.7576114e+07,0.7169922,35796.895
637,7490.8857,5551.58,1.6236381e+07,0.7089111,175879.1
638,1635.8093,5160.003,1.5992737e+07,0.71552736,14182.339
639,6471.8135,5291.184,1.4548339e+07,0.7188965,167052.22
640,3000.0637,5062.0723,1.3565935e+07,0.7030029,61102.67
641,3084.9312,4864.3584,1.2561159e+07,0.6958985,47057.68
642,2268.279,4604.7505,1.1911609e+07,0.7051514,27398.865
643,4540.1494,4598.2905,1.0720823e+07,0.68486327,120214.555
644,1706.9376,4309.1553,1.0401133e+07,0.7008789,19551.982
645,2546.2046,4132.8604,9.640739e+06,0.71579593,34080.562
646,7483.2,4467.8945,9.686895e+06,0.70266116,240022.02
647,2746.8213,4295.787,8.984793e+06,0.70126957,37658.457
648,2942.9092,4160.4995,8.2510385e+06,0.6840088,40482.047
649,1448.5969,3889.3093,8.087832e+06,0.67231447,16783.684
650,1531.6763,3653.546,7.7793075e+06,0.6665527,20167.662
651,2450.6934,3533.2607,7.1315935e+06,0.6525879,36992.223
652,4803.3027,3660.265,6.5636045e+06,0.6610352,87278.71
653,4171.6357,3711.4019,5.930779e+06,0.6739014,104882.82
654,1302.3503,3470.4966,5.8600185e+06,0.67275393,16615.273
655,1612.9785,3284.7449,5.5845505e+06,0.6810791,15990.262
656,1450.112,3101.2815,5.3290245e+06,0.67990726,16503.113
657,4738.4424,3264.9976,5.0373485e+06,0.66848147,110238.55
658,1246.7682,3063.1746,4.900206e+06,0.6753662,9564.8955
659,3794.3462,3136.2917,4.4583e+06,0.6609375,91450.68
660,2730.3584,3095.6985,4.0273e+06,0.64987797,32290.254
661,1796.075,2965.736,3.7765818e+06,0.64990234,19447.182
662,2138.2458,2882.987,3.46055e+06,0.6650879,30867.146
663,4444.5923,3039.1475,3.3339698e+06,0.6603516,115721.625
664,2421.2441,2977.3572,3.0349352e+06,0.6502442,23367.85
665,1470.913,2826.7126,2.9356855e+06,0.6674072,13165.913
666,11218.396,3665.881,8.979949e+06,0.6640381,301256.78
667,3514.5117,3650.7441,8.084016e+06,0.67487794,65647.91
668,5316.5586,3817.3257,7.525359e+06,0.677417,151170.98
669,1640.7491,3599.668,7.1991965e+06,0.6646973,34035.234
670,6998.615,3939.5627,7.5190325e+06,0.66350096,120004.086
671,4136.359,3959.2424,6.770615e+06,0.6550293,93482.0
672,3011.7368,3864.492,6.174352e+06,0.6517822,53722.59
673,8473.717,4325.4146,7.468962e+06,0.6407959,189441.9
674,5717.2173,4464.5947,6.896406e+06,0.6369385,92575.88
675,5001.003,4518.2354,6.2326615e+06,0.628833,118245.58
676,15581.697,5624.5815,1.6625412e+07,0.63740236,408889.44
677,5397.5713,5601.8804,1.4967508e+07,0.6362549,182481.44
678,1751.2587,5216.8184,1.4805213e+07,0.6144043,32446.398
679,1611.2686,4856.263,1.449469e+07,0.6050049,18642.41
680,1375.2107,4508.1577,1.4135816e+07,0.60966796,21706.43
681,1154.6288,4172.8047,1.3734388e+07,0.59116215,11642.833
682,1822.3105,3937.7554,1.2858183e+07,0.58532715,22188.428
683,1529.3885,3696.9187,1.2094385e+07,0.5745606,35490.72
684,5566.633,3883.8901,1.1199571e+07,0.56745607,115646.82
685,5220.203,4017.5215,1.0240329e+07,0.5896973,88600.57
686,2218.4673,3837.616,9.50759e+06,0.5744141,24774.062
687,3544.0286,3808.2573,8.564588e+06,0.5668213,61272.668
688,1546.5691,3582.0884,8.1684995e+06,0.56442875,21944.94
689,3053.7134,3529.251,7.3767755e+06,0.5699463,63580.7
690,3910.437,3567.3696,6.652175e+06,0.5473877,58387.246
691,2718.2158,3482.4543,6.0518525e+06,0.5535156,62756.2
692,8336.68,3967.877,7.5673825e+06,0.5635254,241407.47
693,5502.035,4121.293,7.0224715e+06,0.56140137,140802.86
694,1974.7252,3906.6362,6.734922e+06,0.5490479,28966.9
695,1207.031,3636.6758,6.717338e+06,0.5458252,12094.236
696,3797.6018,3652.7683,6.0479345e+06,0.54313964,110059.44
697,1935.0825,3480.9998,5.708681e+06,0.5344238,30762.66
698,3504.6548,3483.3652,5.137863e+06,0.54138184,59208.105
699,2225.5437,3357.583,4.766467e+06,0.53862303,35958.758
700,2711.1553,3292.9402,4.3274285e+06,0.5374512,42274.082
701,9543.895,3918.0356,7.4113835e+06,0.5376709,216938.94
702,3176.7383,3843.906,6.719702e+06,0.531836,52478.895
703,2518.0427,3711.3196,6.205944e+06,0.5326172,56203.535
704,1321.093,3472.2969,6.099536e+06,0.5244629,9971.646
705,4475.756,3572.6428,5.580206e+06,0.5489258,114520.055
706,1531.8934,3368.5679,5.3970045e+06,0.5456299,30410.045
707,4633.0776,3495.0188,5.0012125e+06,0.54631346,108303.79
708,5750.805,3720.5974,4.9590625e+06,0.54709476,129762.65
709,8984.951,4247.0327,6.9573635e+06,0.5362305,282646.03
710,2889.6052,4111.29,6.427462e+06,0.54589844,43147.133
711,1099.032,3810.0642,6.6013485e+06,0.54572755,8497.914
712,2791.745,3708.2324,6.034541e+06,0.5309082,55393.793
713,5846.6084,3922.07,5.842625e+06,0.52861327,135768.02
714,9414.947,4471.358,7.9738155e+06,0.541626,229389.31
715,7321.474,4756.3696,7.9075185e+06,0.53632814,213676.05
716,1292.4172,4409.9746,8.1966735e+06,0.54472655,14175.791
717,2825.3813,4251.515,7.60299e+06,0.54238284,52718.16
718,1537.5234,3980.116,7.5056085e+06,0.5401856,16202.8545
719,3164.9385,3898.5981,6.814854e+06,0.5484619,40688.543
720,2400.703,3748.8086,6.3353005e+06,0.525708,40469.84
721,2331.6355,3607.0913,5.8825245e+06,0.52329105,35427.66
722,2180.776,3464.4597,5.4773655e+06,0.51882327,32363.648
723,1605.2922,3278.543,5.2407145e+06,0.5164795,20252.258
724,1996.6578,3150.3545,4.8645335e+06,0.5111084,26114.535
725,4420.4775,3277.3667,4.5232695e+06,0.5116455,124983.79
726,3398.4019,3289.4702,4.072261e+06,0.5206787,64337.836
727,2982.0054,3258.7236,3.673543e+06,0.5054199,92719.36
728,3359.2522,3268.7764,3.307098e+06,0.5018555,67666.85
729,4335.6025,3375.459,3.0788188e+06,0.5003174,74316.32
730,2877.8887,3325.702,2.7932185e+06,0.50847167,54190.234
731,3729.2456,3366.0562,2.5285528e+06,0.50007325,75473.766
732,2828.938,3312.3442,2.301662e+06,0.5019531,55088.67
733,4207.9707,3401.907,2.143689e+06,0.49243164,103593.266
734,1193.8501,3181.1013,2.3681165e+06,0.50405276,11154.845
735,3844.484,3247.4395,2.1709118e+06,0.51223147,93133.305
736,2538.6296,3176.5586,1.9990376e+06,0.51059574,42403.86
737,11571.845,4016.0872,8.1424085e+06,0.4885498,383498.22
738,6063.4634,4220.8247,7.7054245e+06,0.49348146,243493.81
739,1047.796,3903.5217,7.841012e+06,0.48422852,17112.799
740,5430.217,4056.1912,7.2666825e+06,0.4793457,190053.58
741,1996.9148,3850.2634,6.92167e+06,0.4925049,30222.053
742,1564.2104,3621.6582,6.6998465e+06,0.48161623,14529.883
743,1906.1741,3450.1099,6.2947215e+06,0.46882325,31197.496
744,1898.5029,3294.9492,5.881923e+06,0.47509766,26889.162
745,8425.286,3807.983,7.662563e+06,0.4768799,316212.22
746,3085.749,3735.7595,6.9432525e+06,0.46984863,61999.14
747,2476.719,3609.8555,6.3915935e+06,0.471167,65343.344
748,10154.642,4264.334,9.607514e+06,0.47546387,272830.25
749,4054.0203,4243.3027,8.650743e+06,0.47666016,73514.305
750,4139.9697,4232.969,7.7866295e+06,0.46721193,104423.586
751,1070.9281,3916.7651,7.907832e+06,0.47465822,10797.756
752,5798.9043,4104.979,7.435869e+06,0.47089845,202000.92
753,4110.1787,4105.499,6.692284e+06,0.4723633,91694.78
754,3409.9902,4035.9482,6.066591e+06,0.47253418,68388.78
755,893.87695,3721.7412,6.3484665e+06,0.48146972,10940.208
756,7911.3984,4140.707,7.29341e+06,0.4763916,164677.27
757,2857.808,4012.4172,6.7121935e+06,0.47006837,44818.527
758,3167.9565,3927.9712,6.1051545e+06,0.48068848,69850.81
759,7412.4346,4276.4175,6.5873725e+06,0.47541505,275363.3
760,1628.606,4011.6362,6.5596165e+06,0.47463378,20064.582
761,1438.502,3754.3228,6.4995465e+06,0.45778808,39804.95
762,1269.1577,3505.8062,6.4054355e+06,0.4487793,22090.27
763,2098.6008,3365.0857,5.943112e+06,0.4482422,35696.77
764,3866.1948,3415.1965,5.3714005e+06,0.44487306,120411.92
765,1313.292,3205.006,5.231881e+06,0.44226074,25630.31
766,4671.9014,3351.6956,4.902353e+06,0.4345215,98188.21
767,2573.9937,3273.9253,4.4665515e+06,0.426416,48328.92
768,8414.671,3788.0,6.39835e+06,0.42041016,314598.66
769,2083.4275,3617.5427,6.020016e+06,0.4206299,37244.094
770,2650.718,3520.8604,5.502142e+06,0.417334,44756.305
771,5788.3896,3747.6133,5.41468e+06,0.40788576,157490.05
772,1364.2468,3509.2766,5.384451e+06,0.4029297,24711.984
773,5070.383,3665.3872,5.0653405e+06,0.40163574,106738.29
774,865.5408,3385.4026,5.264329e+06,0.40737304,8022.4585
775,3577.42,3404.6042,4.7412145e+06,0.39013672,83939.66
776,1280.7574,3192.2195,4.673058e+06,0.38623047,20376.762
777,1723.8511,3045.3826,4.3998015e+06,0.38879395,31509.424
778,2453.1868,2986.163,3.9913838e+06,0.386792,74367.945
779,1679.7759,2855.5244,3.7458435e+06,0.38930663,20372.5
780,3292.628,2899.2349,3.3884545e+06,0.3897217,79420.88
781,15344.873,4143.799,1.699006e+07,0.38806152,440666.84
782,1645.6095,3893.98,1.585274e+07,0.37155762,27005.926
783,1456.8838,3650.2703,1.4802015e+07,0.36911622,26829.232
784,4695.8066,3754.824,1.3420197e+07,0.38181153,105665.945
785,1386.6111,3518.0027,1.2582936e+07,0.3699219,23719.299
786,1617.3767,3327.9402,1.1649756e+07,0.37927246,23563.156
787,7184.284,3713.5747,1.1823205e+07,0.37856445,277845.66
788,1901.202,3532.3374,1.0936506e+07,0.38129884,40515.516
789,1644.8636,3343.59,1.0163486e+07,0.3713379,44606.215
790,3086.94,3317.925,9.153065e+06,0.3689209,49997.508
791,10096.756,3995.808,1.2373488e+07,0.3732666,270344.47
792,2525.1328,3848.7405,1.1330799e+07,0.3765381,56661.797
793,2626.703,3726.5366,1.0332123e+07,0.37387696,51134.656
794,1002.7477,3454.1577,9.966623e+06,0.37248537,8537.466
795,3139.184,3422.6604,8.978889e+06,0.37849122,48045.277
796,11367.836,4217.1777,1.3762324e+07,0.379834,416803.2
797,5041.5146,4299.6113,1.2447249e+07,0.37849122,117002.23
798,2291.5356,4098.8037,1.1565437e+07,0.36137697,32332.377
799,1124.8992,3801.4133,1.1204863e+07,0.36525878,18006.684
800,1557.1814,3576.9902,1.0537669e+07,0.3573242,26256.58
801,1175.7826,3336.8694,1.0002824e+07,0.3510498,16045.311
802,6199.2554,3623.108,9.739934e+06,0.34958497,169642.11
803,1278.3265,3388.63,9.26076e+06,0.3459961,20306.066
804,1303.9918,3180.166,8.725799e+06,0.34870607,22929.46
805,848.1636,2946.9658,8.3426605e+06,0.34814453,10943.317
806,8846.471,3536.9163,1.0640768e+07,0.3404785,282089.53
807,3746.2185,3557.8464,9.580634e+06,0.34489748,102781.63
808,3914.6846,3593.5303,8.63403e+06,0.3449951,100080.17
809,725.4099,3306.7183,8.510977e+06,0.33156738,7966.4917
810,886.7029,3064.7168,8.1869615e+06,0.33117676,11675.413
811,1411.7751,2899.4226,7.6141645e+06,0.34777832,16602.055
812,766.0018,2686.0806,7.2623815e+06,0.34343264,11924.926
813,3137.8518,2731.2578,6.5545115e+06,0.35590822,99533.01
814,841.3882,2542.2708,6.2205045e+06,0.3390381,9384.538
815,637.67456,2351.811,5.9249275e+06,0.33930665,5773.553
816,2152.7192,2331.9019,5.336002e+06,0.34228516,37534.504
817,900.8576,2188.7974,4.986712e+06,0.3453125,11981.199
818,2318.2302,2201.7407,4.4895485e+06,0.34375,45086.254
819,11028.692,3084.4358,1.105295e+07,0.33937988,319975.2
820,1502.794,2926.2715,1.0172798e+07,0.33632812,26410.129
821,1092.1326,2742.8577,9.458284e+06,0.33796388,19267.623
822,5498.965,3018.4683,9.196107e+06,0.33278808,194192.02
823,1065.8734,2823.2087,8.619633e+06,0.33535156,11731.243
824,891.80115,2630.0679,8.0934e+06,0.3366211,11267.583
825,2599.1453,2626.9756,7.284146e+06,0.34306642,32231.824
826,1075.4543,2471.8235,6.772381e+06,0.33688965,15822.421
827,1914.1444,2416.0557,6.123133e+06,0.335083,50797.95
828,1827.7573,2357.2258,5.541968e+06,0.32705078,29307.1
829,1328.4641,2254.3496,5.0830225e+06,0.33830568,21663.297
830,2531.3564,2282.0503,4.5816265e+06,0.32802734,45887.035
831,1143.8474,2168.23,4.240059e+06,0.33222657,13712.347
832,1462.0168,2097.6086,3.8609392e+06,0.3263428,21942.205
833,3406.871,2228.535,3.6291202e+06,0.31591797,79047.62
834,1127.7394,2118.4553,3.3752658e+06,0.3113037,21212.822
835,827.1372,1989.3235,3.1878142e+06,0.30249023,10552.678
836,3959.3142,2186.3225,3.2183102e+06,0.2918457,128539.13
837,975.67126,2065.2573,3.02839e+06,0.3029297,18015.86
838,1768.7141,2035.603,2.7334652e+06,0.30288085,40960.523
839,1564.3325,1988.476,2.4801072e+06,0.305542,43414.29
840,11672.8,2956.9084,1.0672849e+07,0.30278322,270350.22
841,935.75226,2754.7927,9.97322e+06,0.29467773,12010.129
842,1812.4404,2660.5576,9.05582e+06,0.29956055,23669.041
843,8913.892,3285.891,1.1669615e+07,0.2816162,241385.34
844,809.2842,3038.2305,1.1054675e+07,0.27729493,10033.269
845,1375.7883,2871.9863,1.0197941e+07,0.27651367,42915.074
846,9313.438,3516.1316,1.2912454e+07,0.2704346,220575.33
847,2819.1802,3446.4365,1.1664925e+07,0.26486817,63800.758
848,1610.7921,3262.872,1.0801695e+07,0.26330566,26831.207
849,1145.6842,3051.1533,1.0124949e+07,0.27492675,18796.426
850,935.6928,2839.6072,9.515219e+06,0.26582032,13484.243
851,1936.6709,2749.3135,8.637073e+06,0.26972657,39444.52
852,2172.6904,2691.6511,7.8032895e+06,0.27128908,47986.855
853,1276.5984,2550.1458,7.203174e+06,0.2671875,11862.67
854,2513.7646,2546.5076,6.4829755e+06,0.26047364,58577.914
855,3961.4497,2688.0017,6.014863e+06,0.26154786,111245.11
856,1157.8505,2534.9866,5.6240995e+06,0.25527343,23308.51
857,1665.212,2448.009,5.1297755e+06,0.25822756,28035.748
858,2073.666,2410.5747,4.62941e+06,0.26516113,38281.637
859,1387.4661,2308.264,4.2606765e+06,0.25981447,24470.793
860,3112.9697,2388.7344,3.8928882e+06,0.24567871,57427.875
861,2850.306,2434.8916,3.5227735e+06,0.2548828,42429.34
862,3578.4417,2549.2466,3.2881898e+06,0.24907227,106625.586
863,2085.446,2502.8665,2.9787305e+06,0.2439209,42722.97
864,4702.061,2722.786,3.1161385e+06,0.23286133,143221.39
865,2164.8296,2666.9902,2.832543e+06,0.22583008,52852.734
866,1074.6361,2507.755,2.777492e+06,0.23076172,12921.473
867,1787.9918,2435.7786,2.5463682e+06,0.23068848,39552.684
868,2238.6753,2416.0684,2.2952278e+06,0.22646485,68731.5
869,1105.7234,2285.034,2.2202352e+06,0.22502442,19360.86
870,536.739,2110.2043,2.2732998e+06,0.233667,6727.878
871,604.9374,1959.6776,2.2498942e+06,0.22851562,7378.5107
872,1132.1711,1876.927,2.0865339e+06,0.23339844,14006.765
873,1771.0771,1866.342,1.8788888e+06,0.22165528,32447.172
874,4194.6787,2099.1758,2.1789035e+06,0.21601562,124761.414
875,1532.1467,2042.4729,1.9899501e+06,0.21706544,27438.648
876,10645.814,2902.8071,8.452529e+06,0.22202149,400716.03
877,936.9715,2706.2236,7.955082e+06,0.21608888,13352.805
878,7224.835,3158.0847,8.99718e+06,0.2144043,169350.23
879,3488.044,3191.0806,8.10726e+06,0.215625,61579.63
880,1157.3687,2987.7095,7.668772e+06,0.21455078,18711.76
881,15321.175,4221.056,2.0592186e+07,0.22053222,455461.3
882,726.1018,3871.5608,1.963229e+07,0.21386719,8098.425
883,545.1852,3538.9233,1.866489e+07,0.22248535,5071.0747
884,4841.9287,3669.2239,1.6951204e+07,0.21401368,109394.4
885,686.2481,3370.9263,1.6056916e+07,0.21398926,11731.152
886,5023.452,3536.179,1.4697e+07,0.20722656,104729.61
887,1376.3921,3320.2002,1.3647121e+07,0.20786133,26259.127
888,4812.292,3469.4094,1.2482779e+07,0.2032959,147570.16
889,490.7706,3171.5454,1.2033007e+07,0.20134278,5539.5923
890,1684.7031,3022.861,1.1028669e+07,0.1965332,45546.152
891,509.35663,2771.5107,1.0494395e+07,0.2045166,5427.8784
892,748.1311,2569.1729,9.813422e+06,0.20551758,14914.5
893,681.5913,2380.4148,9.152746e+06,0.19887696,10830.716
894,471.23938,2189.4973,8.565517e+06,0.20187989,5255.322
895,568.1177,2027.3594,7.9455635e+06,0.20031738,6869.3613
896,1161.7961,1940.8031,7.218435e+06,0.20007324,16430.586
897,2106.731,1957.3959,6.499069e+06,0.19472657,66629.28
898,5574.9595,2319.1523,7.026971e+06,0.18815918,202365.08
899,1087.3776,2195.9749,6.460828e+06,0.18725586,37561.066
900,894.2868,2065.8062,5.96724e+06,0.1784668,11563.789
901,977.0592,1956.9314,5.477199e+06,0.18479005,19000.752
902,3008.2446,2062.0627,5.0289525e+06,0.18891601,72069.766
903,721.4527,1928.0017,4.6878085e+06,0.17919922,11308.875
904,508.8278,1786.0844,4.4002925e+06,0.1756836,6787.3257
905,3691.7866,1976.6545,4.287116e+06,0.17646484,144729.8
906,1024.2233,1881.4114,3.9400455e+06,0.18198243,31119.041
907,491.85507,1742.4558,3.719819e+06,0.17353515,6471.2856
908,450.54074,1613.2643,3.498051e+06,0.17087403,3531.265
909,852.90564,1537.2284,3.2002788e+06,0.16838379,16960.266
910,604.0481,1443.9104,2.958625e+06,0.17531739,8281.246
911,337.23004,1333.2423,2.7729892e+06,0.1777832,2497.5334
912,6940.7207,1893.9902,5.325634e+06,0.17917481,295702.3
913,341.63593,1738.7548,5.009953e+06,0.17929688,2165.2012
914,1622.3605,1727.1154,4.510177e+06,0.17492676,34622.926
915,5919.3066,2146.3345,5.6408615e+06,0.17873536,232204.73
916,4278.7393,2359.575,5.4860185e+06,0.17436524,163551.31
917,614.8039,2185.098,5.211397e+06,0.16838379,7804.9565
918,853.62897,2051.951,4.84981e+06,0.17141114,10206.0205
919,577.31604,1904.4874,4.5605385e+06,0.17419434,6401.9277
920,2938.065,2007.8452,4.20063e+06,0.16789551,86819.95
921,571.4607,1864.2068,3.966255e+06,0.16816406,6593.578
922,5414.471,2219.2332,4.7040235e+06,0.16882324,191051.08
923,912.7584,2088.5857,4.38724e+06,0.17351075,14915.329
924,309.75308,1910.7024,4.233298e+06,0.17043458,2253.0623
925,1066.9276,1826.325,3.874044e+06,0.17148438,23975.475
926,583.72925,1702.0654,3.6256035e+06,0.17321777,7371.7476
927,2015.0831,1733.3672,3.2718612e+06,0.17453614,55235.22
928,1112.2472,1671.2551,2.9793962e+06,0.17600098,21930.814
929,1379.692,1642.0989,2.6891075e+06,0.17211914,37251.465
930,634.82275,1541.3712,2.5115112e+06,0.17006837,8362.499
931,1793.4004,1566.5741,2.2660768e+06,0.17705078,38214.79
932,781.53064,1488.0697,2.0949354e+06,0.17341308,11899.851
933,616.5175,1400.9144,1.9538061e+06,0.17407227,8704.767
934,438.5176,1304.6748,1.8417841e+06,0.17614746,3723.8364
935,1923.0192,1366.5093,1.6920171e+06,0.17177735,44781.6
936,642.25574,1294.084,1.5700242e+06,0.16953126,9016.515
937,483.745,1213.05,1.4721201e+06,0.17172852,5799.4326
938,5489.686,1640.7136,2.9709732e+06,0.17143555,225709.08
939,455.70294,1522.2125,2.8002582e+06,0.17128907,5626.448
940,1423.2677,1512.318,2.5211135e+06,0.1675293,26353.916
941,1609.0585,1521.9921,2.2698442e+06,0.16738282,44469.48
942,4976.171,1867.4099,3.1166815e+06,0.17263184,205043.12
943,340.5983,1714.7288,3.0148172e+06,0.16354981,3436.0562
944,1169.7964,1660.2355,2.7400612e+06,0.16875,34001.96
945,454.65735,1539.6776,2.5968628e+06,0.17145996,4682.9985
946,587.0683,1444.4166,2.4188482e+06,0.16535644,7398.0425
947,1311.8884,1431.1638,2.178544e+06,0.1651123,43228.31
948,277.1744,1315.7649,2.0805419e+06,0.15900879,2429.8176
949,1427.7357,1326.9619,1.873616e+06,0.16245118,43349.61
950,382.36926,1232.5027,1.7665572e+06,0.15541993,5287.253
951,469.7276,1156.2252,1.6422659e+06,0.16523437,6354.3535
952,1556.0392,1196.2067,1.4924259e+06,0.16491699,32404.059
953,576.8131,1134.2673,1.3777116e+06,0.17058106,7535.569
954,4226.063,1443.4469,2.1002685e+06,0.1696289,122897.85
955,1648.0796,1463.9102,1.8940104e+06,0.17021485,57664.43
956,735.95325,1391.1145,1.7523022e+06,0.17209473,19983.543
957,538.2931,1305.8324,1.6425294e+06,0.17080079,9150.581
958,301.6979,1205.419,1.5690221e+06,0.17111817,3224.6267
959,7865.4385,1871.4209,5.404147e+06,0.17441407,333957.34
960,600.6441,1744.3433,5.009071e+06,0.1777588,9201.359
961,1211.5918,1691.0681,4.533708e+06,0.18342285,28649.418
962,609.7198,1582.9332,4.1855755e+06,0.17521973,7760.2646
963,393.25043,1463.965,3.894399e+06,0.17841797,5415.7153
964,669.26025,1384.4945,3.561799e+06,0.17241211,13545.725
965,2729.242,1518.9692,3.36837e+06,0.17285156,81174.24
966,1157.1158,1482.7839,3.0433172e+06,0.17426758,28834.918
967,3827.8784,1717.2933,3.2339375e+06,0.16884767,119775.21
968,253.09796,1570.8738,3.1034918e+06,0.17109375,1914.7
969,2987.6975,1712.5562,2.9738075e+06,0.17751466,116885.01
970,3811.9822,1922.4988,3.0731098e+06,0.18117677,160589.16
971,328.28888,1763.0778,2.9945342e+06,0.18620606,3552.545
972,882.75085,1675.045,2.7648285e+06,0.18618165,21247.93
973,959.47894,1603.4884,2.5344288e+06,0.18149415,21365.559
974,621.45514,1505.285,2.367781e+06,0.17995606,11471.41
975,299.91168,1384.7477,2.261766e+06,0.179834,2779.2358
976,580.2586,1304.2988,2.0938376e+06,0.1890625,6626.0005
977,345.11798,1208.3807,1.9672564e+06,0.18510742,4778.249
978,8533.591,1940.9017,6.5998135e+06,0.18894044,263856.16
979,439.51324,1790.763,6.142707e+06,0.18283692,5964.1274
980,694.7923,1681.1659,5.6365395e+06,0.1821045,13819.254
981,8193.231,2332.3726,8.889515e+06,0.19206543,360774.0
982,396.99612,2138.835,8.3376745e+06,0.19414063,8106.0474
983,314.2616,1956.3777,7.8035225e+06,0.19284669,2941.3303
984,1312.3887,1891.9788,7.060495e+06,0.18811035,21184.508
985,885.6648,1791.3474,6.4455855e+06,0.1899414,16236.832
986,419.95374,1654.208,5.9702915e+06,0.1876465,5885.741
987,1774.5205,1666.2393,5.374565e+06,0.18593751,53039.457
988,1018.3689,1601.4523,4.8748845e+06,0.18422852,27262.22
989,2391.58,1680.4651,4.443583e+06,0.17980957,41687.957
990,4012.7126,1913.6898,4.488769e+06,0.1814209,105265.13
991,382.82422,1760.6033,4.2508115e+06,0.19375001,5337.6494
992,3882.8228,1972.8252,4.2310735e+06,0.18986817,136912.86
993,679.2573,1843.4684,3.9585648e+06,0.19694825,16436.809
994,392.19592,1698.3412,3.7522655e+06,0.1895752,4847.783
995,639.6041,1592.4675,3.477922e+06,0.18457031,8935.162
996,327.42395,1465.9631,3.2741598e+06,0.19082032,5816.136
997,718.6733,1391.2341,2.9970035e+06,0.18984376,14601.533
998,1054.0808,1357.5188,2.7075335e+06,0.18769531,37036.285
999,185.80365,1240.3473,2.5603425e+06,0.18666993,987.4432
1000,422.7633,1158.5889,2.364468e+06,0.18574218,6929.2964
1001,623.1897,1105.049,2.1538198e+06,0.19001465,13844.901
1002,1012.1494,1095.759,1.9392144e+06,0.19270019,25638.338
1003,1026.8204,1088.8652,1.7457206e+06,0.18278809,36172.57
1004,5764.225,1556.4012,3.5384575e+06,0.18312989,247504.7
1005,1368.1836,1537.5795,3.1878e+06,0.18129884,26969.89
1006,1016.00806,1485.4224,2.8935032e+06,0.18356934,26617.15
1007,368.1404,1373.6942,2.7165018e+06,0.18134765,6482.836
1008,8134.414,2049.766,6.5585115e+06,0.17678224,336634.1
1009,3615.607,2206.35,6.1233275e+06,0.17924805,121447.19
1010,260.28326,2011.7434,5.8518405e+06,0.17722169,3331.194
1011,338.21783,1844.3909,5.5187185e+06,0.17993164,6001.337
1012,250.41199,1684.9929,5.195516e+06,0.17878418,2572.237
1013,684.23096,1584.9167,4.7661015e+06,0.18386231,11357.822
1014,1191.8029,1545.6053,4.3034e+06,0.18234864,31487.113
1015,274.62842,1418.5077,4.018444e+06,0.18325196,3866.0154
1016,620.0107,1338.658,3.6739832e+06,0.17788087,12481.918
1017,1453.7715,1350.1693,3.3077772e+06,0.18134765,38081.234
1018,644.5552,1279.6079,3.0218098e+06,0.17722169,14708.304
1019,388.06268,1190.4534,2.7911655e+06,0.1786377,9547.052
1020,252.42229,1096.6503,2.59124e+06,0.18000488,2777.834
1021,802.74915,1067.2601,2.33989e+06,0.18220215,15754.624
1022,157.45993,976.2801,2.1803972e+06,0.18217774,695.9103
1023,442.29083,922.88116,1.9880205e+06,0.18320313,10324.5205
1024,200.02025,850.5951,1.8362459e+06,0.17890625,1325.507
1025,467.24133,812.2597,1.6658476e+06,0.17861329,10171.027
1026,2826.2979,1013.6635,1.8643342e+06,0.17729492,100463.734
1027,275.94504,939.89166,1.7268814e+06,0.17609863,3456.8765
1028,213.28722,867.2312,1.601709e+06,0.17861329,1656.4883
1029,265.18762,807.02686,1.4741591e+06,0.17954102,3082.8237
1030,279.67648,754.2918,1.3517721e+06,0.17770997,3704.546
1031,272.73972,706.1366,1.2374652e+06,0.17851563,2810.4744
1032,271.85138,662.70807,1.130693e+06,0.17734376,3378.7498
1033,194.37357,615.87463,1.03736406e+06,0.17783204,1607.0629
1034,6742.3047,1228.5176,4.3116105e+06,0.18183593,285904.94
1035,9163.225,2021.9883,9.546811e+06,0.18276368,401689.5
1036,276.0054,1847.39,8.866491e+06,0.17890625,2433.09
1037,465.1208,1709.1631,8.151802e+06,0.18132325,10799.369
1038,287.0876,1566.9556,7.5186285e+06,0.18361817,3865.551
1039,277.74936,1438.0349,6.9163505e+06,0.18015137,5350.0283
1040,255.33205,1319.7646,6.350606e+06,0.18327637,4337.348
1041,163.26315,1204.1145,5.83592e+06,0.19343261,1009.4126
1042,1662.2787,1249.9309,5.27122e+06,0.19641113,59530.9
1043,379.085,1162.8463,4.8123515e+06,0.1958252,7464.118
1044,162.64696,1062.8264,4.421152e+06,0.19824219,1077.7804
1045,191.36554,975.6803,4.0473868e+06,0.19641113,2512.1174
1046,538.30896,931.9432,3.6598642e+06,0.19892578,16311.866
1047,6958.712,1534.6201,6.562852e+06,0.20075683,307174.12
1048,298.25504,1410.9836,6.0441405e+06,0.20002441,3585.5537
1049,1289.3254,1398.8179,5.4410585e+06,0.19709472,50827.297
1050,157.95285,1274.7313,5.0355295e+06,0.19431153,1104.3134
1051,346.68347,1181.9265,4.609491e+06,0.20170899,6498.126
1052,665.3345,1130.2673,4.1725598e+06,0.19658203,12027.133
1053,172.61694,1034.5023,3.837842e+06,0.19804688,2184.0564
1054,170.60468,948.11255,3.5212265e+06,0.20551758,2167.9705
1055,267.60257,880.0615,3.2107822e+06,0.20285645,2820.767
1056,181.32678,810.18805,2.9336448e+06,0.19782715,1425.5529
1057,166.64484,745.83374,2.6775535e+06,0.1965088,1089.2087
1058,395.81107,710.8315,2.4208245e+06,0.20222168,11281.112
1059,177.84604,657.53296,2.2043085e+06,0.1996582,1402.4347
1060,359.04062,627.6837,1.9918964e+06,0.20004883,5136.088
1061,568.15076,621.7304,1.7930256e+06,0.20786133,11133.574
1062,305.49188,590.10657,1.6227236e+06,0.20410156,5535.013
1063,3523.39,883.43494,2.2348248e+06,0.19809571,151951.95
1064,300.00317,825.09174,2.0419775e+06,0.20324707,7502.461
1065,264.41217,769.0238,1.8660722e+06,0.20166016,5020.3833
1066,422.32928,734.3544,1.6902828e+06,0.20268555,10866.252
1067,271.1355,688.0325,1.5405659e+06,0.2020996,4642.347
1068,815.70154,700.7994,1.3879762e+06,0.20429687,25230.88
1069,1017.6445,732.4839,1.2582138e+06,0.20258789,29523.518
1070,259.9469,685.23016,1.1524885e+06,0.19782715,3873.6946
1071,147.16763,631.4239,1.0632956e+06,0.20783691,1079.7502
1072,1134.7089,681.7524,979762.7,0.20480958,40658.4
1073,169.70341,630.5475,905383.9,0.20646973,1851.11
1074,116.95769,579.1885,838585.2,0.21054688,592.3701
1075,2283.5623,749.62585,1.0161668e+06,0.21140137,97452.41
1076,116.10622,686.27386,950671.3,0.21069336,789.9528
1077,147.4494,632.3914,881734.0,0.2156006,2566.6655
1078,430.29657,612.18195,797236.4,0.22001953,11488.296
1079,106.842865,561.648,740495.8,0.2159668,528.273
1080,173.13141,522.7963,680031.25,0.22097169,2237.29
1081,228.15146,493.33185,619841.5,0.22124024,4608.796
1082,106.625824,454.66125,571316.06,0.2284668,613.22833
1083,588.7478,468.06992,515802.6,0.23500977,17688.037
1084,112.85667,432.54858,475578.22,0.2270752,646.3692
1085,173.6113,406.65485,434054.75,0.22934571,3630.128
1086,524.5947,418.44882,391901.12,0.2234375,12460.866
1087,223.1755,398.92148,356142.84,0.22580567,2844.7612
1088,232.52689,382.282,323020.4,0.22602539,3215.5632
1089,379.6074,382.01456,290719.0,0.22646485,10498.725
1090,590.95166,402.90826,265576.0,0.22617188,14795.198
1091,149.5383,377.57126,244796.06,0.22768556,2030.4745
1092,1548.7495,494.6891,343765.72,0.23449707,39334.824
1093,344.89404,479.7096,311408.6,0.23071289,8905.201
1094,227.33417,454.47205,286000.12,0.22922364,4007.5999
1095,301.43494,439.16833,259507.94,0.23098145,6599.118
1096,4084.085,803.66003,1.4292448e+06,0.22268067,178913.23
1097,146.67392,737.9614,1.325167e+06,0.22307129,1284.4501
1098,256.73956,689.83923,1.213492e+06,0.22185059,5356.4077
1099,198.31757,640.6871,1.1138862e+06,0.22756349,2521.8696
1100,274.55087,604.0734,1.0145627e+06,0.22414552,7924.8965
1101,881.95483,631.8616,920056.0,0.22363281,35132.285
1102,2014.3481,770.1102,1.00006456e+06,0.22456054,86957.53
1103,103.82539,703.48175,940012.3,0.21796875,637.35803
1104,114.59863,644.59344,877221.56,0.21972656,812.9534
1105,231.1658,603.2507,804882.44,0.22016601,5975.878
1106,169.20357,559.84595,741349.9,0.21845703,2260.9043
1107,1841.9053,688.0519,815145.75,0.22346191,77907.95
1108,80.21298,627.268,766883.3,0.224292,355.38495
1109,153.29745,579.871,710413.3,0.22519532,3273.161
1110,273.81027,549.2649,647802.56,0.22893067,6010.2637
1111,134.94359,507.83276,598471.9,0.23132324,2168.8887
1112,113.81302,468.4308,552597.3,0.23513184,1468.7552
1113,102.777466,431.86545,509370.78,0.23237304,744.60864
1114,255.77187,414.2561,461224.5,0.23928224,4940.223
1115,278.87344,400.71783,416751.6,0.23530273,6700.558
1116,2268.525,587.49854,689059.75,0.23479004,92668.98
1117,1227.2539,651.47406,656989.56,0.23493652,44698.066
1118,146.09952,600.9366,614276.9,0.2310791,2319.3357
1119,93.591354,550.2021,576015.1,0.23059082,771.26227
1120,458.29855,541.0117,519173.75,0.23078613,16160.518
1121,114.379135,498.34845,483637.78,0.23251954,1228.8116
1122,285.21326,477.03494,439362.38,0.23049317,9362.702
1123,121.141396,441.4456,406825.56,0.22827148,1306.7119
1124,100.164566,407.31747,376625.56,0.23046875,846.6725
1125,191.66844,385.75256,343148.4,0.23300782,4859.3486
1126,143.69814,361.54712,314106.7,0.23015137,2832.8613
1127,159.09866,341.30228,286384.7,0.23190919,3804.24
1128,130.48126,320.22018,261746.31,0.23249511,1755.8348
1129,171.9407,305.39224,237550.5,0.23110352,3283.9534
1130,89.09939,283.76297,218005.89,0.23027344,636.6183
1131,380.94324,293.481,197055.27,0.23393555,12766.769
1132,110.34645,275.16754,180368.17,0.2232666,2001.9465
1133,399.11774,287.56256,163714.08,0.22575684,9566.907
1134,96.886925,268.495,150614.81,0.22709961,1067.9011
1135,207.15019,262.3605,135892.02,0.23054199,4786.7827
1136,307.70624,266.89508,122487.875,0.23151855,6126.849
1137,190.52519,259.2581,110763.99,0.22839355,5240.2144
1138,204.09494,253.74178,99961.46,0.2286377,5488.5864
1139,59.96086,234.36368,93344.91,0.22290039,295.51196
1140,148.43239,225.77055,84674.99,0.22937012,3964.854
1141,111.66635,214.36014,77379.27,0.23010254,1799.5275
1142,80.54014,200.97813,71253.05,0.23359375,1161.716
1143,48.58638,185.73895,66217.836,0.23308106,204.73015
1144,158.64926,183.02998,59662.094,0.23007813,3759.337
1145,114.06278,176.13327,54123.965,0.22929688,1363.6859
1146,269.37167,185.4571,49493.973,0.2303711,5825.6724
1147,112.414085,178.1528,45024.75,0.22600098,1668.6317
1148,44.753662,164.81288,42123.85,0.2223877,237.2332
1149,60.09787,154.34138,38898.336,0.21999513,390.33435
1150,111.03847,150.0111,35177.266,0.21757813,1977.9121
1151,67.12013,141.722,32277.92,0.21828614,660.40814
1152,67.33066,134.28287,29548.195,0.21779786,623.0819
1153,54.186054,126.273186,27170.771,0.21723633,396.37244
1154,166.17972,130.26384,24597.021,0.21914063,4684.4077
1155,136.40878,130.87833,22140.717,0.21464844,2394.0596
1156,49.412865,122.73178,20523.941,0.21601562,435.88162
1157,39.804474,114.43905,19090.47,0.2111084,353.39175
1158,721.8177,175.17691,50383.215,0.20344238,29387.922
1159,108.47061,168.50629,45745.367,0.20041505,2005.5704
1160,751.2233,226.77798,71731.15,0.20107423,29250.57
1161,27.690119,206.8692,68125.27,0.20351563,220.16791
1162,40.32012,190.2143,63809.22,0.20666504,491.729
1163,26.527336,173.8456,59839.703,0.19641113,268.67587
1164,36.81502,160.14253,55545.695,0.19699708,442.57867
1165,31.254372,147.25372,51486.22,0.19685058,375.11472
1166,1999.3027,332.45862,355045.3,0.19042969,78996.586
1167,21.990036,301.41177,328215.94,0.19001465,209.08833
1168,102.64209,281.5348,298950.2,0.18703614,2845.796
1169,73.643036,260.7456,272944.88,0.18149415,1635.4894
1170,79.76312,242.64735,248598.3,0.18186036,1638.4852
1171,26.09878,220.9925,227958.86,0.18803711,734.809
1172,5.4923244,199.44247,209342.6,0.181958,180.1068
1173,31.156717,182.61389,190957.14,0.17990723,816.2584
1174,39.584126,168.31091,173702.6,0.17707519,1165.7112
1175,104.60615,161.94043,156697.58,0.1744629,3498.3174
1176,4.97407,146.24379,143245.28,0.16765137,368.4972
1177,8.305548,132.44997,130633.18,0.1671875,488.42096
1178,4.7418303,119.67915,119037.695,0.16228028,497.94998
1179,102.18855,117.93009,107161.46,0.15756837,3787.781
1180,-6.0200706,105.53507,97828.04,0.15373535,502.1004
1181,3.6904173,95.35061,88978.74,0.15686035,650.2711
1182,-11.308165,84.68473,81104.71,0.15129395,500.1817
1183,-4.3309946,75.78316,73707.38,0.14841309,1021.47797
1184,117.478546,79.9527,66493.11,0.14335938,4257.333
1185,-6.4162903,71.315796,60515.16,0.14020996,1251.7485
1186,-39.57528,60.22669,55570.36,0.13625489,378.60458
1187,-32.36808,50.96721,50784.965,0.13251953,392.763
1188,257.0319,71.57368,49528.105,0.13027345,11748.1455
1189,-51.15383,59.300926,45930.875,0.124731444,244.43016
1190,-49.907875,48.380047,42411.176,0.121313475,448.91312
1191,17.269062,45.268948,38257.168,0.12714843,2621.2888
1192,598.6788,100.60993,61995.07,0.12231445,27865.42
1193,-66.33953,83.914986,58304.05,0.12163086,280.82153
1194,-66.808266,68.84266,54518.22,0.1159668,367.16272
1195,-63.23054,55.635338,50636.293,0.11276855,614.0018
1196,-42.54426,45.81738,46440.19,0.113623045,1144.6433
1197,219.74371,63.210014,44518.703,0.10949707,13385.916
1198,-86.2175,48.26726,42076.406,0.10646973,359.36752
1199,-64.30331,37.010204,39009.258,0.1048584,1070.815
1200,-78.75075,25.434109,36314.383,0.10124512,542.3166
1201,-81.28862,14.761835,33708.02,0.10761719,731.30615
1202,3577.8098,371.06665,1.1729151e+06,0.105004884,160378.12
1203,-92.83907,324.6761,1.0749924e+06,0.104687504,1007.6337
1204,-56.36975,286.5715,980560.75,0.10205078,2555.0745
1205,-45.845943,253.32976,892449.75,0.09499512,2631.5947
1206,862.6166,314.25842,836615.5,0.09641113,38998.664
1207,2957.4717,578.5798,1.3817459e+06,0.09467774,139675.67
1208,19.731743,522.69495,1.2716792e+06,0.09233399,4815.75
1209,5733.068,1043.7322,3.58783e+06,0.09008789,262112.11
1210,-14.26696,937.93225,3.3297895e+06,0.0875,3483.6816
1211,336.201,877.75916,3.0293978e+06,0.08972168,18816.729
1212,-131.21931,776.8613,2.8180812e+06,0.08874512,892.55475
1213,-155.9957,683.5756,2.614593e+06,0.08474121,347.99826
1214,83.29833,623.5479,2.3855635e+06,0.082250975,8930.031
1215,151.32634,576.32574,2.1670765e+06,0.082177736,9602.1045
1216,53.074173,524.0006,1.9750101e+06,0.07922363,6701.725
1217,-100.231186,461.57742,1.8125789e+06,0.07556152,1616.0157
1218,73.31835,422.75153,1.644888e+06,0.07514649,7144.2563
1219,-85.74769,371.9016,1.5036706e+06,0.071948245,3828.241
1220,-143.34161,320.3773,1.3771962e+06,0.07346191,1876.4811
1221,-112.4479,277.09476,1.256337e+06,0.075976565,1980.3173
1222,-179.7687,231.40842,1.1494884e+06,0.07421875,777.40424
1223,-188.60712,189.40686,1.0504166e+06,0.07348633,703.06934
1224,-204.20708,150.04547,959318.9,0.07097168,531.66815
1225,-177.5506,117.28586,873045.7,0.06865235,1087.1243
1226,-102.449326,95.31234,790086.6,0.068603516,5230.671
1227,-214.59283,64.32182,719721.6,0.069775395,502.63123
1228,-216.42255,36.247383,654843.0,0.066430666,749.2786
1229,-156.67017,16.95563,592708.2,0.066992186,3594.7778
1230,-217.67598,-6.507532,538392.0,0.060766604,967.2393
1231,-245.01038,-30.357817,489672.3,0.066625975,307.2054
1232,-204.92654,-47.81469,443447.75,0.06750488,1334.0128
1233,-183.32599,-61.365818,400755.7,0.06672364,1927.1226
1234,-120.72688,-67.301926,360997.25,0.06416016,4358.614
1235,-254.04193,-85.97593,328036.0,0.0625,457.17252
1236,-197.17944,-97.09628,296345.34,0.059814453,2334.2363
1237,-178.331,-105.21976,267304.72,0.06086426,3390.708
1238,87.53618,-85.94416,243918.19,0.05871582,14892.484
1239,-279.3376,-105.28351,222892.47,0.05900879,285.29794
1240,-264.97528,-121.252686,202898.34,0.059375,387.71835
1241,-233.12724,-132.44014,183734.94,0.062426757,1251.8214
1242,-231.53972,-142.3501,166245.31,0.06159668,1947.4471
1243,-277.74454,-155.88954,151270.62,0.059521485,606.972
1244,-241.80151,-164.48074,136807.84,0.056591798,2168.0032
1245,-305.75357,-178.60803,124923.27,0.057348635,256.4382
1246,-293.15472,-190.0627,113611.83,0.05744629,678.8746
1247,-282.1767,-199.2741,103014.29,0.05900879,975.7875
1248,-299.69626,-209.31631,93620.47,0.057250977,530.53033
1249,126.48244,-175.73643,94406.89,0.056225587,18883.6
1250,363.63672,-121.79912,111149.305,0.053515624,21165.883
1251,-245.39209,-134.15842,101409.14,0.05856934,1522.513
1252,1322.2875,11.486176,282179.34,0.060424805,72831.41
1253,-227.10793,-12.373236,259084.84,0.05895996,2911.9807
1254,-230.9957,-34.23548,237477.98,0.057714846,2898.134
1255,-90.311264,-39.84306,214013.19,0.057299804,7556.7046
1256,-228.08298,-58.667053,195800.94,0.05908203,2457.5186
1257,-129.54527,-65.754875,176672.98,0.054882813,5685.197
1258,-267.25592,-85.90498,162659.92,0.056469727,2172.7937
1259,-326.5528,-109.969765,151605.95,0.05966797,479.7863
1260,1184.3226,19.45948,287212.72,0.05893555,64155.547
1261,-239.01118,-6.3875866,264504.1,0.06074219,2940.3936
1262,-311.18622,-36.86745,246414.88,0.060302734,2227.804
1263,-309.37503,-64.11821,228456.81,0.05979004,2288.139
1264,-326.6709,-90.373474,211815.17,0.05900879,2244.8389
1265,-331.42047,-114.47817,195862.97,0.057470705,2227.0496
1266,-336.56592,-136.68695,180715.73,0.058666993,2226.3074
1267,-386.82413,-161.70067,168275.33,0.060009766,265.821
1268,-393.18253,-184.84885,156270.34,0.057592776,270.25455
1269,-369.06882,-203.27084,143697.64,0.058007814,1081.3944
1270,-388.81674,-221.82544,132426.33,0.057495117,580.4522
1271,-328.19818,-232.4627,120202.055,0.06188965,3532.251
1272,-385.06436,-247.72287,110277.7,0.060522463,981.1174
1273,-403.48682,-263.29926,101433.55,0.060888674,487.11563
1274,-379.786,-274.94794,92511.414,0.05817871,1283.5851
1275,-412.6134,-288.71448,84965.93,0.061010744,329.30942
1276,-422.44196,-302.08722,78078.81,0.06008301,207.14885
1277,-427.8901,-314.6675,71695.305,0.057543945,219.65535
1278,-427.5269,-325.95346,65672.125,0.058203127,306.64963
1279,46.17157,-288.74097,71567.84,0.06008301,21652.16
1280,-116.6111,-271.52798,67077.64,0.0578125,11917.015
1281,-437.3722,-288.1124,62845.26,0.061914064,255.32127
1282,750.4502,-184.25613,153635.84,0.061743166,54202.207
1283,-444.15997,-210.24652,144351.75,0.0609375,314.10013
1284,5953.514,406.12958,3.5491918e+06,0.06098633,289901.25
1285,5948.9434,960.411,5.9593235e+06,0.06188965,289897.97
1286,-454.6919,818.9007,5.5436175e+06,0.06213379,308.01663
1287,-461.187,690.8919,5.136732e+06,0.058007814,250.19502
1288,-458.80597,575.9221,4.742021e+06,0.058203127,330.4206
1289,-440.9109,474.23883,4.3608745e+06,0.0578125,651.6481
1290,-470.9079,379.72415,4.005184e+06,0.05683594,283.3205
1291,-473.0688,294.44485,3.6701185e+06,0.06069336,306.31027
1292,-472.3582,217.76456,3.3560255e+06,0.062109377,529.2206
1293,-487.28003,147.2601,3.0651608e+06,0.060546875,267.77966
1294,-494.22418,83.11167,2.7956798e+06,0.05756836,316.6852
1295,-504.40643,24.35986,2.5471778e+06,0.05871582,284.3473
1296,-506.0733,-28.683456,2.3177822e+06,0.05822754,254.3702
1297,-507.88278,-76.60339,2.106671e+06,0.057226565,487.67184
1298,-509.02658,-119.84572,1.912833e+06,0.05466309,723.71783
1299,-470.6974,-154.9309,1.7326284e+06,0.053564455,1925.4714
1300,-517.60846,-191.19865,1.5712036e+06,0.055566408,390.55737
1301,-481.0818,-220.18697,1.4216461e+06,0.058276366,1870.135
1302,-459.68774,-244.13704,1.284644e+06,0.05871582,3322.6619
1303,-322.51535,-251.97487,1.1567325e+06,0.05925293,8828.97
1304,-503.6408,-277.14145,1.0467595e+06,0.057275392,1152.7345
1305,-300.51678,-279.47897,942132.7,0.056127932,10680.774
1306,-549.9509,-306.52618,854503.4,0.057666015,236.41876
1307,6322.7856,356.40503,4.724353e+06,0.057714846,311103.66
1308,6330.428,953.8074,7.4639235e+06,0.0560791,311100.38
1309,-541.7919,804.24744,6.9188445e+06,0.056494143,317.3019
1310,-325.95758,691.2269,6.3419225e+06,0.055541992,9556.546
1311,-542.80896,567.82336,5.844786e+06,0.05925293,323.00473
1312,-419.85202,469.05582,5.3481025e+06,0.058496095,5492.8813
1313,-507.62476,371.38776,4.8991435e+06,0.058203127,1201.1976
1314,-556.7367,278.57532,4.4867565e+06,0.057250977,314.17865
1315,-533.3366,197.38412,4.0974088e+06,0.056396484,1471.5779
1316,-549.6185,122.68385,3.737889e+06,0.05546875,828.697
1317,-566.2659,53.78887,3.4068188e+06,0.0578125,590.0757
1318,-571.17633,-8.707649,3.1012892e+06,0.057348635,587.2478
1319,-585.1562,-66.35251,2.8210665e+06,0.05415039,237.57014
1320,-570.04395,-116.72165,2.5617932e+06,0.055615235,783.82837
1321,-590.78235,-164.12772,2.3258398e+06,0.060180664,217.07794
1322,-586.27325,-206.34227,2.1092945e+06,0.059155274,597.334
1323,-587.819,-244.48994,1.9114622e+06,0.061669923,632.4479
1324,-182.16988,-238.25793,1.7206655e+06,0.059765626,19076.059
1325,-577.24176,-272.1563,1.5589408e+06,0.059887696,1129.7795
1326,-538.81287,-298.82196,1.4094462e+06,0.058789063,2109.0383
1327,757.6128,-193.17847,1.3689465e+06,0.057519533,60901.61
1328,-615.62775,-235.4234,1.2481135e+06,0.059399415,253.52658
1329,-611.0922,-272.9903,1.1360036e+06,0.058203127,404.27292
1330,-617.62494,-307.45377,1.03309275e+06,0.059521485,227.89392
1331,-626.1427,-339.32266,938924.06,0.06491699,285.36456
1332,-633.61993,-368.75238,852826.56,0.06086426,270.80258
1333,-629.4261,-394.81976,773659.44,0.05998535,328.51508
1334,-635.4862,-418.8864,701506.3,0.06171875,231.20306
1335,-643.2251,-441.32028,635885.2,0.057739258,201.93748
1336,-648.8613,-462.0744,576173.25,0.05900879,215.24889
1337,-645.98975,-480.46594,521600.16,0.061791994,227.67865
1338,-653.9673,-497.81607,472149.38,0.06008301,219.2332
1339,-638.50793,-511.88525,426715.9,0.057739258,1011.55237
1340,-390.98785,-499.7955,385359.78,0.05600586,11185.743
1341,-639.4011,-513.75604,348577.88,0.05986328,1017.09344
1342,-644.3534,-526.8158,315255.1,0.058325198,1014.0951
1343,-653.72986,-539.5072,285179.22,0.061621096,1015.42267
1344,-663.11127,-551.8676,258036.3,0.060913086,345.21875
1345,-674.0583,-564.0867,233576.42,0.061132815,222.27449
1346,-671.5022,-574.82825,211257.2,0.0592041,425.56973
1347,-582.83514,-575.6289,190137.25,0.061206054,4427.403
1348,-667.88696,-584.85474,171889.56,0.058666993,561.69055
1349,-673.5814,-593.7274,155409.12,0.059350587,217.77563
1350,-527.3969,-587.09436,140264.19,0.05925293,6803.1616
1351,-621.97986,-590.5829,126347.3,0.061621096,2492.83
1352,-668.42456,-598.36707,114257.9,0.062719725,433.3459
1353,-685.5553,-607.0859,103516.266,0.06311035,202.80797
1354,-690.9973,-615.47705,93798.336,0.058764648,257.63983
1355,-693.8969,-623.31903,84971.97,0.061328124,259.7415
1356,-690.6157,-630.0487,76882.37,0.06010742,267.8023
1357,-702.54645,-637.29846,69667.164,0.059594728,272.62186
1358,-707.78357,-644.347,63147.58,0.061694335,222.73984
1359,-707.2523,-650.6375,57188.957,0.057226565,218.96938
1360,-710.5634,-656.6301,51793.26,0.059155274,207.12651
1361,-716.4054,-662.60767,46935.51,0.061767578,206.73541
1362,-718.8259,-668.2295,42526.406,0.06298828,207.59108
1363,-715.5382,-672.9604,38475.195,0.060791016,204.81407
1364,-720.8434,-677.74866,34834.023,0.060156252,202.62482
1365,-731.0497,-683.07874,31606.312,0.062451173,212.30574
1366,-714.3143,-686.2023,28533.49,0.06323242,882.49194
1367,-715.4144,-689.1235,25756.943,0.06386719,882.5173
1368,-742.4546,-694.4566,23437.227,0.062109377,225.66997
1369,-739.67346,-698.9783,21277.516,0.05900879,211.50296
1370,-736.0456,-702.685,19273.422,0.060278323,209.97366
1371,-746.0814,-707.02466,17515.57,0.062719725,211.30046
1372,-747.96045,-711.1182,15914.83,0.062524416,221.2852
1373,-745.4851,-714.55493,14429.645,0.060278323,217.47028
1374,-749.9901,-718.09845,13099.688,0.059106447,224.36696
1375,-749.7623,-721.26483,11879.953,0.060961913,228.8552
1376,-705.00934,-719.6393,10715.739,0.06022949,2417.2869
1377,-701.44543,-717.8199,9673.956,0.057006836,2430.0305
1378,-763.46484,-722.3844,8894.072,0.058886718,222.05843
1379,-768.1727,-726.96326,8193.356,0.05581055,248.89352
1380,-750.3292,-729.29987,7423.1577,0.060131837,1286.2078
1381,-769.11816,-733.2817,6823.5366,0.06665039,406.12006
1382,-772.3961,-737.1931,6278.8774,0.064941406,445.07147
1383,-782.5547,-741.72925,5836.1797,0.0647461,227.2591
1384,-790.0737,-746.5637,5462.9087,0.064575195,225.45943
1385,-779.15674,-749.823,5012.225,0.06533203,329.2029
1386,-794.2893,-754.26965,4688.955,0.06467285,221.88136
1387,-787.85956,-757.62866,4321.605,0.06374512,216.41937
1388,-799.9536,-761.86115,4050.6704,0.062646486,213.27206
1389,-799.56177,-765.6312,3773.5237,0.06147461,215.7492
1390,-801.12195,-769.1803,3509.5344,0.062426757,214.26472
1391,-802.4935,-772.5116,3258.4602,0.06862793,219.24222
1392,-812.5398,-776.5144,3076.8171,0.06948242,229.51631
1393,-819.3078,-780.79376,2933.95,0.066552736,221.90831
1394,-819.47424,-784.6618,2775.211,0.065869145,214.12828
1395,-818.94385,-788.09,2603.4631,0.06679688,686.6203
1396,-835.8712,-792.86816,2548.5906,0.06784668,221.94801
1397,-842.31506,-797.81287,2513.781,0.067553714,221.17201
1398,-786.56604,-796.6882,2273.787,0.066186525,2206.3071
1399,-844.69495,-801.48883,2253.827,0.064819336,241.62094
1400,-854.5073,-806.79065,2281.4304,0.0631836,221.56056
1401,-851.69336,-811.28094,2234.75,0.06936035,228.47717
1402,-856.2133,-815.7742,2192.9775,0.06589355,234.79697
1403,-851.8231,-819.3791,2090.6372,0.068115234,221.00717
1404,-862.78625,-823.7198,2051.15,0.06738281,231.28458
1405,-860.0545,-827.3533,1964.854,0.066748045,217.6781
1406,-870.6833,-831.6863,1937.3427,0.06706543,226.69545
1407,-872.2295,-835.7406,1891.5459,0.067871094,226.91405
1408,-881.79755,-840.3463,1893.3031,0.064501956,278.17963
1409,-878.64453,-844.17615,1835.9806,0.06704102,233.42357
1410,-876.917,-847.45026,1748.8591,0.066186525,232.1066
1411,-887.198,-851.42505,1716.1626,0.068286136,228.0748
1412,-891.4768,-855.43024,1688.9192,0.06938477,226.40399
1413,-897.8672,-859.67395,1682.1078,0.06794434,228.95262
1414,-898.3113,-863.53766,1648.2528,0.068481445,228.72528
1415,-906.1121,-867.7951,1646.56,0.06694336,225.10866
1416,-908.5598,-871.8716,1631.4625,0.06796875,223.25334
1417,-915.1456,-876.199,1636.8541,0.0675293,233.04767
1418,-914.6559,-880.0447,1606.2727,0.06801758,233.78566
1419,-919.48145,-883.98834,1585.6187,0.066748045,368.19516
1420,-914.3232,-887.02185,1509.875,0.06691895,399.37686
1421,-923.2466,-890.64435,1476.9883,0.071948245,264.18207
1422,-913.2854,-892.90845,1375.4249,0.07287598,1015.64825
1423,-943.95654,-898.01324,1472.4142,0.070898436,235.24115
1424,-911.7233,-899.3843,1342.0897,0.0722168,1732.07
1425,-949.14984,-904.36084,1430.7758,0.07084961,249.94675
1426,-933.56323,-907.28107,1364.4484,0.068164065,1158.0562
1427,-961.1472,-912.66766,1489.1442,0.068847656,328.00775
1428,-943.5182,-915.7527,1425.8877,0.06882324,744.78644
1429,-952.4657,-919.424,1404.605,0.06743164,758.6175
1430,-967.80554,-924.26215,1474.814,0.06721192,251.95216
1431,-961.0826,-927.9442,1449.3495,0.0689209,857.9675
1432,-980.02814,-933.1526,1548.5607,0.07143555,239.68747
1433,-986.77563,-938.5149,1652.4933,0.068041995,245.5842
1434,-986.3977,-943.30316,1693.5927,0.06894531,256.18027
1435,-859.7272,-934.94556,2152.8787,0.06882324,5524.73
1436,-990.82214,-940.5332,2218.5881,0.06936035,246.6531
1437,-932.02997,-939.68286,2003.2367,0.06906738,2865.6614
1438,-941.63513,-939.8781,1803.256,0.06789551,2858.608
1439,-1007.4238,-946.6327,2033.5485,0.06706543,260.15558
1440,4142.413,-437.7281,2.3326852e+06,0.067871094,232694.39
1441,-983.2137,-492.27664,2.1261965e+06,0.071582034,1180.8542
1442,-584.49164,-501.49814,1.914342e+06,0.07192383,18125.47
1443,-1010.2582,-552.37415,1.746203e+06,0.072314456,471.7816
1444,-996.9549,-596.8322,1.5893714e+06,0.07011719,719.10803
1445,-1031.3768,-640.2867,1.4474288e+06,0.072021484,272.59042
1446,-1024.5238,-678.7104,1.3159734e+06,0.06921387,248.22084
1447,-971.3528,-707.9746,1.1920836e+06,0.06721192,2361.1033
1448,-1039.3964,-741.11676,1.0827609e+06,0.06726074,247.07133
1449,-1043.2002,-771.3251,982697.7,0.06660157,241.21089
1450,-1045.1504,-798.7076,891176.1,0.06621094,238.04883
1451,-1040.8185,-822.9187,807334.06,0.070019536,241.90314
1452,-1059.398,-846.56665,731633.7,0.06843262,245.60632
1453,-1069.8049,-868.8905,662955.5,0.06713867,253.01617
1454,-1070.6687,-889.0683,600324.25,0.0652832,266.8441
1455,-1081.8508,-908.34656,543636.7,0.06467285,251.19379
1456,-1084.8157,-925.99347,492075.72,0.065869145,248.57867
1457,-1089.0317,-942.2973,445260.47,0.065380864,247.34566
1458,-1099.8887,-958.05646,402969.56,0.06315918,253.03603
1459,-1104.0342,-972.65424,364590.44,0.06418457,248.45828
1460,-1103.1399,-985.7028,329663.78,0.06213379,356.47498
1461,-1055.6857,-992.7011,297138.16,0.067871094,2376.1619
1462,-1040.367,-997.4677,267628.84,0.068164065,3404.6719
1463,-1047.9664,-1002.5176,241095.45,0.070214845,3403.6462
1464,-1124.1882,-1014.68463,218318.23,0.066308595,254.27737
1465,-1118.252,-1025.0414,197451.77,0.06682129,250.16617
1466,-1132.8651,-1035.8237,178752.92,0.065625004,250.91222
1467,-1128.7578,-1045.1172,161654.94,0.06430664,259.93744
1468,-1090.3098,-1049.6365,145673.25,0.062841795,2010.0964
1469,-1141.091,-1058.782,131858.67,0.062060546,264.43945
1470,-1144.2654,-1067.3303,119330.46,0.06293946,275.55737
1471,-1149.3463,-1075.532,108002.81,0.0664795,339.83072
1472,-1149.4504,-1082.9238,97694.28,0.06726074,314.49054
1473,-1151.8031,-1089.8118,88351.84,0.066552736,444.30627
1474,-1147.6064,-1095.5912,79817.28,0.067553714,621.7761
1475,-1114.7231,-1097.5044,71868.49,0.06682129,2076.8513
1476,-1095.4905,-1097.303,64682.008,0.06394043,2543.1904
1477,-1185.4089,-1106.1135,58912.445,0.06708985,267.0839
1478,-1198.1306,-1115.3152,53783.242,0.06518555,259.64206
1479,-1201.4978,-1123.9335,49073.387,0.06430664,257.06674
1480,-1189.3683,-1130.4769,44551.402,0.06435547,274.40912
1481,-1116.3757,-1129.0668,40114.156,0.06547852,3565.8552
1482,-1201.0139,-1136.2615,36568.617,0.070043944,297.58893
1483,-1202.8612,-1142.9214,33310.95,0.06762695,400.2325
1484,-1170.1875,-1145.648,30046.764,0.06472168,1676.0178
1485,-1211.2302,-1152.2062,27429.18,0.06472168,360.7773
1486,-1185.8384,-1155.5693,24788.062,0.06604004,1341.626
1487,-1181.769,-1158.1893,22371.033,0.06513672,1356.7162
1488,-1211.9467,-1163.5651,20394.016,0.0631836,432.36478
1489,-1225.2339,-1169.7319,18696.889,0.063647464,305.75665
1490,-1152.6624,-1168.025,16853.422,0.06386719,2791.194
1491,-1221.9866,-1173.4211,15430.146,0.06633301,444.22556
1492,-1238.3411,-1179.9131,14266.445,0.06540527,269.6816
1493,-1243.085,-1186.2302,13198.962,0.06501465,271.9168
1494,-1196.1848,-1187.2257,11887.983,0.066381834,1637.4083
1495,-1216.685,-1190.1716,10777.291,0.066137694,1560.1686
1496,-1248.5857,-1196.0131,10006.66,0.06501465,423.63123
1497,-1229.7698,-1199.3887,9108.55,0.0659668,1143.7493
1498,-1257.506,-1205.2004,8501.68,0.06621094,255.21414
1499,-1267.6094,-1211.4413,8002.0503,0.06533203,246.10199
1500,-1272.8892,-1217.586,7541.671,0.06489258,245.36913
1501,-1276.9966,-1223.5271,7105.1685,0.06328125,249.2663
1502,-1279.8553,-1229.1599,6680.21,0.06455078,255.71454
1503,-1281.9828,-1234.4421,6263.3115,0.06572266,247.7954
1504,-1289.5396,-1239.9519,5910.1953,0.0652832,242.65816
1505,-1289.7255,-1244.9292,5542.142,0.06479492,240.97664
1506,-1298.7913,-1250.3154,5249.029,0.06506348,241.02278
1507,-1302.1366,-1255.4976,4965.815,0.062646486,237.61751
1508,-1306.5353,-1260.6013,4703.67,0.06567383,235.30789
1509,-1314.209,-1265.962,4491.9434,0.063891605,239.17297
1510,-1315.7999,-1270.9458,4266.292,0.06486817,239.5548
1511,-1314.7681,-1275.328,4012.4978,0.06447754,240.54001
1512,-1323.2041,-1280.1156,3817.5388,0.062597655,235.67223
1513,-1319.7471,-1284.0787,3577.1438,0.060595702,241.87813
1514,-1325.7595,-1288.2468,3375.7852,0.05930176,255.61215
1515,-1332.9673,-1292.7189,3218.1992,0.06032715,237.71387
1516,-1334.7784,-1296.9248,3055.5898,0.06010742,241.85455
1517,-1334.5406,-1300.6864,2877.3765,0.060595702,261.95148
1518,-1338.2489,-1304.4426,2716.6235,0.060009766,255.34476
1519,-1344.5295,-1308.4513,2589.5876,0.058276366,256.95197
1520,-1348.3445,-1312.4407,2473.8608,0.058666993,259.40372
1521,-1359.0188,-1317.0985,2421.7317,0.06081543,298.77722
1522,-1347.8176,-1320.1704,2264.4883,0.058544923,1078.35
1523,-1347.9053,-1322.9438,2107.2695,0.061767578,1077.8821
1524,-1372.2743,-1327.877,2115.557,0.059692383,248.78557
1525,-1344.6318,-1329.5525,1929.2664,0.05998535,1263.9298
1526,-1347.2412,-1331.3214,1764.4999,0.057275392,1263.0477
1527,-1374.5214,-1335.6414,1756.0111,0.06044922,294.17828
1528,-1384.761,-1340.5533,1797.5564,0.061791994,255.62843
1529,-1392.7908,-1345.7771,1863.388,0.05893555,255.12923
1530,-1403.4434,-1351.5437,1976.335,0.060546875,235.2191
1531,-1401.786,-1356.5679,2005.8875,0.062524416,236.653
1532,-1408.4304,-1361.7542,2047.3738,0.059570312,238.65768
1533,-1417.7314,-1367.3519,2124.6475,0.05979004,259.52887
1534,-1425.551,-1373.1719,2217.0247,0.06123047,283.3069
1535,-1421.5858,-1378.0133,2206.274,0.06311035,298.2158
1536,-1432.658,-1383.4778,2254.39,0.06081543,247.89857
1537,-1438.4878,-1388.9788,2301.3,0.06398926,255.81088
1538,-1443.2504,-1394.4059,2336.2566,0.060961913,240.38695
1539,-1447.3206,-1399.6974,2354.6277,0.06291504,239.3014
1540,-1440.5385,-1403.7815,2269.2842,0.06564941,234.63324
1541,-1449.9202,-1408.3954,2233.9456,0.06315918,242.28181
1542,-1452.1096,-1412.7668,2182.5352,0.062207032,238.59068
1543,-1454.8862,-1416.9788,2123.9456,0.06171875,236.88394
1544,-1461.5334,-1421.4342,2090.2117,0.062451173,238.20557
1545,-1454.7026,-1424.761,1980.8015,0.064453125,239.27725
1546,-1461.8616,-1428.4711,1906.602,0.06313477,239.2002
1547,-1460.337,-1431.6577,1807.3313,0.06320801,236.97931
1548,-1468.4559,-1435.3375,1748.4679,0.06333008,235.61646
1549,-1466.7684,-1438.4806,1662.5322,0.06306153,228.70117
1550,-1468.8026,-1441.5128,1579.0272,0.062524416,228.26628
1551,-1472.1249,-1444.574,1505.4633,0.0631836,226.63043
1552,-1475.3152,-1447.6481,1439.9689,0.06281739,226.72
1553,-1486.4364,-1451.5269,1431.3801,0.06335449,229.85072
1554,-1486.797,-1455.0538,1400.2006,0.06337891,230.62996
1555,-1484.898,-1458.0382,1340.341,0.062182616,228.0762
1556,-1495.209,-1461.7552,1330.6567,0.06357422,232.03255
1557,-1499.2102,-1465.5007,1323.8496,0.06367188,235.3988
1558,-1492.0869,-1468.1593,1255.0789,0.06293946,230.18578
1559,-1492.051,-1470.5485,1180.9442,0.06303711,226.0384
1560,-1500.2351,-1473.5171,1142.1664,0.065991215,226.69539
1561,-1505.8386,-1476.7493,1121.9711,0.06213379,228.56029
1562,-1510.5685,-1480.1312,1112.7104,0.062597655,227.30614
1563,-1506.9087,-1482.809,1065.9723,0.05856934,223.64032
1564,-1515.1908,-1486.0471,1053.7474,0.060717773,222.15599
1565,-1516.8403,-1489.1265,1033.7126,0.059887696,219.78609
1566,-1522.6658,-1492.4803,1031.581,0.06398926,219.35626
1567,-1533.0383,-1496.5361,1076.4684,0.061425783,226.32915
1568,-1535.2253,-1500.405,1103.5385,0.060058594,219.26509
1569,-1544.1155,-1504.7761,1165.1388,0.060913086,223.24959
1570,-1549.0208,-1509.2006,1224.8077,0.059570312,223.47179
1571,-1554.6648,-1513.747,1288.3567,0.05930176,220.74394
1572,-1561.372,-1518.5094,1363.6537,0.061547853,221.40799
1573,-1557.7998,-1522.4385,1366.2246,0.05949707,217.96971
1574,-1561.7661,-1526.3712,1368.8018,0.058984376,218.13208
1575,-1563.1696,-1530.051,1353.7921,0.058544923,212.63306
1576,-1559.8198,-1533.028,1298.1692,0.058520507,212.69972
1577,-1562.6838,-1535.9935,1247.5046,0.05715332,210.71555
1578,-1570.7473,-1539.4689,1231.4585,0.058422852,212.96193
1579,-1569.8784,-1542.5098,1191.5392,0.056030273,207.92482
1580,-1580.3489,-1546.2937,1201.2471,0.05871582,216.58813
1581,-1579.9164,-1549.656,1182.866,0.061572265,209.18788
1582,-1587.4749,-1553.4379,1193.3032,0.057421874,212.44705
1583,-1600.5405,-1558.1482,1273.6523,0.059228517,217.55934
1584,-1604.2422,-1562.7576,1337.5061,0.05715332,215.63573
1585,-1603.3282,-1566.8147,1351.8937,0.05551758,209.83824
1586,-1605.0557,-1570.6388,1348.3177,0.05583496,216.94507
1587,-1603.0281,-1573.8777,1307.9019,0.05480957,209.84325
1588,-1601.0898,-1576.5989,1243.7568,0.056127932,209.3405
1589,-1606.8708,-1579.6261,1201.8564,0.05432129,210.74336
1590,-1605.7137,-1582.2349,1142.9216,0.057177734,211.78621
1591,-1612.1324,-1585.2246,1109.0774,0.05444336,206.64279
1592,-1616.3722,-1588.3394,1085.4851,0.05263672,206.61009
1593,-1618.6458,-1591.37,1059.5996,0.0546875,204.67213
1594,-1615.6122,-1593.7942,1006.5311,0.05305176,200.81801
1595,-1620.7716,-1596.492,971.37823,0.0501709,204.17961
1596,-1627.1201,-1599.5548,958.6681,0.052441407,205.2393
1597,-1631.9858,-1602.7979,957.4607,0.050830077,211.18079
1598,-1627.812,-1605.2993,918.0283,0.05100098,205.35173
1599,-1628.0396,-1607.5734,872.7661,0.049560547,202.07999
1600,-1636.0421,-1610.4203,858.43176,0.049902346,206.80826
1601,-1636.7277,-1613.051,834.87555,0.05136719,205.16798
1602,-1639.9307,-1615.739,816.41437,0.050073244,204.19899
1603,-1642.0918,-1618.3743,797.27515,0.049804688,198.36494
1604,-1644.2196,-1620.9587,777.66595,0.050683595,200.51614
1605,-1646.4877,-1623.5116,758.5547,0.047851562,197.0024
1606,-1645.251,-1625.6855,725.2333,0.05012207,195.73328
1607,-1655.8145,-1628.6985,734.40753,0.04909668,194.7626
1608,-1657.3696,-1631.5656,734.9498,0.04724121,193.96065
1609,-1668.0387,-1635.2129,781.18097,0.047973633,193.92085
1610,-1664.7319,-1638.1648,781.4865,0.048461914,195.39389
1611,-1665.8333,-1640.9316,772.23676,0.046899416,188.70978
1612,-1669.6167,-1643.8002,769.068,0.046289064,188.85419
1613,-1674.1248,-1646.8326,774.92346,0.045898438,189.65656
1614,-1676.2367,-1649.7731,775.24493,0.046777345,192.39146
1615,-1675.5303,-1652.3488,757.4294,0.045385744,191.02745
1616,-1678.759,-1654.9897,744.4617,0.04921875,190.39102
1617,-1682.609,-1657.7517,738.6696,0.045751955,184.95645
1618,-1687.1066,-1660.6873,742.3563,0.04433594,186.83223
1619,-1694.2234,-1664.0409,769.3412,0.04733887,183.60643
1620,-1693.0773,-1666.9446,768.28705,0.046069335,183.10884
1621,-1692.0269,-1669.4528,748.07916,0.046191406,179.08644
1622,-1693.0994,-1671.8174,723.5958,0.046069335,173.1125
1623,-1696.3525,-1674.2709,705.4139,0.044799805,180.4799
1624,-1699.7388,-1676.8176,693.24774,0.043969728,181.36984
1625,-1704.9141,-1679.6273,694.96985,0.044555664,177.29568
1626,-1707.6128,-1682.4259,695.95966,0.04321289,180.18655
1627,-1710.0381,-1685.1871,694.9826,0.0440918,172.41885
1628,-1715.6274,-1688.2312,708.87946,0.045410156,176.28387
1629,-1717.9938,-1691.2075,717.7144,0.04345703,173.33192
1630,-1717.4541,-1693.8322,707.94244,0.042626955,174.57208
1631,-1722.5448,-1696.7034,711.3456,0.041430663,173.53378
1632,-1721.4584,-1699.1788,695.3639,0.044262696,173.47137
1633,-1724.9546,-1701.7563,685.62256,0.042016603,171.696
1634,-1730.6052,-1704.6412,691.9635,0.040600587,172.03868
1635,-1732.4181,-1707.419,692.207,0.04375,171.83138
1636,-1728.8075,-1709.5579,664.15857,0.041625977,172.67082
1637,-1737.8936,-1712.3915,670.0047,0.041552734,170.06255
1638,-1735.3348,-1714.6858,650.38,0.042797852,169.8501
1639,-1742.5112,-1717.4684,655.02496,0.04116211,168.9734
1640,-1745.0664,-1720.2281,658.07104,0.041601565,166.03824
1641,-1747.9276,-1722.998,661.3173,0.041064452,167.13646
1642,-1741.0093,-1724.7992,624.38196,0.04436035,169.15509
1643,-1742.9564,-1726.6149,591.6154,0.042919923,170.6684
1644,-1738.6598,-1727.8193,545.51105,0.04145508,164.0112
1645,-1747.9817,-1729.8356,527.54675,0.040625002,161.97481
1646,-1744.9073,-1731.3428,495.2363,0.043115236,161.81583
1647,-1746.1326,-1732.8218,465.39908,0.041870117,162.05705
1648,-1746.5593,-1734.1956,435.844,0.039575197,159.58794
1649,-1748.7576,-1735.6517,411.3443,0.03977051,157.85854
1650,-1754.4756,-1737.5342,402.10022,0.040356446,158.7423
1651,-1757.2863,-1739.5094,397.0032,0.042822268,159.84401
1652,-1760.0044,-1741.5588,395.1069,0.038330078,158.35352
1653,-1758.8531,-1743.2883,382.5146,0.04067383,157.6363
1654,-1760.9445,-1745.054,372.3196,0.04038086,161.9373
1655,-1759.9315,-1746.5417,355.0084,0.03952637,160.1392
1656,-1764.7869,-1748.3662,349.46713,0.03942871,159.97209
1657,-1766.9592,-1750.2255,345.63345,0.038427737,159.2771
1658,-1766.394,-1751.8423,334.59818,0.037841797,157.48267
1659,-1770.4031,-1753.6984,332.14362,0.039868165,155.24338
1660,-1772.5781,-1755.5863,331.00934,0.04013672,152.21509
1661,-1769.6492,-1756.9926,315.70718,0.038061526,150.35
1662,-1772.7687,-1758.5702,306.5362,0.03742676,150.39606
1663,-1780.0,-1760.7131,317.21387,0.03916016,155.53893
1664,-1775.0116,-1762.143,303.8926,0.038598634,154.439
1665,-1774.008,-1763.3295,286.1736,0.038623046,151.6196
1666,-1779.0671,-1764.9032,279.84692,0.037353516,149.68929
1667,-1774.8563,-1765.8986,260.77805,0.04018555,150.53102
1668,-1775.3037,-1766.8391,242.66135,0.03894043,146.87581
1669,-1776.6552,-1767.8207,227.06712,0.039111327,149.81718
1670,-1778.3328,-1768.8718,214.30577,0.037866212,151.81567
1671,-1777.4567,-1769.7303,199.50815,0.0376709,150.80579
1672,-1786.49,-1771.4062,204.83704,0.0376709,151.0872
1673,-1781.17,-1772.3826,192.93318,0.04008789,148.36526
1674,-1778.2501,-1772.9694,176.7384,0.037475586,151.1084
1675,-1781.019,-1773.7743,164.89632,0.039233398,148.36824
1676,-1782.515,-1774.6483,155.28271,0.039331056,148.38464
1677,-1787.6638,-1775.9498,155.00075,0.03857422,150.45442
1678,-1790.5938,-1777.4142,158.80067,0.038891602,148.1752
1679,-1791.0933,-1778.7821,159.76115,0.038964845,148.40562
1680,-1793.1597,-1780.2198,162.38933,0.04020996,146.65404
1681,-1793.2183,-1781.5197,161.35667,0.03828125,145.0695
1682,-1795.0549,-1782.8732,161.70934,0.039941408,147.61665
1683,-1799.4678,-1784.5326,170.32268,0.038134765,147.29733
1684,-1801.5059,-1786.23,179.21866,0.04008789,148.50229
1685,-1793.1558,-1786.9226,165.61377,0.040356446,146.03513
1686,-1796.0706,-1787.8374,156.58405,0.040405273,144.6417
1687,-1796.3179,-1788.6854,147.39828,0.040112305,144.90839
1688,-1800.2859,-1789.8455,144.76982,0.039355468,148.00824
1689,-1798.1837,-1790.6793,136.55022,0.038989257,144.41702
1690,-1792.8325,-1790.8947,123.312454,0.038354494,146.82634
1691,-1796.0215,-1791.4073,113.3468,0.03942871,143.8212
1692,-1798.4355,-1792.1101,106.457726,0.04033203,145.25914
1693,-1803.9812,-1793.2972,108.49501,0.041479494,146.98412
1694,-1809.6274,-1794.9303,121.64629,0.037890624,145.05824
1695,-1809.6368,-1796.401,128.94708,0.04008789,141.651
1696,-1811.6736,-1797.9282,137.04503,0.040649414,144.51178
1697,-1808.3853,-1798.9739,133.18198,0.03967285,143.96031
1698,-1809.2205,-1799.9985,129.3131,0.04013672,147.24753
1699,-1804.5356,-1800.4523,118.23446,0.038330078,146.2934
1700,-1804.5522,-1800.8623,107.92389,0.037475586,142.55356
1701,-1806.3225,-1801.4083,99.81474,0.039233398,140.8535
1702,-1812.55,-1802.5225,101.00569,0.03869629,138.95589
1703,-1812.0079,-1803.471,99.0028,0.03676758,139.84009
1704,-1814.5725,-1804.581,100.19454,0.038671877,135.30754
1705,-1814.6255,-1805.5854,99.25524,0.0376709,135.0191
1706,-1809.4785,-1805.9747,90.69375,0.039111327,135.46687
1707,-1805.9951,-1805.9768,81.624405,0.039257813,137.29532
1708,-1806.5841,-1806.0376,73.495155,0.03676758,137.25046
1709,-1810.1068,-1806.4446,67.6359,0.038623046,137.77083
1710,-1808.6481,-1806.6649,61.30929,0.039355468,137.55545
1711,-1814.4429,-1807.4427,60.62305,0.038305666,137.96523
1712,-1805.6595,-1807.2644,54.846928,0.03762207,138.7424
1713,-1809.7689,-1807.5149,49.92677,0.038134765,140.29462
1714,-1813.3191,-1808.0953,47.966076,0.03828125,139.61983
1715,-1814.5037,-1808.7362,46.865463,0.037597656,141.81615
1716,-1813.2207,-1809.1847,43.98888,0.03845215,137.95076
1717,-1819.98,-1810.2642,50.078434,0.037963867,138.60786
1718,-1820.8156,-1811.3193,55.090458,0.038354494,141.19896
1719,-1821.6504,-1812.3524,59.187172,0.039086916,139.85896
1720,-1822.4801,-1813.3652,62.499756,0.039233398,135.23972
1721,-1821.8865,-1814.2174,62.784817,0.039355468,133.23587
1722,-1821.0487,-1814.9005,60.706333,0.037695315,135.39888
1723,-1824.3328,-1815.8438,62.642765,0.040112305,134.80319
1724,-1828.2537,-1817.0847,70.23902,0.039331056,138.60587
1725,-1827.3513,-1818.1113,72.7014,0.03691406,137.12
1726,-1825.5242,-1818.8527,70.376785,0.03742676,136.16006
1727,-1821.5208,-1819.1195,63.979786,0.037402343,135.70654
1728,-1820.2334,-1819.231,57.69347,0.03828125,136.71521
1729,-1819.7861,-1819.2865,51.951862,0.038769532,132.29727
1730,-1820.4727,-1819.4052,46.8833,0.038500976,137.75024
1731,-1816.4541,-1819.1101,42.978752,0.038085938,136.47398
1732,-1821.4884,-1819.3479,39.18994,0.039624024,133.29047
1733,-1824.009,-1819.814,37.2263,0.0357666,132.39153
1734,-1824.4302,-1820.2756,35.421513,0.0376709,131.80766
1735,-1824.3164,-1820.6797,33.348866,0.038134765,132.97731
1736,-1825.5308,-1821.1648,32.13194,0.03676758,134.79446
1737,-1825.7131,-1821.6196,30.780611,0.03779297,130.50894
1738,-1833.5107,-1822.8087,40.428425,0.037060548,131.47455
1739,-1830.5311,-1823.5809,41.752792,0.03713379,130.40297
1740,-1832.3147,-1824.4543,44.44259,0.035839844,132.05585
1741,-1832.4958,-1825.2585,45.81825,0.03654785,130.65652
1742,-1831.4995,-1825.8827,44.741894,0.036132812,130.33064
1743,-1830.154,-1826.3098,41.909714,0.036694337,129.37843
1744,-1828.0369,-1826.4825,37.987186,0.036938477,130.58864
1745,-1833.2383,-1827.1581,38.296066,0.036694337,130.46483
1746,-1835.7964,-1828.022,41.18229,0.038989257,128.55374
1747,-1834.7628,-1828.696,41.15357,0.03640137,129.38747
1748,-1834.1702,-1829.2434,39.735153,0.03623047,127.72649
1749,-1833.8931,-1829.7084,37.70738,0.036865234,127.8594
1750,-1839.7332,-1830.7108,42.9813,0.0357666,127.331955
1751,-1841.229,-1831.7627,48.640076,0.03791504,128.88393
1752,-1839.7062,-1832.557,49.454967,0.037768554,126.64201
1753,-1840.4006,-1833.3413,50.046494,0.03918457,126.462166
1754,-1842.768,-1834.2839,53.039375,0.036157228,123.73455
1755,-1841.5706,-1835.0126,52.513973,0.037695315,126.76435
1756,-1846.294,-1836.1407,58.716812,0.037719727,128.02914
1757,-1847.3647,-1837.2632,64.18317,0.03725586,127.18321
1758,-1846.6648,-1838.2034,65.71997,0.039013673,124.37327
1759,-1846.8398,-1839.067,65.860954,0.038256835,126.80526
1760,-1849.4578,-1840.1061,68.99194,0.039135743,126.74675
1761,-1853.5698,-1841.4524,78.407265,0.036450196,129.68793
1762,-1850.8582,-1842.393,78.52869,0.039916992,126.841995
1763,-1850.3829,-1843.1919,76.42141,0.03815918,125.24812
1764,-1851.3398,-1844.0067,74.75429,0.039086916,126.09589
1765,-1850.981,-1844.7041,71.65646,0.038256835,123.60417
1766,-1848.9384,-1845.1276,66.104416,0.038012695,125.100685
1767,-1846.203,-1845.2351,59.59806,0.038378906,123.04529
1768,-1848.338,-1845.5454,54.504776,0.038769532,123.27632
1769,-1850.8306,-1846.074,51.568256,0.03864746,125.68915
1770,-1851.7667,-1846.6433,49.328094,0.04001465,127.93576
1771,-1852.0681,-1847.1858,47.04385,0.039624024,127.577156
1772,-1852.0701,-1847.6742,44.48652,0.04033203,126.034706
1773,-1850.3535,-1847.9421,40.683956,0.03918457,122.479546
1774,-1851.7512,-1848.323,37.92138,0.03972168,121.21066
1775,-1849.6958,-1848.4603,34.29885,0.040844727,122.88333
1776,-1851.1421,-1848.7285,31.516232,0.038916018,123.94413
1777,-1848.5095,-1848.7067,28.368923,0.037646484,122.47383
1778,-1850.4398,-1848.88,25.802374,0.03952637,120.22629
1779,-1847.9963,-1848.7916,23.292414,0.039331056,120.70807
1780,-1852.8789,-1849.2003,22.4667,0.039501954,119.623146
1781,-1852.683,-1849.5486,21.311636,0.037524413,122.336006
1782,-1857.9856,-1850.3923,25.586956,0.037573244,124.99471
1783,-1857.0278,-1851.0559,26.990946,0.039990235,124.37663
1784,-1857.9072,-1851.7411,28.5165,0.0390625,124.00672
1785,-1857.6151,-1852.3285,28.770224,0.037719727,126.26897
1786,-1860.7834,-1853.174,32.32697,0.039233398,123.39211
1787,-1860.2971,-1853.8862,33.66083,0.038012695,122.40638
1788,-1854.5203,-1853.9496,30.330927,0.04013672,122.304
1789,-1854.7766,-1854.0322,27.359392,0.03852539,121.39686
1790,-1853.6245,-1853.9915,24.638412,0.039086916,121.55412
1791,-1853.6096,-1853.9532,22.187693,0.04013672,123.46699
1792,-1854.4028,-1853.9982,19.987114,0.03977051,122.620735
1793,-1855.259,-1854.1243,18.131481,0.036596682,124.05305
1794,-1853.6401,-1854.0758,16.339426,0.038671877,122.63251
1795,-1852.6196,-1853.9302,14.896324,0.038793948,123.43306
1796,-1852.4742,-1853.7845,13.597468,0.038720705,125.94334
1797,-1855.2782,-1853.934,12.438511,0.03894043,122.413994
1798,-1856.8282,-1854.2234,11.94858,0.03972168,121.431496
1799,-1859.8984,-1854.7909,13.652278,0.038549807,121.704994
1800,-1858.626,-1855.1744,13.610757,0.037890624,120.27869
1801,-1858.9878,-1855.5558,13.558432,0.037988283,120.93686
1802,-1859.8673,-1855.9869,13.875619,0.038989257,123.47909
1803,-1863.2352,-1856.7118,17.216452,0.03857422,120.46872
1804,-1865.3094,-1857.5715,22.14758,0.03869629,121.20774
1805,-1863.3274,-1858.1471,22.914513,0.037866212,120.687096
1806,-1863.2705,-1858.6594,22.985504,0.039135743,119.744606
1807,-1860.4268,-1858.8362,20.968065,0.03864746,119.87134
1808,-1861.3977,-1859.0923,19.461784,0.03779297,119.956276
1809,-1859.757,-1859.1587,17.555367,0.03742676,119.08004
1810,-1857.7118,-1859.014,15.988247,0.03996582,117.649956
1811,-1858.7678,-1858.9894,14.394878,0.038720705,115.03199
1812,-1857.4578,-1858.8362,13.166516,0.03762207,118.16741
1813,-1862.1863,-1859.1711,12.859948,0.040527344,118.88544
1814,-1862.5667,-1859.5107,12.611606,0.039233398,117.84167
1815,-1862.9744,-1859.857,12.430147,0.038330078,117.946014
1816,-1865.801,-1860.4514,14.366901,0.038549807,118.0666
1817,-1866.9169,-1861.0979,16.6924,0.039794922,116.21094
1818,-1867.3577,-1861.7239,18.54978,0.03635254,114.17459
1819,-1864.3065,-1861.9822,17.295105,0.038012695,115.70225
1820,-1864.0013,-1862.1841,15.932528,0.03928223,118.954056
1821,-1868.3883,-1862.8044,17.803589,0.03754883,115.780594
1822,-1867.0989,-1863.2339,17.683023,0.037646484,113.55022
1823,-1869.3179,-1863.8423,19.24606,0.036572266,115.07785
1824,-1867.3756,-1864.1956,18.445047,0.037744142,117.00663
1825,-1869.4592,-1864.7219,19.094105,0.039501954,113.486275
1826,-1869.4011,-1865.1898,19.155235,0.03857422,115.08293
1827,-1872.4257,-1865.9135,21.951874,0.039990235,112.71403
1828,-1873.3684,-1866.6589,24.758558,0.037817385,115.32793
1829,-1871.822,-1867.1753,24.681873,0.038720705,118.33465
1830,-1874.8748,-1867.9452,27.549042,0.038916018,117.86021
1831,-1872.9006,-1868.4407,27.004215,0.03989258,115.337975
1832,-1872.6261,-1868.8593,25.880392,0.039257813,115.346924
1833,-1877.91,-1869.7643,30.66485,0.038842775,114.77566
1834,-1874.2649,-1870.2144,29.421358,0.03791504,114.29204
1835,-1877.3088,-1870.9238,31.009071,0.040478516,112.43918
1836,-1872.417,-1871.0731,28.108822,0.038305666,111.42055
1837,-1873.0671,-1871.2725,25.65579,0.038427737,112.987015
1838,-1874.9368,-1871.6389,24.298653,0.037817385,113.17493
1839,-1872.8328,-1871.7583,21.99706,0.037451174,111.267204
1840,-1871.9307,-1871.7755,19.800028,0.03779297,110.89556
1841,-1871.629,-1871.7609,17.821957,0.03581543,114.713646
1842,-1874.0543,-1871.9902,16.513157,0.03857422,115.38584
1843,-1879.8351,-1872.7747,20.400589,0.03737793,110.20132
1844,-1878.5359,-1873.3508,21.34779,0.039013673,114.38956
1845,-1879.0217,-1873.918,22.107327,0.03630371,114.92309
1846,-1879.6758,-1874.4938,22.88031,0.037329104,113.87443
1847,-1877.0399,-1874.7484,21.175735,0.0376709,113.85782
1848,-1879.9702,-1875.2706,21.51221,0.038378906,111.79493
1849,-1877.6572,-1875.5093,19.873615,0.035888672,110.20153
1850,-1879.9741,-1875.9558,19.680387,0.038720705,108.66466
1851,-1876.4956,-1876.0098,17.738573,0.036157228,110.53792
1852,-1879.4153,-1876.3503,17.008495,0.035351563,110.73998
1853,-1878.6426,-1876.5796,15.780537,0.038134765,112.68738
1854,-1880.2516,-1876.9468,15.416003,0.03581543,113.606995
1855,-1879.6332,-1877.2155,14.52391,0.03676758,111.40567
1856,-1883.4746,-1877.8413,16.59745,0.037890624,111.0832
1857,-1879.8462,-1878.0417,15.299464,0.037817385,109.95714
1858,-1881.4319,-1878.3807,14.803889,0.039453126,113.14203
1859,-1878.0812,-1878.3508,13.331576,0.03640137,113.38598
1860,-1880.8826,-1878.604,12.575292,0.038378906,113.4454
1861,-1877.728,-1878.5164,11.386823,0.038891602,115.209145
1862,-1882.7874,-1878.9435,11.889867,0.038769532,112.21259
1863,-1875.3196,-1878.581,11.882819,0.03754883,110.93267
1864,-1880.987,-1878.8217,11.215534,0.0390625,109.47622
1865,-1879.6553,-1878.905,10.156524,0.036450196,106.85044
1866,-1880.6581,-1879.0803,9.417458,0.038134765,110.82713
1867,-1881.6545,-1879.3378,9.072106,0.038720705,107.16754
1868,-1881.8297,-1879.5869,8.723776,0.037744142,110.57705
1869,-1880.2766,-1879.6559,7.8942094,0.03779297,108.02143
1870,-1880.0281,-1879.6931,7.1172557,0.037768554,109.46625
1871,-1886.9678,-1880.4205,11.168388,0.039453126,113.02447
1872,-1888.366,-1881.2151,15.733242,0.03977051,112.43769
1873,-1892.6016,-1882.3538,25.828579,0.04018555,112.9671
1874,-1890.6642,-1883.1848,29.461403,0.03996582,112.08362
1875,-1885.5541,-1883.4218,27.020468,0.041137695,112.41131
1876,-1883.9514,-1883.4747,24.34367,0.039233398,109.59104
1877,-1881.2106,-1883.2483,22.37068,0.03977051,108.90098
1878,-1886.3538,-1883.5588,21.001566,0.040063478,107.55863
1879,-1883.2288,-1883.5259,18.911215,0.037988283,108.575035
1880,-1885.4434,-1883.7177,17.351,0.03903809,110.23296
1881,-1886.9453,-1884.0404,16.553501,0.038183596,110.49862
1882,-1886.2217,-1884.2585,15.326366,0.03894043,111.45725
1883,-1889.8185,-1884.8146,16.57589,0.039697267,110.22292
1884,-1886.4598,-1884.9791,15.161921,0.039355468,110.38143
1885,-1886.6309,-1885.1443,13.891269,0.03989258,108.38119
1886,-1891.4674,-1885.7766,16.100508,0.040600587,108.02551
1887,-1889.6655,-1886.1655,15.851587,0.038769532,109.12758
1888,-1890.2712,-1886.576,15.783547,0.03762207,110.99197
1889,-1888.5669,-1886.7751,14.561904,0.039208986,109.25499
1890,-1891.9152,-1887.2892,15.48349,0.038232423,109.81094
1891,-1888.7595,-1887.4363,14.129711,0.038964845,107.7924
1892,-1893.1487,-1888.0076,15.653578,0.039111327,112.097305
1893,-1890.5715,-1888.2639,14.6798725,0.038427737,109.63776
1894,-1889.2786,-1888.3654,13.304541,0.03930664,111.92293
1895,-1892.1758,-1888.7463,13.280827,0.03803711,111.320335
1896,-1891.2559,-1888.9973,12.519537,0.038989257,110.31072
1897,-1890.9463,-1889.1923,11.609448,0.04001465,106.75014
1898,-1889.291,-1889.2021,10.449382,0.03928223,110.27502
1899,-1891.9309,-1889.475,10.0745945,0.038793948,107.756645
1900,-1887.9492,-1889.3224,9.276649,0.040625002,106.71712
1901,-1889.7513,-1889.3652,8.365544,0.040356446,102.86663
1902,-1891.7224,-1889.601,8.029056,0.038964845,106.67349
1903,-1888.2355,-1889.4644,7.3939576,0.038354494,108.73573
1904,-1890.1764,-1889.5355,6.7001915,0.039575197,109.1613
1905,-1886.3091,-1889.2129,6.967065,0.037963867,110.51752
1906,-1886.4707,-1888.9387,6.9471216,0.041381836,108.422516
1907,-1889.6691,-1889.0117,6.3004155,0.038989257,107.66388
1908,-1890.7708,-1889.1876,5.9488516,0.040478516,105.59704
1909,-1894.7893,-1889.7478,8.178064,0.038305666,106.84059
1910,-1895.7883,-1890.3518,10.644175,0.039746094,106.572784
1911,-1897.2957,-1891.0461,13.919289,0.0394043,106.86197
1912,-1893.2108,-1891.2626,12.949082,0.04091797,105.70126
1913,-1892.8665,-1891.423,11.885694,0.03730469,106.498825
1914,-1891.8876,-1891.4695,10.716551,0.038183596,108.20526
1915,-1893.0723,-1891.6298,9.876098,0.037402343,108.96732
1916,-1893.4978,-1891.8165,9.20255,0.037573244,109.330154
1917,-1895.8711,-1892.2219,9.76185,0.03947754,106.60474
1918,-1894.1279,-1892.4125,9.112622,0.039941408,109.27579
1919,-1897.3375,-1892.905,10.384409,0.038598634,108.984116
1920,-1892.1127,-1892.8258,9.4024725,0.038354494,106.68653
1921,-1895.4633,-1893.0896,9.088279,0.03959961,103.707596
1922,-1893.5745,-1893.1381,8.200609,0.039697267,108.42404
1923,-1895.7988,-1893.4042,8.017719,0.037573244,106.321434
1924,-1892.1353,-1893.2773,7.360862,0.038208008,104.704
1925,-1899.5955,-1893.9092,10.217448,0.038745116,104.56118
1926,-1901.4658,-1894.6648,14.334957,0.04069824,108.06347
1927,-1899.9304,-1895.1914,15.396873,0.04030762,108.53635
1928,-1899.0525,-1895.5775,15.198903,0.0390625,108.3018
1929,-1899.5837,-1895.9781,15.123499,0.039868165,106.62569
1930,-1897.3467,-1896.115,13.779707,0.037817385,108.56436
1931,-1897.0187,-1896.2053,12.475234,0.040112305,106.02317
1932,-1899.5549,-1896.5403,12.2375,0.03852539,105.48478
1933,-1897.626,-1896.6488,11.119836,0.040234376,105.67307
1934,-1898.2991,-1896.8138,10.252957,0.03952637,103.82872
1935,-1903.6914,-1897.5016,13.48474,0.04248047,103.97427
1936,-1901.1377,-1897.8652,13.326181,0.03955078,102.23472
1937,-1899.4033,-1898.019,12.206476,0.04069824,103.95078
1938,-1898.3972,-1898.0569,10.998699,0.03942871,104.7158
1939,-1899.0581,-1898.157,9.989049,0.039233398,104.42634
1940,-1895.1664,-1897.8579,9.795076,0.04104004,104.13596
1941,-1893.6398,-1897.436,10.416912,0.041235354,104.58232
1942,-1892.9905,-1896.9915,11.153888,0.04001465,105.17073
1943,-1894.0121,-1896.6935,10.837397,0.039990235,103.26347
1944,-1896.5796,-1896.6821,9.754824,0.039135743,102.98332
1945,-1894.762,-1896.4901,9.111175,0.039013673,100.41628
1946,-1896.6349,-1896.5046,8.201943,0.039990235,106.397705
1947,-1893.3694,-1896.1912,8.266433,0.038354494,103.32243
1948,-1894.8445,-1896.0565,7.6030083,0.038891602,100.64885
1949,-1902.0808,-1896.6589,10.108995,0.039453126,104.29232
1950,-1906.4497,-1897.6381,17.725424,0.039941408,103.08693
1951,-1902.2334,-1898.0977,17.853422,0.040063478,104.84027
1952,-1902.4752,-1898.5354,17.792755,0.039135743,105.09541
1953,-1901.5602,-1898.8379,16.836916,0.041137695,106.75321
1954,-1899.0066,-1898.8547,15.155786,0.04157715,104.21443
1955,-1902.7405,-1899.2433,14.999117,0.03959961,106.277176
1956,-1902.3821,-1899.5571,14.385887,0.041259766,104.29069
1957,-1902.4263,-1899.844,13.688175,0.0404541,104.04049
1958,-1899.6941,-1899.829,12.32138,0.039697267,102.98188
1959,-1901.3026,-1899.9763,11.284685,0.038842775,101.22632
1960,-1903.7314,-1900.3518,11.425304,0.04001465,101.60785
1961,-1901.7019,-1900.4868,10.446823,0.039331056,104.00899
1962,-1899.5002,-1900.3882,9.48974,0.04001465,105.78246
1963,-1903.7046,-1900.7198,9.530636,0.039746094,106.079094
1964,-1903.6287,-1901.0107,9.33908,0.04025879,104.10146
1965,-1904.3124,-1901.341,9.386243,0.038989257,102.63578
1966,-1900.9509,-1901.302,8.4613085,0.037402343,103.52832
1967,-1904.4929,-1901.6211,8.531554,0.038378906,104.72364
1968,-1904.8901,-1901.948,8.640197,0.03803711,104.81517
1969,-1899.251,-1901.6783,8.43083,0.04013672,105.35632
1970,-1902.4136,-1901.7518,7.6363974,0.039941408,105.76415
1971,-1903.4172,-1901.9183,7.1223793,0.038842775,103.02813
1972,-1899.3579,-1901.6624,7.000161,0.0394043,105.66878
1973,-1897.6277,-1901.2589,7.765214,0.042041015,104.87812
1974,-1900.3042,-1901.1635,7.070725,0.040502932,100.83928
1975,-1899.9598,-1901.0431,6.494034,0.037963867,102.24821
1976,-1904.0071,-1901.3395,6.635301,0.039819337,101.09771
1977,-1903.6667,-1901.5723,6.4592276,0.04025879,101.57883
1978,-1903.0597,-1901.721,6.012424,0.04104004,99.61308
1979,-1904.2098,-1901.9698,5.9686937,0.04033203,101.52677
1980,-1902.4907,-1902.022,5.396242,0.04082031,100.4081
1981,-1904.9071,-1902.3105,5.6057763,0.036962893,101.80138
1982,-1902.0011,-1902.2795,5.053817,0.039208986,103.14264
1983,-1902.617,-1902.3132,4.5586805,0.040161133,104.30148
1984,-1906.3508,-1902.717,5.5700097,0.042016603,102.58393
1985,-1908.5311,-1903.2985,8.055333,0.037646484,104.78143
1986,-1910.8772,-1904.0564,12.41915,0.041088868,104.27316
1987,-1906.5078,-1904.3015,11.718084,0.03845215,102.262886
1988,-1906.8065,-1904.552,11.111031,0.040234376,103.06905
1989,-1905.7004,-1904.6669,10.118629,0.04057617,104.49866
1990,-1907.7772,-1904.9779,9.977451,0.039990235,103.266464
1991,-1907.6564,-1905.2457,9.625382,0.04169922,100.71996
1992,-1908.3787,-1905.5591,9.54622,0.040771484,100.80235
1993,-1909.8606,-1905.9893,10.256869,0.042089846,102.41776
1994,-1907.373,-1906.1277,9.403521,0.039941408,101.6968
1995,-1909.3826,-1906.4531,9.416652,0.039355468,104.574615
1996,-1909.8146,-1906.7893,9.491927,0.038916018,104.08771
1997,-1910.1285,-1907.1233,9.546278,0.042236328,104.717064
1998,-1908.1692,-1907.2279,8.690102,0.04140625,102.499054
1999,-1909.5396,-1907.4591,8.302025,0.04145508,102.96336
2000,-1908.0183,-1907.515,7.499966,0.042041015,103.11078
2001,-1910.6298,-1907.8265,7.6231174,0.04284668,101.529465
2002,-1907.7147,-1907.8153,6.861931,0.041552734,101.67948
2003,-1908.5428,-1907.8881,6.223376,0.04042969,102.15199
2004,-1907.4065,-1907.8398,5.6219096,0.04025879,101.379486
2005,-1909.8018,-1908.036,5.406138,0.04152832,100.726746
2006,-1909.7993,-1908.2124,5.145356,0.040625002,103.454094
2007,-1913.7772,-1908.7689,7.41787,0.042895507,103.70286
2008,-1910.5094,-1908.943,6.9487166,0.043823242,104.82958
2009,-1910.9158,-1909.1403,6.6041117,0.04338379,101.17848
2010,-1908.9475,-1909.121,5.947044,0.042919923,101.319466
2011,-1913.8157,-1909.5905,7.33596,0.042333987,103.48607
2012,-1909.8804,-1909.6194,6.6099286,0.041357424,103.35704
2013,-1911.82,-1909.8395,6.384758,0.041918945,101.75601
2014,-1916.3239,-1910.4879,9.530522,0.04206543,103.358826
2015,-1915.658,-1911.0049,10.983111,0.04008789,103.056755
2016,-1916.2085,-1911.5253,12.321783,0.040112305,103.868324
2017,-1914.5186,-1911.8246,11.895983,0.041772462,102.58353
2018,-1915.269,-1912.1691,11.77417,0.04067383,103.02898
2019,-1913.6365,-1912.3158,10.790548,0.04157715,99.59268
2020,-1918.0056,-1912.8848,12.625157,0.040161133,100.24705
2021,-1911.687,-1912.765,11.491756,0.04182129,96.332794
2022,-1917.3108,-1913.2196,12.202348,0.041503906,100.62226
2023,-1919.3807,-1913.8357,14.398473,0.041357424,97.84191
2024,-1917.8733,-1914.2395,14.425822,0.041015625,99.79351
2025,-1914.3568,-1914.2512,12.984478,0.041430663,101.84423
2026,-1918.3098,-1914.6571,13.168527,0.041650392,102.5879
2027,-1920.9149,-1915.2828,15.376094,0.04343262,102.49604
2028,-1917.4227,-1915.4968,14.2506075,0.041113283,99.86932
2029,-1916.4482,-1915.5919,12.907014,0.041967776,100.18902
2030,-1917.0739,-1915.7401,11.813964,0.038232423,100.48066
2031,-1912.9062,-1915.4568,11.355337,0.04133301,101.92354
2032,-1913.7273,-1915.2838,10.489006,0.042749025,99.85798
2033,-1914.8044,-1915.2358,9.460787,0.041601565,98.533066
2034,-1913.3313,-1915.0454,8.841164,0.04243164,101.76395
2035,-1914.9519,-1915.036,7.9578342,0.040356446,101.48147
2036,-1915.9015,-1915.1226,7.2294655,0.040966798,101.117294
2037,-1916.8517,-1915.2954,6.775608,0.041235354,102.10879
2038,-1916.0315,-1915.369,6.146811,0.040771484,102.78976
2039,-1914.2673,-1915.2588,5.6413636,0.041430663,100.76324
2040,-1915.6882,-1915.3018,5.093825,0.042138673,99.35668
2041,-1916.1332,-1915.3849,4.6466556,0.039868165,101.06658
2042,-1914.055,-1915.252,4.341151,0.04194336,103.36607
2043,-1914.153,-1915.1421,4.015738,0.042285156,101.10746
2044,-1911.2227,-1914.7501,4.996741,0.04008789,100.59266
2045,-1916.6582,-1914.9409,4.824736,0.041918945,102.75907
2046,-1913.4897,-1914.7958,4.531793,0.040966798,101.23701
2047,-1914.5784,-1914.774,4.0828676,0.04321289,102.95127
2048,-1914.4014,-1914.7368,3.687081,0.0407959,103.985176
2049,-1916.181,-1914.8812,3.5060909,0.041357424,100.005516
2050,-1918.3346,-1915.2266,4.2288,0.04133301,99.45426
2051,-1917.1497,-1915.4188,4.1387663,0.041235354,98.33513
2052,-1915.3109,-1915.4081,3.7259376,0.0404541,105.96539
2053,-1912.3276,-1915.1001,4.207366,0.039941408,101.628395
2054,-1915.1311,-1915.1031,3.786716,0.041137695,102.85401
2055,-1914.7065,-1915.0635,3.422201,0.0423584,102.55507
2056,-1916.4487,-1915.202,3.2526844,0.04133301,102.42325
2057,-1912.2908,-1914.9109,3.6902025,0.041357424,102.589195
2058,-1910.6257,-1914.4824,4.9738126,0.039697267,101.033104
2059,-1912.3811,-1914.2723,4.87383,0.042260744,102.98037
2060,-1916.8174,-1914.5269,4.9693995,0.04055176,100.81342
2061,-1912.2831,-1914.3025,4.9255667,0.041064452,101.46947
2062,-1918.0659,-1914.6788,5.707715,0.041088868,99.65107
2063,-1914.1344,-1914.6244,5.16362,0.042016603,101.01451
2064,-1915.7167,-1914.7336,4.7546353,0.039746094,101.50997
2065,-1913.8882,-1914.649,4.343504,0.04133301,100.21054
2066,-1915.0398,-1914.6881,3.922895,0.038989257,102.27999
2067,-1917.642,-1914.9835,4.3158803,0.038916018,99.61819
2068,-1919.0245,-1915.3876,5.353975,0.041113283,98.94008
2069,-1918.697,-1915.7185,5.8042974,0.040356446,99.47958
2070,-1920.3192,-1916.1786,7.128854,0.039746094,99.389565
2071,-1920.4039,-1916.6011,8.022785,0.041357424,98.693275
2072,-1918.7933,-1916.8203,7.6530466,0.041235354,100.73998
2073,-1918.4131,-1916.9796,7.116065,0.03852539,99.681984
2074,-1919.3977,-1917.2214,6.930703,0.04152832,99.17817
2075,-1920.384,-1917.5377,7.1378145,0.040405273,98.83592
2076,-1916.8157,-1917.4656,6.4709544,0.040966798,99.565
2077,-1918.334,-1917.5524,5.891731,0.04140625,102.324104
2078,-1919.2693,-1917.7241,5.5678606,0.039135743,99.703316
2079,-1919.9963,-1917.9513,5.4757414,0.039575197,97.86457
2080,-1913.8262,-1917.5388,6.459664,0.03881836,99.11797
2081,-1917.8867,-1917.5736,5.8245907,0.040502932,96.601494
2082,-1919.5819,-1917.7744,5.605126,0.041430663,97.47158
2083,-1919.5579,-1917.9528,5.330875,0.042578127,101.38524
2084,-1919.6912,-1918.1266,5.0697713,0.040966798,99.177605
2085,-1922.7043,-1918.5844,6.4488225,0.040844727,99.91996
2086,-1919.7451,-1918.7004,5.9252043,0.03984375,99.94974
2087,-1924.5787,-1919.2883,8.442575,0.04069824,100.352875
2088,-1922.3892,-1919.5984,8.46368,0.03815918,100.717064
2089,-1920.2816,-1919.6667,7.6593246,0.04248047,100.44297
2090,-1919.9802,-1919.6981,6.902236,0.041259766,100.698586
2091,-1916.8624,-1919.4146,6.9357166,0.040161133,99.75962
2092,-1919.7166,-1919.4447,6.2503533,0.04055176,100.455635
2093,-1918.4006,-1919.3403,5.723425,0.04082031,99.576836
2094,-1919.4818,-1919.3545,5.152884,0.038989257,99.00199
2095,-1917.7181,-1919.1909,4.878584,0.04055176,95.36795
2096,-1917.1262,-1918.9845,4.774393,0.04020996,100.74998
2097,-1915.0859,-1918.5946,5.6648426,0.041967776,100.82598
2098,-1917.866,-1918.5217,5.1461406,0.040112305,100.004364
2099,-1921.0125,-1918.7708,5.1898594,0.039868165,99.868904
2100,-1921.7458,-1919.0682,5.4674816,0.039794922,98.206
2101,-1924.196,-1919.581,7.2872305,0.041772462,97.24232
2102,-1925.4482,-1920.1677,9.656657,0.04067383,96.42048
2103,-1923.62,-1920.513,9.763627,0.04140625,96.48203
2104,-1925.1287,-1920.9745,10.704704,0.03989258,95.61031
2105,-1923.6587,-1921.2429,10.28268,0.040161133,94.485115
2106,-1923.6892,-1921.4875,9.793001,0.0407959,95.04783
2107,-1925.0625,-1921.8451,9.963925,0.040747073,95.17697
2108,-1922.8927,-1921.9498,9.066306,0.039379884,97.283264
2109,-1924.2798,-1922.1829,8.648258,0.0404541,95.28887
2110,-1924.9456,-1922.4591,8.470356,0.040747073,96.17257
2111,-1930.47,-1923.2603,13.398975,0.042285156,93.963554
2112,-1928.5623,-1923.7904,14.589088,0.040527344,94.61275
2113,-1929.0591,-1924.3173,15.628486,0.040039062,98.778404
2114,-1923.03,-1924.1885,14.214764,0.041430663,101.34741
2115,-1923.3757,-1924.1072,12.852736,0.041259766,97.31251
2116,-1924.6647,-1924.163,11.595435,0.040600587,96.67656
2117,-1922.891,-1924.0358,10.581504,0.041918945,94.29101
2118,-1921.6561,-1923.7979,10.032994,0.04169922,93.98252
2119,-1922.0469,-1923.6228,9.305628,0.041552734,95.356346
2120,-1921.8616,-1923.4467,8.654239,0.041088868,95.62653
2121,-1921.2966,-1923.2317,8.204849,0.041381836,95.98941
2122,-1923.5295,-1923.2615,7.3923483,0.04133301,97.34965
2123,-1921.779,-1923.1133,6.850895,0.042626955,99.224045
2124,-1922.521,-1923.0541,6.197377,0.042749025,99.42103
2125,-1922.3003,-1922.9788,5.6287766,0.039819337,96.34704
2126,-1922.4922,-1922.93,5.087207,0.041674804,95.68472
2127,-1926.328,-1923.2699,5.6176314,0.040893555,96.239685
2128,-1925.6101,-1923.5039,5.548761,0.039746094,95.97492
2129,-1925.6606,-1923.7196,5.412522,0.040283203,97.66487
2130,-1927.2131,-1924.069,5.9696975,0.04067383,94.46477
2131,-1925.8088,-1924.2429,5.6451707,0.04001465,99.400986
2132,-1925.0665,-1924.3253,5.141703,0.04020996,96.78239
2133,-1924.846,-1924.3774,4.6519275,0.04272461,97.03717
2134,-1923.1355,-1924.2533,4.325553,0.04128418,99.70086
2135,-1926.6412,-1924.4921,4.406201,0.038989257,99.07486
2136,-1927.8293,-1924.8258,4.9679503,0.039111327,97.0375
2137,-1929.0562,-1925.2488,6.08178,0.039624024,94.40466
2138,-1926.4658,-1925.3705,5.606909,0.041748047,94.40024
2139,-1928.4038,-1925.6738,5.8743134,0.039355468,95.06191
2140,-1925.3025,-1925.6367,5.299292,0.04255371,95.58375
2141,-1928.144,-1925.8875,5.3351636,0.041430663,96.69475
2142,-1926.5115,-1925.9498,4.8366933,0.040942382,96.94644
2143,-1927.4167,-1926.0966,4.5466905,0.040942382,99.53686
2144,-1926.2537,-1926.1123,4.0942426,0.040966798,95.85278
2145,-1930.1252,-1926.5135,5.1341496,0.040869143,95.45847
2146,-1932.0958,-1927.0718,7.425297,0.041650392,94.40123
2147,-1928.8977,-1927.2544,6.982828,0.041113283,95.27411
2148,-1929.4528,-1927.4742,6.7194977,0.04055176,95.94772
2149,-1927.87,-1927.5138,6.0616436,0.041381836,97.95874
2150,-1927.9485,-1927.5573,5.472485,0.041918945,96.58183
2151,-1927.3596,-1927.5375,4.9287515,0.040283203,94.20424
2152,-1927.8177,-1927.5656,4.442946,0.04194336,92.025505
2153,-1928.6178,-1927.6708,4.098301,0.040893555,94.071655
2154,-1924.8707,-1927.3907,4.394095,0.04018555,91.724846
2155,-1928.3567,-1927.4873,4.0386596,0.041918945,92.14882
2156,-1929.0205,-1927.6406,3.8463576,0.0394043,92.78802
2157,-1930.0806,-1927.8846,3.99752,0.041625977,91.699196
2158,-1926.4553,-1927.7417,3.7816343,0.03972168,91.88976
2159,-1924.3839,-1927.4059,4.418197,0.03959961,95.23964
2160,-1924.2969,-1927.095,4.8463116,0.041113283,95.71369
2161,-1925.867,-1926.9722,4.4974046,0.041772462,97.369736
2162,-1921.7921,-1926.4541,6.4626303,0.0404541,95.19185
2163,-1926.1033,-1926.4191,5.8274446,0.042211916,96.04841
2164,-1926.9639,-1926.4735,5.271413,0.041748047,95.55512
2165,-1924.33,-1926.2592,5.157806,0.041674804,96.70174
2166,-1928.0793,-1926.4412,4.9402037,0.043041993,97.828606
2167,-1923.5176,-1926.1488,5.215444,0.040869143,95.646416
2168,-1922.4575,-1925.7797,5.920202,0.041064452,94.38659
2169,-1924.7926,-1925.6809,5.4158673,0.042749025,95.793205
2170,-1925.8447,-1925.6973,4.8766956,0.04001465,96.036385
2171,-1926.5166,-1925.7792,4.449444,0.04294434,97.18481
2172,-1925.6167,-1925.763,4.006875,0.043823242,93.0558
2173,-1927.3733,-1925.924,3.8395782,0.04069824,97.24483
2174,-1927.4263,-1926.0742,3.6587472,0.04140625,94.5306
2175,-1927.5198,-1926.2188,3.4809394,0.042114258,96.20368
2176,-1928.5281,-1926.4497,3.6128144,0.04309082,95.461426
2177,-1930.2793,-1926.8326,4.571451,0.041870117,97.634155
2178,-1932.1255,-1927.3619,6.6355863,0.04338379,96.104195
2179,-1927.138,-1927.3396,5.9765434,0.042529296,94.65613
2180,-1928.9019,-1927.4958,5.598547,0.0435791,94.69434
2181,-1930.6189,-1927.8081,5.9165,0.043652344,97.52276
2182,-1934.3921,-1928.4666,9.226246,0.041967776,97.704926
2183,-1931.2004,-1928.74,8.976294,0.043603517,94.32498
2184,-1931.2051,-1928.9865,8.625564,0.043603517,93.50595
2185,-1931.0948,-1929.1973,8.163088,0.041381836,95.28137
2186,-1928.7328,-1929.1509,7.3661957,0.042236328,92.52716
2187,-1932.2534,-1929.4612,7.4958935,0.042529296,96.29551
2188,-1930.2959,-1929.5447,6.809012,0.04296875,97.83091
2189,-1930.9218,-1929.6824,6.298781,0.04128418,94.887764
2190,-1930.0403,-1929.7181,5.6804314,0.042016603,95.23972
2191,-1931.3689,-1929.8832,5.3576384,0.04367676,97.14395
2192,-1932.1101,-1930.1058,5.2682033,0.044848632,97.091095
2193,-1933.5057,-1930.4458,5.781723,0.045678712,95.71253
2194,-1933.8247,-1930.7837,6.231081,0.04296875,93.45748
2195,-1930.9224,-1930.7976,5.6097035,0.042285156,95.50307
2196,-1930.7335,-1930.7913,5.049103,0.041601565,96.24414
2197,-1930.6846,-1930.7806,4.5452166,0.042529296,94.474495
2198,-1927.2146,-1930.4241,5.2351923,0.042529296,92.6431
2199,-1929.269,-1930.3086,4.8317413,0.041967776,92.01388
2200,-1930.2299,-1930.3008,4.349125,0.0423584,94.29331
2201,-1926.5927,-1929.9299,5.151733,0.04230957,93.96355
2202,-1930.0548,-1929.9424,4.637963,0.042797852,94.247536
2203,-1931.7058,-1930.1188,4.4540377,0.041992188,93.29446
2204,-1934.762,-1930.5831,5.9489617,0.041748047,95.173035
2205,-1932.9696,-1930.8218,5.866639,0.042089846,93.55818
2206,-1933.2491,-1931.0645,5.8102655,0.043530274,95.16699
2207,-1933.4639,-1931.3044,5.747386,0.04345703,95.73416
2208,-1932.2996,-1931.4039,5.2617702,0.044775393,95.08171
2209,-1932.1011,-1931.4736,4.779334,0.043164063,97.511246
2210,-1932.0078,-1931.5271,4.327082,0.041992188,98.098045
2211,-1931.0958,-1931.484,3.9111137,0.043823242,96.031845
2212,-1931.1453,-1931.4502,3.5303297,0.043164063,98.3073
2213,-1928.5801,-1931.1632,3.918678,0.04230957,95.9782
2214,-1929.468,-1930.9937,3.7854404,0.042675782,93.634964
2215,-1932.1865,-1931.1129,3.534961,0.043115236,93.0423
2216,-1930.476,-1931.0492,3.2179797,0.041601565,93.22326
2217,-1929.6827,-1930.9126,3.0642295,0.040600587,95.57255
2218,-1932.351,-1931.0564,2.944004,0.041503906,95.03112
2219,-1931.6093,-1931.1117,2.677112,0.042773437,94.3166
2220,-1933.3494,-1931.3354,2.8600461,0.042993166,94.592354
2221,-1932.2915,-1931.431,2.656305,0.041186523,92.54416
2222,-1929.9497,-1931.283,2.5881631,0.041870117,93.5078
2223,-1932.2788,-1931.3826,2.4186013,0.044873048,95.232925
2224,-1929.5432,-1931.1986,2.4812317,0.04255371,96.55366
2225,-1932.6467,-1931.3434,2.421843,0.042285156,93.32729
2226,-1933.6433,-1931.5734,2.6557286,0.04255371,94.589745
2227,-1933.2417,-1931.7402,2.6406565,0.042163085,95.08371
2228,-1934.1349,-1931.9797,2.8926835,0.04194336,92.609764
2229,-1931.4807,-1931.9298,2.6258273,0.041845705,94.02275
2230,-1931.8007,-1931.9169,2.3647456,0.04243164,95.10775
2231,-1932.9331,-1932.0186,2.2212172,0.041015625,94.3876
2232,-1934.3845,-1932.2551,2.5028973,0.04069824,96.59998
2233,-1932.3175,-1932.2614,2.2529576,0.041723635,95.567474
2234,-1932.1171,-1932.247,2.0295355,0.041601565,95.87759
2235,-1933.7036,-1932.3926,2.0175505,0.042285156,96.49562
2236,-1934.4705,-1932.6003,2.2043784,0.044140626,96.129814
2237,-1931.793,-1932.5197,2.042607,0.04355469,96.14548
2238,-1930.5847,-1932.3262,2.1753044,0.043261718,96.505714
2239,-1932.2202,-1932.3156,1.9587843,0.042285156,95.71516
2240,-1934.5989,-1932.544,2.2321274,0.04194336,94.3541
2241,-1938.6473,-1933.1543,5.3615417,0.042114258,95.79168
2242,-1935.5245,-1933.3914,5.3310103,0.043896485,94.69238
2243,-1933.9939,-1933.4517,4.830584,0.043969728,95.30748
2244,-1935.5793,-1933.6644,4.7549596,0.042114258,96.989174
2245,-1930.2917,-1933.3271,5.303211,0.044970702,94.17509
2246,-1934.6394,-1933.4584,4.927871,0.042138673,95.74747
2247,-1934.5903,-1933.5715,4.5504036,0.04230957,95.89399
2248,-1931.79,-1933.3934,4.380998,0.044677734,95.3969
2249,-1933.9526,-1933.4493,3.9710422,0.04367676,96.761955
2250,-1933.3948,-1933.4438,3.5742059,0.04345703,94.34058
2251,-1934.9921,-1933.5986,3.4325132,0.04445801,95.17875
2252,-1930.3964,-1933.2784,4.01217,0.04345703,93.94254
2253,-1933.3499,-1933.2856,3.6114116,0.044677734,94.04588
2254,-1934.9764,-1933.4547,3.5075614,0.04272461,92.81247
2255,-1931.0353,-1933.2128,3.6836345,0.04379883,93.36723
2256,-1935.1556,-1933.4071,3.6549985,0.044799805,94.253845
2257,-1930.842,-1933.1506,3.881658,0.044653323,92.295616
2258,-1932.1736,-1933.053,3.5794086,0.044311523,93.56305
2259,-1931.8827,-1932.9359,3.3447294,0.044506837,92.839516
2260,-1931.2385,-1932.7661,3.2695575,0.042456057,92.80347
2261,-1933.8158,-1932.8711,3.041767,0.043359376,94.415016
2262,-1933.2964,-1932.9136,2.7538688,0.041845705,92.53116
2263,-1933.6836,-1932.9906,2.5318456,0.044189453,94.21298
2264,-1930.6285,-1932.7544,2.7808006,0.0421875,94.36874
2265,-1932.4868,-1932.7277,2.509164,0.04243164,94.34578
2266,-1934.3314,-1932.8881,2.4897318,0.042138673,93.23044
2267,-1934.2511,-1933.0244,2.4079669,0.043359376,92.5051
2268,-1935.7925,-1933.3013,2.8567674,0.04338379,95.23449
2269,-1934.3849,-1933.4097,2.6767712,0.042749025,94.64727
2270,-1935.3308,-1933.6018,2.741265,0.042651366,93.97047
2271,-1936.0652,-1933.8481,3.0132797,0.042749025,90.88819
2272,-1937.6685,-1934.2302,4.025482,0.043164063,91.2788
2273,-1938.3322,-1934.6404,5.1372576,0.040991213,91.64287
2274,-1936.6128,-1934.8376,4.9736686,0.042016603,92.22315
2275,-1937.0211,-1935.056,4.9053807,0.041967776,93.091095
2276,-1931.5887,-1934.7094,5.4968286,0.044384766,92.703064
2277,-1936.3287,-1934.8713,5.183162,0.04157715,93.186714
2278,-1933.1843,-1934.7026,4.9209867,0.04343262,93.37275
2279,-1937.2023,-1934.9526,4.991223,0.04321289,93.426704
2280,-1935.4745,-1935.0049,4.5166097,0.041625977,95.261246
2281,-1936.5632,-1935.1608,4.2835097,0.041870117,93.61217
2282,-1937.0665,-1935.3513,4.1820326,0.040771484,91.532845
2283,-1937.9471,-1935.6108,4.370277,0.041674804,92.88826
2284,-1939.5767,-1936.0074,5.348745,0.04194336,91.14979
2285,-1935.7568,-1935.9824,4.819523,0.042895507,90.765945
2286,-1937.3479,-1936.119,4.5053782,0.04133301,92.02961
2287,-1938.447,-1936.3518,4.542604,0.042138673,93.65606
2288,-1940.1838,-1936.735,5.409945,0.04333496,96.91656
2289,-1937.9014,-1936.8516,4.99139,0.04506836,94.23001
2290,-1935.9414,-1936.7605,4.566806,0.043530274,94.30902
2291,-1933.98,-1936.4824,4.80594,0.043945312,93.98757
2292,-1938.7986,-1936.714,4.808161,0.043481447,90.58385
2293,-1942.2429,-1937.2668,7.0785613,0.042407226,92.08896
2294,-1938.6616,-1937.4064,6.545791,0.04318848,92.020615
2295,-1936.1398,-1937.2797,6.0355973,0.04069824,93.14286
2296,-1938.3467,-1937.3864,5.534505,0.04248047,91.87886
2297,-1937.3687,-1937.3845,4.9810824,0.042456057,91.85476
2298,-1937.8945,-1937.4355,4.506384,0.043774415,92.128365
2299,-1936.4911,-1937.3411,4.1360254,0.04338379,91.86132
2300,-1936.7277,-1937.2798,3.7562864,0.046435546,91.78439
2301,-1937.7081,-1937.3226,3.3971708,0.042578127,88.503586
2302,-1935.6526,-1937.1556,3.3084679,0.04333496,89.689995
2303,-1937.3295,-1937.173,2.9803405,0.03947754,89.50265
2304,-1935.7808,-1937.0337,2.8567493,0.041674804,90.439705
2305,-1936.9888,-1937.0292,2.571256,0.04345703,90.80437
2306,-1938.7322,-1937.1995,2.57515,0.042236328,87.93065
2307,-1936.9224,-1937.1718,2.3245456,0.041870117,91.3849
2308,-1937.2944,-1937.1841,2.0934455,0.042749025,91.918755
2309,-1933.9065,-1936.8563,2.850933,0.042211916,89.63354
2310,-1936.7382,-1936.8445,2.5670962,0.042700198,91.48363
2311,-1939.032,-1937.0632,2.7410505,0.04296875,90.43501
2312,-1938.5701,-1937.2139,2.6712954,0.041552734,90.16159
2313,-1939.1215,-1937.4047,2.7316678,0.042578127,90.0203
2314,-1940.2324,-1937.6875,3.1781607,0.042993166,90.09415
2315,-1939.251,-1937.8439,3.0803456,0.042260744,89.83395
2316,-1942.6462,-1938.3241,4.8479576,0.043969728,88.78171
2317,-1941.7646,-1938.6682,5.4285274,0.044018555,91.741936
2318,-1941.741,-1938.9755,5.735438,0.04331055,89.50212
2319,-1939.7144,-1939.0493,5.2110305,0.041992188,92.6932
2320,-1941.2014,-1939.2645,5.1067653,0.042236328,90.841576
2321,-1937.4731,-1939.0854,4.884903,0.042675782,88.95422
2322,-1933.918,-1938.5687,6.7996693,0.042333987,91.10406
2323,-1936.001,-1938.312,6.7131023,0.043945312,89.99365
2324,-1935.8582,-1938.0667,6.5837193,0.04362793,90.95642
2325,-1938.3367,-1938.0936,5.931909,0.042138673,91.87637
2326,-1939.3379,-1938.218,5.478055,0.0439209,92.45667
2327,-1941.7471,-1938.5709,6.0511284,0.042529296,94.43825
2328,-1938.9309,-1938.6069,5.4576783,0.043408204,93.00301
2329,-1937.1608,-1938.4623,5.1001363,0.0435791,91.657234
2330,-1936.5742,-1938.2734,4.9109526,0.04404297,96.69271
2331,-1938.3358,-1938.2797,4.4202075,0.042773437,92.28223
2332,-1940.7402,-1938.5258,4.5230837,0.044897463,92.67642
2333,-1938.814,-1938.5546,4.078251,0.043969728,95.13662
2334,-1934.1382,-1938.1129,5.425824,0.04296875,92.134346
2335,-1935.0724,-1937.8088,5.715274,0.043896485,93.91171
2336,-1936.3965,-1937.6676,5.323273,0.04404297,93.0307
2337,-1934.9163,-1937.3925,5.4722357,0.04343262,92.4827
2338,-1940.5676,-1937.71,5.832366,0.04472656,91.67239
2339,-1937.4447,-1937.6835,5.2554617,0.04333496,91.25143
2340,-1939.6125,-1937.8763,5.0648355,0.043115236,92.025536
2341,-1938.105,-1937.8992,4.5630565,0.04387207,89.334724
2342,-1939.7317,-1938.0824,4.4089823,0.043725587,90.470375
2343,-1939.2937,-1938.2035,4.100137,0.04404297,93.42053
2344,-1933.9108,-1937.7742,5.348597,0.04511719,92.353485
2345,-1932.8098,-1937.2777,7.0317717,0.044506837,96.09952
2346,-1934.5889,-1937.0088,6.9792833,0.043359376,95.50303
2347,-1933.7251,-1936.6804,7.251792,0.04260254,95.154854
2348,-1937.9299,-1936.8054,6.6671276,0.043261718,96.96673
2349,-1938.5015,-1936.975,6.259306,0.04343262,92.32251
2350,-1939.1755,-1937.1951,6.0691977,0.04472656,91.63947
2351,-1939.988,-1937.4744,6.1643386,0.043701172,96.09173
2352,-1941.9567,-1937.9226,7.356096,0.04350586,98.27976
2353,-1940.1765,-1938.148,7.0776944,0.040527344,96.44245
2354,-1937.4554,-1938.0787,6.4130855,0.042749025,94.43098
2355,-1938.9739,-1938.1682,5.8438916,0.043115236,92.6224
2356,-1939.6929,-1938.3207,5.4687147,0.04399414,94.66281
2357,-1937.7583,-1938.2644,4.9503074,0.043725587,95.226585
2358,-1935.5776,-1937.9957,5.1049614,0.044750977,93.39438
2359,-1940.0701,-1938.2031,4.981725,0.04472656,93.192604
2360,-1939.8176,-1938.3646,4.718148,0.044531252,91.557045
2361,-1942.2754,-1938.7557,5.622802,0.0454834,91.88967
2362,-1943.267,-1939.2069,6.8921294,0.04482422,93.184494
2363,-1939.8518,-1939.2714,6.2403464,0.044409182,92.22874
2364,-1943.672,-1939.7114,7.359214,0.04284668,90.68401
2365,-1944.2894,-1940.1692,8.509522,0.043237306,90.638176
2366,-1943.2446,-1940.4767,8.50982,0.043823242,93.90046
2367,-1942.2053,-1940.6495,7.9277744,0.04345703,93.61277
2368,-1946.6555,-1941.2501,10.38146,0.041064452,94.90433
2369,-1943.4127,-1941.4664,9.764229,0.043847658,94.4836
2370,-1942.6609,-1941.5859,8.916211,0.043359376,92.73235
2371,-1941.7963,-1941.6069,8.028571,0.042895507,91.49648
2372,-1940.9324,-1941.5394,7.266667,0.04333496,88.43805
2373,-1941.5947,-1941.5449,6.540275,0.042919923,93.02172
2374,-1943.1747,-1941.7079,6.1252985,0.0435791,91.62907
2375,-1947.2024,-1942.2573,8.229834,0.04309082,91.16477
2376,-1944.0374,-1942.4353,7.6920156,0.041357424,91.32184
2377,-1945.2288,-1942.7146,7.62512,0.043481447,92.53532
2378,-1943.9788,-1942.8411,7.006437,0.041088868,90.801155
2379,-1945.7937,-1943.1364,7.090419,0.04387207,94.462265
2380,-1946.9146,-1943.5142,7.6661067,0.043115236,91.89521
2381,-1946.148,-1943.7776,7.5238113,0.04421387,91.9025
2382,-1947.1987,-1944.1198,7.8248096,0.044921875,90.11203
2383,-1944.7449,-1944.1823,7.0774984,0.04306641,89.771484
2384,-1946.501,-1944.4141,6.8536325,0.045532227,90.362724
2385,-1941.8033,-1944.153,6.7816954,0.042895507,90.85718
2386,-1946.5073,-1944.3884,6.6024013,0.044262696,93.02479
2387,-1943.8638,-1944.3359,5.966935,0.0440918,91.21426
2388,-1941.9136,-1944.0938,5.8983474,0.044384766,93.95213
2389,-1945.3247,-1944.2168,5.4448853,0.045581054,95.07024
2390,-1943.5988,-1944.155,4.9347744,0.045922853,92.77394
2391,-1942.2909,-1943.9686,4.754047,0.04375,94.22019
2392,-1941.5596,-1943.7278,4.8009624,0.046362307,93.59252
2393,-1943.437,-1943.6987,4.3284755,0.04140625,92.175514
2394,-1943.3162,-1943.6605,3.9088004,0.045996096,91.65442
2395,-1941.7109,-1943.4656,3.8599994,0.04338379,89.63249
2396,-1946.2346,-1943.7424,4.1640835,0.044531252,87.766975
2397,-1944.5035,-1943.8186,3.7998106,0.042138673,87.99026
2398,-1945.7178,-1944.0085,3.7444456,0.042700198,90.527054
2399,-1940.9941,-1943.7072,4.187798,0.041918945,89.88758
2400,-1943.4393,-1943.6804,3.7754738,0.042895507,91.12372
2401,-1941.8397,-1943.4963,3.7028615,0.042822268,90.15418
2402,-1945.5444,-1943.7012,3.710098,0.0435791,91.72431
2403,-1948.6525,-1944.1963,5.545466,0.0439209,91.18078
2404,-1945.3663,-1944.3132,5.1141295,0.043261718,91.85396
2405,-1944.8708,-1944.369,4.6307006,0.043261718,92.31419
2406,-1941.4573,-1944.0779,4.930673,0.043139648,92.69379
2407,-1944.7605,-1944.1461,4.4795427,0.045166016,91.775246
2408,-1941.7457,-1943.9061,4.550157,0.043408204,91.00956
2409,-1942.3805,-1943.7535,4.3046217,0.04345703,88.40999
2410,-1939.0198,-1943.2802,5.890927,0.04206543,91.48025
2411,-1943.2682,-1943.2789,5.301847,0.043701172,89.56011
2412,-1939.3716,-1942.8882,6.145726,0.043017577,91.50423
2413,-1942.5526,-1942.8546,5.5412884,0.041479494,94.70743
2414,-1942.8909,-1942.8583,4.987278,0.04243164,91.88358
2415,-1942.9609,-1942.8685,4.4894986,0.04025879,89.40842
2416,-1944.4497,-1943.0266,4.265559,0.042504884,90.95848
2417,-1946.1396,-1943.3379,4.711193,0.043823242,91.10838
2418,-1941.5015,-1943.1543,4.543595,0.042822268,92.65452
2419,-1942.001,-1943.039,4.2089486,0.044140626,93.01101
2420,-1943.7761,-1943.1127,3.836963,0.043041993,89.48763
2421,-1943.8611,-1943.1875,3.5036776,0.043481447,94.36066
2422,-1943.0332,-1943.1721,3.1554525,0.041674804,91.673134
2423,-1942.9015,-1943.145,2.8464987,0.043969728,90.58296
2424,-1940.9613,-1942.9266,2.991024,0.042504884,90.04216
2425,-1943.3716,-1942.9712,2.7097394,0.042749025,92.22354
2426,-1941.7198,-1942.8461,2.5796928,0.0435791,90.67429
2427,-1941.0177,-1942.6632,2.6225874,0.043774415,91.04088
2428,-1942.2124,-1942.6182,2.378619,0.044262696,90.531075
2429,-1945.3939,-1942.8958,2.8341916,0.043774415,90.535286
2430,-1946.2654,-1943.2327,3.5726683,0.044799805,90.77385
2431,-1943.8416,-1943.2936,3.2487683,0.04494629,89.528854
2432,-1942.3665,-1943.2009,3.0012517,0.04375,89.572205
2433,-1945.4434,-1943.4252,3.1536915,0.04306641,89.39484
2434,-1943.802,-1943.4629,2.8511026,0.041430663,88.598785
2435,-1941.5098,-1943.2676,2.909315,0.045947265,89.367035
2436,-1942.3704,-1943.1779,2.6908333,0.0435791,88.81933
2437,-1940.4857,-1942.9087,3.074035,0.042211916,87.71987
2438,-1947.1609,-1943.3339,4.3939376,0.043847658,86.184944
2439,-1946.9562,-1943.696,5.1354485,0.043823242,90.253654
2440,-1949.0085,-1944.2273,7.1619425,0.04306641,85.63044
2441,-1949.6005,-1944.7646,9.044133,0.045751955,87.723564
2442,-1945.5371,-1944.8419,8.193422,0.042114258,87.2486
2443,-1950.7391,-1945.4316,10.5040245,0.04404297,90.933876
2444,-1949.7498,-1945.8634,11.131772,0.04338379,93.649666
2445,-1948.0339,-1946.0804,10.442603,0.04350586,88.69038
2446,-1949.4342,-1946.4158,10.410636,0.044799805,86.57257
2447,-1951.0385,-1946.878,11.292798,0.043969728,87.90575
2448,-1952.9042,-1947.4807,13.431792,0.04448242,88.688545
2449,-1949.1147,-1947.6442,12.328918,0.044506837,91.942856
2450,-1948.4489,-1947.7246,11.154304,0.046118166,90.30165
2451,-1947.1523,-1947.6674,10.068347,0.045410156,88.88237
2452,-1945.6499,-1947.4656,9.427824,0.045288086,90.14591
2453,-1943.4331,-1947.0624,9.948516,0.046020508,89.39178
2454,-1945.7833,-1946.9344,9.100903,0.044018555,90.88849
2455,-1944.2015,-1946.6611,8.863004,0.042651366,92.12113
2456,-1945.448,-1946.5398,8.109157,0.041845705,92.81236
2457,-1946.1488,-1946.5007,7.3119993,0.043725587,91.93027
2458,-1948.2637,-1946.677,6.8605156,0.043969728,91.2495
2459,-1947.0842,-1946.7178,6.1893888,0.040869143,90.40635
2460,-1947.0365,-1946.7496,5.579592,0.043945312,88.57253
2461,-1943.5416,-1946.4288,5.947851,0.042382814,90.93961
2462,-1945.1885,-1946.3048,5.4915295,0.041748047,93.962395
2463,-1944.4924,-1946.1235,5.2380004,0.04284668,92.62299
2464,-1945.4036,-1946.0515,4.760853,0.04367676,89.79491
2465,-1944.2491,-1945.8713,4.577135,0.044311523,91.07271
2466,-1946.4807,-1945.9323,4.1528416,0.043725587,89.83951
2467,-1947.4917,-1946.0881,3.9564264,0.042993166,90.930374
2468,-1946.4161,-1946.121,3.5704665,0.043945312,88.908394
2469,-1945.2473,-1946.0336,3.2821147,0.042236328,92.44228
2470,-1944.6497,-1945.8951,3.126272,0.04343262,91.903885
2471,-1945.415,-1945.8472,2.8343894,0.044921875,91.45746
2472,-1948.6079,-1946.1233,3.2369032,0.04331055,91.38901
2473,-1945.3953,-1946.0505,2.9609149,0.041748047,90.88576
2474,-1947.413,-1946.1868,2.8318818,0.04367676,89.13621
2475,-1944.7737,-1946.0454,2.7284067,0.042993166,87.55467
2476,-1947.9124,-1946.232,2.7692587,0.042822268,89.58615
2477,-1946.1941,-1946.2283,2.4924626,0.043286134,89.146805
2478,-1947.9933,-1946.4048,2.5235913,0.043774415,91.54331
2479,-1948.4822,-1946.6125,2.6596324,0.04272461,92.767525
2480,-1947.8518,-1946.7365,2.5318875,0.04343262,92.592766
2481,-1952.6934,-1947.3322,5.4723277,0.043261718,89.48199
2482,-1946.5652,-1947.2555,4.9780364,0.044970702,89.22234
2483,-1947.3075,-1947.2607,4.480476,0.042651366,86.30025
2484,-1945.8757,-1947.1222,4.205071,0.042382814,86.71741
2485,-1947.9119,-1947.2012,3.8406863,0.042895507,88.50582
2486,-1948.5167,-1947.3328,3.6123784,0.04584961,88.56328
2487,-1947.6838,-1947.3679,3.2622333,0.044067383,90.156815
2488,-1948.6572,-1947.4968,3.0856178,0.042163085,87.33502
2489,-1949.4285,-1947.69,3.112867,0.043823242,85.888466
2490,-1947.9727,-1947.7183,2.8087738,0.04411621,86.77988
2491,-1949.604,-1947.9069,2.8479385,0.04309082,85.69589
2492,-1945.362,-1947.6523,3.1459851,0.042504884,87.436424
2493,-1948.5503,-1947.7422,2.9039547,0.041894533,88.297195
2494,-1947.8662,-1947.7546,2.6149437,0.044433594,87.09946
2495,-1949.6168,-1947.9409,2.6655445,0.045043945,88.17772
2496,-1949.5415,-1948.101,2.6295588,0.042749025,90.895584
2497,-1950.8126,-1948.3721,3.0283868,0.044262696,87.864685
2498,-1949.7043,-1948.5052,2.8852942,0.04343262,90.843185
2499,-1950.1173,-1948.6665,2.8306513,0.044921875,89.30975
2500,-1947.5308,-1948.553,2.6636782,0.042773437,89.05298
2501,-1951.6804,-1948.8657,3.2775903,0.04445801,91.48362
2502,-1948.0278,-1948.782,3.0130167,0.045556642,89.732834
2503,-1945.8894,-1948.4927,3.4647458,0.04399414,90.99175
2504,-1947.0613,-1948.3495,3.3026717,0.04367676,89.261154
2505,-1945.3455,-1948.0491,3.7845814,0.04318848,86.889404
2506,-1946.7407,-1947.9182,3.5601833,0.04375,88.63578
2507,-1948.6786,-1947.9943,3.2562003,0.04379883,91.461945
2508,-1946.3308,-1947.8279,3.179617,0.04309082,93.28641
2509,-1948.5986,-1947.9049,2.9151204,0.04472656,90.70754
2510,-1946.584,-1947.7728,2.7806437,0.04519043,89.91164
2511,-1948.1805,-1947.8136,2.5175402,0.042700198,91.54597
2512,-1946.17,-1947.6493,2.5089006,0.04506836,87.20701
2513,-1948.603,-1947.7446,2.3398757,0.04460449,88.091866
2514,-1949.085,-1947.8787,2.2675722,0.04650879,91.02809
2515,-1950.0615,-1948.0969,2.4696543,0.04294434,92.99422
2516,-1946.5325,-1947.9404,2.442965,0.044018555,92.64517
2517,-1947.5295,-1947.8993,2.2138631,0.045092773,90.493645
2518,-1949.2161,-1948.031,2.148527,0.043237306,92.10862
2519,-1951.8528,-1948.4132,3.2482126,0.044750977,91.075264
2520,-1949.3467,-1948.5066,3.0018146,0.04436035,89.39502
2521,-1952.2845,-1948.8844,3.9861977,0.04230957,88.26504
2522,-1951.136,-1949.1096,4.0438457,0.042919923,88.24886
2523,-1950.5396,-1949.2526,3.8234847,0.042578127,86.6514
2524,-1949.9805,-1949.3253,3.4888225,0.04338379,87.33499
2525,-1947.81,-1949.1738,3.346581,0.042919923,86.09805
2526,-1949.0085,-1949.1573,3.0143814,0.044262696,87.34633
2527,-1945.9629,-1948.8379,3.6313539,0.04597168,88.34635
2528,-1949.9565,-1948.9497,3.380843,0.044433594,87.02245
2529,-1951.5125,-1949.2059,3.6338477,0.044384766,86.54451
2530,-1950.833,-1949.3687,3.5087266,0.043286134,87.67549
2531,-1950.389,-1949.4707,3.2515607,0.043603517,88.53003
2532,-1950.6548,-1949.5891,3.052589,0.044531252,89.28279
2533,-1952.4602,-1949.8762,3.489216,0.04318848,88.13324
2534,-1950.3711,-1949.9257,3.1623354,0.04333496,87.38028
2535,-1953.0299,-1950.2361,3.7133737,0.04272461,86.901726
2536,-1949.276,-1950.1401,3.4249945,0.042016603,87.641464
2537,-1953.1543,-1950.4415,3.9001594,0.04343262,88.30099
2538,-1949.745,-1950.3718,3.5538075,0.04355469,85.97359
2539,-1951.9578,-1950.5304,3.4247947,0.041723635,88.51028
2540,-1950.9963,-1950.577,3.1018543,0.04321289,87.907616
2541,-1952.9377,-1950.8131,3.293238,0.043359376,88.424545
2542,-1952.434,-1950.9752,3.200358,0.04387207,86.803375
2543,-1952.4648,-1951.1241,3.0800302,0.04536133,85.237206
2544,-1951.6204,-1951.1738,2.7941878,0.044628907,84.00604
2545,-1951.5055,-1951.207,2.5246692,0.042871095,86.521255
2546,-1950.6631,-1951.1526,2.2988312,0.04318848,84.616356
2547,-1952.6289,-1951.3002,2.2651045,0.044653323,87.653046
2548,-1951.8483,-1951.355,2.065631,0.045581054,85.04623
2549,-1951.3707,-1951.3566,1.8590901,0.04436035,87.55901
2550,-1948.9521,-1951.1161,2.1934917,0.044970702,86.9203
2551,-1949.727,-1950.9772,2.147791,0.045019533,87.04454
2552,-1952.3192,-1951.1113,2.0951083,0.04355469,87.74594
2553,-1950.4907,-1951.0493,1.920261,0.04343262,90.78685
2554,-1957.3552,-1951.6799,5.307038,0.042773437,89.26519
2555,-1950.8982,-1951.6018,4.831334,0.043847658,88.97089
2556,-1953.4956,-1951.7911,4.6709833,0.044531252,88.607155
2557,-1953.3512,-1951.9471,4.422925,0.045166016,87.92516
2558,-1952.1832,-1951.9707,3.9856489,0.04650879,87.51739
2559,-1952.7024,-1952.0438,3.6352673,0.043359376,89.27367
2560,-1951.4006,-1951.9795,3.3089728,0.04379883,87.62201
2561,-1949.7231,-1951.7539,3.4362748,0.04331055,87.43016
2562,-1950.6799,-1951.6465,3.1964552,0.04345703,88.41792
2563,-1951.9537,-1951.6772,2.8853061,0.044433594,86.11117
2564,-1952.946,-1951.8041,2.741662,0.043725587,88.96785
2565,-1950.5447,-1951.6781,2.6102436,0.043847658,87.85892
2566,-1955.5492,-1952.0652,3.6979022,0.0439209,88.27596
2567,-1949.0228,-1951.761,4.1611466,0.043725587,88.01037
2568,-1954.224,-1952.0073,4.291011,0.04206543,88.61948
2569,-1952.3826,-1952.0448,3.8745825,0.0435791,89.47489
2570,-1953.9329,-1952.2336,3.8079538,0.043603517,86.52153
2571,-1950.297,-1952.04,3.764712,0.046289064,87.2896
2572,-1954.239,-1952.2599,3.8234348,0.044189453,86.97623
2573,-1953.7844,-1952.4124,3.65027,0.04511719,85.306366
2574,-1951.782,-1952.3494,3.321006,0.041992188,86.47644
2575,-1954.0211,-1952.5166,3.2404335,0.044189453,90.29049
2576,-1953.6102,-1952.626,3.024032,0.044628907,87.83011
2577,-1951.0991,-1952.4733,2.9314446,0.043530274,84.93354
2578,-1954.7224,-1952.6982,3.093579,0.045092773,85.21905
2579,-1953.2427,-1952.7527,2.8108978,0.047045898,86.25229
2580,-1956.0728,-1953.0847,3.521865,0.044873048,85.54513
2581,-1950.8506,-1952.8613,3.6188989,0.045458984,87.06015
2582,-1951.9952,-1952.7747,3.324519,0.04416504,87.651764
2583,-1950.0166,-1952.4989,3.6766858,0.04194336,86.31249
2584,-1951.3026,-1952.3793,3.4378169,0.044873048,84.8095
2585,-1950.4512,-1952.1865,3.4286165,0.046191406,87.28735
2586,-1954.2606,-1952.3939,3.4729238,0.04343262,84.6604
2587,-1954.1263,-1952.5671,3.395747,0.04318848,85.77185
2588,-1953.5607,-1952.6665,3.1450114,0.044311523,82.65179
2589,-1948.8303,-1952.2828,4.1549764,0.04362793,82.88775
2590,-1951.1484,-1952.1694,3.8552964,0.04345703,85.03786
2591,-1954.8689,-1952.4393,4.1256056,0.0439209,84.66744
2592,-1954.4259,-1952.638,4.0682273,0.043017577,87.20954
2593,-1955.0684,-1952.881,4.193029,0.04387207,90.60655
2594,-1956.198,-1953.2126,4.76396,0.04345703,88.53533
2595,-1957.338,-1953.6252,5.819242,0.04460449,87.440765
2596,-1959.4473,-1954.2074,8.287951,0.042504884,85.0432
2597,-1957.5767,-1954.5443,8.480829,0.042993166,86.757324
2598,-1955.9761,-1954.6875,7.8172407,0.04433594,85.427185
2599,-1950.834,-1954.3021,8.371979,0.044189453,86.06836
2600,-1954.7166,-1954.3435,7.550238,0.044653323,87.106995
2601,-1952.4261,-1954.1517,7.1260777,0.04375,85.940346
2602,-1950.3319,-1953.7698,7.7266645,0.04436035,85.39971
2603,-1951.8092,-1953.5737,7.2999434,0.045166016,85.45017
2604,-1952.6641,-1953.4828,6.6444235,0.0453125,86.89689
2605,-1955.4592,-1953.6804,6.3315496,0.045654297,88.63514
2606,-1952.971,-1953.6095,5.7436957,0.043286134,87.342354
2607,-1953.4259,-1953.5912,5.17236,0.04260254,88.09837
2608,-1954.9309,-1953.7251,4.8166604,0.04404297,89.5621
2609,-1954.2639,-1953.7789,4.3611236,0.043701172,88.582886
2610,-1954.9698,-1953.8981,4.0526567,0.04375,88.29666
2611,-1955.0662,-1954.0149,3.7701902,0.043603517,89.67508
2612,-1953.7645,-1953.9899,3.3988125,0.042871095,89.88988
2613,-1955.9521,-1954.186,3.4054801,0.045019533,89.91307
2614,-1950.831,-1953.8506,4.077963,0.04367676,88.63103
2615,-1951.2427,-1953.5898,4.2822742,0.046704102,93.10587
2616,-1951.8254,-1953.4135,4.1342278,0.042749025,89.92914
2617,-1948.2919,-1952.9012,6.081559,0.0453125,90.136795
2618,-1950.3938,-1952.6505,6.039259,0.045019533,88.40717
2619,-1948.6289,-1952.2483,6.8909316,0.045556642,86.1245
2620,-1951.4543,-1952.169,6.2585697,0.04399414,86.24815
2621,-1952.0184,-1952.1539,5.6347513,0.042260744,87.137276
2622,-1951.9269,-1952.1312,5.075916,0.043115236,84.33944
2623,-1952.2295,-1952.1411,4.5691934,0.042919923,86.3924
2624,-1954.5942,-1952.3865,4.653878,0.046166994,87.11058
2625,-1953.6599,-1952.5138,4.334438,0.04338379,84.45064
2626,-1953.4824,-1952.6106,3.9854355,0.044628907,88.65727
2627,-1953.155,-1952.665,3.6135685,0.04458008,86.260216
2628,-1955.6818,-1952.9667,4.0712676,0.044506837,88.79775
2629,-1954.0775,-1953.0778,3.7751975,0.045166016,86.46663
2630,-1953.572,-1953.1272,3.4196644,0.044995118,87.42587
2631,-1953.6503,-1953.1794,3.1023223,0.046533205,86.38473
2632,-1957.1826,-1953.5797,4.2343764,0.04433594,86.802246
2633,-1954.5078,-1953.6725,3.8884623,0.0453125,85.8425
2634,-1954.739,-1953.7792,3.6019895,0.04331055,88.083755
2635,-1952.6208,-1953.6633,3.362545,0.044555664,85.34557
2636,-1953.0227,-1953.5992,3.0632265,0.04362793,87.73356
2637,-1958.5254,-1954.0918,4.9409275,0.04458008,90.352005
2638,-1954.3999,-1954.1226,4.455378,0.04626465,86.53904
2639,-1958.41,-1954.5513,5.6642604,0.04543457,87.847565
2640,-1950.8998,-1954.1862,6.2978377,0.04296875,85.96764
2641,-1948.5095,-1953.6185,8.568231,0.042993166,85.854645
2642,-1953.166,-1953.5732,7.729837,0.04345703,89.66674
2643,-1954.1802,-1953.6339,6.990006,0.044409182,88.263435
2644,-1952.2356,-1953.4941,6.466981,0.045166016,86.95743
2645,-1954.413,-1953.586,5.896264,0.044409182,87.98734
2646,-1953.2004,-1953.5475,5.3200207,0.04294434,89.950714
2647,-1949.0608,-1953.0989,6.5997567,0.045898438,89.36109
2648,-1952.3181,-1953.0208,5.9946437,0.044995118,90.21435
2649,-1953.9662,-1953.1152,5.475625,0.042260744,90.80458
2650,-1952.5249,-1953.0562,4.959427,0.043261718,87.93026
2651,-1951.004,-1952.851,4.842493,0.04331055,84.19974
2652,-1954.1842,-1952.9843,4.5182242,0.044189453,83.808205
2653,-1956.4958,-1953.3354,5.1762195,0.044018555,83.73409
2654,-1956.1587,-1953.6178,5.37596,0.044067383,84.86852
2655,-1957.4653,-1954.0026,6.1706805,0.045703124,85.045815
2656,-1956.9502,-1954.2974,6.33558,0.044799805,85.733826
2657,-1958.0781,-1954.6754,6.988496,0.044873048,88.10222
2658,-1957.9033,-1954.9982,7.2273893,0.04523926,85.833244
2659,-1954.084,-1954.9067,6.5798664,0.044799805,89.30784
2660,-1956.1301,-1955.029,6.056581,0.043701172,86.71397
2661,-1952.0986,-1954.736,6.2237854,0.04411621,85.31949
2662,-1953.4873,-1954.6111,5.7417297,0.04482422,85.559494
2663,-1953.4719,-1954.4972,5.284348,0.04333496,84.50032
2664,-1959.6259,-1955.01,7.1231985,0.0454834,86.817894
2665,-1956.9675,-1955.2058,6.755748,0.045410156,86.405754
2666,-1957.2207,-1955.4073,6.4455543,0.044653323,84.48017
2667,-1959.1123,-1955.7778,7.0364013,0.043481447,86.68147
2668,-1957.4263,-1955.9426,6.577322,0.044018555,87.319244
2669,-1957.5942,-1956.1078,6.1650934,0.044848632,87.330284
2670,-1958.3634,-1956.3334,6.006486,0.044799805,85.54485
2671,-1953.6675,-1956.0668,6.0454664,0.045288086,86.370476
2672,-1953.5354,-1955.8136,6.0176253,0.043603517,87.79751
2673,-1951.9021,-1955.4225,6.792847,0.045214843,84.320145
2674,-1958.8151,-1955.7617,7.149425,0.04387207,86.19719
2675,-1957.5516,-1955.9407,6.7228246,0.046411134,85.03544
2676,-1958.0718,-1956.1538,6.459286,0.046044923,86.70255
2677,-1959.7173,-1956.5101,6.95621,0.046044923,89.705345
2678,-1956.6733,-1956.5265,6.262986,0.044531252,90.50569
2679,-1956.8479,-1956.5586,5.645985,0.04584961,90.25229
2680,-1956.6594,-1956.5687,5.0823016,0.04494629,86.98652
2681,-1958.6172,-1956.7736,4.951729,0.046166994,86.19153
2682,-1954.1086,-1956.5071,5.0957165,0.043847658,86.609604
2683,-1958.3221,-1956.6886,4.8826456,0.045825195,85.49012
2684,-1959.5607,-1956.9758,5.1367717,0.0435791,86.66956
2685,-1955.4778,-1956.826,4.8250675,0.04633789,85.23109
2686,-1954.3086,-1956.5743,4.9129434,0.04338379,85.99997
2687,-1959.1761,-1956.8345,5.0308948,0.04663086,88.63657
2688,-1959.4009,-1957.0911,5.120585,0.046679687,89.017944
2689,-1960.4124,-1957.4232,5.6013126,0.04523926,87.47638
2690,-1958.5497,-1957.5359,5.155384,0.045751955,86.692795
2691,-1955.0149,-1957.2838,5.2118335,0.04523926,90.32208
2692,-1958.0771,-1957.3632,4.7472944,0.044384766,90.5616
2693,-1957.5759,-1957.3844,4.2766395,0.04460449,88.6786
2694,-1956.3494,-1957.2809,3.9453921,0.044848632,88.8964
2695,-1955.699,-1957.1227,3.776072,0.044897463,87.43467
2696,-1957.188,-1957.1292,3.3988485,0.04350586,85.76144
2697,-1957.5367,-1957.1699,3.0739155,0.04367676,87.301735
2698,-1955.3186,-1956.9847,3.074988,0.04472656,87.64936
2699,-1958.7966,-1957.1659,3.0629542,0.04433594,87.78366
2700,-1957.1461,-1957.164,2.7566938,0.042382814,86.95036
2701,-1958.8137,-1957.3289,2.725984,0.044873048,84.6622
2702,-1957.9102,-1957.387,2.4837973,0.0440918,84.46696
2703,-1960.2563,-1957.674,2.9764206,0.045898438,85.88098
2704,-1959.6096,-1957.8676,3.015992,0.04421387,85.584335
2705,-1961.2609,-1958.2069,3.7507026,0.045532227,85.00017
2706,-1958.0773,-1958.194,3.3771448,0.04399414,83.90445
2707,-1959.4763,-1958.3223,3.187428,0.045922853,87.94241
2708,-1957.3256,-1958.2227,2.9580927,0.045922853,88.41148
2709,-1960.3201,-1958.4324,3.0582056,0.048168946,85.694
2710,-1956.387,-1958.2278,3.1289182,0.044750977,88.11018
2711,-1958.1943,-1958.2245,2.8161268,0.044140626,88.72643
2712,-1956.6598,-1958.068,2.754859,0.045263674,84.99848
2713,-1958.2244,-1958.0836,2.4815738,0.04519043,86.38185
2714,-1961.0151,-1958.3767,3.0068583,0.044775393,86.29064
2715,-1957.3595,-1958.275,2.7992973,0.044750977,83.81623
2716,-1958.377,-1958.2852,2.5203028,0.04494629,86.61557
2717,-1958.1731,-1958.2739,2.2694025,0.044506837,86.09701
2718,-1956.6448,-1958.111,2.281334,0.044067383,86.58889
2719,-1960.158,-1958.3157,2.430318,0.045019533,89.08321
2720,-1958.6495,-1958.3491,2.1973178,0.04506836,87.01149
2721,-1961.7344,-1958.6876,3.008981,0.04436035,86.53462
2722,-1962.2041,-1959.0393,3.8209891,0.045922853,86.95655
2723,-1957.2892,-1958.8643,3.7145534,0.04321289,84.89647
2724,-1957.1487,-1958.6927,3.607986,0.042773437,85.696175
2725,-1957.4945,-1958.5729,3.3764079,0.04428711,86.72538
2726,-1958.5641,-1958.572,3.0387738,0.043359376,86.35427
2727,-1957.8195,-1958.4968,2.785868,0.04470215,86.97148
2728,-1958.4053,-1958.4877,2.5080354,0.044189453,86.49084
2729,-1960.3224,-1958.6711,2.5601885,0.04399414,86.91422
2730,-1956.4528,-1958.4493,2.74708,0.0454834,86.54966
2731,-1960.6804,-1958.6725,2.9203663,0.046069335,87.67658
2732,-1960.1978,-1958.825,2.8377094,0.045507815,87.23119
2733,-1959.0121,-1958.8436,2.55709,0.047802735,87.82795
2734,-1958.6753,-1958.8268,2.3039312,0.045678712,88.086296
2735,-1960.2837,-1958.9724,2.2645705,0.04626465,83.18626
2736,-1957.0297,-1958.7781,2.377798,0.04536133,84.51058
2737,-1955.065,-1958.4067,3.3808815,0.044921875,84.77258
2738,-1954.1053,-1957.9766,4.7079706,0.045043945,86.08261
2739,-1954.5203,-1957.631,5.3123136,0.044433594,85.72108
2740,-1955.5168,-1957.4196,5.1833434,0.04284668,85.700516
2741,-1955.6472,-1957.2423,4.9477153,0.045019533,84.215996
2742,-1957.1965,-1957.2378,4.453132,0.045654297,85.543846
2743,-1957.769,-1957.2909,4.0332193,0.04423828,86.91287
2744,-1953.2512,-1956.887,5.0986032,0.04399414,85.78573
2745,-1955.8834,-1956.7866,4.6793814,0.045898438,87.257706
2746,-1958.968,-1957.0048,4.6397076,0.043017577,84.452034
2747,-1961.4542,-1957.4497,5.9575315,0.045922853,85.00379
2748,-1962.073,-1957.912,7.285512,0.04519043,84.63428
2749,-1958.7953,-1958.0004,6.6271806,0.045263674,83.67781
2750,-1959.7656,-1958.1769,6.244915,0.044531252,86.5204
2751,-1959.7684,-1958.336,5.848397,0.04404297,86.036026
2752,-1957.0957,-1958.212,5.4020205,0.043017577,86.65129
2753,-1958.5349,-1958.2444,4.871201,0.044189453,83.07629
2754,-1959.9971,-1958.4197,4.6605525,0.044311523,83.07872
2755,-1959.7721,-1958.5549,4.35911,0.04350586,84.47955
2756,-1958.7421,-1958.5736,3.9263506,0.04350586,86.336044
2757,-1961.777,-1958.8939,4.4572573,0.04523926,88.48484
2758,-1962.3052,-1959.2351,5.0588307,0.041918945,87.67141
2759,-1962.2319,-1959.5348,5.3612347,0.042895507,87.65299
2760,-1958.1636,-1959.3977,4.994332,0.04445801,83.81611
2761,-1958.0542,-1959.2633,4.6573496,0.044067383,86.77515
2762,-1955.3004,-1958.8671,5.6050196,0.04411621,83.907425
2763,-1957.0564,-1958.686,5.3395844,0.04597168,85.697
2764,-1961.3379,-1958.9512,5.438536,0.042236328,85.88486
2765,-1957.4264,-1958.7987,5.103928,0.045336913,85.35487
2766,-1960.7834,-1958.9972,4.948063,0.043237306,86.20869
2767,-1958.2749,-1958.9249,4.50021,0.043652344,86.51393
2768,-1960.8613,-1959.1185,4.387657,0.045288086,84.87366
2769,-1957.575,-1958.9641,4.1633286,0.046557616,86.08367
2770,-1959.9259,-1959.0603,3.8302498,0.04711914,86.94808
2771,-1961.2366,-1959.278,3.873478,0.04284668,87.45945
2772,-1958.5216,-1959.2023,3.5376155,0.042163085,86.39498
2773,-1959.3783,-1959.2198,3.1866426,0.0472168,87.634056
2774,-1958.3733,-1959.1353,2.9324777,0.0453125,83.28784
2775,-1957.8446,-1959.0062,2.7891498,0.0435791,84.536705
2776,-1957.4069,-1958.8463,2.7404518,0.044799805,83.90304
2777,-1963.0264,-1959.2643,4.038963,0.044384766,84.2768
2778,-1962.8933,-1959.6272,4.8203526,0.045166016,84.40743
2779,-1959.477,-1959.6122,4.3403463,0.044677734,85.37798
2780,-1959.3588,-1959.5868,3.9120915,0.044921875,85.48798
2781,-1959.541,-1959.5823,3.521071,0.04421387,87.39957
2782,-1961.3739,-1959.7615,3.457857,0.045581054,84.47717
2783,-1959.3088,-1959.7162,3.1305103,0.044921875,84.78964
2784,-1960.5491,-1959.7994,2.879892,0.04626465,87.84925
2785,-1961.8862,-1960.008,2.983826,0.04411621,85.678535
2786,-1963.1326,-1960.3206,3.5640748,0.042749025,85.087524
2787,-1962.3315,-1960.5216,3.571633,0.04421387,85.258934
2788,-1961.5077,-1960.6202,3.3019822,0.04494629,86.944855
2789,-1959.4731,-1960.5055,3.0902083,0.047387697,89.350136
2790,-1957.8682,-1960.2417,3.4071827,0.046118166,86.37665
2791,-1958.9214,-1960.1096,3.2233546,0.044433594,85.31084
2792,-1957.5443,-1959.853,3.4932914,0.045703124,86.93482
2793,-1960.1034,-1959.878,3.1496036,0.045703124,84.05846
2794,-1959.4336,-1959.8336,2.8524222,0.045947265,83.66428
2795,-1960.9971,-1959.95,2.6890059,0.046289064,83.92947
2796,-1961.7648,-1960.1315,2.7165265,0.04423828,85.49767
2797,-1961.8287,-1960.3011,2.7041378,0.0454834,84.10193
2798,-1962.5004,-1960.5211,2.8690147,0.045263674,86.52677
2799,-1962.4688,-1960.7158,2.9235075,0.044067383,84.75765
2800,-1958.9033,-1960.5345,2.9268208,0.04626465,85.22123
2801,-1962.7596,-1960.7571,3.079734,0.04494629,87.67148
2802,-1961.852,-1960.8666,2.879667,0.046044923,88.29188
2803,-1959.9565,-1960.7756,2.6662347,0.044311523,86.013336
2804,-1962.1709,-1960.9152,2.5748198,0.045678712,86.73676
2805,-1961.4153,-1960.9652,2.3398488,0.04733887,88.01512
2806,-1959.8752,-1960.8562,2.2127862,0.045751955,88.70535
2807,-1961.1355,-1960.8842,1.998528,0.04472656,90.506134
2808,-1957.2526,-1960.521,2.9856362,0.045947265,85.46855
2809,-1961.228,-1960.5917,2.7320628,0.04724121,85.744415
2810,-1962.8096,-1960.8135,2.901572,0.04663086,86.07142
2811,-1961.6018,-1960.8923,2.6673465,0.044653323,86.84838
2812,-1960.7683,-1960.8799,2.4019961,0.04379883,87.426994
2813,-1961.9026,-1960.9822,2.2559297,0.048291016,88.46742
2814,-1960.532,-1960.9371,2.0485773,0.04523926,90.07886
2815,-1959.6954,-1960.813,1.982483,0.04338379,86.713806
2816,-1961.8147,-1960.9132,1.8745426,0.044921875,88.92306
2817,-1960.6725,-1960.8892,1.6923035,0.045874026,86.00204
2818,-1960.6127,-1960.8616,1.5299534,0.043237306,83.62105
2819,-1960.9012,-1960.8655,1.3770996,0.04736328,87.19401
2820,-1962.0627,-1960.9852,1.3683997,0.045996096,84.013596
2821,-1962.1696,-1961.1036,1.3577963,0.047070313,85.40895
2822,-1962.3644,-1961.2297,1.365069,0.045385744,85.22982
2823,-1961.8956,-1961.2964,1.2684695,0.045141604,86.27299
2824,-1962.3191,-1961.3987,1.2357558,0.043164063,85.23857
2825,-1961.0464,-1961.3634,1.1233501,0.045898438,85.857056
2826,-1961.3972,-1961.3668,1.0111179,0.045092773,84.044624
2827,-1962.4008,-1961.4702,1.0062181,0.045532227,83.54442
2828,-1962.9482,-1961.618,1.1022071,0.04472656,84.962494
2829,-1962.3153,-1961.6877,1.0357425,0.04331055,82.30447
2830,-1962.6274,-1961.7817,1.011641,0.04802246,80.29414
2831,-1964.9773,-1962.1013,1.8295193,0.048535157,83.71088
2832,-1964.6848,-1962.3596,2.247268,0.045141604,85.10632
2833,-1964.502,-1962.5739,2.4356048,0.046777345,85.011055
2834,-1961.3066,-1962.4471,2.3365686,0.047558594,85.0308
2835,-1960.0547,-1962.2079,2.6180577,0.047436524,85.466095
2836,-1962.9482,-1962.282,2.4055834,0.044384766,84.85104
2837,-1958.2134,-1961.8751,3.654843,0.045263674,85.091866
2838,-1959.7146,-1961.659,3.7094657,0.046801757,85.05217
2839,-1961.7805,-1961.6711,3.3398468,0.046679687,83.389435
2840,-1961.4238,-1961.6464,3.0113668,0.046166994,85.74927
2841,-1962.7351,-1961.7552,2.8169131,0.046777345,83.74536
2842,-1960.3452,-1961.6143,2.7141595,0.044897463,84.00574
2843,-1962.9324,-1961.7461,2.599112,0.042871095,86.31774
2844,-1960.8774,-1961.6592,2.407111,0.043847658,82.3659
2845,-1962.8044,-1961.7737,2.2844465,0.045141604,84.08118
2846,-1964.2097,-1962.0173,2.5900857,0.045288086,84.41819
2847,-1963.5411,-1962.1697,2.540055,0.04523926,85.26642
2848,-1963.5334,-1962.306,2.4534376,0.0453125,86.016106
2849,-1965.616,-1962.637,3.194105,0.044677734,83.8699
2850,-1964.5033,-1962.8236,3.188182,0.043969728,84.00728
2851,-1965.2753,-1963.0687,3.4103212,0.046582032,84.36876
2852,-1964.032,-1963.165,3.1527967,0.04345703,82.22701
2853,-1964.0763,-1963.2561,2.9122517,0.04675293,84.93522
2854,-1963.198,-1963.2502,2.6213303,0.04416504,82.35191
2855,-1961.5977,-1963.085,2.6049914,0.045385744,83.738495
2856,-1963.5,-1963.1265,2.3599954,0.044775393,81.97456
2857,-1963.7185,-1963.1857,2.155542,0.043530274,84.83258
2858,-1963.9712,-1963.2642,1.9955218,0.042138673,86.13834
2859,-1964.7186,-1963.4097,1.9863625,0.043969728,85.13071
2860,-1966.0317,-1963.6719,2.406499,0.045581054,83.192825
2861,-1967.8035,-1964.0851,3.7021534,0.046362307,84.5968
2862,-1970.4152,-1964.7181,6.938228,0.04411621,83.75488
2863,-1966.508,-1964.8971,6.5327473,0.045776367,80.1135
2864,-1964.3923,-1964.8467,5.902403,0.0454834,81.60762
2865,-1961.695,-1964.5315,6.2061706,0.044653323,84.91571
2866,-1963.2131,-1964.3997,5.7419796,0.044750977,85.12693
2867,-1962.7609,-1964.2358,5.4094896,0.044311523,83.93276
2868,-1958.0908,-1963.6213,8.267054,0.045166016,85.242714
2869,-1963.3247,-1963.5917,7.448267,0.044750977,88.175125
2870,-1964.3358,-1963.6661,6.7532773,0.046142578,86.588905
2871,-1961.8846,-1963.488,6.3635845,0.043530274,87.23163
2872,-1962.0504,-1963.3442,5.9132338,0.044311523,84.6972
2873,-1963.5007,-1963.3599,5.3241143,0.045410156,85.92241
2874,-1967.4954,-1963.7734,6.3309135,0.044628907,85.209114
2875,-1962.625,-1963.6586,5.8165236,0.04350586,84.14118
2876,-1964.7067,-1963.7634,5.3337364,0.045092773,85.77363
2877,-1963.7203,-1963.7592,4.8005295,0.046582032,85.41745
2878,-1963.1965,-1963.7029,4.348965,0.045825195,85.22561
2879,-1963.8059,-1963.7131,3.9150238,0.046435546,84.486435
2880,-1960.7068,-1963.4125,4.3369527,0.043408204,84.79829
2881,-1959.8765,-1963.0588,5.0285606,0.04626465,83.901306
2882,-1961.2278,-1962.8757,4.827453,0.045410156,84.256
2883,-1960.6934,-1962.6575,4.7733555,0.043896485,84.48658
2884,-1962.6575,-1962.6575,4.29602,0.043969728,84.94711
2885,-1963.4194,-1962.7336,3.918671,0.046826173,81.57909
2886,-1964.248,-1962.8851,3.7332118,0.045581054,82.2149
2887,-1964.5725,-1963.0538,3.6161425,0.04411621,82.55656
2888,-1961.5073,-1962.8992,3.4697802,0.0440918,86.65453
2889,-1962.9602,-1962.9053,3.1231375,0.043945312,84.51004
2890,-1962.3654,-1962.8513,2.8370595,0.044848632,83.47453
2891,-1963.2415,-1962.8904,2.5670521,0.04709473,83.071724
2892,-1963.1003,-1962.9114,2.3143144,0.04572754,80.808624
2893,-1963.3469,-1962.955,2.0999558,0.045410156,83.27216
2894,-1964.4315,-1963.1027,2.0861816,0.045288086,81.42222
2895,-1966.2083,-1963.4132,2.745586,0.044067383,82.93134
2896,-1967.0708,-1963.7789,3.675046,0.04416504,81.765816
2897,-1965.7842,-1963.9795,3.6694336,0.046435546,82.96601
2898,-1965.5399,-1964.1355,3.5216334,0.04609375,85.50653
2899,-1964.2896,-1964.1509,3.1716058,0.041992188,85.15063
2900,-1964.7129,-1964.207,2.8828723,0.04331055,83.619705
2901,-1961.2637,-1963.9127,3.3742878,0.045092773,83.715195
2902,-1963.4656,-1963.868,3.0548534,0.04460449,83.08149
2903,-1963.7573,-1963.8569,2.7504714,0.04411621,83.02608
2904,-1963.9456,-1963.8658,2.476131,0.04584961,84.65263
2905,-1963.9285,-1963.8721,2.2288709,0.042749025,87.040535
2906,-1962.3279,-1963.7177,2.2205906,0.044775393,83.71413
2907,-1962.0,-1963.5459,2.2640607,0.04411621,83.7443
2908,-1966.0737,-1963.7987,2.6127489,0.044506837,85.14556
2909,-1963.1364,-1963.7324,2.390958,0.046362307,86.53635
2910,-1966.7603,-1964.0352,2.9769611,0.044799805,84.649475
2911,-1967.1206,-1964.3438,3.5360646,0.044799805,82.43136
2912,-1965.7097,-1964.4803,3.3503861,0.046069335,81.48028
2913,-1963.0994,-1964.3423,3.1869874,0.043652344,82.17156
2914,-1965.835,-1964.4916,3.068816,0.044384766,84.62188
2915,-1965.5244,-1964.5948,2.8579419,0.047143556,83.76447
2916,-1965.5426,-1964.6896,2.652989,0.046289064,85.59476
2917,-1966.9034,-1964.911,2.8287988,0.044970702,85.29885
2918,-1967.2485,-1965.1448,3.0376806,0.046313476,84.857735
2919,-1968.03,-1965.4333,3.4831345,0.045507815,83.182106
2920,-1965.0453,-1965.3945,3.1483743,0.04633789,84.03666
2921,-1964.589,-1965.314,2.8919377,0.044628907,82.18603
2922,-1966.2842,-1965.411,2.6874623,0.045629885,83.573784
2923,-1965.4253,-1965.4125,2.4187346,0.046704102,82.40152
2924,-1962.5593,-1965.1272,2.9095025,0.048168946,83.00993
2925,-1964.2438,-1965.0388,2.6887915,0.04436035,83.28202
2926,-1963.7507,-1964.91,2.569237,0.04733887,82.607834
2927,-1965.4866,-1964.9677,2.342229,0.0472168,88.426414
2928,-1964.3438,-1964.9053,2.1430387,0.046923827,86.15196
2929,-1966.9087,-1965.1056,2.2899663,0.04799805,86.16072
2930,-1966.0895,-1965.204,2.1480927,0.045507815,86.09347
2931,-1965.5691,-1965.2405,1.945281,0.045776367,84.236145
2932,-1965.0582,-1965.2223,1.7537422,0.045019533,83.65632
2933,-1963.8716,-1965.0872,1.742565,0.045629885,82.92744
2934,-1969.0184,-1965.4802,2.9592512,0.044750977,81.94984
2935,-1965.1426,-1965.4464,2.6735864,0.045654297,84.49465
2936,-1966.5397,-1965.5558,2.5137975,0.046313476,85.64041
2937,-1964.5151,-1965.4517,2.3598833,0.044018555,83.830864
2938,-1964.7789,-1965.3844,2.164626,0.045385744,82.88527
2939,-1965.3336,-1965.3793,1.9483954,0.045800783,82.57244
2940,-1967.6816,-1965.6095,2.2306368,0.04633789,83.665115
2941,-1963.7314,-1965.4216,2.32501,0.045678712,82.79221
2942,-1965.7142,-1965.4509,2.1002145,0.046484377,87.32095
2943,-1964.2664,-1965.3325,2.0164816,0.04458008,87.48429
2944,-1965.238,-1965.3231,1.8156368,0.046679687,84.23948
2945,-1964.384,-1965.2292,1.7134426,0.045385744,84.64022
2946,-1963.0508,-1965.0114,1.9692128,0.045507815,85.44669
2947,-1963.279,-1964.8381,2.0423691,0.04645996,84.8737
2948,-1964.084,-1964.7627,1.8893191,0.04777832,84.889114
2949,-1962.0374,-1964.4901,2.368861,0.045019533,85.19482
2950,-1962.7153,-1964.3126,2.4154608,0.044897463,81.60918
2951,-1967.7466,-1964.656,3.2352018,0.046142578,81.89237
2952,-1968.9261,-1965.083,4.5527515,0.04472656,84.23583
2953,-1967.8901,-1965.3638,4.806674,0.04650879,83.95006
2954,-1968.2468,-1965.6521,5.074088,0.04621582,79.92528
2955,-1964.2891,-1965.5157,4.7338877,0.04436035,84.40777
2956,-1969.9998,-1965.9641,6.070069,0.04724121,83.85699
2957,-1964.0616,-1965.7739,5.7888055,0.04511719,82.79424
2958,-1967.874,-1965.9839,5.6068616,0.045629885,85.41103
2959,-1969.1558,-1966.301,5.9516463,0.047070313,80.122856
2960,-1969.389,-1966.6099,6.2147055,0.044531252,84.29825
2961,-1966.7328,-1966.6222,5.594595,0.044995118,84.62046
2962,-1967.9539,-1966.7554,5.1947355,0.046020508,83.967674
2963,-1968.5293,-1966.9327,4.9584746,0.045092773,81.950905
2964,-1969.8235,-1967.2218,5.2147045,0.045458984,81.973434
2965,-1969.034,-1967.4031,4.9888186,0.046704102,81.02303
2966,-1968.8696,-1967.5497,4.683507,0.045800783,84.3505
2967,-1970.3241,-1967.8271,4.90792,0.04519043,81.07224
2968,-1968.5645,-1967.9009,4.4660535,0.04355469,82.487785
2969,-1971.5034,-1968.2611,5.187494,0.04711914,83.06879
2970,-1972.1763,-1968.6526,6.0483084,0.04609375,84.92462
2971,-1971.2158,-1968.9089,6.0347915,0.046875,84.812225
2972,-1969.6875,-1968.9868,5.485867,0.047167968,84.33857
2973,-1969.1643,-1969.0045,4.9401155,0.0472168,82.61174
2974,-1967.6271,-1968.8668,4.6168647,0.045996096,84.78375
2975,-1967.0327,-1968.6833,4.4579334,0.045092773,83.79732
2976,-1966.7798,-1968.493,4.33826,0.046875,85.72774
2977,-1964.9131,-1968.135,5.057882,0.04423828,86.25279
2978,-1964.0924,-1967.7307,6.0229306,0.046118166,82.152275
2979,-1965.5786,-1967.5155,5.8374753,0.04448242,82.859436
2980,-1965.366,-1967.3005,5.669573,0.044897463,83.08326
2981,-1964.4865,-1967.0192,5.8153334,0.044799805,82.86205
2982,-1966.069,-1966.9242,5.315058,0.044555664,84.706566
2983,-1962.8206,-1966.5138,6.299138,0.047192384,83.51778
2984,-1965.7375,-1966.4362,5.723454,0.045507815,82.02601
2985,-1964.4878,-1966.2413,5.4927597,0.04416504,83.58186
2986,-1967.0111,-1966.3184,4.996814,0.04697266,85.27866
2987,-1968.2527,-1966.5118,4.833878,0.045458984,84.01745
2988,-1966.3102,-1966.4917,4.35415,0.04650879,81.81936
2989,-1967.0776,-1966.5503,3.9496338,0.04711914,84.214676
2990,-1968.3575,-1966.731,3.8486245,0.045800783,84.912224
2991,-1969.5496,-1967.0128,4.178769,0.04519043,84.696434
2992,-1967.0424,-1967.0157,3.7609706,0.043774415,83.527016
2993,-1969.1848,-1967.2327,3.80831,0.045825195,82.71484
2994,-1968.6565,-1967.375,3.6099348,0.045947265,82.90043
2995,-1966.9783,-1967.3353,3.2631068,0.045288086,82.242546
2996,-1968.9866,-1967.5005,3.182191,0.04584961,82.75515
2997,-1968.1616,-1967.5667,2.9033105,0.0440918,83.0073
2998,-1965.7744,-1967.3875,2.9020693,0.045703124,85.31767
2999,-1966.2904,-1967.2777,2.7201784,0.04506836,83.947784
3000,-1965.4597,-1967.096,2.7456193,0.04448242,79.675835
3001,-1964.05,-1966.7914,3.306032,0.04519043,81.87628
3002,-1967.5112,-1966.8634,3.022065,0.04416504,82.25109
3003,-1966.9436,-1966.8715,2.7204373,0.04458008,83.40812
3004,-1967.2223,-1966.9065,2.4594707,0.04445801,80.3196
3005,-1966.9026,-1966.9061,2.2135248,0.045532227,82.08186
3006,-1968.1538,-1967.0309,2.1322758,0.045043945,80.55329
3007,-1966.0192,-1966.9297,2.01117,0.045678712,80.318886
3008,-1968.9055,-1967.1273,2.1614041,0.046020508,82.32062
3009,-1968.7611,-1967.2906,2.1854978,0.046484377,84.10776
3010,-1968.6251,-1967.4241,2.1272216,0.04367676,78.00764
3011,-1966.1581,-1967.2975,2.0587454,0.045629885,82.56322
3012,-1966.8872,-1967.2565,1.8680203,0.046118166,80.66248
3013,-1967.6938,-1967.3002,1.6984352,0.044653323,83.36177
3014,-1968.3701,-1967.4072,1.6316222,0.047631837,81.66576
3015,-1968.9128,-1967.5577,1.6724789,0.046069335,83.21905
3016,-1966.4417,-1967.4462,1.61734,0.04482422,83.46065
3017,-1970.2985,-1967.7314,2.1878088,0.04421387,85.96429
3018,-1967.0251,-1967.6608,2.013925,0.044775393,82.011925
3019,-1967.7643,-1967.6711,1.8134968,0.04609375,82.6367
3020,-1961.654,-1967.0695,4.8906307,0.046191406,81.32648
3021,-1964.0204,-1966.7645,5.238283,0.045996096,81.311775
3022,-1964.7603,-1966.5641,5.0759945,0.045654297,82.04613
3023,-1964.8102,-1966.3887,4.8452516,0.044848632,81.006714
3024,-1966.905,-1966.4403,4.384722,0.04470215,80.88784
3025,-1967.6888,-1966.5652,4.0865455,0.04445801,82.61639
3026,-1967.5369,-1966.6624,3.7628653,0.04482422,83.36515
3027,-1969.1536,-1966.9115,3.9451306,0.044897463,81.045975
3028,-1967.4786,-1966.9683,3.5795655,0.04343262,81.6149
3029,-1968.1844,-1967.0898,3.354729,0.04306641,81.40461
3030,-1968.4752,-1967.2284,3.19199,0.04472656,81.38757
3031,-1967.3911,-1967.2446,2.8751738,0.043847658,80.58551
3032,-1969.2496,-1967.4451,2.9494603,0.045922853,81.57459
3033,-1967.1633,-1967.4169,2.661658,0.045385744,79.12023
3034,-1969.7012,-1967.6453,2.8651152,0.0439209,79.47188
3035,-1967.699,-1967.6506,2.5788631,0.045166016,81.99653
3036,-1966.4803,-1967.5336,2.4442384,0.04560547,82.305176
3037,-1966.7307,-1967.4532,2.2578266,0.045996096,81.42034
3038,-1967.4263,-1967.4506,2.0321093,0.045703124,81.04088
3039,-1969.2283,-1967.6283,2.113321,0.046240237,82.762115
3040,-1968.5518,-1967.7207,1.9787394,0.04511719,84.85272
3041,-1969.8948,-1967.9381,2.2062585,0.04560547,81.06988
3042,-1969.856,-1968.1299,2.316665,0.045141604,82.3236
3043,-1969.7142,-1968.2883,2.3109133,0.04560547,79.23275
3044,-1970.4758,-1968.5071,2.510486,0.044995118,81.42259
3045,-1971.9329,-1968.8496,3.3156753,0.044677734,80.79271
3046,-1971.3457,-1969.0992,3.544851,0.04638672,82.08342
3047,-1972.6216,-1969.4514,4.3069844,0.046435546,81.783844
3048,-1967.838,-1969.29,4.110562,0.04597168,83.87755
3049,-1971.8536,-1969.5464,4.290989,0.046899416,82.64063
3050,-1966.8551,-1969.2772,4.5137606,0.044531252,83.14458
3051,-1970.7056,-1969.42,4.2459993,0.045532227,83.72143
3052,-1971.1531,-1969.5934,4.0917053,0.046020508,81.08787
3053,-1970.3048,-1969.6646,3.728086,0.04543457,83.72839
3054,-1968.83,-1969.581,3.4179668,0.04536133,83.16188
3055,-1968.3696,-1969.46,3.2082498,0.04470215,82.00058
3056,-1970.5999,-1969.574,3.0043666,0.044995118,82.455765
3057,-1968.3457,-1969.4512,2.8397086,0.045654297,81.51689
3058,-1970.386,-1969.5447,2.6343868,0.043847658,81.70282
3059,-1967.7942,-1969.3696,2.646727,0.045263674,83.28816
3060,-1970.6959,-1969.5022,2.5403693,0.044995118,82.43514
3061,-1968.3284,-1969.3848,2.4103408,0.04511719,80.405426
3062,-1974.8424,-1969.9305,4.850033,0.046728518,81.8277
3063,-1971.5605,-1970.0935,4.604152,0.046118166,79.97786
3064,-1971.7969,-1970.2638,4.404869,0.04709473,83.21433
3065,-1966.795,-1969.9169,5.0472827,0.045654297,78.71502
3066,-1969.9908,-1969.9243,4.543047,0.0440918,82.19622
3067,-1965.2725,-1969.4591,6.03632,0.045922853,81.4771
3068,-1967.8713,-1969.3003,5.659579,0.045996096,80.71138
3069,-1968.1821,-1969.1885,5.206147,0.046557616,80.082436
3070,-1968.4417,-1969.1138,4.73573,0.046069335,81.436424
3071,-1965.7435,-1968.7767,5.2844234,0.046020508,82.03981
3072,-1965.4009,-1968.4392,5.7816563,0.045581054,81.792625
3073,-1969.03,-1968.4983,5.2349067,0.045166016,81.02983
3074,-1968.9214,-1968.5406,4.7275267,0.044750977,82.054855
3075,-1969.1329,-1968.5999,4.286346,0.047729492,78.12038
3076,-1969.5085,-1968.6907,3.9320261,0.04626465,79.21363
3077,-1970.9597,-1968.9176,4.0021935,0.047607422,84.20198
3078,-1969.7295,-1968.9988,3.661299,0.049047854,82.55627
3079,-1966.5771,-1968.7566,3.8229554,0.0454834,79.61513
3080,-1968.9353,-1968.7744,3.4435341,0.04748535,82.10122
3081,-1967.4287,-1968.6399,3.2621632,0.04758301,82.239784
3082,-1969.5618,-1968.732,3.0124335,0.04584961,81.29914
3083,-1971.2759,-1968.9865,3.2935834,0.046191406,81.307304
3084,-1971.051,-1969.1929,3.3478475,0.047167968,83.59607
3085,-1969.7743,-1969.251,3.0434873,0.046606448,82.27378
3086,-1969.2058,-1969.2465,2.7393222,0.04697266,80.44399
3087,-1969.0072,-1969.2225,2.470542,0.043359376,79.29132
3088,-1969.0972,-1969.21,2.2249022,0.046557616,84.4404
3089,-1971.497,-1969.4387,2.47314,0.046313476,84.293755
3090,-1966.9414,-1969.189,2.787118,0.044897463,81.729256
3091,-1969.066,-1969.1766,2.509766,0.044506837,81.89573
3092,-1970.7057,-1969.3296,2.4692097,0.047631837,82.71974
3093,-1970.9626,-1969.4929,2.4623072,0.047070313,82.582695
3094,-1971.1439,-1969.658,2.4613988,0.045996096,80.99589
3095,-1973.6843,-1970.0605,3.6743062,0.045825195,80.83868
3096,-1971.3582,-1970.1903,3.4584162,0.045703124,82.88387
3097,-1970.5918,-1970.2305,3.127082,0.047045898,83.0541
3098,-1970.8667,-1970.2941,2.8508048,0.044970702,82.97701
3099,-1973.2515,-1970.5898,3.3528821,0.045996096,80.770874
3100,-1969.9717,-1970.5281,3.0519853,0.046679687,79.24719
3101,-1973.8372,-1970.859,3.732289,0.045678712,79.75932
3102,-1970.5936,-1970.8325,3.3653984,0.04482422,79.18078
3103,-1971.6655,-1970.9158,3.0913098,0.046142578,81.9021
3104,-1972.3086,-1971.055,2.9567747,0.04519043,82.61959
3105,-1969.2524,-1970.8748,2.9535441,0.04523926,83.245804
3106,-1968.9016,-1970.6775,3.0085866,0.046679687,81.82979
3107,-1968.9364,-1970.5034,2.980553,0.047167968,81.32526
3108,-1969.9658,-1970.4497,2.7085085,0.048095703,83.045944
3109,-1972.1285,-1970.6176,2.6913207,0.04753418,82.83696
3110,-1970.6075,-1970.6166,2.4221976,0.045263674,81.65848
3111,-1970.0209,-1970.557,2.2119153,0.044555664,78.852066
3112,-1969.1471,-1970.416,2.1696305,0.042700198,80.575165
3113,-1972.0372,-1970.5781,2.189218,0.04709473,81.470634
3114,-1969.5974,-1970.4801,2.0568578,0.045458984,84.15477
3115,-1970.807,-1970.5128,1.86079,0.045874026,83.51092
3116,-1969.4939,-1970.4109,1.7681489,0.045922853,82.821365
3117,-1969.6437,-1970.3342,1.6443092,0.045629885,83.57451
3118,-1969.6049,-1970.2612,1.5277565,0.046533205,85.13896
3119,-1972.088,-1970.4438,1.6753228,0.044433594,83.71959
3120,-1969.1023,-1970.3097,1.6697692,0.04675293,83.202446
3121,-1969.8813,-1970.2668,1.5193053,0.0472168,83.591385
3122,-1973.622,-1970.6023,2.3804789,0.046313476,83.20592
3123,-1975.7076,-1971.1128,4.488242,0.045654297,83.317406
3124,-1974.2179,-1971.4233,4.9071674,0.045996096,83.479485
3125,-1975.021,-1971.7831,5.581332,0.046557616,84.58654
3126,-1969.881,-1971.5929,5.3488173,0.046069335,83.17701
3127,-1971.5887,-1971.5925,4.813937,0.045458984,81.14062
3128,-1971.5391,-1971.5872,4.332801,0.04445801,80.70075
3129,-1971.7056,-1971.599,3.9007823,0.046704102,84.51767
3130,-1972.5991,-1971.699,3.6007261,0.04741211,82.79595
3131,-1967.974,-1971.3264,4.4894433,0.046777345,83.2378
3132,-1971.4064,-1971.3345,4.0410743,0.045874026,82.61909
3133,-1967.9438,-1970.9954,4.671637,0.04741211,82.27073
3134,-1974.0743,-1971.3032,5.0576835,0.046777345,82.68247
3135,-1969.9148,-1971.1644,4.725411,0.04741211,84.41474
3136,-1973.9583,-1971.4438,4.95536,0.045507815,83.15834
3137,-1972.2816,-1971.5276,4.5229907,0.045874026,81.09245
3138,-1973.1411,-1971.689,4.305003,0.046704102,82.87194
3139,-1968.5946,-1971.3795,4.7362585,0.04506836,80.272705
3140,-1970.3411,-1971.2756,4.359687,0.047387697,82.9732
3141,-1973.016,-1971.4497,4.196314,0.0472168,81.846344
3142,-1969.779,-1971.2826,4.02788,0.04621582,82.50167
3143,-1970.6984,-1971.2241,3.6558113,0.046557616,80.65616
3144,-1971.0422,-1971.2059,3.2932076,0.046606448,79.425705
3145,-1972.4761,-1971.333,3.10908,0.047680665,80.750694
3146,-1971.8613,-1971.3859,2.823293,0.04741211,80.19828
3147,-1973.8906,-1971.6364,3.105608,0.04733887,82.26345
3148,-1970.12,-1971.4847,3.0019877,0.04650879,80.77258
3149,-1971.6304,-1971.4993,2.7036974,0.04765625,80.04609
3150,-1972.2976,-1971.5791,2.490689,0.04460449,82.56038
3151,-1971.3864,-1971.5598,2.244964,0.047851562,82.167915
3152,-1969.6451,-1971.3684,2.350405,0.046020508,83.55016
3153,-1971.2826,-1971.3599,2.1160274,0.046313476,83.9594
3154,-1973.9421,-1971.618,2.5045578,0.045141604,85.35761
3155,-1972.5957,-1971.7158,2.340126,0.045214843,83.916084
3156,-1971.2881,-1971.6731,2.1225796,0.044531252,83.344444
3157,-1972.8982,-1971.7957,2.0453994,0.045947265,82.68084
3158,-1974.9961,-1972.1157,2.7627125,0.047875978,82.73643
3159,-1972.6199,-1972.1661,2.5093164,0.045654297,80.6439
3160,-1971.6019,-1972.1097,2.2870345,0.046899416,79.88437
3161,-1969.8018,-1971.8789,2.537742,0.047045898,79.38692
3162,-1966.772,-1971.3682,4.6312366,0.04812012,80.99283
3163,-1969.8967,-1971.2211,4.3629737,0.046875,79.5401
3164,-1967.3901,-1970.838,5.2475204,0.04782715,81.37446
3165,-1971.196,-1970.8738,4.7343054,0.049462892,82.99788
3166,-1970.8723,-1970.8737,4.2608747,0.048291016,82.54005
3167,-1970.596,-1970.846,3.8417282,0.045898438,81.333984
3168,-1969.0491,-1970.6663,3.7481437,0.045092773,79.64073
3169,-1971.0524,-1970.7048,3.3867464,0.046606448,80.224075
3170,-1971.3024,-1970.7646,3.080206,0.046679687,79.80928
3171,-1972.2035,-1970.9086,2.9585094,0.047729492,81.18654
3172,-1969.4368,-1970.7614,2.8576164,0.04741211,80.711624
3173,-1968.5419,-1970.5394,3.015204,0.046728518,82.499374
3174,-1970.5709,-1970.5426,2.7137728,0.0482666,82.85965
3175,-1970.347,-1970.5231,2.4458373,0.04633789,85.07107
3176,-1971.1875,-1970.5895,2.2409854,0.048095703,81.3145
3177,-1971.0986,-1970.6404,2.0402184,0.046118166,82.28781
3178,-1975.6388,-1971.1403,4.0847683,0.046826173,79.9708
3179,-1971.924,-1971.2186,3.7315667,0.045629885,82.09586
3180,-1972.4175,-1971.3385,3.4877622,0.04848633,82.21836
3181,-1969.6761,-1971.1722,3.3876936,0.048999023,79.94386
3182,-1970.4355,-1971.0986,3.097769,0.047192384,78.880516
3183,-1972.7426,-1971.2631,3.031215,0.046801757,80.43374
3184,-1974.3605,-1971.5728,3.5915499,0.046948243,81.93642
3185,-1974.0994,-1971.8254,3.8069334,0.04584961,80.86376
3186,-1972.0656,-1971.8495,3.431429,0.045874026,78.27262
3187,-1973.439,-1972.0084,3.3156655,0.046484377,82.08306
3188,-1972.3534,-1972.043,2.9948092,0.04645996,80.33016
3189,-1972.5781,-1972.0964,2.7211034,0.047143556,80.44708
3190,-1975.8271,-1972.4695,3.701633,0.04675293,79.75733
3191,-1975.6187,-1972.7844,4.2240243,0.045922853,80.406586
3192,-1973.9597,-1972.902,3.9259398,0.047045898,81.27807
3193,-1973.5874,-1972.9705,3.5756283,0.045385744,80.983376
3194,-1973.7827,-1973.0516,3.2774436,0.04543457,81.48996
3195,-1971.6426,-1972.9108,3.1283891,0.045751955,81.630295
3196,-1969.3041,-1972.55,3.986289,0.04597168,81.42993
3197,-1968.9607,-1972.1912,4.7471724,0.04584961,81.37043
3198,-1975.3438,-1972.5065,5.1669483,0.04685059,82.83478
3199,-1972.9727,-1972.5531,4.6698127,0.046704102,81.56206
3200,-1974.0815,-1972.7059,4.4130836,0.046679687,82.23887
3201,-1971.247,-1972.56,4.163352,0.046362307,81.10515
3202,-1970.1355,-1972.3176,4.2760816,0.04824219,82.46732
3203,-1971.0216,-1972.188,3.9996436,0.047387697,82.45388
3204,-1970.6542,-1972.0347,3.8114116,0.04741211,82.728226
3205,-1969.4154,-1971.7727,4.0477185,0.047045898,79.687325
3206,-1971.014,-1971.6968,3.6947484,0.04645996,79.212395
3207,-1974.5894,-1971.9861,4.0783043,0.04536133,80.56003
3208,-1974.191,-1972.2065,4.1080384,0.046948243,81.490166
3209,-1974.7505,-1972.4609,4.2796836,0.046020508,79.48449
3210,-1975.4164,-1972.7565,4.6378336,0.045507815,79.74016
3211,-1977.3921,-1973.22,6.1080575,0.045166016,82.386055
3212,-1975.3414,-1973.4321,5.902305,0.044873048,82.70711
3213,-1976.4258,-1973.7314,6.1186504,0.045410156,80.20773
3214,-1973.7355,-1973.7318,5.5067863,0.046289064,79.24441
3215,-1975.3497,-1973.8936,5.1916976,0.044799805,80.79954
3216,-1972.2736,-1973.7316,4.9087224,0.045385744,78.66502
3217,-1976.2905,-1973.9874,5.007195,0.046166994,79.519684
3218,-1972.4784,-1973.8365,4.711422,0.04699707,78.856834
3219,-1973.6458,-1973.8175,4.243556,0.04753418,78.44073
3220,-1973.6814,-1973.804,3.8208675,0.047753908,81.47328
3221,-1973.5483,-1973.7784,3.4446611,0.047143556,78.13707
3222,-1972.2124,-1973.6218,3.3209183,0.04836426,79.53093
3223,-1973.812,-1973.6409,2.9920816,0.04758301,78.57001
3224,-1972.8558,-1973.5624,2.7483385,0.047314454,82.29959
3225,-1973.5939,-1973.5656,2.4735937,0.04824219,79.069
3226,-1975.2362,-1973.7327,2.477432,0.045922853,79.02012
3227,-1975.0408,-1973.8635,2.3836913,0.045092773,80.788284
3228,-1974.7501,-1973.9521,2.216067,0.045776367,81.440765
3229,-1975.1088,-1974.0679,2.1148589,0.04572754,79.71129
3230,-1977.8241,-1974.4435,3.1732037,0.045654297,79.89792
3231,-1974.705,-1974.4696,2.8620365,0.046704102,79.48798
3232,-1975.7405,-1974.5967,2.7211936,0.047558594,79.07427
3233,-1978.7794,-1975.0149,4.0236516,0.04609375,79.23184
3234,-1974.0193,-1974.9153,3.7104971,0.04650879,78.574135
3235,-1974.3711,-1974.8608,3.3661,0.04697266,78.85263
3236,-1971.8999,-1974.5647,3.8185334,0.046899416,78.59951
3237,-1974.1614,-1974.5244,3.4513202,0.0454834,80.00065
3238,-1973.5518,-1974.4271,3.1913333,0.046166994,79.13196
3239,-1975.16,-1974.5004,2.920544,0.046020508,79.37862
3240,-1972.7927,-1974.3296,2.890933,0.0472168,79.32908
3241,-1972.5228,-1974.1489,2.895635,0.04770508,80.086716
3242,-1969.5559,-1973.6896,4.504694,0.046118166,81.33042
3243,-1971.4001,-1973.4607,4.525958,0.04851074,80.76378
3244,-1973.3082,-1973.4454,4.075454,0.046728518,78.25649
3245,-1974.503,-1973.5511,3.7685788,0.04724121,80.07709
3246,-1972.669,-1973.4629,3.4617662,0.046557616,82.19757
3247,-1974.3586,-1973.5525,3.187803,0.044262696,81.054474
3248,-1973.3469,-1973.532,2.8728259,0.045874026,77.257195
3249,-1975.7512,-1973.7539,3.028795,0.047607422,78.30071
3250,-1972.7021,-1973.6487,2.825473,0.047387697,78.82033
3251,-1972.0981,-1973.4937,2.7593005,0.04460449,80.46486
3252,-1972.4806,-1973.3923,2.5757368,0.04675293,79.97825
3253,-1972.8774,-1973.3408,2.3420234,0.046020508,80.79728
3254,-1973.1842,-1973.3252,2.1100285,0.046289064,80.937126
3255,-1974.0498,-1973.3977,1.946281,0.04802246,82.28818
3256,-1973.9929,-1973.4573,1.7835381,0.04633789,80.76293
3257,-1973.9651,-1973.508,1.6283928,0.045947265,81.479965
3258,-1971.6558,-1973.3229,1.7743433,0.04633789,82.45496
3259,-1976.2738,-1973.6179,2.3806264,0.04746094,82.525764
3260,-1976.9874,-1973.9548,3.1643856,0.045678712,81.02026
3261,-1974.1198,-1973.9713,2.8503947,0.046411134,81.358795
3262,-1972.6003,-1973.8342,2.734516,0.046557616,83.28073
3263,-1974.8699,-1973.9377,2.5575945,0.0453125,81.07823
3264,-1975.9763,-1974.1416,2.6758559,0.045336913,81.02615
3265,-1973.5,-1974.0774,2.445319,0.044409182,80.962456
3266,-1972.374,-1973.9071,2.4619188,0.04663086,80.37328
3267,-1973.5002,-1973.8665,2.2306252,0.047875978,81.18087
3268,-1972.9958,-1973.7794,2.0757785,0.044848632,80.7705
3269,-1975.4441,-1973.9459,2.1176028,0.043945312,79.98053
3270,-1978.2969,-1974.381,3.609613,0.0439209,78.93536
3271,-1975.2063,-1974.4635,3.3099551,0.046240237,79.45219
3272,-1974.8191,-1974.499,2.9903395,0.045336913,80.386
3273,-1976.2118,-1974.6703,2.9553273,0.04597168,81.45016
3274,-1974.2849,-1974.6317,2.6731608,0.046362307,81.62381
3275,-1972.8171,-1974.4502,2.702186,0.04650879,81.465485
3276,-1975.2418,-1974.5293,2.4883678,0.04650879,79.528786
3277,-1976.0626,-1974.6826,2.4511287,0.046533205,83.434944
3278,-1975.4972,-1974.764,2.2657337,0.04799805,79.442505
3279,-1976.9705,-1974.9846,2.4773066,0.04711914,78.98468
3280,-1976.7251,-1975.1587,2.5022097,0.046411134,79.99266
3281,-1976.6648,-1975.3093,2.45614,0.045996096,77.21377
3282,-1976.0527,-1975.3837,2.260265,0.047070313,79.478264
3283,-1976.3151,-1975.4768,2.1123135,0.04663086,81.69955
3284,-1975.4729,-1975.4764,1.9010834,0.0453125,80.71709
3285,-1973.5747,-1975.2863,2.036468,0.045922853,79.2005
3286,-1972.7412,-1975.0317,2.4157736,0.049047854,79.90296
3287,-1974.1229,-1974.9409,2.2485309,0.046044923,81.021614
3288,-1974.6282,-1974.9097,2.0324805,0.04838867,81.56109
3289,-1973.3535,-1974.754,2.0471773,0.04650879,82.52323
3290,-1973.566,-1974.6353,1.969478,0.047802735,80.85225
3291,-1976.1072,-1974.7825,1.9675206,0.046899416,83.01704
3292,-1976.1204,-1974.9163,1.9318643,0.04851074,81.02059
3293,-1973.246,-1974.7493,1.9897654,0.047143556,80.06347
3294,-1977.779,-1975.0522,2.6169527,0.04741211,77.897934
3295,-1974.5742,-1975.0044,2.3758233,0.045532227,78.81539
3296,-1975.6847,-1975.0724,2.1798935,0.046069335,77.29258
3297,-1976.315,-1975.1967,2.1008587,0.046435546,78.131134
3298,-1975.9303,-1975.27,1.9392136,0.047509767,80.24267
3299,-1976.5354,-1975.3966,1.8893993,0.04645996,81.1949
3300,-1972.978,-1975.1548,2.2269166,0.048046876,81.0375
3301,-1973.2466,-1974.964,2.3319366,0.048095703,81.921036
3302,-1971.0295,-1974.5706,3.4919322,0.045922853,78.36943
3303,-1973.0869,-1974.4222,3.3408463,0.048437502,81.212654
3304,-1970.2368,-1974.0037,4.5833616,0.047167968,79.294815
3305,-1974.11,-1974.0143,4.126043,0.04626465,81.31897
3306,-1972.1548,-1973.8284,4.024634,0.04482422,79.68774
3307,-1974.5223,-1973.8977,3.665514,0.046948243,79.857994
3308,-1975.3364,-1974.0416,3.485255,0.046826173,79.38725
3309,-1975.0436,-1974.1418,3.2270813,0.046777345,81.89381
3310,-1975.8523,-1974.3129,3.1676805,0.04799805,78.75701
3311,-1979.7227,-1974.8539,5.484837,0.047045898,78.13991
3312,-1974.9106,-1974.8596,4.936643,0.04807129,78.141106
3313,-1976.1948,-1974.9932,4.6034284,0.04536133,77.23614
3314,-1976.4615,-1975.14,4.337139,0.04699707,79.34494
3315,-1974.8873,-1975.1147,3.9091716,0.044897463,79.27091
3316,-1974.8634,-1975.0896,3.52394,0.046606448,78.87615
3317,-1977.0968,-1975.2903,3.5341434,0.048217773,81.50444
3318,-1979.0977,-1975.671,4.485377,0.046411134,79.01647
3319,-1980.3395,-1976.1378,5.998343,0.047070313,80.05996
3320,-1979.3538,-1976.4595,6.329314,0.046875,82.629196
3321,-1977.905,-1976.604,5.8844495,0.04699707,79.89387
3322,-1975.2437,-1976.468,5.4625545,0.0472168,80.974434
3323,-1978.6774,-1976.689,5.3556094,0.046118166,78.91455
3324,-1978.4897,-1976.869,5.1119013,0.04799805,79.98462
3325,-1978.802,-1977.0623,4.9369893,0.046411134,79.2417
3326,-1976.411,-1976.9971,4.481461,0.047167968,80.86392
3327,-1975.4958,-1976.8469,4.2361445,0.04675293,78.30031
3328,-1976.3086,-1976.7931,3.8386118,0.045800783,79.963905
3329,-1976.575,-1976.7712,3.4590333,0.047558594,78.91438
3330,-1973.8528,-1976.4794,3.8796952,0.048339844,78.90248
3331,-1975.2812,-1976.3596,3.62092,0.04777832,79.45301
3332,-1976.2112,-1976.3447,3.260811,0.047265626,81.18861
3333,-1975.9058,-1976.3008,2.952072,0.04799805,77.42341
3334,-1976.3108,-1976.3018,2.6568737,0.048413087,79.490364
3335,-1971.7367,-1975.8452,4.266769,0.04746094,77.92835
3336,-1974.5958,-1975.7202,3.9805796,0.047924805,78.58827
3337,-1975.3682,-1975.685,3.593676,0.04626465,79.88918
3338,-1972.874,-1975.4039,3.9454813,0.045996096,82.73412
3339,-1975.5735,-1975.4209,3.5535204,0.047924805,79.33776
3340,-1976.697,-1975.5485,3.3447323,0.046948243,78.761024
3341,-1977.1313,-1975.7068,3.2357564,0.046533205,78.35982
3342,-1978.4271,-1975.9788,3.5782018,0.04765625,80.47633
3343,-1978.5431,-1976.2352,3.812203,0.04765625,81.117096
3344,-1978.2046,-1976.4321,3.7800367,0.046777345,81.67429
3345,-1977.8015,-1976.5691,3.5708022,0.048950195,82.740906
3346,-1979.6104,-1976.8732,4.0461555,0.045996096,80.09077
3347,-1979.3083,-1977.1167,4.175249,0.048315432,78.46705
3348,-1977.0496,-1977.11,3.7581296,0.046313476,81.315674
3349,-1976.3805,-1977.037,3.4302108,0.046484377,78.46718
3350,-1976.2009,-1976.9534,3.1500993,0.046240237,77.357445
3351,-1976.8833,-1976.9464,2.835531,0.045581054,80.45359
3352,-1978.1484,-1977.0667,2.682016,0.047387697,81.334
3353,-1977.1019,-1977.0702,2.4139264,0.04645996,81.57836
3354,-1978.2374,-1977.1869,2.2951534,0.046948243,79.89244
3355,-1977.1018,-1977.1783,2.0662894,0.04729004,82.072075
3356,-1977.4113,-1977.2017,1.8645427,0.047558594,80.57383
3357,-1978.01,-1977.2825,1.736897,0.048291016,80.93444
3358,-1976.8676,-1977.241,1.5787013,0.04511719,81.43917
3359,-1976.2842,-1977.1453,1.5032208,0.04638672,79.96704
3360,-1978.16,-1977.2467,1.445577,0.046313476,82.48144
3361,-1975.1804,-1977.04,1.6852771,0.04807129,79.62727
3362,-1977.0559,-1977.0416,1.516772,0.046313476,81.168
3363,-1977.5735,-1977.0948,1.3905536,0.046240237,79.21813
3364,-1980.5266,-1977.438,2.3114276,0.045263674,77.55254
3365,-1976.7427,-1977.3684,2.1237962,0.045629885,78.83225
3366,-1977.7338,-1977.4049,1.9234303,0.046875,79.913345
3367,-1976.9744,-1977.3618,1.7477703,0.049194336,78.53031
3368,-1978.5231,-1977.4779,1.6943594,0.045751955,80.171906
3369,-1977.9492,-1977.525,1.5449158,0.047314454,78.58037
3370,-1978.6609,-1977.6387,1.5065411,0.04645996,78.449036
3371,-1978.0448,-1977.6793,1.3707316,0.04543457,77.07422
3372,-1978.8004,-1977.7914,1.3467749,0.04626465,80.38105
3373,-1978.7223,-1977.8845,1.2900906,0.04753418,79.38378
3374,-1977.7837,-1977.8744,1.1619965,0.04914551,80.85199
3375,-1976.8823,-1977.7751,1.1343743,0.045458984,80.76539
3376,-1975.4348,-1977.5411,1.5138807,0.045214843,78.50294
3377,-1977.5231,-1977.5393,1.362522,0.04506836,78.33229
3378,-1975.1086,-1977.2963,1.7580013,0.04802246,78.45577
3379,-1973.3741,-1976.904,2.966673,0.04926758,79.45684
3380,-1975.1064,-1976.7242,2.9608307,0.046655275,79.782715
3381,-1974.363,-1976.4882,3.166524,0.04724121,79.77266
3382,-1977.3523,-1976.5746,2.9170773,0.04621582,78.340004
3383,-1974.1901,-1976.3362,3.1371043,0.046948243,79.4869
3384,-1975.0286,-1976.2054,2.9772813,0.04472656,80.90648
3385,-1970.1865,-1975.6035,5.94002,0.045507815,81.79895
3386,-1972.7859,-1975.3218,6.0605297,0.047875978,81.83949
3387,-1974.1249,-1975.2021,5.5834074,0.047021486,82.02073
3388,-1974.6501,-1975.147,5.05249,0.047021486,80.113174
3389,-1976.2804,-1975.2603,4.6628594,0.04685059,79.8515
3390,-1977.4161,-1975.4758,4.6148787,0.047192384,81.32047
3391,-1979.165,-1975.8447,5.3783145,0.04746094,79.93799
3392,-1976.0903,-1975.8693,4.8459115,0.04748535,81.3703
3393,-1974.2029,-1975.7026,4.6112347,0.047045898,83.21961
3394,-1976.1067,-1975.743,4.1648045,0.046044923,79.05974
3395,-1975.7091,-1975.7396,3.7484279,0.0453125,79.15081
3396,-1978.0698,-1975.9727,3.86227,0.048095703,79.82243
3397,-1977.6201,-1976.1375,3.7203143,0.04724121,80.97199
3398,-1975.9509,-1976.1188,3.351414,0.04650879,78.18501
3399,-1976.7529,-1976.1821,3.0524662,0.045825195,80.01472
3400,-1976.6288,-1976.2268,2.7651746,0.046191406,80.45092
3401,-1977.9784,-1976.402,2.7647822,0.047973633,79.516335
3402,-1977.009,-1976.4626,2.5214703,0.045825195,81.23412
3403,-1978.3708,-1976.6534,2.597035,0.04638672,80.222115
3404,-1972.7775,-1976.2659,3.6894188,0.04572754,81.44275
3405,-1978.626,-1976.5018,3.8217864,0.047143556,77.07696
3406,-1976.6782,-1976.5195,3.4424078,0.047729492,78.97794
3407,-1975.7227,-1976.4398,3.1553178,0.045898438,79.4327
3408,-1973.9216,-1976.188,3.4105005,0.046728518,79.328156
3409,-1973.8054,-1975.9497,3.5803473,0.047729492,81.0015
3410,-1976.9355,-1976.0483,3.3097818,0.04609375,80.66061
3411,-1980.1809,-1976.4615,4.5158343,0.046484377,78.566765
3412,-1980.6202,-1976.8774,5.620775,0.046777345,81.27408
3413,-1975.7244,-1976.7621,5.17836,0.046777345,78.68196
3414,-1977.0242,-1976.7883,4.6667056,0.043896485,78.638
3415,-1978.1343,-1976.923,4.3630767,0.045336913,78.51031
3416,-1976.0553,-1976.8362,3.9945261,0.0482666,79.001945
3417,-1978.1211,-1976.9647,3.7436633,0.046166994,75.66441
3418,-1976.8022,-1976.9485,3.3716726,0.046728518,77.87637
3419,-1979.5002,-1977.2036,3.6205375,0.048925783,77.40551
3420,-1978.096,-1977.2928,3.3301473,0.046875,77.91381
3421,-1978.247,-1977.3883,3.0790603,0.048876952,78.22355
3422,-1979.5442,-1977.6039,3.1894593,0.045703124,79.22158
3423,-1977.8824,-1977.6317,2.8774972,0.046606448,78.92005
3424,-1978.6985,-1977.7384,2.6921678,0.046289064,81.44645
3425,-1977.1243,-1977.677,2.4568956,0.047631837,80.40568
3426,-1978.3635,-1977.7456,2.2536244,0.04848633,83.39798
3427,-1976.6013,-1977.6312,2.1461072,0.047631837,80.63849
3428,-1979.2881,-1977.7969,2.1785634,0.048950195,82.10078
3429,-1980.1523,-1978.0325,2.4600477,0.047875978,80.20845
3430,-1978.9956,-1978.1288,2.2975295,0.048291016,81.594086
3431,-1980.282,-1978.3441,2.48504,0.04724121,81.04238
3432,-1979.7825,-1978.4879,2.4227335,0.047851562,77.78739
3433,-1976.9573,-1978.3348,2.3913174,0.04650879,79.78518
3434,-1980.1635,-1978.5177,2.4531298,0.04758301,79.88455
3435,-1973.924,-1978.0583,4.107045,0.04650879,79.0581
3436,-1979.4971,-1978.2023,3.882633,0.04584961,79.05408
3437,-1982.3064,-1978.6127,5.010316,0.044848632,79.00375
3438,-1978.7075,-1978.6222,4.510094,0.046313476,78.09809
3439,-1977.2684,-1978.4868,4.224025,0.047045898,77.69332
3440,-1980.6943,-1978.7075,4.240205,0.04807129,79.72784
3441,-1977.6511,-1978.6019,3.916622,0.04511719,78.09657
3442,-1978.0137,-1978.5431,3.5561037,0.046948243,79.96772
3443,-1979.9675,-1978.6855,3.3831055,0.0472168,77.5417
3444,-1975.8301,-1978.4,3.778628,0.046557616,77.93025
3445,-1976.5358,-1978.2136,3.7135565,0.04819336,78.35575
3446,-1976.7261,-1978.0648,3.541353,0.04765625,81.70976
3447,-1974.9934,-1977.7577,4.0362387,0.046777345,76.4565
3448,-1975.6047,-1977.5424,4.0497837,0.046313476,77.82975
3449,-1977.3701,-1977.5251,3.6474755,0.046582032,79.672714
3450,-1975.1553,-1977.2882,3.788195,0.044677734,78.348724
3451,-1976.073,-1977.1667,3.5422816,0.04284668,80.31013
3452,-1975.1123,-1976.9613,3.5679197,0.04650879,78.12984
3453,-1973.9807,-1976.6632,4.01068,0.046142578,76.801506
3454,-1976.3572,-1976.6326,3.618041,0.044653323,78.51128
3455,-1976.1812,-1976.5874,3.2745767,0.045532227,78.32608
3456,-1976.4666,-1976.5753,2.9484334,0.04675293,79.369896
3457,-1976.3918,-1976.557,2.6566195,0.04494629,79.77384
3458,-1977.2526,-1976.6266,2.4344995,0.0454834,77.58314
3459,-1980.3708,-1977.001,3.4528048,0.04423828,76.4465
3460,-1978.7637,-1977.1772,3.3871627,0.044750977,77.090256
3461,-1979.0493,-1977.3645,3.3638647,0.046411134,79.47391
3462,-1977.791,-1977.4071,3.0438504,0.046606448,79.60709
3463,-1979.053,-1977.5717,2.9832666,0.044775393,80.20547
3464,-1980.9375,-1977.9082,3.7045417,0.046484377,78.83294
3465,-1979.6768,-1978.0851,3.615588,0.046435546,77.05367
3466,-1982.081,-1978.4846,4.69113,0.047607422,76.78034
3467,-1981.7607,-1978.8123,5.1879854,0.049316406,79.49482
3468,-1982.9595,-1979.2269,6.2171335,0.047387697,81.53774
3469,-1981.3423,-1979.4385,5.998146,0.04863281,77.51707
3470,-1981.5139,-1979.646,5.7860017,0.04790039,78.65064
3471,-1981.9124,-1979.8727,5.6696754,0.04934082,76.275444
3472,-1980.0448,-1979.8899,5.105374,0.04812012,79.67213
3473,-1980.861,-1979.987,4.679704,0.047924805,77.42917
3474,-1979.3466,-1979.923,4.2486553,0.048217773,78.334145
3475,-1979.2118,-1979.8518,3.86931,0.04685059,76.43431
3476,-1978.6384,-1979.7305,3.6148846,0.047436524,79.08881
3477,-1978.5453,-1979.6119,3.3798149,0.048339844,80.681725
3478,-1976.3848,-1979.2892,3.9791515,0.048583984,80.31992
3479,-1977.2499,-1979.0852,3.9555256,0.0486084,78.53656
3480,-1977.6582,-1978.9425,3.7432432,0.047924805,80.23254
3481,-1978.359,-1978.8842,3.3995607,0.04812012,78.42153
3482,-1973.1417,-1978.3099,6.0274014,0.047851562,78.227684
3483,-1973.6422,-1977.8431,7.3855505,0.04836426,80.19802
3484,-1973.5455,-1977.4133,8.309244,0.049658205,82.7341
3485,-1974.6653,-1977.1385,8.157978,0.046801757,79.296265
3486,-1976.4363,-1977.0684,7.3865666,0.047167968,79.37025
3487,-1976.7312,-1977.0347,6.6581407,0.045092773,80.584
3488,-1977.7761,-1977.1088,6.0418043,0.045507815,79.87385
3489,-1975.7323,-1976.9711,5.608143,0.045874026,79.32909
3490,-1978.0144,-1977.0754,5.1452975,0.04685059,78.87081
3491,-1973.8434,-1976.7522,5.570924,0.046484377,78.90491
3492,-1975.1648,-1976.5935,5.2406173,0.048583984,79.408104
3493,-1975.7092,-1976.5051,4.7869306,0.047070313,79.06744
3494,-1978.4716,-1976.7018,4.656254,0.047314454,79.29529
3495,-1979.4817,-1976.9797,4.886138,0.04838867,79.77665
3496,-1979.5471,-1977.2365,4.990755,0.046142578,82.9812
3497,-1978.7664,-1977.3894,4.702335,0.04519043,81.20371
3498,-1979.4873,-1977.5992,4.628208,0.047314454,81.36649
3499,-1981.9296,-1978.0322,5.8530397,0.047192384,80.83553
3500,-1977.8632,-1978.0154,5.270308,0.04711914,78.25925
3501,-1978.6432,-1978.0781,4.77875,0.047143556,77.05517
3502,-1976.0786,-1977.8782,4.660699,0.046875,80.33406
3503,-1978.3185,-1977.9222,4.2120776,0.049584962,79.10142
3504,-1975.6433,-1977.6943,4.258287,0.046875,78.02283
3505,-1979.771,-1977.902,4.220585,0.046533205,80.23997
3506,-1976.1177,-1977.7235,4.085062,0.046044923,80.38817
3507,-1983.0469,-1978.2559,6.226994,0.048779298,78.06536
3508,-1981.9635,-1978.6266,6.841489,0.04790039,78.63411
3509,-1978.1875,-1978.5826,6.1746917,0.04799805,80.355705
3510,-1979.3254,-1978.657,5.6068797,0.048168946,80.3229
3511,-1980.2017,-1978.8114,5.2609344,0.049194336,79.80602
3512,-1977.7161,-1978.7019,4.8428197,0.046411134,77.76727
3513,-1977.7483,-1978.6066,4.4403815,0.045654297,78.05183
3514,-1979.2288,-1978.6688,4.0311847,0.047924805,81.88922
3515,-1978.1626,-1978.6182,3.6511302,0.048950195,78.517845
3516,-1978.9403,-1978.6504,3.295357,0.047387697,80.47516
3517,-1981.9644,-1978.9818,3.954234,0.047851562,81.46859
3518,-1980.7483,-1979.1584,3.8396509,0.045898438,80.06269
3519,-1979.7041,-1979.213,3.4824822,0.045776367,77.36009
3520,-1980.3586,-1979.3276,3.252356,0.046948243,81.12476
3521,-1982.0626,-1979.6011,3.6003335,0.047973633,78.84134
3522,-1980.8245,-1979.7234,3.3750012,0.049243163,76.61097
3523,-1981.2357,-1979.8746,3.2433436,0.04836426,76.98488
3524,-1979.0765,-1979.7948,2.9763353,0.048779298,78.78197
3525,-1980.2346,-1979.8387,2.6961114,0.04733887,79.9004
3526,-1978.6594,-1979.7208,2.551672,0.049291994,78.57252
3527,-1978.4203,-1979.5908,2.4487305,0.047875978,78.58234
3528,-1981.1919,-1979.751,2.4345667,0.04914551,79.27505
3529,-1981.7689,-1979.9528,2.5575988,0.04885254,78.30082
3530,-1984.3091,-1980.3884,4.009818,0.047265626,78.946594
3531,-1984.808,-1980.8303,5.3667583,0.046704102,78.15286
3532,-1983.7449,-1981.1218,5.594597,0.04560547,80.51017
3533,-1982.6902,-1981.2787,5.2565145,0.047436524,77.78004
3534,-1980.9033,-1981.2412,4.743544,0.047753908,78.97367
3535,-1983.3304,-1981.4502,4.66203,0.04685059,78.21313
3536,-1981.4802,-1981.4532,4.195908,0.04807129,78.837456
3537,-1980.3208,-1981.34,3.8917363,0.0482666,77.77666
3538,-1978.9901,-1981.105,3.9995255,0.048925783,79.3106
3539,-1979.7224,-1980.9667,3.7716076,0.048339844,80.57686
3540,-1981.4414,-1981.0142,3.41473,0.04650879,78.128426
3541,-1979.5962,-1980.8723,3.2542143,0.048168946,81.3123
3542,-1981.044,-1980.8895,2.931444,0.04802246,80.118095
3543,-1981.1892,-1980.9194,2.6463823,0.046557616,80.438866
3544,-1979.7974,-1980.8073,2.4950578,0.047851562,79.183205
3545,-1982.9473,-1981.0212,2.6577218,0.046484377,80.035995
3546,-1981.5286,-1981.072,2.4151134,0.049487304,80.44021
3547,-1982.6737,-1981.2322,2.4044874,0.049121093,79.6754
3548,-1980.0784,-1981.1168,2.2838533,0.046411134,81.958755
3549,-1976.2554,-1980.6306,4.1825004,0.04963379,78.95287
3550,-1976.0372,-1980.1713,5.663176,0.05,77.91129
3551,-1977.7631,-1979.9304,5.618808,0.04724121,78.289085
3552,-1975.0144,-1979.4388,7.231975,0.047387697,79.885155
3553,-1978.2122,-1979.3162,6.6442056,0.048315432,81.04788
3554,-1976.3958,-1979.0242,6.7473764,0.04987793,81.91068
3555,-1976.0498,-1978.7267,6.868855,0.047607422,82.29671
3556,-1975.5916,-1978.4132,7.066584,0.049536135,79.65614
3557,-1973.9456,-1977.9664,8.156318,0.047192384,78.82615
3558,-1977.2228,-1977.8921,7.390457,0.04753418,79.20737
3559,-1978.0215,-1977.905,6.652918,0.048925783,80.887085
3560,-1979.5746,-1978.072,6.2384934,0.047802735,77.49623
3561,-1979.1294,-1978.1777,5.7152677,0.046557616,77.98001
3562,-1981.1151,-1978.4714,5.920278,0.048559573,79.2076
3563,-1979.7177,-1978.5961,5.4680247,0.045385744,79.99338
3564,-1978.9368,-1978.6301,4.931669,0.047265626,78.75392
3565,-1979.2112,-1978.6882,4.4688883,0.047167968,76.3214
3566,-1979.0791,-1978.7273,4.0357494,0.047021486,79.4923
3567,-1978.2817,-1978.6827,3.6500413,0.047924805,77.46004
3568,-1979.2787,-1978.7423,3.3170009,0.046826173,78.16691
3569,-1980.0017,-1978.8683,3.1280484,0.04758301,79.34889
3570,-1977.2717,-1978.7086,3.044653,0.04770508,80.44859
3571,-1980.8062,-1978.9183,3.136156,0.04733887,79.81814
3572,-1983.165,-1979.343,4.445645,0.047045898,79.165474
3573,-1981.7837,-1979.587,4.5372,0.046533205,78.05374
3574,-1980.563,-1979.6846,4.1692033,0.045800783,81.38677
3575,-1981.8391,-1979.9,4.1700673,0.050390627,79.740135
3576,-1981.5242,-1980.0625,3.9904668,0.048803713,78.697815
3577,-1981.9502,-1980.2512,3.9121253,0.048754882,78.11322
3578,-1982.4473,-1980.4708,3.954948,0.048168946,77.07386
3579,-1981.5411,-1980.5779,3.6625543,0.049658205,76.956154
3580,-1980.5403,-1980.5741,3.296426,0.0482666,80.52041
3581,-1981.2092,-1980.6376,3.0030887,0.047973633,80.62009
3582,-1981.3652,-1980.7103,2.750434,0.04897461,78.46862
3583,-1979.7222,-1980.6116,2.5632718,0.047607422,78.14103
3584,-1981.4155,-1980.692,2.3651154,0.05,78.37117
3585,-1978.2197,-1980.4448,2.6787033,0.044995118,77.4229
3586,-1978.6831,-1980.2687,2.6901617,0.04758301,78.46203
3587,-1983.1544,-1980.5573,3.1706212,0.048095703,79.51442
3588,-1983.3558,-1980.8372,3.5584455,0.046411134,79.27239
3589,-1983.1335,-1981.0668,3.6772063,0.048779298,76.8013
3590,-1982.7045,-1981.2306,3.5508697,0.04709473,81.20424
3591,-1981.5676,-1981.2643,3.206006,0.04729004,77.739136
3592,-1979.3579,-1981.0736,3.2124884,0.0486084,77.80688
3593,-1983.364,-1981.3026,3.3633754,0.046191406,78.46816
3594,-1982.3704,-1981.4094,3.1296458,0.049169924,77.69515
3595,-1986.9448,-1981.963,5.5743403,0.0472168,78.6783
3596,-1980.0577,-1981.7725,5.343612,0.049438477,77.51677
3597,-1980.2996,-1981.6251,5.0045004,0.04645996,81.40236
3598,-1980.3088,-1981.4935,4.6599846,0.047045898,80.92649
3599,-1980.4937,-1981.3936,4.283964,0.04416504,77.49017
3600,-1981.7556,-1981.4298,3.8673656,0.04765625,79.53991
3601,-1982.1216,-1981.499,3.5236983,0.044995118,78.62026
3602,-1984.9875,-1981.8479,4.266611,0.045922853,76.85148
3603,-1981.1201,-1981.7751,3.8876202,0.048803713,78.51357
3604,-1979.615,-1981.5591,3.9188228,0.046923827,78.322685
3605,-1981.2466,-1981.5278,3.5357294,0.04794922,79.52087
3606,-1979.828,-1981.3579,3.442204,0.048339844,77.5669
3607,-1981.3519,-1981.3573,3.0979867,0.046777345,78.61185
3608,-1981.5342,-1981.375,2.791004,0.045922853,77.73774
3609,-1982.608,-1981.4983,2.6487367,0.04807129,78.17227
3610,-1980.9823,-1981.4467,2.4078252,0.046728518,77.72631
3611,-1979.432,-1981.2452,2.5323355,0.046704102,77.88427
3612,-1981.0063,-1981.2213,2.2842383,0.046362307,75.98832
3613,-1980.8357,-1981.1827,2.069198,0.04938965,78.11028
3614,-1982.5776,-1981.3223,2.0373945,0.048291016,77.40487
3615,-1979.1147,-1981.1016,2.2722378,0.047314454,78.779526
3616,-1981.4946,-1981.1409,2.058919,0.046826173,77.54471
3617,-1978.3386,-1980.8606,2.5597594,0.047436524,76.23443
3618,-1978.3826,-1980.6128,2.856439,0.047436524,76.76213
3619,-1978.617,-1980.4132,2.9293027,0.049072266,77.75385
3620,-1978.4583,-1980.2178,2.980339,0.0482666,76.79172
3621,-1981.6011,-1980.3561,2.854522,0.04709473,77.57351
3622,-1980.1241,-1980.3329,2.5739112,0.04536133,78.17883
3623,-1981.3406,-1980.4336,2.4079096,0.04685059,78.926025
3624,-1980.6343,-1980.4536,2.1707432,0.048657227,77.886536
3625,-1980.6758,-1980.4758,1.9581113,0.048803713,80.41841
3626,-1982.8116,-1980.7095,2.253343,0.047387697,77.74035
3627,-1983.121,-1980.9507,2.5513883,0.048706055,77.69977
3628,-1985.0018,-1981.3558,3.773311,0.048095703,76.66794
3629,-1981.8762,-1981.4078,3.4203517,0.047045898,76.76437
3630,-1981.9384,-1981.4609,3.1036468,0.04777832,73.41727
3631,-1981.3114,-1981.446,2.7952945,0.046191406,74.61994
3632,-1981.7932,-1981.4807,2.5266123,0.049072266,76.107185
3633,-1980.8995,-1981.4226,2.3043501,0.046777345,77.08081
3634,-1985.6512,-1981.8455,3.683239,0.048925783,76.78067
3635,-1982.6614,-1981.927,3.37483,0.047192384,74.16509
3636,-1985.3625,-1982.2705,4.099615,0.049047854,75.599236
3637,-1983.8289,-1982.4264,3.9082146,0.046899416,77.90433
3638,-1984.667,-1982.6504,3.969219,0.04873047,78.16976
3639,-1981.8877,-1982.5741,3.6246505,0.045776367,77.37635
3640,-1982.1619,-1982.5328,3.2774794,0.049560547,77.71972
3641,-1981.636,-1982.4431,3.0221221,0.048535157,76.83917
3642,-1982.26,-1982.4248,2.7229273,0.04863281,75.59639
3643,-1979.3628,-1982.1187,3.294467,0.04921875,76.97452
3644,-1982.1266,-1982.1194,2.9650257,0.046435546,75.96534
3645,-1984.1259,-1982.3201,3.030856,0.04799805,75.379295
3646,-1983.0142,-1982.3895,2.771129,0.047924805,75.90607
3647,-1982.1094,-1982.3616,2.5010796,0.04848633,73.67762
3648,-1981.8767,-1982.3131,2.2721298,0.04584961,75.879814
3649,-1983.8499,-1982.4668,2.257459,0.046582032,77.76698
3650,-1980.8528,-1982.3054,2.2661667,0.04697266,79.677704
3651,-1982.9492,-1982.3698,2.0768528,0.048413087,80.598175
3652,-1981.9481,-1982.3276,1.885167,0.04560547,78.53602
3653,-1980.6061,-1982.1555,1.9633888,0.044873048,78.36213
3654,-1983.7952,-1982.3195,2.00901,0.04543457,76.333694
3655,-1982.2849,-1982.316,1.8082166,0.045825195,75.36797
3656,-1983.3359,-1982.418,1.721012,0.046606448,76.92531
3657,-1984.915,-1982.6677,2.110093,0.04790039,77.04731
3658,-1982.0261,-1982.6035,1.9361326,0.047607422,75.083084
3659,-1981.982,-1982.5414,1.7772784,0.04819336,76.61347
3660,-1980.8516,-1982.3724,1.8565446,0.04819336,75.35395
3661,-1981.5938,-1982.2946,1.725462,0.048339844,78.137
3662,-1984.0421,-1982.4694,1.8277721,0.048095703,76.406784
3663,-1981.5396,-1982.3763,1.7228041,0.04765625,75.35188
3664,-1982.6632,-1982.405,1.5579299,0.049047854,76.95783
3665,-1980.6516,-1982.2297,1.6788396,0.04697266,77.736145
3666,-1981.5404,-1982.1608,1.5537215,0.04824219,76.51516
3667,-1982.4272,-1982.1874,1.4047405,0.047973633,74.1987
3668,-1980.1729,-1981.986,1.6295149,0.04663086,75.46655
3669,-1979.4601,-1981.7334,2.040769,0.049731445,78.51872
3670,-1979.0757,-1981.4677,2.4724026,0.048803713,76.27935
3671,-1981.4412,-1981.465,2.2252254,0.049438477,78.98269
3672,-1979.0846,-1981.2269,2.5126576,0.050805666,79.2246
3673,-1982.3975,-1981.344,2.384705,0.047802735,79.92932
3674,-1981.7324,-1981.3828,2.1598134,0.048315432,78.99424
3675,-1982.5377,-1981.4983,2.063875,0.05012207,80.495094
3676,-1982.3577,-1981.5842,1.9239547,0.047924805,80.199745
3677,-1980.896,-1981.5154,1.774189,0.04748535,79.03903
3678,-1980.4313,-1981.407,1.7025459,0.047729492,78.95515
3679,-1980.992,-1981.3655,1.5477945,0.04836426,79.08779
3680,-1980.1526,-1981.2441,1.5254142,0.048559573,79.84212
3681,-1979.7179,-1981.0916,1.582521,0.049365234,78.10283
3682,-1984.145,-1981.3969,2.2633982,0.049438477,80.21469
3683,-1982.627,-1981.5199,2.173242,0.048291016,74.98079
3684,-1983.8418,-1981.7521,2.4411273,0.04770508,75.03553
3685,-1985.9734,-1982.1742,3.8007681,0.048046876,80.357765
3686,-1983.2166,-1982.2784,3.5184772,0.04685059,77.90251
3687,-1981.2139,-1982.172,3.2686281,0.047509767,77.793655
3688,-1983.4121,-1982.296,3.0801742,0.046240237,78.99584
3689,-1980.9678,-1982.1632,2.9309382,0.047436524,78.1151
3690,-1981.9835,-1982.1453,2.6407502,0.045410156,76.98575
3691,-1980.7882,-1982.0095,2.5424192,0.047070313,77.522026
3692,-1984.0134,-1982.21,2.649585,0.048217773,80.241325
3693,-1982.7357,-1982.2626,2.4095042,0.047631837,78.92572
3694,-1982.9612,-1982.3324,2.2124786,0.045532227,76.40475
3695,-1985.2703,-1982.6262,2.7680259,0.04914551,75.94673
3696,-1986.7423,-1983.0378,4.0160203,0.04523926,74.14719
3697,-1987.906,-1983.5247,5.74733,0.048413087,77.394936
3698,-1987.3582,-1983.908,6.495209,0.04699707,77.06779
3699,-1985.2432,-1984.0415,6.006138,0.046191406,79.75675
3700,-1984.5767,-1984.095,5.431299,0.047558594,76.34846
3701,-1986.0109,-1984.2866,5.218528,0.047802735,77.32076
3702,-1983.8773,-1984.2457,4.7117524,0.04777832,74.181435
3703,-1982.6173,-1984.0829,4.479234,0.04934082,78.86346
3704,-1981.5446,-1983.8291,4.6111913,0.048315432,80.068085
3705,-1979.5424,-1983.4004,5.803927,0.04621582,78.636925
3706,-1981.1276,-1983.1731,5.688451,0.04685059,77.59328
3707,-1981.5822,-1983.014,5.3474045,0.04765625,75.476746
3708,-1982.8416,-1982.9968,4.8153415,0.047851562,75.42995
3709,-1984.2101,-1983.1182,4.4662867,0.046557616,78.76138
3710,-1983.905,-1983.1969,4.075382,0.046777345,76.909546
3711,-1988.6497,-1983.7422,6.343776,0.04926758,78.651344
3712,-1983.276,-1983.6956,5.728958,0.047387697,77.69248
3713,-1983.3839,-1983.6644,5.164803,0.048217773,77.06334
3714,-1983.9534,-1983.6934,4.655836,0.04794922,78.55786
3715,-1985.3186,-1983.8558,4.4279804,0.047729492,73.97265
3716,-1982.3977,-1983.71,4.176535,0.047143556,76.14715
3717,-1982.6548,-1983.6045,3.8590872,0.049438477,77.474106
3718,-1981.7153,-1983.4155,3.7943819,0.04765625,77.298805
3719,-1983.0889,-1983.3828,3.4245472,0.04748535,78.670525
3720,-1982.0713,-1983.2517,3.2369008,0.046435546,75.817566
3721,-1983.1577,-1983.2423,2.9140058,0.046679687,76.8249
3722,-1983.0151,-1983.2196,2.62725,0.048339844,78.569466
3723,-1986.305,-1983.5282,3.2213247,0.0482666,78.07018
3724,-1985.0168,-1983.677,3.0986385,0.048315432,78.679436
3725,-1982.8164,-1983.591,2.8554308,0.0486084,79.71843
3726,-1981.1521,-1983.347,3.1052036,0.048754882,77.77766
3727,-1981.9445,-1983.2068,2.971736,0.049560547,76.90731
3728,-1983.1814,-1983.2042,2.6746202,0.046899416,74.78117
3729,-1982.9805,-1983.1819,2.411664,0.049047854,76.248405
3730,-1986.0847,-1983.4722,2.9288764,0.050024416,78.39871
3731,-1986.2444,-1983.7494,3.3276553,0.046484377,77.56637
3732,-1985.503,-1983.9248,3.2716694,0.049291994,78.970924
3733,-1982.9923,-1983.8315,3.0227618,0.050073244,77.872025
3734,-1983.6863,-1983.817,2.7223847,0.048876952,79.201065
3735,-1982.6311,-1983.6985,2.5767214,0.0472168,77.36977
3736,-1979.3212,-1983.2607,4.0435324,0.046704102,76.6587
3737,-1981.5427,-1983.089,3.9048216,0.04824219,76.75928
3738,-1979.4252,-1982.7227,4.7224603,0.046948243,76.23791
3739,-1982.441,-1982.6945,4.257352,0.046606448,78.12401
3740,-1984.5383,-1982.8789,4.137604,0.048461914,77.95662
3741,-1983.8784,-1982.9789,3.8137558,0.04699707,76.72363
3742,-1984.5823,-1983.1392,3.6637583,0.045874026,78.04722
3743,-1982.5958,-1983.0848,3.3239515,0.045947265,78.8686
3744,-1981.2802,-1982.9044,3.284677,0.046679687,77.30737
3745,-1981.7083,-1982.7848,3.0849826,0.0482666,74.74466
3746,-1981.7345,-1982.6798,2.8757646,0.04897461,77.238655
3747,-1983.79,-1982.7908,2.699123,0.045678712,76.53298
3748,-1981.0587,-1982.6176,2.699212,0.048339844,75.970985
3749,-1981.0459,-1982.4604,2.6516,0.046411134,77.14582
3750,-1979.86,-1982.2004,2.9950569,0.048217773,77.89628
3751,-1978.392,-1981.8196,4.0009522,0.045581054,77.727905
3752,-1978.4144,-1981.479,4.6444116,0.04675293,77.643936
3753,-1980.0131,-1981.3324,4.373379,0.04802246,77.848816
3754,-1983.4456,-1981.5437,4.337931,0.047167968,75.81832
3755,-1984.7488,-1981.8643,4.8286653,0.04626465,75.04197
3756,-1984.5739,-1982.1353,5.00657,0.04836426,78.605354
3757,-1983.9634,-1982.3181,4.8066964,0.049438477,78.27961
3758,-1984.166,-1982.5029,4.6333528,0.049438477,76.262566
3759,-1983.0007,-1982.5527,4.19232,0.047314454,76.979706
3760,-1982.406,-1982.5381,3.7750254,0.04794922,75.60181
3761,-1980.3132,-1982.3156,3.8430204,0.046606448,76.95418
3762,-1980.891,-1982.1731,3.6413617,0.04748535,77.10947
3763,-1980.014,-1981.9572,3.6967633,0.0482666,75.73694
3764,-1982.184,-1981.9799,3.3317165,0.04709473,76.397194
3765,-1982.1377,-1981.9956,3.000787,0.046362307,77.213104
3766,-1986.0563,-1982.4016,4.184721,0.04819336,76.78308
3767,-1984.566,-1982.618,4.1878767,0.046484377,76.59344
3768,-1986.3851,-1982.9948,5.0462756,0.04597168,75.87254
3769,-1985.5157,-1983.2468,5.1136355,0.046948243,76.41554
3770,-1986.6366,-1983.5858,5.6364207,0.04897461,76.74821
3771,-1985.9846,-1983.8257,5.590662,0.048535157,78.90686
3772,-1982.8394,-1983.727,5.1191516,0.049707033,79.08063
3773,-1984.0566,-1983.76,4.617013,0.04777832,78.67526
3774,-1986.6987,-1984.0538,4.9325585,0.048681643,76.378075
3775,-1985.1527,-1984.1637,4.5479803,0.048461914,75.87392
3776,-1985.3649,-1984.2838,4.2230353,0.049804688,79.469696
3777,-1983.8071,-1984.2361,3.8211823,0.04753418,78.55837
3778,-1984.8977,-1984.3022,3.4784606,0.0501709,77.83995
3779,-1979.6627,-1983.8383,5.0678825,0.050268557,77.39027
3780,-1981.5427,-1983.6086,5.0353465,0.048779298,78.3855
3781,-1979.116,-1983.1594,6.348384,0.046362307,76.0455
3782,-1981.2201,-1982.9655,6.052036,0.045825195,78.233536
3783,-1982.7084,-1982.9397,5.4527802,0.047558594,74.77731
3784,-1982.7039,-1982.9161,4.9125075,0.048657227,76.03458
3785,-1983.4601,-1982.9706,4.4478855,0.048657227,77.3267
3786,-1981.8513,-1982.8586,4.1158442,0.048901368,74.1192
3787,-1983.0253,-1982.8752,3.7067587,0.048657227,78.68848
3788,-1982.167,-1982.8044,3.3812287,0.049609374,76.50868
3789,-1981.8168,-1982.7057,3.1309001,0.049560547,75.654686
3790,-1980.7402,-1982.5092,3.165481,0.04765625,73.94211
3791,-1984.4208,-1982.7003,3.1778193,0.048779298,78.07162
3792,-1983.258,-1982.7561,2.8880339,0.04814453,77.990295
3793,-1985.2126,-1983.0017,3.1423447,0.0472168,77.164085
3794,-1981.8718,-1982.8887,2.9430075,0.047387697,75.34088
3795,-1981.7445,-1982.7743,2.766527,0.050341796,76.496254
3796,-1983.4609,-1982.843,2.5323076,0.048876952,75.78234
3797,-1986.1202,-1983.1708,3.245693,0.047851562,77.0165
3798,-1985.5088,-1983.4045,3.413091,0.049536135,74.04431
3799,-1982.9492,-1983.359,3.0904405,0.04699707,78.11536
3800,-1983.063,-1983.3293,2.789283,0.047070313,74.09064
3801,-1984.1931,-1983.4158,2.5775034,0.046801757,78.13788
3802,-1984.0621,-1983.4805,2.3573534,0.0486084,77.76627
3803,-1985.4846,-1983.6809,2.4831138,0.047924805,78.26786
3804,-1983.6127,-1983.6741,2.2352214,0.049194336,78.81381
3805,-1985.0555,-1983.8123,2.1834605,0.047192384,77.805725
3806,-1985.4186,-1983.9729,2.197339,0.046484377,76.67806
3807,-1985.2,-1984.0956,2.1131139,0.047387697,78.94227
3808,-1986.5543,-1984.3414,2.4458888,0.049194336,78.30362
3809,-1983.696,-1984.2769,2.2387867,0.04790039,77.17034
3810,-1981.4392,-1983.993,2.7396092,0.048901368,79.58147
3811,-1981.9316,-1983.7869,2.848092,0.048925783,80.61337
3812,-1982.9027,-1983.6985,2.6336386,0.048681643,78.58993
3813,-1983.5066,-1983.6793,2.3735888,0.04753418,75.50775
3814,-1981.8367,-1983.4951,2.4418128,0.04663086,74.161285
3815,-1981.5715,-1983.3027,2.5306473,0.04777832,77.33518
3816,-1983.7042,-1983.3429,2.29209,0.050390627,77.866005
3817,-1986.0231,-1983.611,2.7093816,0.046313476,76.77409
3818,-1988.2288,-1984.0728,4.3576083,0.049121093,78.39557
3819,-1987.55,-1984.4205,5.0100894,0.048535157,74.82708
3820,-1986.2458,-1984.603,4.808941,0.04938965,76.57786
3821,-1988.0529,-1984.948,5.3991656,0.048095703,76.429146
3822,-1987.943,-1985.2476,5.6665487,0.04848633,79.62935
3823,-1987.5079,-1985.4736,5.5597305,0.047924805,74.785736
3824,-1983.6287,-1985.2892,5.3101096,0.051098634,77.28127
3825,-1987.0173,-1985.462,5.047884,0.048876952,76.39779
3826,-1983.2786,-1985.2437,4.9721746,0.047021486,76.82631
3827,-1986.2927,-1985.3485,4.574007,0.051416017,74.53143
3828,-1986.3423,-1985.4479,4.205489,0.0482666,75.294235
3829,-1987.0559,-1985.6086,4.017659,0.04584961,76.15891
3830,-1985.0679,-1985.5546,3.6422124,0.046801757,74.47677
3831,-1986.26,-1985.6251,3.3227797,0.04770508,75.9493
3832,-1984.1914,-1985.4817,3.1755002,0.048437502,75.03467
3833,-1981.9758,-1985.1311,3.9641442,0.04802246,75.434074
3834,-1984.1497,-1985.033,3.6544209,0.046142578,76.17683
3835,-1984.0308,-1984.9327,3.3793747,0.04638672,74.65398
3836,-1984.8928,-1984.9287,3.0415804,0.047973633,77.91901
3837,-1986.2964,-1985.0654,2.9057705,0.044799805,73.61008
3838,-1984.9734,-1985.0563,2.6159558,0.046166994,77.412605
3839,-1985.5107,-1985.1017,2.372949,0.048291016,77.93463
3840,-1982.5808,-1984.8496,2.7075865,0.046826173,77.52906
3841,-1984.8801,-1984.8527,2.4369118,0.047558594,76.05895
3842,-1985.5933,-1984.9268,2.2425847,0.04626465,74.766525
3843,-1984.7747,-1984.9115,2.0204082,0.048681643,75.666
3844,-1986.5115,-1985.0715,2.0487602,0.04748535,77.77266
3845,-1986.5925,-1985.2236,2.0520928,0.04729004,78.003296
3846,-1984.3479,-1985.1361,1.9159051,0.04987793,76.95527
3847,-1983.011,-1984.9236,2.1307673,0.047802735,77.3065
3848,-1981.9978,-1984.631,2.6881082,0.048046876,77.767944
3849,-1983.9808,-1984.5659,2.4573395,0.048217773,77.19635
3850,-1981.5939,-1984.2687,3.0065806,0.04814453,75.21714
3851,-1982.0555,-1984.0474,3.1467395,0.04790039,78.21882
3852,-1983.6494,-1984.0076,2.846318,0.049194336,79.68509
3853,-1985.0343,-1984.1102,2.6565626,0.049609374,78.85846
3854,-1982.1877,-1983.918,2.7235417,0.049926758,77.247215
3855,-1985.7903,-1984.1052,2.766688,0.048046876,77.10568
3856,-1985.9382,-1984.2886,2.7924118,0.045214843,76.74341
3857,-1986.137,-1984.4734,2.8206592,0.04765625,76.53194
3858,-1985.7386,-1984.5999,2.6826725,0.048217773,78.225586
3859,-1986.8073,-1984.8206,2.8529394,0.048046876,77.19898
3860,-1987.0623,-1985.0447,3.0199146,0.048437502,74.07926
3861,-1985.2258,-1985.0627,2.7208765,0.04758301,76.557495
3862,-1984.8022,-1985.0367,2.454896,0.04909668,75.37128
3863,-1985.2073,-1985.0538,2.2120237,0.04746094,77.54468
3864,-1986.2356,-1985.172,2.116512,0.050073244,76.13999
3865,-1988.1985,-1985.4746,2.7292283,0.04736328,78.32336
3866,-1984.0168,-1985.3289,2.647562,0.048413087,76.71049
3867,-1985.5708,-1985.353,2.3880742,0.046679687,75.93974
3868,-1983.8593,-1985.2036,2.3500893,0.048095703,73.82949
3869,-1984.2971,-1985.1129,2.1890361,0.046435546,75.683716
3870,-1984.7539,-1985.077,1.9817322,0.04765625,75.12872
3871,-1985.1443,-1985.0837,1.7839662,0.048999023,77.406265
3872,-1985.5476,-1985.1301,1.624935,0.048461914,73.04188
3873,-1982.8147,-1984.8986,1.9449508,0.047680665,76.0234
3874,-1983.7279,-1984.7815,1.8737946,0.049560547,74.4541
3875,-1985.621,-1984.8655,1.74984,0.04807129,77.18721
3876,-1988.3756,-1985.2166,2.6837482,0.04812012,76.4412
3877,-1987.981,-1985.493,3.103147,0.04748535,75.69452
3878,-1985.4661,-1985.4904,2.7928977,0.048706055,75.1465
3879,-1986.4,-1985.5813,2.5880826,0.04711914,76.82527
3880,-1982.8403,-1985.3073,3.0054352,0.046411134,75.849205
3881,-1983.7461,-1985.1511,2.9242408,0.045751955,77.278244
3882,-1984.3757,-1985.0736,2.6859274,0.044799805,76.538124
3883,-1986.0034,-1985.1666,2.4951437,0.04765625,74.745415
3884,-1987.6099,-1985.4109,2.7828758,0.049169924,77.728806
3885,-1987.994,-1985.6692,3.1051185,0.04736328,74.30783
3886,-1988.9502,-1985.9973,3.7634568,0.045629885,78.70962
3887,-1990.4639,-1986.444,5.1826196,0.047192384,76.33042
3888,-1989.6702,-1986.7666,5.6011086,0.04812012,77.32505
3889,-1987.6445,-1986.8544,5.110366,0.047753908,74.84707
3890,-1988.5288,-1987.0219,4.8516665,0.047167968,76.38769
3891,-1986.0065,-1986.9203,4.4592896,0.04729004,76.585686
3892,-1988.3254,-1987.0608,4.191061,0.046411134,75.72942
3893,-1984.3737,-1986.7921,4.421817,0.048046876,77.62897
3894,-1985.2866,-1986.6416,4.183621,0.04663086,74.80761
3895,-1983.139,-1986.2914,4.8693743,0.04650879,74.49349
3896,-1987.5151,-1986.4138,4.5172186,0.04748535,72.60913
3897,-1988.1091,-1986.5834,4.324164,0.048559573,75.47125
3898,-1986.5532,-1986.5803,3.8918295,0.04812012,75.47107
3899,-1986.3909,-1986.5614,3.5058768,0.046191406,75.61024
3900,-1987.0034,-1986.6056,3.1728733,0.045898438,77.25742
3901,-1984.614,-1986.4065,3.21256,0.047387697,78.60807
3902,-1984.1799,-1986.1838,3.337486,0.04873047,76.88056
3903,-1982.2303,-1985.7885,4.4104457,0.048803713,76.943954
3904,-1984.0825,-1985.6179,4.2313194,0.04621582,76.758156
3905,-1985.4432,-1985.6005,3.8109336,0.04638672,74.92664
3906,-1983.5161,-1985.3921,3.8208466,0.04650879,75.83869
3907,-1983.9752,-1985.2504,3.619439,0.048217773,75.413216
3908,-1983.606,-1985.0859,3.5008624,0.0501709,77.81521
3909,-1985.3798,-1985.1154,3.158546,0.047070313,76.41208
3910,-1986.0076,-1985.2046,2.914335,0.048779298,77.19356
3911,-1986.0721,-1985.2914,2.69064,0.04790039,77.261215
3912,-1984.7726,-1985.2395,2.4457996,0.0486084,77.47891
3913,-1988.8684,-1985.6024,3.3864262,0.048706055,78.54817
3914,-1986.9417,-1985.7363,3.2092028,0.047924805,78.304085
3915,-1987.8406,-1985.9468,3.28679,0.047436524,78.562294
3916,-1985.6,-1985.9121,2.9689353,0.047314454,76.887665
3917,-1984.3428,-1985.7551,2.893695,0.047802735,74.54483
3918,-1985.1361,-1985.6932,2.638812,0.048876952,73.02159
3919,-1985.0176,-1985.6257,2.416017,0.047875978,74.53022
3920,-1982.9045,-1985.3536,2.8408546,0.0482666,78.34703
3921,-1984.3716,-1985.2554,2.6435683,0.048925783,76.36796
3922,-1983.1787,-1985.0477,2.767338,0.049780276,76.59647
3923,-1987.2852,-1985.2715,2.9411511,0.048706055,76.71786
3924,-1985.5885,-1985.3032,2.656081,0.048339844,77.951675
3925,-1987.7466,-1985.5476,2.927773,0.04885254,75.238556
3926,-1983.0804,-1985.3009,3.182816,0.04975586,74.05565
3927,-1988.5077,-1985.6216,3.790048,0.049169924,73.70585
3928,-1986.876,-1985.7471,3.5526586,0.04926758,76.70776
3929,-1984.8739,-1985.6598,3.2660108,0.04777832,77.108215
3930,-1984.4766,-1985.5415,3.065412,0.046557616,75.7287
3931,-1984.911,-1985.4785,2.7946477,0.04851074,77.25342
3932,-1985.2222,-1985.4529,2.521097,0.049169924,75.694885
3933,-1985.7646,-1985.484,2.277735,0.04663086,75.68873
3934,-1985.7473,-1985.5104,2.0562012,0.048413087,76.652145
3935,-1988.3556,-1985.7949,2.5791533,0.047314454,74.19388
3936,-1988.3027,-1986.0457,2.887259,0.048950195,76.551605
3937,-1988.7805,-1986.3191,3.2716858,0.048339844,75.03563
3938,-1987.0627,-1986.3934,2.994289,0.04987793,78.38974
3939,-1986.5244,-1986.4065,2.696404,0.049047854,76.61232
3940,-1983.5906,-1986.1249,3.140409,0.049291994,76.39655
3941,-1984.7627,-1985.9886,2.9933667,0.048950195,76.47772
3942,-1987.1096,-1986.1007,2.807122,0.04650879,77.62608
3943,-1985.3408,-1986.0247,2.5783782,0.047021486,77.13235
3944,-1982.9515,-1985.7173,3.1705065,0.049902346,78.92313
3945,-1984.8949,-1985.635,2.9143248,0.04741211,77.777084
3946,-1984.5996,-1985.5315,2.719377,0.049926758,79.03708
3947,-1987.7859,-1985.757,2.9048457,0.048559573,78.01361
3948,-1984.0298,-1985.5842,2.8828425,0.04675293,74.769295
3949,-1986.9993,-1985.7257,2.7747684,0.04790039,75.09246
3950,-1986.4542,-1985.7986,2.5450575,0.04873047,76.45531
3951,-1986.9493,-1985.9137,2.4097335,0.047143556,75.53239
3952,-1985.5709,-1985.8794,2.1793344,0.047192384,74.66068
3953,-1987.3315,-1986.0247,2.1511872,0.04794922,75.81469
3954,-1985.8853,-1986.0107,1.9378175,0.046362307,72.98424
3955,-1988.7662,-1986.2863,2.4273825,0.050805666,75.944435
3956,-1989.5438,-1986.612,3.1397018,0.04697266,74.143814
3957,-1987.6333,-1986.7142,2.9195955,0.04799805,75.048676
3958,-1989.8438,-1987.0272,3.5090847,0.04685059,74.45524
3959,-1986.043,-1986.9288,3.245364,0.046240237,75.170944
3960,-1984.7424,-1986.7102,3.3510592,0.049243163,75.97508
3961,-1985.6516,-1986.6044,3.116809,0.048168946,74.73719
3962,-1988.1514,-1986.759,3.020516,0.04921875,74.66436
3963,-1985.0771,-1986.5908,2.9730506,0.04733887,75.8849
3964,-1985.9233,-1986.524,2.7158432,0.047729492,74.65751
3965,-1985.739,-1986.4456,2.499724,0.047192384,75.24719
3966,-1987.0565,-1986.5066,2.2833462,0.04836426,74.70704
3967,-1988.0204,-1986.658,2.2612529,0.049707033,73.43077
3968,-1985.7463,-1986.5668,2.1099224,0.048315432,75.87209
3969,-1984.5482,-1986.3649,2.265641,0.047753908,77.206215
3970,-1987.305,-1986.4589,2.1186323,0.049536135,74.69904
3971,-1986.3762,-1986.4506,1.9073838,0.049047854,75.31637
3972,-1984.9976,-1986.3053,1.9066548,0.04814453,75.581505
3973,-1984.9213,-1986.1669,1.8883886,0.049536135,75.9444
3974,-1983.7859,-1985.9287,2.2097664,0.045922853,75.78441
3975,-1986.1812,-1985.954,1.9945251,0.04873047,76.34386
3976,-1985.8801,-1985.9465,1.7955633,0.04724121,74.80346
3977,-1985.4475,-1985.8966,1.6384192,0.046411134,73.45151
3978,-1985.6946,-1985.8765,1.4782505,0.048657227,74.662575
3979,-1987.8408,-1986.0729,1.6777078,0.048095703,75.23612
3980,-1987.2349,-1986.1891,1.6314563,0.04987793,73.78464
3981,-1985.7004,-1986.1403,1.4898005,0.048559573,73.58701
3982,-1986.8865,-1986.2148,1.3909358,0.049804688,75.31312
3983,-1985.9779,-1986.1912,1.2568948,0.04819336,75.981384
3984,-1987.1011,-1986.2821,1.2057198,0.049609374,74.645226
3985,-1988.454,-1986.4993,1.5096815,0.04848633,76.83626
3986,-1986.9834,-1986.5477,1.3798077,0.04621582,77.00988
3987,-1984.9998,-1986.393,1.4574869,0.047167968,75.510124
3988,-1986.0592,-1986.3596,1.3217626,0.04741211,78.241264
3989,-1987.4901,-1986.4727,1.3046075,0.045629885,75.63161
3990,-1987.492,-1986.5746,1.2676519,0.045874026,72.50336
3991,-1989.7554,-1986.8927,2.0514526,0.04799805,72.71597
3992,-1986.9597,-1986.8994,1.8467116,0.047973633,74.13169
3993,-1986.7734,-1986.8868,1.6634687,0.04909668,76.48485
3994,-1989.2915,-1987.1273,2.0175383,0.04794922,73.91336
3995,-1985.973,-1987.0118,1.9357007,0.047607422,75.65778
3996,-1986.2555,-1986.9362,1.793616,0.04819336,76.17371
3997,-1988.6895,-1987.1115,1.8909187,0.049804688,75.4927
3998,-1988.3424,-1987.2345,1.8381997,0.047436524,74.95183
3999,-1989.7164,-1987.4827,2.2087793,0.045898438,74.93991
4000,-1987.6853,-1987.5029,1.9915968,0.04765625,76.13638
4001,-1989.0427,-1987.6569,2.0058243,0.048461914,75.672714
4002,-1988.6506,-1987.7562,1.8941246,0.05065918,74.91778
4003,-1988.7292,-1987.8535,1.7899218,0.049438477,74.29662
4004,-1987.2452,-1987.7927,1.6442297,0.04638672,73.28205
4005,-1990.3813,-1988.0516,2.0828938,0.04851074,76.37006
4006,-1989.6787,-1988.2144,2.112868,0.048754882,76.307304
4007,-1989.1199,-1988.3049,1.9753778,0.05053711,75.29593
4008,-1989.5527,-1988.4297,1.917971,0.04838867,74.26861
4009,-1987.1621,-1988.303,1.8707818,0.050830077,72.44646
4010,-1989.2611,-1988.3988,1.7663248,0.04938965,71.901024
4011,-1985.3727,-1988.0962,2.41386,0.04819336,74.10435
4012,-1987.8624,-1988.0728,2.177392,0.049487304,74.2532
4013,-1989.9587,-1988.2614,2.2797778,0.050317384,72.89846
4014,-1989.8335,-1988.4186,2.2742472,0.04963379,72.007744
4015,-1988.9624,-1988.4729,2.0734394,0.048168946,74.0219
4016,-1990.6428,-1988.69,2.289866,0.05024414,74.093056
4017,-1987.3484,-1988.5558,2.2228582,0.048828125,75.369156
4018,-1988.3823,-1988.5385,2.0032802,0.049951173,75.24961
4019,-1987.4019,-1988.4248,1.9192188,0.04851074,77.6219
4020,-1985.8531,-1988.1676,2.3225038,0.0501709,76.678764
4021,-1987.306,-1988.0814,2.1570609,0.050048828,73.93975
4022,-1986.4563,-1987.919,2.1790466,0.048754882,75.234375
4023,-1986.8849,-1987.8156,2.0573769,0.04934082,72.2315
4024,-1988.4941,-1987.8834,1.8930827,0.049487304,75.460526
4025,-1988.3542,-1987.9305,1.7237253,0.049291994,76.69174
4026,-1987.6842,-1987.9059,1.5568142,0.048925783,74.61096
4027,-1987.7876,-1987.894,1.402392,0.04790039,76.80716
4028,-1986.9468,-1987.7993,1.3429109,0.04758301,77.17681
4029,-1989.8312,-1988.0024,1.5801808,0.046728518,77.95999
4030,-1987.9924,-1988.0015,1.4221717,0.04609375,76.676704
4031,-1988.225,-1988.0238,1.2844507,0.047924805,76.41472
4032,-1988.0417,-1988.0256,1.1560345,0.046411134,72.6346
4033,-1990.3818,-1988.2612,1.5400826,0.0482666,71.47778
4034,-1989.2708,-1988.3622,1.4777963,0.049072266,72.04938
4035,-1989.1531,-1988.4413,1.3863127,0.047802735,75.34587
4036,-1988.0944,-1988.4066,1.2585135,0.048901368,71.54408
4037,-1985.2986,-1988.0958,2.00205,0.04746094,74.295395
4038,-1985.3688,-1987.8231,2.4711573,0.046044923,74.100235
4039,-1984.7539,-1987.5162,3.0718482,0.047802735,74.56015
4040,-1986.2205,-1987.3867,2.9157765,0.047387697,77.65232
4041,-1985.8894,-1987.2369,2.8259742,0.046166994,73.69691
4042,-1987.9547,-1987.3087,2.5897446,0.04782715,75.87756
4043,-1986.7877,-1987.2566,2.3551993,0.046606448,73.947075
4044,-1984.405,-1986.9714,2.851506,0.04753418,75.01704
4045,-1986.0632,-1986.8806,2.6405902,0.04765625,75.77556
4046,-1986.5903,-1986.8516,2.384115,0.048559573,74.480774
4047,-1987.5156,-1986.918,2.1853914,0.04897461,73.24088
4048,-1987.4211,-1986.9683,1.9896388,0.048583984,76.76465
4049,-1987.2207,-1986.9935,1.7964103,0.048046876,72.052826
4050,-1987.4016,-1987.0343,1.631757,0.047729492,75.63836
4051,-1987.8975,-1987.1206,1.5356352,0.046362307,74.36314
4052,-1986.8934,-1987.0979,1.3867164,0.048413087,72.605
4053,-1990.6094,-1987.4491,2.3577857,0.04697266,72.76386
4054,-1988.6602,-1987.5702,2.2540069,0.047729492,75.984276
4055,-1991.4915,-1987.9623,3.4124744,0.04799805,75.71366
4056,-1986.8673,-1987.8528,3.1791334,0.048876952,77.26937
4057,-1986.6741,-1987.7349,2.9862623,0.04711914,75.089905
4058,-1986.6602,-1987.6274,2.7915854,0.048657227,76.57403
4059,-1990.4122,-1987.9059,3.2103817,0.048095703,73.19765
4060,-1987.7502,-1987.8904,2.8915236,0.047753908,74.32463
4061,-1989.8085,-1988.0822,2.9334877,0.049121093,76.27868
4062,-1990.2756,-1988.3015,3.0731614,0.04987793,76.46173
4063,-1988.8337,-1988.3547,2.791339,0.047924805,76.25363
4064,-1986.9912,-1988.2184,2.6795332,0.049829103,76.22344
4065,-1987.0396,-1988.1005,2.536648,0.046557616,74.8695
4066,-1987.4373,-1988.0342,2.3225691,0.048095703,73.68711
4067,-1989.063,-1988.1371,2.1855724,0.050073244,75.18903
4068,-1988.4734,-1988.1707,1.9771942,0.048901368,74.28649
4069,-1991.2085,-1988.4745,2.6100383,0.048315432,76.466774
4070,-1992.3154,-1988.8586,3.67679,0.048217773,77.58646
4071,-1988.0702,-1988.7798,3.36506,0.04782715,77.008606
4072,-1987.5955,-1988.6614,3.1547906,0.050146487,77.62222
4073,-1986.6272,-1988.458,3.2117214,0.049975585,76.34352
4074,-1987.6974,-1988.382,2.9426181,0.047973633,76.18515
4075,-1984.6376,-1988.0076,3.9101937,0.04790039,74.82092
4076,-1988.6875,-1988.0756,3.560782,0.048828125,75.366684
4077,-1986.3536,-1987.9033,3.4715555,0.047192384,74.967384
4078,-1992.0245,-1988.3154,4.6529975,0.0482666,74.93386
4079,-1991.1436,-1988.5983,4.9075437,0.04729004,74.343994
4080,-1990.2317,-1988.7616,4.6569157,0.047802735,76.74822
4081,-1988.5898,-1988.7444,4.1938787,0.04848633,77.04971
4082,-1991.0955,-1988.9795,4.2719703,0.04782715,76.58817
4083,-1989.9224,-1989.0737,3.9247837,0.04938965,76.99895
4084,-1991.1763,-1989.2839,3.9301658,0.048339844,74.75488
4085,-1988.6316,-1989.2188,3.575449,0.0472168,75.80001
4086,-1989.4482,-1989.2417,3.222644,0.04848633,73.5221
4087,-1987.5986,-1989.0774,3.1433496,0.04963379,77.484474
4088,-1987.6447,-1988.9341,3.0137613,0.046777345,77.02858
4089,-1989.4214,-1988.9828,2.733757,0.04873047,76.45475
4090,-1988.5212,-1988.9366,2.4795537,0.045556642,73.188896
4091,-1986.9694,-1988.7399,2.5799172,0.04729004,72.2982
4092,-1987.6251,-1988.6284,2.4337647,0.046826173,72.43063
4093,-1987.739,-1988.5394,2.2615817,0.047753908,74.34878
4094,-1988.387,-1988.5242,2.0375156,0.04848633,73.53673
4095,-1987.6345,-1988.4352,1.9049966,0.04814453,76.78302
4096,-1987.9731,-1988.3889,1.7337099,0.04794922,76.17064
4097,-1985.2979,-1988.0798,2.4202602,0.04709473,76.35362
4098,-1991.5344,-1988.4253,3.2523115,0.046166994,75.11825
4099,-1989.4979,-1988.5326,3.0306287,0.045385744,75.52079
4100,-1989.698,-1988.6492,2.849801,0.04675293,72.05262
4101,-1988.8057,-1988.6648,2.567025,0.045019533,74.34638
4102,-1989.5986,-1988.7582,2.3888073,0.047802735,73.20237
4103,-1990.9355,-1988.976,2.5766103,0.04753418,73.75371
4104,-1988.1455,-1988.893,2.3810167,0.049414065,73.90622
4105,-1989.0796,-1988.9116,2.1460505,0.048413087,76.05542
4106,-1989.3624,-1988.9567,1.9497356,0.04790039,75.389595
4107,-1989.0277,-1988.9637,1.7552162,0.04921875,75.19191
4108,-1992.0496,-1989.2723,2.4366977,0.04951172,77.43451
4109,-1991.7214,-1989.5172,2.7328546,0.04851074,72.47242
4110,-1988.7351,-1989.439,2.5146208,0.050024416,74.77416
4111,-1988.5048,-1989.3456,2.341705,0.047802735,76.3793
4112,-1987.4844,-1989.1594,2.4193025,0.049682617,75.20774
4113,-1988.905,-1989.134,2.1831965,0.047973633,74.73993
4114,-1989.4988,-1989.1705,1.9768504,0.047070313,76.29852
4115,-1985.4147,-1988.7949,3.0487485,0.04782715,74.462036
4116,-1987.8962,-1988.7051,2.81656,0.046899416,74.37728
4117,-1987.9458,-1988.6292,2.5867894,0.04790039,74.80023
4118,-1988.1141,-1988.5776,2.351982,0.0454834,74.211395
4119,-1989.044,-1988.6243,2.1363537,0.04609375,75.39772
4120,-1988.6279,-1988.6246,1.9227196,0.04799805,75.34625
4121,-1989.9243,-1988.7546,1.8824733,0.047875978,75.14731
4122,-1991.1967,-1988.9988,2.230936,0.048754882,74.410164
4123,-1992.1538,-1989.3143,2.903721,0.04814453,74.63664
4124,-1991.2312,-1989.506,2.944044,0.047436524,74.64137
4125,-1988.7324,-1989.4286,2.7034953,0.046875,74.05082
4126,-1990.6525,-1989.551,2.5679543,0.049975585,76.39716
4127,-1988.0608,-1989.402,2.5110307,0.046411134,75.51818
4128,-1989.1345,-1989.3752,2.2663655,0.04897461,75.96012
4129,-1990.5149,-1989.4893,2.156621,0.04873047,77.20092
4130,-1988.8873,-1989.4291,1.9735674,0.04609375,73.49564
4131,-1989.3782,-1989.424,1.7764438,0.05112305,76.76938
4132,-1986.6077,-1989.1423,2.3126307,0.047509767,74.7595
4133,-1988.0037,-1989.0284,2.198059,0.051220704,74.186005
4134,-1987.219,-1988.8475,2.2729223,0.04934082,75.383125
4135,-1988.9333,-1988.8561,2.0462928,0.049169924,73.17512
4136,-1990.2576,-1988.9962,2.018439,0.049853515,72.79392
4137,-1989.3878,-1989.0354,1.8303967,0.04873047,74.435295
4138,-1990.1482,-1989.1467,1.7588047,0.04709473,74.587036
4139,-1992.9526,-1989.5273,2.8865683,0.049121093,76.04203
4140,-1991.4535,-1989.72,2.9318154,0.048706055,73.66469
4141,-1991.6431,-1989.9122,2.9714804,0.048583984,75.22478
4142,-1990.0818,-1989.9292,2.6769197,0.05029297,77.23006
4143,-1991.7003,-1990.1063,2.691545,0.047387697,77.80164
4144,-1990.707,-1990.1664,2.4548671,0.049243163,76.01245
4145,-1994.2843,-1990.5781,3.7355342,0.04699707,77.6687
4146,-1990.6558,-1990.5859,3.362523,0.048095703,75.6306
4147,-1987.468,-1990.2742,3.9011986,0.046728518,74.86532
4148,-1989.7599,-1990.2228,3.5348825,0.046313476,76.474335
4149,-1987.89,-1989.9895,3.6711547,0.049902346,75.99068
4150,-1989.92,-1989.9825,3.3044734,0.048828125,75.46506
4151,-1991.8895,-1990.1732,3.3013184,0.04807129,73.4715
4152,-1991.6936,-1990.3252,3.179228,0.04897461,75.09978
4153,-1993.1396,-1990.6067,3.5742085,0.048046876,75.36266
4154,-1991.7802,-1990.724,3.3407187,0.047314454,77.4493
4155,-1989.8856,-1990.6401,3.069906,0.04790039,77.17473
4156,-1989.5037,-1990.5265,2.879157,0.04885254,71.68751
4157,-1988.3735,-1990.3112,3.0084105,0.050317384,75.73042
4158,-1990.6472,-1990.3447,2.7177336,0.049731445,76.11802
4159,-1987.3112,-1990.0414,3.2741892,0.04807129,72.815315
4160,-1986.7355,-1989.7108,3.9303827,0.04836426,73.729225
4161,-1988.4233,-1989.582,3.686528,0.04824219,77.106735
4162,-1987.9802,-1989.4219,3.5487957,0.046606448,73.95434
4163,-1991.2722,-1989.6069,3.502055,0.048925783,74.6605
4164,-1991.5156,-1989.7979,3.4797287,0.047387697,75.33304
4165,-1989.4338,-1989.7615,3.1436813,0.05,75.71324
4166,-1990.7533,-1989.8606,2.917847,0.049121093,75.46829
4167,-1991.4028,-1990.0148,2.8401265,0.048681643,74.414566
4168,-1989.2152,-1989.9348,2.6136506,0.04782715,73.95139
4169,-1992.4778,-1990.1891,2.9342875,0.047924805,76.02301
4170,-1991.3169,-1990.3019,2.7553341,0.04741211,74.24757
4171,-1990.0981,-1990.2815,2.4835365,0.050048828,75.50447
4172,-1989.1296,-1990.1663,2.354592,0.047875978,77.279755
4173,-1989.2904,-1990.0786,2.1881738,0.04824219,75.158455
4174,-1989.6676,-1990.0375,1.98456,0.04851074,73.255295
4175,-1989.0933,-1989.9431,1.8663425,0.04709473,73.79
4176,-1990.387,-1989.9875,1.6974382,0.04963379,75.119934
4177,-1989.4756,-1989.9364,1.5512838,0.049047854,76.89263
4178,-1989.5774,-1989.9005,1.4077554,0.047387697,76.44057
4179,-1990.9485,-1990.0054,1.3658222,0.048901368,73.89053
4180,-1990.2264,-1990.0275,1.2336384,0.05029297,77.10792
4181,-1990.9413,-1990.1189,1.1854304,0.050561525,76.13585
4182,-1989.7991,-1990.0869,1.0760932,0.048779298,76.97379
4183,-1992.5719,-1990.3354,1.5242476,0.04807129,78.29882
4184,-1991.1738,-1990.4193,1.435082,0.04807129,78.1476
4185,-1990.1035,-1990.3877,1.3005491,0.047851562,77.14633
4186,-1991.5784,-1990.5067,1.2980876,0.049194336,75.520935
4187,-1990.9565,-1990.5518,1.1864899,0.0501709,74.41206
4188,-1989.3932,-1990.4359,1.1886464,0.048803713,76.464745
4189,-1988.9419,-1990.2865,1.2706699,0.048901368,74.74866
4190,-1988.9443,-1990.1523,1.305729,0.048559573,73.60368
4191,-1988.8596,-1990.0231,1.3255584,0.047265626,75.014275
4192,-1990.4895,-1990.0697,1.2125828,0.04863281,75.53069
4193,-1990.648,-1990.1276,1.1214179,0.04824219,75.029144
4194,-1992.3932,-1990.3541,1.4712511,0.050024416,73.100365
4195,-1989.4656,-1990.2653,1.3951828,0.04812012,74.532074
4196,-1990.4175,-1990.2805,1.25775,0.048168946,74.24375
4197,-1987.8447,-1990.037,1.665952,0.04790039,75.63113
4198,-1990.4822,-1990.0815,1.5171943,0.05041504,77.14713
4199,-1986.0817,-1989.6815,2.8053868,0.047265626,73.19911
4200,-1989.7122,-1989.6846,2.5249326,0.04812012,74.57958
4201,-1990.1648,-1989.7325,2.2931948,0.05,74.28972
4202,-1989.4976,-1989.709,2.0688448,0.046777345,73.15352
4203,-1988.8015,-1989.6183,1.9360754,0.047143556,73.67471
4204,-1988.4352,-1989.5,1.8684443,0.049829103,74.60387
4205,-1987.5631,-1989.3063,2.0192385,0.048315432,74.75973
4206,-1989.6014,-1989.3358,1.8251556,0.04753418,73.97346
4207,-1987.324,-1989.1346,2.0069153,0.047192384,73.79517
4208,-1992.556,-1989.4768,2.8597536,0.047680665,74.28611
4209,-1989.4655,-1989.4757,2.5737898,0.046557616,73.45592
4210,-1992.3837,-1989.7665,3.077471,0.047973633,74.23261
4211,-1991.3665,-1989.9265,3.0001168,0.049487304,78.73844
4212,-1992.7344,-1990.2073,3.4096727,0.050024416,77.639465
4213,-1990.5588,-1990.2424,3.079829,0.048681643,76.76809
4214,-1991.759,-1990.394,2.9788532,0.04963379,76.35323
4215,-1992.5696,-1990.6116,3.1069343,0.048217773,75.18419
4216,-1988.1296,-1990.3634,3.3506403,0.046801757,75.9805
4217,-1989.3552,-1990.2626,3.1070542,0.049560547,76.83142
4218,-1991.7319,-1990.4095,2.9906607,0.04572754,72.88032
4219,-1992.3804,-1990.6067,3.0411682,0.046582032,72.87958
4220,-1991.8105,-1990.727,2.8674858,0.045751955,74.48004
4221,-1990.7765,-1990.7319,2.5809572,0.046801757,74.31724
4222,-1989.9824,-1990.657,2.3734207,0.048559573,72.32758
4223,-1989.762,-1990.5675,2.208174,0.04819336,76.00021
4224,-1989.557,-1990.4664,2.079256,0.049291994,74.19352
4225,-1987.377,-1990.1575,2.7303689,0.046044923,72.57921
4226,-1988.6904,-1990.0107,2.6510308,0.04733887,73.515686
4227,-1988.1091,-1989.8206,2.7113788,0.048437502,72.98125
4228,-1986.7668,-1989.5151,3.2795045,0.048754882,73.11295
4229,-1987.3422,-1989.2979,3.3765173,0.046948243,75.695786
4230,-1989.5061,-1989.3187,3.0427687,0.04724121,74.8746
4231,-1988.2701,-1989.2139,2.8374493,0.046240237,73.37372
4232,-1991.27,-1989.4194,2.934203,0.048706055,74.215355
4233,-1992.9683,-1989.7743,3.7742589,0.04724121,74.62345
4234,-1987.7755,-1989.5745,3.7563937,0.047924805,75.63211
4235,-1988.96,-1989.5131,3.4147394,0.04782715,74.72427
4236,-1988.6982,-1989.4316,3.1330192,0.047875978,75.09334
4237,-1990.2234,-1989.5109,2.876135,0.04934082,74.563805
4238,-1991.4196,-1989.7018,2.9164007,0.048095703,76.251
4239,-1989.9802,-1989.7296,2.6317384,0.045922853,76.1623
4240,-1990.9153,-1989.8481,2.4950876,0.04802246,75.52362
4241,-1990.7139,-1989.9347,2.3130317,0.04790039,74.895134
4242,-1989.6462,-1989.9059,2.089217,0.050048828,74.64054
4243,-1991.8176,-1990.097,2.2092237,0.048828125,72.15108
4244,-1990.8218,-1990.1696,2.0355725,0.046484377,75.893814
4245,-1989.1716,-1990.0698,1.921642,0.049438477,74.72123
4246,-1992.7853,-1990.3413,2.39311,0.048681643,75.505424
4247,-1993.5608,-1990.6632,3.0866551,0.048168946,74.995514
4248,-1991.2617,-1990.723,2.8102288,0.04782715,75.32637
4249,-1992.5867,-1990.9094,2.841792,0.04873047,73.68237
4250,-1990.1465,-1990.8331,2.61,0.049902346,74.0875
4251,-1990.4294,-1990.7927,2.3636665,0.049707033,73.14549
4252,-1988.7764,-1990.5911,2.4932125,0.049169924,71.89497
4253,-1991.5103,-1990.683,2.3199332,0.049365234,74.82567
4254,-1990.8494,-1990.6996,2.0904312,0.049804688,72.47658
4255,-1990.0088,-1990.6305,1.924336,0.047387697,73.71695
4256,-1990.7338,-1990.6409,1.7328621,0.048217773,72.026405
4257,-1989.3972,-1990.5165,1.6987762,0.047851562,73.01487
4258,-1988.5527,-1990.3201,1.875965,0.047021486,75.04852
4259,-1989.8936,-1990.2775,1.7047406,0.050390627,75.95331
4260,-1990.9119,-1990.341,1.5704882,0.049438477,75.6687
4261,-1991.5812,-1990.465,1.5518757,0.049829103,74.17225
4262,-1990.7979,-1990.4983,1.4066613,0.048803713,74.77609
4263,-1992.3401,-1990.6825,1.5712945,0.04851074,75.875984
4264,-1990.2866,-1990.643,1.4282695,0.050024416,74.96401
4265,-1990.418,-1990.6205,1.2899978,0.049780276,76.03603
4266,-1989.8323,-1990.5416,1.2169125,0.05024414,75.508125
4267,-1992.1476,-1990.7023,1.32734,0.048461914,74.47969
4268,-1990.7446,-1990.7065,1.1947675,0.04902344,75.623276
4269,-1991.55,-1990.7909,1.1393259,0.047753908,75.45938
4270,-1991.4807,-1990.8599,1.0682199,0.048583984,73.81373
4271,-1991.7468,-1990.9486,1.0322012,0.047070313,72.19856
4272,-1991.3605,-1990.9897,0.94424796,0.047509767,69.47134
4273,-1990.8757,-1990.9784,0.8509931,0.047314454,72.14402
4274,-1990.6018,-1990.9407,0.7786574,0.047387697,71.09328
4275,-1990.0916,-1990.8557,0.7656822,0.048950195,71.34266
4276,-1989.115,-1990.6816,0.96182436,0.049853515,72.985794
4277,-1988.8159,-1990.4951,1.1789248,0.04748535,75.16787
4278,-1992.4524,-1990.6908,1.4058156,0.049609374,74.853645
4279,-1991.7225,-1990.794,1.3610376,0.04799805,71.72309
4280,-1991.1941,-1990.834,1.2393444,0.048291016,76.61457
4281,-1988.7128,-1990.6218,1.52037,0.049707033,73.21893
4282,-1989.3274,-1990.4924,1.5191332,0.048828125,73.07405
4283,-1990.1785,-1990.461,1.3760915,0.047875978,73.626205
4284,-1988.1356,-1990.2285,1.7251724,0.05012207,72.13793
4285,-1991.7034,-1990.376,1.7484225,0.047558594,73.816666
4286,-1991.2014,-1990.4585,1.6349018,0.05087891,73.3813
4287,-1989.7104,-1990.3837,1.5217732,0.047875978,74.36214
4288,-1990.4841,-1990.3937,1.3705043,0.04951172,75.4609
4289,-1991.1335,-1990.4677,1.2827203,0.049609374,74.23089
4290,-1992.1299,-1990.6339,1.4031194,0.051513672,73.65431
4291,-1991.4082,-1990.7113,1.3167651,0.047851562,73.268295
4292,-1992.721,-1990.9122,1.5485686,0.051586915,75.810844
4293,-1991.1758,-1990.9386,1.399963,0.04733887,74.04537
4294,-1990.379,-1990.8827,1.2881473,0.048291016,73.9323
4295,-1990.8475,-1990.8792,1.1594439,0.05041504,76.46342
4296,-1988.8531,-1990.6765,1.4129206,0.049169924,74.977646
4297,-1990.8945,-1990.6984,1.2759063,0.049804688,75.26166
4298,-1992.2307,-1990.8516,1.359644,0.047875978,74.90686
4299,-1990.6764,-1990.834,1.2264413,0.04741211,75.803276
4300,-1993.6425,-1991.1149,1.8136733,0.04802246,74.254776
4301,-1991.4369,-1991.1471,1.6416386,0.0486084,74.50021
4302,-1992.9526,-1991.3276,1.7708731,0.050024416,73.21514
4303,-1990.9952,-1991.2944,1.6037296,0.049047854,73.15547
4304,-1994.193,-1991.5842,2.1995049,0.04926758,72.6394
4305,-1991.4745,-1991.5732,1.9806381,0.0482666,74.52441
4306,-1991.2257,-1991.5385,1.7934445,0.04897461,74.09907
4307,-1991.5684,-1991.5415,1.6141804,0.050390627,75.124374
4308,-1989.6742,-1991.3547,1.7665784,0.0482666,72.90908
4309,-1991.1393,-1991.3333,1.5940983,0.048925783,77.38184
4310,-1991.4259,-1991.3425,1.435461,0.04758301,74.22419
4311,-1989.3983,-1991.1481,1.632112,0.046435546,74.935234
4312,-1993.2424,-1991.3575,1.8636719,0.04914551,74.65231
4313,-1990.262,-1991.248,1.7853315,0.04733887,75.75563
4314,-1991.4646,-1991.2697,1.6110188,0.04799805,75.54193
4315,-1991.4548,-1991.2882,1.4530032,0.047973633,75.441315
4316,-1991.2987,-1991.2893,1.3077127,0.047436524,74.41264
4317,-1992.1313,-1991.3735,1.2407544,0.04838867,74.84331
4318,-1993.5266,-1991.5889,1.5338953,0.04802246,72.65071
4319,-1992.9723,-1991.7272,1.552753,0.04724121,72.367195
4320,-1992.5331,-1991.8077,1.4559315,0.04782715,72.95235
4321,-1990.1879,-1991.6458,1.5464973,0.04926758,72.9109
4322,-1989.0359,-1991.3848,2.0048723,0.050439455,76.61388
4323,-1989.5442,-1991.2007,2.1092799,0.048583984,76.137665
4324,-1988.6201,-1990.9426,2.497691,0.04885254,74.02597
4325,-1991.1874,-1990.967,2.253313,0.04794922,74.51525
4326,-1992.9705,-1991.1674,2.3892133,0.04902344,74.53176
4327,-1993.6013,-1991.4108,2.6834664,0.047875978,74.65073
4328,-1993.8041,-1991.6501,2.9306338,0.049169924,71.83263
4329,-1992.2937,-1991.7145,2.674845,0.048803713,75.27209
4330,-1991.0989,-1991.653,2.4414673,0.049194336,73.06694
4331,-1990.393,-1991.527,2.3402066,0.04799805,73.43161
4332,-1989.9512,-1991.3694,2.3296707,0.049291994,71.0338
4333,-1989.9355,-1991.226,2.2817338,0.047802735,73.06217
4334,-1991.3867,-1991.2421,2.0558865,0.04897461,71.70975
4335,-1991.7976,-1991.2976,1.8780743,0.04873047,71.71791
4336,-1991.9324,-1991.3611,1.7265303,0.0501709,71.91777
4337,-1990.1531,-1991.2402,1.6852127,0.04758301,73.49263
4338,-1990.6376,-1991.1799,1.5493795,0.047753908,73.70812
4339,-1991.6952,-1991.2314,1.4183358,0.04848633,74.632675
4340,-1987.6586,-1990.8741,2.425392,0.04824219,71.43893
4341,-1990.9209,-1990.8788,2.1830494,0.048461914,74.86941
4342,-1990.261,-1990.817,1.9990952,0.047875978,72.19294
4343,-1992.2598,-1990.9613,1.9865229,0.045678712,73.23567
4344,-1991.8923,-1991.0544,1.8658842,0.05217285,74.69867
4345,-1994.5741,-1991.4064,2.7942119,0.048437502,70.41798
4346,-1993.0903,-1991.5747,2.7700055,0.04697266,71.37354
4347,-1991.2476,-1991.542,2.5026371,0.04851074,72.66785
4348,-1992.3069,-1991.6185,2.3050287,0.048095703,74.211105
4349,-1994.0531,-1991.8619,2.6079679,0.047558594,72.05699
4350,-1992.4138,-1991.9171,2.3745825,0.04609375,72.12593
4351,-1992.1365,-1991.9391,2.141455,0.047924805,69.97287
4352,-1990.7388,-1991.8191,2.056978,0.049902346,71.791115
4353,-1991.8063,-1991.8179,1.851295,0.048437502,72.51852
4354,-1994.1501,-1992.0511,2.1557212,0.049584962,72.23648
4355,-1994.6688,-1992.3129,2.5568495,0.0482666,75.09159
4356,-1993.3146,-1992.4131,2.3914723,0.048706055,74.050316
4357,-1990.0273,-1992.1746,2.6645842,0.047436524,72.02401
4358,-1992.2311,-1992.1802,2.3984132,0.04848633,75.87693
4359,-1993.0864,-1992.2708,2.232488,0.049047854,72.94345
4360,-1988.5515,-1991.8988,3.254185,0.04963379,73.26332
4361,-1991.9697,-1991.9059,2.9292192,0.048925783,73.949104
4362,-1992.6787,-1991.9832,2.6900508,0.050024416,72.453514
4363,-1993.6165,-1992.1465,2.6611362,0.049291994,71.656334
4364,-1992.0251,-1992.1344,2.3963475,0.04987793,71.40929
4365,-1993.0236,-1992.2233,2.2278671,0.047729492,73.12292
4366,-1991.7222,-1992.1731,2.0276794,0.049047854,71.3479
4367,-1994.8557,-1992.4414,2.4725907,0.049072266,71.62191
4368,-1990.8813,-1992.2854,2.4443722,0.048535157,70.51183
4369,-1990.2083,-1992.0776,2.5882442,0.047167968,70.4232
4370,-1989.0776,-1991.7776,3.1394198,0.05036621,72.880875
4371,-1990.7014,-1991.6699,2.9297109,0.04963379,71.54309
4372,-1992.282,-1991.7311,2.6704552,0.04885254,72.755325
4373,-1993.2847,-1991.8865,2.620637,0.047729492,73.18542
4374,-1992.5048,-1991.9482,2.3929782,0.049438477,76.60731
4375,-1992.7539,-1992.0288,2.2120988,0.049560547,72.94568
4376,-1993.2394,-1992.1499,2.1227822,0.049365234,74.6507
4377,-1992.1555,-1992.1505,1.9105067,0.04938965,75.28481
4378,-1992.1829,-1992.1538,1.7195503,0.04873047,72.64403
4379,-1992.5122,-1992.1897,1.5591556,0.049560547,72.47532
4380,-1992.6414,-1992.2349,1.4215997,0.0501709,73.20725
4381,-1992.302,-1992.2416,1.2798454,0.04975586,75.25546
4382,-1989.9031,-1992.0077,1.6440336,0.04934082,73.16915
4383,-1990.4016,-1991.847,1.7117842,0.049414065,73.72144
4384,-1989.6056,-1991.6229,1.9927765,0.048754882,71.62672
4385,-1986.4209,-1991.1028,4.228996,0.049536135,73.93276
4386,-1991.4497,-1991.1375,3.8169284,0.048779298,74.19132
4387,-1989.7534,-1990.999,3.607635,0.04733887,72.74202
4388,-1991.7095,-1991.0701,3.2922978,0.047851562,72.920166
4389,-1993.8049,-1991.3435,3.636221,0.048999023,70.440254
4390,-1994.3304,-1991.6422,4.075561,0.047680665,70.558304
4391,-1995.5293,-1992.0309,5.0278535,0.049731445,72.32305
4392,-1995.3376,-1992.3616,5.509189,0.051879883,73.0423
4393,-1992.3767,-1992.363,4.9582906,0.05024414,73.55833
4394,-1993.7029,-1992.4971,4.6240277,0.047802735,74.15475
4395,-1992.4438,-1992.4917,4.1618795,0.050927736,73.736694
4396,-1992.4531,-1992.4878,3.7458253,0.05126953,75.00206
4397,-1992.9719,-1992.5363,3.392337,0.0486084,75.53191
4398,-1991.7593,-1992.4585,3.107436,0.049951173,74.019424
4399,-1990.4788,-1992.2605,3.1494343,0.049316406,74.88216
4400,-1990.5924,-1992.0938,3.0849183,0.05161133,77.35264
4401,-1992.4785,-1992.1322,2.7897503,0.050976563,74.92489
4402,-1994.089,-1992.3279,2.8553867,0.04897461,74.38555
4403,-1995.6199,-1992.6571,3.545197,0.050732423,73.70919
4404,-1993.0847,-1992.6998,3.207134,0.04814453,72.76674
4405,-1993.6292,-1992.7927,2.964148,0.050927736,73.08057
4406,-1993.2441,-1992.8379,2.686073,0.050512698,74.079315
4407,-1991.2058,-1992.6747,2.6571975,0.05124512,75.892136
4408,-1995.5391,-1992.9612,3.129898,0.049169924,72.560646
4409,-1992.9248,-1992.9575,2.8170273,0.049414065,74.01433
4410,-1990.4441,-1992.7062,3.103883,0.049853515,74.85011
4411,-1992.5123,-1992.6868,2.7968767,0.05,75.27486
4412,-1992.229,-1992.641,2.5360484,0.049951173,73.89382
4413,-1990.4469,-1992.4216,2.7157068,0.048876952,76.844574
4414,-1989.9701,-1992.1765,2.9850395,0.050634768,73.995926
4415,-1991.7026,-1992.1292,2.7067459,0.048706055,73.05423
4416,-1992.1973,-1992.136,2.4364889,0.04987793,73.065895
4417,-1991.5386,-1992.0763,2.224961,0.048535157,74.32126
4418,-1991.4574,-1992.0144,2.036938,0.04987793,74.29297
4419,-1991.1292,-1991.9259,1.9037749,0.049804688,74.637054
4420,-1992.6427,-1991.9976,1.7596391,0.04963379,74.67026
4421,-1991.4956,-1991.9474,1.6063514,0.048779298,74.27287
4422,-1992.395,-1991.9922,1.4637499,0.04724121,73.64914
4423,-1994.8755,-1992.2805,2.0655828,0.0486084,74.44295
4424,-1992.061,-1992.2585,1.8633599,0.050146487,73.96074
4425,-1991.0789,-1992.1406,1.8022736,0.04770508,73.46227
4426,-1989.767,-1991.9033,2.1291287,0.049072266,75.61661
4427,-1992.1113,-1991.9241,1.9201099,0.047607422,74.636604
4428,-1989.7397,-1991.7057,2.157514,0.047070313,74.35469
4429,-1993.7773,-1991.9128,2.3280206,0.048559573,72.85856
4430,-1992.4431,-1991.9658,2.1205256,0.051049806,73.34007
4431,-1996.9225,-1992.4614,4.1196404,0.04782715,75.3785
4432,-1994.2771,-1992.643,4.0043764,0.049414065,73.2891
4433,-1997.6926,-1993.148,5.898875,0.05161133,74.2128
4434,-1993.8016,-1993.2134,5.3474455,0.04926758,73.70998
4435,-1993.571,-1993.2491,4.824214,0.047436524,73.01174
4436,-1992.3646,-1993.1606,4.4122066,0.04814453,73.26643
4437,-1993.419,-1993.1865,3.9769907,0.04951172,75.0899
4438,-1990.4933,-1992.9172,4.232109,0.049560547,74.72363
4439,-1992.9075,-1992.9163,3.8089066,0.04790039,72.75409
4440,-1992.0383,-1992.8285,3.497384,0.048437502,71.56934
4441,-1992.1548,-1992.7611,3.1884947,0.049658205,73.57738
4442,-1992.6245,-1992.7474,2.8713243,0.05065918,74.81585
4443,-1995.1011,-1992.9828,3.0827568,0.04963379,73.66518
4444,-1994.9613,-1993.1807,3.1267884,0.050512698,72.838715
4445,-1992.3657,-1993.0991,2.873881,0.047143556,71.96957
4446,-1993.4116,-1993.1304,2.595282,0.050634768,71.35648
4447,-1993.3557,-1993.153,2.340324,0.04934082,69.81488
4448,-1993.5171,-1993.1893,2.1182249,0.04863281,73.64344
4449,-1993.8658,-1993.257,1.9475927,0.049169924,72.32969
4450,-1994.9142,-1993.4227,2.0000095,0.047143556,73.97775
4451,-1993.7314,-1993.4536,1.808586,0.04838867,72.021866
4452,-1994.8188,-1993.5901,1.7954751,0.050073244,73.224106
4453,-1992.4641,-1993.4775,1.7300316,0.050488282,74.42578
4454,-1994.2457,-1993.5543,1.6101387,0.048754882,71.5559
4455,-1995.0449,-1993.7034,1.6490948,0.047753908,72.16197
4456,-1994.0408,-1993.737,1.4944309,0.049169924,73.67945
4457,-1991.0532,-1993.4686,1.9932566,0.04777832,70.98533
4458,-1991.3877,-1993.2605,2.183656,0.049682617,71.25029
4459,-1988.4441,-1992.7788,4.0530896,0.047729492,72.59033
4460,-1989.7002,-1992.471,4.5007877,0.050390627,74.272896
4461,-1989.5479,-1992.1786,4.8197126,0.04802246,73.17504
4462,-1992.7678,-1992.2375,4.368989,0.04814453,72.91355
4463,-1992.4222,-1992.256,3.9351602,0.047924805,73.74732
4464,-1991.771,-1992.2075,3.562813,0.05024414,73.445786
4465,-1991.2151,-1992.1083,3.2951746,0.048559573,73.28547
4466,-1993.8817,-1992.2856,3.2487142,0.049072266,74.537834
4467,-1990.2924,-1992.0863,3.2814298,0.047021486,72.24719
4468,-1992.9479,-1992.1725,3.0200944,0.048535157,74.19083
4469,-1996.0454,-1992.5598,4.068044,0.050830077,71.98691
4470,-1995.0648,-1992.8103,4.225994,0.0472168,72.4285
4471,-1995.5613,-1993.0854,4.4845033,0.049658205,72.30473
4472,-1992.117,-1992.9886,4.1204734,0.050317384,75.21513
4473,-1990.112,-1992.7009,4.4531536,0.05144043,72.95646
4474,-1992.5093,-1992.6818,4.0111437,0.050585937,75.88171
4475,-1990.3896,-1992.4525,4.08287,0.049462892,73.66228
4476,-1992.5283,-1992.4601,3.6751,0.04921875,76.9074
4477,-1990.75,-1992.2891,3.5707843,0.050708007,73.76584
4478,-1992.6058,-1992.3208,3.2227368,0.050610352,73.44526
4479,-1992.6019,-1992.3489,2.907576,0.050268557,74.65217
4480,-1995.1923,-1992.6332,3.344453,0.05012207,74.487915
4481,-1992.6104,-1992.6309,3.0100546,0.049731445,73.86852
4482,-1994.4578,-1992.8136,3.0094311,0.048779298,75.26276
4483,-1992.2141,-1992.7537,2.7408326,0.050463866,72.84706
4484,-1996.6975,-1993.1481,3.8666034,0.04975586,73.859474
4485,-1991.1279,-1992.946,3.8472304,0.05036621,72.65151
4486,-1993.8708,-1993.0386,3.5394812,0.048413087,75.42918
4487,-1994.4175,-1993.1765,3.3566575,0.048461914,74.11893
4488,-1994.6327,-1993.3221,3.2118323,0.047387697,72.535095
4489,-1995.6738,-1993.5574,3.388387,0.04934082,73.308525
4490,-1995.7244,-1993.774,3.4721754,0.04902344,72.70685
4491,-1993.6649,-1993.7632,3.1260295,0.04790039,72.831535
4492,-1993.3638,-1993.7233,2.8277843,0.050048828,74.31416
4493,-1990.1755,-1993.3685,3.6777806,0.050512698,72.22899
4494,-1992.0538,-1993.237,3.4655612,0.04758301,73.86179
4495,-1990.0017,-1992.9136,4.06108,0.048535157,72.80901
4496,-1992.0563,-1992.8279,3.7211187,0.04909668,72.53879
4497,-1993.9534,-1992.9404,3.463012,0.050146487,73.91877
4498,-1992.4944,-1992.8959,3.1346166,0.048095703,74.46739
4499,-1992.0695,-1992.8132,2.8826218,0.049584962,73.454956
4500,-1996.4305,-1993.1749,3.772003,0.050195314,73.71454
4501,-1995.0267,-1993.3601,3.7034292,0.048876952,73.25591
4502,-1996.8444,-1993.7085,4.425688,0.051049806,74.588196
4503,-1996.8535,-1994.023,4.873322,0.05075684,73.46711
4504,-1996.9321,-1994.3138,5.147689,0.048315432,73.29886
4505,-1996.0908,-1994.4916,4.917108,0.048925783,73.349976
4506,-1995.6648,-1994.6089,4.5492764,0.05036621,73.3157
4507,-1994.9813,-1994.6461,4.106832,0.049609374,74.62503
4508,-1993.8894,-1994.5704,3.747684,0.049072266,73.64355
4509,-1993.8501,-1994.4984,3.419615,0.04851074,75.5218
4510,-1994.5896,-1994.5076,3.0784018,0.04938965,75.75466
4511,-1994.8137,-1994.5382,2.7789972,0.050219726,72.854805
4512,-1994.6038,-1994.5448,2.5014842,0.04975586,71.6857
4513,-1993.4305,-1994.4333,2.363077,0.052661132,72.861084
4514,-1994.7966,-1994.4697,2.1386468,0.049462892,72.74844
4515,-1995.8613,-1994.6089,2.099072,0.046899416,74.13953
4516,-1994.1511,-1994.5631,1.9080241,0.050805666,71.667946
4517,-1992.51,-1994.3578,2.0965915,0.04873047,72.66015
4518,-1993.016,-1994.2236,2.04897,0.050439455,73.743
4519,-1990.1793,-1993.8192,3.316154,0.04934082,72.27503
4520,-1991.4653,-1993.5839,3.483207,0.049438477,73.51983
4521,-1993.5356,-1993.5791,3.1350954,0.050048828,75.04246
4522,-1990.146,-1993.2358,3.8823452,0.05090332,72.909
4523,-1992.3682,-1993.149,3.5618682,0.05075684,75.6471
4524,-1990.7249,-1992.9066,3.7345858,0.049169924,74.54084
4525,-1992.5109,-1992.8671,3.375223,0.049707033,72.85761
4526,-1993.1328,-1992.8937,3.0440564,0.04897461,73.071754
4527,-1993.2039,-1992.9247,2.7483096,0.049853515,73.88995
4528,-1993.1902,-1992.9512,2.4798229,0.0515625,74.73152
4529,-1988.5083,-1992.5068,4.00836,0.05012207,73.26664
4530,-1994.012,-1992.6573,3.8114104,0.048583984,75.86461
4531,-1992.7288,-1992.6646,3.4307282,0.051293947,75.60803
4532,-1991.7292,-1992.571,3.1663866,0.04934082,73.22429
4533,-1993.7314,-1992.6871,2.9709353,0.050097656,75.15501
4534,-1991.456,-1992.564,2.8102417,0.049414065,75.03419
4535,-1991.7847,-1992.4861,2.583875,0.049291994,72.82553
4536,-1992.4128,-1992.4788,2.3259702,0.04909668,74.45545
4537,-1994.9598,-1992.7268,2.6473908,0.05185547,74.783325
4538,-1996.5352,-1993.1077,3.687969,0.05251465,74.268234
4539,-1995.8318,-1993.3801,3.9870474,0.0486084,75.2393
4540,-1993.8391,-1993.426,3.6073024,0.050439455,76.18804
4541,-1996.8766,-1993.7711,4.3181458,0.051098634,75.3329
4542,-1995.0973,-1993.9037,4.044617,0.049169924,73.63048
4543,-1995.0897,-1994.0223,3.7667565,0.050561525,73.90833
4544,-1992.897,-1993.9098,3.5040612,0.052221682,73.01385
4545,-1991.5625,-1993.675,3.6495345,0.04934082,74.48654
4546,-1989.9617,-1993.3037,4.5256076,0.04885254,75.56177
4547,-1992.5347,-1993.2268,4.126275,0.049975585,72.8594
4548,-1990.773,-1992.9814,4.2555747,0.050024416,72.735756
4549,-1991.9873,-1992.8821,3.9189656,0.048461914,74.03682
4550,-1991.7534,-1992.7692,3.641718,0.048999023,73.73309
4551,-1992.0334,-1992.6956,3.3262613,0.050073244,73.30383
4552,-1991.7842,-1992.6044,3.0683897,0.051416017,75.43102
4553,-1992.1558,-1992.5596,2.779663,0.0501709,75.62623
4554,-1992.1411,-1992.5177,2.5174563,0.04921875,75.576385
4555,-1993.15,-1992.5809,2.3016958,0.04863281,73.832405
4556,-1995.6877,-1992.8916,2.9402313,0.04741211,75.91016
4557,-1993.6677,-1992.9692,2.700421,0.051293947,73.487
4558,-1994.0393,-1993.0763,2.533433,0.049169924,72.909096
4559,-1994.7542,-1993.2441,2.5334578,0.04934082,73.71001
4560,-1995.7512,-1993.4949,2.8458025,0.04794922,71.63539
4561,-1994.6514,-1993.6105,2.6815953,0.048413087,71.32982
4562,-1992.709,-1993.5203,2.4865773,0.050439455,73.828476
4563,-1993.9336,-1993.5616,2.2532952,0.04963379,73.87226
4564,-1994.469,-1993.6523,2.1020608,0.049780276,72.01167
4565,-1993.0052,-1993.5876,1.9295405,0.05168457,71.00175
4566,-1991.2795,-1993.3568,2.216048,0.051953126,72.17146
4567,-1990.1964,-1993.0408,2.8933747,0.049853515,72.609375
4568,-1991.491,-1992.8857,2.8202078,0.049902346,73.829445
4569,-1990.5574,-1992.653,3.0261042,0.049462892,76.26643
4570,-1990.5339,-1992.441,3.1276152,0.049560547,72.93076
4571,-1992.0945,-1992.4064,2.8256629,0.052368164,73.71602
4572,-1995.166,-1992.6824,3.2285035,0.048315432,72.257835
4573,-1994.833,-1992.8975,3.3219237,0.049487304,73.86709
4574,-1998.2043,-1993.4281,5.5244036,0.048437502,74.71238
4575,-1993.6709,-1993.4524,4.9772687,0.050732423,71.995155
4576,-1995.2686,-1993.634,4.7764015,0.049780276,74.244896
4577,-1994.9954,-1993.7701,4.4655504,0.048315432,72.552475
4578,-1991.6625,-1993.5593,4.4187984,0.04851074,72.967316
4579,-1993.0928,-1993.5127,3.9965088,0.04782715,73.99225
4580,-1991.6748,-1993.3289,3.9008634,0.04921875,73.97183
4581,-1994.3923,-1993.4352,3.6125655,0.050708007,72.145836
4582,-1991.7341,-1993.2651,3.5117302,0.04814453,70.37728
4583,-1995.4733,-1993.486,3.5993824,0.04802246,72.08211
4584,-1992.8687,-1993.4242,3.2737405,0.048339844,74.6401
4585,-1993.4,-1993.4218,2.946419,0.04836426,73.16876
4586,-1993.9691,-1993.4764,2.6787417,0.047167968,73.50895
4587,-1993.4408,-1993.4729,2.410982,0.049121093,73.348274
4588,-1993.9587,-1993.5215,2.1911273,0.04934082,73.03026
4589,-1994.1616,-1993.5854,2.0088942,0.049438477,72.48345
4590,-1993.978,-1993.6248,1.8218755,0.04638672,71.94122
4591,-1995.3799,-1993.8003,1.9169303,0.05041504,70.444275
4592,-1993.2274,-1993.743,1.7547741,0.047680665,70.11953
4593,-1995.7012,-1993.9388,1.924381,0.047558594,72.92491
4594,-1993.9175,-1993.9368,1.731984,0.047607422,70.89156
4595,-1995.6445,-1994.1075,1.8212667,0.049707033,72.55391
4596,-1995.946,-1994.2914,1.9433477,0.048681643,73.00095
4597,-1994.2107,-1994.2833,1.7495989,0.04697266,72.03444
4598,-1996.1536,-1994.4703,1.8894404,0.04770508,72.2195
4599,-1993.7139,-1994.3947,1.7519985,0.049316406,71.610794
4600,-1995.0977,-1994.465,1.6212778,0.04824219,72.59854
4601,-1995.2555,-1994.5441,1.515394,0.050854493,71.78067
4602,-1996.936,-1994.7832,1.8787904,0.049194336,71.68764
4603,-1993.624,-1994.6672,1.8118441,0.050561525,74.24771
4604,-1993.4679,-1994.5474,1.7601173,0.050097656,71.80369
4605,-1994.7312,-1994.5658,1.5871471,0.049682617,71.65506
4606,-1993.2648,-1994.4357,1.5807724,0.05090332,71.50862
4607,-1996.9055,-1994.6826,1.9717088,0.048803713,72.33662
4608,-1996.4781,-1994.8622,2.064692,0.048876952,74.67779
4609,-1998.4446,-1995.2205,3.0132442,0.048315432,70.6343
4610,-1993.4739,-1995.0458,2.986469,0.05024414,74.64339
4611,-1995.7067,-1995.1118,2.7271316,0.04951172,74.465614
4612,-1992.1274,-1994.8134,3.256003,0.047973633,73.09933
4613,-1994.4156,-1994.7736,2.9446378,0.047143556,72.95348
4614,-1994.8796,-1994.7842,2.6511867,0.05,74.94266
4615,-1998.516,-1995.1573,3.6394455,0.050805666,71.82484
4616,-1994.7605,-1995.1177,3.289675,0.050610352,70.80947
4617,-1996.5632,-1995.2622,3.1487744,0.050097656,73.60286
4618,-1993.5703,-1995.093,3.0915227,0.04799805,71.09992
4619,-1996.8235,-1995.2661,3.0518775,0.048046876,72.774
4620,-1993.6506,-1995.1046,2.981569,0.04848633,73.251595
4621,-1994.4587,-1995.04,2.7209558,0.049584962,73.437485
4622,-1994.5911,-1994.9951,2.4670022,0.048657227,72.48749
4623,-1994.7942,-1994.975,2.2239354,0.04851074,73.95023
4624,-1993.2062,-1994.7981,2.2831204,0.048999023,70.41363
4625,-1993.7224,-1994.6906,2.158947,0.047680665,71.55721
4626,-1996.4324,-1994.8647,2.216107,0.048828125,71.507225
4627,-1992.8962,-1994.6678,2.3432474,0.050073244,70.94551
4628,-1996.3235,-1994.8334,2.3556256,0.050512698,70.47172
4629,-1993.6084,-1994.7109,2.2551138,0.05075684,70.38
4630,-1993.1821,-1994.5581,2.2399554,0.048828125,70.99642
4631,-1991.7612,-1994.2784,2.7199855,0.05087891,71.82507
4632,-1994.885,-1994.3391,2.4810998,0.049291994,71.495705
4633,-1992.3076,-1994.136,2.6044168,0.048046876,72.10812
4634,-1992.9604,-1994.0184,2.4683452,0.050610352,70.74536
4635,-1992.3511,-1993.8517,2.4717183,0.048217773,71.933975
4636,-1993.7626,-1993.8428,2.2252612,0.048754882,72.276184
4637,-1989.9614,-1993.4546,3.3585722,0.048803713,70.740105
4638,-1993.1263,-1993.4218,3.032412,0.04838867,70.23177
4639,-1994.3473,-1993.5143,2.8062665,0.048291016,72.690094
4640,-1994.7025,-1993.633,2.6527104,0.048559573,73.69734
4641,-1994.1282,-1993.6826,2.409502,0.049487304,70.063774
4642,-1993.8756,-1993.7019,2.1719038,0.049853515,71.9844
4643,-1994.8928,-1993.821,2.082359,0.048095703,72.2554
4644,-1994.3813,-1993.8771,1.9023777,0.04921875,70.93471
4645,-1996.3447,-1994.1238,2.2601774,0.050048828,71.777565
4646,-1997.5199,-1994.4634,3.0721853,0.04851074,74.63528
4647,-1997.1765,-1994.7347,3.4274657,0.049609374,70.74147
4648,-1996.5511,-1994.9164,3.3816588,0.04921875,72.70098
4649,-1997.274,-1995.1521,3.5437658,0.04836426,73.41908
4650,-1996.2426,-1995.2611,3.2964072,0.048217773,71.837845
4651,-1992.4833,-1994.9833,3.661238,0.04938965,73.09858
4652,-1995.2002,-1995.005,3.299349,0.046948243,72.55427
4653,-1994.4268,-1994.9471,2.9995074,0.049438477,72.40263
4654,-1996.124,-1995.0648,2.8242106,0.05024414,73.41605
4655,-1994.692,-1995.0276,2.554298,0.049243163,72.86875
4656,-1994.7416,-1994.999,2.3062303,0.048168946,73.44439
4657,-1994.5063,-1994.9497,2.0974529,0.050073244,72.64363
4658,-1993.29,-1994.7837,2.1356122,0.0482666,74.110535
4659,-1994.2202,-1994.7273,1.9506266,0.04873047,71.69344
4660,-1995.7242,-1994.827,1.8450154,0.049121093,72.37878
4661,-1996.7406,-1995.0184,1.9900728,0.04873047,71.228516
4662,-1993.7872,-1994.8953,1.9274926,0.047021486,69.97229
4663,-1993.9752,-1994.8032,1.8109267,0.047436524,70.88521
4664,-1995.6818,-1994.8911,1.6992989,0.047143556,71.28411
4665,-1995.5525,-1994.9573,1.5687367,0.04765625,70.913704
4666,-1996.3109,-1995.0927,1.5767732,0.050097656,75.01621
4667,-1992.9265,-1994.876,1.8413894,0.049853515,71.132965
4668,-1996.4042,-1995.0288,1.8674355,0.05075684,70.72219
4669,-1994.7739,-1995.0033,1.6865388,0.04885254,71.505295
4670,-1994.2141,-1994.9243,1.573938,0.049926758,71.8458
4671,-1995.1014,-1994.942,1.4193678,0.04724121,71.78113
4672,-1994.7844,-1994.9263,1.2796662,0.048559573,72.77226
4673,-1995.5344,-1994.987,1.1849862,0.051538087,70.40206
4674,-1994.4495,-1994.9333,1.0924985,0.048461914,71.556625
4675,-1995.608,-1995.0009,1.0242164,0.049584962,71.213
4676,-1997.0146,-1995.2023,1.2867777,0.048901368,70.40641
4677,-1997.3921,-1995.4213,1.5896777,0.049560547,70.65206
4678,-1994.9597,-1995.3751,1.4498823,0.048657227,69.983154
4679,-1995.0161,-1995.3392,1.3164939,0.049584962,70.69626
4680,-1996.5212,-1995.4574,1.310587,0.050317384,73.310036
4681,-1993.505,-1995.2622,1.5225936,0.049121093,69.618324
4682,-1994.4741,-1995.1833,1.4262314,0.04897461,69.309586
4683,-1994.4568,-1995.1107,1.3311186,0.04770508,69.51206
4684,-1998.1152,-1995.4111,2.0104475,0.04711914,69.10661
4685,-1997.637,-1995.6337,2.2552915,0.047851562,71.89169
4686,-1997.6519,-1995.8354,2.39634,0.049951173,70.231514
4687,-1997.9618,-1996.0481,2.5636258,0.048168946,72.916405
4688,-1998.6792,-1996.3112,2.930307,0.04902344,70.09783
4689,-1997.876,-1996.4677,2.8576555,0.050268557,69.560425
4690,-1999.6927,-1996.7902,3.5080028,0.050219726,71.34204
4691,-1997.7999,-1996.8911,3.2489686,0.04814453,71.7961
4692,-1994.7101,-1996.673,3.3521922,0.049902346,72.539444
4693,-1995.7037,-1996.576,3.101521,0.050219726,71.422714
4694,-1995.8324,-1996.5017,2.8411405,0.050854493,72.01826
4695,-1997.4001,-1996.5916,2.6296735,0.049584962,73.334236
4696,-1993.1755,-1996.25,3.4169307,0.049487304,71.52879
4697,-1994.8234,-1996.1073,3.2584136,0.049365234,72.83414
4698,-1994.8917,-1995.9857,3.0655584,0.048779298,71.48473
4699,-1993.7021,-1995.7573,3.2283244,0.049609374,70.59968
4700,-1994.946,-1995.6761,2.9647274,0.050952148,69.18727
4701,-1993.7495,-1995.4835,3.0023277,0.049487304,70.70604
4702,-1992.764,-1995.2115,3.3676975,0.05,71.293274
4703,-1991.5588,-1994.8463,4.2317333,0.05029297,72.75507
4704,-1993.3896,-1994.7007,3.9995284,0.050219726,71.83387
4705,-1993.0969,-1994.5403,3.8310595,0.049462892,72.87221
4706,-1994.3022,-1994.5165,3.453053,0.049658205,70.63721
4707,-1994.8921,-1994.5541,3.1204453,0.04885254,72.19819
4708,-1996.039,-1994.7025,3.0068343,0.05114746,72.020996
4709,-1995.9866,-1994.8309,2.8545432,0.04819336,70.99605
4710,-1994.9354,-1994.8414,2.5700717,0.051708985,72.44107
4711,-1995.177,-1994.875,2.323199,0.050097656,72.69894
4712,-1996.3997,-1995.0275,2.3000915,0.050073244,76.28662
4713,-1997.387,-1995.2634,2.5711327,0.05144043,73.71458
4714,-1995.5469,-1995.2917,2.3212502,0.05029297,73.24031
4715,-1993.987,-1995.1613,2.2423239,0.050512698,71.08071
4716,-1994.85,-1995.1301,2.026812,0.049804688,72.598946
4717,-1992.9264,-1994.9098,2.2612114,0.05119629,69.740555
4718,-1994.2446,-1994.8433,2.07491,0.049853515,72.368
4719,-1994.7424,-1994.8331,1.8683338,0.04921875,73.62122
4720,-1994.5728,-1994.8071,1.687602,0.05209961,73.801414
4721,-1991.5671,-1994.4832,2.4636202,0.049804688,71.70403
4722,-1994.1167,-1994.4465,2.2293441,0.051586915,72.346825
4723,-1993.846,-1994.3865,2.038873,0.04902344,71.56422
4724,-1994.2408,-1994.372,1.8368943,0.050976563,72.30671
4725,-1994.7698,-1994.4117,1.6674489,0.04824219,70.90492
4726,-1995.4609,-1994.5166,1.5997767,0.049609374,69.05285
4727,-1997.4888,-1994.8138,2.2348394,0.050048828,70.77842
4728,-1997.229,-1995.0554,2.5363257,0.049243163,69.00984
4729,-1995.2795,-1995.0779,2.2872138,0.049047854,69.082985
4730,-1998.3145,-1995.4015,3.0012784,0.050219726,70.95568
4731,-1997.405,-1995.6018,3.062426,0.048315432,70.60989
4732,-1997.2974,-1995.7714,3.0149255,0.04765625,71.117035
4733,-1995.5391,-1995.7482,2.7182896,0.050708007,70.250305
4734,-1997.4515,-1995.9185,2.7075925,0.049780276,72.81498
4735,-1994.2263,-1995.7493,2.694533,0.04975586,72.06161
4736,-1993.4119,-1995.5155,2.9167902,0.049169924,70.06854
4737,-1994.4196,-1995.4059,2.73321,0.04790039,69.4261
4738,-1992.0056,-1995.0659,3.5004535,0.049584962,72.80599
4739,-1995.3848,-1995.0978,3.1595578,0.04963379,71.105736
4740,-1996.9102,-1995.279,3.1392262,0.051831055,71.44442
4741,-1994.6057,-1995.2117,2.8661082,0.050024416,72.61979
4742,-1996.4213,-1995.3326,2.711178,0.04897461,75.12491
4743,-1995.8003,-1995.3794,2.459743,0.05102539,73.51034
4744,-1996.0942,-1995.4509,2.259759,0.048779298,74.87834
4745,-1996.5891,-1995.5647,2.1503747,0.049780276,73.59818
4746,-1997.7098,-1995.7792,2.3494842,0.049584962,72.90223
4747,-1994.4916,-1995.6504,2.2637475,0.048779298,71.181625
4748,-1994.5984,-1995.5452,2.1369765,0.04848633,72.37322
4749,-1994.0432,-1995.395,2.1263065,0.050097656,72.70403
4750,-1994.4456,-1995.3,1.994809,0.050024416,71.17915
4751,-1994.6409,-1995.2341,1.8344347,0.04951172,71.3484
4752,-1997.6908,-1995.4797,2.1941595,0.05090332,72.23286
4753,-1995.2788,-1995.4596,1.978377,0.048657227,73.521576
4754,-1992.8303,-1995.1967,2.402716,0.048559573,71.34948
4755,-1995.2006,-1995.197,2.1624455,0.049072266,72.211235
4756,-1997.9353,-1995.4708,2.6210375,0.048779298,71.529106
4757,-1997.2921,-1995.653,2.6574721,0.050390627,73.45667
4758,-1993.7623,-1995.4639,2.7134264,0.05192871,73.90901
4759,-1994.4891,-1995.3665,2.5275927,0.049975585,72.49484
4760,-1994.2582,-1995.2556,2.3853784,0.049682617,73.7669
4761,-1996.6627,-1995.3964,2.3250353,0.049365234,71.9767
4762,-1995.3584,-1995.3926,2.0926616,0.04951172,74.92137
4763,-1997.5211,-1995.6055,2.2911568,0.04824219,71.70715
4764,-1993.0662,-1995.3516,2.642368,0.04758301,69.56721
4765,-1996.6461,-1995.481,2.52896,0.04926758,73.54951
4766,-1994.8351,-1995.4164,2.3136077,0.049536135,70.66876
4767,-1995.3601,-1995.4108,2.082532,0.04963379,72.16117
4768,-1996.2415,-1995.4939,1.9363825,0.049609374,73.179695
4769,-1996.2379,-1995.5684,1.792565,0.051879883,71.28575
4770,-1995.7904,-1995.5906,1.6177459,0.048876952,70.74208
4771,-1995.2285,-1995.5543,1.4677691,0.05078125,70.35549
4772,-1993.8553,-1995.3844,1.5807785,0.050341796,70.49356
4773,-1993.7275,-1995.2188,1.6697674,0.046606448,67.74876
4774,-1993.7163,-1995.0685,1.7059504,0.050854493,70.486176
4775,-1995.9014,-1995.1517,1.5977882,0.050390627,69.80493
4776,-1993.8724,-1995.0238,1.5853034,0.049975585,71.10622
4777,-1992.7822,-1994.7997,1.8789932,0.050585937,70.98901
4778,-1995.7653,-1994.8962,1.7750041,0.049121093,71.38774
4779,-1994.9445,-1994.9011,1.5977129,0.04897461,70.62532
4780,-1996.3049,-1995.0415,1.6153026,0.048413087,69.40845
4781,-1994.4625,-1994.9836,1.4839419,0.0472168,70.86804
4782,-1994.7379,-1994.9591,1.3409821,0.04963379,73.70144
4783,-1995.7928,-1995.0425,1.2694448,0.049707033,70.762985
4784,-1997.3301,-1995.2712,1.6134796,0.04819336,71.584885
4785,-1998.5497,-1995.5991,2.4194682,0.04812012,71.86152
4786,-1997.9644,-1995.8357,2.6810112,0.047607422,70.9572
4787,-1996.6373,-1995.9159,2.4707458,0.048779298,71.61445
4788,-1997.275,-1996.0518,2.3899224,0.048876952,70.25181
4789,-1995.5952,-1996.0061,2.169689,0.050195314,69.2697
4790,-1995.7742,-1995.9829,1.9575615,0.048779298,73.50035
4791,-1996.7854,-1996.0631,1.8197644,0.048413087,70.90719
4792,-1995.3477,-1995.9916,1.6838566,0.047558594,73.23889
4793,-1997.0344,-1996.0958,1.6133486,0.0519043,73.87578
4794,-1995.0839,-1995.9946,1.5441799,0.048779298,75.02031
4795,-1994.0405,-1995.7992,1.7334281,0.04909668,73.14816
4796,-1997.3613,-1995.9554,1.7797089,0.048046876,73.29862
4797,-1996.4529,-1996.0051,1.6240078,0.048291016,74.83954
4798,-1992.4114,-1995.6458,2.6239605,0.048461914,71.80776
4799,-1995.4058,-1995.6217,2.3667479,0.048901368,72.48624
4800,-1995.5767,-1995.6172,2.1302557,0.048583984,72.54593
4801,-1997.0251,-1995.7579,2.0956414,0.049658205,70.42282
4802,-1996.6934,-1995.8514,1.964829,0.049560547,72.12451
4803,-1994.8188,-1995.7482,1.8643084,0.05148926,74.72272
4804,-1994.6575,-1995.6392,1.7849436,0.051293947,72.781784
4805,-1996.7466,-1995.7499,1.7168237,0.051098634,73.60308
4806,-1995.7123,-1995.7461,1.5452685,0.05112305,70.57183
4807,-1997.74,-1995.9454,1.7485477,0.049682617,71.57586
4808,-1995.8523,-1995.9362,1.5744736,0.049121093,70.63349
4809,-1994.23,-1995.7655,1.6790198,0.0517334,71.315994
4810,-1996.7902,-1995.8679,1.6056111,0.049438477,73.306786
4811,-1997.2583,-1996.007,1.6190342,0.049829103,72.025475
4812,-1995.4921,-1995.9554,1.480991,0.048657227,72.56515
4813,-1995.9688,-1995.9568,1.3329079,0.04790039,71.03758
4814,-1995.9707,-1995.9581,1.1996344,0.04873047,71.77303
4815,-1995.5488,-1995.9172,1.0947485,0.050488282,71.35333
4816,-1995.9702,-1995.9225,0.9855262,0.051049806,73.79508
4817,-1994.7969,-1995.8099,1.0010034,0.051660158,72.452484
4818,-1994.1965,-1995.6486,1.1351794,0.050024416,69.991974
4819,-1996.0217,-1995.6859,1.0341945,0.048315432,72.772896
4820,-1994.3601,-1995.5533,1.0889734,0.049658205,74.315735
4821,-1997.3584,-1995.7339,1.2733157,0.047973633,72.98685
4822,-1997.4651,-1995.907,1.4157193,0.051831055,74.073586
4823,-1997.2518,-1996.0415,1.4369229,0.04782715,71.54871
4824,-1994.7627,-1995.9136,1.4404122,0.048217773,71.07803
4825,-1996.4943,-1995.9717,1.3267188,0.04863281,72.314705
4826,-1993.5249,-1995.727,1.7328516,0.048803713,71.05435
4827,-1996.117,-1995.766,1.5732478,0.04902344,70.22049
4828,-1996.5396,-1995.8434,1.4697785,0.05012207,71.65639
4829,-1999.3694,-1996.196,2.441742,0.050830077,70.7729
4830,-2000.5502,-1996.6315,3.903825,0.048437502,73.3339
4831,-1996.5481,-1996.6232,3.5140681,0.050146487,71.907646
4832,-1998.1804,-1996.7789,3.380914,0.05024414,69.63937
4833,-1994.2983,-1996.5309,3.5966222,0.05012207,69.540436
4834,-1994.3928,-1996.3171,3.6483774,0.04885254,71.37119
4835,-1996.1035,-1996.2958,3.2876468,0.0501709,70.79659
4836,-1996.5729,-1996.3235,2.9657927,0.050830077,70.152374
4837,-1999.2513,-1996.6162,3.4407244,0.050268557,70.12009
4838,-1997.2695,-1996.6815,3.1350663,0.0501709,70.00157
4839,-1996.4656,-1996.6599,2.8257565,0.04951172,72.227615
4840,-1997.2643,-1996.7203,2.5760546,0.05012207,71.42434
4841,-1998.8552,-1996.9338,2.728646,0.050219726,74.442345
4842,-1995.9197,-1996.8324,2.5483482,0.049316406,72.5208
4843,-1995.867,-1996.7358,2.3774025,0.050683595,71.84139
4844,-1996.1765,-1996.6799,2.1678183,0.0482666,72.96221
4845,-1995.209,-1996.5328,2.1457682,0.048217773,70.27421
4846,-1996.6251,-1996.5421,1.9319577,0.046533205,69.75039
4847,-1999.9253,-1996.8804,2.7688928,0.04807129,70.78146
4848,-1997.672,-1996.9595,2.5484037,0.04770508,70.438515
4849,-1997.567,-1997.0203,2.3267832,0.048291016,71.81152
4850,-1999.114,-1997.2296,2.4886458,0.048095703,71.428734
4851,-1997.4027,-1997.247,2.2424777,0.048779298,70.791885
4852,-1994.1266,-1996.9349,2.8945286,0.04819336,71.68381
4853,-1996.1523,-1996.8567,2.6601963,0.0519043,70.09418
4854,-1999.7622,-1997.1472,3.1539595,0.050097656,70.06122
4855,-2000.5074,-1997.4833,3.854766,0.05012207,68.95943
4856,-1998.3505,-1997.57,3.5369706,0.049438477,70.31136
4857,-1998.081,-1997.6211,3.2067845,0.048999023,69.449646
4858,-1997.0449,-1997.5635,2.9159837,0.050268557,71.212166
4859,-1999.5841,-1997.7655,2.9918501,0.050341796,71.85902
4860,-1996.9382,-1997.6827,2.7542589,0.047729492,69.410324
4861,-1998.25,-1997.7395,2.5077934,0.04777832,70.07512
4862,-1997.0769,-1997.6732,2.2965271,0.050927736,72.03116
4863,-1996.7375,-1997.5796,2.145667,0.047265626,71.02352
4864,-1995.023,-1997.324,2.5193775,0.050585937,69.14121
4865,-1999.1482,-1997.5063,2.5669394,0.049291994,70.178474
4866,-1995.6982,-1997.3256,2.6044774,0.05180664,69.80095
4867,-1995.4978,-1997.1428,2.644693,0.04938965,74.34736
4868,-1996.2153,-1997.05,2.457645,0.051098634,70.66036
4869,-1998.4653,-1997.1915,2.3921528,0.048828125,69.419464
4870,-1998.2821,-1997.3005,2.2599795,0.048461914,71.18561
4871,-2000.672,-1997.6377,3.0569882,0.050732423,74.096924
4872,-1998.7463,-1997.7485,2.8619072,0.047875978,70.722664
4873,-2000.1409,-1997.9878,3.09081,0.049438477,73.1766
4874,-1998.2568,-1998.0146,2.7882435,0.048168946,70.80234
4875,-1999.2488,-1998.1381,2.6464963,0.049560547,71.535385
4876,-2000.7065,-1998.3949,2.9755852,0.04951172,71.795685
4877,-2000.4685,-1998.6023,3.0650134,0.050317384,70.30849
4878,-1999.7544,-1998.7175,2.877972,0.05024414,72.342804
4879,-1998.6553,-1998.7113,2.5905235,0.046777345,71.62232
4880,-1997.5017,-1998.5903,2.463152,0.05053711,72.69136
4881,-1998.5803,-1998.5894,2.2168458,0.049902346,72.41431
4882,-1998.7849,-1998.6089,1.998603,0.05041504,71.305565
4883,-1996.4156,-1998.3895,2.2316687,0.05036621,72.86643
4884,-1995.9832,-1998.1489,2.5296583,0.050512698,70.69945
4885,-1997.98,-1998.1321,2.2792614,0.049804688,69.78273
4886,-1998.8223,-1998.201,2.094207,0.049902346,71.197266
4887,-1998.3564,-1998.2166,1.8869596,0.05041504,71.19586
4888,-1996.333,-1998.0282,2.0175602,0.048999023,73.273796
4889,-1995.8433,-1997.8097,2.2454596,0.05,71.53058
4890,-1997.5465,-1997.7833,2.0271475,0.04838867,73.29733
4891,-1997.9038,-1997.7954,1.8257393,0.049731445,71.84615
4892,-1997.1971,-1997.7356,1.6753784,0.049731445,71.60598
4893,-1998.4492,-1997.807,1.5536737,0.050683595,72.41361
4894,-1997.7725,-1997.8036,1.3984138,0.05090332,69.3397
4895,-1997.3289,-1997.7561,1.2788557,0.051635742,72.75844
4896,-1997.6716,-1997.7477,1.1516123,0.05131836,71.64105
4897,-1996.9816,-1997.671,1.0892746,0.049121093,72.53671
4898,-1994.9756,-1997.4015,1.6342303,0.048413087,72.27773
4899,-1995.2896,-1997.1903,1.8722327,0.049438477,73.401794
4900,-1999.125,-1997.3838,2.0218825,0.05124512,71.07593
4901,-1997.2157,-1997.367,1.8222371,0.051049806,71.07684
4902,-1996.7161,-1997.3019,1.6781414,0.051660158,70.04433
4903,-1997.8121,-1997.3529,1.5337595,0.049780276,71.0044
4904,-2000.5948,-1997.6771,2.3263013,0.050488282,72.09452
4905,-1999.2456,-1997.834,2.3150833,0.05024414,72.2095
4906,-1995.6536,-1997.616,2.5114558,0.050683595,69.734886
4907,-1997.1085,-1997.5652,2.2834852,0.050805666,71.91087
4908,-1996.53,-1997.4617,2.151576,0.04963379,70.5864
4909,-1999.022,-1997.6177,2.1555274,0.049609374,71.258224
4910,-1997.9519,-1997.6511,1.9500283,0.04863281,71.82784
4911,-2000.5671,-1997.9427,2.5203087,0.048754882,71.05468
4912,-1998.0137,-1997.9498,2.2687306,0.050195314,73.121376
4913,-1996.9283,-1997.8477,2.1357663,0.05065918,70.84978
4914,-1994.7595,-1997.5388,2.7804813,0.050585937,71.164406
4915,-1996.3402,-1997.419,2.6317327,0.047753908,71.197945
4916,-1994.4391,-1997.121,3.1677194,0.049609374,71.64542
4917,-1997.6558,-1997.1744,2.8766873,0.049194336,70.1644
4918,-1997.6127,-1997.2183,2.606303,0.048876952,70.01647
4919,-1998.5222,-1997.3486,2.4986994,0.050439455,72.12563
4920,-1997.2974,-1997.3435,2.249066,0.04987793,74.41244
4921,-1999.5378,-1997.563,2.4575195,0.049536135,71.54807
4922,-1996.406,-1997.4473,2.3322423,0.049780276,72.96668
4923,-1998.9187,-1997.5944,2.293879,0.048925783,71.35587
4924,-1995.7917,-1997.4141,2.3569381,0.049560547,74.68358
4925,-1997.5234,-1997.425,2.122321,0.050610352,70.973236
4926,-1997.1996,-1997.4025,1.9146638,0.048535157,71.87877
4927,-1996.5781,-1997.3201,1.7843558,0.04748535,69.395424
4928,-1998.0417,-1997.3922,1.6527941,0.049584962,71.01597
4929,-1995.6437,-1997.2174,1.7626784,0.048583984,71.70664
4930,-1998.151,-1997.3108,1.6648543,0.050610352,72.64096
4931,-1995.2886,-1997.1085,1.8664112,0.048583984,73.582085
4932,-1994.677,-1996.8654,2.2118754,0.048095703,70.660164
4933,-1997.1816,-1996.897,1.999691,0.04836426,71.44853
4934,-1997.6321,-1996.9705,1.8483564,0.05148926,72.058815
4935,-1996.3373,-1996.9071,1.6996031,0.0501709,72.178474
4936,-1994.2299,-1996.6394,2.174731,0.05065918,74.0826
4937,-1997.6573,-1996.7412,2.0505168,0.05131836,71.16648
4938,-1995.1018,-1996.5773,2.0873535,0.052490234,73.1967
4939,-1998.682,-1996.7877,2.2773104,0.051708985,72.89974
4940,-1996.5503,-1996.7639,2.0546527,0.05288086,70.288895
4941,-1998.9012,-1996.9777,2.2603233,0.049682617,70.158134
4942,-1993.3407,-1996.614,3.2247658,0.05075684,72.33024
4943,-1997.1976,-1996.6724,2.932944,0.048168946,71.49554
4944,-1997.0969,-1996.7148,2.6558723,0.047631837,68.300125
4945,-2000.0812,-1997.0515,3.4101827,0.050854493,70.70795
4946,-1996.1111,-1996.9575,3.1487613,0.050048828,69.74597
4947,-1996.3613,-1996.898,2.865875,0.05078125,70.36163
4948,-1998.4346,-1997.0516,2.7917957,0.05029297,69.51005
4949,-1997.3171,-1997.0781,2.5189602,0.050195314,69.70637
4950,-1996.998,-1997.0701,2.2676413,0.051513672,70.958565
4951,-1997.9382,-1997.1569,2.1087108,0.050268557,70.1601
4952,-1996.0853,-1997.0497,2.001176,0.048828125,72.27534
4953,-1996.1663,-1996.9613,1.8712978,0.05112305,70.780396
4954,-1995.9888,-1996.864,1.7692921,0.049609374,72.35457
4955,-1997.1085,-1996.8884,1.5977434,0.048168946,70.65872
4956,-1997.0955,-1996.9092,1.4418266,0.049560547,71.695946
4957,-1999.8032,-1997.1986,2.0514376,0.04863281,70.23962
4958,-1997.5535,-1997.2341,1.8576272,0.049609374,70.684746
4959,-2000.3894,-1997.5497,2.567882,0.0513916,72.1084
4960,-1999.3169,-1997.7264,2.5921671,0.048413087,70.20094
4961,-2000.5406,-1998.0078,3.0457299,0.05100098,70.8748
4962,-1997.9197,-1997.999,2.7418559,0.049316406,69.61731
4963,-1996.0347,-1997.8026,2.8149526,0.04790039,69.12372
4964,-1994.0914,-1997.4315,3.7730157,0.051416017,72.55707
4965,-1998.0588,-1997.4943,3.4311316,0.04873047,72.214935
4966,-1996.2916,-1997.374,3.2181885,0.04748535,70.22047
4967,-1999.1366,-1997.5503,3.1759694,0.05100098,72.205696
4968,-1996.5083,-1997.446,2.9560897,0.049780276,71.272545
4969,-1995.6626,-1997.2677,2.9467423,0.05075684,70.31057
4970,-1994.6262,-1997.0035,3.2800353,0.04951172,69.42352
4971,-1994.4302,-1996.7462,3.5480301,0.051513672,69.854454
4972,-1995.3364,-1996.6052,3.3721027,0.04812012,70.69815
4973,-1994.4136,-1996.3861,3.4671922,0.049316406,71.6339
4974,-1995.724,-1996.32,3.1599278,0.049975585,70.8928
4975,-1995.6761,-1996.2556,2.8812377,0.049414065,70.54202
4976,-1999.1686,-1996.5469,3.356796,0.04926758,70.98702
4977,-1997.3165,-1996.6238,3.0744293,0.046826173,68.65823
4978,-1999.8281,-1996.9442,3.691091,0.046557616,69.0763
4979,-1999.3104,-1997.1808,3.825888,0.048876952,70.923164
4980,-1997.2812,-1997.1908,3.4442074,0.05300293,71.80308
4981,-1997.42,-1997.2137,3.1045165,0.04934082,71.69455
4982,-1994.8132,-1996.9736,3.3126864,0.049584962,71.5926
4983,-1998.4758,-1997.1239,3.1845114,0.050805666,71.67557
4984,-1995.1183,-1996.9233,3.2280846,0.05036621,73.14833
4985,-1997.2524,-1996.9563,2.9150238,0.05136719,72.57847
4986,-1996.396,-1996.9003,2.651776,0.04938965,72.42639
4987,-1998.0928,-1997.0195,2.5145845,0.051049806,71.628456
4988,-1999.3158,-1997.2491,2.737681,0.0501709,71.64043
4989,-1997.3086,-1997.2551,2.4642308,0.049658205,71.43367
4990,-1999.5033,-1997.48,2.6726913,0.048437502,71.49834
4991,-1996.313,-1997.3633,2.5279906,0.049609374,70.77646
4992,-1997.7042,-1997.3973,2.285653,0.04777832,73.2427
4993,-1996.1165,-1997.2693,2.2047474,0.050146487,72.48707
4994,-1999.7329,-1997.5156,2.530522,0.049853515,74.3984
4995,-1996.5472,-1997.4188,2.3618689,0.049804688,72.52264
4996,-2000.0404,-1997.681,2.744224,0.05065918,71.05869
4997,-1995.0839,-1997.4213,3.0768769,0.04914551,69.897156
4998,-1995.632,-1997.2423,3.0573347,0.050585937,68.68925
4999,-1998.2168,-1997.3397,2.8370674,0.048681643,70.79363
